time,ueId,rnti,servingCell,servingRsrp,candidateCell,candidateRsrp,candidateLoad,candidateEffLoad,candidateCap,candidateIsNtn,backhaulDlSnr,backhaulUlSnr,finalChosenCell
6.5,5,36,1,-81.9013,3,-52.1773,7,7,20,0,-999,-999,0
6.5,5,36,1,-81.9013,2,-78.9682,2,2,20,0,-999,-999,0
6.5,5,36,1,-81.9013,4,-113.083,6,6,20,0,-999,-999,0
6.5,6,43,4,-69.7656,2,-97.6234,2,2,20,0,-999,-999,0
6.5,6,43,4,-69.7656,3,-97.6322,7,7,20,0,-999,-999,0
6.5,6,43,4,-69.7656,1,-108.186,5,5,20,0,-999,-999,0
6.5,7,37,1,-41.5593,2,-48.9407,2,2,20,0,-999,-999,0
6.5,7,37,1,-41.5593,4,-54.4761,6,6,20,0,-999,-999,0
6.5,7,37,1,-41.5593,3,-89.663,7,7,20,0,-999,-999,0
6.5,8,15,2,-42.1347,3,-53.0351,7,7,20,0,-999,-999,0
6.5,8,15,2,-42.1347,1,-79.8258,5,5,20,0,-999,-999,0
6.5,8,15,2,-42.1347,4,-91.3078,6,6,20,0,-999,-999,0
6.5,9,16,2,-59.964,1,-62.2784,5,5,20,0,-999,-999,0
6.5,9,16,2,-59.964,3,-81.3542,7,7,20,0,-999,-999,0
6.5,9,16,2,-59.964,4,-83.2754,6,6,20,0,-999,-999,0
6.5,10,50,3,-66.426,2,-75.2789,2,2,20,0,-999,-999,0
6.5,10,50,3,-66.426,1,-77.3709,5,5,20,0,-999,-999,0
6.5,10,50,3,-66.426,4,-86.8729,6,6,20,0,-999,-999,0
6.5,11,44,4,-89.1715,2,-63.0304,2,2,20,0,-999,-999,0
6.5,11,44,4,-89.1715,1,-87.4681,5,5,20,0,-999,-999,0
6.5,11,44,4,-89.1715,3,-92.4549,7,7,20,0,-999,-999,0
6.5,12,51,3,-48.2317,1,-55.4139,5,5,20,0,-999,-999,0
6.5,12,51,3,-48.2317,2,-90.51,2,2,20,0,-999,-999,0
6.5,12,51,3,-48.2317,4,-111.502,6,6,20,0,-999,-999,0
6.5,13,38,1,-64.7808,3,-44.6078,7,7,20,0,-999,-999,0
6.5,13,38,1,-64.7808,2,-62.9212,2,2,20,0,-999,-999,0
6.5,13,38,1,-64.7808,4,-72.7535,6,6,20,0,-999,-999,0
6.5,14,52,3,-80.4107,1,-82.7982,5,5,20,0,-999,-999,0
6.5,14,52,3,-80.4107,2,-85.3585,2,2,20,0,-999,-999,0
6.5,14,52,3,-80.4107,4,-109.231,6,6,20,0,-999,-999,0
6.5,15,53,3,-31.7114,1,-51.8447,5,5,20,0,-999,-999,0
6.5,15,53,3,-31.7114,4,-54.0518,6,6,20,0,-999,-999,0
6.5,15,53,3,-31.7114,2,-81.1813,2,2,20,0,-999,-999,0
6.5,16,45,4,-47.1916,2,-77.2609,2,2,20,0,-999,-999,0
6.5,16,45,4,-47.1916,1,-97.7569,5,5,20,0,-999,-999,0
6.5,16,45,4,-47.1916,3,-98.5795,7,7,20,0,-999,-999,0
6.5,17,46,4,-73.1468,1,-57.8999,5,5,20,0,-999,-999,0
6.5,17,46,4,-73.1468,2,-87.5101,2,2,20,0,-999,-999,0
6.5,17,46,4,-73.1468,3,-95.5375,7,7,20,0,-999,-999,0
6.5,18,54,3,-66.0774,1,-72.0164,5,5,20,0,-999,-999,0
6.5,18,54,3,-66.0774,2,-83.8267,2,2,20,0,-999,-999,0
6.5,18,54,3,-66.0774,4,-101.888,6,6,20,0,-999,-999,0
6.5,19,55,3,-57.9892,1,-56.8284,5,5,20,0,-999,-999,0
6.5,19,55,3,-57.9892,2,-74.0659,2,2,20,0,-999,-999,0
6.5,19,55,3,-57.9892,4,-102.297,6,6,20,0,-999,-999,0
6.5,20,57,3,-76.8341,1,-45.3632,5,5,20,0,-999,-999,0
6.5,20,57,3,-76.8341,2,-84.9378,2,2,20,0,-999,-999,0
6.5,20,57,3,-76.8341,4,-111.999,6,6,20,0,-999,-999,0
6.5,21,47,4,-59.0558,2,-92.3321,2,2,20,0,-999,-999,0
6.5,21,47,4,-59.0558,1,-102.406,5,5,20,0,-999,-999,0
6.5,21,47,4,-59.0558,3,-107.336,7,7,20,0,-999,-999,0
6.5,22,48,4,-84.0763,2,-80.9675,2,2,20,0,-999,-999,0
6.5,22,48,4,-84.0763,1,-97.2774,5,5,20,0,-999,-999,0
6.5,22,48,4,-84.0763,3,-99.7682,7,7,20,0,-999,-999,0
6.5,23,39,1,-41.5947,2,-57.8191,2,2,20,0,-999,-999,0
6.5,23,39,1,-41.5947,4,-72.9254,6,6,20,0,-999,-999,0
6.5,23,39,1,-41.5947,3,-78.4988,7,7,20,0,-999,-999,0
6.5,24,40,1,-76.8621,3,-79.9218,7,7,20,0,-999,-999,0
6.5,24,40,1,-76.8621,2,-82.1628,2,2,20,0,-999,-999,0
6.5,24,40,1,-76.8621,4,-107.545,6,6,20,0,-999,-999,0
8.5,5,36,1,-51.9181,3,-84.1967,20,20,20,0,-999,-999,0
8.5,5,36,1,-51.9181,2,-89.3081,10,10,20,0,-999,-999,0
8.5,5,36,1,-51.9181,4,-109.38,20,20,20,0,-999,-999,0
8.5,6,43,4,-64.4873,3,-87.9689,20,20,20,0,-999,-999,0
8.5,6,43,4,-64.4873,2,-101.181,10,10,20,0,-999,-999,0
8.5,6,43,4,-64.4873,1,-103.381,20,20,20,0,-999,-999,0
8.5,7,37,1,-51.3401,3,-71.8169,20,20,20,0,-999,-999,0
8.5,7,37,1,-51.3401,2,-72.6742,10,10,20,0,-999,-999,0
8.5,7,37,1,-51.3401,4,-84.1871,20,20,20,0,-999,-999,0
8.5,8,15,2,-46.1084,3,-73.5888,20,20,20,0,-999,-999,0
8.5,8,15,2,-46.1084,1,-78.5199,20,20,20,0,-999,-999,0
8.5,8,15,2,-46.1084,4,-95.2441,20,20,20,0,-999,-999,0
8.5,9,16,2,-75.3331,3,-74.395,20,20,20,0,-999,-999,0
8.5,9,16,2,-75.3331,4,-77.8796,20,20,20,0,-999,-999,0
8.5,9,16,2,-75.3331,1,-79.1323,20,20,20,0,-999,-999,0
8.5,10,50,3,-63.9818,1,-77.3785,20,20,20,0,-999,-999,0
8.5,10,50,3,-63.9818,2,-86.0271,10,10,20,0,-999,-999,0
8.5,10,50,3,-63.9818,4,-103.555,20,20,20,0,-999,-999,0
8.5,11,44,4,-94.7368,3,-77.1751,20,20,20,0,-999,-999,2
8.5,11,44,4,-94.7368,2,-79.8656,10,10,20,0,-999,-999,2
8.5,11,44,4,-94.7368,1,-84.7285,20,20,20,0,-999,-999,2
8.5,12,51,3,-75.5094,1,-90.0905,20,20,20,0,-999,-999,0
8.5,12,51,3,-75.5094,2,-94.3808,10,11,20,0,-999,-999,0
8.5,12,51,3,-75.5094,4,-113.196,20,20,20,0,-999,-999,0
8.5,13,38,1,-61.0525,3,-69.9313,20,20,20,0,-999,-999,0
8.5,13,38,1,-61.0525,2,-77.9604,10,11,20,0,-999,-999,0
8.5,13,38,1,-61.0525,4,-100.261,20,20,20,0,-999,-999,0
8.5,14,52,3,-87.1731,1,-78.713,20,20,20,0,-999,-999,0
8.5,14,52,3,-87.1731,2,-86.3113,10,11,20,0,-999,-999,0
8.5,14,52,3,-87.1731,4,-107.922,20,20,20,0,-999,-999,0
8.5,15,53,3,-46.2056,1,-64.4032,20,20,20,0,-999,-999,0
8.5,15,53,3,-46.2056,2,-83.4752,10,11,20,0,-999,-999,0
8.5,15,53,3,-46.2056,4,-94.7124,20,20,20,0,-999,-999,0
8.5,16,45,4,-63.9216,1,-84.9194,20,20,20,0,-999,-999,0
8.5,16,45,4,-63.9216,2,-94.7531,10,11,20,0,-999,-999,0
8.5,16,45,4,-63.9216,3,-103.618,20,20,20,0,-999,-999,0
8.5,17,46,4,-81.4425,2,-54.5253,10,11,20,0,-999,-999,0
8.5,17,46,4,-81.4425,1,-89.8096,20,20,20,0,-999,-999,0
8.5,17,46,4,-81.4425,3,-92.0319,20,20,20,0,-999,-999,0
8.5,18,54,3,-64.4615,1,-42.8041,20,20,20,0,-999,-999,0
8.5,18,54,3,-64.4615,2,-70.0814,10,11,20,0,-999,-999,0
8.5,18,54,3,-64.4615,4,-94.3382,20,20,20,0,-999,-999,0
8.5,19,55,3,-93.7732,1,-88.8685,20,20,20,0,-999,-999,0
8.5,19,55,3,-93.7732,2,-98.8589,10,11,20,0,-999,-999,0
8.5,19,55,3,-93.7732,4,-108.996,20,20,20,0,-999,-999,0
8.5,20,57,3,-51.0861,1,-53.2723,20,20,20,0,-999,-999,0
8.5,20,57,3,-51.0861,2,-85.8913,10,11,20,0,-999,-999,0
8.5,20,57,3,-51.0861,4,-113.109,20,20,20,0,-999,-999,0
8.5,21,47,4,-73.252,2,-82.3575,10,11,20,0,-999,-999,0
8.5,21,47,4,-73.252,1,-85.1823,20,20,20,0,-999,-999,0
8.5,21,47,4,-73.252,3,-106.943,20,20,20,0,-999,-999,0
8.5,22,48,4,-46.3264,2,-65.7229,10,11,20,0,-999,-999,0
8.5,22,48,4,-46.3264,1,-93.2952,20,20,20,0,-999,-999,0
8.5,22,48,4,-46.3264,3,-103.401,20,20,20,0,-999,-999,0
8.5,23,39,1,-51.7644,3,-49.1564,20,20,20,0,-999,-999,0
8.5,23,39,1,-51.7644,2,-61.5043,10,11,20,0,-999,-999,0
8.5,23,39,1,-51.7644,4,-68.1149,20,20,20,0,-999,-999,0
8.5,24,40,1,-61.989,3,-71.0281,20,20,20,0,-999,-999,0
8.5,24,40,1,-61.989,2,-76.0316,10,11,20,0,-999,-999,0
8.5,24,40,1,-61.989,4,-103.243,20,20,20,0,-999,-999,0
8.5,25,134,4,-89.1819,2,-64.0827,10,11,20,0,-999,-999,0
8.5,25,134,4,-89.1819,3,-106.895,20,20,20,0,-999,-999,0
8.5,25,134,4,-89.1819,1,-111.697,20,20,20,0,-999,-999,0
8.5,26,136,3,-76.3419,4,-57.4713,20,20,20,0,-999,-999,0
8.5,26,136,3,-76.3419,2,-81.8382,10,11,20,0,-999,-999,0
8.5,26,136,3,-76.3419,1,-92.5505,20,20,20,0,-999,-999,0
8.5,27,135,4,-79.3014,1,-68.9254,20,20,20,0,-999,-999,0
8.5,27,135,4,-79.3014,2,-84.4399,10,11,20,0,-999,-999,0
8.5,27,135,4,-79.3014,3,-95.7579,20,20,20,0,-999,-999,0
8.5,28,137,3,-74.1576,4,-74.1819,20,20,20,0,-999,-999,0
8.5,28,137,3,-74.1576,1,-83.4051,20,20,20,0,-999,-999,0
8.5,28,137,3,-74.1576,2,-83.7562,10,11,20,0,-999,-999,0
8.5,29,131,1,-78.054,4,-75.3319,20,20,20,0,-999,-999,0
8.5,29,131,1,-78.054,2,-76.9579,10,11,20,0,-999,-999,0
8.5,29,131,1,-78.054,3,-82.4364,20,20,20,0,-999,-999,0
8.5,30,132,1,-77.7594,3,-55.8837,20,20,20,0,-999,-999,0
8.5,30,132,1,-77.7594,2,-75.6741,10,11,20,0,-999,-999,0
8.5,30,132,1,-77.7594,4,-105.076,20,20,20,0,-999,-999,0
8.5,31,138,3,-85.1195,2,-84.9704,10,11,20,0,-999,-999,0
8.5,31,138,3,-85.1195,1,-90.1237,20,20,20,0,-999,-999,0
8.5,31,138,3,-85.1195,4,-116.715,20,20,20,0,-999,-999,0
8.5,32,136,4,-51.6001,2,-75.6176,10,11,20,0,-999,-999,0
8.5,32,136,4,-51.6001,3,-88.2764,20,20,20,0,-999,-999,0
8.5,32,136,4,-51.6001,1,-95.9442,20,20,20,0,-999,-999,0
8.5,33,133,1,-79.6463,3,-55.0197,20,20,20,0,-999,-999,0
8.5,33,133,1,-79.6463,2,-83.1839,10,11,20,0,-999,-999,0
8.5,33,133,1,-79.6463,4,-104.291,20,20,20,0,-999,-999,0
8.5,34,137,4,-85.9989,3,-77.0077,20,20,20,0,-999,-999,0
8.5,34,137,4,-85.9989,2,-92.9585,10,11,20,0,-999,-999,0
8.5,34,137,4,-85.9989,1,-102.352,20,20,20,0,-999,-999,0
8.5,35,134,1,-51.8558,3,-78.4225,20,20,20,0,-999,-999,0
8.5,35,134,1,-51.8558,2,-84.8648,10,11,20,0,-999,-999,0
8.5,35,134,1,-51.8558,4,-99.7726,20,20,20,0,-999,-999,0
8.5,36,138,4,-70.0615,3,-78.9542,20,20,20,0,-999,-999,0
8.5,36,138,4,-70.0615,1,-96.6893,20,20,20,0,-999,-999,0
8.5,36,138,4,-70.0615,2,-100.903,10,11,20,0,-999,-999,0
8.5,37,139,4,-69.3664,2,-59.0411,10,11,20,0,-999,-999,0
8.5,37,139,4,-69.3664,1,-80.3412,20,20,20,0,-999,-999,0
8.5,37,139,4,-69.3664,3,-96.7166,20,20,20,0,-999,-999,0
8.5,38,139,3,-68.2431,2,-58.6435,10,11,20,0,-999,-999,0
8.5,38,139,3,-68.2431,1,-62.227,20,20,20,0,-999,-999,0
8.5,38,139,3,-68.2431,4,-109.52,20,20,20,0,-999,-999,0
8.5,39,135,1,-55.316,4,-79.4933,20,20,20,0,-999,-999,0
8.5,39,135,1,-55.316,3,-83.0362,20,20,20,0,-999,-999,0
8.5,39,135,1,-55.316,2,-86.0916,10,11,20,0,-999,-999,0
8.5,40,140,4,-36.0798,2,-84.202,10,11,20,0,-999,-999,0
8.5,40,140,4,-36.0798,1,-90.6626,20,20,20,0,-999,-999,0
8.5,40,140,4,-36.0798,3,-96.8517,20,20,20,0,-999,-999,0
8.5,41,65,2,-77.6122,3,-52.0945,20,20,20,0,-999,-999,0
8.5,41,65,2,-77.6122,1,-85.6562,20,20,20,0,-999,-999,0
8.5,41,65,2,-77.6122,4,-86.5663,20,20,20,0,-999,-999,0
8.5,42,141,4,-80.704,3,-50.1951,20,20,20,0,-999,-999,0
8.5,42,141,4,-80.704,2,-82.0321,10,11,20,0,-999,-999,0
8.5,42,141,4,-80.704,1,-84.9143,20,20,20,0,-999,-999,0
8.5,43,140,3,-57.4007,1,-76.9553,20,20,20,0,-999,-999,0
8.5,43,140,3,-57.4007,2,-87.6912,10,11,20,0,-999,-999,0
8.5,43,140,3,-57.4007,4,-90.9085,20,20,20,0,-999,-999,0
8.5,44,141,3,-98.5641,4,-64.5896,20,20,20,0,-999,-999,0
8.5,44,141,3,-98.5641,2,-89.9648,10,11,20,0,-999,-999,0
8.5,44,141,3,-98.5641,1,-90.4042,20,20,20,0,-999,-999,0
8.5,45,136,1,-60.791,2,-77.7767,10,11,20,0,-999,-999,0
8.5,45,136,1,-60.791,3,-85.3693,20,20,20,0,-999,-999,0
8.5,45,136,1,-60.791,4,-104.092,20,20,20,0,-999,-999,0
8.5,46,142,4,-76.7643,2,-89.8853,10,11,20,0,-999,-999,0
8.5,46,142,4,-76.7643,3,-98.0729,20,20,20,0,-999,-999,0
8.5,46,142,4,-76.7643,1,-101.071,20,20,20,0,-999,-999,0
8.5,47,137,1,-45.6147,3,-55.5572,20,20,20,0,-999,-999,0
8.5,47,137,1,-45.6147,2,-76.0066,10,11,20,0,-999,-999,0
8.5,47,137,1,-45.6147,4,-100.063,20,20,20,0,-999,-999,0
8.5,48,143,4,-67.8676,1,-76.9164,20,20,20,0,-999,-999,0
8.5,48,143,4,-67.8676,2,-99.7987,10,11,20,0,-999,-999,0
8.5,48,143,4,-67.8676,3,-108.506,20,20,20,0,-999,-999,0
8.5,49,144,4,-68.8797,2,-74.7786,10,11,20,0,-999,-999,0
8.5,49,144,4,-68.8797,1,-84.3269,20,20,20,0,-999,-999,0
8.5,49,144,4,-68.8797,3,-101.765,20,20,20,0,-999,-999,0
8.5,50,142,3,-96.6669,1,-99.2221,20,20,20,0,-999,-999,0
8.5,50,142,3,-96.6669,2,-100.352,10,11,20,0,-999,-999,0
8.5,50,142,3,-96.6669,4,-104.156,20,20,20,0,-999,-999,0
8.5,51,143,3,-88.578,1,-85.7911,20,20,20,0,-999,-999,0
8.5,51,143,3,-88.578,2,-89.7753,10,11,20,0,-999,-999,0
8.5,51,143,3,-88.578,4,-98.3245,20,20,20,0,-999,-999,0
8.5,52,144,3,-85.9456,2,-53.0384,10,11,20,0,-999,-999,0
8.5,52,144,3,-85.9456,1,-72.2951,20,20,20,0,-999,-999,0
8.5,52,144,3,-85.9456,4,-110.056,20,20,20,0,-999,-999,0
8.5,53,145,3,-59.5994,2,-100.188,10,11,20,0,-999,-999,0
8.5,53,145,3,-59.5994,4,-101.081,20,20,20,0,-999,-999,0
8.5,53,145,3,-59.5994,1,-103.834,20,20,20,0,-999,-999,0
8.5,54,161,4,-85.102,3,-77.3393,20,20,20,0,-999,-999,0
8.5,54,161,4,-85.102,2,-86.2485,10,11,20,0,-999,-999,0
8.5,54,161,4,-85.102,1,-91.5791,20,20,20,0,-999,-999,0
8.5,55,162,4,-46.1798,1,-59.2111,20,20,20,0,-999,-999,0
8.5,55,162,4,-46.1798,2,-91.9084,10,11,20,0,-999,-999,0
8.5,55,162,4,-46.1798,3,-104.673,20,20,20,0,-999,-999,0
8.5,56,138,1,-60.7689,4,-56.9346,20,20,20,0,-999,-999,0
8.5,56,138,1,-60.7689,3,-80.017,20,20,20,0,-999,-999,0
8.5,56,138,1,-60.7689,2,-83.6621,10,11,20,0,-999,-999,0
8.5,57,146,3,-88.4947,1,-82.1629,20,20,20,0,-999,-999,0
8.5,57,146,3,-88.4947,2,-93.8865,10,11,20,0,-999,-999,0
8.5,57,146,3,-88.4947,4,-111.602,20,20,20,0,-999,-999,0
8.5,58,147,3,-76.9936,2,-90.7793,10,11,20,0,-999,-999,0
8.5,58,147,3,-76.9936,1,-95.4169,20,20,20,0,-999,-999,0
8.5,58,147,3,-76.9936,4,-111.697,20,20,20,0,-999,-999,0
8.5,59,139,1,-59.6608,3,-87.9816,20,20,20,0,-999,-999,0
8.5,59,139,1,-59.6608,2,-94.0774,10,11,20,0,-999,-999,0
8.5,59,139,1,-59.6608,4,-98.852,20,20,20,0,-999,-999,0
8.5,60,162,3,-48.0384,1,-61.0324,20,20,20,0,-999,-999,0
8.5,60,162,3,-48.0384,2,-85.0602,10,11,20,0,-999,-999,0
8.5,60,162,3,-48.0384,4,-106.928,20,20,20,0,-999,-999,0
8.5,61,163,4,-75.4581,3,-87.7268,20,20,20,0,-999,-999,0
8.5,61,163,4,-75.4581,2,-94.7435,10,11,20,0,-999,-999,0
8.5,61,163,4,-75.4581,1,-104.796,20,20,20,0,-999,-999,0
8.5,62,140,1,-44.6419,2,-85.8551,10,11,20,0,-999,-999,0
8.5,62,140,1,-44.6419,3,-89.1167,20,20,20,0,-999,-999,0
8.5,62,140,1,-44.6419,4,-94.9214,20,20,20,0,-999,-999,0
8.5,63,141,1,-90.6174,3,-93.4582,20,20,20,0,-999,-999,0
8.5,63,141,1,-90.6174,4,-95.4406,20,20,20,0,-999,-999,0
8.5,63,141,1,-90.6174,2,-98.1513,10,11,20,0,-999,-999,0
8.5,64,66,2,-87.9299,4,-86.0219,20,20,20,0,-999,-999,0
8.5,64,66,2,-87.9299,3,-91.5286,20,20,20,0,-999,-999,0
8.5,64,66,2,-87.9299,1,-94.7532,20,20,20,0,-999,-999,0
8.5,65,142,1,-77.1246,2,-85.136,10,11,20,0,-999,-999,0
8.5,65,142,1,-77.1246,4,-86.4439,20,20,20,0,-999,-999,0
8.5,65,142,1,-77.1246,3,-90.0993,20,20,20,0,-999,-999,0
8.5,66,67,2,-84.945,1,-63.4068,20,20,20,0,-999,-999,0
8.5,66,67,2,-84.945,3,-88.4072,20,20,20,0,-999,-999,0
8.5,66,67,2,-84.945,4,-95.3895,20,20,20,0,-999,-999,0
8.5,67,161,1,-98.6239,2,-64.8331,10,11,20,0,-999,-999,0
8.5,67,161,1,-98.6239,3,-83.1793,20,20,20,0,-999,-999,0
8.5,67,161,1,-98.6239,4,-99.273,20,20,20,0,-999,-999,0
8.5,68,162,1,-87.0699,2,-58.5817,10,11,20,0,-999,-999,0
8.5,68,162,1,-87.0699,3,-82.2407,20,20,20,0,-999,-999,0
8.5,68,162,1,-87.0699,4,-102.873,20,20,20,0,-999,-999,0
8.5,69,68,2,-52.1038,3,-80.5511,20,20,20,0,-999,-999,0
8.5,69,68,2,-52.1038,4,-81.9938,20,20,20,0,-999,-999,0
8.5,69,68,2,-52.1038,1,-91.9463,20,20,20,0,-999,-999,0
8.5,70,69,2,-100.73,4,-76.8134,20,20,20,0,-999,-999,0
8.5,70,69,2,-100.73,1,-88.1327,20,20,20,0,-999,-999,0
8.5,70,69,2,-100.73,3,-89.0415,20,20,20,0,-999,-999,0
8.5,71,70,2,-67.9248,1,-68.5993,20,20,20,0,-999,-999,0
8.5,71,70,2,-67.9248,3,-86.9495,20,20,20,0,-999,-999,0
8.5,71,70,2,-67.9248,4,-91.0791,20,20,20,0,-999,-999,0
8.5,72,163,1,-60.2985,2,-56.0485,10,11,20,0,-999,-999,0
8.5,72,163,1,-60.2985,4,-70.996,20,20,20,0,-999,-999,0
8.5,72,163,1,-60.2985,3,-89.8916,20,20,20,0,-999,-999,0
8.5,73,71,2,-82.62,4,-77.3885,20,20,20,0,-999,-999,0
8.5,73,71,2,-82.62,3,-85.5055,20,20,20,0,-999,-999,0
8.5,73,71,2,-82.62,1,-91.2449,20,20,20,0,-999,-999,0
8.5,74,72,2,-81.8768,3,-61.9508,20,20,20,0,-999,-999,0
8.5,74,72,2,-81.8768,4,-78.1709,20,20,20,0,-999,-999,0
8.5,74,72,2,-81.8768,1,-83.5304,20,20,20,0,-999,-999,0
10.5,5,36,1,-71.138,2,-82.4384,11,11,20,0,-999,-999,0
10.5,5,36,1,-71.138,3,-87.3707,20,20,20,0,-999,-999,0
10.5,5,36,1,-71.138,4,-95.5131,19,19,20,0,-999,-999,0
10.5,6,43,4,-74.894,2,-82.019,11,11,20,0,-999,-999,0
10.5,6,43,4,-74.894,3,-96.7574,20,20,20,0,-999,-999,0
10.5,6,43,4,-74.894,1,-103.849,20,20,20,0,-999,-999,0
10.5,7,37,1,-78.0554,2,-72.6956,11,11,20,0,-999,-999,0
10.5,7,37,1,-78.0554,3,-87.1338,20,20,20,0,-999,-999,0
10.5,7,37,1,-78.0554,4,-88.4725,19,19,20,0,-999,-999,0
10.5,8,15,2,-85.5488,3,-65.3564,20,20,20,0,-999,-999,0
10.5,8,15,2,-85.5488,1,-81.4901,20,20,20,0,-999,-999,0
10.5,8,15,2,-85.5488,4,-100.002,19,19,20,0,-999,-999,0
10.5,9,16,2,-81.1645,3,-49.8925,20,20,20,0,-999,-999,0
10.5,9,16,2,-81.1645,1,-64.7731,20,20,20,0,-999,-999,0
10.5,9,16,2,-81.1645,4,-90.2831,19,19,20,0,-999,-999,0
10.5,10,50,3,-41.7933,1,-81.2202,20,20,20,0,-999,-999,0
10.5,10,50,3,-41.7933,2,-85.2238,11,11,20,0,-999,-999,0
10.5,10,50,3,-41.7933,4,-97.5063,19,19,20,0,-999,-999,0
10.5,11,81,2,-83.0925,1,-61.7617,20,20,20,0,-999,-999,0
10.5,11,81,2,-83.0925,4,-87.8852,19,19,20,0,-999,-999,0
10.5,11,81,2,-83.0925,3,-92.2476,20,20,20,0,-999,-999,0
10.5,12,51,3,-48.4511,1,-84.8293,20,20,20,0,-999,-999,0
10.5,12,51,3,-48.4511,2,-90.5961,11,11,20,0,-999,-999,0
10.5,12,51,3,-48.4511,4,-100.554,19,19,20,0,-999,-999,0
10.5,13,38,1,-62.873,2,-73.1426,11,11,20,0,-999,-999,0
10.5,13,38,1,-62.873,3,-74.257,20,20,20,0,-999,-999,0
10.5,13,38,1,-62.873,4,-97.6434,19,19,20,0,-999,-999,0
10.5,14,52,3,-79.1304,2,-56.4181,11,11,20,0,-999,-999,0
10.5,14,52,3,-79.1304,1,-82.7254,20,20,20,0,-999,-999,0
10.5,14,52,3,-79.1304,4,-88.5988,19,19,20,0,-999,-999,0
10.5,15,53,3,-57.5788,2,-74.6923,11,11,20,0,-999,-999,0
10.5,15,53,3,-57.5788,1,-82.4774,20,20,20,0,-999,-999,0
10.5,15,53,3,-57.5788,4,-94.7826,19,19,20,0,-999,-999,0
10.5,16,45,4,-76.4514,2,-66.1181,11,11,20,0,-999,-999,0
10.5,16,45,4,-76.4514,1,-86.0908,20,20,20,0,-999,-999,0
10.5,16,45,4,-76.4514,3,-107.913,20,20,20,0,-999,-999,0
10.5,17,46,4,-81.1703,3,-71.9204,20,20,20,0,-999,-999,0
10.5,17,46,4,-81.1703,2,-81.1178,11,11,20,0,-999,-999,0
10.5,17,46,4,-81.1703,1,-91.0122,20,20,20,0,-999,-999,0
10.5,18,54,3,-72.3197,2,-68.0349,11,11,20,0,-999,-999,0
10.5,18,54,3,-72.3197,1,-69.969,20,20,20,0,-999,-999,0
10.5,18,54,3,-72.3197,4,-101.498,19,19,20,0,-999,-999,0
10.5,19,55,3,-85.7813,2,-59.6905,11,11,20,0,-999,-999,0
10.5,19,55,3,-85.7813,1,-78.4765,20,20,20,0,-999,-999,0
10.5,19,55,3,-85.7813,4,-115.042,19,19,20,0,-999,-999,0
10.5,20,57,3,-76.3547,2,-51.4929,11,11,20,0,-999,-999,0
10.5,20,57,3,-76.3547,4,-76.4402,19,19,20,0,-999,-999,0
10.5,20,57,3,-76.3547,1,-84.3247,20,20,20,0,-999,-999,0
10.5,21,47,4,-35.8904,2,-83.6929,11,11,20,0,-999,-999,0
10.5,21,47,4,-35.8904,1,-104.831,20,20,20,0,-999,-999,0
10.5,21,47,4,-35.8904,3,-110.278,20,20,20,0,-999,-999,0
10.5,22,48,4,-73.3862,3,-76.8393,20,20,20,0,-999,-999,0
10.5,22,48,4,-73.3862,1,-93.1143,20,20,20,0,-999,-999,0
10.5,22,48,4,-73.3862,2,-94.4233,11,11,20,0,-999,-999,0
10.5,23,39,1,-48.7705,2,-74.3769,11,11,20,0,-999,-999,0
10.5,23,39,1,-48.7705,3,-83.2359,20,20,20,0,-999,-999,0
10.5,23,39,1,-48.7705,4,-92.418,19,19,20,0,-999,-999,0
10.5,24,40,1,-72.371,4,-76.7567,19,19,20,0,-999,-999,0
10.5,24,40,1,-72.371,2,-77.5127,11,11,20,0,-999,-999,0
10.5,24,40,1,-72.371,3,-81.112,20,20,20,0,-999,-999,0
10.5,25,134,4,-83.9933,2,-61.396,11,11,20,0,-999,-999,2
10.5,25,134,4,-83.9933,3,-69.7789,20,20,20,0,-999,-999,2
10.5,25,134,4,-83.9933,1,-96.1274,20,20,20,0,-999,-999,2
10.5,26,136,3,-74.3062,2,-49.6791,11,12,20,0,-999,-999,0
10.5,26,136,3,-74.3062,1,-72.9376,20,20,20,0,-999,-999,0
10.5,26,136,3,-74.3062,4,-91.5928,19,19,20,0,-999,-999,0
10.5,27,135,4,-76.9334,2,-51.9227,11,12,20,0,-999,-999,0
10.5,27,135,4,-76.9334,1,-87.6558,20,20,20,0,-999,-999,0
10.5,27,135,4,-76.9334,3,-95.7452,20,20,20,0,-999,-999,0
10.5,28,137,3,-85.5794,1,-60.8883,20,20,20,0,-999,-999,0
10.5,28,137,3,-85.5794,2,-77.9688,11,12,20,0,-999,-999,0
10.5,28,137,3,-85.5794,4,-94.283,19,19,20,0,-999,-999,0
10.5,29,131,1,-54.5204,3,-69.2141,20,20,20,0,-999,-999,0
10.5,29,131,1,-54.5204,2,-83.3219,11,12,20,0,-999,-999,0
10.5,29,131,1,-54.5204,4,-105.122,19,19,20,0,-999,-999,0
10.5,30,132,1,-72.2436,2,-47.809,11,12,20,0,-999,-999,2
10.5,30,132,1,-72.2436,3,-79.5417,20,20,20,0,-999,-999,2
10.5,30,132,1,-72.2436,4,-104.672,19,19,20,0,-999,-999,2
10.5,31,138,3,-87.6973,1,-70.2846,20,20,20,0,-999,-999,0
10.5,31,138,3,-87.6973,2,-92.8792,11,13,20,0,-999,-999,0
10.5,31,138,3,-87.6973,4,-116.881,19,19,20,0,-999,-999,0
10.5,32,136,4,-62.5833,1,-93.1322,20,20,20,0,-999,-999,0
10.5,32,136,4,-62.5833,2,-95.7946,11,13,20,0,-999,-999,0
10.5,32,136,4,-62.5833,3,-98.9195,20,20,20,0,-999,-999,0
10.5,33,133,1,-61.1287,2,-79.1531,11,13,20,0,-999,-999,0
10.5,33,133,1,-61.1287,3,-84.4127,20,20,20,0,-999,-999,0
10.5,33,133,1,-61.1287,4,-101.753,19,19,20,0,-999,-999,0
10.5,34,137,4,-86.9481,1,-93.9421,20,20,20,0,-999,-999,0
10.5,34,137,4,-86.9481,2,-94.2591,11,13,20,0,-999,-999,0
10.5,34,137,4,-86.9481,3,-98.9339,20,20,20,0,-999,-999,0
10.5,35,134,1,-59.3715,3,-77.2576,20,20,20,0,-999,-999,0
10.5,35,134,1,-59.3715,2,-79.5514,11,13,20,0,-999,-999,0
10.5,35,134,1,-59.3715,4,-107.469,19,19,20,0,-999,-999,0
10.5,36,138,4,-73.6004,1,-90.3432,20,20,20,0,-999,-999,0
10.5,36,138,4,-73.6004,2,-97.7377,11,13,20,0,-999,-999,0
10.5,36,138,4,-73.6004,3,-100.336,20,20,20,0,-999,-999,0
10.5,37,139,4,-35.3716,1,-90.3954,20,20,20,0,-999,-999,0
10.5,37,139,4,-35.3716,2,-91.1288,11,13,20,0,-999,-999,0
10.5,37,139,4,-35.3716,3,-93.678,20,20,20,0,-999,-999,0
10.5,38,139,3,-80.3642,1,-73.007,20,20,20,0,-999,-999,0
10.5,38,139,3,-80.3642,2,-92.67,11,13,20,0,-999,-999,0
10.5,38,139,3,-80.3642,4,-99.5375,19,19,20,0,-999,-999,0
10.5,39,135,1,-75.4007,2,-80.1803,11,13,20,0,-999,-999,0
10.5,39,135,1,-75.4007,3,-86.477,20,20,20,0,-999,-999,0
10.5,39,135,1,-75.4007,4,-99.2184,19,19,20,0,-999,-999,0
10.5,40,140,4,-72.5059,3,-78.8829,20,20,20,0,-999,-999,0
10.5,40,140,4,-72.5059,2,-87.8935,11,13,20,0,-999,-999,0
10.5,40,140,4,-72.5059,1,-97.6822,20,20,20,0,-999,-999,0
10.5,41,65,2,-41.1233,3,-71.1849,20,20,20,0,-999,-999,0
10.5,41,65,2,-41.1233,1,-72.614,20,20,20,0,-999,-999,0
10.5,41,65,2,-41.1233,4,-86.0089,19,19,20,0,-999,-999,0
10.5,42,141,4,-45.4069,1,-82.9359,20,20,20,0,-999,-999,0
10.5,42,141,4,-45.4069,3,-87.5531,20,20,20,0,-999,-999,0
10.5,42,141,4,-45.4069,2,-96.8313,11,13,20,0,-999,-999,0
10.5,43,140,3,-59.6215,1,-75.5816,20,20,20,0,-999,-999,0
10.5,43,140,3,-59.6215,2,-86.2816,11,13,20,0,-999,-999,0
10.5,43,140,3,-59.6215,4,-98.894,19,19,20,0,-999,-999,0
10.5,44,141,3,-93.6601,2,-85.5548,11,13,20,0,-999,-999,2
10.5,44,141,3,-93.6601,1,-87.0553,20,20,20,0,-999,-999,2
10.5,44,141,3,-93.6601,4,-98.4391,19,19,20,0,-999,-999,2
10.5,45,136,1,-53.8669,3,-57.0621,20,20,20,0,-999,-999,0
10.5,45,136,1,-53.8669,4,-71.9361,19,19,20,0,-999,-999,0
10.5,45,136,1,-53.8669,2,-76.068,11,14,20,0,-999,-999,0
10.5,46,142,4,-74.1264,3,-78.0999,20,20,20,0,-999,-999,0
10.5,46,142,4,-74.1264,2,-90.4072,11,14,20,0,-999,-999,0
10.5,46,142,4,-74.1264,1,-102.034,20,20,20,0,-999,-999,0
10.5,47,137,1,-56.2693,2,-44.3631,11,14,20,0,-999,-999,0
10.5,47,137,1,-56.2693,4,-80.9184,19,19,20,0,-999,-999,0
10.5,47,137,1,-56.2693,3,-81.66,20,20,20,0,-999,-999,0
10.5,48,143,4,-69.3872,3,-88.7483,20,20,20,0,-999,-999,0
10.5,48,143,4,-69.3872,1,-92.6244,20,20,20,0,-999,-999,0
10.5,48,143,4,-69.3872,2,-101.752,11,14,20,0,-999,-999,0
10.5,49,144,4,-69.9282,1,-72.1545,20,20,20,0,-999,-999,0
10.5,49,144,4,-69.9282,2,-95.8713,11,14,20,0,-999,-999,0
10.5,49,144,4,-69.9282,3,-103.443,20,20,20,0,-999,-999,0
10.5,50,142,3,-98.7745,2,-65.3763,11,14,20,0,-999,-999,0
10.5,50,142,3,-98.7745,4,-66.3934,19,19,20,0,-999,-999,0
10.5,50,142,3,-98.7745,1,-90.2142,20,20,20,0,-999,-999,0
10.5,51,143,3,-83.8864,2,-53.7418,11,14,20,0,-999,-999,0
10.5,51,143,3,-83.8864,1,-94.7444,20,20,20,0,-999,-999,0
10.5,51,143,3,-83.8864,4,-101.262,19,19,20,0,-999,-999,0
10.5,52,144,3,-63.8356,2,-54.2126,11,14,20,0,-999,-999,2
10.5,52,144,3,-63.8356,1,-82.4752,20,20,20,0,-999,-999,2
10.5,52,144,3,-63.8356,4,-111.021,19,19,20,0,-999,-999,2
10.5,53,145,3,-83.1395,1,-89.109,20,20,20,0,-999,-999,0
10.5,53,145,3,-83.1395,2,-97.2785,11,15,20,0,-999,-999,0
10.5,53,145,3,-83.1395,4,-106.316,19,19,20,0,-999,-999,0
10.5,54,161,4,-42.2433,2,-46.8041,11,15,20,0,-999,-999,0
10.5,54,161,4,-42.2433,1,-85.238,20,20,20,0,-999,-999,0
10.5,54,161,4,-42.2433,3,-96.1262,20,20,20,0,-999,-999,0
10.5,55,162,4,-41.1276,1,-84.873,20,20,20,0,-999,-999,0
10.5,55,162,4,-41.1276,2,-88.6892,11,15,20,0,-999,-999,0
10.5,55,162,4,-41.1276,3,-89.1741,20,20,20,0,-999,-999,0
10.5,56,138,1,-23.829,4,-54.1293,19,19,20,0,-999,-999,0
10.5,56,138,1,-23.829,2,-75.2241,11,15,20,0,-999,-999,0
10.5,56,138,1,-23.829,3,-78.8945,20,20,20,0,-999,-999,0
10.5,57,146,3,-89.984,1,-72.4271,20,20,20,0,-999,-999,0
10.5,57,146,3,-89.984,2,-86.3411,11,15,20,0,-999,-999,0
10.5,57,146,3,-89.984,4,-88.4992,19,19,20,0,-999,-999,0
10.5,58,147,3,-85.8704,2,-83.1937,11,15,20,0,-999,-999,0
10.5,58,147,3,-85.8704,1,-89.9342,20,20,20,0,-999,-999,0
10.5,58,147,3,-85.8704,4,-110.331,19,19,20,0,-999,-999,0
10.5,59,139,1,-67.3652,2,-55.8877,11,15,20,0,-999,-999,0
10.5,59,139,1,-67.3652,3,-69.5394,20,20,20,0,-999,-999,0
10.5,59,139,1,-67.3652,4,-71.817,19,19,20,0,-999,-999,0
10.5,60,162,3,-88.2825,1,-65.1909,20,20,20,0,-999,-999,0
10.5,60,162,3,-88.2825,2,-88.8999,11,15,20,0,-999,-999,0
10.5,60,162,3,-88.2825,4,-113.138,19,19,20,0,-999,-999,0
10.5,61,163,4,-77.5979,2,-94.6439,11,15,20,0,-999,-999,0
10.5,61,163,4,-77.5979,3,-95.6967,20,20,20,0,-999,-999,0
10.5,61,163,4,-77.5979,1,-98.3658,20,20,20,0,-999,-999,0
10.5,62,140,1,-82.688,2,-83.5116,11,15,20,0,-999,-999,0
10.5,62,140,1,-82.688,3,-83.8987,20,20,20,0,-999,-999,0
10.5,62,140,1,-82.688,4,-99.2918,19,19,20,0,-999,-999,0
10.5,63,141,1,-67.7609,3,-58.4742,20,20,20,0,-999,-999,0
10.5,63,141,1,-67.7609,4,-97.0495,19,19,20,0,-999,-999,0
10.5,63,141,1,-67.7609,2,-97.9965,11,15,20,0,-999,-999,0
10.5,64,66,2,-81.3099,4,-87.9641,19,19,20,0,-999,-999,0
10.5,64,66,2,-81.3099,1,-94.7155,20,20,20,0,-999,-999,0
10.5,64,66,2,-81.3099,3,-95.6875,20,20,20,0,-999,-999,0
10.5,65,142,1,-68.1066,3,-68.8622,20,20,20,0,-999,-999,0
10.5,65,142,1,-68.1066,4,-96.0514,19,19,20,0,-999,-999,0
10.5,65,142,1,-68.1066,2,-96.8795,11,15,20,0,-999,-999,0
10.5,66,67,2,-91.9865,3,-67.5446,20,20,20,0,-999,-999,0
10.5,66,67,2,-91.9865,1,-87.1092,20,20,20,0,-999,-999,0
10.5,66,67,2,-91.9865,4,-97.6563,19,19,20,0,-999,-999,0
10.5,67,161,1,-97.6451,2,-64.2714,11,15,20,0,-999,-999,2
10.5,67,161,1,-97.6451,4,-66.9484,19,19,20,0,-999,-999,2
10.5,67,161,1,-97.6451,3,-85.383,20,20,20,0,-999,-999,2
10.5,68,162,1,-81.7662,2,-59.9282,11,16,20,0,-999,-999,2
10.5,68,162,1,-81.7662,3,-73.825,20,20,20,0,-999,-999,2
10.5,68,162,1,-81.7662,4,-98.1606,19,19,20,0,-999,-999,2
10.5,69,68,2,-47.5756,1,-67.8621,20,20,20,0,-999,-999,0
10.5,69,68,2,-47.5756,3,-73.4531,20,20,20,0,-999,-999,0
10.5,69,68,2,-47.5756,4,-81.5469,19,19,20,0,-999,-999,0
10.5,70,69,2,-84.7082,4,-78.7665,19,19,20,0,-999,-999,0
10.5,70,69,2,-84.7082,1,-88.7999,20,20,20,0,-999,-999,0
10.5,70,69,2,-84.7082,3,-90.128,20,20,20,0,-999,-999,0
10.5,71,70,2,-73.2224,1,-58.0713,20,20,20,0,-999,-999,0
10.5,71,70,2,-73.2224,4,-85.2316,19,19,20,0,-999,-999,0
10.5,71,70,2,-73.2224,3,-86.189,20,20,20,0,-999,-999,0
10.5,72,163,1,-74.8004,4,-71.1245,19,19,20,0,-999,-999,0
10.5,72,163,1,-74.8004,3,-94.8981,20,20,20,0,-999,-999,0
10.5,72,163,1,-74.8004,2,-102.59,11,17,20,0,-999,-999,0
10.5,73,71,2,-86.0052,4,-78.7414,19,19,20,0,-999,-999,0
10.5,73,71,2,-86.0052,1,-82.2449,20,20,20,0,-999,-999,0
10.5,73,71,2,-86.0052,3,-91.4423,20,20,20,0,-999,-999,0
10.5,74,72,2,-49.6904,4,-72.8779,19,19,20,0,-999,-999,0
10.5,74,72,2,-49.6904,1,-84.6587,20,20,20,0,-999,-999,0
10.5,74,72,2,-49.6904,3,-90.6296,20,20,20,0,-999,-999,0
12.5,5,36,1,-43.4934,3,-72.2987,18,18,20,0,-999,-999,0
12.5,5,36,1,-43.4934,2,-83.6815,17,17,20,0,-999,-999,0
12.5,5,36,1,-43.4934,4,-91.6401,18,18,20,0,-999,-999,0
12.5,6,43,4,-75.5308,2,-93.585,17,17,20,0,-999,-999,0
12.5,6,43,4,-75.5308,3,-94.9773,18,18,20,0,-999,-999,0
12.5,6,43,4,-75.5308,1,-104.366,17,17,20,0,-999,-999,0
12.5,7,37,1,-78.2854,2,-73.6524,17,17,20,0,-999,-999,2
12.5,7,37,1,-78.2854,3,-87.5738,18,18,20,0,-999,-999,2
12.5,7,37,1,-78.2854,4,-94.6304,18,18,20,0,-999,-999,2
12.5,8,15,2,-82.5661,3,-48.7361,18,18,20,0,-999,-999,0
12.5,8,15,2,-82.5661,4,-75.9794,18,18,20,0,-999,-999,0
12.5,8,15,2,-82.5661,1,-81.7613,17,17,20,0,-999,-999,0
12.5,9,16,2,-56.982,1,-55.7067,17,17,20,0,-999,-999,0
12.5,9,16,2,-56.982,3,-82.128,18,18,20,0,-999,-999,0
12.5,9,16,2,-56.982,4,-83.4757,18,18,20,0,-999,-999,0
12.5,10,50,3,-62.1086,1,-48.8418,17,17,20,0,-999,-999,0
12.5,10,50,3,-62.1086,2,-90.1205,17,18,20,0,-999,-999,0
12.5,10,50,3,-62.1086,4,-94.4385,18,18,20,0,-999,-999,0
12.5,11,81,2,-62.0356,1,-88.9839,17,17,20,0,-999,-999,0
12.5,11,81,2,-62.0356,3,-89.1256,18,18,20,0,-999,-999,0
12.5,11,81,2,-62.0356,4,-93.8077,18,18,20,0,-999,-999,0
12.5,12,51,3,-58.582,1,-63.8598,17,17,20,0,-999,-999,0
12.5,12,51,3,-58.582,2,-92.2132,17,18,20,0,-999,-999,0
12.5,12,51,3,-58.582,4,-115.556,18,18,20,0,-999,-999,0
12.5,13,38,1,-54.2401,2,-70.0794,17,18,20,0,-999,-999,0
12.5,13,38,1,-54.2401,3,-73.1955,18,18,20,0,-999,-999,0
12.5,13,38,1,-54.2401,4,-88.3576,18,18,20,0,-999,-999,0
12.5,14,52,3,-84.1665,1,-80.9592,17,17,20,0,-999,-999,0
12.5,14,52,3,-84.1665,2,-85.3304,17,18,20,0,-999,-999,0
12.5,14,52,3,-84.1665,4,-96.0299,18,18,20,0,-999,-999,0
12.5,15,53,3,-59.8363,2,-64.0444,17,18,20,0,-999,-999,0
12.5,15,53,3,-59.8363,1,-85.1784,17,17,20,0,-999,-999,0
12.5,15,53,3,-59.8363,4,-91.5285,18,18,20,0,-999,-999,0
12.5,16,45,4,-45.9948,2,-96.2891,17,18,20,0,-999,-999,0
12.5,16,45,4,-45.9948,3,-97.2781,18,18,20,0,-999,-999,0
12.5,16,45,4,-45.9948,1,-103.305,17,17,20,0,-999,-999,0
12.5,17,46,4,-82.6248,2,-49.9699,17,18,20,0,-999,-999,0
12.5,17,46,4,-82.6248,1,-86.0451,17,17,20,0,-999,-999,0
12.5,17,46,4,-82.6248,3,-90.9422,18,18,20,0,-999,-999,0
12.5,18,54,3,-66.0395,1,-73.7973,17,17,20,0,-999,-999,0
12.5,18,54,3,-66.0395,4,-80.4794,18,18,20,0,-999,-999,0
12.5,18,54,3,-66.0395,2,-81.2898,17,18,20,0,-999,-999,0
12.5,19,55,3,-86.6536,1,-63.6581,17,17,20,0,-999,-999,0
12.5,19,55,3,-86.6536,2,-93.4901,17,18,20,0,-999,-999,0
12.5,19,55,3,-86.6536,4,-116.485,18,18,20,0,-999,-999,0
12.5,20,57,3,-65.1424,1,-52.3525,17,17,20,0,-999,-999,0
12.5,20,57,3,-65.1424,2,-64.3668,17,18,20,0,-999,-999,0
12.5,20,57,3,-65.1424,4,-106.352,18,18,20,0,-999,-999,0
12.5,21,47,4,-72.9721,1,-102.117,17,17,20,0,-999,-999,0
12.5,21,47,4,-72.9721,2,-103.827,17,18,20,0,-999,-999,0
12.5,21,47,4,-72.9721,3,-111.277,18,18,20,0,-999,-999,0
12.5,22,48,4,-75.2109,1,-90.336,17,17,20,0,-999,-999,0
12.5,22,48,4,-75.2109,3,-91.2773,18,18,20,0,-999,-999,0
12.5,22,48,4,-75.2109,2,-98.2026,17,18,20,0,-999,-999,0
12.5,23,39,1,-17.9707,2,-61.2923,17,18,20,0,-999,-999,0
12.5,23,39,1,-17.9707,3,-88.2601,18,18,20,0,-999,-999,0
12.5,23,39,1,-17.9707,4,-97.6024,18,18,20,0,-999,-999,0
12.5,24,40,1,-72.5995,2,-41.9026,17,18,20,0,-999,-999,0
12.5,24,40,1,-72.5995,3,-43.244,18,18,20,0,-999,-999,0
12.5,24,40,1,-72.5995,4,-105.462,18,18,20,0,-999,-999,0
12.5,25,82,2,-84.232,4,-53.8625,18,18,20,0,-999,-999,0
12.5,25,82,2,-84.232,1,-92.8258,17,17,20,0,-999,-999,0
12.5,25,82,2,-84.232,3,-96.043,18,18,20,0,-999,-999,0
12.5,26,136,3,-50.9829,4,-64.5327,18,18,20,0,-999,-999,0
12.5,26,136,3,-50.9829,1,-65.4717,17,17,20,0,-999,-999,0
12.5,26,136,3,-50.9829,2,-94.1843,17,18,20,0,-999,-999,0
12.5,27,135,4,-77.1847,2,-69.3731,17,18,20,0,-999,-999,2
12.5,27,135,4,-77.1847,3,-76.0363,18,18,20,0,-999,-999,2
12.5,27,135,4,-77.1847,1,-90.0379,17,17,20,0,-999,-999,2
12.5,28,137,3,-75.0444,2,-86.2071,17,19,20,0,-999,-999,0
12.5,28,137,3,-75.0444,1,-86.4452,17,17,20,0,-999,-999,0
12.5,28,137,3,-75.0444,4,-99.4435,18,18,20,0,-999,-999,0
12.5,29,131,1,-52.0323,2,-63.5327,17,19,20,0,-999,-999,0
12.5,29,131,1,-52.0323,3,-71.5946,18,18,20,0,-999,-999,0
12.5,29,131,1,-52.0323,4,-102.682,18,18,20,0,-999,-999,0
12.5,30,83,2,-76.7889,1,-77.6217,17,17,20,0,-999,-999,0
12.5,30,83,2,-76.7889,3,-82.6801,18,18,20,0,-999,-999,0
12.5,30,83,2,-76.7889,4,-105.378,18,18,20,0,-999,-999,0
12.5,31,138,3,-62.8715,2,-68.8518,17,19,20,0,-999,-999,0
12.5,31,138,3,-62.8715,1,-92.8573,17,17,20,0,-999,-999,0
12.5,31,138,3,-62.8715,4,-117.276,18,18,20,0,-999,-999,0
12.5,32,136,4,-31.4574,2,-91.8932,17,19,20,0,-999,-999,0
12.5,32,136,4,-31.4574,1,-92.3005,17,17,20,0,-999,-999,0
12.5,32,136,4,-31.4574,3,-104.217,18,18,20,0,-999,-999,0
12.5,33,133,1,-76.9582,3,-67.9008,18,18,20,0,-999,-999,0
12.5,33,133,1,-76.9582,2,-80.7011,17,19,20,0,-999,-999,0
12.5,33,133,1,-76.9582,4,-100.601,18,18,20,0,-999,-999,0
12.5,34,137,4,-73.6884,2,-101.444,17,19,20,0,-999,-999,0
12.5,34,137,4,-73.6884,3,-102.509,18,18,20,0,-999,-999,0
12.5,34,137,4,-73.6884,1,-105.144,17,17,20,0,-999,-999,0
12.5,35,134,1,-81.5009,3,-81.1541,18,18,20,0,-999,-999,0
12.5,35,134,1,-81.5009,2,-83.1378,17,19,20,0,-999,-999,0
12.5,35,134,1,-81.5009,4,-90.4224,18,18,20,0,-999,-999,0
12.5,36,138,4,-75.5131,1,-100.796,17,17,20,0,-999,-999,0
12.5,36,138,4,-75.5131,2,-100.875,17,19,20,0,-999,-999,0
12.5,36,138,4,-75.5131,3,-107.243,18,18,20,0,-999,-999,0
12.5,37,139,4,-61.1941,2,-85.3292,17,19,20,0,-999,-999,0
12.5,37,139,4,-61.1941,1,-87.114,17,17,20,0,-999,-999,0
12.5,37,139,4,-61.1941,3,-100.587,18,18,20,0,-999,-999,0
12.5,38,139,3,-52.6251,2,-70.2591,17,19,20,0,-999,-999,0
12.5,38,139,3,-52.6251,1,-77.442,17,17,20,0,-999,-999,0
12.5,38,139,3,-52.6251,4,-110.088,18,18,20,0,-999,-999,0
12.5,39,135,1,-81.2026,2,-83.1496,17,19,20,0,-999,-999,0
12.5,39,135,1,-81.2026,3,-86.8871,18,18,20,0,-999,-999,0
12.5,39,135,1,-81.2026,4,-101.071,18,18,20,0,-999,-999,0
12.5,40,140,4,-36.5354,1,-86.3276,17,17,20,0,-999,-999,0
12.5,40,140,4,-36.5354,2,-86.9865,17,19,20,0,-999,-999,0
12.5,40,140,4,-36.5354,3,-96.0263,18,18,20,0,-999,-999,0
12.5,41,65,2,-77.31,1,-87.3494,17,17,20,0,-999,-999,0
12.5,41,65,2,-77.31,3,-89.3607,18,18,20,0,-999,-999,0
12.5,41,65,2,-77.31,4,-89.858,18,18,20,0,-999,-999,0
12.5,42,141,4,-92.2213,2,-66.6361,17,19,20,0,-999,-999,0
12.5,42,141,4,-92.2213,1,-82.1085,17,17,20,0,-999,-999,0
12.5,42,141,4,-92.2213,3,-92.503,18,18,20,0,-999,-999,0
12.5,43,140,3,-49.6488,1,-62.8529,17,17,20,0,-999,-999,0
12.5,43,140,3,-49.6488,2,-88.314,17,19,20,0,-999,-999,0
12.5,43,140,3,-49.6488,4,-97.6161,18,18,20,0,-999,-999,0
12.5,44,84,2,-73.0423,1,-85.4282,17,17,20,0,-999,-999,0
12.5,44,84,2,-73.0423,3,-90.1544,18,18,20,0,-999,-999,0
12.5,44,84,2,-73.0423,4,-93.9713,18,18,20,0,-999,-999,0
12.5,45,136,1,-54.6155,2,-59.202,17,19,20,0,-999,-999,0
12.5,45,136,1,-54.6155,3,-77.0572,18,18,20,0,-999,-999,0
12.5,45,136,1,-54.6155,4,-102.872,18,18,20,0,-999,-999,0
12.5,46,142,4,-79.0289,2,-84.3572,17,19,20,0,-999,-999,0
12.5,46,142,4,-79.0289,1,-93.916,17,17,20,0,-999,-999,0
12.5,46,142,4,-79.0289,3,-100.937,18,18,20,0,-999,-999,0
12.5,47,137,1,-45.0632,2,-73.7986,17,19,20,0,-999,-999,0
12.5,47,137,1,-45.0632,4,-79.6462,18,18,20,0,-999,-999,0
12.5,47,137,1,-45.0632,3,-80.194,18,18,20,0,-999,-999,0
12.5,48,143,4,-67.0626,2,-82.5765,17,19,20,0,-999,-999,0
12.5,48,143,4,-67.0626,1,-98.7196,17,17,20,0,-999,-999,0
12.5,48,143,4,-67.0626,3,-99.6712,18,18,20,0,-999,-999,0
12.5,49,144,4,-67.6244,1,-91.3286,17,17,20,0,-999,-999,0
12.5,49,144,4,-67.6244,2,-100.139,17,19,20,0,-999,-999,0
12.5,49,144,4,-67.6244,3,-100.403,18,18,20,0,-999,-999,0
12.5,50,142,3,-96.3218,1,-87.5598,17,17,20,0,-999,-999,0
12.5,50,142,3,-96.3218,4,-99.2681,18,18,20,0,-999,-999,0
12.5,50,142,3,-96.3218,2,-101.537,17,19,20,0,-999,-999,0
12.5,51,143,3,-89.4787,1,-91.2813,17,17,20,0,-999,-999,0
12.5,51,143,3,-89.4787,2,-96.7963,17,19,20,0,-999,-999,0
12.5,51,143,3,-89.4787,4,-102.907,18,18,20,0,-999,-999,0
12.5,52,86,2,-84.7594,3,-46.0196,18,18,20,0,-999,-999,0
12.5,52,86,2,-84.7594,1,-82.5555,17,17,20,0,-999,-999,0
12.5,52,86,2,-84.7594,4,-109.263,18,18,20,0,-999,-999,0
12.5,53,145,3,-62.8769,2,-98.2932,17,19,20,0,-999,-999,0
12.5,53,145,3,-62.8769,4,-101.831,18,18,20,0,-999,-999,0
12.5,53,145,3,-62.8769,1,-108.86,17,17,20,0,-999,-999,0
12.5,54,161,4,-86.7921,1,-69.6733,17,17,20,0,-999,-999,0
12.5,54,161,4,-86.7921,3,-78.7391,18,18,20,0,-999,-999,0
12.5,54,161,4,-86.7921,2,-79.9329,17,19,20,0,-999,-999,0
12.5,55,162,4,-79.9495,1,-85.0768,17,17,20,0,-999,-999,0
12.5,55,162,4,-79.9495,2,-88.1572,17,19,20,0,-999,-999,0
12.5,55,162,4,-79.9495,3,-95.5946,18,18,20,0,-999,-999,0
12.5,56,138,1,-57.5398,3,-62.6923,18,18,20,0,-999,-999,0
12.5,56,138,1,-57.5398,2,-70.5074,17,19,20,0,-999,-999,0
12.5,56,138,1,-57.5398,4,-89.5388,18,18,20,0,-999,-999,0
12.5,57,146,3,-87.6857,1,-87.2239,17,17,20,0,-999,-999,0
12.5,57,146,3,-87.6857,2,-98.3012,17,19,20,0,-999,-999,0
12.5,57,146,3,-87.6857,4,-108.495,18,18,20,0,-999,-999,0
12.5,58,147,3,-61.6845,2,-92.3265,17,19,20,0,-999,-999,0
12.5,58,147,3,-61.6845,1,-95.8414,17,17,20,0,-999,-999,0
12.5,58,147,3,-61.6845,4,-106.537,18,18,20,0,-999,-999,0
12.5,59,139,1,-90.789,4,-77.8676,18,18,20,0,-999,-999,0
12.5,59,139,1,-90.789,3,-78.6207,18,18,20,0,-999,-999,0
12.5,59,139,1,-90.789,2,-87.6726,17,19,20,0,-999,-999,0
12.5,60,162,3,-82.9347,2,-69.5003,17,19,20,0,-999,-999,0
12.5,60,162,3,-82.9347,1,-87.6242,17,17,20,0,-999,-999,0
12.5,60,162,3,-82.9347,4,-104.592,18,18,20,0,-999,-999,0
12.5,61,163,4,-75.7575,2,-65.4175,17,19,20,0,-999,-999,0
12.5,61,163,4,-75.7575,1,-101.734,17,17,20,0,-999,-999,0
12.5,61,163,4,-75.7575,3,-111.581,18,18,20,0,-999,-999,0
12.5,62,140,1,-44.7362,3,-64.5488,18,18,20,0,-999,-999,0
12.5,62,140,1,-44.7362,2,-64.6012,17,19,20,0,-999,-999,0
12.5,62,140,1,-44.7362,4,-101.39,18,18,20,0,-999,-999,0
12.5,63,141,1,-90.2204,4,-68.5637,18,18,20,0,-999,-999,0
12.5,63,141,1,-90.2204,2,-76.7887,17,19,20,0,-999,-999,0
12.5,63,141,1,-90.2204,3,-99.7728,18,18,20,0,-999,-999,0
12.5,64,66,2,-68.1074,3,-55.769,18,18,20,0,-999,-999,0
12.5,64,66,2,-68.1074,4,-59.3346,18,18,20,0,-999,-999,0
12.5,64,66,2,-68.1074,1,-89.3799,17,17,20,0,-999,-999,0
12.5,65,142,1,-82.7301,2,-69.8329,17,19,20,0,-999,-999,0
12.5,65,142,1,-82.7301,4,-73.237,18,18,20,0,-999,-999,0
12.5,65,142,1,-82.7301,3,-79.3762,18,18,20,0,-999,-999,0
12.5,66,67,2,-84.0615,1,-82.4001,17,17,20,0,-999,-999,0
12.5,66,67,2,-84.0615,3,-85.2172,18,18,20,0,-999,-999,0
12.5,66,67,2,-84.0615,4,-105.449,18,18,20,0,-999,-999,0
12.5,67,85,2,-78.3871,3,-64.0831,18,18,20,0,-999,-999,0
12.5,67,85,2,-78.3871,4,-99.7335,18,18,20,0,-999,-999,0
12.5,67,85,2,-78.3871,1,-105.59,17,17,20,0,-999,-999,0
12.5,68,87,2,-73.807,3,-71.686,18,18,20,0,-999,-999,0
12.5,68,87,2,-73.807,1,-83.8902,17,17,20,0,-999,-999,0
12.5,68,87,2,-73.807,4,-99.4661,18,18,20,0,-999,-999,0
12.5,69,68,2,-72.1958,3,-63.8035,18,18,20,0,-999,-999,0
12.5,69,68,2,-72.1958,4,-80.8038,18,18,20,0,-999,-999,0
12.5,69,68,2,-72.1958,1,-88.317,17,17,20,0,-999,-999,0
12.5,70,69,2,-85.6717,4,-77.0556,18,18,20,0,-999,-999,4
12.5,70,69,2,-85.6717,1,-91.9079,17,17,20,0,-999,-999,4
12.5,70,69,2,-85.6717,3,-93.7876,18,18,20,0,-999,-999,4
12.5,71,70,2,-75.9784,1,-69.798,17,17,20,0,-999,-999,0
12.5,71,70,2,-75.9784,4,-82.7629,18,19,20,0,-999,-999,0
12.5,71,70,2,-75.9784,3,-83.4275,18,18,20,0,-999,-999,0
12.5,72,163,1,-60.8959,3,-80.134,18,18,20,0,-999,-999,0
12.5,72,163,1,-60.8959,2,-89.94,17,19,20,0,-999,-999,0
12.5,72,163,1,-60.8959,4,-106.226,18,19,20,0,-999,-999,0
12.5,73,71,2,-64.1408,4,-77.0233,18,19,20,0,-999,-999,0
12.5,73,71,2,-64.1408,1,-85.9628,17,17,20,0,-999,-999,0
12.5,73,71,2,-64.1408,3,-90.3662,18,18,20,0,-999,-999,0
12.5,74,72,2,-66.3521,4,-71.6643,18,19,20,0,-999,-999,0
12.5,74,72,2,-66.3521,1,-89.701,17,17,20,0,-999,-999,0
12.5,74,72,2,-66.3521,3,-90.968,18,18,20,0,-999,-999,0
14.5,5,36,1,-77.2689,2,-82.2948,18,18,20,0,-999,-999,0
14.5,5,36,1,-77.2689,3,-82.3023,18,18,20,0,-999,-999,0
14.5,5,36,1,-77.2689,4,-110.096,18,18,20,0,-999,-999,0
14.5,6,43,4,-76.287,3,-76.8883,18,18,20,0,-999,-999,0
14.5,6,43,4,-76.287,2,-88.2803,18,18,20,0,-999,-999,0
14.5,6,43,4,-76.287,1,-99.5848,16,16,20,0,-999,-999,0
14.5,7,88,2,-71.0936,3,-62.7568,18,18,20,0,-999,-999,0
14.5,7,88,2,-71.0936,1,-70.2792,16,16,20,0,-999,-999,0
14.5,7,88,2,-71.0936,4,-91.4036,18,18,20,0,-999,-999,0
14.5,8,15,2,-77.8685,3,-55.5362,18,18,20,0,-999,-999,3
14.5,8,15,2,-77.8685,1,-77.7867,16,16,20,0,-999,-999,3
14.5,8,15,2,-77.8685,4,-79.7601,18,18,20,0,-999,-999,3
14.5,9,16,2,-51.829,3,-54.6672,18,19,20,0,-999,-999,0
14.5,9,16,2,-51.829,1,-83.4675,16,16,20,0,-999,-999,0
14.5,9,16,2,-51.829,4,-90.0358,18,18,20,0,-999,-999,0
14.5,10,50,3,-61.717,1,-77.2227,16,16,20,0,-999,-999,0
14.5,10,50,3,-61.717,2,-88.5858,18,18,20,0,-999,-999,0
14.5,10,50,3,-61.717,4,-94.7103,18,18,20,0,-999,-999,0
14.5,11,81,2,-88.8754,1,-47.1072,16,16,20,0,-999,-999,0
14.5,11,81,2,-88.8754,4,-74.5438,18,18,20,0,-999,-999,0
14.5,11,81,2,-88.8754,3,-84.2831,18,19,20,0,-999,-999,0
14.5,12,51,3,-98.9086,1,-52.6548,16,16,20,0,-999,-999,0
14.5,12,51,3,-98.9086,2,-91.0288,18,18,20,0,-999,-999,0
14.5,12,51,3,-98.9086,4,-112.859,18,18,20,0,-999,-999,0
14.5,13,38,1,-59.1996,2,-73.9337,18,18,20,0,-999,-999,0
14.5,13,38,1,-59.1996,3,-75.2713,18,19,20,0,-999,-999,0
14.5,13,38,1,-59.1996,4,-89.1716,18,18,20,0,-999,-999,0
14.5,14,52,3,-79.1785,2,-82.4381,18,18,20,0,-999,-999,0
14.5,14,52,3,-79.1785,1,-88.7419,16,16,20,0,-999,-999,0
14.5,14,52,3,-79.1785,4,-109.108,18,18,20,0,-999,-999,0
14.5,15,53,3,-28.1211,2,-67.5912,18,18,20,0,-999,-999,0
14.5,15,53,3,-28.1211,1,-81.939,16,16,20,0,-999,-999,0
14.5,15,53,3,-28.1211,4,-94.114,18,18,20,0,-999,-999,0
14.5,16,45,4,-60.8264,2,-72.4545,18,18,20,0,-999,-999,0
14.5,16,45,4,-60.8264,1,-73.0296,16,16,20,0,-999,-999,0
14.5,16,45,4,-60.8264,3,-96.2656,18,19,20,0,-999,-999,0
14.5,17,46,4,-80.5619,2,-88.2258,18,18,20,0,-999,-999,0
14.5,17,46,4,-80.5619,1,-88.5097,16,16,20,0,-999,-999,0
14.5,17,46,4,-80.5619,3,-92.6439,18,19,20,0,-999,-999,0
14.5,18,54,3,-69.7305,1,-47.7124,16,16,20,0,-999,-999,0
14.5,18,54,3,-69.7305,2,-77.605,18,18,20,0,-999,-999,0
14.5,18,54,3,-69.7305,4,-97.2742,18,18,20,0,-999,-999,0
14.5,19,55,3,-89.474,2,-64.1361,18,18,20,0,-999,-999,0
14.5,19,55,3,-89.474,1,-85.7828,16,16,20,0,-999,-999,0
14.5,19,55,3,-89.474,4,-106.973,18,18,20,0,-999,-999,0
14.5,20,57,3,-72.724,1,-75.1363,16,16,20,0,-999,-999,0
14.5,20,57,3,-72.724,2,-83.1812,18,18,20,0,-999,-999,0
14.5,20,57,3,-72.724,4,-95.5517,18,18,20,0,-999,-999,0
14.5,21,47,4,-71.1921,2,-96.8842,18,18,20,0,-999,-999,0
14.5,21,47,4,-71.1921,3,-107.194,18,19,20,0,-999,-999,0
14.5,21,47,4,-71.1921,1,-110.136,16,16,20,0,-999,-999,0
14.5,22,48,4,-62.3273,3,-66.5968,18,19,20,0,-999,-999,0
14.5,22,48,4,-62.3273,1,-88.649,16,16,20,0,-999,-999,0
14.5,22,48,4,-62.3273,2,-94.2632,18,18,20,0,-999,-999,0
14.5,23,39,1,-53.4573,3,-52.9555,18,19,20,0,-999,-999,0
14.5,23,39,1,-53.4573,2,-72.6263,18,18,20,0,-999,-999,0
14.5,23,39,1,-53.4573,4,-95.629,18,18,20,0,-999,-999,0
14.5,24,40,1,-72.1216,2,-54.0997,18,18,20,0,-999,-999,2
14.5,24,40,1,-72.1216,3,-76.7183,18,19,20,0,-999,-999,2
14.5,24,40,1,-72.1216,4,-105.924,18,18,20,0,-999,-999,2
14.5,25,82,2,-100.581,4,-83.5537,18,18,20,0,-999,-999,4
14.5,25,82,2,-100.581,1,-91.2946,16,16,20,0,-999,-999,4
14.5,25,82,2,-100.581,3,-102.587,18,19,20,0,-999,-999,4
14.5,26,136,3,-76.1382,1,-59.5221,16,16,20,0,-999,-999,0
14.5,26,136,3,-76.1382,2,-82.9317,18,19,20,0,-999,-999,0
14.5,26,136,3,-76.1382,4,-97.613,18,19,20,0,-999,-999,0
14.5,27,89,2,-57.3275,4,-67.5861,18,19,20,0,-999,-999,0
14.5,27,89,2,-57.3275,1,-88.2994,16,16,20,0,-999,-999,0
14.5,27,89,2,-57.3275,3,-93.6176,18,19,20,0,-999,-999,0
14.5,28,137,3,-54.4263,1,-75.3343,16,16,20,0,-999,-999,0
14.5,28,137,3,-54.4263,2,-83.4181,18,19,20,0,-999,-999,0
14.5,28,137,3,-54.4263,4,-87.9061,18,19,20,0,-999,-999,0
14.5,29,131,1,-76.5327,2,-77.8301,18,19,20,0,-999,-999,0
14.5,29,131,1,-76.5327,3,-79.0345,18,19,20,0,-999,-999,0
14.5,29,131,1,-76.5327,4,-101.716,18,19,20,0,-999,-999,0
14.5,30,83,2,-75.3207,3,-43.9984,18,19,20,0,-999,-999,0
14.5,30,83,2,-75.3207,1,-73.7963,16,16,20,0,-999,-999,0
14.5,30,83,2,-75.3207,4,-103.561,18,19,20,0,-999,-999,0
14.5,31,138,3,-94.0189,2,-78.4435,18,19,20,0,-999,-999,0
14.5,31,138,3,-94.0189,1,-82.5064,16,16,20,0,-999,-999,0
14.5,31,138,3,-94.0189,4,-115.01,18,19,20,0,-999,-999,0
14.5,32,136,4,-59.7407,3,-80.5694,18,19,20,0,-999,-999,0
14.5,32,136,4,-59.7407,2,-96.2875,18,19,20,0,-999,-999,0
14.5,32,136,4,-59.7407,1,-100.173,16,16,20,0,-999,-999,0
14.5,33,133,1,-74.5143,3,-48.28,18,19,20,0,-999,-999,3
14.5,33,133,1,-74.5143,2,-71.5523,18,19,20,0,-999,-999,3
14.5,33,133,1,-74.5143,4,-103.984,18,19,20,0,-999,-999,3
14.5,34,137,4,-88.0401,2,-96.3486,18,19,20,0,-999,-999,0
14.5,34,137,4,-88.0401,1,-99.5653,16,16,20,0,-999,-999,0
14.5,34,137,4,-88.0401,3,-99.8859,18,20,20,0,-999,-999,0
14.5,35,134,1,-73.7184,3,-67.8327,18,20,20,0,-999,-999,0
14.5,35,134,1,-73.7184,2,-75.2667,18,19,20,0,-999,-999,0
14.5,35,134,1,-73.7184,4,-109.177,18,19,20,0,-999,-999,0
14.5,36,138,4,-76.408,3,-71.8553,18,20,20,0,-999,-999,0
14.5,36,138,4,-76.408,2,-93.892,18,19,20,0,-999,-999,0
14.5,36,138,4,-76.408,1,-94.9788,16,16,20,0,-999,-999,0
14.5,37,139,4,-47.5921,1,-71.0223,16,16,20,0,-999,-999,0
14.5,37,139,4,-47.5921,2,-82.9621,18,19,20,0,-999,-999,0
14.5,37,139,4,-47.5921,3,-93.183,18,20,20,0,-999,-999,0
14.5,38,139,3,-82.2002,2,-63.2548,18,19,20,0,-999,-999,0
14.5,38,139,3,-82.2002,1,-86.0939,16,16,20,0,-999,-999,0
14.5,38,139,3,-82.2002,4,-105.939,18,19,20,0,-999,-999,0
14.5,39,135,1,-49.6305,3,-83.8485,18,20,20,0,-999,-999,0
14.5,39,135,1,-49.6305,2,-87.2664,18,19,20,0,-999,-999,0
14.5,39,135,1,-49.6305,4,-88.6149,18,19,20,0,-999,-999,0
14.5,40,140,4,-69.1475,1,-63.896,16,16,20,0,-999,-999,0
14.5,40,140,4,-69.1475,2,-88.5815,18,19,20,0,-999,-999,0
14.5,40,140,4,-69.1475,3,-91.508,18,20,20,0,-999,-999,0
14.5,41,65,2,-81.9337,3,-56.4627,18,20,20,0,-999,-999,0
14.5,41,65,2,-81.9337,1,-80.7157,16,16,20,0,-999,-999,0
14.5,41,65,2,-81.9337,4,-90.4947,18,19,20,0,-999,-999,0
14.5,42,141,4,-80.341,1,-45.6547,16,16,20,0,-999,-999,0
14.5,42,141,4,-80.341,2,-72.7116,18,19,20,0,-999,-999,0
14.5,42,141,4,-80.341,3,-83.8705,18,20,20,0,-999,-999,0
14.5,43,140,3,-28.1125,1,-68.8519,16,16,20,0,-999,-999,0
14.5,43,140,3,-28.1125,2,-69.3915,18,19,20,0,-999,-999,0
14.5,43,140,3,-28.1125,4,-98.8137,18,19,20,0,-999,-999,0
14.5,44,84,2,-78.8489,1,-87.1559,16,16,20,0,-999,-999,0
14.5,44,84,2,-78.8489,3,-94.1534,18,20,20,0,-999,-999,0
14.5,44,84,2,-78.8489,4,-97.0695,18,19,20,0,-999,-999,0
14.5,45,136,1,-42.3852,3,-77.1499,18,20,20,0,-999,-999,0
14.5,45,136,1,-42.3852,2,-77.4493,18,19,20,0,-999,-999,0
14.5,45,136,1,-42.3852,4,-100.334,18,19,20,0,-999,-999,0
14.5,46,142,4,-78.655,2,-67.1463,18,19,20,0,-999,-999,0
14.5,46,142,4,-78.655,3,-93.6206,18,20,20,0,-999,-999,0
14.5,46,142,4,-78.655,1,-98.2371,16,16,20,0,-999,-999,0
14.5,47,137,1,-40.3447,2,-39.3811,18,19,20,0,-999,-999,0
14.5,47,137,1,-40.3447,3,-49.3062,18,20,20,0,-999,-999,0
14.5,47,137,1,-40.3447,4,-97.1476,18,19,20,0,-999,-999,0
14.5,48,143,4,-66.7549,3,-74.0412,18,20,20,0,-999,-999,0
14.5,48,143,4,-66.7549,2,-91.5486,18,19,20,0,-999,-999,0
14.5,48,143,4,-66.7549,1,-101.215,16,16,20,0,-999,-999,0
14.5,49,144,4,-67.8273,1,-91.4983,16,16,20,0,-999,-999,0
14.5,49,144,4,-67.8273,2,-92.7255,18,19,20,0,-999,-999,0
14.5,49,144,4,-67.8273,3,-108.759,18,20,20,0,-999,-999,0
14.5,50,142,3,-90.8513,2,-91.9173,18,19,20,0,-999,-999,0
14.5,50,142,3,-90.8513,1,-96.9604,16,16,20,0,-999,-999,0
14.5,50,142,3,-90.8513,4,-103.449,18,19,20,0,-999,-999,0
14.5,51,143,3,-54.3796,1,-59.9418,16,16,20,0,-999,-999,0
14.5,51,143,3,-54.3796,2,-92.8289,18,19,20,0,-999,-999,0
14.5,51,143,3,-54.3796,4,-101.236,18,19,20,0,-999,-999,0
14.5,52,86,2,-88.2183,1,-77.9285,16,16,20,0,-999,-999,0
14.5,52,86,2,-88.2183,3,-83.511,18,20,20,0,-999,-999,0
14.5,52,86,2,-88.2183,4,-111.219,18,19,20,0,-999,-999,0
14.5,53,145,3,-82.3943,1,-93.8894,16,16,20,0,-999,-999,0
14.5,53,145,3,-82.3943,2,-97.4271,18,19,20,0,-999,-999,0
14.5,53,145,3,-82.3943,4,-105.855,18,19,20,0,-999,-999,0
14.5,54,161,4,-74.0294,2,-78.7917,18,19,20,0,-999,-999,0
14.5,54,161,4,-74.0294,1,-84.9546,16,16,20,0,-999,-999,0
14.5,54,161,4,-74.0294,3,-88.3174,18,20,20,0,-999,-999,0
14.5,55,162,4,-77.4201,2,-64.4302,18,19,20,0,-999,-999,0
14.5,55,162,4,-77.4201,1,-84.4906,16,16,20,0,-999,-999,0
14.5,55,162,4,-77.4201,3,-101.724,18,20,20,0,-999,-999,0
14.5,56,138,1,-24.7143,2,-81.4467,18,19,20,0,-999,-999,0
14.5,56,138,1,-24.7143,3,-82.3932,18,20,20,0,-999,-999,0
14.5,56,138,1,-24.7143,4,-85.8087,18,19,20,0,-999,-999,0
14.5,57,146,3,-86.2642,2,-78.2739,18,19,20,0,-999,-999,0
14.5,57,146,3,-86.2642,1,-93.3241,16,16,20,0,-999,-999,0
14.5,57,146,3,-86.2642,4,-105.207,18,19,20,0,-999,-999,0
14.5,58,147,3,-53.7361,1,-87.2016,16,16,20,0,-999,-999,0
14.5,58,147,3,-53.7361,2,-88.5053,18,19,20,0,-999,-999,0
14.5,58,147,3,-53.7361,4,-101.392,18,19,20,0,-999,-999,0
14.5,59,139,1,-84.4617,3,-81.4587,18,20,20,0,-999,-999,0
14.5,59,139,1,-84.4617,2,-90.5033,18,19,20,0,-999,-999,0
14.5,59,139,1,-84.4617,4,-106.687,18,19,20,0,-999,-999,0
14.5,60,162,3,-91.0455,1,-84.5313,16,16,20,0,-999,-999,0
14.5,60,162,3,-91.0455,2,-92.0166,18,19,20,0,-999,-999,0
14.5,60,162,3,-91.0455,4,-112.037,18,19,20,0,-999,-999,0
14.5,61,163,4,-58.8526,2,-93.3749,18,19,20,0,-999,-999,0
14.5,61,163,4,-58.8526,1,-101.041,16,16,20,0,-999,-999,0
14.5,61,163,4,-58.8526,3,-105.223,18,20,20,0,-999,-999,0
14.5,62,140,1,-80.4435,3,-84.0642,18,20,20,0,-999,-999,0
14.5,62,140,1,-80.4435,2,-86.1855,18,19,20,0,-999,-999,0
14.5,62,140,1,-80.4435,4,-95.7561,18,19,20,0,-999,-999,0
14.5,63,141,1,-90.0405,4,-89.2914,18,19,20,0,-999,-999,0
14.5,63,141,1,-90.0405,3,-93.9889,18,20,20,0,-999,-999,0
14.5,63,141,1,-90.0405,2,-97.2626,18,19,20,0,-999,-999,0
14.5,64,66,2,-87.4643,4,-69.6901,18,19,20,0,-999,-999,0
14.5,64,66,2,-87.4643,3,-92.5877,18,20,20,0,-999,-999,0
14.5,64,66,2,-87.4643,1,-97.5974,16,16,20,0,-999,-999,0
14.5,65,142,1,-82.0241,4,-75.401,18,19,20,0,-999,-999,0
14.5,65,142,1,-82.0241,2,-81.6565,18,19,20,0,-999,-999,0
14.5,65,142,1,-82.0241,3,-83.1256,18,20,20,0,-999,-999,0
14.5,66,67,2,-85.7582,1,-47.8016,16,16,20,0,-999,-999,0
14.5,66,67,2,-85.7582,3,-54.1783,18,20,20,0,-999,-999,0
14.5,66,67,2,-85.7582,4,-101.513,18,19,20,0,-999,-999,0
14.5,67,85,2,-89.6686,3,-80.6387,18,20,20,0,-999,-999,0
14.5,67,85,2,-89.6686,4,-100.332,18,19,20,0,-999,-999,0
14.5,67,85,2,-89.6686,1,-100.56,16,16,20,0,-999,-999,0
14.5,68,87,2,-64.3125,1,-78.6191,16,16,20,0,-999,-999,0
14.5,68,87,2,-64.3125,3,-92.9121,18,20,20,0,-999,-999,0
14.5,68,87,2,-64.3125,4,-105.413,18,19,20,0,-999,-999,0
14.5,69,68,2,-86.6545,4,-82.2797,18,19,20,0,-999,-999,0
14.5,69,68,2,-86.6545,1,-90.0248,16,16,20,0,-999,-999,0
14.5,69,68,2,-86.6545,3,-94.1375,18,20,20,0,-999,-999,0
14.5,70,164,4,-66.8913,2,-86.4147,18,19,20,0,-999,-999,0
14.5,70,164,4,-66.8913,3,-88.7953,18,20,20,0,-999,-999,0
14.5,70,164,4,-66.8913,1,-89.3148,16,16,20,0,-999,-999,0
14.5,71,70,2,-75.1545,1,-76.1655,16,16,20,0,-999,-999,0
14.5,71,70,2,-75.1545,4,-79.9304,18,19,20,0,-999,-999,0
14.5,71,70,2,-75.1545,3,-85.6144,18,20,20,0,-999,-999,0
14.5,72,163,1,-90.2053,4,-71.2144,18,19,20,0,-999,-999,0
14.5,72,163,1,-90.2053,3,-87.6487,18,20,20,0,-999,-999,0
14.5,72,163,1,-90.2053,2,-93.2659,18,19,20,0,-999,-999,0
14.5,73,71,2,-82.4292,4,-81.0919,18,19,20,0,-999,-999,0
14.5,73,71,2,-82.4292,3,-84.9071,18,20,20,0,-999,-999,0
14.5,73,71,2,-82.4292,1,-88.8702,16,16,20,0,-999,-999,0
14.5,74,72,2,-46.1734,3,-84.7729,18,20,20,0,-999,-999,0
14.5,74,72,2,-46.1734,1,-92.6034,16,16,20,0,-999,-999,0
14.5,74,72,2,-46.1734,4,-106.687,18,19,20,0,-999,-999,0
16.5,5,36,1,-46.4202,3,-52.9498,20,20,20,0,-999,-999,0
16.5,5,36,1,-46.4202,2,-86.1075,17,17,20,0,-999,-999,0
16.5,5,36,1,-46.4202,4,-92.5109,19,19,20,0,-999,-999,0
16.5,6,43,4,-75.1185,2,-87.9545,17,17,20,0,-999,-999,0
16.5,6,43,4,-75.1185,3,-96.6172,20,20,20,0,-999,-999,0
16.5,6,43,4,-75.1185,1,-102.273,14,14,20,0,-999,-999,0
16.5,7,88,2,-74.4402,1,-79.0992,14,14,20,0,-999,-999,0
16.5,7,88,2,-74.4402,4,-80.8557,19,19,20,0,-999,-999,0
16.5,7,88,2,-74.4402,3,-88.4609,20,20,20,0,-999,-999,0
16.5,8,163,3,-83.1539,2,-80.0458,17,17,20,0,-999,-999,0
16.5,8,163,3,-83.1539,1,-82.1958,14,14,20,0,-999,-999,0
16.5,8,163,3,-83.1539,4,-95.3718,19,19,20,0,-999,-999,0
16.5,9,16,2,-39.833,4,-82.1167,19,19,20,0,-999,-999,0
16.5,9,16,2,-39.833,1,-83.8991,14,14,20,0,-999,-999,0
16.5,9,16,2,-39.833,3,-84.6005,20,20,20,0,-999,-999,0
16.5,10,50,3,-30.1783,2,-72.646,17,17,20,0,-999,-999,0
16.5,10,50,3,-30.1783,1,-82.1078,14,14,20,0,-999,-999,0
16.5,10,50,3,-30.1783,4,-101.111,19,19,20,0,-999,-999,0
16.5,11,81,2,-47.6431,1,-47.6158,14,14,20,0,-999,-999,0
16.5,11,81,2,-47.6431,4,-64.4661,19,19,20,0,-999,-999,0
16.5,11,81,2,-47.6431,3,-86.0082,20,20,20,0,-999,-999,0
16.5,12,51,3,-53.3501,2,-90.6453,17,17,20,0,-999,-999,0
16.5,12,51,3,-53.3501,1,-90.9428,14,14,20,0,-999,-999,0
16.5,12,51,3,-53.3501,4,-114.904,19,19,20,0,-999,-999,0
16.5,13,38,1,-60.2992,2,-74.3426,17,17,20,0,-999,-999,0
16.5,13,38,1,-60.2992,3,-78.1375,20,20,20,0,-999,-999,0
16.5,13,38,1,-60.2992,4,-96.3198,19,19,20,0,-999,-999,0
16.5,14,52,3,-50.7599,1,-49.9357,14,14,20,0,-999,-999,0
16.5,14,52,3,-50.7599,4,-87.2221,19,19,20,0,-999,-999,0
16.5,14,52,3,-50.7599,2,-88.3786,17,17,20,0,-999,-999,0
16.5,15,53,3,-45.2801,1,-82.7173,14,14,20,0,-999,-999,0
16.5,15,53,3,-45.2801,2,-88.887,17,17,20,0,-999,-999,0
16.5,15,53,3,-45.2801,4,-94.1854,19,19,20,0,-999,-999,0
16.5,16,45,4,-76.3372,3,-70.2993,20,20,20,0,-999,-999,0
16.5,16,45,4,-76.3372,2,-96.9077,17,17,20,0,-999,-999,0
16.5,16,45,4,-76.3372,1,-102.987,14,14,20,0,-999,-999,0
16.5,17,46,4,-44.6115,3,-61.8659,20,20,20,0,-999,-999,0
16.5,17,46,4,-44.6115,2,-89.2743,17,17,20,0,-999,-999,0
16.5,17,46,4,-44.6115,1,-91.7039,14,14,20,0,-999,-999,0
16.5,18,54,3,-52.7123,2,-71.6221,17,17,20,0,-999,-999,0
16.5,18,54,3,-52.7123,1,-75.1664,14,14,20,0,-999,-999,0
16.5,18,54,3,-52.7123,4,-87.203,19,19,20,0,-999,-999,0
16.5,19,55,3,-87.9781,1,-92.4996,14,14,20,0,-999,-999,0
16.5,19,55,3,-87.9781,2,-93.881,17,17,20,0,-999,-999,0
16.5,19,55,3,-87.9781,4,-106.635,19,19,20,0,-999,-999,0
16.5,20,57,3,-43.771,1,-43.7812,14,14,20,0,-999,-999,0
16.5,20,57,3,-43.771,2,-47.7761,17,17,20,0,-999,-999,0
16.5,20,57,3,-43.771,4,-102.916,19,19,20,0,-999,-999,0
16.5,21,47,4,-72.8005,3,-85.0925,20,20,20,0,-999,-999,0
16.5,21,47,4,-72.8005,2,-99.3417,17,17,20,0,-999,-999,0
16.5,21,47,4,-72.8005,1,-108.34,14,14,20,0,-999,-999,0
16.5,22,48,4,-73.0962,1,-73.5017,14,14,20,0,-999,-999,0
16.5,22,48,4,-73.0962,2,-90.8841,17,17,20,0,-999,-999,0
16.5,22,48,4,-73.0962,3,-96.6152,20,20,20,0,-999,-999,0
16.5,23,39,1,-40.1882,2,-39.9635,17,17,20,0,-999,-999,0
16.5,23,39,1,-40.1882,3,-80.8553,20,20,20,0,-999,-999,0
16.5,23,39,1,-40.1882,4,-92.3973,19,19,20,0,-999,-999,0
16.5,24,90,2,-41.8145,3,-42.9087,20,20,20,0,-999,-999,0
16.5,24,90,2,-41.8145,1,-73.3706,14,14,20,0,-999,-999,0
16.5,24,90,2,-41.8145,4,-106.784,19,19,20,0,-999,-999,0
16.5,25,165,4,-86.4725,2,-93.7081,17,17,20,0,-999,-999,0
16.5,25,165,4,-86.4725,3,-99.6181,20,20,20,0,-999,-999,0
16.5,25,165,4,-86.4725,1,-99.6986,14,14,20,0,-999,-999,0
16.5,26,136,3,-43.9712,4,-79.0507,19,19,20,0,-999,-999,0
16.5,26,136,3,-43.9712,2,-82.192,17,17,20,0,-999,-999,0
16.5,26,136,3,-43.9712,1,-84.7472,14,14,20,0,-999,-999,0
16.5,27,89,2,-83.5784,4,-57.2845,19,19,20,0,-999,-999,0
16.5,27,89,2,-83.5784,3,-87.2032,20,20,20,0,-999,-999,0
16.5,27,89,2,-83.5784,1,-91.3293,14,14,20,0,-999,-999,0
16.5,28,137,3,-78.8434,1,-76.9493,14,14,20,0,-999,-999,0
16.5,28,137,3,-78.8434,2,-87.737,17,17,20,0,-999,-999,0
16.5,28,137,3,-78.8434,4,-92.6338,19,19,20,0,-999,-999,0
16.5,29,131,1,-70.8845,2,-76.3355,17,17,20,0,-999,-999,0
16.5,29,131,1,-70.8845,3,-84.5529,20,20,20,0,-999,-999,0
16.5,29,131,1,-70.8845,4,-106.281,19,19,20,0,-999,-999,0
16.5,30,83,2,-89.5865,3,-44.3803,20,20,20,0,-999,-999,0
16.5,30,83,2,-89.5865,1,-76.4593,14,14,20,0,-999,-999,0
16.5,30,83,2,-89.5865,4,-111.879,19,19,20,0,-999,-999,0
16.5,31,138,3,-83.6252,1,-85.9994,14,14,20,0,-999,-999,0
16.5,31,138,3,-83.6252,2,-87.8596,17,17,20,0,-999,-999,0
16.5,31,138,3,-83.6252,4,-116.215,19,19,20,0,-999,-999,0
16.5,32,136,4,-46.1207,1,-59.4322,14,14,20,0,-999,-999,0
16.5,32,136,4,-46.1207,2,-95.348,17,17,20,0,-999,-999,0
16.5,32,136,4,-46.1207,3,-101.358,20,20,20,0,-999,-999,0
16.5,33,164,3,-88.1122,2,-77.7375,17,17,20,0,-999,-999,0
16.5,33,164,3,-88.1122,1,-78.4183,14,14,20,0,-999,-999,0
16.5,33,164,3,-88.1122,4,-99.1267,19,19,20,0,-999,-999,0
16.5,34,137,4,-58.941,1,-89.7155,14,14,20,0,-999,-999,0
16.5,34,137,4,-58.941,2,-95.9105,17,17,20,0,-999,-999,0
16.5,34,137,4,-58.941,3,-99.5771,20,20,20,0,-999,-999,0
16.5,35,134,1,-75.1455,3,-47.317,20,20,20,0,-999,-999,0
16.5,35,134,1,-75.1455,2,-49.122,17,17,20,0,-999,-999,0
16.5,35,134,1,-75.1455,4,-105.931,19,19,20,0,-999,-999,0
16.5,36,138,4,-74.4548,3,-93.0847,20,20,20,0,-999,-999,0
16.5,36,138,4,-74.4548,1,-97.4887,14,14,20,0,-999,-999,0
16.5,36,138,4,-74.4548,2,-101.791,17,17,20,0,-999,-999,0
16.5,37,139,4,-72.6445,2,-59.6284,17,17,20,0,-999,-999,0
16.5,37,139,4,-72.6445,1,-68.9647,14,14,20,0,-999,-999,0
16.5,37,139,4,-72.6445,3,-94.1903,20,20,20,0,-999,-999,0
16.5,38,139,3,-84.2415,4,-85.7328,19,19,20,0,-999,-999,0
16.5,38,139,3,-84.2415,1,-88.1287,14,14,20,0,-999,-999,0
16.5,38,139,3,-84.2415,2,-93.656,17,17,20,0,-999,-999,0
16.5,39,135,1,-81.7078,2,-83.0085,17,17,20,0,-999,-999,0
16.5,39,135,1,-81.7078,3,-84.4282,20,20,20,0,-999,-999,0
16.5,39,135,1,-81.7078,4,-103.356,19,19,20,0,-999,-999,0
16.5,40,140,4,-55.9782,1,-59.6571,14,14,20,0,-999,-999,0
16.5,40,140,4,-55.9782,2,-87.4116,17,17,20,0,-999,-999,0
16.5,40,140,4,-55.9782,3,-90.2941,20,20,20,0,-999,-999,0
16.5,41,65,2,-36.9248,4,-77.8832,19,19,20,0,-999,-999,0
16.5,41,65,2,-36.9248,1,-83.1753,14,14,20,0,-999,-999,0
16.5,41,65,2,-36.9248,3,-88.8716,20,20,20,0,-999,-999,0
16.5,42,141,4,-81.4367,1,-48.9993,14,14,20,0,-999,-999,1
16.5,42,141,4,-81.4367,2,-85.1225,17,17,20,0,-999,-999,1
16.5,42,141,4,-81.4367,3,-86.5987,20,20,20,0,-999,-999,1
16.5,43,140,3,-27.0632,1,-78.2789,14,15,20,0,-999,-999,0
16.5,43,140,3,-27.0632,2,-84.2921,17,17,20,0,-999,-999,0
16.5,43,140,3,-27.0632,4,-105.595,19,19,20,0,-999,-999,0
16.5,44,84,2,-90.3915,1,-82.0038,14,15,20,0,-999,-999,0
16.5,44,84,2,-90.3915,3,-89.0929,20,20,20,0,-999,-999,0
16.5,44,84,2,-90.3915,4,-96.9921,19,19,20,0,-999,-999,0
16.5,45,136,1,-74.8207,3,-45.5021,20,20,20,0,-999,-999,0
16.5,45,136,1,-74.8207,2,-76.7282,17,17,20,0,-999,-999,0
16.5,45,136,1,-74.8207,4,-83.8355,19,19,20,0,-999,-999,0
16.5,46,142,4,-77.9591,1,-89.3072,14,15,20,0,-999,-999,0
16.5,46,142,4,-77.9591,2,-92.8888,17,17,20,0,-999,-999,0
16.5,46,142,4,-77.9591,3,-103.285,20,20,20,0,-999,-999,0
16.5,47,137,1,-71.5024,2,-39.5586,17,17,20,0,-999,-999,0
16.5,47,137,1,-71.5024,3,-71.5755,20,20,20,0,-999,-999,0
16.5,47,137,1,-71.5024,4,-108.307,19,19,20,0,-999,-999,0
16.5,48,143,4,-53.9187,2,-68.6864,17,17,20,0,-999,-999,0
16.5,48,143,4,-53.9187,3,-104.533,20,20,20,0,-999,-999,0
16.5,48,143,4,-53.9187,1,-106.822,14,15,20,0,-999,-999,0
16.5,49,144,4,-64.9039,3,-91.4107,20,20,20,0,-999,-999,0
16.5,49,144,4,-64.9039,1,-94.6956,14,15,20,0,-999,-999,0
16.5,49,144,4,-64.9039,2,-96.7946,17,17,20,0,-999,-999,0
16.5,50,142,3,-100.648,1,-58.5717,14,15,20,0,-999,-999,0
16.5,50,142,3,-100.648,2,-64.0684,17,17,20,0,-999,-999,0
16.5,50,142,3,-100.648,4,-89.0017,19,19,20,0,-999,-999,0
16.5,51,143,3,-86.3646,1,-54.6545,14,15,20,0,-999,-999,0
16.5,51,143,3,-86.3646,2,-87.258,17,17,20,0,-999,-999,0
16.5,51,143,3,-86.3646,4,-103.555,19,19,20,0,-999,-999,0
16.5,52,86,2,-51.4521,1,-49.5879,14,15,20,0,-999,-999,0
16.5,52,86,2,-51.4521,3,-77.7373,20,20,20,0,-999,-999,0
16.5,52,86,2,-51.4521,4,-102.106,19,19,20,0,-999,-999,0
16.5,53,145,3,-80.686,2,-61.5847,17,17,20,0,-999,-999,0
16.5,53,145,3,-80.686,4,-90.1323,19,19,20,0,-999,-999,0
16.5,53,145,3,-80.686,1,-104.291,14,15,20,0,-999,-999,0
16.5,54,161,4,-83.8612,2,-81.7949,17,17,20,0,-999,-999,0
16.5,54,161,4,-83.8612,1,-81.9401,14,15,20,0,-999,-999,0
16.5,54,161,4,-83.8612,3,-95.0292,20,20,20,0,-999,-999,0
16.5,55,162,4,-82.7142,3,-74.02,20,20,20,0,-999,-999,0
16.5,55,162,4,-82.7142,1,-83.8994,14,15,20,0,-999,-999,0
16.5,55,162,4,-82.7142,2,-91.5775,17,17,20,0,-999,-999,0
16.5,56,138,1,-65.0525,4,-71.1808,19,19,20,0,-999,-999,0
16.5,56,138,1,-65.0525,3,-77.8722,20,20,20,0,-999,-999,0
16.5,56,138,1,-65.0525,2,-82.0228,17,17,20,0,-999,-999,0
16.5,57,146,3,-51.6235,1,-84.1293,14,15,20,0,-999,-999,0
16.5,57,146,3,-51.6235,2,-90.9855,17,17,20,0,-999,-999,0
16.5,57,146,3,-51.6235,4,-110.771,19,19,20,0,-999,-999,0
16.5,58,147,3,-49.8289,1,-80.7558,14,15,20,0,-999,-999,0
16.5,58,147,3,-49.8289,2,-89.7011,17,17,20,0,-999,-999,0
16.5,58,147,3,-49.8289,4,-94.5011,19,19,20,0,-999,-999,0
16.5,59,139,1,-51.8794,2,-90.8136,17,17,20,0,-999,-999,0
16.5,59,139,1,-51.8794,3,-93.0654,20,20,20,0,-999,-999,0
16.5,59,139,1,-51.8794,4,-101.261,19,19,20,0,-999,-999,0
16.5,60,162,3,-81.4529,1,-91.4976,14,15,20,0,-999,-999,0
16.5,60,162,3,-81.4529,2,-97.8328,17,17,20,0,-999,-999,0
16.5,60,162,3,-81.4529,4,-99.4155,19,19,20,0,-999,-999,0
16.5,61,163,4,-60.5206,1,-88.0496,14,15,20,0,-999,-999,0
16.5,61,163,4,-60.5206,2,-90.6707,17,17,20,0,-999,-999,0
16.5,61,163,4,-60.5206,3,-98.8397,20,20,20,0,-999,-999,0
16.5,62,140,1,-78.6914,3,-85.2543,20,20,20,0,-999,-999,0
16.5,62,140,1,-78.6914,2,-90.3634,17,17,20,0,-999,-999,0
16.5,62,140,1,-78.6914,4,-93.9434,19,19,20,0,-999,-999,0
16.5,63,141,1,-86.7167,3,-91.2687,20,20,20,0,-999,-999,0
16.5,63,141,1,-86.7167,2,-99.2042,17,17,20,0,-999,-999,0
16.5,63,141,1,-86.7167,4,-103.961,19,19,20,0,-999,-999,0
16.5,64,66,2,-88.291,3,-55.6408,20,20,20,0,-999,-999,0
16.5,64,66,2,-88.291,4,-88.1691,19,19,20,0,-999,-999,0
16.5,64,66,2,-88.291,1,-89.9361,14,15,20,0,-999,-999,0
16.5,65,142,1,-81.9157,2,-48.032,17,17,20,0,-999,-999,0
16.5,65,142,1,-81.9157,4,-80.6993,19,19,20,0,-999,-999,0
16.5,65,142,1,-81.9157,3,-83.5523,20,20,20,0,-999,-999,0
16.5,66,67,2,-50.0759,1,-48.1052,14,15,20,0,-999,-999,0
16.5,66,67,2,-50.0759,3,-81.9376,20,20,20,0,-999,-999,0
16.5,66,67,2,-50.0759,4,-101.622,19,19,20,0,-999,-999,0
16.5,67,85,2,-59.1921,3,-77.4457,20,20,20,0,-999,-999,0
16.5,67,85,2,-59.1921,1,-96.0203,14,15,20,0,-999,-999,0
16.5,67,85,2,-59.1921,4,-99.4328,19,19,20,0,-999,-999,0
16.5,68,87,2,-93.7045,1,-53.175,14,15,20,0,-999,-999,0
16.5,68,87,2,-93.7045,4,-74.3584,19,19,20,0,-999,-999,0
16.5,68,87,2,-93.7045,3,-91.8343,20,20,20,0,-999,-999,0
16.5,69,68,2,-84.6783,4,-73.8117,19,19,20,0,-999,-999,4
16.5,69,68,2,-84.6783,1,-85.9211,14,15,20,0,-999,-999,4
16.5,69,68,2,-84.6783,3,-88.1126,20,20,20,0,-999,-999,4
16.5,70,164,4,-64.7099,2,-83.4324,17,17,20,0,-999,-999,0
16.5,70,164,4,-64.7099,3,-85.9205,20,20,20,0,-999,-999,0
16.5,70,164,4,-64.7099,1,-91.9154,14,15,20,0,-999,-999,0
16.5,71,70,2,-75.8322,1,-44.3518,14,15,20,0,-999,-999,0
16.5,71,70,2,-75.8322,4,-87.0013,19,20,20,0,-999,-999,0
16.5,71,70,2,-75.8322,3,-87.203,20,20,20,0,-999,-999,0
16.5,72,163,1,-52.3354,2,-87.179,17,17,20,0,-999,-999,0
16.5,72,163,1,-52.3354,3,-88.1391,20,20,20,0,-999,-999,0
16.5,72,163,1,-52.3354,4,-105.212,19,20,20,0,-999,-999,0
16.5,73,71,2,-82.5643,4,-78.0819,19,20,20,0,-999,-999,0
16.5,73,71,2,-82.5643,3,-82.4978,20,20,20,0,-999,-999,0
16.5,73,71,2,-82.5643,1,-90.46,14,15,20,0,-999,-999,0
16.5,74,72,2,-86.5676,3,-82.2667,20,20,20,0,-999,-999,0
16.5,74,72,2,-86.5676,4,-86.157,19,20,20,0,-999,-999,0
16.5,74,72,2,-86.5676,1,-93.8443,14,15,20,0,-999,-999,0
18.5,5,36,1,-65.7463,3,-60.0647,20,20,20,0,-999,-999,0
18.5,5,36,1,-65.7463,2,-88.7269,16,16,20,0,-999,-999,0
18.5,5,36,1,-65.7463,4,-107.653,19,19,20,0,-999,-999,0
18.5,6,43,4,-73.2833,2,-88.5657,16,16,20,0,-999,-999,0
18.5,6,43,4,-73.2833,3,-90.2569,20,20,20,0,-999,-999,0
18.5,6,43,4,-73.2833,1,-101.748,15,15,20,0,-999,-999,0
18.5,7,88,2,-71.9186,1,-76.8441,15,15,20,0,-999,-999,0
18.5,7,88,2,-71.9186,4,-84.0045,19,19,20,0,-999,-999,0
18.5,7,88,2,-71.9186,3,-85.7096,20,20,20,0,-999,-999,0
18.5,8,163,3,-82.0073,2,-47.8564,16,16,20,0,-999,-999,2
18.5,8,163,3,-82.0073,1,-78.26,15,15,20,0,-999,-999,2
18.5,8,163,3,-82.0073,4,-96.198,19,19,20,0,-999,-999,2
18.5,9,16,2,-74.6844,3,-59.6339,20,20,20,0,-999,-999,0
18.5,9,16,2,-74.6844,1,-78.6281,15,15,20,0,-999,-999,0
18.5,9,16,2,-74.6844,4,-85.8443,19,19,20,0,-999,-999,0
18.5,10,50,3,-63.2218,1,-59.85,15,15,20,0,-999,-999,0
18.5,10,50,3,-63.2218,4,-70.7361,19,19,20,0,-999,-999,0
18.5,10,50,3,-63.2218,2,-85.6048,16,17,20,0,-999,-999,0
18.5,11,81,2,-79.3721,1,-60.7982,15,15,20,0,-999,-999,0
18.5,11,81,2,-79.3721,4,-83.7229,19,19,20,0,-999,-999,0
18.5,11,81,2,-79.3721,3,-92.7514,20,20,20,0,-999,-999,0
18.5,12,51,3,-75.7244,2,-53.5511,16,17,20,0,-999,-999,0
18.5,12,51,3,-75.7244,1,-86.5304,15,15,20,0,-999,-999,0
18.5,12,51,3,-75.7244,4,-118.073,19,19,20,0,-999,-999,0
18.5,13,38,1,-59.6852,3,-70.5788,20,20,20,0,-999,-999,0
18.5,13,38,1,-59.6852,2,-75.9437,16,17,20,0,-999,-999,0
18.5,13,38,1,-59.6852,4,-95.173,19,19,20,0,-999,-999,0
18.5,14,52,3,-83.4177,1,-83.9218,15,15,20,0,-999,-999,0
18.5,14,52,3,-83.4177,2,-97.1521,16,17,20,0,-999,-999,0
18.5,14,52,3,-83.4177,4,-110.62,19,19,20,0,-999,-999,0
18.5,15,53,3,-40.7759,1,-70.0451,15,15,20,0,-999,-999,0
18.5,15,53,3,-40.7759,2,-82.157,16,17,20,0,-999,-999,0
18.5,15,53,3,-40.7759,4,-95.0682,19,19,20,0,-999,-999,0
18.5,16,45,4,-74.699,2,-67.4795,16,17,20,0,-999,-999,0
18.5,16,45,4,-74.699,3,-76.5409,20,20,20,0,-999,-999,0
18.5,16,45,4,-74.699,1,-78.2373,15,15,20,0,-999,-999,0
18.5,17,46,4,-82.592,1,-76.9044,15,15,20,0,-999,-999,0
18.5,17,46,4,-82.592,2,-84.1545,16,17,20,0,-999,-999,0
18.5,17,46,4,-82.592,3,-90.7283,20,20,20,0,-999,-999,0
18.5,18,54,3,-53.2405,1,-72.7845,15,15,20,0,-999,-999,0
18.5,18,54,3,-53.2405,2,-80.1428,16,17,20,0,-999,-999,0
18.5,18,54,3,-53.2405,4,-99.0301,19,19,20,0,-999,-999,0
18.5,19,55,3,-95.5309,1,-87.4614,15,15,20,0,-999,-999,0
18.5,19,55,3,-95.5309,2,-97.8459,16,17,20,0,-999,-999,0
18.5,19,55,3,-95.5309,4,-115.868,19,19,20,0,-999,-999,0
18.5,20,57,3,-77.2815,1,-78.1308,15,15,20,0,-999,-999,0
18.5,20,57,3,-77.2815,4,-82.4122,19,19,20,0,-999,-999,0
18.5,20,57,3,-77.2815,2,-82.8143,16,17,20,0,-999,-999,0
18.5,21,47,4,-64.6912,1,-86.5599,15,15,20,0,-999,-999,0
18.5,21,47,4,-64.6912,3,-102.189,20,20,20,0,-999,-999,0
18.5,21,47,4,-64.6912,2,-103.366,16,17,20,0,-999,-999,0
18.5,22,48,4,-70.5011,3,-87.854,20,20,20,0,-999,-999,0
18.5,22,48,4,-70.5011,2,-92.756,16,17,20,0,-999,-999,0
18.5,22,48,4,-70.5011,1,-94.3751,15,15,20,0,-999,-999,0
18.5,23,39,1,-34.8839,2,-75.784,16,17,20,0,-999,-999,0
18.5,23,39,1,-34.8839,3,-83.1414,20,20,20,0,-999,-999,0
18.5,23,39,1,-34.8839,4,-92.6999,19,19,20,0,-999,-999,0
18.5,24,90,2,-48.3816,1,-37.0693,15,15,20,0,-999,-999,0
18.5,24,90,2,-48.3816,3,-81.1746,20,20,20,0,-999,-999,0
18.5,24,90,2,-48.3816,4,-106.291,19,19,20,0,-999,-999,0
18.5,25,165,4,-84.06,2,-64.1743,16,17,20,0,-999,-999,0
18.5,25,165,4,-84.06,1,-86.9999,15,15,20,0,-999,-999,0
18.5,25,165,4,-84.06,3,-101.228,20,20,20,0,-999,-999,0
18.5,26,136,3,-39.7929,2,-50.7811,16,17,20,0,-999,-999,0
18.5,26,136,3,-39.7929,1,-84.5007,15,15,20,0,-999,-999,0
18.5,26,136,3,-39.7929,4,-91.6925,19,19,20,0,-999,-999,0
18.5,27,89,2,-85.3327,3,-65.3461,20,20,20,0,-999,-999,4
18.5,27,89,2,-85.3327,4,-82.6217,19,19,20,0,-999,-999,4
18.5,27,89,2,-85.3327,1,-87.6187,15,15,20,0,-999,-999,4
18.5,28,137,3,-85.4132,2,-53.6363,16,17,20,0,-999,-999,0
18.5,28,137,3,-85.4132,1,-70.2394,15,15,20,0,-999,-999,0
18.5,28,137,3,-85.4132,4,-92.2583,19,20,20,0,-999,-999,0
18.5,29,131,1,-51.4012,2,-42.3415,16,17,20,0,-999,-999,0
18.5,29,131,1,-51.4012,4,-82.4801,19,20,20,0,-999,-999,0
18.5,29,131,1,-51.4012,3,-84.9239,20,20,20,0,-999,-999,0
18.5,30,83,2,-80.6103,3,-44.4668,20,20,20,0,-999,-999,1
18.5,30,83,2,-80.6103,1,-73.4559,15,15,20,0,-999,-999,1
18.5,30,83,2,-80.6103,4,-100.722,19,20,20,0,-999,-999,1
18.5,31,138,3,-88.695,1,-86.7095,15,16,20,0,-999,-999,0
18.5,31,138,3,-88.695,2,-90.0806,16,17,20,0,-999,-999,0
18.5,31,138,3,-88.695,4,-116.147,19,20,20,0,-999,-999,0
18.5,32,136,4,-59.8651,2,-64.7579,16,17,20,0,-999,-999,0
18.5,32,136,4,-59.8651,1,-89.4687,15,16,20,0,-999,-999,0
18.5,32,136,4,-59.8651,3,-106.412,20,20,20,0,-999,-999,0
18.5,33,164,3,-82.0993,2,-47.8425,16,17,20,0,-999,-999,2
18.5,33,164,3,-82.0993,1,-76.4879,15,16,20,0,-999,-999,2
18.5,33,164,3,-82.0993,4,-103.816,19,20,20,0,-999,-999,2
18.5,34,137,4,-54.5092,2,-68.0215,16,18,20,0,-999,-999,0
18.5,34,137,4,-54.5092,3,-97.8249,20,20,20,0,-999,-999,0
18.5,34,137,4,-54.5092,1,-100.024,15,16,20,0,-999,-999,0
18.5,35,134,1,-40.431,3,-75.9127,20,20,20,0,-999,-999,0
18.5,35,134,1,-40.431,2,-82.9499,16,18,20,0,-999,-999,0
18.5,35,134,1,-40.431,4,-107.723,19,20,20,0,-999,-999,0
18.5,36,138,4,-68.3533,3,-96.5509,20,20,20,0,-999,-999,0
18.5,36,138,4,-68.3533,2,-98.3914,16,18,20,0,-999,-999,0
18.5,36,138,4,-68.3533,1,-102.43,15,16,20,0,-999,-999,0
18.5,37,139,4,-68.5538,2,-83.6628,16,18,20,0,-999,-999,0
18.5,37,139,4,-68.5538,1,-93.9745,15,16,20,0,-999,-999,0
18.5,37,139,4,-68.5538,3,-96.3083,20,20,20,0,-999,-999,0
18.5,38,139,3,-82.3816,1,-85.8532,15,16,20,0,-999,-999,0
18.5,38,139,3,-82.3816,2,-89.9119,16,18,20,0,-999,-999,0
18.5,38,139,3,-82.3816,4,-100.056,19,20,20,0,-999,-999,0
18.5,39,135,1,-80.0846,2,-47.2397,16,18,20,0,-999,-999,0
18.5,39,135,1,-80.0846,3,-82.3994,20,20,20,0,-999,-999,0
18.5,39,135,1,-80.0846,4,-101.43,19,20,20,0,-999,-999,0
18.5,40,140,4,-75.1526,2,-73.8423,16,18,20,0,-999,-999,0
18.5,40,140,4,-75.1526,3,-82.1451,20,20,20,0,-999,-999,0
18.5,40,140,4,-75.1526,1,-90.1518,15,16,20,0,-999,-999,0
18.5,41,65,2,-44.9035,1,-56.3885,15,16,20,0,-999,-999,0
18.5,41,65,2,-44.9035,3,-62.7433,20,20,20,0,-999,-999,0
18.5,41,65,2,-44.9035,4,-69.6441,19,20,20,0,-999,-999,0
18.5,42,164,1,-87.1397,2,-51.7078,16,18,20,0,-999,-999,0
18.5,42,164,1,-87.1397,4,-88.0738,19,20,20,0,-999,-999,0
18.5,42,164,1,-87.1397,3,-88.6164,20,20,20,0,-999,-999,0
18.5,43,140,3,-53.8733,2,-65.5183,16,18,20,0,-999,-999,0
18.5,43,140,3,-53.8733,1,-71.8111,15,16,20,0,-999,-999,0
18.5,43,140,3,-53.8733,4,-89.1218,19,20,20,0,-999,-999,0
18.5,44,84,2,-58.0092,3,-86.7867,20,20,20,0,-999,-999,0
18.5,44,84,2,-58.0092,1,-89.0075,15,16,20,0,-999,-999,0
18.5,44,84,2,-58.0092,4,-103.426,19,20,20,0,-999,-999,0
18.5,45,136,1,-49.5624,2,-74.019,16,18,20,0,-999,-999,0
18.5,45,136,1,-49.5624,3,-76.8544,20,20,20,0,-999,-999,0
18.5,45,136,1,-49.5624,4,-104.225,19,20,20,0,-999,-999,0
18.5,46,142,4,-51.01,2,-84.6919,16,18,20,0,-999,-999,0
18.5,46,142,4,-51.01,3,-88.5177,20,20,20,0,-999,-999,0
18.5,46,142,4,-51.01,1,-96.8929,15,16,20,0,-999,-999,0
18.5,47,137,1,-69.5851,3,-68.9638,20,20,20,0,-999,-999,0
18.5,47,137,1,-69.5851,2,-80.0666,16,18,20,0,-999,-999,0
18.5,47,137,1,-69.5851,4,-103.607,19,20,20,0,-999,-999,0
18.5,48,143,4,-72.2437,2,-103.199,16,18,20,0,-999,-999,0
18.5,48,143,4,-72.2437,3,-104.258,20,20,20,0,-999,-999,0
18.5,48,143,4,-72.2437,1,-104.838,15,16,20,0,-999,-999,0
18.5,49,144,4,-36.9031,1,-72.6368,15,16,20,0,-999,-999,0
18.5,49,144,4,-36.9031,2,-95.0585,16,18,20,0,-999,-999,0
18.5,49,144,4,-36.9031,3,-100.221,20,20,20,0,-999,-999,0
18.5,50,142,3,-99.7597,1,-67.0088,15,16,20,0,-999,-999,1
18.5,50,142,3,-99.7597,2,-99.2809,16,18,20,0,-999,-999,1
18.5,50,142,3,-99.7597,4,-103.923,19,20,20,0,-999,-999,1
18.5,51,143,3,-93.3414,4,-90.4908,19,20,20,0,-999,-999,0
18.5,51,143,3,-93.3414,2,-91.1654,16,18,20,0,-999,-999,0
18.5,51,143,3,-93.3414,1,-91.3063,15,17,20,0,-999,-999,0
18.5,52,86,2,-86.7113,3,-82.2269,20,20,20,0,-999,-999,0
18.5,52,86,2,-86.7113,1,-87.4242,15,17,20,0,-999,-999,0
18.5,52,86,2,-86.7113,4,-112.217,19,20,20,0,-999,-999,0
18.5,53,145,3,-85.6979,2,-67.0446,16,18,20,0,-999,-999,2
18.5,53,145,3,-85.6979,4,-104.793,19,20,20,0,-999,-999,2
18.5,53,145,3,-85.6979,1,-111.24,15,17,20,0,-999,-999,2
18.5,54,161,4,-51.8175,1,-82.0378,15,17,20,0,-999,-999,0
18.5,54,161,4,-51.8175,2,-83.7819,16,19,20,0,-999,-999,0
18.5,54,161,4,-51.8175,3,-93.5482,20,20,20,0,-999,-999,0
18.5,55,162,4,-77.9908,3,-77.9917,20,20,20,0,-999,-999,0
18.5,55,162,4,-77.9908,2,-86.7512,16,19,20,0,-999,-999,0
18.5,55,162,4,-77.9908,1,-94.5672,15,17,20,0,-999,-999,0
18.5,56,138,1,-43.8795,2,-56.8595,16,19,20,0,-999,-999,0
18.5,56,138,1,-43.8795,3,-84.0356,20,20,20,0,-999,-999,0
18.5,56,138,1,-43.8795,4,-92.6361,19,20,20,0,-999,-999,0
18.5,57,146,3,-61.8628,2,-87.4106,16,19,20,0,-999,-999,0
18.5,57,146,3,-61.8628,1,-90.1534,15,17,20,0,-999,-999,0
18.5,57,146,3,-61.8628,4,-112.152,19,20,20,0,-999,-999,0
18.5,58,147,3,-75.9013,1,-89.7197,15,17,20,0,-999,-999,0
18.5,58,147,3,-75.9013,2,-92.6936,16,19,20,0,-999,-999,0
18.5,58,147,3,-75.9013,4,-106.475,19,20,20,0,-999,-999,0
18.5,59,139,1,-59.7201,3,-78.0507,20,20,20,0,-999,-999,0
18.5,59,139,1,-59.7201,2,-85.5546,16,19,20,0,-999,-999,0
18.5,59,139,1,-59.7201,4,-107.534,19,20,20,0,-999,-999,0
18.5,60,162,3,-57.9484,1,-81.5619,15,17,20,0,-999,-999,0
18.5,60,162,3,-57.9484,2,-96.5762,16,19,20,0,-999,-999,0
18.5,60,162,3,-57.9484,4,-114.768,19,20,20,0,-999,-999,0
18.5,61,163,4,-72.6727,2,-90.998,16,19,20,0,-999,-999,0
18.5,61,163,4,-72.6727,3,-99.8165,20,20,20,0,-999,-999,0
18.5,61,163,4,-72.6727,1,-101.831,15,17,20,0,-999,-999,0
18.5,62,140,1,-69.2086,3,-59.5983,20,20,20,0,-999,-999,0
18.5,62,140,1,-69.2086,2,-82.5324,16,19,20,0,-999,-999,0
18.5,62,140,1,-69.2086,4,-91.7916,19,20,20,0,-999,-999,0
18.5,63,141,1,-69.1132,4,-59.8531,19,20,20,0,-999,-999,0
18.5,63,141,1,-69.1132,3,-71.8872,20,20,20,0,-999,-999,0
18.5,63,141,1,-69.1132,2,-99.2641,16,19,20,0,-999,-999,0
18.5,64,66,2,-84.9873,1,-55.3879,15,17,20,0,-999,-999,0
18.5,64,66,2,-84.9873,4,-67.1305,19,20,20,0,-999,-999,0
18.5,64,66,2,-84.9873,3,-92.7656,20,20,20,0,-999,-999,0
18.5,65,142,1,-79.5307,2,-54.5696,16,19,20,0,-999,-999,2
18.5,65,142,1,-79.5307,3,-61.2242,20,20,20,0,-999,-999,2
18.5,65,142,1,-79.5307,4,-100.756,19,20,20,0,-999,-999,2
18.5,66,67,2,-56.4922,3,-72.4915,20,20,20,0,-999,-999,0
18.5,66,67,2,-56.4922,4,-78.764,19,20,20,0,-999,-999,0
18.5,66,67,2,-56.4922,1,-89.0143,15,17,20,0,-999,-999,0
18.5,67,85,2,-100.726,4,-72.0641,19,20,20,0,-999,-999,0
18.5,67,85,2,-100.726,3,-86.3313,20,20,20,0,-999,-999,0
18.5,67,85,2,-100.726,1,-109.607,15,17,20,0,-999,-999,0
18.5,68,87,2,-59.9043,1,-72.9631,15,17,20,0,-999,-999,0
18.5,68,87,2,-59.9043,4,-96.0406,19,20,20,0,-999,-999,0
18.5,68,87,2,-59.9043,3,-96.51,20,20,20,0,-999,-999,0
18.5,69,166,4,-59.3181,3,-65.3493,20,20,20,0,-999,-999,0
18.5,69,166,4,-59.3181,2,-85.2252,16,20,20,0,-999,-999,0
18.5,69,166,4,-59.3181,1,-89.1486,15,17,20,0,-999,-999,0
18.5,70,164,4,-79.9455,2,-48.0411,16,20,20,0,-999,-999,0
18.5,70,164,4,-79.9455,3,-82.3372,20,20,20,0,-999,-999,0
18.5,70,164,4,-79.9455,1,-92.2725,15,17,20,0,-999,-999,0
18.5,71,70,2,-75.319,1,-51.3615,15,17,20,0,-999,-999,1
18.5,71,70,2,-75.319,3,-65.3665,20,20,20,0,-999,-999,1
18.5,71,70,2,-75.319,4,-83.4384,19,20,20,0,-999,-999,1
18.5,72,163,1,-89.7383,3,-64.6165,20,20,20,0,-999,-999,0
18.5,72,163,1,-89.7383,4,-80.0794,19,20,20,0,-999,-999,0
18.5,72,163,1,-89.7383,2,-83.4757,16,20,20,0,-999,-999,0
18.5,73,71,2,-81.8426,4,-65.5623,19,20,20,0,-999,-999,0
18.5,73,71,2,-81.8426,1,-90.5,15,18,20,0,-999,-999,0
18.5,73,71,2,-81.8426,3,-95.0611,20,20,20,0,-999,-999,0
18.5,74,72,2,-81.1382,1,-81.572,15,18,20,0,-999,-999,0
18.5,74,72,2,-81.1382,3,-82.1709,20,20,20,0,-999,-999,0
18.5,74,72,2,-81.1382,4,-102.312,19,20,20,0,-999,-999,0
20.5,5,36,1,-77.727,3,-66.8316,16,16,20,0,-999,-999,0
20.5,5,36,1,-77.727,2,-95.1825,17,17,20,0,-999,-999,0
20.5,5,36,1,-77.727,4,-107.703,20,20,20,0,-999,-999,0
20.5,6,43,4,-72.6034,3,-86.7929,16,16,20,0,-999,-999,0
20.5,6,43,4,-72.6034,2,-96.2576,17,17,20,0,-999,-999,0
20.5,6,43,4,-72.6034,1,-101.963,17,17,20,0,-999,-999,0
20.5,7,88,2,-57.7671,1,-74.2421,17,17,20,0,-999,-999,0
20.5,7,88,2,-57.7671,3,-88.2711,16,16,20,0,-999,-999,0
20.5,7,88,2,-57.7671,4,-89.8124,20,20,20,0,-999,-999,0
20.5,8,91,2,-59.1114,1,-60.1372,17,17,20,0,-999,-999,0
20.5,8,91,2,-59.1114,3,-70.5179,16,16,20,0,-999,-999,0
20.5,8,91,2,-59.1114,4,-91.3484,20,20,20,0,-999,-999,0
20.5,9,16,2,-39.6207,3,-50.6688,16,16,20,0,-999,-999,0
20.5,9,16,2,-39.6207,1,-63.7144,17,17,20,0,-999,-999,0
20.5,9,16,2,-39.6207,4,-79.8129,20,20,20,0,-999,-999,0
20.5,10,50,3,-63.0358,4,-70.9216,20,20,20,0,-999,-999,0
20.5,10,50,3,-63.0358,1,-71.528,17,17,20,0,-999,-999,0
20.5,10,50,3,-63.0358,2,-85.515,17,17,20,0,-999,-999,0
20.5,11,81,2,-63.3333,1,-67.0653,17,17,20,0,-999,-999,0
20.5,11,81,2,-63.3333,3,-86.7679,16,16,20,0,-999,-999,0
20.5,11,81,2,-63.3333,4,-88.5882,20,20,20,0,-999,-999,0
20.5,12,51,3,-83.3583,1,-66.7407,17,17,20,0,-999,-999,0
20.5,12,51,3,-83.3583,2,-85.8292,17,17,20,0,-999,-999,0
20.5,12,51,3,-83.3583,4,-118.753,20,20,20,0,-999,-999,0
20.5,13,38,1,-61.9361,3,-67.5369,16,16,20,0,-999,-999,0
20.5,13,38,1,-61.9361,2,-73.0813,17,17,20,0,-999,-999,0
20.5,13,38,1,-61.9361,4,-101.562,20,20,20,0,-999,-999,0
20.5,14,52,3,-82.3186,4,-87.3173,20,20,20,0,-999,-999,0
20.5,14,52,3,-82.3186,1,-89.3807,17,17,20,0,-999,-999,0
20.5,14,52,3,-82.3186,2,-92.0175,17,17,20,0,-999,-999,0
20.5,15,53,3,-66.7636,1,-72.2161,17,17,20,0,-999,-999,0
20.5,15,53,3,-66.7636,2,-80.8245,17,17,20,0,-999,-999,0
20.5,15,53,3,-66.7636,4,-95.0776,20,20,20,0,-999,-999,0
20.5,16,45,4,-76.839,2,-80.7077,17,17,20,0,-999,-999,0
20.5,16,45,4,-76.839,1,-96.4794,17,17,20,0,-999,-999,0
20.5,16,45,4,-76.839,3,-103.42,16,16,20,0,-999,-999,0
20.5,17,46,4,-77.6867,1,-72.7523,17,17,20,0,-999,-999,1
20.5,17,46,4,-77.6867,2,-74.9326,17,17,20,0,-999,-999,1
20.5,17,46,4,-77.6867,3,-97.3561,16,16,20,0,-999,-999,1
20.5,18,54,3,-67.2154,1,-57.0913,17,18,20,0,-999,-999,0
20.5,18,54,3,-67.2154,4,-73.6884,20,20,20,0,-999,-999,0
20.5,18,54,3,-67.2154,2,-81.94,17,17,20,0,-999,-999,0
20.5,19,55,3,-88.1008,2,-54.4475,17,17,20,0,-999,-999,0
20.5,19,55,3,-88.1008,1,-71.4841,17,18,20,0,-999,-999,0
20.5,19,55,3,-88.1008,4,-116.882,20,20,20,0,-999,-999,0
20.5,20,57,3,-62.1949,1,-43.0604,17,18,20,0,-999,-999,0
20.5,20,57,3,-62.1949,2,-84.3012,17,17,20,0,-999,-999,0
20.5,20,57,3,-62.1949,4,-105.178,20,20,20,0,-999,-999,0
20.5,21,47,4,-69.6608,2,-100.852,17,17,20,0,-999,-999,0
20.5,21,47,4,-69.6608,1,-106.338,17,18,20,0,-999,-999,0
20.5,21,47,4,-69.6608,3,-107.458,16,16,20,0,-999,-999,0
20.5,22,48,4,-76.2869,2,-91.8924,17,17,20,0,-999,-999,0
20.5,22,48,4,-76.2869,1,-93.3389,17,18,20,0,-999,-999,0
20.5,22,48,4,-76.2869,3,-98.0998,16,16,20,0,-999,-999,0
20.5,23,39,1,-51.5772,4,-73.9651,20,20,20,0,-999,-999,0
20.5,23,39,1,-51.5772,2,-76.2708,17,17,20,0,-999,-999,0
20.5,23,39,1,-51.5772,3,-87.4921,16,16,20,0,-999,-999,0
20.5,24,90,2,-88.8786,1,-75.3805,17,18,20,0,-999,-999,1
20.5,24,90,2,-88.8786,3,-77.1561,16,16,20,0,-999,-999,1
20.5,24,90,2,-88.8786,4,-109.955,20,20,20,0,-999,-999,1
20.5,25,165,4,-86.904,1,-85.0292,17,19,20,0,-999,-999,0
20.5,25,165,4,-86.904,3,-87.3458,16,16,20,0,-999,-999,0
20.5,25,165,4,-86.904,2,-99.4425,17,17,20,0,-999,-999,0
20.5,26,136,3,-84.1417,2,-45.8614,17,17,20,0,-999,-999,0
20.5,26,136,3,-84.1417,1,-69.0065,17,19,20,0,-999,-999,0
20.5,26,136,3,-84.1417,4,-95.1957,20,20,20,0,-999,-999,0
20.5,27,167,4,-81.4413,2,-63.3142,17,17,20,0,-999,-999,0
20.5,27,167,4,-81.4413,1,-72.2189,17,19,20,0,-999,-999,0
20.5,27,167,4,-81.4413,3,-80.3567,16,16,20,0,-999,-999,0
20.5,28,137,3,-65.1538,2,-67.7246,17,17,20,0,-999,-999,0
20.5,28,137,3,-65.1538,4,-70.6758,20,20,20,0,-999,-999,0
20.5,28,137,3,-65.1538,1,-78.059,17,19,20,0,-999,-999,0
20.5,29,131,1,-74.5955,2,-42.3325,17,17,20,0,-999,-999,2
20.5,29,131,1,-74.5955,3,-45.7413,16,16,20,0,-999,-999,2
20.5,29,131,1,-74.5955,4,-71.8641,20,20,20,0,-999,-999,2
20.5,30,165,1,-61.9973,3,-42.1756,16,16,20,0,-999,-999,0
20.5,30,165,1,-61.9973,2,-83.795,17,18,20,0,-999,-999,0
20.5,30,165,1,-61.9973,4,-106.844,20,20,20,0,-999,-999,0
20.5,31,138,3,-68.0067,2,-88.0477,17,18,20,0,-999,-999,0
20.5,31,138,3,-68.0067,1,-89.7216,17,19,20,0,-999,-999,0
20.5,31,138,3,-68.0067,4,-118.979,20,20,20,0,-999,-999,0
20.5,32,136,4,-58.3552,1,-77.6589,17,19,20,0,-999,-999,0
20.5,32,136,4,-58.3552,3,-84.5066,16,16,20,0,-999,-999,0
20.5,32,136,4,-58.3552,2,-94.2361,17,18,20,0,-999,-999,0
20.5,33,93,2,-73.2811,1,-54.6037,17,19,20,0,-999,-999,0
20.5,33,93,2,-73.2811,3,-60.2097,16,16,20,0,-999,-999,0
20.5,33,93,2,-73.2811,4,-98.8751,20,20,20,0,-999,-999,0
20.5,34,137,4,-82.5198,2,-63.959,17,18,20,0,-999,-999,0
20.5,34,137,4,-82.5198,3,-87.5242,16,16,20,0,-999,-999,0
20.5,34,137,4,-82.5198,1,-96.498,17,19,20,0,-999,-999,0
20.5,35,134,1,-58.519,3,-60.0222,16,16,20,0,-999,-999,0
20.5,35,134,1,-58.519,2,-79.1847,17,18,20,0,-999,-999,0
20.5,35,134,1,-58.519,4,-85.7139,20,20,20,0,-999,-999,0
20.5,36,138,4,-74.1113,2,-94.5919,17,18,20,0,-999,-999,0
20.5,36,138,4,-74.1113,1,-96.5856,17,19,20,0,-999,-999,0
20.5,36,138,4,-74.1113,3,-109.791,16,16,20,0,-999,-999,0
20.5,37,139,4,-74.9209,2,-69.5158,17,18,20,0,-999,-999,0
20.5,37,139,4,-74.9209,3,-76.1457,16,16,20,0,-999,-999,0
20.5,37,139,4,-74.9209,1,-88.6052,17,19,20,0,-999,-999,0
20.5,38,139,3,-84.0334,1,-61.8649,17,19,20,0,-999,-999,0
20.5,38,139,3,-84.0334,2,-69.5744,17,18,20,0,-999,-999,0
20.5,38,139,3,-84.0334,4,-109.136,20,20,20,0,-999,-999,0
20.5,39,135,1,-83.7076,2,-64.3423,17,18,20,0,-999,-999,2
20.5,39,135,1,-83.7076,4,-75.5013,20,20,20,0,-999,-999,2
20.5,39,135,1,-83.7076,3,-88.9327,16,16,20,0,-999,-999,2
20.5,40,140,4,-71.2295,3,-78.0852,16,16,20,0,-999,-999,0
20.5,40,140,4,-71.2295,1,-86.0593,17,19,20,0,-999,-999,0
20.5,40,140,4,-71.2295,2,-90.0973,17,19,20,0,-999,-999,0
20.5,41,65,2,-76.5602,1,-57.7594,17,19,20,0,-999,-999,0
20.5,41,65,2,-76.5602,3,-89.798,16,16,20,0,-999,-999,0
20.5,41,65,2,-76.5602,4,-91.4177,20,20,20,0,-999,-999,0
20.5,42,164,1,-85.6609,4,-45.7563,20,20,20,0,-999,-999,0
20.5,42,164,1,-85.6609,2,-90.8422,17,19,20,0,-999,-999,0
20.5,42,164,1,-85.6609,3,-90.9413,16,16,20,0,-999,-999,0
20.5,43,140,3,-57.1078,1,-59.8054,17,19,20,0,-999,-999,0
20.5,43,140,3,-57.1078,2,-88.2392,17,19,20,0,-999,-999,0
20.5,43,140,3,-57.1078,4,-106.181,20,20,20,0,-999,-999,0
20.5,44,84,2,-90.0265,4,-66.7044,20,20,20,0,-999,-999,0
20.5,44,84,2,-90.0265,3,-79.0697,16,16,20,0,-999,-999,0
20.5,44,84,2,-90.0265,1,-95.5123,17,19,20,0,-999,-999,0
20.5,45,136,1,-54.9737,2,-61.8249,17,19,20,0,-999,-999,0
20.5,45,136,1,-54.9737,4,-71.6484,20,20,20,0,-999,-999,0
20.5,45,136,1,-54.9737,3,-78.6946,16,16,20,0,-999,-999,0
20.5,46,142,4,-85.6006,2,-73.0124,17,19,20,0,-999,-999,0
20.5,46,142,4,-85.6006,1,-77.3875,17,19,20,0,-999,-999,0
20.5,46,142,4,-85.6006,3,-96.5013,16,16,20,0,-999,-999,0
20.5,47,137,1,-34.8352,2,-71.7175,17,19,20,0,-999,-999,0
20.5,47,137,1,-34.8352,3,-72.9464,16,16,20,0,-999,-999,0
20.5,47,137,1,-34.8352,4,-106.755,20,20,20,0,-999,-999,0
20.5,48,143,4,-67.1269,2,-83.167,17,19,20,0,-999,-999,0
20.5,48,143,4,-67.1269,3,-86.07,16,16,20,0,-999,-999,0
20.5,48,143,4,-67.1269,1,-96.0102,17,19,20,0,-999,-999,0
20.5,49,144,4,-62.3448,1,-88.5749,17,19,20,0,-999,-999,0
20.5,49,144,4,-62.3448,2,-94.1943,17,19,20,0,-999,-999,0
20.5,49,144,4,-62.3448,3,-107.197,16,16,20,0,-999,-999,0
20.5,50,166,1,-91.8045,3,-92.8663,16,16,20,0,-999,-999,0
20.5,50,166,1,-91.8045,2,-98.2394,17,19,20,0,-999,-999,0
20.5,50,166,1,-91.8045,4,-104.976,20,20,20,0,-999,-999,0
20.5,51,143,3,-66.9479,4,-63.6751,20,20,20,0,-999,-999,0
20.5,51,143,3,-66.9479,1,-71.6898,17,19,20,0,-999,-999,0
20.5,51,143,3,-66.9479,2,-73.8335,17,19,20,0,-999,-999,0
20.5,52,86,2,-91.6407,1,-64.3499,17,19,20,0,-999,-999,0
20.5,52,86,2,-91.6407,3,-80.4864,16,16,20,0,-999,-999,0
20.5,52,86,2,-91.6407,4,-107.829,20,20,20,0,-999,-999,0
20.5,53,94,2,-100.631,3,-84.0489,16,16,20,0,-999,-999,0
20.5,53,94,2,-100.631,4,-108.793,20,20,20,0,-999,-999,0
20.5,53,94,2,-100.631,1,-109.238,17,19,20,0,-999,-999,0
20.5,54,161,4,-84.1002,1,-68.2706,17,19,20,0,-999,-999,0
20.5,54,161,4,-84.1002,2,-77.5657,17,19,20,0,-999,-999,0
20.5,54,161,4,-84.1002,3,-90.6526,16,16,20,0,-999,-999,0
20.5,55,162,4,-81.8746,2,-88.8609,17,19,20,0,-999,-999,0
20.5,55,162,4,-81.8746,3,-88.9622,16,16,20,0,-999,-999,0
20.5,55,162,4,-81.8746,1,-90.1995,17,19,20,0,-999,-999,0
20.5,56,138,1,-41.7486,2,-70.0683,17,19,20,0,-999,-999,0
20.5,56,138,1,-41.7486,3,-75.2078,16,16,20,0,-999,-999,0
20.5,56,138,1,-41.7486,4,-85.5068,20,20,20,0,-999,-999,0
20.5,57,146,3,-86.8691,2,-70.4366,17,19,20,0,-999,-999,0
20.5,57,146,3,-86.8691,1,-88.833,17,19,20,0,-999,-999,0
20.5,57,146,3,-86.8691,4,-112.108,20,20,20,0,-999,-999,0
20.5,58,147,3,-85.0653,1,-67.4722,17,19,20,0,-999,-999,0
20.5,58,147,3,-85.0653,2,-69.33,17,19,20,0,-999,-999,0
20.5,58,147,3,-85.0653,4,-109.86,20,20,20,0,-999,-999,0
20.5,59,139,1,-81.9964,2,-75.9355,17,19,20,0,-999,-999,0
20.5,59,139,1,-81.9964,3,-88.4023,16,16,20,0,-999,-999,0
20.5,59,139,1,-81.9964,4,-101.171,20,20,20,0,-999,-999,0
20.5,60,162,3,-89.5716,2,-69.4596,17,19,20,0,-999,-999,0
20.5,60,162,3,-89.5716,1,-82.9895,17,19,20,0,-999,-999,0
20.5,60,162,3,-89.5716,4,-113.29,20,20,20,0,-999,-999,0
20.5,61,163,4,-73.6521,2,-62.2527,17,19,20,0,-999,-999,0
20.5,61,163,4,-73.6521,3,-102.305,16,16,20,0,-999,-999,0
20.5,61,163,4,-73.6521,1,-106.476,17,19,20,0,-999,-999,0
20.5,62,140,1,-66.0214,2,-65.4829,17,19,20,0,-999,-999,0
20.5,62,140,1,-66.0214,3,-87.1973,16,16,20,0,-999,-999,0
20.5,62,140,1,-66.0214,4,-102.635,20,20,20,0,-999,-999,0
20.5,63,141,1,-94.3978,3,-79.3457,16,16,20,0,-999,-999,0
20.5,63,141,1,-94.3978,2,-97.5317,17,19,20,0,-999,-999,0
20.5,63,141,1,-94.3978,4,-102.171,20,20,20,0,-999,-999,0
20.5,64,66,2,-50.2428,1,-72.429,17,19,20,0,-999,-999,0
20.5,64,66,2,-50.2428,3,-76.6554,16,16,20,0,-999,-999,0
20.5,64,66,2,-50.2428,4,-85.9842,20,20,20,0,-999,-999,0
20.5,65,92,2,-86.8909,3,-71.9298,16,16,20,0,-999,-999,0
20.5,65,92,2,-86.8909,1,-83.8469,17,19,20,0,-999,-999,0
20.5,65,92,2,-86.8909,4,-94.2372,20,20,20,0,-999,-999,0
20.5,66,67,2,-95.8005,1,-85.7216,17,19,20,0,-999,-999,0
20.5,66,67,2,-95.8005,3,-86.4858,16,16,20,0,-999,-999,0
20.5,66,67,2,-95.8005,4,-98.2639,20,20,20,0,-999,-999,0
20.5,67,85,2,-92.0553,3,-90.2816,16,16,20,0,-999,-999,0
20.5,67,85,2,-92.0553,1,-101.277,17,19,20,0,-999,-999,0
20.5,67,85,2,-92.0553,4,-105.855,20,20,20,0,-999,-999,0
20.5,68,87,2,-90.086,4,-61.066,20,20,20,0,-999,-999,0
20.5,68,87,2,-90.086,1,-65.1393,17,19,20,0,-999,-999,0
20.5,68,87,2,-90.086,3,-78.6824,16,16,20,0,-999,-999,0
20.5,69,166,4,-78.0033,2,-66.283,17,19,20,0,-999,-999,0
20.5,69,166,4,-78.0033,1,-68.7458,17,19,20,0,-999,-999,0
20.5,69,166,4,-78.0033,3,-88.2762,16,16,20,0,-999,-999,0
20.5,70,164,4,-77.3896,2,-66.9376,17,19,20,0,-999,-999,0
20.5,70,164,4,-77.3896,1,-67.8848,17,19,20,0,-999,-999,0
20.5,70,164,4,-77.3896,3,-76.9556,16,16,20,0,-999,-999,0
20.5,71,167,1,-82.8374,2,-74.4173,17,19,20,0,-999,-999,0
20.5,71,167,1,-82.8374,4,-86.3392,20,20,20,0,-999,-999,0
20.5,71,167,1,-82.8374,3,-88.8345,16,16,20,0,-999,-999,0
20.5,72,163,1,-49.8146,2,-90.3572,17,19,20,0,-999,-999,0
20.5,72,163,1,-49.8146,3,-91.3984,16,16,20,0,-999,-999,0
20.5,72,163,1,-49.8146,4,-109.282,20,20,20,0,-999,-999,0
20.5,73,71,2,-87.6696,1,-66.8666,17,19,20,0,-999,-999,0
20.5,73,71,2,-87.6696,4,-67.279,20,20,20,0,-999,-999,0
20.5,73,71,2,-87.6696,3,-92.8767,16,16,20,0,-999,-999,0
20.5,74,72,2,-91.8606,1,-65.9894,17,19,20,0,-999,-999,0
20.5,74,72,2,-91.8606,3,-91.3843,16,16,20,0,-999,-999,0
20.5,74,72,2,-91.8606,4,-105.397,20,20,20,0,-999,-999,0
22.5,5,36,1,-53.2807,3,-76.8178,16,16,20,0,-999,-999,0
22.5,5,36,1,-53.2807,2,-85.8577,18,18,20,0,-999,-999,0
22.5,5,36,1,-53.2807,4,-99.6871,19,19,20,0,-999,-999,0
22.5,6,43,4,-40.6654,3,-86.6849,16,16,20,0,-999,-999,0
22.5,6,43,4,-40.6654,2,-92.7993,18,18,20,0,-999,-999,0
22.5,6,43,4,-40.6654,1,-103.247,17,17,20,0,-999,-999,0
22.5,7,88,2,-37.6929,1,-77.1977,17,17,20,0,-999,-999,0
22.5,7,88,2,-37.6929,3,-83.9474,16,16,20,0,-999,-999,0
22.5,7,88,2,-37.6929,4,-88.2307,19,19,20,0,-999,-999,0
22.5,8,91,2,-47.0931,1,-64.032,17,17,20,0,-999,-999,0
22.5,8,91,2,-47.0931,3,-82.3947,16,16,20,0,-999,-999,0
22.5,8,91,2,-47.0931,4,-94.8624,19,19,20,0,-999,-999,0
22.5,9,16,2,-46.6169,1,-53.2929,17,17,20,0,-999,-999,0
22.5,9,16,2,-46.6169,4,-83.7035,19,19,20,0,-999,-999,0
22.5,9,16,2,-46.6169,3,-87.8174,16,16,20,0,-999,-999,0
22.5,10,50,3,-60.9764,1,-76.4523,17,17,20,0,-999,-999,0
22.5,10,50,3,-60.9764,2,-86.8486,18,18,20,0,-999,-999,0
22.5,10,50,3,-60.9764,4,-102.569,19,19,20,0,-999,-999,0
22.5,11,81,2,-80.3017,4,-49.7541,19,19,20,0,-999,-999,0
22.5,11,81,2,-80.3017,3,-79.4475,16,16,20,0,-999,-999,0
22.5,11,81,2,-80.3017,1,-83.6739,17,17,20,0,-999,-999,0
22.5,12,51,3,-58.9007,1,-85.2474,17,17,20,0,-999,-999,0
22.5,12,51,3,-58.9007,2,-94.3048,18,18,20,0,-999,-999,0
22.5,12,51,3,-58.9007,4,-115.927,19,19,20,0,-999,-999,0
22.5,13,38,1,-63.1686,2,-71.0647,18,18,20,0,-999,-999,0
22.5,13,38,1,-63.1686,3,-77.0157,16,16,20,0,-999,-999,0
22.5,13,38,1,-63.1686,4,-91.3944,19,19,20,0,-999,-999,0
22.5,14,52,3,-46.4119,4,-88.8999,19,19,20,0,-999,-999,0
22.5,14,52,3,-46.4119,2,-90.1858,18,18,20,0,-999,-999,0
22.5,14,52,3,-46.4119,1,-90.9949,17,17,20,0,-999,-999,0
22.5,15,53,3,-65.8469,1,-79.2256,17,17,20,0,-999,-999,0
22.5,15,53,3,-65.8469,2,-79.6954,18,18,20,0,-999,-999,0
22.5,15,53,3,-65.8469,4,-96.3634,19,19,20,0,-999,-999,0
22.5,16,45,4,-44.1371,1,-67.0558,17,17,20,0,-999,-999,0
22.5,16,45,4,-44.1371,2,-90.7438,18,18,20,0,-999,-999,0
22.5,16,45,4,-44.1371,3,-102.403,16,16,20,0,-999,-999,0
22.5,17,168,1,-88.8668,4,-81.1319,19,19,20,0,-999,-999,0
22.5,17,168,1,-88.8668,2,-90.3725,18,18,20,0,-999,-999,0
22.5,17,168,1,-88.8668,3,-100.672,16,16,20,0,-999,-999,0
22.5,18,54,3,-66.6522,1,-73.3897,17,17,20,0,-999,-999,0
22.5,18,54,3,-66.6522,2,-81.8201,18,18,20,0,-999,-999,0
22.5,18,54,3,-66.6522,4,-97.4762,19,19,20,0,-999,-999,0
22.5,19,55,3,-90.461,2,-54.8411,18,18,20,0,-999,-999,2
22.5,19,55,3,-90.461,1,-88.0045,17,17,20,0,-999,-999,2
22.5,19,55,3,-90.461,4,-113.037,19,19,20,0,-999,-999,2
22.5,20,57,3,-65.6355,2,-46.6178,18,19,20,0,-999,-999,0
22.5,20,57,3,-65.6355,1,-80.8696,17,17,20,0,-999,-999,0
22.5,20,57,3,-65.6355,4,-110.099,19,19,20,0,-999,-999,0
22.5,21,47,4,-69.3679,2,-73.9699,18,19,20,0,-999,-999,0
22.5,21,47,4,-69.3679,3,-108.994,16,16,20,0,-999,-999,0
22.5,21,47,4,-69.3679,1,-110.932,17,17,20,0,-999,-999,0
22.5,22,48,4,-76.892,2,-90.4485,18,19,20,0,-999,-999,0
22.5,22,48,4,-76.892,1,-94.3104,17,17,20,0,-999,-999,0
22.5,22,48,4,-76.892,3,-97.5007,16,16,20,0,-999,-999,0
22.5,23,39,1,-21.6317,2,-79.1107,18,19,20,0,-999,-999,0
22.5,23,39,1,-21.6317,4,-84.9815,19,19,20,0,-999,-999,0
22.5,23,39,1,-21.6317,3,-86.2848,16,16,20,0,-999,-999,0
22.5,24,169,1,-77.5372,3,-77.2999,16,16,20,0,-999,-999,0
22.5,24,169,1,-77.5372,2,-79.9,18,19,20,0,-999,-999,0
22.5,24,169,1,-77.5372,4,-104.945,19,19,20,0,-999,-999,0
22.5,25,165,4,-81.2539,3,-80.1893,16,16,20,0,-999,-999,0
22.5,25,165,4,-81.2539,1,-96.5686,17,17,20,0,-999,-999,0
22.5,25,165,4,-81.2539,2,-99.0824,18,19,20,0,-999,-999,0
22.5,26,136,3,-50.2883,4,-63.3265,19,19,20,0,-999,-999,0
22.5,26,136,3,-50.2883,1,-83.8432,17,17,20,0,-999,-999,0
22.5,26,136,3,-50.2883,2,-84.2302,18,19,20,0,-999,-999,0
22.5,27,167,4,-84.9688,2,-81.7118,18,19,20,0,-999,-999,2
22.5,27,167,4,-84.9688,3,-91.3186,16,16,20,0,-999,-999,2
22.5,27,167,4,-84.9688,1,-93.6199,17,17,20,0,-999,-999,2
22.5,28,137,3,-84.4225,2,-52.2385,18,20,20,0,-999,-999,0
22.5,28,137,3,-84.4225,1,-82.8705,17,17,20,0,-999,-999,0
22.5,28,137,3,-84.4225,4,-95.3327,19,19,20,0,-999,-999,0
22.5,29,95,2,-76.8213,1,-38.2633,17,17,20,0,-999,-999,0
22.5,29,95,2,-76.8213,3,-59.4717,16,16,20,0,-999,-999,0
22.5,29,95,2,-76.8213,4,-105.447,19,19,20,0,-999,-999,0
22.5,30,165,1,-74.3759,3,-52.5302,16,16,20,0,-999,-999,3
22.5,30,165,1,-74.3759,2,-79.5974,18,20,20,0,-999,-999,3
22.5,30,165,1,-74.3759,4,-104.145,19,19,20,0,-999,-999,3
22.5,31,138,3,-58.9654,1,-85.8236,17,17,20,0,-999,-999,0
22.5,31,138,3,-58.9654,2,-95.6125,18,20,20,0,-999,-999,0
22.5,31,138,3,-58.9654,4,-121.726,19,19,20,0,-999,-999,0
22.5,32,136,4,-59.011,1,-90.175,17,17,20,0,-999,-999,0
22.5,32,136,4,-59.011,2,-100.127,18,20,20,0,-999,-999,0
22.5,32,136,4,-59.011,3,-102.287,16,17,20,0,-999,-999,0
22.5,33,93,2,-78.7942,3,-52.3663,16,17,20,0,-999,-999,0
22.5,33,93,2,-78.7942,1,-72.1952,17,17,20,0,-999,-999,0
22.5,33,93,2,-78.7942,4,-99.5939,19,19,20,0,-999,-999,0
22.5,34,137,4,-74.2644,3,-84.9331,16,17,20,0,-999,-999,0
22.5,34,137,4,-74.2644,2,-100.074,18,20,20,0,-999,-999,0
22.5,34,137,4,-74.2644,1,-104.057,17,17,20,0,-999,-999,0
22.5,35,134,1,-84.3211,3,-68.3921,16,17,20,0,-999,-999,0
22.5,35,134,1,-84.3211,2,-80.9881,18,20,20,0,-999,-999,0
22.5,35,134,1,-84.3211,4,-87.1654,19,19,20,0,-999,-999,0
22.5,36,138,4,-79.1301,2,-70.2785,18,20,20,0,-999,-999,0
22.5,36,138,4,-79.1301,3,-76.2448,16,17,20,0,-999,-999,0
22.5,36,138,4,-79.1301,1,-96.3042,17,17,20,0,-999,-999,0
22.5,37,139,4,-75.5684,1,-80.7021,17,17,20,0,-999,-999,0
22.5,37,139,4,-75.5684,2,-89.1269,18,20,20,0,-999,-999,0
22.5,37,139,4,-75.5684,3,-99.2097,16,17,20,0,-999,-999,0
22.5,38,139,3,-54.2571,2,-55.336,18,20,20,0,-999,-999,0
22.5,38,139,3,-54.2571,1,-68.0404,17,17,20,0,-999,-999,0
22.5,38,139,3,-54.2571,4,-101.962,19,19,20,0,-999,-999,0
22.5,39,96,2,-84.226,1,-83.019,17,17,20,0,-999,-999,0
22.5,39,96,2,-84.226,3,-86.0658,16,17,20,0,-999,-999,0
22.5,39,96,2,-84.226,4,-98.7304,19,19,20,0,-999,-999,0
22.5,40,140,4,-76.2589,3,-62.3825,16,17,20,0,-999,-999,0
22.5,40,140,4,-76.2589,2,-71.839,18,20,20,0,-999,-999,0
22.5,40,140,4,-76.2589,1,-78.4068,17,17,20,0,-999,-999,0
22.5,41,65,2,-80.465,4,-70.9948,19,19,20,0,-999,-999,0
22.5,41,65,2,-80.465,3,-78.6158,16,17,20,0,-999,-999,0
22.5,41,65,2,-80.465,1,-85.5283,17,17,20,0,-999,-999,0
22.5,42,164,1,-82.5687,2,-79.5315,18,20,20,0,-999,-999,0
22.5,42,164,1,-82.5687,3,-86.7616,16,17,20,0,-999,-999,0
22.5,42,164,1,-82.5687,4,-90.5572,19,19,20,0,-999,-999,0
22.5,43,140,3,-53.7872,4,-69.8162,19,19,20,0,-999,-999,0
22.5,43,140,3,-53.7872,1,-78.5275,17,17,20,0,-999,-999,0
22.5,43,140,3,-53.7872,2,-80.9452,18,20,20,0,-999,-999,0
22.5,44,84,2,-88.6351,3,-59.3271,16,17,20,0,-999,-999,3
22.5,44,84,2,-88.6351,1,-91.9016,17,17,20,0,-999,-999,3
22.5,44,84,2,-88.6351,4,-96.4843,19,19,20,0,-999,-999,3
22.5,45,136,1,-71.5583,3,-76.2253,16,18,20,0,-999,-999,0
22.5,45,136,1,-71.5583,2,-80.7424,18,20,20,0,-999,-999,0
22.5,45,136,1,-71.5583,4,-102.406,19,19,20,0,-999,-999,0
22.5,46,142,4,-79.249,1,-80.1609,17,17,20,0,-999,-999,0
22.5,46,142,4,-79.249,2,-86.3579,18,20,20,0,-999,-999,0
22.5,46,142,4,-79.249,3,-98.657,16,18,20,0,-999,-999,0
22.5,47,137,1,-60.1127,2,-39.2444,18,20,20,0,-999,-999,0
22.5,47,137,1,-60.1127,3,-81.5431,16,18,20,0,-999,-999,0
22.5,47,137,1,-60.1127,4,-104.819,19,19,20,0,-999,-999,0
22.5,48,143,4,-76.7103,2,-99.2858,18,20,20,0,-999,-999,0
22.5,48,143,4,-76.7103,3,-99.899,16,18,20,0,-999,-999,0
22.5,48,143,4,-76.7103,1,-108.337,17,17,20,0,-999,-999,0
22.5,49,144,4,-64.5068,3,-85.5701,16,18,20,0,-999,-999,0
22.5,49,144,4,-64.5068,2,-86.7158,18,20,20,0,-999,-999,0
22.5,49,144,4,-64.5068,1,-94.8285,17,17,20,0,-999,-999,0
22.5,50,166,1,-97.0414,2,-65.6622,18,20,20,0,-999,-999,0
22.5,50,166,1,-97.0414,3,-94.313,16,18,20,0,-999,-999,0
22.5,50,166,1,-97.0414,4,-96.2662,19,19,20,0,-999,-999,0
22.5,51,143,3,-89.8586,4,-68.4487,19,19,20,0,-999,-999,0
22.5,51,143,3,-89.8586,2,-91.0101,18,20,20,0,-999,-999,0
22.5,51,143,3,-89.8586,1,-95.5053,17,17,20,0,-999,-999,0
22.5,52,86,2,-90.8477,1,-46.5557,17,17,20,0,-999,-999,1
22.5,52,86,2,-90.8477,3,-86.8741,16,18,20,0,-999,-999,1
22.5,52,86,2,-90.8477,4,-88.4133,19,19,20,0,-999,-999,1
22.5,53,94,2,-64.3214,3,-54.6016,16,18,20,0,-999,-999,3
22.5,53,94,2,-64.3214,4,-101.145,19,19,20,0,-999,-999,3
22.5,53,94,2,-64.3214,1,-103.791,17,18,20,0,-999,-999,3
22.5,54,161,4,-79.1363,1,-56.9591,17,18,20,0,-999,-999,1
22.5,54,161,4,-79.1363,2,-80.0024,18,20,20,0,-999,-999,1
22.5,54,161,4,-79.1363,3,-94.1083,16,19,20,0,-999,-999,1
22.5,55,162,4,-85.9409,1,-54.8693,17,19,20,0,-999,-999,0
22.5,55,162,4,-85.9409,2,-59.3388,18,20,20,0,-999,-999,0
22.5,55,162,4,-85.9409,3,-78.5791,16,19,20,0,-999,-999,0
22.5,56,138,1,-35.4855,3,-82.1683,16,19,20,0,-999,-999,0
22.5,56,138,1,-35.4855,4,-87.7788,19,19,20,0,-999,-999,0
22.5,56,138,1,-35.4855,2,-88.1208,18,20,20,0,-999,-999,0
22.5,57,146,3,-51.6252,2,-86.9288,18,20,20,0,-999,-999,0
22.5,57,146,3,-51.6252,1,-91.9869,17,19,20,0,-999,-999,0
22.5,57,146,3,-51.6252,4,-114.034,19,19,20,0,-999,-999,0
22.5,58,147,3,-59.1403,1,-85.3371,17,19,20,0,-999,-999,0
22.5,58,147,3,-59.1403,2,-89.0167,18,20,20,0,-999,-999,0
22.5,58,147,3,-59.1403,4,-105.414,19,19,20,0,-999,-999,0
22.5,59,139,1,-78.8362,3,-79.2177,16,19,20,0,-999,-999,0
22.5,59,139,1,-78.8362,2,-88.7834,18,20,20,0,-999,-999,0
22.5,59,139,1,-78.8362,4,-103.646,19,19,20,0,-999,-999,0
22.5,60,162,3,-58.3935,1,-85.5629,17,19,20,0,-999,-999,0
22.5,60,162,3,-58.3935,2,-92.9144,18,20,20,0,-999,-999,0
22.5,60,162,3,-58.3935,4,-111.573,19,19,20,0,-999,-999,0
22.5,61,163,4,-73.5252,2,-65.0779,18,20,20,0,-999,-999,0
22.5,61,163,4,-73.5252,3,-81.0892,16,19,20,0,-999,-999,0
22.5,61,163,4,-73.5252,1,-103.795,17,19,20,0,-999,-999,0
22.5,62,140,1,-74.4894,3,-80.2591,16,19,20,0,-999,-999,0
22.5,62,140,1,-74.4894,2,-81.4885,18,20,20,0,-999,-999,0
22.5,62,140,1,-74.4894,4,-101.385,19,19,20,0,-999,-999,0
22.5,63,141,1,-89.6567,4,-90.8796,19,19,20,0,-999,-999,0
22.5,63,141,1,-89.6567,3,-93.4722,16,19,20,0,-999,-999,0
22.5,63,141,1,-89.6567,2,-99.0745,18,20,20,0,-999,-999,0
22.5,64,66,2,-94.5958,4,-62.88,19,19,20,0,-999,-999,0
22.5,64,66,2,-94.5958,3,-65.9209,16,19,20,0,-999,-999,0
22.5,64,66,2,-94.5958,1,-97.484,17,19,20,0,-999,-999,0
22.5,65,92,2,-48.169,1,-55.0353,17,19,20,0,-999,-999,0
22.5,65,92,2,-48.169,3,-76.3831,16,19,20,0,-999,-999,0
22.5,65,92,2,-48.169,4,-95.206,19,19,20,0,-999,-999,0
22.5,66,67,2,-85.3716,4,-76.8093,19,19,20,0,-999,-999,0
22.5,66,67,2,-85.3716,3,-85.3962,16,19,20,0,-999,-999,0
22.5,66,67,2,-85.3716,1,-90.8078,17,19,20,0,-999,-999,0
22.5,67,85,2,-61.6919,3,-88.7799,16,19,20,0,-999,-999,0
22.5,67,85,2,-61.6919,4,-98.5125,19,19,20,0,-999,-999,0
22.5,67,85,2,-61.6919,1,-103.457,17,19,20,0,-999,-999,0
22.5,68,87,2,-96.3923,1,-78.5008,17,19,20,0,-999,-999,1
22.5,68,87,2,-96.3923,3,-89.6173,16,19,20,0,-999,-999,1
22.5,68,87,2,-96.3923,4,-92.1724,19,19,20,0,-999,-999,1
22.5,69,166,4,-76.1614,2,-83.5318,18,20,20,0,-999,-999,0
22.5,69,166,4,-76.1614,1,-85.6347,17,20,20,0,-999,-999,0
22.5,69,166,4,-76.1614,3,-88.4533,16,19,20,0,-999,-999,0
22.5,70,164,4,-78.4837,2,-51.1369,18,20,20,0,-999,-999,0
22.5,70,164,4,-78.4837,1,-81.1215,17,20,20,0,-999,-999,0
22.5,70,164,4,-78.4837,3,-91.3272,16,19,20,0,-999,-999,0
22.5,71,167,1,-74.7712,4,-48.9864,19,19,20,0,-999,-999,0
22.5,71,167,1,-74.7712,2,-61.0857,18,20,20,0,-999,-999,0
22.5,71,167,1,-74.7712,3,-81.333,16,19,20,0,-999,-999,0
22.5,72,163,1,-79.0147,3,-90.3891,16,19,20,0,-999,-999,0
22.5,72,163,1,-79.0147,2,-92.0166,18,20,20,0,-999,-999,0
22.5,72,163,1,-79.0147,4,-108.188,19,19,20,0,-999,-999,0
22.5,73,71,2,-79.2498,1,-59.8793,17,20,20,0,-999,-999,0
22.5,73,71,2,-79.2498,3,-63.1157,16,19,20,0,-999,-999,0
22.5,73,71,2,-79.2498,4,-81.9815,19,19,20,0,-999,-999,0
22.5,74,72,2,-50.1726,1,-72.6813,17,20,20,0,-999,-999,0
22.5,74,72,2,-50.1726,4,-75.2502,19,19,20,0,-999,-999,0
22.5,74,72,2,-50.1726,3,-82.5025,16,19,20,0,-999,-999,0
24.5,5,36,1,-86.4697,3,-81.8569,18,18,20,0,-999,-999,0
24.5,5,36,1,-86.4697,2,-84.1637,16,16,20,0,-999,-999,0
24.5,5,36,1,-86.4697,4,-104.368,17,17,20,0,-999,-999,0
24.5,6,43,4,-73.3633,2,-64.869,16,16,20,0,-999,-999,0
24.5,6,43,4,-73.3633,3,-81.9253,18,18,20,0,-999,-999,0
24.5,6,43,4,-73.3633,1,-91.2252,19,19,20,0,-999,-999,0
24.5,7,88,2,-71.4258,4,-57.3687,17,17,20,0,-999,-999,0
24.5,7,88,2,-71.4258,1,-78.1779,19,19,20,0,-999,-999,0
24.5,7,88,2,-71.4258,3,-88.6929,18,18,20,0,-999,-999,0
24.5,8,91,2,-83.7603,1,-78.281,19,19,20,0,-999,-999,0
24.5,8,91,2,-83.7603,3,-83.7854,18,18,20,0,-999,-999,0
24.5,8,91,2,-83.7603,4,-94.0649,17,17,20,0,-999,-999,0
24.5,9,16,2,-46.0135,4,-75.6034,17,17,20,0,-999,-999,0
24.5,9,16,2,-46.0135,3,-86.5063,18,18,20,0,-999,-999,0
24.5,9,16,2,-46.0135,1,-91.5797,19,19,20,0,-999,-999,0
24.5,10,50,3,-61.1998,1,-79.328,19,19,20,0,-999,-999,0
24.5,10,50,3,-61.1998,2,-85.6971,16,16,20,0,-999,-999,0
24.5,10,50,3,-61.1998,4,-102.015,17,17,20,0,-999,-999,0
24.5,11,81,2,-77.7534,3,-84.6307,18,18,20,0,-999,-999,0
24.5,11,81,2,-77.7534,4,-87.4067,17,17,20,0,-999,-999,0
24.5,11,81,2,-77.7534,1,-87.5035,19,19,20,0,-999,-999,0
24.5,12,51,3,-48.854,2,-87.7586,16,16,20,0,-999,-999,0
24.5,12,51,3,-48.854,1,-88.4909,19,19,20,0,-999,-999,0
24.5,12,51,3,-48.854,4,-118.952,17,17,20,0,-999,-999,0
24.5,13,38,1,-65.9632,2,-62.165,16,16,20,0,-999,-999,0
24.5,13,38,1,-65.9632,4,-69.7131,17,17,20,0,-999,-999,0
24.5,13,38,1,-65.9632,3,-76.7013,18,18,20,0,-999,-999,0
24.5,14,52,3,-80.4359,1,-46.6879,19,19,20,0,-999,-999,0
24.5,14,52,3,-80.4359,2,-90.552,16,16,20,0,-999,-999,0
24.5,14,52,3,-80.4359,4,-107.46,17,17,20,0,-999,-999,0
24.5,15,53,3,-58.9809,2,-80.9993,16,16,20,0,-999,-999,0
24.5,15,53,3,-58.9809,1,-86.5287,19,19,20,0,-999,-999,0
24.5,15,53,3,-58.9809,4,-92.5821,17,17,20,0,-999,-999,0
24.5,16,45,4,-48.7681,2,-65.7105,16,16,20,0,-999,-999,0
24.5,16,45,4,-48.7681,1,-66.7339,19,19,20,0,-999,-999,0
24.5,16,45,4,-48.7681,3,-105.843,18,18,20,0,-999,-999,0
24.5,17,168,1,-89.7593,3,-55.1864,18,18,20,0,-999,-999,0
24.5,17,168,1,-89.7593,4,-84.2067,17,17,20,0,-999,-999,0
24.5,17,168,1,-89.7593,2,-85.3118,16,16,20,0,-999,-999,0
24.5,18,54,3,-33.7842,1,-68.4881,19,19,20,0,-999,-999,0
24.5,18,54,3,-33.7842,2,-81.0003,16,16,20,0,-999,-999,0
24.5,18,54,3,-33.7842,4,-103.441,17,17,20,0,-999,-999,0
24.5,19,97,2,-97.8648,3,-51.5843,18,18,20,0,-999,-999,0
24.5,19,97,2,-97.8648,1,-89.697,19,19,20,0,-999,-999,0
24.5,19,97,2,-97.8648,4,-108.012,17,17,20,0,-999,-999,0
24.5,20,57,3,-85.0508,2,-51.4728,16,16,20,0,-999,-999,2
24.5,20,57,3,-85.0508,1,-76.2063,19,19,20,0,-999,-999,2
24.5,20,57,3,-85.0508,4,-106.391,17,17,20,0,-999,-999,2
24.5,21,47,4,-72.153,2,-99.6299,16,17,20,0,-999,-999,0
24.5,21,47,4,-72.153,3,-105.602,18,18,20,0,-999,-999,0
24.5,21,47,4,-72.153,1,-107.647,19,19,20,0,-999,-999,0
24.5,22,48,4,-62.5657,2,-66.4774,16,17,20,0,-999,-999,0
24.5,22,48,4,-62.5657,1,-98.2478,19,19,20,0,-999,-999,0
24.5,22,48,4,-62.5657,3,-105.573,18,18,20,0,-999,-999,0
24.5,23,39,1,-22.6217,2,-70.494,16,17,20,0,-999,-999,0
24.5,23,39,1,-22.6217,4,-85.1386,17,17,20,0,-999,-999,0
24.5,23,39,1,-22.6217,3,-85.5773,18,18,20,0,-999,-999,0
24.5,24,169,1,-74.485,3,-73.5088,18,18,20,0,-999,-999,0
24.5,24,169,1,-74.485,2,-79.0926,16,17,20,0,-999,-999,0
24.5,24,169,1,-74.485,4,-105.082,17,17,20,0,-999,-999,0
24.5,25,165,4,-59.3831,2,-93.8797,16,17,20,0,-999,-999,0
24.5,25,165,4,-59.3831,1,-97.7012,19,19,20,0,-999,-999,0
24.5,25,165,4,-59.3831,3,-101.808,18,18,20,0,-999,-999,0
24.5,26,136,3,-41.4792,4,-59.4394,17,17,20,0,-999,-999,0
24.5,26,136,3,-41.4792,2,-81.245,16,17,20,0,-999,-999,0
24.5,26,136,3,-41.4792,1,-86.0892,19,19,20,0,-999,-999,0
24.5,27,98,2,-83.7767,4,-73.7092,17,17,20,0,-999,-999,0
24.5,27,98,2,-83.7767,1,-88.7518,19,19,20,0,-999,-999,0
24.5,27,98,2,-83.7767,3,-93.9129,18,18,20,0,-999,-999,0
24.5,28,137,3,-87.2843,2,-72.8854,16,17,20,0,-999,-999,0
24.5,28,137,3,-87.2843,1,-86.3178,19,19,20,0,-999,-999,0
24.5,28,137,3,-87.2843,4,-94.2357,17,17,20,0,-999,-999,0
24.5,29,95,2,-46.4989,3,-45.2983,18,18,20,0,-999,-999,0
24.5,29,95,2,-46.4989,1,-72.6073,19,19,20,0,-999,-999,0
24.5,29,95,2,-46.4989,4,-106.935,17,17,20,0,-999,-999,0
24.5,30,165,3,-44.1085,2,-83.1793,16,17,20,0,-999,-999,0
24.5,30,165,3,-44.1085,1,-83.3386,19,19,20,0,-999,-999,0
24.5,30,165,3,-44.1085,4,-100.583,17,17,20,0,-999,-999,0
24.5,31,138,3,-86.2314,1,-89.0966,19,19,20,0,-999,-999,0
24.5,31,138,3,-86.2314,2,-92.8458,16,17,20,0,-999,-999,0
24.5,31,138,3,-86.2314,4,-116.977,17,17,20,0,-999,-999,0
24.5,32,136,4,-36.8098,1,-90.8182,19,19,20,0,-999,-999,0
24.5,32,136,4,-36.8098,2,-95.8942,16,17,20,0,-999,-999,0
24.5,32,136,4,-36.8098,3,-111.125,18,18,20,0,-999,-999,0
24.5,33,93,2,-75.9517,1,-75.0554,19,19,20,0,-999,-999,0
24.5,33,93,2,-75.9517,3,-79.5922,18,18,20,0,-999,-999,0
24.5,33,93,2,-75.9517,4,-103.898,17,17,20,0,-999,-999,0
24.5,34,137,4,-80.6802,2,-92.8899,16,17,20,0,-999,-999,0
24.5,34,137,4,-80.6802,1,-103.261,19,19,20,0,-999,-999,0
24.5,34,137,4,-80.6802,3,-106.882,18,18,20,0,-999,-999,0
24.5,35,134,1,-78.3688,3,-79.5761,18,18,20,0,-999,-999,0
24.5,35,134,1,-78.3688,2,-83.3944,16,17,20,0,-999,-999,0
24.5,35,134,1,-78.3688,4,-107.43,17,17,20,0,-999,-999,0
24.5,36,138,4,-66.0669,1,-95.2438,19,19,20,0,-999,-999,0
24.5,36,138,4,-66.0669,2,-95.7664,16,17,20,0,-999,-999,0
24.5,36,138,4,-66.0669,3,-102.076,18,18,20,0,-999,-999,0
24.5,37,139,4,-63.1936,3,-61.6807,18,18,20,0,-999,-999,0
24.5,37,139,4,-63.1936,2,-64.7079,16,17,20,0,-999,-999,0
24.5,37,139,4,-63.1936,1,-90.865,19,19,20,0,-999,-999,0
24.5,38,139,3,-78.3137,2,-55.4328,16,17,20,0,-999,-999,0
24.5,38,139,3,-78.3137,1,-87.6853,19,19,20,0,-999,-999,0
24.5,38,139,3,-78.3137,4,-114.074,17,17,20,0,-999,-999,0
24.5,39,96,2,-87.1273,1,-81.7331,19,19,20,0,-999,-999,0
24.5,39,96,2,-87.1273,3,-82.2964,18,18,20,0,-999,-999,0
24.5,39,96,2,-87.1273,4,-98.3384,17,17,20,0,-999,-999,0
24.5,40,140,4,-47.1205,2,-84.7635,16,17,20,0,-999,-999,0
24.5,40,140,4,-47.1205,1,-85.8101,19,19,20,0,-999,-999,0
24.5,40,140,4,-47.1205,3,-94.3589,18,18,20,0,-999,-999,0
24.5,41,65,2,-80.8481,3,-52.1933,18,18,20,0,-999,-999,0
24.5,41,65,2,-80.8481,1,-85.1272,19,19,20,0,-999,-999,0
24.5,41,65,2,-80.8481,4,-88.0689,17,17,20,0,-999,-999,0
24.5,42,164,1,-45.4646,4,-69.3436,17,17,20,0,-999,-999,0
24.5,42,164,1,-45.4646,2,-83.8409,16,17,20,0,-999,-999,0
24.5,42,164,1,-45.4646,3,-87.7493,18,18,20,0,-999,-999,0
24.5,43,140,3,-52.4328,1,-72.5131,19,19,20,0,-999,-999,0
24.5,43,140,3,-52.4328,2,-81.7329,16,17,20,0,-999,-999,0
24.5,43,140,3,-52.4328,4,-100.53,17,17,20,0,-999,-999,0
24.5,44,166,3,-97.4786,1,-85.4704,19,19,20,0,-999,-999,0
24.5,44,166,3,-97.4786,2,-88.2941,16,17,20,0,-999,-999,0
24.5,44,166,3,-97.4786,4,-103.572,17,17,20,0,-999,-999,0
24.5,45,136,1,-75.3171,3,-75.9129,18,18,20,0,-999,-999,0
24.5,45,136,1,-75.3171,2,-80.538,16,17,20,0,-999,-999,0
24.5,45,136,1,-75.3171,4,-93.0705,17,17,20,0,-999,-999,0
24.5,46,142,4,-70.7477,1,-76.8836,19,19,20,0,-999,-999,0
24.5,46,142,4,-70.7477,2,-91.6894,16,17,20,0,-999,-999,0
24.5,46,142,4,-70.7477,3,-102.544,18,18,20,0,-999,-999,0
24.5,47,137,1,-69.317,3,-44.2515,18,18,20,0,-999,-999,0
24.5,47,137,1,-69.317,2,-71.656,16,17,20,0,-999,-999,0
24.5,47,137,1,-69.317,4,-101.6,17,17,20,0,-999,-999,0
24.5,48,143,4,-66.2997,1,-76.7598,19,19,20,0,-999,-999,0
24.5,48,143,4,-66.2997,3,-97.7206,18,18,20,0,-999,-999,0
24.5,48,143,4,-66.2997,2,-97.7215,16,17,20,0,-999,-999,0
24.5,49,144,4,-60.6144,2,-80.2559,16,17,20,0,-999,-999,0
24.5,49,144,4,-60.6144,1,-97.9004,19,19,20,0,-999,-999,0
24.5,49,144,4,-60.6144,3,-99.6899,18,18,20,0,-999,-999,0
24.5,50,166,1,-92.6149,3,-56.2496,18,18,20,0,-999,-999,3
24.5,50,166,1,-92.6149,4,-75.349,17,17,20,0,-999,-999,3
24.5,50,166,1,-92.6149,2,-100,16,17,20,0,-999,-999,3
24.5,51,143,3,-91.083,2,-53.4417,16,17,20,0,-999,-999,0
24.5,51,143,3,-91.083,4,-75.3063,17,17,20,0,-999,-999,0
24.5,51,143,3,-91.083,1,-92.4151,19,19,20,0,-999,-999,0
24.5,52,170,1,-82.3465,3,-82.3877,18,19,20,0,-999,-999,0
24.5,52,170,1,-82.3465,2,-86.681,16,17,20,0,-999,-999,0
24.5,52,170,1,-82.3465,4,-111.523,17,17,20,0,-999,-999,0
24.5,53,167,3,-91.199,2,-93.968,16,17,20,0,-999,-999,0
24.5,53,167,3,-91.199,4,-105.888,17,17,20,0,-999,-999,0
24.5,53,167,3,-91.199,1,-113.724,19,19,20,0,-999,-999,0
24.5,54,171,1,-84.4501,2,-49.2346,16,17,20,0,-999,-999,0
24.5,54,171,1,-84.4501,4,-55.2891,17,17,20,0,-999,-999,0
24.5,54,171,1,-84.4501,3,-86.8086,18,19,20,0,-999,-999,0
24.5,55,162,4,-76.9354,3,-69.8501,18,19,20,0,-999,-999,0
24.5,55,162,4,-76.9354,1,-82.5438,19,19,20,0,-999,-999,0
24.5,55,162,4,-76.9354,2,-91.7163,16,17,20,0,-999,-999,0
24.5,56,138,1,-64.4903,3,-79.0132,18,19,20,0,-999,-999,0
24.5,56,138,1,-64.4903,2,-82.7675,16,17,20,0,-999,-999,0
24.5,56,138,1,-64.4903,4,-94.1811,17,17,20,0,-999,-999,0
24.5,57,146,3,-51.4639,2,-89.4734,16,17,20,0,-999,-999,0
24.5,57,146,3,-51.4639,1,-97.7456,19,19,20,0,-999,-999,0
24.5,57,146,3,-51.4639,4,-107.448,17,17,20,0,-999,-999,0
24.5,58,147,3,-49.5181,1,-80.1574,19,19,20,0,-999,-999,0
24.5,58,147,3,-49.5181,2,-88.3128,16,17,20,0,-999,-999,0
24.5,58,147,3,-49.5181,4,-102.515,17,17,20,0,-999,-999,0
24.5,59,139,1,-83.7476,3,-86.5266,18,19,20,0,-999,-999,0
24.5,59,139,1,-83.7476,2,-86.9522,16,17,20,0,-999,-999,0
24.5,59,139,1,-83.7476,4,-105.011,17,17,20,0,-999,-999,0
24.5,60,162,3,-47.9604,2,-57.8256,16,17,20,0,-999,-999,0
24.5,60,162,3,-47.9604,1,-85.7503,19,19,20,0,-999,-999,0
24.5,60,162,3,-47.9604,4,-115.184,17,17,20,0,-999,-999,0
24.5,61,163,4,-73.8001,2,-91.2469,16,17,20,0,-999,-999,0
24.5,61,163,4,-73.8001,3,-101.94,18,19,20,0,-999,-999,0
24.5,61,163,4,-73.8001,1,-104.895,19,19,20,0,-999,-999,0
24.5,62,140,1,-83.927,3,-84.8734,18,19,20,0,-999,-999,0
24.5,62,140,1,-83.927,2,-86.5722,16,17,20,0,-999,-999,0
24.5,62,140,1,-83.927,4,-94.2579,17,17,20,0,-999,-999,0
24.5,63,141,1,-52.292,2,-92.283,16,17,20,0,-999,-999,0
24.5,63,141,1,-52.292,3,-98.0011,18,19,20,0,-999,-999,0
24.5,63,141,1,-52.292,4,-103.847,17,17,20,0,-999,-999,0
24.5,64,66,2,-88.8577,1,-55.4023,19,19,20,0,-999,-999,0
24.5,64,66,2,-88.8577,4,-82.3811,17,17,20,0,-999,-999,0
24.5,64,66,2,-88.8577,3,-94.821,18,19,20,0,-999,-999,0
24.5,65,92,2,-87.7491,1,-46.0754,19,19,20,0,-999,-999,0
24.5,65,92,2,-87.7491,3,-84.9409,18,19,20,0,-999,-999,0
24.5,65,92,2,-87.7491,4,-90.4122,17,17,20,0,-999,-999,0
24.5,66,67,2,-95.3293,1,-47.5984,19,19,20,0,-999,-999,0
24.5,66,67,2,-95.3293,3,-49.6867,18,19,20,0,-999,-999,0
24.5,66,67,2,-95.3293,4,-103.051,17,17,20,0,-999,-999,0
24.5,67,85,2,-98.0799,3,-86.6402,18,19,20,0,-999,-999,0
24.5,67,85,2,-98.0799,4,-100.193,17,17,20,0,-999,-999,0
24.5,67,85,2,-98.0799,1,-106.137,19,19,20,0,-999,-999,0
24.5,68,172,1,-87.8758,2,-57.5493,16,17,20,0,-999,-999,0
24.5,68,172,1,-87.8758,3,-93.8285,18,19,20,0,-999,-999,0
24.5,68,172,1,-87.8758,4,-96.1982,17,17,20,0,-999,-999,0
24.5,69,166,4,-79.5819,3,-53.0227,18,19,20,0,-999,-999,0
24.5,69,166,4,-79.5819,2,-83.2459,16,17,20,0,-999,-999,0
24.5,69,166,4,-79.5819,1,-95.3035,19,19,20,0,-999,-999,0
24.5,70,164,4,-82.0097,2,-87.435,16,17,20,0,-999,-999,0
24.5,70,164,4,-82.0097,1,-91.556,19,19,20,0,-999,-999,0
24.5,70,164,4,-82.0097,3,-92.9487,18,19,20,0,-999,-999,0
24.5,71,167,1,-79.6383,2,-79.3194,16,17,20,0,-999,-999,0
24.5,71,167,1,-79.6383,4,-85.2257,17,17,20,0,-999,-999,0
24.5,71,167,1,-79.6383,3,-89.983,18,19,20,0,-999,-999,0
24.5,72,163,1,-87.0954,3,-53.96,18,19,20,0,-999,-999,0
24.5,72,163,1,-87.0954,4,-80.2363,17,17,20,0,-999,-999,0
24.5,72,163,1,-87.0954,2,-89.1415,16,17,20,0,-999,-999,0
24.5,73,71,2,-83.1603,4,-68.6344,17,17,20,0,-999,-999,0
24.5,73,71,2,-83.1603,1,-87.1956,19,19,20,0,-999,-999,0
24.5,73,71,2,-83.1603,3,-94.4366,18,19,20,0,-999,-999,0
24.5,74,72,2,-45.7546,1,-43.2594,19,19,20,0,-999,-999,0
24.5,74,72,2,-45.7546,3,-92.2756,18,19,20,0,-999,-999,0
24.5,74,72,2,-45.7546,4,-95.1486,17,17,20,0,-999,-999,0
26.5,5,36,1,-82.9747,3,-47.7334,18,18,20,0,-999,-999,3
26.5,5,36,1,-82.9747,2,-72.4208,17,17,20,0,-999,-999,3
26.5,5,36,1,-82.9747,4,-112.655,17,17,20,0,-999,-999,3
26.5,6,43,4,-75.0589,2,-89.3453,17,17,20,0,-999,-999,0
26.5,6,43,4,-75.0589,1,-99.6741,18,18,20,0,-999,-999,0
26.5,6,43,4,-75.0589,3,-100.596,18,19,20,0,-999,-999,0
26.5,7,88,2,-52.7199,1,-75.1573,18,18,20,0,-999,-999,0
26.5,7,88,2,-52.7199,4,-76.4468,17,17,20,0,-999,-999,0
26.5,7,88,2,-52.7199,3,-87.4388,18,19,20,0,-999,-999,0
26.5,8,91,2,-77.0577,1,-78.2562,18,18,20,0,-999,-999,0
26.5,8,91,2,-77.0577,3,-82.9226,18,19,20,0,-999,-999,0
26.5,8,91,2,-77.0577,4,-85.7957,17,17,20,0,-999,-999,0
26.5,9,16,2,-79.8266,1,-78.6888,18,18,20,0,-999,-999,0
26.5,9,16,2,-79.8266,3,-78.7144,18,19,20,0,-999,-999,0
26.5,9,16,2,-79.8266,4,-80.7419,17,17,20,0,-999,-999,0
26.5,10,50,3,-59.1348,1,-55.9679,18,18,20,0,-999,-999,0
26.5,10,50,3,-59.1348,2,-70.6486,17,17,20,0,-999,-999,0
26.5,10,50,3,-59.1348,4,-97.9679,17,17,20,0,-999,-999,0
26.5,11,81,2,-85.9036,3,-82.6006,18,19,20,0,-999,-999,0
26.5,11,81,2,-85.9036,4,-91.8821,17,17,20,0,-999,-999,0
26.5,11,81,2,-85.9036,1,-92.0192,18,18,20,0,-999,-999,0
26.5,12,51,3,-77.7185,1,-58.8553,18,18,20,0,-999,-999,0
26.5,12,51,3,-77.7185,2,-88.5061,17,17,20,0,-999,-999,0
26.5,12,51,3,-77.7185,4,-116.538,17,17,20,0,-999,-999,0
26.5,13,38,1,-35.1354,2,-70.7768,17,17,20,0,-999,-999,0
26.5,13,38,1,-35.1354,3,-75.9901,18,19,20,0,-999,-999,0
26.5,13,38,1,-35.1354,4,-97.764,17,17,20,0,-999,-999,0
26.5,14,52,3,-76.6396,2,-69.0915,17,17,20,0,-999,-999,0
26.5,14,52,3,-76.6396,1,-87.6501,18,18,20,0,-999,-999,0
26.5,14,52,3,-76.6396,4,-105.695,17,17,20,0,-999,-999,0
26.5,15,53,3,-57.5815,2,-69.8439,17,17,20,0,-999,-999,0
26.5,15,53,3,-57.5815,1,-77.0127,18,18,20,0,-999,-999,0
26.5,15,53,3,-57.5815,4,-97.8774,17,17,20,0,-999,-999,0
26.5,16,45,4,-75.1801,3,-71.7019,18,19,20,0,-999,-999,0
26.5,16,45,4,-75.1801,1,-94.8365,18,18,20,0,-999,-999,0
26.5,16,45,4,-75.1801,2,-101.575,17,17,20,0,-999,-999,0
26.5,17,168,1,-85.3334,3,-60.3129,18,19,20,0,-999,-999,3
26.5,17,168,1,-85.3334,4,-63.0979,17,17,20,0,-999,-999,3
26.5,17,168,1,-85.3334,2,-85.5782,17,17,20,0,-999,-999,3
26.5,18,54,3,-67.5697,1,-67.7276,18,18,20,0,-999,-999,0
26.5,18,54,3,-67.5697,2,-80.4897,17,17,20,0,-999,-999,0
26.5,18,54,3,-67.5697,4,-104.617,17,17,20,0,-999,-999,0
26.5,19,97,2,-97.0179,1,-79.5724,18,18,20,0,-999,-999,0
26.5,19,97,2,-97.0179,3,-90.8556,18,20,20,0,-999,-999,0
26.5,19,97,2,-97.0179,4,-119.156,17,17,20,0,-999,-999,0
26.5,20,99,2,-66.1153,1,-70.4313,18,18,20,0,-999,-999,0
26.5,20,99,2,-66.1153,3,-77.0635,18,20,20,0,-999,-999,0
26.5,20,99,2,-66.1153,4,-83.3016,17,17,20,0,-999,-999,0
26.5,21,47,4,-73.6893,2,-85.4464,17,17,20,0,-999,-999,0
26.5,21,47,4,-73.6893,1,-105.064,18,18,20,0,-999,-999,0
26.5,21,47,4,-73.6893,3,-108.398,18,20,20,0,-999,-999,0
26.5,22,48,4,-59.1579,3,-63.1411,18,20,20,0,-999,-999,0
26.5,22,48,4,-59.1579,2,-76.6709,17,17,20,0,-999,-999,0
26.5,22,48,4,-59.1579,1,-77.5536,18,18,20,0,-999,-999,0
26.5,23,39,1,-55.8038,2,-71.85,17,17,20,0,-999,-999,0
26.5,23,39,1,-55.8038,3,-88.2685,18,20,20,0,-999,-999,0
26.5,23,39,1,-55.8038,4,-96.7885,17,17,20,0,-999,-999,0
26.5,24,169,1,-43.635,2,-58.0139,17,17,20,0,-999,-999,0
26.5,24,169,1,-43.635,4,-73.8886,17,17,20,0,-999,-999,0
26.5,24,169,1,-43.635,3,-78.8792,18,20,20,0,-999,-999,0
26.5,25,165,4,-64.7727,2,-97.5968,17,17,20,0,-999,-999,0
26.5,25,165,4,-64.7727,3,-97.8351,18,20,20,0,-999,-999,0
26.5,25,165,4,-64.7727,1,-102.558,18,18,20,0,-999,-999,0
26.5,26,136,3,-82.5725,1,-62.7897,18,18,20,0,-999,-999,0
26.5,26,136,3,-82.5725,2,-66.6409,17,17,20,0,-999,-999,0
26.5,26,136,3,-82.5725,4,-99.9201,17,17,20,0,-999,-999,0
26.5,27,98,2,-62.6872,3,-61.2874,18,20,20,0,-999,-999,0
26.5,27,98,2,-62.6872,4,-79.6126,17,17,20,0,-999,-999,0
26.5,27,98,2,-62.6872,1,-87.5404,18,18,20,0,-999,-999,0
26.5,28,137,3,-86.4073,2,-81.6219,17,17,20,0,-999,-999,2
26.5,28,137,3,-86.4073,4,-82.1414,17,17,20,0,-999,-999,2
26.5,28,137,3,-86.4073,1,-87.0398,18,18,20,0,-999,-999,2
26.5,29,95,2,-62.1853,1,-46.0997,18,18,20,0,-999,-999,0
26.5,29,95,2,-62.1853,3,-51.442,18,20,20,0,-999,-999,0
26.5,29,95,2,-62.1853,4,-104.699,17,17,20,0,-999,-999,0
26.5,30,165,3,-50.3499,1,-80.9122,18,18,20,0,-999,-999,0
26.5,30,165,3,-50.3499,2,-83.8053,17,18,20,0,-999,-999,0
26.5,30,165,3,-50.3499,4,-108.6,17,17,20,0,-999,-999,0
26.5,31,138,3,-56.3198,2,-83.8903,17,18,20,0,-999,-999,0
26.5,31,138,3,-56.3198,1,-89.2097,18,18,20,0,-999,-999,0
26.5,31,138,3,-56.3198,4,-119.387,17,17,20,0,-999,-999,0
26.5,32,136,4,-46.1427,3,-74.503,18,20,20,0,-999,-999,0
26.5,32,136,4,-46.1427,2,-80.851,17,18,20,0,-999,-999,0
26.5,32,136,4,-46.1427,1,-104.663,18,18,20,0,-999,-999,0
26.5,33,93,2,-76.5159,3,-43.6636,18,20,20,0,-999,-999,0
26.5,33,93,2,-76.5159,1,-66.0356,18,18,20,0,-999,-999,0
26.5,33,93,2,-76.5159,4,-101.369,17,17,20,0,-999,-999,0
26.5,34,137,4,-64.0766,2,-75.2122,17,18,20,0,-999,-999,0
26.5,34,137,4,-64.0766,3,-99.689,18,20,20,0,-999,-999,0
26.5,34,137,4,-64.0766,1,-99.9614,18,18,20,0,-999,-999,0
26.5,35,134,1,-74.2963,3,-50.674,18,20,20,0,-999,-999,0
26.5,35,134,1,-74.2963,2,-84.2567,17,18,20,0,-999,-999,0
26.5,35,134,1,-74.2963,4,-97.9709,17,17,20,0,-999,-999,0
26.5,36,138,4,-71.0122,3,-68.3879,18,20,20,0,-999,-999,0
26.5,36,138,4,-71.0122,2,-93.5526,17,18,20,0,-999,-999,0
26.5,36,138,4,-71.0122,1,-96.5642,18,18,20,0,-999,-999,0
26.5,37,139,4,-53.8303,3,-90.0875,18,20,20,0,-999,-999,0
26.5,37,139,4,-53.8303,2,-90.4984,17,18,20,0,-999,-999,0
26.5,37,139,4,-53.8303,1,-91.3429,18,18,20,0,-999,-999,0
26.5,38,139,3,-78.044,2,-70.2431,17,18,20,0,-999,-999,2
26.5,38,139,3,-78.044,1,-83.7368,18,18,20,0,-999,-999,2
26.5,38,139,3,-78.044,4,-106.071,17,17,20,0,-999,-999,2
26.5,39,96,2,-83.4991,1,-72.6616,18,18,20,0,-999,-999,1
26.5,39,96,2,-83.4991,3,-78.726,18,20,20,0,-999,-999,1
26.5,39,96,2,-83.4991,4,-86.3782,17,17,20,0,-999,-999,1
26.5,40,140,4,-57.0694,1,-61.8106,18,19,20,0,-999,-999,0
26.5,40,140,4,-57.0694,3,-67.2879,18,20,20,0,-999,-999,0
26.5,40,140,4,-57.0694,2,-68.6747,17,19,20,0,-999,-999,0
26.5,41,65,2,-59.2949,1,-79.2191,18,19,20,0,-999,-999,0
26.5,41,65,2,-59.2949,4,-86.7195,17,17,20,0,-999,-999,0
26.5,41,65,2,-59.2949,3,-88.3941,18,20,20,0,-999,-999,0
26.5,42,164,1,-81.2839,2,-68.3124,17,19,20,0,-999,-999,0
26.5,42,164,1,-81.2839,4,-81.8279,17,17,20,0,-999,-999,0
26.5,42,164,1,-81.2839,3,-84.6437,18,20,20,0,-999,-999,0
26.5,43,140,3,-49.9847,1,-56.2241,18,19,20,0,-999,-999,0
26.5,43,140,3,-49.9847,2,-75.9018,17,19,20,0,-999,-999,0
26.5,43,140,3,-49.9847,4,-78.3546,17,17,20,0,-999,-999,0
26.5,44,166,3,-89.3348,1,-62.533,18,19,20,0,-999,-999,1
26.5,44,166,3,-89.3348,2,-92.2448,17,19,20,0,-999,-999,1
26.5,44,166,3,-89.3348,4,-96.2047,17,17,20,0,-999,-999,1
26.5,45,136,1,-70.5229,2,-79.3677,17,19,20,0,-999,-999,0
26.5,45,136,1,-70.5229,3,-80.0462,18,20,20,0,-999,-999,0
26.5,45,136,1,-70.5229,4,-84.5707,17,17,20,0,-999,-999,0
26.5,46,142,4,-82.655,2,-68.4449,17,19,20,0,-999,-999,0
26.5,46,142,4,-82.655,1,-81.521,18,20,20,0,-999,-999,0
26.5,46,142,4,-82.655,3,-93.3443,18,20,20,0,-999,-999,0
26.5,47,137,1,-69.795,3,-44.474,18,20,20,0,-999,-999,0
26.5,47,137,1,-69.795,2,-55.4843,17,19,20,0,-999,-999,0
26.5,47,137,1,-69.795,4,-108.966,17,17,20,0,-999,-999,0
26.5,48,143,4,-70.5907,1,-83.6538,18,20,20,0,-999,-999,0
26.5,48,143,4,-70.5907,2,-98.6075,17,19,20,0,-999,-999,0
26.5,48,143,4,-70.5907,3,-102.878,18,20,20,0,-999,-999,0
26.5,49,144,4,-64.8161,2,-77.1158,17,19,20,0,-999,-999,0
26.5,49,144,4,-64.8161,1,-86.8373,18,20,20,0,-999,-999,0
26.5,49,144,4,-64.8161,3,-103.181,18,20,20,0,-999,-999,0
26.5,50,168,3,-99.9525,1,-91.2546,18,20,20,0,-999,-999,0
26.5,50,168,3,-99.9525,4,-104.856,17,17,20,0,-999,-999,0
26.5,50,168,3,-99.9525,2,-104.973,17,19,20,0,-999,-999,0
26.5,51,143,3,-87.5114,4,-81.3912,17,17,20,0,-999,-999,0
26.5,51,143,3,-87.5114,1,-90.7445,18,20,20,0,-999,-999,0
26.5,51,143,3,-87.5114,2,-103.814,17,19,20,0,-999,-999,0
26.5,52,170,1,-82.4011,3,-51.9061,18,20,20,0,-999,-999,0
26.5,52,170,1,-82.4011,2,-89.288,17,19,20,0,-999,-999,0
26.5,52,170,1,-82.4011,4,-102.285,17,17,20,0,-999,-999,0
26.5,53,167,3,-81.057,2,-79.7045,17,19,20,0,-999,-999,0
26.5,53,167,3,-81.057,4,-93.363,17,17,20,0,-999,-999,0
26.5,53,167,3,-81.057,1,-105.154,18,20,20,0,-999,-999,0
26.5,54,171,1,-83.4194,3,-67.1803,18,20,20,0,-999,-999,2
26.5,54,171,1,-83.4194,2,-79.6199,17,19,20,0,-999,-999,2
26.5,54,171,1,-83.4194,4,-91.7395,17,17,20,0,-999,-999,2
26.5,55,162,4,-55.8605,3,-70.0278,18,20,20,0,-999,-999,0
26.5,55,162,4,-55.8605,2,-72.1369,17,20,20,0,-999,-999,0
26.5,55,162,4,-55.8605,1,-79.4695,18,20,20,0,-999,-999,0
26.5,56,138,1,-63.9307,2,-82.2529,17,20,20,0,-999,-999,0
26.5,56,138,1,-63.9307,3,-83.9391,18,20,20,0,-999,-999,0
26.5,56,138,1,-63.9307,4,-96.5496,17,17,20,0,-999,-999,0
26.5,57,146,3,-93.0583,1,-88.7017,18,20,20,0,-999,-999,0
26.5,57,146,3,-93.0583,2,-89.9017,17,20,20,0,-999,-999,0
26.5,57,146,3,-93.0583,4,-114.676,17,17,20,0,-999,-999,0
26.5,58,147,3,-83.1685,1,-79.3579,18,20,20,0,-999,-999,0
26.5,58,147,3,-83.1685,2,-89.5858,17,20,20,0,-999,-999,0
26.5,58,147,3,-83.1685,4,-97.4698,17,17,20,0,-999,-999,0
26.5,59,139,1,-89.6936,4,-86.339,17,17,20,0,-999,-999,0
26.5,59,139,1,-89.6936,3,-86.6928,18,20,20,0,-999,-999,0
26.5,59,139,1,-89.6936,2,-93.7977,17,20,20,0,-999,-999,0
26.5,60,162,3,-53.8115,1,-56.5696,18,20,20,0,-999,-999,0
26.5,60,162,3,-53.8115,2,-94.8649,17,20,20,0,-999,-999,0
26.5,60,162,3,-53.8115,4,-114.216,17,17,20,0,-999,-999,0
26.5,61,163,4,-53.4922,2,-77.6394,17,20,20,0,-999,-999,0
26.5,61,163,4,-53.4922,3,-77.8066,18,20,20,0,-999,-999,0
26.5,61,163,4,-53.4922,1,-92.4471,18,20,20,0,-999,-999,0
26.5,62,140,1,-50.6515,2,-67.4898,17,20,20,0,-999,-999,0
26.5,62,140,1,-50.6515,3,-90.4542,18,20,20,0,-999,-999,0
26.5,62,140,1,-50.6515,4,-91.7752,17,17,20,0,-999,-999,0
26.5,63,141,1,-77.8606,2,-95.4399,17,20,20,0,-999,-999,0
26.5,63,141,1,-77.8606,3,-96.8582,18,20,20,0,-999,-999,0
26.5,63,141,1,-77.8606,4,-97.7649,17,17,20,0,-999,-999,0
26.5,64,66,2,-67.408,4,-72.4476,17,17,20,0,-999,-999,0
26.5,64,66,2,-67.408,1,-87.5186,18,20,20,0,-999,-999,0
26.5,64,66,2,-67.408,3,-89.8746,18,20,20,0,-999,-999,0
26.5,65,92,2,-95.8007,1,-79.8195,18,20,20,0,-999,-999,0
26.5,65,92,2,-95.8007,3,-87.7127,18,20,20,0,-999,-999,0
26.5,65,92,2,-95.8007,4,-92.0415,17,17,20,0,-999,-999,0
26.5,66,67,2,-69.2578,3,-49.6521,18,20,20,0,-999,-999,0
26.5,66,67,2,-69.2578,4,-74.0978,17,17,20,0,-999,-999,0
26.5,66,67,2,-69.2578,1,-83.4693,18,20,20,0,-999,-999,0
26.5,67,85,2,-77.4161,3,-57.2217,18,20,20,0,-999,-999,0
26.5,67,85,2,-77.4161,4,-89.8296,17,17,20,0,-999,-999,0
26.5,67,85,2,-77.4161,1,-103.472,18,20,20,0,-999,-999,0
26.5,68,172,1,-56.4402,3,-67.0422,18,20,20,0,-999,-999,0
26.5,68,172,1,-56.4402,4,-75.0967,17,17,20,0,-999,-999,0
26.5,68,172,1,-56.4402,2,-78.4471,17,20,20,0,-999,-999,0
26.5,69,166,4,-49.7319,3,-59.0917,18,20,20,0,-999,-999,0
26.5,69,166,4,-49.7319,2,-69.6408,17,20,20,0,-999,-999,0
26.5,69,166,4,-49.7319,1,-85.4953,18,20,20,0,-999,-999,0
26.5,70,164,4,-72.8855,3,-61.5525,18,20,20,0,-999,-999,0
26.5,70,164,4,-72.8855,1,-82.0039,18,20,20,0,-999,-999,0
26.5,70,164,4,-72.8855,2,-83.2012,17,20,20,0,-999,-999,0
26.5,71,167,1,-40.588,2,-57.4951,17,20,20,0,-999,-999,0
26.5,71,167,1,-40.588,3,-86.839,18,20,20,0,-999,-999,0
26.5,71,167,1,-40.588,4,-87.1393,17,17,20,0,-999,-999,0
26.5,72,163,1,-84.6284,2,-73.8633,17,20,20,0,-999,-999,0
26.5,72,163,1,-84.6284,4,-88.1987,17,17,20,0,-999,-999,0
26.5,72,163,1,-84.6284,3,-89.6855,18,20,20,0,-999,-999,0
26.5,73,71,2,-63.9731,4,-77.1791,17,17,20,0,-999,-999,0
26.5,73,71,2,-63.9731,3,-84.972,18,20,20,0,-999,-999,0
26.5,73,71,2,-63.9731,1,-90.4237,18,20,20,0,-999,-999,0
26.5,74,72,2,-66.0556,1,-53.5651,18,20,20,0,-999,-999,0
26.5,74,72,2,-66.0556,3,-58.3441,18,20,20,0,-999,-999,0
26.5,74,72,2,-66.0556,4,-110.269,17,17,20,0,-999,-999,0
28.5,5,169,3,-66.824,2,-69.8839,19,19,20,0,-999,-999,0
28.5,5,169,3,-66.824,1,-83.3161,17,17,20,0,-999,-999,0
28.5,5,169,3,-66.824,4,-110.493,17,17,20,0,-999,-999,0
28.5,6,43,4,-71.1306,2,-91.2385,19,19,20,0,-999,-999,0
28.5,6,43,4,-71.1306,1,-99.131,17,17,20,0,-999,-999,0
28.5,6,43,4,-71.1306,3,-102.601,17,17,20,0,-999,-999,0
28.5,7,88,2,-43.9924,1,-70.7545,17,17,20,0,-999,-999,0
28.5,7,88,2,-43.9924,3,-88.4692,17,17,20,0,-999,-999,0
28.5,7,88,2,-43.9924,4,-89.2771,17,17,20,0,-999,-999,0
28.5,8,91,2,-77.2824,1,-55.5632,17,17,20,0,-999,-999,0
28.5,8,91,2,-77.2824,3,-81.7944,17,17,20,0,-999,-999,0
28.5,8,91,2,-77.2824,4,-87.1286,17,17,20,0,-999,-999,0
28.5,9,16,2,-84.5476,4,-61.9178,17,17,20,0,-999,-999,0
28.5,9,16,2,-84.5476,1,-80.2204,17,17,20,0,-999,-999,0
28.5,9,16,2,-84.5476,3,-81.0489,17,17,20,0,-999,-999,0
28.5,10,50,3,-47.3837,1,-49.8378,17,17,20,0,-999,-999,0
28.5,10,50,3,-47.3837,2,-85.3155,19,19,20,0,-999,-999,0
28.5,10,50,3,-47.3837,4,-86.4769,17,17,20,0,-999,-999,0
28.5,11,81,2,-80.0602,1,-66.7424,17,17,20,0,-999,-999,0
28.5,11,81,2,-80.0602,3,-86.7351,17,17,20,0,-999,-999,0
28.5,11,81,2,-80.0602,4,-93.4389,17,17,20,0,-999,-999,0
28.5,12,51,3,-84.5523,2,-68.8829,19,19,20,0,-999,-999,0
28.5,12,51,3,-84.5523,1,-75.7651,17,17,20,0,-999,-999,0
28.5,12,51,3,-84.5523,4,-113.154,17,17,20,0,-999,-999,0
28.5,13,38,1,-43.3108,2,-60.3898,19,19,20,0,-999,-999,0
28.5,13,38,1,-43.3108,4,-74.205,17,17,20,0,-999,-999,0
28.5,13,38,1,-43.3108,3,-79.6719,17,17,20,0,-999,-999,0
28.5,14,52,3,-60.5599,1,-61.7744,17,17,20,0,-999,-999,0
28.5,14,52,3,-60.5599,2,-90.3633,19,19,20,0,-999,-999,0
28.5,14,52,3,-60.5599,4,-96.0473,17,17,20,0,-999,-999,0
28.5,15,53,3,-51.206,1,-62.8341,17,17,20,0,-999,-999,0
28.5,15,53,3,-51.206,2,-86.3698,19,19,20,0,-999,-999,0
28.5,15,53,3,-51.206,4,-92.9323,17,17,20,0,-999,-999,0
28.5,16,45,4,-60.4886,2,-61.6015,19,19,20,0,-999,-999,0
28.5,16,45,4,-60.4886,3,-89.3017,17,17,20,0,-999,-999,0
28.5,16,45,4,-60.4886,1,-103.333,17,17,20,0,-999,-999,0
28.5,17,170,3,-97.3876,4,-44.2749,17,17,20,0,-999,-999,0
28.5,17,170,3,-97.3876,2,-84.3513,19,19,20,0,-999,-999,0
28.5,17,170,3,-97.3876,1,-88.8157,17,17,20,0,-999,-999,0
28.5,18,54,3,-67.7318,1,-70.4456,17,17,20,0,-999,-999,0
28.5,18,54,3,-67.7318,2,-79.983,19,19,20,0,-999,-999,0
28.5,18,54,3,-67.7318,4,-97.1808,17,17,20,0,-999,-999,0
28.5,19,97,2,-85.0944,1,-69.0689,17,17,20,0,-999,-999,1
28.5,19,97,2,-85.0944,3,-85.3177,17,17,20,0,-999,-999,1
28.5,19,97,2,-85.0944,4,-114.559,17,17,20,0,-999,-999,1
28.5,20,99,2,-81.6696,3,-75.0958,17,17,20,0,-999,-999,0
28.5,20,99,2,-81.6696,1,-76.3542,17,18,20,0,-999,-999,0
28.5,20,99,2,-81.6696,4,-89.8955,17,17,20,0,-999,-999,0
28.5,21,47,4,-47.3274,3,-94.3783,17,17,20,0,-999,-999,0
28.5,21,47,4,-47.3274,2,-98.4649,19,19,20,0,-999,-999,0
28.5,21,47,4,-47.3274,1,-107.497,17,18,20,0,-999,-999,0
28.5,22,48,4,-53.0088,1,-69.7172,17,18,20,0,-999,-999,0
28.5,22,48,4,-53.0088,2,-92.8914,19,19,20,0,-999,-999,0
28.5,22,48,4,-53.0088,3,-97.1635,17,17,20,0,-999,-999,0
28.5,23,39,1,-54.7362,2,-57.8351,19,19,20,0,-999,-999,0
28.5,23,39,1,-54.7362,3,-71.9306,17,17,20,0,-999,-999,0
28.5,23,39,1,-54.7362,4,-87.775,17,17,20,0,-999,-999,0
28.5,24,169,1,-36.6332,3,-76.5782,17,17,20,0,-999,-999,0
28.5,24,169,1,-36.6332,2,-83.5371,19,19,20,0,-999,-999,0
28.5,24,169,1,-36.6332,4,-93.4355,17,17,20,0,-999,-999,0
28.5,25,165,4,-71.368,2,-93.8148,19,19,20,0,-999,-999,0
28.5,25,165,4,-71.368,1,-98.5435,17,18,20,0,-999,-999,0
28.5,25,165,4,-71.368,3,-101.152,17,17,20,0,-999,-999,0
28.5,26,136,3,-80.0381,2,-88.9392,19,19,20,0,-999,-999,0
28.5,26,136,3,-80.0381,1,-91.6643,17,18,20,0,-999,-999,0
28.5,26,136,3,-80.0381,4,-94.4859,17,17,20,0,-999,-999,0
28.5,27,98,2,-45.8546,3,-54.2915,17,17,20,0,-999,-999,0
28.5,27,98,2,-45.8546,4,-72.4943,17,17,20,0,-999,-999,0
28.5,27,98,2,-45.8546,1,-93.1602,17,18,20,0,-999,-999,0
28.5,28,100,2,-85.2988,1,-57.7527,17,18,20,0,-999,-999,0
28.5,28,100,2,-85.2988,3,-64.0534,17,17,20,0,-999,-999,0
28.5,28,100,2,-85.2988,4,-101.4,17,17,20,0,-999,-999,0
28.5,29,95,2,-69.46,3,-63.8686,17,17,20,0,-999,-999,0
28.5,29,95,2,-69.46,1,-75.6008,17,18,20,0,-999,-999,0
28.5,29,95,2,-69.46,4,-85.8205,17,17,20,0,-999,-999,0
28.5,30,165,3,-81.5816,2,-58.8902,19,19,20,0,-999,-999,0
28.5,30,165,3,-81.5816,1,-75.3595,17,18,20,0,-999,-999,0
28.5,30,165,3,-81.5816,4,-109.336,17,17,20,0,-999,-999,0
28.5,31,138,3,-49.1273,2,-53.261,19,19,20,0,-999,-999,0
28.5,31,138,3,-49.1273,1,-91.4641,17,18,20,0,-999,-999,0
28.5,31,138,3,-49.1273,4,-118.197,17,17,20,0,-999,-999,0
28.5,32,136,4,-38.0215,1,-76.9419,17,18,20,0,-999,-999,0
28.5,32,136,4,-38.0215,3,-80.4533,17,17,20,0,-999,-999,0
28.5,32,136,4,-38.0215,2,-94.7817,19,19,20,0,-999,-999,0
28.5,33,93,2,-77.0256,1,-56.7875,17,18,20,0,-999,-999,1
28.5,33,93,2,-77.0256,3,-64.8493,17,17,20,0,-999,-999,1
28.5,33,93,2,-77.0256,4,-104.718,17,17,20,0,-999,-999,1
28.5,34,137,4,-82.6476,3,-90.2205,17,17,20,0,-999,-999,0
28.5,34,137,4,-82.6476,2,-93.5651,19,19,20,0,-999,-999,0
28.5,34,137,4,-82.6476,1,-96.8783,17,19,20,0,-999,-999,0
28.5,35,134,1,-79.7276,2,-44.9787,19,19,20,0,-999,-999,0
28.5,35,134,1,-79.7276,3,-59.3282,17,17,20,0,-999,-999,0
28.5,35,134,1,-79.7276,4,-97.024,17,17,20,0,-999,-999,0
28.5,36,138,4,-76.0101,2,-68.6887,19,19,20,0,-999,-999,0
28.5,36,138,4,-76.0101,1,-85.3555,17,19,20,0,-999,-999,0
28.5,36,138,4,-76.0101,3,-86.6859,17,17,20,0,-999,-999,0
28.5,37,139,4,-79.4191,2,-91.3106,19,19,20,0,-999,-999,0
28.5,37,139,4,-79.4191,1,-92.64,17,19,20,0,-999,-999,0
28.5,37,139,4,-79.4191,3,-94.3897,17,17,20,0,-999,-999,0
28.5,38,102,2,-85.0671,3,-81.6333,17,17,20,0,-999,-999,0
28.5,38,102,2,-85.0671,1,-89.84,17,19,20,0,-999,-999,0
28.5,38,102,2,-85.0671,4,-108.182,17,17,20,0,-999,-999,0
28.5,39,173,1,-79.2662,4,-82.4554,17,17,20,0,-999,-999,0
28.5,39,173,1,-79.2662,3,-85.3839,17,17,20,0,-999,-999,0
28.5,39,173,1,-79.2662,2,-91.4869,19,19,20,0,-999,-999,0
28.5,40,140,4,-51.0086,2,-80.7337,19,19,20,0,-999,-999,0
28.5,40,140,4,-51.0086,1,-90.9184,17,19,20,0,-999,-999,0
28.5,40,140,4,-51.0086,3,-96.0349,17,17,20,0,-999,-999,0
28.5,41,65,2,-50.6828,3,-70.5156,17,17,20,0,-999,-999,0
28.5,41,65,2,-50.6828,4,-88.5635,17,17,20,0,-999,-999,0
28.5,41,65,2,-50.6828,1,-88.6285,17,19,20,0,-999,-999,0
28.5,42,164,1,-79.0331,4,-67.3266,17,17,20,0,-999,-999,0
28.5,42,164,1,-79.0331,2,-84.4785,19,19,20,0,-999,-999,0
28.5,42,164,1,-79.0331,3,-89.9865,17,17,20,0,-999,-999,0
28.5,43,140,3,-20.4429,1,-50.1722,17,19,20,0,-999,-999,0
28.5,43,140,3,-20.4429,2,-70.5241,19,19,20,0,-999,-999,0
28.5,43,140,3,-20.4429,4,-96.5241,17,17,20,0,-999,-999,0
28.5,44,174,1,-64.6602,2,-65.4677,19,19,20,0,-999,-999,0
28.5,44,174,1,-64.6602,4,-92.8038,17,17,20,0,-999,-999,0
28.5,44,174,1,-64.6602,3,-94.5496,17,17,20,0,-999,-999,0
28.5,45,136,1,-47.2414,3,-63.0405,17,17,20,0,-999,-999,0
28.5,45,136,1,-47.2414,2,-77.0271,19,19,20,0,-999,-999,0
28.5,45,136,1,-47.2414,4,-102.626,17,17,20,0,-999,-999,0
28.5,46,142,4,-75.7475,2,-64.4009,19,19,20,0,-999,-999,2
28.5,46,142,4,-75.7475,1,-95.755,17,19,20,0,-999,-999,2
28.5,46,142,4,-75.7475,3,-99.9128,17,17,20,0,-999,-999,2
28.5,47,137,1,-70.7884,2,-72.8378,19,20,20,0,-999,-999,0
28.5,47,137,1,-70.7884,3,-77.4024,17,17,20,0,-999,-999,0
28.5,47,137,1,-70.7884,4,-86.7525,17,17,20,0,-999,-999,0
28.5,48,143,4,-64.1687,1,-90.2938,17,19,20,0,-999,-999,0
28.5,48,143,4,-64.1687,2,-93.3248,19,20,20,0,-999,-999,0
28.5,48,143,4,-64.1687,3,-106.972,17,17,20,0,-999,-999,0
28.5,49,144,4,-61.1043,3,-87.5423,17,17,20,0,-999,-999,0
28.5,49,144,4,-61.1043,1,-95.1276,17,19,20,0,-999,-999,0
28.5,49,144,4,-61.1043,2,-100.831,19,20,20,0,-999,-999,0
28.5,50,168,3,-90.7792,4,-88.4438,17,17,20,0,-999,-999,0
28.5,50,168,3,-90.7792,2,-96.5366,19,20,20,0,-999,-999,0
28.5,50,168,3,-90.7792,1,-100.261,17,19,20,0,-999,-999,0
28.5,51,143,3,-66.2006,2,-66.7675,19,20,20,0,-999,-999,0
28.5,51,143,3,-66.2006,1,-96.9756,17,19,20,0,-999,-999,0
28.5,51,143,3,-66.2006,4,-101.129,17,17,20,0,-999,-999,0
28.5,52,170,1,-56.77,2,-73.0833,19,20,20,0,-999,-999,0
28.5,52,170,1,-56.77,3,-81.5321,17,17,20,0,-999,-999,0
28.5,52,170,1,-56.77,4,-109.406,17,17,20,0,-999,-999,0
28.5,53,167,3,-83.9495,2,-77.2296,19,20,20,0,-999,-999,0
28.5,53,167,3,-83.9495,4,-99.7028,17,17,20,0,-999,-999,0
28.5,53,167,3,-83.9495,1,-101.67,17,19,20,0,-999,-999,0
28.5,54,101,2,-79.9816,1,-62.4452,17,19,20,0,-999,-999,0
28.5,54,101,2,-79.9816,4,-79.8123,17,17,20,0,-999,-999,0
28.5,54,101,2,-79.9816,3,-88.8583,17,17,20,0,-999,-999,0
28.5,55,162,4,-53.2942,1,-68.1864,17,19,20,0,-999,-999,0
28.5,55,162,4,-53.2942,2,-92.4894,19,20,20,0,-999,-999,0
28.5,55,162,4,-53.2942,3,-99.1371,17,17,20,0,-999,-999,0
28.5,56,138,1,-66.9385,4,-67.4662,17,17,20,0,-999,-999,0
28.5,56,138,1,-66.9385,3,-77.0254,17,17,20,0,-999,-999,0
28.5,56,138,1,-66.9385,2,-85.769,19,20,20,0,-999,-999,0
28.5,57,146,3,-88.0317,1,-79.8967,17,19,20,0,-999,-999,0
28.5,57,146,3,-88.0317,2,-93.93,19,20,20,0,-999,-999,0
28.5,57,146,3,-88.0317,4,-102.207,17,17,20,0,-999,-999,0
28.5,58,147,3,-61.3664,2,-64.7371,19,20,20,0,-999,-999,0
28.5,58,147,3,-61.3664,1,-87.5603,17,19,20,0,-999,-999,0
28.5,58,147,3,-61.3664,4,-91.2447,17,17,20,0,-999,-999,0
28.5,59,139,1,-62.7185,3,-69.1091,17,17,20,0,-999,-999,0
28.5,59,139,1,-62.7185,2,-76.3349,19,20,20,0,-999,-999,0
28.5,59,139,1,-62.7185,4,-101.289,17,17,20,0,-999,-999,0
28.5,60,162,3,-63.5394,2,-74.4684,19,20,20,0,-999,-999,0
28.5,60,162,3,-63.5394,1,-86.9452,17,19,20,0,-999,-999,0
28.5,60,162,3,-63.5394,4,-111.609,17,17,20,0,-999,-999,0
28.5,61,163,4,-73.5641,2,-82.3896,19,20,20,0,-999,-999,0
28.5,61,163,4,-73.5641,3,-85.0333,17,17,20,0,-999,-999,0
28.5,61,163,4,-73.5641,1,-88.0484,17,19,20,0,-999,-999,0
28.5,62,140,1,-82.2887,3,-81.5027,17,17,20,0,-999,-999,0
28.5,62,140,1,-82.2887,2,-87.1974,19,20,20,0,-999,-999,0
28.5,62,140,1,-82.2887,4,-105.265,17,17,20,0,-999,-999,0
28.5,63,141,1,-89.3363,2,-72.7598,19,20,20,0,-999,-999,0
28.5,63,141,1,-89.3363,4,-72.9773,17,17,20,0,-999,-999,0
28.5,63,141,1,-89.3363,3,-97.233,17,17,20,0,-999,-999,0
28.5,64,66,2,-92.2637,4,-67.3258,17,17,20,0,-999,-999,0
28.5,64,66,2,-92.2637,1,-92.7339,17,19,20,0,-999,-999,0
28.5,64,66,2,-92.2637,3,-99.9511,17,17,20,0,-999,-999,0
28.5,65,92,2,-83.5826,3,-50.293,17,17,20,0,-999,-999,0
28.5,65,92,2,-83.5826,1,-71.1027,17,19,20,0,-999,-999,0
28.5,65,92,2,-83.5826,4,-89.8628,17,17,20,0,-999,-999,0
28.5,66,67,2,-87.0498,1,-85.6944,17,19,20,0,-999,-999,0
28.5,66,67,2,-87.0498,3,-86.1779,17,17,20,0,-999,-999,0
28.5,66,67,2,-87.0498,4,-110.187,17,17,20,0,-999,-999,0
28.5,67,85,2,-81.5319,3,-87.221,17,17,20,0,-999,-999,0
28.5,67,85,2,-81.5319,4,-90.9705,17,17,20,0,-999,-999,0
28.5,67,85,2,-81.5319,1,-103.579,17,19,20,0,-999,-999,0
28.5,68,172,1,-83.4611,2,-83.1013,19,20,20,0,-999,-999,0
28.5,68,172,1,-83.4611,3,-89.5214,17,17,20,0,-999,-999,0
28.5,68,172,1,-83.4611,4,-99.0515,17,17,20,0,-999,-999,0
28.5,69,166,4,-61.6852,2,-75.8823,19,20,20,0,-999,-999,0
28.5,69,166,4,-61.6852,1,-86.4394,17,19,20,0,-999,-999,0
28.5,69,166,4,-61.6852,3,-86.7805,17,17,20,0,-999,-999,0
28.5,70,164,4,-74.4627,1,-64.4229,17,19,20,0,-999,-999,0
28.5,70,164,4,-74.4627,2,-74.2172,19,20,20,0,-999,-999,0
28.5,70,164,4,-74.4627,3,-94.6554,17,17,20,0,-999,-999,0
28.5,71,167,1,-64.2853,2,-46.6091,19,20,20,0,-999,-999,0
28.5,71,167,1,-64.2853,4,-61.4245,17,17,20,0,-999,-999,0
28.5,71,167,1,-64.2853,3,-72.069,17,17,20,0,-999,-999,0
28.5,72,163,1,-87.4656,2,-87.356,19,20,20,0,-999,-999,0
28.5,72,163,1,-87.4656,4,-93.6292,17,17,20,0,-999,-999,0
28.5,72,163,1,-87.4656,3,-96.9477,17,17,20,0,-999,-999,0
28.5,73,71,2,-89.5368,4,-53.9887,17,17,20,0,-999,-999,0
28.5,73,71,2,-89.5368,1,-83.4061,17,19,20,0,-999,-999,0
28.5,73,71,2,-89.5368,3,-94.4926,17,17,20,0,-999,-999,0
28.5,74,72,2,-85.3484,3,-78.0623,17,17,20,0,-999,-999,0
28.5,74,72,2,-85.3484,1,-79.7317,17,19,20,0,-999,-999,0
28.5,74,72,2,-85.3484,4,-82.1047,17,17,20,0,-999,-999,0
30.5,5,169,3,-77.686,1,-82.318,19,19,20,0,-999,-999,0
30.5,5,169,3,-77.686,2,-84.1186,18,18,20,0,-999,-999,0
30.5,5,169,3,-77.686,4,-106.214,16,16,20,0,-999,-999,0
30.5,6,43,4,-75.6376,2,-66.1042,18,18,20,0,-999,-999,0
30.5,6,43,4,-75.6376,1,-100.827,19,19,20,0,-999,-999,0
30.5,6,43,4,-75.6376,3,-103.218,17,17,20,0,-999,-999,0
30.5,7,88,2,-69.0279,1,-72.7273,19,19,20,0,-999,-999,0
30.5,7,88,2,-69.0279,4,-90.0299,16,16,20,0,-999,-999,0
30.5,7,88,2,-69.0279,3,-92.5677,17,17,20,0,-999,-999,0
30.5,8,91,2,-76.0025,3,-63.4051,17,17,20,0,-999,-999,0
30.5,8,91,2,-76.0025,1,-76.4563,19,19,20,0,-999,-999,0
30.5,8,91,2,-76.0025,4,-95.8558,16,16,20,0,-999,-999,0
30.5,9,16,2,-78.4499,3,-62.7809,17,17,20,0,-999,-999,0
30.5,9,16,2,-78.4499,1,-82.2786,19,19,20,0,-999,-999,0
30.5,9,16,2,-78.4499,4,-84.1474,16,16,20,0,-999,-999,0
30.5,10,50,3,-59.843,1,-81.3047,19,19,20,0,-999,-999,0
30.5,10,50,3,-59.843,2,-86.4327,18,18,20,0,-999,-999,0
30.5,10,50,3,-59.843,4,-103.855,16,16,20,0,-999,-999,0
30.5,11,81,2,-83.8236,3,-83.6738,17,17,20,0,-999,-999,0
30.5,11,81,2,-83.8236,1,-93.9611,19,19,20,0,-999,-999,0
30.5,11,81,2,-83.8236,4,-95.9247,16,16,20,0,-999,-999,0
30.5,12,51,3,-77.7284,2,-85.1455,18,18,20,0,-999,-999,0
30.5,12,51,3,-77.7284,1,-87.8494,19,19,20,0,-999,-999,0
30.5,12,51,3,-77.7284,4,-114.14,16,16,20,0,-999,-999,0
30.5,13,38,1,-66.5301,2,-71.2757,18,18,20,0,-999,-999,0
30.5,13,38,1,-66.5301,3,-73.8295,17,17,20,0,-999,-999,0
30.5,13,38,1,-66.5301,4,-104.925,16,16,20,0,-999,-999,0
30.5,14,52,3,-87.3349,1,-81.3071,19,19,20,0,-999,-999,0
30.5,14,52,3,-87.3349,2,-83.2508,18,18,20,0,-999,-999,0
30.5,14,52,3,-87.3349,4,-113.937,16,16,20,0,-999,-999,0
30.5,15,53,3,-35.2265,2,-63.2935,18,18,20,0,-999,-999,0
30.5,15,53,3,-35.2265,1,-85.3351,19,19,20,0,-999,-999,0
30.5,15,53,3,-35.2265,4,-93.0122,16,16,20,0,-999,-999,0
30.5,16,45,4,-62.5475,2,-87.2151,18,18,20,0,-999,-999,0
30.5,16,45,4,-62.5475,1,-100.281,19,19,20,0,-999,-999,0
30.5,16,45,4,-62.5475,3,-101.871,17,17,20,0,-999,-999,0
30.5,17,170,3,-66.537,2,-50.1639,18,18,20,0,-999,-999,0
30.5,17,170,3,-66.537,4,-81.4252,16,16,20,0,-999,-999,0
30.5,17,170,3,-66.537,1,-91.0657,19,19,20,0,-999,-999,0
30.5,18,54,3,-67.4956,1,-61.9434,19,19,20,0,-999,-999,0
30.5,18,54,3,-67.4956,2,-80.9357,18,18,20,0,-999,-999,0
30.5,18,54,3,-67.4956,4,-91.9567,16,16,20,0,-999,-999,0
30.5,19,175,1,-95.2453,3,-87.7184,17,17,20,0,-999,-999,0
30.5,19,175,1,-95.2453,2,-92.9268,18,18,20,0,-999,-999,0
30.5,19,175,1,-95.2453,4,-114.435,16,16,20,0,-999,-999,0
30.5,20,99,2,-81.2841,1,-43.308,19,19,20,0,-999,-999,0
30.5,20,99,2,-81.2841,3,-75.2521,17,17,20,0,-999,-999,0
30.5,20,99,2,-81.2841,4,-79.253,16,16,20,0,-999,-999,0
30.5,21,47,4,-70.2812,3,-91.0009,17,17,20,0,-999,-999,0
30.5,21,47,4,-70.2812,1,-97.1359,19,19,20,0,-999,-999,0
30.5,21,47,4,-70.2812,2,-101.438,18,18,20,0,-999,-999,0
30.5,22,48,4,-48.4445,2,-62.2141,18,18,20,0,-999,-999,0
30.5,22,48,4,-48.4445,3,-86.2986,17,17,20,0,-999,-999,0
30.5,22,48,4,-48.4445,1,-94.8181,19,19,20,0,-999,-999,0
30.5,23,39,1,-56.1311,4,-57.4448,16,16,20,0,-999,-999,0
30.5,23,39,1,-56.1311,3,-70.7254,17,17,20,0,-999,-999,0
30.5,23,39,1,-56.1311,2,-73.8192,18,18,20,0,-999,-999,0
30.5,24,169,1,-80.001,3,-61.8715,17,17,20,0,-999,-999,0
30.5,24,169,1,-80.001,2,-82.1842,18,18,20,0,-999,-999,0
30.5,24,169,1,-80.001,4,-106.028,16,16,20,0,-999,-999,0
30.5,25,165,4,-86.357,3,-70.5579,17,17,20,0,-999,-999,0
30.5,25,165,4,-86.357,1,-82.8897,19,19,20,0,-999,-999,0
30.5,25,165,4,-86.357,2,-96.2979,18,18,20,0,-999,-999,0
30.5,26,136,3,-86.3458,1,-70.5369,19,19,20,0,-999,-999,0
30.5,26,136,3,-86.3458,2,-81.5454,18,18,20,0,-999,-999,0
30.5,26,136,3,-86.3458,4,-96.6221,16,16,20,0,-999,-999,0
30.5,27,98,2,-85.65,3,-68.8919,17,17,20,0,-999,-999,0
30.5,27,98,2,-85.65,1,-77.0637,19,19,20,0,-999,-999,0
30.5,27,98,2,-85.65,4,-78.1273,16,16,20,0,-999,-999,0
30.5,28,100,2,-82.8776,3,-70.9015,17,17,20,0,-999,-999,0
30.5,28,100,2,-82.8776,1,-78.2624,19,19,20,0,-999,-999,0
30.5,28,100,2,-82.8776,4,-91.377,16,16,20,0,-999,-999,0
30.5,29,95,2,-76.4316,1,-61.3796,19,19,20,0,-999,-999,0
30.5,29,95,2,-76.4316,3,-80.6208,17,17,20,0,-999,-999,0
30.5,29,95,2,-76.4316,4,-106.682,16,16,20,0,-999,-999,0
30.5,30,165,3,-57.7726,1,-74.3507,19,19,20,0,-999,-999,0
30.5,30,165,3,-57.7726,4,-77.4092,16,16,20,0,-999,-999,0
30.5,30,165,3,-57.7726,2,-78.629,18,18,20,0,-999,-999,0
30.5,31,138,3,-74.7065,1,-85.5283,19,19,20,0,-999,-999,0
30.5,31,138,3,-74.7065,2,-90.3553,18,18,20,0,-999,-999,0
30.5,31,138,3,-74.7065,4,-117.091,16,16,20,0,-999,-999,0
30.5,32,136,4,-31.141,2,-59.5377,18,18,20,0,-999,-999,0
30.5,32,136,4,-31.141,1,-92.4216,19,19,20,0,-999,-999,0
30.5,32,136,4,-31.141,3,-105.221,17,17,20,0,-999,-999,0
30.5,33,176,1,-73.0593,2,-42.8632,18,18,20,0,-999,-999,0
30.5,33,176,1,-73.0593,3,-68.6223,17,17,20,0,-999,-999,0
30.5,33,176,1,-73.0593,4,-104.115,16,16,20,0,-999,-999,0
30.5,34,137,4,-79.7432,2,-91.2463,18,18,20,0,-999,-999,0
30.5,34,137,4,-79.7432,1,-99.4567,19,19,20,0,-999,-999,0
30.5,34,137,4,-79.7432,3,-100.174,17,17,20,0,-999,-999,0
30.5,35,134,1,-83.4798,2,-45.8988,18,18,20,0,-999,-999,2
30.5,35,134,1,-83.4798,3,-83.9082,17,17,20,0,-999,-999,2
30.5,35,134,1,-83.4798,4,-112.128,16,16,20,0,-999,-999,2
30.5,36,138,4,-75.9969,2,-68.333,18,19,20,0,-999,-999,2
30.5,36,138,4,-75.9969,3,-79.2857,17,17,20,0,-999,-999,2
30.5,36,138,4,-75.9969,1,-96.0318,19,19,20,0,-999,-999,2
30.5,37,139,4,-66.9281,2,-86.9866,18,20,20,0,-999,-999,0
30.5,37,139,4,-66.9281,1,-94.6642,19,19,20,0,-999,-999,0
30.5,37,139,4,-66.9281,3,-96.7718,17,17,20,0,-999,-999,0
30.5,38,102,2,-89.0965,3,-66.4921,17,17,20,0,-999,-999,3
30.5,38,102,2,-89.0965,1,-88.5742,19,19,20,0,-999,-999,3
30.5,38,102,2,-89.0965,4,-114.161,16,16,20,0,-999,-999,3
30.5,39,173,1,-79.4175,2,-81.9001,18,20,20,0,-999,-999,0
30.5,39,173,1,-79.4175,3,-83.2726,17,18,20,0,-999,-999,0
30.5,39,173,1,-79.4175,4,-94.598,16,16,20,0,-999,-999,0
30.5,40,140,4,-71.2478,2,-86.8454,18,20,20,0,-999,-999,0
30.5,40,140,4,-71.2478,1,-87.3107,19,19,20,0,-999,-999,0
30.5,40,140,4,-71.2478,3,-90.437,17,18,20,0,-999,-999,0
30.5,41,65,2,-76.1627,3,-77.4177,17,18,20,0,-999,-999,0
30.5,41,65,2,-76.1627,1,-86.0465,19,19,20,0,-999,-999,0
30.5,41,65,2,-76.1627,4,-94.0171,16,16,20,0,-999,-999,0
30.5,42,164,1,-67.9057,3,-82.4175,17,18,20,0,-999,-999,0
30.5,42,164,1,-67.9057,2,-84.251,18,20,20,0,-999,-999,0
30.5,42,164,1,-67.9057,4,-86.7527,16,16,20,0,-999,-999,0
30.5,43,140,3,-46.8492,1,-72.2139,19,19,20,0,-999,-999,0
30.5,43,140,3,-46.8492,2,-85.6161,18,20,20,0,-999,-999,0
30.5,43,140,3,-46.8492,4,-93.2774,16,16,20,0,-999,-999,0
30.5,44,174,1,-68.0923,3,-92.2038,17,18,20,0,-999,-999,0
30.5,44,174,1,-68.0923,2,-95.3858,18,20,20,0,-999,-999,0
30.5,44,174,1,-68.0923,4,-100.488,16,16,20,0,-999,-999,0
30.5,45,136,1,-56.0746,2,-41.2855,18,20,20,0,-999,-999,0
30.5,45,136,1,-56.0746,3,-65.4785,17,18,20,0,-999,-999,0
30.5,45,136,1,-56.0746,4,-76.5335,16,16,20,0,-999,-999,0
30.5,46,103,2,-55.4981,4,-40.8214,16,16,20,0,-999,-999,0
30.5,46,103,2,-55.4981,1,-91.6509,19,19,20,0,-999,-999,0
30.5,46,103,2,-55.4981,3,-98.6754,17,18,20,0,-999,-999,0
30.5,47,137,1,-68.0369,3,-56.3642,17,18,20,0,-999,-999,0
30.5,47,137,1,-68.0369,2,-77.1431,18,20,20,0,-999,-999,0
30.5,47,137,1,-68.0369,4,-106.95,16,16,20,0,-999,-999,0
30.5,48,143,4,-68.9435,1,-85.9546,19,19,20,0,-999,-999,0
30.5,48,143,4,-68.9435,3,-94.7293,17,18,20,0,-999,-999,0
30.5,48,143,4,-68.9435,2,-98.4248,18,20,20,0,-999,-999,0
30.5,49,144,4,-60.3477,1,-84.6118,19,19,20,0,-999,-999,0
30.5,49,144,4,-60.3477,3,-87.4994,17,18,20,0,-999,-999,0
30.5,49,144,4,-60.3477,2,-97.9705,18,20,20,0,-999,-999,0
30.5,50,168,3,-93.8702,1,-68.9918,19,19,20,0,-999,-999,0
30.5,50,168,3,-93.8702,4,-71.9885,16,16,20,0,-999,-999,0
30.5,50,168,3,-93.8702,2,-103.859,18,20,20,0,-999,-999,0
30.5,51,143,3,-80.8385,2,-53.6275,18,20,20,0,-999,-999,0
30.5,51,143,3,-80.8385,1,-93.0691,19,19,20,0,-999,-999,0
30.5,51,143,3,-80.8385,4,-101.231,16,16,20,0,-999,-999,0
30.5,52,170,1,-87.3836,3,-68.3747,17,18,20,0,-999,-999,0
30.5,52,170,1,-87.3836,2,-92.6995,18,20,20,0,-999,-999,0
30.5,52,170,1,-87.3836,4,-102.889,16,16,20,0,-999,-999,0
30.5,53,167,3,-84.6208,1,-97.8363,19,19,20,0,-999,-999,0
30.5,53,167,3,-84.6208,2,-102.319,18,20,20,0,-999,-999,0
30.5,53,167,3,-84.6208,4,-103.949,16,16,20,0,-999,-999,0
30.5,54,101,2,-45.6599,4,-73.9766,16,16,20,0,-999,-999,0
30.5,54,101,2,-45.6599,1,-84.4828,19,19,20,0,-999,-999,0
30.5,54,101,2,-45.6599,3,-89.9727,17,18,20,0,-999,-999,0
30.5,55,162,4,-71.8515,2,-56.0251,18,20,20,0,-999,-999,0
30.5,55,162,4,-71.8515,1,-69.8032,19,19,20,0,-999,-999,0
30.5,55,162,4,-71.8515,3,-108.037,17,18,20,0,-999,-999,0
30.5,56,138,1,-68.0362,3,-69.7973,17,18,20,0,-999,-999,0
30.5,56,138,1,-68.0362,2,-79.7585,18,20,20,0,-999,-999,0
30.5,56,138,1,-68.0362,4,-97.2394,16,16,20,0,-999,-999,0
30.5,57,146,3,-51.2678,2,-87.1245,18,20,20,0,-999,-999,0
30.5,57,146,3,-51.2678,1,-88.2914,19,19,20,0,-999,-999,0
30.5,57,146,3,-51.2678,4,-108.38,16,16,20,0,-999,-999,0
30.5,58,147,3,-84.0899,1,-90.3281,19,19,20,0,-999,-999,0
30.5,58,147,3,-84.0899,2,-94.2346,18,20,20,0,-999,-999,0
30.5,58,147,3,-84.0899,4,-103.129,16,16,20,0,-999,-999,0
30.5,59,139,1,-88.0833,4,-77.881,16,16,20,0,-999,-999,0
30.5,59,139,1,-88.0833,2,-88.074,18,20,20,0,-999,-999,0
30.5,59,139,1,-88.0833,3,-89.6479,17,18,20,0,-999,-999,0
30.5,60,162,3,-47.6215,2,-52.5184,18,20,20,0,-999,-999,0
30.5,60,162,3,-47.6215,1,-67.3917,19,19,20,0,-999,-999,0
30.5,60,162,3,-47.6215,4,-109.336,16,16,20,0,-999,-999,0
30.5,61,163,4,-76.6425,2,-95.3904,18,20,20,0,-999,-999,0
30.5,61,163,4,-76.6425,3,-97.1742,17,18,20,0,-999,-999,0
30.5,61,163,4,-76.6425,1,-99.7179,19,19,20,0,-999,-999,0
30.5,62,140,1,-77.4186,3,-62.8404,17,18,20,0,-999,-999,0
30.5,62,140,1,-77.4186,2,-86.8987,18,20,20,0,-999,-999,0
30.5,62,140,1,-77.4186,4,-93.9638,16,16,20,0,-999,-999,0
30.5,63,141,1,-86.1112,2,-59.6554,18,20,20,0,-999,-999,0
30.5,63,141,1,-86.1112,3,-79.3925,17,18,20,0,-999,-999,0
30.5,63,141,1,-86.1112,4,-99.4487,16,16,20,0,-999,-999,0
30.5,64,66,2,-90.6799,4,-82.0222,16,16,20,0,-999,-999,4
30.5,64,66,2,-90.6799,3,-89.2791,17,18,20,0,-999,-999,4
30.5,64,66,2,-90.6799,1,-93.6244,19,19,20,0,-999,-999,4
30.5,65,92,2,-80.1945,4,-68.3017,16,17,20,0,-999,-999,0
30.5,65,92,2,-80.1945,1,-82.2846,19,19,20,0,-999,-999,0
30.5,65,92,2,-80.1945,3,-84.5534,17,18,20,0,-999,-999,0
30.5,66,67,2,-49.8991,1,-80.5821,19,19,20,0,-999,-999,0
30.5,66,67,2,-49.8991,3,-82.542,17,18,20,0,-999,-999,0
30.5,66,67,2,-49.8991,4,-101.668,16,17,20,0,-999,-999,0
30.5,67,85,2,-91.5292,3,-83.7144,17,18,20,0,-999,-999,0
30.5,67,85,2,-91.5292,1,-104.246,19,19,20,0,-999,-999,0
30.5,67,85,2,-91.5292,4,-106.809,16,17,20,0,-999,-999,0
30.5,68,172,1,-89.4836,4,-65.5245,16,17,20,0,-999,-999,0
30.5,68,172,1,-89.4836,3,-97.121,17,18,20,0,-999,-999,0
30.5,68,172,1,-89.4836,2,-97.1654,18,20,20,0,-999,-999,0
30.5,69,166,4,-54.9146,3,-67.3635,17,18,20,0,-999,-999,0
30.5,69,166,4,-54.9146,2,-84.376,18,20,20,0,-999,-999,0
30.5,69,166,4,-54.9146,1,-92.9297,19,19,20,0,-999,-999,0
30.5,70,164,4,-83.0352,1,-50.4556,19,19,20,0,-999,-999,1
30.5,70,164,4,-83.0352,3,-91.8179,17,18,20,0,-999,-999,1
30.5,70,164,4,-83.0352,2,-94.4686,18,20,20,0,-999,-999,1
30.5,71,167,1,-80.3238,3,-62.4166,17,18,20,0,-999,-999,0
30.5,71,167,1,-80.3238,2,-80.9389,18,20,20,0,-999,-999,0
30.5,71,167,1,-80.3238,4,-85.9637,16,17,20,0,-999,-999,0
30.5,72,163,1,-83.9289,3,-87.8898,17,18,20,0,-999,-999,0
30.5,72,163,1,-83.9289,2,-89.1696,18,20,20,0,-999,-999,0
30.5,72,163,1,-83.9289,4,-103.34,16,17,20,0,-999,-999,0
30.5,73,71,2,-88.5359,4,-41.6047,16,17,20,0,-999,-999,4
30.5,73,71,2,-88.5359,1,-85.0609,19,20,20,0,-999,-999,4
30.5,73,71,2,-88.5359,3,-92.7668,17,18,20,0,-999,-999,4
30.5,74,72,2,-80.3647,3,-72.178,17,18,20,0,-999,-999,3
30.5,74,72,2,-80.3647,4,-77.0803,16,18,20,0,-999,-999,3
30.5,74,72,2,-80.3647,1,-81.2795,19,20,20,0,-999,-999,3
32.5,5,169,3,-75.1844,2,-82.8557,16,16,20,0,-999,-999,0
32.5,5,169,3,-75.1844,1,-85.1784,19,19,20,0,-999,-999,0
32.5,5,169,3,-75.1844,4,-112.725,16,16,20,0,-999,-999,0
32.5,6,43,4,-36.1528,2,-70.5863,16,16,20,0,-999,-999,0
32.5,6,43,4,-36.1528,3,-91.3397,19,19,20,0,-999,-999,0
32.5,6,43,4,-36.1528,1,-92.3278,19,19,20,0,-999,-999,0
32.5,7,88,2,-33.4637,1,-71.7128,19,19,20,0,-999,-999,0
32.5,7,88,2,-33.4637,4,-86.5526,16,16,20,0,-999,-999,0
32.5,7,88,2,-33.4637,3,-87.6001,19,19,20,0,-999,-999,0
32.5,8,91,2,-77.0318,1,-80.4336,19,19,20,0,-999,-999,0
32.5,8,91,2,-77.0318,3,-83.4459,19,19,20,0,-999,-999,0
32.5,8,91,2,-77.0318,4,-94.6185,16,16,20,0,-999,-999,0
32.5,9,16,2,-81.4552,4,-48.5202,16,16,20,0,-999,-999,0
32.5,9,16,2,-81.4552,1,-81.5316,19,19,20,0,-999,-999,0
32.5,9,16,2,-81.4552,3,-84.8551,19,19,20,0,-999,-999,0
32.5,10,50,3,-64.8903,1,-77.5313,19,19,20,0,-999,-999,0
32.5,10,50,3,-64.8903,2,-83.6482,16,16,20,0,-999,-999,0
32.5,10,50,3,-64.8903,4,-102.312,16,16,20,0,-999,-999,0
32.5,11,81,2,-84.469,4,-54.3561,16,16,20,0,-999,-999,0
32.5,11,81,2,-84.469,1,-91.3996,19,19,20,0,-999,-999,0
32.5,11,81,2,-84.469,3,-91.8591,19,19,20,0,-999,-999,0
32.5,12,51,3,-77.6369,2,-59.1646,16,16,20,0,-999,-999,0
32.5,12,51,3,-77.6369,1,-90.6439,19,19,20,0,-999,-999,0
32.5,12,51,3,-77.6369,4,-115.704,16,16,20,0,-999,-999,0
32.5,13,38,1,-53.3088,4,-65.4616,16,16,20,0,-999,-999,0
32.5,13,38,1,-53.3088,2,-72.5966,16,16,20,0,-999,-999,0
32.5,13,38,1,-53.3088,3,-75.5327,19,19,20,0,-999,-999,0
32.5,14,52,3,-84.8933,1,-81.0387,19,19,20,0,-999,-999,1
32.5,14,52,3,-84.8933,2,-87.5495,16,16,20,0,-999,-999,1
32.5,14,52,3,-84.8933,4,-112.732,16,16,20,0,-999,-999,1
32.5,15,53,3,-59.5366,2,-62.7522,16,16,20,0,-999,-999,0
32.5,15,53,3,-59.5366,1,-86.7041,19,20,20,0,-999,-999,0
32.5,15,53,3,-59.5366,4,-87.1927,16,16,20,0,-999,-999,0
32.5,16,45,4,-71.1058,1,-89.9217,19,20,20,0,-999,-999,0
32.5,16,45,4,-71.1058,2,-95.5081,16,16,20,0,-999,-999,0
32.5,16,45,4,-71.1058,3,-98.6614,19,19,20,0,-999,-999,0
32.5,17,170,3,-60.8565,4,-47.2728,16,16,20,0,-999,-999,0
32.5,17,170,3,-60.8565,2,-85.0682,16,16,20,0,-999,-999,0
32.5,17,170,3,-60.8565,1,-86.3192,19,20,20,0,-999,-999,0
32.5,18,54,3,-69.2358,1,-70.7222,19,20,20,0,-999,-999,0
32.5,18,54,3,-69.2358,2,-79.928,16,16,20,0,-999,-999,0
32.5,18,54,3,-69.2358,4,-100.764,16,16,20,0,-999,-999,0
32.5,19,175,1,-61.8215,3,-87.78,19,19,20,0,-999,-999,0
32.5,19,175,1,-61.8215,4,-89.9224,16,16,20,0,-999,-999,0
32.5,19,175,1,-61.8215,2,-105.404,16,16,20,0,-999,-999,0
32.5,20,99,2,-75.8291,3,-40.0767,19,19,20,0,-999,-999,0
32.5,20,99,2,-75.8291,1,-50.9644,19,20,20,0,-999,-999,0
32.5,20,99,2,-75.8291,4,-110.485,16,16,20,0,-999,-999,0
32.5,21,47,4,-68.0071,3,-79.3743,19,19,20,0,-999,-999,0
32.5,21,47,4,-68.0071,2,-103.865,16,16,20,0,-999,-999,0
32.5,21,47,4,-68.0071,1,-105.709,19,20,20,0,-999,-999,0
32.5,22,48,4,-40.0836,3,-63.1943,19,19,20,0,-999,-999,0
32.5,22,48,4,-40.0836,1,-95.8482,19,20,20,0,-999,-999,0
32.5,22,48,4,-40.0836,2,-96.9825,16,16,20,0,-999,-999,0
32.5,23,39,1,-21.4856,2,-70.2386,16,16,20,0,-999,-999,0
32.5,23,39,1,-21.4856,4,-90.0893,16,16,20,0,-999,-999,0
32.5,23,39,1,-21.4856,3,-92.3228,19,19,20,0,-999,-999,0
32.5,24,169,1,-72.6116,3,-69.8791,19,19,20,0,-999,-999,3
32.5,24,169,1,-72.6116,4,-75.4695,16,16,20,0,-999,-999,3
32.5,24,169,1,-72.6116,2,-76.8577,16,16,20,0,-999,-999,3
32.5,25,165,4,-84.3274,1,-73.414,19,20,20,0,-999,-999,0
32.5,25,165,4,-84.3274,3,-76.3111,19,20,20,0,-999,-999,0
32.5,25,165,4,-84.3274,2,-92.3161,16,16,20,0,-999,-999,0
32.5,26,136,3,-52.8022,2,-82.2643,16,16,20,0,-999,-999,0
32.5,26,136,3,-52.8022,1,-84.5008,19,20,20,0,-999,-999,0
32.5,26,136,3,-52.8022,4,-93.0053,16,16,20,0,-999,-999,0
32.5,27,98,2,-76.4569,1,-55.4096,19,20,20,0,-999,-999,0
32.5,27,98,2,-76.4569,3,-59.6951,19,20,20,0,-999,-999,0
32.5,27,98,2,-76.4569,4,-74.1379,16,16,20,0,-999,-999,0
32.5,28,100,2,-78.9211,4,-70.7674,16,16,20,0,-999,-999,0
32.5,28,100,2,-78.9211,1,-74.9127,19,20,20,0,-999,-999,0
32.5,28,100,2,-78.9211,3,-78.9978,19,20,20,0,-999,-999,0
32.5,29,95,2,-46.8199,1,-65.9052,19,20,20,0,-999,-999,0
32.5,29,95,2,-46.8199,3,-75.7845,19,20,20,0,-999,-999,0
32.5,29,95,2,-46.8199,4,-101.571,16,16,20,0,-999,-999,0
32.5,30,165,3,-73.2939,1,-75.7309,19,20,20,0,-999,-999,0
32.5,30,165,3,-73.2939,2,-77.0856,16,16,20,0,-999,-999,0
32.5,30,165,3,-73.2939,4,-105.769,16,16,20,0,-999,-999,0
32.5,31,138,3,-86.9122,1,-82.1756,19,20,20,0,-999,-999,0
32.5,31,138,3,-86.9122,2,-91.5647,16,16,20,0,-999,-999,0
32.5,31,138,3,-86.9122,4,-116.052,16,16,20,0,-999,-999,0
32.5,32,136,4,-63.9649,1,-91.8467,19,20,20,0,-999,-999,0
32.5,32,136,4,-63.9649,2,-92.7779,16,16,20,0,-999,-999,0
32.5,32,136,4,-63.9649,3,-102.692,19,20,20,0,-999,-999,0
32.5,33,176,1,-48.4377,2,-79.1934,16,16,20,0,-999,-999,0
32.5,33,176,1,-48.4377,3,-82.1986,19,20,20,0,-999,-999,0
32.5,33,176,1,-48.4377,4,-105.171,16,16,20,0,-999,-999,0
32.5,34,137,4,-81.0479,2,-64.462,16,16,20,0,-999,-999,0
32.5,34,137,4,-81.0479,3,-96.311,19,20,20,0,-999,-999,0
32.5,34,137,4,-81.0479,1,-97.7759,19,20,20,0,-999,-999,0
32.5,35,104,2,-79.5756,3,-49.4176,19,20,20,0,-999,-999,0
32.5,35,104,2,-79.5756,1,-49.4998,19,20,20,0,-999,-999,0
32.5,35,104,2,-79.5756,4,-105.199,16,16,20,0,-999,-999,0
32.5,36,105,2,-96.217,4,-72.9803,16,16,20,0,-999,-999,0
32.5,36,105,2,-96.217,3,-74.0258,19,20,20,0,-999,-999,0
32.5,36,105,2,-96.217,1,-88.0749,19,20,20,0,-999,-999,0
32.5,37,139,4,-79.7326,1,-88.5817,19,20,20,0,-999,-999,0
32.5,37,139,4,-79.7326,2,-89.2769,16,16,20,0,-999,-999,0
32.5,37,139,4,-79.7326,3,-95.671,19,20,20,0,-999,-999,0
32.5,38,171,3,-49.2449,2,-61.6713,16,16,20,0,-999,-999,0
32.5,38,171,3,-49.2449,1,-87.4087,19,20,20,0,-999,-999,0
32.5,38,171,3,-49.2449,4,-106.408,16,16,20,0,-999,-999,0
32.5,39,173,1,-77.1563,3,-54.5268,19,20,20,0,-999,-999,0
32.5,39,173,1,-77.1563,2,-80.3029,16,16,20,0,-999,-999,0
32.5,39,173,1,-77.1563,4,-98.3334,16,16,20,0,-999,-999,0
32.5,40,140,4,-73.3926,1,-82.3385,19,20,20,0,-999,-999,0
32.5,40,140,4,-73.3926,2,-88.5071,16,16,20,0,-999,-999,0
32.5,40,140,4,-73.3926,3,-96.1555,19,20,20,0,-999,-999,0
32.5,41,65,2,-73.9539,1,-89.8963,19,20,20,0,-999,-999,0
32.5,41,65,2,-73.9539,4,-90.6977,16,16,20,0,-999,-999,0
32.5,41,65,2,-73.9539,3,-92.0487,19,20,20,0,-999,-999,0
32.5,42,164,1,-82.4282,2,-61.4402,16,16,20,0,-999,-999,0
32.5,42,164,1,-82.4282,4,-75.82,16,16,20,0,-999,-999,0
32.5,42,164,1,-82.4282,3,-84.5928,19,20,20,0,-999,-999,0
32.5,43,140,3,-46.443,1,-47.3707,19,20,20,0,-999,-999,0
32.5,43,140,3,-46.443,2,-62.3954,16,16,20,0,-999,-999,0
32.5,43,140,3,-46.443,4,-103.483,16,16,20,0,-999,-999,0
32.5,44,174,1,-87.2852,4,-65.3812,16,16,20,0,-999,-999,0
32.5,44,174,1,-87.2852,2,-85.3665,16,16,20,0,-999,-999,0
32.5,44,174,1,-87.2852,3,-95.0654,19,20,20,0,-999,-999,0
32.5,45,136,1,-34.3612,2,-48.9438,16,16,20,0,-999,-999,0
32.5,45,136,1,-34.3612,3,-74.7147,19,20,20,0,-999,-999,0
32.5,45,136,1,-34.3612,4,-103.553,16,16,20,0,-999,-999,0
32.5,46,103,2,-83.8415,4,-78.2625,16,16,20,0,-999,-999,4
32.5,46,103,2,-83.8415,1,-94.1261,19,20,20,0,-999,-999,4
32.5,46,103,2,-83.8415,3,-100.944,19,20,20,0,-999,-999,4
32.5,47,137,1,-46.7613,2,-43.5952,16,16,20,0,-999,-999,0
32.5,47,137,1,-46.7613,3,-80.006,19,20,20,0,-999,-999,0
32.5,47,137,1,-46.7613,4,-106.042,16,17,20,0,-999,-999,0
32.5,48,143,4,-64.9443,2,-88.727,16,16,20,0,-999,-999,0
32.5,48,143,4,-64.9443,1,-98.1397,19,20,20,0,-999,-999,0
32.5,48,143,4,-64.9443,3,-101.604,19,20,20,0,-999,-999,0
32.5,49,144,4,-25.0498,1,-94.0299,19,20,20,0,-999,-999,0
32.5,49,144,4,-25.0498,2,-99.0601,16,16,20,0,-999,-999,0
32.5,49,144,4,-25.0498,3,-105.627,19,20,20,0,-999,-999,0
32.5,50,168,3,-96.2782,2,-68.7508,16,16,20,0,-999,-999,0
32.5,50,168,3,-96.2782,1,-95.8971,19,20,20,0,-999,-999,0
32.5,50,168,3,-96.2782,4,-101.81,16,17,20,0,-999,-999,0
32.5,51,143,3,-87.0827,1,-54.3278,19,20,20,0,-999,-999,0
32.5,51,143,3,-87.0827,4,-64.7976,16,17,20,0,-999,-999,0
32.5,51,143,3,-87.0827,2,-94.449,16,16,20,0,-999,-999,0
32.5,52,170,1,-83.2859,3,-45.2103,19,20,20,0,-999,-999,0
32.5,52,170,1,-83.2859,2,-55.8636,16,16,20,0,-999,-999,0
32.5,52,170,1,-83.2859,4,-87.0911,16,17,20,0,-999,-999,0
32.5,53,167,3,-77.3704,4,-82.5913,16,17,20,0,-999,-999,0
32.5,53,167,3,-77.3704,2,-97.0163,16,16,20,0,-999,-999,0
32.5,53,167,3,-77.3704,1,-107.05,19,20,20,0,-999,-999,0
32.5,54,101,2,-80.8018,1,-56.4564,19,20,20,0,-999,-999,0
32.5,54,101,2,-80.8018,4,-73.6195,16,17,20,0,-999,-999,0
32.5,54,101,2,-80.8018,3,-82.4239,19,20,20,0,-999,-999,0
32.5,55,162,4,-43.0592,1,-82.5754,19,20,20,0,-999,-999,0
32.5,55,162,4,-43.0592,2,-87.2131,16,16,20,0,-999,-999,0
32.5,55,162,4,-43.0592,3,-99.7486,19,20,20,0,-999,-999,0
32.5,56,138,1,-57.3235,3,-79.0598,19,20,20,0,-999,-999,0
32.5,56,138,1,-57.3235,2,-81.6465,16,16,20,0,-999,-999,0
32.5,56,138,1,-57.3235,4,-96.4076,16,17,20,0,-999,-999,0
32.5,57,146,3,-90.0133,1,-59.6843,19,20,20,0,-999,-999,0
32.5,57,146,3,-90.0133,2,-83.0498,16,16,20,0,-999,-999,0
32.5,57,146,3,-90.0133,4,-109.924,16,17,20,0,-999,-999,0
32.5,58,147,3,-84.818,1,-49.3948,19,20,20,0,-999,-999,0
32.5,58,147,3,-84.818,2,-84.9692,16,16,20,0,-999,-999,0
32.5,58,147,3,-84.818,4,-109.131,16,17,20,0,-999,-999,0
32.5,59,139,1,-76.8506,3,-82.9168,19,20,20,0,-999,-999,0
32.5,59,139,1,-76.8506,2,-86.7858,16,16,20,0,-999,-999,0
32.5,59,139,1,-76.8506,4,-103.974,16,17,20,0,-999,-999,0
32.5,60,162,3,-87.2339,2,-58.1278,16,16,20,0,-999,-999,0
32.5,60,162,3,-87.2339,1,-60.5946,19,20,20,0,-999,-999,0
32.5,60,162,3,-87.2339,4,-109.95,16,17,20,0,-999,-999,0
32.5,61,163,4,-71.222,3,-77.0602,19,20,20,0,-999,-999,0
32.5,61,163,4,-71.222,2,-84.7199,16,16,20,0,-999,-999,0
32.5,61,163,4,-71.222,1,-104.843,19,20,20,0,-999,-999,0
32.5,62,140,1,-71.1624,3,-79.7798,19,20,20,0,-999,-999,0
32.5,62,140,1,-71.1624,2,-81.3816,16,16,20,0,-999,-999,0
32.5,62,140,1,-71.1624,4,-97.7574,16,17,20,0,-999,-999,0
32.5,63,141,1,-93.3716,3,-58.5171,19,20,20,0,-999,-999,0
32.5,63,141,1,-93.3716,4,-90.2309,16,17,20,0,-999,-999,0
32.5,63,141,1,-93.3716,2,-97.2904,16,16,20,0,-999,-999,0
32.5,64,168,4,-59.1852,1,-86.4155,19,20,20,0,-999,-999,0
32.5,64,168,4,-59.1852,2,-86.9712,16,16,20,0,-999,-999,0
32.5,64,168,4,-59.1852,3,-94.4634,19,20,20,0,-999,-999,0
32.5,65,92,2,-52.3863,1,-54.0782,19,20,20,0,-999,-999,0
32.5,65,92,2,-52.3863,3,-90.8568,19,20,20,0,-999,-999,0
32.5,65,92,2,-52.3863,4,-95.0377,16,17,20,0,-999,-999,0
32.5,66,67,2,-55.4086,4,-75.9708,16,17,20,0,-999,-999,0
32.5,66,67,2,-55.4086,3,-87.19,19,20,20,0,-999,-999,0
32.5,66,67,2,-55.4086,1,-89.146,19,20,20,0,-999,-999,0
32.5,67,85,2,-95.0217,4,-63.6587,16,17,20,0,-999,-999,0
32.5,67,85,2,-95.0217,3,-87.231,19,20,20,0,-999,-999,0
32.5,67,85,2,-95.0217,1,-95.4174,19,20,20,0,-999,-999,0
32.5,68,172,1,-56.7918,2,-91.0953,16,16,20,0,-999,-999,0
32.5,68,172,1,-56.7918,3,-91.3906,19,20,20,0,-999,-999,0
32.5,68,172,1,-56.7918,4,-107.206,16,17,20,0,-999,-999,0
32.5,69,166,4,-81.9109,2,-52.2748,16,16,20,0,-999,-999,0
32.5,69,166,4,-81.9109,3,-89.0929,19,20,20,0,-999,-999,0
32.5,69,166,4,-81.9109,1,-93.5954,19,20,20,0,-999,-999,0
32.5,70,177,1,-80.5488,4,-76.8152,16,17,20,0,-999,-999,0
32.5,70,177,1,-80.5488,2,-89.1439,16,16,20,0,-999,-999,0
32.5,70,177,1,-80.5488,3,-90.3186,19,20,20,0,-999,-999,0
32.5,71,167,1,-49.7876,2,-67.6385,16,16,20,0,-999,-999,0
32.5,71,167,1,-49.7876,4,-83.4815,16,17,20,0,-999,-999,0
32.5,71,167,1,-49.7876,3,-87.0972,19,20,20,0,-999,-999,0
32.5,72,163,1,-89.1465,2,-82.3837,16,16,20,0,-999,-999,0
32.5,72,163,1,-89.1465,3,-86.2929,19,20,20,0,-999,-999,0
32.5,72,163,1,-89.1465,4,-98.2199,16,17,20,0,-999,-999,0
32.5,73,169,4,-43.8341,1,-61.1327,19,20,20,0,-999,-999,0
32.5,73,169,4,-43.8341,2,-79.4555,16,16,20,0,-999,-999,0
32.5,73,169,4,-43.8341,3,-89.1124,19,20,20,0,-999,-999,0
32.5,74,172,3,-86.7808,1,-69.7703,19,20,20,0,-999,-999,0
32.5,74,172,3,-86.7808,2,-80.2114,16,16,20,0,-999,-999,0
32.5,74,172,3,-86.7808,4,-102.128,16,17,20,0,-999,-999,0
34.5,5,169,3,-78.7431,1,-82.2883,19,19,20,0,-999,-999,0
34.5,5,169,3,-78.7431,2,-85.5487,15,15,20,0,-999,-999,0
34.5,5,169,3,-78.7431,4,-107.755,17,17,20,0,-999,-999,0
34.5,6,43,4,-77.6922,2,-78.3319,15,15,20,0,-999,-999,0
34.5,6,43,4,-77.6922,3,-97.47,19,19,20,0,-999,-999,0
34.5,6,43,4,-77.6922,1,-100.786,19,19,20,0,-999,-999,0
34.5,7,88,2,-74.3484,3,-64.6216,19,19,20,0,-999,-999,0
34.5,7,88,2,-74.3484,1,-71.5071,19,19,20,0,-999,-999,0
34.5,7,88,2,-74.3484,4,-91.0385,17,17,20,0,-999,-999,0
34.5,8,91,2,-79.432,1,-46.2223,19,19,20,0,-999,-999,0
34.5,8,91,2,-79.432,4,-90.7886,17,17,20,0,-999,-999,0
34.5,8,91,2,-79.432,3,-95.4186,19,19,20,0,-999,-999,0
34.5,9,16,2,-77.4945,1,-80.4612,19,19,20,0,-999,-999,0
34.5,9,16,2,-77.4945,4,-81.1404,17,17,20,0,-999,-999,0
34.5,9,16,2,-77.4945,3,-87.982,19,19,20,0,-999,-999,0
34.5,10,50,3,-59.2049,1,-79.0335,19,19,20,0,-999,-999,0
34.5,10,50,3,-59.2049,2,-84.9495,15,15,20,0,-999,-999,0
34.5,10,50,3,-59.2049,4,-103.839,17,17,20,0,-999,-999,0
34.5,11,81,2,-77.9913,4,-60.0573,17,17,20,0,-999,-999,4
34.5,11,81,2,-77.9913,3,-84.9105,19,19,20,0,-999,-999,4
34.5,11,81,2,-77.9913,1,-95.0819,19,19,20,0,-999,-999,4
34.5,12,51,3,-49.9066,1,-53.3389,19,19,20,0,-999,-999,0
34.5,12,51,3,-49.9066,2,-84.6864,15,15,20,0,-999,-999,0
34.5,12,51,3,-49.9066,4,-105.777,17,18,20,0,-999,-999,0
34.5,13,38,1,-30.7858,3,-55.3788,19,19,20,0,-999,-999,0
34.5,13,38,1,-30.7858,2,-67.1503,15,15,20,0,-999,-999,0
34.5,13,38,1,-30.7858,4,-69.7927,17,18,20,0,-999,-999,0
34.5,14,178,1,-50.1728,2,-67.3238,15,15,20,0,-999,-999,0
34.5,14,178,1,-50.1728,3,-86.6713,19,19,20,0,-999,-999,0
34.5,14,178,1,-50.1728,4,-98.7786,17,18,20,0,-999,-999,0
34.5,15,53,3,-23.8282,2,-67.3294,15,15,20,0,-999,-999,0
34.5,15,53,3,-23.8282,1,-85.8832,19,19,20,0,-999,-999,0
34.5,15,53,3,-23.8282,4,-97.0002,17,18,20,0,-999,-999,0
34.5,16,45,4,-72.8968,2,-61.359,15,15,20,0,-999,-999,0
34.5,16,45,4,-72.8968,1,-65.6315,19,19,20,0,-999,-999,0
34.5,16,45,4,-72.8968,3,-105.862,19,19,20,0,-999,-999,0
34.5,17,170,3,-91.2278,1,-55.3118,19,19,20,0,-999,-999,0
34.5,17,170,3,-91.2278,2,-64.7582,15,15,20,0,-999,-999,0
34.5,17,170,3,-91.2278,4,-66.3179,17,18,20,0,-999,-999,0
34.5,18,54,3,-67.6933,1,-69.0414,19,19,20,0,-999,-999,0
34.5,18,54,3,-67.6933,2,-84.6341,15,15,20,0,-999,-999,0
34.5,18,54,3,-67.6933,4,-97.5882,17,18,20,0,-999,-999,0
34.5,19,175,1,-88.1947,3,-50.9837,19,19,20,0,-999,-999,0
34.5,19,175,1,-88.1947,2,-88.1819,15,15,20,0,-999,-999,0
34.5,19,175,1,-88.1947,4,-114.129,17,18,20,0,-999,-999,0
34.5,20,99,2,-59.4458,1,-74.004,19,19,20,0,-999,-999,0
34.5,20,99,2,-59.4458,3,-74.194,19,19,20,0,-999,-999,0
34.5,20,99,2,-59.4458,4,-82.9876,17,18,20,0,-999,-999,0
34.5,21,47,4,-70.8534,3,-77.1524,19,19,20,0,-999,-999,0
34.5,21,47,4,-70.8534,2,-100.202,15,15,20,0,-999,-999,0
34.5,21,47,4,-70.8534,1,-104.626,19,19,20,0,-999,-999,0
34.5,22,48,4,-71.9909,2,-80.1844,15,15,20,0,-999,-999,0
34.5,22,48,4,-71.9909,1,-94.803,19,19,20,0,-999,-999,0
34.5,22,48,4,-71.9909,3,-95.4193,19,19,20,0,-999,-999,0
34.5,23,39,1,-58.9632,2,-74.5585,15,15,20,0,-999,-999,0
34.5,23,39,1,-58.9632,3,-80.244,19,19,20,0,-999,-999,0
34.5,23,39,1,-58.9632,4,-93.028,17,18,20,0,-999,-999,0
34.5,24,173,3,-80.7164,1,-39.3141,19,19,20,0,-999,-999,0
34.5,24,173,3,-80.7164,2,-75.1366,15,15,20,0,-999,-999,0
34.5,24,173,3,-80.7164,4,-80.6001,17,18,20,0,-999,-999,0
34.5,25,165,4,-75.0777,3,-69.6667,19,19,20,0,-999,-999,0
34.5,25,165,4,-75.0777,2,-79.2815,15,15,20,0,-999,-999,0
34.5,25,165,4,-75.0777,1,-101.266,19,19,20,0,-999,-999,0
34.5,26,136,3,-86.9745,2,-81.0751,15,15,20,0,-999,-999,0
34.5,26,136,3,-86.9745,1,-82.9042,19,19,20,0,-999,-999,0
34.5,26,136,3,-86.9745,4,-94.3286,17,18,20,0,-999,-999,0
34.5,27,98,2,-86.7757,4,-81.9552,17,18,20,0,-999,-999,4
34.5,27,98,2,-86.7757,3,-85.4649,19,19,20,0,-999,-999,4
34.5,27,98,2,-86.7757,1,-88.0342,19,19,20,0,-999,-999,4
34.5,28,100,2,-74.0316,1,-80.5261,19,19,20,0,-999,-999,0
34.5,28,100,2,-74.0316,3,-90.0189,19,19,20,0,-999,-999,0
34.5,28,100,2,-74.0316,4,-92.8824,17,19,20,0,-999,-999,0
34.5,29,95,2,-63.4411,4,-74.6143,17,19,20,0,-999,-999,0
34.5,29,95,2,-63.4411,1,-76.2772,19,19,20,0,-999,-999,0
34.5,29,95,2,-63.4411,3,-77.89,19,19,20,0,-999,-999,0
34.5,30,165,3,-44.9746,1,-75.9409,19,19,20,0,-999,-999,0
34.5,30,165,3,-44.9746,4,-77.5243,17,19,20,0,-999,-999,0
34.5,30,165,3,-44.9746,2,-84.6997,15,15,20,0,-999,-999,0
34.5,31,138,3,-49.933,1,-88.0802,19,19,20,0,-999,-999,0
34.5,31,138,3,-49.933,2,-96.7441,15,15,20,0,-999,-999,0
34.5,31,138,3,-49.933,4,-113.758,17,19,20,0,-999,-999,0
34.5,32,136,4,-37.4763,1,-52.7253,19,19,20,0,-999,-999,0
34.5,32,136,4,-37.4763,3,-64.1917,19,19,20,0,-999,-999,0
34.5,32,136,4,-37.4763,2,-96.3953,15,15,20,0,-999,-999,0
34.5,33,176,1,-75.1387,3,-44.2347,19,19,20,0,-999,-999,0
34.5,33,176,1,-75.1387,2,-78.7883,15,15,20,0,-999,-999,0
34.5,33,176,1,-75.1387,4,-98.7156,17,19,20,0,-999,-999,0
34.5,34,137,4,-80.4342,2,-63.8538,15,15,20,0,-999,-999,2
34.5,34,137,4,-80.4342,3,-95.6695,19,19,20,0,-999,-999,2
34.5,34,137,4,-80.4342,1,-102.329,19,19,20,0,-999,-999,2
34.5,35,104,2,-45.0946,1,-77.6677,19,19,20,0,-999,-999,0
34.5,35,104,2,-45.0946,3,-81.644,19,19,20,0,-999,-999,0
34.5,35,104,2,-45.0946,4,-87.0257,17,19,20,0,-999,-999,0
34.5,36,105,2,-92.7602,3,-68.3521,19,19,20,0,-999,-999,0
34.5,36,105,2,-92.7602,4,-72.0226,17,19,20,0,-999,-999,0
34.5,36,105,2,-92.7602,1,-99.2228,19,19,20,0,-999,-999,0
34.5,37,139,4,-63.1339,1,-90.1382,19,19,20,0,-999,-999,0
34.5,37,139,4,-63.1339,2,-93.7008,15,16,20,0,-999,-999,0
34.5,37,139,4,-63.1339,3,-95.9704,19,19,20,0,-999,-999,0
34.5,38,171,3,-83.9274,1,-62.0328,19,19,20,0,-999,-999,0
34.5,38,171,3,-83.9274,2,-68.9419,15,16,20,0,-999,-999,0
34.5,38,171,3,-83.9274,4,-97.2238,17,19,20,0,-999,-999,0
34.5,39,173,1,-84.7947,3,-48.1145,19,19,20,0,-999,-999,0
34.5,39,173,1,-84.7947,2,-62.942,15,16,20,0,-999,-999,0
34.5,39,173,1,-84.7947,4,-80.0747,17,19,20,0,-999,-999,0
34.5,40,140,4,-70.4678,2,-71.0913,15,16,20,0,-999,-999,0
34.5,40,140,4,-70.4678,1,-85.1321,19,19,20,0,-999,-999,0
34.5,40,140,4,-70.4678,3,-95.021,19,19,20,0,-999,-999,0
34.5,41,65,2,-38.1286,1,-59.0923,19,19,20,0,-999,-999,0
34.5,41,65,2,-38.1286,4,-85.3943,17,19,20,0,-999,-999,0
34.5,41,65,2,-38.1286,3,-89.5983,19,19,20,0,-999,-999,0
34.5,42,164,1,-84.0991,4,-44.105,17,19,20,0,-999,-999,0
34.5,42,164,1,-84.0991,2,-88.5771,15,16,20,0,-999,-999,0
34.5,42,164,1,-84.0991,3,-90.6311,19,19,20,0,-999,-999,0
34.5,43,140,3,-47.9053,1,-72.0579,19,19,20,0,-999,-999,0
34.5,43,140,3,-47.9053,2,-85.0756,15,16,20,0,-999,-999,0
34.5,43,140,3,-47.9053,4,-99.2339,17,19,20,0,-999,-999,0
34.5,44,174,1,-83.2945,2,-73.4374,15,16,20,0,-999,-999,0
34.5,44,174,1,-83.2945,4,-90.9487,17,19,20,0,-999,-999,0
34.5,44,174,1,-83.2945,3,-96.0574,19,19,20,0,-999,-999,0
34.5,45,136,1,-71.9042,2,-41.5093,15,16,20,0,-999,-999,0
34.5,45,136,1,-71.9042,3,-74.7082,19,19,20,0,-999,-999,0
34.5,45,136,1,-71.9042,4,-102.857,17,19,20,0,-999,-999,0
34.5,46,170,4,-80.9558,2,-95.2706,15,16,20,0,-999,-999,0
34.5,46,170,4,-80.9558,3,-95.5406,19,19,20,0,-999,-999,0
34.5,46,170,4,-80.9558,1,-97.3954,19,19,20,0,-999,-999,0
34.5,47,137,1,-70.7085,2,-53.8374,15,16,20,0,-999,-999,2
34.5,47,137,1,-70.7085,3,-80.1048,19,19,20,0,-999,-999,2
34.5,47,137,1,-70.7085,4,-104.861,17,19,20,0,-999,-999,2
34.5,48,143,4,-69.9664,2,-78.7641,15,17,20,0,-999,-999,0
34.5,48,143,4,-69.9664,1,-101.733,19,19,20,0,-999,-999,0
34.5,48,143,4,-69.9664,3,-105.849,19,19,20,0,-999,-999,0
34.5,49,144,4,-24.8644,3,-74.7511,19,19,20,0,-999,-999,0
34.5,49,144,4,-24.8644,1,-89.6382,19,19,20,0,-999,-999,0
34.5,49,144,4,-24.8644,2,-97.301,15,17,20,0,-999,-999,0
34.5,50,168,3,-99.0579,1,-59.7754,19,19,20,0,-999,-999,0
34.5,50,168,3,-99.0579,2,-85.7366,15,17,20,0,-999,-999,0
34.5,50,168,3,-99.0579,4,-104.645,17,19,20,0,-999,-999,0
34.5,51,143,3,-89.868,1,-56.5547,19,19,20,0,-999,-999,0
34.5,51,143,3,-89.868,2,-94.0957,15,17,20,0,-999,-999,0
34.5,51,143,3,-89.868,4,-95.6725,17,19,20,0,-999,-999,0
34.5,52,170,1,-82.9148,2,-67.4026,15,17,20,0,-999,-999,2
34.5,52,170,1,-82.9148,3,-84.5027,19,19,20,0,-999,-999,2
34.5,52,170,1,-82.9148,4,-117.732,17,19,20,0,-999,-999,2
34.5,53,167,3,-46.5817,1,-87.4247,19,19,20,0,-999,-999,0
34.5,53,167,3,-46.5817,2,-95.8681,15,18,20,0,-999,-999,0
34.5,53,167,3,-46.5817,4,-98.343,17,19,20,0,-999,-999,0
34.5,54,101,2,-80.4365,1,-82.3934,19,19,20,0,-999,-999,0
34.5,54,101,2,-80.4365,4,-89.5857,17,19,20,0,-999,-999,0
34.5,54,101,2,-80.4365,3,-94.2927,19,19,20,0,-999,-999,0
34.5,55,162,4,-67.1673,2,-72.3825,15,18,20,0,-999,-999,0
34.5,55,162,4,-67.1673,1,-85.0667,19,19,20,0,-999,-999,0
34.5,55,162,4,-67.1673,3,-106.051,19,19,20,0,-999,-999,0
34.5,56,138,1,-67.8984,3,-78.9302,19,19,20,0,-999,-999,0
34.5,56,138,1,-67.8984,4,-89.8372,17,19,20,0,-999,-999,0
34.5,56,138,1,-67.8984,2,-92.697,15,18,20,0,-999,-999,0
34.5,57,146,3,-90.1177,1,-54.3355,19,19,20,0,-999,-999,0
34.5,57,146,3,-90.1177,2,-96.5539,15,18,20,0,-999,-999,0
34.5,57,146,3,-90.1177,4,-113.408,17,19,20,0,-999,-999,0
34.5,58,147,3,-89.5585,1,-51.3457,19,19,20,0,-999,-999,0
34.5,58,147,3,-89.5585,2,-68.8589,15,18,20,0,-999,-999,0
34.5,58,147,3,-89.5585,4,-109.021,17,19,20,0,-999,-999,0
34.5,59,139,1,-49.1399,2,-84.9964,15,18,20,0,-999,-999,0
34.5,59,139,1,-49.1399,3,-86.2326,19,19,20,0,-999,-999,0
34.5,59,139,1,-49.1399,4,-93.0053,17,19,20,0,-999,-999,0
34.5,60,162,3,-82.7896,1,-52.0165,19,19,20,0,-999,-999,0
34.5,60,162,3,-82.7896,2,-85.1941,15,18,20,0,-999,-999,0
34.5,60,162,3,-82.7896,4,-100.389,17,19,20,0,-999,-999,0
34.5,61,163,4,-79.1116,2,-95.3706,15,18,20,0,-999,-999,0
34.5,61,163,4,-79.1116,3,-96.9375,19,19,20,0,-999,-999,0
34.5,61,163,4,-79.1116,1,-102.496,19,19,20,0,-999,-999,0
34.5,62,140,1,-46.664,2,-80.9793,15,18,20,0,-999,-999,0
34.5,62,140,1,-46.664,3,-82.4486,19,19,20,0,-999,-999,0
34.5,62,140,1,-46.664,4,-93.9312,17,19,20,0,-999,-999,0
34.5,63,141,1,-50.2388,4,-59.7951,17,19,20,0,-999,-999,0
34.5,63,141,1,-50.2388,2,-80.2178,15,18,20,0,-999,-999,0
34.5,63,141,1,-50.2388,3,-93.6497,19,19,20,0,-999,-999,0
34.5,64,168,4,-87.7072,2,-49.6216,15,18,20,0,-999,-999,0
34.5,64,168,4,-87.7072,3,-55.3675,19,19,20,0,-999,-999,0
34.5,64,168,4,-87.7072,1,-89.3477,19,19,20,0,-999,-999,0
34.5,65,92,2,-87.67,1,-49.2202,19,19,20,0,-999,-999,0
34.5,65,92,2,-87.67,3,-50.1443,19,19,20,0,-999,-999,0
34.5,65,92,2,-87.67,4,-103.777,17,19,20,0,-999,-999,0
34.5,66,67,2,-68.4848,3,-82.635,19,19,20,0,-999,-999,0
34.5,66,67,2,-68.4848,1,-83.8278,19,19,20,0,-999,-999,0
34.5,66,67,2,-68.4848,4,-100.4,17,19,20,0,-999,-999,0
34.5,67,85,2,-92.9572,4,-73.682,17,19,20,0,-999,-999,4
34.5,67,85,2,-92.9572,3,-81.1744,19,19,20,0,-999,-999,4
34.5,67,85,2,-92.9572,1,-101.905,19,19,20,0,-999,-999,4
34.5,68,172,1,-48.4184,2,-72.7554,15,18,20,0,-999,-999,0
34.5,68,172,1,-48.4184,3,-97.2667,19,19,20,0,-999,-999,0
34.5,68,172,1,-48.4184,4,-101.395,17,20,20,0,-999,-999,0
34.5,69,166,4,-75.8684,3,-53.5899,19,19,20,0,-999,-999,0
34.5,69,166,4,-75.8684,1,-85.7562,19,19,20,0,-999,-999,0
34.5,69,166,4,-75.8684,2,-91.1351,15,18,20,0,-999,-999,0
34.5,70,177,1,-90.1976,4,-59.8401,17,20,20,0,-999,-999,0
34.5,70,177,1,-90.1976,2,-84.5683,15,18,20,0,-999,-999,0
34.5,70,177,1,-90.1976,3,-91.5416,19,19,20,0,-999,-999,0
34.5,71,167,1,-91.5511,2,-72.4009,15,18,20,0,-999,-999,0
34.5,71,167,1,-91.5511,4,-85.1061,17,20,20,0,-999,-999,0
34.5,71,167,1,-91.5511,3,-85.8046,19,19,20,0,-999,-999,0
34.5,72,163,1,-49.6504,4,-72.0979,17,20,20,0,-999,-999,0
34.5,72,163,1,-49.6504,2,-87.9596,15,18,20,0,-999,-999,0
34.5,72,163,1,-49.6504,3,-96.5624,19,19,20,0,-999,-999,0
34.5,73,169,4,-69.4834,1,-50.8278,19,19,20,0,-999,-999,0
34.5,73,169,4,-69.4834,2,-62.7772,15,18,20,0,-999,-999,0
34.5,73,169,4,-69.4834,3,-90.6066,19,19,20,0,-999,-999,0
34.5,74,172,3,-88.5584,1,-43.2828,19,19,20,0,-999,-999,0
34.5,74,172,3,-88.5584,2,-64.6777,15,18,20,0,-999,-999,0
34.5,74,172,3,-88.5584,4,-94.9285,17,20,20,0,-999,-999,0
36.5,5,169,3,-47.1518,2,-82.7653,15,15,20,0,-999,-999,0
36.5,5,169,3,-47.1518,1,-83.5329,17,17,20,0,-999,-999,0
36.5,5,169,3,-47.1518,4,-103.985,19,19,20,0,-999,-999,0
36.5,6,43,4,-75.899,3,-94.7468,19,19,20,0,-999,-999,0
36.5,6,43,4,-75.899,2,-95.4198,15,15,20,0,-999,-999,0
36.5,6,43,4,-75.899,1,-101.79,17,17,20,0,-999,-999,0
36.5,7,88,2,-66.924,1,-79.5162,17,17,20,0,-999,-999,0
36.5,7,88,2,-66.924,3,-85.8319,19,19,20,0,-999,-999,0
36.5,7,88,2,-66.924,4,-90.2444,19,19,20,0,-999,-999,0
36.5,8,91,2,-84.1336,3,-77.0621,19,19,20,0,-999,-999,0
36.5,8,91,2,-84.1336,4,-88.779,19,19,20,0,-999,-999,0
36.5,8,91,2,-84.1336,1,-88.8958,17,17,20,0,-999,-999,0
36.5,9,16,2,-79.4279,3,-86.047,19,19,20,0,-999,-999,0
36.5,9,16,2,-79.4279,1,-86.2104,17,17,20,0,-999,-999,0
36.5,9,16,2,-79.4279,4,-92.1663,19,19,20,0,-999,-999,0
36.5,10,50,3,-57.8849,1,-79.4002,17,17,20,0,-999,-999,0
36.5,10,50,3,-57.8849,2,-87.9588,15,15,20,0,-999,-999,0
36.5,10,50,3,-57.8849,4,-101.879,19,19,20,0,-999,-999,0
36.5,11,171,4,-90.975,3,-60.0724,19,19,20,0,-999,-999,0
36.5,11,171,4,-90.975,2,-81.9704,15,15,20,0,-999,-999,0
36.5,11,171,4,-90.975,1,-84.3036,17,17,20,0,-999,-999,0
36.5,12,51,3,-89.1452,1,-80.3369,17,17,20,0,-999,-999,0
36.5,12,51,3,-89.1452,2,-86.6079,15,15,20,0,-999,-999,0
36.5,12,51,3,-89.1452,4,-114.929,19,19,20,0,-999,-999,0
36.5,13,38,1,-54.6569,2,-67.5285,15,15,20,0,-999,-999,0
36.5,13,38,1,-54.6569,3,-75.3246,19,19,20,0,-999,-999,0
36.5,13,38,1,-54.6569,4,-100.283,19,19,20,0,-999,-999,0
36.5,14,178,1,-65.925,2,-57.2497,15,15,20,0,-999,-999,0
36.5,14,178,1,-65.925,3,-84.7683,19,19,20,0,-999,-999,0
36.5,14,178,1,-65.925,4,-115.008,19,19,20,0,-999,-999,0
36.5,15,53,3,-58.255,2,-83.0163,15,15,20,0,-999,-999,0
36.5,15,53,3,-58.255,1,-84.7347,17,17,20,0,-999,-999,0
36.5,15,53,3,-58.255,4,-99.7189,19,19,20,0,-999,-999,0
36.5,16,45,4,-71.1122,3,-76.0741,19,19,20,0,-999,-999,0
36.5,16,45,4,-71.1122,2,-93.5176,15,15,20,0,-999,-999,0
36.5,16,45,4,-71.1122,1,-97.1383,17,17,20,0,-999,-999,0
36.5,17,170,3,-91.7728,4,-61.7188,19,19,20,0,-999,-999,0
36.5,17,170,3,-91.7728,2,-86.5942,15,15,20,0,-999,-999,0
36.5,17,170,3,-91.7728,1,-88.1389,17,17,20,0,-999,-999,0
36.5,18,54,3,-67.7307,1,-61.2813,17,17,20,0,-999,-999,0
36.5,18,54,3,-67.7307,4,-77.3651,19,19,20,0,-999,-999,0
36.5,18,54,3,-67.7307,2,-84.5014,15,15,20,0,-999,-999,0
36.5,19,175,1,-53.0793,3,-51.3396,19,19,20,0,-999,-999,0
36.5,19,175,1,-53.0793,2,-90.9591,15,15,20,0,-999,-999,0
36.5,19,175,1,-53.0793,4,-118.799,19,19,20,0,-999,-999,0
36.5,20,99,2,-56.0606,3,-40.0261,19,19,20,0,-999,-999,0
36.5,20,99,2,-56.0606,1,-70.5763,17,17,20,0,-999,-999,0
36.5,20,99,2,-56.0606,4,-103.642,19,19,20,0,-999,-999,0
36.5,21,47,4,-73.3376,3,-77.1762,19,19,20,0,-999,-999,0
36.5,21,47,4,-73.3376,2,-97.1654,15,15,20,0,-999,-999,0
36.5,21,47,4,-73.3376,1,-115.314,17,17,20,0,-999,-999,0
36.5,22,48,4,-80.9718,1,-94.0363,17,17,20,0,-999,-999,0
36.5,22,48,4,-80.9718,3,-96.7523,19,19,20,0,-999,-999,0
36.5,22,48,4,-80.9718,2,-102.706,15,15,20,0,-999,-999,0
36.5,23,39,1,-56.654,2,-71.4618,15,15,20,0,-999,-999,0
36.5,23,39,1,-56.654,3,-75.6318,19,19,20,0,-999,-999,0
36.5,23,39,1,-56.654,4,-86.7475,19,19,20,0,-999,-999,0
36.5,24,173,3,-48.2006,1,-78.7847,17,17,20,0,-999,-999,0
36.5,24,173,3,-48.2006,2,-83.137,15,15,20,0,-999,-999,0
36.5,24,173,3,-48.2006,4,-102.039,19,19,20,0,-999,-999,0
36.5,25,165,4,-86.3727,3,-75.7186,19,19,20,0,-999,-999,3
36.5,25,165,4,-86.3727,1,-79.1648,17,17,20,0,-999,-999,3
36.5,25,165,4,-86.3727,2,-90.3026,15,15,20,0,-999,-999,3
36.5,26,136,3,-81.9488,1,-84.6788,17,17,20,0,-999,-999,0
36.5,26,136,3,-81.9488,2,-85.3197,15,15,20,0,-999,-999,0
36.5,26,136,3,-81.9488,4,-100.36,19,19,20,0,-999,-999,0
36.5,27,172,4,-77.9384,2,-51.9892,15,15,20,0,-999,-999,0
36.5,27,172,4,-77.9384,1,-54.8407,17,17,20,0,-999,-999,0
36.5,27,172,4,-77.9384,3,-64.1783,19,20,20,0,-999,-999,0
36.5,28,100,2,-88.6265,3,-82.6077,19,20,20,0,-999,-999,0
36.5,28,100,2,-88.6265,4,-83.1632,19,19,20,0,-999,-999,0
36.5,28,100,2,-88.6265,1,-84.6522,17,17,20,0,-999,-999,0
36.5,29,95,2,-82.7801,1,-45.7763,17,17,20,0,-999,-999,0
36.5,29,95,2,-82.7801,3,-87.7147,19,20,20,0,-999,-999,0
36.5,29,95,2,-82.7801,4,-93.4822,19,19,20,0,-999,-999,0
36.5,30,165,3,-72.0145,1,-41.0775,17,17,20,0,-999,-999,0
36.5,30,165,3,-72.0145,2,-51.7616,15,15,20,0,-999,-999,0
36.5,30,165,3,-72.0145,4,-91.9638,19,19,20,0,-999,-999,0
36.5,31,138,3,-60.3701,2,-82.1207,15,15,20,0,-999,-999,0
36.5,31,138,3,-60.3701,1,-83.4867,17,17,20,0,-999,-999,0
36.5,31,138,3,-60.3701,4,-121.228,19,19,20,0,-999,-999,0
36.5,32,136,4,-28.0646,3,-71.6246,19,20,20,0,-999,-999,0
36.5,32,136,4,-28.0646,1,-90.3826,17,17,20,0,-999,-999,0
36.5,32,136,4,-28.0646,2,-98.2915,15,15,20,0,-999,-999,0
36.5,33,176,1,-75.2724,3,-50.9098,19,20,20,0,-999,-999,0
36.5,33,176,1,-75.2724,2,-80.9455,15,15,20,0,-999,-999,0
36.5,33,176,1,-75.2724,4,-95.6778,19,19,20,0,-999,-999,0
36.5,34,106,2,-98.5871,4,-77.4358,19,19,20,0,-999,-999,0
36.5,34,106,2,-98.5871,1,-97.9425,17,17,20,0,-999,-999,0
36.5,34,106,2,-98.5871,3,-99.7151,19,20,20,0,-999,-999,0
36.5,35,104,2,-83.7659,1,-68.301,17,17,20,0,-999,-999,0
36.5,35,104,2,-83.7659,3,-70.9225,19,20,20,0,-999,-999,0
36.5,35,104,2,-83.7659,4,-97.6284,19,19,20,0,-999,-999,0
36.5,36,105,2,-104.357,4,-81.2691,19,19,20,0,-999,-999,0
36.5,36,105,2,-104.357,3,-100.152,19,20,20,0,-999,-999,0
36.5,36,105,2,-104.357,1,-103.058,17,17,20,0,-999,-999,0
36.5,37,139,4,-50.9934,1,-87.5416,17,17,20,0,-999,-999,0
36.5,37,139,4,-50.9934,2,-88.199,15,15,20,0,-999,-999,0
36.5,37,139,4,-50.9934,3,-88.9177,19,20,20,0,-999,-999,0
36.5,38,171,3,-76.9194,2,-61.052,15,15,20,0,-999,-999,0
36.5,38,171,3,-76.9194,4,-87.8197,19,19,20,0,-999,-999,0
36.5,38,171,3,-76.9194,1,-88.7836,17,17,20,0,-999,-999,0
36.5,39,173,1,-78.3536,2,-52.8824,15,15,20,0,-999,-999,0
36.5,39,173,1,-78.3536,3,-83.3947,19,20,20,0,-999,-999,0
36.5,39,173,1,-78.3536,4,-100.105,19,19,20,0,-999,-999,0
36.5,40,140,4,-54.2498,2,-64.5137,15,15,20,0,-999,-999,0
36.5,40,140,4,-54.2498,1,-79.6713,17,17,20,0,-999,-999,0
36.5,40,140,4,-54.2498,3,-92.9677,19,20,20,0,-999,-999,0
36.5,41,65,2,-74.6858,3,-53.2511,19,20,20,0,-999,-999,0
36.5,41,65,2,-74.6858,1,-65.1887,17,17,20,0,-999,-999,0
36.5,41,65,2,-74.6858,4,-89.4847,19,19,20,0,-999,-999,0
36.5,42,164,1,-83.0432,2,-47.881,15,15,20,0,-999,-999,0
36.5,42,164,1,-83.0432,4,-77.9214,19,19,20,0,-999,-999,0
36.5,42,164,1,-83.0432,3,-90.6183,19,20,20,0,-999,-999,0
36.5,43,140,3,-25.9495,1,-71.5925,17,17,20,0,-999,-999,0
36.5,43,140,3,-25.9495,2,-90.5342,15,15,20,0,-999,-999,0
36.5,43,140,3,-25.9495,4,-101.501,19,19,20,0,-999,-999,0
36.5,44,174,1,-78.8072,3,-59.2092,19,20,20,0,-999,-999,0
36.5,44,174,1,-78.8072,4,-82.7835,19,19,20,0,-999,-999,0
36.5,44,174,1,-78.8072,2,-87.346,15,15,20,0,-999,-999,0
36.5,45,136,1,-74.1357,3,-48.4309,19,20,20,0,-999,-999,2
36.5,45,136,1,-74.1357,2,-49.9509,15,15,20,0,-999,-999,2
36.5,45,136,1,-74.1357,4,-103.863,19,19,20,0,-999,-999,2
36.5,46,170,4,-64.6007,3,-86.9889,19,20,20,0,-999,-999,0
36.5,46,170,4,-64.6007,2,-91.0957,15,16,20,0,-999,-999,0
36.5,46,170,4,-64.6007,1,-92.5611,17,17,20,0,-999,-999,0
36.5,47,107,2,-65.3481,1,-71.5807,17,17,20,0,-999,-999,0
36.5,47,107,2,-65.3481,3,-84.5054,19,20,20,0,-999,-999,0
36.5,47,107,2,-65.3481,4,-105.282,19,19,20,0,-999,-999,0
36.5,48,143,4,-49.8307,2,-97.7591,15,16,20,0,-999,-999,0
36.5,48,143,4,-49.8307,1,-101.339,17,17,20,0,-999,-999,0
36.5,48,143,4,-49.8307,3,-106.026,19,20,20,0,-999,-999,0
36.5,49,144,4,-38.4587,2,-76.2853,15,16,20,0,-999,-999,0
36.5,49,144,4,-38.4587,1,-96.5113,17,17,20,0,-999,-999,0
36.5,49,144,4,-38.4587,3,-103.321,19,20,20,0,-999,-999,0
36.5,50,168,3,-83.2429,4,-89.8365,19,19,20,0,-999,-999,0
36.5,50,168,3,-83.2429,1,-96.7221,17,17,20,0,-999,-999,0
36.5,50,168,3,-83.2429,2,-101.818,15,16,20,0,-999,-999,0
36.5,51,143,3,-91.9569,1,-63.4152,17,17,20,0,-999,-999,1
36.5,51,143,3,-91.9569,4,-86.3259,19,19,20,0,-999,-999,1
36.5,51,143,3,-91.9569,2,-101.399,15,16,20,0,-999,-999,1
36.5,52,108,2,-80.9247,3,-72.1185,19,20,20,0,-999,-999,0
36.5,52,108,2,-80.9247,1,-86.2431,17,18,20,0,-999,-999,0
36.5,52,108,2,-80.9247,4,-109.341,19,19,20,0,-999,-999,0
36.5,53,167,3,-80.8114,2,-60.6584,15,16,20,0,-999,-999,0
36.5,53,167,3,-80.8114,4,-95.5578,19,19,20,0,-999,-999,0
36.5,53,167,3,-80.8114,1,-107.632,17,18,20,0,-999,-999,0
36.5,54,101,2,-78.0148,1,-53.5097,17,18,20,0,-999,-999,0
36.5,54,101,2,-78.0148,3,-66.2978,19,20,20,0,-999,-999,0
36.5,54,101,2,-78.0148,4,-85.9484,19,19,20,0,-999,-999,0
36.5,55,162,4,-85.1647,1,-46.06,17,18,20,0,-999,-999,0
36.5,55,162,4,-85.1647,2,-56.181,15,16,20,0,-999,-999,0
36.5,55,162,4,-85.1647,3,-109.535,19,20,20,0,-999,-999,0
36.5,56,138,1,-60.5035,3,-54.4065,19,20,20,0,-999,-999,0
36.5,56,138,1,-60.5035,2,-86.2245,15,16,20,0,-999,-999,0
36.5,56,138,1,-60.5035,4,-92.4276,19,19,20,0,-999,-999,0
36.5,57,146,3,-79.2982,1,-87.0129,17,18,20,0,-999,-999,0
36.5,57,146,3,-79.2982,2,-91.3462,15,16,20,0,-999,-999,0
36.5,57,146,3,-79.2982,4,-118.148,19,19,20,0,-999,-999,0
36.5,58,147,3,-93.6547,2,-79.9466,15,16,20,0,-999,-999,0
36.5,58,147,3,-93.6547,1,-83.4638,17,18,20,0,-999,-999,0
36.5,58,147,3,-93.6547,4,-112.898,19,19,20,0,-999,-999,0
36.5,59,139,1,-57.2272,4,-87.9984,19,19,20,0,-999,-999,0
36.5,59,139,1,-57.2272,3,-90.5374,19,20,20,0,-999,-999,0
36.5,59,139,1,-57.2272,2,-95.8841,15,16,20,0,-999,-999,0
36.5,60,162,3,-47.4272,1,-50.5591,17,18,20,0,-999,-999,0
36.5,60,162,3,-47.4272,2,-52.1269,15,16,20,0,-999,-999,0
36.5,60,162,3,-47.4272,4,-105.925,19,19,20,0,-999,-999,0
36.5,61,163,4,-77.8251,2,-83.0237,15,16,20,0,-999,-999,0
36.5,61,163,4,-77.8251,3,-100.83,19,20,20,0,-999,-999,0
36.5,61,163,4,-77.8251,1,-104.503,17,18,20,0,-999,-999,0
36.5,62,140,1,-78.9448,2,-47.1585,15,16,20,0,-999,-999,0
36.5,62,140,1,-78.9448,3,-88.6161,19,20,20,0,-999,-999,0
36.5,62,140,1,-78.9448,4,-94.6441,19,19,20,0,-999,-999,0
36.5,63,141,1,-58.7076,3,-66.0167,19,20,20,0,-999,-999,0
36.5,63,141,1,-58.7076,4,-84.4296,19,19,20,0,-999,-999,0
36.5,63,141,1,-58.7076,2,-94.1035,15,16,20,0,-999,-999,0
36.5,64,168,4,-69.919,2,-89.5426,15,16,20,0,-999,-999,0
36.5,64,168,4,-69.919,1,-91.8826,17,18,20,0,-999,-999,0
36.5,64,168,4,-69.919,3,-95.647,19,20,20,0,-999,-999,0
36.5,65,92,2,-87.2967,1,-45.4538,17,18,20,0,-999,-999,1
36.5,65,92,2,-87.2967,3,-50.1882,19,20,20,0,-999,-999,1
36.5,65,92,2,-87.2967,4,-83.5612,19,19,20,0,-999,-999,1
36.5,66,67,2,-56.9102,3,-77.1768,19,20,20,0,-999,-999,0
36.5,66,67,2,-56.9102,1,-84.071,17,19,20,0,-999,-999,0
36.5,66,67,2,-56.9102,4,-85.7999,19,19,20,0,-999,-999,0
36.5,67,173,4,-103.527,3,-79.3653,19,20,20,0,-999,-999,0
36.5,67,173,4,-103.527,2,-98.134,15,16,20,0,-999,-999,0
36.5,67,173,4,-103.527,1,-104.438,17,19,20,0,-999,-999,0
36.5,68,172,1,-56.3047,3,-71.4051,19,20,20,0,-999,-999,0
36.5,68,172,1,-56.3047,2,-84.9791,15,16,20,0,-999,-999,0
36.5,68,172,1,-56.3047,4,-93.0144,19,19,20,0,-999,-999,0
36.5,69,166,4,-81.4378,1,-80.0486,17,19,20,0,-999,-999,0
36.5,69,166,4,-81.4378,2,-91.0532,15,16,20,0,-999,-999,0
36.5,69,166,4,-81.4378,3,-91.7208,19,20,20,0,-999,-999,0
36.5,70,177,1,-84.6236,4,-51.8987,19,19,20,0,-999,-999,0
36.5,70,177,1,-84.6236,3,-62.6848,19,20,20,0,-999,-999,0
36.5,70,177,1,-84.6236,2,-84.9338,15,16,20,0,-999,-999,0
36.5,71,167,1,-68.6389,4,-50.2445,19,19,20,0,-999,-999,0
36.5,71,167,1,-68.6389,3,-63.5911,19,20,20,0,-999,-999,0
36.5,71,167,1,-68.6389,2,-73.1425,15,16,20,0,-999,-999,0
36.5,72,163,1,-95.5359,3,-62.7117,19,20,20,0,-999,-999,0
36.5,72,163,1,-95.5359,2,-92.8643,15,16,20,0,-999,-999,0
36.5,72,163,1,-95.5359,4,-109.777,19,19,20,0,-999,-999,0
36.5,73,169,4,-77.3663,2,-81.0913,15,16,20,0,-999,-999,0
36.5,73,169,4,-77.3663,1,-86.0223,17,19,20,0,-999,-999,0
36.5,73,169,4,-77.3663,3,-91.0505,19,20,20,0,-999,-999,0
36.5,74,172,3,-61.4419,1,-73.0513,17,19,20,0,-999,-999,0
36.5,74,172,3,-61.4419,2,-82.6229,15,16,20,0,-999,-999,0
36.5,74,172,3,-61.4419,4,-87.4337,19,19,20,0,-999,-999,0
38.5,5,169,3,-82.8077,1,-81.821,18,18,20,0,-999,-999,0
38.5,5,169,3,-82.8077,2,-85.9642,15,15,20,0,-999,-999,0
38.5,5,169,3,-82.8077,4,-113.201,18,18,20,0,-999,-999,0
38.5,6,43,4,-64.293,2,-87.5344,15,15,20,0,-999,-999,0
38.5,6,43,4,-64.293,3,-92.649,19,19,20,0,-999,-999,0
38.5,6,43,4,-64.293,1,-99.9717,18,18,20,0,-999,-999,0
38.5,7,88,2,-67.2886,1,-79.8448,18,18,20,0,-999,-999,0
38.5,7,88,2,-67.2886,3,-80.8128,19,19,20,0,-999,-999,0
38.5,7,88,2,-67.2886,4,-90.2583,18,18,20,0,-999,-999,0
38.5,8,91,2,-77.2433,1,-65.0417,18,18,20,0,-999,-999,0
38.5,8,91,2,-77.2433,3,-84.3667,19,19,20,0,-999,-999,0
38.5,8,91,2,-77.2433,4,-93.6516,18,18,20,0,-999,-999,0
38.5,9,16,2,-83.436,3,-83.0441,19,19,20,0,-999,-999,0
38.5,9,16,2,-83.436,1,-84.0815,18,18,20,0,-999,-999,0
38.5,9,16,2,-83.436,4,-85.9834,18,18,20,0,-999,-999,0
38.5,10,50,3,-60.953,1,-81.7431,18,18,20,0,-999,-999,0
38.5,10,50,3,-60.953,2,-91.006,15,15,20,0,-999,-999,0
38.5,10,50,3,-60.953,4,-99.7815,18,18,20,0,-999,-999,0
38.5,11,171,4,-86.2704,2,-84.8464,15,15,20,0,-999,-999,0
38.5,11,171,4,-86.2704,1,-89.1913,18,18,20,0,-999,-999,0
38.5,11,171,4,-86.2704,3,-89.3267,19,19,20,0,-999,-999,0
38.5,12,51,3,-88.3732,1,-87.2792,18,18,20,0,-999,-999,0
38.5,12,51,3,-88.3732,2,-88.0816,15,15,20,0,-999,-999,0
38.5,12,51,3,-88.3732,4,-113.597,18,18,20,0,-999,-999,0
38.5,13,38,1,-62.3352,3,-70.4109,19,19,20,0,-999,-999,0
38.5,13,38,1,-62.3352,2,-71.0881,15,15,20,0,-999,-999,0
38.5,13,38,1,-62.3352,4,-97.225,18,18,20,0,-999,-999,0
38.5,14,178,1,-81.4237,3,-46.0847,19,19,20,0,-999,-999,0
38.5,14,178,1,-81.4237,2,-50.3986,15,15,20,0,-999,-999,0
38.5,14,178,1,-81.4237,4,-107.133,18,18,20,0,-999,-999,0
38.5,15,53,3,-44.015,1,-87.2234,18,18,20,0,-999,-999,0
38.5,15,53,3,-44.015,2,-87.5953,15,15,20,0,-999,-999,0
38.5,15,53,3,-44.015,4,-98.3956,18,18,20,0,-999,-999,0
38.5,16,45,4,-74.5921,2,-97.0465,15,15,20,0,-999,-999,0
38.5,16,45,4,-74.5921,1,-97.1127,18,18,20,0,-999,-999,0
38.5,16,45,4,-74.5921,3,-98.3151,19,19,20,0,-999,-999,0
38.5,17,170,3,-77.1245,2,-48.5347,15,15,20,0,-999,-999,0
38.5,17,170,3,-77.1245,1,-65.871,18,18,20,0,-999,-999,0
38.5,17,170,3,-77.1245,4,-82.3752,18,18,20,0,-999,-999,0
38.5,18,54,3,-67.5959,1,-69.9902,18,18,20,0,-999,-999,0
38.5,18,54,3,-67.5959,2,-85.1157,15,15,20,0,-999,-999,0
38.5,18,54,3,-67.5959,4,-99.2377,18,18,20,0,-999,-999,0
38.5,19,175,1,-91.5994,2,-54.6058,15,15,20,0,-999,-999,0
38.5,19,175,1,-91.5994,3,-91.741,19,19,20,0,-999,-999,0
38.5,19,175,1,-91.5994,4,-117.65,18,18,20,0,-999,-999,0
38.5,20,99,2,-83.7163,3,-39.8235,19,19,20,0,-999,-999,3
38.5,20,99,2,-83.7163,1,-55.5479,18,18,20,0,-999,-999,3
38.5,20,99,2,-83.7163,4,-94.6674,18,18,20,0,-999,-999,3
38.5,21,47,4,-32.909,1,-91.5249,18,18,20,0,-999,-999,0
38.5,21,47,4,-32.909,2,-102.648,15,15,20,0,-999,-999,0
38.5,21,47,4,-32.909,3,-108.058,19,20,20,0,-999,-999,0
38.5,22,48,4,-79.6742,2,-95.342,15,15,20,0,-999,-999,0
38.5,22,48,4,-79.6742,1,-95.5252,18,18,20,0,-999,-999,0
38.5,22,48,4,-79.6742,3,-102.928,19,20,20,0,-999,-999,0
38.5,23,39,1,-39.9187,2,-71.6162,15,15,20,0,-999,-999,0
38.5,23,39,1,-39.9187,3,-84.6821,19,20,20,0,-999,-999,0
38.5,23,39,1,-39.9187,4,-90.9493,18,18,20,0,-999,-999,0
38.5,24,173,3,-62.9524,1,-71.1258,18,18,20,0,-999,-999,0
38.5,24,173,3,-62.9524,2,-74.2655,15,15,20,0,-999,-999,0
38.5,24,173,3,-62.9524,4,-95.4762,18,18,20,0,-999,-999,0
38.5,25,174,3,-91.5882,4,-83.23,18,18,20,0,-999,-999,0
38.5,25,174,3,-91.5882,2,-91.0319,15,15,20,0,-999,-999,0
38.5,25,174,3,-91.5882,1,-93.1438,18,18,20,0,-999,-999,0
38.5,26,136,3,-56.9405,1,-77.8926,18,18,20,0,-999,-999,0
38.5,26,136,3,-56.9405,2,-85.2031,15,15,20,0,-999,-999,0
38.5,26,136,3,-56.9405,4,-95.1866,18,18,20,0,-999,-999,0
38.5,27,172,4,-74.0299,1,-69.277,18,18,20,0,-999,-999,0
38.5,27,172,4,-74.0299,2,-81.9224,15,15,20,0,-999,-999,0
38.5,27,172,4,-74.0299,3,-89.1727,19,20,20,0,-999,-999,0
38.5,28,100,2,-88.7768,1,-74.3083,18,18,20,0,-999,-999,0
38.5,28,100,2,-88.7768,3,-85.2149,19,20,20,0,-999,-999,0
38.5,28,100,2,-88.7768,4,-97.2428,18,18,20,0,-999,-999,0
38.5,29,95,2,-84.2589,1,-55.1563,18,18,20,0,-999,-999,1
38.5,29,95,2,-84.2589,3,-56.506,19,20,20,0,-999,-999,1
38.5,29,95,2,-84.2589,4,-105.366,18,18,20,0,-999,-999,1
38.5,30,165,3,-58.6139,2,-44.4423,15,15,20,0,-999,-999,0
38.5,30,165,3,-58.6139,1,-84.3065,18,19,20,0,-999,-999,0
38.5,30,165,3,-58.6139,4,-102.199,18,18,20,0,-999,-999,0
38.5,31,138,3,-88.1139,2,-87.0306,15,15,20,0,-999,-999,0
38.5,31,138,3,-88.1139,1,-94.8751,18,19,20,0,-999,-999,0
38.5,31,138,3,-88.1139,4,-119.18,18,18,20,0,-999,-999,0
38.5,32,136,4,-55.9723,1,-68.3245,18,19,20,0,-999,-999,0
38.5,32,136,4,-55.9723,2,-99.4292,15,15,20,0,-999,-999,0
38.5,32,136,4,-55.9723,3,-105.172,19,20,20,0,-999,-999,0
38.5,33,176,1,-54.3262,3,-62.8586,19,20,20,0,-999,-999,0
38.5,33,176,1,-54.3262,2,-79.315,15,15,20,0,-999,-999,0
38.5,33,176,1,-54.3262,4,-100.822,18,18,20,0,-999,-999,0
38.5,34,106,2,-91.6824,4,-81.2726,18,18,20,0,-999,-999,4
38.5,34,106,2,-91.6824,3,-91.0657,19,20,20,0,-999,-999,4
38.5,34,106,2,-91.6824,1,-96.4349,18,19,20,0,-999,-999,4
38.5,35,104,2,-80.2075,3,-66.5325,19,20,20,0,-999,-999,1
38.5,35,104,2,-80.2075,1,-75.9604,18,19,20,0,-999,-999,1
38.5,35,104,2,-80.2075,4,-92.7535,18,19,20,0,-999,-999,1
38.5,36,105,2,-96.2142,4,-81.0351,18,19,20,0,-999,-999,4
38.5,36,105,2,-96.2142,3,-97.08,19,20,20,0,-999,-999,4
38.5,36,105,2,-96.2142,1,-97.6358,18,20,20,0,-999,-999,4
38.5,37,139,4,-70.5922,1,-83.7128,18,20,20,0,-999,-999,0
38.5,37,139,4,-70.5922,2,-89.5314,15,15,20,0,-999,-999,0
38.5,37,139,4,-70.5922,3,-93.0481,19,20,20,0,-999,-999,0
38.5,38,171,3,-82.3306,2,-55.0117,15,15,20,0,-999,-999,2
38.5,38,171,3,-82.3306,1,-70.0583,18,20,20,0,-999,-999,2
38.5,38,171,3,-82.3306,4,-96.9142,18,20,20,0,-999,-999,2
38.5,39,173,1,-81.4673,3,-60.9343,19,20,20,0,-999,-999,0
38.5,39,173,1,-81.4673,2,-83.6904,15,16,20,0,-999,-999,0
38.5,39,173,1,-81.4673,4,-96.8209,18,20,20,0,-999,-999,0
38.5,40,140,4,-67.3672,3,-83.1528,19,20,20,0,-999,-999,0
38.5,40,140,4,-67.3672,2,-86.7597,15,16,20,0,-999,-999,0
38.5,40,140,4,-67.3672,1,-97.0022,18,20,20,0,-999,-999,0
38.5,41,65,2,-38.7645,3,-74.5566,19,20,20,0,-999,-999,0
38.5,41,65,2,-38.7645,1,-76.8383,18,20,20,0,-999,-999,0
38.5,41,65,2,-38.7645,4,-88.9399,18,20,20,0,-999,-999,0
38.5,42,164,1,-84.1136,2,-47.8259,15,16,20,0,-999,-999,2
38.5,42,164,1,-84.1136,3,-72.3913,19,20,20,0,-999,-999,2
38.5,42,164,1,-84.1136,4,-89.8441,18,20,20,0,-999,-999,2
38.5,43,140,3,-32.5312,1,-77.5589,18,20,20,0,-999,-999,0
38.5,43,140,3,-32.5312,2,-79.8525,15,17,20,0,-999,-999,0
38.5,43,140,3,-32.5312,4,-102.222,18,20,20,0,-999,-999,0
38.5,44,174,1,-70.9419,4,-75.2058,18,20,20,0,-999,-999,0
38.5,44,174,1,-70.9419,3,-76.2508,19,20,20,0,-999,-999,0
38.5,44,174,1,-70.9419,2,-96.9614,15,17,20,0,-999,-999,0
38.5,45,109,2,-76.2891,1,-60.8616,18,20,20,0,-999,-999,0
38.5,45,109,2,-76.2891,3,-64.4792,19,20,20,0,-999,-999,0
38.5,45,109,2,-76.2891,4,-106.22,18,20,20,0,-999,-999,0
38.5,46,170,4,-77.2487,3,-82.0728,19,20,20,0,-999,-999,0
38.5,46,170,4,-77.2487,1,-84.305,18,20,20,0,-999,-999,0
38.5,46,170,4,-77.2487,2,-86.7988,15,17,20,0,-999,-999,0
38.5,47,107,2,-75.3886,1,-52.4375,18,20,20,0,-999,-999,0
38.5,47,107,2,-75.3886,4,-82.8621,18,20,20,0,-999,-999,0
38.5,47,107,2,-75.3886,3,-83.5001,19,20,20,0,-999,-999,0
38.5,48,143,4,-43.2046,2,-92.6484,15,17,20,0,-999,-999,0
38.5,48,143,4,-43.2046,1,-101.851,18,20,20,0,-999,-999,0
38.5,48,143,4,-43.2046,3,-103.817,19,20,20,0,-999,-999,0
38.5,49,144,4,-23.6108,3,-91.6647,19,20,20,0,-999,-999,0
38.5,49,144,4,-23.6108,1,-96.9003,18,20,20,0,-999,-999,0
38.5,49,144,4,-23.6108,2,-97.1003,15,17,20,0,-999,-999,0
38.5,50,168,3,-53.9944,4,-67.2846,18,20,20,0,-999,-999,0
38.5,50,168,3,-53.9944,1,-80.5082,18,20,20,0,-999,-999,0
38.5,50,168,3,-53.9944,2,-87.8907,15,17,20,0,-999,-999,0
38.5,51,179,1,-76.2246,2,-53.4245,15,17,20,0,-999,-999,0
38.5,51,179,1,-76.2246,3,-66.3657,19,20,20,0,-999,-999,0
38.5