time,ueId,rnti,servingCell,servingRsrp,candidateCell,candidateRsrp,candidateLoad,candidateEffLoad,candidateCap,candidateIsNtn,backhaulDlSnr,backhaulUlSnr,finalChosenCell
6.5,23,8,7,-86.0943,3,-119.45,0,0,20,0,-999,-999,0
6.5,23,8,7,-86.0943,5,-126.768,0,0,10,1,6.94574,2.42514,0
6.5,23,8,7,-86.0943,6,-127.829,1,1,10,1,13.3539,8.83325,0
6.5,23,8,7,-86.0943,2,-128.968,0,0,20,0,-999,-999,0
6.5,23,8,7,-86.0943,4,-130.462,0,0,20,0,-999,-999,0
6.5,23,8,7,-86.0943,1,-133.571,0,0,20,0,-999,-999,0
6.5,46,8,6,-104.577,4,-97.2649,0,0,20,0,-999,-999,0
6.5,46,8,6,-104.577,7,-141.601,1,1,10,1,11.0803,6.5597,0
6.5,46,8,6,-104.577,1,-154.886,0,0,20,0,-999,-999,0
6.5,46,8,6,-104.577,3,-157.608,0,0,20,0,-999,-999,0
6.5,46,8,6,-104.577,2,-161.332,0,0,20,0,-999,-999,0
6.5,46,8,6,-104.577,5,-169.279,0,0,10,1,6.94574,2.42514,0
8.5,23,8,7,-135.033,3,-108.937,0,0,20,0,-999,-999,0
8.5,23,8,7,-135.033,1,-132.565,0,0,20,0,-999,-999,0
8.5,23,8,7,-135.033,2,-133.261,0,0,20,0,-999,-999,0
8.5,23,8,7,-135.033,6,-135.145,2,2,10,1,7.96809,3.44749,0
8.5,23,8,7,-135.033,4,-136.507,1,1,20,0,-999,-999,0
8.5,23,8,7,-135.033,5,-149.883,0,0,10,1,8.25714,3.73654,0
8.5,46,8,6,-133.743,4,-118.673,1,1,20,0,-999,-999,0
8.5,46,8,6,-133.743,7,-123.361,1,1,10,1,11.513,6.99237,0
8.5,46,8,6,-133.743,3,-154.206,0,0,20,0,-999,-999,0
8.5,46,8,6,-133.743,1,-154.476,0,0,20,0,-999,-999,0
8.5,46,8,6,-133.743,2,-157.241,0,0,20,0,-999,-999,0
8.5,46,8,6,-133.743,5,-169.305,0,0,10,1,8.25714,3.73654,0
8.5,90,8,4,-90.432,6,-96.6085,2,2,10,1,7.96809,3.44749,0
8.5,90,8,4,-90.432,2,-134.478,0,0,20,0,-999,-999,0
8.5,90,8,4,-90.432,1,-137.537,0,0,20,0,-999,-999,0
8.5,90,8,4,-90.432,3,-141.687,0,0,20,0,-999,-999,0
8.5,90,8,4,-90.432,7,-141.789,1,1,10,1,11.513,6.99237,0
8.5,90,8,4,-90.432,5,-158.399,0,0,10,1,8.25714,3.73654,0
8.5,92,16,6,-130.746,4,-116.006,1,1,20,0,-999,-999,0
8.5,92,16,6,-130.746,7,-122.398,1,1,10,1,11.513,6.99237,0
8.5,92,16,6,-130.746,1,-128.846,0,0,20,0,-999,-999,0
8.5,92,16,6,-130.746,2,-130.629,0,0,20,0,-999,-999,0
8.5,92,16,6,-130.746,3,-135.4,0,0,20,0,-999,-999,0
8.5,92,16,6,-130.746,5,-139.188,0,0,10,1,8.25714,3.73654,0
10.5,23,8,7,-126.046,6,-115.789,2,2,10,1,10.5669,6.04633,0
10.5,23,8,7,-126.046,2,-120.954,0,0,20,0,-999,-999,0
10.5,23,8,7,-126.046,3,-122.029,0,0,20,0,-999,-999,0
10.5,23,8,7,-126.046,4,-130.078,1,1,20,0,-999,-999,0
10.5,23,8,7,-126.046,1,-130.394,0,0,20,0,-999,-999,0
10.5,23,8,7,-126.046,5,-149.331,1,1,10,1,13.1748,8.6542,0
10.5,46,8,6,-116.506,4,-141.153,1,1,20,0,-999,-999,0
10.5,46,8,6,-116.506,7,-143.509,1,1,10,1,15.8705,11.3499,0
10.5,46,8,6,-116.506,3,-160.179,0,0,20,0,-999,-999,0
10.5,46,8,6,-116.506,2,-162.413,0,0,20,0,-999,-999,0
10.5,46,8,6,-116.506,1,-163.421,0,0,20,0,-999,-999,0
10.5,46,8,6,-116.506,5,-172.243,1,1,10,1,13.1748,8.6542,0
10.5,90,8,4,-110.139,6,-122.712,2,2,10,1,10.5669,6.04633,0
10.5,90,8,4,-110.139,1,-137.436,0,0,20,0,-999,-999,0
10.5,90,8,4,-110.139,2,-138.128,0,0,20,0,-999,-999,0
10.5,90,8,4,-110.139,3,-138.5,0,0,20,0,-999,-999,0
10.5,90,8,4,-110.139,7,-141.917,1,1,10,1,15.8705,11.3499,0
10.5,90,8,4,-110.139,5,-153.228,1,1,10,1,13.1748,8.6542,0
10.5,92,16,6,-94.3407,7,-103.817,1,1,10,1,15.8705,11.3499,0
10.5,92,16,6,-94.3407,1,-125.22,0,0,20,0,-999,-999,0
10.5,92,16,6,-94.3407,2,-133.171,0,0,20,0,-999,-999,0
10.5,92,16,6,-94.3407,4,-133.738,1,1,20,0,-999,-999,0
10.5,92,16,6,-94.3407,3,-135.991,0,0,20,0,-999,-999,0
10.5,92,16,6,-94.3407,5,-143.356,1,1,10,1,13.1748,8.6542,0
12.5,23,8,7,-122.671,5,-103.77,1,1,10,1,14.2584,9.7378,0
12.5,23,8,7,-122.671,3,-125.976,0,0,20,0,-999,-999,0
12.5,23,8,7,-122.671,2,-131.159,0,0,20,0,-999,-999,0
12.5,23,8,7,-122.671,4,-132.721,2,2,20,0,-999,-999,0
12.5,23,8,7,-122.671,1,-132.758,0,0,20,0,-999,-999,0
12.5,23,8,7,-122.671,6,-138.654,2,2,10,1,10.0224,5.50177,0
12.5,46,8,6,-142.873,4,-96.7586,2,2,20,0,-999,-999,0
12.5,46,8,6,-142.873,7,-147.051,1,1,10,1,11.6598,7.13921,0
12.5,46,8,6,-142.873,5,-152.922,1,1,10,1,14.2584,9.7378,0
12.5,46,8,6,-142.873,2,-157.898,0,0,20,0,-999,-999,0
12.5,46,8,6,-142.873,3,-164.638,0,0,20,0,-999,-999,0
12.5,46,8,6,-142.873,1,-164.823,0,0,20,0,-999,-999,0
12.5,47,8,5,-125.681,7,-113.037,1,1,10,1,11.6598,7.13921,0
12.5,47,8,5,-125.681,6,-119.229,2,2,10,1,10.0224,5.50177,0
12.5,47,8,5,-125.681,1,-130.653,0,0,20,0,-999,-999,0
12.5,47,8,5,-125.681,4,-130.757,2,2,20,0,-999,-999,0
12.5,47,8,5,-125.681,3,-131.98,0,0,20,0,-999,-999,0
12.5,47,8,5,-125.681,2,-138.573,0,0,20,0,-999,-999,0
12.5,90,8,4,-70.3019,6,-123.225,2,2,10,1,10.0224,5.50177,0
12.5,90,8,4,-70.3019,5,-130.869,1,1,10,1,14.2584,9.7378,0
12.5,90,8,4,-70.3019,2,-133.215,0,0,20,0,-999,-999,0
12.5,90,8,4,-70.3019,1,-133.607,0,0,20,0,-999,-999,0
12.5,90,8,4,-70.3019,7,-139.357,1,1,10,1,11.6598,7.13921,0
12.5,90,8,4,-70.3019,3,-142.132,0,0,20,0,-999,-999,0
12.5,92,16,6,-93.2938,1,-125.769,0,0,20,0,-999,-999,0
12.5,92,16,6,-93.2938,5,-128.634,1,1,10,1,14.2584,9.7378,0
12.5,92,16,6,-93.2938,2,-129.908,0,0,20,0,-999,-999,0
12.5,92,16,6,-93.2938,4,-132.816,2,2,20,0,-999,-999,0
12.5,92,16,6,-93.2938,3,-136.973,0,0,20,0,-999,-999,0
12.5,92,16,6,-93.2938,7,-145.96,1,1,10,1,11.6598,7.13921,0
12.5,100,16,4,-109.517,6,-94.4523,2,2,10,1,10.0224,5.50177,0
12.5,100,16,4,-109.517,7,-125.908,1,1,10,1,11.6598,7.13921,0
12.5,100,16,4,-109.517,5,-137.625,1,1,10,1,14.2584,9.7378,0
12.5,100,16,4,-109.517,2,-138.562,0,0,20,0,-999,-999,0
12.5,100,16,4,-109.517,1,-141.255,0,0,20,0,-999,-999,0
12.5,100,16,4,-109.517,3,-151.738,0,0,20,0,-999,-999,0
14.5,23,8,7,-129.43,4,-96.94,2,2,20,0,-999,-999,0
14.5,23,8,7,-129.43,3,-122.139,0,0,20,0,-999,-999,0
14.5,23,8,7,-129.43,5,-125.571,1,1,10,1,12.3675,7.8469,0
14.5,23,8,7,-129.43,2,-125.701,0,0,20,0,-999,-999,0
14.5,23,8,7,-129.43,1,-126.084,1,1,20,0,-999,-999,0
14.5,23,8,7,-129.43,6,-139.415,2,2,10,1,12.2461,7.72551,0
14.5,46,8,6,-146.995,4,-112.475,2,2,20,0,-999,-999,0
14.5,46,8,6,-146.995,7,-118.727,1,1,10,1,16.2231,11.7025,0
14.5,46,8,6,-146.995,1,-147.646,1,1,20,0,-999,-999,0
14.5,46,8,6,-146.995,5,-148.116,1,1,10,1,12.3675,7.8469,0
14.5,46,8,6,-146.995,2,-161.945,0,0,20,0,-999,-999,0
14.5,46,8,6,-146.995,3,-163.251,0,0,20,0,-999,-999,0
14.5,47,8,5,-124.216,1,-116.577,1,1,20,0,-999,-999,0
14.5,47,8,5,-124.216,4,-125.342,2,2,20,0,-999,-999,0
14.5,47,8,5,-124.216,7,-126.326,1,1,10,1,16.2231,11.7025,0
14.5,47,8,5,-124.216,3,-137.5,0,0,20,0,-999,-999,0
14.5,47,8,5,-124.216,2,-138.913,0,0,20,0,-999,-999,0
14.5,47,8,5,-124.216,6,-154.852,2,2,10,1,12.2461,7.72551,0
14.5,90,8,4,-84.7952,6,-124.072,2,2,10,1,12.2461,7.72551,0
14.5,90,8,4,-84.7952,1,-128.969,1,1,20,0,-999,-999,0
14.5,90,8,4,-84.7952,2,-133.583,0,0,20,0,-999,-999,0
14.5,90,8,4,-84.7952,7,-139.443,1,1,10,1,16.2231,11.7025,0
14.5,90,8,4,-84.7952,5,-142.34,1,1,10,1,12.3675,7.8469,0
14.5,90,8,4,-84.7952,3,-146.45,0,0,20,0,-999,-999,0
14.5,92,16,6,-120.585,4,-116.506,2,2,20,0,-999,-999,0
14.5,92,16,6,-120.585,5,-122.892,1,1,10,1,12.3675,7.8469,0
14.5,92,16,6,-120.585,7,-123.27,1,1,10,1,16.2231,11.7025,0
14.5,92,16,6,-120.585,1,-124.766,1,1,20,0,-999,-999,0
14.5,92,16,6,-120.585,3,-131.54,0,0,20,0,-999,-999,0
14.5,92,16,6,-120.585,2,-131.554,0,0,20,0,-999,-999,0
14.5,97,8,1,-94.3637,2,-113.653,0,0,20,0,-999,-999,0
14.5,97,8,1,-94.3637,7,-117.959,1,1,10,1,16.2231,11.7025,0
14.5,97,8,1,-94.3637,3,-128.292,0,0,20,0,-999,-999,0
14.5,97,8,1,-94.3637,4,-128.774,2,2,20,0,-999,-999,0
14.5,97,8,1,-94.3637,6,-137.603,2,2,10,1,12.2461,7.72551,0
14.5,97,8,1,-94.3637,5,-138.594,1,1,10,1,12.3675,7.8469,0
14.5,100,16,4,-108.011,1,-98.0574,1,1,20,0,-999,-999,0
14.5,100,16,4,-108.011,6,-127.695,2,2,10,1,12.2461,7.72551,0
14.5,100,16,4,-108.011,5,-135.239,1,1,10,1,12.3675,7.8469,0
14.5,100,16,4,-108.011,2,-139.813,0,0,20,0,-999,-999,0
14.5,100,16,4,-108.011,3,-141.836,0,0,20,0,-999,-999,0
14.5,100,16,4,-108.011,7,-148.542,1,1,10,1,16.2231,11.7025,0
16.5,23,8,7,-135.566,3,-120.252,0,0,20,0,-999,-999,0
16.5,23,8,7,-135.566,1,-126.088,1,1,20,0,-999,-999,0
16.5,23,8,7,-135.566,2,-132.679,0,0,20,0,-999,-999,0
16.5,23,8,7,-135.566,5,-134.893,1,1,10,1,10.0042,5.48355,0
16.5,23,8,7,-135.566,6,-135.267,2,2,10,1,12.8287,8.30806,0
16.5,23,8,7,-135.566,4,-137.317,2,2,20,0,-999,-999,0
16.5,46,8,6,-146.561,7,-134.943,1,1,10,1,12.3656,7.84496,0
16.5,46,8,6,-146.561,4,-135.79,2,2,20,0,-999,-999,0
16.5,46,8,6,-146.561,1,-137.453,1,1,20,0,-999,-999,0
16.5,46,8,6,-146.561,5,-150.425,1,1,10,1,10.0042,5.48355,0
16.5,46,8,6,-146.561,3,-160.881,0,0,20,0,-999,-999,0
16.5,46,8,6,-146.561,2,-163.208,0,0,20,0,-999,-999,0
16.5,47,8,5,-133.286,4,-95.5154,2,2,20,0,-999,-999,0
16.5,47,8,5,-133.286,1,-114.098,1,1,20,0,-999,-999,0
16.5,47,8,5,-133.286,2,-130.787,0,0,20,0,-999,-999,0
16.5,47,8,5,-133.286,3,-137.613,0,0,20,0,-999,-999,0
16.5,47,8,5,-133.286,7,-141.436,1,1,10,1,12.3656,7.84496,0
16.5,47,8,5,-133.286,6,-148.906,2,2,10,1,12.8287,8.30806,0
16.5,90,8,4,-106.815,6,-98.177,2,2,10,1,12.8287,8.30806,0
16.5,90,8,4,-106.815,5,-109.67,1,1,10,1,10.0042,5.48355,0
16.5,90,8,4,-106.815,1,-130.463,1,1,20,0,-999,-999,0
16.5,90,8,4,-106.815,7,-135.661,1,1,10,1,12.3656,7.84496,0
16.5,90,8,4,-106.815,3,-136.645,0,0,20,0,-999,-999,0
16.5,90,8,4,-106.815,2,-138.665,0,0,20,0,-999,-999,0
16.5,92,16,6,-134.231,5,-90.5319,1,1,10,1,10.0042,5.48355,0
16.5,92,16,6,-134.231,1,-114.076,1,1,20,0,-999,-999,0
16.5,92,16,6,-134.231,3,-117.813,0,0,20,0,-999,-999,0
16.5,92,16,6,-134.231,4,-127.086,2,2,20,0,-999,-999,0
16.5,92,16,6,-134.231,2,-128.933,0,0,20,0,-999,-999,0
16.5,92,16,6,-134.231,7,-147.172,1,1,10,1,12.3656,7.84496,0
16.5,97,8,1,-82.2852,7,-100.34,1,1,10,1,12.3656,7.84496,0
16.5,97,8,1,-82.2852,4,-100.367,2,2,20,0,-999,-999,0
16.5,97,8,1,-82.2852,2,-123.175,0,0,20,0,-999,-999,0
16.5,97,8,1,-82.2852,3,-131.789,0,0,20,0,-999,-999,0
16.5,97,8,1,-82.2852,5,-133.181,1,1,10,1,10.0042,5.48355,0
16.5,97,8,1,-82.2852,6,-143.362,2,2,10,1,12.8287,8.30806,0
16.5,100,16,4,-102.217,5,-98.7826,1,1,10,1,10.0042,5.48355,0
16.5,100,16,4,-102.217,6,-106.384,2,2,10,1,12.8287,8.30806,0
16.5,100,16,4,-102.217,1,-121.575,1,1,20,0,-999,-999,0
16.5,100,16,4,-102.217,7,-137.278,1,1,10,1,12.3656,7.84496,0
16.5,100,16,4,-102.217,2,-141.86,0,0,20,0,-999,-999,0
16.5,100,16,4,-102.217,3,-147.422,0,0,20,0,-999,-999,0
18.5,23,8,7,-130.714,5,-119.881,1,1,10,1,12.5033,7.9827,0
18.5,23,8,7,-130.714,3,-121.098,0,0,20,0,-999,-999,0
18.5,23,8,7,-130.714,1,-128.672,1,1,20,0,-999,-999,0
18.5,23,8,7,-130.714,4,-129.096,3,3,20,0,-999,-999,0
18.5,23,8,7,-130.714,2,-132.415,0,0,20,0,-999,-999,0
18.5,23,8,7,-130.714,6,-136.364,2,2,10,1,12.1793,7.6587,0
18.5,46,8,6,-147.224,5,-129.054,1,1,10,1,12.5033,7.9827,0
18.5,46,8,6,-147.224,4,-137.334,3,3,20,0,-999,-999,0
18.5,46,8,6,-147.224,1,-148.145,1,1,20,0,-999,-999,0
18.5,46,8,6,-147.224,7,-154.73,1,1,10,1,10.9684,6.44779,0
18.5,46,8,6,-147.224,2,-157.542,0,0,20,0,-999,-999,0
18.5,46,8,6,-147.224,3,-160.944,0,0,20,0,-999,-999,0
18.5,47,8,5,-116.064,4,-96.0034,3,3,20,0,-999,-999,4
18.5,47,8,5,-116.064,1,-127.225,1,1,20,0,-999,-999,4
18.5,47,8,5,-116.064,2,-136.533,0,0,20,0,-999,-999,4
18.5,47,8,5,-116.064,3,-139.54,0,0,20,0,-999,-999,4
18.5,47,8,5,-116.064,7,-145.13,1,1,10,1,10.9684,6.44779,4
18.5,47,8,5,-116.064,6,-145.634,2,2,10,1,12.1793,7.6587,4
18.5,90,8,4,-105.185,6,-121.766,2,2,10,1,12.1793,7.6587,0
18.5,90,8,4,-105.185,7,-129.652,1,1,10,1,10.9684,6.44779,0
18.5,90,8,4,-105.185,1,-130.865,1,1,20,0,-999,-999,0
18.5,90,8,4,-105.185,5,-135.035,1,1,10,1,12.5033,7.9827,0
18.5,90,8,4,-105.185,2,-136.777,0,0,20,0,-999,-999,0
18.5,90,8,4,-105.185,3,-138.121,0,0,20,0,-999,-999,0
18.5,92,16,6,-93.4542,5,-89.8608,1,1,10,1,12.5033,7.9827,5
18.5,92,16,6,-93.4542,1,-125.723,1,1,20,0,-999,-999,5
18.5,92,16,6,-93.4542,2,-132.392,0,0,20,0,-999,-999,5
18.5,92,16,6,-93.4542,4,-133.247,3,4,20,0,-999,-999,5
18.5,92,16,6,-93.4542,3,-138.549,0,0,20,0,-999,-999,5
18.5,92,16,6,-93.4542,7,-145.051,1,1,10,1,10.9684,6.44779,5
18.5,97,8,1,-107.349,7,-101.518,1,1,10,1,10.9684,6.44779,0
18.5,97,8,1,-107.349,6,-101.979,2,2,10,1,12.1793,7.6587,0
18.5,97,8,1,-107.349,2,-117.461,0,0,20,0,-999,-999,0
18.5,97,8,1,-107.349,3,-122.998,0,0,20,0,-999,-999,0
18.5,97,8,1,-107.349,4,-123.931,3,4,20,0,-999,-999,0
18.5,97,8,1,-107.349,5,-132.095,1,2,10,1,12.5033,7.9827,0
18.5,100,16,4,-103.939,5,-98.2973,1,2,10,1,12.5033,7.9827,5
18.5,100,16,4,-103.939,7,-99.621,1,1,10,1,10.9684,6.44779,5
18.5,100,16,4,-103.939,1,-120.527,1,1,20,0,-999,-999,5
18.5,100,16,4,-103.939,6,-126.201,2,2,10,1,12.1793,7.6587,5
18.5,100,16,4,-103.939,2,-137.858,0,0,20,0,-999,-999,5
18.5,100,16,4,-103.939,3,-150.894,0,0,20,0,-999,-999,5
20.5,23,8,7,-107.269,3,-122.196,0,0,20,0,-999,-999,0
20.5,23,8,7,-107.269,1,-128.977,1,1,20,0,-999,-999,0
20.5,23,8,7,-107.269,2,-130.136,0,0,20,0,-999,-999,0
20.5,23,8,7,-107.269,5,-131.42,2,2,10,1,15.0132,10.4926,0
20.5,23,8,7,-107.269,4,-135.577,3,3,20,0,-999,-999,0
20.5,23,8,7,-107.269,6,-139.568,1,1,10,1,12.6391,8.11847,0
20.5,41,24,4,-107.908,6,-121.011,1,1,10,1,12.6391,8.11847,0
20.5,41,24,4,-107.908,1,-122.645,1,1,20,0,-999,-999,0
20.5,41,24,4,-107.908,7,-135.526,1,1,10,1,13.9691,9.44853,0
20.5,41,24,4,-107.908,2,-141.497,0,0,20,0,-999,-999,0
20.5,41,24,4,-107.908,5,-144.471,2,2,10,1,15.0132,10.4926,0
20.5,41,24,4,-107.908,3,-144.795,0,0,20,0,-999,-999,0
20.5,46,8,6,-141.409,4,-105.374,3,3,20,0,-999,-999,0
20.5,46,8,6,-141.409,7,-139.429,1,1,10,1,13.9691,9.44853,0
20.5,46,8,6,-141.409,5,-148.311,2,2,10,1,15.0132,10.4926,0
20.5,46,8,6,-141.409,1,-150.977,1,1,20,0,-999,-999,0
20.5,46,8,6,-141.409,2,-159.327,0,0,20,0,-999,-999,0
20.5,46,8,6,-141.409,3,-164.253,0,0,20,0,-999,-999,0
20.5,47,25,4,-138.86,5,-111.295,2,2,10,1,15.0132,10.4926,0
20.5,47,25,4,-138.86,1,-133.114,1,1,20,0,-999,-999,0
20.5,47,25,4,-138.86,2,-133.426,0,0,20,0,-999,-999,0
20.5,47,25,4,-138.86,3,-133.779,0,0,20,0,-999,-999,0
20.5,47,25,4,-138.86,7,-136.098,1,1,10,1,13.9691,9.44853,0
20.5,47,25,4,-138.86,6,-143.572,1,1,10,1,12.6391,8.11847,0
20.5,90,8,4,-108.396,6,-122.449,1,1,10,1,12.6391,8.11847,0
20.5,90,8,4,-108.396,7,-133.565,1,1,10,1,13.9691,9.44853,0
20.5,90,8,4,-108.396,1,-134.573,1,1,20,0,-999,-999,0
20.5,90,8,4,-108.396,5,-137.052,2,2,10,1,15.0132,10.4926,0
20.5,90,8,4,-108.396,2,-137.458,0,0,20,0,-999,-999,0
20.5,90,8,4,-108.396,3,-141.535,0,0,20,0,-999,-999,0
20.5,92,9,5,-133.076,1,-119.482,1,1,20,0,-999,-999,0
20.5,92,9,5,-133.076,7,-123.617,1,1,10,1,13.9691,9.44853,0
20.5,92,9,5,-133.076,2,-130.462,0,0,20,0,-999,-999,0
20.5,92,9,5,-133.076,4,-131.588,3,3,20,0,-999,-999,0
20.5,92,9,5,-133.076,6,-133.33,1,1,10,1,12.6391,8.11847,0
20.5,92,9,5,-133.076,3,-136.765,0,0,20,0,-999,-999,0
20.5,97,8,1,-84.3707,2,-117.646,0,0,20,0,-999,-999,0
20.5,97,8,1,-84.3707,7,-118.184,1,1,10,1,13.9691,9.44853,0
20.5,97,8,1,-84.3707,3,-126.321,0,0,20,0,-999,-999,0
20.5,97,8,1,-84.3707,4,-129.581,3,3,20,0,-999,-999,0
20.5,97,8,1,-84.3707,6,-140.267,1,1,10,1,12.6391,8.11847,0
20.5,97,8,1,-84.3707,5,-144.969,2,2,10,1,15.0132,10.4926,0
20.5,100,10,5,-109.45,4,-103.217,3,3,20,0,-999,-999,0
20.5,100,10,5,-109.45,7,-119.547,1,1,10,1,13.9691,9.44853,0
20.5,100,10,5,-109.45,6,-125.477,1,1,10,1,12.6391,8.11847,0
20.5,100,10,5,-109.45,1,-130.315,1,1,20,0,-999,-999,0
20.5,100,10,5,-109.45,2,-142.553,0,0,20,0,-999,-999,0
20.5,100,10,5,-109.45,3,-143.103,0,0,20,0,-999,-999,0
22.5,23,8,7,-133.999,4,-99.6734,3,3,20,0,-999,-999,0
22.5,23,8,7,-133.999,5,-105.096,2,2,10,1,12.7782,8.2576,0
22.5,23,8,7,-133.999,3,-118.564,0,0,20,0,-999,-999,0
22.5,23,8,7,-133.999,1,-123.043,1,1,20,0,-999,-999,0
22.5,23,8,7,-133.999,2,-129.351,0,0,20,0,-999,-999,0
22.5,23,8,7,-133.999,6,-138.074,1,1,10,1,11.8756,7.35498,0
22.5,41,24,4,-107.45,6,-127.562,1,1,10,1,11.8756,7.35498,0
22.5,41,24,4,-107.45,1,-136.076,1,1,20,0,-999,-999,0
22.5,41,24,4,-107.45,2,-136.904,0,0,20,0,-999,-999,0
22.5,41,24,4,-107.45,7,-139.712,1,1,10,1,11.8311,7.3105,0
22.5,41,24,4,-107.45,3,-143.245,0,0,20,0,-999,-999,0
22.5,41,24,4,-107.45,5,-145.193,2,2,10,1,12.7782,8.2576,0
22.5,46,8,6,-118.957,4,-96.9191,3,3,20,0,-999,-999,4
22.5,46,8,6,-118.957,1,-134.773,1,1,20,0,-999,-999,4
22.5,46,8,6,-118.957,7,-136.042,1,1,10,1,11.8311,7.3105,4
22.5,46,8,6,-118.957,5,-151.451,2,2,10,1,12.7782,8.2576,4
22.5,46,8,6,-118.957,2,-155.54,0,0,20,0,-999,-999,4
22.5,46,8,6,-118.957,3,-158.569,0,0,20,0,-999,-999,4
22.5,47,25,4,-131.82,1,-92.7909,1,1,20,0,-999,-999,0
22.5,47,25,4,-131.82,5,-133.86,2,2,10,1,12.7782,8.2576,0
22.5,47,25,4,-131.82,2,-137.24,0,0,20,0,-999,-999,0
22.5,47,25,4,-131.82,7,-138.49,1,1,10,1,11.8311,7.3105,0
22.5,47,25,4,-131.82,6,-139.413,1,1,10,1,11.8756,7.35498,0
22.5,47,25,4,-131.82,3,-140.552,0,0,20,0,-999,-999,0
22.5,90,8,4,-107.429,6,-108.137,1,1,10,1,11.8756,7.35498,0
22.5,90,8,4,-107.429,7,-124.561,1,1,10,1,11.8311,7.3105,0
22.5,90,8,4,-107.429,1,-130.801,1,1,20,0,-999,-999,0
22.5,90,8,4,-107.429,2,-135.993,0,0,20,0,-999,-999,0
22.5,90,8,4,-107.429,3,-141.459,0,0,20,0,-999,-999,0
22.5,90,8,4,-107.429,5,-141.676,2,2,10,1,12.7782,8.2576,0
22.5,92,9,5,-132.102,1,-108.278,1,1,20,0,-999,-999,0
22.5,92,9,5,-132.102,2,-131.927,0,0,20,0,-999,-999,0
22.5,92,9,5,-132.102,6,-133.349,1,1,10,1,11.8756,7.35498,0
22.5,92,9,5,-132.102,4,-133.959,3,4,20,0,-999,-999,0
22.5,92,9,5,-132.102,3,-139.073,0,0,20,0,-999,-999,0
22.5,92,9,5,-132.102,7,-143.15,1,1,10,1,11.8311,7.3105,0
22.5,97,8,1,-105.719,2,-112.791,0,0,20,0,-999,-999,0
22.5,97,8,1,-105.719,3,-128.343,0,0,20,0,-999,-999,0
22.5,97,8,1,-105.719,4,-131.022,3,4,20,0,-999,-999,0
22.5,97,8,1,-105.719,7,-132.259,1,1,10,1,11.8311,7.3105,0
22.5,97,8,1,-105.719,6,-132.548,1,1,10,1,11.8756,7.35498,0
22.5,97,8,1,-105.719,5,-142.044,2,2,10,1,12.7782,8.2576,0
22.5,100,10,5,-131.043,1,-98.1367,1,1,20,0,-999,-999,0
22.5,100,10,5,-131.043,7,-103.167,1,1,10,1,11.8311,7.3105,0
22.5,100,10,5,-131.043,4,-108.804,3,4,20,0,-999,-999,0
22.5,100,10,5,-131.043,6,-118.054,1,1,10,1,11.8756,7.35498,0
22.5,100,10,5,-131.043,2,-133.942,0,0,20,0,-999,-999,0
22.5,100,10,5,-131.043,3,-153.506,0,0,20,0,-999,-999,0
24.5,23,8,7,-126.01,1,-93.665,1,1,20,0,-999,-999,0
24.5,23,8,7,-126.01,3,-117.895,0,0,20,0,-999,-999,0
24.5,23,8,7,-126.01,2,-129.955,0,0,20,0,-999,-999,0
24.5,23,8,7,-126.01,4,-138.166,4,4,20,0,-999,-999,0
24.5,23,8,7,-126.01,5,-139.71,3,3,0,1,4.40566,-0.114937,0
24.5,23,8,7,-126.01,6,-160.583,0,0,10,1,12.7727,8.25208,0
24.5,41,24,4,-68.1106,6,-108.005,0,0,10,1,12.7727,8.25208,0
24.5,41,24,4,-68.1106,7,-133.818,1,1,10,1,14.385,9.86439,0
24.5,41,24,4,-68.1106,1,-137.418,1,1,20,0,-999,-999,0
24.5,41,24,4,-68.1106,5,-139.653,3,3,0,1,4.40566,-0.114937,0
24.5,41,24,4,-68.1106,2,-139.799,0,0,20,0,-999,-999,0
24.5,41,24,4,-68.1106,3,-143.006,0,0,20,0,-999,-999,0
24.5,46,26,4,-136.634,5,-125.509,3,3,0,1,4.40566,-0.114937,0
24.5,46,26,4,-136.634,7,-141.707,1,1,10,1,14.385,9.86439,0
24.5,46,26,4,-136.634,1,-145.486,1,1,20,0,-999,-999,0
24.5,46,26,4,-136.634,2,-158.922,0,0,20,0,-999,-999,0
24.5,46,26,4,-136.634,6,-162.639,0,0,10,1,12.7727,8.25208,0
24.5,46,26,4,-136.634,3,-168.524,0,0,20,0,-999,-999,0
24.5,47,25,4,-134.048,5,-92.3344,3,3,0,1,4.40566,-0.114937,1
24.5,47,25,4,-134.048,1,-92.9592,1,1,20,0,-999,-999,1
24.5,47,25,4,-134.048,2,-138.981,0,0,20,0,-999,-999,1
24.5,47,25,4,-134.048,3,-140.955,0,0,20,0,-999,-999,1
24.5,47,25,4,-134.048,7,-142.155,1,1,10,1,14.385,9.86439,1
24.5,47,25,4,-134.048,6,-154.697,0,0,10,1,12.7727,8.25208,1
24.5,90,8,4,-105.06,5,-130.165,3,3,0,1,4.40566,-0.114937,0
24.5,90,8,4,-105.06,2,-133.031,0,0,20,0,-999,-999,0
24.5,90,8,4,-105.06,7,-133.305,1,1,10,1,14.385,9.86439,0
24.5,90,8,4,-105.06,6,-133.44,0,0,10,1,12.7727,8.25208,0
24.5,90,8,4,-105.06,1,-134.061,1,2,20,0,-999,-999,0
24.5,90,8,4,-105.06,3,-144.499,0,0,20,0,-999,-999,0
24.5,92,9,5,-105.51,4,-102.139,4,4,20,0,-999,-999,0
24.5,92,9,5,-105.51,1,-127.53,1,2,20,0,-999,-999,0
24.5,92,9,5,-105.51,2,-134.068,0,0,20,0,-999,-999,0
24.5,92,9,5,-105.51,3,-137.952,0,0,20,0,-999,-999,0
24.5,92,9,5,-105.51,7,-141.051,1,1,10,1,14.385,9.86439,0
24.5,92,9,5,-105.51,6,-144.235,0,0,10,1,12.7727,8.25208,0
24.5,97,8,1,-70.174,7,-102.822,1,1,10,1,14.385,9.86439,0
24.5,97,8,1,-70.174,2,-117.442,0,0,20,0,-999,-999,0
24.5,97,8,1,-70.174,3,-127.684,0,0,20,0,-999,-999,0
24.5,97,8,1,-70.174,4,-137.092,4,4,20,0,-999,-999,0
24.5,97,8,1,-70.174,5,-141.3,3,3,0,1,4.40566,-0.114937,0
24.5,97,8,1,-70.174,6,-150.991,0,0,10,1,12.7727,8.25208,0
24.5,100,10,5,-137.345,4,-102.846,4,4,20,0,-999,-999,0
24.5,100,10,5,-137.345,1,-123.758,1,2,20,0,-999,-999,0
24.5,100,10,5,-137.345,2,-131.983,0,0,20,0,-999,-999,0
24.5,100,10,5,-137.345,6,-135.302,0,0,10,1,12.7727,8.25208,0
24.5,100,10,5,-137.345,7,-137.342,1,1,10,1,14.385,9.86439,0
24.5,100,10,5,-137.345,3,-140.829,0,0,20,0,-999,-999,0
26.5,23,8,7,-123.088,1,-94.399,2,2,20,0,-999,-999,1
26.5,23,8,7,-123.088,3,-117.676,0,0,20,0,-999,-999,1
26.5,23,8,7,-123.088,2,-130.609,0,0,20,0,-999,-999,1
26.5,23,8,7,-123.088,4,-139.544,3,3,20,0,-999,-999,1
26.5,23,8,7,-123.088,5,-141.667,3,3,10,1,9.66596,5.14536,1
26.5,23,8,7,-123.088,6,-159.653,0,0,10,1,12.2207,7.70014,1
26.5,41,24,4,-67.6383,7,-104.558,1,1,10,1,13.4897,8.96914,0
26.5,41,24,4,-67.6383,1,-124.516,2,3,20,0,-999,-999,0
26.5,41,24,4,-67.6383,6,-135.859,0,0,10,1,12.2207,7.70014,0
26.5,41,24,4,-67.6383,2,-140.467,0,0,20,0,-999,-999,0
26.5,41,24,4,-67.6383,5,-142.136,3,3,10,1,9.66596,5.14536,0
26.5,41,24,4,-67.6383,3,-146.358,0,0,20,0,-999,-999,0
26.5,45,18,5,-110.018,3,-141.08,0,0,20,0,-999,-999,0
26.5,45,18,5,-110.018,1,-144.68,2,3,20,0,-999,-999,0
26.5,45,18,5,-110.018,7,-146.39,1,1,10,1,13.4897,8.96914,0
26.5,45,18,5,-110.018,2,-150.129,0,0,20,0,-999,-999,0
26.5,45,18,5,-110.018,4,-158.578,3,3,20,0,-999,-999,0
26.5,45,18,5,-110.018,6,-166.491,0,0,10,1,12.2207,7.70014,0
26.5,46,26,4,-96.8451,7,-121.631,1,1,10,1,13.4897,8.96914,0
26.5,46,26,4,-96.8451,5,-133.067,3,3,10,1,9.66596,5.14536,0
26.5,46,26,4,-96.8451,1,-133.655,2,3,20,0,-999,-999,0
26.5,46,26,4,-96.8451,6,-162.709,0,0,10,1,12.2207,7.70014,0
26.5,46,26,4,-96.8451,2,-165.754,0,0,20,0,-999,-999,0
26.5,46,26,4,-96.8451,3,-166.044,0,0,20,0,-999,-999,0
26.5,47,9,1,-113.947,4,-97.7748,3,3,20,0,-999,-999,0
26.5,47,9,1,-113.947,5,-128.491,3,3,10,1,9.66596,5.14536,0
26.5,47,9,1,-113.947,2,-134.242,0,0,20,0,-999,-999,0
26.5,47,9,1,-113.947,3,-137.816,0,0,20,0,-999,-999,0
26.5,47,9,1,-113.947,7,-141.391,1,1,10,1,13.4897,8.96914,0
26.5,47,9,1,-113.947,6,-150.599,0,0,10,1,12.2207,7.70014,0
26.5,90,8,4,-110.932,7,-113.837,1,1,10,1,13.4897,8.96914,0
26.5,90,8,4,-110.932,2,-132.032,0,0,20,0,-999,-999,0
26.5,90,8,4,-110.932,1,-132.908,2,3,20,0,-999,-999,0
26.5,90,8,4,-110.932,5,-137.416,3,3,10,1,9.66596,5.14536,0
26.5,90,8,4,-110.932,3,-137.612,0,0,20,0,-999,-999,0
26.5,90,8,4,-110.932,6,-137.653,0,0,10,1,12.2207,7.70014,0
26.5,92,9,5,-129.911,4,-103.085,3,3,20,0,-999,-999,0
26.5,92,9,5,-129.911,1,-126.197,2,3,20,0,-999,-999,0
26.5,92,9,5,-129.911,3,-135.91,0,0,20,0,-999,-999,0
26.5,92,9,5,-129.911,2,-137.378,0,0,20,0,-999,-999,0
26.5,92,9,5,-129.911,6,-146.042,0,0,10,1,12.2207,7.70014,0
26.5,92,9,5,-129.911,7,-149.551,1,1,10,1,13.4897,8.96914,0
26.5,97,8,1,-107.883,7,-103.33,1,1,10,1,13.4897,8.96914,0
26.5,97,8,1,-107.883,2,-113.277,0,0,20,0,-999,-999,0
26.5,97,8,1,-107.883,5,-122.346,3,3,10,1,9.66596,5.14536,0
26.5,97,8,1,-107.883,3,-126.121,0,0,20,0,-999,-999,0
26.5,97,8,1,-107.883,4,-132.324,3,3,20,0,-999,-999,0
26.5,97,8,1,-107.883,6,-150.696,0,0,10,1,12.2207,7.70014,0
26.5,100,10,5,-130.673,4,-79.973,3,3,20,0,-999,-999,4
26.5,100,10,5,-130.673,1,-128.437,2,3,20,0,-999,-999,4
26.5,100,10,5,-130.673,6,-131.219,0,0,10,1,12.2207,7.70014,4
26.5,100,10,5,-130.673,7,-140.683,1,1,10,1,13.4897,8.96914,4
26.5,100,10,5,-130.673,2,-143.406,0,0,20,0,-999,-999,4
26.5,100,10,5,-130.673,3,-148.153,0,0,20,0,-999,-999,4
28.5,23,10,1,-126.167,5,-105.52,2,2,10,1,14.3312,9.81063,0
28.5,23,10,1,-126.167,3,-129.365,0,0,20,0,-999,-999,0
28.5,23,10,1,-126.167,2,-129.593,0,0,20,0,-999,-999,0
28.5,23,10,1,-126.167,4,-131.406,4,4,20,0,-999,-999,0
28.5,23,10,1,-126.167,7,-142.866,0,0,10,1,11.972,7.45142,0
28.5,23,10,1,-126.167,6,-157.823,0,0,10,1,10.0054,5.48476,0
28.5,41,24,4,-100.704,6,-127.519,0,0,10,1,10.0054,5.48476,0
28.5,41,24,4,-100.704,1,-133.439,3,3,20,0,-999,-999,0
28.5,41,24,4,-100.704,7,-134.514,0,0,10,1,11.972,7.45142,0
28.5,41,24,4,-100.704,2,-139.409,0,0,20,0,-999,-999,0
28.5,41,24,4,-100.704,5,-140.419,2,2,10,1,14.3312,9.81063,0
28.5,41,24,4,-100.704,3,-147.895,0,0,20,0,-999,-999,0
28.5,45,18,5,-68.8934,4,-141.197,4,4,20,0,-999,-999,0
28.5,45,18,5,-68.8934,3,-144.986,0,0,20,0,-999,-999,0
28.5,45,18,5,-68.8934,2,-146.134,0,0,20,0,-999,-999,0
28.5,45,18,5,-68.8934,1,-146.639,3,3,20,0,-999,-999,0
28.5,45,18,5,-68.8934,6,-165.357,0,0,10,1,10.0054,5.48476,0
28.5,45,18,5,-68.8934,7,-183.37,0,0,10,1,11.972,7.45142,0
28.5,46,26,4,-127.431,5,-113.846,2,2,10,1,14.3312,9.81063,0
28.5,46,26,4,-127.431,1,-121.439,3,3,20,0,-999,-999,0
28.5,46,26,4,-127.431,2,-164.651,0,0,20,0,-999,-999,0
28.5,46,26,4,-127.431,6,-164.833,0,0,10,1,10.0054,5.48476,0
28.5,46,26,4,-127.431,7,-166.807,0,0,10,1,11.972,7.45142,0
28.5,46,26,4,-127.431,3,-167.769,0,0,20,0,-999,-999,0
28.5,47,9,1,-123.893,5,-132.093,2,2,10,1,14.3312,9.81063,0
28.5,47,9,1,-123.893,4,-136.5,4,4,20,0,-999,-999,0
28.5,47,9,1,-123.893,2,-139.021,0,0,20,0,-999,-999,0
28.5,47,9,1,-123.893,3,-140.319,0,0,20,0,-999,-999,0
28.5,47,9,1,-123.893,6,-152.968,0,0,10,1,10.0054,5.48476,0
28.5,47,9,1,-123.893,7,-160.159,0,0,10,1,11.972,7.45142,0
28.5,90,8,4,-104.844,6,-96.4396,0,0,10,1,10.0054,5.48476,0
28.5,90,8,4,-104.844,7,-130.725,0,0,10,1,11.972,7.45142,0
28.5,90,8,4,-104.844,1,-130.727,3,3,20,0,-999,-999,0
28.5,90,8,4,-104.844,2,-132.884,0,0,20,0,-999,-999,0
28.5,90,8,4,-104.844,5,-141.788,2,2,10,1,14.3312,9.81063,0
28.5,90,8,4,-104.844,3,-143.352,0,0,20,0,-999,-999,0
28.5,92,9,5,-130.03,1,-122.629,3,3,20,0,-999,-999,0
28.5,92,9,5,-130.03,2,-133.552,0,0,20,0,-999,-999,0
28.5,92,9,5,-130.03,3,-135.625,0,0,20,0,-999,-999,0
28.5,92,9,5,-130.03,4,-139.411,4,4,20,0,-999,-999,0
28.5,92,9,5,-130.03,6,-147.882,0,0,10,1,10.0054,5.48476,0
28.5,92,9,5,-130.03,7,-152.214,0,0,10,1,11.972,7.45142,0
28.5,97,8,1,-82.2415,2,-111.559,0,0,20,0,-999,-999,0
28.5,97,8,1,-82.2415,4,-123.467,4,4,20,0,-999,-999,0
28.5,97,8,1,-82.2415,3,-130.683,0,0,20,0,-999,-999,0
28.5,97,8,1,-82.2415,5,-137.07,2,2,10,1,14.3312,9.81063,0
28.5,97,8,1,-82.2415,7,-142.011,0,0,10,1,11.972,7.45142,0
28.5,97,8,1,-82.2415,6,-146.883,0,0,10,1,10.0054,5.48476,0
28.5,100,27,4,-96.1961,1,-126.196,3,3,20,0,-999,-999,0
28.5,100,27,4,-96.1961,5,-132.297,2,2,10,1,14.3312,9.81063,0
28.5,100,27,4,-96.1961,6,-133.483,0,0,10,1,10.0054,5.48476,0
28.5,100,27,4,-96.1961,2,-140.907,0,0,20,0,-999,-999,0
28.5,100,27,4,-96.1961,7,-144.904,0,0,10,1,11.972,7.45142,0
28.5,100,27,4,-96.1961,3,-147.655,0,0,20,0,-999,-999,0
30.5,23,10,1,-129.779,4,-105.61,4,4,20,0,-999,-999,0
30.5,23,10,1,-129.779,3,-124.814,0,0,20,0,-999,-999,0
30.5,23,10,1,-129.779,2,-128.975,0,0,20,0,-999,-999,0
30.5,23,10,1,-129.779,7,-142.993,1,1,10,1,14.3499,9.82931,0
30.5,23,10,1,-129.779,5,-148.303,2,2,10,1,14.2321,9.71147,0
30.5,23,10,1,-129.779,6,-159.006,0,0,10,1,13.1163,8.59568,0
30.5,41,24,4,-100.602,6,-132.312,0,0,10,1,13.1163,8.59568,0
30.5,41,24,4,-100.602,2,-137.298,0,0,20,0,-999,-999,0
30.5,41,24,4,-100.602,1,-140.078,3,3,20,0,-999,-999,0
30.5,41,24,4,-100.602,5,-144.235,2,2,10,1,14.2321,9.71147,0
30.5,41,24,4,-100.602,7,-146.567,1,1,10,1,14.3499,9.82931,0
30.5,41,24,4,-100.602,3,-151.743,0,0,20,0,-999,-999,0
30.5,45,18,5,-95.8687,2,-146.269,0,0,20,0,-999,-999,0
30.5,45,18,5,-95.8687,3,-148.941,0,0,20,0,-999,-999,0
30.5,45,18,5,-95.8687,6,-149.87,0,0,10,1,13.1163,8.59568,0
30.5,45,18,5,-95.8687,1,-149.895,3,3,20,0,-999,-999,0
30.5,45,18,5,-95.8687,4,-160.13,4,4,20,0,-999,-999,0
30.5,45,18,5,-95.8687,7,-163.889,1,1,10,1,14.3499,9.82931,0
30.5,46,26,4,-141.504,1,-143.165,3,3,20,0,-999,-999,0
30.5,46,26,4,-141.504,5,-153.341,2,2,10,1,14.2321,9.71147,0
30.5,46,26,4,-141.504,6,-162.493,0,0,10,1,13.1163,8.59568,0
30.5,46,26,4,-141.504,2,-162.896,0,0,20,0,-999,-999,0
30.5,46,26,4,-141.504,3,-165.257,0,0,20,0,-999,-999,0
30.5,46,26,4,-141.504,7,-165.511,1,1,10,1,14.3499,9.82931,0
30.5,47,9,1,-130.046,5,-90.0702,2,2,10,1,14.2321,9.71147,0
30.5,47,9,1,-130.046,4,-135.658,4,4,20,0,-999,-999,0
30.5,47,9,1,-130.046,3,-136.606,0,0,20,0,-999,-999,0
30.5,47,9,1,-130.046,2,-136.693,0,0,20,0,-999,-999,0
30.5,47,9,1,-130.046,6,-152.583,0,0,10,1,13.1163,8.59568,0
30.5,47,9,1,-130.046,7,-155.448,1,1,10,1,14.3499,9.82931,0
30.5,90,8,4,-74.3052,1,-106.289,3,3,20,0,-999,-999,0
30.5,90,8,4,-74.3052,2,-132.075,0,0,20,0,-999,-999,0
30.5,90,8,4,-74.3052,5,-136.499,2,2,10,1,14.2321,9.71147,0
30.5,90,8,4,-74.3052,7,-136.65,1,1,10,1,14.3499,9.82931,0
30.5,90,8,4,-74.3052,6,-137.916,0,0,10,1,13.1163,8.59568,0
30.5,90,8,4,-74.3052,3,-141.054,0,0,20,0,-999,-999,0
30.5,92,9,5,-95.816,1,-110.019,3,3,20,0,-999,-999,0
30.5,92,9,5,-95.816,3,-131.505,0,0,20,0,-999,-999,0
30.5,92,9,5,-95.816,2,-132.917,0,0,20,0,-999,-999,0
30.5,92,9,5,-95.816,4,-140.293,4,4,20,0,-999,-999,0
30.5,92,9,5,-95.816,6,-148.3,0,0,10,1,13.1163,8.59568,0
30.5,92,9,5,-95.816,7,-152.115,1,1,10,1,14.3499,9.82931,0
30.5,97,8,1,-112.999,2,-116.089,0,0,20,0,-999,-999,0
30.5,97,8,1,-112.999,3,-127.298,0,0,20,0,-999,-999,0
30.5,97,8,1,-112.999,4,-128.781,4,4,20,0,-999,-999,0
30.5,97,8,1,-112.999,5,-133.418,2,2,10,1,14.2321,9.71147,0
30.5,97,8,1,-112.999,7,-139.59,1,1,10,1,14.3499,9.82931,0
30.5,97,8,1,-112.999,6,-151.249,0,0,10,1,13.1163,8.59568,0
30.5,100,27,4,-96.9435,1,-125.984,3,3,20,0,-999,-999,0
30.5,100,27,4,-96.9435,5,-127.052,2,2,10,1,14.2321,9.71147,0
30.5,100,27,4,-96.9435,6,-133.314,0,0,10,1,13.1163,8.59568,0
30.5,100,27,4,-96.9435,7,-145.176,1,1,10,1,14.3499,9.82931,0
30.5,100,27,4,-96.9435,2,-145.342,0,0,20,0,-999,-999,0
30.5,100,27,4,-96.9435,3,-148.282,0,0,20,0,-999,-999,0
32.5,23,10,1,-121.764,7,-101.993,1,1,10,1,10.6476,6.12699,0
32.5,23,10,1,-121.764,3,-124.263,0,0,20,0,-999,-999,0
32.5,23,10,1,-121.764,2,-133.019,0,0,20,0,-999,-999,0
32.5,23,10,1,-121.764,4,-133.917,4,4,20,0,-999,-999,0
32.5,23,10,1,-121.764,5,-138.537,3,3,10,1,12.2294,7.7088,0
32.5,23,10,1,-121.764,6,-159.183,0,0,10,1,12.9798,8.4592,0
32.5,33,16,7,-103.645,1,-119.138,3,3,20,0,-999,-999,0
32.5,33,16,7,-103.645,4,-126.795,4,4,20,0,-999,-999,0
32.5,33,16,7,-103.645,2,-131.291,0,0,20,0,-999,-999,0
32.5,33,16,7,-103.645,5,-133.56,3,3,10,1,12.2294,7.7088,0
32.5,33,16,7,-103.645,3,-135.701,0,0,20,0,-999,-999,0
32.5,33,16,7,-103.645,6,-147.066,0,0,10,1,12.9798,8.4592,0
32.5,41,24,4,-100.587,1,-99.3107,3,3,20,0,-999,-999,0
32.5,41,24,4,-100.587,6,-127.033,0,0,10,1,12.9798,8.4592,0
32.5,41,24,4,-100.587,7,-132.286,1,1,10,1,10.6476,6.12699,0
32.5,41,24,4,-100.587,2,-143.339,0,0,20,0,-999,-999,0
32.5,41,24,4,-100.587,3,-143.516,0,0,20,0,-999,-999,0
32.5,41,24,4,-100.587,5,-150.67,3,3,10,1,12.2294,7.7088,0
32.5,45,18,5,-87.5921,1,-143.327,3,3,20,0,-999,-999,0
32.5,45,18,5,-87.5921,3,-149.446,0,0,20,0,-999,-999,0
32.5,45,18,5,-87.5921,2,-150.508,0,0,20,0,-999,-999,0
32.5,45,18,5,-87.5921,4,-159.48,4,4,20,0,-999,-999,0
32.5,45,18,5,-87.5921,7,-160.163,1,1,10,1,10.6476,6.12699,0
32.5,45,18,5,-87.5921,6,-166.282,0,0,10,1,12.9798,8.4592,0
32.5,46,26,4,-116.674,7,-127.388,1,1,10,1,10.6476,6.12699,0
32.5,46,26,4,-116.674,5,-136.743,3,3,10,1,12.2294,7.7088,0
32.5,46,26,4,-116.674,1,-150.933,3,3,20,0,-999,-999,0
32.5,46,26,4,-116.674,2,-160.399,0,0,20,0,-999,-999,0
32.5,46,26,4,-116.674,6,-163.336,0,0,10,1,12.9798,8.4592,0
32.5,46,26,4,-116.674,3,-165.86,0,0,20,0,-999,-999,0
32.5,47,9,1,-93.0808,5,-103.179,3,3,10,1,12.2294,7.7088,0
32.5,47,9,1,-93.0808,4,-116.893,4,4,20,0,-999,-999,0
32.5,47,9,1,-93.0808,7,-128.8,1,1,10,1,10.6476,6.12699,0
32.5,47,9,1,-93.0808,2,-134.438,0,0,20,0,-999,-999,0
32.5,47,9,1,-93.0808,3,-137.881,0,0,20,0,-999,-999,0
32.5,47,9,1,-93.0808,6,-154.11,0,0,10,1,12.9798,8.4592,0
32.5,59,26,5,-136.767,4,-125.776,4,4,20,0,-999,-999,0
32.5,59,26,5,-136.767,1,-139.734,3,3,20,0,-999,-999,0
32.5,59,26,5,-136.767,7,-148.321,1,1,10,1,10.6476,6.12699,0
32.5,59,26,5,-136.767,2,-159.048,0,0,20,0,-999,-999,0
32.5,59,26,5,-136.767,3,-160.99,0,0,20,0,-999,-999,0
32.5,59,26,5,-136.767,6,-176.858,0,0,10,1,12.9798,8.4592,0
32.5,90,8,4,-112.841,5,-110.048,3,3,10,1,12.2294,7.7088,0
32.5,90,8,4,-112.841,7,-114.854,1,1,10,1,10.6476,6.12699,0
32.5,90,8,4,-112.841,2,-131.078,0,0,20,0,-999,-999,0
32.5,90,8,4,-112.841,1,-133.879,3,3,20,0,-999,-999,0
32.5,90,8,4,-112.841,6,-134.946,0,0,10,1,12.9798,8.4592,0
32.5,90,8,4,-112.841,3,-144.716,0,0,20,0,-999,-999,0
32.5,92,9,5,-112.096,1,-102.662,3,3,20,0,-999,-999,0
32.5,92,9,5,-112.096,2,-134.391,0,0,20,0,-999,-999,0
32.5,92,9,5,-112.096,4,-136.521,4,4,20,0,-999,-999,0
32.5,92,9,5,-112.096,3,-138.265,0,0,20,0,-999,-999,0
32.5,92,9,5,-112.096,7,-141.379,1,1,10,1,10.6476,6.12699,0
32.5,92,9,5,-112.096,6,-151.409,0,0,10,1,12.9798,8.4592,0
32.5,97,8,1,-73.7077,7,-112.701,1,1,10,1,10.6476,6.12699,0
32.5,97,8,1,-73.7077,2,-115.787,0,0,20,0,-999,-999,0
32.5,97,8,1,-73.7077,4,-131.211,4,4,20,0,-999,-999,0
32.5,97,8,1,-73.7077,3,-132.285,0,0,20,0,-999,-999,0
32.5,97,8,1,-73.7077,5,-135.341,3,3,10,1,12.2294,7.7088,0
32.5,97,8,1,-73.7077,6,-153.858,0,0,10,1,12.9798,8.4592,0
32.5,100,27,4,-64.3631,5,-111.849,3,3,10,1,12.2294,7.7088,0
32.5,100,27,4,-64.3631,7,-118.604,1,1,10,1,10.6476,6.12699,0
32.5,100,27,4,-64.3631,1,-123.68,3,3,20,0,-999,-999,0
32.5,100,27,4,-64.3631,6,-130.677,0,0,10,1,12.9798,8.4592,0
32.5,100,27,4,-64.3631,3,-141.688,0,0,20,0,-999,-999,0
32.5,100,27,4,-64.3631,2,-146.103,0,0,20,0,-999,-999,0
34.5,23,10,1,-119.421,3,-122.031,0,0,20,0,-999,-999,0
34.5,23,10,1,-119.421,2,-129.415,0,0,20,0,-999,-999,0
34.5,23,10,1,-119.421,7,-132.027,1,1,10,1,10.8547,6.3341,0
34.5,23,10,1,-119.421,4,-135.095,4,4,20,0,-999,-999,0
34.5,23,10,1,-119.421,5,-140.881,3,3,10,1,10.3348,5.81423,0
34.5,23,10,1,-119.421,6,-161.731,0,0,10,1,10.8251,6.3045,0
34.5,33,16,7,-127.518,1,-100.329,3,3,20,0,-999,-999,0
34.5,33,16,7,-127.518,4,-123.068,4,4,20,0,-999,-999,0
34.5,33,16,7,-127.518,2,-130.606,0,0,20,0,-999,-999,0
34.5,33,16,7,-127.518,3,-131.86,0,0,20,0,-999,-999,0
34.5,33,16,7,-127.518,6,-147.238,0,0,10,1,10.8251,6.3045,0
34.5,33,16,7,-127.518,5,-148.098,3,3,10,1,10.3348,5.81423,0
34.5,41,24,4,-67.6233,6,-130.941,0,0,10,1,10.8251,6.3045,0
34.5,41,24,4,-67.6233,2,-135.592,0,0,20,0,-999,-999,0
34.5,41,24,4,-67.6233,7,-135.854,1,1,10,1,10.8547,6.3341,0
34.5,41,24,4,-67.6233,1,-137.168,3,3,20,0,-999,-999,0
34.5,41,24,4,-67.6233,3,-143.147,0,0,20,0,-999,-999,0
34.5,41,24,4,-67.6233,5,-147.023,3,3,10,1,10.3348,5.81423,0
34.5,45,18,5,-94.5553,1,-121.059,3,3,20,0,-999,-999,0
34.5,45,18,5,-94.5553,7,-141.67,1,1,10,1,10.8547,6.3341,0
34.5,45,18,5,-94.5553,3,-144.36,0,0,20,0,-999,-999,0
34.5,45,18,5,-94.5553,2,-152.14,0,0,20,0,-999,-999,0
34.5,45,18,5,-94.5553,4,-161.224,4,4,20,0,-999,-999,0
34.5,45,18,5,-94.5553,6,-166.459,0,0,10,1,10.8251,6.3045,0
34.5,46,26,4,-134.983,7,-143.613,1,1,10,1,10.8547,6.3341,0
34.5,46,26,4,-134.983,1,-146.754,3,3,20,0,-999,-999,0
34.5,46,26,4,-134.983,5,-157.168,3,3,10,1,10.3348,5.81423,0
34.5,46,26,4,-134.983,2,-159.996,0,0,20,0,-999,-999,0
34.5,46,26,4,-134.983,3,-164.187,0,0,20,0,-999,-999,0
34.5,46,26,4,-134.983,6,-165.485,0,0,10,1,10.8251,6.3045,0
34.5,47,9,1,-115.994,7,-118.412,1,1,10,1,10.8547,6.3341,0
34.5,47,9,1,-115.994,5,-127.472,3,3,10,1,10.3348,5.81423,0
34.5,47,9,1,-115.994,4,-132.449,4,4,20,0,-999,-999,0
34.5,47,9,1,-115.994,3,-134.502,0,0,20,0,-999,-999,0
34.5,47,9,1,-115.994,2,-136.826,0,0,20,0,-999,-999,0
34.5,47,9,1,-115.994,6,-156.837,0,0,10,1,10.8251,6.3045,0
34.5,59,26,5,-138.379,1,-138.975,3,3,20,0,-999,-999,0
34.5,59,26,5,-138.379,7,-140.241,1,1,10,1,10.8547,6.3341,0
34.5,59,26,5,-138.379,4,-142.819,4,4,20,0,-999,-999,0
34.5,59,26,5,-138.379,3,-157.498,0,0,20,0,-999,-999,0
34.5,59,26,5,-138.379,2,-159.43,0,0,20,0,-999,-999,0
34.5,59,26,5,-138.379,6,-173.211,0,0,10,1,10.8251,6.3045,0
34.5,90,8,4,-105.137,5,-109.942,3,3,10,1,10.3348,5.81423,0
34.5,90,8,4,-105.137,7,-117.283,1,1,10,1,10.8547,6.3341,0
34.5,90,8,4,-105.137,1,-119.104,3,3,20,0,-999,-999,0
34.5,90,8,4,-105.137,2,-133.47,0,0,20,0,-999,-999,0
34.5,90,8,4,-105.137,6,-136.476,0,0,10,1,10.8251,6.3045,0
34.5,90,8,4,-105.137,3,-140.588,0,0,20,0,-999,-999,0
34.5,92,9,5,-128.457,7,-108.535,1,1,10,1,10.8547,6.3341,0
34.5,92,9,5,-128.457,1,-115.527,3,3,20,0,-999,-999,0
34.5,92,9,5,-128.457,2,-132.039,0,0,20,0,-999,-999,0
34.5,92,9,5,-128.457,3,-141.836,0,0,20,0,-999,-999,0
34.5,92,9,5,-128.457,4,-143.527,4,4,20,0,-999,-999,0
34.5,92,9,5,-128.457,6,-146.247,0,0,10,1,10.8251,6.3045,0
34.5,97,8,1,-112.972,2,-114.683,0,0,20,0,-999,-999,0
34.5,97,8,1,-112.972,4,-125.28,4,4,20,0,-999,-999,0
34.5,97,8,1,-112.972,7,-129.848,1,1,10,1,10.8547,6.3341,0
34.5,97,8,1,-112.972,3,-132.181,0,0,20,0,-999,-999,0
34.5,97,8,1,-112.972,5,-140.169,3,3,10,1,10.3348,5.81423,0
34.5,97,8,1,-112.972,6,-150.498,0,0,10,1,10.8251,6.3045,0
34.5,100,27,4,-64.5915,1,-124.726,3,3,20,0,-999,-999,0
34.5,100,27,4,-64.5915,6,-133.045,0,0,10,1,10.8251,6.3045,0
34.5,100,27,4,-64.5915,2,-139.961,0,0,20,0,-999,-999,0
34.5,100,27,4,-64.5915,7,-141.867,1,1,10,1,10.8547,6.3341,0
34.5,100,27,4,-64.5915,5,-145.063,3,3,10,1,10.3348,5.81423,0
34.5,100,27,4,-64.5915,3,-151.636,0,0,20,0,-999,-999,0
36.5,23,10,1,-127.523,7,-90.3571,1,1,10,1,11.6755,7.1549,0
36.5,23,10,1,-127.523,3,-118.266,0,0,20,0,-999,-999,0
36.5,23,10,1,-127.523,2,-124.261,0,0,20,0,-999,-999,0
36.5,23,10,1,-127.523,4,-128.226,4,4,20,0,-999,-999,0
36.5,23,10,1,-127.523,5,-137.615,3,3,10,1,14.6226,10.102,0
36.5,23,10,1,-127.523,6,-156.166,0,0,10,1,11.3558,6.83523,0
36.5,33,16,7,-127.366,1,-93.481,3,3,20,0,-999,-999,1
36.5,33,16,7,-127.366,4,-127.86,4,4,20,0,-999,-999,1
36.5,33,16,7,-127.366,2,-130.282,0,0,20,0,-999,-999,1
36.5,33,16,7,-127.366,3,-134.428,0,0,20,0,-999,-999,1
36.5,33,16,7,-127.366,6,-140.572,0,0,10,1,11.3558,6.83523,1
36.5,33,16,7,-127.366,5,-151.709,3,3,10,1,14.6226,10.102,1
36.5,41,24,4,-98.0993,5,-122.377,3,3,10,1,14.6226,10.102,0
36.5,41,24,4,-98.0993,7,-134.356,1,1,10,1,11.6755,7.1549,0
36.5,41,24,4,-98.0993,6,-135.311,0,0,10,1,11.3558,6.83523,0
36.5,41,24,4,-98.0993,1,-138.411,3,4,20,0,-999,-999,0
36.5,41,24,4,-98.0993,2,-140.485,0,0,20,0,-999,-999,0
36.5,41,24,4,-98.0993,3,-149.407,0,0,20,0,-999,-999,0
36.5,45,18,5,-75.2379,3,-136.301,0,0,20,0,-999,-999,0
36.5,45,18,5,-75.2379,7,-136.752,1,1,10,1,11.6755,7.1549,0
36.5,45,18,5,-75.2379,1,-146.706,3,4,20,0,-999,-999,0
36.5,45,18,5,-75.2379,2,-149.937,0,0,20,0,-999,-999,0
36.5,45,18,5,-75.2379,4,-158.777,4,4,20,0,-999,-999,0
36.5,45,18,5,-75.2379,6,-168.028,0,0,10,1,11.3558,6.83523,0
36.5,46,26,4,-105.066,7,-103.348,1,1,10,1,11.6755,7.1549,0
36.5,46,26,4,-105.066,5,-146.715,3,3,10,1,14.6226,10.102,0
36.5,46,26,4,-105.066,1,-148.089,3,4,20,0,-999,-999,0
36.5,46,26,4,-105.066,6,-162.659,0,0,10,1,11.3558,6.83523,0
36.5,46,26,4,-105.066,2,-165.101,0,0,20,0,-999,-999,0
36.5,46,26,4,-105.066,3,-165.276,0,0,20,0,-999,-999,0
36.5,47,9,1,-128.279,7,-106.502,1,1,10,1,11.6755,7.1549,0
36.5,47,9,1,-128.279,5,-119.915,3,3,10,1,14.6226,10.102,0
36.5,47,9,1,-128.279,3,-135.721,0,0,20,0,-999,-999,0
36.5,47,9,1,-128.279,4,-139.085,4,4,20,0,-999,-999,0
36.5,47,9,1,-128.279,2,-139.504,0,0,20,0,-999,-999,0
36.5,47,9,1,-128.279,6,-157.647,0,0,10,1,11.3558,6.83523,0
36.5,59,26,5,-138.516,1,-102.074,3,4,20,0,-999,-999,0
36.5,59,26,5,-138.516,7,-144.019,1,1,10,1,11.6755,7.1549,0
36.5,59,26,5,-138.516,4,-149.111,4,4,20,0,-999,-999,0
36.5,59,26,5,-138.516,2,-157.951,0,0,20,0,-999,-999,0
36.5,59,26,5,-138.516,3,-161.198,0,0,20,0,-999,-999,0
36.5,59,26,5,-138.516,6,-169.833,0,0,10,1,11.3558,6.83523,0
36.5,90,8,4,-97.7914,1,-116.144,3,4,20,0,-999,-999,0
36.5,90,8,4,-97.7914,5,-117.316,3,3,10,1,14.6226,10.102,0
36.5,90,8,4,-97.7914,7,-133.059,1,1,10,1,11.6755,7.1549,0
36.5,90,8,4,-97.7914,2,-134.486,0,0,20,0,-999,-999,0
36.5,90,8,4,-97.7914,6,-138.048,0,0,10,1,11.3558,6.83523,0
36.5,90,8,4,-97.7914,3,-140.027,0,0,20,0,-999,-999,0
36.5,92,9,5,-122.295,4,-107.839,4,4,20,0,-999,-999,0
36.5,92,9,5,-122.295,7,-108.898,1,1,10,1,11.6755,7.1549,0
36.5,92,9,5,-122.295,1,-126.846,3,4,20,0,-999,-999,0
36.5,92,9,5,-122.295,2,-130.566,0,0,20,0,-999,-999,0
36.5,92,9,5,-122.295,3,-136.56,0,0,20,0,-999,-999,0
36.5,92,9,5,-122.295,6,-150.07,0,0,10,1,11.3558,6.83523,0
36.5,97,8,1,-74.493,2,-115.076,0,0,20,0,-999,-999,0
36.5,97,8,1,-74.493,3,-130.857,0,0,20,0,-999,-999,0
36.5,97,8,1,-74.493,4,-134.079,4,4,20,0,-999,-999,0
36.5,97,8,1,-74.493,7,-135.298,1,1,10,1,11.6755,7.1549,0
36.5,97,8,1,-74.493,5,-136.932,3,3,10,1,14.6226,10.102,0
36.5,97,8,1,-74.493,6,-152.424,0,0,10,1,11.3558,6.83523,0
36.5,100,27,4,-92.1016,1,-116.633,3,4,20,0,-999,-999,0
36.5,100,27,4,-92.1016,5,-125.181,3,3,10,1,14.6226,10.102,0
36.5,100,27,4,-92.1016,6,-133.989,0,0,10,1,11.3558,6.83523,0
36.5,100,27,4,-92.1016,2,-136.525,0,0,20,0,-999,-999,0
36.5,100,27,4,-92.1016,7,-138.605,1,1,10,1,11.6755,7.1549,0
36.5,100,27,4,-92.1016,3,-149.55,0,0,20,0,-999,-999,0
38.5,23,10,1,-129.318,3,-119.947,0,0,20,0,-999,-999,0
38.5,23,10,1,-129.318,5,-121.691,3,3,10,1,10.7407,6.22014,0
38.5,23,10,1,-129.318,4,-125.185,4,4,20,0,-999,-999,0
38.5,23,10,1,-129.318,2,-129.553,0,0,20,0,-999,-999,0
38.5,23,10,1,-129.318,6,-139.215,1,1,10,1,13.2185,8.69793,0
38.5,23,10,1,-129.318,7,-150.546,0,0,10,1,14.2181,9.69753,0
38.5,33,11,1,-117.412,4,-122.351,4,4,20,0,-999,-999,0
38.5,33,11,1,-117.412,2,-133.873,0,0,20,0,-999,-999,0
38.5,33,11,1,-117.412,5,-138.059,3,3,10,1,10.7407,6.22014,0
38.5,33,11,1,-117.412,3,-140.197,0,0,20,0,-999,-999,0
38.5,33,11,1,-117.412,6,-143.919,1,1,10,1,13.2185,8.69793,0
38.5,33,11,1,-117.412,7,-150.615,0,0,10,1,14.2181,9.69753,0
38.5,41,24,4,-82.0599,6,-121.599,1,1,10,1,13.2185,8.69793,0
38.5,41,24,4,-82.0599,2,-137.617,0,0,20,0,-999,-999,0
38.5,41,24,4,-82.0599,1,-138.731,4,4,20,0,-999,-999,0
38.5,41,24,4,-82.0599,5,-140.604,3,3,10,1,10.7407,6.22014,0
38.5,41,24,4,-82.0599,7,-142.174,0,0,10,1,14.2181,9.69753,0
38.5,41,24,4,-82.0599,3,-148.097,0,0,20,0,-999,-999,0
38.5,45,18,5,-83.1297,3,-141.03,0,0,20,0,-999,-999,0
38.5,45,18,5,-83.1297,1,-147.04,4,4,20,0,-999,-999,0
38.5,45,18,5,-83.1297,2,-149.055,0,0,20,0,-999,-999,0
38.5,45,18,5,-83.1297,6,-159.418,1,1,10,1,13.2185,8.69793,0
38.5,45,18,5,-83.1297,4,-159.76,4,4,20,0,-999,-999,0
38.5,45,18,5,-83.1297,7,-166.742,0,0,10,1,14.2181,9.69753,0
38.5,46,26,4,-138.544,5,-130.391,3,3,10,1,10.7407,6.22014,0
38.5,46,26,4,-138.544,6,-138.305,1,1,10,1,13.2185,8.69793,0
38.5,46,26,4,-138.544,1,-143.992,4,4,20,0,-999,-999,0
38.5,46,26,4,-138.544,3,-161.846,0,0,20,0,-999,-999,0
38.5,46,26,4,-138.544,2,-163.919,0,0,20,0,-999,-999,0
38.5,46,26,4,-138.544,7,-166.725,0,0,10,1,14.2181,9.69753,0
38.5,47,9,1,-95.6087,6,-97.9716,1,1,10,1,13.2185,8.69793,0
38.5,47,9,1,-95.6087,5,-101.97,3,3,10,1,10.7407,6.22014,0
38.5,47,9,1,-95.6087,4,-130.788,4,4,20,0,-999,-999,0
38.5,47,9,1,-95.6087,2,-137.964,0,0,20,0,-999,-999,0
38.5,47,9,1,-95.6087,3,-140.343,0,0,20,0,-999,-999,0
38.5,47,9,1,-95.6087,7,-158.956,0,0,10,1,14.2181,9.69753,0
38.5,59,26,5,-139.478,1,-138.904,4,4,20,0,-999,-999,0
38.5,59,26,5,-139.478,6,-149.519,1,1,10,1,13.2185,8.69793,0
38.5,59,26,5,-139.478,4,-151.886,4,4,20,0,-999,-999,0
38.5,59,26,5,-139.478,3,-158.926,0,0,20,0,-999,-999,0
38.5,59,26,5,-139.478,2,-162.474,0,0,20,0,-999,-999,0
38.5,59,26,5,-139.478,7,-172.543,0,0,10,1,14.2181,9.69753,0
38.5,86,24,6,-128.646,4,-108.386,4,4,20,0,-999,-999,0
38.5,86,24,6,-128.646,5,-130.628,3,3,10,1,10.7407,6.22014,0
38.5,86,24,6,-128.646,1,-144.519,4,4,20,0,-999,-999,0
38.5,86,24,6,-128.646,3,-151.927,0,0,20,0,-999,-999,0
38.5,86,24,6,-128.646,7,-155.156,0,0,10,1,14.2181,9.69753,0
38.5,86,24,6,-128.646,2,-157.459,0,0,20,0,-999,-999,0
38.5,90,8,4,-97.4428,1,-115.004,4,4,20,0,-999,-999,0
38.5,90,8,4,-97.4428,6,-125.143,1,1,10,1,13.2185,8.69793,0
38.5,90,8,4,-97.4428,7,-131.414,0,0,10,1,14.2181,9.69753,0
38.5,90,8,4,-97.4428,2,-132.287,0,0,20,0,-999,-999,0
38.5,90,8,4,-97.4428,5,-135.783,3,3,10,1,10.7407,6.22014,0
38.5,90,8,4,-97.4428,3,-137.32,0,0,20,0,-999,-999,0
38.5,92,9,5,-133.558,1,-115.758,4,4,20,0,-999,-999,0
38.5,92,9,5,-133.558,4,-122.667,4,4,20,0,-999,-999,0
38.5,92,9,5,-133.558,2,-128.157,0,0,20,0,-999,-999,0
38.5,92,9,5,-133.558,6,-130.632,1,1,10,1,13.2185,8.69793,0
38.5,92,9,5,-133.558,3,-136.98,0,0,20,0,-999,-999,0
38.5,92,9,5,-133.558,7,-150.455,0,0,10,1,14.2181,9.69753,0
38.5,97,8,1,-114.212,2,-114.391,0,0,20,0,-999,-999,0
38.5,97,8,1,-114.212,5,-124.025,3,3,10,1,10.7407,6.22014,0
38.5,97,8,1,-114.212,4,-131.152,4,4,20,0,-999,-999,0
38.5,97,8,1,-114.212,3,-134.396,0,0,20,0,-999,-999,0
38.5,97,8,1,-114.212,6,-137.383,1,1,10,1,13.2185,8.69793,0
38.5,97,8,1,-114.212,7,-146.266,0,0,10,1,14.2181,9.69753,0
38.5,100,27,4,-103.84,1,-95.6029,4,4,20,0,-999,-999,0
38.5,100,27,4,-103.84,6,-123.792,1,1,10,1,13.2185,8.69793,0
38.5,100,27,4,-103.84,2,-136.297,0,0,20,0,-999,-999,0
38.5,100,27,4,-103.84,5,-137.633,3,3,10,1,10.7407,6.22014,0
38.5,100,27,4,-103.84,3,-142.733,0,0,20,0,-999,-999,0
38.5,100,27,4,-103.84,7,-145.029,0,0,10,1,14.2181,9.69753,0
40.5,23,10,1,-124.823,5,-105.491,3,3,10,1,13.9686,9.448,0
40.5,23,10,1,-124.823,6,-111.999,1,1,10,1,11.546,7.02536,0
40.5,23,10,1,-124.823,3,-122.354,0,0,20,0,-999,-999,0
40.5,23,10,1,-124.823,2,-127.486,0,0,20,0,-999,-999,0
40.5,23,10,1,-124.823,4,-130.887,4,4,20,0,-999,-999,0
40.5,23,10,1,-124.823,7,-148.872,0,0,10,1,12.0353,7.51472,0
40.5,33,11,1,-122.13,4,-90.5569,4,4,20,0,-999,-999,0
40.5,33,11,1,-122.13,6,-127.613,1,1,10,1,11.546,7.02536,0
40.5,33,11,1,-122.13,2,-132.456,0,0,20,0,-999,-999,0
40.5,33,11,1,-122.13,3,-139.533,0,0,20,0,-999,-999,0
40.5,33,11,1,-122.13,5,-146.335,3,3,10,1,13.9686,9.448,0
40.5,33,11,1,-122.13,7,-153.244,0,0,10,1,12.0353,7.51472,0
40.5,41,24,4,-110.83,6,-106.732,1,1,10,1,11.546,7.02536,0
40.5,41,24,4,-110.83,5,-115.774,3,3,10,1,13.9686,9.448,0
40.5,41,24,4,-110.83,1,-116.664,4,4,20,0,-999,-999,0
40.5,41,24,4,-110.83,7,-136.044,0,0,10,1,12.0353,7.51472,0
40.5,41,24,4,-110.83,2,-140.509,0,0,20,0,-999,-999,0
40.5,41,24,4,-110.83,3,-147.097,0,0,20,0,-999,-999,0
40.5,45,18,5,-76.0662,3,-137.35,0,0,20,0,-999,-999,0
40.5,45,18,5,-76.0662,1,-143.924,4,4,20,0,-999,-999,0
40.5,45,18,5,-76.0662,2,-147.941,0,0,20,0,-999,-999,0
40.5,45,18,5,-76.0662,4,-155.592,4,4,20,0,-999,-999,0
40.5,45,18,5,-76.0662,6,-158.494,1,1,10,1,11.546,7.02536,0
40.5,45,18,5,-76.0662,7,-163.757,0,0,10,1,12.0353,7.51472,0
40.5,46,26,4,-136.33,1,-133.539,4,4,20,0,-999,-999,0
40.5,46,26,4,-136.33,6,-145.065,1,1,10,1,11.546,7.02536,0
40.5,46,26,4,-136.33,5,-153.063,3,3,10,1,13.9686,9.448,0
40.5,46,26,4,-136.33,2,-159.18,0,0,20,0,-999,-999,0
40.5,46,26,4,-136.33,3,-166.441,0,0,20,0,-999,-999,0
40.5,46,26,4,-136.33,7,-169.754,0,0,10,1,12.0353,7.51472,0
40.5,47,9,1,-131.819,5,-127.67,3,3,10,1,13.9686,9.448,0
40.5,47,9,1,-131.819,6,-130.705,1,1,10,1,11.546,7.02536,0
40.5,47,9,1,-131.819,3,-137.21,0,0,20,0,-999,-999,0
40.5,47,9,1,-131.819,2,-142.17,0,0,20,0,-999,-999,0
40.5,47,9,1,-131.819,4,-142.351,4,4,20,0,-999,-999,0
40.5,47,9,1,-131.819,7,-157.128,0,0,10,1,12.0353,7.51472,0
40.5,59,26,5,-135.94,6,-127.052,1,1,10,1,11.546,7.02536,0
40.5,59,26,5,-135.94,1,-138.812,4,4,20,0,-999,-999,0
40.5,59,26,5,-135.94,4,-141.03,4,4,20,0,-999,-999,0
40.5,59,26,5,-135.94,3,-154.529,0,0,20,0,-999,-999,0
40.5,59,26,5,-135.94,2,-155.057,0,0,20,0,-999,-999,0
40.5,59,26,5,-135.94,7,-171.718,0,0,10,1,12.0353,7.51472,0
40.5,86,24,6,-132.781,4,-130.107,4,4,20,0,-999,-999,0
40.5,86,24,6,-132.781,1,-138.136,4,4,20,0,-999,-999,0
40.5,86,24,6,-132.781,5,-141.87,3,3,10,1,13.9686,9.448,0
40.5,86,24,6,-132.781,2,-154.798,0,0,20,0,-999,-999,0
40.5,86,24,6,-132.781,3,-156.914,0,0,20,0,-999,-999,0
40.5,86,24,6,-132.781,7,-161.763,0,0,10,1,12.0353,7.51472,0
40.5,90,8,4,-112.575,6,-87.3124,1,1,10,1,11.546,7.02536,0
40.5,90,8,4,-112.575,1,-119.194,4,4,20,0,-999,-999,0
40.5,90,8,4,-112.575,7,-131.308,0,0,10,1,12.0353,7.51472,0
40.5,90,8,4,-112.575,2,-136.898,0,0,20,0,-999,-999,0
40.5,90,8,4,-112.575,3,-139.433,0,0,20,0,-999,-999,0
40.5,90,8,4,-112.575,5,-141.032,3,3,10,1,13.9686,9.448,0
40.5,92,9,5,-129.395,1,-120.184,4,4,20,0,-999,-999,0
40.5,92,9,5,-129.395,6,-129.805,1,1,10,1,11.546,7.02536,0
40.5,92,9,5,-129.395,2,-133.827,0,0,20,0,-999,-999,0
40.5,92,9,5,-129.395,4,-139.716,4,4,20,0,-999,-999,0
40.5,92,9,5,-129.395,3,-140.53,0,0,20,0,-999,-999,0
40.5,92,9,5,-129.395,7,-152.454,0,0,10,1,12.0353,7.51472,0
40.5,97,8,1,-96.7939,2,-118.11,0,0,20,0,-999,-999,0
40.5,97,8,1,-96.7939,4,-124.108,4,4,20,0,-999,-999,0
40.5,97,8,1,-96.7939,3,-126.995,0,0,20,0,-999,-999,0
40.5,97,8,1,-96.7939,6,-138.735,1,1,10,1,11.546,7.02536,0
40.5,97,8,1,-96.7939,5,-141.034,3,3,10,1,13.9686,9.448,0
40.5,97,8,1,-96.7939,7,-144.832,0,0,10,1,12.0353,7.51472,0
40.5,100,27,4,-102.503,1,-107.169,4,4,20,0,-999,-999,0
40.5,100,27,4,-102.503,6,-130.29,1,1,10,1,11.546,7.02536,0
40.5,100,27,4,-102.503,5,-136.08,3,3,10,1,13.9686,9.448,0
40.5,100,27,4,-102.503,2,-141.28,0,0,20,0,-999,-999,0
40.5,100,27,4,-102.503,3,-141.887,0,0,20,0,-999,-999,0
40.5,100,27,4,-102.503,7,-142.627,0,0,10,1,12.0353,7.51472,0
42.5,23,10,1,-115.926,5,-105.015,4,4,10,1,12.5087,7.98813,0
42.5,23,10,1,-115.926,6,-108.052,1,1,10,1,12.2877,7.76709,0
42.5,23,10,1,-115.926,3,-122.021,0,0,20,0,-999,-999,0
42.5,23,10,1,-115.926,4,-129.87,4,4,20,0,-999,-999,0
42.5,23,10,1,-115.926,2,-131.4,0,0,20,0,-999,-999,0
42.5,23,10,1,-115.926,7,-146.045,0,0,10,1,10.2289,5.70827,0
42.5,33,11,1,-90.9259,4,-116.93,4,4,20,0,-999,-999,0
42.5,33,11,1,-90.9259,5,-122.243,4,4,10,1,12.5087,7.98813,0
42.5,33,11,1,-90.9259,2,-133.669,0,0,20,0,-999,-999,0
42.5,33,11,1,-90.9259,3,-142.156,0,0,20,0,-999,-999,0
42.5,33,11,1,-90.9259,6,-145.827,1,1,10,1,12.2877,7.76709,0
42.5,33,11,1,-90.9259,7,-147.077,0,0,10,1,10.2289,5.70827,0
42.5,41,24,4,-105.036,6,-122.112,1,1,10,1,12.2877,7.76709,0
42.5,41,24,4,-105.036,1,-129.667,4,4,20,0,-999,-999,0
42.5,41,24,4,-105.036,7,-134.456,0,0,10,1,10.2289,5.70827,0
42.5,41,24,4,-105.036,5,-135.82,4,4,10,1,12.5087,7.98813,0
42.5,41,24,4,-105.036,2,-137.257,0,0,20,0,-999,-999,0
42.5,41,24,4,-105.036,3,-147.355,0,0,20,0,-999,-999,0
42.5,45,18,5,-112.738,1,-134.279,4,4,20,0,-999,-999,0
42.5,45,18,5,-112.738,3,-141.392,0,0,20,0,-999,-999,0
42.5,45,18,5,-112.738,2,-147.382,0,0,20,0,-999,-999,0
42.5,45,18,5,-112.738,6,-153.212,1,1,10,1,12.2877,7.76709,0
42.5,45,18,5,-112.738,4,-156.864,4,4,20,0,-999,-999,0
42.5,45,18,5,-112.738,7,-166.887,0,0,10,1,10.2289,5.70827,0
42.5,46,26,4,-136.713,6,-136.892,1,1,10,1,12.2877,7.76709,0
42.5,46,26,4,-136.713,1,-145.788,4,4,20,0,-999,-999,0
42.5,46,26,4,-136.713,5,-151.803,4,4,10,1,12.5087,7.98813,0
42.5,46,26,4,-136.713,2,-159.376,0,0,20,0,-999,-999,0
42.5,46,26,4,-136.713,3,-164.104,0,0,20,0,-999,-999,0
42.5,46,26,4,-136.713,7,-166.216,0,0,10,1,10.2289,5.70827,0
42.5,47,9,1,-102.959,5,-118.655,4,4,10,1,12.5087,7.98813,0
42.5,47,9,1,-102.959,4,-122.097,4,4,20,0,-999,-999,0
42.5,47,9,1,-102.959,3,-136.256,0,0,20,0,-999,-999,0
42.5,47,9,1,-102.959,6,-136.818,1,1,10,1,12.2877,7.76709,0
42.5,47,9,1,-102.959,2,-143.25,0,0,20,0,-999,-999,0
42.5,47,9,1,-102.959,7,-156.773,0,0,10,1,10.2289,5.70827,0
42.5,59,26,5,-109.529,1,-107.727,4,4,20,0,-999,-999,0
42.5,59,26,5,-109.529,6,-145.808,1,1,10,1,12.2877,7.76709,0
42.5,59,26,5,-109.529,4,-146.711,4,4,20,0,-999,-999,0
42.5,59,26,5,-109.529,3,-154.84,0,0,20,0,-999,-999,0
42.5,59,26,5,-109.529,2,-158.092,0,0,20,0,-999,-999,0
42.5,59,26,5,-109.529,7,-170.03,0,0,10,1,10.2289,5.70827,0
42.5,86,24,6,-130.259,1,-115.453,4,4,20,0,-999,-999,0
42.5,86,24,6,-130.259,4,-137.242,4,4,20,0,-999,-999,0
42.5,86,24,6,-130.259,5,-144.396,4,4,10,1,12.5087,7.98813,0
42.5,86,24,6,-130.259,2,-146.953,0,0,20,0,-999,-999,0
42.5,86,24,6,-130.259,3,-160.468,0,0,20,0,-999,-999,0
42.5,86,24,6,-130.259,7,-163.195,0,0,10,1,10.2289,5.70827,0
42.5,90,8,4,-110.233,6,-121.093,1,1,10,1,12.2877,7.76709,0
42.5,90,8,4,-110.233,1,-129.074,4,4,20,0,-999,-999,0
42.5,90,8,4,-110.233,7,-132.19,0,0,10,1,10.2289,5.70827,0
42.5,90,8,4,-110.233,2,-133.072,0,0,20,0,-999,-999,0
42.5,90,8,4,-110.233,3,-141.797,0,0,20,0,-999,-999,0
42.5,90,8,4,-110.233,5,-146.746,4,4,10,1,12.5087,7.98813,0
42.5,92,9,5,-133.817,1,-96.8172,4,4,20,0,-999,-999,0
42.5,92,9,5,-133.817,4,-125.96,4,4,20,0,-999,-999,0
42.5,92,9,5,-133.817,2,-132.37,0,0,20,0,-999,-999,0
42.5,92,9,5,-133.817,3,-135.383,0,0,20,0,-999,-999,0
42.5,92,9,5,-133.817,6,-144.171,1,1,10,1,12.2877,7.76709,0
42.5,92,9,5,-133.817,7,-149.63,0,0,10,1,10.2289,5.70827,0
42.5,97,8,1,-116.854,4,-108.946,4,4,20,0,-999,-999,0
42.5,97,8,1,-116.854,2,-117.322,0,0,20,0,-999,-999,0
42.5,97,8,1,-116.854,3,-130.612,0,0,20,0,-999,-999,0
42.5,97,8,1,-116.854,7,-142.256,0,0,10,1,10.2289,5.70827,0
42.5,97,8,1,-116.854,6,-143.465,1,1,10,1,12.2877,7.76709,0
42.5,97,8,1,-116.854,5,-143.725,4,4,10,1,12.5087,7.98813,0
42.5,100,27,4,-67.8615,1,-99.3481,4,4,20,0,-999,-999,0
42.5,100,27,4,-67.8615,6,-124.745,1,1,10,1,12.2877,7.76709,0
42.5,100,27,4,-67.8615,5,-134.115,4,4,10,1,12.5087,7.98813,0
42.5,100,27,4,-67.8615,2,-141.859,0,0,20,0,-999,-999,0
42.5,100,27,4,-67.8615,7,-142.183,0,0,10,1,10.2289,5.70827,0
42.5,100,27,4,-67.8615,3,-149.556,0,0,20,0,-999,-999,0
44.5,23,10,1,-127.66,3,-120.512,0,0,20,0,-999,-999,0
44.5,23,10,1,-127.66,4,-126.932,4,4,20,0,-999,-999,0
44.5,23,10,1,-127.66,2,-133.216,0,0,20,0,-999,-999,0
44.5,23,10,1,-127.66,7,-145.422,0,0,10,1,12.3199,7.79931,0
44.5,23,10,1,-127.66,6,-145.493,1,1,10,1,11.9687,7.4481,0
44.5,23,10,1,-127.66,5,-145.965,5,5,10,1,11.6533,7.13273,0
44.5,24,34,5,-120.355,4,-132.739,4,4,20,0,-999,-999,0
44.5,24,34,5,-120.355,1,-135.363,4,4,20,0,-999,-999,0
44.5,24,34,5,-120.355,3,-141.853,0,0,20,0,-999,-999,0
44.5,24,34,5,-120.355,2,-150.514,0,0,20,0,-999,-999,0
44.5,24,34,5,-120.355,6,-151.62,1,1,10,1,11.9687,7.4481,0
44.5,24,34,5,-120.355,7,-162.547,0,0,10,1,12.3199,7.79931,0
44.5,33,11,1,-118.421,4,-126.375,4,4,20,0,-999,-999,0
44.5,33,11,1,-118.421,2,-131.108,0,0,20,0,-999,-999,0
44.5,33,11,1,-118.421,5,-139.392,5,5,10,1,11.6533,7.13273,0
44.5,33,11,1,-118.421,3,-141.018,0,0,20,0,-999,-999,0
44.5,33,11,1,-118.421,6,-145.608,1,1,10,1,11.9687,7.4481,0
44.5,33,11,1,-118.421,7,-145.751,0,0,10,1,12.3199,7.79931,0
44.5,41,24,4,-107.038,1,-109.071,4,4,20,0,-999,-999,0
44.5,41,24,4,-107.038,6,-126.38,1,1,10,1,11.9687,7.4481,0
44.5,41,24,4,-107.038,7,-137.959,0,0,10,1,12.3199,7.79931,0
44.5,41,24,4,-107.038,2,-140.596,0,0,20,0,-999,-999,0
44.5,41,24,4,-107.038,5,-145.13,5,5,10,1,11.6533,7.13273,0
44.5,41,24,4,-107.038,3,-145.254,0,0,20,0,-999,-999,0
44.5,45,18,5,-92.3975,1,-111.874,4,4,20,0,-999,-999,0
44.5,45,18,5,-92.3975,3,-141.821,0,0,20,0,-999,-999,0
44.5,45,18,5,-92.3975,6,-142.452,1,1,10,1,11.9687,7.4481,0
44.5,45,18,5,-92.3975,2,-143.085,0,0,20,0,-999,-999,0
44.5,45,18,5,-92.3975,4,-150.086,4,4,20,0,-999,-999,0
44.5,45,18,5,-92.3975,7,-163.058,0,0,10,1,12.3199,7.79931,0
44.5,46,26,4,-135.362,5,-135.144,5,5,10,1,11.6533,7.13273,0
44.5,46,26,4,-135.362,6,-146.629,1,1,10,1,11.9687,7.4481,0
44.5,46,26,4,-135.362,1,-155.044,4,4,20,0,-999,-999,0
44.5,46,26,4,-135.362,2,-161.636,0,0,20,0,-999,-999,0
44.5,46,26,4,-135.362,3,-166.981,0,0,20,0,-999,-999,0
44.5,46,26,4,-135.362,7,-167.949,0,0,10,1,12.3199,7.79931,0
44.5,47,9,1,-131.822,5,-105.286,5,5,10,1,11.6533,7.13273,0
44.5,47,9,1,-131.822,4,-105.978,4,4,20,0,-999,-999,0
44.5,47,9,1,-131.822,2,-136.877,0,0,20,0,-999,-999,0
44.5,47,9,1,-131.822,6,-136.919,1,1,10,1,11.9687,7.4481,0
44.5,47,9,1,-131.822,3,-139.013,0,0,20,0,-999,-999,0
44.5,47,9,1,-131.822,7,-158.108,0,0,10,1,12.3199,7.79931,0
44.5,59,26,5,-136.422,1,-110.665,4,4,20,0,-999,-999,0
44.5,59,26,5,-136.422,6,-114.684,1,1,10,1,11.9687,7.4481,0
44.5,59,26,5,-136.422,4,-148.252,4,4,20,0,-999,-999,0
44.5,59,26,5,-136.422,3,-158.88,0,0,20,0,-999,-999,0
44.5,59,26,5,-136.422,2,-164.057,0,0,20,0,-999,-999,0
44.5,59,26,5,-136.422,7,-172.514,0,0,10,1,12.3199,7.79931,0
44.5,86,24,6,-129.25,1,-117.584,4,4,20,0,-999,-999,0
44.5,86,24,6,-129.25,4,-132.704,4,4,20,0,-999,-999,0
44.5,86,24,6,-129.25,5,-141.973,5,5,10,1,11.6533,7.13273,0
44.5,86,24,6,-129.25,2,-150.991,0,0,20,0,-999,-999,0
44.5,86,24,6,-129.25,3,-157.634,0,0,20,0,-999,-999,0
44.5,86,24,6,-129.25,7,-163.24,0,0,10,1,12.3199,7.79931,0
44.5,90,8,4,-77.8263,6,-87.5397,1,1,10,1,11.9687,7.4481,0
44.5,90,8,4,-77.8263,1,-128.249,4,4,20,0,-999,-999,0
44.5,90,8,4,-77.8263,5,-131.423,5,5,10,1,11.6533,7.13273,0
44.5,90,8,4,-77.8263,7,-133.199,0,0,10,1,12.3199,7.79931,0
44.5,90,8,4,-77.8263,2,-134.966,0,0,20,0,-999,-999,0
44.5,90,8,4,-77.8263,3,-147.376,0,0,20,0,-999,-999,0
44.5,92,9,5,-130.253,6,-91.5999,1,1,10,1,11.9687,7.4481,0
44.5,92,9,5,-130.253,1,-124.01,4,4,20,0,-999,-999,0
44.5,92,9,5,-130.253,2,-134.191,0,0,20,0,-999,-999,0
44.5,92,9,5,-130.253,3,-137.625,0,0,20,0,-999,-999,0
44.5,92,9,5,-130.253,4,-143.241,4,4,20,0,-999,-999,0
44.5,92,9,5,-130.253,7,-154.224,0,0,10,1,12.3199,7.79931,0
44.5,97,8,1,-116.469,4,-94.7685,4,4,20,0,-999,-999,4
44.5,97,8,1,-116.469,2,-119.765,0,0,20,0,-999,-999,4
44.5,97,8,1,-116.469,3,-129.63,0,0,20,0,-999,-999,4
44.5,97,8,1,-116.469,5,-136.223,5,5,10,1,11.6533,7.13273,4
44.5,97,8,1,-116.469,6,-139.665,1,1,10,1,11.9687,7.4481,4
44.5,97,8,1,-116.469,7,-144.736,0,0,10,1,12.3199,7.79931,4
44.5,100,27,4,-98.7525,5,-99.5898,5,5,10,1,11.6533,7.13273,0
44.5,100,27,4,-98.7525,1,-103.761,4,4,20,0,-999,-999,0
44.5,100,27,4,-98.7525,6,-130.888,1,1,10,1,11.9687,7.4481,0
44.5,100,27,4,-98.7525,7,-139.736,0,0,10,1,12.3199,7.79931,0
44.5,100,27,4,-98.7525,2,-143.83,0,0,20,0,-999,-999,0
44.5,100,27,4,-98.7525,3,-150.669,0,0,20,0,-999,-999,0
46.5,23,10,1,-127.496,4,-112.464,5,5,20,0,-999,-999,0
46.5,23,10,1,-127.496,3,-118.32,0,0,20,0,-999,-999,0
46.5,23,10,1,-127.496,2,-130.205,0,0,20,0,-999,-999,0
46.5,23,10,1,-127.496,6,-138.824,1,1,10,1,11.6316,7.11103,0
46.5,23,10,1,-127.496,5,-141.4,5,5,10,1,12.3888,7.86815,0
46.5,23,10,1,-127.496,7,-152.98,0,0,10,1,13.6615,9.22471,0
46.5,24,34,5,-112.608,1,-145.565,3,3,20,0,-999,-999,0
46.5,24,34,5,-112.608,6,-147.346,1,1,10,1,11.6316,7.11103,0
46.5,24,34,5,-112.608,3,-149.984,0,0,20,0,-999,-999,0
46.5,24,34,5,-112.608,2,-154.272,0,0,20,0,-999,-999,0
46.5,24,34,5,-112.608,4,-158.753,5,5,20,0,-999,-999,0
46.5,24,34,5,-112.608,7,-163.711,0,0,10,1,13.6615,9.22471,0
46.5,33,11,1,-103.472,5,-114.121,5,5,10,1,12.3888,7.86815,0
46.5,33,11,1,-103.472,6,-122.587,1,1,10,1,11.6316,7.11103,0
46.5,33,11,1,-103.472,2,-128.865,0,0,20,0,-999,-999,0
46.5,33,11,1,-103.472,4,-130.503,5,5,20,0,-999,-999,0
46.5,33,11,1,-103.472,3,-134.809,0,0,20,0,-999,-999,0
46.5,33,11,1,-103.472,7,-141.723,0,0,10,1,13.6615,9.22471,0
46.5,41,24,4,-72.6666,1,-99.0759,3,3,20,0,-999,-999,0
46.5,41,24,4,-72.6666,5,-117.473,5,5,10,1,12.3888,7.86815,0
46.5,41,24,4,-72.6666,6,-120.496,1,1,10,1,11.6316,7.11103,0
46.5,41,24,4,-72.6666,2,-140.431,0,0,20,0,-999,-999,0
46.5,41,24,4,-72.6666,3,-141.57,0,0,20,0,-999,-999,0
46.5,41,24,4,-72.6666,7,-143.35,0,0,10,1,13.6615,9.22471,0
46.5,45,18,5,-78.9658,6,-123.477,1,1,10,1,11.6316,7.11103,0
46.5,45,18,5,-78.9658,1,-134.632,3,3,20,0,-999,-999,0
46.5,45,18,5,-78.9658,3,-143.752,0,0,20,0,-999,-999,0
46.5,45,18,5,-78.9658,2,-148.734,0,0,20,0,-999,-999,0
46.5,45,18,5,-78.9658,4,-154.759,5,5,20,0,-999,-999,0
46.5,45,18,5,-78.9658,7,-164.24,0,0,10,1,13.6615,9.22471,0
46.5,46,26,4,-130.922,5,-111.801,5,5,10,1,12.3888,7.86815,0
46.5,46,26,4,-130.922,6,-141.13,1,1,10,1,11.6316,7.11103,0
46.5,46,26,4,-130.922,1,-143.003,3,3,20,0,-999,-999,0
46.5,46,26,4,-130.922,2,-162.56,0,0,20,0,-999,-999,0
46.5,46,26,4,-130.922,7,-164.752,0,0,10,1,13.6615,9.22471,0
46.5,46,26,4,-130.922,3,-167.467,0,0,20,0,-999,-999,0
46.5,47,9,1,-129.704,4,-101.983,5,5,20,0,-999,-999,4
46.5,47,9,1,-129.704,5,-128.139,5,5,10,1,12.3888,7.86815,4
46.5,47,9,1,-129.704,2,-139.131,0,0,20,0,-999,-999,4
46.5,47,9,1,-129.704,3,-141.456,0,0,20,0,-999,-999,4
46.5,47,9,1,-129.704,6,-142.449,1,1,10,1,11.6316,7.11103,4
46.5,47,9,1,-129.704,7,-153.659,0,0,10,1,13.6615,9.22471,4
46.5,53,42,5,-100.913,6,-126.687,1,1,10,1,11.6316,7.11103,0
46.5,53,42,5,-100.913,1,-131.093,3,3,20,0,-999,-999,0
46.5,53,42,5,-100.913,4,-146.543,5,6,20,0,-999,-999,0
46.5,53,42,5,-100.913,2,-167.652,0,0,20,0,-999,-999,0
46.5,53,42,5,-100.913,3,-168.008,0,0,20,0,-999,-999,0
46.5,53,42,5,-100.913,7,-185.536,0,0,10,1,13.6615,9.22471,0
46.5,59,26,5,-134.198,4,-116.232,5,6,20,0,-999,-999,0
46.5,59,26,5,-134.198,1,-129.351,3,3,20,0,-999,-999,0
46.5,59,26,5,-134.198,6,-132.879,1,1,10,1,11.6316,7.11103,0
46.5,59,26,5,-134.198,3,-160.129,0,0,20,0,-999,-999,0
46.5,59,26,5,-134.198,2,-161.817,0,0,20,0,-999,-999,0
46.5,59,26,5,-134.198,7,-169.918,0,0,10,1,13.6615,9.22471,0
46.5,86,24,6,-112.881,1,-133.14,3,3,20,0,-999,-999,0
46.5,86,24,6,-112.881,4,-137.343,5,6,20,0,-999,-999,0
46.5,86,24,6,-112.881,5,-141.017,5,5,10,1,12.3888,7.86815,0
46.5,86,24,6,-112.881,2,-150.319,0,0,20,0,-999,-999,0
46.5,86,24,6,-112.881,3,-154.255,0,0,20,0,-999,-999,0
46.5,86,24,6,-112.881,7,-157.431,0,0,10,1,13.6615,9.22471,0
46.5,90,8,4,-110.219,6,-103.279,1,1,10,1,11.6316,7.11103,0
46.5,90,8,4,-110.219,5,-111.017,5,5,10,1,12.3888,7.86815,0
46.5,90,8,4,-110.219,7,-113.124,0,0,10,1,13.6615,9.22471,0
46.5,90,8,4,-110.219,1,-124.715,3,3,20,0,-999,-999,0
46.5,90,8,4,-110.219,2,-132.116,0,0,20,0,-999,-999,0
46.5,90,8,4,-110.219,3,-142.173,0,0,20,0,-999,-999,0
46.5,92,9,5,-128.86,4,-122.147,5,6,20,0,-999,-999,0
46.5,92,9,5,-128.86,1,-123.469,3,3,20,0,-999,-999,0
46.5,92,9,5,-128.86,2,-128.058,0,0,20,0,-999,-999,0
46.5,92,9,5,-128.86,6,-130.286,1,1,10,1,11.6316,7.11103,0
46.5,92,9,5,-128.86,3,-131.524,0,0,20,0,-999,-999,0
46.5,92,9,5,-128.86,7,-149.303,0,0,10,1,13.6615,9.22471,0
46.5,97,28,4,-97.6302,1,-86.6355,3,3,20,0,-999,-999,0
46.5,97,28,4,-97.6302,2,-113.393,0,0,20,0,-999,-999,0
46.5,97,28,4,-97.6302,3,-132.936,0,0,20,0,-999,-999,0
46.5,97,28,4,-97.6302,7,-144.535,0,0,10,1,13.6615,9.22471,0
46.5,97,28,4,-97.6302,5,-146.387,5,5,10,1,12.3888,7.86815,0
46.5,97,28,4,-97.6302,6,-148.374,1,1,10,1,11.6316,7.11103,0
46.5,100,27,4,-105.472,6,-114.735,1,1,10,1,11.6316,7.11103,0
46.5,100,27,4,-105.472,1,-120.955,3,3,20,0,-999,-999,0
46.5,100,27,4,-105.472,5,-138.054,5,5,10,1,12.3888,7.86815,0
46.5,100,27,4,-105.472,2,-139.696,0,0,20,0,-999,-999,0
46.5,100,27,4,-105.472,7,-142.817,0,0,10,1,13.6615,9.22471,0
46.5,100,27,4,-105.472,3,-152.058,0,0,20,0,-999,-999,0
48.5,23,10,1,-132.131,3,-118.834,0,0,20,0,-999,-999,0
48.5,23,10,1,-132.131,2,-128.757,0,0,20,0,-999,-999,0
48.5,23,10,1,-132.131,6,-133.177,1,1,10,1,13.5878,9.06715,0
48.5,23,10,1,-132.131,4,-137.458,6,6,20,0,-999,-999,0
48.5,23,10,1,-132.131,5,-138.009,5,5,10,1,10.772,6.25137,0
48.5,23,10,1,-132.131,7,-153.767,0,0,10,1,14.6446,10.124,0
48.5,24,34,5,-99.6088,3,-143.76,0,0,20,0,-999,-999,0
48.5,24,34,5,-99.6088,1,-146.097,2,2,20,0,-999,-999,0
48.5,24,34,5,-99.6088,2,-150.882,0,0,20,0,-999,-999,0
48.5,24,34,5,-99.6088,6,-154.732,1,1,10,1,13.5878,9.06715,0
48.5,24,34,5,-99.6088,7,-164.223,0,0,10,1,14.6446,10.124,0
48.5,24,34,5,-99.6088,4,-165.002,6,6,20,0,-999,-999,0
48.5,33,11,1,-124.979,4,-108,6,6,20,0,-999,-999,0
48.5,33,11,1,-124.979,5,-114.351,5,5,10,1,10.772,6.25137,0
48.5,33,11,1,-124.979,2,-134.221,0,0,20,0,-999,-999,0
48.5,33,11,1,-124.979,3,-137.794,0,0,20,0,-999,-999,0
48.5,33,11,1,-124.979,6,-145.661,1,1,10,1,13.5878,9.06715,0
48.5,33,11,1,-124.979,7,-149.074,0,0,10,1,14.6446,10.124,0
48.5,41,24,4,-81.4877,6,-123.5,1,1,10,1,13.5878,9.06715,0
48.5,41,24,4,-81.4877,7,-135.994,0,0,10,1,14.6446,10.124,0
48.5,41,24,4,-81.4877,1,-140.194,2,2,20,0,-999,-999,0
48.5,41,24,4,-81.4877,5,-141.727,5,5,10,1,10.772,6.25137,0
48.5,41,24,4,-81.4877,3,-142.44,0,0,20,0,-999,-999,0
48.5,41,24,4,-81.4877,2,-143.091,0,0,20,0,-999,-999,0
48.5,45,18,5,-119.006,1,-133.731,2,2,20,0,-999,-999,0
48.5,45,18,5,-119.006,3,-136.743,0,0,20,0,-999,-999,0
48.5,45,18,5,-119.006,6,-143.244,1,1,10,1,13.5878,9.06715,0
48.5,45,18,5,-119.006,2,-144.563,0,0,20,0,-999,-999,0
48.5,45,18,5,-119.006,4,-152.995,6,6,20,0,-999,-999,0
48.5,45,18,5,-119.006,7,-164.531,0,0,10,1,14.6446,10.124,0
48.5,46,26,4,-135.246,1,-123.967,2,2,20,0,-999,-999,0
48.5,46,26,4,-135.246,6,-137.991,1,1,10,1,13.5878,9.06715,0
48.5,46,26,4,-135.246,5,-156.269,5,5,10,1,10.772,6.25137,0
48.5,46,26,4,-135.246,2,-164.242,0,0,20,0,-999,-999,0
48.5,46,26,4,-135.246,7,-167.283,0,0,10,1,14.6446,10.124,0
48.5,46,26,4,-135.246,3,-168.394,0,0,20,0,-999,-999,0
48.5,47,29,4,-138.824,1,-120.349,2,2,20,0,-999,-999,0
48.5,47,29,4,-138.824,5,-125.892,5,5,10,1,10.772,6.25137,0
48.5,47,29,4,-138.824,7,-130.834,0,0,10,1,14.6446,10.124,0
48.5,47,29,4,-138.824,2,-133.295,0,0,20,0,-999,-999,0
48.5,47,29,4,-138.824,6,-133.988,1,1,10,1,13.5878,9.06715,0
48.5,47,29,4,-138.824,3,-137.008,0,0,20,0,-999,-999,0
48.5,53,42,5,-123.993,1,-129.21,2,2,20,0,-999,-999,0
48.5,53,42,5,-123.993,4,-145.811,6,6,20,0,-999,-999,0
48.5,53,42,5,-123.993,6,-158.537,1,1,10,1,13.5878,9.06715,0
48.5,53,42,5,-123.993,3,-161.469,0,0,20,0,-999,-999,0
48.5,53,42,5,-123.993,2,-165.864,0,0,20,0,-999,-999,0
48.5,53,42,5,-123.993,7,-179.098,0,0,10,1,14.6446,10.124,0
48.5,59,26,5,-137.596,1,-117.378,2,2,20,0,-999,-999,0
48.5,59,26,5,-137.596,7,-132.363,0,0,10,1,14.6446,10.124,0
48.5,59,26,5,-137.596,4,-143.242,6,6,20,0,-999,-999,0
48.5,59,26,5,-137.596,6,-145.012,1,1,10,1,13.5878,9.06715,0
48.5,59,26,5,-137.596,3,-161.314,0,0,20,0,-999,-999,0
48.5,59,26,5,-137.596,2,-162.713,0,0,20,0,-999,-999,0
48.5,86,24,6,-130.866,4,-123.939,6,6,20,0,-999,-999,0
48.5,86,24,6,-130.866,5,-124.689,5,5,10,1,10.772,6.25137,0
48.5,86,24,6,-130.866,1,-134.497,2,2,20,0,-999,-999,0
48.5,86,24,6,-130.866,2,-151.317,0,0,20,0,-999,-999,0
48.5,86,24,6,-130.866,3,-153.938,0,0,20,0,-999,-999,0
48.5,86,24,6,-130.866,7,-157.415,0,0,10,1,14.6446,10.124,0
48.5,90,8,4,-110.127,6,-87.9727,1,1,10,1,13.5878,9.06715,6
48.5,90,8,4,-110.127,1,-119.146,2,2,20,0,-999,-999,6
48.5,90,8,4,-110.127,2,-130.994,0,0,20,0,-999,-999,6
48.5,90,8,4,-110.127,7,-135.234,0,0,10,1,14.6446,10.124,6
48.5,90,8,4,-110.127,3,-137.636,0,0,20,0,-999,-999,6
48.5,90,8,4,-110.127,5,-142.504,5,5,10,1,10.772,6.25137,6
48.5,92,9,5,-91.1514,6,-92.5029,1,2,10,1,13.5878,9.06715,0
48.5,92,9,5,-91.1514,1,-107.684,2,2,20,0,-999,-999,0
48.5,92,9,5,-91.1514,2,-126.869,0,0,20,0,-999,-999,0
48.5,92,9,5,-91.1514,4,-128.18,6,6,20,0,-999,-999,0
48.5,92,9,5,-91.1514,3,-134.124,0,0,20,0,-999,-999,0
48.5,92,9,5,-91.1514,7,-152.911,0,0,10,1,14.6446,10.124,0
48.5,97,28,4,-103.425,1,-99.9172,2,2,20,0,-999,-999,1
48.5,97,28,4,-103.425,2,-118.201,0,0,20,0,-999,-999,1
48.5,97,28,4,-103.425,3,-132.918,0,0,20,0,-999,-999,1
48.5,97,28,4,-103.425,5,-139.497,5,5,10,1,10.772,6.25137,1
48.5,97,28,4,-103.425,6,-144.19,1,2,10,1,13.5878,9.06715,1
48.5,97,28,4,-103.425,7,-144.733,0,0,10,1,14.6446,10.124,1
48.5,100,27,4,-80.3907,1,-109.685,2,3,20,0,-999,-999,0
48.5,100,27,4,-80.3907,6,-127.616,1,2,10,1,13.5878,9.06715,0
48.5,100,27,4,-80.3907,2,-133.082,0,0,20,0,-999,-999,0
48.5,100,27,4,-80.3907,5,-136.385,5,5,10,1,10.772,6.25137,0
48.5,100,27,4,-80.3907,3,-142.923,0,0,20,0,-999,-999,0
48.5,100,27,4,-80.3907,7,-145.115,0,0,10,1,14.6446,10.124,0
50.5,23,10,1,-127.074,3,-118.735,0,0,20,0,-999,-999,0
50.5,23,10,1,-127.074,2,-126.05,0,0,20,0,-999,-999,0
50.5,23,10,1,-127.074,6,-141.547,2,2,10,1,11.7557,7.23514,0
50.5,23,10,1,-127.074,5,-141.713,5,5,10,1,5.93928,1.41868,0
50.5,23,10,1,-127.074,4,-147.276,4,4,20,0,-999,-999,0
50.5,23,10,1,-127.074,7,-147.541,0,0,10,1,13.0943,8.57371,0
50.5,24,34,5,-66.8725,1,-121.203,3,3,20,0,-999,-999,0
50.5,24,34,5,-66.8725,4,-136.591,4,4,20,0,-999,-999,0
50.5,24,34,5,-66.8725,3,-146.394,0,0,20,0,-999,-999,0
50.5,24,34,5,-66.8725,2,-149.746,0,0,20,0,-999,-999,0
50.5,24,34,5,-66.8725,6,-154.132,2,2,10,1,11.7557,7.23514,0
50.5,24,34,5,-66.8725,7,-166.524,0,0,10,1,13.0943,8.57371,0
50.5,33,11,1,-96.4307,2,-120.082,0,0,20,0,-999,-999,0
50.5,33,11,1,-96.4307,4,-125.746,4,4,20,0,-999,-999,0
50.5,33,11,1,-96.4307,6,-134.585,2,2,10,1,11.7557,7.23514,0
50.5,33,11,1,-96.4307,3,-141.566,0,0,20,0,-999,-999,0
50.5,33,11,1,-96.4307,5,-147.151,5,5,10,1,5.93928,1.41868,0
50.5,33,11,1,-96.4307,7,-147.589,0,0,10,1,13.0943,8.57371,0
50.5,41,24,4,-66.4578,6,-122.895,2,2,10,1,11.7557,7.23514,0
50.5,41,24,4,-66.4578,1,-133.092,3,3,20,0,-999,-999,0
50.5,41,24,4,-66.4578,7,-142.331,0,0,10,1,13.0943,8.57371,0
50.5,41,24,4,-66.4578,5,-142.921,5,5,10,1,5.93928,1.41868,0
50.5,41,24,4,-66.4578,2,-143.211,0,0,20,0,-999,-999,0
50.5,41,24,4,-66.4578,3,-150.05,0,0,20,0,-999,-999,0
50.5,45,18,5,-115.335,1,-117.825,3,3,20,0,-999,-999,0
50.5,45,18,5,-115.335,3,-138.508,0,0,20,0,-999,-999,0
50.5,45,18,5,-115.335,6,-143.074,2,2,10,1,11.7557,7.23514,0
50.5,45,18,5,-115.335,2,-146.482,0,0,20,0,-999,-999,0
50.5,45,18,5,-115.335,4,-155.562,4,4,20,0,-999,-999,0
50.5,45,18,5,-115.335,7,-167.972,0,0,10,1,13.0943,8.57371,0
50.5,46,26,4,-132.705,6,-136.12,2,2,10,1,11.7557,7.23514,0
50.5,46,26,4,-132.705,5,-148.566,5,5,10,1,5.93928,1.41868,0
50.5,46,26,4,-132.705,1,-151.048,3,3,20,0,-999,-999,0
50.5,46,26,4,-132.705,2,-160.597,0,0,20,0,-999,-999,0
50.5,46,26,4,-132.705,3,-164.973,0,0,20,0,-999,-999,0
50.5,46,26,4,-132.705,7,-168.127,0,0,10,1,13.0943,8.57371,0
50.5,47,29,4,-102.752,5,-124.511,5,5,10,1,5.93928,1.41868,0
50.5,47,29,4,-102.752,1,-134.193,3,3,20,0,-999,-999,0
50.5,47,29,4,-102.752,3,-137.355,0,0,20,0,-999,-999,0
50.5,47,29,4,-102.752,2,-138.875,0,0,20,0,-999,-999,0
50.5,47,29,4,-102.752,6,-140.486,2,2,10,1,11.7557,7.23514,0
50.5,47,29,4,-102.752,7,-157.646,0,0,10,1,13.0943,8.57371,0
50.5,53,42,5,-101.055,6,-145.851,2,2,10,1,11.7557,7.23514,0
50.5,53,42,5,-101.055,1,-147.421,3,3,20,0,-999,-999,0
50.5,53,42,5,-101.055,4,-150.271,4,4,20,0,-999,-999,0
50.5,53,42,5,-101.055,3,-159.089,0,0,20,0,-999,-999,0
50.5,53,42,5,-101.055,2,-162.155,0,0,20,0,-999,-999,0
50.5,53,42,5,-101.055,7,-169.617,0,0,10,1,13.0943,8.57371,0
50.5,59,26,5,-138.755,4,-109.293,4,4,20,0,-999,-999,0
50.5,59,26,5,-138.755,1,-140.493,3,3,20,0,-999,-999,0
50.5,59,26,5,-138.755,6,-153.56,2,2,10,1,11.7557,7.23514,0
50.5,59,26,5,-138.755,3,-159.372,0,0,20,0,-999,-999,0
50.5,59,26,5,-138.755,2,-160.532,0,0,20,0,-999,-999,0
50.5,59,26,5,-138.755,7,-170.402,0,0,10,1,13.0943,8.57371,0
50.5,86,24,6,-132.719,5,-121.162,5,5,10,1,5.93928,1.41868,0
50.5,86,24,6,-132.719,4,-134.129,4,4,20,0,-999,-999,0
50.5,86,24,6,-132.719,1,-140.908,3,3,20,0,-999,-999,0
50.5,86,24,6,-132.719,2,-153.721,0,0,20,0,-999,-999,0
50.5,86,24,6,-132.719,3,-158.525,0,0,20,0,-999,-999,0
50.5,86,24,6,-132.719,7,-159.787,0,0,10,1,13.0943,8.57371,0
50.5,90,25,6,-123.561,4,-113.498,4,4,20,0,-999,-999,0
50.5,90,25,6,-123.561,5,-121.475,5,5,10,1,5.93928,1.41868,0
50.5,90,25,6,-123.561,1,-127.064,3,3,20,0,-999,-999,0
50.5,90,25,6,-123.561,7,-128.157,0,0,10,1,13.0943,8.57371,0
50.5,90,25,6,-123.561,2,-132.981,0,0,20,0,-999,-999,0
50.5,90,25,6,-123.561,3,-138.998,0,0,20,0,-999,-999,0
50.5,92,9,5,-128.035,4,-119.931,4,4,20,0,-999,-999,0
50.5,92,9,5,-128.035,1,-123.155,3,3,20,0,-999,-999,0
50.5,92,9,5,-128.035,6,-128.761,2,2,10,1,11.7557,7.23514,0
50.5,92,9,5,-128.035,2,-131.435,0,0,20,0,-999,-999,0
50.5,92,9,5,-128.035,3,-132.744,0,0,20,0,-999,-999,0
50.5,92,9,5,-128.035,7,-154.234,0,0,10,1,13.0943,8.57371,0
50.5,97,12,1,-83.5116,2,-114.967,0,0,20,0,-999,-999,0
50.5,97,12,1,-83.5116,4,-124.628,4,4,20,0,-999,-999,0
50.5,97,12,1,-83.5116,3,-128.825,0,0,20,0,-999,-999,0
50.5,97,12,1,-83.5116,5,-135.317,5,5,10,1,5.93928,1.41868,0
50.5,97,12,1,-83.5116,6,-138.701,2,2,10,1,11.7557,7.23514,0
50.5,97,12,1,-83.5116,7,-143.099,0,0,10,1,13.0943,8.57371,0
50.5,100,27,4,-100.603,1,-117.19,3,3,20,0,-999,-999,0
50.5,100,27,4,-100.603,6,-132.642,2,2,10,1,11.7557,7.23514,0
50.5,100,27,4,-100.603,7,-140.363,0,0,10,1,13.0943,8.57371,0
50.5,100,27,4,-100.603,5,-140.455,5,5,10,1,5.93928,1.41868,0
50.5,100,27,4,-100.603,2,-143.635,0,0,20,0,-999,-999,0
50.5,100,27,4,-100.603,3,-146.939,0,0,20,0,-999,-999,0
52.5,23,10,1,-125.773,3,-121.351,0,0,20,0,-999,-999,0
52.5,23,10,1,-125.773,6,-125.45,2,2,10,1,11.8236,7.30304,0
52.5,23,10,1,-125.773,2,-127.909,0,0,20,0,-999,-999,0
52.5,23,10,1,-125.773,5,-137.8,6,6,10,1,9.82368,5.30308,0
52.5,23,10,1,-125.773,4,-143.926,4,4,20,0,-999,-999,0
52.5,23,10,1,-125.773,7,-150.54,0,0,10,1,13.7742,9.25364,0
52.5,24,34,5,-60.6502,1,-134.854,3,3,20,0,-999,-999,0
52.5,24,34,5,-60.6502,3,-147.558,0,0,20,0,-999,-999,0
52.5,24,34,5,-60.6502,2,-150.377,0,0,20,0,-999,-999,0
52.5,24,34,5,-60.6502,6,-152.896,2,2,10,1,11.8236,7.30304,0
52.5,24,34,5,-60.6502,4,-157.864,4,4,20,0,-999,-999,0
52.5,24,34,5,-60.6502,7,-163.458,0,0,10,1,13.7742,9.25364,0
52.5,33,11,1,-117.585,4,-124.011,4,4,20,0,-999,-999,0
52.5,33,11,1,-117.585,6,-129.994,2,2,10,1,11.8236,7.30304,0
52.5,33,11,1,-117.585,2,-134.874,0,0,20,0,-999,-999,0
52.5,33,11,1,-117.585,5,-139.217,6,6,10,1,9.82368,5.30308,0
52.5,33,11,1,-117.585,3,-139.326,0,0,20,0,-999,-999,0
52.5,33,11,1,-117.585,7,-145.176,0,0,10,1,13.7742,9.25364,0
52.5,41,24,4,-105.73,6,-88.5332,2,2,10,1,11.8236,7.30304,0
52.5,41,24,4,-105.73,1,-131.67,3,3,20,0,-999,-999,0
52.5,41,24,4,-105.73,2,-135.421,0,0,20,0,-999,-999,0
52.5,41,24,4,-105.73,7,-143.18,0,0,10,1,13.7742,9.25364,0
52.5,41,24,4,-105.73,3,-143.978,0,0,20,0,-999,-999,0
52.5,41,24,4,-105.73,5,-148.406,6,6,10,1,9.82368,5.30308,0
52.5,45,18,5,-115.766,1,-128.598,3,3,20,0,-999,-999,0
52.5,45,18,5,-115.766,6,-137.72,2,2,10,1,11.8236,7.30304,0
52.5,45,18,5,-115.766,3,-142.407,0,0,20,0,-999,-999,0
52.5,45,18,5,-115.766,2,-144.651,0,0,20,0,-999,-999,0
52.5,45,18,5,-115.766,4,-144.915,4,4,20,0,-999,-999,0
52.5,45,18,5,-115.766,7,-166.451,0,0,10,1,13.7742,9.25364,0
52.5,46,26,4,-124.894,6,-126.341,2,2,10,1,11.8236,7.30304,0
52.5,46,26,4,-124.894,1,-134.833,3,3,20,0,-999,-999,0
52.5,46,26,4,-124.894,5,-145.203,6,6,10,1,9.82368,5.30308,0
52.5,46,26,4,-124.894,2,-162.224,0,0,20,0,-999,-999,0
52.5,46,26,4,-124.894,3,-166.212,0,0,20,0,-999,-999,0
52.5,46,26,4,-124.894,7,-167.733,0,0,10,1,13.7742,9.25364,0
52.5,47,29,4,-138.135,6,-95.3963,2,2,10,1,11.8236,7.30304,0
52.5,47,29,4,-138.135,1,-132.285,3,3,20,0,-999,-999,0
52.5,47,29,4,-138.135,3,-133.007,0,0,20,0,-999,-999,0
52.5,47,29,4,-138.135,2,-136.143,0,0,20,0,-999,-999,0
52.5,47,29,4,-138.135,5,-137.08,6,6,10,1,9.82368,5.30308,0
52.5,47,29,4,-138.135,7,-158.502,0,0,10,1,13.7742,9.25364,0
52.5,53,42,5,-133.433,6,-122.991,2,2,10,1,11.8236,7.30304,0
52.5,53,42,5,-133.433,4,-125.83,4,4,20,0,-999,-999,0
52.5,53,42,5,-133.433,1,-144.134,3,3,20,0,-999,-999,0
52.5,53,42,5,-133.433,2,-165.201,0,0,20,0,-999,-999,0
52.5,53,42,5,-133.433,3,-167.07,0,0,20,0,-999,-999,0
52.5,53,42,5,-133.433,7,-176.709,0,0,10,1,13.7742,9.25364,0
52.5,59,26,5,-142.012,1,-130.824,3,3,20,0,-999,-999,0
52.5,59,26,5,-142.012,4,-133.176,4,4,20,0,-999,-999,0
52.5,59,26,5,-142.012,6,-152.191,2,2,10,1,11.8236,7.30304,0
52.5,59,26,5,-142.012,2,-160.263,0,0,20,0,-999,-999,0
52.5,59,26,5,-142.012,3,-161.163,0,0,20,0,-999,-999,0
52.5,59,26,5,-142.012,7,-173.316,0,0,10,1,13.7742,9.25364,0
52.5,86,24,6,-126.978,4,-134.606,4,4,20,0,-999,-999,0
52.5,86,24,6,-126.978,1,-141.564,3,3,20,0,-999,-999,0
52.5,86,24,6,-126.978,5,-144.56,6,6,10,1,9.82368,5.30308,0
52.5,86,24,6,-126.978,2,-149.63,0,0,20,0,-999,-999,0
52.5,86,24,6,-126.978,3,-156.95,0,0,20,0,-999,-999,0
52.5,86,24,6,-126.978,7,-161.16,0,0,10,1,13.7742,9.25364,0
52.5,90,25,6,-125.528,4,-81.6435,4,4,20,0,-999,-999,0
52.5,90,25,6,-125.528,1,-120.469,3,3,20,0,-999,-999,0
52.5,90,25,6,-125.528,2,-131.451,0,0,20,0,-999,-999,0
52.5,90,25,6,-125.528,7,-133.392,0,0,10,1,13.7742,9.25364,0
52.5,90,25,6,-125.528,3,-138.4,0,0,20,0,-999,-999,0
52.5,90,25,6,-125.528,5,-144.371,6,6,10,1,9.82368,5.30308,0
52.5,92,9,5,-129.65,1,-121.991,3,3,20,0,-999,-999,0
52.5,92,9,5,-129.65,4,-122.325,4,4,20,0,-999,-999,0
52.5,92,9,5,-129.65,2,-130.58,0,0,20,0,-999,-999,0
52.5,92,9,5,-129.65,3,-135.685,0,0,20,0,-999,-999,0
52.5,92,9,5,-129.65,6,-140.05,2,2,10,1,11.8236,7.30304,0
52.5,92,9,5,-129.65,7,-151.119,0,0,10,1,13.7742,9.25364,0
52.5,97,12,1,-119.933,2,-113.028,0,0,20,0,-999,-999,0
52.5,97,12,1,-119.933,4,-116.835,4,4,20,0,-999,-999,0
52.5,97,12,1,-119.933,6,-120.809,2,2,10,1,11.8236,7.30304,0
52.5,97,12,1,-119.933,3,-131.537,0,0,20,0,-999,-999,0
52.5,97,12,1,-119.933,5,-140.905,6,6,10,1,9.82368,5.30308,0
52.5,97,12,1,-119.933,7,-147.838,0,0,10,1,13.7742,9.25364,0
52.5,100,27,4,-85.3655,6,-108.926,2,2,10,1,11.8236,7.30304,0
52.5,100,27,4,-85.3655,1,-133.21,3,3,20,0,-999,-999,0
52.5,100,27,4,-85.3655,2,-135.242,0,0,20,0,-999,-999,0
52.5,100,27,4,-85.3655,7,-139.188,0,0,10,1,13.7742,9.25364,0
52.5,100,27,4,-85.3655,5,-144.169,6,6,10,1,9.82368,5.30308,0
52.5,100,27,4,-85.3655,3,-146.646,0,0,20,0,-999,-999,0
54.5,19,50,5,-152.999,4,-151.66,4,4,20,0,-999,-999,0
54.5,19,50,5,-152.999,1,-152.036,3,3,20,0,-999,-999,0
54.5,19,50,5,-152.999,6,-159.835,2,2,10,1,11.9328,7.41224,0
54.5,19,50,5,-152.999,2,-168.27,0,0,20,0,-999,-999,0
54.5,19,50,5,-152.999,3,-170.135,0,0,20,0,-999,-999,0
54.5,19,50,5,-152.999,7,-179.337,0,0,10,1,12.639,8.11839,0
54.5,23,10,1,-100.569,6,-113.693,2,2,10,1,11.9328,7.41224,0
54.5,23,10,1,-100.569,3,-115.051,0,0,20,0,-999,-999,0
54.5,23,10,1,-100.569,2,-124.245,0,0,20,0,-999,-999,0
54.5,23,10,1,-100.569,4,-134.255,4,4,20,0,-999,-999,0
54.5,23,10,1,-100.569,5,-144.932,6,6,10,1,13.6031,9.08253,0
54.5,23,10,1,-100.569,7,-148.827,0,0,10,1,12.639,8.11839,0
54.5,24,34,5,-65.8002,1,-134.565,3,3,20,0,-999,-999,0
54.5,24,34,5,-65.8002,3,-146.873,0,0,20,0,-999,-999,0
54.5,24,34,5,-65.8002,2,-150.188,0,0,20,0,-999,-999,0
54.5,24,34,5,-65.8002,6,-151.437,2,2,10,1,11.9328,7.41224,0
54.5,24,34,5,-65.8002,4,-162.071,4,4,20,0,-999,-999,0
54.5,24,34,5,-65.8002,7,-164.602,0,0,10,1,12.639,8.11839,0
54.5,33,11,1,-121.496,4,-122.296,4,4,20,0,-999,-999,0
54.5,33,11,1,-121.496,2,-134.623,0,0,20,0,-999,-999,0
54.5,33,11,1,-121.496,6,-142.068,2,2,10,1,11.9328,7.41224,0
54.5,33,11,1,-121.496,3,-142.265,0,0,20,0,-999,-999,0
54.5,33,11,1,-121.496,7,-146.977,0,0,10,1,12.639,8.11839,0
54.5,33,11,1,-121.496,5,-151.262,6,6,10,1,13.6031,9.08253,0
54.5,41,24,4,-100.332,6,-122.45,2,2,10,1,11.9328,7.41224,0
54.5,41,24,4,-100.332,1,-131.664,3,3,20,0,-999,-999,0
54.5,41,24,4,-100.332,2,-141.418,0,0,20,0,-999,-999,0
54.5,41,24,4,-100.332,7,-141.697,0,0,10,1,12.639,8.11839,0
54.5,41,24,4,-100.332,5,-141.712,6,6,10,1,13.6031,9.08253,0
54.5,41,24,4,-100.332,3,-148.821,0,0,20,0,-999,-999,0
54.5,45,18,5,-122.039,1,-134.682,3,3,20,0,-999,-999,0
54.5,45,18,5,-122.039,3,-135.383,0,0,20,0,-999,-999,0
54.5,45,18,5,-122.039,6,-138.162,2,2,10,1,11.9328,7.41224,0
54.5,45,18,5,-122.039,4,-142.825,4,4,20,0,-999,-999,0
54.5,45,18,5,-122.039,2,-144.815,0,0,20,0,-999,-999,0
54.5,45,18,5,-122.039,7,-164.78,0,0,10,1,12.639,8.11839,0
54.5,46,26,4,-120.343,6,-141.113,2,2,10,1,11.9328,7.41224,0
54.5,46,26,4,-120.343,1,-147.356,3,3,20,0,-999,-999,0
54.5,46,26,4,-120.343,5,-152.066,6,6,10,1,13.6031,9.08253,0
54.5,46,26,4,-120.343,3,-163.623,0,0,20,0,-999,-999,0
54.5,46,26,4,-120.343,2,-168.015,0,0,20,0,-999,-999,0
54.5,46,26,4,-120.343,7,-172.983,0,0,10,1,12.639,8.11839,0
54.5,47,29,4,-137.448,6,-104.069,2,2,10,1,11.9328,7.41224,0
54.5,47,29,4,-137.448,1,-127.335,3,3,20,0,-999,-999,0
54.5,47,29,4,-137.448,5,-129.831,6,6,10,1,13.6031,9.08253,0
54.5,47,29,4,-137.448,3,-135.617,0,0,20,0,-999,-999,0
54.5,47,29,4,-137.448,2,-138.699,0,0,20,0,-999,-999,0
54.5,47,29,4,-137.448,7,-154.046,0,0,10,1,12.639,8.11839,0
54.5,53,42,5,-135.145,6,-137.028,2,2,10,1,11.9328,7.41224,0
54.5,53,42,5,-135.145,1,-149.572,3,3,20,0,-999,-999,0
54.5,53,42,5,-135.145,4,-149.711,4,4,20,0,-999,-999,0
54.5,53,42,5,-135.145,3,-166.164,0,0,20,0,-999,-999,0
54.5,53,42,5,-135.145,2,-167.573,0,0,20,0,-999,-999,0
54.5,53,42,5,-135.145,7,-171.619,0,0,10,1,12.639,8.11839,0
54.5,59,26,5,-99.8373,4,-120.699,4,4,20,0,-999,-999,0
54.5,59,26,5,-99.8373,6,-140.303,2,2,10,1,11.9328,7.41224,0
54.5,59,26,5,-99.8373,1,-145.107,3,3,20,0,-999,-999,0
54.5,59,26,5,-99.8373,2,-158.556,0,0,20,0,-999,-999,0
54.5,59,26,5,-99.8373,3,-164.515,0,0,20,0,-999,-999,0
54.5,59,26,5,-99.8373,7,-170.443,0,0,10,1,12.639,8.11839,0
54.5,86,24,6,-129.611,4,-135.633,4,4,20,0,-999,-999,0
54.5,86,24,6,-129.611,5,-142.786,6,6,10,1,13.6031,9.08253,0
54.5,86,24,6,-129.611,1,-144.726,3,3,20,0,-999,-999,0
54.5,86,24,6,-129.611,2,-149.495,0,0,20,0,-999,-999,0
54.5,86,24,6,-129.611,3,-154.373,0,0,20,0,-999,-999,0
54.5,86,24,6,-129.611,7,-157.586,0,0,10,1,12.639,8.11839,0
54.5,90,25,6,-95.1862,4,-108.955,4,4,20,0,-999,-999,0
54.5,90,25,6,-95.1862,7,-128.665,0,0,10,1,12.639,8.11839,0
54.5,90,25,6,-95.1862,2,-128.852,0,0,20,0,-999,-999,0
54.5,90,25,6,-95.1862,1,-134.07,3,3,20,0,-999,-999,0
54.5,90,25,6,-95.1862,3,-140.053,0,0,20,0,-999,-999,0
54.5,90,25,6,-95.1862,5,-145.073,6,6,10,1,13.6031,9.08253,0
54.5,92,9,5,-95.6455,1,-118.754,3,3,20,0,-999,-999,0
54.5,92,9,5,-95.6455,6,-124.329,2,2,10,1,11.9328,7.41224,0
54.5,92,9,5,-95.6455,2,-130.191,0,0,20,0,-999,-999,0
54.5,92,9,5,-95.6455,3,-137.706,0,0,20,0,-999,-999,0
54.5,92,9,5,-95.6455,4,-148.451,4,4,20,0,-999,-999,0
54.5,92,9,5,-95.6455,7,-151.012,0,0,10,1,12.639,8.11839,0
54.5,97,12,1,-122.206,4,-116.023,4,4,20,0,-999,-999,0
54.5,97,12,1,-122.206,2,-116.827,0,0,20,0,-999,-999,0
54.5,97,12,1,-122.206,5,-132.405,6,6,10,1,13.6031,9.08253,0
54.5,97,12,1,-122.206,3,-132.659,0,0,20,0,-999,-999,0
54.5,97,12,1,-122.206,6,-147.797,2,2,10,1,11.9328,7.41224,0
54.5,97,12,1,-122.206,7,-147.819,0,0,10,1,12.639,8.11839,0
54.5,100,27,4,-90.0992,6,-98.1034,2,2,10,1,11.9328,7.41224,0
54.5,100,27,4,-90.0992,1,-131.506,3,3,20,0,-999,-999,0
54.5,100,27,4,-90.0992,7,-140.371,0,0,10,1,12.639,8.11839,0
54.5,100,27,4,-90.0992,5,-142.914,6,6,10,1,13.6031,9.08253,0
54.5,100,27,4,-90.0992,2,-144.031,0,0,20,0,-999,-999,0
54.5,100,27,4,-90.0992,3,-145.881,0,0,20,0,-999,-999,0
56.5,19,50,5,-145.976,1,-126.89,3,3,20,0,-999,-999,0
56.5,19,50,5,-145.976,4,-156.029,4,4,20,0,-999,-999,0
56.5,19,50,5,-145.976,2,-165.344,0,0,20,0,-999,-999,0
56.5,19,50,5,-145.976,6,-165.834,2,2,10,1,10.962,6.44139,0
56.5,19,50,5,-145.976,3,-166.574,0,0,20,0,-999,-999,0
56.5,19,50,5,-145.976,7,-179.632,0,0,10,1,12.5898,8.0692,0
56.5,23,10,1,-113.398,5,-104.563,8,8,10,1,11.4249,6.90428,0
56.5,23,10,1,-113.398,4,-106.78,4,4,20,0,-999,-999,0
56.5,23,10,1,-113.398,6,-108.966,2,2,10,1,10.962,6.44139,0
56.5,23,10,1,-113.398,3,-115.566,0,0,20,0,-999,-999,0
56.5,23,10,1,-113.398,2,-124.212,0,0,20,0,-999,-999,0
56.5,23,10,1,-113.398,7,-153.66,0,0,10,1,12.5898,8.0692,0
56.5,24,34,5,-76.8374,1,-118.728,3,3,20,0,-999,-999,0
56.5,24,34,5,-76.8374,3,-148.08,0,0,20,0,-999,-999,0
56.5,24,34,5,-76.8374,2,-149.792,0,0,20,0,-999,-999,0
56.5,24,34,5,-76.8374,6,-152.989,2,2,10,1,10.962,6.44139,0
56.5,24,34,5,-76.8374,4,-159.961,4,4,20,0,-999,-999,0
56.5,24,34,5,-76.8374,7,-167.222,0,0,10,1,12.5898,8.0692,0
56.5,33,11,1,-101.96,4,-124.915,4,4,20,0,-999,-999,0
56.5,33,11,1,-101.96,2,-130.281,0,0,20,0,-999,-999,0
56.5,33,11,1,-101.96,5,-139.387,8,8,10,1,11.4249,6.90428,0
56.5,33,11,1,-101.96,6,-139.482,2,2,10,1,10.962,6.44139,0
56.5,33,11,1,-101.96,3,-139.866,0,0,20,0,-999,-999,0
56.5,33,11,1,-101.96,7,-153.246,0,0,10,1,12.5898,8.0692,0
56.5,41,24,4,-105.681,6,-125.931,2,2,10,1,10.962,6.44139,0
56.5,41,24,4,-105.681,1,-132.44,3,3,20,0,-999,-999,0
56.5,41,24,4,-105.681,5,-135.177,8,8,10,1,11.4249,6.90428,0
56.5,41,24,4,-105.681,7,-139.365,0,0,10,1,12.5898,8.0692,0
56.5,41,24,4,-105.681,3,-146.037,0,0,20,0,-999,-999,0
56.5,41,24,4,-105.681,2,-146.797,0,0,20,0,-999,-999,0
56.5,45,18,5,-132.439,1,-116.456,3,3,20,0,-999,-999,0
56.5,45,18,5,-132.439,6,-138.058,2,2,10,1,10.962,6.44139,0
56.5,45,18,5,-132.439,3,-140.792,0,0,20,0,-999,-999,0
56.5,45,18,5,-132.439,2,-146.308,0,0,20,0,-999,-999,0
56.5,45,18,5,-132.439,4,-157.845,4,4,20,0,-999,-999,0
56.5,45,18,5,-132.439,7,-162.356,0,0,10,1,12.5898,8.0692,0
56.5,46,26,4,-133.174,6,-103.419,2,2,10,1,10.962,6.44139,0
56.5,46,26,4,-133.174,1,-123.518,3,3,20,0,-999,-999,0
56.5,46,26,4,-133.174,5,-150.895,8,8,10,1,11.4249,6.90428,0
56.5,46,26,4,-133.174,2,-163.941,0,0,20,0,-999,-999,0
56.5,46,26,4,-133.174,3,-165.268,0,0,20,0,-999,-999,0
56.5,46,26,4,-133.174,7,-165.917,0,0,10,1,12.5898,8.0692,0
56.5,47,29,4,-103.332,1,-117.597,3,3,20,0,-999,-999,0
56.5,47,29,4,-103.332,5,-129.522,8,8,10,1,11.4249,6.90428,0
56.5,47,29,4,-103.332,6,-137.27,2,2,10,1,10.962,6.44139,0
56.5,47,29,4,-103.332,2,-137.65,0,0,20,0,-999,-999,0
56.5,47,29,4,-103.332,3,-138.156,0,0,20,0,-999,-999,0
56.5,47,29,4,-103.332,7,-161.408,0,0,10,1,12.5898,8.0692,0
56.5,53,42,5,-131.801,6,-108.401,2,2,10,1,10.962,6.44139,0
56.5,53,42,5,-131.801,1,-130.907,3,3,20,0,-999,-999,0
56.5,53,42,5,-131.801,4,-149.581,4,4,20,0,-999,-999,0
56.5,53,42,5,-131.801,3,-156.499,0,0,20,0,-999,-999,0
56.5,53,42,5,-131.801,2,-167.124,0,0,20,0,-999,-999,0
56.5,53,42,5,-131.801,7,-175.677,0,0,10,1,12.5898,8.0692,0
56.5,59,26,5,-138.157,3,-106.354,0,0,20,0,-999,-999,0
56.5,59,26,5,-138.157,1,-120.062,3,3,20,0,-999,-999,0
56.5,59,26,5,-138.157,4,-141.934,4,4,20,0,-999,-999,0
56.5,59,26,5,-138.157,6,-150.893,2,2,10,1,10.962,6.44139,0
56.5,59,26,5,-138.157,2,-158.87,0,0,20,0,-999,-999,0
56.5,59,26,5,-138.157,7,-173.408,0,0,10,1,12.5898,8.0692,0
56.5,86,24,6,-127.663,5,-131.42,8,8,10,1,11.4249,6.90428,0
56.5,86,24,6,-127.663,4,-135.104,4,4,20,0,-999,-999,0
56.5,86,24,6,-127.663,1,-143.327,3,3,20,0,-999,-999,0
56.5,86,24,6,-127.663,2,-154.172,0,0,20,0,-999,-999,0
56.5,86,24,6,-127.663,3,-159.687,0,0,20,0,-999,-999,0
56.5,86,24,6,-127.663,7,-160.357,0,0,10,1,12.5898,8.0692,0
56.5,90,25,6,-88.4155,4,-71.9487,4,4,20,0,-999,-999,0
56.5,90,25,6,-88.4155,5,-122.829,8,8,10,1,11.4249,6.90428,0
56.5,90,25,6,-88.4155,1,-128.608,3,3,20,0,-999,-999,0
56.5,90,25,6,-88.4155,2,-133.02,0,0,20,0,-999,-999,0
56.5,90,25,6,-88.4155,7,-133.793,0,0,10,1,12.5898,8.0692,0
56.5,90,25,6,-88.4155,3,-138.209,0,0,20,0,-999,-999,0
56.5,92,9,5,-127.331,6,-93.402,2,2,10,1,10.962,6.44139,0
56.5,92,9,5,-127.331,1,-107.914,3,3,20,0,-999,-999,0
56.5,92,9,5,-127.331,2,-125.127,0,0,20,0,-999,-999,0
56.5,92,9,5,-127.331,4,-125.601,4,4,20,0,-999,-999,0
56.5,92,9,5,-127.331,3,-137.945,0,0,20,0,-999,-999,0
56.5,92,9,5,-127.331,7,-149.442,0,0,10,1,12.5898,8.0692,0
56.5,97,12,1,-91.4784,2,-114.761,0,0,20,0,-999,-999,0
56.5,97,12,1,-91.4784,5,-127.169,8,8,10,1,11.4249,6.90428,0
56.5,97,12,1,-91.4784,4,-128.962,4,4,20,0,-999,-999,0
56.5,97,12,1,-91.4784,3,-131.002,0,0,20,0,-999,-999,0
56.5,97,12,1,-91.4784,6,-140.793,2,2,10,1,10.962,6.44139,0
56.5,97,12,1,-91.4784,7,-146.017,0,0,10,1,12.5898,8.0692,0
56.5,100,27,4,-98.0656,6,-127.046,2,2,10,1,10.962,6.44139,0
56.5,100,27,4,-98.0656,1,-130.531,3,3,20,0,-999,-999,0
56.5,100,27,4,-98.0656,5,-140.61,8,8,10,1,11.4249,6.90428,0
56.5,100,27,4,-98.0656,2,-141.135,0,0,20,0,-999,-999,0
56.5,100,27,4,-98.0656,3,-145.643,0,0,20,0,-999,-999,0
56.5,100,27,4,-98.0656,7,-146.182,0,0,10,1,12.5898,8.0692,0
56.5,104,58,5,-123.887,3,-132.266,0,0,20,0,-999,-999,0
56.5,104,58,5,-123.887,1,-143.99,3,3,20,0,-999,-999,0
56.5,104,58,5,-123.887,2,-145.004,0,0,20,0,-999,-999,0
56.5,104,58,5,-123.887,6,-148.082,2,2,10,1,10.962,6.44139,0
56.5,104,58,5,-123.887,4,-151.295,4,4,20,0,-999,-999,0
56.5,104,58,5,-123.887,7,-162.868,0,0,10,1,12.5898,8.0692,0
58.5,19,50,5,-143.68,6,-148.572,2,2,10,1,12.7321,8.21152,0
58.5,19,50,5,-143.68,1,-151.186,3,3,20,0,-999,-999,0
58.5,19,50,5,-143.68,4,-152.301,4,4,20,0,-999,-999,0
58.5,19,50,5,-143.68,3,-170.791,0,0,20,0,-999,-999,0
58.5,19,50,5,-143.68,2,-171.662,0,0,20,0,-999,-999,0
58.5,19,50,5,-143.68,7,-176.145,0,0,10,1,12.1439,7.62332,0
58.5,20,66,5,-128.178,1,-130.206,3,3,20,0,-999,-999,0
58.5,20,66,5,-128.178,6,-134.678,2,2,10,1,12.7321,8.21152,0
58.5,20,66,5,-128.178,3,-141.573,0,0,20,0,-999,-999,0
58.5,20,66,5,-128.178,2,-148.55,0,0,20,0,-999,-999,0
58.5,20,66,5,-128.178,4,-152.483,4,4,20,0,-999,-999,0
58.5,20,66,5,-128.178,7,-165.517,0,0,10,1,12.1439,7.62332,0
58.5,23,10,1,-101.678,3,-118.142,0,0,20,0,-999,-999,0
58.5,23,10,1,-101.678,4,-120.789,4,4,20,0,-999,-999,0
58.5,23,10,1,-101.678,2,-131.172,0,0,20,0,-999,-999,0
58.5,23,10,1,-101.678,6,-140.594,2,2,10,1,12.7321,8.21152,0
58.5,23,10,1,-101.678,5,-144.933,8,8,10,1,15.1663,10.6457,0
58.5,23,10,1,-101.678,7,-153.297,0,0,10,1,12.1439,7.62332,0
58.5,24,34,5,-84.4143,1,-133.844,3,3,20,0,-999,-999,0
58.5,24,34,5,-84.4143,3,-147.05,0,0,20,0,-999,-999,0
58.5,24,34,5,-84.4143,2,-151.613,0,0,20,0,-999,-999,0
58.5,24,34,5,-84.4143,4,-157.142,4,4,20,0,-999,-999,0
58.5,24,34,5,-84.4143,6,-158.854,2,2,10,1,12.7321,8.21152,0
58.5,24,34,5,-84.4143,7,-166.747,0,0,10,1,12.1439,7.62332,0
58.5,33,11,1,-112.898,4,-125.604,4,4,20,0,-999,-999,0
58.5,33,11,1,-112.898,3,-126.09,0,0,20,0,-999,-999,0
58.5,33,11,1,-112.898,2,-137.358,0,0,20,0,-999,-999,0
58.5,33,11,1,-112.898,6,-140.863,2,2,10,1,12.7321,8.21152,0
58.5,33,11,1,-112.898,5,-145.264,8,8,10,1,15.1663,10.6457,0
58.5,33,11,1,-112.898,7,-148.511,0,0,10,1,12.1439,7.62332,0
58.5,41,24,4,-102.663,6,-111.074,2,2,10,1,12.7321,8.21152,0
58.5,41,24,4,-102.663,1,-135.813,3,3,20,0,-999,-999,0
58.5,41,24,4,-102.663,2,-135.976,0,0,20,0,-999,-999,0
58.5,41,24,4,-102.663,7,-140.522,0,0,10,1,12.1439,7.62332,0
58.5,41,24,4,-102.663,3,-144.847,0,0,20,0,-999,-999,0
58.5,41,24,4,-102.663,5,-146.173,8,8,10,1,15.1663,10.6457,0
58.5,45,18,5,-113.654,1,-132.493,3,3,20,0,-999,-999,0
58.5,45,18,5,-113.654,3,-139.768,0,0,20,0,-999,-999,0
58.5,45,18,5,-113.654,2,-146.848,0,0,20,0,-999,-999,0
58.5,45,18,5,-113.654,6,-147.542,2,2,10,1,12.7321,8.21152,0
58.5,45,18,5,-113.654,4,-150.106,4,4,20,0,-999,-999,0
58.5,45,18,5,-113.654,7,-165.033,0,0,10,1,12.1439,7.62332,0
58.5,46,26,4,-141.213,1,-116.133,3,3,20,0,-999,-999,0
58.5,46,26,4,-141.213,6,-140.692,2,2,10,1,12.7321,8.21152,0
58.5,46,26,4,-141.213,2,-164.006,0,0,20,0,-999,-999,0
58.5,46,26,4,-141.213,3,-164.032,0,0,20,0,-999,-999,0
58.5,46,26,4,-141.213,5,-164.542,8,8,10,1,15.1663,10.6457,0
58.5,46,26,4,-141.213,7,-164.956,0,0,10,1,12.1439,7.62332,0
58.5,47,29,4,-134.88,5,-90.6739,8,8,10,1,15.1663,10.6457,0
58.5,47,29,4,-134.88,1,-106.725,3,3,20,0,-999,-999,0
58.5,47,29,4,-134.88,3,-125.008,0,0,20,0,-999,-999,0
58.5,47,29,4,-134.88,6,-132.078,2,2,10,1,12.7321,8.21152,0
58.5,47,29,4,-134.88,2,-140.705,0,0,20,0,-999,-999,0
58.5,47,29,4,-134.88,7,-161.28,0,0,10,1,12.1439,7.62332,0
58.5,53,42,5,-111.985,6,-125.238,2,2,10,1,12.7321,8.21152,0
58.5,53,42,5,-111.985,4,-134.796,4,4,20,0,-999,-999,0
58.5,53,42,5,-111.985,1,-149.006,3,3,20,0,-999,-999,0
58.5,53,42,5,-111.985,2,-162.387,0,0,20,0,-999,-999,0
58.5,53,42,5,-111.985,3,-163.79,0,0,20,0,-999,-999,0
58.5,53,42,5,-111.985,7,-175.909,0,0,10,1,12.1439,7.62332,0
58.5,59,26,5,-137.512,6,-120.672,2,2,10,1,12.7321,8.21152,0
58.5,59,26,5,-137.512,4,-130.81,4,4,20,0,-999,-999,0
58.5,59,26,5,-137.512,1,-144.182,3,3,20,0,-999,-999,0
58.5,59,26,5,-137.512,2,-159.392,0,0,20,0,-999,-999,0
58.5,59,26,5,-137.512,3,-160.253,0,0,20,0,-999,-999,0
58.5,59,26,5,-137.512,7,-170.943,0,0,10,1,12.1439,7.62332,0
58.5,86,24,6,-113.487,1,-117.736,3,3,20,0,-999,-999,0
58.5,86,24,6,-113.487,4,-122.356,4,4,20,0,-999,-999,0
58.5,86,24,6,-113.487,5,-131.69,8,8,10,1,15.1663,10.6457,0
58.5,86,24,6,-113.487,2,-154.512,0,0,20,0,-999,-999,0
58.5,86,24,6,-113.487,3,-158.925,0,0,20,0,-999,-999,0
58.5,86,24,6,-113.487,7,-161.691,0,0,10,1,12.1439,7.62332,0
58.5,90,25,6,-108.821,4,-112.255,4,4,20,0,-999,-999,0
58.5,90,25,6,-108.821,1,-123.517,3,3,20,0,-999,-999,0
58.5,90,25,6,-108.821,7,-130.545,0,0,10,1,12.1439,7.62332,0
58.5,90,25,6,-108.821,2,-134.74,0,0,20,0,-999,-999,0
58.5,90,25,6,-108.821,3,-140.773,0,0,20,0,-999,-999,0
58.5,90,25,6,-108.821,5,-144.478,8,8,10,1,15.1663,10.6457,0
58.5,92,9,5,-104.872,1,-92.3975,3,3,20,0,-999,-999,1
58.5,92,9,5,-104.872,6,-121.575,2,2,10,1,12.7321,8.21152,1
58.5,92,9,5,-104.872,2,-131.001,0,0,20,0,-999,-999,1
58.5,92,9,5,-104.872,3,-133.708,0,0,20,0,-999,-999,1
58.5,92,9,5,-104.872,4,-143.372,4,4,20,0,-999,-999,1
58.5,92,9,5,-104.872,7,-154.568,0,0,10,1,12.1439,7.62332,1
58.5,97,12,1,-118.87,4,-107.642,4,4,20,0,-999,-999,0
58.5,97,12,1,-118.87,2,-113.147,0,0,20,0,-999,-999,0
58.5,97,12,1,-118.87,3,-128.006,0,0,20,0,-999,-999,0
58.5,97,12,1,-118.87,6,-140.319,2,2,10,1,12.7321,8.21152,0
58.5,97,12,1,-118.87,5,-144.585,8,8,10,1,15.1663,10.6457,0
58.5,97,12,1,-118.87,7,-147.557,0,0,10,1,12.1439,7.62332,0
58.5,100,27,4,-84.5562,6,-122.346,2,2,10,1,12.7321,8.21152,0
58.5,100,27,4,-84.5562,1,-133.038,3,4,20,0,-999,-999,0
58.5,100,27,4,-84.5562,2,-138.805,0,0,20,0,-999,-999,0
58.5,100,27,4,-84.5562,3,-143.75,0,0,20,0,-999,-999,0
58.5,100,27,4,-84.5562,5,-145.313,8,8,10,1,15.1663,10.6457,0
58.5,100,27,4,-84.5562,7,-146.489,0,0,10,1,12.1439,7.62332,0
58.5,104,58,5,-117.057,6,-129.82,2,2,10,1,12.7321,8.21152,0
58.5,104,58,5,-117.057,3,-138.454,0,0,20,0,-999,-999,0
58.5,104,58,5,-117.057,2,-139.499,0,0,20,0,-999,-999,0
58.5,104,58,5,-117.057,1,-140.133,3,4,20,0,-999,-999,0
58.5,104,58,5,-117.057,4,-147.846,4,4,20,0,-999,-999,0
58.5,104,58,5,-117.057,7,-156.603,0,0,10,1,12.1439,7.62332,0
60.5,19,50,5,-144.976,4,-115.735,4,4,20,0,-999,-999,0
60.5,19,50,5,-144.976,1,-140.733,4,4,20,0,-999,-999,0
60.5,19,50,5,-144.976,3,-163.607,0,0,20,0,-999,-999,0
60.5,19,50,5,-144.976,2,-168.889,0,0,20,0,-999,-999,0
60.5,19,50,5,-144.976,6,-171.934,2,2,10,1,9.96828,5.44768,0
60.5,19,50,5,-144.976,7,-180.317,0,0,10,1,12.9871,8.46649,0
60.5,20,66,5,-109.161,1,-139.683,4,4,20,0,-999,-999,0
60.5,20,66,5,-109.161,3,-146.88,0,0,20,0,-999,-999,0
60.5,20,66,5,-109.161,6,-148.586,2,2,10,1,9.96828,5.44768,0
60.5,20,66,5,-109.161,2,-150.645,0,0,20,0,-999,-999,0
60.5,20,66,5,-109.161,4,-153.936,4,4,20,0,-999,-999,0
60.5,20,66,5,-109.161,7,-166.4,0,0,10,1,12.9871,8.46649,0
60.5,23,10,1,-122.68,5,-111.242,7,7,10,1,11.9003,7.37968,0
60.5,23,10,1,-122.68,6,-111.658,2,2,10,1,9.96828,5.44768,0
60.5,23,10,1,-122.68,3,-121.503,0,0,20,0,-999,-999,0
60.5,23,10,1,-122.68,2,-123.94,0,0,20,0,-999,-999,0
60.5,23,10,1,-122.68,4,-140.768,4,4,20,0,-999,-999,0
60.5,23,10,1,-122.68,7,-152.648,0,0,10,1,12.9871,8.46649,0
60.5,24,34,5,-118.507,1,-143.031,4,4,20,0,-999,-999,0
60.5,24,34,5,-118.507,3,-144.379,0,0,20,0,-999,-999,0
60.5,24,34,5,-118.507,2,-148.905,0,0,20,0,-999,-999,0
60.5,24,34,5,-118.507,4,-159.847,4,4,20,0,-999,-999,0
60.5,24,34,5,-118.507,6,-163.846,2,2,10,1,9.96828,5.44768,0
60.5,24,34,5,-118.507,7,-166.063,0,0,10,1,12.9871,8.46649,0
60.5,33,11,1,-116.906,4,-123.699,4,4,20,0,-999,-999,0
60.5,33,11,1,-116.906,2,-133.792,0,0,20,0,-999,-999,0
60.5,33,11,1,-116.906,6,-141.185,2,2,10,1,9.96828,5.44768,0
60.5,33,11,1,-116.906,3,-142.575,0,0,20,0,-999,-999,0
60.5,33,11,1,-116.906,5,-144.846,7,7,10,1,11.9003,7.37968,0
60.5,33,11,1,-116.906,7,-148.353,0,0,10,1,12.9871,8.46649,0
60.5,41,24,4,-99.5043,1,-100.215,4,4,20,0,-999,-999,0
60.5,41,24,4,-99.5043,6,-128.098,2,2,10,1,9.96828,5.44768,0
60.5,41,24,4,-99.5043,7,-138.713,0,0,10,1,12.9871,8.46649,0
60.5,41,24,4,-99.5043,2,-140.524,0,0,20,0,-999,-999,0
60.5,41,24,4,-99.5043,3,-148.625,0,0,20,0,-999,-999,0
60.5,41,24,4,-99.5043,5,-149.817,7,7,10,1,11.9003,7.37968,0
60.5,45,18,5,-119.531,1,-132.431,4,4,20,0,-999,-999,0
60.5,45,18,5,-119.531,3,-135.157,0,0,20,0,-999,-999,0
60.5,45,18,5,-119.531,6,-142.339,2,2,10,1,9.96828,5.44768,0
60.5,45,18,5,-119.531,4,-146.627,4,4,20,0,-999,-999,0
60.5,45,18,5,-119.531,2,-150.216,0,0,20,0,-999,-999,0
60.5,45,18,5,-119.531,7,-161.091,0,0,10,1,12.9871,8.46649,0
60.5,46,26,4,-139.74,6,-130.023,2,2,10,1,9.96828,5.44768,0
60.5,46,26,4,-139.74,5,-142.049,7,7,10,1,11.9003,7.37968,0
60.5,46,26,4,-139.74,1,-146.256,4,4,20,0,-999,-999,0
60.5,46,26,4,-139.74,2,-162.865,0,0,20,0,-999,-999,0
60.5,46,26,4,-139.74,3,-164.163,0,0,20,0,-999,-999,0
60.5,46,26,4,-139.74,7,-167.939,0,0,10,1,12.9871,8.46649,0
60.5,47,29,4,-134.079,6,-103.692,2,2,10,1,9.96828,5.44768,0
60.5,47,29,4,-134.079,5,-130.027,7,7,10,1,11.9003,7.37968,0
60.5,47,29,4,-134.079,1,-130.794,4,4,20,0,-999,-999,0
60.5,47,29,4,-134.079,2,-137.266,0,0,20,0,-999,-999,0
60.5,47,29,4,-134.079,3,-140.715,0,0,20,0,-999,-999,0
60.5,47,29,4,-134.079,7,-158.393,0,0,10,1,12.9871,8.46649,0
60.5,53,42,5,-138.777,6,-147.642,2,2,10,1,9.96828,5.44768,0
60.5,53,42,5,-138.777,1,-150.628,4,4,20,0,-999,-999,0
60.5,53,42,5,-138.777,4,-153.127,4,4,20,0,-999,-999,0
60.5,53,42,5,-138.777,3,-155.4,0,0,20,0,-999,-999,0
60.5,53,42,5,-138.777,2,-161.568,0,0,20,0,-999,-999,0
60.5,53,42,5,-138.777,7,-171.885,0,0,10,1,12.9871,8.46649,0
60.5,59,26,5,-130.551,6,-128.11,2,2,10,1,9.96828,5.44768,0
60.5,59,26,5,-130.551,1,-139.056,4,4,20,0,-999,-999,0
60.5,59,26,5,-130.551,4,-145.501,4,4,20,0,-999,-999,0
60.5,59,26,5,-130.551,2,-157.888,0,0,20,0,-999,-999,0
60.5,59,26,5,-130.551,3,-158.991,0,0,20,0,-999,-999,0
60.5,59,26,5,-130.551,7,-173.07,0,0,10,1,12.9871,8.46649,0
60.5,86,24,6,-98.5506,5,-120.593,7,7,10,1,11.9003,7.37968,0
60.5,86,24,6,-98.5506,1,-122.133,4,4,20,0,-999,-999,0
60.5,86,24,6,-98.5506,4,-136.901,4,4,20,0,-999,-999,0
60.5,86,24,6,-98.5506,2,-157.206,0,0,20,0,-999,-999,0
60.5,86,24,6,-98.5506,7,-157.989,0,0,10,1,12.9871,8.46649,0
60.5,86,24,6,-98.5506,3,-162.564,0,0,20,0,-999,-999,0
60.5,90,25,6,-122.328,4,-79.7029,4,4,20,0,-999,-999,0
60.5,90,25,6,-122.328,1,-129.885,4,4,20,0,-999,-999,0
60.5,90,25,6,-122.328,7,-131.128,0,0,10,1,12.9871,8.46649,0
60.5,90,25,6,-122.328,2,-136.314,0,0,20,0,-999,-999,0
60.5,90,25,6,-122.328,3,-138.258,0,0,20,0,-999,-999,0
60.5,90,25,6,-122.328,5,-141.167,7,7,10,1,11.9003,7.37968,0
60.5,92,13,1,-122.789,6,-101.762,2,2,10,1,9.96828,5.44768,0
60.5,92,13,1,-122.789,2,-130.511,0,0,20,0,-999,-999,0
60.5,92,13,1,-122.789,5,-131.374,7,7,10,1,11.9003,7.37968,0
60.5,92,13,1,-122.789,3,-134.409,0,0,20,0,-999,-999,0
60.5,92,13,1,-122.789,4,-146.924,4,4,20,0,-999,-999,0
60.5,92,13,1,-122.789,7,-157.11,0,0,10,1,12.9871,8.46649,0
60.5,97,12,1,-121.488,6,-113.9,2,2,10,1,9.96828,5.44768,0
60.5,97,12,1,-121.488,2,-114.249,0,0,20,0,-999,-999,0
60.5,97,12,1,-121.488,4,-120.251,4,4,20,0,-999,-999,0
60.5,97,12,1,-121.488,3,-130.736,0,0,20,0,-999,-999,0
60.5,97,12,1,-121.488,5,-140.385,7,7,10,1,11.9003,7.37968,0
60.5,97,12,1,-121.488,7,-143.553,0,0,10,1,12.9871,8.46649,0
60.5,100,27,4,-70.45,6,-127.018,2,2,10,1,9.96828,5.44768,0
60.5,100,27,4,-70.45,1,-127.47,4,4,20,0,-999,-999,0
60.5,100,27,4,-70.45,2,-135.935,0,0,20,0,-999,-999,0
60.5,100,27,4,-70.45,7,-141.712,0,0,10,1,12.9871,8.46649,0
60.5,100,27,4,-70.45,5,-145.279,7,7,10,1,11.9003,7.37968,0
60.5,100,27,4,-70.45,3,-146.698,0,0,20,0,-999,-999,0
60.5,104,58,5,-116.519,3,-133.704,0,0,20,0,-999,-999,0
60.5,104,58,5,-116.519,1,-137.323,4,4,20,0,-999,-999,0
60.5,104,58,5,-116.519,2,-143.515,0,0,20,0,-999,-999,0
60.5,104,58,5,-116.519,4,-148.178,4,4,20,0,-999,-999,0
60.5,104,58,5,-116.519,6,-156.91,2,2,10,1,9.96828,5.44768,0
60.5,104,58,5,-116.519,7,-162.436,0,0,10,1,12.9871,8.46649,0
62.5,19,50,5,-125.33,4,-122.844,4,4,20,0,-999,-999,0
62.5,19,50,5,-125.33,6,-137.604,3,3,10,1,12.0979,7.57725,0
62.5,19,50,5,-125.33,1,-150.189,4,4,20,0,-999,-999,0
62.5,19,50,5,-125.33,3,-163.571,0,0,20,0,-999,-999,0
62.5,19,50,5,-125.33,2,-168.166,0,0,20,0,-999,-999,0
62.5,19,50,5,-125.33,7,-182.504,0,0,10,1,13.8738,9.35323,0
62.5,20,66,5,-122.91,1,-135.567,4,4,20,0,-999,-999,0
62.5,20,66,5,-122.91,3,-145.163,0,0,20,0,-999,-999,0
62.5,20,66,5,-122.91,2,-148.947,0,0,20,0,-999,-999,0
62.5,20,66,5,-122.91,6,-150.495,3,3,10,1,12.0979,7.57725,0
62.5,20,66,5,-122.91,4,-157.073,4,4,20,0,-999,-999,0
62.5,20,66,5,-122.91,7,-167.892,0,0,10,1,13.8738,9.35323,0
62.5,23,10,1,-116.032,3,-98.3408,0,0,20,0,-999,-999,0
62.5,23,10,1,-116.032,4,-116.34,4,4,20,0,-999,-999,0
62.5,23,10,1,-116.032,2,-125.867,0,0,20,0,-999,-999,0
62.5,23,10,1,-116.032,5,-138.736,7,7,10,1,12.6182,8.09761,0
62.5,23,10,1,-116.032,6,-147.14,3,3,10,1,12.0979,7.57725,0
62.5,23,10,1,-116.032,7,-153.162,0,0,10,1,13.8738,9.35323,0
62.5,24,34,5,-90.0412,1,-134.892,4,4,20,0,-999,-999,0
62.5,24,34,5,-90.0412,3,-146.583,0,0,20,0,-999,-999,0
62.5,24,34,5,-90.0412,2,-146.734,0,0,20,0,-999,-999,0
62.5,24,34,5,-90.0412,6,-148.983,3,3,10,1,12.0979,7.57725,0
62.5,24,34,5,-90.0412,4,-157.657,4,4,20,0,-999,-999,0
62.5,24,34,5,-90.0412,7,-166.997,0,0,10,1,13.8738,9.35323,0
62.5,33,11,1,-127.656,4,-126.743,4,4,20,0,-999,-999,0
62.5,33,11,1,-127.656,5,-130.941,7,7,10,1,12.6182,8.09761,0
62.5,33,11,1,-127.656,2,-132.239,0,0,20,0,-999,-999,0
62.5,33,11,1,-127.656,3,-138.799,0,0,20,0,-999,-999,0
62.5,33,11,1,-127.656,6,-140.849,3,3,10,1,12.0979,7.57725,0
62.5,33,11,1,-127.656,7,-147.54,0,0,10,1,13.8738,9.35323,0
62.5,41,24,4,-103.944,6,-123.812,3,3,10,1,12.0979,7.57725,0
62.5,41,24,4,-103.944,1,-134.918,4,4,20,0,-999,-999,0
62.5,41,24,4,-103.944,7,-138.021,0,0,10,1,13.8738,9.35323,0
62.5,41,24,4,-103.944,2,-138.6,0,0,20,0,-999,-999,0
62.5,41,24,4,-103.944,5,-142.922,7,7,10,1,12.6182,8.09761,0
62.5,41,24,4,-103.944,3,-144.036,0,0,20,0,-999,-999,0
62.5,45,18,5,-127.202,1,-116.598,4,4,20,0,-999,-999,0
62.5,45,18,5,-127.202,4,-122.557,4,4,20,0,-999,-999,0
62.5,45,18,5,-127.202,3,-137.334,0,0,20,0,-999,-999,0
62.5,45,18,5,-127.202,6,-140.21,3,3,10,1,12.0979,7.57725,0
62.5,45,18,5,-127.202,2,-144.312,0,0,20,0,-999,-999,0
62.5,45,18,5,-127.202,7,-164.197,0,0,10,1,13.8738,9.35323,0
62.5,46,26,4,-134.546,6,-141.565,3,3,10,1,12.0979,7.57725,0
62.5,46,26,4,-134.546,1,-142.626,4,4,20,0,-999,-999,0
62.5,46,26,4,-134.546,5,-151.119,7,7,10,1,12.6182,8.09761,0
62.5,46,26,4,-134.546,2,-162.631,0,0,20,0,-999,-999,0
62.5,46,26,4,-134.546,7,-164.92,0,0,10,1,13.8738,9.35323,0
62.5,46,26,4,-134.546,3,-172.442,0,0,20,0,-999,-999,0
62.5,47,29,4,-137.921,5,-108.914,7,7,10,1,12.6182,8.09761,0
62.5,47,29,4,-137.921,1,-128.443,4,4,20,0,-999,-999,0
62.5,47,29,4,-137.921,6,-130.689,3,3,10,1,12.0979,7.57725,0
62.5,47,29,4,-137.921,2,-135.286,0,0,20,0,-999,-999,0
62.5,47,29,4,-137.921,3,-138.459,0,0,20,0,-999,-999,0
62.5,47,29,4,-137.921,7,-159.186,0,0,10,1,13.8738,9.35323,0
62.5,53,42,5,-144.503,1,-133.7,4,4,20,0,-999,-999,0
62.5,53,42,5,-144.503,4,-147.976,4,4,20,0,-999,-999,0
62.5,53,42,5,-144.503,6,-155.483,3,3,10,1,12.0979,7.57725,0
62.5,53,42,5,-144.503,3,-159.566,0,0,20,0,-999,-999,0
62.5,53,42,5,-144.503,2,-159.885,0,0,20,0,-999,-999,0
62.5,53,42,5,-144.503,7,-179.71,0,0,10,1,13.8738,9.35323,0
62.5,59,26,5,-99.7515,1,-115.865,4,4,20,0,-999,-999,0
62.5,59,26,5,-99.7515,4,-144.489,4,4,20,0,-999,-999,0
62.5,59,26,5,-99.7515,6,-157.305,3,3,10,1,12.0979,7.57725,0
62.5,59,26,5,-99.7515,3,-157.615,0,0,20,0,-999,-999,0
62.5,59,26,5,-99.7515,2,-162.155,0,0,20,0,-999,-999,0
62.5,59,26,5,-99.7515,7,-173.092,0,0,10,1,13.8738,9.35323,0
62.5,86,24,6,-125.899,4,-132.959,4,4,20,0,-999,-999,0
62.5,86,24,6,-125.899,5,-140.442,7,7,10,1,12.6182,8.09761,0
62.5,86,24,6,-125.899,1,-142.203,4,4,20,0,-999,-999,0
62.5,86,24,6,-125.899,3,-155.817,0,0,20,0,-999,-999,0
62.5,86,24,6,-125.899,2,-156.957,0,0,20,0,-999,-999,0
62.5,86,24,6,-125.899,7,-158.181,0,0,10,1,13.8738,9.35323,0
62.5,90,25,6,-129.646,4,-107.883,4,4,20,0,-999,-999,4
62.5,90,25,6,-129.646,5,-110.588,7,7,10,1,12.6182,8.09761,4
62.5,90,25,6,-129.646,1,-122.77,4,4,20,0,-999,-999,4
62.5,90,25,6,-129.646,2,-133.48,0,0,20,0,-999,-999,4
62.5,90,25,6,-129.646,7,-135.793,0,0,10,1,13.8738,9.35323,4
62.5,90,25,6,-129.646,3,-145.25,0,0,20,0,-999,-999,4
62.5,92,13,1,-87.3862,7,-111.483,0,0,10,1,13.8738,9.35323,0
62.5,92,13,1,-87.3862,3,-130.388,0,0,20,0,-999,-999,0
62.5,92,13,1,-87.3862,2,-131.601,0,0,20,0,-999,-999,0
62.5,92,13,1,-87.3862,5,-133.092,7,7,10,1,12.6182,8.09761,0
62.5,92,13,1,-87.3862,4,-139.198,4,5,20,0,-999,-999,0
62.5,92,13,1,-87.3862,6,-139.232,3,3,10,1,12.0979,7.57725,0
62.5,97,12,1,-123.65,4,-94.0961,4,5,20,0,-999,-999,0
62.5,97,12,1,-123.65,6,-109.378,3,3,10,1,12.0979,7.57725,0
62.5,97,12,1,-123.65,2,-113.708,0,0,20,0,-999,-999,0
62.5,97,12,1,-123.65,5,-127.023,7,7,10,1,12.6182,8.09761,0
62.5,97,12,1,-123.65,3,-127.809,0,0,20,0,-999,-999,0
62.5,97,12,1,-123.65,7,-144.557,0,0,10,1,13.8738,9.35323,0
62.5,100,27,4,-90.3448,5,-109.321,7,7,10,1,12.6182,8.09761,0
62.5,100,27,4,-90.3448,6,-123.969,3,3,10,1,12.0979,7.57725,0
62.5,100,27,4,-90.3448,1,-127.286,4,4,20,0,-999,-999,0
62.5,100,27,4,-90.3448,2,-141.598,0,0,20,0,-999,-999,0
62.5,100,27,4,-90.3448,3,-143.802,0,0,20,0,-999,-999,0
62.5,100,27,4,-90.3448,7,-145.912,0,0,10,1,13.8738,9.35323,0
62.5,104,58,5,-115.553,1,-137.472,4,4,20,0,-999,-999,0
62.5,104,58,5,-115.553,3,-138.937,0,0,20,0,-999,-999,0
62.5,104,58,5,-115.553,6,-139.614,3,3,10,1,12.0979,7.57725,0
62.5,104,58,5,-115.553,2,-142.091,0,0,20,0,-999,-999,0
62.5,104,58,5,-115.553,4,-143.491,4,5,20,0,-999,-999,0
62.5,104,58,5,-115.553,7,-161.544,0,0,10,1,13.8738,9.35323,0
64.5,11,33,6,-105.142,4,-131.243,5,5,20,0,-999,-999,0
64.5,11,33,6,-105.142,1,-144.323,4,4,20,0,-999,-999,0
64.5,11,33,6,-105.142,2,-147.688,0,0,20,0,-999,-999,0
64.5,11,33,6,-105.142,5,-148.197,7,7,10,1,12.7865,8.26591,0
64.5,11,33,6,-105.142,7,-152.342,0,0,10,1,13.0758,8.55522,0
64.5,11,33,6,-105.142,3,-152.873,0,0,20,0,-999,-999,0
64.5,19,50,5,-145.492,1,-108.411,4,4,20,0,-999,-999,0
64.5,19,50,5,-145.492,4,-140.819,5,5,20,0,-999,-999,0
64.5,19,50,5,-145.492,3,-161.4,0,0,20,0,-999,-999,0
64.5,19,50,5,-145.492,2,-163.552,0,0,20,0,-999,-999,0
64.5,19,50,5,-145.492,6,-177.046,2,2,10,1,12.7894,8.26877,0
64.5,19,50,5,-145.492,7,-179.204,0,0,10,1,13.0758,8.55522,0
64.5,20,66,5,-121.539,1,-138.899,4,4,20,0,-999,-999,0
64.5,20,66,5,-121.539,3,-145.368,0,0,20,0,-999,-999,0
64.5,20,66,5,-121.539,6,-152.297,2,2,10,1,12.7894,8.26877,0
64.5,20,66,5,-121.539,2,-153.33,0,0,20,0,-999,-999,0
64.5,20,66,5,-121.539,4,-157.216,5,5,20,0,-999,-999,0
64.5,20,66,5,-121.539,7,-167.634,0,0,10,1,13.0758,8.55522,0
64.5,23,10,1,-123.849,5,-108.864,7,7,10,1,12.7865,8.26591,0
64.5,23,10,1,-123.849,6,-110.093,2,2,10,1,12.7894,8.26877,0
64.5,23,10,1,-123.849,3,-118.393,0,0,20,0,-999,-999,0
64.5,23,10,1,-123.849,2,-128.805,0,0,20,0,-999,-999,0
64.5,23,10,1,-123.849,4,-134.462,5,5,20,0,-999,-999,0
64.5,23,10,1,-123.849,7,-154.874,0,0,10,1,13.0758,8.55522,0
64.5,24,34,5,-121.004,1,-136.419,4,4,20,0,-999,-999,0
64.5,24,34,5,-121.004,3,-142.421,0,0,20,0,-999,-999,0
64.5,24,34,5,-121.004,2,-143.045,0,0,20,0,-999,-999,0
64.5,24,34,5,-121.004,4,-143.737,5,5,20,0,-999,-999,0
64.5,24,34,5,-121.004,6,-145.279,2,2,10,1,12.7894,8.26877,0
64.5,24,34,5,-121.004,7,-170.329,0,0,10,1,13.0758,8.55522,0
64.5,33,11,1,-118.758,4,-108.396,5,5,20,0,-999,-999,0
64.5,33,11,1,-118.758,2,-130.942,0,0,20,0,-999,-999,0
64.5,33,11,1,-118.758,5,-135.437,7,7,10,1,12.7865,8.26591,0
64.5,33,11,1,-118.758,6,-137.792,2,2,10,1,12.7894,8.26877,0
64.5,33,11,1,-118.758,3,-139.217,0,0,20,0,-999,-999,0
64.5,33,11,1,-118.758,7,-148.277,0,0,10,1,13.0758,8.55522,0
64.5,41,24,4,-111.394,6,-89.9165,2,2,10,1,12.7894,8.26877,0
64.5,41,24,4,-111.394,1,-130.329,4,4,20,0,-999,-999,0
64.5,41,24,4,-111.394,2,-141.94,0,0,20,0,-999,-999,0
64.5,41,24,4,-111.394,7,-142.297,0,0,10,1,13.0758,8.55522,0
64.5,41,24,4,-111.394,5,-146.23,7,7,10,1,12.7865,8.26591,0
64.5,41,24,4,-111.394,3,-151.286,0,0,20,0,-999,-999,0
64.5,45,18,5,-119.984,1,-126.682,4,4,20,0,-999,-999,0
64.5,45,18,5,-119.984,6,-136.312,2,2,10,1,12.7894,8.26877,0
64.5,45,18,5,-119.984,3,-138.27,0,0,20,0,-999,-999,0
64.5,45,18,5,-119.984,2,-144.638,0,0,20,0,-999,-999,0
64.5,45,18,5,-119.984,4,-154.901,5,5,20,0,-999,-999,0
64.5,45,18,5,-119.984,7,-168.112,0,0,10,1,13.0758,8.55522,0
64.5,46,26,4,-139.808,1,-108.551,4,4,20,0,-999,-999,0
64.5,46,26,4,-139.808,6,-150.681,2,2,10,1,12.7894,8.26877,0
64.5,46,26,4,-139.808,5,-153.231,7,7,10,1,12.7865,8.26591,0
64.5,46,26,4,-139.808,3,-161.699,0,0,20,0,-999,-999,0
64.5,46,26,4,-139.808,2,-162.134,0,0,20,0,-999,-999,0
64.5,46,26,4,-139.808,7,-170.428,0,0,10,1,13.0758,8.55522,0
64.5,47,29,4,-121.001,1,-107.089,4,4,20,0,-999,-999,0
64.5,47,29,4,-121.001,5,-127.554,7,7,10,1,12.7865,8.26591,0
64.5,47,29,4,-121.001,3,-138.046,0,0,20,0,-999,-999,0
64.5,47,29,4,-121.001,2,-138.716,0,0,20,0,-999,-999,0
64.5,47,29,4,-121.001,6,-144.081,2,2,10,1,12.7894,8.26877,0
64.5,47,29,4,-121.001,7,-160.8,0,0,10,1,13.0758,8.55522,0
64.5,53,42,5,-104.363,1,-110.593,4,4,20,0,-999,-999,0
64.5,53,42,5,-104.363,6,-148.285,2,2,10,1,12.7894,8.26877,0
64.5,53,42,5,-104.363,3,-154.834,0,0,20,0,-999,-999,0
64.5,53,42,5,-104.363,4,-157.389,5,5,20,0,-999,-999,0
64.5,53,42,5,-104.363,2,-158.05,0,0,20,0,-999,-999,0
64.5,53,42,5,-104.363,7,-179.363,0,0,10,1,13.0758,8.55522,0
64.5,59,26,5,-142.07,4,-123.921,5,5,20,0,-999,-999,0
64.5,59,26,5,-142.07,1,-144.116,4,4,20,0,-999,-999,0
64.5,59,26,5,-142.07,6,-149.093,2,2,10,1,12.7894,8.26877,0
64.5,59,26,5,-142.07,2,-158.766,0,0,20,0,-999,-999,0
64.5,59,26,5,-142.07,3,-160.971,0,0,20,0,-999,-999,0
64.5,59,26,5,-142.07,7,-174.092,0,0,10,1,13.0758,8.55522,0
64.5,86,24,6,-126.918,4,-123.755,5,5,20,0,-999,-999,0
64.5,86,24,6,-126.918,5,-142.445,7,7,10,1,12.7865,8.26591,0
64.5,86,24,6,-126.918,1,-142.792,4,4,20,0,-999,-999,0
64.5,86,24,6,-126.918,2,-151.583,0,0,20,0,-999,-999,0
64.5,86,24,6,-126.918,3,-154.643,0,0,20,0,-999,-999,0
64.5,86,24,6,-126.918,7,-157.056,0,0,10,1,13.0758,8.55522,0
64.5,90,30,4,-91.7941,1,-103.224,4,4,20,0,-999,-999,0
64.5,90,30,4,-91.7941,5,-110.604,7,7,10,1,12.7865,8.26591,0
64.5,90,30,4,-91.7941,6,-127.948,2,2,10,1,12.7894,8.26877,0
64.5,90,30,4,-91.7941,7,-131.701,0,0,10,1,13.0758,8.55522,0
64.5,90,30,4,-91.7941,2,-132.182,0,0,20,0,-999,-999,0
64.5,90,30,4,-91.7941,3,-145.16,0,0,20,0,-999,-999,0
64.5,92,13,1,-86.8634,5,-132.019,7,7,10,1,12.7865,8.26591,0
64.5,92,13,1,-86.8634,2,-132.15,0,0,20,0,-999,-999,0
64.5,92,13,1,-86.8634,6,-133.615,2,2,10,1,12.7894,8.26877,0
64.5,92,13,1,-86.8634,4,-135.454,5,5,20,0,-999,-999,0
64.5,92,13,1,-86.8634,3,-136.818,0,0,20,0,-999,-999,0
64.5,92,13,1,-86.8634,7,-153.186,0,0,10,1,13.0758,8.55522,0
64.5,97,12,1,-116.485,4,-102.389,5,5,20,0,-999,-999,4
64.5,97,12,1,-116.485,2,-117.687,0,0,20,0,-999,-999,4
64.5,97,12,1,-116.485,3,-133.907,0,0,20,0,-999,-999,4
64.5,97,12,1,-116.485,5,-142.888,7,7,10,1,12.7865,8.26591,4
64.5,97,12,1,-116.485,6,-144.101,2,2,10,1,12.7894,8.26877,4
64.5,97,12,1,-116.485,7,-146.071,0,0,10,1,13.0758,8.55522,4
64.5,100,27,4,-76.2839,1,-127.985,4,4,20,0,-999,-999,0
64.5,100,27,4,-76.2839,6,-128.727,2,2,10,1,12.7894,8.26877,0
64.5,100,27,4,-76.2839,5,-136.237,7,7,10,1,12.7865,8.26591,0
64.5,100,27,4,-76.2839,2,-137.321,0,0,20,0,-999,-999,0
64.5,100,27,4,-76.2839,3,-140.507,0,0,20,0,-999,-999,0
64.5,100,27,4,-76.2839,7,-141.91,0,0,10,1,13.0758,8.55522,0
64.5,104,58,5,-117.357,3,-131.933,0,0,20,0,-999,-999,0
64.5,104,58,5,-117.357,1,-138.216,4,4,20,0,-999,-999,0
64.5,104,58,5,-117.357,4,-138.307,5,6,20,0,-999,-999,0
64.5,104,58,5,-117.357,6,-144.906,2,2,10,1,12.7894,8.26877,0
64.5,104,58,5,-117.357,2,-146.969,0,0,20,0,-999,-999,0
64.5,104,58,5,-117.357,7,-157.167,0,0,10,1,13.0758,8.55522,0
66.5,11,33,6,-116.506,4,-127.006,6,6,20,0,-999,-999,0
66.5,11,33,6,-116.506,2,-145.439,0,0,20,0,-999,-999,0
66.5,11,33,6,-116.506,5,-146.287,7,7,10,1,12.1919,7.67127,0
66.5,11,33,6,-116.506,1,-146.529,3,3,20,0,-999,-999,0
66.5,11,33,6,-116.506,3,-147.887,0,0,20,0,-999,-999,0
66.5,11,33,6,-116.506,7,-153.804,0,0,10,1,16.2067,11.9739,0
66.5,19,50,5,-139.193,4,-116.244,6,6,20,0,-999,-999,0
66.5,19,50,5,-139.193,1,-153.06,3,3,20,0,-999,-999,0
66.5,19,50,5,-139.193,3,-164.239,0,0,20,0,-999,-999,0
66.5,19,50,5,-139.193,2,-166.919,0,0,20,0,-999,-999,0
66.5,19,50,5,-139.193,6,-179.026,2,2,10,1,10.4594,5.93875,0
66.5,19,50,5,-139.193,7,-182.288,0,0,10,1,16.2067,11.9739,0
66.5,20,66,5,-107.643,1,-114.324,3,3,20,0,-999,-999,0
66.5,20,66,5,-107.643,3,-147.323,0,0,20,0,-999,-999,0
66.5,20,66,5,-107.643,2,-152.288,0,0,20,0,-999,-999,0
66.5,20,66,5,-107.643,4,-156.899,6,6,20,0,-999,-999,0
66.5,20,66,5,-107.643,6,-163.051,2,2,10,1,10.4594,5.93875,0
66.5,20,66,5,-107.643,7,-167.752,0,0,10,1,16.2067,11.9739,0
66.5,23,10,1,-104.106,3,-115.418,0,0,20,0,-999,-999,0
66.5,23,10,1,-104.106,2,-125.962,0,0,20,0,-999,-999,0
66.5,23,10,1,-104.106,5,-126.321,7,7,10,1,12.1919,7.67127,0
66.5,23,10,1,-104.106,4,-127.438,6,6,20,0,-999,-999,0
66.5,23,10,1,-104.106,6,-136.036,2,2,10,1,10.4594,5.93875,0
66.5,23,10,1,-104.106,7,-153.703,0,0,10,1,16.2067,11.9739,0
66.5,24,34,5,-93.7024,6,-106.403,2,2,10,1,10.4594,5.93875,0
66.5,24,34,5,-93.7024,1,-123.466,3,3,20,0,-999,-999,0
66.5,24,34,5,-93.7024,4,-124.042,6,6,20,0,-999,-999,0
66.5,24,34,5,-93.7024,3,-146.725,0,0,20,0,-999,-999,0
66.5,24,34,5,-93.7024,2,-151.126,0,0,20,0,-999,-999,0
66.5,24,34,5,-93.7024,7,-164.315,0,0,10,1,16.2067,11.9739,0
66.5,33,11,1,-117.142,4,-87.4334,6,6,20,0,-999,-999,4
66.5,33,11,1,-117.142,2,-130.115,0,0,20,0,-999,-999,4
66.5,33,11,1,-117.142,3,-134.833,0,0,20,0,-999,-999,4
66.5,33,11,1,-117.142,6,-140.205,2,2,10,1,10.4594,5.93875,4
66.5,33,11,1,-117.142,5,-145.791,7,7,10,1,12.1919,7.67127,4
66.5,33,11,1,-117.142,7,-150.437,0,0,10,1,16.2067,11.9739,4
66.5,41,24,4,-103.089,6,-128.387,2,2,10,1,10.4594,5.93875,0
66.5,41,24,4,-103.089,1,-129.004,3,3,20,0,-999,-999,0
66.5,41,24,4,-103.089,7,-139.106,0,0,10,1,16.2067,11.9739,0
66.5,41,24,4,-103.089,2,-141,0,0,20,0,-999,-999,0
66.5,41,24,4,-103.089,5,-141.175,7,7,10,1,12.1919,7.67127,0
66.5,41,24,4,-103.089,3,-147.063,0,0,20,0,-999,-999,0
66.5,45,18,5,-115.195,1,-129.499,3,3,20,0,-999,-999,0
66.5,45,18,5,-115.195,6,-136.154,2,2,10,1,10.4594,5.93875,0
66.5,45,18,5,-115.195,3,-136.258,0,0,20,0,-999,-999,0
66.5,45,18,5,-115.195,2,-141.81,0,0,20,0,-999,-999,0
66.5,45,18,5,-115.195,4,-150.638,6,7,20,0,-999,-999,0
66.5,45,18,5,-115.195,7,-161.283,0,0,10,1,16.2067,11.9739,0
66.5,46,26,4,-138.295,1,-148.079,3,3,20,0,-999,-999,0
66.5,46,26,4,-138.295,5,-151.163,7,7,10,1,12.1919,7.67127,0
66.5,46,26,4,-138.295,6,-153.479,2,2,10,1,10.4594,5.93875,0
66.5,46,26,4,-138.295,2,-159.876,0,0,20,0,-999,-999,0
66.5,46,26,4,-138.295,3,-162.153,0,0,20,0,-999,-999,0
66.5,46,26,4,-138.295,7,-167.509,0,0,10,1,16.2067,11.9739,0
66.5,47,29,4,-135.295,5,-126.994,7,7,10,1,12.1919,7.67127,0
66.5,47,29,4,-135.295,6,-128.873,2,2,10,1,10.4594,5.93875,0
66.5,47,29,4,-135.295,1,-133.703,3,3,20,0,-999,-999,0
66.5,47,29,4,-135.295,2,-133.863,0,0,20,0,-999,-999,0
66.5,47,29,4,-135.295,3,-140.642,0,0,20,0,-999,-999,0
66.5,47,29,4,-135.295,7,-163.621,0,0,10,1,16.2067,11.9739,0
66.5,53,42,5,-142.574,1,-141.91,3,3,20,0,-999,-999,0
66.5,53,42,5,-142.574,4,-150.258,6,7,20,0,-999,-999,0
66.5,53,42,5,-142.574,2,-155.663,0,0,20,0,-999,-999,0
66.5,53,42,5,-142.574,6,-158.849,2,2,10,1,10.4594,5.93875,0
66.5,53,42,5,-142.574,3,-161.114,0,0,20,0,-999,-999,0
66.5,53,42,5,-142.574,7,-172.642,0,0,10,1,16.2067,11.9739,0
66.5,59,26,5,-125.494,1,-111.163,3,3,20,0,-999,-999,0
66.5,59,26,5,-125.494,4,-150.933,6,7,20,0,-999,-999,0
66.5,59,26,5,-125.494,6,-152.411,2,2,10,1,10.4594,5.93875,0
66.5,59,26,5,-125.494,2,-158.494,0,0,20,0,-999,-999,0
66.5,59,26,5,-125.494,3,-158.779,0,0,20,0,-999,-999,0
66.5,59,26,5,-125.494,7,-170.473,0,0,10,1,16.2067,11.9739,0
66.5,86,24,6,-129.315,4,-101.168,6,7,20,0,-999,-999,0
66.5,86,24,6,-129.315,1,-131.375,3,3,20,0,-999,-999,0
66.5,86,24,6,-129.315,5,-145.913,7,7,10,1,12.1919,7.67127,0
66.5,86,24,6,-129.315,3,-155.771,0,0,20,0,-999,-999,0
66.5,86,24,6,-129.315,2,-155.781,0,0,20,0,-999,-999,0
66.5,86,24,6,-129.315,7,-156.407,0,0,10,1,16.2067,11.9739,0
66.5,90,30,4,-114.257,6,-124.356,2,2,10,1,10.4594,5.93875,0
66.5,90,30,4,-114.257,1,-127.24,3,3,20,0,-999,-999,0
66.5,90,30,4,-114.257,2,-134.354,0,0,20,0,-999,-999,0
66.5,90,30,4,-114.257,7,-139.03,0,0,10,1,16.2067,11.9739,0
66.5,90,30,4,-114.257,5,-140.995,7,7,10,1,12.1919,7.67127,0
66.5,90,30,4,-114.257,3,-142.19,0,0,20,0,-999,-999,0
66.5,92,13,1,-93.7609,6,-94.5489,2,2,10,1,10.4594,5.93875,0
66.5,92,13,1,-93.7609,5,-119.564,7,7,10,1,12.1919,7.67127,0
66.5,92,13,1,-93.7609,2,-129.024,0,0,20,0,-999,-999,0
66.5,92,13,1,-93.7609,3,-132.944,0,0,20,0,-999,-999,0
66.5,92,13,1,-93.7609,4,-134.552,6,7,20,0,-999,-999,0
66.5,92,13,1,-93.7609,7,-155.078,0,0,10,1,16.2067,11.9739,0
66.5,97,31,4,-86.8724,6,-109.641,2,2,10,1,10.4594,5.93875,0
66.5,97,31,4,-86.8724,1,-115.761,3,3,20,0,-999,-999,0
66.5,97,31,4,-86.8724,2,-119.399,0,0,20,0,-999,-999,0
66.5,97,31,4,-86.8724,5,-124.472,7,7,10,1,12.1919,7.67127,0
66.5,97,31,4,-86.8724,3,-132.324,0,0,20,0,-999,-999,0
66.5,97,31,4,-86.8724,7,-153.839,0,0,10,1,16.2067,11.9739,0
66.5,100,27,4,-58.7383,1,-121.67,3,3,20,0,-999,-999,0
66.5,100,27,4,-58.7383,6,-128.886,2,2,10,1,10.4594,5.93875,0
66.5,100,27,4,-58.7383,5,-135.599,7,7,10,1,12.1919,7.67127,0
66.5,100,27,4,-58.7383,2,-137.244,0,0,20,0,-999,-999,0
66.5,100,27,4,-58.7383,7,-140.492,0,0,10,1,16.2067,11.9739,0
66.5,100,27,4,-58.7383,3,-142.897,0,0,20,0,-999,-999,0
66.5,104,58,5,-116.188,1,-142.321,3,3,20,0,-999,-999,0
66.5,104,58,5,-116.188,2,-143.477,0,0,20,0,-999,-999,0
66.5,104,58,5,-116.188,3,-143.98,0,0,20,0,-999,-999,0
66.5,104,58,5,-116.188,6,-145.732,2,2,10,1,10.4594,5.93875,0
66.5,104,58,5,-116.188,4,-147.276,6,7,20,0,-999,-999,0
66.5,104,58,5,-116.188,7,-164.588,0,0,10,1,16.2067,11.9739,0
68.5,11,33,6,-107.301,4,-129.906,7,7,20,0,-999,-999,0
68.5,11,33,6,-107.301,5,-142.218,7,7,10,1,11.2307,6.71008,0
68.5,11,33,6,-107.301,2,-143.222,0,0,20,0,-999,-999,0
68.5,11,33,6,-107.301,3,-148.626,0,0,20,0,-999,-999,0
68.5,11,33,6,-107.301,1,-150.018,2,2,20,0,-999,-999,0
68.5,11,33,6,-107.301,7,-154.945,0,0,10,1,14.1257,9.60511,0
68.5,19,50,5,-139.529,1,-147.601,2,2,20,0,-999,-999,0
68.5,19,50,5,-139.529,4,-154.747,7,7,20,0,-999,-999,0
68.5,19,50,5,-139.529,3,-161.619,0,0,20,0,-999,-999,0
68.5,19,50,5,-139.529,2,-166.553,0,0,20,0,-999,-999,0
68.5,19,50,5,-139.529,6,-178.332,3,3,10,1,15.1911,10.6705,0
68.5,19,50,5,-139.529,7,-183.543,0,0,10,1,14.1257,9.60511,0
68.5,20,66,5,-112.398,6,-141.301,3,3,10,1,15.1911,10.6705,0
68.5,20,66,5,-112.398,1,-149.98,2,2,20,0,-999,-999,0
68.5,20,66,5,-112.398,3,-150.464,0,0,20,0,-999,-999,0
68.5,20,66,5,-112.398,2,-152.351,0,0,20,0,-999,-999,0
68.5,20,66,5,-112.398,4,-155.642,7,7,20,0,-999,-999,0
68.5,20,66,5,-112.398,7,-170.71,0,0,10,1,14.1257,9.60511,0
68.5,23,10,1,-131.45,3,-119.266,0,0,20,0,-999,-999,0
68.5,23,10,1,-131.45,2,-124.277,0,0,20,0,-999,-999,0
68.5,23,10,1,-131.45,4,-137.789,7,7,20,0,-999,-999,0
68.5,23,10,1,-131.45,5,-139.45,7,7,10,1,11.2307,6.71008,0
68.5,23,10,1,-131.45,6,-141.394,3,3,10,1,15.1911,10.6705,0
68.5,23,10,1,-131.45,7,-155.357,0,0,10,1,14.1257,9.60511,0
68.5,24,34,5,-81.008,4,-121.772,7,7,20,0,-999,-999,0
68.5,24,34,5,-81.008,1,-133.86,2,2,20,0,-999,-999,0
68.5,24,34,5,-81.008,6,-142.812,3,3,10,1,15.1911,10.6705,0
68.5,24,34,5,-81.008,2,-143.236,0,0,20,0,-999,-999,0
68.5,24,34,5,-81.008,3,-145.763,0,0,20,0,-999,-999,0
68.5,24,34,5,-81.008,7,-163.403,0,0,10,1,14.1257,9.60511,0
68.5,33,32,4,-126.863,5,-113.152,7,7,10,1,11.2307,6.71008,0
68.5,33,32,4,-126.863,1,-117.424,2,2,20,0,-999,-999,0
68.5,33,32,4,-126.863,2,-131.581,0,0,20,0,-999,-999,0
68.5,33,32,4,-126.863,3,-137.488,0,0,20,0,-999,-999,0
68.5,33,32,4,-126.863,6,-144.099,3,3,10,1,15.1911,10.6705,0
68.5,33,32,4,-126.863,7,-152.145,0,0,10,1,14.1257,9.60511,0
68.5,41,24,4,-94.8535,6,-107.2,3,3,10,1,15.1911,10.6705,0
68.5,41,24,4,-94.8535,1,-136.662,2,2,20,0,-999,-999,0
68.5,41,24,4,-94.8535,5,-140.356,7,7,10,1,11.2307,6.71008,0
68.5,41,24,4,-94.8535,2,-142.297,0,0,20,0,-999,-999,0
68.5,41,24,4,-94.8535,7,-142.882,0,0,10,1,14.1257,9.60511,0
68.5,41,24,4,-94.8535,3,-145.612,0,0,20,0,-999,-999,0
68.5,45,18,5,-121.483,1,-94.5545,2,2,20,0,-999,-999,0
68.5,45,18,5,-121.483,6,-99.2663,3,3,10,1,15.1911,10.6705,0
68.5,45,18,5,-121.483,4,-131.343,7,7,20,0,-999,-999,0
68.5,45,18,5,-121.483,3,-140.411,0,0,20,0,-999,-999,0
68.5,45,18,5,-121.483,2,-144.485,0,0,20,0,-999,-999,0
68.5,45,18,5,-121.483,7,-164.44,0,0,10,1,14.1257,9.60511,0
68.5,46,26,4,-119.116,6,-123.183,3,3,10,1,15.1911,10.6705,0
68.5,46,26,4,-119.116,1,-149.893,2,2,20,0,-999,-999,0
68.5,46,26,4,-119.116,5,-151.386,7,7,10,1,11.2307,6.71008,0
68.5,46,26,4,-119.116,3,-159.929,0,0,20,0,-999,-999,0
68.5,46,26,4,-119.116,2,-162.754,0,0,20,0,-999,-999,0
68.5,46,26,4,-119.116,7,-162.934,0,0,10,1,14.1257,9.60511,0
68.5,47,29,4,-137.078,5,-128.149,7,7,10,1,11.2307,6.71008,0
68.5,47,29,4,-137.078,1,-131.153,2,2,20,0,-999,-999,0
68.5,47,29,4,-137.078,2,-134.989,0,0,20,0,-999,-999,0
68.5,47,29,4,-137.078,3,-136.301,0,0,20,0,-999,-999,0
68.5,47,29,4,-137.078,6,-136.41,3,3,10,1,15.1911,10.6705,0
68.5,47,29,4,-137.078,7,-158.073,0,0,10,1,14.1257,9.60511,0
68.5,53,42,5,-110.001,1,-110.088,2,2,20,0,-999,-999,0
68.5,53,42,5,-110.001,4,-126.09,7,7,20,0,-999,-999,0
68.5,53,42,5,-110.001,6,-149.132,3,3,10,1,15.1911,10.6705,0
68.5,53,42,5,-110.001,3,-159.351,0,0,20,0,-999,-999,0
68.5,53,42,5,-110.001,2,-161.793,0,0,20,0,-999,-999,0
68.5,53,42,5,-110.001,7,-186.252,0,0,10,1,14.1257,9.60511,0
68.5,59,26,5,-133.006,1,-102.409,2,2,20,0,-999,-999,0
68.5,59,26,5,-133.006,4,-132.276,7,7,20,0,-999,-999,0
68.5,59,26,5,-133.006,6,-143.992,3,3,10,1,15.1911,10.6705,0
68.5,59,26,5,-133.006,3,-156.392,0,0,20,0,-999,-999,0
68.5,59,26,5,-133.006,2,-158.433,0,0,20,0,-999,-999,0
68.5,59,26,5,-133.006,7,-173.101,0,0,10,1,14.1257,9.60511,0
68.5,86,24,6,-121.573,1,-110.165,2,2,20,0,-999,-999,0
68.5,86,24,6,-121.573,4,-115.483,7,7,20,0,-999,-999,0
68.5,86,24,6,-121.573,5,-146.854,7,7,10,1,11.2307,6.71008,0
68.5,86,24,6,-121.573,3,-150.785,0,0,20,0,-999,-999,0
68.5,86,24,6,-121.573,2,-152.936,0,0,20,0,-999,-999,0
68.5,86,24,6,-121.573,7,-158.35,0,0,10,1,14.1257,9.60511,0
68.5,90,30,4,-88.5244,1,-101.588,2,2,20,0,-999,-999,0
68.5,90,30,4,-88.5244,5,-110.68,7,7,10,1,11.2307,6.71008,0
68.5,90,30,4,-88.5244,6,-130.523,3,3,10,1,15.1911,10.6705,0
68.5,90,30,4,-88.5244,2,-132.477,0,0,20,0,-999,-999,0
68.5,90,30,4,-88.5244,7,-135.209,0,0,10,1,14.1257,9.60511,0
68.5,90,30,4,-88.5244,3,-137.06,0,0,20,0,-999,-999,0
68.5,92,13,1,-122.465,6,-111.069,3,3,10,1,15.1911,10.6705,0
68.5,92,13,1,-122.465,3,-117.086,0,0,20,0,-999,-999,0
68.5,92,13,1,-122.465,2,-126.879,0,0,20,0,-999,-999,0
68.5,92,13,1,-122.465,5,-127.759,7,7,10,1,11.2307,6.71008,0
68.5,92,13,1,-122.465,4,-144.905,7,7,20,0,-999,-999,0
68.5,92,13,1,-122.465,7,-152.384,0,0,10,1,14.1257,9.60511,0
68.5,97,31,4,-107.561,2,-114.442,0,0,20,0,-999,-999,0
68.5,97,31,4,-107.561,1,-119.895,2,2,20,0,-999,-999,0
68.5,97,31,4,-107.561,6,-125.34,3,3,10,1,15.1911,10.6705,0
68.5,97,31,4,-107.561,3,-129.885,0,0,20,0,-999,-999,0
68.5,97,31,4,-107.561,5,-147.915,7,7,10,1,11.2307,6.71008,0
68.5,97,31,4,-107.561,7,-149.152,0,0,10,1,14.1257,9.60511,0
68.5,100,27,4,-89.1778,1,-98.9154,2,2,20,0,-999,-999,0
68.5,100,27,4,-89.1778,6,-109.663,3,3,10,1,15.1911,10.6705,0
68.5,100,27,4,-89.1778,2,-136.53,0,0,20,0,-999,-999,0
68.5,100,27,4,-89.1778,7,-143.391,0,0,10,1,14.1257,9.60511,0
68.5,100,27,4,-89.1778,5,-148.819,7,7,10,1,11.2307,6.71008,0
68.5,100,27,4,-89.1778,3,-149.864,0,0,20,0,-999,-999,0
68.5,104,58,5,-121.753,1,-136.311,2,2,20,0,-999,-999,0
68.5,104,58,5,-121.753,3,-140.497,0,0,20,0,-999,-999,0
68.5,104,58,5,-121.753,2,-143.075,0,0,20,0,-999,-999,0
68.5,104,58,5,-121.753,4,-143.345,7,7,20,0,-999,-999,0
68.5,104,58,5,-121.753,6,-144.935,3,3,10,1,15.1911,10.6705,0
68.5,104,58,5,-121.753,7,-160.275,0,0,10,1,14.1257,9.60511,0
70.5,11,33,6,-114.316,4,-127.112,7,7,20,0,-999,-999,0
70.5,11,33,6,-114.316,2,-143.054,0,0,20,0,-999,-999,0
70.5,11,33,6,-114.316,1,-143.902,2,2,20,0,-999,-999,0
70.5,11,33,6,-114.316,7,-149.977,0,0,10,1,14.3613,9.84073,0
70.5,11,33,6,-114.316,5,-152.332,7,7,10,1,10.6799,6.15929,0
70.5,11,33,6,-114.316,3,-155.765,0,0,20,0,-999,-999,0
70.5,19,50,5,-138.474,4,-116.224,7,7,20,0,-999,-999,0
70.5,19,50,5,-138.474,1,-156.585,2,2,20,0,-999,-999,0
70.5,19,50,5,-138.474,3,-167.39,0,0,20,0,-999,-999,0
70.5,19,50,5,-138.474,2,-169.876,0,0,20,0,-999,-999,0
70.5,19,50,5,-138.474,6,-173.105,3,3,10,1,13.0604,8.53979,0
70.5,19,50,5,-138.474,7,-183.988,0,0,10,1,14.3613,9.84073,0
70.5,20,66,5,-61.9482,1,-126.232,2,2,20,0,-999,-999,0
70.5,20,66,5,-61.9482,6,-148.55,3,3,10,1,13.0604,8.53979,0
70.5,20,66,5,-61.9482,3,-148.668,0,0,20,0,-999,-999,0
70.5,20,66,5,-61.9482,2,-155.511,0,0,20,0,-999,-999,0
70.5,20,66,5,-61.9482,4,-157.189,7,7,20,0,-999,-999,0
70.5,20,66,5,-61.9482,7,-168.84,0,0,10,1,14.3613,9.84073,0
70.5,23,10,1,-125.38,5,-104.704,7,7,10,1,10.6799,6.15929,0
70.5,23,10,1,-125.38,3,-118.439,0,0,20,0,-999,-999,0
70.5,23,10,1,-125.38,2,-125.384,0,0,20,0,-999,-999,0
70.5,23,10,1,-125.38,4,-135.481,7,7,20,0,-999,-999,0
70.5,23,10,1,-125.38,6,-143.962,3,3,10,1,13.0604,8.53979,0
70.5,23,10,1,-125.38,7,-150.587,0,0,10,1,14.3613,9.84073,0
70.5,24,34,5,-120.411,6,-103.497,3,3,10,1,13.0604,8.53979,0
70.5,24,34,5,-120.411,4,-121.545,7,7,20,0,-999,-999,0
70.5,24,34,5,-120.411,1,-134.673,2,2,20,0,-999,-999,0
70.5,24,34,5,-120.411,3,-143.558,0,0,20,0,-999,-999,0
70.5,24,34,5,-120.411,2,-147.827,0,0,20,0,-999,-999,0
70.5,24,34,5,-120.411,7,-164.547,0,0,10,1,14.3613,9.84073,0
70.5,27,41,6,-131.321,5,-110.383,7,7,10,1,10.6799,6.15929,0
70.5,27,41,6,-131.321,4,-136.215,7,7,20,0,-999,-999,0
70.5,27,41,6,-131.321,1,-145.976,2,2,20,0,-999,-999,0
70.5,27,41,6,-131.321,7,-158.655,0,0,10,1,14.3613,9.84073,0
70.5,27,41,6,-131.321,3,-158.987,0,0,20,0,-999,-999,0
70.5,27,41,6,-131.321,2,-160.037,0,0,20,0,-999,-999,0
70.5,33,32,4,-128.007,1,-121.35,2,2,20,0,-999,-999,0
70.5,33,32,4,-128.007,2,-134.618,0,0,20,0,-999,-999,0
70.5,33,32,4,-128.007,6,-135.66,3,3,10,1,13.0604,8.53979,0
70.5,33,32,4,-128.007,3,-139.596,0,0,20,0,-999,-999,0
70.5,33,32,4,-128.007,7,-145.999,0,0,10,1,14.3613,9.84073,0
70.5,33,32,4,-128.007,5,-148.688,7,7,10,1,10.6799,6.15929,0
70.5,41,24,4,-107.646,6,-90.7941,3,3,10,1,13.0604,8.53979,0
70.5,41,24,4,-107.646,5,-122.125,7,7,10,1,10.6799,6.15929,0
70.5,41,24,4,-107.646,1,-138.122,2,2,20,0,-999,-999,0
70.5,41,24,4,-107.646,7,-139.029,0,0,10,1,14.3613,9.84073,0
70.5,41,24,4,-107.646,2,-140.301,0,0,20,0,-999,-999,0
70.5,41,24,4,-107.646,3,-149.762,0,0,20,0,-999,-999,0
70.5,45,18,5,-121.873,6,-104.284,3,3,10,1,13.0604,8.53979,0
70.5,45,18,5,-121.873,3,-134.94,0,0,20,0,-999,-999,0
70.5,45,18,5,-121.873,1,-135.889,2,2,20,0,-999,-999,0
70.5,45,18,5,-121.873,2,-145.6,0,0,20,0,-999,-999,0
70.5,45,18,5,-121.873,4,-149.628,7,7,20,0,-999,-999,0
70.5,45,18,5,-121.873,7,-167.992,0,0,10,1,14.3613,9.84073,0
70.5,46,26,4,-132.487,6,-139.104,3,3,10,1,13.0604,8.53979,0
70.5,46,26,4,-132.487,5,-150.642,7,7,10,1,10.6799,6.15929,0
70.5,46,26,4,-132.487,1,-153.949,2,2,20,0,-999,-999,0
70.5,46,26,4,-132.487,3,-163.908,0,0,20,0,-999,-999,0
70.5,46,26,4,-132.487,7,-164.686,0,0,10,1,14.3613,9.84073,0
70.5,46,26,4,-132.487,2,-166.286,0,0,20,0,-999,-999,0
70.5,47,29,4,-105.499,1,-128.017,2,2,20,0,-999,-999,0
70.5,47,29,4,-105.499,5,-130.035,7,7,10,1,10.6799,6.15929,0
70.5,47,29,4,-105.499,2,-136.64,0,0,20,0,-999,-999,0
70.5,47,29,4,-105.499,3,-138.349,0,0,20,0,-999,-999,0
70.5,47,29,4,-105.499,6,-139.043,3,3,10,1,13.0604,8.53979,0
70.5,47,29,4,-105.499,7,-157.59,0,0,10,1,14.3613,9.84073,0
70.5,53,42,5,-99.6326,4,-111.717,7,7,20,0,-999,-999,0
70.5,53,42,5,-99.6326,6,-115.515,3,3,10,1,13.0604,8.53979,0
70.5,53,42,5,-99.6326,1,-147.066,2,2,20,0,-999,-999,0
70.5,53,42,5,-99.6326,3,-158.125,0,0,20,0,-999,-999,0
70.5,53,42,5,-99.6326,2,-168.56,0,0,20,0,-999,-999,0
70.5,53,42,5,-99.6326,7,-182.995,0,0,10,1,14.3613,9.84073,0
70.5,59,26,5,-138.795,1,-103.245,2,2,20,0,-999,-999,1
70.5,59,26,5,-138.795,4,-147.895,7,7,20,0,-999,-999,1
70.5,59,26,5,-138.795,6,-156.527,3,3,10,1,13.0604,8.53979,1
70.5,59,26,5,-138.795,3,-158.03,0,0,20,0,-999,-999,1
70.5,59,26,5,-138.795,2,-159.258,0,0,20,0,-999,-999,1
70.5,59,26,5,-138.795,7,-171.755,0,0,10,1,14.3613,9.84073,1
70.5,86,24,6,-124.501,1,-127.496,2,3,20,0,-999,-999,0
70.5,86,24,6,-124.501,4,-137.986,7,7,20,0,-999,-999,0
70.5,86,24,6,-124.501,5,-154.901,7,7,10,1,10.6799,6.15929,0
70.5,86,24,6,-124.501,7,-156.185,0,0,10,1,14.3613,9.84073,0
70.5,86,24,6,-124.501,3,-156.393,0,0,20,0,-999,-999,0
70.5,86,24,6,-124.501,2,-158.015,0,0,20,0,-999,-999,0
70.5,90,30,4,-112.484,6,-96.2444,3,3,10,1,13.0604,8.53979,0
70.5,90,30,4,-112.484,1,-127.255,2,3,20,0,-999,-999,0
70.5,90,30,4,-112.484,2,-130.758,0,0,20,0,-999,-999,0
70.5,90,30,4,-112.484,7,-133.606,0,0,10,1,14.3613,9.84073,0
70.5,90,30,4,-112.484,3,-141.519,0,0,20,0,-999,-999,0
70.5,90,30,4,-112.484,5,-145.945,7,7,10,1,10.6799,6.15929,0
70.5,92,13,1,-120.484,2,-125.661,0,0,20,0,-999,-999,0
70.5,92,13,1,-120.484,3,-131.557,0,0,20,0,-999,-999,0
70.5,92,13,1,-120.484,6,-132.27,3,3,10,1,13.0604,8.53979,0
70.5,92,13,1,-120.484,5,-136.068,7,7,10,1,10.6799,6.15929,0
70.5,92,13,1,-120.484,4,-146.412,7,7,20,0,-999,-999,0
70.5,92,13,1,-120.484,7,-155.782,0,0,10,1,14.3613,9.84073,0
70.5,97,31,4,-120.088,1,-102.356,2,3,20,0,-999,-999,0
70.5,97,31,4,-120.088,2,-104.799,0,0,20,0,-999,-999,0
70.5,97,31,4,-120.088,3,-126.25,0,0,20,0,-999,-999,0
70.5,97,31,4,-120.088,6,-136.22,3,3,10,1,13.0604,8.53979,0
70.5,97,31,4,-120.088,5,-140.08,7,7,10,1,10.6799,6.15929,0
70.5,97,31,4,-120.088,7,-149.348,0,0,10,1,14.3613,9.84073,0
70.5,100,27,4,-82.1036,6,-91.9581,3,3,10,1,13.0604,8.53979,0
70.5,100,27,4,-82.1036,1,-118.147,2,3,20,0,-999,-999,0
70.5,100,27,4,-82.1036,2,-135.461,0,0,20,0,-999,-999,0
70.5,100,27,4,-82.1036,5,-139.779,7,7,10,1,10.6799,6.15929,0
70.5,100,27,4,-82.1036,7,-140.366,0,0,10,1,14.3613,9.84073,0
70.5,100,27,4,-82.1036,3,-146.063,0,0,20,0,-999,-999,0
70.5,104,58,5,-80.3775,1,-125.193,2,3,20,0,-999,-999,0
70.5,104,58,5,-80.3775,3,-138.232,0,0,20,0,-999,-999,0
70.5,104,58,5,-80.3775,6,-138.581,3,3,10,1,13.0604,8.53979,0
70.5,104,58,5,-80.3775,2,-145.799,0,0,20,0,-999,-999,0
70.5,104,58,5,-80.3775,4,-151.01,7,7,20,0,-999,-999,0
70.5,104,58,5,-80.3775,7,-158.009,0,0,10,1,14.3613,9.84073,0
72.5,11,33,6,-77.2461,4,-99.853,7,7,20,0,-999,-999,0
72.5,11,33,6,-77.2461,5,-141.606,6,6,10,1,13.0502,8.5296,0
72.5,11,33,6,-77.2461,1,-147.461,3,3,20,0,-999,-999,0
72.5,11,33,6,-77.2461,3,-150.398,0,0,20,0,-999,-999,0
72.5,11,33,6,-77.2461,2,-152.706,0,0,20,0,-999,-999,0
72.5,11,33,6,-77.2461,7,-153.262,0,0,10,1,10.6071,6.08651,0
72.5,19,50,5,-139.713,1,-140.504,3,3,20,0,-999,-999,0
72.5,19,50,5,-139.713,4,-152.596,7,7,20,0,-999,-999,0
72.5,19,50,5,-139.713,3,-169.785,0,0,20,0,-999,-999,0
72.5,19,50,5,-139.713,2,-170.627,0,0,20,0,-999,-999,0
72.5,19,50,5,-139.713,6,-174.643,3,3,10,1,10.1042,5.58357,0
72.5,19,50,5,-139.713,7,-175.703,0,0,10,1,10.6071,6.08651,0
72.5,20,66,5,-57.0869,4,-137.411,7,7,20,0,-999,-999,0
72.5,20,66,5,-57.0869,1,-149.338,3,3,20,0,-999,-999,0
72.5,20,66,5,-57.0869,2,-152.76,0,0,20,0,-999,-999,0
72.5,20,66,5,-57.0869,6,-153.93,3,3,10,1,10.1042,5.58357,0
72.5,20,66,5,-57.0869,3,-156.399,0,0,20,0,-999,-999,0
72.5,20,66,5,-57.0869,7,-166.136,0,0,10,1,10.6071,6.08651,0
72.5,23,10,1,-102.668,3,-118.711,0,0,20,0,-999,-999,0
72.5,23,10,1,-102.668,2,-128.836,0,0,20,0,-999,-999,0
72.5,23,10,1,-102.668,4,-132.752,7,7,20,0,-999,-999,0
72.5,23,10,1,-102.668,5,-140.54,6,6,10,1,13.0502,8.5296,0
72.5,23,10,1,-102.668,6,-149.444,3,3,10,1,10.1042,5.58357,0
72.5,23,10,1,-102.668,7,-155.21,0,0,10,1,10.6071,6.08651,0
72.5,24,34,5,-127.487,1,-134.719,3,3,20,0,-999,-999,0
72.5,24,34,5,-127.487,6,-143.128,3,3,10,1,10.1042,5.58357,0
72.5,24,34,5,-127.487,3,-144.56,0,0,20,0,-999,-999,0
72.5,24,34,5,-127.487,2,-145.158,0,0,20,0,-999,-999,0
72.5,24,34,5,-127.487,4,-161.147,7,7,20,0,-999,-999,0
72.5,24,34,5,-127.487,7,-168.724,0,0,10,1,10.6071,6.08651,0
72.5,27,41,6,-104.958,4,-132.199,7,7,20,0,-999,-999,0
72.5,27,41,6,-104.958,1,-144.221,3,3,20,0,-999,-999,0
72.5,27,41,6,-104.958,5,-150.169,6,6,10,1,13.0502,8.5296,0
72.5,27,41,6,-104.958,3,-156.285,0,0,20,0,-999,-999,0
72.5,27,41,6,-104.958,7,-157.593,0,0,10,1,10.6071,6.08651,0
72.5,27,41,6,-104.958,2,-159.003,0,0,20,0,-999,-999,0
72.5,33,32,4,-122.549,1,-117.264,3,3,20,0,-999,-999,0
72.5,33,32,4,-122.549,2,-130.977,0,0,20,0,-999,-999,0
72.5,33,32,4,-122.549,5,-133.065,6,6,10,1,13.0502,8.5296,0
72.5,33,32,4,-122.549,6,-140.472,3,3,10,1,10.1042,5.58357,0
72.5,33,32,4,-122.549,3,-141.743,0,0,20,0,-999,-999,0
72.5,33,32,4,-122.549,7,-151.426,0,0,10,1,10.6071,6.08651,0
72.5,41,24,4,-110.458,6,-135.825,3,3,10,1,10.1042,5.58357,0
72.5,41,24,4,-110.458,2,-137.313,0,0,20,0,-999,-999,0
72.5,41,24,4,-110.458,1,-138.513,3,3,20,0,-999,-999,0
72.5,41,24,4,-110.458,7,-141.332,0,0,10,1,10.6071,6.08651,0
72.5,41,24,4,-110.458,5,-141.341,6,6,10,1,13.0502,8.5296,0
72.5,41,24,4,-110.458,3,-149.98,0,0,20,0,-999,-999,0
72.5,45,18,5,-124.955,1,-124.337,3,3,20,0,-999,-999,0
72.5,45,18,5,-124.955,3,-139.426,0,0,20,0,-999,-999,0
72.5,45,18,5,-124.955,6,-140.74,3,3,10,1,10.1042,5.58357,0
72.5,45,18,5,-124.955,2,-147.013,0,0,20,0,-999,-999,0
72.5,45,18,5,-124.955,4,-153.478,7,7,20,0,-999,-999,0
72.5,45,18,5,-124.955,7,-169.087,0,0,10,1,10.6071,6.08651,0
72.5,46,26,4,-110.654,5,-113.108,6,6,10,1,13.0502,8.5296,0
72.5,46,26,4,-110.654,1,-138.22,3,3,20,0,-999,-999,0
72.5,46,26,4,-110.654,6,-143.792,3,3,10,1,10.1042,5.58357,0
72.5,46,26,4,-110.654,2,-160.944,0,0,20,0,-999,-999,0
72.5,46,26,4,-110.654,3,-165.388,0,0,20,0,-999,-999,0
72.5,46,26,4,-110.654,7,-167.158,0,0,10,1,10.6071,6.08651,0
72.5,47,29,4,-124.877,6,-95.757,3,3,10,1,10.1042,5.58357,0
72.5,47,29,4,-124.877,5,-114.085,6,6,10,1,13.0502,8.5296,0
72.5,47,29,4,-124.877,1,-126.86,3,3,20,0,-999,-999,0
72.5,47,29,4,-124.877,3,-136.552,0,0,20,0,-999,-999,0
72.5,47,29,4,-124.877,2,-138.529,0,0,20,0,-999,-999,0
72.5,47,29,4,-124.877,7,-160.537,0,0,10,1,10.6071,6.08651,0
72.5,53,42,5,-138.705,1,-144.672,3,3,20,0,-999,-999,0
72.5,53,42,5,-138.705,4,-153.299,7,7,20,0,-999,-999,0
72.5,53,42,5,-138.705,6,-153.432,3,3,10,1,10.1042,5.58357,0
72.5,53,42,5,-138.705,2,-161.501,0,0,20,0,-999,-999,0
72.5,53,42,5,-138.705,3,-162.382,0,0,20,0,-999,-999,0
72.5,53,42,5,-138.705,7,-174.971,0,0,10,1,10.6071,6.08651,0
72.5,59,14,1,-141.657,5,-109.902,6,6,10,1,13.0502,8.5296,0
72.5,59,14,1,-141.657,4,-149.046,7,7,20,0,-999,-999,0
72.5,59,14,1,-141.657,6,-152.115,3,3,10,1,10.1042,5.58357,0
72.5,59,14,1,-141.657,2,-157.29,0,0,20,0,-999,-999,0
72.5,59,14,1,-141.657,3,-160.725,0,0,20,0,-999,-999,0
72.5,59,14,1,-141.657,7,-170.762,0,0,10,1,10.6071,6.08651,0
72.5,86,24,6,-124.134,4,-141.17,7,7,20,0,-999,-999,0
72.5,86,24,6,-124.134,1,-142.601,3,3,20,0,-999,-999,0
72.5,86,24,6,-124.134,5,-146.141,6,6,10,1,13.0502,8.5296,0
72.5,86,24,6,-124.134,3,-152.849,0,0,20,0,-999,-999,0
72.5,86,24,6,-124.134,2,-153.559,0,0,20,0,-999,-999,0
72.5,86,24,6,-124.134,7,-158.456,0,0,10,1,10.6071,6.08651,0
72.5,90,30,4,-118.498,6,-89.7972,3,3,10,1,10.1042,5.58357,6
72.5,90,30,4,-118.498,1,-124.139,3,3,20,0,-999,-999,6
72.5,90,30,4,-118.498,5,-129.414,6,6,10,1,13.0502,8.5296,6
72.5,90,30,4,-118.498,2,-133.891,0,0,20,0,-999,-999,6
72.5,90,30,4,-118.498,7,-137.258,0,0,10,1,10.6071,6.08651,6
72.5,90,30,4,-118.498,3,-142.956,0,0,20,0,-999,-999,6
72.5,92,13,1,-92.8702,5,-120.145,6,6,10,1,13.0502,8.5296,0
72.5,92,13,1,-92.8702,2,-131.368,0,0,20,0,-999,-999,0
72.5,92,13,1,-92.8702,3,-135.28,0,0,20,0,-999,-999,0
72.5,92,13,1,-92.8702,6,-135.815,3,4,10,1,10.1042,5.58357,0
72.5,92,13,1,-92.8702,4,-148.653,7,7,20,0,-999,-999,0
72.5,92,13,1,-92.8702,7,-157.353,0,0,10,1,10.6071,6.08651,0
72.5,97,31,4,-110.588,2,-104.459,0,0,20,0,-999,-999,0
72.5,97,31,4,-110.588,1,-121.584,3,3,20,0,-999,-999,0
72.5,97,31,4,-110.588,3,-132.773,0,0,20,0,-999,-999,0
72.5,97,31,4,-110.588,5,-141.92,6,6,10,1,13.0502,8.5296,0
72.5,97,31,4,-110.588,6,-146.884,3,4,10,1,10.1042,5.58357,0
72.5,97,31,4,-110.588,7,-150.372,0,0,10,1,10.6071,6.08651,0
72.5,100,27,4,-68.0466,1,-106.804,3,3,20,0,-999,-999,0
72.5,100,27,4,-68.0466,6,-127.189,3,4,10,1,10.1042,5.58357,0
72.5,100,27,4,-68.0466,5,-134.858,6,6,10,1,13.0502,8.5296,0
72.5,100,27,4,-68.0466,2,-137.002,0,0,20,0,-999,-999,0
72.5,100,27,4,-68.0466,7,-139.793,0,0,10,1,10.6071,6.08651,0
72.5,100,27,4,-68.0466,3,-146.651,0,0,20,0,-999,-999,0
72.5,104,58,5,-121.765,6,-114.633,3,4,10,1,10.1042,5.58357,0
72.5,104,58,5,-121.765,4,-133.438,7,7,20,0,-999,-999,0
72.5,104,58,5,-121.765,3,-141.958,0,0,20,0,-999,-999,0
72.5,104,58,5,-121.765,1,-143.428,3,3,20,0,-999,-999,0
72.5,104,58,5,-121.765,2,-144.28,0,0,20,0,-999,-999,0
72.5,104,58,5,-121.765,7,-165.763,0,0,10,1,10.6071,6.08651,0
74.5,11,33,6,-120.783,4,-124.709,6,6,20,0,-999,-999,0
74.5,11,33,6,-120.783,5,-140.745,6,6,10,1,12.5511,8.0305,0
74.5,11,33,6,-120.783,3,-148.95,0,0,20,0,-999,-999,0
74.5,11,33,6,-120.783,2,-149.147,0,0,20,0,-999,-999,0
74.5,11,33,6,-120.783,7,-150.839,0,0,10,1,14.2429,9.72225,0
74.5,11,33,6,-120.783,1,-151.402,3,3,20,0,-999,-999,0
74.5,19,50,5,-114.781,4,-142.285,6,6,20,0,-999,-999,0
74.5,19,50,5,-114.781,1,-145.836,3,3,20,0,-999,-999,0
74.5,19,50,5,-114.781,6,-156.385,4,4,10,1,13.8026,9.28201,0
74.5,19,50,5,-114.781,2,-166.966,0,0,20,0,-999,-999,0
74.5,19,50,5,-114.781,3,-168.823,0,0,20,0,-999,-999,0
74.5,19,50,5,-114.781,7,-175.597,0,0,10,1,14.2429,9.72225,0
74.5,20,66,5,-62.0428,3,-152.467,0,0,20,0,-999,-999,0
74.5,20,66,5,-62.0428,1,-154.825,3,3,20,0,-999,-999,0
74.5,20,66,5,-62.0428,2,-155.361,0,0,20,0,-999,-999,0
74.5,20,66,5,-62.0428,6,-155.991,4,4,10,1,13.8026,9.28201,0
74.5,20,66,5,-62.0428,4,-159.361,6,6,20,0,-999,-999,0
74.5,20,66,5,-62.0428,7,-171.077,0,0,10,1,14.2429,9.72225,0
74.5,23,10,1,-126.872,3,-121.373,0,0,20,0,-999,-999,0
74.5,23,10,1,-126.872,2,-127.839,0,0,20,0,-999,-999,0
74.5,23,10,1,-126.872,4,-130.471,6,6,20,0,-999,-999,0
74.5,23,10,1,-126.872,6,-132.361,4,4,10,1,13.8026,9.28201,0
74.5,23,10,1,-126.872,5,-132.438,6,6,10,1,12.5511,8.0305,0
74.5,23,10,1,-126.872,7,-158.216,0,0,10,1,14.2429,9.72225,0
74.5,24,34,5,-119.71,6,-102.079,4,4,10,1,13.8026,9.28201,0
74.5,24,34,5,-119.71,1,-131.506,3,3,20,0,-999,-999,0
74.5,24,34,5,-119.71,3,-138.61,0,0,20,0,-999,-999,0
74.5,24,34,5,-119.71,2,-146.965,0,0,20,0,-999,-999,0
74.5,24,34,5,-119.71,4,-155.644,6,6,20,0,-999,-999,0
74.5,24,34,5,-119.71,7,-166.179,0,0,10,1,14.2429,9.72225,0
74.5,27,41,6,-125.477,1,-105.996,3,3,20,0,-999,-999,0
74.5,27,41,6,-125.477,4,-137.353,6,6,20,0,-999,-999,0
74.5,27,41,6,-125.477,5,-146.271,6,6,10,1,12.5511,8.0305,0
74.5,27,41,6,-125.477,2,-151.625,0,0,20,0,-999,-999,0
74.5,27,41,6,-125.477,3,-154.413,0,0,20,0,-999,-999,0
74.5,27,41,6,-125.477,7,-160.576,0,0,10,1,14.2429,9.72225,0
74.5,33,32,4,-122.144,1,-120.787,3,3,20,0,-999,-999,0
74.5,33,32,4,-122.144,6,-130.682,4,4,10,1,13.8026,9.28201,0
74.5,33,32,4,-122.144,2,-133.521,0,0,20,0,-999,-999,0
74.5,33,32,4,-122.144,3,-139.38,0,0,20,0,-999,-999,0
74.5,33,32,4,-122.144,5,-145.413,6,6,10,1,12.5511,8.0305,0
74.5,33,32,4,-122.144,7,-151.391,0,0,10,1,14.2429,9.72225,0
74.5,41,24,4,-95.8649,6,-124.605,4,4,10,1,13.8026,9.28201,0
74.5,41,24,4,-95.8649,1,-131.734,3,3,20,0,-999,-999,0
74.5,41,24,4,-95.8649,5,-137.177,6,6,10,1,12.5511,8.0305,0
74.5,41,24,4,-95.8649,2,-141.805,0,0,20,0,-999,-999,0
74.5,41,24,4,-95.8649,7,-143.76,0,0,10,1,14.2429,9.72225,0
74.5,41,24,4,-95.8649,3,-146.645,0,0,20,0,-999,-999,0
74.5,45,18,5,-123.547,6,-134.218,4,4,10,1,13.8026,9.28201,0
74.5,45,18,5,-123.547,1,-134.578,3,3,20,0,-999,-999,0
74.5,45,18,5,-123.547,3,-138.609,0,0,20,0,-999,-999,0
74.5,45,18,5,-123.547,4,-143.743,6,6,20,0,-999,-999,0
74.5,45,18,5,-123.547,2,-146.9,0,0,20,0,-999,-999,0
74.5,45,18,5,-123.547,7,-165.14,0,0,10,1,14.2429,9.72225,0
74.5,46,26,4,-123.347,6,-144.866,4,4,10,1,13.8026,9.28201,0
74.5,46,26,4,-123.347,5,-152.297,6,6,10,1,12.5511,8.0305,0
74.5,46,26,4,-123.347,1,-156.535,3,3,20,0,-999,-999,0
74.5,46,26,4,-123.347,2,-159.394,0,0,20,0,-999,-999,0
74.5,46,26,4,-123.347,7,-164.737,0,0,10,1,14.2429,9.72225,0
74.5,46,26,4,-123.347,3,-167.486,0,0,20,0,-999,-999,0
74.5,47,29,4,-116.141,1,-119.882,3,3,20,0,-999,-999,0
74.5,47,29,4,-116.141,5,-128.866,6,6,10,1,12.5511,8.0305,0
74.5,47,29,4,-116.141,6,-134.25,4,4,10,1,13.8026,9.28201,0
74.5,47,29,4,-116.141,2,-137.719,0,0,20,0,-999,-999,0
74.5,47,29,4,-116.141,3,-140.245,0,0,20,0,-999,-999,0
74.5,47,29,4,-116.141,7,-163.564,0,0,10,1,14.2429,9.72225,0
74.5,53,42,5,-140.369,6,-126.007,4,4,10,1,13.8026,9.28201,0
74.5,53,42,5,-140.369,4,-139.202,6,6,20,0,-999,-999,0
74.5,53,42,5,-140.369,1,-150.568,3,3,20,0,-999,-999,0
74.5,53,42,5,-140.369,3,-168.369,0,0,20,0,-999,-999,0
74.5,53,42,5,-140.369,2,-171.622,0,0,20,0,-999,-999,0
74.5,53,42,5,-140.369,7,-179.997,0,0,10,1,14.2429,9.72225,0
74.5,59,14,1,-135.47,5,-126.115,6,6,10,1,12.5511,8.0305,0
74.5,59,14,1,-135.47,4,-149.676,6,6,20,0,-999,-999,0
74.5,59,14,1,-135.47,6,-155.377,4,4,10,1,13.8026,9.28201,0
74.5,59,14,1,-135.47,3,-156.04,0,0,20,0,-999,-999,0
74.5,59,14,1,-135.47,2,-156.827,0,0,20,0,-999,-999,0
74.5,59,14,1,-135.47,7,-175.582,0,0,10,1,14.2429,9.72225,0
74.5,86,24,6,-122.682,1,-108.956,3,3,20,0,-999,-999,0
74.5,86,24,6,-122.682,4,-128.49,6,6,20,0,-999,-999,0
74.5,86,24,6,-122.682,5,-146.271,6,6,10,1,12.5511,8.0305,0
74.5,86,24,6,-122.682,2,-153.079,0,0,20,0,-999,-999,0
74.5,86,24,6,-122.682,3,-157.164,0,0,20,0,-999,-999,0
74.5,86,24,6,-122.682,7,-157.348,0,0,10,1,14.2429,9.72225,0
74.5,90,42,6,-126.706,1,-99.4802,3,3,20,0,-999,-999,0
74.5,90,42,6,-126.706,4,-108.905,6,6,20,0,-999,-999,0
74.5,90,42,6,-126.706,5,-118.241,6,6,10,1,12.5511,8.0305,0
74.5,90,42,6,-126.706,2,-130.985,0,0,20,0,-999,-999,0
74.5,90,42,6,-126.706,7,-138.358,0,0,10,1,14.2429,9.72225,0
74.5,90,42,6,-126.706,3,-143.207,0,0,20,0,-999,-999,0
74.5,92,13,1,-118.119,5,-105.196,6,6,10,1,12.5511,8.0305,0
74.5,92,13,1,-118.119,2,-128.977,0,0,20,0,-999,-999,0
74.5,92,13,1,-118.119,6,-133.07,4,4,10,1,13.8026,9.28201,0
74.5,92,13,1,-118.119,3,-135.647,0,0,20,0,-999,-999,0
74.5,92,13,1,-118.119,4,-143.549,6,6,20,0,-999,-999,0
74.5,92,13,1,-118.119,7,-154.841,0,0,10,1,14.2429,9.72225,0
74.5,97,31,4,-110.68,2,-118.443,0,0,20,0,-999,-999,0
74.5,97,31,4,-110.68,1,-120.277,3,3,20,0,-999,-999,0
74.5,97,31,4,-110.68,6,-125.517,4,4,10,1,13.8026,9.28201,0
74.5,97,31,4,-110.68,3,-133.706,0,0,20,0,-999,-999,0
74.5,97,31,4,-110.68,5,-142.487,6,6,10,1,12.5511,8.0305,0
74.5,97,31,4,-110.68,7,-155.002,0,0,10,1,14.2429,9.72225,0
74.5,100,27,4,-93.6659,6,-116.346,4,4,10,1,13.8026,9.28201,0
74.5,100,27,4,-93.6659,1,-131.777,3,3,20,0,-999,-999,0
74.5,100,27,4,-93.6659,5,-135.556,6,6,10,1,12.5511,8.0305,0
74.5,100,27,4,-93.6659,2,-137.029,0,0,20,0,-999,-999,0
74.5,100,27,4,-93.6659,7,-138.351,0,0,10,1,14.2429,9.72225,0
74.5,100,27,4,-93.6659,3,-142.239,0,0,20,0,-999,-999,0
74.5,104,58,5,-89.7779,1,-114.448,3,3,20,0,-999,-999,0
74.5,104,58,5,-89.7779,6,-125.489,4,4,10,1,13.8026,9.28201,0
74.5,104,58,5,-89.7779,4,-135.278,6,6,20,0,-999,-999,0
74.5,104,58,5,-89.7779,3,-138.416,0,0,20,0,-999,-999,0
74.5,104,58,5,-89.7779,2,-141.844,0,0,20,0,-999,-999,0
74.5,104,58,5,-89.7779,7,-162.027,0,0,10,1,14.2429,9.72225,0
76.5,11,33,6,-109.323,4,-120.924,6,6,20,0,-999,-999,0
76.5,11,33,6,-109.323,1,-144.938,3,3,20,0,-999,-999,0
76.5,11,33,6,-109.323,2,-145.872,0,0,20,0,-999,-999,0
76.5,11,33,6,-109.323,7,-147.613,0,0,10,1,12.9353,8.41474,0
76.5,11,33,6,-109.323,5,-155.613,7,7,10,1,10.9575,6.43687,0
76.5,11,33,6,-109.323,3,-157.212,0,0,20,0,-999,-999,0
76.5,19,50,5,-138.995,1,-123.685,3,3,20,0,-999,-999,0
76.5,19,50,5,-138.995,4,-149.63,6,6,20,0,-999,-999,0
76.5,19,50,5,-138.995,3,-163.263,0,0,20,0,-999,-999,0
76.5,19,50,5,-138.995,6,-163.397,5,5,10,1,12.9015,8.38088,0
76.5,19,50,5,-138.995,2,-171.578,0,0,20,0,-999,-999,0
76.5,19,50,5,-138.995,7,-180.9,0,0,10,1,12.9353,8.41474,0
76.5,20,66,5,-76.8452,1,-122.777,3,3,20,0,-999,-999,0
76.5,20,66,5,-76.8452,3,-155.192,0,0,20,0,-999,-999,0
76.5,20,66,5,-76.8452,2,-155.305,0,0,20,0,-999,-999,0
76.5,20,66,5,-76.8452,4,-161.392,6,6,20,0,-999,-999,0
76.5,20,66,5,-76.8452,6,-162.048,5,5,10,1,12.9015,8.38088,0
76.5,20,66,5,-76.8452,7,-170.819,0,0,10,1,12.9353,8.41474,0
76.5,23,10,1,-105.569,3,-119.29,0,0,20,0,-999,-999,0
76.5,23,10,1,-105.569,2,-126.412,0,0,20,0,-999,-999,0
76.5,23,10,1,-105.569,5,-135.974,7,7,10,1,10.9575,6.43687,0
76.5,23,10,1,-105.569,4,-137.517,6,6,20,0,-999,-999,0
76.5,23,10,1,-105.569,6,-148.812,5,5,10,1,12.9015,8.38088,0
76.5,23,10,1,-105.569,7,-154.968,0,0,10,1,12.9353,8.41474,0
76.5,24,34,5,-117.14,1,-130.558,3,3,20,0,-999,-999,0
76.5,24,34,5,-117.14,6,-140.992,5,5,10,1,12.9015,8.38088,0
76.5,24,34,5,-117.14,3,-143.107,0,0,20,0,-999,-999,0
76.5,24,34,5,-117.14,2,-149.766,0,0,20,0,-999,-999,0
76.5,24,34,5,-117.14,4,-159.428,6,6,20,0,-999,-999,0
76.5,24,34,5,-117.14,7,-165.748,0,0,10,1,12.9353,8.41474,0
76.5,27,41,6,-146.754,1,-126.609,3,3,20,0,-999,-999,0
76.5,27,41,6,-146.754,4,-127.269,6,6,20,0,-999,-999,0
76.5,27,41,6,-146.754,5,-147.999,7,7,10,1,10.9575,6.43687,0
76.5,27,41,6,-146.754,2,-156.657,0,0,20,0,-999,-999,0
76.5,27,41,6,-146.754,3,-160.836,0,0,20,0,-999,-999,0
76.5,27,41,6,-146.754,7,-161.872,0,0,10,1,12.9353,8.41474,0
76.5,33,32,4,-123.664,1,-114.046,3,3,20,0,-999,-999,0
76.5,33,32,4,-123.664,5,-117.107,7,7,10,1,10.9575,6.43687,0
76.5,33,32,4,-123.664,6,-129.749,5,5,10,1,12.9015,8.38088,0
76.5,33,32,4,-123.664,2,-129.777,0,0,20,0,-999,-999,0
76.5,33,32,4,-123.664,3,-137.419,0,0,20,0,-999,-999,0
76.5,33,32,4,-123.664,7,-147.594,0,0,10,1,12.9353,8.41474,0
76.5,41,24,4,-69.6312,5,-122.391,7,7,10,1,10.9575,6.43687,0
76.5,41,24,4,-69.6312,6,-125.319,5,5,10,1,12.9015,8.38088,0
76.5,41,24,4,-69.6312,1,-132.422,3,3,20,0,-999,-999,0
76.5,41,24,4,-69.6312,2,-143.473,0,0,20,0,-999,-999,0
76.5,41,24,4,-69.6312,3,-143.54,0,0,20,0,-999,-999,0
76.5,41,24,4,-69.6312,7,-146.197,0,0,10,1,12.9353,8.41474,0
76.5,45,18,5,-122.541,6,-108.125,5,5,10,1,12.9015,8.38088,0
76.5,45,18,5,-122.541,4,-119.845,6,6,20,0,-999,-999,0
76.5,45,18,5,-122.541,1,-133.772,3,3,20,0,-999,-999,0
76.5,45,18,5,-122.541,3,-140.132,0,0,20,0,-999,-999,0
76.5,45,18,5,-122.541,2,-143.774,0,0,20,0,-999,-999,0
76.5,45,18,5,-122.541,7,-167.004,0,0,10,1,12.9353,8.41474,0
76.5,46,26,4,-138.947,1,-108.172,3,3,20,0,-999,-999,0
76.5,46,26,4,-138.947,6,-136.98,5,5,10,1,12.9015,8.38088,0
76.5,46,26,4,-138.947,5,-154.833,7,7,10,1,10.9575,6.43687,0
76.5,46,26,4,-138.947,3,-161.337,0,0,20,0,-999,-999,0
76.5,46,26,4,-138.947,2,-161.458,0,0,20,0,-999,-999,0
76.5,46,26,4,-138.947,7,-167.973,0,0,10,1,12.9353,8.41474,0
76.5,47,29,4,-140.392,5,-123.385,7,7,10,1,10.9575,6.43687,0
76.5,47,29,4,-140.392,1,-130.124,3,3,20,0,-999,-999,0
76.5,47,29,4,-140.392,6,-131.539,5,5,10,1,12.9015,8.38088,0
76.5,47,29,4,-140.392,2,-134.1,0,0,20,0,-999,-999,0
76.5,47,29,4,-140.392,3,-134.194,0,0,20,0,-999,-999,0
76.5,47,29,4,-140.392,7,-161.123,0,0,10,1,12.9353,8.41474,0
76.5,53,42,5,-142.207,1,-135.52,3,3,20,0,-999,-999,0
76.5,53,42,5,-142.207,4,-148.093,6,6,20,0,-999,-999,0
76.5,53,42,5,-142.207,6,-152.23,5,5,10,1,12.9015,8.38088,0
76.5,53,42,5,-142.207,2,-159.654,0,0,20,0,-999,-999,0
76.5,53,42,5,-142.207,3,-170.055,0,0,20,0,-999,-999,0
76.5,53,42,5,-142.207,7,-175.56,0,0,10,1,12.9353,8.41474,0
76.5,59,14,1,-130.163,6,-132.722,5,5,10,1,12.9015,8.38088,0
76.5,59,14,1,-130.163,5,-135.087,7,7,10,1,10.9575,6.43687,0
76.5,59,14,1,-130.163,4,-148.957,6,6,20,0,-999,-999,0
76.5,59,14,1,-130.163,3,-156.628,0,0,20,0,-999,-999,0
76.5,59,14,1,-130.163,2,-158.811,0,0,20,0,-999,-999,0
76.5,59,14,1,-130.163,7,-172.24,0,0,10,1,12.9353,8.41474,0
76.5,84,74,5,-93.7281,4,-113.357,6,6,20,0,-999,-999,0
76.5,84,74,5,-93.7281,6,-134.042,5,5,10,1,12.9015,8.38088,0
76.5,84,74,5,-93.7281,3,-137.605,0,0,20,0,-999,-999,0
76.5,84,74,5,-93.7281,1,-140.677,3,3,20,0,-999,-999,0
76.5,84,74,5,-93.7281,2,-144.452,0,0,20,0,-999,-999,0
76.5,84,74,5,-93.7281,7,-165.09,0,0,10,1,12.9353,8.41474,0
76.5,86,24,6,-128.21,1,-123.663,3,3,20,0,-999,-999,0
76.5,86,24,6,-128.21,5,-124.076,7,7,10,1,10.9575,6.43687,0
76.5,86,24,6,-128.21,4,-130.561,6,6,20,0,-999,-999,0
76.5,86,24,6,-128.21,2,-150.824,0,0,20,0,-999,-999,0
76.5,86,24,6,-128.21,7,-152.636,0,0,10,1,12.9353,8.41474,0
76.5,86,24,6,-128.21,3,-154.306,0,0,20,0,-999,-999,0
76.5,90,42,6,-124.041,4,-112.597,6,6,20,0,-999,-999,0
76.5,90,42,6,-124.041,1,-124.07,3,3,20,0,-999,-999,0
76.5,90,42,6,-124.041,2,-132.479,0,0,20,0,-999,-999,0
76.5,90,42,6,-124.041,7,-139.189,0,0,10,1,12.9353,8.41474,0
76.5,90,42,6,-124.041,3,-140.366,0,0,20,0,-999,-999,0
76.5,90,42,6,-124.041,5,-141.636,7,7,10,1,10.9575,6.43687,0
76.5,92,13,1,-85.1461,5,-103.879,7,7,10,1,10.9575,6.43687,0
76.5,92,13,1,-85.1461,2,-130.742,0,0,20,0,-999,-999,0
76.5,92,13,1,-85.1461,3,-137.152,0,0,20,0,-999,-999,0
76.5,92,13,1,-85.1461,6,-137.45,5,5,10,1,12.9015,8.38088,0
76.5,92,13,1,-85.1461,4,-146.512,6,6,20,0,-999,-999,0
76.5,92,13,1,-85.1461,7,-151.865,0,0,10,1,12.9353,8.41474,0
76.5,97,31,4,-118.306,2,-87.791,0,0,20,0,-999,-999,0
76.5,97,31,4,-118.306,1,-117.666,3,3,20,0,-999,-999,0
76.5,97,31,4,-118.306,3,-134.572,0,0,20,0,-999,-999,0
76.5,97,31,4,-118.306,6,-138.554,5,5,10,1,12.9015,8.38088,0
76.5,97,31,4,-118.306,5,-146.118,7,7,10,1,10.9575,6.43687,0
76.5,97,31,4,-118.306,7,-150.501,0,0,10,1,12.9353,8.41474,0
76.5,100,27,4,-90.8051,6,-87.1657,5,5,10,1,12.9015,8.38088,0
76.5,100,27,4,-90.8051,1,-112.031,3,3,20,0,-999,-999,0
76.5,100,27,4,-90.8051,2,-137.119,0,0,20,0,-999,-999,0
76.5,100,27,4,-90.8051,7,-138.259,0,0,10,1,12.9353,8.41474,0
76.5,100,27,4,-90.8051,5,-139.976,7,7,10,1,10.9575,6.43687,0
76.5,100,27,4,-90.8051,3,-140.456,0,0,20,0,-999,-999,0
76.5,104,58,5,-119.059,1,-136.655,3,3,20,0,-999,-999,0
76.5,104,58,5,-119.059,6,-137.306,5,5,10,1,12.9015,8.38088,0
76.5,104,58,5,-119.059,3,-139.191,0,0,20,0,-999,-999,0
76.5,104,58,5,-119.059,4,-143.564,6,6,20,0,-999,-999,0
76.5,104,58,5,-119.059,2,-145.21,0,0,20,0,-999,-999,0
76.5,104,58,5,-119.059,7,-161.472,0,0,10,1,12.9353,8.41474,0
78.5,11,33,6,-112.348,4,-107.869,6,6,20,0,-999,-999,0
78.5,11,33,6,-112.348,1,-136.522,3,3,20,0,-999,-999,0
78.5,11,33,6,-112.348,2,-147.016,0,0,20,0,-999,-999,0
78.5,11,33,6,-112.348,5,-147.92,7,7,10,1,12.2777,7.75708,0
78.5,11,33,6,-112.348,7,-149.435,0,0,10,1,12.5362,8.01563,0
78.5,11,33,6,-112.348,3,-150.797,0,0,20,0,-999,-999,0
78.5,17,50,6,-127.285,1,-110.121,3,3,20,0,-999,-999,0
78.5,17,50,6,-127.285,4,-131.733,6,6,20,0,-999,-999,0
78.5,17,50,6,-127.285,5,-147.431,7,7,10,1,12.2777,7.75708,0
78.5,17,50,6,-127.285,2,-152.302,0,0,20,0,-999,-999,0
78.5,17,50,6,-127.285,3,-155.402,0,0,20,0,-999,-999,0
78.5,17,50,6,-127.285,7,-160.938,0,0,10,1,12.5362,8.01563,0
78.5,19,50,5,-138.269,1,-146.98,3,3,20,0,-999,-999,0
78.5,19,50,5,-138.269,4,-154.97,6,6,20,0,-999,-999,0
78.5,19,50,5,-138.269,2,-164.815,0,0,20,0,-999,-999,0
78.5,19,50,5,-138.269,3,-168.794,0,0,20,0,-999,-999,0
78.5,19,50,5,-138.269,6,-176.371,5,5,10,1,6.75582,2.23522,0
78.5,19,50,5,-138.269,7,-179.982,0,0,10,1,12.5362,8.01563,0
78.5,20,66,5,-88.3607,4,-124.194,6,6,20,0,-999,-999,0
78.5,20,66,5,-88.3607,3,-140.165,0,0,20,0,-999,-999,0
78.5,20,66,5,-88.3607,1,-147.957,3,3,20,0,-999,-999,0
78.5,20,66,5,-88.3607,6,-149.11,5,5,10,1,6.75582,2.23522,0
78.5,20,66,5,-88.3607,2,-154.893,0,0,20,0,-999,-999,0
78.5,20,66,5,-88.3607,7,-173.664,0,0,10,1,12.5362,8.01563,0
78.5,23,10,1,-123.636,3,-115.76,0,0,20,0,-999,-999,0
78.5,23,10,1,-123.636,2,-126.062,0,0,20,0,-999,-999,0
78.5,23,10,1,-123.636,4,-135.736,6,6,20,0,-999,-999,0
78.5,23,10,1,-123.636,5,-143.418,7,7,10,1,12.2777,7.75708,0
78.5,23,10,1,-123.636,7,-153.149,0,0,10,1,12.5362,8.01563,0
78.5,23,10,1,-123.636,6,-153.362,5,5,10,1,6.75582,2.23522,0
78.5,24,34,5,-101.572,1,-115.278,3,3,20,0,-999,-999,0
78.5,24,34,5,-101.572,4,-136.025,6,6,20,0,-999,-999,0
78.5,24,34,5,-101.572,3,-142.747,0,0,20,0,-999,-999,0
78.5,24,34,5,-101.572,6,-143.553,5,5,10,1,6.75582,2.23522,0
78.5,24,34,5,-101.572,2,-146.582,0,0,20,0,-999,-999,0
78.5,24,34,5,-101.572,7,-169.168,0,0,10,1,12.5362,8.01563,0
78.5,27,41,6,-149.94,4,-111.393,6,6,20,0,-999,-999,0
78.5,27,41,6,-149.94,5,-133.67,7,7,10,1,12.2777,7.75708,0
78.5,27,41,6,-149.94,1,-149.209,3,3,20,0,-999,-999,0
78.5,27,41,6,-149.94,2,-157.832,0,0,20,0,-999,-999,0
78.5,27,41,6,-149.94,7,-163.745,0,0,10,1,12.5362,8.01563,0
78.5,27,41,6,-149.94,3,-163.797,0,0,20,0,-999,-999,0
78.5,33,32,4,-120.56,1,-117.917,3,3,20,0,-999,-999,0
78.5,33,32,4,-120.56,5,-126.742,7,7,10,1,12.2777,7.75708,0
78.5,33,32,4,-120.56,2,-134.687,0,0,20,0,-999,-999,0
78.5,33,32,4,-120.56,3,-136.62,0,0,20,0,-999,-999,0
78.5,33,32,4,-120.56,6,-140.709,5,5,10,1,6.75582,2.23522,0
78.5,33,32,4,-120.56,7,-150.934,0,0,10,1,12.5362,8.01563,0
78.5,41,24,4,-83.9668,6,-92.1187,5,5,10,1,6.75582,2.23522,0
78.5,41,24,4,-83.9668,1,-132.468,3,3,20,0,-999,-999,0
78.5,41,24,4,-83.9668,2,-140.107,0,0,20,0,-999,-999,0
78.5,41,24,4,-83.9668,7,-143.103,0,0,10,1,12.5362,8.01563,0
78.5,41,24,4,-83.9668,5,-144.68,7,7,10,1,12.2777,7.75708,0
78.5,41,24,4,-83.9668,3,-145.016,0,0,20,0,-999,-999,0
78.5,45,18,5,-124.878,6,-98.4073,5,5,10,1,6.75582,2.23522,6
78.5,45,18,5,-124.878,1,-131.844,3,3,20,0,-999,-999,6
78.5,45,18,5,-124.878,2,-141.034,0,0,20,0,-999,-999,6
78.5,45,18,5,-124.878,3,-142.808,0,0,20,0,-999,-999,6
78.5,45,18,5,-124.878,4,-155.374,6,6,20,0,-999,-999,6
78.5,45,18,5,-124.878,7,-163.939,0,0,10,1,12.5362,8.01563,6
78.5,46,26,4,-140.7,6,-105.701,5,6,10,1,6.75582,2.23522,0
78.5,46,26,4,-140.7,1,-142.121,3,3,20,0,-999,-999,0
78.5,46,26,4,-140.7,5,-150.331,7,7,10,1,12.2777,7.75708,0
78.5,46,26,4,-140.7,2,-159.99,0,0,20,0,-999,-999,0
78.5,46,26,4,-140.7,3,-160.435,0,0,20,0,-999,-999,0
78.5,46,26,4,-140.7,7,-165.587,0,0,10,1,12.5362,8.01563,0
78.5,47,29,4,-106.495,6,-96.1383,5,6,10,1,6.75582,2.23522,0
78.5,47,29,4,-106.495,5,-107.526,7,7,10,1,12.2777,7.75708,0
78.5,47,29,4,-106.495,1,-126.326,3,3,20,0,-999,-999,0
78.5,47,29,4,-106.495,2,-136.747,0,0,20,0,-999,-999,0
78.5,47,29,4,-106.495,3,-139.948,0,0,20,0,-999,-999,0
78.5,47,29,4,-106.495,7,-158.94,0,0,10,1,12.5362,8.01563,0
78.5,53,42,5,-117.761,6,-142.852,5,6,10,1,6.75582,2.23522,0
78.5,53,42,5,-117.761,1,-151.532,3,3,20,0,-999,-999,0
78.5,53,42,5,-117.761,4,-154.083,6,6,20,0,-999,-999,0
78.5,53,42,5,-117.761,3,-156.684,0,0,20,0,-999,-999,0
78.5,53,42,5,-117.761,2,-166.982,0,0,20,0,-999,-999,0
78.5,53,42,5,-117.761,7,-176.262,0,0,10,1,12.5362,8.01563,0
78.5,59,14,1,-113.569,5,-137.577,7,7,10,1,12.2777,7.75708,0
78.5,59,14,1,-113.569,4,-150.295,6,6,20,0,-999,-999,0
78.5,59,14,1,-113.569,6,-153.294,5,6,10,1,6.75582,2.23522,0
78.5,59,14,1,-113.569,3,-155.023,0,0,20,0,-999,-999,0
78.5,59,14,1,-113.569,2,-157.005,0,0,20,0,-999,-999,0
78.5,59,14,1,-113.569,7,-174.318,0,0,10,1,12.5362,8.01563,0
78.5,84,74,5,-103.628,1,-130.981,3,3,20,0,-999,-999,0
78.5,84,74,5,-103.628,3,-137.653,0,0,20,0,-999,-999,0
78.5,84,74,5,-103.628,2,-143.555,0,0,20,0,-999,-999,0
78.5,84,74,5,-103.628,4,-144.894,6,6,20,0,-999,-999,0
78.5,84,74,5,-103.628,6,-145.141,5,6,10,1,6.75582,2.23522,0
78.5,84,74,5,-103.628,7,-159.246,0,0,10,1,12.5362,8.01563,0
78.5,86,24,6,-121.95,1,-115.444,3,3,20,0,-999,-999,0
78.5,86,24,6,-121.95,4,-138.615,6,6,20,0,-999,-999,0
78.5,86,24,6,-121.95,5,-149.283,7,7,10,1,12.2777,7.75708,0
78.5,86,24,6,-121.95,2,-151.138,0,0,20,0,-999,-999,0
78.5,86,24,6,-121.95,7,-158.742,0,0,10,1,12.5362,8.01563,0
78.5,86,24,6,-121.95,3,-160.725,0,0,20,0,-999,-999,0
78.5,90,42,6,-131.711,1,-99.009,3,3,20,0,-999,-999,0
78.5,90,42,6,-131.711,4,-113.772,6,6,20,0,-999,-999,0
78.5,90,42,6,-131.711,7,-132.927,0,0,10,1,12.5362,8.01563,0
78.5,90,42,6,-131.711,2,-134.758,0,0,20,0,-999,-999,0
78.5,90,42,6,-131.711,3,-138.272,0,0,20,0,-999,-999,0
78.5,90,42,6,-131.711,5,-146.005,7,7,10,1,12.2777,7.75708,0
78.5,92,13,1,-119.102,6,-95.8513,5,6,10,1,6.75582,2.23522,0
78.5,92,13,1,-119.102,5,-117.333,7,7,10,1,12.2777,7.75708,0
78.5,92,13,1,-119.102,2,-125.758,0,0,20,0,-999,-999,0
78.5,92,13,1,-119.102,3,-135.879,0,0,20,0,-999,-999,0
78.5,92,13,1,-119.102,4,-146.894,6,6,20,0,-999,-999,0
78.5,92,13,1,-119.102,7,-162.319,0,0,10,1,12.5362,8.01563,0
78.5,97,31,4,-120.11,1,-117.694,3,3,20,0,-999,-999,0
78.5,97,31,4,-120.11,2,-117.79,0,0,20,0,-999,-999,0
78.5,97,31,4,-120.11,5,-126.952,7,7,10,1,12.2777,7.75708,0
78.5,97,31,4,-120.11,3,-131.583,0,0,20,0,-999,-999,0
78.5,97,31,4,-120.11,6,-139.236,5,6,10,1,6.75582,2.23522,0
78.5,97,31,4,-120.11,7,-147.984,0,0,10,1,12.5362,8.01563,0
78.5,100,27,4,-92.2988,6,-88.305,5,6,10,1,6.75582,2.23522,6
78.5,100,27,4,-92.2988,1,-124.569,3,3,20,0,-999,-999,6
78.5,100,27,4,-92.2988,7,-135.335,0,0,10,1,12.5362,8.01563,6
78.5,100,27,4,-92.2988,2,-138.697,0,0,20,0,-999,-999,6
78.5,100,27,4,-92.2988,3,-145.281,0,0,20,0,-999,-999,6
78.5,100,27,4,-92.2988,5,-145.382,7,7,10,1,12.2777,7.75708,6
78.5,104,58,5,-125.009,1,-110.3,3,3,20,0,-999,-999,0
78.5,104,58,5,-125.009,4,-140.457,6,6,20,0,-999,-999,0
78.5,104,58,5,-125.009,2,-141.837,0,0,20,0,-999,-999,0
78.5,104,58,5,-125.009,6,-142.608,5,7,10,1,6.75582,2.23522,0
78.5,104,58,5,-125.009,3,-142.731,0,0,20,0,-999,-999,0
78.5,104,58,5,-125.009,7,-162.598,0,0,10,1,12.5362,8.01563,0
80.5,11,33,6,-79.5297,5,-123.973,7,7,10,1,12.4689,7.94826,0
80.5,11,33,6,-79.5297,4,-126.19,5,5,20,0,-999,-999,0
80.5,11,33,6,-79.5297,1,-144.142,3,3,20,0,-999,-999,0
80.5,11,33,6,-79.5297,7,-147.778,0,0,10,1,13.654,9.13339,0
80.5,11,33,6,-79.5297,2,-148.919,0,0,20,0,-999,-999,0
80.5,11,33,6,-79.5297,3,-155.749,0,0,20,0,-999,-999,0
80.5,17,50,6,-128.512,1,-102.445,3,3,20,0,-999,-999,0
80.5,17,50,6,-128.512,4,-133.245,5,5,20,0,-999,-999,0
80.5,17,50,6,-128.512,2,-155.167,0,0,20,0,-999,-999,0
80.5,17,50,6,-128.512,3,-158.923,0,0,20,0,-999,-999,0
80.5,17,50,6,-128.512,7,-161.912,0,0,10,1,13.654,9.13339,0
80.5,17,50,6,-128.512,5,-172.095,7,7,10,1,12.4689,7.94826,0
80.5,19,50,5,-127.328,6,-140.587,8,8,10,1,11.5539,7.0333,0
80.5,19,50,5,-127.328,1,-149.876,3,3,20,0,-999,-999,0
80.5,19,50,5,-127.328,4,-152.553,5,5,20,0,-999,-999,0
80.5,19,50,5,-127.328,3,-158.841,0,0,20,0,-999,-999,0
80.5,19,50,5,-127.328,2,-164.669,0,0,20,0,-999,-999,0
80.5,19,50,5,-127.328,7,-179.705,0,0,10,1,13.654,9.13339,0
80.5,20,66,5,-58.5574,3,-147.461,0,0,20,0,-999,-999,0
80.5,20,66,5,-58.5574,6,-148.986,8,8,10,1,11.5539,7.0333,0
80.5,20,66,5,-58.5574,1,-149.213,3,3,20,0,-999,-999,0
80.5,20,66,5,-58.5574,2,-152.583,0,0,20,0,-999,-999,0
80.5,20,66,5,-58.5574,4,-163.282,5,5,20,0,-999,-999,0
80.5,20,66,5,-58.5574,7,-170.817,0,0,10,1,13.654,9.13339,0
80.5,23,10,1,-125.211,3,-118.183,0,0,20,0,-999,-999,0
80.5,23,10,1,-125.211,2,-129.518,0,0,20,0,-999,-999,0
80.5,23,10,1,-125.211,4,-134.495,5,5,20,0,-999,-999,0
80.5,23,10,1,-125.211,6,-139.556,8,8,10,1,11.5539,7.0333,0
80.5,23,10,1,-125.211,5,-143.352,7,7,10,1,12.4689,7.94826,0
80.5,23,10,1,-125.211,7,-155.157,0,0,10,1,13.654,9.13339,0
80.5,24,34,5,-93.8855,1,-131.097,3,3,20,0,-999,-999,0
80.5,24,34,5,-93.8855,6,-135.168,8,8,10,1,11.5539,7.0333,0
80.5,24,34,5,-93.8855,3,-144.944,0,0,20,0,-999,-999,0
80.5,24,34,5,-93.8855,2,-149.255,0,0,20,0,-999,-999,0
80.5,24,34,5,-93.8855,4,-156.254,5,5,20,0,-999,-999,0
80.5,24,34,5,-93.8855,7,-164.734,0,0,10,1,13.654,9.13339,0
80.5,27,41,6,-152.204,4,-133.594,5,5,20,0,-999,-999,0
80.5,27,41,6,-152.204,5,-148.224,7,7,10,1,12.4689,7.94826,0
80.5,27,41,6,-152.204,1,-148.339,3,3,20,0,-999,-999,0
80.5,27,41,6,-152.204,7,-156.033,0,0,10,1,13.654,9.13339,0
80.5,27,41,6,-152.204,2,-157.889,0,0,20,0,-999,-999,0
80.5,27,41,6,-152.204,3,-160.713,0,0,20,0,-999,-999,0
80.5,33,32,4,-123.624,1,-118.384,3,3,20,0,-999,-999,0
80.5,33,32,4,-123.624,5,-123.807,7,7,10,1,12.4689,7.94826,0
80.5,33,32,4,-123.624,2,-135.645,0,0,20,0,-999,-999,0
80.5,33,32,4,-123.624,3,-137.124,0,0,20,0,-999,-999,0
80.5,33,32,4,-123.624,6,-140.527,8,8,10,1,11.5539,7.0333,0
80.5,33,32,4,-123.624,7,-150.269,0,0,10,1,13.654,9.13339,0
80.5,41,24,4,-106.685,1,-108.298,3,3,20,0,-999,-999,0
80.5,41,24,4,-106.685,6,-126.9,8,8,10,1,11.5539,7.0333,0
80.5,41,24,4,-106.685,7,-131.778,0,0,10,1,13.654,9.13339,0
80.5,41,24,4,-106.685,5,-134.871,7,7,10,1,12.4689,7.94826,0
80.5,41,24,4,-106.685,2,-138.949,0,0,20,0,-999,-999,0
80.5,41,24,4,-106.685,3,-147.246,0,0,20,0,-999,-999,0
80.5,45,51,6,-144.097,5,-111.723,7,7,10,1,12.4689,7.94826,0
80.5,45,51,6,-144.097,1,-129.91,3,3,20,0,-999,-999,0
80.5,45,51,6,-144.097,3,-137.906,0,0,20,0,-999,-999,0
80.5,45,51,6,-144.097,2,-143.45,0,0,20,0,-999,-999,0
80.5,45,51,6,-144.097,4,-152.133,5,5,20,0,-999,-999,0
80.5,45,51,6,-144.097,7,-164.206,0,0,10,1,13.654,9.13339,0
80.5,46,26,4,-138.177,5,-136.655,7,7,10,1,12.4689,7.94826,0
80.5,46,26,4,-138.177,6,-141.859,8,8,10,1,11.5539,7.0333,0
80.5,46,26,4,-138.177,1,-148.883,3,3,20,0,-999,-999,0
80.5,46,26,4,-138.177,2,-165.247,0,0,20,0,-999,-999,0
80.5,46,26,4,-138.177,7,-168.092,0,0,10,1,13.654,9.13339,0
80.5,46,26,4,-138.177,3,-170.398,0,0,20,0,-999,-999,0
80.5,47,29,4,-137.963,1,-122.128,3,3,20,0,-999,-999,0
80.5,47,29,4,-137.963,6,-128.583,8,8,10,1,11.5539,7.0333,0
80.5,47,29,4,-137.963,5,-133.356,7,7,10,1,12.4689,7.94826,0
80.5,47,29,4,-137.963,2,-136.072,0,0,20,0,-999,-999,0
80.5,47,29,4,-137.963,3,-138.082,0,0,20,0,-999,-999,0
80.5,47,29,4,-137.963,7,-162.806,0,0,10,1,13.654,9.13339,0
80.5,53,42,5,-140.414,1,-111.028,3,3,20,0,-999,-999,0
80.5,53,42,5,-140.414,4,-111.602,5,5,20,0,-999,-999,0
80.5,53,42,5,-140.414,6,-112.278,8,8,10,1,11.5539,7.0333,0
80.5,53,42,5,-140.414,3,-160.941,0,0,20,0,-999,-999,0
80.5,53,42,5,-140.414,2,-165.934,0,0,20,0,-999,-999,0
80.5,53,42,5,-140.414,7,-170.422,0,0,10,1,13.654,9.13339,0
80.5,59,14,1,-103.14,5,-99.7121,7,7,10,1,12.4689,7.94826,0
80.5,59,14,1,-103.14,4,-112.173,5,5,20,0,-999,-999,0
80.5,59,14,1,-103.14,6,-150.778,8,8,10,1,11.5539,7.0333,0
80.5,59,14,1,-103.14,2,-158.782,0,0,20,0,-999,-999,0
80.5,59,14,1,-103.14,3,-162.41,0,0,20,0,-999,-999,0
80.5,59,14,1,-103.14,7,-175.734,0,0,10,1,13.654,9.13339,0
80.5,63,82,5,-135.614,6,-146.027,8,8,10,1,11.5539,7.0333,0
80.5,63,82,5,-135.614,1,-151.108,3,3,20,0,-999,-999,0
80.5,63,82,5,-135.614,4,-160.058,5,5,20,0,-999,-999,0
80.5,63,82,5,-135.614,2,-160.948,0,0,20,0,-999,-999,0
80.5,63,82,5,-135.614,3,-166.366,0,0,20,0,-999,-999,0
80.5,63,82,5,-135.614,7,-181.889,0,0,10,1,13.654,9.13339,0
80.5,77,60,6,-146.112,5,-138.284,7,7,10,1,12.4689,7.94826,0
80.5,77,60,6,-146.112,4,-145.469,5,5,20,0,-999,-999,0
80.5,77,60,6,-146.112,2,-161.381,0,0,20,0,-999,-999,0
80.5,77,60,6,-146.112,7,-168.886,0,0,10,1,13.654,9.13339,0
80.5,77,60,6,-146.112,1,-170.507,3,3,20,0,-999,-999,0
80.5,77,60,6,-146.112,3,-177.725,0,0,20,0,-999,-999,0
80.5,84,74,5,-124.151,1,-120.927,3,3,20,0,-999,-999,0
80.5,84,74,5,-124.151,3,-138.639,0,0,20,0,-999,-999,0
80.5,84,74,5,-124.151,2,-141.495,0,0,20,0,-999,-999,0
80.5,84,74,5,-124.151,4,-143.122,5,5,20,0,-999,-999,0
80.5,84,74,5,-124.151,6,-144.392,8,8,10,1,11.5539,7.0333,0
80.5,84,74,5,-124.151,7,-168.628,0,0,10,1,13.654,9.13339,0
80.5,86,24,6,-118.882,1,-109.534,3,3,20,0,-999,-999,0
80.5,86,24,6,-118.882,5,-127.161,7,7,10,1,12.4689,7.94826,0
80.5,86,24,6,-118.882,4,-136.993,5,5,20,0,-999,-999,0
80.5,86,24,6,-118.882,2,-148.597,0,0,20,0,-999,-999,0
80.5,86,24,6,-118.882,7,-149.925,0,0,10,1,13.654,9.13339,0
80.5,86,24,6,-118.882,3,-152.246,0,0,20,0,-999,-999,0
80.5,90,42,6,-127.861,4,-106.725,5,5,20,0,-999,-999,0
80.5,90,42,6,-127.861,1,-127.302,3,3,20,0,-999,-999,0
80.5,90,42,6,-127.861,2,-131.166,0,0,20,0,-999,-999,0
80.5,90,42,6,-127.861,7,-135.542,0,0,10,1,13.654,9.13339,0
80.5,90,42,6,-127.861,3,-138.082,0,0,20,0,-999,-999,0
80.5,90,42,6,-127.861,5,-139.123,7,7,10,1,12.4689,7.94826,0
80.5,92,13,1,-121.688,2,-126.389,0,0,20,0,-999,-999,0
80.5,92,13,1,-121.688,4,-130.197,5,5,20,0,-999,-999,0
80.5,92,13,1,-121.688,5,-133.816,7,7,10,1,12.4689,7.94826,0
80.5,92,13,1,-121.688,6,-136.476,8,8,10,1,11.5539,7.0333,0
80.5,92,13,1,-121.688,3,-138.097,0,0,20,0,-999,-999,0
80.5,92,13,1,-121.688,7,-159.267,0,0,10,1,13.654,9.13339,0
80.5,97,31,4,-119.593,2,-113.053,0,0,20,0,-999,-999,0
80.5,97,31,4,-119.593,1,-122.439,3,3,20,0,-999,-999,0
80.5,97,31,4,-119.593,5,-132.804,7,7,10,1,12.4689,7.94826,0
80.5,97,31,4,-119.593,3,-133.144,0,0,20,0,-999,-999,0
80.5,97,31,4,-119.593,6,-140.556,8,8,10,1,11.5539,7.0333,0
80.5,97,31,4,-119.593,7,-151.842,0,0,10,1,13.654,9.13339,0
80.5,100,52,6,-125.772,4,-97.6991,5,5,20,0,-999,-999,0
80.5,100,52,6,-125.772,1,-130.703,3,3,20,0,-999,-999,0
80.5,100,52,6,-125.772,7,-134.513,0,0,10,1,13.654,9.13339,0
80.5,100,52,6,-125.772,2,-134.77,0,0,20,0,-999,-999,0
80.5,100,52,6,-125.772,5,-148.112,7,7,10,1,12.4689,7.94826,0
80.5,100,52,6,-125.772,3,-148.46,0,0,20,0,-999,-999,0
80.5,104,58,5,-107.857,3,-137.911,0,0,20,0,-999,-999,0
80.5,104,58,5,-107.857,1,-142.727,3,3,20,0,-999,-999,0
80.5,104,58,5,-107.857,2,-144.811,0,0,20,0,-999,-999,0
80.5,104,58,5,-107.857,4,-146.243,5,5,20,0,-999,-999,0
80.5,104,58,5,-107.857,6,-153.538,8,8,10,1,11.5539,7.0333,0
80.5,104,58,5,-107.857,7,-167.655,0,0,10,1,13.654,9.13339,0
82.5,11,33,6,-79.7103,4,-130.14,5,5,20,0,-999,-999,0
82.5,11,33,6,-79.7103,2,-141.844,0,0,20,0,-999,-999,0
82.5,11,33,6,-79.7103,5,-148.642,7,7,10,1,15.7,11.1794,0
82.5,11,33,6,-79.7103,1,-150.695,3,3,20,0,-999,-999,0
82.5,11,33,6,-79.7103,3,-153.338,0,0,20,0,-999,-999,0
82.5,11,33,6,-79.7103,7,-153.429,0,0,10,1,15.1425,10.6219,0
82.5,17,50,6,-98.402,1,-115.917,3,3,20,0,-999,-999,0
82.5,17,50,6,-98.402,4,-124.755,5,5,20,0,-999,-999,0
82.5,17,50,6,-98.402,2,-152.315,0,0,20,0,-999,-999,0
82.5,17,50,6,-98.402,3,-154.128,0,0,20,0,-999,-999,0
82.5,17,50,6,-98.402,5,-156.978,7,7,10,1,15.7,11.1794,0
82.5,17,50,6,-98.402,7,-158.676,0,0,10,1,15.1425,10.6219,0
82.5,19,50,5,-129.382,1,-143.876,3,3,20,0,-999,-999,0
82.5,19,50,5,-129.382,4,-157.178,5,5,20,0,-999,-999,0
82.5,19,50,5,-129.382,2,-165.286,0,0,20,0,-999,-999,0
82.5,19,50,5,-129.382,3,-165.377,0,0,20,0,-999,-999,0
82.5,19,50,5,-129.382,6,-171.825,8,8,10,1,11.3334,6.81279,0
82.5,19,50,5,-129.382,7,-178.673,0,0,10,1,15.1425,10.6219,0
82.5,20,66,5,-71.7953,1,-144.639,3,3,20,0,-999,-999,0
82.5,20,66,5,-71.7953,4,-146.418,5,5,20,0,-999,-999,0
82.5,20,66,5,-71.7953,6,-149.241,8,8,10,1,11.3334,6.81279,0
82.5,20,66,5,-71.7953,3,-150.69,0,0,20,0,-999,-999,0
82.5,20,66,5,-71.7953,2,-155.908,0,0,20,0,-999,-999,0
82.5,20,66,5,-71.7953,7,-171.088,0,0,10,1,15.1425,10.6219,0
82.5,23,10,1,-111.104,3,-109.518,0,0,20,0,-999,-999,0
82.5,23,10,1,-111.104,2,-121.925,0,0,20,0,-999,-999,0
82.5,23,10,1,-111.104,4,-126.223,5,5,20,0,-999,-999,0
82.5,23,10,1,-111.104,5,-132.253,7,7,10,1,15.7,11.1794,0
82.5,23,10,1,-111.104,6,-145.412,8,8,10,1,11.3334,6.81279,0
82.5,23,10,1,-111.104,7,-152.846,0,0,10,1,15.1425,10.6219,0
82.5,24,34,5,-92.9378,1,-128.16,3,3,20,0,-999,-999,0
82.5,24,34,5,-92.9378,4,-128.503,5,5,20,0,-999,-999,0
82.5,24,34,5,-92.9378,6,-139.412,8,8,10,1,11.3334,6.81279,0
82.5,24,34,5,-92.9378,3,-142.883,0,0,20,0,-999,-999,0
82.5,24,34,5,-92.9378,2,-151.786,0,0,20,0,-999,-999,0
82.5,24,34,5,-92.9378,7,-163.029,0,0,10,1,15.1425,10.6219,0
82.5,27,41,6,-148.4,4,-105.731,5,5,20,0,-999,-999,0
82.5,27,41,6,-148.4,5,-120.999,7,7,10,1,15.7,11.1794,0
82.5,27,41,6,-148.4,1,-142.429,3,3,20,0,-999,-999,0
82.5,27,41,6,-148.4,3,-160.068,0,0,20,0,-999,-999,0
82.5,27,41,6,-148.4,2,-161.21,0,0,20,0,-999,-999,0
82.5,27,41,6,-148.4,7,-164.714,0,0,10,1,15.1425,10.6219,0
82.5,33,32,4,-123.28,1,-107.427,3,3,20,0,-999,-999,0
82.5,33,32,4,-123.28,2,-128.893,0,0,20,0,-999,-999,0
82.5,33,32,4,-123.28,3,-134.828,0,0,20,0,-999,-999,0
82.5,33,32,4,-123.28,6,-137.812,8,8,10,1,11.3334,6.81279,0
82.5,33,32,4,-123.28,5,-142.549,7,7,10,1,15.7,11.1794,0
82.5,33,32,4,-123.28,7,-146.635,0,0,10,1,15.1425,10.6219,0
82.5,41,24,4,-79.884,1,-108.174,3,3,20,0,-999,-999,0
82.5,41,24,4,-79.884,5,-124.812,7,7,10,1,15.7,11.1794,0
82.5,41,24,4,-79.884,6,-131.232,8,8,10,1,11.3334,6.81279,0
82.5,41,24,4,-79.884,7,-143.165,0,0,10,1,15.1425,10.6219,0
82.5,41,24,4,-79.884,2,-145.362,0,0,20,0,-999,-999,0
82.5,41,24,4,-79.884,3,-147.11,0,0,20,0,-999,-999,0
82.5,45,51,6,-135.814,5,-127.308,7,7,10,1,15.7,11.1794,0
82.5,45,51,6,-135.814,1,-127.426,3,3,20,0,-999,-999,0
82.5,45,51,6,-135.814,3,-136.891,0,0,20,0,-999,-999,0
82.5,45,51,6,-135.814,2,-142.549,0,0,20,0,-999,-999,0
82.5,45,51,6,-135.814,4,-149.001,5,5,20,0,-999,-999,0
82.5,45,51,6,-135.814,7,-161.511,0,0,10,1,15.1425,10.6219,0
82.5,46,26,4,-121.216,5,-135.23,7,7,10,1,15.7,11.1794,0
82.5,46,26,4,-121.216,1,-135.341,3,3,20,0,-999,-999,0
82.5,46,26,4,-121.216,6,-141.7,8,8,10,1,11.3334,6.81279,0
82.5,46,26,4,-121.216,2,-161.597,0,0,20,0,-999,-999,0
82.5,46,26,4,-121.216,3,-163.55,0,0,20,0,-999,-999,0
82.5,46,26,4,-121.216,7,-164.06,0,0,10,1,15.1425,10.6219,0
82.5,47,29,4,-118.31,6,-102.094,8,8,10,1,11.3334,6.81279,0
82.5,47,29,4,-118.31,1,-112.809,3,3,20,0,-999,-999,0
82.5,47,29,4,-118.31,5,-117.654,7,7,10,1,15.7,11.1794,0
82.5,47,29,4,-118.31,3,-133.557,0,0,20,0,-999,-999,0
82.5,47,29,4,-118.31,2,-136.776,0,0,20,0,-999,-999,0
82.5,47,29,4,-118.31,7,-164.643,0,0,10,1,15.1425,10.6219,0
82.5,53,42,5,-135.571,6,-146.454,8,8,10,1,11.3334,6.81279,0
82.5,53,42,5,-135.571,4,-148.773,5,5,20,0,-999,-999,0
82.5,53,42,5,-135.571,1,-151.055,3,3,20,0,-999,-999,0
82.5,53,42,5,-135.571,3,-155.803,0,0,20,0,-999,-999,0
82.5,53,42,5,-135.571,2,-157.793,0,0,20,0,-999,-999,0
82.5,53,42,5,-135.571,7,-173.357,0,0,10,1,15.1425,10.6219,0
82.5,59,14,1,-130.851,5,-113.029,7,7,10,1,15.7,11.1794,0
82.5,59,14,1,-130.851,4,-142.43,5,5,20,0,-999,-999,0
82.5,59,14,1,-130.851,6,-143.302,8,8,10,1,11.3334,6.81279,0
82.5,59,14,1,-130.851,3,-158.09,0,0,20,0,-999,-999,0
82.5,59,14,1,-130.851,2,-160.187,0,0,20,0,-999,-999,0
82.5,59,14,1,-130.851,7,-170.699,0,0,10,1,15.1425,10.6219,0
82.5,63,82,5,-128.299,6,-145.361,8,8,10,1,11.3334,6.81279,0
82.5,63,82,5,-128.299,1,-150.697,3,3,20,0,-999,-999,0
82.5,63,82,5,-128.299,3,-163.551,0,0,20,0,-999,-999,0
82.5,63,82,5,-128.299,2,-166.133,0,0,20,0,-999,-999,0
82.5,63,82,5,-128.299,4,-168.364,5,5,20,0,-999,-999,0
82.5,63,82,5,-128.299,7,-177.669,0,0,10,1,15.1425,10.6219,0
82.5,77,60,6,-146.363,5,-113.123,7,7,10,1,15.7,11.1794,0
82.5,77,60,6,-146.363,4,-151.265,5,5,20,0,-999,-999,0
82.5,77,60,6,-146.363,2,-163.651,0,0,20,0,-999,-999,0
82.5,77,60,6,-146.363,1,-163.784,3,3,20,0,-999,-999,0
82.5,77,60,6,-146.363,3,-166.79,0,0,20,0,-999,-999,0
82.5,77,60,6,-146.363,7,-171.249,0,0,10,1,15.1425,10.6219,0
82.5,84,74,5,-126.779,4,-112.568,5,5,20,0,-999,-999,0
82.5,84,74,5,-126.779,1,-136.453,3,3,20,0,-999,-999,0
82.5,84,74,5,-126.779,6,-140.332,8,8,10,1,11.3334,6.81279,0
82.5,84,74,5,-126.779,3,-141.083,0,0,20,0,-999,-999,0
82.5,84,74,5,-126.779,2,-145.693,0,0,20,0,-999,-999,0
82.5,84,74,5,-126.779,7,-163.26,0,0,10,1,15.1425,10.6219,0
82.5,86,24,6,-120.535,4,-143.185,5,5,20,0,-999,-999,0
82.5,86,24,6,-120.535,1,-147.131,3,3,20,0,-999,-999,0
82.5,86,24,6,-120.535,5,-151.12,7,7,10,1,15.7,11.1794,0
82.5,86,24,6,-120.535,2,-152.139,0,0,20,0,-999,-999,0
82.5,86,24,6,-120.535,7,-153.558,0,0,10,1,15.1425,10.6219,0
82.5,86,24,6,-120.535,3,-157.12,0,0,20,0,-999,-999,0
82.5,90,42,6,-131.469,4,-102.224,5,5,20,0,-999,-999,4
82.5,90,42,6,-131.469,7,-105.772,0,0,10,1,15.1425,10.6219,4
82.5,90,42,6,-131.469,1,-127.273,3,3,20,0,-999,-999,4
82.5,90,42,6,-131.469,5,-130.131,7,7,10,1,15.7,11.1794,4
82.5,90,42,6,-131.469,2,-132.008,0,0,20,0,-999,-999,4
82.5,90,42,6,-131.469,3,-142.976,0,0,20,0,-999,-999,4
82.5,92,13,1,-121.334,4,-129.525,5,6,20,0,-999,-999,0
82.5,92,13,1,-121.334,2,-129.695,0,0,20,0,-999,-999,0
82.5,92,13,1,-121.334,5,-131.551,7,7,10,1,15.7,11.1794,0
82.5,92,13,1,-121.334,6,-136.996,8,8,10,1,11.3334,6.81279,0
82.5,92,13,1,-121.334,3,-137.619,0,0,20,0,-999,-999,0
82.5,92,13,1,-121.334,7,-155.386,0,0,10,1,15.1425,10.6219,0
82.5,97,31,4,-121.775,2,-116.225,0,0,20,0,-999,-999,0
82.5,97,31,4,-121.775,1,-119.861,3,3,20,0,-999,-999,0
82.5,97,31,4,-121.775,3,-128.891,0,0,20,0,-999,-999,0
82.5,97,31,4,-121.775,5,-138.309,7,7,10,1,15.7,11.1794,0
82.5,97,31,4,-121.775,6,-140.274,8,8,10,1,11.3334,6.81279,0
82.5,97,31,4,-121.775,7,-156.711,0,0,10,1,15.1425,10.6219,0
82.5,100,52,6,-93.0923,4,-97.7269,5,6,20,0,-999,-999,0
82.5,100,52,6,-93.0923,1,-134.58,3,3,20,0,-999,-999,0
82.5,100,52,6,-93.0923,7,-136.358,0,0,10,1,15.1425,10.6219,0
82.5,100,52,6,-93.0923,2,-139.395,0,0,20,0,-999,-999,0
82.5,100,52,6,-93.0923,5,-144.637,7,7,10,1,15.7,11.1794,0
82.5,100,52,6,-93.0923,3,-145.49,0,0,20,0,-999,-999,0
82.5,104,58,5,-95.2112,4,-130.805,5,6,20,0,-999,-999,0
82.5,104,58,5,-95.2112,3,-138.758,0,0,20,0,-999,-999,0
82.5,104,58,5,-95.2112,1,-140.053,3,3,20,0,-999,-999,0
82.5,104,58,5,-95.2112,2,-142.147,0,0,20,0,-999,-999,0
82.5,104,58,5,-95.2112,6,-145.421,8,8,10,1,11.3334,6.81279,0
82.5,104,58,5,-95.2112,7,-165.004,0,0,10,1,15.1425,10.6219,0
84.5,11,33,6,-96.8732,4,-99.1424,6,6,20,0,-999,-999,0
84.5,11,33,6,-96.8732,7,-146.147,0,0,10,1,11.6451,7.12452,0
84.5,11,33,6,-96.8732,2,-146.675,0,0,20,0,-999,-999,0
84.5,11,33,6,-96.8732,1,-147.28,3,3,20,0,-999,-999,0
84.5,11,33,6,-96.8732,3,-150.259,0,0,20,0,-999,-999,0
84.5,11,33,6,-96.8732,5,-155.362,7,7,10,1,14.2093,9.68871,0
84.5,17,50,6,-131.634,4,-97.7155,6,6,20,0,-999,-999,0
84.5,17,50,6,-131.634,1,-136.91,3,3,20,0,-999,-999,0
84.5,17,50,6,-131.634,2,-152.242,0,0,20,0,-999,-999,0
84.5,17,50,6,-131.634,3,-152.845,0,0,20,0,-999,-999,0
84.5,17,50,6,-131.634,7,-160.389,0,0,10,1,11.6451,7.12452,0
84.5,17,50,6,-131.634,5,-173.333,7,7,10,1,14.2093,9.68871,0
84.5,19,50,5,-148.693,1,-146.888,3,3,20,0,-999,-999,0
84.5,19,50,5,-148.693,4,-153.609,6,6,20,0,-999,-999,0
84.5,19,50,5,-148.693,6,-167.436,7,7,10,1,11.3385,6.81791,0
84.5,19,50,5,-148.693,2,-167.512,0,0,20,0,-999,-999,0
84.5,19,50,5,-148.693,3,-168.443,0,0,20,0,-999,-999,0
84.5,19,50,5,-148.693,7,-176.716,0,0,10,1,11.6451,7.12452,0
84.5,20,66,5,-69.813,1,-132.892,3,3,20,0,-999,-999,0
84.5,20,66,5,-69.813,4,-135.02,6,6,20,0,-999,-999,0
84.5,20,66,5,-69.813,3,-153.358,0,0,20,0,-999,-999,0
84.5,20,66,5,-69.813,2,-153.791,0,0,20,0,-999,-999,0
84.5,20,66,5,-69.813,6,-161.933,7,7,10,1,11.3385,6.81791,0
84.5,20,66,5,-69.813,7,-171.162,0,0,10,1,11.6451,7.12452,0
84.5,23,10,1,-120.166,2,-124.165,0,0,20,0,-999,-999,0
84.5,23,10,1,-120.166,3,-124.779,0,0,20,0,-999,-999,0
84.5,23,10,1,-120.166,6,-126.204,7,7,10,1,11.3385,6.81791,0
84.5,23,10,1,-120.166,4,-132.058,6,6,20,0,-999,-999,0
84.5,23,10,1,-120.166,5,-149.282,7,7,10,1,14.2093,9.68871,0
84.5,23,10,1,-120.166,7,-159.522,0,0,10,1,11.6451,7.12452,0
84.5,24,34,5,-82.7016,1,-114.56,3,3,20,0,-999,-999,0
84.5,24,34,5,-82.7016,6,-138.827,7,7,10,1,11.3385,6.81791,0
84.5,24,34,5,-82.7016,3,-144.492,0,0,20,0,-999,-999,0
84.5,24,34,5,-82.7016,2,-144.54,0,0,20,0,-999,-999,0
84.5,24,34,5,-82.7016,4,-157.809,6,6,20,0,-999,-999,0
84.5,24,34,5,-82.7016,7,-169.597,0,0,10,1,11.6451,7.12452,0
84.5,27,41,6,-124.376,4,-128.994,6,6,20,0,-999,-999,0
84.5,27,41,6,-124.376,1,-143.191,3,3,20,0,-999,-999,0
84.5,27,41,6,-124.376,5,-150.6,7,7,10,1,14.2093,9.68871,0
84.5,27,41,6,-124.376,3,-161.177,0,0,20,0,-999,-999,0
84.5,27,41,6,-124.376,2,-162.907,0,0,20,0,-999,-999,0
84.5,27,41,6,-124.376,7,-163.668,0,0,10,1,11.6451,7.12452,0
84.5,33,32,4,-118.13,1,-90.8864,3,3,20,0,-999,-999,1
84.5,33,32,4,-118.13,2,-131.459,0,0,20,0,-999,-999,1
84.5,33,32,4,-118.13,3,-138.074,0,0,20,0,-999,-999,1
84.5,33,32,4,-118.13,6,-144.368,7,7,10,1,11.3385,6.81791,1
84.5,33,32,4,-118.13,5,-145.675,7,7,10,1,14.2093,9.68871,1
84.5,33,32,4,-118.13,7,-151.043,0,0,10,1,11.6451,7.12452,1
84.5,41,24,4,-69.179,6,-108.899,7,7,10,1,11.3385,6.81791,0
84.5,41,24,4,-69.179,5,-112.303,7,7,10,1,14.2093,9.68871,0
84.5,41,24,4,-69.179,1,-132.223,3,4,20,0,-999,-999,0
84.5,41,24,4,-69.179,7,-142.675,0,0,10,1,11.6451,7.12452,0
84.5,41,24,4,-69.179,2,-146.62,0,0,20,0,-999,-999,0
84.5,41,24,4,-69.179,3,-152.32,0,0,20,0,-999,-999,0
84.5,45,51,6,-136.229,5,-122.519,7,7,10,1,14.2093,9.68871,0
84.5,45,51,6,-136.229,1,-125.146,3,4,20,0,-999,-999,0
84.5,45,51,6,-136.229,3,-137.581,0,0,20,0,-999,-999,0
84.5,45,51,6,-136.229,2,-147.011,0,0,20,0,-999,-999,0
84.5,45,51,6,-136.229,4,-148.857,6,6,20,0,-999,-999,0
84.5,45,51,6,-136.229,7,-165.897,0,0,10,1,11.6451,7.12452,0
84.5,46,26,4,-135.725,5,-144.7,7,7,10,1,14.2093,9.68871,0
84.5,46,26,4,-135.725,6,-146.24,7,7,10,1,11.3385,6.81791,0
84.5,46,26,4,-135.725,1,-146.421,3,4,20,0,-999,-999,0
84.5,46,26,4,-135.725,2,-161.865,0,0,20,0,-999,-999,0
84.5,46,26,4,-135.725,3,-166.258,0,0,20,0,-999,-999,0
84.5,46,26,4,-135.725,7,-170.868,0,0,10,1,11.6451,7.12452,0
84.5,47,29,4,-109.363,1,-120.699,3,4,20,0,-999,-999,0
84.5,47,29,4,-109.363,5,-129.778,7,7,10,1,14.2093,9.68871,0
84.5,47,29,4,-109.363,3,-134.417,0,0,20,0,-999,-999,0
84.5,47,29,4,-109.363,2,-135.539,0,0,20,0,-999,-999,0
84.5,47,29,4,-109.363,6,-138.457,7,7,10,1,11.3385,6.81791,0
84.5,47,29,4,-109.363,7,-161.351,0,0,10,1,11.6451,7.12452,0
84.5,53,42,5,-145.356,1,-110.786,3,4,20,0,-999,-999,0
84.5,53,42,5,-145.356,6,-129.71,7,7,10,1,11.3385,6.81791,0
84.5,53,42,5,-145.356,4,-148.609,6,6,20,0,-999,-999,0
84.5,53,42,5,-145.356,2,-158.146,0,0,20,0,-999,-999,0
84.5,53,42,5,-145.356,3,-163.189,0,0,20,0,-999,-999,0
84.5,53,42,5,-145.356,7,-171.284,0,0,10,1,11.6451,7.12452,0
84.5,59,14,1,-138.839,5,-97.7687,7,7,10,1,14.2093,9.68871,0
84.5,59,14,1,-138.839,4,-113.163,6,6,20,0,-999,-999,0
84.5,59,14,1,-138.839,6,-153.413,7,7,10,1,11.3385,6.81791,0
84.5,59,14,1,-138.839,3,-157.344,0,0,20,0,-999,-999,0
84.5,59,14,1,-138.839,2,-163.504,0,0,20,0,-999,-999,0
84.5,59,14,1,-138.839,7,-174.09,0,0,10,1,11.6451,7.12452,0
84.5,63,82,5,-100.962,1,-122.854,3,4,20,0,-999,-999,0
84.5,63,82,5,-100.962,4,-129.821,6,6,20,0,-999,-999,0
84.5,63,82,5,-100.962,6,-149.686,7,7,10,1,11.3385,6.81791,0
84.5,63,82,5,-100.962,3,-161.251,0,0,20,0,-999,-999,0
84.5,63,82,5,-100.962,2,-163.398,0,0,20,0,-999,-999,0
84.5,63,82,5,-100.962,7,-174.605,0,0,10,1,11.6451,7.12452,0
84.5,77,60,6,-145.856,4,-145.802,6,6,20,0,-999,-999,0
84.5,77,60,6,-145.856,1,-157.914,3,4,20,0,-999,-999,0
84.5,77,60,6,-145.856,5,-160.438,7,7,10,1,14.2093,9.68871,0
84.5,77,60,6,-145.856,3,-164.66,0,0,20,0,-999,-999,0
84.5,77,60,6,-145.856,2,-173.739,0,0,20,0,-999,-999,0
84.5,77,60,6,-145.856,7,-174.27,0,0,10,1,11.6451,7.12452,0
84.5,84,74,5,-122.891,4,-139.268,6,6,20,0,-999,-999,0
84.5,84,74,5,-122.891,6,-139.573,7,7,10,1,11.3385,6.81791,0
84.5,84,74,5,-122.891,3,-139.817,0,0,20,0,-999,-999,0
84.5,84,74,5,-122.891,1,-140.538,3,4,20,0,-999,-999,0
84.5,84,74,5,-122.891,2,-152.065,0,0,20,0,-999,-999,0
84.5,84,74,5,-122.891,7,-168.885,0,0,10,1,11.6451,7.12452,0
84.5,86,24,6,-99.7069,5,-115.452,7,7,10,1,14.2093,9.68871,0
84.5,86,24,6,-99.7069,4,-139.048,6,6,20,0,-999,-999,0
84.5,86,24,6,-99.7069,1,-147.55,3,4,20,0,-999,-999,0
84.5,86,24,6,-99.7069,2,-149.234,0,0,20,0,-999,-999,0
84.5,86,24,6,-99.7069,7,-155.084,0,0,10,1,11.6451,7.12452,0
84.5,86,24,6,-99.7069,3,-160.93,0,0,20,0,-999,-999,0
84.5,90,33,4,-73.0937,1,-118.904,3,4,20,0,-999,-999,0
84.5,90,33,4,-73.0937,2,-130.135,0,0,20,0,-999,-999,0
84.5,90,33,4,-73.0937,6,-130.727,7,7,10,1,11.3385,6.81791,0
84.5,90,33,4,-73.0937,3,-131.65,0,0,20,0,-999,-999,0
84.5,90,33,4,-73.0937,7,-138.284,0,0,10,1,11.6451,7.12452,0
84.5,90,33,4,-73.0937,5,-143.042,7,7,10,1,14.2093,9.68871,0
84.5,92,13,1,-108.829,2,-127.398,0,0,20,0,-999,-999,0
84.5,92,13,1,-108.829,3,-132.531,0,0,20,0,-999,-999,0
84.5,92,13,1,-108.829,5,-133.035,7,7,10,1,14.2093,9.68871,0
84.5,92,13,1,-108.829,6,-135.234,7,7,10,1,11.3385,6.81791,0
84.5,92,13,1,-108.829,4,-148.002,6,6,20,0,-999,-999,0
84.5,92,13,1,-108.829,7,-158.438,0,0,10,1,11.6451,7.12452,0
84.5,97,31,4,-121.5,2,-113.92,0,0,20,0,-999,-999,0
84.5,97,31,4,-121.5,1,-116.273,3,4,20,0,-999,-999,0
84.5,97,31,4,-121.5,6,-127.575,7,7,10,1,11.3385,6.81791,0
84.5,97,31,4,-121.5,3,-129.329,0,0,20,0,-999,-999,0
84.5,97,31,4,-121.5,5,-145.661,7,7,10,1,14.2093,9.68871,0
84.5,97,31,4,-121.5,7,-148.42,0,0,10,1,11.6451,7.12452,0
84.5,100,52,6,-88.2135,4,-90.7394,6,6,20,0,-999,-999,0
84.5,100,52,6,-88.2135,5,-113.018,7,7,10,1,14.2093,9.68871,0
84.5,100,52,6,-88.2135,1,-122.17,3,4,20,0,-999,-999,0
84.5,100,52,6,-88.2135,7,-137.575,0,0,10,1,11.6451,7.12452,0
84.5,100,52,6,-88.2135,3,-141.323,0,0,20,0,-999,-999,0
84.5,100,52,6,-88.2135,2,-143.565,0,0,20,0,-999,-999,0
84.5,104,58,5,-81.2686,6,-126.591,7,7,10,1,11.3385,6.81791,0
84.5,104,58,5,-81.2686,1,-135.006,3,4,20,0,-999,-999,0
84.5,104,58,5,-81.2686,3,-137.417,0,0,20,0,-999,-999,0
84.5,104,58,5,-81.2686,4,-144.216,6,6,20,0,-999,-999,0
84.5,104,58,5,-81.2686,2,-146.988,0,0,20,0,-999,-999,0
84.5,104,58,5,-81.2686,7,-168.533,0,0,10,1,11.6451,7.12452,0
86.5,11,33,6,-83.4115,4,-108.44,5,5,20,0,-999,-999,0
86.5,11,33,6,-83.4115,1,-143.379,4,4,20,0,-999,-999,0
86.5,11,33,6,-83.4115,2,-144.285,0,0,20,0,-999,-999,0
86.5,11,33,6,-83.4115,7,-149.239,0,0,10,1,11.7432,7.22261,0
86.5,11,33,6,-83.4115,5,-151.849,7,7,10,1,13.2143,8.69373,0
86.5,11,33,6,-83.4115,3,-154.692,0,0,20,0,-999,-999,0
86.5,17,50,6,-134.649,4,-127.491,5,5,20,0,-999,-999,0
86.5,17,50,6,-134.649,1,-140.388,4,4,20,0,-999,-999,0
86.5,17,50,6,-134.649,2,-150.445,0,0,20,0,-999,-999,0
86.5,17,50,6,-134.649,3,-153.806,0,0,20,0,-999,-999,0
86.5,17,50,6,-134.649,7,-161.77,0,0,10,1,11.7432,7.22261,0
86.5,17,50,6,-134.649,5,-170.401,7,7,10,1,13.2143,8.69373,0
86.5,19,50,5,-114.834,6,-135.866,7,7,10,1,13.0998,8.57916,0
86.5,19,50,5,-114.834,1,-143.193,4,4,20,0,-999,-999,0
86.5,19,50,5,-114.834,4,-152.347,5,5,20,0,-999,-999,0
86.5,19,50,5,-114.834,3,-166.239,0,0,20,0,-999,-999,0
86.5,19,50,5,-114.834,2,-166.783,0,0,20,0,-999,-999,0
86.5,19,50,5,-114.834,7,-182.029,0,0,10,1,11.7432,7.22261,0
86.5,20,66,5,-97.3652,1,-135.303,4,4,20,0,-999,-999,0
86.5,20,66,5,-97.3652,3,-149.552,0,0,20,0,-999,-999,0
86.5,20,66,5,-97.3652,2,-151.294,0,0,20,0,-999,-999,0
86.5,20,66,5,-97.3652,6,-154.154,7,7,10,1,13.0998,8.57916,0
86.5,20,66,5,-97.3652,4,-162.107,5,5,20,0,-999,-999,0
86.5,20,66,5,-97.3652,7,-174.646,0,0,10,1,11.7432,7.22261,0
86.5,23,10,1,-128.103,3,-119.859,0,0,20,0,-999,-999,0
86.5,23,10,1,-128.103,2,-125.948,0,0,20,0,-999,-999,0
86.5,23,10,1,-128.103,4,-130.993,5,5,20,0,-999,-999,0
86.5,23,10,1,-128.103,6,-139.661,7,7,10,1,13.0998,8.57916,0
86.5,23,10,1,-128.103,5,-145.44,7,7,10,1,13.2143,8.69373,0
86.5,23,10,1,-128.103,7,-156.697,0,0,10,1,11.7432,7.22261,0
86.5,24,34,5,-106.716,1,-132.011,4,4,20,0,-999,-999,0
86.5,24,34,5,-106.716,3,-139.201,0,0,20,0,-999,-999,0
86.5,24,34,5,-106.716,2,-144.376,0,0,20,0,-999,-999,0
86.5,24,34,5,-106.716,6,-144.848,7,7,10,1,13.0998,8.57916,0
86.5,24,34,5,-106.716,4,-155.368,5,5,20,0,-999,-999,0
86.5,24,34,5,-106.716,7,-165.679,0,0,10,1,11.7432,7.22261,0
86.5,27,41,6,-137.132,4,-110.259,5,5,20,0,-999,-999,0
86.5,27,41,6,-137.132,5,-120.557,7,7,10,1,13.2143,8.69373,0
86.5,27,41,6,-137.132,1,-149.148,4,4,20,0,-999,-999,0
86.5,27,41,6,-137.132,2,-161.294,0,0,20,0,-999,-999,0
86.5,27,41,6,-137.132,7,-161.501,0,0,10,1,11.7432,7.22261,0
86.5,27,41,6,-137.132,3,-162.35,0,0,20,0,-999,-999,0
86.5,33,15,1,-104.85,4,-121.447,5,5,20,0,-999,-999,0
86.5,33,15,1,-104.85,2,-125.168,0,0,20,0,-999,-999,0
86.5,33,15,1,-104.85,3,-135.177,0,0,20,0,-999,-999,0
86.5,33,15,1,-104.85,5,-144.382,7,7,10,1,13.2143,8.69373,0
86.5,33,15,1,-104.85,7,-145.352,0,0,10,1,11.7432,7.22261,0
86.5,33,15,1,-104.85,6,-145.48,7,7,10,1,13.0998,8.57916,0
86.5,41,24,4,-94.7503,1,-130.859,4,4,20,0,-999,-999,0
86.5,41,24,4,-94.7503,6,-136.475,7,7,10,1,13.0998,8.57916,0
86.5,41,24,4,-94.7503,5,-139.65,7,7,10,1,13.2143,8.69373,0
86.5,41,24,4,-94.7503,2,-140.048,0,0,20,0,-999,-999,0
86.5,41,24,4,-94.7503,7,-143.823,0,0,10,1,11.7432,7.22261,0
86.5,41,24,4,-94.7503,3,-151.117,0,0,20,0,-999,-999,0
86.5,45,51,6,-101.641,5,-114.667,7,7,10,1,13.2143,8.69373,0
86.5,45,51,6,-101.641,4,-127.04,5,5,20,0,-999,-999,0
86.5,45,51,6,-101.641,1,-129.933,4,4,20,0,-999,-999,0
86.5,45,51,6,-101.641,3,-137.652,0,0,20,0,-999,-999,0
86.5,45,51,6,-101.641,2,-140.467,0,0,20,0,-999,-999,0
86.5,45,51,6,-101.641,7,-167.507,0,0,10,1,11.7432,7.22261,0
86.5,46,26,4,-136.44,1,-108.42,4,4,20,0,-999,-999,0
86.5,46,26,4,-136.44,6,-113.725,7,7,10,1,13.0998,8.57916,0
86.5,46,26,4,-136.44,5,-155.2,7,7,10,1,13.2143,8.69373,0
86.5,46,26,4,-136.44,2,-160.932,0,0,20,0,-999,-999,0
86.5,46,26,4,-136.44,3,-162.496,0,0,20,0,-999,-999,0
86.5,46,26,4,-136.44,7,-164.236,0,0,10,1,11.7432,7.22261,0
86.5,47,29,4,-131.606,6,-98.775,7,7,10,1,13.0998,8.57916,0
86.5,47,29,4,-131.606,1,-112.898,4,4,20,0,-999,-999,0
86.5,47,29,4,-131.606,2,-114.491,0,0,20,0,-999,-999,0
86.5,47,29,4,-131.606,5,-135.481,7,7,10,1,13.2143,8.69373,0
86.5,47,29,4,-131.606,3,-136.462,0,0,20,0,-999,-999,0
86.5,47,29,4,-131.606,7,-160.797,0,0,10,1,11.7432,7.22261,0
86.5,53,42,5,-121.82,1,-126.572,4,4,20,0,-999,-999,0
86.5,53,42,5,-121.82,4,-129.109,5,5,20,0,-999,-999,0
86.5,53,42,5,-121.82,6,-149.332,7,7,10,1,13.0998,8.57916,0
86.5,53,42,5,-121.82,3,-167.985,0,0,20,0,-999,-999,0
86.5,53,42,5,-121.82,2,-172.122,0,0,20,0,-999,-999,0
86.5,53,42,5,-121.82,7,-185.787,0,0,10,1,11.7432,7.22261,0
86.5,59,14,1,-142.553,5,-110.91,7,7,10,1,13.2143,8.69373,0
86.5,59,14,1,-142.553,4,-146.371,5,5,20,0,-999,-999,0
86.5,59,14,1,-142.553,6,-153.849,7,7,10,1,13.0998,8.57916,0
86.5,59,14,1,-142.553,3,-157.519,0,0,20,0,-999,-999,0
86.5,59,14,1,-142.553,2,-158.074,0,0,20,0,-999,-999,0
86.5,59,14,1,-142.553,7,-171.556,0,0,10,1,11.7432,7.22261,0
86.5,63,82,5,-133.595,4,-126.637,5,5,20,0,-999,-999,0
86.5,63,82,5,-133.595,6,-145.883,7,7,10,1,13.0998,8.57916,0
86.5,63,82,5,-133.595,1,-149.93,4,4,20,0,-999,-999,0
86.5,63,82,5,-133.595,2,-158.851,0,0,20,0,-999,-999,0
86.5,63,82,5,-133.595,3,-165.507,0,0,20,0,-999,-999,0
86.5,63,82,5,-133.595,7,-183.443,0,0,10,1,11.7432,7.22261,0
86.5,77,60,6,-149.957,5,-124.314,7,7,10,1,13.2143,8.69373,0
86.5,77,60,6,-149.957,4,-143.938,5,5,20,0,-999,-999,0
86.5,77,60,6,-149.957,1,-161.616,4,4,20,0,-999,-999,0
86.5,77,60,6,-149.957,3,-163.583,0,0,20,0,-999,-999,0
86.5,77,60,6,-149.957,7,-167.65,0,0,10,1,11.7432,7.22261,0
86.5,77,60,6,-149.957,2,-169.394,0,0,20,0,-999,-999,0
86.5,84,74,5,-122.501,6,-105.78,7,7,10,1,13.0998,8.57916,0
86.5,84,74,5,-122.501,4,-126.784,5,5,20,0,-999,-999,0
86.5,84,74,5,-122.501,1,-132.662,4,4,20,0,-999,-999,0
86.5,84,74,5,-122.501,3,-133.715,0,0,20,0,-999,-999,0
86.5,84,74,5,-122.501,2,-145.83,0,0,20,0,-999,-999,0
86.5,84,74,5,-122.501,7,-167.164,0,0,10,1,11.7432,7.22261,0
86.5,86,24,6,-127.788,4,-131.211,5,5,20,0,-999,-999,0
86.5,86,24,6,-127.788,1,-146.221,4,4,20,0,-999,-999,0
86.5,86,24,6,-127.788,2,-152.75,0,0,20,0,-999,-999,0
86.5,86,24,6,-127.788,7,-153.685,0,0,10,1,11.7432,7.22261,0
86.5,86,24,6,-127.788,5,-153.692,7,7,10,1,13.2143,8.69373,0
86.5,86,24,6,-127.788,3,-157.461,0,0,20,0,-999,-999,0
86.5,90,33,4,-113.652,5,-120.288,7,7,10,1,13.2143,8.69373,0
86.5,90,33,4,-113.652,6,-125.598,7,7,10,1,13.0998,8.57916,0
86.5,90,33,4,-113.652,1,-126.83,4,4,20,0,-999,-999,0
86.5,90,33,4,-113.652,2,-129.914,0,0,20,0,-999,-999,0
86.5,90,33,4,-113.652,7,-138.216,0,0,10,1,11.7432,7.22261,0
86.5,90,33,4,-113.652,3,-139.031,0,0,20,0,-999,-999,0
86.5,92,13,1,-83.2141,5,-118.691,7,7,10,1,13.2143,8.69373,0
86.5,92,13,1,-83.2141,2,-129.269,0,0,20,0,-999,-999,0
86.5,92,13,1,-83.2141,6,-133.45,7,7,10,1,13.0998,8.57916,0
86.5,92,13,1,-83.2141,3,-136.458,0,0,20,0,-999,-999,0
86.5,92,13,1,-83.2141,4,-143.151,5,5,20,0,-999,-999,0
86.5,92,13,1,-83.2141,7,-159.279,0,0,10,1,11.7432,7.22261,0
86.5,97,31,4,-121.359,1,-99.2995,4,4,20,0,-999,-999,0
86.5,97,31,4,-121.359,2,-112.697,0,0,20,0,-999,-999,0
86.5,97,31,4,-121.359,6,-113.041,7,7,10,1,13.0998,8.57916,0
86.5,97,31,4,-121.359,3,-132.183,0,0,20,0,-999,-999,0
86.5,97,31,4,-121.359,5,-133.703,7,7,10,1,13.2143,8.69373,0
86.5,97,31,4,-121.359,7,-150.106,0,0,10,1,11.7432,7.22261,0
86.5,100,52,6,-128.779,4,-82.5209,5,5,20,0,-999,-999,0
86.5,100,52,6,-128.779,1,-131.64,4,4,20,0,-999,-999,0
86.5,100,52,6,-128.779,5,-134.671,7,7,10,1,13.2143,8.69373,0
86.5,100,52,6,-128.779,2,-142.848,0,0,20,0,-999,-999,0
86.5,100,52,6,-128.779,7,-144.665,0,0,10,1,11.7432,7.22261,0
86.5,100,52,6,-128.779,3,-147.423,0,0,20,0,-999,-999,0
86.5,104,58,5,-104.679,1,-141.037,4,4,20,0,-999,-999,0
86.5,104,58,5,-104.679,3,-141.306,0,0,20,0,-999,-999,0
86.5,104,58,5,-104.679,2,-144.441,0,0,20,0,-999,-999,0
86.5,104,58,5,-104.679,6,-149.48,7,7,10,1,13.0998,8.57916,0
86.5,104,58,5,-104.679,4,-149.858,5,5,20,0,-999,-999,0
86.5,104,58,5,-104.679,7,-160.351,0,0,10,1,11.7432,7.22261,0
88.5,11,33,6,-91.7123,4,-118.987,5,5,20,0,-999,-999,0
88.5,11,33,6,-91.7123,7,-146.766,0,0,10,1,10.927,6.40645,0
88.5,11,33,6,-91.7123,2,-147.386,0,0,20,0,-999,-999,0
88.5,11,33,6,-91.7123,3,-148.223,0,0,20,0,-999,-999,0
88.5,11,33,6,-91.7123,1,-148.595,4,4,20,0,-999,-999,0
88.5,11,33,6,-91.7123,5,-152.604,7,7,10,1,12.5553,8.03465,0
88.5,17,50,6,-102.291,4,-130.774,5,5,20,0,-999,-999,0
88.5,17,50,6,-102.291,1,-134.741,4,4,20,0,-999,-999,0
88.5,17,50,6,-102.291,2,-150.693,0,0,20,0,-999,-999,0
88.5,17,50,6,-102.291,3,-157.63,0,0,20,0,-999,-999,0
88.5,17,50,6,-102.291,7,-159.866,0,0,10,1,10.927,6.40645,0
88.5,17,50,6,-102.291,5,-170.185,7,7,10,1,12.5553,8.03465,0
88.5,19,50,5,-140.527,4,-145.211,5,5,20,0,-999,-999,0
88.5,19,50,5,-140.527,1,-149.034,4,4,20,0,-999,-999,0
88.5,19,50,5,-140.527,6,-163.495,7,7,10,1,11.1891,6.66846,0
88.5,19,50,5,-140.527,3,-169.08,0,0,20,0,-999,-999,0
88.5,19,50,5,-140.527,2,-171.059,0,0,20,0,-999,-999,0
88.5,19,50,5,-140.527,7,-179.48,0,0,10,1,10.927,6.40645,0
88.5,20,66,5,-97.2371,6,-140.896,7,7,10,1,11.1891,6.66846,0
88.5,20,66,5,-97.2371,1,-144.489,4,4,20,0,-999,-999,0
88.5,20,66,5,-97.2371,3,-148.243,0,0,20,0,-999,-999,0
88.5,20,66,5,-97.2371,2,-150.317,0,0,20,0,-999,-999,0
88.5,20,66,5,-97.2371,4,-155.737,5,5,20,0,-999,-999,0
88.5,20,66,5,-97.2371,7,-173.222,0,0,10,1,10.927,6.40645,0
88.5,23,10,1,-123.656,3,-116.846,0,0,20,0,-999,-999,0
88.5,23,10,1,-123.656,5,-120.122,7,7,10,1,12.5553,8.03465,0
88.5,23,10,1,-123.656,2,-124.014,0,0,20,0,-999,-999,0
88.5,23,10,1,-123.656,4,-136.225,5,5,20,0,-999,-999,0
88.5,23,10,1,-123.656,6,-145.604,7,7,10,1,11.1891,6.66846,0
88.5,23,10,1,-123.656,7,-157.295,0,0,10,1,10.927,6.40645,0
88.5,24,34,5,-122.455,1,-134.627,4,4,20,0,-999,-999,0
88.5,24,34,5,-122.455,6,-142.046,7,7,10,1,11.1891,6.66846,0
88.5,24,34,5,-122.455,3,-145.451,0,0,20,0,-999,-999,0
88.5,24,34,5,-122.455,2,-149.632,0,0,20,0,-999,-999,0
88.5,24,34,5,-122.455,4,-153.562,5,5,20,0,-999,-999,0
88.5,24,34,5,-122.455,7,-165.246,0,0,10,1,10.927,6.40645,0
88.5,27,41,6,-129.92,4,-132.866,5,5,20,0,-999,-999,0
88.5,27,41,6,-129.92,5,-134.733,7,7,10,1,12.5553,8.03465,0
88.5,27,41,6,-129.92,1,-142.772,4,4,20,0,-999,-999,0
88.5,27,41,6,-129.92,2,-158.115,0,0,20,0,-999,-999,0
88.5,27,41,6,-129.92,7,-160.234,0,0,10,1,10.927,6.40645,0
88.5,27,41,6,-129.92,3,-162.699,0,0,20,0,-999,-999,0
88.5,33,15,1,-115.883,4,-85.9495,5,5,20,0,-999,-999,0
88.5,33,15,1,-115.883,6,-110.891,7,7,10,1,11.1891,6.66846,0
88.5,33,15,1,-115.883,2,-132.581,0,0,20,0,-999,-999,0
88.5,33,15,1,-115.883,3,-143.525,0,0,20,0,-999,-999,0
88.5,33,15,1,-115.883,5,-144.694,7,7,10,1,12.5553,8.03465,0
88.5,33,15,1,-115.883,7,-148.31,0,0,10,1,10.927,6.40645,0
88.5,41,24,4,-107.124,5,-121.991,7,7,10,1,12.5553,8.03465,0
88.5,41,24,4,-107.124,6,-127.2,7,7,10,1,11.1891,6.66846,0
88.5,41,24,4,-107.124,1,-132.254,4,4,20,0,-999,-999,0
88.5,41,24,4,-107.124,7,-141.77,0,0,10,1,10.927,6.40645,0
88.5,41,24,4,-107.124,2,-147.999,0,0,20,0,-999,-999,0
88.5,41,24,4,-107.124,3,-148.079,0,0,20,0,-999,-999,0
88.5,45,51,6,-135.509,1,-125.44,4,4,20,0,-999,-999,0
88.5,45,51,6,-135.509,5,-125.512,7,7,10,1,12.5553,8.03465,0
88.5,45,51,6,-135.509,3,-132.092,0,0,20,0,-999,-999,0
88.5,45,51,6,-135.509,2,-138.976,0,0,20,0,-999,-999,0
88.5,45,51,6,-135.509,4,-147.536,5,5,20,0,-999,-999,0
88.5,45,51,6,-135.509,7,-163.955,0,0,10,1,10.927,6.40645,0
88.5,46,26,4,-130.642,5,-126.531,7,7,10,1,12.5553,8.03465,0
88.5,46,26,4,-130.642,1,-143.138,4,4,20,0,-999,-999,0
88.5,46,26,4,-130.642,2,-157.795,0,0,20,0,-999,-999,0
88.5,46,26,4,-130.642,6,-158.314,7,7,10,1,11.1891,6.66846,0
88.5,46,26,4,-130.642,3,-165.311,0,0,20,0,-999,-999,0
88.5,46,26,4,-130.642,7,-167.912,0,0,10,1,10.927,6.40645,0
88.5,47,29,4,-145.802,5,-129.221,7,7,10,1,12.5553,8.03465,0
88.5,47,29,4,-145.802,6,-131.705,7,7,10,1,11.1891,6.66846,0
88.5,47,29,4,-145.802,1,-131.964,4,4,20,0,-999,-999,0
88.5,47,29,4,-145.802,3,-134.175,0,0,20,0,-999,-999,0
88.5,47,29,4,-145.802,2,-137.663,0,0,20,0,-999,-999,0
88.5,47,29,4,-145.802,7,-159.937,0,0,10,1,10.927,6.40645,0
88.5,53,42,5,-141.686,6,-118.135,7,7,10,1,11.1891,6.66846,0
88.5,53,42,5,-141.686,1,-143.861,4,4,20,0,-999,-999,0
88.5,53,42,5,-141.686,4,-150.046,5,5,20,0,-999,-999,0
88.5,53,42,5,-141.686,3,-167.933,0,0,20,0,-999,-999,0
88.5,53,42,5,-141.686,2,-169.115,0,0,20,0,-999,-999,0
88.5,53,42,5,-141.686,7,-187.151,0,0,10,1,10.927,6.40645,0
88.5,59,14,1,-103.37,5,-109.973,7,7,10,1,12.5553,8.03465,0
88.5,59,14,1,-103.37,4,-142.92,5,5,20,0,-999,-999,0
88.5,59,14,1,-103.37,6,-154.431,7,7,10,1,11.1891,6.66846,0
88.5,59,14,1,-103.37,3,-159.97,0,0,20,0,-999,-999,0
88.5,59,14,1,-103.37,2,-162.509,0,0,20,0,-999,-999,0
88.5,59,14,1,-103.37,7,-174.454,0,0,10,1,10.927,6.40645,0
88.5,63,82,5,-142.971,4,-135.25,5,5,20,0,-999,-999,0
88.5,63,82,5,-142.971,6,-145.074,7,7,10,1,11.1891,6.66846,0
88.5,63,82,5,-142.971,1,-152.455,4,4,20,0,-999,-999,0
88.5,63,82,5,-142.971,2,-161.976,0,0,20,0,-999,-999,0
88.5,63,82,5,-142.971,3,-167.344,0,0,20,0,-999,-999,0
88.5,63,82,5,-142.971,7,-182.618,0,0,10,1,10.927,6.40645,0
88.5,77,60,6,-143.169,5,-142.246,7,7,10,1,12.5553,8.03465,0
88.5,77,60,6,-143.169,4,-146.542,5,5,20,0,-999,-999,0
88.5,77,60,6,-143.169,1,-162.824,4,4,20,0,-999,-999,0
88.5,77,60,6,-143.169,3,-163.145,0,0,20,0,-999,-999,0
88.5,77,60,6,-143.169,2,-164.073,0,0,20,0,-999,-999,0
88.5,77,60,6,-143.169,7,-170.335,0,0,10,1,10.927,6.40645,0
88.5,84,74,5,-100.625,4,-125.282,5,5,20,0,-999,-999,0
88.5,84,74,5,-100.625,3,-139.51,0,0,20,0,-999,-999,0
88.5,84,74,5,-100.625,6,-139.899,7,7,10,1,11.1891,6.66846,0
88.5,84,74,5,-100.625,1,-140.791,4,4,20,0,-999,-999,0
88.5,84,74,5,-100.625,2,-142.976,0,0,20,0,-999,-999,0
88.5,84,74,5,-100.625,7,-166.233,0,0,10,1,10.927,6.40645,0
88.5,86,24,6,-121.657,4,-134.201,5,5,20,0,-999,-999,0
88.5,86,24,6,-121.657,1,-141.736,4,4,20,0,-999,-999,0
88.5,86,24,6,-121.657,5,-145.508,7,7,10,1,12.5553,8.03465,0
88.5,86,24,6,-121.657,7,-151.587,0,0,10,1,10.927,6.40645,0
88.5,86,24,6,-121.657,3,-153.523,0,0,20,0,-999,-999,0
88.5,86,24,6,-121.657,2,-154.641,0,0,20,0,-999,-999,0
88.5,90,33,4,-114.297,6,-117.817,7,7,10,1,11.1891,6.66846,0
88.5,90,33,4,-114.297,1,-124.811,4,4,20,0,-999,-999,0
88.5,90,33,4,-114.297,5,-132.927,7,7,10,1,12.5553,8.03465,0
88.5,90,33,4,-114.297,2,-134.475,0,0,20,0,-999,-999,0
88.5,90,33,4,-114.297,7,-141.102,0,0,10,1,10.927,6.40645,0
88.5,90,33,4,-114.297,3,-141.618,0,0,20,0,-999,-999,0
88.5,92,13,1,-118.154,3,-130.938,0,0,20,0,-999,-999,0
88.5,92,13,1,-118.154,2,-131.328,0,0,20,0,-999,-999,0
88.5,92,13,1,-118.154,5,-138.36,7,7,10,1,12.5553,8.03465,0
88.5,92,13,1,-118.154,6,-140.375,7,7,10,1,11.1891,6.66846,0
88.5,92,13,1,-118.154,4,-143.952,5,5,20,0,-999,-999,0
88.5,92,13,1,-118.154,7,-155.168,0,0,10,1,10.927,6.40645,0
88.5,97,31,4,-130.953,1,-79.7191,4,4,20,0,-999,-999,1
88.5,97,31,4,-130.953,2,-112.504,0,0,20,0,-999,-999,1
88.5,97,31,4,-130.953,5,-120.702,7,7,10,1,12.5553,8.03465,1
88.5,97,31,4,-130.953,3,-134.341,0,0,20,0,-999,-999,1
88.5,97,31,4,-130.953,6,-142.795,7,7,10,1,11.1891,6.66846,1
88.5,97,31,4,-130.953,7,-151.22,0,0,10,1,10.927,6.40645,1
88.5,100,52,6,-130.303,4,-68.0046,5,5,20,0,-999,-999,4
88.5,100,52,6,-130.303,1,-135.367,4,5,20,0,-999,-999,4
88.5,100,52,6,-130.303,2,-137.322,0,0,20,0,-999,-999,4
88.5,100,52,6,-130.303,7,-137.684,0,0,10,1,10.927,6.40645,4
88.5,100,52,6,-130.303,3,-141.78,0,0,20,0,-999,-999,4
88.5,100,52,6,-130.303,5,-152.98,7,7,10,1,12.5553,8.03465,4
88.5,104,58,5,-117.465,1,-138.353,4,5,20,0,-999,-999,0
88.5,104,58,5,-117.465,3,-138.888,0,0,20,0,-999,-999,0
88.5,104,58,5,-117.465,4,-144.76,5,6,20,0,-999,-999,0
88.5,104,58,5,-117.465,2,-146.237,0,0,20,0,-999,-999,0
88.5,104,58,5,-117.465,6,-148.795,7,7,10,1,11.1891,6.66846,0
88.5,104,58,5,-117.465,7,-166.132,0,0,10,1,10.927,6.40645,0
90.5,11,33,6,-119.27,4,-118.873,5,5,20,0,-999,-999,0
90.5,11,33,6,-119.27,3,-146.991,0,0,20,0,-999,-999,0
90.5,11,33,6,-119.27,7,-147.16,0,0,10,1,10.8722,6.35164,0
90.5,11,33,6,-119.27,2,-147.876,0,0,20,0,-999,-999,0
90.5,11,33,6,-119.27,1,-150.436,5,5,20,0,-999,-999,0
90.5,11,33,6,-119.27,5,-157.51,7,7,10,1,15.0182,10.4976,0
90.5,17,50,6,-103.878,4,-102.806,5,5,20,0,-999,-999,0
90.5,17,50,6,-103.878,1,-142.538,5,5,20,0,-999,-999,0
90.5,17,50,6,-103.878,3,-153.861,0,0,20,0,-999,-999,0
90.5,17,50,6,-103.878,2,-155.471,0,0,20,0,-999,-999,0
90.5,17,50,6,-103.878,7,-158.446,0,0,10,1,10.8722,6.35164,0
90.5,17,50,6,-103.878,5,-172.636,7,7,10,1,15.0182,10.4976,0
90.5,19,50,5,-143.223,4,-116.631,5,5,20,0,-999,-999,0
90.5,19,50,5,-143.223,1,-144.16,5,5,20,0,-999,-999,0
90.5,19,50,5,-143.223,6,-163.688,6,6,10,1,13.8383,9.31768,0
90.5,19,50,5,-143.223,2,-168.211,0,0,20,0,-999,-999,0
90.5,19,50,5,-143.223,3,-172.132,0,0,20,0,-999,-999,0
90.5,19,50,5,-143.223,7,-180.009,0,0,10,1,10.8722,6.35164,0
90.5,20,66,5,-110.087,1,-133.113,5,5,20,0,-999,-999,0
90.5,20,66,5,-110.087,4,-133.262,5,5,20,0,-999,-999,0
90.5,20,66,5,-110.087,6,-145.991,6,6,10,1,13.8383,9.31768,0
90.5,20,66,5,-110.087,3,-146.256,0,0,20,0,-999,-999,0
90.5,20,66,5,-110.087,2,-152.434,0,0,20,0,-999,-999,0
90.5,20,66,5,-110.087,7,-173.22,0,0,10,1,10.8722,6.35164,0
90.5,23,10,1,-111.12,6,-109.185,6,6,10,1,13.8383,9.31768,0
90.5,23,10,1,-111.12,3,-111.248,0,0,20,0,-999,-999,0
90.5,23,10,1,-111.12,2,-124.778,0,0,20,0,-999,-999,0
90.5,23,10,1,-111.12,4,-135.518,5,5,20,0,-999,-999,0
90.5,23,10,1,-111.12,5,-143.863,7,7,10,1,15.0182,10.4976,0
90.5,23,10,1,-111.12,7,-157.99,0,0,10,1,10.8722,6.35164,0
90.5,24,34,5,-126.145,4,-125.983,5,5,20,0,-999,-999,0
90.5,24,34,5,-126.145,3,-130.515,0,0,20,0,-999,-999,0
90.5,24,34,5,-126.145,1,-131.47,5,5,20,0,-999,-999,0
90.5,24,34,5,-126.145,6,-146.049,6,6,10,1,13.8383,9.31768,0
90.5,24,34,5,-126.145,2,-148.487,0,0,20,0,-999,-999,0
90.5,24,34,5,-126.145,7,-166.924,0,0,10,1,10.8722,6.35164,0
90.5,27,41,6,-131.991,5,-108.233,7,7,10,1,15.0182,10.4976,0
90.5,27,41,6,-131.991,1,-132.99,5,5,20,0,-999,-999,0
90.5,27,41,6,-131.991,4,-136.378,5,5,20,0,-999,-999,0
90.5,27,41,6,-131.991,2,-157.382,0,0,20,0,-999,-999,0
90.5,27,41,6,-131.991,7,-161.51,0,0,10,1,10.8722,6.35164,0
90.5,27,41,6,-131.991,3,-165.098,0,0,20,0,-999,-999,0
90.5,33,15,1,-82.1034,4,-118.11,5,5,20,0,-999,-999,0
90.5,33,15,1,-82.1034,2,-130.75,0,0,20,0,-999,-999,0
90.5,33,15,1,-82.1034,3,-133.963,0,0,20,0,-999,-999,0
90.5,33,15,1,-82.1034,5,-142.556,7,7,10,1,15.0182,10.4976,0
90.5,33,15,1,-82.1034,6,-142.793,6,6,10,1,13.8383,9.31768,0
90.5,33,15,1,-82.1034,7,-151.054,0,0,10,1,10.8722,6.35164,0
90.5,41,24,4,-106.73,1,-128.463,5,5,20,0,-999,-999,0
90.5,41,24,4,-106.73,6,-132.064,6,6,10,1,13.8383,9.31768,0
90.5,41,24,4,-106.73,7,-142.302,0,0,10,1,10.8722,6.35164,0
90.5,41,24,4,-106.73,2,-145.069,0,0,20,0,-999,-999,0
90.5,41,24,4,-106.73,3,-145.233,0,0,20,0,-999,-999,0
90.5,41,24,4,-106.73,5,-145.773,7,7,10,1,15.0182,10.4976,0
90.5,45,51,6,-109.627,1,-112.953,5,5,20,0,-999,-999,0
90.5,45,51,6,-109.627,5,-125.274,7,7,10,1,15.0182,10.4976,0
90.5,45,51,6,-109.627,3,-141.184,0,0,20,0,-999,-999,0
90.5,45,51,6,-109.627,2,-143.893,0,0,20,0,-999,-999,0
90.5,45,51,6,-109.627,4,-150.094,5,5,20,0,-999,-999,0
90.5,45,51,6,-109.627,7,-162.765,0,0,10,1,10.8722,6.35164,0
90.5,46,26,4,-96.6261,6,-138.309,6,6,10,1,13.8383,9.31768,0
90.5,46,26,4,-96.6261,1,-142.776,5,5,20,0,-999,-999,0
90.5,46,26,4,-96.6261,5,-148.921,7,7,10,1,15.0182,10.4976,0
90.5,46,26,4,-96.6261,7,-163.989,0,0,10,1,10.8722,6.35164,0
90.5,46,26,4,-96.6261,2,-166.445,0,0,20,0,-999,-999,0
90.5,46,26,4,-96.6261,3,-166.738,0,0,20,0,-999,-999,0
90.5,47,29,4,-139.273,1,-114.103,5,5,20,0,-999,-999,0
90.5,47,29,4,-139.273,5,-132.382,7,7,10,1,15.0182,10.4976,0
90.5,47,29,4,-139.273,6,-133.595,6,6,10,1,13.8383,9.31768,0
90.5,47,29,4,-139.273,3,-134.555,0,0,20,0,-999,-999,0
90.5,47,29,4,-139.273,2,-136.831,0,0,20,0,-999,-999,0
90.5,47,29,4,-139.273,7,-164.893,0,0,10,1,10.8722,6.35164,0
90.5,53,42,5,-131.622,1,-147.546,5,5,20,0,-999,-999,0
90.5,53,42,5,-131.622,6,-152.177,6,6,10,1,13.8383,9.31768,0
90.5,53,42,5,-131.622,4,-152.446,5,5,20,0,-999,-999,0
90.5,53,42,5,-131.622,2,-163.22,0,0,20,0,-999,-999,0
90.5,53,42,5,-131.622,3,-169.843,0,0,20,0,-999,-999,0
90.5,53,42,5,-131.622,7,-181.907,0,0,10,1,10.8722,6.35164,0
90.5,59,14,1,-139.844,5,-136.823,7,7,10,1,15.0182,10.4976,0
90.5,59,14,1,-139.844,6,-141.004,6,6,10,1,13.8383,9.31768,0
90.5,59,14,1,-139.844,4,-145.273,5,5,20,0,-999,-999,0
90.5,59,14,1,-139.844,3,-156.2,0,0,20,0,-999,-999,0
90.5,59,14,1,-139.844,2,-161.726,0,0,20,0,-999,-999,0
90.5,59,14,1,-139.844,7,-171.99,0,0,10,1,10.8722,6.35164,0
90.5,63,82,5,-139.346,6,-109.699,6,6,10,1,13.8383,9.31768,0
90.5,63,82,5,-139.346,1,-154.649,5,5,20,0,-999,-999,0
90.5,63,82,5,-139.346,4,-154.809,5,5,20,0,-999,-999,0
90.5,63,82,5,-139.346,2,-166.49,0,0,20,0,-999,-999,0
90.5,63,82,5,-139.346,3,-170.414,0,0,20,0,-999,-999,0
90.5,63,82,5,-139.346,7,-175.803,0,0,10,1,10.8722,6.35164,0
90.5,77,60,6,-119.232,5,-112.893,7,7,10,1,15.0182,10.4976,0
90.5,77,60,6,-119.232,4,-146.956,5,5,20,0,-999,-999,0
90.5,77,60,6,-119.232,1,-149.124,5,5,20,0,-999,-999,0
90.5,77,60,6,-119.232,7,-171.28,0,0,10,1,10.8722,6.35164,0
90.5,77,60,6,-119.232,3,-173.083,0,0,20,0,-999,-999,0
90.5,77,60,6,-119.232,2,-174.373,0,0,20,0,-999,-999,0
90.5,84,74,5,-88.6491,6,-116.699,6,6,10,1,13.8383,9.31768,0
90.5,84,74,5,-88.6491,4,-120.507,5,5,20,0,-999,-999,0
90.5,84,74,5,-88.6491,1,-130.4,5,5,20,0,-999,-999,0
90.5,84,74,5,-88.6491,3,-136.07,0,0,20,0,-999,-999,0
90.5,84,74,5,-88.6491,2,-143.39,0,0,20,0,-999,-999,0
90.5,84,74,5,-88.6491,7,-164.949,0,0,10,1,10.8722,6.35164,0
90.5,86,24,6,-123.354,4,-134.897,5,5,20,0,-999,-999,0
90.5,86,24,6,-123.354,1,-136.431,5,5,20,0,-999,-999,0
90.5,86,24,6,-123.354,5,-147.057,7,7,10,1,15.0182,10.4976,0
90.5,86,24,6,-123.354,2,-152.092,0,0,20,0,-999,-999,0
90.5,86,24,6,-123.354,7,-153.156,0,0,10,1,10.8722,6.35164,0
90.5,86,24,6,-123.354,3,-159.407,0,0,20,0,-999,-999,0
90.5,90,33,4,-113.597,1,-107.395,5,5,20,0,-999,-999,0
90.5,90,33,4,-113.597,6,-125.094,6,6,10,1,13.8383,9.31768,0
90.5,90,33,4,-113.597,2,-130.388,0,0,20,0,-999,-999,0
90.5,90,33,4,-113.597,3,-136.952,0,0,20,0,-999,-999,0
90.5,90,33,4,-113.597,7,-139.708,0,0,10,1,10.8722,6.35164,0
90.5,90,33,4,-113.597,5,-146.829,7,7,10,1,15.0182,10.4976,0
90.5,92,13,1,-118.104,2,-128.349,0,0,20,0,-999,-999,0
90.5,92,13,1,-118.104,3,-130.407,0,0,20,0,-999,-999,0
90.5,92,13,1,-118.104,5,-135.818,7,7,10,1,15.0182,10.4976,0
90.5,92,13,1,-118.104,6,-136.897,6,6,10,1,13.8383,9.31768,0
90.5,92,13,1,-118.104,4,-143.607,5,5,20,0,-999,-999,0
90.5,92,13,1,-118.104,7,-158.506,0,0,10,1,10.8722,6.35164,0
90.5,97,16,1,-93.435,2,-114.871,0,0,20,0,-999,-999,0
90.5,97,16,1,-93.435,4,-116.214,5,5,20,0,-999,-999,0
90.5,97,16,1,-93.435,6,-120.308,6,6,10,1,13.8383,9.31768,0
90.5,97,16,1,-93.435,3,-134.804,0,0,20,0,-999,-999,0
90.5,97,16,1,-93.435,5,-138.224,7,7,10,1,15.0182,10.4976,0
90.5,97,16,1,-93.435,7,-154.373,0,0,10,1,10.8722,6.35164,0
90.5,100,34,4,-97.7098,1,-101.533,5,5,20,0,-999,-999,0
90.5,100,34,4,-97.7098,6,-112.295,6,6,10,1,13.8383,9.31768,0
90.5,100,34,4,-97.7098,5,-112.469,7,7,10,1,15.0182,10.4976,0
90.5,100,34,4,-97.7098,7,-136.764,0,0,10,1,10.8722,6.35164,0
90.5,100,34,4,-97.7098,2,-140.56,0,0,20,0,-999,-999,0
90.5,100,34,4,-97.7098,3,-145.704,0,0,20,0,-999,-999,0
90.5,104,58,5,-82.7285,1,-117.105,5,5,20,0,-999,-999,0
90.5,104,58,5,-82.7285,3,-140.687,0,0,20,0,-999,-999,0
90.5,104,58,5,-82.7285,6,-143.034,6,6,10,1,13.8383,9.31768,0
90.5,104,58,5,-82.7285,4,-144.635,5,5,20,0,-999,-999,0
90.5,104,58,5,-82.7285,2,-148.128,0,0,20,0,-999,-999,0
90.5,104,58,5,-82.7285,7,-168.281,0,0,10,1,10.8722,6.35164,0
92.5,11,33,6,-121.822,4,-126.902,5,5,20,0,-999,-999,0
92.5,11,33,6,-121.822,5,-145.196,7,7,10,1,11.4847,6.96409,0
92.5,11,33,6,-121.822,1,-145.476,5,5,20,0,-999,-999,0
92.5,11,33,6,-121.822,2,-147.294,0,0,20,0,-999,-999,0
92.5,11,33,6,-121.822,7,-147.403,1,1,10,1,13.1663,8.64569,0
92.5,11,33,6,-121.822,3,-147.717,0,0,20,0,-999,-999,0
92.5,17,50,6,-126.899,1,-128.936,5,5,20,0,-999,-999,0
92.5,17,50,6,-126.899,4,-139.223,5,5,20,0,-999,-999,0
92.5,17,50,6,-126.899,2,-154.121,0,0,20,0,-999,-999,0
92.5,17,50,6,-126.899,3,-158.581,0,0,20,0,-999,-999,0
92.5,17,50,6,-126.899,7,-159.593,1,1,10,1,13.1663,8.64569,0
92.5,17,50,6,-126.899,5,-171.29,7,7,10,1,11.4847,6.96409,0
92.5,19,50,5,-141.468,1,-148.752,5,5,20,0,-999,-999,0
92.5,19,50,5,-141.468,4,-153.339,5,5,20,0,-999,-999,0
92.5,19,50,5,-141.468,3,-164.638,0,0,20,0,-999,-999,0
92.5,19,50,5,-141.468,6,-165.284,7,7,10,1,8.50653,3.98593,0
92.5,19,50,5,-141.468,2,-168.339,0,0,20,0,-999,-999,0
92.5,19,50,5,-141.468,7,-180.18,1,1,10,1,13.1663,8.64569,0
92.5,20,66,5,-106.112,1,-141.966,5,5,20,0,-999,-999,0
92.5,20,66,5,-106.112,3,-144.468,0,0,20,0,-999,-999,0
92.5,20,66,5,-106.112,6,-145.231,7,7,10,1,8.50653,3.98593,0
92.5,20,66,5,-106.112,4,-150.104,5,5,20,0,-999,-999,0
92.5,20,66,5,-106.112,2,-157.58,0,0,20,0,-999,-999,0
92.5,20,66,5,-106.112,7,-170.969,1,1,10,1,13.1663,8.64569,0
92.5,23,10,1,-126.364,5,-105.951,7,7,10,1,11.4847,6.96409,0
92.5,23,10,1,-126.364,6,-109.236,7,7,10,1,8.50653,3.98593,0
92.5,23,10,1,-126.364,3,-119.778,0,0,20,0,-999,-999,0
92.5,23,10,1,-126.364,2,-123.356,0,0,20,0,-999,-999,0
92.5,23,10,1,-126.364,4,-130.898,5,5,20,0,-999,-999,0
92.5,23,10,1,-126.364,7,-160.523,1,1,10,1,13.1663,8.64569,0
92.5,24,34,5,-96.1964,1,-129.74,5,5,20,0,-999,-999,0
92.5,24,34,5,-96.1964,3,-139.002,0,0,20,0,-999,-999,0
92.5,24,34,5,-96.1964,6,-139.022,7,7,10,1,8.50653,3.98593,0
92.5,24,34,5,-96.1964,2,-145.22,0,0,20,0,-999,-999,0
92.5,24,34,5,-96.1964,4,-152.04,5,5,20,0,-999,-999,0
92.5,24,34,5,-96.1964,7,-164.292,1,1,10,1,13.1663,8.64569,0
92.5,27,41,6,-127.995,4,-135.587,5,5,20,0,-999,-999,0
92.5,27,41,6,-127.995,1,-144.043,5,5,20,0,-999,-999,0
92.5,27,41,6,-127.995,5,-146.555,7,7,10,1,11.4847,6.96409,0
92.5,27,41,6,-127.995,2,-160.763,0,0,20,0,-999,-999,0
92.5,27,41,6,-127.995,3,-162.566,0,0,20,0,-999,-999,0
92.5,27,41,6,-127.995,7,-164.959,1,1,10,1,13.1663,8.64569,0
92.5,33,15,1,-129.748,4,-96.9537,5,5,20,0,-999,-999,0
92.5,33,15,1,-129.748,5,-133.305,7,7,10,1,11.4847,6.96409,0
92.5,33,15,1,-129.748,2,-135.581,0,0,20,0,-999,-999,0
92.5,33,15,1,-129.748,6,-137.54,7,7,10,1,8.50653,3.98593,0
92.5,33,15,1,-129.748,3,-139.517,0,0,20,0,-999,-999,0
92.5,33,15,1,-129.748,7,-151.975,1,1,10,1,13.1663,8.64569,0
92.5,41,24,4,-107.355,1,-114.6,5,5,20,0,-999,-999,0
92.5,41,24,4,-107.355,6,-130.242,7,7,10,1,8.50653,3.98593,0
92.5,41,24,4,-107.355,5,-133.052,7,7,10,1,11.4847,6.96409,0
92.5,41,24,4,-107.355,2,-141.961,0,0,20,0,-999,-999,0
92.5,41,24,4,-107.355,7,-147.487,1,1,10,1,13.1663,8.64569,0
92.5,41,24,4,-107.355,3,-149.85,0,0,20,0,-999,-999,0
92.5,45,51,6,-98.9448,1,-128.429,5,5,20,0,-999,-999,0
92.5,45,51,6,-98.9448,5,-130.544,7,7,10,1,11.4847,6.96409,0
92.5,45,51,6,-98.9448,3,-140.523,0,0,20,0,-999,-999,0
92.5,45,51,6,-98.9448,2,-140.846,0,0,20,0,-999,-999,0
92.5,45,51,6,-98.9448,4,-149.885,5,5,20,0,-999,-999,0
92.5,45,51,6,-98.9448,7,-158.02,1,1,10,1,13.1663,8.64569,0
92.5,46,26,4,-135.646,1,-118.955,5,5,20,0,-999,-999,0
92.5,46,26,4,-135.646,5,-152.456,7,7,10,1,11.4847,6.96409,0
92.5,46,26,4,-135.646,6,-158.447,7,7,10,1,8.50653,3.98593,0
92.5,46,26,4,-135.646,3,-162.609,0,0,20,0,-999,-999,0
92.5,46,26,4,-135.646,7,-162.782,1,1,10,1,13.1663,8.64569,0
92.5,46,26,4,-135.646,2,-164.387,0,0,20,0,-999,-999,0
92.5,47,29,4,-107.963,5,-119.97,7,7,10,1,11.4847,6.96409,0
92.5,47,29,4,-107.963,1,-126.814,5,5,20,0,-999,-999,0
92.5,47,29,4,-107.963,2,-132.12,0,0,20,0,-999,-999,0
92.5,47,29,4,-107.963,6,-134.914,7,7,10,1,8.50653,3.98593,0
92.5,47,29,4,-107.963,3,-135.709,0,0,20,0,-999,-999,0
92.5,47,29,4,-107.963,7,-161.604,1,1,10,1,13.1663,8.64569,0
92.5,53,42,5,-121.073,6,-146.056,7,7,10,1,8.50653,3.98593,0
92.5,53,42,5,-121.073,1,-146.256,5,5,20,0,-999,-999,0
92.5,53,42,5,-121.073,4,-154.092,5,5,20,0,-999,-999,0
92.5,53,42,5,-121.073,2,-170.635,0,0,20,0,-999,-999,0
92.5,53,42,5,-121.073,3,-176.477,0,0,20,0,-999,-999,0
92.5,53,42,5,-121.073,7,-183.368,1,1,10,1,13.1663,8.64569,0
92.5,59,14,1,-142.763,5,-136.72,7,7,10,1,11.4847,6.96409,0
92.5,59,14,1,-142.763,4,-138.388,5,5,20,0,-999,-999,0
92.5,59,14,1,-142.763,6,-157.16,7,7,10,1,8.50653,3.98593,0
92.5,59,14,1,-142.763,3,-157.937,0,0,20,0,-999,-999,0
92.5,59,14,1,-142.763,2,-159.037,0,0,20,0,-999,-999,0
92.5,59,14,1,-142.763,7,-170.035,1,1,10,1,13.1663,8.64569,0
92.5,63,82,5,-113.826,6,-114.545,7,7,10,1,8.50653,3.98593,0
92.5,63,82,5,-113.826,1,-150.03,5,5,20,0,-999,-999,0
92.5,63,82,5,-113.826,2,-160.626,0,0,20,0,-999,-999,0
92.5,63,82,5,-113.826,3,-161.926,0,0,20,0,-999,-999,0
92.5,63,82,5,-113.826,4,-166.804,5,5,20,0,-999,-999,0
92.5,63,82,5,-113.826,7,-173.122,1,1,10,1,13.1663,8.64569,0
92.5,77,60,6,-105.547,5,-112.621,7,7,10,1,11.4847,6.96409,0
92.5,77,60,6,-105.547,4,-147.238,5,5,20,0,-999,-999,0
92.5,77,60,6,-105.547,1,-163.485,5,5,20,0,-999,-999,0
92.5,77,60,6,-105.547,2,-171.529,0,0,20,0,-999,-999,0
92.5,77,60,6,-105.547,3,-173.088,0,0,20,0,-999,-999,0
92.5,77,60,6,-105.547,7,-174.011,1,1,10,1,13.1663,8.64569,0
92.5,84,74,5,-128.305,6,-105.176,7,7,10,1,8.50653,3.98593,0
92.5,84,74,5,-128.305,4,-136.081,5,5,20,0,-999,-999,0
92.5,84,74,5,-128.305,3,-136.289,0,0,20,0,-999,-999,0
92.5,84,74,5,-128.305,1,-141.391,5,5,20,0,-999,-999,0
92.5,84,74,5,-128.305,2,-147.67,0,0,20,0,-999,-999,0
92.5,84,74,5,-128.305,7,-167.219,1,1,10,1,13.1663,8.64569,0
92.5,86,24,6,-123.431,1,-112.84,5,5,20,0,-999,-999,0
92.5,86,24,6,-123.431,4,-132.844,5,5,20,0,-999,-999,0
92.5,86,24,6,-123.431,5,-140.746,7,7,10,1,11.4847,6.96409,0
92.5,86,24,6,-123.431,3,-149.174,0,0,20,0,-999,-999,0
92.5,86,24,6,-123.431,2,-149.392,0,0,20,0,-999,-999,0
92.5,86,24,6,-123.431,7,-151.371,1,1,10,1,13.1663,8.64569,0
92.5,90,33,4,-110.082,6,-125.289,7,7,10,1,8.50653,3.98593,0
92.5,90,33,4,-110.082,1,-130.195,5,5,20,0,-999,-999,0
92.5,90,33,4,-110.082,5,-131.621,7,7,10,1,11.4847,6.96409,0
92.5,90,33,4,-110.082,2,-137.43,0,0,20,0,-999,-999,0
92.5,90,33,4,-110.082,7,-141.359,1,1,10,1,13.1663,8.64569,0
92.5,90,33,4,-110.082,3,-143.278,0,0,20,0,-999,-999,0
92.5,92,13,1,-110.04,5,-95.2214,7,7,10,1,11.4847,6.96409,0
92.5,92,13,1,-110.04,2,-121.787,0,0,20,0,-999,-999,0
92.5,92,13,1,-110.04,3,-134.89,0,0,20,0,-999,-999,0
92.5,92,13,1,-110.04,6,-137.801,7,7,10,1,8.50653,3.98593,0
92.5,92,13,1,-110.04,4,-142.69,5,5,20,0,-999,-999,0
92.5,92,13,1,-110.04,7,-159.625,1,1,10,1,13.1663,8.64569,0
92.5,97,16,1,-118.455,4,-98.2351,5,5,20,0,-999,-999,0
92.5,97,16,1,-118.455,2,-116.622,0,0,20,0,-999,-999,0
92.5,97,16,1,-118.455,3,-134.955,0,0,20,0,-999,-999,0
92.5,97,16,1,-118.455,5,-141.108,7,7,10,1,11.4847,6.96409,0
92.5,97,16,1,-118.455,6,-145.037,7,7,10,1,8.50653,3.98593,0
92.5,97,16,1,-118.455,7,-156.914,1,1,10,1,13.1663,8.64569,0
92.5,100,34,4,-94.1815,6,-91.9925,7,7,10,1,8.50653,3.98593,0
92.5,100,34,4,-94.1815,1,-110.562,5,5,20,0,-999,-999,0
92.5,100,34,4,-94.1815,5,-121.673,7,7,10,1,11.4847,6.96409,0
92.5,100,34,4,-94.1815,2,-135.661,0,0,20,0,-999,-999,0
92.5,100,34,4,-94.1815,7,-142.669,1,1,10,1,13.1663,8.64569,0
92.5,100,34,4,-94.1815,3,-146.007,0,0,20,0,-999,-999,0
92.5,104,58,5,-117.854,1,-105.951,5,5,20,0,-999,-999,0
92.5,104,58,5,-117.854,4,-121.911,5,5,20,0,-999,-999,0
92.5,104,58,5,-117.854,3,-137.079,0,0,20,0,-999,-999,0
92.5,104,58,5,-117.854,6,-142.578,7,7,10,1,8.50653,3.98593,0
92.5,104,58,5,-117.854,2,-144.83,0,0,20,0,-999,-999,0
92.5,104,58,5,-117.854,7,-167.962,1,1,10,1,13.1663,8.64569,0
94.5,11,33,6,-98.0116,4,-127.551,5,5,20,0,-999,-999,0
94.5,11,33,6,-98.0116,7,-132.628,1,1,10,1,9.82138,5.30078,0
94.5,11,33,6,-98.0116,5,-142.652,7,7,10,1,9.98447,5.46387,0
94.5,11,33,6,-98.0116,1,-146.046,5,5,20,0,-999,-999,0
94.5,11,33,6,-98.0116,2,-147.124,0,0,20,0,-999,-999,0
94.5,11,33,6,-98.0116,3,-152.146,0,0,20,0,-999,-999,0
94.5,16,24,7,-143.808,6,-142.51,7,7,10,1,11.4888,6.96818,0
94.5,16,24,7,-143.808,4,-147.928,5,5,20,0,-999,-999,0
94.5,16,24,7,-143.808,5,-148.404,7,7,10,1,9.98447,5.46387,0
94.5,16,24,7,-143.808,1,-157.053,5,5,20,0,-999,-999,0
94.5,16,24,7,-143.808,2,-163.032,0,0,20,0,-999,-999,0
94.5,16,24,7,-143.808,3,-166.929,0,0,20,0,-999,-999,0
94.5,17,50,6,-108.501,7,-103.412,1,1,10,1,9.82138,5.30078,0
94.5,17,50,6,-108.501,4,-131.862,5,5,20,0,-999,-999,0
94.5,17,50,6,-108.501,1,-141.646,5,5,20,0,-999,-999,0
94.5,17,50,6,-108.501,2,-156.83,0,0,20,0,-999,-999,0
94.5,17,50,6,-108.501,3,-159.659,0,0,20,0,-999,-999,0
94.5,17,50,6,-108.501,5,-163.803,7,7,10,1,9.98447,5.46387,0
94.5,19,50,5,-143.196,4,-116.645,5,5,20,0,-999,-999,0
94.5,19,50,5,-143.196,7,-131.361,1,1,10,1,9.82138,5.30078,0
94.5,19,50,5,-143.196,1,-148.414,5,5,20,0,-999,-999,0
94.5,19,50,5,-143.196,6,-149.81,7,7,10,1,11.4888,6.96818,0
94.5,19,50,5,-143.196,3,-166.616,0,0,20,0,-999,-999,0
94.5,19,50,5,-143.196,2,-167.279,0,0,20,0,-999,-999,0
94.5,20,66,5,-104.61,4,-117.516,5,5,20,0,-999,-999,0
94.5,20,66,5,-104.61,6,-126.498,7,7,10,1,11.4888,6.96818,0
94.5,20,66,5,-104.61,1,-137.615,5,5,20,0,-999,-999,0
94.5,20,66,5,-104.61,3,-148.179,0,0,20,0,-999,-999,0
94.5,20,66,5,-104.61,7,-149.343,1,1,10,1,9.82138,5.30078,0
94.5,20,66,5,-104.61,2,-153.126,0,0,20,0,-999,-999,0
94.5,23,10,1,-126.274,3,-118.169,0,0,20,0,-999,-999,0
94.5,23,10,1,-126.274,2,-122.519,0,0,20,0,-999,-999,0
94.5,23,10,1,-126.274,6,-129.047,7,7,10,1,11.4888,6.96818,0
94.5,23,10,1,-126.274,4,-139.25,5,5,20,0,-999,-999,0
94.5,23,10,1,-126.274,7,-142.015,1,1,10,1,9.82138,5.30078,0
94.5,23,10,1,-126.274,5,-142.924,7,7,10,1,9.98447,5.46387,0
94.5,24,34,5,-124.307,6,-101.077,7,7,10,1,11.4888,6.96818,0
94.5,24,34,5,-124.307,1,-128.136,5,5,20,0,-999,-999,0
94.5,24,34,5,-124.307,7,-136.372,1,1,10,1,9.82138,5.30078,0
94.5,24,34,5,-124.307,3,-142.188,0,0,20,0,-999,-999,0
94.5,24,34,5,-124.307,2,-149.651,0,0,20,0,-999,-999,0
94.5,24,34,5,-124.307,4,-152.808,5,5,20,0,-999,-999,0
94.5,25,68,6,-146.255,4,-105.82,5,5,20,0,-999,-999,0
94.5,25,68,6,-146.255,1,-113.967,5,5,20,0,-999,-999,0
94.5,25,68,6,-146.255,7,-124.078,1,1,10,1,9.82138,5.30078,0
94.5,25,68,6,-146.255,2,-167.552,0,0,20,0,-999,-999,0
94.5,25,68,6,-146.255,5,-172.173,7,7,10,1,9.98447,5.46387,0
94.5,25,68,6,-146.255,3,-173.277,0,0,20,0,-999,-999,0
94.5,27,41,6,-110.566,4,-106.987,5,5,20,0,-999,-999,0
94.5,27,41,6,-110.566,7,-133.459,1,1,10,1,9.82138,5.30078,0
94.5,27,41,6,-110.566,1,-144.378,5,5,20,0,-999,-999,0
94.5,27,41,6,-110.566,5,-146.59,7,7,10,1,9.98447,5.46387,0
94.5,27,41,6,-110.566,3,-163.484,0,0,20,0,-999,-999,0
94.5,27,41,6,-110.566,2,-166.359,0,0,20,0,-999,-999,0
94.5,33,15,1,-84.1344,6,-111.15,7,7,10,1,11.4888,6.96818,0
94.5,33,15,1,-84.1344,7,-114.005,1,1,10,1,9.82138,5.30078,0
94.5,33,15,1,-84.1344,4,-118.977,5,5,20,0,-999,-999,0
94.5,33,15,1,-84.1344,3,-133.706,0,0,20,0,-999,-999,0
94.5,33,15,1,-84.1344,2,-134.84,0,0,20,0,-999,-999,0
94.5,33,15,1,-84.1344,5,-149.294,7,7,10,1,9.98447,5.46387,0
94.5,41,24,4,-108.136,6,-117.864,7,7,10,1,11.4888,6.96818,0
94.5,41,24,4,-108.136,1,-135.953,5,5,20,0,-999,-999,0
94.5,41,24,4,-108.136,7,-141.025,1,1,10,1,9.82138,5.30078,0
94.5,41,24,4,-108.136,5,-143.591,7,7,10,1,9.98447,5.46387,0
94.5,41,24,4,-108.136,2,-146.837,0,0,20,0,-999,-999,0
94.5,41,24,4,-108.136,3,-150.661,0,0,20,0,-999,-999,0
94.5,45,51,6,-138.841,4,-115.222,5,5,20,0,-999,-999,0
94.5,45,51,6,-138.841,1,-123.908,5,5,20,0,-999,-999,0
94.5,45,51,6,-138.841,5,-128.183,7,7,10,1,9.98447,5.46387,0
94.5,45,51,6,-138.841,7,-132.183,1,1,10,1,9.82138,5.30078,0
94.5,45,51,6,-138.841,3,-135.583,0,0,20,0,-999,-999,0
94.5,45,51,6,-138.841,2,-138.404,0,0,20,0,-999,-999,0
94.5,46,26,4,-141.733,5,-137.894,7,7,10,1,9.98447,5.46387,0
94.5,46,26,4,-141.733,7,-142.803,1,1,10,1,9.82138,5.30078,0
94.5,46,26,4,-141.733,1,-148.908,5,5,20,0,-999,-999,0
94.5,46,26,4,-141.733,6,-158.125,7,7,10,1,11.4888,6.96818,0
94.5,46,26,4,-141.733,2,-160.211,0,0,20,0,-999,-999,0
94.5,46,26,4,-141.733,3,-163.425,0,0,20,0,-999,-999,0
94.5,47,29,4,-142.063,7,-107.684,1,1,10,1,9.82138,5.30078,0
94.5,47,29,4,-142.063,5,-127.092,7,7,10,1,9.98447,5.46387,0
94.5,47,29,4,-142.063,1,-129.996,5,5,20,0,-999,-999,0
94.5,47,29,4,-142.063,3,-134.079,0,0,20,0,-999,-999,0
94.5,47,29,4,-142.063,2,-136.368,0,0,20,0,-999,-999,0
94.5,47,29,4,-142.063,6,-139.049,7,7,10,1,11.4888,6.96818,0
94.5,53,42,5,-110.636,4,-111.757,5,5,20,0,-999,-999,0
94.5,53,42,5,-110.636,1,-146.368,5,5,20,0,-999,-999,0
94.5,53,42,5,-110.636,6,-147.423,7,7,10,1,11.4888,6.96818,0
94.5,53,42,5,-110.636,2,-168.888,0,0,20,0,-999,-999,0
94.5,53,42,5,-110.636,3,-173.714,0,0,20,0,-999,-999,0
94.5,53,42,5,-110.636,7,-177.372,1,1,10,1,9.82138,5.30078,0
94.5,59,14,1,-143.773,5,-113.207,7,7,10,1,9.98447,5.46387,0
94.5,59,14,1,-143.773,7,-126.508,1,1,10,1,9.82138,5.30078,0
94.5,59,14,1,-143.773,4,-142.934,5,5,20,0,-999,-999,0
94.5,59,14,1,-143.773,3,-157.122,0,0,20,0,-999,-999,0
94.5,59,14,1,-143.773,2,-158.74,0,0,20,0,-999,-999,0
94.5,59,14,1,-143.773,6,-163.626,7,7,10,1,11.4888,6.96818,0
94.5,63,82,5,-147.387,4,-127.027,5,5,20,0,-999,-999,0
94.5,63,82,5,-147.387,6,-149.527,7,7,10,1,11.4888,6.96818,0
94.5,63,82,5,-147.387,1,-151.034,5,5,20,0,-999,-999,0
94.5,63,82,5,-147.387,7,-151.107,1,1,10,1,9.82138,5.30078,0
94.5,63,82,5,-147.387,3,-159.073,0,0,20,0,-999,-999,0
94.5,63,82,5,-147.387,2,-168.731,0,0,20,0,-999,-999,0
94.5,77,60,6,-124.012,1,-128.758,5,5,20,0,-999,-999,0
94.5,77,60,6,-124.012,5,-138.722,7,7,10,1,9.98447,5.46387,0
94.5,77,60,6,-124.012,7,-145.752,1,1,10,1,9.82138,5.30078,0
94.5,77,60,6,-124.012,4,-147.751,5,5,20,0,-999,-999,0
94.5,77,60,6,-124.012,2,-171.394,0,0,20,0,-999,-999,0
94.5,77,60,6,-124.012,3,-177.322,0,0,20,0,-999,-999,0
94.5,84,74,5,-125.744,1,-119.921,5,5,20,0,-999,-999,0
94.5,84,74,5,-125.744,6,-124.865,7,7,10,1,11.4888,6.96818,0
94.5,84,74,5,-125.744,7,-131.615,1,1,10,1,9.82138,5.30078,0
94.5,84,74,5,-125.744,3,-136.777,0,0,20,0,-999,-999,0
94.5,84,74,5,-125.744,4,-141.79,5,5,20,0,-999,-999,0
94.5,84,74,5,-125.744,2,-142.949,0,0,20,0,-999,-999,0
94.5,86,24,6,-123.054,7,-124.304,1,1,10,1,9.82138,5.30078,0
94.5,86,24,6,-123.054,4,-135.973,5,5,20,0,-999,-999,0
94.5,86,24,6,-123.054,5,-140.18,7,7,10,1,9.98447,5.46387,0
94.5,86,24,6,-123.054,1,-143.285,5,5,20,0,-999,-999,0
94.5,86,24,6,-123.054,3,-151.733,0,0,20,0,-999,-999,0
94.5,86,24,6,-123.054,2,-152.194,0,0,20,0,-999,-999,0
94.5,90,33,4,-111.49,7,-97.9252,1,1,10,1,9.82138,5.30078,0
94.5,90,33,4,-111.49,5,-121.276,7,7,10,1,9.98447,5.46387,0
94.5,90,33,4,-111.49,6,-124.794,7,7,10,1,11.4888,6.96818,0
94.5,90,33,4,-111.49,1,-125.78,5,5,20,0,-999,-999,0
94.5,90,33,4,-111.49,2,-133.819,0,0,20,0,-999,-999,0
94.5,90,33,4,-111.49,3,-135.372,0,0,20,0,-999,-999,0
94.5,92,13,1,-114.942,5,-117.217,7,7,10,1,9.98447,5.46387,0
94.5,92,13,1,-114.942,2,-122.971,0,0,20,0,-999,-999,0
94.5,92,13,1,-114.942,3,-129.632,0,0,20,0,-999,-999,0
94.5,92,13,1,-114.942,6,-138.252,7,7,10,1,11.4888,6.96818,0
94.5,92,13,1,-114.942,7,-145.303,1,1,10,1,9.82138,5.30078,0
94.5,92,13,1,-114.942,4,-147.64,5,5,20,0,-999,-999,0
94.5,97,16,1,-120.687,4,-84.7075,5,5,20,0,-999,-999,4
94.5,97,16,1,-120.687,2,-118.614,0,0,20,0,-999,-999,4
94.5,97,16,1,-120.687,5,-127.828,7,7,10,1,9.98447,5.46387,4
94.5,97,16,1,-120.687,3,-135.5,0,0,20,0,-999,-999,4
94.5,97,16,1,-120.687,7,-139.547,1,1,10,1,9.82138,5.30078,4
94.5,97,16,1,-120.687,6,-140.725,7,7,10,1,11.4888,6.96818,4
94.5,100,34,4,-97.0418,6,-108.129,7,7,10,1,11.4888,6.96818,0
94.5,100,34,4,-97.0418,5,-123.793,7,7,10,1,9.98447,5.46387,0
94.5,100,34,4,-97.0418,7,-128.091,1,1,10,1,9.82138,5.30078,0
94.5,100,34,4,-97.0418,1,-135.541,5,5,20,0,-999,-999,0
94.5,100,34,4,-97.0418,2,-136.04,0,0,20,0,-999,-999,0
94.5,100,34,4,-97.0418,3,-146.286,0,0,20,0,-999,-999,0
94.5,104,58,5,-99.453,6,-130.837,7,7,10,1,11.4888,6.96818,0
94.5,104,58,5,-99.453,1,-141.966,5,5,20,0,-999,-999,0
94.5,104,58,5,-99.453,3,-142.26,0,0,20,0,-999,-999,0
94.5,104,58,5,-99.453,2,-144.63,0,0,20,0,-999,-999,0
94.5,104,58,5,-99.453,4,-144.781,5,6,20,0,-999,-999,0
94.5,104,58,5,-99.453,7,-152.8,1,1,10,1,9.82138,5.30078,0
96.5,11,33,6,-114.849,1,-119.661,4,4,20,0,-999,-999,0
96.5,11,33,6,-114.849,4,-122.326,6,6,20,0,-999,-999,0
96.5,11,33,6,-114.849,5,-122.987,7,7,10,1,15.3029,11.2782,0
96.5,11,33,6,-114.849,7,-126.572,1,1,10,1,10.896,6.37536,0
96.5,11,33,6,-114.849,2,-147.105,0,0,20,0,-999,-999,0
96.5,11,33,6,-114.849,3,-150.204,0,0,20,0,-999,-999,0
96.5,16,24,7,-102.737,6,-117.425,8,8,10,1,12.0301,7.50953,0
96.5,16,24,7,-102.737,4,-130.027,6,6,20,0,-999,-999,0
96.5,16,24,7,-102.737,1,-140.52,4,4,20,0,-999,-999,0
96.5,16,24,7,-102.737,5,-156.754,7,7,10,1,15.3029,11.2782,0
96.5,16,24,7,-102.737,2,-164.206,0,0,20,0,-999,-999,0
96.5,16,24,7,-102.737,3,-169.071,0,0,20,0,-999,-999,0
96.5,17,50,6,-119.16,4,-129.874,6,6,20,0,-999,-999,0
96.5,17,50,6,-119.16,1,-136.656,4,4,20,0,-999,-999,0
96.5,17,50,6,-119.16,7,-146.153,1,1,10,1,10.896,6.37536,0
96.5,17,50,6,-119.16,2,-154.361,0,0,20,0,-999,-999,0
96.5,17,50,6,-119.16,3,-158.424,0,0,20,0,-999,-999,0
96.5,17,50,6,-119.16,5,-175.122,7,7,10,1,15.3029,11.2782,0
96.5,19,50,5,-136.59,7,-111.052,1,1,10,1,10.896,6.37536,0
96.5,19,50,5,-136.59,1,-127.955,4,4,20,0,-999,-999,0
96.5,19,50,5,-136.59,6,-131.08,8,8,10,1,12.0301,7.50953,0
96.5,19,50,5,-136.59,4,-154.182,6,6,20,0,-999,-999,0
96.5,19,50,5,-136.59,3,-166.767,0,0,20,0,-999,-999,0
96.5,19,50,5,-136.59,2,-171.411,0,0,20,0,-999,-999,0
96.5,20,66,5,-118.256,6,-104.347,8,8,10,1,12.0301,7.50953,0
96.5,20,66,5,-118.256,1,-126.453,4,4,20,0,-999,-999,0
96.5,20,66,5,-118.256,3,-149.825,0,0,20,0,-999,-999,0
96.5,20,66,5,-118.256,4,-150.788,6,6,20,0,-999,-999,0
96.5,20,66,5,-118.256,2,-154.566,0,0,20,0,-999,-999,0
96.5,20,66,5,-118.256,7,-161.62,1,1,10,1,10.896,6.37536,0
96.5,23,10,1,-119.326,3,-113.883,0,0,20,0,-999,-999,0
96.5,23,10,1,-119.326,4,-123.847,6,6,20,0,-999,-999,0
96.5,23,10,1,-119.326,2,-130.674,0,0,20,0,-999,-999,0
96.5,23,10,1,-119.326,5,-139.559,7,7,10,1,15.3029,11.2782,0
96.5,23,10,1,-119.326,6,-139.661,8,8,10,1,12.0301,7.50953,0
96.5,23,10,1,-119.326,7,-141.89,1,1,10,1,10.896,6.37536,0
96.5,24,34,5,-121.821,6,-106.36,8,8,10,1,12.0301,7.50953,6
96.5,24,34,5,-121.821,1,-120.712,4,4,20,0,-999,-999,6
96.5,24,34,5,-121.821,4,-139.991,6,6,20,0,-999,-999,6
96.5,24,34,5,-121.821,7,-141.822,1,1,10,1,10.896,6.37536,6
96.5,24,34,5,-121.821,3,-144.087,0,0,20,0,-999,-999,6
96.5,24,34,5,-121.821,2,-146.15,0,0,20,0,-999,-999,6
96.5,25,68,6,-109.865,3,-130.164,0,0,20,0,-999,-999,0
96.5,25,68,6,-109.865,1,-133.525,4,4,20,0,-999,-999,0
96.5,25,68,6,-109.865,7,-143.489,1,1,10,1,10.896,6.37536,0
96.5,25,68,6,-109.865,4,-146.947,6,6,20,0,-999,-999,0
96.5,25,68,6,-109.865,5,-165.836,7,7,10,1,15.3029,11.2782,0
96.5,25,68,6,-109.865,2,-169.317,0,0,20,0,-999,-999,0
96.5,27,41,6,-124.829,7,-109.822,1,1,10,1,10.896,6.37536,0
96.5,27,41,6,-124.829,4,-119.993,6,6,20,0,-999,-999,0
96.5,27,41,6,-124.829,1,-130.371,4,4,20,0,-999,-999,0
96.5,27,41,6,-124.829,5,-153.201,7,7,10,1,15.3029,11.2782,0
96.5,27,41,6,-124.829,2,-157.766,0,0,20,0,-999,-999,0
96.5,27,41,6,-124.829,3,-165.638,0,0,20,0,-999,-999,0
96.5,33,15,1,-98.6751,4,-97.652,6,6,20,0,-999,-999,0
96.5,33,15,1,-98.6751,6,-114.149,8,9,10,1,12.0301,7.50953,0
96.5,33,15,1,-98.6751,2,-127.795,0,0,20,0,-999,-999,0
96.5,33,15,1,-98.6751,3,-140.085,0,0,20,0,-999,-999,0
96.5,33,15,1,-98.6751,7,-143.909,1,1,10,1,10.896,6.37536,0
96.5,33,15,1,-98.6751,5,-150.148,7,7,10,1,15.3029,11.2782,0
96.5,41,24,4,-96.0887,6,-99.7601,8,9,10,1,12.0301,7.50953,0
96.5,41,24,4,-96.0887,7,-107.793,1,1,10,1,10.896,6.37536,0
96.5,41,24,4,-96.0887,1,-132.521,4,4,20,0,-999,-999,0
96.5,41,24,4,-96.0887,5,-141.527,7,7,10,1,15.3029,11.2782,0
96.5,41,24,4,-96.0887,2,-143.551,0,0,20,0,-999,-999,0
96.5,41,24,4,-96.0887,3,-144.801,0,0,20,0,-999,-999,0
96.5,45,51,6,-133.759,5,-125.612,7,7,10,1,15.3029,11.2782,0
96.5,45,51,6,-133.759,1,-125.81,4,4,20,0,-999,-999,0
96.5,45,51,6,-133.759,3,-131.194,0,0,20,0,-999,-999,0
96.5,45,51,6,-133.759,2,-140.854,0,0,20,0,-999,-999,0
96.5,45,51,6,-133.759,7,-145.537,1,1,10,1,10.896,6.37536,0
96.5,45,51,6,-133.759,4,-147.587,6,6,20,0,-999,-999,0
96.5,46,26,4,-112.809,7,-142.996,1,1,10,1,10.896,6.37536,0
96.5,46,26,4,-112.809,5,-151.659,7,7,10,1,15.3029,11.2782,0
96.5,46,26,4,-112.809,1,-152.349,4,4,20,0,-999,-999,0
96.5,46,26,4,-112.809,6,-154.192,8,9,10,1,12.0301,7.50953,0
96.5,46,26,4,-112.809,2,-160.919,0,0,20,0,-999,-999,0
96.5,46,26,4,-112.809,3,-164.192,0,0,20,0,-999,-999,0
96.5,47,29,4,-120.31,7,-108.002,1,1,10,1,10.896,6.37536,0
96.5,47,29,4,-120.31,1,-127.472,4,4,20,0,-999,-999,0
96.5,47,29,4,-120.31,5,-131.851,7,7,10,1,15.3029,11.2782,0
96.5,47,29,4,-120.31,6,-131.962,8,9,10,1,12.0301,7.50953,0
96.5,47,29,4,-120.31,2,-136.078,0,0,20,0,-999,-999,0
96.5,47,29,4,-120.31,3,-136.492,0,0,20,0,-999,-999,0
96.5,53,42,5,-139.302,6,-113.186,8,9,10,1,12.0301,7.50953,0
96.5,53,42,5,-139.302,1,-148.174,4,4,20,0,-999,-999,0
96.5,53,42,5,-139.302,4,-148.469,6,6,20,0,-999,-999,0
96.5,53,42,5,-139.302,2,-160.939,0,0,20,0,-999,-999,0
96.5,53,42,5,-139.302,3,-168.781,0,0,20,0,-999,-999,0
96.5,53,42,5,-139.302,7,-169.777,1,1,10,1,10.896,6.37536,0
96.5,59,14,1,-122.698,4,-126.762,6,6,20,0,-999,-999,0
96.5,59,14,1,-122.698,6,-136.085,8,9,10,1,12.0301,7.50953,0
96.5,59,14,1,-122.698,5,-136.902,7,7,10,1,15.3029,11.2782,0
96.5,59,14,1,-122.698,7,-150.086,1,1,10,1,10.896,6.37536,0
96.5,59,14,1,-122.698,2,-161.691,0,0,20,0,-999,-999,0
96.5,59,14,1,-122.698,3,-164.832,0,0,20,0,-999,-999,0
96.5,63,82,5,-140.902,1,-113.767,4,4,20,0,-999,-999,0
96.5,63,82,5,-140.902,4,-141.638,6,6,20,0,-999,-999,0
96.5,63,82,5,-140.902,6,-146.828,8,9,10,1,12.0301,7.50953,0
96.5,63,82,5,-140.902,7,-152.878,1,1,10,1,10.896,6.37536,0
96.5,63,82,5,-140.902,3,-164.413,0,0,20,0,-999,-999,0
96.5,63,82,5,-140.902,2,-168.133,0,0,20,0,-999,-999,0
96.5,77,60,6,-142.933,4,-124.201,6,6,20,0,-999,-999,0
96.5,77,60,6,-142.933,1,-142.376,4,4,20,0,-999,-999,0
96.5,77,60,6,-142.933,7,-145.981,1,1,10,1,10.896,6.37536,0
96.5,77,60,6,-142.933,5,-154.543,7,7,10,1,15.3029,11.2782,0
96.5,77,60,6,-142.933,3,-171.737,0,0,20,0,-999,-999,0
96.5,77,60,6,-142.933,2,-172.376,0,0,20,0,-999,-999,0
96.5,84,74,5,-127.517,6,-132.803,8,9,10,1,12.0301,7.50953,0
96.5,84,74,5,-127.517,1,-135.011,4,4,20,0,-999,-999,0
96.5,84,74,5,-127.517,3,-143.129,0,0,20,0,-999,-999,0
96.5,84,74,5,-127.517,2,-144.704,0,0,20,0,-999,-999,0
96.5,84,74,5,-127.517,4,-145.718,6,6,20,0,-999,-999,0
96.5,84,74,5,-127.517,7,-148.475,1,1,10,1,10.896,6.37536,0
96.5,86,24,6,-91.017,7,-131.038,1,1,10,1,10.896,6.37536,0
96.5,86,24,6,-91.017,1,-131.112,4,4,20,0,-999,-999,0
96.5,86,24,6,-91.017,4,-137.125,6,6,20,0,-999,-999,0
96.5,86,24,6,-91.017,5,-149.379,7,7,10,1,15.3029,11.2782,0
96.5,86,24,6,-91.017,3,-153.995,0,0,20,0,-999,-999,0
96.5,86,24,6,-91.017,2,-155.775,0,0,20,0,-999,-999,0
96.5,90,33,4,-113.701,6,-96.9094,8,9,10,1,12.0301,7.50953,0
96.5,90,33,4,-113.701,7,-97.6937,1,1,10,1,10.896,6.37536,0
96.5,90,33,4,-113.701,1,-125.958,4,4,20,0,-999,-999,0
96.5,90,33,4,-113.701,2,-133.718,0,0,20,0,-999,-999,0
96.5,90,33,4,-113.701,3,-138.787,0,0,20,0,-999,-999,0
96.5,90,33,4,-113.701,5,-142.523,7,7,10,1,15.3029,11.2782,0
96.5,92,13,1,-115.32,5,-95.9232,7,7,10,1,15.3029,11.2782,0
96.5,92,13,1,-115.32,7,-111.172,1,1,10,1,10.896,6.37536,0
96.5,92,13,1,-115.32,2,-129.524,0,0,20,0,-999,-999,0
96.5,92,13,1,-115.32,3,-135.179,0,0,20,0,-999,-999,0
96.5,92,13,1,-115.32,4,-137.814,6,6,20,0,-999,-999,0
96.5,92,13,1,-115.32,6,-141.881,8,9,10,1,12.0301,7.50953,0
96.5,97,35,4,-101.345,2,-112.546,0,0,20,0,-999,-999,0
96.5,97,35,4,-101.345,6,-115.506,8,9,10,1,12.0301,7.50953,0
96.5,97,35,4,-101.345,1,-116.989,4,4,20,0,-999,-999,0
96.5,97,35,4,-101.345,7,-131.246,1,1,10,1,10.896,6.37536,0
96.5,97,35,4,-101.345,3,-135.239,0,0,20,0,-999,-999,0
96.5,97,35,4,-101.345,5,-140.296,7,7,10,1,15.3029,11.2782,0
96.5,100,34,4,-81.5922,6,-124.586,8,9,10,1,12.0301,7.50953,0
96.5,100,34,4,-81.5922,7,-125.933,1,1,10,1,10.896,6.37536,0
96.5,100,34,4,-81.5922,2,-137.207,0,0,20,0,-999,-999,0
96.5,100,34,4,-81.5922,1,-139.417,4,4,20,0,-999,-999,0
96.5,100,34,4,-81.5922,3,-142.709,0,0,20,0,-999,-999,0
96.5,100,34,4,-81.5922,5,-146.443,7,7,10,1,15.3029,11.2782,0
96.5,104,58,5,-122.717,6,-113.063,8,9,10,1,12.0301,7.50953,0
96.5,104,58,5,-122.717,4,-123.281,6,6,20,0,-999,-999,0
96.5,104,58,5,-122.717,7,-129.093,1,1,10,1,10.896,6.37536,0
96.5,104,58,5,-122.717,1,-141.337,4,4,20,0,-999,-999,0
96.5,104,58,5,-122.717,3,-141.462,0,0,20,0,-999,-999,0
96.5,104,58,5,-122.717,2,-141.831,0,0,20,0,-999,-999,0
98.5,11,33,6,-88.0184,4,-124.455,6,6,20,0,-999,-999,0
98.5,11,33,6,-88.0184,7,-127.642,1,1,10,1,13.115,8.5944,0
98.5,11,33,6,-88.0184,3,-149.604,0,0,20,0,-999,-999,0
98.5,11,33,6,-88.0184,1,-149.855,4,4,20,0,-999,-999,0
98.5,11,33,6,-88.0184,5,-150.295,6,6,10,1,11.6698,7.14918,0
98.5,11,33,6,-88.0184,2,-156.243,0,0,20,0,-999,-999,0
98.5,16,24,7,-141.609,4,-138.782,6,6,20,0,-999,-999,0
98.5,16,24,7,-141.609,6,-142.234,9,9,10,1,12.6745,8.15395,0
98.5,16,24,7,-141.609,5,-148.966,6,6,10,1,11.6698,7.14918,0
98.5,16,24,7,-141.609,1,-154.904,4,4,20,0,-999,-999,0
98.5,16,24,7,-141.609,3,-165.293,0,0,20,0,-999,-999,0
98.5,16,24,7,-141.609,2,-167.142,0,0,20,0,-999,-999,0
98.5,17,50,6,-128.608,4,-103.203,6,6,20,0,-999,-999,0
98.5,17,50,6,-128.608,1,-130.919,4,4,20,0,-999,-999,0
98.5,17,50,6,-128.608,7,-144.369,1,1,10,1,13.115,8.5944,0
98.5,17,50,6,-128.608,2,-156.34,0,0,20,0,-999,-999,0
98.5,17,50,6,-128.608,3,-158.069,0,0,20,0,-999,-999,0
98.5,17,50,6,-128.608,5,-166.237,6,6,10,1,11.6698,7.14918,0
98.5,19,50,5,-136.611,1,-146.319,4,4,20,0,-999,-999,0
98.5,19,50,5,-136.611,7,-146.568,1,1,10,1,13.115,8.5944,0
98.5,19,50,5,-136.611,4,-154.594,6,6,20,0,-999,-999,0
98.5,19,50,5,-136.611,6,-164.278,9,9,10,1,12.6745,8.15395,0
98.5,19,50,5,-136.611,3,-164.571,0,0,20,0,-999,-999,0
98.5,19,50,5,-136.611,2,-174.52,0,0,20,0,-999,-999,0
98.5,20,66,5,-111.3,6,-110.398,9,9,10,1,12.6745,8.15395,0
98.5,20,66,5,-111.3,4,-124.915,6,6,20,0,-999,-999,0
98.5,20,66,5,-111.3,1,-139.591,4,4,20,0,-999,-999,0
98.5,20,66,5,-111.3,3,-148.364,0,0,20,0,-999,-999,0
98.5,20,66,5,-111.3,2,-153.136,0,0,20,0,-999,-999,0
98.5,20,66,5,-111.3,7,-162.716,1,1,10,1,13.115,8.5944,0
98.5,23,10,1,-126.675,3,-114.89,0,0,20,0,-999,-999,0
98.5,23,10,1,-126.675,2,-124.039,0,0,20,0,-999,-999,0
98.5,23,10,1,-126.675,4,-132.232,6,6,20,0,-999,-999,0
98.5,23,10,1,-126.675,5,-136.458,6,6,10,1,11.6698,7.14918,0
98.5,23,10,1,-126.675,7,-143.209,1,1,10,1,13.115,8.5944,0
98.5,23,10,1,-126.675,6,-144.593,9,9,10,1,12.6745,8.15395,0
98.5,24,77,6,-139.051,5,-124.133,6,6,10,1,11.6698,7.14918,0
98.5,24,77,6,-139.051,4,-125.039,6,6,20,0,-999,-999,0
98.5,24,77,6,-139.051,1,-126.579,4,4,20,0,-999,-999,0
98.5,24,77,6,-139.051,3,-139.55,0,0,20,0,-999,-999,0
98.5,24,77,6,-139.051,7,-143.39,1,1,10,1,13.115,8.5944,0
98.5,24,77,6,-139.051,2,-145.62,0,0,20,0,-999,-999,0
98.5,25,68,6,-109.496,4,-142.923,6,6,20,0,-999,-999,0
98.5,25,68,6,-109.496,7,-149.429,1,1,10,1,13.115,8.5944,0
98.5,25,68,6,-109.496,1,-152.142,4,4,20,0,-999,-999,0
98.5,25,68,6,-109.496,5,-168.968,6,6,10,1,11.6698,7.14918,0
98.5,25,68,6,-109.496,3,-170.53,0,0,20,0,-999,-999,0
98.5,25,68,6,-109.496,2,-179.599,0,0,20,0,-999,-999,0
98.5,27,41,6,-128.439,1,-116.489,4,4,20,0,-999,-999,0
98.5,27,41,6,-128.439,4,-131.697,6,6,20,0,-999,-999,0
98.5,27,41,6,-128.439,7,-146.495,1,1,10,1,13.115,8.5944,0
98.5,27,41,6,-128.439,5,-148.361,6,6,10,1,11.6698,7.14918,0
98.5,27,41,6,-128.439,2,-155.915,0,0,20,0,-999,-999,0
98.5,27,41,6,-128.439,3,-160.03,0,0,20,0,-999,-999,0
98.5,32,76,6,-141.129,4,-141.828,6,6,20,0,-999,-999,0
98.5,32,76,6,-141.129,1,-145.739,4,4,20,0,-999,-999,0
98.5,32,76,6,-141.129,7,-150.788,1,1,10,1,13.115,8.5944,0
98.5,32,76,6,-141.129,5,-154.105,6,6,10,1,11.6698,7.14918,0
98.5,32,76,6,-141.129,3,-155.295,0,0,20,0,-999,-999,0
98.5,32,76,6,-141.129,2,-168.023,0,0,20,0,-999,-999,0
98.5,33,15,1,-81.8712,4,-124.398,6,6,20,0,-999,-999,0
98.5,33,15,1,-81.8712,2,-131.337,0,0,20,0,-999,-999,0
98.5,33,15,1,-81.8712,7,-134.858,1,1,10,1,13.115,8.5944,0
98.5,33,15,1,-81.8712,3,-137.31,0,0,20,0,-999,-999,0
98.5,33,15,1,-81.8712,6,-139.118,9,9,10,1,12.6745,8.15395,0
98.5,33,15,1,-81.8712,5,-143.848,6,6,10,1,11.6698,7.14918,0
98.5,41,24,4,-106.659,5,-129.538,6,6,10,1,11.6698,7.14918,0
98.5,41,24,4,-106.659,1,-133.212,4,4,20,0,-999,-999,0
98.5,41,24,4,-106.659,6,-135.424,9,9,10,1,12.6745,8.15395,0
98.5,41,24,4,-106.659,7,-136.322,1,1,10,1,13.115,8.5944,0
98.5,41,24,4,-106.659,2,-143.044,0,0,20,0,-999,-999,0
98.5,41,24,4,-106.659,3,-147.9,0,0,20,0,-999,-999,0
98.5,45,51,6,-138.13,5,-116.657,6,6,10,1,11.6698,7.14918,0
98.5,45,51,6,-138.13,1,-128.946,4,4,20,0,-999,-999,0
98.5,45,51,6,-138.13,3,-138.838,0,0,20,0,-999,-999,0
98.5,45,51,6,-138.13,2,-143.523,0,0,20,0,-999,-999,0
98.5,45,51,6,-138.13,4,-151.77,6,6,20,0,-999,-999,0
98.5,45,51,6,-138.13,7,-160.919,1,1,10,1,13.115,8.5944,0
98.5,46,26,4,-142.776,1,-115.589,4,4,20,0,-999,-999,0
98.5,46,26,4,-142.776,7,-125.224,1,1,10,1,13.115,8.5944,0
98.5,46,26,4,-142.776,5,-136.275,6,6,10,1,11.6698,7.14918,0
98.5,46,26,4,-142.776,6,-156.267,9,9,10,1,12.6745,8.15395,0
98.5,46,26,4,-142.776,2,-156.75,0,0,20,0,-999,-999,0
98.5,46,26,4,-142.776,3,-162.867,0,0,20,0,-999,-999,0
98.5,47,29,4,-135.071,6,-103.594,9,9,10,1,12.6745,8.15395,0
98.5,47,29,4,-135.071,5,-104.417,6,6,10,1,11.6698,7.14918,0
98.5,47,29,4,-135.071,1,-108.712,4,4,20,0,-999,-999,0
98.5,47,29,4,-135.071,3,-132.208,0,0,20,0,-999,-999,0
98.5,47,29,4,-135.071,2,-133.703,0,0,20,0,-999,-999,0
98.5,47,29,4,-135.071,7,-142.87,1,1,10,1,13.115,8.5944,0
98.5,53,42,5,-140.001,6,-113.927,9,9,10,1,12.6745,8.15395,0
98.5,53,42,5,-140.001,1,-149.128,4,4,20,0,-999,-999,0
98.5,53,42,5,-140.001,4,-151.525,6,6,20,0,-999,-999,0
98.5,53,42,5,-140.001,7,-169.305,1,1,10,1,13.115,8.5944,0
98.5,53,42,5,-140.001,3,-169.652,0,0,20,0,-999,-999,0
98.5,53,42,5,-140.001,2,-169.689,0,0,20,0,-999,-999,0
98.5,59,14,1,-109.27,5,-111.938,6,6,10,1,11.6698,7.14918,0
98.5,59,14,1,-109.27,4,-151.403,6,6,20,0,-999,-999,0
98.5,59,14,1,-109.27,7,-158.347,1,1,10,1,13.115,8.5944,0
98.5,59,14,1,-109.27,2,-161.155,0,0,20,0,-999,-999,0
98.5,59,14,1,-109.27,6,-161.959,9,9,10,1,12.6745,8.15395,0
98.5,59,14,1,-109.27,3,-162.479,0,0,20,0,-999,-999,0
98.5,63,82,5,-115.935,4,-132.961,6,6,20,0,-999,-999,0
98.5,63,82,5,-115.935,6,-151.337,9,9,10,1,12.6745,8.15395,0
98.5,63,82,5,-115.935,7,-153.361,1,1,10,1,13.115,8.5944,0
98.5,63,82,5,-115.935,1,-158.164,4,4,20,0,-999,-999,0
98.5,63,82,5,-115.935,3,-166.315,0,0,20,0,-999,-999,0
98.5,63,82,5,-115.935,2,-166.761,0,0,20,0,-999,-999,0
98.5,77,60,6,-144.062,4,-115.343,6,6,20,0,-999,-999,0
98.5,77,60,6,-144.062,7,-147.597,1,1,10,1,13.115,8.5944,0
98.5,77,60,6,-144.062,5,-155.167,6,6,10,1,11.6698,7.14918,0
98.5,77,60,6,-144.062,1,-163.2,4,4,20,0,-999,-999,0
98.5,77,60,6,-144.062,3,-169.936,0,0,20,0,-999,-999,0
98.5,77,60,6,-144.062,2,-173.664,0,0,20,0,-999,-999,0
98.5,84,74,5,-130.276,6,-107.146,9,9,10,1,12.6745,8.15395,0
98.5,84,74,5,-130.276,4,-135.525,6,6,20,0,-999,-999,0
98.5,84,74,5,-130.276,3,-136.84,0,0,20,0,-999,-999,0
98.5,84,74,5,-130.276,2,-141.997,0,0,20,0,-999,-999,0
98.5,84,74,5,-130.276,1,-144.518,4,4,20,0,-999,-999,0
98.5,84,74,5,-130.276,7,-148.538,1,1,10,1,13.115,8.5944,0
98.5,86,24,6,-92.1131,7,-111.483,1,1,10,1,13.115,8.5944,0
98.5,86,24,6,-92.1131,4,-118.136,6,6,20,0,-999,-999,0
98.5,86,24,6,-92.1131,5,-135.12,6,6,10,1,11.6698,7.14918,0
98.5,86,24,6,-92.1131,1,-143.86,4,4,20,0,-999,-999,0
98.5,86,24,6,-92.1131,2,-151.657,0,0,20,0,-999,-999,0
98.5,86,24,6,-92.1131,3,-161.166,0,0,20,0,-999,-999,0
98.5,90,33,4,-105.764,1,-93.1391,4,4,20,0,-999,-999,0
98.5,90,33,4,-105.764,2,-131.313,0,0,20,0,-999,-999,0
98.5,90,33,4,-105.764,7,-132.319,1,1,10,1,13.115,8.5944,0
98.5,90,33,4,-105.764,6,-133.798,9,9,10,1,12.6745,8.15395,0
98.5,90,33,4,-105.764,3,-139.028,0,0,20,0,-999,-999,0
98.5,90,33,4,-105.764,5,-150.682,6,6,10,1,11.6698,7.14918,0
98.5,92,13,1,-120.855,7,-111.207,1,1,10,1,13.115,8.5944,0
98.5,92,13,1,-120.855,2,-127.889,0,0,20,0,-999,-999,0
98.5,92,13,1,-120.855,5,-131.658,6,6,10,1,11.6698,7.14918,0
98.5,92,13,1,-120.855,3,-133.495,0,0,20,0,-999,-999,0
98.5,92,13,1,-120.855,6,-138.859,9,9,10,1,12.6745,8.15395,0
98.5,92,13,1,-120.855,4,-145.04,6,6,20,0,-999,-999,0
98.5,97,35,4,-116.602,2,-110.353,0,0,20,0,-999,-999,0
98.5,97,35,4,-116.602,7,-111.632,1,1,10,1,13.115,8.5944,0
98.5,97,35,4,-116.602,1,-111.643,4,4,20,0,-999,-999,0
98.5,97,35,4,-116.602,5,-125.723,6,6,10,1,11.6698,7.14918,0
98.5,97,35,4,-116.602,3,-138.305,0,0,20,0,-999,-999,0
98.5,97,35,4,-116.602,6,-145.906,9,9,10,1,12.6745,8.15395,0
98.5,100,34,4,-93.3508,7,-87.7687,1,1,10,1,13.115,8.5944,0
98.5,100,34,4,-93.3508,1,-104.112,4,4,20,0,-999,-999,0
98.5,100,34,4,-93.3508,6,-124.678,9,9,10,1,12.6745,8.15395,0
98.5,100,34,4,-93.3508,2,-141.2,0,0,20,0,-999,-999,0
98.5,100,34,4,-93.3508,3,-141.837,0,0,20,0,-999,-999,0
98.5,100,34,4,-93.3508,5,-145.931,6,6,10,1,11.6698,7.14918,0
98.5,104,58,5,-120.357,1,-112.037,4,4,20,0,-999,-999,0
98.5,104,58,5,-120.357,4,-118.389,6,6,20,0,-999,-999,0
98.5,104,58,5,-120.357,6,-140.555,9,9,10,1,12.6745,8.15395,0
98.5,104,58,5,-120.357,3,-142.794,0,0,20,0,-999,-999,0
98.5,104,58,5,-120.357,2,-147.022,0,0,20,0,-999,-999,0
98.5,104,58,5,-120.357,7,-158.202,1,1,10,1,13.115,8.5944,0
100.5,11,33,6,-121.564,7,-112.197,1,1,10,1,13.0531,8.53253,0
100.5,11,33,6,-121.564,4,-124.609,6,6,20,0,-999,-999,0
100.5,11,33,6,-121.564,5,-133.009,6,6,10,1,11.0991,6.57854,0
100.5,11,33,6,-121.564,2,-149.113,0,0,20,0,-999,-999,0
100.5,11,33,6,-121.564,3,-149.918,0,0,20,0,-999,-999,0
100.5,11,33,6,-121.564,1,-150.067,4,4,20,0,-999,-999,0
100.5,16,24,7,-121.524,6,-127.552,9,9,10,1,13.6144,9.09381,0
100.5,16,24,7,-121.524,2,-139.735,0,0,20,0,-999,-999,0
100.5,16,24,7,-121.524,5,-152.699,6,6,10,1,11.0991,6.57854,0
100.5,16,24,7,-121.524,4,-154.655,6,6,20,0,-999,-999,0
100.5,16,24,7,-121.524,1,-156.515,4,4,20,0,-999,-999,0
100.5,16,24,7,-121.524,3,-169.876,0,0,20,0,-999,-999,0
100.5,17,50,6,-132.729,1,-113.166,4,4,20,0,-999,-999,0
100.5,17,50,6,-132.729,4,-132.196,6,6,20,0,-999,-999,0
100.5,17,50,6,-132.729,7,-144.219,1,1,10,1,13.0531,8.53253,0
100.5,17,50,6,-132.729,2,-156.614,0,0,20,0,-999,-999,0
100.5,17,50,6,-132.729,3,-160.127,0,0,20,0,-999,-999,0
100.5,17,50,6,-132.729,5,-176.29,6,6,10,1,11.0991,6.57854,0
100.5,19,50,5,-143.96,1,-118.187,4,4,20,0,-999,-999,0
100.5,19,50,5,-143.96,4,-156.643,6,6,20,0,-999,-999,0
100.5,19,50,5,-143.96,7,-157.854,1,1,10,1,13.0531,8.53253,0
100.5,19,50,5,-143.96,3,-167.971,0,0,20,0,-999,-999,0
100.5,19,50,5,-143.96,2,-169.556,0,0,20,0,-999,-999,0
100.5,19,50,5,-143.96,6,-169.834,9,9,10,1,13.6144,9.09381,0
100.5,20,66,5,-89.3193,1,-130.29,4,4,20,0,-999,-999,0
100.5,20,66,5,-89.3193,6,-141.629,9,9,10,1,13.6144,9.09381,0
100.5,20,66,5,-89.3193,3,-148.096,0,0,20,0,-999,-999,0
100.5,20,66,5,-89.3193,4,-148.503,6,6,20,0,-999,-999,0
100.5,20,66,5,-89.3193,7,-152.06,1,1,10,1,13.0531,8.53253,0
100.5,20,66,5,-89.3193,2,-153.945,0,0,20,0,-999,-999,0
100.5,23,10,1,-122.57,2,-102.832,0,0,20,0,-999,-999,0
100.5,23,10,1,-122.57,3,-105.381,0,0,20,0,-999,-999,0
100.5,23,10,1,-122.57,7,-129.427,1,1,10,1,13.0531,8.53253,0
100.5,23,10,1,-122.57,6,-130.594,9,9,10,1,13.6144,9.09381,0
100.5,23,10,1,-122.57,4,-138.483,6,6,20,0,-999,-999,0
100.5,23,10,1,-122.57,5,-141.272,6,6,10,1,11.0991,6.57854,0
100.5,24,77,6,-144.519,5,-98.4156,6,6,10,1,11.0991,6.57854,0
100.5,24,77,6,-144.519,1,-110.297,4,4,20,0,-999,-999,0
100.5,24,77,6,-144.519,4,-122.842,6,6,20,0,-999,-999,0
100.5,24,77,6,-144.519,7,-144.739,1,1,10,1,13.0531,8.53253,0
100.5,24,77,6,-144.519,3,-146.015,0,0,20,0,-999,-999,0
100.5,24,77,6,-144.519,2,-151.188,0,0,20,0,-999,-999,0
100.5,25,68,6,-144.26,1,-110.841,4,4,20,0,-999,-999,0
100.5,25,68,6,-144.26,7,-133.116,1,1,10,1,13.0531,8.53253,0
100.5,25,68,6,-144.26,4,-148.671,6,6,20,0,-999,-999,0
100.5,25,68,6,-144.26,5,-166.811,6,6,10,1,11.0991,6.57854,0
100.5,25,68,6,-144.26,3,-167.223,0,0,20,0,-999,-999,0
100.5,25,68,6,-144.26,2,-175.084,0,0,20,0,-999,-999,0
100.5,27,41,6,-133.065,4,-116.543,6,6,20,0,-999,-999,0
100.5,27,41,6,-133.065,5,-121.331,6,6,10,1,11.0991,6.57854,0
100.5,27,41,6,-133.065,7,-124.477,1,1,10,1,13.0531,8.53253,0
100.5,27,41,6,-133.065,1,-132.932,4,4,20,0,-999,-999,0
100.5,27,41,6,-133.065,2,-158.771,0,0,20,0,-999,-999,0
100.5,27,41,6,-133.065,3,-163.328,0,0,20,0,-999,-999,0
100.5,32,76,6,-117.53,1,-128.713,4,4,20,0,-999,-999,0
100.5,32,76,6,-117.53,4,-131.958,6,6,20,0,-999,-999,0
100.5,32,76,6,-117.53,7,-159.553,1,1,10,1,13.0531,8.53253,0
100.5,32,76,6,-117.53,5,-159.919,6,6,10,1,11.0991,6.57854,0
100.5,32,76,6,-117.53,3,-166.605,0,0,20,0,-999,-999,0
100.5,32,76,6,-117.53,2,-168.799,0,0,20,0,-999,-999,0
100.5,33,15,1,-84.0188,7,-112.953,1,1,10,1,13.0531,8.53253,0
100.5,33,15,1,-84.0188,4,-120.895,6,6,20,0,-999,-999,0
100.5,33,15,1,-84.0188,6,-123.196,9,9,10,1,13.6144,9.09381,0
100.5,33,15,1,-84.0188,2,-129.344,0,0,20,0,-999,-999,0
100.5,33,15,1,-84.0188,3,-133.61,0,0,20,0,-999,-999,0
100.5,33,15,1,-84.0188,5,-143.339,6,6,10,1,11.0991,6.57854,0
100.5,41,24,4,-107.466,1,-105.954,4,4,20,0,-999,-999,0
100.5,41,24,4,-107.466,6,-114.465,9,9,10,1,13.6144,9.09381,0
100.5,41,24,4,-107.466,7,-128.861,1,1,10,1,13.0531,8.53253,0
100.5,41,24,4,-107.466,2,-145.111,0,0,20,0,-999,-999,0
100.5,41,24,4,-107.466,5,-146.246,6,6,10,1,11.0991,6.57854,0
100.5,41,24,4,-107.466,3,-151.195,0,0,20,0,-999,-999,0
100.5,45,51,6,-136.06,1,-117.072,4,4,20,0,-999,-999,0
100.5,45,51,6,-136.06,5,-130.163,6,6,10,1,11.0991,6.57854,0
100.5,45,51,6,-136.06,3,-137.614,0,0,20,0,-999,-999,0
100.5,45,51,6,-136.06,4,-141.877,6,6,20,0,-999,-999,0
100.5,45,51,6,-136.06,2,-144.823,0,0,20,0,-999,-999,0
100.5,45,51,6,-136.06,7,-146.948,1,1,10,1,13.0531,8.53253,0
100.5,46,26,4,-106.836,5,-112.953,6,6,10,1,11.0991,6.57854,0
100.5,46,26,4,-106.836,1,-118.595,4,4,20,0,-999,-999,0
100.5,46,26,4,-106.836,7,-139.269,1,1,10,1,13.0531,8.53253,0
100.5,46,26,4,-106.836,6,-142.152,9,9,10,1,13.6144,9.09381,0
100.5,46,26,4,-106.836,2,-162.261,0,0,20,0,-999,-999,0
100.5,46,26,4,-106.836,3,-163.649,0,0,20,0,-999,-999,0
100.5,47,29,4,-137.814,5,-107.111,6,6,10,1,11.0991,6.57854,0
100.5,47,29,4,-137.814,7,-124.257,1,1,10,1,13.0531,8.53253,0
100.5,47,29,4,-137.814,1,-130.623,4,4,20,0,-999,-999,0
100.5,47,29,4,-137.814,2,-133.281,0,0,20,0,-999,-999,0
100.5,47,29,4,-137.814,6,-136.823,9,9,10,1,13.6144,9.09381,0
100.5,47,29,4,-137.814,3,-139.596,0,0,20,0,-999,-999,0
100.5,53,42,5,-137.021,1,-148.127,4,4,20,0,-999,-999,0
100.5,53,42,5,-137.021,6,-149.84,9,9,10,1,13.6144,9.09381,0
100.5,53,42,5,-137.021,7,-150.068,1,1,10,1,13.0531,8.53253,0
100.5,53,42,5,-137.021,4,-151.13,6,6,20,0,-999,-999,0
100.5,53,42,5,-137.021,2,-168.017,0,0,20,0,-999,-999,0
100.5,53,42,5,-137.021,3,-169.737,0,0,20,0,-999,-999,0
100.5,59,14,1,-104.008,5,-132.627,6,6,10,1,11.0991,6.57854,0
100.5,59,14,1,-104.008,7,-144.683,1,1,10,1,13.0531,8.53253,0
100.5,59,14,1,-104.008,4,-148.778,6,6,20,0,-999,-999,0
100.5,59,14,1,-104.008,3,-155.048,0,0,20,0,-999,-999,0
100.5,59,14,1,-104.008,2,-159.429,0,0,20,0,-999,-999,0
100.5,59,14,1,-104.008,6,-160.143,9,9,10,1,13.6144,9.09381,0
100.5,63,82,5,-112.829,1,-123.332,4,4,20,0,-999,-999,0
100.5,63,82,5,-112.829,6,-133.815,9,9,10,1,13.6144,9.09381,0
100.5,63,82,5,-112.829,4,-134.534,6,6,20,0,-999,-999,0
100.5,63,82,5,-112.829,7,-148.208,1,1,10,1,13.0531,8.53253,0
100.5,63,82,5,-112.829,3,-157.569,0,0,20,0,-999,-999,0
100.5,63,82,5,-112.829,2,-162.256,0,0,20,0,-999,-999,0
100.5,77,60,6,-109.8,5,-135.026,6,6,10,1,11.0991,6.57854,0
100.5,77,60,6,-109.8,4,-139.071,6,6,20,0,-999,-999,0
100.5,77,60,6,-109.8,7,-146.723,1,1,10,1,13.0531,8.53253,0
100.5,77,60,6,-109.8,1,-161.138,4,4,20,0,-999,-999,0
100.5,77,60,6,-109.8,3,-170.485,0,0,20,0,-999,-999,0
100.5,77,60,6,-109.8,2,-172.589,0,0,20,0,-999,-999,0
100.5,84,74,5,-106.545,3,-136.726,0,0,20,0,-999,-999,0
100.5,84,74,5,-106.545,6,-137.07,9,9,10,1,13.6144,9.09381,0
100.5,84,74,5,-106.545,1,-138.897,4,4,20,0,-999,-999,0
100.5,84,74,5,-106.545,4,-139.1,6,6,20,0,-999,-999,0
100.5,84,74,5,-106.545,2,-143.429,0,0,20,0,-999,-999,0
100.5,84,74,5,-106.545,7,-152.318,1,1,10,1,13.0531,8.53253,0
100.5,86,24,6,-86.0087,7,-109.934,1,1,10,1,13.0531,8.53253,0
100.5,86,24,6,-86.0087,1,-123.497,4,4,20,0,-999,-999,0
100.5,86,24,6,-86.0087,4,-135.229,6,6,20,0,-999,-999,0
100.5,86,24,6,-86.0087,5,-141.178,6,6,10,1,11.0991,6.57854,0
100.5,86,24,6,-86.0087,2,-147.665,0,0,20,0,-999,-999,0
100.5,86,24,6,-86.0087,3,-161.658,0,0,20,0,-999,-999,0
100.5,90,33,4,-106.84,7,-97.3914,1,1,10,1,13.0531,8.53253,0
100.5,90,33,4,-106.84,1,-124.874,4,4,20,0,-999,-999,0
100.5,90,33,4,-106.84,6,-126.953,9,9,10,1,13.6144,9.09381,0
100.5,90,33,4,-106.84,2,-130.395,0,0,20,0,-999,-999,0
100.5,90,33,4,-106.84,5,-130.968,6,6,10,1,11.0991,6.57854,0
100.5,90,33,4,-106.84,3,-139.923,0,0,20,0,-999,-999,0
100.5,92,13,1,-116.866,6,-119.122,9,9,10,1,13.6144,9.09381,0
100.5,92,13,1,-116.866,7,-126.503,1,1,10,1,13.0531,8.53253,0
100.5,92,13,1,-116.866,2,-127.382,0,0,20,0,-999,-999,0
100.5,92,13,1,-116.866,3,-130.257,0,0,20,0,-999,-999,0
100.5,92,13,1,-116.866,4,-134.518,6,6,20,0,-999,-999,0
100.5,92,13,1,-116.866,5,-134.761,6,6,10,1,11.0991,6.57854,0
100.5,97,35,4,-116.469,5,-107.953,6,6,10,1,11.0991,6.57854,0
100.5,97,35,4,-116.469,1,-115.78,4,4,20,0,-999,-999,0
100.5,97,35,4,-116.469,2,-118.504,0,0,20,0,-999,-999,0
100.5,97,35,4,-116.469,6,-122.865,9,9,10,1,13.6144,9.09381,0
100.5,97,35,4,-116.469,7,-136.012,1,1,10,1,13.0531,8.53253,0
100.5,97,35,4,-116.469,3,-137.764,0,0,20,0,-999,-999,0
100.5,100,34,4,-82.7425,6,-107.496,9,9,10,1,13.6144,9.09381,0
100.5,100,34,4,-82.7425,5,-124.292,6,6,10,1,11.0991,6.57854,0
100.5,100,34,4,-82.7425,7,-129.187,1,1,10,1,13.0531,8.53253,0
100.5,100,34,4,-82.7425,1,-138.136,4,4,20,0,-999,-999,0
100.5,100,34,4,-82.7425,2,-140.516,0,0,20,0,-999,-999,0
100.5,100,34,4,-82.7425,3,-144.272,0,0,20,0,-999,-999,0
100.5,104,58,5,-109.808,6,-124.808,9,9,10,1,13.6144,9.09381,0
100.5,104,58,5,-109.808,7,-130.557,1,1,10,1,13.0531,8.53253,0
100.5,104,58,5,-109.808,4,-140.957,6,6,20,0,-999,-999,0
100.5,104,58,5,-109.808,1,-141.016,4,4,20,0,-999,-999,0
100.5,104,58,5,-109.808,3,-141.063,0,0,20,0,-999,-999,0
100.5,104,58,5,-109.808,2,-146.426,0,0,20,0,-999,-999,0
102.5,11,33,6,-82.6015,7,-93.792,1,1,10,1,8.29372,3.77312,0
102.5,11,33,6,-82.6015,4,-121.583,6,6,20,0,-999,-999,0
102.5,11,33,6,-82.6015,1,-128.718,4,4,20,0,-999,-999,0
102.5,11,33,6,-82.6015,3,-145.25,0,0,20,0,-999,-999,0
102.5,11,33,6,-82.6015,2,-148.78,0,0,20,0,-999,-999,0
102.5,11,33,6,-82.6015,5,-151.482,6,6,10,1,10.6721,6.15154,0
102.5,16,24,7,-104.924,1,-134.941,4,4,20,0,-999,-999,0
102.5,16,24,7,-104.924,4,-146.109,6,6,20,0,-999,-999,0
102.5,16,24,7,-104.924,6,-146.182,10,10,10,1,9.48546,4.96486,0
102.5,16,24,7,-104.924,5,-155.692,6,6,10,1,10.6721,6.15154,0
102.5,16,24,7,-104.924,2,-159.879,0,0,20,0,-999,-999,0
102.5,16,24,7,-104.924,3,-163.709,0,0,20,0,-999,-999,0
102.5,17,50,6,-91.0589,7,-103.042,1,1,10,1,8.29372,3.77312,0
102.5,17,50,6,-91.0589,4,-111.082,6,6,20,0,-999,-999,0
102.5,17,50,6,-91.0589,1,-140.455,4,4,20,0,-999,-999,0
102.5,17,50,6,-91.0589,2,-154.149,0,0,20,0,-999,-999,0
102.5,17,50,6,-91.0589,3,-162.866,0,0,20,0,-999,-999,0
102.5,17,50,6,-91.0589,5,-172.169,6,6,10,1,10.6721,6.15154,0
102.5,19,50,5,-101.414,4,-130.886,6,6,20,0,-999,-999,0
102.5,19,50,5,-101.414,1,-147.535,4,4,20,0,-999,-999,0
102.5,19,50,5,-101.414,7,-151.088,1,1,10,1,8.29372,3.77312,0
102.5,19,50,5,-101.414,6,-168.045,10,10,10,1,9.48546,4.96486,0
102.5,19,50,5,-101.414,2,-169.476,0,0,20,0,-999,-999,0
102.5,19,50,5,-101.414,3,-169.928,0,0,20,0,-999,-999,0
102.5,20,66,5,-116.726,1,-127.499,4,4,20,0,-999,-999,0
102.5,20,66,5,-116.726,6,-139.132,10,10,10,1,9.48546,4.96486,0
102.5,20,66,5,-116.726,3,-146.779,0,0,20,0,-999,-999,0
102.5,20,66,5,-116.726,2,-150.036,0,0,20,0,-999,-999,0
102.5,20,66,5,-116.726,4,-155.172,6,6,20,0,-999,-999,0
102.5,20,66,5,-116.726,7,-157.008,1,1,10,1,8.29372,3.77312,0
102.5,23,10,1,-125.378,5,-106.445,6,6,10,1,10.6721,6.15154,0
102.5,23,10,1,-125.378,3,-117.004,0,0,20,0,-999,-999,0
102.5,23,10,1,-125.378,2,-121.423,0,0,20,0,-999,-999,0
102.5,23,10,1,-125.378,4,-123.483,6,6,20,0,-999,-999,0
102.5,23,10,1,-125.378,6,-148.928,10,10,10,1,9.48546,4.96486,0
102.5,23,10,1,-125.378,7,-152.399,1,1,10,1,8.29372,3.77312,0
102.5,24,77,6,-101.205,5,-85.1824,6,6,10,1,10.6721,6.15154,5
102.5,24,77,6,-101.205,1,-130.139,4,4,20,0,-999,-999,5
102.5,24,77,6,-101.205,3,-141.376,0,0,20,0,-999,-999,5
102.5,24,77,6,-101.205,2,-148.083,0,0,20,0,-999,-999,5
102.5,24,77,6,-101.205,7,-148.681,1,1,10,1,8.29372,3.77312,5
102.5,24,77,6,-101.205,4,-160.644,6,6,20,0,-999,-999,5
102.5,25,68,6,-104.108,4,-127.876,6,6,20,0,-999,-999,0
102.5,25,68,6,-104.108,7,-146.684,1,1,10,1,8.29372,3.77312,0
102.5,25,68,6,-104.108,1,-147.857,4,4,20,0,-999,-999,0
102.5,25,68,6,-104.108,5,-165.955,6,7,10,1,10.6721,6.15154,0
102.5,25,68,6,-104.108,2,-171.082,0,0,20,0,-999,-999,0
102.5,25,68,6,-104.108,3,-173.706,0,0,20,0,-999,-999,0
102.5,27,41,6,-131.068,4,-116.813,6,6,20,0,-999,-999,0
102.5,27,41,6,-131.068,1,-123.255,4,4,20,0,-999,-999,0
102.5,27,41,6,-131.068,7,-138.19,1,1,10,1,8.29372,3.77312,0
102.5,27,41,6,-131.068,5,-145.727,6,7,10,1,10.6721,6.15154,0
102.5,27,41,6,-131.068,2,-155.747,0,0,20,0,-999,-999,0
102.5,27,41,6,-131.068,3,-157.092,0,0,20,0,-999,-999,0
102.5,32,76,6,-137.874,4,-142.782,6,6,20,0,-999,-999,0
102.5,32,76,6,-137.874,5,-150.886,6,7,10,1,10.6721,6.15154,0
102.5,32,76,6,-137.874,1,-152.842,4,4,20,0,-999,-999,0
102.5,32,76,6,-137.874,7,-160.513,1,1,10,1,8.29372,3.77312,0
102.5,32,76,6,-137.874,2,-168.019,0,0,20,0,-999,-999,0
102.5,32,76,6,-137.874,3,-169.9,0,0,20,0,-999,-999,0
102.5,33,15,1,-93.9588,4,-121.319,6,6,20,0,-999,-999,0
102.5,33,15,1,-93.9588,2,-126.754,0,0,20,0,-999,-999,0
102.5,33,15,1,-93.9588,7,-137.104,1,1,10,1,8.29372,3.77312,0
102.5,33,15,1,-93.9588,3,-139.048,0,0,20,0,-999,-999,0
102.5,33,15,1,-93.9588,5,-142.855,6,7,10,1,10.6721,6.15154,0
102.5,33,15,1,-93.9588,6,-145.45,10,10,10,1,9.48546,4.96486,0
102.5,41,24,4,-70.7366,1,-128.752,4,4,20,0,-999,-999,0
102.5,41,24,4,-70.7366,6,-132.563,10,10,10,1,9.48546,4.96486,0
102.5,41,24,4,-70.7366,5,-139.585,6,7,10,1,10.6721,6.15154,0
102.5,41,24,4,-70.7366,7,-140.503,1,1,10,1,8.29372,3.77312,0
102.5,41,24,4,-70.7366,2,-145.526,0,0,20,0,-999,-999,0
102.5,41,24,4,-70.7366,3,-146.897,0,0,20,0,-999,-999,0
102.5,45,51,6,-137.281,5,-127.165,6,7,10,1,10.6721,6.15154,0
102.5,45,51,6,-137.281,1,-128.344,4,4,20,0,-999,-999,0
102.5,45,51,6,-137.281,3,-133.48,0,0,20,0,-999,-999,0
102.5,45,51,6,-137.281,2,-141.895,0,0,20,0,-999,-999,0
102.5,45,51,6,-137.281,7,-142.079,1,1,10,1,8.29372,3.77312,0
102.5,45,51,6,-137.281,4,-146.379,6,6,20,0,-999,-999,0
102.5,46,26,4,-133.428,7,-131.76,1,1,10,1,8.29372,3.77312,0
102.5,46,26,4,-133.428,1,-134.933,4,4,20,0,-999,-999,0
102.5,46,26,4,-133.428,6,-149.163,10,10,10,1,9.48546,4.96486,0
102.5,46,26,4,-133.428,5,-151.197,6,7,10,1,10.6721,6.15154,0
102.5,46,26,4,-133.428,2,-161.402,0,0,20,0,-999,-999,0
102.5,46,26,4,-133.428,3,-162.539,0,0,20,0,-999,-999,0
102.5,47,29,4,-119.459,1,-130.379,4,4,20,0,-999,-999,0
102.5,47,29,4,-119.459,5,-132.98,6,7,10,1,10.6721,6.15154,0
102.5,47,29,4,-119.459,3,-134.162,0,0,20,0,-999,-999,0
102.5,47,29,4,-119.459,6,-134.767,10,10,10,1,9.48546,4.96486,0
102.5,47,29,4,-119.459,2,-135.323,0,0,20,0,-999,-999,0
102.5,47,29,4,-119.459,7,-144.502,1,1,10,1,8.29372,3.77312,0
102.5,53,42,5,-98.499,4,-146.535,6,6,20,0,-999,-999,0
102.5,53,42,5,-98.499,1,-148.743,4,4,20,0,-999,-999,0
102.5,53,42,5,-98.499,6,-148.873,10,10,10,1,9.48546,4.96486,0
102.5,53,42,5,-98.499,3,-168.831,0,0,20,0,-999,-999,0
102.5,53,42,5,-98.499,7,-169.388,1,1,10,1,8.29372,3.77312,0
102.5,53,42,5,-98.499,2,-170.145,0,0,20,0,-999,-999,0
102.5,59,14,1,-138.843,7,-110.427,1,1,10,1,8.29372,3.77312,0
102.5,59,14,1,-138.843,5,-132.177,6,7,10,1,10.6721,6.15154,0
102.5,59,14,1,-138.843,4,-133.825,6,6,20,0,-999,-999,0
102.5,59,14,1,-138.843,3,-155.176,0,0,20,0,-999,-999,0
102.5,59,14,1,-138.843,2,-159.027,0,0,20,0,-999,-999,0
102.5,59,14,1,-138.843,6,-164.062,10,10,10,1,9.48546,4.96486,0
102.5,63,82,5,-100.564,1,-128.44,4,4,20,0,-999,-999,0
102.5,63,82,5,-100.564,7,-146.385,1,1,10,1,8.29372,3.77312,0
102.5,63,82,5,-100.564,6,-149.312,10,10,10,1,9.48546,4.96486,0
102.5,63,82,5,-100.564,3,-158.951,0,0,20,0,-999,-999,0
102.5,63,82,5,-100.564,4,-164.788,6,6,20,0,-999,-999,0
102.5,63,82,5,-100.564,2,-168.815,0,0,20,0,-999,-999,0
102.5,77,60,6,-147.963,7,-116.319,1,1,10,1,8.29372,3.77312,0
102.5,77,60,6,-147.963,4,-126.369,6,6,20,0,-999,-999,0
102.5,77,60,6,-147.963,5,-154.192,6,7,10,1,10.6721,6.15154,0
102.5,77,60,6,-147.963,2,-167.54,0,0,20,0,-999,-999,0
102.5,77,60,6,-147.963,1,-170.918,4,4,20,0,-999,-999,0
102.5,77,60,6,-147.963,3,-173.686,0,0,20,0,-999,-999,0
102.5,84,74,5,-128.573,1,-128.905,4,4,20,0,-999,-999,0
102.5,84,74,5,-128.573,3,-133.181,0,0,20,0,-999,-999,0
102.5,84,74,5,-128.573,6,-135.55,10,10,10,1,9.48546,4.96486,0
102.5,84,74,5,-128.573,4,-137.38,6,6,20,0,-999,-999,0
102.5,84,74,5,-128.573,7,-139.705,1,1,10,1,8.29372,3.77312,0
102.5,84,74,5,-128.573,2,-141.572,0,0,20,0,-999,-999,0
102.5,86,24,6,-124.446,7,-108.466,1,1,10,1,8.29372,3.77312,0
102.5,86,24,6,-124.446,4,-131.434,6,6,20,0,-999,-999,0
102.5,86,24,6,-124.446,1,-153.455,4,4,20,0,-999,-999,0
102.5,86,24,6,-124.446,2,-155.687,0,0,20,0,-999,-999,0
102.5,86,24,6,-124.446,5,-155.752,6,7,10,1,10.6721,6.15154,0
102.5,86,24,6,-124.446,3,-157.39,0,0,20,0,-999,-999,0
102.5,90,33,4,-107.402,7,-97.4349,1,1,10,1,8.29372,3.77312,7
102.5,90,33,4,-107.402,5,-109.784,6,7,10,1,10.6721,6.15154,7
102.5,90,33,4,-107.402,1,-111.869,4,4,20,0,-999,-999,7
102.5,90,33,4,-107.402,6,-129.966,10,10,10,1,9.48546,4.96486,7
102.5,90,33,4,-107.402,2,-130.317,0,0,20,0,-999,-999,7
102.5,90,33,4,-107.402,3,-141.674,0,0,20,0,-999,-999,7
102.5,92,13,1,-117.585,5,-95.4465,6,7,10,1,10.6721,6.15154,0
102.5,92,13,1,-117.585,6,-97.4931,10,10,10,1,9.48546,4.96486,0
102.5,92,13,1,-117.585,3,-130.176,0,0,20,0,-999,-999,0
102.5,92,13,1,-117.585,2,-132.378,0,0,20,0,-999,-999,0
102.5,92,13,1,-117.585,4,-134.746,6,6,20,0,-999,-999,0
102.5,92,13,1,-117.585,7,-144.99,1,2,10,1,8.29372,3.77312,0
102.5,97,35,4,-123.685,1,-96.88,4,4,20,0,-999,-999,0
102.5,97,35,4,-123.685,2,-112.424,0,0,20,0,-999,-999,0
102.5,97,35,4,-123.685,3,-135.867,0,0,20,0,-999,-999,0
102.5,97,35,4,-123.685,5,-137.587,6,7,10,1,10.6721,6.15154,0
102.5,97,35,4,-123.685,7,-139.124,1,2,10,1,8.29372,3.77312,0
102.5,97,35,4,-123.685,6,-145.232,10,10,10,1,9.48546,4.96486,0
102.5,100,34,4,-97.7401,7,-87.4301,1,2,10,1,8.29372,3.77312,0
102.5,100,34,4,-97.7401,6,-90.8158,10,10,10,1,9.48546,4.96486,0
102.5,100,34,4,-97.7401,1,-121.507,4,4,20,0,-999,-999,0
102.5,100,34,4,-97.7401,2,-133.855,0,0,20,0,-999,-999,0
102.5,100,34,4,-97.7401,3,-143.933,0,0,20,0,-999,-999,0
102.5,100,34,4,-97.7401,5,-151.814,6,7,10,1,10.6721,6.15154,0
102.5,104,58,5,-118.595,6,-113.764,10,10,10,1,9.48546,4.96486,0
102.5,104,58,5,-118.595,1,-140.344,4,4,20,0,-999,-999,0
102.5,104,58,5,-118.595,3,-145.402,0,0,20,0,-999,-999,0
102.5,104,58,5,-118.595,4,-146.848,6,6,20,0,-999,-999,0
102.5,104,58,5,-118.595,2,-149.952,0,0,20,0,-999,-999,0
102.5,104,58,5,-118.595,7,-164.486,1,2,10,1,8.29372,3.77312,0
104.5,11,33,6,-94.0037,7,-93.784,2,2,0,1,3.19041,-1.33019,0
104.5,11,33,6,-94.0037,4,-101.735,5,5,20,0,-999,-999,0
104.5,11,33,6,-94.0037,1,-146.161,4,4,20,0,-999,-999,0
104.5,11,33,6,-94.0037,2,-147.999,0,0,20,0,-999,-999,0
104.5,11,33,6,-94.0037,3,-151.585,0,0,20,0,-999,-999,0
104.5,11,33,6,-94.0037,5,-157.263,7,7,10,1,13.7159,10.0885,0
104.5,16,24,7,-143.42,6,-122.962,9,9,10,1,10.7036,6.18297,0
104.5,16,24,7,-143.42,5,-123.255,7,7,10,1,13.7159,10.0885,0
104.5,16,24,7,-143.42,4,-140.615,5,5,20,0,-999,-999,0
104.5,16,24,7,-143.42,1,-154.836,4,4,20,0,-999,-999,0
104.5,16,24,7,-143.42,3,-164.155,0,0,20,0,-999,-999,0
104.5,16,24,7,-143.42,2,-167.882,0,0,20,0,-999,-999,0
104.5,17,50,6,-91.2105,7,-102.843,2,2,0,1,3.19041,-1.33019,0
104.5,17,50,6,-91.2105,4,-130.242,5,5,20,0,-999,-999,0
104.5,17,50,6,-91.2105,1,-138.681,4,4,20,0,-999,-999,0
104.5,17,50,6,-91.2105,2,-154.274,0,0,20,0,-999,-999,0
104.5,17,50,6,-91.2105,3,-158.513,0,0,20,0,-999,-999,0
104.5,17,50,6,-91.2105,5,-174.022,7,7,10,1,13.7159,10.0885,0
104.5,19,50,5,-141.03,6,-144.819,9,9,10,1,10.7036,6.18297,0
104.5,19,50,5,-141.03,1,-148.341,4,4,20,0,-999,-999,0
104.5,19,50,5,-141.03,7,-156.378,2,2,0,1,3.19041,-1.33019,0
104.5,19,50,5,-141.03,4,-162.563,5,5,20,0,-999,-999,0
104.5,19,50,5,-141.03,2,-171.208,0,0,20,0,-999,-999,0
104.5,19,50,5,-141.03,3,-173.678,0,0,20,0,-999,-999,0
104.5,20,66,5,-116.79,6,-144.51,9,9,10,1,10.7036,6.18297,0
104.5,20,66,5,-116.79,3,-145.465,0,0,20,0,-999,-999,0
104.5,20,66,5,-116.79,7,-148.656,2,2,0,1,3.19041,-1.33019,0
104.5,20,66,5,-116.79,1,-149.053,4,4,20,0,-999,-999,0
104.5,20,66,5,-116.79,4,-149.428,5,5,20,0,-999,-999,0
104.5,20,66,5,-116.79,2,-153.186,0,0,20,0,-999,-999,0
104.5,23,10,1,-124.771,6,-109.616,9,9,10,1,10.7036,6.18297,0
104.5,23,10,1,-124.771,3,-119.055,0,0,20,0,-999,-999,0
104.5,23,10,1,-124.771,2,-123.084,0,0,20,0,-999,-999,0
104.5,23,10,1,-124.771,4,-134.274,5,5,20,0,-999,-999,0
104.5,23,10,1,-124.771,5,-143.473,7,7,10,1,13.7159,10.0885,0
104.5,23,10,1,-124.771,7,-144.652,2,2,0,1,3.19041,-1.33019,0
104.5,24,83,5,-97.8695,1,-129.034,4,4,20,0,-999,-999,0
104.5,24,83,5,-97.8695,6,-146.012,9,9,10,1,10.7036,6.18297,0
104.5,24,83,5,-97.8695,2,-147.232,0,0,20,0,-999,-999,0
104.5,24,83,5,-97.8695,7,-148.175,2,2,0,1,3.19041,-1.33019,0
104.5,24,83,5,-97.8695,3,-150.106,0,0,20,0,-999,-999,0
104.5,24,83,5,-97.8695,4,-158.297,5,5,20,0,-999,-999,0
104.5,25,68,6,-115.399,7,-108.48,2,2,0,1,3.19041,-1.33019,0
104.5,25,68,6,-115.399,4,-147.103,5,5,20,0,-999,-999,0
104.5,25,68,6,-115.399,1,-151.861,4,4,20,0,-999,-999,0
104.5,25,68,6,-115.399,5,-157.481,7,7,10,1,13.7159,10.0885,0
104.5,25,68,6,-115.399,2,-166.867,0,0,20,0,-999,-999,0
104.5,25,68,6,-115.399,3,-168.565,0,0,20,0,-999,-999,0
104.5,27,41,6,-102.967,7,-109.588,2,2,0,1,3.19041,-1.33019,0
104.5,27,41,6,-102.967,4,-131.099,5,5,20,0,-999,-999,0
104.5,27,41,6,-102.967,5,-145.433,7,7,10,1,13.7159,10.0885,0
104.5,27,41,6,-102.967,1,-148.711,4,4,20,0,-999,-999,0
104.5,27,41,6,-102.967,2,-157.807,0,0,20,0,-999,-999,0
104.5,27,41,6,-102.967,3,-159.453,0,0,20,0,-999,-999,0
104.5,32,76,6,-110.855,7,-122.662,2,2,0,1,3.19041,-1.33019,0
104.5,32,76,6,-110.855,4,-140.818,5,5,20,0,-999,-999,0
104.5,32,76,6,-110.855,5,-149.134,7,7,10,1,13.7159,10.0885,0
104.5,32,76,6,-110.855,1,-153.001,4,4,20,0,-999,-999,0
104.5,32,76,6,-110.855,2,-166.288,0,0,20,0,-999,-999,0
104.5,32,76,6,-110.855,3,-167.313,0,0,20,0,-999,-999,0
104.5,33,15,1,-81.9212,4,-119.893,5,5,20,0,-999,-999,0
104.5,33,15,1,-81.9212,5,-120.532,7,7,10,1,13.7159,10.0885,0
104.5,33,15,1,-81.9212,2,-125.94,0,0,20,0,-999,-999,0
104.5,33,15,1,-81.9212,6,-126.405,9,9,10,1,10.7036,6.18297,0
104.5,33,15,1,-81.9212,7,-130.444,2,2,0,1,3.19041,-1.33019,0
104.5,33,15,1,-81.9212,3,-135.718,0,0,20,0,-999,-999,0
104.5,41,24,4,-109.093,7,-131.073,2,2,0,1,3.19041,-1.33019,0
104.5,41,24,4,-109.093,1,-138.805,4,4,20,0,-999,-999,0
104.5,41,24,4,-109.093,5,-139.779,7,7,10,1,13.7159,10.0885,0
104.5,41,24,4,-109.093,6,-141.106,9,9,10,1,10.7036,6.18297,0
104.5,41,24,4,-109.093,2,-146.404,0,0,20,0,-999,-999,0
104.5,41,24,4,-109.093,3,-151.107,0,0,20,0,-999,-999,0
104.5,42,85,6,-125.009,4,-132.106,5,5,20,0,-999,-999,0
104.5,42,85,6,-125.009,7,-132.83,2,2,0,1,3.19041,-1.33019,0
104.5,42,85,6,-125.009,1,-137.319,4,4,20,0,-999,-999,0
104.5,42,85,6,-125.009,5,-150.312,7,7,10,1,13.7159,10.0885,0
104.5,42,85,6,-125.009,3,-152.892,0,0,20,0,-999,-999,0
104.5,42,85,6,-125.009,2,-155.389,0,0,20,0,-999,-999,0
104.5,45,51,6,-111.356,7,-113.796,2,2,0,1,3.19041,-1.33019,0
104.5,45,51,6,-111.356,5,-124.783,7,7,10,1,13.7159,10.0885,0
104.5,45,51,6,-111.356,1,-130.459,4,4,20,0,-999,-999,0
104.5,45,51,6,-111.356,3,-138.437,0,0,20,0,-999,-999,0
104.5,45,51,6,-111.356,2,-141.62,0,0,20,0,-999,-999,0
104.5,45,51,6,-111.356,4,-147.697,5,5,20,0,-999,-999,0
104.5,46,26,4,-132.141,7,-130.584,2,2,0,1,3.19041,-1.33019,0
104.5,46,26,4,-132.141,5,-142.486,7,7,10,1,13.7159,10.0885,0
104.5,46,26,4,-132.141,6,-146.237,9,9,10,1,10.7036,6.18297,0
104.5,46,26,4,-132.141,1,-149.348,4,4,20,0,-999,-999,0
104.5,46,26,4,-132.141,2,-160.095,0,0,20,0,-999,-999,0
104.5,46,26,4,-132.141,3,-162.866,0,0,20,0,-999,-999,0
104.5,47,29,4,-138.547,1,-127.772,4,4,20,0,-999,-999,0
104.5,47,29,4,-138.547,6,-132.005,9,9,10,1,10.7036,6.18297,0
104.5,47,29,4,-138.547,5,-135.066,7,7,10,1,13.7159,10.0885,0
104.5,47,29,4,-138.547,3,-135.082,0,0,20,0,-999,-999,0
104.5,47,29,4,-138.547,2,-136.258,0,0,20,0,-999,-999,0
104.5,47,29,4,-138.547,7,-145.22,2,2,0,1,3.19041,-1.33019,0
104.5,53,42,5,-138.136,7,-135.064,2,2,0,1,3.19041,-1.33019,0
104.5,53,42,5,-138.136,4,-146.411,5,5,20,0,-999,-999,0
104.5,53,42,5,-138.136,6,-147.539,9,9,10,1,10.7036,6.18297,0
104.5,53,42,5,-138.136,1,-153.885,4,4,20,0,-999,-999,0
104.5,53,42,5,-138.136,2,-163.17,0,0,20,0,-999,-999,0
104.5,53,42,5,-138.136,3,-170.224,0,0,20,0,-999,-999,0
104.5,59,14,1,-137.316,7,-110.834,2,2,0,1,3.19041,-1.33019,0
104.5,59,14,1,-137.316,5,-132.259,7,7,10,1,13.7159,10.0885,0
104.5,59,14,1,-137.316,4,-149.298,5,5,20,0,-999,-999,0
104.5,59,14,1,-137.316,3,-156.113,0,0,20,0,-999,-999,0
104.5,59,14,1,-137.316,6,-156.23,9,9,10,1,10.7036,6.18297,0
104.5,59,14,1,-137.316,2,-158.509,0,0,20,0,-999,-999,0
104.5,63,82,5,-114.925,6,-125.15,9,9,10,1,10.7036,6.18297,0
104.5,63,82,5,-114.925,4,-126.659,5,5,20,0,-999,-999,0
104.5,63,82,5,-114.925,7,-150.75,2,2,0,1,3.19041,-1.33019,0
104.5,63,82,5,-114.925,1,-152.931,4,4,20,0,-999,-999,0
104.5,63,82,5,-114.925,2,-161.259,0,0,20,0,-999,-999,0
104.5,63,82,5,-114.925,3,-162.83,0,0,20,0,-999,-999,0
104.5,77,60,6,-118.604,5,-137.099,7,7,10,1,13.7159,10.0885,0
104.5,77,60,6,-118.604,4,-143.561,5,5,20,0,-999,-999,0
104.5,77,60,6,-118.604,7,-144.627,2,2,0,1,3.19041,-1.33019,0
104.5,77,60,6,-118.604,1,-168.302,4,4,20,0,-999,-999,0
104.5,77,60,6,-118.604,3,-170.54,0,0,20,0,-999,-999,0
104.5,77,60,6,-118.604,2,-173.565,0,0,20,0,-999,-999,0
104.5,84,74,5,-113.325,7,-114.758,2,2,0,1,3.19041,-1.33019,0
104.5,84,74,5,-113.325,1,-116.736,4,4,20,0,-999,-999,0
104.5,84,74,5,-113.325,3,-133.69,0,0,20,0,-999,-999,0
104.5,84,74,5,-113.325,6,-137.528,9,9,10,1,10.7036,6.18297,0
104.5,84,74,5,-113.325,2,-139.858,0,0,20,0,-999,-999,0
104.5,84,74,5,-113.325,4,-140.216,5,5,20,0,-999,-999,0
104.5,86,24,6,-118.468,5,-125.028,7,7,10,1,13.7159,10.0885,0
104.5,86,24,6,-118.468,4,-129.233,5,5,20,0,-999,-999,0
104.5,86,24,6,-118.468,7,-139.03,2,2,0,1,3.19041,-1.33019,0
104.5,86,24,6,-118.468,2,-148.653,0,0,20,0,-999,-999,0
104.5,86,24,6,-118.468,1,-151.602,4,4,20,0,-999,-999,0
104.5,86,24,6,-118.468,3,-152.538,0,0,20,0,-999,-999,0
104.5,90,25,7,-132.158,4,-73.9169,5,5,20,0,-999,-999,0
104.5,90,25,7,-132.158,1,-93.1354,4,4,20,0,-999,-999,0
104.5,90,25,7,-132.158,2,-127.64,0,0,20,0,-999,-999,0
104.5,90,25,7,-132.158,6,-128.914,9,9,10,1,10.7036,6.18297,0
104.5,90,25,7,-132.158,5,-131.616,7,7,10,1,13.7159,10.0885,0
104.5,90,25,7,-132.158,3,-139.981,0,0,20,0,-999,-999,0
104.5,92,13,1,-115.752,5,-107.979,7,7,10,1,13.7159,10.0885,5
104.5,92,13,1,-115.752,7,-110.023,2,2,0,1,3.19041,-1.33019,5
104.5,92,13,1,-115.752,2,-130.827,0,0,20,0,-999,-999,5
104.5,92,13,1,-115.752,3,-134.09,0,0,20,0,-999,-999,5
104.5,92,13,1,-115.752,6,-136.328,9,9,10,1,10.7036,6.18297,5
104.5,92,13,1,-115.752,4,-138.388,5,5,20,0,-999,-999,5
104.5,97,35,4,-84.7224,1,-110.978,4,4,20,0,-999,-999,0
104.5,97,35,4,-84.7224,2,-114.281,0,0,20,0,-999,-999,0
104.5,97,35,4,-84.7224,3,-132.374,0,0,20,0,-999,-999,0
104.5,97,35,4,-84.7224,7,-134.876,2,2,0,1,3.19041,-1.33019,0
104.5,97,35,4,-84.7224,5,-139.867,7,8,10,1,13.7159,10.0885,0
104.5,97,35,4,-84.7224,6,-145.442,9,9,10,1,10.7036,6.18297,0
104.5,100,34,4,-61.5696,7,-87.1002,2,2,0,1,3.19041,-1.33019,0
104.5,100,34,4,-61.5696,6,-100.62,9,9,10,1,10.7036,6.18297,0
104.5,100,34,4,-61.5696,5,-143.747,7,8,10,1,13.7159,10.0885,0
104.5,100,34,4,-61.5696,1,-144.31,4,4,20,0,-999,-999,0
104.5,100,34,4,-61.5696,3,-145.129,0,0,20,0,-999,-999,0
104.5,100,34,4,-61.5696,2,-145.526,0,0,20,0,-999,-999,0
104.5,104,58,5,-110.997,1,-105.53,4,4,20,0,-999,-999,0
104.5,104,58,5,-110.997,6,-113.263,9,9,10,1,10.7036,6.18297,0
104.5,104,58,5,-110.997,3,-138.456,0,0,20,0,-999,-999,0
104.5,104,58,5,-110.997,4,-143.376,5,5,20,0,-999,-999,0
104.5,104,58,5,-110.997,2,-146.491,0,0,20,0,-999,-999,0
104.5,104,58,5,-110.997,7,-158.686,2,2,0,1,3.19041,-1.33019,0
106.5,11,33,6,-93.0275,7,-109.141,2,2,10,1,12.7701,8.24948,0
106.5,11,33,6,-93.0275,1,-118.444,3,3,20,0,-999,-999,0
106.5,11,33,6,-93.0275,4,-119.415,5,5,20,0,-999,-999,0
106.5,11,33,6,-93.0275,2,-145.721,0,0,20,0,-999,-999,0
106.5,11,33,6,-93.0275,3,-149.307,0,0,20,0,-999,-999,0
106.5,11,33,6,-93.0275,5,-152.503,9,9,10,1,11.9231,7.40253,0
106.5,16,24,7,-118.44,6,-132.649,10,10,10,1,12.0275,7.50693,0
106.5,16,24,7,-118.44,4,-144.105,5,5,20,0,-999,-999,0
106.5,16,24,7,-118.44,1,-146.162,3,3,20,0,-999,-999,0
106.5,16,24,7,-118.44,5,-153.566,9,9,10,1,11.9231,7.40253,0
106.5,16,24,7,-118.44,3,-166.587,0,0,20,0,-999,-999,0
106.5,16,24,7,-118.44,2,-167.752,0,0,20,0,-999,-999,0
106.5,17,50,6,-122.106,7,-122.702,2,2,10,1,12.7701,8.24948,0
106.5,17,50,6,-122.106,1,-128.056,3,3,20,0,-999,-999,0
106.5,17,50,6,-122.106,4,-135.486,5,5,20,0,-999,-999,0
106.5,17,50,6,-122.106,3,-158.768,0,0,20,0,-999,-999,0
106.5,17,50,6,-122.106,2,-158.974,0,0,20,0,-999,-999,0
106.5,17,50,6,-122.106,5,-175.524,9,9,10,1,11.9231,7.40253,0
106.5,19,50,5,-141.364,1,-133.646,3,3,20,0,-999,-999,0
106.5,19,50,5,-141.364,7,-135.817,2,2,10,1,12.7701,8.24948,0
106.5,19,50,5,-141.364,6,-140.39,10,10,10,1,12.0275,7.50693,0
106.5,19,50,5,-141.364,4,-142.637,5,5,20,0,-999,-999,0
106.5,19,50,5,-141.364,3,-168.301,0,0,20,0,-999,-999,0
106.5,19,50,5,-141.364,2,-169.519,0,0,20,0,-999,-999,0
106.5,20,66,5,-119.375,1,-140.198,3,3,20,0,-999,-999,0
106.5,20,66,5,-119.375,6,-142.795,10,10,10,1,12.0275,7.50693,0
106.5,20,66,5,-119.375,7,-147.002,2,2,10,1,12.7701,8.24948,0
106.5,20,66,5,-119.375,3,-149.12,0,0,20,0,-999,-999,0
106.5,20,66,5,-119.375,4,-151.874,5,5,20,0,-999,-999,0
106.5,20,66,5,-119.375,2,-154.087,0,0,20,0,-999,-999,0
106.5,23,10,1,-125.173,3,-117.687,0,0,20,0,-999,-999,0
106.5,23,10,1,-125.173,4,-121.273,5,5,20,0,-999,-999,0
106.5,23,10,1,-125.173,2,-121.977,0,0,20,0,-999,-999,0
106.5,23,10,1,-125.173,6,-131.767,10,10,10,1,12.0275,7.50693,0
106.5,23,10,1,-125.173,5,-145.366,9,9,10,1,11.9231,7.40253,0
106.5,23,10,1,-125.173,7,-145.757,2,2,10,1,12.7701,8.24948,0
106.5,24,83,5,-122.671,7,-122.747,2,2,10,1,12.7701,8.24948,0
106.5,24,83,5,-122.671,1,-131.324,3,3,20,0,-999,-999,0
106.5,24,83,5,-122.671,6,-139.612,10,10,10,1,12.0275,7.50693,0
106.5,24,83,5,-122.671,2,-146.501,0,0,20,0,-999,-999,0
106.5,24,83,5,-122.671,3,-146.827,0,0,20,0,-999,-999,0
106.5,24,83,5,-122.671,4,-155.74,5,5,20,0,-999,-999,0
106.5,25,68,6,-129.928,1,-136.432,3,3,20,0,-999,-999,0
106.5,25,68,6,-129.928,7,-136.527,2,2,10,1,12.7701,8.24948,0
106.5,25,68,6,-129.928,4,-145.764,5,5,20,0,-999,-999,0
106.5,25,68,6,-129.928,5,-168.046,9,9,10,1,11.9231,7.40253,0
106.5,25,68,6,-129.928,2,-169.098,0,0,20,0,-999,-999,0
106.5,25,68,6,-129.928,3,-171.598,0,0,20,0,-999,-999,0
106.5,27,41,6,-91.6022,1,-122.783,3,3,20,0,-999,-999,0
106.5,27,41,6,-91.6022,7,-128.447,2,2,10,1,12.7701,8.24948,0
106.5,27,41,6,-91.6022,4,-136.805,5,5,20,0,-999,-999,0
106.5,27,41,6,-91.6022,5,-147.89,9,9,10,1,11.9231,7.40253,0
106.5,27,41,6,-91.6022,3,-155.919,0,0,20,0,-999,-999,0
106.5,27,41,6,-91.6022,2,-157.353,0,0,20,0,-999,-999,0
106.5,32,76,6,-140.762,5,-124.236,9,9,10,1,11.9231,7.40253,0
106.5,32,76,6,-140.762,7,-125.904,2,2,10,1,12.7701,8.24948,0
106.5,32,76,6,-140.762,1,-136.107,3,3,20,0,-999,-999,0
106.5,32,76,6,-140.762,4,-138.419,5,5,20,0,-999,-999,0
106.5,32,76,6,-140.762,2,-161.788,0,0,20,0,-999,-999,0
106.5,32,76,6,-140.762,3,-169.71,0,0,20,0,-999,-999,0
106.5,33,15,1,-117.127,4,-118.67,5,5,20,0,-999,-999,0
106.5,33,15,1,-117.127,5,-121.033,9,9,10,1,11.9231,7.40253,0
106.5,33,15,1,-117.127,7,-130.581,2,2,10,1,12.7701,8.24948,0
106.5,33,15,1,-117.127,2,-132.359,0,0,20,0,-999,-999,0
106.5,33,15,1,-117.127,3,-136.023,0,0,20,0,-999,-999,0
106.5,33,15,1,-117.127,6,-142.227,10,10,10,1,12.0275,7.50693,0
106.5,41,24,4,-91.2253,1,-119.294,3,3,20,0,-999,-999,0
106.5,41,24,4,-91.2253,7,-134.855,2,2,10,1,12.7701,8.24948,0
106.5,41,24,4,-91.2253,5,-135.894,9,9,10,1,11.9231,7.40253,0
106.5,41,24,4,-91.2253,6,-138.335,10,10,10,1,12.0275,7.50693,0
106.5,41,24,4,-91.2253,2,-145.477,0,0,20,0,-999,-999,0
106.5,41,24,4,-91.2253,3,-155.27,0,0,20,0,-999,-999,0
106.5,42,85,6,-125.625,7,-111.722,2,2,10,1,12.7701,8.24948,0
106.5,42,85,6,-125.625,1,-116.68,3,3,20,0,-999,-999,0
106.5,42,85,6,-125.625,4,-129.175,5,5,20,0,-999,-999,0
106.5,42,85,6,-125.625,2,-150.507,0,0,20,0,-999,-999,0
106.5,42,85,6,-125.625,3,-155.463,0,0,20,0,-999,-999,0
106.5,42,85,6,-125.625,5,-160.224,9,9,10,1,11.9231,7.40253,0
106.5,45,51,6,-138.093,5,-99.4199,9,9,10,1,11.9231,7.40253,0
106.5,45,51,6,-138.093,1,-131.977,3,3,20,0,-999,-999,0
106.5,45,51,6,-138.093,3,-133.983,0,0,20,0,-999,-999,0
106.5,45,51,6,-138.093,2,-141.71,0,0,20,0,-999,-999,0
106.5,45,51,6,-138.093,7,-146.83,2,2,10,1,12.7701,8.24948,0
106.5,45,51,6,-138.093,4,-151.536,5,5,20,0,-999,-999,0
106.5,46,26,4,-136.973,5,-127.412,9,9,10,1,11.9231,7.40253,0
106.5,46,26,4,-136.973,7,-134.064,2,2,10,1,12.7701,8.24948,0
106.5,46,26,4,-136.973,6,-141.773,10,10,10,1,12.0275,7.50693,0
106.5,46,26,4,-136.973,1,-146.859,3,3,20,0,-999,-999,0
106.5,46,26,4,-136.973,2,-160.745,0,0,20,0,-999,-999,0
106.5,46,26,4,-136.973,3,-164.985,0,0,20,0,-999,-999,0
106.5,47,29,4,-145.685,1,-108.601,3,3,20,0,-999,-999,0
106.5,47,29,4,-145.685,5,-119.035,9,9,10,1,11.9231,7.40253,0
106.5,47,29,4,-145.685,7,-126.642,2,2,10,1,12.7701,8.24948,0
106.5,47,29,4,-145.685,6,-131.665,10,10,10,1,12.0275,7.50693,0
106.5,47,29,4,-145.685,2,-133.123,0,0,20,0,-999,-999,0
106.5,47,29,4,-145.685,3,-135.351,0,0,20,0,-999,-999,0
106.5,53,42,5,-110.256,1,-110.295,3,3,20,0,-999,-999,0
106.5,53,42,5,-110.256,4,-138.957,5,5,20,0,-999,-999,0
106.5,53,42,5,-110.256,6,-147.46,10,10,10,1,12.0275,7.50693,0
106.5,53,42,5,-110.256,7,-160.292,2,2,10,1,12.7701,8.24948,0
106.5,53,42,5,-110.256,3,-168.134,0,0,20,0,-999,-999,0
106.5,53,42,5,-110.256,2,-169.245,0,0,20,0,-999,-999,0
106.5,59,14,1,-130.192,5,-124.696,9,9,10,1,11.9231,7.40253,0
106.5,59,14,1,-130.192,7,-136.102,2,2,10,1,12.7701,8.24948,0
106.5,59,14,1,-130.192,4,-147.964,5,5,20,0,-999,-999,0
106.5,59,14,1,-130.192,6,-154.624,10,10,10,1,12.0275,7.50693,0
106.5,59,14,1,-130.192,2,-160.268,0,0,20,0,-999,-999,0
106.5,59,14,1,-130.192,3,-161.728,0,0,20,0,-999,-999,0
106.5,60,92,5,-122.927,1,-119.052,3,3,20,0,-999,-999,0
106.5,60,92,5,-122.927,6,-123.656,10,10,10,1,12.0275,7.50693,0
106.5,60,92,5,-122.927,4,-144.129,5,5,20,0,-999,-999,0
106.5,60,92,5,-122.927,7,-147.309,2,2,10,1,12.7701,8.24948,0
106.5,60,92,5,-122.927,3,-158.594,0,0,20,0,-999,-999,0
106.5,60,92,5,-122.927,2,-158.756,0,0,20,0,-999,-999,0
106.5,63,82,5,-125.331,6,-110.053,10,10,10,1,12.0275,7.50693,0
106.5,63,82,5,-125.331,4,-137.699,5,5,20,0,-999,-999,0
106.5,63,82,5,-125.331,1,-150.713,3,3,20,0,-999,-999,0
106.5,63,82,5,-125.331,7,-153.106,2,2,10,1,12.7701,8.24948,0
106.5,63,82,5,-125.331,3,-165.268,0,0,20,0,-999,-999,0
106.5,63,82,5,-125.331,2,-167.114,0,0,20,0,-999,-999,0
106.5,77,60,6,-146.405,7,-130.817,2,2,10,1,12.7701,8.24948,0
106.5,77,60,6,-146.405,4,-143.877,5,5,20,0,-999,-999,0
106.5,77,60,6,-146.405,5,-149.8,9,9,10,1,11.9231,7.40253,0
106.5,77,60,6,-146.405,2,-163.31,0,0,20,0,-999,-999,0
106.5,77,60,6,-146.405,1,-168.376,3,3,20,0,-999,-999,0
106.5,77,60,6,-146.405,3,-173.301,0,0,20,0,-999,-999,0
106.5,84,74,5,-117.302,4,-137.872,5,5,20,0,-999,-999,0
106.5,84,74,5,-117.302,3,-139.064,0,0,20,0,-999,-999,0
106.5,84,74,5,-117.302,1,-140.331,3,3,20,0,-999,-999,0
106.5,84,74,5,-117.302,2,-145.187,0,0,20,0,-999,-999,0
106.5,84,74,5,-117.302,6,-149.951,10,10,10,1,12.0275,7.50693,0
106.5,84,74,5,-117.302,7,-153.64,2,2,10,1,12.7701,8.24948,0
106.5,86,24,6,-122.406,7,-115.267,2,2,10,1,12.7701,8.24948,0
106.5,86,24,6,-122.406,1,-125.985,3,3,20,0,-999,-999,0
106.5,86,24,6,-122.406,5,-126.547,9,9,10,1,11.9231,7.40253,0
106.5,86,24,6,-122.406,4,-140.804,5,5,20,0,-999,-999,0
106.5,86,24,6,-122.406,2,-153.44,0,0,20,0,-999,-999,0
106.5,86,24,6,-122.406,3,-154.739,0,0,20,0,-999,-999,0
106.5,90,25,7,-119.167,6,-102.915,10,10,10,1,12.0275,7.50693,0
106.5,90,25,7,-119.167,4,-117.865,5,5,20,0,-999,-999,0
106.5,90,25,7,-119.167,1,-126.557,3,3,20,0,-999,-999,0
106.5,90,25,7,-119.167,2,-128.882,0,0,20,0,-999,-999,0
106.5,90,25,7,-119.167,5,-135.792,9,9,10,1,11.9231,7.40253,0
106.5,90,25,7,-119.167,3,-138.119,0,0,20,0,-999,-999,0
106.5,92,84,5,-136.23,3,-104.577,0,0,20,0,-999,-999,0
106.5,92,84,5,-136.23,1,-117.878,3,3,20,0,-999,-999,0
106.5,92,84,5,-136.23,2,-124.122,0,0,20,0,-999,-999,0
106.5,92,84,5,-136.23,4,-134.656,5,5,20,0,-999,-999,0
106.5,92,84,5,-136.23,6,-139.865,10,10,10,1,12.0275,7.50693,0
106.5,92,84,5,-136.23,7,-162.365,2,2,10,1,12.7701,8.24948,0
106.5,97,35,4,-96.9893,1,-92.6093,3,3,20,0,-999,-999,0
106.5,97,35,4,-96.9893,2,-115.309,0,0,20,0,-999,-999,0
106.5,97,35,4,-96.9893,5,-132.849,9,9,10,1,11.9231,7.40253,0
106.5,97,35,4,-96.9893,3,-133.629,0,0,20,0,-999,-999,0
106.5,97,35,4,-96.9893,7,-139.106,2,2,10,1,12.7701,8.24948,0
106.5,97,35,4,-96.9893,6,-141.689,10,10,10,1,12.0275,7.50693,0
106.5,100,34,4,-73.0581,6,-99.8065,10,10,10,1,12.0275,7.50693,0
106.5,100,34,4,-73.0581,7,-118.653,2,2,10,1,12.7701,8.24948,0
106.5,100,34,4,-73.0581,1,-128.143,3,3,20,0,-999,-999,0
106.5,100,34,4,-73.0581,2,-134.289,0,0,20,0,-999,-999,0
106.5,100,34,4,-73.0581,3,-140.983,0,0,20,0,-999,-999,0
106.5,100,34,4,-73.0581,5,-149.135,9,9,10,1,11.9231,7.40253,0
106.5,104,58,5,-122.076,6,-141.631,10,10,10,1,12.0275,7.50693,0
106.5,104,58,5,-122.076,3,-142.367,0,0,20,0,-999,-999,0
106.5,104,58,5,-122.076,4,-142.425,5,5,20,0,-999,-999,0
106.5,104,58,5,-122.076,1,-142.612,3,3,20,0,-999,-999,0
106.5,104,58,5,-122.076,2,-150.003,0,0,20,0,-999,-999,0
106.5,104,58,5,-122.076,7,-154.441,2,2,10,1,12.7701,8.24948,0
108.5,11,33,6,-88.3454,7,-100.599,2,2,10,1,13.1039,8.58328,0
108.5,11,33,6,-88.3454,4,-128.193,5,5,20,0,-999,-999,0
108.5,11,33,6,-88.3454,5,-129.361,9,9,10,1,12.6698,8.14921,0
108.5,11,33,6,-88.3454,1,-150.379,3,3,20,0,-999,-999,0
108.5,11,33,6,-88.3454,3,-150.608,0,0,20,0,-999,-999,0
108.5,11,33,6,-88.3454,2,-150.782,0,0,20,0,-999,-999,0
108.5,16,24,7,-135.973,6,-114.177,10,10,10,1,14.9805,10.4599,0
108.5,16,24,7,-135.973,5,-140.015,9,9,10,1,12.6698,8.14921,0
108.5,16,24,7,-135.973,4,-144.989,5,5,20,0,-999,-999,0
108.5,16,24,7,-135.973,1,-153.304,3,3,20,0,-999,-999,0
108.5,16,24,7,-135.973,2,-161.971,0,0,20,0,-999,-999,0
108.5,16,24,7,-135.973,3,-168.772,0,0,20,0,-999,-999,0
108.5,17,50,6,-125.797,4,-108.405,5,5,20,0,-999,-999,0
108.5,17,50,6,-125.797,7,-109.62,2,2,10,1,13.1039,8.58328,0
108.5,17,50,6,-125.797,1,-113.971,3,3,20,0,-999,-999,0
108.5,17,50,6,-125.797,2,-154.827,0,0,20,0,-999,-999,0
108.5,17,50,6,-125.797,3,-157.501,0,0,20,0,-999,-999,0
108.5,17,50,6,-125.797,5,-173.614,9,9,10,1,12.6698,8.14921,0
108.5,19,50,5,-142.233,1,-116.776,3,3,20,0,-999,-999,0
108.5,19,50,5,-142.233,7,-149.186,2,2,10,1,13.1039,8.58328,0
108.5,19,50,5,-142.233,4,-157.427,5,5,20,0,-999,-999,0
108.5,19,50,5,-142.233,6,-163.473,10,10,10,1,14.9805,10.4599,0
108.5,19,50,5,-142.233,3,-166.76,0,0,20,0,-999,-999,0
108.5,19,50,5,-142.233,2,-170.549,0,0,20,0,-999,-999,0
108.5,20,66,5,-110.288,6,-111.17,10,10,10,1,14.9805,10.4599,0
108.5,20,66,5,-110.288,1,-146.034,3,3,20,0,-999,-999,0
108.5,20,66,5,-110.288,3,-146.851,0,0,20,0,-999,-999,0
108.5,20,66,5,-110.288,2,-152.847,0,0,20,0,-999,-999,0
108.5,20,66,5,-110.288,7,-154.681,2,2,10,1,13.1039,8.58328,0
108.5,20,66,5,-110.288,4,-155.351,5,5,20,0,-999,-999,0
108.5,23,10,1,-114.364,3,-117.166,0,0,20,0,-999,-999,0
108.5,23,10,1,-114.364,2,-123.731,0,0,20,0,-999,-999,0
108.5,23,10,1,-114.364,4,-134.783,5,5,20,0,-999,-999,0
108.5,23,10,1,-114.364,5,-140.857,9,9,10,1,12.6698,8.14921,0
108.5,23,10,1,-114.364,7,-141.573,2,2,10,1,13.1039,8.58328,0
108.5,23,10,1,-114.364,6,-143.672,10,10,10,1,14.9805,10.4599,0
108.5,24,83,5,-124.862,1,-127.994,3,3,20,0,-999,-999,0
108.5,24,83,5,-124.862,7,-130.156,2,2,10,1,13.1039,8.58328,0
108.5,24,83,5,-124.862,4,-138.126,5,5,20,0,-999,-999,0
108.5,24,83,5,-124.862,6,-141.929,10,10,10,1,14.9805,10.4599,0
108.5,24,83,5,-124.862,3,-142.528,0,0,20,0,-999,-999,0
108.5,24,83,5,-124.862,2,-150.883,0,0,20,0,-999,-999,0
108.5,25,68,6,-140.724,1,-123.462,3,3,20,0,-999,-999,0
108.5,25,68,6,-140.724,4,-133.714,5,5,20,0,-999,-999,0
108.5,25,68,6,-140.724,7,-148.968,2,2,10,1,13.1039,8.58328,0
108.5,25,68,6,-140.724,5,-154.82,9,9,10,1,12.6698,8.14921,0
108.5,25,68,6,-140.724,2,-168.227,0,0,20,0,-999,-999,0
108.5,25,68,6,-140.724,3,-173.54,0,0,20,0,-999,-999,0
108.5,27,41,6,-130.919,7,-116.27,2,2,10,1,13.1039,8.58328,0
108.5,27,41,6,-130.919,4,-129.164,5,5,20,0,-999,-999,0
108.5,27,41,6,-130.919,1,-144.96,3,3,20,0,-999,-999,0
108.5,27,41,6,-130.919,5,-145.908,9,9,10,1,12.6698,8.14921,0
108.5,27,41,6,-130.919,2,-156.382,0,0,20,0,-999,-999,0
108.5,27,41,6,-130.919,3,-163.348,0,0,20,0,-999,-999,0
108.5,32,76,6,-142.553,4,-118.304,5,5,20,0,-999,-999,0
108.5,32,76,6,-142.553,5,-152.299,9,9,10,1,12.6698,8.14921,0
108.5,32,76,6,-142.553,1,-158.232,3,3,20,0,-999,-999,0
108.5,32,76,6,-142.553,3,-161.464,0,0,20,0,-999,-999,0
108.5,32,76,6,-142.553,7,-162.487,2,2,10,1,13.1039,8.58328,0
108.5,32,76,6,-142.553,2,-165.224,0,0,20,0,-999,-999,0
108.5,33,15,1,-120.162,4,-116.51,5,5,20,0,-999,-999,0
108.5,33,15,1,-120.162,6,-117.561,10,10,10,1,14.9805,10.4599,0
108.5,33,15,1,-120.162,5,-132.048,9,9,10,1,12.6698,8.14921,0
108.5,33,15,1,-120.162,2,-133.051,0,0,20,0,-999,-999,0
108.5,33,15,1,-120.162,7,-134.337,2,2,10,1,13.1039,8.58328,0
108.5,33,15,1,-120.162,3,-137.597,0,0,20,0,-999,-999,0
108.5,34,93,6,-106.579,7,-114.517,2,2,10,1,13.1039,8.58328,0
108.5,34,93,6,-106.579,4,-143.484,5,5,20,0,-999,-999,0
108.5,34,93,6,-106.579,5,-155.478,9,9,10,1,12.6698,8.14921,0
108.5,34,93,6,-106.579,1,-158.32,3,3,20,0,-999,-999,0
108.5,34,93,6,-106.579,2,-167.249,0,0,20,0,-999,-999,0
108.5,34,93,6,-106.579,3,-171.768,0,0,20,0,-999,-999,0
108.5,41,24,4,-72.1372,6,-108.062,10,10,10,1,14.9805,10.4599,0
108.5,41,24,4,-72.1372,5,-117.943,9,9,10,1,12.6698,8.14921,0
108.5,41,24,4,-72.1372,1,-130.038,3,3,20,0,-999,-999,0
108.5,41,24,4,-72.1372,7,-136.106,2,2,10,1,13.1039,8.58328,0
108.5,41,24,4,-72.1372,2,-143.755,0,0,20,0,-999,-999,0
108.5,41,24,4,-72.1372,3,-145.648,0,0,20,0,-999,-999,0
108.5,42,85,6,-125.727,7,-105.786,2,2,10,1,13.1039,8.58328,0
108.5,42,85,6,-125.727,4,-128.455,5,5,20,0,-999,-999,0
108.5,42,85,6,-125.727,1,-136.301,3,3,20,0,-999,-999,0
108.5,42,85,6,-125.727,2,-151.615,0,0,20,0,-999,-999,0
108.5,42,85,6,-125.727,3,-154.081,0,0,20,0,-999,-999,0
108.5,42,85,6,-125.727,5,-165.846,9,9,10,1,12.6698,8.14921,0
108.5,45,51,6,-141.659,5,-88.826,9,9,10,1,12.6698,8.14921,5
108.5,45,51,6,-141.659,7,-119.522,2,2,10,1,13.1039,8.58328,5
108.5,45,51,6,-141.659,1,-126.218,3,3,20,0,-999,-999,5
108.5,45,51,6,-141.659,4,-137.994,5,5,20,0,-999,-999,5
108.5,45,51,6,-141.659,3,-138.747,0,0,20,0,-999,-999,5
108.5,45,51,6,-141.659,2,-143.129,0,0,20,0,-999,-999,5
108.5,46,26,4,-97.4529,6,-111.35,10,10,10,1,14.9805,10.4599,0
108.5,46,26,4,-97.4529,7,-127.281,2,2,10,1,13.1039,8.58328,0
108.5,46,26,4,-97.4529,1,-135.923,3,3,20,0,-999,-999,0
108.5,46,26,4,-97.4529,5,-136.752,9,10,10,1,12.6698,8.14921,0
108.5,46,26,4,-97.4529,3,-161.894,0,0,20,0,-999,-999,0
108.5,46,26,4,-97.4529,2,-165.842,0,0,20,0,-999,-999,0
108.5,47,29,4,-141.763,6,-97.7093,10,10,10,1,14.9805,10.4599,0
108.5,47,29,4,-141.763,1,-126.652,3,3,20,0,-999,-999,0
108.5,47,29,4,-141.763,2,-133.594,0,0,20,0,-999,-999,0
108.5,47,29,4,-141.763,3,-137.132,0,0,20,0,-999,-999,0
108.5,47,29,4,-141.763,5,-140.154,9,10,10,1,12.6698,8.14921,0
108.5,47,29,4,-141.763,7,-140.915,2,2,10,1,13.1039,8.58328,0
108.5,53,42,5,-108.494,6,-108.826,10,10,10,1,14.9805,10.4599,0
108.5,53,42,5,-108.494,7,-142.248,2,2,10,1,13.1039,8.58328,0
108.5,53,42,5,-108.494,1,-150.276,3,3,20,0,-999,-999,0
108.5,53,42,5,-108.494,4,-150.814,5,5,20,0,-999,-999,0
108.5,53,42,5,-108.494,3,-165.199,0,0,20,0,-999,-999,0
108.5,53,42,5,-108.494,2,-169.683,0,0,20,0,-999,-999,0
108.5,59,14,1,-146.16,5,-137.015,9,10,10,1,12.6698,8.14921,0
108.5,59,14,1,-146.16,7,-148.563,2,2,10,1,13.1039,8.58328,0
108.5,59,14,1,-146.16,4,-152.721,5,5,20,0,-999,-999,0
108.5,59,14,1,-146.16,2,-156.982,0,0,20,0,-999,-999,0
108.5,59,14,1,-146.16,3,-159.368,0,0,20,0,-999,-999,0
108.5,59,14,1,-146.16,6,-163.261,10,10,10,1,14.9805,10.4599,0
108.5,60,92,5,-133.046,7,-117.545,2,2,10,1,13.1039,8.58328,0
108.5,60,92,5,-133.046,1,-133.316,3,3,20,0,-999,-999,0
108.5,60,92,5,-133.046,6,-149.161,10,10,10,1,14.9805,10.4599,0
108.5,60,92,5,-133.046,3,-154.358,0,0,20,0,-999,-999,0
108.5,60,92,5,-133.046,2,-154.699,0,0,20,0,-999,-999,0
108.5,60,92,5,-133.046,4,-155.752,5,5,20,0,-999,-999,0
108.5,63,82,5,-144.013,1,-123.883,3,3,20,0,-999,-999,0
108.5,63,82,5,-144.013,6,-144.033,10,10,10,1,14.9805,10.4599,0
108.5,63,82,5,-144.013,4,-149.311,5,5,20,0,-999,-999,0
108.5,63,82,5,-144.013,7,-149.977,2,2,10,1,13.1039,8.58328,0
108.5,63,82,5,-144.013,2,-158.178,0,0,20,0,-999,-999,0
108.5,63,82,5,-144.013,3,-164.21,0,0,20,0,-999,-999,0
108.5,77,60,6,-136.965,7,-141.02,2,2,10,1,13.1039,8.58328,0
108.5,77,60,6,-136.965,4,-144.327,5,5,20,0,-999,-999,0
108.5,77,60,6,-136.965,5,-152.562,9,10,10,1,12.6698,8.14921,0
108.5,77,60,6,-136.965,1,-167.699,3,3,20,0,-999,-999,0
108.5,77,60,6,-136.965,2,-171.966,0,0,20,0,-999,-999,0
108.5,77,60,6,-136.965,3,-174.178,0,0,20,0,-999,-999,0
108.5,84,74,5,-102.655,6,-102.077,10,10,10,1,14.9805,10.4599,0
108.5,84,74,5,-102.655,1,-116.069,3,3,20,0,-999,-999,0
108.5,84,74,5,-102.655,4,-135.361,5,5,20,0,-999,-999,0
108.5,84,74,5,-102.655,3,-136.837,0,0,20,0,-999,-999,0
108.5,84,74,5,-102.655,2,-144.386,0,0,20,0,-999,-999,0
108.5,84,74,5,-102.655,7,-149.526,2,2,10,1,13.1039,8.58328,0
108.5,86,24,6,-127.179,5,-130.104,9,10,10,1,12.6698,8.14921,0
108.5,86,24,6,-127.179,4,-131.878,5,5,20,0,-999,-999,0
108.5,86,24,6,-127.179,7,-132.511,2,2,10,1,13.1039,8.58328,0
108.5,86,24,6,-127.179,2,-147.247,0,0,20,0,-999,-999,0
108.5,86,24,6,-127.179,1,-152.802,3,3,20,0,-999,-999,0
108.5,86,24,6,-127.179,3,-155.922,0,0,20,0,-999,-999,0
108.5,90,25,7,-133.195,4,-109.381,5,5,20,0,-999,-999,0
108.5,90,25,7,-133.195,1,-124.789,3,3,20,0,-999,-999,0
108.5,90,25,7,-133.195,6,-129.521,10,10,10,1,14.9805,10.4599,0
108.5,90,25,7,-133.195,2,-133.567,0,0,20,0,-999,-999,0
108.5,90,25,7,-133.195,3,-139.252,0,0,20,0,-999,-999,0
108.5,90,25,7,-133.195,5,-139.945,9,10,10,1,12.6698,8.14921,0
108.5,92,84,5,-136.728,1,-89.9206,3,3,20,0,-999,-999,0
108.5,92,84,5,-136.728,2,-123.469,0,0,20,0,-999,-999,0
108.5,92,84,5,-136.728,3,-128.914,0,0,20,0,-999,-999,0
108.5,92,84,5,-136.728,7,-136.208,2,2,10,1,13.1039,8.58328,0
108.5,92,84,5,-136.728,4,-138.409,5,5,20,0,-999,-999,0
108.5,92,84,5,-136.728,6,-141.558,10,10,10,1,14.9805,10.4599,0
108.5,97,35,4,-95.8327,5,-106.487,9,10,10,1,12.6698,8.14921,0
108.5,97,35,4,-95.8327,2,-115.572,0,0,20,0,-999,-999,0
108.5,97,35,4,-95.8327,1,-117.269,3,3,20,0,-999,-999,0
108.5,97,35,4,-95.8327,6,-120.033,10,10,10,1,14.9805,10.4599,0
108.5,97,35,4,-95.8327,3,-128.555,0,0,20,0,-999,-999,0
108.5,97,35,4,-95.8327,7,-134.51,2,2,10,1,13.1039,8.58328,0
108.5,100,34,4,-96.1501,7,-96.4693,2,2,10,1,13.1039,8.58328,0
108.5,100,34,4,-96.1501,6,-119.799,10,10,10,1,14.9805,10.4599,0
108.5,100,34,4,-96.1501,1,-132.143,3,3,20,0,-999,-999,0
108.5,100,34,4,-96.1501,2,-133.659,0,0,20,0,-999,-999,0
108.5,100,34,4,-96.1501,3,-142.396,0,0,20,0,-999,-999,0
108.5,100,34,4,-96.1501,5,-154.182,9,10,10,1,12.6698,8.14921,0
108.5,104,58,5,-95.5444,6,-117.387,10,10,10,1,14.9805,10.4599,0
108.5,104,58,5,-95.5444,7,-129.57,2,2,10,1,13.1039,8.58328,0
108.5,104,58,5,-95.5444,1,-132.53,3,3,20,0,-999,-999,0
108.5,104,58,5,-95.5444,3,-142.577,0,0,20,0,-999,-999,0
108.5,104,58,5,-95.5444,4,-147.231,5,5,20,0,-999,-999,0
108.5,104,58,5,-95.5444,2,-149.834,0,0,20,0,-999,-999,0
110.5,11,33,6,-83.0145,1,-123.421,3,3,20,0,-999,-999,0
110.5,11,33,6,-83.0145,4,-123.771,5,5,20,0,-999,-999,0
110.5,11,33,6,-83.0145,7,-131.824,2,2,10,1,12.2336,7.71297,0
110.5,11,33,6,-83.0145,3,-150.04,0,0,20,0,-999,-999,0
110.5,11,33,6,-83.0145,5,-150.589,10,10,10,1,13.7229,9.20228,0
110.5,11,33,6,-83.0145,2,-150.914,0,0,20,0,-999,-999,0
110.5,16,24,7,-145.996,4,-147.837,5,5,20,0,-999,-999,0
110.5,16,24,7,-145.996,6,-148.265,9,9,10,1,14.0511,9.53048,0
110.5,16,24,7,-145.996,5,-151.368,10,10,10,1,13.7229,9.20228,0
110.5,16,24,7,-145.996,1,-158.232,3,3,20,0,-999,-999,0
110.5,16,24,7,-145.996,2,-158.974,0,0,20,0,-999,-999,0
110.5,16,24,7,-145.996,3,-167.686,0,0,20,0,-999,-999,0
110.5,17,50,6,-126.23,7,-102.32,2,2,10,1,12.2336,7.71297,0
110.5,17,50,6,-126.23,1,-137.877,3,3,20,0,-999,-999,0
110.5,17,50,6,-126.23,4,-140.99,5,5,20,0,-999,-999,0
110.5,17,50,6,-126.23,2,-155.363,0,0,20,0,-999,-999,0
110.5,17,50,6,-126.23,3,-157.228,0,0,20,0,-999,-999,0
110.5,17,50,6,-126.23,5,-174.061,10,10,10,1,13.7229,9.20228,0
110.5,19,50,5,-139.121,1,-144.338,3,3,20,0,-999,-999,0
110.5,19,50,5,-139.121,7,-147.119,2,2,10,1,12.2336,7.71297,0
110.5,19,50,5,-139.121,4,-161.161,5,5,20,0,-999,-999,0
110.5,19,50,5,-139.121,6,-162.02,9,9,10,1,14.0511,9.53048,0
110.5,19,50,5,-139.121,3,-167.53,0,0,20,0,-999,-999,0
110.5,19,50,5,-139.121,2,-172.592,0,0,20,0,-999,-999,0
110.5,20,66,5,-113.948,4,-121.887,5,5,20,0,-999,-999,0
110.5,20,66,5,-113.948,1,-123.317,3,3,20,0,-999,-999,0
110.5,20,66,5,-113.948,6,-145.539,9,9,10,1,14.0511,9.53048,0
110.5,20,66,5,-113.948,3,-147.682,0,0,20,0,-999,-999,0
110.5,20,66,5,-113.948,2,-147.751,0,0,20,0,-999,-999,0
110.5,20,66,5,-113.948,7,-152.041,2,2,10,1,12.2336,7.71297,0
110.5,23,10,1,-124.356,7,-105.587,2,2,10,1,12.2336,7.71297,0
110.5,23,10,1,-124.356,5,-107.29,10,10,10,1,13.7229,9.20228,0
110.5,23,10,1,-124.356,3,-120.16,0,0,20,0,-999,-999,0
110.5,23,10,1,-124.356,2,-124.16,0,0,20,0,-999,-999,0
110.5,23,10,1,-124.356,4,-134.37,5,5,20,0,-999,-999,0
110.5,23,10,1,-124.356,6,-146.724,9,9,10,1,14.0511,9.53048,0
110.5,24,83,5,-121.642,6,-110.581,9,9,10,1,14.0511,9.53048,0
110.5,24,83,5,-121.642,1,-130.138,3,3,20,0,-999,-999,0
110.5,24,83,5,-121.642,3,-143.299,0,0,20,0,-999,-999,0
110.5,24,83,5,-121.642,2,-146.285,0,0,20,0,-999,-999,0
110.5,24,83,5,-121.642,7,-154.673,2,2,10,1,12.2336,7.71297,0
110.5,24,83,5,-121.642,4,-159.795,5,5,20,0,-999,-999,0
110.5,25,68,6,-139.058,4,-105.679,5,5,20,0,-999,-999,0
110.5,25,68,6,-139.058,1,-116.598,3,3,20,0,-999,-999,0
110.5,25,68,6,-139.058,7,-152.406,2,2,10,1,12.2336,7.71297,0
110.5,25,68,6,-139.058,2,-169.895,0,0,20,0,-999,-999,0
110.5,25,68,6,-139.058,3,-172.151,0,0,20,0,-999,-999,0
110.5,25,68,6,-139.058,5,-182.873,10,10,10,1,13.7229,9.20228,0
110.5,27,41,6,-106.152,5,-109.992,10,10,10,1,13.7229,9.20228,0
110.5,27,41,6,-106.152,4,-134.761,5,5,20,0,-999,-999,0
110.5,27,41,6,-106.152,1,-141.707,3,3,20,0,-999,-999,0
110.5,27,41,6,-106.152,7,-142.708,2,2,10,1,12.2336,7.71297,0
110.5,27,41,6,-106.152,2,-157.929,0,0,20,0,-999,-999,0
110.5,27,41,6,-106.152,3,-162.717,0,0,20,0,-999,-999,0
110.5,32,76,6,-142.937,1,-124.678,3,3,20,0,-999,-999,0
110.5,32,76,6,-142.937,4,-137.399,5,5,20,0,-999,-999,0
110.5,32,76,6,-142.937,5,-153.626,10,10,10,1,13.7229,9.20228,0
110.5,32,76,6,-142.937,7,-153.772,2,2,10,1,12.2336,7.71297,0
110.5,32,76,6,-142.937,2,-163.755,0,0,20,0,-999,-999,0
110.5,32,76,6,-142.937,3,-168.53,0,0,20,0,-999,-999,0
110.5,33,15,1,-113.116,4,-120.008,5,5,20,0,-999,-999,0
110.5,33,15,1,-113.116,2,-127.935,0,0,20,0,-999,-999,0
110.5,33,15,1,-113.116,7,-137.402,2,2,10,1,12.2336,7.71297,0
110.5,33,15,1,-113.116,3,-137.975,0,0,20,0,-999,-999,0
110.5,33,15,1,-113.116,6,-139.728,9,9,10,1,14.0511,9.53048,0
110.5,33,15,1,-113.116,5,-140.651,10,10,10,1,13.7229,9.20228,0
110.5,34,93,6,-112.948,4,-103.547,5,5,20,0,-999,-999,0
110.5,34,93,6,-112.948,7,-107.382,2,2,10,1,12.2336,7.71297,0
110.5,34,93,6,-112.948,1,-148.624,3,3,20,0,-999,-999,0
110.5,34,93,6,-112.948,2,-168.092,0,0,20,0,-999,-999,0
110.5,34,93,6,-112.948,3,-168.811,0,0,20,0,-999,-999,0
110.5,34,93,6,-112.948,5,-176.72,10,10,10,1,13.7229,9.20228,0
110.5,41,24,4,-77.431,7,-106.07,2,2,10,1,12.2336,7.71297,0
110.5,41,24,4,-77.431,6,-131.459,9,9,10,1,14.0511,9.53048,0
110.5,41,24,4,-77.431,5,-137.8,10,10,10,1,13.7229,9.20228,0
110.5,41,24,4,-77.431,1,-139.404,3,3,20,0,-999,-999,0
110.5,41,24,4,-77.431,2,-150.021,0,0,20,0,-999,-999,0
110.5,41,24,4,-77.431,3,-156.53,0,0,20,0,-999,-999,0
110.5,42,85,6,-127.555,7,-99.3073,2,2,10,1,12.2336,7.71297,7
110.5,42,85,6,-127.555,1,-110.161,3,3,20,0,-999,-999,7
110.5,42,85,6,-127.555,4,-132.931,5,5,20,0,-999,-999,7
110.5,42,85,6,-127.555,2,-154.402,0,0,20,0,-999,-999,7
110.5,42,85,6,-127.555,3,-155.246,0,0,20,0,-999,-999,7
110.5,42,85,6,-127.555,5,-168.848,10,10,10,1,13.7229,9.20228,7
110.5,45,93,5,-130.744,6,-110.929,9,9,10,1,14.0511,9.53048,0
110.5,45,93,5,-130.744,1,-124.915,3,3,20,0,-999,-999,0
110.5,45,93,5,-130.744,2,-135.879,0,0,20,0,-999,-999,0
110.5,45,93,5,-130.744,3,-136.116,0,0,20,0,-999,-999,0
110.5,45,93,5,-130.744,4,-146.643,5,5,20,0,-999,-999,0
110.5,45,93,5,-130.744,7,-148.155,2,3,10,1,12.2336,7.71297,0
110.5,46,26,4,-140.992,6,-115.213,9,9,10,1,14.0511,9.53048,0
110.5,46,26,4,-140.992,7,-144.518,2,3,10,1,12.2336,7.71297,0
110.5,46,26,4,-140.992,1,-148.705,3,3,20,0,-999,-999,0
110.5,46,26,4,-140.992,5,-151.497,10,10,10,1,13.7229,9.20228,0
110.5,46,26,4,-140.992,2,-160.789,0,0,20,0,-999,-999,0
110.5,46,26,4,-140.992,3,-166.588,0,0,20,0,-999,-999,0
110.5,47,29,4,-115.36,5,-93.0904,10,10,10,1,13.7229,9.20228,0
110.5,47,29,4,-115.36,1,-103.134,3,3,20,0,-999,-999,0
110.5,47,29,4,-115.36,7,-107.692,2,3,10,1,12.2336,7.71297,0
110.5,47,29,4,-115.36,3,-132.674,0,0,20,0,-999,-999,0
110.5,47,29,4,-115.36,2,-135.61,0,0,20,0,-999,-999,0
110.5,47,29,4,-115.36,6,-137.477,9,9,10,1,14.0511,9.53048,0
110.5,53,42,5,-97.792,6,-108.636,9,9,10,1,14.0511,9.53048,0
110.5,53,42,5,-97.792,1,-115.6,3,3,20,0,-999,-999,0
110.5,53,42,5,-97.792,4,-141.11,5,5,20,0,-999,-999,0
110.5,53,42,5,-97.792,3,-164.299,0,0,20,0,-999,-999,0
110.5,53,42,5,-97.792,7,-169.526,2,3,10,1,12.2336,7.71297,0
110.5,53,42,5,-97.792,2,-171.057,0,0,20,0,-999,-999,0
110.5,59,14,1,-142.499,7,-110.921,2,3,10,1,12.2336,7.71297,0
110.5,59,14,1,-142.499,4,-120.212,5,5,20,0,-999,-999,0
110.5,59,14,1,-142.499,5,-138.209,10,10,10,1,13.7229,9.20228,0
110.5,59,14,1,-142.499,6,-147.381,9,9,10,1,14.0511,9.53048,0
110.5,59,14,1,-142.499,3,-158.791,0,0,20,0,-999,-999,0
110.5,59,14,1,-142.499,2,-159.82,0,0,20,0,-999,-999,0
110.5,60,92,5,-132.939,4,-125.684,5,5,20,0,-999,-999,0
110.5,60,92,5,-132.939,6,-131.13,9,9,10,1,14.0511,9.53048,0
110.5,60,92,5,-132.939,1,-143.234,3,3,20,0,-999,-999,0
110.5,60,92,5,-132.939,7,-152.07,2,3,10,1,12.2336,7.71297,0
110.5,60,92,5,-132.939,3,-158.068,0,0,20,0,-999,-999,0
110.5,60,92,5,-132.939,2,-161.905,0,0,20,0,-999,-999,0
110.5,63,82,5,-100.517,6,-121.366,9,9,10,1,14.0511,9.53048,0
110.5,63,82,5,-100.517,7,-153.851,2,3,10,1,12.2336,7.71297,0
110.5,63,82,5,-100.517,1,-155.966,3,3,20,0,-999,-999,0
110.5,63,82,5,-100.517,3,-161.933,0,0,20,0,-999,-999,0
110.5,63,82,5,-100.517,4,-168.32,5,5,20,0,-999,-999,0
110.5,63,82,5,-100.517,2,-168.429,0,0,20,0,-999,-999,0
110.5,77,60,6,-147.496,4,-109.094,5,5,20,0,-999,-999,0
110.5,77,60,6,-147.496,7,-144.835,2,3,10,1,12.2336,7.71297,0
110.5,77,60,6,-147.496,5,-152.263,10,10,10,1,13.7229,9.20228,0
110.5,77,60,6,-147.496,1,-160.813,3,3,20,0,-999,-999,0
110.5,77,60,6,-147.496,3,-161.667,0,0,20,0,-999,-999,0
110.5,77,60,6,-147.496,2,-177.695,0,0,20,0,-999,-999,0
110.5,84,74,5,-126.527,7,-114.321,2,3,10,1,12.2336,7.71297,0
110.5,84,74,5,-126.527,4,-118.877,5,5,20,0,-999,-999,0
110.5,84,74,5,-126.527,6,-132.303,9,9,10,1,14.0511,9.53048,0
110.5,84,74,5,-126.527,3,-138.299,0,0,20,0,-999,-999,0
110.5,84,74,5,-126.527,2,-144.055,0,0,20,0,-999,-999,0
110.5,84,74,5,-126.527,1,-147.385,3,3,20,0,-999,-999,0
110.5,86,24,6,-125.624,7,-102.859,2,3,10,1,12.2336,7.71297,0
110.5,86,24,6,-125.624,4,-131.614,5,5,20,0,-999,-999,0
110.5,86,24,6,-125.624,1,-148.006,3,3,20,0,-999,-999,0
110.5,86,24,6,-125.624,2,-148.279,0,0,20,0,-999,-999,0
110.5,86,24,6,-125.624,5,-150.697,10,10,10,1,13.7229,9.20228,0
110.5,86,24,6,-125.624,3,-160.396,0,0,20,0,-999,-999,0
110.5,90,25,7,-136.479,4,-108.216,5,5,20,0,-999,-999,4
110.5,90,25,7,-136.479,5,-108.955,10,10,10,1,13.7229,9.20228,4
110.5,90,25,7,-136.479,1,-130.664,3,3,20,0,-999,-999,4
110.5,90,25,7,-136.479,2,-131.234,0,0,20,0,-999,-999,4
110.5,90,25,7,-136.479,6,-135.377,9,9,10,1,14.0511,9.53048,4
110.5,90,25,7,-136.479,3,-138.386,0,0,20,0,-999,-999,4
110.5,92,84,5,-142.25,1,-85.7247,3,3,20,0,-999,-999,1
110.5,92,84,5,-142.25,2,-118.588,0,0,20,0,-999,-999,1
110.5,92,84,5,-142.25,6,-126.898,9,9,10,1,14.0511,9.53048,1
110.5,92,84,5,-142.25,3,-132.35,0,0,20,0,-999,-999,1
110.5,92,84,5,-142.25,4,-140.622,5,6,20,0,-999,-999,1
110.5,92,84,5,-142.25,7,-148.197,2,3,10,1,12.2336,7.71297,1
110.5,97,35,4,-131.705,1,-111.385,3,4,20,0,-999,-999,0
110.5,97,35,4,-131.705,2,-114.879,0,0,20,0,-999,-999,0
110.5,97,35,4,-131.705,3,-131.523,0,0,20,0,-999,-999,0
110.5,97,35,4,-131.705,7,-138.68,2,3,10,1,12.2336,7.71297,0
110.5,97,35,4,-131.705,5,-139.132,10,10,10,1,13.7229,9.20228,0
110.5,97,35,4,-131.705,6,-143.197,9,9,10,1,14.0511,9.53048,0
110.5,100,34,4,-62.2748,7,-87.4108,2,3,10,1,12.2336,7.71297,0
110.5,100,34,4,-62.2748,6,-128.323,9,9,10,1,14.0511,9.53048,0
110.5,100,34,4,-62.2748,2,-135.322,0,0,20,0,-999,-999,0
110.5,100,34,4,-62.2748,1,-138.699,3,4,20,0,-999,-999,0
110.5,100,34,4,-62.2748,3,-148.503,0,0,20,0,-999,-999,0
110.5,100,34,4,-62.2748,5,-152.187,10,10,10,1,13.7229,9.20228,0
110.5,104,58,5,-118.29,1,-139.082,3,4,20,0,-999,-999,0
110.5,104,58,5,-118.29,6,-141.684,9,9,10,1,14.0511,9.53048,0
110.5,104,58,5,-118.29,3,-145.179,0,0,20,0,-999,-999,0
110.5,104,58,5,-118.29,4,-145.219,5,6,20,0,-999,-999,0
110.5,104,58,5,-118.29,2,-151.649,0,0,20,0,-999,-999,0
110.5,104,58,5,-118.29,7,-161.782,2,3,10,1,12.2336,7.71297,0
112.5,11,33,6,-122.741,4,-129.949,6,6,20,0,-999,-999,0
112.5,11,33,6,-122.741,1,-137.524,4,4,20,0,-999,-999,0
112.5,11,33,6,-122.741,7,-146.436,2,2,10,1,12.288,7.76737,0
112.5,11,33,6,-122.741,3,-151.002,0,0,20,0,-999,-999,0
112.5,11,33,6,-122.741,5,-157.975,10,10,10,1,12.7311,8.21052,0
112.5,11,33,6,-122.741,2,-159.371,0,0,20,0,-999,-999,0
112.5,16,24,7,-115.483,5,-149.458,10,10,10,1,12.7311,8.21052,0
112.5,16,24,7,-115.483,4,-149.746,6,6,20,0,-999,-999,0
112.5,16,24,7,-115.483,6,-151.883,8,8,10,1,12.1712,7.65063,0
112.5,16,24,7,-115.483,1,-160.682,4,4,20,0,-999,-999,0
112.5,16,24,7,-115.483,3,-165.213,0,0,20,0,-999,-999,0
112.5,16,24,7,-115.483,2,-167.941,0,0,20,0,-999,-999,0
112.5,17,50,6,-132.35,4,-94.853,6,6,20,0,-999,-999,0
112.5,17,50,6,-132.35,7,-121.845,2,2,10,1,12.288,7.76737,0
112.5,17,50,6,-132.35,1,-143.643,4,4,20,0,-999,-999,0
112.5,17,50,6,-132.35,2,-154.115,0,0,20,0,-999,-999,0
112.5,17,50,6,-132.35,3,-160.424,0,0,20,0,-999,-999,0
112.5,17,50,6,-132.35,5,-173.054,10,10,10,1,12.7311,8.21052,0
112.5,19,50,5,-143.674,4,-118.206,6,6,20,0,-999,-999,0
112.5,19,50,5,-143.674,7,-133.622,2,2,10,1,12.288,7.76737,0
112.5,19,50,5,-143.674,1,-144.04,4,4,20,0,-999,-999,0
112.5,19,50,5,-143.674,6,-145.315,8,8,10,1,12.1712,7.65063,0
112.5,19,50,5,-143.674,3,-168.277,0,0,20,0,-999,-999,0
112.5,19,50,5,-143.674,2,-172.81,0,0,20,0,-999,-999,0
112.5,20,66,5,-119.098,6,-139.411,8,8,10,1,12.1712,7.65063,0
112.5,20,66,5,-119.098,1,-144.703,4,4,20,0,-999,-999,0
112.5,20,66,5,-119.098,3,-149.085,0,0,20,0,-999,-999,0
112.5,20,66,5,-119.098,4,-149.481,6,6,20,0,-999,-999,0
112.5,20,66,5,-119.098,2,-151.885,0,0,20,0,-999,-999,0
112.5,20,66,5,-119.098,7,-155.986,2,2,10,1,12.288,7.76737,0
112.5,23,10,1,-124.85,2,-100.16,0,0,20,0,-999,-999,0
112.5,23,10,1,-124.85,3,-117.904,0,0,20,0,-999,-999,0
112.5,23,10,1,-124.85,6,-119.261,8,8,10,1,12.1712,7.65063,0
112.5,23,10,1,-124.85,7,-124.346,2,2,10,1,12.288,7.76737,0
112.5,23,10,1,-124.85,5,-128.2,10,10,10,1,12.7311,8.21052,0
112.5,23,10,1,-124.85,4,-134.181,6,6,20,0,-999,-999,0
112.5,24,83,5,-100.391,1,-127.782,4,4,20,0,-999,-999,0
112.5,24,83,5,-100.391,4,-128.622,6,6,20,0,-999,-999,0
112.5,24,83,5,-100.391,3,-140.776,0,0,20,0,-999,-999,0
112.5,24,83,5,-100.391,7,-143.648,2,2,10,1,12.288,7.76737,0
112.5,24,83,5,-100.391,6,-145.523,8,8,10,1,12.1712,7.65063,0
112.5,24,83,5,-100.391,2,-150.835,0,0,20,0,-999,-999,0
112.5,25,68,6,-141.689,1,-131.571,4,4,20,0,-999,-999,0
112.5,25,68,6,-141.689,7,-137.147,2,2,10,1,12.288,7.76737,0
112.5,25,68,6,-141.689,4,-141.328,6,6,20,0,-999,-999,0
112.5,25,68,6,-141.689,5,-141.969,10,10,10,1,12.7311,8.21052,0
112.5,25,68,6,-141.689,2,-167.653,0,0,20,0,-999,-999,0
112.5,25,68,6,-141.689,3,-172.549,0,0,20,0,-999,-999,0
112.5,27,41,6,-135.226,7,-129.192,2,2,10,1,12.288,7.76737,0
112.5,27,41,6,-135.226,5,-134.003,10,10,10,1,12.7311,8.21052,0
112.5,27,41,6,-135.226,4,-135.836,6,6,20,0,-999,-999,0
112.5,27,41,6,-135.226,1,-147.079,4,4,20,0,-999,-999,0
112.5,27,41,6,-135.226,2,-153.978,0,0,20,0,-999,-999,0
112.5,27,41,6,-135.226,3,-163.433,0,0,20,0,-999,-999,0
112.5,32,76,6,-112.759,5,-139.238,10,10,10,1,12.7311,8.21052,0
112.5,32,76,6,-112.759,1,-139.826,4,4,20,0,-999,-999,0
112.5,32,76,6,-112.759,4,-144.359,6,6,20,0,-999,-999,0
112.5,32,76,6,-112.759,7,-158.069,2,2,10,1,12.288,7.76737,0
112.5,32,76,6,-112.759,2,-160.624,0,0,20,0,-999,-999,0
112.5,32,76,6,-112.759,3,-172.173,0,0,20,0,-999,-999,0
112.5,33,15,1,-99.8406,4,-109.579,6,6,20,0,-999,-999,0
112.5,33,15,1,-99.8406,7,-116.755,2,2,10,1,12.288,7.76737,0
112.5,33,15,1,-99.8406,2,-130.055,0,0,20,0,-999,-999,0
112.5,33,15,1,-99.8406,3,-133.773,0,0,20,0,-999,-999,0
112.5,33,15,1,-99.8406,6,-141.394,8,8,10,1,12.1712,7.65063,0
112.5,33,15,1,-99.8406,5,-150.1,10,10,10,1,12.7311,8.21052,0
112.5,34,93,6,-139.857,7,-142.499,2,2,10,1,12.288,7.76737,0
112.5,34,93,6,-139.857,4,-142.926,6,6,20,0,-999,-999,0
112.5,34,93,6,-139.857,1,-143.853,4,4,20,0,-999,-999,0
112.5,34,93,6,-139.857,5,-157.325,10,10,10,1,12.7311,8.21052,0
112.5,34,93,6,-139.857,2,-165.204,0,0,20,0,-999,-999,0
112.5,34,93,6,-139.857,3,-168.521,0,0,20,0,-999,-999,0
112.5,41,24,4,-111.814,5,-127.431,10,10,10,1,12.7311,8.21052,0
112.5,41,24,4,-111.814,1,-127.63,4,4,20,0,-999,-999,0
112.5,41,24,4,-111.814,6,-138.563,8,8,10,1,12.1712,7.65063,0
112.5,41,24,4,-111.814,7,-143.305,2,2,10,1,12.288,7.76737,0
112.5,41,24,4,-111.814,2,-145.233,0,0,20,0,-999,-999,0
112.5,41,24,4,-111.814,3,-152.512,0,0,20,0,-999,-999,0
112.5,42,26,7,-139.077,6,-113.559,8,8,10,1,12.1712,7.65063,0
112.5,42,26,7,-139.077,4,-133.684,6,6,20,0,-999,-999,0
112.5,42,26,7,-139.077,1,-135.959,4,4,20,0,-999,-999,0
112.5,42,26,7,-139.077,2,-146.904,0,0,20,0,-999,-999,0
112.5,42,26,7,-139.077,3,-151.632,0,0,20,0,-999,-999,0
112.5,42,26,7,-139.077,5,-165.676,10,10,10,1,12.7311,8.21052,0
112.5,45,93,5,-125.254,6,-99.5077,8,8,10,1,12.1712,7.65063,0
112.5,45,93,5,-125.254,1,-106.131,4,4,20,0,-999,-999,0
112.5,45,93,5,-125.254,7,-127.35,2,2,10,1,12.288,7.76737,0
112.5,45,93,5,-125.254,3,-133.517,0,0,20,0,-999,-999,0
112.5,45,93,5,-125.254,2,-143.81,0,0,20,0,-999,-999,0
112.5,45,93,5,-125.254,4,-156.037,6,6,20,0,-999,-999,0
112.5,46,26,4,-129.769,6,-94.652,8,8,10,1,12.1712,7.65063,0
112.5,46,26,4,-129.769,7,-129.976,2,2,10,1,12.288,7.76737,0
112.5,46,26,4,-129.769,5,-151.613,10,10,10,1,12.7311,8.21052,0
112.5,46,26,4,-129.769,1,-152.919,4,4,20,0,-999,-999,0
112.5,46,26,4,-129.769,2,-160.667,0,0,20,0,-999,-999,0
112.5,46,26,4,-129.769,3,-167.52,0,0,20,0,-999,-999,0
112.5,47,29,4,-110.328,6,-97.546,8,8,10,1,12.1712,7.65063,0
112.5,47,29,4,-110.328,7,-123.712,2,2,10,1,12.288,7.76737,0
112.5,47,29,4,-110.328,1,-127.21,4,4,20,0,-999,-999,0
112.5,47,29,4,-110.328,2,-132.056,0,0,20,0,-999,-999,0
112.5,47,29,4,-110.328,3,-133.34,0,0,20,0,-999,-999,0
112.5,47,29,4,-110.328,5,-136.618,10,10,10,1,12.7311,8.21052,0
112.5,53,42,5,-111.577,4,-111.59,6,6,20,0,-999,-999,0
112.5,53,42,5,-111.577,6,-120.844,8,8,10,1,12.1712,7.65063,0
112.5,53,42,5,-111.577,1,-131.925,4,4,20,0,-999,-999,0
112.5,53,42,5,-111.577,7,-153.678,2,2,10,1,12.288,7.76737,0
112.5,53,42,5,-111.577,3,-168.149,0,0,20,0,-999,-999,0
112.5,53,42,5,-111.577,2,-168.583,0,0,20,0,-999,-999,0
112.5,59,14,1,-138.534,7,-110.735,2,2,10,1,12.288,7.76737,0
112.5,59,14,1,-138.534,5,-122.548,10,10,10,1,12.7311,8.21052,0
112.5,59,14,1,-138.534,4,-135.046,6,6,20,0,-999,-999,0
112.5,59,14,1,-138.534,6,-152.004,8,8,10,1,12.1712,7.65063,0
112.5,59,14,1,-138.534,3,-156.719,0,0,20,0,-999,-999,0
112.5,59,14,1,-138.534,2,-160.382,0,0,20,0,-999,-999,0
112.5,60,92,5,-137.936,6,-141.742,8,8,10,1,12.1712,7.65063,0
112.5,60,92,5,-137.936,1,-143.253,4,4,20,0,-999,-999,0
112.5,60,92,5,-137.936,4,-146.18,6,6,20,0,-999,-999,0
112.5,60,92,5,-137.936,7,-153.158,2,2,10,1,12.288,7.76737,0
112.5,60,92,5,-137.936,2,-155.279,0,0,20,0,-999,-999,0
112.5,60,92,5,-137.936,3,-158.947,0,0,20,0,-999,-999,0
112.5,63,82,5,-113.39,6,-110.156,8,8,10,1,12.1712,7.65063,0
112.5,63,82,5,-113.39,1,-149.232,4,4,20,0,-999,-999,0
112.5,63,82,5,-113.39,7,-151.601,2,2,10,1,12.288,7.76737,0
112.5,63,82,5,-113.39,3,-163.072,0,0,20,0,-999,-999,0
112.5,63,82,5,-113.39,4,-164.281,6,6,20,0,-999,-999,0
112.5,63,82,5,-113.39,2,-167.608,0,0,20,0,-999,-999,0
112.5,77,60,6,-130.573,7,-126.249,2,2,10,1,12.288,7.76737,0
112.5,77,60,6,-130.573,4,-146.553,6,6,20,0,-999,-999,0
112.5,77,60,6,-130.573,1,-147.594,4,4,20,0,-999,-999,0
112.5,77,60,6,-130.573,5,-151.367,10,10,10,1,12.7311,8.21052,0
112.5,77,60,6,-130.573,3,-170.108,0,0,20,0,-999,-999,0
112.5,77,60,6,-130.573,2,-171.892,0,0,20,0,-999,-999,0
112.5,84,74,5,-128.711,3,-136.798,0,0,20,0,-999,-999,0
112.5,84,74,5,-128.711,4,-139.108,6,6,20,0,-999,-999,0
112.5,84,74,5,-128.711,1,-142.388,4,4,20,0,-999,-999,0
112.5,84,74,5,-128.711,2,-142.947,0,0,20,0,-999,-999,0
112.5,84,74,5,-128.711,6,-146.262,8,8,10,1,12.1712,7.65063,0
112.5,84,74,5,-128.711,7,-156.817,2,2,10,1,12.288,7.76737,0
112.5,86,24,6,-124.267,1,-122.908,4,4,20,0,-999,-999,0
112.5,86,24,6,-124.267,4,-129.439,6,6,20,0,-999,-999,0
112.5,86,24,6,-124.267,7,-135.59,2,2,10,1,12.288,7.76737,0
112.5,86,24,6,-124.267,5,-148.963,10,10,10,1,12.7311,8.21052,0
112.5,86,24,6,-124.267,3,-149.928,0,0,20,0,-999,-999,0
112.5,86,24,6,-124.267,2,-153.395,0,0,20,0,-999,-999,0
112.5,90,36,4,-87.8693,7,-115.281,2,2,10,1,12.288,7.76737,0
112.5,90,36,4,-87.8693,1,-123.642,4,4,20,0,-999,-999,0
112.5,90,36,4,-87.8693,6,-126.909,8,8,10,1,12.1712,7.65063,0
112.5,90,36,4,-87.8693,2,-129.901,0,0,20,0,-999,-999,0
112.5,90,36,4,-87.8693,5,-130.846,10,10,10,1,12.7311,8.21052,0
112.5,90,36,4,-87.8693,3,-138.68,0,0,20,0,-999,-999,0
112.5,92,17,1,-101.866,5,-108.289,10,10,10,1,12.7311,8.21052,0
112.5,92,17,1,-101.866,2,-126.362,0,0,20,0,-999,-999,0
112.5,92,17,1,-101.866,7,-130.291,2,2,10,1,12.288,7.76737,0
112.5,92,17,1,-101.866,3,-132.878,0,0,20,0,-999,-999,0
112.5,92,17,1,-101.866,6,-135.984,8,8,10,1,12.1712,7.65063,0
112.5,92,17,1,-101.866,4,-142.91,6,6,20,0,-999,-999,0
112.5,97,35,4,-97.7934,2,-92.632,0,0,20,0,-999,-999,0
112.5,97,35,4,-97.7934,1,-112.613,4,4,20,0,-999,-999,0
112.5,97,35,4,-97.7934,7,-133.928,2,2,10,1,12.288,7.76737,0
112.5,97,35,4,-97.7934,3,-136.797,0,0,20,0,-999,-999,0
112.5,97,35,4,-97.7934,5,-140.097,10,10,10,1,12.7311,8.21052,0
112.5,97,35,4,-97.7934,6,-150.958,8,8,10,1,12.1712,7.65063,0
112.5,99,101,5,-110.83,1,-143.127,4,4,20,0,-999,-999,0
112.5,99,101,5,-110.83,6,-148.239,8,8,10,1,12.1712,7.65063,0
112.5,99,101,5,-110.83,7,-148.756,2,2,10,1,12.288,7.76737,0
112.5,99,101,5,-110.83,4,-156.342,6,6,20,0,-999,-999,0
112.5,99,101,5,-110.83,3,-156.633,0,0,20,0,-999,-999,0
112.5,99,101,5,-110.83,2,-166.071,0,0,20,0,-999,-999,0
112.5,100,34,4,-91.1753,7,-108.643,2,2,10,1,12.288,7.76737,0
112.5,100,34,4,-91.1753,6,-127.762,8,8,10,1,12.1712,7.65063,0
112.5,100,34,4,-91.1753,1,-135.149,4,4,20,0,-999,-999,0
112.5,100,34,4,-91.1753,2,-139.044,0,0,20,0,-999,-999,0
112.5,100,34,4,-91.1753,3,-146.428,0,0,20,0,-999,-999,0
112.5,100,34,4,-91.1753,5,-146.934,10,10,10,1,12.7311,8.21052,0
112.5,104,58,5,-124.034,4,-121.882,6,6,20,0,-999,-999,0
112.5,104,58,5,-124.034,1,-134.888,4,4,20,0,-999,-999,0
112.5,104,58,5,-124.034,6,-142.702,8,8,10,1,12.1712,7.65063,0
112.5,104,58,5,-124.034,3,-144.374,0,0,20,0,-999,-999,0
112.5,104,58,5,-124.034,2,-147.528,0,0,20,0,-999,-999,0
112.5,104,58,5,-124.034,7,-154.103,2,2,10,1,12.288,7.76737,0
114.5,11,33,6,-81.6093,4,-105.135,6,6,20,0,-999,-999,0
114.5,11,33,6,-81.6093,7,-130.125,3,3,10,1,11.9672,7.44664,0
114.5,11,33,6,-81.6093,1,-143.804,4,4,20,0,-999,-999,0
114.5,11,33,6,-81.6093,5,-148.633,10,10,10,1,15.2514,10.7308,0
114.5,11,33,6,-81.6093,2,-148.718,0,0,20,0,-999,-999,0
114.5,11,33,6,-81.6093,3,-148.768,0,0,20,0,-999,-999,0
114.5,16,24,7,-102.73,4,-137.052,6,6,20,0,-999,-999,0
114.5,16,24,7,-102.73,6,-147.936,8,8,10,1,12.6433,8.12267,0
114.5,16,24,7,-102.73,5,-149.994,10,10,10,1,15.2514,10.7308,0
114.5,16,24,7,-102.73,1,-157.688,4,4,20,0,-999,-999,0
114.5,16,24,7,-102.73,2,-167.991,0,0,20,0,-999,-999,0
114.5,16,24,7,-102.73,3,-169.62,0,0,20,0,-999,-999,0
114.5,17,50,6,-91.6962,7,-101.692,3,3,10,1,11.9672,7.44664,0
114.5,17,50,6,-91.6962,4,-125.831,6,6,20,0,-999,-999,0
114.5,17,50,6,-91.6962,1,-141.439,4,4,20,0,-999,-999,0
114.5,17,50,6,-91.6962,2,-151.479,0,0,20,0,-999,-999,0
114.5,17,50,6,-91.6962,3,-160.75,0,0,20,0,-999,-999,0
114.5,17,50,6,-91.6962,5,-169.984,10,10,10,1,15.2514,10.7308,0
114.5,19,50,5,-113.43,1,-108.081,4,4,20,0,-999,-999,0
114.5,19,50,5,-113.43,6,-132.836,8,8,10,1,12.6433,8.12267,0
114.5,19,50,5,-113.43,4,-152.393,6,6,20,0,-999,-999,0
114.5,19,50,5,-113.43,7,-158.897,3,3,10,1,11.9672,7.44664,0
114.5,19,50,5,-113.43,3,-166.756,0,0,20,0,-999,-999,0
114.5,19,50,5,-113.43,2,-168.073,0,0,20,0,-999,-999,0
114.5,20,66,5,-78.4261,7,-120.607,3,3,10,1,11.9672,7.44664,0
114.5,20,66,5,-78.4261,6,-137.626,8,8,10,1,12.6433,8.12267,0
114.5,20,66,5,-78.4261,1,-142.32,4,4,20,0,-999,-999,0
114.5,20,66,5,-78.4261,3,-149.569,0,0,20,0,-999,-999,0
114.5,20,66,5,-78.4261,4,-150.067,6,6,20,0,-999,-999,0
114.5,20,66,5,-78.4261,2,-151.317,0,0,20,0,-999,-999,0
114.5,23,10,1,-87.4057,3,-114.464,0,0,20,0,-999,-999,0
114.5,23,10,1,-87.4057,2,-122.808,0,0,20,0,-999,-999,0
114.5,23,10,1,-87.4057,4,-130.56,6,6,20,0,-999,-999,0
114.5,23,10,1,-87.4057,6,-143.984,8,8,10,1,12.6433,8.12267,0
114.5,23,10,1,-87.4057,5,-146.239,10,10,10,1,15.2514,10.7308,0
114.5,23,10,1,-87.4057,7,-152.811,3,3,10,1,11.9672,7.44664,0
114.5,24,83,5,-124.406,4,-118.003,6,6,20,0,-999,-999,0
114.5,24,83,5,-124.406,1,-125.668,4,4,20,0,-999,-999,0
114.5,24,83,5,-124.406,7,-127.163,3,3,10,1,11.9672,7.44664,0
114.5,24,83,5,-124.406,3,-140.29,0,0,20,0,-999,-999,0
114.5,24,83,5,-124.406,2,-142.628,0,0,20,0,-999,-999,0
114.5,24,83,5,-124.406,6,-144.942,8,8,10,1,12.6433,8.12267,0
114.5,25,68,6,-148.311,4,-116.4,6,6,20,0,-999,-999,0
114.5,25,68,6,-148.311,1,-117.446,4,4,20,0,-999,-999,0
114.5,25,68,6,-148.311,7,-139.133,3,3,10,1,11.9672,7.44664,0
114.5,25,68,6,-148.311,5,-164.617,10,10,10,1,15.2514,10.7308,0
114.5,25,68,6,-148.311,2,-168.209,0,0,20,0,-999,-999,0
114.5,25,68,6,-148.311,3,-175.031,0,0,20,0,-999,-999,0
114.5,27,41,6,-128.139,1,-137.198,4,4,20,0,-999,-999,0
114.5,27,41,6,-128.139,4,-138.201,6,6,20,0,-999,-999,0
114.5,27,41,6,-128.139,7,-142.219,3,3,10,1,11.9672,7.44664,0
114.5,27,41,6,-128.139,5,-143.889,10,10,10,1,15.2514,10.7308,0
114.5,27,41,6,-128.139,3,-156.849,0,0,20,0,-999,-999,0
114.5,27,41,6,-128.139,2,-160.278,0,0,20,0,-999,-999,0
114.5,32,76,6,-147.64,5,-122.832,10,10,10,1,15.2514,10.7308,0
114.5,32,76,6,-147.64,4,-140.996,6,6,20,0,-999,-999,0
114.5,32,76,6,-147.64,1,-151.542,4,4,20,0,-999,-999,0
114.5,32,76,6,-147.64,7,-157.736,3,3,10,1,11.9672,7.44664,0
114.5,32,76,6,-147.64,2,-167.248,0,0,20,0,-999,-999,0
114.5,32,76,6,-147.64,3,-167.255,0,0,20,0,-999,-999,0
114.5,33,15,1,-118.477,4,-119.545,6,6,20,0,-999,-999,0
114.5,33,15,1,-118.477,2,-126.644,0,0,20,0,-999,-999,0
114.5,33,15,1,-118.477,7,-131.603,3,3,10,1,11.9672,7.44664,0
114.5,33,15,1,-118.477,3,-134.626,0,0,20,0,-999,-999,0
114.5,33,15,1,-118.477,6,-144.337,8,8,10,1,12.6433,8.12267,0
114.5,33,15,1,-118.477,5,-149.047,10,10,10,1,15.2514,10.7308,0
114.5,34,93,6,-137.723,7,-106.625,3,3,10,1,11.9672,7.44664,0
114.5,34,93,6,-137.723,4,-145.421,6,6,20,0,-999,-999,0
114.5,34,93,6,-137.723,1,-149.669,4,4,20,0,-999,-999,0
114.5,34,93,6,-137.723,2,-164.519,0,0,20,0,-999,-999,0
114.5,34,93,6,-137.723,3,-168.506,0,0,20,0,-999,-999,0
114.5,34,93,6,-137.723,5,-171.363,10,10,10,1,15.2514,10.7308,0
114.5,41,24,4,-111.14,1,-98.5896,4,4,20,0,-999,-999,0
114.5,41,24,4,-111.14,5,-128.642,10,10,10,1,15.2514,10.7308,0
114.5,41,24,4,-111.14,7,-131.911,3,3,10,1,11.9672,7.44664,0
114.5,41,24,4,-111.14,6,-135.34,8,8,10,1,12.6433,8.12267,0
114.5,41,24,4,-111.14,2,-148.497,0,0,20,0,-999,-999,0
114.5,41,24,4,-111.14,3,-153.426,0,0,20,0,-999,-999,0
114.5,42,26,7,-132.495,6,-87.0902,8,8,10,1,12.6433,8.12267,0
114.5,42,26,7,-132.495,4,-123.627,6,6,20,0,-999,-999,0
114.5,42,26,7,-132.495,1,-136.68,4,4,20,0,-999,-999,0
114.5,42,26,7,-132.495,2,-149.849,0,0,20,0,-999,-999,0
114.5,42,26,7,-132.495,3,-155.933,0,0,20,0,-999,-999,0
114.5,42,26,7,-132.495,5,-167.393,10,10,10,1,15.2514,10.7308,0
114.5,45,93,5,-101.48,1,-120.451,4,4,20,0,-999,-999,0
114.5,45,93,5,-101.48,4,-122.324,6,6,20,0,-999,-999,0
114.5,45,93,5,-101.48,2,-136.39,0,0,20,0,-999,-999,0
114.5,45,93,5,-101.48,3,-137.459,0,0,20,0,-999,-999,0
114.5,45,93,5,-101.48,6,-137.491,8,8,10,1,12.6433,8.12267,0
114.5,45,93,5,-101.48,7,-149.197,3,3,10,1,11.9672,7.44664,0
114.5,46,26,4,-122.143,7,-112.202,3,3,10,1,11.9672,7.44664,0
114.5,46,26,4,-122.143,6,-136.253,8,8,10,1,12.6433,8.12267,0
114.5,46,26,4,-122.143,5,-141.53,10,10,10,1,15.2514,10.7308,0
114.5,46,26,4,-122.143,1,-146.987,4,4,20,0,-999,-999,0
114.5,46,26,4,-122.143,3,-162.612,0,0,20,0,-999,-999,0
114.5,46,26,4,-122.143,2,-164.234,0,0,20,0,-999,-999,0
114.5,47,29,4,-119.128,1,-98.027,4,4,20,0,-999,-999,0
114.5,47,29,4,-119.128,5,-118.049,10,10,10,1,15.2514,10.7308,0
114.5,47,29,4,-119.128,2,-131.732,0,0,20,0,-999,-999,0
114.5,47,29,4,-119.128,6,-134.73,8,8,10,1,12.6433,8.12267,0
114.5,47,29,4,-119.128,3,-138.706,0,0,20,0,-999,-999,0
114.5,47,29,4,-119.128,7,-140.232,3,3,10,1,11.9672,7.44664,0
114.5,53,42,5,-138.281,6,-108.729,8,8,10,1,12.6433,8.12267,0
114.5,53,42,5,-138.281,1,-110.012,4,4,20,0,-999,-999,0
114.5,53,42,5,-138.281,7,-132.13,3,3,10,1,11.9672,7.44664,0
114.5,53,42,5,-138.281,4,-147.789,6,6,20,0,-999,-999,0
114.5,53,42,5,-138.281,3,-162.229,0,0,20,0,-999,-999,0
114.5,53,42,5,-138.281,2,-168.872,0,0,20,0,-999,-999,0
114.5,59,14,1,-103.507,7,-110.102,3,3,10,1,11.9672,7.44664,0
114.5,59,14,1,-103.507,5,-138.117,10,10,10,1,15.2514,10.7308,0
114.5,59,14,1,-103.507,4,-145.635,6,6,20,0,-999,-999,0
114.5,59,14,1,-103.507,3,-158.102,0,0,20,0,-999,-999,0
114.5,59,14,1,-103.507,2,-160.321,0,0,20,0,-999,-999,0
114.5,59,14,1,-103.507,6,-162.864,8,8,10,1,12.6433,8.12267,0
114.5,60,92,5,-106.629,1,-135.339,4,4,20,0,-999,-999,0
114.5,60,92,5,-106.629,7,-144.69,3,3,10,1,11.9672,7.44664,0
114.5,60,92,5,-106.629,6,-149.291,8,8,10,1,12.6433,8.12267,0
114.5,60,92,5,-106.629,4,-155.34,6,6,20,0,-999,-999,0
114.5,60,92,5,-106.629,3,-160.089,0,0,20,0,-999,-999,0
114.5,60,92,5,-106.629,2,-162.04,0,0,20,0,-999,-999,0
114.5,63,82,5,-128.572,1,-140.312,4,4,20,0,-999,-999,0
114.5,63,82,5,-128.572,6,-149.675,8,8,10,1,12.6433,8.12267,0
114.5,63,82,5,-128.572,7,-152.111,3,3,10,1,11.9672,7.44664,0
114.5,63,82,5,-128.572,4,-162.609,6,6,20,0,-999,-999,0
114.5,63,82,5,-128.572,3,-162.908,0,0,20,0,-999,-999,0
114.5,63,82,5,-128.572,2,-163.296,0,0,20,0,-999,-999,0
114.5,77,60,6,-151.265,5,-112.676,10,10,10,1,15.2514,10.7308,0
114.5,77,60,6,-151.265,7,-112.772,3,3,10,1,11.9672,7.44664,0
114.5,77,60,6,-151.265,4,-119.377,6,6,20,0,-999,-999,0
114.5,77,60,6,-151.265,2,-167.157,0,0,20,0,-999,-999,0
114.5,77,60,6,-151.265,1,-169.456,4,4,20,0,-999,-999,0
114.5,77,60,6,-151.265,3,-172.739,0,0,20,0,-999,-999,0
114.5,84,74,5,-102.134,1,-120.651,4,4,20,0,-999,-999,0
114.5,84,74,5,-102.134,3,-139.973,0,0,20,0,-999,-999,0
114.5,84,74,5,-102.134,4,-141.068,6,6,20,0,-999,-999,0
114.5,84,74,5,-102.134,2,-141.605,0,0,20,0,-999,-999,0
114.5,84,74,5,-102.134,7,-147.716,3,3,10,1,11.9672,7.44664,0
114.5,84,74,5,-102.134,6,-148.629,8,8,10,1,12.6433,8.12267,0
114.5,86,24,6,-121.292,4,-126.494,6,6,20,0,-999,-999,0
114.5,86,24,6,-121.292,7,-131.229,3,3,10,1,11.9672,7.44664,0
114.5,86,24,6,-121.292,5,-149.455,10,10,10,1,15.2514,10.7308,0
114.5,86,24,6,-121.292,3,-151,0,0,20,0,-999,-999,0
114.5,86,24,6,-121.292,1,-152.012,4,4,20,0,-999,-999,0
114.5,86,24,6,-121.292,2,-157,0,0,20,0,-999,-999,0
114.5,90,36,4,-84.9808,6,-128.003,8,8,10,1,12.6433,8.12267,0
114.5,90,36,4,-84.9808,1,-128.379,4,4,20,0,-999,-999,0
114.5,90,36,4,-84.9808,5,-130.819,10,10,10,1,15.2514,10.7308,0
114.5,90,36,4,-84.9808,2,-133.102,0,0,20,0,-999,-999,0
114.5,90,36,4,-84.9808,7,-140.23,3,3,10,1,11.9672,7.44664,0
114.5,90,36,4,-84.9808,3,-140.587,0,0,20,0,-999,-999,0
114.5,92,17,1,-87.7001,3,-119.386,0,0,20,0,-999,-999,0
114.5,92,17,1,-87.7001,2,-126.587,0,0,20,0,-999,-999,0
114.5,92,17,1,-87.7001,5,-132.557,10,10,10,1,15.2514,10.7308,0
114.5,92,17,1,-87.7001,6,-134.377,8,8,10,1,12.6433,8.12267,0
114.5,92,17,1,-87.7001,7,-139.684,3,3,10,1,11.9672,7.44664,0
114.5,92,17,1,-87.7001,4,-141.072,6,6,20,0,-999,-999,0
114.5,97,35,4,-113.671,2,-114.037,0,0,20,0,-999,-999,0
114.5,97,35,4,-113.671,1,-119.002,4,4,20,0,-999,-999,0
114.5,97,35,4,-113.671,3,-129.927,0,0,20,0,-999,-999,0
114.5,97,35,4,-113.671,7,-135.681,3,3,10,1,11.9672,7.44664,0
114.5,97,35,4,-113.671,5,-136.521,10,10,10,1,15.2514,10.7308,0
114.5,97,35,4,-113.671,6,-142.244,8,8,10,1,12.6433,8.12267,0
114.5,99,101,5,-137.437,1,-112.097,4,4,20,0,-999,-999,0
114.5,99,101,5,-137.437,4,-135.048,6,6,20,0,-999,-999,0
114.5,99,101,5,-137.437,7,-151.624,3,3,10,1,11.9672,7.44664,0
114.5,99,101,5,-137.437,6,-154.946,8,8,10,1,12.6433,8.12267,0
114.5,99,101,5,-137.437,2,-159.581,0,0,20,0,-999,-999,0
114.5,99,101,5,-137.437,3,-161.264,0,0,20,0,-999,-999,0
114.5,100,34,4,-98.573,6,-91.9241,8,8,10,1,12.6433,8.12267,0
114.5,100,34,4,-98.573,7,-119.991,3,3,10,1,11.9672,7.44664,0
114.5,100,34,4,-98.573,5,-137.892,10,10,10,1,15.2514,10.7308,0
114.5,100,34,4,-98.573,2,-137.895,0,0,20,0,-999,-999,0
114.5,100,34,4,-98.573,1,-140.681,4,4,20,0,-999,-999,0
114.5,100,34,4,-98.573,3,-145.356,0,0,20,0,-999,-999,0
114.5,104,58,5,-117.33,4,-118.934,6,6,20,0,-999,-999,0
114.5,104,58,5,-117.33,1,-141.357,4,4,20,0,-999,-999,0
114.5,104,58,5,-117.33,6,-142.16,8,8,10,1,12.6433,8.12267,0
114.5,104,58,5,-117.33,3,-143.932,0,0,20,0,-999,-999,0
114.5,104,58,5,-117.33,7,-155.374,3,3,10,1,11.9672,7.44664,0
114.5,104,58,5,-117.33,2,-155.848,0,0,20,0,-999,-999,0
116.5,11,33,6,-108.384,7,-94.9147,4,4,10,1,12.7364,8.21576,0
116.5,11,33,6,-108.384,4,-103.798,6,6,20,0,-999,-999,0
116.5,11,33,6,-108.384,5,-123.601,10,10,10,1,10.787,6.26639,0
116.5,11,33,6,-108.384,3,-148.308,0,0,20,0,-999,-999,0
116.5,11,33,6,-108.384,2,-150.01,0,0,20,0,-999,-999,0
116.5,11,33,6,-108.384,1,-151.215,4,4,20,0,-999,-999,0
116.5,16,24,7,-138.142,6,-125.72,8,8,10,1,13.3224,8.80178,0
116.5,16,24,7,-138.142,1,-129.375,4,4,20,0,-999,-999,0
116.5,16,24,7,-138.142,4,-144.91,6,6,20,0,-999,-999,0
116.5,16,24,7,-138.142,5,-146.182,10,10,10,1,10.787,6.26639,0
116.5,16,24,7,-138.142,2,-165.592,0,0,20,0,-999,-999,0
116.5,16,24,7,-138.142,3,-165.86,0,0,20,0,-999,-999,0
116.5,17,50,6,-109.062,7,-101.63,4,4,10,1,12.7364,8.21576,0
116.5,17,50,6,-109.062,1,-105.041,4,4,20,0,-999,-999,0
116.5,17,50,6,-109.062,4,-134.274,6,6,20,0,-999,-999,0
116.5,17,50,6,-109.062,3,-153.12,0,0,20,0,-999,-999,0
116.5,17,50,6,-109.062,2,-159.776,0,0,20,0,-999,-999,0
116.5,17,50,6,-109.062,5,-180.683,10,10,10,1,10.787,6.26639,0
116.5,19,50,5,-140.434,7,-110.751,4,4,10,1,12.7364,8.21576,0
116.5,19,50,5,-140.434,1,-117.806,4,4,20,0,-999,-999,0
116.5,19,50,5,-140.434,4,-152.569,6,6,20,0,-999,-999,0
116.5,19,50,5,-140.434,3,-167.019,0,0,20,0,-999,-999,0
116.5,19,50,5,-140.434,6,-168.215,8,8,10,1,13.3224,8.80178,0
116.5,19,50,5,-140.434,2,-171.7,0,0,20,0,-999,-999,0
116.5,20,66,5,-108.452,4,-122.056,6,6,20,0,-999,-999,0
116.5,20,66,5,-108.452,6,-127.643,8,8,10,1,13.3224,8.80178,0
116.5,20,66,5,-108.452,1,-143.304,4,4,20,0,-999,-999,0
116.5,20,66,5,-108.452,3,-147.496,0,0,20,0,-999,-999,0
116.5,20,66,5,-108.452,2,-152.956,0,0,20,0,-999,-999,0
116.5,20,66,5,-108.452,7,-153.996,4,4,10,1,12.7364,8.21576,0
116.5,23,10,1,-123.961,7,-105.168,4,4,10,1,12.7364,8.21576,0
116.5,23,10,1,-123.961,3,-116.961,0,0,20,0,-999,-999,0
116.5,23,10,1,-123.961,4,-119.883,6,6,20,0,-999,-999,0
116.5,23,10,1,-123.961,2,-122.918,0,0,20,0,-999,-999,0
116.5,23,10,1,-123.961,5,-137.211,10,10,10,1,10.787,6.26639,0
116.5,23,10,1,-123.961,6,-145.415,8,8,10,1,13.3224,8.80178,0
116.5,24,83,5,-117.307,1,-128.055,4,4,20,0,-999,-999,0
116.5,24,83,5,-117.307,6,-140.266,8,8,10,1,13.3224,8.80178,0
116.5,24,83,5,-117.307,7,-144.593,4,4,10,1,12.7364,8.21576,0
116.5,24,83,5,-117.307,3,-147.15,0,0,20,0,-999,-999,0
116.5,24,83,5,-117.307,2,-147.278,0,0,20,0,-999,-999,0
116.5,24,83,5,-117.307,4,-151.194,6,6,20,0,-999,-999,0
116.5,25,68,6,-139.792,1,-111.119,4,4,20,0,-999,-999,0
116.5,25,68,6,-139.792,7,-138.324,4,4,10,1,12.7364,8.21576,0
116.5,25,68,6,-139.792,4,-142.062,6,6,20,0,-999,-999,0
116.5,25,68,6,-139.792,2,-166.42,0,0,20,0,-999,-999,0
116.5,25,68,6,-139.792,5,-167.588,10,10,10,1,10.787,6.26639,0
116.5,25,68,6,-139.792,3,-169.765,0,0,20,0,-999,-999,0
116.5,27,41,6,-132.455,7,-124.186,4,4,10,1,12.7364,8.21576,0
116.5,27,41,6,-132.455,3,-132.406,0,0,20,0,-999,-999,0
116.5,27,41,6,-132.455,4,-135.89,6,6,20,0,-999,-999,0
116.5,27,41,6,-132.455,5,-138.221,10,10,10,1,10.787,6.26639,0
116.5,27,41,6,-132.455,1,-150.775,4,4,20,0,-999,-999,0
116.5,27,41,6,-132.455,2,-155.7,0,0,20,0,-999,-999,0
116.5,32,76,6,-138.43,4,-107.891,6,6,20,0,-999,-999,0
116.5,32,76,6,-138.43,7,-125.948,4,4,10,1,12.7364,8.21576,0
116.5,32,76,6,-138.43,5,-148.588,10,10,10,1,10.787,6.26639,0
116.5,32,76,6,-138.43,1,-156.39,4,4,20,0,-999,-999,0
116.5,32,76,6,-138.43,2,-162.884,0,0,20,0,-999,-999,0
116.5,32,76,6,-138.43,3,-168.55,0,0,20,0,-999,-999,0
116.5,33,15,1,-112.149,4,-88.3101,6,6,20,0,-999,-999,0
116.5,33,15,1,-112.149,2,-131.013,0,0,20,0,-999,-999,0
116.5,33,15,1,-112.149,3,-134.492,0,0,20,0,-999,-999,0
116.5,33,15,1,-112.149,7,-134.686,4,4,10,1,12.7364,8.21576,0
116.5,33,15,1,-112.149,6,-145.583,8,8,10,1,13.3224,8.80178,0
116.5,33,15,1,-112.149,5,-150.296,10,10,10,1,10.787,6.26639,0
116.5,34,93,6,-139.651,4,-142.265,6,6,20,0,-999,-999,0
116.5,34,93,6,-139.651,5,-142.49,10,10,10,1,10.787,6.26639,0
116.5,34,93,6,-139.651,7,-145.203,4,4,10,1,12.7364,8.21576,0
116.5,34,93,6,-139.651,1,-148.92,4,4,20,0,-999,-999,0
116.5,34,93,6,-139.651,3,-168.364,0,0,20,0,-999,-999,0
116.5,34,93,6,-139.651,2,-172.844,0,0,20,0,-999,-999,0
116.5,40,34,7,-130.137,4,-96.4599,6,6,20,0,-999,-999,0
116.5,40,34,7,-130.137,1,-139.523,4,4,20,0,-999,-999,0
116.5,40,34,7,-130.137,6,-145.381,8,8,10,1,13.3224,8.80178,0
116.5,40,34,7,-130.137,5,-148.043,10,10,10,1,10.787,6.26639,0
116.5,40,34,7,-130.137,2,-154.797,0,0,20,0,-999,-999,0
116.5,40,34,7,-130.137,3,-160.385,0,0,20,0,-999,-999,0
116.5,41,24,4,-105.088,1,-107.26,4,4,20,0,-999,-999,0
116.5,41,24,4,-105.088,6,-133.822,8,8,10,1,13.3224,8.80178,0
116.5,41,24,4,-105.088,7,-134.46,4,4,10,1,12.7364,8.21576,0
116.5,41,24,4,-105.088,5,-146.952,10,10,10,1,10.787,6.26639,0
116.5,41,24,4,-105.088,3,-148.368,0,0,20,0,-999,-999,0
116.5,41,24,4,-105.088,2,-149.465,0,0,20,0,-999,-999,0
116.5,42,26,7,-138.242,4,-95.0387,6,6,20,0,-999,-999,0
116.5,42,26,7,-138.242,6,-128.639,8,8,10,1,13.3224,8.80178,0
116.5,42,26,7,-138.242,1,-133.394,4,4,20,0,-999,-999,0
116.5,42,26,7,-138.242,2,-150.214,0,0,20,0,-999,-999,0
116.5,42,26,7,-138.242,3,-154.13,0,0,20,0,-999,-999,0
116.5,42,26,7,-138.242,5,-168.992,10,10,10,1,10.787,6.26639,0
116.5,45,93,5,-124.532,6,-117.108,8,8,10,1,13.3224,8.80178,0
116.5,45,93,5,-124.532,1,-124.246,4,4,20,0,-999,-999,0
116.5,45,93,5,-124.532,3,-139.941,0,0,20,0,-999,-999,0
116.5,45,93,5,-124.532,2,-144.102,0,0,20,0,-999,-999,0
116.5,45,93,5,-124.532,4,-152.337,6,6,20,0,-999,-999,0
116.5,45,93,5,-124.532,7,-152.857,4,4,10,1,12.7364,8.21576,0
116.5,46,26,4,-132.921,6,-119.183,8,8,10,1,13.3224,8.80178,0
116.5,46,26,4,-132.921,5,-121.162,10,10,10,1,10.787,6.26639,0
116.5,46,26,4,-132.921,1,-141.876,4,4,20,0,-999,-999,0
116.5,46,26,4,-132.921,2,-160.695,0,0,20,0,-999,-999,0
116.5,46,26,4,-132.921,3,-163.006,0,0,20,0,-999,-999,0
116.5,46,26,4,-132.921,7,-164.838,4,4,10,1,12.7364,8.21576,0
116.5,47,29,4,-139.365,7,-106.901,4,4,10,1,12.7364,8.21576,0
116.5,47,29,4,-139.365,1,-125.852,4,4,20,0,-999,-999,0
116.5,47,29,4,-139.365,5,-133.168,10,10,10,1,10.787,6.26639,0
116.5,47,29,4,-139.365,2,-134.528,0,0,20,0,-999,-999,0
116.5,47,29,4,-139.365,3,-137.283,0,0,20,0,-999,-999,0
116.5,47,29,4,-139.365,6,-140.379,8,8,10,1,13.3224,8.80178,0
116.5,53,42,5,-136.751,4,-111.53,6,6,20,0,-999,-999,0
116.5,53,42,5,-136.751,1,-145.39,4,4,20,0,-999,-999,0
116.5,53,42,5,-136.751,6,-148.093,8,8,10,1,13.3224,8.80178,0
116.5,53,42,5,-136.751,2,-163.921,0,0,20,0,-999,-999,0
116.5,53,42,5,-136.751,7,-167.037,4,4,10,1,12.7364,8.21576,0
116.5,53,42,5,-136.751,3,-172.511,0,0,20,0,-999,-999,0
116.5,59,14,1,-142.719,5,-138.713,10,10,10,1,10.787,6.26639,0
116.5,59,14,1,-142.719,6,-145.747,8,8,10,1,13.3224,8.80178,0
116.5,59,14,1,-142.719,7,-146.381,4,4,10,1,12.7364,8.21576,0
116.5,59,14,1,-142.719,4,-155.435,6,6,20,0,-999,-999,0
116.5,59,14,1,-142.719,3,-158.064,0,0,20,0,-999,-999,0
116.5,59,14,1,-142.719,2,-160.695,0,0,20,0,-999,-999,0
116.5,60,92,5,-131.353,1,-149.472,4,4,20,0,-999,-999,0
116.5,60,92,5,-131.353,7,-151.355,4,4,10,1,12.7364,8.21576,0
116.5,60,92,5,-131.353,6,-155.171,8,8,10,1,13.3224,8.80178,0
116.5,60,92,5,-131.353,3,-156.771,0,0,20,0,-999,-999,0
116.5,60,92,5,-131.353,4,-160.847,6,6,20,0,-999,-999,0
116.5,60,92,5,-131.353,2,-164.782,0,0,20,0,-999,-999,0
116.5,63,82,5,-147.27,7,-120.887,4,4,10,1,12.7364,8.21576,0
116.5,63,82,5,-147.27,1,-123.015,4,4,20,0,-999,-999,0
116.5,63,82,5,-147.27,6,-147.937,8,8,10,1,13.3224,8.80178,0
116.5,63,82,5,-147.27,4,-157.794,6,6,20,0,-999,-999,0
116.5,63,82,5,-147.27,2,-163.38,0,0,20,0,-999,-999,0
116.5,63,82,5,-147.27,3,-164.729,0,0,20,0,-999,-999,0
116.5,77,60,6,-106.672,5,-119.41,10,10,10,1,10.787,6.26639,0
116.5,77,60,6,-106.672,7,-145.08,4,4,10,1,12.7364,8.21576,0
116.5,77,60,6,-106.672,4,-146.78,6,6,20,0,-999,-999,0
116.5,77,60,6,-106.672,1,-167.153,4,4,20,0,-999,-999,0
116.5,77,60,6,-106.672,2,-173.44,0,0,20,0,-999,-999,0
116.5,77,60,6,-106.672,3,-176.24,0,0,20,0,-999,-999,0
116.5,84,74,5,-121.591,1,-122.886,4,4,20,0,-999,-999,0
116.5,84,74,5,-121.591,4,-136.292,6,6,20,0,-999,-999,0
116.5,84,74,5,-121.591,3,-137.853,0,0,20,0,-999,-999,0
116.5,84,74,5,-121.591,6,-139.117,8,8,10,1,13.3224,8.80178,0
116.5,84,74,5,-121.591,2,-142.121,0,0,20,0,-999,-999,0
116.5,84,74,5,-121.591,7,-152.398,4,4,10,1,12.7364,8.21576,0
116.5,86,24,6,-121.916,7,-104.112,4,4,10,1,12.7364,8.21576,0
116.5,86,24,6,-121.916,4,-134.757,6,6,20,0,-999,-999,0
116.5,86,24,6,-121.916,1,-137.644,4,4,20,0,-999,-999,0
116.5,86,24,6,-121.916,5,-146.116,10,10,10,1,10.787,6.26639,0
116.5,86,24,6,-121.916,2,-152.307,0,0,20,0,-999,-999,0
116.5,86,24,6,-121.916,3,-153.576,0,0,20,0,-999,-999,0
116.5,90,36,4,-113.807,7,-96.6527,4,4,10,1,12.7364,8.21576,0
116.5,90,36,4,-113.807,1,-130.109,4,4,20,0,-999,-999,0
116.5,90,36,4,-113.807,2,-131.298,0,0,20,0,-999,-999,0
116.5,90,36,4,-113.807,6,-133.915,8,8,10,1,13.3224,8.80178,0
116.5,90,36,4,-113.807,5,-146.289,10,10,10,1,10.787,6.26639,0
116.5,90,36,4,-113.807,3,-147.043,0,0,20,0,-999,-999,0
116.5,92,17,1,-90.5869,7,-107.112,4,4,10,1,12.7364,8.21576,0
116.5,92,17,1,-90.5869,2,-126.016,0,0,20,0,-999,-999,0
116.5,92,17,1,-90.5869,5,-134.707,10,10,10,1,10.787,6.26639,0
116.5,92,17,1,-90.5869,3,-137.17,0,0,20,0,-999,-999,0
116.5,92,17,1,-90.5869,6,-137.2,8,8,10,1,13.3224,8.80178,0
116.5,92,17,1,-90.5869,4,-139.2,6,6,20,0,-999,-999,0
116.5,97,35,4,-86.1122,1,-104.907,4,4,20,0,-999,-999,0
116.5,97,35,4,-86.1122,2,-115.042,0,0,20,0,-999,-999,0
116.5,97,35,4,-86.1122,3,-132.939,0,0,20,0,-999,-999,0
116.5,97,35,4,-86.1122,7,-133.579,4,4,10,1,12.7364,8.21576,0
116.5,97,35,4,-86.1122,5,-141.547,10,10,10,1,10.787,6.26639,0
116.5,97,35,4,-86.1122,6,-141.608,8,8,10,1,13.3224,8.80178,0
116.5,99,101,5,-135.792,7,-141.11,4,4,10,1,12.7364,8.21576,0
116.5,99,101,5,-135.792,1,-146.739,4,4,20,0,-999,-999,0
116.5,99,101,5,-135.792,6,-156.757,8,8,10,1,13.3224,8.80178,0
116.5,99,101,5,-135.792,3,-157.147,0,0,20,0,-999,-999,0
116.5,99,101,5,-135.792,2,-162.778,0,0,20,0,-999,-999,0
116.5,99,101,5,-135.792,4,-163.14,6,6,20,0,-999,-999,0
116.5,100,34,4,-76.5267,5,-118.599,10,10,10,1,10.787,6.26639,0
116.5,100,34,4,-76.5267,1,-126.704,4,4,20,0,-999,-999,0
116.5,100,34,4,-76.5267,7,-133.027,4,4,10,1,12.7364,8.21576,0
116.5,100,34,4,-76.5267,6,-137.531,8,8,10,1,13.3224,8.80178,0
116.5,100,34,4,-76.5267,2,-140.926,0,0,20,0,-999,-999,0
116.5,100,34,4,-76.5267,3,-148.007,0,0,20,0,-999,-999,0
116.5,104,58,5,-115.435,1,-106.036,4,4,20,0,-999,-999,0
116.5,104,58,5,-115.435,4,-141.406,6,6,20,0,-999,-999,0
116.5,104,58,5,-115.435,3,-142.256,0,0,20,0,-999,-999,0
116.5,104,58,5,-115.435,6,-146.193,8,8,10,1,13.3224,8.80178,0
116.5,104,58,5,-115.435,2,-147.318,0,0,20,0,-999,-999,0
116.5,104,58,5,-115.435,7,-156.372,4,4,10,1,12.7364,8.21576,0
118.5,11,33,6,-80.7661,4,-109.444,6,6,20,0,-999,-999,0
118.5,11,33,6,-80.7661,1,-141.67,4,4,20,0,-999,-999,0
118.5,11,33,6,-80.7661,7,-142.548,4,4,10,1,9.88907,5.36847,0
118.5,11,33,6,-80.7661,3,-153.757,1,1,20,0,-999,-999,0
118.5,11,33,6,-80.7661,2,-155.436,0,0,20,0,-999,-999,0
118.5,11,33,6,-80.7661,5,-157.129,10,10,10,1,9.64141,5.12081,0
118.5,16,24,7,-135.282,6,-134.06,8,8,10,1,9.8952,5.3746,0
118.5,16,24,7,-135.282,1,-141.417,4,4,20,0,-999,-999,0
118.5,16,24,7,-135.282,4,-144.085,6,6,20,0,-999,-999,0
118.5,16,24,7,-135.282,5,-149.486,10,10,10,1,9.64141,5.12081,0
118.5,16,24,7,-135.282,3,-157.298,1,1,20,0,-999,-999,0
118.5,16,24,7,-135.282,2,-163.996,0,0,20,0,-999,-999,0
118.5,17,50,6,-125.816,3,-106.719,1,1,20,0,-999,-999,0
118.5,17,50,6,-125.816,4,-132.521,6,6,20,0,-999,-999,0
118.5,17,50,6,-125.816,7,-136.977,4,4,10,1,9.88907,5.36847,0
118.5,17,50,6,-125.816,1,-144.92,4,4,20,0,-999,-999,0
118.5,17,50,6,-125.816,2,-154.473,0,0,20,0,-999,-999,0
118.5,17,50,6,-125.816,5,-175.139,10,10,10,1,9.64141,5.12081,0
118.5,19,50,5,-145.21,6,-137.741,8,8,10,1,9.8952,5.3746,0
118.5,19,50,5,-145.21,3,-143.411,1,1,20,0,-999,-999,0
118.5,19,50,5,-145.21,1,-146.79,4,4,20,0,-999,-999,0
118.5,19,50,5,-145.21,7,-149.875,4,4,10,1,9.88907,5.36847,0
118.5,19,50,5,-145.21,4,-160.119,6,6,20,0,-999,-999,0
118.5,19,50,5,-145.21,2,-169.981,0,0,20,0,-999,-999,0
118.5,20,66,5,-98.8334,3,-132.054,1,1,20,0,-999,-999,0
118.5,20,66,5,-98.8334,7,-135.235,4,4,10,1,9.88907,5.36847,0
118.5,20,66,5,-98.8334,1,-139.609,4,4,20,0,-999,-999,0
118.5,20,66,5,-98.8334,6,-146.082,8,8,10,1,9.8952,5.3746,0
118.5,20,66,5,-98.8334,2,-150.969,0,0,20,0,-999,-999,0
118.5,20,66,5,-98.8334,4,-154.231,6,6,20,0,-999,-999,0
118.5,21,41,7,-140.702,6,-139.324,8,8,10,1,9.8952,5.3746,0
118.5,21,41,7,-140.702,4,-141.415,6,6,20,0,-999,-999,0
118.5,21,41,7,-140.702,1,-147.302,4,4,20,0,-999,-999,0
118.5,21,41,7,-140.702,5,-148.132,10,10,10,1,9.64141,5.12081,0
118.5,21,41,7,-140.702,3,-156.385,1,1,20,0,-999,-999,0
118.5,21,41,7,-140.702,2,-163.505,0,0,20,0,-999,-999,0
118.5,23,10,1,-120.611,3,-80.5319,1,1,20,0,-999,-999,0
118.5,23,10,1,-120.611,2,-119.3,0,0,20,0,-999,-999,0
118.5,23,10,1,-120.611,7,-124.509,4,4,10,1,9.88907,5.36847,0
118.5,23,10,1,-120.611,4,-136.502,6,6,20,0,-999,-999,0
118.5,23,10,1,-120.611,5,-141.021,10,10,10,1,9.64141,5.12081,0
118.5,23,10,1,-120.611,6,-142.849,8,8,10,1,9.8952,5.3746,0
118.5,24,83,5,-106.125,4,-116.398,6,6,20,0,-999,-999,0
118.5,24,83,5,-106.125,1,-128.35,4,4,20,0,-999,-999,0
118.5,24,83,5,-106.125,3,-131.181,1,1,20,0,-999,-999,0
118.5,24,83,5,-106.125,7,-133.318,4,4,10,1,9.88907,5.36847,0
118.5,24,83,5,-106.125,6,-146.377,8,8,10,1,9.8952,5.3746,0
118.5,24,83,5,-106.125,2,-150.38,0,0,20,0,-999,-999,0
118.5,25,68,6,-135.46,4,-122.02,6,6,20,0,-999,-999,0
118.5,25,68,6,-135.46,7,-144.331,4,4,10,1,9.88907,5.36847,0
118.5,25,68,6,-135.46,5,-147.239,10,10,10,1,9.64141,5.12081,0
118.5,25,68,6,-135.46,1,-147.386,4,4,20,0,-999,-999,0
118.5,25,68,6,-135.46,3,-149.134,1,1,20,0,-999,-999,0
118.5,25,68,6,-135.46,2,-170.88,0,0,20,0,-999,-999,0
118.5,27,41,6,-136.421,5,-129.187,10,10,10,1,9.64141,5.12081,0
118.5,27,41,6,-136.421,4,-131.805,6,6,20,0,-999,-999,0
118.5,27,41,6,-136.421,7,-131.984,4,4,10,1,9.88907,5.36847,0
118.5,27,41,6,-136.421,1,-142.096,4,4,20,0,-999,-999,0
118.5,27,41,6,-136.421,3,-142.138,1,1,20,0,-999,-999,0
118.5,27,41,6,-136.421,2,-156.864,0,0,20,0,-999,-999,0
118.5,32,76,6,-141.35,4,-126.769,6,6,20,0,-999,-999,0
118.5,32,76,6,-141.35,7,-139.811,4,4,10,1,9.88907,5.36847,0
118.5,32,76,6,-141.35,3,-145.341,1,1,20,0,-999,-999,0
118.5,32,76,6,-141.35,5,-147.815,10,10,10,1,9.64141,5.12081,0
118.5,32,76,6,-141.35,1,-152.032,4,4,20,0,-999,-999,0
118.5,32,76,6,-141.35,2,-166.385,0,0,20,0,-999,-999,0
118.5,33,15,1,-116.187,4,-103.842,6,6,20,0,-999,-999,4
118.5,33,15,1,-116.187,3,-124.501,1,1,20,0,-999,-999,4
118.5,33,15,1,-116.187,2,-127.089,0,0,20,0,-999,-999,4
118.5,33,15,1,-116.187,5,-127.51,10,10,10,1,9.64141,5.12081,4
118.5,33,15,1,-116.187,7,-136.477,4,4,10,1,9.88907,5.36847,4
118.5,33,15,1,-116.187,6,-142.769,8,8,10,1,9.8952,5.3746,4
118.5,34,93,6,-139.661,1,-126.599,4,4,20,0,-999,-999,0
118.5,34,93,6,-139.661,7,-141.383,4,4,10,1,9.88907,5.36847,0
118.5,34,93,6,-139.661,4,-142.636,6,7,20,0,-999,-999,0
118.5,34,93,6,-139.661,3,-152.149,1,1,20,0,-999,-999,0
118.5,34,93,6,-139.661,5,-154.452,10,10,10,1,9.64141,5.12081,0
118.5,34,93,6,-139.661,2,-165.566,0,0,20,0,-999,-999,0
118.5,40,34,7,-120.199,4,-112.34,6,7,20,0,-999,-999,0
118.5,40,34,7,-120.199,1,-125.34,4,4,20,0,-999,-999,0
118.5,40,34,7,-120.199,3,-139.621,1,1,20,0,-999,-999,0
118.5,40,34,7,-120.199,5,-144.343,10,10,10,1,9.64141,5.12081,0
118.5,40,34,7,-120.199,6,-145.782,8,8,10,1,9.8952,5.3746,0
118.5,40,34,7,-120.199,2,-150.892,0,0,20,0,-999,-999,0
118.5,41,24,4,-89.6614,1,-110.216,4,4,20,0,-999,-999,0
118.5,41,24,4,-89.6614,7,-122.105,4,4,10,1,9.88907,5.36847,0
118.5,41,24,4,-89.6614,3,-136.465,1,1,20,0,-999,-999,0
118.5,41,24,4,-89.6614,5,-139.182