UAV_AUTONOMY_XAPP Time=4.5 DeploymentMode=tn-uav UavIndex=0 UavCellId=5 BestDonorCellId=1 BestDonorDistanceM=143.511 XhaulConnected=1 XhaulChannelVariationDb=0 RawXhaulState=HEALTHY RawXhaulStateAgeSec=0 XhaulState=HEALTHY DonorUnavailableActive=0 SatBackhaulHealthy=0 UavSwitchingXappAvailable=0 UavSwitchingXappState=DISABLED AiPredictedBackhaulMode=RULE_BASED BackhaulMode=TN_DIRECT RicControlState=TN_E2 ActiveUavRic=LOCAL_UAV_AUTONOMY NormalUeHandoverAllowed=1 UavMode=TN_CONTROLLED_COVERAGE_EXTENSION
UAV_AUTONOMY_XAPP Time=4.5 DeploymentMode=tn-uav UavIndex=1 UavCellId=6 BestDonorCellId=1 BestDonorDistanceM=110.88 XhaulConnected=1 XhaulChannelVariationDb=0 RawXhaulState=HEALTHY RawXhaulStateAgeSec=0 XhaulState=HEALTHY DonorUnavailableActive=0 SatBackhaulHealthy=0 UavSwitchingXappAvailable=0 UavSwitchingXappState=DISABLED AiPredictedBackhaulMode=RULE_BASED BackhaulMode=TN_DIRECT RicControlState=TN_E2 ActiveUavRic=LOCAL_UAV_AUTONOMY NormalUeHandoverAllowed=1 UavMode=TN_CONTROLLED_COVERAGE_EXTENSION
UAV_AUTONOMY_XAPP Time=4.5 DeploymentMode=tn-uav UavIndex=2 UavCellId=7 BestDonorCellId=1 BestDonorDistanceM=133.08 XhaulConnected=1 XhaulChannelVariationDb=0 RawXhaulState=HEALTHY RawXhaulStateAgeSec=0 XhaulState=HEALTHY DonorUnavailableActive=0 SatBackhaulHealthy=0 UavSwitchingXappAvailable=0 UavSwitchingXappState=DISABLED AiPredictedBackhaulMode=RULE_BASED BackhaulMode=TN_DIRECT RicControlState=TN_E2 ActiveUavRic=LOCAL_UAV_AUTONOMY NormalUeHandoverAllowed=1 UavMode=TN_CONTROLLED_COVERAGE_EXTENSION
Could not find NR UE cell info for E2 Node ID = 8
Could not find NR UE cell info for E2 Node ID = 9
Could not find NR UE cell info for E2 Node ID = 10
Could not find NR UE cell info for E2 Node ID = 11
Could not find NR UE cell info for E2 Node ID = 12
Could not find NR UE cell info for E2 Node ID = 13
Could not find NR UE cell info for E2 Node ID = 14
Could not find NR UE cell info for E2 Node ID = 15
Could not find NR UE cell info for E2 Node ID = 16
Could not find NR UE cell info for E2 Node ID = 17
Could not find NR UE cell info for E2 Node ID = 18
Could not find NR UE cell info for E2 Node ID = 19
Could not find NR UE cell info for E2 Node ID = 20
Could not find NR UE cell info for E2 Node ID = 21
Could not find NR UE cell info for E2 Node ID = 22
Could not find NR UE cell info for E2 Node ID = 23
Could not find NR UE cell info for E2 Node ID = 24
Could not find NR UE cell info for E2 Node ID = 25
Could not find NR UE cell info for E2 Node ID = 26
Could not find NR UE cell info for E2 Node ID = 27
Could not find NR UE cell info for E2 Node ID = 28
Could not find NR UE cell info for E2 Node ID = 29
Could not find NR UE cell info for E2 Node ID = 30
Could not find NR UE cell info for E2 Node ID = 31
Could not find NR UE cell info for E2 Node ID = 32
Could not find NR UE cell info for E2 Node ID = 33
Could not find NR UE cell info for E2 Node ID = 34
Could not find NR UE cell info for E2 Node ID = 35
Could not find NR UE cell info for E2 Node ID = 36
Could not find NR UE cell info for E2 Node ID = 37
Could not find NR UE cell info for E2 Node ID = 38
Could not find NR UE cell info for E2 Node ID = 39
Could not find NR UE cell info for E2 Node ID = 40
Could not find NR UE cell info for E2 Node ID = 41
Could not find NR UE cell info for E2 Node ID = 42
Could not find NR UE cell info for E2 Node ID = 43
Could not find NR UE cell info for E2 Node ID = 44
Could not find NR UE cell info for E2 Node ID = 45
Could not find NR UE cell info for E2 Node ID = 46
Could not find NR UE cell info for E2 Node ID = 47
Could not find NR UE cell info for E2 Node ID = 48
Could not find NR UE cell info for E2 Node ID = 49
Could not find NR UE cell info for E2 Node ID = 50
Could not find NR UE cell info for E2 Node ID = 51
Could not find NR UE cell info for E2 Node ID = 52
Could not find NR UE cell info for E2 Node ID = 53
Could not find NR UE cell info for E2 Node ID = 54
Could not find NR UE cell info for E2 Node ID = 55
Could not find NR UE cell info for E2 Node ID = 56
Could not find NR UE cell info for E2 Node ID = 57
Could not find NR UE cell info for E2 Node ID = 58
Could not find NR UE cell info for E2 Node ID = 59
Could not find NR UE cell info for E2 Node ID = 60
Could not find NR UE cell info for E2 Node ID = 61
Could not find NR UE cell info for E2 Node ID = 62
Could not find NR UE cell info for E2 Node ID = 63
Could not find NR UE cell info for E2 Node ID = 64
Could not find NR UE cell info for E2 Node ID = 65
Could not find NR UE cell info for E2 Node ID = 66
Could not find NR UE cell info for E2 Node ID = 67
Could not find NR gNB location for E2 Node ID = 1
Could not find NR gNB location for E2 Node ID = 2
Could not find NR gNB location for E2 Node ID = 3
Could not find NR gNB location for E2 Node ID = 4
Could not find NR gNB location for E2 Node ID = 5
Could not find NR gNB location for E2 Node ID = 6
Could not find NR gNB location for E2 Node ID = 7
---- LOAD at t=4.5 ----
UAV_AUTONOMY_XAPP Time=6.5 DeploymentMode=tn-uav UavIndex=0 UavCellId=5 BestDonorCellId=1 BestDonorDistanceM=143.511 XhaulConnected=1 XhaulChannelVariationDb=0 RawXhaulState=HEALTHY RawXhaulStateAgeSec=2 XhaulState=HEALTHY DonorUnavailableActive=0 SatBackhaulHealthy=0 UavSwitchingXappAvailable=0 UavSwitchingXappState=DISABLED AiPredictedBackhaulMode=RULE_BASED BackhaulMode=TN_DIRECT RicControlState=TN_E2 ActiveUavRic=LOCAL_UAV_AUTONOMY NormalUeHandoverAllowed=1 UavMode=TN_CONTROLLED_COVERAGE_EXTENSION
UAV_AUTONOMY_XAPP Time=6.5 DeploymentMode=tn-uav UavIndex=1 UavCellId=6 BestDonorCellId=1 BestDonorDistanceM=110.88 XhaulConnected=1 XhaulChannelVariationDb=0 RawXhaulState=HEALTHY RawXhaulStateAgeSec=2 XhaulState=HEALTHY DonorUnavailableActive=0 SatBackhaulHealthy=0 UavSwitchingXappAvailable=0 UavSwitchingXappState=DISABLED AiPredictedBackhaulMode=RULE_BASED BackhaulMode=TN_DIRECT RicControlState=TN_E2 ActiveUavRic=LOCAL_UAV_AUTONOMY NormalUeHandoverAllowed=1 UavMode=TN_CONTROLLED_COVERAGE_EXTENSION
UAV_AUTONOMY_XAPP Time=6.5 DeploymentMode=tn-uav UavIndex=2 UavCellId=7 BestDonorCellId=1 BestDonorDistanceM=133.08 XhaulConnected=1 XhaulChannelVariationDb=0 RawXhaulState=HEALTHY RawXhaulStateAgeSec=2 XhaulState=HEALTHY DonorUnavailableActive=0 SatBackhaulHealthy=0 UavSwitchingXappAvailable=0 UavSwitchingXappState=DISABLED AiPredictedBackhaulMode=RULE_BASED BackhaulMode=TN_DIRECT RicControlState=TN_E2 ActiveUavRic=LOCAL_UAV_AUTONOMY NormalUeHandoverAllowed=1 UavMode=TN_CONTROLLED_COVERAGE_EXTENSION
---- LOAD at t=6.5 ----
  cell 1 (TN) load=9/20
  cell 2 (TN) load=7/20
  cell 3 (TN) load=13/20
  cell 4 (TN) load=13/20
  cell 5 (NTN) load=4/15
  cell 6 (NTN) load=9/15
  cell 7 (NTN) load=5/15
UE 11 TTT_WAIT target=1 elapsed=0s need=2s
UE 14 TTT_WAIT target=1 elapsed=0s need=2s
UE 16 TTT_WAIT target=1 elapsed=0s need=2s
UE 21 TTT_WAIT target=6 elapsed=0s need=2s
UE 22 TTT_WAIT target=4 elapsed=0s need=2s
UE 23 TTT_WAIT target=2 elapsed=0s need=2s
UE 24 TTT_WAIT target=5 elapsed=0s need=2s
UE 28 TTT_WAIT target=4 elapsed=0s need=2s
UE 33 TTT_WAIT target=3 elapsed=0s need=2s
UE 34 TTT_WAIT target=2 elapsed=0s need=2s
UE 39 TTT_WAIT target=1 elapsed=0s need=2s
UE 41 TTT_WAIT target=6 elapsed=0s need=2s
UE 43 TTT_WAIT target=1 elapsed=0s need=2s
UE 47 TTT_WAIT target=1 elapsed=0s need=2s
UE 49 TTT_WAIT target=4 elapsed=0s need=2s
UE 52 TTT_WAIT target=5 elapsed=0s need=2s
UE 53 TTT_WAIT target=1 elapsed=0s need=2s
UE 63 TTT_WAIT target=4 elapsed=0s need=2s
UE 64 TTT_WAIT target=2 elapsed=0s need=2s
UE 66 TTT_WAIT target=3 elapsed=0s need=2s
UAV_AUTONOMY_XAPP Time=8.5 DeploymentMode=tn-uav UavIndex=0 UavCellId=5 BestDonorCellId=1 BestDonorDistanceM=143.511 XhaulConnected=1 XhaulChannelVariationDb=0 RawXhaulState=HEALTHY RawXhaulStateAgeSec=4 XhaulState=HEALTHY DonorUnavailableActive=0 SatBackhaulHealthy=0 UavSwitchingXappAvailable=0 UavSwitchingXappState=DISABLED AiPredictedBackhaulMode=RULE_BASED BackhaulMode=TN_DIRECT RicControlState=TN_E2 ActiveUavRic=LOCAL_UAV_AUTONOMY NormalUeHandoverAllowed=1 UavMode=TN_CONTROLLED_COVERAGE_EXTENSION
UAV_AUTONOMY_XAPP Time=8.5 DeploymentMode=tn-uav UavIndex=1 UavCellId=6 BestDonorCellId=1 BestDonorDistanceM=110.88 XhaulConnected=1 XhaulChannelVariationDb=0 RawXhaulState=HEALTHY RawXhaulStateAgeSec=4 XhaulState=HEALTHY DonorUnavailableActive=0 SatBackhaulHealthy=0 UavSwitchingXappAvailable=0 UavSwitchingXappState=DISABLED AiPredictedBackhaulMode=RULE_BASED BackhaulMode=TN_DIRECT RicControlState=TN_E2 ActiveUavRic=LOCAL_UAV_AUTONOMY NormalUeHandoverAllowed=1 UavMode=TN_CONTROLLED_COVERAGE_EXTENSION
UAV_AUTONOMY_XAPP Time=8.5 DeploymentMode=tn-uav UavIndex=2 UavCellId=7 BestDonorCellId=1 BestDonorDistanceM=133.08 XhaulConnected=1 XhaulChannelVariationDb=0 RawXhaulState=HEALTHY RawXhaulStateAgeSec=4 XhaulState=HEALTHY DonorUnavailableActive=0 SatBackhaulHealthy=0 UavSwitchingXappAvailable=0 UavSwitchingXappState=DISABLED AiPredictedBackhaulMode=RULE_BASED BackhaulMode=TN_DIRECT RicControlState=TN_E2 ActiveUavRic=LOCAL_UAV_AUTONOMY NormalUeHandoverAllowed=1 UavMode=TN_CONTROLLED_COVERAGE_EXTENSION
---- LOAD at t=8.5 ----
  cell 1 (TN) load=10/20
  cell 2 (TN) load=10/20
  cell 3 (TN) load=13/20
  cell 4 (TN) load=14/20
  cell 5 (NTN) load=6/15
  cell 6 (NTN) load=14/15
  cell 7 (NTN) load=9/15
UE 8 TTT_WAIT target=2 elapsed=0s need=2s
LM HO UE=11 rnti=79 3->1 type=TN servingRsrp=-94.1397 targetRsrp=-82.4087 targetLoadReal=10/20 targetLoadEff=10/20
UE 15 TTT_WAIT target=1 elapsed=0s need=2s
LM HO UE=16 rnti=107 4->1 type=TN servingRsrp=-68.1353 targetRsrp=-63.8873 targetLoadReal=10/20 targetLoadEff=11/20
UE 21 TTT_WAIT target=1 elapsed=0s need=2s
UE 24 TTT_WAIT target=4 elapsed=0s need=2s
UE 27 TTT_WAIT target=5 elapsed=0s need=2s
UE 30 TTT_WAIT target=1 elapsed=0s need=2s
UE 32 TTT_WAIT target=1 elapsed=0s need=2s
UE 33 TTT_WAIT target=1 elapsed=0s need=2s
UE 34 TTT_WAIT target=1 elapsed=0s need=2s
UE 37 TTT_WAIT target=1 elapsed=0s need=2s
LM HO UE=39 rnti=111 4->1 type=TN servingRsrp=-94.1913 targetRsrp=-72.6148 targetLoadReal=10/20 targetLoadEff=12/20
UE 41 TTT_WAIT target=4 elapsed=0s need=2s
LM HO UE=47 rnti=38 7->1 type=TN servingRsrp=-81.1124 targetRsrp=-74.5338 targetLoadReal=10/20 targetLoadEff=13/20
LM HO UE=49 rnti=111 3->4 type=TN servingRsrp=-102.565 targetRsrp=-78.6504 targetLoadReal=14/20 targetLoadEff=14/20
LM HO UE=52 rnti=39 7->5 type=NTN servingRsrp=-81.101 targetRsrp=-70.6507 targetLoadReal=6/15 targetLoadEff=6/15
LM HO UE=53 rnti=47 2->1 type=TN servingRsrp=-90.957 targetRsrp=-73.6238 targetLoadReal=10/20 targetLoadEff=14/20
UE 57 TTT_WAIT target=1 elapsed=0s need=2s
UE 61 TTT_WAIT target=3 elapsed=0s need=2s
LM HO_FAIL_LOW_RSRP UE=71 currCell=7 candCell=6 candRsrp=-113.732 < min=-110
LM HO_FAIL_LOW_RSRP UE=74 currCell=5 candCell=6 candRsrp=-116.819 < min=-110
LM HO_FAIL_LOW_RSRP UE=75 currCell=2 candCell=6 candRsrp=-118.511 < min=-110
UE 76 TTT_WAIT target=3 elapsed=0s need=2s
UE 79 TTT_WAIT target=2 elapsed=0s need=2s
UE 80 TTT_WAIT target=1 elapsed=0s need=2s
LM HO_FAIL_LOW_RSRP UE=82 currCell=6 candCell=5 candRsrp=-113.242 < min=-110
UE 85 TTT_WAIT target=5 elapsed=0s need=2s
UE 86 TTT_WAIT target=3 elapsed=0s need=2s
UE 93 TTT_WAIT target=2 elapsed=0s need=2s
UE 99 TTT_WAIT target=6 elapsed=0s need=2s
UE 100 TTT_WAIT target=5 elapsed=0s need=2s
UE 103 TTT_WAIT target=1 elapsed=0s need=2s
UE 105 TTT_WAIT target=3 elapsed=0s need=2s
LM HO_FAIL_LOW_RSRP UE=106 currCell=2 candCell=7 candRsrp=-114.585 < min=-110
TRACE HO_SUCCESS Time=8.61507 IMSI=52 TargetCell=1 Type=TN TargetRSRP=-59.7304 ServingRSRP=-91.3393 BackhaulDlSnr=-999 BackhaulUlSnr=-999
TRACE HO_SUCCESS Time=8.61507 IMSI=10 TargetCell=1 Type=TN TargetRSRP=-62.3129 ServingRSRP=-72.0266 BackhaulDlSnr=-999 BackhaulUlSnr=-999
TRACE HO_SUCCESS Time=8.61507 IMSI=15 TargetCell=1 Type=TN TargetRSRP=-71.0905 ServingRSRP=-89.5165 BackhaulDlSnr=-999 BackhaulUlSnr=-999
TRACE HO_SUCCESS Time=8.61507 IMSI=38 TargetCell=1 Type=TN TargetRSRP=-65.8923 ServingRSRP=-76.9645 BackhaulDlSnr=-999 BackhaulUlSnr=-999
TRACE HO_SUCCESS Time=8.61507 IMSI=46 TargetCell=1 Type=TN TargetRSRP=-77.693 ServingRSRP=-76.4175 BackhaulDlSnr=-999 BackhaulUlSnr=-999
TRACE HO_SUCCESS Time=8.61507 IMSI=48 TargetCell=4 Type=TN TargetRSRP=-98.1861 ServingRSRP=-97.8473 BackhaulDlSnr=-999 BackhaulUlSnr=-999
TRACE HO_SUCCESS Time=8.61507 IMSI=51 TargetCell=5 Type=NTN TargetRSRP=-82.9689 ServingRSRP=-77.7597 BackhaulDlSnr=-999 BackhaulUlSnr=-999
UAV_AUTONOMY_XAPP Time=10.5 DeploymentMode=tn-uav UavIndex=0 UavCellId=5 BestDonorCellId=1 BestDonorDistanceM=143.511 XhaulConnected=1 XhaulChannelVariationDb=0 RawXhaulState=HEALTHY RawXhaulStateAgeSec=6 XhaulState=HEALTHY DonorUnavailableActive=0 SatBackhaulHealthy=0 UavSwitchingXappAvailable=0 UavSwitchingXappState=DISABLED AiPredictedBackhaulMode=RULE_BASED BackhaulMode=TN_DIRECT RicControlState=TN_E2 ActiveUavRic=LOCAL_UAV_AUTONOMY NormalUeHandoverAllowed=1 UavMode=TN_CONTROLLED_COVERAGE_EXTENSION
UAV_AUTONOMY_XAPP Time=10.5 DeploymentMode=tn-uav UavIndex=1 UavCellId=6 BestDonorCellId=1 BestDonorDistanceM=110.88 XhaulConnected=1 XhaulChannelVariationDb=0 RawXhaulState=HEALTHY RawXhaulStateAgeSec=6 XhaulState=HEALTHY DonorUnavailableActive=0 SatBackhaulHealthy=0 UavSwitchingXappAvailable=0 UavSwitchingXappState=DISABLED AiPredictedBackhaulMode=RULE_BASED BackhaulMode=TN_DIRECT RicControlState=TN_E2 ActiveUavRic=LOCAL_UAV_AUTONOMY NormalUeHandoverAllowed=1 UavMode=TN_CONTROLLED_COVERAGE_EXTENSION
UAV_AUTONOMY_XAPP Time=10.5 DeploymentMode=tn-uav UavIndex=2 UavCellId=7 BestDonorCellId=1 BestDonorDistanceM=133.08 XhaulConnected=1 XhaulChannelVariationDb=0 RawXhaulState=HEALTHY RawXhaulStateAgeSec=6 XhaulState=HEALTHY DonorUnavailableActive=0 SatBackhaulHealthy=0 UavSwitchingXappAvailable=0 UavSwitchingXappState=DISABLED AiPredictedBackhaulMode=RULE_BASED BackhaulMode=TN_DIRECT RicControlState=TN_E2 ActiveUavRic=LOCAL_UAV_AUTONOMY NormalUeHandoverAllowed=1 UavMode=TN_CONTROLLED_COVERAGE_EXTENSION
---- LOAD at t=10.5 ----
  cell 1 (TN) load=16/20
  cell 2 (TN) load=9/20
  cell 3 (TN) load=11/20
  cell 4 (TN) load=14/20
  cell 5 (NTN) load=7/15
  cell 6 (NTN) load=15/15
  cell 7 (NTN) load=8/15
UE 14 TTT_WAIT target=1 elapsed=0s need=2s
LM HO UE=15 rnti=44 2->1 type=TN servingRsrp=-80.6714 targetRsrp=-72.9083 targetLoadReal=16/20 targetLoadEff=16/20
UE 20 TTT_WAIT target=7 elapsed=0s need=2s
UE 22 TTT_WAIT target=1 elapsed=0s need=2s
LM HO UE=24 rnti=64 6->4 type=TN servingRsrp=-97.5369 targetRsrp=-91.2037 targetLoadReal=14/20 targetLoadEff=14/20
LM HO UE=34 rnti=31 5->1 type=TN servingRsrp=-107.542 targetRsrp=-88.249 targetLoadReal=16/20 targetLoadEff=17/20
UE 35 TTT_WAIT target=1 elapsed=0s need=2s
UE 37 TTT_WAIT target=3 elapsed=0s need=2s
UE 38 TTT_WAIT target=5 elapsed=0s need=2s
UE 40 TTT_WAIT target=1 elapsed=0s need=2s
UE 41 TTT_WAIT target=5 elapsed=0s need=2s
UE 44 TTT_WAIT target=2 elapsed=0s need=2s
UE 47 TTT_WAIT target=5 elapsed=0s need=2s
UE 51 TTT_WAIT target=1 elapsed=0s need=2s
UE 52 TTT_WAIT target=3 elapsed=0s need=2s
UE 59 TTT_WAIT target=2 elapsed=0s need=2s
UE 63 TTT_WAIT target=2 elapsed=0s need=2s
UE 66 TTT_WAIT target=3 elapsed=0s need=2s
UE 74 TTT_WAIT target=3 elapsed=0s need=2s
UE 75 TTT_WAIT target=1 elapsed=0s need=2s
UE 78 TTT_WAIT target=1 elapsed=0s need=2s
UE 79 TTT_WAIT target=5 elapsed=0s need=2s
LM HO UE=80 rnti=126 4->1 type=TN servingRsrp=-109.467 targetRsrp=-101.835 targetLoadReal=16/20 targetLoadEff=18/20
UE 82 TTT_WAIT target=3 elapsed=0s need=2s
UE 84 TTT_WAIT target=5 elapsed=0s need=2s
UE 86 TTT_WAIT target=4 elapsed=0s need=2s
LM HO UE=93 rnti=86 1->2 type=TN servingRsrp=-114.979 targetRsrp=-90.04 targetLoadReal=9/20 targetLoadEff=9/20
LM HO_FAIL_LOW_RSRP UE=94 currCell=1 candCell=5 candRsrp=-113.038 < min=-110
LM HO_FAIL_LOW_RSRP UE=96 currCell=7 candCell=5 candRsrp=-114.32 < min=-110
UE 98 TTT_WAIT target=3 elapsed=0s need=2s
UE 99 TTT_WAIT target=2 elapsed=0s need=2s
LM HO_FAIL_LOW_RSRP UE=106 currCell=2 candCell=3 candRsrp=-112.469 < min=-110
TRACE HO_SUCCESS Time=10.6151 IMSI=14 TargetCell=1 Type=TN TargetRSRP=-82.7282 ServingRSRP=-68.54 BackhaulDlSnr=-999 BackhaulUlSnr=-999
TRACE HO_SUCCESS Time=10.6151 IMSI=79 TargetCell=1 Type=TN TargetRSRP=-119.958 ServingRSRP=-97.7562 BackhaulDlSnr=-999 BackhaulUlSnr=-999
TRACE HO_SUCCESS Time=10.6151 IMSI=33 TargetCell=1 Type=TN TargetRSRP=-90.1271 ServingRSRP=-81.9878 BackhaulDlSnr=-999 BackhaulUlSnr=-999
TRACE HO_SUCCESS Time=10.6151 IMSI=92 TargetCell=2 Type=TN TargetRSRP=-113.062 ServingRSRP=-116.325 BackhaulDlSnr=-999 BackhaulUlSnr=-999
TRACE HO_SUCCESS Time=10.6151 IMSI=23 TargetCell=4 Type=TN TargetRSRP=-82.8383 ServingRSRP=-97.4655 BackhaulDlSnr=-999 BackhaulUlSnr=-999
UAV_AUTONOMY_XAPP Time=12.5 DeploymentMode=tn-uav UavIndex=0 UavCellId=5 BestDonorCellId=1 BestDonorDistanceM=143.511 XhaulConnected=1 XhaulChannelVariationDb=0 RawXhaulState=HEALTHY RawXhaulStateAgeSec=8 XhaulState=HEALTHY DonorUnavailableActive=0 SatBackhaulHealthy=0 UavSwitchingXappAvailable=0 UavSwitchingXappState=DISABLED AiPredictedBackhaulMode=RULE_BASED BackhaulMode=TN_DIRECT RicControlState=TN_E2 ActiveUavRic=LOCAL_UAV_AUTONOMY NormalUeHandoverAllowed=1 UavMode=TN_CONTROLLED_COVERAGE_EXTENSION
UAV_AUTONOMY_XAPP Time=12.5 DeploymentMode=tn-uav UavIndex=1 UavCellId=6 BestDonorCellId=1 BestDonorDistanceM=110.88 XhaulConnected=1 XhaulChannelVariationDb=0 RawXhaulState=HEALTHY RawXhaulStateAgeSec=8 XhaulState=HEALTHY DonorUnavailableActive=0 SatBackhaulHealthy=0 UavSwitchingXappAvailable=0 UavSwitchingXappState=DISABLED AiPredictedBackhaulMode=RULE_BASED BackhaulMode=TN_DIRECT RicControlState=TN_E2 ActiveUavRic=LOCAL_UAV_AUTONOMY NormalUeHandoverAllowed=1 UavMode=TN_CONTROLLED_COVERAGE_EXTENSION
UAV_AUTONOMY_XAPP Time=12.5 DeploymentMode=tn-uav UavIndex=2 UavCellId=7 BestDonorCellId=1 BestDonorDistanceM=133.08 XhaulConnected=1 XhaulChannelVariationDb=0 RawXhaulState=HEALTHY RawXhaulStateAgeSec=8 XhaulState=HEALTHY DonorUnavailableActive=0 SatBackhaulHealthy=0 UavSwitchingXappAvailable=0 UavSwitchingXappState=DISABLED AiPredictedBackhaulMode=RULE_BASED BackhaulMode=TN_DIRECT RicControlState=TN_E2 ActiveUavRic=LOCAL_UAV_AUTONOMY NormalUeHandoverAllowed=1 UavMode=TN_CONTROLLED_COVERAGE_EXTENSION
---- LOAD at t=12.5 ----
  cell 1 (TN) load=19/20
  cell 2 (TN) load=10/20
  cell 3 (TN) load=11/20
  cell 4 (TN) load=15/20
  cell 5 (NTN) load=7/15
  cell 6 (NTN) load=15/15
  cell 7 (NTN) load=8/15
UE 11 TTT_WAIT target=2 elapsed=0s need=2s
LM HO UE=14 rnti=43 2->1 type=TN servingRsrp=-80.4609 targetRsrp=-70.8356 targetLoadReal=19/20 targetLoadEff=19/20
UE 15 TTT_WAIT target=2 elapsed=0s need=2s
UE 22 TTT_WAIT target=2 elapsed=0s need=2s
UE 28 TTT_WAIT target=3 elapsed=0s need=2s
UE 33 TTT_WAIT target=3 elapsed=0s need=2s
UE 34 TTT_WAIT target=7 elapsed=0s need=2s
UE 41 TTT_WAIT target=4 elapsed=0s need=2s
UE 42 TTT_WAIT target=3 elapsed=0s need=2s
LM HO UE=44 rnti=75 1->2 type=TN servingRsrp=-77.5944 targetRsrp=-65.0548 targetLoadReal=10/20 targetLoadEff=10/20
LM HO UE=47 rnti=89 1->5 type=NTN servingRsrp=-78.9143 targetRsrp=-67.7432 targetLoadReal=7/15 targetLoadEff=7/15
UE 50 TTT_WAIT target=2 elapsed=0s need=2s
UE 52 TTT_WAIT target=7 elapsed=0s need=2s
LM HO UE=59 rnti=77 1->2 type=TN servingRsrp=-73.0577 targetRsrp=-68.0105 targetLoadReal=10/20 targetLoadEff=11/20
UE 60 TTT_WAIT target=3 elapsed=0s need=2s
UE 71 TTT_WAIT target=3 elapsed=0s need=2s
LM HO_FAIL_LOW_RSRP UE=75 currCell=2 candCell=7 candRsrp=-118.75 < min=-110
UE 80 TTT_WAIT target=3 elapsed=0s need=2s
UE 82 TTT_WAIT target=7 elapsed=0s need=2s
UE 85 TTT_WAIT target=2 elapsed=0s need=2s
UE 86 TTT_WAIT target=5 elapsed=0s need=2s
UE 88 TTT_WAIT target=7 elapsed=0s need=2s
LM HO_FAIL_LOW_RSRP UE=90 currCell=2 candCell=5 candRsrp=-117.808 < min=-110
LM HO_FAIL_LOW_RSRP UE=93 currCell=2 candCell=7 candRsrp=-116.148 < min=-110
LM HO_FAIL_LOW_RSRP UE=94 currCell=1 candCell=5 candRsrp=-115.079 < min=-110
LM HO_FAIL_LOW_RSRP UE=96 currCell=7 candCell=5 candRsrp=-115.445 < min=-110
UE 97 TTT_WAIT target=2 elapsed=0s need=2s
UE 103 TTT_WAIT target=2 elapsed=0s need=2s
UE 105 TTT_WAIT target=3 elapsed=0s need=2s
TRACE HO_SUCCESS Time=12.6151 IMSI=13 TargetCell=1 Type=TN TargetRSRP=-63.0816 ServingRSRP=-80.7531 BackhaulDlSnr=-999 BackhaulUlSnr=-999
TRACE HO_SUCCESS Time=12.6151 IMSI=43 TargetCell=2 Type=TN TargetRSRP=-61.4633 ServingRSRP=-77.9038 BackhaulDlSnr=-999 BackhaulUlSnr=-999
TRACE HO_SUCCESS Time=12.6151 IMSI=58 TargetCell=2 Type=TN TargetRSRP=-84.9125 ServingRSRP=-78.4467 BackhaulDlSnr=-999 BackhaulUlSnr=-999
TRACE HO_SUCCESS Time=12.6151 IMSI=46 TargetCell=5 Type=NTN TargetRSRP=-93.392 ServingRSRP=-83.7174 BackhaulDlSnr=-999 BackhaulUlSnr=-999
UAV_AUTONOMY_XAPP Time=14.5 DeploymentMode=tn-uav UavIndex=0 UavCellId=5 BestDonorCellId=1 BestDonorDistanceM=143.511 XhaulConnected=1 XhaulChannelVariationDb=0 RawXhaulState=HEALTHY RawXhaulStateAgeSec=10 XhaulState=HEALTHY DonorUnavailableActive=0 SatBackhaulHealthy=0 UavSwitchingXappAvailable=0 UavSwitchingXappState=DISABLED AiPredictedBackhaulMode=RULE_BASED BackhaulMode=TN_DIRECT RicControlState=TN_E2 ActiveUavRic=LOCAL_UAV_AUTONOMY NormalUeHandoverAllowed=1 UavMode=TN_CONTROLLED_COVERAGE_EXTENSION
UAV_AUTONOMY_XAPP Time=14.5 DeploymentMode=tn-uav UavIndex=1 UavCellId=6 BestDonorCellId=1 BestDonorDistanceM=110.88 XhaulConnected=1 XhaulChannelVariationDb=0 RawXhaulState=HEALTHY RawXhaulStateAgeSec=10 XhaulState=HEALTHY DonorUnavailableActive=0 SatBackhaulHealthy=0 UavSwitchingXappAvailable=0 UavSwitchingXappState=DISABLED AiPredictedBackhaulMode=RULE_BASED BackhaulMode=TN_DIRECT RicControlState=TN_E2 ActiveUavRic=LOCAL_UAV_AUTONOMY NormalUeHandoverAllowed=1 UavMode=TN_CONTROLLED_COVERAGE_EXTENSION
UAV_AUTONOMY_XAPP Time=14.5 DeploymentMode=tn-uav UavIndex=2 UavCellId=7 BestDonorCellId=1 BestDonorDistanceM=133.08 XhaulConnected=1 XhaulChannelVariationDb=0 RawXhaulState=HEALTHY RawXhaulStateAgeSec=10 XhaulState=HEALTHY DonorUnavailableActive=0 SatBackhaulHealthy=0 UavSwitchingXappAvailable=0 UavSwitchingXappState=DISABLED AiPredictedBackhaulMode=RULE_BASED BackhaulMode=TN_DIRECT RicControlState=TN_E2 ActiveUavRic=LOCAL_UAV_AUTONOMY NormalUeHandoverAllowed=1 UavMode=TN_CONTROLLED_COVERAGE_EXTENSION
---- LOAD at t=14.5 ----
  cell 1 (TN) load=18/20
  cell 2 (TN) load=11/20
  cell 3 (TN) load=11/20
  cell 4 (TN) load=15/20
  cell 5 (NTN) load=8/15
  cell 6 (NTN) load=15/15
  cell 7 (NTN) load=8/15
UE 13 TTT_WAIT target=4 elapsed=0s need=2s
UE 14 TTT_WAIT target=2 elapsed=0s need=2s
UE 19 TTT_WAIT target=2 elapsed=0s need=2s
UE 20 TTT_WAIT target=7 elapsed=0s need=2s
UE 21 TTT_WAIT target=1 elapsed=0s need=2s
UE 22 TTT_WAIT target=1 elapsed=0s need=2s
LM HO UE=28 rnti=66 6->3 type=TN servingRsrp=-77.374 targetRsrp=-66.7689 targetLoadReal=11/20 targetLoadEff=11/20
UE 29 TTT_WAIT target=4 elapsed=0s need=2s
UE 31 TTT_WAIT target=2 elapsed=0s need=2s
UE 34 TTT_WAIT target=2 elapsed=0s need=2s
UE 35 TTT_WAIT target=1 elapsed=0s need=2s
UE 37 TTT_WAIT target=1 elapsed=0s need=2s
UE 39 TTT_WAIT target=2 elapsed=0s need=2s
UE 40 TTT_WAIT target=1 elapsed=0s need=2s
UE 42 TTT_WAIT target=1 elapsed=0s need=2s
UE 43 TTT_WAIT target=1 elapsed=0s need=2s
UE 45 TTT_WAIT target=7 elapsed=0s need=2s
UE 46 TTT_WAIT target=2 elapsed=0s need=2s
UE 47 TTT_WAIT target=1 elapsed=0s need=2s
UE 49 TTT_WAIT target=1 elapsed=0s need=2s
UE 50 TTT_WAIT target=1 elapsed=0s need=2s
UE 52 TTT_WAIT target=1 elapsed=0s need=2s
UE 58 TTT_WAIT target=4 elapsed=0s need=2s
UE 65 TTT_WAIT target=3 elapsed=0s need=2s
LM HO UE=71 rnti=55 7->3 type=TN servingRsrp=-122.864 targetRsrp=-105.939 targetLoadReal=11/20 targetLoadEff=12/20
LM HO_FAIL_LOW_RSRP UE=74 currCell=5 candCell=7 candRsrp=-120.865 < min=-110
UE 75 TTT_WAIT target=4 elapsed=0s need=2s
LM HO_FAIL_LOW_RSRP UE=78 currCell=6 candCell=5 candRsrp=-112.529 < min=-110
LM HO_FAIL_LOW_RSRP UE=80 currCell=1 candCell=4 candRsrp=-113.909 < min=-110
UE 83 TTT_WAIT target=4 elapsed=0s need=2s
LM HO_FAIL_LOW_RSRP UE=91 currCell=1 candCell=5 candRsrp=-114.25 < min=-110
UE 93 TTT_WAIT target=7 elapsed=0s need=2s
UE 94 TTT_WAIT target=7 elapsed=0s need=2s
UE 95 TTT_WAIT target=3 elapsed=0s need=2s
UE 96 TTT_WAIT target=4 elapsed=0s need=2s
LM HO_FAIL_LOW_RSRP UE=98 currCell=4 candCell=3 candRsrp=-112.538 < min=-110
UE 99 TTT_WAIT target=1 elapsed=0s need=2s
UE 100 TTT_WAIT target=7 elapsed=0s need=2s
UE 103 TTT_WAIT target=1 elapsed=0s need=2s
UE 105 TTT_WAIT target=7 elapsed=0s need=2s
UE 106 TTT_WAIT target=1 elapsed=0s need=2s
TRACE HO_SUCCESS Time=14.6151 IMSI=27 TargetCell=3 Type=TN TargetRSRP=-81.3486 ServingRSRP=-84.0307 BackhaulDlSnr=-999 BackhaulUlSnr=-999
TRACE HO_SUCCESS Time=14.6151 IMSI=70 TargetCell=3 Type=TN TargetRSRP=-115.813 ServingRSRP=-114.515 BackhaulDlSnr=-999 BackhaulUlSnr=-999
UAV_AUTONOMY_XAPP Time=16.5 DeploymentMode=tn-uav UavIndex=0 UavCellId=5 BestDonorCellId=1 BestDonorDistanceM=143.511 XhaulConnected=1 XhaulChannelVariationDb=0 RawXhaulState=HEALTHY RawXhaulStateAgeSec=12 XhaulState=HEALTHY DonorUnavailableActive=0 SatBackhaulHealthy=0 UavSwitchingXappAvailable=0 UavSwitchingXappState=DISABLED AiPredictedBackhaulMode=RULE_BASED BackhaulMode=TN_DIRECT RicControlState=TN_E2 ActiveUavRic=LOCAL_UAV_AUTONOMY NormalUeHandoverAllowed=1 UavMode=TN_CONTROLLED_COVERAGE_EXTENSION
UAV_AUTONOMY_XAPP Time=16.5 DeploymentMode=tn-uav UavIndex=1 UavCellId=6 BestDonorCellId=1 BestDonorDistanceM=110.88 XhaulConnected=1 XhaulChannelVariationDb=0 RawXhaulState=HEALTHY RawXhaulStateAgeSec=12 XhaulState=HEALTHY DonorUnavailableActive=0 SatBackhaulHealthy=0 UavSwitchingXappAvailable=0 UavSwitchingXappState=DISABLED AiPredictedBackhaulMode=RULE_BASED BackhaulMode=TN_DIRECT RicControlState=TN_E2 ActiveUavRic=LOCAL_UAV_AUTONOMY NormalUeHandoverAllowed=1 UavMode=TN_CONTROLLED_COVERAGE_EXTENSION
UAV_AUTONOMY_XAPP Time=16.5 DeploymentMode=tn-uav UavIndex=2 UavCellId=7 BestDonorCellId=1 BestDonorDistanceM=133.08 XhaulConnected=1 XhaulChannelVariationDb=0 RawXhaulState=HEALTHY RawXhaulStateAgeSec=12 XhaulState=HEALTHY DonorUnavailableActive=0 SatBackhaulHealthy=0 UavSwitchingXappAvailable=0 UavSwitchingXappState=DISABLED AiPredictedBackhaulMode=RULE_BASED BackhaulMode=TN_DIRECT RicControlState=TN_E2 ActiveUavRic=LOCAL_UAV_AUTONOMY NormalUeHandoverAllowed=1 UavMode=TN_CONTROLLED_COVERAGE_EXTENSION
---- LOAD at t=16.5 ----
  cell 1 (TN) load=18/20
  cell 2 (TN) load=12/20
  cell 3 (TN) load=14/20
  cell 4 (TN) load=16/20
  cell 5 (NTN) load=8/15
  cell 6 (NTN) load=14/15
  cell 7 (NTN) load=7/15
UE 10 TTT_WAIT target=4 elapsed=0s need=2s
UE 11 TTT_WAIT target=2 elapsed=0s need=2s
UE 12 TTT_WAIT target=3 elapsed=0s need=2s
LM HO UE=14 rnti=111 1->2 type=TN servingRsrp=-71.2967 targetRsrp=-62.215 targetLoadReal=12/20 targetLoadEff=12/20
UE 18 TTT_WAIT target=1 elapsed=0s need=2s
UE 20 TTT_WAIT target=1 elapsed=0s need=2s
LM HO UE=21 rnti=30 5->1 type=TN servingRsrp=-98.662 targetRsrp=-57.7977 targetLoadReal=18/20 targetLoadEff=18/20
LM HO UE=22 rnti=91 3->1 type=TN servingRsrp=-68.3059 targetRsrp=-63.1141 targetLoadReal=18/20 targetLoadEff=19/20
UE 24 TTT_WAIT target=6 elapsed=0s need=2s
UE 31 TTT_WAIT target=4 elapsed=0s need=2s
UE 33 TTT_WAIT target=3 elapsed=0s need=2s
LM HO UE=34 rnti=101 1->2 type=TN servingRsrp=-101.981 targetRsrp=-87.2692 targetLoadReal=12/20 targetLoadEff=13/20
UE 35 TTT_WAIT target=7 elapsed=0s need=2s
UE 38 TTT_WAIT target=5 elapsed=0s need=2s
UE 42 TTT_WAIT target=3 elapsed=0s need=2s
UE 50 TTT_WAIT target=4 elapsed=0s need=2s
UE 53 TTT_WAIT target=2 elapsed=0s need=2s
LM HO UE=58 rnti=96 3->4 type=TN servingRsrp=-68.4563 targetRsrp=-58.6096 targetLoadReal=16/20 targetLoadEff=16/20
UE 61 TTT_WAIT target=3 elapsed=0s need=2s
UE 63 TTT_WAIT target=2 elapsed=0s need=2s
UE 64 TTT_WAIT target=4 elapsed=0s need=2s
UE 67 TTT_WAIT target=3 elapsed=0s need=2s
LM HO_FAIL_LOW_RSRP UE=69 currCell=2 candCell=7 candRsrp=-118.139 < min=-110
LM HO_FAIL_LOW_RSRP UE=71 currCell=3 candCell=7 candRsrp=-117.736 < min=-110
UE 72 TTT_WAIT target=2 elapsed=0s need=2s
UE 74 TTT_WAIT target=2 elapsed=0s need=2s
LM HO_FAIL_LOW_RSRP UE=75 currCell=2 candCell=5 candRsrp=-120.109 < min=-110
LM HO_FAIL_LOW_RSRP UE=76 currCell=5 candCell=7 candRsrp=-111.606 < min=-110
UE 79 TTT_WAIT target=7 elapsed=0s need=2s
UE 82 TTT_WAIT target=7 elapsed=0s need=2s
UE 84 TTT_WAIT target=3 elapsed=0s need=2s
UE 85 TTT_WAIT target=5 elapsed=0s need=2s
LM HO_FAIL_LOW_RSRP UE=89 currCell=3 candCell=7 candRsrp=-116.084 < min=-110
UE 90 TTT_WAIT target=6 elapsed=0s need=2s
LM HO_FAIL_LOW_RSRP UE=91 currCell=1 candCell=7 candRsrp=-114.496 < min=-110
UE 93 TTT_WAIT target=4 elapsed=0s need=2s
LM HO_FAIL_LOW_RSRP UE=94 currCell=1 candCell=2 candRsrp=-114.897 < min=-110
LM HO UE=95 rnti=144 4->3 type=TN servingRsrp=-113.645 targetRsrp=-87.026 targetLoadReal=14/20 targetLoadEff=14/20
LM HO_FAIL_LOW_RSRP UE=96 currCell=7 candCell=6 candRsrp=-113.676 < min=-110
LM HO_FAIL_LOW_RSRP UE=97 currCell=1 candCell=5 candRsrp=-116.699 < min=-110
UE 98 TTT_WAIT target=5 elapsed=0s need=2s
UE 99 TTT_WAIT target=2 elapsed=0s need=2s
LM HO UE=100 rnti=109 6->7 type=NTN servingRsrp=-114.889 targetRsrp=-90.343 targetLoadReal=7/15 targetLoadEff=7/15
LM HO_FAIL_LOW_RSRP UE=105 currCell=2 candCell=5 candRsrp=-115.982 < min=-110
LM HO_FAIL_LOW_RSRP UE=106 currCell=2 candCell=5 candRsrp=-115.906 < min=-110
TRACE HO_SUCCESS Time=16.6151 IMSI=21 TargetCell=1 Type=TN TargetRSRP=-62.021 ServingRSRP=-65.5808 BackhaulDlSnr=-999 BackhaulUlSnr=-999
TRACE HO_SUCCESS Time=16.6151 IMSI=20 TargetCell=1 Type=TN TargetRSRP=-56.9537 ServingRSRP=-65.6868 BackhaulDlSnr=-999 BackhaulUlSnr=-999
TRACE HO_SUCCESS Time=16.6151 IMSI=33 TargetCell=2 Type=TN TargetRSRP=-93.7747 ServingRSRP=-97.4023 BackhaulDlSnr=-999 BackhaulUlSnr=-999
TRACE HO_SUCCESS Time=16.6151 IMSI=13 TargetCell=2 Type=TN TargetRSRP=-57.2857 ServingRSRP=-69.0788 BackhaulDlSnr=-999 BackhaulUlSnr=-999
TRACE HO_SUCCESS Time=16.6151 IMSI=94 TargetCell=3 Type=TN TargetRSRP=-114.593 ServingRSRP=-114.8 BackhaulDlSnr=-999 BackhaulUlSnr=-999
TRACE HO_SUCCESS Time=16.6151 IMSI=57 TargetCell=4 Type=TN TargetRSRP=-59.5054 ServingRSRP=-83.7991 BackhaulDlSnr=-999 BackhaulUlSnr=-999
TRACE HO_SUCCESS Time=16.6151 IMSI=99 TargetCell=7 Type=NTN TargetRSRP=-114.566 ServingRSRP=-84.6186 BackhaulDlSnr=-999 BackhaulUlSnr=-999
UAV_AUTONOMY_XAPP Time=18.5 DeploymentMode=tn-uav UavIndex=0 UavCellId=5 BestDonorCellId=1 BestDonorDistanceM=145.14 XhaulConnected=1 XhaulChannelVariationDb=0 RawXhaulState=HEALTHY RawXhaulStateAgeSec=14 XhaulState=HEALTHY DonorUnavailableActive=0 SatBackhaulHealthy=0 UavSwitchingXappAvailable=0 UavSwitchingXappState=DISABLED AiPredictedBackhaulMode=RULE_BASED BackhaulMode=TN_DIRECT RicControlState=TN_E2 ActiveUavRic=LOCAL_UAV_AUTONOMY NormalUeHandoverAllowed=1 UavMode=TN_CONTROLLED_COVERAGE_EXTENSION
UAV_AUTONOMY_XAPP Time=18.5 DeploymentMode=tn-uav UavIndex=1 UavCellId=6 BestDonorCellId=1 BestDonorDistanceM=114.739 XhaulConnected=1 XhaulChannelVariationDb=0 RawXhaulState=HEALTHY RawXhaulStateAgeSec=14 XhaulState=HEALTHY DonorUnavailableActive=0 SatBackhaulHealthy=0 UavSwitchingXappAvailable=0 UavSwitchingXappState=DISABLED AiPredictedBackhaulMode=RULE_BASED BackhaulMode=TN_DIRECT RicControlState=TN_E2 ActiveUavRic=LOCAL_UAV_AUTONOMY NormalUeHandoverAllowed=1 UavMode=TN_CONTROLLED_COVERAGE_EXTENSION
UAV_AUTONOMY_XAPP Time=18.5 DeploymentMode=tn-uav UavIndex=2 UavCellId=7 BestDonorCellId=1 BestDonorDistanceM=133.08 XhaulConnected=1 XhaulChannelVariationDb=0 RawXhaulState=HEALTHY RawXhaulStateAgeSec=14 XhaulState=HEALTHY DonorUnavailableActive=0 SatBackhaulHealthy=0 UavSwitchingXappAvailable=0 UavSwitchingXappState=DISABLED AiPredictedBackhaulMode=RULE_BASED BackhaulMode=TN_DIRECT RicControlState=TN_E2 ActiveUavRic=LOCAL_UAV_AUTONOMY NormalUeHandoverAllowed=1 UavMode=TN_CONTROLLED_COVERAGE_EXTENSION
---- LOAD at t=18.5 ----
  cell 1 (TN) load=18/20
  cell 2 (TN) load=14/20
  cell 3 (TN) load=13/20
  cell 4 (TN) load=16/20
  cell 5 (NTN) load=7/15
  cell 6 (NTN) load=13/15
  cell 7 (NTN) load=9/15
UE 12 TTT_WAIT target=2 elapsed=0s need=2s
UE 17 TTT_WAIT target=1 elapsed=0s need=2s
UE 20 TTT_WAIT target=7 elapsed=0s need=2s
UE 28 TTT_WAIT target=6 elapsed=0s need=2s
UE 29 TTT_WAIT target=4 elapsed=0s need=2s
LM HO UE=31 rnti=67 6->4 type=TN servingRsrp=-92.0091 targetRsrp=-81.9516 targetLoadReal=16/20 targetLoadEff=16/20
UE 32 TTT_WAIT target=3 elapsed=0s need=2s
UE 34 TTT_WAIT target=7 elapsed=0s need=2s
UE 35 TTT_WAIT target=1 elapsed=0s need=2s
UE 42 TTT_WAIT target=1 elapsed=0s need=2s
UE 46 TTT_WAIT target=3 elapsed=0s need=2s
UE 54 TTT_WAIT target=5 elapsed=0s need=2s
UE 59 TTT_WAIT target=4 elapsed=0s need=2s
UE 62 TTT_WAIT target=1 elapsed=0s need=2s
UE 63 TTT_WAIT target=1 elapsed=0s need=2s
LM HO UE=64 rnti=97 3->4 type=TN servingRsrp=-86.3862 targetRsrp=-71.0363 targetLoadReal=16/20 targetLoadEff=17/20
UE 66 TTT_WAIT target=3 elapsed=0s need=2s
UE 67 TTT_WAIT target=2 elapsed=0s need=2s
LM HO_FAIL_LOW_RSRP UE=69 currCell=2 candCell=6 candRsrp=-117.899 < min=-110
UE 72 TTT_WAIT target=5 elapsed=0s need=2s
UE 74 TTT_WAIT target=3 elapsed=0s need=2s
LM HO_FAIL_LOW_RSRP UE=75 currCell=2 candCell=6 candRsrp=-110.35 < min=-110
UE 79 TTT_WAIT target=2 elapsed=0s need=2s
UE 80 TTT_WAIT target=3 elapsed=0s need=2s
LM HO UE=82 rnti=108 6->7 type=NTN servingRsrp=-110.383 targetRsrp=-89.0344 targetLoadReal=9/15 targetLoadEff=9/15
UE 86 TTT_WAIT target=7 elapsed=0s need=2s
UE 88 TTT_WAIT target=3 elapsed=0s need=2s
LM HO_FAIL_LOW_RSRP UE=89 currCell=3 candCell=4 candRsrp=-113.41 < min=-110
UE 90 TTT_WAIT target=4 elapsed=0s need=2s
UE 91 TTT_WAIT target=5 elapsed=0s need=2s
LM HO_FAIL_LOW_RSRP UE=93 currCell=2 candCell=6 candRsrp=-113.575 < min=-110
UE 94 TTT_WAIT target=2 elapsed=0s need=2s
LM HO_FAIL_LOW_RSRP UE=95 currCell=3 candCell=6 candRsrp=-118.553 < min=-110
UE 96 TTT_WAIT target=3 elapsed=0s need=2s
LM HO_FAIL_LOW_RSRP UE=97 currCell=1 candCell=2 candRsrp=-113.21 < min=-110
UE 98 TTT_WAIT target=1 elapsed=0s need=2s
LM HO_FAIL_LOW_RSRP UE=99 currCell=7 candCell=6 candRsrp=-114.469 < min=-110
LM HO_FAIL_LOW_RSRP UE=103 currCell=7 candCell=5 candRsrp=-112.722 < min=-110
LM HO_FAIL_LOW_RSRP UE=105 currCell=2 candCell=6 candRsrp=-115.692 < min=-110
UE 106 TTT_WAIT target=4 elapsed=0s need=2s
TRACE HO_SUCCESS Time=18.6151 IMSI=63 TargetCell=4 Type=TN TargetRSRP=-72.733 ServingRSRP=-85.5257 BackhaulDlSnr=-999 BackhaulUlSnr=-999
TRACE HO_SUCCESS Time=18.6151 IMSI=30 TargetCell=4 Type=TN TargetRSRP=-98.2957 ServingRSRP=-80.6082 BackhaulDlSnr=-999 BackhaulUlSnr=-999
TRACE HO_SUCCESS Time=18.6151 IMSI=81 TargetCell=7 Type=NTN TargetRSRP=-113.893 ServingRSRP=-113.073 BackhaulDlSnr=-999 BackhaulUlSnr=-999
UAV_AUTONOMY_XAPP Time=20.5 DeploymentMode=tn-uav UavIndex=0 UavCellId=5 BestDonorCellId=1 BestDonorDistanceM=154.847 XhaulConnected=1 XhaulChannelVariationDb=0 RawXhaulState=HEALTHY RawXhaulStateAgeSec=16 XhaulState=HEALTHY DonorUnavailableActive=0 SatBackhaulHealthy=0 UavSwitchingXappAvailable=0 UavSwitchingXappState=DISABLED AiPredictedBackhaulMode=RULE_BASED BackhaulMode=TN_DIRECT RicControlState=TN_E2 ActiveUavRic=LOCAL_UAV_AUTONOMY NormalUeHandoverAllowed=1 UavMode=TN_CONTROLLED_COVERAGE_EXTENSION
UAV_AUTONOMY_XAPP Time=20.5 DeploymentMode=tn-uav UavIndex=1 UavCellId=6 BestDonorCellId=3 BestDonorDistanceM=127.203 XhaulConnected=1 XhaulChannelVariationDb=0 RawXhaulState=HEALTHY RawXhaulStateAgeSec=16 XhaulState=HEALTHY DonorUnavailableActive=0 SatBackhaulHealthy=0 UavSwitchingXappAvailable=0 UavSwitchingXappState=DISABLED AiPredictedBackhaulMode=RULE_BASED BackhaulMode=TN_DIRECT RicControlState=TN_E2 ActiveUavRic=LOCAL_UAV_AUTONOMY NormalUeHandoverAllowed=1 UavMode=TN_CONTROLLED_COVERAGE_EXTENSION
UAV_AUTONOMY_XAPP Time=20.5 DeploymentMode=tn-uav UavIndex=2 UavCellId=7 BestDonorCellId=1 BestDonorDistanceM=125.021 XhaulConnected=1 XhaulChannelVariationDb=0 RawXhaulState=HEALTHY RawXhaulStateAgeSec=16 XhaulState=HEALTHY DonorUnavailableActive=0 SatBackhaulHealthy=0 UavSwitchingXappAvailable=0 UavSwitchingXappState=DISABLED AiPredictedBackhaulMode=RULE_BASED BackhaulMode=TN_DIRECT RicControlState=TN_E2 ActiveUavRic=LOCAL_UAV_AUTONOMY NormalUeHandoverAllowed=1 UavMode=TN_CONTROLLED_COVERAGE_EXTENSION
---- LOAD at t=20.5 ----
  cell 1 (TN) load=18/20
  cell 2 (TN) load=14/20
  cell 3 (TN) load=12/20
  cell 4 (TN) load=18/20
  cell 5 (NTN) load=7/15
  cell 6 (NTN) load=11/15
  cell 7 (NTN) load=11/15
UE 8 TTT_WAIT target=2 elapsed=0s need=2s
UE 9 TTT_WAIT target=2 elapsed=0s need=2s
UE 10 TTT_WAIT target=4 elapsed=0s need=2s
UE 11 TTT_WAIT target=4 elapsed=0s need=2s
LM HO UE=12 rnti=106 4->2 type=TN servingRsrp=-98.1815 targetRsrp=-69.1288 targetLoadReal=14/20 targetLoadEff=14/20
UE 16 TTT_WAIT target=5 elapsed=0s need=2s
UE 17 TTT_WAIT target=2 elapsed=0s need=2s
LM HO UE=20 rnti=29 5->7 type=NTN servingRsrp=-98.8825 targetRsrp=-71.0924 targetLoadReal=11/15 targetLoadEff=11/15
UE 21 TTT_WAIT target=2 elapsed=0s need=2s
UE 25 TTT_WAIT target=4 elapsed=0s need=2s
UE 31 TTT_WAIT target=1 elapsed=0s need=2s
LM HO UE=32 rnti=46 2->3 type=TN servingRsrp=-91.7472 targetRsrp=-70.105 targetLoadReal=12/20 targetLoadEff=12/20
UE 33 TTT_WAIT target=1 elapsed=0s need=2s
LM HO UE=35 rnti=32 5->1 type=TN servingRsrp=-96.091 targetRsrp=-52.6118 targetLoadReal=18/20 targetLoadEff=18/20
LM HO UE=42 rnti=112 4->1 type=TN servingRsrp=-99.3187 targetRsrp=-68.0971 targetLoadReal=18/20 targetLoadEff=19/20
UE 45 TTT_WAIT target=2 elapsed=0s need=2s
UE 46 TTT_WAIT target=4 elapsed=0s need=2s
UE 47 TTT_WAIT target=4 elapsed=0s need=2s
UE 49 TTT_WAIT target=3 elapsed=0s need=2s
UE 50 TTT_WAIT target=2 elapsed=0s need=2s
UE 52 TTT_WAIT target=7 elapsed=0s need=2s
UE 53 TTT_WAIT target=2 elapsed=0s need=2s
UE 55 TTT_WAIT target=4 elapsed=0s need=2s
UE 63 TTT_WAIT target=2 elapsed=0s need=2s
UE 65 TTT_WAIT target=3 elapsed=0s need=2s
LM HO UE=66 rnti=118 4->3 type=TN servingRsrp=-97.0125 targetRsrp=-74.6255 targetLoadReal=12/20 targetLoadEff=13/20
LM HO_FAIL_LOW_RSRP UE=69 currCell=2 candCell=6 candRsrp=-118.128 < min=-110
UE 70 TTT_WAIT target=4 elapsed=0s need=2s
UE 71 TTT_WAIT target=4 elapsed=0s need=2s
LM HO_FAIL_LOW_RSRP UE=72 currCell=4 candCell=2 candRsrp=-113.093 < min=-110
LM HO_FAIL_LOW_RSRP UE=73 currCell=7 candCell=5 candRsrp=-112.747 < min=-110
UE 74 TTT_WAIT target=2 elapsed=0s need=2s
LM HO_FAIL_LOW_RSRP UE=75 currCell=2 candCell=6 candRsrp=-117.89 < min=-110
LM HO_FAIL_LOW_RSRP UE=78 currCell=6 candCell=7 candRsrp=-114.228 < min=-110
LM HO_FAIL_LOW_RSRP UE=79 currCell=6 candCell=5 candRsrp=-113.417 < min=-110
UE 80 TTT_WAIT target=4 elapsed=0s need=2s
UE 83 TTT_WAIT target=4 elapsed=0s need=2s
LM HO_FAIL_LOW_RSRP UE=88 currCell=6 candCell=7 candRsrp=-110.964 < min=-110
UE 89 TTT_WAIT target=2 elapsed=0s need=2s
LM HO_FAIL_LOW_RSRP UE=91 currCell=1 candCell=6 candRsrp=-115.681 < min=-110
LM HO_FAIL_LOW_RSRP UE=93 currCell=2 candCell=6 candRsrp=-116.218 < min=-110
UE 94 TTT_WAIT target=3 elapsed=0s need=2s
LM HO_FAIL_LOW_RSRP UE=95 currCell=3 candCell=6 candRsrp=-115.922 < min=-110
UE 96 TTT_WAIT target=2 elapsed=0s need=2s
UE 97 TTT_WAIT target=2 elapsed=0s need=2s
UE 100 TTT_WAIT target=2 elapsed=0s need=2s
UE 103 TTT_WAIT target=4 elapsed=0s need=2s
TRACE HO_SUCCESS Time=20.6151 IMSI=41 TargetCell=1 Type=TN TargetRSRP=-99.5941 ServingRSRP=-84.5399 BackhaulDlSnr=-999 BackhaulUlSnr=-999
TRACE HO_SUCCESS Time=20.6151 IMSI=34 TargetCell=1 Type=TN TargetRSRP=-53.3367 ServingRSRP=-78.7973 BackhaulDlSnr=-999 BackhaulUlSnr=-999
TRACE HO_SUCCESS Time=20.6151 IMSI=11 TargetCell=2 Type=TN TargetRSRP=-64.1761 ServingRSRP=-82.339 BackhaulDlSnr=-999 BackhaulUlSnr=-999
TRACE HO_SUCCESS Time=20.6151 IMSI=31 TargetCell=3 Type=TN TargetRSRP=-94.953 ServingRSRP=-79.5536 BackhaulDlSnr=-999 BackhaulUlSnr=-999
TRACE HO_SUCCESS Time=20.6151 IMSI=65 TargetCell=3 Type=TN TargetRSRP=-101.766 ServingRSRP=-88.3743 BackhaulDlSnr=-999 BackhaulUlSnr=-999
TRACE HO_SUCCESS Time=20.6151 IMSI=19 TargetCell=7 Type=NTN TargetRSRP=-101.654 ServingRSRP=-82.1843 BackhaulDlSnr=-999 BackhaulUlSnr=-999
UAV_AUTONOMY_XAPP Time=22.5 DeploymentMode=tn-uav UavIndex=0 UavCellId=5 BestDonorCellId=1 BestDonorDistanceM=171.204 XhaulConnected=1 XhaulChannelVariationDb=0 RawXhaulState=HEALTHY RawXhaulStateAgeSec=18 XhaulState=HEALTHY DonorUnavailableActive=0 SatBackhaulHealthy=0 UavSwitchingXappAvailable=0 UavSwitchingXappState=DISABLED AiPredictedBackhaulMode=RULE_BASED BackhaulMode=TN_DIRECT RicControlState=TN_E2 ActiveUavRic=LOCAL_UAV_AUTONOMY NormalUeHandoverAllowed=1 UavMode=TN_CONTROLLED_COVERAGE_EXTENSION
UAV_AUTONOMY_XAPP Time=22.5 DeploymentMode=tn-uav UavIndex=1 UavCellId=6 BestDonorCellId=3 BestDonorDistanceM=124.76 XhaulConnected=1 XhaulChannelVariationDb=0 RawXhaulState=HEALTHY RawXhaulStateAgeSec=18 XhaulState=HEALTHY DonorUnavailableActive=0 SatBackhaulHealthy=0 UavSwitchingXappAvailable=0 UavSwitchingXappState=DISABLED AiPredictedBackhaulMode=RULE_BASED BackhaulMode=TN_DIRECT RicControlState=TN_E2 ActiveUavRic=LOCAL_UAV_AUTONOMY NormalUeHandoverAllowed=1 UavMode=TN_CONTROLLED_COVERAGE_EXTENSION
UAV_AUTONOMY_XAPP Time=22.5 DeploymentMode=tn-uav UavIndex=2 UavCellId=7 BestDonorCellId=1 BestDonorDistanceM=111.905 XhaulConnected=1 XhaulChannelVariationDb=0 RawXhaulState=HEALTHY RawXhaulStateAgeSec=18 XhaulState=HEALTHY DonorUnavailableActive=0 SatBackhaulHealthy=0 UavSwitchingXappAvailable=0 UavSwitchingXappState=DISABLED AiPredictedBackhaulMode=RULE_BASED BackhaulMode=TN_DIRECT RicControlState=TN_E2 ActiveUavRic=LOCAL_UAV_AUTONOMY NormalUeHandoverAllowed=1 UavMode=TN_CONTROLLED_COVERAGE_EXTENSION
---- LOAD at t=22.5 ----
  cell 1 (TN) load=20/20
  cell 2 (TN) load=14/20
  cell 3 (TN) load=15/20
  cell 4 (TN) load=15/20
  cell 5 (NTN) load=5/15
  cell 6 (NTN) load=11/15
  cell 7 (NTN) load=14/15
UE 8 TTT_WAIT target=3 elapsed=0s need=2s
LM HO UE=10 rnti=78 3->4 type=TN servingRsrp=-91.5598 targetRsrp=-70.4 targetLoadReal=15/20 targetLoadEff=15/20
UE 11 TTT_WAIT target=7 elapsed=0s need=2s
UE 16 TTT_WAIT target=7 elapsed=0s need=2s
LM HO UE=17 rnti=90 3->2 type=TN servingRsrp=-93.0516 targetRsrp=-65.5398 targetLoadReal=14/20 targetLoadEff=14/20
UE 25 TTT_WAIT target=2 elapsed=0s need=2s
UE 27 TTT_WAIT target=4 elapsed=0s need=2s
UE 29 TTT_WAIT target=4 elapsed=0s need=2s
UE 31 TTT_WAIT target=3 elapsed=0s need=2s
UE 32 TTT_WAIT target=2 elapsed=0s need=2s
UE 33 TTT_WAIT target=3 elapsed=0s need=2s
UE 34 TTT_WAIT target=5 elapsed=0s need=2s
UE 40 TTT_WAIT target=5 elapsed=0s need=2s
UE 41 TTT_WAIT target=4 elapsed=0s need=2s
UE 42 TTT_WAIT target=3 elapsed=0s need=2s
UE 46 TTT_WAIT target=3 elapsed=0s need=2s
LM HO UE=47 rnti=58 5->4 type=TN servingRsrp=-98.6521 targetRsrp=-92.7143 targetLoadReal=15/20 targetLoadEff=16/20
LM HO UE=49 rnti=127 4->3 type=TN servingRsrp=-97.3231 targetRsrp=-69.9388 targetLoadReal=15/20 targetLoadEff=15/20
UE 50 TTT_WAIT target=4 elapsed=0s need=2s
UE 52 TTT_WAIT target=2 elapsed=0s need=2s
UE 53 TTT_WAIT target=7 elapsed=0s need=2s
LM HO UE=55 rnti=94 3->4 type=TN servingRsrp=-62.8971 targetRsrp=-55.0758 targetLoadReal=15/20 targetLoadEff=17/20
UE 57 TTT_WAIT target=2 elapsed=0s need=2s
UE 61 TTT_WAIT target=3 elapsed=0s need=2s
LM HO UE=63 rnti=112 3->2 type=TN servingRsrp=-102.235 targetRsrp=-69.2823 targetLoadReal=14/20 targetLoadEff=15/20
UE 64 TTT_WAIT target=3 elapsed=0s need=2s
LM HO UE=65 rnti=116 4->3 type=TN servingRsrp=-91.3146 targetRsrp=-64.3015 targetLoadReal=15/20 targetLoadEff=16/20
LM HO_FAIL_LOW_RSRP UE=69 currCell=2 candCell=7 candRsrp=-115.64 < min=-110
UE 70 TTT_WAIT target=2 elapsed=0s need=2s
LM HO_FAIL_LOW_RSRP UE=72 currCell=4 candCell=2 candRsrp=-115.561 < min=-110
UE 73 TTT_WAIT target=5 elapsed=0s need=2s
LM HO UE=74 rnti=47 5->2 type=TN servingRsrp=-117.963 targetRsrp=-86.098 targetLoadReal=14/20 targetLoadEff=16/20
LM HO_FAIL_LOW_RSRP UE=75 currCell=2 candCell=5 candRsrp=-119.064 < min=-110
LM HO_FAIL_LOW_RSRP UE=79 currCell=6 candCell=7 candRsrp=-112.101 < min=-110
LM HO_FAIL_LOW_RSRP UE=82 currCell=7 candCell=5 candRsrp=-114.257 < min=-110
UE 83 TTT_WAIT target=3 elapsed=0s need=2s
UE 86 TTT_WAIT target=2 elapsed=0s need=2s
UE 88 TTT_WAIT target=5 elapsed=0s need=2s
LM HO UE=89 rnti=123 3->2 type=TN servingRsrp=-108.071 targetRsrp=-84.6862 targetLoadReal=14/20 targetLoadEff=17/20
LM HO_FAIL_LOW_RSRP UE=91 currCell=1 candCell=6 candRsrp=-116.098 < min=-110
UE 92 TTT_WAIT target=6 elapsed=0s need=2s
LM HO_FAIL_LOW_RSRP UE=93 currCell=2 candCell=6 candRsrp=-112.092 < min=-110
LM HO_FAIL_LOW_RSRP UE=94 currCell=1 candCell=2 candRsrp=-113.279 < min=-110
UE 95 TTT_WAIT target=4 elapsed=0s need=2s
UE 96 TTT_WAIT target=3 elapsed=0s need=2s
UE 97 TTT_WAIT target=4 elapsed=0s need=2s
UE 98 TTT_WAIT target=2 elapsed=0s need=2s
LM HO_FAIL_LOW_RSRP UE=99 currCell=7 candCell=6 candRsrp=-113.609 < min=-110
LM HO_FAIL_LOW_RSRP UE=105 currCell=2 candCell=7 candRsrp=-119.849 < min=-110
UE 106 TTT_WAIT target=5 elapsed=0s need=2s
TRACE HO_SUCCESS Time=22.6151 IMSI=16 TargetCell=2 Type=TN TargetRSRP=-62.4169 ServingRSRP=-78.693 BackhaulDlSnr=-999 BackhaulUlSnr=-999
TRACE HO_SUCCESS Time=22.6151 IMSI=62 TargetCell=2 Type=TN TargetRSRP=-79.1691 ServingRSRP=-78.2115 BackhaulDlSnr=-999 BackhaulUlSnr=-999
TRACE HO_SUCCESS Time=22.6151 IMSI=88 TargetCell=2 Type=TN TargetRSRP=-121.019 ServingRSRP=-95.9266 BackhaulDlSnr=-999 BackhaulUlSnr=-999
TRACE HO_SUCCESS Time=22.6151 IMSI=73 TargetCell=2 Type=TN TargetRSRP=-121.963 ServingRSRP=-114.828 BackhaulDlSnr=-999 BackhaulUlSnr=-999
TRACE HO_SUCCESS Time=22.6151 IMSI=48 TargetCell=3 Type=TN TargetRSRP=-102.609 ServingRSRP=-91.8929 BackhaulDlSnr=-999 BackhaulUlSnr=-999
TRACE HO_SUCCESS Time=22.6151 IMSI=64 TargetCell=3 Type=TN TargetRSRP=-63.7735 ServingRSRP=-86.0762 BackhaulDlSnr=-999 BackhaulUlSnr=-999
TRACE HO_SUCCESS Time=22.6151 IMSI=9 TargetCell=4 Type=TN TargetRSRP=-85.3405 ServingRSRP=-64.517 BackhaulDlSnr=-999 BackhaulUlSnr=-999
TRACE HO_SUCCESS Time=22.6151 IMSI=54 TargetCell=4 Type=TN TargetRSRP=-56.9083 ServingRSRP=-86.1632 BackhaulDlSnr=-999 BackhaulUlSnr=-999
TRACE HO_SUCCESS Time=22.6151 IMSI=46 TargetCell=4 Type=TN TargetRSRP=-93.6552 ServingRSRP=-78.8447 BackhaulDlSnr=-999 BackhaulUlSnr=-999
UAV_AUTONOMY_XAPP Time=24.5 DeploymentMode=tn-uav UavIndex=0 UavCellId=5 BestDonorCellId=1 BestDonorDistanceM=190.935 XhaulConnected=1 XhaulChannelVariationDb=0 RawXhaulState=HEALTHY RawXhaulStateAgeSec=20 XhaulState=HEALTHY DonorUnavailableActive=0 SatBackhaulHealthy=0 UavSwitchingXappAvailable=0 UavSwitchingXappState=DISABLED AiPredictedBackhaulMode=RULE_BASED BackhaulMode=TN_DIRECT RicControlState=TN_E2 ActiveUavRic=LOCAL_UAV_AUTONOMY NormalUeHandoverAllowed=1 UavMode=TN_CONTROLLED_COVERAGE_EXTENSION
UAV_AUTONOMY_XAPP Time=24.5 DeploymentMode=tn-uav UavIndex=1 UavCellId=6 BestDonorCellId=1 BestDonorDistanceM=141.655 XhaulConnected=1 XhaulChannelVariationDb=0 RawXhaulState=HEALTHY RawXhaulStateAgeSec=20 XhaulState=HEALTHY DonorUnavailableActive=0 SatBackhaulHealthy=0 UavSwitchingXappAvailable=0 UavSwitchingXappState=DISABLED AiPredictedBackhaulMode=RULE_BASED BackhaulMode=TN_DIRECT RicControlState=TN_E2 ActiveUavRic=LOCAL_UAV_AUTONOMY NormalUeHandoverAllowed=1 UavMode=TN_CONTROLLED_COVERAGE_EXTENSION
UAV_AUTONOMY_XAPP Time=24.5 DeploymentMode=tn-uav UavIndex=2 UavCellId=7 BestDonorCellId=1 BestDonorDistanceM=109.627 XhaulConnected=1 XhaulChannelVariationDb=0 RawXhaulState=HEALTHY RawXhaulStateAgeSec=20 XhaulState=HEALTHY DonorUnavailableActive=0 SatBackhaulHealthy=0 UavSwitchingXappAvailable=0 UavSwitchingXappState=DISABLED AiPredictedBackhaulMode=RULE_BASED BackhaulMode=TN_DIRECT RicControlState=TN_E2 ActiveUavRic=LOCAL_UAV_AUTONOMY NormalUeHandoverAllowed=1 UavMode=TN_CONTROLLED_COVERAGE_EXTENSION
---- LOAD at t=24.5 ----
  cell 1 (TN) load=20/20
  cell 2 (TN) load=18/20
  cell 3 (TN) load=12/20
  cell 4 (TN) load=16/20
  cell 5 (NTN) load=3/15
  cell 6 (NTN) load=11/15
  cell 7 (NTN) load=14/15
LM HO UE=8 rnti=105 4->3 type=TN servingRsrp=-95.8713 targetRsrp=-71.882 targetLoadReal=12/20 targetLoadEff=12/20
UE 9 TTT_WAIT target=2 elapsed=0s need=2s
UE 11 TTT_WAIT target=3 elapsed=0s need=2s
UE 16 TTT_WAIT target=2 elapsed=0s need=2s
UE 19 TTT_WAIT target=4 elapsed=0s need=2s
UE 20 TTT_WAIT target=5 elapsed=0s need=2s
UE 24 TTT_WAIT target=3 elapsed=0s need=2s
UE 25 TTT_WAIT target=3 elapsed=0s need=2s
LM HO UE=27 rnti=65 6->4 type=TN servingRsrp=-95.3894 targetRsrp=-90.2508 targetLoadReal=16/20 targetLoadEff=16/20
UE 28 TTT_WAIT target=6 elapsed=0s need=2s
UE 30 TTT_WAIT target=6 elapsed=0s need=2s
UE 31 TTT_WAIT target=2 elapsed=0s need=2s
LM HO UE=33 rnti=109 4->3 type=TN servingRsrp=-95.0869 targetRsrp=-71.4333 targetLoadReal=12/20 targetLoadEff=13/20
LM HO UE=34 rnti=101 2->5 type=NTN servingRsrp=-100.811 targetRsrp=-86.996 targetLoadReal=3/15 targetLoadEff=3/15
UE 38 TTT_WAIT target=5 elapsed=0s need=2s
UE 40 TTT_WAIT target=2 elapsed=0s need=2s
LM HO UE=41 rnti=37 7->4 type=TN servingRsrp=-82.4174 targetRsrp=-56.9073 targetLoadReal=16/20 targetLoadEff=17/20
LM HO UE=42 rnti=123 1->3 type=TN servingRsrp=-98.3777 targetRsrp=-75.7246 targetLoadReal=12/20 targetLoadEff=14/20
UE 43 TTT_WAIT target=2 elapsed=0s need=2s
UE 46 TTT_WAIT target=4 elapsed=0s need=2s
UE 47 TTT_WAIT target=7 elapsed=0s need=2s
UE 48 TTT_WAIT target=3 elapsed=0s need=2s
UE 49 TTT_WAIT target=2 elapsed=0s need=2s
UE 50 TTT_WAIT target=2 elapsed=0s need=2s
UE 51 TTT_WAIT target=3 elapsed=0s need=2s
UE 52 TTT_WAIT target=4 elapsed=0s need=2s
UE 57 TTT_WAIT target=7 elapsed=0s need=2s
UE 59 TTT_WAIT target=4 elapsed=0s need=2s
UE 63 TTT_WAIT target=3 elapsed=0s need=2s
LM HO UE=64 rnti=155 4->3 type=TN servingRsrp=-83.8569 targetRsrp=-63.1064 targetLoadReal=12/20 targetLoadEff=15/20
UE 66 TTT_WAIT target=4 elapsed=0s need=2s
UE 69 TTT_WAIT target=5 elapsed=0s need=2s
LM HO_FAIL_LOW_RSRP UE=70 currCell=7 candCell=5 candRsrp=-111.052 < min=-110
LM HO_FAIL_LOW_RSRP UE=71 currCell=3 candCell=6 candRsrp=-115.028 < min=-110
UE 72 TTT_WAIT target=2 elapsed=0s need=2s
LM HO UE=73 rnti=98 7->5 type=NTN servingRsrp=-112.558 targetRsrp=-107.022 targetLoadReal=3/15 targetLoadEff=4/15
LM HO_FAIL_LOW_RSRP UE=74 currCell=2 candCell=3 candRsrp=-112.389 < min=-110
UE 76 TTT_WAIT target=3 elapsed=0s need=2s
LM HO_FAIL_LOW_RSRP UE=80 currCell=1 candCell=3 candRsrp=-112.053 < min=-110
UE 83 TTT_WAIT target=6 elapsed=0s need=2s
UE 84 TTT_WAIT target=7 elapsed=0s need=2s
UE 85 TTT_WAIT target=6 elapsed=0s need=2s
UE 86 TTT_WAIT target=5 elapsed=0s need=2s
UE 88 TTT_WAIT target=7 elapsed=0s need=2s
LM HO_FAIL_LOW_RSRP UE=89 currCell=2 candCell=3 candRsrp=-111.512 < min=-110
UE 90 TTT_WAIT target=7 elapsed=0s need=2s
LM HO_FAIL_LOW_RSRP UE=91 currCell=1 candCell=7 candRsrp=-114.659 < min=-110
UE 92 TTT_WAIT target=2 elapsed=0s need=2s
UE 93 TTT_WAIT target=6 elapsed=0s need=2s
LM HO_FAIL_LOW_RSRP UE=94 currCell=1 candCell=5 candRsrp=-118.02 < min=-110
UE 95 TTT_WAIT target=7 elapsed=0s need=2s
LM HO_FAIL_LOW_RSRP UE=97 currCell=1 candCell=5 candRsrp=-115.528 < min=-110
UE 98 TTT_WAIT target=5 elapsed=0s need=2s
LM HO_FAIL_LOW_RSRP UE=99 currCell=7 candCell=6 candRsrp=-115.293 < min=-110
UE 102 TTT_WAIT target=5 elapsed=0s need=2s
UE 103 TTT_WAIT target=5 elapsed=0s need=2s
LM HO_FAIL_LOW_RSRP UE=105 currCell=2 candCell=6 candRsrp=-110.969 < min=-110
LM HO UE=106 rnti=80 2->5 type=NTN servingRsrp=-114.582 targetRsrp=-89.6562 targetLoadReal=3/15 targetLoadEff=5/15
TRACE HO_SUCCESS Time=24.6151 IMSI=41 TargetCell=3 Type=TN TargetRSRP=-86.1726 ServingRSRP=-69.4403 BackhaulDlSnr=-999 BackhaulUlSnr=-999
TRACE HO_SUCCESS Time=24.6151 IMSI=63 TargetCell=3 Type=TN TargetRSRP=-90.0215 ServingRSRP=-63.5825 BackhaulDlSnr=-999 BackhaulUlSnr=-999
TRACE HO_SUCCESS Time=24.6151 IMSI=7 TargetCell=3 Type=TN TargetRSRP=-81.2649 ServingRSRP=-68.0678 BackhaulDlSnr=-999 BackhaulUlSnr=-999
TRACE HO_SUCCESS Time=24.6151 IMSI=32 TargetCell=3 Type=TN TargetRSRP=-91.8823 ServingRSRP=-92.9145 BackhaulDlSnr=-999 BackhaulUlSnr=-999
TRACE HO_SUCCESS Time=24.6151 IMSI=26 TargetCell=4 Type=TN TargetRSRP=-94.5625 ServingRSRP=-87.5611 BackhaulDlSnr=-999 BackhaulUlSnr=-999
TRACE HO_SUCCESS Time=24.6151 IMSI=40 TargetCell=4 Type=TN TargetRSRP=-59.8446 ServingRSRP=-67.0058 BackhaulDlSnr=-999 BackhaulUlSnr=-999
TRACE HO_SUCCESS Time=24.6151 IMSI=33 TargetCell=5 Type=NTN TargetRSRP=-100.641 ServingRSRP=-89.7579 BackhaulDlSnr=-999 BackhaulUlSnr=-999
TRACE HO_SUCCESS Time=24.6151 IMSI=105 TargetCell=5 Type=NTN TargetRSRP=-112.73 ServingRSRP=-91.8514 BackhaulDlSnr=-999 BackhaulUlSnr=-999
TRACE HO_SUCCESS Time=24.6151 IMSI=72 TargetCell=5 Type=NTN TargetRSRP=-109.326 ServingRSRP=-114.022 BackhaulDlSnr=-999 BackhaulUlSnr=-999
UAV_AUTONOMY_XAPP Time=26.5 DeploymentMode=tn-uav UavIndex=0 UavCellId=5 BestDonorCellId=1 BestDonorDistanceM=213.219 XhaulConnected=1 XhaulChannelVariationDb=0 RawXhaulState=HEALTHY RawXhaulStateAgeSec=22 XhaulState=HEALTHY DonorUnavailableActive=0 SatBackhaulHealthy=0 UavSwitchingXappAvailable=0 UavSwitchingXappState=DISABLED AiPredictedBackhaulMode=RULE_BASED BackhaulMode=TN_DIRECT RicControlState=TN_E2 ActiveUavRic=LOCAL_UAV_AUTONOMY NormalUeHandoverAllowed=1 UavMode=TN_CONTROLLED_COVERAGE_EXTENSION
UAV_AUTONOMY_XAPP Time=26.5 DeploymentMode=tn-uav UavIndex=1 UavCellId=6 BestDonorCellId=2 BestDonorDistanceM=133.442 XhaulConnected=1 XhaulChannelVariationDb=0 RawXhaulState=HEALTHY RawXhaulStateAgeSec=22 XhaulState=HEALTHY DonorUnavailableActive=0 SatBackhaulHealthy=0 UavSwitchingXappAvailable=0 UavSwitchingXappState=DISABLED AiPredictedBackhaulMode=RULE_BASED BackhaulMode=TN_DIRECT RicControlState=TN_E2 ActiveUavRic=LOCAL_UAV_AUTONOMY NormalUeHandoverAllowed=1 UavMode=TN_CONTROLLED_COVERAGE_EXTENSION
UAV_AUTONOMY_XAPP Time=26.5 DeploymentMode=tn-uav UavIndex=2 UavCellId=7 BestDonorCellId=1 BestDonorDistanceM=113.168 XhaulConnected=1 XhaulChannelVariationDb=0 RawXhaulState=HEALTHY RawXhaulStateAgeSec=22 XhaulState=HEALTHY DonorUnavailableActive=0 SatBackhaulHealthy=0 UavSwitchingXappAvailable=0 UavSwitchingXappState=DISABLED AiPredictedBackhaulMode=RULE_BASED BackhaulMode=TN_DIRECT RicControlState=TN_E2 ActiveUavRic=LOCAL_UAV_AUTONOMY NormalUeHandoverAllowed=1 UavMode=TN_CONTROLLED_COVERAGE_EXTENSION
---- LOAD at t=26.5 ----
  cell 1 (TN) load=19/20
  cell 2 (TN) load=16/20
  cell 3 (TN) load=16/20
  cell 4 (TN) load=15/20
  cell 5 (NTN) load=6/15
  cell 6 (NTN) load=10/15
  cell 7 (NTN) load=12/15
UE 8 TTT_WAIT target=4 elapsed=0s need=2s
UE 10 TTT_WAIT target=3 elapsed=0s need=2s
UE 11 TTT_WAIT target=2 elapsed=0s need=2s
UE 12 TTT_WAIT target=1 elapsed=0s need=2s
UE 16 TTT_WAIT target=3 elapsed=0s need=2s
UE 18 TTT_WAIT target=1 elapsed=0s need=2s
LM HO UE=20 rnti=99 7->5 type=NTN servingRsrp=-100.615 targetRsrp=-68.3067 targetLoadReal=6/15 targetLoadEff=6/15
UE 21 TTT_WAIT target=2 elapsed=0s need=2s
UE 23 TTT_WAIT target=2 elapsed=0s need=2s
LM HO UE=28 rnti=114 3->6 type=NTN servingRsrp=-86.2738 targetRsrp=-71.14 targetLoadReal=10/15 targetLoadEff=10/15
UE 29 TTT_WAIT target=7 elapsed=0s need=2s
UE 31 TTT_WAIT target=1 elapsed=0s need=2s
UE 33 TTT_WAIT target=4 elapsed=0s need=2s
UE 34 TTT_WAIT target=2 elapsed=0s need=2s
UE 37 TTT_WAIT target=1 elapsed=0s need=2s
UE 38 TTT_WAIT target=4 elapsed=0s need=2s
UE 40 TTT_WAIT target=1 elapsed=0s need=2s
UE 41 TTT_WAIT target=3 elapsed=0s need=2s
UE 42 TTT_WAIT target=2 elapsed=0s need=2s
UE 43 TTT_WAIT target=1 elapsed=0s need=2s
UE 44 TTT_WAIT target=1 elapsed=0s need=2s
UE 45 TTT_WAIT target=1 elapsed=0s need=2s
UE 47 TTT_WAIT target=1 elapsed=0s need=2s
LM HO UE=48 rnti=113 4->3 type=TN servingRsrp=-89.6042 targetRsrp=-68.942 targetLoadReal=16/20 targetLoadEff=16/20
UE 49 TTT_WAIT target=1 elapsed=0s need=2s
UE 50 TTT_WAIT target=1 elapsed=0s need=2s
UE 51 TTT_WAIT target=1 elapsed=0s need=2s
UE 52 TTT_WAIT target=1 elapsed=0s need=2s
UE 53 TTT_WAIT target=2 elapsed=0s need=2s
UE 54 TTT_WAIT target=5 elapsed=0s need=2s
UE 57 TTT_WAIT target=1 elapsed=0s need=2s
UE 61 TTT_WAIT target=1 elapsed=0s need=2s
UE 62 TTT_WAIT target=1 elapsed=0s need=2s
LM HO UE=66 rnti=126 3->4 type=TN servingRsrp=-103.234 targetRsrp=-99.2804 targetLoadReal=15/20 targetLoadEff=15/20
LM HO_FAIL_LOW_RSRP UE=69 currCell=2 candCell=6 candRsrp=-110.083 < min=-110
LM HO_FAIL_LOW_RSRP UE=71 currCell=3 candCell=6 candRsrp=-114.651 < min=-110
UE 73 TTT_WAIT target=2 elapsed=0s need=2s
LM HO_FAIL_LOW_RSRP UE=74 currCell=2 candCell=3 candRsrp=-113.419 < min=-110
LM HO_FAIL_LOW_RSRP UE=75 currCell=2 candCell=6 candRsrp=-116.463 < min=-110
LM HO_FAIL_LOW_RSRP UE=79 currCell=6 candCell=5 candRsrp=-111.609 < min=-110
UE 80 TTT_WAIT target=4 elapsed=0s need=2s
LM HO_FAIL_LOW_RSRP UE=83 currCell=5 candCell=6 candRsrp=-111.564 < min=-110
UE 85 TTT_WAIT target=5 elapsed=0s need=2s
UE 88 TTT_WAIT target=2 elapsed=0s need=2s
LM HO_FAIL_LOW_RSRP UE=89 currCell=2 candCell=3 candRsrp=-110.539 < min=-110
LM HO_FAIL_LOW_RSRP UE=90 currCell=2 candCell=7 candRsrp=-116.653 < min=-110
LM HO_FAIL_LOW_RSRP UE=91 currCell=1 candCell=5 candRsrp=-110.31 < min=-110
LM HO_FAIL_LOW_RSRP UE=92 currCell=3 candCell=7 candRsrp=-118.259 < min=-110
UE 94 TTT_WAIT target=3 elapsed=0s need=2s
UE 95 TTT_WAIT target=4 elapsed=0s need=2s
UE 96 TTT_WAIT target=5 elapsed=0s need=2s
LM HO_FAIL_LOW_RSRP UE=99 currCell=7 candCell=6 candRsrp=-112.31 < min=-110
UE 100 TTT_WAIT target=5 elapsed=0s need=2s
LM HO_FAIL_LOW_RSRP UE=102 currCell=7 candCell=6 candRsrp=-116.208 < min=-110
LM HO UE=103 rnti=72 7->5 type=NTN servingRsrp=-113.995 targetRsrp=-109.931 targetLoadReal=6/15 targetLoadEff=7/15
LM HO_FAIL_LOW_RSRP UE=104 currCell=7 candCell=6 candRsrp=-114.393 < min=-110
LM HO_FAIL_LOW_RSRP UE=105 currCell=2 candCell=7 candRsrp=-116.64 < min=-110
UE 106 TTT_WAIT target=1 elapsed=0s need=2s
TRACE HO_SUCCESS Time=26.6151 IMSI=47 TargetCell=3 Type=TN TargetRSRP=-66.449 ServingRSRP=-91.0674 BackhaulDlSnr=-999 BackhaulUlSnr=-999
TRACE HO_SUCCESS Time=26.6151 IMSI=65 TargetCell=4 Type=TN TargetRSRP=-98.7685 ServingRSRP=-69.3199 BackhaulDlSnr=-999 BackhaulUlSnr=-999
TRACE HO_SUCCESS Time=26.6151 IMSI=19 TargetCell=5 Type=NTN TargetRSRP=-100.406 ServingRSRP=-104.497 BackhaulDlSnr=-999 BackhaulUlSnr=-999
TRACE HO_SUCCESS Time=26.6151 IMSI=102 TargetCell=5 Type=NTN TargetRSRP=-111.628 ServingRSRP=-97.2351 BackhaulDlSnr=-999 BackhaulUlSnr=-999
TRACE HO_SUCCESS Time=26.6151 IMSI=27 TargetCell=6 Type=NTN TargetRSRP=-104.07 ServingRSRP=-85.3274 BackhaulDlSnr=-999 BackhaulUlSnr=-999
UAV_AUTONOMY_XAPP Time=28.5 DeploymentMode=tn-uav UavIndex=0 UavCellId=5 BestDonorCellId=1 BestDonorDistanceM=213.348 XhaulConnected=1 XhaulChannelVariationDb=0 RawXhaulState=HEALTHY RawXhaulStateAgeSec=24 XhaulState=HEALTHY DonorUnavailableActive=0 SatBackhaulHealthy=0 UavSwitchingXappAvailable=0 UavSwitchingXappState=DISABLED AiPredictedBackhaulMode=RULE_BASED BackhaulMode=TN_DIRECT RicControlState=TN_E2 ActiveUavRic=LOCAL_UAV_AUTONOMY NormalUeHandoverAllowed=1 UavMode=TN_CONTROLLED_COVERAGE_EXTENSION
UAV_AUTONOMY_XAPP Time=28.5 DeploymentMode=tn-uav UavIndex=1 UavCellId=6 BestDonorCellId=2 BestDonorDistanceM=149.136 XhaulConnected=1 XhaulChannelVariationDb=0 RawXhaulState=HEALTHY RawXhaulStateAgeSec=24 XhaulState=HEALTHY DonorUnavailableActive=0 SatBackhaulHealthy=0 UavSwitchingXappAvailable=0 UavSwitchingXappState=DISABLED AiPredictedBackhaulMode=RULE_BASED BackhaulMode=TN_DIRECT RicControlState=TN_E2 ActiveUavRic=LOCAL_UAV_AUTONOMY NormalUeHandoverAllowed=1 UavMode=TN_CONTROLLED_COVERAGE_EXTENSION
UAV_AUTONOMY_XAPP Time=28.5 DeploymentMode=tn-uav UavIndex=2 UavCellId=7 BestDonorCellId=1 BestDonorDistanceM=124.426 XhaulConnected=1 XhaulChannelVariationDb=0 RawXhaulState=HEALTHY RawXhaulStateAgeSec=24 XhaulState=HEALTHY DonorUnavailableActive=0 SatBackhaulHealthy=0 UavSwitchingXappAvailable=0 UavSwitchingXappState=DISABLED AiPredictedBackhaulMode=RULE_BASED BackhaulMode=TN_DIRECT RicControlState=TN_E2 ActiveUavRic=LOCAL_UAV_AUTONOMY NormalUeHandoverAllowed=1 UavMode=TN_CONTROLLED_COVERAGE_EXTENSION
---- LOAD at t=28.5 ----
  cell 1 (TN) load=19/20
  cell 2 (TN) load=16/20
  cell 3 (TN) load=15/20
  cell 4 (TN) load=16/20
  cell 5 (NTN) load=8/15
  cell 6 (NTN) load=11/15
  cell 7 (NTN) load=10/15
LM HO UE=8 rnti=137 3->4 type=TN servingRsrp=-99.6855 targetRsrp=-74.6342 targetLoadReal=16/20 targetLoadEff=16/20
LM HO UE=10 rnti=156 4->3 type=TN servingRsrp=-97.6441 targetRsrp=-92.2531 targetLoadReal=15/20 targetLoadEff=15/20
UE 12 TTT_WAIT target=3 elapsed=0s need=2s
UE 16 TTT_WAIT target=4 elapsed=0s need=2s
UE 19 TTT_WAIT target=4 elapsed=0s need=2s
UE 20 TTT_WAIT target=1 elapsed=0s need=2s
LM HO UE=21 rnti=120 1->2 type=TN servingRsrp=-87.1777 targetRsrp=-63.7904 targetLoadReal=16/20 targetLoadEff=16/20
UE 24 TTT_WAIT target=6 elapsed=0s need=2s
UE 34 TTT_WAIT target=1 elapsed=0s need=2s
LM HO UE=37 rnti=55 2->1 type=TN servingRsrp=-64.0148 targetRsrp=-58.1059 targetLoadReal=19/20 targetLoadEff=19/20
LM HO UE=38 rnti=36 7->4 type=TN servingRsrp=-100.649 targetRsrp=-92.838 targetLoadReal=16/20 targetLoadEff=17/20
UE 40 TTT_WAIT target=2 elapsed=0s need=2s
LM HO UE=41 rnti=160 4->3 type=TN servingRsrp=-78.1779 targetRsrp=-63.6846 targetLoadReal=15/20 targetLoadEff=16/20
UE 42 TTT_WAIT target=4 elapsed=0s need=2s
UE 43 TTT_WAIT target=2 elapsed=0s need=2s
UE 44 TTT_WAIT target=7 elapsed=0s need=2s
UE 45 TTT_WAIT target=2 elapsed=0s need=2s
UE 46 TTT_WAIT target=4 elapsed=0s need=2s
UE 48 TTT_WAIT target=4 elapsed=0s need=2s
UE 49 TTT_WAIT target=4 elapsed=0s need=2s
UE 52 TTT_WAIT target=2 elapsed=0s need=2s
UE 53 TTT_WAIT target=4 elapsed=0s need=2s
UE 60 TTT_WAIT target=3 elapsed=0s need=2s
UE 62 TTT_WAIT target=4 elapsed=0s need=2s
UE 65 TTT_WAIT target=4 elapsed=0s need=2s
UE 66 TTT_WAIT target=2 elapsed=0s need=2s
LM HO_FAIL_LOW_RSRP UE=69 currCell=2 candCell=6 candRsrp=-114.371 < min=-110
UE 70 TTT_WAIT target=3 elapsed=0s need=2s
LM HO_FAIL_LOW_RSRP UE=71 currCell=3 candCell=4 candRsrp=-114.44 < min=-110
LM HO_FAIL_LOW_RSRP UE=72 currCell=4 candCell=2 candRsrp=-116.811 < min=-110
LM HO_FAIL_LOW_RSRP UE=74 currCell=2 candCell=4 candRsrp=-111.156 < min=-110
LM HO_FAIL_LOW_RSRP UE=75 currCell=2 candCell=7 candRsrp=-116.342 < min=-110
LM HO_FAIL_LOW_RSRP UE=78 currCell=6 candCell=7 candRsrp=-118.852 < min=-110
UE 79 TTT_WAIT target=5 elapsed=0s need=2s
LM HO_FAIL_LOW_RSRP UE=80 currCell=1 candCell=3 candRsrp=-113.024 < min=-110
UE 82 TTT_WAIT target=4 elapsed=0s need=2s
LM HO UE=85 rnti=71 7->5 type=NTN servingRsrp=-114.121 targetRsrp=-89.9639 targetLoadReal=8/15 targetLoadEff=8/15
UE 86 TTT_WAIT target=4 elapsed=0s need=2s
LM HO_FAIL_LOW_RSRP UE=87 currCell=4 candCell=2 candRsrp=-114.132 < min=-110
UE 88 TTT_WAIT target=5 elapsed=0s need=2s
UE 90 TTT_WAIT target=6 elapsed=0s need=2s
UE 91 TTT_WAIT target=5 elapsed=0s need=2s
LM HO_FAIL_LOW_RSRP UE=92 currCell=3 candCell=6 candRsrp=-116.987 < min=-110
UE 93 TTT_WAIT target=7 elapsed=0s need=2s
UE 94 TTT_WAIT target=2 elapsed=0s need=2s
LM HO_FAIL_LOW_RSRP UE=95 currCell=3 candCell=6 candRsrp=-119.783 < min=-110
UE 96 TTT_WAIT target=6 elapsed=0s need=2s
LM HO_FAIL_LOW_RSRP UE=97 currCell=1 candCell=5 candRsrp=-112.874 < min=-110
LM HO_FAIL_LOW_RSRP UE=98 currCell=4 candCell=3 candRsrp=-111.842 < min=-110
LM HO UE=100 rnti=81 7->5 type=NTN servingRsrp=-116.872 targetRsrp=-108.871 targetLoadReal=8/15 targetLoadEff=9/15
LM HO_FAIL_LOW_RSRP UE=102 currCell=7 candCell=6 candRsrp=-114.809 < min=-110
UE 104 TTT_WAIT target=6 elapsed=0s need=2s
LM HO_FAIL_LOW_RSRP UE=105 currCell=2 candCell=6 candRsrp=-117.887 < min=-110
TRACE HO_SUCCESS Time=28.6151 IMSI=36 TargetCell=1 Type=TN TargetRSRP=-57.8023 ServingRSRP=-60.8269 BackhaulDlSnr=-999 BackhaulUlSnr=-999
TRACE HO_SUCCESS Time=28.6151 IMSI=20 TargetCell=2 Type=TN TargetRSRP=-85.9127 ServingRSRP=-88.6752 BackhaulDlSnr=-999 BackhaulUlSnr=-999
TRACE HO_SUCCESS Time=28.6151 IMSI=9 TargetCell=3 Type=TN TargetRSRP=-92.5348 ServingRSRP=-100.226 BackhaulDlSnr=-999 BackhaulUlSnr=-999
TRACE HO_SUCCESS Time=28.6151 IMSI=40 TargetCell=3 Type=TN TargetRSRP=-55.0036 ServingRSRP=-83.2503 BackhaulDlSnr=-999 BackhaulUlSnr=-999
TRACE HO_SUCCESS Time=28.6151 IMSI=7 TargetCell=4 Type=TN TargetRSRP=-96.7118 ServingRSRP=-99.1163 BackhaulDlSnr=-999 BackhaulUlSnr=-999
TRACE HO_SUCCESS Time=28.6151 IMSI=37 TargetCell=4 Type=TN TargetRSRP=-110.603 ServingRSRP=-98.4624 BackhaulDlSnr=-999 BackhaulUlSnr=-999
TRACE HO_SUCCESS Time=28.6151 IMSI=99 TargetCell=5 Type=NTN TargetRSRP=-107.722 ServingRSRP=-114.942 BackhaulDlSnr=-999 BackhaulUlSnr=-999
TRACE HO_SUCCESS Time=28.6151 IMSI=84 TargetCell=5 Type=NTN TargetRSRP=-112.901 ServingRSRP=-108.148 BackhaulDlSnr=-999 BackhaulUlSnr=-999
UAV_AUTONOMY_XAPP Time=30.5 DeploymentMode=tn-uav UavIndex=0 UavCellId=5 BestDonorCellId=1 BestDonorDistanceM=221.285 XhaulConnected=1 XhaulChannelVariationDb=0 RawXhaulState=HEALTHY RawXhaulStateAgeSec=26 XhaulState=HEALTHY DonorUnavailableActive=0 SatBackhaulHealthy=0 UavSwitchingXappAvailable=0 UavSwitchingXappState=DISABLED AiPredictedBackhaulMode=RULE_BASED BackhaulMode=TN_DIRECT RicControlState=TN_E2 ActiveUavRic=LOCAL_UAV_AUTONOMY NormalUeHandoverAllowed=1 UavMode=TN_CONTROLLED_COVERAGE_EXTENSION
UAV_AUTONOMY_XAPP Time=30.5 DeploymentMode=tn-uav UavIndex=1 UavCellId=6 BestDonorCellId=2 BestDonorDistanceM=156.741 XhaulConnected=1 XhaulChannelVariationDb=0 RawXhaulState=HEALTHY RawXhaulStateAgeSec=26 XhaulState=HEALTHY DonorUnavailableActive=0 SatBackhaulHealthy=0 UavSwitchingXappAvailable=0 UavSwitchingXappState=DISABLED AiPredictedBackhaulMode=RULE_BASED BackhaulMode=TN_DIRECT RicControlState=TN_E2 ActiveUavRic=LOCAL_UAV_AUTONOMY NormalUeHandoverAllowed=1 UavMode=TN_CONTROLLED_COVERAGE_EXTENSION
UAV_AUTONOMY_XAPP Time=30.5 DeploymentMode=tn-uav UavIndex=2 UavCellId=7 BestDonorCellId=3 BestDonorDistanceM=121.759 XhaulConnected=1 XhaulChannelVariationDb=0 RawXhaulState=HEALTHY RawXhaulStateAgeSec=26 XhaulState=HEALTHY DonorUnavailableActive=0 SatBackhaulHealthy=0 UavSwitchingXappAvailable=0 UavSwitchingXappState=DISABLED AiPredictedBackhaulMode=RULE_BASED BackhaulMode=TN_DIRECT RicControlState=TN_E2 ActiveUavRic=LOCAL_UAV_AUTONOMY NormalUeHandoverAllowed=1 UavMode=TN_CONTROLLED_COVERAGE_EXTENSION
---- LOAD at t=30.5 ----
  cell 1 (TN) load=19/20
  cell 2 (TN) load=16/20
  cell 3 (TN) load=16/20
  cell 4 (TN) load=16/20
  cell 5 (NTN) load=10/15
  cell 6 (NTN) load=11/15
  cell 7 (NTN) load=7/15
UE 10 TTT_WAIT target=4 elapsed=0s need=2s
UE 11 TTT_WAIT target=4 elapsed=0s need=2s
UE 12 TTT_WAIT target=1 elapsed=0s need=2s
UE 16 TTT_WAIT target=2 elapsed=0s need=2s
UE 19 TTT_WAIT target=3 elapsed=0s need=2s
UE 22 TTT_WAIT target=4 elapsed=0s need=2s
UE 24 TTT_WAIT target=3 elapsed=0s need=2s
UE 27 TTT_WAIT target=7 elapsed=0s need=2s
UE 29 TTT_WAIT target=1 elapsed=0s need=2s
UE 31 TTT_WAIT target=3 elapsed=0s need=2s
UE 32 TTT_WAIT target=1 elapsed=0s need=2s
UE 34 TTT_WAIT target=2 elapsed=0s need=2s
UE 35 TTT_WAIT target=2 elapsed=0s need=2s
UE 38 TTT_WAIT target=2 elapsed=0s need=2s
UE 39 TTT_WAIT target=2 elapsed=0s need=2s
UE 40 TTT_WAIT target=1 elapsed=0s need=2s
UE 42 TTT_WAIT target=1 elapsed=0s need=2s
UE 43 TTT_WAIT target=1 elapsed=0s need=2s
UE 45 TTT_WAIT target=1 elapsed=0s need=2s
LM HO UE=46 rnti=76 1->4 type=TN servingRsrp=-93.858 targetRsrp=-67.3915 targetLoadReal=16/20 targetLoadEff=16/20
UE 47 TTT_WAIT target=7 elapsed=0s need=2s
LM HO UE=49 rnti=135 3->4 type=TN servingRsrp=-107.496 targetRsrp=-73.0219 targetLoadReal=16/20 targetLoadEff=17/20
UE 50 TTT_WAIT target=2 elapsed=0s need=2s
UE 51 TTT_WAIT target=2 elapsed=0s need=2s
UE 52 TTT_WAIT target=3 elapsed=0s need=2s
UE 54 TTT_WAIT target=3 elapsed=0s need=2s
UE 56 TTT_WAIT target=4 elapsed=0s need=2s
UE 57 TTT_WAIT target=1 elapsed=0s need=2s
UE 58 TTT_WAIT target=3 elapsed=0s need=2s
UE 60 TTT_WAIT target=7 elapsed=0s need=2s
UE 61 TTT_WAIT target=3 elapsed=0s need=2s
UE 63 TTT_WAIT target=1 elapsed=0s need=2s
UE 67 TTT_WAIT target=2 elapsed=0s need=2s
LM HO_FAIL_LOW_RSRP UE=69 currCell=2 candCell=1 candRsrp=-113.428 < min=-110
UE 71 TTT_WAIT target=7 elapsed=0s need=2s
LM HO_FAIL_LOW_RSRP UE=72 currCell=4 candCell=2 candRsrp=-110.453 < min=-110
LM HO_FAIL_LOW_RSRP UE=74 currCell=2 candCell=3 candRsrp=-111.872 < min=-110
LM HO_FAIL_LOW_RSRP UE=75 currCell=2 candCell=6 candRsrp=-114.599 < min=-110
UE 76 TTT_WAIT target=1 elapsed=0s need=2s
UE 79 TTT_WAIT target=1 elapsed=0s need=2s
LM HO_FAIL_LOW_RSRP UE=80 currCell=1 candCell=3 candRsrp=-110.957 < min=-110
UE 82 TTT_WAIT target=2 elapsed=0s need=2s
UE 83 TTT_WAIT target=6 elapsed=0s need=2s
UE 84 TTT_WAIT target=7 elapsed=0s need=2s
UE 86 TTT_WAIT target=3 elapsed=0s need=2s
LM HO_FAIL_LOW_RSRP UE=87 currCell=4 candCell=2 candRsrp=-114.604 < min=-110
UE 88 TTT_WAIT target=2 elapsed=0s need=2s
UE 89 TTT_WAIT target=1 elapsed=0s need=2s
UE 90 TTT_WAIT target=3 elapsed=0s need=2s
UE 91 TTT_WAIT target=2 elapsed=0s need=2s
LM HO_FAIL_LOW_RSRP UE=93 currCell=2 candCell=6 candRsrp=-113.395 < min=-110
LM HO_FAIL_LOW_RSRP UE=94 currCell=1 candCell=5 candRsrp=-112.333 < min=-110
LM HO_FAIL_LOW_RSRP UE=95 currCell=3 candCell=6 candRsrp=-116.446 < min=-110
LM HO_FAIL_LOW_RSRP UE=96 currCell=7 candCell=6 candRsrp=-115.935 < min=-110
UE 97 TTT_WAIT target=4 elapsed=0s need=2s
UE 98 TTT_WAIT target=2 elapsed=0s need=2s
UE 99 TTT_WAIT target=1 elapsed=0s need=2s
UE 100 TTT_WAIT target=6 elapsed=0s need=2s
LM HO_FAIL_LOW_RSRP UE=102 currCell=7 candCell=6 candRsrp=-111.276 < min=-110
LM HO UE=104 rnti=115 7->6 type=NTN servingRsrp=-113.664 targetRsrp=-94.8654 targetLoadReal=11/15 targetLoadEff=11/15
LM HO_FAIL_LOW_RSRP UE=105 currCell=2 candCell=6 candRsrp=-116.783 < min=-110
UE 106 TTT_WAIT target=4 elapsed=0s need=2s
TRACE HO_SUCCESS Time=30.6151 IMSI=45 TargetCell=4 Type=TN TargetRSRP=-91.8476 ServingRSRP=-97.207 BackhaulDlSnr=-999 BackhaulUlSnr=-999
TRACE HO_SUCCESS Time=30.6151 IMSI=48 TargetCell=4 Type=TN TargetRSRP=-100.617 ServingRSRP=-103.906 BackhaulDlSnr=-999 BackhaulUlSnr=-999
TRACE HO_SUCCESS Time=30.6151 IMSI=103 TargetCell=6 Type=NTN TargetRSRP=-110.7 ServingRSRP=-111.725 BackhaulDlSnr=-999 BackhaulUlSnr=-999
UAV_AUTONOMY_XAPP Time=32.5 DeploymentMode=tn-uav UavIndex=0 UavCellId=5 BestDonorCellId=1 BestDonorDistanceM=209.942 XhaulConnected=1 XhaulChannelVariationDb=0 RawXhaulState=HEALTHY RawXhaulStateAgeSec=28 XhaulState=HEALTHY DonorUnavailableActive=0 SatBackhaulHealthy=0 UavSwitchingXappAvailable=0 UavSwitchingXappState=DISABLED AiPredictedBackhaulMode=RULE_BASED BackhaulMode=TN_DIRECT RicControlState=TN_E2 ActiveUavRic=LOCAL_UAV_AUTONOMY NormalUeHandoverAllowed=1 UavMode=TN_CONTROLLED_COVERAGE_EXTENSION
UAV_AUTONOMY_XAPP Time=32.5 DeploymentMode=tn-uav UavIndex=1 UavCellId=6 BestDonorCellId=3 BestDonorDistanceM=167.736 XhaulConnected=1 XhaulChannelVariationDb=0 RawXhaulState=HEALTHY RawXhaulStateAgeSec=28 XhaulState=HEALTHY DonorUnavailableActive=0 SatBackhaulHealthy=0 UavSwitchingXappAvailable=0 UavSwitchingXappState=DISABLED AiPredictedBackhaulMode=RULE_BASED BackhaulMode=TN_DIRECT RicControlState=TN_E2 ActiveUavRic=LOCAL_UAV_AUTONOMY NormalUeHandoverAllowed=1 UavMode=TN_CONTROLLED_COVERAGE_EXTENSION
UAV_AUTONOMY_XAPP Time=32.5 DeploymentMode=tn-uav UavIndex=2 UavCellId=7 BestDonorCellId=3 BestDonorDistanceM=111.633 XhaulConnected=1 XhaulChannelVariationDb=0 RawXhaulState=HEALTHY RawXhaulStateAgeSec=28 XhaulState=HEALTHY DonorUnavailableActive=0 SatBackhaulHealthy=0 UavSwitchingXappAvailable=0 UavSwitchingXappState=DISABLED AiPredictedBackhaulMode=RULE_BASED BackhaulMode=TN_DIRECT RicControlState=TN_E2 ActiveUavRic=LOCAL_UAV_AUTONOMY NormalUeHandoverAllowed=1 UavMode=TN_CONTROLLED_COVERAGE_EXTENSION
---- LOAD at t=32.5 ----
  cell 1 (TN) load=18/20
  cell 2 (TN) load=16/20
  cell 3 (TN) load=15/20
  cell 4 (TN) load=19/20
  cell 5 (NTN) load=10/15
  cell 6 (NTN) load=12/15
  cell 7 (NTN) load=6/15
UE 8 TTT_WAIT target=1 elapsed=0s need=2s
LM HO UE=12 rnti=102 2->1 type=TN servingRsrp=-87.279 targetRsrp=-82.5619 targetLoadReal=18/20 targetLoadEff=18/20
UE 16 TTT_WAIT target=5 elapsed=0s need=2s
UE 17 TTT_WAIT target=4 elapsed=0s need=2s
LM HO UE=19 rnti=65 1->3 type=TN servingRsrp=-99.2532 targetRsrp=-76.3491 targetLoadReal=15/20 targetLoadEff=15/20
UE 22 TTT_WAIT target=3 elapsed=0s need=2s
UE 29 TTT_WAIT target=4 elapsed=0s need=2s
UE 30 TTT_WAIT target=1 elapsed=0s need=2s
UE 31 TTT_WAIT target=1 elapsed=0s need=2s
LM HO UE=34 rnti=59 5->2 type=TN servingRsrp=-108.255 targetRsrp=-100.054 targetLoadReal=16/20 targetLoadEff=16/20
LM HO UE=35 rnti=122 1->2 type=TN servingRsrp=-75.332 targetRsrp=-61.7605 targetLoadReal=16/20 targetLoadEff=17/20
UE 37 TTT_WAIT target=2 elapsed=0s need=2s
UE 38 TTT_WAIT target=1 elapsed=0s need=2s
LM HO UE=40 rnti=73 6->1 type=TN servingRsrp=-108.835 targetRsrp=-72.8063 targetLoadReal=18/20 targetLoadEff=19/20
UE 43 TTT_WAIT target=2 elapsed=0s need=2s
UE 46 TTT_WAIT target=2 elapsed=0s need=2s
UE 51 TTT_WAIT target=3 elapsed=0s need=2s
UE 52 TTT_WAIT target=4 elapsed=0s need=2s
UE 53 TTT_WAIT target=2 elapsed=0s need=2s
UE 54 TTT_WAIT target=2 elapsed=0s need=2s
UE 55 TTT_WAIT target=3 elapsed=0s need=2s
LM HO UE=56 rnti=95 3->4 type=TN servingRsrp=-89.9756 targetRsrp=-70.9719 targetLoadReal=19/20 targetLoadEff=19/20
UE 58 TTT_WAIT target=2 elapsed=0s need=2s
UE 60 TTT_WAIT target=3 elapsed=0s need=2s
LM HO UE=61 rnti=115 4->3 type=TN servingRsrp=-102.09 targetRsrp=-79.87 targetLoadReal=15/20 targetLoadEff=16/20
UE 62 TTT_WAIT target=3 elapsed=0s need=2s
UE 66 TTT_WAIT target=3 elapsed=0s need=2s
UE 67 TTT_WAIT target=5 elapsed=0s need=2s
LM HO_FAIL_LOW_RSRP UE=69 currCell=2 candCell=7 candRsrp=-114.028 < min=-110
LM HO_FAIL_LOW_RSRP UE=70 currCell=7 candCell=5 candRsrp=-110.935 < min=-110
LM HO_FAIL_LOW_RSRP UE=71 currCell=3 candCell=7 candRsrp=-113.773 < min=-110
LM HO_FAIL_LOW_RSRP UE=72 currCell=4 candCell=2 candRsrp=-114.754 < min=-110
LM HO_FAIL_LOW_RSRP UE=74 currCell=2 candCell=3 candRsrp=-112.727 < min=-110
UE 79 TTT_WAIT target=5 elapsed=0s need=2s
LM HO_FAIL_LOW_RSRP UE=80 currCell=1 candCell=3 candRsrp=-115.641 < min=-110
UE 81 TTT_WAIT target=3 elapsed=0s need=2s
UE 82 TTT_WAIT target=5 elapsed=0s need=2s
UE 83 TTT_WAIT target=3 elapsed=0s need=2s
LM HO_FAIL_LOW_RSRP UE=86 currCell=6 candCell=7 candRsrp=-113.971 < min=-110
UE 87 TTT_WAIT target=5 elapsed=0s need=2s
UE 88 TTT_WAIT target=5 elapsed=0s need=2s
LM HO_FAIL_LOW_RSRP UE=89 currCell=2 candCell=3 candRsrp=-111.146 < min=-110
LM HO_FAIL_LOW_RSRP UE=90 currCell=2 candCell=6 candRsrp=-114.809 < min=-110
UE 91 TTT_WAIT target=6 elapsed=0s need=2s
UE 92 TTT_WAIT target=5 elapsed=0s need=2s
LM HO_FAIL_LOW_RSRP UE=93 currCell=2 candCell=6 candRsrp=-117.068 < min=-110
UE 96 TTT_WAIT target=5 elapsed=0s need=2s
LM HO_FAIL_LOW_RSRP UE=97 currCell=1 candCell=5 candRsrp=-112.331 < min=-110
UE 98 TTT_WAIT target=3 elapsed=0s need=2s
LM HO_FAIL_LOW_RSRP UE=99 currCell=7 candCell=6 candRsrp=-111.867 < min=-110
LM HO UE=100 rnti=65 5->6 type=NTN servingRsrp=-113.365 targetRsrp=-89.6462 targetLoadReal=12/15 targetLoadEff=12/15
LM HO_FAIL_LOW_RSRP UE=102 currCell=7 candCell=6 candRsrp=-114.534 < min=-110
LM HO_FAIL_LOW_RSRP UE=105 currCell=2 candCell=6 candRsrp=-120.442 < min=-110
TRACE HO_SUCCESS Time=32.6151 IMSI=11 TargetCell=1 Type=TN TargetRSRP=-92.8462 ServingRSRP=-86.1393 BackhaulDlSnr=-999 BackhaulUlSnr=-999
TRACE HO_SUCCESS Time=32.6151 IMSI=39 TargetCell=1 Type=TN TargetRSRP=-89.452 ServingRSRP=-93.2626 BackhaulDlSnr=-999 BackhaulUlSnr=-999
TRACE HO_SUCCESS Time=32.6151 IMSI=34 TargetCell=2 Type=TN TargetRSRP=-82.7518 ServingRSRP=-78.5574 BackhaulDlSnr=-999 BackhaulUlSnr=-999
TRACE HO_SUCCESS Time=32.6151 IMSI=33 TargetCell=2 Type=TN TargetRSRP=-97.779 ServingRSRP=-93.1632 BackhaulDlSnr=-999 BackhaulUlSnr=-999
TRACE HO_SUCCESS Time=32.6151 IMSI=18 TargetCell=3 Type=TN TargetRSRP=-76.0691 ServingRSRP=-85.6423 BackhaulDlSnr=-999 BackhaulUlSnr=-999
TRACE HO_SUCCESS Time=32.6151 IMSI=60 TargetCell=3 Type=TN TargetRSRP=-68.294 ServingRSRP=-80.1303 BackhaulDlSnr=-999 BackhaulUlSnr=-999
TRACE HO_SUCCESS Time=32.6151 IMSI=55 TargetCell=4 Type=TN TargetRSRP=-82.3623 ServingRSRP=-64.5546 BackhaulDlSnr=-999 BackhaulUlSnr=-999
TRACE HO_SUCCESS Time=32.6151 IMSI=99 TargetCell=6 Type=NTN TargetRSRP=-116.851 ServingRSRP=-84.6714 BackhaulDlSnr=-999 BackhaulUlSnr=-999
UAV_AUTONOMY_XAPP Time=34.5 DeploymentMode=tn-uav UavIndex=0 UavCellId=5 BestDonorCellId=1 BestDonorDistanceM=202.878 XhaulConnected=1 XhaulChannelVariationDb=0 RawXhaulState=HEALTHY RawXhaulStateAgeSec=30 XhaulState=HEALTHY DonorUnavailableActive=0 SatBackhaulHealthy=0 UavSwitchingXappAvailable=0 UavSwitchingXappState=DISABLED AiPredictedBackhaulMode=RULE_BASED BackhaulMode=TN_DIRECT RicControlState=TN_E2 ActiveUavRic=LOCAL_UAV_AUTONOMY NormalUeHandoverAllowed=1 UavMode=TN_CONTROLLED_COVERAGE_EXTENSION
UAV_AUTONOMY_XAPP Time=34.5 DeploymentMode=tn-uav UavIndex=1 UavCellId=6 BestDonorCellId=3 BestDonorDistanceM=167.078 XhaulConnected=1 XhaulChannelVariationDb=0 RawXhaulState=HEALTHY RawXhaulStateAgeSec=30 XhaulState=HEALTHY DonorUnavailableActive=0 SatBackhaulHealthy=0 UavSwitchingXappAvailable=0 UavSwitchingXappState=DISABLED AiPredictedBackhaulMode=RULE_BASED BackhaulMode=TN_DIRECT RicControlState=TN_E2 ActiveUavRic=LOCAL_UAV_AUTONOMY NormalUeHandoverAllowed=1 UavMode=TN_CONTROLLED_COVERAGE_EXTENSION
UAV_AUTONOMY_XAPP Time=34.5 DeploymentMode=tn-uav UavIndex=2 UavCellId=7 BestDonorCellId=3 BestDonorDistanceM=108.952 XhaulConnected=1 XhaulChannelVariationDb=0 RawXhaulState=HEALTHY RawXhaulStateAgeSec=30 XhaulState=HEALTHY DonorUnavailableActive=0 SatBackhaulHealthy=0 UavSwitchingXappAvailable=0 UavSwitchingXappState=DISABLED AiPredictedBackhaulMode=RULE_BASED BackhaulMode=TN_DIRECT RicControlState=TN_E2 ActiveUavRic=LOCAL_UAV_AUTONOMY NormalUeHandoverAllowed=1 UavMode=TN_CONTROLLED_COVERAGE_EXTENSION
---- LOAD at t=34.5 ----
  cell 1 (TN) load=18/20
  cell 2 (TN) load=17/20
  cell 3 (TN) load=16/20
  cell 4 (TN) load=19/20
  cell 5 (NTN) load=8/15
  cell 6 (NTN) load=12/15
  cell 7 (NTN) load=6/15
UE 8 TTT_WAIT target=7 elapsed=0s need=2s
UE 11 TTT_WAIT target=4 elapsed=0s need=2s
UE 12 TTT_WAIT target=2 elapsed=0s need=2s
UE 15 TTT_WAIT target=2 elapsed=0s need=2s
UE 17 TTT_WAIT target=1 elapsed=0s need=2s
UE 18 TTT_WAIT target=2 elapsed=0s need=2s
UE 24 TTT_WAIT target=7 elapsed=0s need=2s
LM HO UE=29 rnti=92 3->4 type=TN servingRsrp=-96.0233 targetRsrp=-70.7933 targetLoadReal=19/20 targetLoadEff=19/20
LM HO UE=30 rnti=45 2->1 type=TN servingRsrp=-101.281 targetRsrp=-83.4953 targetLoadReal=18/20 targetLoadEff=18/20
UE 31 TTT_WAIT target=3 elapsed=0s need=2s
UE 32 TTT_WAIT target=2 elapsed=0s need=2s
UE 33 TTT_WAIT target=7 elapsed=0s need=2s
UE 34 TTT_WAIT target=1 elapsed=0s need=2s
LM HO UE=37 rnti=124 1->2 type=TN servingRsrp=-74.4961 targetRsrp=-65.3642 targetLoadReal=17/20 targetLoadEff=17/20
LM HO UE=38 rnti=171 4->1 type=TN servingRsrp=-106.324 targetRsrp=-104.16 targetLoadReal=18/20 targetLoadEff=19/20
UE 39 TTT_WAIT target=2 elapsed=0s need=2s
UE 40 TTT_WAIT target=2 elapsed=0s need=2s
UE 42 TTT_WAIT target=2 elapsed=0s need=2s
LM HO UE=43 rnti=74 6->2 type=TN servingRsrp=-103.747 targetRsrp=-89.5826 targetLoadReal=17/20 targetLoadEff=18/20
UE 45 TTT_WAIT target=3 elapsed=0s need=2s
UE 50 TTT_WAIT target=2 elapsed=0s need=2s
LM HO UE=51 rnti=114 4->3 type=TN servingRsrp=-99.6927 targetRsrp=-90.8604 targetLoadReal=16/20 targetLoadEff=16/20
UE 52 TTT_WAIT target=3 elapsed=0s need=2s
UE 57 TTT_WAIT target=2 elapsed=0s need=2s
UE 61 TTT_WAIT target=7 elapsed=0s need=2s
LM HO UE=62 rnti=48 2->3 type=TN servingRsrp=-85.8625 targetRsrp=-77.4183 targetLoadReal=16/20 targetLoadEff=17/20
LM HO_FAIL_LOW_RSRP UE=69 currCell=2 candCell=7 candRsrp=-116.404 < min=-110
UE 70 TTT_WAIT target=5 elapsed=0s need=2s
UE 71 TTT_WAIT target=2 elapsed=0s need=2s
LM HO_FAIL_LOW_RSRP UE=72 currCell=4 candCell=2 candRsrp=-111.534 < min=-110
UE 75 TTT_WAIT target=7 elapsed=0s need=2s
UE 78 TTT_WAIT target=2 elapsed=0s need=2s
UE 80 TTT_WAIT target=7 elapsed=0s need=2s
LM HO_FAIL_LOW_RSRP UE=81 currCell=4 candCell=2 candRsrp=-114.147 < min=-110
LM HO UE=82 rnti=90 7->5 type=NTN servingRsrp=-108.031 targetRsrp=-77.1169 targetLoadReal=8/15 targetLoadEff=8/15
LM HO_FAIL_LOW_RSRP UE=83 currCell=5 candCell=7 candRsrp=-113.947 < min=-110
UE 86 TTT_WAIT target=3 elapsed=0s need=2s
UE 87 TTT_WAIT target=2 elapsed=0s need=2s
LM HO UE=88 rnti=133 6->5 type=NTN servingRsrp=-116.907 targetRsrp=-84.9353 targetLoadReal=8/15 targetLoadEff=9/15
LM HO_FAIL_LOW_RSRP UE=89 currCell=2 candCell=3 candRsrp=-113.334 < min=-110
UE 91 TTT_WAIT target=5 elapsed=0s need=2s
LM HO_FAIL_LOW_RSRP UE=92 currCell=3 candCell=6 candRsrp=-114.578 < min=-110
UE 95 TTT_WAIT target=7 elapsed=0s need=2s
UE 97 TTT_WAIT target=5 elapsed=0s need=2s
LM HO_FAIL_LOW_RSRP UE=98 currCell=4 candCell=6 candRsrp=-116.226 < min=-110
LM HO_FAIL_LOW_RSRP UE=99 currCell=7 candCell=6 candRsrp=-110.825 < min=-110
UE 102 TTT_WAIT target=2 elapsed=0s need=2s
UE 104 TTT_WAIT target=7 elapsed=0s need=2s
LM HO_FAIL_LOW_RSRP UE=105 currCell=2 candCell=7 candRsrp=-118.148 < min=-110
TRACE HO_SUCCESS Time=34.6151 IMSI=29 TargetCell=1 Type=TN TargetRSRP=-101.388 ServingRSRP=-87.4006 BackhaulDlSnr=-999 BackhaulUlSnr=-999
TRACE HO_SUCCESS Time=34.6151 IMSI=37 TargetCell=1 Type=TN TargetRSRP=-107.829 ServingRSRP=-107.553 BackhaulDlSnr=-999 BackhaulUlSnr=-999
TRACE HO_SUCCESS Time=34.6151 IMSI=36 TargetCell=2 Type=TN TargetRSRP=-79.7546 ServingRSRP=-76.4034 BackhaulDlSnr=-999 BackhaulUlSnr=-999
TRACE HO_SUCCESS Time=34.6151 IMSI=42 TargetCell=2 Type=TN TargetRSRP=-93.2285 ServingRSRP=-82.5887 BackhaulDlSnr=-999 BackhaulUlSnr=-999
TRACE HO_SUCCESS Time=34.6151 IMSI=61 TargetCell=3 Type=TN TargetRSRP=-101.445 ServingRSRP=-79.6649 BackhaulDlSnr=-999 BackhaulUlSnr=-999
TRACE HO_SUCCESS Time=34.6151 IMSI=50 TargetCell=3 Type=TN TargetRSRP=-105.539 ServingRSRP=-89.62 BackhaulDlSnr=-999 BackhaulUlSnr=-999
TRACE HO_SUCCESS Time=34.6151 IMSI=28 TargetCell=4 Type=TN TargetRSRP=-100.195 ServingRSRP=-90.0241 BackhaulDlSnr=-999 BackhaulUlSnr=-999
TRACE HO_SUCCESS Time=34.6151 IMSI=87 TargetCell=5 Type=NTN TargetRSRP=-108.315 ServingRSRP=-111.365 BackhaulDlSnr=-999 BackhaulUlSnr=-999
TRACE HO_SUCCESS Time=34.6151 IMSI=81 TargetCell=5 Type=NTN TargetRSRP=-114.427 ServingRSRP=-111.779 BackhaulDlSnr=-999 BackhaulUlSnr=-999
UAV_AUTONOMY_XAPP Time=36.5 DeploymentMode=tn-uav UavIndex=0 UavCellId=5 BestDonorCellId=1 BestDonorDistanceM=204.798 XhaulConnected=1 XhaulChannelVariationDb=0 RawXhaulState=HEALTHY RawXhaulStateAgeSec=32 XhaulState=HEALTHY DonorUnavailableActive=0 SatBackhaulHealthy=0 UavSwitchingXappAvailable=0 UavSwitchingXappState=DISABLED AiPredictedBackhaulMode=RULE_BASED BackhaulMode=TN_DIRECT RicControlState=TN_E2 ActiveUavRic=LOCAL_UAV_AUTONOMY NormalUeHandoverAllowed=1 UavMode=TN_CONTROLLED_COVERAGE_EXTENSION
UAV_AUTONOMY_XAPP Time=36.5 DeploymentMode=tn-uav UavIndex=1 UavCellId=6 BestDonorCellId=3 BestDonorDistanceM=171.794 XhaulConnected=1 XhaulChannelVariationDb=0 RawXhaulState=HEALTHY RawXhaulStateAgeSec=32 XhaulState=HEALTHY DonorUnavailableActive=0 SatBackhaulHealthy=0 UavSwitchingXappAvailable=0 UavSwitchingXappState=DISABLED AiPredictedBackhaulMode=RULE_BASED BackhaulMode=TN_DIRECT RicControlState=TN_E2 ActiveUavRic=LOCAL_UAV_AUTONOMY NormalUeHandoverAllowed=1 UavMode=TN_CONTROLLED_COVERAGE_EXTENSION
UAV_AUTONOMY_XAPP Time=36.5 DeploymentMode=tn-uav UavIndex=2 UavCellId=7 BestDonorCellId=3 BestDonorDistanceM=114.381 XhaulConnected=1 XhaulChannelVariationDb=0 RawXhaulState=HEALTHY RawXhaulStateAgeSec=32 XhaulState=HEALTHY DonorUnavailableActive=0 SatBackhaulHealthy=0 UavSwitchingXappAvailable=0 UavSwitchingXappState=DISABLED AiPredictedBackhaulMode=RULE_BASED BackhaulMode=TN_DIRECT RicControlState=TN_E2 ActiveUavRic=LOCAL_UAV_AUTONOMY NormalUeHandoverAllowed=1 UavMode=TN_CONTROLLED_COVERAGE_EXTENSION
---- LOAD at t=36.5 ----
  cell 1 (TN) load=19/20
  cell 2 (TN) load=17/20
  cell 3 (TN) load=17/20
  cell 4 (TN) load=18/20
  cell 5 (NTN) load=10/15
  cell 6 (NTN) load=10/15
  cell 7 (NTN) load=5/15
UE 8 TTT_WAIT target=3 elapsed=0s need=2s
UE 9 TTT_WAIT target=3 elapsed=0s need=2s
UE 10 TTT_WAIT target=1 elapsed=0s need=2s
UE 11 TTT_WAIT target=2 elapsed=0s need=2s
LM HO UE=12 rnti=125 1->2 type=TN servingRsrp=-81.8422 targetRsrp=-76.6914 targetLoadReal=17/20 targetLoadEff=17/20
UE 13 TTT_WAIT target=4 elapsed=0s need=2s
UE 16 TTT_WAIT target=3 elapsed=0s need=2s
LM HO UE=17 rnti=103 2->1 type=TN servingRsrp=-77.4993 targetRsrp=-61.5101 targetLoadReal=19/20 targetLoadEff=19/20
UE 22 TTT_WAIT target=3 elapsed=0s need=2s
UE 28 TTT_WAIT target=7 elapsed=0s need=2s
UE 29 TTT_WAIT target=2 elapsed=0s need=2s
UE 30 TTT_WAIT target=2 elapsed=0s need=2s
UE 31 TTT_WAIT target=2 elapsed=0s need=2s
UE 34 TTT_WAIT target=5 elapsed=0s need=2s
UE 38 TTT_WAIT target=4 elapsed=0s need=2s
LM HO UE=39 rnti=91 1->2 type=TN servingRsrp=-81.6905 targetRsrp=-76.7242 targetLoadReal=17/20 targetLoadEff=18/20
UE 41 TTT_WAIT target=7 elapsed=0s need=2s
UE 42 TTT_WAIT target=4 elapsed=0s need=2s
UE 45 TTT_WAIT target=4 elapsed=0s need=2s
UE 46 TTT_WAIT target=3 elapsed=0s need=2s
LM HO UE=50 rnti=93 3->2 type=TN servingRsrp=-81.1365 targetRsrp=-65.1619 targetLoadReal=17/20 targetLoadEff=19/20
UE 51 TTT_WAIT target=4 elapsed=0s need=2s
UE 52 TTT_WAIT target=4 elapsed=0s need=2s
UE 53 TTT_WAIT target=4 elapsed=0s need=2s
UE 54 TTT_WAIT target=3 elapsed=0s need=2s
UE 55 TTT_WAIT target=3 elapsed=0s need=2s
UE 57 TTT_WAIT target=3 elapsed=0s need=2s
UE 58 TTT_WAIT target=3 elapsed=0s need=2s
UE 64 TTT_WAIT target=4 elapsed=0s need=2s
UE 67 TTT_WAIT target=5 elapsed=0s need=2s
LM HO_FAIL_LOW_RSRP UE=69 currCell=2 candCell=6 candRsrp=-119.863 < min=-110
LM HO UE=70 rnti=89 7->5 type=NTN servingRsrp=-107.718 targetRsrp=-89.2116 targetLoadReal=10/15 targetLoadEff=10/15
UE 71 TTT_WAIT target=6 elapsed=0s need=2s
UE 72 TTT_WAIT target=3 elapsed=0s need=2s
UE 74 TTT_WAIT target=3 elapsed=0s need=2s
LM HO_FAIL_LOW_RSRP UE=75 currCell=2 candCell=5 candRsrp=-115.877 < min=-110
LM HO_FAIL_LOW_RSRP UE=78 currCell=6 candCell=7 candRsrp=-121.718 < min=-110
LM HO_FAIL_LOW_RSRP UE=80 currCell=1 candCell=3 candRsrp=-115.417 < min=-110
UE 81 TTT_WAIT target=3 elapsed=0s need=2s
LM HO_FAIL_LOW_RSRP UE=83 currCell=5 candCell=7 candRsrp=-115.407 < min=-110
LM HO UE=86 rnti=117 6->3 type=TN servingRsrp=-116.992 targetRsrp=-102.401 targetLoadReal=17/20 targetLoadEff=17/20
UE 87 TTT_WAIT target=6 elapsed=0s need=2s
LM HO_FAIL_LOW_RSRP UE=89 currCell=2 candCell=3 candRsrp=-114.848 < min=-110
UE 92 TTT_WAIT target=4 elapsed=0s need=2s
UE 93 TTT_WAIT target=3 elapsed=0s need=2s
LM HO_FAIL_LOW_RSRP UE=94 currCell=1 candCell=5 candRsrp=-112.999 < min=-110
LM HO_FAIL_LOW_RSRP UE=95 currCell=3 candCell=6 candRsrp=-111.447 < min=-110
UE 96 TTT_WAIT target=6 elapsed=0s need=2s
LM HO_FAIL_LOW_RSRP UE=97 currCell=1 candCell=5 candRsrp=-115.031 < min=-110
UE 99 TTT_WAIT target=6 elapsed=0s need=2s
UE 100 TTT_WAIT target=5 elapsed=0s need=2s
TRACE HO_SUCCESS Time=36.6151 IMSI=16 TargetCell=1 Type=TN TargetRSRP=-61.1121 ServingRSRP=-76.8065 BackhaulDlSnr=-999 BackhaulUlSnr=-999
TRACE HO_SUCCESS Time=36.6151 IMSI=38 TargetCell=2 Type=TN TargetRSRP=-92.0194 ServingRSRP=-106.791 BackhaulDlSnr=-999 BackhaulUlSnr=-999
TRACE HO_SUCCESS Time=36.6151 IMSI=11 TargetCell=2 Type=TN TargetRSRP=-91.4138 ServingRSRP=-97.0239 BackhaulDlSnr=-999 BackhaulUlSnr=-999
TRACE HO_SUCCESS Time=36.6151 IMSI=49 TargetCell=2 Type=TN TargetRSRP=-62.6541 ServingRSRP=-82.3863 BackhaulDlSnr=-999 BackhaulUlSnr=-999
TRACE HO_SUCCESS Time=36.6151 IMSI=85 TargetCell=3 Type=TN TargetRSRP=-123.587 ServingRSRP=-113.083 BackhaulDlSnr=-999 BackhaulUlSnr=-999
TRACE HO_SUCCESS Time=36.6151 IMSI=69 TargetCell=5 Type=NTN TargetRSRP=-109.188 ServingRSRP=-115.353 BackhaulDlSnr=-999 BackhaulUlSnr=-999
UAV_AUTONOMY_XAPP Time=38.5 DeploymentMode=tn-uav UavIndex=0 UavCellId=5 BestDonorCellId=1 BestDonorDistanceM=228.387 XhaulConnected=1 XhaulChannelVariationDb=0 RawXhaulState=HEALTHY RawXhaulStateAgeSec=34 XhaulState=HEALTHY DonorUnavailableActive=0 SatBackhaulHealthy=0 UavSwitchingXappAvailable=0 UavSwitchingXappState=DISABLED AiPredictedBackhaulMode=RULE_BASED BackhaulMode=TN_DIRECT RicControlState=TN_E2 ActiveUavRic=LOCAL_UAV_AUTONOMY NormalUeHandoverAllowed=1 UavMode=TN_CONTROLLED_COVERAGE_EXTENSION
UAV_AUTONOMY_XAPP Time=38.5 DeploymentMode=tn-uav UavIndex=1 UavCellId=6 BestDonorCellId=3 BestDonorDistanceM=180.579 XhaulConnected=1 XhaulChannelVariationDb=0 RawXhaulState=HEALTHY RawXhaulStateAgeSec=34 XhaulState=HEALTHY DonorUnavailableActive=0 SatBackhaulHealthy=0 UavSwitchingXappAvailable=0 UavSwitchingXappState=DISABLED AiPredictedBackhaulMode=RULE_BASED BackhaulMode=TN_DIRECT RicControlState=TN_E2 ActiveUavRic=LOCAL_UAV_AUTONOMY NormalUeHandoverAllowed=1 UavMode=TN_CONTROLLED_COVERAGE_EXTENSION
UAV_AUTONOMY_XAPP Time=38.5 DeploymentMode=tn-uav UavIndex=2 UavCellId=7 BestDonorCellId=3 BestDonorDistanceM=120.379 XhaulConnected=1 XhaulChannelVariationDb=0 RawXhaulState=HEALTHY RawXhaulStateAgeSec=34 XhaulState=HEALTHY DonorUnavailableActive=0 SatBackhaulHealthy=0 UavSwitchingXappAvailable=0 UavSwitchingXappState=DISABLED AiPredictedBackhaulMode=RULE_BASED BackhaulMode=TN_DIRECT RicControlState=TN_E2 ActiveUavRic=LOCAL_UAV_AUTONOMY NormalUeHandoverAllowed=1 UavMode=TN_CONTROLLED_COVERAGE_EXTENSION
---- LOAD at t=38.5 ----
  cell 1 (TN) load=18/20
  cell 2 (TN) load=19/20
  cell 3 (TN) load=17/20
  cell 4 (TN) load=18/20
  cell 5 (NTN) load=11/15
  cell 6 (NTN) load=9/15
  cell 7 (NTN) load=4/15
UE 9 TTT_WAIT target=2 elapsed=0s need=2s
UE 10 TTT_WAIT target=7 elapsed=0s need=2s
UE 11 TTT_WAIT target=3 elapsed=0s need=2s
UE 12 TTT_WAIT target=4 elapsed=0s need=2s
UE 15 TTT_WAIT target=4 elapsed=0s need=2s
UE 18 TTT_WAIT target=1 elapsed=0s need=2s
UE 22 TTT_WAIT target=2 elapsed=0s need=2s
UE 24 TTT_WAIT target=7 elapsed=0s need=2s
UE 26 TTT_WAIT target=2 elapsed=0s need=2s
UE 27 TTT_WAIT target=2 elapsed=0s need=2s
UE 29 TTT_WAIT target=3 elapsed=0s need=2s
LM HO UE=30 rnti=127 1->2 type=TN servingRsrp=-102.359 targetRsrp=-98.7449 targetLoadReal=19/20 targetLoadEff=19/20
UE 31 TTT_WAIT target=1 elapsed=0s need=2s
UE 32 TTT_WAIT target=4 elapsed=0s need=2s
UE 33 TTT_WAIT target=1 elapsed=0s need=2s
UE 35 TTT_WAIT target=1 elapsed=0s need=2s
LM HO UE=38 rnti=128 1->4 type=TN servingRsrp=-110.849 targetRsrp=-102.47 targetLoadReal=18/20 targetLoadEff=18/20
LM HO UE=41 rnti=143 3->7 type=NTN servingRsrp=-87.267 targetRsrp=-66.1395 targetLoadReal=4/15 targetLoadEff=4/15
UE 42 TTT_WAIT target=1 elapsed=0s need=2s
UE 44 TTT_WAIT target=1 elapsed=0s need=2s
LM HO UE=45 rnti=75 6->4 type=TN servingRsrp=-95.6524 targetRsrp=-73.4491 targetLoadReal=18/20 targetLoadEff=19/20
UE 49 TTT_WAIT target=3 elapsed=0s need=2s
UE 51 TTT_WAIT target=1 elapsed=0s need=2s
UE 52 TTT_WAIT target=1 elapsed=0s need=2s
UE 53 TTT_WAIT target=3 elapsed=0s need=2s
UE 57 TTT_WAIT target=1 elapsed=0s need=2s
UE 62 TTT_WAIT target=1 elapsed=0s need=2s
UE 63 TTT_WAIT target=1 elapsed=0s need=2s
UE 64 TTT_WAIT target=1 elapsed=0s need=2s
LM HO UE=67 rnti=78 1->5 type=NTN servingRsrp=-101.256 targetRsrp=-80.9065 targetLoadReal=11/15 targetLoadEff=11/15
LM HO_FAIL_LOW_RSRP UE=69 currCell=2 candCell=7 candRsrp=-116.651 < min=-110
UE 70 TTT_WAIT target=7 elapsed=0s need=2s
LM HO UE=71 rnti=115 3->6 type=NTN servingRsrp=-118.312 targetRsrp=-108.031 targetLoadReal=9/15 targetLoadEff=9/15
LM HO UE=72 rnti=152 4->3 type=TN servingRsrp=-117.531 targetRsrp=-98.2633 targetLoadReal=17/20 targetLoadEff=17/20
UE 74 TTT_WAIT target=1 elapsed=0s need=2s
LM HO_FAIL_LOW_RSRP UE=75 currCell=2 candCell=5 candRsrp=-118.526 < min=-110
UE 79 TTT_WAIT target=5 elapsed=0s need=2s
LM HO_FAIL_LOW_RSRP UE=80 currCell=1 candCell=3 candRsrp=-114.989 < min=-110
UE 81 TTT_WAIT target=1 elapsed=0s need=2s
UE 83 TTT_WAIT target=3 elapsed=0s need=2s
LM HO_FAIL_LOW_RSRP UE=84 currCell=6 candCell=5 candRsrp=-116.492 < min=-110
LM HO_FAIL_LOW_RSRP UE=86 currCell=3 candCell=7 candRsrp=-113.337 < min=-110
LM HO_FAIL_LOW_RSRP UE=87 currCell=4 candCell=1 candRsrp=-116.82 < min=-110
LM HO_FAIL_LOW_RSRP UE=89 currCell=2 candCell=3 candRsrp=-110.188 < min=-110
UE 91 TTT_WAIT target=3 elapsed=0s need=2s
LM HO_FAIL_LOW_RSRP UE=92 currCell=3 candCell=7 candRsrp=-116.948 < min=-110
LM HO_FAIL_LOW_RSRP UE=93 currCell=2 candCell=5 candRsrp=-118.715 < min=-110
LM HO_FAIL_LOW_RSRP UE=95 currCell=3 candCell=6 candRsrp=-111.218 < min=-110
LM HO_FAIL_LOW_RSRP UE=97 currCell=1 candCell=5 candRsrp=-112.086 < min=-110
LM HO_FAIL_LOW_RSRP UE=98 currCell=4 candCell=6 candRsrp=-113.401 < min=-110
LM HO UE=100 rnti=136 6->5 type=NTN servingRsrp=-121.03 targetRsrp=-108.118 targetLoadReal=11/15 targetLoadEff=12/15
UE 102 TTT_WAIT target=6 elapsed=0s need=2s
UE 105 TTT_WAIT target=1 elapsed=0s need=2s
TRACE HO_SUCCESS Time=38.6151 IMSI=29 TargetCell=2 Type=TN TargetRSRP=-71.2169 ServingRSRP=-103.172 BackhaulDlSnr=-999 BackhaulUlSnr=-999
TRACE HO_SUCCESS Time=38.6151 IMSI=71 TargetCell=3 Type=TN TargetRSRP=-119.69 ServingRSRP=-113.535 BackhaulDlSnr=-999 BackhaulUlSnr=-999
TRACE HO_SUCCESS Time=38.6151 IMSI=37 TargetCell=4 Type=TN TargetRSRP=-107.011 ServingRSRP=-107.136 BackhaulDlSnr=-999 BackhaulUlSnr=-999
TRACE HO_SUCCESS Time=38.6151 IMSI=44 TargetCell=4 Type=TN TargetRSRP=-102.205 ServingRSRP=-98.6502 BackhaulDlSnr=-999 BackhaulUlSnr=-999
TRACE HO_SUCCESS Time=38.6151 IMSI=66 TargetCell=5 Type=NTN TargetRSRP=-101.115 ServingRSRP=-68.7774 BackhaulDlSnr=-999 BackhaulUlSnr=-999
TRACE HO_SUCCESS Time=38.6151 IMSI=99 TargetCell=5 Type=NTN TargetRSRP=-111.454 ServingRSRP=-116.509 BackhaulDlSnr=-999 BackhaulUlSnr=-999
TRACE HO_SUCCESS Time=38.6151 IMSI=70 TargetCell=6 Type=NTN TargetRSRP=-110.137 ServingRSRP=-113.43 BackhaulDlSnr=-999 BackhaulUlSnr=-999
TRACE HO_SUCCESS Time=38.6151 IMSI=40 TargetCell=7 Type=NTN TargetRSRP=-66.6879 ServingRSRP=-78.5167 BackhaulDlSnr=-999 BackhaulUlSnr=-999
UAV_AUTONOMY_XAPP Time=40.5 DeploymentMode=tn-uav UavIndex=0 UavCellId=5 BestDonorCellId=1 BestDonorDistanceM=232.682 XhaulConnected=1 XhaulChannelVariationDb=0 RawXhaulState=HEALTHY RawXhaulStateAgeSec=36 XhaulState=HEALTHY DonorUnavailableActive=0 SatBackhaulHealthy=0 UavSwitchingXappAvailable=0 UavSwitchingXappState=DISABLED AiPredictedBackhaulMode=RULE_BASED BackhaulMode=TN_DIRECT RicControlState=TN_E2 ActiveUavRic=LOCAL_UAV_AUTONOMY NormalUeHandoverAllowed=1 UavMode=TN_CONTROLLED_COVERAGE_EXTENSION
UAV_AUTONOMY_XAPP Time=40.5 DeploymentMode=tn-uav UavIndex=1 UavCellId=6 BestDonorCellId=3 BestDonorDistanceM=192.472 XhaulConnected=1 XhaulChannelVariationDb=0 RawXhaulState=HEALTHY RawXhaulStateAgeSec=36 XhaulState=HEALTHY DonorUnavailableActive=0 SatBackhaulHealthy=0 UavSwitchingXappAvailable=0 UavSwitchingXappState=DISABLED AiPredictedBackhaulMode=RULE_BASED BackhaulMode=TN_DIRECT RicControlState=TN_E2 ActiveUavRic=LOCAL_UAV_AUTONOMY NormalUeHandoverAllowed=1 UavMode=TN_CONTROLLED_COVERAGE_EXTENSION
UAV_AUTONOMY_XAPP Time=40.5 DeploymentMode=tn-uav UavIndex=2 UavCellId=7 BestDonorCellId=3 BestDonorDistanceM=131.251 XhaulConnected=1 XhaulChannelVariationDb=0 RawXhaulState=HEALTHY RawXhaulStateAgeSec=36 XhaulState=HEALTHY DonorUnavailableActive=0 SatBackhaulHealthy=0 UavSwitchingXappAvailable=0 UavSwitchingXappState=DISABLED AiPredictedBackhaulMode=RULE_BASED BackhaulMode=TN_DIRECT RicControlState=TN_E2 ActiveUavRic=LOCAL_UAV_AUTONOMY NormalUeHandoverAllowed=1 UavMode=TN_CONTROLLED_COVERAGE_EXTENSION
---- LOAD at t=40.5 ----
  cell 1 (TN) load=15/20
  cell 2 (TN) load=20/20
  cell 3 (TN) load=17/20
  cell 4 (TN) load=19/20
  cell 5 (NTN) load=13/15
  cell 6 (NTN) load=8/15
  cell 7 (NTN) load=5/15
UE 8 TTT_WAIT target=3 elapsed=0s need=2s
UE 10 TTT_WAIT target=4 elapsed=0s need=2s
UE 12 TTT_WAIT target=3 elapsed=0s need=2s
UE 16 TTT_WAIT target=3 elapsed=0s need=2s
UE 17 TTT_WAIT target=4 elapsed=0s need=2s
LM HO UE=18 rnti=108 4->1 type=TN servingRsrp=-103.225 targetRsrp=-86.348 targetLoadReal=15/20 targetLoadEff=15/20
UE 23 TTT_WAIT target=4 elapsed=0s need=2s
UE 24 TTT_WAIT target=3 elapsed=0s need=2s
LM HO UE=29 rnti=183 4->3 type=TN servingRsrp=-91.6889 targetRsrp=-77.6451 targetLoadReal=17/20 targetLoadEff=17/20
LM HO UE=31 rnti=154 4->1 type=TN servingRsrp=-91.9087 targetRsrp=-73.3644 targetLoadReal=15/20 targetLoadEff=16/20
LM HO UE=35 rnti=109 2->1 type=TN servingRsrp=-82.9608 targetRsrp=-73.0312 targetLoadReal=15/20 targetLoadEff=17/20
UE 38 TTT_WAIT target=5 elapsed=0s need=2s
LM HO UE=42 rnti=138 3->1 type=TN servingRsrp=-108.052 targetRsrp=-73.2622 targetLoadReal=15/20 targetLoadEff=18/20
UE 43 TTT_WAIT target=1 elapsed=0s need=2s
UE 45 TTT_WAIT target=1 elapsed=0s need=2s
UE 48 TTT_WAIT target=4 elapsed=0s need=2s
LM HO UE=49 rnti=173 4->3 type=TN servingRsrp=-105.551 targetRsrp=-93.0624 targetLoadReal=17/20 targetLoadEff=18/20
UE 51 TTT_WAIT target=4 elapsed=0s need=2s
UE 52 TTT_WAIT target=3 elapsed=0s need=2s
UE 54 TTT_WAIT target=4 elapsed=0s need=2s
UE 56 TTT_WAIT target=3 elapsed=0s need=2s
LM HO UE=57 rnti=76 6->1 type=TN servingRsrp=-107.616 targetRsrp=-76.3917 targetLoadReal=15/20 targetLoadEff=19/20
UE 59 TTT_WAIT target=3 elapsed=0s need=2s
UE 61 TTT_WAIT target=4 elapsed=0s need=2s
UE 62 TTT_WAIT target=4 elapsed=0s need=2s
UE 65 TTT_WAIT target=4 elapsed=0s need=2s
LM HO_FAIL_LOW_RSRP UE=69 currCell=2 candCell=7 candRsrp=-116.354 < min=-110
UE 74 TTT_WAIT target=4 elapsed=0s need=2s
LM HO_FAIL_LOW_RSRP UE=75 currCell=2 candCell=6 candRsrp=-114.563 < min=-110
LM HO UE=79 rnti=107 6->5 type=NTN servingRsrp=-119.615 targetRsrp=-108.682 targetLoadReal=13/15 targetLoadEff=13/15
LM HO_FAIL_LOW_RSRP UE=80 currCell=1 candCell=4 candRsrp=-115.15 < min=-110
LM HO_FAIL_LOW_RSRP UE=81 currCell=4 candCell=5 candRsrp=-119.926 < min=-110
LM HO UE=83 rnti=57 5->3 type=TN servingRsrp=-125.861 targetRsrp=-107.084 targetLoadReal=17/20 targetLoadEff=19/20
LM HO_FAIL_LOW_RSRP UE=84 currCell=6 candCell=5 candRsrp=-110.285 < min=-110
UE 85 TTT_WAIT target=7 elapsed=0s need=2s
UE 86 TTT_WAIT target=4 elapsed=0s need=2s
LM HO_FAIL_LOW_RSRP UE=87 currCell=4 candCell=7 candRsrp=-119.994 < min=-110
LM HO_FAIL_LOW_RSRP UE=89 currCell=2 candCell=4 candRsrp=-116.783 < min=-110
UE 91 TTT_WAIT target=5 elapsed=0s need=2s
LM HO_FAIL_LOW_RSRP UE=92 currCell=3 candCell=4 candRsrp=-111.325 < min=-110
LM HO_FAIL_LOW_RSRP UE=93 currCell=2 candCell=7 candRsrp=-115.594 < min=-110
LM HO_FAIL_LOW_RSRP UE=94 currCell=1 candCell=5 candRsrp=-115.479 < min=-110
LM HO_FAIL_LOW_RSRP UE=97 currCell=1 candCell=5 candRsrp=-111.959 < min=-110
UE 98 TTT_WAIT target=6 elapsed=0s need=2s
UE 103 TTT_WAIT target=7 elapsed=0s need=2s
UE 104 TTT_WAIT target=7 elapsed=0s need=2s
LM HO_FAIL_LOW_RSRP UE=105 currCell=2 candCell=5 candRsrp=-116.909 < min=-110
TRACE HO_SUCCESS Time=40.6151 IMSI=34 TargetCell=1 Type=TN TargetRSRP=-91.6624 ServingRSRP=-68.3452 BackhaulDlSnr=-999 BackhaulUlSnr=-999
TRACE HO_SUCCESS Time=40.6151 IMSI=41 TargetCell=1 Type=TN TargetRSRP=-104.203 ServingRSRP=-104.435 BackhaulDlSnr=-999 BackhaulUlSnr=-999
TRACE HO_SUCCESS Time=40.6151 IMSI=17 TargetCell=1 Type=TN TargetRSRP=-107.214 ServingRSRP=-83.8096 BackhaulDlSnr=-999 BackhaulUlSnr=-999
TRACE HO_SUCCESS Time=40.6151 IMSI=30 TargetCell=1 Type=TN TargetRSRP=-97.6182 ServingRSRP=-99.5312 BackhaulDlSnr=-999 BackhaulUlSnr=-999
TRACE HO_SUCCESS Time=40.6151 IMSI=56 TargetCell=1 Type=TN TargetRSRP=-83.6765 ServingRSRP=-86.2107 BackhaulDlSnr=-999 BackhaulUlSnr=-999
TRACE HO_SUCCESS Time=40.6151 IMSI=28 TargetCell=3 Type=TN TargetRSRP=-109.752 ServingRSRP=-93.5478 BackhaulDlSnr=-999 BackhaulUlSnr=-999
TRACE HO_SUCCESS Time=40.6151 IMSI=48 TargetCell=3 Type=TN TargetRSRP=-108.228 ServingRSRP=-84.526 BackhaulDlSnr=-999 BackhaulUlSnr=-999
TRACE HO_SUCCESS Time=40.6151 IMSI=82 TargetCell=3 Type=TN TargetRSRP=-116.175 ServingRSRP=-99.0134 BackhaulDlSnr=-999 BackhaulUlSnr=-999
TRACE HO_SUCCESS Time=40.6151 IMSI=78 TargetCell=5 Type=NTN TargetRSRP=-109.928 ServingRSRP=-115.762 BackhaulDlSnr=-999 BackhaulUlSnr=-999
UAV_AUTONOMY_XAPP Time=42.5 DeploymentMode=tn-uav UavIndex=0 UavCellId=5 BestDonorCellId=1 BestDonorDistanceM=257.931 XhaulConnected=1 XhaulChannelVariationDb=0 RawXhaulState=HEALTHY RawXhaulStateAgeSec=38 XhaulState=HEALTHY DonorUnavailableActive=0 SatBackhaulHealthy=0 UavSwitchingXappAvailable=0 UavSwitchingXappState=DISABLED AiPredictedBackhaulMode=RULE_BASED BackhaulMode=TN_DIRECT RicControlState=TN_E2 ActiveUavRic=LOCAL_UAV_AUTONOMY NormalUeHandoverAllowed=1 UavMode=TN_CONTROLLED_COVERAGE_EXTENSION
UAV_AUTONOMY_XAPP Time=42.5 DeploymentMode=tn-uav UavIndex=1 UavCellId=6 BestDonorCellId=3 BestDonorDistanceM=211.791 XhaulConnected=1 XhaulChannelVariationDb=0 RawXhaulState=HEALTHY RawXhaulStateAgeSec=38 XhaulState=HEALTHY DonorUnavailableActive=0 SatBackhaulHealthy=0 UavSwitchingXappAvailable=0 UavSwitchingXappState=DISABLED AiPredictedBackhaulMode=RULE_BASED BackhaulMode=TN_DIRECT RicControlState=TN_E2 ActiveUavRic=LOCAL_UAV_AUTONOMY NormalUeHandoverAllowed=1 UavMode=TN_CONTROLLED_COVERAGE_EXTENSION
UAV_AUTONOMY_XAPP Time=42.5 DeploymentMode=tn-uav UavIndex=2 UavCellId=7 BestDonorCellId=3 BestDonorDistanceM=129.032 XhaulConnected=1 XhaulChannelVariationDb=0 RawXhaulState=HEALTHY RawXhaulStateAgeSec=38 XhaulState=HEALTHY DonorUnavailableActive=0 SatBackhaulHealthy=0 UavSwitchingXappAvailable=0 UavSwitchingXappState=DISABLED AiPredictedBackhaulMode=RULE_BASED BackhaulMode=TN_DIRECT RicControlState=TN_E2 ActiveUavRic=LOCAL_UAV_AUTONOMY NormalUeHandoverAllowed=1 UavMode=TN_CONTROLLED_COVERAGE_EXTENSION
---- LOAD at t=42.5 ----
  cell 1 (TN) load=20/20
  cell 2 (TN) load=19/20
  cell 3 (TN) load=19/20
  cell 4 (TN) load=15/20
  cell 5 (NTN) load=13/15
  cell 6 (NTN) load=6/15
  cell 7 (NTN) load=5/15
UE 8 TTT_WAIT target=7 elapsed=0s need=2s
LM HO UE=10 rnti=142 3->4 type=TN servingRsrp=-103.723 targetRsrp=-87.9351 targetLoadReal=15/20 targetLoadEff=15/20
LM HO UE=12 rnti=112 2->3 type=TN servingRsrp=-88.3787 targetRsrp=-72.791 targetLoadReal=19/20 targetLoadEff=19/20
UE 13 TTT_WAIT target=4 elapsed=0s need=2s
UE 15 TTT_WAIT target=4 elapsed=0s need=2s
UE 16 TTT_WAIT target=4 elapsed=0s need=2s
UE 22 TTT_WAIT target=2 elapsed=0s need=2s
UE 24 TTT_WAIT target=7 elapsed=0s need=2s
UE 31 TTT_WAIT target=4 elapsed=0s need=2s
UE 32 TTT_WAIT target=6 elapsed=0s need=2s
UE 33 TTT_WAIT target=4 elapsed=0s need=2s
UE 35 TTT_WAIT target=2 elapsed=0s need=2s
UE 38 TTT_WAIT target=6 elapsed=0s need=2s
UE 42 TTT_WAIT target=4 elapsed=0s need=2s
UE 49 TTT_WAIT target=4 elapsed=0s need=2s
UE 51 TTT_WAIT target=2 elapsed=0s need=2s
UE 52 TTT_WAIT target=2 elapsed=0s need=2s
UE 53 TTT_WAIT target=6 elapsed=0s need=2s
LM HO UE=54 rnti=40 7->4 type=TN servingRsrp=-114.506 targetRsrp=-107.377 targetLoadReal=15/20 targetLoadEff=16/20
UE 62 TTT_WAIT target=2 elapsed=0s need=2s
UE 64 TTT_WAIT target=4 elapsed=0s need=2s
LM HO UE=65 rnti=136 3->4 type=TN servingRsrp=-99.7302 targetRsrp=-80.1973 targetLoadReal=15/20 targetLoadEff=17/20
LM HO_FAIL_LOW_RSRP UE=69 currCell=2 candCell=6 candRsrp=-113.702 < min=-110
UE 70 TTT_WAIT target=2 elapsed=0s need=2s
UE 71 TTT_WAIT target=7 elapsed=0s need=2s
UE 72 TTT_WAIT target=2 elapsed=0s need=2s
LM HO_FAIL_LOW_RSRP UE=74 currCell=2 candCell=4 candRsrp=-111.707 < min=-110
LM HO_FAIL_LOW_RSRP UE=77 currCell=3 candCell=4 candRsrp=-114.242 < min=-110
LM HO_FAIL_LOW_RSRP UE=78 currCell=6 candCell=5 candRsrp=-110.665 < min=-110
LM HO_FAIL_LOW_RSRP UE=81 currCell=4 candCell=2 candRsrp=-110.585 < min=-110
UE 83 TTT_WAIT target=7 elapsed=0s need=2s
LM HO_FAIL_LOW_RSRP UE=84 currCell=6 candCell=5 candRsrp=-118.469 < min=-110
UE 86 TTT_WAIT target=6 elapsed=0s need=2s
UE 87 TTT_WAIT target=7 elapsed=0s need=2s
LM HO_FAIL_LOW_RSRP UE=89 currCell=2 candCell=4 candRsrp=-115.098 < min=-110
LM HO_FAIL_LOW_RSRP UE=92 currCell=3 candCell=7 candRsrp=-112.513 < min=-110
UE 93 TTT_WAIT target=7 elapsed=0s need=2s
UE 97 TTT_WAIT target=2 elapsed=0s need=2s
UE 98 TTT_WAIT target=7 elapsed=0s need=2s
UE 104 TTT_WAIT target=4 elapsed=0s need=2s
LM HO_FAIL_LOW_RSRP UE=105 currCell=2 candCell=7 candRsrp=-117.484 < min=-110
UE 106 TTT_WAIT target=4 elapsed=0s need=2s
TRACE HO_SUCCESS Time=42.6151 IMSI=11 TargetCell=3 Type=TN TargetRSRP=-104.946 ServingRSRP=-94.3771 BackhaulDlSnr=-999 BackhaulUlSnr=-999
TRACE HO_SUCCESS Time=42.6151 IMSI=64 TargetCell=4 Type=TN TargetRSRP=-100.812 ServingRSRP=-91.6699 BackhaulDlSnr=-999 BackhaulUlSnr=-999
TRACE HO_SUCCESS Time=42.6151 IMSI=9 TargetCell=4 Type=TN TargetRSRP=-77.7783 ServingRSRP=-99.2012 BackhaulDlSnr=-999 BackhaulUlSnr=-999
TRACE HO_SUCCESS Time=42.6151 IMSI=53 TargetCell=4 Type=TN TargetRSRP=-108.244 ServingRSRP=-97.7353 BackhaulDlSnr=-999 BackhaulUlSnr=-999
UAV_AUTONOMY_XAPP Time=44.5 DeploymentMode=tn-uav UavIndex=0 UavCellId=5 BestDonorCellId=1 BestDonorDistanceM=284.184 XhaulConnected=1 XhaulChannelVariationDb=0 RawXhaulState=HEALTHY RawXhaulStateAgeSec=40 XhaulState=HEALTHY DonorUnavailableActive=0 SatBackhaulHealthy=0 UavSwitchingXappAvailable=0 UavSwitchingXappState=DISABLED AiPredictedBackhaulMode=RULE_BASED BackhaulMode=TN_DIRECT RicControlState=TN_E2 ActiveUavRic=LOCAL_UAV_AUTONOMY NormalUeHandoverAllowed=1 UavMode=TN_CONTROLLED_COVERAGE_EXTENSION
UAV_AUTONOMY_XAPP Time=44.5 DeploymentMode=tn-uav UavIndex=1 UavCellId=6 BestDonorCellId=3 BestDonorDistanceM=230.048 XhaulConnected=1 XhaulChannelVariationDb=0 RawXhaulState=HEALTHY RawXhaulStateAgeSec=40 XhaulState=HEALTHY DonorUnavailableActive=0 SatBackhaulHealthy=0 UavSwitchingXappAvailable=0 UavSwitchingXappState=DISABLED AiPredictedBackhaulMode=RULE_BASED BackhaulMode=TN_DIRECT RicControlState=TN_E2 ActiveUavRic=LOCAL_UAV_AUTONOMY NormalUeHandoverAllowed=1 UavMode=TN_CONTROLLED_COVERAGE_EXTENSION
UAV_AUTONOMY_XAPP Time=44.5 DeploymentMode=tn-uav UavIndex=2 UavCellId=7 BestDonorCellId=3 BestDonorDistanceM=143.143 XhaulConnected=1 XhaulChannelVariationDb=0 RawXhaulState=HEALTHY RawXhaulStateAgeSec=40 XhaulState=HEALTHY DonorUnavailableActive=0 SatBackhaulHealthy=0 UavSwitchingXappAvailable=0 UavSwitchingXappState=DISABLED AiPredictedBackhaulMode=RULE_BASED BackhaulMode=TN_DIRECT RicControlState=TN_E2 ActiveUavRic=LOCAL_UAV_AUTONOMY NormalUeHandoverAllowed=1 UavMode=TN_CONTROLLED_COVERAGE_EXTENSION
---- LOAD at t=44.5 ----
  cell 1 (TN) load=20/20
  cell 2 (TN) load=18/20
  cell 3 (TN) load=18/20
  cell 4 (TN) load=18/20
  cell 5 (NTN) load=13/15
  cell 6 (NTN) load=6/15
  cell 7 (NTN) load=5/15
UE 9 TTT_WAIT target=5 elapsed=0s need=2s
UE 10 TTT_WAIT target=3 elapsed=0s need=2s
UE 11 TTT_WAIT target=4 elapsed=0s need=2s
UE 12 TTT_WAIT target=2 elapsed=0s need=2s
UE 16 TTT_WAIT target=5 elapsed=0s need=2s
UE 18 TTT_WAIT target=4 elapsed=0s need=2s
UE 29 TTT_WAIT target=4 elapsed=0s need=2s
UE 31 TTT_WAIT target=3 elapsed=0s need=2s
UE 34 TTT_WAIT target=5 elapsed=0s need=2s
LM HO UE=35 rnti=131 1->2 type=TN servingRsrp=-79.3672 targetRsrp=-76.9471 targetLoadReal=18/20 targetLoadEff=18/20
UE 40 TTT_WAIT target=4 elapsed=0s need=2s
UE 42 TTT_WAIT target=2 elapsed=0s need=2s
UE 43 TTT_WAIT target=7 elapsed=0s need=2s
UE 44 TTT_WAIT target=4 elapsed=0s need=2s
UE 45 TTT_WAIT target=3 elapsed=0s need=2s
UE 46 TTT_WAIT target=2 elapsed=0s need=2s
UE 48 TTT_WAIT target=4 elapsed=0s need=2s
LM HO UE=49 rnti=160 3->4 type=TN servingRsrp=-107.538 targetRsrp=-103.402 targetLoadReal=18/20 targetLoadEff=18/20
LM HO UE=51 rnti=146 3->2 type=TN servingRsrp=-103.729 targetRsrp=-87.873 targetLoadReal=18/20 targetLoadEff=19/20
UE 52 TTT_WAIT target=3 elapsed=0s need=2s
UE 53 TTT_WAIT target=4 elapsed=0s need=2s
UE 62 TTT_WAIT target=7 elapsed=0s need=2s
LM HO UE=64 rnti=140 3->4 type=TN servingRsrp=-68.514 targetRsrp=-66.2109 targetLoadReal=18/20 targetLoadEff=19/20
UE 66 TTT_WAIT target=6 elapsed=0s need=2s
UE 67 TTT_WAIT target=3 elapsed=0s need=2s
LM HO_FAIL_LOW_RSRP UE=69 currCell=2 candCell=5 candRsrp=-116.216 < min=-110
UE 72 TTT_WAIT target=6 elapsed=0s need=2s
LM HO_FAIL_LOW_RSRP UE=74 currCell=2 candCell=3 candRsrp=-111.537 < min=-110
LM HO_FAIL_LOW_RSRP UE=75 currCell=2 candCell=7 candRsrp=-116.485 < min=-110
LM HO_FAIL_LOW_RSRP UE=78 currCell=6 candCell=5 candRsrp=-120.257 < min=-110
LM HO_FAIL_LOW_RSRP UE=80 currCell=1 candCell=3 candRsrp=-111.607 < min=-110
LM HO_FAIL_LOW_RSRP UE=81 currCell=4 candCell=7 candRsrp=-121.114 < min=-110
LM HO_FAIL_LOW_RSRP UE=83 currCell=3 candCell=6 candRsrp=-112.65 < min=-110
LM HO_FAIL_LOW_RSRP UE=86 currCell=3 candCell=7 candRsrp=-113.181 < min=-110
LM HO_FAIL_LOW_RSRP UE=89 currCell=2 candCell=3 candRsrp=-113.461 < min=-110
UE 91 TTT_WAIT target=5 elapsed=0s need=2s
LM HO UE=93 rnti=81 2->7 type=NTN servingRsrp=-115.588 targetRsrp=-100.597 targetLoadReal=5/15 targetLoadEff=5/15
UE 94 TTT_WAIT target=5 elapsed=0s need=2s
UE 97 TTT_WAIT target=5 elapsed=0s need=2s
UE 102 TTT_WAIT target=3 elapsed=0s need=2s
LM HO_FAIL_LOW_RSRP UE=105 currCell=2 candCell=7 candRsrp=-118.074 < min=-110
LM HO_FAIL_LOW_RSRP UE=107 currCell=7 candCell=6 candRsrp=-110.081 < min=-110
TRACE HO_SUCCESS Time=44.6151 IMSI=34 TargetCell=2 Type=TN TargetRSRP=-88.3501 ServingRSRP=-83.4719 BackhaulDlSnr=-999 BackhaulUlSnr=-999
TRACE HO_SUCCESS Time=44.6151 IMSI=50 TargetCell=2 Type=TN TargetRSRP=-100.185 ServingRSRP=-94.2447 BackhaulDlSnr=-999 BackhaulUlSnr=-999
TRACE HO_SUCCESS Time=44.6151 IMSI=63 TargetCell=4 Type=TN TargetRSRP=-100.163 ServingRSRP=-93.7053 BackhaulDlSnr=-999 BackhaulUlSnr=-999
TRACE HO_SUCCESS Time=44.6151 IMSI=48 TargetCell=4 Type=TN TargetRSRP=-104.864 ServingRSRP=-107.36 BackhaulDlSnr=-999 BackhaulUlSnr=-999
TRACE HO_SUCCESS Time=44.6151 IMSI=92 TargetCell=7 Type=NTN TargetRSRP=-117.057 ServingRSRP=-93.42 BackhaulDlSnr=-999 BackhaulUlSnr=-999
UAV_AUTONOMY_XAPP Time=46.5 DeploymentMode=tn-uav UavIndex=0 UavCellId=5 BestDonorCellId=1 BestDonorDistanceM=311.631 XhaulConnected=1 XhaulChannelVariationDb=0 RawXhaulState=HEALTHY RawXhaulStateAgeSec=42 XhaulState=HEALTHY DonorUnavailableActive=0 SatBackhaulHealthy=0 UavSwitchingXappAvailable=0 UavSwitchingXappState=DISABLED AiPredictedBackhaulMode=RULE_BASED BackhaulMode=TN_DIRECT RicControlState=TN_E2 ActiveUavRic=LOCAL_UAV_AUTONOMY NormalUeHandoverAllowed=1 UavMode=TN_CONTROLLED_COVERAGE_EXTENSION
UAV_AUTONOMY_XAPP Time=46.5 DeploymentMode=tn-uav UavIndex=1 UavCellId=6 BestDonorCellId=3 BestDonorDistanceM=249.311 XhaulConnected=1 XhaulChannelVariationDb=0 RawXhaulState=HEALTHY RawXhaulStateAgeSec=42 XhaulState=HEALTHY DonorUnavailableActive=0 SatBackhaulHealthy=0 UavSwitchingXappAvailable=0 UavSwitchingXappState=DISABLED AiPredictedBackhaulMode=RULE_BASED BackhaulMode=TN_DIRECT RicControlState=TN_E2 ActiveUavRic=LOCAL_UAV_AUTONOMY NormalUeHandoverAllowed=1 UavMode=TN_CONTROLLED_COVERAGE_EXTENSION
UAV_AUTONOMY_XAPP Time=46.5 DeploymentMode=tn-uav UavIndex=2 UavCellId=7 BestDonorCellId=2 BestDonorDistanceM=158.12 XhaulConnected=1 XhaulChannelVariationDb=0 RawXhaulState=HEALTHY RawXhaulStateAgeSec=42 XhaulState=HEALTHY DonorUnavailableActive=0 SatBackhaulHealthy=0 UavSwitchingXappAvailable=0 UavSwitchingXappState=DISABLED AiPredictedBackhaulMode=RULE_BASED BackhaulMode=TN_DIRECT RicControlState=TN_E2 ActiveUavRic=LOCAL_UAV_AUTONOMY NormalUeHandoverAllowed=1 UavMode=TN_CONTROLLED_COVERAGE_EXTENSION
---- LOAD at t=46.5 ----
  cell 1 (TN) load=19/20
  cell 2 (TN) load=19/20
  cell 3 (TN) load=15/20
  cell 4 (TN) load=20/20
  cell 5 (NTN) load=13/15
  cell 6 (NTN) load=6/15
  cell 7 (NTN) load=6/15
LM HO UE=12 rnti=161 3->2 type=TN servingRsrp=-110.939 targetRsrp=-85.1465 targetLoadReal=19/20 targetLoadEff=19/20
UE 13 TTT_WAIT target=1 elapsed=0s need=2s
UE 15 TTT_WAIT target=3 elapsed=0s need=2s
UE 18 TTT_WAIT target=3 elapsed=0s need=2s
UE 23 TTT_WAIT target=5 elapsed=0s need=2s
UE 24 TTT_WAIT target=3 elapsed=0s need=2s
UE 27 TTT_WAIT target=7 elapsed=0s need=2s
UE 29 TTT_WAIT target=1 elapsed=0s need=2s
UE 30 TTT_WAIT target=6 elapsed=0s need=2s
UE 32 TTT_WAIT target=7 elapsed=0s need=2s
LM HO UE=34 rnti=108 2->5 type=NTN servingRsrp=-103.093 targetRsrp=-79.0042 targetLoadReal=13/15 targetLoadEff=13/15
UE 38 TTT_WAIT target=1 elapsed=0s need=2s
UE 45 TTT_WAIT target=1 elapsed=0s need=2s
UE 47 TTT_WAIT target=3 elapsed=0s need=2s
UE 48 TTT_WAIT target=6 elapsed=0s need=2s
UE 51 TTT_WAIT target=1 elapsed=0s need=2s
LM HO UE=52 rnti=49 5->3 type=TN servingRsrp=-123.472 targetRsrp=-105.687 targetLoadReal=15/20 targetLoadEff=15/20
UE 53 TTT_WAIT target=3 elapsed=0s need=2s
UE 55 TTT_WAIT target=3 elapsed=0s need=2s
UE 58 TTT_WAIT target=1 elapsed=0s need=2s
UE 59 TTT_WAIT target=7 elapsed=0s need=2s
UE 64 TTT_WAIT target=1 elapsed=0s need=2s
UE 65 TTT_WAIT target=3 elapsed=0s need=2s
UE 71 TTT_WAIT target=7 elapsed=0s need=2s
LM HO_FAIL_LOW_RSRP UE=72 currCell=3 candCell=7 candRsrp=-118.576 < min=-110
LM HO_FAIL_LOW_RSRP UE=74 currCell=2 candCell=3 candRsrp=-113.935 < min=-110
LM HO_FAIL_LOW_RSRP UE=75 currCell=2 candCell=6 candRsrp=-112.863 < min=-110
LM HO_FAIL_LOW_RSRP UE=78 currCell=6 candCell=7 candRsrp=-120.646 < min=-110
UE 80 TTT_WAIT target=3 elapsed=0s need=2s
UE 82 TTT_WAIT target=1 elapsed=0s need=2s
UE 83 TTT_WAIT target=6 elapsed=0s need=2s
LM HO_FAIL_LOW_RSRP UE=86 currCell=3 candCell=6 candRsrp=-110.745 < min=-110
LM HO_FAIL_LOW_RSRP UE=87 currCell=4 candCell=7 candRsrp=-117.897 < min=-110
LM HO_FAIL_LOW_RSRP UE=89 currCell=2 candCell=3 candRsrp=-113.298 < min=-110
UE 90 TTT_WAIT target=1 elapsed=0s need=2s
UE 92 TTT_WAIT target=6 elapsed=0s need=2s
LM HO UE=94 rnti=99 1->5 type=NTN servingRsrp=-114.015 targetRsrp=-104.687 targetLoadReal=13/15 targetLoadEff=14/15
UE 95 TTT_WAIT target=1 elapsed=0s need=2s
LM HO_FAIL_LOW_RSRP UE=97 currCell=1 candCell=7 candRsrp=-118.985 < min=-110
LM HO_FAIL_LOW_RSRP UE=98 currCell=4 candCell=3 candRsrp=-113.438 < min=-110
UE 102 TTT_WAIT target=1 elapsed=0s need=2s
UE 103 TTT_WAIT target=3 elapsed=0s need=2s
LM HO_FAIL_LOW_RSRP UE=105 currCell=2 candCell=7 candRsrp=-120.467 < min=-110
LM HO_FAIL_LOW_RSRP UE=107 currCell=7 candCell=6 candRsrp=-114.698 < min=-110
TRACE HO_SUCCESS Time=46.6151 IMSI=11 TargetCell=2 Type=TN TargetRSRP=-78.9119 ServingRSRP=-100.481 BackhaulDlSnr=-999 BackhaulUlSnr=-999
TRACE HO_SUCCESS Time=46.6151 IMSI=51 TargetCell=3 Type=TN TargetRSRP=-97.861 ServingRSRP=-94.9275 BackhaulDlSnr=-999 BackhaulUlSnr=-999
TRACE HO_SUCCESS Time=46.6151 IMSI=93 TargetCell=5 Type=NTN TargetRSRP=-106.286 ServingRSRP=-79.1836 BackhaulDlSnr=-999 BackhaulUlSnr=-999
TRACE HO_SUCCESS Time=46.6151 IMSI=33 TargetCell=5 Type=NTN TargetRSRP=-110.071 ServingRSRP=-104.073 BackhaulDlSnr=-999 BackhaulUlSnr=-999
UAV_AUTONOMY_XAPP Time=48.5 DeploymentMode=tn-uav UavIndex=0 UavCellId=5 BestDonorCellId=1 BestDonorDistanceM=340.061 XhaulConnected=1 XhaulChannelVariationDb=0 RawXhaulState=HEALTHY RawXhaulStateAgeSec=44 XhaulState=HEALTHY DonorUnavailableActive=0 SatBackhaulHealthy=0 UavSwitchingXappAvailable=0 UavSwitchingXappState=DISABLED AiPredictedBackhaulMode=RULE_BASED BackhaulMode=TN_DIRECT RicControlState=TN_E2 ActiveUavRic=LOCAL_UAV_AUTONOMY NormalUeHandoverAllowed=1 UavMode=TN_CONTROLLED_COVERAGE_EXTENSION
UAV_AUTONOMY_XAPP Time=48.5 DeploymentMode=tn-uav UavIndex=1 UavCellId=6 BestDonorCellId=3 BestDonorDistanceM=270.327 XhaulConnected=1 XhaulChannelVariationDb=0 RawXhaulState=HEALTHY RawXhaulStateAgeSec=44 XhaulState=HEALTHY DonorUnavailableActive=0 SatBackhaulHealthy=0 UavSwitchingXappAvailable=0 UavSwitchingXappState=DISABLED AiPredictedBackhaulMode=RULE_BASED BackhaulMode=TN_DIRECT RicControlState=TN_E2 ActiveUavRic=LOCAL_UAV_AUTONOMY NormalUeHandoverAllowed=1 UavMode=TN_CONTROLLED_COVERAGE_EXTENSION
UAV_AUTONOMY_XAPP Time=48.5 DeploymentMode=tn-uav UavIndex=2 UavCellId=7 BestDonorCellId=2 BestDonorDistanceM=154.64 XhaulConnected=1 XhaulChannelVariationDb=0 RawXhaulState=HEALTHY RawXhaulStateAgeSec=44 XhaulState=HEALTHY DonorUnavailableActive=0 SatBackhaulHealthy=0 UavSwitchingXappAvailable=0 UavSwitchingXappState=DISABLED AiPredictedBackhaulMode=RULE_BASED BackhaulMode=TN_DIRECT RicControlState=TN_E2 ActiveUavRic=LOCAL_UAV_AUTONOMY NormalUeHandoverAllowed=1 UavMode=TN_CONTROLLED_COVERAGE_EXTENSION
---- LOAD at t=48.5 ----
  cell 1 (TN) load=18/20
  cell 2 (TN) load=19/20
  cell 3 (TN) load=15/20
  cell 4 (TN) load=20/20
  cell 5 (NTN) load=14/15
  cell 6 (NTN) load=6/15
  cell 7 (NTN) load=6/15
UE 8 TTT_WAIT target=1 elapsed=0s need=2s
UE 10 TTT_WAIT target=6 elapsed=0s need=2s
UE 11 TTT_WAIT target=3 elapsed=0s need=2s
UE 17 TTT_WAIT target=2 elapsed=0s need=2s
UE 22 TTT_WAIT target=3 elapsed=0s need=2s
UE 23 TTT_WAIT target=2 elapsed=0s need=2s
UE 29 TTT_WAIT target=6 elapsed=0s need=2s
UE 30 TTT_WAIT target=1 elapsed=0s need=2s
UE 34 TTT_WAIT target=2 elapsed=0s need=2s
UE 36 TTT_WAIT target=3 elapsed=0s need=2s
UE 38 TTT_WAIT target=3 elapsed=0s need=2s
UE 39 TTT_WAIT target=3 elapsed=0s need=2s
UE 42 TTT_WAIT target=5 elapsed=0s need=2s
UE 43 TTT_WAIT target=1 elapsed=0s need=2s
LM HO UE=45 rnti=185 4->1 type=TN servingRsrp=-106.849 targetRsrp=-101.561 targetLoadReal=18/20 targetLoadEff=18/20
LM HO UE=48 rnti=141 3->6 type=NTN servingRsrp=-102.256 targetRsrp=-95.7966 targetLoadReal=6/15 targetLoadEff=6/15
UE 49 TTT_WAIT target=2 elapsed=0s need=2s
LM HO UE=51 rnti=117 2->1 type=TN servingRsrp=-101.584 targetRsrp=-96.536 targetLoadReal=18/20 targetLoadEff=19/20
UE 52 TTT_WAIT target=7 elapsed=0s need=2s
LM HO UE=53 rnti=90 1->3 type=TN servingRsrp=-106.927 targetRsrp=-102.405 targetLoadReal=15/20 targetLoadEff=15/20
UE 56 TTT_WAIT target=3 elapsed=0s need=2s
UE 58 TTT_WAIT target=3 elapsed=0s need=2s
UE 64 TTT_WAIT target=2 elapsed=0s need=2s
LM HO UE=65 rnti=188 4->3 type=TN servingRsrp=-105.499 targetRsrp=-84.0995 targetLoadReal=15/20 targetLoadEff=16/20
LM HO_FAIL_LOW_RSRP UE=69 currCell=2 candCell=5 candRsrp=-111.648 < min=-110
UE 71 TTT_WAIT target=2 elapsed=0s need=2s
UE 74 TTT_WAIT target=3 elapsed=0s need=2s
LM HO_FAIL_LOW_RSRP UE=75 currCell=2 candCell=7 candRsrp=-117.943 < min=-110
LM HO_FAIL_LOW_RSRP UE=78 currCell=6 candCell=7 candRsrp=-118.55 < min=-110
UE 80 TTT_WAIT target=2 elapsed=0s need=2s
LM HO_FAIL_LOW_RSRP UE=81 currCell=4 candCell=2 candRsrp=-112.215 < min=-110
LM HO_FAIL_LOW_RSRP UE=84 currCell=6 candCell=7 candRsrp=-113.386 < min=-110
UE 86 TTT_WAIT target=6 elapsed=0s need=2s
LM HO_FAIL_LOW_RSRP UE=87 currCell=4 candCell=2 candRsrp=-115.042 < min=-110
LM HO_FAIL_LOW_RSRP UE=89 currCell=2 candCell=3 candRsrp=-114.546 < min=-110
UE 90 TTT_WAIT target=7 elapsed=0s need=2s
LM HO_FAIL_LOW_RSRP UE=91 currCell=1 candCell=2 candRsrp=-110.672 < min=-110
UE 92 TTT_WAIT target=7 elapsed=0s need=2s
UE 93 TTT_WAIT target=5 elapsed=0s need=2s
UE 95 TTT_WAIT target=6 elapsed=0s need=2s
UE 96 TTT_WAIT target=3 elapsed=0s need=2s
LM HO_FAIL_LOW_RSRP UE=97 currCell=1 candCell=5 candRsrp=-111.98 < min=-110
UE 98 TTT_WAIT target=6 elapsed=0s need=2s
LM HO_FAIL_LOW_RSRP UE=105 currCell=2 candCell=7 candRsrp=-117.333 < min=-110
LM HO_FAIL_LOW_RSRP UE=107 currCell=7 candCell=6 candRsrp=-114.037 < min=-110
TRACE HO_SUCCESS Time=48.6151 IMSI=50 TargetCell=1 Type=TN TargetRSRP=-102.873 ServingRSRP=-90.4928 BackhaulDlSnr=-999 BackhaulUlSnr=-999
TRACE HO_SUCCESS Time=48.6151 IMSI=44 TargetCell=1 Type=TN TargetRSRP=-102.771 ServingRSRP=-82.8274 BackhaulDlSnr=-999 BackhaulUlSnr=-999
TRACE HO_SUCCESS Time=48.6151 IMSI=52 TargetCell=3 Type=TN TargetRSRP=-100.657 ServingRSRP=-94.2298 BackhaulDlSnr=-999 BackhaulUlSnr=-999
TRACE HO_SUCCESS Time=48.6151 IMSI=64 TargetCell=3 Type=TN TargetRSRP=-99.7613 ServingRSRP=-83.5496 BackhaulDlSnr=-999 BackhaulUlSnr=-999
TRACE HO_SUCCESS Time=48.6151 IMSI=47 TargetCell=6 Type=NTN TargetRSRP=-100.779 ServingRSRP=-87.48 BackhaulDlSnr=-999 BackhaulUlSnr=-999
UAV_AUTONOMY_XAPP Time=50.5 DeploymentMode=tn-uav UavIndex=0 UavCellId=5 BestDonorCellId=1 BestDonorDistanceM=368.875 XhaulConnected=1 XhaulChannelVariationDb=0 RawXhaulState=HEALTHY RawXhaulStateAgeSec=46 XhaulState=HEALTHY DonorUnavailableActive=0 SatBackhaulHealthy=0 UavSwitchingXappAvailable=0 UavSwitchingXappState=DISABLED AiPredictedBackhaulMode=RULE_BASED BackhaulMode=TN_DIRECT RicControlState=TN_E2 ActiveUavRic=LOCAL_UAV_AUTONOMY NormalUeHandoverAllowed=1 UavMode=TN_CONTROLLED_COVERAGE_EXTENSION
UAV_AUTONOMY_XAPP Time=50.5 DeploymentMode=tn-uav UavIndex=1 UavCellId=6 BestDonorCellId=3 BestDonorDistanceM=292.188 XhaulConnected=1 XhaulChannelVariationDb=0 RawXhaulState=HEALTHY RawXhaulStateAgeSec=46 XhaulState=HEALTHY DonorUnavailableActive=0 SatBackhaulHealthy=0 UavSwitchingXappAvailable=0 UavSwitchingXappState=DISABLED AiPredictedBackhaulMode=RULE_BASED BackhaulMode=TN_DIRECT RicControlState=TN_E2 ActiveUavRic=LOCAL_UAV_AUTONOMY NormalUeHandoverAllowed=1 UavMode=TN_CONTROLLED_COVERAGE_EXTENSION
UAV_AUTONOMY_XAPP Time=50.5 DeploymentMode=tn-uav UavIndex=2 UavCellId=7 BestDonorCellId=2 BestDonorDistanceM=157.507 XhaulConnected=1 XhaulChannelVariationDb=0 RawXhaulState=HEALTHY RawXhaulStateAgeSec=46 XhaulState=HEALTHY DonorUnavailableActive=0 SatBackhaulHealthy=0 UavSwitchingXappAvailable=0 UavSwitchingXappState=DISABLED AiPredictedBackhaulMode=RULE_BASED BackhaulMode=TN_DIRECT RicControlState=TN_E2 ActiveUavRic=LOCAL_UAV_AUTONOMY NormalUeHandoverAllowed=1 UavMode=TN_CONTROLLED_COVERAGE_EXTENSION
---- LOAD at t=50.5 ----
  cell 1 (TN) load=19/20
  cell 2 (TN) load=18/20
  cell 3 (TN) load=16/20
  cell 4 (TN) load=18/20
  cell 5 (NTN) load=14/15
  cell 6 (NTN) load=7/15
  cell 7 (NTN) load=6/15
UE 8 TTT_WAIT target=7 elapsed=0s need=2s
UE 11 TTT_WAIT target=4 elapsed=0s need=2s
UE 22 TTT_WAIT target=4 elapsed=0s need=2s
UE 24 TTT_WAIT target=1 elapsed=0s need=2s
UE 26 TTT_WAIT target=4 elapsed=0s need=2s
UE 27 TTT_WAIT target=2 elapsed=0s need=2s
LM HO UE=29 rnti=158 3->6 type=NTN servingRsrp=-93.2842 targetRsrp=-86.1527 targetLoadReal=7/15 targetLoadEff=7/15
UE 31 TTT_WAIT target=2 elapsed=0s need=2s
UE 32 TTT_WAIT target=1 elapsed=0s need=2s
UE 33 TTT_WAIT target=1 elapsed=0s need=2s
UE 34 TTT_WAIT target=1 elapsed=0s need=2s
LM HO UE=36 rnti=110 4->3 type=TN servingRsrp=-106.251 targetRsrp=-103.839 targetLoadReal=16/20 targetLoadEff=16/20
UE 37 TTT_WAIT target=4 elapsed=0s need=2s
UE 42 TTT_WAIT target=7 elapsed=0s need=2s
UE 44 TTT_WAIT target=4 elapsed=0s need=2s
UE 45 TTT_WAIT target=7 elapsed=0s need=2s
UE 46 TTT_WAIT target=1 elapsed=0s need=2s
UE 49 TTT_WAIT target=6 elapsed=0s need=2s
UE 50 TTT_WAIT target=4 elapsed=0s need=2s
LM HO UE=52 rnti=162 3->7 type=NTN servingRsrp=-99.7041 targetRsrp=-79.2553 targetLoadReal=6/15 targetLoadEff=6/15
UE 53 TTT_WAIT target=1 elapsed=0s need=2s
UE 55 TTT_WAIT target=3 elapsed=0s need=2s
UE 56 TTT_WAIT target=2 elapsed=0s need=2s
UE 59 TTT_WAIT target=4 elapsed=0s need=2s
UE 61 TTT_WAIT target=1 elapsed=0s need=2s
UE 62 TTT_WAIT target=4 elapsed=0s need=2s
LM HO UE=64 rnti=190 4->2 type=TN servingRsrp=-101.521 targetRsrp=-69.5989 targetLoadReal=18/20 targetLoadEff=18/20
LM HO_FAIL_LOW_RSRP UE=69 currCell=2 candCell=7 candRsrp=-116.065 < min=-110
LM HO_FAIL_LOW_RSRP UE=72 currCell=3 candCell=2 candRsrp=-110.606 < min=-110
LM HO_FAIL_LOW_RSRP UE=74 currCell=2 candCell=3 candRsrp=-111.755 < min=-110
LM HO_FAIL_LOW_RSRP UE=75 currCell=2 candCell=1 candRsrp=-114.55 < min=-110
UE 77 TTT_WAIT target=6 elapsed=0s need=2s
UE 78 TTT_WAIT target=7 elapsed=0s need=2s
UE 79 TTT_WAIT target=7 elapsed=0s need=2s
LM HO_FAIL_LOW_RSRP UE=80 currCell=1 candCell=6 candRsrp=-111.842 < min=-110
LM HO_FAIL_LOW_RSRP UE=81 currCell=4 candCell=2 candRsrp=-110.889 < min=-110
LM HO_FAIL_LOW_RSRP UE=83 currCell=3 candCell=6 candRsrp=-110.826 < min=-110
UE 84 TTT_WAIT target=7 elapsed=0s need=2s
UE 85 TTT_WAIT target=2 elapsed=0s need=2s
LM HO_FAIL_LOW_RSRP UE=86 currCell=3 candCell=4 candRsrp=-122.895 < min=-110
LM HO_FAIL_LOW_RSRP UE=87 currCell=4 candCell=3 candRsrp=-115.706 < min=-110
LM HO_FAIL_LOW_RSRP UE=89 currCell=2 candCell=3 candRsrp=-112.449 < min=-110
UE 90 TTT_WAIT target=3 elapsed=0s need=2s
UE 91 TTT_WAIT target=4 elapsed=0s need=2s
UE 93 TTT_WAIT target=2 elapsed=0s need=2s
UE 94 TTT_WAIT target=4 elapsed=0s need=2s
UE 95 TTT_WAIT target=2 elapsed=0s need=2s
UE 97 TTT_WAIT target=5 elapsed=0s need=2s
LM HO UE=98 rnti=135 4->6 type=NTN servingRsrp=-115.214 targetRsrp=-102.334 targetLoadReal=7/15 targetLoadEff=8/15
UE 100 TTT_WAIT target=2 elapsed=0s need=2s
UE 102 TTT_WAIT target=2 elapsed=0s need=2s
UE 104 TTT_WAIT target=2 elapsed=0s need=2s
LM HO_FAIL_LOW_RSRP UE=105 currCell=2 candCell=7 candRsrp=-112.095 < min=-110
LM HO_FAIL_LOW_RSRP UE=107 currCell=7 candCell=6 candRsrp=-115.499 < min=-110
TRACE HO_SUCCESS Time=50.6151 IMSI=63 TargetCell=2 Type=TN TargetRSRP=-94.3097 ServingRSRP=-100.139 BackhaulDlSnr=-999 BackhaulUlSnr=-999
TRACE HO_SUCCESS Time=50.6151 IMSI=35 TargetCell=3 Type=TN TargetRSRP=-109.198 ServingRSRP=-102.394 BackhaulDlSnr=-999 BackhaulUlSnr=-999
TRACE HO_SUCCESS Time=50.6151 IMSI=28 TargetCell=6 Type=NTN TargetRSRP=-107.898 ServingRSRP=-104.741 BackhaulDlSnr=-999 BackhaulUlSnr=-999
TRACE HO_SUCCESS Time=50.6151 IMSI=97 TargetCell=6 Type=NTN TargetRSRP=-82.4288 ServingRSRP=-113.701 BackhaulDlSnr=-999 BackhaulUlSnr=-999
TRACE HO_SUCCESS Time=50.6151 IMSI=51 TargetCell=7 Type=NTN TargetRSRP=-87.105 ServingRSRP=-105.424 BackhaulDlSnr=-999 BackhaulUlSnr=-999
UAV_AUTONOMY_XAPP Time=52.5 DeploymentMode=tn-uav UavIndex=0 UavCellId=5 BestDonorCellId=1 BestDonorDistanceM=397.832 XhaulConnected=1 XhaulChannelVariationDb=0 RawXhaulState=HEALTHY RawXhaulStateAgeSec=48 XhaulState=HEALTHY DonorUnavailableActive=0 SatBackhaulHealthy=0 UavSwitchingXappAvailable=0 UavSwitchingXappState=DISABLED AiPredictedBackhaulMode=RULE_BASED BackhaulMode=TN_DIRECT RicControlState=TN_E2 ActiveUavRic=LOCAL_UAV_AUTONOMY NormalUeHandoverAllowed=1 UavMode=TN_CONTROLLED_COVERAGE_EXTENSION
UAV_AUTONOMY_XAPP Time=52.5 DeploymentMode=tn-uav UavIndex=1 UavCellId=6 BestDonorCellId=3 BestDonorDistanceM=316.581 XhaulConnected=1 XhaulChannelVariationDb=0 RawXhaulState=HEALTHY RawXhaulStateAgeSec=48 XhaulState=HEALTHY DonorUnavailableActive=0 SatBackhaulHealthy=0 UavSwitchingXappAvailable=0 UavSwitchingXappState=DISABLED AiPredictedBackhaulMode=RULE_BASED BackhaulMode=TN_DIRECT RicControlState=TN_E2 ActiveUavRic=LOCAL_UAV_AUTONOMY NormalUeHandoverAllowed=1 UavMode=TN_CONTROLLED_COVERAGE_EXTENSION
UAV_AUTONOMY_XAPP Time=52.5 DeploymentMode=tn-uav UavIndex=2 UavCellId=7 BestDonorCellId=2 BestDonorDistanceM=165.433 XhaulConnected=1 XhaulChannelVariationDb=0 RawXhaulState=HEALTHY RawXhaulStateAgeSec=48 XhaulState=HEALTHY DonorUnavailableActive=0 SatBackhaulHealthy=0 UavSwitchingXappAvailable=0 UavSwitchingXappState=DISABLED AiPredictedBackhaulMode=RULE_BASED BackhaulMode=TN_DIRECT RicControlState=TN_E2 ActiveUavRic=LOCAL_UAV_AUTONOMY NormalUeHandoverAllowed=1 UavMode=TN_CONTROLLED_COVERAGE_EXTENSION
---- LOAD at t=52.5 ----
  cell 1 (TN) load=19/20
  cell 2 (TN) load=19/20
  cell 3 (TN) load=15/20
  cell 4 (TN) load=15/20
  cell 5 (NTN) load=14/15
  cell 6 (NTN) load=10/15
  cell 7 (NTN) load=7/15
UE 8 TTT_WAIT target=1 elapsed=0s need=2s
UE 10 TTT_WAIT target=6 elapsed=0s need=2s
UE 16 TTT_WAIT target=2 elapsed=0s need=2s
UE 20 TTT_WAIT target=1 elapsed=0s need=2s
UE 22 TTT_WAIT target=2 elapsed=0s need=2s
UE 26 TTT_WAIT target=7 elapsed=0s need=2s
UE 27 TTT_WAIT target=3 elapsed=0s need=2s
UE 31 TTT_WAIT target=4 elapsed=0s need=2s
UE 33 TTT_WAIT target=4 elapsed=0s need=2s
UE 34 TTT_WAIT target=2 elapsed=0s need=2s
UE 35 TTT_WAIT target=1 elapsed=0s need=2s
UE 36 TTT_WAIT target=4 elapsed=0s need=2s
LM HO UE=37 rnti=110 2->4 type=TN servingRsrp=-95.3492 targetRsrp=-71.4494 targetLoadReal=15/20 targetLoadEff=15/20
UE 38 TTT_WAIT target=2 elapsed=0s need=2s
UE 39 TTT_WAIT target=4 elapsed=0s need=2s
UE 40 TTT_WAIT target=2 elapsed=0s need=2s
UE 41 TTT_WAIT target=3 elapsed=0s need=2s
UE 42 TTT_WAIT target=4 elapsed=0s need=2s
UE 45 TTT_WAIT target=4 elapsed=0s need=2s
UE 46 TTT_WAIT target=3 elapsed=0s need=2s
UE 47 TTT_WAIT target=3 elapsed=0s need=2s
UE 53 TTT_WAIT target=4 elapsed=0s need=2s
UE 56 TTT_WAIT target=3 elapsed=0s need=2s
UE 61 TTT_WAIT target=7 elapsed=0s need=2s
UE 63 TTT_WAIT target=1 elapsed=0s need=2s
UE 64 TTT_WAIT target=4 elapsed=0s need=2s
UE 65 TTT_WAIT target=6 elapsed=0s need=2s
UE 66 TTT_WAIT target=2 elapsed=0s need=2s
UE 69 TTT_WAIT target=7 elapsed=0s need=2s
LM HO_FAIL_LOW_RSRP UE=72 currCell=3 candCell=2 candRsrp=-111.24 < min=-110
UE 74 TTT_WAIT target=4 elapsed=0s need=2s
LM HO_FAIL_LOW_RSRP UE=75 currCell=2 candCell=7 candRsrp=-113.732 < min=-110
LM HO UE=77 rnti=157 3->6 type=NTN servingRsrp=-117 targetRsrp=-90.1583 targetLoadReal=10/15 targetLoadEff=10/15
LM HO UE=78 rnti=106 6->7 type=NTN servingRsrp=-124.637 targetRsrp=-100.594 targetLoadReal=7/15 targetLoadEff=7/15
LM HO_FAIL_LOW_RSRP UE=80 currCell=1 candCell=4 candRsrp=-113.153 < min=-110
LM HO_FAIL_LOW_RSRP UE=81 currCell=4 candCell=2 candRsrp=-111.312 < min=-110
UE 82 TTT_WAIT target=2 elapsed=0s need=2s
LM HO_FAIL_LOW_RSRP UE=83 currCell=3 candCell=6 candRsrp=-110.144 < min=-110
UE 85 TTT_WAIT target=6 elapsed=0s need=2s
LM HO_FAIL_LOW_RSRP UE=86 currCell=3 candCell=4 candRsrp=-122.163 < min=-110
LM HO_FAIL_LOW_RSRP UE=89 currCell=2 candCell=4 candRsrp=-116.801 < min=-110
LM HO UE=90 rnti=89 2->3 type=TN servingRsrp=-109.121 targetRsrp=-87.938 targetLoadReal=15/20 targetLoadEff=15/20
UE 92 TTT_WAIT target=6 elapsed=0s need=2s
UE 94 TTT_WAIT target=1 elapsed=0s need=2s
UE 95 TTT_WAIT target=4 elapsed=0s need=2s
UE 96 TTT_WAIT target=6 elapsed=0s need=2s
UE 97 TTT_WAIT target=7 elapsed=0s need=2s
LM HO_FAIL_LOW_RSRP UE=105 currCell=2 candCell=7 candRsrp=-111.585 < min=-110
UE 106 TTT_WAIT target=4 elapsed=0s need=2s
LM HO_FAIL_LOW_RSRP UE=107 currCell=7 candCell=6 candRsrp=-113.619 < min=-110
TRACE HO_SUCCESS Time=52.6151 IMSI=89 TargetCell=3 Type=TN TargetRSRP=-115.464 ServingRSRP=-87.7119 BackhaulDlSnr=-999 BackhaulUlSnr=-999
TRACE HO_SUCCESS Time=52.6151 IMSI=36 TargetCell=4 Type=TN TargetRSRP=-95.0044 ServingRSRP=-91.5692 BackhaulDlSnr=-999 BackhaulUlSnr=-999
TRACE HO_SUCCESS Time=52.6151 IMSI=76 TargetCell=6 Type=NTN TargetRSRP=-109.854 ServingRSRP=-117.419 BackhaulDlSnr=-999 BackhaulUlSnr=-999
TRACE HO_SUCCESS Time=52.6151 IMSI=77 TargetCell=7 Type=NTN TargetRSRP=-109.259 ServingRSRP=-113.659 BackhaulDlSnr=-999 BackhaulUlSnr=-999
UAV_AUTONOMY_XAPP Time=54.5 DeploymentMode=tn-uav UavIndex=0 UavCellId=5 BestDonorCellId=1 BestDonorDistanceM=426.934 XhaulConnected=1 XhaulChannelVariationDb=0 RawXhaulState=HEALTHY RawXhaulStateAgeSec=50 XhaulState=HEALTHY DonorUnavailableActive=0 SatBackhaulHealthy=0 UavSwitchingXappAvailable=0 UavSwitchingXappState=DISABLED AiPredictedBackhaulMode=RULE_BASED BackhaulMode=TN_DIRECT RicControlState=TN_E2 ActiveUavRic=LOCAL_UAV_AUTONOMY NormalUeHandoverAllowed=1 UavMode=TN_CONTROLLED_COVERAGE_EXTENSION
UAV_AUTONOMY_XAPP Time=54.5 DeploymentMode=tn-uav UavIndex=1 UavCellId=6 BestDonorCellId=3 BestDonorDistanceM=330.882 XhaulConnected=1 XhaulChannelVariationDb=0 RawXhaulState=HEALTHY RawXhaulStateAgeSec=50 XhaulState=HEALTHY DonorUnavailableActive=0 SatBackhaulHealthy=0 UavSwitchingXappAvailable=0 UavSwitchingXappState=DISABLED AiPredictedBackhaulMode=RULE_BASED BackhaulMode=TN_DIRECT RicControlState=TN_E2 ActiveUavRic=LOCAL_UAV_AUTONOMY NormalUeHandoverAllowed=1 UavMode=TN_CONTROLLED_COVERAGE_EXTENSION
UAV_AUTONOMY_XAPP Time=54.5 DeploymentMode=tn-uav UavIndex=2 UavCellId=7 BestDonorCellId=2 BestDonorDistanceM=179.225 XhaulConnected=1 XhaulChannelVariationDb=0 RawXhaulState=HEALTHY RawXhaulStateAgeSec=50 XhaulState=HEALTHY DonorUnavailableActive=0 SatBackhaulHealthy=0 UavSwitchingXappAvailable=0 UavSwitchingXappState=DISABLED AiPredictedBackhaulMode=RULE_BASED BackhaulMode=TN_DIRECT RicControlState=TN_E2 ActiveUavRic=LOCAL_UAV_AUTONOMY NormalUeHandoverAllowed=1 UavMode=TN_CONTROLLED_COVERAGE_EXTENSION
---- LOAD at t=54.5 ----
  cell 1 (TN) load=19/20
  cell 2 (TN) load=17/20
  cell 3 (TN) load=15/20
  cell 4 (TN) load=16/20
  cell 5 (NTN) load=14/15
  cell 6 (NTN) load=10/15
  cell 7 (NTN) load=8/15
LM HO UE=8 rnti=170 4->1 type=TN servingRsrp=-107.389 targetRsrp=-90.8228 targetLoadReal=19/20 targetLoadEff=19/20
UE 9 TTT_WAIT target=4 elapsed=0s need=2s
UE 10 TTT_WAIT target=3 elapsed=0s need=2s
UE 12 TTT_WAIT target=3 elapsed=0s need=2s
UE 15 TTT_WAIT target=4 elapsed=0s need=2s
LM HO UE=16 rnti=88 1->2 type=TN servingRsrp=-112.425 targetRsrp=-106.362 targetLoadReal=17/20 targetLoadEff=17/20
UE 17 TTT_WAIT target=4 elapsed=0s need=2s
UE 18 TTT_WAIT target=4 elapsed=0s need=2s
UE 19 TTT_WAIT target=4 elapsed=0s need=2s
UE 20 TTT_WAIT target=3 elapsed=0s need=2s
UE 21 TTT_WAIT target=7 elapsed=0s need=2s
UE 23 TTT_WAIT target=3 elapsed=0s need=2s
UE 25 TTT_WAIT target=3 elapsed=0s need=2s
UE 26 TTT_WAIT target=2 elapsed=0s need=2s
UE 27 TTT_WAIT target=2 elapsed=0s need=2s
UE 32 TTT_WAIT target=4 elapsed=0s need=2s
LM HO UE=33 rnti=139 3->4 type=TN servingRsrp=-107.487 targetRsrp=-97.532 targetLoadReal=16/20 targetLoadEff=16/20
LM HO UE=34 rnti=72 5->2 type=TN servingRsrp=-115.92 targetRsrp=-94.2665 targetLoadReal=17/20 targetLoadEff=18/20
UE 35 TTT_WAIT target=3 elapsed=0s need=2s
LM HO UE=36 rnti=165 3->4 type=TN servingRsrp=-108.71 targetRsrp=-86.635 targetLoadReal=16/20 targetLoadEff=17/20
UE 37 TTT_WAIT target=2 elapsed=0s need=2s
UE 38 TTT_WAIT target=7 elapsed=0s need=2s
LM HO UE=40 rnti=126 1->2 type=TN servingRsrp=-105.473 targetRsrp=-78.3835 targetLoadReal=17/20 targetLoadEff=19/20
LM HO UE=41 rnti=116 7->3 type=TN servingRsrp=-111.601 targetRsrp=-89.3809 targetLoadReal=15/20 targetLoadEff=15/20
LM HO UE=42 rnti=132 1->4 type=TN servingRsrp=-107.617 targetRsrp=-104.574 targetLoadReal=16/20 targetLoadEff=18/20
LM HO UE=47 rnti=157 4->3 type=TN servingRsrp=-91.0998 targetRsrp=-66.6112 targetLoadReal=15/20 targetLoadEff=16/20
UE 48 TTT_WAIT target=3 elapsed=0s need=2s
UE 51 TTT_WAIT target=4 elapsed=0s need=2s
UE 59 TTT_WAIT target=4 elapsed=0s need=2s
UE 62 TTT_WAIT target=4 elapsed=0s need=2s
LM HO UE=65 rnti=164 3->6 type=NTN servingRsrp=-106.731 targetRsrp=-92.9479 targetLoadReal=10/15 targetLoadEff=10/15
UE 69 TTT_WAIT target=3 elapsed=0s need=2s
UE 72 TTT_WAIT target=7 elapsed=0s need=2s
LM HO_FAIL_LOW_RSRP UE=74 currCell=2 candCell=3 candRsrp=-113.711 < min=-110
LM HO_FAIL_LOW_RSRP UE=80 currCell=1 candCell=3 candRsrp=-112.409 < min=-110
LM HO_FAIL_LOW_RSRP UE=81 currCell=4 candCell=7 candRsrp=-111.312 < min=-110
UE 82 TTT_WAIT target=3 elapsed=0s need=2s
UE 83 TTT_WAIT target=4 elapsed=0s need=2s
LM HO_FAIL_LOW_RSRP UE=84 currCell=6 candCell=7 candRsrp=-117.868 < min=-110
UE 86 TTT_WAIT target=6 elapsed=0s need=2s
LM HO_FAIL_LOW_RSRP UE=87 currCell=4 candCell=7 candRsrp=-114.831 < min=-110
LM HO_FAIL_LOW_RSRP UE=89 currCell=2 candCell=4 candRsrp=-117.087 < min=-110
LM HO_FAIL_LOW_RSRP UE=90 currCell=3 candCell=7 candRsrp=-110.123 < min=-110
UE 91 TTT_WAIT target=5 elapsed=0s need=2s
LM HO UE=92 rnti=134 3->6 type=NTN servingRsrp=-113.778 targetRsrp=-84.5344 targetLoadReal=10/15 targetLoadEff=11/15
UE 93 TTT_WAIT target=4 elapsed=0s need=2s
LM HO UE=95 rnti=124 3->4 type=TN servingRsrp=-113.212 targetRsrp=-77.1702 targetLoadReal=16/20 targetLoadEff=19/20
UE 97 TTT_WAIT target=5 elapsed=0s need=2s
UE 99 TTT_WAIT target=5 elapsed=0s need=2s
LM HO_FAIL_LOW_RSRP UE=105 currCell=2 candCell=7 candRsrp=-115.276 < min=-110
TRACE HO_SUCCESS Time=54.6151 IMSI=7 TargetCell=1 Type=TN TargetRSRP=-110.623 ServingRSRP=-84.2377 BackhaulDlSnr=-999 BackhaulUlSnr=-999
TRACE HO_SUCCESS Time=54.6151 IMSI=15 TargetCell=2 Type=TN TargetRSRP=-99.53 ServingRSRP=-105.624 BackhaulDlSnr=-999 BackhaulUlSnr=-999
TRACE HO_SUCCESS Time=54.6151 IMSI=39 TargetCell=2 Type=TN TargetRSRP=-107.369 ServingRSRP=-103.939 BackhaulDlSnr=-999 BackhaulUlSnr=-999
TRACE HO_SUCCESS Time=54.6151 IMSI=33 TargetCell=2 Type=TN TargetRSRP=-108.083 ServingRSRP=-108.385 BackhaulDlSnr=-999 BackhaulUlSnr=-999
TRACE HO_SUCCESS Time=54.6151 IMSI=46 TargetCell=3 Type=TN TargetRSRP=-64.6534 ServingRSRP=-79.3546 BackhaulDlSnr=-999 BackhaulUlSnr=-999
TRACE HO_SUCCESS Time=54.6151 IMSI=40 TargetCell=3 Type=TN TargetRSRP=-96.374 ServingRSRP=-101.212 BackhaulDlSnr=-999 BackhaulUlSnr=-999
TRACE HO_SUCCESS Time=54.6151 IMSI=41 TargetCell=4 Type=TN TargetRSRP=-112.733 ServingRSRP=-107.33 BackhaulDlSnr=-999 BackhaulUlSnr=-999
TRACE HO_SUCCESS Time=54.6151 IMSI=94 TargetCell=4 Type=TN TargetRSRP=-114.235 ServingRSRP=-105.132 BackhaulDlSnr=-999 BackhaulUlSnr=-999
TRACE HO_SUCCESS Time=54.6151 IMSI=32 TargetCell=4 Type=TN TargetRSRP=-107.379 ServingRSRP=-73.1941 BackhaulDlSnr=-999 BackhaulUlSnr=-999
TRACE HO_SUCCESS Time=54.6151 IMSI=35 TargetCell=4 Type=TN TargetRSRP=-111.882 ServingRSRP=-106.68 BackhaulDlSnr=-999 BackhaulUlSnr=-999
TRACE HO_SUCCESS Time=54.6151 IMSI=91 TargetCell=6 Type=NTN TargetRSRP=-101.701 ServingRSRP=-112.832 BackhaulDlSnr=-999 BackhaulUlSnr=-999
TRACE HO_SUCCESS Time=54.6151 IMSI=64 TargetCell=6 Type=NTN TargetRSRP=-91.1188 ServingRSRP=-91.5819 BackhaulDlSnr=-999 BackhaulUlSnr=-999
UAV_AUTONOMY_XAPP Time=56.5 DeploymentMode=tn-uav UavIndex=0 UavCellId=5 BestDonorCellId=1 BestDonorDistanceM=440.501 XhaulConnected=1 XhaulChannelVariationDb=0 RawXhaulState=HEALTHY RawXhaulStateAgeSec=52 XhaulState=HEALTHY DonorUnavailableActive=0 SatBackhaulHealthy=0 UavSwitchingXappAvailable=0 UavSwitchingXappState=DISABLED AiPredictedBackhaulMode=RULE_BASED BackhaulMode=TN_DIRECT RicControlState=TN_E2 ActiveUavRic=LOCAL_UAV_AUTONOMY NormalUeHandoverAllowed=1 UavMode=TN_CONTROLLED_COVERAGE_EXTENSION
UAV_AUTONOMY_XAPP Time=56.5 DeploymentMode=tn-uav UavIndex=1 UavCellId=6 BestDonorCellId=3 BestDonorDistanceM=314.265 XhaulConnected=1 XhaulChannelVariationDb=0 RawXhaulState=HEALTHY RawXhaulStateAgeSec=52 XhaulState=HEALTHY DonorUnavailableActive=0 SatBackhaulHealthy=0 UavSwitchingXappAvailable=0 UavSwitchingXappState=DISABLED AiPredictedBackhaulMode=RULE_BASED BackhaulMode=TN_DIRECT RicControlState=TN_E2 ActiveUavRic=LOCAL_UAV_AUTONOMY NormalUeHandoverAllowed=1 UavMode=TN_CONTROLLED_COVERAGE_EXTENSION
UAV_AUTONOMY_XAPP Time=56.5 DeploymentMode=tn-uav UavIndex=2 UavCellId=7 BestDonorCellId=2 BestDonorDistanceM=176.501 XhaulConnected=1 XhaulChannelVariationDb=0 RawXhaulState=HEALTHY RawXhaulStateAgeSec=52 XhaulState=HEALTHY DonorUnavailableActive=0 SatBackhaulHealthy=0 UavSwitchingXappAvailable=0 UavSwitchingXappState=DISABLED AiPredictedBackhaulMode=RULE_BASED BackhaulMode=TN_DIRECT RicControlState=TN_E2 ActiveUavRic=LOCAL_UAV_AUTONOMY NormalUeHandoverAllowed=1 UavMode=TN_CONTROLLED_COVERAGE_EXTENSION
---- LOAD at t=56.5 ----
  cell 1 (TN) load=17/20
  cell 2 (TN) load=20/20
  cell 3 (TN) load=12/20
  cell 4 (TN) load=18/20
  cell 5 (NTN) load=13/15
  cell 6 (NTN) load=12/15
  cell 7 (NTN) load=7/15
UE 8 TTT_WAIT target=3 elapsed=0s need=2s
UE 10 TTT_WAIT target=6 elapsed=0s need=2s
UE 11 TTT_WAIT target=4 elapsed=0s need=2s
UE 16 TTT_WAIT target=1 elapsed=0s need=2s
UE 18 TTT_WAIT target=7 elapsed=0s need=2s
UE 20 TTT_WAIT target=7 elapsed=0s need=2s
UE 23 TTT_WAIT target=6 elapsed=0s need=2s
UE 24 TTT_WAIT target=1 elapsed=0s need=2s
UE 29 TTT_WAIT target=4 elapsed=0s need=2s
UE 34 TTT_WAIT target=3 elapsed=0s need=2s
LM HO UE=35 rnti=116 2->3 type=TN servingRsrp=-99.7261 targetRsrp=-72.8226 targetLoadReal=12/20 targetLoadEff=12/20
LM HO_FAIL_LOW_RSRP UE=36 currCell=4 candCell=6 candRsrp=-111.779 < min=-110
UE 38 TTT_WAIT target=1 elapsed=0s need=2s
UE 39 TTT_WAIT target=3 elapsed=0s need=2s
UE 40 TTT_WAIT target=1 elapsed=0s need=2s
UE 41 TTT_WAIT target=3 elapsed=0s need=2s
UE 42 TTT_WAIT target=7 elapsed=0s need=2s
UE 45 TTT_WAIT target=4 elapsed=0s need=2s
LM HO UE=48 rnti=138 6->3 type=TN servingRsrp=-101.019 targetRsrp=-73.2943 targetLoadReal=12/20 targetLoadEff=13/20
UE 49 TTT_WAIT target=3 elapsed=0s need=2s
UE 50 TTT_WAIT target=4 elapsed=0s need=2s
UE 51 TTT_WAIT target=5 elapsed=0s need=2s
UE 53 TTT_WAIT target=4 elapsed=0s need=2s
UE 59 TTT_WAIT target=1 elapsed=0s need=2s
UE 64 TTT_WAIT target=1 elapsed=0s need=2s
UE 65 TTT_WAIT target=4 elapsed=0s need=2s
UE 66 TTT_WAIT target=3 elapsed=0s need=2s
UE 67 TTT_WAIT target=3 elapsed=0s need=2s
LM HO_FAIL_LOW_RSRP UE=69 currCell=2 candCell=7 candRsrp=-111.212 < min=-110
LM HO_FAIL_LOW_RSRP UE=72 currCell=3 candCell=1 candRsrp=-115.263 < min=-110
LM HO_FAIL_LOW_RSRP UE=74 currCell=2 candCell=4 candRsrp=-114.024 < min=-110
UE 75 TTT_WAIT target=7 elapsed=0s need=2s
LM HO_FAIL_LOW_RSRP UE=80 currCell=1 candCell=4 candRsrp=-114.247 < min=-110
UE 81 TTT_WAIT target=7 elapsed=0s need=2s
LM HO_FAIL_LOW_RSRP UE=83 currCell=3 candCell=7 candRsrp=-110.164 < min=-110
UE 85 TTT_WAIT target=1 elapsed=0s need=2s
LM HO UE=86 rnti=148 3->6 type=NTN servingRsrp=-124.112 targetRsrp=-93.5453 targetLoadReal=12/15 targetLoadEff=12/15
UE 87 TTT_WAIT target=3 elapsed=0s need=2s
LM HO_FAIL_LOW_RSRP UE=89 currCell=2 candCell=6 candRsrp=-111.214 < min=-110
LM HO_FAIL_LOW_RSRP UE=90 currCell=3 candCell=7 candRsrp=-111.897 < min=-110
UE 91 TTT_WAIT target=4 elapsed=0s need=2s
UE 93 TTT_WAIT target=1 elapsed=0s need=2s
UE 94 TTT_WAIT target=1 elapsed=0s need=2s
UE 95 TTT_WAIT target=3 elapsed=0s need=2s
UE 97 TTT_WAIT target=3 elapsed=0s need=2s
LM HO UE=99 rnti=56 7->5 type=NTN servingRsrp=-113.934 targetRsrp=-100.924 targetLoadReal=13/15 targetLoadEff=13/15
UE 105 TTT_WAIT target=1 elapsed=0s need=2s
LM HO_FAIL_LOW_RSRP UE=107 currCell=3 candCell=6 candRsrp=-111.695 < min=-110
TRACE HO_SUCCESS Time=56.6151 IMSI=34 TargetCell=3 Type=TN TargetRSRP=-110.46 ServingRSRP=-94.5784 BackhaulDlSnr=-999 BackhaulUlSnr=-999
TRACE HO_SUCCESS Time=56.6151 IMSI=47 TargetCell=3 Type=TN TargetRSRP=-109.83 ServingRSRP=-94.2309 BackhaulDlSnr=-999 BackhaulUlSnr=-999
TRACE HO_SUCCESS Time=56.6151 IMSI=98 TargetCell=5 Type=NTN TargetRSRP=-127.458 ServingRSRP=-97.0989 BackhaulDlSnr=-999 BackhaulUlSnr=-999
TRACE HO_SUCCESS Time=56.6151 IMSI=85 TargetCell=6 Type=NTN TargetRSRP=-91.7724 ServingRSRP=-118.217 BackhaulDlSnr=-999 BackhaulUlSnr=-999
UAV_AUTONOMY_XAPP Time=58.5 DeploymentMode=tn-uav UavIndex=0 UavCellId=5 BestDonorCellId=1 BestDonorDistanceM=419.629 XhaulConnected=1 XhaulChannelVariationDb=0 RawXhaulState=HEALTHY RawXhaulStateAgeSec=54 XhaulState=HEALTHY DonorUnavailableActive=0 SatBackhaulHealthy=0 UavSwitchingXappAvailable=0 UavSwitchingXappState=DISABLED AiPredictedBackhaulMode=RULE_BASED BackhaulMode=TN_DIRECT RicControlState=TN_E2 ActiveUavRic=LOCAL_UAV_AUTONOMY NormalUeHandoverAllowed=1 UavMode=TN_CONTROLLED_COVERAGE_EXTENSION
UAV_AUTONOMY_XAPP Time=58.5 DeploymentMode=tn-uav UavIndex=1 UavCellId=6 BestDonorCellId=3 BestDonorDistanceM=311.703 XhaulConnected=1 XhaulChannelVariationDb=0 RawXhaulState=HEALTHY RawXhaulStateAgeSec=54 XhaulState=HEALTHY DonorUnavailableActive=0 SatBackhaulHealthy=0 UavSwitchingXappAvailable=0 UavSwitchingXappState=DISABLED AiPredictedBackhaulMode=RULE_BASED BackhaulMode=TN_DIRECT RicControlState=TN_E2 ActiveUavRic=LOCAL_UAV_AUTONOMY NormalUeHandoverAllowed=1 UavMode=TN_CONTROLLED_COVERAGE_EXTENSION
UAV_AUTONOMY_XAPP Time=58.5 DeploymentMode=tn-uav UavIndex=2 UavCellId=7 BestDonorCellId=2 BestDonorDistanceM=186.085 XhaulConnected=1 XhaulChannelVariationDb=0 RawXhaulState=HEALTHY RawXhaulStateAgeSec=54 XhaulState=HEALTHY DonorUnavailableActive=0 SatBackhaulHealthy=0 UavSwitchingXappAvailable=0 UavSwitchingXappState=DISABLED AiPredictedBackhaulMode=RULE_BASED BackhaulMode=TN_DIRECT RicControlState=TN_E2 ActiveUavRic=LOCAL_UAV_AUTONOMY NormalUeHandoverAllowed=1 UavMode=TN_CONTROLLED_COVERAGE_EXTENSION
---- LOAD at t=58.5 ----
  cell 1 (TN) load=17/20
  cell 2 (TN) load=19/20
  cell 3 (TN) load=13/20
  cell 4 (TN) load=18/20
  cell 5 (NTN) load=14/15
  cell 6 (NTN) load=13/15
  cell 7 (NTN) load=6/15
UE 8 TTT_WAIT target=4 elapsed=0s need=2s
UE 9 TTT_WAIT target=3 elapsed=0s need=2s
LM HO UE=10 rnti=186 4->6 type=NTN servingRsrp=-107.226 targetRsrp=-100.536 targetLoadReal=13/15 targetLoadEff=13/15
UE 11 TTT_WAIT target=2 elapsed=0s need=2s
UE 16 TTT_WAIT target=4 elapsed=0s need=2s
UE 18 TTT_WAIT target=3 elapsed=0s need=2s
UE 20 TTT_WAIT target=4 elapsed=0s need=2s
UE 22 TTT_WAIT target=7 elapsed=0s need=2s
UE 24 TTT_WAIT target=3 elapsed=0s need=2s
UE 25 TTT_WAIT target=2 elapsed=0s need=2s
UE 26 TTT_WAIT target=7 elapsed=0s need=2s
UE 27 TTT_WAIT target=3 elapsed=0s need=2s
UE 30 TTT_WAIT target=6 elapsed=0s need=2s
UE 31 TTT_WAIT target=3 elapsed=0s need=2s
UE 33 TTT_WAIT target=3 elapsed=0s need=2s
UE 34 TTT_WAIT target=7 elapsed=0s need=2s
UE 35 TTT_WAIT target=2 elapsed=0s need=2s
UE 36 TTT_WAIT target=3 elapsed=0s need=2s
UE 37 TTT_WAIT target=3 elapsed=0s need=2s
UE 38 TTT_WAIT target=2 elapsed=0s need=2s
UE 48 TTT_WAIT target=4 elapsed=0s need=2s
LM HO_FAIL_LOW_RSRP UE=49 currCell=4 candCell=7 candRsrp=-118.703 < min=-110
UE 52 TTT_WAIT target=1 elapsed=0s need=2s
LM HO UE=53 rnti=163 3->4 type=TN servingRsrp=-107.854 targetRsrp=-102.847 targetLoadReal=18/20 targetLoadEff=18/20
UE 55 TTT_WAIT target=3 elapsed=0s need=2s
UE 58 TTT_WAIT target=2 elapsed=0s need=2s
UE 59 TTT_WAIT target=5 elapsed=0s need=2s
LM HO_FAIL_LOW_RSRP UE=61 currCell=3 candCell=6 candRsrp=-116.758 < min=-110
LM HO UE=64 rnti=119 2->1 type=TN servingRsrp=-101.277 targetRsrp=-98.6499 targetLoadReal=17/20 targetLoadEff=17/20
LM HO UE=66 rnti=161 4->3 type=TN servingRsrp=-108.663 targetRsrp=-87.9551 targetLoadReal=13/20 targetLoadEff=13/20
UE 69 TTT_WAIT target=3 elapsed=0s need=2s
LM HO_FAIL_LOW_RSRP UE=72 currCell=3 candCell=1 candRsrp=-114.186 < min=-110
UE 74 TTT_WAIT target=6 elapsed=0s need=2s
LM HO_FAIL_LOW_RSRP UE=75 currCell=2 candCell=3 candRsrp=-115.397 < min=-110
UE 78 TTT_WAIT target=2 elapsed=0s need=2s
UE 79 TTT_WAIT target=6 elapsed=0s need=2s
UE 81 TTT_WAIT target=2 elapsed=0s need=2s
UE 84 TTT_WAIT target=7 elapsed=0s need=2s
UE 86 TTT_WAIT target=7 elapsed=0s need=2s
LM HO UE=87 rnti=169 4->3 type=TN servingRsrp=-117.379 targetRsrp=-84.4576 targetLoadReal=13/20 targetLoadEff=14/20
LM HO_FAIL_LOW_RSRP UE=89 currCell=2 candCell=3 candRsrp=-115.456 < min=-110
UE 90 TTT_WAIT target=2 elapsed=0s need=2s
UE 91 TTT_WAIT target=2 elapsed=0s need=2s
LM HO_FAIL_LOW_RSRP UE=95 currCell=4 candCell=3 candRsrp=-111.425 < min=-110
LM HO_FAIL_LOW_RSRP UE=97 currCell=1 candCell=2 candRsrp=-110.945 < min=-110
LM HO_FAIL_LOW_RSRP UE=99 currCell=5 candCell=7 candRsrp=-113.388 < min=-110
UE 105 TTT_WAIT target=4 elapsed=0s need=2s
LM HO_FAIL_LOW_RSRP UE=107 currCell=3 candCell=4 candRsrp=-119.063 < min=-110
TRACE HO_SUCCESS Time=58.6151 IMSI=63 TargetCell=1 Type=TN TargetRSRP=-102.391 ServingRSRP=-78.5374 BackhaulDlSnr=-999 BackhaulUlSnr=-999
TRACE HO_SUCCESS Time=58.6151 IMSI=65 TargetCell=3 Type=TN TargetRSRP=-110.558 ServingRSRP=-106.307 BackhaulDlSnr=-999 BackhaulUlSnr=-999
TRACE HO_SUCCESS Time=58.6151 IMSI=86 TargetCell=3 Type=TN TargetRSRP=-123.54 ServingRSRP=-111.352 BackhaulDlSnr=-999 BackhaulUlSnr=-999
TRACE HO_SUCCESS Time=58.6151 IMSI=52 TargetCell=4 Type=TN TargetRSRP=-108.446 ServingRSRP=-93.2061 BackhaulDlSnr=-999 BackhaulUlSnr=-999
TRACE HO_SUCCESS Time=58.6151 IMSI=9 TargetCell=6 Type=NTN TargetRSRP=-92.5115 ServingRSRP=-106.795 BackhaulDlSnr=-999 BackhaulUlSnr=-999
UAV_AUTONOMY_XAPP Time=60.5 DeploymentMode=tn-uav UavIndex=0 UavCellId=5 BestDonorCellId=1 BestDonorDistanceM=400.237 XhaulConnected=1 XhaulChannelVariationDb=0 RawXhaulState=HEALTHY RawXhaulStateAgeSec=56 XhaulState=HEALTHY DonorUnavailableActive=0 SatBackhaulHealthy=0 UavSwitchingXappAvailable=0 UavSwitchingXappState=DISABLED AiPredictedBackhaulMode=RULE_BASED BackhaulMode=TN_DIRECT RicControlState=TN_E2 ActiveUavRic=LOCAL_UAV_AUTONOMY NormalUeHandoverAllowed=1 UavMode=TN_CONTROLLED_COVERAGE_EXTENSION
UAV_AUTONOMY_XAPP Time=60.5 DeploymentMode=tn-uav UavIndex=1 UavCellId=6 BestDonorCellId=3 BestDonorDistanceM=322.327 XhaulConnected=1 XhaulChannelVariationDb=0 RawXhaulState=HEALTHY RawXhaulStateAgeSec=56 XhaulState=HEALTHY DonorUnavailableActive=0 SatBackhaulHealthy=0 UavSwitchingXappAvailable=0 UavSwitchingXappState=DISABLED AiPredictedBackhaulMode=RULE_BASED BackhaulMode=TN_DIRECT RicControlState=TN_E2 ActiveUavRic=LOCAL_UAV_AUTONOMY NormalUeHandoverAllowed=1 UavMode=TN_CONTROLLED_COVERAGE_EXTENSION
UAV_AUTONOMY_XAPP Time=60.5 DeploymentMode=tn-uav UavIndex=2 UavCellId=7 BestDonorCellId=2 BestDonorDistanceM=206.065 XhaulConnected=1 XhaulChannelVariationDb=0 RawXhaulState=HEALTHY RawXhaulStateAgeSec=56 XhaulState=HEALTHY DonorUnavailableActive=0 SatBackhaulHealthy=0 UavSwitchingXappAvailable=0 UavSwitchingXappState=DISABLED AiPredictedBackhaulMode=RULE_BASED BackhaulMode=TN_DIRECT RicControlState=TN_E2 ActiveUavRic=LOCAL_UAV_AUTONOMY NormalUeHandoverAllowed=1 UavMode=TN_CONTROLLED_COVERAGE_EXTENSION
---- LOAD at t=60.5 ----
  cell 1 (TN) load=18/20
  cell 2 (TN) load=18/20
  cell 3 (TN) load=14/20
  cell 4 (TN) load=16/20
  cell 5 (NTN) load=14/15
  cell 6 (NTN) load=14/15
  cell 7 (NTN) load=6/15
LM HO UE=8 rnti=137 1->4 type=TN servingRsrp=-111.792 targetRsrp=-82.0829 targetLoadReal=16/20 targetLoadEff=16/20
UE 12 TTT_WAIT target=7 elapsed=0s need=2s
UE 14 TTT_WAIT target=4 elapsed=0s need=2s
UE 15 TTT_WAIT target=4 elapsed=0s need=2s
UE 16 TTT_WAIT target=1 elapsed=0s need=2s
UE 17 TTT_WAIT target=2 elapsed=0s need=2s
UE 18 TTT_WAIT target=4 elapsed=0s need=2s
UE 21 TTT_WAIT target=7 elapsed=0s need=2s
UE 22 TTT_WAIT target=5 elapsed=0s need=2s
UE 24 TTT_WAIT target=5 elapsed=0s need=2s
UE 29 TTT_WAIT target=3 elapsed=0s need=2s
LM HO UE=31 rnti=134 1->3 type=TN servingRsrp=-105.284 targetRsrp=-81.9313 targetLoadReal=14/20 targetLoadEff=14/20
UE 32 TTT_WAIT target=1 elapsed=0s need=2s
UE 33 TTT_WAIT target=2 elapsed=0s need=2s
LM HO UE=34 rnti=121 2->7 type=NTN servingRsrp=-110.564 targetRsrp=-107.241 targetLoadReal=6/15 targetLoadEff=6/15
LM HO UE=35 rnti=169 3->2 type=TN servingRsrp=-106.407 targetRsrp=-80.8199 targetLoadReal=18/20 targetLoadEff=18/20
UE 36 TTT_WAIT target=6 elapsed=0s need=2s
LM HO UE=37 rnti=191 4->3 type=TN servingRsrp=-99.8739 targetRsrp=-78.97 targetLoadReal=14/20 targetLoadEff=15/20
LM HO UE=38 rnti=184 4->2 type=TN servingRsrp=-109.515 targetRsrp=-90.7822 targetLoadReal=18/20 targetLoadEff=19/20
UE 39 TTT_WAIT target=5 elapsed=0s need=2s
UE 40 TTT_WAIT target=3 elapsed=0s need=2s
UE 41 TTT_WAIT target=4 elapsed=0s need=2s
UE 42 TTT_WAIT target=3 elapsed=0s need=2s
UE 44 TTT_WAIT target=1 elapsed=0s need=2s
UE 48 TTT_WAIT target=6 elapsed=0s need=2s
UE 49 TTT_WAIT target=3 elapsed=0s need=2s
UE 52 TTT_WAIT target=4 elapsed=0s need=2s
UE 56 TTT_WAIT target=7 elapsed=0s need=2s
UE 58 TTT_WAIT target=1 elapsed=0s need=2s
LM HO_FAIL_LOW_RSRP UE=59 currCell=2 candCell=7 candRsrp=-113.966 < min=-110
UE 62 TTT_WAIT target=1 elapsed=0s need=2s
UE 63 TTT_WAIT target=1 elapsed=0s need=2s
UE 67 TTT_WAIT target=7 elapsed=0s need=2s
LM HO_FAIL_LOW_RSRP UE=72 currCell=3 candCell=1 candRsrp=-116.512 < min=-110
UE 74 TTT_WAIT target=3 elapsed=0s need=2s
UE 75 TTT_WAIT target=7 elapsed=0s need=2s
LM HO_FAIL_LOW_RSRP UE=80 currCell=1 candCell=4 candRsrp=-113.561 < min=-110
LM HO_FAIL_LOW_RSRP UE=81 currCell=4 candCell=1 candRsrp=-114.598 < min=-110
UE 83 TTT_WAIT target=6 elapsed=0s need=2s
LM HO_FAIL_LOW_RSRP UE=84 currCell=6 candCell=7 candRsrp=-119.455 < min=-110
LM HO_FAIL_LOW_RSRP UE=87 currCell=3 candCell=7 candRsrp=-113.354 < min=-110
LM HO_FAIL_LOW_RSRP UE=89 currCell=2 candCell=3 candRsrp=-117.798 < min=-110
LM HO_FAIL_LOW_RSRP UE=90 currCell=3 candCell=4 candRsrp=-111.791 < min=-110
UE 91 TTT_WAIT target=5 elapsed=0s need=2s
LM HO_FAIL_LOW_RSRP UE=95 currCell=4 candCell=6 candRsrp=-113.226 < min=-110
UE 96 TTT_WAIT target=1 elapsed=0s need=2s
UE 97 TTT_WAIT target=5 elapsed=0s need=2s
LM HO_FAIL_LOW_RSRP UE=99 currCell=5 candCell=7 candRsrp=-115.009 < min=-110
UE 103 TTT_WAIT target=7 elapsed=0s need=2s
UE 107 TTT_WAIT target=7 elapsed=0s need=2s
TRACE HO_SUCCESS Time=60.6151 IMSI=34 TargetCell=2 Type=TN TargetRSRP=-104.809 ServingRSRP=-81.923 BackhaulDlSnr=-999 BackhaulUlSnr=-999
TRACE HO_SUCCESS Time=60.6151 IMSI=37 TargetCell=2 Type=TN TargetRSRP=-117.187 ServingRSRP=-109.907 BackhaulDlSnr=-999 BackhaulUlSnr=-999
TRACE HO_SUCCESS Time=60.6151 IMSI=30 TargetCell=3 Type=TN TargetRSRP=-114.183 ServingRSRP=-102.116 BackhaulDlSnr=-999 BackhaulUlSnr=-999
TRACE HO_SUCCESS Time=60.6151 IMSI=36 TargetCell=3 Type=TN TargetRSRP=-73.0225 ServingRSRP=-82.5546 BackhaulDlSnr=-999 BackhaulUlSnr=-999
TRACE HO_SUCCESS Time=60.6151 IMSI=7 TargetCell=4 Type=TN TargetRSRP=-107.019 ServingRSRP=-111.046 BackhaulDlSnr=-999 BackhaulUlSnr=-999
TRACE HO_SUCCESS Time=60.6151 IMSI=33 TargetCell=7 Type=NTN TargetRSRP=-109.265 ServingRSRP=-88.4741 BackhaulDlSnr=-999 BackhaulUlSnr=-999
UAV_AUTONOMY_XAPP Time=62.5 DeploymentMode=tn-uav UavIndex=0 UavCellId=5 BestDonorCellId=1 BestDonorDistanceM=382.397 XhaulConnected=1 XhaulChannelVariationDb=0 RawXhaulState=HEALTHY RawXhaulStateAgeSec=58 XhaulState=HEALTHY DonorUnavailableActive=0 SatBackhaulHealthy=0 UavSwitchingXappAvailable=0 UavSwitchingXappState=DISABLED AiPredictedBackhaulMode=RULE_BASED BackhaulMode=TN_DIRECT RicControlState=TN_E2 ActiveUavRic=LOCAL_UAV_AUTONOMY NormalUeHandoverAllowed=1 UavMode=TN_CONTROLLED_COVERAGE_EXTENSION
UAV_AUTONOMY_XAPP Time=62.5 DeploymentMode=tn-uav UavIndex=1 UavCellId=6 BestDonorCellId=3 BestDonorDistanceM=296.53 XhaulConnected=1 XhaulChannelVariationDb=0 RawXhaulState=HEALTHY RawXhaulStateAgeSec=58 XhaulState=HEALTHY DonorUnavailableActive=0 SatBackhaulHealthy=0 UavSwitchingXappAvailable=0 UavSwitchingXappState=DISABLED AiPredictedBackhaulMode=RULE_BASED BackhaulMode=TN_DIRECT RicControlState=TN_E2 ActiveUavRic=LOCAL_UAV_AUTONOMY NormalUeHandoverAllowed=1 UavMode=TN_CONTROLLED_COVERAGE_EXTENSION
UAV_AUTONOMY_XAPP Time=62.5 DeploymentMode=tn-uav UavIndex=2 UavCellId=7 BestDonorCellId=2 BestDonorDistanceM=228.348 XhaulConnected=1 XhaulChannelVariationDb=0 RawXhaulState=HEALTHY RawXhaulStateAgeSec=58 XhaulState=HEALTHY DonorUnavailableActive=0 SatBackhaulHealthy=0 UavSwitchingXappAvailable=0 UavSwitchingXappState=DISABLED AiPredictedBackhaulMode=RULE_BASED BackhaulMode=TN_DIRECT RicControlState=TN_E2 ActiveUavRic=LOCAL_UAV_AUTONOMY NormalUeHandoverAllowed=1 UavMode=TN_CONTROLLED_COVERAGE_EXTENSION
---- LOAD at t=62.5 ----
  cell 1 (TN) load=16/20
  cell 2 (TN) load=19/20
  cell 3 (TN) load=15/20
  cell 4 (TN) load=15/20
  cell 5 (NTN) load=14/15
  cell 6 (NTN) load=14/15
  cell 7 (NTN) load=7/15
UE 9 TTT_WAIT target=5 elapsed=0s need=2s
UE 10 TTT_WAIT target=1 elapsed=0s need=2s
UE 11 TTT_WAIT target=3 elapsed=0s need=2s
UE 15 TTT_WAIT target=3 elapsed=0s need=2s
UE 16 TTT_WAIT target=4 elapsed=0s need=2s
LM HO UE=17 rnti=129 1->2 type=TN servingRsrp=-100.443 targetRsrp=-96.3563 targetLoadReal=19/20 targetLoadEff=19/20
UE 22 TTT_WAIT target=4 elapsed=0s need=2s
UE 25 TTT_WAIT target=4 elapsed=0s need=2s
LM HO UE=29 rnti=139 6->3 type=TN servingRsrp=-111.536 targetRsrp=-82.3117 targetLoadReal=15/20 targetLoadEff=15/20
UE 30 TTT_WAIT target=7 elapsed=0s need=2s
UE 31 TTT_WAIT target=1 elapsed=0s need=2s
UE 32 TTT_WAIT target=4 elapsed=0s need=2s
UE 38 TTT_WAIT target=5 elapsed=0s need=2s
UE 39 TTT_WAIT target=1 elapsed=0s need=2s
UE 40 TTT_WAIT target=7 elapsed=0s need=2s
UE 41 TTT_WAIT target=6 elapsed=0s need=2s
UE 42 TTT_WAIT target=1 elapsed=0s need=2s
UE 44 TTT_WAIT target=7 elapsed=0s need=2s
UE 45 TTT_WAIT target=3 elapsed=0s need=2s
LM HO UE=48 rnti=170 3->6 type=NTN servingRsrp=-107.541 targetRsrp=-91.2328 targetLoadReal=14/15 targetLoadEff=14/15
LM HO UE=49 rnti=189 4->3 type=TN servingRsrp=-110.005 targetRsrp=-81.3762 targetLoadReal=15/20 targetLoadEff=16/20
UE 51 TTT_WAIT target=5 elapsed=0s need=2s
UE 52 TTT_WAIT target=1 elapsed=0s need=2s
UE 53 TTT_WAIT target=1 elapsed=0s need=2s
UE 54 TTT_WAIT target=1 elapsed=0s need=2s
UE 56 TTT_WAIT target=1 elapsed=0s need=2s
UE 59 TTT_WAIT target=7 elapsed=0s need=2s
UE 61 TTT_WAIT target=4 elapsed=0s need=2s
UE 65 TTT_WAIT target=4 elapsed=0s need=2s
UE 69 TTT_WAIT target=7 elapsed=0s need=2s
UE 72 TTT_WAIT target=1 elapsed=0s need=2s
LM HO_FAIL_LOW_RSRP UE=74 currCell=2 candCell=4 candRsrp=-112.756 < min=-110
LM HO_FAIL_LOW_RSRP UE=75 currCell=2 candCell=1 candRsrp=-114.873 < min=-110
UE 77 TTT_WAIT target=3 elapsed=0s need=2s
UE 81 TTT_WAIT target=3 elapsed=0s need=2s
UE 87 TTT_WAIT target=7 elapsed=0s need=2s
LM HO_FAIL_LOW_RSRP UE=89 currCell=2 candCell=4 candRsrp=-117.213 < min=-110
LM HO_FAIL_LOW_RSRP UE=90 currCell=3 candCell=1 candRsrp=-117.503 < min=-110
LM HO UE=91 rnti=119 1->5 type=NTN servingRsrp=-114.604 targetRsrp=-96.4042 targetLoadReal=14/15 targetLoadEff=14/15
UE 92 TTT_WAIT target=4 elapsed=0s need=2s
LM HO_FAIL_LOW_RSRP UE=95 currCell=4 candCell=3 candRsrp=-111.59 < min=-110
LM HO_FAIL_LOW_RSRP UE=97 currCell=1 candCell=7 candRsrp=-120.845 < min=-110
UE 99 TTT_WAIT target=7 elapsed=0s need=2s
UE 100 TTT_WAIT target=4 elapsed=0s need=2s
LM HO_FAIL_LOW_RSRP UE=105 currCell=2 candCell=7 candRsrp=-113.524 < min=-110
UE 106 TTT_WAIT target=1 elapsed=0s need=2s
LM HO_FAIL_LOW_RSRP UE=107 currCell=3 candCell=7 candRsrp=-128.212 < min=-110
TRACE HO_SUCCESS Time=62.6151 IMSI=16 TargetCell=2 Type=TN TargetRSRP=-91.1574 ServingRSRP=-73.116 BackhaulDlSnr=-999 BackhaulUlSnr=-999
TRACE HO_SUCCESS Time=62.6151 IMSI=48 TargetCell=3 Type=TN TargetRSRP=-114.913 ServingRSRP=-111.011 BackhaulDlSnr=-999 BackhaulUlSnr=-999
TRACE HO_SUCCESS Time=62.6151 IMSI=28 TargetCell=3 Type=TN TargetRSRP=-114.304 ServingRSRP=-94.7869 BackhaulDlSnr=-999 BackhaulUlSnr=-999
TRACE HO_SUCCESS Time=62.6151 IMSI=90 TargetCell=5 Type=NTN TargetRSRP=-96.373 ServingRSRP=-115.22 BackhaulDlSnr=-999 BackhaulUlSnr=-999
TRACE HO_SUCCESS Time=62.6151 IMSI=47 TargetCell=6 Type=NTN TargetRSRP=-99.9197 ServingRSRP=-98.4222 BackhaulDlSnr=-999 BackhaulUlSnr=-999
UAV_AUTONOMY_XAPP Time=64.5 DeploymentMode=tn-uav UavIndex=0 UavCellId=5 BestDonorCellId=1 BestDonorDistanceM=379.072 XhaulConnected=1 XhaulChannelVariationDb=0 RawXhaulState=HEALTHY RawXhaulStateAgeSec=60 XhaulState=HEALTHY DonorUnavailableActive=0 SatBackhaulHealthy=0 UavSwitchingXappAvailable=0 UavSwitchingXappState=DISABLED AiPredictedBackhaulMode=RULE_BASED BackhaulMode=TN_DIRECT RicControlState=TN_E2 ActiveUavRic=LOCAL_UAV_AUTONOMY NormalUeHandoverAllowed=1 UavMode=TN_CONTROLLED_COVERAGE_EXTENSION
UAV_AUTONOMY_XAPP Time=64.5 DeploymentMode=tn-uav UavIndex=1 UavCellId=6 BestDonorCellId=3 BestDonorDistanceM=274.224 XhaulConnected=1 XhaulChannelVariationDb=0 RawXhaulState=HEALTHY RawXhaulStateAgeSec=60 XhaulState=HEALTHY DonorUnavailableActive=0 SatBackhaulHealthy=0 UavSwitchingXappAvailable=0 UavSwitchingXappState=DISABLED AiPredictedBackhaulMode=RULE_BASED BackhaulMode=TN_DIRECT RicControlState=TN_E2 ActiveUavRic=LOCAL_UAV_AUTONOMY NormalUeHandoverAllowed=1 UavMode=TN_CONTROLLED_COVERAGE_EXTENSION
UAV_AUTONOMY_XAPP Time=64.5 DeploymentMode=tn-uav UavIndex=2 UavCellId=7 BestDonorCellId=2 BestDonorDistanceM=252.451 XhaulConnected=1 XhaulChannelVariationDb=0 RawXhaulState=HEALTHY RawXhaulStateAgeSec=60 XhaulState=HEALTHY DonorUnavailableActive=0 SatBackhaulHealthy=0 UavSwitchingXappAvailable=0 UavSwitchingXappState=DISABLED AiPredictedBackhaulMode=RULE_BASED BackhaulMode=TN_DIRECT RicControlState=TN_E2 ActiveUavRic=LOCAL_UAV_AUTONOMY NormalUeHandoverAllowed=1 UavMode=TN_CONTROLLED_COVERAGE_EXTENSION
---- LOAD at t=64.5 ----
  cell 1 (TN) load=14/20
  cell 2 (TN) load=20/20
  cell 3 (TN) load=16/20
  cell 4 (TN) load=14/20
  cell 5 (NTN) load=15/15
  cell 6 (NTN) load=14/15
  cell 7 (NTN) load=7/15
LM HO_FAIL_LOW_RSRP UE=8 currCell=4 candCell=6 candRsrp=-117.257 < min=-110
UE 9 TTT_WAIT target=3 elapsed=0s need=2s
UE 10 TTT_WAIT target=4 elapsed=0s need=2s
UE 14 TTT_WAIT target=1 elapsed=0s need=2s
LM HO UE=15 rnti=100 1->3 type=TN servingRsrp=-108.086 targetRsrp=-105.216 targetLoadReal=16/20 targetLoadEff=16/20
LM HO_FAIL_LOW_RSRP UE=16 currCell=2 candCell=7 candRsrp=-117.896 < min=-110
UE 17 TTT_WAIT target=1 elapsed=0s need=2s
UE 18 TTT_WAIT target=4 elapsed=0s need=2s
UE 20 TTT_WAIT target=7 elapsed=0s need=2s
LM HO_FAIL_LOW_RSRP UE=24 currCell=4 candCell=6 candRsrp=-113.077 < min=-110
UE 27 TTT_WAIT target=7 elapsed=0s need=2s
UE 29 TTT_WAIT target=6 elapsed=0s need=2s
LM HO UE=31 rnti=173 3->1 type=TN servingRsrp=-111.166 targetRsrp=-108.82 targetLoadReal=14/20 targetLoadEff=14/20
UE 37 TTT_WAIT target=1 elapsed=0s need=2s
UE 38 TTT_WAIT target=4 elapsed=0s need=2s
UE 40 TTT_WAIT target=1 elapsed=0s need=2s
UE 41 TTT_WAIT target=3 elapsed=0s need=2s
UE 45 TTT_WAIT target=4 elapsed=0s need=2s
UE 46 TTT_WAIT target=3 elapsed=0s need=2s
UE 48 TTT_WAIT target=4 elapsed=0s need=2s
UE 49 TTT_WAIT target=1 elapsed=0s need=2s
UE 50 TTT_WAIT target=3 elapsed=0s need=2s
UE 52 TTT_WAIT target=3 elapsed=0s need=2s
UE 53 TTT_WAIT target=3 elapsed=0s need=2s
UE 55 TTT_WAIT target=7 elapsed=0s need=2s
LM HO UE=56 rnti=182 4->1 type=TN servingRsrp=-101.61 targetRsrp=-96.5304 targetLoadReal=14/20 targetLoadEff=15/20
UE 58 TTT_WAIT target=3 elapsed=0s need=2s
UE 59 TTT_WAIT target=1 elapsed=0s need=2s
LM HO_FAIL_LOW_RSRP UE=61 currCell=3 candCell=6 candRsrp=-115.888 < min=-110
UE 64 TTT_WAIT target=4 elapsed=0s need=2s
UE 66 TTT_WAIT target=1 elapsed=0s need=2s
UE 67 TTT_WAIT target=4 elapsed=0s need=2s
LM HO UE=69 rnti=99 2->7 type=NTN servingRsrp=-112.907 targetRsrp=-90.4831 targetLoadReal=7/15 targetLoadEff=7/15
LM HO_FAIL_LOW_RSRP UE=72 currCell=3 candCell=1 candRsrp=-115.83 < min=-110
LM HO_FAIL_LOW_RSRP UE=74 currCell=2 candCell=4 candRsrp=-114.159 < min=-110
LM HO_FAIL_LOW_RSRP UE=75 currCell=2 candCell=7 candRsrp=-113.399 < min=-110
UE 80 TTT_WAIT target=4 elapsed=0s need=2s
LM HO UE=81 rnti=181 4->3 type=TN servingRsrp=-124.212 targetRsrp=-83.0506 targetLoadReal=16/20 targetLoadEff=17/20
UE 83 TTT_WAIT target=4 elapsed=0s need=2s
UE 84 TTT_WAIT target=1 elapsed=0s need=2s
UE 87 TTT_WAIT target=4 elapsed=0s need=2s
LM HO_FAIL_LOW_RSRP UE=89 currCell=2 candCell=3 candRsrp=-117.532 < min=-110
LM HO_FAIL_LOW_RSRP UE=90 currCell=3 candCell=1 candRsrp=-113.907 < min=-110
UE 94 TTT_WAIT target=6 elapsed=0s need=2s
UE 95 TTT_WAIT target=6 elapsed=0s need=2s
LM HO_FAIL_LOW_RSRP UE=97 currCell=1 candCell=7 candRsrp=-122.53 < min=-110
UE 98 TTT_WAIT target=4 elapsed=0s need=2s
LM HO UE=99 rnti=74 5->7 type=NTN servingRsrp=-128.734 targetRsrp=-83.4879 targetLoadReal=7/15 targetLoadEff=8/15
UE 106 TTT_WAIT target=3 elapsed=0s need=2s
LM HO_FAIL_LOW_RSRP UE=107 currCell=3 candCell=4 candRsrp=-119.396 < min=-110
TRACE HO_SUCCESS Time=64.6151 IMSI=30 TargetCell=1 Type=TN TargetRSRP=-113.78 ServingRSRP=-100.606 BackhaulDlSnr=-999 BackhaulUlSnr=-999
TRACE HO_SUCCESS Time=64.6151 IMSI=55 TargetCell=1 Type=TN TargetRSRP=-113.219 ServingRSRP=-104.672 BackhaulDlSnr=-999 BackhaulUlSnr=-999
TRACE HO_SUCCESS Time=64.6151 IMSI=14 TargetCell=3 Type=TN TargetRSRP=-107.439 ServingRSRP=-104.913 BackhaulDlSnr=-999 BackhaulUlSnr=-999
TRACE HO_SUCCESS Time=64.6151 IMSI=80 TargetCell=3 Type=TN TargetRSRP=-123.703 ServingRSRP=-104.632 BackhaulDlSnr=-999 BackhaulUlSnr=-999
TRACE HO_SUCCESS Time=64.6151 IMSI=68 TargetCell=7 Type=NTN TargetRSRP=-103.691 ServingRSRP=-111.142 BackhaulDlSnr=-999 BackhaulUlSnr=-999
TRACE HO_SUCCESS Time=64.6151 IMSI=98 TargetCell=7 Type=NTN TargetRSRP=-108.877 ServingRSRP=-127.801 BackhaulDlSnr=-999 BackhaulUlSnr=-999
UAV_AUTONOMY_XAPP Time=66.5 DeploymentMode=tn-uav UavIndex=0 UavCellId=5 BestDonorCellId=1 BestDonorDistanceM=378.477 XhaulConnected=1 XhaulChannelVariationDb=0 RawXhaulState=HEALTHY RawXhaulStateAgeSec=62 XhaulState=HEALTHY DonorUnavailableActive=0 SatBackhaulHealthy=0 UavSwitchingXappAvailable=0 UavSwitchingXappState=DISABLED AiPredictedBackhaulMode=RULE_BASED BackhaulMode=TN_DIRECT RicControlState=TN_E2 ActiveUavRic=LOCAL_UAV_AUTONOMY NormalUeHandoverAllowed=1 UavMode=TN_CONTROLLED_COVERAGE_EXTENSION
UAV_AUTONOMY_XAPP Time=66.5 DeploymentMode=tn-uav UavIndex=1 UavCellId=6 BestDonorCellId=3 BestDonorDistanceM=258.231 XhaulConnected=1 XhaulChannelVariationDb=0 RawXhaulState=HEALTHY RawXhaulStateAgeSec=62 XhaulState=HEALTHY DonorUnavailableActive=0 SatBackhaulHealthy=0 UavSwitchingXappAvailable=0 UavSwitchingXappState=DISABLED AiPredictedBackhaulMode=RULE_BASED BackhaulMode=TN_DIRECT RicControlState=TN_E2 ActiveUavRic=LOCAL_UAV_AUTONOMY NormalUeHandoverAllowed=1 UavMode=TN_CONTROLLED_COVERAGE_EXTENSION
UAV_AUTONOMY_XAPP Time=66.5 DeploymentMode=tn-uav UavIndex=2 UavCellId=7 BestDonorCellId=2 BestDonorDistanceM=263.416 XhaulConnected=1 XhaulChannelVariationDb=0 RawXhaulState=HEALTHY RawXhaulStateAgeSec=62 XhaulState=HEALTHY DonorUnavailableActive=0 SatBackhaulHealthy=0 UavSwitchingXappAvailable=0 UavSwitchingXappState=DISABLED AiPredictedBackhaulMode=RULE_BASED BackhaulMode=TN_DIRECT RicControlState=TN_E2 ActiveUavRic=LOCAL_UAV_AUTONOMY NormalUeHandoverAllowed=1 UavMode=TN_CONTROLLED_COVERAGE_EXTENSION
---- LOAD at t=66.5 ----
  cell 1 (TN) load=15/20
  cell 2 (TN) load=19/20
  cell 3 (TN) load=17/20
  cell 4 (TN) load=12/20
  cell 5 (NTN) load=14/15
  cell 6 (NTN) load=14/15
  cell 7 (NTN) load=9/15
UE 8 TTT_WAIT target=3 elapsed=0s need=2s
UE 9 TTT_WAIT target=4 elapsed=0s need=2s
UE 11 TTT_WAIT target=4 elapsed=0s need=2s
UE 12 TTT_WAIT target=7 elapsed=0s need=2s
UE 15 TTT_WAIT target=4 elapsed=0s need=2s
UE 16 TTT_WAIT target=5 elapsed=0s need=2s
LM HO UE=18 rnti=130 1->4 type=TN servingRsrp=-108.653 targetRsrp=-105.573 targetLoadReal=12/20 targetLoadEff=12/20
UE 19 TTT_WAIT target=4 elapsed=0s need=2s
UE 22 TTT_WAIT target=3 elapsed=0s need=2s
LM HO_FAIL_LOW_RSRP UE=24 currCell=4 candCell=6 candRsrp=-111.025 < min=-110
LM HO UE=29 rnti=175 3->6 type=NTN servingRsrp=-110.336 targetRsrp=-107.848 targetLoadReal=14/15 targetLoadEff=14/15
UE 30 TTT_WAIT target=7 elapsed=0s need=2s
UE 31 TTT_WAIT target=3 elapsed=0s need=2s
UE 32 TTT_WAIT target=2 elapsed=0s need=2s
UE 33 TTT_WAIT target=7 elapsed=0s need=2s
UE 35 TTT_WAIT target=4 elapsed=0s need=2s
LM HO UE=37 rnti=174 3->1 type=TN servingRsrp=-79.3805 targetRsrp=-74.7507 targetLoadReal=15/20 targetLoadEff=15/20
UE 38 TTT_WAIT target=5 elapsed=0s need=2s
UE 39 TTT_WAIT target=7 elapsed=0s need=2s
LM HO UE=40 rnti=122 2->1 type=TN servingRsrp=-109.754 targetRsrp=-105.666 targetLoadReal=15/20 targetLoadEff=16/20
UE 41 TTT_WAIT target=4 elapsed=0s need=2s
UE 42 TTT_WAIT target=5 elapsed=0s need=2s
UE 43 TTT_WAIT target=5 elapsed=0s need=2s
UE 44 TTT_WAIT target=7 elapsed=0s need=2s
UE 45 TTT_WAIT target=5 elapsed=0s need=2s
UE 46 TTT_WAIT target=2 elapsed=0s need=2s
UE 47 TTT_WAIT target=1 elapsed=0s need=2s
UE 49 TTT_WAIT target=2 elapsed=0s need=2s
UE 51 TTT_WAIT target=2 elapsed=0s need=2s
LM HO UE=52 rnti=133 7->3 type=TN servingRsrp=-114.188 targetRsrp=-104.384 targetLoadReal=17/20 targetLoadEff=17/20
LM HO UE=53 rnti=196 4->3 type=TN servingRsrp=-105.099 targetRsrp=-90.8715 targetLoadReal=17/20 targetLoadEff=18/20
LM HO_FAIL_LOW_RSRP UE=54 currCell=4 candCell=5 candRsrp=-115.971 < min=-110
UE 56 TTT_WAIT target=4 elapsed=0s need=2s
UE 61 TTT_WAIT target=4 elapsed=0s need=2s
UE 63 TTT_WAIT target=1 elapsed=0s need=2s
UE 64 TTT_WAIT target=3 elapsed=0s need=2s
LM HO_FAIL_LOW_RSRP UE=66 currCell=3 candCell=4 candRsrp=-110.277 < min=-110
UE 71 TTT_WAIT target=7 elapsed=0s need=2s
LM HO_FAIL_LOW_RSRP UE=72 currCell=3 candCell=1 candRsrp=-116.255 < min=-110
UE 73 TTT_WAIT target=2 elapsed=0s need=2s
UE 74 TTT_WAIT target=1 elapsed=0s need=2s
LM HO_FAIL_LOW_RSRP UE=75 currCell=2 candCell=7 candRsrp=-113.603 < min=-110
LM HO_FAIL_LOW_RSRP UE=80 currCell=1 candCell=3 candRsrp=-115.769 < min=-110
UE 81 TTT_WAIT target=1 elapsed=0s need=2s
UE 82 TTT_WAIT target=1 elapsed=0s need=2s
LM HO_FAIL_LOW_RSRP UE=83 currCell=3 candCell=7 candRsrp=-120.018 < min=-110
UE 84 TTT_WAIT target=5 elapsed=0s need=2s
LM HO_FAIL_LOW_RSRP UE=87 currCell=3 candCell=1 candRsrp=-114.331 < min=-110
UE 88 TTT_WAIT target=1 elapsed=0s need=2s
LM HO_FAIL_LOW_RSRP UE=89 currCell=2 candCell=3 candRsrp=-117.521 < min=-110
UE 90 TTT_WAIT target=4 elapsed=0s need=2s
UE 92 TTT_WAIT target=1 elapsed=0s need=2s
LM HO_FAIL_LOW_RSRP UE=95 currCell=4 candCell=3 candRsrp=-112.498 < min=-110
LM HO_FAIL_LOW_RSRP UE=97 currCell=1 candCell=2 candRsrp=-111.951 < min=-110
UE 103 TTT_WAIT target=1 elapsed=0s need=2s
UE 105 TTT_WAIT target=7 elapsed=0s need=2s
UE 107 TTT_WAIT target=2 elapsed=0s need=2s
TRACE HO_SUCCESS Time=66.6151 IMSI=39 TargetCell=1 Type=TN TargetRSRP=-106.104 ServingRSRP=-94.5038 BackhaulDlSnr=-999 BackhaulUlSnr=-999
TRACE HO_SUCCESS Time=66.6151 IMSI=36 TargetCell=1 Type=TN TargetRSRP=-99.846 ServingRSRP=-72.7682 BackhaulDlSnr=-999 BackhaulUlSnr=-999
TRACE HO_SUCCESS Time=66.6151 IMSI=52 TargetCell=3 Type=TN TargetRSRP=-109.671 ServingRSRP=-104.114 BackhaulDlSnr=-999 BackhaulUlSnr=-999
TRACE HO_SUCCESS Time=66.6151 IMSI=51 TargetCell=3 Type=TN TargetRSRP=-109.832 ServingRSRP=-104.014 BackhaulDlSnr=-999 BackhaulUlSnr=-999
TRACE HO_SUCCESS Time=66.6151 IMSI=17 TargetCell=4 Type=TN TargetRSRP=-105.039 ServingRSRP=-109.412 BackhaulDlSnr=-999 BackhaulUlSnr=-999
TRACE HO_SUCCESS Time=66.6151 IMSI=28 TargetCell=6 Type=NTN TargetRSRP=-93.3475 ServingRSRP=-102.438 BackhaulDlSnr=-999 BackhaulUlSnr=-999
UAV_AUTONOMY_XAPP Time=68.5 DeploymentMode=tn-uav UavIndex=0 UavCellId=5 BestDonorCellId=1 BestDonorDistanceM=369.335 XhaulConnected=1 XhaulChannelVariationDb=0 RawXhaulState=HEALTHY RawXhaulStateAgeSec=64 XhaulState=HEALTHY DonorUnavailableActive=0 SatBackhaulHealthy=0 UavSwitchingXappAvailable=0 UavSwitchingXappState=DISABLED AiPredictedBackhaulMode=RULE_BASED BackhaulMode=TN_DIRECT RicControlState=TN_E2 ActiveUavRic=LOCAL_UAV_AUTONOMY NormalUeHandoverAllowed=1 UavMode=TN_CONTROLLED_COVERAGE_EXTENSION
UAV_AUTONOMY_XAPP Time=68.5 DeploymentMode=tn-uav UavIndex=1 UavCellId=6 BestDonorCellId=3 BestDonorDistanceM=255.168 XhaulConnected=1 XhaulChannelVariationDb=0 RawXhaulState=HEALTHY RawXhaulStateAgeSec=64 XhaulState=HEALTHY DonorUnavailableActive=0 SatBackhaulHealthy=0 UavSwitchingXappAvailable=0 UavSwitchingXappState=DISABLED AiPredictedBackhaulMode=RULE_BASED BackhaulMode=TN_DIRECT RicControlState=TN_E2 ActiveUavRic=LOCAL_UAV_AUTONOMY NormalUeHandoverAllowed=1 UavMode=TN_CONTROLLED_COVERAGE_EXTENSION
UAV_AUTONOMY_XAPP Time=68.5 DeploymentMode=tn-uav UavIndex=2 UavCellId=7 BestDonorCellId=2 BestDonorDistanceM=248.85 XhaulConnected=1 XhaulChannelVariationDb=0 RawXhaulState=HEALTHY RawXhaulStateAgeSec=64 XhaulState=HEALTHY DonorUnavailableActive=0 SatBackhaulHealthy=0 UavSwitchingXappAvailable=0 UavSwitchingXappState=DISABLED AiPredictedBackhaulMode=RULE_BASED BackhaulMode=TN_DIRECT RicControlState=TN_E2 ActiveUavRic=LOCAL_UAV_AUTONOMY NormalUeHandoverAllowed=1 UavMode=TN_CONTROLLED_COVERAGE_EXTENSION
---- LOAD at t=68.5 ----
  cell 1 (TN) load=16/20
  cell 2 (TN) load=18/20
  cell 3 (TN) load=17/20
  cell 4 (TN) load=12/20
  cell 5 (NTN) load=14/15
  cell 6 (NTN) load=15/15
  cell 7 (NTN) load=8/15
UE 8 TTT_WAIT target=2 elapsed=0s need=2s
UE 11 TTT_WAIT target=2 elapsed=0s need=2s
UE 13 TTT_WAIT target=4 elapsed=0s need=2s
UE 14 TTT_WAIT target=3 elapsed=0s need=2s
LM HO UE=16 rnti=120 2->5 type=NTN servingRsrp=-111.825 targetRsrp=-97.7723 targetLoadReal=14/15 targetLoadEff=14/15
UE 18 TTT_WAIT target=3 elapsed=0s need=2s
LM HO UE=22 rnti=121 1->3 type=TN servingRsrp=-105.498 targetRsrp=-91.1929 targetLoadReal=17/20 targetLoadEff=17/20
UE 23 TTT_WAIT target=4 elapsed=0s need=2s
LM HO_FAIL_LOW_RSRP UE=24 currCell=4 candCell=7 candRsrp=-125.994 < min=-110
UE 25 TTT_WAIT target=2 elapsed=0s need=2s
UE 32 TTT_WAIT target=4 elapsed=0s need=2s
LM HO_FAIL_LOW_RSRP UE=36 currCell=4 candCell=7 candRsrp=-125.377 < min=-110
UE 37 TTT_WAIT target=4 elapsed=0s need=2s
LM HO UE=39 rnti=114 2->7 type=NTN servingRsrp=-114.619 targetRsrp=-106.205 targetLoadReal=8/15 targetLoadEff=8/15
UE 40 TTT_WAIT target=4 elapsed=0s need=2s
UE 41 TTT_WAIT target=2 elapsed=0s need=2s
LM HO_FAIL_LOW_RSRP UE=42 currCell=4 candCell=7 candRsrp=-119.541 < min=-110
UE 49 TTT_WAIT target=4 elapsed=0s need=2s
UE 50 TTT_WAIT target=4 elapsed=0s need=2s
UE 52 TTT_WAIT target=2 elapsed=0s need=2s
UE 53 TTT_WAIT target=4 elapsed=0s need=2s
UE 54 TTT_WAIT target=3 elapsed=0s need=2s
UE 55 TTT_WAIT target=1 elapsed=0s need=2s
UE 57 TTT_WAIT target=2 elapsed=0s need=2s
LM HO_FAIL_LOW_RSRP UE=58 currCell=4 candCell=7 candRsrp=-119.856 < min=-110
UE 59 TTT_WAIT target=1 elapsed=0s need=2s
UE 62 TTT_WAIT target=1 elapsed=0s need=2s
LM HO_FAIL_LOW_RSRP UE=66 currCell=3 candCell=7 candRsrp=-120.326 < min=-110
UE 72 TTT_WAIT target=4 elapsed=0s need=2s
LM HO_FAIL_LOW_RSRP UE=74 currCell=2 candCell=3 candRsrp=-110.485 < min=-110
UE 75 TTT_WAIT target=4 elapsed=0s need=2s
LM HO_FAIL_LOW_RSRP UE=80 currCell=1 candCell=4 candRsrp=-113.27 < min=-110
LM HO_FAIL_LOW_RSRP UE=81 currCell=3 candCell=2 candRsrp=-115.507 < min=-110
UE 84 TTT_WAIT target=7 elapsed=0s need=2s
UE 87 TTT_WAIT target=2 elapsed=0s need=2s
UE 88 TTT_WAIT target=4 elapsed=0s need=2s
LM HO_FAIL_LOW_RSRP UE=89 currCell=2 candCell=4 candRsrp=-117.528 < min=-110
LM HO_FAIL_LOW_RSRP UE=90 currCell=3 candCell=2 candRsrp=-116.266 < min=-110
UE 91 TTT_WAIT target=4 elapsed=0s need=2s
LM HO_FAIL_LOW_RSRP UE=92 currCell=6 candCell=7 candRsrp=-111.724 < min=-110
LM HO_FAIL_LOW_RSRP UE=95 currCell=4 candCell=3 candRsrp=-112.091 < min=-110
LM HO_FAIL_LOW_RSRP UE=97 currCell=1 candCell=3 candRsrp=-113.018 < min=-110
UE 98 TTT_WAIT target=2 elapsed=0s need=2s
UE 105 TTT_WAIT target=3 elapsed=0s need=2s
LM HO_FAIL_LOW_RSRP UE=107 currCell=3 candCell=7 candRsrp=-129.868 < min=-110
TRACE HO_SUCCESS Time=68.6151 IMSI=21 TargetCell=3 Type=TN TargetRSRP=-112.213 ServingRSRP=-91.818 BackhaulDlSnr=-999 BackhaulUlSnr=-999
TRACE HO_SUCCESS Time=68.6151 IMSI=15 TargetCell=5 Type=NTN TargetRSRP=-106.224 ServingRSRP=-110.504 BackhaulDlSnr=-999 BackhaulUlSnr=-999
TRACE HO_SUCCESS Time=68.6151 IMSI=38 TargetCell=7 Type=NTN TargetRSRP=-111.217 ServingRSRP=-111.158 BackhaulDlSnr=-999 BackhaulUlSnr=-999
UAV_AUTONOMY_XAPP Time=70.5 DeploymentMode=tn-uav UavIndex=0 UavCellId=5 BestDonorCellId=1 BestDonorDistanceM=364.536 XhaulConnected=1 XhaulChannelVariationDb=0 RawXhaulState=HEALTHY RawXhaulStateAgeSec=66 XhaulState=HEALTHY DonorUnavailableActive=0 SatBackhaulHealthy=0 UavSwitchingXappAvailable=0 UavSwitchingXappState=DISABLED AiPredictedBackhaulMode=RULE_BASED BackhaulMode=TN_DIRECT RicControlState=TN_E2 ActiveUavRic=LOCAL_UAV_AUTONOMY NormalUeHandoverAllowed=1 UavMode=TN_CONTROLLED_COVERAGE_EXTENSION
UAV_AUTONOMY_XAPP Time=70.5 DeploymentMode=tn-uav UavIndex=1 UavCellId=6 BestDonorCellId=3 BestDonorDistanceM=255.168 XhaulConnected=1 XhaulChannelVariationDb=0 RawXhaulState=HEALTHY RawXhaulStateAgeSec=66 XhaulState=HEALTHY DonorUnavailableActive=0 SatBackhaulHealthy=0 UavSwitchingXappAvailable=0 UavSwitchingXappState=DISABLED AiPredictedBackhaulMode=RULE_BASED BackhaulMode=TN_DIRECT RicControlState=TN_E2 ActiveUavRic=LOCAL_UAV_AUTONOMY NormalUeHandoverAllowed=1 UavMode=TN_CONTROLLED_COVERAGE_EXTENSION
UAV_AUTONOMY_XAPP Time=70.5 DeploymentMode=tn-uav UavIndex=2 UavCellId=7 BestDonorCellId=2 BestDonorDistanceM=230.337 XhaulConnected=1 XhaulChannelVariationDb=0 RawXhaulState=HEALTHY RawXhaulStateAgeSec=66 XhaulState=HEALTHY DonorUnavailableActive=0 SatBackhaulHealthy=0 UavSwitchingXappAvailable=0 UavSwitchingXappState=DISABLED AiPredictedBackhaulMode=RULE_BASED BackhaulMode=TN_DIRECT RicControlState=TN_E2 ActiveUavRic=LOCAL_UAV_AUTONOMY NormalUeHandoverAllowed=1 UavMode=TN_CONTROLLED_COVERAGE_EXTENSION
---- LOAD at t=70.5 ----
  cell 1 (TN) load=15/20
  cell 2 (TN) load=16/20
  cell 3 (TN) load=18/20
  cell 4 (TN) load=12/20
  cell 5 (NTN) load=15/15
  cell 6 (NTN) load=15/15
  cell 7 (NTN) load=9/15
UE 11 TTT_WAIT target=3 elapsed=0s need=2s
LM HO UE=13 rnti=89 3->4 type=TN servingRsrp=-105.856 targetRsrp=-73.0512 targetLoadReal=12/20 targetLoadEff=12/20
UE 14 TTT_WAIT target=4 elapsed=0s need=2s
UE 15 TTT_WAIT target=2 elapsed=0s need=2s
UE 19 TTT_WAIT target=4 elapsed=0s need=2s
UE 20 TTT_WAIT target=7 elapsed=0s need=2s
UE 22 TTT_WAIT target=1 elapsed=0s need=2s
LM HO_FAIL_LOW_RSRP UE=24 currCell=4 candCell=3 candRsrp=-110.728 < min=-110
LM HO UE=25 rnti=73 1->2 type=TN servingRsrp=-104.104 targetRsrp=-98.5593 targetLoadReal=16/20 targetLoadEff=16/20
UE 26 TTT_WAIT target=2 elapsed=0s need=2s
UE 27 TTT_WAIT target=3 elapsed=0s need=2s
UE 30 TTT_WAIT target=1 elapsed=0s need=2s
UE 33 TTT_WAIT target=3 elapsed=0s need=2s
UE 37 TTT_WAIT target=2 elapsed=0s need=2s
LM HO_FAIL_LOW_RSRP UE=38 currCell=2 candCell=1 candRsrp=-111.682 < min=-110
UE 41 TTT_WAIT target=3 elapsed=0s need=2s
UE 42 TTT_WAIT target=3 elapsed=0s need=2s
UE 43 TTT_WAIT target=4 elapsed=0s need=2s
UE 44 TTT_WAIT target=4 elapsed=0s need=2s
UE 47 TTT_WAIT target=4 elapsed=0s need=2s
UE 51 TTT_WAIT target=7 elapsed=0s need=2s
UE 52 TTT_WAIT target=4 elapsed=0s need=2s
UE 53 TTT_WAIT target=1 elapsed=0s need=2s
UE 56 TTT_WAIT target=3 elapsed=0s need=2s
UE 58 TTT_WAIT target=1 elapsed=0s need=2s
LM HO UE=59 rnti=91 2->1 type=TN servingRsrp=-115.55 targetRsrp=-100.703 targetLoadReal=15/20 targetLoadEff=15/20
UE 62 TTT_WAIT target=4 elapsed=0s need=2s
UE 64 TTT_WAIT target=4 elapsed=0s need=2s
UE 65 TTT_WAIT target=2 elapsed=0s need=2s
LM HO_FAIL_LOW_RSRP UE=66 currCell=3 candCell=7 candRsrp=-120.873 < min=-110
UE 72 TTT_WAIT target=2 elapsed=0s need=2s
UE 73 TTT_WAIT target=2 elapsed=0s need=2s
LM HO_FAIL_LOW_RSRP UE=74 currCell=2 candCell=3 candRsrp=-113.626 < min=-110
LM HO_FAIL_LOW_RSRP UE=75 currCell=2 candCell=7 candRsrp=-116.067 < min=-110
UE 77 TTT_WAIT target=4 elapsed=0s need=2s
UE 80 TTT_WAIT target=3 elapsed=0s need=2s
UE 81 TTT_WAIT target=1 elapsed=0s need=2s
LM HO_FAIL_LOW_RSRP UE=83 currCell=3 candCell=7 candRsrp=-124.811 < min=-110
LM HO_FAIL_LOW_RSRP UE=84 currCell=6 candCell=7 candRsrp=-118.867 < min=-110
UE 87 TTT_WAIT target=7 elapsed=0s need=2s
LM HO_FAIL_LOW_RSRP UE=89 currCell=2 candCell=7 candRsrp=-121.339 < min=-110
LM HO_FAIL_LOW_RSRP UE=90 currCell=3 candCell=2 candRsrp=-114.349 < min=-110
UE 92 TTT_WAIT target=3 elapsed=0s need=2s
LM HO_FAIL_LOW_RSRP UE=95 currCell=4 candCell=7 candRsrp=-123.394 < min=-110
LM HO_FAIL_LOW_RSRP UE=97 currCell=1 candCell=2 candRsrp=-113.204 < min=-110
UE 105 TTT_WAIT target=7 elapsed=0s need=2s
UE 107 TTT_WAIT target=1 elapsed=0s need=2s
TRACE HO_SUCCESS Time=70.6151 IMSI=58 TargetCell=1 Type=TN TargetRSRP=-120.429 ServingRSRP=-105.964 BackhaulDlSnr=-999 BackhaulUlSnr=-999
TRACE HO_SUCCESS Time=70.6151 IMSI=24 TargetCell=2 Type=TN TargetRSRP=-104.538 ServingRSRP=-90.0673 BackhaulDlSnr=-999 BackhaulUlSnr=-999
TRACE HO_SUCCESS Time=70.6151 IMSI=12 TargetCell=4 Type=TN TargetRSRP=-102.894 ServingRSRP=-86.183 BackhaulDlSnr=-999 BackhaulUlSnr=-999
UAV_AUTONOMY_XAPP Time=72.5 DeploymentMode=tn-uav UavIndex=0 UavCellId=5 BestDonorCellId=1 BestDonorDistanceM=364.536 XhaulConnected=1 XhaulChannelVariationDb=0 RawXhaulState=HEALTHY RawXhaulStateAgeSec=68 XhaulState=HEALTHY DonorUnavailableActive=0 SatBackhaulHealthy=0 UavSwitchingXappAvailable=0 UavSwitchingXappState=DISABLED AiPredictedBackhaulMode=RULE_BASED BackhaulMode=TN_DIRECT RicControlState=TN_E2 ActiveUavRic=LOCAL_UAV_AUTONOMY NormalUeHandoverAllowed=1 UavMode=TN_CONTROLLED_COVERAGE_EXTENSION
UAV_AUTONOMY_XAPP Time=72.5 DeploymentMode=tn-uav UavIndex=1 UavCellId=6 BestDonorCellId=3 BestDonorDistanceM=255.168 XhaulConnected=1 XhaulChannelVariationDb=0 RawXhaulState=HEALTHY RawXhaulStateAgeSec=68 XhaulState=HEALTHY DonorUnavailableActive=0 SatBackhaulHealthy=0 UavSwitchingXappAvailable=0 UavSwitchingXappState=DISABLED AiPredictedBackhaulMode=RULE_BASED BackhaulMode=TN_DIRECT RicControlState=TN_E2 ActiveUavRic=LOCAL_UAV_AUTONOMY NormalUeHandoverAllowed=1 UavMode=TN_CONTROLLED_COVERAGE_EXTENSION
UAV_AUTONOMY_XAPP Time=72.5 DeploymentMode=tn-uav UavIndex=2 UavCellId=7 BestDonorCellId=2 BestDonorDistanceM=209.999 XhaulConnected=1 XhaulChannelVariationDb=0 RawXhaulState=HEALTHY RawXhaulStateAgeSec=68 XhaulState=HEALTHY DonorUnavailableActive=0 SatBackhaulHealthy=0 UavSwitchingXappAvailable=0 UavSwitchingXappState=DISABLED AiPredictedBackhaulMode=RULE_BASED BackhaulMode=TN_DIRECT RicControlState=TN_E2 ActiveUavRic=LOCAL_UAV_AUTONOMY NormalUeHandoverAllowed=1 UavMode=TN_CONTROLLED_COVERAGE_EXTENSION
---- LOAD at t=72.5 ----
  cell 1 (TN) load=15/20
  cell 2 (TN) load=16/20
  cell 3 (TN) load=17/20
  cell 4 (TN) load=13/20
  cell 5 (NTN) load=15/15
  cell 6 (NTN) load=15/15
  cell 7 (NTN) load=9/15
LM HO_FAIL_LOW_RSRP UE=8 currCell=4 candCell=3 candRsrp=-110.498 < min=-110
UE 11 TTT_WAIT target=7 elapsed=0s need=2s
UE 13 TTT_WAIT target=3 elapsed=0s need=2s
UE 15 TTT_WAIT target=1 elapsed=0s need=2s
UE 18 TTT_WAIT target=1 elapsed=0s need=2s
UE 22 TTT_WAIT target=4 elapsed=0s need=2s
UE 23 TTT_WAIT target=2 elapsed=0s need=2s
LM HO_FAIL_LOW_RSRP UE=24 currCell=4 candCell=7 candRsrp=-123.858 < min=-110
UE 26 TTT_WAIT target=7 elapsed=0s need=2s
UE 27 TTT_WAIT target=2 elapsed=0s need=2s
UE 31 TTT_WAIT target=3 elapsed=0s need=2s
UE 32 TTT_WAIT target=4 elapsed=0s need=2s
UE 36 TTT_WAIT target=3 elapsed=0s need=2s
UE 39 TTT_WAIT target=4 elapsed=0s need=2s
UE 41 TTT_WAIT target=4 elapsed=0s need=2s
LM HO_FAIL_LOW_RSRP UE=42 currCell=4 candCell=7 candRsrp=-122.704 < min=-110
UE 43 TTT_WAIT target=3 elapsed=0s need=2s
LM HO_FAIL_LOW_RSRP UE=45 currCell=1 candCell=4 candRsrp=-110.62 < min=-110
UE 48 TTT_WAIT target=2 elapsed=0s need=2s
LM HO_FAIL_LOW_RSRP UE=49 currCell=3 candCell=7 candRsrp=-120.928 < min=-110
UE 50 TTT_WAIT target=3 elapsed=0s need=2s
UE 53 TTT_WAIT target=4 elapsed=0s need=2s
UE 54 TTT_WAIT target=2 elapsed=0s need=2s
UE 55 TTT_WAIT target=3 elapsed=0s need=2s
UE 56 TTT_WAIT target=2 elapsed=0s need=2s
LM HO_FAIL_LOW_RSRP UE=59 currCell=1 candCell=7 candRsrp=-116.401 < min=-110
UE 62 TTT_WAIT target=1 elapsed=0s need=2s
UE 63 TTT_WAIT target=1 elapsed=0s need=2s
UE 64 TTT_WAIT target=2 elapsed=0s need=2s
UE 65 TTT_WAIT target=1 elapsed=0s need=2s
UE 66 TTT_WAIT target=1 elapsed=0s need=2s
UE 67 TTT_WAIT target=2 elapsed=0s need=2s
UE 72 TTT_WAIT target=4 elapsed=0s need=2s
UE 73 TTT_WAIT target=1 elapsed=0s need=2s
LM HO_FAIL_LOW_RSRP UE=74 currCell=2 candCell=3 candRsrp=-115.199 < min=-110
LM HO_FAIL_LOW_RSRP UE=75 currCell=2 candCell=7 candRsrp=-110.661 < min=-110
UE 77 TTT_WAIT target=3 elapsed=0s need=2s
UE 80 TTT_WAIT target=4 elapsed=0s need=2s
LM HO_FAIL_LOW_RSRP UE=81 currCell=3 candCell=2 candRsrp=-112.091 < min=-110
UE 83 TTT_WAIT target=4 elapsed=0s need=2s
UE 84 TTT_WAIT target=2 elapsed=0s need=2s
LM HO_FAIL_LOW_RSRP UE=87 currCell=3 candCell=1 candRsrp=-113.629 < min=-110
UE 88 TTT_WAIT target=2 elapsed=0s need=2s
LM HO_FAIL_LOW_RSRP UE=89 currCell=2 candCell=7 candRsrp=-123.558 < min=-110
LM HO_FAIL_LOW_RSRP UE=90 currCell=3 candCell=1 candRsrp=-111.03 < min=-110
UE 91 TTT_WAIT target=4 elapsed=0s need=2s
UE 92 TTT_WAIT target=4 elapsed=0s need=2s
LM HO_FAIL_LOW_RSRP UE=95 currCell=4 candCell=7 candRsrp=-127.364 < min=-110
LM HO_FAIL_LOW_RSRP UE=97 currCell=1 candCell=2 candRsrp=-114.096 < min=-110
UE 105 TTT_WAIT target=3 elapsed=0s need=2s
LM HO_FAIL_LOW_RSRP UE=107 currCell=3 candCell=4 candRsrp=-118.711 < min=-110
UAV_AUTONOMY_XAPP Time=74.5 DeploymentMode=tn-uav UavIndex=0 UavCellId=5 BestDonorCellId=1 BestDonorDistanceM=364.536 XhaulConnected=1 XhaulChannelVariationDb=0 RawXhaulState=HEALTHY RawXhaulStateAgeSec=70 XhaulState=HEALTHY DonorUnavailableActive=0 SatBackhaulHealthy=0 UavSwitchingXappAvailable=0 UavSwitchingXappState=DISABLED AiPredictedBackhaulMode=RULE_BASED BackhaulMode=TN_DIRECT RicControlState=TN_E2 ActiveUavRic=LOCAL_UAV_AUTONOMY NormalUeHandoverAllowed=1 UavMode=TN_CONTROLLED_COVERAGE_EXTENSION
UAV_AUTONOMY_XAPP Time=74.5 DeploymentMode=tn-uav UavIndex=1 UavCellId=6 BestDonorCellId=3 BestDonorDistanceM=255.168 XhaulConnected=1 XhaulChannelVariationDb=0 RawXhaulState=HEALTHY RawXhaulStateAgeSec=70 XhaulState=HEALTHY DonorUnavailableActive=0 SatBackhaulHealthy=0 UavSwitchingXappAvailable=0 UavSwitchingXappState=DISABLED AiPredictedBackhaulMode=RULE_BASED BackhaulMode=TN_DIRECT RicControlState=TN_E2 ActiveUavRic=LOCAL_UAV_AUTONOMY NormalUeHandoverAllowed=1 UavMode=TN_CONTROLLED_COVERAGE_EXTENSION
UAV_AUTONOMY_XAPP Time=74.5 DeploymentMode=tn-uav UavIndex=2 UavCellId=7 BestDonorCellId=2 BestDonorDistanceM=199.757 XhaulConnected=1 XhaulChannelVariationDb=0 RawXhaulState=HEALTHY RawXhaulStateAgeSec=70 XhaulState=HEALTHY DonorUnavailableActive=0 SatBackhaulHealthy=0 UavSwitchingXappAvailable=0 UavSwitchingXappState=DISABLED AiPredictedBackhaulMode=RULE_BASED BackhaulMode=TN_DIRECT RicControlState=TN_E2 ActiveUavRic=LOCAL_UAV_AUTONOMY NormalUeHandoverAllowed=1 UavMode=TN_CONTROLLED_COVERAGE_EXTENSION
---- LOAD at t=74.5 ----
  cell 1 (TN) load=15/20
  cell 2 (TN) load=16/20
  cell 3 (TN) load=17/20
  cell 4 (TN) load=13/20
  cell 5 (NTN) load=15/15
  cell 6 (NTN) load=15/15
  cell 7 (NTN) load=9/15
UE 8 TTT_WAIT target=7 elapsed=0s need=2s
UE 12 TTT_WAIT target=7 elapsed=0s need=2s
UE 14 TTT_WAIT target=4 elapsed=0s need=2s
UE 18 TTT_WAIT target=7 elapsed=0s need=2s
UE 19 TTT_WAIT target=4 elapsed=0s need=2s
UE 20 TTT_WAIT target=1 elapsed=0s need=2s
UE 22 TTT_WAIT target=1 elapsed=0s need=2s
LM HO_FAIL_LOW_RSRP UE=24 currCell=4 candCell=7 candRsrp=-127.176 < min=-110
UE 25 TTT_WAIT target=4 elapsed=0s need=2s
UE 27 TTT_WAIT target=3 elapsed=0s need=2s
UE 29 TTT_WAIT target=4 elapsed=0s need=2s
UE 30 TTT_WAIT target=1 elapsed=0s need=2s
UE 35 TTT_WAIT target=7 elapsed=0s need=2s
UE 37 TTT_WAIT target=4 elapsed=0s need=2s
UE 38 TTT_WAIT target=4 elapsed=0s need=2s
UE 41 TTT_WAIT target=3 elapsed=0s need=2s
LM HO_FAIL_LOW_RSRP UE=42 currCell=4 candCell=7 candRsrp=-121.451 < min=-110
LM HO_FAIL_LOW_RSRP UE=44 currCell=2 candCell=1 candRsrp=-110.088 < min=-110
UE 46 TTT_WAIT target=2 elapsed=0s need=2s
LM HO_FAIL_LOW_RSRP UE=49 currCell=3 candCell=1 candRsrp=-112.777 < min=-110
UE 50 TTT_WAIT target=7 elapsed=0s need=2s
LM HO_FAIL_LOW_RSRP UE=52 currCell=3 candCell=4 candRsrp=-112.105 < min=-110
LM HO_FAIL_LOW_RSRP UE=54 currCell=4 candCell=7 candRsrp=-121.85 < min=-110
UE 56 TTT_WAIT target=4 elapsed=0s need=2s
LM HO_FAIL_LOW_RSRP UE=59 currCell=1 candCell=7 candRsrp=-112.308 < min=-110
LM HO_FAIL_LOW_RSRP UE=61 currCell=3 candCell=7 candRsrp=-121.252 < min=-110
UE 62 TTT_WAIT target=2 elapsed=0s need=2s
UE 64 TTT_WAIT target=4 elapsed=0s need=2s
LM HO_FAIL_LOW_RSRP UE=66 currCell=3 candCell=7 candRsrp=-121.799 < min=-110
UE 72 TTT_WAIT target=2 elapsed=0s need=2s
UE 73 TTT_WAIT target=2 elapsed=0s need=2s
LM HO_FAIL_LOW_RSRP UE=74 currCell=2 candCell=4 candRsrp=-114.513 < min=-110
UE 75 TTT_WAIT target=7 elapsed=0s need=2s
LM HO UE=77 rnti=149 6->3 type=TN servingRsrp=-111.148 targetRsrp=-97.9514 targetLoadReal=17/20 targetLoadEff=17/20
UE 78 TTT_WAIT target=1 elapsed=0s need=2s
UE 80 TTT_WAIT target=2 elapsed=0s need=2s
LM HO_FAIL_LOW_RSRP UE=81 currCell=3 candCell=1 candRsrp=-112.454 < min=-110
LM HO_FAIL_LOW_RSRP UE=83 currCell=3 candCell=7 candRsrp=-123.943 < min=-110
LM HO_FAIL_LOW_RSRP UE=84 currCell=6 candCell=7 candRsrp=-116.717 < min=-110
UE 87 TTT_WAIT target=2 elapsed=0s need=2s
LM HO_FAIL_LOW_RSRP UE=89 currCell=2 candCell=3 candRsrp=-119.474 < min=-110
UE 90 TTT_WAIT target=4 elapsed=0s need=2s
LM HO UE=92 rnti=151 6->4 type=TN servingRsrp=-114.93 targetRsrp=-99.8158 targetLoadReal=13/20 targetLoadEff=13/20
UE 93 TTT_WAIT target=1 elapsed=0s need=2s
UE 95 TTT_WAIT target=1 elapsed=0s need=2s
LM HO_FAIL_LOW_RSRP UE=97 currCell=1 candCell=7 candRsrp=-119.006 < min=-110
UE 99 TTT_WAIT target=4 elapsed=0s need=2s
UE 105 TTT_WAIT target=7 elapsed=0s need=2s
LM HO_FAIL_LOW_RSRP UE=107 currCell=3 candCell=4 candRsrp=-117.339 < min=-110
TRACE HO_SUCCESS Time=74.6151 IMSI=76 TargetCell=3 Type=TN TargetRSRP=-113.224 ServingRSRP=-111.542 BackhaulDlSnr=-999 BackhaulUlSnr=-999
TRACE HO_SUCCESS Time=74.6151 IMSI=91 TargetCell=4 Type=TN TargetRSRP=-119.251 ServingRSRP=-82.7328 BackhaulDlSnr=-999 BackhaulUlSnr=-999
UAV_AUTONOMY_XAPP Time=76.5 DeploymentMode=tn-uav UavIndex=0 UavCellId=5 BestDonorCellId=1 BestDonorDistanceM=364.536 XhaulConnected=1 XhaulChannelVariationDb=0 RawXhaulState=HEALTHY RawXhaulStateAgeSec=72 XhaulState=HEALTHY DonorUnavailableActive=0 SatBackhaulHealthy=0 UavSwitchingXappAvailable=0 UavSwitchingXappState=DISABLED AiPredictedBackhaulMode=RULE_BASED BackhaulMode=TN_DIRECT RicControlState=TN_E2 ActiveUavRic=LOCAL_UAV_AUTONOMY NormalUeHandoverAllowed=1 UavMode=TN_CONTROLLED_COVERAGE_EXTENSION
UAV_AUTONOMY_XAPP Time=76.5 DeploymentMode=tn-uav UavIndex=1 UavCellId=6 BestDonorCellId=3 BestDonorDistanceM=265.576 XhaulConnected=1 XhaulChannelVariationDb=0 RawXhaulState=HEALTHY RawXhaulStateAgeSec=72 XhaulState=HEALTHY DonorUnavailableActive=0 SatBackhaulHealthy=0 UavSwitchingXappAvailable=0 UavSwitchingXappState=DISABLED AiPredictedBackhaulMode=RULE_BASED BackhaulMode=TN_DIRECT RicControlState=TN_E2 ActiveUavRic=LOCAL_UAV_AUTONOMY NormalUeHandoverAllowed=1 UavMode=TN_CONTROLLED_COVERAGE_EXTENSION
UAV_AUTONOMY_XAPP Time=76.5 DeploymentMode=tn-uav UavIndex=2 UavCellId=7 BestDonorCellId=2 BestDonorDistanceM=183.24 XhaulConnected=1 XhaulChannelVariationDb=0 RawXhaulState=HEALTHY RawXhaulStateAgeSec=72 XhaulState=HEALTHY DonorUnavailableActive=0 SatBackhaulHealthy=0 UavSwitchingXappAvailable=0 UavSwitchingXappState=DISABLED AiPredictedBackhaulMode=RULE_BASED BackhaulMode=TN_DIRECT RicControlState=TN_E2 ActiveUavRic=LOCAL_UAV_AUTONOMY NormalUeHandoverAllowed=1 UavMode=TN_CONTROLLED_COVERAGE_EXTENSION
---- LOAD at t=76.5 ----
  cell 1 (TN) load=15/20
  cell 2 (TN) load=16/20
  cell 3 (TN) load=18/20
  cell 4 (TN) load=14/20
  cell 5 (NTN) load=15/15
  cell 6 (NTN) load=13/15
  cell 7 (NTN) load=9/15
LM HO_FAIL_LOW_RSRP UE=9 currCell=1 candCell=7 candRsrp=-118.07 < min=-110
UE 11 TTT_WAIT target=4 elapsed=0s need=2s
LM HO UE=12 rnti=118 2->7 type=NTN servingRsrp=-110.75 targetRsrp=-98.5737 targetLoadReal=9/15 targetLoadEff=9/15
UE 13 TTT_WAIT target=3 elapsed=0s need=2s
UE 15 TTT_WAIT target=1 elapsed=0s need=2s
UE 16 TTT_WAIT target=1 elapsed=0s need=2s
UE 17 TTT_WAIT target=1 elapsed=0s need=2s
UE 18 TTT_WAIT target=2 elapsed=0s need=2s
LM HO UE=19 rnti=144 3->4 type=TN servingRsrp=-105.842 targetRsrp=-79.4273 targetLoadReal=14/20 targetLoadEff=14/20
UE 20 TTT_WAIT target=7 elapsed=0s need=2s
UE 21 TTT_WAIT target=7 elapsed=0s need=2s
UE 22 TTT_WAIT target=2 elapsed=0s need=2s
UE 26 TTT_WAIT target=6 elapsed=0s need=2s
LM HO_FAIL_LOW_RSRP UE=27 currCell=4 candCell=6 candRsrp=-116.902 < min=-110
UE 30 TTT_WAIT target=7 elapsed=0s need=2s
UE 31 TTT_WAIT target=4 elapsed=0s need=2s
UE 32 TTT_WAIT target=6 elapsed=0s need=2s
UE 33 TTT_WAIT target=2 elapsed=0s need=2s
UE 34 TTT_WAIT target=2 elapsed=0s need=2s
UE 35 TTT_WAIT target=3 elapsed=0s need=2s
UE 36 TTT_WAIT target=3 elapsed=0s need=2s
UE 37 TTT_WAIT target=2 elapsed=0s need=2s
LM HO_FAIL_LOW_RSRP UE=38 currCell=2 candCell=4 candRsrp=-114.836 < min=-110
UE 40 TTT_WAIT target=4 elapsed=0s need=2s
UE 41 TTT_WAIT target=4 elapsed=0s need=2s
LM HO_FAIL_LOW_RSRP UE=42 currCell=4 candCell=1 candRsrp=-111.381 < min=-110
UE 47 TTT_WAIT target=7 elapsed=0s need=2s
LM HO_FAIL_LOW_RSRP UE=49 currCell=3 candCell=7 candRsrp=-118.084 < min=-110
UE 50 TTT_WAIT target=6 elapsed=0s need=2s
UE 52 TTT_WAIT target=7 elapsed=0s need=2s
UE 53 TTT_WAIT target=4 elapsed=0s need=2s
UE 56 TTT_WAIT target=3 elapsed=0s need=2s
UE 57 TTT_WAIT target=2 elapsed=0s need=2s
UE 58 TTT_WAIT target=7 elapsed=0s need=2s
UE 59 TTT_WAIT target=3 elapsed=0s need=2s
LM HO_FAIL_LOW_RSRP UE=61 currCell=3 candCell=4 candRsrp=-116.007 < min=-110
UE 63 TTT_WAIT target=3 elapsed=0s need=2s
LM HO_FAIL_LOW_RSRP UE=66 currCell=3 candCell=7 candRsrp=-122.357 < min=-110
LM HO_FAIL_LOW_RSRP UE=74 currCell=2 candCell=4 candRsrp=-110.467 < min=-110
LM HO_FAIL_LOW_RSRP UE=75 currCell=2 candCell=1 candRsrp=-110.134 < min=-110
LM HO_FAIL_LOW_RSRP UE=77 currCell=3 candCell=6 candRsrp=-111.593 < min=-110
UE 79 TTT_WAIT target=4 elapsed=0s need=2s
LM HO_FAIL_LOW_RSRP UE=80 currCell=1 candCell=3 candRsrp=-110.015 < min=-110
UE 81 TTT_WAIT target=1 elapsed=0s need=2s
UE 83 TTT_WAIT target=6 elapsed=0s need=2s
UE 84 TTT_WAIT target=7 elapsed=0s need=2s
LM HO_FAIL_LOW_RSRP UE=87 currCell=3 candCell=2 candRsrp=-113.943 < min=-110
LM HO_FAIL_LOW_RSRP UE=89 currCell=2 candCell=3 candRsrp=-116.506 < min=-110
LM HO_FAIL_LOW_RSRP UE=90 currCell=3 candCell=2 candRsrp=-112.846 < min=-110
UE 92 TTT_WAIT target=6 elapsed=0s need=2s
UE 93 TTT_WAIT target=3 elapsed=0s need=2s
LM HO_FAIL_LOW_RSRP UE=95 currCell=4 candCell=3 candRsrp=-113.04 < min=-110
UE 96 TTT_WAIT target=1 elapsed=0s need=2s
UE 97 TTT_WAIT target=6 elapsed=0s need=2s
UE 98 TTT_WAIT target=3 elapsed=0s need=2s
LM HO_FAIL_LOW_RSRP UE=105 currCell=2 candCell=7 candRsrp=-110.424 < min=-110
UE 107 TTT_WAIT target=6 elapsed=0s need=2s
TRACE HO_SUCCESS Time=76.6151 IMSI=18 TargetCell=4 Type=TN TargetRSRP=-104.533 ServingRSRP=-95.1731 BackhaulDlSnr=-999 BackhaulUlSnr=-999
TRACE HO_SUCCESS Time=76.6151 IMSI=11 TargetCell=7 Type=NTN TargetRSRP=-103.061 ServingRSRP=-76.8618 BackhaulDlSnr=-999 BackhaulUlSnr=-999
UAV_AUTONOMY_XAPP Time=78.5 DeploymentMode=tn-uav UavIndex=0 UavCellId=5 BestDonorCellId=1 BestDonorDistanceM=364.536 XhaulConnected=1 XhaulChannelVariationDb=0 RawXhaulState=HEALTHY RawXhaulStateAgeSec=74 XhaulState=HEALTHY DonorUnavailableActive=0 SatBackhaulHealthy=0 UavSwitchingXappAvailable=0 UavSwitchingXappState=DISABLED AiPredictedBackhaulMode=RULE_BASED BackhaulMode=TN_DIRECT RicControlState=TN_E2 ActiveUavRic=LOCAL_UAV_AUTONOMY NormalUeHandoverAllowed=1 UavMode=TN_CONTROLLED_COVERAGE_EXTENSION
UAV_AUTONOMY_XAPP Time=78.5 DeploymentMode=tn-uav UavIndex=1 UavCellId=6 BestDonorCellId=3 BestDonorDistanceM=257.021 XhaulConnected=1 XhaulChannelVariationDb=0 RawXhaulState=HEALTHY RawXhaulStateAgeSec=74 XhaulState=HEALTHY DonorUnavailableActive=0 SatBackhaulHealthy=0 UavSwitchingXappAvailable=0 UavSwitchingXappState=DISABLED AiPredictedBackhaulMode=RULE_BASED BackhaulMode=TN_DIRECT RicControlState=TN_E2 ActiveUavRic=LOCAL_UAV_AUTONOMY NormalUeHandoverAllowed=1 UavMode=TN_CONTROLLED_COVERAGE_EXTENSION
UAV_AUTONOMY_XAPP Time=78.5 DeploymentMode=tn-uav UavIndex=2 UavCellId=7 BestDonorCellId=2 BestDonorDistanceM=161.535 XhaulConnected=1 XhaulChannelVariationDb=0 RawXhaulState=HEALTHY RawXhaulStateAgeSec=74 XhaulState=HEALTHY DonorUnavailableActive=0 SatBackhaulHealthy=0 UavSwitchingXappAvailable=0 UavSwitchingXappState=DISABLED AiPredictedBackhaulMode=RULE_BASED BackhaulMode=TN_DIRECT RicControlState=TN_E2 ActiveUavRic=LOCAL_UAV_AUTONOMY NormalUeHandoverAllowed=1 UavMode=TN_CONTROLLED_COVERAGE_EXTENSION
---- LOAD at t=78.5 ----
  cell 1 (TN) load=15/20
  cell 2 (TN) load=15/20
  cell 3 (TN) load=17/20
  cell 4 (TN) load=15/20
  cell 5 (NTN) load=15/15
  cell 6 (NTN) load=13/15
  cell 7 (NTN) load=10/15
UE 8 TTT_WAIT target=2 elapsed=0s need=2s
UE 9 TTT_WAIT target=3 elapsed=0s need=2s
LM HO_FAIL_LOW_RSRP UE=11 currCell=1 candCell=7 candRsrp=-119.818 < min=-110
UE 14 TTT_WAIT target=3 elapsed=0s need=2s
LM HO UE=15 rnti=177 3->1 type=TN servingRsrp=-111.216 targetRsrp=-108.309 targetLoadReal=15/20 targetLoadEff=15/20
UE 18 TTT_WAIT target=1 elapsed=0s need=2s
LM HO_FAIL_LOW_RSRP UE=22 currCell=3 candCell=2 candRsrp=-112.022 < min=-110
UE 23 TTT_WAIT target=4 elapsed=0s need=2s
LM HO_FAIL_LOW_RSRP UE=24 currCell=4 candCell=1 candRsrp=-111.602 < min=-110
UE 25 TTT_WAIT target=1 elapsed=0s need=2s
UE 27 TTT_WAIT target=7 elapsed=0s need=2s
UE 30 TTT_WAIT target=4 elapsed=0s need=2s
UE 31 TTT_WAIT target=3 elapsed=0s need=2s
LM HO UE=32 rnti=125 3->6 type=NTN servingRsrp=-109.665 targetRsrp=-96.9426 targetLoadReal=13/15 targetLoadEff=13/15
UE 33 TTT_WAIT target=3 elapsed=0s need=2s
LM HO UE=34 rnti=135 7->2 type=TN servingRsrp=-116.264 targetRsrp=-105.202 targetLoadReal=15/20 targetLoadEff=15/20
UE 37 TTT_WAIT target=4 elapsed=0s need=2s
UE 39 TTT_WAIT target=1 elapsed=0s need=2s
LM HO UE=40 rnti=142 1->4 type=TN servingRsrp=-107.012 targetRsrp=-99.2215 targetLoadReal=15/20 targetLoadEff=15/20
UE 41 TTT_WAIT target=2 elapsed=0s need=2s
UE 44 TTT_WAIT target=1 elapsed=0s need=2s
LM HO_FAIL_LOW_RSRP UE=45 currCell=1 candCell=7 candRsrp=-118.722 < min=-110
UE 47 TTT_WAIT target=6 elapsed=0s need=2s
LM HO_FAIL_LOW_RSRP UE=49 currCell=3 candCell=4 candRsrp=-115.124 < min=-110
UE 50 TTT_WAIT target=3 elapsed=0s need=2s
LM HO UE=52 rnti=179 3->7 type=NTN servingRsrp=-111.611 targetRsrp=-98.6683 targetLoadReal=10/15 targetLoadEff=10/15
LM HO UE=53 rnti=180 3->4 type=TN servingRsrp=-116.566 targetRsrp=-104.246 targetLoadReal=15/20 targetLoadEff=16/20
UE 54 TTT_WAIT target=1 elapsed=0s need=2s
UE 56 TTT_WAIT target=4 elapsed=0s need=2s
LM HO_FAIL_LOW_RSRP UE=59 currCell=1 candCell=7 candRsrp=-117.728 < min=-110
UE 61 TTT_WAIT target=7 elapsed=0s need=2s
UE 64 TTT_WAIT target=3 elapsed=0s need=2s
UE 65 TTT_WAIT target=1 elapsed=0s need=2s
LM HO_FAIL_LOW_RSRP UE=66 currCell=3 candCell=4 candRsrp=-110.521 < min=-110
LM HO_FAIL_LOW_RSRP UE=72 currCell=3 candCell=2 candRsrp=-113.357 < min=-110
LM HO_FAIL_LOW_RSRP UE=74 currCell=2 candCell=4 candRsrp=-116.268 < min=-110
UE 75 TTT_WAIT target=6 elapsed=0s need=2s
LM HO_FAIL_LOW_RSRP UE=77 currCell=3 candCell=6 candRsrp=-112.051 < min=-110
UE 78 TTT_WAIT target=3 elapsed=0s need=2s
LM HO_FAIL_LOW_RSRP UE=80 currCell=1 candCell=4 candRsrp=-114.198 < min=-110
LM HO_FAIL_LOW_RSRP UE=81 currCell=3 candCell=2 candRsrp=-113.686 < min=-110
UE 82 TTT_WAIT target=4 elapsed=0s need=2s
LM HO UE=83 rnti=159 3->6 type=NTN servingRsrp=-114.698 targetRsrp=-106.969 targetLoadReal=13/15 targetLoadEff=14/15
LM HO_FAIL_LOW_RSRP UE=84 currCell=6 candCell=7 candRsrp=-120.963 < min=-110
UE 87 TTT_WAIT target=7 elapsed=0s need=2s
UE 88 TTT_WAIT target=2 elapsed=0s need=2s
LM HO_FAIL_LOW_RSRP UE=90 currCell=3 candCell=2 candRsrp=-116.973 < min=-110
LM HO_FAIL_LOW_RSRP UE=92 currCell=4 candCell=3 candRsrp=-115.279 < min=-110
LM HO_FAIL_LOW_RSRP UE=95 currCell=4 candCell=7 candRsrp=-126.026 < min=-110
UE 97 TTT_WAIT target=7 elapsed=0s need=2s
UE 102 TTT_WAIT target=3 elapsed=0s need=2s
UE 104 TTT_WAIT target=1 elapsed=0s need=2s
LM HO_FAIL_LOW_RSRP UE=107 currCell=3 candCell=4 candRsrp=-118.463 < min=-110
TRACE HO_SUCCESS Time=78.6151 IMSI=14 TargetCell=1 Type=TN TargetRSRP=-115.962 ServingRSRP=-109.081 BackhaulDlSnr=-999 BackhaulUlSnr=-999
TRACE HO_SUCCESS Time=78.6151 IMSI=33 TargetCell=2 Type=TN TargetRSRP=-114.355 ServingRSRP=-113.296 BackhaulDlSnr=-999 BackhaulUlSnr=-999
TRACE HO_SUCCESS Time=78.6151 IMSI=39 TargetCell=4 Type=TN TargetRSRP=-117.333 ServingRSRP=-101.638 BackhaulDlSnr=-999 BackhaulUlSnr=-999
TRACE HO_SUCCESS Time=78.6151 IMSI=52 TargetCell=4 Type=TN TargetRSRP=-77.22 ServingRSRP=-112.207 BackhaulDlSnr=-999 BackhaulUlSnr=-999
TRACE HO_SUCCESS Time=78.6151 IMSI=31 TargetCell=6 Type=NTN TargetRSRP=-109.531 ServingRSRP=-94.6373 BackhaulDlSnr=-999 BackhaulUlSnr=-999
TRACE HO_SUCCESS Time=78.6151 IMSI=82 TargetCell=6 Type=NTN TargetRSRP=-110.212 ServingRSRP=-111.095 BackhaulDlSnr=-999 BackhaulUlSnr=-999
TRACE HO_SUCCESS Time=78.6151 IMSI=51 TargetCell=7 Type=NTN TargetRSRP=-105.53 ServingRSRP=-96.9701 BackhaulDlSnr=-999 BackhaulUlSnr=-999
UAV_AUTONOMY_XAPP Time=80.5 DeploymentMode=tn-uav UavIndex=0 UavCellId=5 BestDonorCellId=1 BestDonorDistanceM=364.536 XhaulConnected=1 XhaulChannelVariationDb=0 RawXhaulState=HEALTHY RawXhaulStateAgeSec=76 XhaulState=HEALTHY DonorUnavailableActive=0 SatBackhaulHealthy=0 UavSwitchingXappAvailable=0 UavSwitchingXappState=DISABLED AiPredictedBackhaulMode=RULE_BASED BackhaulMode=TN_DIRECT RicControlState=TN_E2 ActiveUavRic=LOCAL_UAV_AUTONOMY NormalUeHandoverAllowed=1 UavMode=TN_CONTROLLED_COVERAGE_EXTENSION
UAV_AUTONOMY_XAPP Time=80.5 DeploymentMode=tn-uav UavIndex=1 UavCellId=6 BestDonorCellId=3 BestDonorDistanceM=251.756 XhaulConnected=1 XhaulChannelVariationDb=0 RawXhaulState=HEALTHY RawXhaulStateAgeSec=76 XhaulState=HEALTHY DonorUnavailableActive=0 SatBackhaulHealthy=0 UavSwitchingXappAvailable=0 UavSwitchingXappState=DISABLED AiPredictedBackhaulMode=RULE_BASED BackhaulMode=TN_DIRECT RicControlState=TN_E2 ActiveUavRic=LOCAL_UAV_AUTONOMY NormalUeHandoverAllowed=1 UavMode=TN_CONTROLLED_COVERAGE_EXTENSION
UAV_AUTONOMY_XAPP Time=80.5 DeploymentMode=tn-uav UavIndex=2 UavCellId=7 BestDonorCellId=2 BestDonorDistanceM=144.416 XhaulConnected=1 XhaulChannelVariationDb=0 RawXhaulState=HEALTHY RawXhaulStateAgeSec=76 XhaulState=HEALTHY DonorUnavailableActive=0 SatBackhaulHealthy=0 UavSwitchingXappAvailable=0 UavSwitchingXappState=DISABLED AiPredictedBackhaulMode=RULE_BASED BackhaulMode=TN_DIRECT RicControlState=TN_E2 ActiveUavRic=LOCAL_UAV_AUTONOMY NormalUeHandoverAllowed=1 UavMode=TN_CONTROLLED_COVERAGE_EXTENSION
---- LOAD at t=80.5 ----
  cell 1 (TN) load=15/20
  cell 2 (TN) load=16/20
  cell 3 (TN) load=12/20
  cell 4 (TN) load=17/20
  cell 5 (NTN) load=15/15
  cell 6 (NTN) load=15/15
  cell 7 (NTN) load=10/15
UE 8 TTT_WAIT target=1 elapsed=0s need=2s
UE 9 TTT_WAIT target=4 elapsed=0s need=2s
UE 11 TTT_WAIT target=2 elapsed=0s need=2s
UE 12 TTT_WAIT target=2 elapsed=0s need=2s
LM HO_FAIL_LOW_RSRP UE=13 currCell=4 candCell=7 candRsrp=-124.851 < min=-110
UE 15 TTT_WAIT target=4 elapsed=0s need=2s
LM HO UE=18 rnti=198 4->1 type=TN servingRsrp=-113.452 targetRsrp=-79.8786 targetLoadReal=15/20 targetLoadEff=15/20
UE 19 TTT_WAIT target=1 elapsed=0s need=2s
UE 20 TTT_WAIT target=7 elapsed=0s need=2s
UE 21 TTT_WAIT target=7 elapsed=0s need=2s
UE 22 TTT_WAIT target=1 elapsed=0s need=2s
LM HO_FAIL_LOW_RSRP UE=27 currCell=4 candCell=3 candRsrp=-111.033 < min=-110
LM HO_FAIL_LOW_RSRP UE=30 currCell=2 candCell=7 candRsrp=-113.416 < min=-110
UE 32 TTT_WAIT target=3 elapsed=0s need=2s
LM HO_FAIL_LOW_RSRP UE=33 currCell=4 candCell=7 candRsrp=-115.513 < min=-110
LM HO_FAIL_LOW_RSRP UE=34 currCell=2 candCell=7 candRsrp=-112.805 < min=-110
UE 35 TTT_WAIT target=7 elapsed=0s need=2s
LM HO_FAIL_LOW_RSRP UE=38 currCell=2 candCell=7 candRsrp=-120.358 < min=-110
UE 40 TTT_WAIT target=1 elapsed=0s need=2s
UE 41 TTT_WAIT target=3 elapsed=0s need=2s
LM HO_FAIL_LOW_RSRP UE=42 currCell=4 candCell=1 candRsrp=-110.419 < min=-110
UE 43 TTT_WAIT target=1 elapsed=0s need=2s
UE 44 TTT_WAIT target=3 elapsed=0s need=2s
UE 45 TTT_WAIT target=3 elapsed=0s need=2s
UE 47 TTT_WAIT target=4 elapsed=0s need=2s
UE 48 TTT_WAIT target=2 elapsed=0s need=2s
UE 50 TTT_WAIT target=7 elapsed=0s need=2s
LM HO_FAIL_LOW_RSRP UE=54 currCell=4 candCell=7 candRsrp=-119.323 < min=-110
UE 55 TTT_WAIT target=3 elapsed=0s need=2s
UE 56 TTT_WAIT target=3 elapsed=0s need=2s
UE 57 TTT_WAIT target=2 elapsed=0s need=2s
LM HO_FAIL_LOW_RSRP UE=59 currCell=1 candCell=7 candRsrp=-121.095 < min=-110
UE 61 TTT_WAIT target=4 elapsed=0s need=2s
UE 63 TTT_WAIT target=4 elapsed=0s need=2s
UE 64 TTT_WAIT target=4 elapsed=0s need=2s
LM HO_FAIL_LOW_RSRP UE=66 currCell=3 candCell=1 candRsrp=-112.356 < min=-110
UE 69 TTT_WAIT target=2 elapsed=0s need=2s
LM HO_FAIL_LOW_RSRP UE=72 currCell=3 candCell=2 candRsrp=-113.968 < min=-110
LM HO_FAIL_LOW_RSRP UE=74 currCell=2 candCell=7 candRsrp=-121.564 < min=-110
UE 77 TTT_WAIT target=7 elapsed=0s need=2s
LM HO_FAIL_LOW_RSRP UE=80 currCell=1 candCell=3 candRsrp=-113.204 < min=-110
UE 81 TTT_WAIT target=1 elapsed=0s need=2s
LM HO_FAIL_LOW_RSRP UE=84 currCell=6 candCell=7 candRsrp=-119.928 < min=-110
UE 87 TTT_WAIT target=1 elapsed=0s need=2s
LM HO_FAIL_LOW_RSRP UE=89 currCell=2 candCell=3 candRsrp=-116.086 < min=-110
LM HO_FAIL_LOW_RSRP UE=90 currCell=3 candCell=2 candRsrp=-115.871 < min=-110
LM HO_FAIL_LOW_RSRP UE=92 currCell=4 candCell=3 candRsrp=-115.517 < min=-110
LM HO_FAIL_LOW_RSRP UE=95 currCell=4 candCell=3 candRsrp=-114.713 < min=-110
LM HO UE=97 rnti=110 1->7 type=NTN servingRsrp=-115.342 targetRsrp=-97.835 targetLoadReal=10/15 targetLoadEff=10/15
UE 99 TTT_WAIT target=3 elapsed=0s need=2s
UE 105 TTT_WAIT target=4 elapsed=0s need=2s
TRACE HO_SUCCESS Time=80.6151 IMSI=17 TargetCell=1 Type=TN TargetRSRP=-110.23 ServingRSRP=-91.229 BackhaulDlSnr=-999 BackhaulUlSnr=-999
TRACE HO_SUCCESS Time=80.6151 IMSI=96 TargetCell=7 Type=NTN TargetRSRP=-114.277 ServingRSRP=-107.527 BackhaulDlSnr=-999 BackhaulUlSnr=-999
UAV_AUTONOMY_XAPP Time=82.5 DeploymentMode=tn-uav UavIndex=0 UavCellId=5 BestDonorCellId=1 BestDonorDistanceM=364.536 XhaulConnected=1 XhaulChannelVariationDb=0 RawXhaulState=HEALTHY RawXhaulStateAgeSec=78 XhaulState=HEALTHY DonorUnavailableActive=0 SatBackhaulHealthy=0 UavSwitchingXappAvailable=0 UavSwitchingXappState=DISABLED AiPredictedBackhaulMode=RULE_BASED BackhaulMode=TN_DIRECT RicControlState=TN_E2 ActiveUavRic=LOCAL_UAV_AUTONOMY NormalUeHandoverAllowed=1 UavMode=TN_CONTROLLED_COVERAGE_EXTENSION
UAV_AUTONOMY_XAPP Time=82.5 DeploymentMode=tn-uav UavIndex=1 UavCellId=6 BestDonorCellId=3 BestDonorDistanceM=251.756 XhaulConnected=1 XhaulChannelVariationDb=0 RawXhaulState=HEALTHY RawXhaulStateAgeSec=78 XhaulState=HEALTHY DonorUnavailableActive=0 SatBackhaulHealthy=0 UavSwitchingXappAvailable=0 UavSwitchingXappState=DISABLED AiPredictedBackhaulMode=RULE_BASED BackhaulMode=TN_DIRECT RicControlState=TN_E2 ActiveUavRic=LOCAL_UAV_AUTONOMY NormalUeHandoverAllowed=1 UavMode=TN_CONTROLLED_COVERAGE_EXTENSION
UAV_AUTONOMY_XAPP Time=82.5 DeploymentMode=tn-uav UavIndex=2 UavCellId=7 BestDonorCellId=2 BestDonorDistanceM=141.162 XhaulConnected=1 XhaulChannelVariationDb=0 RawXhaulState=HEALTHY RawXhaulStateAgeSec=78 XhaulState=HEALTHY DonorUnavailableActive=0 SatBackhaulHealthy=0 UavSwitchingXappAvailable=0 UavSwitchingXappState=DISABLED AiPredictedBackhaulMode=RULE_BASED BackhaulMode=TN_DIRECT RicControlState=TN_E2 ActiveUavRic=LOCAL_UAV_AUTONOMY NormalUeHandoverAllowed=1 UavMode=TN_CONTROLLED_COVERAGE_EXTENSION
---- LOAD at t=82.5 ----
  cell 1 (TN) load=15/20
  cell 2 (TN) load=16/20
  cell 3 (TN) load=12/20
  cell 4 (TN) load=16/20
  cell 5 (NTN) load=15/15
  cell 6 (NTN) load=15/15
  cell 7 (NTN) load=11/15
LM HO_FAIL_LOW_RSRP UE=8 currCell=4 candCell=7 candRsrp=-121.225 < min=-110
UE 9 TTT_WAIT target=2 elapsed=0s need=2s
UE 10 TTT_WAIT target=2 elapsed=0s need=2s
UE 11 TTT_WAIT target=3 elapsed=0s need=2s
LM HO UE=12 rnti=139 7->2 type=TN servingRsrp=-113.894 targetRsrp=-106.015 targetLoadReal=16/20 targetLoadEff=16/20
UE 13 TTT_WAIT target=2 elapsed=0s need=2s
LM HO UE=15 rnti=144 1->4 type=TN servingRsrp=-111.478 targetRsrp=-108.465 targetLoadReal=16/20 targetLoadEff=16/20
UE 18 TTT_WAIT target=3 elapsed=0s need=2s
LM HO UE=21 rnti=107 2->7 type=NTN servingRsrp=-108.385 targetRsrp=-97.0615 targetLoadReal=11/15 targetLoadEff=11/15
LM HO UE=22 rnti=181 3->1 type=TN servingRsrp=-115.213 targetRsrp=-108.026 targetLoadReal=15/20 targetLoadEff=15/20
UE 24 TTT_WAIT target=1 elapsed=0s need=2s
UE 25 TTT_WAIT target=1 elapsed=0s need=2s
UE 26 TTT_WAIT target=2 elapsed=0s need=2s
LM HO_FAIL_LOW_RSRP UE=27 currCell=4 candCell=7 candRsrp=-115.085 < min=-110
LM HO_FAIL_LOW_RSRP UE=30 currCell=2 candCell=7 candRsrp=-118.927 < min=-110
LM HO_FAIL_LOW_RSRP UE=31 currCell=1 candCell=7 candRsrp=-113.956 < min=-110
LM HO_FAIL_LOW_RSRP UE=33 currCell=4 candCell=3 candRsrp=-113.188 < min=-110
UE 34 TTT_WAIT target=1 elapsed=0s need=2s
UE 36 TTT_WAIT target=3 elapsed=0s need=2s
LM HO_FAIL_LOW_RSRP UE=38 currCell=2 candCell=1 candRsrp=-115.192 < min=-110
UE 40 TTT_WAIT target=3 elapsed=0s need=2s
UE 41 TTT_WAIT target=4 elapsed=0s need=2s
LM HO_FAIL_LOW_RSRP UE=42 currCell=4 candCell=1 candRsrp=-112.225 < min=-110
LM HO_FAIL_LOW_RSRP UE=43 currCell=2 candCell=7 candRsrp=-117.249 < min=-110
LM HO_FAIL_LOW_RSRP UE=45 currCell=1 candCell=4 candRsrp=-111.739 < min=-110
LM HO_FAIL_LOW_RSRP UE=49 currCell=3 candCell=4 candRsrp=-114.514 < min=-110
UE 50 TTT_WAIT target=1 elapsed=0s need=2s
UE 51 TTT_WAIT target=2 elapsed=0s need=2s
LM HO_FAIL_LOW_RSRP UE=54 currCell=4 candCell=7 candRsrp=-117.266 < min=-110
UE 55 TTT_WAIT target=1 elapsed=0s need=2s
LM HO UE=56 rnti=140 1->3 type=TN servingRsrp=-114.541 targetRsrp=-90.916 targetLoadReal=12/20 targetLoadEff=12/20
UE 58 TTT_WAIT target=3 elapsed=0s need=2s
UE 59 TTT_WAIT target=3 elapsed=0s need=2s
UE 61 TTT_WAIT target=7 elapsed=0s need=2s
LM HO_FAIL_LOW_RSRP UE=66 currCell=3 candCell=4 candRsrp=-111.182 < min=-110
LM HO_FAIL_LOW_RSRP UE=72 currCell=3 candCell=2 candRsrp=-112.05 < min=-110
UE 73 TTT_WAIT target=3 elapsed=0s need=2s
UE 74 TTT_WAIT target=1 elapsed=0s need=2s
LM HO_FAIL_LOW_RSRP UE=75 currCell=2 candCell=1 candRsrp=-110.882 < min=-110
LM HO_FAIL_LOW_RSRP UE=77 currCell=3 candCell=7 candRsrp=-125.381 < min=-110
LM HO_FAIL_LOW_RSRP UE=80 currCell=1 candCell=4 candRsrp=-114.277 < min=-110
UE 81 TTT_WAIT target=2 elapsed=0s need=2s
UE 83 TTT_WAIT target=3 elapsed=0s need=2s
LM HO_FAIL_LOW_RSRP UE=84 currCell=6 candCell=7 candRsrp=-123.227 < min=-110
UE 88 TTT_WAIT target=1 elapsed=0s need=2s
LM HO_FAIL_LOW_RSRP UE=89 currCell=2 candCell=7 candRsrp=-115.649 < min=-110
UE 90 TTT_WAIT target=1 elapsed=0s need=2s
UE 91 TTT_WAIT target=1 elapsed=0s need=2s
LM HO_FAIL_LOW_RSRP UE=92 currCell=4 candCell=1 candRsrp=-115.221 < min=-110
UE 93 TTT_WAIT target=1 elapsed=0s need=2s
LM HO_FAIL_LOW_RSRP UE=95 currCell=4 candCell=7 candRsrp=-121.417 < min=-110
UE 97 TTT_WAIT target=1 elapsed=0s need=2s
UE 105 TTT_WAIT target=1 elapsed=0s need=2s
TRACE HO_SUCCESS Time=82.6151 IMSI=21 TargetCell=1 Type=TN TargetRSRP=-111.266 ServingRSRP=-106.258 BackhaulDlSnr=-999 BackhaulUlSnr=-999
TRACE HO_SUCCESS Time=82.6151 IMSI=11 TargetCell=2 Type=TN TargetRSRP=-107.456 ServingRSRP=-111.157 BackhaulDlSnr=-999 BackhaulUlSnr=-999
TRACE HO_SUCCESS Time=82.6151 IMSI=55 TargetCell=3 Type=TN TargetRSRP=-114.057 ServingRSRP=-110.998 BackhaulDlSnr=-999 BackhaulUlSnr=-999
TRACE HO_SUCCESS Time=82.6151 IMSI=14 TargetCell=4 Type=TN TargetRSRP=-108.157 ServingRSRP=-109.268 BackhaulDlSnr=-999 BackhaulUlSnr=-999
TRACE HO_SUCCESS Time=82.6151 IMSI=20 TargetCell=7 Type=NTN TargetRSRP=-111.007 ServingRSRP=-106.75 BackhaulDlSnr=-999 BackhaulUlSnr=-999
UAV_AUTONOMY_XAPP Time=84.5 DeploymentMode=tn-uav UavIndex=0 UavCellId=5 BestDonorCellId=1 BestDonorDistanceM=364.536 XhaulConnected=1 XhaulChannelVariationDb=0 RawXhaulState=HEALTHY RawXhaulStateAgeSec=80 XhaulState=HEALTHY DonorUnavailableActive=0 SatBackhaulHealthy=0 UavSwitchingXappAvailable=0 UavSwitchingXappState=DISABLED AiPredictedBackhaulMode=RULE_BASED BackhaulMode=TN_DIRECT RicControlState=TN_E2 ActiveUavRic=LOCAL_UAV_AUTONOMY NormalUeHandoverAllowed=1 UavMode=TN_CONTROLLED_COVERAGE_EXTENSION
UAV_AUTONOMY_XAPP Time=84.5 DeploymentMode=tn-uav UavIndex=1 UavCellId=6 BestDonorCellId=3 BestDonorDistanceM=251.756 XhaulConnected=1 XhaulChannelVariationDb=0 RawXhaulState=HEALTHY RawXhaulStateAgeSec=80 XhaulState=HEALTHY DonorUnavailableActive=0 SatBackhaulHealthy=0 UavSwitchingXappAvailable=0 UavSwitchingXappState=DISABLED AiPredictedBackhaulMode=RULE_BASED BackhaulMode=TN_DIRECT RicControlState=TN_E2 ActiveUavRic=LOCAL_UAV_AUTONOMY NormalUeHandoverAllowed=1 UavMode=TN_CONTROLLED_COVERAGE_EXTENSION
UAV_AUTONOMY_XAPP Time=84.5 DeploymentMode=tn-uav UavIndex=2 UavCellId=7 BestDonorCellId=2 BestDonorDistanceM=136.9 XhaulConnected=1 XhaulChannelVariationDb=0 RawXhaulState=HEALTHY RawXhaulStateAgeSec=80 XhaulState=HEALTHY DonorUnavailableActive=0 SatBackhaulHealthy=0 UavSwitchingXappAvailable=0 UavSwitchingXappState=DISABLED AiPredictedBackhaulMode=RULE_BASED BackhaulMode=TN_DIRECT RicControlState=TN_E2 ActiveUavRic=LOCAL_UAV_AUTONOMY NormalUeHandoverAllowed=1 UavMode=TN_CONTROLLED_COVERAGE_EXTENSION
---- LOAD at t=84.5 ----
  cell 1 (TN) load=14/20
  cell 2 (TN) load=16/20
  cell 3 (TN) load=12/20
  cell 4 (TN) load=17/20
  cell 5 (NTN) load=15/15
  cell 6 (NTN) load=15/15
  cell 7 (NTN) load=11/15
UE 8 TTT_WAIT target=3 elapsed=0s need=2s
LM HO_FAIL_LOW_RSRP UE=9 currCell=1 candCell=2 candRsrp=-110.282 < min=-110
UE 10 TTT_WAIT target=1 elapsed=0s need=2s
LM HO UE=11 rnti=87 1->3 type=TN servingRsrp=-113.902 targetRsrp=-91.1038 targetLoadReal=12/20 targetLoadEff=12/20
UE 13 TTT_WAIT target=1 elapsed=0s need=2s
UE 15 TTT_WAIT target=2 elapsed=0s need=2s
UE 16 TTT_WAIT target=2 elapsed=0s need=2s
UE 17 TTT_WAIT target=1 elapsed=0s need=2s
LM HO_FAIL_LOW_RSRP UE=18 currCell=1 candCell=7 candRsrp=-117.979 < min=-110
UE 23 TTT_WAIT target=3 elapsed=0s need=2s
LM HO_FAIL_LOW_RSRP UE=24 currCell=4 candCell=7 candRsrp=-120.763 < min=-110
UE 25 TTT_WAIT target=4 elapsed=0s need=2s
LM HO_FAIL_LOW_RSRP UE=27 currCell=4 candCell=7 candRsrp=-118.707 < min=-110
UE 29 TTT_WAIT target=4 elapsed=0s need=2s
LM HO_FAIL_LOW_RSRP UE=31 currCell=1 candCell=4 candRsrp=-112.614 < min=-110
LM HO_FAIL_LOW_RSRP UE=34 currCell=2 candCell=7 candRsrp=-111.613 < min=-110
UE 35 TTT_WAIT target=7 elapsed=0s need=2s
UE 37 TTT_WAIT target=2 elapsed=0s need=2s
LM HO_FAIL_LOW_RSRP UE=38 currCell=2 candCell=1 candRsrp=-115.781 < min=-110
UE 40 TTT_WAIT target=1 elapsed=0s need=2s
UE 41 TTT_WAIT target=3 elapsed=0s need=2s
LM HO_FAIL_LOW_RSRP UE=42 currCell=4 candCell=1 candRsrp=-112.323 < min=-110
UE 44 TTT_WAIT target=4 elapsed=0s need=2s
LM HO_FAIL_LOW_RSRP UE=45 currCell=1 candCell=7 candRsrp=-116.217 < min=-110
UE 47 TTT_WAIT target=4 elapsed=0s need=2s
LM HO_FAIL_LOW_RSRP UE=49 currCell=3 candCell=7 candRsrp=-117.557 < min=-110
LM HO_FAIL_LOW_RSRP UE=54 currCell=4 candCell=7 candRsrp=-113.313 < min=-110
LM HO_FAIL_LOW_RSRP UE=55 currCell=4 candCell=7 candRsrp=-117.177 < min=-110
UE 56 TTT_WAIT target=7 elapsed=0s need=2s
UE 57 TTT_WAIT target=2 elapsed=0s need=2s
UE 59 TTT_WAIT target=2 elapsed=0s need=2s
UE 61 TTT_WAIT target=1 elapsed=0s need=2s
LM HO_FAIL_LOW_RSRP UE=62 currCell=3 candCell=1 candRsrp=-111.361 < min=-110
UE 63 TTT_WAIT target=1 elapsed=0s need=2s
UE 64 TTT_WAIT target=2 elapsed=0s need=2s
UE 68 TTT_WAIT target=7 elapsed=0s need=2s
UE 70 TTT_WAIT target=4 elapsed=0s need=2s
UE 71 TTT_WAIT target=3 elapsed=0s need=2s
UE 74 TTT_WAIT target=3 elapsed=0s need=2s
LM HO_FAIL_LOW_RSRP UE=75 currCell=2 candCell=7 candRsrp=-117.023 < min=-110
LM HO_FAIL_LOW_RSRP UE=77 currCell=3 candCell=7 candRsrp=-113.143 < min=-110
UE 80 TTT_WAIT target=3 elapsed=0s need=2s
UE 81 TTT_WAIT target=4 elapsed=0s need=2s
UE 83 TTT_WAIT target=4 elapsed=0s need=2s
LM HO_FAIL_LOW_RSRP UE=84 currCell=6 candCell=7 candRsrp=-120.364 < min=-110
LM HO_FAIL_LOW_RSRP UE=87 currCell=3 candCell=2 candRsrp=-113.671 < min=-110
UE 88 TTT_WAIT target=4 elapsed=0s need=2s
UE 89 TTT_WAIT target=1 elapsed=0s need=2s
LM HO_FAIL_LOW_RSRP UE=90 currCell=3 candCell=1 candRsrp=-120.921 < min=-110
LM HO_FAIL_LOW_RSRP UE=92 currCell=4 candCell=3 candRsrp=-114.557 < min=-110
LM HO_FAIL_LOW_RSRP UE=95 currCell=4 candCell=7 candRsrp=-124.476 < min=-110
UE 97 TTT_WAIT target=4 elapsed=0s need=2s
LM HO_FAIL_LOW_RSRP UE=105 currCell=2 candCell=7 candRsrp=-111.814 < min=-110
LM HO_FAIL_LOW_RSRP UE=107 currCell=3 candCell=7 candRsrp=-118.672 < min=-110
TRACE HO_SUCCESS Time=84.6151 IMSI=10 TargetCell=3 Type=TN TargetRSRP=-117.234 ServingRSRP=-102.861 BackhaulDlSnr=-999 BackhaulUlSnr=-999
UAV_AUTONOMY_XAPP Time=86.5 DeploymentMode=tn-uav UavIndex=0 UavCellId=5 BestDonorCellId=1 BestDonorDistanceM=364.536 XhaulConnected=1 XhaulChannelVariationDb=0 RawXhaulState=HEALTHY RawXhaulStateAgeSec=82 XhaulState=HEALTHY DonorUnavailableActive=0 SatBackhaulHealthy=0 UavSwitchingXappAvailable=0 UavSwitchingXappState=DISABLED AiPredictedBackhaulMode=RULE_BASED BackhaulMode=TN_DIRECT RicControlState=TN_E2 ActiveUavRic=LOCAL_UAV_AUTONOMY NormalUeHandoverAllowed=1 UavMode=TN_CONTROLLED_COVERAGE_EXTENSION
UAV_AUTONOMY_XAPP Time=86.5 DeploymentMode=tn-uav UavIndex=1 UavCellId=6 BestDonorCellId=3 BestDonorDistanceM=251.756 XhaulConnected=1 XhaulChannelVariationDb=0 RawXhaulState=HEALTHY RawXhaulStateAgeSec=82 XhaulState=HEALTHY DonorUnavailableActive=0 SatBackhaulHealthy=0 UavSwitchingXappAvailable=0 UavSwitchingXappState=DISABLED AiPredictedBackhaulMode=RULE_BASED BackhaulMode=TN_DIRECT RicControlState=TN_E2 ActiveUavRic=LOCAL_UAV_AUTONOMY NormalUeHandoverAllowed=1 UavMode=TN_CONTROLLED_COVERAGE_EXTENSION
UAV_AUTONOMY_XAPP Time=86.5 DeploymentMode=tn-uav UavIndex=2 UavCellId=7 BestDonorCellId=2 BestDonorDistanceM=138.648 XhaulConnected=1 XhaulChannelVariationDb=0 RawXhaulState=HEALTHY RawXhaulStateAgeSec=82 XhaulState=HEALTHY DonorUnavailableActive=0 SatBackhaulHealthy=0 UavSwitchingXappAvailable=0 UavSwitchingXappState=DISABLED AiPredictedBackhaulMode=RULE_BASED BackhaulMode=TN_DIRECT RicControlState=TN_E2 ActiveUavRic=LOCAL_UAV_AUTONOMY NormalUeHandoverAllowed=1 UavMode=TN_CONTROLLED_COVERAGE_EXTENSION
---- LOAD at t=86.5 ----
  cell 1 (TN) load=13/20
  cell 2 (TN) load=16/20
  cell 3 (TN) load=13/20
  cell 4 (TN) load=17/20
  cell 5 (NTN) load=15/15
  cell 6 (NTN) load=15/15
  cell 7 (NTN) load=11/15
LM HO_FAIL_LOW_RSRP UE=8 currCell=4 candCell=7 candRsrp=-119.227 < min=-110
LM HO_FAIL_LOW_RSRP UE=9 currCell=1 candCell=7 candRsrp=-119.371 < min=-110
LM HO UE=10 rnti=161 6->1 type=TN servingRsrp=-116.308 targetRsrp=-109.203 targetLoadReal=13/20 targetLoadEff=13/20
LM HO_FAIL_LOW_RSRP UE=11 currCell=3 candCell=1 candRsrp=-111.572 < min=-110
LM HO_FAIL_LOW_RSRP UE=12 currCell=2 candCell=7 candRsrp=-115.103 < min=-110
UE 13 TTT_WAIT target=3 elapsed=0s need=2s
LM HO_FAIL_LOW_RSRP UE=14 currCell=2 candCell=7 candRsrp=-112.823 < min=-110
LM HO_FAIL_LOW_RSRP UE=15 currCell=4 candCell=2 candRsrp=-110.742 < min=-110
UE 17 TTT_WAIT target=4 elapsed=0s need=2s
LM HO_FAIL_LOW_RSRP UE=18 currCell=1 candCell=7 candRsrp=-115.852 < min=-110
LM HO_FAIL_LOW_RSRP UE=19 currCell=4 candCell=3 candRsrp=-110.204 < min=-110
UE 20 TTT_WAIT target=7 elapsed=0s need=2s
UE 21 TTT_WAIT target=1 elapsed=0s need=2s
LM HO_FAIL_LOW_RSRP UE=22 currCell=1 candCell=7 candRsrp=-115.308 < min=-110
UE 23 TTT_WAIT target=2 elapsed=0s need=2s
LM HO_FAIL_LOW_RSRP UE=24 currCell=4 candCell=7 candRsrp=-120.84 < min=-110
UE 25 TTT_WAIT target=3 elapsed=0s need=2s
UE 26 TTT_WAIT target=4 elapsed=0s need=2s
LM HO_FAIL_LOW_RSRP UE=27 currCell=4 candCell=7 candRsrp=-114.266 < min=-110
LM HO_FAIL_LOW_RSRP UE=30 currCell=2 candCell=7 candRsrp=-120.348 < min=-110
LM HO_FAIL_LOW_RSRP UE=31 currCell=1 candCell=7 candRsrp=-118.122 < min=-110
UE 32 TTT_WAIT target=7 elapsed=0s need=2s
LM HO_FAIL_LOW_RSRP UE=33 currCell=4 candCell=2 candRsrp=-113.776 < min=-110
LM HO_FAIL_LOW_RSRP UE=34 currCell=2 candCell=7 candRsrp=-118.25 < min=-110
LM HO_FAIL_LOW_RSRP UE=35 currCell=2 candCell=7 candRsrp=-113.142 < min=-110
UE 36 TTT_WAIT target=2 elapsed=0s need=2s
UE 38 TTT_WAIT target=1 elapsed=0s need=2s
UE 40 TTT_WAIT target=3 elapsed=0s need=2s
LM HO UE=41 rnti=116 7->3 type=TN servingRsrp=-122.158 targetRsrp=-84.8246 targetLoadReal=13/20 targetLoadEff=13/20
LM HO_FAIL_LOW_RSRP UE=42 currCell=4 candCell=7 candRsrp=-118.493 < min=-110
UE 43 TTT_WAIT target=1 elapsed=0s need=2s
UE 45 TTT_WAIT target=2 elapsed=0s need=2s
UE 47 TTT_WAIT target=1 elapsed=0s need=2s
LM HO_FAIL_LOW_RSRP UE=49 currCell=3 candCell=4 candRsrp=-112.266 < min=-110
UE 53 TTT_WAIT target=2 elapsed=0s need=2s
UE 54 TTT_WAIT target=2 elapsed=0s need=2s
LM HO_FAIL_LOW_RSRP UE=55 currCell=4 candCell=7 candRsrp=-119.951 < min=-110
UE 56 TTT_WAIT target=4 elapsed=0s need=2s
LM HO UE=57 rnti=133 1->2 type=TN servingRsrp=-105.129 targetRsrp=-80.4551 targetLoadReal=16/20 targetLoadEff=16/20
LM HO UE=59 rnti=143 1->2 type=TN servingRsrp=-114.736 targetRsrp=-84.2409 targetLoadReal=16/20 targetLoadEff=17/20
LM HO_FAIL_LOW_RSRP UE=61 currCell=3 candCell=4 candRsrp=-113.18 < min=-110
UE 62 TTT_WAIT target=1 elapsed=0s need=2s
LM HO_FAIL_LOW_RSRP UE=63 currCell=2 candCell=7 candRsrp=-114.982 < min=-110
UE 64 TTT_WAIT target=4 elapsed=0s need=2s
LM HO_FAIL_LOW_RSRP UE=66 currCell=3 candCell=4 candRsrp=-113.576 < min=-110
UE 70 TTT_WAIT target=2 elapsed=0s need=2s
LM HO_FAIL_LOW_RSRP UE=72 currCell=3 candCell=2 candRsrp=-117.036 < min=-110
LM HO_FAIL_LOW_RSRP UE=74 currCell=2 candCell=4 candRsrp=-116.829 < min=-110
LM HO_FAIL_LOW_RSRP UE=75 currCell=2 candCell=7 candRsrp=-115.595 < min=-110
LM HO_FAIL_LOW_RSRP UE=80 currCell=1 candCell=3 candRsrp=-113.062 < min=-110
LM HO_FAIL_LOW_RSRP UE=81 currCell=3 candCell=2 candRsrp=-112.76 < min=-110
LM HO_FAIL_LOW_RSRP UE=84 currCell=6 candCell=7 candRsrp=-121.989 < min=-110
LM HO_FAIL_LOW_RSRP UE=89 currCell=2 candCell=3 candRsrp=-117.815 < min=-110
UE 90 TTT_WAIT target=4 elapsed=0s need=2s
UE 92 TTT_WAIT target=3 elapsed=0s need=2s
UE 93 TTT_WAIT target=1 elapsed=0s need=2s
LM HO_FAIL_LOW_RSRP UE=95 currCell=4 candCell=7 candRsrp=-126.63 < min=-110
UE 97 TTT_WAIT target=1 elapsed=0s need=2s
UE 98 TTT_WAIT target=7 elapsed=0s need=2s
UE 99 TTT_WAIT target=4 elapsed=0s need=2s
UE 100 TTT_WAIT target=2 elapsed=0s need=2s
UE 102 TTT_WAIT target=2 elapsed=0s need=2s
UE 105 TTT_WAIT target=1 elapsed=0s need=2s
LM HO_FAIL_LOW_RSRP UE=107 currCell=3 candCell=7 candRsrp=-115.893 < min=-110
TRACE HO_SUCCESS Time=86.6151 IMSI=9 TargetCell=1 Type=TN TargetRSRP=-120.962 ServingRSRP=-113.598 BackhaulDlSnr=-999 BackhaulUlSnr=-999
TRACE HO_SUCCESS Time=86.6151 IMSI=56 TargetCell=2 Type=TN TargetRSRP=-106.448 ServingRSRP=-92.7715 BackhaulDlSnr=-999 BackhaulUlSnr=-999
TRACE HO_SUCCESS Time=86.6151 IMSI=58 TargetCell=2 Type=TN TargetRSRP=-115.59 ServingRSRP=-84.2082 BackhaulDlSnr=-999 BackhaulUlSnr=-999
UAV_AUTONOMY_XAPP Time=88.5 DeploymentMode=tn-uav UavIndex=0 UavCellId=5 BestDonorCellId=1 BestDonorDistanceM=364.536 XhaulConnected=1 XhaulChannelVariationDb=0 RawXhaulState=HEALTHY RawXhaulStateAgeSec=84 XhaulState=HEALTHY DonorUnavailableActive=0 SatBackhaulHealthy=0 UavSwitchingXappAvailable=0 UavSwitchingXappState=DISABLED AiPredictedBackhaulMode=RULE_BASED BackhaulMode=TN_DIRECT RicControlState=TN_E2 ActiveUavRic=LOCAL_UAV_AUTONOMY NormalUeHandoverAllowed=1 UavMode=TN_CONTROLLED_COVERAGE_EXTENSION
UAV_AUTONOMY_XAPP Time=88.5 DeploymentMode=tn-uav UavIndex=1 UavCellId=6 BestDonorCellId=3 BestDonorDistanceM=251.386 XhaulConnected=1 XhaulChannelVariationDb=0 RawXhaulState=HEALTHY RawXhaulStateAgeSec=84 XhaulState=HEALTHY DonorUnavailableActive=0 SatBackhaulHealthy=0 UavSwitchingXappAvailable=0 UavSwitchingXappState=DISABLED AiPredictedBackhaulMode=RULE_BASED BackhaulMode=TN_DIRECT RicControlState=TN_E2 ActiveUavRic=LOCAL_UAV_AUTONOMY NormalUeHandoverAllowed=1 UavMode=TN_CONTROLLED_COVERAGE_EXTENSION
UAV_AUTONOMY_XAPP Time=88.5 DeploymentMode=tn-uav UavIndex=2 UavCellId=7 BestDonorCellId=1 BestDonorDistanceM=129.787 XhaulConnected=1 XhaulChannelVariationDb=0 RawXhaulState=HEALTHY RawXhaulStateAgeSec=84 XhaulState=HEALTHY DonorUnavailableActive=0 SatBackhaulHealthy=0 UavSwitchingXappAvailable=0 UavSwitchingXappState=DISABLED AiPredictedBackhaulMode=RULE_BASED BackhaulMode=TN_DIRECT RicControlState=TN_E2 ActiveUavRic=LOCAL_UAV_AUTONOMY NormalUeHandoverAllowed=1 UavMode=TN_CONTROLLED_COVERAGE_EXTENSION
---- LOAD at t=88.5 ----
  cell 1 (TN) load=12/20
  cell 2 (TN) load=18/20
  cell 3 (TN) load=13/20
  cell 4 (TN) load=17/20
  cell 5 (NTN) load=15/15
  cell 6 (NTN) load=14/15
  cell 7 (NTN) load=11/15
UE 8 TTT_WAIT target=1 elapsed=0s need=2s
LM HO_FAIL_LOW_RSRP UE=9 currCell=1 candCell=2 candRsrp=-112.194 < min=-110
LM HO_FAIL_LOW_RSRP UE=10 currCell=1 candCell=3 candRsrp=-114.312 < min=-110
UE 11 TTT_WAIT target=4 elapsed=0s need=2s
LM HO_FAIL_LOW_RSRP UE=12 currCell=2 candCell=7 candRsrp=-116.718 < min=-110
LM HO UE=13 rnti=199 4->3 type=TN servingRsrp=-111.08 targetRsrp=-108.924 targetLoadReal=13/20 targetLoadEff=13/20
UE 16 TTT_WAIT target=1 elapsed=0s need=2s
UE 19 TTT_WAIT target=6 elapsed=0s need=2s
UE 22 TTT_WAIT target=2 elapsed=0s need=2s
UE 23 TTT_WAIT target=3 elapsed=0s need=2s
UE 24 TTT_WAIT target=1 elapsed=0s need=2s
UE 27 TTT_WAIT target=3 elapsed=0s need=2s
UE 28 TTT_WAIT target=7 elapsed=0s need=2s
UE 29 TTT_WAIT target=4 elapsed=0s need=2s
LM HO_FAIL_LOW_RSRP UE=30 currCell=2 candCell=7 candRsrp=-119.449 < min=-110
LM HO_FAIL_LOW_RSRP UE=31 currCell=1 candCell=7 candRsrp=-114.422 < min=-110
LM HO UE=32 rnti=164 6->7 type=NTN servingRsrp=-98.568 targetRsrp=-93.036 targetLoadReal=11/15 targetLoadEff=11/15
UE 33 TTT_WAIT target=1 elapsed=0s need=2s
LM HO_FAIL_LOW_RSRP UE=34 currCell=2 candCell=7 candRsrp=-114.041 < min=-110
UE 35 TTT_WAIT target=7 elapsed=0s need=2s
UE 37 TTT_WAIT target=3 elapsed=0s need=2s
UE 38 TTT_WAIT target=3 elapsed=0s need=2s
UE 39 TTT_WAIT target=4 elapsed=0s need=2s
UE 41 TTT_WAIT target=3 elapsed=0s need=2s
UE 42 TTT_WAIT target=7 elapsed=0s need=2s
LM HO_FAIL_LOW_RSRP UE=43 currCell=2 candCell=7 candRsrp=-116.427 < min=-110
LM HO_FAIL_LOW_RSRP UE=44 currCell=2 candCell=6 candRsrp=-119.74 < min=-110
UE 46 TTT_WAIT target=6 elapsed=0s need=2s
UE 47 TTT_WAIT target=4 elapsed=0s need=2s
UE 49 TTT_WAIT target=4 elapsed=0s need=2s
UE 50 TTT_WAIT target=3 elapsed=0s need=2s
UE 52 TTT_WAIT target=3 elapsed=0s need=2s
LM HO_FAIL_LOW_RSRP UE=53 currCell=4 candCell=7 candRsrp=-120.804 < min=-110
LM HO_FAIL_LOW_RSRP UE=54 currCell=4 candCell=1 candRsrp=-114.401 < min=-110
LM HO_FAIL_LOW_RSRP UE=56 currCell=3 candCell=7 candRsrp=-116.872 < min=-110
UE 57 TTT_WAIT target=1 elapsed=0s need=2s
LM HO_FAIL_LOW_RSRP UE=59 currCell=2 candCell=1 candRsrp=-110.797 < min=-110
LM HO_FAIL_LOW_RSRP UE=61 currCell=3 candCell=6 candRsrp=-120.257 < min=-110
LM HO_FAIL_LOW_RSRP UE=62 currCell=3 candCell=7 candRsrp=-116.117 < min=-110
LM HO_FAIL_LOW_RSRP UE=63 currCell=2 candCell=1 candRsrp=-110.325 < min=-110
UE 66 TTT_WAIT target=1 elapsed=0s need=2s
UE 71 TTT_WAIT target=3 elapsed=0s need=2s
LM HO_FAIL_LOW_RSRP UE=72 currCell=3 candCell=2 candRsrp=-114.902 < min=-110
LM HO_FAIL_LOW_RSRP UE=74 currCell=2 candCell=3 candRsrp=-116.47 < min=-110
LM HO_FAIL_LOW_RSRP UE=75 currCell=2 candCell=1 candRsrp=-116.373 < min=-110
UE 77 TTT_WAIT target=4 elapsed=0s need=2s
LM HO_FAIL_LOW_RSRP UE=80 currCell=1 candCell=3 candRsrp=-111.448 < min=-110
UE 81 TTT_WAIT target=2 elapsed=0s need=2s
UE 82 TTT_WAIT target=4 elapsed=0s need=2s
LM HO_FAIL_LOW_RSRP UE=84 currCell=6 candCell=7 candRsrp=-120.505 < min=-110
LM HO_FAIL_LOW_RSRP UE=89 currCell=2 candCell=4 candRsrp=-116.056 < min=-110
LM HO_FAIL_LOW_RSRP UE=90 currCell=3 candCell=2 candRsrp=-114.772 < min=-110
UE 92 TTT_WAIT target=6 elapsed=0s need=2s
LM HO_FAIL_LOW_RSRP UE=95 currCell=4 candCell=3 candRsrp=-113.688 < min=-110
LM HO_FAIL_LOW_RSRP UE=96 currCell=7 candCell=6 candRsrp=-112.2 < min=-110
LM HO UE=102 rnti=114 7->2 type=TN servingRsrp=-118.239 targetRsrp=-97.7751 targetLoadReal=18/20 targetLoadEff=18/20
UE 103 TTT_WAIT target=2 elapsed=0s need=2s
UE 104 TTT_WAIT target=4 elapsed=0s need=2s
UE 107 TTT_WAIT target=6 elapsed=0s need=2s
TRACE HO_SUCCESS Time=88.6151 IMSI=101 TargetCell=2 Type=TN TargetRSRP=-117.701 ServingRSRP=-101.886 BackhaulDlSnr=-999 BackhaulUlSnr=-999
TRACE HO_SUCCESS Time=88.6151 IMSI=12 TargetCell=3 Type=TN TargetRSRP=-106.545 ServingRSRP=-105.371 BackhaulDlSnr=-999 BackhaulUlSnr=-999
TRACE HO_SUCCESS Time=88.6151 IMSI=31 TargetCell=7 Type=NTN TargetRSRP=-120.192 ServingRSRP=-99.4985 BackhaulDlSnr=-999 BackhaulUlSnr=-999
