Time,UE,Dir,Delay,Jitter,Throughput,PDR
4,0,DL,0,0,0,0
4,0,UL,0,0,0,0
4,1,DL,0,0,0,0
4,1,UL,0,0,0,0
4,2,DL,0,0,0,0
4,2,UL,0,0,0,0
4,3,DL,1.06135,0.0194798,0.757042,15.8333
4,3,UL,0.247264,0.000243343,0.0922852,75.6
4,4,DL,0,0,0,0
4,4,UL,0,0,0,0
4,5,DL,0,0,0,0
4,5,UL,0,0,0,0
4,6,DL,0,0,0,0
4,6,UL,0,0,0,0
4,7,DL,0,0,0,0
4,7,UL,0,0,0,0
4,8,DL,0.658525,0.0117314,1.3542,28.3333
4,8,UL,0,0,0,0
4,9,DL,0,0,0,0
4,9,UL,0,0,0,0
4,10,DL,0,0,0,0
4,10,UL,0,0,0,0
4,11,DL,0,0,0,0
4,11,UL,0,0,0,0
4,12,DL,0,0,0,0
4,12,UL,0,0,0,0
4,13,DL,0.543819,0.0209118,0.994568,20.6612
4,13,UL,0,0,0,0
4,14,DL,0,0,0,0
4,14,UL,0,0,0,0
4,15,DL,0,0,0,0
4,15,UL,0,0,0,0
4,16,DL,0,0,0,0
4,16,UL,0,0,0,0
4,17,DL,0,0,0,0
4,17,UL,0,0,0,0
4,18,DL,0,0,0,0
4,18,UL,0,0,0,0
4,19,DL,0,0,0,0
4,19,UL,0.00620556,0.000184729,0.121582,99.6
4,20,DL,0,0,0,0
4,20,UL,0,0,0,0
4,21,DL,0,0,0,0
4,21,UL,0,0,0,0
4,22,DL,0,0,0,0
4,22,UL,0,0,0,0
4,23,DL,0,0,0,0
4,23,UL,0,0,0,0
4,24,DL,0,0,0,0
4,24,UL,0,0,0,0
4,25,DL,0,0,0,0
4,25,UL,0,0,0,0
4,26,DL,0.535526,0.0206771,1.03511,21.4876
4,26,UL,0.247753,0.000753965,0.0297852,24.4
4,27,DL,0,0,0,0
4,27,UL,0,0,0,0
4,28,DL,0.419133,0.0111469,1.2747,26.6667
4,28,UL,0,0,0,0
4,29,DL,0,0,0,0
4,29,UL,0,0,0,0
4,30,DL,0,0,0,0
4,30,UL,0,0,0,0
4,31,DL,0,0,0,0
4,31,UL,0,0,0,0
4,32,DL,0,0,0,0
4,32,UL,0,0,0,0
4,33,DL,0,0,0,0
4,33,UL,0,0,0,0
4,34,DL,0,0,0,0
4,34,UL,0,0,0,0
4,35,DL,0,0,0,0
4,35,UL,0,0,0,0
4,36,DL,0,0,0,0
4,36,UL,0,0,0,0
4,37,DL,0,0,0,0
4,37,UL,0,0,0,0
4,38,DL,0,0,0,0
4,38,UL,0,0,0,0
4,39,DL,0,0,0,0
4,39,UL,0,0,0,0
4,40,DL,0,0,0,0
4,40,UL,0,0,0,0
4,41,DL,0,0,0,0
4,41,UL,0,0,0,0
4,42,DL,0.612093,0.0115594,2.47063,51.6667
4,42,UL,0.247265,0.000243344,0.0922852,75.6
4,43,DL,0,0,0,0
4,43,UL,0,0,0,0
4,44,DL,0.551665,0.0214929,0.99667,20.6612
4,44,UL,0.247265,0.000243344,0.0922852,75.6
4,45,DL,0,0,0,0
4,45,UL,0,0,0,0
4,46,DL,0,0,0,0
4,46,UL,0,0,0,0
4,47,DL,0,0,0,0
4,47,UL,0,0,0,0
4,48,DL,0,0,0,0
4,48,UL,0,0,0,0
4,49,DL,0,0,0,0
4,49,UL,0.00620583,0.000184729,0.121582,99.6
4,50,DL,0,0,0,0
4,50,UL,0,0,0,0
4,51,DL,0.750707,0.0213276,1.79261,37.5
4,51,UL,0,0,0,0
4,52,DL,0,0,0,0
4,52,UL,0,0,0,0
4,53,DL,0,0,0,0
4,53,UL,0,0,0,0
4,54,DL,0,0,0,0
4,54,UL,0,0,0,0
4,55,DL,0,0,0,0
4,55,UL,0,0,0,0
4,56,DL,0,0,0,0
4,56,UL,0,0,0,0
4,57,DL,0,0,0,0
4,57,UL,0,0,0,0
4,58,DL,0,0,0,0
4,58,UL,0,0,0,0
4,59,DL,0,0,0,0
4,59,UL,0,0,0,0
4,60,DL,0,0,0,0
4,60,UL,0,0,0,0
4,61,DL,0,0,0,0
4,61,UL,0,0,0,0
4,62,DL,0,0,0,0
4,62,UL,0,0,0,0
4,63,DL,0,0,0,0
4,63,UL,0,0,0,0
4,64,DL,0,0,0,0
4,64,UL,0,0,0,0
4,65,DL,0.266169,0.00567451,0.915382,19.1667
4,65,UL,0,0,0,0
4,66,DL,0,0,0,0
4,66,UL,0,0,0,0
4,67,DL,0,0,0,0
4,67,UL,0,0,0,0
4,68,DL,0.548523,0.0209607,0.995396,20.6612
4,68,UL,0,0,0,0
4,69,DL,0,0,0,0
4,69,UL,0,0,0,0
4,70,DL,0,0,0,0
4,70,UL,0,0,0,0
4,71,DL,0,0,0,0
4,71,UL,0,0,0,0
4,72,DL,0,0,0,0
4,72,UL,0,0,0,0
4,73,DL,0,0,0,0
4,73,UL,0,0,0,0
4,74,DL,0,0,0,0
4,74,UL,0,0,0,0
4,75,DL,0,0,0,0
4,75,UL,0,0,0,0
4,76,DL,0.0273949,0.00174742,0.199642,4.13223
4,76,UL,0,0,0,0
4,77,DL,0,0,0,0
4,77,UL,0,0,0,0
4,78,DL,0,0,0,0
4,78,UL,0,0,0,0
4,79,DL,0,0,0,0
4,79,UL,0,0,0,0
4,80,DL,0,0,0,0
4,80,UL,0,0,0,0
4,81,DL,0,0,0,0
4,81,UL,0,0,0,0
4,82,DL,0,0,0,0
4,82,UL,0,0,0,0
4,83,DL,0,0,0,0
4,83,UL,0,0,0,0
4,84,DL,0,0,0,0
4,84,UL,0,0,0,0
4,85,DL,0,0,0,0
4,85,UL,0,0,0,0
4,86,DL,0,0,0,0
4,86,UL,0,0,0,0
4,87,DL,0,0,0,0
4,87,UL,0,0,0,0
4,88,DL,0,0,0,0
4,88,UL,0,0,0,0
4,89,DL,0,0,0,0
4,89,UL,0,0,0,0
4,90,DL,0,0,0,0
4,90,UL,0,0,0,0
4,91,DL,0.60516,0.0115759,2.43199,50.4132
4,91,UL,0.247266,0.000243336,0.0922852,75.6
4,92,DL,0,0,0,0
4,92,UL,0,0,0,0
4,93,DL,0,0,0,0
4,93,UL,0,0,0,0
4,94,DL,0.791868,0.0125679,0.636826,13.2231
4,94,UL,0.00620569,0.000184729,0.121582,99.6
4,95,DL,0,0,0,0
4,95,UL,0,0,0,0
4,96,DL,0.0512066,0.0110567,0.15934,3.33333
4,96,UL,0,0,0,0
4,97,DL,0,0,0,0
4,97,UL,0,0,0,0
4,98,DL,0,0,0,0
4,98,UL,0,0,0,0
4,99,DL,0,0,0,0
4,99,UL,0,0,0,0
4,100,DL,0,0,0,0
4,100,UL,0,0,0,0
4,101,DL,0.270161,0.0204479,1.07478,22.314
4,101,UL,0,0,0,0
4,102,DL,0,0,0,0
4,102,UL,0,0,0,0
4,103,DL,0,0,0,0
4,103,UL,0,0,0,0
4,104,DL,0,0,0,0
4,104,UL,0,0,0,0
4,105,DL,0,0,0,0
4,105,UL,0,0,0,0
4,106,DL,0,0,0,0
4,106,UL,0,0,0,0
4,107,DL,0.770647,0.0215901,1.79216,36.8852
4,107,UL,0.247266,0.000243336,0.0922852,75.6
4,108,DL,0,0,0,0
4,108,UL,0,0,0,0
4,109,DL,0,0,0,0
4,109,UL,0,0,0,0
4,110,DL,0,0,0,0
4,110,UL,0,0,0,0
4,111,DL,0,0,0,0
4,111,UL,0,0,0,0
4,112,DL,0,0,0,0
4,112,UL,0,0,0,0
4,113,DL,0.535357,0.0210021,1.99149,41.3223
4,113,UL,0,0,0,0
4,114,DL,0,0,0,0
4,114,UL,0,0,0,0
6,0,DL,1.6093,0.012296,0.598156,12.5
6,0,UL,0,0,0,0
6,1,DL,0,0,0,0
6,1,UL,0,0,0,0
6,2,DL,0,0,0,0
6,2,UL,0,0,0,0
6,3,DL,1.89837,0.0380632,1.43629,30.2521
6,3,UL,0.247032,5.44e-09,0.244141,100
6,4,DL,0.886315,0.0493314,0.996922,20.6612
6,4,UL,0.247186,0.00015917,0.141113,57.8
6,5,DL,0,0,0,0
6,5,UL,0,0,0,0
6,6,DL,0,0,0,0
6,6,UL,0,0,0,0
6,7,DL,0,0,0,0
6,7,UL,0,0,0,0
6,8,DL,0,0,0,0
6,8,UL,0,0,0,0
6,9,DL,0,0,0,0
6,9,UL,0,0,0,0
6,10,DL,0,0,0,0
6,10,UL,0,0,0,0
6,11,DL,0,0,0,0
6,11,UL,0,0,0,0
6,12,DL,0,0,0,0
6,12,UL,0,0,0,0
6,13,DL,1.97525,0.0589803,1.27492,26.8908
6,13,UL,0,0,0,0
6,14,DL,0,0,0,0
6,14,UL,0,0,0,0
6,15,DL,0,0,0,0
6,15,UL,0,0,0,0
6,16,DL,0,0,0,0
6,16,UL,0,0,0,0
6,17,DL,0,0,0,0
6,17,UL,0,0,0,0
6,18,DL,0,0,0,0
6,18,UL,0,0,0,0
6,19,DL,0.751983,0.00802479,0.119667,2.5
6,19,UL,0.0540289,0.0255,0.00195312,0.8
6,20,DL,0,0,0,0
6,20,UL,0,0,0,0
6,21,DL,0,0,0,0
6,21,UL,0,0,0,0
6,22,DL,0,0,0,0
6,22,UL,0,0,0,0
6,23,DL,0,0,0,0
6,23,UL,0,0,0,0
6,24,DL,0,0,0,0
6,24,UL,0,0,0,0
6,25,DL,0,0,0,0
6,25,UL,0.247212,0.000183995,0.12207,50
6,26,DL,0,0,0,0
6,26,UL,0,0,0,0
6,27,DL,0,0,0,0
6,27,UL,0,0,0,0
6,28,DL,0,0,0,0
6,28,UL,0,0,0,0
6,29,DL,0,0,0,0
6,29,UL,0,0,0,0
6,30,DL,0,0,0,0
6,30,UL,0,0,0,0
6,31,DL,0,0,0,0
6,31,UL,0,0,0,0
6,32,DL,0,0,0,0
6,32,UL,0,0,0,0
6,33,DL,0,0,0,0
6,33,UL,0,0,0,0
6,34,DL,0,0,0,0
6,34,UL,0,0,0,0
6,35,DL,0,0,0,0
6,35,UL,0,0,0,0
6,36,DL,0,0,0,0
6,36,UL,0,0,0,0
6,37,DL,0,0,0,0
6,37,UL,0,0,0,0
6,38,DL,0.595474,0.0546043,0.477879,10.084
6,38,UL,0.247137,0.000110294,0.203613,83.4
6,39,DL,0,0,0,0
6,39,UL,0,0,0,0
6,40,DL,0,0,0,0
6,40,UL,0,0,0,0
6,41,DL,0,0,0,0
6,41,UL,0,0,0,0
6,42,DL,1.55367,0.04089,1.35283,28.5714
6,42,UL,0.247032,9.8383e-08,0.183594,75.2
6,43,DL,0,0,0,0
6,43,UL,0,0,0,0
6,44,DL,0,0,0,0
6,44,UL,0.247032,0,0.0302734,12.4
6,45,DL,0,0,0,0
6,45,UL,0,0,0,0
6,46,DL,0,0,0,0
6,46,UL,0,0,0,0
6,47,DL,0,0,0,0
6,47,UL,0,0,0,0
6,48,DL,0,0,0,0
6,48,UL,0,0,0,0
6,49,DL,0,0,0,0
6,49,UL,0.00602899,5.03704e-09,0.0131836,5.4
6,50,DL,0,0,0,0
6,50,UL,0,0,0,0
6,51,DL,1.88829,0.0516874,1.15467,24.1667
6,51,UL,0,0,0,0
6,52,DL,0,0,0,0
6,52,UL,0,0,0,0
6,53,DL,0,0,0,0
6,53,UL,0,0,0,0
6,54,DL,0,0,0,0
6,54,UL,0,0,0,0
6,55,DL,0,0,0,0
6,55,UL,0,0,0,0
6,56,DL,0,0,0,0
6,56,UL,0,0,0,0
6,57,DL,0,0,0,0
6,57,UL,0,0,0,0
6,58,DL,0,0,0,0
6,58,UL,0,0,0,0
6,59,DL,0,0,0,0
6,59,UL,0,0,0,0
6,60,DL,0,0,0,0
6,60,UL,0,0,0,0
6,61,DL,0,0,0,0
6,61,UL,0,0,0,0
6,62,DL,0,0,0,0
6,62,UL,0,0,0,0
6,63,DL,0,0,0,0
6,63,UL,0,0,0,0
6,64,DL,0,0,0,0
6,64,UL,0,0,0,0
6,65,DL,0.333855,0.0265163,0.278698,5.7377
6,65,UL,0,0,0,0
6,66,DL,0,0,0,0
6,66,UL,0,0,0,0
6,67,DL,0,0,0,0
6,67,UL,0,0,0,0
6,68,DL,2.54261,0.308552,0.238953,4.95868
6,68,UL,0,0,0,0
6,69,DL,0.877789,0.0584382,0.836658,17.6471
6,69,UL,0,0,0,0
6,70,DL,0,0,0,0
6,70,UL,0,0,0,0
6,71,DL,0,0,0,0
6,71,UL,0,0,0,0
6,72,DL,0,0,0,0
6,72,UL,0,0,0,0
6,73,DL,0,0,0,0
6,73,UL,0,0,0,0
6,74,DL,0,0,0,0
6,74,UL,0,0,0,0
6,75,DL,0,0,0,0
6,75,UL,0,0,0,0
6,76,DL,1.72239,0.579537,0.119774,2.47934
6,76,UL,0,0,0,0
6,77,DL,1.64409,0.0350867,0.916317,19.1667
6,77,UL,0,0,0,0
6,78,DL,0,0,0,0
6,78,UL,0,0,0,0
6,79,DL,0,0,0,0
6,79,UL,0,0,0,0
6,80,DL,0,0,0,0
6,80,UL,0,0,0,0
6,81,DL,0,0,0,0
6,81,UL,0,0,0,0
6,82,DL,0,0,0,0
6,82,UL,0,0,0,0
6,83,DL,0,0,0,0
6,83,UL,0,0,0,0
6,84,DL,0,0,0,0
6,84,UL,0,0,0,0
6,85,DL,0,0,0,0
6,85,UL,0,0,0,0
6,86,DL,0,0,0,0
6,86,UL,0,0,0,0
6,87,DL,0,0,0,0
6,87,UL,0.247208,0.000183971,0.12207,50
6,88,DL,0,0,0,0
6,88,UL,0,0,0,0
6,89,DL,0,0,0,0
6,89,UL,0,0,0,0
6,90,DL,0,0,0,0
6,90,UL,0,0,0,0
6,91,DL,1.5458,0.0403766,1.3947,29.1667
6,91,UL,0.247033,7.8608e-08,0.244141,100
6,92,DL,0,0,0,0
6,92,UL,0,0,0,0
6,93,DL,0,0,0,0
6,93,UL,0,0,0,0
6,94,DL,0,0,0,0
6,94,UL,0.00843374,0.00038477,0.243652,99.8
6,95,DL,0,0,0,0
6,95,UL,0,0,0,0
6,96,DL,0,0,0,0
6,96,UL,0,0,0,0
6,97,DL,0,0,0,0
6,97,UL,0,0,0,0
6,98,DL,0,0,0,0
6,98,UL,0,0,0,0
6,99,DL,0,0,0,0
6,99,UL,0,0,0,0
6,100,DL,0,0,0,0
6,100,UL,0,0,0,0
6,101,DL,0,0,0,0
6,101,UL,0,0,0,0
6,102,DL,0,0,0,0
6,102,UL,0,0,0,0
6,103,DL,0,0,0,0
6,103,UL,0,0,0,0
6,104,DL,0,0,0,0
6,104,UL,0,0,0,0
6,105,DL,0,0,0,0
6,105,UL,0,0,0,0
6,106,DL,0,0,0,0
6,106,UL,0,0,0,0
6,107,DL,1.8826,0.0305456,1.67387,35
6,107,UL,0.247032,6.8e-09,0.244141,100
6,108,DL,0,0,0,0
6,108,UL,0,0,0,0
6,109,DL,0,0,0,0
6,109,UL,0,0,0,0
6,110,DL,0,0,0,0
6,110,UL,0,0,0,0
6,111,DL,0,0,0,0
6,111,UL,0,0,0,0
6,112,DL,0,0,0,0
6,112,UL,0,0,0,0
6,113,DL,0,0,0,0
6,113,UL,0,0,0,0
6,114,DL,0,0,0,0
6,114,UL,0,0,0,0
8,0,DL,2.42661,0.0590187,0.67775,14.1667
8,0,UL,0,0,0,0
8,1,DL,0,0,0,0
8,1,UL,0,0,0,0
8,2,DL,0,0,0,0
8,2,UL,0,0,0,0
8,3,DL,3.38829,0.0508335,1.19631,25.2101
8,3,UL,0.247032,0,0.0302734,12.4
8,4,DL,2.27839,0.0544969,1.07516,22.5
8,4,UL,0,0,0,0
8,5,DL,0,0,0,0
8,5,UL,0,0,0,0
8,6,DL,0,0,0,0
8,6,UL,0,0,0,0
8,7,DL,0,0,0,0
8,7,UL,0,0,0,0
8,8,DL,0,0,0,0
8,8,UL,0,0,0,0
8,9,DL,0,0,0,0
8,9,UL,0,0,0,0
8,10,DL,0,0,0,0
8,10,UL,0,0,0,0
8,11,DL,0,0,0,0
8,11,UL,0,0,0,0
8,12,DL,0,0,0,0
8,12,UL,0,0,0,0
8,13,DL,3.3916,0.0507054,1.19537,25
8,13,UL,0,0,0,0
8,14,DL,0,0,0,0
8,14,UL,0,0,0,0
8,15,DL,0,0,0,0
8,15,UL,0,0,0,0
8,16,DL,0,0,0,0
8,16,UL,0,0,0,0
8,17,DL,0,0,0,0
8,17,UL,0,0,0,0
8,18,DL,0,0,0,0
8,18,UL,0,0,0,0
8,19,DL,1.38227,0.0765394,0.995564,21.0084
8,19,UL,0,0,0,0
8,20,DL,0,0,0,0
8,20,UL,0,0,0,0
8,21,DL,0,0,0,0
8,21,UL,0,0,0,0
8,22,DL,0,0,0,0
8,22,UL,0,0,0,0
8,23,DL,1.14519,0.0143366,0.239372,5
8,23,UL,0,0,0,0
8,24,DL,0,0,0,0
8,24,UL,0,0,0,0
8,25,DL,0,0,0,0
8,25,UL,0,0,0,0
8,26,DL,0,0,0,0
8,26,UL,0,0,0,0
8,27,DL,0,0,0,0
8,27,UL,0,0,0,0
8,28,DL,0,0,0,0
8,28,UL,0,0,0,0
8,29,DL,0,0,0,0
8,29,UL,0,0,0,0
8,30,DL,0,0,0,0
8,30,UL,0,0,0,0
8,31,DL,0,0,0,0
8,31,UL,0,0,0,0
8,32,DL,0,0,0,0
8,32,UL,0,0,0,0
8,33,DL,0,0,0,0
8,33,UL,0,0,0,0
8,34,DL,0,0,0,0
8,34,UL,0,0,0,0
8,35,DL,0,0,0,0
8,35,UL,0,0,0,0
8,36,DL,0,0,0,0
8,36,UL,0,0,0,0
8,37,DL,0,0,0,0
8,37,UL,0,0,0,0
8,38,DL,2.38311,0.313396,0.199383,4.20168
8,38,UL,0.247032,1.63855e-09,0.0405273,16.6
8,39,DL,0,0,0,0
8,39,UL,0,0,0,0
8,40,DL,0,0,0,0
8,40,UL,0,0,0,0
8,41,DL,0,0,0,0
8,41,UL,0,0,0,0
8,42,DL,3.15731,0.052438,1.15586,23.9669
8,42,UL,0,0,0,0
8,43,DL,0,0,0,0
8,43,UL,0,0,0,0
8,44,DL,0,0,0,0
8,44,UL,0,0,0,0
8,45,DL,0,0,0,0
8,45,UL,0,0,0,0
8,46,DL,0,0,0,0
8,46,UL,0,0,0,0
8,47,DL,0,0,0,0
8,47,UL,0,0,0,0
8,48,DL,0,0,0,0
8,48,UL,0,0,0,0
8,49,DL,0,0,0,0
8,49,UL,0,0,0,0
8,50,DL,0,0,0,0
8,50,UL,0,0,0,0
8,51,DL,3.55209,0.0631666,0.997166,20.6612
8,51,UL,0,0,0,0
8,52,DL,0,0,0,0
8,52,UL,0,0,0,0
8,53,DL,0,0,0,0
8,53,UL,0,0,0,0
8,54,DL,0,0,0,0
8,54,UL,0,0,0,0
8,55,DL,0,0,0,0
8,55,UL,0,0,0,0
8,56,DL,0,0,0,0
8,56,UL,0,0,0,0
8,57,DL,0,0,0,0
8,57,UL,0,0,0,0
8,58,DL,0,0,0,0
8,58,UL,0,0,0,0
8,59,DL,0,0,0,0
8,59,UL,0,0,0,0
8,60,DL,0,0,0,0
8,60,UL,0,0,0,0
8,61,DL,2.79873,0.017045,0.119308,2.5
8,61,UL,0,0,0,0
8,62,DL,0,0,0,0
8,62,UL,0,0,0,0
8,63,DL,0,0,0,0
8,63,UL,0,0,0,0
8,64,DL,0,0,0,0
8,64,UL,0.247208,0.000183971,0.12207,50
8,65,DL,0,0,0,0
8,65,UL,0,0,0,0
8,66,DL,0,0,0,0
8,66,UL,0,0,0,0
8,67,DL,0,0,0,0
8,67,UL,0,0,0,0
8,68,DL,3.3906,0.0508478,1.1953,24.7934
8,68,UL,0,0,0,0
8,69,DL,2.0416,0.0631899,0.637486,13.2231
8,69,UL,0,0,0,0
8,70,DL,0,0,0,0
8,70,UL,0,0,0,0
8,71,DL,0,0,0,0
8,71,UL,0,0,0,0
8,72,DL,0,0,0,0
8,72,UL,0,0,0,0
8,73,DL,0,0,0,0
8,73,UL,0,0,0,0
8,74,DL,0,0,0,0
8,74,UL,0,0,0,0
8,75,DL,0,0,0,0
8,75,UL,0,0,0,0
8,76,DL,0,0,0,0
8,76,UL,0,0,0,0
8,77,DL,3.62816,0.0978457,0.796356,16.6667
8,77,UL,0,0,0,0
8,78,DL,0,0,0,0
8,78,UL,0,0,0,0
8,79,DL,0,0,0,0
8,79,UL,0,0,0,0
8,80,DL,0,0,0,0
8,80,UL,0,0,0,0
8,81,DL,0,0,0,0
8,81,UL,0,0,0,0
8,82,DL,0,0,0,0
8,82,UL,0,0,0,0
8,83,DL,0,0,0,0
8,83,UL,0,0,0,0
8,84,DL,0,0,0,0
8,84,UL,0,0,0,0
8,85,DL,0,0,0,0
8,85,UL,0,0,0,0
8,86,DL,0,0,0,0
8,86,UL,0,0,0,0
8,87,DL,0,0,0,0
8,87,UL,0,0,0,0
8,88,DL,0,0,0,0
8,88,UL,0,0,0,0
8,89,DL,0,0,0,0
8,89,UL,0,0,0,0
8,90,DL,0,0,0,0
8,90,UL,0,0,0,0
8,91,DL,3.17536,0.0529773,1.15494,24.1667
8,91,UL,0.247032,2.448e-09,0.244141,100
8,92,DL,0,0,0,0
8,92,UL,0,0,0,0
8,93,DL,0,0,0,0
8,93,UL,0,0,0,0
8,94,DL,0,0,0,0
8,94,UL,0.00602884,0,0.000976562,0.4
8,95,DL,0,0,0,0
8,95,UL,0,0,0,0
8,96,DL,0,0,0,0
8,96,UL,0,0,0,0
8,97,DL,0.661552,0.0428311,0.836975,17.3554
8,97,UL,0,0,0,0
8,98,DL,0,0,0,0
8,98,UL,0,0,0,0
8,99,DL,0,0,0,0
8,99,UL,0,0,0,0
8,100,DL,0,0,0,0
8,100,UL,0,0,0,0
8,101,DL,0,0,0,0
8,101,UL,0,0,0,0
8,102,DL,0,0,0,0
8,102,UL,0,0,0,0
8,103,DL,0,0,0,0
8,103,UL,0,0,0,0
8,104,DL,1.45767,0.0114167,1.07647,22.6891
8,104,UL,0,0,0,0
8,105,DL,0,0,0,0
8,105,UL,0,0,0,0
8,106,DL,0,0,0,0
8,106,UL,0,0,0,0
8,107,DL,3.39927,0.08885,0.637882,13.2231
8,107,UL,0.247032,2.448e-09,0.244141,100
8,108,DL,0,0,0,0
8,108,UL,0,0,0,0
8,109,DL,0,0,0,0
8,109,UL,0,0,0,0
8,110,DL,0,0,0,0
8,110,UL,0,0,0,0
8,111,DL,0,0,0,0
8,111,UL,0,0,0,0
8,112,DL,0,0,0,0
8,112,UL,0,0,0,0
8,113,DL,0,0,0,0
8,113,UL,0,0,0,0
8,114,DL,0,0,0,0
8,114,UL,0,0,0,0
10,0,DL,0,0,0,0
10,0,UL,0,0,0,0
10,1,DL,0,0,0,0
10,1,UL,0,0,0,0
10,2,DL,0,0,0,0
10,2,UL,0,0,0,0
10,3,DL,4.64674,0.052607,0.717045,15
10,3,UL,0,0,0,0
10,4,DL,3.77425,0.0525342,1.15636,24.1667
10,4,UL,0,0,0,0
10,5,DL,0,0,0,0
10,5,UL,0,0,0,0
10,6,DL,0,0,0,0
10,6,UL,0,0,0,0
10,7,DL,0,0,0,0
10,7,UL,0,0,0,0
10,8,DL,2.91082,0.151942,0.596931,12.605
10,8,UL,0,0,0,0
10,9,DL,0,0,0,0
10,9,UL,0,0,0,0
10,10,DL,0,0,0,0
10,10,UL,0,0,0,0
10,11,DL,0,0,0,0
10,11,UL,0,0,0,0
10,12,DL,0,0,0,0
10,12,UL,0,0,0,0
10,13,DL,4.64853,0.0526816,0.717434,15
10,13,UL,0,0,0,0
10,14,DL,0,0,0,0
10,14,UL,0,0,0,0
10,15,DL,0,0,0,0
10,15,UL,0,0,0,0
10,16,DL,0,0,0,0
10,16,UL,0,0,0,0
10,17,DL,0,0,0,0
10,17,UL,0,0,0,0
10,18,DL,0,0,0,0
10,18,UL,0,0,0,0
10,19,DL,2.65902,0.0703444,0.797504,16.6667
10,19,UL,0,0,0,0
10,20,DL,0,0,0,0
10,20,UL,0.00620485,0.000183997,0.12207,50
10,21,DL,0,0,0,0
10,21,UL,0,0,0,0
10,22,DL,0,0,0,0
10,22,UL,0,0,0,0
10,23,DL,1.74286,0.0220333,2.07218,43.3333
10,23,UL,0,0,0,0
10,24,DL,0,0,0,0
10,24,UL,0,0,0,0
10,25,DL,0,0,0,0
10,25,UL,0,0,0,0
10,26,DL,0,0,0,0
10,26,UL,0,0,0,0
10,27,DL,0,0,0,0
10,27,UL,0,0,0,0
10,28,DL,0,0,0,0
10,28,UL,0,0,0,0
10,29,DL,0,0,0,0
10,29,UL,0,0,0,0
10,30,DL,0,0,0,0
10,30,UL,0,0,0,0
10,31,DL,0,0,0,0
10,31,UL,0,0,0,0
10,32,DL,0,0,0,0
10,32,UL,0,0,0,0
10,33,DL,0,0,0,0
10,33,UL,0,0,0,0
10,34,DL,0,0,0,0
10,34,UL,0,0,0,0
10,35,DL,0,0,0,0
10,35,UL,0,0,0,0
10,36,DL,0,0,0,0
10,36,UL,0,0,0,0
10,37,DL,0,0,0,0
10,37,UL,0,0,0,0
10,38,DL,0,0,0,0
10,38,UL,0,0,0,0
10,39,DL,0,0,0,0
10,39,UL,0,0,0,0
10,40,DL,0,0,0,0
10,40,UL,0,0,0,0
10,41,DL,0,0,0,0
10,41,UL,0,0,0,0
10,42,DL,4.67545,0.0522133,1.15597,24.1667
10,42,UL,0,0,0,0
10,43,DL,0,0,0,0
10,43,UL,0,0,0,0
10,44,DL,0,0,0,0
10,44,UL,0,0,0,0
10,45,DL,0,0,0,0
10,45,UL,0,0,0,0
10,46,DL,0,0,0,0
10,46,UL,0,0,0,0
10,47,DL,0,0,0,0
10,47,UL,0,0,0,0
10,48,DL,0,0,0,0
10,48,UL,0,0,0,0
10,49,DL,0,0,0,0
10,49,UL,0,0,0,0
10,50,DL,0,0,0,0
10,50,UL,0,0,0,0
10,51,DL,5.12844,0.0629721,0.995667,20.6612
10,51,UL,0,0,0,0
10,52,DL,0,0,0,0
10,52,UL,0,0,0,0
10,53,DL,0,0,0,0
10,53,UL,0,0,0,0
10,54,DL,0,0,0,0
10,54,UL,0,0,0,0
10,55,DL,0.0332496,0.0139767,0.159439,3.33333
10,55,UL,0,0,0,0
10,56,DL,0,0,0,0
10,56,UL,0,0,0,0
10,57,DL,0,0,0,0
10,57,UL,0,0,0,0
10,58,DL,0,0,0,0
10,58,UL,0,0,0,0
10,59,DL,0,0,0,0
10,59,UL,0,0,0,0
10,60,DL,0,0,0,0
10,60,UL,0,0,0,0
10,61,DL,3.6751,0.0506453,1.15653,24.3697
10,61,UL,0,0,0,0
10,62,DL,0,0,0,0
10,62,UL,0,0,0,0
10,63,DL,0,0,0,0
10,63,UL,0,0,0,0
10,64,DL,0,0,0,0
10,64,UL,0,0,0,0
10,65,DL,0,0,0,0
10,65,UL,0,0,0,0
10,66,DL,0,0,0,0
10,66,UL,0,0,0,0
10,67,DL,0,0,0,0
10,67,UL,0,0,0,0
10,68,DL,4.65238,0.0524981,0.71735,14.7541
10,68,UL,0,0,0,0
10,69,DL,4.05861,0.107069,0.797127,16.6667
10,69,UL,0,0,0,0
10,70,DL,0,0,0,0
10,70,UL,0,0,0,0
10,71,DL,0,0,0,0
10,71,UL,0,0,0,0
10,72,DL,0,0,0,0
10,72,UL,0,0,0,0
10,73,DL,0,0,0,0
10,73,UL,0,0,0,0
10,74,DL,0,0,0,0
10,74,UL,0,0,0,0
10,75,DL,0,0,0,0
10,75,UL,0,0,0,0
10,76,DL,4.03982,0.109429,1.99226,40.9836
10,76,UL,0,0,0,0
10,77,DL,4.15233,0.0417854,0.199085,4.20168
10,77,UL,0,0,0,0
10,78,DL,0,0,0,0
10,78,UL,0,0,0,0
10,79,DL,0,0,0,0
10,79,UL,0,0,0,0
10,80,DL,0,0,0,0
10,80,UL,0,0,0,0
10,81,DL,0,0,0,0
10,81,UL,0,0,0,0
10,82,DL,0,0,0,0
10,82,UL,0,0,0,0
10,83,DL,0,0,0,0
10,83,UL,0,0,0,0
10,84,DL,0,0,0,0
10,84,UL,0,0,0,0
10,85,DL,0,0,0,0
10,85,UL,0,0,0,0
10,86,DL,0,0,0,0
10,86,UL,0,0,0,0
10,87,DL,0,0,0,0
10,87,UL,0,0,0,0
10,88,DL,0,0,0,0
10,88,UL,0,0,0,0
10,89,DL,0,0,0,0
10,89,UL,0,0,0,0
10,90,DL,0,0,0,0
10,90,UL,0,0,0,0
10,91,DL,4.70645,0.0524879,1.15506,23.9669
10,91,UL,0.247032,0,0.244141,100
10,92,DL,0,0,0,0
10,92,UL,0,0,0,0
10,93,DL,0,0,0,0
10,93,UL,0,0,0,0
10,94,DL,0,0,0,0
10,94,UL,0,0,0,0
10,95,DL,0,0,0,0
10,95,UL,0,0,0,0
10,96,DL,0,0,0,0
10,96,UL,0,0,0,0
10,97,DL,2.27905,0.393997,0.1194,2.5
10,97,UL,0,0,0,0
10,98,DL,0,0,0,0
10,98,UL,0,0,0,0
10,99,DL,0,0,0,0
10,99,UL,0,0,0,0
10,100,DL,0,0,0,0
10,100,UL,0,0,0,0
10,101,DL,0,0,0,0
10,101,UL,0,0,0,0
10,102,DL,0,0,0,0
10,102,UL,0,0,0,0
10,103,DL,0,0,0,0
10,103,UL,0,0,0,0
10,104,DL,2.8068,0.151422,0.358646,7.43802
10,104,UL,0,0,0,0
10,105,DL,0,0,0,0
10,105,UL,0,0,0,0
10,106,DL,0,0,0,0
10,106,UL,0,0,0,0
10,107,DL,4.70021,0.042326,1.35594,28.5714
10,107,UL,0.247032,0,0.244141,100
10,108,DL,0,0,0,0
10,108,UL,0,0,0,0
10,109,DL,0,0,0,0
10,109,UL,0,0,0,0
10,110,DL,2.55392,0.013816,0.11937,2.5
10,110,UL,0,0,0,0
10,111,DL,0,0,0,0
10,111,UL,0,0,0,0
10,112,DL,3.73074,0.0283175,0.119747,2.5
10,112,UL,0,0,0,0
10,113,DL,0,0,0,0
10,113,UL,0,0,0,0
10,114,DL,0,0,0,0
10,114,UL,0,0,0,0
12,0,DL,0,0,0,0
12,0,UL,0,0,0,0
12,1,DL,0,0,0,0
12,1,UL,0,0,0,0
12,2,DL,0,0,0,0
12,2,UL,0,0,0,0
12,3,DL,6.79331,0.179256,0.477596,10
12,3,UL,0,0,0,0
12,4,DL,5.00853,0.0525645,0.717831,15.1261
12,4,UL,0,0,0,0
12,5,DL,0,0,0,0
12,5,UL,0,0,0,0
12,6,DL,0,0,0,0
12,6,UL,0,0,0,0
12,7,DL,0,0,0,0
12,7,UL,0,0,0,0
12,8,DL,0,0,0,0
12,8,UL,0,0,0,0
12,9,DL,0,0,0,0
12,9,UL,0,0,0,0
12,10,DL,0,0,0,0
12,10,UL,0,0,0,0
12,11,DL,0,0,0,0
12,11,UL,0,0,0,0
12,12,DL,0,0,0,0
12,12,UL,0,0,0,0
12,13,DL,6.7213,0.110284,0.756577,15.9664
12,13,UL,0,0,0,0
12,14,DL,0,0,0,0
12,14,UL,0,0,0,0
12,15,DL,0,0,0,0
12,15,UL,0,0,0,0
12,16,DL,0,0,0,0
12,16,UL,0,0,0,0
12,17,DL,0,0,0,0
12,17,UL,0,0,0,0
12,18,DL,0,0,0,0
12,18,UL,0,0,0,0
12,19,DL,2.96983,0.0121647,1.39447,29.1667
12,19,UL,0,0,0,0
12,20,DL,0,0,0,0
12,20,UL,0,0,0,0
12,21,DL,0,0,0,0
12,21,UL,0,0,0,0
12,22,DL,0,0,0,0
12,22,UL,0,0,0,0
12,23,DL,3.04165,0.0445025,1.11555,23.3333
12,23,UL,0,0,0,0
12,24,DL,0,0,0,0
12,24,UL,0,0,0,0
12,25,DL,0,0,0,0
12,25,UL,0,0,0,0
12,26,DL,0,0,0,0
12,26,UL,0,0,0,0
12,27,DL,0,0,0,0
12,27,UL,0,0,0,0
12,28,DL,0,0,0,0
12,28,UL,0,0,0,0
12,29,DL,0,0,0,0
12,29,UL,0,0,0,0
12,30,DL,0,0,0,0
12,30,UL,0,0,0,0
12,31,DL,0,0,0,0
12,31,UL,0,0,0,0
12,32,DL,0,0,0,0
12,32,UL,0,0,0,0
12,33,DL,0,0,0,0
12,33,UL,0,0,0,0
12,34,DL,0,0,0,0
12,34,UL,0,0,0,0
12,35,DL,0,0,0,0
12,35,UL,0,0,0,0
12,36,DL,0,0,0,0
12,36,UL,0,0,0,0
12,37,DL,0,0,0,0
12,37,UL,0,0,0,0
12,38,DL,5.39346,0.392869,0.438847,9.16667
12,38,UL,0,0,0,0
12,39,DL,0,0,0,0
12,39,UL,0,0,0,0
12,40,DL,0,0,0,0
12,40,UL,0,0,0,0
12,41,DL,0,0,0,0
12,41,UL,0,0,0,0
12,42,DL,6.19649,0.0527306,1.15689,24.5763
12,42,UL,0,0,0,0
12,43,DL,0,0,0,0
12,43,UL,0,0,0,0
12,44,DL,0,0,0,0
12,44,UL,0,0,0,0
12,45,DL,0,0,0,0
12,45,UL,0,0,0,0
12,46,DL,0,0,0,0
12,46,UL,0,0,0,0
12,47,DL,0,0,0,0
12,47,UL,0,0,0,0
12,48,DL,0,0,0,0
12,48,UL,0,0,0,0
12,49,DL,0,0,0,0
12,49,UL,0,0,0,0
12,50,DL,0,0,0,0
12,50,UL,0,0,0,0
12,51,DL,6.90001,0.0833997,0.757824,15.8333
12,51,UL,0,0,0,0
12,52,DL,0,0,0,0
12,52,UL,0,0,0,0
12,53,DL,0,0,0,0
12,53,UL,0,0,0,0
12,54,DL,0,0,0,0
12,54,UL,0,0,0,0
12,55,DL,0,0,0,0
12,55,UL,0,0,0,0
12,56,DL,0,0,0,0
12,56,UL,0,0,0,0
12,57,DL,0,0,0,0
12,57,UL,0,0,0,0
12,58,DL,0,0,0,0
12,58,UL,0,0,0,0
12,59,DL,0,0,0,0
12,59,UL,0,0,0,0
12,60,DL,0,0,0,0
12,60,UL,0,0,0,0
12,61,DL,5.13339,0.133712,0.438545,9.09091
12,61,UL,0,0,0,0
12,62,DL,0,0,0,0
12,62,UL,0,0,0,0
12,63,DL,0,0,0,0
12,63,UL,0,0,0,0
12,64,DL,0,0,0,0
12,64,UL,0,0,0,0
12,65,DL,0,0,0,0
12,65,UL,0,0,0,0
12,66,DL,4.24746,0.0290746,0.876213,18.3333
12,66,UL,0,0,0,0
12,67,DL,0,0,0,0
12,67,UL,0,0,0,0
12,68,DL,6.47805,0.222721,0.278721,5.83333
12,68,UL,0,0,0,0
12,69,DL,5.50741,0.0628473,1.03624,21.6667
12,69,UL,0,0,0,0
12,70,DL,0,0,0,0
12,70,UL,0,0,0,0
12,71,DL,0,0,0,0
12,71,UL,0,0,0,0
12,72,DL,0,0,0,0
12,72,UL,0,0,0,0
12,73,DL,0,0,0,0
12,73,UL,0,0,0,0
12,74,DL,0,0,0,0
12,74,UL,0,0,0,0
12,75,DL,0,0,0,0
12,75,UL,0,0,0,0
12,76,DL,4.63686,0.0225344,0.238243,5
12,76,UL,0,0,0,0
12,77,DL,6.47404,0.126548,0.837376,17.6471
12,77,UL,0,0,0,0
12,78,DL,0,0,0,0
12,78,UL,0,0,0,0
12,79,DL,0,0,0,0
12,79,UL,0,0,0,0
12,80,DL,0,0,0,0
12,80,UL,0,0,0,0
12,81,DL,0,0,0,0
12,81,UL,0,0,0,0
12,82,DL,0,0,0,0
12,82,UL,0,0,0,0
12,83,DL,0,0,0,0
12,83,UL,0,0,0,0
12,84,DL,0,0,0,0
12,84,UL,0,0,0,0
12,85,DL,0,0,0,0
12,85,UL,0,0,0,0
12,86,DL,0,0,0,0
12,86,UL,0,0,0,0
12,87,DL,0,0,0,0
12,87,UL,0,0,0,0
12,88,DL,0,0,0,0
12,88,UL,0,0,0,0
12,89,DL,1.10586,0.0241104,0.358994,7.62712
12,89,UL,0,0,0,0
12,90,DL,0,0,0,0
12,90,UL,0,0,0,0
12,91,DL,6.22831,0.0526026,1.1566,24.1667
12,91,UL,0.247032,0,0.244141,100
12,92,DL,0,0,0,0
12,92,UL,0,0,0,0
12,93,DL,0,0,0,0
12,93,UL,0,0,0,0
12,94,DL,0,0,0,0
12,94,UL,0,0,0,0
12,95,DL,0,0,0,0
12,95,UL,0,0,0,0
12,96,DL,0,0,0,0
12,96,UL,0,0,0,0
12,97,DL,3.83014,0.0879148,0.917511,19.0083
12,97,UL,0,0,0,0
12,98,DL,0,0,0,0
12,98,UL,0,0,0,0
12,99,DL,0,0,0,0
12,99,UL,0,0,0,0
12,100,DL,0,0,0,0
12,100,UL,0,0,0,0
12,101,DL,0,0,0,0
12,101,UL,0,0,0,0
12,102,DL,0,0,0,0
12,102,UL,0,0,0,0
12,103,DL,0,0,0,0
12,103,UL,0,0,0,0
12,104,DL,0,0,0,0
12,104,UL,0,0,0,0
12,105,DL,0,0,0,0
12,105,UL,0,0,0,0
12,106,DL,0,0,0,0
12,106,UL,0,0,0,0
12,107,DL,6.12986,0.0420787,1.35382,28.0992
12,107,UL,0.247032,0,0.244141,100
12,108,DL,0,0,0,0
12,108,UL,0,0,0,0
12,109,DL,0,0,0,0
12,109,UL,0,0,0,0
12,110,DL,0,0,0,0
12,110,UL,0,0,0,0
12,111,DL,0,0,0,0
12,111,UL,0,0,0,0
12,112,DL,0,0,0,0
12,112,UL,0,0,0,0
12,113,DL,0,0,0,0
12,113,UL,0,0,0,0
12,114,DL,5.09833,0.016019,0.198902,4.16667
12,114,UL,0,0,0,0
14,0,DL,0,0,0,0
14,0,UL,0,0,0,0
14,1,DL,0,0,0,0
14,1,UL,0,0,0,0
14,2,DL,0,0,0,0
14,2,UL,0,0,0,0
14,3,DL,7.95201,0.0524633,1.11592,23.3333
14,3,UL,0,0,0,0
14,4,DL,6.56361,0.0910123,0.677101,14.1667
14,4,UL,0,0,0,0
14,5,DL,0,0,0,0
14,5,UL,0,0,0,0
14,6,DL,0,0,0,0
14,6,UL,0,0,0,0
14,7,DL,0,0,0,0
14,7,UL,0,0,0,0
14,8,DL,0,0,0,0
14,8,UL,0,0,0,0
14,9,DL,0,0,0,0
14,9,UL,0,0,0,0
14,10,DL,0,0,0,0
14,10,UL,0,0,0,0
14,11,DL,0,0,0,0
14,11,UL,0,0,0,0
14,12,DL,0,0,0,0
14,12,UL,0,0,0,0
14,13,DL,7.9784,0.0524471,1.15514,24.3697
14,13,UL,0,0,0,0
14,14,DL,0,0,0,0
14,14,UL,0,0,0,0
14,15,DL,0,0,0,0
14,15,UL,0,0,0,0
14,16,DL,0,0,0,0
14,16,UL,0,0,0,0
14,17,DL,0,0,0,0
14,17,UL,0,0,0,0
14,18,DL,0,0,0,0
14,18,UL,0,0,0,0
14,19,DL,0,0,0,0
14,19,UL,0,0,0,0
14,20,DL,0,0,0,0
14,20,UL,0,0,0,0
14,21,DL,0,0,0,0
14,21,UL,0,0,0,0
14,22,DL,0,0,0,0
14,22,UL,0,0,0,0
14,23,DL,3.80356,0.0217949,1.2737,26.4463
14,23,UL,0,0,0,0
14,24,DL,0,0,0,0
14,24,UL,0,0,0,0
14,25,DL,0,0,0,0
14,25,UL,0,0,0,0
14,26,DL,0,0,0,0
14,26,UL,0,0,0,0
14,27,DL,7.38857,0.0371694,0.637161,13.4454
14,27,UL,0,0,0,0
14,28,DL,0,0,0,0
14,28,UL,0,0,0,0
14,29,DL,0,0,0,0
14,29,UL,0,0,0,0
14,30,DL,0,0,0,0
14,30,UL,0,0,0,0
14,31,DL,0,0,0,0
14,31,UL,0,0,0,0
14,32,DL,0,0,0,0
14,32,UL,0,0,0,0
14,33,DL,0,0,0,0
14,33,UL,0,0,0,0
14,34,DL,0,0,0,0
14,34,UL,0,0,0,0
14,35,DL,0,0,0,0
14,35,UL,0,0,0,0
14,36,DL,0,0,0,0
14,36,UL,0,0,0,0
14,37,DL,0,0,0,0
14,37,UL,0,0,0,0
14,38,DL,0,0,0,0
14,38,UL,0,0,0,0
14,39,DL,0,0,0,0
14,39,UL,0,0,0,0
14,40,DL,0,0,0,0
14,40,UL,0,0,0,0
14,41,DL,0,0,0,0
14,41,UL,0,0,0,0
14,42,DL,7.72047,0.0523655,1.15525,24.3697
14,42,UL,0,0,0,0
14,43,DL,0,0,0,0
14,43,UL,0,0,0,0
14,44,DL,0,0,0,0
14,44,UL,0,0,0,0
14,45,DL,0,0,0,0
14,45,UL,0,0,0,0
14,46,DL,0,0,0,0
14,46,UL,0,0,0,0
14,47,DL,0,0,0,0
14,47,UL,0,0,0,0
14,48,DL,0,0,0,0
14,48,UL,0,0,0,0
14,49,DL,0,0,0,0
14,49,UL,0,0,0,0
14,50,DL,0,0,0,0
14,50,UL,0,0,0,0
14,51,DL,8.28322,0.0625705,0.99609,21.0084
14,51,UL,0,0,0,0
14,52,DL,0,0,0,0
14,52,UL,0,0,0,0
14,53,DL,0,0,0,0
14,53,UL,0,0,0,0
14,54,DL,0,0,0,0
14,54,UL,0,0,0,0
14,55,DL,0,0,0,0
14,55,UL,0,0,0,0
14,56,DL,0,0,0,0
14,56,UL,0,0,0,0
14,57,DL,0,0,0,0
14,57,UL,0,0,0,0
14,58,DL,0,0,0,0
14,58,UL,0,0,0,0
14,59,DL,0,0,0,0
14,59,UL,0,0,0,0
14,60,DL,0,0,0,0
14,60,UL,0,0,0,0
14,61,DL,6.43924,0.182369,0.31826,6.61157
14,61,UL,0,0,0,0
14,62,DL,0,0,0,0
14,62,UL,0,0,0,0
14,63,DL,0,0,0,0
14,63,UL,0,0,0,0
14,64,DL,0,0,0,0
14,64,UL,0,0,0,0
14,65,DL,0,0,0,0
14,65,UL,0,0,0,0
14,66,DL,4.60935,0.0310537,0.0398483,0.833333
14,66,UL,0,0,0,0
14,67,DL,0,0,0,0
14,67,UL,0,0,0,0
14,68,DL,8.49022,0.232484,0.358967,7.5
14,68,UL,0,0,0,0
14,69,DL,6.7948,0.0630565,0.598034,12.605
14,69,UL,0,0,0,0
14,70,DL,0,0,0,0
14,70,UL,0,0,0,0
14,71,DL,0,0,0,0
14,71,UL,0,0,0,0
14,72,DL,0,0,0,0
14,72,UL,0,0,0,0
14,73,DL,0,0,0,0
14,73,UL,0,0,0,0
14,74,DL,0,0,0,0
14,74,UL,0,0,0,0
14,75,DL,0,0,0,0
14,75,UL,0,0,0,0
14,76,DL,0,0,0,0
14,76,UL,0,0,0,0
14,77,DL,7.62978,0.142639,0.398235,8.33333
14,77,UL,0,0,0,0
14,78,DL,0,0,0,0
14,78,UL,0,0,0,0
14,79,DL,0,0,0,0
14,79,UL,0,0,0,0
14,80,DL,0,0,0,0
14,80,UL,0,0,0,0
14,81,DL,0,0,0,0
14,81,UL,0,0,0,0
14,82,DL,0,0,0,0
14,82,UL,0,0,0,0
14,83,DL,0,0,0,0
14,83,UL,0,0,0,0
14,84,DL,0,0,0,0
14,84,UL,0,0,0,0
14,85,DL,0,0,0,0
14,85,UL,0,0,0,0
14,86,DL,0,0,0,0
14,86,UL,0,0,0,0
14,87,DL,0,0,0,0
14,87,UL,0,0,0,0
14,88,DL,0,0,0,0
14,88,UL,0,0,0,0
14,89,DL,1.56041,0.0316116,0.83638,17.5
14,89,UL,0,0,0,0
14,90,DL,0,0,0,0
14,90,UL,0,0,0,0
14,91,DL,7.75532,0.0523762,1.15548,24.1667
14,91,UL,0.247032,0,0.244141,100
14,92,DL,0,0,0,0
14,92,UL,0,0,0,0
14,93,DL,0,0,0,0
14,93,UL,0,0,0,0
14,94,DL,0,0,0,0
14,94,UL,0,0,0,0
14,95,DL,0,0,0,0
14,95,UL,0,0,0,0
14,96,DL,0,0,0,0
14,96,UL,0,0,0,0
14,97,DL,5.0146,0.0508012,1.15504,24.1667
14,97,UL,0,0,0,0
14,98,DL,0,0,0,0
14,98,UL,0,0,0,0
14,99,DL,0,0,0,0
14,99,UL,0,0,0,0
14,100,DL,0,0,0,0
14,100,UL,0,0,0,0
14,101,DL,0,0,0,0
14,101,UL,0,0,0,0
14,102,DL,0,0,0,0
14,102,UL,0,0,0,0
14,103,DL,0,0,0,0
14,103,UL,0,0,0,0
14,104,DL,0,0,0,0
14,104,UL,0,0,0,0
14,105,DL,0,0,0,0
14,105,UL,0,0,0,0
14,106,DL,0,0,0,0
14,106,UL,0,0,0,0
14,107,DL,7.29375,0.0421645,0.836308,17.5
14,107,UL,0.247032,0,0.244141,100
14,108,DL,0,0,0,0
14,108,UL,0,0,0,0
14,109,DL,0,0,0,0
14,109,UL,0,0,0,0
14,110,DL,0,0,0,0
14,110,UL,0,0,0,0
14,111,DL,0,0,0,0
14,111,UL,0,0,0,0
14,112,DL,0,0,0,0
14,112,UL,0,0,0,0
14,113,DL,0,0,0,0
14,113,UL,0,0,0,0
14,114,DL,0,0,0,0
14,114,UL,0,0,0,0
16,0,DL,5.43168,0.195569,0.637028,13.3333
16,0,UL,0,0,0,0
16,1,DL,0,0,0,0
16,1,UL,0,0,0,0
16,2,DL,0,0,0,0
16,2,UL,0,0,0,0
16,3,DL,9.50551,0.168425,0.358849,7.43802
16,3,UL,0,0,0,0
16,4,DL,8.59484,0.218992,0.398289,8.26446
16,4,UL,0,0,0,0
16,5,DL,0,0,0,0
16,5,UL,0,0,0,0
16,6,DL,0,0,0,0
16,6,UL,0,0,0,0
16,7,DL,0,0,0,0
16,7,UL,0,0,0,0
16,8,DL,0,0,0,0
16,8,UL,0,0,0,0
16,9,DL,0,0,0,0
16,9,UL,0,0,0,0
16,10,DL,0,0,0,0
16,10,UL,0,0,0,0
16,11,DL,0,0,0,0
16,11,UL,0,0,0,0
16,12,DL,0,0,0,0
16,12,UL,0,0,0,0
16,13,DL,8.81936,0.0525647,0.119701,2.5
16,13,UL,0,0,0,0
16,14,DL,0,0,0,0
16,14,UL,0,0,0,0
16,15,DL,0,0,0,0
16,15,UL,0,0,0,0
16,16,DL,0,0,0,0
16,16,UL,0,0,0,0
16,17,DL,0,0,0,0
16,17,UL,0,0,0,0
16,18,DL,0,0,0,0
16,18,UL,0,0,0,0
16,19,DL,4.73133,0.159021,1.31441,27.5
16,19,UL,0,0,0,0
16,20,DL,0,0,0,0
16,20,UL,0,0,0,0
16,21,DL,0,0,0,0
16,21,UL,0,0,0,0
16,22,DL,0,0,0,0
16,22,UL,0,0,0,0
16,23,DL,5.32769,0.0453483,1.43386,30.2521
16,23,UL,0,0,0,0
16,24,DL,0,0,0,0
16,24,UL,0,0,0,0
16,25,DL,0,0,0,0
16,25,UL,0,0,0,0
16,26,DL,0,0,0,0
16,26,UL,0,0,0,0
16,27,DL,0,0,0,0
16,27,UL,0,0,0,0
16,28,DL,0,0,0,0
16,28,UL,0,0,0,0
16,29,DL,0,0,0,0
16,29,UL,0,0,0,0
16,30,DL,0,0,0,0
16,30,UL,0,0,0,0
16,31,DL,0,0,0,0
16,31,UL,0,0,0,0
16,32,DL,0,0,0,0
16,32,UL,0,0,0,0
16,33,DL,0,0,0,0
16,33,UL,0,0,0,0
16,34,DL,0,0,0,0
16,34,UL,0,0,0,0
16,35,DL,0,0,0,0
16,35,UL,0,0,0,0
16,36,DL,0,0,0,0
16,36,UL,0,0,0,0
16,37,DL,4.66835,0.011538,1.47387,30.8333
16,37,UL,0,0,0,0
16,38,DL,0,0,0,0
16,38,UL,0,0,0,0
16,39,DL,0,0,0,0
16,39,UL,0,0,0,0
16,40,DL,0,0,0,0
16,40,UL,0,0,0,0
16,41,DL,0,0,0,0
16,41,UL,0,0,0,0
16,42,DL,9.2369,0.0614899,0.995449,20.6612
16,42,UL,0,0,0,0
16,43,DL,0,0,0,0
16,43,UL,0,0,0,0
16,44,DL,0,0,0,0
16,44,UL,0,0,0,0
16,45,DL,0,0,0,0
16,45,UL,0,0,0,0
16,46,DL,5.84457,0.0119169,0.796043,16.6667
16,46,UL,0,0,0,0
16,47,DL,0,0,0,0
16,47,UL,0,0,0,0
16,48,DL,0,0,0,0
16,48,UL,0,0,0,0
16,49,DL,0,0,0,0
16,49,UL,0,0,0,0
16,50,DL,0,0,0,0
16,50,UL,0,0,0,0
16,51,DL,9.88492,0.0629622,1.03485,21.4876
16,51,UL,0,0,0,0
16,52,DL,0,0,0,0
16,52,UL,0,0,0,0
16,53,DL,0,0,0,0
16,53,UL,0,0,0,0
16,54,DL,0,0,0,0
16,54,UL,0,0,0,0
16,55,DL,0,0,0,0
16,55,UL,0,0,0,0
16,56,DL,0,0,0,0
16,56,UL,0,0,0,0
16,57,DL,0,0,0,0
16,57,UL,0,0,0,0
16,58,DL,0,0,0,0
16,58,UL,0,0,0,0
16,59,DL,0,0,0,0
16,59,UL,0,0,0,0
16,60,DL,0,0,0,0
16,60,UL,0,0,0,0
16,61,DL,7.59172,0.042054,0.83569,17.5
16,61,UL,0,0,0,0
16,62,DL,0,0,0,0
16,62,UL,0,0,0,0
16,63,DL,0,0,0,0
16,63,UL,0,0,0,0
16,64,DL,0,0,0,0
16,64,UL,0,0,0,0
16,65,DL,0,0,0,0
16,65,UL,0,0,0,0
16,66,DL,0,0,0,0
16,66,UL,0,0,0,0
16,67,DL,0,0,0,0
16,67,UL,0,0,0,0
16,68,DL,8.81456,0.0527108,0.158756,3.36134
16,68,UL,0,0,0,0
16,69,DL,8.49873,0.143397,0.437969,9.16667
16,69,UL,0,0,0,0
16,70,DL,0,0,0,0
16,70,UL,0,0,0,0
16,71,DL,0,0,0,0
16,71,UL,0,0,0,0
16,72,DL,0,0,0,0
16,72,UL,0,0,0,0
16,73,DL,0,0,0,0
16,73,UL,0,0,0,0
16,74,DL,0,0,0,0
16,74,UL,0,0,0,0
16,75,DL,0,0,0,0
16,75,UL,0,0,0,0
16,76,DL,0,0,0,0
16,76,UL,0,0,0,0
16,77,DL,9.01152,0.163354,0.358665,7.43802
16,77,UL,0,0,0,0
16,78,DL,0,0,0,0
16,78,UL,0,0,0,0
16,79,DL,0,0,0,0
16,79,UL,0,0,0,0
16,80,DL,0,0,0,0
16,80,UL,0,0,0,0
16,81,DL,0,0,0,0
16,81,UL,0,0,0,0
16,82,DL,0,0,0,0
16,82,UL,0,0,0,0
16,83,DL,0,0,0,0
16,83,UL,0,0,0,0
16,84,DL,0,0,0,0
16,84,UL,0,0,0,0
16,85,DL,0,0,0,0
16,85,UL,0,0,0,0
16,86,DL,0,0,0,0
16,86,UL,0,0,0,0
16,87,DL,0,0,0,0
16,87,UL,0,0,0,0
16,88,DL,0,0,0,0
16,88,UL,0,0,0,0
16,89,DL,0,0,0,0
16,89,UL,0,0,0,0
16,90,DL,0,0,0,0
16,90,UL,0.00620485,0.000183993,0.12207,50
16,91,DL,9.26704,0.0613411,0.994453,20.8333
16,91,UL,0.247032,0,0.244141,100
16,92,DL,0,0,0,0
16,92,UL,0,0,0,0
16,93,DL,0,0,0,0
16,93,UL,0,0,0,0
16,94,DL,0,0,0,0
16,94,UL,0,0,0,0
16,95,DL,0,0,0,0
16,95,UL,0,0,0,0
16,96,DL,0,0,0,0
16,96,UL,0,0,0,0
16,97,DL,5.83472,0.0426357,0.159351,3.38983
16,97,UL,0,0,0,0
16,98,DL,0.318414,0.0377963,0.678139,14.1667
16,98,UL,0.00612116,9.64329e-05,0.23291,95.4
16,99,DL,0,0,0,0
16,99,UL,0,0,0,0
16,100,DL,0,0,0,0
16,100,UL,0,0,0,0
16,101,DL,0,0,0,0
16,101,UL,0,0,0,0
16,102,DL,0,0,0,0
16,102,UL,0,0,0,0
16,103,DL,0,0,0,0
16,103,UL,0,0,0,0
16,104,DL,0,0,0,0
16,104,UL,0,0,0,0
16,105,DL,0,0,0,0
16,105,UL,0,0,0,0
16,106,DL,0,0,0,0
16,106,UL,0,0,0,0
16,107,DL,9.02755,0.0613646,1.31625,27.5
16,107,UL,0.247032,0,0.244141,100
16,108,DL,0,0,0,0
16,108,UL,0,0,0,0
16,109,DL,0,0,0,0
16,109,UL,0,0,0,0
16,110,DL,6.50937,0.807862,0.199261,4.20168
16,110,UL,0,0,0,0
16,111,DL,0,0,0,0
16,111,UL,0,0,0,0
16,112,DL,0,0,0,0
16,112,UL,0,0,0,0
16,113,DL,0,0,0,0
16,113,UL,0,0,0,0
16,114,DL,0,0,0,0
16,114,UL,0,0,0,0
18,0,DL,0,0,0,0
18,0,UL,0,0,0,0
18,1,DL,0,0,0,0
18,1,UL,0,0,0,0
18,2,DL,0,0,0,0
18,2,UL,0,0,0,0
18,3,DL,0,0,0,0
18,3,UL,0,0,0,0
18,4,DL,10.3577,0.157319,0.398212,8.33333
18,4,UL,0,0,0,0
18,5,DL,0,0,0,0
18,5,UL,0,0,0,0
18,6,DL,0,0,0,0
18,6,UL,0,0,0,0
18,7,DL,0,0,0,0
18,7,UL,0,0,0,0
18,8,DL,0,0,0,0
18,8,UL,0,0,0,0
18,9,DL,0,0,0,0
18,9,UL,0,0,0,0
18,10,DL,0,0,0,0
18,10,UL,0,0,0,0
18,11,DL,0,0,0,0
18,11,UL,0,0,0,0
18,12,DL,0,0,0,0
18,12,UL,0,0,0,0
18,13,DL,0,0,0,0
18,13,UL,0,0,0,0
18,14,DL,0,0,0,0
18,14,UL,0,0,0,0
18,15,DL,0,0,0,0
18,15,UL,0,0,0,0
18,16,DL,0,0,0,0
18,16,UL,0,0,0,0
18,17,DL,0,0,0,0
18,17,UL,0,0,0,0
18,18,DL,0,0,0,0
18,18,UL,0,0,0,0
18,19,DL,0,0,0,0
18,19,UL,0,0,0,0
18,20,DL,0,0,0,0
18,20,UL,0,0,0,0
18,21,DL,0,0,0,0
18,21,UL,0,0,0,0
18,22,DL,0,0,0,0
18,22,UL,0,0,0,0
18,23,DL,6.29813,0.022252,2.07035,43.3333
18,23,UL,0,0,0,0
18,24,DL,0,0,0,0
18,24,UL,0,0,0,0
18,25,DL,0,0,0,0
18,25,UL,0,0,0,0
18,26,DL,0,0,0,0
18,26,UL,0,0,0,0
18,27,DL,0,0,0,0
18,27,UL,0,0,0,0
18,28,DL,0,0,0,0
18,28,UL,0,0,0,0
18,29,DL,0,0,0,0
18,29,UL,0,0,0,0
18,30,DL,0,0,0,0
18,30,UL,0,0,0,0
18,31,DL,0,0,0,0
18,31,UL,0,0,0,0
18,32,DL,0,0,0,0
18,32,UL,0,0,0,0
18,33,DL,0,0,0,0
18,33,UL,0,0,0,0
18,34,DL,0,0,0,0
18,34,UL,0,0,0,0
18,35,DL,0,0,0,0
18,35,UL,0,0,0,0
18,36,DL,0,0,0,0
18,36,UL,0,0,0,0
18,37,DL,0,0,0,0
18,37,UL,0,0,0,0
18,38,DL,0,0,0,0
18,38,UL,0,0,0,0
18,39,DL,0,0,0,0
18,39,UL,0,0,0,0
18,40,DL,0,0,0,0
18,40,UL,0,0,0,0
18,41,DL,0,0,0,0
18,41,UL,0,0,0,0
18,42,DL,10.4964,0.0746474,0.438354,9.2437
18,42,UL,0,0,0,0
18,43,DL,0,0,0,0
18,43,UL,0,0,0,0
18,44,DL,0,0,0,0
18,44,UL,0,0,0,0
18,45,DL,0,0,0,0
18,45,UL,0,0,0,0
18,46,DL,6.3973,0.00963212,3.03035,63.8655
18,46,UL,0,0,0,0
18,47,DL,0,0,0,0
18,47,UL,0,0,0,0
18,48,DL,0,0,0,0
18,48,UL,0,0,0,0
18,49,DL,0,0,0,0
18,49,UL,0,0,0,0
18,50,DL,0,0,0,0
18,50,UL,0,0,0,0
18,51,DL,0,0,0,0
18,51,UL,0,0,0,0
18,52,DL,0,0,0,0
18,52,UL,0,0,0,0
18,53,DL,0,0,0,0
18,53,UL,0,0,0,0
18,54,DL,0,0,0,0
18,54,UL,0,0,0,0
18,55,DL,0,0,0,0
18,55,UL,0,0,0,0
18,56,DL,0,0,0,0
18,56,UL,0,0,0,0
18,57,DL,0,0,0,0
18,57,UL,0,0,0,0
18,58,DL,0,0,0,0
18,58,UL,0,0,0,0
18,59,DL,0,0,0,0
18,59,UL,0,0,0,0
18,60,DL,0,0,0,0
18,60,UL,0,0,0,0
18,61,DL,9.81397,0.255165,0.478355,10
18,61,UL,0,0,0,0
18,62,DL,0,0,0,0
18,62,UL,0,0,0,0
18,63,DL,0,0,0,0
18,63,UL,0,0,0,0
18,64,DL,0,0,0,0
18,64,UL,0,0,0,0
18,65,DL,0,0,0,0
18,65,UL,0,0,0,0
18,66,DL,0,0,0,0
18,66,UL,0,0,0,0
18,67,DL,0,0,0,0
18,67,UL,0,0,0,0
18,68,DL,0,0,0,0
18,68,UL,0,0,0,0
18,69,DL,9.9766,0.172936,0.318253,6.66667
18,69,UL,0,0,0,0
18,70,DL,0,0,0,0
18,70,UL,0,0,0,0
18,71,DL,0,0,0,0
18,71,UL,0,0,0,0
18,72,DL,0,0,0,0
18,72,UL,0,0,0,0
18,73,DL,0,0,0,0
18,73,UL,0,0,0,0
18,74,DL,0,0,0,0
18,74,UL,0,0,0,0
18,75,DL,0,0,0,0
18,75,UL,0,0,0,0
18,76,DL,0,0,0,0
18,76,UL,0,0,0,0
18,77,DL,10.1357,0.0423651,0.678322,14.1667
18,77,UL,0,0,0,0
18,78,DL,0,0,0,0
18,78,UL,0,0,0,0
18,79,DL,0,0,0,0
18,79,UL,0,0,0,0
18,80,DL,0,0,0,0
18,80,UL,0,0,0,0
18,81,DL,0,0,0,0
18,81,UL,0,0,0,0
18,82,DL,0,0,0,0
18,82,UL,0,0,0,0
18,83,DL,0,0,0,0
18,83,UL,0,0,0,0
18,84,DL,0,0,0,0
18,84,UL,0,0,0,0
18,85,DL,0,0,0,0
18,85,UL,0,0,0,0
18,86,DL,0,0,0,0
18,86,UL,0,0,0,0
18,87,DL,0,0,0,0
18,87,UL,0,0,0,0
18,88,DL,0,0,0,0
18,88,UL,0,0,0,0
18,89,DL,0,0,0,0
18,89,UL,0,0,0,0
18,90,DL,0,0,0,0
18,90,UL,0,0,0,0
18,91,DL,10.5866,0.0908747,0.358635,7.5
18,91,UL,0.247032,0,0.244141,100
18,92,DL,0,0,0,0
18,92,UL,0,0,0,0
18,93,DL,0,0,0,0
18,93,UL,0,0,0,0
18,94,DL,0,0,0,0
18,94,UL,0,0,0,0
18,95,DL,0,0,0,0
18,95,UL,0,0,0,0
18,96,DL,0,0,0,0
18,96,UL,0,0,0,0
18,97,DL,8.03309,0.097987,1.11596,23.3333
18,97,UL,0,0,0,0
18,98,DL,2.32753,0.105517,0.83659,17.5
18,98,UL,0.0151157,0.000748491,0.242676,99.4
18,99,DL,0,0,0,0
18,99,UL,0,0,0,0
18,100,DL,0,0,0,0
18,100,UL,0,0,0,0
18,101,DL,0,0,0,0
18,101,UL,0,0,0,0
18,102,DL,0,0,0,0
18,102,UL,0,0,0,0
18,103,DL,0,0,0,0
18,103,UL,0,0,0,0
18,104,DL,0,0,0,0
18,104,UL,0,0,0,0
18,105,DL,0,0,0,0
18,105,UL,0,0,0,0
18,106,DL,0,0,0,0
18,106,UL,0,0,0,0
18,107,DL,10.0859,0.0423024,0.67696,14.1667
18,107,UL,0.247032,0,0.244141,100
18,108,DL,0,0,0,0
18,108,UL,0,0,0,0
18,109,DL,0,0,0,0
18,109,UL,0,0,0,0
18,110,DL,0,0,0,0
18,110,UL,0,0,0,0
18,111,DL,0,0,0,0
18,111,UL,0,0,0,0
18,112,DL,0,0,0,0
18,112,UL,0,0,0,0
18,113,DL,0,0,0,0
18,113,UL,0,0,0,0
18,114,DL,0,0,0,0
18,114,UL,0,0,0,0
20,0,DL,0,0,0,0
20,0,UL,0,0,0,0
20,1,DL,0,0,0,0
20,1,UL,0,0,0,0
20,2,DL,0,0,0,0
20,2,UL,0,0,0,0
20,3,DL,0,0,0,0
20,3,UL,0,0,0,0
20,4,DL,0,0,0,0
20,4,UL,0,0,0,0
20,5,DL,0,0,0,0
20,5,UL,0,0,0,0
20,6,DL,0,0,0,0
20,6,UL,0,0,0,0
20,7,DL,0,0,0,0
20,7,UL,0,0,0,0
20,8,DL,0,0,0,0
20,8,UL,0,0,0,0
20,9,DL,0,0,0,0
20,9,UL,0,0,0,0
20,10,DL,0,0,0,0
20,10,UL,0,0,0,0
20,11,DL,0,0,0,0
20,11,UL,0,0,0,0
20,12,DL,0,0,0,0
20,12,UL,0,0,0,0
20,13,DL,0,0,0,0
20,13,UL,0,0,0,0
20,14,DL,0,0,0,0
20,14,UL,0,0,0,0
20,15,DL,0,0,0,0
20,15,UL,0,0,0,0
20,16,DL,0,0,0,0
20,16,UL,0,0,0,0
20,17,DL,0,0,0,0
20,17,UL,0,0,0,0
20,18,DL,0,0,0,0
20,18,UL,0,0,0,0
20,19,DL,0,0,0,0
20,19,UL,0,0,0,0
20,20,DL,0,0,0,0
20,20,UL,0,0,0,0
20,21,DL,0,0,0,0
20,21,UL,0,0,0,0
20,22,DL,0,0,0,0
20,22,UL,0,0,0,0
20,23,DL,7.2282,0.0219009,1.27423,26.6667
20,23,UL,0,0,0,0
20,24,DL,0,0,0,0
20,24,UL,0,0,0,0
20,25,DL,0,0,0,0
20,25,UL,0,0,0,0
20,26,DL,0,0,0,0
20,26,UL,0,0,0,0
20,27,DL,0,0,0,0
20,27,UL,0,0,0,0
20,28,DL,0,0,0,0
20,28,UL,0,0,0,0
20,29,DL,0,0,0,0
20,29,UL,0,0,0,0
20,30,DL,0,0,0,0
20,30,UL,0,0,0,0
20,31,DL,0,0,0,0
20,31,UL,0,0,0,0
20,32,DL,0,0,0,0
20,32,UL,0,0,0,0
20,33,DL,0,0,0,0
20,33,UL,0,0,0,0
20,34,DL,0,0,0,0
20,34,UL,0,0,0,0
20,35,DL,0,0,0,0
20,35,UL,0,0,0,0
20,36,DL,0,0,0,0
20,36,UL,0,0,0,0
20,37,DL,0,0,0,0
20,37,UL,0,0,0,0
20,38,DL,0,0,0,0
20,38,UL,0,0,0,0
20,39,DL,0,0,0,0
20,39,UL,0,0,0,0
20,40,DL,0,0,0,0
20,40,UL,0,0,0,0
20,41,DL,0,0,0,0
20,41,UL,0,0,0,0
20,42,DL,0,0,0,0
20,42,UL,0,0,0,0
20,43,DL,0,0,0,0
20,43,UL,0,0,0,0
20,44,DL,0,0,0,0
20,44,UL,0,0,0,0
20,45,DL,0,0,0,0
20,45,UL,0,0,0,0
20,46,DL,6.69193,0.0039164,0.0396996,0.833333
20,46,UL,0,0,0,0
20,47,DL,0,0,0,0
20,47,UL,0,0,0,0
20,48,DL,0,0,0,0
20,48,UL,0,0,0,0
20,49,DL,0,0,0,0
20,49,UL,0,0,0,0
20,50,DL,0,0,0,0
20,50,UL,0,0,0,0
20,51,DL,0,0,0,0
20,51,UL,0,0,0,0
20,52,DL,0,0,0,0
20,52,UL,0,0,0,0
20,53,DL,0,0,0,0
20,53,UL,0,0,0,0
20,54,DL,0,0,0,0
20,54,UL,0,0,0,0
20,55,DL,0,0,0,0
20,55,UL,0,0,0,0
20,56,DL,0,0,0,0
20,56,UL,0,0,0,0
20,57,DL,0,0,0,0
20,57,UL,0,0,0,0
20,58,DL,0,0,0,0
20,58,UL,0,0,0,0
20,59,DL,0,0,0,0
20,59,UL,0,0,0,0
20,60,DL,0,0,0,0
20,60,UL,0,0,0,0
20,61,DL,10.4018,0.0449019,0.63681,13.4454
20,61,UL,0,0,0,0
20,62,DL,0,0,0,0
20,62,UL,0,0,0,0
20,63,DL,0,0,0,0
20,63,UL,0,0,0,0
20,64,DL,0,0,0,0
20,64,UL,0,0,0,0
20,65,DL,0,0,0,0
20,65,UL,0,0,0,0
20,66,DL,0,0,0,0
20,66,UL,0,0,0,0
20,67,DL,0,0,0,0
20,67,UL,0,0,0,0
20,68,DL,0,0,0,0
20,68,UL,0,0,0,0
20,69,DL,0,0,0,0
20,69,UL,0,0,0,0
20,70,DL,1.6412,0.00208571,1.03639,22.0339
20,70,UL,0,0,0,0
20,71,DL,0,0,0,0
20,71,UL,0,0,0,0
20,72,DL,0,0,0,0
20,72,UL,0,0,0,0
20,73,DL,0,0,0,0
20,73,UL,0,0,0,0
20,74,DL,0,0,0,0
20,74,UL,0,0,0,0
20,75,DL,0,0,0,0
20,75,UL,0,0,0,0
20,76,DL,0,0,0,0
20,76,UL,0,0,0,0
20,77,DL,0,0,0,0
20,77,UL,0,0,0,0
20,78,DL,0,0,0,0
20,78,UL,0,0,0,0
20,79,DL,0,0,0,0
20,79,UL,0,0,0,0
20,80,DL,0,0,0,0
20,80,UL,0,0,0,0
20,81,DL,0,0,0,0
20,81,UL,0,0,0,0
20,82,DL,0,0,0,0
20,82,UL,0,0,0,0
20,83,DL,0,0,0,0
20,83,UL,0,0,0,0
20,84,DL,0,0,0,0
20,84,UL,0,0,0,0
20,85,DL,0,0,0,0
20,85,UL,0,0,0,0
20,86,DL,0,0,0,0
20,86,UL,0,0,0,0
20,87,DL,0,0,0,0
20,87,UL,0,0,0,0
20,88,DL,0,0,0,0
20,88,UL,0,0,0,0
20,89,DL,6.83242,0.733174,0.278835,5.83333
20,89,UL,0,0,0,0
20,90,DL,0,0,0,0
20,90,UL,0,0,0,0
20,91,DL,0,0,0,0
20,91,UL,0.247032,2.176e-09,0.244141,100
20,92,DL,0,0,0,0
20,92,UL,0.247208,0.000183971,0.12207,50
20,93,DL,0,0,0,0
20,93,UL,0,0,0,0
20,94,DL,0,0,0,0
20,94,UL,0,0,0,0
20,95,DL,0,0,0,0
20,95,UL,0,0,0,0
20,96,DL,0,0,0,0
20,96,UL,0,0,0,0
20,97,DL,9.33272,0.0419257,1.3548,28.3333
20,97,UL,0,0,0,0
20,98,DL,0,0,0,0
20,98,UL,0.00602884,0,0.244141,100
20,99,DL,0,0,0,0
20,99,UL,0,0,0,0
20,100,DL,0,0,0,0
20,100,UL,0,0,0,0
20,101,DL,0,0,0,0
20,101,UL,0,0,0,0
20,102,DL,0,0,0,0
20,102,UL,0,0,0,0
20,103,DL,0,0,0,0
20,103,UL,0,0,0,0
20,104,DL,0,0,0,0
20,104,UL,0,0,0,0
20,105,DL,0,0,0,0
20,105,UL,0,0,0,0
20,106,DL,0,0,0,0
20,106,UL,0,0,0,0
20,107,DL,0,0,0,0
20,107,UL,0.253798,0.000764513,0.242676,99.4
20,108,DL,0,0,0,0
20,108,UL,0,0,0,0
20,109,DL,0,0,0,0
20,109,UL,0,0,0,0
20,110,DL,0,0,0,0
20,110,UL,0,0,0,0
20,111,DL,0,0,0,0
20,111,UL,0,0,0,0
20,112,DL,0,0,0,0
20,112,UL,0,0,0,0
20,113,DL,0,0,0,0
20,113,UL,0,0,0,0
20,114,DL,0,0,0,0
20,114,UL,0,0,0,0
22,0,DL,0,0,0,0
22,0,UL,0,0,0,0
22,1,DL,0,0,0,0
22,1,UL,0,0,0,0
22,2,DL,0,0,0,0
22,2,UL,0,0,0,0
22,3,DL,0,0,0,0
22,3,UL,0,0,0,0
22,4,DL,0,0,0,0
22,4,UL,0,0,0,0
22,5,DL,0,0,0,0
22,5,UL,0,0,0,0
22,6,DL,0,0,0,0
22,6,UL,0,0,0,0
22,7,DL,0,0,0,0
22,7,UL,0,0,0,0
22,8,DL,6.99688,0.222368,0.796497,16.6667
22,8,UL,0,0,0,0
22,9,DL,0,0,0,0
22,9,UL,0,0,0,0
22,10,DL,0,0,0,0
22,10,UL,0,0,0,0
22,11,DL,0,0,0,0
22,11,UL,0,0,0,0
22,12,DL,0,0,0,0
22,12,UL,0,0,0,0
22,13,DL,0,0,0,0
22,13,UL,0,0,0,0
22,14,DL,0,0,0,0
22,14,UL,0,0,0,0
22,15,DL,0,0,0,0
22,15,UL,0,0,0,0
22,16,DL,0,0,0,0
22,16,UL,0,0,0,0
22,17,DL,0,0,0,0
22,17,UL,0,0,0,0
22,18,DL,0,0,0,0
22,18,UL,0,0,0,0
22,19,DL,0,0,0,0
22,19,UL,0,0,0,0
22,20,DL,0,0,0,0
22,20,UL,0,0,0,0
22,21,DL,0,0,0,0
22,21,UL,0,0,0,0
22,22,DL,0,0,0,0
22,22,UL,0,0,0,0
22,23,DL,8.71299,0.0411498,1.63322,33.8843
22,23,UL,0,0,0,0
22,24,DL,0,0,0,0
22,24,UL,0,0,0,0
22,25,DL,0,0,0,0
22,25,UL,0,0,0,0
22,26,DL,0,0,0,0
22,26,UL,0,0,0,0
22,27,DL,0,0,0,0
22,27,UL,0,0,0,0
22,28,DL,0,0,0,0
22,28,UL,0,0,0,0
22,29,DL,0,0,0,0
22,29,UL,0,0,0,0
22,30,DL,0,0,0,0
22,30,UL,0,0,0,0
22,31,DL,0,0,0,0
22,31,UL,0,0,0,0
22,32,DL,0,0,0,0
22,32,UL,0,0,0,0
22,33,DL,0,0,0,0
22,33,UL,0,0,0,0
22,34,DL,0,0,0,0
22,34,UL,0,0,0,0
22,35,DL,0,0,0,0
22,35,UL,0,0,0,0
22,36,DL,0,0,0,0
22,36,UL,0,0,0,0
22,37,DL,0,0,0,0
22,37,UL,0,0,0,0
22,38,DL,0,0,0,0
22,38,UL,0,0,0,0
22,39,DL,0,0,0,0
22,39,UL,0,0,0,0
22,40,DL,0,0,0,0
22,40,UL,0,0,0,0
22,41,DL,0,0,0,0
22,41,UL,0,0,0,0
22,42,DL,0,0,0,0
22,42,UL,0,0,0,0
22,43,DL,0,0,0,0
22,43,UL,0,0,0,0
22,44,DL,0,0,0,0
22,44,UL,0,0,0,0
22,45,DL,0,0,0,0
22,45,UL,0,0,0,0
22,46,DL,0,0,0,0
22,46,UL,0,0,0,0
22,47,DL,0,0,0,0
22,47,UL,0,0,0,0
22,48,DL,0,0,0,0
22,48,UL,0,0,0,0
22,49,DL,0,0,0,0
22,49,UL,0,0,0,0
22,50,DL,0,0,0,0
22,50,UL,0,0,0,0
22,51,DL,0,0,0,0
22,51,UL,0,0,0,0
22,52,DL,0,0,0,0
22,52,UL,0,0,0,0
22,53,DL,0,0,0,0
22,53,UL,0,0,0,0
22,54,DL,0,0,0,0
22,54,UL,0,0,0,0
22,55,DL,0,0,0,0
22,55,UL,0,0,0,0
22,56,DL,0,0,0,0
22,56,UL,0,0,0,0
22,57,DL,0,0,0,0
22,57,UL,0,0,0,0
22,58,DL,0,0,0,0
22,58,UL,0,0,0,0
22,59,DL,0,0,0,0
22,59,UL,0,0,0,0
22,60,DL,0,0,0,0
22,60,UL,0,0,0,0
22,61,DL,0,0,0,0
22,61,UL,0,0,0,0
22,62,DL,0,0,0,0
22,62,UL,0,0,0,0
22,63,DL,0,0,0,0
22,63,UL,0,0,0,0
22,64,DL,0,0,0,0
22,64,UL,0,0,0,0
22,65,DL,0,0,0,0
22,65,UL,0,0,0,0
22,66,DL,0,0,0,0
22,66,UL,0,0,0,0
22,67,DL,0,0,0,0
22,67,UL,0,0,0,0
22,68,DL,0,0,0,0
22,68,UL,0,0,0,0
22,69,DL,0,0,0,0
22,69,UL,0,0,0,0
22,70,DL,1.67216,0.00171035,0.239223,5
22,70,UL,0,0,0,0
22,71,DL,0,0,0,0
22,71,UL,0,0,0,0
22,72,DL,0,0,0,0
22,72,UL,0,0,0,0
22,73,DL,0,0,0,0
22,73,UL,0,0,0,0
22,74,DL,0,0,0,0
22,74,UL,0,0,0,0
22,75,DL,0,0,0,0
22,75,UL,0,0,0,0
22,76,DL,0,0,0,0
22,76,UL,0,0,0,0
22,77,DL,0,0,0,0
22,77,UL,0,0,0,0
22,78,DL,0,0,0,0
22,78,UL,0,0,0,0
22,79,DL,0,0,0,0
22,79,UL,0,0,0,0
22,80,DL,0,0,0,0
22,80,UL,0,0,0,0
22,81,DL,0,0,0,0
22,81,UL,0,0,0,0
22,82,DL,0,0,0,0
22,82,UL,0,0,0,0
22,83,DL,0,0,0,0
22,83,UL,0,0,0,0
22,84,DL,0,0,0,0
22,84,UL,0.00620497,0.000183998,0.12207,50
22,85,DL,0,0,0,0
22,85,UL,0,0,0,0
22,86,DL,0,0,0,0
22,86,UL,0,0,0,0
22,87,DL,0,0,0,0
22,87,UL,0,0,0,0
22,88,DL,0,0,0,0
22,88,UL,0,0,0,0
22,89,DL,8.51675,0.403233,0.159435,3.33333
22,89,UL,0,0,0,0
22,90,DL,0,0,0,0
22,90,UL,0,0,0,0
22,91,DL,0,0,0,0
22,91,UL,0.247032,0,0.244141,100
22,92,DL,0,0,0,0
22,92,UL,0,0,0,0
22,93,DL,0,0,0,0
22,93,UL,0,0,0,0
22,94,DL,0,0,0,0
22,94,UL,0,0,0,0
22,95,DL,0,0,0,0
22,95,UL,0,0,0,0
22,96,DL,0,0,0,0
22,96,UL,0,0,0,0
22,97,DL,10.1934,0.169572,0.0398979,0.840336
22,97,UL,0,0,0,0
22,98,DL,5.97495,1.56398,0.0796509,1.66667
22,98,UL,0.00734769,0.000746383,0.134766,55.2
22,99,DL,0,0,0,0
22,99,UL,0,0,0,0
22,100,DL,0,0,0,0
22,100,UL,0,0,0,0
22,101,DL,0,0,0,0
22,101,UL,0,0,0,0
22,102,DL,0,0,0,0
22,102,UL,0,0,0,0
22,103,DL,0,0,0,0
22,103,UL,0,0,0,0
22,104,DL,0,0,0,0
22,104,UL,0,0,0,0
22,105,DL,0,0,0,0
22,105,UL,0,0,0,0
22,106,DL,0,0,0,0
22,106,UL,0,0,0,0
22,107,DL,0,0,0,0
22,107,UL,0.247032,0,0.244141,100
22,108,DL,0,0,0,0
22,108,UL,0,0,0,0
22,109,DL,0,0,0,0
22,109,UL,0,0,0,0
22,110,DL,0,0,0,0
22,110,UL,0,0,0,0
22,111,DL,0,0,0,0
22,111,UL,0,0,0,0
22,112,DL,0,0,0,0
22,112,UL,0,0,0,0
22,113,DL,0,0,0,0
22,113,UL,0,0,0,0
22,114,DL,0,0,0,0
22,114,UL,0,0,0,0
24,0,DL,0,0,0,0
24,0,UL,0,0,0,0
24,1,DL,0,0,0,0
24,1,UL,0,0,0,0
24,2,DL,0,0,0,0
24,2,UL,0,0,0,0
24,3,DL,0,0,0,0
24,3,UL,0,0,0,0
24,4,DL,0,0,0,0
24,4,UL,0,0,0,0
24,5,DL,0,0,0,0
24,5,UL,0,0,0,0
24,6,DL,0,0,0,0
24,6,UL,0,0,0,0
24,7,DL,0,0,0,0
24,7,UL,0,0,0,0
24,8,DL,0,0,0,0
24,8,UL,0,0,0,0
24,9,DL,0,0,0,0
24,9,UL,0,0,0,0
24,10,DL,0,0,0,0
24,10,UL,0,0,0,0
24,11,DL,0,0,0,0
24,11,UL,0,0,0,0
24,12,DL,0,0,0,0
24,12,UL,0,0,0,0
24,13,DL,0,0,0,0
24,13,UL,0,0,0,0
24,14,DL,0,0,0,0
24,14,UL,0,0,0,0
24,15,DL,0,0,0,0
24,15,UL,0,0,0,0
24,16,DL,0,0,0,0
24,16,UL,0,0,0,0
24,17,DL,0,0,0,0
24,17,UL,0,0,0,0
24,18,DL,0,0,0,0
24,18,UL,0,0,0,0
24,19,DL,0,0,0,0
24,19,UL,0,0,0,0
24,20,DL,0,0,0,0
24,20,UL,0,0,0,0
24,21,DL,0,0,0,0
24,21,UL,0,0,0,0
24,22,DL,0,0,0,0
24,22,UL,0,0,0,0
24,23,DL,9.72252,0.0219574,2.03189,42.5
24,23,UL,0,0,0,0
24,24,DL,0,0,0,0
24,24,UL,0,0,0,0
24,25,DL,0,0,0,0
24,25,UL,0,0,0,0
24,26,DL,0,0,0,0
24,26,UL,0,0,0,0
24,27,DL,0,0,0,0
24,27,UL,0,0,0,0
24,28,DL,0,0,0,0
24,28,UL,0,0,0,0
24,29,DL,0,0,0,0
24,29,UL,0,0,0,0
24,30,DL,0,0,0,0
24,30,UL,0,0,0,0
24,31,DL,4.10505,0,0.0399437,0.840336
24,31,UL,0,0,0,0
24,32,DL,0,0,0,0
24,32,UL,0,0,0,0
24,33,DL,0,0,0,0
24,33,UL,0,0,0,0
24,34,DL,0,0,0,0
24,34,UL,0,0,0,0
24,35,DL,0,0,0,0
24,35,UL,0,0,0,0
24,36,DL,0,0,0,0
24,36,UL,0,0,0,0
24,37,DL,0,0,0,0
24,37,UL,0,0,0,0
24,38,DL,0,0,0,0
24,38,UL,0,0,0,0
24,39,DL,0,0,0,0
24,39,UL,0,0,0,0
24,40,DL,0,0,0,0
24,40,UL,0,0,0,0
24,41,DL,0,0,0,0
24,41,UL,0,0,0,0
24,42,DL,0,0,0,0
24,42,UL,0,0,0,0
24,43,DL,6.0147,0.058207,0.238659,4.91803
24,43,UL,0,0,0,0
24,44,DL,0,0,0,0
24,44,UL,0,0,0,0
24,45,DL,0,0,0,0
24,45,UL,0,0,0,0
24,46,DL,0,0,0,0
24,46,UL,0,0,0,0
24,47,DL,0,0,0,0
24,47,UL,0,0,0,0
24,48,DL,0,0,0,0
24,48,UL,0,0,0,0
24,49,DL,0,0,0,0
24,49,UL,0,0,0,0
24,50,DL,0,0,0,0
24,50,UL,0,0,0,0
24,51,DL,0,0,0,0
24,51,UL,0,0,0,0
24,52,DL,0,0,0,0
24,52,UL,0,0,0,0
24,53,DL,0,0,0,0
24,53,UL,0,0,0,0
24,54,DL,0,0,0,0
24,54,UL,0,0,0,0
24,55,DL,0,0,0,0
24,55,UL,0,0,0,0
24,56,DL,0,0,0,0
24,56,UL,0,0,0,0
24,57,DL,0,0,0,0
24,57,UL,0,0,0,0
24,58,DL,0,0,0,0
24,58,UL,0,0,0,0
24,59,DL,0,0,0,0
24,59,UL,0,0,0,0
24,60,DL,0,0,0,0
24,60,UL,0,0,0,0
24,61,DL,0,0,0,0
24,61,UL,0,0,0,0
24,62,DL,0,0,0,0
24,62,UL,0,0,0,0
24,63,DL,0,0,0,0
24,63,UL,0,0,0,0
24,64,DL,0,0,0,0
24,64,UL,0,0,0,0
24,65,DL,0,0,0,0
24,65,UL,0,0,0,0
24,66,DL,0,0,0,0
24,66,UL,0,0,0,0
24,67,DL,0,0,0,0
24,67,UL,0,0,0,0
24,68,DL,0,0,0,0
24,68,UL,0,0,0,0
24,69,DL,0,0,0,0
24,69,UL,0,0,0,0
24,70,DL,0,0,0,0
24,70,UL,0,0,0,0
24,71,DL,0,0,0,0
24,71,UL,0,0,0,0
24,72,DL,0,0,0,0
24,72,UL,0,0,0,0
24,73,DL,0,0,0,0
24,73,UL,0,0,0,0
24,74,DL,0,0,0,0
24,74,UL,0,0,0,0
24,75,DL,0,0,0,0
24,75,UL,0,0,0,0
24,76,DL,0,0,0,0
24,76,UL,0,0,0,0
24,77,DL,0,0,0,0
24,77,UL,0,0,0,0
24,78,DL,0,0,0,0
24,78,UL,0,0,0,0
24,79,DL,0,0,0,0
24,79,UL,0,0,0,0
24,80,DL,0,0,0,0
24,80,UL,0,0,0,0
24,81,DL,0,0,0,0
24,81,UL,0,0,0,0
24,82,DL,0,0,0,0
24,82,UL,0,0,0,0
24,83,DL,0,0,0,0
24,83,UL,0,0,0,0
24,84,DL,2.3281,0.00423159,0.07967,1.66667
24,84,UL,0,0,0,0
24,85,DL,0,0,0,0
24,85,UL,0,0,0,0
24,86,DL,0,0,0,0
24,86,UL,0,0,0,0
24,87,DL,0,0,0,0
24,87,UL,0,0,0,0
24,88,DL,0,0,0,0
24,88,UL,0,0,0,0
24,89,DL,10.1152,0.324568,0.199497,4.16667
24,89,UL,0,0,0,0
24,90,DL,0,0,0,0
24,90,UL,0,0,0,0
24,91,DL,0,0,0,0
24,91,UL,0.247032,0,0.244141,100
24,92,DL,0,0,0,0
24,92,UL,0,0,0,0
24,93,DL,0,0,0,0
24,93,UL,0,0,0,0
24,94,DL,0,0,0,0
24,94,UL,0,0,0,0
24,95,DL,0,0,0,0
24,95,UL,0,0,0,0
24,96,DL,0,0,0,0
24,96,UL,0,0,0,0
24,97,DL,0,0,0,0
24,97,UL,0,0,0,0
24,98,DL,7.24836,0.230284,0.278259,5.83333
24,98,UL,0,0,0,0
24,99,DL,0,0,0,0
24,99,UL,0,0,0,0
24,100,DL,0,0,0,0
24,100,UL,0,0,0,0
24,101,DL,0,0,0,0
24,101,UL,0,0,0,0
24,102,DL,0,0,0,0
24,102,UL,0,0,0,0
24,103,DL,0,0,0,0
24,103,UL,0,0,0,0
24,104,DL,0,0,0,0
24,104,UL,0,0,0,0
24,105,DL,0,0,0,0
24,105,UL,0,0,0,0
24,106,DL,0,0,0,0
24,106,UL,0,0,0,0
24,107,DL,0,0,0,0
24,107,UL,0.247032,0,0.244141,100
24,108,DL,0,0,0,0
24,108,UL,0,0,0,0
24,109,DL,0,0,0,0
24,109,UL,0,0,0,0
24,110,DL,0,0,0,0
24,110,UL,0,0,0,0
24,111,DL,1.14663,0.0587181,0.0795555,1.66667
24,111,UL,0,0,0,0
24,112,DL,0,0,0,0
24,112,UL,0,0,0,0
24,113,DL,0,0,0,0
24,113,UL,0,0,0,0
24,114,DL,0,0,0,0
24,114,UL,0,0,0,0
26,0,DL,0,0,0,0
26,0,UL,0,0,0,0
26,1,DL,0,0,0,0
26,1,UL,0,0,0,0
26,2,DL,0,0,0,0
26,2,UL,0,0,0,0
26,3,DL,0,0,0,0
26,3,UL,0,0,0,0
26,4,DL,0,0,0,0
26,4,UL,0,0,0,0
26,5,DL,0,0,0,0
26,5,UL,0,0,0,0
26,6,DL,0,0,0,0
26,6,UL,0,0,0,0
26,7,DL,0,0,0,0
26,7,UL,0,0,0,0
26,8,DL,0,0,0,0
26,8,UL,0,0,0,0
26,9,DL,0,0,0,0
26,9,UL,0,0,0,0
26,10,DL,0,0,0,0
26,10,UL,0,0,0,0
26,11,DL,0,0,0,0
26,11,UL,0,0,0,0
26,12,DL,0,0,0,0
26,12,UL,0,0,0,0
26,13,DL,0,0,0,0
26,13,UL,0,0,0,0
26,14,DL,0,0,0,0
26,14,UL,0,0,0,0
26,15,DL,0,0,0,0
26,15,UL,0,0,0,0
26,16,DL,0,0,0,0
26,16,UL,0,0,0,0
26,17,DL,0,0,0,0
26,17,UL,0,0,0,0
26,18,DL,0,0,0,0
26,18,UL,0,0,0,0
26,19,DL,0,0,0,0
26,19,UL,0,0,0,0
26,20,DL,0,0,0,0
26,20,UL,0,0,0,0
26,21,DL,0,0,0,0
26,21,UL,0,0,0,0
26,22,DL,0,0,0,0
26,22,UL,0,0,0,0
26,23,DL,10.7709,0.0723535,0.319393,6.66667
26,23,UL,0,0,0,0
26,24,DL,0,0,0,0
26,24,UL,0,0,0,0
26,25,DL,0,0,0,0
26,25,UL,0,0,0,0
26,26,DL,0,0,0,0
26,26,UL,0,0,0,0
26,27,DL,0,0,0,0
26,27,UL,0,0,0,0
26,28,DL,0,0,0,0
26,28,UL,0,0,0,0
26,29,DL,0,0,0,0
26,29,UL,0,0,0,0
26,30,DL,0,0,0,0
26,30,UL,0,0,0,0
26,31,DL,0,0,0,0
26,31,UL,0,0,0,0
26,32,DL,0,0,0,0
26,32,UL,0,0,0,0
26,33,DL,0,0,0,0
26,33,UL,0,0,0,0
26,34,DL,0,0,0,0
26,34,UL,0,0,0,0
26,35,DL,0,0,0,0
26,35,UL,0,0,0,0
26,36,DL,0,0,0,0
26,36,UL,0,0,0,0
26,37,DL,0,0,0,0
26,37,UL,0,0,0,0
26,38,DL,0,0,0,0
26,38,UL,0,0,0,0
26,39,DL,0,0,0,0
26,39,UL,0,0,0,0
26,40,DL,0,0,0,0
26,40,UL,0,0,0,0
26,41,DL,0,0,0,0
26,41,UL,0,0,0,0
26,42,DL,0,0,0,0
26,42,UL,0,0,0,0
26,43,DL,0,0,0,0
26,43,UL,0,0,0,0
26,44,DL,0,0,0,0
26,44,UL,0,0,0,0
26,45,DL,0,0,0,0
26,45,UL,0,0,0,0
26,46,DL,0,0,0,0
26,46,UL,0,0,0,0
26,47,DL,0,0,0,0
26,47,UL,0,0,0,0
26,48,DL,0,0,0,0
26,48,UL,0,0,0,0
26,49,DL,0,0,0,0
26,49,UL,0,0,0,0
26,50,DL,0,0,0,0
26,50,UL,0,0,0,0
26,51,DL,0,0,0,0
26,51,UL,0,0,0,0
26,52,DL,0,0,0,0
26,52,UL,0,0,0,0
26,53,DL,0,0,0,0
26,53,UL,0,0,0,0
26,54,DL,0,0,0,0
26,54,UL,0,0,0,0
26,55,DL,0,0,0,0
26,55,UL,0,0,0,0
26,56,DL,0,0,0,0
26,56,UL,0,0,0,0
26,57,DL,0,0,0,0
26,57,UL,0,0,0,0
26,58,DL,0,0,0,0
26,58,UL,0,0,0,0
26,59,DL,0,0,0,0
26,59,UL,0,0,0,0
26,60,DL,0,0,0,0
26,60,UL,0,0,0,0
26,61,DL,0,0,0,0
26,61,UL,0,0,0,0
26,62,DL,0,0,0,0
26,62,UL,0,0,0,0
26,63,DL,0,0,0,0
26,63,UL,0,0,0,0
26,64,DL,0,0,0,0
26,64,UL,0,0,0,0
26,65,DL,0,0,0,0
26,65,UL,0,0,0,0
26,66,DL,0,0,0,0
26,66,UL,0,0,0,0
26,67,DL,0,0,0,0
26,67,UL,0,0,0,0
26,68,DL,0,0,0,0
26,68,UL,0,0,0,0
26,69,DL,0,0,0,0
26,69,UL,0,0,0,0
26,70,DL,0,0,0,0
26,70,UL,0,0,0,0
26,71,DL,0,0,0,0
26,71,UL,0,0,0,0
26,72,DL,0,0,0,0
26,72,UL,0,0,0,0
26,73,DL,0,0,0,0
26,73,UL,0,0,0,0
26,74,DL,0,0,0,0
26,74,UL,0,0,0,0
26,75,DL,0,0,0,0
26,75,UL,0,0,0,0
26,76,DL,0,0,0,0
26,76,UL,0,0,0,0
26,77,DL,0,0,0,0
26,77,UL,0,0,0,0
26,78,DL,0,0,0,0
26,78,UL,0,0,0,0
26,79,DL,0,0,0,0
26,79,UL,0,0,0,0
26,80,DL,0,0,0,0
26,80,UL,0,0,0,0
26,81,DL,0,0,0,0
26,81,UL,0,0,0,0
26,82,DL,0,0,0,0
26,82,UL,0,0,0,0
26,83,DL,0,0,0,0
26,83,UL,0,0,0,0
26,84,DL,0,0,0,0
26,84,UL,0,0,0,0
26,85,DL,0,0,0,0
26,85,UL,0,0,0,0
26,86,DL,0,0,0,0
26,86,UL,0,0,0,0
26,87,DL,0,0,0,0
26,87,UL,0,0,0,0
26,88,DL,0,0,0,0
26,88,UL,0,0,0,0
26,89,DL,0,0,0,0
26,89,UL,0,0,0,0
26,90,DL,0,0,0,0
26,90,UL,0,0,0,0
26,91,DL,0,0,0,0
26,91,UL,0.247032,0,0.244141,100
26,92,DL,0,0,0,0
26,92,UL,0,0,0,0
26,93,DL,0,0,0,0
26,93,UL,0,0,0,0
26,94,DL,0,0,0,0
26,94,UL,0,0,0,0
26,95,DL,0,0,0,0
26,95,UL,0,0,0,0
26,96,DL,0,0,0,0
26,96,UL,0,0,0,0
26,97,DL,0,0,0,0
26,97,UL,0,0,0,0
26,98,DL,7.68242,0.0714679,0.039753,0.840336
26,98,UL,0,0,0,0
26,99,DL,0,0,0,0
26,99,UL,0,0,0,0
26,100,DL,0,0,0,0
26,100,UL,0,0,0,0
26,101,DL,0,0,0,0
26,101,UL,0,0,0,0
26,102,DL,0,0,0,0
26,102,UL,0,0,0,0
26,103,DL,0,0,0,0
26,103,UL,0,0,0,0
26,104,DL,0,0,0,0
26,104,UL,0,0,0,0
26,105,DL,0,0,0,0
26,105,UL,0,0,0,0
26,106,DL,0,0,0,0
26,106,UL,0,0,0,0
26,107,DL,0,0,0,0
26,107,UL,0.247032,0,0.244141,100
26,108,DL,0,0,0,0
26,108,UL,0,0,0,0
26,109,DL,0,0,0,0
26,109,UL,0,0,0,0
26,110,DL,0,0,0,0
26,110,UL,0,0,0,0
26,111,DL,2.35874,0.104242,0.556961,11.5702
26,111,UL,0,0,0,0
26,112,DL,0,0,0,0
26,112,UL,0,0,0,0
26,113,DL,0,0,0,0
26,113,UL,0,0,0,0
26,114,DL,0,0,0,0
26,114,UL,0,0,0,0
28,0,DL,0,0,0,0
28,0,UL,0,0,0,0
28,1,DL,0,0,0,0
28,1,UL,0,0,0,0
28,2,DL,0,0,0,0
28,2,UL,0,0,0,0
28,3,DL,0,0,0,0
28,3,UL,0,0,0,0
28,4,DL,0,0,0,0
28,4,UL,0,0,0,0
28,5,DL,0,0,0,0
28,5,UL,0,0,0,0
28,6,DL,0,0,0,0
28,6,UL,0,0,0,0
28,7,DL,0,0,0,0
28,7,UL,0,0,0,0
28,8,DL,0,0,0,0
28,8,UL,0,0,0,0
28,9,DL,0,0,0,0
28,9,UL,0,0,0,0
28,10,DL,0,0,0,0
28,10,UL,0,0,0,0
28,11,DL,0,0,0,0
28,11,UL,0,0,0,0
28,12,DL,0,0,0,0
28,12,UL,0,0,0,0
28,13,DL,0,0,0,0
28,13,UL,0,0,0,0
28,14,DL,0,0,0,0
28,14,UL,0,0,0,0
28,15,DL,0,0,0,0
28,15,UL,0,0,0,0
28,16,DL,0,0,0,0
28,16,UL,0,0,0,0
28,17,DL,0,0,0,0
28,17,UL,0,0,0,0
28,18,DL,0,0,0,0
28,18,UL,0,0,0,0
28,19,DL,10.6479,0.540596,0.438908,9.16667
28,19,UL,0,0,0,0
28,20,DL,0,0,0,0
28,20,UL,0,0,0,0
28,21,DL,0,0,0,0
28,21,UL,0,0,0,0
28,22,DL,0,0,0,0
28,22,UL,0,0,0,0
28,23,DL,0,0,0,0
28,23,UL,0,0,0,0
28,24,DL,0,0,0,0
28,24,UL,0,0,0,0
28,25,DL,0,0,0,0
28,25,UL,0,0,0,0
28,26,DL,0,0,0,0
28,26,UL,0,0,0,0
28,27,DL,0,0,0,0
28,27,UL,0,0,0,0
28,28,DL,0,0,0,0
28,28,UL,0,0,0,0
28,29,DL,0,0,0,0
28,29,UL,0,0,0,0
28,30,DL,0,0,0,0
28,30,UL,0,0,0,0
28,31,DL,0,0,0,0
28,31,UL,0,0,0,0
28,32,DL,0,0,0,0
28,32,UL,0,0,0,0
28,33,DL,0,0,0,0
28,33,UL,0,0,0,0
28,34,DL,0,0,0,0
28,34,UL,0,0,0,0
28,35,DL,0,0,0,0
28,35,UL,0,0,0,0
28,36,DL,0,0,0,0
28,36,UL,0,0,0,0
28,37,DL,0,0,0,0
28,37,UL,0,0,0,0
28,38,DL,0,0,0,0
28,38,UL,0,0,0,0
28,39,DL,0,0,0,0
28,39,UL,0,0,0,0
28,40,DL,0,0,0,0
28,40,UL,0,0,0,0
28,41,DL,0,0,0,0
28,41,UL,0,0,0,0
28,42,DL,0,0,0,0
28,42,UL,0,0,0,0
28,43,DL,0,0,0,0
28,43,UL,0,0,0,0
28,44,DL,0,0,0,0
28,44,UL,0,0,0,0
28,45,DL,0,0,0,0
28,45,UL,0,0,0,0
28,46,DL,0,0,0,0
28,46,UL,0,0,0,0
28,47,DL,0,0,0,0
28,47,UL,0,0,0,0
28,48,DL,0,0,0,0
28,48,UL,0,0,0,0
28,49,DL,0,0,0,0
28,49,UL,0,0,0,0
28,50,DL,0,0,0,0
28,50,UL,0,0,0,0
28,51,DL,0,0,0,0
28,51,UL,0,0,0,0
28,52,DL,0,0,0,0
28,52,UL,0,0,0,0
28,53,DL,0,0,0,0
28,53,UL,0,0,0,0
28,54,DL,0,0,0,0
28,54,UL,0,0,0,0
28,55,DL,0,0,0,0
28,55,UL,0,0,0,0
28,56,DL,0,0,0,0
28,56,UL,0,0,0,0
28,57,DL,0,0,0,0
28,57,UL,0,0,0,0
28,58,DL,0,0,0,0
28,58,UL,0,0,0,0
28,59,DL,0,0,0,0
28,59,UL,0,0,0,0
28,60,DL,0,0,0,0
28,60,UL,0,0,0,0
28,61,DL,0,0,0,0
28,61,UL,0,0,0,0
28,62,DL,0,0,0,0
28,62,UL,0,0,0,0
28,63,DL,0,0,0,0
28,63,UL,0,0,0,0
28,64,DL,0,0,0,0
28,64,UL,0,0,0,0
28,65,DL,0,0,0,0
28,65,UL,0,0,0,0
28,66,DL,0,0,0,0
28,66,UL,0,0,0,0
28,67,DL,0,0,0,0
28,67,UL,0,0,0,0
28,68,DL,0,0,0,0
28,68,UL,0,0,0,0
28,69,DL,0,0,0,0
28,69,UL,0,0,0,0
28,70,DL,0,0,0,0
28,70,UL,0,0,0,0
28,71,DL,0,0,0,0
28,71,UL,0,0,0,0
28,72,DL,0,0,0,0
28,72,UL,0,0,0,0
28,73,DL,0,0,0,0
28,73,UL,0,0,0,0
28,74,DL,0,0,0,0
28,74,UL,0,0,0,0
28,75,DL,0,0,0,0
28,75,UL,0,0,0,0
28,76,DL,0,0,0,0
28,76,UL,0,0,0,0
28,77,DL,0,0,0,0
28,77,UL,0,0,0,0
28,78,DL,0,0,0,0
28,78,UL,0,0,0,0
28,79,DL,0,0,0,0
28,79,UL,0,0,0,0
28,80,DL,0,0,0,0
28,80,UL,0,0,0,0
28,81,DL,0,0,0,0
28,81,UL,0,0,0,0
28,82,DL,0,0,0,0
28,82,UL,0,0,0,0
28,83,DL,0,0,0,0
28,83,UL,0,0,0,0
28,84,DL,0,0,0,0
28,84,UL,0,0,0,0
28,85,DL,0,0,0,0
28,85,UL,0,0,0,0
28,86,DL,0,0,0,0
28,86,UL,0,0,0,0
28,87,DL,0,0,0,0
28,87,UL,0,0,0,0
28,88,DL,0,0,0,0
28,88,UL,0,0,0,0
28,89,DL,0,0,0,0
28,89,UL,0,0,0,0
28,90,DL,0,0,0,0
28,90,UL,0,0,0,0
28,91,DL,0,0,0,0
28,91,UL,0.247032,0,0.244141,100
28,92,DL,0,0,0,0
28,92,UL,0,0,0,0
28,93,DL,0,0,0,0
28,93,UL,0,0,0,0
28,94,DL,0,0,0,0
28,94,UL,0,0,0,0
28,95,DL,0,0,0,0
28,95,UL,0,0,0,0
28,96,DL,0,0,0,0
28,96,UL,0,0,0,0
28,97,DL,0,0,0,0
28,97,UL,0,0,0,0
28,98,DL,0,0,0,0
28,98,UL,0,0,0,0
28,99,DL,0,0,0,0
28,99,UL,0,0,0,0
28,100,DL,0,0,0,0
28,100,UL,0,0,0,0
28,101,DL,0,0,0,0
28,101,UL,0,0,0,0
28,102,DL,0,0,0,0
28,102,UL,0,0,0,0
28,103,DL,0,0,0,0
28,103,UL,0,0,0,0
28,104,DL,0,0,0,0
28,104,UL,0,0,0,0
28,105,DL,0,0,0,0
28,105,UL,0,0,0,0
28,106,DL,0,0,0,0
28,106,UL,0,0,0,0
28,107,DL,0,0,0,0
28,107,UL,0.247292,0.000259947,0.184082,75.4
28,108,DL,0,0,0,0
28,108,UL,0,0,0,0
28,109,DL,0,0,0,0
28,109,UL,0,0,0,0
28,110,DL,0,0,0,0
28,110,UL,0,0,0,0
28,111,DL,3.06371,0.0308055,0.875946,18.3333
28,111,UL,0,0,0,0
28,112,DL,4.51134,0.193443,0.198914,4.16667
28,112,UL,0,0,0,0
28,113,DL,0,0,0,0
28,113,UL,0,0,0,0
28,114,DL,0,0,0,0
28,114,UL,0,0,0,0
30,0,DL,0,0,0,0
30,0,UL,0,0,0,0
30,1,DL,0,0,0,0
30,1,UL,0,0,0,0
30,2,DL,0,0,0,0
30,2,UL,0,0,0,0
30,3,DL,0,0,0,0
30,3,UL,0,0,0,0
30,4,DL,0,0,0,0
30,4,UL,0,0,0,0
30,5,DL,0,0,0,0
30,5,UL,0,0,0,0
30,6,DL,0,0,0,0
30,6,UL,0,0,0,0
30,7,DL,0,0,0,0
30,7,UL,0,0,0,0
30,8,DL,0,0,0,0
30,8,UL,0,0,0,0
30,9,DL,0,0,0,0
30,9,UL,0,0,0,0
30,10,DL,0,0,0,0
30,10,UL,0,0,0,0
30,11,DL,0,0,0,0
30,11,UL,0,0,0,0
30,12,DL,0,0,0,0
30,12,UL,0,0,0,0
30,13,DL,0,0,0,0
30,13,UL,0,0,0,0
30,14,DL,0,0,0,0
30,14,UL,0,0,0,0
30,15,DL,0,0,0,0
30,15,UL,0,0,0,0
30,16,DL,0,0,0,0
30,16,UL,0,0,0,0
30,17,DL,0,0,0,0
30,17,UL,0,0,0,0
30,18,DL,0,0,0,0
30,18,UL,0,0,0,0
30,19,DL,10.9767,0.333335,0.0398254,0.833333
30,19,UL,0,0,0,0
30,20,DL,0,0,0,0
30,20,UL,0,0,0,0
30,21,DL,0,0,0,0
30,21,UL,0,0,0,0
30,22,DL,0,0,0,0
30,22,UL,0,0,0,0
30,23,DL,0,0,0,0
30,23,UL,0,0,0,0
30,24,DL,0,0,0,0
30,24,UL,0,0,0,0
30,25,DL,0,0,0,0
30,25,UL,0,0,0,0
30,26,DL,0,0,0,0
30,26,UL,0,0,0,0
30,27,DL,0,0,0,0
30,27,UL,0,0,0,0
30,28,DL,0,0,0,0
30,28,UL,0,0,0,0
30,29,DL,0,0,0,0
30,29,UL,0,0,0,0
30,30,DL,0,0,0,0
30,30,UL,0,0,0,0
30,31,DL,9.19345,0.651757,0.318672,6.61157
30,31,UL,0,0,0,0
30,32,DL,0,0,0,0
30,32,UL,0,0,0,0
30,33,DL,0,0,0,0
30,33,UL,0,0,0,0
30,34,DL,0,0,0,0
30,34,UL,0,0,0,0
30,35,DL,0,0,0,0
30,35,UL,0,0,0,0
30,36,DL,0,0,0,0
30,36,UL,0,0,0,0
30,37,DL,0,0,0,0
30,37,UL,0,0,0,0
30,38,DL,0,0,0,0
30,38,UL,0,0,0,0
30,39,DL,0,0,0,0
30,39,UL,0,0,0,0
30,40,DL,0,0,0,0
30,40,UL,0,0,0,0
30,41,DL,0,0,0,0
30,41,UL,0,0,0,0
30,42,DL,0,0,0,0
30,42,UL,0,0,0,0
30,43,DL,0,0,0,0
30,43,UL,0,0,0,0
30,44,DL,0,0,0,0
30,44,UL,0,0,0,0
30,45,DL,0,0,0,0
30,45,UL,0,0,0,0
30,46,DL,0,0,0,0
30,46,UL,0,0,0,0
30,47,DL,0,0,0,0
30,47,UL,0,0,0,0
30,48,DL,0,0,0,0
30,48,UL,0,0,0,0
30,49,DL,0,0,0,0
30,49,UL,0,0,0,0
30,50,DL,0,0,0,0
30,50,UL,0,0,0,0
30,51,DL,0,0,0,0
30,51,UL,0,0,0,0
30,52,DL,0,0,0,0
30,52,UL,0,0,0,0
30,53,DL,0,0,0,0
30,53,UL,0,0,0,0
30,54,DL,0,0,0,0
30,54,UL,0,0,0,0
30,55,DL,0,0,0,0
30,55,UL,0,0,0,0
30,56,DL,0,0,0,0
30,56,UL,0,0,0,0
30,57,DL,0,0,0,0
30,57,UL,0,0,0,0
30,58,DL,0,0,0,0
30,58,UL,0,0,0,0
30,59,DL,0,0,0,0
30,59,UL,0,0,0,0
30,60,DL,0,0,0,0
30,60,UL,0,0,0,0
30,61,DL,0,0,0,0
30,61,UL,0,0,0,0
30,62,DL,0,0,0,0
30,62,UL,0,0,0,0
30,63,DL,0,0,0,0
30,63,UL,0,0,0,0
30,64,DL,0,0,0,0
30,64,UL,0,0,0,0
30,65,DL,0,0,0,0
30,65,UL,0,0,0,0
30,66,DL,0,0,0,0
30,66,UL,0,0,0,0
30,67,DL,0,0,0,0
30,67,UL,0,0,0,0
30,68,DL,0,0,0,0
30,68,UL,0,0,0,0
30,69,DL,0,0,0,0
30,69,UL,0,0,0,0
30,70,DL,0,0,0,0
30,70,UL,0,0,0,0
30,71,DL,0,0,0,0
30,71,UL,0,0,0,0
30,72,DL,0,0,0,0
30,72,UL,0,0,0,0
30,73,DL,0,0,0,0
30,73,UL,0,0,0,0
30,74,DL,0,0,0,0
30,74,UL,0,0,0,0
30,75,DL,0,0,0,0
30,75,UL,0,0,0,0
30,76,DL,0,0,0,0
30,76,UL,0,0,0,0
30,77,DL,0,0,0,0
30,77,UL,0,0,0,0
30,78,DL,0,0,0,0
30,78,UL,0,0,0,0
30,79,DL,0,0,0,0
30,79,UL,0,0,0,0
30,80,DL,1.98744,0,0.0396461,0.833333
30,80,UL,0,0,0,0
30,81,DL,0,0,0,0
30,81,UL,0,0,0,0
30,82,DL,0,0,0,0
30,82,UL,0,0,0,0
30,83,DL,0,0,0,0
30,83,UL,0,0,0,0
30,84,DL,0,0,0,0
30,84,UL,0,0,0,0
30,85,DL,0,0,0,0
30,85,UL,0,0,0,0
30,86,DL,0,0,0,0
30,86,UL,0,0,0,0
30,87,DL,0,0,0,0
30,87,UL,0,0,0,0
30,88,DL,0,0,0,0
30,88,UL,0,0,0,0
30,89,DL,0,0,0,0
30,89,UL,0,0,0,0
30,90,DL,0,0,0,0
30,90,UL,0,0,0,0
30,91,DL,0,0,0,0
30,91,UL,0.247032,0,0.244141,100
30,92,DL,0,0,0,0
30,92,UL,0,0,0,0
30,93,DL,0,0,0,0
30,93,UL,0,0,0,0
30,94,DL,0,0,0,0
30,94,UL,0,0,0,0
30,95,DL,0,0,0,0
30,95,UL,0,0,0,0
30,96,DL,0,0,0,0
30,96,UL,0,0,0,0
30,97,DL,0,0,0,0
30,97,UL,0,0,0,0
30,98,DL,0,0,0,0
30,98,UL,0,0,0,0
30,99,DL,0,0,0,0
30,99,UL,0,0,0,0
30,100,DL,0,0,0,0
30,100,UL,0,0,0,0
30,101,DL,0,0,0,0
30,101,UL,0,0,0,0
30,102,DL,0,0,0,0
30,102,UL,0,0,0,0
30,103,DL,0,0,0,0
30,103,UL,0,0,0,0
30,104,DL,0,0,0,0
30,104,UL,0,0,0,0
30,105,DL,0,0,0,0
30,105,UL,0,0,0,0
30,106,DL,0,0,0,0
30,106,UL,0,0,0,0
30,107,DL,0,0,0,0
30,107,UL,0,0,0,0
30,108,DL,0,0,0,0
30,108,UL,0,0,0,0
30,109,DL,0,0,0,0
30,109,UL,0,0,0,0
30,110,DL,0,0,0,0
30,110,UL,0,0,0,0
30,111,DL,0,0,0,0
30,111,UL,0,0,0,0
30,112,DL,0,0,0,0
30,112,UL,0,0,0,0
30,113,DL,0,0,0,0
30,113,UL,0,0,0,0
30,114,DL,0,0,0,0
30,114,UL,0,0,0,0
32,0,DL,0,0,0,0
32,0,UL,0,0,0,0
32,1,DL,0,0,0,0
32,1,UL,0,0,0,0
32,2,DL,0,0,0,0
32,2,UL,0,0,0,0
32,3,DL,0,0,0,0
32,3,UL,0,0,0,0
32,4,DL,0,0,0,0
32,4,UL,0,0,0,0
32,5,DL,0,0,0,0
32,5,UL,0,0,0,0
32,6,DL,0,0,0,0
32,6,UL,0,0,0,0
32,7,DL,0,0,0,0
32,7,UL,0,0,0,0
32,8,DL,0,0,0,0
32,8,UL,0,0,0,0
32,9,DL,0,0,0,0
32,9,UL,0,0,0,0
32,10,DL,0,0,0,0
32,10,UL,0,0,0,0
32,11,DL,0,0,0,0
32,11,UL,0,0,0,0
32,12,DL,0,0,0,0
32,12,UL,0,0,0,0
32,13,DL,0,0,0,0
32,13,UL,0,0,0,0
32,14,DL,0,0,0,0
32,14,UL,0,0,0,0
32,15,DL,0,0,0,0
32,15,UL,0,0,0,0
32,16,DL,0,0,0,0
32,16,UL,0,0,0,0
32,17,DL,0,0,0,0
32,17,UL,0,0,0,0
32,18,DL,0,0,0,0
32,18,UL,0,0,0,0
32,19,DL,0,0,0,0
32,19,UL,0,0,0,0
32,20,DL,0,0,0,0
32,20,UL,0,0,0,0
32,21,DL,0,0,0,0
32,21,UL,0,0,0,0
32,22,DL,0,0,0,0
32,22,UL,0,0,0,0
32,23,DL,0,0,0,0
32,23,UL,0,0,0,0
32,24,DL,0,0,0,0
32,24,UL,0,0,0,0
32,25,DL,0,0,0,0
32,25,UL,0,0,0,0
32,26,DL,0,0,0,0
32,26,UL,0,0,0,0
32,27,DL,0,0,0,0
32,27,UL,0,0,0,0
32,28,DL,0,0,0,0
32,28,UL,0,0,0,0
32,29,DL,0,0,0,0
32,29,UL,0,0,0,0
32,30,DL,0,0,0,0
32,30,UL,0,0,0,0
32,31,DL,0,0,0,0
32,31,UL,0,0,0,0
32,32,DL,0,0,0,0
32,32,UL,0,0,0,0
32,33,DL,0,0,0,0
32,33,UL,0,0,0,0
32,34,DL,0,0,0,0
32,34,UL,0,0,0,0
32,35,DL,0,0,0,0
32,35,UL,0,0,0,0
32,36,DL,0,0,0,0
32,36,UL,0,0,0,0
32,37,DL,0,0,0,0
32,37,UL,0,0,0,0
32,38,DL,0,0,0,0
32,38,UL,0,0,0,0
32,39,DL,0,0,0,0
32,39,UL,0,0,0,0
32,40,DL,0,0,0,0
32,40,UL,0,0,0,0
32,41,DL,0,0,0,0
32,41,UL,0,0,0,0
32,42,DL,0,0,0,0
32,42,UL,0,0,0,0
32,43,DL,0,0,0,0
32,43,UL,0,0,0,0
32,44,DL,0,0,0,0
32,44,UL,0,0,0,0
32,45,DL,0,0,0,0
32,45,UL,0,0,0,0
32,46,DL,0,0,0,0
32,46,UL,0,0,0,0
32,47,DL,0,0,0,0
32,47,UL,0,0,0,0
32,48,DL,0.492218,0.0455623,0.438206,9.09091
32,48,UL,0,0,0,0
32,49,DL,0,0,0,0
32,49,UL,0,0,0,0
32,50,DL,0,0,0,0
32,50,UL,0,0,0,0
32,51,DL,0,0,0,0
32,51,UL,0,0,0,0
32,52,DL,0,0,0,0
32,52,UL,0,0,0,0
32,53,DL,0,0,0,0
32,53,UL,0,0,0,0
32,54,DL,0,0,0,0
32,54,UL,0,0,0,0
32,55,DL,0,0,0,0
32,55,UL,0,0,0,0
32,56,DL,0,0,0,0
32,56,UL,0,0,0,0
32,57,DL,0,0,0,0
32,57,UL,0,0,0,0
32,58,DL,0,0,0,0
32,58,UL,0,0,0,0
32,59,DL,0,0,0,0
32,59,UL,0,0,0,0
32,60,DL,0,0,0,0
32,60,UL,0,0,0,0
32,61,DL,0,0,0,0
32,61,UL,0,0,0,0
32,62,DL,0,0,0,0
32,62,UL,0,0,0,0
32,63,DL,0,0,0,0
32,63,UL,0,0,0,0
32,64,DL,0,0,0,0
32,64,UL,0,0,0,0
32,65,DL,0,0,0,0
32,65,UL,0,0,0,0
32,66,DL,0,0,0,0
32,66,UL,0,0,0,0
32,67,DL,0,0,0,0
32,67,UL,0,0,0,0
32,68,DL,0,0,0,0
32,68,UL,0,0,0,0
32,69,DL,0,0,0,0
32,69,UL,0,0,0,0
32,70,DL,0,0,0,0
32,70,UL,0,0,0,0
32,71,DL,0,0,0,0
32,71,UL,0,0,0,0
32,72,DL,0,0,0,0
32,72,UL,0,0,0,0
32,73,DL,0,0,0,0
32,73,UL,0,0,0,0
32,74,DL,0,0,0,0
32,74,UL,0,0,0,0
32,75,DL,0,0,0,0
32,75,UL,0,0,0,0
32,76,DL,0,0,0,0
32,76,UL,0,0,0,0
32,77,DL,0,0,0,0
32,77,UL,0,0,0,0
32,78,DL,0,0,0,0
32,78,UL,0,0,0,0
32,79,DL,0,0,0,0
32,79,UL,0,0,0,0
32,80,DL,0,0,0,0
32,80,UL,0,0,0,0
32,81,DL,0,0,0,0
32,81,UL,0,0,0,0
32,82,DL,0,0,0,0
32,82,UL,0,0,0,0
32,83,DL,0,0,0,0
32,83,UL,0,0,0,0
32,84,DL,9.55196,1.47742,0.199753,4.16667
32,84,UL,0,0,0,0
32,85,DL,0,0,0,0
32,85,UL,0,0,0,0
32,86,DL,0,0,0,0
32,86,UL,0,0,0,0
32,87,DL,0,0,0,0
32,87,UL,0,0,0,0
32,88,DL,0,0,0,0
32,88,UL,0,0,0,0
32,89,DL,0,0,0,0
32,89,UL,0,0,0,0
32,90,DL,0,0,0,0
32,90,UL,0,0,0,0
32,91,DL,0,0,0,0
32,91,UL,0.247032,0,0.244141,100
32,92,DL,0,0,0,0
32,92,UL,0,0,0,0
32,93,DL,0,0,0,0
32,93,UL,0,0,0,0
32,94,DL,0,0,0,0
32,94,UL,0,0,0,0
32,95,DL,0,0,0,0
32,95,UL,0,0,0,0
32,96,DL,0,0,0,0
32,96,UL,0,0,0,0
32,97,DL,0,0,0,0
32,97,UL,0,0,0,0
32,98,DL,0,0,0,0
32,98,UL,0,0,0,0
32,99,DL,0,0,0,0
32,99,UL,0,0,0,0
32,100,DL,0,0,0,0
32,100,UL,0,0,0,0
32,101,DL,0,0,0,0
32,101,UL,0,0,0,0
32,102,DL,0,0,0,0
32,102,UL,0,0,0,0
32,103,DL,0,0,0,0
32,103,UL,0,0,0,0
32,104,DL,0,0,0,0
32,104,UL,0,0,0,0
32,105,DL,0,0,0,0
32,105,UL,0,0,0,0
32,106,DL,0,0,0,0
32,106,UL,0,0,0,0
32,107,DL,0,0,0,0
32,107,UL,0,0,0,0
32,108,DL,0,0,0,0
32,108,UL,0,0,0,0
32,109,DL,0,0,0,0
32,109,UL,0,0,0,0
32,110,DL,0,0,0,0
32,110,UL,0,0,0,0
32,111,DL,0,0,0,0
32,111,UL,0,0,0,0
32,112,DL,0,0,0,0
32,112,UL,0,0,0,0
32,113,DL,0,0,0,0
32,113,UL,0,0,0,0
32,114,DL,0,0,0,0
32,114,UL,0,0,0,0
34,0,DL,0,0,0,0
34,0,UL,0,0,0,0
34,1,DL,0,0,0,0
34,1,UL,0,0,0,0
34,2,DL,0,0,0,0
34,2,UL,0,0,0,0
34,3,DL,0,0,0,0
34,3,UL,0,0,0,0
34,4,DL,0,0,0,0
34,4,UL,0,0,0,0
34,5,DL,0,0,0,0
34,5,UL,0,0,0,0
34,6,DL,0,0,0,0
34,6,UL,0,0,0,0
34,7,DL,0,0,0,0
34,7,UL,0,0,0,0
34,8,DL,8.44173,0.040306,1.71354,35.8333
34,8,UL,0,0,0,0
34,9,DL,0,0,0,0
34,9,UL,0,0,0,0
34,10,DL,0,0,0,0
34,10,UL,0,0,0,0
34,11,DL,0,0,0,0
34,11,UL,0,0,0,0
34,12,DL,0,0,0,0
34,12,UL,0,0,0,0
34,13,DL,0,0,0,0
34,13,UL,0,0,0,0
34,14,DL,0,0,0,0
34,14,UL,0,0,0,0
34,15,DL,0,0,0,0
34,15,UL,0,0,0,0
34,16,DL,0,0,0,0
34,16,UL,0,0,0,0
34,17,DL,0,0,0,0
34,17,UL,0,0,0,0
34,18,DL,0,0,0,0
34,18,UL,0,0,0,0
34,19,DL,0,0,0,0
34,19,UL,0,0,0,0
34,20,DL,0,0,0,0
34,20,UL,0,0,0,0
34,21,DL,0,0,0,0
34,21,UL,0,0,0,0
34,22,DL,0,0,0,0
34,22,UL,0,0,0,0
34,23,DL,0,0,0,0
34,23,UL,0,0,0,0
34,24,DL,0,0,0,0
34,24,UL,0,0,0,0
34,25,DL,0,0,0,0
34,25,UL,0,0,0,0
34,26,DL,0,0,0,0
34,26,UL,0,0,0,0
34,27,DL,0,0,0,0
34,27,UL,0,0,0,0
34,28,DL,0.705212,0.0958085,0.0398827,0.833333
34,28,UL,0,0,0,0
34,29,DL,0,0,0,0
34,29,UL,0,0,0,0
34,30,DL,0,0,0,0
34,30,UL,0,0,0,0
34,31,DL,0,0,0,0
34,31,UL,0,0,0,0
34,32,DL,0,0,0,0
34,32,UL,0,0,0,0
34,33,DL,0,0,0,0
34,33,UL,0,0,0,0
34,34,DL,0,0,0,0
34,34,UL,0,0,0,0
34,35,DL,0,0,0,0
34,35,UL,0,0,0,0
34,36,DL,0,0,0,0
34,36,UL,0,0,0,0
34,37,DL,0,0,0,0
34,37,UL,0,0,0,0
34,38,DL,0,0,0,0
34,38,UL,0,0,0,0
34,39,DL,0,0,0,0
34,39,UL,0,0,0,0
34,40,DL,0,0,0,0
34,40,UL,0,0,0,0
34,41,DL,0,0,0,0
34,41,UL,0,0,0,0
34,42,DL,0,0,0,0
34,42,UL,0,0,0,0
34,43,DL,0,0,0,0
34,43,UL,0,0,0,0
34,44,DL,0,0,0,0
34,44,UL,0,0,0,0
34,45,DL,0,0,0,0
34,45,UL,0,0,0,0
34,46,DL,0,0,0,0
34,46,UL,0,0,0,0
34,47,DL,0,0,0,0
34,47,UL,0,0,0,0
34,48,DL,0,0,0,0
34,48,UL,0,0,0,0
34,49,DL,0,0,0,0
34,49,UL,0,0,0,0
34,50,DL,0,0,0,0
34,50,UL,0,0,0,0
34,51,DL,0,0,0,0
34,51,UL,0,0,0,0
34,52,DL,0,0,0,0
34,52,UL,0,0,0,0
34,53,DL,0,0,0,0
34,53,UL,0,0,0,0
34,54,DL,0,0,0,0
34,54,UL,0,0,0,0
34,55,DL,0,0,0,0
34,55,UL,0,0,0,0
34,56,DL,0,0,0,0
34,56,UL,0,0,0,0
34,57,DL,0,0,0,0
34,57,UL,0,0,0,0
34,58,DL,0,0,0,0
34,58,UL,0,0,0,0
34,59,DL,0,0,0,0
34,59,UL,0,0,0,0
34,60,DL,0,0,0,0
34,60,UL,0,0,0,0
34,61,DL,0,0,0,0
34,61,UL,0,0,0,0
34,62,DL,0,0,0,0
34,62,UL,0,0,0,0
34,63,DL,0,0,0,0
34,63,UL,0,0,0,0
34,64,DL,0,0,0,0
34,64,UL,0,0,0,0
34,65,DL,0,0,0,0
34,65,UL,0,0,0,0
34,66,DL,0,0,0,0
34,66,UL,0,0,0,0
34,67,DL,0,0,0,0
34,67,UL,0,0,0,0
34,68,DL,0,0,0,0
34,68,UL,0,0,0,0
34,69,DL,0,0,0,0
34,69,UL,0,0,0,0
34,70,DL,0,0,0,0
34,70,UL,0,0,0,0
34,71,DL,0,0,0,0
34,71,UL,0,0,0,0
34,72,DL,0,0,0,0
34,72,UL,0,0,0,0
34,73,DL,0,0,0,0
34,73,UL,0,0,0,0
34,74,DL,0,0,0,0
34,74,UL,0,0,0,0
34,75,DL,0,0,0,0
34,75,UL,0,0,0,0
34,76,DL,0,0,0,0
34,76,UL,0,0,0,0
34,77,DL,0,0,0,0
34,77,UL,0,0,0,0
34,78,DL,0,0,0,0
34,78,UL,0,0,0,0
34,79,DL,0,0,0,0
34,79,UL,0,0,0,0
34,80,DL,0,0,0,0
34,80,UL,0,0,0,0
34,81,DL,0,0,0,0
34,81,UL,0,0,0,0
34,82,DL,0,0,0,0
34,82,UL,0,0,0,0
34,83,DL,0,0,0,0
34,83,UL,0,0,0,0
34,84,DL,0,0,0,0
34,84,UL,0,0,0,0
34,85,DL,0,0,0,0
34,85,UL,0,0,0,0
34,86,DL,0,0,0,0
34,86,UL,0,0,0,0
34,87,DL,0,0,0,0
34,87,UL,0,0,0,0
34,88,DL,0,0,0,0
34,88,UL,0,0,0,0
34,89,DL,0,0,0,0
34,89,UL,0,0,0,0
34,90,DL,0,0,0,0
34,90,UL,0,0,0,0
34,91,DL,0,0,0,0
34,91,UL,0.247032,0,0.244141,100
34,92,DL,0,0,0,0
34,92,UL,0,0,0,0
34,93,DL,0,0,0,0
34,93,UL,0,0,0,0
34,94,DL,0,0,0,0
34,94,UL,0,0,0,0
34,95,DL,0,0,0,0
34,95,UL,0,0,0,0
34,96,DL,0,0,0,0
34,96,UL,0,0,0,0
34,97,DL,0,0,0,0
34,97,UL,0,0,0,0
34,98,DL,0,0,0,0
34,98,UL,0,0,0,0
34,99,DL,0,0,0,0
34,99,UL,0,0,0,0
34,100,DL,0,0,0,0
34,100,UL,0,0,0,0
34,101,DL,0,0,0,0
34,101,UL,0,0,0,0
34,102,DL,0,0,0,0
34,102,UL,0,0,0,0
34,103,DL,0,0,0,0
34,103,UL,0,0,0,0
34,104,DL,0,0,0,0
34,104,UL,0,0,0,0
34,105,DL,0,0,0,0
34,105,UL,0,0,0,0
34,106,DL,0,0,0,0
34,106,UL,0,0,0,0
34,107,DL,0,0,0,0
34,107,UL,0,0,0,0
34,108,DL,0,0,0,0
34,108,UL,0,0,0,0
34,109,DL,0,0,0,0
34,109,UL,0,0,0,0
34,110,DL,0,0,0,0
34,110,UL,0,0,0,0
34,111,DL,0,0,0,0
34,111,UL,0,0,0,0
34,112,DL,0,0,0,0
34,112,UL,0,0,0,0
34,113,DL,0,0,0,0
34,113,UL,0,0,0,0
34,114,DL,0,0,0,0
34,114,UL,0,0,0,0
36,0,DL,0,0,0,0
36,0,UL,0,0,0,0
36,1,DL,0,0,0,0
36,1,UL,0,0,0,0
36,2,DL,0,0,0,0
36,2,UL,0,0,0,0
36,3,DL,0,0,0,0
36,3,UL,0,0,0,0
36,4,DL,0,0,0,0
36,4,UL,0,0,0,0
36,5,DL,0,0,0,0
36,5,UL,0,0,0,0
36,6,DL,0,0,0,0
36,6,UL,0,0,0,0
36,7,DL,0,0,0,0
36,7,UL,0,0,0,0
36,8,DL,0,0,0,0
36,8,UL,0,0,0,0
36,9,DL,0,0,0,0
36,9,UL,0,0,0,0
36,10,DL,0,0,0,0
36,10,UL,0,0,0,0
36,11,DL,0,0,0,0
36,11,UL,0,0,0,0
36,12,DL,0,0,0,0
36,12,UL,0,0,0,0
36,13,DL,0,0,0,0
36,13,UL,0,0,0,0
36,14,DL,0,0,0,0
36,14,UL,0,0,0,0
36,15,DL,0,0,0,0
36,15,UL,0,0,0,0
36,16,DL,0,0,0,0
36,16,UL,0,0,0,0
36,17,DL,0,0,0,0
36,17,UL,0,0,0,0
36,18,DL,0,0,0,0
36,18,UL,0,0,0,0
36,19,DL,0,0,0,0
36,19,UL,0,0,0,0
36,20,DL,0,0,0,0
36,20,UL,0,0,0,0
36,21,DL,0,0,0,0
36,21,UL,0,0,0,0
36,22,DL,0,0,0,0
36,22,UL,0,0,0,0
36,23,DL,0,0,0,0
36,23,UL,0,0,0,0
36,24,DL,0,0,0,0
36,24,UL,0,0,0,0
36,25,DL,0,0,0,0
36,25,UL,0,0,0,0
36,26,DL,0,0,0,0
36,26,UL,0,0,0,0
36,27,DL,0,0,0,0
36,27,UL,0,0,0,0
36,28,DL,2.47645,0.313762,0.238934,5
36,28,UL,0,0,0,0
36,29,DL,0,0,0,0
36,29,UL,0,0,0,0
36,30,DL,0,0,0,0
36,30,UL,0,0,0,0
36,31,DL,0,0,0,0
36,31,UL,0,0,0,0
36,32,DL,0,0,0,0
36,32,UL,0,0,0,0
36,33,DL,0,0,0,0
36,33,UL,0,0,0,0
36,34,DL,0,0,0,0
36,34,UL,0,0,0,0
36,35,DL,0,0,0,0
36,35,UL,0,0,0,0
36,36,DL,0,0,0,0
36,36,UL,0,0,0,0
36,37,DL,0,0,0,0
36,37,UL,0,0,0,0
36,38,DL,0,0,0,0
36,38,UL,0,0,0,0
36,39,DL,0,0,0,0
36,39,UL,0,0,0,0
36,40,DL,0,0,0,0
36,40,UL,0,0,0,0
36,41,DL,0,0,0,0
36,41,UL,0,0,0,0
36,42,DL,0,0,0,0
36,42,UL,0,0,0,0
36,43,DL,0,0,0,0
36,43,UL,0,0,0,0
36,44,DL,0,0,0,0
36,44,UL,0,0,0,0
36,45,DL,2.95856,0,0.040081,0.826446
36,45,UL,0,0,0,0
36,46,DL,0,0,0,0
36,46,UL,0,0,0,0
36,47,DL,0,0,0,0
36,47,UL,0,0,0,0
36,48,DL,0,0,0,0
36,48,UL,0,0,0,0
36,49,DL,0,0,0,0
36,49,UL,0,0,0,0
36,50,DL,0,0,0,0
36,50,UL,0,0,0,0
36,51,DL,0,0,0,0
36,51,UL,0,0,0,0
36,52,DL,0,0,0,0
36,52,UL,0,0,0,0
36,53,DL,0,0,0,0
36,53,UL,0,0,0,0
36,54,DL,0,0,0,0
36,54,UL,0,0,0,0
36,55,DL,0,0,0,0
36,55,UL,0,0,0,0
36,56,DL,0,0,0,0
36,56,UL,0,0,0,0
36,57,DL,0,0,0,0
36,57,UL,0,0,0,0
36,58,DL,0,0,0,0
36,58,UL,0,0,0,0
36,59,DL,0,0,0,0
36,59,UL,0,0,0,0
36,60,DL,0,0,0,0
36,60,UL,0,0,0,0
36,61,DL,0,0,0,0
36,61,UL,0,0,0,0
36,62,DL,0,0,0,0
36,62,UL,0,0,0,0
36,63,DL,0,0,0,0
36,63,UL,0,0,0,0
36,64,DL,0,0,0,0
36,64,UL,0,0,0,0
36,65,DL,0,0,0,0
36,65,UL,0,0,0,0
36,66,DL,0,0,0,0
36,66,UL,0,0,0,0
36,67,DL,0,0,0,0
36,67,UL,0,0,0,0
36,68,DL,0,0,0,0
36,68,UL,0,0,0,0
36,69,DL,0,0,0,0
36,69,UL,0,0,0,0
36,70,DL,3.63398,0.144771,0.597366,12.5
36,70,UL,0,0,0,0
36,71,DL,0,0,0,0
36,71,UL,0,0,0,0
36,72,DL,0,0,0,0
36,72,UL,0,0,0,0
36,73,DL,0,0,0,0
36,73,UL,0,0,0,0
36,74,DL,0,0,0,0
36,74,UL,0,0,0,0
36,75,DL,0,0,0,0
36,75,UL,0,0,0,0
36,76,DL,0,0,0,0
36,76,UL,0,0,0,0
36,77,DL,0,0,0,0
36,77,UL,0,0,0,0
36,78,DL,0,0,0,0
36,78,UL,0,0,0,0
36,79,DL,0,0,0,0
36,79,UL,0,0,0,0
36,80,DL,0,0,0,0
36,80,UL,0,0,0,0
36,81,DL,0,0,0,0
36,81,UL,0,0,0,0
36,82,DL,0,0,0,0
36,82,UL,0,0,0,0
36,83,DL,0,0,0,0
36,83,UL,0,0,0,0
36,84,DL,0,0,0,0
36,84,UL,0,0,0,0
36,85,DL,0,0,0,0
36,85,UL,0,0,0,0
36,86,DL,0,0,0,0
36,86,UL,0,0,0,0
36,87,DL,0,0,0,0
36,87,UL,0,0,0,0
36,88,DL,0,0,0,0
36,88,UL,0,0,0,0
36,89,DL,0,0,0,0
36,89,UL,0,0,0,0
36,90,DL,0,0,0,0
36,90,UL,0,0,0,0
36,91,DL,0,0,0,0
36,91,UL,0.247032,0,0.244141,100
36,92,DL,0,0,0,0
36,92,UL,0,0,0,0
36,93,DL,0,0,0,0
36,93,UL,0,0,0,0
36,94,DL,0,0,0,0
36,94,UL,0,0,0,0
36,95,DL,0,0,0,0
36,95,UL,0,0,0,0
36,96,DL,0,0,0,0
36,96,UL,0,0,0,0
36,97,DL,0,0,0,0
36,97,UL,0,0,0,0
36,98,DL,0,0,0,0
36,98,UL,0,0,0,0
36,99,DL,0,0,0,0
36,99,UL,0,0,0,0
36,100,DL,0,0,0,0
36,100,UL,0,0,0,0
36,101,DL,0,0,0,0
36,101,UL,0,0,0,0
36,102,DL,0,0,0,0
36,102,UL,0,0,0,0
36,103,DL,0,0,0,0
36,103,UL,0,0,0,0
36,104,DL,0,0,0,0
36,104,UL,0,0,0,0
36,105,DL,0,0,0,0
36,105,UL,0,0,0,0
36,106,DL,0,0,0,0
36,106,UL,0,0,0,0
36,107,DL,0,0,0,0
36,107,UL,0,0,0,0
36,108,DL,0,0,0,0
36,108,UL,0,0,0,0
36,109,DL,0,0,0,0
36,109,UL,0,0,0,0
36,110,DL,0,0,0,0
36,110,UL,0,0,0,0
36,111,DL,0,0,0,0
36,111,UL,0,0,0,0
36,112,DL,0,0,0,0
36,112,UL,0,0,0,0
36,113,DL,0,0,0,0
36,113,UL,0,0,0,0
36,114,DL,0,0,0,0
36,114,UL,0,0,0,0
38,0,DL,0,0,0,0
38,0,UL,0,0,0,0
38,1,DL,0,0,0,0
38,1,UL,0,0,0,0
38,2,DL,0,0,0,0
38,2,UL,0,0,0,0
38,3,DL,0,0,0,0
38,3,UL,0,0,0,0
38,4,DL,0,0,0,0
38,4,UL,0,0,0,0
38,5,DL,0,0,0,0
38,5,UL,0,0,0,0
38,6,DL,0,0,0,0
38,6,UL,0,0,0,0
38,7,DL,0,0,0,0
38,7,UL,0,0,0,0
38,8,DL,0,0,0,0
38,8,UL,0,0,0,0
38,9,DL,0,0,0,0
38,9,UL,0,0,0,0
38,10,DL,0,0,0,0
38,10,UL,0,0,0,0
38,11,DL,0,0,0,0
38,11,UL,0,0,0,0
38,12,DL,0,0,0,0
38,12,UL,0,0,0,0
38,13,DL,0,0,0,0
38,13,UL,0,0,0,0
38,14,DL,0,0,0,0
38,14,UL,0,0,0,0
38,15,DL,0,0,0,0
38,15,UL,0,0,0,0
38,16,DL,0,0,0,0
38,16,UL,0,0,0,0
38,17,DL,0,0,0,0
38,17,UL,0,0,0,0
38,18,DL,0,0,0,0
38,18,UL,0,0,0,0
38,19,DL,0,0,0,0
38,19,UL,0,0,0,0
38,20,DL,0,0,0,0
38,20,UL,0,0,0,0
38,21,DL,0,0,0,0
38,21,UL,0,0,0,0
38,22,DL,0,0,0,0
38,22,UL,0,0,0,0
38,23,DL,0,0,0,0
38,23,UL,0,0,0,0
38,24,DL,0,0,0,0
38,24,UL,0,0,0,0
38,25,DL,0,0,0,0
38,25,UL,0,0,0,0
38,26,DL,0,0,0,0
38,26,UL,0,0,0,0
38,27,DL,0,0,0,0
38,27,UL,0,0,0,0
38,28,DL,2.81072,0.222933,0.0397835,0.819672
38,28,UL,0,0,0,0
38,29,DL,0,0,0,0
38,29,UL,0,0,0,0
38,30,DL,0,0,0,0
38,30,UL,0,0,0,0
38,31,DL,0,0,0,0
38,31,UL,0,0,0,0
38,32,DL,0,0,0,0
38,32,UL,0,0,0,0
38,33,DL,0,0,0,0
38,33,UL,0,0,0,0
38,34,DL,0,0,0,0
38,34,UL,0,0,0,0
38,35,DL,0,0,0,0
38,35,UL,0,0,0,0
38,36,DL,0,0,0,0
38,36,UL,0,0,0,0
38,37,DL,0,0,0,0
38,37,UL,0,0,0,0
38,38,DL,0,0,0,0
38,38,UL,0,0,0,0
38,39,DL,0,0,0,0
38,39,UL,0,0,0,0
38,40,DL,0,0,0,0
38,40,UL,0,0,0,0
38,41,DL,0,0,0,0
38,41,UL,0,0,0,0
38,42,DL,0,0,0,0
38,42,UL,0,0,0,0
38,43,DL,0,0,0,0
38,43,UL,0,0,0,0
38,44,DL,0,0,0,0
38,44,UL,0,0,0,0
38,45,DL,3.47391,0.0955516,0.359032,7.5
38,45,UL,0,0,0,0
38,46,DL,0,0,0,0
38,46,UL,0,0,0,0
38,47,DL,0,0,0,0
38,47,UL,0,0,0,0
38,48,DL,0,0,0,0
38,48,UL,0,0,0,0
38,49,DL,0,0,0,0
38,49,UL,0,0,0,0
38,50,DL,0,0,0,0
38,50,UL,0,0,0,0
38,51,DL,0,0,0,0
38,51,UL,0,0,0,0
38,52,DL,0,0,0,0
38,52,UL,0,0,0,0
38,53,DL,0,0,0,0
38,53,UL,0,0,0,0
38,54,DL,0,0,0,0
38,54,UL,0,0,0,0
38,55,DL,0,0,0,0
38,55,UL,0,0,0,0
38,56,DL,0,0,0,0
38,56,UL,0,0,0,0
38,57,DL,0,0,0,0
38,57,UL,0,0,0,0
38,58,DL,0,0,0,0
38,58,UL,0,0,0,0
38,59,DL,0,0,0,0
38,59,UL,0,0,0,0
38,60,DL,0,0,0,0
38,60,UL,0,0,0,0
38,61,DL,0,0,0,0
38,61,UL,0,0,0,0
38,62,DL,0,0,0,0
38,62,UL,0,0,0,0
38,63,DL,0,0,0,0
38,63,UL,0,0,0,0
38,64,DL,0,0,0,0
38,64,UL,0,0,0,0
38,65,DL,0,0,0,0
38,65,UL,0,0,0,0
38,66,DL,0,0,0,0
38,66,UL,0,0,0,0
38,67,DL,0,0,0,0
38,67,UL,0,0,0,0
38,68,DL,0,0,0,0
38,68,UL,0,0,0,0
38,69,DL,0,0,0,0
38,69,UL,0,0,0,0
38,70,DL,3.62569,0.00297041,0.239029,4.91803
38,70,UL,0,0,0,0
38,71,DL,0,0,0,0
38,71,UL,0,0,0,0
38,72,DL,0,0,0,0
38,72,UL,0,0,0,0
38,73,DL,0,0,0,0
38,73,UL,0,0,0,0
38,74,DL,0,0,0,0
38,74,UL,0,0,0,0
38,75,DL,0,0,0,0
38,75,UL,0,0,0,0
38,76,DL,0,0,0,0
38,76,UL,0,0,0,0
38,77,DL,0,0,0,0
38,77,UL,0,0,0,0
38,78,DL,0,0,0,0
38,78,UL,0,0,0,0
38,79,DL,0,0,0,0
38,79,UL,0,0,0,0
38,80,DL,0,0,0,0
38,80,UL,0,0,0,0
38,81,DL,0,0,0,0
38,81,UL,0,0,0,0
38,82,DL,0,0,0,0
38,82,UL,0,0,0,0
38,83,DL,0,0,0,0
38,83,UL,0,0,0,0
38,84,DL,0,0,0,0
38,84,UL,0,0,0,0
38,85,DL,0,0,0,0
38,85,UL,0,0,0,0
38,86,DL,0,0,0,0
38,86,UL,0,0,0,0
38,87,DL,0,0,0,0
38,87,UL,0,0,0,0
38,88,DL,0,0,0,0
38,88,UL,0,0,0,0
38,89,DL,0,0,0,0
38,89,UL,0,0,0,0
38,90,DL,0,0,0,0
38,90,UL,0,0,0,0
38,91,DL,0,0,0,0
38,91,UL,0.247032,0,0.244141,100
38,92,DL,0,0,0,0
38,92,UL,0,0,0,0
38,93,DL,0,0,0,0
38,93,UL,0,0,0,0
38,94,DL,0,0,0,0
38,94,UL,0,0,0,0
38,95,DL,0,0,0,0
38,95,UL,0,0,0,0
38,96,DL,0,0,0,0
38,96,UL,0,0,0,0
38,97,DL,0,0,0,0
38,97,UL,0,0,0,0
38,98,DL,0,0,0,0
38,98,UL,0,0,0,0
38,99,DL,0,0,0,0
38,99,UL,0,0,0,0
38,100,DL,0,0,0,0
38,100,UL,0,0,0,0
38,101,DL,0,0,0,0
38,101,UL,0,0,0,0
38,102,DL,0,0,0,0
38,102,UL,0,0,0,0
38,103,DL,0,0,0,0
38,103,UL,0,0,0,0
38,104,DL,0,0,0,0
38,104,UL,0,0,0,0
38,105,DL,0,0,0,0
38,105,UL,0,0,0,0
38,106,DL,0,0,0,0
38,106,UL,0,0,0,0
38,107,DL,0,0,0,0
38,107,UL,0,0,0,0
38,108,DL,0,0,0,0
38,108,UL,0,0,0,0
38,109,DL,0,0,0,0
38,109,UL,0,0,0,0
38,110,DL,0,0,0,0
38,110,UL,0,0,0,0
38,111,DL,0,0,0,0
38,111,UL,0,0,0,0
38,112,DL,0,0,0,0
38,112,UL,0,0,0,0
38,113,DL,0,0,0,0
38,113,UL,0,0,0,0
38,114,DL,0,0,0,0
38,114,UL,0,0,0,0
40,0,DL,0,0,0,0
40,0,UL,0,0,0,0
40,1,DL,0,0,0,0
40,1,UL,0,0,0,0
40,2,DL,0,0,0,0
40,2,UL,0,0,0,0
40,3,DL,0,0,0,0
40,3,UL,0,0,0,0
40,4,DL,0,0,0,0
40,4,UL,0,0,0,0
40,5,DL,0,0,0,0
40,5,UL,0,0,0,0
40,6,DL,0,0,0,0
40,6,UL,0,0,0,0
40,7,DL,0,0,0,0
40,7,UL,0,0,0,0
40,8,DL,0,0,0,0
40,8,UL,0,0,0,0
40,9,DL,0,0,0,0
40,9,UL,0,0,0,0
40,10,DL,0,0,0,0
40,10,UL,0,0,0,0
40,11,DL,0,0,0,0
40,11,UL,0,0,0,0
40,12,DL,0,0,0,0
40,12,UL,0,0,0,0
40,13,DL,0,0,0,0
40,13,UL,0,0,0,0
40,14,DL,0,0,0,0
40,14,UL,0,0,0,0
40,15,DL,0,0,0,0
40,15,UL,0,0,0,0
40,16,DL,0,0,0,0
40,16,UL,0,0,0,0
40,17,DL,0,0,0,0
40,17,UL,0,0,0,0
40,18,DL,0,0,0,0
40,18,UL,0,0,0,0
40,19,DL,0,0,0,0
40,19,UL,0,0,0,0
40,20,DL,0,0,0,0
40,20,UL,0,0,0,0
40,21,DL,0,0,0,0
40,21,UL,0,0,0,0
40,22,DL,0,0,0,0
40,22,UL,0,0,0,0
40,23,DL,0,0,0,0
40,23,UL,0,0,0,0
40,24,DL,0,0,0,0
40,24,UL,0,0,0,0
40,25,DL,0,0,0,0
40,25,UL,0,0,0,0
40,26,DL,0,0,0,0
40,26,UL,0,0,0,0
40,27,DL,0,0,0,0
40,27,UL,0,0,0,0
40,28,DL,0,0,0,0
40,28,UL,0,0,0,0
40,29,DL,0,0,0,0
40,29,UL,0,0,0,0
40,30,DL,0,0,0,0
40,30,UL,0,0,0,0
40,31,DL,0,0,0,0
40,31,UL,0,0,0,0
40,32,DL,0,0,0,0
40,32,UL,0,0,0,0
40,33,DL,0,0,0,0
40,33,UL,0,0,0,0
40,34,DL,0,0,0,0
40,34,UL,0,0,0,0
40,35,DL,0,0,0,0
40,35,UL,0,0,0,0
40,36,DL,0,0,0,0
40,36,UL,0,0,0,0
40,37,DL,0,0,0,0
40,37,UL,0,0,0,0
40,38,DL,0,0,0,0
40,38,UL,0,0,0,0
40,39,DL,0,0,0,0
40,39,UL,0,0,0,0
40,40,DL,0,0,0,0
40,40,UL,0,0,0,0
40,41,DL,0,0,0,0
40,41,UL,0,0,0,0
40,42,DL,0,0,0,0
40,42,UL,0,0,0,0
40,43,DL,0,0,0,0
40,43,UL,0,0,0,0
40,44,DL,0,0,0,0
40,44,UL,0,0,0,0
40,45,DL,0,0,0,0
40,45,UL,0,0,0,0
40,46,DL,0,0,0,0
40,46,UL,0,0,0,0
40,47,DL,0,0,0,0
40,47,UL,0,0,0,0
40,48,DL,0,0,0,0
40,48,UL,0,0,0,0
40,49,DL,0,0,0,0
40,49,UL,0,0,0,0
40,50,DL,0,0,0,0
40,50,UL,0,0,0,0
40,51,DL,0,0,0,0
40,51,UL,0,0,0,0
40,52,DL,0,0,0,0
40,52,UL,0,0,0,0
40,53,DL,0,0,0,0
40,53,UL,0,0,0,0
40,54,DL,0,0,0,0
40,54,UL,0,0,0,0
40,55,DL,0,0,0,0
40,55,UL,0,0,0,0
40,56,DL,0,0,0,0
40,56,UL,0,0,0,0
40,57,DL,0,0,0,0
40,57,UL,0,0,0,0
40,58,DL,0,0,0,0
40,58,UL,0,0,0,0
40,59,DL,0,0,0,0
40,59,UL,0,0,0,0
40,60,DL,0,0,0,0
40,60,UL,0,0,0,0
40,61,DL,0,0,0,0
40,61,UL,0,0,0,0
40,62,DL,0,0,0,0
40,62,UL,0,0,0,0
40,63,DL,0,0,0,0
40,63,UL,0,0,0,0
40,64,DL,0,0,0,0
40,64,UL,0,0,0,0
40,65,DL,0,0,0,0
40,65,UL,0,0,0,0
40,66,DL,0,0,0,0
40,66,UL,0,0,0,0
40,67,DL,0,0,0,0
40,67,UL,0,0,0,0
40,68,DL,0,0,0,0
40,68,UL,0,0,0,0
40,69,DL,0,0,0,0
40,69,UL,0,0,0,0
40,70,DL,0,0,0,0
40,70,UL,0,0,0,0
40,71,DL,0,0,0,0
40,71,UL,0,0,0,0
40,72,DL,0,0,0,0
40,72,UL,0,0,0,0
40,73,DL,0,0,0,0
40,73,UL,0,0,0,0
40,74,DL,0,0,0,0
40,74,UL,0,0,0,0
40,75,DL,0,0,0,0
40,75,UL,0,0,0,0
40,76,DL,0,0,0,0
40,76,UL,0,0,0,0
40,77,DL,0,0,0,0
40,77,UL,0,0,0,0
40,78,DL,0,0,0,0
40,78,UL,0,0,0,0
40,79,DL,0,0,0,0
40,79,UL,0,0,0,0
40,80,DL,0,0,0,0
40,80,UL,0,0,0,0
40,81,DL,0,0,0,0
40,81,UL,0,0,0,0
40,82,DL,0,0,0,0
40,82,UL,0,0,0,0
40,83,DL,0,0,0,0
40,83,UL,0,0,0,0
40,84,DL,0,0,0,0
40,84,UL,0,0,0,0
40,85,DL,0,0,0,0
40,85,UL,0,0,0,0
40,86,DL,0,0,0,0
40,86,UL,0,0,0,0
40,87,DL,0,0,0,0
40,87,UL,0,0,0,0
40,88,DL,0,0,0,0
40,88,UL,0,0,0,0
40,89,DL,0,0,0,0
40,89,UL,0,0,0,0
40,90,DL,0,0,0,0
40,90,UL,0,0,0,0
40,91,DL,0,0,0,0
40,91,UL,0.247032,0,0.244141,100
40,92,DL,0,0,0,0
40,92,UL,0,0,0,0
40,93,DL,0,0,0,0
40,93,UL,0,0,0,0
40,94,DL,0,0,0,0
40,94,UL,0,0,0,0
40,95,DL,0,0,0,0
40,95,UL,0,0,0,0
40,96,DL,0,0,0,0
40,96,UL,0,0,0,0
40,97,DL,0,0,0,0
40,97,UL,0,0,0,0
40,98,DL,0,0,0,0
40,98,UL,0,0,0,0
40,99,DL,0,0,0,0
40,99,UL,0,0,0,0
40,100,DL,0,0,0,0
40,100,UL,0,0,0,0
40,101,DL,0,0,0,0
40,101,UL,0,0,0,0
40,102,DL,0,0,0,0
40,102,UL,0,0,0,0
40,103,DL,0,0,0,0
40,103,UL,0,0,0,0
40,104,DL,9.85817,2.33591,0.119625,2.5
40,104,UL,0,0,0,0
40,105,DL,0,0,0,0
40,105,UL,0,0,0,0
40,106,DL,0,0,0,0
40,106,UL,0,0,0,0
40,107,DL,0,0,0,0
40,107,UL,0,0,0,0
40,108,DL,0,0,0,0
40,108,UL,0,0,0,0
40,109,DL,0,0,0,0
40,109,UL,0,0,0,0
40,110,DL,0,0,0,0
40,110,UL,0,0,0,0
40,111,DL,0,0,0,0
40,111,UL,0,0,0,0
40,112,DL,0,0,0,0
40,112,UL,0,0,0,0
40,113,DL,0,0,0,0
40,113,UL,0,0,0,0
40,114,DL,0,0,0,0
40,114,UL,0,0,0,0
42,0,DL,0,0,0,0
42,0,UL,0,0,0,0
42,1,DL,0,0,0,0
42,1,UL,0,0,0,0
42,2,DL,0,0,0,0
42,2,UL,0,0,0,0
42,3,DL,0,0,0,0
42,3,UL,0,0,0,0
42,4,DL,0,0,0,0
42,4,UL,0,0,0,0
42,5,DL,0,0,0,0
42,5,UL,0,0,0,0
42,6,DL,0,0,0,0
42,6,UL,0,0,0,0
42,7,DL,0,0,0,0
42,7,UL,0,0,0,0
42,8,DL,0,0,0,0
42,8,UL,0,0,0,0
42,9,DL,0,0,0,0
42,9,UL,0,0,0,0
42,10,DL,0,0,0,0
42,10,UL,0,0,0,0
42,11,DL,0,0,0,0
42,11,UL,0,0,0,0
42,12,DL,3.98117,0.0488686,0.597008,12.5
42,12,UL,0,0,0,0
42,13,DL,0,0,0,0
42,13,UL,0,0,0,0
42,14,DL,0,0,0,0
42,14,UL,0,0,0,0
42,15,DL,0,0,0,0
42,15,UL,0,0,0,0
42,16,DL,0,0,0,0
42,16,UL,0,0,0,0
42,17,DL,0.0325354,0.010146,0.199276,4.20168
42,17,UL,0,0,0,0
42,18,DL,0,0,0,0
42,18,UL,0,0,0,0
42,19,DL,0,0,0,0
42,19,UL,0,0,0,0
42,20,DL,0,0,0,0
42,20,UL,0,0,0,0
42,21,DL,0,0,0,0
42,21,UL,0,0,0,0
42,22,DL,0,0,0,0
42,22,UL,0,0,0,0
42,23,DL,0,0,0,0
42,23,UL,0,0,0,0
42,24,DL,0,0,0,0
42,24,UL,0,0,0,0
42,25,DL,0,0,0,0
42,25,UL,0,0,0,0
42,26,DL,0,0,0,0
42,26,UL,0,0,0,0
42,27,DL,0,0,0,0
42,27,UL,0,0,0,0
42,28,DL,0,0,0,0
42,28,UL,0,0,0,0
42,29,DL,0,0,0,0
42,29,UL,0,0,0,0
42,30,DL,0,0,0,0
42,30,UL,0,0,0,0
42,31,DL,0,0,0,0
42,31,UL,0,0,0,0
42,32,DL,0,0,0,0
42,32,UL,0,0,0,0
42,33,DL,0,0,0,0
42,33,UL,0,0,0,0
42,34,DL,0,0,0,0
42,34,UL,0,0,0,0
42,35,DL,0,0,0,0
42,35,UL,0,0,0,0
42,36,DL,0,0,0,0
42,36,UL,0,0,0,0
42,37,DL,0,0,0,0
42,37,UL,0,0,0,0
42,38,DL,0,0,0,0
42,38,UL,0,0,0,0
42,39,DL,0,0,0,0
42,39,UL,0,0,0,0
42,40,DL,0,0,0,0
42,40,UL,0,0,0,0
42,41,DL,0,0,0,0
42,41,UL,0,0,0,0
42,42,DL,0,0,0,0
42,42,UL,0,0,0,0
42,43,DL,0,0,0,0
42,43,UL,0,0,0,0
42,44,DL,0,0,0,0
42,44,UL,0,0,0,0
42,45,DL,0,0,0,0
42,45,UL,0,0,0,0
42,46,DL,0,0,0,0
42,46,UL,0,0,0,0
42,47,DL,0,0,0,0
42,47,UL,0,0,0,0
42,48,DL,0,0,0,0
42,48,UL,0,0,0,0
42,49,DL,0,0,0,0
42,49,UL,0,0,0,0
42,50,DL,0,0,0,0
42,50,UL,0,0,0,0
42,51,DL,0,0,0,0
42,51,UL,0,0,0,0
42,52,DL,0,0,0,0
42,52,UL,0.00620485,0.000183997,0.12207,50
42,53,DL,0,0,0,0
42,53,UL,0,0,0,0
42,54,DL,0,0,0,0
42,54,UL,0,0,0,0
42,55,DL,0,0,0,0
42,55,UL,0,0,0,0
42,56,DL,0,0,0,0
42,56,UL,0,0,0,0
42,57,DL,0,0,0,0
42,57,UL,0,0,0,0
42,58,DL,0,0,0,0
42,58,UL,0,0,0,0
42,59,DL,0,0,0,0
42,59,UL,0,0,0,0
42,60,DL,0,0,0,0
42,60,UL,0,0,0,0
42,61,DL,0,0,0,0
42,61,UL,0,0,0,0
42,62,DL,0,0,0,0
42,62,UL,0,0,0,0
42,63,DL,0,0,0,0
42,63,UL,0,0,0,0
42,64,DL,0,0,0,0
42,64,UL,0,0,0,0
42,65,DL,0,0,0,0
42,65,UL,0,0,0,0
42,66,DL,0,0,0,0
42,66,UL,0,0,0,0
42,67,DL,0,0,0,0
42,67,UL,0,0,0,0
42,68,DL,0,0,0,0
42,68,UL,0,0,0,0
42,69,DL,0,0,0,0
42,69,UL,0,0,0,0
42,70,DL,0,0,0,0
42,70,UL,0,0,0,0
42,71,DL,0,0,0,0
42,71,UL,0,0,0,0
42,72,DL,0,0,0,0
42,72,UL,0,0,0,0
42,73,DL,0,0,0,0
42,73,UL,0,0,0,0
42,74,DL,0,0,0,0
42,74,UL,0,0,0,0
42,75,DL,0,0,0,0
42,75,UL,0,0,0,0
42,76,DL,0,0,0,0
42,76,UL,0,0,0,0
42,77,DL,0,0,0,0
42,77,UL,0,0,0,0
42,78,DL,0,0,0,0
42,78,UL,0,0,0,0
42,79,DL,0,0,0,0
42,79,UL,0,0,0,0
42,80,DL,0,0,0,0
42,80,UL,0,0,0,0
42,81,DL,0,0,0,0
42,81,UL,0,0,0,0
42,82,DL,0,0,0,0
42,82,UL,0,0,0,0
42,83,DL,0,0,0,0
42,83,UL,0,0,0,0
42,84,DL,0,0,0,0
42,84,UL,0,0,0,0
42,85,DL,0,0,0,0
42,85,UL,0,0,0,0
42,86,DL,0,0,0,0
42,86,UL,0,0,0,0
42,87,DL,0,0,0,0
42,87,UL,0,0,0,0
42,88,DL,0,0,0,0
42,88,UL,0,0,0,0
42,89,DL,0,0,0,0
42,89,UL,0,0,0,0
42,90,DL,0,0,0,0
42,90,UL,0,0,0,0
42,91,DL,0,0,0,0
42,91,UL,0.247032,0,0.244141,100
42,92,DL,0,0,0,0
42,92,UL,0,0,0,0
42,93,DL,0,0,0,0
42,93,UL,0,0,0,0
42,94,DL,0,0,0,0
42,94,UL,0,0,0,0
42,95,DL,0,0,0,0
42,95,UL,0,0,0,0
42,96,DL,0,0,0,0
42,96,UL,0,0,0,0
42,97,DL,0,0,0,0
42,97,UL,0,0,0,0
42,98,DL,0,0,0,0
42,98,UL,0,0,0,0
42,99,DL,0,0,0,0
42,99,UL,0,0,0,0
42,100,DL,0,0,0,0
42,100,UL,0,0,0,0
42,101,DL,0,0,0,0
42,101,UL,0,0,0,0
42,102,DL,0,0,0,0
42,102,UL,0,0,0,0
42,103,DL,0,0,0,0
42,103,UL,0,0,0,0
42,104,DL,0,0,0,0
42,104,UL,0,0,0,0
42,105,DL,0,0,0,0
42,105,UL,0,0,0,0
42,106,DL,0,0,0,0
42,106,UL,0,0,0,0
42,107,DL,0,0,0,0
42,107,UL,0,0,0,0
42,108,DL,0,0,0,0
42,108,UL,0,0,0,0
42,109,DL,0,0,0,0
42,109,UL,0,0,0,0
42,110,DL,0,0,0,0
42,110,UL,0,0,0,0
42,111,DL,0,0,0,0
42,111,UL,0,0,0,0
42,112,DL,0,0,0,0
42,112,UL,0,0,0,0
42,113,DL,0,0,0,0
42,113,UL,0,0,0,0
42,114,DL,0,0,0,0
42,114,UL,0,0,0,0
44,0,DL,0,0,0,0
44,0,UL,0,0,0,0
44,1,DL,0,0,0,0
44,1,UL,0,0,0,0
44,2,DL,0,0,0,0
44,2,UL,0,0,0,0
44,3,DL,0,0,0,0
44,3,UL,0,0,0,0
44,4,DL,0,0,0,0
44,4,UL,0,0,0,0
44,5,DL,0,0,0,0
44,5,UL,0,0,0,0
44,6,DL,0,0,0,0
44,6,UL,0,0,0,0
44,7,DL,0,0,0,0
44,7,UL,0,0,0,0
44,8,DL,0,0,0,0
44,8,UL,0,0,0,0
44,9,DL,0,0,0,0
44,9,UL,0,0,0,0
44,10,DL,0,0,0,0
44,10,UL,0,0,0,0
44,11,DL,0,0,0,0
44,11,UL,0,0,0,0
44,12,DL,4.47634,0.0517887,0.159401,3.36134
44,12,UL,0,0,0,0
44,13,DL,0,0,0,0
44,13,UL,0,0,0,0
44,14,DL,0,0,0,0
44,14,UL,0,0,0,0
44,15,DL,0,0,0,0
44,15,UL,0,0,0,0
44,16,DL,0,0,0,0
44,16,UL,0,0,0,0
44,17,DL,0,0,0,0
44,17,UL,0,0,0,0
44,18,DL,0,0,0,0
44,18,UL,0,0,0,0
44,19,DL,0,0,0,0
44,19,UL,0,0,0,0
44,20,DL,0,0,0,0
44,20,UL,0,0,0,0
44,21,DL,3.03409,0.0735299,0.278755,5.83333
44,21,UL,0,0,0,0
44,22,DL,0,0,0,0
44,22,UL,0,0,0,0
44,23,DL,0,0,0,0
44,23,UL,0,0,0,0
44,24,DL,0,0,0,0
44,24,UL,0,0,0,0
44,25,DL,0,0,0,0
44,25,UL,0,0,0,0
44,26,DL,0,0,0,0
44,26,UL,0,0,0,0
44,27,DL,0,0,0,0
44,27,UL,0,0,0,0
44,28,DL,0,0,0,0
44,28,UL,0,0,0,0
44,29,DL,0,0,0,0
44,29,UL,0,0,0,0
44,30,DL,0,0,0,0
44,30,UL,0,0,0,0
44,31,DL,0,0,0,0
44,31,UL,0,0,0,0
44,32,DL,0,0,0,0
44,32,UL,0,0,0,0
44,33,DL,0,0,0,0
44,33,UL,0,0,0,0
44,34,DL,0,0,0,0
44,34,UL,0,0,0,0
44,35,DL,0,0,0,0
44,35,UL,0,0,0,0
44,36,DL,0,0,0,0
44,36,UL,0,0,0,0
44,37,DL,0,0,0,0
44,37,UL,0,0,0,0
44,38,DL,0,0,0,0
44,38,UL,0,0,0,0
44,39,DL,0,0,0,0
44,39,UL,0,0,0,0
44,40,DL,0,0,0,0
44,40,UL,0,0,0,0
44,41,DL,0,0,0,0
44,41,UL,0,0,0,0
44,42,DL,0,0,0,0
44,42,UL,0,0,0,0
44,43,DL,0,0,0,0
44,43,UL,0,0,0,0
44,44,DL,0,0,0,0
44,44,UL,0,0,0,0
44,45,DL,0,0,0,0
44,45,UL,0,0,0,0
44,46,DL,0,0,0,0
44,46,UL,0,0,0,0
44,47,DL,0,0,0,0
44,47,UL,0,0,0,0
44,48,DL,0,0,0,0
44,48,UL,0,0,0,0
44,49,DL,0,0,0,0
44,49,UL,0,0,0,0
44,50,DL,0,0,0,0
44,50,UL,0,0,0,0
44,51,DL,0,0,0,0
44,51,UL,0,0,0,0
44,52,DL,0,0,0,0
44,52,UL,0,0,0,0
44,53,DL,0,0,0,0
44,53,UL,0,0,0,0
44,54,DL,0,0,0,0
44,54,UL,0,0,0,0
44,55,DL,0,0,0,0
44,55,UL,0,0,0,0
44,56,DL,5.3568,0.058426,0.318439,6.77966
44,56,UL,0,0,0,0
44,57,DL,0,0,0,0
44,57,UL,0,0,0,0
44,58,DL,0,0,0,0
44,58,UL,0,0,0,0
44,59,DL,0,0,0,0
44,59,UL,0,0,0,0
44,60,DL,0,0,0,0
44,60,UL,0,0,0,0
44,61,DL,0,0,0,0
44,61,UL,0,0,0,0
44,62,DL,0,0,0,0
44,62,UL,0,0,0,0
44,63,DL,0,0,0,0
44,63,UL,0,0,0,0
44,64,DL,0,0,0,0
44,64,UL,0,0,0,0
44,65,DL,0,0,0,0
44,65,UL,0,0,0,0
44,66,DL,0,0,0,0
44,66,UL,0,0,0,0
44,67,DL,0,0,0,0
44,67,UL,0,0,0,0
44,68,DL,0,0,0,0
44,68,UL,0,0,0,0
44,69,DL,0,0,0,0
44,69,UL,0,0,0,0
44,70,DL,0,0,0,0
44,70,UL,0,0,0,0
44,71,DL,0,0,0,0
44,71,UL,0,0,0,0
44,72,DL,0,0,0,0
44,72,UL,0,0,0,0
44,73,DL,0,0,0,0
44,73,UL,0,0,0,0
44,74,DL,0,0,0,0
44,74,UL,0,0,0,0
44,75,DL,0,0,0,0
44,75,UL,0,0,0,0
44,76,DL,0,0,0,0
44,76,UL,0,0,0,0
44,77,DL,0,0,0,0
44,77,UL,0,0,0,0
44,78,DL,0,0,0,0
44,78,UL,0,0,0,0
44,79,DL,0,0,0,0
44,79,UL,0,0,0,0
44,80,DL,0,0,0,0
44,80,UL,0,0,0,0
44,81,DL,0,0,0,0
44,81,UL,0,0,0,0
44,82,DL,0,0,0,0
44,82,UL,0,0,0,0
44,83,DL,0,0,0,0
44,83,UL,0,0,0,0
44,84,DL,0,0,0,0
44,84,UL,0,0,0,0
44,85,DL,0,0,0,0
44,85,UL,0,0,0,0
44,86,DL,0,0,0,0
44,86,UL,0,0,0,0
44,87,DL,0,0,0,0
44,87,UL,0,0,0,0
44,88,DL,0,0,0,0
44,88,UL,0,0,0,0
44,89,DL,0,0,0,0
44,89,UL,0,0,0,0
44,90,DL,0,0,0,0
44,90,UL,0,0,0,0
44,91,DL,0,0,0,0
44,91,UL,0.247032,0,0.244141,100
44,92,DL,0,0,0,0
44,92,UL,0,0,0,0
44,93,DL,0,0,0,0
44,93,UL,0,0,0,0
44,94,DL,0,0,0,0
44,94,UL,0,0,0,0
44,95,DL,0,0,0,0
44,95,UL,0,0,0,0
44,96,DL,0,0,0,0
44,96,UL,0,0,0,0
44,97,DL,0,0,0,0
44,97,UL,0,0,0,0
44,98,DL,0,0,0,0
44,98,UL,0,0,0,0
44,99,DL,0,0,0,0
44,99,UL,0,0,0,0
44,100,DL,0,0,0,0
44,100,UL,0,0,0,0
44,101,DL,0,0,0,0
44,101,UL,0,0,0,0
44,102,DL,0,0,0,0
44,102,UL,0,0,0,0
44,103,DL,0,0,0,0
44,103,UL,0,0,0,0
44,104,DL,0,0,0,0
44,104,UL,0,0,0,0
44,105,DL,0,0,0,0
44,105,UL,0,0,0,0
44,106,DL,0,0,0,0
44,106,UL,0,0,0,0
44,107,DL,0,0,0,0
44,107,UL,0,0,0,0
44,108,DL,0,0,0,0
44,108,UL,0,0,0,0
44,109,DL,0,0,0,0
44,109,UL,0,0,0,0
44,110,DL,0,0,0,0
44,110,UL,0,0,0,0
44,111,DL,0,0,0,0
44,111,UL,0,0,0,0
44,112,DL,0,0,0,0
44,112,UL,0,0,0,0
44,113,DL,0,0,0,0
44,113,UL,0,0,0,0
44,114,DL,0,0,0,0
44,114,UL,0,0,0,0
46,0,DL,0,0,0,0
46,0,UL,0,0,0,0
46,1,DL,1.92902,0,0.0398026,0.833333
46,1,UL,0,0,0,0
46,2,DL,0,0,0,0
46,2,UL,0,0,0,0
46,3,DL,0,0,0,0
46,3,UL,0,0,0,0
46,4,DL,0,0,0,0
46,4,UL,0,0,0,0
46,5,DL,0,0,0,0
46,5,UL,0,0,0,0
46,6,DL,0,0,0,0
46,6,UL,0,0,0,0
46,7,DL,0,0,0,0
46,7,UL,0,0,0,0
46,8,DL,0,0,0,0
46,8,UL,0,0,0,0
46,9,DL,0,0,0,0
46,9,UL,0,0,0,0
46,10,DL,0,0,0,0
46,10,UL,0,0,0,0
46,11,DL,0,0,0,0
46,11,UL,0,0,0,0
46,12,DL,0,0,0,0
46,12,UL,0,0,0,0
46,13,DL,0,0,0,0
46,13,UL,0,0,0,0
46,14,DL,0,0,0,0
46,14,UL,0,0,0,0
46,15,DL,0,0,0,0
46,15,UL,0,0,0,0
46,16,DL,0,0,0,0
46,16,UL,0,0,0,0
46,17,DL,0,0,0,0
46,17,UL,0,0,0,0
46,18,DL,0,0,0,0
46,18,UL,0,0,0,0
46,19,DL,0,0,0,0
46,19,UL,0,0,0,0
46,20,DL,0,0,0,0
46,20,UL,0,0,0,0
46,21,DL,0,0,0,0
46,21,UL,0,0,0,0
46,22,DL,0,0,0,0
46,22,UL,0,0,0,0
46,23,DL,0,0,0,0
46,23,UL,0,0,0,0
46,24,DL,0,0,0,0
46,24,UL,0,0,0,0
46,25,DL,0,0,0,0
46,25,UL,0,0,0,0
46,26,DL,0,0,0,0
46,26,UL,0,0,0,0
46,27,DL,0,0,0,0
46,27,UL,0,0,0,0
46,28,DL,0,0,0,0
46,28,UL,0,0,0,0
46,29,DL,5.6932,0.025703,0.318703,6.61157
46,29,UL,0,0,0,0
46,30,DL,0,0,0,0
46,30,UL,0,0,0,0
46,31,DL,0,0,0,0
46,31,UL,0,0,0,0
46,32,DL,0,0,0,0
46,32,UL,0,0,0,0
46,33,DL,0,0,0,0
46,33,UL,0,0,0,0
46,34,DL,0,0,0,0
46,34,UL,0,0,0,0
46,35,DL,0,0,0,0
46,35,UL,0,0,0,0
46,36,DL,0,0,0,0
46,36,UL,0,0,0,0
46,37,DL,0,0,0,0
46,37,UL,0,0,0,0
46,38,DL,0,0,0,0
46,38,UL,0,0,0,0
46,39,DL,0,0,0,0
46,39,UL,0,0,0,0
46,40,DL,0,0,0,0
46,40,UL,0,0,0,0
46,41,DL,0,0,0,0
46,41,UL,0,0,0,0
46,42,DL,0,0,0,0
46,42,UL,0,0,0,0
46,43,DL,0,0,0,0
46,43,UL,0,0,0,0
46,44,DL,0,0,0,0
46,44,UL,0,0,0,0
46,45,DL,0,0,0,0
46,45,UL,0,0,0,0
46,46,DL,0,0,0,0
46,46,UL,0,0,0,0
46,47,DL,0,0,0,0
46,47,UL,0,0,0,0
46,48,DL,0,0,0,0
46,48,UL,0,0,0,0
46,49,DL,0,0,0,0
46,49,UL,0,0,0,0
46,50,DL,0,0,0,0
46,50,UL,0,0,0,0
46,51,DL,0,0,0,0
46,51,UL,0,0,0,0
46,52,DL,0,0,0,0
46,52,UL,0,0,0,0
46,53,DL,0,0,0,0
46,53,UL,0,0,0,0
46,54,DL,0,0,0,0
46,54,UL,0,0,0,0
46,55,DL,0,0,0,0
46,55,UL,0,0,0,0
46,56,DL,7.08366,0.530985,0.119778,2.5
46,56,UL,0,0,0,0
46,57,DL,0,0,0,0
46,57,UL,0,0,0,0
46,58,DL,0,0,0,0
46,58,UL,0,0,0,0
46,59,DL,0,0,0,0
46,59,UL,0,0,0,0
46,60,DL,0,0,0,0
46,60,UL,0,0,0,0
46,61,DL,0,0,0,0
46,61,UL,0,0,0,0
46,62,DL,0,0,0,0
46,62,UL,0,0,0,0
46,63,DL,0,0,0,0
46,63,UL,0,0,0,0
46,64,DL,2.02932,0.00582825,0.119511,2.5
46,64,UL,0,0,0,0
46,65,DL,0,0,0,0
46,65,UL,0,0,0,0
46,66,DL,0,0,0,0
46,66,UL,0,0,0,0
46,67,DL,0,0,0,0
46,67,UL,0,0,0,0
46,68,DL,0,0,0,0
46,68,UL,0,0,0,0
46,69,DL,0,0,0,0
46,69,UL,0,0,0,0
46,70,DL,0,0,0,0
46,70,UL,0,0,0,0
46,71,DL,0,0,0,0
46,71,UL,0,0,0,0
46,72,DL,0,0,0,0
46,72,UL,0,0,0,0
46,73,DL,0,0,0,0
46,73,UL,0,0,0,0
46,74,DL,0,0,0,0
46,74,UL,0,0,0,0
46,75,DL,0,0,0,0
46,75,UL,0,0,0,0
46,76,DL,0,0,0,0
46,76,UL,0,0,0,0
46,77,DL,0,0,0,0
46,77,UL,0,0,0,0
46,78,DL,0,0,0,0
46,78,UL,0.248668,0.000916956,0.123535,50.6
46,79,DL,0,0,0,0
46,79,UL,0,0,0,0
46,80,DL,0,0,0,0
46,80,UL,0,0,0,0
46,81,DL,0,0,0,0
46,81,UL,0,0,0,0
46,82,DL,0,0,0,0
46,82,UL,0,0,0,0
46,83,DL,0,0,0,0
46,83,UL,0,0,0,0
46,84,DL,0,0,0,0
46,84,UL,0,0,0,0
46,85,DL,0,0,0,0
46,85,UL,0,0,0,0
46,86,DL,0,0,0,0
46,86,UL,0,0,0,0
46,87,DL,0,0,0,0
46,87,UL,0,0,0,0
46,88,DL,0,0,0,0
46,88,UL,0,0,0,0
46,89,DL,0,0,0,0
46,89,UL,0,0,0,0
46,90,DL,0,0,0,0
46,90,UL,0,0,0,0
46,91,DL,0,0,0,0
46,91,UL,0.260585,0.00255221,0.236816,97
46,92,DL,0,0,0,0
46,92,UL,0,0,0,0
46,93,DL,0,0,0,0
46,93,UL,0,0,0,0
46,94,DL,0,0,0,0
46,94,UL,0,0,0,0
46,95,DL,0,0,0,0
46,95,UL,0,0,0,0
46,96,DL,0,0,0,0
46,96,UL,0,0,0,0
46,97,DL,0,0,0,0
46,97,UL,0,0,0,0
46,98,DL,0,0,0,0
46,98,UL,0,0,0,0
46,99,DL,0,0,0,0
46,99,UL,0,0,0,0
46,100,DL,0,0,0,0
46,100,UL,0,0,0,0
46,101,DL,0,0,0,0
46,101,UL,0,0,0,0
46,102,DL,0,0,0,0
46,102,UL,0,0,0,0
46,103,DL,0,0,0,0
46,103,UL,0,0,0,0
46,104,DL,0,0,0,0
46,104,UL,0,0,0,0
46,105,DL,0,0,0,0
46,105,UL,0,0,0,0
46,106,DL,0,0,0,0
46,106,UL,0,0,0,0
46,107,DL,0,0,0,0
46,107,UL,0,0,0,0
46,108,DL,0,0,0,0
46,108,UL,0,0,0,0
46,109,DL,0,0,0,0
46,109,UL,0,0,0,0
46,110,DL,0,0,0,0
46,110,UL,0,0,0,0
46,111,DL,0,0,0,0
46,111,UL,0,0,0,0
46,112,DL,0,0,0,0
46,112,UL,0,0,0,0
46,113,DL,0,0,0,0
46,113,UL,0,0,0,0
46,114,DL,0,0,0,0
46,114,UL,0,0,0,0
48,0,DL,0,0,0,0
48,0,UL,0,0,0,0
48,1,DL,0,0,0,0
48,1,UL,0,0,0,0
48,2,DL,0,0,0,0
48,2,UL,0.00733043,0.000920632,0.123047,50.4
48,3,DL,0,0,0,0
48,3,UL,0,0,0,0
48,4,DL,0,0,0,0
48,4,UL,0,0,0,0
48,5,DL,0,0,0,0
48,5,UL,0,0,0,0
48,6,DL,0,0,0,0
48,6,UL,0,0,0,0
48,7,DL,0,0,0,0
48,7,UL,0,0,0,0
48,8,DL,0,0,0,0
48,8,UL,0,0,0,0
48,9,DL,0,0,0,0
48,9,UL,0,0,0,0
48,10,DL,0,0,0,0
48,10,UL,0,0,0,0
48,11,DL,0,0,0,0
48,11,UL,0,0,0,0
48,12,DL,0,0,0,0
48,12,UL,0,0,0,0
48,13,DL,0,0,0,0
48,13,UL,0,0,0,0
48,14,DL,0,0,0,0
48,14,UL,0,0,0,0
48,15,DL,0,0,0,0
48,15,UL,0,0,0,0
48,16,DL,0,0,0,0
48,16,UL,0,0,0,0
48,17,DL,0,0,0,0
48,17,UL,0,0,0,0
48,18,DL,0,0,0,0
48,18,UL,0,0,0,0
48,19,DL,0,0,0,0
48,19,UL,0,0,0,0
48,20,DL,0,0,0,0
48,20,UL,0,0,0,0
48,21,DL,0,0,0,0
48,21,UL,0,0,0,0
48,22,DL,0,0,0,0
48,22,UL,0,0,0,0
48,23,DL,0,0,0,0
48,23,UL,0,0,0,0
48,24,DL,0,0,0,0
48,24,UL,0,0,0,0
48,25,DL,0,0,0,0
48,25,UL,0,0,0,0
48,26,DL,0,0,0,0
48,26,UL,0,0,0,0
48,27,DL,0,0,0,0
48,27,UL,0,0,0,0
48,28,DL,0,0,0,0
48,28,UL,0,0,0,0
48,29,DL,7.03107,0.15112,0.359077,7.5
48,29,UL,0,0,0,0
48,30,DL,0,0,0,0
48,30,UL,0,0,0,0
48,31,DL,0,0,0,0
48,31,UL,0,0,0,0
48,32,DL,0,0,0,0
48,32,UL,0,0,0,0
48,33,DL,0,0,0,0
48,33,UL,0,0,0,0
48,34,DL,0,0,0,0
48,34,UL,0,0,0,0
48,35,DL,0,0,0,0
48,35,UL,0,0,0,0
48,36,DL,0,0,0,0
48,36,UL,0,0,0,0
48,37,DL,0,0,0,0
48,37,UL,0,0,0,0
48,38,DL,0,0,0,0
48,38,UL,0,0,0,0
48,39,DL,0,0,0,0
48,39,UL,0,0,0,0
48,40,DL,0,0,0,0
48,40,UL,0,0,0,0
48,41,DL,0,0,0,0
48,41,UL,0,0,0,0
48,42,DL,0,0,0,0
48,42,UL,0,0,0,0
48,43,DL,0,0,0,0
48,43,UL,0,0,0,0
48,44,DL,0,0,0,0
48,44,UL,0,0,0,0
48,45,DL,0,0,0,0
48,45,UL,0,0,0,0
48,46,DL,0,0,0,0
48,46,UL,0,0,0,0
48,47,DL,0,0,0,0
48,47,UL,0,0,0,0
48,48,DL,0,0,0,0
48,48,UL,0,0,0,0
48,49,DL,0,0,0,0
48,49,UL,0,0,0,0
48,50,DL,0,0,0,0
48,50,UL,0,0,0,0
48,51,DL,0,0,0,0
48,51,UL,0,0,0,0
48,52,DL,0,0,0,0
48,52,UL,0,0,0,0
48,53,DL,0,0,0,0
48,53,UL,0,0,0,0
48,54,DL,0,0,0,0
48,54,UL,0,0,0,0
48,55,DL,0,0,0,0
48,55,UL,0,0,0,0
48,56,DL,8.72197,0.545308,0.119278,2.47934
48,56,UL,0,0,0,0
48,57,DL,0,0,0,0
48,57,UL,0,0,0,0
48,58,DL,0,0,0,0
48,58,UL,0,0,0,0
48,59,DL,0,0,0,0
48,59,UL,0,0,0,0
48,60,DL,0,0,0,0
48,60,UL,0,0,0,0
48,61,DL,0,0,0,0
48,61,UL,0,0,0,0
48,62,DL,0,0,0,0
48,62,UL,0,0,0,0
48,63,DL,0,0,0,0
48,63,UL,0,0,0,0
48,64,DL,0,0,0,0
48,64,UL,0,0,0,0
48,65,DL,0,0,0,0
48,65,UL,0,0,0,0
48,66,DL,0,0,0,0
48,66,UL,0,0,0,0
48,67,DL,0,0,0,0
48,67,UL,0,0,0,0
48,68,DL,0,0,0,0
48,68,UL,0,0,0,0
48,69,DL,0,0,0,0
48,69,UL,0,0,0,0
48,70,DL,0.0837102,0.314682,0.477543,10
48,70,UL,0,0,0,0
48,71,DL,0,0,0,0
48,71,UL,0,0,0,0
48,72,DL,0,0,0,0
48,72,UL,0,0,0,0
48,73,DL,0,0,0,0
48,73,UL,0,0,0,0
48,74,DL,0,0,0,0
48,74,UL,0,0,0,0
48,75,DL,0,0,0,0
48,75,UL,0,0,0,0
48,76,DL,0,0,0,0
48,76,UL,0,0,0,0
48,77,DL,0,0,0,0
48,77,UL,0,0,0,0
48,78,DL,0,0,0,0
48,78,UL,0,0,0,0
48,79,DL,0,0,0,0
48,79,UL,0,0,0,0
48,80,DL,0,0,0,0
48,80,UL,0,0,0,0
48,81,DL,0,0,0,0
48,81,UL,0,0,0,0
48,82,DL,0,0,0,0
48,82,UL,0,0,0,0
48,83,DL,0,0,0,0
48,83,UL,0,0,0,0
48,84,DL,0,0,0,0
48,84,UL,0,0,0,0
48,85,DL,0,0,0,0
48,85,UL,0,0,0,0
48,86,DL,0,0,0,0
48,86,UL,0,0,0,0
48,87,DL,0,0,0,0
48,87,UL,0,0,0,0
48,88,DL,0,0,0,0
48,88,UL,0,0,0,0
48,89,DL,0,0,0,0
48,89,UL,0,0,0,0
48,90,DL,0,0,0,0
48,90,UL,0,0,0,0
48,91,DL,0,0,0,0
48,91,UL,0.248365,0.002,0.244629,100.2
48,92,DL,0,0,0,0
48,92,UL,0,0,0,0
48,93,DL,0,0,0,0
48,93,UL,0,0,0,0
48,94,DL,0,0,0,0
48,94,UL,0,0,0,0
48,95,DL,0,0,0,0
48,95,UL,0,0,0,0
48,96,DL,0,0,0,0
48,96,UL,0,0,0,0
48,97,DL,0,0,0,0
48,97,UL,0,0,0,0
48,98,DL,0,0,0,0
48,98,UL,0,0,0,0
48,99,DL,0,0,0,0
48,99,UL,0,0,0,0
48,100,DL,0,0,0,0
48,100,UL,0,0,0,0
48,101,DL,0,0,0,0
48,101,UL,0,0,0,0
48,102,DL,0,0,0,0
48,102,UL,0,0,0,0
48,103,DL,0,0,0,0
48,103,UL,0,0,0,0
48,104,DL,0,0,0,0
48,104,UL,0,0,0,0
48,105,DL,0,0,0,0
48,105,UL,0,0,0,0
48,106,DL,0,0,0,0
48,106,UL,0,0,0,0
48,107,DL,0,0,0,0
48,107,UL,0,0,0,0
48,108,DL,0,0,0,0
48,108,UL,0,0,0,0
48,109,DL,0,0,0,0
48,109,UL,0,0,0,0
48,110,DL,0,0,0,0
48,110,UL,0,0,0,0
48,111,DL,0,0,0,0
48,111,UL,0,0,0,0
48,112,DL,0,0,0,0
48,112,UL,0,0,0,0
48,113,DL,0,0,0,0
48,113,UL,0,0,0,0
48,114,DL,0,0,0,0
48,114,UL,0,0,0,0
50,0,DL,0,0,0,0
50,0,UL,0,0,0,0
50,1,DL,0,0,0,0
50,1,UL,0,0,0,0
50,2,DL,0,0,0,0
50,2,UL,0,0,0,0
50,3,DL,0,0,0,0
50,3,UL,0,0,0,0
50,4,DL,0,0,0,0
50,4,UL,0,0,0,0
50,5,DL,0,0,0,0
50,5,UL,0,0,0,0
50,6,DL,0,0,0,0
50,6,UL,0,0,0,0
50,7,DL,0,0,0,0
50,7,UL,0,0,0,0
50,8,DL,0,0,0,0
50,8,UL,0,0,0,0
50,9,DL,2.32958,0.0380468,0.198841,4.16667
50,9,UL,0,0,0,0
50,10,DL,0,0,0,0
50,10,UL,0,0,0,0
50,11,DL,0,0,0,0
50,11,UL,0,0,0,0
50,12,DL,10.3966,2.93095,0.07967,1.66667
50,12,UL,0,0,0,0
50,13,DL,0,0,0,0
50,13,UL,0,0,0,0
50,14,DL,0,0,0,0
50,14,UL,0,0,0,0
50,15,DL,0,0,0,0
50,15,UL,0,0,0,0
50,16,DL,0,0,0,0
50,16,UL,0,0,0,0
50,17,DL,0,0,0,0
50,17,UL,0,0,0,0
50,18,DL,0,0,0,0
50,18,UL,0,0,0,0
50,19,DL,0,0,0,0
50,19,UL,0,0,0,0
50,20,DL,0,0,0,0
50,20,UL,0,0,0,0
50,21,DL,0.927827,0.386688,0.278748,5.83333
50,21,UL,0,0,0,0
50,22,DL,0,0,0,0
50,22,UL,0,0,0,0
50,23,DL,0,0,0,0
50,23,UL,0,0,0,0
50,24,DL,0,0,0,0
50,24,UL,0,0,0,0
50,25,DL,0,0,0,0
50,25,UL,0,0,0,0
50,26,DL,0,0,0,0
50,26,UL,0,0,0,0
50,27,DL,0,0,0,0
50,27,UL,0,0,0,0
50,28,DL,0,0,0,0
50,28,UL,0,0,0,0
50,29,DL,8.145,0.116547,0.438267,9.09091
50,29,UL,0,0,0,0
50,30,DL,0,0,0,0
50,30,UL,0,0,0,0
50,31,DL,0,0,0,0
50,31,UL,0,0,0,0
50,32,DL,0,0,0,0
50,32,UL,0,0,0,0
50,33,DL,0,0,0,0
50,33,UL,0,0,0,0
50,34,DL,0,0,0,0
50,34,UL,0,0,0,0
50,35,DL,0,0,0,0
50,35,UL,0,0,0,0
50,36,DL,0,0,0,0
50,36,UL,0,0,0,0
50,37,DL,0,0,0,0
50,37,UL,0,0,0,0
50,38,DL,0,0,0,0
50,38,UL,0,0,0,0
50,39,DL,0,0,0,0
50,39,UL,0,0,0,0
50,40,DL,0,0,0,0
50,40,UL,0,0,0,0
50,41,DL,0,0,0,0
50,41,UL,0,0,0,0
50,42,DL,0,0,0,0
50,42,UL,0,0,0,0
50,43,DL,0,0,0,0
50,43,UL,0,0,0,0
50,44,DL,0,0,0,0
50,44,UL,0,0,0,0
50,45,DL,0,0,0,0
50,45,UL,0,0,0,0
50,46,DL,0,0,0,0
50,46,UL,0,0,0,0
50,47,DL,0,0,0,0
50,47,UL,0,0,0,0
50,48,DL,0,0,0,0
50,48,UL,0,0,0,0
50,49,DL,0,0,0,0
50,49,UL,0,0,0,0
50,50,DL,0,0,0,0
50,50,UL,0,0,0,0
50,51,DL,0,0,0,0
50,51,UL,0,0,0,0
50,52,DL,0,0,0,0
50,52,UL,0,0,0,0
50,53,DL,0,0,0,0
50,53,UL,0,0,0,0
50,54,DL,0,0,0,0
50,54,UL,0,0,0,0
50,55,DL,0,0,0,0
50,55,UL,0,0,0,0
50,56,DL,0,0,0,0
50,56,UL,0,0,0,0
50,57,DL,0,0,0,0
50,57,UL,0,0,0,0
50,58,DL,0,0,0,0
50,58,UL,0,0,0,0
50,59,DL,0,0,0,0
50,59,UL,0,0,0,0
50,60,DL,0,0,0,0
50,60,UL,0,0,0,0
50,61,DL,0,0,0,0
50,61,UL,0,0,0,0
50,62,DL,0,0,0,0
50,62,UL,0,0,0,0
50,63,DL,0,0,0,0
50,63,UL,0,0,0,0
50,64,DL,0,0,0,0
50,64,UL,0,0,0,0
50,65,DL,0,0,0,0
50,65,UL,0,0,0,0
50,66,DL,0,0,0,0
50,66,UL,0,0,0,0
50,67,DL,0,0,0,0
50,67,UL,0,0,0,0
50,68,DL,0,0,0,0
50,68,UL,0,0,0,0
50,69,DL,0,0,0,0
50,69,UL,0,0,0,0
50,70,DL,0.462125,0.0221552,1.03473,21.4876
50,70,UL,0,0,0,0
50,71,DL,0,0,0,0
50,71,UL,0,0,0,0
50,72,DL,0,0,0,0
50,72,UL,0,0,0,0
50,73,DL,0,0,0,0
50,73,UL,0,0,0,0
50,74,DL,0,0,0,0
50,74,UL,0,0,0,0
50,75,DL,0,0,0,0
50,75,UL,0,0,0,0
50,76,DL,0,0,0,0
50,76,UL,0,0,0,0
50,77,DL,0,0,0,0
50,77,UL,0,0,0,0
50,78,DL,0,0,0,0
50,78,UL,0,0,0,0
50,79,DL,0,0,0,0
50,79,UL,0,0,0,0
50,80,DL,0,0,0,0
50,80,UL,0,0,0,0
50,81,DL,0,0,0,0
50,81,UL,0,0,0,0
50,82,DL,0,0,0,0
50,82,UL,0,0,0,0
50,83,DL,0,0,0,0
50,83,UL,0,0,0,0
50,84,DL,0,0,0,0
50,84,UL,0,0,0,0
50,85,DL,0,0,0,0
50,85,UL,0,0,0,0
50,86,DL,0,0,0,0
50,86,UL,0,0,0,0
50,87,DL,0,0,0,0
50,87,UL,0,0,0,0
50,88,DL,0.859145,0.019661,0.119362,2.5
50,88,UL,0,0,0,0
50,89,DL,0,0,0,0
50,89,UL,0,0,0,0
50,90,DL,0,0,0,0
50,90,UL,0,0,0,0
50,91,DL,0,0,0,0
50,91,UL,0.248182,0.00172799,0.244141,99.8004
50,92,DL,0,0,0,0
50,92,UL,0,0,0,0
50,93,DL,0,0,0,0
50,93,UL,0,0,0,0
50,94,DL,0,0,0,0
50,94,UL,0,0,0,0
50,95,DL,0,0,0,0
50,95,UL,0,0,0,0
50,96,DL,0,0,0,0
50,96,UL,0,0,0,0
50,97,DL,0,0,0,0
50,97,UL,0,0,0,0
50,98,DL,0,0,0,0
50,98,UL,0,0,0,0
50,99,DL,0,0,0,0
50,99,UL,0,0,0,0
50,100,DL,0,0,0,0
50,100,UL,0,0,0,0
50,101,DL,0,0,0,0
50,101,UL,0,0,0,0
50,102,DL,0,0,0,0
50,102,UL,0,0,0,0
50,103,DL,0,0,0,0
50,103,UL,0,0,0,0
50,104,DL,0,0,0,0
50,104,UL,0,0,0,0
50,105,DL,0,0,0,0
50,105,UL,0,0,0,0
50,106,DL,0,0,0,0
50,106,UL,0,0,0,0
50,107,DL,0,0,0,0
50,107,UL,0,0,0,0
50,108,DL,0,0,0,0
50,108,UL,0,0,0,0
50,109,DL,0,0,0,0
50,109,UL,0,0,0,0
50,110,DL,0,0,0,0
50,110,UL,0,0,0,0
50,111,DL,1.65988,0.333631,0.318386,6.66667
50,111,UL,0,0,0,0
50,112,DL,0,0,0,0
50,112,UL,0,0,0,0
50,113,DL,0,0,0,0
50,113,UL,0,0,0,0
50,114,DL,0,0,0,0
50,114,UL,0,0,0,0
52,0,DL,0,0,0,0
52,0,UL,0,0,0,0
52,1,DL,0,0,0,0
52,1,UL,0,0,0,0
52,2,DL,4.97797,0,0.039772,0.826446
52,2,UL,0,0,0,0
52,3,DL,0,0,0,0
52,3,UL,0,0,0,0
52,4,DL,0,0,0,0
52,4,UL,0,0,0,0
52,5,DL,0,0,0,0
52,5,UL,0,0,0,0
52,6,DL,0,0,0,0
52,6,UL,0,0,0,0
52,7,DL,0,0,0,0
52,7,UL,0,0,0,0
52,8,DL,0,0,0,0
52,8,UL,0,0,0,0
52,9,DL,0,0,0,0
52,9,UL,0,0,0,0
52,10,DL,0,0,0,0
52,10,UL,0,0,0,0
52,11,DL,0,0,0,0
52,11,UL,0,0,0,0
52,12,DL,0,0,0,0
52,12,UL,0,0,0,0
52,13,DL,0,0,0,0
52,13,UL,0,0,0,0
52,14,DL,0,0,0,0
52,14,UL,0,0,0,0
52,15,DL,0,0,0,0
52,15,UL,0,0,0,0
52,16,DL,0,0,0,0
52,16,UL,0,0,0,0
52,17,DL,0,0,0,0
52,17,UL,0,0,0,0
52,18,DL,0,0,0,0
52,18,UL,0,0,0,0
52,19,DL,0,0,0,0
52,19,UL,0,0,0,0
52,20,DL,0,0,0,0
52,20,UL,0,0,0,0
52,21,DL,0,0,0,0
52,21,UL,0,0,0,0
52,22,DL,0,0,0,0
52,22,UL,0,0,0,0
52,23,DL,0,0,0,0
52,23,UL,0,0,0,0
52,24,DL,0,0,0,0
52,24,UL,0,0,0,0
52,25,DL,0,0,0,0
52,25,UL,0,0,0,0
52,26,DL,0,0,0,0
52,26,UL,0,0,0,0
52,27,DL,0,0,0,0
52,27,UL,0,0,0,0
52,28,DL,0,0,0,0
52,28,UL,0,0,0,0
52,29,DL,8.36383,0.0257486,0.0399055,0.833333
52,29,UL,0,0,0,0
52,30,DL,0,0,0,0
52,30,UL,0,0,0,0
52,31,DL,0,0,0,0
52,31,UL,0,0,0,0
52,32,DL,0,0,0,0
52,32,UL,0,0,0,0
52,33,DL,0,0,0,0
52,33,UL,0,0,0,0
52,34,DL,0,0,0,0
52,34,UL,0,0,0,0
52,35,DL,0,0,0,0
52,35,UL,0,0,0,0
52,36,DL,0,0,0,0
52,36,UL,0,0,0,0
52,37,DL,0,0,0,0
52,37,UL,0,0,0,0
52,38,DL,0,0,0,0
52,38,UL,0,0,0,0
52,39,DL,0,0,0,0
52,39,UL,0,0,0,0
52,40,DL,0,0,0,0
52,40,UL,0,0,0,0
52,41,DL,0,0,0,0
52,41,UL,0,0,0,0
52,42,DL,0,0,0,0
52,42,UL,0,0,0,0
52,43,DL,0,0,0,0
52,43,UL,0,0,0,0
52,44,DL,0,0,0,0
52,44,UL,0,0,0,0
52,45,DL,0,0,0,0
52,45,UL,0,0,0,0
52,46,DL,0,0,0,0
52,46,UL,0,0,0,0
52,47,DL,0,0,0,0
52,47,UL,0,0,0,0
52,48,DL,0,0,0,0
52,48,UL,0,0,0,0
52,49,DL,0,0,0,0
52,49,UL,0,0,0,0
52,50,DL,0,0,0,0
52,50,UL,0,0,0,0
52,51,DL,0,0,0,0
52,51,UL,0,0,0,0
52,52,DL,0,0,0,0
52,52,UL,0,0,0,0
52,53,DL,0,0,0,0
52,53,UL,0,0,0,0
52,54,DL,0,0,0,0
52,54,UL,0,0,0,0
52,55,DL,0,0,0,0
52,55,UL,0,0,0,0
52,56,DL,0,0,0,0
52,56,UL,0,0,0,0
52,57,DL,0,0,0,0
52,57,UL,0,0,0,0
52,58,DL,0,0,0,0
52,58,UL,0,0,0,0
52,59,DL,0,0,0,0
52,59,UL,0,0,0,0
52,60,DL,0,0,0,0
52,60,UL,0,0,0,0
52,61,DL,0,0,0,0
52,61,UL,0,0,0,0
52,62,DL,0,0,0,0
52,62,UL,0,0,0,0
52,63,DL,0,0,0,0
52,63,UL,0,0,0,0
52,64,DL,0,0,0,0
52,64,UL,0,0,0,0
52,65,DL,0,0,0,0
52,65,UL,0,0,0,0
52,66,DL,0,0,0,0
52,66,UL,0,0,0,0
52,67,DL,0,0,0,0
52,67,UL,0,0,0,0
52,68,DL,0,0,0,0
52,68,UL,0,0,0,0
52,69,DL,0,0,0,0
52,69,UL,0,0,0,0
52,70,DL,2.33772,0.0948981,0.757473,15.8333
52,70,UL,0,0,0,0
52,71,DL,0,0,0,0
52,71,UL,0,0,0,0
52,72,DL,0,0,0,0
52,72,UL,0,0,0,0
52,73,DL,0,0,0,0
52,73,UL,0,0,0,0
52,74,DL,0,0,0,0
52,74,UL,0,0,0,0
52,75,DL,0,0,0,0
52,75,UL,0,0,0,0
52,76,DL,0,0,0,0
52,76,UL,0,0,0,0
52,77,DL,0,0,0,0
52,77,UL,0,0,0,0
52,78,DL,0,0,0,0
52,78,UL,0,0,0,0
52,79,DL,0,0,0,0
52,79,UL,0,0,0,0
52,80,DL,0,0,0,0
52,80,UL,0,0,0,0
52,81,DL,0,0,0,0
52,81,UL,0,0,0,0
52,82,DL,0,0,0,0
52,82,UL,0,0,0,0
52,83,DL,0,0,0,0
52,83,UL,0,0,0,0
52,84,DL,0,0,0,0
52,84,UL,0,0,0,0
52,85,DL,0,0,0,0
52,85,UL,0,0,0,0
52,86,DL,0,0,0,0
52,86,UL,0,0,0,0
52,87,DL,0,0,0,0
52,87,UL,0,0,0,0
52,88,DL,0,0,0,0
52,88,UL,0,0,0,0
52,89,DL,0,0,0,0
52,89,UL,0,0,0,0
52,90,DL,0,0,0,0
52,90,UL,0,0,0,0
52,91,DL,0,0,0,0
52,91,UL,0.247032,0,0.244141,100.2
52,92,DL,0,0,0,0
52,92,UL,0,0,0,0
52,93,DL,0,0,0,0
52,93,UL,0,0,0,0
52,94,DL,0,0,0,0
52,94,UL,0,0,0,0
52,95,DL,0,0,0,0
52,95,UL,0,0,0,0
52,96,DL,0,0,0,0
52,96,UL,0,0,0,0
52,97,DL,0,0,0,0
52,97,UL,0,0,0,0
52,98,DL,0,0,0,0
52,98,UL,0,0,0,0
52,99,DL,0,0,0,0
52,99,UL,0,0,0,0
52,100,DL,0,0,0,0
52,100,UL,0,0,0,0
52,101,DL,0,0,0,0
52,101,UL,0,0,0,0
52,102,DL,0,0,0,0
52,102,UL,0,0,0,0
52,103,DL,0,0,0,0
52,103,UL,0,0,0,0
52,104,DL,0,0,0,0
52,104,UL,0,0,0,0
52,105,DL,0,0,0,0
52,105,UL,0,0,0,0
52,106,DL,0,0,0,0
52,106,UL,0,0,0,0
52,107,DL,0,0,0,0
52,107,UL,0,0,0,0
52,108,DL,0,0,0,0
52,108,UL,0,0,0,0
52,109,DL,0,0,0,0
52,109,UL,0,0,0,0
52,110,DL,0,0,0,0
52,110,UL,0,0,0,0
52,111,DL,0,0,0,0
52,111,UL,0,0,0,0
52,112,DL,0,0,0,0
52,112,UL,0,0,0,0
52,113,DL,0,0,0,0
52,113,UL,0,0,0,0
52,114,DL,0,0,0,0
52,114,UL,0,0,0,0
54,0,DL,0,0,0,0
54,0,UL,0,0,0,0
54,1,DL,0,0,0,0
54,1,UL,0,0,0,0
54,2,DL,6.53606,0.550547,0.119263,2.5
54,2,UL,0,0,0,0
54,3,DL,0,0,0,0
54,3,UL,0,0,0,0
54,4,DL,0,0,0,0
54,4,UL,0,0,0,0
54,5,DL,0,0,0,0
54,5,UL,0,0,0,0
54,6,DL,0,0,0,0
54,6,UL,0,0,0,0
54,7,DL,0,0,0,0
54,7,UL,0,0,0,0
54,8,DL,0,0,0,0
54,8,UL,0,0,0,0
54,9,DL,0,0,0,0
54,9,UL,0,0,0,0
54,10,DL,0,0,0,0
54,10,UL,0,0,0,0
54,11,DL,0,0,0,0
54,11,UL,0,0,0,0
54,12,DL,0,0,0,0
54,12,UL,0,0,0,0
54,13,DL,0,0,0,0
54,13,UL,0,0,0,0
54,14,DL,0,0,0,0
54,14,UL,0,0,0,0
54,15,DL,0,0,0,0
54,15,UL,0,0,0,0
54,16,DL,0,0,0,0
54,16,UL,0,0,0,0
54,17,DL,0,0,0,0
54,17,UL,0,0,0,0
54,18,DL,0,0,0,0
54,18,UL,0,0,0,0
54,19,DL,1.14635,9.83036,0.0395699,0.833333
54,19,UL,0,0,0,0
54,20,DL,0,0,0,0
54,20,UL,0,0,0,0
54,21,DL,0,0,0,0
54,21,UL,0,0,0,0
54,22,DL,0,0,0,0
54,22,UL,0,0,0,0
54,23,DL,0,0,0,0
54,23,UL,0,0,0,0
54,24,DL,0,0,0,0
54,24,UL,0,0,0,0
54,25,DL,0,0,0,0
54,25,UL,0,0,0,0
54,26,DL,0,0,0,0
54,26,UL,0,0,0,0
54,27,DL,0,0,0,0
54,27,UL,0,0,0,0
54,28,DL,0,0,0,0
54,28,UL,0,0,0,0
54,29,DL,0,0,0,0
54,29,UL,0,0,0,0
54,30,DL,0,0,0,0
54,30,UL,0,0,0,0
54,31,DL,0,0,0,0
54,31,UL,0,0,0,0
54,32,DL,0,0,0,0
54,32,UL,0,0,0,0
54,33,DL,0,0,0,0
54,33,UL,0,0,0,0
54,34,DL,0,0,0,0
54,34,UL,0,0,0,0
54,35,DL,0,0,0,0
54,35,UL,0,0,0,0
54,36,DL,0,0,0,0
54,36,UL,0,0,0,0
54,37,DL,0,0,0,0
54,37,UL,0,0,0,0
54,38,DL,0,0,0,0
54,38,UL,0,0,0,0
54,39,DL,0,0,0,0
54,39,UL,0,0,0,0
54,40,DL,0,0,0,0
54,40,UL,0,0,0,0
54,41,DL,0,0,0,0
54,41,UL,0,0,0,0
54,42,DL,0,0,0,0
54,42,UL,0,0,0,0
54,43,DL,0,0,0,0
54,43,UL,0,0,0,0
54,44,DL,0,0,0,0
54,44,UL,0,0,0,0
54,45,DL,0,0,0,0
54,45,UL,0,0,0,0
54,46,DL,0,0,0,0
54,46,UL,0,0,0,0
54,47,DL,0,0,0,0
54,47,UL,0,0,0,0
54,48,DL,0,0,0,0
54,48,UL,0,0,0,0
54,49,DL,0,0,0,0
54,49,UL,0,0,0,0
54,50,DL,0,0,0,0
54,50,UL,0,0,0,0
54,51,DL,0,0,0,0
54,51,UL,0,0,0,0
54,52,DL,0,0,0,0
54,52,UL,0,0,0,0
54,53,DL,0,0,0,0
54,53,UL,0,0,0,0
54,54,DL,0,0,0,0
54,54,UL,0,0,0,0
54,55,DL,0,0,0,0
54,55,UL,0,0,0,0
54,56,DL,0,0,0,0
54,56,UL,0,0,0,0
54,57,DL,0.175861,0.0769205,0.159023,3.33333
54,57,UL,0,0,0,0
54,58,DL,0,0,0,0
54,58,UL,0,0,0,0
54,59,DL,0,0,0,0
54,59,UL,0,0,0,0
54,60,DL,0,0,0,0
54,60,UL,0,0,0,0
54,61,DL,0,0,0,0
54,61,UL,0,0,0,0
54,62,DL,0,0,0,0
54,62,UL,0,0,0,0
54,63,DL,0,0,0,0
54,63,UL,0,0,0,0
54,64,DL,0,0,0,0
54,64,UL,0,0,0,0
54,65,DL,0,0,0,0
54,65,UL,0,0,0,0
54,66,DL,0,0,0,0
54,66,UL,0,0,0,0
54,67,DL,0,0,0,0
54,67,UL,0,0,0,0
54,68,DL,0,0,0,0
54,68,UL,0,0,0,0
54,69,DL,0,0,0,0
54,69,UL,0,0,0,0
54,70,DL,2.91729,0.0252488,1.07485,22.5
54,70,UL,0,0,0,0
54,71,DL,0,0,0,0
54,71,UL,0,0,0,0
54,72,DL,0,0,0,0
54,72,UL,0,0,0,0
54,73,DL,0,0,0,0
54,73,UL,0,0,0,0
54,74,DL,0,0,0,0
54,74,UL,0,0,0,0
54,75,DL,0,0,0,0
54,75,UL,0,0,0,0
54,76,DL,0,0,0,0
54,76,UL,0,0,0,0
54,77,DL,0,0,0,0
54,77,UL,0,0,0,0
54,78,DL,0,0,0,0
54,78,UL,0,0,0,0
54,79,DL,0,0,0,0
54,79,UL,0,0,0,0
54,80,DL,0.121535,0.244834,0.358944,7.56303
54,80,UL,0,0,0,0
54,81,DL,0,0,0,0
54,81,UL,0,0,0,0
54,82,DL,0,0,0,0
54,82,UL,0,0,0,0
54,83,DL,0,0,0,0
54,83,UL,0,0,0,0
54,84,DL,0,0,0,0
54,84,UL,0,0,0,0
54,85,DL,0,0,0,0
54,85,UL,0,0,0,0
54,86,DL,0,0,0,0
54,86,UL,0,0,0,0
54,87,DL,0,0,0,0
54,87,UL,0,0,0,0
54,88,DL,0,0,0,0
54,88,UL,0,0,0,0
54,89,DL,0,0,0,0
54,89,UL,0,0,0,0
54,90,DL,0,0,0,0
54,90,UL,0,0,0,0
54,91,DL,0,0,0,0
54,91,UL,0.247032,0,0.244141,100
54,92,DL,0,0,0,0
54,92,UL,0,0,0,0
54,93,DL,0,0,0,0
54,93,UL,0,0,0,0
54,94,DL,0,0,0,0
54,94,UL,0,0,0,0
54,95,DL,0,0,0,0
54,95,UL,0,0,0,0
54,96,DL,0,0,0,0
54,96,UL,0,0,0,0
54,97,DL,0,0,0,0
54,97,UL,0,0,0,0
54,98,DL,0,0,0,0
54,98,UL,0,0,0,0
54,99,DL,0,0,0,0
54,99,UL,0,0,0,0
54,100,DL,0,0,0,0
54,100,UL,0,0,0,0
54,101,DL,0,0,0,0
54,101,UL,0,0,0,0
54,102,DL,0,0,0,0
54,102,UL,0,0,0,0
54,103,DL,0,0,0,0
54,103,UL,0,0,0,0
54,104,DL,0,0,0,0
54,104,UL,0,0,0,0
54,105,DL,0,0,0,0
54,105,UL,0,0,0,0
54,106,DL,0,0,0,0
54,106,UL,0,0,0,0
54,107,DL,0,0,0,0
54,107,UL,0,0,0,0
54,108,DL,0,0,0,0
54,108,UL,0,0,0,0
54,109,DL,0,0,0,0
54,109,UL,0,0,0,0
54,110,DL,0,0,0,0
54,110,UL,0,0,0,0
54,111,DL,0,0,0,0
54,111,UL,0,0,0,0
54,112,DL,0,0,0,0
54,112,UL,0,0,0,0
54,113,DL,0,0,0,0
54,113,UL,0,0,0,0
54,114,DL,0,0,0,0
54,114,UL,0,0,0,0
56,0,DL,0,0,0,0
56,0,UL,0,0,0,0
56,1,DL,0,0,0,0
56,1,UL,0,0,0,0
56,2,DL,8.26999,0.580452,0.119175,2.47934
56,2,UL,0,0,0,0
56,3,DL,0,0,0,0
56,3,UL,0,0,0,0
56,4,DL,0,0,0,0
56,4,UL,0,0,0,0
56,5,DL,0,0,0,0
56,5,UL,0,0,0,0
56,6,DL,0,0,0,0
56,6,UL,0,0,0,0
56,7,DL,0,0,0,0
56,7,UL,0,0,0,0
56,8,DL,0,0,0,0
56,8,UL,0,0,0,0
56,9,DL,0,0,0,0
56,9,UL,0,0,0,0
56,10,DL,0,0,0,0
56,10,UL,0,0,0,0
56,11,DL,0,0,0,0
56,11,UL,0,0,0,0
56,12,DL,0,0,0,0
56,12,UL,0,0,0,0
56,13,DL,0,0,0,0
56,13,UL,0,0,0,0
56,14,DL,0,0,0,0
56,14,UL,0,0,0,0
56,15,DL,0,0,0,0
56,15,UL,0,0,0,0
56,16,DL,0,0,0,0
56,16,UL,0,0,0,0
56,17,DL,0,0,0,0
56,17,UL,0,0,0,0
56,18,DL,0,0,0,0
56,18,UL,0,0,0,0
56,19,DL,0,0,0,0
56,19,UL,0,0,0,0
56,20,DL,0,0,0,0
56,20,UL,0,0,0,0
56,21,DL,0,0,0,0
56,21,UL,0,0,0,0
56,22,DL,0,0,0,0
56,22,UL,0,0,0,0
56,23,DL,0,0,0,0
56,23,UL,0,0,0,0
56,24,DL,0,0,0,0
56,24,UL,0,0,0,0
56,25,DL,0,0,0,0
56,25,UL,0,0,0,0
56,26,DL,0,0,0,0
56,26,UL,0,0,0,0
56,27,DL,0,0,0,0
56,27,UL,0,0,0,0
56,28,DL,0,0,0,0
56,28,UL,0,0,0,0
56,29,DL,0,0,0,0
56,29,UL,0,0,0,0
56,30,DL,0,0,0,0
56,30,UL,0,0,0,0
56,31,DL,0,0,0,0
56,31,UL,0,0,0,0
56,32,DL,0,0,0,0
56,32,UL,0,0,0,0
56,33,DL,0,0,0,0
56,33,UL,0,0,0,0
56,34,DL,0,0,0,0
56,34,UL,0,0,0,0
56,35,DL,0,0,0,0
56,35,UL,0,0,0,0
56,36,DL,0,0,0,0
56,36,UL,0,0,0,0
56,37,DL,0,0,0,0
56,37,UL,0,0,0,0
56,38,DL,0,0,0,0
56,38,UL,0,0,0,0
56,39,DL,0,0,0,0
56,39,UL,0,0,0,0
56,40,DL,0,0,0,0
56,40,UL,0,0,0,0
56,41,DL,0,0,0,0
56,41,UL,0,0,0,0
56,42,DL,0,0,0,0
56,42,UL,0,0,0,0
56,43,DL,0,0,0,0
56,43,UL,0,0,0,0
56,44,DL,0,0,0,0
56,44,UL,0,0,0,0
56,45,DL,0,0,0,0
56,45,UL,0,0,0,0
56,46,DL,0,0,0,0
56,46,UL,0,0,0,0
56,47,DL,0,0,0,0
56,47,UL,0,0,0,0
56,48,DL,0,0,0,0
56,48,UL,0,0,0,0
56,49,DL,0,0,0,0
56,49,UL,0,0,0,0
56,50,DL,0,0,0,0
56,50,UL,0,0,0,0
56,51,DL,0,0,0,0
56,51,UL,0,0,0,0
56,52,DL,0,0,0,0
56,52,UL,0,0,0,0
56,53,DL,0,0,0,0
56,53,UL,0,0,0,0
56,54,DL,0,0,0,0
56,54,UL,0,0,0,0
56,55,DL,0,0,0,0
56,55,UL,0,0,0,0
56,56,DL,0,0,0,0
56,56,UL,0,0,0,0
56,57,DL,0,0,0,0
56,57,UL,0,0,0,0
56,58,DL,0,0,0,0
56,58,UL,0,0,0,0
56,59,DL,0,0,0,0
56,59,UL,0,0,0,0
56,60,DL,0,0,0,0
56,60,UL,0,0,0,0
56,61,DL,0,0,0,0
56,61,UL,0,0,0,0
56,62,DL,0,0,0,0
56,62,UL,0,0,0,0
56,63,DL,0,0,0,0
56,63,UL,0,0,0,0
56,64,DL,0,0,0,0
56,64,UL,0,0,0,0
56,65,DL,0,0,0,0
56,65,UL,0,0,0,0
56,66,DL,0,0,0,0
56,66,UL,0,0,0,0
56,67,DL,0,0,0,0
56,67,UL,0,0,0,0
56,68,DL,0,0,0,0
56,68,UL,0,0,0,0
56,69,DL,0,0,0,0
56,69,UL,0,0,0,0
56,70,DL,0,0,0,0
56,70,UL,0,0,0,0
56,71,DL,0,0,0,0
56,71,UL,0,0,0,0
56,72,DL,0,0,0,0
56,72,UL,0,0,0,0
56,73,DL,0,0,0,0
56,73,UL,0,0,0,0
56,74,DL,1.66165,0.0358658,0.159393,3.36134
56,74,UL,0,0,0,0
56,75,DL,0,0,0,0
56,75,UL,0,0,0,0
56,76,DL,0,0,0,0
56,76,UL,0,0,0,0
56,77,DL,0,0,0,0
56,77,UL,0,0,0,0
56,78,DL,0,0,0,0
56,78,UL,0,0,0,0
56,79,DL,0,0,0,0
56,79,UL,0,0,0,0
56,80,DL,0,0,0,0
56,80,UL,0,0,0,0
56,81,DL,0,0,0,0
56,81,UL,0,0,0,0
56,82,DL,0,0,0,0
56,82,UL,0,0,0,0
56,83,DL,0,0,0,0
56,83,UL,0,0,0,0
56,84,DL,0,0,0,0
56,84,UL,0,0,0,0
56,85,DL,0,0,0,0
56,85,UL,0,0,0,0
56,86,DL,0,0,0,0
56,86,UL,0,0,0,0
56,87,DL,0,0,0,0
56,87,UL,0,0,0,0
56,88,DL,0,0,0,0
56,88,UL,0,0,0,0
56,89,DL,0,0,0,0
56,89,UL,0,0,0,0
56,90,DL,0,0,0,0
56,90,UL,0,0,0,0
56,91,DL,0,0,0,0
56,91,UL,0.247032,0,0.244141,100
56,92,DL,0,0,0,0
56,92,UL,0,0,0,0
56,93,DL,0,0,0,0
56,93,UL,0,0,0,0
56,94,DL,0,0,0,0
56,94,UL,0,0,0,0
56,95,DL,0,0,0,0
56,95,UL,0,0,0,0
56,96,DL,0,0,0,0
56,96,UL,0,0,0,0
56,97,DL,0,0,0,0
56,97,UL,0,0,0,0
56,98,DL,0,0,0,0
56,98,UL,0,0,0,0
56,99,DL,0,0,0,0
56,99,UL,0,0,0,0
56,100,DL,0,0,0,0
56,100,UL,0,0,0,0
56,101,DL,0,0,0,0
56,101,UL,0,0,0,0
56,102,DL,0,0,0,0
56,102,UL,0,0,0,0
56,103,DL,0,0,0,0
56,103,UL,0,0,0,0
56,104,DL,2.76802,7.12631,0.0396118,0.833333
56,104,UL,0,0,0,0
56,105,DL,0,0,0,0
56,105,UL,0,0,0,0
56,106,DL,0,0,0,0
56,106,UL,0,0,0,0
56,107,DL,0,0,0,0
56,107,UL,0,0,0,0
56,108,DL,0,0,0,0
56,108,UL,0,0,0,0
56,109,DL,0,0,0,0
56,109,UL,0,0,0,0
56,110,DL,0,0,0,0
56,110,UL,0,0,0,0
56,111,DL,0,0,0,0
56,111,UL,0,0,0,0
56,112,DL,0,0,0,0
56,112,UL,0,0,0,0
56,113,DL,0,0,0,0
56,113,UL,0,0,0,0
56,114,DL,0,0,0,0
56,114,UL,0,0,0,0
58,0,DL,0,0,0,0
58,0,UL,0,0,0,0
58,1,DL,0,0,0,0
58,1,UL,0,0,0,0
58,2,DL,0,0,0,0
58,2,UL,0,0,0,0
58,3,DL,0,0,0,0
58,3,UL,0,0,0,0
58,4,DL,0,0,0,0
58,4,UL,0,0,0,0
58,5,DL,0,0,0,0
58,5,UL,0,0,0,0
58,6,DL,0,0,0,0
58,6,UL,0,0,0,0
58,7,DL,0,0,0,0
58,7,UL,0,0,0,0
58,8,DL,0,0,0,0
58,8,UL,0,0,0,0
58,9,DL,0,0,0,0
58,9,UL,0,0,0,0
58,10,DL,0,0,0,0
58,10,UL,0,0,0,0
58,11,DL,0,0,0,0
58,11,UL,0,0,0,0
58,12,DL,0,0,0,0
58,12,UL,0,0,0,0
58,13,DL,0,0,0,0
58,13,UL,0,0,0,0
58,14,DL,0,0,0,0
58,14,UL,0,0,0,0
58,15,DL,0,0,0,0
58,15,UL,0,0,0,0
58,16,DL,0,0,0,0
58,16,UL,0,0,0,0
58,17,DL,0,0,0,0
58,17,UL,0,0,0,0
58,18,DL,0,0,0,0
58,18,UL,0,0,0,0
58,19,DL,0,0,0,0
58,19,UL,0,0,0,0
58,20,DL,0,0,0,0
58,20,UL,0,0,0,0
58,21,DL,0,0,0,0
58,21,UL,0,0,0,0
58,22,DL,0,0,0,0
58,22,UL,0,0,0,0
58,23,DL,0,0,0,0
58,23,UL,0,0,0,0
58,24,DL,0,0,0,0
58,24,UL,0,0,0,0
58,25,DL,0,0,0,0
58,25,UL,0,0,0,0
58,26,DL,0,0,0,0
58,26,UL,0,0,0,0
58,27,DL,0,0,0,0
58,27,UL,0,0,0,0
58,28,DL,0,0,0,0
58,28,UL,0,0,0,0
58,29,DL,0,0,0,0
58,29,UL,0,0,0,0
58,30,DL,0,0,0,0
58,30,UL,0,0,0,0
58,31,DL,0,0,0,0
58,31,UL,0,0,0,0
58,32,DL,0,0,0,0
58,32,UL,0,0,0,0
58,33,DL,0,0,0,0
58,33,UL,0,0,0,0
58,34,DL,0,0,0,0
58,34,UL,0,0,0,0
58,35,DL,0,0,0,0
58,35,UL,0,0,0,0
58,36,DL,0,0,0,0
58,36,UL,0,0,0,0
58,37,DL,0,0,0,0
58,37,UL,0,0,0,0
58,38,DL,0,0,0,0
58,38,UL,0,0,0,0
58,39,DL,0,0,0,0
58,39,UL,0,0,0,0
58,40,DL,0,0,0,0
58,40,UL,0,0,0,0
58,41,DL,0,0,0,0
58,41,UL,0,0,0,0
58,42,DL,0,0,0,0
58,42,UL,0,0,0,0
58,43,DL,0,0,0,0
58,43,UL,0,0,0,0
58,44,DL,0,0,0,0
58,44,UL,0,0,0,0
58,45,DL,0,0,0,0
58,45,UL,0,0,0,0
58,46,DL,0.125455,1.38037,0.198997,4.16667
58,46,UL,0,0,0,0
58,47,DL,0,0,0,0
58,47,UL,0,0,0,0
58,48,DL,0,0,0,0
58,48,UL,0,0,0,0
58,49,DL,0,0,0,0
58,49,UL,0,0,0,0
58,50,DL,0,0,0,0
58,50,UL,0,0,0,0
58,51,DL,0,0,0,0
58,51,UL,0,0,0,0
58,52,DL,0,0,0,0
58,52,UL,0,0,0,0
58,53,DL,0,0,0,0
58,53,UL,0,0,0,0
58,54,DL,0,0,0,0
58,54,UL,0,0,0,0
58,55,DL,0,0,0,0
58,55,UL,0,0,0,0
58,56,DL,0,0,0,0
58,56,UL,0,0,0,0
58,57,DL,0,0,0,0
58,57,UL,0,0,0,0
58,58,DL,0,0,0,0
58,58,UL,0,0,0,0
58,59,DL,0,0,0,0
58,59,UL,0,0,0,0
58,60,DL,0,0,0,0
58,60,UL,0,0,0,0
58,61,DL,0,0,0,0
58,61,UL,0,0,0,0
58,62,DL,0,0,0,0
58,62,UL,0,0,0,0
58,63,DL,0,0,0,0
58,63,UL,0,0,0,0
58,64,DL,0,0,0,0
58,64,UL,0,0,0,0
58,65,DL,0,0,0,0
58,65,UL,0,0,0,0
58,66,DL,0,0,0,0
58,66,UL,0,0,0,0
58,67,DL,0,0,0,0
58,67,UL,0,0,0,0
58,68,DL,0,0,0,0
58,68,UL,0,0,0,0
58,69,DL,0,0,0,0
58,69,UL,0,0,0,0
58,70,DL,5.65325,0.258678,0.717384,15
58,70,UL,0,0,0,0
58,71,DL,0,0,0,0
58,71,UL,0,0,0,0
58,72,DL,0,0,0,0
58,72,UL,0,0,0,0
58,73,DL,0,0,0,0
58,73,UL,0,0,0,0
58,74,DL,0,0,0,0
58,74,UL,0,0,0,0
58,75,DL,0,0,0,0
58,75,UL,0,0,0,0
58,76,DL,0,0,0,0
58,76,UL,0,0,0,0
58,77,DL,0,0,0,0
58,77,UL,0,0,0,0
58,78,DL,0,0,0,0
58,78,UL,0,0,0,0
58,79,DL,0,0,0,0
58,79,UL,0,0,0,0
58,80,DL,0,0,0,0
58,80,UL,0,0,0,0
58,81,DL,0,0,0,0
58,81,UL,0,0,0,0
58,82,DL,0,0,0,0
58,82,UL,0,0,0,0
58,83,DL,0,0,0,0
58,83,UL,0,0,0,0
58,84,DL,0,0,0,0
58,84,UL,0,0,0,0
58,85,DL,0,0,0,0
58,85,UL,0,0,0,0
58,86,DL,0,0,0,0
58,86,UL,0,0,0,0
58,87,DL,0,0,0,0
58,87,UL,0,0,0,0
58,88,DL,0,0,0,0
58,88,UL,0,0,0,0
58,89,DL,0,0,0,0
58,89,UL,0,0,0,0
58,90,DL,0,0,0,0
58,90,UL,0,0,0,0
58,91,DL,0,0,0,0
58,91,UL,0.247032,0,0.244141,100
58,92,DL,0,0,0,0
58,92,UL,0,0,0,0
58,93,DL,0,0,0,0
58,93,UL,0,0,0,0
58,94,DL,0,0,0,0
58,94,UL,0,0,0,0
58,95,DL,0,0,0,0
58,95,UL,0,0,0,0
58,96,DL,0,0,0,0
58,96,UL,0,0,0,0
58,97,DL,0,0,0,0
58,97,UL,0,0,0,0
58,98,DL,0,0,0,0
58,98,UL,0,0,0,0
58,99,DL,0,0,0,0
58,99,UL,0,0,0,0
58,100,DL,0,0,0,0
58,100,UL,0,0,0,0
58,101,DL,0.172309,0.179537,0.160019,3.36134
58,101,UL,0,0,0,0
58,102,DL,0,0,0,0
58,102,UL,0,0,0,0
58,103,DL,0,0,0,0
58,103,UL,0,0,0,0
58,104,DL,2.85696,0.0889455,0.0397682,0.833333
58,104,UL,0,0,0,0
58,105,DL,0,0,0,0
58,105,UL,0,0,0,0
58,106,DL,0,0,0,0
58,106,UL,0,0,0,0
58,107,DL,0,0,0,0
58,107,UL,0,0,0,0
58,108,DL,0,0,0,0
58,108,UL,0,0,0,0
58,109,DL,0,0,0,0
58,109,UL,0,0,0,0
58,110,DL,0,0,0,0
58,110,UL,0,0,0,0
58,111,DL,0,0,0,0
58,111,UL,0,0,0,0
58,112,DL,0,0,0,0
58,112,UL,0,0,0,0
58,113,DL,0,0,0,0
58,113,UL,0,0,0,0
58,114,DL,0,0,0,0
58,114,UL,0,0,0,0
60,0,DL,0,0,0,0
60,0,UL,0,0,0,0
60,1,DL,0,0,0,0
60,1,UL,0,0,0,0
60,2,DL,0,0,0,0
60,2,UL,0,0,0,0
60,3,DL,0,0,0,0
60,3,UL,0,0,0,0
60,4,DL,0,0,0,0
60,4,UL,0,0,0,0
60,5,DL,0,0,0,0
60,5,UL,0,0,0,0
60,6,DL,0,0,0,0
60,6,UL,0,0,0,0
60,7,DL,0,0,0,0
60,7,UL,0,0,0,0
60,8,DL,0,0,0,0
60,8,UL,0,0,0,0
60,9,DL,0,0,0,0
60,9,UL,0,0,0,0
60,10,DL,0,0,0,0
60,10,UL,0,0,0,0
60,11,DL,0,0,0,0
60,11,UL,0,0,0,0
60,12,DL,0,0,0,0
60,12,UL,0,0,0,0
60,13,DL,0,0,0,0
60,13,UL,0,0,0,0
60,14,DL,0,0,0,0
60,14,UL,0,0,0,0
60,15,DL,0,0,0,0
60,15,UL,0,0,0,0
60,16,DL,0,0,0,0
60,16,UL,0,0,0,0
60,17,DL,0,0,0,0
60,17,UL,0,0,0,0
60,18,DL,0,0,0,0
60,18,UL,0,0,0,0
60,19,DL,0,0,0,0
60,19,UL,0,0,0,0
60,20,DL,0,0,0,0
60,20,UL,0,0,0,0
60,21,DL,0,0,0,0
60,21,UL,0,0,0,0
60,22,DL,0,0,0,0
60,22,UL,0,0,0,0
60,23,DL,0,0,0,0
60,23,UL,0,0,0,0
60,24,DL,0,0,0,0
60,24,UL,0,0,0,0
60,25,DL,0,0,0,0
60,25,UL,0,0,0,0
60,26,DL,0,0,0,0
60,26,UL,0,0,0,0
60,27,DL,0,0,0,0
60,27,UL,0,0,0,0
60,28,DL,0,0,0,0
60,28,UL,0,0,0,0
60,29,DL,0,0,0,0
60,29,UL,0,0,0,0
60,30,DL,0,0,0,0
60,30,UL,0,0,0,0
60,31,DL,0,0,0,0
60,31,UL,0,0,0,0
60,32,DL,0,0,0,0
60,32,UL,0,0,0,0
60,33,DL,0,0,0,0
60,33,UL,0,0,0,0
60,34,DL,0,0,0,0
60,34,UL,0,0,0,0
60,35,DL,0,0,0,0
60,35,UL,0,0,0,0
60,36,DL,0,0,0,0
60,36,UL,0,0,0,0
60,37,DL,0,0,0,0
60,37,UL,0,0,0,0
60,38,DL,0,0,0,0
60,38,UL,0,0,0,0
60,39,DL,0,0,0,0
60,39,UL,0,0,0,0
60,40,DL,0,0,0,0
60,40,UL,0,0,0,0
60,41,DL,0,0,0,0
60,41,UL,0,0,0,0
60,42,DL,0,0,0,0
60,42,UL,0,0,0,0
60,43,DL,0,0,0,0
60,43,UL,0,0,0,0
60,44,DL,0,0,0,0
60,44,UL,0,0,0,0
60,45,DL,0,0,0,0
60,45,UL,0,0,0,0
60,46,DL,0.733941,0.0644776,0.558495,11.7647
60,46,UL,0,0,0,0
60,47,DL,0,0,0,0
60,47,UL,0,0,0,0
60,48,DL,0,0,0,0
60,48,UL,0,0,0,0
60,49,DL,0,0,0,0
60,49,UL,0,0,0,0
60,50,DL,0,0,0,0
60,50,UL,0,0,0,0
60,51,DL,0,0,0,0
60,51,UL,0,0,0,0
60,52,DL,0,0,0,0
60,52,UL,0,0,0,0
60,53,DL,0,0,0,0
60,53,UL,0,0,0,0
60,54,DL,0,0,0,0
60,54,UL,0,0,0,0
60,55,DL,0,0,0,0
60,55,UL,0,0,0,0
60,56,DL,0,0,0,0
60,56,UL,0,0,0,0
60,57,DL,0,0,0,0
60,57,UL,0,0,0,0
60,58,DL,0,0,0,0
60,58,UL,0,0,0,0
60,59,DL,0,0,0,0
60,59,UL,0.00620485,0.000183997,0.12207,50
60,60,DL,0,0,0,0
60,60,UL,0,0,0,0
60,61,DL,0,0,0,0
60,61,UL,0,0,0,0
60,62,DL,0,0,0,0
60,62,UL,0,0,0,0
60,63,DL,0,0,0,0
60,63,UL,0,0,0,0
60,64,DL,0,0,0,0
60,64,UL,0,0,0,0
60,65,DL,0,0,0,0
60,65,UL,0,0,0,0
60,66,DL,0,0,0,0
60,66,UL,0,0,0,0
60,67,DL,0,0,0,0
60,67,UL,0,0,0,0
60,68,DL,0,0,0,0
60,68,UL,0,0,0,0
60,69,DL,0,0,0,0
60,69,UL,0,0,0,0
60,70,DL,0,0,0,0
60,70,UL,0,0,0,0
60,71,DL,0,0,0,0
60,71,UL,0,0,0,0
60,72,DL,0,0,0,0
60,72,UL,0,0,0,0
60,73,DL,0,0,0,0
60,73,UL,0,0,0,0
60,74,DL,0,0,0,0
60,74,UL,0,0,0,0
60,75,DL,0,0,0,0
60,75,UL,0,0,0,0
60,76,DL,0,0,0,0
60,76,UL,0,0,0,0
60,77,DL,0,0,0,0
60,77,UL,0,0,0,0
60,78,DL,0,0,0,0
60,78,UL,0,0,0,0
60,79,DL,0,0,0,0
60,79,UL,0,0,0,0
60,80,DL,0,0,0,0
60,80,UL,0,0,0,0
60,81,DL,0,0,0,0
60,81,UL,0,0,0,0
60,82,DL,0,0,0,0
60,82,UL,0,0,0,0
60,83,DL,0,0,0,0
60,83,UL,0,0,0,0
60,84,DL,0,0,0,0
60,84,UL,0,0,0,0
60,85,DL,0,0,0,0
60,85,UL,0,0,0,0
60,86,DL,0,0,0,0
60,86,UL,0,0,0,0
60,87,DL,0,0,0,0
60,87,UL,0,0,0,0
60,88,DL,0,0,0,0
60,88,UL,0,0,0,0
60,89,DL,0,0,0,0
60,89,UL,0,0,0,0
60,90,DL,0,0,0,0
60,90,UL,0,0,0,0
60,91,DL,0,0,0,0
60,91,UL,0.249537,0.000392786,0.243652,99.8
60,92,DL,0,0,0,0
60,92,UL,0,0,0,0
60,93,DL,0,0,0,0
60,93,UL,0,0,0,0
60,94,DL,0,0,0,0
60,94,UL,0,0,0,0
60,95,DL,0,0,0,0
60,95,UL,0,0,0,0
60,96,DL,0,0,0,0
60,96,UL,0,0,0,0
60,97,DL,0,0,0,0
60,97,UL,0,0,0,0
60,98,DL,0,0,0,0
60,98,UL,0,0,0,0
60,99,DL,0,0,0,0
60,99,UL,0,0,0,0
60,100,DL,0,0,0,0
60,100,UL,0,0,0,0
60,101,DL,0,0,0,0
60,101,UL,0,0,0,0
60,102,DL,0,0,0,0
60,102,UL,0,0,0,0
60,103,DL,0,0,0,0
60,103,UL,0,0,0,0
60,104,DL,0,0,0,0
60,104,UL,0,0,0,0
60,105,DL,0,0,0,0
60,105,UL,0,0,0,0
60,106,DL,0,0,0,0
60,106,UL,0,0,0,0
60,107,DL,0,0,0,0
60,107,UL,0,0,0,0
60,108,DL,0,0,0,0
60,108,UL,0,0,0,0
60,109,DL,0,0,0,0
60,109,UL,0,0,0,0
60,110,DL,0,0,0,0
60,110,UL,0,0,0,0
60,111,DL,0,0,0,0
60,111,UL,0,0,0,0
60,112,DL,0,0,0,0
60,112,UL,0,0,0,0
60,113,DL,1.58024,0.138763,0.278816,5.83333
60,113,UL,0,0,0,0
60,114,DL,0,0,0,0
60,114,UL,0,0,0,0
62,0,DL,0,0,0,0
62,0,UL,0,0,0,0
62,1,DL,0,0,0,0
62,1,UL,0,0,0,0
62,2,DL,0,0,0,0
62,2,UL,0,0,0,0
62,3,DL,0,0,0,0
62,3,UL,0,0,0,0
62,4,DL,0,0,0,0
62,4,UL,0,0,0,0
62,5,DL,0,0,0,0
62,5,UL,0,0,0,0
62,6,DL,0,0,0,0
62,6,UL,0,0,0,0
62,7,DL,0,0,0,0
62,7,UL,0,0,0,0
62,8,DL,0,0,0,0
62,8,UL,0,0,0,0
62,9,DL,0,0,0,0
62,9,UL,0,0,0,0
62,10,DL,0,0,0,0
62,10,UL,0,0,0,0
62,11,DL,0,0,0,0
62,11,UL,0,0,0,0
62,12,DL,0,0,0,0
62,12,UL,0,0,0,0
62,13,DL,0,0,0,0
62,13,UL,0,0,0,0
62,14,DL,0,0,0,0
62,14,UL,0,0,0,0
62,15,DL,0,0,0,0
62,15,UL,0,0,0,0
62,16,DL,0,0,0,0
62,16,UL,0,0,0,0
62,17,DL,0,0,0,0
62,17,UL,0,0,0,0
62,18,DL,0,0,0,0
62,18,UL,0,0,0,0
62,19,DL,0,0,0,0
62,19,UL,0,0,0,0
62,20,DL,0,0,0,0
62,20,UL,0,0,0,0
62,21,DL,0,0,0,0
62,21,UL,0,0,0,0
62,22,DL,0,0,0,0
62,22,UL,0,0,0,0
62,23,DL,0,0,0,0
62,23,UL,0,0,0,0
62,24,DL,0,0,0,0
62,24,UL,0,0,0,0
62,25,DL,0,0,0,0
62,25,UL,0,0,0,0
62,26,DL,0,0,0,0
62,26,UL,0,0,0,0
62,27,DL,0,0,0,0
62,27,UL,0,0,0,0
62,28,DL,0,0,0,0
62,28,UL,0,0,0,0
62,29,DL,0,0,0,0
62,29,UL,0,0,0,0
62,30,DL,0,0,0,0
62,30,UL,0,0,0,0
62,31,DL,0,0,0,0
62,31,UL,0,0,0,0
62,32,DL,0,0,0,0
62,32,UL,0,0,0,0
62,33,DL,0,0,0,0
62,33,UL,0,0,0,0
62,34,DL,0,0,0,0
62,34,UL,0,0,0,0
62,35,DL,0,0,0,0
62,35,UL,0,0,0,0
62,36,DL,0,0,0,0
62,36,UL,0,0,0,0
62,37,DL,0,0,0,0
62,37,UL,0,0,0,0
62,38,DL,0,0,0,0
62,38,UL,0,0,0,0
62,39,DL,0,0,0,0
62,39,UL,0,0,0,0
62,40,DL,0,0,0,0
62,40,UL,0,0,0,0
62,41,DL,0,0,0,0
62,41,UL,0,0,0,0
62,42,DL,0,0,0,0
62,42,UL,0,0,0,0
62,43,DL,0,0,0,0
62,43,UL,0,0,0,0
62,44,DL,0,0,0,0
62,44,UL,0,0,0,0
62,45,DL,0,0,0,0
62,45,UL,0,0,0,0
62,46,DL,0,0,0,0
62,46,UL,0,0,0,0
62,47,DL,0,0,0,0
62,47,UL,0,0,0,0
62,48,DL,0,0,0,0
62,48,UL,0,0,0,0
62,49,DL,0,0,0,0
62,49,UL,0,0,0,0
62,50,DL,0,0,0,0
62,50,UL,0,0,0,0
62,51,DL,0,0,0,0
62,51,UL,0,0,0,0
62,52,DL,0,0,0,0
62,52,UL,0,0,0,0
62,53,DL,0,0,0,0
62,53,UL,0,0,0,0
62,54,DL,0,0,0,0
62,54,UL,0.247208,0.000183969,0.12207,50
62,55,DL,0,0,0,0
62,55,UL,0,0,0,0
62,56,DL,0,0,0,0
62,56,UL,0,0,0,0
62,57,DL,0,0,0,0
62,57,UL,0,0,0,0
62,58,DL,0,0,0,0
62,58,UL,0,0,0,0
62,59,DL,0,0,0,0
62,59,UL,0,0,0,0
62,60,DL,0,0,0,0
62,60,UL,0,0,0,0
62,61,DL,0,0,0,0
62,61,UL,0,0,0,0
62,62,DL,0,0,0,0
62,62,UL,0,0,0,0
62,63,DL,0,0,0,0
62,63,UL,0,0,0,0
62,64,DL,0,0,0,0
62,64,UL,0,0,0,0
62,65,DL,0,0,0,0
62,65,UL,0,0,0,0
62,66,DL,0,0,0,0
62,66,UL,0,0,0,0
62,67,DL,0,0,0,0
62,67,UL,0,0,0,0
62,68,DL,0,0,0,0
62,68,UL,0,0,0,0
62,69,DL,0,0,0,0
62,69,UL,0,0,0,0
62,70,DL,9.07689,0.545423,0.239151,5
62,70,UL,0,0,0,0
62,71,DL,0,0,0,0
62,71,UL,0,0,0,0
62,72,DL,0,0,0,0
62,72,UL,0,0,0,0
62,73,DL,0,0,0,0
62,73,UL,0,0,0,0
62,74,DL,0,0,0,0
62,74,UL,0,0,0,0
62,75,DL,0,0,0,0
62,75,UL,0,0,0,0
62,76,DL,0,0,0,0
62,76,UL,0,0,0,0
62,77,DL,0,0,0,0
62,77,UL,0,0,0,0
62,78,DL,0,0,0,0
62,78,UL,0,0,0,0
62,79,DL,0,0,0,0
62,79,UL,0,0,0,0
62,80,DL,0,0,0,0
62,80,UL,0,0,0,0
62,81,DL,0,0,0,0
62,81,UL,0,0,0,0
62,82,DL,0,0,0,0
62,82,UL,0,0,0,0
62,83,DL,0,0,0,0
62,83,UL,0,0,0,0
62,84,DL,0,0,0,0
62,84,UL,0,0,0,0
62,85,DL,0,0,0,0
62,85,UL,0,0,0,0
62,86,DL,0,0,0,0
62,86,UL,0,0,0,0
62,87,DL,0,0,0,0
62,87,UL,0,0,0,0
62,88,DL,0,0,0,0
62,88,UL,0,0,0,0
62,89,DL,0,0,0,0
62,89,UL,0,0,0,0
62,90,DL,0,0,0,0
62,90,UL,0,0,0,0
62,91,DL,0,0,0,0
62,91,UL,0.247032,3.26727e-09,0.162598,66.6
62,92,DL,0,0,0,0
62,92,UL,0,0,0,0
62,93,DL,0,0,0,0
62,93,UL,0,0,0,0
62,94,DL,0,0,0,0
62,94,UL,0,0,0,0
62,95,DL,0,0,0,0
62,95,UL,0,0,0,0
62,96,DL,0,0,0,0
62,96,UL,0,0,0,0
62,97,DL,0,0,0,0
62,97,UL,0,0,0,0
62,98,DL,0,0,0,0
62,98,UL,0,0,0,0
62,99,DL,0,0,0,0
62,99,UL,0,0,0,0
62,100,DL,0,0,0,0
62,100,UL,0,0,0,0
62,101,DL,0,0,0,0
62,101,UL,0,0,0,0
62,102,DL,0,0,0,0
62,102,UL,0,0,0,0
62,103,DL,0,0,0,0
62,103,UL,0,0,0,0
62,104,DL,0,0,0,0
62,104,UL,0,0,0,0
62,105,DL,0,0,0,0
62,105,UL,0,0,0,0
62,106,DL,0,0,0,0
62,106,UL,0,0,0,0
62,107,DL,0,0,0,0
62,107,UL,0,0,0,0
62,108,DL,0,0,0,0
62,108,UL,0,0,0,0
62,109,DL,0,0,0,0
62,109,UL,0,0,0,0
62,110,DL,0,0,0,0
62,110,UL,0,0,0,0
62,111,DL,0,0,0,0
62,111,UL,0,0,0,0
62,112,DL,0,0,0,0
62,112,UL,0,0,0,0
62,113,DL,0,0,0,0
62,113,UL,0,0,0,0
62,114,DL,0,0,0,0
62,114,UL,0,0,0,0
64,0,DL,0,0,0,0
64,0,UL,0,0,0,0
64,1,DL,0,0,0,0
64,1,UL,0,0,0,0
64,2,DL,0,0,0,0
64,2,UL,0,0,0,0
64,3,DL,0,0,0,0
64,3,UL,0,0,0,0
64,4,DL,0,0,0,0
64,4,UL,0,0,0,0
64,5,DL,0,0,0,0
64,5,UL,0,0,0,0
64,6,DL,0,0,0,0
64,6,UL,0,0,0,0
64,7,DL,0,0,0,0
64,7,UL,0,0,0,0
64,8,DL,0,0,0,0
64,8,UL,0,0,0,0
64,9,DL,0,0,0,0
64,9,UL,0,0,0,0
64,10,DL,0,0,0,0
64,10,UL,0,0,0,0
64,11,DL,6.74657,0.0374689,0.795681,16.8067
64,11,UL,0,0,0,0
64,12,DL,0,0,0,0
64,12,UL,0,0,0,0
64,13,DL,0,0,0,0
64,13,UL,0,0,0,0
64,14,DL,0,0,0,0
64,14,UL,0,0,0,0
64,15,DL,0,0,0,0
64,15,UL,0,0,0,0
64,16,DL,0,0,0,0
64,16,UL,0,0,0,0
64,17,DL,0,0,0,0
64,17,UL,0,0,0,0
64,18,DL,0,0,0,0
64,18,UL,0,0,0,0
64,19,DL,0,0,0,0
64,19,UL,0,0,0,0
64,20,DL,0,0,0,0
64,20,UL,0,0,0,0
64,21,DL,0,0,0,0
64,21,UL,0,0,0,0
64,22,DL,0,0,0,0
64,22,UL,0,0,0,0
64,23,DL,0,0,0,0
64,23,UL,0,0,0,0
64,24,DL,0,0,0,0
64,24,UL,0,0,0,0
64,25,DL,0,0,0,0
64,25,UL,0,0,0,0
64,26,DL,0,0,0,0
64,26,UL,0,0,0,0
64,27,DL,0,0,0,0
64,27,UL,0,0,0,0
64,28,DL,0,0,0,0
64,28,UL,0,0,0,0
64,29,DL,0,0,0,0
64,29,UL,0,0,0,0
64,30,DL,0,0,0,0
64,30,UL,0,0,0,0
64,31,DL,0,0,0,0
64,31,UL,0,0,0,0
64,32,DL,0,0,0,0
64,32,UL,0,0,0,0
64,33,DL,0,0,0,0
64,33,UL,0,0,0,0
64,34,DL,0,0,0,0
64,34,UL,0,0,0,0
64,35,DL,0,0,0,0
64,35,UL,0,0,0,0
64,36,DL,0,0,0,0
64,36,UL,0,0,0,0
64,37,DL,0,0,0,0
64,37,UL,0,0,0,0
64,38,DL,0,0,0,0
64,38,UL,0,0,0,0
64,39,DL,0,0,0,0
64,39,UL,0,0,0,0
64,40,DL,0,0,0,0
64,40,UL,0,0,0,0
64,41,DL,0,0,0,0
64,41,UL,0,0,0,0
64,42,DL,0,0,0,0
64,42,UL,0,0,0,0
64,43,DL,0,0,0,0
64,43,UL,0,0,0,0
64,44,DL,0,0,0,0
64,44,UL,0,0,0,0
64,45,DL,0,0,0,0
64,45,UL,0,0,0,0
64,46,DL,0,0,0,0
64,46,UL,0,0,0,0
64,47,DL,0,0,0,0
64,47,UL,0,0,0,0
64,48,DL,0,0,0,0
64,48,UL,0,0,0,0
64,49,DL,0,0,0,0
64,49,UL,0,0,0,0
64,50,DL,0,0,0,0
64,50,UL,0,0,0,0
64,51,DL,0,0,0,0
64,51,UL,0,0,0,0
64,52,DL,0,0,0,0
64,52,UL,0,0,0,0
64,53,DL,0,0,0,0
64,53,UL,0,0,0,0
64,54,DL,0,0,0,0
64,54,UL,0,0,0,0
64,55,DL,0,0,0,0
64,55,UL,0,0,0,0
64,56,DL,0,0,0,0
64,56,UL,0,0,0,0
64,57,DL,0,0,0,0
64,57,UL,0,0,0,0
64,58,DL,0,0,0,0
64,58,UL,0,0,0,0
64,59,DL,0,0,0,0
64,59,UL,0,0,0,0
64,60,DL,0,0,0,0
64,60,UL,0,0,0,0
64,61,DL,0,0,0,0
64,61,UL,0,0,0,0
64,62,DL,0,0,0,0
64,62,UL,0,0,0,0
64,63,DL,0,0,0,0
64,63,UL,0,0,0,0
64,64,DL,0,0,0,0
64,64,UL,0,0,0,0
64,65,DL,0,0,0,0
64,65,UL,0,0,0,0
64,66,DL,0,0,0,0
64,66,UL,0,0,0,0
64,67,DL,0,0,0,0
64,67,UL,0,0,0,0
64,68,DL,0,0,0,0
64,68,UL,0,0,0,0
64,69,DL,0,0,0,0
64,69,UL,0,0,0,0
64,70,DL,9.22943,0.0352662,0.119656,2.47934
64,70,UL,0,0,0,0
64,71,DL,0,0,0,0
64,71,UL,0,0,0,0
64,72,DL,0,0,0,0
64,72,UL,0,0,0,0
64,73,DL,0,0,0,0
64,73,UL,0,0,0,0
64,74,DL,0,0,0,0
64,74,UL,0,0,0,0
64,75,DL,0,0,0,0
64,75,UL,0,0,0,0
64,76,DL,0,0,0,0
64,76,UL,0,0,0,0
64,77,DL,0,0,0,0
64,77,UL,0,0,0,0
64,78,DL,0,0,0,0
64,78,UL,0,0,0,0
64,79,DL,0,0,0,0
64,79,UL,0,0,0,0
64,80,DL,0,0,0,0
64,80,UL,0,0,0,0
64,81,DL,0,0,0,0
64,81,UL,0,0,0,0
64,82,DL,0,0,0,0
64,82,UL,0,0,0,0
64,83,DL,0,0,0,0
64,83,UL,0,0,0,0
64,84,DL,0,0,0,0
64,84,UL,0,0,0,0
64,85,DL,0,0,0,0
64,85,UL,0,0,0,0
64,86,DL,0,0,0,0
64,86,UL,0,0,0,0
64,87,DL,0,0,0,0
64,87,UL,0,0,0,0
64,88,DL,0,0,0,0
64,88,UL,0,0,0,0
64,89,DL,0,0,0,0
64,89,UL,0,0,0,0
64,90,DL,0,0,0,0
64,90,UL,0,0,0,0
64,91,DL,0,0,0,0
64,91,UL,0,0,0,0
64,92,DL,0,0,0,0
64,92,UL,0,0,0,0
64,93,DL,0,0,0,0
64,93,UL,0,0,0,0
64,94,DL,0,0,0,0
64,94,UL,0,0,0,0
64,95,DL,0,0,0,0
64,95,UL,0,0,0,0
64,96,DL,0,0,0,0
64,96,UL,0,0,0,0
64,97,DL,0,0,0,0
64,97,UL,0,0,0,0
64,98,DL,0,0,0,0
64,98,UL,0,0,0,0
64,99,DL,0,0,0,0
64,99,UL,0,0,0,0
64,100,DL,0,0,0,0
64,100,UL,0,0,0,0
64,101,DL,4.84636,0.678724,0.397827,8.33333
64,101,UL,0,0,0,0
64,102,DL,0,0,0,0
64,102,UL,0,0,0,0
64,103,DL,0,0,0,0
64,103,UL,0,0,0,0
64,104,DL,0,0,0,0
64,104,UL,0,0,0,0
64,105,DL,0,0,0,0
64,105,UL,0,0,0,0
64,106,DL,0,0,0,0
64,106,UL,0,0,0,0
64,107,DL,0,0,0,0
64,107,UL,0,0,0,0
64,108,DL,0,0,0,0
64,108,UL,0,0,0,0
64,109,DL,0,0,0,0
64,109,UL,0,0,0,0
64,110,DL,0,0,0,0
64,110,UL,0,0,0,0
64,111,DL,0,0,0,0
64,111,UL,0,0,0,0
64,112,DL,0,0,0,0
64,112,UL,0,0,0,0
64,113,DL,0,0,0,0
64,113,UL,0,0,0,0
64,114,DL,0,0,0,0
64,114,UL,0,0,0,0
66,0,DL,0,0,0,0
66,0,UL,0,0,0,0
66,1,DL,0,0,0,0
66,1,UL,0,0,0,0
66,2,DL,0,0,0,0
66,2,UL,0,0,0,0
66,3,DL,0,0,0,0
66,3,UL,0,0,0,0
66,4,DL,0,0,0,0
66,4,UL,0,0,0,0
66,5,DL,0,0,0,0
66,5,UL,0,0,0,0
66,6,DL,0,0,0,0
66,6,UL,0,0,0,0
66,7,DL,0,0,0,0
66,7,UL,0,0,0,0
66,8,DL,0,0,0,0
66,8,UL,0,0,0,0
66,9,DL,0,0,0,0
66,9,UL,0,0,0,0
66,10,DL,0,0,0,0
66,10,UL,0,0,0,0
66,11,DL,7.26542,0.0417297,0.199013,4.16667
66,11,UL,0,0,0,0
66,12,DL,0,0,0,0
66,12,UL,0,0,0,0
66,13,DL,0,0,0,0
66,13,UL,0,0,0,0
66,14,DL,0,0,0,0
66,14,UL,0,0,0,0
66,15,DL,0,0,0,0
66,15,UL,0,0,0,0
66,16,DL,0,0,0,0
66,16,UL,0,0,0,0
66,17,DL,0,0,0,0
66,17,UL,0,0,0,0
66,18,DL,0,0,0,0
66,18,UL,0,0,0,0
66,19,DL,0,0,0,0
66,19,UL,0,0,0,0
66,20,DL,0,0,0,0
66,20,UL,0,0,0,0
66,21,DL,0,0,0,0
66,21,UL,0,0,0,0
66,22,DL,0,0,0,0
66,22,UL,0,0,0,0
66,23,DL,0,0,0,0
66,23,UL,0,0,0,0
66,24,DL,0,0,0,0
66,24,UL,0,0,0,0
66,25,DL,0,0,0,0
66,25,UL,0,0,0,0
66,26,DL,0,0,0,0
66,26,UL,0,0,0,0
66,27,DL,0,0,0,0
66,27,UL,0,0,0,0
66,28,DL,0,0,0,0
66,28,UL,0,0,0,0
66,29,DL,0,0,0,0
66,29,UL,0,0,0,0
66,30,DL,0,0,0,0
66,30,UL,0,0,0,0
66,31,DL,0,0,0,0
66,31,UL,0,0,0,0
66,32,DL,0,0,0,0
66,32,UL,0,0,0,0
66,33,DL,0,0,0,0
66,33,UL,0,0,0,0
66,34,DL,0,0,0,0
66,34,UL,0,0,0,0
66,35,DL,0,0,0,0
66,35,UL,0,0,0,0
66,36,DL,0,0,0,0
66,36,UL,0,0,0,0
66,37,DL,0,0,0,0
66,37,UL,0,0,0,0
66,38,DL,0,0,0,0
66,38,UL,0,0,0,0
66,39,DL,0,0,0,0
66,39,UL,0,0,0,0
66,40,DL,0,0,0,0
66,40,UL,0,0,0,0
66,41,DL,0,0,0,0
66,41,UL,0,0,0,0
66,42,DL,0,0,0,0
66,42,UL,0,0,0,0
66,43,DL,0,0,0,0
66,43,UL,0,0,0,0
66,44,DL,0,0,0,0
66,44,UL,0,0,0,0
66,45,DL,0,0,0,0
66,45,UL,0,0,0,0
66,46,DL,0,0,0,0
66,46,UL,0,0,0,0
66,47,DL,0,0,0,0
66,47,UL,0,0,0,0
66,48,DL,0,0,0,0
66,48,UL,0,0,0,0
66,49,DL,0,0,0,0
66,49,UL,0,0,0,0
66,50,DL,0,0,0,0
66,50,UL,0,0,0,0
66,51,DL,0,0,0,0
66,51,UL,0,0,0,0
66,52,DL,0,0,0,0
66,52,UL,0,0,0,0
66,53,DL,0,0,0,0
66,53,UL,0,0,0,0
66,54,DL,0,0,0,0
66,54,UL,0,0,0,0
66,55,DL,0,0,0,0
66,55,UL,0,0,0,0
66,56,DL,0,0,0,0
66,56,UL,0,0,0,0
66,57,DL,0,0,0,0
66,57,UL,0,0,0,0
66,58,DL,0,0,0,0
66,58,UL,0,0,0,0
66,59,DL,0,0,0,0
66,59,UL,0,0,0,0
66,60,DL,0,0,0,0
66,60,UL,0,0,0,0
66,61,DL,0,0,0,0
66,61,UL,0,0,0,0
66,62,DL,0,0,0,0
66,62,UL,0,0,0,0
66,63,DL,0,0,0,0
66,63,UL,0,0,0,0
66,64,DL,0,0,0,0
66,64,UL,0,0,0,0
66,65,DL,0,0,0,0
66,65,UL,0,0,0,0
66,66,DL,0,0,0,0
66,66,UL,0,0,0,0
66,67,DL,0,0,0,0
66,67,UL,0,0,0,0
66,68,DL,0,0,0,0
66,68,UL,0,0,0,0
66,69,DL,0,0,0,0
66,69,UL,0,0,0,0
66,70,DL,0,0,0,0
66,70,UL,0,0,0,0
66,71,DL,0,0,0,0
66,71,UL,0,0,0,0
66,72,DL,0,0,0,0
66,72,UL,0,0,0,0
66,73,DL,0,0,0,0
66,73,UL,0,0,0,0
66,74,DL,0,0,0,0
66,74,UL,0,0,0,0
66,75,DL,0,0,0,0
66,75,UL,0,0,0,0
66,76,DL,0,0,0,0
66,76,UL,0,0,0,0
66,77,DL,0,0,0,0
66,77,UL,0,0,0,0
66,78,DL,0,0,0,0
66,78,UL,0,0,0,0
66,79,DL,0,0,0,0
66,79,UL,0,0,0,0
66,80,DL,0,0,0,0
66,80,UL,0,0,0,0
66,81,DL,0,0,0,0
66,81,UL,0,0,0,0
66,82,DL,0,0,0,0
66,82,UL,0,0,0,0
66,83,DL,0,0,0,0
66,83,UL,0,0,0,0
66,84,DL,0,0,0,0
66,84,UL,0,0,0,0
66,85,DL,0,0,0,0
66,85,UL,0,0,0,0
66,86,DL,0,0,0,0
66,86,UL,0,0,0,0
66,87,DL,0,0,0,0
66,87,UL,0,0,0,0
66,88,DL,0,0,0,0
66,88,UL,0,0,0,0
66,89,DL,0,0,0,0
66,89,UL,0,0,0,0
66,90,DL,0,0,0,0
66,90,UL,0,0,0,0
66,91,DL,0,0,0,0
66,91,UL,0,0,0,0
66,92,DL,0,0,0,0
66,92,UL,0,0,0,0
66,93,DL,0,0,0,0
66,93,UL,0,0,0,0
66,94,DL,0,0,0,0
66,94,UL,0,0,0,0
66,95,DL,0,0,0,0
66,95,UL,0,0,0,0
66,96,DL,0,0,0,0
66,96,UL,0,0,0,0
66,97,DL,0,0,0,0
66,97,UL,0,0,0,0
66,98,DL,0,0,0,0
66,98,UL,0,0,0,0
66,99,DL,0,0,0,0
66,99,UL,0,0,0,0
66,100,DL,0,0,0,0
66,100,UL,0,0,0,0
66,101,DL,5.05342,0.0549015,0.0397301,0.833333
66,101,UL,0,0,0,0
66,102,DL,0,0,0,0
66,102,UL,0,0,0,0
66,103,DL,0,0,0,0
66,103,UL,0,0,0,0
66,104,DL,0,0,0,0
66,104,UL,0,0,0,0
66,105,DL,0,0,0,0
66,105,UL,0,0,0,0
66,106,DL,0,0,0,0
66,106,UL,0,0,0,0
66,107,DL,0,0,0,0
66,107,UL,0,0,0,0
66,108,DL,0,0,0,0
66,108,UL,0,0,0,0
66,109,DL,0,0,0,0
66,109,UL,0,0,0,0
66,110,DL,0,0,0,0
66,110,UL,0,0,0,0
66,111,DL,0,0,0,0
66,111,UL,0,0,0,0
66,112,DL,0,0,0,0
66,112,UL,0,0,0,0
66,113,DL,0,0,0,0
66,113,UL,0,0,0,0
66,114,DL,0,0,0,0
66,114,UL,0,0,0,0
68,0,DL,0,0,0,0
68,0,UL,0,0,0,0
68,1,DL,0,0,0,0
68,1,UL,0,0,0,0
68,2,DL,0,0,0,0
68,2,UL,0,0,0,0
68,3,DL,0,0,0,0
68,3,UL,0,0,0,0
68,4,DL,0,0,0,0
68,4,UL,0,0,0,0
68,5,DL,0,0,0,0
68,5,UL,0,0,0,0
68,6,DL,0,0,0,0
68,6,UL,0,0,0,0
68,7,DL,0,0,0,0
68,7,UL,0,0,0,0
68,8,DL,0,0,0,0
68,8,UL,0,0,0,0
68,9,DL,0,0,0,0
68,9,UL,0,0,0,0
68,10,DL,0,0,0,0
68,10,UL,0,0,0,0
68,11,DL,0,0,0,0
68,11,UL,0,0,0,0
68,12,DL,0,0,0,0
68,12,UL,0,0,0,0
68,13,DL,0,0,0,0
68,13,UL,0,0,0,0
68,14,DL,0,0,0,0
68,14,UL,0,0,0,0
68,15,DL,0,0,0,0
68,15,UL,0,0,0,0
68,16,DL,0,0,0,0
68,16,UL,0,0,0,0
68,17,DL,0,0,0,0
68,17,UL,0,0,0,0
68,18,DL,0,0,0,0
68,18,UL,0,0,0,0
68,19,DL,0,0,0,0
68,19,UL,0,0,0,0
68,20,DL,0,0,0,0
68,20,UL,0,0,0,0
68,21,DL,0,0,0,0
68,21,UL,0,0,0,0
68,22,DL,0,0,0,0
68,22,UL,0,0,0,0
68,23,DL,0,0,0,0
68,23,UL,0,0,0,0
68,24,DL,0,0,0,0
68,24,UL,0,0,0,0
68,25,DL,0,0,0,0
68,25,UL,0,0,0,0
68,26,DL,0,0,0,0
68,26,UL,0,0,0,0
68,27,DL,0,0,0,0
68,27,UL,0,0,0,0
68,28,DL,0,0,0,0
68,28,UL,0,0,0,0
68,29,DL,0,0,0,0
68,29,UL,0,0,0,0
68,30,DL,0,0,0,0
68,30,UL,0,0,0,0
68,31,DL,0,0,0,0
68,31,UL,0,0,0,0
68,32,DL,0,0,0,0
68,32,UL,0,0,0,0
68,33,DL,0,0,0,0
68,33,UL,0,0,0,0
68,34,DL,0,0,0,0
68,34,UL,0,0,0,0
68,35,DL,0,0,0,0
68,35,UL,0,0,0,0
68,36,DL,0,0,0,0
68,36,UL,0,0,0,0
68,37,DL,0,0,0,0
68,37,UL,0,0,0,0
68,38,DL,0,0,0,0
68,38,UL,0,0,0,0
68,39,DL,0,0,0,0
68,39,UL,0,0,0,0
68,40,DL,0,0,0,0
68,40,UL,0,0,0,0
68,41,DL,0,0,0,0
68,41,UL,0,0,0,0
68,42,DL,0,0,0,0
68,42,UL,0,0,0,0
68,43,DL,0,0,0,0
68,43,UL,0,0,0,0
68,44,DL,0,0,0,0
68,44,UL,0,0,0,0
68,45,DL,0,0,0,0
68,45,UL,0,0,0,0
68,46,DL,0,0,0,0
68,46,UL,0,0,0,0
68,47,DL,0,0,0,0
68,47,UL,0,0,0,0
68,48,DL,0,0,0,0
68,48,UL,0,0,0,0
68,49,DL,0,0,0,0
68,49,UL,0,0,0,0
68,50,DL,0,0,0,0
68,50,UL,0,0,0,0
68,51,DL,0,0,0,0
68,51,UL,0,0,0,0
68,52,DL,0,0,0,0
68,52,UL,0,0,0,0
68,53,DL,0,0,0,0
68,53,UL,0,0,0,0
68,54,DL,4.2595,0,0.0398293,0.826446
68,54,UL,0,0,0,0
68,55,DL,0,0,0,0
68,55,UL,0,0,0,0
68,56,DL,0,0,0,0
68,56,UL,0,0,0,0
68,57,DL,0,0,0,0
68,57,UL,0,0,0,0
68,58,DL,0,0,0,0
68,58,UL,0,0,0,0
68,59,DL,0,0,0,0
68,59,UL,0,0,0,0
68,60,DL,0,0,0,0
68,60,UL,0,0,0,0
68,61,DL,0,0,0,0
68,61,UL,0,0,0,0
68,62,DL,0,0,0,0
68,62,UL,0,0,0,0
68,63,DL,0,0,0,0
68,63,UL,0,0,0,0
68,64,DL,0,0,0,0
68,64,UL,0,0,0,0
68,65,DL,0,0,0,0
68,65,UL,0,0,0,0
68,66,DL,0,0,0,0
68,66,UL,0,0,0,0
68,67,DL,0,0,0,0
68,67,UL,0,0,0,0
68,68,DL,0,0,0,0
68,68,UL,0,0,0,0
68,69,DL,0,0,0,0
68,69,UL,0,0,0,0
68,70,DL,0,0,0,0
68,70,UL,0,0,0,0
68,71,DL,0,0,0,0
68,71,UL,0,0,0,0
68,72,DL,0,0,0,0
68,72,UL,0,0,0,0
68,73,DL,0,0,0,0
68,73,UL,0,0,0,0
68,74,DL,0,0,0,0
68,74,UL,0,0,0,0
68,75,DL,0,0,0,0
68,75,UL,0,0,0,0
68,76,DL,0,0,0,0
68,76,UL,0,0,0,0
68,77,DL,0,0,0,0
68,77,UL,0,0,0,0
68,78,DL,0,0,0,0
68,78,UL,0,0,0,0
68,79,DL,0,0,0,0
68,79,UL,0,0,0,0
68,80,DL,0,0,0,0
68,80,UL,0,0,0,0
68,81,DL,0,0,0,0
68,81,UL,0,0,0,0
68,82,DL,0,0,0,0
68,82,UL,0,0,0,0
68,83,DL,0,0,0,0
68,83,UL,0,0,0,0
68,84,DL,0,0,0,0
68,84,UL,0,0,0,0
68,85,DL,0,0,0,0
68,85,UL,0,0,0,0
68,86,DL,0,0,0,0
68,86,UL,0,0,0,0
68,87,DL,0,0,0,0
68,87,UL,0,0,0,0
68,88,DL,0,0,0,0
68,88,UL,0,0,0,0
68,89,DL,0,0,0,0
68,89,UL,0,0,0,0
68,90,DL,0,0,0,0
68,90,UL,0,0,0,0
68,91,DL,0,0,0,0
68,91,UL,0,0,0,0
68,92,DL,0,0,0,0
68,92,UL,0,0,0,0
68,93,DL,0,0,0,0
68,93,UL,0,0,0,0
68,94,DL,0,0,0,0
68,94,UL,0,0,0,0
68,95,DL,0,0,0,0
68,95,UL,0,0,0,0
68,96,DL,0,0,0,0
68,96,UL,0,0,0,0
68,97,DL,0,0,0,0
68,97,UL,0,0,0,0
68,98,DL,0,0,0,0
68,98,UL,0,0,0,0
68,99,DL,0,0,0,0
68,99,UL,0,0,0,0
68,100,DL,0,0,0,0
68,100,UL,0,0,0,0
68,101,DL,0,0,0,0
68,101,UL,0,0,0,0
68,102,DL,0,0,0,0
68,102,UL,0,0,0,0
68,103,DL,0,0,0,0
68,103,UL,0,0,0,0
68,104,DL,0,0,0,0
68,104,UL,0,0,0,0
68,105,DL,0,0,0,0
68,105,UL,0,0,0,0
68,106,DL,0,0,0,0
68,106,UL,0,0,0,0
68,107,DL,0,0,0,0
68,107,UL,0,0,0,0
68,108,DL,0,0,0,0
68,108,UL,0,0,0,0
68,109,DL,0,0,0,0
68,109,UL,0,0,0,0
68,110,DL,0,0,0,0
68,110,UL,0,0,0,0
68,111,DL,0,0,0,0
68,111,UL,0,0,0,0
68,112,DL,0,0,0,0
68,112,UL,0,0,0,0
68,113,DL,0,0,0,0
68,113,UL,0,0,0,0
68,114,DL,0,0,0,0
68,114,UL,0,0,0,0
70,0,DL,0,0,0,0
70,0,UL,0,0,0,0
70,1,DL,0,0,0,0
70,1,UL,0,0,0,0
70,2,DL,0,0,0,0
70,2,UL,0,0,0,0
70,3,DL,0,0,0,0
70,3,UL,0,0,0,0
70,4,DL,0,0,0,0
70,4,UL,0,0,0,0
70,5,DL,1.95737,0,0.0398941,0.826446
70,5,UL,0,0,0,0
70,6,DL,0,0,0,0
70,6,UL,0,0,0,0
70,7,DL,0,0,0,0
70,7,UL,0,0,0,0
70,8,DL,0,0,0,0
70,8,UL,0,0,0,0
70,9,DL,0,0,0,0
70,9,UL,0,0,0,0
70,10,DL,0,0,0,0
70,10,UL,0,0,0,0
70,11,DL,0,0,0,0
70,11,UL,0,0,0,0
70,12,DL,0,0,0,0
70,12,UL,0,0,0,0
70,13,DL,0,0,0,0
70,13,UL,0,0,0,0
70,14,DL,0,0,0,0
70,14,UL,0,0,0,0
70,15,DL,0,0,0,0
70,15,UL,0,0,0,0
70,16,DL,0,0,0,0
70,16,UL,0,0,0,0
70,17,DL,0,0,0,0
70,17,UL,0,0,0,0
70,18,DL,0,0,0,0
70,18,UL,0,0,0,0
70,19,DL,0,0,0,0
70,19,UL,0,0,0,0
70,20,DL,0,0,0,0
70,20,UL,0,0,0,0
70,21,DL,0,0,0,0
70,21,UL,0,0,0,0
70,22,DL,0,0,0,0
70,22,UL,0,0,0,0
70,23,DL,0,0,0,0
70,23,UL,0,0,0,0
70,24,DL,0,0,0,0
70,24,UL,0,0,0,0
70,25,DL,0,0,0,0
70,25,UL,0,0,0,0
70,26,DL,0,0,0,0
70,26,UL,0,0,0,0
70,27,DL,0,0,0,0
70,27,UL,0,0,0,0
70,28,DL,0,0,0,0
70,28,UL,0,0,0,0
70,29,DL,0,0,0,0
70,29,UL,0,0,0,0
70,30,DL,0,0,0,0
70,30,UL,0,0,0,0
70,31,DL,0,0,0,0
70,31,UL,0,0,0,0
70,32,DL,0,0,0,0
70,32,UL,0,0,0,0
70,33,DL,0,0,0,0
70,33,UL,0,0,0,0
70,34,DL,0,0,0,0
70,34,UL,0,0,0,0
70,35,DL,0,0,0,0
70,35,UL,0,0,0,0
70,36,DL,0,0,0,0
70,36,UL,0,0,0,0
70,37,DL,0,0,0,0
70,37,UL,0,0,0,0
70,38,DL,0,0,0,0
70,38,UL,0,0,0,0
70,39,DL,0,0,0,0
70,39,UL,0,0,0,0
70,40,DL,0,0,0,0
70,40,UL,0,0,0,0
70,41,DL,0,0,0,0
70,41,UL,0,0,0,0
70,42,DL,0,0,0,0
70,42,UL,0,0,0,0
70,43,DL,0,0,0,0
70,43,UL,0,0,0,0
70,44,DL,0,0,0,0
70,44,UL,0,0,0,0
70,45,DL,0,0,0,0
70,45,UL,0,0,0,0
70,46,DL,0,0,0,0
70,46,UL,0,0,0,0
70,47,DL,0,0,0,0
70,47,UL,0,0,0,0
70,48,DL,1.9153,0.594841,0.0796661,1.68067
70,48,UL,0,0,0,0
70,49,DL,0,0,0,0
70,49,UL,0,0,0,0
70,50,DL,0,0,0,0
70,50,UL,0,0,0,0
70,51,DL,0,0,0,0
70,51,UL,0,0,0,0
70,52,DL,0,0,0,0
70,52,UL,0,0,0,0
70,53,DL,0,0,0,0
70,53,UL,0,0,0,0
70,54,DL,0,0,0,0
70,54,UL,0,0,0,0
70,55,DL,0,0,0,0
70,55,UL,0,0,0,0
70,56,DL,0,0,0,0
70,56,UL,0,0,0,0
70,57,DL,0,0,0,0
70,57,UL,0,0,0,0
70,58,DL,0,0,0,0
70,58,UL,0,0,0,0
70,59,DL,0,0,0,0
70,59,UL,0,0,0,0
70,60,DL,0,0,0,0
70,60,UL,0,0,0,0
70,61,DL,0,0,0,0
70,61,UL,0,0,0,0
70,62,DL,0,0,0,0
70,62,UL,0,0,0,0
70,63,DL,0,0,0,0
70,63,UL,0,0,0,0
70,64,DL,0,0,0,0
70,64,UL,0,0,0,0
70,65,DL,0,0,0,0
70,65,UL,0,0,0,0
70,66,DL,0,0,0,0
70,66,UL,0,0,0,0
70,67,DL,0,0,0,0
70,67,UL,0,0,0,0
70,68,DL,0,0,0,0
70,68,UL,0,0,0,0
70,69,DL,0,0,0,0
70,69,UL,0,0,0,0
70,70,DL,0,0,0,0
70,70,UL,0,0,0,0
70,71,DL,0,0,0,0
70,71,UL,0,0,0,0
70,72,DL,0,0,0,0
70,72,UL,0,0,0,0
70,73,DL,0,0,0,0
70,73,UL,0,0,0,0
70,74,DL,0,0,0,0
70,74,UL,0,0,0,0
70,75,DL,0,0,0,0
70,75,UL,0,0,0,0
70,76,DL,0,0,0,0
70,76,UL,0,0,0,0
70,77,DL,0,0,0,0
70,77,UL,0,0,0,0
70,78,DL,0,0,0,0
70,78,UL,0,0,0,0
70,79,DL,0,0,0,0
70,79,UL,0,0,0,0
70,80,DL,0,0,0,0
70,80,UL,0,0,0,0
70,81,DL,0,0,0,0
70,81,UL,0,0,0,0
70,82,DL,0,0,0,0
70,82,UL,0,0,0,0
70,83,DL,0,0,0,0
70,83,UL,0,0,0,0
70,84,DL,0,0,0,0
70,84,UL,0,0,0,0
70,85,DL,0,0,0,0
70,85,UL,0,0,0,0
70,86,DL,0,0,0,0
70,86,UL,0,0,0,0
70,87,DL,0,0,0,0
70,87,UL,0,0,0,0
70,88,DL,0,0,0,0
70,88,UL,0,0,0,0
70,89,DL,0,0,0,0
70,89,UL,0,0,0,0
70,90,DL,0,0,0,0
70,90,UL,0,0,0,0
70,91,DL,0,0,0,0
70,91,UL,0,0,0,0
70,92,DL,0,0,0,0
70,92,UL,0,0,0,0
70,93,DL,0,0,0,0
70,93,UL,0,0,0,0
70,94,DL,0,0,0,0
70,94,UL,0,0,0,0
70,95,DL,0,0,0,0
70,95,UL,0,0,0,0
70,96,DL,0,0,0,0
70,96,UL,0,0,0,0
70,97,DL,0,0,0,0
70,97,UL,0,0,0,0
70,98,DL,0,0,0,0
70,98,UL,0,0,0,0
70,99,DL,0,0,0,0
70,99,UL,0,0,0,0
70,100,DL,0,0,0,0
70,100,UL,0,0,0,0
70,101,DL,0,0,0,0
70,101,UL,0,0,0,0
70,102,DL,0,0,0,0
70,102,UL,0,0,0,0
70,103,DL,0,0,0,0
70,103,UL,0,0,0,0
70,104,DL,0,0,0,0
70,104,UL,0,0,0,0
70,105,DL,0,0,0,0
70,105,UL,0,0,0,0
70,106,DL,0,0,0,0
70,106,UL,0,0,0,0
70,107,DL,0,0,0,0
70,107,UL,0,0,0,0
70,108,DL,0,0,0,0
70,108,UL,0,0,0,0
70,109,DL,0,0,0,0
70,109,UL,0,0,0,0
70,110,DL,0,0,0,0
70,110,UL,0,0,0,0
70,111,DL,0,0,0,0
70,111,UL,0,0,0,0
70,112,DL,0,0,0,0
70,112,UL,0,0,0,0
70,113,DL,0,0,0,0
70,113,UL,0,0,0,0
70,114,DL,0,0,0,0
70,114,UL,0,0,0,0
72,0,DL,0,0,0,0
72,0,UL,0,0,0,0
72,1,DL,0,0,0,0
72,1,UL,0,0,0,0
72,2,DL,0,0,0,0
72,2,UL,0,0,0,0
72,3,DL,0,0,0,0
72,3,UL,0,0,0,0
72,4,DL,0,0,0,0
72,4,UL,0,0,0,0
72,5,DL,0,0,0,0
72,5,UL,0,0,0,0
72,6,DL,0,0,0,0
72,6,UL,0,0,0,0
72,7,DL,0,0,0,0
72,7,UL,0,0,0,0
72,8,DL,0,0,0,0
72,8,UL,0,0,0,0
72,9,DL,0,0,0,0
72,9,UL,0,0,0,0
72,10,DL,0,0,0,0
72,10,UL,0,0,0,0
72,11,DL,0,0,0,0
72,11,UL,0,0,0,0
72,12,DL,0,0,0,0
72,12,UL,0,0,0,0
72,13,DL,0,0,0,0
72,13,UL,0,0,0,0
72,14,DL,0,0,0,0
72,14,UL,0,0,0,0
72,15,DL,0,0,0,0
72,15,UL,0,0,0,0
72,16,DL,0,0,0,0
72,16,UL,0,0,0,0
72,17,DL,0,0,0,0
72,17,UL,0,0,0,0
72,18,DL,0,0,0,0
72,18,UL,0,0,0,0
72,19,DL,0,0,0,0
72,19,UL,0,0,0,0
72,20,DL,0,0,0,0
72,20,UL,0,0,0,0
72,21,DL,0,0,0,0
72,21,UL,0,0,0,0
72,22,DL,0,0,0,0
72,22,UL,0,0,0,0
72,23,DL,0,0,0,0
72,23,UL,0,0,0,0
72,24,DL,0,0,0,0
72,24,UL,0,0,0,0
72,25,DL,0,0,0,0
72,25,UL,0,0,0,0
72,26,DL,0,0,0,0
72,26,UL,0,0,0,0
72,27,DL,0,0,0,0
72,27,UL,0,0,0,0
72,28,DL,0,0,0,0
72,28,UL,0,0,0,0
72,29,DL,0,0,0,0
72,29,UL,0,0,0,0
72,30,DL,0,0,0,0
72,30,UL,0,0,0,0
72,31,DL,0,0,0,0
72,31,UL,0,0,0,0
72,32,DL,0,0,0,0
72,32,UL,0,0,0,0
72,33,DL,0,0,0,0
72,33,UL,0,0,0,0
72,34,DL,0,0,0,0
72,34,UL,0,0,0,0
72,35,DL,0,0,0,0
72,35,UL,0,0,0,0
72,36,DL,0,0,0,0
72,36,UL,0,0,0,0
72,37,DL,0,0,0,0
72,37,UL,0,0,0,0
72,38,DL,0,0,0,0
72,38,UL,0,0,0,0
72,39,DL,0,0,0,0
72,39,UL,0,0,0,0
72,40,DL,0,0,0,0
72,40,UL,0,0,0,0
72,41,DL,0,0,0,0
72,41,UL,0,0,0,0
72,42,DL,0,0,0,0
72,42,UL,0,0,0,0
72,43,DL,0,0,0,0
72,43,UL,0,0,0,0
72,44,DL,0,0,0,0
72,44,UL,0,0,0,0
72,45,DL,0,0,0,0
72,45,UL,0,0,0,0
72,46,DL,0,0,0,0
72,46,UL,0,0,0,0
72,47,DL,0,0,0,0
72,47,UL,0,0,0,0
72,48,DL,0,0,0,0
72,48,UL,0,0,0,0
72,49,DL,0,0,0,0
72,49,UL,0,0,0,0
72,50,DL,0,0,0,0
72,50,UL,0,0,0,0
72,51,DL,0,0,0,0
72,51,UL,0,0,0,0
72,52,DL,0,0,0,0
72,52,UL,0,0,0,0
72,53,DL,0,0,0,0
72,53,UL,0,0,0,0
72,54,DL,0,0,0,0
72,54,UL,0,0,0,0
72,55,DL,0,0,0,0
72,55,UL,0,0,0,0
72,56,DL,0,0,0,0
72,56,UL,0,0,0,0
72,57,DL,0,0,0,0
72,57,UL,0,0,0,0
72,58,DL,0,0,0,0
72,58,UL,0,0,0,0
72,59,DL,0,0,0,0
72,59,UL,0,0,0,0
72,60,DL,0,0,0,0
72,60,UL,0,0,0,0
72,61,DL,0,0,0,0
72,61,UL,0,0,0,0
72,62,DL,0,0,0,0
72,62,UL,0,0,0,0
72,63,DL,0,0,0,0
72,63,UL,0,0,0,0
72,64,DL,0,0,0,0
72,64,UL,0,0,0,0
72,65,DL,0,0,0,0
72,65,UL,0,0,0,0
72,66,DL,0,0,0,0
72,66,UL,0,0,0,0
72,67,DL,0,0,0,0
72,67,UL,0,0,0,0
72,68,DL,0,0,0,0
72,68,UL,0,0,0,0
72,69,DL,0,0,0,0
72,69,UL,0,0,0,0
72,70,DL,0,0,0,0
72,70,UL,0,0,0,0
72,71,DL,0,0,0,0
72,71,UL,0,0,0,0
72,72,DL,0,0,0,0
72,72,UL,0,0,0,0
72,73,DL,0,0,0,0
72,73,UL,0,0,0,0
72,74,DL,0,0,0,0
72,74,UL,0,0,0,0
72,75,DL,0,0,0,0
72,75,UL,0,0,0,0
72,76,DL,0,0,0,0
72,76,UL,0,0,0,0
72,77,DL,0,0,0,0
72,77,UL,0,0,0,0
72,78,DL,0,0,0,0
72,78,UL,0,0,0,0
72,79,DL,0,0,0,0
72,79,UL,0,0,0,0
72,80,DL,0,0,0,0
72,80,UL,0,0,0,0
72,81,DL,0,0,0,0
72,81,UL,0,0,0,0
72,82,DL,0,0,0,0
72,82,UL,0,0,0,0
72,83,DL,0,0,0,0
72,83,UL,0,0,0,0
72,84,DL,0,0,0,0
72,84,UL,0,0,0,0
72,85,DL,0,0,0,0
72,85,UL,0,0,0,0
72,86,DL,0,0,0,0
72,86,UL,0,0,0,0
72,87,DL,0,0,0,0
72,87,UL,0,0,0,0
72,88,DL,0,0,0,0
72,88,UL,0,0,0,0
72,89,DL,0,0,0,0
72,89,UL,0,0,0,0
72,90,DL,0,0,0,0
72,90,UL,0,0,0,0
72,91,DL,0,0,0,0
72,91,UL,0,0,0,0
72,92,DL,0,0,0,0
72,92,UL,0,0,0,0
72,93,DL,0,0,0,0
72,93,UL,0,0,0,0
72,94,DL,0,0,0,0
72,94,UL,0,0,0,0
72,95,DL,0,0,0,0
72,95,UL,0,0,0,0
72,96,DL,0,0,0,0
72,96,UL,0,0,0,0
72,97,DL,0,0,0,0
72,97,UL,0,0,0,0
72,98,DL,0,0,0,0
72,98,UL,0,0,0,0
72,99,DL,0,0,0,0
72,99,UL,0,0,0,0
72,100,DL,0,0,0,0
72,100,UL,0,0,0,0
72,101,DL,0,0,0,0
72,101,UL,0,0,0,0
72,102,DL,0,0,0,0
72,102,UL,0,0,0,0
72,103,DL,0,0,0,0
72,103,UL,0,0,0,0
72,104,DL,0,0,0,0
72,104,UL,0,0,0,0
72,105,DL,0,0,0,0
72,105,UL,0,0,0,0
72,106,DL,0,0,0,0
72,106,UL,0,0,0,0
72,107,DL,0,0,0,0
72,107,UL,0,0,0,0
72,108,DL,0,0,0,0
72,108,UL,0,0,0,0
72,109,DL,0,0,0,0
72,109,UL,0,0,0,0
72,110,DL,0,0,0,0
72,110,UL,0,0,0,0
72,111,DL,0,0,0,0
72,111,UL,0,0,0,0
72,112,DL,0,0,0,0
72,112,UL,0,0,0,0
72,113,DL,0,0,0,0
72,113,UL,0,0,0,0
72,114,DL,0,0,0,0
72,114,UL,0,0,0,0
74,0,DL,0,0,0,0
74,0,UL,0,0,0,0
74,1,DL,0,0,0,0
74,1,UL,0,0,0,0
74,2,DL,0,0,0,0
74,2,UL,0,0,0,0
74,3,DL,0,0,0,0
74,3,UL,0,0,0,0
74,4,DL,0,0,0,0
74,4,UL,0,0,0,0
74,5,DL,0,0,0,0
74,5,UL,0,0,0,0
74,6,DL,0,0,0,0
74,6,UL,0,0,0,0
74,7,DL,0,0,0,0
74,7,UL,0,0,0,0
74,8,DL,0,0,0,0
74,8,UL,0,0,0,0
74,9,DL,0,0,0,0
74,9,UL,0,0,0,0
74,10,DL,0,0,0,0
74,10,UL,0,0,0,0
74,11,DL,0,0,0,0
74,11,UL,0,0,0,0
74,12,DL,0,0,0,0
74,12,UL,0,0,0,0
74,13,DL,0,0,0,0
74,13,UL,0,0,0,0
74,14,DL,0,0,0,0
74,14,UL,0,0,0,0
74,15,DL,0,0,0,0
74,15,UL,0,0,0,0
74,16,DL,0,0,0,0
74,16,UL,0,0,0,0
74,17,DL,0,0,0,0
74,17,UL,0,0,0,0
74,18,DL,0,0,0,0
74,18,UL,0,0,0,0
74,19,DL,0,0,0,0
74,19,UL,0,0,0,0
74,20,DL,0,0,0,0
74,20,UL,0,0,0,0
74,21,DL,0.996322,0.0804052,0.119152,2.47934
74,21,UL,0,0,0,0
74,22,DL,0,0,0,0
74,22,UL,0,0,0,0
74,23,DL,0,0,0,0
74,23,UL,0,0,0,0
74,24,DL,0,0,0,0
74,24,UL,0,0,0,0
74,25,DL,0,0,0,0
74,25,UL,0,0,0,0
74,26,DL,0,0,0,0
74,26,UL,0,0,0,0
74,27,DL,0,0,0,0
74,27,UL,0,0,0,0
74,28,DL,0,0,0,0
74,28,UL,0,0,0,0
74,29,DL,0,0,0,0
74,29,UL,0,0,0,0
74,30,DL,0,0,0,0
74,30,UL,0,0,0,0
74,31,DL,0,0,0,0
74,31,UL,0,0,0,0
74,32,DL,0,0,0,0
74,32,UL,0,0,0,0
74,33,DL,0,0,0,0
74,33,UL,0,0,0,0
74,34,DL,0,0,0,0
74,34,UL,0,0,0,0
74,35,DL,0,0,0,0
74,35,UL,0,0,0,0
74,36,DL,0,0,0,0
74,36,UL,0,0,0,0
74,37,DL,0,0,0,0
74,37,UL,0,0,0,0
74,38,DL,0,0,0,0
74,38,UL,0,0,0,0
74,39,DL,0,0,0,0
74,39,UL,0,0,0,0
74,40,DL,0,0,0,0
74,40,UL,0,0,0,0
74,41,DL,0,0,0,0
74,41,UL,0,0,0,0
74,42,DL,0,0,0,0
74,42,UL,0,0,0,0
74,43,DL,0,0,0,0
74,43,UL,0,0,0,0
74,44,DL,0,0,0,0
74,44,UL,0,0,0,0
74,45,DL,0,0,0,0
74,45,UL,0,0,0,0
74,46,DL,0,0,0,0
74,46,UL,0,0,0,0
74,47,DL,0,0,0,0
74,47,UL,0,0,0,0
74,48,DL,0,0,0,0
74,48,UL,0,0,0,0
74,49,DL,0,0,0,0
74,49,UL,0,0,0,0
74,50,DL,0,0,0,0
74,50,UL,0,0,0,0
74,51,DL,0,0,0,0
74,51,UL,0,0,0,0
74,52,DL,0,0,0,0
74,52,UL,0,0,0,0
74,53,DL,0,0,0,0
74,53,UL,0,0,0,0
74,54,DL,0,0,0,0
74,54,UL,0,0,0,0
74,55,DL,0,0,0,0
74,55,UL,0,0,0,0
74,56,DL,0,0,0,0
74,56,UL,0,0,0,0
74,57,DL,0,0,0,0
74,57,UL,0,0,0,0
74,58,DL,0,0,0,0
74,58,UL,0,0,0,0
74,59,DL,0,0,0,0
74,59,UL,0,0,0,0
74,60,DL,0,0,0,0
74,60,UL,0,0,0,0
74,61,DL,0,0,0,0
74,61,UL,0,0,0,0
74,62,DL,0,0,0,0
74,62,UL,0,0,0,0
74,63,DL,0,0,0,0
74,63,UL,0,0,0,0
74,64,DL,0,0,0,0
74,64,UL,0,0,0,0
74,65,DL,0,0,0,0
74,65,UL,0,0,0,0
74,66,DL,0,0,0,0
74,66,UL,0,0,0,0
74,67,DL,0,0,0,0
74,67,UL,0,0,0,0
74,68,DL,0,0,0,0
74,68,UL,0,0,0,0
74,69,DL,0,0,0,0
74,69,UL,0,0,0,0
74,70,DL,0,0,0,0
74,70,UL,0,0,0,0
74,71,DL,0,0,0,0
74,71,UL,0,0,0,0
74,72,DL,0,0,0,0
74,72,UL,0,0,0,0
74,73,DL,0,0,0,0
74,73,UL,0,0,0,0
74,74,DL,0,0,0,0
74,74,UL,0,0,0,0
74,75,DL,0,0,0,0
74,75,UL,0,0,0,0
74,76,DL,0,0,0,0
74,76,UL,0,0,0,0
74,77,DL,0,0,0,0
74,77,UL,0,0,0,0
74,78,DL,0,0,0,0
74,78,UL,0,0,0,0
74,79,DL,0,0,0,0
74,79,UL,0,0,0,0
74,80,DL,0,0,0,0
74,80,UL,0,0,0,0
74,81,DL,0,0,0,0
74,81,UL,0,0,0,0
74,82,DL,0,0,0,0
74,82,UL,0,0,0,0
74,83,DL,0,0,0,0
74,83,UL,0,0,0,0
74,84,DL,0,0,0,0
74,84,UL,0,0,0,0
74,85,DL,0,0,0,0
74,85,UL,0,0,0,0
74,86,DL,0,0,0,0
74,86,UL,0,0,0,0
74,87,DL,0,0,0,0
74,87,UL,0,0,0,0
74,88,DL,0,0,0,0
74,88,UL,0,0,0,0
74,89,DL,0,0,0,0
74,89,UL,0,0,0,0
74,90,DL,0,0,0,0
74,90,UL,0,0,0,0
74,91,DL,0,0,0,0
74,91,UL,0,0,0,0
74,92,DL,0,0,0,0
74,92,UL,0,0,0,0
74,93,DL,0.0946657,0.0171406,0.437531,9.09091
74,93,UL,0,0,0,0
74,94,DL,0,0,0,0
74,94,UL,0,0,0,0
74,95,DL,0,0,0,0
74,95,UL,0,0,0,0
74,96,DL,0,0,0,0
74,96,UL,0,0,0,0
74,97,DL,0,0,0,0
74,97,UL,0,0,0,0
74,98,DL,0,0,0,0
74,98,UL,0,0,0,0
74,99,DL,0,0,0,0
74,99,UL,0,0,0,0
74,100,DL,0,0,0,0
74,100,UL,0,0,0,0
74,101,DL,0,0,0,0
74,101,UL,0,0,0,0
74,102,DL,0,0,0,0
74,102,UL,0,0,0,0
74,103,DL,0,0,0,0
74,103,UL,0,0,0,0
74,104,DL,0,0,0,0
74,104,UL,0,0,0,0
74,105,DL,0,0,0,0
74,105,UL,0,0,0,0
74,106,DL,0,0,0,0
74,106,UL,0,0,0,0
74,107,DL,0,0,0,0
74,107,UL,0,0,0,0
74,108,DL,0,0,0,0
74,108,UL,0,0,0,0
74,109,DL,0,0,0,0
74,109,UL,0,0,0,0
74,110,DL,0,0,0,0
74,110,UL,0,0,0,0
74,111,DL,0,0,0,0
74,111,UL,0,0,0,0
74,112,DL,0,0,0,0
74,112,UL,0,0,0,0
74,113,DL,0,0,0,0
74,113,UL,0,0,0,0
74,114,DL,0,0,0,0
74,114,UL,0,0,0,0
76,0,DL,1.99441,3.50013,0.0398064,0.826446
76,0,UL,0,0,0,0
76,1,DL,0,0,0,0
76,1,UL,0,0,0,0
76,2,DL,0,0,0,0
76,2,UL,0,0,0,0
76,3,DL,0,0,0,0
76,3,UL,0,0,0,0
76,4,DL,0,0,0,0
76,4,UL,0,0,0,0
76,5,DL,0,0,0,0
76,5,UL,0,0,0,0
76,6,DL,0,0,0,0
76,6,UL,0,0,0,0
76,7,DL,0,0,0,0
76,7,UL,0,0,0,0
76,8,DL,0,0,0,0
76,8,UL,0,0,0,0
76,9,DL,0,0,0,0
76,9,UL,0,0,0,0
76,10,DL,0,0,0,0
76,10,UL,0,0,0,0
76,11,DL,0,0,0,0
76,11,UL,0,0,0,0
76,12,DL,0,0,0,0
76,12,UL,0,0,0,0
76,13,DL,0,0,0,0
76,13,UL,0,0,0,0
76,14,DL,0,0,0,0
76,14,UL,0,0,0,0
76,15,DL,0,0,0,0
76,15,UL,0,0,0,0
76,16,DL,0,0,0,0
76,16,UL,0,0,0,0
76,17,DL,0,0,0,0
76,17,UL,0,0,0,0
76,18,DL,0,0,0,0
76,18,UL,0,0,0,0
76,19,DL,0,0,0,0
76,19,UL,0,0,0,0
76,20,DL,0,0,0,0
76,20,UL,0,0,0,0
76,21,DL,0,0,0,0
76,21,UL,0,0,0,0
76,22,DL,0,0,0,0
76,22,UL,0,0,0,0
76,23,DL,0,0,0,0
76,23,UL,0,0,0,0
76,24,DL,0,0,0,0
76,24,UL,0,0,0,0
76,25,DL,0,0,0,0
76,25,UL,0,0,0,0
76,26,DL,0,0,0,0
76,26,UL,0,0,0,0
76,27,DL,0,0,0,0
76,27,UL,0,0,0,0
76,28,DL,0,0,0,0
76,28,UL,0,0,0,0
76,29,DL,0,0,0,0
76,29,UL,0,0,0,0
76,30,DL,0,0,0,0
76,30,UL,0,0,0,0
76,31,DL,0,0,0,0
76,31,UL,0,0,0,0
76,32,DL,0,0,0,0
76,32,UL,0,0,0,0
76,33,DL,0,0,0,0
76,33,UL,0,0,0,0
76,34,DL,0,0,0,0
76,34,UL,0,0,0,0
76,35,DL,0,0,0,0
76,35,UL,0,0,0,0
76,36,DL,0,0,0,0
76,36,UL,0,0,0,0
76,37,DL,0,0,0,0
76,37,UL,0,0,0,0
76,38,DL,0,0,0,0
76,38,UL,0,0,0,0
76,39,DL,0,0,0,0
76,39,UL,0,0,0,0
76,40,DL,0,0,0,0
76,40,UL,0,0,0,0
76,41,DL,0,0,0,0
76,41,UL,0,0,0,0
76,42,DL,0,0,0,0
76,42,UL,0,0,0,0
76,43,DL,0,0,0,0
76,43,UL,0,0,0,0
76,44,DL,0,0,0,0
76,44,UL,0,0,0,0
76,45,DL,0,0,0,0
76,45,UL,0,0,0,0
76,46,DL,0,0,0,0
76,46,UL,0,0,0,0
76,47,DL,0,0,0,0
76,47,UL,0,0,0,0
76,48,DL,0,0,0,0
76,48,UL,0,0,0,0
76,49,DL,0,0,0,0
76,49,UL,0,0,0,0
76,50,DL,0,0,0,0
76,50,UL,0,0,0,0
76,51,DL,0,0,0,0
76,51,UL,0,0,0,0
76,52,DL,0,0,0,0
76,52,UL,0,0,0,0
76,53,DL,0,0,0,0
76,53,UL,0,0,0,0
76,54,DL,0,0,0,0
76,54,UL,0,0,0,0
76,55,DL,0,0,0,0
76,55,UL,0,0,0,0
76,56,DL,0,0,0,0
76,56,UL,0,0,0,0
76,57,DL,0,0,0,0
76,57,UL,0,0,0,0
76,58,DL,0,0,0,0
76,58,UL,0,0,0,0
76,59,DL,0,0,0,0
76,59,UL,0,0,0,0
76,60,DL,0,0,0,0
76,60,UL,0,0,0,0
76,61,DL,0,0,0,0
76,61,UL,0,0,0,0
76,62,DL,0,0,0,0
76,62,UL,0,0,0,0
76,63,DL,0,0,0,0
76,63,UL,0,0,0,0
76,64,DL,0,0,0,0
76,64,UL,0,0,0,0
76,65,DL,0,0,0,0
76,65,UL,0,0,0,0
76,66,DL,0,0,0,0
76,66,UL,0,0,0,0
76,67,DL,0,0,0,0
76,67,UL,0,0,0,0
76,68,DL,0,0,0,0
76,68,UL,0,0,0,0
76,69,DL,0,0,0,0
76,69,UL,0,0,0,0
76,70,DL,0,0,0,0
76,70,UL,0,0,0,0
76,71,DL,0,0,0,0
76,71,UL,0,0,0,0
76,72,DL,0,0,0,0
76,72,UL,0,0,0,0
76,73,DL,0,0,0,0
76,73,UL,0,0,0,0
76,74,DL,0,0,0,0
76,74,UL,0,0,0,0
76,75,DL,0,0,0,0
76,75,UL,0,0,0,0
76,76,DL,0,0,0,0
76,76,UL,0,0,0,0
76,77,DL,0,0,0,0
76,77,UL,0,0,0,0
76,78,DL,0,0,0,0
76,78,UL,0,0,0,0
76,79,DL,0,0,0,0
76,79,UL,0,0,0,0
76,80,DL,0,0,0,0
76,80,UL,0,0,0,0
76,81,DL,0,0,0,0
76,81,UL,0,0,0,0
76,82,DL,0,0,0,0
76,82,UL,0,0,0,0
76,83,DL,0,0,0,0
76,83,UL,0,0,0,0
76,84,DL,0,0,0,0
76,84,UL,0,0,0,0
76,85,DL,0,0,0,0
76,85,UL,0,0,0,0
76,86,DL,0,0,0,0
76,86,UL,0,0,0,0
76,87,DL,0,0,0,0
76,87,UL,0,0,0,0
76,88,DL,0,0,0,0
76,88,UL,0,0,0,0
76,89,DL,0,0,0,0
76,89,UL,0,0,0,0
76,90,DL,0,0,0,0
76,90,UL,0,0,0,0
76,91,DL,0,0,0,0
76,91,UL,0,0,0,0
76,92,DL,0,0,0,0
76,92,UL,0,0,0,0
76,93,DL,0,0,0,0
76,93,UL,0,0,0,0
76,94,DL,0,0,0,0
76,94,UL,0,0,0,0
76,95,DL,0,0,0,0
76,95,UL,0,0,0,0
76,96,DL,0,0,0,0
76,96,UL,0,0,0,0
76,97,DL,0,0,0,0
76,97,UL,0,0,0,0
76,98,DL,0,0,0,0
76,98,UL,0,0,0,0
76,99,DL,0,0,0,0
76,99,UL,0,0,0,0
76,100,DL,0,0,0,0
76,100,UL,0,0,0,0
76,101,DL,0,0,0,0
76,101,UL,0,0,0,0
76,102,DL,0,0,0,0
76,102,UL,0,0,0,0
76,103,DL,0,0,0,0
76,103,UL,0,0,0,0
76,104,DL,0,0,0,0
76,104,UL,0,0,0,0
76,105,DL,0,0,0,0
76,105,UL,0,0,0,0
76,106,DL,0,0,0,0
76,106,UL,0,0,0,0
76,107,DL,0,0,0,0
76,107,UL,0,0,0,0
76,108,DL,0,0,0,0
76,108,UL,0,0,0,0
76,109,DL,0,0,0,0
76,109,UL,0,0,0,0
76,110,DL,0,0,0,0
76,110,UL,0,0,0,0
76,111,DL,0,0,0,0
76,111,UL,0,0,0,0
76,112,DL,0,0,0,0
76,112,UL,0,0,0,0
76,113,DL,0,0,0,0
76,113,UL,0,0,0,0
76,114,DL,0,0,0,0
76,114,UL,0,0,0,0
78,0,DL,3.35643,0.293934,0.19873,4.20168
78,0,UL,0,0,0,0
78,1,DL,0,0,0,0
78,1,UL,0,0,0,0
78,2,DL,0,0,0,0
78,2,UL,0,0,0,0
78,3,DL,0,0,0,0
78,3,UL,0,0,0,0
78,4,DL,0,0,0,0
78,4,UL,0,0,0,0
78,5,DL,0,0,0,0
78,5,UL,0,0,0,0
78,6,DL,0,0,0,0
78,6,UL,0,0,0,0
78,7,DL,0,0,0,0
78,7,UL,0,0,0,0
78,8,DL,0,0,0,0
78,8,UL,0,0,0,0
78,9,DL,0,0,0,0
78,9,UL,0,0,0,0
78,10,DL,0,0,0,0
78,10,UL,0,0,0,0
78,11,DL,0,0,0,0
78,11,UL,0,0,0,0
78,12,DL,0,0,0,0
78,12,UL,0,0,0,0
78,13,DL,0,0,0,0
78,13,UL,0,0,0,0
78,14,DL,0,0,0,0
78,14,UL,0,0,0,0
78,15,DL,0,0,0,0
78,15,UL,0,0,0,0
78,16,DL,0,0,0,0
78,16,UL,0,0,0,0
78,17,DL,0,0,0,0
78,17,UL,0,0,0,0
78,18,DL,0,0,0,0
78,18,UL,0,0,0,0
78,19,DL,0,0,0,0
78,19,UL,0,0,0,0
78,20,DL,0,0,0,0
78,20,UL,0,0,0,0
78,21,DL,0,0,0,0
78,21,UL,0,0,0,0
78,22,DL,0,0,0,0
78,22,UL,0,0,0,0
78,23,DL,0,0,0,0
78,23,UL,0,0,0,0
78,24,DL,0,0,0,0
78,24,UL,0,0,0,0
78,25,DL,0,0,0,0
78,25,UL,0,0,0,0
78,26,DL,0,0,0,0
78,26,UL,0,0,0,0
78,27,DL,0,0,0,0
78,27,UL,0,0,0,0
78,28,DL,0,0,0,0
78,28,UL,0,0,0,0
78,29,DL,0,0,0,0
78,29,UL,0,0,0,0
78,30,DL,0,0,0,0
78,30,UL,0,0,0,0
78,31,DL,0,0,0,0
78,31,UL,0,0,0,0
78,32,DL,0,0,0,0
78,32,UL,0,0,0,0
78,33,DL,0,0,0,0
78,33,UL,0,0,0,0
78,34,DL,0,0,0,0
78,34,UL,0,0,0,0
78,35,DL,0,0,0,0
78,35,UL,0,0,0,0
78,36,DL,0,0,0,0
78,36,UL,0,0,0,0
78,37,DL,0,0,0,0
78,37,UL,0,0,0,0
78,38,DL,0,0,0,0
78,38,UL,0,0,0,0
78,39,DL,0,0,0,0
78,39,UL,0,0,0,0
78,40,DL,0,0,0,0
78,40,UL,0,0,0,0
78,41,DL,0,0,0,0
78,41,UL,0,0,0,0
78,42,DL,0,0,0,0
78,42,UL,0,0,0,0
78,43,DL,0,0,0,0
78,43,UL,0,0,0,0
78,44,DL,0,0,0,0
78,44,UL,0,0,0,0
78,45,DL,0,0,0,0
78,45,UL,0,0,0,0
78,46,DL,0,0,0,0
78,46,UL,0,0,0,0
78,47,DL,0,0,0,0
78,47,UL,0,0,0,0
78,48,DL,0,0,0,0
78,48,UL,0,0,0,0
78,49,DL,0,0,0,0
78,49,UL,0,0,0,0
78,50,DL,0,0,0,0
78,50,UL,0,0,0,0
78,51,DL,0,0,0,0
78,51,UL,0,0,0,0
78,52,DL,0,0,0,0
78,52,UL,0,0,0,0
78,53,DL,0,0,0,0
78,53,UL,0,0,0,0
78,54,DL,0,0,0,0
78,54,UL,0,0,0,0
78,55,DL,0,0,0,0
78,55,UL,0,0,0,0
78,56,DL,0,0,0,0
78,56,UL,0,0,0,0
78,57,DL,0,0,0,0
78,57,UL,0,0,0,0
78,58,DL,0,0,0,0
78,58,UL,0,0,0,0
78,59,DL,0,0,0,0
78,59,UL,0,0,0,0
78,60,DL,0,0,0,0
78,60,UL,0,0,0,0
78,61,DL,0,0,0,0
78,61,UL,0,0,0,0
78,62,DL,0,0,0,0
78,62,UL,0,0,0,0
78,63,DL,0,0,0,0
78,63,UL,0,0,0,0
78,64,DL,0,0,0,0
78,64,UL,0,0,0,0
78,65,DL,0,0,0,0
78,65,UL,0,0,0,0
78,66,DL,0,0,0,0
78,66,UL,0,0,0,0
78,67,DL,0,0,0,0
78,67,UL,0,0,0,0
78,68,DL,0,0,0,0
78,68,UL,0,0,0,0
78,69,DL,0,0,0,0
78,69,UL,0,0,0,0
78,70,DL,0,0,0,0
78,70,UL,0,0,0,0
78,71,DL,0,0,0,0
78,71,UL,0,0,0,0
78,72,DL,0,0,0,0
78,72,UL,0,0,0,0
78,73,DL,0,0,0,0
78,73,UL,0,0,0,0
78,74,DL,0,0,0,0
78,74,UL,0,0,0,0
78,75,DL,0,0,0,0
78,75,UL,0,0,0,0
78,76,DL,0,0,0,0
78,76,UL,0,0,0,0
78,77,DL,0,0,0,0
78,77,UL,0,0,0,0
78,78,DL,0,0,0,0
78,78,UL,0,0,0,0
78,79,DL,0,0,0,0
78,79,UL,0,0,0,0
78,80,DL,0,0,0,0
78,80,UL,0,0,0,0
78,81,DL,0,0,0,0
78,81,UL,0,0,0,0
78,82,DL,0,0,0,0
78,82,UL,0,0,0,0
78,83,DL,0,0,0,0
78,83,UL,0,0,0,0
78,84,DL,0,0,0,0
78,84,UL,0,0,0,0
78,85,DL,0,0,0,0
78,85,UL,0,0,0,0
78,86,DL,0,0,0,0
78,86,UL,0,0,0,0
78,87,DL,0,0,0,0
78,87,UL,0,0,0,0
78,88,DL,0,0,0,0
78,88,UL,0,0,0,0
78,89,DL,0,0,0,0
78,89,UL,0,0,0,0
78,90,DL,0,0,0,0
78,90,UL,0,0,0,0
78,91,DL,0,0,0,0
78,91,UL,0,0,0,0
78,92,DL,0,0,0,0
78,92,UL,0,0,0,0
78,93,DL,0,0,0,0
78,93,UL,0,0,0,0
78,94,DL,0,0,0,0
78,94,UL,0,0,0,0
78,95,DL,0,0,0,0
78,95,UL,0,0,0,0
78,96,DL,0,0,0,0
78,96,UL,0,0,0,0
78,97,DL,0,0,0,0
78,97,UL,0,0,0,0
78,98,DL,0,0,0,0
78,98,UL,0,0,0,0
78,99,DL,0,0,0,0
78,99,UL,0,0,0,0
78,100,DL,0,0,0,0
78,100,UL,0,0,0,0
78,101,DL,0,0,0,0
78,101,UL,0,0,0,0
78,102,DL,0,0,0,0
78,102,UL,0,0,0,0
78,103,DL,0,0,0,0
78,103,UL,0,0,0,0
78,104,DL,0,0,0,0
78,104,UL,0,0,0,0
78,105,DL,0,0,0,0
78,105,UL,0,0,0,0
78,106,DL,0,0,0,0
78,106,UL,0,0,0,0
78,107,DL,0,0,0,0
78,107,UL,0,0,0,0
78,108,DL,0,0,0,0
78,108,UL,0,0,0,0
78,109,DL,0,0,0,0
78,109,UL,0,0,0,0
78,110,DL,0,0,0,0
78,110,UL,0,0,0,0
78,111,DL,0,0,0,0
78,111,UL,0,0,0,0
78,112,DL,0,0,0,0
78,112,UL,0,0,0,0
78,113,DL,0,0,0,0
78,113,UL,0,0,0,0
78,114,DL,0,0,0,0
78,114,UL,0,0,0,0
80,0,DL,5.01074,0.41337,0.159519,3.27869
80,0,UL,0,0,0,0
80,1,DL,0,0,0,0
80,1,UL,0,0,0,0
80,2,DL,0,0,0,0
80,2,UL,0,0,0,0
80,3,DL,0,0,0,0
80,3,UL,0,0,0,0
80,4,DL,0,0,0,0
80,4,UL,0,0,0,0
80,5,DL,0,0,0,0
80,5,UL,0,0,0,0
80,6,DL,0,0,0,0
80,6,UL,0,0,0,0
80,7,DL,0,0,0,0
80,7,UL,0,0,0,0
80,8,DL,0,0,0,0
80,8,UL,0,0,0,0
80,9,DL,0,0,0,0
80,9,UL,0,0,0,0
80,10,DL,0,0,0,0
80,10,UL,0,0,0,0
80,11,DL,0,0,0,0
80,11,UL,0,0,0,0
80,12,DL,0,0,0,0
80,12,UL,0,0,0,0
80,13,DL,0,0,0,0
80,13,UL,0,0,0,0
80,14,DL,1.15873,0,0.0398636,0.833333
80,14,UL,0,0,0,0
80,15,DL,0,0,0,0
80,15,UL,0,0,0,0
80,16,DL,0,0,0,0
80,16,UL,0,0,0,0
80,17,DL,0,0,0,0
80,17,UL,0,0,0,0
80,18,DL,1.88281,0.0119699,0.079689,1.66667
80,18,UL,0,0,0,0
80,19,DL,0,0,0,0
80,19,UL,0,0,0,0
80,20,DL,0,0,0,0
80,20,UL,0,0,0,0
80,21,DL,5.02056,1.34651,0.119469,2.52101
80,21,UL,0,0,0,0
80,22,DL,0,0,0,0
80,22,UL,0,0,0,0
80,23,DL,0,0,0,0
80,23,UL,0,0,0,0
80,24,DL,0,0,0,0
80,24,UL,0,0,0,0
80,25,DL,0,0,0,0
80,25,UL,0,0,0,0
80,26,DL,0,0,0,0
80,26,UL,0,0,0,0
80,27,DL,0,0,0,0
80,27,UL,0,0,0,0
80,28,DL,0,0,0,0
80,28,UL,0,0,0,0
80,29,DL,0,0,0,0
80,29,UL,0,0,0,0
80,30,DL,0,0,0,0
80,30,UL,0,0,0,0
80,31,DL,0,0,0,0
80,31,UL,0,0,0,0
80,32,DL,0,0,0,0
80,32,UL,0,0,0,0
80,33,DL,0,0,0,0
80,33,UL,0,0,0,0
80,34,DL,0,0,0,0
80,34,UL,0,0,0,0
80,35,DL,0,0,0,0
80,35,UL,0,0,0,0
80,36,DL,0,0,0,0
80,36,UL,0,0,0,0
80,37,DL,0,0,0,0
80,37,UL,0,0,0,0
80,38,DL,0,0,0,0
80,38,UL,0,0,0,0
80,39,DL,0,0,0,0
80,39,UL,0,0,0,0
80,40,DL,0,0,0,0
80,40,UL,0,0,0,0
80,41,DL,0,0,0,0
80,41,UL,0,0,0,0
80,42,DL,0,0,0,0
80,42,UL,0,0,0,0
80,43,DL,0,0,0,0
80,43,UL,0,0,0,0
80,44,DL,0,0,0,0
80,44,UL,0,0,0,0
80,45,DL,0,0,0,0
80,45,UL,0,0,0,0
80,46,DL,0,0,0,0
80,46,UL,0,0,0,0
80,47,DL,0,0,0,0
80,47,UL,0,0,0,0
80,48,DL,0,0,0,0
80,48,UL,0,0,0,0
80,49,DL,0,0,0,0
80,49,UL,0,0,0,0
80,50,DL,0,0,0,0
80,50,UL,0,0,0,0
80,51,DL,0,0,0,0
80,51,UL,0,0,0,0
80,52,DL,0,0,0,0
80,52,UL,0,0,0,0
80,53,DL,0,0,0,0
80,53,UL,0,0,0,0
80,54,DL,0,0,0,0
80,54,UL,0,0,0,0
80,55,DL,0,0,0,0
80,55,UL,0,0,0,0
80,56,DL,0,0,0,0
80,56,UL,0,0,0,0
80,57,DL,0,0,0,0
80,57,UL,0,0,0,0
80,58,DL,0,0,0,0
80,58,UL,0,0,0,0
80,59,DL,0,0,0,0
80,59,UL,0,0,0,0
80,60,DL,0,0,0,0
80,60,UL,0,0,0,0
80,61,DL,0,0,0,0
80,61,UL,0,0,0,0
80,62,DL,0,0,0,0
80,62,UL,0,0,0,0
80,63,DL,0,0,0,0
80,63,UL,0,0,0,0
80,64,DL,0,0,0,0
80,64,UL,0,0,0,0
80,65,DL,0,0,0,0
80,65,UL,0,0,0,0
80,66,DL,0,0,0,0
80,66,UL,0,0,0,0
80,67,DL,0,0,0,0
80,67,UL,0,0,0,0
80,68,DL,0,0,0,0
80,68,UL,0,0,0,0
80,69,DL,0,0,0,0
80,69,UL,0,0,0,0
80,70,DL,0,0,0,0
80,70,UL,0,0,0,0
80,71,DL,1.3526,0.0580196,0.19902,4.16667
80,71,UL,0,0,0,0
80,72,DL,0,0,0,0
80,72,UL,0,0,0,0
80,73,DL,0,0,0,0
80,73,UL,0,0,0,0
80,74,DL,0,0,0,0
80,74,UL,0,0,0,0
80,75,DL,0,0,0,0
80,75,UL,0,0,0,0
80,76,DL,0,0,0,0
80,76,UL,0,0,0,0
80,77,DL,0,0,0,0
80,77,UL,0,0,0,0
80,78,DL,0,0,0,0
80,78,UL,0,0,0,0
80,79,DL,0,0,0,0
80,79,UL,0,0,0,0
80,80,DL,0,0,0,0
80,80,UL,0,0,0,0
80,81,DL,0,0,0,0
80,81,UL,0,0,0,0
80,82,DL,0.815776,0.0275775,0.27882,5.78512
80,82,UL,0,0,0,0
80,83,DL,0,0,0,0
80,83,UL,0,0,0,0
80,84,DL,0,0,0,0
80,84,UL,0,0,0,0
80,85,DL,0,0,0,0
80,85,UL,0,0,0,0
80,86,DL,0,0,0,0
80,86,UL,0,0,0,0
80,87,DL,0,0,0,0
80,87,UL,0,0,0,0
80,88,DL,0,0,0,0
80,88,UL,0,0,0,0
80,89,DL,0,0,0,0
80,89,UL,0,0,0,0
80,90,DL,0,0,0,0
80,90,UL,0,0,0,0
80,91,DL,0,0,0,0
80,91,UL,0,0,0,0
80,92,DL,0,0,0,0
80,92,UL,0,0,0,0
80,93,DL,0,0,0,0
80,93,UL,0,0,0,0
80,94,DL,0,0,0,0
80,94,UL,0,0,0,0
80,95,DL,0,0,0,0
80,95,UL,0,0,0,0
80,96,DL,0,0,0,0
80,96,UL,0,0,0,0
80,97,DL,0,0,0,0
80,97,UL,0,0,0,0
80,98,DL,0,0,0,0
80,98,UL,0,0,0,0
80,99,DL,0,0,0,0
80,99,UL,0,0,0,0
80,100,DL,0,0,0,0
80,100,UL,0,0,0,0
80,101,DL,0,0,0,0
80,101,UL,0,0,0,0
80,102,DL,0,0,0,0
80,102,UL,0,0,0,0
80,103,DL,0,0,0,0
80,103,UL,0,0,0,0
80,104,DL,0,0,0,0
80,104,UL,0,0,0,0
80,105,DL,0,0,0,0
80,105,UL,0,0,0,0
80,106,DL,0,0,0,0
80,106,UL,0,0,0,0
80,107,DL,0,0,0,0
80,107,UL,0,0,0,0
80,108,DL,0,0,0,0
80,108,UL,0,0,0,0
80,109,DL,0,0,0,0
80,109,UL,0,0,0,0
80,110,DL,0,0,0,0
80,110,UL,0,0,0,0
80,111,DL,0,0,0,0
80,111,UL,0,0,0,0
80,112,DL,0,0,0,0
80,112,UL,0,0,0,0
80,113,DL,0,0,0,0
80,113,UL,0,0,0,0
80,114,DL,0,0,0,0
80,114,UL,0,0,0,0
82,0,DL,0,0,0,0
82,0,UL,0,0,0,0
82,1,DL,0,0,0,0
82,1,UL,0,0,0,0
82,2,DL,0,0,0,0
82,2,UL,0,0,0,0
82,3,DL,0,0,0,0
82,3,UL,0,0,0,0
82,4,DL,0,0,0,0
82,4,UL,0,0,0,0
82,5,DL,0,0,0,0
82,5,UL,0,0,0,0
82,6,DL,0,0,0,0
82,6,UL,0,0,0,0
82,7,DL,0,0,0,0
82,7,UL,0,0,0,0
82,8,DL,0,0,0,0
82,8,UL,0,0,0,0
82,9,DL,0,0,0,0
82,9,UL,0,0,0,0
82,10,DL,0,0,0,0
82,10,UL,0,0,0,0
82,11,DL,0,0,0,0
82,11,UL,0,0,0,0
82,12,DL,0,0,0,0
82,12,UL,0,0,0,0
82,13,DL,0,0,0,0
82,13,UL,0,0,0,0
82,14,DL,0,0,0,0
82,14,UL,0,0,0,0
82,15,DL,0,0,0,0
82,15,UL,0,0,0,0
82,16,DL,0,0,0,0
82,16,UL,0,0,0,0
82,17,DL,0,0,0,0
82,17,UL,0,0,0,0
82,18,DL,0,0,0,0
82,18,UL,0,0,0,0
82,19,DL,0,0,0,0
82,19,UL,0,0,0,0
82,20,DL,0,0,0,0
82,20,UL,0,0,0,0
82,21,DL,6.65267,0.413191,0.158791,3.33333
82,21,UL,0,0,0,0
82,22,DL,0,0,0,0
82,22,UL,0,0,0,0
82,23,DL,0,0,0,0
82,23,UL,0,0,0,0
82,24,DL,0,0,0,0
82,24,UL,0,0,0,0
82,25,DL,0,0,0,0
82,25,UL,0,0,0,0
82,26,DL,0,0,0,0
82,26,UL,0,0,0,0
82,27,DL,0,0,0,0
82,27,UL,0,0,0,0
82,28,DL,0,0,0,0
82,28,UL,0,0,0,0
82,29,DL,0,0,0,0
82,29,UL,0,0,0,0
82,30,DL,0,0,0,0
82,30,UL,0,0,0,0
82,31,DL,0,0,0,0
82,31,UL,0,0,0,0
82,32,DL,0,0,0,0
82,32,UL,0,0,0,0
82,33,DL,0,0,0,0
82,33,UL,0,0,0,0
82,34,DL,0,0,0,0
82,34,UL,0,0,0,0
82,35,DL,0,0,0,0
82,35,UL,0,0,0,0
82,36,DL,0,0,0,0
82,36,UL,0,0,0,0
82,37,DL,0,0,0,0
82,37,UL,0,0,0,0
82,38,DL,0,0,0,0
82,38,UL,0,0,0,0
82,39,DL,0,0,0,0
82,39,UL,0,0,0,0
82,40,DL,0,0,0,0
82,40,UL,0,0,0,0
82,41,DL,0,0,0,0
82,41,UL,0,0,0,0
82,42,DL,0,0,0,0
82,42,UL,0,0,0,0
82,43,DL,0,0,0,0
82,43,UL,0,0,0,0
82,44,DL,0,0,0,0
82,44,UL,0,0,0,0
82,45,DL,0,0,0,0
82,45,UL,0,0,0,0
82,46,DL,0,0,0,0
82,46,UL,0,0,0,0
82,47,DL,0,0,0,0
82,47,UL,0,0,0,0
82,48,DL,0,0,0,0
82,48,UL,0,0,0,0
82,49,DL,0,0,0,0
82,49,UL,0,0,0,0
82,50,DL,0,0,0,0
82,50,UL,0,0,0,0
82,51,DL,0,0,0,0
82,51,UL,0,0,0,0
82,52,DL,0,0,0,0
82,52,UL,0,0,0,0
82,53,DL,0,0,0,0
82,53,UL,0,0,0,0
82,54,DL,0,0,0,0
82,54,UL,0,0,0,0
82,55,DL,0,0,0,0
82,55,UL,0,0,0,0
82,56,DL,0,0,0,0
82,56,UL,0,0,0,0
82,57,DL,0,0,0,0
82,57,UL,0,0,0,0
82,58,DL,0,0,0,0
82,58,UL,0,0,0,0
82,59,DL,0,0,0,0
82,59,UL,0,0,0,0
82,60,DL,0,0,0,0
82,60,UL,0,0,0,0
82,61,DL,0,0,0,0
82,61,UL,0,0,0,0
82,62,DL,0,0,0,0
82,62,UL,0,0,0,0
82,63,DL,0,0,0,0
82,63,UL,0,0,0,0
82,64,DL,0,0,0,0
82,64,UL,0,0,0,0
82,65,DL,0,0,0,0
82,65,UL,0,0,0,0
82,66,DL,0,0,0,0
82,66,UL,0,0,0,0
82,67,DL,0,0,0,0
82,67,UL,0,0,0,0
82,68,DL,0,0,0,0
82,68,UL,0,0,0,0
82,69,DL,0,0,0,0
82,69,UL,0,0,0,0
82,70,DL,0,0,0,0
82,70,UL,0,0,0,0
82,71,DL,1.58555,0.0797632,0.0398941,0.833333
82,71,UL,0,0,0,0
82,72,DL,0,0,0,0
82,72,UL,0,0,0,0
82,73,DL,0,0,0,0
82,73,UL,0,0,0,0
82,74,DL,0,0,0,0
82,74,UL,0,0,0,0
82,75,DL,0,0,0,0
82,75,UL,0,0,0,0
82,76,DL,0,0,0,0
82,76,UL,0,0,0,0
82,77,DL,0,0,0,0
82,77,UL,0,0,0,0
82,78,DL,0,0,0,0
82,78,UL,0,0,0,0
82,79,DL,0,0,0,0
82,79,UL,0,0,0,0
82,80,DL,0,0,0,0
82,80,UL,0,0,0,0
82,81,DL,0,0,0,0
82,81,UL,0,0,0,0
82,82,DL,0,0,0,0
82,82,UL,0,0,0,0
82,83,DL,0,0,0,0
82,83,UL,0,0,0,0
82,84,DL,0,0,0,0
82,84,UL,0,0,0,0
82,85,DL,0,0,0,0
82,85,UL,0,0,0,0
82,86,DL,3.3802,0.0659786,0.279011,5.83333
82,86,UL,0,0,0,0
82,87,DL,0,0,0,0
82,87,UL,0,0,0,0
82,88,DL,0,0,0,0
82,88,UL,0,0,0,0
82,89,DL,0,0,0,0
82,89,UL,0,0,0,0
82,90,DL,0,0,0,0
82,90,UL,0,0,0,0
82,91,DL,0,0,0,0
82,91,UL,0,0,0,0
82,92,DL,0,0,0,0
82,92,UL,0,0,0,0
82,93,DL,0,0,0,0
82,93,UL,0,0,0,0
82,94,DL,0,0,0,0
82,94,UL,0,0,0,0
82,95,DL,0,0,0,0
82,95,UL,0,0,0,0
82,96,DL,0,0,0,0
82,96,UL,0,0,0,0
82,97,DL,0,0,0,0
82,97,UL,0,0,0,0
82,98,DL,0,0,0,0
82,98,UL,0,0,0,0
82,99,DL,0,0,0,0
82,99,UL,0,0,0,0
82,100,DL,6.66401,0.0589651,0.0798874,1.68067
82,100,UL,0,0,0,0
82,101,DL,0,0,0,0
82,101,UL,0,0,0,0
82,102,DL,0,0,0,0
82,102,UL,0,0,0,0
82,103,DL,0,0,0,0
82,103,UL,0,0,0,0
82,104,DL,0,0,0,0
82,104,UL,0,0,0,0
82,105,DL,0,0,0,0
82,105,UL,0,0,0,0
82,106,DL,0,0,0,0
82,106,UL,0,0,0,0
82,107,DL,0,0,0,0
82,107,UL,0,0,0,0
82,108,DL,0,0,0,0
82,108,UL,0,0,0,0
82,109,DL,0,0,0,0
82,109,UL,0,0,0,0
82,110,DL,0,0,0,0
82,110,UL,0,0,0,0
82,111,DL,0,0,0,0
82,111,UL,0,0,0,0
82,112,DL,0,0,0,0
82,112,UL,0,0,0,0
82,113,DL,0,0,0,0
82,113,UL,0,0,0,0
82,114,DL,0,0,0,0
82,114,UL,0,0,0,0
84,0,DL,0,0,0,0
84,0,UL,0,0,0,0
84,1,DL,0,0,0,0
84,1,UL,0,0,0,0
84,2,DL,0,0,0,0
84,2,UL,0,0,0,0
84,3,DL,0,0,0,0
84,3,UL,0,0,0,0
84,4,DL,0,0,0,0
84,4,UL,0,0,0,0
84,5,DL,0,0,0,0
84,5,UL,0,0,0,0
84,6,DL,0,0,0,0
84,6,UL,0,0,0,0
84,7,DL,0,0,0,0
84,7,UL,0,0,0,0
84,8,DL,0,0,0,0
84,8,UL,0,0,0,0
84,9,DL,0,0,0,0
84,9,UL,0,0,0,0
84,10,DL,0,0,0,0
84,10,UL,0,0,0,0
84,11,DL,0,0,0,0
84,11,UL,0,0,0,0
84,12,DL,0,0,0,0
84,12,UL,0,0,0,0
84,13,DL,0,0,0,0
84,13,UL,0,0,0,0
84,14,DL,0,0,0,0
84,14,UL,0,0,0,0
84,15,DL,0,0,0,0
84,15,UL,0,0,0,0
84,16,DL,0,0,0,0
84,16,UL,0,0,0,0
84,17,DL,0,0,0,0
84,17,UL,0,0,0,0
84,18,DL,0,0,0,0
84,18,UL,0,0,0,0
84,19,DL,0,0,0,0
84,19,UL,0,0,0,0
84,20,DL,0,0,0,0
84,20,UL,0,0,0,0
84,21,DL,9.09649,0.805616,0.11969,2.5
84,21,UL,0,0,0,0
84,22,DL,0,0,0,0
84,22,UL,0,0,0,0
84,23,DL,0,0,0,0
84,23,UL,0,0,0,0
84,24,DL,0,0,0,0
84,24,UL,0,0,0,0
84,25,DL,0,0,0,0
84,25,UL,0,0,0,0
84,26,DL,0,0,0,0
84,26,UL,0,0,0,0
84,27,DL,0,0,0,0
84,27,UL,0,0,0,0
84,28,DL,0,0,0,0
84,28,UL,0,0,0,0
84,29,DL,0,0,0,0
84,29,UL,0,0,0,0
84,30,DL,0,0,0,0
84,30,UL,0,0,0,0
84,31,DL,0,0,0,0
84,31,UL,0,0,0,0
84,32,DL,0,0,0,0
84,32,UL,0,0,0,0
84,33,DL,0,0,0,0
84,33,UL,0,0,0,0
84,34,DL,0,0,0,0
84,34,UL,0,0,0,0
84,35,DL,0,0,0,0
84,35,UL,0,0,0,0
84,36,DL,0,0,0,0
84,36,UL,0,0,0,0
84,37,DL,0,0,0,0
84,37,UL,0,0,0,0
84,38,DL,0,0,0,0
84,38,UL,0,0,0,0
84,39,DL,0,0,0,0
84,39,UL,0,0,0,0
84,40,DL,0,0,0,0
84,40,UL,0,0,0,0
84,41,DL,0,0,0,0
84,41,UL,0,0,0,0
84,42,DL,0,0,0,0
84,42,UL,0,0,0,0
84,43,DL,0,0,0,0
84,43,UL,0,0,0,0
84,44,DL,0,0,0,0
84,44,UL,0,0,0,0
84,45,DL,0,0,0,0
84,45,UL,0,0,0,0
84,46,DL,0,0,0,0
84,46,UL,0,0,0,0
84,47,DL,0,0,0,0
84,47,UL,0,0,0,0
84,48,DL,0,0,0,0
84,48,UL,0,0,0,0
84,49,DL,0,0,0,0
84,49,UL,0,0,0,0
84,50,DL,0,0,0,0
84,50,UL,0,0,0,0
84,51,DL,0,0,0,0
84,51,UL,0,0,0,0
84,52,DL,0,0,0,0
84,52,UL,0,0,0,0
84,53,DL,0,0,0,0
84,53,UL,0,0,0,0
84,54,DL,0,0,0,0
84,54,UL,0,0,0,0
84,55,DL,0,0,0,0
84,55,UL,0,0,0,0
84,56,DL,0,0,0,0
84,56,UL,0,0,0,0
84,57,DL,0,0,0,0
84,57,UL,0,0,0,0
84,58,DL,0,0,0,0
84,58,UL,0,0,0,0
84,59,DL,0,0,0,0
84,59,UL,0,0,0,0
84,60,DL,0,0,0,0
84,60,UL,0,0,0,0
84,61,DL,0,0,0,0
84,61,UL,0,0,0,0
84,62,DL,0,0,0,0
84,62,UL,0,0,0,0
84,63,DL,0,0,0,0
84,63,UL,0,0,0,0
84,64,DL,0,0,0,0
84,64,UL,0,0,0,0
84,65,DL,0,0,0,0
84,65,UL,0,0,0,0
84,66,DL,0,0,0,0
84,66,UL,0,0,0,0
84,67,DL,0,0,0,0
84,67,UL,0,0,0,0
84,68,DL,0,0,0,0
84,68,UL,0,0,0,0
84,69,DL,0,0,0,0
84,69,UL,0,0,0,0
84,70,DL,0,0,0,0
84,70,UL,0,0,0,0
84,71,DL,0,0,0,0
84,71,UL,0,0,0,0
84,72,DL,0,0,0,0
84,72,UL,0,0,0,0
84,73,DL,0,0,0,0
84,73,UL,0,0,0,0
84,74,DL,0,0,0,0
84,74,UL,0,0,0,0
84,75,DL,0,0,0,0
84,75,UL,0,0,0,0
84,76,DL,0,0,0,0
84,76,UL,0,0,0,0
84,77,DL,0,0,0,0
84,77,UL,0,0,0,0
84,78,DL,0,0,0,0
84,78,UL,0,0,0,0
84,79,DL,0,0,0,0
84,79,UL,0,0,0,0
84,80,DL,0,0,0,0
84,80,UL,0,0,0,0
84,81,DL,0,0,0,0
84,81,UL,0,0,0,0
84,82,DL,0,0,0,0
84,82,UL,0,0,0,0
84,83,DL,0,0,0,0
84,83,UL,0,0,0,0
84,84,DL,0,0,0,0
84,84,UL,0,0,0,0
84,85,DL,0,0,0,0
84,85,UL,0,0,0,0
84,86,DL,0,0,0,0
84,86,UL,0,0,0,0
84,87,DL,0,0,0,0
84,87,UL,0,0,0,0
84,88,DL,0,0,0,0
84,88,UL,0,0,0,0
84,89,DL,0,0,0,0
84,89,UL,0,0,0,0
84,90,DL,0,0,0,0
84,90,UL,0,0,0,0
84,91,DL,0,0,0,0
84,91,UL,0,0,0,0
84,92,DL,0,0,0,0
84,92,UL,0,0,0,0
84,93,DL,0,0,0,0
84,93,UL,0,0,0,0
84,94,DL,0,0,0,0
84,94,UL,0,0,0,0
84,95,DL,0,0,0,0
84,95,UL,0,0,0,0
84,96,DL,1.11109,1.035,0.0399094,0.826446
84,96,UL,0,0,0,0
84,97,DL,0,0,0,0
84,97,UL,0,0,0,0
84,98,DL,0,0,0,0
84,98,UL,0,0,0,0
84,99,DL,0,0,0,0
84,99,UL,0,0,0,0
84,100,DL,0,0,0,0
84,100,UL,0,0,0,0
84,101,DL,0,0,0,0
84,101,UL,0,0,0,0
84,102,DL,0,0,0,0
84,102,UL,0,0,0,0
84,103,DL,0,0,0,0
84,103,UL,0,0,0,0
84,104,DL,0,0,0,0
84,104,UL,0,0,0,0
84,105,DL,0,0,0,0
84,105,UL,0,0,0,0
84,106,DL,0,0,0,0
84,106,UL,0,0,0,0
84,107,DL,0,0,0,0
84,107,UL,0,0,0,0
84,108,DL,0,0,0,0
84,108,UL,0,0,0,0
84,109,DL,0,0,0,0
84,109,UL,0,0,0,0
84,110,DL,0,0,0,0
84,110,UL,0,0,0,0
84,111,DL,0,0,0,0
84,111,UL,0,0,0,0
84,112,DL,0,0,0,0
84,112,UL,0,0,0,0
84,113,DL,0,0,0,0
84,113,UL,0,0,0,0
84,114,DL,0,0,0,0
84,114,UL,0,0,0,0
86,0,DL,0,0,0,0
86,0,UL,0,0,0,0
86,1,DL,0,0,0,0
86,1,UL,0,0,0,0
86,2,DL,0,0,0,0
86,2,UL,0,0,0,0
86,3,DL,0,0,0,0
86,3,UL,0,0,0,0
86,4,DL,0,0,0,0
86,4,UL,0,0,0,0
86,5,DL,0,0,0,0
86,5,UL,0,0,0,0
86,6,DL,0,0,0,0
86,6,UL,0,0,0,0
86,7,DL,0,0,0,0
86,7,UL,0,0,0,0
86,8,DL,0,0,0,0
86,8,UL,0,0,0,0
86,9,DL,0,0,0,0
86,9,UL,0,0,0,0
86,10,DL,0,0,0,0
86,10,UL,0,0,0,0
86,11,DL,0,0,0,0
86,11,UL,0,0,0,0
86,12,DL,0,0,0,0
86,12,UL,0,0,0,0
86,13,DL,0,0,0,0
86,13,UL,0,0,0,0
86,14,DL,0,0,0,0
86,14,UL,0,0,0,0
86,15,DL,0,0,0,0
86,15,UL,0,0,0,0
86,16,DL,0,0,0,0
86,16,UL,0,0,0,0
86,17,DL,0,0,0,0
86,17,UL,0,0,0,0
86,18,DL,0,0,0,0
86,18,UL,0,0,0,0
86,19,DL,0,0,0,0
86,19,UL,0,0,0,0
86,20,DL,0,0,0,0
86,20,UL,0,0,0,0
86,21,DL,10.4535,0.339037,0.199276,4.16667
86,21,UL,0,0,0,0
86,22,DL,0,0,0,0
86,22,UL,0,0,0,0
86,23,DL,0,0,0,0
86,23,UL,0,0,0,0
86,24,DL,0,0,0,0
86,24,UL,0,0,0,0
86,25,DL,0,0,0,0
86,25,UL,0,0,0,0
86,26,DL,0,0,0,0
86,26,UL,0,0,0,0
86,27,DL,0,0,0,0
86,27,UL,0,0,0,0
86,28,DL,0,0,0,0
86,28,UL,0,0,0,0
86,29,DL,0,0,0,0
86,29,UL,0,0,0,0
86,30,DL,0,0,0,0
86,30,UL,0,0,0,0
86,31,DL,0,0,0,0
86,31,UL,0,0,0,0
86,32,DL,0,0,0,0
86,32,UL,0,0,0,0
86,33,DL,0,0,0,0
86,33,UL,0,0,0,0
86,34,DL,7.05339,0.0517733,0.0797119,1.66667
86,34,UL,0,0,0,0
86,35,DL,0,0,0,0
86,35,UL,0,0,0,0
86,36,DL,0,0,0,0
86,36,UL,0,0,0,0
86,37,DL,0,0,0,0
86,37,UL,0,0,0,0
86,38,DL,0,0,0,0
86,38,UL,0,0,0,0
86,39,DL,0,0,0,0
86,39,UL,0,0,0,0
86,40,DL,0,0,0,0
86,40,UL,0,0,0,0
86,41,DL,0,0,0,0
86,41,UL,0,0,0,0
86,42,DL,0,0,0,0
86,42,UL,0,0,0,0
86,43,DL,0,0,0,0
86,43,UL,0,0,0,0
86,44,DL,0,0,0,0
86,44,UL,0,0,0,0
86,45,DL,0,0,0,0
86,45,UL,0,0,0,0
86,46,DL,0,0,0,0
86,46,UL,0,0,0,0
86,47,DL,0,0,0,0
86,47,UL,0,0,0,0
86,48,DL,0,0,0,0
86,48,UL,0,0,0,0
86,49,DL,0,0,0,0
86,49,UL,0,0,0,0
86,50,DL,0,0,0,0
86,50,UL,0,0,0,0
86,51,DL,0,0,0,0
86,51,UL,0,0,0,0
86,52,DL,0,0,0,0
86,52,UL,0,0,0,0
86,53,DL,0,0,0,0
86,53,UL,0,0,0,0
86,54,DL,0,0,0,0
86,54,UL,0,0,0,0
86,55,DL,0,0,0,0
86,55,UL,0,0,0,0
86,56,DL,0,0,0,0
86,56,UL,0,0,0,0
86,57,DL,0,0,0,0
86,57,UL,0,0,0,0
86,58,DL,0,0,0,0
86,58,UL,0,0,0,0
86,59,DL,0,0,0,0
86,59,UL,0,0,0,0
86,60,DL,0,0,0,0
86,60,UL,0,0,0,0
86,61,DL,0,0,0,0
86,61,UL,0,0,0,0
86,62,DL,0,0,0,0
86,62,UL,0,0,0,0
86,63,DL,0,0,0,0
86,63,UL,0,0,0,0
86,64,DL,0,0,0,0
86,64,UL,0,0,0,0
86,65,DL,0,0,0,0
86,65,UL,0,0,0,0
86,66,DL,0,0,0,0
86,66,UL,0,0,0,0
86,67,DL,0,0,0,0
86,67,UL,0,0,0,0
86,68,DL,0,0,0,0
86,68,UL,0,0,0,0
86,69,DL,0,0,0,0
86,69,UL,0,0,0,0
86,70,DL,0,0,0,0
86,70,UL,0,0,0,0
86,71,DL,0,0,0,0
86,71,UL,0,0,0,0
86,72,DL,0,0,0,0
86,72,UL,0,0,0,0
86,73,DL,0,0,0,0
86,73,UL,0,0,0,0
86,74,DL,0,0,0,0
86,74,UL,0,0,0,0
86,75,DL,0,0,0,0
86,75,UL,0,0,0,0
86,76,DL,0,0,0,0
86,76,UL,0,0,0,0
86,77,DL,0,0,0,0
86,77,UL,0,0,0,0
86,78,DL,0,0,0,0
86,78,UL,0,0,0,0
86,79,DL,0,0,0,0
86,79,UL,0,0,0,0
86,80,DL,0,0,0,0
86,80,UL,0,0,0,0
86,81,DL,0,0,0,0
86,81,UL,0,0,0,0
86,82,DL,0,0,0,0
86,82,UL,0,0,0,0
86,83,DL,0,0,0,0
86,83,UL,0,0,0,0
86,84,DL,0,0,0,0
86,84,UL,0,0,0,0
86,85,DL,0,0,0,0
86,85,UL,0,0,0,0
86,86,DL,0,0,0,0
86,86,UL,0,0,0,0
86,87,DL,0,0,0,0
86,87,UL,0,0,0,0
86,88,DL,0,0,0,0
86,88,UL,0,0,0,0
86,89,DL,0,0,0,0
86,89,UL,0,0,0,0
86,90,DL,0,0,0,0
86,90,UL,0,0,0,0
86,91,DL,0,0,0,0
86,91,UL,0,0,0,0
86,92,DL,0,0,0,0
86,92,UL,0,0,0,0
86,93,DL,0,0,0,0
86,93,UL,0,0,0,0
86,94,DL,0,0,0,0
86,94,UL,0,0,0,0
86,95,DL,0,0,0,0
86,95,UL,0,0,0,0
86,96,DL,1.64715,0.118166,0.318737,6.61157
86,96,UL,0,0,0,0
86,97,DL,0,0,0,0
86,97,UL,0,0,0,0
86,98,DL,0,0,0,0
86,98,UL,0,0,0,0
86,99,DL,0,0,0,0
86,99,UL,0,0,0,0
86,100,DL,0,0,0,0
86,100,UL,0,0,0,0
86,101,DL,0,0,0,0
86,101,UL,0,0,0,0
86,102,DL,0,0,0,0
86,102,UL,0,0,0,0
86,103,DL,0,0,0,0
86,103,UL,0,0,0,0
86,104,DL,0,0,0,0
86,104,UL,0,0,0,0
86,105,DL,0,0,0,0
86,105,UL,0,0,0,0
86,106,DL,0,0,0,0
86,106,UL,0,0,0,0
86,107,DL,0,0,0,0
86,107,UL,0,0,0,0
86,108,DL,0,0,0,0
86,108,UL,0,0,0,0
86,109,DL,0,0,0,0
86,109,UL,0,0,0,0
86,110,DL,0,0,0,0
86,110,UL,0,0,0,0
86,111,DL,0,0,0,0
86,111,UL,0,0,0,0
86,112,DL,0,0,0,0
86,112,UL,0,0,0,0
86,113,DL,0,0,0,0
86,113,UL,0,0,0,0
86,114,DL,0,0,0,0
86,114,UL,0,0,0,0
88,0,DL,0,0,0,0
88,0,UL,0,0,0,0
88,1,DL,0,0,0,0
88,1,UL,0,0,0,0
88,2,DL,0,0,0,0
88,2,UL,0,0,0,0
88,3,DL,0,0,0,0
88,3,UL,0,0,0,0
88,4,DL,0,0,0,0
88,4,UL,0,0,0,0
88,5,DL,0,0,0,0
88,5,UL,0,0,0,0
88,6,DL,0,0,0,0
88,6,UL,0,0,0,0
88,7,DL,0,0,0,0
88,7,UL,0,0,0,0
88,8,DL,0,0,0,0
88,8,UL,0,0,0,0
88,9,DL,0,0,0,0
88,9,UL,0,0,0,0
88,10,DL,0,0,0,0
88,10,UL,0,0,0,0
88,11,DL,0,0,0,0
88,11,UL,0,0,0,0
88,12,DL,0,0,0,0
88,12,UL,0,0,0,0
88,13,DL,0,0,0,0
88,13,UL,0,0,0,0
88,14,DL,0,0,0,0
88,14,UL,0,0,0,0
88,15,DL,0,0,0,0
88,15,UL,0,0,0,0
88,16,DL,0,0,0,0
88,16,UL,0,0,0,0
88,17,DL,0,0,0,0
88,17,UL,0,0,0,0
88,18,DL,0,0,0,0
88,18,UL,0,0,0,0
88,19,DL,0,0,0,0
88,19,UL,0,0,0,0
88,20,DL,0,0,0,0
88,20,UL,0,0,0,0
88,21,DL,0,0,0,0
88,21,UL,0,0,0,0
88,22,DL,0,0,0,0
88,22,UL,0,0,0,0
88,23,DL,0,0,0,0
88,23,UL,0,0,0,0
88,24,DL,0,0,0,0
88,24,UL,0,0,0,0
88,25,DL,0,0,0,0
88,25,UL,0,0,0,0
88,26,DL,0,0,0,0
88,26,UL,0,0,0,0
88,27,DL,0,0,0,0
88,27,UL,0,0,0,0
88,28,DL,0,0,0,0
88,28,UL,0,0,0,0
88,29,DL,0,0,0,0
88,29,UL,0,0,0,0
88,30,DL,0,0,0,0
88,30,UL,0,0,0,0
88,31,DL,0,0,0,0
88,31,UL,0,0,0,0
88,32,DL,0,0,0,0
88,32,UL,0,0,0,0
88,33,DL,0,0,0,0
88,33,UL,0,0,0,0
88,34,DL,7.66744,0.102373,0.397884,8.26446
88,34,UL,0,0,0,0
88,35,DL,0,0,0,0
88,35,UL,0,0,0,0
88,36,DL,0,0,0,0
88,36,UL,0,0,0,0
88,37,DL,0,0,0,0
88,37,UL,0,0,0,0
88,38,DL,0,0,0,0
88,38,UL,0,0,0,0
88,39,DL,0,0,0,0
88,39,UL,0,0,0,0
88,40,DL,0,0,0,0
88,40,UL,0,0,0,0
88,41,DL,0,0,0,0
88,41,UL,0,0,0,0
88,42,DL,0,0,0,0
88,42,UL,0,0,0,0
88,43,DL,0,0,0,0
88,43,UL,0,0,0,0
88,44,DL,0,0,0,0
88,44,UL,0,0,0,0
88,45,DL,0,0,0,0
88,45,UL,0,0,0,0
88,46,DL,0,0,0,0
88,46,UL,0,0,0,0
88,47,DL,0,0,0,0
88,47,UL,0,0,0,0
88,48,DL,0,0,0,0
88,48,UL,0,0,0,0
88,49,DL,0,0,0,0
88,49,UL,0,0,0,0
88,50,DL,0,0,0,0
88,50,UL,0,0,0,0
88,51,DL,0,0,0,0
88,51,UL,0,0,0,0
88,52,DL,0,0,0,0
88,52,UL,0,0,0,0
88,53,DL,0,0,0,0
88,53,UL,0,0,0,0
88,54,DL,0,0,0,0
88,54,UL,0,0,0,0
88,55,DL,0,0,0,0
88,55,UL,0,0,0,0
88,56,DL,0,0,0,0
88,56,UL,0,0,0,0
88,57,DL,0,0,0,0
88,57,UL,0,0,0,0
88,58,DL,0,0,0,0
88,58,UL,0,0,0,0
88,59,DL,0,0,0,0
88,59,UL,0,0,0,0
88,60,DL,0,0,0,0
88,60,UL,0,0,0,0
88,61,DL,0,0,0,0
88,61,UL,0,0,0,0
88,62,DL,0,0,0,0
88,62,UL,0,0,0,0
88,63,DL,0,0,0,0
88,63,UL,0,0,0,0
88,64,DL,0,0,0,0
88,64,UL,0,0,0,0
88,65,DL,0,0,0,0
88,65,UL,0,0,0,0
88,66,DL,0,0,0,0
88,66,UL,0,0,0,0
88,67,DL,0,0,0,0
88,67,UL,0,0,0,0
88,68,DL,0,0,0,0
88,68,UL,0,0,0,0
88,69,DL,0,0,0,0
88,69,UL,0,0,0,0
88,70,DL,0,0,0,0
88,70,UL,0,0,0,0
88,71,DL,0,0,0,0
88,71,UL,0,0,0,0
88,72,DL,0,0,0,0
88,72,UL,0,0,0,0
88,73,DL,0,0,0,0
88,73,UL,0,0,0,0
88,74,DL,0,0,0,0
88,74,UL,0,0,0,0
88,75,DL,0,0,0,0
88,75,UL,0,0,0,0
88,76,DL,0,0,0,0
88,76,UL,0,0,0,0
88,77,DL,0,0,0,0
88,77,UL,0,0,0,0
88,78,DL,0,0,0,0
88,78,UL,0,0,0,0
88,79,DL,0,0,0,0
88,79,UL,0,0,0,0
88,80,DL,0,0,0,0
88,80,UL,0,0,0,0
88,81,DL,0,0,0,0
88,81,UL,0,0,0,0
88,82,DL,0,0,0,0
88,82,UL,0,0,0,0
88,83,DL,0,0,0,0
88,83,UL,0,0,0,0
88,84,DL,0,0,0,0
88,84,UL,0,0,0,0
88,85,DL,0,0,0,0
88,85,UL,0,0,0,0
88,86,DL,0,0,0,0
88,86,UL,0,0,0,0
88,87,DL,0,0,0,0
88,87,UL,0,0,0,0
88,88,DL,0,0,0,0
88,88,UL,0,0,0,0
88,89,DL,0,0,0,0
88,89,UL,0,0,0,0
88,90,DL,0,0,0,0
88,90,UL,0,0,0,0
88,91,DL,0,0,0,0
88,91,UL,0,0,0,0
88,92,DL,0,0,0,0
88,92,UL,0,0,0,0
88,93,DL,0,0,0,0
88,93,UL,0,0,0,0
88,94,DL,0,0,0,0
88,94,UL,0,0,0,0
88,95,DL,0,0,0,0
88,95,UL,0,0,0,0
88,96,DL,0,0,0,0
88,96,UL,0,0,0,0
88,97,DL,0,0,0,0
88,97,UL,0,0,0,0
88,98,DL,0,0,0,0
88,98,UL,0,0,0,0
88,99,DL,0,0,0,0
88,99,UL,0,0,0,0
88,100,DL,0,0,0,0
88,100,UL,0,0,0,0
88,101,DL,0,0,0,0
88,101,UL,0,0,0,0
88,102,DL,0,0,0,0
88,102,UL,0,0,0,0
88,103,DL,0,0,0,0
88,103,UL,0,0,0,0
88,104,DL,0,0,0,0
88,104,UL,0,0,0,0
88,105,DL,0,0,0,0
88,105,UL,0,0,0,0
88,106,DL,0,0,0,0
88,106,UL,0,0,0,0
88,107,DL,0,0,0,0
88,107,UL,0,0,0,0
88,108,DL,0,0,0,0
88,108,UL,0,0,0,0
88,109,DL,0,0,0,0
88,109,UL,0,0,0,0
88,110,DL,0,0,0,0
88,110,UL,0,0,0,0
88,111,DL,0,0,0,0
88,111,UL,0,0,0,0
88,112,DL,0,0,0,0
88,112,UL,0,0,0,0
88,113,DL,0,0,0,0
88,113,UL,0,0,0,0
88,114,DL,0,0,0,0
88,114,UL,0,0,0,0
90,0,DL,0,0,0,0
90,0,UL,0,0,0,0
90,1,DL,0,0,0,0
90,1,UL,0,0,0,0
90,2,DL,0,0,0,0
90,2,UL,0,0,0,0
90,3,DL,0,0,0,0
90,3,UL,0,0,0,0
90,4,DL,0,0,0,0
90,4,UL,0,0,0,0
90,5,DL,0,0,0,0
90,5,UL,0,0,0,0
90,6,DL,0,0,0,0
90,6,UL,0,0,0,0
90,7,DL,0,0,0,0
90,7,UL,0,0,0,0
90,8,DL,0,0,0,0
90,8,UL,0,0,0,0
90,9,DL,0,0,0,0
90,9,UL,0,0,0,0
90,10,DL,0,0,0,0
90,10,UL,0,0,0,0
90,11,DL,0,0,0,0
90,11,UL,0,0,0,0
90,12,DL,0,0,0,0
90,12,UL,0,0,0,0
90,13,DL,0,0,0,0
90,13,UL,0,0,0,0
90,14,DL,0,0,0,0
90,14,UL,0,0,0,0
90,15,DL,0,0,0,0
90,15,UL,0,0,0,0
90,16,DL,0,0,0,0
90,16,UL,0,0,0,0
90,17,DL,0,0,0,0
90,17,UL,0,0,0,0
90,18,DL,0,0,0,0
90,18,UL,0,0,0,0
90,19,DL,0,0,0,0
90,19,UL,0,0,0,0
90,20,DL,0,0,0,0
90,20,UL,0,0,0,0
90,21,DL,0,0,0,0
90,21,UL,0,0,0,0
90,22,DL,0,0,0,0
90,22,UL,0,0,0,0
90,23,DL,0,0,0,0
90,23,UL,0,0,0,0
90,24,DL,0,0,0,0
90,24,UL,0,0,0,0
90,25,DL,0,0,0,0
90,25,UL,0,0,0,0
90,26,DL,0,0,0,0
90,26,UL,0,0,0,0
90,27,DL,0,0,0,0
90,27,UL,0,0,0,0
90,28,DL,0,0,0,0
90,28,UL,0,0,0,0
90,29,DL,0,0,0,0
90,29,UL,0,0,0,0
90,30,DL,0,0,0,0
90,30,UL,0,0,0,0
90,31,DL,0,0,0,0
90,31,UL,0,0,0,0
90,32,DL,0,0,0,0
90,32,UL,0,0,0,0
90,33,DL,0,0,0,0
90,33,UL,0,0,0,0
90,34,DL,0,0,0,0
90,34,UL,0,0,0,0
90,35,DL,0,0,0,0
90,35,UL,0,0,0,0
90,36,DL,0,0,0,0
90,36,UL,0,0,0,0
90,37,DL,0,0,0,0
90,37,UL,0,0,0,0
90,38,DL,0,0,0,0
90,38,UL,0,0,0,0
90,39,DL,0,0,0,0
90,39,UL,0,0,0,0
90,40,DL,0,0,0,0
90,40,UL,0,0,0,0
90,41,DL,0,0,0,0
90,41,UL,0,0,0,0
90,42,DL,0,0,0,0
90,42,UL,0,0,0,0
90,43,DL,0,0,0,0
90,43,UL,0,0,0,0
90,44,DL,0,0,0,0
90,44,UL,0,0,0,0
90,45,DL,0,0,0,0
90,45,UL,0,0,0,0
90,46,DL,0,0,0,0
90,46,UL,0,0,0,0
90,47,DL,0,0,0,0
90,47,UL,0,0,0,0
90,48,DL,0,0,0,0
90,48,UL,0,0,0,0
90,49,DL,0,0,0,0
90,49,UL,0,0,0,0
90,50,DL,0,0,0,0
90,50,UL,0,0,0,0
90,51,DL,0,0,0,0
90,51,UL,0,0,0,0
90,52,DL,0,0,0,0
90,52,UL,0,0,0,0
90,53,DL,0,0,0,0
90,53,UL,0,0,0,0
90,54,DL,0,0,0,0
90,54,UL,0,0,0,0
90,55,DL,0,0,0,0
90,55,UL,0,0,0,0
90,56,DL,0,0,0,0
90,56,UL,0,0,0,0
90,57,DL,0,0,0,0
90,57,UL,0,0,0,0
90,58,DL,0,0,0,0
90,58,UL,0,0,0,0
90,59,DL,0,0,0,0
90,59,UL,0,0,0,0
90,60,DL,0,0,0,0
90,60,UL,0,0,0,0
90,61,DL,0,0,0,0
90,61,UL,0,0,0,0
90,62,DL,0,0,0,0
90,62,UL,0,0,0,0
90,63,DL,0,0,0,0
90,63,UL,0,0,0,0
90,64,DL,0,0,0,0
90,64,UL,0,0,0,0
90,65,DL,0,0,0,0
90,65,UL,0,0,0,0
90,66,DL,0,0,0,0
90,66,UL,0,0,0,0
90,67,DL,0,0,0,0
90,67,UL,0,0,0,0
90,68,DL,0,0,0,0
90,68,UL,0,0,0,0
90,69,DL,0,0,0,0
90,69,UL,0,0,0,0
90,70,DL,0,0,0,0
90,70,UL,0,0,0,0
90,71,DL,0,0,0,0
90,71,UL,0,0,0,0
90,72,DL,0,0,0,0
90,72,UL,0,0,0,0
90,73,DL,0,0,0,0
90,73,UL,0,0,0,0
90,74,DL,0,0,0,0
90,74,UL,0,0,0,0
90,75,DL,0,0,0,0
90,75,UL,0,0,0,0
90,76,DL,0,0,0,0
90,76,UL,0,0,0,0
90,77,DL,0,0,0,0
90,77,UL,0,0,0,0
90,78,DL,0,0,0,0
90,78,UL,0,0,0,0
90,79,DL,0,0,0,0
90,79,UL,0,0,0,0
90,80,DL,0,0,0,0
90,80,UL,0,0,0,0
90,81,DL,0,0,0,0
90,81,UL,0,0,0,0
90,82,DL,0,0,0,0
90,82,UL,0,0,0,0
90,83,DL,0,0,0,0
90,83,UL,0,0,0,0
90,84,DL,0,0,0,0
90,84,UL,0,0,0,0
90,85,DL,0,0,0,0
90,85,UL,0,0,0,0
90,86,DL,0,0,0,0
90,86,UL,0,0,0,0
90,87,DL,0,0,0,0
90,87,UL,0,0,0,0
90,88,DL,0,0,0,0
90,88,UL,0,0,0,0
90,89,DL,0,0,0,0
90,89,UL,0,0,0,0
90,90,DL,0,0,0,0
90,90,UL,0,0,0,0
90,91,DL,0,0,0,0
90,91,UL,0,0,0,0
90,92,DL,0,0,0,0
90,92,UL,0,0,0,0
90,93,DL,0,0,0,0
90,93,UL,0,0,0,0
90,94,DL,0,0,0,0
90,94,UL,0,0,0,0
90,95,DL,0,0,0,0
90,95,UL,0,0,0,0
90,96,DL,0,0,0,0
90,96,UL,0,0,0,0
90,97,DL,0,0,0,0
90,97,UL,0,0,0,0
90,98,DL,0,0,0,0
90,98,UL,0,0,0,0
90,99,DL,0,0,0,0
90,99,UL,0,0,0,0
90,100,DL,0,0,0,0
90,100,UL,0,0,0,0
90,101,DL,0,0,0,0
90,101,UL,0,0,0,0
90,102,DL,0,0,0,0
90,102,UL,0,0,0,0
90,103,DL,0,0,0,0
90,103,UL,0,0,0,0
90,104,DL,0,0,0,0
90,104,UL,0,0,0,0
90,105,DL,0,0,0,0
90,105,UL,0,0,0,0
90,106,DL,0,0,0,0
90,106,UL,0,0,0,0
90,107,DL,0,0,0,0
90,107,UL,0,0,0,0
90,108,DL,0,0,0,0
90,108,UL,0,0,0,0
90,109,DL,0,0,0,0
90,109,UL,0,0,0,0
90,110,DL,0,0,0,0
90,110,UL,0,0,0,0
90,111,DL,0,0,0,0
90,111,UL,0,0,0,0
90,112,DL,0,0,0,0
90,112,UL,0,0,0,0
90,113,DL,0,0,0,0
90,113,UL,0,0,0,0
90,114,DL,0,0,0,0
90,114,UL,0,0,0,0
92,0,DL,0,0,0,0
92,0,UL,0,0,0,0
92,1,DL,0,0,0,0
92,1,UL,0,0,0,0
92,2,DL,0,0,0,0
92,2,UL,0,0,0,0
92,3,DL,0,0,0,0
92,3,UL,0,0,0,0
92,4,DL,0,0,0,0
92,4,UL,0,0,0,0
92,5,DL,0,0,0,0
92,5,UL,0,0,0,0
92,6,DL,0,0,0,0
92,6,UL,0,0,0,0
92,7,DL,0,0,0,0
92,7,UL,0,0,0,0
92,8,DL,0,0,0,0
92,8,UL,0,0,0,0
92,9,DL,0,0,0,0
92,9,UL,0,0,0,0
92,10,DL,0,0,0,0
92,10,UL,0,0,0,0
92,11,DL,0,0,0,0
92,11,UL,0,0,0,0
92,12,DL,0,0,0,0
92,12,UL,0,0,0,0
92,13,DL,0,0,0,0
92,13,UL,0,0,0,0
92,14,DL,0,0,0,0
92,14,UL,0,0,0,0
92,15,DL,0,0,0,0
92,15,UL,0,0,0,0
92,16,DL,0,0,0,0
92,16,UL,0,0,0,0
92,17,DL,0,0,0,0
92,17,UL,0,0,0,0
92,18,DL,0,0,0,0
92,18,UL,0,0,0,0
92,19,DL,0,0,0,0
92,19,UL,0,0,0,0
92,20,DL,0,0,0,0
92,20,UL,0,0,0,0
92,21,DL,0,0,0,0
92,21,UL,0,0,0,0
92,22,DL,0,0,0,0
92,22,UL,0,0,0,0
92,23,DL,0,0,0,0
92,23,UL,0,0,0,0
92,24,DL,0,0,0,0
92,24,UL,0,0,0,0
92,25,DL,0,0,0,0
92,25,UL,0,0,0,0
92,26,DL,0,0,0,0
92,26,UL,0,0,0,0
92,27,DL,0,0,0,0
92,27,UL,0,0,0,0
92,28,DL,0,0,0,0
92,28,UL,0,0,0,0
92,29,DL,0,0,0,0
92,29,UL,0,0,0,0
92,30,DL,0,0,0,0
92,30,UL,0,0,0,0
92,31,DL,0,0,0,0
92,31,UL,0,0,0,0
92,32,DL,0,0,0,0
92,32,UL,0,0,0,0
92,33,DL,0,0,0,0
92,33,UL,0,0,0,0
92,34,DL,0,0,0,0
92,34,UL,0,0,0,0
92,35,DL,0,0,0,0
92,35,UL,0,0,0,0
92,36,DL,0,0,0,0
92,36,UL,0,0,0,0
92,37,DL,0,0,0,0
92,37,UL,0,0,0,0
92,38,DL,0,0,0,0
92,38,UL,0,0,0,0
92,39,DL,0,0,0,0
92,39,UL,0,0,0,0
92,40,DL,0,0,0,0
92,40,UL,0.247208,0.000183967,0.12207,50
92,41,DL,0,0,0,0
92,41,UL,0,0,0,0
92,42,DL,0,0,0,0
92,42,UL,0,0,0,0
92,43,DL,0,0,0,0
92,43,UL,0,0,0,0
92,44,DL,0,0,0,0
92,44,UL,0,0,0,0
92,45,DL,0,0,0,0
92,45,UL,0,0,0,0
92,46,DL,0,0,0,0
92,46,UL,0,0,0,0
92,47,DL,0,0,0,0
92,47,UL,0,0,0,0
92,48,DL,0,0,0,0
92,48,UL,0,0,0,0
92,49,DL,0,0,0,0
92,49,UL,0,0,0,0
92,50,DL,0,0,0,0
92,50,UL,0,0,0,0
92,51,DL,0,0,0,0
92,51,UL,0,0,0,0
92,52,DL,0,0,0,0
92,52,UL,0,0,0,0
92,53,DL,0,0,0,0
92,53,UL,0,0,0,0
92,54,DL,0,0,0,0
92,54,UL,0,0,0,0
92,55,DL,0,0,0,0
92,55,UL,0,0,0,0
92,56,DL,0,0,0,0
92,56,UL,0,0,0,0
92,57,DL,0,0,0,0
92,57,UL,0,0,0,0
92,58,DL,0,0,0,0
92,58,UL,0,0,0,0
92,59,DL,0,0,0,0
92,59,UL,0,0,0,0
92,60,DL,0,0,0,0
92,60,UL,0,0,0,0
92,61,DL,0,0,0,0
92,61,UL,0,0,0,0
92,62,DL,0,0,0,0
92,62,UL,0,0,0,0
92,63,DL,0,0,0,0
92,63,UL,0,0,0,0
92,64,DL,0,0,0,0
92,64,UL,0,0,0,0
92,65,DL,0,0,0,0
92,65,UL,0,0,0,0
92,66,DL,0,0,0,0
92,66,UL,0,0,0,0
92,67,DL,0,0,0,0
92,67,UL,0,0,0,0
92,68,DL,0,0,0,0
92,68,UL,0,0,0,0
92,69,DL,0,0,0,0
92,69,UL,0,0,0,0
92,70,DL,0,0,0,0
92,70,UL,0,0,0,0
92,71,DL,0,0,0,0
92,71,UL,0,0,0,0
92,72,DL,0,0,0,0
92,72,UL,0,0,0,0
92,73,DL,0,0,0,0
92,73,UL,0,0,0,0
92,74,DL,0,0,0,0
92,74,UL,0,0,0,0
92,75,DL,0,0,0,0
92,75,UL,0,0,0,0
92,76,DL,0,0,0,0
92,76,UL,0,0,0,0
92,77,DL,0,0,0,0
92,77,UL,0,0,0,0
92,78,DL,0,0,0,0
92,78,UL,0,0,0,0
92,79,DL,0,0,0,0
92,79,UL,0,0,0,0
92,80,DL,0,0,0,0
92,80,UL,0,0,0,0
92,81,DL,0,0,0,0
92,81,UL,0,0,0,0
92,82,DL,0,0,0,0
92,82,UL,0,0,0,0
92,83,DL,0,0,0,0
92,83,UL,0,0,0,0
92,84,DL,0,0,0,0
92,84,UL,0,0,0,0
92,85,DL,0,0,0,0
92,85,UL,0,0,0,0
92,86,DL,0,0,0,0
92,86,UL,0,0,0,0
92,87,DL,0,0,0,0
92,87,UL,0,0,0,0
92,88,DL,0,0,0,0
92,88,UL,0,0,0,0
92,89,DL,0,0,0,0
92,89,UL,0,0,0,0
92,90,DL,0,0,0,0
92,90,UL,0,0,0,0
92,91,DL,0,0,0,0
92,91,UL,0,0,0,0
92,92,DL,0,0,0,0
92,92,UL,0,0,0,0
92,93,DL,0,0,0,0
92,93,UL,0,0,0,0
92,94,DL,0,0,0,0
92,94,UL,0,0,0,0
92,95,DL,0,0,0,0
92,95,UL,0,0,0,0
92,96,DL,0,0,0,0
92,96,UL,0,0,0,0
92,97,DL,0,0,0,0
92,97,UL,0,0,0,0
92,98,DL,0,0,0,0
92,98,UL,0,0,0,0
92,99,DL,0,0,0,0
92,99,UL,0,0,0,0
92,100,DL,0,0,0,0
92,100,UL,0,0,0,0
92,101,DL,0,0,0,0
92,101,UL,0,0,0,0
92,102,DL,0,0,0,0
92,102,UL,0,0,0,0
92,103,DL,0,0,0,0
92,103,UL,0,0,0,0
92,104,DL,0,0,0,0
92,104,UL,0,0,0,0
92,105,DL,0,0,0,0
92,105,UL,0,0,0,0
92,106,DL,0,0,0,0
92,106,UL,0,0,0,0
92,107,DL,0,0,0,0
92,107,UL,0,0,0,0
92,108,DL,0,0,0,0
92,108,UL,0,0,0,0
92,109,DL,0,0,0,0
92,109,UL,0,0,0,0
92,110,DL,0,0,0,0
92,110,UL,0,0,0,0
92,111,DL,0,0,0,0
92,111,UL,0,0,0,0
92,112,DL,0,0,0,0
92,112,UL,0,0,0,0
92,113,DL,0,0,0,0
92,113,UL,0,0,0,0
92,114,DL,0,0,0,0
92,114,UL,0,0,0,0
94,0,DL,0,0,0,0
94,0,UL,0,0,0,0
94,1,DL,0,0,0,0
94,1,UL,0,0,0,0
94,2,DL,0,0,0,0
94,2,UL,0,0,0,0
94,3,DL,0,0,0,0
94,3,UL,0,0,0,0
94,4,DL,0,0,0,0
94,4,UL,0,0,0,0
94,5,DL,0,0,0,0
94,5,UL,0,0,0,0
94,6,DL,0,0,0,0
94,6,UL,0,0,0,0
94,7,DL,0,0,0,0
94,7,UL,0,0,0,0
94,8,DL,0,0,0,0
94,8,UL,0,0,0,0
94,9,DL,0,0,0,0
94,9,UL,0,0,0,0
94,10,DL,0,0,0,0
94,10,UL,0,0,0,0
94,11,DL,0,0,0,0
94,11,UL,0,0,0,0
94,12,DL,0,0,0,0
94,12,UL,0,0,0,0
94,13,DL,0,0,0,0
94,13,UL,0,0,0,0
94,14,DL,0,0,0,0
94,14,UL,0,0,0,0
94,15,DL,0,0,0,0
94,15,UL,0,0,0,0
94,16,DL,0,0,0,0
94,16,UL,0,0,0,0
94,17,DL,0,0,0,0
94,17,UL,0,0,0,0
94,18,DL,0,0,0,0
94,18,UL,0,0,0,0
94,19,DL,0,0,0,0
94,19,UL,0,0,0,0
94,20,DL,0,0,0,0
94,20,UL,0,0,0,0
94,21,DL,0,0,0,0
94,21,UL,0,0,0,0
94,22,DL,0,0,0,0
94,22,UL,0,0,0,0
94,23,DL,0,0,0,0
94,23,UL,0,0,0,0
94,24,DL,0,0,0,0
94,24,UL,0,0,0,0
94,25,DL,0,0,0,0
94,25,UL,0,0,0,0
94,26,DL,0,0,0,0
94,26,UL,0,0,0,0
94,27,DL,0,0,0,0
94,27,UL,0,0,0,0
94,28,DL,0,0,0,0
94,28,UL,0,0,0,0
94,29,DL,0,0,0,0
94,29,UL,0,0,0,0
94,30,DL,0,0,0,0
94,30,UL,0,0,0,0
94,31,DL,0,0,0,0
94,31,UL,0,0,0,0
94,32,DL,0,0,0,0
94,32,UL,0,0,0,0
94,33,DL,0,0,0,0
94,33,UL,0,0,0,0
94,34,DL,0,0,0,0
94,34,UL,0,0,0,0
94,35,DL,0,0,0,0
94,35,UL,0,0,0,0
94,36,DL,0,0,0,0
94,36,UL,0,0,0,0
94,37,DL,0,0,0,0
94,37,UL,0,0,0,0
94,38,DL,0,0,0,0
94,38,UL,0,0,0,0
94,39,DL,0,0,0,0
94,39,UL,0,0,0,0
94,40,DL,0,0,0,0
94,40,UL,0,0,0,0
94,41,DL,0,0,0,0
94,41,UL,0,0,0,0
94,42,DL,0,0,0,0
94,42,UL,0,0,0,0
94,43,DL,0,0,0,0
94,43,UL,0,0,0,0
94,44,DL,0,0,0,0
94,44,UL,0,0,0,0
94,45,DL,0,0,0,0
94,45,UL,0,0,0,0
94,46,DL,0,0,0,0
94,46,UL,0,0,0,0
94,47,DL,0,0,0,0
94,47,UL,0,0,0,0
94,48,DL,0,0,0,0
94,48,UL,0,0,0,0
94,49,DL,0,0,0,0
94,49,UL,0,0,0,0
94,50,DL,0,0,0,0
94,50,UL,0,0,0,0
94,51,DL,0,0,0,0
94,51,UL,0,0,0,0
94,52,DL,0,0,0,0
94,52,UL,0,0,0,0
94,53,DL,0,0,0,0
94,53,UL,0,0,0,0
94,54,DL,0,0,0,0
94,54,UL,0,0,0,0
94,55,DL,0,0,0,0
94,55,UL,0,0,0,0
94,56,DL,0,0,0,0
94,56,UL,0,0,0,0
94,57,DL,0,0,0,0
94,57,UL,0,0,0,0
94,58,DL,0,0,0,0
94,58,UL,0,0,0,0
94,59,DL,0,0,0,0
94,59,UL,0,0,0,0
94,60,DL,0,0,0,0
94,60,UL,0,0,0,0
94,61,DL,0,0,0,0
94,61,UL,0,0,0,0
94,62,DL,0,0,0,0
94,62,UL,0,0,0,0
94,63,DL,0,0,0,0
94,63,UL,0,0,0,0
94,64,DL,0,0,0,0
94,64,UL,0,0,0,0
94,65,DL,0,0,0,0
94,65,UL,0,0,0,0
94,66,DL,0,0,0,0
94,66,UL,0,0,0,0
94,67,DL,0,0,0,0
94,67,UL,0,0,0,0
94,68,DL,0,0,0,0
94,68,UL,0,0,0,0
94,69,DL,0,0,0,0
94,69,UL,0,0,0,0
94,70,DL,0,0,0,0
94,70,UL,0,0,0,0
94,71,DL,0,0,0,0
94,71,UL,0,0,0,0
94,72,DL,0,0,0,0
94,72,UL,0,0,0,0
94,73,DL,0,0,0,0
94,73,UL,0,0,0,0
94,74,DL,0,0,0,0
94,74,UL,0,0,0,0
94,75,DL,0,0,0,0
94,75,UL,0,0,0,0
94,76,DL,0,0,0,0
94,76,UL,0,0,0,0
94,77,DL,0,0,0,0
94,77,UL,0,0,0,0
94,78,DL,0,0,0,0
94,78,UL,0,0,0,0
94,79,DL,0,0,0,0
94,79,UL,0,0,0,0
94,80,DL,0,0,0,0
94,80,UL,0,0,0,0
94,81,DL,0,0,0,0
94,81,UL,0,0,0,0
94,82,DL,0,0,0,0
94,82,UL,0,0,0,0
94,83,DL,0,0,0,0
94,83,UL,0,0,0,0
94,84,DL,0,0,0,0
94,84,UL,0,0,0,0
94,85,DL,0,0,0,0
94,85,UL,0,0,0,0
94,86,DL,0,0,0,0
94,86,UL,0,0,0,0
94,87,DL,0,0,0,0
94,87,UL,0,0,0,0
94,88,DL,0,0,0,0
94,88,UL,0,0,0,0
94,89,DL,0,0,0,0
94,89,UL,0,0,0,0
94,90,DL,0,0,0,0
94,90,UL,0,0,0,0
94,91,DL,0,0,0,0
94,91,UL,0,0,0,0
94,92,DL,0,0,0,0
94,92,UL,0,0,0,0
94,93,DL,0,0,0,0
94,93,UL,0,0,0,0
94,94,DL,0,0,0,0
94,94,UL,0,0,0,0
94,95,DL,0,0,0,0
94,95,UL,0,0,0,0
94,96,DL,0,0,0,0
94,96,UL,0,0,0,0
94,97,DL,0,0,0,0
94,97,UL,0,0,0,0
94,98,DL,0,0,0,0
94,98,UL,0,0,0,0
94,99,DL,0,0,0,0
94,99,UL,0,0,0,0
94,100,DL,0,0,0,0
94,100,UL,0,0,0,0
94,101,DL,0,0,0,0
94,101,UL,0,0,0,0
94,102,DL,0,0,0,0
94,102,UL,0,0,0,0
94,103,DL,0,0,0,0
94,103,UL,0,0,0,0
94,104,DL,0,0,0,0
94,104,UL,0,0,0,0
94,105,DL,0,0,0,0
94,105,UL,0,0,0,0
94,106,DL,0,0,0,0
94,106,UL,0,0,0,0
94,107,DL,0,0,0,0
94,107,UL,0,0,0,0
94,108,DL,0,0,0,0
94,108,UL,0,0,0,0
94,109,DL,0,0,0,0
94,109,UL,0,0,0,0
94,110,DL,0,0,0,0
94,110,UL,0,0,0,0
94,111,DL,0,0,0,0
94,111,UL,0,0,0,0
94,112,DL,0,0,0,0
94,112,UL,0,0,0,0
94,113,DL,0,0,0,0
94,113,UL,0,0,0,0
94,114,DL,0,0,0,0
94,114,UL,0,0,0,0
96,0,DL,0,0,0,0
96,0,UL,0,0,0,0
96,1,DL,0,0,0,0
96,1,UL,0,0,0,0
96,2,DL,0,0,0,0
96,2,UL,0,0,0,0
96,3,DL,0,0,0,0
96,3,UL,0,0,0,0
96,4,DL,0,0,0,0
96,4,UL,0,0,0,0
96,5,DL,0,0,0,0
96,5,UL,0,0,0,0
96,6,DL,0,0,0,0
96,6,UL,0,0,0,0
96,7,DL,0,0,0,0
96,7,UL,0,0,0,0
96,8,DL,0,0,0,0
96,8,UL,0,0,0,0
96,9,DL,0,0,0,0
96,9,UL,0,0,0,0
96,10,DL,0,0,0,0
96,10,UL,0,0,0,0
96,11,DL,0,0,0,0
96,11,UL,0,0,0,0
96,12,DL,0,0,0,0
96,12,UL,0,0,0,0
96,13,DL,0,0,0,0
96,13,UL,0,0,0,0
96,14,DL,0,0,0,0
96,14,UL,0,0,0,0
96,15,DL,0,0,0,0
96,15,UL,0,0,0,0
96,16,DL,0,0,0,0
96,16,UL,0,0,0,0
96,17,DL,0,0,0,0
96,17,UL,0,0,0,0
96,18,DL,0,0,0,0
96,18,UL,0,0,0,0
96,19,DL,0,0,0,0
96,19,UL,0,0,0,0
96,20,DL,0,0,0,0
96,20,UL,0,0,0,0
96,21,DL,0,0,0,0
96,21,UL,0,0,0,0
96,22,DL,0,0,0,0
96,22,UL,0,0,0,0
96,23,DL,0,0,0,0
96,23,UL,0,0,0,0
96,24,DL,0,0,0,0
96,24,UL,0,0,0,0
96,25,DL,0,0,0,0
96,25,UL,0,0,0,0
96,26,DL,0,0,0,0
96,26,UL,0,0,0,0
96,27,DL,0,0,0,0
96,27,UL,0,0,0,0
96,28,DL,0,0,0,0
96,28,UL,0,0,0,0
96,29,DL,0,0,0,0
96,29,UL,0,0,0,0
96,30,DL,2.89811,0.0715897,0.0796585,1.66667
96,30,UL,0,0,0,0
96,31,DL,0,0,0,0
96,31,UL,0,0,0,0
96,32,DL,0,0,0,0
96,32,UL,0,0,0,0
96,33,DL,0,0,0,0
96,33,UL,0,0,0,0
96,34,DL,0,0,0,0
96,34,UL,0,0,0,0
96,35,DL,0,0,0,0
96,35,UL,0,0,0,0
96,36,DL,0,0,0,0
96,36,UL,0,0,0,0
96,37,DL,0,0,0,0
96,37,UL,0,0,0,0
96,38,DL,0,0,0,0
96,38,UL,0,0,0,0
96,39,DL,0,0,0,0
96,39,UL,0,0,0,0
96,40,DL,0,0,0,0
96,40,UL,0,0,0,0
96,41,DL,0,0,0,0
96,41,UL,0,0,0,0
96,42,DL,0,0,0,0
96,42,UL,0,0,0,0
96,43,DL,0,0,0,0
96,43,UL,0,0,0,0
96,44,DL,0,0,0,0
96,44,UL,0,0,0,0
96,45,DL,0,0,0,0
96,45,UL,0,0,0,0
96,46,DL,0,0,0,0
96,46,UL,0,0,0,0
96,47,DL,0,0,0,0
96,47,UL,0,0,0,0
96,48,DL,0,0,0,0
96,48,UL,0,0,0,0
96,49,DL,0,0,0,0
96,49,UL,0,0,0,0
96,50,DL,0,0,0,0
96,50,UL,0,0,0,0
96,51,DL,0,0,0,0
96,51,UL,0,0,0,0
96,52,DL,0,0,0,0
96,52,UL,0,0,0,0
96,53,DL,0,0,0,0
96,53,UL,0,0,0,0
96,54,DL,0,0,0,0
96,54,UL,0,0,0,0
96,55,DL,0,0,0,0
96,55,UL,0,0,0,0
96,56,DL,0,0,0,0
96,56,UL,0,0,0,0
96,57,DL,0,0,0,0
96,57,UL,0,0,0,0
96,58,DL,0,0,0,0
96,58,UL,0,0,0,0
96,59,DL,0,0,0,0
96,59,UL,0,0,0,0
96,60,DL,0,0,0,0
96,60,UL,0,0,0,0
96,61,DL,0,0,0,0
96,61,UL,0,0,0,0
96,62,DL,0,0,0,0
96,62,UL,0,0,0,0
96,63,DL,0,0,0,0
96,63,UL,0,0,0,0
96,64,DL,0,0,0,0
96,64,UL,0,0,0,0
96,65,DL,0,0,0,0
96,65,UL,0,0,0,0
96,66,DL,0,0,0,0
96,66,UL,0,0,0,0
96,67,DL,0,0,0,0
96,67,UL,0,0,0,0
96,68,DL,0,0,0,0
96,68,UL,0,0,0,0
96,69,DL,0,0,0,0
96,69,UL,0,0,0,0
96,70,DL,0,0,0,0
96,70,UL,0,0,0,0
96,71,DL,0,0,0,0
96,71,UL,0,0,0,0
96,72,DL,0,0,0,0
96,72,UL,0,0,0,0
96,73,DL,0,0,0,0
96,73,UL,0,0,0,0
96,74,DL,0,0,0,0
96,74,UL,0,0,0,0
96,75,DL,0,0,0,0
96,75,UL,0,0,0,0
96,76,DL,0,0,0,0
96,76,UL,0,0,0,0
96,77,DL,0,0,0,0
96,77,UL,0,0,0,0
96,78,DL,0,0,0,0
96,78,UL,0,0,0,0
96,79,DL,0,0,0,0
96,79,UL,0,0,0,0
96,80,DL,0,0,0,0
96,80,UL,0,0,0,0
96,81,DL,0,0,0,0
96,81,UL,0,0,0,0
96,82,DL,0,0,0,0
96,82,UL,0,0,0,0
96,83,DL,0,0,0,0
96,83,UL,0,0,0,0
96,84,DL,0,0,0,0
96,84,UL,0,0,0,0
96,85,DL,0,0,0,0
96,85,UL,0,0,0,0
96,86,DL,0,0,0,0
96,86,UL,0,0,0,0
96,87,DL,0,0,0,0
96,87,UL,0,0,0,0
96,88,DL,0,0,0,0
96,88,UL,0,0,0,0
96,89,DL,0,0,0,0
96,89,UL,0,0,0,0
96,90,DL,0,0,0,0
96,90,UL,0,0,0,0
96,91,DL,0,0,0,0
96,91,UL,0,0,0,0
96,92,DL,0,0,0,0
96,92,UL,0,0,0,0
96,93,DL,0,0,0,0
96,93,UL,0,0,0,0
96,94,DL,0,0,0,0
96,94,UL,0,0,0,0
96,95,DL,0,0,0,0
96,95,UL,0,0,0,0
96,96,DL,0,0,0,0
96,96,UL,0,0,0,0
96,97,DL,0,0,0,0
96,97,UL,0,0,0,0
96,98,DL,0,0,0,0
96,98,UL,0,0,0,0
96,99,DL,0,0,0,0
96,99,UL,0,0,0,0
96,100,DL,0,0,0,0
96,100,UL,0,0,0,0
96,101,DL,0,0,0,0
96,101,UL,0,0,0,0
96,102,DL,0,0,0,0
96,102,UL,0,0,0,0
96,103,DL,0,0,0,0
96,103,UL,0,0,0,0
96,104,DL,0,0,0,0
96,104,UL,0,0,0,0
96,105,DL,0,0,0,0
96,105,UL,0,0,0,0
96,106,DL,0,0,0,0
96,106,UL,0,0,0,0
96,107,DL,0,0,0,0
96,107,UL,0,0,0,0
96,108,DL,0,0,0,0
96,108,UL,0,0,0,0
96,109,DL,0,0,0,0
96,109,UL,0,0,0,0
96,110,DL,0,0,0,0
96,110,UL,0,0,0,0
96,111,DL,0,0,0,0
96,111,UL,0,0,0,0
96,112,DL,0,0,0,0
96,112,UL,0,0,0,0
96,113,DL,0,0,0,0
96,113,UL,0,0,0,0
96,114,DL,0,0,0,0
96,114,UL,0,0,0,0
98,0,DL,0,0,0,0
98,0,UL,0,0,0,0
98,1,DL,0,0,0,0
98,1,UL,0,0,0,0
98,2,DL,0,0,0,0
98,2,UL,0,0,0,0
98,3,DL,0,0,0,0
98,3,UL,0,0,0,0
98,4,DL,0,0,0,0
98,4,UL,0,0,0,0
98,5,DL,0,0,0,0
98,5,UL,0,0,0,0
98,6,DL,0,0,0,0
98,6,UL,0,0,0,0
98,7,DL,0,0,0,0
98,7,UL,0,0,0,0
98,8,DL,0,0,0,0
98,8,UL,0,0,0,0
98,9,DL,0,0,0,0
98,9,UL,0,0,0,0
98,10,DL,0,0,0,0
98,10,UL,0,0,0,0
98,11,DL,0,0,0,0
98,11,UL,0,0,0,0
98,12,DL,0,0,0,0
98,12,UL,0,0,0,0
98,13,DL,0,0,0,0
98,13,UL,0,0,0,0
98,14,DL,0,0,0,0
98,14,UL,0,0,0,0
98,15,DL,0,0,0,0
98,15,UL,0,0,0,0
98,16,DL,0,0,0,0
98,16,UL,0,0,0,0
98,17,DL,0,0,0,0
98,17,UL,0,0,0,0
98,18,DL,0,0,0,0
98,18,UL,0,0,0,0
98,19,DL,0,0,0,0
98,19,UL,0,0,0,0
98,20,DL,0,0,0,0
98,20,UL,0,0,0,0
98,21,DL,0,0,0,0
98,21,UL,0,0,0,0
98,22,DL,0,0,0,0
98,22,UL,0,0,0,0
98,23,DL,0,0,0,0
98,23,UL,0,0,0,0
98,24,DL,0,0,0,0
98,24,UL,0,0,0,0
98,25,DL,0.166549,0.0729876,0.15918,3.33333
98,25,UL,0,0,0,0
98,26,DL,0,0,0,0
98,26,UL,0,0,0,0
98,27,DL,0,0,0,0
98,27,UL,0,0,0,0
98,28,DL,0,0,0,0
98,28,UL,0,0,0,0
98,29,DL,0,0,0,0
98,29,UL,0,0,0,0
98,30,DL,0,0,0,0
98,30,UL,0,0,0,0
98,31,DL,0,0,0,0
98,31,UL,0,0,0,0
98,32,DL,0,0,0,0
98,32,UL,0,0,0,0
98,33,DL,0,0,0,0
98,33,UL,0,0,0,0
98,34,DL,0,0,0,0
98,34,UL,0,0,0,0
98,35,DL,0,0,0,0
98,35,UL,0,0,0,0
98,36,DL,0,0,0,0
98,36,UL,0,0,0,0
98,37,DL,0,0,0,0
98,37,UL,0,0,0,0
98,38,DL,0,0,0,0
98,38,UL,0,0,0,0
98,39,DL,0,0,0,0
98,39,UL,0,0,0,0
98,40,DL,0,0,0,0
98,40,UL,0,0,0,0
98,41,DL,0,0,0,0
98,41,UL,0,0,0,0
98,42,DL,0,0,0,0
98,42,UL,0,0,0,0
98,43,DL,0,0,0,0
98,43,UL,0,0,0,0
98,44,DL,0,0,0,0
98,44,UL,0,0,0,0
98,45,DL,0,0,0,0
98,45,UL,0,0,0,0
98,46,DL,0,0,0,0
98,46,UL,0,0,0,0
98,47,DL,0,0,0,0
98,47,UL,0,0,0,0
98,48,DL,0,0,0,0
98,48,UL,0,0,0,0
98,49,DL,0,0,0,0
98,49,UL,0,0,0,0
98,50,DL,0,0,0,0
98,50,UL,0,0,0,0
98,51,DL,0,0,0,0
98,51,UL,0,0,0,0
98,52,DL,0,0,0,0
98,52,UL,0,0,0,0
98,53,DL,0,0,0,0
98,53,UL,0,0,0,0
98,54,DL,0,0,0,0
98,54,UL,0,0,0,0
98,55,DL,0,0,0,0
98,55,UL,0,0,0,0
98,56,DL,0,0,0,0
98,56,UL,0,0,0,0
98,57,DL,0,0,0,0
98,57,UL,0,0,0,0
98,58,DL,0,0,0,0
98,58,UL,0,0,0,0
98,59,DL,0,0,0,0
98,59,UL,0,0,0,0
98,60,DL,0,0,0,0
98,60,UL,0,0,0,0
98,61,DL,0,0,0,0
98,61,UL,0,0,0,0
98,62,DL,0,0,0,0
98,62,UL,0,0,0,0
98,63,DL,0,0,0,0
98,63,UL,0,0,0,0
98,64,DL,0,0,0,0
98,64,UL,0,0,0,0
98,65,DL,0,0,0,0
98,65,UL,0,0,0,0
98,66,DL,0,0,0,0
98,66,UL,0,0,0,0
98,67,DL,0,0,0,0
98,67,UL,0,0,0,0
98,68,DL,0,0,0,0
98,68,UL,0,0,0,0
98,69,DL,0,0,0,0
98,69,UL,0,0,0,0
98,70,DL,0,0,0,0
98,70,UL,0,0,0,0
98,71,DL,0,0,0,0
98,71,UL,0,0,0,0
98,72,DL,0,0,0,0
98,72,UL,0,0,0,0
98,73,DL,0,0,0,0
98,73,UL,0,0,0,0
98,74,DL,0,0,0,0
98,74,UL,0,0,0,0
98,75,DL,0,0,0,0
98,75,UL,0,0,0,0
98,76,DL,0,0,0,0
98,76,UL,0,0,0,0
98,77,DL,0,0,0,0
98,77,UL,0,0,0,0
98,78,DL,0,0,0,0
98,78,UL,0,0,0,0
98,79,DL,0,0,0,0
98,79,UL,0,0,0,0
98,80,DL,0,0,0,0
98,80,UL,0,0,0,0
98,81,DL,0,0,0,0
98,81,UL,0,0,0,0
98,82,DL,0,0,0,0
98,82,UL,0,0,0,0
98,83,DL,0,0,0,0
98,83,UL,0,0,0,0
98,84,DL,0,0,0,0
98,84,UL,0,0,0,0
98,85,DL,0,0,0,0
98,85,UL,0,0,0,0
98,86,DL,0,0,0,0
98,86,UL,0,0,0,0
98,87,DL,0,0,0,0
98,87,UL,0,0,0,0
98,88,DL,0,0,0,0
98,88,UL,0,0,0,0
98,89,DL,0,0,0,0
98,89,UL,0,0,0,0
98,90,DL,0,0,0,0
98,90,UL,0,0,0,0
98,91,DL,0,0,0,0
98,91,UL,0,0,0,0
98,92,DL,0,0,0,0
98,92,UL,0,0,0,0
98,93,DL,0,0,0,0
98,93,UL,0,0,0,0
98,94,DL,0,0,0,0
98,94,UL,0,0,0,0
98,95,DL,0,0,0,0
98,95,UL,0,0,0,0
98,96,DL,0,0,0,0
98,96,UL,0,0,0,0
98,97,DL,0,0,0,0
98,97,UL,0,0,0,0
98,98,DL,0,0,0,0
98,98,UL,0,0,0,0
98,99,DL,0,0,0,0
98,99,UL,0,0,0,0
98,100,DL,0,0,0,0
98,100,UL,0,0,0,0
98,101,DL,0,0,0,0
98,101,UL,0,0,0,0
98,102,DL,0,0,0,0
98,102,UL,0,0,0,0
98,103,DL,0,0,0,0
98,103,UL,0,0,0,0
98,104,DL,0,0,0,0
98,104,UL,0,0,0,0
98,105,DL,3.13843,0.055792,0.119331,2.5
98,105,UL,0,0,0,0
98,106,DL,0,0,0,0
98,106,UL,0,0,0,0
98,107,DL,0,0,0,0
98,107,UL,0,0,0,0
98,108,DL,0,0,0,0
98,108,UL,0,0,0,0
98,109,DL,0,0,0,0
98,109,UL,0,0,0,0
98,110,DL,0,0,0,0
98,110,UL,0,0,0,0
98,111,DL,0,0,0,0
98,111,UL,0,0,0,0
98,112,DL,0,0,0,0
98,112,UL,0,0,0,0
98,113,DL,0,0,0,0
98,113,UL,0,0,0,0
98,114,DL,0,0,0,0
98,114,UL,0,0,0,0
100,0,DL,0,0,0,0
100,0,UL,0,0,0,0
100,1,DL,0,0,0,0
100,1,UL,0,0,0,0
100,2,DL,0,0,0,0
100,2,UL,0,0,0,0
100,3,DL,0,0,0,0
100,3,UL,0,0,0,0
100,4,DL,0,0,0,0
100,4,UL,0,0,0,0
100,5,DL,0,0,0,0
100,5,UL,0,0,0,0
100,6,DL,0,0,0,0
100,6,UL,0,0,0,0
100,7,DL,0,0,0,0
100,7,UL,0,0,0,0
100,8,DL,0,0,0,0
100,8,UL,0,0,0,0
100,9,DL,0,0,0,0
100,9,UL,0,0,0,0
100,10,DL,0,0,0,0
100,10,UL,0,0,0,0
100,11,DL,0,0,0,0
100,11,UL,0,0,0,0
100,12,DL,0,0,0,0
100,12,UL,0,0,0,0
100,13,DL,0,0,0,0
100,13,UL,0,0,0,0
100,14,DL,0,0,0,0
100,14,UL,0,0,0,0
100,15,DL,0,0,0,0
100,15,UL,0,0,0,0
100,16,DL,0,0,0,0
100,16,UL,0,0,0,0
100,17,DL,0,0,0,0
100,17,UL,0,0,0,0
100,18,DL,0,0,0,0
100,18,UL,0,0,0,0
100,19,DL,0,0,0,0
100,19,UL,0,0,0,0
100,20,DL,0,0,0,0
100,20,UL,0,0,0,0
100,21,DL,0,0,0,0
100,21,UL,0,0,0,0
100,22,DL,0,0,0,0
100,22,UL,0,0,0,0
100,23,DL,0,0,0,0
100,23,UL,0,0,0,0
100,24,DL,0,0,0,0
100,24,UL,0,0,0,0
100,25,DL,0,0,0,0
100,25,UL,0,0,0,0
100,26,DL,0,0,0,0
100,26,UL,0,0,0,0
100,27,DL,0,0,0,0
100,27,UL,0,0,0,0
100,28,DL,0,0,0,0
100,28,UL,0,0,0,0
100,29,DL,0,0,0,0
100,29,UL,0,0,0,0
100,30,DL,0,0,0,0
100,30,UL,0,0,0,0
100,31,DL,0,0,0,0
100,31,UL,0,0,0,0
100,32,DL,0,0,0,0
100,32,UL,0,0,0,0
100,33,DL,0,0,0,0
100,33,UL,0,0,0,0
100,34,DL,0,0,0,0
100,34,UL,0,0,0,0
100,35,DL,0,0,0,0
100,35,UL,0,0,0,0
100,36,DL,0,0,0,0
100,36,UL,0,0,0,0
100,37,DL,0,0,0,0
100,37,UL,0,0,0,0
100,38,DL,0,0,0,0
100,38,UL,0,0,0,0
100,39,DL,0,0,0,0
100,39,UL,0,0,0,0
100,40,DL,0,0,0,0
100,40,UL,0,0,0,0
100,41,DL,0,0,0,0
100,41,UL,0,0,0,0
100,42,DL,0,0,0,0
100,42,UL,0,0,0,0
100,43,DL,0,0,0,0
100,43,UL,0,0,0,0
100,44,DL,0,0,0,0
100,44,UL,0,0,0,0
100,45,DL,0,0,0,0
100,45,UL,0,0,0,0
100,46,DL,0,0,0,0
100,46,UL,0,0,0,0
100,47,DL,0,0,0,0
100,47,UL,0,0,0,0
100,48,DL,0,0,0,0
100,48,UL,0,0,0,0
100,49,DL,0,0,0,0
100,49,UL,0,0,0,0
100,50,DL,0,0,0,0
100,50,UL,0,0,0,0
100,51,DL,0,0,0,0
100,51,UL,0,0,0,0
100,52,DL,0,0,0,0
100,52,UL,0,0,0,0
100,53,DL,0,0,0,0
100,53,UL,0,0,0,0
100,54,DL,0,0,0,0
100,54,UL,0,0,0,0
100,55,DL,0,0,0,0
100,55,UL,0,0,0,0
100,56,DL,0,0,0,0
100,56,UL,0,0,0,0
100,57,DL,0,0,0,0
100,57,UL,0,0,0,0
100,58,DL,0,0,0,0
100,58,UL,0,0,0,0
100,59,DL,0,0,0,0
100,59,UL,0,0,0,0
100,60,DL,0,0,0,0
100,60,UL,0,0,0,0
100,61,DL,0,0,0,0
100,61,UL,0,0,0,0
100,62,DL,0,0,0,0
100,62,UL,0,0,0,0
100,63,DL,0,0,0,0
100,63,UL,0,0,0,0
100,64,DL,0,0,0,0
100,64,UL,0,0,0,0
100,65,DL,0,0,0,0
100,65,UL,0,0,0,0
100,66,DL,0,0,0,0
100,66,UL,0,0,0,0
100,67,DL,0,0,0,0
100,67,UL,0,0,0,0
100,68,DL,0,0,0,0
100,68,UL,0,0,0,0
100,69,DL,0,0,0,0
100,69,UL,0,0,0,0
100,70,DL,0,0,0,0
100,70,UL,0,0,0,0
100,71,DL,0,0,0,0
100,71,UL,0,0,0,0
100,72,DL,0,0,0,0
100,72,UL,0,0,0,0
100,73,DL,0,0,0,0
100,73,UL,0,0,0,0
100,74,DL,0,0,0,0
100,74,UL,0,0,0,0
100,75,DL,0,0,0,0
100,75,UL,0,0,0,0
100,76,DL,0,0,0,0
100,76,UL,0,0,0,0
100,77,DL,0,0,0,0
100,77,UL,0,0,0,0
100,78,DL,0,0,0,0
100,78,UL,0,0,0,0
100,79,DL,0,0,0,0
100,79,UL,0,0,0,0
100,80,DL,0,0,0,0
100,80,UL,0,0,0,0
100,81,DL,0,0,0,0
100,81,UL,0,0,0,0
100,82,DL,0,0,0,0
100,82,UL,0,0,0,0
100,83,DL,0,0,0,0
100,83,UL,0,0,0,0
100,84,DL,0,0,0,0
100,84,UL,0,0,0,0
100,85,DL,0,0,0,0
100,85,UL,0,0,0,0
100,86,DL,0,0,0,0
100,86,UL,0,0,0,0
100,87,DL,0,0,0,0
100,87,UL,0,0,0,0
100,88,DL,0,0,0,0
100,88,UL,0,0,0,0
100,89,DL,0,0,0,0
100,89,UL,0,0,0,0
100,90,DL,0,0,0,0
100,90,UL,0,0,0,0
100,91,DL,0,0,0,0
100,91,UL,0,0,0,0
100,92,DL,0,0,0,0
100,92,UL,0,0,0,0
100,93,DL,0,0,0,0
100,93,UL,0,0,0,0
100,94,DL,0,0,0,0
100,94,UL,0,0,0,0
100,95,DL,0,0,0,0
100,95,UL,0,0,0,0
100,96,DL,0,0,0,0
100,96,UL,0,0,0,0
100,97,DL,0,0,0,0
100,97,UL,0,0,0,0
100,98,DL,0,0,0,0
100,98,UL,0,0,0,0
100,99,DL,0,0,0,0
100,99,UL,0,0,0,0
100,100,DL,0,0,0,0
100,100,UL,0,0,0,0
100,101,DL,0,0,0,0
100,101,UL,0,0,0,0
100,102,DL,0,0,0,0
100,102,UL,0,0,0,0
100,103,DL,0,0,0,0
100,103,UL,0,0,0,0
100,104,DL,0,0,0,0
100,104,UL,0,0,0,0
100,105,DL,4.79339,0.423235,0.159222,3.33333
100,105,UL,0,0,0,0
100,106,DL,0,0,0,0
100,106,UL,0,0,0,0
100,107,DL,0,0,0,0
100,107,UL,0,0,0,0
100,108,DL,0,0,0,0
100,108,UL,0,0,0,0
100,109,DL,0,0,0,0
100,109,UL,0,0,0,0
100,110,DL,0,0,0,0
100,110,UL,0,0,0,0
100,111,DL,0,0,0,0
100,111,UL,0,0,0,0
100,112,DL,0,0,0,0
100,112,UL,0,0,0,0
100,113,DL,0,0,0,0
100,113,UL,0,0,0,0
100,114,DL,0,0,0,0
100,114,UL,0,0,0,0
102,0,DL,0,0,0,0
102,0,UL,0,0,0,0
102,1,DL,0,0,0,0
102,1,UL,0,0,0,0
102,2,DL,0,0,0,0
102,2,UL,0,0,0,0
102,3,DL,0,0,0,0
102,3,UL,0,0,0,0
102,4,DL,0,0,0,0
102,4,UL,0,0,0,0
102,5,DL,0,0,0,0
102,5,UL,0,0,0,0
102,6,DL,0,0,0,0
102,6,UL,0,0,0,0
102,7,DL,0,0,0,0
102,7,UL,0,0,0,0
102,8,DL,0,0,0,0
102,8,UL,0,0,0,0
102,9,DL,0,0,0,0
102,9,UL,0,0,0,0
102,10,DL,0,0,0,0
102,10,UL,0,0,0,0
102,11,DL,0,0,0,0
102,11,UL,0,0,0,0
102,12,DL,0,0,0,0
102,12,UL,0,0,0,0
102,13,DL,0,0,0,0
102,13,UL,0,0,0,0
102,14,DL,0,0,0,0
102,14,UL,0,0,0,0
102,15,DL,0,0,0,0
102,15,UL,0,0,0,0
102,16,DL,0,0,0,0
102,16,UL,0,0,0,0
102,17,DL,0,0,0,0
102,17,UL,0,0,0,0
102,18,DL,0,0,0,0
102,18,UL,0,0,0,0
102,19,DL,0,0,0,0
102,19,UL,0,0,0,0
102,20,DL,0,0,0,0
102,20,UL,0,0,0,0
102,21,DL,0,0,0,0
102,21,UL,0,0,0,0
102,22,DL,0,0,0,0
102,22,UL,0,0,0,0
102,23,DL,0,0,0,0
102,23,UL,0,0,0,0
102,24,DL,0,0,0,0
102,24,UL,0,0,0,0
102,25,DL,0,0,0,0
102,25,UL,0,0,0,0
102,26,DL,0,0,0,0
102,26,UL,0,0,0,0
102,27,DL,0,0,0,0
102,27,UL,0,0,0,0
102,28,DL,0,0,0,0
102,28,UL,0,0,0,0
102,29,DL,0,0,0,0
102,29,UL,0,0,0,0
102,30,DL,0,0,0,0
102,30,UL,0,0,0,0
102,31,DL,0,0,0,0
102,31,UL,0,0,0,0
102,32,DL,0,0,0,0
102,32,UL,0,0,0,0
102,33,DL,0,0,0,0
102,33,UL,0,0,0,0
102,34,DL,0,0,0,0
102,34,UL,0,0,0,0
102,35,DL,0,0,0,0
102,35,UL,0,0,0,0
102,36,DL,0,0,0,0
102,36,UL,0,0,0,0
102,37,DL,0,0,0,0
102,37,UL,0,0,0,0
102,38,DL,0,0,0,0
102,38,UL,0,0,0,0
102,39,DL,0,0,0,0
102,39,UL,0,0,0,0
102,40,DL,0,0,0,0
102,40,UL,0,0,0,0
102,41,DL,0,0,0,0
102,41,UL,0,0,0,0
102,42,DL,0,0,0,0
102,42,UL,0,0,0,0
102,43,DL,0,0,0,0
102,43,UL,0,0,0,0
102,44,DL,0,0,0,0
102,44,UL,0,0,0,0
102,45,DL,0,0,0,0
102,45,UL,0,0,0,0
102,46,DL,0,0,0,0
102,46,UL,0,0,0,0
102,47,DL,0,0,0,0
102,47,UL,0,0,0,0
102,48,DL,0,0,0,0
102,48,UL,0,0,0,0
102,49,DL,0,0,0,0
102,49,UL,0,0,0,0
102,50,DL,0,0,0,0
102,50,UL,0,0,0,0
102,51,DL,0,0,0,0
102,51,UL,0,0,0,0
102,52,DL,0,0,0,0
102,52,UL,0,0,0,0
102,53,DL,0,0,0,0
102,53,UL,0,0,0,0
102,54,DL,0,0,0,0
102,54,UL,0,0,0,0
102,55,DL,0,0,0,0
102,55,UL,0,0,0,0
102,56,DL,0,0,0,0
102,56,UL,0,0,0,0
102,57,DL,0,0,0,0
102,57,UL,0,0,0,0
102,58,DL,0,0,0,0
102,58,UL,0,0,0,0
102,59,DL,0,0,0,0
102,59,UL,0,0,0,0
102,60,DL,0,0,0,0
102,60,UL,0,0,0,0
102,61,DL,0,0,0,0
102,61,UL,0,0,0,0
102,62,DL,0,0,0,0
102,62,UL,0,0,0,0
102,63,DL,0,0,0,0
102,63,UL,0,0,0,0
102,64,DL,0,0,0,0
102,64,UL,0,0,0,0
102,65,DL,0,0,0,0
102,65,UL,0,0,0,0
102,66,DL,0,0,0,0
102,66,UL,0,0,0,0
102,67,DL,0,0,0,0
102,67,UL,0,0,0,0
102,68,DL,0,0,0,0
102,68,UL,0,0,0,0
102,69,DL,0,0,0,0
102,69,UL,0,0,0,0
102,70,DL,0,0,0,0
102,70,UL,0,0,0,0
102,71,DL,0,0,0,0
102,71,UL,0,0,0,0
102,72,DL,0,0,0,0
102,72,UL,0,0,0,0
102,73,DL,0,0,0,0
102,73,UL,0,0,0,0
102,74,DL,0,0,0,0
102,74,UL,0,0,0,0
102,75,DL,0,0,0,0
102,75,UL,0,0,0,0
102,76,DL,0,0,0,0
102,76,UL,0,0,0,0
102,77,DL,0,0,0,0
102,77,UL,0,0,0,0
102,78,DL,0,0,0,0
102,78,UL,0,0,0,0
102,79,DL,0,0,0,0
102,79,UL,0,0,0,0
102,80,DL,0,0,0,0
102,80,UL,0,0,0,0
102,81,DL,0,0,0,0
102,81,UL,0,0,0,0
102,82,DL,0,0,0,0
102,82,UL,0,0,0,0
102,83,DL,0,0,0,0
102,83,UL,0,0,0,0
102,84,DL,0,0,0,0
102,84,UL,0,0,0,0
102,85,DL,0,0,0,0
102,85,UL,0,0,0,0
102,86,DL,0,0,0,0
102,86,UL,0,0,0,0
102,87,DL,0,0,0,0
102,87,UL,0,0,0,0
102,88,DL,0,0,0,0
102,88,UL,0,0,0,0
102,89,DL,0,0,0,0
102,89,UL,0,0,0,0
102,90,DL,0,0,0,0
102,90,UL,0,0,0,0
102,91,DL,0,0,0,0
102,91,UL,0,0,0,0
102,92,DL,0,0,0,0
102,92,UL,0,0,0,0
102,93,DL,0,0,0,0
102,93,UL,0,0,0,0
102,94,DL,0,0,0,0
102,94,UL,0,0,0,0
102,95,DL,0,0,0,0
102,95,UL,0,0,0,0
102,96,DL,0,0,0,0
102,96,UL,0,0,0,0
102,97,DL,0,0,0,0
102,97,UL,0,0,0,0
102,98,DL,0,0,0,0
102,98,UL,0,0,0,0
102,99,DL,0,0,0,0
102,99,UL,0,0,0,0
102,100,DL,0,0,0,0
102,100,UL,0,0,0,0
102,101,DL,0,0,0,0
102,101,UL,0,0,0,0
102,102,DL,0,0,0,0
102,102,UL,0,0,0,0
102,103,DL,0,0,0,0
102,103,UL,0,0,0,0
102,104,DL,0,0,0,0
102,104,UL,0,0,0,0
102,105,DL,5.37948,0.0846863,0.398262,8.33333
102,105,UL,0,0,0,0
102,106,DL,0,0,0,0
102,106,UL,0,0,0,0
102,107,DL,0,0,0,0
102,107,UL,0,0,0,0
102,108,DL,0,0,0,0
102,108,UL,0,0,0,0
102,109,DL,0,0,0,0
102,109,UL,0,0,0,0
102,110,DL,0,0,0,0
102,110,UL,0,0,0,0
102,111,DL,0,0,0,0
102,111,UL,0,0,0,0
102,112,DL,0,0,0,0
102,112,UL,0,0,0,0
102,113,DL,0,0,0,0
102,113,UL,0,0,0,0
102,114,DL,0,0,0,0
102,114,UL,0,0,0,0
104,0,DL,0,0,0,0
104,0,UL,0,0,0,0
104,1,DL,0,0,0,0
104,1,UL,0,0,0,0
104,2,DL,0,0,0,0
104,2,UL,0,0,0,0
104,3,DL,0,0,0,0
104,3,UL,0,0,0,0
104,4,DL,0,0,0,0
104,4,UL,0,0,0,0
104,5,DL,0,0,0,0
104,5,UL,0,0,0,0
104,6,DL,0,0,0,0
104,6,UL,0,0,0,0
104,7,DL,0,0,0,0
104,7,UL,0,0,0,0
104,8,DL,0,0,0,0
104,8,UL,0,0,0,0
104,9,DL,0,0,0,0
104,9,UL,0,0,0,0
104,10,DL,0,0,0,0
104,10,UL,0,0,0,0
104,11,DL,0,0,0,0
104,11,UL,0,0,0,0
104,12,DL,0,0,0,0
104,12,UL,0,0,0,0
104,13,DL,0,0,0,0
104,13,UL,0,0,0,0
104,14,DL,0,0,0,0
104,14,UL,0,0,0,0
104,15,DL,0,0,0,0
104,15,UL,0,0,0,0
104,16,DL,0,0,0,0
104,16,UL,0,0,0,0
104,17,DL,0,0,0,0
104,17,UL,0,0,0,0
104,18,DL,0,0,0,0
104,18,UL,0,0,0,0
104,19,DL,0,0,0,0
104,19,UL,0,0,0,0
104,20,DL,0,0,0,0
104,20,UL,0,0,0,0
104,21,DL,0,0,0,0
104,21,UL,0,0,0,0
104,22,DL,0,0,0,0
104,22,UL,0,0,0,0
104,23,DL,0,0,0,0
104,23,UL,0,0,0,0
104,24,DL,0,0,0,0
104,24,UL,0,0,0,0
104,25,DL,0,0,0,0
104,25,UL,0,0,0,0
104,26,DL,0,0,0,0
104,26,UL,0,0,0,0
104,27,DL,0,0,0,0
104,27,UL,0,0,0,0
104,28,DL,0.948821,0.546791,0.198936,4.16667
104,28,UL,0,0,0,0
104,29,DL,0,0,0,0
104,29,UL,0,0,0,0
104,30,DL,0,0,0,0
104,30,UL,0,0,0,0
104,31,DL,0,0,0,0
104,31,UL,0,0,0,0
104,32,DL,0,0,0,0
104,32,UL,0,0,0,0
104,33,DL,0,0,0,0
104,33,UL,0,0,0,0
104,34,DL,0,0,0,0
104,34,UL,0,0,0,0
104,35,DL,0,0,0,0
104,35,UL,0,0,0,0
104,36,DL,0,0,0,0
104,36,UL,0,0,0,0
104,37,DL,0,0,0,0
104,37,UL,0,0,0,0
104,38,DL,0,0,0,0
104,38,UL,0,0,0,0
104,39,DL,0,0,0,0
104,39,UL,0,0,0,0
104,40,DL,0,0,0,0
104,40,UL,0,0,0,0
104,41,DL,0,0,0,0
104,41,UL,0,0,0,0
104,42,DL,0,0,0,0
104,42,UL,0,0,0,0
104,43,DL,0,0,0,0
104,43,UL,0,0,0,0
104,44,DL,0,0,0,0
104,44,UL,0,0,0,0
104,45,DL,0,0,0,0
104,45,UL,0,0,0,0
104,46,DL,0,0,0,0
104,46,UL,0,0,0,0
104,47,DL,0,0,0,0
104,47,UL,0,0,0,0
104,48,DL,0,0,0,0
104,48,UL,0,0,0,0
104,49,DL,0,0,0,0
104,49,UL,0,0,0,0
104,50,DL,0,0,0,0
104,50,UL,0,0,0,0
104,51,DL,0,0,0,0
104,51,UL,0,0,0,0
104,52,DL,0,0,0,0
104,52,UL,0,0,0,0
104,53,DL,0,0,0,0
104,53,UL,0,0,0,0
104,54,DL,0,0,0,0
104,54,UL,0,0,0,0
104,55,DL,0,0,0,0
104,55,UL,0,0,0,0
104,56,DL,0,0,0,0
104,56,UL,0,0,0,0
104,57,DL,0,0,0,0
104,57,UL,0,0,0,0
104,58,DL,0,0,0,0
104,58,UL,0,0,0,0
104,59,DL,0,0,0,0
104,59,UL,0,0,0,0
104,60,DL,0,0,0,0
104,60,UL,0,0,0,0
104,61,DL,0,0,0,0
104,61,UL,0,0,0,0
104,62,DL,0,0,0,0
104,62,UL,0,0,0,0
104,63,DL,0,0,0,0
104,63,UL,0,0,0,0
104,64,DL,0,0,0,0
104,64,UL,0,0,0,0
104,65,DL,0,0,0,0
104,65,UL,0,0,0,0
104,66,DL,0,0,0,0
104,66,UL,0,0,0,0
104,67,DL,0,0,0,0
104,67,UL,0,0,0,0
104,68,DL,0,0,0,0
104,68,UL,0,0,0,0
104,69,DL,0,0,0,0
104,69,UL,0,0,0,0
104,70,DL,0,0,0,0
104,70,UL,0,0,0,0
104,71,DL,0,0,0,0
104,71,UL,0,0,0,0
104,72,DL,0,0,0,0
104,72,UL,0,0,0,0
104,73,DL,0,0,0,0
104,73,UL,0,0,0,0
104,74,DL,0,0,0,0
104,74,UL,0,0,0,0
104,75,DL,0,0,0,0
104,75,UL,0,0,0,0
104,76,DL,0,0,0,0
104,76,UL,0,0,0,0
104,77,DL,0,0,0,0
104,77,UL,0,0,0,0
104,78,DL,0,0,0,0
104,78,UL,0,0,0,0
104,79,DL,0,0,0,0
104,79,UL,0,0,0,0
104,80,DL,0,0,0,0
104,80,UL,0,0,0,0
104,81,DL,0,0,0,0
104,81,UL,0,0,0,0
104,82,DL,0,0,0,0
104,82,UL,0,0,0,0
104,83,DL,0,0,0,0
104,83,UL,0,0,0,0
104,84,DL,0,0,0,0
104,84,UL,0,0,0,0
104,85,DL,0,0,0,0
104,85,UL,0,0,0,0
104,86,DL,1.12478,2.49834,0.0398026,0.833333
104,86,UL,0,0,0,0
104,87,DL,0,0,0,0
104,87,UL,0,0,0,0
104,88,DL,0,0,0,0
104,88,UL,0,0,0,0
104,89,DL,0,0,0,0
104,89,UL,0,0,0,0
104,90,DL,0,0,0,0
104,90,UL,0,0,0,0
104,91,DL,0,0,0,0
104,91,UL,0,0,0,0
104,92,DL,0,0,0,0
104,92,UL,0,0,0,0
104,93,DL,0,0,0,0
104,93,UL,0,0,0,0
104,94,DL,0,0,0,0
104,94,UL,0,0,0,0
104,95,DL,0,0,0,0
104,95,UL,0,0,0,0
104,96,DL,0,0,0,0
104,96,UL,0,0,0,0
104,97,DL,0,0,0,0
104,97,UL,0,0,0,0
104,98,DL,0,0,0,0
104,98,UL,0,0,0,0
104,99,DL,0,0,0,0
104,99,UL,0,0,0,0
104,100,DL,0,0,0,0
104,100,UL,0,0,0,0
104,101,DL,0,0,0,0
104,101,UL,0,0,0,0
104,102,DL,0,0,0,0
104,102,UL,0,0,0,0
104,103,DL,0,0,0,0
104,103,UL,0,0,0,0
104,104,DL,0,0,0,0
104,104,UL,0,0,0,0
104,105,DL,0,0,0,0
104,105,UL,0,0,0,0
104,106,DL,0,0,0,0
104,106,UL,0,0,0,0
104,107,DL,0,0,0,0
104,107,UL,0,0,0,0
104,108,DL,0,0,0,0
104,108,UL,0,0,0,0
104,109,DL,0,0,0,0
104,109,UL,0,0,0,0
104,110,DL,0,0,0,0
104,110,UL,0,0,0,0
104,111,DL,0,0,0,0
104,111,UL,0,0,0,0
104,112,DL,0,0,0,0
104,112,UL,0,0,0,0
104,113,DL,0,0,0,0
104,113,UL,0,0,0,0
104,114,DL,0,0,0,0
104,114,UL,0,0,0,0
106,0,DL,0,0,0,0
106,0,UL,0,0,0,0
106,1,DL,0,0,0,0
106,1,UL,0,0,0,0
106,2,DL,0,0,0,0
106,2,UL,0,0,0,0
106,3,DL,0,0,0,0
106,3,UL,0,0,0,0
106,4,DL,0,0,0,0
106,4,UL,0,0,0,0
106,5,DL,0,0,0,0
106,5,UL,0,0,0,0
106,6,DL,0,0,0,0
106,6,UL,0,0,0,0
106,7,DL,0,0,0,0
106,7,UL,0,0,0,0
106,8,DL,0,0,0,0
106,8,UL,0,0,0,0
106,9,DL,0,0,0,0
106,9,UL,0,0,0,0
106,10,DL,0,0,0,0
106,10,UL,0,0,0,0
106,11,DL,0,0,0,0
106,11,UL,0,0,0,0
106,12,DL,0,0,0,0
106,12,UL,0,0,0,0
106,13,DL,0,0,0,0
106,13,UL,0,0,0,0
106,14,DL,0,0,0,0
106,14,UL,0,0,0,0
106,15,DL,0,0,0,0
106,15,UL,0,0,0,0
106,16,DL,0,0,0,0
106,16,UL,0,0,0,0
106,17,DL,0,0,0,0
106,17,UL,0,0,0,0
106,18,DL,0,0,0,0
106,18,UL,0,0,0,0
106,19,DL,0,0,0,0
106,19,UL,0,0,0,0
106,20,DL,0,0,0,0
106,20,UL,0,0,0,0
106,21,DL,0,0,0,0
106,21,UL,0,0,0,0
106,22,DL,0,0,0,0
106,22,UL,0,0,0,0
106,23,DL,0,0,0,0
106,23,UL,0,0,0,0
106,24,DL,0,0,0,0
106,24,UL,0,0,0,0
106,25,DL,0,0,0,0
106,25,UL,0,0,0,0
106,26,DL,0,0,0,0
106,26,UL,0,0,0,0
106,27,DL,0,0,0,0
106,27,UL,0,0,0,0
106,28,DL,0,0,0,0
106,28,UL,0,0,0,0
106,29,DL,0,0,0,0
106,29,UL,0,0,0,0
106,30,DL,0,0,0,0
106,30,UL,0,0,0,0
106,31,DL,0,0,0,0
106,31,UL,0,0,0,0
106,32,DL,0,0,0,0
106,32,UL,0,0,0,0
106,33,DL,0,0,0,0
106,33,UL,0,0,0,0
106,34,DL,0,0,0,0
106,34,UL,0,0,0,0
106,35,DL,0,0,0,0
106,35,UL,0,0,0,0
106,36,DL,0,0,0,0
106,36,UL,0,0,0,0
106,37,DL,0,0,0,0
106,37,UL,0,0,0,0
106,38,DL,0,0,0,0
106,38,UL,0,0,0,0
106,39,DL,0,0,0,0
106,39,UL,0,0,0,0
106,40,DL,0,0,0,0
106,40,UL,0,0,0,0
106,41,DL,0,0,0,0
106,41,UL,0,0,0,0
106,42,DL,0,0,0,0
106,42,UL,0,0,0,0
106,43,DL,0,0,0,0
106,43,UL,0,0,0,0
106,44,DL,0,0,0,0
106,44,UL,0,0,0,0
106,45,DL,0,0,0,0
106,45,UL,0,0,0,0
106,46,DL,0,0,0,0
106,46,UL,0,0,0,0
106,47,DL,0,0,0,0
106,47,UL,0,0,0,0
106,48,DL,0,0,0,0
106,48,UL,0,0,0,0
106,49,DL,0,0,0,0
106,49,UL,0,0,0,0
106,50,DL,0,0,0,0
106,50,UL,0,0,0,0
106,51,DL,0,0,0,0
106,51,UL,0,0,0,0
106,52,DL,0,0,0,0
106,52,UL,0,0,0,0
106,53,DL,0,0,0,0
106,53,UL,0,0,0,0
106,54,DL,0,0,0,0
106,54,UL,0,0,0,0
106,55,DL,0,0,0,0
106,55,UL,0,0,0,0
106,56,DL,0,0,0,0
106,56,UL,0,0,0,0
106,57,DL,0,0,0,0
106,57,UL,0,0,0,0
106,58,DL,0,0,0,0
106,58,UL,0,0,0,0
106,59,DL,0,0,0,0
106,59,UL,0,0,0,0
106,60,DL,0,0,0,0
106,60,UL,0,0,0,0
106,61,DL,0,0,0,0
106,61,UL,0,0,0,0
106,62,DL,0,0,0,0
106,62,UL,0,0,0,0
106,63,DL,0,0,0,0
106,63,UL,0,0,0,0
106,64,DL,0,0,0,0
106,64,UL,0,0,0,0
106,65,DL,0,0,0,0
106,65,UL,0,0,0,0
106,66,DL,0,0,0,0
106,66,UL,0,0,0,0
106,67,DL,0,0,0,0
106,67,UL,0,0,0,0
106,68,DL,0,0,0,0
106,68,UL,0,0,0,0
106,69,DL,0,0,0,0
106,69,UL,0,0,0,0
106,70,DL,0,0,0,0
106,70,UL,0,0,0,0
106,71,DL,0,0,0,0
106,71,UL,0,0,0,0
106,72,DL,0,0,0,0
106,72,UL,0,0,0,0
106,73,DL,0,0,0,0
106,73,UL,0,0,0,0
106,74,DL,0,0,0,0
106,74,UL,0,0,0,0
106,75,DL,0,0,0,0
106,75,UL,0,0,0,0
106,76,DL,0,0,0,0
106,76,UL,0,0,0,0
106,77,DL,0,0,0,0
106,77,UL,0,0,0,0
106,78,DL,0,0,0,0
106,78,UL,0,0,0,0
106,79,DL,0,0,0,0
106,79,UL,0,0,0,0
106,80,DL,0,0,0,0
106,80,UL,0,0,0,0
106,81,DL,0,0,0,0
106,81,UL,0,0,0,0
106,82,DL,0,0,0,0
106,82,UL,0,0,0,0
106,83,DL,0,0,0,0
106,83,UL,0,0,0,0
106,84,DL,0,0,0,0
106,84,UL,0,0,0,0
106,85,DL,0,0,0,0
106,85,UL,0,0,0,0
106,86,DL,1.24455,0.11977,0.0400658,0.833333
106,86,UL,0,0,0,0
106,87,DL,0,0,0,0
106,87,UL,0,0,0,0
106,88,DL,0,0,0,0
106,88,UL,0,0,0,0
106,89,DL,0,0,0,0
106,89,UL,0,0,0,0
106,90,DL,0,0,0,0
106,90,UL,0,0,0,0
106,91,DL,0,0,0,0
106,91,UL,0,0,0,0
106,92,DL,0,0,0,0
106,92,UL,0,0,0,0
106,93,DL,0,0,0,0
106,93,UL,0,0,0,0
106,94,DL,0,0,0,0
106,94,UL,0,0,0,0
106,95,DL,0,0,0,0
106,95,UL,0,0,0,0
106,96,DL,0,0,0,0
106,96,UL,0,0,0,0
106,97,DL,0,0,0,0
106,97,UL,0,0,0,0
106,98,DL,0,0,0,0
106,98,UL,0,0,0,0
106,99,DL,0,0,0,0
106,99,UL,0,0,0,0
106,100,DL,0,0,0,0
106,100,UL,0,0,0,0
106,101,DL,0,0,0,0
106,101,UL,0,0,0,0
106,102,DL,0,0,0,0
106,102,UL,0,0,0,0
106,103,DL,0,0,0,0
106,103,UL,0,0,0,0
106,104,DL,0,0,0,0
106,104,UL,0,0,0,0
106,105,DL,0,0,0,0
106,105,UL,0,0,0,0
106,106,DL,0,0,0,0
106,106,UL,0,0,0,0
106,107,DL,0,0,0,0
106,107,UL,0,0,0,0
106,108,DL,0,0,0,0
106,108,UL,0,0,0,0
106,109,DL,0,0,0,0
106,109,UL,0,0,0,0
106,110,DL,0,0,0,0
106,110,UL,0,0,0,0
106,111,DL,0,0,0,0
106,111,UL,0,0,0,0
106,112,DL,0,0,0,0
106,112,UL,0,0,0,0
106,113,DL,0,0,0,0
106,113,UL,0,0,0,0
106,114,DL,0,0,0,0
106,114,UL,0,0,0,0
108,0,DL,0,0,0,0
108,0,UL,0,0,0,0
108,1,DL,0,0,0,0
108,1,UL,0,0,0,0
108,2,DL,0,0,0,0
108,2,UL,0,0,0,0
108,3,DL,0,0,0,0
108,3,UL,0,0,0,0
108,4,DL,0,0,0,0
108,4,UL,0,0,0,0
108,5,DL,0,0,0,0
108,5,UL,0,0,0,0
108,6,DL,0,0,0,0
108,6,UL,0,0,0,0
108,7,DL,0,0,0,0
108,7,UL,0,0,0,0
108,8,DL,0,0,0,0
108,8,UL,0,0,0,0
108,9,DL,0,0,0,0
108,9,UL,0,0,0,0
108,10,DL,0,0,0,0
108,10,UL,0,0,0,0
108,11,DL,0,0,0,0
108,11,UL,0,0,0,0
108,12,DL,0,0,0,0
108,12,UL,0,0,0,0
108,13,DL,0,0,0,0
108,13,UL,0,0,0,0
108,14,DL,0,0,0,0
108,14,UL,0,0,0,0
108,15,DL,0,0,0,0
108,15,UL,0,0,0,0
108,16,DL,0,0,0,0
108,16,UL,0,0,0,0
108,17,DL,0,0,0,0
108,17,UL,0,0,0,0
108,18,DL,0,0,0,0
108,18,UL,0,0,0,0
108,19,DL,0,0,0,0
108,19,UL,0,0,0,0
108,20,DL,0,0,0,0
108,20,UL,0,0,0,0
108,21,DL,0,0,0,0
108,21,UL,0,0,0,0
108,22,DL,0,0,0,0
108,22,UL,0,0,0,0
108,23,DL,0,0,0,0
108,23,UL,0,0,0,0
108,24,DL,0,0,0,0
108,24,UL,0,0,0,0
108,25,DL,0,0,0,0
108,25,UL,0,0,0,0
108,26,DL,0,0,0,0
108,26,UL,0,0,0,0
108,27,DL,0,0,0,0
108,27,UL,0,0,0,0
108,28,DL,0,0,0,0
108,28,UL,0,0,0,0
108,29,DL,0,0,0,0
108,29,UL,0,0,0,0
108,30,DL,0,0,0,0
108,30,UL,0,0,0,0
108,31,DL,0,0,0,0
108,31,UL,0,0,0,0
108,32,DL,0,0,0,0
108,32,UL,0,0,0,0
108,33,DL,0,0,0,0
108,33,UL,0,0,0,0
108,34,DL,0,0,0,0
108,34,UL,0,0,0,0
108,35,DL,0,0,0,0
108,35,UL,0,0,0,0
108,36,DL,0,0,0,0
108,36,UL,0,0,0,0
108,37,DL,0,0,0,0
108,37,UL,0,0,0,0
108,38,DL,0,0,0,0
108,38,UL,0,0,0,0
108,39,DL,0,0,0,0
108,39,UL,0,0,0,0
108,40,DL,0,0,0,0
108,40,UL,0,0,0,0
108,41,DL,0,0,0,0
108,41,UL,0,0,0,0
108,42,DL,0,0,0,0
108,42,UL,0,0,0,0
108,43,DL,0,0,0,0
108,43,UL,0,0,0,0
108,44,DL,0,0,0,0
108,44,UL,0,0,0,0
108,45,DL,0,0,0,0
108,45,UL,0,0,0,0
108,46,DL,0,0,0,0
108,46,UL,0,0,0,0
108,47,DL,0,0,0,0
108,47,UL,0,0,0,0
108,48,DL,0,0,0,0
108,48,UL,0,0,0,0
108,49,DL,0,0,0,0
108,49,UL,0,0,0,0
108,50,DL,0,0,0,0
108,50,UL,0,0,0,0
108,51,DL,0,0,0,0
108,51,UL,0,0,0,0
108,52,DL,0,0,0,0
108,52,UL,0,0,0,0
108,53,DL,0,0,0,0
108,53,UL,0,0,0,0
108,54,DL,0,0,0,0
108,54,UL,0,0,0,0
108,55,DL,0,0,0,0
108,55,UL,0,0,0,0
108,56,DL,0,0,0,0
108,56,UL,0,0,0,0
108,57,DL,0,0,0,0
108,57,UL,0,0,0,0
108,58,DL,0,0,0,0
108,58,UL,0,0,0,0
108,59,DL,0,0,0,0
108,59,UL,0,0,0,0
108,60,DL,0,0,0,0
108,60,UL,0,0,0,0
108,61,DL,0,0,0,0
108,61,UL,0,0,0,0
108,62,DL,0,0,0,0
108,62,UL,0,0,0,0
108,63,DL,0,0,0,0
108,63,UL,0,0,0,0
108,64,DL,0,0,0,0
108,64,UL,0,0,0,0
108,65,DL,0,0,0,0
108,65,UL,0,0,0,0
108,66,DL,0,0,0,0
108,66,UL,0,0,0,0
108,67,DL,0,0,0,0
108,67,UL,0,0,0,0
108,68,DL,0,0,0,0
108,68,UL,0,0,0,0
108,69,DL,0,0,0,0
108,69,UL,0,0,0,0
108,70,DL,0,0,0,0
108,70,UL,0,0,0,0
108,71,DL,0,0,0,0
108,71,UL,0,0,0,0
108,72,DL,0,0,0,0
108,72,UL,0,0,0,0
108,73,DL,0,0,0,0
108,73,UL,0,0,0,0
108,74,DL,0,0,0,0
108,74,UL,0,0,0,0
108,75,DL,0,0,0,0
108,75,UL,0,0,0,0
108,76,DL,0,0,0,0
108,76,UL,0,0,0,0
108,77,DL,0,0,0,0
108,77,UL,0,0,0,0
108,78,DL,0,0,0,0
108,78,UL,0,0,0,0
108,79,DL,0,0,0,0
108,79,UL,0,0,0,0
108,80,DL,0,0,0,0
108,80,UL,0,0,0,0
108,81,DL,0,0,0,0
108,81,UL,0,0,0,0
108,82,DL,0,0,0,0
108,82,UL,0,0,0,0
108,83,DL,0,0,0,0
108,83,UL,0,0,0,0
108,84,DL,0,0,0,0
108,84,UL,0,0,0,0
108,85,DL,0,0,0,0
108,85,UL,0,0,0,0
108,86,DL,0,0,0,0
108,86,UL,0,0,0,0
108,87,DL,0,0,0,0
108,87,UL,0,0,0,0
108,88,DL,0,0,0,0
108,88,UL,0,0,0,0
108,89,DL,0,0,0,0
108,89,UL,0,0,0,0
108,90,DL,0,0,0,0
108,90,UL,0,0,0,0
108,91,DL,0,0,0,0
108,91,UL,0,0,0,0
108,92,DL,0,0,0,0
108,92,UL,0,0,0,0
108,93,DL,0,0,0,0
108,93,UL,0,0,0,0
108,94,DL,0,0,0,0
108,94,UL,0,0,0,0
108,95,DL,0,0,0,0
108,95,UL,0,0,0,0
108,96,DL,0,0,0,0
108,96,UL,0,0,0,0
108,97,DL,0,0,0,0
108,97,UL,0,0,0,0
108,98,DL,0,0,0,0
108,98,UL,0,0,0,0
108,99,DL,0,0,0,0
108,99,UL,0,0,0,0
108,100,DL,0,0,0,0
108,100,UL,0,0,0,0
108,101,DL,0,0,0,0
108,101,UL,0,0,0,0
108,102,DL,0,0,0,0
108,102,UL,0,0,0,0
108,103,DL,0,0,0,0
108,103,UL,0,0,0,0
108,104,DL,0,0,0,0
108,104,UL,0,0,0,0
108,105,DL,0,0,0,0
108,105,UL,0,0,0,0
108,106,DL,0,0,0,0
108,106,UL,0,0,0,0
108,107,DL,0,0,0,0
108,107,UL,0,0,0,0
108,108,DL,0,0,0,0
108,108,UL,0,0,0,0
108,109,DL,0,0,0,0
108,109,UL,0,0,0,0
108,110,DL,0,0,0,0
108,110,UL,0,0,0,0
108,111,DL,0,0,0,0
108,111,UL,0,0,0,0
108,112,DL,0,0,0,0
108,112,UL,0,0,0,0
108,113,DL,0,0,0,0
108,113,UL,0,0,0,0
108,114,DL,0,0,0,0
108,114,UL,0,0,0,0
110,0,DL,0,0,0,0
110,0,UL,0,0,0,0
110,1,DL,0,0,0,0
110,1,UL,0,0,0,0
110,2,DL,0,0,0,0
110,2,UL,0,0,0,0
110,3,DL,0,0,0,0
110,3,UL,0,0,0,0
110,4,DL,0,0,0,0
110,4,UL,0,0,0,0
110,5,DL,0,0,0,0
110,5,UL,0,0,0,0
110,6,DL,0,0,0,0
110,6,UL,0,0,0,0
110,7,DL,0,0,0,0
110,7,UL,0,0,0,0
110,8,DL,0,0,0,0
110,8,UL,0,0,0,0
110,9,DL,0,0,0,0
110,9,UL,0,0,0,0
110,10,DL,0,0,0,0
110,10,UL,0,0,0,0
110,11,DL,0,0,0,0
110,11,UL,0,0,0,0
110,12,DL,0,0,0,0
110,12,UL,0,0,0,0
110,13,DL,0,0,0,0
110,13,UL,0,0,0,0
110,14,DL,0,0,0,0
110,14,UL,0,0,0,0
110,15,DL,0,0,0,0
110,15,UL,0,0,0,0
110,16,DL,0,0,0,0
110,16,UL,0,0,0,0
110,17,DL,0,0,0,0
110,17,UL,0,0,0,0
110,18,DL,0,0,0,0
110,18,UL,0,0,0,0
110,19,DL,0,0,0,0
110,19,UL,0,0,0,0
110,20,DL,0,0,0,0
110,20,UL,0,0,0,0
110,21,DL,0,0,0,0
110,21,UL,0,0,0,0
110,22,DL,0,0,0,0
110,22,UL,0,0,0,0
110,23,DL,0,0,0,0
110,23,UL,0,0,0,0
110,24,DL,0,0,0,0
110,24,UL,0,0,0,0
110,25,DL,0,0,0,0
110,25,UL,0,0,0,0
110,26,DL,0,0,0,0
110,26,UL,0,0,0,0
110,27,DL,0,0,0,0
110,27,UL,0,0,0,0
110,28,DL,0,0,0,0
110,28,UL,0,0,0,0
110,29,DL,0,0,0,0
110,29,UL,0,0,0,0
110,30,DL,0,0,0,0
110,30,UL,0,0,0,0
110,31,DL,0,0,0,0
110,31,UL,0,0,0,0
110,32,DL,0,0,0,0
110,32,UL,0,0,0,0
110,33,DL,0,0,0,0
110,33,UL,0,0,0,0
110,34,DL,0,0,0,0
110,34,UL,0,0,0,0
110,35,DL,0,0,0,0
110,35,UL,0,0,0,0
110,36,DL,0,0,0,0
110,36,UL,0,0,0,0
110,37,DL,0,0,0,0
110,37,UL,0,0,0,0
110,38,DL,0,0,0,0
110,38,UL,0,0,0,0
110,39,DL,0,0,0,0
110,39,UL,0,0,0,0
110,40,DL,0,0,0,0
110,40,UL,0,0,0,0
110,41,DL,0,0,0,0
110,41,UL,0,0,0,0
110,42,DL,0,0,0,0
110,42,UL,0,0,0,0
110,43,DL,0,0,0,0
110,43,UL,0,0,0,0
110,44,DL,0,0,0,0
110,44,UL,0,0,0,0
110,45,DL,0,0,0,0
110,45,UL,0,0,0,0
110,46,DL,0,0,0,0
110,46,UL,0,0,0,0
110,47,DL,0,0,0,0
110,47,UL,0,0,0,0
110,48,DL,0,0,0,0
110,48,UL,0,0,0,0
110,49,DL,0,0,0,0
110,49,UL,0,0,0,0
110,50,DL,0,0,0,0
110,50,UL,0,0,0,0
110,51,DL,0,0,0,0
110,51,UL,0,0,0,0
110,52,DL,0,0,0,0
110,52,UL,0,0,0,0
110,53,DL,0,0,0,0
110,53,UL,0,0,0,0
110,54,DL,0,0,0,0
110,54,UL,0,0,0,0
110,55,DL,0,0,0,0
110,55,UL,0,0,0,0
110,56,DL,0,0,0,0
110,56,UL,0,0,0,0
110,57,DL,0,0,0,0
110,57,UL,0,0,0,0
110,58,DL,0,0,0,0
110,58,UL,0,0,0,0
110,59,DL,0,0,0,0
110,59,UL,0,0,0,0
110,60,DL,0,0,0,0
110,60,UL,0,0,0,0
110,61,DL,0,0,0,0
110,61,UL,0,0,0,0
110,62,DL,0,0,0,0
110,62,UL,0,0,0,0
110,63,DL,0,0,0,0
110,63,UL,0,0,0,0
110,64,DL,0,0,0,0
110,64,UL,0,0,0,0
110,65,DL,0,0,0,0
110,65,UL,0,0,0,0
110,66,DL,0,0,0,0
110,66,UL,0,0,0,0
110,67,DL,0,0,0,0
110,67,UL,0,0,0,0
110,68,DL,0,0,0,0
110,68,UL,0,0,0,0
110,69,DL,0,0,0,0
110,69,UL,0,0,0,0
110,70,DL,0,0,0,0
110,70,UL,0,0,0,0
110,71,DL,0,0,0,0
110,71,UL,0,0,0,0
110,72,DL,0,0,0,0
110,72,UL,0,0,0,0
110,73,DL,0,0,0,0
110,73,UL,0,0,0,0
110,74,DL,0,0,0,0
110,74,UL,0,0,0,0
110,75,DL,0,0,0,0
110,75,UL,0,0,0,0
110,76,DL,0,0,0,0
110,76,UL,0,0,0,0
110,77,DL,0,0,0,0
110,77,UL,0,0,0,0
110,78,DL,0,0,0,0
110,78,UL,0,0,0,0
110,79,DL,0,0,0,0
110,79,UL,0,0,0,0
110,80,DL,0,0,0,0
110,80,UL,0,0,0,0
110,81,DL,0,0,0,0
110,81,UL,0,0,0,0
110,82,DL,0,0,0,0
110,82,UL,0,0,0,0
110,83,DL,0,0,0,0
110,83,UL,0,0,0,0
110,84,DL,0,0,0,0
110,84,UL,0,0,0,0
110,85,DL,0,0,0,0
110,85,UL,0,0,0,0
110,86,DL,0,0,0,0
110,86,UL,0,0,0,0
110,87,DL,0,0,0,0
110,87,UL,0,0,0,0
110,88,DL,0,0,0,0
110,88,UL,0,0,0,0
110,89,DL,0,0,0,0
110,89,UL,0,0,0,0
110,90,DL,0,0,0,0
110,90,UL,0,0,0,0
110,91,DL,0,0,0,0
110,91,UL,0,0,0,0
110,92,DL,0,0,0,0
110,92,UL,0,0,0,0
110,93,DL,0,0,0,0
110,93,UL,0,0,0,0
110,94,DL,0,0,0,0
110,94,UL,0,0,0,0
110,95,DL,0,0,0,0
110,95,UL,0,0,0,0
110,96,DL,0,0,0,0
110,96,UL,0,0,0,0
110,97,DL,0,0,0,0
110,97,UL,0,0,0,0
110,98,DL,0,0,0,0
110,98,UL,0,0,0,0
110,99,DL,0,0,0,0
110,99,UL,0,0,0,0
110,100,DL,0,0,0,0
110,100,UL,0,0,0,0
110,101,DL,0,0,0,0
110,101,UL,0,0,0,0
110,102,DL,0,0,0,0
110,102,UL,0,0,0,0
110,103,DL,0,0,0,0
110,103,UL,0,0,0,0
110,104,DL,0,0,0,0
110,104,UL,0,0,0,0
110,105,DL,0,0,0,0
110,105,UL,0,0,0,0
110,106,DL,0,0,0,0
110,106,UL,0,0,0,0
110,107,DL,0,0,0,0
110,107,UL,0,0,0,0
110,108,DL,0,0,0,0
110,108,UL,0,0,0,0
110,109,DL,0,0,0,0
110,109,UL,0,0,0,0
110,110,DL,0,0,0,0
110,110,UL,0,0,0,0
110,111,DL,0,0,0,0
110,111,UL,0,0,0,0
110,112,DL,0,0,0,0
110,112,UL,0,0,0,0
110,113,DL,0,0,0,0
110,113,UL,0,0,0,0
110,114,DL,0,0,0,0
110,114,UL,0,0,0,0
112,0,DL,0,0,0,0
112,0,UL,0,0,0,0
112,1,DL,0,0,0,0
112,1,UL,0,0,0,0
112,2,DL,0,0,0,0
112,2,UL,0,0,0,0
112,3,DL,0,0,0,0
112,3,UL,0,0,0,0
112,4,DL,0,0,0,0
112,4,UL,0,0,0,0
112,5,DL,0,0,0,0
112,5,UL,0,0,0,0
112,6,DL,0,0,0,0
112,6,UL,0,0,0,0
112,7,DL,0,0,0,0
112,7,UL,0,0,0,0
112,8,DL,0,0,0,0
112,8,UL,0,0,0,0
112,9,DL,0,0,0,0
112,9,UL,0,0,0,0
112,10,DL,0,0,0,0
112,10,UL,0,0,0,0
112,11,DL,0,0,0,0
112,11,UL,0,0,0,0
112,12,DL,0,0,0,0
112,12,UL,0,0,0,0
112,13,DL,0,0,0,0
112,13,UL,0,0,0,0
112,14,DL,0,0,0,0
112,14,UL,0,0,0,0
112,15,DL,0,0,0,0
112,15,UL,0,0,0,0
112,16,DL,0,0,0,0
112,16,UL,0,0,0,0
112,17,DL,0,0,0,0
112,17,UL,0,0,0,0
112,18,DL,0,0,0,0
112,18,UL,0,0,0,0
112,19,DL,0,0,0,0
112,19,UL,0,0,0,0
112,20,DL,0,0,0,0
112,20,UL,0,0,0,0
112,21,DL,0,0,0,0
112,21,UL,0,0,0,0
112,22,DL,0,0,0,0
112,22,UL,0,0,0,0
112,23,DL,0,0,0,0
112,23,UL,0,0,0,0
112,24,DL,0,0,0,0
112,24,UL,0,0,0,0
112,25,DL,0,0,0,0
112,25,UL,0,0,0,0
112,26,DL,0,0,0,0
112,26,UL,0,0,0,0
112,27,DL,0,0,0,0
112,27,UL,0,0,0,0
112,28,DL,0,0,0,0
112,28,UL,0,0,0,0
112,29,DL,0,0,0,0
112,29,UL,0,0,0,0
112,30,DL,0,0,0,0
112,30,UL,0,0,0,0
112,31,DL,0,0,0,0
112,31,UL,0,0,0,0
112,32,DL,0,0,0,0
112,32,UL,0,0,0,0
112,33,DL,0,0,0,0
112,33,UL,0,0,0,0
112,34,DL,0,0,0,0
112,34,UL,0,0,0,0
112,35,DL,0,0,0,0
112,35,UL,0,0,0,0
112,36,DL,0,0,0,0
112,36,UL,0,0,0,0
112,37,DL,0,0,0,0
112,37,UL,0,0,0,0
112,38,DL,0,0,0,0
112,38,UL,0,0,0,0
112,39,DL,0,0,0,0
112,39,UL,0,0,0,0
112,40,DL,0,0,0,0
112,40,UL,0,0,0,0
112,41,DL,0,0,0,0
112,41,UL,0,0,0,0
112,42,DL,0,0,0,0
112,42,UL,0,0,0,0
112,43,DL,0,0,0,0
112,43,UL,0,0,0,0
112,44,DL,0,0,0,0
112,44,UL,0,0,0,0
112,45,DL,0,0,0,0
112,45,UL,0,0,0,0
112,46,DL,0,0,0,0
112,46,UL,0,0,0,0
112,47,DL,1.33887,0.00787744,0.079567,1.66667
112,47,UL,0,0,0,0
112,48,DL,0,0,0,0
112,48,UL,0,0,0,0
112,49,DL,0,0,0,0
112,49,UL,0,0,0,0
112,50,DL,0,0,0,0
112,50,UL,0,0,0,0
112,51,DL,0,0,0,0
112,51,UL,0,0,0,0
112,52,DL,0,0,0,0
112,52,UL,0,0,0,0
112,53,DL,0.39824,0.0848889,0.358345,7.43802
112,53,UL,0.0497721,0.0043016,0.174805,71.6
112,54,DL,0,0,0,0
112,54,UL,0,0,0,0
112,55,DL,0,0,0,0
112,55,UL,0,0,0,0
112,56,DL,0,0,0,0
112,56,UL,0,0,0,0
112,57,DL,0,0,0,0
112,57,UL,0,0,0,0
112,58,DL,0,0,0,0
112,58,UL,0,0,0,0
112,59,DL,0,0,0,0
112,59,UL,0,0,0,0
112,60,DL,0,0,0,0
112,60,UL,0,0,0,0
112,61,DL,0,0,0,0
112,61,UL,0,0,0,0
112,62,DL,0,0,0,0
112,62,UL,0,0,0,0
112,63,DL,0,0,0,0
112,63,UL,0,0,0,0
112,64,DL,0,0,0,0
112,64,UL,0,0,0,0
112,65,DL,0,0,0,0
112,65,UL,0,0,0,0
112,66,DL,0,0,0,0
112,66,UL,0,0,0,0
112,67,DL,0,0,0,0
112,67,UL,0,0,0,0
112,68,DL,0,0,0,0
112,68,UL,0,0,0,0
112,69,DL,0,0,0,0
112,69,UL,0,0,0,0
112,70,DL,0,0,0,0
112,70,UL,0,0,0,0
112,71,DL,0,0,0,0
112,71,UL,0,0,0,0
112,72,DL,0,0,0,0
112,72,UL,0,0,0,0
112,73,DL,0,0,0,0
112,73,UL,0,0,0,0
112,74,DL,0,0,0,0
112,74,UL,0,0,0,0
112,75,DL,0,0,0,0
112,75,UL,0,0,0,0
112,76,DL,0,0,0,0
112,76,UL,0,0,0,0
112,77,DL,0,0,0,0
112,77,UL,0,0,0,0
112,78,DL,0,0,0,0
112,78,UL,0,0,0,0
112,79,DL,0,0,0,0
112,79,UL,0,0,0,0
112,80,DL,0,0,0,0
112,80,UL,0,0,0,0
112,81,DL,0,0,0,0
112,81,UL,0,0,0,0
112,82,DL,0,0,0,0
112,82,UL,0,0,0,0
112,83,DL,0,0,0,0
112,83,UL,0,0,0,0
112,84,DL,0,0,0,0
112,84,UL,0,0,0,0
112,85,DL,0,0,0,0
112,85,UL,0,0,0,0
112,86,DL,0,0,0,0
112,86,UL,0,0,0,0
112,87,DL,0,0,0,0
112,87,UL,0,0,0,0
112,88,DL,0,0,0,0
112,88,UL,0,0,0,0
112,89,DL,0,0,0,0
112,89,UL,0,0,0,0
112,90,DL,0,0,0,0
112,90,UL,0,0,0,0
112,91,DL,0,0,0,0
112,91,UL,0,0,0,0
112,92,DL,0,0,0,0
112,92,UL,0,0,0,0
112,93,DL,0,0,0,0
112,93,UL,0,0,0,0
112,94,DL,0,0,0,0
112,94,UL,0,0,0,0
112,95,DL,0,0,0,0
112,95,UL,0,0,0,0
112,96,DL,0,0,0,0
112,96,UL,0,0,0,0
112,97,DL,0,0,0,0
112,97,UL,0,0,0,0
112,98,DL,0,0,0,0
112,98,UL,0,0,0,0
112,99,DL,0,0,0,0
112,99,UL,0,0,0,0
112,100,DL,0,0,0,0
112,100,UL,0,0,0,0
112,101,DL,0,0,0,0
112,101,UL,0,0,0,0
112,102,DL,0,0,0,0
112,102,UL,0,0,0,0
112,103,DL,0,0,0,0
112,103,UL,0,0,0,0
112,104,DL,0,0,0,0
112,104,UL,0,0,0,0
112,105,DL,0,0,0,0
112,105,UL,0,0,0,0
112,106,DL,0,0,0,0
112,106,UL,0,0,0,0
112,107,DL,0,0,0,0
112,107,UL,0,0,0,0
112,108,DL,0,0,0,0
112,108,UL,0,0,0,0
112,109,DL,0,0,0,0
112,109,UL,0,0,0,0
112,110,DL,0,0,0,0
112,110,UL,0,0,0,0
112,111,DL,0,0,0,0
112,111,UL,0,0,0,0
112,112,DL,0,0,0,0
112,112,UL,0,0,0,0
112,113,DL,0,0,0,0
112,113,UL,0,0,0,0
112,114,DL,0,0,0,0
112,114,UL,0,0,0,0
114,0,DL,0,0,0,0
114,0,UL,0,0,0,0
114,1,DL,0,0,0,0
114,1,UL,0,0,0,0
114,2,DL,0,0,0,0
114,2,UL,0,0,0,0
114,3,DL,0,0,0,0
114,3,UL,0,0,0,0
114,4,DL,0,0,0,0
114,4,UL,0,0,0,0
114,5,DL,0,0,0,0
114,5,UL,0,0,0,0
114,6,DL,0,0,0,0
114,6,UL,0,0,0,0
114,7,DL,0,0,0,0
114,7,UL,0,0,0,0
114,8,DL,0,0,0,0
114,8,UL,0,0,0,0
114,9,DL,0,0,0,0
114,9,UL,0,0,0,0
114,10,DL,0,0,0,0
114,10,UL,0,0,0,0
114,11,DL,0,0,0,0
114,11,UL,0,0,0,0
114,12,DL,0,0,0,0
114,12,UL,0,0,0,0
114,13,DL,0,0,0,0
114,13,UL,0,0,0,0
114,14,DL,0,0,0,0
114,14,UL,0,0,0,0
114,15,DL,0,0,0,0
114,15,UL,0,0,0,0
114,16,DL,0,0,0,0
114,16,UL,0,0,0,0
114,17,DL,0,0,0,0
114,17,UL,0,0,0,0
114,18,DL,0,0,0,0
114,18,UL,0,0,0,0
114,19,DL,0,0,0,0
114,19,UL,0,0,0,0
114,20,DL,0,0,0,0
114,20,UL,0,0,0,0
114,21,DL,0,0,0,0
114,21,UL,0,0,0,0
114,22,DL,0,0,0,0
114,22,UL,0,0,0,0
114,23,DL,0,0,0,0
114,23,UL,0,0,0,0
114,24,DL,0,0,0,0
114,24,UL,0,0,0,0
114,25,DL,0,0,0,0
114,25,UL,0,0,0,0
114,26,DL,0,0,0,0
114,26,UL,0,0,0,0
114,27,DL,0,0,0,0
114,27,UL,0,0,0,0
114,28,DL,0,0,0,0
114,28,UL,0,0,0,0
114,29,DL,0,0,0,0
114,29,UL,0,0,0,0
114,30,DL,0,0,0,0
114,30,UL,0,0,0,0
114,31,DL,0,0,0,0
114,31,UL,0,0,0,0
114,32,DL,0,0,0,0
114,32,UL,0,0,0,0
114,33,DL,0,0,0,0
114,33,UL,0,0,0,0
114,34,DL,0,0,0,0
114,34,UL,0,0,0,0
114,35,DL,0,0,0,0
114,35,UL,0,0,0,0
114,36,DL,0,0,0,0
114,36,UL,0,0,0,0
114,37,DL,0,0,0,0
114,37,UL,0,0,0,0
114,38,DL,0,0,0,0
114,38,UL,0,0,0,0
114,39,DL,0,0,0,0
114,39,UL,0,0,0,0
114,40,DL,0,0,0,0
114,40,UL,0,0,0,0
114,41,DL,0,0,0,0
114,41,UL,0,0,0,0
114,42,DL,0,0,0,0
114,42,UL,0,0,0,0
114,43,DL,0,0,0,0
114,43,UL,0,0,0,0
114,44,DL,0,0,0,0
114,44,UL,0,0,0,0
114,45,DL,0,0,0,0
114,45,UL,0,0,0,0
114,46,DL,0,0,0,0
114,46,UL,0,0,0,0
114,47,DL,1.80721,0.137818,0.398041,8.33333
114,47,UL,0,0,0,0
114,48,DL,0,0,0,0
114,48,UL,0,0,0,0
114,49,DL,0,0,0,0
114,49,UL,0,0,0,0
114,50,DL,0,0,0,0
114,50,UL,0,0,0,0
114,51,DL,0,0,0,0
114,51,UL,0,0,0,0
114,52,DL,0,0,0,0
114,52,UL,0,0,0,0
114,53,DL,2.74054,0.207639,0.478252,10.084
114,53,UL,0.192029,0.0839982,0.000488281,0.2
114,54,DL,0,0,0,0
114,54,UL,0,0,0,0
114,55,DL,0,0,0,0
114,55,UL,0,0,0,0
114,56,DL,0,0,0,0
114,56,UL,0,0,0,0
114,57,DL,0,0,0,0
114,57,UL,0,0,0,0
114,58,DL,0,0,0,0
114,58,UL,0,0,0,0
114,59,DL,0,0,0,0
114,59,UL,0,0,0,0
114,60,DL,0,0,0,0
114,60,UL,0,0,0,0
114,61,DL,0,0,0,0
114,61,UL,0,0,0,0
114,62,DL,0,0,0,0
114,62,UL,0.247137,0.000110292,0.203613,83.4
114,63,DL,0,0,0,0
114,63,UL,0,0,0,0
114,64,DL,0.378419,0.336006,0.239227,5
114,64,UL,0,0,0,0
114,65,DL,0,0,0,0
114,65,UL,0,0,0,0
114,66,DL,0,0,0,0
114,66,UL,0,0,0,0
114,67,DL,0,0,0,0
114,67,UL,0,0,0,0
114,68,DL,0,0,0,0
114,68,UL,0,0,0,0
114,69,DL,0,0,0,0
114,69,UL,0,0,0,0
114,70,DL,0,0,0,0
114,70,UL,0,0,0,0
114,71,DL,0,0,0,0
114,71,UL,0,0,0,0
114,72,DL,0,0,0,0
114,72,UL,0,0,0,0
114,73,DL,0,0,0,0
114,73,UL,0,0,0,0
114,74,DL,0,0,0,0
114,74,UL,0,0,0,0
114,75,DL,0,0,0,0
114,75,UL,0,0,0,0
114,76,DL,0,0,0,0
114,76,UL,0,0,0,0
114,77,DL,0,0,0,0
114,77,UL,0,0,0,0
114,78,DL,0,0,0,0
114,78,UL,0,0,0,0
114,79,DL,0,0,0,0
114,79,UL,0,0,0,0
114,80,DL,0,0,0,0
114,80,UL,0,0,0,0
114,81,DL,0,0,0,0
114,81,UL,0,0,0,0
114,82,DL,0,0,0,0
114,82,UL,0,0,0,0
114,83,DL,0,0,0,0
114,83,UL,0,0,0,0
114,84,DL,0,0,0,0
114,84,UL,0,0,0,0
114,85,DL,0,0,0,0
114,85,UL,0,0,0,0
114,86,DL,0,0,0,0
114,86,UL,0,0,0,0
114,87,DL,0,0,0,0
114,87,UL,0,0,0,0
114,88,DL,0,0,0,0
114,88,UL,0,0,0,0
114,89,DL,0,0,0,0
114,89,UL,0,0,0,0
114,90,DL,0,0,0,0
114,90,UL,0,0,0,0
114,91,DL,0,0,0,0
114,91,UL,0,0,0,0
114,92,DL,0,0,0,0
114,92,UL,0,0,0,0
114,93,DL,0,0,0,0
114,93,UL,0,0,0,0
114,94,DL,0,0,0,0
114,94,UL,0,0,0,0
114,95,DL,0,0,0,0
114,95,UL,0,0,0,0
114,96,DL,0,0,0,0
114,96,UL,0,0,0,0
114,97,DL,0,0,0,0
114,97,UL,0,0,0,0
114,98,DL,0,0,0,0
114,98,UL,0,0,0,0
114,99,DL,0,0,0,0
114,99,UL,0,0,0,0
114,100,DL,0,0,0,0
114,100,UL,0,0,0,0
114,101,DL,0,0,0,0
114,101,UL,0,0,0,0
114,102,DL,0,0,0,0
114,102,UL,0,0,0,0
114,103,DL,0,0,0,0
114,103,UL,0,0,0,0
114,104,DL,0,0,0,0
114,104,UL,0,0,0,0
114,105,DL,0,0,0,0
114,105,UL,0,0,0,0
114,106,DL,0,0,0,0
114,106,UL,0,0,0,0
114,107,DL,0,0,0,0
114,107,UL,0,0,0,0
114,108,DL,0,0,0,0
114,108,UL,0,0,0,0
114,109,DL,0,0,0,0
114,109,UL,0,0,0,0
114,110,DL,0,0,0,0
114,110,UL,0,0,0,0
114,111,DL,0,0,0,0
114,111,UL,0,0,0,0
114,112,DL,0,0,0,0
114,112,UL,0,0,0,0
114,113,DL,0,0,0,0
114,113,UL,0,0,0,0
114,114,DL,0,0,0,0
114,114,UL,0,0,0,0
116,0,DL,0,0,0,0
116,0,UL,0,0,0,0
116,1,DL,0,0,0,0
116,1,UL,0,0,0,0
116,2,DL,0,0,0,0
116,2,UL,0,0,0,0
116,3,DL,0,0,0,0
116,3,UL,0,0,0,0
116,4,DL,0,0,0,0
116,4,UL,0,0,0,0
116,5,DL,0,0,0,0
116,5,UL,0,0,0,0
116,6,DL,0,0,0,0
116,6,UL,0,0,0,0
116,7,DL,0,0,0,0
116,7,UL,0,0,0,0
116,8,DL,0,0,0,0
116,8,UL,0,0,0,0
116,9,DL,0,0,0,0
116,9,UL,0,0,0,0
116,10,DL,0,0,0,0
116,10,UL,0,0,0,0
116,11,DL,0,0,0,0
116,11,UL,0,0,0,0
116,12,DL,0,0,0,0
116,12,UL,0,0,0,0
116,13,DL,0,0,0,0
116,13,UL,0,0,0,0
116,14,DL,0,0,0,0
116,14,UL,0,0,0,0
116,15,DL,0,0,0,0
116,15,UL,0,0,0,0
116,16,DL,0,0,0,0
116,16,UL,0,0,0,0
116,17,DL,0,0,0,0
116,17,UL,0,0,0,0
116,18,DL,0,0,0,0
116,18,UL,0,0,0,0
116,19,DL,0,0,0,0
116,19,UL,0,0,0,0
116,20,DL,0,0,0,0
116,20,UL,0,0,0,0
116,21,DL,0,0,0,0
116,21,UL,0,0,0,0
116,22,DL,0,0,0,0
116,22,UL,0,0,0,0
116,23,DL,0,0,0,0
116,23,UL,0,0,0,0
116,24,DL,0,0,0,0
116,24,UL,0,0,0,0
116,25,DL,0,0,0,0
116,25,UL,0,0,0,0
116,26,DL,0,0,0,0
116,26,UL,0,0,0,0
116,27,DL,0,0,0,0
116,27,UL,0,0,0,0
116,28,DL,0,0,0,0
116,28,UL,0,0,0,0
116,29,DL,0,0,0,0
116,29,UL,0,0,0,0
116,30,DL,0,0,0,0
116,30,UL,0,0,0,0
116,31,DL,0,0,0,0
116,31,UL,0,0,0,0
116,32,DL,0,0,0,0
116,32,UL,0,0,0,0
116,33,DL,0,0,0,0
116,33,UL,0,0,0,0
116,34,DL,0,0,0,0
116,34,UL,0,0,0,0
116,35,DL,0,0,0,0
116,35,UL,0,0,0,0
116,36,DL,0,0,0,0
116,36,UL,0,0,0,0
116,37,DL,0,0,0,0
116,37,UL,0,0,0,0
116,38,DL,0,0,0,0
116,38,UL,0,0,0,0
116,39,DL,0,0,0,0
116,39,UL,0,0,0,0
116,40,DL,0,0,0,0
116,40,UL,0,0,0,0
116,41,DL,0,0,0,0
116,41,UL,0,0,0,0
116,42,DL,0,0,0,0
116,42,UL,0,0,0,0
116,43,DL,0,0,0,0
116,43,UL,0,0,0,0
116,44,DL,0,0,0,0
116,44,UL,0,0,0,0
116,45,DL,0,0,0,0
116,45,UL,0,0,0,0
116,46,DL,0,0,0,0
116,46,UL,0,0,0,0
116,47,DL,3.14001,0.19529,0.278957,5.88235
116,47,UL,0,0,0,0
116,48,DL,0,0,0,0
116,48,UL,0,0,0,0
116,49,DL,0,0,0,0
116,49,UL,0,0,0,0
116,50,DL,0,0,0,0
116,50,UL,0,0,0,0
116,51,DL,0,0,0,0
116,51,UL,0,0,0,0
116,52,DL,0,0,0,0
116,52,UL,0,0,0,0
116,53,DL,3.36779,0.0970037,0.0400696,0.833333
116,53,UL,0,0,0,0
116,54,DL,0,0,0,0
116,54,UL,0,0,0,0
116,55,DL,0,0,0,0
116,55,UL,0,0,0,0
116,56,DL,0,0,0,0
116,56,UL,0,0,0,0
116,57,DL,0,0,0,0
116,57,UL,0,0,0,0
116,58,DL,0,0,0,0
116,58,UL,0,0,0,0
116,59,DL,0,0,0,0
116,59,UL,0,0,0,0
116,60,DL,0,0,0,0
116,60,UL,0,0,0,0
116,61,DL,0,0,0,0
116,61,UL,0,0,0,0
116,62,DL,0,0,0,0
116,62,UL,0.247032,0,0.0405273,16.6
116,63,DL,0,0,0,0
116,63,UL,0,0,0,0
116,64,DL,2.23273,0.140825,0.598007,12.3967
116,64,UL,0,0,0,0
116,65,DL,0,0,0,0
116,65,UL,0,0,0,0
116,66,DL,0,0,0,0
116,66,UL,0,0,0,0
116,67,DL,0,0,0,0
116,67,UL,0,0,0,0
116,68,DL,0,0,0,0
116,68,UL,0,0,0,0
116,69,DL,0,0,0,0
116,69,UL,0,0,0,0
116,70,DL,0,0,0,0
116,70,UL,0,0,0,0
116,71,DL,0,0,0,0
116,71,UL,0,0,0,0
116,72,DL,0,0,0,0
116,72,UL,0,0,0,0
116,73,DL,0,0,0,0
116,73,UL,0,0,0,0
116,74,DL,0,0,0,0
116,74,UL,0,0,0,0
116,75,DL,0,0,0,0
116,75,UL,0,0,0,0
116,76,DL,0,0,0,0
116,76,UL,0,0,0,0
116,77,DL,0,0,0,0
116,77,UL,0,0,0,0
116,78,DL,0,0,0,0
116,78,UL,0,0,0,0
116,79,DL,0,0,0,0
116,79,UL,0,0,0,0
116,80,DL,0,0,0,0
116,80,UL,0,0,0,0
116,81,DL,0,0,0,0
116,81,UL,0,0,0,0
116,82,DL,0,0,0,0
116,82,UL,0,0,0,0
116,83,DL,0,0,0,0
116,83,UL,0,0,0,0
116,84,DL,0,0,0,0
116,84,UL,0,0,0,0
116,85,DL,0,0,0,0
116,85,UL,0,0,0,0
116,86,DL,0,0,0,0
116,86,UL,0,0,0,0
116,87,DL,0,0,0,0
116,87,UL,0,0,0,0
116,88,DL,0,0,0,0
116,88,UL,0,0,0,0
116,89,DL,0,0,0,0
116,89,UL,0,0,0,0
116,90,DL,0,0,0,0
116,90,UL,0,0,0,0
116,91,DL,0,0,0,0
116,91,UL,0,0,0,0
116,92,DL,0,0,0,0
116,92,UL,0,0,0,0
116,93,DL,0,0,0,0
116,93,UL,0,0,0,0
116,94,DL,0,0,0,0
116,94,UL,0,0,0,0
116,95,DL,0,0,0,0
116,95,UL,0,0,0,0
116,96,DL,0,0,0,0
116,96,UL,0,0,0,0
116,97,DL,0,0,0,0
116,97,UL,0,0,0,0
116,98,DL,0,0,0,0
116,98,UL,0,0,0,0
116,99,DL,0,0,0,0
116,99,UL,0,0,0,0
116,100,DL,0,0,0,0
116,100,UL,0,0,0,0
116,101,DL,0,0,0,0
116,101,UL,0,0,0,0
116,102,DL,0,0,0,0
116,102,UL,0,0,0,0
116,103,DL,0,0,0,0
116,103,UL,0,0,0,0
116,104,DL,0,0,0,0
116,104,UL,0,0,0,0
116,105,DL,0,0,0,0
116,105,UL,0,0,0,0
116,106,DL,0,0,0,0
116,106,UL,0,0,0,0
116,107,DL,0,0,0,0
116,107,UL,0,0,0,0
116,108,DL,0,0,0,0
116,108,UL,0,0,0,0
116,109,DL,0,0,0,0
116,109,UL,0,0,0,0
116,110,DL,0,0,0,0
116,110,UL,0,0,0,0
116,111,DL,0,0,0,0
116,111,UL,0,0,0,0
116,112,DL,0,0,0,0
116,112,UL,0,0,0,0
116,113,DL,0,0,0,0
116,113,UL,0,0,0,0
116,114,DL,0,0,0,0
116,114,UL,0,0,0,0
118,0,DL,0,0,0,0
118,0,UL,0,0,0,0
118,1,DL,0,0,0,0
118,1,UL,0,0,0,0
118,2,DL,0,0,0,0
118,2,UL,0,0,0,0
118,3,DL,0,0,0,0
118,3,UL,0,0,0,0
118,4,DL,0,0,0,0
118,4,UL,0,0,0,0
118,5,DL,0,0,0,0
118,5,UL,0,0,0,0
118,6,DL,0,0,0,0
118,6,UL,0,0,0,0
118,7,DL,0.279132,0.0188296,0.11937,2.45902
118,7,UL,0,0,0,0
118,8,DL,0,0,0,0
118,8,UL,0,0,0,0
118,9,DL,0,0,0,0
118,9,UL,0,0,0,0
118,10,DL,0,0,0,0
118,10,UL,0,0,0,0
118,11,DL,0,0,0,0
118,11,UL,0,0,0,0
118,12,DL,0,0,0,0
118,12,UL,0,0,0,0
118,13,DL,0,0,0,0
118,13,UL,0,0,0,0
118,14,DL,0,0,0,0
118,14,UL,0,0,0,0
118,15,DL,0,0,0,0
118,15,UL,0,0,0,0
118,16,DL,0,0,0,0
118,16,UL,0,0,0,0
118,17,DL,0,0,0,0
118,17,UL,0,0,0,0
118,18,DL,0,0,0,0
118,18,UL,0,0,0,0
118,19,DL,0,0,0,0
118,19,UL,0,0,0,0
118,20,DL,0,0,0,0
118,20,UL,0,0,0,0
118,21,DL,0,0,0,0
118,21,UL,0,0,0,0
118,22,DL,0,0,0,0
118,22,UL,0,0,0,0
118,23,DL,0,0,0,0
118,23,UL,0,0,0,0
118,24,DL,0,0,0,0
118,24,UL,0,0,0,0
118,25,DL,0,0,0,0
118,25,UL,0,0,0,0
118,26,DL,0,0,0,0
118,26,UL,0,0,0,0
118,27,DL,0,0,0,0
118,27,UL,0,0,0,0
118,28,DL,0,0,0,0
118,28,UL,0,0,0,0
118,29,DL,0,0,0,0
118,29,UL,0,0,0,0
118,30,DL,0,0,0,0
118,30,UL,0,0,0,0
118,31,DL,0,0,0,0
118,31,UL,0,0,0,0
118,32,DL,0,0,0,0
118,32,UL,0,0,0,0
118,33,DL,0,0,0,0
118,33,UL,0,0,0,0
118,34,DL,0,0,0,0
118,34,UL,0,0,0,0
118,35,DL,0,0,0,0
118,35,UL,0,0,0,0
118,36,DL,0,0,0,0
118,36,UL,0,0,0,0
118,37,DL,0,0,0,0
118,37,UL,0,0,0,0
118,38,DL,0,0,0,0
118,38,UL,0,0,0,0
118,39,DL,0,0,0,0
118,39,UL,0,0,0,0
118,40,DL,0,0,0,0
118,40,UL,0,0,0,0
118,41,DL,0,0,0,0
118,41,UL,0,0,0,0
118,42,DL,0,0,0,0
118,42,UL,0,0,0,0
118,43,DL,0,0,0,0
118,43,UL,0,0,0,0
118,44,DL,0,0,0,0
118,44,UL,0,0,0,0
118,45,DL,0,0,0,0
118,45,UL,0,0,0,0
118,46,DL,0,0,0,0
118,46,UL,0,0,0,0
118,47,DL,4.14202,0.0411266,0.199162,4.20168
118,47,UL,0,0,0,0
118,48,DL,0,0,0,0
118,48,UL,0,0,0,0
118,49,DL,0,0,0,0
118,49,UL,0,0,0,0
118,50,DL,0,0,0,0
118,50,UL,0,0,0,0
118,51,DL,0,0,0,0
118,51,UL,0,0,0,0
118,52,DL,0,0,0,0
118,52,UL,0,0,0,0
118,53,DL,0,0,0,0
118,53,UL,0,0,0,0
118,54,DL,0,0,0,0
118,54,UL,0,0,0,0
118,55,DL,0,0,0,0
118,55,UL,0,0,0,0
118,56,DL,0,0,0,0
118,56,UL,0,0,0,0
118,57,DL,0,0,0,0
118,57,UL,0,0,0,0
118,58,DL,0,0,0,0
118,58,UL,0,0,0,0
118,59,DL,0,0,0,0
118,59,UL,0,0,0,0
118,60,DL,0,0,0,0
118,60,UL,0,0,0,0
118,61,DL,0,0,0,0
118,61,UL,0,0,0,0
118,62,DL,0,0,0,0
118,62,UL,0,0,0,0
118,63,DL,0,0,0,0
118,63,UL,0,0,0,0
118,64,DL,3.42194,0.0567314,1.07503,22.314
118,64,UL,0,0,0,0
118,65,DL,0,0,0,0
118,65,UL,0,0,0,0
118,66,DL,0,0,0,0
118,66,UL,0,0,0,0
118,67,DL,0,0,0,0
118,67,UL,0,0,0,0
118,68,DL,0,0,0,0
118,68,UL,0,0,0,0
118,69,DL,0,0,0,0
118,69,UL,0,0,0,0
118,70,DL,0,0,0,0
118,70,UL,0,0,0,0
118,71,DL,0,0,0,0
118,71,UL,0,0,0,0
118,72,DL,0,0,0,0
118,72,UL,0,0,0,0
118,73,DL,0,0,0,0
118,73,UL,0,0,0,0
118,74,DL,0,0,0,0
118,74,UL,0,0,0,0
118,75,DL,0,0,0,0
118,75,UL,0,0,0,0
118,76,DL,0,0,0,0
118,76,UL,0,0,0,0
118,77,DL,0,0,0,0
118,77,UL,0,0,0,0
118,78,DL,0,0,0,0
118,78,UL,0,0,0,0
118,79,DL,0,0,0,0
118,79,UL,0,0,0,0
118,80,DL,0,0,0,0
118,80,UL,0,0,0,0
118,81,DL,0,0,0,0
118,81,UL,0,0,0,0
118,82,DL,0,0,0,0
118,82,UL,0,0,0,0
118,83,DL,0,0,0,0
118,83,UL,0,0,0,0
118,84,DL,0,0,0,0
118,84,UL,0,0,0,0
118,85,DL,0,0,0,0
118,85,UL,0,0,0,0
118,86,DL,0,0,0,0
118,86,UL,0,0,0,0
118,87,DL,0,0,0,0
118,87,UL,0,0,0,0
118,88,DL,0,0,0,0
118,88,UL,0,0,0,0
118,89,DL,0,0,0,0
118,89,UL,0,0,0,0
118,90,DL,0,0,0,0
118,90,UL,0,0,0,0
118,91,DL,0,0,0,0
118,91,UL,0,0,0,0
118,92,DL,0,0,0,0
118,92,UL,0,0,0,0
118,93,DL,0,0,0,0
118,93,UL,0,0,0,0
118,94,DL,0,0,0,0
118,94,UL,0,0,0,0
118,95,DL,0,0,0,0
118,95,UL,0,0,0,0
118,96,DL,0,0,0,0
118,96,UL,0,0,0,0
118,97,DL,0,0,0,0
118,97,UL,0,0,0,0
118,98,DL,0,0,0,0
118,98,UL,0,0,0,0
118,99,DL,0,0,0,0
118,99,UL,0,0,0,0
118,100,DL,0,0,0,0
118,100,UL,0,0,0,0
118,101,DL,0,0,0,0
118,101,UL,0,0,0,0
118,102,DL,0,0,0,0
118,102,UL,0,0,0,0
118,103,DL,0,0,0,0
118,103,UL,0,0,0,0
118,104,DL,0,0,0,0
118,104,UL,0,0,0,0
118,105,DL,0,0,0,0
118,105,UL,0,0,0,0
118,106,DL,0,0,0,0
118,106,UL,0,0,0,0
118,107,DL,0,0,0,0
118,107,UL,0,0,0,0
118,108,DL,0,0,0,0
118,108,UL,0,0,0,0
118,109,DL,0,0,0,0
118,109,UL,0,0,0,0
118,110,DL,0,0,0,0
118,110,UL,0,0,0,0
118,111,DL,0,0,0,0
118,111,UL,0,0,0,0
118,112,DL,0,0,0,0
118,112,UL,0,0,0,0
118,113,DL,0,0,0,0
118,113,UL,0,0,0,0
118,114,DL,0,0,0,0
118,114,UL,0,0,0,0
120,0,DL,0,0,0,0
120,0,UL,0,0,0,0
120,1,DL,0,0,0,0
120,1,UL,0,0,0,0
120,2,DL,0,0,0,0
120,2,UL,0,0,0,0
120,3,DL,0,0,0,0
120,3,UL,0,0,0,0
120,4,DL,0,0,0,0
120,4,UL,0,0,0,0
120,5,DL,0,0,0,0
120,5,UL,0,0,0,0
120,6,DL,0,0,0,0
120,6,UL,0,0,0,0
120,7,DL,0.360502,0.0471889,0.0397186,0.833333
120,7,UL,0,0,0,0
120,8,DL,0,0,0,0
120,8,UL,0,0,0,0
120,9,DL,0,0,0,0
120,9,UL,0,0,0,0
120,10,DL,0,0,0,0
120,10,UL,0,0,0,0
120,11,DL,0,0,0,0
120,11,UL,0,0,0,0
120,12,DL,0,0,0,0
120,12,UL,0,0,0,0
120,13,DL,0,0,0,0
120,13,UL,0,0,0,0
120,14,DL,0,0,0,0
120,14,UL,0,0,0,0
120,15,DL,0,0,0,0
120,15,UL,0,0,0,0
120,16,DL,0,0,0,0
120,16,UL,0,0,0,0
120,17,DL,0,0,0,0
120,17,UL,0,0,0,0
120,18,DL,0,0,0,0
120,18,UL,0,0,0,0
120,19,DL,0,0,0,0
120,19,UL,0,0,0,0
120,20,DL,0,0,0,0
120,20,UL,0,0,0,0
120,21,DL,0,0,0,0
120,21,UL,0,0,0,0
120,22,DL,0,0,0,0
120,22,UL,0,0,0,0
120,23,DL,0,0,0,0
120,23,UL,0,0,0,0
120,24,DL,0,0,0,0
120,24,UL,0,0,0,0
120,25,DL,0,0,0,0
120,25,UL,0,0,0,0
120,26,DL,0,0,0,0
120,26,UL,0,0,0,0
120,27,DL,0,0,0,0
120,27,UL,0,0,0,0
120,28,DL,0,0,0,0
120,28,UL,0,0,0,0
120,29,DL,0,0,0,0
120,29,UL,0,0,0,0
120,30,DL,0,0,0,0
120,30,UL,0,0,0,0
120,31,DL,0,0,0,0
120,31,UL,0,0,0,0
120,32,DL,0,0,0,0
120,32,UL,0,0,0,0
120,33,DL,0,0,0,0
120,33,UL,0,0,0,0
120,34,DL,0,0,0,0
120,34,UL,0,0,0,0
120,35,DL,0,0,0,0
120,35,UL,0,0,0,0
120,36,DL,0,0,0,0
120,36,UL,0,0,0,0
120,37,DL,0,0,0,0
120,37,UL,0,0,0,0
120,38,DL,0,0,0,0
120,38,UL,0,0,0,0
120,39,DL,0,0,0,0
120,39,UL,0,0,0,0
120,40,DL,0,0,0,0
120,40,UL,0,0,0,0
120,41,DL,0,0,0,0
120,41,UL,0,0,0,0
120,42,DL,0,0,0,0
120,42,UL,0,0,0,0
120,43,DL,0,0,0,0
120,43,UL,0,0,0,0
120,44,DL,0,0,0,0
120,44,UL,0,0,0,0
120,45,DL,0,0,0,0
120,45,UL,0,0,0,0
120,46,DL,0,0,0,0
120,46,UL,0,0,0,0
120,47,DL,0,0,0,0
120,47,UL,0,0,0,0
120,48,DL,0,0,0,0
120,48,UL,0,0,0,0
120,49,DL,0,0,0,0
120,49,UL,0,0,0,0
120,50,DL,0,0,0,0
120,50,UL,0,0,0,0
120,51,DL,0,0,0,0
120,51,UL,0,0,0,0
120,52,DL,0,0,0,0
120,52,UL,0,0,0,0
120,53,DL,0,0,0,0
120,53,UL,0,0,0,0
120,54,DL,0,0,0,0
120,54,UL,0,0,0,0
120,55,DL,0,0,0,0
120,55,UL,0,0,0,0
120,56,DL,0,0,0,0
120,56,UL,0,0,0,0
120,57,DL,0,0,0,0
120,57,UL,0,0,0,0
120,58,DL,0,0,0,0
120,58,UL,0,0,0,0
120,59,DL,0,0,0,0
120,59,UL,0,0,0,0
120,60,DL,0,0,0,0
120,60,UL,0,0,0,0
120,61,DL,0,0,0,0
120,61,UL,0,0,0,0
120,62,DL,0,0,0,0
120,62,UL,0,0,0,0
120,63,DL,0,0,0,0
120,63,UL,0,0,0,0
120,64,DL,4.69806,0.0513765,0.757492,15.8333
120,64,UL,0,0,0,0
120,65,DL,0,0,0,0
120,65,UL,0,0,0,0
120,66,DL,0,0,0,0
120,66,UL,0,0,0,0
120,67,DL,0,0,0,0
120,67,UL,0,0,0,0
120,68,DL,0,0,0,0
120,68,UL,0,0,0,0
120,69,DL,0,0,0,0
120,69,UL,0,0,0,0
120,70,DL,0,0,0,0
120,70,UL,0,0,0,0
120,71,DL,0,0,0,0
120,71,UL,0,0,0,0
120,72,DL,0,0,0,0
120,72,UL,0,0,0,0
120,73,DL,1.28742,0.0366121,0.319065,6.66667
120,73,UL,0.247137,0.000110292,0.203613,83.4
120,74,DL,0,0,0,0
120,74,UL,0,0,0,0
120,75,DL,0,0,0,0
120,75,UL,0,0,0,0
120,76,DL,0,0,0,0
120,76,UL,0,0,0,0
120,77,DL,0,0,0,0
120,77,UL,0,0,0,0
120,78,DL,0,0,0,0
120,78,UL,0,0,0,0
120,79,DL,0,0,0,0
120,79,UL,0,0,0,0
120,80,DL,0,0,0,0
120,80,UL,0,0,0,0
120,81,DL,0,0,0,0
120,81,UL,0,0,0,0
120,82,DL,0,0,0,0
120,82,UL,0,0,0,0
120,83,DL,0,0,0,0
120,83,UL,0.247208,0.000183967,0.12207,50
120,84,DL,0,0,0,0
120,84,UL,0,0,0,0
120,85,DL,0,0,0,0
120,85,UL,0,0,0,0
120,86,DL,0,0,0,0
120,86,UL,0,0,0,0
120,87,DL,0,0,0,0
120,87,UL,0,0,0,0
120,88,DL,0,0,0,0
120,88,UL,0,0,0,0
120,89,DL,0,0,0,0
120,89,UL,0,0,0,0
120,90,DL,0,0,0,0
120,90,UL,0,0,0,0
120,91,DL,0,0,0,0
120,91,UL,0,0,0,0
120,92,DL,0,0,0,0
120,92,UL,0,0,0,0
120,93,DL,0,0,0,0
120,93,UL,0,0,0,0
120,94,DL,0,0,0,0
120,94,UL,0,0,0,0
120,95,DL,0,0,0,0
120,95,UL,0,0,0,0
120,96,DL,0,0,0,0
120,96,UL,0,0,0,0
120,97,DL,0,0,0,0
120,97,UL,0,0,0,0
120,98,DL,0,0,0,0
120,98,UL,0,0,0,0
120,99,DL,0,0,0,0
120,99,UL,0,0,0,0
120,100,DL,0,0,0,0
120,100,UL,0,0,0,0
120,101,DL,0,0,0,0
120,101,UL,0,0,0,0
120,102,DL,0,0,0,0
120,102,UL,0,0,0,0
120,103,DL,0,0,0,0
120,103,UL,0,0,0,0
120,104,DL,0,0,0,0
120,104,UL,0,0,0,0
120,105,DL,0,0,0,0
120,105,UL,0,0,0,0
120,106,DL,0,0,0,0
120,106,UL,0,0,0,0
120,107,DL,0,0,0,0
120,107,UL,0,0,0,0
120,108,DL,0,0,0,0
120,108,UL,0,0,0,0
120,109,DL,0,0,0,0
120,109,UL,0,0,0,0
120,110,DL,0,0,0,0
120,110,UL,0,0,0,0
120,111,DL,0,0,0,0
120,111,UL,0,0,0,0
120,112,DL,0,0,0,0
120,112,UL,0,0,0,0
120,113,DL,0,0,0,0
120,113,UL,0,0,0,0
120,114,DL,0,0,0,0
120,114,UL,0,0,0,0
