time,ueId,rnti,servingCell,servingRsrp,candidateCell,candidateRsrp,candidateLoad,candidateEffLoad,candidateCap,candidateIsNtn,backhaulDlSnr,backhaulUlSnr,finalChosenCell
6.5,8,22,2,-79.4255,5,-67.9703,10,10,10,1,15.5366,11.016,0
6.5,8,22,2,-79.4255,7,-84.429,3,3,10,1,13.7714,9.2508,0
6.5,8,22,2,-79.4255,3,-85.4726,11,11,20,0,-999,-999,0
6.5,8,22,2,-79.4255,1,-87.3037,7,7,20,0,-999,-999,0
6.5,8,22,2,-79.4255,4,-93.53,7,7,20,0,-999,-999,0
6.5,8,22,2,-79.4255,6,-95.0996,9,9,10,1,11.1817,6.66114,0
6.5,9,23,2,-78.41,6,-53.4428,9,9,10,1,11.1817,6.66114,0
6.5,9,23,2,-78.41,1,-65.2643,7,7,20,0,-999,-999,0
6.5,9,23,2,-78.41,7,-70.021,3,3,10,1,13.7714,9.2508,0
6.5,9,23,2,-78.41,3,-79.5928,11,11,20,0,-999,-999,0
6.5,9,23,2,-78.41,4,-80.4385,7,7,20,0,-999,-999,0
6.5,9,23,2,-78.41,5,-89.0482,10,10,10,1,15.5366,11.016,0
6.5,10,78,3,-60.5409,5,-44.868,10,10,10,1,15.5366,11.016,0
6.5,10,78,3,-60.5409,1,-67.415,7,7,20,0,-999,-999,0
6.5,10,78,3,-60.5409,7,-81.3042,3,3,10,1,13.7714,9.2508,0
6.5,10,78,3,-60.5409,2,-83.1198,3,3,20,0,-999,-999,0
6.5,10,78,3,-60.5409,6,-100.256,9,9,10,1,11.1817,6.66114,0
6.5,10,78,3,-60.5409,4,-104.406,7,7,20,0,-999,-999,0
6.5,11,64,6,-77.8701,2,-54.4888,3,3,20,0,-999,-999,0
6.5,11,64,6,-77.8701,5,-61.4813,10,10,10,1,15.5366,11.016,0
6.5,11,64,6,-77.8701,1,-87.7817,7,7,20,0,-999,-999,0
6.5,11,64,6,-77.8701,4,-88.0752,7,7,20,0,-999,-999,0
6.5,11,64,6,-77.8701,3,-90.396,11,11,20,0,-999,-999,0
6.5,11,64,6,-77.8701,7,-90.4022,3,3,10,1,13.7714,9.2508,0
6.5,12,71,5,-73.7114,1,-89.4757,7,7,20,0,-999,-999,0
6.5,12,71,5,-73.7114,3,-93.0603,11,11,20,0,-999,-999,0
6.5,12,71,5,-73.7114,7,-100.412,3,3,10,1,13.7714,9.2508,0
6.5,12,71,5,-73.7114,6,-100.472,9,9,10,1,11.1817,6.66114,0
6.5,12,71,5,-73.7114,2,-101.235,3,3,20,0,-999,-999,0
6.5,12,71,5,-73.7114,4,-121.971,7,7,20,0,-999,-999,0
6.5,13,50,1,-50.121,3,-44.5341,11,11,20,0,-999,-999,0
6.5,13,50,1,-50.121,2,-72.5491,3,3,20,0,-999,-999,0
6.5,13,50,1,-50.121,7,-86.9403,3,3,10,1,13.7714,9.2508,0
6.5,13,50,1,-50.121,5,-90.3776,10,10,10,1,15.5366,11.016,0
6.5,13,50,1,-50.121,6,-94.2388,9,9,10,1,11.1817,6.66114,0
6.5,13,50,1,-50.121,4,-95.7663,7,7,20,0,-999,-999,0
6.5,14,72,5,-34.1675,7,-94.7563,3,3,10,1,13.7714,9.2508,0
6.5,14,72,5,-34.1675,1,-100.179,7,7,20,0,-999,-999,0
6.5,14,72,5,-34.1675,3,-105.193,11,11,20,0,-999,-999,0
6.5,14,72,5,-34.1675,2,-105.225,3,3,20,0,-999,-999,0
6.5,14,72,5,-34.1675,6,-111.752,9,9,10,1,11.1817,6.66114,0
6.5,14,72,5,-34.1675,4,-117.078,7,7,20,0,-999,-999,0
6.5,15,89,3,-57.6531,2,-52.7107,3,3,20,0,-999,-999,0
6.5,15,89,3,-57.6531,5,-59.2427,10,10,10,1,15.5366,11.016,0
6.5,15,89,3,-57.6531,1,-60.7721,7,7,20,0,-999,-999,0
6.5,15,89,3,-57.6531,6,-93.0238,9,9,10,1,11.1817,6.66114,0
6.5,15,89,3,-57.6531,4,-93.3089,7,7,20,0,-999,-999,0
6.5,15,89,3,-57.6531,7,-94.321,3,3,10,1,13.7714,9.2508,0
6.5,16,50,4,-43.8512,6,-48.1612,9,9,10,1,11.1817,6.66114,0
6.5,16,50,4,-43.8512,2,-94.5205,3,3,20,0,-999,-999,0
6.5,16,50,4,-43.8512,3,-96.2664,11,11,20,0,-999,-999,0
6.5,16,50,4,-43.8512,7,-100.613,3,3,10,1,13.7714,9.2508,0
6.5,16,50,4,-43.8512,1,-100.772,7,7,20,0,-999,-999,0
6.5,16,50,4,-43.8512,5,-110.119,10,10,10,1,15.5366,11.016,0
6.5,17,65,6,-77.2023,2,-63.4364,3,3,20,0,-999,-999,0
6.5,17,65,6,-77.2023,5,-74.6748,10,10,10,1,15.5366,11.016,0
6.5,17,65,6,-77.2023,4,-85.2413,7,7,20,0,-999,-999,0
6.5,17,65,6,-77.2023,7,-92.1927,3,3,10,1,13.7714,9.2508,0
6.5,17,65,6,-77.2023,1,-93.2934,7,7,20,0,-999,-999,0
6.5,17,65,6,-77.2023,3,-94.8029,11,11,20,0,-999,-999,0
6.5,18,90,3,-62.9587,1,-57.1759,7,7,20,0,-999,-999,0
6.5,18,90,3,-62.9587,5,-77.6373,10,10,10,1,15.5366,11.016,0
6.5,18,90,3,-62.9587,7,-84.4326,3,3,10,1,13.7714,9.2508,0
6.5,18,90,3,-62.9587,2,-86.2283,3,3,20,0,-999,-999,0
6.5,18,90,3,-62.9587,4,-95.8047,7,7,20,0,-999,-999,0
6.5,18,90,3,-62.9587,6,-102.574,9,9,10,1,11.1817,6.66114,0
6.5,19,73,5,-60.5162,3,-68.7012,11,11,20,0,-999,-999,0
6.5,19,73,5,-60.5162,7,-81.5211,3,3,10,1,13.7714,9.2508,0
6.5,19,73,5,-60.5162,1,-92.9895,7,7,20,0,-999,-999,0
6.5,19,73,5,-60.5162,2,-93.7775,3,3,20,0,-999,-999,0
6.5,19,73,5,-60.5162,4,-105.024,7,7,20,0,-999,-999,0
6.5,19,73,5,-60.5162,6,-115.425,9,9,10,1,11.1817,6.66114,0
6.5,20,81,5,-40.1533,3,-52.8168,11,11,20,0,-999,-999,0
6.5,20,81,5,-40.1533,2,-67.9881,3,3,20,0,-999,-999,0
6.5,20,81,5,-40.1533,7,-88.7902,3,3,10,1,13.7714,9.2508,0
6.5,20,81,5,-40.1533,1,-89.6739,7,7,20,0,-999,-999,0
6.5,20,81,5,-40.1533,6,-102.51,9,9,10,1,11.1817,6.66114,0
6.5,20,81,5,-40.1533,4,-111.451,7,7,20,0,-999,-999,0
6.5,21,51,4,-40.0998,6,-89.6763,9,9,10,1,11.1817,6.66114,0
6.5,21,51,4,-40.0998,2,-90.241,3,3,20,0,-999,-999,0
6.5,21,51,4,-40.0998,7,-90.5453,3,3,10,1,13.7714,9.2508,0
6.5,21,51,4,-40.0998,1,-104.507,7,7,20,0,-999,-999,0
6.5,21,51,4,-40.0998,3,-108.64,11,11,20,0,-999,-999,0
6.5,21,51,4,-40.0998,5,-110.522,10,10,10,1,15.5366,11.016,0
6.5,22,52,4,-76.3238,3,-63.2164,11,11,20,0,-999,-999,0
6.5,22,52,4,-76.3238,5,-87.4024,10,10,10,1,15.5366,11.016,0
6.5,22,52,4,-76.3238,6,-90.9631,9,9,10,1,11.1817,6.66114,0
6.5,22,52,4,-76.3238,2,-92.3213,3,3,20,0,-999,-999,0
6.5,22,52,4,-76.3238,7,-93.5891,3,3,10,1,13.7714,9.2508,0
6.5,22,52,4,-76.3238,1,-94.5846,7,7,20,0,-999,-999,0
6.5,23,22,7,-77.6929,1,-56.1734,7,7,20,0,-999,-999,0
6.5,23,22,7,-77.6929,2,-66.843,3,3,20,0,-999,-999,0
6.5,23,22,7,-77.6929,3,-76.3273,11,11,20,0,-999,-999,0
6.5,23,22,7,-77.6929,5,-87.1782,10,10,10,1,15.5366,11.016,0
6.5,23,22,7,-77.6929,4,-95.4449,7,7,20,0,-999,-999,0
6.5,23,22,7,-77.6929,6,-108.094,9,9,10,1,11.1817,6.66114,0
6.5,24,82,5,-36.8686,1,-68.5177,7,7,20,0,-999,-999,0
6.5,24,82,5,-36.8686,4,-83.2118,7,7,20,0,-999,-999,0
6.5,24,82,5,-36.8686,3,-87.6665,11,11,20,0,-999,-999,0
6.5,24,82,5,-36.8686,2,-96.876,3,3,20,0,-999,-999,0
6.5,24,82,5,-36.8686,6,-105.841,9,9,10,1,11.1817,6.66114,0
6.5,24,82,5,-36.8686,7,-107.35,3,3,10,1,13.7714,9.2508,0
6.5,25,66,6,-85.6041,4,-79.8419,7,7,20,0,-999,-999,0
6.5,25,66,6,-85.6041,7,-90.5765,3,3,10,1,13.7714,9.2508,0
6.5,25,66,6,-85.6041,2,-93.7683,3,3,20,0,-999,-999,0
6.5,25,66,6,-85.6041,1,-95.4901,7,7,20,0,-999,-999,0
6.5,25,66,6,-85.6041,3,-96.7841,11,11,20,0,-999,-999,0
6.5,25,66,6,-85.6041,5,-107.367,10,10,10,1,15.5366,11.016,0
6.5,26,91,3,-77.0355,2,-57.6068,3,3,20,0,-999,-999,0
6.5,26,91,3,-77.0355,6,-61.9136,9,9,10,1,11.1817,6.66114,0
6.5,26,91,3,-77.0355,4,-62.184,7,7,20,0,-999,-999,0
6.5,26,91,3,-77.0355,1,-68.4947,7,7,20,0,-999,-999,0
6.5,26,91,3,-77.0355,5,-91.7402,10,10,10,1,15.5366,11.016,0
6.5,26,91,3,-77.0355,7,-117.524,3,3,10,1,13.7714,9.2508,0
6.5,27,67,6,-68.7705,3,-67.2031,11,11,20,0,-999,-999,0
6.5,27,67,6,-68.7705,5,-83.3667,10,10,10,1,15.5366,11.016,0
6.5,27,67,6,-68.7705,4,-84.6791,7,7,20,0,-999,-999,0
6.5,27,67,6,-68.7705,1,-85.3624,7,7,20,0,-999,-999,0
6.5,27,67,6,-68.7705,2,-91.7071,3,3,20,0,-999,-999,0
6.5,27,67,6,-68.7705,7,-92.9313,3,3,10,1,13.7714,9.2508,0
6.5,28,83,5,-77.7563,4,-58.8931,7,7,20,0,-999,-999,0
6.5,28,83,5,-77.7563,1,-91.2513,7,7,20,0,-999,-999,0
6.5,28,83,5,-77.7563,2,-92.3197,3,3,20,0,-999,-999,0
6.5,28,83,5,-77.7563,3,-95.9455,11,11,20,0,-999,-999,0
6.5,28,83,5,-77.7563,6,-98.0004,9,9,10,1,11.1817,6.66114,0
6.5,28,83,5,-77.7563,7,-105.633,3,3,10,1,13.7714,9.2508,0
6.5,29,51,1,-76.1132,2,-52.1289,3,3,20,0,-999,-999,0
6.5,29,51,1,-76.1132,3,-81.4414,11,11,20,0,-999,-999,0
6.5,29,51,1,-76.1132,7,-84.7323,3,3,10,1,13.7714,9.2508,0
6.5,29,51,1,-76.1132,5,-89.6403,10,10,10,1,15.5366,11.016,0
6.5,29,51,1,-76.1132,6,-102.595,9,9,10,1,11.1817,6.66114,0
6.5,29,51,1,-76.1132,4,-104.403,7,7,20,0,-999,-999,0
6.5,30,84,5,-84.2784,3,-60.7042,11,11,20,0,-999,-999,0
6.5,30,84,5,-84.2784,1,-63.9054,7,7,20,0,-999,-999,0
6.5,30,84,5,-84.2784,7,-78.5174,3,3,10,1,13.7714,9.2508,0
6.5,30,84,5,-84.2784,2,-91.9275,3,3,20,0,-999,-999,0
6.5,30,84,5,-84.2784,6,-99.8879,9,9,10,1,11.1817,6.66114,0
6.5,30,84,5,-84.2784,4,-108.193,7,7,20,0,-999,-999,0
6.5,31,85,5,-80.6296,1,-89.3794,7,7,20,0,-999,-999,0
6.5,31,85,5,-80.6296,7,-90.0513,3,3,10,1,13.7714,9.2508,0
6.5,31,85,5,-80.6296,2,-95.1293,3,3,20,0,-999,-999,0
6.5,31,85,5,-80.6296,6,-102.768,9,9,10,1,11.1817,6.66114,0
6.5,31,85,5,-80.6296,3,-103.103,11,11,20,0,-999,-999,0
6.5,31,85,5,-80.6296,4,-120.599,7,7,20,0,-999,-999,0
6.5,32,53,4,-30.4031,6,-73.3852,9,9,10,1,11.1817,6.66114,0
6.5,32,53,4,-30.4031,5,-93.8526,10,10,10,1,15.5366,11.016,0
6.5,32,53,4,-30.4031,1,-95.3684,7,7,20,0,-999,-999,0
6.5,32,53,4,-30.4031,2,-97.3328,3,3,20,0,-999,-999,0
6.5,32,53,4,-30.4031,3,-105.21,11,11,20,0,-999,-999,0
6.5,32,53,4,-30.4031,7,-107.513,3,3,10,1,13.7714,9.2508,0
6.5,33,23,7,-82.5734,2,-40.1112,3,3,20,0,-999,-999,0
6.5,33,23,7,-82.5734,6,-68.0169,9,9,10,1,11.1817,6.66114,0
6.5,33,23,7,-82.5734,4,-75.7482,7,7,20,0,-999,-999,0
6.5,33,23,7,-82.5734,1,-76.6967,7,7,20,0,-999,-999,0
6.5,33,23,7,-82.5734,5,-91.8366,10,10,10,1,15.5366,11.016,0
6.5,33,23,7,-82.5734,3,-93.369,11,11,20,0,-999,-999,0
6.5,34,73,6,-84.0817,1,-72.1413,7,7,20,0,-999,-999,0
6.5,34,73,6,-84.0817,5,-73.6468,10,10,10,1,15.5366,11.016,0
6.5,34,73,6,-84.0817,2,-87.6771,3,3,20,0,-999,-999,0
6.5,34,73,6,-84.0817,4,-89.1434,7,7,20,0,-999,-999,0
6.5,34,73,6,-84.0817,7,-91.9865,3,3,10,1,13.7714,9.2508,0
6.5,34,73,6,-84.0817,3,-93.2834,11,11,20,0,-999,-999,0
6.5,35,86,5,-78.2842,2,-57.1856,3,3,20,0,-999,-999,0
6.5,35,86,5,-78.2842,3,-85.6053,11,11,20,0,-999,-999,0
6.5,35,86,5,-78.2842,1,-92.2186,7,7,20,0,-999,-999,0
6.5,35,86,5,-78.2842,6,-98.8888,9,9,10,1,11.1817,6.66114,0
6.5,35,86,5,-78.2842,7,-99.5472,3,3,10,1,13.7714,9.2508,0
6.5,35,86,5,-78.2842,4,-114.654,7,7,20,0,-999,-999,0
6.5,36,54,4,-75.9716,6,-81.1191,9,9,10,1,11.1817,6.66114,0
6.5,36,54,4,-75.9716,1,-93.6804,7,7,20,0,-999,-999,0
6.5,36,54,4,-75.9716,3,-95.893,11,11,20,0,-999,-999,0
6.5,36,54,4,-75.9716,2,-96.8494,3,3,20,0,-999,-999,0
6.5,36,54,4,-75.9716,5,-99.3139,10,10,10,1,15.5366,11.016,0
6.5,36,54,4,-75.9716,7,-105.999,3,3,10,1,13.7714,9.2508,0
6.5,37,52,1,-87.6968,6,-58.2439,9,9,10,1,11.1817,6.66114,0
6.5,37,52,1,-87.6968,4,-61.4738,7,7,20,0,-999,-999,0
6.5,37,52,1,-87.6968,2,-78.954,3,3,20,0,-999,-999,0
6.5,37,52,1,-87.6968,3,-87.2646,11,11,20,0,-999,-999,0
6.5,37,52,1,-87.6968,5,-89.3089,10,10,10,1,15.5366,11.016,0
6.5,37,52,1,-87.6968,7,-104.037,3,3,10,1,13.7714,9.2508,0
6.5,38,87,5,-78.0253,3,-52.6657,11,11,20,0,-999,-999,0
6.5,38,87,5,-78.0253,1,-71.9829,7,7,20,0,-999,-999,0
6.5,38,87,5,-78.0253,4,-89.4144,7,7,20,0,-999,-999,0
6.5,38,87,5,-78.0253,2,-94.5093,3,3,20,0,-999,-999,0
6.5,38,87,5,-78.0253,7,-99.1258,3,3,10,1,13.7714,9.2508,0
6.5,38,87,5,-78.0253,6,-102.975,9,9,10,1,11.1817,6.66114,0
6.5,39,53,1,-59.9991,2,-58.571,3,3,20,0,-999,-999,0
6.5,39,53,1,-59.9991,5,-64.2857,10,10,10,1,15.5366,11.016,0
6.5,39,53,1,-59.9991,3,-84.0237,11,11,20,0,-999,-999,0
6.5,39,53,1,-59.9991,7,-86.6405,3,3,10,1,13.7714,9.2508,0
6.5,39,53,1,-59.9991,6,-94.1604,9,9,10,1,11.1817,6.66114,0
6.5,39,53,1,-59.9991,4,-99.4363,7,7,20,0,-999,-999,0
6.5,40,55,4,-81.0118,6,-48.6499,9,9,10,1,11.1817,6.66114,0
6.5,40,55,4,-81.0118,2,-73.3668,3,3,20,0,-999,-999,0
6.5,40,55,4,-81.0118,7,-87.6749,3,3,10,1,13.7714,9.2508,0
6.5,40,55,4,-81.0118,1,-92.8381,7,7,20,0,-999,-999,0
6.5,40,55,4,-81.0118,5,-96.0203,10,10,10,1,15.5366,11.016,0
6.5,40,55,4,-81.0118,3,-96.593,11,11,20,0,-999,-999,0
6.5,41,24,2,-45.6236,6,-60.2993,9,9,10,1,11.1817,6.66114,0
6.5,41,24,2,-45.6236,1,-78.3695,7,7,20,0,-999,-999,0
6.5,41,24,2,-45.6236,7,-86.9365,3,3,10,1,13.7714,9.2508,0
6.5,41,24,2,-45.6236,3,-88.7675,11,11,20,0,-999,-999,0
6.5,41,24,2,-45.6236,4,-91.2363,7,7,20,0,-999,-999,0
6.5,41,24,2,-45.6236,5,-103.154,10,10,10,1,15.5366,11.016,0
6.5,42,74,6,-80.3375,2,-60.331,3,3,20,0,-999,-999,0
6.5,42,74,6,-80.3375,5,-71.8982,10,10,10,1,15.5366,11.016,0
6.5,42,74,6,-80.3375,1,-72.7675,7,7,20,0,-999,-999,0
6.5,42,74,6,-80.3375,4,-81.1329,7,7,20,0,-999,-999,0
6.5,42,74,6,-80.3375,3,-84.4244,11,11,20,0,-999,-999,0
6.5,42,74,6,-80.3375,7,-90.22,3,3,10,1,13.7714,9.2508,0
6.5,43,92,3,-51.6651,1,-64.5065,7,7,20,0,-999,-999,0
6.5,43,92,3,-51.6651,2,-82.8635,3,3,20,0,-999,-999,0
6.5,43,92,3,-51.6651,5,-85.1591,10,10,10,1,15.5366,11.016,0
6.5,43,92,3,-51.6651,7,-96.3303,3,3,10,1,13.7714,9.2508,0
6.5,43,92,3,-51.6651,4,-97.6017,7,7,20,0,-999,-999,0
6.5,43,92,3,-51.6651,6,-104.886,9,9,10,1,11.1817,6.66114,0
6.5,44,93,3,-91.9657,1,-86.3911,7,7,20,0,-999,-999,0
6.5,44,93,3,-91.9657,5,-87.2237,10,10,10,1,15.5366,11.016,0
6.5,44,93,3,-91.9657,2,-90.2985,3,3,20,0,-999,-999,0
6.5,44,93,3,-91.9657,6,-93.0362,9,9,10,1,11.1817,6.66114,0
6.5,44,93,3,-91.9657,4,-93.9841,7,7,20,0,-999,-999,0
6.5,44,93,3,-91.9657,7,-102.263,3,3,10,1,13.7714,9.2508,0
6.5,45,54,1,-35.9025,3,-47.0228,11,11,20,0,-999,-999,0
6.5,45,54,1,-35.9025,6,-67.6525,9,9,10,1,11.1817,6.66114,0
6.5,45,54,1,-35.9025,4,-71.1141,7,7,20,0,-999,-999,0
6.5,45,54,1,-35.9025,5,-82.395,10,10,10,1,15.5366,11.016,0
6.5,45,54,1,-35.9025,7,-82.415,3,3,10,1,13.7714,9.2508,0
6.5,45,54,1,-35.9025,2,-84.26,3,3,20,0,-999,-999,0
6.5,46,75,6,-73.8194,7,-55.855,3,3,10,1,13.7714,9.2508,0
6.5,46,75,6,-73.8194,3,-80.8091,11,11,20,0,-999,-999,0
6.5,46,75,6,-73.8194,5,-84.1091,10,10,10,1,15.5366,11.016,0
6.5,46,75,6,-73.8194,4,-92.4283,7,7,20,0,-999,-999,0
6.5,46,75,6,-73.8194,2,-93.7068,3,3,20,0,-999,-999,0
6.5,46,75,6,-73.8194,1,-101.126,7,7,20,0,-999,-999,0
6.5,47,94,3,-86.3266,5,-62.2627,10,10,10,1,15.5366,11.016,0
6.5,47,94,3,-86.3266,1,-70.0723,7,7,20,0,-999,-999,0
6.5,47,94,3,-86.3266,2,-72.4382,3,3,20,0,-999,-999,0
6.5,47,94,3,-86.3266,7,-79.8395,3,3,10,1,13.7714,9.2508,0
6.5,47,94,3,-86.3266,6,-89.1042,9,9,10,1,11.1817,6.66114,0
6.5,47,94,3,-86.3266,4,-103.635,7,7,20,0,-999,-999,0
6.5,48,76,6,-38.3358,7,-67.2847,3,3,10,1,13.7714,9.2508,0
6.5,48,76,6,-38.3358,4,-81.2511,7,7,20,0,-999,-999,0
6.5,48,76,6,-38.3358,5,-94.2438,10,10,10,1,15.5366,11.016,0
6.5,48,76,6,-38.3358,2,-100.3,3,3,20,0,-999,-999,0
6.5,48,76,6,-38.3358,3,-105.649,11,11,20,0,-999,-999,0
6.5,48,76,6,-38.3358,1,-110.844,7,7,20,0,-999,-999,0
6.5,49,57,4,-65.3384,6,-48.6076,9,9,10,1,11.1817,6.66114,0
6.5,49,57,4,-65.3384,1,-72.0929,7,7,20,0,-999,-999,0
6.5,49,57,4,-65.3384,2,-79.0113,3,3,20,0,-999,-999,0
6.5,49,57,4,-65.3384,5,-95.9229,10,10,10,1,15.5366,11.016,0
6.5,49,57,4,-65.3384,3,-104.992,11,11,20,0,-999,-999,0
6.5,49,57,4,-65.3384,7,-108.105,3,3,10,1,13.7714,9.2508,0
6.5,50,95,3,-98.0116,4,-70.2161,7,7,20,0,-999,-999,0
6.5,50,95,3,-98.0116,5,-92.8373,10,10,10,1,15.5366,11.016,0
6.5,50,95,3,-98.0116,6,-97.3833,9,9,10,1,11.1817,6.66114,0
6.5,50,95,3,-98.0116,2,-97.5791,3,3,20,0,-999,-999,0
6.5,50,95,3,-98.0116,1,-98.7799,7,7,20,0,-999,-999,0
6.5,50,95,3,-98.0116,7,-99.6163,3,3,10,1,13.7714,9.2508,0
6.5,51,96,3,-83.907,4,-68.3226,7,7,20,0,-999,-999,0
6.5,51,96,3,-83.907,7,-71.8235,3,3,10,1,13.7714,9.2508,0
6.5,51,96,3,-83.907,1,-92.5683,7,7,20,0,-999,-999,0
6.5,51,96,3,-83.907,5,-93.9259,10,10,10,1,15.5366,11.016,0
6.5,51,96,3,-83.907,2,-95.9351,3,3,20,0,-999,-999,0
6.5,51,96,3,-83.907,6,-99.4516,9,9,10,1,11.1817,6.66114,0
6.5,52,55,1,-87.3853,2,-47.5764,3,3,20,0,-999,-999,0
6.5,52,55,1,-87.3853,5,-56.1763,10,10,10,1,15.5366,11.016,0
6.5,52,55,1,-87.3853,3,-82.8079,11,11,20,0,-999,-999,0
6.5,52,55,1,-87.3853,7,-88.5353,3,3,10,1,13.7714,9.2508,0
6.5,52,55,1,-87.3853,4,-107.276,7,7,20,0,-999,-999,0
6.5,52,55,1,-87.3853,6,-112.103,9,9,10,1,11.1817,6.66114,0
6.5,53,97,3,-82.4685,5,-93.521,10,10,10,1,15.5366,11.016,0
6.5,53,97,3,-82.4685,7,-94.3129,3,3,10,1,13.7714,9.2508,0
6.5,53,97,3,-82.4685,6,-98.1243,9,9,10,1,11.1817,6.66114,0
6.5,53,97,3,-82.4685,4,-99.597,7,7,20,0,-999,-999,0
6.5,53,97,3,-82.4685,2,-103.351,3,3,20,0,-999,-999,0
6.5,53,97,3,-82.4685,1,-105.765,7,7,20,0,-999,-999,0
6.5,54,24,7,-56.4518,2,-64.0238,3,3,20,0,-999,-999,0
6.5,54,24,7,-56.4518,4,-91.6486,7,7,20,0,-999,-999,0
6.5,54,24,7,-56.4518,3,-91.8385,11,11,20,0,-999,-999,0
6.5,54,24,7,-56.4518,1,-95.4795,7,7,20,0,-999,-999,0
6.5,54,24,7,-56.4518,6,-97.3381,9,9,10,1,11.1817,6.66114,0
6.5,54,24,7,-56.4518,5,-105.034,10,10,10,1,15.5366,11.016,0
6.5,55,77,6,-78.6039,7,-76.9513,3,3,10,1,13.7714,9.2508,0
6.5,55,77,6,-78.6039,4,-83.4102,7,7,20,0,-999,-999,0
6.5,55,77,6,-78.6039,2,-96.3931,3,3,20,0,-999,-999,0
6.5,55,77,6,-78.6039,1,-99.0513,7,7,20,0,-999,-999,0
6.5,55,77,6,-78.6039,5,-100.678,10,10,10,1,15.5366,11.016,0
6.5,55,77,6,-78.6039,3,-108.02,11,11,20,0,-999,-999,0
6.5,56,57,1,-46.6593,3,-52.7338,11,11,20,0,-999,-999,0
6.5,56,57,1,-46.6593,4,-58.2796,7,7,20,0,-999,-999,0
6.5,56,57,1,-46.6593,2,-86.5989,3,3,20,0,-999,-999,0
6.5,56,57,1,-46.6593,5,-89.1838,10,10,10,1,15.5366,11.016,0
6.5,56,57,1,-46.6593,7,-90.0932,3,3,10,1,13.7714,9.2508,0
6.5,56,57,1,-46.6593,6,-91.7468,9,9,10,1,11.1817,6.66114,0
6.5,57,98,3,-90.2547,2,-81.6456,3,3,20,0,-999,-999,0
6.5,57,98,3,-90.2547,5,-86.9065,10,10,10,1,15.5366,11.016,0
6.5,57,98,3,-90.2547,7,-91.1623,3,3,10,1,13.7714,9.2508,0
6.5,57,98,3,-90.2547,1,-94.0427,7,7,20,0,-999,-999,0
6.5,57,98,3,-90.2547,4,-117.261,7,7,20,0,-999,-999,0
6.5,57,98,3,-90.2547,6,-119.253,9,9,10,1,11.1817,6.66114,0
8.5,8,22,2,-78.036,3,-48.7077,20,20,20,0,-999,-999,0
8.5,8,22,2,-78.036,4,-69.8138,20,20,20,0,-999,-999,0
8.5,8,22,2,-78.036,5,-82.9454,10,10,10,1,14.9788,10.4582,0
8.5,8,22,2,-78.036,7,-84.312,9,9,10,1,11.8103,7.28969,0
8.5,8,22,2,-78.036,1,-85.9769,20,20,20,0,-999,-999,0
8.5,8,22,2,-78.036,6,-96.2892,10,10,10,1,15.6188,11.0982,0
8.5,9,23,2,-40.2738,1,-50.17,20,20,20,0,-999,-999,0
8.5,9,23,2,-40.2738,6,-53.1843,10,10,10,1,15.6188,11.0982,0
8.5,9,23,2,-40.2738,3,-60.9269,20,20,20,0,-999,-999,0
8.5,9,23,2,-40.2738,5,-80.6662,10,10,10,1,14.9788,10.4582,0
8.5,9,23,2,-40.2738,4,-82.5618,20,20,20,0,-999,-999,0
8.5,9,23,2,-40.2738,7,-87.6792,9,9,10,1,11.8103,7.28969,0
8.5,10,78,3,-38.3387,5,-61.5234,10,10,10,1,14.9788,10.4582,0
8.5,10,78,3,-38.3387,1,-72.2535,20,20,20,0,-999,-999,0
8.5,10,78,3,-38.3387,2,-83.3854,11,11,20,0,-999,-999,0
8.5,10,78,3,-38.3387,6,-87.5439,10,10,10,1,15.6188,11.0982,0
8.5,10,78,3,-38.3387,7,-91.7957,9,9,10,1,11.8103,7.28969,0
8.5,10,78,3,-38.3387,4,-104.437,20,20,20,0,-999,-999,0
8.5,11,64,6,-58.7336,2,-54.4498,11,11,20,0,-999,-999,0
8.5,11,64,6,-58.7336,1,-62.4707,20,20,20,0,-999,-999,0
8.5,11,64,6,-58.7336,7,-66.0702,9,9,10,1,11.8103,7.28969,0
8.5,11,64,6,-58.7336,4,-90.066,20,20,20,0,-999,-999,0
8.5,11,64,6,-58.7336,3,-91.3482,20,20,20,0,-999,-999,0
8.5,11,64,6,-58.7336,5,-99.2989,10,10,10,1,14.9788,10.4582,0
8.5,12,71,5,-88.9159,2,-87.1892,11,11,20,0,-999,-999,0
8.5,12,71,5,-88.9159,1,-93.8044,20,20,20,0,-999,-999,0
8.5,12,71,5,-88.9159,7,-100.251,9,9,10,1,11.8103,7.28969,0
8.5,12,71,5,-88.9159,3,-100.751,20,20,20,0,-999,-999,0
8.5,12,71,5,-88.9159,6,-107.12,10,10,10,1,15.6188,11.0982,0
8.5,12,71,5,-88.9159,4,-120.729,20,20,20,0,-999,-999,0
8.5,13,50,1,-62.3001,4,-72.6277,20,20,20,0,-999,-999,0
8.5,13,50,1,-62.3001,3,-74.7254,20,20,20,0,-999,-999,0
8.5,13,50,1,-62.3001,7,-75.9471,9,9,10,1,11.8103,7.28969,0
8.5,13,50,1,-62.3001,2,-76.7956,11,11,20,0,-999,-999,0
8.5,13,50,1,-62.3001,5,-84.6907,10,10,10,1,14.9788,10.4582,0
8.5,13,50,1,-62.3001,6,-99.753,10,10,10,1,15.6188,11.0982,0
8.5,14,72,5,-69.2503,3,-100.075,20,20,20,0,-999,-999,0
8.5,14,72,5,-69.2503,6,-100.849,10,10,10,1,15.6188,11.0982,0
8.5,14,72,5,-69.2503,2,-105.025,11,11,20,0,-999,-999,0
8.5,14,72,5,-69.2503,1,-105.728,20,20,20,0,-999,-999,0
8.5,14,72,5,-69.2503,7,-113.5,9,9,10,1,11.8103,7.28969,0
8.5,14,72,5,-69.2503,4,-118.301,20,20,20,0,-999,-999,0
8.5,15,89,3,-51.6503,4,-65.9898,20,20,20,0,-999,-999,0
8.5,15,89,3,-51.6503,2,-78.4039,11,11,20,0,-999,-999,0
8.5,15,89,3,-51.6503,1,-89.149,20,20,20,0,-999,-999,0
8.5,15,89,3,-51.6503,5,-94.1862,10,10,10,1,14.9788,10.4582,0
8.5,15,89,3,-51.6503,6,-95.4799,10,10,10,1,15.6188,11.0982,0
8.5,15,89,3,-51.6503,7,-101.249,9,9,10,1,11.8103,7.28969,0
8.5,16,50,4,-77.8881,6,-44.1344,10,10,10,1,15.6188,11.0982,0
8.5,16,50,4,-77.8881,2,-91.8841,11,11,20,0,-999,-999,0
8.5,16,50,4,-77.8881,5,-98.2171,10,10,10,1,14.9788,10.4582,0
8.5,16,50,4,-77.8881,1,-100.373,20,20,20,0,-999,-999,0
8.5,16,50,4,-77.8881,7,-102.545,9,9,10,1,11.8103,7.28969,0
8.5,16,50,4,-77.8881,3,-104.508,20,20,20,0,-999,-999,0
8.5,17,65,6,-75.4429,1,-67.4516,20,20,20,0,-999,-999,0
8.5,17,65,6,-75.4429,3,-84.058,20,20,20,0,-999,-999,0
8.5,17,65,6,-75.4429,4,-86.9498,20,20,20,0,-999,-999,0
8.5,17,65,6,-75.4429,2,-87.4168,11,11,20,0,-999,-999,0
8.5,17,65,6,-75.4429,7,-98.1153,9,9,10,1,11.8103,7.28969,0
8.5,17,65,6,-75.4429,5,-100.959,10,10,10,1,14.9788,10.4582,0
8.5,18,90,3,-61.2546,1,-67.8104,20,20,20,0,-999,-999,0
8.5,18,90,3,-61.2546,5,-82.1301,10,10,10,1,14.9788,10.4582,0
8.5,18,90,3,-61.2546,2,-83.5424,11,11,20,0,-999,-999,0
8.5,18,90,3,-61.2546,4,-96.2215,20,20,20,0,-999,-999,0
8.5,18,90,3,-61.2546,7,-97.5491,9,9,10,1,11.8103,7.28969,0
8.5,18,90,3,-61.2546,6,-103.149,10,10,10,1,15.6188,11.0982,0
8.5,19,73,5,-93.2397,1,-89.9054,20,20,20,0,-999,-999,0
8.5,19,73,5,-93.2397,3,-94.1865,20,20,20,0,-999,-999,0
8.5,19,73,5,-93.2397,2,-96.9697,11,11,20,0,-999,-999,0
8.5,19,73,5,-93.2397,7,-99.187,9,9,10,1,11.8103,7.28969,0
8.5,19,73,5,-93.2397,4,-99.2249,20,20,20,0,-999,-999,0
8.5,19,73,5,-93.2397,6,-111.863,10,10,10,1,15.6188,11.0982,0
8.5,20,81,5,-70.6297,3,-58.9301,20,20,20,0,-999,-999,0
8.5,20,81,5,-70.6297,6,-66.8756,10,10,10,1,15.6188,11.0982,0
8.5,20,81,5,-70.6297,1,-86.943,20,20,20,0,-999,-999,0
8.5,20,81,5,-70.6297,2,-94.1207,11,11,20,0,-999,-999,0
8.5,20,81,5,-70.6297,7,-94.6074,9,9,10,1,11.8103,7.28969,0
8.5,20,81,5,-70.6297,4,-98.1598,20,20,20,0,-999,-999,0
8.5,21,51,4,-35.0384,7,-54.9497,9,9,10,1,11.8103,7.28969,0
8.5,21,51,4,-35.0384,6,-89.3496,10,10,10,1,15.6188,11.0982,0
8.5,21,51,4,-35.0384,5,-99.9845,10,10,10,1,14.9788,10.4582,0
8.5,21,51,4,-35.0384,1,-101.333,20,20,20,0,-999,-999,0
8.5,21,51,4,-35.0384,2,-102.867,11,11,20,0,-999,-999,0
8.5,21,51,4,-35.0384,3,-104.388,20,20,20,0,-999,-999,0
8.5,22,52,4,-63.0735,6,-64.1863,10,10,10,1,15.6188,11.0982,0
8.5,22,52,4,-63.0735,5,-80.6688,10,10,10,1,14.9788,10.4582,0
8.5,22,52,4,-63.0735,7,-87.1418,9,9,10,1,11.8103,7.28969,0
8.5,22,52,4,-63.0735,2,-92.0597,11,11,20,0,-999,-999,0
8.5,22,52,4,-63.0735,3,-95.0518,20,20,20,0,-999,-999,0
8.5,22,52,4,-63.0735,1,-101.631,20,20,20,0,-999,-999,0
8.5,23,22,7,-80.0143,1,-59.2804,20,20,20,0,-999,-999,0
8.5,23,22,7,-80.0143,3,-61.8896,20,20,20,0,-999,-999,0
8.5,23,22,7,-80.0143,2,-63.7023,11,11,20,0,-999,-999,0
8.5,23,22,7,-80.0143,4,-64.1815,20,20,20,0,-999,-999,0
8.5,23,22,7,-80.0143,5,-77.2993,10,10,10,1,14.9788,10.4582,0
8.5,23,22,7,-80.0143,6,-104.126,10,10,10,1,15.6188,11.0982,0
8.5,24,82,5,-55.6537,1,-64.5797,20,20,20,0,-999,-999,0
8.5,24,82,5,-55.6537,3,-73.5013,20,20,20,0,-999,-999,0
8.5,24,82,5,-55.6537,2,-87.3479,11,11,20,0,-999,-999,0
8.5,24,82,5,-55.6537,6,-98.9664,10,10,10,1,15.6188,11.0982,0
8.5,24,82,5,-55.6537,7,-103.95,9,9,10,1,11.8103,7.28969,0
8.5,24,82,5,-55.6537,4,-109.168,20,20,20,0,-999,-999,0
8.5,25,66,6,-83.3226,4,-61.2126,20,20,20,0,-999,-999,0
8.5,25,66,6,-83.3226,1,-68.1193,20,20,20,0,-999,-999,0
8.5,25,66,6,-83.3226,5,-82.8674,10,10,10,1,14.9788,10.4582,0
8.5,25,66,6,-83.3226,2,-88.0292,11,11,20,0,-999,-999,0
8.5,25,66,6,-83.3226,7,-94.0977,9,9,10,1,11.8103,7.28969,0
8.5,25,66,6,-83.3226,3,-100.377,20,20,20,0,-999,-999,0
8.5,26,91,3,-50.2035,1,-79.5866,20,20,20,0,-999,-999,0
8.5,26,91,3,-50.2035,5,-81.2054,10,10,10,1,14.9788,10.4582,0
8.5,26,91,3,-50.2035,2,-82.0395,11,11,20,0,-999,-999,0
8.5,26,91,3,-50.2035,4,-93.1687,20,20,20,0,-999,-999,0
8.5,26,91,3,-50.2035,6,-102.178,10,10,10,1,15.6188,11.0982,0
8.5,26,91,3,-50.2035,7,-112.262,9,9,10,1,11.8103,7.28969,0
8.5,27,67,6,-55.1538,4,-85.5818,20,20,20,0,-999,-999,0
8.5,27,67,6,-55.1538,2,-89.9349,11,11,20,0,-999,-999,0
8.5,27,67,6,-55.1538,1,-95.0256,20,20,20,0,-999,-999,0
8.5,27,67,6,-55.1538,7,-99.4269,9,9,10,1,11.8103,7.28969,0
8.5,27,67,6,-55.1538,5,-102.148,10,10,10,1,14.9788,10.4582,0
8.5,27,67,6,-55.1538,3,-105.539,20,20,20,0,-999,-999,0
8.5,28,83,5,-64.9917,3,-64.3387,20,20,20,0,-999,-999,0
8.5,28,83,5,-64.9917,2,-90.3227,11,11,20,0,-999,-999,0
8.5,28,83,5,-64.9917,4,-90.6247,20,20,20,0,-999,-999,0
8.5,28,83,5,-64.9917,6,-91.2699,10,10,10,1,15.6188,11.0982,0
8.5,28,83,5,-64.9917,1,-93.5042,20,20,20,0,-999,-999,0
8.5,28,83,5,-64.9917,7,-97.6348,9,9,10,1,11.8103,7.28969,0
8.5,29,51,1,-74.2304,5,-69.5867,10,10,10,1,14.9788,10.4582,0
8.5,29,51,1,-74.2304,3,-86.2865,20,20,20,0,-999,-999,0
8.5,29,51,1,-74.2304,2,-86.6435,11,11,20,0,-999,-999,0
8.5,29,51,1,-74.2304,7,-87.9367,9,9,10,1,11.8103,7.28969,0
8.5,29,51,1,-74.2304,6,-104.766,10,10,10,1,15.6188,11.0982,0
8.5,29,51,1,-74.2304,4,-107.217,20,20,20,0,-999,-999,0
8.5,30,84,5,-60.2394,1,-57.5807,20,20,20,0,-999,-999,0
8.5,30,84,5,-60.2394,3,-79.1245,20,20,20,0,-999,-999,0
8.5,30,84,5,-60.2394,2,-93.0527,11,11,20,0,-999,-999,0
8.5,30,84,5,-60.2394,7,-93.3074,9,9,10,1,11.8103,7.28969,0
8.5,30,84,5,-60.2394,6,-97.8714,10,10,10,1,15.6188,11.0982,0
8.5,30,84,5,-60.2394,4,-113.499,20,20,20,0,-999,-999,0
8.5,31,85,5,-82.2759,2,-66.3285,11,11,20,0,-999,-999,0
8.5,31,85,5,-82.2759,1,-88.2051,20,20,20,0,-999,-999,0
8.5,31,85,5,-82.2759,3,-91.5913,20,20,20,0,-999,-999,0
8.5,31,85,5,-82.2759,7,-93.4457,9,9,10,1,11.8103,7.28969,0
8.5,31,85,5,-82.2759,6,-103.52,10,10,10,1,15.6188,11.0982,0
8.5,31,85,5,-82.2759,4,-120.808,20,20,20,0,-999,-999,0
8.5,32,53,4,-50.5786,6,-65.3742,10,10,10,1,15.6188,11.0982,0
8.5,32,53,4,-50.5786,3,-81.149,20,20,20,0,-999,-999,0
8.5,32,53,4,-50.5786,1,-93.1227,20,20,20,0,-999,-999,0
8.5,32,53,4,-50.5786,7,-97.1067,9,9,10,1,11.8103,7.28969,0
8.5,32,53,4,-50.5786,2,-99.6629,11,11,20,0,-999,-999,0
8.5,32,53,4,-50.5786,5,-103.404,10,10,10,1,14.9788,10.4582,0
8.5,33,23,7,-47.4318,3,-66.5598,20,20,20,0,-999,-999,0
8.5,33,23,7,-47.4318,2,-72.0804,11,11,20,0,-999,-999,0
8.5,33,23,7,-47.4318,1,-75.7643,20,20,20,0,-999,-999,0
8.5,33,23,7,-47.4318,6,-89.0293,10,10,10,1,15.6188,11.0982,0
8.5,33,23,7,-47.4318,5,-93.8738,10,10,10,1,14.9788,10.4582,0
8.5,33,23,7,-47.4318,4,-104.501,20,20,20,0,-999,-999,0
8.5,34,73,6,-61.168,4,-48.7169,20,20,20,0,-999,-999,0
8.5,34,73,6,-61.168,2,-55.5264,11,11,20,0,-999,-999,0
8.5,34,73,6,-61.168,1,-66.806,20,20,20,0,-999,-999,0
8.5,34,73,6,-61.168,3,-71.7476,20,20,20,0,-999,-999,0
8.5,34,73,6,-61.168,5,-90.5748,10,10,10,1,14.9788,10.4582,0
8.5,34,73,6,-61.168,7,-92.6567,9,9,10,1,11.8103,7.28969,0
8.5,35,86,5,-76.02,3,-58.2162,20,20,20,0,-999,-999,0
8.5,35,86,5,-76.02,1,-81.1888,20,20,20,0,-999,-999,0
8.5,35,86,5,-76.02,2,-90.9081,11,11,20,0,-999,-999,0
8.5,35,86,5,-76.02,7,-101.582,9,9,10,1,11.8103,7.28969,0
8.5,35,86,5,-76.02,6,-104.039,10,10,10,1,15.6188,11.0982,0
8.5,35,86,5,-76.02,4,-111.725,20,20,20,0,-999,-999,0
8.5,36,54,4,-50.2251,6,-45.2034,10,10,10,1,15.6188,11.0982,0
8.5,36,54,4,-50.2251,5,-85.2619,10,10,10,1,14.9788,10.4582,0
8.5,36,54,4,-50.2251,1,-94.51,20,20,20,0,-999,-999,0
8.5,36,54,4,-50.2251,2,-96.875,11,11,20,0,-999,-999,0
8.5,36,54,4,-50.2251,7,-101.631,9,9,10,1,11.8103,7.28969,0
8.5,36,54,4,-50.2251,3,-102.212,20,20,20,0,-999,-999,0
8.5,37,52,1,-79.0947,5,-71.6577,10,10,10,1,14.9788,10.4582,0
8.5,37,52,1,-79.0947,4,-77.0381,20,20,20,0,-999,-999,0
8.5,37,52,1,-79.0947,2,-79.0722,11,11,20,0,-999,-999,0
8.5,37,52,1,-79.0947,6,-85.9132,10,10,10,1,15.6188,11.0982,0
8.5,37,52,1,-79.0947,7,-96.5093,9,9,10,1,11.8103,7.28969,0
8.5,37,52,1,-79.0947,3,-98.0051,20,20,20,0,-999,-999,0
8.5,38,87,5,-53.7981,2,-64.5123,11,11,20,0,-999,-999,0
8.5,38,87,5,-53.7981,3,-84.5845,20,20,20,0,-999,-999,0
8.5,38,87,5,-53.7981,1,-89.7842,20,20,20,0,-999,-999,0
8.5,38,87,5,-53.7981,7,-96.1933,9,9,10,1,11.8103,7.28969,0
8.5,38,87,5,-53.7981,6,-100.71,10,10,10,1,15.6188,11.0982,0
8.5,38,87,5,-53.7981,4,-108.595,20,20,20,0,-999,-999,0
8.5,39,53,1,-84.8926,2,-80.3456,11,11,20,0,-999,-999,0
8.5,39,53,1,-84.8926,3,-86.5533,20,20,20,0,-999,-999,0
8.5,39,53,1,-84.8926,5,-91.6961,10,10,10,1,14.9788,10.4582,0
8.5,39,53,1,-84.8926,7,-92.0575,9,9,10,1,11.8103,7.28969,0
8.5,39,53,1,-84.8926,6,-92.78,10,10,10,1,15.6188,11.0982,0
8.5,39,53,1,-84.8926,4,-96.1719,20,20,20,0,-999,-999,0
8.5,40,55,4,-77.6375,1,-57.8445,20,20,20,0,-999,-999,0
8.5,40,55,4,-77.6375,6,-62.5994,10,10,10,1,15.6188,11.0982,0
8.5,40,55,4,-77.6375,3,-71.1348,20,20,20,0,-999,-999,0
8.5,40,55,4,-77.6375,7,-78.8396,9,9,10,1,11.8103,7.28969,0
8.5,40,55,4,-77.6375,2,-87.6222,11,11,20,0,-999,-999,0
8.5,40,55,4,-77.6375,5,-94.9829,10,10,10,1,14.9788,10.4582,0
8.5,41,24,2,-73.1563,3,-84.2802,20,20,20,0,-999,-999,0
8.5,41,24,2,-73.1563,1,-86.5588,20,20,20,0,-999,-999,0
8.5,41,24,2,-73.1563,7,-93.4802,9,9,10,1,11.8103,7.28969,0
8.5,41,24,2,-73.1563,6,-93.8777,10,10,10,1,15.6188,11.0982,0
8.5,41,24,2,-73.1563,4,-94.1068,20,20,20,0,-999,-999,0
8.5,41,24,2,-73.1563,5,-101.514,10,10,10,1,14.9788,10.4582,0
8.5,42,74,6,-81.4983,2,-83.6001,11,11,20,0,-999,-999,0
8.5,42,74,6,-81.4983,4,-84.9513,20,20,20,0,-999,-999,0
8.5,42,74,6,-81.4983,1,-86.0899,20,20,20,0,-999,-999,0
8.5,42,74,6,-81.4983,3,-91.2854,20,20,20,0,-999,-999,0
8.5,42,74,6,-81.4983,7,-92.9692,9,9,10,1,11.8103,7.28969,0
8.5,42,74,6,-81.4983,5,-98.616,10,10,10,1,14.9788,10.4582,0
8.5,43,92,3,-46.2701,5,-65.6249,10,10,10,1,14.9788,10.4582,0
8.5,43,92,3,-46.2701,2,-66.3653,11,11,20,0,-999,-999,0
8.5,43,92,3,-46.2701,7,-72.5028,9,9,10,1,11.8103,7.28969,0
8.5,43,92,3,-46.2701,1,-73.1423,20,20,20,0,-999,-999,0
8.5,43,92,3,-46.2701,6,-94.5348,10,10,10,1,15.6188,11.0982,0
8.5,43,92,3,-46.2701,4,-102.618,20,20,20,0,-999,-999,0
8.5,44,93,3,-98.7483,2,-54.205,11,11,20,0,-999,-999,0
8.5,44,93,3,-98.7483,5,-71.1331,10,10,10,1,14.9788,10.4582,0
8.5,44,93,3,-98.7483,1,-80.9212,20,20,20,0,-999,-999,0
8.5,44,93,3,-98.7483,4,-96.1385,20,20,20,0,-999,-999,0
8.5,44,93,3,-98.7483,6,-97.6963,10,10,10,1,15.6188,11.0982,0
8.5,44,93,3,-98.7483,7,-109.011,9,9,10,1,11.8103,7.28969,0
8.5,45,54,1,-68.938,3,-77.8586,20,20,20,0,-999,-999,0
8.5,45,54,1,-68.938,2,-77.8866,11,11,20,0,-999,-999,0
8.5,45,54,1,-68.938,4,-82.9046,20,20,20,0,-999,-999,0
8.5,45,54,1,-68.938,5,-86.4244,10,10,10,1,14.9788,10.4582,0
8.5,45,54,1,-68.938,7,-89.3887,9,9,10,1,11.8103,7.28969,0
8.5,45,54,1,-68.938,6,-98.192,10,10,10,1,15.6188,11.0982,0
8.5,46,75,6,-75.5895,4,-83.6716,20,20,20,0,-999,-999,0
8.5,46,75,6,-75.5895,2,-90.4146,11,11,20,0,-999,-999,0
8.5,46,75,6,-75.5895,7,-92.7457,9,9,10,1,11.8103,7.28969,0
8.5,46,75,6,-75.5895,1,-98.2998,20,20,20,0,-999,-999,0
8.5,46,75,6,-75.5895,3,-100.136,20,20,20,0,-999,-999,0
8.5,46,75,6,-75.5895,5,-101.713,10,10,10,1,14.9788,10.4582,0
8.5,47,94,3,-56.0204,1,-42.0949,20,20,20,0,-999,-999,0
8.5,47,94,3,-56.0204,7,-49.2149,9,9,10,1,11.8103,7.28969,0
8.5,47,94,3,-56.0204,6,-62.9017,10,10,10,1,15.6188,11.0982,0
8.5,47,94,3,-56.0204,2,-76.3664,11,11,20,0,-999,-999,0
8.5,47,94,3,-56.0204,5,-93.3727,10,10,10,1,14.9788,10.4582,0
8.5,47,94,3,-56.0204,4,-107.509,20,20,20,0,-999,-999,0
8.5,48,76,6,-74.317,2,-70.0656,11,11,20,0,-999,-999,0
8.5,48,76,6,-74.317,4,-73.5566,20,20,20,0,-999,-999,0
8.5,48,76,6,-74.317,3,-88.3965,20,20,20,0,-999,-999,0
8.5,48,76,6,-74.317,5,-99.2754,10,10,10,1,14.9788,10.4582,0
8.5,48,76,6,-74.317,7,-101.105,9,9,10,1,11.8103,7.28969,0
8.5,48,76,6,-74.317,1,-105.603,20,20,20,0,-999,-999,0
8.5,49,57,4,-53.8416,5,-77.8643,10,10,10,1,14.9788,10.4582,0
8.5,49,57,4,-53.8416,6,-82.5879,10,10,10,1,15.6188,11.0982,0
8.5,49,57,4,-53.8416,1,-89.1951,20,20,20,0,-999,-999,0
8.5,49,57,4,-53.8416,2,-93.142,11,11,20,0,-999,-999,0
8.5,49,57,4,-53.8416,7,-100.85,9,9,10,1,11.8103,7.28969,0
8.5,49,57,4,-53.8416,3,-102.148,20,20,20,0,-999,-999,0
8.5,50,95,3,-95.9413,6,-67.7103,10,10,10,1,15.6188,11.0982,0
8.5,50,95,3,-95.9413,1,-94.2425,20,20,20,0,-999,-999,0
8.5,50,95,3,-95.9413,5,-95.1267,10,10,10,1,14.9788,10.4582,0
8.5,50,95,3,-95.9413,2,-97.112,11,11,20,0,-999,-999,0
8.5,50,95,3,-95.9413,4,-102.051,20,20,20,0,-999,-999,0
8.5,50,95,3,-95.9413,7,-103.881,9,9,10,1,11.8103,7.28969,0
8.5,51,96,3,-73.4989,6,-76.8821,10,10,10,1,15.6188,11.0982,0
8.5,51,96,3,-73.4989,2,-93.5265,11,11,20,0,-999,-999,0
8.5,51,96,3,-73.4989,1,-93.8459,20,20,20,0,-999,-999,0
8.5,51,96,3,-73.4989,5,-95.6724,10,10,10,1,14.9788,10.4582,0
8.5,51,96,3,-73.4989,4,-103.085,20,20,20,0,-999,-999,0
8.5,51,96,3,-73.4989,7,-103.737,9,9,10,1,11.8103,7.28969,0
8.5,52,55,1,-75.025,3,-49.531,20,20,20,0,-999,-999,0
8.5,52,55,1,-75.025,5,-56.4276,10,10,10,1,14.9788,10.4582,0
8.5,52,55,1,-75.025,2,-82.7979,11,11,20,0,-999,-999,0
8.5,52,55,1,-75.025,7,-88.7045,9,9,10,1,11.8103,7.28969,0
8.5,52,55,1,-75.025,6,-107.1,10,10,10,1,15.6188,11.0982,0
8.5,52,55,1,-75.025,4,-114.363,20,20,20,0,-999,-999,0
8.5,53,97,3,-84.2307,5,-90.746,10,10,10,1,14.9788,10.4582,0
8.5,53,97,3,-84.2307,2,-95.3511,11,11,20,0,-999,-999,0
8.5,53,97,3,-84.2307,7,-98.9376,9,9,10,1,11.8103,7.28969,0
8.5,53,97,3,-84.2307,6,-99.9594,10,10,10,1,15.6188,11.0982,0
8.5,53,97,3,-84.2307,4,-103.743,20,20,20,0,-999,-999,0
8.5,53,97,3,-84.2307,1,-105.771,20,20,20,0,-999,-999,0
8.5,54,24,7,-41.4549,2,-81.6198,11,11,20,0,-999,-999,0
8.5,54,24,7,-41.4549,3,-89.9147,20,20,20,0,-999,-999,0
8.5,54,24,7,-41.4549,4,-92.2634,20,20,20,0,-999,-999,0
8.5,54,24,7,-41.4549,6,-95.4494,10,10,10,1,15.6188,11.0982,0
8.5,54,24,7,-41.4549,1,-96.4053,20,20,20,0,-999,-999,0
8.5,54,24,7,-41.4549,5,-100.258,10,10,10,1,14.9788,10.4582,0
8.5,55,77,6,-80.1697,5,-77.5362,10,10,10,1,14.9788,10.4582,0
8.5,55,77,6,-80.1697,4,-92.608,20,20,20,0,-999,-999,0
8.5,55,77,6,-80.1697,7,-96.2376,9,9,10,1,11.8103,7.28969,0
8.5,55,77,6,-80.1697,2,-96.2424,11,11,20,0,-999,-999,0
8.5,55,77,6,-80.1697,1,-97.0252,20,20,20,0,-999,-999,0
8.5,55,77,6,-80.1697,3,-103.813,20,20,20,0,-999,-999,0
8.5,56,57,1,-48.8344,5,-54.1123,10,10,10,1,14.9788,10.4582,0
8.5,56,57,1,-48.8344,2,-55.5796,11,11,20,0,-999,-999,0
8.5,56,57,1,-48.8344,3,-64.2669,20,20,20,0,-999,-999,0
8.5,56,57,1,-48.8344,4,-75.5633,20,20,20,0,-999,-999,0
8.5,56,57,1,-48.8344,6,-90.1769,10,10,10,1,15.6188,11.0982,0
8.5,56,57,1,-48.8344,7,-92.4309,9,9,10,1,11.8103,7.28969,0
8.5,57,98,3,-89.0842,5,-86.3023,10,10,10,1,14.9788,10.4582,2
8.5,57,98,3,-89.0842,2,-86.7337,11,11,20,0,-999,-999,2
8.5,57,98,3,-89.0842,1,-90.0322,20,20,20,0,-999,-999,2
8.5,57,98,3,-89.0842,7,-94.1754,9,9,10,1,11.8103,7.28969,2
8.5,57,98,3,-89.0842,4,-97.5537,20,20,20,0,-999,-999,2
8.5,57,98,3,-89.0842,6,-121.105,10,10,10,1,15.6188,11.0982,2
8.5,58,136,1,-86.4049,5,-64.6819,10,10,10,1,14.9788,10.4582,0
8.5,58,136,1,-86.4049,3,-66.5963,20,20,20,0,-999,-999,0
8.5,58,136,1,-86.4049,2,-83.37,11,12,20,0,-999,-999,0
8.5,58,136,1,-86.4049,4,-96.5912,20,20,20,0,-999,-999,0
8.5,58,136,1,-86.4049,7,-99.1462,9,9,10,1,11.8103,7.28969,0
8.5,58,136,1,-86.4049,6,-103.502,10,10,10,1,15.6188,11.0982,0
8.5,59,153,3,-93.3151,7,-58.3004,9,9,10,1,11.8103,7.28969,0
8.5,59,153,3,-93.3151,5,-77.0088,10,10,10,1,14.9788,10.4582,0
8.5,59,153,3,-93.3151,1,-85.7334,20,20,20,0,-999,-999,0
8.5,59,153,3,-93.3151,2,-91.6142,11,12,20,0,-999,-999,0
8.5,59,153,3,-93.3151,4,-102.929,20,20,20,0,-999,-999,0
8.5,59,153,3,-93.3151,6,-110.085,10,10,10,1,15.6188,11.0982,0
8.5,60,154,3,-58.18,5,-69.7401,10,10,10,1,14.9788,10.4582,0
8.5,60,154,3,-58.18,1,-83.6193,20,20,20,0,-999,-999,0
8.5,60,154,3,-58.18,2,-88.7827,11,12,20,0,-999,-999,0
8.5,60,154,3,-58.18,7,-93.2818,9,9,10,1,11.8103,7.28969,0
8.5,60,154,3,-58.18,6,-108.636,10,10,10,1,15.6188,11.0982,0
8.5,60,154,3,-58.18,4,-111.538,20,20,20,0,-999,-999,0
8.5,61,85,6,-50.2822,3,-74.5197,20,20,20,0,-999,-999,0
8.5,61,85,6,-50.2822,4,-82.8442,20,20,20,0,-999,-999,0
8.5,61,85,6,-50.2822,2,-100.298,11,12,20,0,-999,-999,0
8.5,61,85,6,-50.2822,5,-105.665,10,10,10,1,14.9788,10.4582,0
8.5,61,85,6,-50.2822,7,-106.92,9,9,10,1,11.8103,7.28969,0
8.5,61,85,6,-50.2822,1,-114.257,20,20,20,0,-999,-999,0
8.5,62,137,1,-81.9516,2,-84.7748,11,12,20,0,-999,-999,0
8.5,62,137,1,-81.9516,3,-87.9814,20,20,20,0,-999,-999,0
8.5,62,137,1,-81.9516,7,-91.4157,9,9,10,1,11.8103,7.28969,0
8.5,62,137,1,-81.9516,4,-91.4936,20,20,20,0,-999,-999,0
8.5,62,137,1,-81.9516,6,-95.3805,10,10,10,1,15.6188,11.0982,0
8.5,62,137,1,-81.9516,5,-96.6113,10,10,10,1,14.9788,10.4582,0
8.5,63,155,3,-91.696,7,-60.8677,9,9,10,1,11.8103,7.28969,0
8.5,63,155,3,-91.696,1,-63.1134,20,20,20,0,-999,-999,0
8.5,63,155,3,-91.696,5,-77.0954,10,10,10,1,14.9788,10.4582,0
8.5,63,155,3,-91.696,4,-96.9324,20,20,20,0,-999,-999,0
8.5,63,155,3,-91.696,6,-97.1647,10,10,10,1,15.6188,11.0982,0
8.5,63,155,3,-91.696,2,-99.9435,11,12,20,0,-999,-999,0
8.5,64,138,4,-78.8675,7,-56.0601,9,9,10,1,11.8103,7.28969,0
8.5,64,138,4,-78.8675,2,-68.3403,11,12,20,0,-999,-999,0
8.5,64,138,4,-78.8675,6,-84.6125,10,10,10,1,15.6188,11.0982,0
8.5,64,138,4,-78.8675,1,-98.3593,20,20,20,0,-999,-999,0
8.5,64,138,4,-78.8675,3,-99.1561,20,20,20,0,-999,-999,0
8.5,64,138,4,-78.8675,5,-105.313,10,10,10,1,14.9788,10.4582,0
8.5,65,138,1,-79.8177,2,-48.04,11,12,20,0,-999,-999,0
8.5,65,138,1,-79.8177,3,-86.5362,20,20,20,0,-999,-999,0
8.5,65,138,1,-79.8177,7,-87.1147,9,9,10,1,11.8103,7.28969,0
8.5,65,138,1,-79.8177,5,-91.5323,10,10,10,1,14.9788,10.4582,0
8.5,65,138,1,-79.8177,6,-94.1349,10,10,10,1,15.6188,11.0982,0
8.5,65,138,1,-79.8177,4,-94.9108,20,20,20,0,-999,-999,0
8.5,66,156,3,-85.4685,1,-77.8499,20,20,20,0,-999,-999,0
8.5,66,156,3,-85.4685,5,-78.7799,10,10,10,1,14.9788,10.4582,0
8.5,66,156,3,-85.4685,4,-86.202,20,20,20,0,-999,-999,0
8.5,66,156,3,-85.4685,7,-92.45,9,9,10,1,11.8103,7.28969,0
8.5,66,156,3,-85.4685,2,-95.1008,11,12,20,0,-999,-999,0
8.5,66,156,3,-85.4685,6,-95.7802,10,10,10,1,15.6188,11.0982,0
8.5,67,157,3,-82.3225,7,-93.0013,9,9,10,1,11.8103,7.28969,0
8.5,67,157,3,-82.3225,5,-95.0222,10,10,10,1,14.9788,10.4582,0
8.5,67,157,3,-82.3225,2,-98.4553,11,12,20,0,-999,-999,0
8.5,67,157,3,-82.3225,6,-100.817,10,10,10,1,15.6188,11.0982,0
8.5,67,157,3,-82.3225,4,-101.81,20,20,20,0,-999,-999,0
8.5,67,157,3,-82.3225,1,-102.744,20,20,20,0,-999,-999,0
8.5,68,158,3,-82.9505,4,-79.3193,20,20,20,0,-999,-999,0
8.5,68,158,3,-82.9505,5,-79.3669,10,10,10,1,14.9788,10.4582,0
8.5,68,158,3,-82.9505,1,-88.5596,20,20,20,0,-999,-999,0
8.5,68,158,3,-82.9505,7,-96.6426,9,9,10,1,11.8103,7.28969,0
8.5,68,158,3,-82.9505,6,-97.2522,10,10,10,1,15.6188,11.0982,0
8.5,68,158,3,-82.9505,2,-101.313,11,12,20,0,-999,-999,0
8.5,69,139,4,-70.0403,6,-77.886,10,10,10,1,15.6188,11.0982,0
8.5,69,139,4,-70.0403,2,-91.5757,11,12,20,0,-999,-999,0
8.5,69,139,4,-70.0403,7,-94.9304,9,9,10,1,11.8103,7.28969,0
8.5,69,139,4,-70.0403,1,-95.4085,20,20,20,0,-999,-999,0
8.5,69,139,4,-70.0403,5,-104.73,10,10,10,1,14.9788,10.4582,0
8.5,69,139,4,-70.0403,3,-107.219,20,20,20,0,-999,-999,0
8.5,70,140,4,-71.2918,6,-78.4483,10,10,10,1,15.6188,11.0982,0
8.5,70,140,4,-71.2918,7,-79.1525,9,9,10,1,11.8103,7.28969,0
8.5,70,140,4,-71.2918,5,-84.6917,10,10,10,1,14.9788,10.4582,0
8.5,70,140,4,-71.2918,2,-94.4469,11,12,20,0,-999,-999,0
8.5,70,140,4,-71.2918,1,-95.9648,20,20,20,0,-999,-999,0
8.5,70,140,4,-71.2918,3,-104.267,20,20,20,0,-999,-999,0
8.5,71,67,7,-70.9284,6,-79.5892,10,10,10,1,15.6188,11.0982,0
8.5,71,67,7,-70.9284,2,-89.9944,11,12,20,0,-999,-999,0
8.5,71,67,7,-70.9284,1,-93.3281,20,20,20,0,-999,-999,0
8.5,71,67,7,-70.9284,3,-97.2346,20,20,20,0,-999,-999,0
8.5,71,67,7,-70.9284,4,-100.58,20,20,20,0,-999,-999,0
8.5,71,67,7,-70.9284,5,-102.086,10,10,10,1,14.9788,10.4582,0
8.5,72,159,3,-92.8857,2,-55.3329,11,12,20,0,-999,-999,0
8.5,72,159,3,-92.8857,7,-56.4385,9,9,10,1,11.8103,7.28969,0
8.5,72,159,3,-92.8857,5,-68.002,10,10,10,1,14.9788,10.4582,0
8.5,72,159,3,-92.8857,1,-81.3826,20,20,20,0,-999,-999,0
8.5,72,159,3,-92.8857,4,-110.147,20,20,20,0,-999,-999,0
8.5,72,159,3,-92.8857,6,-110.161,10,10,10,1,15.6188,11.0982,0
8.5,73,141,4,-67.1679,2,-57.9359,11,12,20,0,-999,-999,0
8.5,73,141,4,-67.1679,6,-81.7386,10,10,10,1,15.6188,11.0982,0
8.5,73,141,4,-67.1679,5,-83.8159,10,10,10,1,14.9788,10.4582,0
8.5,73,141,4,-67.1679,1,-91.7765,20,20,20,0,-999,-999,0
8.5,73,141,4,-67.1679,7,-99.5943,9,9,10,1,11.8103,7.28969,0
8.5,73,141,4,-67.1679,3,-100.471,20,20,20,0,-999,-999,0
8.5,74,160,3,-76.5074,2,-53.6879,11,12,20,0,-999,-999,0
8.5,74,160,3,-76.5074,4,-74.5044,20,20,20,0,-999,-999,0
8.5,74,160,3,-76.5074,5,-78.6112,10,10,10,1,14.9788,10.4582,0
8.5,74,160,3,-76.5074,1,-78.8529,20,20,20,0,-999,-999,0
8.5,74,160,3,-76.5074,7,-93.1055,9,9,10,1,11.8103,7.28969,0
8.5,74,160,3,-76.5074,6,-101.027,10,10,10,1,15.6188,11.0982,0
8.5,75,161,3,-80.42,2,-67.0811,11,12,20,0,-999,-999,0
8.5,75,161,3,-80.42,5,-70.8103,10,10,10,1,14.9788,10.4582,0
8.5,75,161,3,-80.42,1,-83.7684,20,20,20,0,-999,-999,0
8.5,75,161,3,-80.42,7,-87.6364,9,9,10,1,11.8103,7.28969,0
8.5,75,161,3,-80.42,4,-100.536,20,20,20,0,-999,-999,0
8.5,75,161,3,-80.42,6,-100.831,10,10,10,1,15.6188,11.0982,0
8.5,76,139,1,-72.9527,2,-45.9364,11,12,20,0,-999,-999,0
8.5,76,139,1,-72.9527,4,-68.73,20,20,20,0,-999,-999,0
8.5,76,139,1,-72.9527,6,-80.5385,10,10,10,1,15.6188,11.0982,0
8.5,76,139,1,-72.9527,3,-85.2274,20,20,20,0,-999,-999,0
8.5,76,139,1,-72.9527,5,-95.165,10,10,10,1,14.9788,10.4582,0
8.5,76,139,1,-72.9527,7,-96.4164,9,9,10,1,11.8103,7.28969,0
8.5,77,142,4,-80.192,6,-71.1177,10,10,10,1,15.6188,11.0982,0
8.5,77,142,4,-80.192,3,-86.4585,20,20,20,0,-999,-999,0
8.5,77,142,4,-80.192,2,-93.1823,11,12,20,0,-999,-999,0
8.5,77,142,4,-80.192,7,-95.5497,9,9,10,1,11.8103,7.28969,0
8.5,77,142,4,-80.192,1,-97.8693,20,20,20,0,-999,-999,0
8.5,77,142,4,-80.192,5,-102.232,10,10,10,1,14.9788,10.4582,0
8.5,78,140,1,-62.3386,2,-35.2042,11,12,20,0,-999,-999,0
8.5,78,140,1,-62.3386,3,-55.6347,20,20,20,0,-999,-999,0
8.5,78,140,1,-62.3386,4,-80.8267,20,20,20,0,-999,-999,0
8.5,78,140,1,-62.3386,7,-87.8685,9,9,10,1,11.8103,7.28969,0
8.5,78,140,1,-62.3386,5,-92.1863,10,10,10,1,14.9788,10.4582,0
8.5,78,140,1,-62.3386,6,-99.2034,10,10,10,1,15.6188,11.0982,0
8.5,79,143,4,-55.6187,6,-54.6639,10,10,10,1,15.6188,11.0982,0
8.5,79,143,4,-55.6187,7,-88.862,9,9,10,1,11.8103,7.28969,0
8.5,79,143,4,-55.6187,3,-90.4319,20,20,20,0,-999,-999,0
8.5,79,143,4,-55.6187,1,-94.812,20,20,20,0,-999,-999,0
8.5,79,143,4,-55.6187,2,-98.0837,11,12,20,0,-999,-999,0
8.5,79,143,4,-55.6187,5,-106.001,10,10,10,1,14.9788,10.4582,0
8.5,80,73,2,-45.9877,4,-66.4586,20,20,20,0,-999,-999,0
8.5,80,73,2,-45.9877,7,-67.3848,9,9,10,1,11.8103,7.28969,0
8.5,80,73,2,-45.9877,3,-78.9454,20,20,20,0,-999,-999,0
8.5,80,73,2,-45.9877,5,-84.9274,10,10,10,1,14.9788,10.4582,0
8.5,80,73,2,-45.9877,1,-87.9687,20,20,20,0,-999,-999,0
8.5,80,73,2,-45.9877,6,-91.2526,10,10,10,1,15.6188,11.0982,0
8.5,81,141,1,-54.1769,2,-50.2538,11,12,20,0,-999,-999,0
8.5,81,141,1,-54.1769,3,-59.3246,20,20,20,0,-999,-999,0
8.5,81,141,1,-54.1769,5,-92.4777,10,10,10,1,14.9788,10.4582,0
8.5,81,141,1,-54.1769,6,-96.0067,10,10,10,1,15.6188,11.0982,0
8.5,81,141,1,-54.1769,4,-100.525,20,20,20,0,-999,-999,0
8.5,81,141,1,-54.1769,7,-104.578,9,9,10,1,11.8103,7.28969,0
8.5,82,144,4,-75.0045,6,-62.2164,10,10,10,1,15.6188,11.0982,0
8.5,82,144,4,-75.0045,5,-73.99,10,10,10,1,14.9788,10.4582,0
8.5,82,144,4,-75.0045,1,-78.3332,20,20,20,0,-999,-999,0
8.5,82,144,4,-75.0045,3,-81.2271,20,20,20,0,-999,-999,0
8.5,82,144,4,-75.0045,7,-90.3105,9,9,10,1,11.8103,7.28969,0
8.5,82,144,4,-75.0045,2,-91.1853,11,12,20,0,-999,-999,0
8.5,83,74,2,-87.8533,7,-54.6915,9,9,10,1,11.8103,7.28969,0
8.5,83,74,2,-87.8533,1,-56.3252,20,20,20,0,-999,-999,0
8.5,83,74,2,-87.8533,3,-90.3329,20,20,20,0,-999,-999,0
8.5,83,74,2,-87.8533,4,-92.0001,20,20,20,0,-999,-999,0
8.5,83,74,2,-87.8533,5,-100.832,10,10,10,1,14.9788,10.4582,0
8.5,83,74,2,-87.8533,6,-111.509,10,10,10,1,15.6188,11.0982,0
8.5,84,142,1,-69.0571,2,-39.5411,11,12,20,0,-999,-999,0
8.5,84,142,1,-69.0571,5,-72.0899,10,10,10,1,14.9788,10.4582,0
8.5,84,142,1,-69.0571,3,-75.0873,20,20,20,0,-999,-999,0
8.5,84,142,1,-69.0571,7,-91.4798,9,9,10,1,11.8103,7.28969,0
8.5,84,142,1,-69.0571,6,-99.5962,10,10,10,1,15.6188,11.0982,0
8.5,84,142,1,-69.0571,4,-103.517,20,20,20,0,-999,-999,0
8.5,85,145,4,-76.6887,7,-51.4642,9,9,10,1,11.8103,7.28969,0
8.5,85,145,4,-76.6887,2,-51.8674,11,12,20,0,-999,-999,0
8.5,85,145,4,-76.6887,6,-59.7923,10,10,10,1,15.6188,11.0982,0
8.5,85,145,4,-76.6887,1,-88.8823,20,20,20,0,-999,-999,0
8.5,85,145,4,-76.6887,3,-98.4475,20,20,20,0,-999,-999,0
8.5,85,145,4,-76.6887,5,-101.542,10,10,10,1,14.9788,10.4582,0
8.5,86,146,4,-49.1247,6,-66.4468,10,10,10,1,15.6188,11.0982,0
8.5,86,146,4,-49.1247,5,-79.9694,10,10,10,1,14.9788,10.4582,0
8.5,86,146,4,-49.1247,2,-84.0297,11,12,20,0,-999,-999,0
8.5,86,146,4,-49.1247,7,-93.1895,9,9,10,1,11.8103,7.28969,0
8.5,86,146,4,-49.1247,1,-93.6113,20,20,20,0,-999,-999,0
8.5,86,146,4,-49.1247,3,-97.3745,20,20,20,0,-999,-999,0
8.5,87,68,7,-33.4397,1,-76.7122,20,20,20,0,-999,-999,0
8.5,87,68,7,-33.4397,2,-81.7076,11,12,20,0,-999,-999,0
8.5,87,68,7,-33.4397,3,-95.23,20,20,20,0,-999,-999,0
8.5,87,68,7,-33.4397,5,-96.6416,10,10,10,1,14.9788,10.4582,0
8.5,87,68,7,-33.4397,4,-98.6561,20,20,20,0,-999,-999,0
8.5,87,68,7,-33.4397,6,-101.576,10,10,10,1,15.6188,11.0982,0
8.5,88,147,4,-53.7352,3,-79.5184,20,20,20,0,-999,-999,0
8.5,88,147,4,-53.7352,6,-86.1231,10,10,10,1,15.6188,11.0982,0
8.5,88,147,4,-53.7352,2,-92.5088,11,12,20,0,-999,-999,0
8.5,88,147,4,-53.7352,1,-93.8539,20,20,20,0,-999,-999,0
8.5,88,147,4,-53.7352,5,-95.9412,10,10,10,1,14.9788,10.4582,0
8.5,88,147,4,-53.7352,7,-103.448,9,9,10,1,11.8103,7.28969,0
8.5,89,162,4,-95.9715,1,-68.6445,20,20,20,0,-999,-999,0
8.5,89,162,4,-95.9715,3,-78.1559,20,20,20,0,-999,-999,0
8.5,89,162,4,-95.9715,6,-78.8629,10,10,10,1,15.6188,11.0982,0
8.5,89,162,4,-95.9715,5,-86.4292,10,10,10,1,14.9788,10.4582,0
8.5,89,162,4,-95.9715,2,-89.6534,11,12,20,0,-999,-999,0
8.5,89,162,4,-95.9715,7,-93.1544,9,9,10,1,11.8103,7.28969,0
8.5,90,75,2,-75.7105,7,-53.8737,9,9,10,1,11.8103,7.28969,0
8.5,90,75,2,-75.7105,1,-68.0192,20,20,20,0,-999,-999,0
8.5,90,75,2,-75.7105,4,-69.7239,20,20,20,0,-999,-999,0
8.5,90,75,2,-75.7105,3,-76.1077,20,20,20,0,-999,-999,0
8.5,90,75,2,-75.7105,5,-96.492,10,10,10,1,14.9788,10.4582,0
8.5,90,75,2,-75.7105,6,-96.9434,10,10,10,1,15.6188,11.0982,0
8.5,91,163,4,-55.8099,1,-57.0708,20,20,20,0,-999,-999,0
8.5,91,163,4,-55.8099,6,-61.1186,10,10,10,1,15.6188,11.0982,0
8.5,91,163,4,-55.8099,3,-65.9582,20,20,20,0,-999,-999,0
8.5,91,163,4,-55.8099,5,-81.6906,10,10,10,1,14.9788,10.4582,0
8.5,91,163,4,-55.8099,2,-82.8869,11,12,20,0,-999,-999,0
8.5,91,163,4,-55.8099,7,-92.9086,9,9,10,1,11.8103,7.28969,0
8.5,92,143,1,-73.4407,7,-48.2399,9,9,10,1,11.8103,7.28969,0
8.5,92,143,1,-73.4407,2,-73.6419,11,12,20,0,-999,-999,0
8.5,92,143,1,-73.4407,6,-79.451,10,10,10,1,15.6188,11.0982,0
8.5,92,143,1,-73.4407,3,-89.562,20,20,20,0,-999,-999,0
8.5,92,143,1,-73.4407,4,-94.5869,20,20,20,0,-999,-999,0
8.5,92,143,1,-73.4407,5,-94.9887,10,10,10,1,14.9788,10.4582,0
8.5,93,164,4,-49.3352,1,-67.7157,20,20,20,0,-999,-999,0
8.5,93,164,4,-49.3352,3,-82.1241,20,20,20,0,-999,-999,0
8.5,93,164,4,-49.3352,6,-83.6107,10,10,10,1,15.6188,11.0982,0
8.5,93,164,4,-49.3352,2,-94.7233,11,12,20,0,-999,-999,0
8.5,93,164,4,-49.3352,7,-99.1267,9,9,10,1,11.8103,7.28969,0
8.5,93,164,4,-49.3352,5,-103.289,10,10,10,1,14.9788,10.4582,0
8.5,94,76,2,-85.1074,7,-54.0196,9,9,10,1,11.8103,7.28969,0
8.5,94,76,2,-85.1074,6,-77.7785,10,10,10,1,15.6188,11.0982,0
8.5,94,76,2,-85.1074,3,-84.4701,20,20,20,0,-999,-999,0
8.5,94,76,2,-85.1074,5,-92.6749,10,10,10,1,14.9788,10.4582,0
8.5,94,76,2,-85.1074,1,-96.8321,20,20,20,0,-999,-999,0
8.5,94,76,2,-85.1074,4,-118.743,20,20,20,0,-999,-999,0
8.5,95,69,7,-88.1523,4,-42.8403,20,20,20,0,-999,-999,0
8.5,95,69,7,-88.1523,6,-78.6141,10,10,10,1,15.6188,11.0982,0
8.5,95,69,7,-88.1523,2,-101.895,11,12,20,0,-999,-999,0
8.5,95,69,7,-88.1523,5,-104.848,10,10,10,1,14.9788,10.4582,0
8.5,95,69,7,-88.1523,1,-105.545,20,20,20,0,-999,-999,0
8.5,95,69,7,-88.1523,3,-111.247,20,20,20,0,-999,-999,0
8.5,96,77,2,-81.5567,6,-57.7177,10,10,10,1,15.6188,11.0982,0
8.5,96,77,2,-81.5567,3,-87.3052,20,20,20,0,-999,-999,0
8.5,96,77,2,-81.5567,4,-87.5394,20,20,20,0,-999,-999,0
8.5,96,77,2,-81.5567,1,-92.4501,20,20,20,0,-999,-999,0
8.5,96,77,2,-81.5567,7,-97.7396,9,9,10,1,11.8103,7.28969,0
8.5,96,77,2,-81.5567,5,-107.938,10,10,10,1,14.9788,10.4582,0
8.5,97,144,1,-70.5253,2,-76.7428,11,12,20,0,-999,-999,0
8.5,97,144,1,-70.5253,3,-80.615,20,20,20,0,-999,-999,0
8.5,97,144,1,-70.5253,5,-85.2472,10,10,10,1,14.9788,10.4582,0
8.5,97,144,1,-70.5253,4,-85.6078,20,20,20,0,-999,-999,0
8.5,97,144,1,-70.5253,7,-86.4623,9,9,10,1,11.8103,7.28969,0
8.5,97,144,1,-70.5253,6,-95.875,10,10,10,1,15.6188,11.0982,0
8.5,98,70,7,-80.7127,2,-84.7308,11,12,20,0,-999,-999,0
8.5,98,70,7,-80.7127,4,-87.8781,20,20,20,0,-999,-999,0
8.5,98,70,7,-80.7127,3,-90.3059,20,20,20,0,-999,-999,0
8.5,98,70,7,-80.7127,6,-94.9696,10,10,10,1,15.6188,11.0982,0
8.5,98,70,7,-80.7127,1,-99.0598,20,20,20,0,-999,-999,0
8.5,98,70,7,-80.7127,5,-104.34,10,10,10,1,14.9788,10.4582,0
8.5,99,145,1,-88.182,2,-50.8094,11,12,20,0,-999,-999,0
8.5,99,145,1,-88.182,5,-87.0671,10,10,10,1,14.9788,10.4582,0
8.5,99,145,1,-88.182,3,-92.4955,20,20,20,0,-999,-999,0
8.5,99,145,1,-88.182,7,-93.9848,9,9,10,1,11.8103,7.28969,0
8.5,99,145,1,-88.182,4,-95.2937,20,20,20,0,-999,-999,0
8.5,99,145,1,-88.182,6,-106.922,10,10,10,1,15.6188,11.0982,0
8.5,100,78,2,-75.5812,7,-49.6396,9,9,10,1,11.8103,7.28969,0
8.5,100,78,2,-75.5812,3,-49.8072,20,20,20,0,-999,-999,0
8.5,100,78,2,-75.5812,1,-88.8062,20,20,20,0,-999,-999,0
8.5,100,78,2,-75.5812,4,-89.4712,20,20,20,0,-999,-999,0
8.5,100,78,2,-75.5812,6,-94.5272,10,10,10,1,15.6188,11.0982,0
8.5,100,78,2,-75.5812,5,-98.8796,10,10,10,1,14.9788,10.4582,0
8.5,101,146,1,-86.8994,7,-52.3869,9,9,10,1,11.8103,7.28969,0
8.5,101,146,1,-86.8994,5,-68.9548,10,10,10,1,14.9788,10.4582,0
8.5,101,146,1,-86.8994,3,-83.29,20,20,20,0,-999,-999,0
8.5,101,146,1,-86.8994,2,-85.4858,11,12,20,0,-999,-999,0
8.5,101,146,1,-86.8994,4,-97.4255,20,20,20,0,-999,-999,0
8.5,101,146,1,-86.8994,6,-111.804,10,10,10,1,15.6188,11.0982,0
8.5,102,147,1,-103.63,2,-60.4254,11,12,20,0,-999,-999,0
8.5,102,147,1,-103.63,6,-79.5401,10,10,10,1,15.6188,11.0982,0
8.5,102,147,1,-103.63,3,-81.3062,20,20,20,0,-999,-999,0
8.5,102,147,1,-103.63,7,-90.472,9,9,10,1,11.8103,7.28969,0
8.5,102,147,1,-103.63,5,-92.4522,10,10,10,1,14.9788,10.4582,0
8.5,102,147,1,-103.63,4,-103.702,20,20,20,0,-999,-999,0
8.5,103,162,1,-88.1821,4,-79.5259,20,20,20,0,-999,-999,0
8.5,103,162,1,-88.1821,2,-86.3523,11,12,20,0,-999,-999,0
8.5,103,162,1,-88.1821,3,-89.7064,20,20,20,0,-999,-999,0
8.5,103,162,1,-88.1821,5,-91.6925,10,10,10,1,14.9788,10.4582,0
8.5,103,162,1,-88.1821,6,-93.7169,10,10,10,1,15.6188,11.0982,0
8.5,103,162,1,-88.1821,7,-112.544,9,9,10,1,11.8103,7.28969,0
8.5,104,79,2,-39.9077,7,-48.5021,9,9,10,1,11.8103,7.28969,0
8.5,104,79,2,-39.9077,1,-72.2458,20,20,20,0,-999,-999,0
8.5,104,79,2,-39.9077,3,-75.2533,20,20,20,0,-999,-999,0
8.5,104,79,2,-39.9077,5,-87.6441,10,10,10,1,14.9788,10.4582,0
8.5,104,79,2,-39.9077,4,-102.975,20,20,20,0,-999,-999,0
8.5,104,79,2,-39.9077,6,-105.882,10,10,10,1,15.6188,11.0982,0
8.5,105,71,7,-92.4843,4,-54.6019,20,20,20,0,-999,-999,0
8.5,105,71,7,-92.4843,6,-62.0607,10,10,10,1,15.6188,11.0982,0
8.5,105,71,7,-92.4843,3,-83.2516,20,20,20,0,-999,-999,0
8.5,105,71,7,-92.4843,2,-91.543,11,12,20,0,-999,-999,0
8.5,105,71,7,-92.4843,5,-101.067,10,10,10,1,14.9788,10.4582,0
8.5,105,71,7,-92.4843,1,-103.872,20,20,20,0,-999,-999,0
8.5,106,80,2,-55.7796,5,-91.004,10,10,10,1,14.9788,10.4582,0
8.5,106,80,2,-55.7796,4,-91.6875,20,20,20,0,-999,-999,0
8.5,106,80,2,-55.7796,3,-92.2434,20,20,20,0,-999,-999,0
8.5,106,80,2,-55.7796,7,-93.4011,9,9,10,1,11.8103,7.28969,0
8.5,106,80,2,-55.7796,1,-96.1783,20,20,20,0,-999,-999,0
8.5,106,80,2,-55.7796,6,-104.627,10,10,10,1,15.6188,11.0982,0
8.5,107,72,7,-65.9284,1,-66.6972,20,20,20,0,-999,-999,0
8.5,107,72,7,-65.9284,5,-88.592,10,10,10,1,14.9788,10.4582,0
8.5,107,72,7,-65.9284,2,-89.2887,11,12,20,0,-999,-999,0
8.5,107,72,7,-65.9284,4,-92.0839,20,20,20,0,-999,-999,0
8.5,107,72,7,-65.9284,6,-95.0616,10,10,10,1,15.6188,11.0982,0
8.5,107,72,7,-65.9284,3,-96.1959,20,20,20,0,-999,-999,0
10.5,8,22,2,-80.4034,1,-63.4221,20,20,20,0,-999,-999,0
10.5,8,22,2,-80.4034,7,-69.7185,9,9,10,1,15.7782,11.2576,0
10.5,8,22,2,-80.4034,3,-84.3734,19,19,20,0,-999,-999,0
10.5,8,22,2,-80.4034,4,-92.407,20,20,20,0,-999,-999,0
10.5,8,22,2,-80.4034,6,-99.2897,10,10,10,1,14.3614,9.84079,0
10.5,8,22,2,-80.4034,5,-100.569,10,10,10,1,12.5394,8.0188,0
10.5,9,23,2,-65.3893,1,-82.3485,20,20,20,0,-999,-999,0
10.5,9,23,2,-65.3893,6,-82.4953,10,10,10,1,14.3614,9.84079,0
10.5,9,23,2,-65.3893,3,-82.8189,19,19,20,0,-999,-999,0
10.5,9,23,2,-65.3893,4,-84.697,20,20,20,0,-999,-999,0
10.5,9,23,2,-65.3893,7,-87.3797,9,9,10,1,15.7782,11.2576,0
10.5,9,23,2,-65.3893,5,-91.434,10,10,10,1,12.5394,8.0188,0
10.5,10,78,3,-43.3681,1,-79.4992,20,20,20,0,-999,-999,0
10.5,10,78,3,-43.3681,5,-79.9455,10,10,10,1,12.5394,8.0188,0
10.5,10,78,3,-43.3681,2,-87.4229,12,12,20,0,-999,-999,0
10.5,10,78,3,-43.3681,7,-87.6307,9,9,10,1,15.7782,11.2576,0
10.5,10,78,3,-43.3681,6,-103.653,10,10,10,1,14.3614,9.84079,0
10.5,10,78,3,-43.3681,4,-104.823,20,20,20,0,-999,-999,0
10.5,11,64,6,-87.4598,2,-64.7719,12,12,20,0,-999,-999,0
10.5,11,64,6,-87.4598,4,-73.7888,20,20,20,0,-999,-999,0
10.5,11,64,6,-87.4598,5,-90.6949,10,10,10,1,12.5394,8.0188,0
10.5,11,64,6,-87.4598,3,-91.5276,19,19,20,0,-999,-999,0
10.5,11,64,6,-87.4598,7,-97.6287,9,9,10,1,15.7782,11.2576,0
10.5,11,64,6,-87.4598,1,-97.772,20,20,20,0,-999,-999,0
10.5,12,71,5,-80.0582,3,-60.6418,19,19,20,0,-999,-999,0
10.5,12,71,5,-80.0582,7,-71.0791,9,9,10,1,15.7782,11.2576,0
10.5,12,71,5,-80.0582,2,-91.4756,12,12,20,0,-999,-999,0
10.5,12,71,5,-80.0582,1,-91.6497,20,20,20,0,-999,-999,0
10.5,12,71,5,-80.0582,6,-109.286,10,10,10,1,14.3614,9.84079,0
10.5,12,71,5,-80.0582,4,-116.294,20,20,20,0,-999,-999,0
10.5,13,50,1,-49.9968,3,-45.6972,19,19,20,0,-999,-999,0
10.5,13,50,1,-49.9968,2,-75.4049,12,12,20,0,-999,-999,0
10.5,13,50,1,-49.9968,4,-80.8372,20,20,20,0,-999,-999,0
10.5,13,50,1,-49.9968,5,-85.1536,10,10,10,1,12.5394,8.0188,0
10.5,13,50,1,-49.9968,7,-87.6588,9,9,10,1,15.7782,11.2576,0
10.5,13,50,1,-49.9968,6,-98.5404,10,10,10,1,14.3614,9.84079,0
10.5,14,72,5,-30.4885,1,-90.8024,20,20,20,0,-999,-999,0
10.5,14,72,5,-30.4885,6,-96.3012,10,10,10,1,14.3614,9.84079,0
10.5,14,72,5,-30.4885,3,-104.193,19,19,20,0,-999,-999,0
10.5,14,72,5,-30.4885,2,-106.023,12,12,20,0,-999,-999,0
10.5,14,72,5,-30.4885,7,-118.8,9,9,10,1,15.7782,11.2576,0
10.5,14,72,5,-30.4885,4,-120.787,20,20,20,0,-999,-999,0
10.5,15,89,3,-24.2877,6,-61.7709,10,10,10,1,14.3614,9.84079,0
10.5,15,89,3,-24.2877,1,-71.0545,20,20,20,0,-999,-999,0
10.5,15,89,3,-24.2877,2,-81.2526,12,12,20,0,-999,-999,0
10.5,15,89,3,-24.2877,5,-93.9074,10,10,10,1,12.5394,8.0188,0
10.5,15,89,3,-24.2877,4,-96.2398,20,20,20,0,-999,-999,0
10.5,15,89,3,-24.2877,7,-96.6812,9,9,10,1,15.7782,11.2576,0
10.5,16,50,4,-73.7641,2,-62.5705,12,12,20,0,-999,-999,0
10.5,16,50,4,-73.7641,6,-76.7705,10,10,10,1,14.3614,9.84079,0
10.5,16,50,4,-73.7641,1,-93.2452,20,20,20,0,-999,-999,0
10.5,16,50,4,-73.7641,5,-94.2355,10,10,10,1,12.5394,8.0188,0
10.5,16,50,4,-73.7641,3,-104.27,19,19,20,0,-999,-999,0
10.5,16,50,4,-73.7641,7,-105.449,9,9,10,1,15.7782,11.2576,0
10.5,17,65,6,-74.4404,3,-76.816,19,19,20,0,-999,-999,0
10.5,17,65,6,-74.4404,4,-84.0606,20,20,20,0,-999,-999,0
10.5,17,65,6,-74.4404,2,-89.4951,12,12,20,0,-999,-999,0
10.5,17,65,6,-74.4404,7,-92.2329,9,9,10,1,15.7782,11.2576,0
10.5,17,65,6,-74.4404,1,-93.1367,20,20,20,0,-999,-999,0
10.5,17,65,6,-74.4404,5,-105.918,10,10,10,1,12.5394,8.0188,0
10.5,18,90,3,-50.2055,1,-71.285,20,20,20,0,-999,-999,0
10.5,18,90,3,-50.2055,7,-78.0269,9,9,10,1,15.7782,11.2576,0
10.5,18,90,3,-50.2055,5,-82.7165,10,10,10,1,12.5394,8.0188,0
10.5,18,90,3,-50.2055,2,-84.7576,12,12,20,0,-999,-999,0
10.5,18,90,3,-50.2055,6,-104.6,10,10,10,1,14.3614,9.84079,0
10.5,18,90,3,-50.2055,4,-105.773,20,20,20,0,-999,-999,0
10.5,19,73,5,-92.951,2,-56.912,12,12,20,0,-999,-999,0
10.5,19,73,5,-92.951,7,-71.7284,9,9,10,1,15.7782,11.2576,0
10.5,19,73,5,-92.951,4,-73.7634,20,20,20,0,-999,-999,0
10.5,19,73,5,-92.951,1,-94.6845,20,20,20,0,-999,-999,0
10.5,19,73,5,-92.951,3,-94.7827,19,19,20,0,-999,-999,0
10.5,19,73,5,-92.951,6,-117.072,10,10,10,1,14.3614,9.84079,0
10.5,20,81,5,-70.4191,2,-75.8612,12,12,20,0,-999,-999,0
10.5,20,81,5,-70.4191,3,-82.3673,19,19,20,0,-999,-999,0
10.5,20,81,5,-70.4191,1,-84.0467,20,20,20,0,-999,-999,0
10.5,20,81,5,-70.4191,7,-98.4716,9,9,10,1,15.7782,11.2576,0
10.5,20,81,5,-70.4191,6,-98.8276,10,10,10,1,14.3614,9.84079,0
10.5,20,81,5,-70.4191,4,-110.591,20,20,20,0,-999,-999,0
10.5,21,51,4,-71.7827,7,-55.2246,9,9,10,1,15.7782,11.2576,0
10.5,21,51,4,-71.7827,6,-86.0493,10,10,10,1,14.3614,9.84079,0
10.5,21,51,4,-71.7827,1,-104.417,20,20,20,0,-999,-999,0
10.5,21,51,4,-71.7827,2,-105.359,12,12,20,0,-999,-999,0
10.5,21,51,4,-71.7827,5,-107.963,10,10,10,1,12.5394,8.0188,0
10.5,21,51,4,-71.7827,3,-108.906,19,19,20,0,-999,-999,0
10.5,22,52,4,-40.7962,7,-61.6992,9,9,10,1,15.7782,11.2576,0
10.5,22,52,4,-40.7962,5,-68.1665,10,10,10,1,12.5394,8.0188,0
10.5,22,52,4,-40.7962,3,-78.3075,19,19,20,0,-999,-999,0
10.5,22,52,4,-40.7962,6,-78.7896,10,10,10,1,14.3614,9.84079,0
10.5,22,52,4,-40.7962,1,-96.3813,20,20,20,0,-999,-999,0
10.5,22,52,4,-40.7962,2,-97.8448,12,12,20,0,-999,-999,0
10.5,23,22,7,-65.8962,1,-58.8489,20,20,20,0,-999,-999,0
10.5,23,22,7,-65.8962,2,-64.8919,12,12,20,0,-999,-999,0
10.5,23,22,7,-65.8962,3,-72.3697,19,19,20,0,-999,-999,0
10.5,23,22,7,-65.8962,4,-82.4547,20,20,20,0,-999,-999,0
10.5,23,22,7,-65.8962,5,-94.3294,10,10,10,1,12.5394,8.0188,0
10.5,23,22,7,-65.8962,6,-102.155,10,10,10,1,14.3614,9.84079,0
10.5,24,82,5,-73.6985,1,-60.5278,20,20,20,0,-999,-999,0
10.5,24,82,5,-73.6985,3,-92.302,19,19,20,0,-999,-999,0
10.5,24,82,5,-73.6985,2,-94.1459,12,12,20,0,-999,-999,0
10.5,24,82,5,-73.6985,6,-99.1986,10,10,10,1,14.3614,9.84079,0
10.5,24,82,5,-73.6985,7,-103.448,9,9,10,1,15.7782,11.2576,0
10.5,24,82,5,-73.6985,4,-114.22,20,20,20,0,-999,-999,0
10.5,25,66,6,-88.5125,3,-59.9466,19,19,20,0,-999,-999,0
10.5,25,66,6,-88.5125,2,-76.5944,12,12,20,0,-999,-999,0
10.5,25,66,6,-88.5125,7,-78.9258,9,9,10,1,15.7782,11.2576,0
10.5,25,66,6,-88.5125,4,-89.4384,20,20,20,0,-999,-999,0
10.5,25,66,6,-88.5125,1,-97.3767,20,20,20,0,-999,-999,0
10.5,25,66,6,-88.5125,5,-112.29,10,10,10,1,12.5394,8.0188,0
10.5,26,91,3,-60.632,2,-70.707,12,12,20,0,-999,-999,0
10.5,26,91,3,-60.632,1,-84.0738,20,20,20,0,-999,-999,0
10.5,26,91,3,-60.632,6,-93.6555,10,10,10,1,14.3614,9.84079,0
10.5,26,91,3,-60.632,4,-96.9152,20,20,20,0,-999,-999,0
10.5,26,91,3,-60.632,5,-104.445,10,10,10,1,12.5394,8.0188,0
10.5,26,91,3,-60.632,7,-109.551,9,9,10,1,15.7782,11.2576,0
10.5,27,67,6,-71.8514,2,-66.8862,12,12,20,0,-999,-999,0
10.5,27,67,6,-71.8514,4,-80.2408,20,20,20,0,-999,-999,0
10.5,27,67,6,-71.8514,3,-83.9046,19,19,20,0,-999,-999,0
10.5,27,67,6,-71.8514,7,-92.008,9,9,10,1,15.7782,11.2576,0
10.5,27,67,6,-71.8514,1,-92.5344,20,20,20,0,-999,-999,0
10.5,27,67,6,-71.8514,5,-100.097,10,10,10,1,12.5394,8.0188,0
10.5,28,83,5,-81.7659,3,-79.5468,19,19,20,0,-999,-999,0
10.5,28,83,5,-81.7659,4,-88.3324,20,20,20,0,-999,-999,0
10.5,28,83,5,-81.7659,2,-89.2252,12,12,20,0,-999,-999,0
10.5,28,83,5,-81.7659,1,-95.8641,20,20,20,0,-999,-999,0
10.5,28,83,5,-81.7659,6,-96.2935,10,10,10,1,14.3614,9.84079,0
10.5,28,83,5,-81.7659,7,-98.5032,9,9,10,1,15.7782,11.2576,0
10.5,29,51,1,-40.2848,5,-56.1236,10,10,10,1,12.5394,8.0188,0
10.5,29,51,1,-40.2848,2,-58.2054,12,12,20,0,-999,-999,0
10.5,29,51,1,-40.2848,3,-61.8391,19,19,20,0,-999,-999,0
10.5,29,51,1,-40.2848,4,-70.4795,20,20,20,0,-999,-999,0
10.5,29,51,1,-40.2848,6,-74.4178,10,10,10,1,14.3614,9.84079,0
10.5,29,51,1,-40.2848,7,-87.6985,9,9,10,1,15.7782,11.2576,0
10.5,30,84,5,-75.1003,2,-75.763,12,12,20,0,-999,-999,0
10.5,30,84,5,-75.1003,3,-78.045,19,19,20,0,-999,-999,0
10.5,30,84,5,-75.1003,1,-81.4083,20,20,20,0,-999,-999,0
10.5,30,84,5,-75.1003,4,-86.7812,20,20,20,0,-999,-999,0
10.5,30,84,5,-75.1003,6,-96.4256,10,10,10,1,14.3614,9.84079,0
10.5,30,84,5,-75.1003,7,-97.4838,9,9,10,1,15.7782,11.2576,0
10.5,31,85,5,-86.6158,3,-79.7726,19,19,20,0,-999,-999,0
10.5,31,85,5,-86.6158,1,-88.562,20,20,20,0,-999,-999,0
10.5,31,85,5,-86.6158,2,-95.62,12,12,20,0,-999,-999,0
10.5,31,85,5,-86.6158,7,-108.257,9,9,10,1,15.7782,11.2576,0
10.5,31,85,5,-86.6158,6,-109.951,10,10,10,1,14.3614,9.84079,0
10.5,31,85,5,-86.6158,4,-118.68,20,20,20,0,-999,-999,0
10.5,32,53,4,-61.9781,1,-60.4454,20,20,20,0,-999,-999,0
10.5,32,53,4,-61.9781,6,-81.3506,10,10,10,1,14.3614,9.84079,0
10.5,32,53,4,-61.9781,3,-91.4903,19,19,20,0,-999,-999,0
10.5,32,53,4,-61.9781,5,-97.7631,10,10,10,1,12.5394,8.0188,0
10.5,32,53,4,-61.9781,2,-102.65,12,12,20,0,-999,-999,0
10.5,32,53,4,-61.9781,7,-103.164,9,9,10,1,15.7782,11.2576,0
10.5,33,23,7,-68.7342,6,-70.0647,10,10,10,1,14.3614,9.84079,0
10.5,33,23,7,-68.7342,1,-74.5567,20,20,20,0,-999,-999,0
10.5,33,23,7,-68.7342,2,-75.7764,12,12,20,0,-999,-999,0
10.5,33,23,7,-68.7342,3,-83.1661,19,19,20,0,-999,-999,0
10.5,33,23,7,-68.7342,5,-95.7169,10,10,10,1,12.5394,8.0188,0
10.5,33,23,7,-68.7342,4,-97.2893,20,20,20,0,-999,-999,0
10.5,34,73,6,-89.4421,4,-48.413,20,20,20,0,-999,-999,2
10.5,34,73,6,-89.4421,2,-68.6069,12,12,20,0,-999,-999,2
10.5,34,73,6,-89.4421,3,-77.3285,19,19,20,0,-999,-999,2
10.5,34,73,6,-89.4421,7,-94.7042,9,9,10,1,15.7782,11.2576,2
10.5,34,73,6,-89.4421,1,-96.7703,20,20,20,0,-999,-999,2
10.5,34,73,6,-89.4421,5,-104.112,10,10,10,1,12.5394,8.0188,2
10.5,35,86,5,-81.7218,3,-76.8192,19,19,20,0,-999,-999,0
10.5,35,86,5,-81.7218,1,-84.1525,20,20,20,0,-999,-999,0
10.5,35,86,5,-81.7218,6,-91.6386,10,10,10,1,14.3614,9.84079,0
10.5,35,86,5,-81.7218,2,-97.0189,12,13,20,0,-999,-999,0
10.5,35,86,5,-81.7218,7,-99.5518,9,9,10,1,15.7782,11.2576,0
10.5,35,86,5,-81.7218,4,-116.408,20,20,20,0,-999,-999,0
10.5,36,54,4,-80.3492,5,-65.7844,10,10,10,1,12.5394,8.0188,0
10.5,36,54,4,-80.3492,3,-83.6099,19,19,20,0,-999,-999,0
10.5,36,54,4,-80.3492,6,-83.7603,10,10,10,1,14.3614,9.84079,0
10.5,36,54,4,-80.3492,2,-93.7084,12,13,20,0,-999,-999,0
10.5,36,54,4,-80.3492,1,-96.4493,20,20,20,0,-999,-999,0
10.5,36,54,4,-80.3492,7,-102.459,9,9,10,1,15.7782,11.2576,0
10.5,37,52,1,-87.4689,5,-57.4147,10,10,10,1,12.5394,8.0188,0
10.5,37,52,1,-87.4689,7,-67.3329,9,9,10,1,15.7782,11.2576,0
10.5,37,52,1,-87.4689,4,-78.9605,20,20,20,0,-999,-999,0
10.5,37,52,1,-87.4689,2,-81.912,12,13,20,0,-999,-999,0
10.5,37,52,1,-87.4689,6,-83.4708,10,10,10,1,14.3614,9.84079,0
10.5,37,52,1,-87.4689,3,-91.2806,19,19,20,0,-999,-999,0
10.5,38,87,5,-37.1491,1,-59.3985,20,20,20,0,-999,-999,0
10.5,38,87,5,-37.1491,2,-78.9481,12,13,20,0,-999,-999,0
10.5,38,87,5,-37.1491,3,-85.7614,19,19,20,0,-999,-999,0
10.5,38,87,5,-37.1491,7,-94.4805,9,9,10,1,15.7782,11.2576,0
10.5,38,87,5,-37.1491,4,-100.828,20,20,20,0,-999,-999,0
10.5,38,87,5,-37.1491,6,-108.167,10,10,10,1,14.3614,9.84079,0
10.5,39,53,1,-80.4574,3,-82.3319,19,19,20,0,-999,-999,0
10.5,39,53,1,-80.4574,2,-89.2227,12,13,20,0,-999,-999,0
10.5,39,53,1,-80.4574,7,-90.3554,9,9,10,1,15.7782,11.2576,0
10.5,39,53,1,-80.4574,5,-91.8745,10,10,10,1,12.5394,8.0188,0
10.5,39,53,1,-80.4574,4,-99.6967,20,20,20,0,-999,-999,0
10.5,39,53,1,-80.4574,6,-103.214,10,10,10,1,14.3614,9.84079,0
10.5,40,55,4,-55.8263,5,-55.6547,10,10,10,1,12.5394,8.0188,0
10.5,40,55,4,-55.8263,3,-80.5306,19,19,20,0,-999,-999,0
10.5,40,55,4,-55.8263,6,-82.3603,10,10,10,1,14.3614,9.84079,0
10.5,40,55,4,-55.8263,2,-82.4858,12,13,20,0,-999,-999,0
10.5,40,55,4,-55.8263,1,-90.8015,20,20,20,0,-999,-999,0
10.5,40,55,4,-55.8263,7,-91.1032,9,9,10,1,15.7782,11.2576,0
10.5,41,24,2,-59.9107,3,-73.1411,19,19,20,0,-999,-999,0
10.5,41,24,2,-59.9107,6,-76.3653,10,10,10,1,14.3614,9.84079,0
10.5,41,24,2,-59.9107,4,-88.9841,20,20,20,0,-999,-999,0
10.5,41,24,2,-59.9107,7,-90.2451,9,9,10,1,15.7782,11.2576,0
10.5,41,24,2,-59.9107,1,-92.23,20,20,20,0,-999,-999,0
10.5,41,24,2,-59.9107,5,-99.344,10,10,10,1,12.5394,8.0188,0
10.5,42,74,6,-78.1669,1,-48.0038,20,20,20,0,-999,-999,0
10.5,42,74,6,-78.1669,4,-64.7609,20,20,20,0,-999,-999,0
10.5,42,74,6,-78.1669,2,-70.5048,12,13,20,0,-999,-999,0
10.5,42,74,6,-78.1669,3,-76.5369,19,19,20,0,-999,-999,0
10.5,42,74,6,-78.1669,7,-87.7906,9,9,10,1,15.7782,11.2576,0
10.5,42,74,6,-78.1669,5,-102.633,10,10,10,1,12.5394,8.0188,0
10.5,43,92,3,-58.0667,1,-39.3257,20,20,20,0,-999,-999,0
10.5,43,92,3,-58.0667,2,-71.2258,12,13,20,0,-999,-999,0
10.5,43,92,3,-58.0667,5,-86.4979,10,10,10,1,12.5394,8.0188,0
10.5,43,92,3,-58.0667,6,-95.8805,10,10,10,1,14.3614,9.84079,0
10.5,43,92,3,-58.0667,7,-96.5917,9,9,10,1,15.7782,11.2576,0
10.5,43,92,3,-58.0667,4,-98.4276,20,20,20,0,-999,-999,0
10.5,44,93,3,-80.1476,1,-54.1516,20,20,20,0,-999,-999,0
10.5,44,93,3,-80.1476,5,-58.6313,10,10,10,1,12.5394,8.0188,0
10.5,44,93,3,-80.1476,7,-74.4106,9,9,10,1,15.7782,11.2576,0
10.5,44,93,3,-80.1476,6,-75.8655,10,10,10,1,14.3614,9.84079,0
10.5,44,93,3,-80.1476,2,-96.172,12,13,20,0,-999,-999,0
10.5,44,93,3,-80.1476,4,-100.289,20,20,20,0,-999,-999,0
10.5,45,54,1,-75.6035,3,-76.7645,19,19,20,0,-999,-999,0
10.5,45,54,1,-75.6035,5,-80.1817,10,10,10,1,12.5394,8.0188,0
10.5,45,54,1,-75.6035,2,-80.6621,12,13,20,0,-999,-999,0
10.5,45,54,1,-75.6035,7,-85.2992,9,9,10,1,15.7782,11.2576,0
10.5,45,54,1,-75.6035,6,-103.122,10,10,10,1,14.3614,9.84079,0
10.5,45,54,1,-75.6035,4,-108.307,20,20,20,0,-999,-999,0
10.5,46,75,6,-75.3345,3,-79.5902,19,19,20,0,-999,-999,0
10.5,46,75,6,-75.3345,7,-82.8861,9,9,10,1,15.7782,11.2576,0
10.5,46,75,6,-75.3345,4,-84.3541,20,20,20,0,-999,-999,0
10.5,46,75,6,-75.3345,2,-90.6494,12,13,20,0,-999,-999,0
10.5,46,75,6,-75.3345,5,-103.923,10,10,10,1,12.5394,8.0188,0
10.5,46,75,6,-75.3345,1,-104.012,20,20,20,0,-999,-999,0
10.5,47,94,3,-84.3538,7,-49.315,9,9,10,1,15.7782,11.2576,0
10.5,47,94,3,-84.3538,5,-57.4068,10,10,10,1,12.5394,8.0188,0
10.5,47,94,3,-84.3538,1,-62.5486,20,20,20,0,-999,-999,0
10.5,47,94,3,-84.3538,2,-62.9258,12,13,20,0,-999,-999,0
10.5,47,94,3,-84.3538,6,-65.1431,10,10,10,1,14.3614,9.84079,0
10.5,47,94,3,-84.3538,4,-102.464,20,20,20,0,-999,-999,0
10.5,48,76,6,-65.7598,4,-83.5777,20,20,20,0,-999,-999,0
10.5,48,76,6,-65.7598,7,-96.6743,9,9,10,1,15.7782,11.2576,0
10.5,48,76,6,-65.7598,2,-100.012,12,13,20,0,-999,-999,0
10.5,48,76,6,-65.7598,5,-103.954,10,10,10,1,12.5394,8.0188,0
10.5,48,76,6,-65.7598,3,-105.515,19,19,20,0,-999,-999,0
10.5,48,76,6,-65.7598,1,-107.95,20,20,20,0,-999,-999,0
10.5,49,57,4,-49.2714,6,-76.5825,10,10,10,1,14.3614,9.84079,0
10.5,49,57,4,-49.2714,5,-88.9564,10,10,10,1,12.5394,8.0188,0
10.5,49,57,4,-49.2714,1,-91.4919,20,20,20,0,-999,-999,0
10.5,49,57,4,-49.2714,2,-99.9024,12,13,20,0,-999,-999,0
10.5,49,57,4,-49.2714,3,-100.315,19,19,20,0,-999,-999,0
10.5,49,57,4,-49.2714,7,-102.311,9,9,10,1,15.7782,11.2576,0
10.5,50,95,3,-93.7455,6,-67.9063,10,10,10,1,14.3614,9.84079,0
10.5,50,95,3,-93.7455,2,-82.3672,12,13,20,0,-999,-999,0
10.5,50,95,3,-93.7455,1,-91.9208,20,20,20,0,-999,-999,0
10.5,50,95,3,-93.7455,4,-99.2096,20,20,20,0,-999,-999,0
10.5,50,95,3,-93.7455,5,-101.607,10,10,10,1,12.5394,8.0188,0
10.5,50,95,3,-93.7455,7,-101.76,9,9,10,1,15.7782,11.2576,0
10.5,51,96,3,-68.4211,2,-93.4367,12,13,20,0,-999,-999,0
10.5,51,96,3,-68.4211,7,-93.63,9,9,10,1,15.7782,11.2576,0
10.5,51,96,3,-68.4211,5,-94.5857,10,10,10,1,12.5394,8.0188,0
10.5,51,96,3,-68.4211,1,-96.2467,20,20,20,0,-999,-999,0
10.5,51,96,3,-68.4211,6,-98.0677,10,10,10,1,14.3614,9.84079,0
10.5,51,96,3,-68.4211,4,-102.292,20,20,20,0,-999,-999,0
10.5,52,55,1,-81.1573,5,-60.428,10,10,10,1,12.5394,8.0188,0
10.5,52,55,1,-81.1573,2,-84.9835,12,13,20,0,-999,-999,0
10.5,52,55,1,-81.1573,3,-85.2946,19,19,20,0,-999,-999,0
10.5,52,55,1,-81.1573,7,-88.6896,9,9,10,1,15.7782,11.2576,0
10.5,52,55,1,-81.1573,6,-109.04,10,10,10,1,14.3614,9.84079,0
10.5,52,55,1,-81.1573,4,-111.285,20,20,20,0,-999,-999,0
10.5,53,97,3,-82.6983,7,-96.9185,9,9,10,1,15.7782,11.2576,0
10.5,53,97,3,-82.6983,5,-97.6787,10,10,10,1,12.5394,8.0188,0
10.5,53,97,3,-82.6983,6,-103.257,10,10,10,1,14.3614,9.84079,0
10.5,53,97,3,-82.6983,4,-104.394,20,20,20,0,-999,-999,0
10.5,53,97,3,-82.6983,1,-105.175,20,20,20,0,-999,-999,0
10.5,53,97,3,-82.6983,2,-109.17,12,13,20,0,-999,-999,0
10.5,54,24,7,-81.4892,2,-52.6361,12,13,20,0,-999,-999,0
10.5,54,24,7,-81.4892,3,-83.7911,19,19,20,0,-999,-999,0
10.5,54,24,7,-81.4892,4,-88.2498,20,20,20,0,-999,-999,0
10.5,54,24,7,-81.4892,6,-92.2316,10,10,10,1,14.3614,9.84079,0
10.5,54,24,7,-81.4892,1,-97.694,20,20,20,0,-999,-999,0
10.5,54,24,7,-81.4892,5,-101.091,10,10,10,1,12.5394,8.0188,0
10.5,55,77,6,-78.1384,1,-60.159,20,20,20,0,-999,-999,0
10.5,55,77,6,-78.1384,5,-60.2038,10,10,10,1,12.5394,8.0188,0
10.5,55,77,6,-78.1384,4,-82.2799,20,20,20,0,-999,-999,0
10.5,55,77,6,-78.1384,2,-94.7027,12,13,20,0,-999,-999,0
10.5,55,77,6,-78.1384,7,-100.136,9,9,10,1,15.7782,11.2576,0
10.5,55,77,6,-78.1384,3,-103.246,19,19,20,0,-999,-999,0
10.5,56,57,1,-38.0965,2,-71.0479,12,13,20,0,-999,-999,0
10.5,56,57,1,-38.0965,3,-74.3614,19,19,20,0,-999,-999,0
10.5,56,57,1,-38.0965,5,-88.2795,10,10,10,1,12.5394,8.0188,0
10.5,56,57,1,-38.0965,7,-93.0692,9,9,10,1,15.7782,11.2576,0
10.5,56,57,1,-38.0965,6,-95.8038,10,10,10,1,14.3614,9.84079,0
10.5,56,57,1,-38.0965,4,-95.8148,20,20,20,0,-999,-999,0
10.5,57,89,2,-90.4646,5,-56.8239,10,10,10,1,12.5394,8.0188,0
10.5,57,89,2,-90.4646,3,-89.6474,19,19,20,0,-999,-999,0
10.5,57,89,2,-90.4646,1,-93.2783,20,20,20,0,-999,-999,0
10.5,57,89,2,-90.4646,7,-94.3959,9,9,10,1,15.7782,11.2576,0
10.5,57,89,2,-90.4646,4,-100.79,20,20,20,0,-999,-999,0
10.5,57,89,2,-90.4646,6,-116.457,10,10,10,1,14.3614,9.84079,0
10.5,58,136,1,-84.336,5,-77.0862,10,10,10,1,12.5394,8.0188,0
10.5,58,136,1,-84.336,3,-84.4617,19,19,20,0,-999,-999,0
10.5,58,136,1,-84.336,2,-89.908,12,13,20,0,-999,-999,0
10.5,58,136,1,-84.336,7,-91.0294,9,9,10,1,15.7782,11.2576,0
10.5,58,136,1,-84.336,4,-103.554,20,20,20,0,-999,-999,0
10.5,58,136,1,-84.336,6,-111.28,10,10,10,1,14.3614,9.84079,0
10.5,59,153,3,-83.936,2,-66.6029,12,13,20,0,-999,-999,0
10.5,59,153,3,-83.936,5,-82.7558,10,10,10,1,12.5394,8.0188,0
10.5,59,153,3,-83.936,7,-92.3313,9,9,10,1,15.7782,11.2576,0
10.5,59,153,3,-83.936,1,-95.7102,20,20,20,0,-999,-999,0
10.5,59,153,3,-83.936,4,-105.306,20,20,20,0,-999,-999,0
10.5,59,153,3,-83.936,6,-112.356,10,10,10,1,14.3614,9.84079,0
10.5,60,154,3,-86.0105,6,-75.3556,10,10,10,1,14.3614,9.84079,0
10.5,60,154,3,-86.0105,1,-83.5553,20,20,20,0,-999,-999,0
10.5,60,154,3,-86.0105,5,-84.5849,10,10,10,1,12.5394,8.0188,0
10.5,60,154,3,-86.0105,2,-92.2013,12,13,20,0,-999,-999,0
10.5,60,154,3,-86.0105,7,-93.8043,9,9,10,1,15.7782,11.2576,0
10.5,60,154,3,-86.0105,4,-109.497,20,20,20,0,-999,-999,0
10.5,61,85,6,-33.9228,2,-83.526,12,13,20,0,-999,-999,0
10.5,61,85,6,-33.9228,3,-88.628,19,19,20,0,-999,-999,0
10.5,61,85,6,-33.9228,4,-90.7334,20,20,20,0,-999,-999,0
10.5,61,85,6,-33.9228,7,-104.856,9,9,10,1,15.7782,11.2576,0
10.5,61,85,6,-33.9228,1,-114.962,20,20,20,0,-999,-999,0
10.5,61,85,6,-33.9228,5,-116.773,10,10,10,1,12.5394,8.0188,0
10.5,62,137,1,-84.2851,2,-59.7249,12,13,20,0,-999,-999,0
10.5,62,137,1,-84.2851,3,-68.331,19,19,20,0,-999,-999,0
10.5,62,137,1,-84.2851,4,-83.5611,20,20,20,0,-999,-999,0
10.5,62,137,1,-84.2851,7,-90.3081,9,9,10,1,15.7782,11.2576,0
10.5,62,137,1,-84.2851,5,-92.2815,10,10,10,1,12.5394,8.0188,0
10.5,62,137,1,-84.2851,6,-100.017,10,10,10,1,14.3614,9.84079,0
10.5,63,155,3,-71.5354,5,-64.8148,10,10,10,1,12.5394,8.0188,0
10.5,63,155,3,-71.5354,1,-92.5645,20,20,20,0,-999,-999,0
10.5,63,155,3,-71.5354,7,-94.9957,9,9,10,1,15.7782,11.2576,0
10.5,63,155,3,-71.5354,2,-99.9997,12,13,20,0,-999,-999,0
10.5,63,155,3,-71.5354,4,-103.594,20,20,20,0,-999,-999,0
10.5,63,155,3,-71.5354,6,-106.597,10,10,10,1,14.3614,9.84079,0
10.5,64,138,4,-81.3726,6,-79.9421,10,10,10,1,14.3614,9.84079,0
10.5,64,138,4,-81.3726,7,-86.8088,9,9,10,1,15.7782,11.2576,0
10.5,64,138,4,-81.3726,3,-87.4413,19,19,20,0,-999,-999,0
10.5,64,138,4,-81.3726,2,-95.2677,12,13,20,0,-999,-999,0
10.5,64,138,4,-81.3726,1,-97.5992,20,20,20,0,-999,-999,0
10.5,64,138,4,-81.3726,5,-99.0403,10,10,10,1,12.5394,8.0188,0
10.5,65,138,1,-83.8203,3,-50.1165,19,19,20,0,-999,-999,0
10.5,65,138,1,-83.8203,7,-64.4813,9,9,10,1,15.7782,11.2576,0
10.5,65,138,1,-83.8203,2,-83.1902,12,13,20,0,-999,-999,0
10.5,65,138,1,-83.8203,4,-88.7646,20,20,20,0,-999,-999,0
10.5,65,138,1,-83.8203,5,-90.4804,10,10,10,1,12.5394,8.0188,0
10.5,65,138,1,-83.8203,6,-95.0744,10,10,10,1,14.3614,9.84079,0
10.5,66,156,3,-87.8772,5,-40.9938,10,10,10,1,12.5394,8.0188,0
10.5,66,156,3,-87.8772,4,-75.4213,20,20,20,0,-999,-999,0
10.5,66,156,3,-87.8772,2,-86.1454,12,13,20,0,-999,-999,0
10.5,66,156,3,-87.8772,1,-87.9081,20,20,20,0,-999,-999,0
10.5,66,156,3,-87.8772,7,-89.9915,9,9,10,1,15.7782,11.2576,0
10.5,66,156,3,-87.8772,6,-104.927,10,10,10,1,14.3614,9.84079,0
10.5,67,157,3,-95.9506,7,-70.1357,9,9,10,1,15.7782,11.2576,0
10.5,67,157,3,-95.9506,4,-92.1586,20,20,20,0,-999,-999,0
10.5,67,157,3,-95.9506,5,-93.3233,10,10,10,1,12.5394,8.0188,0
10.5,67,157,3,-95.9506,2,-96.4591,12,13,20,0,-999,-999,0
10.5,67,157,3,-95.9506,6,-97.2057,10,10,10,1,14.3614,9.84079,0
10.5,67,157,3,-95.9506,1,-104.076,20,20,20,0,-999,-999,0
10.5,68,158,3,-87.245,1,-55.3276,20,20,20,0,-999,-999,0
10.5,68,158,3,-87.245,2,-56.2867,12,13,20,0,-999,-999,0
10.5,68,158,3,-87.245,5,-61.3719,10,10,10,1,12.5394,8.0188,0
10.5,68,158,3,-87.245,6,-76.9726,10,10,10,1,14.3614,9.84079,0
10.5,68,158,3,-87.245,7,-80.5361,9,9,10,1,15.7782,11.2576,0
10.5,68,158,3,-87.245,4,-81.7936,20,20,20,0,-999,-999,0
10.5,69,139,4,-72.5975,6,-77.9761,10,10,10,1,14.3614,9.84079,0
10.5,69,139,4,-72.5975,2,-87.202,12,13,20,0,-999,-999,0
10.5,69,139,4,-72.5975,7,-99.8195,9,9,10,1,15.7782,11.2576,0
10.5,69,139,4,-72.5975,1,-103.572,20,20,20,0,-999,-999,0
10.5,69,139,4,-72.5975,3,-105.746,19,19,20,0,-999,-999,0
10.5,69,139,4,-72.5975,5,-110.805,10,10,10,1,12.5394,8.0188,0
10.5,70,140,4,-70.5954,6,-45.3246,10,10,10,1,14.3614,9.84079,0
10.5,70,140,4,-70.5954,1,-63.8605,20,20,20,0,-999,-999,0
10.5,70,140,4,-70.5954,2,-87.7435,12,13,20,0,-999,-999,0
10.5,70,140,4,-70.5954,3,-100.723,19,19,20,0,-999,-999,0
10.5,70,140,4,-70.5954,7,-104.137,9,9,10,1,15.7782,11.2576,0
10.5,70,140,4,-70.5954,5,-109.544,10,10,10,1,12.5394,8.0188,0
10.5,71,67,7,-33.3468,1,-61.2751,20,20,20,0,-999,-999,0
10.5,71,67,7,-33.3468,2,-75.2997,12,13,20,0,-999,-999,0
10.5,71,67,7,-33.3468,3,-78.2886,19,19,20,0,-999,-999,0
10.5,71,67,7,-33.3468,6,-94.7739,10,10,10,1,14.3614,9.84079,0
10.5,71,67,7,-33.3468,4,-99.4718,20,20,20,0,-999,-999,0
10.5,71,67,7,-33.3468,5,-104.724,10,10,10,1,12.5394,8.0188,0
10.5,72,159,3,-88.1894,5,-48.8965,10,10,10,1,12.5394,8.0188,2
10.5,72,159,3,-88.1894,2,-68.1477,12,13,20,0,-999,-999,2
10.5,72,159,3,-88.1894,7,-71.7356,9,9,10,1,15.7782,11.2576,2
10.5,72,159,3,-88.1894,1,-89.7223,20,20,20,0,-999,-999,2
10.5,72,159,3,-88.1894,4,-95.0171,20,20,20,0,-999,-999,2
10.5,72,159,3,-88.1894,6,-118.02,10,10,10,1,14.3614,9.84079,2
10.5,73,141,4,-50.5663,1,-68.2558,20,20,20,0,-999,-999,0
10.5,73,141,4,-50.5663,2,-71.7767,12,14,20,0,-999,-999,0
10.5,73,141,4,-50.5663,6,-80.774,10,10,10,1,14.3614,9.84079,0
10.5,73,141,4,-50.5663,3,-97.1844,19,19,20,0,-999,-999,0
10.5,73,141,4,-50.5663,7,-99.4805,9,9,10,1,15.7782,11.2576,0
10.5,73,141,4,-50.5663,5,-100.484,10,10,10,1,12.5394,8.0188,0
10.5,74,160,3,-80.4779,7,-53.7563,9,9,10,1,15.7782,11.2576,2
10.5,74,160,3,-80.4779,1,-57.1154,20,20,20,0,-999,-999,2
10.5,74,160,3,-80.4779,2,-66.5638,12,14,20,0,-999,-999,2
10.5,74,160,3,-80.4779,5,-76.0599,10,10,10,1,12.5394,8.0188,2
10.5,74,160,3,-80.4779,4,-94.5474,20,20,20,0,-999,-999,2
10.5,74,160,3,-80.4779,6,-102.679,10,10,10,1,14.3614,9.84079,2
10.5,75,161,3,-54.4775,5,-54.8916,10,10,10,1,12.5394,8.0188,0
10.5,75,161,3,-54.4775,2,-83.2923,12,15,20,0,-999,-999,0
10.5,75,161,3,-54.4775,1,-92.8369,20,20,20,0,-999,-999,0
10.5,75,161,3,-54.4775,7,-92.904,9,9,10,1,15.7782,11.2576,0
10.5,75,161,3,-54.4775,6,-103.643,10,10,10,1,14.3614,9.84079,0
10.5,75,161,3,-54.4775,4,-111.419,20,20,20,0,-999,-999,0
10.5,76,139,1,-79.0837,2,-57.701,12,15,20,0,-999,-999,2
10.5,76,139,1,-79.0837,3,-67.5724,19,19,20,0,-999,-999,2
10.5,76,139,1,-79.0837,7,-75.1989,9,9,10,1,15.7782,11.2576,2
10.5,76,139,1,-79.0837,6,-95.2971,10,10,10,1,14.3614,9.84079,2
10.5,76,139,1,-79.0837,4,-96.7583,20,20,20,0,-999,-999,2
10.5,76,139,1,-79.0837,5,-100.06,10,10,10,1,12.5394,8.0188,2
10.5,77,142,4,-57.9199,6,-54.2701,10,10,10,1,14.3614,9.84079,0
10.5,77,142,4,-57.9199,2,-89.9174,12,16,20,0,-999,-999,0
10.5,77,142,4,-57.9199,7,-93.5683,9,9,10,1,15.7782,11.2576,0
10.5,77,142,4,-57.9199,3,-103.238,19,19,20,0,-999,-999,0
10.5,77,142,4,-57.9199,5,-105.253,10,10,10,1,12.5394,8.0188,0
10.5,77,142,4,-57.9199,1,-107.174,20,20,20,0,-999,-999,0
10.5,78,140,1,-56.2002,3,-42.5714,19,19,20,0,-999,-999,0
10.5,78,140,1,-56.2002,7,-72.823,9,9,10,1,15.7782,11.2576,0
10.5,78,140,1,-56.2002,2,-77.9565,12,16,20,0,-999,-999,0
10.5,78,140,1,-56.2002,5,-88.749,10,10,10,1,12.5394,8.0188,0
10.5,78,140,1,-56.2002,4,-92.6131,20,20,20,0,-999,-999,0
10.5,78,140,1,-56.2002,6,-103.646,10,10,10,1,14.3614,9.84079,0
10.5,79,143,4,-47.3833,6,-54.7194,10,10,10,1,14.3614,9.84079,0
10.5,79,143,4,-47.3833,7,-63.0991,9,9,10,1,15.7782,11.2576,0
10.5,79,143,4,-47.3833,1,-93.8479,20,20,20,0,-999,-999,0
10.5,79,143,4,-47.3833,5,-96.7464,10,10,10,1,12.5394,8.0188,0
10.5,79,143,4,-47.3833,2,-101.863,12,16,20,0,-999,-999,0
10.5,79,143,4,-47.3833,3,-110.548,19,19,20,0,-999,-999,0
10.5,80,73,2,-58.3814,4,-74.1634,20,20,20,0,-999,-999,0
10.5,80,73,2,-58.3814,1,-83.3323,20,20,20,0,-999,-999,0
10.5,80,73,2,-58.3814,5,-88.1267,10,10,10,1,12.5394,8.0188,0
10.5,80,73,2,-58.3814,3,-88.3938,19,19,20,0,-999,-999,0
10.5,80,73,2,-58.3814,6,-93.9906,10,10,10,1,14.3614,9.84079,0
10.5,80,73,2,-58.3814,7,-102.01,9,9,10,1,15.7782,11.2576,0
10.5,81,141,1,-49.4199,3,-49.7464,19,19,20,0,-999,-999,0
10.5,81,141,1,-49.4199,4,-77.9549,20,20,20,0,-999,-999,0
10.5,81,141,1,-49.4199,2,-86.7345,12,16,20,0,-999,-999,0
10.5,81,141,1,-49.4199,5,-95.32,10,10,10,1,12.5394,8.0188,0
10.5,81,141,1,-49.4199,7,-95.8949,9,9,10,1,15.7782,11.2576,0
10.5,81,141,1,-49.4199,6,-95.9709,10,10,10,1,14.3614,9.84079,0
10.5,82,144,4,-81.9573,6,-50.2483,10,10,10,1,14.3614,9.84079,0
10.5,82,144,4,-81.9573,7,-79.2909,9,9,10,1,15.7782,11.2576,0
10.5,82,144,4,-81.9573,2,-95.6371,12,16,20,0,-999,-999,0
10.5,82,144,4,-81.9573,5,-98.1768,10,10,10,1,12.5394,8.0188,0
10.5,82,144,4,-81.9573,3,-104.438,19,19,20,0,-999,-999,0
10.5,82,144,4,-81.9573,1,-107.702,20,20,20,0,-999,-999,0
10.5,83,74,2,-91.5099,3,-52.9477,19,19,20,0,-999,-999,0
10.5,83,74,2,-91.5099,1,-85.7973,20,20,20,0,-999,-999,0
10.5,83,74,2,-91.5099,7,-91.608,9,9,10,1,15.7782,11.2576,0
10.5,83,74,2,-91.5099,5,-93.8503,10,10,10,1,12.5394,8.0188,0
10.5,83,74,2,-91.5099,4,-100.033,20,20,20,0,-999,-999,0
10.5,83,74,2,-91.5099,6,-111.253,10,10,10,1,14.3614,9.84079,0
10.5,84,142,1,-34.6906,3,-57.3139,19,19,20,0,-999,-999,0
10.5,84,142,1,-34.6906,5,-84.9512,10,10,10,1,12.5394,8.0188,0
10.5,84,142,1,-34.6906,2,-85.1192,12,16,20,0,-999,-999,0
10.5,84,142,1,-34.6906,7,-85.6418,9,9,10,1,15.7782,11.2576,0
10.5,84,142,1,-34.6906,4,-86.6623,20,20,20,0,-999,-999,0
10.5,84,142,1,-34.6906,6,-95.0266,10,10,10,1,14.3614,9.84079,0
10.5,85,145,4,-55.8265,6,-60.468,10,10,10,1,14.3614,9.84079,0
10.5,85,145,4,-55.8265,7,-63.34,9,9,10,1,15.7782,11.2576,0
10.5,85,145,4,-55.8265,1,-68.495,20,20,20,0,-999,-999,0
10.5,85,145,4,-55.8265,3,-78.2774,19,19,20,0,-999,-999,0
10.5,85,145,4,-55.8265,2,-82.113,12,16,20,0,-999,-999,0
10.5,85,145,4,-55.8265,5,-103.013,10,10,10,1,12.5394,8.0188,0
10.5,86,146,4,-88.6239,2,-46.947,12,16,20,0,-999,-999,0
10.5,86,146,4,-88.6239,6,-61.7055,10,10,10,1,14.3614,9.84079,0
10.5,86,146,4,-88.6239,1,-96.1874,20,20,20,0,-999,-999,0
10.5,86,146,4,-88.6239,3,-96.6824,19,19,20,0,-999,-999,0
10.5,86,146,4,-88.6239,7,-99.7274,9,9,10,1,15.7782,11.2576,0
10.5,86,146,4,-88.6239,5,-102.062,10,10,10,1,12.5394,8.0188,0
10.5,87,68,7,-59.4324,2,-56.8239,12,16,20,0,-999,-999,0
10.5,87,68,7,-59.4324,1,-93.9389,20,20,20,0,-999,-999,0
10.5,87,68,7,-59.4324,3,-98.8993,19,19,20,0,-999,-999,0
10.5,87,68,7,-59.4324,4,-102.343,20,20,20,0,-999,-999,0
10.5,87,68,7,-59.4324,6,-102.603,10,10,10,1,14.3614,9.84079,0
10.5,87,68,7,-59.4324,5,-109.663,10,10,10,1,12.5394,8.0188,0
10.5,88,147,4,-28.9777,5,-58.8697,10,10,10,1,12.5394,8.0188,0
10.5,88,147,4,-28.9777,7,-76.9694,9,9,10,1,15.7782,11.2576,0
10.5,88,147,4,-28.9777,6,-79.1809,10,10,10,1,14.3614,9.84079,0
10.5,88,147,4,-28.9777,2,-80.5674,12,16,20,0,-999,-999,0
10.5,88,147,4,-28.9777,1,-93.7933,20,20,20,0,-999,-999,0
10.5,88,147,4,-28.9777,3,-101.701,19,19,20,0,-999,-999,0
10.5,89,162,4,-95.1176,3,-72.223,19,19,20,0,-999,-999,0
10.5,89,162,4,-95.1176,6,-84.9563,10,10,10,1,14.3614,9.84079,0
10.5,89,162,4,-95.1176,2,-88.2533,12,16,20,0,-999,-999,0
10.5,89,162,4,-95.1176,7,-92.4687,9,9,10,1,15.7782,11.2576,0
10.5,89,162,4,-95.1176,1,-99.3542,20,20,20,0,-999,-999,0
10.5,89,162,4,-95.1176,5,-100.374,10,10,10,1,12.5394,8.0188,0
10.5,90,75,2,-33.6246,7,-53.5648,9,9,10,1,15.7782,11.2576,0
10.5,90,75,2,-33.6246,5,-66.3885,10,10,10,1,12.5394,8.0188,0
10.5,90,75,2,-33.6246,6,-72.6774,10,10,10,1,14.3614,9.84079,0
10.5,90,75,2,-33.6246,1,-85.1855,20,20,20,0,-999,-999,0
10.5,90,75,2,-33.6246,3,-85.8652,19,19,20,0,-999,-999,0
10.5,90,75,2,-33.6246,4,-89.8123,20,20,20,0,-999,-999,0
10.5,91,163,4,-61.2368,2,-48.091,12,16,20,0,-999,-999,0
10.5,91,163,4,-61.2368,7,-53.2065,9,9,10,1,15.7782,11.2576,0
10.5,91,163,4,-61.2368,6,-81.0002,10,10,10,1,14.3614,9.84079,0
10.5,91,163,4,-61.2368,1,-86.5467,20,20,20,0,-999,-999,0
10.5,91,163,4,-61.2368,3,-89.9538,19,19,20,0,-999,-999,0
10.5,91,163,4,-61.2368,5,-100.169,10,10,10,1,12.5394,8.0188,0
10.5,92,143,1,-73.4218,4,-70.3333,20,20,20,0,-999,-999,0
10.5,92,143,1,-73.4218,2,-77.0203,12,16,20,0,-999,-999,0
10.5,92,143,1,-73.4218,3,-82.3354,19,19,20,0,-999,-999,0
10.5,92,143,1,-73.4218,7,-87.0456,9,9,10,1,15.7782,11.2576,0
10.5,92,143,1,-73.4218,5,-89.1435,10,10,10,1,12.5394,8.0188,0
10.5,92,143,1,-73.4218,6,-94.5075,10,10,10,1,14.3614,9.84079,0
10.5,93,164,4,-55.5636,6,-47.3378,10,10,10,1,14.3614,9.84079,0
10.5,93,164,4,-55.5636,1,-63.2743,20,20,20,0,-999,-999,0
10.5,93,164,4,-55.5636,2,-73.9817,12,16,20,0,-999,-999,0
10.5,93,164,4,-55.5636,7,-84.0453,9,9,10,1,15.7782,11.2576,0
10.5,93,164,4,-55.5636,3,-99.8007,19,19,20,0,-999,-999,0
10.5,93,164,4,-55.5636,5,-101.143,10,10,10,1,12.5394,8.0188,0
10.5,94,76,2,-65.6478,1,-49.9747,20,20,20,0,-999,-999,0
10.5,94,76,2,-65.6478,7,-68.4302,9,9,10,1,15.7782,11.2576,0
10.5,94,76,2,-65.6478,3,-86.4095,19,19,20,0,-999,-999,0
10.5,94,76,2,-65.6478,5,-92.4411,10,10,10,1,12.5394,8.0188,0
10.5,94,76,2,-65.6478,6,-106.938,10,10,10,1,14.3614,9.84079,0
10.5,94,76,2,-65.6478,4,-117.32,20,20,20,0,-999,-999,0
10.5,95,69,7,-85.1461,4,-45.0463,20,20,20,0,-999,-999,0
10.5,95,69,7,-85.1461,6,-65.7099,10,10,10,1,14.3614,9.84079,0
10.5,95,69,7,-85.1461,5,-68.7659,10,10,10,1,12.5394,8.0188,0
10.5,95,69,7,-85.1461,2,-85.0134,12,16,20,0,-999,-999,0
10.5,95,69,7,-85.1461,3,-86.3771,19,19,20,0,-999,-999,0
10.5,95,69,7,-85.1461,1,-95.5275,20,20,20,0,-999,-999,0
10.5,96,77,2,-76.2119,3,-71.5124,19,19,20,0,-999,-999,0
10.5,96,77,2,-76.2119,1,-74.5328,20,20,20,0,-999,-999,0
10.5,96,77,2,-76.2119,5,-79.5054,10,10,10,1,12.5394,8.0188,0
10.5,96,77,2,-76.2119,7,-85.5987,9,9,10,1,15.7782,11.2576,0
10.5,96,77,2,-76.2119,4,-85.6827,20,20,20,0,-999,-999,0
10.5,96,77,2,-76.2119,6,-91.1624,10,10,10,1,14.3614,9.84079,0
10.5,97,144,1,-69.4579,3,-61.3881,19,19,20,0,-999,-999,0
10.5,97,144,1,-69.4579,2,-62.8932,12,16,20,0,-999,-999,0
10.5,97,144,1,-69.4579,7,-86.2503,9,9,10,1,15.7782,11.2576,0
10.5,97,144,1,-69.4579,4,-91.7675,20,20,20,0,-999,-999,0
10.5,97,144,1,-69.4579,5,-94.8824,10,10,10,1,12.5394,8.0188,0
10.5,97,144,1,-69.4579,6,-96.3092,10,10,10,1,14.3614,9.84079,0
10.5,98,70,7,-80.6082,2,-73.733,12,16,20,0,-999,-999,0
10.5,98,70,7,-80.6082,4,-86.2412,20,20,20,0,-999,-999,0
10.5,98,70,7,-80.6082,3,-88.5652,19,19,20,0,-999,-999,0
10.5,98,70,7,-80.6082,1,-94.8577,20,20,20,0,-999,-999,0
10.5,98,70,7,-80.6082,6,-96.4322,10,10,10,1,14.3614,9.84079,0
10.5,98,70,7,-80.6082,5,-99.9221,10,10,10,1,12.5394,8.0188,0
10.5,99,145,1,-86.0482,6,-75.4261,10,10,10,1,14.3614,9.84079,0
10.5,99,145,1,-86.0482,5,-87.221,10,10,10,1,12.5394,8.0188,0
10.5,99,145,1,-86.0482,3,-87.2214,19,19,20,0,-999,-999,0
10.5,99,145,1,-86.0482,7,-89.957,9,9,10,1,15.7782,11.2576,0
10.5,99,145,1,-86.0482,2,-93.0802,12,16,20,0,-999,-999,0
10.5,99,145,1,-86.0482,4,-100.233,20,20,20,0,-999,-999,0
10.5,100,78,2,-74.4374,6,-66.202,10,10,10,1,14.3614,9.84079,0
10.5,100,78,2,-74.4374,7,-72.8554,9,9,10,1,15.7782,11.2576,0
10.5,100,78,2,-74.4374,3,-84.7826,19,19,20,0,-999,-999,0
10.5,100,78,2,-74.4374,4,-89.7277,20,20,20,0,-999,-999,0
10.5,100,78,2,-74.4374,1,-91.8529,20,20,20,0,-999,-999,0
10.5,100,78,2,-74.4374,5,-102.424,10,10,10,1,12.5394,8.0188,0
10.5,101,146,1,-45.1888,5,-59.0868,10,10,10,1,12.5394,8.0188,0
10.5,101,146,1,-45.1888,7,-66.2282,9,9,10,1,15.7782,11.2576,0
10.5,101,146,1,-45.1888,3,-68.1027,19,19,20,0,-999,-999,0
10.5,101,146,1,-45.1888,2,-82.2256,12,16,20,0,-999,-999,0
10.5,101,146,1,-45.1888,6,-105.522,10,10,10,1,14.3614,9.84079,0
10.5,101,146,1,-45.1888,4,-113.091,20,20,20,0,-999,-999,0
10.5,102,147,1,-112.194,7,-68.9131,9,9,10,1,15.7782,11.2576,2
10.5,102,147,1,-112.194,2,-71.3234,12,16,20,0,-999,-999,2
10.5,102,147,1,-112.194,3,-85.4854,19,19,20,0,-999,-999,2
10.5,102,147,1,-112.194,5,-88.237,10,10,10,1,12.5394,8.0188,2
10.5,102,147,1,-112.194,6,-96.9198,10,10,10,1,14.3614,9.84079,2
10.5,102,147,1,-112.194,4,-104.249,20,20,20,0,-999,-999,2
10.5,103,162,1,-85.5421,4,-76.417,20,20,20,0,-999,-999,0
10.5,103,162,1,-85.5421,2,-81.6911,12,17,20,0,-999,-999,0
10.5,103,162,1,-85.5421,5,-89.2397,10,10,10,1,12.5394,8.0188,0
10.5,103,162,1,-85.5421,3,-91.069,19,19,20,0,-999,-999,0
10.5,103,162,1,-85.5421,6,-96.4908,10,10,10,1,14.3614,9.84079,0
10.5,103,162,1,-85.5421,7,-115.645,9,9,10,1,15.7782,11.2576,0
10.5,104,79,2,-63.6414,7,-48.5818,9,9,10,1,15.7782,11.2576,0
10.5,104,79,2,-63.6414,3,-60.7984,19,19,20,0,-999,-999,0
10.5,104,79,2,-63.6414,1,-65.0603,20,20,20,0,-999,-999,0
10.5,104,79,2,-63.6414,4,-72.0541,20,20,20,0,-999,-999,0
10.5,104,79,2,-63.6414,5,-90.8927,10,10,10,1,12.5394,8.0188,0
10.5,104,79,2,-63.6414,6,-98.3358,10,10,10,1,14.3614,9.84079,0
10.5,105,71,7,-51.0228,4,-59.9781,20,20,20,0,-999,-999,0
10.5,105,71,7,-51.0228,5,-65.9778,10,10,10,1,12.5394,8.0188,0
10.5,105,71,7,-51.0228,6,-78.2455,10,10,10,1,14.3614,9.84079,0
10.5,105,71,7,-51.0228,2,-93.4672,12,17,20,0,-999,-999,0
10.5,105,71,7,-51.0228,3,-100.273,19,19,20,0,-999,-999,0
10.5,105,71,7,-51.0228,1,-100.39,20,20,20,0,-999,-999,0
10.5,106,80,2,-95.5553,3,-68.3561,19,19,20,0,-999,-999,0
10.5,106,80,2,-95.5553,7,-88.9782,9,9,10,1,15.7782,11.2576,0
10.5,106,80,2,-95.5553,5,-94.6061,10,10,10,1,12.5394,8.0188,0
10.5,106,80,2,-95.5553,4,-95.8579,20,20,20,0,-999,-999,0
10.5,106,80,2,-95.5553,1,-98.1316,20,20,20,0,-999,-999,0
10.5,106,80,2,-95.5553,6,-102.268,10,10,10,1,14.3614,9.84079,0
10.5,107,72,7,-68.071,1,-61.8801,20,20,20,0,-999,-999,0
10.5,107,72,7,-68.071,4,-76.4635,20,20,20,0,-999,-999,0
10.5,107,72,7,-68.071,3,-90.952,19,19,20,0,-999,-999,0
10.5,107,72,7,-68.071,2,-90.9668,12,17,20,0,-999,-999,0
10.5,107,72,7,-68.071,6,-98.7622,10,10,10,1,14.3614,9.84079,0
10.5,107,72,7,-68.071,5,-104.133,10,10,10,1,12.5394,8.0188,0
12.5,8,22,2,-56.423,5,-70.8814,10,10,10,1,14.3691,9.84847,0
12.5,8,22,2,-56.423,1,-77.0741,18,18,20,0,-999,-999,0
12.5,8,22,2,-56.423,7,-86.3257,9,9,10,1,12.5189,7.99831,0
12.5,8,22,2,-56.423,3,-91.4868,17,17,20,0,-999,-999,0
12.5,8,22,2,-56.423,4,-96.2513,20,20,20,0,-999,-999,0
12.5,8,22,2,-56.423,6,-98.1663,9,9,10,1,14.1595,9.63894,0
12.5,9,23,2,-67.9459,4,-55.841,20,20,20,0,-999,-999,0
12.5,9,23,2,-67.9459,7,-65.126,9,9,10,1,12.5189,7.99831,0
12.5,9,23,2,-67.9459,6,-77.0494,9,9,10,1,14.1595,9.63894,0
12.5,9,23,2,-67.9459,1,-84.0828,18,18,20,0,-999,-999,0
12.5,9,23,2,-67.9459,3,-86.3625,17,17,20,0,-999,-999,0
12.5,9,23,2,-67.9459,5,-87.1681,10,10,10,1,14.3691,9.84847,0
12.5,10,78,3,-61.5061,1,-48.5524,18,18,20,0,-999,-999,0
12.5,10,78,3,-61.5061,2,-58.0377,17,17,20,0,-999,-999,0
12.5,10,78,3,-61.5061,4,-70.139,20,20,20,0,-999,-999,0
12.5,10,78,3,-61.5061,5,-79.2944,10,10,10,1,14.3691,9.84847,0
12.5,10,78,3,-61.5061,7,-89.989,9,9,10,1,12.5189,7.99831,0
12.5,10,78,3,-61.5061,6,-104.804,9,9,10,1,14.1595,9.63894,0
12.5,11,64,6,-78.2426,3,-81.6964,17,17,20,0,-999,-999,0
12.5,11,64,6,-78.2426,5,-88.1559,10,10,10,1,14.3691,9.84847,0
12.5,11,64,6,-78.2426,2,-89.0647,17,17,20,0,-999,-999,0
12.5,11,64,6,-78.2426,1,-92.6447,18,18,20,0,-999,-999,0
12.5,11,64,6,-78.2426,4,-93.09,20,20,20,0,-999,-999,0
12.5,11,64,6,-78.2426,7,-98.4136,9,9,10,1,12.5189,7.99831,0
12.5,12,71,5,-50.4789,3,-69.9189,17,17,20,0,-999,-999,0
12.5,12,71,5,-50.4789,7,-79.4223,9,9,10,1,12.5189,7.99831,0
12.5,12,71,5,-50.4789,1,-83.8468,18,18,20,0,-999,-999,0
12.5,12,71,5,-50.4789,6,-91.7902,9,9,10,1,14.1595,9.63894,0
12.5,12,71,5,-50.4789,2,-96.1591,17,17,20,0,-999,-999,0
12.5,12,71,5,-50.4789,4,-114.002,20,20,20,0,-999,-999,0
12.5,13,50,1,-59.1936,3,-53.0047,17,17,20,0,-999,-999,3
12.5,13,50,1,-59.1936,5,-55.0759,10,10,10,1,14.3691,9.84847,3
12.5,13,50,1,-59.1936,7,-63.237,9,9,10,1,12.5189,7.99831,3
12.5,13,50,1,-59.1936,2,-76.5837,17,17,20,0,-999,-999,3
12.5,13,50,1,-59.1936,6,-93.1798,9,9,10,1,14.1595,9.63894,3
12.5,13,50,1,-59.1936,4,-101.023,20,20,20,0,-999,-999,3
12.5,14,72,5,-54.7764,1,-98.9031,18,18,20,0,-999,-999,0
12.5,14,72,5,-54.7764,3,-101.527,17,18,20,0,-999,-999,0
12.5,14,72,5,-54.7764,2,-105.35,17,17,20,0,-999,-999,0
12.5,14,72,5,-54.7764,7,-117.365,9,9,10,1,12.5189,7.99831,0
12.5,14,72,5,-54.7764,6,-118.71,9,9,10,1,14.1595,9.63894,0
12.5,14,72,5,-54.7764,4,-120.936,20,20,20,0,-999,-999,0
12.5,15,89,3,-51.2916,2,-78.3227,17,17,20,0,-999,-999,0
12.5,15,89,3,-51.2916,4,-79.3041,20,20,20,0,-999,-999,0
12.5,15,89,3,-51.2916,1,-84.9226,18,18,20,0,-999,-999,0
12.5,15,89,3,-51.2916,7,-88.0496,9,9,10,1,12.5189,7.99831,0
12.5,15,89,3,-51.2916,6,-91.4085,9,9,10,1,14.1595,9.63894,0
12.5,15,89,3,-51.2916,5,-99.2052,10,10,10,1,14.3691,9.84847,0
12.5,16,50,4,-66.5168,6,-50.9281,9,9,10,1,14.1595,9.63894,0
12.5,16,50,4,-66.5168,1,-90.5967,18,18,20,0,-999,-999,0
12.5,16,50,4,-66.5168,7,-96.2328,9,9,10,1,12.5189,7.99831,0
12.5,16,50,4,-66.5168,3,-97.2502,17,18,20,0,-999,-999,0
12.5,16,50,4,-66.5168,5,-102.408,10,10,10,1,14.3691,9.84847,0
12.5,16,50,4,-66.5168,2,-104.869,17,17,20,0,-999,-999,0
12.5,17,65,6,-81.3227,4,-45.7617,20,20,20,0,-999,-999,0
12.5,17,65,6,-81.3227,7,-64.3333,9,9,10,1,12.5189,7.99831,0
12.5,17,65,6,-81.3227,1,-68.9827,18,18,20,0,-999,-999,0
12.5,17,65,6,-81.3227,2,-92.6584,17,17,20,0,-999,-999,0
12.5,17,65,6,-81.3227,3,-94.1171,17,18,20,0,-999,-999,0
12.5,17,65,6,-81.3227,5,-104.244,10,10,10,1,14.3691,9.84847,0
12.5,18,90,3,-65.5131,5,-50.9312,10,10,10,1,14.3691,9.84847,0
12.5,18,90,3,-65.5131,6,-69.3057,9,9,10,1,14.1595,9.63894,0
12.5,18,90,3,-65.5131,1,-72.6769,18,18,20,0,-999,-999,0
12.5,18,90,3,-65.5131,2,-85.4662,17,17,20,0,-999,-999,0
12.5,18,90,3,-65.5131,7,-89.0898,9,9,10,1,12.5189,7.99831,0
12.5,18,90,3,-65.5131,4,-99.949,20,20,20,0,-999,-999,0
12.5,19,73,5,-93.8144,1,-80.1593,18,18,20,0,-999,-999,0
12.5,19,73,5,-93.8144,6,-84.544,9,9,10,1,14.1595,9.63894,0
12.5,19,73,5,-93.8144,4,-87.7166,20,20,20,0,-999,-999,0
12.5,19,73,5,-93.8144,2,-93.4693,17,17,20,0,-999,-999,0
12.5,19,73,5,-93.8144,3,-96.1125,17,18,20,0,-999,-999,0
12.5,19,73,5,-93.8144,7,-100.738,9,9,10,1,12.5189,7.99831,0
12.5,20,81,5,-42.5387,1,-70.0346,18,18,20,0,-999,-999,0
12.5,20,81,5,-42.5387,2,-84.7265,17,17,20,0,-999,-999,0
12.5,20,81,5,-42.5387,3,-86.3011,17,18,20,0,-999,-999,0
12.5,20,81,5,-42.5387,7,-96.7646,9,9,10,1,12.5189,7.99831,0
12.5,20,81,5,-42.5387,6,-101.396,9,9,10,1,14.1595,9.63894,0
12.5,20,81,5,-42.5387,4,-110.352,20,20,20,0,-999,-999,0
12.5,21,51,4,-34.8795,1,-74.9328,18,18,20,0,-999,-999,0
12.5,21,51,4,-34.8795,6,-84.0958,9,9,10,1,14.1595,9.63894,0
12.5,21,51,4,-34.8795,7,-94.669,9,9,10,1,12.5189,7.99831,0
12.5,21,51,4,-34.8795,2,-96.6162,17,17,20,0,-999,-999,0
12.5,21,51,4,-34.8795,5,-104.651,10,10,10,1,14.3691,9.84847,0
12.5,21,51,4,-34.8795,3,-109.213,17,18,20,0,-999,-999,0
12.5,22,52,4,-67.072,7,-68.8299,9,9,10,1,12.5189,7.99831,0
12.5,22,52,4,-67.072,5,-71.1039,10,10,10,1,14.3691,9.84847,0
12.5,22,52,4,-67.072,1,-81.5899,18,18,20,0,-999,-999,0
12.5,22,52,4,-67.072,2,-83.0746,17,17,20,0,-999,-999,0
12.5,22,52,4,-67.072,6,-88.9396,9,9,10,1,14.1595,9.63894,0
12.5,22,52,4,-67.072,3,-99.3598,17,18,20,0,-999,-999,0
12.5,23,22,7,-81.9123,1,-54.8358,18,18,20,0,-999,-999,0
12.5,23,22,7,-81.9123,4,-64.5708,20,20,20,0,-999,-999,0
12.5,23,22,7,-81.9123,6,-66.6871,9,9,10,1,14.1595,9.63894,0
12.5,23,22,7,-81.9123,2,-66.889,17,17,20,0,-999,-999,0
12.5,23,22,7,-81.9123,3,-78.5198,17,18,20,0,-999,-999,0
12.5,23,22,7,-81.9123,5,-92.6896,10,10,10,1,14.3691,9.84847,0
12.5,24,82,5,-77.5465,2,-59.3029,17,17,20,0,-999,-999,0
12.5,24,82,5,-77.5465,1,-65.5106,18,18,20,0,-999,-999,0
12.5,24,82,5,-77.5465,3,-85.3897,17,18,20,0,-999,-999,0
12.5,24,82,5,-77.5465,6,-91.3419,9,9,10,1,14.1595,9.63894,0
12.5,24,82,5,-77.5465,7,-99.8696,9,9,10,1,12.5189,7.99831,0
12.5,24,82,5,-77.5465,4,-109.769,20,20,20,0,-999,-999,0
12.5,25,66,6,-82.2612,7,-55.1862,9,9,10,1,12.5189,7.99831,0
12.5,25,66,6,-82.2612,2,-66.3274,17,17,20,0,-999,-999,0
12.5,25,66,6,-82.2612,1,-71.118,18,18,20,0,-999,-999,0
12.5,25,66,6,-82.2612,4,-89.3972,20,20,20,0,-999,-999,0
12.5,25,66,6,-82.2612,3,-95.2577,17,18,20,0,-999,-999,0
12.5,25,66,6,-82.2612,5,-112.054,10,10,10,1,14.3691,9.84847,0
12.5,26,91,3,-76.0222,4,-69.7396,20,20,20,0,-999,-999,0
12.5,26,91,3,-76.0222,2,-82.9223,17,17,20,0,-999,-999,0
12.5,26,91,3,-76.0222,1,-86.5232,18,18,20,0,-999,-999,0
12.5,26,91,3,-76.0222,6,-92.1074,9,9,10,1,14.1595,9.63894,0
12.5,26,91,3,-76.0222,5,-99.4748,10,10,10,1,14.3691,9.84847,0
12.5,26,91,3,-76.0222,7,-112.639,9,9,10,1,12.5189,7.99831,0
12.5,27,67,6,-63.3727,3,-61.2122,17,18,20,0,-999,-999,0
12.5,27,67,6,-63.3727,7,-65.0195,9,9,10,1,12.5189,7.99831,0
12.5,27,67,6,-63.3727,4,-86.921,20,20,20,0,-999,-999,0
12.5,27,67,6,-63.3727,2,-95.7016,17,17,20,0,-999,-999,0
12.5,27,67,6,-63.3727,1,-96.3683,18,18,20,0,-999,-999,0
12.5,27,67,6,-63.3727,5,-111.287,10,10,10,1,14.3691,9.84847,0
12.5,28,83,5,-82.4314,6,-59.6053,9,9,10,1,14.1595,9.63894,0
12.5,28,83,5,-82.4314,3,-72.0492,17,18,20,0,-999,-999,0
12.5,28,83,5,-82.4314,1,-86.2638,18,18,20,0,-999,-999,0
12.5,28,83,5,-82.4314,4,-90.8034,20,20,20,0,-999,-999,0
12.5,28,83,5,-82.4314,2,-94.8941,17,17,20,0,-999,-999,0
12.5,28,83,5,-82.4314,7,-96.7146,9,9,10,1,12.5189,7.99831,0
12.5,29,51,1,-49.7248,7,-63.2642,9,9,10,1,12.5189,7.99831,0
12.5,29,51,1,-49.7248,2,-67.6063,17,17,20,0,-999,-999,0
12.5,29,51,1,-49.7248,5,-88.307,10,10,10,1,14.3691,9.84847,0
12.5,29,51,1,-49.7248,3,-89.994,17,18,20,0,-999,-999,0
12.5,29,51,1,-49.7248,6,-94.0343,9,9,10,1,14.1595,9.63894,0
12.5,29,51,1,-49.7248,4,-104.481,20,20,20,0,-999,-999,0
12.5,30,84,5,-77.2304,3,-66.1996,17,18,20,0,-999,-999,0
12.5,30,84,5,-77.2304,2,-66.6022,17,17,20,0,-999,-999,0
12.5,30,84,5,-77.2304,1,-88.2704,18,18,20,0,-999,-999,0
12.5,30,84,5,-77.2304,6,-97.2228,9,9,10,1,14.1595,9.63894,0
12.5,30,84,5,-77.2304,7,-102.815,9,9,10,1,12.5189,7.99831,0
12.5,30,84,5,-77.2304,4,-112.735,20,20,20,0,-999,-999,0
12.5,31,85,5,-81.9193,6,-65.0257,9,9,10,1,14.1595,9.63894,0
12.5,31,85,5,-81.9193,2,-81.5895,17,17,20,0,-999,-999,0
12.5,31,85,5,-81.9193,1,-92.2925,18,18,20,0,-999,-999,0
12.5,31,85,5,-81.9193,3,-95.5629,17,18,20,0,-999,-999,0
12.5,31,85,5,-81.9193,7,-99.5359,9,9,10,1,12.5189,7.99831,0
12.5,31,85,5,-81.9193,4,-123.49,20,20,20,0,-999,-999,0
12.5,32,53,4,-44.0565,6,-77.1791,9,9,10,1,14.1595,9.63894,0
12.5,32,53,4,-44.0565,1,-89.8605,18,18,20,0,-999,-999,0
12.5,32,53,4,-44.0565,5,-89.9665,10,10,10,1,14.3691,9.84847,0
12.5,32,53,4,-44.0565,2,-97.9808,17,17,20,0,-999,-999,0
12.5,32,53,4,-44.0565,7,-100.947,9,9,10,1,12.5189,7.99831,0
12.5,32,53,4,-44.0565,3,-103.278,17,18,20,0,-999,-999,0
12.5,33,23,7,-47.3239,1,-51.1236,18,18,20,0,-999,-999,0
12.5,33,23,7,-47.3239,5,-59.2061,10,10,10,1,14.3691,9.84847,0
12.5,33,23,7,-47.3239,3,-60.0947,17,18,20,0,-999,-999,0
12.5,33,23,7,-47.3239,2,-64.2039,17,17,20,0,-999,-999,0
12.5,33,23,7,-47.3239,6,-70.7525,9,9,10,1,14.1595,9.63894,0
12.5,33,23,7,-47.3239,4,-98.3715,20,20,20,0,-999,-999,0
12.5,34,90,2,-66.4289,6,-75.6774,9,9,10,1,14.1595,9.63894,0
12.5,34,90,2,-66.4289,4,-79.3039,20,20,20,0,-999,-999,0
12.5,34,90,2,-66.4289,7,-80.5392,9,9,10,1,12.5189,7.99831,0
12.5,34,90,2,-66.4289,1,-91.979,18,18,20,0,-999,-999,0
12.5,34,90,2,-66.4289,3,-97.0377,17,18,20,0,-999,-999,0
12.5,34,90,2,-66.4289,5,-104.009,10,10,10,1,14.3691,9.84847,0
12.5,35,86,5,-40.306,1,-63.7475,18,18,20,0,-999,-999,0
12.5,35,86,5,-40.306,7,-75.1727,9,9,10,1,12.5189,7.99831,0
12.5,35,86,5,-40.306,3,-86.9808,17,18,20,0,-999,-999,0
12.5,35,86,5,-40.306,2,-93.8454,17,17,20,0,-999,-999,0
12.5,35,86,5,-40.306,6,-101.32,9,9,10,1,14.1595,9.63894,0
12.5,35,86,5,-40.306,4,-111.029,20,20,20,0,-999,-999,0
12.5,36,54,4,-53.244,6,-83.5745,9,9,10,1,14.1595,9.63894,0
12.5,36,54,4,-53.244,1,-93.7315,18,18,20,0,-999,-999,0
12.5,36,54,4,-53.244,2,-94.8332,17,17,20,0,-999,-999,0
12.5,36,54,4,-53.244,7,-100.213,9,9,10,1,12.5189,7.99831,0
12.5,36,54,4,-53.244,5,-101.274,10,10,10,1,14.3691,9.84847,0
12.5,36,54,4,-53.244,3,-101.889,17,18,20,0,-999,-999,0
12.5,37,52,1,-93.1264,3,-53.7987,17,18,20,0,-999,-999,0
12.5,37,52,1,-93.1264,5,-64.1111,10,10,10,1,14.3691,9.84847,0
12.5,37,52,1,-93.1264,7,-73.1258,9,9,10,1,12.5189,7.99831,0
12.5,37,52,1,-93.1264,4,-80.9371,20,20,20,0,-999,-999,0
12.5,37,52,1,-93.1264,2,-82.8567,17,17,20,0,-999,-999,0
12.5,37,52,1,-93.1264,6,-90.7004,9,9,10,1,14.1595,9.63894,0
12.5,38,87,5,-75.7375,2,-71.8177,17,17,20,0,-999,-999,0
12.5,38,87,5,-75.7375,3,-85.1208,17,18,20,0,-999,-999,0
12.5,38,87,5,-75.7375,4,-87.654,20,20,20,0,-999,-999,0
12.5,38,87,5,-75.7375,1,-90.262,18,18,20,0,-999,-999,0
12.5,38,87,5,-75.7375,7,-96.0126,9,9,10,1,12.5189,7.99831,0
12.5,38,87,5,-75.7375,6,-107.443,9,9,10,1,14.1595,9.63894,0
12.5,39,53,1,-75.503,2,-57.6874,17,17,20,0,-999,-999,0
12.5,39,53,1,-75.503,5,-66.7929,10,10,10,1,14.3691,9.84847,0
12.5,39,53,1,-75.503,3,-81.4003,17,18,20,0,-999,-999,0
12.5,39,53,1,-75.503,7,-83.2457,9,9,10,1,12.5189,7.99831,0
12.5,39,53,1,-75.503,6,-96.5147,9,9,10,1,14.1595,9.63894,0
12.5,39,53,1,-75.503,4,-100.493,20,20,20,0,-999,-999,0
12.5,40,55,4,-66.2321,6,-48.8077,9,9,10,1,14.1595,9.63894,0
12.5,40,55,4,-66.2321,1,-67.7549,18,18,20,0,-999,-999,0
12.5,40,55,4,-66.2321,2,-88.3224,17,17,20,0,-999,-999,0
12.5,40,55,4,-66.2321,5,-95.1772,10,10,10,1,14.3691,9.84847,0
12.5,40,55,4,-66.2321,7,-98.478,9,9,10,1,12.5189,7.99831,0
12.5,40,55,4,-66.2321,3,-101.347,17,18,20,0,-999,-999,0
12.5,41,24,2,-36.7963,1,-82.8085,18,18,20,0,-999,-999,0
12.5,41,24,2,-36.7963,7,-85.7538,9,9,10,1,12.5189,7.99831,0
12.5,41,24,2,-36.7963,3,-87.5973,17,18,20,0,-999,-999,0
12.5,41,24,2,-36.7963,4,-88.9218,20,20,20,0,-999,-999,0
12.5,41,24,2,-36.7963,5,-96.2883,10,10,10,1,14.3691,9.84847,0
12.5,41,24,2,-36.7963,6,-98.2251,9,9,10,1,14.1595,9.63894,0
12.5,42,74,6,-50.2649,4,-59.1204,20,20,20,0,-999,-999,0
12.5,42,74,6,-50.2649,2,-59.6735,17,17,20,0,-999,-999,0
12.5,42,74,6,-50.2649,7,-84.1446,9,9,10,1,12.5189,7.99831,0
12.5,42,74,6,-50.2649,1,-84.3369,18,18,20,0,-999,-999,0
12.5,42,74,6,-50.2649,3,-86.878,17,18,20,0,-999,-999,0
12.5,42,74,6,-50.2649,5,-99.2979,10,10,10,1,14.3691,9.84847,0
12.5,43,92,3,-30.3491,7,-73.7549,9,9,10,1,12.5189,7.99831,0
12.5,43,92,3,-30.3491,1,-74.4507,18,18,20,0,-999,-999,0
12.5,43,92,3,-30.3491,2,-76.0599,17,17,20,0,-999,-999,0
12.5,43,92,3,-30.3491,4,-90.413,20,20,20,0,-999,-999,0
12.5,43,92,3,-30.3491,5,-91.2793,10,10,10,1,14.3691,9.84847,0
12.5,43,92,3,-30.3491,6,-94.0428,9,9,10,1,14.1595,9.63894,0
12.5,44,93,3,-95.9375,5,-85.8272,10,10,10,1,14.3691,9.84847,0
12.5,44,93,3,-95.9375,1,-87.9485,18,18,20,0,-999,-999,0
12.5,44,93,3,-95.9375,4,-97.4914,20,20,20,0,-999,-999,0
12.5,44,93,3,-95.9375,7,-99.1194,9,9,10,1,12.5189,7.99831,0
12.5,44,93,3,-95.9375,6,-101.389,9,9,10,1,14.1595,9.63894,0
12.5,44,93,3,-95.9375,2,-102.974,17,17,20,0,-999,-999,0
12.5,45,54,1,-61.151,2,-79.1348,17,17,20,0,-999,-999,0
12.5,45,54,1,-61.151,5,-83.1256,10,10,10,1,14.3691,9.84847,0
12.5,45,54,1,-61.151,3,-83.292,17,18,20,0,-999,-999,0
12.5,45,54,1,-61.151,7,-88.3358,9,9,10,1,12.5189,7.99831,0
12.5,45,54,1,-61.151,6,-99.473,9,9,10,1,14.1595,9.63894,0
12.5,45,54,1,-61.151,4,-108,20,20,20,0,-999,-999,0
12.5,46,75,6,-45.0414,4,-53.9242,20,20,20,0,-999,-999,0
12.5,46,75,6,-45.0414,7,-65.753,9,9,10,1,12.5189,7.99831,0
12.5,46,75,6,-45.0414,5,-93.3609,10,10,10,1,14.3691,9.84847,0
12.5,46,75,6,-45.0414,2,-100.589,17,17,20,0,-999,-999,0
12.5,46,75,6,-45.0414,1,-104.318,18,18,20,0,-999,-999,0
12.5,46,75,6,-45.0414,3,-105.227,17,18,20,0,-999,-999,0
12.5,47,94,3,-80.3081,1,-35.6053,18,18,20,0,-999,-999,0
12.5,47,94,3,-80.3081,2,-50.4967,17,17,20,0,-999,-999,0
12.5,47,94,3,-80.3081,7,-75.7935,9,9,10,1,12.5189,7.99831,0
12.5,47,94,3,-80.3081,4,-79.3847,20,20,20,0,-999,-999,0
12.5,47,94,3,-80.3081,5,-92.7519,10,10,10,1,14.3691,9.84847,0
12.5,47,94,3,-80.3081,6,-96.7892,9,9,10,1,14.1595,9.63894,0
12.5,48,76,6,-35.5643,7,-67.5857,9,9,10,1,12.5189,7.99831,0
12.5,48,76,6,-35.5643,5,-68.6332,10,10,10,1,14.3691,9.84847,0
12.5,48,76,6,-35.5643,4,-79.9653,20,20,20,0,-999,-999,0
12.5,48,76,6,-35.5643,2,-98.6742,17,17,20,0,-999,-999,0
12.5,48,76,6,-35.5643,1,-110.007,18,18,20,0,-999,-999,0
12.5,48,76,6,-35.5643,3,-112.019,17,18,20,0,-999,-999,0
12.5,49,57,4,-57.128,5,-57.3169,10,10,10,1,14.3691,9.84847,0
12.5,49,57,4,-57.128,6,-77.9456,9,9,10,1,14.1595,9.63894,0
12.5,49,57,4,-57.128,1,-91.6022,18,18,20,0,-999,-999,0
12.5,49,57,4,-57.128,2,-95.9233,17,17,20,0,-999,-999,0
12.5,49,57,4,-57.128,7,-97.7285,9,9,10,1,12.5189,7.99831,0
12.5,49,57,4,-57.128,3,-105.432,17,18,20,0,-999,-999,0
12.5,50,95,3,-67.244,5,-69.7203,10,10,10,1,14.3691,9.84847,0
12.5,50,95,3,-67.244,4,-75.9557,20,20,20,0,-999,-999,0
12.5,50,95,3,-67.244,1,-89.5106,18,18,20,0,-999,-999,0
12.5,50,95,3,-67.244,6,-98.0997,9,9,10,1,14.1595,9.63894,0
12.5,50,95,3,-67.244,2,-98.5742,17,17,20,0,-999,-999,0
12.5,50,95,3,-67.244,7,-99.11,9,9,10,1,12.5189,7.99831,0
12.5,51,96,3,-57.7328,6,-59.8355,9,9,10,1,14.1595,9.63894,0
12.5,51,96,3,-57.7328,2,-65.5206,17,17,20,0,-999,-999,0
12.5,51,96,3,-57.7328,7,-67.1124,9,9,10,1,12.5189,7.99831,0
12.5,51,96,3,-57.7328,4,-71.6304,20,20,20,0,-999,-999,0
12.5,51,96,3,-57.7328,5,-91.0523,10,10,10,1,14.3691,9.84847,0
12.5,51,96,3,-57.7328,1,-95.2415,18,18,20,0,-999,-999,0
12.5,52,55,1,-72.4713,5,-54.0495,10,10,10,1,14.3691,9.84847,0
12.5,52,55,1,-72.4713,3,-85.7126,17,18,20,0,-999,-999,0
12.5,52,55,1,-72.4713,2,-89.4914,17,17,20,0,-999,-999,0
12.5,52,55,1,-72.4713,7,-90.0571,9,9,10,1,12.5189,7.99831,0
12.5,52,55,1,-72.4713,6,-100.269,9,9,10,1,14.1595,9.63894,0
12.5,52,55,1,-72.4713,4,-109.18,20,20,20,0,-999,-999,0
12.5,53,97,3,-88.4122,7,-84.5388,9,9,10,1,12.5189,7.99831,0
12.5,53,97,3,-88.4122,5,-98.1882,10,10,10,1,14.3691,9.84847,0
12.5,53,97,3,-88.4122,6,-99.1272,9,9,10,1,14.1595,9.63894,0
12.5,53,97,3,-88.4122,2,-100.615,17,17,20,0,-999,-999,0
12.5,53,97,3,-88.4122,4,-101.288,20,20,20,0,-999,-999,0
12.5,53,97,3,-88.4122,1,-109.452,18,18,20,0,-999,-999,0
12.5,54,24,7,-75.3937,6,-63.2593,9,9,10,1,14.1595,9.63894,0
12.5,54,24,7,-75.3937,5,-70.2797,10,10,10,1,14.3691,9.84847,0
12.5,54,24,7,-75.3937,2,-78.9572,17,17,20,0,-999,-999,0
12.5,54,24,7,-75.3937,1,-82.2834,18,18,20,0,-999,-999,0
12.5,54,24,7,-75.3937,3,-93.9936,17,18,20,0,-999,-999,0
12.5,54,24,7,-75.3937,4,-98.4411,20,20,20,0,-999,-999,0
12.5,55,77,6,-78.1481,4,-87.5141,20,20,20,0,-999,-999,0
12.5,55,77,6,-78.1481,5,-92.8737,10,10,10,1,14.3691,9.84847,0
12.5,55,77,6,-78.1481,2,-93.8856,17,17,20,0,-999,-999,0
12.5,55,77,6,-78.1481,1,-98.1581,18,18,20,0,-999,-999,0
12.5,55,77,6,-78.1481,3,-101.968,17,18,20,0,-999,-999,0
12.5,55,77,6,-78.1481,7,-102.219,9,9,10,1,12.5189,7.99831,0
12.5,56,57,1,-61.5946,4,-65.0044,20,20,20,0,-999,-999,0
12.5,56,57,1,-61.5946,7,-70.7143,9,9,10,1,12.5189,7.99831,0
12.5,56,57,1,-61.5946,2,-73.5238,17,17,20,0,-999,-999,0
12.5,56,57,1,-61.5946,3,-84.9859,17,18,20,0,-999,-999,0
12.5,56,57,1,-61.5946,5,-85.4773,10,10,10,1,14.3691,9.84847,0
12.5,56,57,1,-61.5946,6,-93.0308,9,9,10,1,14.1595,9.63894,0
12.5,57,89,2,-93.665,5,-61.5991,10,10,10,1,14.3691,9.84847,0
12.5,57,89,2,-93.665,7,-65.263,9,9,10,1,12.5189,7.99831,0
12.5,57,89,2,-93.665,1,-82.3542,18,18,20,0,-999,-999,0
12.5,57,89,2,-93.665,3,-94.5747,17,18,20,0,-999,-999,0
12.5,57,89,2,-93.665,4,-111.222,20,20,20,0,-999,-999,0
12.5,57,89,2,-93.665,6,-117.853,9,9,10,1,14.1595,9.63894,0
12.5,58,136,1,-85.0531,7,-54.5152,9,9,10,1,12.5189,7.99831,0
12.5,58,136,1,-85.0531,3,-59.3869,17,18,20,0,-999,-999,0
12.5,58,136,1,-85.0531,4,-73.824,20,20,20,0,-999,-999,0
12.5,58,136,1,-85.0531,5,-79.2552,10,10,10,1,14.3691,9.84847,0
12.5,58,136,1,-85.0531,2,-89.9675,17,17,20,0,-999,-999,0
12.5,58,136,1,-85.0531,6,-113.66,9,9,10,1,14.1595,9.63894,0
12.5,59,153,3,-82.3954,5,-83.304,10,10,10,1,14.3691,9.84847,0
12.5,59,153,3,-82.3954,4,-87.1556,20,20,20,0,-999,-999,0
12.5,59,153,3,-82.3954,1,-89.6268,18,18,20,0,-999,-999,0
12.5,59,153,3,-82.3954,7,-91.357,9,9,10,1,12.5189,7.99831,0
12.5,59,153,3,-82.3954,2,-94.2947,17,17,20,0,-999,-999,0
12.5,59,153,3,-82.3954,6,-101.541,9,9,10,1,14.1595,9.63894,0
12.5,60,154,3,-82.5171,7,-62.619,9,9,10,1,12.5189,7.99831,0
12.5,60,154,3,-82.5171,6,-79.4588,9,9,10,1,14.1595,9.63894,0
12.5,60,154,3,-82.5171,2,-86.9226,17,17,20,0,-999,-999,0
12.5,60,154,3,-82.5171,5,-88.8979,10,10,10,1,14.3691,9.84847,0
12.5,60,154,3,-82.5171,1,-89.5995,18,18,20,0,-999,-999,0
12.5,60,154,3,-82.5171,4,-117.124,20,20,20,0,-999,-999,0
12.5,61,85,6,-37.0892,3,-80.6746,17,18,20,0,-999,-999,0
12.5,61,85,6,-37.0892,4,-82.215,20,20,20,0,-999,-999,0
12.5,61,85,6,-37.0892,2,-91.1879,17,17,20,0,-999,-999,0
12.5,61,85,6,-37.0892,7,-103.718,9,9,10,1,12.5189,7.99831,0
12.5,61,85,6,-37.0892,5,-106.392,10,10,10,1,14.3691,9.84847,0
12.5,61,85,6,-37.0892,1,-111.263,18,18,20,0,-999,-999,0
12.5,62,137,1,-80.1972,3,-57.7829,17,18,20,0,-999,-999,0
12.5,62,137,1,-80.1972,7,-63.8342,9,9,10,1,12.5189,7.99831,0
12.5,62,137,1,-80.1972,6,-77.1691,9,9,10,1,14.1595,9.63894,0
12.5,62,137,1,-80.1972,4,-84.4001,20,20,20,0,-999,-999,0
12.5,62,137,1,-80.1972,2,-88.2524,17,17,20,0,-999,-999,0
12.5,62,137,1,-80.1972,5,-92.6548,10,10,10,1,14.3691,9.84847,0
12.5,63,155,3,-63.109,1,-55.7319,18,18,20,0,-999,-999,0
12.5,63,155,3,-63.109,5,-64.0538,10,10,10,1,14.3691,9.84847,0
12.5,63,155,3,-63.109,7,-69.6172,9,9,10,1,12.5189,7.99831,0
12.5,63,155,3,-63.109,2,-73.5785,17,17,20,0,-999,-999,0
12.5,63,155,3,-63.109,4,-76.357,20,20,20,0,-999,-999,0
12.5,63,155,3,-63.109,6,-95.8109,9,9,10,1,14.1595,9.63894,0
12.5,64,138,4,-77.5227,7,-65.3599,9,9,10,1,12.5189,7.99831,0
12.5,64,138,4,-77.5227,2,-82.7294,17,17,20,0,-999,-999,0
12.5,64,138,4,-77.5227,6,-83.243,9,9,10,1,14.1595,9.63894,0
12.5,64,138,4,-77.5227,5,-94.5387,10,10,10,1,14.3691,9.84847,0
12.5,64,138,4,-77.5227,3,-101.71,17,18,20,0,-999,-999,0
12.5,64,138,4,-77.5227,1,-101.898,18,18,20,0,-999,-999,0
12.5,65,138,1,-86.4253,3,-63.3699,17,18,20,0,-999,-999,3
12.5,65,138,1,-86.4253,2,-76.5649,17,17,20,0,-999,-999,3
12.5,65,138,1,-86.4253,5,-82.9177,10,10,10,1,14.3691,9.84847,3
12.5,65,138,1,-86.4253,7,-89.0585,9,9,10,1,12.5189,7.99831,3
12.5,65,138,1,-86.4253,4,-92.892,20,20,20,0,-999,-999,3
12.5,65,138,1,-86.4253,6,-96.2474,9,9,10,1,14.1595,9.63894,3
12.5,66,156,3,-83.5462,1,-60.9441,18,18,20,0,-999,-999,0
12.5,66,156,3,-83.5462,2,-62.6857,17,17,20,0,-999,-999,0
12.5,66,156,3,-83.5462,7,-65.1082,9,9,10,1,12.5189,7.99831,0
12.5,66,156,3,-83.5462,5,-75.6533,10,10,10,1,14.3691,9.84847,0
12.5,66,156,3,-83.5462,4,-95.5528,20,20,20,0,-999,-999,0
12.5,66,156,3,-83.5462,6,-102.332,9,9,10,1,14.1595,9.63894,0
12.5,67,157,3,-85.3611,6,-75.1275,9,9,10,1,14.1595,9.63894,0
12.5,67,157,3,-85.3611,2,-87.899,17,17,20,0,-999,-999,0
12.5,67,157,3,-85.3611,7,-89.8335,9,9,10,1,12.5189,7.99831,0
12.5,67,157,3,-85.3611,5,-96.4939,10,10,10,1,14.3691,9.84847,0
12.5,67,157,3,-85.3611,4,-101.72,20,20,20,0,-999,-999,0
12.5,67,157,3,-85.3611,1,-102.553,18,18,20,0,-999,-999,0
12.5,68,158,3,-61.0348,4,-66.4144,20,20,20,0,-999,-999,0
12.5,68,158,3,-61.0348,2,-81.0731,17,17,20,0,-999,-999,0
12.5,68,158,3,-61.0348,5,-87.8783,10,10,10,1,14.3691,9.84847,0
12.5,68,158,3,-61.0348,1,-88.9947,18,18,20,0,-999,-999,0
12.5,68,158,3,-61.0348,6,-100.884,9,9,10,1,14.1595,9.63894,0
12.5,68,158,3,-61.0348,7,-101.695,9,9,10,1,12.5189,7.99831,0
12.5,69,139,4,-45.8398,6,-79.5043,9,9,10,1,14.1595,9.63894,0
12.5,69,139,4,-45.8398,2,-86.8063,17,17,20,0,-999,-999,0
12.5,69,139,4,-45.8398,3,-88.4483,17,19,20,0,-999,-999,0
12.5,69,139,4,-45.8398,7,-100.482,9,9,10,1,12.5189,7.99831,0
12.5,69,139,4,-45.8398,5,-101.432,10,10,10,1,14.3691,9.84847,0
12.5,69,139,4,-45.8398,1,-102.166,18,18,20,0,-999,-999,0
12.5,70,140,4,-55.9302,6,-84.5727,9,9,10,1,14.1595,9.63894,0
12.5,70,140,4,-55.9302,7,-87.6001,9,9,10,1,12.5189,7.99831,0
12.5,70,140,4,-55.9302,2,-88.9807,17,17,20,0,-999,-999,0
12.5,70,140,4,-55.9302,1,-98.2109,18,18,20,0,-999,-999,0
12.5,70,140,4,-55.9302,5,-106.133,10,10,10,1,14.3691,9.84847,0
12.5,70,140,4,-55.9302,3,-107.099,17,19,20,0,-999,-999,0
12.5,71,67,7,-55.1242,3,-65.866,17,19,20,0,-999,-999,0
12.5,71,67,7,-55.1242,4,-80.965,20,20,20,0,-999,-999,0
12.5,71,67,7,-55.1242,2,-89.1512,17,17,20,0,-999,-999,0
12.5,71,67,7,-55.1242,6,-91.6378,9,9,10,1,14.1595,9.63894,0
12.5,71,67,7,-55.1242,1,-94.8566,18,18,20,0,-999,-999,0
12.5,71,67,7,-55.1242,5,-95.3259,10,10,10,1,14.3691,9.84847,0
12.5,72,91,2,-65.7411,1,-62.8113,18,18,20,0,-999,-999,0
12.5,72,91,2,-65.7411,5,-82.3171,10,10,10,1,14.3691,9.84847,0
12.5,72,91,2,-65.7411,3,-93.7912,17,19,20,0,-999,-999,0
12.5,72,91,2,-65.7411,7,-96.2717,9,9,10,1,12.5189,7.99831,0
12.5,72,91,2,-65.7411,4,-111.104,20,20,20,0,-999,-999,0
12.5,72,91,2,-65.7411,6,-114.006,9,9,10,1,14.1595,9.63894,0
12.5,73,141,4,-66.9142,1,-77.5942,18,18,20,0,-999,-999,0
12.5,73,141,4,-66.9142,6,-85.0983,9,9,10,1,14.1595,9.63894,0
12.5,73,141,4,-66.9142,2,-93.5843,17,17,20,0,-999,-999,0
12.5,73,141,4,-66.9142,3,-98.4133,17,19,20,0,-999,-999,0
12.5,73,141,4,-66.9142,5,-98.6283,10,10,10,1,14.3691,9.84847,0
12.5,73,141,4,-66.9142,7,-100.104,9,9,10,1,12.5189,7.99831,0
12.5,74,93,2,-63.1115,7,-65.2719,9,9,10,1,12.5189,7.99831,0
12.5,74,93,2,-63.1115,3,-81.2195,17,19,20,0,-999,-999,0
12.5,74,93,2,-63.1115,5,-83.0271,10,10,10,1,14.3691,9.84847,0
12.5,74,93,2,-63.1115,1,-89.1947,18,18,20,0,-999,-999,0
12.5,74,93,2,-63.1115,6,-101.765,9,9,10,1,14.1595,9.63894,0
12.5,74,93,2,-63.1115,4,-111.897,20,20,20,0,-999,-999,0
12.5,75,161,3,-72.4078,2,-65.901,17,17,20,0,-999,-999,0
12.5,75,161,3,-72.4078,5,-88.2905,10,10,10,1,14.3691,9.84847,0
12.5,75,161,3,-72.4078,7,-89.4008,9,9,10,1,12.5189,7.99831,0
12.5,75,161,3,-72.4078,1,-93.6685,18,18,20,0,-999,-999,0
12.5,75,161,3,-72.4078,6,-94.6112,9,9,10,1,14.1595,9.63894,0
12.5,75,161,3,-72.4078,4,-102.241,20,20,20,0,-999,-999,0
12.5,76,92,2,-74.2653,7,-50.5295,9,9,10,1,12.5189,7.99831,0
12.5,76,92,2,-74.2653,1,-83.2284,18,18,20,0,-999,-999,0
12.5,76,92,2,-74.2653,3,-89.2767,17,19,20,0,-999,-999,0
12.5,76,92,2,-74.2653,4,-93.0765,20,20,20,0,-999,-999,0
12.5,76,92,2,-74.2653,5,-93.9911,10,10,10,1,14.3691,9.84847,0
12.5,76,92,2,-74.2653,6,-101.943,9,9,10,1,14.1595,9.63894,0
12.5,77,142,4,-75.002,6,-56.044,9,9,10,1,14.1595,9.63894,0
12.5,77,142,4,-75.002,1,-82.7531,18,18,20,0,-999,-999,0
12.5,77,142,4,-75.002,2,-86.4803,17,17,20,0,-999,-999,0
12.5,77,142,4,-75.002,7,-100.16,9,9,10,1,12.5189,7.99831,0
12.5,77,142,4,-75.002,3,-103.456,17,19,20,0,-999,-999,0
12.5,77,142,4,-75.002,5,-103.771,10,10,10,1,14.3691,9.84847,0
12.5,78,140,1,-49.4349,2,-70.5348,17,17,20,0,-999,-999,0
12.5,78,140,1,-49.4349,3,-76.307,17,19,20,0,-999,-999,0
12.5,78,140,1,-49.4349,5,-82.2975,10,10,10,1,14.3691,9.84847,0
12.5,78,140,1,-49.4349,7,-90.5359,9,9,10,1,12.5189,7.99831,0
12.5,78,140,1,-49.4349,6,-92.0118,9,9,10,1,14.1595,9.63894,0
12.5,78,140,1,-49.4349,4,-97.2221,20,20,20,0,-999,-999,0
12.5,79,143,4,-64.7259,7,-57.8121,9,9,10,1,12.5189,7.99831,0
12.5,79,143,4,-64.7259,6,-73.4194,9,9,10,1,14.1595,9.63894,0
12.5,79,143,4,-64.7259,3,-88.413,17,19,20,0,-999,-999,0
12.5,79,143,4,-64.7259,2,-88.9473,17,17,20,0,-999,-999,0
12.5,79,143,4,-64.7259,5,-90.5174,10,10,10,1,14.3691,9.84847,0
12.5,79,143,4,-64.7259,1,-101.608,18,18,20,0,-999,-999,0
12.5,80,73,2,-82.5111,4,-65.2413,20,20,20,0,-999,-999,0
12.5,80,73,2,-82.5111,6,-68.0788,9,9,10,1,14.1595,9.63894,0
12.5,80,73,2,-82.5111,1,-70.8394,18,18,20,0,-999,-999,0
12.5,80,73,2,-82.5111,7,-75.5302,9,9,10,1,12.5189,7.99831,0
12.5,80,73,2,-82.5111,3,-86.3458,17,19,20,0,-999,-999,0
12.5,80,73,2,-82.5111,5,-100.068,10,10,10,1,14.3691,9.84847,0
12.5,81,141,1,-93.0203,5,-65.9345,10,10,10,1,14.3691,9.84847,0
12.5,81,141,1,-93.0203,2,-74.4881,17,17,20,0,-999,-999,0
12.5,81,141,1,-93.0203,3,-85.6177,17,19,20,0,-999,-999,0
12.5,81,141,1,-93.0203,6,-91.2429,9,9,10,1,14.1595,9.63894,0
12.5,81,141,1,-93.0203,7,-99.6764,9,9,10,1,12.5189,7.99831,0
12.5,81,141,1,-93.0203,4,-100.617,20,20,20,0,-999,-999,0
12.5,82,144,4,-50.4742,6,-51.722,9,9,10,1,14.1595,9.63894,0
12.5,82,144,4,-50.4742,5,-79.4175,10,10,10,1,14.3691,9.84847,0
12.5,82,144,4,-50.4742,7,-88.745,9,9,10,1,12.5189,7.99831,0
12.5,82,144,4,-50.4742,1,-92.5316,18,18,20,0,-999,-999,0
12.5,82,144,4,-50.4742,2,-93.638,17,17,20,0,-999,-999,0
12.5,82,144,4,-50.4742,3,-95.4099,17,19,20,0,-999,-999,0
12.5,83,74,2,-77.6177,3,-61.8544,17,19,20,0,-999,-999,3
12.5,83,74,2,-77.6177,7,-64.576,9,9,10,1,12.5189,7.99831,3
12.5,83,74,2,-77.6177,5,-72.3047,10,10,10,1,14.3691,9.84847,3
12.5,83,74,2,-77.6177,1,-92.8953,18,18,20,0,-999,-999,3
12.5,83,74,2,-77.6177,4,-108.072,20,20,20,0,-999,-999,3
12.5,83,74,2,-77.6177,6,-116.958,9,9,10,1,14.1595,9.63894,3
12.5,84,142,1,-68.3905,5,-66.4121,10,10,10,1,14.3691,9.84847,0
12.5,84,142,1,-68.3905,2,-66.5429,17,17,20,0,-999,-999,0
12.5,84,142,1,-68.3905,3,-67.2333,17,20,20,0,-999,-999,0
12.5,84,142,1,-68.3905,7,-85.8194,9,9,10,1,12.5189,7.99831,0
12.5,84,142,1,-68.3905,4,-94.8135,20,20,20,0,-999,-999,0
12.5,84,142,1,-68.3905,6,-94.9015,9,9,10,1,14.1595,9.63894,0
12.5,85,145,4,-81.9272,6,-48.3977,9,9,10,1,14.1595,9.63894,0
12.5,85,145,4,-81.9272,5,-74.6038,10,10,10,1,14.3691,9.84847,0
12.5,85,145,4,-81.9272,2,-86.9357,17,17,20,0,-999,-999,0
12.5,85,145,4,-81.9272,7,-88.7701,9,9,10,1,12.5189,7.99831,0
12.5,85,145,4,-81.9272,3,-95.2472,17,20,20,0,-999,-999,0
12.5,85,145,4,-81.9272,1,-95.7343,18,18,20,0,-999,-999,0
12.5,86,146,4,-89.2888,2,-59.4713,17,17,20,0,-999,-999,2
12.5,86,146,4,-89.2888,6,-60.497,9,9,10,1,14.1595,9.63894,2
12.5,86,146,4,-89.2888,5,-73.7433,10,10,10,1,14.3691,9.84847,2
12.5,86,146,4,-89.2888,1,-80.3723,18,18,20,0,-999,-999,2
12.5,86,146,4,-89.2888,7,-94.0319,9,9,10,1,12.5189,7.99831,2
12.5,86,146,4,-89.2888,3,-102.639,17,20,20,0,-999,-999,2
12.5,87,68,7,-49.302,2,-83.2212,17,18,20,0,-999,-999,0
12.5,87,68,7,-49.302,3,-92.3463,17,20,20,0,-999,-999,0
12.5,87,68,7,-49.302,1,-93.3937,18,18,20,0,-999,-999,0
12.5,87,68,7,-49.302,6,-96.7467,9,9,10,1,14.1595,9.63894,0
12.5,87,68,7,-49.302,4,-105.293,20,20,20,0,-999,-999,0
12.5,87,68,7,-49.302,5,-105.828,10,10,10,1,14.3691,9.84847,0
12.5,88,147,4,-41.9782,6,-56.833,9,9,10,1,14.1595,9.63894,0
12.5,88,147,4,-41.9782,7,-76.7406,9,9,10,1,12.5189,7.99831,0
12.5,88,147,4,-41.9782,1,-88.2666,18,18,20,0,-999,-999,0
12.5,88,147,4,-41.9782,2,-99.3029,17,18,20,0,-999,-999,0
12.5,88,147,4,-41.9782,5,-100.471,10,10,10,1,14.3691,9.84847,0
12.5,88,147,4,-41.9782,3,-102.708,17,20,20,0,-999,-999,