Time,UeGroup,UeIndex,UeNodeId,Imsi,ServingCell,ServingRsrpDbm,BestFeasibleTnRsrpDbm,BestFeasibleUavRsrpDbm,ServiceState,StateAgeSec,SensedOrOraclePositionAvailable,ControllerEastM,ControllerNorthM,IncludedInMovementTarget
12,UES1,0,7,7,4,-86.7802,-65.8887,-87.847,SERVED,0,1,-60.088210,-81.964992,0
12,UES1,1,8,8,1,-53.6633,-89.6103,-89.7529,SERVED,0,1,68.084727,-28.611410,0
12,UES1,2,9,9,3,-80.0643,-70.2269,-80.3322,SERVED,0,1,-112.178149,95.169257,0
12,UES1,3,10,10,4,-74.8188,-85.7802,-89.9851,SERVED,0,1,29.949693,-76.410379,0
12,UES1,4,11,11,1,-83.7033,-95.0926,-98.9182,SERVED,0,1,-5.868973,87.664901,0
12,UES1,5,12,12,4,-70.4645,-74.6686,-102.757,SERVED,0,1,-70.209852,-11.962754,0
12,UES1,6,13,13,1,-63.6103,-62.3581,-88.4719,SERVED,0,1,89.279389,-19.209694,0
12,UES1,7,14,14,2,-82.3165,-71.5578,-87.5882,SERVED,0,1,39.404628,8.857038,0
12,UES1,8,15,15,1,-85.7778,-66.1977,-90.2177,SERVED,0,1,4.048375,-79.109927,0
12,UES1,9,16,16,3,-67.8043,-76.3076,-100.532,SERVED,0,1,-37.334789,59.310653,0
12,UES1,10,17,17,4,-88.0165,-74.3353,-89.8234,SERVED,0,1,-42.332815,-34.992034,0
12,UES1,11,18,18,1,-73.9972,-77.4994,-71.5024,SERVED,0,1,25.911897,31.860737,0
12,UES1,12,19,19,7,-92.1555,-87.3062,-95.0778,SERVED,0,1,118.989808,-79.454615,0
12,UES1,13,20,20,5,-88.7515,-80.8054,-66.4722,SERVED,0,1,19.853169,20.412765,0
12,UES1,14,21,21,1,-79.5768,-88.4893,-96.3644,SERVED,0,1,13.802814,-23.137893,0
12,UES1,15,22,22,1,-58.526,-67.1361,-97.1813,SERVED,0,1,94.761117,36.335087,0
12,UES1,16,23,23,6,-96.9208,-89.1733,-87.6433,SERVED,0,1,-109.912495,-50.473105,0
12,UES1,17,24,24,1,-65.0899,-88.6774,-85.5241,SERVED,0,1,8.019429,-6.530305,0
12,UES1,18,25,25,1,-81.5098,-74.9218,-76.9629,SERVED,0,1,18.468802,42.553124,0
12,UES1,19,26,26,6,-66.6487,-81.0688,-85.1564,SERVED,0,1,-33.150351,-12.521987,0
12,UES1,20,27,27,6,-92.3906,-71.5779,-98.2819,SERVED,0,1,-58.260329,71.875003,0
12,UES1,21,28,28,3,-68.9458,-90.0954,-101.626,SERVED,0,1,-94.721779,111.971869,0
12,UES1,22,29,29,2,-58.2864,-76.4108,-80.0808,SERVED,0,1,120.572967,14.804225,0
12,UES1,23,30,30,6,-74.327,-81.0549,-81.5174,SERVED,0,1,23.197944,-34.578162,0
12,UES1,24,31,31,2,-61.9404,-87.3499,-100.907,SERVED,0,1,38.598456,102.256555,0
12,UES1,25,32,32,1,-63.1597,-80.0496,-91.8232,SERVED,0,1,-28.057355,89.639347,0
12,UES1,26,33,33,5,-101.554,-83.8354,-90.533,ALTERNATIVE_AVAILABLE,0,1,139.746219,-30.958121,0
12,UES1,27,34,34,5,-91.6959,-61.5713,-71.3144,SERVED,0,1,52.127789,-0.692983,0
12,UES1,28,35,35,4,-48.6787,-67.2158,-91.815,SERVED,0,1,-105.864412,33.345839,0
12,UES1,29,36,36,6,-66.8933,-84.9944,-78.9052,SERVED,0,1,25.221268,32.914426,0
12,UES1,30,37,37,7,-87.7311,-85.6256,-65.6777,SERVED,0,1,27.434054,-112.048382,0
12,UES1,31,38,38,4,-78.4191,-77.3256,-76.6179,SERVED,0,1,77.870982,3.158688,0
12,UES1,32,39,39,6,-64.8218,-51.354,-80.0292,SERVED,0,1,41.369582,3.517376,0
12,UES1,33,40,40,7,-81.3867,-82.8209,-86.5688,SERVED,0,1,-53.148435,-16.233862,0
12,UES1,34,41,41,4,-88.7685,-85.2477,-88.5492,SERVED,0,1,-48.414508,-86.180110,0
12,UES1,35,42,42,6,-66.5282,-72.7173,-82.6574,SERVED,0,1,30.928821,-14.280393,0
12,UES1,36,43,43,1,-83.6424,-62.1867,-78.5706,SERVED,0,1,107.796221,77.270144,0
12,UES1,37,44,44,6,-74.1589,-76.8397,-80.7859,SERVED,0,1,5.423173,-36.720306,0
12,UES1,38,45,45,1,-73.8811,-74.6862,-93.3524,SERVED,0,1,19.486445,-17.043779,0
12,UES1,39,46,46,1,-83.6746,-98.4592,-71.582,SERVED,0,1,23.271385,-22.276462,0
12,UES1,40,47,47,4,-70.4958,-65.2536,-88.9356,SERVED,0,1,-124.639363,37.704112,0
12,UES1,41,48,48,6,-82.0492,-101.39,-99.2501,SERVED,0,1,-147.707358,-131.805546,0
12,UES1,42,49,49,3,-81.1977,-86.7508,-98.0245,SERVED,0,1,-17.924470,-1.308567,0
12,UES1,43,50,50,4,-81.3793,-90.3531,-98.7368,SERVED,0,1,-39.648766,-24.909699,0
12,UES1,44,51,51,7,-89.5667,-75.5798,-88.6602,SERVED,0,1,17.398053,-4.527377,0
12,UES1,45,52,52,2,-93.2568,-60.5891,-92.4279,SERVED,0,1,4.570832,-57.419510,0
12,UES1,46,53,53,7,-67.908,-96.5244,-87.2955,SERVED,0,1,-45.845284,-71.874849,0
12,UES1,47,54,54,3,-47.2301,-64.672,-86.7899,SERVED,0,1,-97.995985,30.530885,0
12,UES1,48,55,55,3,-50.4682,-73.2511,-79.5288,SERVED,0,1,-99.138261,43.413161,0
12,UES1,49,56,56,6,-71.1191,-77.1576,-98.7647,SERVED,0,1,-14.177326,50.474894,0
12,UES1,50,57,57,3,-58.6933,-60.6199,-83.831,SERVED,0,1,-73.244598,-7.150156,0
12,UES1,51,58,58,1,-91.7695,-68.8972,-86.9059,SERVED,0,1,122.260904,25.744028,0
12,UES1,52,59,59,6,-94.8424,-86.7965,-79.9747,SERVED,0,1,-54.613418,119.082083,0
12,UES1,53,60,60,4,-60.0126,-78.3329,-90.0226,SERVED,0,1,-145.050101,-25.307377,0
12,UES1,54,61,61,2,-58.0684,-76.0481,-90.0792,SERVED,0,1,63.139808,-3.816897,0
12,UES1,55,62,62,2,-65.6615,-68.0573,-83.5345,SERVED,0,1,38.143460,57.096288,0
12,UES1,56,63,63,3,-62.8888,-90.2709,-89.5663,SERVED,0,1,-36.811854,26.362689,0
12,UES1,57,64,64,4,-78.952,-72.7745,-99.1188,SERVED,0,1,-98.747136,64.154999,0
12,UES1,58,65,65,4,-90.0266,-92.6531,-97.1157,SERVED,0,1,-88.196572,-78.595502,0
12,UES1,59,66,66,1,-68.8325,-70.5258,-106.213,SERVED,0,1,116.960982,-98.269133,0
12,UES2,0,67,67,0,NA,-121.218,-121.865,UNKNOWN,0,1,-361.218478,317.854467,0
12,UES2,1,68,68,3,-119.47,-117.107,-120.646,PERSISTING,0,1,317.549672,384.398976,0
12,UES2,2,69,69,0,NA,-102.297,-125.568,UNKNOWN,0,1,394.896709,-320.670276,0
12,UES2,3,70,70,0,NA,-118.251,-125.269,UNKNOWN,0,1,-309.848114,340.776714,0
12,UES2,4,71,71,7,-126.513,-93.4199,-117.7,ALTERNATIVE_AVAILABLE,0,1,361.834337,381.039542,0
12,UES2,5,72,72,0,NA,-118.651,-120.839,UNKNOWN,0,1,342.173794,-326.606134,0
12,UES2,6,73,73,3,-115.852,-117.704,-118.77,PERSISTING,0,1,-391.435327,344.038590,0
12,UES2,7,74,74,0,NA,-123.706,-124.189,UNKNOWN,0,1,444.776493,325.242651,0
12,UES2,8,75,75,2,-119.645,-116.707,-114.952,PERSISTING,0,1,319.225409,-355.658140,0
12,UES2,9,76,76,0,NA,-98.5378,-104.653,UNKNOWN,0,1,-366.336593,289.527231,0
12,UES2,10,77,77,0,NA,-114.914,-124.285,UNKNOWN,0,1,379.697860,363.728904,0
12,UES2,11,78,78,3,-115.476,-79.2185,-118.872,ALTERNATIVE_AVAILABLE,0,1,338.992884,-310.868672,0
12,UES2,12,79,79,0,NA,-121.177,-125.138,UNKNOWN,0,1,-350.752838,288.482020,0
12,UES2,13,80,80,0,NA,-124.844,-123.137,UNKNOWN,0,1,409.933367,358.694806,0
12,UES2,14,81,81,6,-112.501,-112.063,-113.743,PERSISTING,0,1,336.026555,-327.657522,0
12,UES2,15,82,82,1,-119.39,-112.631,-112.128,PERSISTING,0,1,-319.525763,311.535673,0
12,UES2,16,83,83,1,-117.153,-111.475,-115.559,PERSISTING,0,1,302.662527,305.969365,0
12,UES2,17,84,84,0,NA,-119.406,-97.0247,UNKNOWN,0,1,325.227920,-317.166906,0
12,UES2,18,85,85,4,-107.828,-99.3177,-117.869,ALTERNATIVE_AVAILABLE,0,1,-301.361541,335.768798,0
12,UES2,19,86,86,2,-110.717,-118.479,-119.298,PERSISTING,0,1,348.390885,323.225793,0
12,UES2,20,87,87,2,-116.409,-117.542,-115.804,PERSISTING,0,1,328.296396,-374.266349,0
12,UES2,21,88,88,0,NA,-119.82,-124.088,UNKNOWN,0,1,-350.242582,306.485719,0
12,UES2,22,89,89,0,NA,-99.9569,-107.973,UNKNOWN,0,1,322.530713,344.216198,0
12,UES2,23,90,90,5,-117.688,-92.1658,-91.1401,ALTERNATIVE_AVAILABLE,0,1,338.624724,-351.635002,0
12,UES2,24,91,91,4,-117.574,-117.838,-118.587,PERSISTING,0,1,-333.088108,397.045451,0
12,UES2,25,92,92,0,NA,-93.1669,-121.395,UNKNOWN,0,1,339.649543,304.198074,0
12,UES2,26,93,93,0,NA,-93.9201,-121.924,UNKNOWN,0,1,346.050595,-421.552194,0
12,UES2,27,94,94,0,NA,-119.311,-121.826,UNKNOWN,0,1,-374.762403,336.424688,0
12,UES2,28,95,95,6,-117.717,-114.324,-86.0818,ALTERNATIVE_AVAILABLE,0,1,328.576284,258.752637,0
12,UES2,29,96,96,2,-116.925,-113.663,-117.233,PERSISTING,0,1,382.605341,-321.931392,0
13,UES1,0,7,7,3,-65.5015,-69.5363,-96.5094,SERVED,0,1,-62.942106,-86.070023,0
13,UES1,1,8,8,1,-76.9099,-79.824,-89.0821,SERVED,0,1,71.336924,-32.409751,0
13,UES1,2,9,9,3,-61.5653,-69.9411,-96.2371,SERVED,0,1,-115.433934,98.963479,0
13,UES1,3,10,10,4,-72.1639,-75.3941,-91.0643,SERVED,0,1,33.848980,-79.541319,0
13,UES1,4,11,11,1,-84.3585,-89.6347,-104.368,SERVED,0,1,-2.061785,90.907333,0
13,UES1,5,12,12,4,-59.6949,-57.5726,-97.9962,SERVED,0,1,-73.300575,-8.033181,0
13,UES1,6,13,13,1,-81.0461,-66.2494,-104.359,SERVED,0,1,89.276996,-14.209695,0
13,UES1,7,14,14,2,-67.6461,-76.2839,-93.4221,SERVED,0,1,38.279098,3.985575,0
13,UES1,8,15,15,1,-91.1452,-64.8721,-90.1414,SERVED,0,1,6.433399,-83.504607,0
13,UES1,9,16,16,3,-87.7134,-78.2716,-88.1787,SERVED,0,1,-32.753724,57.305332,0
13,UES1,10,17,17,4,-84.7255,-63.2604,-87.6901,SERVED,0,1,-43.255009,-39.906242,0
13,UES1,11,18,18,1,-65.3453,-83.6069,-75.1239,SERVED,0,1,21.156201,33.401602,0
13,UES1,12,19,19,7,-100.096,-91.4795,-96.4411,ALTERNATIVE_AVAILABLE,0,1,123.744308,-77.903771,0
13,UES1,13,20,20,7,-65.9062,-84.9565,-70.648,SERVED,0,1,22.242978,24.805197,0
13,UES1,14,21,21,1,-60.0696,-62.9544,-78.4195,SERVED,0,1,17.290643,-26.720636,0
13,UES1,15,22,22,1,-77.3267,-67.3434,-84.2552,SERVED,0,1,94.326933,31.353983,0
13,UES1,16,23,23,4,-84.4849,-89.3739,-96.0425,SERVED,0,1,-114.902626,-50.175873,0
13,UES1,17,24,24,1,-79.8737,-68.5796,-98.9167,SERVED,0,1,4.322282,-9.896380,0
13,UES1,18,25,25,1,-75.6257,-76.8049,-90.2421,SERVED,0,1,21.224618,38.381040,0
13,UES1,19,26,26,6,-94.92,-80.0748,-80.6343,SERVED,0,1,-35.411221,-16.981152,0
13,UES1,20,27,27,6,-80.3485,-68.4359,-78.9931,SERVED,0,1,-62.096223,75.081591,0
13,UES1,21,28,28,3,-85.2943,-85.2473,-99.2829,SERVED,0,1,-96.269533,116.725946,0
13,UES1,22,29,29,2,-56.556,-76.76,-99.6321,SERVED,0,1,124.241407,18.201988,0
13,UES1,23,30,30,6,-84.7247,-85.9282,-84.3133,SERVED,0,1,24.617716,-39.372540,0
13,UES1,24,31,31,2,-85.9846,-75.8839,-83.9744,SERVED,0,1,34.266180,104.752156,0
13,UES1,25,32,32,1,-90.7299,-63.8977,-84.9815,SERVED,0,1,-28.410205,94.626847,0
13,UES1,26,33,33,5,-99.5204,-91.7006,-97.1687,SERVED,0,1,143.286677,-27.426515,0
13,UES1,27,34,34,1,-65.4225,-88.4664,-70.8305,SERVED,0,1,51.923255,4.302812,0
13,UES1,28,35,35,4,-50.1665,-80.5903,-100.64,SERVED,0,1,-110.559825,35.062991,0
13,UES1,29,36,36,6,-65.5012,-72.8464,-78.5384,SERVED,0,1,28.716274,29.338367,0
13,UES1,30,37,37,7,-69.6257,-89.9213,-67.4766,SERVED,0,1,25.443743,-116.634870,0
13,UES1,31,38,38,1,-68.679,-82.6603,-81.5265,SERVED,0,1,82.627874,4.699479,0
13,UES1,32,39,39,1,-57.1692,-97.4848,-65.3819,SERVED,0,1,41.795394,-1.464463,0
13,UES1,33,40,40,5,-97.4198,-74.5789,-90.6841,SERVED,0,1,-55.002390,-11.590465,0
13,UES1,34,41,41,4,-88.0949,-65.8759,-95.8844,SERVED,0,1,-46.730398,-90.888155,0
13,UES1,35,42,42,6,-66.0875,-71.3279,-77.667,SERVED,0,1,35.335255,-16.643884,0
13,UES1,36,43,43,1,-67.8893,-66.6525,-78.9345,SERVED,0,1,111.623743,80.487460,0
13,UES1,37,44,44,6,-71.4067,-85.0404,-80.8848,SERVED,0,1,6.504448,-41.602000,0
13,UES1,38,45,45,1,-57.5641,-67.6775,-97.6524,SERVED,0,1,15.213973,-19.640206,0
13,UES1,39,46,46,5,-82.4731,-83.2043,-79.7446,SERVED,0,1,18.277665,-22.046148,0
13,UES1,40,47,47,4,-53.957,-65.2662,-70.2719,SERVED,0,1,-127.154762,42.024873,0
13,UES1,41,48,48,6,-105.395,-102.228,-82.499,ALTERNATIVE_AVAILABLE,0,1,-151.793237,-134.686660,0
13,UES1,42,49,49,3,-86.8296,-72.9125,-83.0633,SERVED,0,1,-15.655467,-5.764088,0
13,UES1,43,50,50,4,-61.0584,-88.2393,-89.4255,SERVED,0,1,-36.046111,-28.377684,0
13,UES1,44,51,51,7,-96.9844,-80.4571,-65.0351,SERVED,0,1,15.584765,0.132010,0
13,UES1,45,52,52,2,-99.9517,-65.5828,-90.5764,SERVED,0,1,1.250457,-61.157151,0
13,UES1,46,53,53,7,-92.6577,-88.824,-73.3142,SERVED,0,1,-48.339154,-76.208496,0
13,UES1,47,54,54,3,-47.7414,-76.2784,-84.2026,SERVED,0,1,-99.425325,25.739884,0
13,UES1,48,55,55,3,-50.2184,-64.5023,-88.0584,SERVED,0,1,-102.837800,40.050653,0
13,UES1,49,56,56,6,-90.567,-74.9287,-82.5735,SERVED,0,1,-10.665575,46.915499,0
13,UES1,50,57,57,3,-59.3383,-75.863,-94.052,SERVED,0,1,-74.077084,-12.080167,0
13,UES1,51,58,58,1,-88.4822,-83.9236,-87.8554,SERVED,0,1,127.228309,26.321324,0
13,UES1,52,59,59,6,-65.4437,-97.4606,-105.694,SERVED,0,1,-58.601218,122.096898,0
13,UES1,53,60,60,4,-60.1498,-62.846,-100.133,SERVED,0,1,-149.893112,-26.546722,0
13,UES1,54,61,61,2,-81.767,-63.3997,-91.6695,SERVED,0,1,62.193692,-8.726547,0
13,UES1,55,62,62,2,-66.2751,-81.6195,-81.4594,SERVED,0,1,41.945863,53.849189,0
13,UES1,56,63,63,3,-84.8974,-84.6438,-85.8565,SERVED,0,1,-36.354944,21.383585,0
13,UES1,57,64,64,4,-78.1998,-61.2972,-78.3292,SERVED,0,1,-100.525737,68.827806,0
13,UES1,58,65,65,4,-67.6366,-64.9259,-100.14,SERVED,0,1,-89.335260,-83.464079,0
13,UES1,59,66,66,1,-92.6853,-93.017,-93.2624,SERVED,0,1,120.640188,-101.655403,0
13,UES2,0,67,67,0,NA,-121.748,-105.201,UNKNOWN,1,1,-365.215846,318.000739,0
13,UES2,1,68,68,3,-119.244,-117.134,-118.588,PERSISTING,1,1,315.304592,387.709618,0
13,UES2,2,69,69,0,NA,-122.773,-122.328,UNKNOWN,1,1,392.575078,-323.926770,0
13,UES2,3,70,70,0,NA,-118.825,-120.634,UNKNOWN,1,1,-307.527679,344.035435,0
13,UES2,4,71,71,7,-124.018,-107.617,-117.299,PERSISTING,0,1,362.385740,377.077646,0
13,UES2,5,72,72,0,NA,-121.412,-100.903,UNKNOWN,1,1,340.624604,-330.293511,0
13,UES2,6,73,73,3,-117.24,-116.783,-87.976,ALTERNATIVE_AVAILABLE,0,1,-387.488195,344.690979,0
13,UES2,7,74,74,0,NA,-118.876,-123.482,UNKNOWN,1,1,441.480040,327.507631,0
13,UES2,8,75,75,2,-117.27,-80.7068,-90.8461,ALTERNATIVE_AVAILABLE,0,1,321.498000,-358.949731,0
13,UES2,9,76,76,0,NA,-120.412,-120.061,UNKNOWN,1,1,-370.329176,289.765979,0
13,UES2,10,77,77,0,NA,-122.726,-126.613,UNKNOWN,1,1,381.916626,360.400154,0
13,UES2,11,78,78,2,-114.386,-76.9947,-114.348,ALTERNATIVE_AVAILABLE,0,1,335.045752,-310.225094,0
13,UES2,12,79,79,0,NA,-118.203,-125.859,UNKNOWN,1,1,-354.723892,288.960362,0
13,UES2,13,80,80,0,NA,-122.447,-126.067,UNKNOWN,1,1,408.539910,354.945336,0
13,UES2,14,81,81,6,-115.01,-106.784,-111.821,PERSISTING,1,1,339.367263,-329.857075,0
13,UES2,15,82,82,1,-120.749,-75.9809,-87.2526,ALTERNATIVE_AVAILABLE,0,1,-318.023461,315.243071,0
13,UES2,16,83,83,1,-115.478,-82.2149,-84.938,ALTERNATIVE_AVAILABLE,0,1,299.319426,308.166024,0
13,UES2,17,84,84,0,NA,-94.1272,-118.516,UNKNOWN,1,1,325.993424,-313.240845,0
13,UES2,18,85,85,4,-113.935,-112.713,-119.582,PERSISTING,0,1,-303.827901,338.917731,0
13,UES2,19,86,86,2,-115.9,-119.591,-119.071,PERSISTING,1,1,351.183780,326.089700,0
13,UES2,20,87,87,2,-114.616,-114.672,-112.51,PERSISTING,1,1,329.311886,-370.397412,0
13,UES2,21,88,88,0,NA,-117.38,-125.486,UNKNOWN,1,1,-349.209151,310.349979,0
13,UES2,22,89,89,0,NA,-116.327,-123.148,UNKNOWN,1,1,326.506551,343.766934,0
13,UES2,23,90,90,5,-113.753,-112.825,-110.54,PERSISTING,0,1,335.612943,-349.003569,0
13,UES2,24,91,91,4,-113.668,-115.486,-117.801,PERSISTING,1,1,-336.695547,395.316783,0
13,UES2,25,92,92,0,NA,-117.873,-123.256,UNKNOWN,1,1,335.837571,305.410604,0
13,UES2,26,93,93,0,NA,-120.176,-118.185,UNKNOWN,1,1,348.947072,-419.533347,0
13,UES2,27,94,94,0,NA,-120.524,-103.23,UNKNOWN,1,1,-370.940862,335.239947,0
13,UES2,28,95,95,6,-113.712,-106.283,-118.694,PERSISTING,0,1,327.296456,260.922135,0
13,UES2,29,96,96,2,-119.084,-113.141,-119.702,PERSISTING,1,1,381.534831,-325.785385,0
14,UES1,0,7,7,3,-95.6764,-92.7429,-90.7867,SERVED,0,1,-65.796002,-90.175053,0
14,UES1,1,8,8,1,-79.9677,-75.3786,-84.3358,SERVED,0,1,74.589121,-36.208094,0
14,UES1,2,9,9,3,-75.8933,-63.9723,-78.2342,SERVED,0,1,-118.689720,102.757699,0
14,UES1,3,10,10,4,-96.3316,-85.7572,-89.0462,SERVED,0,1,37.748268,-82.672260,0
14,UES1,4,11,11,1,-87.8334,-93.6027,-105.314,SERVED,0,1,1.745403,94.149768,0
14,UES1,5,12,12,4,-63.6601,-58.7771,-88.655,SERVED,0,1,-76.391299,-4.103614,0
14,UES1,6,13,13,1,-73.6958,-59.5209,-87.7585,SERVED,0,1,89.274604,-9.209696,0
14,UES1,7,14,14,2,-85.6982,-81.6194,-91.2005,SERVED,0,1,37.153567,-0.885887,0
14,UES1,8,15,15,1,-99.0095,-84.9626,-89.3633,SERVED,0,1,8.818424,-87.899287,0
14,UES1,9,16,16,3,-79.109,-75.5552,-90.0802,SERVED,0,1,-28.172659,55.300009,0
14,UES1,10,17,17,4,-84.7563,-71.3259,-90.4903,SERVED,0,1,-44.177202,-44.820451,0
14,UES1,11,18,18,1,-59.8711,-85.1621,-74.5534,SERVED,0,1,16.400505,34.942465,0
14,UES1,12,19,19,7,-80.5934,-106.567,-81.0445,SERVED,0,1,128.498807,-76.352924,0
14,UES1,13,20,20,7,-65.5297,-89.0792,-79.1746,SERVED,0,1,24.632787,29.197631,0
14,UES1,14,21,21,1,-61.2155,-72.7547,-80.2073,SERVED,0,1,20.778472,-30.303381,0
14,UES1,15,22,22,1,-63.6217,-67.2206,-87.0179,SERVED,0,1,93.892748,26.372879,0
14,UES1,16,23,23,4,-88.0512,-93.6744,-71.215,SERVED,0,1,-119.892758,-49.878641,0
14,UES1,17,24,24,1,-63.2562,-66.6157,-81.9067,SERVED,0,1,0.625135,-13.262449,0
14,UES1,18,25,25,1,-57.2155,-81.4153,-71.3624,SERVED,0,1,23.980433,34.208957,0
14,UES1,19,26,26,6,-93.3809,-82.5146,-76.7036,SERVED,0,1,-37.673047,-21.440315,0
14,UES1,20,27,27,6,-94.263,-64.5959,-104.576,SERVED,0,1,-65.932118,78.288177,0
14,UES1,21,28,28,3,-85.0486,-98.0391,-107.553,SERVED,0,1,-97.817287,121.480022,0
14,UES1,22,29,29,2,-73.1182,-105.429,-98.4365,SERVED,0,1,127.909847,21.599751,0
14,UES1,23,30,30,6,-89.5351,-85.6074,-79.1446,SERVED,0,1,26.037487,-44.166919,0
14,UES1,24,31,31,2,-74.8427,-82.7207,-81.8146,SERVED,0,1,29.933904,107.247756,0
14,UES1,25,32,32,1,-67.0812,-65.3355,-92.6469,SERVED,0,1,-28.763055,99.614347,0
14,UES1,26,33,33,5,-104.387,-94.7324,-99.908,ALTERNATIVE_AVAILABLE,0,1,146.827134,-23.894907,0
14,UES1,27,34,34,1,-61.3509,-81.0922,-64.4499,SERVED,0,1,51.718722,9.298607,0
14,UES1,28,35,35,4,-50.9408,-70.774,-88.7158,SERVED,0,1,-115.255715,36.780142,0
14,UES1,29,36,36,6,-65.98,-87.1788,-85.8006,SERVED,0,1,32.211280,25.762291,0
14,UES1,30,37,37,7,-89.9805,-108.378,-66.7536,SERVED,0,1,23.453432,-121.221357,0
14,UES1,31,38,38,1,-74.9443,-78.6422,-101.357,SERVED,0,1,87.384765,6.240271,0
14,UES1,32,39,39,1,-55.7519,-81.9367,-66.9497,SERVED,0,1,42.221206,-6.446301,0
14,UES1,33,40,40,5,-66.6215,-81.9372,-88.4146,SERVED,0,1,-56.856346,-6.947070,0
14,UES1,34,41,41,4,-86.2846,-81.0281,-87.6887,SERVED,0,1,-45.046289,-95.596201,0
14,UES1,35,42,42,6,-66.7037,-78.4526,-77.0463,SERVED,0,1,39.741689,-19.007376,0
14,UES1,36,43,43,1,-88.4956,-60.0193,-100.611,SERVED,0,1,115.451264,83.704777,0
14,UES1,37,44,44,6,-64.9852,-88.452,-79.8941,SERVED,0,1,7.585723,-46.483695,0
14,UES1,38,45,45,1,-59.1281,-89.8319,-89.608,SERVED,0,1,10.941502,-22.236631,0
14,UES1,39,46,46,5,-65.7449,-94.5691,-78.2597,SERVED,0,1,13.283946,-21.815835,0
14,UES1,40,47,47,4,-57.9637,-78.6542,-86.9051,SERVED,0,1,-129.670162,46.345633,0
14,UES1,41,48,48,6,-106.423,-102.14,-101.059,PERSISTING,0,1,-155.879117,-137.567772,0
14,UES1,42,49,49,3,-86.53,-78.8356,-83.0485,SERVED,0,1,-13.386465,-10.219609,0
14,UES1,43,50,50,4,-83.6085,-63.9654,-91.1766,SERVED,0,1,-32.443456,-31.845676,0
14,UES1,44,51,51,7,-79.0938,-85.098,-90.1727,SERVED,0,1,13.771476,4.791396,0
14,UES1,45,52,52,2,-93.6422,-92.4701,-89.7682,SERVED,0,1,-2.069918,-64.894789,0
14,UES1,46,53,53,7,-76.2716,-90.1506,-66.2697,SERVED,0,1,-50.833023,-80.542143,0
14,UES1,47,54,54,3,-49.8379,-77.8433,-78.7758,SERVED,0,1,-100.854665,20.948887,0
14,UES1,48,55,55,3,-50.3402,-65.2705,-96.3256,SERVED,0,1,-106.537338,36.688150,0
14,UES1,49,56,56,6,-70.3228,-88.3305,-82.478,SERVED,0,1,-7.153824,43.356102,0
14,UES1,50,57,57,3,-77.5814,-56.9694,-89.2489,SERVED,0,1,-74.910048,-17.010175,0
14,UES1,51,58,58,1,-93.4932,-70.2829,-83.6233,SERVED,0,1,132.195715,26.898622,0
14,UES1,52,59,59,6,-99.093,-95.8336,-101.574,SERVED,0,1,-62.589017,125.111708,0
14,UES1,53,60,60,4,-61.0104,-63.0277,-103.723,SERVED,0,1,-154.736123,-27.786066,0
14,UES1,54,61,61,2,-68.8731,-98.1209,-89.8939,SERVED,0,1,61.247577,-13.636196,0
14,UES1,55,62,62,2,-83.4567,-94.7052,-92.7189,SERVED,0,1,45.748267,50.602088,0
14,UES1,56,63,63,3,-77.0741,-91.9335,-100.738,SERVED,0,1,-35.898034,16.404480,0
14,UES1,57,64,64,4,-81.283,-67.7968,-101.611,SERVED,0,1,-102.304339,73.500612,0
14,UES1,58,65,65,4,-64.2003,-88.5338,-88.8033,SERVED,0,1,-90.473948,-88.332657,0
14,UES1,59,66,66,1,-64.9422,-96.1842,-98.007,SERVED,0,1,124.319393,-105.041676,0
14,UES2,0,67,67,0,NA,-119.506,-125.869,UNKNOWN,2,1,-369.213214,318.147011,0
14,UES2,1,68,68,3,-117.372,-79.6654,-116.527,ALTERNATIVE_AVAILABLE,0,1,313.059511,391.020260,0
14,UES2,2,69,69,1,-115.104,-115.829,-122.118,PERSISTING,0,1,390.253447,-327.183248,0
14,UES2,3,70,70,6,-120.053,-112.84,-117.486,PERSISTING,0,1,-305.207244,347.294172,0
14,UES2,4,71,71,7,-118.568,-117.818,-116.736,PERSISTING,1,1,362.937142,373.115744,0
14,UES2,5,72,72,0,NA,-99.3021,-119.826,UNKNOWN,2,1,339.074458,-333.980879,0
14,UES2,6,73,73,3,-112.762,-118.375,-116.785,PERSISTING,0,1,-383.541063,345.343377,0
14,UES2,7,74,74,0,NA,-126.887,-98.7983,UNKNOWN,2,1,438.183587,329.772603,0
14,UES2,8,75,75,2,-120.665,-113.811,-115.19,PERSISTING,0,1,323.770591,-362.241323,0
14,UES2,9,76,76,6,-120.352,-111.184,-114.426,PERSISTING,0,1,-374.321760,290.004723,0
14,UES2,10,77,77,0,NA,-120.501,-126.894,UNKNOWN,2,1,384.135392,357.071388,0
14,UES2,11,78,78,2,-116.943,-121.397,-81.4593,ALTERNATIVE_AVAILABLE,0,1,331.098621,-309.581528,0
14,UES2,12,79,79,7,-121.211,-114.23,-114.22,PERSISTING,0,1,-358.694946,289.438701,0
14,UES2,13,80,80,0,NA,-102.28,-121.031,UNKNOWN,2,1,407.146453,351.195866,0
14,UES2,14,81,81,6,-117.094,-112.904,-111.986,PERSISTING,2,1,342.707972,-332.056628,0
14,UES2,15,82,82,1,-120.624,-111.309,-98.8567,ALTERNATIVE_AVAILABLE,0,1,-316.521159,318.950481,0
14,UES2,16,83,83,1,-114.99,-111.414,-116.036,PERSISTING,0,1,295.976325,310.362683,0
14,UES2,17,84,84,0,NA,-100.886,-119.632,UNKNOWN,2,1,326.758929,-309.314784,0
14,UES2,18,85,85,4,-112.933,-115.784,-113.807,PERSISTING,1,1,-306.294260,342.066653,0
14,UES2,19,86,86,2,-114.104,-117.568,-118.101,PERSISTING,2,1,353.976675,328.953611,0
14,UES2,20,87,87,2,-115.277,-93.0741,-117.876,ALTERNATIVE_AVAILABLE,0,1,330.327375,-366.528474,0
14,UES2,21,88,88,0,NA,-122.166,-109.625,UNKNOWN,2,1,-346.269136,313.062931,0
14,UES2,22,89,89,0,NA,-120.36,-122.299,UNKNOWN,2,1,330.482390,343.317649,0
14,UES2,23,90,90,5,-111.519,-115.907,-112.619,PERSISTING,1,1,332.601162,-346.372181,0
14,UES2,24,91,91,4,-115.19,-115.21,-118.444,PERSISTING,2,1,-340.302986,393.588115,0
14,UES2,25,92,92,0,NA,-117.97,-122.168,UNKNOWN,2,1,332.025598,306.623131,0
14,UES2,26,93,93,0,NA,-120.75,-108.866,UNKNOWN,2,1,351.658632,-416.592634,0
14,UES2,27,94,94,0,NA,-119.114,-125.692,UNKNOWN,2,1,-367.119321,334.055198,0
14,UES2,28,95,95,6,-116.059,-96.2567,-114.182,ALTERNATIVE_AVAILABLE,0,1,325.794154,264.629228,0
14,UES2,29,96,96,2,-111.858,-116.303,-113.422,PERSISTING,2,1,380.464321,-329.639373,0
15,UES1,0,7,7,3,-72.5123,-90.7046,-95.866,SERVED,0,1,-68.649897,-94.280081,0
15,UES1,1,8,8,1,-59.2486,-89.045,-91.6652,SERVED,0,1,77.841319,-40.006439,0
15,UES1,2,9,9,3,-65.915,-91.4328,-82.8712,SERVED,0,1,-121.945505,106.551918,0
15,UES1,3,10,10,4,-100.516,-89.8645,-88.6167,ALTERNATIVE_AVAILABLE,0,1,41.647556,-85.803203,0
15,UES1,4,11,11,1,-92.7619,-94.6093,-102.429,SERVED,0,1,5.552591,97.392204,0
15,UES1,5,12,12,4,-76.7173,-62.1487,-96.6294,SERVED,0,1,-79.482023,-0.174053,0
15,UES1,6,13,13,1,-82.6494,-73.333,-85.9375,SERVED,0,1,89.272212,-4.209697,0
15,UES1,7,14,14,2,-59.8964,-61.9465,-83.7157,SERVED,0,1,36.028036,-5.757348,0
15,UES1,8,15,15,2,-102.199,-88.9332,-90.761,ALTERNATIVE_AVAILABLE,0,1,11.203448,-92.293969,0
15,UES1,9,16,16,3,-83.5733,-78.4394,-86.7601,SERVED,0,1,-23.591594,53.294685,0
15,UES1,10,17,17,4,-82.93,-90.6666,-99.165,SERVED,0,1,-45.099396,-49.734659,0
15,UES1,11,18,18,1,-61.3605,-84.2433,-92.4592,SERVED,0,1,11.644809,36.483326,0
15,UES1,12,19,19,7,-74.5666,-95.6331,-67.7351,SERVED,0,1,133.253307,-74.802075,0
15,UES1,13,20,20,7,-65.0736,-61.6909,-81.0296,SERVED,0,1,27.022595,33.590069,0
15,UES1,14,21,21,1,-62.4124,-76.9569,-95.9353,SERVED,0,1,24.266301,-33.886127,0
15,UES1,15,22,22,1,-81.6615,-71.3982,-81.0144,SERVED,0,1,93.458564,21.391776,0
15,UES1,16,23,23,4,-90.5693,-99.5606,-103.469,SERVED,0,1,-124.882889,-49.581409,0
15,UES1,17,24,24,1,-64.0722,-81.5289,-96.9312,SERVED,0,1,-3.072011,-16.628509,0
15,UES1,18,25,25,1,-74.9222,-80.497,-71.3072,SERVED,0,1,26.736249,30.036873,0
15,UES1,19,26,26,6,-66.6705,-79.2129,-77.2335,SERVED,0,1,-39.934873,-25.899479,0
15,UES1,20,27,27,3,-70.6596,-88.6599,-93.7557,SERVED,0,1,-69.768012,81.494762,0
15,UES1,21,28,28,3,-80.0489,-81.3571,-106.373,SERVED,0,1,-99.365041,126.234096,0
15,UES1,22,29,29,2,-67.2591,-84.4849,-99.7733,SERVED,0,1,131.578288,24.997516,0
15,UES1,23,30,30,6,-64.6177,-82.8262,-81.777,SERVED,0,1,27.457258,-48.961298,0
15,UES1,24,31,31,2,-61.892,-70.6094,-107.098,SERVED,0,1,25.601628,109.743355,0
15,UES1,25,32,32,1,-91.8127,-64.1641,-103.226,SERVED,0,1,-29.115904,104.601847,0
15,UES1,26,33,33,5,-109.903,-79.2525,-103.187,ALTERNATIVE_AVAILABLE,0,1,150.367592,-20.363295,0
15,UES1,27,34,34,1,-66.3001,-79.5618,-64.0465,SERVED,0,1,51.514189,14.294402,0
15,UES1,28,35,35,4,-52.6858,-61.6066,-91.6385,SERVED,0,1,-119.951606,38.497293,0
15,UES1,29,36,36,6,-65.7109,-70.1477,-91.8589,SERVED,0,1,35.706285,22.186195,0
15,UES1,30,37,37,5,-66.9357,-87.8418,-65.9654,SERVED,0,1,21.463120,-125.807842,0
15,UES1,31,38,38,1,-69.5555,-77.4567,-103.201,SERVED,0,1,92.141657,7.781063,0
15,UES1,32,39,39,1,-60.6368,-90.8324,-65.1966,SERVED,0,1,42.647017,-11.428140,0
15,UES1,33,40,40,5,-91.5703,-76.4093,-81.1921,SERVED,0,1,-58.710302,-2.303679,0
15,UES1,34,41,41,4,-91.6407,-67.4287,-99.7244,SERVED,0,1,-43.362179,-100.304248,0
15,UES1,35,42,42,6,-88.4099,-68.8317,-77.6887,SERVED,0,1,44.148124,-21.370869,0
15,UES1,36,43,43,2,-60.4156,-90.2401,-98.6438,SERVED,0,1,119.278786,86.922094,0
15,UES1,37,44,44,6,-85.7973,-94.8749,-80.3037,SERVED,0,1,8.666998,-51.365389,0
15,UES1,38,45,45,1,-61.533,-88.0987,-85.8807,SERVED,0,1,6.669031,-24.833054,0
15,UES1,39,46,46,5,-92.9548,-85.9998,-76.5288,SERVED,0,1,8.290226,-21.585522,0
15,UES1,40,47,47,4,-61.1493,-72.624,-103.601,SERVED,0,1,-132.185561,50.666391,0
15,UES1,41,48,48,6,-110.921,-103.494,-100.583,PERSISTING,1,1,-159.964996,-140.448883,0
15,UES1,42,49,49,3,-61.7447,-82.8364,-90.9251,SERVED,0,1,-11.117462,-14.675131,0
15,UES1,43,50,50,3,-63.9725,-64.1072,-103.902,SERVED,0,1,-28.840801,-35.313675,0
15,UES1,44,51,51,7,-88.3579,-85.8623,-65.1452,SERVED,0,1,11.958188,9.450780,0
15,UES1,45,52,52,2,-81.7322,-89.7988,-77.776,SERVED,0,1,-5.390293,-68.632425,0
15,UES1,46,53,53,7,-71.0297,-91.4262,-67.0327,SERVED,0,1,-53.326893,-84.875790,0
15,UES1,47,54,54,3,-57.0061,-72.6645,-79.4048,SERVED,0,1,-102.284005,16.157894,0
15,UES1,48,55,55,3,-53.6497,-76.0302,-86.1917,SERVED,0,1,-110.236877,33.325652,0
15,UES1,49,56,56,6,-67.9967,-73.4495,-92.1361,SERVED,0,1,-3.642073,39.796705,0
15,UES1,50,57,57,3,-64.798,-59.2048,-90.9979,SERVED,0,1,-75.743730,-21.940182,0
15,UES1,51,58,58,2,-73.6793,-92.1648,-84.4907,SERVED,0,1,137.163120,27.475923,0
15,UES1,52,59,59,6,-94.4035,-90.2934,-105.222,SERVED,0,1,-66.576816,128.126512,0
15,UES1,53,60,60,4,-79.9855,-66.93,-103.296,SERVED,0,1,-159.579134,-29.025408,0
15,UES1,54,61,61,2,-71.0309,-56.248,-92.8263,SERVED,0,1,60.301461,-18.545845,0
15,UES1,55,62,62,2,-65.758,-80.8081,-94.5567,SERVED,0,1,49.550670,47.354986,0
15,UES1,56,63,63,3,-61.16,-82.5106,-91.3643,SERVED,0,1,-35.441123,11.425376,0
15,UES1,57,64,64,4,-81.9949,-58.293,-102.037,SERVED,0,1,-104.082940,78.173418,0
15,UES1,58,65,65,4,-91.4719,-97.7963,-91.8749,SERVED,0,1,-91.612635,-93.201234,0
15,UES1,59,66,66,1,-92.8848,-95.1578,-86.6581,SERVED,0,1,127.998598,-108.427950,0
15,UES2,0,67,67,0,NA,-114.991,-126.116,UNKNOWN,3,1,-373.210582,318.293282,0
15,UES2,1,68,68,3,-118.928,-113.128,-118.399,PERSISTING,0,1,310.814430,394.330902,0
15,UES2,2,69,69,1,-117.65,-86.5432,-118.17,ALTERNATIVE_AVAILABLE,0,1,387.931816,-330.439708,0
15,UES2,3,70,70,6,-121.734,-114.926,-121.131,PERSISTING,1,1,-302.886809,350.552926,0
15,UES2,4,71,71,7,-120.612,-115.751,-119.402,PERSISTING,2,1,363.488544,369.153835,0
15,UES2,5,72,72,0,NA,-120.981,-120.461,UNKNOWN,3,1,337.524312,-337.668247,0
15,UES2,6,73,73,3,-82.6988,-109.066,-118.949,SERVED,0,1,-379.593932,345.995785,0
15,UES2,7,74,74,0,NA,-120.87,-129.375,UNKNOWN,3,1,434.887134,332.037566,0
15,UES2,8,75,75,2,-114.748,-114.257,-115.456,PERSISTING,1,1,326.043182,-365.532915,0
15,UES2,9,76,76,6,-80.412,-101.126,-120.124,SERVED,0,1,-378.314343,290.243463,0
15,UES2,10,77,77,0,NA,-121.466,-124.641,UNKNOWN,3,1,386.354159,353.742604,0
15,UES2,11,78,78,2,-114.805,-113.546,-81.8441,ALTERNATIVE_AVAILABLE,0,1,327.151489,-308.937976,0
15,UES2,12,79,79,7,-119.797,-112.883,-113.471,PERSISTING,1,1,-362.665999,289.917037,0
15,UES2,13,80,80,0,NA,-121.246,-125.934,UNKNOWN,3,1,405.752996,347.446396,0
15,UES2,14,81,81,6,-117.262,-112.511,-111.292,PERSISTING,3,1,346.048681,-334.256181,0
15,UES2,15,82,82,1,-121.252,-110.838,-81.9353,ALTERNATIVE_AVAILABLE,0,1,-315.018856,322.657904,0
15,UES2,16,83,83,1,-111.433,-110.364,-115.59,PERSISTING,1,1,292.633224,312.559342,0
15,UES2,17,84,84,0,NA,-118.791,-117.497,UNKNOWN,3,1,327.524433,-305.388722,0
15,UES2,18,85,85,4,-113.531,-110.579,-117.353,PERSISTING,2,1,-308.760619,345.215563,0
15,UES2,19,86,86,2,-113.492,-115.905,-117.932,PERSISTING,3,1,356.769569,331.817527,0
15,UES2,20,87,87,2,-115.829,-115.216,-114.088,PERSISTING,0,1,331.342864,-362.659534,0
15,UES2,21,88,88,0,NA,-106.221,-110.519,UNKNOWN,3,1,-343.329121,315.775895,0
15,UES2,22,89,89,0,NA,-96.1632,-124.09,UNKNOWN,3,1,334.458228,342.868335,0
15,UES2,23,90,90,5,-115.902,-115.406,-111.197,PERSISTING,2,1,329.589381,-343.740850,0
15,UES2,24,91,91,4,-113.67,-116.383,-119.305,PERSISTING,3,1,-343.910425,391.859446,0
15,UES2,25,92,92,0,NA,-118.247,-124.495,UNKNOWN,3,1,328.213626,307.835657,0
15,UES2,26,93,93,0,NA,-122.691,-118.505,UNKNOWN,3,1,354.370192,-413.651906,0
15,UES2,27,94,94,0,NA,-116.496,-123.346,UNKNOWN,3,1,-363.297780,332.870438,0
15,UES2,28,95,95,6,-121.481,-114.824,-117.347,PERSISTING,0,1,324.291852,268.336300,0
15,UES2,29,96,96,2,-114.4,-114.674,-118.702,PERSISTING,3,1,379.393811,-333.493356,0
16,UES1,0,7,7,3,-98.1367,-65.1772,-87.479,SERVED,0,1,-71.503793,-98.385108,0
16,UES1,1,8,8,1,-79.4272,-75.3465,-103.55,SERVED,0,1,81.093516,-43.804785,0
16,UES1,2,9,9,3,-62.4556,-92.7455,-108.288,SERVED,0,1,-125.201291,110.346135,0
16,UES1,3,10,10,4,-99.7309,-92.7324,-89.8348,SERVED,0,1,45.546844,-88.934148,0
16,UES1,4,11,11,1,-86.1944,-71.6785,-76.9832,SERVED,0,1,9.359779,100.634642,0
16,UES1,5,12,12,4,-67.4876,-80.9054,-83.5592,SERVED,0,1,-82.572747,3.755502,0
16,UES1,6,13,13,1,-70.6906,-76.2199,-91.0223,SERVED,0,1,89.269820,0.790302,0
16,UES1,7,14,14,2,-78.4884,-61.251,-86.6135,SERVED,0,1,34.902506,-10.628807,0
16,UES1,8,15,15,2,-96.7058,-69.591,-85.7214,SERVED,0,1,13.588473,-96.688650,0
16,UES1,9,16,16,3,-89.2512,-79.6896,-84.8171,SERVED,0,1,-19.010529,51.289360,0
16,UES1,10,17,17,4,-66.352,-86.5389,-92.3896,SERVED,0,1,-46.021589,-54.648867,0
16,UES1,11,18,18,1,-65.182,-83.1805,-79.0753,SERVED,0,1,6.889114,38.024186,0
16,UES1,12,19,19,7,-94.9911,-101.611,-77.8571,SERVED,0,1,138.007807,-73.251223,0
16,UES1,13,20,20,7,-65.5822,-58.4455,-82.1565,SERVED,0,1,29.412404,37.982509,0
16,UES1,14,21,21,1,-67.3694,-74.6748,-78.8546,SERVED,0,1,27.754131,-37.468874,0
16,UES1,15,22,22,1,-58.9956,-71.0529,-79.6802,SERVED,0,1,93.024379,16.410673,0
16,UES1,16,23,23,4,-87.4957,-97.1134,-94.434,SERVED,0,1,-129.873021,-49.284179,0
16,UES1,17,24,24,1,-86.8658,-86.9983,-81.4864,SERVED,0,1,-6.769158,-19.994559,0
16,UES1,18,25,25,1,-59.6725,-82.8612,-84.131,SERVED,0,1,29.492065,25.864789,0
16,UES1,19,26,26,6,-72.9879,-88.3099,-84.7287,SERVED,0,1,-42.196699,-30.358643,0
16,UES1,20,27,27,3,-68.7931,-91.944,-93.3142,SERVED,0,1,-73.603907,84.701346,0
16,UES1,21,28,28,3,-86.7354,-88.6624,-107.295,SERVED,0,1,-100.912795,130.988168,0
16,UES1,22,29,29,2,-59.4875,-85.8884,-85.8437,SERVED,0,1,135.246728,28.395281,0
16,UES1,23,30,30,6,-69.1606,-86.2339,-82.0939,SERVED,0,1,28.877030,-53.755679,0
16,UES1,24,31,31,2,-71.472,-92.0251,-103.235,SERVED,0,1,21.269352,112.238954,0
16,UES1,25,32,32,1,-93.5613,-70.6106,-103.17,SERVED,0,1,-29.468754,109.589347,0
16,UES1,26,33,33,5,-82.7019,-87.8227,-81.232,SERVED,0,1,153.908049,-16.831680,0
16,UES1,27,34,34,1,-81.4043,-82.8461,-82.2377,SERVED,0,1,51.309656,19.290196,0
16,UES1,28,35,35,4,-52.6947,-65.6943,-100.39,SERVED,0,1,-124.647497,40.214444,0
16,UES1,29,36,36,6,-65.2081,-69.6895,-77.1662,SERVED,0,1,39.201291,18.610079,0
16,UES1,30,37,37,5,-66.5211,-89.5793,-89.8971,SERVED,0,1,19.472809,-130.394326,0
16,UES1,31,38,38,1,-84.5595,-79.1047,-81.6719,SERVED,0,1,96.898549,9.321856,0
16,UES1,32,39,39,1,-75.791,-90.148,-85.6578,SERVED,0,1,43.072829,-16.409979,0
16,UES1,33,40,40,5,-95.6677,-73.78,-86.3515,SERVED,0,1,-60.564258,2.339708,0
16,UES1,34,41,41,4,-92.9818,-96.0941,-83.2833,SERVED,0,1,-41.678070,-105.012296,0
16,UES1,35,42,42,6,-88.0108,-75.5017,-83.5305,SERVED,0,1,48.554558,-23.734362,0
16,UES1,36,43,43,2,-60.5172,-67.5474,-98.9239,SERVED,0,1,123.106308,90.139412,0
16,UES1,37,44,44,6,-82.5483,-80.1696,-80.7151,SERVED,0,1,9.748272,-56.247084,0
16,UES1,38,45,45,1,-63.72,-67.9965,-84.7506,SERVED,0,1,2.396560,-27.429474,0
16,UES1,39,46,46,5,-67.473,-82.965,-77.9076,SERVED,0,1,3.296506,-21.355209,0
16,UES1,40,47,47,4,-59.1476,-75.0103,-81.7086,SERVED,0,1,-134.700961,54.987147,0
16,UES1,41,48,48,6,-109.749,-98.1654,-100.678,ALTERNATIVE_AVAILABLE,0,1,-164.050875,-143.329991,0
16,UES1,42,49,49,3,-62.907,-79.5194,-80.8911,SERVED,0,1,-8.848459,-19.130654,0
16,UES1,43,50,50,3,-87.249,-60.8062,-95.6495,SERVED,0,1,-25.238146,-38.781681,0
16,UES1,44,51,51,7,-90.8294,-77.3015,-78.0028,SERVED,0,1,10.144899,14.110161,0
16,UES1,45,52,52,2,-93.3837,-88.4854,-89.0081,SERVED,0,1,-8.710669,-72.370059,0
16,UES1,46,53,53,7,-64.0334,-86.0993,-72.1048,SERVED,0,1,-55.820762,-89.209437,0
16,UES1,47,54,54,3,-71.6995,-73.8118,-84.8905,SERVED,0,1,-103.713584,11.366905,0
16,UES1,48,55,55,3,-52.1467,-74.1638,-98.39,SERVED,0,1,-113.936416,29.963158,0
16,UES1,49,56,56,6,-68.712,-81.9685,-94.4167,SERVED,0,1,-0.130322,36.237308,0
16,UES1,50,57,57,3,-61.506,-58.059,-98.2655,SERVED,0,1,-76.577412,-26.870189,0
16,UES1,51,58,58,2,-80.2856,-88.386,-88.5251,SERVED,0,1,142.130526,28.053227,0
16,UES1,52,59,59,6,-100.636,-93.0129,-89.5199,ALTERNATIVE_AVAILABLE,0,1,-70.564615,131.141312,0
16,UES1,53,60,60,4,-84.3233,-87.4696,-102.975,SERVED,0,1,-164.422145,-30.264748,0
16,UES1,54,61,61,2,-76.6764,-58.6211,-96.6732,SERVED,0,1,59.355346,-23.455494,0
16,UES1,55,62,62,2,-69.2464,-80.591,-90.0193,SERVED,0,1,53.353074,44.107883,0
16,UES1,56,63,63,3,-89.6727,-75.6945,-92.8505,SERVED,0,1,-34.984213,6.446271,0
16,UES1,57,64,64,4,-69.1592,-59.0607,-101.757,SERVED,0,1,-105.861542,82.846223,0
16,UES1,58,65,65,4,-71.4168,-94.4778,-90.8656,SERVED,0,1,-92.751323,-98.069811,0
16,UES1,59,66,66,1,-68.3599,-89.2093,-92.4051,SERVED,0,1,131.677803,-111.814226,0
16,UES2,0,67,67,6,-117.09,-117.7,-119.963,PERSISTING,0,1,-377.207950,318.439551,0
16,UES2,1,68,68,3,-124.624,-112.306,-118.331,PERSISTING,1,1,308.569349,397.641544,0
16,UES2,2,69,69,1,-113.531,-119.221,-108.187,PERSISTING,0,1,385.610184,-333.696149,0
16,UES2,3,70,70,6,-118.803,-113.748,-117.452,PERSISTING,2,1,-300.566374,353.811700,0
16,UES2,4,71,71,7,-125.139,-115.014,-119.038,PERSISTING,3,1,364.039947,365.191918,0
16,UES2,5,72,72,0,NA,-121.843,-116.219,UNKNOWN,4,1,335.974166,-341.355615,0
16,UES2,6,73,73,3,-114.483,-113.386,-119.081,PERSISTING,0,1,-375.646800,346.648206,0
16,UES2,7,74,74,0,NA,-122.389,-125.887,UNKNOWN,4,1,431.590681,334.302521,0
16,UES2,8,75,75,2,-110.563,-109.542,-115.454,PERSISTING,2,1,328.315773,-368.824506,0
16,UES2,9,76,76,6,-87.4697,-85.7085,-118.237,SERVED,0,1,-382.306927,290.482198,0
16,UES2,10,77,77,5,-125.273,-100.643,-120.843,PERSISTING,0,1,388.572925,350.413800,0
16,UES2,11,78,78,2,-115.054,-112.232,-111.797,PERSISTING,0,1,323.204357,-308.294440,0
16,UES2,12,79,79,7,-114.018,-84.0847,-116.785,ALTERNATIVE_AVAILABLE,0,1,-366.637053,290.395370,0
16,UES2,13,80,80,0,NA,-119.232,-127.185,UNKNOWN,4,1,404.359539,343.696927,0
16,UES2,14,81,81,6,-116.302,-112.351,-110.842,PERSISTING,4,1,349.389390,-336.455734,0
16,UES2,15,82,82,1,-115.467,-112.795,-92.4616,ALTERNATIVE_AVAILABLE,0,1,-313.516554,326.365343,0
16,UES2,16,83,83,1,-109.444,-107.694,-114.68,PERSISTING,2,1,289.290123,314.756000,0
16,UES2,17,84,84,5,-115.667,-114.695,-85.9023,ALTERNATIVE_AVAILABLE,0,1,328.289937,-301.462658,0
16,UES2,18,85,85,4,-114.665,-114.142,-116.449,PERSISTING,3,1,-311.226979,348.364461,0
16,UES2,19,86,86,2,-117.59,-114.604,-116.53,PERSISTING,4,1,359.562464,334.681448,0
16,UES2,20,87,87,2,-114.74,-113.937,-113.372,PERSISTING,1,1,332.358354,-358.790591,0
16,UES2,21,88,88,0,NA,-119.208,-121.228,UNKNOWN,4,1,-340.389105,318.488874,0
16,UES2,22,89,89,0,NA,-114.917,-122.165,UNKNOWN,4,1,338.434066,342.418978,0
16,UES2,23,90,90,5,-113.252,-116.034,-112.548,PERSISTING,3,1,326.577600,-341.109595,0
16,UES2,24,91,91,4,-121.647,-114.518,-117.961,PERSISTING,4,1,-347.517865,390.130778,0
16,UES2,25,92,92,0,NA,-96.3046,-108.608,UNKNOWN,4,1,324.401654,309.048181,0
16,UES2,26,93,93,0,NA,-121.971,-122.581,UNKNOWN,4,1,357.081752,-410.711162,0
16,UES2,27,94,94,0,NA,-118.757,-121.814,UNKNOWN,4,1,-359.476238,331.685667,0
16,UES2,28,95,95,6,-85.4198,-115.978,-114.409,SERVED,0,1,322.789549,272.043340,0
16,UES2,29,96,96,2,-117.457,-116.746,-108.401,PERSISTING,4,1,378.323301,-337.347334,0
17,UES1,0,7,7,4,-92.1984,-82.7623,-93.3668,SERVED,0,1,-74.357689,-102.490133,0
17,UES1,1,8,8,1,-65.6339,-84.3931,-105.467,SERVED,0,1,84.345713,-47.603133,0
17,UES1,2,9,9,3,-77.4983,-81.4898,-94.0423,SERVED,0,1,-128.457077,114.140350,0
17,UES1,3,10,10,4,-101.366,-84.5983,-101.456,ALTERNATIVE_AVAILABLE,0,1,49.446131,-92.065095,0
17,UES1,4,11,11,1,-93.6917,-88.6502,-87.3654,SERVED,0,1,13.166967,103.877083,0
17,UES1,5,12,12,3,-62.0789,-79.216,-87.4969,SERVED,0,1,-85.663470,7.685050,0
17,UES1,6,13,13,1,-65.0055,-59.7812,-102.725,SERVED,0,1,89.267428,5.790301,0
17,UES1,7,14,14,2,-84.6319,-59.4044,-86.2296,SERVED,0,1,33.776975,-15.500264,0
17,UES1,8,15,15,2,-96.7783,-78.6776,-90.1718,SERVED,0,1,15.973497,-101.083333,0
17,UES1,9,16,16,4,-89.8345,-71.9294,-92.715,SERVED,0,1,-14.429464,49.284033,0
17,UES1,10,17,17,4,-60.8474,-75.7755,-89.7511,SERVED,0,1,-46.943783,-59.563075,0
17,UES1,11,18,18,1,-87.1728,-78.7962,-88.0919,SERVED,0,1,2.133418,39.565045,0
17,UES1,12,19,19,7,-98.042,-97.794,-102.027,SERVED,0,1,142.762306,-71.700369,0
17,UES1,13,20,20,7,-100.791,-67.1243,-85.7919,ALTERNATIVE_AVAILABLE,0,1,31.802213,42.374952,0
17,UES1,14,21,21,1,-76.8695,-70.5628,-95.7654,SERVED,0,1,31.241960,-41.051623,0
17,UES1,15,22,22,1,-55.5681,-77.7889,-93.7403,SERVED,0,1,92.590195,11.429570,0
17,UES1,16,23,23,4,-94.8825,-99.8278,-90.4072,SERVED,0,1,-134.863152,-48.986949,0
17,UES1,17,24,24,1,-82.6428,-80.7514,-93.8771,SERVED,0,1,-10.466305,-23.360594,0
17,UES1,18,25,25,1,-68.3649,-87.7277,-77.5144,SERVED,0,1,32.247880,21.692705,0
17,UES1,19,26,26,6,-81.8919,-87.1768,-87.872,SERVED,0,1,-44.458525,-34.817807,0
17,UES1,20,27,27,3,-79.2937,-89.0999,-86.2921,SERVED,0,1,-77.439801,87.907929,0
17,UES1,21,28,28,3,-78.5085,-96.4655,-107.691,SERVED,0,1,-102.460549,135.742238,0
17,UES1,22,29,29,2,-77.6973,-95.3392,-105.799,SERVED,0,1,138.915168,31.793046,0
17,UES1,23,30,30,6,-71.888,-80.8303,-81.3056,SERVED,0,1,30.296801,-58.550061,0
17,UES1,24,31,31,2,-81.332,-71.815,-98.9472,SERVED,0,1,16.937076,114.734551,0
17,UES1,25,32,32,1,-94.0005,-77.6789,-98.5911,SERVED,0,1,-29.821604,114.576846,0
17,UES1,26,33,33,5,-106.217,-95.4097,-96.8908,ALTERNATIVE_AVAILABLE,0,1,157.448507,-13.300062,0
17,UES1,27,34,34,1,-58.7981,-76.9289,-67.3645,SERVED,0,1,51.105123,24.285991,0
17,UES1,28,35,35,4,-69.2007,-65.1531,-85.0734,SERVED,0,1,-129.343387,41.931595,0
17,UES1,29,36,36,6,-72.7486,-58.8909,-87.0547,SERVED,0,1,42.696297,15.033939,0
17,UES1,30,37,37,5,-67.3003,-108.134,-65.3963,SERVED,0,1,17.482498,-134.980808,0
17,UES1,31,38,38,1,-65.9201,-77.0085,-86.5715,SERVED,0,1,101.655441,10.862650,0
17,UES1,32,39,39,1,-73.4593,-94.6452,-66.7506,SERVED,0,1,43.498641,-21.391818,0
17,UES1,33,40,40,5,-81.9117,-70.8428,-96.254,SERVED,0,1,-62.418214,6.983092,0
17,UES1,34,41,41,4,-96.0466,-83.3685,-96.4904,SERVED,0,1,-39.993960,-109.720346,0
17,UES1,35,42,42,6,-66.2188,-80.8288,-79.1068,SERVED,0,1,52.960992,-26.097857,0
17,UES1,36,43,43,2,-61.4842,-64.1068,-92.5758,SERVED,0,1,126.933829,93.356731,0
17,UES1,37,44,44,6,-64.8672,-81.0933,-81.349,SERVED,0,1,10.829547,-61.128779,0
17,UES1,38,45,45,1,-76.2803,-63.6764,-82.6208,SERVED,0,1,-1.875911,-30.025892,0
17,UES1,39,46,46,5,-76.1487,-86.6759,-76.8668,SERVED,0,1,-1.697213,-21.124897,0
17,UES1,40,47,47,4,-85.767,-92.2803,-105.912,SERVED,0,1,-137.216360,59.307901,0
17,UES1,41,48,48,6,-108.227,-104.459,-104.035,PERSISTING,0,1,-168.136755,-146.211098,0
17,UES1,42,49,49,3,-78.8586,-65.989,-91.2687,SERVED,0,1,-6.579457,-23.586180,0
17,UES1,43,50,50,3,-92.4907,-71.1967,-88.2045,SERVED,0,1,-21.635492,-42.249694,0
17,UES1,44,51,51,7,-81.7897,-86.4987,-79.3333,SERVED,0,1,8.331611,18.769541,0
17,UES1,45,52,52,2,-99.5566,-81.4132,-79.908,SERVED,0,1,-12.031044,-76.107691,0
17,UES1,46,53,53,7,-82.3105,-95.2386,-93.2166,SERVED,0,1,-58.314632,-93.543084,0
17,UES1,47,54,54,3,-62.3111,-80.596,-98.645,SERVED,0,1,-105.144121,6.575917,0
17,UES1,48,55,55,3,-52.6291,-76.1607,-97.3963,SERVED,0,1,-117.635955,26.600668,0
17,UES1,49,56,56,6,-67.1214,-77.7959,-94.7664,SERVED,0,1,3.381429,32.677910,0
17,UES1,50,57,57,4,-58.171,-89.2842,-91.6677,SERVED,0,1,-77.411095,-31.800196,0
17,UES1,51,58,58,2,-76.9377,-96.6787,-95.2249,SERVED,0,1,147.097931,28.630533,0
17,UES1,52,59,59,6,-87.6694,-86.6214,-94.0465,SERVED,0,1,-74.552414,134.156106,0
17,UES1,53,60,60,4,-63.3608,-83.7722,-104.317,SERVED,0,1,-169.265156,-31.504087,0
17,UES1,54,61,61,2,-83.6126,-77.1426,-87.575,SERVED,0,1,58.409230,-28.365143,0
17,UES1,55,62,62,2,-56.881,-71.3074,-91.1754,SERVED,0,1,57.155478,40.860778,0
17,UES1,56,63,63,3,-74.465,-86.2891,-92.0513,SERVED,0,1,-34.527302,1.467166,0
17,UES1,57,64,64,4,-84.9573,-79.9361,-104.541,SERVED,0,1,-107.640143,87.519027,0
17,UES1,58,65,65,4,-81.6985,-77.8932,-95.3104,SERVED,0,1,-93.890011,-102.938388,0
17,UES1,59,66,66,1,-97.9338,-98.9054,-103.26,SERVED,0,1,135.357009,-115.200503,0
17,UES2,0,67,67,6,-121.567,-110.691,-117.685,PERSISTING,1,1,-381.205318,318.585820,0
17,UES2,1,68,68,3,-118.008,-106.517,-117.783,PERSISTING,2,1,306.324269,400.952185,0
17,UES2,2,69,69,1,-114.854,-116.139,-94.9217,ALTERNATIVE_AVAILABLE,0,1,383.288553,-336.952569,0
17,UES2,3,70,70,6,-115.716,-88.7655,-117.483,ALTERNATIVE_AVAILABLE,0,1,-298.245939,357.070494,0
17,UES2,4,71,71,7,-120.858,-115.272,-114.805,PERSISTING,4,1,364.591349,361.229992,0
17,UES2,5,72,72,0,NA,-122.185,-120.095,UNKNOWN,5,1,334.424019,-345.042983,0
17,UES2,6,73,73,3,-116.361,-116.631,-117.169,PERSISTING,1,1,-371.699668,347.300642,0
17,UES2,7,74,74,0,NA,-122.379,-124.24,UNKNOWN,5,1,428.294228,336.567468,0
17,UES2,8,75,75,2,-112.087,-115.423,-96.5739,ALTERNATIVE_AVAILABLE,0,1,330.588364,-372.116098,0
17,UES2,9,76,76,6,-116.333,-114.889,-101.588,PERSISTING,0,1,-386.299510,290.720927,0
17,UES2,10,77,77,5,-99.7561,-117.288,-117.951,SERVED,0,1,390.791692,347.084975,0
17,UES2,11,78,78,2,-116.961,-116.046,-116.428,PERSISTING,1,1,319.257225,-307.650928,0
17,UES2,12,79,79,7,-122.002,-113.257,-115.97,PERSISTING,0,1,-370.608107,290.873699,0
17,UES2,13,80,80,0,NA,-106.25,-128.349,UNKNOWN,5,1,402.966081,339.947458,0
17,UES2,14,81,81,6,-117.83,-113.592,-115.337,PERSISTING,5,1,352.730099,-338.655287,0
17,UES2,15,82,82,4,-115.436,-113.965,-118.402,PERSISTING,0,1,-312.014252,330.072801,0
17,UES2,16,83,83,1,-112.753,-101.95,-95.2868,ALTERNATIVE_AVAILABLE,0,1,285.947022,316.952659,0
17,UES2,17,84,84,5,-112.84,-93.1851,-111.726,ALTERNATIVE_AVAILABLE,0,1,329.055442,-297.536590,0
17,UES2,18,85,85,4,-111.591,-112.779,-104.744,PERSISTING,4,1,-313.693338,351.513346,0
17,UES2,19,86,86,2,-118.193,-117.888,-119.213,PERSISTING,5,1,362.355359,337.545375,0
17,UES2,20,87,87,2,-113.223,-96.9072,-113.918,ALTERNATIVE_AVAILABLE,0,1,333.373843,-354.921644,0
17,UES2,21,88,88,0,NA,-114.955,-127.332,UNKNOWN,5,1,-337.449090,321.201867,0
17,UES2,22,89,89,0,NA,-115.972,-120.566,UNKNOWN,5,1,342.409904,341.969544,0
17,UES2,23,90,90,5,-110.386,-112.565,-112.004,PERSISTING,4,1,323.565819,-338.478453,0
17,UES2,24,91,91,4,-113.76,-93.2386,-106.667,ALTERNATIVE_AVAILABLE,0,1,-351.125304,388.402110,0
17,UES2,25,92,92,0,NA,-116.751,-115.123,UNKNOWN,5,1,320.589681,310.260702,0
17,UES2,26,93,93,0,NA,-122.689,-121.774,UNKNOWN,5,1,359.793311,-407.770398,0
17,UES2,27,94,94,0,NA,-120.405,-122.342,UNKNOWN,5,1,-355.654697,330.500886,0
17,UES2,28,95,95,6,-114.29,-114.097,-119.488,PERSISTING,0,1,321.287247,275.750328,0
17,UES2,29,96,96,2,-112.563,-112.306,-117.553,PERSISTING,5,1,377.252791,-341.201306,0
18,UES1,0,7,7,4,-95.2624,-66.6376,-90.7072,SERVED,0,1,-77.211585,-106.595157,0
18,UES1,1,8,8,1,-60.396,-89.8356,-96.9466,SERVED,0,1,87.597911,-51.401483,0
18,UES1,2,9,9,3,-78.6788,-89.654,-107.174,SERVED,0,1,-131.712862,117.934564,0
18,UES1,3,10,10,4,-84.1038,-87.2863,-92.8037,SERVED,0,1,53.345419,-95.196043,0
18,UES1,4,11,11,1,-92.2765,-68.3513,-92.6306,SERVED,0,1,16.974155,107.119525,0
18,UES1,5,12,12,3,-63.607,-73.5897,-88.829,SERVED,0,1,-88.754194,11.614591,0
18,UES1,6,13,13,1,-66.1546,-78.498,-98.4945,SERVED,0,1,89.265035,10.790300,0
18,UES1,7,14,14,2,-80.5804,-59.7017,-97.71,SERVED,0,1,32.651445,-20.371720,0
18,UES1,8,15,15,2,-103.825,-66.6709,-88.9805,ALTERNATIVE_AVAILABLE,0,1,18.358522,-105.478016,0
18,UES1,9,16,16,4,-91.6272,-79.451,-95.7923,SERVED,0,1,-9.848399,47.278704,0
18,UES1,10,17,17,4,-72.3517,-89.7623,-88.4543,SERVED,0,1,-47.865976,-64.477283,0
18,UES1,11,18,18,1,-64.7771,-82.1322,-87.1243,SERVED,0,1,-2.622278,41.105902,0
18,UES1,12,19,19,7,-90.2798,-101.894,-103.252,SERVED,0,1,147.516806,-70.149511,0
18,UES1,13,20,20,7,-78.5946,-65.006,-86.4719,SERVED,0,1,34.192022,46.767398,0
18,UES1,14,21,21,1,-65.1267,-76.595,-91.1057,SERVED,0,1,34.729789,-44.634372,0
18,UES1,15,22,22,1,-52.5934,-69.8163,-85.5102,SERVED,0,1,92.156010,6.448467,0
18,UES1,16,23,23,4,-89.2346,-97.5726,-86.1409,SERVED,0,1,-139.853283,-48.689719,0
18,UES1,17,24,24,1,-76.6802,-73.4585,-79.0897,SERVED,0,1,-14.163452,-26.726607,0
18,UES1,18,25,25,1,-59.0796,-83.8635,-72.3967,SERVED,0,1,35.003696,17.520620,0
18,UES1,19,26,26,6,-79.9292,-87.3635,-86.6759,SERVED,0,1,-46.720351,-39.276970,0
18,UES1,20,27,27,3,-81.6108,-82.6236,-86.1677,SERVED,0,1,-81.275695,91.114510,0
18,UES1,21,28,28,3,-63.1866,-95.0314,-106.92,SERVED,0,1,-104.008303,140.496307,0
18,UES1,22,29,29,2,-61.3413,-95.2764,-101.736,SERVED,0,1,142.583609,35.190813,0
18,UES1,23,30,30,6,-92.5008,-90.9783,-82.5607,SERVED,0,1,31.716572,-63.344443,0
18,UES1,24,31,31,2,-85.1155,-81.0965,-92.3548,SERVED,0,1,12.604800,117.230148,0
18,UES1,25,32,32,1,-85.7143,-65.2708,-92.3699,SERVED,0,1,-30.174453,119.564345,0
18,UES1,26,33,33,5,-108.17,-95.1882,-90.7744,ALTERNATIVE_AVAILABLE,0,1,160.988964,-9.768440,0
18,UES1,27,34,34,1,-50.7138,-79.9127,-80.9034,SERVED,0,1,50.900590,29.281785,0
18,UES1,28,35,35,4,-66.1467,-82.7854,-94.425,SERVED,0,1,-134.039278,43.648746,0
18,UES1,29,36,36,6,-74.6183,-49.9562,-94.8821,SERVED,0,1,46.191303,11.457770,0
18,UES1,30,37,37,5,-89.799,-97.8685,-93.1263,SERVED,0,1,15.492186,-139.567289,0
18,UES1,31,38,38,1,-73.0664,-73.539,-76.472,SERVED,0,1,106.412333,12.403444,0
18,UES1,32,39,39,1,-81.9265,-100.658,-66.2639,SERVED,0,1,43.924453,-26.373656,0
18,UES1,33,40,40,5,-96.8679,-68.7411,-89.3173,SERVED,0,1,-64.272169,11.626472,0
18,UES1,34,41,41,4,-76.6169,-77.7163,-86.7895,SERVED,0,1,-38.309851,-114.428396,0
18,UES1,35,42,42,6,-80.1996,-79.355,-88.5215,SERVED,0,1,57.367427,-28.461352,0
18,UES1,36,43,43,2,-62.2129,-93.0327,-97.711,SERVED,0,1,130.761351,96.574051,0
18,UES1,37,44,44,6,-94.8265,-84.3391,-81.0118,SERVED,0,1,11.910822,-66.010474,0
18,UES1,38,45,45,1,-89.5623,-79.8859,-88.9732,SERVED,0,1,-6.148382,-32.622307,0
18,UES1,39,46,46,5,-88.3436,-90.7544,-76.9553,SERVED,0,1,-6.690933,-20.894584,0
18,UES1,40,47,47,4,-70.3606,-79.8231,-105.104,SERVED,0,1,-139.731759,63.628654,0
18,UES1,41,48,48,6,-117.124,-105.978,-103.486,PERSISTING,1,1,-172.222634,-149.092203,0
18,UES1,42,49,49,3,-88.814,-64.9791,-93.0937,SERVED,0,1,-4.310454,-28.041709,0
18,UES1,43,50,50,3,-81.7116,-91.8506,-91.5316,SERVED,0,1,-18.032837,-45.717715,0
18,UES1,44,51,51,7,-84.2848,-84.8544,-77.3276,SERVED,0,1,6.518323,23.428918,0
18,UES1,45,52,52,2,-97.5586,-90.7979,-88.9608,SERVED,0,1,-15.351419,-79.845321,0
18,UES1,46,53,53,7,-85.4292,-93.6455,-64.4404,SERVED,0,1,-60.808502,-97.876731,0
18,UES1,47,54,54,3,-76.12,-67.0507,-89.3882,SERVED,0,1,-106.574657,1.784930,0
18,UES1,48,55,55,3,-68.7129,-68.891,-93.5382,SERVED,0,1,-121.335494,23.238184,0
18,UES1,49,56,56,6,-65.4437,-85.8139,-76.0808,SERVED,0,1,6.893180,29.118511,0
18,UES1,50,57,57,4,-69.7277,-80.2191,-98.5318,SERVED,0,1,-78.244777,-36.730204,0
18,UES1,51,58,58,2,-79.0279,-86.7632,-105.72,SERVED,0,1,152.065337,29.207842,0
18,UES1,52,59,59,6,-99.3819,-90.9999,-100.602,SERVED,0,1,-78.540213,137.170894,0
18,UES1,53,60,60,4,-87.2813,-90.7089,-86.9858,SERVED,0,1,-174.108167,-32.743423,0
18,UES1,54,61,61,2,-67.0927,-70.5465,-107.997,SERVED,0,1,57.463115,-33.274792,0
18,UES1,55,62,62,2,-57.0311,-74.7675,-86.0016,SERVED,0,1,60.957881,37.613672,0
18,UES1,56,63,63,3,-68.2321,-69.9238,-81.2401,SERVED,0,1,-34.070392,-3.511939,0
18,UES1,57,64,64,4,-73.2523,-72.7632,-104.163,SERVED,0,1,-109.418745,92.191831,0
18,UES1,58,65,65,4,-89.9123,-86.1039,-93.6597,SERVED,0,1,-95.028698,-107.806964,0
18,UES1,59,66,66,1,-95.5723,-99.734,-93.848,SERVED,0,1,139.036214,-118.586783,0
18,UES2,0,67,67,6,-99.0967,-113.234,-119.755,SERVED,0,1,-385.202686,318.732087,0
18,UES2,1,68,68,3,-123.417,-115.275,-119.608,PERSISTING,3,1,304.079188,404.262826,0
18,UES2,2,69,69,1,-114.147,-114.177,-117.771,PERSISTING,0,1,380.966922,-340.208967,0
18,UES2,3,70,70,6,-115.489,-97.5384,-120.211,ALTERNATIVE_AVAILABLE,0,1,-295.925504,360.329312,0
18,UES2,4,71,71,7,-116.462,-100.297,-114.589,PERSISTING,5,1,365.142751,357.268054,0
18,UES2,5,72,72,0,NA,-124.581,-125.38,PERSISTING,0,1,332.873873,-348.730350,0
18,UES2,6,73,73,3,-100.217,-112.558,-119.949,PERSISTING,2,1,-367.752536,347.953099,0
18,UES2,7,74,74,0,NA,-122.421,-117.552,PERSISTING,0,1,424.997775,338.832406,0
18,UES2,8,75,75,2,-116.501,-113.173,-113.847,PERSISTING,0,1,332.860955,-375.407690,0
18,UES2,9,76,76,6,-119.25,-115.218,-119.937,PERSISTING,1,1,-390.292094,290.959650,0
18,UES2,10,77,77,5,-117.989,-100.677,-117.208,PERSISTING,0,1,393.010458,343.756125,0
18,UES2,11,78,78,2,-116.527,-112.255,-116.827,PERSISTING,2,1,315.310094,-307.007448,0
18,UES2,12,79,79,7,-119.018,-112.817,-117.834,PERSISTING,1,1,-374.579161,291.352025,0
18,UES2,13,80,80,0,NA,-121.239,-123.932,PERSISTING,0,1,401.572624,336.197990,0
18,UES2,14,81,81,6,-117.247,-102.732,-115.378,MOVE_REQUIRED,6,1,356.070807,-340.854840,1
18,UES2,15,82,82,4,-113.269,-115.642,-115.124,PERSISTING,1,1,-310.511950,333.780281,0
18,UES2,16,83,83,1,-90.7908,-107.253,-115.332,SERVED,0,1,282.603921,319.149317,0
18,UES2,17,84,84,5,-113.591,-114.879,-114.016,PERSISTING,0,1,329.820946,-293.610515,0
18,UES2,18,85,85,4,-116.467,-108.06,-116.031,PERSISTING,5,1,-316.159697,354.662216,0
18,UES2,19,86,86,2,-117.407,-103.685,-118.218,MOVE_REQUIRED,6,1,365.148253,340.409308,1
18,UES2,20,87,87,2,-115.918,-115.608,-113.103,PERSISTING,0,1,334.389332,-351.052683,0
18,UES2,21,88,88,0,NA,-119.686,-110.271,PERSISTING,0,1,-334.509075,323.914877,0
18,UES2,22,89,89,0,NA,-117.431,-106.609,PERSISTING,0,1,340.321034,340.494001,0
18,UES2,23,90,90,5,-113.914,-115.032,-113.449,PERSISTING,5,1,320.554038,-335.847497,0
18,UES2,24,91,91,4,-117.794,-112.734,-119.585,PERSISTING,0,1,-354.732743,386.673442,0
18,UES2,25,92,92,2,-108.222,-113.685,-97.8453,ALTERNATIVE_AVAILABLE,0,1,316.777709,311.473221,0
18,UES2,26,93,93,0,NA,-123.21,-120.006,PERSISTING,0,1,362.504871,-404.829609,0
18,UES2,27,94,94,6,-117.459,-115.91,-117.861,PERSISTING,0,1,-351.833156,329.316092,0
18,UES2,28,95,95,6,-116.246,-112.691,-109.549,PERSISTING,1,1,319.784945,279.457208,0
18,UES2,29,96,96,2,-118.189,-112.207,-116.45,MOVE_REQUIRED,6,1,376.182281,-345.055269,1
19,UES1,0,7,7,4,-84.4442,-85.4889,-81.0728,SERVED,0,1,-80.065481,-110.700179,0
19,UES1,1,8,8,1,-69.4424,-92.0742,-96.8911,SERVED,0,1,90.850108,-55.199834,0
19,UES1,2,9,9,3,-64.3773,-89.991,-106.583,SERVED,0,1,-134.968648,121.728775,0
19,UES1,3,10,10,1,-92.725,-70.0848,-93.1659,SERVED,0,1,57.244707,-98.326994,0
19,UES1,4,11,11,1,-86.8883,-90.9087,-91.1175,SERVED,0,1,20.781343,110.361970,0
19,UES1,5,12,12,3,-51.8987,-70.3712,-78.0296,SERVED,0,1,-91.844918,15.544126,0
19,UES1,6,13,13,1,-77.7233,-53.371,-84.3461,SERVED,0,1,89.262643,15.790298,0
19,UES1,7,14,14,2,-91.2087,-58.5973,-87.6565,SERVED,0,1,31.525914,-25.243175,0
19,UES1,8,15,15,2,-98.4856,-93.6784,-89.0744,SERVED,0,1,20.743546,-109.872700,0
19,UES1,9,16,16,4,-102.487,-88.3642,-80.0723,ALTERNATIVE_AVAILABLE,0,1,-5.267334,45.273374,0
19,UES1,10,17,17,4,-81.8158,-96.2036,-100.499,SERVED,0,1,-48.788170,-69.391490,0
19,UES1,11,18,18,1,-76.0449,-87.7968,-85.9797,SERVED,0,1,-7.377973,42.646758,0
19,UES1,12,19,19,7,-97.8732,-82.5146,-76.7014,SERVED,0,1,152.271305,-68.598650,0
19,UES1,13,20,20,1,-71.5626,-85.8853,-66.3997,SERVED,0,1,36.581831,51.159847,0
19,UES1,14,21,21,1,-72.2707,-95.4737,-75.9263,SERVED,0,1,38.217618,-48.217123,0
19,UES1,15,22,22,1,-54.342,-70.8556,-84.836,SERVED,0,1,91.721826,1.467364,0
19,UES1,16,23,23,4,-87.8047,-97.1525,-104.693,SERVED,0,1,-144.843415,-48.392491,0
19,UES1,17,24,24,1,-91.1324,-92.2852,-93.9645,SERVED,0,1,-17.860598,-30.092579,0
19,UES1,18,25,25,1,-51.3717,-94.8868,-71.9623,SERVED,0,1,37.759511,13.348535,0
19,UES1,19,26,26,6,-73.7357,-82.5677,-86.4832,SERVED,0,1,-48.982177,-43.736134,0
19,UES1,20,27,27,3,-79.4154,-92.0133,-103.473,SERVED,0,1,-85.111590,94.321090,0
19,UES1,21,28,28,3,-87.594,-93.0976,-108.358,SERVED,0,1,-105.556058,145.250373,0
19,UES1,22,29,29,2,-82.1704,-91.1778,-83.0774,SERVED,0,1,146.252049,38.588580,0
19,UES1,23,30,30,6,-91.3934,-89.2343,-80.2328,SERVED,0,1,33.136344,-68.138827,0
19,UES1,24,31,31,2,-96.7494,-65.7202,-90.3036,SERVED,0,1,8.272524,119.725744,0
19,UES1,25,32,32,4,-73.181,-84.6778,-80.3797,SERVED,0,1,-30.527303,124.551844,0
19,UES1,26,33,33,5,-103.457,-98.0063,-102.728,ALTERNATIVE_AVAILABLE,0,1,164.529422,-6.236815,0
19,UES1,27,34,34,1,-48.8701,-82.0179,-93.3867,SERVED,0,1,50.696056,34.277580,0
19,UES1,28,35,35,4,-64.9777,-71.4028,-94.9648,SERVED,0,1,-138.735169,45.365897,0
19,UES1,29,36,36,6,-64.9064,-48.9199,-74.6099,SERVED,0,1,49.686308,7.881570,0
19,UES1,30,37,37,5,-66.6907,-104.152,-91.2753,SERVED,0,1,13.501875,-144.153768,0
19,UES1,31,38,38,1,-88.1883,-73.5395,-87.487,SERVED,0,1,111.169224,13.944238,0
19,UES1,32,39,39,1,-70.7169,-103.693,-89.0535,SERVED,0,1,44.350265,-31.355495,0
19,UES1,33,40,40,4,-72.4392,-80.9579,-72.0452,SERVED,0,1,-66.126125,16.269848,0
19,UES1,34,41,41,4,-83.7487,-83.1515,-85.4136,SERVED,0,1,-36.625741,-119.136448,0
19,UES1,35,42,42,6,-90.1397,-78.2457,-98.0974,SERVED,0,1,61.773861,-30.824849,0
19,UES1,36,43,43,2,-63.7811,-96.6943,-100.378,SERVED,0,1,134.588873,99.791372,0
19,UES1,37,44,44,6,-63.3846,-97.7783,-78.4331,SERVED,0,1,12.992097,-70.892169,0
19,UES1,38,45,45,1,-77.4542,-63.2141,-88.9273,SERVED,0,1,-10.420853,-35.218720,0
19,UES1,39,46,46,5,-69.6238,-88.6409,-75.2593,SERVED,0,1,-11.684653,-20.664272,0
19,UES1,40,47,47,4,-67.111,-85.1839,-97.8144,SERVED,0,1,-142.247159,67.949405,0
19,UES1,41,48,48,6,-106.63,-84.5991,-104.84,ALTERNATIVE_AVAILABLE,0,1,-176.308514,-151.973306,0
19,UES1,42,49,49,3,-87.4336,-69.9119,-79.1322,SERVED,0,1,-2.041451,-32.497255,0
19,UES1,43,50,50,3,-90.0474,-86.91,-91.6962,SERVED,0,1,-14.430182,-49.185743,0
19,UES1,44,51,51,7,-92.7251,-96.9098,-71.3524,SERVED,0,1,4.705034,28.088293,0
19,UES1,45,52,52,2,-97.0048,-91.2072,-87.7378,SERVED,0,1,-18.671794,-83.582948,0
19,UES1,46,53,53,7,-64.3592,-95.2256,-93.2579,SERVED,0,1,-63.302371,-102.210378,0
19,UES1,47,54,54,3,-59.0997,-59.3941,-82.9972,SERVED,0,1,-108.005193,-3.006058,0
19,UES1,48,55,55,3,-77.6143,-67.7496,-87.5001,SERVED,0,1,-125.035033,19.875704,0
19,UES1,49,56,56,6,-64.8543,-73.423,-99.9624,SERVED,0,1,10.404932,25.559111,0
19,UES1,50,57,57,4,-74.0321,-84.8132,-97.7516,SERVED,0,1,-79.078459,-41.660211,0
19,UES1,51,58,58,2,-90.399,-79.8283,-108.061,SERVED,0,1,157.032742,29.785154,0
19,UES1,52,59,59,6,-97.8715,-95.6106,-83.0975,SERVED,0,1,-82.528013,140.185677,0
19,UES1,53,60,60,4,-92.3993,-64.6898,-108.283,SERVED,0,1,-178.951178,-33.982758,0
19,UES1,54,61,61,1,-71.1004,-90.5094,-98.1543,SERVED,0,1,56.516999,-38.184440,0
19,UES1,55,62,62,2,-54.9622,-63.1085,-91.9587,SERVED,0,1,64.760285,34.366565,0
19,UES1,56,63,63,3,-83.9459,-85.6309,-94.7004,SERVED,0,1,-33.613482,-8.491045,0
19,UES1,57,64,64,3,-80.8534,-81.7446,-106.771,SERVED,0,1,-111.197346,96.864634,0
19,UES1,58,65,65,4,-96.1229,-100.651,-97.5973,SERVED,0,1,-96.167386,-112.675541,0
19,UES1,59,66,66,1,-81.7203,-100.152,-94.2124,SERVED,0,1,142.715419,-121.973064,0
19,UES2,0,67,67,6,-116.359,-114.025,-116.825,PERSISTING,0,1,-389.200054,318.878354,0
19,UES2,1,68,68,3,-116.044,-90.082,-117.585,ALTERNATIVE_AVAILABLE,0,1,301.834107,407.573466,0
19,UES2,2,69,69,1,-118.2,-114.348,-115.95,PERSISTING,1,1,378.645291,-343.465342,0
19,UES2,3,70,70,6,-115.035,-115.525,-119.679,PERSISTING,0,1,-293.605069,363.588155,0
19,UES2,4,71,71,7,-118.295,-115.987,-116.205,MOVE_REQUIRED,6,1,365.694154,353.306103,1
19,UES2,5,72,72,0,NA,-121.17,-120.912,PERSISTING,1,1,331.323727,-352.417718,0
19,UES2,6,73,73,3,-114.176,-113.923,-117.974,PERSISTING,3,1,-363.805405,348.605587,0
19,UES2,7,74,74,0,NA,-121.671,-124.358,PERSISTING,1,1,421.701322,341.097334,0
19,UES2,8,75,75,2,-120.691,-115.297,-114.956,PERSISTING,1,1,335.133546,-378.699282,0
19,UES2,9,76,76,6,-120.159,-114.123,-117.696,PERSISTING,2,1,-394.284678,291.198363,0
19,UES2,10,77,77,5,-121.697,-118.417,-121.386,PERSISTING,1,1,395.229225,340.427247,0
19,UES2,11,78,78,2,-109.077,-113.457,-116.402,PERSISTING,3,1,311.362962,-306.364029,0
19,UES2,12,79,79,7,-121.242,-112.682,-116.711,PERSISTING,2,1,-378.550214,291.830347,0
19,UES2,13,80,80,0,NA,-120.595,-105.037,PERSISTING,1,1,400.179167,332.448523,0
19,UES2,14,81,81,4,-110.537,-113.722,-77.9653,ALTERNATIVE_AVAILABLE,0,1,359.411516,-343.054394,0
19,UES2,15,82,82,4,-113.607,-115.358,-120.325,PERSISTING,2,1,-309.009647,337.487788,0
19,UES2,16,83,83,1,-118.309,-108.504,-114.955,PERSISTING,0,1,279.260820,321.345975,0
19,UES2,17,84,84,5,-113.113,-109.037,-94.6768,ALTERNATIVE_AVAILABLE,0,1,330.995517,-289.900384,0
19,UES2,18,85,85,4,-115.34,-115.518,-121.325,MOVE_REQUIRED,6,1,-318.626056,357.811069,1
19,UES2,19,86,86,2,-113.127,-121.936,-115.691,MOVE_REQUIRED,7,1,367.941148,343.273247,1
19,UES2,20,87,87,2,-117.438,-114.588,-115.211,PERSISTING,1,1,333.344419,-347.593769,0
19,UES2,21,88,88,0,NA,-118.171,-126.393,PERSISTING,1,1,-331.569060,326.627906,0
19,UES2,22,89,89,0,NA,-116.293,-123.398,PERSISTING,1,1,336.715987,338.761970,0
19,UES2,23,90,90,5,-113.619,-111.983,-77.0849,ALTERNATIVE_AVAILABLE,0,1,317.541300,-333.216803,0
19,UES2,24,91,91,4,-120.189,-115.787,-119.122,PERSISTING,1,1,-358.340182,384.944774,0
19,UES2,25,92,92,2,-115.005,-111.99,-116.083,PERSISTING,0,1,312.965737,312.685737,0
19,UES2,26,93,93,0,NA,-97.5733,-122.058,ALTERNATIVE_AVAILABLE,0,1,365.216431,-401.888789,0
19,UES2,27,94,94,6,-118.508,-113.709,-117.015,PERSISTING,1,1,-348.011615,328.131286,0
19,UES2,28,95,95,6,-119.766,-114.895,-80.3802,ALTERNATIVE_AVAILABLE,0,1,318.281686,283.163873,0
19,UES2,29,96,96,2,-117.244,-91.804,-114.786,ALTERNATIVE_AVAILABLE,0,1,375.111771,-348.909224,0
20,UES1,0,7,7,4,-65.3682,-95.3407,-100.124,SERVED,0,1,-82.919377,-114.805199,0
20,UES1,1,8,8,1,-60.8312,-89.9434,-104.341,SERVED,0,1,94.102305,-58.998187,0
20,UES1,2,9,9,3,-88.7051,-66.7426,-109.674,SERVED,0,1,-138.224434,125.522985,0
20,UES1,3,10,10,1,-69.2249,-69.6566,-91.9459,SERVED,0,1,61.143994,-101.457946,0
20,UES1,4,11,11,1,-81.692,-63.1155,-97.6014,SERVED,0,1,24.588531,113.604417,0
20,UES1,5,12,12,3,-69.727,-72.287,-82.2389,SERVED,0,1,-94.935642,19.473654,0
20,UES1,6,13,13,1,-83.112,-53.2064,-81.2973,SERVED,0,1,89.260251,20.790297,0
20,UES1,7,14,14,2,-87.3587,-70.9599,-99.7824,SERVED,0,1,30.400383,-30.114628,0
20,UES1,8,15,15,2,-105.426,-74.8065,-85.8633,ALTERNATIVE_AVAILABLE,0,1,23.128571,-114.267385,0
20,UES1,9,16,16,4,-92.3031,-62.7455,-76.1431,SERVED,0,1,-0.686269,43.268043,0
20,UES1,10,17,17,4,-85.3804,-79.77,-85.5871,SERVED,0,1,-49.710363,-74.305698,0
20,UES1,11,18,18,1,-77.5676,-87.2276,-93.4142,SERVED,0,1,-12.133669,44.187612,0
20,UES1,12,19,19,7,-76.613,-97.654,-84.9834,SERVED,0,1,157.025805,-67.047787,0
20,UES1,13,20,20,1,-86.5118,-78.1542,-86.4283,SERVED,0,1,38.971640,55.552299,0
20,UES1,14,21,21,1,-74.2006,-87.565,-91.4518,SERVED,0,1,41.705447,-51.799875,0
20,UES1,15,22,22,1,-55.9372,-76.4112,-89.235,SERVED,0,1,91.287641,-3.513739,0
20,UES1,16,23,23,4,-89.8517,-102.304,-101.009,SERVED,0,1,-149.833546,-48.095263,0
20,UES1,17,24,24,1,-76.776,-88.538,-94.3414,SERVED,0,1,-21.557745,-33.458396,0
20,UES1,18,25,25,1,-48.4749,-81.7197,-74.3416,SERVED,0,1,40.515327,9.176449,0
20,UES1,19,26,26,6,-94.3105,-79.0043,-87.9164,SERVED,0,1,-51.244003,-48.195298,0
20,UES1,20,27,27,3,-84.7538,-80.7033,-94.5884,SERVED,0,1,-88.947484,97.527669,0
20,UES1,21,28,28,3,-70.2363,-94.0276,-94.3812,SERVED,0,1,-107.103812,150.004438,0
20,UES1,22,29,29,2,-82.7416,-89.8383,-84.0529,SERVED,0,1,149.920489,41.986348,0
20,UES1,23,30,30,6,-81.8646,-90.2617,-79.8298,SERVED,0,1,34.556115,-72.933212,0
20,UES1,24,31,31,2,-91.5294,-84.7009,-85.1162,SERVED,0,1,3.940248,122.221339,0
20,UES1,25,32,32,4,-71.9058,-83.0392,-88.2019,SERVED,0,1,-30.880153,129.539343,0
20,UES1,26,33,33,5,-88.9796,-95.8925,-79.3568,SERVED,0,1,168.069879,-2.705187,0
20,UES1,27,34,34,1,-51.2465,-75.903,-64.9293,SERVED,0,1,50.491523,39.273374,0
20,UES1,28,35,35,4,-80.0609,-86.4037,-97.5059,SERVED,0,1,-143.431059,47.083047,0
20,UES1,29,36,36,6,-91.6909,-50.5378,-81.9616,SERVED,0,1,53.181314,4.305330,0
20,UES1,30,37,37,5,-93.9175,-107.638,-63.8279,SERVED,0,1,11.511564,-148.740246,0
20,UES1,31,38,38,1,-74.8649,-73.4818,-85.0865,SERVED,0,1,115.926116,15.485034,0
20,UES1,32,39,39,1,-76.8462,-81.8258,-70.817,SERVED,0,1,44.776076,-36.337334,0
20,UES1,33,40,40,4,-80.6743,-80.6905,-83.1806,SERVED,0,1,-67.980081,20.913220,0
20,UES1,34,41,41,4,-89.1293,-82.0237,-86.2759,SERVED,0,1,-34.941632,-123.844500,0
20,UES1,35,42,42,6,-66.4823,-71.2917,-90.8553,SERVED,0,1,66.180295,-33.188346,0
20,UES1,36,43,43,2,-64.9711,-64.8651,-93.9992,SERVED,0,1,138.416394,103.008693,0
20,UES1,37,44,44,6,-91.7324,-90.5962,-82.6529,SERVED,0,1,14.073372,-75.773865,0
20,UES1,38,45,45,1,-74.0847,-71.0684,-96.5269,SERVED,0,1,-14.693324,-37.815130,0
20,UES1,39,46,46,5,-84.0201,-82.3001,-80.5629,SERVED,0,1,-16.678373,-20.433960,0
20,UES1,40,47,47,4,-61.5254,-80.6429,-86.8314,SERVED,0,1,-144.762558,72.270154,0
20,UES1,41,48,48,6,-113.95,-100.757,-102.414,PERSISTING,0,1,-180.394393,-154.854408,0
20,UES1,42,49,49,3,-72.9043,-62.1215,-86.0722,SERVED,0,1,0.062490,-27.961070,0
20,UES1,43,50,50,3,-96.5438,-68.396,-87.152,SERVED,0,1,-10.827527,-52.653779,0
20,UES1,44,51,51,7,-64.4308,-84.3354,-79.2337,SERVED,0,1,2.891746,32.747666,0
20,UES1,45,52,52,2,-65.4044,-66.3043,-93.2487,SERVED,0,1,-21.992169,-87.320573,0
20,UES1,46,53,53,7,-96.0011,-93.9793,-83.3753,SERVED,0,1,-65.796241,-106.544024,0
20,UES1,47,54,54,3,-58.763,-56.9475,-99.0398,SERVED,0,1,-109.435729,-7.797046,0
20,UES1,48,55,55,3,-80.0724,-67.3752,-92.1234,SERVED,0,1,-128.734572,16.513228,0
20,UES1,49,56,56,6,-64.8846,-76.3124,-79.3606,SERVED,0,1,13.916683,21.999711,0
20,UES1,50,57,57,4,-60.6407,-85.4206,-95.7274,SERVED,0,1,-79.912141,-46.590218,0
20,UES1,51,58,58,2,-90.2072,-88.1125,-100.869,SERVED,0,1,162.000148,30.362469,0
20,UES1,52,59,59,6,-74.8762,-96.3615,-108.729,SERVED,0,1,-86.515812,143.200455,0
20,UES1,53,60,60,4,-65.1791,-72.9321,-100.917,SERVED,0,1,-183.794189,-35.222090,0
20,UES1,54,61,61,1,-73.5406,-92.4855,-96.8808,SERVED,0,1,55.570884,-43.094088,0
20,UES1,55,62,62,2,-68.5349,-64.3789,-100.738,SERVED,0,1,68.562688,31.119456,0
20,UES1,56,63,63,3,-79.973,-69.8024,-96.175,SERVED,0,1,-33.156571,-13.470150,0
20,UES1,57,64,64,3,-83.3612,-83.1366,-90.7936,SERVED,0,1,-112.975948,101.537436,0
20,UES1,58,65,65,4,-95.1472,-100.459,-104.046,SERVED,0,1,-97.306074,-117.544117,0
20,UES1,59,66,66,1,-96.7223,-98.2403,-98.3696,SERVED,0,1,146.394624,-125.359347,0
20,UES2,0,67,67,6,-117.575,-113.649,-102.118,PERSISTING,1,1,-393.197422,319.024618,0
20,UES2,1,68,68,3,-119.672,-82.3058,-115.888,ALTERNATIVE_AVAILABLE,0,1,301.919987,410.272610,0
20,UES2,2,69,69,1,-117.917,-115.757,-113.805,PERSISTING,2,1,376.323660,-346.721691,0
20,UES2,3,70,70,6,-112.95,-115.819,-107.133,PERSISTING,1,1,-291.284634,366.847028,0
20,UES2,4,71,71,7,-120.67,-113.175,-120.522,MOVE_REQUIRED,7,1,366.245556,349.344133,1
20,UES2,5,72,72,2,-116.544,-112.794,-110.501,PERSISTING,2,1,329.773580,-356.105085,0
20,UES2,6,73,73,3,-120.005,-82.6544,-119.611,ALTERNATIVE_AVAILABLE,0,1,-359.858273,349.258136,0
20,UES2,7,74,74,0,NA,-102.726,-123.62,PERSISTING,2,1,418.404869,343.362253,0
20,UES2,8,75,75,2,-119.834,-112.973,-113.242,PERSISTING,2,1,337.406137,-381.990874,0
20,UES2,9,76,76,6,-121.528,-115.055,-120.015,PERSISTING,3,1,-398.277261,291.437064,0
20,UES2,10,77,77,5,-122.02,-112.3,-115.807,PERSISTING,2,1,397.447991,337.098338,0
20,UES2,11,78,78,2,-114.054,-111.484,-97.818,ALTERNATIVE_AVAILABLE,0,1,312.608820,-308.704787,0
20,UES2,12,79,79,7,-119.492,-102.988,-115.227,PERSISTING,3,1,-382.521268,292.308665,0
20,UES2,13,80,80,0,NA,-119.331,-124.773,PERSISTING,2,1,398.785710,328.699057,0
20,UES2,14,81,81,4,-122.856,-115.89,-111.004,PERSISTING,0,1,362.752225,-345.253947,0
20,UES2,15,82,82,4,-116.864,-110.536,-116.39,PERSISTING,3,1,-307.507345,341.195328,0
20,UES2,16,83,83,1,-111.259,-108.794,-90.4264,ALTERNATIVE_AVAILABLE,0,1,275.917719,323.542633,0
20,UES2,17,84,84,5,-116.189,-114.306,-112.767,PERSISTING,0,1,333.806353,-287.054153,0
20,UES2,18,85,85,4,-112.608,-82.2077,-115.432,ALTERNATIVE_AVAILABLE,0,1,-321.092416,360.959903,0
20,UES2,19,86,86,2,-119.048,-116.19,-119.049,MOVE_REQUIRED,8,1,370.734043,346.137193,1
20,UES2,20,87,87,2,-112.76,-94.9585,-115.464,ALTERNATIVE_AVAILABLE,0,1,330.925904,-344.408261,0
20,UES2,21,88,88,0,NA,-113.841,-116.135,PERSISTING,2,1,-328.629045,329.340957,0
20,UES2,22,89,89,6,-116.07,-108.659,-111.603,PERSISTING,2,1,333.110940,337.029953,0
20,UES2,23,90,90,5,-112.023,-111.992,-110.468,PERSISTING,0,1,315.083313,-330.083988,0
20,UES2,24,91,91,4,-117.743,-114.614,-118.798,PERSISTING,2,1,-361.947621,383.216106,0
20,UES2,25,92,92,2,-110.631,-106.992,-111.157,PERSISTING,1,1,309.153764,313.898250,0
20,UES2,26,93,93,0,NA,-125.786,-121.505,PERSISTING,0,1,367.927991,-398.947926,0
20,UES2,27,94,94,6,-118.314,-116.615,-118.872,PERSISTING,2,1,-344.190074,326.946467,0
20,UES2,28,95,95,6,-111.686,-117.128,-116.087,PERSISTING,0,1,320.855694,286.226615,0
20,UES2,29,96,96,2,-114.81,-98.0625,-113.964,ALTERNATIVE_AVAILABLE,0,1,374.041261,-352.763169,0
21,UES1,0,7,7,4,-94.1204,-95.7641,-98.8801,SERVED,0,1,-85.773273,-118.910218,0
21,UES1,1,8,8,1,-86.8987,-88.4859,-96.495,SERVED,0,1,97.354503,-62.796541,0
21,UES1,2,9,9,3,-90.2394,-93.4477,-107.926,SERVED,0,1,-141.480219,129.317193,0
21,UES1,3,10,10,1,-79.5095,-96.2363,-87.307,SERVED,0,1,65.043282,-104.588901,0
21,UES1,4,11,11,2,-82.374,-78.1159,-80.6965,SERVED,0,1,28.395719,116.846866,0
21,UES1,5,12,12,3,-60.0927,-70.077,-94.1746,SERVED,0,1,-98.026366,23.403175,0
21,UES1,6,13,13,2,-50.0063,-81.2179,-87.5149,SERVED,0,1,89.257859,25.790296,0
21,UES1,7,14,14,2,-70.1266,-59.7328,-97.983,SERVED,0,1,29.274853,-34.986079,0
21,UES1,8,15,15,3,-81.8805,-67.9926,-90.9967,SERVED,0,1,25.513595,-118.662070,0
21,UES1,9,16,16,4,-86.4963,-85.2427,-78.1942,SERVED,0,1,3.894796,41.262710,0
21,UES1,10,17,17,4,-62.3288,-81.0226,-87.5922,SERVED,0,1,-50.632557,-79.219905,0
21,UES1,11,18,18,1,-65.7828,-83.0368,-98.5553,SERVED,0,1,-16.889365,45.728465,0
21,UES1,12,19,19,7,-90.2581,-94.3093,-72.1063,SERVED,0,1,161.780304,-65.496921,0
21,UES1,13,20,20,1,-64.1762,-80.8945,-71.6903,SERVED,0,1,41.361449,59.944754,0
21,UES1,14,21,21,1,-68.255,-74.3124,-91.8992,SERVED,0,1,45.193276,-55.382629,0
21,UES1,15,22,22,1,-63.7601,-83.6788,-96.6849,SERVED,0,1,90.853457,-8.494842,0
21,UES1,16,23,23,4,-72.8214,-89.5374,-100.489,SERVED,0,1,-154.823677,-47.798036,0
21,UES1,17,24,24,1,-69.0488,-84.5872,-99.1046,SERVED,0,1,-16.595124,-32.848031,0
21,UES1,18,25,25,1,-48.5363,-82.8055,-76.5616,SERVED,0,1,43.271143,5.004364,0
21,UES1,19,26,26,6,-96.4743,-76.6939,-85.3121,SERVED,0,1,-53.505829,-52.654461,0
21,UES1,20,27,27,3,-82.1835,-86.8171,-84.0113,SERVED,0,1,-92.783378,100.734247,0
21,UES1,21,28,28,3,-89.227,-87.1817,-89.8311,SERVED,0,1,-108.651566,154.758501,0
21,UES1,22,29,29,2,-77.4892,-101.412,-105.971,SERVED,0,1,153.588930,45.384116,0
21,UES1,23,30,30,6,-93.9814,-86.2328,-84.5857,SERVED,0,1,35.975886,-77.727598,0
21,UES1,24,31,31,2,-85.2591,-78.5965,-79.5189,SERVED,0,1,-0.392029,124.716934,0
21,UES1,25,32,32,4,-67.3146,-75.2326,-92.1793,SERVED,0,1,-31.233002,134.526842,0
21,UES1,26,33,33,5,-98.3562,-96.2658,-99.6699,SERVED,0,1,171.610337,0.826444,0
21,UES1,27,34,34,1,-53.6557,-77.4308,-78.7183,SERVED,0,1,50.286990,44.269167,0
21,UES1,28,35,35,4,-81.0012,-81.7089,-108.093,SERVED,0,1,-148.126950,48.800198,0
21,UES1,29,36,36,1,-50.1594,-85.4353,-80.1616,SERVED,0,1,56.676320,0.729043,0
21,UES1,30,37,37,5,-68.4102,-88.3693,-82.4245,SERVED,0,1,9.521253,-153.326722,0
21,UES1,31,38,38,1,-66.8226,-76.0164,-100.365,SERVED,0,1,120.683008,17.025830,0
21,UES1,32,39,39,6,-87.6036,-83.9014,-90.7485,SERVED,0,1,45.201888,-41.319173,0
21,UES1,33,40,40,4,-77.5073,-67.5805,-69.8114,SERVED,0,1,-69.834037,25.556587,0
21,UES1,34,41,41,4,-96.917,-96.798,-88.1326,SERVED,0,1,-33.257522,-128.552554,0
21,UES1,35,42,42,6,-91.3222,-70.1671,-85.9058,SERVED,0,1,70.586730,-35.551844,0
21,UES1,36,43,43,2,-62.4193,-92.0365,-104.856,SERVED,0,1,142.243916,106.226015,0
21,UES1,37,44,44,6,-91.0307,-83.4639,-82.1801,SERVED,0,1,15.154647,-80.655560,0
21,UES1,38,45,45,1,-87.6155,-63.5853,-86.5323,SERVED,0,1,-18.965795,-40.411538,0
21,UES1,39,46,46,5,-91.8719,-85.9665,-87.8489,SERVED,0,1,-21.672092,-20.203649,0
21,UES1,40,47,47,4,-89.0689,-84.8069,-108.339,SERVED,0,1,-147.277958,76.590902,0
21,UES1,41,48,48,6,-112.284,-103.882,-108.938,PERSISTING,1,1,-184.480272,-157.735507,0
21,UES1,42,49,49,1,-67.477,-89.7804,-94.499,SERVED,0,1,2.166430,-23.424884,0
21,UES1,43,50,50,3,-81.1259,-80.3142,-90.1629,SERVED,0,1,-7.224872,-56.121823,0
21,UES1,44,51,51,7,-92.5951,-82.8806,-70.7753,SERVED,0,1,1.078457,37.407036,0
21,UES1,45,52,52,2,-73.2541,-63.1045,-87.1514,SERVED,0,1,-25.312544,-91.058196,0
21,UES1,46,53,53,7,-78.5035,-103.777,-69.5359,SERVED,0,1,-68.290110,-110.877671,0
21,UES1,47,54,54,3,-77.2897,-73.5292,-99.8503,SERVED,0,1,-110.866265,-12.588033,0
21,UES1,48,55,55,3,-66.7395,-76.3059,-103.005,SERVED,0,1,-132.434111,13.150758,0
21,UES1,49,56,56,6,-66.5402,-83.0517,-82.8046,SERVED,0,1,17.428434,18.440311,0
21,UES1,50,57,57,4,-81.4083,-75.1528,-92.0508,SERVED,0,1,-80.745823,-51.520226,0
21,UES1,51,58,58,2,-92.4766,-71.6367,-102.823,SERVED,0,1,166.967553,30.939786,0
21,UES1,52,59,59,6,-100.089,-94.6697,-112.024,ALTERNATIVE_AVAILABLE,0,1,-90.503611,146.215226,0
21,UES1,53,60,60,4,-68.1222,-94.8116,-95.478,SERVED,0,1,-188.637200,-36.461421,0
21,UES1,54,61,61,1,-66.6138,-63.1352,-94.8228,SERVED,0,1,54.624768,-48.003737,0
21,UES1,55,62,62,2,-58.454,-63.384,-86.3003,SERVED,0,1,72.365092,27.872346,0
21,UES1,56,63,63,3,-75.0503,-70.6999,-95.7867,SERVED,0,1,-32.699661,-18.449256,0
21,UES1,57,64,64,3,-76.7601,-85.6515,-80.1468,SERVED,0,1,-114.754549,106.210237,0
21,UES1,58,65,65,4,-65.4468,-82.209,-98.6358,SERVED,0,1,-98.444761,-122.412693,0
21,UES1,59,66,66,1,-100.337,-105.319,-100.877,PERSISTING,0,1,150.073829,-128.745632,0
21,UES2,0,67,67,6,-119.845,-116.209,-119.04,PERSISTING,2,1,-397.194790,319.170881,0
21,UES2,1,68,68,3,-118.34,-114.496,-112.665,PERSISTING,0,1,305.502308,412.054534,0
21,UES2,2,69,69,1,-117.12,-116.471,-86.0501,ALTERNATIVE_AVAILABLE,0,1,374.001072,-349.978020,0
21,UES2,3,70,70,6,-118.645,-100.44,-117.864,PERSISTING,2,1,-288.964199,370.105935,0
21,UES2,4,71,71,7,-122.877,-89.797,-115.117,ALTERNATIVE_AVAILABLE,0,1,366.796002,345.382147,0
21,UES2,5,72,72,2,-115.431,-87.8501,-116.056,ALTERNATIVE_AVAILABLE,0,1,328.223434,-359.792453,0
21,UES2,6,73,73,3,-116.787,-114.368,-119.016,PERSISTING,0,1,-356.990502,346.955004,0
21,UES2,7,74,74,0,NA,-112.402,-124.847,PERSISTING,3,1,415.108416,345.627162,0
21,UES2,8,75,75,2,-116.629,-111.088,-102.076,PERSISTING,3,1,339.678728,-385.282466,0
21,UES2,9,76,76,6,-121.123,-116.288,-118.618,PERSISTING,4,1,-402.269845,291.675748,0
21,UES2,10,77,77,5,-120.997,-116.002,-117.754,PERSISTING,3,1,399.666758,333.769392,0
21,UES2,11,78,78,2,-112.822,-113.661,-113.463,PERSISTING,0,1,315.152926,-311.791571,0
21,UES2,12,79,79,7,-117.241,-92.636,-118.585,ALTERNATIVE_AVAILABLE,0,1,-386.492322,292.786979,0
21,UES2,13,80,80,0,NA,-118.914,-115.977,PERSISTING,3,1,397.392253,324.949592,0
21,UES2,14,81,81,4,-120.86,-114.845,-108.919,PERSISTING,1,1,366.092934,-347.453501,0
21,UES2,15,82,82,4,-115.544,-118.162,-119.159,PERSISTING,4,1,-306.005043,344.902912,0
21,UES2,16,83,83,1,-112.689,-109.401,-112.99,PERSISTING,0,1,272.574618,325.739291,0
21,UES2,17,84,84,5,-116.219,-102.227,-114.69,PERSISTING,1,1,336.617189,-284.207897,0
21,UES2,18,85,85,4,-111.198,-94.7934,-118.482,ALTERNATIVE_AVAILABLE,0,1,-323.558775,364.108718,0
21,UES2,19,86,86,2,-114.521,-115.521,-117.356,MOVE_REQUIRED,9,1,373.526938,349.001148,1
21,UES2,20,87,87,2,-116.248,-111.758,-82.2172,ALTERNATIVE_AVAILABLE,0,1,328.507388,-341.222768,0
21,UES2,21,88,88,0,NA,-100.08,-121.04,PERSISTING,3,1,-325.689030,332.054031,0
21,UES2,22,89,89,6,-115.544,-116.015,-116.183,PERSISTING,3,1,329.505893,335.297951,0
21,UES2,23,90,90,5,-110.297,-111.275,-112.689,PERSISTING,1,1,312.764074,-326.825650,0
21,UES2,24,91,91,4,-115.863,-112.654,-87.2955,ALTERNATIVE_AVAILABLE,0,1,-365.555061,381.487438,0
21,UES2,25,92,92,2,-111.914,-114.458,-117.705,PERSISTING,2,1,305.341792,315.110759,0
21,UES2,26,93,93,0,NA,-124.81,-110.469,PERSISTING,1,1,370.639551,-396.007000,0
21,UES2,27,94,94,6,-118.598,-88.3466,-118.924,ALTERNATIVE_AVAILABLE,0,1,-340.368533,325.761633,0
21,UES2,28,95,95,6,-80.5364,-86.7614,-117.094,SERVED,0,1,323.429702,289.289370,0
21,UES2,29,96,96,2,-113.01,-116.57,-86.0954,ALTERNATIVE_AVAILABLE,0,1,372.970751,-356.617100,0
22,UES1,0,7,7,4,-94.7304,-77.7052,-99.169,SERVED,0,1,-88.627168,-123.015235,0
22,UES1,1,8,8,1,-66.123,-92.3583,-89.8632,SERVED,0,1,100.606700,-66.594898,0
22,UES1,2,9,9,3,-65.0893,-97.9677,-77.1777,SERVED,0,1,-144.736005,133.111399,0
22,UES1,3,10,10,1,-90.1762,-86.7827,-88.5323,SERVED,0,1,68.942570,-107.719857,0
22,UES1,4,11,11,2,-89.0292,-77.8031,-79.7703,SERVED,0,1,32.202907,120.089318,0
22,UES1,5,12,12,3,-48.3293,-82.1845,-100.575,SERVED,0,1,-101.117089,27.332688,0
22,UES1,6,13,13,2,-70.2026,-73.1171,-77.7644,SERVED,0,1,89.255467,30.790295,0
22,UES1,7,14,14,2,-77.7224,-60.319,-85.8234,SERVED,0,1,28.149322,-39.857528,0
22,UES1,8,15,15,3,-103.846,-67.7827,-82.3938,ALTERNATIVE_AVAILABLE,0,1,27.898620,-123.056757,0
22,UES1,9,16,16,4,-95.3875,-81.1783,-100.117,SERVED,0,1,8.475861,39.257375,0
22,UES1,10,17,17,4,-90.3512,-94.8119,-84.1628,SERVED,0,1,-51.554750,-84.134113,0
22,UES1,11,18,18,1,-98.1788,-91.1061,-107.517,SERVED,0,1,-21.645060,47.269316,0
22,UES1,12,19,19,7,-102.888,-96.6827,-96.9693,ALTERNATIVE_AVAILABLE,0,1,166.534804,-63.946052,0
22,UES1,13,20,20,1,-78.7596,-83.519,-67.6259,SERVED,0,1,43.751257,64.337212,0
22,UES1,14,21,21,1,-88.7174,-91.6981,-82.3656,SERVED,0,1,48.681105,-58.965383,0
22,UES1,15,22,22,1,-55.7316,-73.3504,-86.0049,SERVED,0,1,90.419273,-13.475944,0
22,UES1,16,23,23,4,-90.1988,-97.1573,-109.22,SERVED,0,1,-159.813809,-47.500810,0
22,UES1,17,24,24,1,-85.7302,-64.7199,-82.3453,SERVED,0,1,-11.632503,-32.237666,0
22,UES1,18,25,25,1,-50.2623,-79.4052,-78.3454,SERVED,0,1,46.026958,0.832277,0
22,UES1,19,26,26,6,-97.9981,-85.7295,-81.813,SERVED,0,1,-55.767655,-57.113625,0
22,UES1,20,27,27,3,-69.8163,-91.6699,-100.334,SERVED,0,1,-96.619273,103.940823,0
22,UES1,21,28,28,3,-65.7481,-96.596,-104.113,SERVED,0,1,-110.199320,159.512562,0
22,UES1,22,29,29,2,-88.2824,-99.5748,-83.812,SERVED,0,1,157.257370,48.781886,0
22,UES1,23,30,30,6,-68.9309,-79.7366,-84.8867,SERVED,0,1,37.395658,-82.521985,0
22,UES1,24,31,31,2,-64.5828,-92.5778,-83.2764,SERVED,0,1,-4.724305,127.212527,0
22,UES1,25,32,32,4,-67.499,-65.8905,-106.632,SERVED,0,1,-31.585852,139.514340,0
22,UES1,26,33,33,5,-99.0153,-90.4035,-83.0629,SERVED,0,1,175.150795,4.358079,0
22,UES1,27,34,34,1,-61.6377,-72.8776,-68.9795,SERVED,0,1,50.082457,49.264961,0
22,UES1,28,35,35,4,-61.6327,-90.724,-95.0305,SERVED,0,1,-152.822841,50.517349,0
22,UES1,29,36,36,1,-49.1681,-79.006,-81.1406,SERVED,0,1,60.171325,-2.847304,0
22,UES1,30,37,37,5,-93.2659,-112.048,-90.0478,SERVED,0,1,7.530941,-157.913196,0
22,UES1,31,38,38,1,-72.1514,-75.2203,-80.1811,SERVED,0,1,125.439900,18.566626,0
22,UES1,32,39,39,6,-71.291,-74.7577,-83.3817,SERVED,0,1,45.627700,-46.301012,0
22,UES1,33,40,40,4,-63.9806,-72.608,-67.0907,SERVED,0,1,-71.687993,30.199950,0
22,UES1,34,41,41,4,-98.52,-99.9601,-87.1033,SERVED,0,1,-31.573412,-133.260609,0
22,UES1,35,42,42,6,-89.392,-80.2471,-85.5888,SERVED,0,1,74.993164,-37.915343,0
22,UES1,36,43,43,2,-86.7798,-84.9032,-100.619,SERVED,0,1,146.071438,109.443338,0
22,UES1,37,44,44,6,-67.9578,-94.7697,-86.6974,SERVED,0,1,16.235922,-85.537256,0
22,UES1,38,45,45,1,-90.3056,-66.1425,-84.6739,SERVED,0,1,-23.238266,-43.007944,0
22,UES1,39,46,46,5,-92.1651,-93.5027,-80.2459,SERVED,0,1,-26.665812,-19.973338,0
22,UES1,40,47,47,4,-63.0547,-84.1496,-85.7438,SERVED,0,1,-149.793357,80.911648,0
22,UES1,41,48,48,6,-110.532,-73.8594,-79.6645,ALTERNATIVE_AVAILABLE,0,1,-188.566152,-160.616605,0
22,UES1,42,49,49,1,-67.1805,-71.7809,-88.8773,SERVED,0,1,4.270371,-18.888695,0
22,UES1,43,50,50,3,-65.1445,-61.6545,-88.4072,SERVED,0,1,-3.622218,-59.589876,0
22,UES1,44,51,51,7,-93.1042,-85.0397,-97.6794,SERVED,0,1,-0.734831,42.066405,0
22,UES1,45,52,52,2,-77.2086,-69.7342,-92.6301,SERVED,0,1,-28.632919,-94.795817,0
22,UES1,46,53,53,7,-104.727,-101.328,-97.1158,ALTERNATIVE_AVAILABLE,0,1,-70.783980,-115.211318,0
22,UES1,47,54,54,3,-60.8034,-80.4888,-103.646,SERVED,0,1,-112.296802,-17.379021,0
22,UES1,48,55,55,3,-83.6378,-71.4363,-104.286,SERVED,0,1,-136.133650,9.788292,0
22,UES1,49,56,56,6,-67.3849,-77.5955,-77.1091,SERVED,0,1,20.940185,14.880909,0
22,UES1,50,57,57,4,-83.6554,-86.447,-97.9469,SERVED,0,1,-81.579505,-56.450233,0
22,UES1,51,58,58,2,-80.4264,-75.2518,-104.166,SERVED,0,1,171.934959,31.517107,0
22,UES1,52,59,59,6,-100.659,-92.5116,-109.63,ALTERNATIVE_AVAILABLE,0,1,-94.491410,149.229992,0
22,UES1,53,60,60,4,-64.5813,-97.8524,-106.054,SERVED,0,1,-193.480211,-37.700750,0
22,UES1,54,61,61,1,-84.9822,-62.6023,-87.8723,SERVED,0,1,53.678653,-52.913384,0
22,UES1,55,62,62,2,-51.0443,-71.6106,-80.2161,SERVED,0,1,76.167496,24.625234,0
22,UES1,56,63,63,3,-92.8018,-77.9392,-92.3755,SERVED,0,1,-32.242750,-23.428363,0
22,UES1,57,64,64,3,-64.0535,-64.2899,-80.3286,SERVED,0,1,-116.533151,110.883037,0
22,UES1,58,65,65,4,-98.4056,-79.1353,-100.713,SERVED,0,1,-99.583449,-127.281268,0
22,UES1,59,66,66,1,-93.3356,-85.2966,-106.841,SERVED,0,1,153.753035,-132.131919,0
22,UES2,0,67,67,6,-122.325,-87.5656,-118.29,ALTERNATIVE_AVAILABLE,0,1,-401.192158,319.317141,0
22,UES2,1,68,68,3,-118.864,-117.011,-86.827,ALTERNATIVE_AVAILABLE,0,1,309.084630,413.836488,0
22,UES2,2,69,69,1,-117.744,-116.64,-115.12,PERSISTING,0,1,371.678245,-353.234347,0
22,UES2,3,70,70,6,-117.874,-114.746,-123.158,PERSISTING,3,1,-286.643764,373.364882,0
22,UES2,4,71,71,7,-120.625,-114.02,-115,PERSISTING,0,1,367.346208,341.420159,0
22,UES2,5,72,72,2,-115.59,-103.893,-109.954,PERSISTING,0,1,326.673288,-363.479820,0
22,UES2,6,73,73,3,-112.203,-119.581,-121.403,PERSISTING,1,1,-354.392572,343.912916,0
22,UES2,7,74,74,0,NA,-120.825,-127.252,PERSISTING,4,1,411.811963,347.892060,0
22,UES2,8,75,75,2,-112.979,-79.9256,-80.1974,ALTERNATIVE_AVAILABLE,0,1,341.951319,-388.574058,0
22,UES2,9,76,76,6,-122.234,-116.93,-119.42,PERSISTING,5,1,-405.257943,292.639765,0
22,UES2,10,77,77,5,-122.008,-117.471,-115.792,PERSISTING,4,1,401.885524,330.440404,0
22,UES2,11,78,78,2,-118.76,-112.622,-111.741,PERSISTING,1,1,317.697032,-314.878360,0
22,UES2,12,79,79,7,-121.65,-113.224,-117.834,PERSISTING,0,1,-390.463376,293.265288,0
22,UES2,13,80,80,0,NA,-121.751,-119.533,PERSISTING,4,1,395.998796,321.200129,0
22,UES2,14,81,81,4,-124.729,-116.315,-113.399,PERSISTING,2,1,369.433642,-349.653054,0
22,UES2,15,82,82,4,-113.639,-114.356,-117.976,PERSISTING,5,1,-304.502741,348.610554,0
22,UES2,16,83,83,1,-113.086,-109.995,-111.182,PERSISTING,1,1,269.231517,327.935949,0
22,UES2,17,84,84,5,-115.801,-83.7535,-112.914,ALTERNATIVE_AVAILABLE,0,1,339.428025,-281.361612,0
22,UES2,18,85,85,4,-110.783,-114.427,-116.031,PERSISTING,0,1,-326.025134,367.257509,0
22,UES2,19,86,86,2,-113.812,-117.429,-116.166,MOVE_REQUIRED,10,1,376.319832,351.865111,1
22,UES2,20,87,87,2,-115.585,-117.165,-81.9451,ALTERNATIVE_AVAILABLE,0,1,326.088873,-338.037293,0
22,UES2,21,88,88,0,NA,-118.264,-123.048,PERSISTING,4,1,-322.749015,334.767132,0
22,UES2,22,89,89,6,-115.844,-113.71,-117.499,PERSISTING,4,1,325.900846,333.565966,0
22,UES2,23,90,90,5,-112.105,-111.676,-110.847,PERSISTING,2,1,310.444835,-323.567333,0
22,UES2,24,91,91,4,-117.359,-80.0455,-121.301,ALTERNATIVE_AVAILABLE,0,1,-369.162500,379.758771,0
22,UES2,25,92,92,2,-110.553,-80.7578,-113.492,ALTERNATIVE_AVAILABLE,0,1,301.529819,316.323265,0
22,UES2,26,93,93,0,NA,-123.549,-123.215,PERSISTING,2,1,373.351111,-393.065973,0
22,UES2,27,94,94,6,-115.283,-115.87,-121.317,PERSISTING,0,1,-336.546991,324.576784,0
22,UES2,28,95,95,6,-111.772,-119.662,-114.624,PERSISTING,0,1,326.003711,292.352136,0
22,UES2,29,96,96,2,-116.05,-117.496,-81.7621,ALTERNATIVE_AVAILABLE,0,1,371.900241,-360.471016,0
23,UES1,0,7,7,4,-94.0458,-97.1772,-89.5322,SERVED,0,1,-91.481064,-127.120250,0
23,UES1,1,8,8,1,-88.7244,-82.9509,-87.0658,SERVED,0,1,103.858897,-70.393256,0
23,UES1,2,9,9,3,-86.152,-71.3592,-101.215,SERVED,0,1,-147.991791,136.905603,0
23,UES1,3,10,10,1,-73.7134,-98.6878,-109.402,SERVED,0,1,72.841858,-110.850815,0
23,UES1,4,11,11,2,-81.975,-77.7153,-106.214,SERVED,0,1,36.010095,123.331772,0
23,UES1,5,12,12,3,-48.55,-73.7579,-103.227,SERVED,0,1,-104.207813,31.262194,0
23,UES1,6,13,13,2,-47.351,-73.0914,-96.8292,SERVED,0,1,89.253074,35.790294,0
23,UES1,7,14,14,2,-75.5621,-63.317,-93.1867,SERVED,0,1,27.023792,-44.728976,0
23,UES1,8,15,15,3,-101.416,-94.3454,-92.2812,ALTERNATIVE_AVAILABLE,0,1,30.283644,-127.451444,0
23,UES1,9,16,16,2,-77.4576,-64.8589,-92.6235,SERVED,0,1,13.056926,37.252039,0
23,UES1,10,17,17,4,-89.5485,-71.5696,-89.3698,SERVED,0,1,-52.476944,-89.048320,0
23,UES1,11,18,18,1,-71.8407,-71.6487,-106.506,SERVED,0,1,-26.400756,48.810166,0
23,UES1,12,19,19,7,-98.0205,-104.28,-97.747,SERVED,0,1,171.289304,-62.395180,0
23,UES1,13,20,20,1,-73.8667,-81.8545,-79.6146,SERVED,0,1,46.141066,68.729673,0
23,UES1,14,21,21,1,-71.898,-94.4308,-95.1715,SERVED,0,1,52.168935,-62.548140,0
23,UES1,15,22,22,1,-56.8883,-86.7304,-105.797,SERVED,0,1,89.985088,-18.457046,0
23,UES1,16,23,23,4,-89.2722,-77.7525,-102.185,SERVED,0,1,-164.803940,-47.203584,0
23,UES1,17,24,24,1,-87.1768,-66.529,-92.2939,SERVED,0,1,-6.669882,-31.627300,0
23,UES1,18,25,25,1,-50.0955,-90.7908,-80.4471,SERVED,0,1,48.782774,-3.339809,0
23,UES1,19,26,26,6,-91.4733,-85.0727,-86.0375,SERVED,0,1,-58.029482,-61.572789,0
23,UES1,20,27,27,3,-90.6259,-92.7,-107.442,SERVED,0,1,-100.455167,107.147398,0
23,UES1,21,28,28,3,-92.4034,-97.2469,-109.901,SERVED,0,1,-111.747074,164.266621,0
23,UES1,22,29,29,6,-83.5645,-60.3114,-102.223,SERVED,0,1,160.925810,52.179656,0
23,UES1,23,30,30,6,-70.5696,-80.737,-89.3632,SERVED,0,1,38.815429,-87.316373,0
23,UES1,24,31,31,2,-91.1309,-72.5205,-111.701,SERVED,0,1,-9.056581,129.708120,0
23,UES1,25,32,32,4,-97.8427,-67.2118,-111.916,SERVED,0,1,-31.938702,144.501838,0
23,UES1,26,33,33,5,-101.9,-90.2554,-107.528,ALTERNATIVE_AVAILABLE,0,1,178.691252,7.889717,0
23,UES1,27,34,34,1,-64.17,-73.0729,-72.4772,SERVED,0,1,49.877924,54.260755,0
23,UES1,28,35,35,4,-62.0634,-82.2807,-79.3216,SERVED,0,1,-157.518731,52.234500,0
23,UES1,29,36,36,1,-50.7719,-92.1305,-87.8746,SERVED,0,1,63.666331,-6.423728,0
23,UES1,30,37,37,5,-63.6602,-106.543,-69.7959,SERVED,0,1,5.540630,-162.499669,0
23,UES1,31,38,38,1,-71.0229,-81.101,-103.915,SERVED,0,1,130.196792,20.107423,0
23,UES1,32,39,39,6,-90.9392,-88.9177,-76.3847,SERVED,0,1,46.053512,-51.282851,0
23,UES1,33,40,40,4,-57.2281,-73.5222,-74.4778,SERVED,0,1,-73.541949,34.843308,0
23,UES1,34,41,41,4,-97.6318,-97.3702,-98.7685,SERVED,0,1,-29.889303,-137.968665,0
23,UES1,35,42,42,6,-93.8935,-71.9692,-78.37,SERVED,0,1,79.399598,-40.278844,0
23,UES1,36,43,43,2,-62.491,-68.6005,-88.5589,SERVED,0,1,149.898960,112.660661,0
23,UES1,37,44,44,6,-95.2019,-90.1733,-88.8473,SERVED,0,1,17.317197,-90.418952,0
23,UES1,38,45,45,1,-88.0514,-64.5065,-93.6467,SERVED,0,1,-27.510737,-45.604346,0
23,UES1,39,46,46,5,-88.9972,-95.3634,-85.4923,SERVED,0,1,-31.659532,-19.743027,0
23,UES1,40,47,47,4,-62.7514,-87.5163,-96.7901,SERVED,0,1,-152.308757,85.232392,0
23,UES1,41,48,48,6,-111.11,-92.658,-105.553,ALTERNATIVE_AVAILABLE,0,1,-192.652031,-163.497701,0
23,UES1,42,49,49,1,-85.0079,-89.2381,-98.4645,SERVED,0,1,6.374312,-14.352504,0
23,UES1,43,50,50,3,-98.8823,-61.7294,-91.5116,SERVED,0,1,-0.019563,-63.057937,0
23,UES1,44,51,51,7,-97.6509,-82.261,-93.5803,SERVED,0,1,-2.548119,46.725771,0
23,UES1,45,52,52,2,-97.2564,-88.1292,-93.0949,SERVED,0,1,-31.953294,-98.533435,0
23,UES1,46,53,53,7,-90.616,-103.888,-102.829,SERVED,0,1,-73.277850,-119.544964,0
23,UES1,47,54,54,3,-62.7201,-57.0098,-104.519,SERVED,0,1,-113.727338,-22.170009,0
23,UES1,48,55,55,3,-83.1532,-80.4131,-105.272,SERVED,0,1,-139.833189,6.425832,0
23,UES1,49,56,56,6,-67.0701,-71.8423,-84.4355,SERVED,0,1,24.451936,11.321507,0
23,UES1,50,57,57,4,-84.8187,-89.4638,-102.179,SERVED,0,1,-82.413187,-61.380240,0
23,UES1,51,58,58,2,-84.7504,-75.7392,-100.751,SERVED,0,1,176.902364,32.094431,0
23,UES1,52,59,59,6,-101.204,-94.5532,-108.182,ALTERNATIVE_AVAILABLE,0,1,-98.479209,152.244752,0
23,UES1,53,60,60,4,-90.8244,-82.7459,-113.912,SERVED,0,1,-198.323222,-38.940077,0
23,UES1,54,61,61,1,-61.5319,-78.1368,-89.7196,SERVED,0,1,52.732537,-57.823032,0
23,UES1,55,62,62,2,-65.6863,-82.258,-80.9064,SERVED,0,1,79.969899,21.378121,0
23,UES1,56,63,63,3,-87.6344,-64.8009,-92.9493,SERVED,0,1,-31.785840,-28.407469,0
23,UES1,57,64,64,3,-82.8466,-87.5695,-87.9021,SERVED,0,1,-118.311752,115.555837,0
23,UES1,58,65,65,4,-96.7274,-99.2552,-94.7638,SERVED,0,1,-100.722137,-132.149844,0
23,UES1,59,66,66,1,-92.7648,-101.523,-109.692,SERVED,0,1,157.432240,-135.518208,0
23,UES2,0,67,67,6,-121.573,-80.0982,-120.015,ALTERNATIVE_AVAILABLE,0,1,-405.189526,319.463397,0
23,UES2,1,68,68,3,-120.509,-115.611,-120.235,PERSISTING,0,1,312.666951,415.618476,0
23,UES2,2,69,69,1,-116.989,-113.761,-113.09,PERSISTING,1,1,369.355417,-356.490675,0
23,UES2,3,70,70,6,-118.028,-83.8713,-116.465,ALTERNATIVE_AVAILABLE,0,1,-284.323329,376.623873,0
23,UES2,4,71,71,7,-89.2785,-119.168,-118.036,SERVED,0,1,367.896414,337.458170,0
23,UES2,5,72,72,2,-117.043,-112.87,-115.658,PERSISTING,1,1,325.123142,-367.167187,0
23,UES2,6,73,73,3,-112.626,-113.174,-110.349,PERSISTING,2,1,-351.794642,340.870816,0
23,UES2,7,74,74,0,NA,-119.676,-130.347,PERSISTING,5,1,408.515510,350.156948,0
23,UES2,8,75,75,2,-113.367,-116.793,-111.806,PERSISTING,0,1,344.223910,-391.865650,0
23,UES2,9,76,76,6,-122.651,-105.758,-114.861,MOVE_REQUIRED,6,1,-404.229297,296.505260,1
23,UES2,10,77,77,5,-101.247,-113.115,-118.648,PERSISTING,5,1,404.104291,327.111364,0
23,UES2,11,78,78,2,-113.938,-81.2709,-92.8889,ALTERNATIVE_AVAILABLE,0,1,320.241138,-317.965152,0
23,UES2,12,79,79,7,-118.948,-99.7678,-121.103,ALTERNATIVE_AVAILABLE,0,1,-394.434429,293.743592,0
23,UES2,13,80,80,0,NA,-120.042,-124.729,PERSISTING,5,1,394.605339,317.450669,0
23,UES2,14,81,81,4,-120.762,-114.084,-93.2386,ALTERNATIVE_AVAILABLE,0,1,372.774351,-351.852608,0
23,UES2,15,82,82,4,-115.742,-116.511,-117.979,MOVE_REQUIRED,6,1,-303.001395,352.318254,1
23,UES2,16,83,83,1,-114.477,-109.648,-120.992,PERSISTING,2,1,265.888416,330.132606,0
23,UES2,17,84,84,5,-97.1929,-114.024,-112.725,SERVED,0,1,342.238862,-278.515293,0
23,UES2,18,85,85,4,-113.735,-114.205,-110.714,PERSISTING,1,1,-328.491494,370.406273,0
23,UES2,19,86,86,2,-116.766,-117.985,-120.094,MOVE_REQUIRED,11,1,379.112727,354.729083,1
23,UES2,20,87,87,2,-113.121,-111.872,-115.761,PERSISTING,0,1,323.670358,-334.851837,0
23,UES2,21,88,88,0,NA,-116.808,-125.536,PERSISTING,5,1,-319.809000,337.480266,0
23,UES2,22,89,89,6,-113.777,-115.027,-115.225,PERSISTING,5,1,322.295799,331.833997,0
23,UES2,23,90,90,5,-109.565,-111.527,-109.855,PERSISTING,3,1,308.125596,-320.309037,0
23,UES2,24,91,91,4,-115.83,-119.759,-118.087,PERSISTING,0,1,-372.769939,378.030104,0
23,UES2,25,92,92,3,-120.263,-97.3986,-113.83,ALTERNATIVE_AVAILABLE,0,1,297.717847,317.535766,0
23,UES2,26,93,93,0,NA,-124.545,-122.607,PERSISTING,3,1,376.062671,-390.124725,0
23,UES2,27,94,94,6,-118.701,-111.727,-118.769,PERSISTING,1,1,-332.725450,323.391918,0
23,UES2,28,95,95,6,-114.354,-116.221,-109.788,PERSISTING,1,1,328.577719,295.414915,0
23,UES2,29,96,96,2,-117.23,-113.235,-114.753,PERSISTING,0,1,370.829731,-364.324911,0
24,UES1,0,7,7,4,-96.6619,-74.4949,-99.2207,SERVED,0,1,-94.334960,-131.225264,0
24,UES1,1,8,8,1,-87.1666,-97.8026,-103.588,SERVED,0,1,107.111095,-74.191616,0
24,UES1,2,9,9,3,-91.2835,-92.5779,-110.416,SERVED,0,1,-151.247576,140.699806,0
24,UES1,3,10,10,1,-70.0225,-99.5221,-76.5033,SERVED,0,1,76.741145,-113.981775,0
24,UES1,4,11,11,2,-64.6685,-78.6618,-92.2921,SERVED,0,1,39.817283,126.574227,0
24,UES1,5,12,12,3,-49.6161,-65.3113,-107.091,SERVED,0,1,-107.298537,35.191693,0
24,UES1,6,13,13,2,-48.2357,-76.1634,-99.2651,SERVED,0,1,89.250682,40.790293,0
24,UES1,7,14,14,2,-92.1181,-80.6254,-86.4463,SERVED,0,1,25.898261,-49.600423,0
24,UES1,8,15,15,3,-88.4547,-84.5974,-102.077,SERVED,0,1,32.668668,-131.846131,0
24,UES1,9,16,16,2,-62.3572,-79.9176,-88.8874,SERVED,0,1,17.637991,35.246702,0
24,UES1,10,17,17,4,-88.0441,-74.7956,-103.366,SERVED,0,1,-53.399137,-93.962527,0
24,UES1,11,18,18,1,-95.3383,-78.2202,-105.478,SERVED,0,1,-31.156452,50.351014,0
24,UES1,12,19,19,7,-103.73,-89.4345,-87.1372,ALTERNATIVE_AVAILABLE,0,1,176.043803,-60.844305,0
24,UES1,13,20,20,1,-74.8343,-81.0456,-79.159,SERVED,0,1,48.530875,73.122137,0
24,UES1,14,21,21,1,-89.9753,-74.6993,-91.1306,SERVED,0,1,55.656764,-66.130897,0
24,UES1,15,22,22,1,-76.9548,-82.0331,-94.1551,SERVED,0,1,89.550904,-23.438148,0
24,UES1,16,23,23,4,-87.3838,-87.2479,-94.5476,SERVED,0,1,-169.794072,-46.906359,0
24,UES1,17,24,24,1,-84.8078,-72.8653,-92.4262,SERVED,0,1,-1.707261,-31.016935,0
24,UES1,18,25,25,1,-47.5095,-88.1922,-86.6737,SERVED,0,1,51.538590,-7.511896,0
24,UES1,19,26,26,6,-77.3964,-89.0586,-96.3819,SERVED,0,1,-60.291308,-66.031952,0
24,UES1,20,27,27,3,-90.061,-81.4453,-109.269,SERVED,0,1,-104.291062,110.353972,0
24,UES1,21,28,28,3,-91.698,-93.2688,-90.5679,SERVED,0,1,-113.294828,169.020678,0
24,UES1,22,29,29,6,-103.423,-63.5824,-98.6994,ALTERNATIVE_AVAILABLE,0,1,164.594251,55.577426,0
24,UES1,23,30,30,6,-98.3537,-76.7453,-81.1216,SERVED,0,1,40.235200,-92.110762,0
24,UES1,24,31,31,2,-93.9712,-91.4091,-96.5994,SERVED,0,1,-13.388857,132.203712,0
24,UES1,25,32,32,4,-94.0274,-93.0795,-111.974,SERVED,0,1,-32.291551,149.489336,0
24,UES1,26,33,33,5,-81.6403,-91.3049,-112.442,SERVED,0,1,182.231710,11.421359,0
24,UES1,27,34,34,1,-82.6843,-80.6422,-74.5507,SERVED,0,1,49.673390,59.256548,0
24,UES1,28,35,35,4,-64.7106,-90.7834,-90.1595,SERVED,0,1,-162.214622,53.951651,0
24,UES1,29,36,36,1,-52.1082,-86.1066,-82.55,SERVED,0,1,67.161337,-10.000262,0
24,UES1,30,37,37,5,-65.2647,-112.294,-80.4717,SERVED,0,1,3.550319,-167.086141,0
24,UES1,31,38,38,1,-94.387,-71.3433,-93.7018,SERVED,0,1,134.953683,21.648221,0
24,UES1,32,39,39,6,-92.2189,-81.5068,-82.1195,SERVED,0,1,46.479324,-56.264690,0
24,UES1,33,40,40,4,-52.9261,-65.1787,-95.6136,SERVED,0,1,-75.395904,39.486661,0
24,UES1,34,41,41,4,-99.8582,-66.5651,-98.0636,SERVED,0,1,-28.205193,-142.676723,0
24,UES1,35,42,42,6,-92.1145,-71.5143,-81.9526,SERVED,0,1,83.806033,-42.642345,0
24,UES1,36,43,43,2,-62.8894,-66.9872,-107.651,SERVED,0,1,153.726481,115.877986,0
24,UES1,37,44,44,6,-102.307,-78.4538,-91.4797,ALTERNATIVE_AVAILABLE,0,1,18.398471,-95.300648,0
24,UES1,38,45,45,1,-64.3652,-66.8247,-98.3183,SERVED,0,1,-31.783208,-48.200746,0
24,UES1,39,46,46,5,-99.5887,-86.9486,-81.4175,SERVED,0,1,-36.653251,-19.512716,0
24,UES1,40,47,47,4,-67.5229,-77.4714,-108.418,SERVED,0,1,-154.824156,89.553134,0
24,UES1,41,48,48,6,-112.361,-102.962,-86.5702,ALTERNATIVE_AVAILABLE,0,1,-196.737911,-166.378795,0
24,UES1,42,49,49,1,-79.1405,-75.3211,-100.017,SERVED,0,1,8.478253,-9.816312,0
24,UES1,43,50,50,3,-84.7711,-77.5853,-91.2476,SERVED,0,1,3.583092,-66.526007,0
24,UES1,44,51,51,7,-92.4238,-84.6135,-72.5135,SERVED,0,1,-4.361408,51.385134,0
24,UES1,45,52,52,2,-97.6666,-92.4855,-99.6792,SERVED,0,1,-35.273669,-102.271051,0
24,UES1,46,53,53,7,-99.6037,-96.394,-102.74,SERVED,0,1,-75.771719,-123.878611,0
24,UES1,47,54,54,3,-81.0677,-72.8529,-104.277,SERVED,0,1,-115.157874,-26.960996,0
24,UES1,48,55,55,3,-73.3916,-78.4912,-103.239,SERVED,0,1,-143.532728,3.063376,0
24,UES1,49,56,56,6,-83.1675,-62.3408,-88.3174,SERVED,0,1,27.963687,7.762105,0
24,UES1,50,57,57,4,-62.3832,-73.6827,-84.3498,SERVED,0,1,-83.246869,-66.310247,0
24,UES1,51,58,58,2,-95.6449,-83.0293,-91.4573,SERVED,0,1,181.869770,32.671759,0
24,UES1,52,59,59,6,-82.805,-97.853,-85.8981,SERVED,0,1,-102.467008,155.259507,0
24,UES1,53,60,60,4,-99.0025,-84.1906,-112.149,SERVED,0,1,-203.166233,-40.179402,0
24,UES1,54,61,61,1,-89.7807,-84.075,-87.0108,SERVED,0,1,51.786422,-62.732680,0
24,UES1,55,62,62,2,-52.4066,-77.3411,-102.815,SERVED,0,1,83.772303,18.131006,0
24,UES1,56,63,63,3,-72.5456,-66.8097,-99.336,SERVED,0,1,-31.328930,-33.386576,0
24,UES1,57,64,64,3,-73.4866,-91.2071,-109.825,SERVED,0,1,-120.090354,120.228636,0
24,UES1,58,65,65,4,-97.4138,-90.0166,-94.8058,SERVED,0,1,-101.860825,-137.018419,0
24,UES1,59,66,66,1,-102.02,-97.3868,-89.7457,ALTERNATIVE_AVAILABLE,0,1,161.111445,-138.904499,0
24,UES2,0,67,67,6,-117.93,-116.731,-120.045,PERSISTING,0,1,-409.186894,319.609648,0
24,UES2,1,68,68,3,-121.116,-118.914,-105.984,PERSISTING,1,1,316.249272,417.400501,0
24,UES2,2,69,69,1,-117.256,-118.386,-104.991,PERSISTING,2,1,367.032590,-359.747002,0
24,UES2,3,70,70,6,-117.665,-114.313,-117.798,PERSISTING,0,1,-282.002894,379.882920,0
24,UES2,4,71,71,7,-125.841,-107.764,-105.657,PERSISTING,0,1,368.446620,333.496180,0
24,UES2,5,72,72,2,-96.1595,-111.433,-111.865,SERVED,0,1,323.572995,-370.854554,0
24,UES2,6,73,73,3,-112.083,-112.616,-109.723,PERSISTING,3,1,-349.196711,337.828704,0
24,UES2,7,74,74,0,NA,-98.3558,-126.063,ALTERNATIVE_AVAILABLE,0,1,405.219056,352.421825,0
24,UES2,8,75,75,2,-120.516,-114.687,-95.9101,ALTERNATIVE_AVAILABLE,0,1,346.496501,-395.157242,0
24,UES2,9,76,76,6,-121.145,-115.781,-117.924,MOVE_REQUIRED,7,1,-403.200650,300.370755,1
24,UES2,10,77,77,5,-115.763,-117.874,-121.835,MOVE_REQUIRED,6,1,406.323057,323.782263,1
24,UES2,11,78,78,2,-97.0646,-110.801,-116.895,SERVED,0,1,322.785243,-321.051949,0
24,UES2,12,79,79,7,-117.345,-117.963,-121.498,PERSISTING,0,1,-398.405483,294.221891,0
24,UES2,13,80,80,0,NA,-122.807,-126.326,MOVE_REQUIRED,6,1,393.211882,313.701214,1
24,UES2,14,81,81,4,-120.399,-115.75,-115.426,PERSISTING,0,1,376.115060,-354.052162,0
24,UES2,15,82,82,4,-113.44,-113.373,-120.713,MOVE_REQUIRED,7,1,-301.500289,356.025958,1
24,UES2,16,83,83,1,-113.547,-85.566,-118.466,ALTERNATIVE_AVAILABLE,0,1,262.545315,332.329263,0
24,UES2,17,84,84,5,-109.633,-100.529,-109.597,PERSISTING,0,1,345.049698,-275.668932,0
24,UES2,18,85,85,4,-120.064,-116.779,-121.243,PERSISTING,2,1,-330.957853,373.555007,0
24,UES2,19,86,86,2,-119.033,-116.932,-115.86,MOVE_REQUIRED,12,1,381.905622,357.593067,1
24,UES2,20,87,87,2,-115.253,-113.27,-114.363,PERSISTING,1,1,321.251843,-331.666404,0
24,UES2,21,88,88,0,NA,-118.673,-122.12,MOVE_REQUIRED,6,1,-316.868985,340.193438,1
24,UES2,22,89,89,6,-112.577,-117.204,-117.247,MOVE_REQUIRED,6,1,318.690752,330.102047,1
24,UES2,23,90,90,5,-110.361,-113.442,-113.148,PERSISTING,4,1,305.806357,-317.050767,0
24,UES2,24,91,91,4,-116.377,-96.6372,-120.779,ALTERNATIVE_AVAILABLE,0,1,-371.196828,375.453634,0
24,UES2,25,92,92,3,-95.1147,-110.438,-115.759,SERVED,0,1,293.905875,318.748262,0
24,UES2,26,93,93,0,NA,-122.868,-121.695,PERSISTING,4,1,376.245674,-387.670540,0
24,UES2,27,94,94,6,-121.359,-108.924,-97.5262,ALTERNATIVE_AVAILABLE,0,1,-328.903909,322.207033,0
24,UES2,28,95,95,6,-118.324,-114.845,-114.269,PERSISTING,2,1,331.151727,298.477708,0
24,UES2,29,96,96,2,-93.9274,-118.423,-118.498,SERVED,0,1,369.759221,-368.178779,0
25,UES1,0,7,7,4,-96.6774,-96.0744,-99.2954,SERVED,0,1,-97.188856,-135.330276,0
25,UES1,1,8,8,1,-89.0323,-82.5455,-105.481,SERVED,0,1,110.363292,-77.989977,0
25,UES1,2,9,9,3,-86.6944,-90.0683,-108.23,SERVED,0,1,-154.503362,144.494006,0
25,UES1,3,10,10,1,-92.351,-80.7411,-74.2779,SERVED,0,1,80.640433,-117.112738,0
25,UES1,4,11,11,2,-83.5605,-76.5253,-89.2793,SERVED,0,1,43.624471,129.816686,0
25,UES1,5,12,12,3,-51.731,-66.4616,-100.472,SERVED,0,1,-110.389261,39.121183,0
25,UES1,6,13,13,2,-50.0227,-88.1969,-68.1711,SERVED,0,1,89.248290,45.790292,0
25,UES1,7,14,14,1,-81.5505,-91.6844,-86.5803,SERVED,0,1,24.772730,-54.471867,0
25,UES1,8,15,15,3,-71.2235,-88.9349,-77.9784,SERVED,0,1,35.053693,-136.240820,0
25,UES1,9,16,16,2,-77.8855,-78.5467,-76.2731,SERVED,0,1,22.219056,33.241362,0
25,UES1,10,17,17,4,-88.9935,-97.5976,-97.3324,SERVED,0,1,-54.321331,-98.876734,0
25,UES1,11,18,18,3,-72.3868,-85.2656,-95.2741,SERVED,0,1,-35.912148,51.891861,0
25,UES1,12,19,19,7,-103.839,-91.0303,-63.9777,ALTERNATIVE_AVAILABLE,0,1,180.798303,-59.293426,0
25,UES1,13,20,20,5,-65.1849,-77.3948,-97.7995,SERVED,0,1,50.920684,77.514604,0
25,UES1,14,21,21,1,-72.804,-96.0489,-90.5649,SERVED,0,1,59.144593,-69.713657,0
25,UES1,15,22,22,1,-56.4521,-76.3674,-85.729,SERVED,0,1,89.116719,-28.419250,0
25,UES1,16,23,23,4,-76.717,-74.9296,-109.276,SERVED,0,1,-174.784203,-46.609135,0
25,UES1,17,24,24,3,-62.5716,-60.2999,-84.5389,SERVED,0,1,3.255360,-30.406570,0
25,UES1,18,25,25,1,-48.9576,-72.1464,-85.4281,SERVED,0,1,54.294405,-11.683983,0
25,UES1,19,26,26,6,-96.8966,-94.9431,-86.3338,SERVED,0,1,-62.553134,-70.491116,0
25,UES1,20,27,27,3,-87.1072,-82.1023,-87.4426,SERVED,0,1,-108.126956,113.560544,0
25,UES1,21,28,28,3,-95.1682,-98.6857,-92.3038,SERVED,0,1,-114.842582,173.774733,0
25,UES1,22,29,29,6,-93.4734,-62.9037,-101.948,SERVED,0,1,168.262691,58.975198,0
25,UES1,23,30,30,6,-80.9949,-80.6207,-88.2699,SERVED,0,1,41.654972,-96.905152,0
25,UES1,24,31,31,2,-75.5553,-82.9414,-105.623,SERVED,0,1,-17.721133,134.699303,0
25,UES1,25,32,32,4,-99.9699,-80.2332,-103.96,SERVED,0,1,-32.644401,154.476834,0
25,UES1,26,33,33,5,-105.859,-92.1349,-105.128,ALTERNATIVE_AVAILABLE,0,1,185.772167,14.953004,0
25,UES1,27,34,34,1,-85.839,-84.1129,-84.2311,SERVED,0,1,49.468857,64.252341,0
25,UES1,28,35,35,4,-80.5362,-89.1356,-112.452,SERVED,0,1,-166.910513,55.668802,0
25,UES1,29,36,36,1,-53.3988,-88.341,-75.5843,SERVED,0,1,70.656103,-13.576963,0
25,UES1,30,37,37,5,-102.469,-95.3742,-94.4368,ALTERNATIVE_AVAILABLE,0,1,1.560007,-171.672610,0
25,UES1,31,38,38,1,-69.0723,-76.2079,-88.1151,SERVED,0,1,139.710575,23.189019,0
25,UES1,32,39,39,6,-64.4494,-91.3303,-81.308,SERVED,0,1,46.905135,-61.246529,0
25,UES1,33,40,40,4,-54.8771,-59.9442,-91.0733,SERVED,0,1,-77.249860,44.130009,0
25,UES1,34,41,41,4,-98.1828,-99.7849,-100.786,SERVED,0,1,-26.521084,-147.384781,0
25,UES1,35,42,42,6,-76.5088,-73.8552,-84.5689,SERVED,0,1,88.212467,-45.005847,0
25,UES1,36,43,43,2,-89.5335,-101.182,-101.058,SERVED,0,1,157.554003,119.095311,0
25,UES1,37,44,44,6,-97.2936,-76.6183,-71.7308,SERVED,0,1,19.479746,-100.182344,0
25,UES1,38,45,45,1,-91.5853,-70.7021,-93.8074,SERVED,0,1,-36.055680,-50.797144,0
25,UES1,39,46,46,5,-101.41,-81.1408,-89.3126,ALTERNATIVE_AVAILABLE,0,1,-41.646971,-19.282405,0
25,UES1,40,47,47,4,-78.017,-65.3204,-108.857,SERVED,0,1,-157.339555,93.873874,0
25,UES1,41,48,48,4,-104.518,-104.248,-91.5747,ALTERNATIVE_AVAILABLE,0,1,-200.823790,-169.259887,0
25,UES1,42,49,49,1,-64.4693,-69.1218,-89.0994,SERVED,0,1,10.582194,-5.280117,0
25,UES1,43,50,50,1,-90.2885,-94.0571,-84.2856,SERVED,0,1,7.185747,-69.994086,0
25,UES1,44,51,51,1,-93.9983,-87.8639,-65.2665,SERVED,0,1,-6.174696,56.044495,0
25,UES1,45,52,52,2,-98.2344,-76.6868,-103.586,SERVED,0,1,-38.594044,-106.008664,0
25,UES1,46,53,53,7,-91.8985,-100.868,-104.115,SERVED,0,1,-78.265589,-128.212257,0
25,UES1,47,54,54,3,-87.1002,-73.5458,-88.9547,SERVED,0,1,-116.588410,-31.751984,0
25,UES1,48,55,55,3,-63.4485,-68.5859,-104.964,SERVED,0,1,-147.232267,-0.299074,0
25,UES1,49,56,56,6,-78.2999,-57.8687,-86.522,SERVED,0,1,31.475439,4.202701,0
25,UES1,50,57,57,4,-78.7152,-64.3567,-99.6106,SERVED,0,1,-84.080551,-71.240255,0
25,UES1,51,58,58,2,-95.6297,-99.5407,-98.9228,SERVED,0,1,186.837175,33.249090,0
25,UES1,52,59,59,6,-106.14,-91.9305,-108.741,ALTERNATIVE_AVAILABLE,0,1,-106.454808,158.274255,0
25,UES1,53,60,60,4,-95.1812,-69.8891,-110.9,SERVED,0,1,-208.009244,-41.418724,0
25,UES1,54,61,61,1,-64.1824,-81.8642,-90.6562,SERVED,0,1,50.840306,-67.642327,0
25,UES1,55,62,62,2,-77.7637,-78.2783,-99.4058,SERVED,0,1,87.574706,14.883890,0
25,UES1,56,63,63,3,-90.5146,-72.2414,-95.8125,SERVED,0,1,-30.872019,-38.365682,0
25,UES1,57,64,64,3,-66.9415,-93.8796,-91.9895,SERVED,0,1,-121.868955,124.901434,0
25,UES1,58,65,65,4,-85.5351,-101.083,-104.788,SERVED,0,1,-102.999512,-141.886994,0
25,UES1,59,66,66,1,-98.5217,-91.9881,-106.923,SERVED,0,1,164.790650,-142.290791,0
25,UES2,0,67,67,6,-119.174,-114.848,-122.028,PERSISTING,1,1,-413.028290,319.006223,0
25,UES2,1,68,68,3,-119.902,-117.21,-117.08,PERSISTING,2,1,319.831593,419.182570,0
25,UES2,2,69,69,1,-118.455,-106.602,-107.209,PERSISTING,3,1,364.709763,-363.003329,0
25,UES2,3,70,70,6,-122.616,-111.664,-118.172,PERSISTING,1,1,-279.682698,383.142032,0
25,UES2,4,71,71,7,-118.75,-114.457,-117.101,PERSISTING,1,1,368.996827,329.534187,0
25,UES2,5,72,72,2,-121.554,-112.853,-112.776,PERSISTING,0,1,322.022849,-374.541920,0
25,UES2,6,73,73,3,-111.585,-113.235,-120.848,PERSISTING,4,1,-346.598781,334.786579,0
25,UES2,7,74,74,0,NA,-115.359,-125.047,PERSISTING,0,1,401.922603,354.686691,0
25,UES2,8,75,75,2,-122.651,-120.617,-115.628,PERSISTING,0,1,348.769092,-398.448834,0
25,UES2,9,76,76,6,-124.684,-115.963,-120.272,MOVE_REQUIRED,8,1,-402.172004,304.236251,1
25,UES2,10,77,77,5,-122.595,-93.3961,-117.377,ALTERNATIVE_AVAILABLE,0,1,408.540628,320.453118,0
25,UES2,11,78,78,2,-116.176,-116.621,-115.621,PERSISTING,0,1,325.329349,-324.138750,0
25,UES2,12,79,79,7,-121.494,-110.885,-117.639,PERSISTING,1,1,-402.376537,294.700185,0
25,UES2,13,80,80,0,NA,-96.8068,-112.705,ALTERNATIVE_AVAILABLE,0,1,391.818425,309.951769,0
25,UES2,14,81,81,4,-121.834,-113.817,-109.969,PERSISTING,1,1,379.455769,-356.251717,0
25,UES2,15,82,82,4,-116.128,-110.681,-115.65,MOVE_REQUIRED,8,1,-299.999183,359.733666,1
25,UES2,16,83,83,4,-111.28,-110.278,-97.844,ALTERNATIVE_AVAILABLE,0,1,259.202214,334.525920,0
25,UES2,17,84,84,5,-111.662,-113.131,-111.585,PERSISTING,1,1,347.860534,-272.822522,0
25,UES2,18,85,85,4,-112.299,-110.379,-117.358,PERSISTING,3,1,-333.424212,376.703705,0
25,UES2,19,86,86,2,-117.695,-116.554,-84.2687,ALTERNATIVE_AVAILABLE,0,1,384.698517,360.457064,0
25,UES2,20,87,87,2,-119.109,-113.089,-114.292,PERSISTING,2,1,318.833327,-328.480995,0
25,UES2,21,88,88,0,NA,-99.291,-123.051,ALTERNATIVE_AVAILABLE,0,1,-313.928970,342.906655,0
25,UES2,22,89,89,6,-114.859,-99.0314,-118.607,ALTERNATIVE_AVAILABLE,0,1,315.085705,328.370116,0
25,UES2,23,90,90,7,-115.012,-110.374,-110.847,PERSISTING,5,1,303.487118,-313.792523,0
25,UES2,24,91,91,4,-119.474,-111.192,-118.033,PERSISTING,0,1,-368.328578,372.665209,0
25,UES2,25,92,92,3,-114.576,-110.331,-115.295,PERSISTING,0,1,290.093902,319.960752,0
25,UES2,26,93,93,0,NA,-122.644,-121.827,PERSISTING,5,1,372.637039,-385.947693,0
25,UES2,27,94,94,6,-120.457,-92.3501,-118.77,ALTERNATIVE_AVAILABLE,0,1,-325.082368,321.022129,0
25,UES2,28,95,95,6,-114.527,-113.661,-115.703,PERSISTING,3,1,333.725736,301.540514,0
25,UES2,29,96,96,2,-115.861,-114.932,-115.375,PERSISTING,0,1,368.688711,-372.032609,0
26,UES1,0,7,7,4,-103.065,-80.6679,-102.259,ALTERNATIVE_AVAILABLE,0,1,-100.042752,-139.435287,0
26,UES1,1,8,8,1,-93.9559,-88.5056,-93.8981,SERVED,0,1,113.615489,-81.788341,0
26,UES1,2,9,9,3,-65.9424,-80.6849,-111.219,SERVED,0,1,-157.759147,148.288205,0
26,UES1,3,10,10,1,-95.0567,-75.3871,-103.585,SERVED,0,1,84.539721,-120.243702,0
26,UES1,4,11,11,2,-90.8019,-74.4843,-105.575,SERVED,0,1,47.431659,133.059146,0
26,UES1,5,12,12,3,-49.9112,-65.2335,-83.5883,SERVED,0,1,-113.479984,43.050666,0
26,UES1,6,13,13,2,-48.584,-81.3937,-76.1542,SERVED,0,1,89.245898,50.790291,0
26,UES1,7,14,14,1,-85.3005,-93.2391,-89.9579,SERVED,0,1,23.647200,-59.343310,0
26,UES1,8,15,15,3,-102.625,-93.6746,-97.3519,ALTERNATIVE_AVAILABLE,0,1,37.438717,-140.635509,0
26,UES1,9,16,16,2,-69.8929,-70.8775,-78.5745,SERVED,0,1,26.800121,31.236022,0
26,UES1,10,17,17,4,-79.1343,-66.9664,-91.5307,SERVED,0,1,-55.243524,-103.790941,0
26,UES1,11,18,18,3,-87.6197,-64.7751,-87.5033,SERVED,0,1,-40.667843,53.432706,0
26,UES1,12,19,19,7,-100.573,-100.442,-76.9692,ALTERNATIVE_AVAILABLE,0,1,185.552802,-57.742545,0
26,UES1,13,20,20,5,-93.9026,-70.9958,-68.8773,SERVED,0,1,53.310493,81.907074,0
26,UES1,14,21,21,1,-72.2763,-95.97,-87.3565,SERVED,0,1,62.632422,-73.296417,0
26,UES1,15,22,22,1,-57.9012,-86.3678,-101.895,SERVED,0,1,88.682535,-33.400351,0
26,UES1,16,23,23,4,-77.3277,-91.2635,-109.331,SERVED,0,1,-179.774334,-46.311912,0
26,UES1,17,24,24,3,-91.9219,-80.4262,-86.3225,SERVED,0,1,8.217981,-29.796205,0
26,UES1,18,25,25,1,-48.967,-88.1523,-84.0548,SERVED,0,1,57.050221,-15.856071,0
26,UES1,19,26,26,6,-97.9538,-81.3532,-95.3609,SERVED,0,1,-64.814960,-74.950280,0
26,UES1,20,27,27,3,-86.3727,-91.0948,-98.4109,SERVED,0,1,-111.962850,116.767115,0
26,UES1,21,28,28,3,-84.8492,-82.8237,-111.477,SERVED,0,1,-116.390336,178.528786,0
26,UES1,22,29,29,6,-93.6306,-64.4893,-102.481,SERVED,0,1,171.931131,62.372970,0
26,UES1,23,30,30,6,-78.222,-81.4633,-79.4742,SERVED,0,1,43.074743,-101.699543,0
26,UES1,24,31,31,2,-65.4589,-84.5889,-99.6123,SERVED,0,1,-22.053409,137.194893,0
26,UES1,25,32,32,4,-67.8667,-87.1374,-95.042,SERVED,0,1,-32.997251,159.464331,0
26,UES1,26,33,33,5,-104.849,-99.4358,-105.356,ALTERNATIVE_AVAILABLE,0,1,189.312625,18.484653,0
26,UES1,27,34,34,1,-83.2373,-77.8623,-73.697,SERVED,0,1,49.264324,69.248134,0
26,UES1,28,35,35,4,-73.6935,-90.0204,-107.52,SERVED,0,1,-171.606403,57.385953,0
26,UES1,29,36,36,1,-56.6282,-90.0525,-83.1867,SERVED,0,1,74.149913,-17.153758,0
26,UES1,30,37,37,5,-101.337,-105.691,-67.3905,ALTERNATIVE_AVAILABLE,0,1,-0.430304,-176.259078,0
26,UES1,31,38,38,1,-95.6863,-88.3879,-91.1942,SERVED,0,1,144.467467,24.729818,0
26,UES1,32,39,39,6,-64.0015,-87.9742,-77.1786,SERVED,0,1,47.330947,-66.228368,0
26,UES1,33,40,40,4,-58.6984,-61.9725,-91.3871,SERVED,0,1,-79.103816,48.773351,0
26,UES1,34,41,41,4,-100.944,-69.5581,-105.991,ALTERNATIVE_AVAILABLE,0,1,-24.836974,-152.092841,0
26,UES1,35,42,42,6,-97.0673,-70.712,-80.0177,SERVED,0,1,92.618901,-47.369350,0
26,UES1,36,43,43,2,-84.7005,-95.9768,-103.02,SERVED,0,1,161.381525,122.312637,0
26,UES1,37,44,44,6,-94.2447,-77.4652,-78.5048,SERVED,0,1,20.561021,-105.064040,0
26,UES1,38,45,45,1,-90.2359,-92.3566,-91.6864,SERVED,0,1,-40.328151,-53.393539,0
26,UES1,39,46,46,5,-100.372,-79.8823,-72.9755,ALTERNATIVE_AVAILABLE,0,1,-46.640691,-19.052095,0
26,UES1,40,47,47,4,-86.5832,-83.8941,-81.5862,SERVED,0,1,-159.854955,98.194613,0
26,UES1,41,48,48,4,-103.336,-83.2493,-108.161,ALTERNATIVE_AVAILABLE,0,1,-204.909669,-172.140977,0
26,UES1,42,49,49,1,-81.4146,-87.0149,-86.3366,SERVED,0,1,12.686135,-0.743920,0
26,UES1,43,50,50,1,-95.2115,-96.3516,-89.4017,SERVED,0,1,10.788401,-73.462174,0
26,UES1,44,51,51,1,-88.1465,-85.5773,-77.8158,SERVED,0,1,-7.987985,60.703854,0
26,UES1,45,52,52,2,-99.4575,-83.2595,-83.9818,SERVED,0,1,-41.914419,-109.746276,0
26,UES1,46,53,53,7,-94.2094,-90.9997,-103.739,SERVED,0,1,-80.759458,-132.545903,0
26,UES1,47,54,54,3,-67.8429,-59.7105,-100.577,SERVED,0,1,-118.018947,-36.542972,0
26,UES1,48,55,55,3,-59.7215,-64.8331,-96.555,SERVED,0,1,-150.931806,-3.661519,0
26,UES1,49,56,56,6,-65.278,-55.5822,-89.9055,SERVED,0,1,34.987190,0.643297,0
26,UES1,50,57,57,4,-77.7094,-93.9511,-96.782,SERVED,0,1,-84.914233,-76.170262,0
26,UES1,51,58,58,2,-95.5932,-76.8922,-105.163,SERVED,0,1,191.804581,33.826424,0
26,UES1,52,59,59,6,-83.7288,-99.8408,-107.174,SERVED,0,1,-110.442607,161.288996,0
26,UES1,53,60,60,4,-80.8448,-101.095,-103.761,SERVED,0,1,-212.852255,-42.658045,0
26,UES1,54,61,61,1,-91.6665,-92.3358,-100.999,SERVED,0,1,49.894191,-72.551974,0
26,UES1,55,62,62,2,-55.482,-68.631,-100.162,SERVED,0,1,91.377110,11.636773,0
26,UES1,56,63,63,3,-90.0364,-62.8021,-87.081,SERVED,0,1,-30.415109,-43.344790,0
26,UES1,57,64,64,3,-90.0518,-91.9184,-97.5394,SERVED,0,1,-123.647556,129.574232,0
26,UES1,58,65,65,4,-83.6583,-96.3439,-98.6012,SERVED,0,1,-104.138200,-146.755569,0
26,UES1,59,66,66,1,-99.3059,-98.3166,-105.629,SERVED,0,1,168.469856,-145.677086,0
26,UES2,0,67,67,6,-117.912,-90.619,-121.2,ALTERNATIVE_AVAILABLE,0,1,-416.635730,317.278314,0
26,UES2,1,68,68,3,-125.034,-114.506,-119.668,PERSISTING,3,1,323.413914,420.964688,0
26,UES2,2,69,69,1,-106.153,-114.667,-115.516,PERSISTING,4,1,362.386936,-366.259656,0
26,UES2,3,70,70,6,-123.751,-87.0192,-115.367,ALTERNATIVE_AVAILABLE,0,1,-277.363459,386.401176,0
26,UES2,4,71,71,7,-119.643,-113.257,-115.33,PERSISTING,2,1,369.547033,325.572188,0
26,UES2,5,72,72,2,-115.324,-113.437,-114.15,PERSISTING,1,1,320.472703,-378.229286,0
26,UES2,6,73,73,3,-115.788,-114.098,-117.397,PERSISTING,5,1,-344.000851,331.744439,0
26,UES2,7,74,74,2,-122.5,-116.498,-114.755,PERSISTING,1,1,398.626150,356.951544,0
26,UES2,8,75,75,2,-115.89,-115.508,-83.5775,ALTERNATIVE_AVAILABLE,0,1,351.041683,-401.740427,0
26,UES2,9,76,76,6,-121.092,-112.612,-121.424,MOVE_REQUIRED,9,1,-401.143357,308.101746,1
26,UES2,10,77,77,5,-100.457,-118.26,-112.897,PERSISTING,0,1,410.758198,317.123971,0
26,UES2,11,78,78,2,-115.771,-113.389,-115.079,PERSISTING,1,1,327.873455,-327.225556,0
26,UES2,12,79,79,7,-123.529,-99.9179,-122.36,ALTERNATIVE_AVAILABLE,0,1,-406.347591,295.178471,0
26,UES2,13,80,80,0,NA,-119.813,-122.892,PERSISTING,0,1,390.424967,306.202368,0
26,UES2,14,81,81,4,-117.365,-112.087,-82.0878,ALTERNATIVE_AVAILABLE,0,1,382.796478,-358.451272,0
26,UES2,15,82,82,4,-115.024,-105.026,-118.592,MOVE_REQUIRED,9,1,-298.498077,363.441381,1
26,UES2,16,83,83,4,-119.95,-112.478,-113.311,PERSISTING,0,1,255.859113,336.722575,0
26,UES2,17,84,84,5,-109.807,-112.875,-110.445,PERSISTING,2,1,350.671370,-269.976049,0
26,UES2,18,85,85,4,-113.145,-112.479,-119.479,PERSISTING,4,1,-335.890571,379.852361,0
26,UES2,19,86,86,2,-116.351,-115.615,-116.621,PERSISTING,0,1,387.491411,363.321075,0
26,UES2,20,87,87,2,-113.452,-100.212,-85.0363,ALTERNATIVE_AVAILABLE,0,1,316.414812,-325.295616,0
26,UES2,21,88,88,0,NA,-118.775,-126.463,PERSISTING,0,1,-310.988955,345.619931,0
26,UES2,22,89,89,6,-113.047,-117.755,-113.581,PERSISTING,0,1,311.480658,326.638207,0
26,UES2,23,90,90,7,-119.74,-97.4589,-110.456,ALTERNATIVE_AVAILABLE,0,1,301.167879,-310.534311,0
26,UES2,24,91,91,4,-118.142,-112.124,-121.424,PERSISTING,1,1,-365.460329,369.876779,0
26,UES2,25,92,92,3,-119.343,-112.158,-101.344,PERSISTING,1,1,286.281930,321.173234,0
26,UES2,26,93,93,5,-114.026,-108.22,-115.009,MOVE_REQUIRED,6,1,369.028404,-384.224862,1
26,UES2,27,94,94,6,-95.414,-111.644,-116.999,SERVED,0,1,-321.260827,319.837202,0
26,UES2,28,95,95,6,-117.166,-86.681,-114.816,ALTERNATIVE_AVAILABLE,0,1,336.299744,304.603334,0
26,UES2,29,96,96,2,-114.5,-117.244,-115.645,PERSISTING,1,1,367.618201,-375.886382,0
27,UES1,0,7,7,4,-96.1303,-98.7608,-104.587,SERVED,0,1,-102.896648,-143.540295,0
27,UES1,1,8,8,1,-63.0424,-69.5943,-89.1899,SERVED,0,1,116.867687,-85.586706,0
27,UES1,2,9,9,3,-100.32,-104.282,-93.7054,ALTERNATIVE_AVAILABLE,0,1,-161.014933,152.082401,0
27,UES1,3,10,10,1,-94.5501,-86.8511,-90.3851,SERVED,0,1,88.439008,-123.374668,0
27,UES1,4,11,11,2,-67.9165,-82.6698,-104.296,SERVED,0,1,51.238847,136.301609,0
27,UES1,5,12,12,3,-50.8461,-92.533,-99.8106,SERVED,0,1,-116.570708,46.980140,0
27,UES1,6,13,13,2,-49.262,-79.6272,-78.1937,SERVED,0,1,89.243506,55.790289,0
27,UES1,7,14,14,1,-85.2912,-93.7696,-91.1075,SERVED,0,1,22.521669,-64.214751,0
27,UES1,8,15,15,2,-103.523,-97.556,-88.6468,ALTERNATIVE_AVAILABLE,0,1,39.823742,-145.030199,0
27,UES1,9,16,16,2,-69.4316,-77.5197,-80.224,SERVED,0,1,31.381186,29.230679,0
27,UES1,10,17,17,4,-92.6686,-100.862,-90.0796,SERVED,0,1,-56.165718,-108.705147,0
27,UES1,11,18,18,3,-69.6904,-98.3961,-83.1451,SERVED,0,1,-45.423539,54.973550,0
27,UES1,12,19,19,7,-104.309,-94.6842,-83.9956,ALTERNATIVE_AVAILABLE,0,1,190.307302,-56.191661,0
27,UES1,13,20,20,5,-82.9495,-64.0708,-84.3982,SERVED,0,1,55.700302,86.299548,0
27,UES1,14,21,21,1,-71.3162,-97.4024,-94.2225,SERVED,0,1,66.120251,-76.879179,0
27,UES1,15,22,22,1,-71.9665,-91.8761,-84.2274,SERVED,0,1,88.248350,-38.381452,0
27,UES1,16,23,23,4,-94.9556,-81.2638,-107.9,SERVED,0,1,-184.764466,-46.014690,0
27,UES1,17,24,24,3,-93.8363,-66.4671,-75.7376,SERVED,0,1,13.180603,-29.185840,0
27,UES1,18,25,25,1,-51.1075,-87.9889,-75.3764,SERVED,0,1,59.806036,-20.028159,0
27,UES1,19,26,26,6,-96.5355,-98.4575,-89.1277,SERVED,0,1,-67.076786,-79.409443,0
27,UES1,20,27,27,3,-81.2418,-110.939,-91.5912,SERVED,0,1,-115.798745,119.973685,0
27,UES1,21,28,28,4,-98.034,-77.7568,-80.3318,SERVED,0,1,-117.938090,183.282837,0
27,UES1,22,29,29,2,-92.022,-93.5687,-93.6129,SERVED,0,1,175.599572,65.770743,0
27,UES1,23,30,30,6,-98.3348,-83.9847,-86.0348,SERVED,0,1,44.494514,-106.493936,0
27,UES1,24,31,31,2,-98.1068,-92.3375,-79.7716,SERVED,0,1,-26.385685,139.690483,0
27,UES1,25,32,32,4,-97.9486,-74.7555,-91.7289,SERVED,0,1,-33.350100,164.451829,0
27,UES1,26,33,33,5,-92.9258,-102.356,-102.022,SERVED,0,1,192.853082,22.016305,0
27,UES1,27,34,34,1,-79.3461,-76.2515,-81.2326,SERVED,0,1,49.059791,74.243927,0
27,UES1,28,35,35,4,-77.1299,-81.6466,-108.436,SERVED,0,1,-176.302294,59.103104,0
27,UES1,29,36,36,1,-57.1524,-89.9727,-82.217,SERVED,0,1,77.643723,-20.730569,0
27,UES1,30,37,37,5,-105.687,-110.005,-95.769,ALTERNATIVE_AVAILABLE,0,1,-2.420615,-180.845545,0
27,UES1,31,38,38,1,-95.1039,-90.3328,-88.1714,SERVED,0,1,149.224359,26.270617,0
27,UES1,32,39,39,6,-98.0841,-73.842,-93.484,SERVED,0,1,47.756759,-71.210207,0
27,UES1,33,40,40,4,-63.4534,-65.2476,-66.454,SERVED,0,1,-80.957772,53.416688,0
27,UES1,34,41,41,4,-101.048,-97.5497,-79.8764,ALTERNATIVE_AVAILABLE,0,1,-23.152865,-156.800902,0
27,UES1,35,42,42,6,-100.174,-87.8195,-85.2584,ALTERNATIVE_AVAILABLE,0,1,97.025336,-49.732854,0
27,UES1,36,43,43,2,-91.8456,-80.8462,-101.682,SERVED,0,1,165.209046,125.529964,0
27,UES1,37,44,44,1,-92.6657,-95.1256,-86.5889,SERVED,0,1,21.642296,-109.945737,0
27,UES1,38,45,45,1,-91.884,-71.9671,-85.0823,SERVED,0,1,-44.600622,-55.989931,0
27,UES1,39,46,46,5,-103.885,-85.169,-79.8276,ALTERNATIVE_AVAILABLE,0,1,-51.634410,-18.821785,0
27,UES1,40,47,47,4,-75.2235,-76.4515,-100.661,SERVED,0,1,-162.370354,102.515349,0
27,UES1,41,48,48,4,-107.466,-102.994,-111.989,PERSISTING,0,1,-208.995549,-175.022065,0
27,UES1,42,49,49,1,-79.5399,-67.2724,-98.3527,SERVED,0,1,14.790075,3.792279,0
27,UES1,43,50,50,1,-74.868,-94.8297,-83.3497,SERVED,0,1,14.391056,-76.930271,0
27,UES1,44,51,51,1,-86.5805,-90.5058,-68.8574,SERVED,0,1,-9.801273,65.363210,0
27,UES1,45,52,52,2,-98.6771,-93.7892,-97.1307,SERVED,0,1,-45.234794,-113.483885,0
27,UES1,46,53,53,7,-95.3416,-102.552,-104.763,SERVED,0,1,-83.253328,-136.879550,0
27,UES1,47,54,54,4,-82.0251,-73.9879,-89.3387,SERVED,0,1,-119.449483,-41.333959,0
27,UES1,48,55,55,3,-69.6157,-103.662,-100.466,SERVED,0,1,-154.631345,-7.023959,0
27,UES1,49,56,56,6,-64.2288,-54.0988,-84.6985,SERVED,0,1,38.498941,-2.916107,0
27,UES1,50,57,57,4,-85.2194,-76.7663,-98.4098,SERVED,0,1,-85.747915,-81.100269,0
27,UES1,51,58,58,2,-92.8278,-105.22,-98.2282,SERVED,0,1,196.771986,34.403763,0
27,UES1,52,59,59,6,-101.898,-102.278,-97.408,ALTERNATIVE_AVAILABLE,0,1,-114.430406,164.303732,0
27,UES1,53,60,60,4,-98.9816,-81.1121,-91.6274,SERVED,0,1,-217.695266,-43.897364,0
27,UES1,54,61,61,1,-78.0176,-82.1036,-91.9753,SERVED,0,1,48.948075,-77.461621,0
27,UES1,55,62,62,2,-78.6074,-70.2905,-93.2125,SERVED,0,1,95.179513,8.389654,0
27,UES1,56,63,63,4,-77.2294,-74.8105,-87.8152,SERVED,0,1,-29.958198,-48.323897,0
27,UES1,57,64,64,3,-80.0789,-103.571,-102.899,SERVED,0,1,-125.426158,134.247028,0
27,UES1,58,65,65,4,-67.4241,-97.7148,-106.301,SERVED,0,1,-105.276888,-151.624143,0
27,UES1,59,66,66,1,-76.8715,-100.46,-95.2469,SERVED,0,1,172.149061,-149.063383,0
27,UES2,0,67,67,6,-121.592,-118.464,-96.6544,ALTERNATIVE_AVAILABLE,0,1,-420.243169,315.550428,0
27,UES2,1,68,68,3,-127.451,-113.51,-117.882,PERSISTING,4,1,326.996235,422.746864,0
27,UES2,2,69,69,1,-98.6577,-118.19,-114.075,SERVED,0,1,360.064109,-369.515983,0
27,UES2,3,70,70,6,-117.025,-116.693,-117.977,PERSISTING,0,1,-275.044220,389.660321,0
27,UES2,4,71,71,7,-123.265,-116.259,-105.022,PERSISTING,3,1,368.466715,323.950525,0
27,UES2,5,72,72,2,-112.425,-117.41,-116.553,PERSISTING,2,1,318.922556,-381.916652,0
27,UES2,6,73,73,3,-116.691,-116.64,-118.969,MOVE_REQUIRED,6,1,-341.402920,328.702283,1
27,UES2,7,74,74,2,-117.848,-120.945,-94.8571,ALTERNATIVE_AVAILABLE,0,1,395.329697,359.216385,0
27,UES2,8,75,75,7,-122.326,-117.143,-117.373,PERSISTING,0,1,353.314274,-405.032019,0
27,UES2,9,76,76,6,-122.271,-122.569,-119.163,MOVE_REQUIRED,10,1,-400.114711,311.967241,1
27,UES2,10,77,77,5,-114.319,-113.8,-120.722,PERSISTING,1,1,412.975768,313.794822,0
27,UES2,11,78,78,2,-117.24,-103.348,-114.971,PERSISTING,2,1,330.417561,-330.312366,0
27,UES2,12,79,79,7,-119.853,-114.515,-119.564,PERSISTING,0,1,-410.318644,295.656751,0
27,UES2,13,80,80,0,NA,-122.641,-121.123,PERSISTING,1,1,386.548406,305.217592,0
27,UES2,14,81,81,4,-119.443,-109.359,-109.278,PERSISTING,0,1,386.137186,-360.650827,0
27,UES2,15,82,82,4,-117.048,-115.356,-116.173,MOVE_REQUIRED,10,1,-297.891175,365.871850,1
27,UES2,16,83,83,4,-111.951,-113.463,-82.3146,ALTERNATIVE_AVAILABLE,0,1,255.451721,338.113754,0
27,UES2,17,84,84,5,-110.48,-83.2631,-117.533,ALTERNATIVE_AVAILABLE,0,1,353.482207,-267.129491,0
27,UES2,18,85,85,4,-115.332,-113.125,-119.385,PERSISTING,5,1,-338.356931,383.000964,0
27,UES2,19,86,86,2,-115.713,-120.009,-117.128,PERSISTING,1,1,390.284306,366.185104,0
27,UES2,20,87,87,2,-111.983,-112.684,-102.204,PERSISTING,0,1,313.996297,-322.110272,0
27,UES2,21,88,88,0,NA,-123.631,-123.003,PERSISTING,1,1,-308.048939,348.333282,0
27,UES2,22,89,89,6,-111.888,-116.558,-117.499,PERSISTING,1,1,307.875611,324.906321,0
27,UES2,23,90,90,7,-115.245,-93.5774,-112.298,ALTERNATIVE_AVAILABLE,0,1,298.848640,-307.276132,0
27,UES2,24,91,91,4,-100.573,-117.194,-121.619,PERSISTING,2,1,-362.592080,367.088343,0
27,UES2,25,92,92,3,-115.796,-101.642,-113.217,PERSISTING,2,1,282.469958,322.385704,0
27,UES2,26,93,93,5,-114.803,-118.777,-112.465,MOVE_REQUIRED,7,1,365.419768,-382.502049,1
27,UES2,27,94,94,6,-116.395,-113.318,-118.744,PERSISTING,0,1,-317.439285,318.652249,0
27,UES2,28,95,95,6,-113.697,-113.778,-115.807,PERSISTING,0,1,338.873752,307.666170,0
27,UES2,29,96,96,2,-116.557,-118.625,-116.44,PERSISTING,2,1,366.546495,-379.740107,0
28,UES1,0,7,7,4,-75.6566,-95.0499,-102.799,SERVED,0,1,-105.750544,-147.645302,0
28,UES1,1,8,8,1,-75.5134,-95.426,-93.0817,SERVED,0,1,120.119884,-89.385073,0
28,UES1,2,9,9,3,-92.7571,-105.197,-108.17,SERVED,0,1,-164.270719,155.876596,0
28,UES1,3,10,10,1,-84.3115,-68.7037,-74.1839,SERVED,0,1,92.338296,-126.505636,0
28,UES1,4,11,11,2,-71.1594,-78.139,-85.0515,SERVED,0,1,55.046035,139.544074,0
28,UES1,5,12,12,3,-51.5147,-105.041,-83.6911,SERVED,0,1,-119.661432,50.909606,0
28,UES1,6,13,13,2,-61.4125,-88.897,-74.9681,SERVED,0,1,89.241113,60.790288,0
28,UES1,7,14,14,1,-84.3502,-90.153,-89.1119,SERVED,0,1,21.396139,-69.086190,0
28,UES1,8,15,15,2,-98.6961,-96.8186,-105.302,SERVED,0,1,42.208766,-149.424889,0
28,UES1,9,16,16,2,-65.5977,-76.5093,-86.7144,SERVED,0,1,35.962251,27.225335,0
28,UES1,10,17,17,4,-85.2904,-71.4202,-98.1813,SERVED,0,1,-57.087911,-113.619354,0
28,UES1,11,18,18,3,-69.7702,-99.138,-92.9054,SERVED,0,1,-50.179235,56.514392,0
28,UES1,12,19,19,7,-80.6156,-92.372,-64.0065,SERVED,0,1,195.061802,-54.640774,0
28,UES1,13,20,20,5,-100.943,-61.5377,-85.1147,ALTERNATIVE_AVAILABLE,0,1,58.090111,90.692025,0
28,UES1,14,21,21,1,-71.7795,-73.7884,-83.4363,SERVED,0,1,69.608080,-80.461943,0
28,UES1,15,22,22,1,-69.6707,-64.529,-85.8406,SERVED,0,1,87.814166,-43.362553,0
28,UES1,16,23,23,4,-95.2367,-79.1231,-93.6571,SERVED,0,1,-189.754597,-45.717468,0
28,UES1,17,24,24,3,-84.2826,-76.8031,-72.2176,SERVED,0,1,18.143224,-28.575474,0
28,UES1,18,25,25,1,-52.2385,-87.5319,-87.9778,SERVED,0,1,62.561852,-24.200247,0
28,UES1,19,26,26,6,-98.7645,-99.6645,-94.2944,SERVED,0,1,-69.338612,-83.868607,0
28,UES1,20,27,27,3,-87.0576,-112.085,-87.0952,SERVED,0,1,-119.634639,123.180253,0
28,UES1,21,28,28,4,-97.0232,-86.6003,-110.332,SERVED,0,1,-119.485844,188.036886,0
28,UES1,22,29,29,2,-69.4501,-104.238,-105.771,SERVED,0,1,179.268012,69.168517,0
28,UES1,23,30,30,6,-102.867,-98.2962,-75.9432,ALTERNATIVE_AVAILABLE,0,1,45.914286,-111.288329,0
28,UES1,24,31,31,2,-101.47,-76.9981,-83.3697,ALTERNATIVE_AVAILABLE,0,1,-30.717961,142.186071,0
28,UES1,25,32,32,4,-99.8661,-95.4452,-81.639,SERVED,0,1,-33.702950,169.439326,0
28,UES1,26,33,33,5,-97.2965,-96.2584,-90.8061,SERVED,0,1,196.393540,25.547961,0
28,UES1,27,34,34,1,-75.8025,-70.1615,-79.3184,SERVED,0,1,48.855258,79.239719,0
28,UES1,28,35,35,4,-92.5369,-79.1081,-111.475,SERVED,0,1,-180.998185,60.820255,0
28,UES1,29,36,36,1,-53.11,-89.2023,-84.1164,SERVED,0,1,75.202482,-16.367484,0
28,UES1,30,37,37,5,-67.4067,-107.96,-101.77,SERVED,0,1,-4.410926,-185.432009,0
28,UES1,31,38,38,1,-86.7977,-78.154,-88.2988,SERVED,0,1,153.981251,27.811418,0
28,UES1,32,39,39,6,-97.8773,-82.858,-96.3963,SERVED,0,1,48.182571,-76.192046,0
28,UES1,33,40,40,4,-66.7887,-69.497,-78.9207,SERVED,0,1,-82.811728,58.060018,0
28,UES1,34,41,41,4,-95.4427,-100.668,-101.604,SERVED,0,1,-21.468755,-161.508964,0
28,UES1,35,42,42,6,-101.439,-73.6593,-91.755,ALTERNATIVE_AVAILABLE,0,1,101.431770,-52.096359,0
28,UES1,36,43,43,2,-92.2596,-97.2387,-106.829,SERVED,0,1,169.036568,128.747291,0
28,UES1,37,44,44,1,-97.8854,-104.364,-77.1085,SERVED,0,1,22.723571,-114.827433,0
28,UES1,38,45,45,1,-80.4503,-85.4957,-84.7517,SERVED,0,1,-48.873093,-58.586320,0
28,UES1,39,46,46,5,-104.498,-80.89,-66.3472,ALTERNATIVE_AVAILABLE,0,1,-56.628130,-18.591475,0
28,UES1,40,47,47,4,-77.0999,-86.1526,-84.9266,SERVED,0,1,-164.885754,106.836084,0
28,UES1,41,48,48,4,-82.728,-96.3397,-100.506,SERVED,0,1,-213.081428,-177.903152,0
28,UES1,42,49,49,1,-66.165,-63.131,-81.4588,SERVED,0,1,16.894016,8.328480,0
28,UES1,43,50,50,1,-86.4409,-95.1138,-84.3468,SERVED,0,1,17.993711,-80.398379,0
28,UES1,44,51,51,1,-87.92,-97.6626,-76.0715,SERVED,0,1,-11.614561,70.022563,0
28,UES1,45,52,52,2,-100.35,-99.499,-81.6247,ALTERNATIVE_AVAILABLE,0,1,-48.555169,-117.221491,0
28,UES1,46,53,53,7,-91.2362,-96.9965,-106.018,SERVED,0,1,-85.747198,-141.213196,0
28,UES1,47,54,54,4,-67.9303,-93.7983,-83.6401,SERVED,0,1,-120.880019,-46.124947,0
28,UES1,48,55,55,3,-86.9732,-104.928,-83.3071,SERVED,0,1,-158.330883,-10.386393,0
28,UES1,49,56,56,6,-96.9986,-52.5736,-80.6688,SERVED,0,1,42.010692,-6.475512,0
28,UES1,50,57,57,4,-83.163,-73.5417,-101.758,SERVED,0,1,-86.581597,-86.030276,0
28,UES1,51,58,58,2,-95.3744,-99.8711,-91.7948,SERVED,0,1,201.739392,34.981105,0
28,UES1,52,59,59,6,-104.001,-101.73,-106.479,PERSISTING,0,1,-118.418205,167.318461,0
28,UES1,53,60,60,4,-88.0849,-104.631,-108.168,SERVED,0,1,-222.538277,-45.136681,0
28,UES1,54,61,61,1,-75.9826,-66.5339,-88.568,SERVED,0,1,48.001960,-82.371268,0
28,UES1,55,62,62,2,-57.8244,-70.3836,-91.3351,SERVED,0,1,98.981917,5.142533,0
28,UES1,56,63,63,4,-89.0394,-69.8201,-91.1375,SERVED,0,1,-29.501288,-53.303005,0
28,UES1,57,64,64,3,-85.6813,-103.911,-105.155,SERVED,0,1,-127.204759,138.919824,0
28,UES1,58,65,65,4,-95.4501,-92.1275,-107.849,SERVED,0,1,-106.415575,-156.492717,0
28,UES1,59,66,66,1,-81.1579,-103.242,-82.9693,SERVED,0,1,175.828266,-152.449682,0
28,UES2,0,67,67,6,-126.543,-118.11,-118.726,PERSISTING,0,1,-423.850608,313.822572,0
28,UES2,1,68,68,3,-121.803,-116.597,-116.544,PERSISTING,5,1,330.578556,424.529112,0
28,UES2,2,69,69,1,-115.558,-118.214,-114.511,PERSISTING,0,1,357.741281,-372.772310,0
28,UES2,3,70,70,6,-119.317,-113.631,-118.881,PERSISTING,1,1,-272.724981,392.919468,0
28,UES2,4,71,71,7,-121.134,-117.209,-116.376,PERSISTING,4,1,364.940610,325.839401,0
28,UES2,5,72,72,2,-115.23,-117.591,-78.4369,ALTERNATIVE_AVAILABLE,0,1,317.372410,-385.604016,0
28,UES2,6,73,73,3,-113.474,-81.5202,-118.534,ALTERNATIVE_AVAILABLE,0,1,-338.804990,325.660109,0
28,UES2,7,74,74,2,-115.927,-118.261,-115.878,PERSISTING,0,1,392.033244,361.481213,0
28,UES2,8,75,75,7,-116.416,-116.865,-115.256,PERSISTING,1,1,355.586865,-408.323612,0
28,UES2,9,76,76,6,-121.655,-117.219,-119.167,MOVE_REQUIRED,11,1,-399.086064,315.832737,1
28,UES2,10,77,77,5,-117.247,-114.95,-115.595,PERSISTING,2,1,415.193339,310.465669,0
28,UES2,11,78,78,2,-112.396,-91.8239,-114.749,ALTERNATIVE_AVAILABLE,0,1,332.961667,-333.399182,0
28,UES2,12,79,79,7,-117.737,-116.635,-115.822,PERSISTING,1,1,-414.289698,296.135023,0
28,UES2,13,80,80,7,-118.447,-98.3138,-110.788,ALTERNATIVE_AVAILABLE,0,1,382.671844,304.232823,0
28,UES2,14,81,81,4,-120.553,-115.567,-111.744,PERSISTING,1,1,389.477895,-362.850384,0
28,UES2,15,82,82,4,-120.368,-112.157,-118.597,MOVE_REQUIRED,11,1,-300.861093,363.193242,1
28,UES2,16,83,83,4,-91.9167,-96.9492,-114.359,SERVED,0,1,259.447893,338.296721,0
28,UES2,17,84,84,5,-74.73,-108.93,-83.6955,SERVED,0,1,356.293043,-264.282813,0
28,UES2,18,85,85,4,-115.812,-111.851,-119.154,MOVE_REQUIRED,6,1,-340.823290,386.149502,1
28,UES2,19,86,86,2,-116.174,-118.634,-120.129,PERSISTING,2,1,393.077201,369.049152,0
28,UES2,20,87,87,2,-113.542,-92.0496,-116.642,ALTERNATIVE_AVAILABLE,0,1,311.577782,-318.924968,0
28,UES2,21,88,88,0,NA,-118.422,-123.662,PERSISTING,2,1,-305.108924,351.046738,0
28,UES2,22,89,89,6,-115.654,-113.366,-119.731,PERSISTING,2,1,304.270564,323.174459,0
28,UES2,23,90,90,7,-112.633,-113.312,-110.356,PERSISTING,0,1,296.529402,-304.017993,0
28,UES2,24,91,91,4,-116.687,-114.18,-113.667,PERSISTING,3,1,-359.723831,364.299902,0
28,UES2,25,92,92,3,-116.574,-108.731,-113.08,PERSISTING,3,1,278.657985,323.598159,0
28,UES2,26,93,93,5,-115.731,-115.296,-115.042,MOVE_REQUIRED,8,1,361.811133,-380.779254,1
28,UES2,27,94,94,6,-120.187,-103.475,-79.1547,ALTERNATIVE_AVAILABLE,0,1,-313.617744,317.467268,0
28,UES2,28,95,95,6,-112.024,-120.514,-113.641,PERSISTING,1,1,341.447761,310.729021,0
28,UES2,29,96,96,2,-113.802,-112.291,-115.327,PERSISTING,3,1,365.474789,-383.593826,0
29,UES1,0,7,7,4,-76.8923,-99.828,-107.841,SERVED,0,1,-108.604439,-151.750308,0
29,UES1,1,8,8,1,-94.7042,-71.1726,-104.146,SERVED,0,1,123.372081,-93.183441,0
29,UES1,2,9,9,3,-92.7577,-84.4105,-110.282,SERVED,0,1,-167.526504,159.670788,0
29,UES1,3,10,10,1,-99.9151,-102.84,-81.554,SERVED,0,1,96.237584,-129.636606,0
29,UES1,4,11,11,2,-89.236,-90.6368,-86.4906,SERVED,0,1,58.853223,142.786541,0
29,UES1,5,12,12,3,-54.4697,-72.3015,-76.6025,SERVED,0,1,-122.752156,54.839063,0
29,UES1,6,13,13,2,-53.46,-92.4316,-78.4701,SERVED,0,1,89.238721,65.790287,0
29,UES1,7,14,14,1,-61.8671,-93.4382,-100.556,SERVED,0,1,20.270608,-73.957628,0
29,UES1,8,15,15,2,-101.025,-79.9946,-101.192,ALTERNATIVE_AVAILABLE,0,1,44.593791,-153.819581,0
29,UES1,9,16,16,2,-67.8069,-78.0835,-93.804,SERVED,0,1,40.543316,25.219990,0
29,UES1,10,17,17,4,-72.7588,-67.9362,-104.284,SERVED,0,1,-58.010105,-118.533560,0
29,UES1,11,18,18,3,-71.8391,-71.377,-100.68,SERVED,0,1,-54.934930,58.055233,0
29,UES1,12,19,19,7,-111.88,-98.4503,-90.2644,ALTERNATIVE_AVAILABLE,0,1,199.816301,-53.089883,0
29,UES1,13,20,20,5,-100.166,-64.1756,-98.5203,ALTERNATIVE_AVAILABLE,0,1,60.479919,95.084505,0
29,UES1,14,21,21,1,-70.8789,-92.8058,-104.268,SERVED,0,1,73.095909,-84.044709,0
29,UES1,15,22,22,1,-79.5067,-88.1348,-90.6053,SERVED,0,1,87.379981,-48.343654,0
29,UES1,16,23,23,4,-76.8839,-95.7981,-102.624,SERVED,0,1,-194.744729,-45.420247,0
29,UES1,17,24,24,3,-97.3063,-62.064,-91.1011,SERVED,0,1,23.105845,-27.965109,0
29,UES1,18,25,25,1,-69.4736,-89.3245,-67.1009,SERVED,0,1,65.317668,-28.372335,0
29,UES1,19,26,26,6,-102.395,-87.3846,-75.1406,ALTERNATIVE_AVAILABLE,0,1,-71.600438,-88.327771,0
29,UES1,20,27,27,3,-92.6117,-101.66,-102.477,SERVED,0,1,-123.470534,126.386820,0
29,UES1,21,28,28,4,-76.0711,-91.1133,-107.402,SERVED,0,1,-121.033598,192.790933,0
29,UES1,22,29,29,2,-97.3476,-102.156,-103.23,SERVED,0,1,182.936452,72.566291,0
29,UES1,23,30,30,6,-107.246,-89.7431,-97.3072,ALTERNATIVE_AVAILABLE,0,1,47.334057,-116.082724,0
29,UES1,24,31,31,2,-93.0865,-69.1751,-83.7761,SERVED,0,1,-35.050237,144.681659,0
29,UES1,25,32,32,4,-104.915,-90.7575,-106.676,ALTERNATIVE_AVAILABLE,0,1,-34.055799,174.426822,0
29,UES1,26,33,33,5,-98.4887,-87.864,-111.783,SERVED,0,1,199.933998,29.079620,0
29,UES1,27,34,34,2,-78.2035,-72.0933,-67.4974,SERVED,0,1,48.650724,84.235511,0
29,UES1,28,35,35,4,-86.1197,-74.4553,-111.524,SERVED,0,1,-185.694075,62.537406,0
29,UES1,29,36,36,1,-51.1118,-87.7982,-66.3925,SERVED,0,1,72.761240,-12.004401,0
29,UES1,30,37,37,5,-101.095,-105.681,-69.2503,ALTERNATIVE_AVAILABLE,0,1,-6.401238,-190.018472,0
29,UES1,31,38,38,2,-91.9937,-83.339,-91.7442,SERVED,0,1,158.738142,29.352218,0
29,UES1,32,39,39,6,-97.2346,-71.5907,-90.809,SERVED,0,1,48.608382,-81.173885,0
29,UES1,33,40,40,4,-77.257,-51.3151,-66.4633,SERVED,0,1,-84.665683,62.703342,0
29,UES1,34,41,41,1,-69.0375,-99.1216,-102.083,SERVED,0,1,-19.784646,-166.217028,0
29,UES1,35,42,42,1,-90.0185,-91.4569,-88.144,SERVED,0,1,105.838204,-54.459865,0
29,UES1,36,43,43,2,-90.8247,-99.5946,-108.618,SERVED,0,1,172.864090,131.964620,0
29,UES1,37,44,44,1,-95.8547,-101.084,-70.1318,SERVED,0,1,23.804846,-119.709130,0
29,UES1,38,45,45,1,-94.8331,-89.9054,-81.5132,SERVED,0,1,-53.145564,-61.182707,0
29,UES1,39,46,46,5,-106.205,-85.9028,-65.6741,ALTERNATIVE_AVAILABLE,0,1,-61.621850,-18.361166,0
29,UES1,40,47,47,4,-97.7565,-92.0666,-108.072,SERVED,0,1,-167.401153,111.156817,0
29,UES1,41,48,48,4,-82.888,-105.778,-104.377,SERVED,0,1,-217.167308,-180.784236,0
29,UES1,42,49,49,1,-67.9724,-91.7143,-80.0452,SERVED,0,1,18.997957,12.864684,0
29,UES1,43,50,50,1,-75.7006,-64.3322,-86.0092,SERVED,0,1,21.596366,-83.866496,0
29,UES1,44,51,51,6,-95.9626,-79.2268,-65.2927,SERVED,0,1,-13.427850,74.681913,0
29,UES1,45,52,52,3,-97.6893,-73.6792,-100.398,SERVED,0,1,-51.875544,-120.959095,0
29,UES1,46,53,53,7,-93.7579,-108.534,-108.128,SERVED,0,1,-88.241067,-145.546842,0
29,UES1,47,54,54,4,-82.0665,-63.6738,-102.815,SERVED,0,1,-122.310555,-50.915935,0
29,UES1,48,55,55,3,-84.3278,-66.9523,-94.4344,SERVED,0,1,-162.030422,-13.748822,0
29,UES1,49,56,56,1,-49.3579,-88.1421,-87.1212,SERVED,0,1,45.522443,-10.034918,0
29,UES1,50,57,57,3,-95.6291,-72.3873,-103.031,SERVED,0,1,-87.415279,-90.960284,0
29,UES1,51,58,58,2,-98.7527,-105.649,-91.5718,SERVED,0,1,206.706797,35.558451,0
29,UES1,52,59,59,6,-100.354,-95.5333,-108.27,ALTERNATIVE_AVAILABLE,0,1,-122.406004,170.333184,0
29,UES1,53,60,60,4,-75.6575,-102.257,-84.8957,SERVED,0,1,-227.381288,-46.375996,0
29,UES1,54,61,61,1,-90.0002,-82.3406,-92.4054,SERVED,0,1,47.055844,-87.280915,0
29,UES1,55,62,62,2,-61.4688,-68.6285,-102.678,SERVED,0,1,102.784321,1.895411,0
29,UES1,56,63,63,4,-62.916,-90.1089,-95.6003,SERVED,0,1,-29.044377,-58.282113,0
29,UES1,57,64,64,3,-65.8259,-97.6987,-101.136,SERVED,0,1,-128.983361,143.592619,0
29,UES1,58,65,65,4,-98.5106,-70.1652,-107.808,SERVED,0,1,-107.554263,-161.361291,0
29,UES1,59,66,66,1,-101.065,-100.077,-104.941,PERSISTING,0,1,179.507471,-155.835982,0
29,UES2,0,67,67,6,-118.416,-114.526,-118.673,PERSISTING,1,1,-427.458047,312.094755,0
29,UES2,1,68,68,3,-122.173,-118.598,-118.905,MOVE_REQUIRED,6,1,334.160877,426.311448,1
29,UES2,2,69,69,1,-115.835,-117.633,-113.452,PERSISTING,1,1,355.418454,-376.028637,0
29,UES2,3,70,70,6,-117.913,-116.618,-119.236,PERSISTING,2,1,-270.405742,396.178619,0
29,UES2,4,71,71,7,-119.994,-118.247,-114.977,PERSISTING,5,1,361.414506,327.728276,0
29,UES2,5,72,72,2,-118.456,-114.228,-113.304,PERSISTING,0,1,315.822264,-389.291380,0
29,UES2,6,73,73,3,-112.062,-112.134,-92.1583,ALTERNATIVE_AVAILABLE,0,1,-336.207060,322.617916,0
29,UES2,7,74,74,2,-116.033,-112.183,-116.352,PERSISTING,1,1,388.736791,363.746027,0
29,UES2,8,75,75,7,-123.211,-113.122,-113.709,PERSISTING,2,1,357.859456,-411.615205,0
29,UES2,9,76,76,6,-117.79,-117.266,-118.74,MOVE_REQUIRED,12,1,-398.057418,319.698232,1
29,UES2,10,77,77,5,-116.197,-116.916,-117.161,PERSISTING,3,1,417.410909,307.136511,0
29,UES2,11,78,78,2,-115.76,-86.2401,-109.403,ALTERNATIVE_AVAILABLE,0,1,335.505773,-336.486002,0
29,UES2,12,79,79,7,-118.604,-115.077,-117.938,PERSISTING,2,1,-418.260752,296.613285,0
29,UES2,13,80,80,7,-120.857,-116.855,-82.224,ALTERNATIVE_AVAILABLE,0,1,378.795282,303.248061,0
29,UES2,14,81,81,4,-123.656,-110.664,-113.469,PERSISTING,2,1,389.328622,-361.845707,0
29,UES2,15,82,82,4,-117.791,-92.818,-117.015,ALTERNATIVE_AVAILABLE,0,1,-303.831011,360.514654,0
29,UES2,16,83,83,4,-116.502,-111.824,-82.6724,ALTERNATIVE_AVAILABLE,0,1,263.444065,338.479689,0
29,UES2,17,84,84,5,-112.524,-113.317,-112.759,PERSISTING,0,1,359.103401,-261.435957,0
29,UES2,18,85,85,4,-117.691,-112.573,-115.849,MOVE_REQUIRED,7,1,-343.289649,389.297956,1
29,UES2,19,86,86,2,-118.15,-119.698,-119.47,PERSISTING,3,1,395.870096,371.913226,0
29,UES2,20,87,87,2,-112.306,-112.616,-113.209,PERSISTING,0,1,309.159266,-315.739714,0
29,UES2,21,88,88,0,NA,-116.236,-121.334,PERSISTING,3,1,-302.168909,353.760354,0
29,UES2,22,89,89,6,-121.271,-118.249,-116.893,PERSISTING,3,1,300.665517,321.442625,0
29,UES2,23,90,90,7,-113.214,-113.73,-104.325,PERSISTING,1,1,294.210163,-300.759899,0
29,UES2,24,91,91,4,-118.723,-115.148,-118.589,PERSISTING,4,1,-356.855582,361.511454,0
29,UES2,25,92,92,3,-113.331,-111.079,-83.2801,ALTERNATIVE_AVAILABLE,0,1,274.846013,324.810577,0
29,UES2,26,93,93,5,-116.93,-115.399,-114.069,MOVE_REQUIRED,9,1,358.202498,-379.056479,1
29,UES2,27,94,94,6,-112.628,-111.205,-118.176,PERSISTING,0,1,-309.796203,316.282254,0
29,UES2,28,95,95,6,-118.585,-92.5961,-116.661,ALTERNATIVE_AVAILABLE,0,1,344.021769,313.791889,0
29,UES2,29,96,96,2,-116.707,-113.658,-83.7603,ALTERNATIVE_AVAILABLE,0,1,364.403083,-387.447527,0
30,UES1,0,7,7,4,-99.1153,-99.773,-106.916,SERVED,0,1,-111.458335,-155.855311,0
30,UES1,1,8,8,1,-100.182,-88.4255,-94.0171,ALTERNATIVE_AVAILABLE,0,1,126.624279,-96.981812,0
30,UES1,2,9,9,3,-66.3847,-97.5801,-111.094,SERVED,0,1,-170.782290,163.464979,0
30,UES1,3,10,10,1,-100.796,-81.0118,-84.0031,ALTERNATIVE_AVAILABLE,0,1,100.136872,-132.767578,0
30,UES1,4,11,11,2,-88.9594,-80.2488,-104.188,SERVED,0,1,62.660411,146.029011,0
30,UES1,5,12,12,3,-62.5989,-85.1264,-99.7436,SERVED,0,1,-125.842879,58.768512,0
30,UES1,6,13,13,2,-49.4535,-90.997,-78.955,SERVED,0,1,89.236329,70.790286,0
30,UES1,7,14,14,1,-87.9455,-92.0777,-100.565,SERVED,0,1,19.145077,-78.829064,0
30,UES1,8,15,15,2,-104.111,-94.4637,-81.2372,ALTERNATIVE_AVAILABLE,0,1,46.978815,-158.214273,0
30,UES1,9,16,16,2,-68.3456,-71.5177,-93.2233,SERVED,0,1,45.124381,23.214642,0
30,UES1,10,17,17,4,-97.1994,-77.147,-106.289,SERVED,0,1,-58.932298,-123.447766,0
30,UES1,11,18,18,3,-77.4443,-79.7662,-80.5699,SERVED,0,1,-59.690626,59.596072,0
30,UES1,12,19,19,7,-111.732,-90.9424,-73.5269,ALTERNATIVE_AVAILABLE,0,1,204.570801,-51.538989,0
30,UES1,13,20,20,5,-92.5573,-77.9686,-70.4166,SERVED,0,1,62.869728,99.476988,0
30,UES1,14,21,21,1,-77.6403,-96.9752,-86.2233,SERVED,0,1,76.583738,-87.627476,0
30,UES1,15,22,22,1,-76.902,-92.3326,-87.4016,SERVED,0,1,86.945797,-53.324755,0
30,UES1,16,23,23,4,-72.0978,-103.867,-90.4412,SERVED,0,1,-199.734860,-45.123027,0
30,UES1,17,24,24,3,-81.3929,-65.7806,-67.6648,SERVED,0,1,28.068466,-27.354744,0
30,UES1,18,25,25,1,-73.0147,-89.8712,-83.7081,SERVED,0,1,68.073483,-32.544424,0
30,UES1,19,26,26,6,-104.119,-89.6535,-84.9889,ALTERNATIVE_AVAILABLE,0,1,-73.862264,-92.786935,0
30,UES1,20,27,27,3,-91.5257,-98.876,-95.8068,SERVED,0,1,-127.306428,129.593386,0
30,UES1,21,28,28,4,-97.9996,-86.325,-88.1744,SERVED,0,1,-122.581352,197.544978,0
30,UES1,22,29,29,2,-95.4908,-98.5656,-104.194,SERVED,0,1,186.604892,75.964066,0
30,UES1,23,30,30,6,-104.693,-96.0453,-79.7257,ALTERNATIVE_AVAILABLE,0,1,48.753828,-120.877120,0
30,UES1,24,31,31,2,-99.1886,-87.894,-80.2786,SERVED,0,1,-39.382514,147.177246,0
30,UES1,25,32,32,4,-99.1169,-99.2074,-95.2803,SERVED,0,1,-34.408649,179.414319,0
30,UES1,26,33,33,5,-86.0771,-99.1458,-113.154,SERVED,0,1,203.474455,32.611283,0
30,UES1,27,34,34,2,-79.43,-89.102,-78.2192,SERVED,0,1,48.446191,89.231304,0
30,UES1,28,35,35,4,-92.7017,-92.262,-110.465,SERVED,0,1,-190.389966,64.254557,0
30,UES1,29,36,36,1,-48.7701,-85.7116,-82.4312,SERVED,0,1,70.319999,-7.641321,0
30,UES1,30,37,37,5,-103.992,-108.26,-104.148,PERSISTING,0,1,-8.391549,-194.604933,0
30,UES1,31,38,38,2,-76.9082,-94.6493,-96.0028,SERVED,0,1,163.495034,30.893020,0
30,UES1,32,39,39,6,-102.228,-83.6017,-90.2105,ALTERNATIVE_AVAILABLE,0,1,49.034194,-86.155724,0
30,UES1,33,40,40,4,-88.7701,-48.7277,-97.1685,SERVED,0,1,-86.519639,67.346659,0
30,UES1,34,41,41,1,-76.6903,-99.9636,-102.081,SERVED,0,1,-18.100536,-170.925093,0
30,UES1,35,42,42,1,-64.6262,-91.8348,-84.1755,SERVED,0,1,110.244639,-56.823372,0
30,UES1,36,43,43,2,-92.2977,-84.4068,-81.3126,SERVED,0,1,176.691611,135.181950,0
30,UES1,37,44,44,1,-98.1211,-77.9375,-90.0039,SERVED,0,1,24.886121,-124.590828,0
30,UES1,38,45,45,1,-99.9274,-86.0578,-92.5708,SERVED,0,1,-57.418035,-63.779090,0
30,UES1,39,46,46,5,-111.386,-79.2148,-80.318,ALTERNATIVE_AVAILABLE,0,1,-66.615570,-18.130857,0
30,UES1,40,47,47,4,-64.8385,-86.0432,-108.677,SERVED,0,1,-169.916552,115.477548,0
30,UES1,41,48,48,4,-105.194,-110.247,-105.714,PERSISTING,0,1,-221.253187,-183.665319,0
30,UES1,42,49,49,1,-74.4183,-65.4573,-83.167,SERVED,0,1,21.101898,17.400889,0
30,UES1,43,50,50,1,-90.1782,-69.8676,-91.618,SERVED,0,1,25.199021,-87.334625,0
30,UES1,44,51,51,6,-78.4445,-92.5717,-94.5092,SERVED,0,1,-15.241138,79.341261,0
30,UES1,45,52,52,3,-101.831,-86.7138,-104.086,ALTERNATIVE_AVAILABLE,0,1,-55.195919,-124.696697,0
30,UES1,46,53,53,7,-96.6263,-106.195,-107.657,SERVED,0,1,-90.734937,-149.880488,0
30,UES1,47,54,54,4,-61.4625,-94.0398,-90.8855,SERVED,0,1,-123.741092,-55.706922,0
30,UES1,48,55,55,3,-68.0438,-84.5431,-97.1172,SERVED,0,1,-165.729961,-17.111246,0
30,UES1,49,56,56,1,-49.8775,-86.3425,-93.9727,SERVED,0,1,49.034194,-13.594325,0
30,UES1,50,57,57,3,-95.7586,-92.4953,-94.8733,SERVED,0,1,-88.248961,-95.890291,0
30,UES1,51,58,58,2,-103.058,-98.9783,-100.054,ALTERNATIVE_AVAILABLE,0,1,211.674203,36.135801,0
30,UES1,52,59,59,6,-103.101,-91.7439,-95.0053,ALTERNATIVE_AVAILABLE,0,1,-126.393803,173.347900,0
30,UES1,53,60,60,4,-71.0911,-99.9079,-109.129,SERVED,0,1,-232.224299,-47.615308,0
30,UES1,54,61,61,1,-89.8713,-97.7755,-97.179,SERVED,0,1,46.109728,-92.190561,0
30,UES1,55,62,62,2,-77.1999,-73.9958,-97.4806,SERVED,0,1,106.586724,-1.351713,0
30,UES1,56,63,63,4,-86.7621,-73.4175,-92.6079,SERVED,0,1,-28.587467,-63.261221,0
30,UES1,57,64,64,3,-90.5751,-93.2886,-104.731,SERVED,0,1,-130.761962,148.265413,0
30,UES1,58,65,65,4,-98.1137,-73.3987,-96.1821,SERVED,0,1,-108.692951,-166.229864,0
30,UES1,59,66,66,1,-92.3526,-101.609,-92.0273,SERVED,0,1,183.186676,-159.222285,0
30,UES2,0,67,67,6,-120.304,-117.755,-118.048,PERSISTING,2,1,-431.065486,310.366991,0
30,UES2,1,68,68,3,-119.536,-116.798,-104.019,MOVE_REQUIRED,7,1,337.743198,428.093902,1
30,UES2,2,69,69,1,-119.354,-115.752,-115.901,PERSISTING,2,1,353.095627,-379.284964,0
30,UES2,3,70,70,6,-114.747,-113.859,-102.988,PERSISTING,3,1,-268.086503,399.437775,0
30,UES2,4,71,71,7,-120.429,-114.052,-116.882,MOVE_REQUIRED,6,1,357.888402,329.617149,1
30,UES2,5,72,72,2,-116.303,-116.166,-117.713,PERSISTING,1,1,314.272118,-392.978742,0
30,UES2,6,73,73,3,-109.231,-111.402,-118.624,PERSISTING,0,1,-333.609129,319.575701,0
30,UES2,7,74,74,2,-112.574,-121.154,-115.346,PERSISTING,2,1,385.440338,366.010826,0
30,UES2,8,75,75,7,-124.167,-92.9591,-113.458,ALTERNATIVE_AVAILABLE,0,1,360.132047,-414.906798,0
30,UES2,9,76,76,6,-118.001,-113.915,-123.689,MOVE_REQUIRED,13,1,-397.028771,323.563728,1
30,UES2,10,77,77,5,-117.302,-115.298,-115.364,PERSISTING,4,1,419.628479,303.807342,0
30,UES2,11,78,78,2,-114.85,-114.478,-115.306,PERSISTING,0,1,338.049878,-339.572828,0
30,UES2,12,79,79,7,-116.515,-117.227,-118.437,PERSISTING,3,1,-422.231806,297.091537,0
30,UES2,13,80,80,7,-118.574,-115.302,-117.501,PERSISTING,0,1,374.918720,302.263306,0
30,UES2,14,81,81,4,-122.978,-86.018,-81.8591,ALTERNATIVE_AVAILABLE,0,1,386.852694,-358.704890,0
30,UES2,15,82,82,4,-117.27,-118.269,-91.7369,ALTERNATIVE_AVAILABLE,0,1,-306.800928,357.836086,0
30,UES2,16,83,83,4,-118.519,-111.953,-93.186,ALTERNATIVE_AVAILABLE,0,1,267.440237,338.662656,0
30,UES2,17,84,84,5,-96.2506,-114.673,-111.898,SERVED,0,1,361.913041,-258.589036,0
30,UES2,18,85,85,4,-121.746,-115.377,-116.549,MOVE_REQUIRED,8,1,-345.756726,392.446311,1
30,UES2,19,86,86,2,-117.693,-118.474,-114.122,PERSISTING,4,1,398.662990,374.777332,0
30,UES2,20,87,87,2,-117.28,-116.216,-115.058,PERSISTING,1,1,306.740751,-312.554522,0
30,UES2,21,88,88,0,NA,-118.821,-122.232,PERSISTING,4,1,-299.229851,356.474166,0
30,UES2,22,89,89,6,-118.409,-117.073,-118.014,PERSISTING,4,1,297.060470,319.710821,0
30,UES2,23,90,90,7,-111.986,-112.162,-97.0778,ALTERNATIVE_AVAILABLE,0,1,291.890445,-297.501856,0
30,UES2,24,91,91,4,-117.304,-118.473,-117.766,PERSISTING,5,1,-353.987333,358.722999,0
30,UES2,25,92,92,3,-122.073,-110.866,-114.41,PERSISTING,0,1,278.424746,326.600226,0
30,UES2,26,93,93,5,-115.184,-87.9545,-116.701,ALTERNATIVE_AVAILABLE,0,1,354.593862,-377.333724,0
30,UES2,27,94,94,6,-115.077,-114.216,-118.886,PERSISTING,1,1,-305.974662,315.097201,0
30,UES2,28,95,95,6,-114.696,-115.204,-116.566,PERSISTING,0,1,346.595777,316.854775,0
30,UES2,29,96,96,2,-114.297,-117.769,-82.9747,ALTERNATIVE_AVAILABLE,0,1,365.912083,-385.521542,0
31,UES1,0,7,7,4,-97.2203,-81.0851,-106.6,SERVED,0,1,-114.312231,-159.960313,0
31,UES1,1,8,8,1,-95.2079,-96.2713,-111.229,SERVED,0,1,129.876476,-100.780184,0
31,UES1,2,9,9,3,-72.47,-85.6709,-90.257,SERVED,0,1,-174.038076,167.259167,0
31,UES1,3,10,10,1,-91.8735,-99.7882,-106.256,SERVED,0,1,104.036159,-135.898552,0
31,UES1,4,11,11,2,-78.3183,-91.9801,-85.4545,SERVED,0,1,66.467599,149.271483,0
31,UES1,5,12,12,3,-82.3274,-84.1723,-95.3103,SERVED,0,1,-128.933603,62.697951,0
31,UES1,6,13,13,2,-48.9511,-94.4615,-79.2606,SERVED,0,1,89.233937,75.790285,0
31,UES1,7,14,14,1,-67.4358,-91.3244,-102.23,SERVED,0,1,18.019547,-83.700497,0
31,UES1,8,15,15,2,-101.779,-98.3813,-97.9198,ALTERNATIVE_AVAILABLE,0,1,49.363840,-162.608966,0
31,UES1,9,16,16,2,-80.1336,-85.9484,-94.2187,SERVED,0,1,49.705446,21.209294,0
31,UES1,10,17,17,4,-97.5093,-91.8129,-105.661,SERVED,0,1,-59.854492,-128.361972,0
31,UES1,11,18,18,3,-83.3631,-86.0568,-96.1491,SERVED,0,1,-64.446322,61.136909,0
31,UES1,12,19,19,5,-92.2628,-106.762,-112.097,SERVED,0,1,209.325300,-49.988092,0
31,UES1,13,20,20,2,-64.9221,-82.2026,-77.2263,SERVED,0,1,65.259537,103.869475,0
31,UES1,14,21,21,1,-89.6311,-100.04,-105.964,SERVED,0,1,80.071568,-91.210245,0
31,UES1,15,22,22,1,-66.597,-95.5907,-104.476,SERVED,0,1,86.511612,-58.305855,0
31,UES1,16,23,23,4,-101.285,-76.948,-97.2633,ALTERNATIVE_AVAILABLE,0,1,-204.724991,-44.825808,0
31,UES1,17,24,24,1,-60.1268,-89.5391,-76.1765,SERVED,0,1,33.031087,-26.744379,0
31,UES1,18,25,25,1,-57.3989,-79.4168,-98.1377,SERVED,0,1,70.829299,-36.716514,0
31,UES1,19,26,26,6,-80.455,-90.4994,-95.4175,SERVED,0,1,-76.124090,-97.246098,0
31,UES1,20,27,27,3,-96.3108,-91.0007,-97.7365,SERVED,0,1,-131.142322,132.799950,0
31,UES1,21,28,28,4,-98.9312,-98.0965,-100.596,SERVED,0,1,-124.129107,202.299021,0
31,UES1,22,29,29,2,-87.9304,-94.3631,-103.136,SERVED,0,1,190.273333,79.361842,0
31,UES1,23,30,30,6,-106.441,-81.8949,-94.778,ALTERNATIVE_AVAILABLE,0,1,50.173600,-125.671517,0
31,UES1,24,31,31,2,-66.8558,-91.212,-93.0297,SERVED,0,1,-43.714790,149.672832,0
31,UES1,25,32,32,4,-104.72,-92.5257,-111.541,ALTERNATIVE_AVAILABLE,0,1,-34.761499,184.401815,0
31,UES1,26,33,33,5,-101.517,-107.88,-113.263,PERSISTING,0,1,207.014913,36.142950,0
31,UES1,27,34,34,2,-64.7828,-91.1137,-80.1622,SERVED,0,1,48.241658,94.227095,0
31,UES1,28,35,35,4,-93.1198,-97.7922,-108.471,SERVED,0,1,-195.085857,65.971708,0
31,UES1,29,36,36,1,-60.1244,-69.5896,-73.144,SERVED,0,1,67.878758,-3.278244,0
31,UES1,30,37,37,5,-104.879,-110.077,-103.528,PERSISTING,1,1,-10.381860,-199.191393,0
31,UES1,31,38,38,2,-89.7078,-80.5508,-90.2895,SERVED,0,1,168.251926,32.433822,0
31,UES1,32,39,39,1,-84.2814,-85.3255,-89.4894,SERVED,0,1,49.460006,-91.137563,0
31,UES1,33,40,40,4,-92.484,-57.3487,-90.1314,SERVED,0,1,-88.373595,71.989968,0
31,UES1,34,41,41,1,-98.3161,-71.6154,-100.161,SERVED,0,1,-16.416427,-175.633159,0
31,UES1,35,42,42,1,-87.6519,-91.0332,-87.1182,SERVED,0,1,114.651073,-59.186880,0
31,UES1,36,43,43,2,-88.7964,-74.4086,-105.689,SERVED,0,1,180.519133,138.399280,0
31,UES1,37,44,44,1,-98.8875,-101.732,-98.3847,SERVED,0,1,25.967396,-129.472525,0
31,UES1,38,45,45,1,-71.9325,-81.1199,-104.171,SERVED,0,1,-61.690506,-66.375471,0
31,UES1,39,46,46,5,-112.314,-79.5904,-64.7239,ALTERNATIVE_AVAILABLE,0,1,-71.609289,-17.900548,0
31,UES1,40,47,47,4,-68.6288,-90.6969,-102.45,SERVED,0,1,-172.431952,119.798277,0
31,UES1,41,48,48,4,-103.367,-112.485,-107.628,PERSISTING,1,1,-225.339066,-186.546399,0
31,UES1,42,49,49,2,-74.8712,-83.1372,-97.3299,SERVED,0,1,23.205839,21.937097,0
31,UES1,43,50,50,1,-88.9367,-92.1689,-85.2126,SERVED,0,1,28.801675,-90.802763,0
31,UES1,44,51,51,6,-75.7793,-98.505,-69.955,SERVED,0,1,-17.054427,84.000606,0
31,UES1,45,52,52,3,-97.7279,-92.3211,-80.0887,SERVED,0,1,-58.516294,-128.434296,0
31,UES1,46,53,53,7,-98.9529,-103.669,-109.645,SERVED,0,1,-93.228806,-154.214134,0
31,UES1,47,54,54,4,-61.2751,-93.1971,-94.5798,SERVED,0,1,-125.171628,-60.497910,0
31,UES1,48,55,55,3,-85.1444,-67.4401,-95.3578,SERVED,0,1,-169.429500,-20.473663,0
31,UES1,49,56,56,1,-50.5277,-81.4957,-84.1538,SERVED,0,1,52.545945,-17.153732,0
31,UES1,50,57,57,3,-100.565,-95.6604,-84.0808,ALTERNATIVE_AVAILABLE,0,1,-89.082643,-100.820298,0
31,UES1,51,58,58,2,-98.4605,-84.2882,-104.124,SERVED,0,1,216.641608,36.713156,0
31,UES1,52,59,59,6,-101.291,-102.044,-105.824,PERSISTING,0,1,-130.381602,176.362610,0
31,UES1,53,60,60,4,-95.5549,-99.055,-110.784,SERVED,0,1,-237.067311,-48.854619,0
31,UES1,54,61,61,1,-65.3863,-76.325,-99.4615,SERVED,0,1,45.163613,-97.100207,0
31,UES1,55,62,62,2,-59.6357,-78.9771,-90.0738,SERVED,0,1,110.389128,-4.598839,0
31,UES1,56,63,63,4,-93.0915,-68.8665,-104.22,SERVED,0,1,-28.130557,-68.240329,0
31,UES1,57,64,64,3,-92.5911,-67.0566,-99.5734,SERVED,0,1,-132.540564,152.938206,0
31,UES1,58,65,65,4,-102.422,-79.8519,-108.232,ALTERNATIVE_AVAILABLE,0,1,-109.831639,-171.098438,0
31,UES1,59,66,66,1,-100.873,-104.794,-105.567,PERSISTING,0,1,186.865882,-162.608590,0
31,UES2,0,67,67,6,-90.0981,-83.906,-122.579,SERVED,0,1,-434.672926,308.639317,0
31,UES2,1,68,68,3,-124.116,-104.908,-117.996,MOVE_REQUIRED,8,1,341.324323,429.876446,1
31,UES2,2,69,69,1,-114.702,-113.693,-109.258,PERSISTING,3,1,350.772800,-382.541290,0
31,UES2,3,70,70,6,-117.944,-109.246,-118.354,PERSISTING,4,1,-265.767264,402.696942,0
31,UES2,4,71,71,7,-122.221,-103.142,-115.103,MOVE_REQUIRED,7,1,354.362297,331.506020,1
31,UES2,5,72,72,2,-119.068,-105.528,-114.815,PERSISTING,2,1,312.721971,-396.666099,0
31,UES2,6,73,73,3,-114.299,-115.439,-118.671,PERSISTING,1,1,-331.011199,316.533461,0
31,UES2,7,74,74,2,-117.738,-117.699,-118.907,PERSISTING,3,1,382.143885,368.275611,0
31,UES2,8,75,75,7,-117.955,-115.39,-112.931,PERSISTING,0,1,362.404638,-418.198392,0
31,UES2,9,76,76,6,-115.716,-115.658,-87.3621,ALTERNATIVE_AVAILABLE,0,1,-396.000125,327.429224,0
31,UES2,10,77,77,5,-114.75,-119.216,-118.783,PERSISTING,5,1,421.846050,300.478138,0
31,UES2,11,78,78,2,-116.74,-116.04,-116.526,PERSISTING,1,1,340.593984,-342.659660,0
31,UES2,12,79,79,7,-121.417,-83.5001,-119.347,ALTERNATIVE_AVAILABLE,0,1,-426.202859,297.569776,0
31,UES2,13,80,80,7,-120.039,-86.4797,-110.807,ALTERNATIVE_AVAILABLE,0,1,371.042158,301.278560,0
31,UES2,14,81,81,4,-123.188,-117.841,-113.155,PERSISTING,0,1,384.376766,-355.564094,0
31,UES2,15,82,82,4,-113.231,-119.361,-120.124,PERSISTING,0,1,-309.770846,355.157541,0
31,UES2,16,83,83,4,-119.42,-107.942,-112.522,PERSISTING,0,1,271.436409,338.845624,0
31,UES2,17,84,84,5,-107.383,-117.319,-117.474,PERSISTING,0,1,364.898029,-256.622384,0
31,UES2,18,85,85,4,-115.375,-117.276,-117.579,MOVE_REQUIRED,9,1,-348.224282,395.594650,1
31,UES2,19,86,86,2,-117.096,-122.97,-120.111,PERSISTING,5,1,401.455885,377.641480,0
31,UES2,20,87,87,2,-115.401,-110.672,-79.7913,ALTERNATIVE_AVAILABLE,0,1,304.322236,-309.369410,0
31,UES2,21,88,88,0,NA,-120.865,-123.616,PERSISTING,5,1,-297.517035,359.127562,0
31,UES2,22,89,89,6,-115.886,-88.1451,-115.96,ALTERNATIVE_AVAILABLE,0,1,293.455423,317.979051,0
31,UES2,23,90,90,7,-112.794,-112.747,-111.062,PERSISTING,0,1,289.570010,-294.243826,0
31,UES2,24,91,91,4,-114.132,-85.6948,-120.437,ALTERNATIVE_AVAILABLE,0,1,-351.119084,355.934536,0
31,UES2,25,92,92,3,-115.428,-111.602,-113.244,PERSISTING,1,1,282.003239,328.389933,0
31,UES2,26,93,93,5,-112.157,-116.667,-116.598,PERSISTING,0,1,350.985227,-375.610990,0
31,UES2,27,94,94,6,-116.495,-114.694,-118.183,PERSISTING,2,1,-302.153121,313.912100,0
31,UES2,28,95,95,6,-117.778,-116.959,-117.706,PERSISTING,1,1,349.169786,319.917678,0
31,UES2,29,96,96,2,-121.345,-112.614,-113.858,PERSISTING,0,1,368.066260,-382.150637,0
32,UES1,0,7,7,4,-102.315,-89.0843,-106.459,ALTERNATIVE_AVAILABLE,0,1,-117.166127,-164.065313,0
32,UES1,1,8,8,1,-92.2988,-75.2047,-86.5604,SERVED,0,1,133.128673,-104.578559,0
32,UES1,2,9,9,3,-98.9889,-96.5899,-92.2164,SERVED,0,1,-177.293861,171.053354,0
32,UES1,3,10,10,1,-95.08,-69.8886,-96.7581,SERVED,0,1,107.935447,-139.029528,0
32,UES1,4,11,11,2,-82.0241,-75.623,-90.8002,SERVED,0,1,70.274787,152.513957,0
32,UES1,5,12,12,3,-64.9356,-86.8755,-91.0395,SERVED,0,1,-132.024327,66.627381,0
32,UES1,6,13,13,2,-51.2943,-90.2891,-96.0452,SERVED,0,1,89.231545,80.790284,0
32,UES1,7,14,14,1,-65.1197,-66.8468,-103.863,SERVED,0,1,16.894016,-88.571929,0
32,UES1,8,15,15,2,-101.765,-96.5041,-106.899,ALTERNATIVE_AVAILABLE,0,1,51.748864,-167.003660,0
32,UES1,9,16,16,2,-78.2749,-66.33,-78.6298,SERVED,0,1,54.286511,19.203943,0
32,UES1,10,17,17,4,-96.2374,-100.177,-103.687,SERVED,0,1,-60.776685,-133.276178,0
32,UES1,11,18,18,3,-75.3666,-86.1976,-89.5116,SERVED,0,1,-69.202017,62.677745,0
32,UES1,12,19,19,5,-71.8405,-104.972,-112.849,SERVED,0,1,214.079800,-48.437192,0
32,UES1,13,20,20,2,-66.4607,-94.8847,-71.0249,SERVED,0,1,67.649346,108.261966,0
32,UES1,14,21,21,1,-90.033,-95.1151,-99.0712,SERVED,0,1,83.559397,-94.793016,0
32,UES1,15,22,22,1,-80.9962,-76.4722,-91.6125,SERVED,0,1,86.077428,-63.286955,0
32,UES1,16,23,23,4,-98.2433,-99.5285,-90.2859,SERVED,0,1,-209.715123,-44.528590,0
32,UES1,17,24,24,1,-78.7898,-77.5508,-87.5705,SERVED,0,1,37.993708,-26.134013,0
32,UES1,18,25,25,1,-58.0041,-72.0927,-92.4908,SERVED,0,1,73.585114,-40.888604,0
32,UES1,19,26,26,6,-103.147,-92.7131,-68.7033,ALTERNATIVE_AVAILABLE,0,1,-78.385916,-101.705262,0
32,UES1,20,27,27,3,-102.501,-103.357,-97.7127,ALTERNATIVE_AVAILABLE,0,1,-134.978217,136.006513,0
32,UES1,21,28,28,4,-99.0207,-100.615,-105.35,SERVED,0,1,-125.676861,207.053062,0
32,UES1,22,29,29,2,-96.305,-100.981,-84.7099,SERVED,0,1,193.941773,82.759619,0
32,UES1,23,30,30,6,-104.884,-96.4543,-72.4598,ALTERNATIVE_AVAILABLE,0,1,51.593371,-130.465915,0
32,UES1,24,31,31,2,-101.547,-78.1937,-100.462,ALTERNATIVE_AVAILABLE,0,1,-48.047066,152.168417,0
32,UES1,25,32,32,4,-101.087,-98.8463,-104.373,ALTERNATIVE_AVAILABLE,0,1,-35.114348,189.389311,0
32,UES1,26,33,33,5,-95.9492,-105.164,-115.494,SERVED,0,1,210.555370,39.674621,0
32,UES1,27,34,34,2,-74.701,-81.2881,-76.2775,SERVED,0,1,48.037125,99.222887,0
32,UES1,28,35,35,4,-101.144,-80.5569,-103.867,ALTERNATIVE_AVAILABLE,0,1,-199.781747,67.688858,0
32,UES1,29,36,36,1,-53.4419,-78.7233,-85.9428,SERVED,0,1,65.437517,1.084830,0
32,UES1,30,37,37,5,-97.0719,-107.258,-104.87,SERVED,0,1,-12.372171,-203.777850,0
32,UES1,31,38,38,2,-92.0693,-76.5065,-92.357,SERVED,0,1,173.008818,33.974625,0
32,UES1,32,39,39,1,-95.1341,-102.304,-83.6155,SERVED,0,1,49.885818,-96.119402,0
32,UES1,33,40,40,4,-92.0003,-61.2602,-71.7541,SERVED,0,1,-90.227551,76.633270,0
32,UES1,34,41,41,1,-101.319,-99.7906,-104.224,ALTERNATIVE_AVAILABLE,0,1,-14.732317,-180.341226,0
32,UES1,35,42,42,1,-64.5938,-93.1603,-87.9726,SERVED,0,1,119.057507,-61.550389,0
32,UES1,36,43,43,2,-89.0089,-101.798,-107.312,SERVED,0,1,184.346655,141.616611,0
32,UES1,37,44,44,1,-73.9521,-74.1296,-83.5045,SERVED,0,1,27.048670,-134.354223,0
32,UES1,38,45,45,1,-66.2581,-76.3122,-77.4663,SERVED,0,1,-65.962977,-68.971849,0
32,UES1,39,46,46,5,-112.288,-73.4608,-65.17,ALTERNATIVE_AVAILABLE,0,1,-76.603009,-17.670239,0
32,UES1,40,47,47,4,-66.7251,-89.3903,-108.068,SERVED,0,1,-174.947351,124.119004,0
32,UES1,41,48,48,4,-102.564,-105.692,-108.393,PERSISTING,2,1,-229.424946,-189.427477,0
32,UES1,42,49,49,2,-66.3676,-79.6488,-82.0918,SERVED,0,1,25.309780,26.473307,0
32,UES1,43,50,50,1,-89.8286,-95.1854,-100.079,SERVED,0,1,32.404330,-94.270914,0
32,UES1,44,51,51,6,-84.6869,-78.9139,-91.0488,SERVED,0,1,-18.867715,88.659948,0
32,UES1,45,52,52,3,-70.9216,-96.1879,-96.6038,SERVED,0,1,-61.836670,-132.171892,0
32,UES1,46,53,53,7,-103.227,-87.0578,-106.975,ALTERNATIVE_AVAILABLE,0,1,-95.722676,-158.547780,0
32,UES1,47,54,54,4,-92.0062,-90.4463,-102.202,SERVED,0,1,-126.602164,-65.288898,0
32,UES1,48,55,55,3,-62.4284,-88.324,-101.015,SERVED,0,1,-173.129039,-23.836075,0
32,UES1,49,56,56,1,-51.3888,-77.7163,-86.6449,SERVED,0,1,56.057697,-20.713140,0
32,UES1,50,57,57,3,-98.0525,-87.8044,-89.1664,SERVED,0,1,-89.916326,-105.750305,0
32,UES1,51,58,58,2,-93.8457,-106.362,-92.6112,SERVED,0,1,221.609014,37.290515,0
32,UES1,52,59,59,6,-88.8525,-107.68,-106.13,SERVED,0,1,-134.369402,179.377312,0
32,UES1,53,60,60,4,-68.627,-104.433,-107.346,SERVED,0,1,-241.910322,-50.093927,0
32,UES1,54,61,61,1,-94.9121,-83.2125,-89.4447,SERVED,0,1,44.217497,-102.009853,0
32,UES1,55,62,62,2,-71.2119,-75.9199,-91.4237,SERVED,0,1,114.191531,-7.845966,0
32,UES1,56,63,63,4,-87.6703,-64.4447,-99.5958,SERVED,0,1,-27.673646,-73.219438,0
32,UES1,57,64,64,3,-66.7001,-95.7945,-91.5189,SERVED,0,1,-134.319165,157.610998,0
32,UES1,58,65,65,4,-102.155,-104.855,-110.575,PERSISTING,0,1,-110.970326,-175.967011,0
32,UES1,59,66,66,1,-98.4781,-103.25,-106.745,SERVED,0,1,190.545087,-165.994897,0
32,UES2,0,67,67,6,-119.8,-120.19,-118.878,PERSISTING,0,1,-438.280365,306.911880,0
32,UES2,1,68,68,3,-118.939,-116.658,-116.825,MOVE_REQUIRED,9,1,344.905448,431.658992,1
32,UES2,2,69,69,1,-118.217,-117.214,-107.266,PERSISTING,4,1,348.449972,-385.797617,0
32,UES2,3,70,70,6,-112.338,-117.92,-115.287,PERSISTING,5,1,-264.246064,404.577507,0
32,UES2,4,71,71,7,-121.099,-115.945,-118.47,MOVE_REQUIRED,8,1,350.836193,333.394890,1
32,UES2,5,72,72,2,-116.219,-117.058,-116.689,PERSISTING,3,1,313.269785,-399.491504,0
32,UES2,6,73,73,3,-75.5226,-112.946,-114.545,SERVED,0,1,-328.413269,313.491195,0
32,UES2,7,74,74,2,-111.81,-116.896,-80.8706,ALTERNATIVE_AVAILABLE,0,1,378.847432,370.540380,0
32,UES2,8,75,75,7,-123.305,-120.236,-116.567,PERSISTING,1,1,364.677229,-421.489985,0
32,UES2,9,76,76,6,-120.432,-115.908,-120.055,PERSISTING,0,1,-394.971478,331.294720,0
32,UES2,10,77,77,5,-88.4839,-117.364,-119.095,SERVED,0,1,418.202728,302.128355,0
32,UES2,11,78,78,2,-116.602,-110.497,-89.8761,ALTERNATIVE_AVAILABLE,0,1,343.138090,-345.746497,0
32,UES2,12,79,79,7,-121.994,-116.367,-119.304,PERSISTING,0,1,-430.173913,298.047998,0
32,UES2,13,80,80,7,-117.553,-115.508,-116.976,PERSISTING,0,1,367.165597,300.293823,0
32,UES2,14,81,81,4,-121.763,-117.215,-114.563,PERSISTING,1,1,381.900837,-352.423323,0
32,UES2,15,82,82,4,-116.384,-113.768,-117.326,PERSISTING,1,1,-312.740763,352.479019,0
32,UES2,16,83,83,4,-124.011,-112.455,-92.829,ALTERNATIVE_AVAILABLE,0,1,275.432580,339.028592,0
32,UES2,17,84,84,5,-108.73,-97.9576,-115.443,ALTERNATIVE_AVAILABLE,0,1,368.584411,-258.176961,0
32,UES2,18,85,85,4,-119.967,-113.332,-118.257,MOVE_REQUIRED,10,1,-350.691837,398.742988,1
32,UES2,19,86,86,2,-118.185,-116.08,-118.241,MOVE_REQUIRED,6,1,404.248780,380.505688,1
32,UES2,20,87,87,2,-117.679,-113.667,-111.534,PERSISTING,0,1,301.903242,-306.184403,0
32,UES2,21,88,88,0,NA,-87.5032,-121.619,ALTERNATIVE_AVAILABLE,0,1,-300.708231,361.539154,0
32,UES2,22,89,89,6,-118.566,-116.757,-113.056,PERSISTING,0,1,289.850376,316.247320,0
32,UES2,23,90,90,7,-114.106,-111.298,-106.805,PERSISTING,1,1,287.249575,-290.985797,0
32,UES2,24,91,91,4,-115.999,-98.7555,-117.388,ALTERNATIVE_AVAILABLE,0,1,-348.250835,353.146063,0
32,UES2,25,92,92,3,-81.012,-110.887,-112.756,SERVED,0,1,285.580776,330.179666,0
32,UES2,26,93,93,5,-118.247,-115.087,-116.155,PERSISTING,1,1,347.376592,-373.888280,0
32,UES2,27,94,94,6,-114.801,-113.379,-115.39,PERSISTING,3,1,-298.331580,312.726938,0
32,UES2,28,95,95,6,-106.234,-119.568,-122.18,PERSISTING,2,1,351.743794,322.980601,0
32,UES2,29,96,96,2,-116.053,-115.592,-114.947,PERSISTING,1,1,370.220437,-378.779718,0
33,UES1,0,7,7,4,-98.688,-73.511,-101.115,SERVED,0,1,-120.020023,-168.170311,0
33,UES1,1,8,8,1,-91.3539,-100.092,-95.8501,SERVED,0,1,136.380871,-108.376935,0
33,UES1,2,9,9,3,-93.6717,-98.9782,-96.3175,SERVED,0,1,-180.549647,174.847538,0
33,UES1,3,10,10,1,-95.9221,-100.205,-101.162,SERVED,0,1,111.834735,-142.160506,0
33,UES1,4,11,11,2,-92.0992,-94.1065,-98.8689,SERVED,0,1,74.081975,155.756433,0
33,UES1,5,12,12,3,-63.0147,-71.2242,-93.0715,SERVED,0,1,-135.115051,70.556801,0
33,UES1,6,13,13,2,-52.5706,-90.8808,-94.2243,SERVED,0,1,89.229152,85.790282,0
33,UES1,7,14,14,1,-90.0761,-72.7555,-90.7027,SERVED,0,1,15.768486,-93.443359,0
33,UES1,8,15,15,2,-104.212,-99.791,-103.312,ALTERNATIVE_AVAILABLE,0,1,54.133888,-171.398355,0
33,UES1,9,16,16,2,-81.4011,-77.8589,-88.6032,SERVED,0,1,58.867576,17.198591,0
33,UES1,10,17,17,4,-91.1156,-97.7496,-107.914,SERVED,0,1,-61.698879,-138.190384,0
33,UES1,11,18,18,3,-76.4229,-71.0547,-97.1923,SERVED,0,1,-73.957713,64.218580,0
33,UES1,12,19,19,5,-74.298,-105.321,-110.078,SERVED,0,1,218.834300,-46.886289,0
33,UES1,13,20,20,2,-78.0619,-100.949,-80.5416,SERVED,0,1,70.039155,112.654459,0
33,UES1,14,21,21,1,-95.8432,-97.1541,-77.0563,SERVED,0,1,87.047226,-98.375789,0
33,UES1,15,22,22,1,-87.1784,-93.8546,-101.689,SERVED,0,1,85.643243,-68.268055,0
33,UES1,16,23,23,4,-95.7756,-100.08,-105.625,SERVED,0,1,-214.705254,-44.231372,0
33,UES1,17,24,24,1,-55.3426,-78.5546,-90.2126,SERVED,0,1,42.956329,-25.523648,0
33,UES1,18,25,25,1,-58.7557,-64.6627,-95.9484,SERVED,0,1,76.340930,-45.060694,0
33,UES1,19,26,26,6,-109.653,-90.6287,-84.1337,ALTERNATIVE_AVAILABLE,0,1,-80.647743,-106.164426,0
33,UES1,20,27,27,3,-95.8579,-92.6738,-94.1215,SERVED,0,1,-138.814111,139.213075,0
33,UES1,21,28,28,4,-102.963,-87.1117,-105.501,ALTERNATIVE_AVAILABLE,0,1,-127.224615,211.807100,0
33,UES1,22,29,29,2,-92.3505,-94.156,-108.125,SERVED,0,1,197.610213,86.157397,0
33,UES1,23,30,30,6,-107.485,-71.0012,-69.1669,ALTERNATIVE_AVAILABLE,0,1,53.013142,-135.260315,0
33,UES1,24,31,31,2,-100.621,-86.3042,-95.6482,ALTERNATIVE_AVAILABLE,0,1,-52.379342,154.664001,0
33,UES1,25,32,32,4,-106.447,-91.1725,-100.797,ALTERNATIVE_AVAILABLE,0,1,-35.467198,194.376807,0
33,UES1,26,33,33,5,-100.808,-84.6671,-114.338,ALTERNATIVE_AVAILABLE,0,1,214.095828,43.206295,0
33,UES1,27,34,34,2,-75.6211,-80.5975,-83.0002,SERVED,0,1,47.832592,104.218679,0
33,UES1,28,35,35,4,-100.889,-103.527,-110.452,PERSISTING,0,1,-204.477638,69.406009,0
33,UES1,29,36,36,1,-62.2991,-81.4363,-87.1483,SERVED,0,1,62.996276,5.447900,0
33,UES1,30,37,37,5,-106.117,-106.378,-109.571,PERSISTING,0,1,-14.362483,-208.364306,0
33,UES1,31,38,38,2,-89.8052,-103.302,-105.929,SERVED,0,1,177.765710,35.515428,0
33,UES1,32,39,39,1,-69.0539,-99.329,-97.1773,SERVED,0,1,50.311630,-101.101241,0
33,UES1,33,40,40,3,-72.1874,-89.5806,-75.9415,SERVED,0,1,-92.081507,81.276564,0
33,UES1,34,41,41,1,-104.965,-69.2117,-92.8718,ALTERNATIVE_AVAILABLE,0,1,-13.048207,-185.049295,0
33,UES1,35,42,42,1,-87.4654,-79.7801,-100.516,SERVED,0,1,123.463942,-63.913899,0
33,UES1,36,43,43,2,-75.1755,-102.78,-105.953,SERVED,0,1,188.174176,144.833944,0
33,UES1,37,44,44,1,-98.3505,-73.1586,-100.217,SERVED,0,1,28.129945,-139.235920,0
33,UES1,38,45,45,1,-96.6807,-85.4627,-85.2264,SERVED,0,1,-70.235448,-71.568224,0
33,UES1,39,46,46,4,-76.3815,-86.7512,-80.7029,SERVED,0,1,-81.596729,-17.439931,0
33,UES1,40,47,47,4,-97.1624,-76.083,-110.321,SERVED,0,1,-177.462751,128.439729,0
33,UES1,41,48,48,4,-107.373,-107.479,-102.549,PERSISTING,3,1,-233.510825,-192.308554,0
33,UES1,42,49,49,2,-90.8528,-86.3333,-86.8273,SERVED,0,1,27.413720,31.009519,0
33,UES1,43,50,50,1,-69.8105,-80.0891,-89.0687,SERVED,0,1,36.006985,-97.739075,0
33,UES1,44,51,51,6,-84.0697,-80.3733,-77.2904,SERVED,0,1,-20.681003,93.319288,0
33,UES1,45,52,52,3,-96.7777,-100.139,-107.327,SERVED,0,1,-65.157045,-135.909486,0
33,UES1,46,53,53,7,-101.876,-84.5192,-107.985,ALTERNATIVE_AVAILABLE,0,1,-98.216546,-162.881426,0
33,UES1,47,54,54,4,-86.5545,-90.3275,-97.3173,SERVED,0,1,-128.032700,-70.079885,0
33,UES1,48,55,55,3,-71.0235,-84.7977,-100.735,SERVED,0,1,-176.828578,-27.198482,0
33,UES1,49,56,56,1,-76.3176,-89.9188,-84.5553,SERVED,0,1,59.569448,-24.272549,0
33,UES1,50,57,57,4,-94.2857,-97.0009,-105.132,SERVED,0,1,-90.750008,-110.680312,0
33,UES1,51,58,58,2,-101.969,-102.065,-95.0521,ALTERNATIVE_AVAILABLE,0,1,226.576419,37.867880,0
33,UES1,52,59,59,6,-83.1674,-89.3175,-105.73,SERVED,0,1,-138.357201,182.392008,0
33,UES1,53,60,60,4,-103.557,-105.116,-110.556,PERSISTING,0,1,-246.753333,-51.333233,0
33,UES1,54,61,61,1,-95.2709,-75.3415,-98.7307,SERVED,0,1,43.271382,-106.919499,0
33,UES1,55,62,62,2,-71.9328,-82.125,-90.3258,SERVED,0,1,117.993935,-11.093095,0
33,UES1,56,63,63,4,-91.3012,-63.8867,-102.886,SERVED,0,1,-27.216736,-78.198547,0
33,UES1,57,64,64,3,-96.2108,-78.3159,-100.175,SERVED,0,1,-136.097767,162.283790,0
33,UES1,58,65,65,1,-102.388,-103.408,-95.7176,ALTERNATIVE_AVAILABLE,0,1,-112.109014,-180.835584,0
33,UES1,59,66,66,1,-67.9872,-103.422,-97.7097,SERVED,0,1,194.224292,-169.381206,0
33,UES2,0,67,67,6,-119.892,-119.431,-119.112,PERSISTING,1,1,-434.379881,307.800687,0
33,UES2,1,68,68,3,-122.159,-86.2371,-116.67,ALTERNATIVE_AVAILABLE,0,1,346.599127,431.194570,0
33,UES2,2,69,69,1,-116.161,-117.858,-117.155,PERSISTING,5,1,346.127145,-389.053943,0
33,UES2,3,70,70,6,-114.341,-114.298,-120.108,MOVE_REQUIRED,6,1,-265.917016,400.943536,1
33,UES2,4,71,71,7,-115.326,-117.804,-117.546,MOVE_REQUIRED,9,1,347.310089,335.283757,1
33,UES2,5,72,72,2,-116.781,-84.3984,-116.332,ALTERNATIVE_AVAILABLE,0,1,316.964540,-401.024010,0
33,UES2,6,73,73,3,-110.652,-108.839,-117.262,PERSISTING,0,1,-325.815338,310.448896,0
33,UES2,7,74,74,2,-117.9,-118.182,-118.743,PERSISTING,0,1,375.550979,372.805132,0
33,UES2,8,75,75,7,-121.89,-114.006,-115.348,PERSISTING,2,1,366.949820,-424.781580,0
33,UES2,9,76,76,6,-116.568,-117.692,-120.106,PERSISTING,1,1,-393.942832,335.160216,0
33,UES2,10,77,77,5,-95.2794,-100.492,-116.402,SERVED,0,1,414.559405,303.778562,0
33,UES2,11,78,78,2,-114.638,-117.048,-114.842,PERSISTING,0,1,345.682196,-348.833341,0
33,UES2,12,79,79,7,-126.104,-117.796,-119.463,PERSISTING,1,1,-434.144967,298.526199,0
33,UES2,13,80,80,7,-117.114,-115.019,-108.813,PERSISTING,1,1,363.289035,299.309095,0
33,UES2,14,81,81,4,-119.802,-115.482,-111.994,PERSISTING,2,1,379.424909,-349.282578,0
33,UES2,15,82,82,4,-84.0435,-114.121,-113.383,SERVED,0,1,-315.710681,349.800522,0
33,UES2,16,83,83,4,-118.004,-77.9278,-114.046,ALTERNATIVE_AVAILABLE,0,1,279.428752,339.211559,0
33,UES2,17,84,84,5,-110.651,-115.196,-115.639,PERSISTING,0,1,372.270793,-259.731623,0
33,UES2,18,85,85,4,-116.023,-112.807,-113.319,MOVE_REQUIRED,11,1,-353.159392,401.891324,1
33,UES2,19,86,86,2,-122.676,-119.611,-117.446,MOVE_REQUIRED,7,1,407.041674,383.369989,1
33,UES2,20,87,87,2,-114.379,-107.651,-112.853,PERSISTING,1,1,299.483531,-302.999428,0
33,UES2,21,88,88,0,NA,-118.233,-111.727,PERSISTING,0,1,-303.899427,363.950743,0
33,UES2,22,89,89,6,-116.041,-113.302,-115.464,PERSISTING,1,1,286.245329,314.515631,0
33,UES2,23,90,90,5,-108.665,-77.9617,-110.908,ALTERNATIVE_AVAILABLE,0,1,284.929140,-287.727768,0
33,UES2,24,91,91,4,-114.869,-114.523,-121.393,PERSISTING,0,1,-345.382586,350.357580,0
33,UES2,25,92,92,3,-117.018,-106.201,-112.94,PERSISTING,0,1,289.158312,331.969400,0
33,UES2,26,93,93,5,-116.05,-115.792,-112.237,PERSISTING,2,1,343.767957,-372.165594,0
33,UES2,27,94,94,6,-116.134,-97.6142,-114.441,ALTERNATIVE_AVAILABLE,0,1,-294.510038,311.541691,0
33,UES2,28,95,95,6,-116.021,-118.335,-118.617,PERSISTING,3,1,354.317085,326.043542,0
33,UES2,29,96,96,2,-121.118,-112.835,-117.378,PERSISTING,2,1,372.374614,-375.408786,0
34,UES1,0,7,7,4,-99.8463,-106.373,-109.959,SERVED,0,1,-122.873919,-172.275308,0
34,UES1,1,8,8,1,-95.4974,-102.938,-105.113,SERVED,0,1,139.633068,-112.175313,0
34,UES1,2,9,9,3,-95.4884,-100.984,-101.138,SERVED,0,1,-183.805432,178.641721,0
34,UES1,3,10,10,1,-96.3055,-86.9248,-102.509,SERVED,0,1,115.734022,-145.291486,0
34,UES1,4,11,11,2,-86.5789,-96.4051,-102.518,SERVED,0,1,77.889163,158.998913,0
34,UES1,5,12,12,3,-61.7377,-88.6637,-101.146,SERVED,0,1,-138.205774,74.486211,0
34,UES1,6,13,13,2,-58.4657,-94.3678,-95.4197,SERVED,0,1,89.226760,90.790281,0
34,UES1,7,14,14,1,-86.1936,-97.1044,-98.501,SERVED,0,1,14.642955,-98.314787,0
34,UES1,8,15,15,2,-102.362,-99.2351,-105.808,ALTERNATIVE_AVAILABLE,0,1,56.518913,-175.793051,0
34,UES1,9,16,16,2,-78.228,-74.1182,-88.337,SERVED,0,1,63.448641,15.193238,0
34,UES1,10,17,17,4,-94.8394,-71.4983,-107.864,SERVED,0,1,-62.621072,-143.104590,0
34,UES1,11,18,18,3,-68.4717,-74.7343,-105.034,SERVED,0,1,-78.713409,65.759412,0
34,UES1,12,19,19,5,-92.7615,-108.738,-100.377,SERVED,0,1,223.588799,-45.335382,0
34,UES1,13,20,20,2,-83.7828,-83.8058,-71.6226,SERVED,0,1,72.428964,117.046957,0
34,UES1,14,21,21,1,-91.0525,-77.4173,-81.6059,SERVED,0,1,90.535055,-101.958563,0
34,UES1,15,22,22,1,-88.4532,-102.484,-100.69,SERVED,0,1,85.209059,-73.249154,0
34,UES1,16,23,23,4,-97.0298,-88.9764,-106.564,SERVED,0,1,-219.695386,-43.934155,0
34,UES1,17,24,24,1,-76.7233,-98.8552,-74.6024,SERVED,0,1,47.918950,-24.913282,0
34,UES1,18,25,25,1,-85.0283,-93.1662,-77.9044,SERVED,0,1,79.096746,-49.232784,0
34,UES1,19,26,26,6,-109.132,-77.4188,-101.76,ALTERNATIVE_AVAILABLE,0,1,-82.909569,-110.623589,0
34,UES1,20,27,27,3,-96.0264,-102.996,-94.1063,SERVED,0,1,-142.650006,142.419635,0
34,UES1,21,28,28,4,-105.318,-78.0639,-107.601,ALTERNATIVE_AVAILABLE,0,1,-128.772369,216.561136,0
34,UES1,22,29,29,2,-84.8695,-96.2734,-105.343,SERVED,0,1,201.278654,89.555175,0
34,UES1,23,30,30,6,-109.633,-99.5017,-98.0096,ALTERNATIVE_AVAILABLE,0,1,54.432914,-140.054716,0
34,UES1,24,31,31,2,-101.239,-84.2254,-102.006,ALTERNATIVE_AVAILABLE,0,1,-56.711618,157.159584,0
34,UES1,25,32,32,4,-99.1887,-74.6091,-103.138,SERVED,0,1,-35.820048,199.364302,0
34,UES1,26,33,33,5,-76.7058,-92.4763,-117.269,SERVED,0,1,217.636285,46.737973,0
34,UES1,27,34,34,2,-84.1294,-91.4457,-74.8001,SERVED,0,1,47.628058,109.214470,0
34,UES1,28,35,35,4,-75.272,-88.1092,-89.0417,SERVED,0,1,-209.173529,71.123160,0
34,UES1,29,36,36,1,-67.401,-97.0015,-80.5751,SERVED,0,1,60.555035,9.810968,0
34,UES1,30,37,37,5,-79.5755,-109.393,-105.92,SERVED,0,1,-16.352794,-212.950760,0
34,UES1,31,38,38,2,-89.9698,-103.885,-105.617,SERVED,0,1,182.522601,37.056232,0
34,UES1,32,39,39,1,-94.7694,-100.822,-100.435,SERVED,0,1,50.737441,-106.083080,0
34,UES1,33,40,40,3,-75.4722,-91.9164,-77.9718,SERVED,0,1,-93.935463,85.919849,0
34,UES1,34,41,41,1,-100.553,-102.451,-108.303,PERSISTING,0,1,-11.364098,-189.757365,0
34,UES1,35,42,42,1,-91.4276,-96.1784,-83.5584,SERVED,0,1,127.870376,-66.277410,0
34,UES1,36,43,43,2,-76.4284,-97.461,-108.738,SERVED,0,1,192.001698,148.051277,0
34,UES1,37,44,44,1,-99.427,-105.617,-71.0706,SERVED,0,1,29.211220,-144.117619,0
34,UES1,38,45,45,1,-100.86,-93.3733,-98.6543,ALTERNATIVE_AVAILABLE,0,1,-74.507919,-74.164595,0
34,UES1,39,46,46,4,-71.5268,-88.808,-92.9557,SERVED,0,1,-86.590448,-17.209623,0
34,UES1,40,47,47,4,-96.0371,-95.5363,-101.753,SERVED,0,1,-179.978150,132.760452,0
34,UES1,41,48,48,4,-106.014,-109.792,-109.162,PERSISTING,4,1,-237.596705,-195.189628,0
34,UES1,42,49,49,2,-65.8061,-76.3137,-77.4798,SERVED,0,1,29.517661,35.545734,0
34,UES1,43,50,50,1,-91.796,-70.7118,-94.8077,SERVED,0,1,39.609640,-101.207249,0
34,UES1,44,51,51,6,-94.3706,-75.8189,-87.075,SERVED,0,1,-22.494292,97.978624,0
34,UES1,45,52,52,3,-102.575,-74.9333,-102.322,ALTERNATIVE_AVAILABLE,0,1,-68.477420,-139.647078,0
34,UES1,46,53,53,7,-109.263,-107.476,-112.045,PERSISTING,0,1,-100.710415,-167.215072,0
34,UES1,47,54,54,4,-61.6368,-93.8768,-108.15,SERVED,0,1,-129.463236,-74.870873,0
34,UES1,48,55,55,3,-80.6983,-86.5875,-102.707,SERVED,0,1,-180.528117,-30.560882,0
34,UES1,49,56,56,1,-54.5294,-90.2779,-84.1882,SERVED,0,1,63.081199,-27.831959,0
34,UES1,50,57,57,4,-97.4744,-86.1665,-92.1779,SERVED,0,1,-91.583690,-115.610320,0
34,UES1,51,58,58,2,-101.252,-104.597,-108.079,PERSISTING,0,1,231.543825,38.445249,0
34,UES1,52,59,59,6,-96.7232,-92.1516,-105.085,SERVED,0,1,-142.345000,185.406697,0
34,UES1,53,60,60,4,-102.6,-82.0028,-107.63,ALTERNATIVE_AVAILABLE,0,1,-251.596344,-52.572537,0
34,UES1,54,61,61,1,-68.0305,-81.1746,-89.3014,SERVED,0,1,42.325266,-111.829145,0
34,UES1,55,62,62,2,-67.1545,-82.3395,-83.387,SERVED,0,1,121.796338,-14.340226,0
34,UES1,56,63,63,4,-86.7105,-93.6856,-85.7916,SERVED,0,1,-26.759825,-83.177657,0
34,UES1,57,64,64,3,-92.0753,-96.1598,-91.6953,SERVED,0,1,-137.876368,166.956581,0
34,UES1,58,65,65,1,-104.478,-93.5154,-105.34,ALTERNATIVE_AVAILABLE,0,1,-113.247702,-185.704156,0
34,UES1,59,66,66,1,-103.904,-107.862,-109.531,PERSISTING,0,1,197.903497,-172.767518,0
34,UES2,0,67,67,6,-119.384,-118.36,-118.951,PERSISTING,2,1,-430.479397,308.689495,0
34,UES2,1,68,68,3,-118.838,-120.632,-118.928,PERSISTING,0,1,345.461635,427.359695,0
34,UES2,2,69,69,1,-115.383,-115.358,-114.416,MOVE_REQUIRED,6,1,343.804318,-392.310269,1
34,UES2,3,70,70,6,-113.247,-114.372,-115.013,MOVE_REQUIRED,7,1,-267.587968,397.309572,1
34,UES2,4,71,71,7,-118.735,-116.847,-88.7299,ALTERNATIVE_AVAILABLE,0,1,343.783984,337.172622,0
34,UES2,5,72,72,2,-116.357,-117.395,-116.431,PERSISTING,0,1,320.659294,-402.556521,0
34,UES2,6,73,73,3,-114.518,-110.838,-115.296,PERSISTING,1,1,-323.217408,307.406561,0
34,UES2,7,74,74,2,-113.022,-113.566,-118.529,PERSISTING,1,1,372.254526,375.069867,0
34,UES2,8,75,75,7,-120.654,-115.383,-113.71,PERSISTING,3,1,369.222411,-428.073175,0
34,UES2,9,76,76,6,-114.114,-117.281,-114.377,PERSISTING,2,1,-392.914186,339.025712,0
34,UES2,10,77,77,5,-111.797,-118.751,-119.633,PERSISTING,0,1,410.916083,305.428761,0
34,UES2,11,78,78,2,-114.878,-113.081,-114.073,PERSISTING,1,1,348.226302,-351.920192,0
34,UES2,12,79,79,7,-118.035,-117.029,-123.628,PERSISTING,2,1,-438.116021,299.004366,0
34,UES2,13,80,80,7,-116.246,-118.857,-115.226,PERSISTING,2,1,359.412473,298.324377,0
34,UES2,14,81,81,4,-116.472,-114.988,-116.342,PERSISTING,3,1,376.948981,-346.141863,0
34,UES2,15,82,82,4,-116.939,-112.84,-115.581,PERSISTING,0,1,-318.680599,347.122053,0
34,UES2,16,83,83,4,-113.526,-114.08,-111.757,PERSISTING,0,1,283.424924,339.394527,0
34,UES2,17,84,84,5,-113.126,-113.181,-114.311,PERSISTING,1,1,375.956696,-261.286392,0
34,UES2,18,85,85,4,-117.694,-116.567,-109.761,MOVE_REQUIRED,12,1,-355.546570,402.462081,1
34,UES2,19,86,86,2,-114.728,-119.837,-119.937,MOVE_REQUIRED,8,1,409.834569,386.234473,1
34,UES2,20,87,87,2,-115.268,-95.3505,-115.875,ALTERNATIVE_AVAILABLE,0,1,297.063819,-299.814455,0
34,UES2,21,88,88,2,-119.459,-83.3445,-113.919,ALTERNATIVE_AVAILABLE,0,1,-307.090624,366.362327,0
34,UES2,22,89,89,6,-115.42,-119.658,-115.472,PERSISTING,2,1,282.640282,312.783994,0
34,UES2,23,90,90,5,-105.039,-115.003,-113.518,PERSISTING,0,1,282.608705,-284.469740,0
34,UES2,24,91,91,4,-116.489,-112.049,-113.162,PERSISTING,1,1,-342.514337,347.569085,0
34,UES2,25,92,92,3,-116.979,-115.156,-115.559,PERSISTING,1,1,292.735849,333.759133,0
34,UES2,26,93,93,5,-112.808,-113.525,-116.535,PERSISTING,3,1,340.159321,-370.442934,0
34,UES2,27,94,94,6,-112.082,-114.876,-114.136,PERSISTING,0,1,-290.688497,310.356309,0
34,UES2,28,95,95,6,-118.634,-122.023,-116.85,PERSISTING,4,1,356.889897,329.106485,0
34,UES2,29,96,96,2,-122.631,-116.615,-116.392,PERSISTING,3,1,374.528791,-372.037838,0
35,UES1,0,7,7,4,-92.1115,-106.461,-111.692,SERVED,0,1,-125.727815,-176.380302,0
35,UES1,1,8,8,1,-95.5117,-91.697,-78.8873,SERVED,0,1,142.885265,-115.973693,0
35,UES1,2,9,9,3,-96.5642,-105.683,-86.4107,SERVED,0,1,-187.061218,182.435901,0
35,UES1,3,10,10,3,-102.028,-96.1671,-106.204,ALTERNATIVE_AVAILABLE,0,1,119.633310,-148.422468,0
35,UES1,4,11,11,2,-76.4873,-73.1106,-83.5188,SERVED,0,1,81.696351,162.241394,0
35,UES1,5,12,12,3,-61.192,-81.8796,-83.7198,SERVED,0,1,-141.296498,78.415611,0
35,UES1,6,13,13,2,-62.5404,-91.9063,-82.925,SERVED,0,1,89.224368,95.790280,0
35,UES1,7,14,14,1,-89.9351,-68.7054,-86.3978,SERVED,0,1,13.517424,-103.186213,0
35,UES1,8,15,15,2,-101.139,-98.0878,-109.1,ALTERNATIVE_AVAILABLE,0,1,58.903937,-180.187747,0
35,UES1,9,16,16,2,-85.1318,-64.6196,-76.9285,SERVED,0,1,68.029706,13.187882,0
35,UES1,10,17,17,4,-96.9878,-98.3831,-110.108,SERVED,0,1,-63.543266,-148.018795,0
35,UES1,11,18,18,3,-62.7105,-85.3311,-84.8974,SERVED,0,1,-83.469104,67.300244,0
35,UES1,12,19,19,5,-93.2112,-104.929,-108.378,SERVED,0,1,228.343299,-43.784472,0
35,UES1,13,20,20,2,-72.2088,-101.039,-74.692,SERVED,0,1,74.818773,121.439458,0
35,UES1,14,21,21,1,-73.2943,-102.661,-95.7943,SERVED,0,1,94.022884,-105.541340,0
35,UES1,15,22,22,1,-68.641,-90.1865,-100.256,SERVED,0,1,84.774874,-78.230254,0
35,UES1,16,23,23,4,-98.3352,-75.799,-104.427,SERVED,0,1,-224.685517,-43.636940,0
35,UES1,17,24,24,1,-53.0184,-70.6482,-98.9148,SERVED,0,1,52.881571,-24.302917,0
35,UES1,18,25,25,1,-59.1624,-94.4628,-98.2091,SERVED,0,1,81.852561,-53.404875,0
35,UES1,19,26,26,6,-108.174,-97.5116,-99.2935,ALTERNATIVE_AVAILABLE,0,1,-85.171395,-115.082753,0
35,UES1,20,27,27,3,-91.8995,-102.471,-91.4468,SERVED,0,1,-146.485900,145.626194,0
35,UES1,21,28,28,4,-93.7536,-71.5911,-109.703,SERVED,0,1,-130.320123,221.315170,0
35,UES1,22,29,29,2,-74.3501,-75.9893,-90.6083,SERVED,0,1,204.947094,92.952954,0
35,UES1,23,30,30,6,-112.495,-72.1753,-74.4982,ALTERNATIVE_AVAILABLE,0,1,55.852685,-144.849118,0
35,UES1,24,31,31,3,-92.1347,-74.5736,-99.5212,SERVED,0,1,-61.043894,159.655166,0
35,UES1,25,32,32,4,-101.204,-98.9951,-87.2848,ALTERNATIVE_AVAILABLE,0,1,-36.172897,204.351798,0
35,UES1,26,33,33,5,-92.0812,-88.5821,-115.87,SERVED,0,1,221.176743,50.269655,0
35,UES1,27,34,34,2,-84.7684,-85.8718,-72.6649,SERVED,0,1,47.423525,114.210261,0
35,UES1,28,35,35,4,-76.0447,-76.6176,-109.486,SERVED,0,1,-213.869419,72.840311,0
35,UES1,29,36,36,1,-72.7351,-58.4483,-97.3336,SERVED,0,1,58.113793,14.174033,0
35,UES1,30,37,37,5,-106.362,-106.314,-108.738,PERSISTING,0,1,-18.343105,-217.537212,0
35,UES1,31,38,38,2,-72.4746,-96.092,-106.613,SERVED,0,1,187.279493,38.597037,0
35,UES1,32,39,39,1,-91.1709,-92.085,-93.9543,SERVED,0,1,51.163253,-111.064920,0
35,UES1,33,40,40,3,-75.5951,-90.1189,-94.3732,SERVED,0,1,-95.789418,90.563124,0
35,UES1,34,41,41,1,-76.6932,-100.377,-106.166,SERVED,0,1,-9.679988,-194.465436,0
35,UES1,35,42,42,1,-88.5812,-90.0925,-100.267,SERVED,0,1,132.276810,-68.640922,0
35,UES1,36,43,43,2,-92.726,-100.821,-108.183,SERVED,0,1,195.829220,151.268611,0
35,UES1,37,44,44,1,-98.3274,-102.198,-103.951,SERVED,0,1,30.292495,-148.999317,0
35,UES1,38,45,45,1,-96.4542,-92.7077,-103.449,SERVED,0,1,-78.780390,-76.760964,0
35,UES1,39,46,46,4,-71.823,-82.4408,-94.6806,SERVED,0,1,-91.584168,-16.979315,0
35,UES1,40,47,47,4,-96.7516,-86.6937,-91.8584,SERVED,0,1,-182.493549,137.081173,0
35,UES1,41,48,48,4,-106.931,-109.169,-110.448,PERSISTING,5,1,-241.682584,-198.070700,0
35,UES1,42,49,49,2,-63.7233,-73.6087,-76.8014,SERVED,0,1,31.621602,40.081951,0
35,UES1,43,50,50,1,-75.8599,-94.8216,-94.4608,SERVED,0,1,43.212295,-104.675435,0
35,UES1,44,51,51,6,-77.5502,-77.7162,-92.9303,SERVED,0,1,-24.307580,102.637957,0
35,UES1,45,52,52,3,-103.009,-77.6797,-110.141,ALTERNATIVE_AVAILABLE,0,1,-71.797795,-143.384667,0
35,UES1,46,53,53,7,-110.713,-107.121,-107.012,PERSISTING,1,1,-103.204285,-171.548717,0
35,UES1,47,54,54,4,-81.6824,-91.614,-87.4503,SERVED,0,1,-130.893773,-79.661860,0
35,UES1,48,55,55,3,-94.2802,-83.7666,-92.3368,SERVED,0,1,-184.227656,-33.923276,0
35,UES1,49,56,56,1,-63.0266,-91.8838,-89.7571,SERVED,0,1,66.592950,-31.391369,0
35,UES1,50,57,57,4,-94.389,-97.0128,-107.519,SERVED,0,1,-92.417372,-120.540327,0
35,UES1,51,58,58,2,-98.2846,-107.79,-98.8689,SERVED,0,1,236.511230,39.022624,0
35,UES1,52,59,59,6,-79.3064,-107.647,-106.636,SERVED,0,1,-146.332799,188.421379,0
35,UES1,53,60,60,4,-104.618,-109.523,-108.481,PERSISTING,0,1,-256.439355,-53.811839,0
35,UES1,54,61,61,1,-69.272,-69.8661,-90.3842,SERVED,0,1,41.379151,-116.738790,0
35,UES1,55,62,62,2,-66.4468,-85.3843,-99.4592,SERVED,0,1,125.598742,-17.587358,0
35,UES1,56,63,63,4,-97.5272,-94.8919,-101.069,SERVED,0,1,-26.302915,-88.156766,0
35,UES1,57,64,64,3,-94.9575,-96.2474,-91.4358,SERVED,0,1,-139.654970,171.629370,0
35,UES1,58,65,65,1,-102.389,-72.1434,-108.925,ALTERNATIVE_AVAILABLE,0,1,-114.386389,-190.572728,0
35,UES1,59,66,66,1,-100.867,-78.0449,-82.8358,ALTERNATIVE_AVAILABLE,0,1,201.582703,-176.153832,0
35,UES2,0,67,67,6,-119.685,-119.331,-123.172,PERSISTING,3,1,-426.578913,309.578304,0
35,UES2,1,68,68,3,-121.847,-120.636,-116.954,PERSISTING,1,1,344.324143,423.524820,0
35,UES2,2,69,69,1,-115.135,-113.441,-116.567,MOVE_REQUIRED,7,1,341.481491,-395.566595,1
35,UES2,3,70,70,6,-109.052,-120.465,-118.451,MOVE_REQUIRED,8,1,-269.258921,393.675616,1
35,UES2,4,71,71,7,-117.191,-119.365,-116.445,PERSISTING,0,1,340.257880,339.061484,0
35,UES2,5,72,72,2,-118.413,-111.657,-116.838,PERSISTING,1,1,324.354049,-404.089037,0
35,UES2,6,73,73,3,-111.675,-111.236,-115.889,PERSISTING,2,1,-320.619478,304.364184,0
35,UES2,7,74,74,2,-84.3852,-115.467,-115.483,SERVED,0,1,368.958073,377.334583,0
35,UES2,8,75,75,7,-122.137,-115.937,-118.475,PERSISTING,4,1,371.495002,-431.364773,0
35,UES2,9,76,76,6,-113.17,-117.282,-120.511,PERSISTING,3,1,-391.885539,342.891208,0
35,UES2,10,77,77,5,-116.987,-115.116,-117.531,PERSISTING,1,1,407.272761,307.078951,0
35,UES2,11,78,78,2,-116.647,-114.871,-111.842,PERSISTING,2,1,350.770407,-355.007049,0
35,UES2,12,79,79,7,-119.566,-118.77,-120.087,PERSISTING,3,1,-440.543148,299.666649,0
35,UES2,13,80,80,7,-117.203,-113.411,-118.221,PERSISTING,3,1,355.535911,297.339670,0
35,UES2,14,81,81,4,-117.013,-114.254,-115.071,PERSISTING,4,1,374.473053,-343.001180,0
35,UES2,15,82,82,4,-118.55,-113.568,-118.804,PERSISTING,1,1,-321.650516,344.443612,0
35,UES2,16,83,83,4,-120.412,-104.875,-81.4902,ALTERNATIVE_AVAILABLE,0,1,287.421096,339.577496,0
35,UES2,17,84,84,5,-111.752,-95.1702,-116.445,ALTERNATIVE_AVAILABLE,0,1,379.641882,-262.841193,0
35,UES2,18,85,85,4,-104.725,-114.552,-113.866,MOVE_REQUIRED,13,1,-357.813180,399.166487,1
35,UES2,19,86,86,2,-115.869,-122.972,-119.832,MOVE_REQUIRED,9,1,411.363186,388.148667,1
35,UES2,20,87,87,2,-112.629,-111.013,-84.7834,ALTERNATIVE_AVAILABLE,0,1,294.644108,-296.629488,0
35,UES2,21,88,88,2,-120.567,-114.385,-114.857,PERSISTING,0,1,-310.281820,368.773907,0
35,UES2,22,89,89,6,-83.5296,-113.081,-114.46,SERVED,0,1,279.035235,311.052417,0
35,UES2,23,90,90,5,-106.371,-110.014,-115.281,PERSISTING,1,1,280.288270,-281.211712,0
35,UES2,24,91,91,4,-114.176,-87.3938,-115.424,ALTERNATIVE_AVAILABLE,0,1,-339.646088,344.780574,0
35,UES2,25,92,92,3,-120.845,-110.016,-115.882,PERSISTING,2,1,296.313386,335.548867,0
35,UES2,26,93,93,5,-115.462,-116.401,-117.154,PERSISTING,4,1,336.550686,-368.720302,0
35,UES2,27,94,94,6,-112.599,-113.456,-113.792,PERSISTING,1,1,-288.364474,309.087916,0
35,UES2,28,95,95,6,-126.049,-119.218,-116.475,PERSISTING,5,1,359.462709,332.169429,0
35,UES2,29,96,96,2,-117.057,-115.556,-117.387,PERSISTING,4,1,376.682969,-368.666874,0
36,UES1,0,7,7,4,-99.2438,-82.2051,-112.283,SERVED,0,1,-128.581710,-180.485295,0
36,UES1,1,8,8,1,-64.2608,-102.105,-91.5562,SERVED,0,1,146.137463,-119.772075,0
36,UES1,2,9,9,3,-99.2937,-78.8998,-109.253,SERVED,0,1,-190.317004,186.230079,0
36,UES1,3,10,10,3,-106.732,-71.3987,-91.3473,ALTERNATIVE_AVAILABLE,0,1,123.532598,-151.553452,0
36,UES1,4,11,11,2,-95.9177,-96.5734,-103.094,SERVED,0,1,85.503539,165.483878,0
36,UES1,5,12,12,3,-66.0305,-82.1204,-104.563,SERVED,0,1,-144.387222,82.345001,0
36,UES1,6,13,13,2,-80.5441,-86.8185,-87.5521,SERVED,0,1,89.221976,100.790279,0
36,UES1,7,14,14,1,-92.5755,-86.322,-94.0192,SERVED,0,1,12.391894,-108.057637,0
36,UES1,8,15,15,2,-105.805,-100.225,-95.4818,ALTERNATIVE_AVAILABLE,0,1,61.288962,-184.582444,0
36,UES1,9,16,16,2,-79.4091,-61.6854,-85.4648,SERVED,0,1,72.610771,11.182525,0
36,UES1,10,17,17,4,-98.3865,-69.4508,-108.169,SERVED,0,1,-64.465459,-152.933000,0
36,UES1,11,18,18,3,-68.9378,-84.1322,-99.8597,SERVED,0,1,-88.224800,68.841073,0
36,UES1,12,19,19,5,-92.6898,-105.8,-112.037,SERVED,0,1,233.097798,-42.233558,0
36,UES1,13,20,20,2,-85.5443,-84.4826,-78.6498,SERVED,0,1,77.208581,125.831962,0
36,UES1,14,21,21,1,-88.3686,-96.5727,-103.26,SERVED,0,1,97.510713,-109.124119,0
36,UES1,15,22,22,1,-84.2783,-94.9722,-96.5533,SERVED,0,1,84.340690,-83.211352,0
36,UES1,16,23,23,4,-100.522,-98.011,-104.061,ALTERNATIVE_AVAILABLE,0,1,-229.675648,-43.339725,0
36,UES1,17,24,24,1,-52.1349,-71.7158,-92.457,SERVED,0,1,57.844192,-23.692552,0
36,UES1,18,25,25,1,-65.2301,-65.2256,-95.7921,SERVED,0,1,84.608377,-57.576966,0
36,UES1,19,26,26,6,-85.0083,-86.9587,-104.956,SERVED,0,1,-87.433221,-119.541917,0
36,UES1,20,27,27,3,-98.7177,-101.219,-64.4052,SERVED,0,1,-150.321794,148.832751,0
36,UES1,21,28,28,4,-103.902,-102.437,-111.454,PERSISTING,0,1,-131.867877,226.069202,0
36,UES1,22,29,29,2,-75.6098,-103.293,-102.665,SERVED,0,1,208.615534,96.350734,0
36,UES1,23,30,30,6,-114.123,-76.0708,-103.316,ALTERNATIVE_AVAILABLE,0,1,57.272456,-149.643521,0
36,UES1,24,31,31,3,-81.7238,-77.3024,-88.0382,SERVED,0,1,-65.376170,162.150748,0
36,UES1,25,32,32,4,-97.8107,-97.3677,-100.809,SERVED,0,1,-36.525747,209.339293,0
36,UES1,26,33,33,5,-80.7001,-108.501,-112.2,SERVED,0,1,224.717200,53.801341,0
36,UES1,27,34,34,2,-69.3852,-91.931,-84.7556,SERVED,0,1,47.218992,119.206052,0
36,UES1,28,35,35,4,-95.794,-98.8416,-106.131,SERVED,0,1,-218.565310,74.557462,0
36,UES1,29,36,36,1,-75.867,-58.2937,-88.3555,SERVED,0,1,55.672552,18.537094,0
36,UES1,30,37,37,5,-110.962,-106.497,-106.723,PERSISTING,1,1,-20.333417,-222.123663,0
36,UES1,31,38,38,2,-68.339,-86.929,-86.3644,SERVED,0,1,192.036385,40.137843,0
36,UES1,32,39,39,1,-68.6679,-74.4372,-80.1949,SERVED,0,1,51.589065,-116.046759,0
36,UES1,33,40,40,3,-78.1741,-96.9761,-91.192,SERVED,0,1,-97.643374,95.206390,0
36,UES1,34,41,41,1,-99.8096,-78.799,-106.129,SERVED,0,1,-7.995879,-199.173509,0
36,UES1,35,42,42,1,-70.4148,-97.4802,-92.0635,SERVED,0,1,136.683245,-71.004435,0
36,UES1,36,43,43,2,-94.6561,-99.2894,-106.723,SERVED,0,1,199.656741,154.485946,0
36,UES1,37,44,44,1,-77.9746,-95.3123,-100.002,SERVED,0,1,31.373770,-153.881015,0
36,UES1,38,45,45,1,-101.575,-83.2704,-104.412,ALTERNATIVE_AVAILABLE,0,1,-83.052861,-79.357330,0
36,UES1,39,46,46,4,-63.907,-86.5071,-68.7826,SERVED,0,1,-96.577888,-16.749008,0
36,UES1,40,47,47,4,-96.2385,-86.7159,-101.289,SERVED,0,1,-185.008949,141.401892,0
36,UES1,41,48,48,4,-107.93,-88.9548,-110.579,ALTERNATIVE_AVAILABLE,0,1,-245.768463,-200.951771,0
36,UES1,42,49,49,2,-62.8987,-73.1031,-94.6387,SERVED,0,1,33.725543,44.618170,0
36,UES1,43,50,50,1,-72.2353,-99.982,-93.9131,SERVED,0,1,46.814949,-108.143634,0
36,UES1,44,51,51,6,-82.6937,-79.5572,-89.0113,SERVED,0,1,-26.120869,107.297287,0
36,UES1,45,52,52,3,-93.9035,-74.5415,-110.254,SERVED,0,1,-75.118170,-147.122253,0
36,UES1,46,53,53,7,-111.701,-85.5255,-114.139,ALTERNATIVE_AVAILABLE,0,1,-105.698154,-175.882363,0
36,UES1,47,54,54,4,-85.7551,-86.9554,-92.2636,SERVED,0,1,-132.324309,-84.452848,0
36,UES1,48,55,55,3,-92.4448,-81.896,-106.28,SERVED,0,1,-187.927195,-37.285664,0
36,UES1,49,56,56,1,-57.6437,-88.241,-85.221,SERVED,0,1,70.104701,-34.950780,0
36,UES1,50,57,57,4,-96.7726,-98.9713,-105.194,SERVED,0,1,-93.251054,-125.470334,0
36,UES1,51,58,58,2,-101.679,-105.456,-105.493,PERSISTING,0,1,241.478636,39.600005,0
36,UES1,52,59,59,6,-94.8267,-102.961,-106.065,SERVED,0,1,-150.320598,191.436053,0
36,UES1,53,60,60,4,-102.477,-101.17,-109.13,PERSISTING,1,1,-261.282366,-55.051139,0
36,UES1,54,61,61,1,-66.347,-94.3391,-88.0439,SERVED,0,1,40.433035,-121.648435,0
36,UES1,55,62,62,2,-85.3926,-84.8556,-94.6096,SERVED,0,1,129.401146,-20.834493,0
36,UES1,56,63,63,4,-81.8107,-69.8394,-98.7563,SERVED,0,1,-25.846005,-93.135876,0
36,UES1,57,64,64,3,-96.4431,-99.1959,-92.2177,SERVED,0,1,-141.433571,176.302159,0
36,UES1,58,65,65,1,-105.959,-76.987,-114.138,ALTERNATIVE_AVAILABLE,0,1,-115.525077,-195.441300,0
36,UES1,59,66,66,1,-93.9686,-102.112,-83.9499,SERVED,0,1,205.261908,-179.540147,0
36,UES2,0,67,67,6,-114.39,-97.8966,-123.077,ALTERNATIVE_AVAILABLE,0,1,-422.678430,310.467114,0
36,UES2,1,68,68,3,-117.296,-117.378,-118.02,PERSISTING,2,1,343.186652,419.689945,0
36,UES2,2,69,69,1,-115.12,-116.527,-113.951,MOVE_REQUIRED,8,1,339.158664,-398.822920,1
36,UES2,3,70,70,6,-109.035,-115.246,-113.924,MOVE_REQUIRED,9,1,-270.929873,390.041668,1
36,UES2,4,71,71,7,-89.013,-112.928,-118.828,SERVED,0,1,336.731776,340.950343,0
36,UES2,5,72,72,2,-116.25,-117.287,-115.146,PERSISTING,2,1,328.048803,-405.621559,0
36,UES2,6,73,73,3,-114.286,-116.285,-114.958,PERSISTING,3,1,-318.021547,301.321754,0
36,UES2,7,74,74,2,-115.301,-119.74,-117.659,PERSISTING,0,1,365.661620,379.599279,0
36,UES2,8,75,75,7,-120.286,-117.355,-117.105,PERSISTING,5,1,373.767593,-434.656378,0
36,UES2,9,76,76,6,-103.418,-116.779,-117.553,PERSISTING,4,1,-390.856893,346.756705,0
36,UES2,10,77,77,5,-112.174,-114.719,-117.238,PERSISTING,2,1,403.629439,308.729130,0
36,UES2,11,78,78,2,-122.785,-112.791,-94.5448,ALTERNATIVE_AVAILABLE,0,1,353.314513,-358.093914,0
36,UES2,12,79,79,7,-91.8094,-89.8687,-117.099,SERVED,0,1,-436.794569,301.065645,0
36,UES2,13,80,80,7,-115.202,-115.971,-113.265,PERSISTING,4,1,351.659349,296.354974,0
36,UES2,14,81,81,4,-123.326,-112.564,-109.519,PERSISTING,5,1,371.997125,-339.860533,0
36,UES2,15,82,82,4,-113.383,-111.838,-114.299,PERSISTING,2,1,-324.620434,341.765202,0
36,UES2,16,83,83,4,-119.92,-108.501,-118.675,PERSISTING,0,1,291.417268,339.760464,0
36,UES2,17,84,84,5,-107.878,-115.224,-117.097,PERSISTING,0,1,383.327068,-264.395993,0
36,UES2,18,85,85,4,-91.9339,-116.359,-117.608,SERVED,0,1,-360.079791,395.870904,0
36,UES2,19,86,86,2,-120.904,-121.976,-118.059,MOVE_REQUIRED,10,1,407.837081,386.259960,1
36,UES2,20,87,87,2,-109.861,-107.258,-113.859,PERSISTING,0,1,293.063581,-296.313296,0
36,UES2,21,88,88,2,-118.277,-91.6131,-115.108,ALTERNATIVE_AVAILABLE,0,1,-313.473016,371.185483,0
36,UES2,22,89,89,6,-117.372,-109.097,-114.412,PERSISTING,0,1,275.430188,309.320914,0
36,UES2,23,90,90,5,-108.231,-110.008,-113.064,PERSISTING,2,1,277.967835,-277.953686,0
36,UES2,24,91,91,4,-113.94,-114.813,-117.02,PERSISTING,0,1,-336.777839,341.992046,0
36,UES2,25,92,92,3,-117.197,-109.542,-101.275,PERSISTING,3,1,299.890922,337.338602,0
36,UES2,26,93,93,5,-112.132,-115.863,-115.378,PERSISTING,5,1,332.942051,-366.997701,0
36,UES2,27,94,94,6,-100.616,-116.954,-111.319,PERSISTING,2,1,-292.030522,307.488554,0
36,UES2,28,95,95,6,-123.368,-113.698,-117.329,MOVE_REQUIRED,6,1,362.035521,335.232372,1
36,UES2,29,96,96,2,-117.19,-112.006,-113.627,PERSISTING,5,1,378.837146,-365.295894,0
37,UES1,0,7,7,3,-106.882,-102.32,-111.698,PERSISTING,0,1,-131.435606,-184.590286,0
37,UES1,1,8,8,1,-97.4513,-89.9632,-78.3045,SERVED,0,1,149.389660,-123.570459,0
37,UES1,2,9,9,3,-98.428,-102.356,-104.745,SERVED,0,1,-193.572789,190.024255,0
37,UES1,3,10,10,3,-109.07,-102.732,-105.042,PERSISTING,0,1,127.431886,-154.684439,0
37,UES1,4,11,11,2,-94.3211,-100.977,-107.303,SERVED,0,1,89.310727,168.726364,0
37,UES1,5,12,12,3,-73.2506,-67.4206,-87.954,SERVED,0,1,-147.478663,86.274381,0
37,UES1,6,13,13,2,-82.2296,-80.4083,-72.1513,SERVED,0,1,89.219584,105.790277,0
37,UES1,7,14,14,1,-75.8417,-97.6819,-84.0482,SERVED,0,1,11.266363,-112.929059,0
37,UES1,8,15,15,1,-107.655,-83.4105,-103.487,ALTERNATIVE_AVAILABLE,0,1,63.673986,-188.977142,0
37,UES1,9,16,16,1,-62.064,-74.8741,-91.3767,SERVED,0,1,77.191836,9.177166,0
37,UES1,10,17,17,4,-99.073,-89.4469,-108.505,SERVED,0,1,-65.387653,-157.847205,0
37,UES1,11,18,18,3,-66.502,-75.2582,-103.339,SERVED,0,1,-92.980496,70.381901,0
37,UES1,12,19,19,5,-90.5621,-92.1493,-111.898,SERVED,0,1,237.852298,-40.682641,0
37,UES1,13,20,20,2,-69.956,-90.6878,-74.258,SERVED,0,1,79.598390,130.224471,0
37,UES1,14,21,21,1,-93.9208,-99.2445,-108.375,SERVED,0,1,100.998542,-112.706900,0
37,UES1,15,22,22,1,-73.3824,-68.9379,-89.3618,SERVED,0,1,83.906505,-88.192451,0
37,UES1,16,23,23,3,-104.642,-102.196,-105.193,PERSISTING,0,1,-234.665780,-43.042511,0
37,UES1,17,24,24,1,-52.0013,-87.9933,-92.4862,SERVED,0,1,62.806813,-23.082186,0
37,UES1,18,25,25,1,-69.7806,-65.6921,-88.0876,SERVED,0,1,87.364193,-61.749058,0
37,UES1,19,26,26,6,-113.324,-97.4498,-101.31,ALTERNATIVE_AVAILABLE,0,1,-89.695047,-124.001080,0
37,UES1,20,27,27,6,-81.1576,-99.0571,-110.356,SERVED,0,1,-154.157689,152.039307,0
37,UES1,21,28,28,4,-98.7993,-96.5045,-99.0051,SERVED,0,1,-133.415631,230.823232,0
37,UES1,22,29,29,2,-72.8289,-101.222,-103.231,SERVED,0,1,212.283975,99.748514,0
37,UES1,23,30,30,6,-111.742,-79.2103,-96.6768,ALTERNATIVE_AVAILABLE,0,1,58.692228,-154.437926,0
37,UES1,24,31,31,3,-98.9041,-81.746,-90.8096,SERVED,0,1,-69.708446,164.646328,0
37,UES1,25,32,32,4,-105.524,-91.5157,-106.044,ALTERNATIVE_AVAILABLE,0,1,-36.878597,214.326787,0
37,UES1,26,33,33,5,-95.0386,-104.793,-111.792,SERVED,0,1,228.257658,57.333031,0
37,UES1,27,34,34,2,-69.6003,-95.7115,-93.8546,SERVED,0,1,47.014459,124.201842,0
37,UES1,28,35,35,4,-103.513,-101.387,-110.226,PERSISTING,0,1,-223.261201,76.274613,0
37,UES1,29,36,36,1,-70.5505,-58.7742,-86.5995,SERVED,0,1,53.231311,22.900152,0
37,UES1,30,37,37,5,-109.702,-106.009,-110.592,PERSISTING,2,1,-22.323728,-226.710111,0
37,UES1,31,38,38,2,-65.9692,-92.8909,-93.0663,SERVED,0,1,196.793277,41.678649,0
37,UES1,32,39,39,1,-93.4747,-84.0631,-98.2339,SERVED,0,1,52.014877,-121.028598,0
37,UES1,33,40,40,3,-76.6947,-97.6885,-84.7198,SERVED,0,1,-99.497330,99.849645,0
37,UES1,34,41,41,1,-103.517,-103.319,-108.59,PERSISTING,0,1,-6.311769,-203.881583,0
37,UES1,35,42,42,1,-64.3952,-94.7719,-89.7743,SERVED,0,1,141.089679,-73.367949,0
37,UES1,36,43,43,2,-100.054,-88.8999,-86.2151,ALTERNATIVE_AVAILABLE,0,1,203.484263,157.703283,0
37,UES1,37,44,44,1,-96.3799,-86.6389,-90.8998,SERVED,0,1,32.455045,-158.762714,0
37,UES1,38,45,45,4,-86.8327,-89.0565,-107.161,SERVED,0,1,-87.325333,-81.953692,0
37,UES1,39,46,46,4,-63,-87.9341,-91.5917,SERVED,0,1,-101.571607,-16.518700,0
37,UES1,40,47,47,4,-100.127,-93.8499,-91.7405,ALTERNATIVE_AVAILABLE,0,1,-187.524348,145.722609,0
37,UES1,41,48,48,4,-106.94,-108.636,-110.561,PERSISTING,0,1,-249.854343,-203.832839,0
37,UES1,42,49,49,2,-90.5897,-75.2737,-88.6768,SERVED,0,1,35.829484,49.154392,0
37,UES1,43,50,50,1,-87.1671,-85.8288,-101.844,SERVED,0,1,50.417604,-111.611847,0
37,UES1,44,51,51,6,-95.6544,-91.1863,-75.8892,SERVED,0,1,-27.934157,111.956613,0
37,UES1,45,52,52,3,-105.169,-99.9255,-108.799,ALTERNATIVE_AVAILABLE,0,1,-78.438545,-150.859837,0
37,UES1,46,53,53,7,-104.555,-89.6256,-118.062,ALTERNATIVE_AVAILABLE,0,1,-108.192024,-180.216008,0
37,UES1,47,54,54,4,-92.4583,-78.2492,-108.629,SERVED,0,1,-133.754845,-89.243836,0
37,UES1,48,55,55,3,-93.3955,-92.8078,-91.9793,SERVED,0,1,-191.626734,-40.648046,0
37,UES1,49,56,56,1,-59.613,-89.2627,-83.9574,SERVED,0,1,73.616452,-38.510191,0
37,UES1,50,57,57,4,-79.2778,-97.6451,-109.81,SERVED,0,1,-94.084736,-130.400341,0
37,UES1,51,58,58,2,-106.269,-108.975,-86.9508,ALTERNATIVE_AVAILABLE,0,1,246.446041,40.177391,0
37,UES1,52,59,59,6,-81.1787,-100.59,-95.7039,SERVED,0,1,-154.308397,194.450720,0
37,UES1,53,60,60,4,-103.919,-107.848,-110.641,PERSISTING,2,1,-266.125377,-56.290436,0
37,UES1,54,61,61,1,-95.8212,-98.2959,-100.952,SERVED,0,1,39.486920,-126.558080,0
37,UES1,55,62,62,2,-87.0194,-87.7818,-97.349,SERVED,0,1,133.203549,-24.081629,0
37,UES1,56,63,63,4,-93.6238,-82.3216,-93.9919,SERVED,0,1,-25.389094,-98.114987,0
37,UES1,57,64,64,3,-82.4286,-78.1532,-99.4002,SERVED,0,1,-143.212173,180.974947,0
37,UES1,58,65,65,1,-104.135,-74.1191,-116.17,ALTERNATIVE_AVAILABLE,0,1,-116.663765,-200.309872,0
37,UES1,59,66,66,5,-109.44,-102.628,-112.18,PERSISTING,0,1,208.941113,-182.926466,0
37,UES2,0,67,67,6,-119.04,-116.886,-120.427,PERSISTING,0,1,-418.777946,311.355925,0
37,UES2,1,68,68,3,-118.388,-116.292,-118.562,PERSISTING,3,1,342.049160,415.855070,0
37,UES2,2,69,69,1,-115.251,-113.53,-110.752,MOVE_REQUIRED,9,1,336.835836,-402.079244,1
37,UES2,3,70,70,6,-93.2113,-118.763,-113.765,SERVED,0,1,-272.600826,386.407729,0
37,UES2,4,71,71,7,-118.341,-116.277,-117.575,PERSISTING,0,1,333.205671,342.839200,0
37,UES2,5,72,72,2,-115.553,-116.572,-113.772,PERSISTING,3,1,331.743558,-407.154088,0
37,UES2,6,73,73,3,-111.488,-112.971,-116.193,PERSISTING,4,1,-315.423617,298.279262,0
37,UES2,7,74,74,2,-113.662,-118.547,-115.151,PERSISTING,1,1,362.365167,381.863955,0
37,UES2,8,75,75,7,-121.566,-78.4962,-115.841,ALTERNATIVE_AVAILABLE,0,1,375.660781,-431.132423,0
37,UES2,9,76,76,6,-115.914,-118.543,-104.462,PERSISTING,5,1,-389.828246,350.622201,0
37,UES2,10,77,77,5,-114.251,-94.2181,-119.069,ALTERNATIVE_AVAILABLE,0,1,399.986117,310.379300,0
37,UES2,11,78,78,2,-119.427,-114.926,-101.355,PERSISTING,0,1,355.858619,-361.180787,0
37,UES2,12,79,79,7,-121.596,-114.268,-118.686,PERSISTING,0,1,-433.045990,302.464653,0
37,UES2,13,80,80,7,-115.896,-78.8714,-112.703,ALTERNATIVE_AVAILABLE,0,1,347.782788,295.370291,0
37,UES2,14,81,81,4,-116.391,-115.354,-104.343,MOVE_REQUIRED,6,1,369.521197,-336.719928,1
37,UES2,15,82,82,4,-111.902,-112.444,-115.748,PERSISTING,3,1,-327.591547,339.086811,0
37,UES2,16,83,83,4,-118.82,-76.7841,-114.259,ALTERNATIVE_AVAILABLE,0,1,295.413440,339.943432,0
37,UES2,17,84,84,5,-108.367,-112.003,-117.482,PERSISTING,1,1,385.277908,-266.907524,0
37,UES2,18,85,85,4,-122.211,-114.792,-117.681,PERSISTING,0,1,-362.346401,392.575331,0
37,UES2,19,86,86,2,-119.335,-98.862,-115.398,ALTERNATIVE_AVAILABLE,0,1,404.310977,384.371256,0
37,UES2,20,87,87,2,-113.037,-114.207,-116.43,PERSISTING,1,1,292.741830,-300.300242,0
37,UES2,21,88,88,2,-117.661,-113.883,-121.158,PERSISTING,0,1,-316.664212,373.597053,0
37,UES2,22,89,89,6,-125.831,-117.722,-98.1937,ALTERNATIVE_AVAILABLE,0,1,271.825141,307.589506,0
37,UES2,23,90,90,5,-109.951,-97.0836,-110.306,ALTERNATIVE_AVAILABLE,0,1,275.647400,-274.695661,0
37,UES2,24,91,91,4,-115.731,-114.974,-117.246,PERSISTING,1,1,-333.909590,339.203495,0
37,UES2,25,92,92,3,-117.545,-91.4246,-115.233,ALTERNATIVE_AVAILABLE,0,1,303.468459,339.128337,0
37,UES2,26,93,93,5,-112.159,-115.928,-103.945,MOVE_REQUIRED,6,1,329.333176,-365.275133,1
37,UES2,27,94,94,6,-110.867,-115.395,-119.215,PERSISTING,3,1,-295.696570,305.889198,0
37,UES2,28,95,95,6,-127.256,-121.063,-117.153,MOVE_REQUIRED,7,1,364.608334,338.295316,1
37,UES2,29,96,96,2,-114.689,-113.535,-116.911,MOVE_REQUIRED,6,1,380.991323,-361.924895,1
38,UES1,0,7,7,3,-73.3054,-101.834,-110.951,SERVED,0,1,-134.289502,-188.695275,0
38,UES1,1,8,8,1,-81.0294,-103.59,-102.378,SERVED,0,1,152.641857,-127.368845,0
38,UES1,2,9,9,3,-69.7053,-83.8211,-88.9965,SERVED,0,1,-196.828575,193.818428,0
38,UES1,3,10,10,3,-109.223,-84.644,-101.167,ALTERNATIVE_AVAILABLE,0,1,131.331173,-157.815427,0
38,UES1,4,11,11,2,-94.5885,-71.482,-78.9482,SERVED,0,1,93.117915,171.968853,0
38,UES1,5,12,12,3,-62.7397,-67.0355,-105.183,SERVED,0,1,-150.570583,90.203760,0
38,UES1,6,13,13,2,-63.3192,-87.4502,-97.3982,SERVED,0,1,89.217191,110.790276,0
38,UES1,7,14,14,1,-92.6413,-66.2027,-103.905,SERVED,0,1,10.140833,-117.800479,0
38,UES1,8,15,15,1,-99.949,-103.132,-108.172,SERVED,0,1,66.059011,-193.371841,0
38,UES1,9,16,16,1,-67.131,-75.4678,-78.0311,SERVED,0,1,81.772901,7.171806,0
38,UES1,10,17,17,4,-100.957,-99.3712,-107.262,ALTERNATIVE_AVAILABLE,0,1,-66.309846,-162.761410,0
38,UES1,11,18,18,3,-66.9891,-81.602,-96.2779,SERVED,0,1,-97.736192,71.922727,0
38,UES1,12,19,19,5,-91.5707,-106.557,-107.53,SERVED,0,1,242.606798,-39.131720,0
38,UES1,13,20,20,2,-82.5808,-87.0451,-99.5362,SERVED,0,1,81.988199,134.616983,0
38,UES1,14,21,21,1,-90.8262,-89.876,-100.178,SERVED,0,1,104.486372,-116.289683,0
38,UES1,15,22,22,1,-76.7597,-90.355,-91.6546,SERVED,0,1,83.472321,-93.173549,0
38,UES1,16,23,23,3,-106.055,-90.9404,-108.396,ALTERNATIVE_AVAILABLE,0,1,-239.655911,-42.745298,0
38,UES1,17,24,24,1,-52.9345,-67.2172,-72.5667,SERVED,0,1,67.769434,-22.471821,0
38,UES1,18,25,25,1,-73.8928,-89.746,-104.24,SERVED,0,1,90.120008,-65.921150,0
38,UES1,19,26,26,6,-113.352,-96.5889,-72.625,ALTERNATIVE_AVAILABLE,0,1,-91.956873,-128.460244,0
38,UES1,20,27,27,6,-80.8984,-102.631,-114.05,SERVED,0,1,-157.993583,155.245862,0
38,UES1,21,28,28,4,-104.908,-102.396,-101.709,PERSISTING,0,1,-134.963385,235.577259,0
38,UES1,22,29,29,2,-100.673,-105.413,-98.5254,ALTERNATIVE_AVAILABLE,0,1,215.952415,103.146296,0
38,UES1,23,30,30,6,-116.425,-98.8756,-98.4061,ALTERNATIVE_AVAILABLE,0,1,60.111999,-159.232331,0
38,UES1,24,31,31,3,-79.6793,-88.1869,-89.2578,SERVED,0,1,-74.040722,167.141908,0
38,UES1,25,32,32,4,-104.723,-90.1837,-94.8587,ALTERNATIVE_AVAILABLE,0,1,-37.231446,219.314282,0
38,UES1,26,33,33,5,-95.579,-99.4722,-117.343,SERVED,0,1,231.798116,60.864725,0
38,UES1,27,34,34,2,-82.8436,-85.8548,-100.369,SERVED,0,1,46.809926,129.197632,0
38,UES1,28,35,35,4,-85.0554,-99.9006,-110.008,SERVED,0,1,-227.957091,77.991764,0
38,UES1,29,36,36,1,-67.3382,-77.2256,-81.8128,SERVED,0,1,50.790070,27.263207,0
38,UES1,30,37,37,5,-109.783,-105.993,-108.507,PERSISTING,3,1,-24.314039,-231.296558,0
38,UES1,31,38,38,2,-66.3107,-92.2474,-106.004,SERVED,0,1,201.550169,43.219456,0
38,UES1,32,39,39,1,-82.7,-85.4014,-71.0998,SERVED,0,1,52.440689,-126.010438,0
38,UES1,33,40,40,3,-74.5077,-92.0651,-74.348,SERVED,0,1,-101.351286,104.492888,0
38,UES1,34,41,41,1,-100.047,-101.916,-108.299,PERSISTING,1,1,-4.627660,-208.589658,0
38,UES1,35,42,42,1,-79.7677,-98.4461,-88.8727,SERVED,0,1,145.496113,-75.731465,0
38,UES1,36,43,43,2,-96.2787,-85.4674,-85.7313,SERVED,0,1,207.311785,160.920620,0
38,UES1,37,44,44,1,-102.064,-88.0745,-102.435,ALTERNATIVE_AVAILABLE,0,1,33.536320,-163.644413,0
38,UES1,38,45,45,4,-86.4073,-93.7275,-101.933,SERVED,0,1,-91.597804,-84.550051,0
38,UES1,39,46,46,4,-63.7455,-89.7231,-99.0487,SERVED,0,1,-106.565327,-16.288393,0
38,UES1,40,47,47,4,-93.8536,-67.8334,-110.718,SERVED,0,1,-190.039748,150.043324,0
38,UES1,41,48,48,4,-108.951,-109.432,-113.421,PERSISTING,1,1,-253.940222,-206.713905,0
38,UES1,42,49,49,2,-85.4332,-82.1644,-77.9285,SERVED,0,1,37.933424,53.690617,0
38,UES1,43,50,50,1,-92.1233,-100.944,-93.7822,SERVED,0,1,54.020259,-115.080073,0
38,UES1,44,51,51,6,-86.5644,-99.5226,-93.8802,SERVED,0,1,-29.747445,116.615937,0
38,UES1,45,52,52,3,-101.387,-84.597,-106.498,ALTERNATIVE_AVAILABLE,0,1,-81.758920,-154.597418,0
38,UES1,46,53,53,7,-107.158,-80.3532,-112.56,ALTERNATIVE_AVAILABLE,0,1,-110.685894,-184.549654,0
38,UES1,47,54,54,4,-74.2393,-100.4,-106.395,SERVED,0,1,-135.185381,-94.034823,0
38,UES1,48,55,55,3,-98.5675,-65.1276,-106.429,SERVED,0,1,-195.326273,-44.010421,0
38,UES1,49,56,56,1,-71.18,-67.6524,-85.6111,SERVED,0,1,77.128203,-42.069603,0
38,UES1,50,57,57,4,-66.5145,-104.729,-82.4415,SERVED,0,1,-94.918418,-135.330348,0
38,UES1,51,58,58,2,-103.649,-107.15,-101.43,PERSISTING,0,1,251.413447,40.754784,0
38,UES1,52,59,59,6,-79.0216,-90.065,-110.012,SERVED,0,1,-158.296197,197.465379,0
38,UES1,53,60,60,4,-105.881,-106.867,-96.0844,ALTERNATIVE_AVAILABLE,0,1,-270.968388,-57.529732,0
38,UES1,54,61,61,1,-91.9073,-97.9719,-97.894,SERVED,0,1,38.540804,-131.467725,0
38,UES1,55,62,62,2,-91.0117,-77.3736,-99.7653,SERVED,0,1,137.005953,-27.328767,0
38,UES1,56,63,63,4,-95.9313,-67.6394,-79.5934,SERVED,0,1,-24.932184,-103.094097,0
38,UES1,57,64,64,3,-70.0003,-100.475,-84.0142,SERVED,0,1,-144.990774,185.647734,0
38,UES1,58,65,65,1,-107.638,-100.227,-109.99,PERSISTING,0,1,-117.802452,-205.178443,0
38,UES1,59,66,66,5,-87.1781,-102.437,-113.911,SERVED,0,1,212.620318,-186.312786,0
38,UES2,0,67,67,6,-121.132,-119.138,-118.526,PERSISTING,1,1,-414.877462,312.244737,0
38,UES2,1,68,68,3,-123.645,-114.349,-117.524,PERSISTING,4,1,340.911668,412.020195,0
38,UES2,2,69,69,1,-116.935,-114.586,-116.139,MOVE_REQUIRED,10,1,334.513009,-405.335568,1
38,UES2,3,70,70,6,-112.781,-117.988,-114.946,PERSISTING,0,1,-274.271778,382.773798,0
38,UES2,4,71,71,7,-115.352,-111.839,-117.268,PERSISTING,1,1,329.679567,344.728053,0
38,UES2,5,72,72,2,-119.01,-113.868,-111.108,PERSISTING,4,1,335.438312,-408.686623,0
38,UES2,6,73,73,3,-113.418,-83.8372,-118.143,ALTERNATIVE_AVAILABLE,0,1,-312.825686,295.236689,0
38,UES2,7,74,74,2,-113.417,-116.853,-112.087,PERSISTING,2,1,359.068714,384.128607,0
38,UES2,8,75,75,7,-121.53,-118.007,-113.645,PERSISTING,0,1,377.442971,-427.550932,0
38,UES2,9,76,76,6,-115.004,-116.657,-79.0712,ALTERNATIVE_AVAILABLE,0,1,-388.799600,354.487698,0
38,UES2,10,77,77,5,-114.437,-112.545,-117.528,PERSISTING,0,1,396.342794,312.029458,0
38,UES2,11,78,78,2,-117.781,-115.014,-82.1801,ALTERNATIVE_AVAILABLE,0,1,358.402725,-364.267668,0
38,UES2,12,79,79,7,-121.783,-104.122,-121.647,PERSISTING,1,1,-429.297411,303.863674,0
38,UES2,13,80,80,7,-118.95,-114.39,-117.02,PERSISTING,0,1,343.906226,294.385622,0
38,UES2,14,81,81,4,-121.957,-113.37,-108.535,MOVE_REQUIRED,7,1,367.045269,-333.579370,1
38,UES2,15,82,82,4,-115.441,-113.676,-116.01,PERSISTING,4,1,-330.562661,336.408421,0
38,UES2,16,83,83,4,-118.048,-112.795,-110.569,PERSISTING,0,1,299.409612,340.126401,0
38,UES2,17,84,84,5,-108.078,-112.846,-116.319,PERSISTING,2,1,384.627229,-270.854144,0
38,UES2,18,85,85,4,-99.9632,-100.356,-84.8202,SERVED,0,1,-364.613012,389.279771,0
38,UES2,19,86,86,2,-114.669,-99.5283,-120.255,ALTERNATIVE_AVAILABLE,0,1,400.784873,382.482555,0
38,UES2,20,87,87,2,-113.994,-112.82,-111.258,PERSISTING,2,1,292.419361,-304.287182,0
38,UES2,21,88,88,2,-119.895,-98.6988,-82.603,ALTERNATIVE_AVAILABLE,0,1,-319.855408,376.008619,0
38,UES2,22,89,89,6,-120.492,-113.81,-114.407,PERSISTING,0,1,268.220094,305.858228,0
38,UES2,23,90,90,5,-74.9812,-113.796,-116.008,SERVED,0,1,273.326965,-271.437640,0
38,UES2,24,91,91,4,-116.534,-112.063,-115.658,PERSISTING,2,1,-331.041341,336.414914,0
38,UES2,25,92,92,3,-118.104,-111.274,-115.865,PERSISTING,0,1,306.915621,341.105737,0
38,UES2,26,93,93,5,-113.805,-115.61,-116.676,MOVE_REQUIRED,7,1,325.723345,-363.552580,1
38,UES2,27,94,94,6,-112.76,-91.2836,-86.2192,ALTERNATIVE_AVAILABLE,0,1,-299.362618,304.289849,0
38,UES2,28,95,95,6,-119.827,-120.109,-117.926,MOVE_REQUIRED,8,1,367.181146,341.358259,1
38,UES2,29,96,96,2,-116.512,-115.085,-111.054,MOVE_REQUIRED,7,1,383.145500,-358.553878,1
39,UES1,0,7,7,3,-108.842,-103.597,-103.634,PERSISTING,0,1,-137.143398,-192.800263,0
39,UES1,1,8,8,1,-98.2288,-98.4389,-95.4103,SERVED,0,1,155.894055,-131.167233,0
39,UES1,2,9,9,3,-102.752,-103.415,-99.1366,ALTERNATIVE_AVAILABLE,0,1,-200.084361,197.612600,0
39,UES1,3,10,10,1,-100.501,-106.438,-104.786,PERSISTING,0,1,135.230461,-160.946418,0
39,UES1,4,11,11,2,-87.4467,-92.409,-102.539,SERVED,0,1,96.925102,175.211344,0
39,UES1,5,12,12,3,-86.5217,-90.7021,-90.3562,SERVED,0,1,-153.662503,94.133139,0
39,UES1,6,13,13,2,-61.6997,-66.4177,-89.5092,SERVED,0,1,89.214799,115.790275,0
39,UES1,7,14,14,1,-78.0329,-95.4181,-107.512,SERVED,0,1,9.015302,-122.671896,0
39,UES1,8,15,15,1,-103.304,-103.71,-86.7453,ALTERNATIVE_AVAILABLE,0,1,68.444035,-197.766541,0
39,UES1,9,16,16,1,-76.5628,-80.4332,-98.1328,SERVED,0,1,86.353966,5.166444,0
39,UES1,10,17,17,4,-99.7754,-100.535,-106.249,SERVED,0,1,-67.232040,-167.675615,0
39,UES1,11,18,18,3,-72.9596,-82.5715,-102.447,SERVED,0,1,-102.491887,73.463552,0
39,UES1,12,19,19,5,-69.724,-108.14,-114.255,SERVED,0,1,247.361297,-37.580796,0
39,UES1,13,20,20,2,-73.8495,-97.1802,-74.3933,SERVED,0,1,84.378008,139.009499,0
39,UES1,14,21,21,1,-93.5401,-71.805,-102.187,SERVED,0,1,107.974201,-119.872469,0
39,UES1,15,22,22,1,-92.3238,-97.6249,-87.765,SERVED,0,1,83.038136,-98.154647,0
39,UES1,16,23,23,3,-101.771,-104.108,-106.92,PERSISTING,0,1,-244.646043,-42.448086,0
39,UES1,17,24,24,1,-52.1781,-65.9581,-95.597,SERVED,0,1,72.732056,-21.861455,0
39,UES1,18,25,25,1,-72.5873,-72.9564,-96.4153,SERVED,0,1,92.875824,-70.093243,0
39,UES1,19,26,26,6,-115.275,-68.9643,-110.793,ALTERNATIVE_AVAILABLE,0,1,-94.218699,-132.919408,0
39,UES1,20,27,27,6,-97.7833,-104.96,-113.664,SERVED,0,1,-161.829478,158.452415,0
39,UES1,21,28,28,4,-110.587,-71.6432,-101.341,ALTERNATIVE_AVAILABLE,0,1,-136.511857,240.331284,0
39,UES1,22,29,29,2,-100.846,-86.3732,-105.686,ALTERNATIVE_AVAILABLE,0,1,219.620855,106.544078,0
39,UES1,23,30,30,6,-102.011,-91.7193,-100.008,ALTERNATIVE_AVAILABLE,0,1,61.531770,-164.026739,0
39,UES1,24,31,31,3,-80.3566,-79.0062,-92.1518,SERVED,0,1,-78.372999,169.637487,0
39,UES1,25,32,32,4,-84.7455,-93.8127,-108.659,SERVED,0,1,-37.584296,224.301776,0
39,UES1,26,33,33,5,-98.0693,-90.4903,-110.149,SERVED,0,1,235.338573,64.396423,0
39,UES1,27,34,34,2,-87.3983,-97.2291,-98.9091,SERVED,0,1,46.605393,134.193422,0
39,UES1,28,35,35,4,-106.41,-93.9716,-109.239,ALTERNATIVE_AVAILABLE,0,1,-232.652982,79.708915,0
39,UES1,29,36,36,1,-62.6672,-85.8447,-103.343,SERVED,0,1,48.348829,31.626259,0
39,UES1,30,37,37,5,-115.197,-106.6,-107.531,PERSISTING,4,1,-26.304350,-235.883002,0
39,UES1,31,38,38,2,-92.5058,-96.0262,-96.8897,SERVED,0,1,206.307060,44.760264,0
39,UES1,32,39,39,1,-97.0408,-100.649,-96.3785,SERVED,0,1,52.866500,-130.992277,0
39,UES1,33,40,40,3,-78.6298,-93.1889,-84.2264,SERVED,0,1,-103.205242,109.136118,0
39,UES1,34,41,41,1,-102.643,-86.497,-105.156,ALTERNATIVE_AVAILABLE,0,1,-2.943550,-213.297735,0
39,UES1,35,42,42,1,-77.469,-67.5387,-77.4204,SERVED,0,1,149.902548,-78.094981,0
39,UES1,36,43,43,2,-104.661,-104.424,-97.1106,ALTERNATIVE_AVAILABLE,0,1,211.139306,164.137958,0
39,UES1,37,44,44,1,-103.958,-81.6261,-101.998,ALTERNATIVE_AVAILABLE,0,1,34.617595,-168.526113,0
39,UES1,38,45,45,4,-93.3948,-102.05,-95.1338,SERVED,0,1,-95.870275,-87.146407,0
39,UES1,39,46,46,4,-70.6983,-81.9713,-102.589,SERVED,0,1,-111.559047,-16.058087,0
39,UES1,40,47,47,4,-81.844,-94.1412,-104.883,SERVED,0,1,-192.555147,154.364036,0
39,UES1,41,48,48,4,-103.504,-113.953,-114.506,PERSISTING,2,1,-258.026102,-209.594968,0
39,UES1,42,49,49,2,-63.8969,-81.7283,-80.5058,SERVED,0,1,40.037365,58.226843,0
39,UES1,43,50,50,1,-83.2523,-100.003,-92.6876,SERVED,0,1,57.622914,-118.548313,0
39,UES1,44,51,51,6,-80.9835,-88.0445,-95.575,SERVED,0,1,-31.560734,121.275256,0
39,UES1,45,52,52,3,-101.59,-90.7702,-99.4336,ALTERNATIVE_AVAILABLE,0,1,-85.079295,-158.334996,0
39,UES1,46,53,53,7,-105.911,-105.892,-110.376,PERSISTING,0,1,-113.179763,-188.883299,0
39,UES1,47,54,54,4,-79.5936,-99.1514,-109.321,SERVED,0,1,-136.615918,-98.825811,0
39,UES1,48,55,55,3,-65.6604,-94.2335,-108.826,SERVED,0,1,-199.025812,-47.372790,0
39,UES1,49,56,56,1,-68.9422,-91.4857,-98.1146,SERVED,0,1,80.639955,-45.629017,0
39,UES1,50,57,57,4,-82.504,-100.283,-104.208,SERVED,0,1,-95.752100,-140.260355,0
39,UES1,51,58,58,5,-108.273,-99.6756,-114.916,ALTERNATIVE_AVAILABLE,0,1,256.380852,41.332184,0
39,UES1,52,59,59,6,-95.104,-107.677,-111.102,SERVED,0,1,-162.283996,200.480031,0
39,UES1,53,60,60,4,-103.386,-106.136,-110.566,PERSISTING,0,1,-275.811399,-58.769024,0
39,UES1,54,61,61,1,-82.3061,-77.2426,-92.1319,SERVED,0,1,37.594689,-136.377369,0
39,UES1,55,62,62,2,-82.5927,-77.5976,-87.9045,SERVED,0,1,140.808356,-30.575907,0
39,UES1,56,63,63,4,-75.1872,-78.0237,-92.0462,SERVED,0,1,-24.475273,-108.073208,0
39,UES1,57,64,64,3,-94.7665,-101.905,-90.4157,SERVED,0,1,-146.769376,190.320521,0
39,UES1,58,65,65,1,-104.532,-82.0504,-107.523,ALTERNATIVE_AVAILABLE,0,1,-118.941140,-210.047014,0
39,UES1,59,66,66,5,-106.04,-104.863,-112.337,PERSISTING,0,1,216.299523,-189.699109,0
39,UES2,0,67,67,6,-118.124,-118.161,-124.814,PERSISTING,2,1,-410.976978,313.133550,0
39,UES2,1,68,68,3,-80.4955,-115.803,-109.023,SERVED,0,1,339.774177,408.185320,0
39,UES2,2,69,69,1,-116.297,-115.522,-79.0432,ALTERNATIVE_AVAILABLE,0,1,332.190182,-408.591890,0
39,UES2,3,70,70,6,-111.08,-104.459,-103.984,PERSISTING,1,1,-275.942731,379.139877,0
39,UES2,4,71,71,7,-113.378,-112.601,-115.727,PERSISTING,2,1,326.153463,346.616903,0
39,UES2,5,72,72,2,-117.667,-116.698,-116.071,PERSISTING,5,1,339.133067,-410.219165,0
39,UES2,6,73,73,3,-113.662,-111.897,-109.635,PERSISTING,0,1,-310.228235,292.194016,0
39,UES2,7,74,74,2,-111.887,-115.885,-116.614,PERSISTING,3,1,355.772261,386.393236,0
39,UES2,8,75,75,7,-117.158,-92.9278,-114.491,ALTERNATIVE_AVAILABLE,0,1,379.225161,-423.969417,0
39,UES2,9,76,76,6,-115.116,-106.699,-117.221,PERSISTING,0,1,-387.770953,358.353196,0
39,UES2,10,77,77,5,-114.504,-103.213,-117.257,PERSISTING,1,1,392.699472,313.679605,0
39,UES2,11,78,78,2,-112.395,-113.054,-117.304,PERSISTING,0,1,360.946831,-367.354557,0
39,UES2,12,79,79,7,-118.337,-114.888,-126.613,PERSISTING,2,1,-425.548832,305.262710,0
39,UES2,13,80,80,7,-116.272,-100.307,-115.93,PERSISTING,1,1,340.029664,293.400969,0
39,UES2,14,81,81,4,-117.509,-113.849,-109.669,MOVE_REQUIRED,8,1,364.568145,-330.438843,1
39,UES2,15,82,82,4,-112.503,-112.341,-121.425,PERSISTING,5,1,-333.533775,333.730031,0
39,UES2,16,83,83,4,-115.799,-110.302,-114.615,PERSISTING,1,1,303.405783,340.309370,0
39,UES2,17,84,84,5,-105.866,-113.452,-82.8329,ALTERNATIVE_AVAILABLE,0,1,383.976550,-274.800751,0
39,UES2,18,85,85,4,-115.462,-118.183,-112.252,PERSISTING,0,1,-366.879622,385.984223,0
39,UES2,19,86,86,2,-117.974,-116.383,-88.0497,ALTERNATIVE_AVAILABLE,0,1,397.258768,380.593859,0
39,UES2,20,87,87,2,-112.544,-96.6495,-94.7161,ALTERNATIVE_AVAILABLE,0,1,292.096414,-308.274122,0
39,UES2,21,88,88,2,-121.604,-82.4134,-110.945,ALTERNATIVE_AVAILABLE,0,1,-323.046605,378.420179,0
39,UES2,22,89,89,6,-119.998,-105.345,-118.558,PERSISTING,1,1,264.614090,304.127090,0
39,UES2,23,90,90,5,-104.487,-111.872,-110.612,PERSISTING,0,1,271.006530,-268.179630,0
39,UES2,24,91,91,4,-109.842,-117.709,-117.365,PERSISTING,3,1,-328.173092,333.626294,0
39,UES2,25,92,92,3,-119.072,-113.398,-115.954,PERSISTING,1,1,309.841283,343.833787,0
39,UES2,26,93,93,5,-116.743,-104.3,-115.858,MOVE_REQUIRED,8,1,322.113513,-361.830026,1
39,UES2,27,94,94,6,-105.388,-111.971,-116.147,PERSISTING,0,1,-303.028666,302.690507,0
39,UES2,28,95,95,6,-99.4932,-118.219,-119.818,SERVED,0,1,369.753958,344.421203,0
39,UES2,29,96,96,2,-119.18,-113.304,-113.297,MOVE_REQUIRED,8,1,385.299677,-355.182840,1
40,UES1,0,7,7,3,-104.208,-101.397,-112.651,PERSISTING,1,1,-139.997294,-196.905248,0
40,UES1,1,8,8,1,-94.8822,-103.652,-99.6433,SERVED,0,1,159.146252,-134.965622,0
40,UES1,2,9,9,3,-100.632,-82.4214,-105.078,ALTERNATIVE_AVAILABLE,0,1,-203.340146,201.406769,0
40,UES1,3,10,10,1,-99.6372,-85.8238,-81.3662,SERVED,0,1,139.129749,-164.077411,0
40,UES1,4,11,11,2,-93.6583,-77.5952,-95.4032,SERVED,0,1,100.732290,178.453838,0
40,UES1,5,12,12,3,-75.4008,-81.0066,-97.288,SERVED,0,1,-156.754423,98.062517,0
40,UES1,6,13,13,2,-62.6345,-93.9604,-96.4089,SERVED,0,1,89.212407,120.790274,0
40,UES1,7,14,14,1,-91.4971,-83.8282,-100.428,SERVED,0,1,7.889771,-127.543312,0
40,UES1,8,15,15,1,-103.039,-90.3342,-89.8982,ALTERNATIVE_AVAILABLE,0,1,70.829060,-202.161242,0
40,UES1,9,16,16,1,-72.7916,-75.8536,-95.2526,SERVED,0,1,90.935031,3.161080,0
40,UES1,10,17,17,4,-102.098,-103.451,-109.178,PERSISTING,0,1,-68.154233,-172.589820,0
40,UES1,11,18,18,3,-82.2823,-87.8292,-92.7157,SERVED,0,1,-107.247583,75.004375,0
40,UES1,12,19,19,5,-100.642,-109.479,-99.1406,ALTERNATIVE_AVAILABLE,0,1,252.115797,-36.029869,0
40,UES1,13,20,20,2,-75.0039,-81.4304,-87.3744,SERVED,0,1,86.767817,143.402018,0
40,UES1,14,21,21,1,-96.6297,-84.7658,-103.198,SERVED,0,1,111.462030,-123.455257,0
40,UES1,15,22,22,1,-64.2202,-88.1739,-91.3911,SERVED,0,1,82.603952,-103.135744,0
40,UES1,16,23,23,3,-106.95,-104.611,-110.337,PERSISTING,1,1,-249.636174,-42.150875,0
40,UES1,17,24,24,1,-62.3505,-72.6335,-97.735,SERVED,0,1,77.694677,-21.251090,0
40,UES1,18,25,25,1,-84.76,-75.2385,-86.6522,SERVED,0,1,95.631639,-74.265336,0
40,UES1,19,26,26,6,-112.346,-86.4986,-104.865,ALTERNATIVE_AVAILABLE,0,1,-96.480525,-137.378571,0
40,UES1,20,27,27,6,-93.3394,-96.1551,-116.464,SERVED,0,1,-165.665372,161.658966,0
40,UES1,21,28,28,4,-105.486,-98.3634,-94.261,ALTERNATIVE_AVAILABLE,0,1,-138.060807,245.085309,0
40,UES1,22,29,29,2,-92.8698,-106.822,-96.0849,SERVED,0,1,223.289296,109.941861,0
40,UES1,23,30,30,6,-113.013,-89.8453,-97.7223,ALTERNATIVE_AVAILABLE,0,1,62.951542,-168.821147,0
40,UES1,24,31,31,3,-97.4121,-80.4084,-93.9448,SERVED,0,1,-82.705275,172.133064,0
40,UES1,25,32,32,4,-102.547,-86.5649,-110.385,ALTERNATIVE_AVAILABLE,0,1,-37.937146,229.289270,0
40,UES1,26,33,33,5,-100.353,-106.67,-99.3603,ALTERNATIVE_AVAILABLE,0,1,238.879031,67.928125,0
40,UES1,27,34,34,2,-81.8051,-82.4163,-76.687,SERVED,0,1,46.400859,139.189212,0
40,UES1,28,35,35,4,-102.538,-88.2923,-116.662,ALTERNATIVE_AVAILABLE,0,1,-237.348873,81.426065,0
40,UES1,29,36,36,1,-64.6612,-67.7257,-90.8813,SERVED,0,1,45.907587,35.989307,0
40,UES1,30,37,37,5,-106.536,-88.6172,-108.962,ALTERNATIVE_AVAILABLE,0,1,-28.294662,-240.469445,0
40,UES1,31,38,38,2,-96.5546,-96.0297,-105.358,SERVED,0,1,211.063952,46.301072,0
40,UES1,32,39,39,1,-79.8611,-91.4864,-103.848,SERVED,0,1,53.292312,-135.974116,0
40,UES1,33,40,40,3,-83.9655,-88.9715,-92.8387,SERVED,0,1,-105.059197,113.779336,0
40,UES1,34,41,41,1,-82.3423,-94.4269,-103.481,SERVED,0,1,-1.259441,-218.005814,0
40,UES1,35,42,42,1,-90.0404,-98.0245,-90.6964,SERVED,0,1,154.308982,-80.458499,0
40,UES1,36,43,43,2,-78.5779,-99.3361,-109.687,SERVED,0,1,214.966828,167.355297,0
40,UES1,37,44,44,1,-97.871,-101.074,-100.779,SERVED,0,1,35.698869,-173.407813,0
40,UES1,38,45,45,4,-87.2456,-90.831,-107.024,SERVED,0,1,-100.142746,-89.742760,0
40,UES1,39,46,46,4,-79.8603,-92.8686,-103.285,SERVED,0,1,-116.552767,-15.827780,0
40,UES1,40,47,47,4,-81.1014,-90.594,-111.108,SERVED,0,1,-195.070546,158.684747,0
40,UES1,41,48,48,4,-106.455,-88.6174,-112.488,ALTERNATIVE_AVAILABLE,0,1,-262.111981,-212.476030,0
40,UES1,42,49,49,2,-67.3532,-81.1162,-85.5175,SERVED,0,1,42.141306,62.763072,0
40,UES1,43,50,50,1,-87.9773,-87.3893,-94.533,SERVED,0,1,61.225568,-122.016569,0
40,UES1,44,51,51,6,-79.7067,-96.6917,-93.2612,SERVED,0,1,-33.374022,125.934573,0
40,UES1,45,52,52,3,-101.706,-80.1079,-110.647,ALTERNATIVE_AVAILABLE,0,1,-88.399670,-162.072572,0
40,UES1,46,53,53,7,-111.741,-102.7,-114.45,PERSISTING,1,1,-115.673633,-193.216945,0
40,UES1,47,54,54,4,-89.9204,-97.0027,-99.1533,SERVED,0,1,-138.046454,-103.616798,0
40,UES1,48,55,55,3,-83.6817,-93.8151,-110.355,SERVED,0,1,-202.725351,-50.735153,0
40,UES1,49,56,56,1,-80.499,-90.0329,-86.2172,SERVED,0,1,84.151706,-49.188430,0
40,UES1,50,57,57,4,-97.8988,-89.4437,-99.4797,SERVED,0,1,-96.585782,-145.190363,0
40,UES1,51,58,58,5,-91.988,-103.63,-105.872,SERVED,0,1,261.348258,41.909592,0
40,UES1,52,59,59,6,-70.9008,-105.285,-111.982,SERVED,0,1,-166.271795,203.494675,0
40,UES1,53,60,60,4,-106.12,-108.149,-112.936,PERSISTING,1,1,-280.654410,-60.008315,0
40,UES1,54,61,61,1,-93.2562,-100.938,-101.673,SERVED,0,1,36.648573,-141.287014,0
40,UES1,55,62,62,2,-89.3263,-74.9131,-87.1197,SERVED,0,1,144.610760,-33.823049,0
40,UES1,56,63,63,4,-95.4816,-78.0428,-96.1326,SERVED,0,1,-24.018363,-113.052320,0
40,UES1,57,64,64,3,-98.1759,-82.4674,-88.0983,SERVED,0,1,-148.547977,194.993306,0
40,UES1,58,65,65,1,-96.1279,-103.824,-114.022,SERVED,0,1,-120.079828,-214.915585,0
40,UES1,59,66,66,5,-85.3734,-81.7703,-112.009,SERVED,0,1,219.978729,-193.085434,0
40,UES2,0,67,67,6,-121.633,-121.488,-119.915,PERSISTING,3,1,-407.076494,314.022364,0
40,UES2,1,68,68,3,-116.857,-118.115,-115.035,PERSISTING,0,1,338.636685,404.350446,0
40,UES2,2,69,69,1,-120.237,-94.5098,-115.702,ALTERNATIVE_AVAILABLE,0,1,329.867355,-411.848206,0
40,UES2,3,70,70,6,-81.2128,-106.647,-119.033,SERVED,0,1,-277.613683,375.505965,0
40,UES2,4,71,71,7,-120.225,-115.714,-114.531,PERSISTING,3,1,322.627358,348.505748,0
40,UES2,5,72,72,2,-118.742,-89.6459,-117.336,ALTERNATIVE_AVAILABLE,0,1,342.827822,-411.751716,0
40,UES2,6,73,73,3,-111.58,-104.546,-116.148,PERSISTING,1,1,-307.631500,289.151313,0
40,UES2,7,74,74,2,-115.812,-117.031,-118.072,PERSISTING,4,1,352.475808,388.657840,0
40,UES2,8,75,75,7,-121.767,-95.06,-113.91,ALTERNATIVE_AVAILABLE,0,1,381.007350,-420.387875,0
40,UES2,9,76,76,6,-114.552,-116.688,-122.433,PERSISTING,1,1,-386.742307,362.218693,0
40,UES2,10,77,77,5,-116.242,-114.675,-115.323,PERSISTING,2,1,389.056150,315.329741,0
40,UES2,11,78,78,2,-116.3,-116.989,-104.521,PERSISTING,1,1,363.490937,-370.441457,0
40,UES2,12,79,79,7,-123.463,-117.428,-114.706,PERSISTING,3,1,-421.800253,306.661759,0
40,UES2,13,80,80,7,-90.2923,-113.405,-117.862,SERVED,0,1,336.153102,292.416333,0
40,UES2,14,81,81,4,-106.317,-113.051,-112.887,MOVE_REQUIRED,9,1,362.091021,-327.298317,1
40,UES2,15,82,82,4,-116.039,-114.544,-118.803,MOVE_REQUIRED,6,1,-336.504889,331.051642,1
40,UES2,16,83,83,4,-116.438,-90.1571,-115.491,ALTERNATIVE_AVAILABLE,0,1,307.401955,340.492339,0
40,UES2,17,84,84,5,-110.374,-117.359,-113.744,PERSISTING,0,1,383.325872,-278.747342,0
40,UES2,18,85,85,4,-116.172,-114.477,-115.997,PERSISTING,1,1,-369.146233,382.688690,0
40,UES2,19,86,86,2,-116.263,-115.787,-118.31,PERSISTING,0,1,393.732664,378.705167,0
40,UES2,20,87,87,2,-87.3809,-103.497,-111.476,SERVED,0,1,291.773467,-312.261061,0
40,UES2,21,88,88,2,-121.616,-117.13,-117.627,PERSISTING,0,1,-326.237801,380.831733,0
40,UES2,22,89,89,6,-118.416,-100.233,-118.266,PERSISTING,2,1,261.007847,302.395965,0
40,UES2,23,90,90,5,-107.767,-112.34,-113.047,PERSISTING,1,1,274.682147,-269.758793,0
40,UES2,24,91,91,4,-115.123,-109.623,-114.574,PERSISTING,4,1,-325.304842,330.837611,0
40,UES2,25,92,92,3,-117.481,-109.397,-114.022,PERSISTING,2,1,312.766945,346.561839,0
40,UES2,26,93,93,5,-107.575,-115.297,-112.72,MOVE_REQUIRED,9,1,318.503682,-360.107472,1
40,UES2,27,94,94,6,-119.028,-113.815,-115.678,PERSISTING,1,1,-306.694714,301.091173,0
40,UES2,28,95,95,6,-92.8311,-117.652,-119.453,SERVED,0,1,372.326770,347.484146,0
40,UES2,29,96,96,2,-116.49,-117.685,-86.2605,ALTERNATIVE_AVAILABLE,0,1,387.452897,-351.811786,0
41,UES1,0,7,7,3,-104.515,-100.556,-114.003,PERSISTING,2,1,-142.851190,-201.010231,0
41,UES1,1,8,8,1,-89.4902,-99.8031,-90.3839,SERVED,0,1,162.398449,-138.764014,0
41,UES1,2,9,9,3,-98.6536,-104.401,-89.4098,SERVED,0,1,-206.595932,205.200936,0
41,UES1,3,10,10,1,-77.7437,-102.983,-78.1093,SERVED,0,1,143.029037,-167.208406,0
41,UES1,4,11,11,2,-98.5462,-84.8244,-108.84,SERVED,0,1,104.539478,181.696334,0
41,UES1,5,12,12,3,-66.5839,-87.7146,-111.822,SERVED,0,1,-159.846343,101.991896,0
41,UES1,6,13,13,2,-83.4515,-89.3746,-91.1015,SERVED,0,1,89.210015,125.790272,0
41,UES1,7,14,14,1,-86.1416,-92.1377,-103.549,SERVED,0,1,6.764241,-132.414725,0
41,UES1,8,15,15,1,-103.857,-104.548,-106.508,PERSISTING,0,1,73.214084,-206.555943,0
41,UES1,9,16,16,1,-80.3227,-82.011,-76.7266,SERVED,0,1,95.516096,1.155715,0
41,UES1,10,17,17,4,-104.236,-76.8239,-110.393,ALTERNATIVE_AVAILABLE,0,1,-69.076427,-177.504024,0
41,UES1,11,18,18,3,-77.8693,-83.2171,-93.0273,SERVED,0,1,-112.003279,76.545197,0
41,UES1,12,19,19,5,-72.8474,-109.829,-113.585,SERVED,0,1,256.870296,-34.478937,0
41,UES1,13,20,20,2,-75.3972,-101.733,-98.829,SERVED,0,1,89.157626,147.794542,0
41,UES1,14,21,21,1,-98.4773,-99.9244,-80.284,SERVED,0,1,114.949859,-127.038048,0
41,UES1,15,22,22,1,-73.1499,-96.2766,-102.778,SERVED,0,1,82.169767,-108.116841,0
41,UES1,16,23,23,4,-104.883,-108.794,-97.541,ALTERNATIVE_AVAILABLE,0,1,-254.626305,-41.853665,0
41,UES1,17,24,24,1,-54.4153,-87.5392,-87.5642,SERVED,0,1,82.657298,-20.640724,0
41,UES1,18,25,25,1,-87.4521,-91.7099,-96.706,SERVED,0,1,98.387455,-78.437429,0
41,UES1,19,26,26,3,-102.681,-97.0129,-104.878,ALTERNATIVE_AVAILABLE,0,1,-98.742351,-141.837735,0
41,UES1,20,27,27,6,-64.6056,-100.935,-97.4781,SERVED,0,1,-169.501266,164.865516,0
41,UES1,21,28,28,4,-104.22,-103.068,-103.773,PERSISTING,0,1,-139.609757,249.839333,0
41,UES1,22,29,29,2,-99.6976,-100.058,-108.539,SERVED,0,1,226.957736,113.339645,0
41,UES1,23,30,30,6,-111.723,-99.9647,-103.447,ALTERNATIVE_AVAILABLE,0,1,64.371313,-173.615557,0
41,UES1,24,31,31,3,-94.1806,-91.1686,-89.9985,SERVED,0,1,-87.037551,174.628641,0
41,UES1,25,32,32,3,-100.896,-100.033,-109.847,PERSISTING,0,1,-38.289995,234.276764,0
41,UES1,26,33,33,5,-70.2805,-90.9655,-93.6552,SERVED,0,1,242.419488,71.459831,0
41,UES1,27,34,34,2,-66.8856,-71.7406,-97.2565,SERVED,0,1,46.196326,144.185002,0
41,UES1,28,35,35,4,-78.0313,-86.3021,-114.655,SERVED,0,1,-242.044763,83.143216,0
41,UES1,29,36,36,1,-74.1034,-77.8307,-86.8846,SERVED,0,1,43.466346,40.352351,0
41,UES1,30,37,37,5,-113.785,-111.262,-106.426,PERSISTING,0,1,-30.284973,-245.055886,0
41,UES1,31,38,38,2,-94.9656,-106.261,-107.197,SERVED,0,1,215.820844,47.841881,0
41,UES1,32,39,39,1,-96.2128,-86.1652,-98.8706,SERVED,0,1,53.718124,-140.955956,0
41,UES1,33,40,40,3,-91.7228,-93.2664,-101.062,SERVED,0,1,-106.913153,118.422538,0
41,UES1,34,41,41,1,-102.059,-98.7366,-95.7872,ALTERNATIVE_AVAILABLE,0,1,0.424669,-222.713893,0
41,UES1,35,42,42,1,-97.9671,-84.9984,-87.7065,SERVED,0,1,158.715416,-82.822018,0
41,UES1,36,43,43,2,-95.6051,-106.508,-109.382,SERVED,0,1,218.794350,170.572638,0
41,UES1,37,44,44,1,-99.7639,-78.9502,-96.6456,SERVED,0,1,36.780144,-178.289513,0
41,UES1,38,45,45,4,-91.5105,-95.3482,-106.785,SERVED,0,1,-104.415217,-92.339109,0
41,UES1,39,46,46,4,-75.2798,-86.6412,-78.978,SERVED,0,1,-121.546486,-15.597474,0
41,UES1,40,47,47,4,-99.1268,-101.162,-93.6798,SERVED,0,1,-197.585946,163.005456,0
41,UES1,41,48,48,4,-106.044,-110.353,-83.9941,ALTERNATIVE_AVAILABLE,0,1,-266.197860,-215.357089,0
41,UES1,42,49,49,2,-84.2242,-74.8846,-91.2134,SERVED,0,1,44.245247,67.299304,0
41,UES1,43,50,50,1,-97.8208,-99.6077,-92.5339,SERVED,0,1,64.828223,-125.484841,0
41,UES1,44,51,51,6,-95.9735,-98.6148,-95.1307,SERVED,0,1,-35.187311,130.593886,0
41,UES1,45,52,52,4,-101.326,-103.355,-108.654,PERSISTING,0,1,-91.720045,-165.810145,0
41,UES1,46,53,53,7,-109.829,-107.115,-111.063,PERSISTING,2,1,-118.167502,-197.550590,0
41,UES1,47,54,54,4,-91.731,-100.851,-78.6637,SERVED,0,1,-139.476990,-108.407786,0
41,UES1,48,55,55,3,-91.5161,-93.7244,-108.291,SERVED,0,1,-206.424890,-54.097508,0
41,UES1,49,56,56,2,-77.675,-79.2412,-73.0925,SERVED,0,1,87.663457,-52.747845,0
41,UES1,50,57,57,4,-95.1801,-76.4939,-107.453,SERVED,0,1,-97.419464,-150.120370,0
41,UES1,51,58,58,5,-107.202,-98.5072,-113.098,ALTERNATIVE_AVAILABLE,0,1,266.315663,42.487008,0
41,UES1,52,59,59,6,-72.4764,-92.8105,-95.1827,SERVED,0,1,-170.259594,206.509311,0
41,UES1,53,60,60,4,-104.303,-104.322,-112.695,PERSISTING,2,1,-285.497421,-61.247603,0
41,UES1,54,61,61,1,-99.0974,-99.6557,-80.5826,SERVED,0,1,35.702458,-146.196657,0
41,UES1,55,62,62,2,-88.131,-79.0821,-94.6743,SERVED,0,1,148.413163,-37.070193,0
41,UES1,56,63,63,4,-100.68,-93.5709,-104.518,ALTERNATIVE_AVAILABLE,0,1,-23.561453,-118.031431,0
41,UES1,57,64,64,3,-91.2623,-102.044,-91.5711,SERVED,0,1,-150.326579,199.666090,0
41,UES1,58,65,65,1,-108.419,-102.573,-109.945,PERSISTING,0,1,-121.218516,-219.784155,0
41,UES1,59,66,66,5,-107.282,-96.5029,-114.046,ALTERNATIVE_AVAILABLE,0,1,223.657934,-196.471762,0
41,UES2,0,67,67,6,-123.002,-90.8344,-119.365,ALTERNATIVE_AVAILABLE,0,1,-403.176010,314.911180,0
41,UES2,1,68,68,3,-120.808,-113.02,-116.414,PERSISTING,1,1,337.499194,400.515572,0
41,UES2,2,69,69,1,-107.003,-115.192,-113.808,PERSISTING,0,1,331.616054,-410.187626,0
41,UES2,3,70,70,6,-110.252,-116.032,-121.423,PERSISTING,0,1,-279.284636,371.872063,0
41,UES2,4,71,71,7,-114.335,-115.854,-116.305,PERSISTING,4,1,319.101254,350.394588,0
41,UES2,5,72,72,2,-118.124,-116.387,-118.264,PERSISTING,0,1,346.522576,-413.284275,0
41,UES2,6,73,73,2,-119.008,-109.727,-115.019,PERSISTING,2,1,-305.034766,286.108607,0
41,UES2,7,74,74,2,-112.615,-89.9003,-116.864,ALTERNATIVE_AVAILABLE,0,1,349.179355,390.922415,0
41,UES2,8,75,75,7,-116.747,-119.148,-114.861,PERSISTING,0,1,382.788583,-416.806312,0
41,UES2,9,76,76,6,-114.068,-118.189,-121.987,PERSISTING,2,1,-385.713660,366.084191,0
41,UES2,10,77,77,5,-120.731,-92.9814,-117.955,ALTERNATIVE_AVAILABLE,0,1,385.412828,316.979864,0
41,UES2,11,78,78,2,-122.014,-114.746,-116.412,PERSISTING,2,1,366.035042,-373.528366,0
41,UES2,12,79,79,7,-122.392,-112.057,-117.684,PERSISTING,4,1,-418.051673,308.060824,0
41,UES2,13,80,80,7,-113.981,-113.02,-83.599,ALTERNATIVE_AVAILABLE,0,1,332.276540,291.431716,0
41,UES2,14,81,81,4,-118.718,-110.905,-111.212,MOVE_REQUIRED,10,1,359.613896,-324.157791,1
41,UES2,15,82,82,3,-109.016,-113.371,-120.961,MOVE_REQUIRED,7,1,-339.476002,328.373252,1
41,UES2,16,83,83,2,-112.668,-86.4234,-114.629,ALTERNATIVE_AVAILABLE,0,1,311.398127,340.675308,0
41,UES2,17,84,84,5,-109.192,-112.47,-114.872,PERSISTING,1,1,382.675193,-282.693911,0
41,UES2,18,85,85,4,-115.107,-116.276,-117.159,PERSISTING,2,1,-371.412843,379.393172,0
41,UES2,19,86,86,2,-122.576,-119.306,-116.974,PERSISTING,1,1,390.206560,376.816479,0
41,UES2,20,87,87,2,-113.683,-109.871,-113.822,PERSISTING,0,1,291.450520,-316.248000,0
41,UES2,21,88,88,2,-117.492,-114.228,-120.432,PERSISTING,1,1,-329.428997,383.243282,0
41,UES2,22,89,89,6,-121.252,-118.021,-110.65,PERSISTING,3,1,263.029975,303.698703,0
41,UES2,23,90,90,5,-102.43,-114.802,-110.384,PERSISTING,2,1,278.357764,-271.337969,0
41,UES2,24,91,91,4,-115.771,-116.405,-119.487,PERSISTING,5,1,-322.436593,328.048818,0
41,UES2,25,92,92,3,-120.702,-112.396,-114.706,PERSISTING,3,1,315.692607,349.289891,0
41,UES2,26,93,93,5,-108.594,-118.697,-82.3292,ALTERNATIVE_AVAILABLE,0,1,314.893851,-358.384918,0
41,UES2,27,94,94,6,-112.138,-112.666,-119.947,PERSISTING,2,1,-310.360763,299.491847,0
41,UES2,28,95,95,6,-120.342,-122.479,-100.757,PERSISTING,0,1,374.899583,350.547090,0
41,UES2,29,96,96,2,-119.128,-119.727,-111.284,PERSISTING,0,1,389.605878,-348.440731,0
42,UES1,0,7,7,3,-105.652,-101.758,-110.628,PERSISTING,3,1,-145.705086,-205.115213,0
42,UES1,1,8,8,1,-99.1773,-100.865,-97.9573,SERVED,0,1,165.650647,-142.562408,0
42,UES1,2,9,9,3,-72.5676,-103.099,-103.971,SERVED,0,1,-209.851718,208.995101,0
42,UES1,3,10,10,1,-103.782,-105.321,-105.286,PERSISTING,0,1,146.928324,-170.339403,0
42,UES1,4,11,11,2,-96.9219,-74.2606,-109.345,SERVED,0,1,108.346666,184.938832,0
42,UES1,5,12,12,3,-63.8459,-95.0626,-80.7061,SERVED,0,1,-162.938263,105.921275,0
42,UES1,6,13,13,2,-63.0042,-92.4006,-106.463,SERVED,0,1,89.207623,130.790271,0
42,UES1,7,14,14,1,-93.4087,-81.6121,-105.87,SERVED,0,1,5.638710,-137.286136,0
42,UES1,8,15,15,1,-105.342,-92.2372,-103.955,ALTERNATIVE_AVAILABLE,0,1,75.599109,-210.950646,0
42,UES1,9,16,16,1,-85.6727,-68.8624,-76.6294,SERVED,0,1,100.097161,-0.849653,0
42,UES1,10,17,17,4,-101.295,-85.9988,-110.138,ALTERNATIVE_AVAILABLE,0,1,-69.998620,-182.418228,0
42,UES1,11,18,18,3,-73.8972,-84.5653,-86.9466,SERVED,0,1,-116.758974,78.086016,0
42,UES1,12,19,19,5,-74.8352,-92.8869,-115.103,SERVED,0,1,261.624796,-32.928002,0
42,UES1,13,20,20,2,-76.807,-97.2373,-102.318,SERVED,0,1,91.547435,152.187069,0
42,UES1,14,21,21,1,-70.9004,-76.3904,-94.4736,SERVED,0,1,118.437688,-130.620841,0
42,UES1,15,22,22,1,-94.9437,-80.5363,-103.407,SERVED,0,1,81.735583,-113.097938,0
42,UES1,16,23,23,4,-101.592,-102.488,-108.586,PERSISTING,0,1,-259.616437,-41.556456,0
42,UES1,17,24,24,1,-54.833,-78.4518,-102.783,SERVED,0,1,87.619919,-20.030358,0
42,UES1,18,25,25,1,-87.3096,-98.3196,-98.2239,SERVED,0,1,101.143271,-82.609523,0
42,UES1,19,26,26,3,-104.556,-100.133,-98.2761,ALTERNATIVE_AVAILABLE,0,1,-101.004177,-146.296899,0
42,UES1,20,27,27,6,-94.0632,-103.984,-117.81,SERVED,0,1,-173.337161,168.072065,0
42,UES1,21,28,28,4,-101.158,-102.666,-88.8845,ALTERNATIVE_AVAILABLE,0,1,-141.158707,254.593358,0
42,UES1,22,29,29,2,-83.1728,-103.785,-109.814,SERVED,0,1,230.626176,116.737430,0
42,UES1,23,30,30,6,-113.241,-71.9278,-73.1856,ALTERNATIVE_AVAILABLE,0,1,65.791084,-178.409968,0
42,UES1,24,31,31,3,-81.2851,-105.16,-88.7965,SERVED,0,1,-91.369827,177.124217,0
42,UES1,25,32,32,3,-71.2903,-100.866,-97.8008,SERVED,0,1,-38.642845,239.264257,0
42,UES1,26,33,33,5,-87.5939,-92.9367,-99.0089,SERVED,0,1,245.959946,74.991541,0
42,UES1,27,34,34,2,-93.5616,-74.622,-101.621,SERVED,0,1,45.991793,149.180791,0
42,UES1,28,35,35,4,-72.7927,-104.344,-113.506,SERVED,0,1,-246.740654,84.860367,0
42,UES1,29,36,36,1,-66.7143,-77.5084,-96.6872,SERVED,0,1,41.025105,44.715392,0
42,UES1,30,37,37,5,-113.272,-109.675,-107.56,PERSISTING,1,1,-32.275284,-249.642324,0
42,UES1,31,38,38,2,-97.6063,-104.446,-105.796,SERVED,0,1,220.577736,49.382691,0
42,UES1,32,39,39,1,-100.793,-98.1292,-80.0589,ALTERNATIVE_AVAILABLE,0,1,54.143936,-145.937795,0
42,UES1,33,40,40,3,-90.4563,-88.0238,-81.7602,SERVED,0,1,-108.767109,123.065725,0
42,UES1,34,41,41,1,-72.823,-101.5,-110.903,SERVED,0,1,2.108778,-227.421975,0
42,UES1,35,42,42,1,-92.8854,-96.7114,-94.1126,SERVED,0,1,163.121851,-85.185537,0
42,UES1,36,43,43,2,-97.5113,-103.45,-112.301,SERVED,0,1,222.621872,173.789980,0
42,UES1,37,44,44,1,-101.365,-102.148,-95.2324,ALTERNATIVE_AVAILABLE,0,1,37.861419,-183.171213,0
42,UES1,38,45,45,4,-100.453,-82.6756,-109.589,ALTERNATIVE_AVAILABLE,0,1,-108.687688,-94.935455,0
42,UES1,39,46,46,4,-81.0486,-88.641,-83.8458,SERVED,0,1,-126.540206,-15.367168,0
42,UES1,40,47,47,4,-106.557,-98.215,-105.686,ALTERNATIVE_AVAILABLE,0,1,-200.101345,167.326162,0
42,UES1,41,48,48,4,-108.921,-98.9336,-113.073,ALTERNATIVE_AVAILABLE,0,1,-270.283740,-218.238147,0
42,UES1,42,49,49,2,-83.9501,-72.6064,-95.7932,SERVED,0,1,46.349188,71.835538,0
42,UES1,43,50,50,1,-73.8298,-98.7016,-103.182,SERVED,0,1,68.430878,-128.953128,0
42,UES1,44,51,51,6,-99.4396,-89.5773,-98.4548,SERVED,0,1,-37.000599,135.253195,0
42,UES1,45,52,52,4,-98.1667,-99.2769,-108.558,SERVED,0,1,-95.040420,-169.547715,0
42,UES1,46,53,53,7,-110.618,-83.3919,-111.228,ALTERNATIVE_AVAILABLE,0,1,-120.661372,-201.884235,0
42,UES1,47,54,54,4,-92.8898,-95.2097,-107.738,SERVED,0,1,-140.907526,-113.198773,0
42,UES1,48,55,55,3,-101.941,-68.2795,-111.556,ALTERNATIVE_AVAILABLE,0,1,-210.124428,-57.459857,0
42,UES1,49,56,56,2,-94.812,-88.6151,-84.2678,SERVED,0,1,91.175208,-56.307260,0
42,UES1,50,57,57,4,-98.1341,-105.554,-87.4475,SERVED,0,1,-98.253146,-155.050377,0
42,UES1,51,58,58,5,-100.387,-105.734,-114.009,PERSISTING,0,1,271.283069,43.064432,0
42,UES1,52,59,59,6,-92.6094,-91.9826,-116.788,SERVED,0,1,-174.247393,209.523938,0
42,UES1,53,60,60,4,-104.997,-103.828,-115.17,PERSISTING,3,1,-290.340432,-62.486889,0
42,UES1,54,61,61,1,-98.7451,-86.2301,-103.881,SERVED,0,1,34.756342,-151.106301,0
42,UES1,55,62,62,2,-90.4693,-72.9648,-94.2723,SERVED,0,1,152.215567,-40.317339,0
42,UES1,56,63,63,4,-68.213,-67.1284,-103.499,SERVED,0,1,-23.104542,-123.010543,0
42,UES1,57,64,64,3,-69.5931,-101.004,-102.625,SERVED,0,1,-152.105180,204.338873,0
42,UES1,58,65,65,1,-108.84,-99.6475,-111.142,ALTERNATIVE_AVAILABLE,0,1,-122.357203,-224.652725,0
42,UES1,59,66,66,5,-85.0562,-75.8135,-87.9563,SERVED,0,1,227.337139,-199.858092,0
42,UES2,0,67,67,6,-116.836,-121.599,-122.789,PERSISTING,0,1,-399.275527,315.799996,0
42,UES2,1,68,68,3,-118.714,-116.342,-115.814,PERSISTING,2,1,336.361702,396.680697,0
42,UES2,2,69,69,1,-115.583,-118.209,-101.79,PERSISTING,1,1,334.382634,-407.297810,0
42,UES2,3,70,70,6,-108.998,-115.279,-114.502,PERSISTING,1,1,-280.955588,368.238173,0
42,UES2,4,71,71,7,-113.143,-112.06,-115.27,PERSISTING,5,1,315.575149,352.283423,0
42,UES2,5,72,72,2,-117.108,-115.064,-116.992,PERSISTING,1,1,350.217331,-414.816845,0
42,UES2,6,73,73,2,-116.513,-109.162,-100.266,PERSISTING,3,1,-302.438032,283.065897,0
42,UES2,7,74,74,2,-118.29,-116.481,-112.585,PERSISTING,0,1,345.882902,393.186960,0
42,UES2,8,75,75,7,-109.541,-114.732,-115.865,PERSISTING,1,1,384.569577,-413.224748,0
42,UES2,9,76,76,6,-117.241,-118.469,-121.54,PERSISTING,3,1,-384.685014,369.949690,0
42,UES2,10,77,77,5,-117.432,-93.8062,-112.768,ALTERNATIVE_AVAILABLE,0,1,381.769506,318.629973,0
42,UES2,11,78,78,2,-115.91,-113.832,-113.845,PERSISTING,3,1,368.579148,-376.615287,0
42,UES2,12,79,79,7,-121.248,-118.612,-118.887,PERSISTING,5,1,-414.303094,309.459904,0
42,UES2,13,80,80,7,-117.755,-111.807,-94.5157,ALTERNATIVE_AVAILABLE,0,1,328.399979,290.447122,0
42,UES2,14,81,81,4,-119.131,-112.964,-112.306,MOVE_REQUIRED,11,1,357.136772,-321.017266,1
42,UES2,15,82,82,3,-114.81,-80.8398,-119.218,ALTERNATIVE_AVAILABLE,0,1,-342.447116,325.694862,0
42,UES2,16,83,83,2,-114.962,-116.091,-117.718,PERSISTING,0,1,315.394299,340.858277,0
42,UES2,17,84,84,5,-110.441,-119.83,-113.802,PERSISTING,2,1,382.024514,-286.640449,0
42,UES2,18,85,85,4,-116.701,-118.053,-116.535,PERSISTING,3,1,-373.679454,376.097671,0
42,UES2,19,86,86,2,-117.964,-79.3845,-120.588,ALTERNATIVE_AVAILABLE,0,1,386.680455,374.927796,0
42,UES2,20,87,87,2,-117.965,-111.565,-95.3156,ALTERNATIVE_AVAILABLE,0,1,291.127572,-320.234940,0
42,UES2,21,88,88,2,-120.391,-117.451,-118.864,PERSISTING,2,1,-332.620193,385.654825,0
42,UES2,22,89,89,6,-123.077,-118.84,-99.4388,ALTERNATIVE_AVAILABLE,0,1,266.459195,305.759916,0
42,UES2,23,90,90,5,-108.543,-109.548,-113.35,PERSISTING,3,1,282.033381,-272.917158,0
42,UES2,24,91,91,4,-115.576,-115.642,-93.1165,ALTERNATIVE_AVAILABLE,0,1,-319.568584,325.259681,0
42,UES2,25,92,92,3,-115.97,-112.807,-117.761,PERSISTING,4,1,318.618268,352.017946,0
42,UES2,26,93,93,5,-106.854,-117.709,-111.874,PERSISTING,0,1,311.284019,-356.662364,0
42,UES2,27,94,94,6,-116.054,-115.277,-120.554,PERSISTING,3,1,-314.026811,297.892530,0
42,UES2,28,95,95,6,-124.995,-106.047,-121.468,PERSISTING,1,1,377.472395,353.610033,0
42,UES2,29,96,96,2,-91.9612,-118.417,-85.288,SERVED,0,1,391.758859,-345.069676,0
43,UES1,0,7,7,3,-106.574,-99.194,-97.2985,ALTERNATIVE_AVAILABLE,0,1,-148.558981,-209.220192,0
43,UES1,1,8,8,1,-102.384,-104.206,-105.188,PERSISTING,0,1,168.902844,-146.360804,0
43,UES1,2,9,9,3,-103.781,-75.2637,-104.565,ALTERNATIVE_AVAILABLE,0,1,-213.107503,212.789263,0
43,UES1,3,10,10,1,-103.401,-105.066,-95.5921,ALTERNATIVE_AVAILABLE,0,1,150.827612,-173.470402,0
43,UES1,4,11,11,2,-97.4467,-103.409,-97.0355,SERVED,0,1,112.153854,188.181333,0
43,UES1,5,12,12,3,-65.2029,-67.1767,-108.572,SERVED,0,1,-166.030183,109.850653,0
43,UES1,6,13,13,2,-69.586,-67.7049,-105.062,SERVED,0,1,89.205230,135.790270,0
43,UES1,7,14,14,1,-101.279,-99.534,-95.4379,ALTERNATIVE_AVAILABLE,0,1,4.513180,-142.157545,0
43,UES1,8,15,15,1,-72.0681,-103.066,-95.3829,SERVED,0,1,77.984133,-215.345349,0
43,UES1,9,16,16,1,-66.1912,-75.8127,-95.7237,SERVED,0,1,104.678226,-2.855022,0
43,UES1,10,17,17,4,-105.624,-103.958,-104.282,PERSISTING,0,1,-70.920814,-187.332432,0
43,UES1,11,18,18,3,-87.7633,-85.1645,-96.0473,SERVED,0,1,-121.514670,79.626834,0
43,UES1,12,19,19,5,-88.4615,-104.462,-115.429,SERVED,0,1,266.379296,-31.377064,0
43,UES1,13,20,20,2,-93.0414,-71.5588,-104.826,SERVED,0,1,93.937243,156.579601,0
43,UES1,14,21,21,1,-100.942,-76.8312,-101.104,ALTERNATIVE_AVAILABLE,0,1,121.925517,-134.203637,0
43,UES1,15,22,22,1,-94.3818,-95.1219,-85.5601,SERVED,0,1,81.301398,-118.079034,0
43,UES1,16,23,23,4,-104.384,-104.343,-108.462,PERSISTING,1,1,-264.606568,-41.259248,0
43,UES1,17,24,24,1,-76.0612,-88.6775,-103.661,SERVED,0,1,92.582540,-19.419993,0
43,UES1,18,25,25,1,-87.6541,-94.2284,-83.487,SERVED,0,1,103.899086,-86.781617,0
43,UES1,19,26,26,3,-97.0441,-100.873,-107.355,SERVED,0,1,-103.266004,-150.756062,0
43,UES1,20,27,27,6,-96.7887,-107.317,-119.54,SERVED,0,1,-177.173055,171.278612,0
43,UES1,21,28,28,4,-105.329,-103.093,-109.842,PERSISTING,0,1,-142.707658,259.347383,0
43,UES1,22,29,29,2,-101.801,-104.016,-98.8867,ALTERNATIVE_AVAILABLE,0,1,234.294617,120.135216,0
43,UES1,23,30,30,6,-115.371,-99.4366,-92.8395,ALTERNATIVE_AVAILABLE,0,1,67.210856,-183.204381,0
43,UES1,24,31,31,3,-82.4089,-100.839,-90.0924,SERVED,0,1,-95.702103,179.619792,0
43,UES1,25,32,32,3,-102.586,-101.031,-105.245,PERSISTING,0,1,-38.995695,244.251750,0
43,UES1,26,33,33,5,-105.496,-98.3266,-110.354,ALTERNATIVE_AVAILABLE,0,1,249.500403,78.523256,0
43,UES1,27,34,34,2,-75.8179,-70.6298,-90.0319,SERVED,0,1,45.787260,154.176580,0
43,UES1,28,35,35,4,-98.2477,-105.444,-111.409,SERVED,0,1,-251.436545,86.577518,0
43,UES1,29,36,36,1,-71.0794,-87.3625,-75.6169,SERVED,0,1,38.583864,49.078430,0
43,UES1,30,37,37,5,-107.137,-107.146,-114.141,PERSISTING,2,1,-34.265596,-254.228761,0
43,UES1,31,38,38,2,-66.4141,-108.669,-102.672,SERVED,0,1,225.334628,50.923502,0
43,UES1,32,39,39,1,-100.974,-92.4731,-104.258,ALTERNATIVE_AVAILABLE,0,1,54.569748,-150.919634,0
43,UES1,33,40,40,3,-96.2179,-85.3756,-89.2924,SERVED,0,1,-110.621065,127.708893,0
43,UES1,34,41,41,1,-105.621,-105.94,-95.8512,ALTERNATIVE_AVAILABLE,0,1,3.792888,-232.130057,0
43,UES1,35,42,42,1,-96.3703,-86.0697,-94.7167,SERVED,0,1,167.528285,-87.549058,0
43,UES1,36,43,43,2,-100.865,-104.754,-109.038,PERSISTING,0,1,226.449393,177.007322,0
43,UES1,37,44,44,1,-104.216,-100.123,-90.7667,ALTERNATIVE_AVAILABLE,0,1,38.942694,-188.052914,0
43,UES1,38,45,45,4,-96.1809,-84.0915,-106.861,SERVED,0,1,-112.960159,-97.531797,0
43,UES1,39,46,46,3,-72.5482,-74.5338,-100.075,SERVED,0,1,-131.533926,-15.136863,0
43,UES1,40,47,47,4,-73.2964,-95.9112,-104.367,SERVED,0,1,-202.616745,171.646866,0
43,UES1,41,48,48,4,-112.557,-108.237,-113.949,PERSISTING,0,1,-274.369619,-221.119201,0
43,UES1,42,49,49,2,-68.7144,-74.5679,-82.5925,SERVED,0,1,48.453129,76.371775,0
43,UES1,43,50,50,1,-96.4053,-99.7826,-104.023,SERVED,0,1,72.033533,-132.421433,0
43,UES1,44,51,51,6,-93.9043,-97.0146,-101.759,SERVED,0,1,-38.813887,139.912500,0
43,UES1,45,52,52,4,-103.493,-76.3867,-105.332,ALTERNATIVE_AVAILABLE,0,1,-98.360795,-173.285283,0
43,UES1,46,53,53,7,-111.105,-83.3637,-110.736,ALTERNATIVE_AVAILABLE,0,1,-123.155242,-206.217880,0
43,UES1,47,54,54,4,-93.6094,-99.3606,-104.007,SERVED,0,1,-142.338063,-117.989761,0
43,UES1,48,55,55,3,-101.369,-69.2746,-104.565,ALTERNATIVE_AVAILABLE,0,1,-213.823967,-60.822199,0
43,UES1,49,56,56,2,-77.7959,-64.7487,-96.2195,SERVED,0,1,94.686959,-59.866676,0
43,UES1,50,57,57,4,-100.976,-103.466,-106.462,PERSISTING,0,1,-99.086828,-159.980384,0
43,UES1,51,58,58,5,-111.085,-104.948,-113.857,PERSISTING,1,1,276.250474,43.641867,0
43,UES1,52,59,59,6,-76.2729,-106.315,-111.2,SERVED,0,1,-178.235432,212.538558,0
43,UES1,53,60,60,4,-104.871,-105.89,-82.1696,ALTERNATIVE_AVAILABLE,0,1,-295.183443,-63.726173,0
43,UES1,54,61,61,1,-98.7475,-73.719,-103.043,SERVED,0,1,33.810227,-156.015945,0
43,UES1,55,62,62,1,-93.0527,-63.3928,-103.063,SERVED,0,1,156.017971,-43.564487,0
43,UES1,56,63,63,4,-95.8583,-93.6157,-98.8041,SERVED,0,1,-22.647632,-127.989656,0
43,UES1,57,64,64,3,-97.1784,-102.04,-90.2338,SERVED,0,1,-153.883782,209.011656,0
43,UES1,58,65,65,1,-111.663,-101.313,-112.416,PERSISTING,0,1,-123.495891,-229.521295,0
43,UES1,59,66,66,5,-92.6693,-105.669,-114.952,SERVED,0,1,231.016344,-203.244424,0
43,UES2,0,67,67,6,-93.1155,-117.535,-120.633,SERVED,0,1,-395.375043,316.688814,0
43,UES2,1,68,68,3,-118.8,-115.09,-118.341,PERSISTING,3,1,335.224210,392.845823,0
43,UES2,2,69,69,1,-117.329,-115.806,-112.116,PERSISTING,2,1,337.149215,-404.407976,0
43,UES2,3,70,70,6,-114.252,-114.938,-97.8647,ALTERNATIVE_AVAILABLE,0,1,-282.626540,364.604294,0
43,UES2,4,71,71,7,-113.259,-115.533,-120.118,MOVE_REQUIRED,6,1,312.049045,354.172251,1
43,UES2,5,72,72,2,-117.47,-112.508,-99.5039,ALTERNATIVE_AVAILABLE,0,1,353.912085,-416.349427,0
43,UES2,6,73,73,2,-120.244,-107.297,-114.285,PERSISTING,4,1,-299.841298,280.023172,0
43,UES2,7,74,74,2,-117.23,-117.789,-116.422,PERSISTING,1,1,342.586448,395.451473,0
43,UES2,8,75,75,7,-117.216,-114.328,-116.525,PERSISTING,2,1,386.350571,-409.643183,0
43,UES2,9,76,76,6,-117.386,-116.844,-116.131,PERSISTING,4,1,-383.656367,373.815189,0
43,UES2,10,77,77,5,-113.265,-120.233,-119.404,PERSISTING,0,1,378.126183,320.280069,0
43,UES2,11,78,78,2,-114.163,-112.772,-111.248,PERSISTING,4,1,371.123254,-379.702219,0
43,UES2,12,79,79,7,-118.597,-120.548,-119.799,MOVE_REQUIRED,6,1,-410.554515,310.859002,1
43,UES2,13,80,80,7,-78.8161,-100.634,-108.455,SERVED,0,1,324.523417,289.462556,0
43,UES2,14,81,81,4,-123.553,-114.934,-95.0636,ALTERNATIVE_AVAILABLE,0,1,354.659648,-317.876742,0
43,UES2,15,82,82,3,-117.465,-115.784,-117.904,PERSISTING,0,1,-345.418230,323.016472,0
43,UES2,16,83,83,2,-109.904,-114.639,-113.549,PERSISTING,1,1,319.390471,341.041247,0
43,UES2,17,84,84,5,-83.8847,-117.384,-115.827,SERVED,0,1,381.372639,-290.586959,0
43,UES2,18,85,85,4,-119.057,-79.6824,-119.634,ALTERNATIVE_AVAILABLE,0,1,-375.946064,372.802188,0
43,UES2,19,86,86,3,-122.036,-117.012,-116.757,PERSISTING,0,1,383.154351,373.039119,0
43,UES2,20,87,87,2,-112.019,-112.958,-106.674,PERSISTING,0,1,290.804625,-324.221879,0
43,UES2,21,88,88,2,-118.639,-111.822,-118.949,PERSISTING,3,1,-335.811390,388.066362,0
43,UES2,22,89,89,6,-124.023,-117.949,-112.346,PERSISTING,0,1,269.888415,307.821143,0
43,UES2,23,90,90,5,-94.6084,-116.893,-114.583,SERVED,0,1,285.708998,-274.496361,0
43,UES2,24,91,91,4,-114.448,-116.536,-117.472,PERSISTING,0,1,-323.275299,326.763573,0
43,UES2,25,92,92,3,-122.267,-77.6086,-106.166,ALTERNATIVE_AVAILABLE,0,1,321.543930,354.746002,0
43,UES2,26,93,93,5,-115.883,-115.85,-116.827,PERSISTING,1,1,307.674188,-354.939810,0
43,UES2,27,94,94,6,-112.669,-113.464,-117.2,PERSISTING,4,1,-317.692859,296.293221,0
43,UES2,28,95,95,6,-124.223,-121.556,-119.691,PERSISTING,2,1,380.045207,356.672977,0
43,UES2,29,96,96,6,-121.39,-100.55,-116.275,PERSISTING,0,1,393.911840,-341.698621,0
44,UES1,0,7,7,3,-98.5474,-103.809,-108.213,SERVED,0,1,-151.412877,-213.325170,0
44,UES1,1,8,8,1,-100.684,-100.844,-90.3717,ALTERNATIVE_AVAILABLE,0,1,172.155041,-150.159202,0
44,UES1,2,9,9,3,-103.568,-105.839,-100.06,PERSISTING,0,1,-216.363289,216.583423,0
44,UES1,3,10,10,1,-104.48,-84.8498,-99.1809,ALTERNATIVE_AVAILABLE,0,1,154.726900,-176.601403,0
44,UES1,4,11,11,2,-94.8621,-100.159,-109.934,SERVED,0,1,115.961042,191.423837,0
44,UES1,5,12,12,3,-62.5014,-99.6889,-98.2167,SERVED,0,1,-169.122102,113.780032,0
44,UES1,6,13,13,2,-67.6693,-92.9357,-106.955,SERVED,0,1,89.202360,140.790269,0
44,UES1,7,14,14,1,-92.9758,-99.0129,-78.8871,SERVED,0,1,3.387649,-147.028951,0
44,UES1,8,15,15,1,-104.89,-81.1524,-101.689,ALTERNATIVE_AVAILABLE,0,1,80.369157,-219.740053,0
44,UES1,9,16,16,1,-65.6466,-75.9016,-76.3912,SERVED,0,1,109.259291,-4.860393,0
44,UES1,10,17,17,4,-104.139,-74.1234,-93.6497,ALTERNATIVE_AVAILABLE,0,1,-71.843007,-192.246636,0
44,UES1,11,18,18,3,-83.784,-92.7035,-95.6206,SERVED,0,1,-126.270366,81.167650,0
44,UES1,12,19,19,5,-92.2451,-111.442,-94.5102,SERVED,0,1,271.133795,-29.826122,0
44,UES1,13,20,20,2,-89.0018,-79.6447,-100.561,SERVED,0,1,96.327052,160.972137,0
44,UES1,14,21,21,1,-69.9336,-99.7083,-87.4145,SERVED,0,1,125.413346,-137.786436,0
44,UES1,15,22,22,1,-89.892,-78.5895,-104.44,SERVED,0,1,80.867214,-123.060129,0
44,UES1,16,23,23,4,-103.353,-92.4538,-107.218,ALTERNATIVE_AVAILABLE,0,1,-269.596700,-40.962041,0
44,UES1,17,24,24,1,-58.1506,-78.1667,-95.8329,SERVED,0,1,97.545161,-18.809627,0
44,UES1,18,25,25,1,-90.0441,-89.8702,-91.5906,SERVED,0,1,106.654902,-90.953711,0
44,UES1,19,26,26,3,-94.6686,-70.1956,-107.719,SERVED,0,1,-105.527830,-155.215226,0
44,UES1,20,27,27,6,-64.1299,-96.8635,-118.017,SERVED,0,1,-181.008949,174.485157,0
44,UES1,21,28,28,4,-103.488,-80.6105,-98.3406,ALTERNATIVE_AVAILABLE,0,1,-144.256608,264.101408,0
44,UES1,22,29,29,2,-98.8958,-105.792,-112.303,SERVED,0,1,237.963057,123.533002,0
44,UES1,23,30,30,6,-110.791,-97.6249,-97.9542,ALTERNATIVE_AVAILABLE,0,1,68.630627,-187.998795,0
44,UES1,24,31,31,3,-94.8858,-99.9049,-90.2891,SERVED,0,1,-100.034379,182.115366,0
44,UES1,25,32,32,3,-103.018,-78.0393,-90.8905,ALTERNATIVE_AVAILABLE,0,1,-39.348544,249.239243,0
44,UES1,26,33,33,5,-111.705,-107.483,-113.748,PERSISTING,0,1,253.040861,82.054974,0
44,UES1,27,34,34,2,-100.146,-96.756,-100.123,ALTERNATIVE_AVAILABLE,0,1,45.582727,159.172369,0
44,UES1,28,35,35,4,-104.012,-99.8346,-109.831,ALTERNATIVE_AVAILABLE,0,1,-256.132435,88.294669,0
44,UES1,29,36,36,1,-85.5028,-87.3314,-83.2545,SERVED,0,1,36.142623,53.441463,0
44,UES1,30,37,37,5,-116.183,-105.311,-104.379,PERSISTING,3,1,-36.255907,-258.815195,0
44,UES1,31,38,38,2,-71.1293,-107.326,-95.6991,SERVED,0,1,230.091519,52.464313,0
44,UES1,32,39,39,1,-97.2117,-102.372,-102.954,SERVED,0,1,54.995559,-155.901474,0
44,UES1,33,40,40,3,-86.2856,-97.0762,-84.0171,SERVED,0,1,-112.475021,132.352043,0
44,UES1,34,41,41,1,-75.6487,-104.696,-110.235,SERVED,0,1,5.476997,-236.838142,0
44,UES1,35,42,42,1,-96.2956,-86.3304,-98.0715,SERVED,0,1,171.934720,-89.912581,0
44,UES1,36,43,43,2,-72.3875,-107.501,-110.333,SERVED,0,1,230.276915,180.224666,0
44,UES1,37,44,44,1,-101.502,-102.497,-101.125,PERSISTING,0,1,40.023969,-192.934615,0
44,UES1,38,45,45,4,-95.0683,-99.4076,-98.6983,SERVED,0,1,-117.232630,-100.128136,0
44,UES1,39,46,46,3,-89.8474,-71.2403,-104.105,SERVED,0,1,-136.527645,-14.906558,0
44,UES1,40,47,47,4,-102.535,-98.6815,-104.402,ALTERNATIVE_AVAILABLE,0,1,-205.132144,175.967568,0
44,UES1,41,48,48,4,-108.632,-109.485,-92.8259,ALTERNATIVE_AVAILABLE,0,1,-278.455499,-224.000254,0
44,UES1,42,49,49,2,-68.7292,-74.9082,-95.739,SERVED,0,1,50.557069,80.908015,0
44,UES1,43,50,50,1,-96.2418,-71.2502,-101.834,SERVED,0,1,75.636188,-135.889756,0
44,UES1,44,51,51,6,-85.4822,-97.5952,-92.1742,SERVED,0,1,-40.627176,144.571801,0
44,UES1,45,52,52,4,-104.72,-94.364,-111.437,ALTERNATIVE_AVAILABLE,0,1,-101.681170,-177.022847,0
44,UES1,46,53,53,7,-99.5733,-105.56,-113.939,SERVED,0,1,-125.649111,-210.551525,0
44,UES1,47,54,54,4,-94.4689,-101.391,-98.9175,SERVED,0,1,-143.768599,-122.780749,0
44,UES1,48,55,55,3,-104.943,-66.5561,-112.752,ALTERNATIVE_AVAILABLE,0,1,-217.523506,-64.184534,0
44,UES1,49,56,56,2,-99.153,-84.721,-94.2822,SERVED,0,1,98.198710,-63.426093,0
44,UES1,50,57,57,4,-97.7285,-101.871,-99.1794,SERVED,0,1,-99.920510,-164.910391,0
44,UES1,51,58,58,5,-104.961,-97.5638,-115.649,ALTERNATIVE_AVAILABLE,0,1,281.217879,44.219312,0
44,UES1,52,59,59,6,-84.9188,-111.135,-104.532,SERVED,0,1,-182.224427,215.553174,0
44,UES1,53,60,60,4,-106.192,-108.029,-111.335,PERSISTING,0,1,-300.026454,-64.965454,0
44,UES1,54,61,61,1,-98.3757,-98.8504,-97.7545,SERVED,0,1,32.864111,-160.925588,0
44,UES1,55,62,62,1,-89.8775,-67.448,-91.217,SERVED,0,1,159.820374,-46.811638,0
44,UES1,56,63,63,4,-98.0011,-69.3543,-108.053,SERVED,0,1,-22.190721,-132.968768,0
44,UES1,57,64,64,3,-99.2055,-101.4,-100.855,SERVED,0,1,-155.662383,213.684437,0
44,UES1,58,65,65,1,-107.794,-98.5231,-89.0774,ALTERNATIVE_AVAILABLE,0,1,-124.634579,-234.389864,0
44,UES1,59,66,66,5,-74.9614,-106.92,-116.433,SERVED,0,1,234.695549,-206.630759,0
44,UES2,0,67,67,6,-105.046,-119.064,-121.835,PERSISTING,0,1,-391.474559,317.577633,0
44,UES2,1,68,68,3,-120.948,-115.116,-92.4069,ALTERNATIVE_AVAILABLE,0,1,334.086719,389.010950,0
44,UES2,2,69,69,1,-116.848,-116.597,-112.324,PERSISTING,3,1,339.915795,-401.518124,0
44,UES2,3,70,70,6,-107.836,-113.52,-114.587,PERSISTING,0,1,-284.297493,360.970427,0
44,UES2,4,71,71,7,-115.676,-83.6409,-114.638,ALTERNATIVE_AVAILABLE,0,1,308.522941,356.061071,0
44,UES2,5,72,72,2,-115.887,-116.162,-114.622,PERSISTING,0,1,357.606840,-417.882022,0
44,UES2,6,73,73,2,-123.299,-101.372,-116.683,PERSISTING,5,1,-303.534856,281.557496,0
44,UES2,7,74,74,2,-115.815,-117.219,-118.372,PERSISTING,2,1,339.289995,397.715949,0
44,UES2,8,75,75,7,-122.309,-114.806,-113.527,PERSISTING,3,1,388.131564,-406.061619,0
44,UES2,9,76,76,6,-113.847,-118.379,-117.971,PERSISTING,5,1,-382.627721,377.680690,0
44,UES2,10,77,77,5,-115.6,-116.653,-119.912,PERSISTING,1,1,374.482861,321.930149,0
44,UES2,11,78,78,2,-117.786,-116.253,-112.404,PERSISTING,5,1,373.667360,-382.789164,0
44,UES2,12,79,79,7,-121.963,-118.086,-119.543,MOVE_REQUIRED,7,1,-406.805936,312.258117,1
44,UES2,13,80,80,7,-116.716,-83.2443,-113.007,ALTERNATIVE_AVAILABLE,0,1,320.646855,288.478022,0
44,UES2,14,81,81,4,-120.153,-115.606,-104.107,PERSISTING,0,1,352.182524,-314.736219,0
44,UES2,15,82,82,3,-110.784,-115.714,-117.058,PERSISTING,1,1,-348.389343,320.338083,0
44,UES2,16,83,83,2,-80.1115,-114.805,-114.422,SERVED,0,1,323.386643,341.224217,0
44,UES2,17,84,84,5,-108.062,-115.477,-117.24,PERSISTING,0,1,380.720765,-294.533467,0
44,UES2,18,85,85,4,-124.384,-116.831,-110.041,PERSISTING,0,1,-378.212675,369.506726,0
44,UES2,19,86,86,3,-124.652,-113.681,-122.684,PERSISTING,1,1,379.628246,371.150447,0
44,UES2,20,87,87,2,-113.871,-77.9949,-110.737,ALTERNATIVE_AVAILABLE,0,1,290.481678,-328.208818,0
44,UES2,21,88,88,2,-119.597,-117.02,-120.721,PERSISTING,4,1,-339.002586,390.477892,0
44,UES2,22,89,89,6,-119.51,-104.896,-91.0067,ALTERNATIVE_AVAILABLE,0,1,273.317636,309.882384,0
44,UES2,23,90,90,5,-102.476,-113.814,-111.085,PERSISTING,0,1,289.384615,-276.075578,0
44,UES2,24,91,91,4,-113.804,-110.855,-118.463,PERSISTING,1,1,-326.982015,328.267464,0
44,UES2,25,92,92,3,-92.1708,-111.249,-90.3555,SERVED,0,1,324.469592,357.474059,0
44,UES2,26,93,93,5,-112.448,-116.691,-112.906,PERSISTING,2,1,304.064356,-353.217256,0
44,UES2,27,94,94,6,-102.275,-111.278,-117.836,PERSISTING,5,1,-321.358907,294.693921,0
44,UES2,28,95,95,6,-120.527,-120.654,-117.611,PERSISTING,3,1,382.618019,359.735921,0
44,UES2,29,96,96,6,-123.955,-109.582,-110.473,PERSISTING,1,1,396.064821,-338.327565,0
45,UES1,0,7,7,3,-88.7792,-104.092,-110.304,SERVED,0,1,-154.266773,-217.430145,0
45,UES1,1,8,8,1,-98.4578,-100.795,-104.66,SERVED,0,1,175.407239,-153.957602,0
45,UES1,2,9,9,3,-86.6146,-100.764,-109.53,SERVED,0,1,-219.619074,220.377581,0
45,UES1,3,10,10,1,-95.0321,-103.728,-80.657,SERVED,0,1,158.626187,-179.732407,0
45,UES1,4,11,11,2,-94.1608,-104.43,-106.394,SERVED,0,1,119.768230,194.666343,0
45,UES1,5,12,12,3,-77.898,-97.9687,-105.967,SERVED,0,1,-172.214022,117.709410,0
45,UES1,6,13,13,2,-64.4176,-97.5354,-104.239,SERVED,0,1,89.198772,145.790267,0
45,UES1,7,14,14,1,-95.7892,-97.787,-95.1426,SERVED,0,1,2.262118,-151.900355,0
45,UES1,8,15,15,2,-75.7583,-98.5168,-95.2612,SERVED,0,1,82.754182,-224.134759,0
45,UES1,9,16,16,1,-66.2598,-75.6868,-79.8414,SERVED,0,1,113.840356,-6.865765,0
45,UES1,10,17,17,4,-105.837,-104.213,-110.765,PERSISTING,0,1,-72.765201,-197.160839,0
45,UES1,11,18,18,3,-78.6888,-97.5279,-95.568,SERVED,0,1,-131.026061,82.708465,0
45,UES1,12,19,19,5,-92.4486,-106.269,-115.95,SERVED,0,1,275.888295,-28.275175,0
45,UES1,13,20,20,2,-94.887,-83.2678,-96.5365,SERVED,0,1,98.716861,165.364676,0
45,UES1,14,21,21,1,-99.9743,-76.0033,-86.1882,SERVED,0,1,128.901176,-141.369237,0
45,UES1,15,22,22,1,-95.7049,-97.3874,-99.45,SERVED,0,1,80.433029,-128.041224,0
45,UES1,16,23,23,4,-89.5871,-113.879,-93.8689,SERVED,0,1,-274.586831,-40.664835,0
45,UES1,17,24,24,1,-79.9489,-74.7606,-93.3602,SERVED,0,1,102.507782,-18.199261,0
45,UES1,18,25,25,1,-90.053,-90.2273,-98.6809,SERVED,0,1,109.410717,-95.125806,0
45,UES1,19,26,26,3,-92.0168,-100.993,-107.086,SERVED,0,1,-107.789656,-159.674390,0
45,UES1,20,27,27,6,-94.4723,-99.7379,-120.171,SERVED,0,1,-184.844844,177.691701,0
45,UES1,21,28,28,4,-104.693,-103.211,-104.218,PERSISTING,0,1,-145.805558,268.855433,0
45,UES1,22,29,29,2,-104.374,-100.588,-107.303,PERSISTING,0,1,241.631497,126.930789,0
45,UES1,23,30,30,1,-102.247,-104.131,-98.5869,ALTERNATIVE_AVAILABLE,0,1,70.050398,-192.793210,0
45,UES1,24,31,31,3,-91.2624,-103.857,-91.6559,SERVED,0,1,-104.366655,184.610939,0
45,UES1,25,32,32,3,-103.141,-103.969,-94.0105,ALTERNATIVE_AVAILABLE,0,1,-39.701394,254.226735,0
45,UES1,26,33,33,5,-103.712,-91.2448,-110.463,ALTERNATIVE_AVAILABLE,0,1,256.581318,85.586698,0
45,UES1,27,34,34,2,-69.066,-95.3777,-76.2499,SERVED,0,1,45.378193,164.168157,0
45,UES1,28,35,35,4,-95.572,-108.968,-101.517,SERVED,0,1,-260.828326,90.011820,0
45,UES1,29,36,36,1,-86.6804,-86.8174,-99.9965,SERVED,0,1,33.701382,57.804493,0
45,UES1,30,37,37,5,-112.839,-111.258,-108.179,PERSISTING,4,1,-38.246218,-263.401628,0
45,UES1,31,38,38,2,-102.185,-87.442,-98.6677,ALTERNATIVE_AVAILABLE,0,1,234.848411,54.005126,0
45,UES1,32,39,39,1,-98.2515,-103.073,-77.0716,SERVED,0,1,55.421371,-160.883313,0
45,UES1,33,40,40,3,-93.1765,-95.1764,-92.0927,SERVED,0,1,-114.328976,136.995171,0
45,UES1,34,41,41,1,-102.953,-105.583,-100.014,PERSISTING,0,1,7.161107,-241.546228,0
45,UES1,35,42,42,1,-99.6632,-100.47,-88.2174,SERVED,0,1,176.341154,-92.276104,0
45,UES1,36,43,43,2,-99.1594,-100.099,-109.153,SERVED,0,1,234.104437,183.442011,0
45,UES1,37,44,44,1,-102.395,-106.713,-102.825,PERSISTING,1,1,41.105244,-197.816317,0
45,UES1,38,45,45,4,-96.3767,-95.6072,-109.491,SERVED,0,1,-121.505101,-102.724471,0
45,UES1,39,46,46,3,-79.0166,-79.0248,-106.197,SERVED,0,1,-141.521365,-14.676253,0
45,UES1,40,47,47,3,-97.1279,-103.014,-91.9281,SERVED,0,1,-207.647544,180.288268,0
45,UES1,41,48,48,4,-104.894,-105.335,-112.705,PERSISTING,0,1,-282.541378,-226.881304,0
45,UES1,42,49,49,2,-86.6335,-86.6569,-102.927,SERVED,0,1,52.661010,85.444257,0
45,UES1,43,50,50,1,-78.1646,-93.7564,-99.4155,SERVED,0,1,79.238842,-139.358098,0
45,UES1,44,51,51,6,-96.4296,-90.1765,-93.1271,SERVED,0,1,-42.440464,149.231099,0
45,UES1,45,52,52,4,-98.9617,-103.833,-95.5176,SERVED,0,1,-105.001545,-180.760409,0
45,UES1,46,53,53,4,-104.587,-107.958,-109.334,PERSISTING,0,1,-128.142981,-214.885170,0
45,UES1,47,54,54,4,-75.7313,-100.612,-95.931,SERVED,0,1,-145.199135,-127.571736,0
45,UES1,48,55,55,4,-74.8154,-82.2997,-110.224,SERVED,0,1,-221.223045,-67.546862,0
45,UES1,49,56,56,2,-68.4207,-69.948,-95.9806,SERVED,0,1,101.710461,-66.985511,0
45,UES1,50,57,57,4,-100.197,-103.796,-105.803,PERSISTING,0,1,-100.754192,-169.840398,0
45,UES1,51,58,58,5,-107.897,-70.8097,-113.43,ALTERNATIVE_AVAILABLE,0,1,286.185285,44.796769,0
45,UES1,52,59,59,6,-92.6018,-109.195,-114.276,SERVED,0,1,-186.213422,218.567790,0
45,UES1,53,60,60,4,-111.44,-105.891,-112.9,PERSISTING,1,1,-304.869465,-66.204732,0
45,UES1,54,61,61,1,-91.0217,-101.117,-104.905,SERVED,0,1,31.917996,-165.835231,0
45,UES1,55,62,62,1,-87.1395,-91.7289,-94.3534,SERVED,0,1,163.622778,-50.058790,0
45,UES1,56,63,63,4,-96.7227,-83.1284,-106.68,SERVED,0,1,-21.733811,-137.947882,0
45,UES1,57,64,64,3,-84.5089,-92.5984,-90.234,SERVED,0,1,-157.440985,218.357218,0
45,UES1,58,65,65,4,-105.698,-74.8381,-111.121,ALTERNATIVE_AVAILABLE,0,1,-125.773266,-239.258433,0
45,UES1,59,66,66,5,-109.022,-105.804,-82.7738,ALTERNATIVE_AVAILABLE,0,1,238.374755,-210.017097,0
45,UES2,0,67,67,6,-98.3852,-116.889,-119.594,SERVED,0,1,-387.574075,318.466453,0
45,UES2,1,68,68,3,-123.571,-116.297,-118.926,PERSISTING,0,1,332.949227,385.176076,0
45,UES2,2,69,69,1,-105.682,-118.052,-109.631,PERSISTING,4,1,342.682376,-398.628252,0
45,UES2,3,70,70,6,-106.863,-103.175,-117.589,PERSISTING,1,1,-285.968445,357.336573,0
45,UES2,4,71,71,7,-118.976,-118.173,-117.082,PERSISTING,0,1,304.996836,357.949881,0
45,UES2,5,72,72,2,-119.799,-115.317,-112.993,PERSISTING,1,1,361.301594,-419.414632,0
45,UES2,6,73,73,2,-114.787,-109.114,-117.14,MOVE_REQUIRED,6,1,-307.228414,283.091810,1
45,UES2,7,74,74,2,-115.894,-98.1746,-115.706,ALTERNATIVE_AVAILABLE,0,1,335.993542,399.980386,0
45,UES2,8,75,75,7,-114.237,-113.972,-112.653,PERSISTING,4,1,389.912558,-402.480054,0
45,UES2,9,76,76,6,-115.174,-119.57,-120.528,MOVE_REQUIRED,6,1,-381.599075,381.546192,1
45,UES2,10,77,77,5,-119.318,-116.47,-118.042,PERSISTING,2,1,370.839539,323.580214,0
45,UES2,11,78,78,2,-117.164,-116.017,-115.753,MOVE_REQUIRED,6,1,376.211466,-385.876122,1
45,UES2,12,79,79,7,-116.674,-113.536,-118.566,MOVE_REQUIRED,8,1,-403.057357,313.657252,1
45,UES2,13,80,80,7,-80.8139,-116.175,-117.174,SERVED,0,1,316.770293,287.493531,0
45,UES2,14,81,81,4,-124.26,-112.798,-101.697,PERSISTING,1,1,349.705400,-311.595697,0
45,UES2,15,82,82,3,-116.541,-118.881,-117.896,PERSISTING,2,1,-351.360457,317.659693,0
45,UES2,16,83,83,2,-113.821,-117.137,-119.691,PERSISTING,0,1,327.382815,341.407187,0
45,UES2,17,84,84,5,-109.308,-103.343,-81.605,ALTERNATIVE_AVAILABLE,0,1,380.068890,-298.479969,0
45,UES2,18,85,85,4,-117.558,-108.842,-114.365,PERSISTING,1,1,-380.479285,366.211287,0
45,UES2,19,86,86,3,-122.034,-114.076,-109.892,PERSISTING,2,1,376.102142,369.261782,0
45,UES2,20,87,87,2,-115.709,-112.688,-111.788,PERSISTING,0,1,290.158731,-332.195757,0
45,UES2,21,88,88,2,-121.016,-112.371,-118.541,PERSISTING,5,1,-342.193782,392.889414,0
45,UES2,22,89,89,6,-121.675,-114.867,-113.208,PERSISTING,0,1,276.746856,311.943641,0
45,UES2,23,90,90,5,-101.597,-119.641,-81.3256,ALTERNATIVE_AVAILABLE,0,1,293.060232,-277.654812,0
45,UES2,24,91,91,4,-116.323,-117.991,-117.524,PERSISTING,2,1,-330.688730,329.771354,0
45,UES2,25,92,92,3,-120.056,-114.193,-117.572,PERSISTING,0,1,327.395254,360.202119,0
45,UES2,26,93,93,5,-80.4747,-117.059,-115.609,SERVED,0,1,300.454525,-351.494702,0
45,UES2,27,94,94,6,-118.284,-111.829,-125.035,MOVE_REQUIRED,6,1,-325.024955,293.094631,1
45,UES2,28,95,95,6,-124.136,-119.231,-120.543,PERSISTING,4,1,385.190832,362.798865,0
45,UES2,29,96,96,6,-126.161,-111.68,-83.366,ALTERNATIVE_AVAILABLE,0,1,398.217802,-334.956510,0
46,UES1,0,7,7,3,-100.905,-105.915,-111.525,PERSISTING,0,1,-157.120669,-221.535119,0
46,UES1,1,8,8,1,-102.894,-98.0441,-95.6993,ALTERNATIVE_AVAILABLE,0,1,178.659436,-157.756005,0
46,UES1,2,9,9,3,-104.336,-98.3527,-104.929,ALTERNATIVE_AVAILABLE,0,1,-222.874860,224.171736,0
46,UES1,3,10,10,1,-104.521,-107.201,-94.5453,ALTERNATIVE_AVAILABLE,0,1,162.525475,-182.863413,0
46,UES1,4,11,11,2,-97.6841,-103.476,-99.7402,SERVED,0,1,123.575418,197.908852,0
46,UES1,5,12,12,3,-92.3271,-73.4157,-92.1451,SERVED,0,1,-175.305942,121.638789,0
46,UES1,6,13,13,2,-85.0148,-87.3877,-105.425,SERVED,0,1,89.195183,150.790266,0
46,UES1,7,14,14,1,-97.7099,-97.8367,-84.3593,SERVED,0,1,1.136588,-156.771756,0
46,UES1,8,15,15,2,-106.402,-95.301,-99.6461,ALTERNATIVE_AVAILABLE,0,1,85.139206,-228.529465,0
46,UES1,9,16,16,1,-66.3691,-74.3777,-76.5704,SERVED,0,1,118.421421,-8.871139,0
46,UES1,10,17,17,4,-101.037,-104.12,-108.366,PERSISTING,1,1,-73.687394,-202.075043,0
46,UES1,11,18,18,3,-76.0476,-93.1277,-99.934,SERVED,0,1,-135.781757,84.249278,0
46,UES1,12,19,19,5,-97.8281,-107.698,-114.782,SERVED,0,1,280.642794,-26.724225,0
46,UES1,13,20,20,2,-70.0235,-101.206,-107.106,SERVED,0,1,101.106670,169.757220,0
46,UES1,14,21,21,1,-91.2503,-82.0781,-83.1848,SERVED,0,1,132.389005,-144.952042,0
46,UES1,15,22,22,1,-94.6156,-100.105,-105.526,SERVED,0,1,79.998845,-133.022319,0
46,UES1,16,23,23,4,-104.438,-106.956,-107.328,PERSISTING,0,1,-279.576962,-40.367630,0
46,UES1,17,24,24,1,-68.0128,-85.6795,-84.5511,SERVED,0,1,107.470403,-17.588896,0
46,UES1,18,25,25,1,-69.3608,-91.3748,-96.6849,SERVED,0,1,112.166533,-99.297902,0
46,UES1,19,26,26,3,-99.6497,-81.6616,-111.728,SERVED,0,1,-110.051482,-164.133553,0
46,UES1,20,27,27,6,-65.6536,-98.7448,-117.278,SERVED,0,1,-188.680738,180.898244,0
46,UES1,21,28,28,4,-109.023,-82.6822,-101.443,ALTERNATIVE_AVAILABLE,0,1,-147.354508,273.609457,0
46,UES1,22,29,29,2,-73.0978,-81.4058,-112.646,SERVED,0,1,245.299938,130.328577,0
46,UES1,23,30,30,1,-100.74,-95.5071,-73.5325,ALTERNATIVE_AVAILABLE,0,1,71.470170,-197.587627,0
46,UES1,24,31,31,3,-93.353,-102.2,-91.75,SERVED,0,1,-108.698931,187.106511,0
46,UES1,25,32,32,3,-101.471,-104.555,-107.98,PERSISTING,0,1,-40.054244,259.214228,0
46,UES1,26,33,33,5,-99.7073,-108.521,-111.351,SERVED,0,1,260.121776,89.118425,0
46,UES1,27,34,34,2,-92.158,-91.2708,-95.4436,SERVED,0,1,45.173660,169.163945,0
46,UES1,28,35,35,4,-102.895,-106.228,-99.8668,ALTERNATIVE_AVAILABLE,0,1,-265.524217,91.728970,0
46,UES1,29,36,36,1,-76.7684,-84.6976,-101.06,SERVED,0,1,31.260140,62.167520,0
46,UES1,30,37,37,5,-111.42,-111.369,-106.756,PERSISTING,5,1,-40.236529,-267.988058,0
46,UES1,31,38,38,2,-71.6068,-86.5905,-101.515,SERVED,0,1,239.605303,55.545939,0
46,UES1,32,39,39,1,-88.4662,-99.9275,-101.418,SERVED,0,1,55.847183,-165.865153,0
46,UES1,33,40,40,3,-88.8512,-91.2347,-96.953,SERVED,0,1,-116.183411,141.638276,0
46,UES1,34,41,41,1,-105.908,-75.9101,-81.8757,ALTERNATIVE_AVAILABLE,0,1,8.845217,-246.254315,0
46,UES1,35,42,42,1,-93.6629,-94.332,-87.0238,SERVED,0,1,180.747588,-94.639628,0
46,UES1,36,43,43,2,-95.4024,-110.018,-113.024,SERVED,0,1,237.931958,186.659358,0
46,UES1,37,44,44,1,-103.146,-105.735,-97.4441,ALTERNATIVE_AVAILABLE,0,1,42.186519,-202.698019,0
46,UES1,38,45,45,4,-93.6851,-77.7389,-106.672,SERVED,0,1,-125.777572,-105.320802,0
46,UES1,39,46,46,3,-86.9262,-71.1385,-90.7614,SERVED,0,1,-146.515085,-14.445948,0
46,UES1,40,47,47,3,-102.251,-101.243,-106.342,PERSISTING,0,1,-210.162943,184.608965,0
46,UES1,41,48,48,4,-97.3405,-109.437,-111.744,SERVED,0,1,-286.627257,-229.762353,0
46,UES1,42,49,49,2,-73.2216,-86.6467,-104.607,SERVED,0,1,54.764951,89.980502,0
46,UES1,43,50,50,1,-95.3091,-99.0212,-101.89,SERVED,0,1,82.840540,-142.826454,0
46,UES1,44,51,51,6,-93.1795,-101.68,-95.1032,SERVED,0,1,-44.253753,153.890392,0
46,UES1,45,52,52,4,-98.107,-103.208,-91.8884,SERVED,0,1,-108.321920,-184.497968,0
46,UES1,46,53,53,4,-103.68,-103.759,-111.488,PERSISTING,1,1,-130.636850,-219.218815,0
46,UES1,47,54,54,4,-73.1914,-104.559,-107,SERVED,0,1,-146.629671,-132.362724,0
46,UES1,48,55,55,4,-74.0318,-78.554,-109.278,SERVED,0,1,-224.922584,-70.909182,0
46,UES1,49,56,56,2,-73.7991,-68.1505,-76.5864,SERVED,0,1,105.222213,-70.544929,0
46,UES1,50,57,57,4,-99.5258,-80.9709,-83.3056,SERVED,0,1,-101.587874,-174.770405,0
46,UES1,51,58,58,5,-94.3317,-108.559,-120.648,SERVED,0,1,291.152690,45.374241,0
46,UES1,52,59,59,6,-94.9883,-106.832,-114.845,SERVED,0,1,-190.202417,221.582406,0
46,UES1,53,60,60,4,-107.163,-112.753,-115.236,PERSISTING,2,1,-309.712476,-67.444008,0
46,UES1,54,61,61,1,-99.2857,-99.6156,-103.926,SERVED,0,1,30.971880,-170.744873,0
46,UES1,55,62,62,1,-95.8965,-84.5409,-102.752,SERVED,0,1,167.425181,-53.305945,0
46,UES1,56,63,63,4,-100.247,-76.4329,-107.396,ALTERNATIVE_AVAILABLE,0,1,-21.276901,-142.926995,0
46,UES1,57,64,64,3,-107.526,-106.703,-86.8548,ALTERNATIVE_AVAILABLE,0,1,-159.219586,223.029997,0
46,UES1,58,65,65,4,-107.652,-105.384,-112.797,PERSISTING,0,1,-126.911954,-244.127002,0
46,UES1,59,66,66,5,-105.065,-104.74,-114.169,PERSISTING,0,1,242.053960,-213.403437,0
46,UES2,0,67,67,6,-116.816,-118.16,-126.087,PERSISTING,0,1,-383.673591,319.355275,0
46,UES2,1,68,68,3,-120.147,-114.352,-115.961,PERSISTING,1,1,331.811736,381.341203,0
46,UES2,2,69,69,1,-116.681,-89.2661,-115.561,ALTERNATIVE_AVAILABLE,0,1,345.448717,-395.738360,0
46,UES2,3,70,70,6,-112.16,-92.7688,-116.966,ALTERNATIVE_AVAILABLE,0,1,-287.639398,353.702733,0
46,UES2,4,71,71,7,-113.468,-83.8365,-121.868,ALTERNATIVE_AVAILABLE,0,1,301.470732,359.838676,0
46,UES2,5,72,72,2,-114.327,-109.034,-111.486,PERSISTING,2,1,364.996349,-420.947263,0
46,UES2,6,73,73,2,-116.055,-108.995,-115.205,MOVE_REQUIRED,7,1,-310.921973,284.626113,1
46,UES2,7,74,74,2,-116.44,-115.487,-107.035,PERSISTING,0,1,332.697089,402.244779,0
46,UES2,8,75,75,7,-117.531,-117.198,-114.575,PERSISTING,5,1,391.693552,-398.898489,0
46,UES2,9,76,76,6,-116.566,-118.249,-123.508,MOVE_REQUIRED,7,1,-380.570428,385.411698,1
46,UES2,10,77,77,5,-117.432,-116.272,-113.055,PERSISTING,3,1,367.196217,325.230261,0
46,UES2,11,78,78,2,-81.5399,-105.757,-114.522,SERVED,0,1,378.755572,-388.963096,0
46,UES2,12,79,79,7,-123.684,-113.058,-122.522,MOVE_REQUIRED,9,1,-399.308778,315.056408,1
46,UES2,13,80,80,7,-115.05,-113.716,-118.39,PERSISTING,0,1,312.893731,286.509099,0
46,UES2,14,81,81,4,-119.247,-116.529,-110.079,PERSISTING,2,1,347.228275,-308.455177,0
46,UES2,15,82,82,3,-109.862,-103.775,-118.728,PERSISTING,3,1,-354.331571,314.981304,0
46,UES2,16,83,83,2,-114.496,-117.701,-115.652,PERSISTING,1,1,331.378987,341.590157,0
46,UES2,17,84,84,5,-107.219,-91.2691,-111.805,ALTERNATIVE_AVAILABLE,0,1,378.809157,-301.945139,0
46,UES2,18,85,85,4,-114.911,-112.89,-115.095,PERSISTING,2,1,-382.745896,362.915875,0
46,UES2,19,86,86,3,-119.531,-118.583,-117.852,PERSISTING,3,1,372.576038,367.373124,0
46,UES2,20,87,87,2,-110.08,-110.83,-109.653,PERSISTING,1,1,289.835784,-336.182697,0
46,UES2,21,88,88,2,-123.394,-118.216,-117.333,MOVE_REQUIRED,6,1,-345.384978,395.300930,1
46,UES2,22,89,89,6,-124.898,-116.782,-115.855,PERSISTING,1,1,280.176076,314.004913,0
46,UES2,23,90,90,5,-101.689,-113.953,-114.888,PERSISTING,0,1,296.735849,-279.234062,0
46,UES2,24,91,91,4,-114.309,-110.024,-113.215,PERSISTING,3,1,-334.395446,331.275243,0
46,UES2,25,92,92,3,-117.082,-110.263,-118.05,PERSISTING,1,1,330.320916,362.930180,0
46,UES2,26,93,93,5,-111.055,-97.6304,-110.73,ALTERNATIVE_AVAILABLE,0,1,296.844694,-349.772149,0
46,UES2,27,94,94,6,-113.359,-93.5492,-116.547,ALTERNATIVE_AVAILABLE,0,1,-328.691003,291.495351,0
46,UES2,28,95,95,6,-98.5751,-116.632,-122.552,SERVED,0,1,387.763644,365.861808,0
46,UES2,29,96,96,6,-118.89,-105.854,-91.6056,ALTERNATIVE_AVAILABLE,0,1,400.370783,-331.585454,0
47,UES1,0,7,7,3,-107.35,-93.8748,-111.225,ALTERNATIVE_AVAILABLE,0,1,-159.974565,-225.640090,0
47,UES1,1,8,8,1,-98.8316,-80.2989,-83.7978,SERVED,0,1,181.911633,-161.554409,0
47,UES1,2,9,9,3,-113.15,-107.492,-102.988,PERSISTING,0,1,-226.130646,227.965889,0
47,UES1,3,10,10,1,-102.506,-104.663,-74.5148,ALTERNATIVE_AVAILABLE,0,1,166.424763,-185.994421,0
47,UES1,4,11,11,2,-100.883,-78.0386,-109.204,ALTERNATIVE_AVAILABLE,0,1,127.382606,201.151363,0
47,UES1,5,12,12,3,-65.4925,-96.4121,-96.0423,SERVED,0,1,-178.397862,125.568167,0
47,UES1,6,13,13,2,-65.557,-68.403,-90.5019,SERVED,0,1,89.191595,155.790265,0
47,UES1,7,14,14,1,-83.6514,-99.9553,-104.62,SERVED,0,1,0.011057,-161.643155,0
47,UES1,8,15,15,2,-110.701,-107.914,-110.17,PERSISTING,0,1,87.524231,-232.924172,0
47,UES1,9,16,16,1,-81.5196,-75.206,-102.599,SERVED,0,1,123.002486,-10.876516,0
47,UES1,10,17,17,4,-100.752,-93.3494,-108.816,ALTERNATIVE_AVAILABLE,0,1,-74.609588,-206.989246,0
47,UES1,11,18,18,3,-67.1368,-88.492,-92.5418,SERVED,0,1,-140.537453,85.790089,0
47,UES1,12,19,19,5,-92.7739,-114.926,-114.334,SERVED,0,1,285.397294,-25.173272,0
47,UES1,13,20,20,2,-96.0217,-79.2761,-96.9938,SERVED,0,1,103.496479,174.149769,0
47,UES1,14,21,21,1,-96.9586,-102.393,-80.8697,SERVED,0,1,135.876834,-148.534851,0
47,UES1,15,22,22,1,-66.5783,-75.7436,-93.5312,SERVED,0,1,79.564660,-138.003412,0
47,UES1,16,23,23,4,-109.311,-110.618,-109.422,PERSISTING,1,1,-284.567094,-40.070426,0
47,UES1,17,24,24,1,-73.7556,-83.1441,-102.214,SERVED,0,1,112.433024,-16.978530,0
47,UES1,18,25,25,1,-95.9892,-67.8275,-102.151,SERVED,0,1,114.922349,-103.469998,0
47,UES1,19,26,26,3,-106.435,-103.528,-107.054,PERSISTING,0,1,-112.313308,-168.592717,0
47,UES1,20,27,27,6,-93.07,-105.435,-91.9697,SERVED,0,1,-192.516633,184.104784,0
47,UES1,21,28,28,4,-84.1173,-102.416,-95.1238,SERVED,0,1,-148.903458,278.363482,0
47,UES1,22,29,29,2,-96.419,-104.572,-92.2974,SERVED,0,1,248.968378,133.726366,0
47,UES1,23,30,30,1,-103.15,-106.208,-99.2615,ALTERNATIVE_AVAILABLE,0,1,72.889941,-202.382045,0
47,UES1,24,31,31,3,-97.6995,-95.3011,-91.0607,SERVED,0,1,-113.031207,189.602082,0
47,UES1,25,32,32,3,-107.154,-100.365,-91.0225,ALTERNATIVE_AVAILABLE,0,1,-40.407093,264.201719,0
47,UES1,26,33,33,5,-105.819,-89.1634,-111.127,ALTERNATIVE_AVAILABLE,0,1,263.662234,92.650157,0
47,UES1,27,34,34,2,-93.0363,-80.4859,-88.0289,SERVED,0,1,44.969127,174.159733,0
47,UES1,28,35,35,4,-105.297,-108.373,-111.67,PERSISTING,0,1,-270.220107,93.446121,0
47,UES1,29,36,36,1,-78.1743,-80.0677,-96.9345,SERVED,0,1,28.818899,66.530542,0
47,UES1,30,37,37,5,-116.935,-104.846,-115.095,MOVE_REQUIRED,6,1,-42.226841,-272.574486,1
47,UES1,31,38,38,2,-99.2626,-109.477,-104.86,SERVED,0,1,244.362195,57.086753,0
47,UES1,32,39,39,1,-81.8901,-104.024,-99.6236,SERVED,0,1,56.272995,-170.846993,0
47,UES1,33,40,40,3,-97.5007,-92.0391,-84.43,SERVED,0,1,-118.038563,146.281374,0
47,UES1,34,41,41,1,-107.771,-94.9359,-109.675,ALTERNATIVE_AVAILABLE,0,1,10.529326,-250.962404,0
47,UES1,35,42,42,1,-87.9234,-98.0841,-89.3002,SERVED,0,1,185.154023,-97.003154,0
47,UES1,36,43,43,2,-104.763,-109.334,-93.1508,ALTERNATIVE_AVAILABLE,0,1,241.759480,189.876705,0
47,UES1,37,44,44,1,-105.338,-103.885,-102.633,PERSISTING,0,1,43.267794,-207.579721,0
47,UES1,38,45,45,4,-92.8091,-99.7268,-108.457,SERVED,0,1,-130.050043,-107.917130,0
47,UES1,39,46,46,4,-66.1175,-83.2957,-105.839,SERVED,0,1,-151.508804,-14.215644,0
47,UES1,40,47,47,3,-104.066,-105.361,-95.9027,ALTERNATIVE_AVAILABLE,0,1,-212.678342,188.929661,0
47,UES1,41,48,48,4,-98.2722,-109.021,-113.376,SERVED,0,1,-290.713137,-232.643398,0
47,UES1,42,49,49,2,-72.2823,-93.9889,-83.9594,SERVED,0,1,56.868892,94.516750,0
47,UES1,43,50,50,1,-94.2419,-102.468,-102.268,SERVED,0,1,86.441999,-146.294811,0
47,UES1,44,51,51,6,-98.9569,-100.558,-95.5405,SERVED,0,1,-46.067041,158.549681,0
47,UES1,45,52,52,4,-99.4422,-103.268,-104.047,SERVED,0,1,-111.642295,-188.235524,0
47,UES1,46,53,53,4,-106.891,-108.751,-106.37,PERSISTING,2,1,-133.130720,-223.552459,0
47,UES1,47,54,54,4,-95.1628,-96.9727,-111.603,SERVED,0,1,-148.060207,-137.153711,0
47,UES1,48,55,55,4,-95.194,-94.5023,-110.816,SERVED,0,1,-228.622123,-74.271495,0
47,UES1,49,56,56,2,-97.8231,-86.7051,-75.5003,SERVED,0,1,108.733964,-74.104348,0
47,UES1,50,57,57,4,-100.993,-83.2258,-87.7497,ALTERNATIVE_AVAILABLE,0,1,-102.421557,-179.700412,0
47,UES1,51,58,58,5,-106.777,-112.309,-121.486,PERSISTING,0,1,296.120096,45.951728,0
47,UES1,52,59,59,6,-92.8074,-111.987,-116.437,SERVED,0,1,-194.191413,224.597022,0
47,UES1,53,60,60,4,-107.388,-92.2228,-113.08,ALTERNATIVE_AVAILABLE,0,1,-314.555487,-68.683282,0
47,UES1,54,61,61,1,-100.866,-100.38,-103.967,PERSISTING,0,1,30.025765,-175.654516,0
47,UES1,55,62,62,2,-85.4702,-84.3411,-80.4778,SERVED,0,1,171.227585,-56.553102,0
47,UES1,56,63,63,3,-100.709,-99.238,-103.601,ALTERNATIVE_AVAILABLE,0,1,-20.819990,-147.906109,0
47,UES1,57,64,64,3,-97.4937,-102.901,-112.953,SERVED,0,1,-160.998188,227.702776,0
47,UES1,58,65,65,4,-95.1283,-87.415,-112.241,SERVED,0,1,-128.050642,-248.995571,0
47,UES1,59,66,66,5,-105.105,-83.7722,-112.806,ALTERNATIVE_AVAILABLE,0,1,245.733165,-216.789780,0
47,UES2,0,67,67,6,-116.823,-116.895,-121.007,PERSISTING,1,1,-379.773108,320.244098,0
47,UES2,1,68,68,3,-120.115,-117.235,-118.393,PERSISTING,2,1,330.674244,377.506330,0
47,UES2,2,69,69,1,-117.411,-117.1,-82.2187,ALTERNATIVE_AVAILABLE,0,1,348.214101,-392.848459,0
47,UES2,3,70,70,6,-106.468,-102.454,-115.764,PERSISTING,0,1,-289.310350,350.068907,0
47,UES2,4,71,71,7,-114.412,-97.9902,-119.355,ALTERNATIVE_AVAILABLE,0,1,297.944628,361.727449,0
47,UES2,5,72,72,2,-120.273,-113.758,-110.385,PERSISTING,3,1,368.691103,-422.479918,0
47,UES2,6,73,73,3,-113.484,-112.035,-117.599,MOVE_REQUIRED,8,1,-314.615531,286.160406,1
47,UES2,7,74,74,2,-119.846,-118.005,-115.625,PERSISTING,1,1,329.400636,404.509122,0
47,UES2,8,75,75,7,-120.321,-92.4529,-113.783,ALTERNATIVE_AVAILABLE,0,1,393.474545,-395.316924,0
47,UES2,9,76,76,6,-110.907,-119.765,-120.534,MOVE_REQUIRED,8,1,-379.541782,389.277210,1
47,UES2,10,77,77,5,-114.711,-113.807,-113.668,PERSISTING,4,1,363.552895,326.880290,0
47,UES2,11,78,78,2,-118.687,-115.02,-113.933,PERSISTING,0,1,381.299677,-392.050086,0
47,UES2,12,79,79,7,-117.899,-114.406,-116.286,MOVE_REQUIRED,10,1,-395.560199,316.455586,1
47,UES2,13,80,80,7,-111.579,-89.1371,-116.684,ALTERNATIVE_AVAILABLE,0,1,309.017170,285.524764,0
47,UES2,14,81,81,4,-116.362,-111.718,-110.411,PERSISTING,3,1,344.751151,-305.314661,0
47,UES2,15,82,82,3,-113.563,-114.801,-84.7878,ALTERNATIVE_AVAILABLE,0,1,-357.302685,312.302915,0
47,UES2,16,83,83,2,-115.937,-94.6754,-118.884,ALTERNATIVE_AVAILABLE,0,1,335.375158,341.773128,0
47,UES2,17,84,84,5,-108.422,-115.148,-120.083,PERSISTING,0,1,375.117991,-303.485106,0
47,UES2,18,85,85,4,-113.877,-115.603,-117.366,PERSISTING,3,1,-385.012506,359.620492,0
47,UES2,19,86,86,3,-123.071,-102.026,-117.379,PERSISTING,4,1,369.049933,365.484473,0
47,UES2,20,87,87,2,-116.355,-92.818,-111.996,ALTERNATIVE_AVAILABLE,0,1,289.512837,-340.169635,0
47,UES2,21,88,88,2,-122.041,-115.589,-117.776,MOVE_REQUIRED,7,1,-348.576174,397.712437,1
47,UES2,22,89,89,6,-126.506,-117.437,-116.837,PERSISTING,2,1,283.605296,316.066202,0
47,UES2,23,90,90,5,-105.347,-111.917,-113.431,PERSISTING,1,1,300.411465,-280.813329,0
47,UES2,24,91,91,4,-119.175,-109.708,-82.4869,ALTERNATIVE_AVAILABLE,0,1,-338.102161,332.779131,0
47,UES2,25,92,92,3,-118.577,-110.307,-117.46,PERSISTING,2,1,333.246578,365.658244,0
47,UES2,26,93,93,5,-110.705,-115.986,-113.392,PERSISTING,0,1,293.234862,-348.049595,0
47,UES2,27,94,94,6,-84.5955,-116.146,-121.619,SERVED,0,1,-332.357051,289.896082,0
47,UES2,28,95,95,6,-125.942,-112.914,-117.77,PERSISTING,0,1,390.336456,368.924752,0
47,UES2,29,96,96,6,-128.597,-103.232,-117.675,PERSISTING,0,1,402.523764,-328.214398,0
48,UES1,0,7,7,3,-112.592,-88.0958,-106.804,ALTERNATIVE_AVAILABLE,0,1,-162.828461,-229.745060,0
48,UES1,1,8,8,1,-85.3864,-99.6081,-105.233,SERVED,0,1,185.163831,-165.352816,0
48,UES1,2,9,9,3,-105.591,-104.58,-91.2767,ALTERNATIVE_AVAILABLE,0,1,-229.386431,231.760039,0
48,UES1,3,10,10,1,-101.233,-88.1098,-82.0264,ALTERNATIVE_AVAILABLE,0,1,170.324051,-189.125431,0
48,UES1,4,11,11,2,-95.2395,-89.4886,-107.568,SERVED,0,1,131.189794,204.393877,0
48,UES1,5,12,12,3,-66.5755,-81.6971,-104.785,SERVED,0,1,-181.489782,129.497546,0
48,UES1,6,13,13,2,-87.8702,-91.9094,-90.9289,SERVED,0,1,89.188007,160.790264,0
48,UES1,7,14,14,1,-100.441,-101.648,-106.261,PERSISTING,0,1,-1.114473,-166.514552,0
48,UES1,8,15,15,2,-104.783,-105.415,-104.755,PERSISTING,1,1,89.909255,-237.318880,0
48,UES1,9,16,16,1,-78.6458,-80.6682,-100.535,SERVED,0,1,127.583551,-12.881893,0
48,UES1,10,17,17,4,-102.545,-87.2229,-102.234,ALTERNATIVE_AVAILABLE,0,1,-75.531781,-211.903448,0
48,UES1,11,18,18,3,-82.2401,-93.3585,-107.159,SERVED,0,1,-145.293148,87.330898,0
48,UES1,12,19,19,5,-95.4071,-93.758,-108.452,SERVED,0,1,290.151794,-23.622314,0
48,UES1,13,20,20,2,-96.6771,-86.8298,-107.904,SERVED,0,1,105.886048,178.542321,0
48,UES1,14,21,21,1,-96.1941,-85.6655,-97.2998,SERVED,0,1,139.364663,-152.117662,0
48,UES1,15,22,22,1,-82.2259,-102.797,-79.9885,SERVED,0,1,79.130476,-142.984506,0
48,UES1,16,23,23,4,-112.55,-105.384,-77.4268,ALTERNATIVE_AVAILABLE,0,1,-289.557225,-39.773223,0
48,UES1,17,24,24,1,-74.9186,-87.5608,-96.7738,SERVED,0,1,117.395645,-16.368164,0
48,UES1,18,25,25,1,-95.8747,-95.9993,-92.3097,SERVED,0,1,117.678164,-107.642094,0
48,UES1,19,26,26,3,-99.157,-91.1943,-109.535,SERVED,0,1,-114.575134,-173.051881,0
48,UES1,20,27,27,6,-89.3109,-112.7,-117.68,SERVED,0,1,-196.352527,187.311324,0
48,UES1,21,28,28,4,-107.907,-98.1262,-96.7027,ALTERNATIVE_AVAILABLE,0,1,-150.452409,283.117507,0
48,UES1,22,29,29,2,-104.35,-111.615,-113.33,PERSISTING,0,1,252.636818,137.124156,0
48,UES1,23,30,30,1,-105.059,-75.6982,-97.6913,ALTERNATIVE_AVAILABLE,0,1,74.309712,-207.176465,0
48,UES1,24,31,31,3,-83.4832,-92.218,-90.2802,SERVED,0,1,-117.363484,192.097652,0
48,UES1,25,32,32,3,-106.6,-92.6887,-103.449,ALTERNATIVE_AVAILABLE,0,1,-40.759943,269.189211,0
48,UES1,26,33,33,5,-104.864,-106.841,-115.147,PERSISTING,0,1,267.202691,96.181893,0
48,UES1,27,34,34,2,-96.8626,-97.7496,-75.4347,SERVED,0,1,44.764594,179.155521,0
48,UES1,28,35,35,4,-105.937,-108.201,-107.07,PERSISTING,1,1,-274.915998,95.163272,0
48,UES1,29,36,36,1,-84.1743,-89.7757,-100.329,SERVED,0,1,26.377658,70.893561,0
48,UES1,30,37,37,5,-110.472,-110.061,-109.232,MOVE_REQUIRED,7,1,-44.217152,-277.160912,1
48,UES1,31,38,38,2,-88.1487,-80.564,-108.439,SERVED,0,1,249.119087,58.627567,0
48,UES1,32,39,39,1,-87.2817,-104.681,-100.818,SERVED,0,1,56.698806,-175.828832,0
48,UES1,33,40,40,3,-99.1624,-100.653,-85.1583,SERVED,0,1,-119.893715,150.924473,0
48,UES1,34,41,41,1,-101.755,-90.9945,-112.387,ALTERNATIVE_AVAILABLE,0,1,12.213436,-255.670494,0
48,UES1,35,42,42,1,-98.2061,-97.178,-85.0764,SERVED,0,1,189.560457,-99.366681,0
48,UES1,36,43,43,2,-98.8624,-108.871,-113.122,SERVED,0,1,245.587002,193.094054,0
48,UES1,37,44,44,1,-87.7061,-103.631,-102.177,SERVED,0,1,44.349069,-212.461424,0
48,UES1,38,45,45,4,-97.6768,-99.0859,-110.68,SERVED,0,1,-134.322514,-110.513454,0
48,UES1,39,46,46,4,-80.9583,-95.8141,-106.275,SERVED,0,1,-156.502524,-13.985340,0
48,UES1,40,47,47,3,-99.0449,-101.956,-106.463,SERVED,0,1,-215.193742,193.250353,0
48,UES1,41,48,48,4,-106.523,-110.932,-110.348,PERSISTING,0,1,-294.799016,-235.524442,0
48,UES1,42,49,49,2,-78.4024,-89.2192,-92.9897,SERVED,0,1,58.972833,99.053000,0
48,UES1,43,50,50,1,-98.8198,-99.3082,-79.4325,SERVED,0,1,90.043458,-149.763168,0
48,UES1,44,51,51,6,-98.2479,-102.612,-93.7271,SERVED,0,1,-47.880329,163.208966,0
48,UES1,45,52,52,4,-73.7865,-102.926,-107.384,SERVED,0,1,-114.962671,-191.973077,0
48,UES1,46,53,53,4,-105.696,-110.114,-108.504,PERSISTING,3,1,-135.624589,-227.886104,0
48,UES1,47,54,54,4,-95.0245,-101.521,-107.727,SERVED,0,1,-149.490744,-141.944699,0
48,UES1,48,55,55,4,-67.4417,-100.196,-106.388,SERVED,0,1,-232.321662,-77.633800,0
48,UES1,49,56,56,2,-72.9501,-76.3283,-96.8381,SERVED,0,1,112.245715,-77.663768,0
48,UES1,50,57,57,4,-69.9662,-71.9787,-111.727,SERVED,0,1,-103.255239,-184.630419,0
48,UES1,51,58,58,5,-99.8515,-96.4143,-117.003,SERVED,0,1,301.087501,46.529236,0
48,UES1,52,59,59,6,-95.8506,-107.829,-118.034,SERVED,0,1,-198.180408,227.611637,0
48,UES1,53,60,60,4,-90.3768,-112.092,-116.646,SERVED,0,1,-319.398498,-69.922553,0
48,UES1,54,61,61,1,-100.235,-99.5125,-98.7244,ALTERNATIVE_AVAILABLE,0,1,29.079649,-180.564158,0
48,UES1,55,62,62,2,-79.7841,-82.5793,-96.9503,SERVED,0,1,175.029988,-59.800261,0
48,UES1,56,63,63,3,-99.6515,-97.4179,-107.622,SERVED,0,1,-20.363080,-152.885223,0
48,UES1,57,64,64,3,-107.966,-97.6953,-92.267,ALTERNATIVE_AVAILABLE,0,1,-162.776789,232.375553,0
48,UES1,58,65,65,4,-102.131,-107.003,-100.041,PERSISTING,0,1,-129.189329,-253.864139,0
48,UES1,59,66,66,5,-99.3742,-106.582,-114.325,SERVED,0,1,249.412370,-220.176125,0
48,UES2,0,67,67,6,-115.841,-118.154,-119.621,PERSISTING,2,1,-375.872624,321.132923,0
48,UES2,1,68,68,3,-120.65,-117.167,-115.432,PERSISTING,3,1,329.536752,373.671457,0
48,UES2,2,69,69,1,-114.754,-118.275,-114.699,PERSISTING,0,1,350.979486,-389.958558,0
48,UES2,3,70,70,6,-105.991,-115.624,-94.3283,ALTERNATIVE_AVAILABLE,0,1,-290.981303,346.435098,0
48,UES2,4,71,71,7,-113.491,-117.935,-116.464,PERSISTING,0,1,294.418523,363.616178,0
48,UES2,5,72,72,2,-118.304,-113.453,-103.804,PERSISTING,4,1,372.385858,-424.012607,0
48,UES2,6,73,73,3,-110.985,-112.786,-112.933,MOVE_REQUIRED,9,1,-318.309090,287.694687,1
48,UES2,7,74,74,2,-116.927,-117.61,-120.177,PERSISTING,2,1,326.102987,406.773432,0
48,UES2,8,75,75,7,-119.252,-116.019,-116.072,PERSISTING,0,1,395.255539,-391.735359,0
48,UES2,9,76,76,6,-114.12,-103.292,-118.457,MOVE_REQUIRED,9,1,-378.981050,391.613885,1
48,UES2,10,77,77,5,-117.496,-118.392,-118.272,PERSISTING,5,1,359.909572,328.530299,0
48,UES2,11,78,78,2,-117.445,-117.311,-112.176,PERSISTING,1,1,383.843783,-395.137094,0
48,UES2,12,79,79,7,-107.771,-115.645,-123.508,MOVE_REQUIRED,11,1,-391.811620,317.854788,1
48,UES2,13,80,80,7,-103.33,-115.267,-118.151,PERSISTING,0,1,308.282525,284.764742,0
48,UES2,14,81,81,4,-116.882,-112.351,-110.056,PERSISTING,4,1,342.274027,-302.174153,0
48,UES2,15,82,82,3,-114.985,-117.084,-119.568,PERSISTING,0,1,-360.273798,309.624526,0
48,UES2,16,83,83,2,-96.6835,-95.8143,-118.932,SERVED,0,1,339.371330,341.956099,0
48,UES2,17,84,84,5,-107.234,-113.323,-115.003,PERSISTING,1,1,371.426824,-305.025069,0
48,UES2,18,85,85,4,-112.945,-115.563,-115.914,PERSISTING,4,1,-387.279117,356.325144,0
48,UES2,19,86,86,3,-119.524,-114.63,-119.32,PERSISTING,5,1,365.523829,363.595832,0
48,UES2,20,87,87,2,-114.329,-111.769,-112.715,PERSISTING,0,1,289.189890,-344.156574,0
48,UES2,21,88,88,2,-121.026,-119.845,-118.029,MOVE_REQUIRED,8,1,-351.767371,400.123936,1
48,UES2,22,89,89,6,-124.031,-109.984,-114.004,PERSISTING,3,1,287.034516,318.127509,0
48,UES2,23,90,90,5,-111.027,-111.425,-91.0303,ALTERNATIVE_AVAILABLE,0,1,304.087082,-282.392616,0
48,UES2,24,91,91,4,-114.63,-99.0465,-115.827,ALTERNATIVE_AVAILABLE,0,1,-341.808877,334.283018,0
48,UES2,25,92,92,3,-118.832,-111.606,-117.107,PERSISTING,3,1,336.172240,368.386310,0
48,UES2,26,93,93,5,-82.9874,-113.333,-116.582,SERVED,0,1,289.625031,-346.327041,0
48,UES2,27,94,94,6,-109.926,-112.556,-117.687,PERSISTING,0,1,-336.023099,288.296824,0
48,UES2,28,95,95,6,-127.544,-121.664,-121.81,PERSISTING,1,1,392.909268,371.987696,0
48,UES2,29,96,96,6,-122.576,-117.399,-107.413,PERSISTING,1,1,404.676744,-324.843342,0
49,UES1,0,7,7,3,-113.757,-106.429,-108.216,PERSISTING,0,1,-165.682357,-233.850027,0
49,UES1,1,8,8,1,-89.8941,-103.598,-84.7975,SERVED,0,1,188.416028,-169.151224,0
49,UES1,2,9,9,4,-103.494,-105.623,-107.398,PERSISTING,0,1,-232.642217,235.554187,0
49,UES1,3,10,10,2,-108.027,-98.4522,-90.8929,ALTERNATIVE_AVAILABLE,0,1,174.223338,-192.256444,0
49,UES1,4,11,11,2,-91.2089,-104.171,-99.5151,SERVED,0,1,134.996982,207.636394,0
49,UES1,5,12,12,3,-100.54,-100.988,-104.547,PERSISTING,0,1,-184.581702,133.426924,0
49,UES1,6,13,13,2,-77.5438,-90.772,-107.835,SERVED,0,1,89.184418,165.790262,0
49,UES1,7,14,14,7,-112.275,-103.683,-98.4502,ALTERNATIVE_AVAILABLE,0,1,-2.240961,-171.385946,0
49,UES1,8,15,15,2,-106.131,-109.387,-109.525,PERSISTING,2,1,92.294280,-241.713589,0
49,UES1,9,16,16,1,-82.1313,-88.7757,-95.0377,SERVED,0,1,132.164616,-14.887273,0
49,UES1,10,17,17,4,-104.094,-87.679,-105.886,ALTERNATIVE_AVAILABLE,0,1,-76.453975,-216.817651,0
49,UES1,11,18,18,3,-66.0778,-87.5036,-97.2351,SERVED,0,1,-150.048844,88.871706,0
49,UES1,12,19,19,5,-101.997,-116.369,-88.4113,ALTERNATIVE_AVAILABLE,0,1,294.906293,-22.071352,0
49,UES1,13,20,20,2,-96.3904,-84.2927,-107.205,SERVED,0,1,108.274661,182.934876,0
49,UES1,14,21,21,1,-99.6307,-103.278,-84.04,SERVED,0,1,142.852492,-155.700478,0
49,UES1,15,22,22,1,-97.9703,-103.832,-105.591,SERVED,0,1,78.696291,-147.965598,0
49,UES1,16,23,23,4,-112.987,-104.923,-108.505,PERSISTING,0,1,-294.547357,-39.476021,0
49,UES1,17,24,24,1,-63.4444,-92.0652,-87.7076,SERVED,0,1,122.358266,-15.757798,0
49,UES1,18,25,25,1,-76.3203,-95.5585,-92.1884,SERVED,0,1,120.433980,-111.814191,0
49,UES1,19,26,26,1,-86.6754,-104.756,-107.652,SERVED,0,1,-116.836960,-177.511044,0
49,UES1,20,27,27,6,-71.2894,-111.602,-108.2,SERVED,0,1,-200.188421,190.517861,0
49,UES1,21,28,28,2,-113.015,-86.0402,-103.784,ALTERNATIVE_AVAILABLE,0,1,-152.001359,287.871532,0
49,UES1,22,29,29,2,-102.485,-106.663,-96.9678,ALTERNATIVE_AVAILABLE,0,1,256.305258,140.521947,0
49,UES1,23,30,30,1,-81.3181,-85.1496,-105.927,SERVED,0,1,75.729483,-211.970886,0
49,UES1,24,31,31,3,-83.6647,-103.879,-86.9815,SERVED,0,1,-121.695760,194.593221,0
49,UES1,25,32,32,3,-100.963,-105.23,-96.8235,ALTERNATIVE_AVAILABLE,0,1,-41.112793,274.176702,0
49,UES1,26,33,33,5,-107.92,-107.376,-117.408,PERSISTING,1,1,270.743149,99.713634,0
49,UES1,27,34,34,2,-95.7494,-85.5831,-89.5235,SERVED,0,1,44.560061,184.151308,0
49,UES1,28,35,35,4,-104.143,-114.142,-107.899,PERSISTING,2,1,-279.611889,96.880423,0
49,UES1,29,36,36,1,-88.4199,-96.3241,-90.9986,SERVED,0,1,23.936417,75.256575,0
49,UES1,30,37,37,5,-109.84,-111.091,-101.953,MOVE_REQUIRED,8,1,-46.207463,-281.747336,1
49,UES1,31,38,38,2,-84.1906,-109.039,-107.593,SERVED,0,1,253.875978,60.168383,0
49,UES1,32,39,39,1,-101.769,-71.1138,-89.1887,ALTERNATIVE_AVAILABLE,0,1,57.124618,-180.810672,0
49,UES1,33,40,40,3,-103.537,-95.2281,-93.7469,ALTERNATIVE_AVAILABLE,0,1,-121.748867,155.567571,0
49,UES1,34,41,41,2,-107.613,-105.971,-103.085,PERSISTING,0,1,13.897545,-260.378587,0
49,UES1,35,42,42,1,-96.7509,-98.8293,-87.0764,SERVED,0,1,193.966891,-101.730209,0
49,UES1,36,43,43,2,-100.509,-101.205,-102.64,PERSISTING,0,1,249.414523,196.311404,0
49,UES1,37,44,44,1,-108.452,-92.6423,-89.9607,ALTERNATIVE_AVAILABLE,0,1,45.430343,-217.343127,0
49,UES1,38,45,45,1,-103.344,-84.6703,-105.491,ALTERNATIVE_AVAILABLE,0,1,-138.594986,-113.109773,0
49,UES1,39,46,46,4,-89.5887,-92.2189,-104.206,SERVED,0,1,-161.496244,-13.755036,0
49,UES1,40,47,47,3,-99.1174,-103.406,-99.3352,SERVED,0,1,-217.709141,197.571044,0
49,UES1,41,48,48,4,-111.889,-112.424,-105.258,PERSISTING,1,1,-298.884896,-238.405483,0
49,UES1,42,49,49,2,-82.697,-93.0058,-106.045,SERVED,0,1,61.076774,103.589253,0
49,UES1,43,50,50,1,-83.4599,-85.5312,-102.914,SERVED,0,1,93.644916,-153.231525,0
49,UES1,44,51,51,6,-98.028,-93.882,-78.5048,SERVED,0,1,-49.693618,167.868246,0
49,UES1,45,52,52,4,-91.6067,-101.294,-109.933,SERVED,0,1,-118.283046,-195.710627,0
49,UES1,46,53,53,4,-107.223,-111.188,-114.147,PERSISTING,4,1,-138.118459,-232.219748,0
49,UES1,47,54,54,4,-99.9651,-86.5852,-105.212,SERVED,0,1,-150.921280,-146.735686,0
49,UES1,48,55,55,4,-97.7892,-94.1069,-103.335,SERVED,0,1,-236.021201,-80.996097,0
49,UES1,49,56,56,1,-94.4056,-87.9678,-83.5164,SERVED,0,1,115.757466,-81.223189,0
49,UES1,50,57,57,4,-82.4946,-103.382,-105.48,SERVED,0,1,-104.088921,-189.560426,0
49,UES1,51,58,58,5,-114.039,-91.3124,-120.48,ALTERNATIVE_AVAILABLE,0,1,306.054907,47.106768,0
49,UES1,52,59,59,6,-74.2517,-113.212,-112.914,SERVED,0,1,-202.169403,230.626253,0
49,UES1,53,60,60,4,-87.2994,-111.241,-118.255,SERVED,0,1,-324.241509,-71.161822,0
49,UES1,54,61,61,1,-90.3516,-83.6269,-81.4146,SERVED,0,1,28.133534,-185.473800,0
49,UES1,55,62,62,2,-96.2901,-98.2328,-93.6291,SERVED,0,1,178.832392,-63.047422,0
49,UES1,56,63,63,3,-98.7979,-85.4281,-90.8653,SERVED,0,1,-19.906169,-157.864338,0
49,UES1,57,64,64,3,-102.931,-101.013,-98.2724,ALTERNATIVE_AVAILABLE,0,1,-164.555391,237.048329,0
49,UES1,58,65,65,4,-92.6026,-94.8189,-111.659,SERVED,0,1,-130.328017,-258.732706,0
49,UES1,59,66,66,5,-108.448,-105.678,-111.062,PERSISTING,0,1,253.091576,-223.562473,0
49,UES2,0,67,67,5,-125.38,-103.231,-108.601,PERSISTING,3,1,-371.972140,322.021749,0
49,UES2,1,68,68,3,-119.952,-103.782,-119.932,PERSISTING,4,1,328.399261,369.836584,0
49,UES2,2,69,69,1,-99.2762,-118.291,-112.849,SERVED,0,1,353.744870,-387.068657,0
49,UES2,3,70,70,6,-107.979,-118.647,-116.012,PERSISTING,0,1,-292.652255,342.801305,0
49,UES2,4,71,71,7,-116.185,-108.439,-118.358,PERSISTING,1,1,295.234264,365.269679,0
49,UES2,5,72,72,2,-115.38,-117.785,-114.321,PERSISTING,5,1,376.080612,-425.545348,0
49,UES2,6,73,73,3,-111.587,-115.044,-112.655,MOVE_REQUIRED,10,1,-322.002648,289.228955,1
49,UES2,7,74,74,2,-113.578,-118.538,-112.028,PERSISTING,3,1,322.805338,409.037742,0
49,UES2,8,75,75,7,-121.451,-114.569,-111.835,PERSISTING,1,1,397.036533,-388.153794,0
49,UES2,9,76,76,6,-109.222,-118.583,-117.568,MOVE_REQUIRED,10,1,-380.291976,387.835125,1
49,UES2,10,77,77,5,-112.045,-114.692,-115.583,MOVE_REQUIRED,6,1,356.266250,330.180287,1
49,UES2,11,78,78,2,-117.777,-120.076,-118.748,PERSISTING,2,1,386.387889,-398.224122,0
49,UES2,12,79,79,7,-117.101,-117.233,-116.716,MOVE_REQUIRED,12,1,-388.063041,319.254016,1
49,UES2,13,80,80,7,-116.797,-116.101,-106.84,PERSISTING,1,1,312.260755,284.340937,0
49,UES2,14,81,81,4,-118.842,-94.1465,-93.0265,ALTERNATIVE_AVAILABLE,0,1,342.358472,-299.983503,0
49,UES2,15,82,82,3,-112.789,-114.941,-96.0149,ALTERNATIVE_AVAILABLE,0,1,-363.244912,306.946138,0
49,UES2,16,83,83,2,-109.85,-118.057,-116.651,PERSISTING,0,1,343.367502,342.139071,0
49,UES2,17,84,84,5,-107.179,-117.673,-116.611,PERSISTING,2,1,367.735658,-306.565027,0
49,UES2,18,85,85,4,-116.751,-118.376,-118.909,PERSISTING,5,1,-389.545727,353.029836,0
49,UES2,19,86,86,3,-122.469,-114.619,-115.624,MOVE_REQUIRED,6,1,361.997725,361.707201,1
49,UES2,20,87,87,2,-113.116,-111.272,-114.579,PERSISTING,1,1,288.866942,-348.143512,0
49,UES2,21,88,88,2,-122.725,-117.788,-105.084,MOVE_REQUIRED,9,1,-354.958567,402.535426,1
49,UES2,22,89,89,6,-119.836,-120.098,-120.659,PERSISTING,4,1,290.463737,320.188835,0
49,UES2,23,90,90,5,-106.99,-114.544,-115.647,PERSISTING,0,1,307.762699,-283.971923,0
49,UES2,24,91,91,4,-111.868,-114.684,-116.925,PERSISTING,0,1,-345.515592,335.786904,0
49,UES2,25,92,92,3,-122.54,-116.064,-117.468,PERSISTING,4,1,339.097902,371.114378,0
49,UES2,26,93,93,5,-104.985,-116.458,-113.992,PERSISTING,0,1,286.015199,-344.604488,0
49,UES2,27,94,94,6,-113.032,-99.0823,-111.286,ALTERNATIVE_AVAILABLE,0,1,-339.689147,286.697579,0
49,UES2,28,95,95,6,-126.526,-121.2,-121.764,PERSISTING,2,1,395.482080,375.050641,0
49,UES2,29,96,96,6,-120.35,-115.094,-111.103,PERSISTING,2,1,406.829725,-321.472286,0
50,UES1,0,7,7,3,-105.995,-104.77,-97.206,ALTERNATIVE_AVAILABLE,0,1,-168.536252,-237.954993,0
50,UES1,1,8,8,1,-102.374,-103.146,-87.8346,ALTERNATIVE_AVAILABLE,0,1,191.668225,-172.949635,0
50,UES1,2,9,9,4,-110.113,-108.25,-90.9453,ALTERNATIVE_AVAILABLE,0,1,-235.898003,239.348332,0
50,UES1,3,10,10,2,-110.174,-105.446,-94.5131,ALTERNATIVE_AVAILABLE,0,1,178.122626,-195.387459,0
50,UES1,4,11,11,2,-101.743,-105.415,-109.615,PERSISTING,0,1,138.804170,210.878913,0
50,UES1,5,12,12,3,-97.1134,-97.5032,-104.092,SERVED,0,1,-187.673622,137.356303,0
50,UES1,6,13,13,2,-96.4496,-96.3327,-103.143,SERVED,0,1,89.180830,170.790261,0
50,UES1,7,14,14,7,-110.143,-101.467,-107.388,PERSISTING,0,1,-3.367687,-176.257341,0
50,UES1,8,15,15,2,-90.4445,-84.4577,-96.9476,SERVED,0,1,94.679304,-246.108299,0
50,UES1,9,16,16,1,-86.0165,-87.3285,-89.7131,SERVED,0,1,136.745681,-16.892655,0
50,UES1,10,17,17,4,-101.178,-97.2327,-112.794,ALTERNATIVE_AVAILABLE,0,1,-77.376168,-221.731853,0
50,UES1,11,18,18,3,-84.4413,-89.5567,-91.5824,SERVED,0,1,-154.804540,90.412512,0
50,UES1,12,19,19,5,-102.793,-115.605,-122.327,PERSISTING,0,1,299.660793,-20.520386,0
50,UES1,13,20,20,2,-91.0601,-101.512,-97.7509,SERVED,0,1,110.663274,187.327430,0
50,UES1,14,21,21,1,-100.117,-108.199,-87.5631,ALTERNATIVE_AVAILABLE,0,1,146.340321,-159.283297,0
50,UES1,15,22,22,1,-85.7864,-103.61,-85.0872,SERVED,0,1,78.262107,-152.946690,0
50,UES1,16,23,23,4,-106.392,-110.008,-88.4277,ALTERNATIVE_AVAILABLE,0,1,-299.537488,-39.178821,0
50,UES1,17,24,24,1,-71.6368,-85.5726,-102.673,SERVED,0,1,127.320888,-15.147432,0
50,UES1,18,25,25,1,-92.3501,-86.715,-87.4919,SERVED,0,1,123.189796,-115.986288,0
50,UES1,19,26,26,1,-112.001,-102.319,-110.424,PERSISTING,0,1,-119.098786,-181.970208,0
50,UES1,20,27,27,6,-77.7248,-104.772,-118.307,SERVED,0,1,-204.024316,193.724398,0
50,UES1,21,28,28,2,-113.002,-105.641,-97.7664,ALTERNATIVE_AVAILABLE,0,1,-153.550309,292.625557,0
50,UES1,22,29,29,2,-103.271,-106.81,-117.776,PERSISTING,0,1,259.973699,143.919739,0
50,UES1,23,30,30,1,-92.942,-105.272,-89.2819,SERVED,0,1,77.149255,-216.765309,0
50,UES1,24,31,31,3,-101.14,-95.6291,-90.3049,ALTERNATIVE_AVAILABLE,0,1,-126.028036,197.088790,0
50,UES1,25,32,32,3,-104.498,-106.469,-104.17,PERSISTING,0,1,-41.465642,279.164193,0
50,UES1,26,33,33,5,-113.356,-112.107,-113.594,PERSISTING,2,1,274.283606,103.245380,0
50,UES1,27,34,34,2,-85.6657,-104.457,-87.8595,SERVED,0,1,44.355527,189.147095,0
50,UES1,28,35,35,4,-102.665,-101.555,-100.298,PERSISTING,3,1,-284.307779,98.597574,0
50,UES1,29,36,36,1,-80.0002,-90.1785,-88.177,SERVED,0,1,21.495176,79.619586,0
50,UES1,30,37,37,5,-110.788,-91.0224,-112.296,ALTERNATIVE_AVAILABLE,0,1,-48.197774,-286.333758,0
50,UES1,31,38,38,2,-102.224,-106.189,-110.288,PERSISTING,0,1,258.632870,61.709199,0
50,UES1,32,39,39,1,-79.3199,-92.7635,-88.918,SERVED,0,1,57.550430,-185.792511,0
50,UES1,33,40,40,3,-88.399,-102.695,-90.5141,SERVED,0,1,-123.604018,160.210669,0
50,UES1,34,41,41,2,-111.837,-84.942,-106.437,ALTERNATIVE_AVAILABLE,0,1,15.581655,-265.086681,0
50,UES1,35,42,42,1,-99.5865,-105.598,-86.6108,SERVED,0,1,198.373326,-104.093738,0
50,UES1,36,43,43,2,-103.983,-108.929,-104.834,PERSISTING,1,1,253.242045,199.528756,0
50,UES1,37,44,44,1,-104.851,-105.334,-95.4147,ALTERNATIVE_AVAILABLE,0,1,46.511618,-222.224831,0
50,UES1,38,45,45,1,-83.2811,-84.8672,-99.9634,SERVED,0,1,-142.867457,-115.706089,0
50,UES1,39,46,46,4,-81.488,-80.7004,-102.256,SERVED,0,1,-166.489964,-13.524732,0
50,UES1,40,47,47,3,-98.6987,-71.6392,-100.096,SERVED,0,1,-220.224541,201.891732,0
50,UES1,41,48,48,4,-106.254,-111.801,-101.929,PERSISTING,2,1,-302.970775,-241.286521,0
50,UES1,42,49,49,2,-80.8368,-104.179,-96.787,SERVED,0,1,63.180714,108.125509,0
50,UES1,43,50,50,1,-98.3811,-104.912,-94.8812,SERVED,0,1,97.246375,-156.699882,0
50,UES1,44,51,51,6,-101.375,-102.832,-97.0149,ALTERNATIVE_AVAILABLE,0,1,-51.506906,172.527521,0
50,UES1,45,52,52,4,-105.407,-93.4335,-98.9472,ALTERNATIVE_AVAILABLE,0,1,-121.603421,-199.448174,0
50,UES1,46,53,53,4,-108.968,-88.9561,-113.268,ALTERNATIVE_AVAILABLE,0,1,-140.612329,-236.553393,0
50,UES1,47,54,54,4,-78.2976,-102.76,-103.269,SERVED,0,1,-152.351816,-151.526674,0
50,UES1,48,55,55,4,-99.8621,-101.092,-107.138,SERVED,0,1,-239.720740,-84.358386,0
50,UES1,49,56,56,1,-89.9416,-70.1753,-98.1931,SERVED,0,1,119.269217,-84.782611,0
50,UES1,50,57,57,4,-99.7588,-94.8185,-110.786,SERVED,0,1,-104.922603,-194.490433,0
50,UES1,51,58,58,5,-114.13,-104.283,-120.96,PERSISTING,0,1,311.022312,47.684332,0
50,UES1,52,59,59,6,-80.6761,-108.269,-112.301,SERVED,0,1,-206.158398,233.640869,0
50,UES1,53,60,60,4,-108.4,-110.01,-116.337,PERSISTING,0,1,-329.084520,-72.401088,0
50,UES1,54,61,61,1,-104.937,-97.8508,-103.494,ALTERNATIVE_AVAILABLE,0,1,27.187418,-190.383441,0
50,UES1,55,62,62,2,-75.0025,-97.4112,-90.6908,SERVED,0,1,182.634796,-66.294586,0
50,UES1,56,63,63,3,-101.92,-98.4703,-88.9146,ALTERNATIVE_AVAILABLE,0,1,-19.449259,-162.843453,0
50,UES1,57,64,64,3,-105.016,-81.2917,-96.5649,ALTERNATIVE_AVAILABLE,0,1,-166.333992,241.721105,0
50,UES1,58,65,65,4,-105.901,-86.6389,-109.672,ALTERNATIVE_AVAILABLE,0,1,-131.466705,-263.601273,0
50,UES1,59,66,66,5,-105.696,-107.484,-114.374,PERSISTING,1,1,256.770781,-226.948824,0
50,UES2,0,67,67,5,-126.111,-117.922,-94.0738,ALTERNATIVE_AVAILABLE,0,1,-368.071656,322.910576,0
50,UES2,1,68,68,3,-119.064,-94.7208,-116.817,ALTERNATIVE_AVAILABLE,0,1,327.261769,366.001712,0
50,UES2,2,69,69,1,-115.303,-101.36,-113.603,PERSISTING,0,1,356.510255,-384.178757,0
50,UES2,3,70,70,6,-105.021,-118.552,-114.4,PERSISTING,1,1,-294.323925,339.167528,0
50,UES2,4,71,71,7,-117.325,-115.726,-120.556,PERSISTING,2,1,298.944568,366.766436,0
50,UES2,5,72,72,2,-119.402,-119.417,-116.751,MOVE_REQUIRED,6,1,379.775367,-427.078200,1
50,UES2,6,73,73,3,-110.708,-108.454,-98.4115,ALTERNATIVE_AVAILABLE,0,1,-325.696207,290.763211,0
50,UES2,7,74,74,2,-113.831,-92.6663,-109.505,ALTERNATIVE_AVAILABLE,0,1,319.507689,411.302052,0
50,UES2,8,75,75,7,-120.009,-119.628,-88.1938,ALTERNATIVE_AVAILABLE,0,1,398.817526,-384.572228,0
50,UES2,9,76,76,6,-110.803,-119.947,-118.154,MOVE_REQUIRED,11,1,-381.602902,384.056379,1
50,UES2,10,77,77,5,-116.742,-111.714,-118.106,MOVE_REQUIRED,7,1,352.622928,331.830251,1
50,UES2,11,78,78,2,-116.586,-115.78,-120.495,PERSISTING,3,1,388.931995,-401.311173,0
50,UES2,12,79,79,7,-119.541,-115.429,-97.6212,ALTERNATIVE_AVAILABLE,0,1,-384.314462,320.653273,0
50,UES2,13,80,80,7,-105.609,-114.583,-123.395,PERSISTING,2,1,316.238985,283.917130,0
50,UES2,14,81,81,4,-112.818,-113.613,-111.001,PERSISTING,0,1,346.285270,-299.217563,0
50,UES2,15,82,82,3,-111.447,-91.3269,-108.712,ALTERNATIVE_AVAILABLE,0,1,-366.216026,304.267750,0
50,UES2,16,83,83,2,-113.015,-115.741,-93.8301,ALTERNATIVE_AVAILABLE,0,1,347.363674,342.322043,0
50,UES2,17,84,84,5,-108.585,-116.986,-112.578,PERSISTING,3,1,364.044492,-308.104981,0
50,UES2,18,85,85,4,-116.852,-96.9798,-102.862,ALTERNATIVE_AVAILABLE,0,1,-391.812338,349.734575,0
50,UES2,19,86,86,3,-124.319,-103.296,-117.578,MOVE_REQUIRED,7,1,358.471620,359.818581,1
50,UES2,20,87,87,2,-111.958,-117.148,-111.504,PERSISTING,2,1,288.543995,-352.130450,0
50,UES2,21,88,88,2,-118.699,-107.914,-116.674,MOVE_REQUIRED,10,1,-358.149763,404.946906,1
50,UES2,22,89,89,6,-123.413,-115.89,-117.628,PERSISTING,5,1,293.892957,322.250179,0
50,UES2,23,90,90,5,-94.4534,-115.588,-113.171,SERVED,0,1,311.438316,-285.551253,0
50,UES2,24,91,91,4,-116.32,-116.728,-116.135,PERSISTING,1,1,-349.222308,337.290789,0
50,UES2,25,92,92,3,-118.216,-91.0621,-114.959,ALTERNATIVE_AVAILABLE,0,1,342.023564,373.842448,0
50,UES2,26,93,93,5,-106.784,-115.811,-117.801,PERSISTING,1,1,283.507934,-342.522716,0
50,UES2,27,94,94,6,-108.727,-117.337,-122.46,PERSISTING,0,1,-343.355196,285.098346,0
50,UES2,28,95,95,6,-130.888,-118.361,-118.881,PERSISTING,3,1,398.054893,378.113585,0
50,UES2,29,96,96,6,-121.975,-114.949,-93.433,ALTERNATIVE_AVAILABLE,0,1,408.982706,-318.101229,0
51,UES1,0,7,7,3,-108.669,-107.4,-116.208,PERSISTING,0,1,-171.390148,-242.059956,0
51,UES1,1,8,8,1,-102.47,-103.143,-93.2622,ALTERNATIVE_AVAILABLE,0,1,194.920423,-176.748048,0
51,UES1,2,9,9,4,-106.99,-84.812,-94.5289,ALTERNATIVE_AVAILABLE,0,1,-239.153788,243.142475,0
51,UES1,3,10,10,2,-110.081,-107.199,-103.773,PERSISTING,0,1,182.021914,-198.518476,0
51,UES1,4,11,11,2,-96.9163,-104.649,-96.2852,SERVED,0,1,142.611358,214.121435,0
51,UES1,5,12,12,3,-94.9958,-76.033,-88.3185,SERVED,0,1,-190.765541,141.285681,0
51,UES1,6,13,13,2,-86.978,-91.7473,-107.337,SERVED,0,1,89.177242,175.790260,0
51,UES1,7,14,14,7,-113.439,-77.9564,-106.443,ALTERNATIVE_AVAILABLE,0,1,-4.494414,-181.128735,0
51,UES1,8,15,15,2,-110.447,-106.138,-84.4948,ALTERNATIVE_AVAILABLE,0,1,97.064329,-250.503010,0
51,UES1,9,16,16,1,-84.7484,-90.2317,-99.8035,SERVED,0,1,141.326746,-18.898038,0
51,UES1,10,17,17,3,-108.248,-79.7481,-93.108,ALTERNATIVE_AVAILABLE,0,1,-78.298362,-226.646055,0
51,UES1,11,18,18,3,-75.5958,-77.1693,-104.802,SERVED,0,1,-159.560236,91.953316,0
51,UES1,12,19,19,5,-104.718,-113.149,-89.3431,ALTERNATIVE_AVAILABLE,0,1,304.415292,-18.969416,0
51,UES1,13,20,20,2,-95.4506,-102.964,-99.8995,SERVED,0,1,113.051887,191.719984,0
51,UES1,14,21,21,1,-102.543,-106.973,-89.2306,ALTERNATIVE_AVAILABLE,0,1,149.828150,-162.866120,0
51,UES1,15,22,22,1,-96.899,-73.3619,-89.6678,SERVED,0,1,77.827922,-157.927781,0
51,UES1,16,23,23,4,-109.154,-101.585,-109.332,PERSISTING,0,1,-304.527619,-38.881621,0
51,UES1,17,24,24,1,-70.4962,-82.0583,-99.8255,SERVED,0,1,132.283509,-14.537067,0
51,UES1,18,25,25,1,-72.6593,-100.793,-96.3938,SERVED,0,1,125.945611,-120.158385,0
51,UES1,19,26,26,1,-106.466,-70.5316,-105.924,ALTERNATIVE_AVAILABLE,0,1,-121.360612,-186.429372,0
51,UES1,20,27,27,6,-65.0624,-112.505,-116.582,SERVED,0,1,-207.860210,196.930932,0
51,UES1,21,28,28,2,-87.4724,-106.745,-102.44,SERVED,0,1,-155.099259,297.379581,0
51,UES1,22,29,29,2,-105.867,-108.814,-115.076,PERSISTING,1,1,263.642139,147.317531,0
51,UES1,23,30,30,1,-102.763,-80.9557,-83.3323,ALTERNATIVE_AVAILABLE,0,1,78.569026,-221.559733,0
51,UES1,24,31,31,3,-100.448,-102.516,-99.6792,ALTERNATIVE_AVAILABLE,0,1,-130.360312,199.584357,0
51,UES1,25,32,32,3,-105.968,-82.3938,-92.6281,ALTERNATIVE_AVAILABLE,0,1,-41.818492,284.151684,0
51,UES1,26,33,33,5,-109.712,-108.838,-118.808,PERSISTING,3,1,277.824064,106.777130,0
51,UES1,27,34,34,2,-95.3275,-100.104,-108.974,SERVED,0,1,44.150994,194.142881,0
51,UES1,28,35,35,4,-108.587,-112.438,-101.635,PERSISTING,4,1,-289.003670,100.314724,0
51,UES1,29,36,36,1,-80.3838,-92.0036,-90.1986,SERVED,0,1,19.053935,83.982592,0
51,UES1,30,37,37,5,-107.235,-97.0674,-113.846,ALTERNATIVE_AVAILABLE,0,1,-50.188086,-290.920177,0
51,UES1,31,38,38,2,-105.285,-109.271,-114.837,PERSISTING,1,1,263.389762,63.250016,0
51,UES1,32,39,39,1,-103.192,-105.759,-86.2575,ALTERNATIVE_AVAILABLE,0,1,57.976242,-190.774351,0
51,UES1,33,40,40,3,-90.2587,-100.038,-89.0627,SERVED,0,1,-125.459170,164.853766,0
51,UES1,34,41,41,2,-114.177,-106.887,-80.993,ALTERNATIVE_AVAILABLE,0,1,17.265764,-269.794776,0
51,UES1,35,42,42,1,-102.282,-97.5324,-96.002,ALTERNATIVE_AVAILABLE,0,1,202.779760,-106.457269,0
51,UES1,36,43,43,2,-104.081,-106.701,-116.878,PERSISTING,2,1,257.069567,202.746108,0
51,UES1,37,44,44,1,-102.47,-104.749,-88.4571,ALTERNATIVE_AVAILABLE,0,1,47.592893,-227.106535,0
51,UES1,38,45,45,1,-81.5558,-98.1177,-111.81,SERVED,0,1,-147.139928,-118.302401,0
51,UES1,39,46,46,4,-86.6332,-80.5918,-99.2988,SERVED,0,1,-171.483683,-13.294429,0
51,UES1,40,47,47,3,-103.731,-109.324,-105.356,PERSISTING,0,1,-222.739940,206.212418,0
51,UES1,41,48,48,4,-111.301,-112.152,-114.54,PERSISTING,3,1,-307.056654,-244.167557,0
51,UES1,42,49,49,2,-89.7945,-89.6543,-103.844,SERVED,0,1,65.284655,112.661768,0
51,UES1,43,50,50,1,-91.787,-103.254,-103.428,SERVED,0,1,100.847834,-160.168239,0
51,UES1,44,51,51,6,-107.255,-93.3441,-98.0674,ALTERNATIVE_AVAILABLE,0,1,-53.320195,177.186792,0
51,UES1,45,52,52,4,-103.846,-104.457,-111.023,PERSISTING,0,1,-124.923796,-203.185718,0
51,UES1,46,53,53,4,-108.093,-102.736,-111.881,PERSISTING,0,1,-143.106198,-240.887037,0
51,UES1,47,54,54,4,-97.4953,-86.3663,-110.797,SERVED,0,1,-153.782352,-156.317661,0
51,UES1,48,55,55,4,-102.454,-99.5608,-113.153,ALTERNATIVE_AVAILABLE,0,1,-243.420279,-87.720667,0
51,UES1,49,56,56,1,-87.1867,-91.5739,-86.9954,SERVED,0,1,122.780968,-88.342033,0
51,UES1,50,57,57,4,-105.188,-105.832,-93.6241,ALTERNATIVE_AVAILABLE,0,1,-105.756285,-199.420440,0
51,UES1,51,58,58,5,-115.333,-106.164,-85.5984,ALTERNATIVE_AVAILABLE,0,1,315.989718,48.261946,0
51,UES1,52,59,59,6,-81.7436,-110.291,-117.293,SERVED,0,1,-210.147394,236.655485,0
51,UES1,53,60,60,4,-108.185,-107.014,-115.33,PERSISTING,1,1,-333.927531,-73.640351,0
51,UES1,54,61,61,1,-102.188,-102.931,-105.45,PERSISTING,0,1,26.241303,-195.293082,0
51,UES1,55,62,62,2,-94.3634,-92.3935,-111.669,SERVED,0,1,186.437199,-69.541753,0
51,UES1,56,63,63,3,-104.719,-98.7708,-106.807,ALTERNATIVE_AVAILABLE,0,1,-18.992349,-167.822569,0
51,UES1,57,64,64,4,-110.854,-104.291,-98.9691,ALTERNATIVE_AVAILABLE,0,1,-168.112594,246.393879,0
51,UES1,58,65,65,4,-108.18,-109.931,-113.241,PERSISTING,0,1,-132.605393,-268.469840,0
51,UES1,59,66,66,5,-83.9723,-106.034,-106.286,SERVED,0,1,260.449986,-230.335178,0
51,UES2,0,67,67,5,-131.942,-116.377,-116.622,PERSISTING,0,1,-364.171172,323.799405,0
51,UES2,1,68,68,3,-116.707,-116.037,-115.87,PERSISTING,0,1,326.124278,362.166840,0
51,UES2,2,69,69,1,-116.548,-117.268,-110.2,PERSISTING,1,1,359.275639,-381.288856,0
51,UES2,3,70,70,6,-79.2398,-116.168,-117.264,SERVED,0,1,-295.996074,335.533754,0
51,UES2,4,71,71,7,-116.352,-115.325,-123.167,PERSISTING,3,1,302.654872,368.263215,0
51,UES2,5,72,72,2,-118.728,-114.532,-114.696,MOVE_REQUIRED,7,1,380.260744,-424.194932,1
51,UES2,6,73,73,3,-114.352,-112.349,-110.112,PERSISTING,0,1,-329.389765,292.297454,0
51,UES2,7,74,74,2,-114.091,-90.1593,-116.892,ALTERNATIVE_AVAILABLE,0,1,316.210040,413.566362,0
51,UES2,8,75,75,7,-119.069,-111.421,-119.855,PERSISTING,0,1,400.598520,-380.990662,0
51,UES2,9,76,76,6,-96.4344,-121.734,-118.463,SERVED,0,1,-382.913828,380.277649,0
51,UES2,10,77,77,5,-120.692,-111.477,-85.3574,ALTERNATIVE_AVAILABLE,0,1,348.979606,333.480189,0
51,UES2,11,78,78,2,-123.611,-88.8633,-113.306,ALTERNATIVE_AVAILABLE,0,1,391.476101,-404.398249,0
51,UES2,12,79,79,7,-119.971,-117.045,-122.097,PERSISTING,0,1,-380.565883,322.052562,0
51,UES2,13,80,80,7,-115.4,-88.8379,-119.229,ALTERNATIVE_AVAILABLE,0,1,320.217216,283.493320,0
51,UES2,14,81,81,4,-105.67,-83.759,-78.3887,ALTERNATIVE_AVAILABLE,0,1,350.212068,-298.451553,0
51,UES2,15,82,82,3,-114.69,-117.062,-82.7412,ALTERNATIVE_AVAILABLE,0,1,-369.187139,301.589362,0
51,UES2,16,83,83,2,-114.551,-90.7659,-115.853,ALTERNATIVE_AVAILABLE,0,1,351.359846,342.505015,0
51,UES2,17,84,84,5,-103.622,-117.068,-117.018,PERSISTING,4,1,360.353326,-309.644931,0
51,UES2,18,85,85,4,-118.153,-92.2638,-101.344,ALTERNATIVE_AVAILABLE,0,1,-394.078948,346.439372,0
51,UES2,19,86,86,3,-122.282,-118.738,-114.051,MOVE_REQUIRED,8,1,354.945516,357.929976,1
51,UES2,20,87,87,2,-116.882,-115.787,-110.494,PERSISTING,3,1,288.221048,-356.117387,0
51,UES2,21,88,88,2,-121.681,-118.307,-117.056,MOVE_REQUIRED,11,1,-361.340959,407.358376,1
51,UES2,22,89,89,6,-125.874,-114.405,-118.195,MOVE_REQUIRED,6,1,297.322177,324.311545,1
51,UES2,23,90,90,5,-100.474,-118.33,-112.807,PERSISTING,0,1,315.113933,-287.130606,0
51,UES2,24,91,91,4,-117.317,-115.096,-112.387,PERSISTING,2,1,-352.929023,338.794673,0
51,UES2,25,92,92,3,-125.708,-114.426,-116.34,PERSISTING,0,1,344.949225,376.570522,0
51,UES2,26,93,93,5,-104.909,-114.198,-120.463,PERSISTING,2,1,285.410929,-339.004064,0
51,UES2,27,94,94,6,-110.886,-107.208,-118.962,PERSISTING,1,1,-347.021244,283.499127,0
51,UES2,28,95,95,6,-129.307,-120.077,-120.849,PERSISTING,4,1,400.627705,381.176529,0
51,UES2,29,96,96,6,-123.849,-116.425,-118.417,PERSISTING,0,1,411.135687,-314.730173,0
52,UES1,0,7,7,3,-106.987,-75.3936,-109.535,ALTERNATIVE_AVAILABLE,0,1,-174.244044,-246.164917,0
52,UES1,1,8,8,1,-102.49,-100.297,-103.034,PERSISTING,0,1,198.172620,-180.546464,0
52,UES1,2,9,9,4,-109.43,-104.033,-100.163,PERSISTING,0,1,-242.409574,246.936615,0
52,UES1,3,10,10,2,-114.176,-103.496,-81.4051,ALTERNATIVE_AVAILABLE,0,1,185.921201,-201.649495,0
52,UES1,4,11,11,2,-98.1655,-104.399,-106.479,SERVED,0,1,146.418546,217.363960,0
52,UES1,5,12,12,3,-98.4353,-103.595,-85.9148,SERVED,0,1,-193.857461,145.215059,0
52,UES1,6,13,13,2,-94.726,-99.0564,-98.6833,SERVED,0,1,89.173653,180.790258,0
52,UES1,7,14,14,7,-116.99,-99.9755,-106.703,ALTERNATIVE_AVAILABLE,0,1,-5.621141,-186.000130,0
52,UES1,8,15,15,2,-108.487,-107.425,-108.538,PERSISTING,0,1,99.449353,-254.897722,0
52,UES1,9,16,16,1,-69.1245,-94.9912,-93.3367,SERVED,0,1,145.907811,-20.903424,0
52,UES1,10,17,17,3,-107.927,-103.635,-107.841,PERSISTING,0,1,-79.220555,-231.560257,0
52,UES1,11,18,18,3,-77.5951,-79.8535,-100.867,SERVED,0,1,-164.315931,93.494118,0
52,UES1,12,19,19,5,-101.283,-111.104,-119.321,PERSISTING,0,1,309.169792,-17.418442,0
52,UES1,13,20,20,2,-95.6906,-77.0883,-100.886,SERVED,0,1,115.440499,196.112539,0
52,UES1,14,21,21,1,-102.738,-102.544,-96.7483,ALTERNATIVE_AVAILABLE,0,1,153.315979,-166.448948,0
52,UES1,15,22,22,1,-99.0689,-102.392,-107.166,SERVED,0,1,77.393738,-162.908871,0
52,UES1,16,23,23,4,-106.595,-111.685,-105.681,PERSISTING,1,1,-309.517751,-38.584423,0
52,UES1,17,24,24,1,-63.8581,-76.026,-89.7178,SERVED,0,1,137.246130,-13.926701,0
52,UES1,18,25,25,1,-98.3528,-103.359,-101.293,SERVED,0,1,128.701427,-124.330484,0
52,UES1,19,26,26,1,-108.829,-92.6725,-112.914,ALTERNATIVE_AVAILABLE,0,1,-123.622438,-190.888535,0
52,UES1,20,27,27,6,-92.7383,-109.062,-118.594,SERVED,0,1,-211.696105,200.137465,0
52,UES1,21,28,28,2,-116.892,-105.241,-94.9114,ALTERNATIVE_AVAILABLE,0,1,-156.648209,302.133606,0
52,UES1,22,29,29,2,-105.3,-110.434,-115.279,PERSISTING,2,1,267.310579,150.715324,0
52,UES1,23,30,30,1,-107.626,-105.622,-99.3077,ALTERNATIVE_AVAILABLE,0,1,79.988797,-226.354159,0
52,UES1,24,31,31,3,-98.1658,-105.613,-107.663,SERVED,0,1,-134.692588,202.079923,0
52,UES1,25,32,32,3,-104.278,-108.563,-105.029,PERSISTING,0,1,-42.171342,289.139174,0
52,UES1,26,33,33,5,-111.09,-101.938,-105.411,PERSISTING,4,1,281.364521,110.308885,0
52,UES1,27,34,34,2,-98.1777,-97.6541,-105.118,SERVED,0,1,43.946461,199.138668,0
52,UES1,28,35,35,4,-106.684,-113.331,-108.933,PERSISTING,5,1,-293.699561,102.031875,0
52,UES1,29,36,36,1,-78.9092,-94.2072,-94.4369,SERVED,0,1,16.612693,88.345594,0
52,UES1,30,37,37,5,-109.983,-108.911,-110.653,PERSISTING,0,1,-52.178397,-295.506594,0
52,UES1,31,38,38,2,-111.059,-113.303,-116.087,PERSISTING,2,1,268.146654,64.790834,0
52,UES1,32,39,39,1,-106.025,-77.2365,-100.419,ALTERNATIVE_AVAILABLE,0,1,58.402054,-195.756191,0
52,UES1,33,40,40,3,-99.0048,-107.147,-83.7445,SERVED,0,1,-127.314322,169.496863,0
52,UES1,34,41,41,2,-114.587,-107.697,-106.007,PERSISTING,0,1,18.949874,-274.502873,0
52,UES1,35,42,42,1,-98.0073,-96.8846,-102.259,SERVED,0,1,207.186194,-108.820801,0
52,UES1,36,43,43,2,-109.866,-110.313,-106.105,PERSISTING,3,1,260.897088,205.963463,0
52,UES1,37,44,44,1,-109.33,-102.809,-98.7277,ALTERNATIVE_AVAILABLE,0,1,48.674168,-231.988240,0
52,UES1,38,45,45,1,-110.699,-97.7582,-98.6693,ALTERNATIVE_AVAILABLE,0,1,-151.412399,-120.898709,0
52,UES1,39,46,46,4,-92.0425,-93.8994,-110.313,SERVED,0,1,-176.477403,-13.064126,0
52,UES1,40,47,47,3,-102.481,-74.3904,-92.2206,ALTERNATIVE_AVAILABLE,0,1,-225.255339,210.533102,0
52,UES1,41,48,48,4,-108.493,-88.7202,-90.3747,ALTERNATIVE_AVAILABLE,0,1,-311.142534,-247.048591,0
52,UES1,42,49,49,2,-90.6747,-89.6402,-91.4072,SERVED,0,1,67.388596,117.198030,0
52,UES1,43,50,50,1,-108.992,-101.851,-103.415,PERSISTING,0,1,104.449292,-163.636597,0
52,UES1,44,51,51,6,-103.371,-103.487,-98.871,ALTERNATIVE_AVAILABLE,0,1,-55.133483,181.846058,0
52,UES1,45,52,52,4,-102.959,-103.934,-111.504,PERSISTING,1,1,-128.244171,-206.923259,0
52,UES1,46,53,53,4,-105.208,-108.127,-115.166,PERSISTING,1,1,-145.600068,-245.220681,0
52,UES1,47,54,54,4,-70.7698,-105.398,-103.284,SERVED,0,1,-155.212889,-161.108649,0
52,UES1,48,55,55,4,-103.271,-87.3428,-110.26,ALTERNATIVE_AVAILABLE,0,1,-247.119818,-91.082940,0
52,UES1,49,56,56,1,-65.271,-95.5117,-97.0904,SERVED,0,1,126.292720,-91.901456,0
52,UES1,50,57,57,4,-106.262,-105.254,-109.533,PERSISTING,0,1,-106.589967,-204.350447,0
52,UES1,51,58,58,5,-113.082,-75.5848,-118.15,ALTERNATIVE_AVAILABLE,0,1,320.957123,48.839670,0
52,UES1,52,59,59,6,-87.6258,-113.317,-116.791,SERVED,0,1,-214.136389,239.670101,0
52,UES1,53,60,60,4,-107.639,-110.118,-113.43,PERSISTING,2,1,-338.770542,-74.879612,0
52,UES1,54,61,61,1,-107.575,-104.603,-99.6588,ALTERNATIVE_AVAILABLE,0,1,25.295187,-200.202723,0
52,UES1,55,62,62,2,-95.3035,-95.4968,-106.817,SERVED,0,1,190.239603,-72.788922,0
52,UES1,56,63,63,3,-107.093,-97.4404,-110.597,ALTERNATIVE_AVAILABLE,0,1,-18.535438,-172.801685,0
52,UES1,57,64,64,4,-106.114,-107.006,-96.6957,ALTERNATIVE_AVAILABLE,0,1,-169.891195,251.066652,0
52,UES1,58,65,65,4,-107.139,-110.021,-113.215,PERSISTING,1,1,-133.744080,-273.338407,0
52,UES1,59,66,66,5,-105.914,-109.086,-112.994,PERSISTING,0,1,264.129191,-233.721534,0
52,UES2,0,67,67,5,-94.6286,-119.975,-106.174,SERVED,0,1,-360.270688,324.688236,0
52,UES2,1,68,68,3,-125.241,-112.137,-116.033,PERSISTING,1,1,324.986786,358.331969,0
52,UES2,2,69,69,1,-117.155,-114.848,-111.615,PERSISTING,2,1,362.041024,-378.398955,0
52,UES2,3,70,70,6,-73.773,-119.201,-114.979,SERVED,0,1,-297.668222,331.899979,0
52,UES2,4,71,71,7,-112.639,-85.8392,-120.771,ALTERNATIVE_AVAILABLE,0,1,306.365175,369.760019,0
52,UES2,5,72,72,2,-118.701,-116.999,-113.708,MOVE_REQUIRED,8,1,379.943778,-420.207591,1
52,UES2,6,73,73,3,-89.1813,-108.269,-89.4268,SERVED,0,1,-333.083323,293.831682,0
52,UES2,7,74,74,2,-111.385,-115.163,-117.239,PERSISTING,0,1,312.912390,415.830672,0
52,UES2,8,75,75,7,-119.173,-83.301,-115.158,ALTERNATIVE_AVAILABLE,0,1,402.379514,-377.409096,0
52,UES2,9,76,76,6,-112.861,-120.406,-123.494,PERSISTING,0,1,-384.224754,376.498937,0
52,UES2,10,77,77,5,-117.769,-114.702,-103.98,PERSISTING,0,1,345.336284,335.130098,0
52,UES2,11,78,78,2,-120.953,-116.399,-114.691,PERSISTING,0,1,394.020206,-407.485354,0
52,UES2,12,79,79,7,-119.971,-87.085,-113.069,ALTERNATIVE_AVAILABLE,0,1,-376.817304,323.451887,0
52,UES2,13,80,80,7,-112.111,-112.977,-119.562,PERSISTING,0,1,324.195446,283.069507,0
52,UES2,14,81,81,4,-120.932,-112.068,-111.947,PERSISTING,0,1,354.138866,-297.685435,0
52,UES2,15,82,82,3,-112.68,-114.313,-117.276,PERSISTING,0,1,-372.158253,298.910976,0
52,UES2,16,83,83,2,-109.826,-117.38,-113.63,PERSISTING,0,1,355.356018,342.687989,0
52,UES2,17,84,84,5,-103.241,-103.885,-115.453,PERSISTING,5,1,356.662159,-311.184875,0
52,UES2,18,85,85,4,-115.772,-112.538,-111.44,PERSISTING,0,1,-396.346037,343.144237,0
52,UES2,19,86,86,3,-117.574,-115.672,-105.962,MOVE_REQUIRED,9,1,351.419412,356.041388,1
52,UES2,20,87,87,2,-115.237,-112.277,-108.239,PERSISTING,4,1,287.898101,-360.104318,0
52,UES2,21,88,88,2,-123.273,-111.912,-114.98,MOVE_REQUIRED,12,1,-364.532155,409.769835,1
52,UES2,22,89,89,6,-118.752,-116.767,-104.261,MOVE_REQUIRED,7,1,300.751397,326.372932,1
52,UES2,23,90,90,5,-106.629,-114.384,-116.064,PERSISTING,1,1,318.789550,-288.709986,0
52,UES2,24,91,91,4,-117.258,-117.329,-93.7111,ALTERNATIVE_AVAILABLE,0,1,-356.635739,340.298555,0
52,UES2,25,92,92,3,-123.084,-111.672,-120.738,PERSISTING,1,1,347.874887,379.298598,0
52,UES2,26,93,93,5,-104.769,-117.946,-116.817,PERSISTING,3,1,287.313925,-335.485398,0
52,UES2,27,94,94,6,-107.351,-106.098,-118.667,PERSISTING,2,1,-350.687292,281.899923,0
52,UES2,28,95,95,6,-127.328,-121.558,-122.98,PERSISTING,5,1,403.200517,384.239474,0
52,UES2,29,96,96,6,-88.7347,-112.642,-109.894,SERVED,0,1,413.288668,-311.359116,0
53,UES1,0,7,7,3,-106.675,-73.5729,-111.503,ALTERNATIVE_AVAILABLE,0,1,-177.097940,-250.269876,0
53,UES1,1,8,8,1,-98.6605,-106.227,-92.5176,SERVED,0,1,201.424817,-184.344882,0
53,UES1,2,9,9,4,-103.799,-103.991,-109.849,PERSISTING,1,1,-245.665360,250.730753,0
53,UES1,3,10,10,2,-107.801,-106.212,-109.759,PERSISTING,0,1,189.820489,-204.780517,0
53,UES1,4,11,11,2,-99.881,-105.931,-105.55,SERVED,0,1,150.225734,220.606487,0
53,UES1,5,12,12,6,-103.973,-66.1435,-112.736,ALTERNATIVE_AVAILABLE,0,1,-196.949381,149.144438,0
53,UES1,6,13,13,1,-103.982,-97.3001,-94.6187,ALTERNATIVE_AVAILABLE,0,1,89.170065,185.790257,0
53,UES1,7,14,14,1,-104.02,-95.3766,-101.536,ALTERNATIVE_AVAILABLE,0,1,-6.747868,-190.871524,0
53,UES1,8,15,15,2,-111.045,-79.5058,-105.483,ALTERNATIVE_AVAILABLE,0,1,101.834377,-259.292435,0
53,UES1,9,16,16,1,-92.0764,-78.6031,-108.603,SERVED,0,1,150.488876,-22.908811,0
53,UES1,10,17,17,3,-103.561,-106.253,-110.251,PERSISTING,1,1,-80.142749,-236.474459,0
53,UES1,11,18,18,3,-71.7137,-75.3109,-103.037,SERVED,0,1,-169.071627,95.034919,0
53,UES1,12,19,19,5,-111.62,-94.9573,-119.537,ALTERNATIVE_AVAILABLE,0,1,313.924292,-15.867464,0
53,UES1,13,20,20,2,-102.808,-103.066,-98.6852,ALTERNATIVE_AVAILABLE,0,1,117.829112,200.505093,0
53,UES1,14,21,21,5,-98.7551,-101.769,-113.427,SERVED,0,1,156.803809,-170.031780,0
53,UES1,15,22,22,1,-100.612,-98.3473,-99.3808,ALTERNATIVE_AVAILABLE,0,1,76.959553,-167.889960,0
53,UES1,16,23,23,4,-106.836,-111.239,-113.344,PERSISTING,2,1,-314.507882,-38.287226,0
53,UES1,17,24,24,1,-89.1351,-91.6885,-105.482,SERVED,0,1,142.208751,-13.316335,0
53,UES1,18,25,25,1,-68.5399,-97.4569,-89.2873,SERVED,0,1,131.457242,-128.502582,0
53,UES1,19,26,26,1,-103.362,-98.2198,-97.2283,ALTERNATIVE_AVAILABLE,0,1,-125.884264,-195.347699,0
53,UES1,20,27,27,6,-66.3683,-114.832,-121.501,SERVED,0,1,-215.531999,203.343996,0
53,UES1,21,28,28,2,-79.8104,-104.279,-105.576,SERVED,0,1,-158.197159,306.887631,0
53,UES1,22,29,29,2,-101.857,-106.367,-112.092,PERSISTING,3,1,270.979020,154.113119,0
53,UES1,23,30,30,1,-103.485,-107.721,-89.6444,ALTERNATIVE_AVAILABLE,0,1,81.408569,-231.148587,0
53,UES1,24,31,31,3,-106.396,-72.0547,-106.842,ALTERNATIVE_AVAILABLE,0,1,-139.024864,204.575488,0
53,UES1,25,32,32,3,-106.15,-77.1683,-104.186,ALTERNATIVE_AVAILABLE,0,1,-42.524191,294.126664,0
53,UES1,26,33,33,5,-112.155,-107.236,-108.574,PERSISTING,5,1,284.904979,113.840644,0
53,UES1,27,34,34,2,-97.5022,-74.5817,-87.9829,SERVED,0,1,43.741928,204.134454,0
53,UES1,28,35,35,4,-106.933,-111.29,-99.9392,ALTERNATIVE_AVAILABLE,0,1,-298.395451,103.749026,0
53,UES1,29,36,36,1,-74.6478,-79.1793,-91.979,SERVED,0,1,14.171452,92.708592,0
53,UES1,30,37,37,3,-113.101,-107.094,-99.2399,ALTERNATIVE_AVAILABLE,0,1,-54.168708,-300.093009,0
53,UES1,31,38,38,2,-101.222,-113.786,-115.697,PERSISTING,3,1,272.903546,66.331653,0
53,UES1,32,39,39,1,-101.562,-101.203,-80.2533,ALTERNATIVE_AVAILABLE,0,1,58.827865,-200.738031,0
53,UES1,33,40,40,3,-92.3874,-104.964,-99.136,SERVED,0,1,-129.169474,174.139959,0
53,UES1,34,41,41,3,-109.668,-108.378,-109.108,PERSISTING,1,1,20.633983,-279.210972,0
53,UES1,35,42,42,1,-102.375,-98.7927,-90.5074,ALTERNATIVE_AVAILABLE,0,1,211.592629,-111.184334,0
53,UES1,36,43,43,2,-102.292,-107.381,-113.636,PERSISTING,4,1,264.724610,209.180818,0
53,UES1,37,44,44,1,-104.624,-75.128,-104.339,ALTERNATIVE_AVAILABLE,0,1,49.755443,-236.869946,0
53,UES1,38,45,45,1,-107.909,-95.1849,-113.202,ALTERNATIVE_AVAILABLE,0,1,-155.684870,-123.495012,0
53,UES1,39,46,46,4,-88.7734,-89.5814,-105.92,SERVED,0,1,-181.471123,-12.833824,0
53,UES1,40,47,47,4,-108.845,-101.297,-110.063,PERSISTING,0,1,-227.770739,214.853783,0
53,UES1,41,48,48,4,-111.22,-106.509,-115.879,PERSISTING,0,1,-315.228413,-249.929622,0
53,UES1,42,49,49,2,-95.5563,-95.5761,-89.32,SERVED,0,1,69.492537,121.734295,0
53,UES1,43,50,50,1,-103.106,-105.118,-106.738,PERSISTING,1,1,108.050751,-167.104954,0
53,UES1,44,51,51,7,-78.7322,-106.03,-106.591,SERVED,0,1,-56.946771,186.505319,0
53,UES1,45,52,52,4,-100.939,-106.282,-110.005,PERSISTING,2,1,-131.564546,-210.660797,0
53,UES1,46,53,53,4,-107.61,-78.0468,-99.0185,ALTERNATIVE_AVAILABLE,0,1,-148.093937,-249.554326,0
53,UES1,47,54,54,4,-68.973,-102.476,-112.109,SERVED,0,1,-156.643425,-165.899636,0
53,UES1,48,55,55,4,-100.19,-100.33,-111.857,PERSISTING,0,1,-250.819357,-94.445204,0
53,UES1,49,56,56,1,-96.0543,-102.624,-91.8232,SERVED,0,1,129.804471,-95.460880,0
53,UES1,50,57,57,4,-106.679,-105.063,-95.7525,ALTERNATIVE_AVAILABLE,0,1,-107.423649,-209.280454,0
53,UES1,51,58,58,2,-106.346,-86.454,-109.011,ALTERNATIVE_AVAILABLE,0,1,323.061064,53.375791,0
53,UES1,52,59,59,6,-66.0585,-106.085,-118.486,SERVED,0,1,-218.125384,242.684717,0
53,UES1,53,60,60,4,-75.3559,-104.24,-118.782,SERVED,0,1,-343.613553,-76.118870,0
53,UES1,54,61,61,1,-107.16,-69.7929,-107.525,ALTERNATIVE_AVAILABLE,0,1,24.349072,-205.112364,0
53,UES1,55,62,62,2,-99.7013,-99.8757,-110.409,SERVED,0,1,194.042006,-76.036094,0
53,UES1,56,63,63,1,-99.4444,-100.738,-110.829,SERVED,0,1,-18.078528,-177.780801,0
53,UES1,57,64,64,4,-105.003,-100.625,-96.0935,ALTERNATIVE_AVAILABLE,0,1,-171.669797,255.739424,0
53,UES1,58,65,65,4,-111.904,-104.207,-97.1912,ALTERNATIVE_AVAILABLE,0,1,-134.882768,-278.206973,0
53,UES1,59,66,66,5,-98.2283,-108.935,-112.822,SERVED,0,1,267.808396,-237.107894,0
53,UES2,0,67,67,5,-129.081,-118.075,-110.162,PERSISTING,0,1,-356.370205,325.577068,0
53,UES2,1,68,68,3,-119.834,-113.688,-118.984,PERSISTING,2,1,323.849294,354.497098,0
53,UES2,2,69,69,1,-120.218,-115.667,-105.42,PERSISTING,3,1,364.806408,-375.509054,0
53,UES2,3,70,70,6,-95.7337,-116.474,-120.427,SERVED,0,1,-299.340371,328.266205,0
53,UES2,4,71,71,7,-114.843,-117.812,-117.916,PERSISTING,0,1,310.075479,371.256851,0
53,UES2,5,72,72,2,-114.668,-119.2,-115.24,MOVE_REQUIRED,9,1,379.626811,-416.220252,1
53,UES2,6,73,73,3,-119.318,-109.779,-100.678,PERSISTING,0,1,-336.776882,295.365895,0
53,UES2,7,74,74,2,-114.053,-114.675,-120.396,PERSISTING,1,1,309.614741,418.094982,0
53,UES2,8,75,75,4,-120.918,-117.035,-94.0323,ALTERNATIVE_AVAILABLE,0,1,404.160507,-373.827528,0
53,UES2,9,76,76,6,-109.406,-123.447,-120.623,PERSISTING,1,1,-385.536877,372.720236,0
53,UES2,10,77,77,5,-121.997,-114.57,-115.854,PERSISTING,1,1,341.692961,336.779974,0
53,UES2,11,78,78,2,-118.136,-120.827,-96.4263,ALTERNATIVE_AVAILABLE,0,1,396.564312,-410.572491,0
53,UES2,12,79,79,7,-123.569,-116.766,-115.587,PERSISTING,0,1,-373.068725,324.851252,0
53,UES2,13,80,80,7,-103.081,-115.984,-120.648,PERSISTING,1,1,328.173676,282.645692,0
53,UES2,14,81,81,4,-123.145,-112.748,-112.716,PERSISTING,1,1,358.080017,-297.053844,0
53,UES2,15,82,82,3,-116.372,-117.207,-116.687,PERSISTING,1,1,-375.129367,296.232591,0
53,UES2,16,83,83,2,-112.436,-114.488,-100.204,PERSISTING,1,1,359.352190,342.870964,0
53,UES2,17,84,84,5,-106.983,-116.689,-124.215,MOVE_REQUIRED,6,1,352.970993,-312.724814,1
53,UES2,18,85,85,4,-117.454,-113.618,-101.514,PERSISTING,1,1,-398.613844,339.849120,0
53,UES2,19,86,86,3,-119.78,-115.759,-116.801,MOVE_REQUIRED,10,1,347.893307,354.152822,1
53,UES2,20,87,87,5,-110.343,-111.792,-119.694,PERSISTING,5,1,291.647876,-361.497231,0
53,UES2,21,88,88,2,-120.529,-114.198,-118.988,MOVE_REQUIRED,13,1,-367.723352,412.181281,1
53,UES2,22,89,89,6,-124.305,-119.295,-118.984,MOVE_REQUIRED,8,1,304.180617,328.434343,1
53,UES2,23,90,90,5,-105.069,-120.408,-115.769,PERSISTING,2,1,322.465167,-290.289395,0
53,UES2,24,91,91,4,-113.496,-111.558,-111.526,PERSISTING,0,1,-360.342454,341.802436,0
53,UES2,25,92,92,3,-118.831,-113.867,-116.266,PERSISTING,2,1,350.800549,382.026678,0
53,UES2,26,93,93,5,-104.875,-113.527,-113.484,PERSISTING,4,1,289.216921,-331.966716,0
53,UES2,27,94,94,6,-107.268,-118.853,-128.486,PERSISTING,3,1,-354.353340,280.300735,0
53,UES2,28,95,95,6,-127.083,-122.033,-122.791,MOVE_REQUIRED,6,1,405.773329,387.302418,1
53,UES2,29,96,96,6,-120.573,-113.907,-114.743,PERSISTING,0,1,415.441649,-307.988058,0
54,UES1,0,7,7,3,-75.2644,-105.016,-115.798,SERVED,0,1,-179.951836,-254.374833,0
54,UES1,1,8,8,1,-105.012,-106.483,-94.0962,ALTERNATIVE_AVAILABLE,0,1,204.677015,-188.143302,0
54,UES1,2,9,9,4,-106.68,-104.638,-103.86,PERSISTING,2,1,-248.921145,254.524887,0
54,UES1,3,10,10,2,-107.264,-106.273,-95.8671,ALTERNATIVE_AVAILABLE,0,1,193.719777,-207.911541,0
54,UES1,4,11,11,2,-97.0886,-108.114,-99.6359,SERVED,0,1,154.032922,223.849017,0
54,UES1,5,12,12,6,-94.1542,-70.0443,-105.676,SERVED,0,1,-200.041301,153.073816,0
54,UES1,6,13,13,1,-102.181,-101.866,-94.624,ALTERNATIVE_AVAILABLE,0,1,89.166477,190.790256,0
54,UES1,7,14,14,1,-101.459,-70.3881,-102.46,ALTERNATIVE_AVAILABLE,0,1,-7.874594,-195.742919,0
54,UES1,8,15,15,2,-105.541,-74.417,-101.101,ALTERNATIVE_AVAILABLE,0,1,104.219402,-263.687149,0
54,UES1,9,16,16,1,-68.0855,-85.2882,-111.319,SERVED,0,1,155.069941,-24.914200,0
54,UES1,10,17,17,3,-105.081,-101.797,-113.353,PERSISTING,2,1,-81.064942,-241.388660,0
54,UES1,11,18,18,3,-90.8248,-94.9958,-108.283,SERVED,0,1,-173.827323,96.575717,0
54,UES1,12,19,19,5,-105.422,-116.066,-100.711,PERSISTING,0,1,318.678791,-14.316481,0
54,UES1,13,20,20,2,-94.5895,-100.427,-101.623,SERVED,0,1,120.217725,204.897647,0
54,UES1,14,21,21,5,-93.9675,-77.046,-114.069,SERVED,0,1,160.291638,-173.614617,0
54,UES1,15,22,22,1,-96.769,-101.069,-95.1618,SERVED,0,1,76.525369,-172.871049,0
54,UES1,16,23,23,4,-111.025,-108.052,-109.164,PERSISTING,3,1,-319.498014,-37.990030,0
54,UES1,17,24,24,1,-65.329,-91.4701,-97.1491,SERVED,0,1,147.171372,-12.705969,0
54,UES1,18,25,25,1,-99.0072,-78.4688,-101.622,SERVED,0,1,134.213058,-132.674681,0
54,UES1,19,26,26,1,-110.86,-76.4741,-110.477,ALTERNATIVE_AVAILABLE,0,1,-128.146091,-199.806863,0
54,UES1,20,27,27,6,-74.3633,-110.448,-122.109,SERVED,0,1,-219.367893,206.550526,0
54,UES1,21,28,28,2,-112.361,-78.9212,-113.843,ALTERNATIVE_AVAILABLE,0,1,-159.746110,311.641656,0
54,UES1,22,29,29,2,-109.183,-108.487,-114.93,PERSISTING,4,1,274.647460,157.510914,0
54,UES1,23,30,30,1,-105.641,-107.693,-101.722,PERSISTING,0,1,82.828340,-235.943016,0
54,UES1,24,31,31,3,-103.934,-104.591,-97.7435,ALTERNATIVE_AVAILABLE,0,1,-143.357140,207.071052,0
54,UES1,25,32,32,3,-105.924,-104.813,-104.56,PERSISTING,0,1,-42.877041,299.114154,0
54,UES1,26,33,33,5,-114.712,-107.084,-105.16,MOVE_REQUIRED,6,1,288.445437,117.372409,1
54,UES1,27,34,34,2,-69.9794,-74.6776,-105.237,SERVED,0,1,43.537395,209.130239,0
54,UES1,28,35,35,4,-109.556,-110.857,-107.909,PERSISTING,0,1,-303.091342,105.466176,0
54,UES1,29,36,36,1,-102.859,-94.4667,-97.514,ALTERNATIVE_AVAILABLE,0,1,11.730211,97.071585,0
54,UES1,30,37,37,3,-113.482,-110.067,-108.199,PERSISTING,0,1,-56.159020,-304.679421,0
54,UES1,31,38,38,2,-108.246,-115.951,-112.614,PERSISTING,4,1,277.660437,67.872473,0
54,UES1,32,39,39,1,-99.2595,-104.836,-102.273,SERVED,0,1,59.253677,-205.719870,0
54,UES1,33,40,40,3,-100.97,-105.418,-100.163,PERSISTING,0,1,-131.024626,178.783055,0
54,UES1,34,41,41,3,-108.214,-105.083,-104.786,PERSISTING,2,1,22.318093,-283.919073,0
54,UES1,35,42,42,1,-101.093,-98.8283,-102.352,ALTERNATIVE_AVAILABLE,0,1,215.999063,-113.547868,0
54,UES1,36,43,43,2,-71.0423,-107.746,-115.966,SERVED,0,1,268.552132,212.398175,0
54,UES1,37,44,44,1,-109.813,-103.842,-90.4888,ALTERNATIVE_AVAILABLE,0,1,50.836718,-241.751652,0
54,UES1,38,45,45,1,-106.971,-97.7742,-112.972,ALTERNATIVE_AVAILABLE,0,1,-159.957341,-126.091312,0
54,UES1,39,46,46,4,-96.7604,-82.6861,-110.635,SERVED,0,1,-186.464842,-12.603522,0
54,UES1,40,47,47,4,-109.8,-101.602,-95.9245,ALTERNATIVE_AVAILABLE,0,1,-230.286138,219.174461,0
54,UES1,41,48,48,4,-108.013,-115.627,-115.349,PERSISTING,1,1,-319.314293,-252.810651,0
54,UES1,42,49,49,2,-84.8017,-94.3875,-103.744,SERVED,0,1,71.596478,126.270563,0
54,UES1,43,50,50,1,-74.9702,-103.134,-94.4231,SERVED,0,1,111.652210,-170.573311,0
54,UES1,44,51,51,7,-104.612,-108.799,-103.148,PERSISTING,0,1,-58.760060,191.164574,0
54,UES1,45,52,52,4,-103.558,-102.644,-111.578,PERSISTING,3,1,-134.884921,-214.398332,0
54,UES1,46,53,53,4,-106.927,-106.752,-111.196,PERSISTING,0,1,-150.587807,-253.887970,0
54,UES1,47,54,54,4,-100.419,-78.6654,-107.046,ALTERNATIVE_AVAILABLE,0,1,-158.073961,-170.690624,0
54,UES1,48,55,55,4,-103.097,-103.431,-113.303,PERSISTING,1,1,-254.518896,-97.807460,0
54,UES1,49,56,56,1,-91.9279,-79.0242,-80.4543,SERVED,0,1,133.316222,-99.020305,0
54,UES1,50,57,57,4,-103.4,-102.263,-103.688,PERSISTING,0,1,-108.257331,-214.210461,0
54,UES1,51,58,58,2,-74.9559,-118.93,-110.327,SERVED,0,1,325.165005,57.911914,0
54,UES1,52,59,59,6,-81.5491,-110.65,-124.473,SERVED,0,1,-222.114379,245.699333,0
54,UES1,53,60,60,4,-110.569,-108.228,-113.458,PERSISTING,0,1,-348.456564,-77.358126,0
54,UES1,54,61,61,1,-105.327,-103.027,-101.459,PERSISTING,0,1,23.402956,-210.022004,0
54,UES1,55,62,62,2,-98.3093,-94.6882,-104.584,SERVED,0,1,197.844410,-79.283268,0
54,UES1,56,63,63,1,-98.3725,-104.49,-101.203,SERVED,0,1,-17.621617,-182.759918,0
54,UES1,57,64,64,4,-107.548,-79.3343,-98.9935,ALTERNATIVE_AVAILABLE,0,1,-173.448398,260.412195,0
54,UES1,58,65,65,4,-108.226,-112.376,-115.784,PERSISTING,0,1,-136.021456,-283.075539,0
54,UES1,59,66,66,5,-108.089,-109.582,-118.128,PERSISTING,0,1,271.487602,-240.494256,0
54,UES2,0,67,67,5,-128.359,-121.883,-89.3751,ALTERNATIVE_AVAILABLE,0,1,-352.469721,326.465902,0
54,UES2,1,68,68,3,-117.996,-115.673,-116.155,PERSISTING,3,1,322.711803,350.662227,0
54,UES2,2,69,69,1,-120.876,-116.549,-88.2986,ALTERNATIVE_AVAILABLE,0,1,367.571792,-372.619153,0
54,UES2,3,70,70,6,-78.3505,-101.32,-119.236,SERVED,0,1,-301.012519,324.632430,0
54,UES2,4,71,71,7,-117.598,-118.065,-120.323,PERSISTING,1,1,313.785783,372.753718,0
54,UES2,5,72,72,2,-117.672,-119.228,-110.183,MOVE_REQUIRED,10,1,379.309844,-412.232914,1
54,UES2,6,73,73,3,-117.715,-116.335,-112.593,PERSISTING,1,1,-340.470440,296.900092,0
54,UES2,7,74,74,2,-114.842,-117.489,-118.065,PERSISTING,2,1,306.317092,420.359291,0
54,UES2,8,75,75,4,-122.78,-114.549,-110.939,PERSISTING,0,1,405.941501,-370.245959,0
54,UES2,9,76,76,6,-108.833,-120.074,-121.694,PERSISTING,2,1,-386.848999,368.941535,0
54,UES2,10,77,77,5,-119.048,-113.335,-115.077,PERSISTING,2,1,338.049639,338.429813,0
54,UES2,11,78,78,2,-117.046,-113.818,-113.115,PERSISTING,0,1,399.108418,-413.659668,0
54,UES2,12,79,79,7,-120.742,-119.622,-99.8292,ALTERNATIVE_AVAILABLE,0,1,-369.320146,326.250664,0
54,UES2,13,80,80,7,-115.686,-79.6705,-119.496,ALTERNATIVE_AVAILABLE,0,1,332.151907,282.221873,0
54,UES2,14,81,81,4,-118.158,-112.346,-110.495,PERSISTING,2,1,362.079777,-296.961153,0
54,UES2,15,82,82,3,-114.007,-115.124,-113.144,PERSISTING,2,1,-373.922980,295.326034,0
54,UES2,16,83,83,2,-113.938,-117.252,-105.489,PERSISTING,2,1,363.348361,343.053940,0
54,UES2,17,84,84,5,-86.6428,-91.876,-115.934,SERVED,0,1,349.279827,-314.264747,0
54,UES2,18,85,85,4,-115.107,-79.132,-101.541,ALTERNATIVE_AVAILABLE,0,1,-400.881650,336.554005,0
54,UES2,19,86,86,3,-121.892,-110.957,-117.466,MOVE_REQUIRED,11,1,344.367203,352.264287,1
54,UES2,20,87,87,5,-108.994,-111.302,-116.103,MOVE_REQUIRED,6,1,295.397651,-362.890147,1
54,UES2,21,88,88,2,-121.822,-84.6264,-117.687,ALTERNATIVE_AVAILABLE,0,1,-370.914548,414.592715,0
54,UES2,22,89,89,6,-125.261,-119.12,-119.426,MOVE_REQUIRED,9,1,307.609838,330.495779,1
54,UES2,23,90,90,5,-86.1066,-107.89,-112.845,SERVED,0,1,326.140784,-291.868837,0
54,UES2,24,91,91,4,-119.966,-113.588,-104.896,PERSISTING,1,1,-364.049170,343.306315,0
54,UES2,25,92,92,3,-121.439,-117.146,-119.187,PERSISTING,3,1,353.726211,384.754761,0
54,UES2,26,93,93,5,-105.339,-116.216,-121.471,PERSISTING,5,1,291.119917,-328.448017,0
54,UES2,27,94,94,6,-96.2457,-118.478,-121.351,SERVED,0,1,-358.019388,278.701565,0
54,UES2,28,95,95,6,-130.045,-123.077,-119.035,MOVE_REQUIRED,7,1,408.346142,390.365363,1
54,UES2,29,96,96,6,-124.502,-117.27,-113.927,PERSISTING,1,1,417.594630,-304.617000,0
55,UES1,0,7,7,3,-109.427,-107.439,-113.194,PERSISTING,0,1,-182.805732,-258.479788,0
55,UES1,1,8,8,1,-104.286,-104.579,-91.4803,ALTERNATIVE_AVAILABLE,0,1,207.929212,-191.941724,0
55,UES1,2,9,9,4,-111.15,-109.949,-87.0881,ALTERNATIVE_AVAILABLE,0,1,-252.176931,258.319020,0
55,UES1,3,10,10,1,-102.271,-99.1359,-99.2128,ALTERNATIVE_AVAILABLE,0,1,197.619065,-211.042568,0
55,UES1,4,11,11,2,-78.1912,-101.203,-110.828,SERVED,0,1,157.840110,227.091550,0
55,UES1,5,12,12,6,-106.358,-97.6725,-117.751,ALTERNATIVE_AVAILABLE,0,1,-203.133221,157.003194,0
55,UES1,6,13,13,1,-99.2456,-71.8839,-89.1418,SERVED,0,1,89.162889,195.790255,0
55,UES1,7,14,14,1,-104.454,-71.4985,-107.156,ALTERNATIVE_AVAILABLE,0,1,-9.001321,-200.614313,0
55,UES1,8,15,15,2,-107.38,-108.997,-102.004,PERSISTING,0,1,106.604426,-268.081864,0
55,UES1,9,16,16,1,-91.3509,-92.4069,-110.289,SERVED,0,1,159.651006,-26.919591,0
55,UES1,10,17,17,3,-112.31,-80.9097,-110.363,ALTERNATIVE_AVAILABLE,0,1,-81.987136,-246.302861,0
55,UES1,11,18,18,3,-96.6584,-111.343,-107.556,SERVED,0,1,-178.583018,98.116514,0
55,UES1,12,19,19,5,-100.873,-101.474,-111.078,PERSISTING,1,1,323.433291,-12.765494,0
55,UES1,13,20,20,2,-100.937,-99.3948,-106.197,ALTERNATIVE_AVAILABLE,0,1,122.606338,209.290202,0
55,UES1,14,21,21,5,-98.0181,-102.515,-112.938,SERVED,0,1,163.779467,-177.197459,0
55,UES1,15,22,22,1,-101.442,-73.2467,-99.0416,ALTERNATIVE_AVAILABLE,0,1,76.091184,-177.852136,0
55,UES1,16,23,23,4,-110.305,-94.1197,-110.334,ALTERNATIVE_AVAILABLE,0,1,-324.488145,-37.692836,0
55,UES1,17,24,24,1,-94.5874,-86.2188,-88.1473,SERVED,0,1,152.133993,-12.095603,0
55,UES1,18,25,25,1,-98.2674,-99.6728,-88.2863,SERVED,0,1,136.968874,-136.846781,0
55,UES1,19,26,26,3,-107.222,-81.0284,-110.348,ALTERNATIVE_AVAILABLE,0,1,-130.407917,-204.266026,0
55,UES1,20,27,27,6,-96.6721,-100.986,-123.675,SERVED,0,1,-223.203788,209.757054,0
55,UES1,21,28,28,2,-112.664,-111.031,-104.101,PERSISTING,0,1,-161.295060,316.395680,0
55,UES1,22,29,29,2,-76.8435,-107.089,-96.288,SERVED,0,1,278.315900,160.908710,0
55,UES1,23,30,30,1,-106.771,-105.966,-97.4466,ALTERNATIVE_AVAILABLE,0,1,84.248111,-240.737446,0
55,UES1,24,31,31,3,-79.1137,-108.896,-93.7157,SERVED,0,1,-147.689416,209.566615,0
55,UES1,25,32,32,3,-109.717,-105.909,-88.216,ALTERNATIVE_AVAILABLE,0,1,-43.229891,304.101643,0
55,UES1,26,33,33,2,-104.196,-112.92,-104.443,MOVE_REQUIRED,7,1,291.985894,120.904178,1
55,UES1,27,34,34,2,-74.2777,-101.064,-84.1007,SERVED,0,1,43.332861,214.126024,0
55,UES1,28,35,35,4,-110.366,-108.73,-112.547,PERSISTING,1,1,-307.787233,107.183327,0
55,UES1,29,36,36,1,-98.5493,-95.8482,-98.5113,SERVED,0,1,9.288970,101.434574,0
55,UES1,30,37,37,3,-119.082,-112.212,-112.194,PERSISTING,1,1,-58.149331,-309.265831,0
55,UES1,31,38,38,2,-106.135,-113.5,-110.89,PERSISTING,5,1,282.417329,69.413294,0
55,UES1,32,39,39,1,-103.132,-105.971,-90.5904,ALTERNATIVE_AVAILABLE,0,1,59.679489,-210.701710,0
55,UES1,33,40,40,3,-102.174,-113.225,-83.5471,ALTERNATIVE_AVAILABLE,0,1,-132.879778,183.426149,0
55,UES1,34,41,41,3,-112.557,-109.454,-99.0644,ALTERNATIVE_AVAILABLE,0,1,24.002202,-288.627175,0
55,UES1,35,42,42,1,-102.324,-102.133,-92.4007,ALTERNATIVE_AVAILABLE,0,1,220.405497,-115.911404,0
55,UES1,36,43,43,2,-103.54,-105.279,-113.128,PERSISTING,0,1,272.379653,215.615534,0
55,UES1,37,44,44,4,-106.982,-105.084,-106.464,PERSISTING,0,1,51.917993,-246.633358,0
55,UES1,38,45,45,4,-98.447,-103.109,-114.364,SERVED,0,1,-164.229812,-128.687607,0
55,UES1,39,46,46,4,-70.1356,-100.177,-111.394,SERVED,0,1,-191.458562,-12.373220,0
55,UES1,40,47,47,4,-106.55,-103.625,-101.93,PERSISTING,0,1,-232.801538,223.495137,0
55,UES1,41,48,48,4,-109.307,-117.417,-115.069,PERSISTING,2,1,-323.400172,-255.691677,0
55,UES1,42,49,49,2,-88.8691,-97.6896,-97.9204,SERVED,0,1,73.700419,130.806834,0
55,UES1,43,50,50,1,-99.5553,-106.698,-92.0098,SERVED,0,1,115.253669,-174.041668,0
55,UES1,44,51,51,7,-105.35,-106.665,-91.0831,ALTERNATIVE_AVAILABLE,0,1,-60.573348,195.823825,0
55,UES1,45,52,52,4,-106.237,-103.83,-106.778,PERSISTING,4,1,-138.205296,-218.135863,0
55,UES1,46,53,53,4,-106.451,-109.678,-109.244,PERSISTING,1,1,-153.081677,-258.221614,0
55,UES1,47,54,54,4,-103.464,-105.982,-82.4372,ALTERNATIVE_AVAILABLE,0,1,-159.504497,-175.481611,0
55,UES1,48,55,55,4,-103.097,-87.8196,-96.8827,ALTERNATIVE_AVAILABLE,0,1,-258.218435,-101.169707,0
55,UES1,49,56,56,1,-94.4839,-91.1809,-94.4435,SERVED,0,1,136.827973,-102.579731,0
55,UES1,50,57,57,4,-101.045,-72.5512,-113.843,ALTERNATIVE_AVAILABLE,0,1,-109.091013,-219.140468,0
55,UES1,51,58,58,2,-110.991,-114.575,-113.212,PERSISTING,0,1,327.268946,62.448039,0
55,UES1,52,59,59,6,-64.5486,-120.545,-94.3735,SERVED,0,1,-226.103375,248.713949,0
55,UES1,53,60,60,4,-107.476,-110.928,-119.663,PERSISTING,1,1,-353.299575,-78.597378,0
55,UES1,54,61,61,1,-105.771,-106.649,-103.341,PERSISTING,1,1,22.456841,-214.931644,0
55,UES1,55,62,62,2,-100.498,-97.9124,-88.9842,ALTERNATIVE_AVAILABLE,0,1,201.646813,-82.530445,0
55,UES1,56,63,63,1,-98.7844,-105.651,-111.974,SERVED,0,1,-17.164707,-187.739036,0
55,UES1,57,64,64,4,-104.01,-105.053,-96.1697,ALTERNATIVE_AVAILABLE,0,1,-175.227000,265.084965,0
55,UES1,58,65,65,4,-78.3574,-111.301,-115.316,SERVED,0,1,-137.160143,-287.944104,0
55,UES1,59,66,66,5,-91.1639,-107.779,-118.447,SERVED,0,1,275.166807,-243.880621,0
55,UES2,0,67,67,6,-95.4433,-115.559,-120.723,SERVED,0,1,-348.569237,327.354739,0
55,UES2,1,68,68,3,-120.726,-110.087,-101.971,PERSISTING,4,1,321.574311,346.827357,0
55,UES2,2,69,69,1,-116.244,-116.915,-115.111,PERSISTING,0,1,370.337177,-369.729252,0
55,UES2,3,70,70,6,-101.674,-118.325,-118.669,PERSISTING,0,1,-302.684668,320.998656,0
55,UES2,4,71,71,7,-111.898,-116.538,-117.843,PERSISTING,2,1,317.496087,374.250626,0
55,UES2,5,72,72,2,-116.378,-120.251,-110.642,MOVE_REQUIRED,11,1,378.992878,-408.245580,1
55,UES2,6,73,73,3,-114.892,-117.394,-114.564,PERSISTING,2,1,-344.163999,298.434272,0
55,UES2,7,74,74,2,-117.513,-113.129,-119.768,PERSISTING,3,1,303.019443,422.623600,0
55,UES2,8,75,75,4,-118.921,-117.405,-115.081,PERSISTING,1,1,407.722495,-366.664388,0
55,UES2,9,76,76,6,-108.174,-97.3685,-123.234,ALTERNATIVE_AVAILABLE,0,1,-388.161121,365.162835,0
55,UES2,10,77,77,5,-121.301,-90.0033,-112.363,ALTERNATIVE_AVAILABLE,0,1,334.406317,340.079609,0
55,UES2,11,78,78,2,-118.636,-118.08,-114.844,PERSISTING,1,1,401.652524,-416.746890,0
55,UES2,12,79,79,7,-120.826,-81.0607,-101.8,ALTERNATIVE_AVAILABLE,0,1,-365.571567,327.650130,0
55,UES2,13,80,80,7,-119.166,-118.256,-99.9584,ALTERNATIVE_AVAILABLE,0,1,336.130137,281.798052,0
55,UES2,14,81,81,4,-125.239,-111.613,-109.15,PERSISTING,3,1,366.079537,-296.868460,0
55,UES2,15,82,82,3,-114.183,-120.318,-117.928,PERSISTING,3,1,-369.931592,295.600695,0
55,UES2,16,83,83,2,-120.032,-80.7459,-111.572,ALTERNATIVE_AVAILABLE,0,1,367.278030,342.701594,0
55,UES2,17,84,84,5,-101.868,-116.295,-114.558,PERSISTING,0,1,345.588661,-315.804674,0
55,UES2,18,85,85,4,-119.121,-115.619,-117.435,PERSISTING,0,1,-403.149457,333.258890,0
55,UES2,19,86,86,3,-123.353,-116.751,-118.653,MOVE_REQUIRED,12,1,340.841099,350.375797,1
55,UES2,20,87,87,5,-111.092,-82.6435,-119.245,ALTERNATIVE_AVAILABLE,0,1,299.147426,-364.283066,0
55,UES2,21,88,88,2,-121.538,-113.21,-117.313,PERSISTING,0,1,-374.105744,417.004134,0
55,UES2,22,89,89,6,-123.827,-114.081,-100.06,MOVE_REQUIRED,10,1,311.039058,332.557241,1
55,UES2,23,90,90,5,-79.5332,-118.963,-114.37,SERVED,0,1,329.816401,-293.448315,0
55,UES2,24,91,91,4,-120.987,-76.488,-109.573,ALTERNATIVE_AVAILABLE,0,1,-367.755886,344.810194,0
55,UES2,25,92,92,3,-80.0131,-110.72,-112.857,SERVED,0,1,356.651873,387.482848,0
55,UES2,26,93,93,5,-97.9984,-117.654,-117.861,SERVED,0,1,293.022913,-324.929300,0
55,UES2,27,94,94,6,-109.212,-116.075,-122.428,PERSISTING,0,1,-361.685436,277.102413,0
55,UES2,28,95,95,6,-124.558,-117.69,-115.063,MOVE_REQUIRED,8,1,410.918954,393.428308,1
55,UES2,29,96,96,6,-124.483,-114.752,-113.308,PERSISTING,2,1,419.747611,-301.245942,0
56,UES1,0,7,7,3,-108.23,-113.084,-107.219,PERSISTING,1,1,-185.659628,-262.584740,0
56,UES1,1,8,8,1,-104.308,-111.489,-92.4313,ALTERNATIVE_AVAILABLE,0,1,211.181409,-195.740148,0
56,UES1,2,9,9,4,-109.209,-105.838,-88.8508,ALTERNATIVE_AVAILABLE,0,1,-255.432716,262.113149,0
56,UES1,3,10,10,1,-115.157,-99.0404,-95.7411,ALTERNATIVE_AVAILABLE,0,1,201.518352,-214.173597,0
56,UES1,4,11,11,2,-104.153,-103.298,-82.5311,ALTERNATIVE_AVAILABLE,0,1,161.647298,230.334085,0
56,UES1,5,12,12,6,-92.9545,-66.9029,-116.215,SERVED,0,1,-206.225141,160.932572,0
56,UES1,6,13,13,1,-97.265,-77.8591,-107.439,SERVED,0,1,89.159300,200.790253,0
56,UES1,7,14,14,1,-106.447,-97.1815,-106.394,ALTERNATIVE_AVAILABLE,0,1,-10.128048,-205.485708,0
56,UES1,8,15,15,2,-109.743,-100.599,-96.4917,ALTERNATIVE_AVAILABLE,0,1,108.989451,-272.476580,0
56,UES1,9,16,16,1,-88.8436,-88.37,-97.9697,SERVED,0,1,164.232071,-28.924984,0
56,UES1,10,17,17,3,-108.837,-102.4,-109.742,PERSISTING,0,1,-82.909329,-251.217062,0
56,UES1,11,18,18,3,-97.6198,-114.636,-104.092,SERVED,0,1,-183.338714,99.657309,0
56,UES1,12,19,19,5,-111.83,-112.912,-117.696,PERSISTING,2,1,328.187790,-11.214503,0
56,UES1,13,20,20,2,-101.312,-96.7011,-100.464,ALTERNATIVE_AVAILABLE,0,1,124.994950,213.682756,0
56,UES1,14,21,21,5,-101.632,-83.4973,-114.296,ALTERNATIVE_AVAILABLE,0,1,167.267296,-180.780306,0
56,UES1,15,22,22,1,-101.509,-103.55,-100.924,PERSISTING,0,1,75.657000,-182.833222,0
56,UES1,16,23,23,4,-110.193,-106.028,-109.409,PERSISTING,0,1,-329.478276,-37.395642,0
56,UES1,17,24,24,1,-95.8703,-83.8406,-97.5036,SERVED,0,1,157.096614,-11.485237,0
56,UES1,18,25,25,1,-96.5234,-97.9745,-95.7471,SERVED,0,1,139.724689,-141.018881,0
56,UES1,19,26,26,3,-74.0851,-107.541,-116.344,SERVED,0,1,-132.669743,-208.725190,0
56,UES1,20,27,27,6,-64.6981,-114.171,-125.195,SERVED,0,1,-227.039682,212.963580,0
56,UES1,21,28,28,2,-115.614,-107.788,-98.5295,ALTERNATIVE_AVAILABLE,0,1,-162.844010,321.149705,0
56,UES1,22,29,29,2,-109.244,-106.207,-114.992,PERSISTING,0,1,281.984341,164.306507,0
56,UES1,23,30,30,1,-103.514,-105.957,-99.5932,ALTERNATIVE_AVAILABLE,0,1,85.667883,-245.531879,0
56,UES1,24,31,31,3,-104.314,-106.842,-107.926,PERSISTING,0,1,-152.021692,212.062177,0
56,UES1,25,32,32,3,-110.076,-106.814,-94.0379,ALTERNATIVE_AVAILABLE,0,1,-43.582740,309.089132,0
56,UES1,26,33,33,2,-101.916,-111.718,-105.278,MOVE_REQUIRED,8,1,295.526352,124.435952,1
56,UES1,27,34,34,2,-81.5615,-102.418,-95.6285,SERVED,0,1,43.128328,219.121809,0
56,UES1,28,35,35,4,-110,-111.016,-110.598,PERSISTING,2,1,-312.483123,108.900478,0
56,UES1,29,36,36,1,-101.242,-97.6132,-92.8379,ALTERNATIVE_AVAILABLE,0,1,6.847729,105.797559,0
56,UES1,30,37,37,3,-112.869,-111.796,-77.3817,ALTERNATIVE_AVAILABLE,0,1,-60.139642,-313.852239,0
56,UES1,31,38,38,2,-110.232,-86.4754,-92.3204,ALTERNATIVE_AVAILABLE,0,1,287.174221,70.954115,0
56,UES1,32,39,39,1,-98.1436,-85.6568,-102.537,SERVED,0,1,60.105301,-215.683550,0
56,UES1,33,40,40,3,-88.3539,-111.893,-83.1001,SERVED,0,1,-134.734930,188.069242,0
56,UES1,34,41,41,3,-112.336,-111.388,-106.87,PERSISTING,0,1,25.686312,-293.335280,0
56,UES1,35,42,42,1,-102.498,-78.679,-76.3754,ALTERNATIVE_AVAILABLE,0,1,224.811932,-118.274941,0
56,UES1,36,43,43,2,-101.093,-112.377,-110.738,PERSISTING,1,1,276.207175,218.832894,0
56,UES1,37,44,44,4,-104.056,-107.046,-100.502,PERSISTING,1,1,52.999268,-251.515066,0
56,UES1,38,45,45,4,-74.9326,-102.643,-112.773,SERVED,0,1,-168.502283,-131.283897,0
56,UES1,39,46,46,4,-94.8781,-74.425,-104.353,SERVED,0,1,-196.452282,-12.142918,0
56,UES1,40,47,47,4,-102.794,-104.813,-110.428,PERSISTING,1,1,-235.316937,227.815811,0
56,UES1,41,48,48,4,-112.721,-111.629,-114.089,PERSISTING,3,1,-327.486051,-258.572701,0
56,UES1,42,49,49,2,-91.6352,-77.3174,-96.745,SERVED,0,1,75.804359,135.343108,0
56,UES1,43,50,50,1,-102.419,-103.803,-92.7043,ALTERNATIVE_AVAILABLE,0,1,118.855127,-177.510026,0
56,UES1,44,51,51,7,-102.063,-105.494,-86.104,ALTERNATIVE_AVAILABLE,0,1,-62.386637,200.483069,0
56,UES1,45,52,52,4,-103.286,-100.604,-113.124,PERSISTING,5,1,-141.525671,-221.873392,0
56,UES1,46,53,53,4,-105.199,-107.385,-76.5627,ALTERNATIVE_AVAILABLE,0,1,-155.575546,-262.555258,0
56,UES1,47,54,54,4,-98.2104,-102.414,-112.047,SERVED,0,1,-160.935034,-180.272598,0
56,UES1,48,55,55,4,-109.568,-102.676,-111.826,PERSISTING,0,1,-261.917974,-104.531944,0
56,UES1,49,56,56,1,-64.0435,-95.3187,-74.2555,SERVED,0,1,140.339724,-106.139158,0
56,UES1,50,57,57,4,-100.436,-105.949,-112.768,PERSISTING,0,1,-109.924695,-224.070475,0
56,UES1,51,58,58,2,-112.171,-114.479,-114.915,PERSISTING,1,1,329.372887,66.984168,0
56,UES1,52,59,59,6,-81.4869,-97.2557,-120.588,SERVED,0,1,-230.092370,251.728565,0
56,UES1,53,60,60,4,-101.427,-113.174,-120.967,PERSISTING,2,1,-358.142586,-79.836628,0
56,UES1,54,61,61,1,-103.974,-105.317,-97.6755,ALTERNATIVE_AVAILABLE,0,1,21.510725,-219.841284,0
56,UES1,55,62,62,2,-95.7972,-102.866,-98.078,SERVED,0,1,205.449217,-85.777625,0
56,UES1,56,63,63,1,-99.063,-108.203,-91.6145,SERVED,0,1,-16.707797,-192.718154,0
56,UES1,57,64,64,4,-102.931,-103.684,-103.637,PERSISTING,0,1,-177.005601,269.757734,0
56,UES1,58,65,65,4,-108.272,-110.167,-116.618,PERSISTING,0,1,-138.298831,-292.812669,0
56,UES1,59,66,66,5,-86.2284,-109.662,-113.611,SERVED,0,1,278.846012,-247.266989,0
56,UES2,0,67,67,6,-90.9393,-100.766,-120.831,SERVED,0,1,-344.668753,328.243577,0
56,UES2,1,68,68,3,-122.171,-88.2567,-112.616,ALTERNATIVE_AVAILABLE,0,1,320.436820,342.992487,0
56,UES2,2,69,69,1,-119.131,-116.433,-113.687,PERSISTING,1,1,373.102561,-366.839351,0
56,UES2,3,70,70,6,-107.076,-101.219,-119.686,PERSISTING,1,1,-304.356816,317.364882,0
56,UES2,4,71,71,7,-118.072,-116.259,-123.552,PERSISTING,3,1,321.206391,375.747584,0
56,UES2,5,72,72,2,-123.497,-116.041,-110.496,MOVE_REQUIRED,12,1,378.675911,-404.258247,1
56,UES2,6,73,73,3,-113.152,-118.73,-90.24,ALTERNATIVE_AVAILABLE,0,1,-347.857557,299.968433,0
56,UES2,7,74,74,2,-113.314,-116.553,-89.4987,ALTERNATIVE_AVAILABLE,0,1,299.721794,424.887908,0
56,UES2,8,75,75,4,-123.231,-113.484,-110.649,PERSISTING,2,1,408.988208,-363.015114,0
56,UES2,9,76,76,6,-113.085,-123.727,-123.051,PERSISTING,0,1,-389.473244,361.384134,0
56,UES2,10,77,77,5,-118.516,-113.343,-114.057,PERSISTING,0,1,330.762995,341.729354,0
56,UES2,11,78,78,2,-118.88,-118.604,-108.947,PERSISTING,2,1,404.196630,-419.834168,0
56,UES2,12,79,79,7,-120.823,-114.035,-103.696,PERSISTING,0,1,-361.822988,329.049662,0
56,UES2,13,80,80,7,-77.0768,-117.711,-120.963,SERVED,0,1,340.108367,281.374226,0
56,UES2,14,81,81,4,-115.559,-110.364,-105.987,PERSISTING,4,1,370.079298,-296.775765,0
56,UES2,15,82,82,3,-113.912,-117.245,-101.256,PERSISTING,4,1,-365.940205,295.875359,0
56,UES2,16,83,83,2,-113.943,-119.995,-115.962,PERSISTING,0,1,371.107944,341.546260,0
56,UES2,17,84,84,5,-103.314,-116.761,-116.59,PERSISTING,1,1,341.897495,-317.344594,0
56,UES2,18,85,85,4,-83.6556,-114.96,-120.895,SERVED,0,1,-405.417264,329.963776,0
56,UES2,19,86,86,3,-119.156,-115.173,-117.304,MOVE_REQUIRED,13,1,337.314994,348.487398,1
56,UES2,20,87,87,5,-107.634,-113.963,-112.557,PERSISTING,0,1,302.897202,-365.675989,0
56,UES2,21,88,88,2,-112.038,-121.026,-116.194,PERSISTING,1,1,-377.296940,419.415537,0
56,UES2,22,89,89,6,-127.593,-116.713,-119.406,MOVE_REQUIRED,11,1,314.468278,334.618733,1
56,UES2,23,90,90,5,-95.2753,-113.834,-121.257,SERVED,0,1,333.492018,-295.027835,0
56,UES2,24,91,91,4,-115.249,-115.07,-115.487,PERSISTING,0,1,-371.462601,346.314070,0
56,UES2,25,92,92,3,-119.565,-113.41,-117.165,PERSISTING,0,1,359.577535,390.210939,0
56,UES2,26,93,93,5,-100.448,-120.188,-119.735,PERSISTING,0,1,294.925909,-321.410561,0
56,UES2,27,94,94,6,-112.411,-119.89,-120.573,PERSISTING,1,1,-365.351484,275.503283,0
56,UES2,28,95,95,6,-129.345,-121.093,-121.195,MOVE_REQUIRED,9,1,413.491766,396.491254,1
56,UES2,29,96,96,6,-123.003,-111.222,-111.534,PERSISTING,3,1,421.900592,-297.874883,0
57,UES1,0,7,7,3,-96.1,-103.026,-113.353,SERVED,0,1,-188.513523,-266.689691,0
57,UES1,1,8,8,5,-93.5311,-84.6533,-116.202,SERVED,0,1,214.433607,-199.538575,0
57,UES1,2,9,9,3,-104.731,-95.7393,-107.461,ALTERNATIVE_AVAILABLE,0,1,-258.688502,265.907276,0
57,UES1,3,10,10,1,-89.4897,-106.693,-99.0714,SERVED,0,1,205.417640,-217.304628,0
57,UES1,4,11,11,7,-103.598,-103.858,-113.808,PERSISTING,0,1,165.454486,233.576623,0
57,UES1,5,12,12,6,-101.27,-103.682,-117.326,PERSISTING,0,1,-209.317061,164.861951,0
57,UES1,6,13,13,1,-99.668,-104.304,-89.8893,SERVED,0,1,89.155712,205.790252,0
57,UES1,7,14,14,1,-99.5134,-106.577,-83.2008,SERVED,0,1,-11.254774,-210.357102,0
57,UES1,8,15,15,2,-107.315,-97.7616,-110.873,ALTERNATIVE_AVAILABLE,0,1,111.374475,-276.871297,0
57,UES1,9,16,16,1,-85.3425,-94.5335,-110.866,SERVED,0,1,168.813136,-30.930378,0
57,UES1,10,17,17,3,-72.9549,-104.916,-111.89,SERVED,0,1,-83.831523,-256.131262,0
57,UES1,11,18,18,3,-94.4549,-89.4423,-94.2038,SERVED,0,1,-188.094410,101.198102,0
57,UES1,12,19,19,5,-105.583,-103.973,-119.389,PERSISTING,3,1,332.942290,-9.663507,0
57,UES1,13,20,20,2,-92.4406,-91.3661,-101.317,SERVED,0,1,127.383563,218.075311,0
57,UES1,14,21,21,2,-109.612,-101.322,-92.6089,ALTERNATIVE_AVAILABLE,0,1,170.755125,-184.363160,0
57,UES1,15,22,22,1,-102.373,-103.61,-104.112,PERSISTING,1,1,75.222815,-187.814306,0
57,UES1,16,23,23,4,-111.193,-109.668,-106.4,PERSISTING,1,1,-334.468408,-37.098450,0
57,UES1,17,24,24,1,-81.068,-72.5685,-103.107,SERVED,0,1,162.059235,-10.874871,0
57,UES1,18,25,25,1,-95.4713,-102.482,-84.0068,SERVED,0,1,142.480505,-145.190981,0
57,UES1,19,26,26,3,-110.017,-102.301,-114.872,PERSISTING,0,1,-134.931569,-213.184354,0
57,UES1,20,27,27,6,-94.5312,-104.912,-125.87,SERVED,0,1,-230.875577,216.170104,0
57,UES1,21,28,28,2,-116.657,-98.7994,-97.9351,ALTERNATIVE_AVAILABLE,0,1,-164.392960,325.903730,0
57,UES1,22,29,29,2,-104.37,-108.593,-94.3236,ALTERNATIVE_AVAILABLE,0,1,285.652781,167.704305,0
57,UES1,23,30,30,1,-106.512,-87.3584,-89.7342,ALTERNATIVE_AVAILABLE,0,1,87.087654,-250.326313,0
57,UES1,24,31,31,3,-96.4884,-105.777,-93.8087,SERVED,0,1,-156.353969,214.557738,0
57,UES1,25,32,32,3,-96.6846,-91.3537,-108.319,SERVED,0,1,-43.935590,314.076621,0
57,UES1,26,33,33,2,-102.316,-114.403,-112.106,MOVE_REQUIRED,9,1,299.066809,127.967731,1
57,UES1,27,34,34,2,-88.0804,-104.03,-100.781,SERVED,0,1,42.923795,224.117594,0
57,UES1,28,35,35,4,-93.5486,-111.784,-114.116,SERVED,0,1,-317.179014,110.617628,0
57,UES1,29,36,36,1,-102.521,-89.8168,-90.4482,ALTERNATIVE_AVAILABLE,0,1,4.406488,110.160538,0
57,UES1,30,37,37,3,-100.995,-108.884,-111.919,PERSISTING,0,1,-62.129953,-318.438644,0
57,UES1,31,38,38,2,-104.343,-115.607,-93.6603,ALTERNATIVE_AVAILABLE,0,1,291.931113,72.494938,0
57,UES1,32,39,39,1,-99.7787,-103.001,-107.588,SERVED,0,1,60.531113,-220.665390,0
57,UES1,33,40,40,3,-101.488,-110.274,-90.3175,ALTERNATIVE_AVAILABLE,0,1,-136.590082,192.712334,0
57,UES1,34,41,41,5,-104.698,-97.2147,-84.8612,ALTERNATIVE_AVAILABLE,0,1,27.370422,-298.043386,0
57,UES1,35,42,42,2,-105.043,-101.089,-107.28,PERSISTING,0,1,229.218366,-120.638479,0
57,UES1,36,43,43,2,-111.963,-107.245,-87.311,ALTERNATIVE_AVAILABLE,0,1,280.034697,222.050256,0
57,UES1,37,44,44,4,-107.971,-88.4905,-90.7768,ALTERNATIVE_AVAILABLE,0,1,54.080542,-256.396774,0
57,UES1,38,45,45,4,-91.5551,-86.0695,-115.113,SERVED,0,1,-172.774754,-133.880183,0
57,UES1,39,46,46,4,-88.0303,-94.1747,-114.15,SERVED,0,1,-201.446002,-11.912617,0
57,UES1,40,47,47,4,-107.021,-102.98,-87.8403,ALTERNATIVE_AVAILABLE,0,1,-237.832336,232.136482,0
57,UES1,41,48,48,4,-109.566,-113.247,-92.9994,ALTERNATIVE_AVAILABLE,0,1,-331.571931,-261.453721,0
57,UES1,42,49,49,2,-97.8697,-81.1287,-94.8355,SERVED,0,1,77.908300,139.879385,0
57,UES1,43,50,50,1,-103.003,-103.619,-93.1263,ALTERNATIVE_AVAILABLE,0,1,122.456586,-180.978383,0
57,UES1,44,51,51,6,-82.6756,-103.334,-105.137,SERVED,0,1,-64.199925,205.142308,0
57,UES1,45,52,52,4,-83.3069,-106.757,-113.093,SERVED,0,1,-144.846046,-225.610917,0
57,UES1,46,53,53,4,-99.3027,-108.738,-111.815,SERVED,0,1,-158.069416,-266.888901,0
57,UES1,47,54,54,4,-102.976,-81.1301,-112.817,ALTERNATIVE_AVAILABLE,0,1,-162.365570,-185.063586,0
57,UES1,48,55,55,4,-101.806,-99.3753,-111.918,ALTERNATIVE_AVAILABLE,0,1,-265.617752,-107.894173,0
57,UES1,49,56,56,1,-77.145,-98.3405,-79.0109,SERVED,0,1,143.851475,-109.698585,0
57,UES1,50,57,57,4,-105.088,-106.619,-97.0389,ALTERNATIVE_AVAILABLE,0,1,-110.758377,-229.000481,0
57,UES1,51,58,58,2,-114.248,-120.774,-115.986,PERSISTING,2,1,331.476828,71.520298,0
57,UES1,52,59,59,6,-95.6463,-116.561,-122.142,SERVED,0,1,-234.081365,254.743181,0
57,UES1,53,60,60,4,-108.953,-110.499,-115.974,PERSISTING,3,1,-362.985597,-81.075875,0
57,UES1,54,61,61,1,-97.9652,-84.9859,-107.607,SERVED,0,1,20.564610,-224.750923,0
57,UES1,55,62,62,2,-86.0385,-100.998,-109.931,SERVED,0,1,209.251621,-89.024808,0
57,UES1,56,63,63,1,-89.8778,-99.5615,-87.7962,SERVED,0,1,-16.250886,-197.697272,0
57,UES1,57,64,64,3,-105.08,-98.8282,-101.708,ALTERNATIVE_AVAILABLE,0,1,-178.784202,274.430502,0
57,UES1,58,65,65,4,-85.6094,-108.38,-109.819,SERVED,0,1,-139.437519,-297.681234,0
57,UES1,59,66,66,5,-113.806,-109.953,-114.911,PERSISTING,0,1,282.525217,-250.653360,0
57,UES2,0,67,67,6,-111.451,-118.157,-122.7,PERSISTING,0,1,-340.768269,329.132417,0
57,UES2,1,68,68,3,-121.235,-95.9031,-113.449,ALTERNATIVE_AVAILABLE,0,1,319.299328,339.157618,0
57,UES2,2,69,69,1,-113.968,-93.7595,-89.189,ALTERNATIVE_AVAILABLE,0,1,375.867946,-363.949450,0
57,UES2,3,70,70,6,-105.989,-116.023,-118.881,PERSISTING,2,1,-306.028965,313.731108,0
57,UES2,4,71,71,7,-115.96,-110.245,-120.703,PERSISTING,4,1,324.916695,377.244608,0
57,UES2,5,72,72,2,-118.427,-104.007,-112.26,MOVE_REQUIRED,13,1,378.358945,-400.270917,1
57,UES2,6,73,73,3,-111.464,-117.335,-116.829,PERSISTING,0,1,-351.551116,301.502574,0
57,UES2,7,74,74,2,-119.923,-93.5414,-119.178,ALTERNATIVE_AVAILABLE,0,1,297.881474,426.760193,0
57,UES2,8,75,75,4,-124.827,-115.395,-115.85,PERSISTING,3,1,408.192802,-359.095073,0
57,UES2,9,76,76,6,-84.1392,-120.736,-122.593,SERVED,0,1,-390.785366,357.605434,0
57,UES2,10,77,77,5,-124,-115.631,-109.883,PERSISTING,1,1,327.119673,343.379038,0
57,UES2,11,78,78,2,-117.927,-118.665,-113.018,PERSISTING,3,1,406.740736,-422.921515,0
57,UES2,12,79,79,7,-124.303,-115.481,-117.604,PERSISTING,1,1,-358.074409,330.449276,0
57,UES2,13,80,80,7,-110.949,-116.282,-99.2019,ALTERNATIVE_AVAILABLE,0,1,344.086598,280.950398,0
57,UES2,14,81,81,4,-120.716,-112.022,-107.841,PERSISTING,5,1,374.079058,-296.683068,0
57,UES2,15,82,82,3,-114.135,-110.394,-118.315,PERSISTING,5,1,-361.948817,296.150029,0
57,UES2,16,83,83,2,-109.433,-115.288,-117.085,PERSISTING,1,1,374.937858,340.390923,0
57,UES2,17,84,84,5,-97.5999,-115.512,-123.176,SERVED,0,1,338.206328,-318.884506,0
57,UES2,18,85,85,4,-116.326,-113.737,-119.102,PERSISTING,0,1,-407.685070,326.668663,0
57,UES2,19,86,86,3,-106.35,-115.203,-112.949,MOVE_REQUIRED,14,1,333.861374,348.990362,1
57,UES2,20,87,87,5,-82.8229,-114.557,-118.042,SERVED,0,1,306.646977,-367.068916,0
57,UES2,21,88,88,2,-123.226,-114.666,-115.964,PERSISTING,2,1,-380.488136,421.826923,0
57,UES2,22,89,89,6,-124.698,-105.295,-117.977,MOVE_REQUIRED,12,1,317.897498,336.680255,1
57,UES2,23,90,90,5,-98.6452,-117.775,-119.614,SERVED,0,1,337.167635,-296.607404,0
57,UES2,24,91,91,6,-116.197,-111.432,-121.296,PERSISTING,1,1,-375.169317,347.817945,0
57,UES2,25,92,92,3,-124.793,-115.408,-116.378,PERSISTING,1,1,362.503197,392.939035,0
57,UES2,26,93,93,5,-96.3082,-108.535,-118.022,SERVED,0,1,296.828905,-317.891801,0
57,UES2,27,94,94,6,-113.793,-120.572,-125.52,PERSISTING,2,1,-369.017532,273.904176,0
57,UES2,28,95,95,6,-127.57,-125.119,-115.834,MOVE_REQUIRED,10,1,416.064578,399.554200,1
57,UES2,29,96,96,6,-124.049,-102.279,-113.223,PERSISTING,4,1,424.053573,-294.503824,0
58,UES1,0,7,7,3,-109.615,-91.0265,-115.77,ALTERNATIVE_AVAILABLE,0,1,-191.367419,-270.794639,0
58,UES1,1,8,8,5,-96.8644,-105.463,-112.9,SERVED,0,1,217.685804,-203.337005,0
58,UES1,2,9,9,3,-107.28,-76.1227,-89.7769,ALTERNATIVE_AVAILABLE,0,1,-261.944288,269.701400,0
58,UES1,3,10,10,1,-104.932,-110.375,-92.4801,ALTERNATIVE_AVAILABLE,0,1,209.316928,-220.435662,0
58,UES1,4,11,11,7,-111.503,-75.8567,-120.77,ALTERNATIVE_AVAILABLE,0,1,169.261674,236.819164,0
58,UES1,5,12,12,6,-90.2661,-93.6272,-114.98,SERVED,0,1,-212.408980,168.791329,0
58,UES1,6,13,13,1,-102.615,-98.8696,-111.839,ALTERNATIVE_AVAILABLE,0,1,89.152124,210.790251,0
58,UES1,7,14,14,1,-104.88,-104.871,-105.699,PERSISTING,0,1,-12.381501,-215.228496,0
58,UES1,8,15,15,2,-92.9261,-95.9975,-82.2302,SERVED,0,1,113.759500,-281.266015,0
58,UES1,9,16,16,1,-95.9002,-85.9413,-109.995,SERVED,0,1,173.394201,-32.935775,0
58,UES1,10,17,17,3,-110.344,-102.196,-108.029,PERSISTING,0,1,-84.753716,-261.045462,0
58,UES1,11,18,18,3,-85.2427,-95.1034,-106.122,SERVED,0,1,-192.850105,102.738894,0
58,UES1,12,19,19,5,-110.415,-98.9329,-114.102,ALTERNATIVE_AVAILABLE,0,1,337.696789,-8.112507,0
58,UES1,13,20,20,2,-82.8686,-105.411,-103.78,SERVED,0,1,129.772176,222.467865,0
58,UES1,14,21,21,2,-108.375,-102.607,-82.4192,ALTERNATIVE_AVAILABLE,0,1,174.242954,-187.946019,0
58,UES1,15,22,22,1,-98.4235,-95.2473,-81.1593,SERVED,0,1,74.788631,-192.795390,0
58,UES1,16,23,23,4,-108.203,-114.797,-74.4837,ALTERNATIVE_AVAILABLE,0,1,-339.458539,-36.801260,0
58,UES1,17,24,24,1,-93.4183,-89.935,-109.236,SERVED,0,1,167.021856,-10.264504,0
58,UES1,18,25,25,1,-83.421,-86.0017,-89.6932,SERVED,0,1,145.236320,-149.363082,0
58,UES1,19,26,26,3,-107.041,-103.455,-113.948,PERSISTING,1,1,-137.193395,-217.643517,0
58,UES1,20,27,27,6,-94.7276,-111.895,-120.184,SERVED,0,1,-234.711471,219.376627,0
58,UES1,21,28,28,2,-111.546,-107.85,-109.946,PERSISTING,0,1,-165.941910,330.657755,0
58,UES1,22,29,29,2,-89.3986,-109.231,-106.068,SERVED,0,1,289.321221,171.102104,0
58,UES1,23,30,30,1,-105.005,-105.381,-98.8926,ALTERNATIVE_AVAILABLE,0,1,88.507425,-255.120748,0
58,UES1,24,31,31,3,-105.315,-106.172,-88.3411,ALTERNATIVE_AVAILABLE,0,1,-160.686245,217.053298,0
58,UES1,25,32,32,3,-106.204,-106.482,-98.4216,ALTERNATIVE_AVAILABLE,0,1,-44.288439,319.064109,0
58,UES1,26,33,33,2,-110.677,-107.541,-96.1195,ALTERNATIVE_AVAILABLE,0,1,302.607267,131.499516,0
58,UES1,27,34,34,2,-100.186,-106.089,-104.941,PERSISTING,0,1,42.719262,229.113378,0
58,UES1,28,35,35,4,-106.676,-110.224,-114.174,PERSISTING,0,1,-321.874905,112.334779,0
58,UES1,29,36,36,1,-104.095,-79.0913,-102.868,ALTERNATIVE_AVAILABLE,0,1,1.965246,114.523513,0
58,UES1,30,37,37,3,-111.716,-109.332,-107.923,PERSISTING,1,1,-64.120265,-323.025047,0
58,UES1,31,38,38,2,-108.427,-109.958,-113.254,PERSISTING,0,1,296.688004,74.035761,0
58,UES1,32,39,39,1,-110.087,-91.2891,-104.999,ALTERNATIVE_AVAILABLE,0,1,60.956924,-225.647230,0
58,UES1,33,40,40,3,-98.2126,-112.377,-105.647,SERVED,0,1,-138.445234,197.355423,0
58,UES1,34,41,41,5,-109.665,-109.192,-91.1784,ALTERNATIVE_AVAILABLE,0,1,29.054531,-302.751494,0
58,UES1,35,42,42,2,-106.385,-95.3089,-92.9407,ALTERNATIVE_AVAILABLE,0,1,233.624800,-123.002019,0
58,UES1,36,43,43,2,-110.531,-89.6592,-111.442,ALTERNATIVE_AVAILABLE,0,1,283.862219,225.267619,0
58,UES1,37,44,44,4,-105.832,-92.4791,-104.48,ALTERNATIVE_AVAILABLE,0,1,55.161817,-261.278483,0
58,UES1,38,45,45,4,-74.5368,-101.119,-114.14,SERVED,0,1,-177.047225,-136.476464,0
58,UES1,39,46,46,4,-88.1313,-80.8599,-108.93,SERVED,0,1,-206.439721,-11.682316,0
58,UES1,40,47,47,4,-88.7735,-89.384,-89.5605,SERVED,0,1,-240.347736,236.457150,0
58,UES1,41,48,48,4,-115.081,-97.9579,-115.974,ALTERNATIVE_AVAILABLE,0,1,-335.657810,-264.334740,0
58,UES1,42,49,49,2,-93.4811,-101.39,-92.2045,SERVED,0,1,80.012241,144.415665,0
58,UES1,43,50,50,1,-110.255,-91.3417,-107.131,ALTERNATIVE_AVAILABLE,0,1,126.058045,-184.446740,0
58,UES1,44,51,51,6,-94.8227,-107.085,-107.778,SERVED,0,1,-66.013213,209.801541,0
58,UES1,45,52,52,4,-106.889,-93.5373,-90.7041,ALTERNATIVE_AVAILABLE,0,1,-148.166421,-229.348439,0
58,UES1,46,53,53,4,-107.697,-96.3742,-116.029,ALTERNATIVE_AVAILABLE,0,1,-160.563285,-271.222545,0
58,UES1,47,54,54,4,-98.6238,-103.383,-117.612,SERVED,0,1,-163.796106,-189.854573,0
58,UES1,48,55,55,4,-85.5401,-84.8222,-115.647,SERVED,0,1,-269.318487,-111.256398,0
58,UES1,49,56,56,1,-96.8236,-99.6171,-99.4471,SERVED,0,1,147.363226,-113.258014,0
58,UES1,50,57,57,4,-85.1498,-107.276,-105.67,SERVED,0,1,-111.592059,-233.930488,0
58,UES1,51,58,58,2,-107.849,-102.225,-111.69,PERSISTING,3,1,333.580768,76.056432,0
58,UES1,52,59,59,6,-99.168,-110.895,-117.153,SERVED,0,1,-238.070360,257.757797,0
58,UES1,53,60,60,4,-110.466,-92.3202,-116.249,ALTERNATIVE_AVAILABLE,0,1,-367.828608,-82.315119,0
58,UES1,54,61,61,1,-104.691,-104.081,-108.588,PERSISTING,0,1,19.618494,-229.660562,0
58,UES1,55,62,62,2,-102.244,-90.2143,-105.939,ALTERNATIVE_AVAILABLE,0,1,213.054024,-92.271993,0
58,UES1,56,63,63,1,-98.8847,-87.2041,-108.45,SERVED,0,1,-15.793976,-202.676391,0
58,UES1,57,64,64,3,-107.224,-105.298,-100.764,PERSISTING,0,1,-180.562804,279.103268,0
58,UES1,58,65,65,4,-114.099,-112.868,-108.095,PERSISTING,0,1,-140.576206,-302.549798,0
58,UES1,59,66,66,5,-105.376,-111.47,-119.335,PERSISTING,1,1,286.204423,-254.039735,0
58,UES2,0,67,67,6,-110.57,-122.001,-121.228,PERSISTING,1,1,-336.867786,330.021259,0
58,UES2,1,68,68,3,-118.74,-113.92,-113.91,PERSISTING,0,1,318.161836,335.322750,0
58,UES2,2,69,69,1,-117.497,-118.229,-108.996,PERSISTING,0,1,378.633330,-361.059549,0
58,UES2,3,70,70,6,-105.878,-105.53,-122.671,PERSISTING,3,1,-307.701113,310.097334,0
58,UES2,4,71,71,7,-112.104,-100.83,-126.767,PERSISTING,5,1,328.626998,378.741729,0
58,UES2,5,72,72,2,-99.8422,-95.9936,-112.24,SERVED,0,1,378.041978,-396.283590,0
58,UES2,6,73,73,3,-114.435,-97.1687,-116.804,ALTERNATIVE_AVAILABLE,0,1,-355.244674,303.036693,0
58,UES2,7,74,74,2,-122.562,-115.879,-116.52,PERSISTING,0,1,301.870469,427.064398,0
58,UES2,8,75,75,4,-119.527,-115.221,-112.223,PERSISTING,4,1,407.397395,-355.175035,0
58,UES2,9,76,76,6,-113.948,-104.323,-120.508,PERSISTING,0,1,-392.097488,353.826733,0
58,UES2,10,77,77,5,-115.745,-113.406,-118.047,PERSISTING,2,1,323.476350,345.028643,0
58,UES2,11,78,78,2,-119.253,-100.455,-90.1043,ALTERNATIVE_AVAILABLE,0,1,409.284841,-426.008950,0
58,UES2,12,79,79,7,-122.759,-116.454,-117.052,PERSISTING,2,1,-354.326547,331.848983,0
58,UES2,13,80,80,7,-113.598,-116.557,-122.035,PERSISTING,0,1,348.064828,280.526565,0
58,UES2,14,81,81,4,-116.292,-113.244,-103.828,MOVE_REQUIRED,6,1,378.078818,-296.590368,1
58,UES2,15,82,82,3,-114.044,-111.887,-116.196,MOVE_REQUIRED,6,1,-357.957430,296.424703,1
58,UES2,16,83,83,2,-111.404,-116.114,-116.58,PERSISTING,2,1,378.767772,339.235583,0
58,UES2,17,84,84,5,-75.1012,-107.064,-120.588,SERVED,0,1,334.515162,-320.424411,0
58,UES2,18,85,85,4,-114.557,-114.577,-121.356,PERSISTING,1,1,-409.952877,323.373556,0
58,UES2,19,86,86,3,-120.315,-113.577,-115.574,MOVE_REQUIRED,15,1,330.456075,351.087435,1
58,UES2,20,87,87,5,-107.757,-110.379,-118.831,PERSISTING,0,1,310.396752,-368.461846,0
58,UES2,21,88,88,2,-123.411,-115.355,-116.901,PERSISTING,3,1,-383.679333,424.238289,0
58,UES2,22,89,89,6,-127.203,-118.795,-108.468,MOVE_REQUIRED,13,1,321.326718,338.741811,1
58,UES2,23,90,90,5,-99.6946,-122.072,-125.901,SERVED,0,1,340.843252,-298.187030,0
58,UES2,24,91,91,6,-115.805,-112.793,-122.928,PERSISTING,2,1,-378.876032,349.321818,0
58,UES2,25,92,92,3,-101.423,-93.579,-114.735,ALTERNATIVE_AVAILABLE,0,1,365.428859,395.667137,0
58,UES2,26,93,93,5,-94.7178,-120.68,-119.517,SERVED,0,1,298.731901,-314.373014,0
58,UES2,27,94,94,6,-112.685,-118.354,-124.888,PERSISTING,3,1,-372.683580,272.305096,0
58,UES2,28,95,95,6,-124.996,-117.945,-123.082,MOVE_REQUIRED,11,1,418.637391,402.617147,1
58,UES2,29,96,96,6,-122.472,-117.077,-112.441,PERSISTING,5,1,426.206554,-291.132764,0
59,UES1,0,7,7,3,-113.502,-107.974,-118.506,PERSISTING,0,1,-194.221315,-274.899584,0
59,UES1,1,8,8,5,-100.605,-100.137,-112.365,PERSISTING,0,1,220.938001,-207.135437,0
59,UES1,2,9,9,3,-111.644,-113.028,-101.9,PERSISTING,0,1,-265.200073,273.495521,0
59,UES1,3,10,10,1,-103.721,-112.374,-94.1311,ALTERNATIVE_AVAILABLE,0,1,213.216215,-223.566698,0
59,UES1,4,11,11,7,-104.782,-84.5788,-116.264,ALTERNATIVE_AVAILABLE,0,1,173.068862,240.061708,0
59,UES1,5,12,12,6,-82.802,-100.305,-109.69,SERVED,0,1,-215.500900,172.720707,0
59,UES1,6,13,13,1,-104.85,-106.561,-105.014,PERSISTING,0,1,89.148535,215.790249,0
59,UES1,7,14,14,1,-100.664,-101.392,-113.035,PERSISTING,1,1,-13.508228,-220.099891,0
59,UES1,8,15,15,2,-110.52,-109.01,-99.7364,ALTERNATIVE_AVAILABLE,0,1,116.144524,-285.660734,0
59,UES1,9,16,16,1,-74.636,-112.054,-97.5565,SERVED,0,1,177.975266,-34.941174,0
59,UES1,10,17,17,3,-110.154,-108.882,-114.202,PERSISTING,1,1,-85.675910,-265.959662,0
59,UES1,11,18,18,3,-96.7291,-82.3912,-104.98,SERVED,0,1,-197.605801,104.279683,0
59,UES1,12,19,19,1,-122.055,-122.065,-108.57,PERSISTING,0,1,342.451289,-6.561502,0
59,UES1,13,20,20,2,-98.8123,-96.1456,-97.2913,SERVED,0,1,132.160789,226.860419,0
59,UES1,14,21,21,2,-109.646,-93.8086,-100.026,ALTERNATIVE_AVAILABLE,0,1,177.730783,-191.528886,0
59,UES1,15,22,22,1,-103.651,-107.156,-92.0195,ALTERNATIVE_AVAILABLE,0,1,74.354446,-197.776471,0
59,UES1,16,23,23,4,-112.989,-110.951,-77.4166,ALTERNATIVE_AVAILABLE,0,1,-344.448671,-36.504070,0
59,UES1,17,24,24,2,-88.8251,-94.7556,-101.645,SERVED,0,1,171.984477,-9.654138,0
59,UES1,18,25,25,1,-101.368,-106.768,-101.199,PERSISTING,0,1,147.992136,-153.535183,0
59,UES1,19,26,26,3,-107.321,-103.252,-115.056,PERSISTING,2,1,-139.455221,-222.102681,0
59,UES1,20,27,27,6,-93.791,-114.014,-121.275,SERVED,0,1,-238.547365,222.583148,0
59,UES1,21,28,28,2,-113.109,-86.8478,-116.292,ALTERNATIVE_AVAILABLE,0,1,-167.490861,335.411780,0
59,UES1,22,29,29,2,-108.983,-81.8564,-110.392,ALTERNATIVE_AVAILABLE,0,1,292.989662,174.499904,0
59,UES1,23,30,30,1,-104.588,-113.568,-93.3362,ALTERNATIVE_AVAILABLE,0,1,89.927197,-259.915186,0
59,UES1,24,31,31,3,-102.996,-103.097,-90.1601,ALTERNATIVE_AVAILABLE,0,1,-165.018521,219.548857,0
59,UES1,25,32,32,3,-109.693,-110.564,-95.6673,ALTERNATIVE_AVAILABLE,0,1,-44.641289,324.051597,0
59,UES1,26,33,33,2,-110.47,-112.988,-112.38,PERSISTING,0,1,306.147724,135.031305,0
59,UES1,27,34,34,2,-84.8283,-96.1943,-105.915,SERVED,0,1,42.514729,234.109162,0
59,UES1,28,35,35,4,-108.775,-115.491,-112.934,PERSISTING,1,1,-326.570795,114.051929,0
59,UES1,29,36,36,3,-98.2025,-98.3922,-97.4429,SERVED,0,1,-0.475995,118.886483,0
59,UES1,30,37,37,3,-110.114,-113.076,-112.165,PERSISTING,2,1,-66.110576,-327.611447,0
59,UES1,31,38,38,2,-74.1067,-115.011,-115.478,SERVED,0,1,301.444896,75.576586,0
59,UES1,32,39,39,2,-97.2937,-104.738,-94.4639,SERVED,0,1,61.382736,-230.629070,0
59,UES1,33,40,40,3,-93.6754,-105.725,-103.425,SERVED,0,1,-140.300386,201.998508,0
59,UES1,34,41,41,5,-108.424,-106.742,-83.6167,ALTERNATIVE_AVAILABLE,0,1,30.738641,-307.459603,0
59,UES1,35,42,42,2,-111.462,-78.1917,-95.8027,ALTERNATIVE_AVAILABLE,0,1,238.031235,-125.365560,0
59,UES1,36,43,43,2,-103.417,-112.914,-112.493,PERSISTING,0,1,287.689740,228.484984,0
59,UES1,37,44,44,4,-112.69,-108.736,-106.234,PERSISTING,0,1,56.243092,-266.160193,0
59,UES1,38,45,45,4,-87.0735,-90.5285,-112.446,SERVED,0,1,-181.319696,-139.072740,0
59,UES1,39,46,46,4,-80.5745,-100.295,-109.966,SERVED,0,1,-211.433441,-11.452015,0
59,UES1,40,47,47,4,-106.491,-107.208,-107.355,PERSISTING,0,1,-242.863135,240.777816,0
59,UES1,41,48,48,4,-114.184,-111.985,-117.513,PERSISTING,0,1,-339.743690,-267.215755,0
59,UES1,42,49,49,2,-90.0252,-97.9791,-103.19,SERVED,0,1,82.116182,148.951949,0
59,UES1,43,50,50,1,-99.759,-105.979,-102.521,SERVED,0,1,129.659503,-187.915098,0
59,UES1,44,51,51,6,-87.8109,-102.571,-106.724,SERVED,0,1,-67.826502,214.460768,0
59,UES1,45,52,52,4,-108.287,-112.169,-114.924,PERSISTING,0,1,-151.486796,-233.085957,0
59,UES1,46,53,53,4,-109.214,-107.425,-114.384,PERSISTING,0,1,-163.057155,-275.556188,0
59,UES1,47,54,54,4,-103.217,-83.9536,-82.177,ALTERNATIVE_AVAILABLE,0,1,-165.226642,-194.645561,0
59,UES1,48,55,55,4,-101.386,-105.371,-113.406,PERSISTING,0,1,-273.019222,-114.618622,0
59,UES1,49,56,56,1,-93.4389,-103.424,-103.996,SERVED,0,1,150.874978,-116.817443,0
59,UES1,50,57,57,4,-105.439,-88.4137,-113.991,ALTERNATIVE_AVAILABLE,0,1,-112.425741,-238.860495,0
59,UES1,51,58,58,2,-109.973,-112.486,-115.724,PERSISTING,4,1,335.684709,80.592568,0
59,UES1,52,59,59,6,-97.2769,-113.959,-125.348,SERVED,0,1,-242.059356,260.772412,0
59,UES1,53,60,60,4,-110.687,-116.762,-115.508,PERSISTING,0,1,-372.671619,-83.554361,0
59,UES1,54,61,61,1,-108.977,-101.966,-110.159,PERSISTING,1,1,18.672378,-234.570200,0
59,UES1,55,62,62,2,-99.7819,-104.487,-97.2557,SERVED,0,1,216.856428,-95.519182,0
59,UES1,56,63,63,1,-101.889,-87.9887,-113.347,ALTERNATIVE_AVAILABLE,0,1,-15.337065,-207.655511,0
59,UES1,57,64,64,3,-106.383,-109.246,-98.6614,ALTERNATIVE_AVAILABLE,0,1,-182.341405,283.776034,0
59,UES1,58,65,65,4,-109.816,-108.34,-115.719,PERSISTING,1,1,-141.714894,-307.418362,0
59,UES1,59,66,66,5,-92.1198,-111.019,-117.858,SERVED,0,1,289.883628,-257.426112,0
59,UES2,0,67,67,6,-111.699,-117.212,-123.44,PERSISTING,2,1,-332.967302,330.910104,0
59,UES2,1,68,68,3,-121.29,-114.408,-114.296,PERSISTING,1,1,317.024345,331.487883,0
59,UES2,2,69,69,1,-116.172,-116.87,-108.763,PERSISTING,1,1,381.398714,-358.169648,0
59,UES2,3,70,70,6,-110.067,-109.346,-124.895,PERSISTING,4,1,-309.373262,306.463560,0
59,UES2,4,71,71,7,-112.537,-120.664,-121.866,MOVE_REQUIRED,6,1,332.337302,380.239016,1
59,UES2,5,72,72,2,-117.528,-114.445,-108.439,PERSISTING,0,1,377.724294,-392.296266,0
59,UES2,6,73,73,3,-113.394,-118.261,-114.641,PERSISTING,0,1,-358.938232,304.570788,0
59,UES2,7,74,74,2,-116.926,-103.44,-112.618,PERSISTING,1,1,305.859464,427.368611,0
59,UES2,8,75,75,4,-121.089,-97.5135,-111.773,ALTERNATIVE_AVAILABLE,0,1,406.601988,-351.254999,0
59,UES2,9,76,76,6,-117.339,-121.739,-119.825,PERSISTING,1,1,-393.409610,350.048033,0
59,UES2,10,77,77,5,-121.191,-111.59,-113.39,PERSISTING,3,1,319.833028,346.678142,0
59,UES2,11,78,78,2,-117.708,-105.604,-114.599,PERSISTING,0,1,411.827751,-429.096450,0
59,UES2,12,79,79,3,-115.682,-115.756,-115.269,PERSISTING,3,1,-350.579164,333.248704,0
59,UES2,13,80,80,7,-113.233,-107.64,-120.15,PERSISTING,1,1,352.043058,280.102727,0
59,UES2,14,81,81,4,-100.544,-111.776,-103.534,MOVE_REQUIRED,7,1,382.078578,-296.497666,1
59,UES2,15,82,82,3,-118.999,-116.329,-118.528,MOVE_REQUIRED,7,1,-353.966043,296.699383,1
59,UES2,16,83,83,2,-110.674,-115.791,-117.558,PERSISTING,3,1,382.597686,338.080241,0
59,UES2,17,84,84,5,-64.8782,-117.036,-121.483,SERVED,0,1,330.823996,-321.964306,0
59,UES2,18,85,85,4,-113.102,-118.496,-114.93,PERSISTING,2,1,-409.993066,325.887775,0
59,UES2,19,86,86,3,-123.558,-116.63,-113.175,MOVE_REQUIRED,16,1,327.050777,353.184480,1
59,UES2,20,87,87,5,-105.677,-105.076,-115.016,PERSISTING,1,1,314.146527,-369.854780,0
59,UES2,21,88,88,2,-122.131,-119.236,-118.197,PERSISTING,4,1,-386.870529,426.649632,0
59,UES2,22,89,89,6,-125.181,-124.406,-104.242,MOVE_REQUIRED,14,1,324.755939,340.803404,1
59,UES2,23,90,90,5,-92.9656,-116.377,-121.197,SERVED,0,1,344.518868,-299.766727,0
59,UES2,24,91,91,6,-112.707,-93.26,-107.994,ALTERNATIVE_AVAILABLE,0,1,-382.582748,350.825689,0
59,UES2,25,92,92,3,-123.321,-118.415,-113.76,PERSISTING,0,1,368.354521,398.395244,0
59,UES2,26,93,93,5,-89.8355,-120.501,-120.805,SERVED,0,1,300.634897,-310.854200,0
59,UES2,27,94,94,6,-113.053,-119.145,-130.952,PERSISTING,4,1,-376.349629,270.706046,0
59,UES2,28,95,95,6,-125.36,-125.419,-120.891,MOVE_REQUIRED,12,1,421.210203,405.680095,1
59,UES2,29,96,96,6,-127.844,-100.468,-114.698,MOVE_REQUIRED,6,1,428.359535,-287.761702,1
60,UES1,0,7,7,3,-105.036,-108.661,-117.14,PERSISTING,1,1,-197.075211,-279.004528,0
60,UES1,1,8,8,5,-93.4652,-108.616,-115.074,SERVED,0,1,224.190199,-210.933871,0
60,UES1,2,9,9,3,-112.083,-111.625,-110.055,PERSISTING,1,1,-268.455859,277.289639,0
60,UES1,3,10,10,1,-104.25,-115.098,-91.0803,ALTERNATIVE_AVAILABLE,0,1,217.115503,-226.697736,0
60,UES1,4,11,11,7,-105.642,-106.131,-115.085,PERSISTING,0,1,176.876050,243.304255,0
60,UES1,5,12,12,6,-89.9753,-85.9485,-88.4088,SERVED,0,1,-218.592820,176.650085,0
60,UES1,6,13,13,1,-104.267,-94.9804,-101.906,ALTERNATIVE_AVAILABLE,0,1,89.144947,220.790248,0
60,UES1,7,14,14,1,-107.904,-102.407,-113.663,PERSISTING,2,1,-14.634954,-224.971285,0
60,UES1,8,15,15,2,-106.458,-107.249,-106.234,PERSISTING,0,1,118.529549,-290.055454,0
60,UES1,9,16,16,1,-96.5214,-109.211,-104.812,SERVED,0,1,182.556331,-36.946574,0
60,UES1,10,17,17,3,-110.498,-105.596,-98.4112,ALTERNATIVE_AVAILABLE,0,1,-86.598103,-270.873861,0
60,UES1,11,18,18,3,-91.6129,-71.0168,-95.3537,SERVED,0,1,-202.361497,105.820471,0
60,UES1,12,19,19,1,-114.681,-125.891,-81.1845,ALTERNATIVE_AVAILABLE,0,1,347.205789,-5.010493,0
60,UES1,13,20,20,2,-98.3253,-103.816,-87.2949,SERVED,0,1,134.549401,231.252974,0
60,UES1,14,21,21,2,-102.882,-72.5507,-98.4915,ALTERNATIVE_AVAILABLE,0,1,181.218613,-195.111760,0
60,UES1,15,22,22,1,-106.166,-104.841,-91.9157,ALTERNATIVE_AVAILABLE,0,1,73.920262,-202.757551,0
60,UES1,16,23,23,4,-103.503,-113.928,-114.041,PERSISTING,0,1,-349.438802,-36.206882,0
60,UES1,17,24,24,2,-92.8764,-92.4409,-104.682,SERVED,0,1,176.947098,-9.043772,0
60,UES1,18,25,25,1,-99.8995,-89.7238,-107.041,SERVED,0,1,150.747952,-157.707285,0
60,UES1,19,26,26,3,-107.828,-105.551,-114.475,PERSISTING,3,1,-141.717047,-226.561845,0
60,UES1,20,27,27,6,-84.9092,-97.6119,-113.236,SERVED,0,1,-242.383260,225.789667,0
60,UES1,21,28,28,2,-115.151,-107.9,-105.869,PERSISTING,0,1,-169.039811,340.165804,0
60,UES1,22,29,29,2,-113.527,-108.08,-110.172,PERSISTING,0,1,296.658102,177.897704,0
60,UES1,23,30,30,1,-104.348,-108.579,-98.1442,ALTERNATIVE_AVAILABLE,0,1,91.346968,-264.709625,0
60,UES1,24,31,31,3,-97.4568,-106.459,-107.748,SERVED,0,1,-169.350797,222.044414,0
60,UES1,25,32,32,3,-109.723,-108.781,-106.093,PERSISTING,0,1,-44.994139,329.039084,0
60,UES1,26,33,33,2,-107.322,-115.719,-98.7832,ALTERNATIVE_AVAILABLE,0,1,309.688182,138.563100,0
60,UES1,27,34,34,2,-99.4394,-73.274,-97.294,SERVED,0,1,42.310196,239.104945,0
60,UES1,28,35,35,4,-86.6481,-114.257,-111.395,SERVED,0,1,-327.488922,114.455286,0
60,UES1,29,36,36,3,-92.5919,-87.7635,-100.301,SERVED,0,1,-2.917236,123.249448,0
60,UES1,30,37,37,3,-112.38,-108.022,-112.097,PERSISTING,3,1,-68.100887,-332.197845,0
60,UES1,31,38,38,2,-109.544,-114.205,-113.422,PERSISTING,0,1,306.201788,77.117411,0
60,UES1,32,39,39,2,-103.49,-103.694,-103.536,PERSISTING,0,1,61.808548,-235.610910,0
60,UES1,33,40,40,3,-92.3443,-108.728,-98.9439,SERVED,0,1,-142.155538,206.641586,0
60,UES1,34,41,41,5,-114.572,-108.31,-116.525,PERSISTING,0,1,32.422750,-312.167715,0
60,UES1,35,42,42,2,-105.44,-89.0233,-85.0574,ALTERNATIVE_AVAILABLE,0,1,242.437669,-127.729103,0
60,UES1,36,43,43,2,-107.643,-108.769,-98.7338,ALTERNATIVE_AVAILABLE,0,1,291.517262,231.702351,0
60,UES1,37,44,44,4,-108.433,-106.587,-103.422,PERSISTING,1,1,57.324367,-271.041904,0
60,UES1,38,45,45,4,-85.7049,-104.493,-116.101,SERVED,0,1,-185.592167,-141.669012,0
60,UES1,39,46,46,4,-84.4039,-97.6778,-110.563,SERVED,0,1,-216.427161,-11.221715,0
60,UES1,40,47,47,4,-89.6697,-104.897,-81.8579,SERVED,0,1,-245.378535,245.098479,0
60,UES1,41,48,48,4,-109.47,-114.66,-121.578,PERSISTING,1,1,-343.829569,-270.096768,0
60,UES1,42,49,49,2,-88.8666,-97.5092,-108.731,SERVED,0,1,84.220123,153.488236,0
60,UES1,43,50,50,1,-103.601,-104.834,-100.325,PERSISTING,0,1,133.260962,-191.383455,0
60,UES1,44,51,51,6,-100.839,-99.9155,-109.577,ALTERNATIVE_AVAILABLE,0,1,-69.639790,219.119988,0
60,UES1,45,52,52,4,-102.094,-106.13,-106.835,PERSISTING,1,1,-154.807171,-236.823472,0
60,UES1,46,53,53,4,-112.694,-112.122,-80.6705,ALTERNATIVE_AVAILABLE,0,1,-165.551025,-279.889832,0
60,UES1,47,54,54,4,-104.613,-106.32,-113.077,PERSISTING,0,1,-166.657178,-199.436548,0
60,UES1,48,55,55,4,-104.878,-106.234,-114.879,PERSISTING,1,1,-276.719957,-117.980847,0
60,UES1,49,56,56,1,-94.9867,-106.768,-102.687,SERVED,0,1,154.386729,-120.376873,0
60,UES1,50,57,57,4,-105.866,-104.643,-115.625,PERSISTING,0,1,-113.259423,-243.790501,0
60,UES1,51,58,58,2,-111.687,-106.765,-118.002,PERSISTING,5,1,337.788650,85.128706,0
60,UES1,52,59,59,6,-93.8224,-108.927,-125.138,SERVED,0,1,-246.048351,263.787028,0
60,UES1,53,60,60,4,-112.097,-115.158,-114.339,PERSISTING,1,1,-377.514631,-84.793599,0
60,UES1,54,61,61,1,-73.2725,-108.287,-106.683,SERVED,0,1,17.726263,-239.479839,0
60,UES1,55,62,62,2,-87.9652,-99.65,-107.547,SERVED,0,1,220.658831,-98.766374,0
60,UES1,56,63,63,1,-101.104,-86.9565,-110.599,ALTERNATIVE_AVAILABLE,0,1,-14.880155,-212.634631,0
60,UES1,57,64,64,3,-94.0336,-93.7125,-100.299,SERVED,0,1,-184.120007,288.448798,0
60,UES1,58,65,65,4,-108.011,-111.965,-91.9228,ALTERNATIVE_AVAILABLE,0,1,-142.853582,-312.286925,0
60,UES1,59,66,66,5,-94.3348,-110.972,-120.603,SERVED,0,1,293.562833,-260.812493,0
60,UES2,0,67,67,6,-108.975,-119.067,-123.37,PERSISTING,3,1,-329.066818,331.798951,0
60,UES2,1,68,68,3,-121.072,-116.218,-94.3841,ALTERNATIVE_AVAILABLE,0,1,315.886853,327.653016,0
60,UES2,2,69,69,1,-114.284,-121.583,-107.663,PERSISTING,2,1,384.164099,-355.279746,0
60,UES2,3,70,70,6,-99.1577,-118.222,-122.212,SERVED,0,1,-311.045410,302.829787,0
60,UES2,4,71,71,7,-112.424,-122.568,-123.913,MOVE_REQUIRED,7,1,334.572575,379.537606,1
60,UES2,5,72,72,2,-118.792,-116.747,-96.1252,ALTERNATIVE_AVAILABLE,0,1,377.406131,-388.308942,0
60,UES2,6,73,73,3,-111.147,-114.41,-116.082,PERSISTING,1,1,-362.631791,306.104857,0
60,UES2,7,74,74,2,-114.991,-116.072,-114.56,PERSISTING,2,1,309.848459,427.672834,0
60,UES2,8,75,75,4,-121.106,-115.456,-112.709,PERSISTING,0,1,405.806581,-347.334966,0
60,UES2,9,76,76,6,-104.314,-120.054,-125.104,PERSISTING,2,1,-394.721733,346.269333,0
60,UES2,10,77,77,5,-113.272,-119.46,-109.389,PERSISTING,4,1,316.189706,348.327483,0
60,UES2,11,78,78,2,-121.653,-119.886,-89.2009,ALTERNATIVE_AVAILABLE,0,1,414.370661,-432.183950,0
60,UES2,12,79,79,3,-115.707,-119.071,-111.265,PERSISTING,4,1,-346.831781,334.648426,0
60,UES2,13,80,80,7,-86.3005,-123.972,-120.233,SERVED,0,1,356.021289,279.678885,0
60,UES2,14,81,81,4,-103.899,-109.704,-96.2889,ALTERNATIVE_AVAILABLE,0,1,386.078338,-296.404960,0
60,UES2,15,82,82,3,-111.752,-115.858,-117.849,MOVE_REQUIRED,8,1,-349.974655,296.974070,1
60,UES2,16,83,83,2,-116.574,-115.674,-112.377,PERSISTING,4,1,386.427600,336.924897,0
60,UES2,17,84,84,5,-88.6479,-117.058,-118.267,SERVED,0,1,327.132830,-323.504191,0
60,UES2,18,85,85,4,-116.319,-112.427,-118.228,PERSISTING,3,1,-409.476350,329.854323,0
60,UES2,19,86,86,3,-122.619,-117.549,-100.826,MOVE_REQUIRED,17,1,323.644522,355.281503,1
60,UES2,20,87,87,5,-107.172,-116.516,-115.357,PERSISTING,2,1,317.896302,-371.247719,0
60,UES2,21,88,88,2,-124.739,-121.299,-119.627,PERSISTING,5,1,-390.061725,429.060950,0
60,UES2,22,89,89,6,-128.194,-119.751,-111.982,MOVE_REQUIRED,15,1,328.184920,342.865038,1
60,UES2,23,90,90,5,-88.0057,-120.777,-115.118,SERVED,0,1,348.194485,-301.346514,0
60,UES2,24,91,91,6,-103.325,-116.185,-93.445,ALTERNATIVE_AVAILABLE,0,1,-386.289463,352.329559,0
60,UES2,25,92,92,3,-120.767,-99.0684,-114.522,ALTERNATIVE_AVAILABLE,0,1,371.280182,401.123359,0
60,UES2,26,93,93,5,-90.4686,-121.16,-121.747,SERVED,0,1,302.537893,-307.335353,0
60,UES2,27,94,94,6,-113.027,-109.157,-122.07,PERSISTING,5,1,-380.015677,269.107030,0
60,UES2,28,95,95,6,-125.032,-121.784,-108.991,MOVE_REQUIRED,13,1,423.783015,408.743046,1
60,UES2,29,96,96,6,-122.724,-110.384,-113.629,MOVE_REQUIRED,7,1,430.512516,-284.390639,1
61,UES1,0,7,7,3,-104.497,-108.998,-117.952,PERSISTING,2,1,-199.929107,-283.109469,0
61,UES1,1,8,8,5,-97.8652,-101.847,-116.942,SERVED,0,1,227.442396,-214.732308,0
61,UES1,2,9,9,3,-107.219,-109.339,-110.733,PERSISTING,2,1,-271.711645,281.083755,0
61,UES1,3,10,10,1,-109.985,-107.28,-89.3471,ALTERNATIVE_AVAILABLE,0,1,221.014791,-229.828777,0
61,UES1,4,11,11,7,-104.956,-77.2783,-88.993,ALTERNATIVE_AVAILABLE,0,1,180.683238,246.546804,0
61,UES1,5,12,12,6,-108.609,-100.182,-123.002,PERSISTING,0,1,-221.684740,180.579463,0
61,UES1,6,13,13,1,-102.831,-97.4213,-89.1549,ALTERNATIVE_AVAILABLE,0,1,89.141359,225.790247,0
61,UES1,7,14,14,1,-109.581,-103.841,-112.627,PERSISTING,3,1,-15.761681,-229.842680,0
61,UES1,8,15,15,2,-110.636,-110.382,-82.5069,ALTERNATIVE_AVAILABLE,0,1,120.914573,-294.450176,0
61,UES1,9,16,16,1,-97.1576,-100.199,-110.993,SERVED,0,1,187.137396,-38.951977,0
61,UES1,10,17,17,4,-101.015,-106.446,-112.045,PERSISTING,0,1,-87.520297,-275.788060,0
61,UES1,11,18,18,3,-94.7873,-99.4046,-97.8729,SERVED,0,1,-207.117193,107.361256,0
61,UES1,12,19,19,1,-113.017,-111.785,-76.5992,ALTERNATIVE_AVAILABLE,0,1,351.960288,-3.459478,0
61,UES1,13,20,20,2,-103.702,-105.368,-109.975,PERSISTING,0,1,136.938014,235.645528,0
61,UES1,14,21,21,1,-109.003,-104.155,-85.4737,ALTERNATIVE_AVAILABLE,0,1,184.706442,-198.694641,0
61,UES1,15,22,22,1,-101.807,-106.39,-107.021,PERSISTING,0,1,73.486077,-207.738629,0
61,UES1,16,23,23,4,-109.107,-111.395,-110.168,PERSISTING,1,1,-354.428933,-35.909696,0
61,UES1,17,24,24,2,-74.9726,-95.7188,-105.382,SERVED,0,1,181.909719,-8.433406,0
61,UES1,18,25,25,1,-67.8373,-104.211,-106.251,SERVED,0,1,153.503767,-161.879388,0
61,UES1,19,26,26,3,-105.878,-84.0684,-115.481,ALTERNATIVE_AVAILABLE,0,1,-143.978873,-231.021008,0
61,UES1,20,27,27,6,-87.3838,-112.629,-122.559,SERVED,0,1,-246.219154,228.996185,0
61,UES1,21,28,28,3,-77.8995,-109.371,-101.13,SERVED,0,1,-170.588761,344.919829,0
61,UES1,22,29,29,2,-105.031,-112.195,-94.1234,ALTERNATIVE_AVAILABLE,0,1,300.326542,181.295506,0
61,UES1,23,30,30,1,-106.751,-85.967,-99.5862,ALTERNATIVE_AVAILABLE,0,1,92.766739,-269.504066,0
61,UES1,24,31,31,6,-88.1703,-102.616,-119.988,SERVED,0,1,-173.683073,224.539971,0
61,UES1,25,32,32,3,-105.223,-111.613,-107.261,PERSISTING,1,1,-45.346988,334.026571,0
61,UES1,26,33,33,2,-108.91,-108.672,-107.565,PERSISTING,0,1,313.228639,142.094900,0
61,UES1,27,34,34,2,-102.348,-104.129,-106.979,PERSISTING,0,1,42.105662,244.100728,0
61,UES1,28,35,35,4,-113.696,-116.295,-112.243,PERSISTING,0,1,-322.740403,112.887953,0
61,UES1,29,36,36,3,-94.4607,-90.5136,-94.2246,SERVED,0,1,-5.358477,127.612409,0
61,UES1,30,37,37,4,-114.427,-115.112,-95.3037,ALTERNATIVE_AVAILABLE,0,1,-70.091199,-336.784240,0
61,UES1,31,38,38,2,-110.646,-115.932,-114.918,PERSISTING,1,1,310.958680,78.658237,0
61,UES1,32,39,39,2,-109.197,-104.696,-78.1463,ALTERNATIVE_AVAILABLE,0,1,62.234360,-240.592750,0
61,UES1,33,40,40,3,-101.491,-105.322,-97.5658,ALTERNATIVE_AVAILABLE,0,1,-144.010690,211.284647,0
61,UES1,34,41,41,5,-109.267,-76.2715,-115.506,ALTERNATIVE_AVAILABLE,0,1,34.106860,-316.875829,0
61,UES1,35,42,42,2,-100.884,-100.715,-107.765,PERSISTING,0,1,246.844103,-130.092646,0
61,UES1,36,43,43,2,-109.113,-111.742,-105.141,PERSISTING,0,1,295.344784,234.919719,0
61,UES1,37,44,44,4,-106.743,-107.825,-111.702,PERSISTING,2,1,58.405642,-275.923616,0
61,UES1,38,45,45,4,-80.5106,-101.516,-113.582,SERVED,0,1,-189.864639,-144.265278,0
61,UES1,39,46,46,4,-97.0207,-98.0091,-106.786,SERVED,0,1,-221.420880,-10.991415,0
61,UES1,40,47,47,4,-83.2264,-105.567,-99.6088,SERVED,0,1,-247.893934,249.419140,0
61,UES1,41,48,48,4,-115.392,-111.395,-120.03,PERSISTING,2,1,-347.915448,-272.977779,0
61,UES1,42,49,49,2,-88.0244,-81.8456,-92.1322,SERVED,0,1,86.324064,158.024526,0
61,UES1,43,50,50,1,-107.008,-106.272,-102.869,PERSISTING,1,1,136.862421,-194.851812,0
61,UES1,44,51,51,6,-97.7348,-92.47,-114.245,SERVED,0,1,-71.453079,223.779202,0
61,UES1,45,52,52,4,-106.146,-105.255,-118.776,PERSISTING,2,1,-158.127546,-240.560984,0
61,UES1,46,53,53,4,-100.986,-111.968,-93.1943,ALTERNATIVE_AVAILABLE,0,1,-168.044894,-284.223475,0
61,UES1,47,54,54,4,-103.869,-106.183,-113.999,PERSISTING,1,1,-168.087715,-204.227535,0
61,UES1,48,55,55,4,-92.4725,-104.294,-112.224,SERVED,0,1,-280.420692,-121.343071,0
61,UES1,49,56,56,1,-92.2951,-95.4243,-102.994,SERVED,0,1,157.898480,-123.936304,0
61,UES1,50,57,57,4,-104.98,-105.356,-113.782,PERSISTING,1,1,-114.093105,-248.720508,0
61,UES1,51,58,58,2,-113.683,-116.46,-113.277,MOVE_REQUIRED,6,1,339.892591,89.664848,1
61,UES1,52,59,59,6,-89.2545,-112.995,-118.198,SERVED,0,1,-250.037346,266.801644,0
61,UES1,53,60,60,4,-109.863,-112.418,-114.324,PERSISTING,2,1,-382.357642,-86.032835,0
61,UES1,54,61,61,1,-102.294,-108.194,-116.173,PERSISTING,0,1,16.780147,-244.389477,0
61,UES1,55,62,62,2,-106.943,-99.7302,-101.901,ALTERNATIVE_AVAILABLE,0,1,224.461235,-102.013568,0
61,UES1,56,63,63,1,-109.22,-101.612,-113.25,PERSISTING,0,1,-14.423245,-217.613752,0
61,UES1,57,64,64,3,-106.834,-87.4918,-104.967,ALTERNATIVE_AVAILABLE,0,1,-185.898608,293.121561,0
61,UES1,58,65,65,7,-116.221,-75.0214,-116.225,ALTERNATIVE_AVAILABLE,0,1,-143.992270,-317.155488,0
61,UES1,59,66,66,5,-107.775,-102.166,-115.278,PERSISTING,0,1,297.242038,-264.198877,0
61,UES2,0,67,67,6,-106.652,-120.698,-118.392,PERSISTING,4,1,-325.166334,332.687801,0
61,UES2,1,68,68,3,-123.516,-114.278,-107.009,PERSISTING,0,1,314.749362,323.818151,0
61,UES2,2,69,69,5,-108.883,-114.457,-120.582,PERSISTING,3,1,386.929483,-352.389845,0
61,UES2,3,70,70,6,-106.394,-101.18,-121.555,PERSISTING,0,1,-312.717559,299.196013,0
61,UES2,4,71,71,7,-110.854,-120.612,-123.541,MOVE_REQUIRED,8,1,334.595301,375.537669,1
61,UES2,5,72,72,2,-116.25,-115.652,-103.406,PERSISTING,0,1,377.087968,-384.321618,0
61,UES2,6,73,73,3,-112.597,-100.235,-112.549,PERSISTING,2,1,-366.325349,307.638896,0
61,UES2,7,74,74,2,-111.299,-117.255,-85.0405,ALTERNATIVE_AVAILABLE,0,1,313.837455,427.977083,0
61,UES2,8,75,75,4,-120.395,-113.071,-108.828,PERSISTING,1,1,405.011174,-343.414937,0
61,UES2,9,76,76,6,-103.91,-120.208,-125.685,PERSISTING,3,1,-396.033855,342.490633,0
61,UES2,10,77,77,5,-120.65,-114.964,-111.613,PERSISTING,5,1,312.545666,349.976585,0
61,UES2,11,78,78,2,-122.145,-121.24,-113.536,PERSISTING,0,1,416.913571,-435.271451,0
61,UES2,12,79,79,3,-116.728,-114.972,-114.211,PERSISTING,5,1,-347.055931,333.538088,0
61,UES2,13,80,80,7,-76.9351,-119.029,-106.952,SERVED,0,1,359.999519,279.255038,0
61,UES2,14,81,81,4,-122.714,-114.339,-105.902,PERSISTING,0,1,390.078098,-296.312251,0
61,UES2,15,82,82,3,-118.877,-118.871,-119.672,MOVE_REQUIRED,9,1,-345.983268,297.248765,1
61,UES2,16,83,83,2,-114.077,-117.081,-114.061,PERSISTING,5,1,390.257513,335.769549,0
61,UES2,17,84,84,5,-92.8919,-89.4344,-128.519,SERVED,0,1,323.441663,-325.044065,0
61,UES2,18,85,85,4,-117.444,-114.674,-113.707,PERSISTING,4,1,-408.959635,333.820874,0
61,UES2,19,86,86,3,-117.723,-111.156,-115.323,MOVE_REQUIRED,18,1,320.238028,357.378525,1
61,UES2,20,87,87,5,-105.386,-113.851,-119.417,PERSISTING,3,1,321.646077,-372.640661,0
61,UES2,21,88,88,2,-121.341,-119.195,-121.289,MOVE_REQUIRED,6,1,-393.252921,431.472238,1
61,UES2,22,89,89,6,-125.071,-118.96,-116.95,MOVE_REQUIRED,16,1,331.612944,344.926689,1
61,UES2,23,90,90,5,-92.269,-101.764,-122.829,SERVED,0,1,351.870102,-302.926426,0
61,UES2,24,91,91,6,-115.926,-113.502,-122.816,PERSISTING,0,1,-389.996179,353.833426,0
61,UES2,25,92,92,3,-123.942,-111.337,-119.014,PERSISTING,0,1,374.205844,403.851482,0
61,UES2,26,93,93,5,-87.7149,-119.964,-125.512,SERVED,0,1,304.440650,-303.816471,0
61,UES2,27,94,94,6,-115.618,-119.574,-124.396,MOVE_REQUIRED,6,1,-383.681725,267.508056,1
61,UES2,28,95,95,6,-128.256,-122.769,-116.449,MOVE_REQUIRED,14,1,422.419460,410.150547,1
61,UES2,29,96,96,6,-125.247,-114.287,-109.968,MOVE_REQUIRED,8,1,432.665497,-281.019574,1
62,UES1,0,7,7,3,-108.572,-105.681,-116.433,PERSISTING,3,1,-202.783003,-287.214408,0
62,UES1,1,8,8,5,-101.596,-72.0166,-116.622,ALTERNATIVE_AVAILABLE,0,1,230.694593,-218.530747,0
62,UES1,2,9,9,3,-75.0296,-111.596,-96.0191,SERVED,0,1,-274.967430,284.877867,0
62,UES1,3,10,10,1,-79.5438,-111.574,-103.881,SERVED,0,1,224.914079,-232.959821,0
62,UES1,4,11,11,7,-78.1259,-74.9564,-109.704,SERVED,0,1,184.490426,249.789357,0
62,UES1,5,12,12,6,-97.8192,-93.3219,-122.71,SERVED,0,1,-224.776660,184.508841,0
62,UES1,6,13,13,1,-102.98,-102.044,-111.339,PERSISTING,0,1,89.137770,230.790246,0
62,UES1,7,14,14,1,-96.8615,-107.636,-114.421,SERVED,0,1,-16.888408,-234.714074,0
62,UES1,8,15,15,2,-112.166,-79.9133,-103.329,ALTERNATIVE_AVAILABLE,0,1,123.299598,-298.844898,0
62,UES1,9,16,16,1,-104.056,-73.1409,-94.5232,ALTERNATIVE_AVAILABLE,0,1,191.718461,-40.957382,0
62,UES1,10,17,17,4,-107.17,-108.735,-112.767,PERSISTING,1,1,-88.442490,-280.702259,0
62,UES1,11,18,18,3,-68.3397,-85.024,-106.867,SERVED,0,1,-211.872888,108.902040,0
62,UES1,12,19,19,1,-92.2679,-110.178,-109.874,SERVED,0,1,356.714788,-1.908459,0
62,UES1,13,20,20,2,-102.259,-78.7556,-91.9823,ALTERNATIVE_AVAILABLE,0,1,139.326627,240.038083,0
62,UES1,14,21,21,1,-107.213,-106.277,-101.244,PERSISTING,0,1,188.194271,-202.277532,0
62,UES1,15,22,22,1,-100.918,-80.0496,-111.47,ALTERNATIVE_AVAILABLE,0,1,73.051893,-212.719705,0
62,UES1,16,23,23,4,-112.196,-114.718,-105.813,PERSISTING,2,1,-359.419065,-35.612511,0
62,UES1,17,24,24,2,-75.0974,-93.8685,-103.594,SERVED,0,1,186.872341,-7.823040,0
62,UES1,18,25,25,1,-103.844,-99.1096,-104.154,ALTERNATIVE_AVAILABLE,0,1,156.259583,-166.051491,0
62,UES1,19,26,26,3,-109.4,-108.311,-116.348,PERSISTING,0,1,-146.240699,-235.480172,0
62,UES1,20,27,27,6,-78.711,-116.281,-117.743,SERVED,0,1,-250.055048,232.202701,0
62,UES1,21,28,28,3,-110.701,-109.934,-97.9053,ALTERNATIVE_AVAILABLE,0,1,-172.137711,349.673854,0
62,UES1,22,29,29,2,-110.697,-111.069,-108.91,PERSISTING,0,1,303.994983,184.693309,0
62,UES1,23,30,30,1,-108.31,-109.461,-93.543,ALTERNATIVE_AVAILABLE,0,1,94.186511,-274.298509,0
62,UES1,24,31,31,6,-95.8053,-79.6119,-121.493,SERVED,0,1,-178.015349,227.035527,0
62,UES1,25,32,32,3,-109.609,-107.638,-107.995,PERSISTING,2,1,-45.699838,339.014058,0
62,UES1,26,33,33,2,-109.75,-105.732,-92.2054,ALTERNATIVE_AVAILABLE,0,1,316.767901,145.626703,0
62,UES1,27,34,34,2,-103.299,-107.085,-110.371,PERSISTING,1,1,41.901129,249.096510,0
62,UES1,28,35,35,4,-116.742,-106.719,-111.521,PERSISTING,1,1,-317.991884,111.320619,0
62,UES1,29,36,36,3,-100.07,-104.322,-102.955,PERSISTING,0,1,-7.799718,131.975364,0
62,UES1,30,37,37,4,-113.662,-113.945,-113.535,PERSISTING,0,1,-72.081510,-341.370632,0
62,UES1,31,38,38,2,-109.036,-113.739,-115.771,PERSISTING,2,1,315.715572,80.199065,0
62,UES1,32,39,39,2,-107.752,-105.156,-110.361,PERSISTING,0,1,62.660171,-245.574590,0
62,UES1,33,40,40,3,-105.339,-103.995,-86.6628,ALTERNATIVE_AVAILABLE,0,1,-147.097825,213.751009,0
62,UES1,34,41,41,5,-111.169,-107.333,-113.73,PERSISTING,0,1,35.790969,-321.583944,0
62,UES1,35,42,42,2,-101.653,-105.272,-105.63,PERSISTING,1,1,251.250538,-132.456192,0
62,UES1,36,43,43,2,-71.8593,-111.515,-103.256,SERVED,0,1,299.172305,238.137089,0
62,UES1,37,44,44,4,-109.347,-107.635,-104.844,PERSISTING,3,1,59.486917,-280.805329,0
62,UES1,38,45,45,4,-102.019,-103.117,-116.995,PERSISTING,0,1,-194.137110,-146.861539,0
62,UES1,39,46,46,4,-93.2291,-99.1372,-79.9936,SERVED,0,1,-226.414600,-10.761116,0
62,UES1,40,47,47,4,-106.672,-105.494,-109.359,PERSISTING,0,1,-250.409333,253.739798,0
62,UES1,41,48,48,4,-117.137,-109.023,-118.94,PERSISTING,3,1,-352.001328,-275.858786,0
62,UES1,42,49,49,2,-96.3421,-99.6921,-92.615,SERVED,0,1,88.428004,162.560820,0
62,UES1,43,50,50,1,-103.468,-106.684,-101.348,PERSISTING,2,1,140.463879,-198.320170,0
62,UES1,44,51,51,6,-91.1701,-102.598,-114.965,SERVED,0,1,-73.266367,228.438409,0
62,UES1,45,52,52,4,-103.507,-107.71,-113.267,PERSISTING,3,1,-161.447921,-244.298493,0
62,UES1,46,53,53,4,-109.992,-104.349,-108.25,PERSISTING,0,1,-170.538764,-288.557119,0
62,UES1,47,54,54,4,-102.573,-104.99,-114.703,PERSISTING,2,1,-169.518251,-209.018523,0
62,UES1,48,55,55,4,-101.083,-103.074,-114.45,PERSISTING,0,1,-284.121427,-124.705296,0
62,UES1,49,56,56,1,-96.765,-97.4427,-97.7798,SERVED,0,1,161.410231,-127.495736,0
62,UES1,50,57,57,4,-105.56,-72.6006,-112.67,ALTERNATIVE_AVAILABLE,0,1,-114.926788,-253.650515,0
62,UES1,51,58,58,2,-111.431,-113.472,-113.612,MOVE_REQUIRED,7,1,341.996532,94.200992,1
62,UES1,52,59,59,6,-66.7658,-116.272,-124.689,SERVED,0,1,-254.026341,269.816260,0
62,UES1,53,60,60,4,-114.924,-108.902,-110.511,PERSISTING,3,1,-387.200653,-87.272067,0
62,UES1,54,61,61,1,-103.017,-107.011,-111.287,PERSISTING,1,1,15.834032,-249.299114,0
62,UES1,55,62,62,2,-98.4058,-99.2851,-106.905,SERVED,0,1,228.263639,-105.260767,0
62,UES1,56,63,63,1,-105.799,-107.292,-112.634,PERSISTING,1,1,-13.966334,-222.592873,0
62,UES1,57,64,64,3,-106.398,-106.401,-108.266,PERSISTING,0,1,-187.677210,297.794323,0
62,UES1,58,65,65,7,-125.203,-110.754,-117.007,PERSISTING,0,1,-145.130957,-322.024050,0
62,UES1,59,66,66,5,-104.027,-111.298,-119.181,PERSISTING,1,1,300.921243,-267.585264,0
62,UES2,0,67,67,6,-102.066,-116.7,-123.028,PERSISTING,5,1,-321.265850,333.576653,0
62,UES2,1,68,68,3,-119.295,-114.607,-110.255,PERSISTING,1,1,313.611870,319.983287,0
62,UES2,2,69,69,5,-101.759,-117.939,-120.019,PERSISTING,4,1,389.694868,-349.499944,0
62,UES2,3,70,70,6,-104.997,-98.1293,-126.935,ALTERNATIVE_AVAILABLE,0,1,-314.389708,295.562240,0
62,UES2,4,71,71,7,-113.193,-124.945,-122.807,MOVE_REQUIRED,9,1,334.618027,371.537731,1
62,UES2,5,72,72,2,-116.379,-115.775,-106.107,PERSISTING,1,1,376.769805,-380.334294,0
62,UES2,6,73,73,3,-114.454,-112.415,-114.431,PERSISTING,3,1,-370.018908,309.172902,0
62,UES2,7,74,74,2,-110.202,-112.348,-84.3554,ALTERNATIVE_AVAILABLE,0,1,309.974050,429.011240,0
62,UES2,8,75,75,4,-122.261,-111.69,-107.574,PERSISTING,2,1,404.215767,-339.494910,0
62,UES2,9,76,76,6,-114.274,-102.901,-124.22,PERSISTING,4,1,-397.345977,338.711933,0
62,UES2,10,77,77,5,-118.564,-114.007,-111.85,MOVE_REQUIRED,6,1,313.070754,351.988632,1
62,UES2,11,78,78,2,-120.135,-116.707,-82.957,ALTERNATIVE_AVAILABLE,0,1,419.456480,-438.358951,0
62,UES2,12,79,79,3,-118.06,-83.068,-109.899,ALTERNATIVE_AVAILABLE,0,1,-349.927768,330.754387,0
62,UES2,13,80,80,7,-110.197,-120.701,-122.025,PERSISTING,0,1,363.977749,278.831184,0
62,UES2,14,81,81,4,-118.861,-113.791,-107.39,PERSISTING,1,1,394.077858,-296.219538,0
62,UES2,15,82,82,3,-113.23,-117.287,-110.341,MOVE_REQUIRED,10,1,-341.991880,297.523471,1
62,UES2,16,83,83,2,-117.137,-116.185,-114.076,MOVE_REQUIRED,6,1,394.087427,334.614197,1
62,UES2,17,84,84,5,-70.157,-121.868,-121.913,SERVED,0,1,319.750497,-326.583925,0
62,UES2,18,85,85,4,-116.205,-115.457,-118.107,PERSISTING,5,1,-408.442919,337.787426,0
62,UES2,19,86,86,3,-123.238,-85.5676,-111.602,ALTERNATIVE_AVAILABLE,0,1,316.831533,359.475547,0
62,UES2,20,87,87,5,-88.0712,-115.655,-119.983,SERVED,0,1,325.395852,-374.033608,0
62,UES2,21,88,88,2,-118.601,-118.5,-115.404,MOVE_REQUIRED,7,1,-396.444117,433.883492,1
62,UES2,22,89,89,6,-126.997,-120.13,-89.1424,ALTERNATIVE_AVAILABLE,0,1,335.040968,346.988340,0
62,UES2,23,90,90,5,-86.0344,-94.8008,-125.386,SERVED,0,1,355.545002,-304.506499,0
62,UES2,24,91,91,6,-114.242,-76.0442,-121.094,ALTERNATIVE_AVAILABLE,0,1,-393.702894,355.337290,0
62,UES2,25,92,92,3,-117.355,-109.209,-111.153,PERSISTING,1,1,377.131506,406.579614,0
62,UES2,26,93,93,5,-84.5674,-123.643,-119.712,SERVED,0,1,306.342450,-300.297572,0
62,UES2,27,94,94,6,-112.365,-118.445,-127.096,MOVE_REQUIRED,7,1,-387.347773,265.909132,1
62,UES2,28,95,95,6,-128.727,-115.895,-111.166,MOVE_REQUIRED,15,1,418.431661,410.454409,1
62,UES2,29,96,96,6,-122.44,-113.78,-116.829,MOVE_REQUIRED,9,1,434.818478,-277.648505,1
63,UES1,0,7,7,3,-110.336,-107.187,-114.225,PERSISTING,4,1,-205.636899,-291.319344,0
63,UES1,1,8,8,5,-86.5179,-104.964,-84.6094,SERVED,0,1,233.946791,-222.329188,0
63,UES1,2,9,9,3,-109.695,-113.361,-87.2871,ALTERNATIVE_AVAILABLE,0,1,-278.223216,288.671977,0
63,UES1,3,10,10,1,-111.22,-112.361,-104.471,PERSISTING,0,1,228.813366,-236.090866,0
63,UES1,4,11,11,7,-81.2014,-104.698,-121.482,SERVED,0,1,188.297614,253.031912,0
63,UES1,5,12,12,6,-87.6783,-98.7018,-118.197,SERVED,0,1,-227.868580,188.438218,0
63,UES1,6,13,13,1,-102.579,-83.7134,-106.482,ALTERNATIVE_AVAILABLE,0,1,89.134182,235.790244,0
63,UES1,7,14,14,1,-93.828,-103.194,-111.462,SERVED,0,1,-18.015135,-239.585468,0
63,UES1,8,15,15,2,-111.681,-81.8391,-108.847,ALTERNATIVE_AVAILABLE,0,1,125.684622,-303.239622,0
63,UES1,9,16,16,1,-90.9034,-98.6489,-105.286,SERVED,0,1,196.299526,-42.962788,0
63,UES1,10,17,17,4,-85.7294,-103.939,-112.879,SERVED,0,1,-89.364684,-285.616458,0
63,UES1,11,18,18,3,-71.0952,-76.2558,-102.216,SERVED,0,1,-216.628584,110.442822,0
63,UES1,12,19,19,1,-118.05,-111.746,-108.12,PERSISTING,0,1,361.469287,-0.357435,0
63,UES1,13,20,20,2,-103.071,-104.803,-102.563,PERSISTING,0,1,141.715240,244.430637,0
63,UES1,14,21,21,1,-106.86,-108.024,-100.242,PERSISTING,1,1,191.682100,-205.860432,0
63,UES1,15,22,22,1,-102.821,-107.162,-92.7629,ALTERNATIVE_AVAILABLE,0,1,72.617708,-217.700778,0
63,UES1,16,23,23,4,-94.3822,-115.829,-108.545,SERVED,0,1,-364.409196,-35.315327,0
63,UES1,17,24,24,2,-99.6311,-100.457,-105.66,SERVED,0,1,191.834962,-7.212673,0
63,UES1,18,25,25,1,-102.903,-102.178,-102.288,PERSISTING,0,1,159.015399,-170.223594,0
63,UES1,19,26,26,3,-106.787,-106.884,-83.1355,ALTERNATIVE_AVAILABLE,0,1,-148.502525,-239.939336,0
63,UES1,20,27,27,6,-83.1843,-103.621,-127.301,SERVED,0,1,-253.890943,235.409214,0
63,UES1,21,28,28,3,-105.929,-108.86,-93.1884,ALTERNATIVE_AVAILABLE,0,1,-173.686661,354.427879,0
63,UES1,22,29,29,2,-110.996,-111.228,-111.528,PERSISTING,1,1,307.663423,188.091113,0
63,UES1,23,30,30,5,-99.5098,-107.947,-118.868,SERVED,0,1,95.606282,-279.092953,0
63,UES1,24,31,31,6,-91.7645,-107.329,-122.749,SERVED,0,1,-182.347625,229.531081,0
63,UES1,25,32,32,6,-103.67,-110.396,-118.278,PERSISTING,3,1,-46.052688,344.001544,0
63,UES1,26,33,33,2,-107.716,-105.82,-101.654,PERSISTING,0,1,320.307162,149.158506,0
63,UES1,27,34,34,2,-106.025,-105.181,-105.18,PERSISTING,2,1,41.696596,254.092292,0
63,UES1,28,35,35,4,-104.225,-116.377,-110.22,PERSISTING,2,1,-313.243365,109.753284,0
63,UES1,29,36,36,3,-80.912,-87.9747,-102.448,SERVED,0,1,-10.240960,136.338313,0
63,UES1,30,37,37,4,-112.196,-112.981,-114.088,PERSISTING,1,1,-74.071821,-345.957022,0
63,UES1,31,38,38,2,-114.226,-90.8241,-115.05,ALTERNATIVE_AVAILABLE,0,1,320.472463,81.739893,0
63,UES1,32,39,39,2,-110.645,-106.146,-99.7692,ALTERNATIVE_AVAILABLE,0,1,63.085983,-250.556430,0
63,UES1,33,40,40,3,-88.3932,-91.0102,-101.56,SERVED,0,1,-152.032936,212.952415,0
63,UES1,34,41,41,5,-113.58,-107.548,-115.7,PERSISTING,1,1,37.475079,-326.292062,0
63,UES1,35,42,42,2,-103.87,-107.628,-88.1648,ALTERNATIVE_AVAILABLE,0,1,255.656972,-134.819738,0
63,UES1,36,43,43,2,-107.245,-106.58,-110.521,PERSISTING,0,1,302.999827,241.354462,0
63,UES1,37,44,44,4,-109.853,-109.286,-106.277,PERSISTING,4,1,60.568192,-285.687043,0
63,UES1,38,45,45,4,-107.995,-103.974,-119.231,PERSISTING,1,1,-198.409581,-149.457796,0
63,UES1,39,46,46,4,-76.6377,-94.028,-103.534,SERVED,0,1,-231.408320,-10.530816,0
63,UES1,40,47,47,4,-105.812,-109.907,-85.1238,ALTERNATIVE_AVAILABLE,0,1,-252.924733,258.060453,0
63,UES1,41,48,48,4,-113.306,-115.581,-115.582,PERSISTING,4,1,-356.087207,-278.739791,0
63,UES1,42,49,49,2,-84.7348,-94.2378,-90.7843,SERVED,0,1,90.531945,167.097117,0
63,UES1,43,50,50,1,-106.973,-104.681,-100.844,PERSISTING,3,1,144.065338,-201.788527,0
63,UES1,44,51,51,6,-102.989,-102.007,-116.829,PERSISTING,0,1,-75.079655,233.097608,0
63,UES1,45,52,52,4,-107.562,-86.2646,-112.096,ALTERNATIVE_AVAILABLE,0,1,-164.768297,-248.035997,0
63,UES1,46,53,53,4,-112.369,-112.366,-82.012,ALTERNATIVE_AVAILABLE,0,1,-173.032633,-292.890762,0
63,UES1,47,54,54,4,-104.229,-106.097,-116.428,PERSISTING,3,1,-170.948787,-213.809510,0
63,UES1,48,55,55,4,-105.633,-103.195,-113.588,PERSISTING,1,1,-287.822162,-128.067521,0
63,UES1,49,56,56,1,-98.1703,-74.4075,-104.894,SERVED,0,1,164.921982,-131.055169,0
63,UES1,50,57,57,4,-104.353,-105.31,-114.714,PERSISTING,0,1,-115.760470,-258.580521,0
63,UES1,51,58,58,2,-104.25,-118.764,-105.281,MOVE_REQUIRED,8,1,344.100472,98.737139,1
63,UES1,52,59,59,6,-93.8851,-114.913,-124.543,SERVED,0,1,-258.015337,272.830876,0
63,UES1,53,60,60,4,-113.039,-115.504,-117.038,PERSISTING,4,1,-392.043664,-88.511297,0
63,UES1,54,61,61,1,-107.308,-97.7278,-103.645,ALTERNATIVE_AVAILABLE,0,1,14.887916,-254.208751,0
63,UES1,55,62,62,2,-105.948,-100.51,-88.0292,ALTERNATIVE_AVAILABLE,0,1,232.066042,-108.507968,0
63,UES1,56,63,63,1,-106.212,-106.151,-114.49,PERSISTING,2,1,-13.509424,-227.571995,0
63,UES1,57,64,64,3,-112.272,-76.5176,-103.802,ALTERNATIVE_AVAILABLE,0,1,-189.455811,302.467083,0
63,UES1,58,65,65,7,-118.544,-107.388,-117.543,PERSISTING,1,1,-146.269645,-326.892612,0
63,UES1,59,66,66,5,-85.2102,-78.1675,-113.976,SERVED,0,1,304.600449,-270.971655,0
63,UES2,0,67,67,6,-100.254,-121.138,-120.052,MOVE_REQUIRED,6,1,-317.365366,334.465508,1
63,UES2,1,68,68,3,-113.471,-84.8735,-112.677,ALTERNATIVE_AVAILABLE,0,1,312.474378,316.148425,0
63,UES2,2,69,69,5,-113.52,-113.634,-119.561,PERSISTING,5,1,392.460252,-346.610043,0
63,UES2,3,70,70,6,-101.273,-113.615,-129.832,PERSISTING,0,1,-316.061856,291.928467,0
63,UES2,4,71,71,7,-109.095,-121.428,-111.548,MOVE_REQUIRED,10,1,334.640753,367.537794,1
63,UES2,5,72,72,5,-111.549,-114.577,-118.364,PERSISTING,2,1,376.451643,-376.346969,0
63,UES2,6,73,73,3,-115.033,-117.92,-118.65,PERSISTING,4,1,-373.712466,310.706871,0
63,UES2,7,74,74,2,-115.83,-120.299,-114.206,PERSISTING,0,1,306.110645,430.045373,0
63,UES2,8,75,75,4,-121.918,-111.777,-107.685,PERSISTING,3,1,403.420360,-335.574888,0
63,UES2,9,76,76,6,-119.251,-118.82,-127.492,PERSISTING,5,1,-398.658100,334.933234,0
63,UES2,10,77,77,5,-117.26,-84.0533,-108.595,ALTERNATIVE_AVAILABLE,0,1,316.375580,354.242676,0
63,UES2,11,78,78,2,-120.237,-116.131,-114.657,PERSISTING,0,1,420.851612,-440.348027,0
63,UES2,12,79,79,3,-118.805,-119.79,-112.673,PERSISTING,0,1,-352.799605,327.970702,0
63,UES2,13,80,80,7,-116.727,-106.773,-121.575,PERSISTING,1,1,367.955980,278.407323,0
63,UES2,14,81,81,4,-117.106,-114.03,-109.971,PERSISTING,2,1,398.077619,-296.126820,0
63,UES2,15,82,82,3,-113.601,-106.732,-114.371,MOVE_REQUIRED,11,1,-338.000493,297.798193,1
63,UES2,16,83,83,2,-114.616,-115.525,-111.451,MOVE_REQUIRED,7,1,397.917341,333.458842,1
63,UES2,17,84,84,5,-91.3162,-119.822,-123.409,SERVED,0,1,316.059331,-328.123770,0
63,UES2,18,85,85,4,-115.085,-114.796,-114.25,MOVE_REQUIRED,6,1,-407.926204,341.753981,1
63,UES2,19,86,86,3,-118.87,-108.394,-91.5985,ALTERNATIVE_AVAILABLE,0,1,313.425039,361.572569,0
63,UES2,20,87,87,5,-107.51,-114.944,-116.191,PERSISTING,0,1,329.145628,-375.426559,0
63,UES2,21,88,88,2,-124.519,-117.506,-115.162,MOVE_REQUIRED,8,1,-399.635314,436.294702,1
63,UES2,22,89,89,6,-121.574,-119.709,-115.231,PERSISTING,0,1,338.468992,349.049991,0
63,UES2,23,90,90,5,-89.3545,-120.329,-118.526,SERVED,0,1,359.219422,-306.086603,0
63,UES2,24,91,91,6,-111.044,-86.501,-127.741,ALTERNATIVE_AVAILABLE,0,1,-397.409610,356.841152,0
63,UES2,25,92,92,4,-124.124,-111.314,-116.714,PERSISTING,2,1,380.057168,409.307759,0
63,UES2,26,93,93,5,-74.9977,-117.984,-125.446,SERVED,0,1,308.244249,-296.778672,0
63,UES2,27,94,94,6,-109.793,-104.29,-128.269,MOVE_REQUIRED,8,1,-391.013821,264.310271,1
63,UES2,28,95,95,6,-136.158,-120.339,-120.754,MOVE_REQUIRED,16,1,414.443862,410.758269,1
63,UES2,29,96,96,6,-127.323,-111.851,-111.73,MOVE_REQUIRED,10,1,436.971459,-274.277427,1
64,UES1,0,7,7,3,-86.9253,-109.845,-114.831,SERVED,0,1,-208.490794,-295.424278,0
64,UES1,1,8,8,5,-91.7114,-107.814,-115.46,SERVED,0,1,237.198988,-226.127633,0
64,UES1,2,9,9,3,-111.904,-108.415,-108.852,PERSISTING,0,1,-281.479002,292.466083,0
64,UES1,3,10,10,1,-106.511,-107.753,-94.672,ALTERNATIVE_AVAILABLE,0,1,232.712654,-239.221915,0
64,UES1,4,11,11,7,-89.1106,-104.634,-119.467,SERVED,0,1,192.104802,256.274470,0
64,UES1,5,12,12,6,-89.434,-93.5386,-122.076,SERVED,0,1,-230.960500,192.367596,0
64,UES1,6,13,13,1,-104.984,-71.1848,-107.859,ALTERNATIVE_AVAILABLE,0,1,89.130594,240.790243,0
64,UES1,7,14,14,1,-105.611,-79.9498,-111.916,ALTERNATIVE_AVAILABLE,0,1,-19.141861,-244.456863,0
64,UES1,8,15,15,2,-113.822,-108.99,-105.019,PERSISTING,0,1,128.069646,-307.634347,0
64,UES1,9,16,16,1,-98.8786,-75.5043,-110.387,SERVED,0,1,200.880591,-44.968197,0
64,UES1,10,17,17,4,-115.504,-108.842,-114.62,PERSISTING,0,1,-90.286877,-290.530656,0
64,UES1,11,18,18,3,-97.8355,-107.726,-93.5773,SERVED,0,1,-221.384280,111.983601,0
64,UES1,12,19,19,1,-114.987,-111.066,-87.8122,ALTERNATIVE_AVAILABLE,0,1,366.223787,1.193593,0
64,UES1,13,20,20,2,-100.405,-104.981,-94.3921,ALTERNATIVE_AVAILABLE,0,1,144.103852,248.823192,0
64,UES1,14,21,21,1,-106.222,-104.624,-98.276,ALTERNATIVE_AVAILABLE,0,1,195.169929,-209.443343,0
64,UES1,15,22,22,1,-111.092,-100.657,-107.571,PERSISTING,0,1,72.183524,-222.681848,0
64,UES1,16,23,23,4,-108.719,-112.972,-112.823,PERSISTING,0,1,-369.399328,-35.018146,0
64,UES1,17,24,24,2,-74.7096,-65.7252,-98.9691,SERVED,0,1,196.797583,-6.602307,0
64,UES1,18,25,25,1,-100.428,-107.254,-100.551,PERSISTING,1,1,161.771214,-174.395698,0
64,UES1,19,26,26,3,-99.8156,-112.264,-92.2238,SERVED,0,1,-150.764352,-244.398499,0
64,UES1,20,27,27,6,-86.1955,-109.009,-114.729,SERVED,0,1,-257.726837,238.615727,0
64,UES1,21,28,28,3,-109.239,-99.8754,-105.069,ALTERNATIVE_AVAILABLE,0,1,-175.235611,359.181903,0
64,UES1,22,29,29,2,-113.884,-107.551,-103.443,PERSISTING,2,1,311.331863,191.488917,0
64,UES1,23,30,30,5,-100.481,-77.1842,-114.986,ALTERNATIVE_AVAILABLE,0,1,97.026053,-283.887400,0
64,UES1,24,31,31,6,-106.981,-101.574,-122.899,PERSISTING,0,1,-186.679901,232.026635,0
64,UES1,25,32,32,6,-106.712,-109.008,-114.847,PERSISTING,4,1,-46.405537,348.989030,0
64,UES1,26,33,33,2,-118.794,-113.424,-97.6588,ALTERNATIVE_AVAILABLE,0,1,323.846424,152.690309,0
64,UES1,27,34,34,2,-104.307,-103.673,-97.7517,ALTERNATIVE_AVAILABLE,0,1,41.492063,259.088074,0
64,UES1,28,35,35,4,-112.267,-113.126,-110.146,PERSISTING,3,1,-308.494846,108.185949,0
64,UES1,29,36,36,3,-85.5806,-102.795,-101.059,SERVED,0,1,-12.682201,140.701258,0
64,UES1,30,37,37,4,-112.347,-111.101,-111.922,PERSISTING,2,1,-76.062132,-350.543409,0
64,UES1,31,38,38,2,-110.538,-116.204,-104.797,PERSISTING,0,1,325.229355,83.280723,0
64,UES1,32,39,39,2,-112.451,-98.3086,-111.308,ALTERNATIVE_AVAILABLE,0,1,63.511795,-255.538271,0
64,UES1,33,40,40,3,-105.3,-105.047,-102.716,PERSISTING,0,1,-156.968047,212.153822,0
64,UES1,34,41,41,5,-109.556,-111.229,-117.103,PERSISTING,2,1,39.159188,-331.000181,0
64,UES1,35,42,42,2,-106.348,-104.769,-103.939,PERSISTING,0,1,260.063406,-137.183286,0
64,UES1,36,43,43,2,-113.148,-110.843,-96.6866,ALTERNATIVE_AVAILABLE,0,1,306.827349,244.571836,0
64,UES1,37,44,44,4,-111.048,-90.0695,-88.5275,ALTERNATIVE_AVAILABLE,0,1,61.649467,-290.568758,0
64,UES1,38,45,45,4,-107.575,-103.311,-112.349,PERSISTING,2,1,-202.682052,-152.054046,0
64,UES1,39,46,46,4,-69.3743,-102.844,-112.005,SERVED,0,1,-236.402039,-10.300517,0
64,UES1,40,47,47,4,-111.051,-108.598,-105.503,PERSISTING,0,1,-255.440132,262.381106,0
64,UES1,41,48,48,4,-112.809,-116.888,-119.376,PERSISTING,5,1,-360.173087,-281.620792,0
64,UES1,42,49,49,2,-92.5317,-72.9213,-105.463,SERVED,0,1,92.635886,171.633418,0
64,UES1,43,50,50,1,-89.1489,-105.203,-101.92,SERVED,0,1,147.666797,-205.256885,0
64,UES1,44,51,51,6,-100.59,-109.224,-111.972,PERSISTING,1,1,-76.892944,237.756801,0
64,UES1,45,52,52,4,-108.612,-108.403,-117.938,PERSISTING,0,1,-168.088672,-251.773499,0
64,UES1,46,53,53,4,-115.067,-111.206,-116.735,PERSISTING,0,1,-175.526503,-297.224405,0
64,UES1,47,54,54,4,-104.391,-105.794,-117.815,PERSISTING,4,1,-172.379323,-218.600497,0
64,UES1,48,55,55,4,-101.102,-109.582,-115.283,PERSISTING,2,1,-291.522897,-131.429745,0
64,UES1,49,56,56,1,-96.3805,-102.153,-99.8652,SERVED,0,1,168.433733,-134.614603,0
64,UES1,50,57,57,4,-109.927,-105.334,-111.508,PERSISTING,1,1,-116.594152,-263.510527,0
64,UES1,51,58,58,2,-114.887,-118.582,-107.95,MOVE_REQUIRED,9,1,346.204413,103.273289,1
64,UES1,52,59,59,6,-73.8179,-106.516,-118.053,SERVED,0,1,-262.004332,275.845492,0
64,UES1,53,60,60,4,-115.174,-112.042,-121.571,PERSISTING,5,1,-396.886675,-89.750523,0
64,UES1,54,61,61,1,-106.914,-83.514,-98.7976,ALTERNATIVE_AVAILABLE,0,1,13.941801,-259.118388,0
64,UES1,55,62,62,2,-96.4751,-102.355,-106.754,SERVED,0,1,235.868446,-111.755173,0
64,UES1,56,63,63,1,-106.405,-107.203,-113.624,PERSISTING,3,1,-13.052513,-232.551117,0
64,UES1,57,64,64,3,-111.953,-111.173,-103.716,PERSISTING,0,1,-191.234413,307.139842,0
64,UES1,58,65,65,7,-119.995,-110.089,-114.737,PERSISTING,2,1,-147.408333,-331.761174,0
64,UES1,59,66,66,5,-79.706,-110.769,-118.554,SERVED,0,1,308.279654,-274.358049,0
64,UES2,0,67,67,6,-96.9381,-118.73,-120.278,SERVED,0,1,-313.464883,335.354367,0
64,UES2,1,68,68,3,-116.192,-113.123,-108.215,PERSISTING,0,1,311.336887,312.313565,0
64,UES2,2,69,69,5,-109.198,-113.008,-120.881,MOVE_REQUIRED,6,1,395.225637,-343.720141,1
64,UES2,3,70,70,6,-76.3914,-116.015,-123.682,SERVED,0,1,-317.734005,288.294695,0
64,UES2,4,71,71,7,-84.4413,-110.974,-122.313,SERVED,0,1,334.663479,363.537857,0
64,UES2,5,72,72,5,-104.049,-93.201,-117.701,ALTERNATIVE_AVAILABLE,0,1,376.133480,-372.359645,0
64,UES2,6,73,73,3,-102.943,-112.869,-109.955,PERSISTING,5,1,-377.406025,312.240797,0
64,UES2,7,74,74,2,-117.022,-122.774,-116.339,PERSISTING,1,1,302.247241,431.079477,0
64,UES2,8,75,75,4,-122.746,-112.995,-109.44,PERSISTING,4,1,402.624954,-331.654869,0
64,UES2,9,76,76,6,-87.5997,-120.519,-112.912,SERVED,0,1,-399.970222,331.154535,0
64,UES2,10,77,77,5,-125.949,-97.2245,-111.636,ALTERNATIVE_AVAILABLE,0,1,319.680406,356.496723,0
64,UES2,11,78,78,2,-116.061,-120.186,-114.477,PERSISTING,1,1,417.655631,-437.943405,0
64,UES2,12,79,79,3,-114.665,-116.222,-111.204,PERSISTING,1,1,-355.671443,325.187035,0
64,UES2,13,80,80,7,-93.8761,-95.0258,-120.997,SERVED,0,1,371.934210,277.983454,0
64,UES2,14,81,81,4,-121.739,-113.279,-93.6687,ALTERNATIVE_AVAILABLE,0,1,402.077379,-296.034096,0
64,UES2,15,82,82,3,-113.392,-116.811,-111.392,MOVE_REQUIRED,12,1,-334.009105,298.072943,1
64,UES2,16,83,83,2,-119.517,-119.878,-119.312,MOVE_REQUIRED,8,1,401.747255,332.303482,1
64,UES2,17,84,84,5,-91.4937,-121.195,-121.004,SERVED,0,1,312.368165,-329.663595,0
64,UES2,18,85,85,4,-118.149,-112.577,-115.551,MOVE_REQUIRED,7,1,-407.409489,345.720539,1
64,UES2,19,86,86,3,-119.352,-113.409,-109.804,PERSISTING,0,1,310.018545,363.669591,0
64,UES2,20,87,87,5,-108.562,-111.454,-118.95,PERSISTING,1,1,332.895403,-376.819515,0
64,UES2,21,88,88,2,-130.574,-115.957,-114.241,MOVE_REQUIRED,9,1,-402.826510,438.705860,1
64,UES2,22,89,89,6,-129.793,-115.716,-100.288,PERSISTING,1,1,341.897016,351.111642,0
64,UES2,23,90,90,5,-95.7188,-120.596,-121.139,SERVED,0,1,355.850007,-303.932627,0
64,UES2,24,91,91,6,-112.915,-113.408,-123.207,PERSISTING,0,1,-401.116325,358.345011,0
64,UES2,25,92,92,4,-124.769,-91.9498,-94.9394,ALTERNATIVE_AVAILABLE,0,1,382.982830,412.035918,0
64,UES2,26,93,93,5,-90.2378,-122.539,-125.164,SERVED,0,1,310.146049,-293.259773,0
64,UES2,27,94,94,6,-80.0421,-122.707,-126.071,SERVED,0,1,-394.679869,262.711497,0
64,UES2,28,95,95,6,-130.614,-123.86,-118.41,MOVE_REQUIRED,17,1,410.456063,411.062127,1
64,UES2,29,96,96,6,-125.205,-110.922,-110.327,MOVE_REQUIRED,11,1,436.950407,-273.168724,1
65,UES1,0,7,7,3,-110.537,-108.007,-114.487,PERSISTING,0,1,-211.344690,-299.529210,0
65,UES1,1,8,8,5,-102.458,-103.635,-102.331,PERSISTING,0,1,240.451185,-229.926079,0
65,UES1,2,9,9,3,-112.089,-111.048,-97.0223,ALTERNATIVE_AVAILABLE,0,1,-284.734787,296.260186,0
65,UES1,3,10,10,1,-106.159,-88.0131,-92.3276,ALTERNATIVE_AVAILABLE,0,1,236.611942,-242.352966,0
65,UES1,4,11,11,7,-109.077,-104.609,-121.006,PERSISTING,0,1,195.911990,259.517031,0
65,UES1,5,12,12,6,-85.6448,-103.939,-117.465,SERVED,0,1,-234.052420,196.296974,0
65,UES1,6,13,13,1,-102.347,-69.5124,-102.62,ALTERNATIVE_AVAILABLE,0,1,89.127005,245.790242,0
65,UES1,7,14,14,1,-105.316,-103.192,-113.49,PERSISTING,0,1,-20.268588,-249.328257,0
65,UES1,8,15,15,2,-112.091,-107.324,-105.437,PERSISTING,1,1,130.454671,-312.029073,0
65,UES1,9,16,16,1,-101,-81.9941,-110.42,ALTERNATIVE_AVAILABLE,0,1,205.461657,-46.973608,0
65,UES1,10,17,17,4,-104.457,-112.075,-108.283,PERSISTING,1,1,-91.209071,-295.444853,0
65,UES1,11,18,18,3,-101.282,-96.5715,-110.913,ALTERNATIVE_AVAILABLE,0,1,-226.139975,113.524379,0
65,UES1,12,19,19,1,-116.698,-111.606,-106.299,PERSISTING,0,1,370.978287,2.744627,0
65,UES1,13,20,20,2,-106.716,-104.666,-110.293,PERSISTING,0,1,146.492465,253.215746,0
65,UES1,14,21,21,1,-106.916,-110.279,-101.875,PERSISTING,0,1,198.657758,-213.026265,0
65,UES1,15,22,22,1,-106.459,-86.6066,-105.977,ALTERNATIVE_AVAILABLE,0,1,71.749339,-227.662915,0
65,UES1,16,23,23,4,-110.864,-117.233,-112.393,PERSISTING,1,1,-374.389459,-34.720965,0
65,UES1,17,24,24,2,-84.1959,-72.8992,-99.5312,SERVED,0,1,201.760204,-5.991941,0
65,UES1,18,25,25,1,-99.4268,-104.819,-103.442,SERVED,0,1,164.527030,-178.567802,0
65,UES1,19,26,26,3,-109.502,-105.257,-114.545,PERSISTING,0,1,-153.026178,-248.857663,0
65,UES1,20,27,27,6,-66.8435,-118.25,-122.837,SERVED,0,1,-261.562732,241.822237,0
65,UES1,21,28,28,3,-92.2062,-109.572,-110.236,SERVED,0,1,-176.784562,363.935928,0
65,UES1,22,29,29,2,-106.126,-84.5869,-110.354,ALTERNATIVE_AVAILABLE,0,1,315.000304,194.886723,0
65,UES1,23,30,30,5,-110.433,-107.034,-115.412,PERSISTING,0,1,98.445825,-288.681848,0
65,UES1,24,31,31,6,-94.4499,-105.376,-121.732,SERVED,0,1,-191.012177,234.522187,0
65,UES1,25,32,32,6,-115.65,-86.1571,-116.997,ALTERNATIVE_AVAILABLE,0,1,-46.758387,353.976516,0
65,UES1,26,33,33,2,-110.912,-97.4467,-105.403,ALTERNATIVE_AVAILABLE,0,1,327.385685,156.222112,0
65,UES1,27,34,34,2,-102.36,-99.2271,-97.5378,ALTERNATIVE_AVAILABLE,0,1,41.287530,264.083855,0
65,UES1,28,35,35,4,-112.737,-110.541,-89.5753,ALTERNATIVE_AVAILABLE,0,1,-303.746327,106.618614,0
65,UES1,29,36,36,3,-96.2284,-103.025,-88.4396,SERVED,0,1,-15.123442,145.064196,0
65,UES1,30,37,37,4,-116.666,-113.115,-116.874,PERSISTING,3,1,-78.052444,-355.129793,0
65,UES1,31,38,38,2,-110.617,-108.407,-110.62,PERSISTING,1,1,329.986247,84.821553,0
65,UES1,32,39,39,2,-111.891,-106.893,-110.045,PERSISTING,0,1,63.937607,-260.520111,0
65,UES1,33,40,40,3,-105.625,-109.058,-92.076,ALTERNATIVE_AVAILABLE,0,1,-161.903157,211.355230,0
65,UES1,34,41,41,5,-111.123,-108.758,-81.1728,ALTERNATIVE_AVAILABLE,0,1,40.843298,-335.708303,0
65,UES1,35,42,42,2,-106.809,-80.8448,-107.501,ALTERNATIVE_AVAILABLE,0,1,264.469841,-139.546836,0
65,UES1,36,43,43,2,-106.47,-87.2398,-106.108,ALTERNATIVE_AVAILABLE,0,1,310.654870,247.789212,0
65,UES1,37,44,44,4,-114.298,-86.6146,-105.732,ALTERNATIVE_AVAILABLE,0,1,62.730741,-295.450475,0
65,UES1,38,45,45,4,-101.906,-102.63,-118.815,PERSISTING,3,1,-206.954523,-154.650292,0
65,UES1,39,46,46,4,-103.421,-93.1921,-109.766,ALTERNATIVE_AVAILABLE,0,1,-241.395759,-10.070219,0
65,UES1,40,47,47,4,-111.816,-114.079,-94.2141,ALTERNATIVE_AVAILABLE,0,1,-257.955532,266.701755,0
65,UES1,41,48,48,3,-116.489,-113.915,-117.087,MOVE_REQUIRED,6,1,-364.258966,-284.501791,1
65,UES1,42,49,49,2,-79.8826,-81.1235,-104.378,SERVED,0,1,94.739827,176.169722,0
65,UES1,43,50,50,1,-82.9994,-101.282,-109.679,SERVED,0,1,151.268255,-208.725242,0
65,UES1,44,51,51,6,-107.26,-110.119,-117.379,PERSISTING,2,1,-78.706232,242.415985,0
65,UES1,45,52,52,4,-107.268,-107.732,-103.322,PERSISTING,1,1,-171.409047,-255.510997,0
65,UES1,46,53,53,1,-113.255,-110.507,-96.3725,ALTERNATIVE_AVAILABLE,0,1,-178.020373,-301.558048,0
65,UES1,47,54,54,4,-105.076,-108.216,-113.3,PERSISTING,5,1,-173.809860,-223.391485,0
65,UES1,48,55,55,4,-106.671,-107.566,-114.811,PERSISTING,3,1,-295.223632,-134.791970,0
65,UES1,49,56,56,1,-97.8613,-98.1163,-90.5613,SERVED,0,1,171.945484,-138.174038,0
65,UES1,50,57,57,4,-106.07,-94.2446,-113.122,ALTERNATIVE_AVAILABLE,0,1,-117.427834,-268.440534,0
65,UES1,51,58,58,2,-114.88,-112.356,-108.526,MOVE_REQUIRED,10,1,348.308354,107.809442,1
65,UES1,52,59,59,6,-65.8176,-114.774,-125.781,SERVED,0,1,-265.993327,278.860107,0
65,UES1,53,60,60,4,-114.524,-104.169,-105.51,MOVE_REQUIRED,6,1,-401.729686,-90.989746,1
65,UES1,54,61,61,1,-109.787,-95.5631,-110.774,ALTERNATIVE_AVAILABLE,0,1,12.995685,-264.028024,0
65,UES1,55,62,62,2,-79.9921,-105.565,-90.8203,SERVED,0,1,239.670849,-115.002382,0
65,UES1,56,63,63,1,-105.882,-90.2654,-111.126,ALTERNATIVE_AVAILABLE,0,1,-12.595603,-237.530240,0
65,UES1,57,64,64,1,-117.201,-73.9163,-103.549,ALTERNATIVE_AVAILABLE,0,1,-193.013014,311.812600,0
65,UES1,58,65,65,7,-117.54,-107.64,-117.558,PERSISTING,3,1,-148.547020,-336.629735,0
65,UES1,59,66,66,5,-82.7773,-101.373,-118.837,SERVED,0,1,311.958859,-277.744446,0
65,UES2,0,67,67,6,-72.7222,-114.493,-125.125,SERVED,0,1,-309.564399,336.243229,0
65,UES2,1,68,68,3,-117.362,-77.8744,-105.827,ALTERNATIVE_AVAILABLE,0,1,310.199395,308.478708,0
65,UES2,2,69,69,5,-88.1611,-93.1412,-82.4483,SERVED,0,1,397.991021,-340.830240,0
65,UES2,3,70,70,6,-94.5957,-120.033,-121.53,SERVED,0,1,-319.406153,284.660922,0
65,UES2,4,71,71,7,-109.339,-123.151,-126.611,PERSISTING,0,1,334.686204,359.537919,0
65,UES2,5,72,72,5,-90.4152,-115.021,-115.574,SERVED,0,1,375.815317,-368.372321,0
65,UES2,6,73,73,3,-113.393,-117.166,-111.219,MOVE_REQUIRED,6,1,-381.099583,313.774671,1
65,UES2,7,74,74,2,-100.905,-104.263,-110.505,PERSISTING,2,1,298.383836,432.113549,0
65,UES2,8,75,75,4,-118.739,-115.188,-110.401,PERSISTING,5,1,401.829547,-327.734855,0
65,UES2,9,76,76,6,-112.85,-122.494,-130.427,PERSISTING,0,1,-401.282344,327.375836,0
65,UES2,10,77,77,5,-119.92,-108.453,-83.8948,ALTERNATIVE_AVAILABLE,0,1,322.985231,358.750773,0
65,UES2,11,78,78,2,-118.99,-80.6625,-115.363,ALTERNATIVE_AVAILABLE,0,1,414.459651,-435.538787,0
65,UES2,12,79,79,3,-118.899,-118.116,-109.572,PERSISTING,2,1,-358.543280,322.403385,0
65,UES2,13,80,80,7,-111.583,-122.596,-99.2833,ALTERNATIVE_AVAILABLE,0,1,375.912441,277.559574,0
65,UES2,14,81,81,4,-118.432,-113.024,-107.219,PERSISTING,0,1,406.077139,-295.941365,0
65,UES2,15,82,82,3,-113.943,-110.328,-109.015,MOVE_REQUIRED,13,1,-333.268241,301.327381,1
65,UES2,16,83,83,2,-114.445,-115.315,-97.6563,ALTERNATIVE_AVAILABLE,0,1,405.577169,331.148117,0
65,UES2,17,84,84,5,-95.6975,-121.629,-124.643,SERVED,0,1,308.676999,-331.203397,0
65,UES2,18,85,85,4,-120.461,-111.353,-112.08,MOVE_REQUIRED,8,1,-406.892773,349.687099,1
65,UES2,19,86,86,3,-116.819,-114.853,-112.438,PERSISTING,1,1,306.612051,365.766613,0
65,UES2,20,87,87,5,-105.008,-114.824,-120.409,PERSISTING,2,1,336.645178,-378.212476,0
65,UES2,21,88,88,2,-124.489,-119.38,-121.229,MOVE_REQUIRED,10,1,-406.017706,441.116947,1
65,UES2,22,89,89,7,-114.116,-118.216,-123.783,PERSISTING,2,1,345.325040,353.173293,0
65,UES2,23,90,90,5,-89.7351,-116.314,-123.819,SERVED,0,1,352.480592,-301.778795,0
65,UES2,24,91,91,3,-114.866,-115.994,-113.929,PERSISTING,1,1,-404.823041,359.848867,0
65,UES2,25,92,92,4,-116.552,-113.919,-115.772,PERSISTING,0,1,385.908492,414.764096,0
65,UES2,26,93,93,5,-84.6775,-125.028,-127.247,SERVED,0,1,312.047849,-289.740873,0
65,UES2,27,94,94,6,-107.676,-119.849,-137.701,PERSISTING,0,1,-398.345917,261.112853,0
65,UES2,28,95,95,6,-130.371,-122.751,-114.58,MOVE_REQUIRED,18,1,406.468264,411.365983,1
65,UES2,29,96,96,6,-124.057,-113.332,-105.724,MOVE_REQUIRED,12,1,433.668307,-275.453616,1
66,UES1,0,7,7,3,-110.473,-76.6825,-116.299,ALTERNATIVE_AVAILABLE,0,1,-214.198586,-303.634139,0
66,UES1,1,8,8,5,-99.849,-105.794,-89.3054,SERVED,0,1,243.703383,-233.724529,0
66,UES1,2,9,9,3,-113.734,-112.012,-97.7854,ALTERNATIVE_AVAILABLE,0,1,-287.990573,300.054287,0
66,UES1,3,10,10,1,-112.704,-107.512,-106.441,PERSISTING,0,1,240.511229,-245.484019,0
66,UES1,4,11,11,7,-98.5003,-108.718,-114.657,SERVED,0,1,199.719178,262.759595,0
66,UES1,5,12,12,6,-106.336,-105.297,-120.741,PERSISTING,0,1,-237.144339,200.226351,0
66,UES1,6,13,13,1,-107.798,-98.76,-111.799,ALTERNATIVE_AVAILABLE,0,1,89.123417,250.790240,0
66,UES1,7,14,14,1,-105.39,-107.47,-114.329,PERSISTING,1,1,-21.395315,-254.199652,0
66,UES1,8,15,15,2,-110.989,-113.086,-89.3326,ALTERNATIVE_AVAILABLE,0,1,132.839695,-316.423800,0
66,UES1,9,16,16,1,-105.545,-91.7149,-112.204,ALTERNATIVE_AVAILABLE,0,1,210.042722,-48.979020,0
66,UES1,10,17,17,4,-108.819,-95.6507,-112.295,ALTERNATIVE_AVAILABLE,0,1,-92.131264,-300.359050,0
66,UES1,11,18,18,3,-103.804,-92.2841,-103.781,ALTERNATIVE_AVAILABLE,0,1,-230.895671,115.065155,0
66,UES1,12,19,19,1,-117.488,-114.092,-105.824,PERSISTING,1,1,375.732786,4.295666,0
66,UES1,13,20,20,2,-86.94,-93.3331,-106.444,SERVED,0,1,148.881078,257.608300,0
66,UES1,14,21,21,1,-105.972,-109.057,-105.255,PERSISTING,1,1,202.145587,-216.609201,0
66,UES1,15,22,22,1,-103.503,-105.628,-111.678,PERSISTING,0,1,71.315155,-232.643977,0
66,UES1,16,23,23,4,-114.475,-111.102,-111.069,PERSISTING,2,1,-379.379590,-34.423786,0
66,UES1,17,24,24,2,-95.8541,-94.8081,-109.633,SERVED,0,1,206.722825,-5.381574,0
66,UES1,18,25,25,1,-103.381,-80.6156,-100.742,ALTERNATIVE_AVAILABLE,0,1,167.282845,-182.739907,0
66,UES1,19,26,26,3,-107.905,-108.189,-119.739,PERSISTING,1,1,-155.288004,-253.316827,0
66,UES1,20,27,27,6,-65.4698,-115.961,-129.55,SERVED,0,1,-265.398626,245.028745,0
66,UES1,21,28,28,3,-110.355,-112.466,-107.974,PERSISTING,0,1,-178.333512,368.689953,0
66,UES1,22,29,29,2,-110.636,-115.091,-115.009,PERSISTING,0,1,318.668744,198.284530,0
66,UES1,23,30,30,5,-111.033,-108.606,-116.157,PERSISTING,1,1,99.865596,-293.476298,0
66,UES1,24,31,31,6,-91.3565,-106.861,-122.233,SERVED,0,1,-195.344453,237.017738,0
66,UES1,25,32,32,6,-106.848,-93.6613,-112.514,ALTERNATIVE_AVAILABLE,0,1,-47.111237,358.964001,0
66,UES1,26,33,33,2,-114.006,-109.578,-106.04,PERSISTING,0,1,330.924947,159.753915,0
66,UES1,27,34,34,2,-104.71,-81.8895,-96.6774,ALTERNATIVE_AVAILABLE,0,1,41.082996,269.079636,0
66,UES1,28,35,35,4,-109.696,-109.35,-94.0994,ALTERNATIVE_AVAILABLE,0,1,-298.997808,105.051277,0
66,UES1,29,36,36,3,-98.4259,-100.591,-81.8671,SERVED,0,1,-17.564683,149.427130,0
66,UES1,30,37,37,4,-121.097,-112.628,-112.486,PERSISTING,4,1,-80.042755,-359.716175,0
66,UES1,31,38,38,2,-111.623,-118.014,-108.848,PERSISTING,2,1,334.743139,86.362385,0
66,UES1,32,39,39,2,-104.543,-75.1144,-109.507,ALTERNATIVE_AVAILABLE,0,1,64.363419,-265.501951,0
66,UES1,33,40,40,3,-106.925,-104.136,-92.4645,ALTERNATIVE_AVAILABLE,0,1,-166.838268,210.556639,0
66,UES1,34,41,41,5,-111.012,-95.9231,-119.499,ALTERNATIVE_AVAILABLE,0,1,42.527407,-340.416427,0
66,UES1,35,42,42,2,-107.4,-104.227,-106.293,PERSISTING,0,1,268.876275,-141.910387,0
66,UES1,36,43,43,2,-108.937,-84.4704,-101.493,ALTERNATIVE_AVAILABLE,0,1,314.482392,251.006590,0
66,UES1,37,44,44,4,-105.892,-107.892,-108.302,PERSISTING,0,1,63.812016,-300.332193,0
66,UES1,38,45,45,4,-105.44,-104.976,-95.6537,ALTERNATIVE_AVAILABLE,0,1,-211.226994,-157.246531,0
66,UES1,39,46,46,4,-106.932,-104.572,-112.463,PERSISTING,0,1,-246.389479,-9.839921,0
66,UES1,40,47,47,4,-112.263,-111.662,-97.9108,ALTERNATIVE_AVAILABLE,0,1,-260.470931,271.022402,0
66,UES1,41,48,48,3,-112.71,-111.987,-117.01,MOVE_REQUIRED,7,1,-368.344845,-287.382787,1
66,UES1,42,49,49,2,-94.4271,-101.317,-92.464,SERVED,0,1,96.843768,180.706029,0
66,UES1,43,50,50,1,-108.232,-107.113,-104.696,PERSISTING,0,1,154.869714,-212.193600,0
66,UES1,44,51,51,6,-103.503,-92.291,-109.094,ALTERNATIVE_AVAILABLE,0,1,-80.519521,247.075162,0
66,UES1,45,52,52,4,-108.851,-103.473,-116.96,PERSISTING,2,1,-174.729422,-259.248491,0
66,UES1,46,53,53,1,-106.998,-111.619,-116.302,PERSISTING,0,1,-180.514242,-305.891690,0
66,UES1,47,54,54,4,-108.605,-108.245,-88.3721,ALTERNATIVE_AVAILABLE,0,1,-175.240396,-228.182472,0
66,UES1,48,55,55,4,-107.025,-104.506,-116.15,PERSISTING,4,1,-298.924367,-138.154194,0
66,UES1,49,56,56,1,-101.715,-102.589,-105.88,PERSISTING,0,1,175.457236,-141.733473,0
66,UES1,50,57,57,4,-106.874,-88.0472,-115.225,ALTERNATIVE_AVAILABLE,0,1,-118.261516,-273.370540,0
66,UES1,51,58,58,2,-101.931,-116.415,-116.106,MOVE_REQUIRED,11,1,350.412295,112.345598,1
66,UES1,52,59,59,6,-85.5073,-116.443,-124.12,SERVED,0,1,-269.982322,281.874723,0
66,UES1,53,60,60,4,-116.951,-115.892,-115.68,MOVE_REQUIRED,7,1,-406.572697,-92.228966,1
66,UES1,54,61,61,1,-102.058,-105.496,-110.873,PERSISTING,0,1,12.049570,-268.937660,0
66,UES1,55,62,62,2,-86.6487,-105.591,-99.1046,SERVED,0,1,243.473253,-118.249594,0
66,UES1,56,63,63,1,-108.491,-105.74,-112.292,PERSISTING,0,1,-12.138693,-242.509364,0
66,UES1,57,64,64,1,-116.012,-109.799,-113.724,PERSISTING,0,1,-194.791616,316.485357,0
66,UES1,58,65,65,7,-115.087,-109.724,-116.426,PERSISTING,4,1,-149.685708,-341.498295,0
66,UES1,59,66,66,5,-102.202,-112.547,-114.055,PERSISTING,0,1,315.638064,-281.130848,0
66,UES2,0,67,67,6,-93.0054,-121.708,-120.391,SERVED,0,1,-305.663915,337.132095,0
66,UES2,1,68,68,3,-116.255,-113.936,-96.9428,ALTERNATIVE_AVAILABLE,0,1,309.061904,304.643854,0
66,UES2,2,69,69,5,-112.104,-114.484,-121.555,PERSISTING,0,1,400.756405,-337.940338,0
66,UES2,3,70,70,6,-92.3114,-122.371,-124.618,SERVED,0,1,-321.078302,281.027150,0
66,UES2,4,71,71,7,-106.239,-119.694,-122.12,PERSISTING,1,1,334.708930,355.537981,0
66,UES2,5,72,72,5,-112.507,-114.029,-91.5136,ALTERNATIVE_AVAILABLE,0,1,375.497154,-364.384997,0
66,UES2,6,73,73,3,-114.219,-111.199,-112.07,MOVE_REQUIRED,7,1,-384.793141,315.308482,1
66,UES2,7,74,74,2,-112.912,-115.826,-110.374,PERSISTING,3,1,294.520431,433.147582,0
66,UES2,8,75,75,4,-115.822,-114.652,-105.614,MOVE_REQUIRED,6,1,401.034140,-323.814845,1
66,UES2,9,76,76,6,-108.45,-121.133,-129.031,PERSISTING,1,1,-402.594466,323.597137,0
66,UES2,10,77,77,5,-117.159,-91.5766,-114.332,ALTERNATIVE_AVAILABLE,0,1,326.290057,361.004825,0
66,UES2,11,78,78,2,-119.184,-118.269,-112.608,PERSISTING,0,1,411.263670,-433.134171,0
66,UES2,12,79,79,3,-125.663,-114.713,-90.909,ALTERNATIVE_AVAILABLE,0,1,-361.415117,319.619755,0
66,UES2,13,80,80,7,-106.912,-123.451,-121.067,PERSISTING,0,1,379.890671,277.135682,0
66,UES2,14,81,81,4,-119.493,-112.926,-105.541,PERSISTING,1,1,410.076899,-295.848623,0
66,UES2,15,82,82,3,-118.382,-79.8887,-102.019,ALTERNATIVE_AVAILABLE,0,1,-333.340007,305.326730,0
66,UES2,16,83,83,2,-118.521,-119.126,-115.438,PERSISTING,0,1,409.407083,329.992745,0
66,UES2,17,84,84,5,-63.8653,-122.43,-126.947,SERVED,0,1,304.985832,-332.743167,0
66,UES2,18,85,85,4,-115.526,-112.21,-110.817,MOVE_REQUIRED,9,1,-406.376058,353.653662,1
66,UES2,19,86,86,3,-117.056,-112.384,-107.864,PERSISTING,2,1,303.205556,367.863634,0
66,UES2,20,87,87,5,-107.032,-113.036,-120.316,PERSISTING,3,1,340.394953,-379.605442,0
66,UES2,21,88,88,2,-123.387,-116.725,-116.792,MOVE_REQUIRED,11,1,-409.208902,443.527935,1
66,UES2,22,89,89,7,-113.611,-123.421,-120.229,PERSISTING,3,1,348.753064,355.234945,0
66,UES2,23,90,90,5,-63.1788,-114.036,-124.658,SERVED,0,1,349.110938,-299.625218,0
66,UES2,24,91,91,3,-111.754,-119.21,-116.359,PERSISTING,2,1,-408.529756,361.352720,0
66,UES2,25,92,92,4,-125.463,-105.83,-115.332,PERSISTING,1,1,388.834154,417.492302,0
66,UES2,26,93,93,5,-89.8733,-91.044,-127.771,SERVED,0,1,313.949649,-286.221973,0
66,UES2,27,94,94,6,-106.601,-123.454,-131.565,PERSISTING,1,1,-402.011965,259.514470,0
66,UES2,28,95,95,6,-127.027,-124.232,-114.783,MOVE_REQUIRED,19,1,402.480465,411.669837,1
66,UES2,29,96,96,6,-123.877,-116.259,-106.431,MOVE_REQUIRED,13,1,430.386208,-277.738500,1
67,UES1,0,7,7,3,-115.693,-111.683,-117.128,PERSISTING,0,1,-217.052482,-307.739066,0
67,UES1,1,8,8,5,-110.559,-72.8996,-119.77,ALTERNATIVE_AVAILABLE,0,1,246.955580,-237.522981,0
67,UES1,2,9,9,3,-113.228,-112.054,-91.1633,ALTERNATIVE_AVAILABLE,0,1,-291.246358,303.848384,0
67,UES1,3,10,10,1,-107.951,-107.847,-98.1518,ALTERNATIVE_AVAILABLE,0,1,244.410517,-248.615075,0
67,UES1,4,11,11,7,-107.855,-104.113,-115.833,PERSISTING,0,1,203.526366,266.002162,0
67,UES1,5,12,12,6,-89.6786,-100.535,-124.353,SERVED,0,1,-240.236259,204.155729,0
67,UES1,6,13,13,2,-108.425,-82.766,-88.0298,ALTERNATIVE_AVAILABLE,0,1,89.119829,255.790239,0
67,UES1,7,14,14,1,-106.166,-84.4852,-91.3563,ALTERNATIVE_AVAILABLE,0,1,-22.522041,-259.071046,0
67,UES1,8,15,15,2,-111.991,-109.578,-93.7066,ALTERNATIVE_AVAILABLE,0,1,135.224720,-320.818528,0
67,UES1,9,16,16,1,-71.7626,-99.0912,-109.868,SERVED,0,1,214.623787,-50.984435,0
67,UES1,10,17,17,4,-104.672,-109.351,-114.031,PERSISTING,0,1,-93.053458,-305.273247,0
67,UES1,11,18,18,3,-103.648,-84.5875,-109.999,ALTERNATIVE_AVAILABLE,0,1,-235.651367,116.605929,0
67,UES1,12,19,19,1,-115.809,-113.389,-105.606,PERSISTING,2,1,380.487286,5.846711,0
67,UES1,13,20,20,2,-106.452,-112.34,-103.095,PERSISTING,0,1,151.269691,262.000855,0
67,UES1,14,21,21,1,-106.561,-87.5917,-101.836,ALTERNATIVE_AVAILABLE,0,1,205.633417,-220.192151,0
67,UES1,15,22,22,1,-102.828,-81.3264,-107.606,ALTERNATIVE_AVAILABLE,0,1,70.880970,-237.625035,0
67,UES1,16,23,23,4,-112.917,-112.066,-113.259,PERSISTING,3,1,-384.369722,-34.126609,0
67,UES1,17,24,24,1,-103.416,-100.184,-88.6699,ALTERNATIVE_AVAILABLE,0,1,211.685446,-4.771208,0
67,UES1,18,25,25,1,-101.779,-99.3856,-101.431,ALTERNATIVE_AVAILABLE,0,1,170.038661,-186.912013,0
67,UES1,19,26,26,3,-112.254,-96.9444,-113.751,ALTERNATIVE_AVAILABLE,0,1,-157.549830,-257.775990,0
67,UES1,20,27,27,6,-65.2046,-112.199,-125.997,SERVED,0,1,-269.234520,248.235252,0
67,UES1,21,28,28,3,-113.672,-111.483,-111.95,PERSISTING,1,1,-179.882462,373.443978,0
67,UES1,22,29,29,2,-110.922,-77.0442,-101.597,ALTERNATIVE_AVAILABLE,0,1,322.337184,201.682337,0
67,UES1,23,30,30,5,-105.529,-108.419,-115.189,PERSISTING,2,1,101.285367,-298.270750,0
67,UES1,24,31,31,6,-97.4787,-106.769,-122.929,SERVED,0,1,-199.676730,239.513288,0
67,UES1,25,32,32,6,-106.89,-85.5662,-112.335,ALTERNATIVE_AVAILABLE,0,1,-47.464086,363.951485,0
67,UES1,26,33,33,2,-112.902,-111.586,-111.066,PERSISTING,1,1,334.464208,163.285718,0
67,UES1,27,34,34,2,-105.917,-101.495,-113.692,PERSISTING,0,1,40.878463,274.075416,0
67,UES1,28,35,35,4,-109.651,-112.027,-103.28,PERSISTING,0,1,-294.249288,103.483940,0
67,UES1,29,36,36,3,-98.5598,-90.9651,-104.708,SERVED,0,1,-20.005924,153.790057,0
67,UES1,30,37,37,4,-113.817,-113.318,-117.376,PERSISTING,5,1,-82.033066,-364.302554,0
67,UES1,31,38,38,2,-115.033,-118.605,-118.374,PERSISTING,3,1,339.500031,87.903217,0
67,UES1,32,39,39,2,-111.215,-104.933,-107.924,PERSISTING,0,1,64.789230,-270.483791,0
67,UES1,33,40,40,3,-104.505,-107.592,-103.504,PERSISTING,0,1,-171.773379,209.758048,0
67,UES1,34,41,41,5,-112.778,-107.258,-119.162,PERSISTING,0,1,44.211517,-345.124553,0
67,UES1,35,42,42,2,-103.924,-104.221,-95.6234,ALTERNATIVE_AVAILABLE,0,1,273.282709,-144.273940,0
67,UES1,36,43,43,2,-108.117,-106.266,-106.395,PERSISTING,0,1,318.309914,254.223970,0
67,UES1,37,44,44,4,-107.036,-83.2561,-106.558,ALTERNATIVE_AVAILABLE,0,1,64.893291,-305.213913,0
67,UES1,38,45,45,4,-104.845,-108.14,-114.729,PERSISTING,0,1,-215.499465,-159.842765,0
67,UES1,39,46,46,4,-76.3371,-103.786,-113.624,SERVED,0,1,-251.383199,-9.609623,0
67,UES1,40,47,47,4,-107.379,-104.784,-96.9571,ALTERNATIVE_AVAILABLE,0,1,-262.986330,275.343046,0
67,UES1,41,48,48,3,-116.877,-115.368,-123.974,MOVE_REQUIRED,8,1,-372.430725,-290.263781,1
67,UES1,42,49,49,2,-102.718,-99.6438,-95.0811,ALTERNATIVE_AVAILABLE,0,1,98.947708,185.242341,0
67,UES1,43,50,50,1,-109.144,-105.064,-105.326,PERSISTING,1,1,158.471173,-215.661958,0
67,UES1,44,51,51,6,-106.989,-103.469,-111.811,PERSISTING,0,1,-82.332809,251.734330,0
67,UES1,45,52,52,1,-107.566,-108.367,-116.411,PERSISTING,3,1,-178.049797,-262.985981,0
67,UES1,46,53,53,1,-77.7972,-98.4524,-115.18,SERVED,0,1,-183.008112,-310.225333,0
67,UES1,47,54,54,4,-105.603,-108.598,-111.558,PERSISTING,0,1,-176.670932,-232.973459,0
67,UES1,48,55,55,3,-105.903,-106.081,-117.585,PERSISTING,5,1,-302.625102,-141.516419,0
67,UES1,49,56,56,1,-101.136,-103.964,-103.236,PERSISTING,1,1,178.968987,-145.292910,0
67,UES1,50,57,57,4,-108.497,-108.015,-119.066,PERSISTING,0,1,-119.095198,-278.300546,0
67,UES1,51,58,58,2,-119.315,-114.438,-115.422,MOVE_REQUIRED,12,1,352.516236,116.881757,1
67,UES1,52,59,59,6,-64.6374,-119.933,-122.577,SERVED,0,1,-273.971318,284.889339,0
67,UES1,53,60,60,4,-111.97,-114.853,-114.904,MOVE_REQUIRED,8,1,-411.415708,-93.468183,1
67,UES1,54,61,61,1,-110.736,-105.754,-111.705,PERSISTING,1,1,11.103454,-273.847295,0
67,UES1,55,62,62,2,-98.9157,-106.983,-102.032,SERVED,0,1,247.275656,-121.496810,0
67,UES1,56,63,63,1,-104.45,-101.83,-112.596,PERSISTING,1,1,-11.681782,-247.488488,0
67,UES1,57,64,64,1,-113.531,-105.797,-110.022,PERSISTING,1,1,-196.570217,321.158113,0
67,UES1,58,65,65,7,-123.626,-78.6439,-118.111,ALTERNATIVE_AVAILABLE,0,1,-150.824396,-346.366855,0
67,UES1,59,66,66,5,-105.895,-91.2547,-115.996,ALTERNATIVE_AVAILABLE,0,1,319.317270,-284.517252,0
67,UES2,0,67,67,6,-85.0956,-123.653,-129.228,SERVED,0,1,-301.763431,338.020964,0
67,UES2,1,68,68,3,-124.101,-112.91,-108.671,PERSISTING,0,1,307.924412,300.809005,0
67,UES2,2,69,69,5,-111.231,-114.031,-124.738,PERSISTING,1,1,403.521790,-335.050436,0
67,UES2,3,70,70,6,-74.6417,-115.131,-126.15,SERVED,0,1,-322.750450,277.393379,0
67,UES2,4,71,71,7,-110.962,-125.331,-124.704,PERSISTING,2,1,334.731656,351.538043,0
67,UES2,5,72,72,5,-98.8383,-115.731,-121.731,SERVED,0,1,375.178992,-360.397674,0
67,UES2,6,73,73,3,-118.554,-83.0124,-101.663,ALTERNATIVE_AVAILABLE,0,1,-388.486700,316.842214,0
67,UES2,7,74,74,2,-121.353,-116.283,-113.796,PERSISTING,4,1,290.657026,434.181569,0
67,UES2,8,75,75,4,-124.836,-113.816,-102.529,MOVE_REQUIRED,7,1,400.238733,-319.894841,1
67,UES2,9,76,76,6,-97.8115,-119.682,-124.839,SERVED,0,1,-403.906589,319.818440,0
67,UES2,10,77,77,5,-120.846,-115.498,-112.816,PERSISTING,0,1,329.594883,363.258881,0
67,UES2,11,78,78,2,-120.384,-116.802,-112.793,PERSISTING,1,1,408.067689,-430.729559,0
67,UES2,12,79,79,3,-117.545,-121.908,-107.246,PERSISTING,0,1,-364.286955,316.836145,0
67,UES2,13,80,80,7,-112.952,-120.68,-125.123,PERSISTING,1,1,383.868901,276.711773,0
67,UES2,14,81,81,4,-115.515,-101.227,-109.16,PERSISTING,2,1,414.076659,-295.755861,0
67,UES2,15,82,82,3,-103.506,-87.8712,-94.9934,ALTERNATIVE_AVAILABLE,0,1,-333.411773,309.326080,0
67,UES2,16,83,83,2,-116.263,-114.748,-113.225,PERSISTING,1,1,413.236997,328.837365,0
67,UES2,17,84,84,5,-97.614,-122.84,-119.807,SERVED,0,1,301.294666,-334.282890,0
67,UES2,18,85,85,4,-118.846,-115.867,-113.906,MOVE_REQUIRED,10,1,-405.859342,357.620228,1
67,UES2,19,86,86,3,-119.695,-116.656,-111.435,PERSISTING,3,1,299.799062,369.960656,0
67,UES2,20,87,87,5,-107.884,-115.209,-117.894,PERSISTING,4,1,344.144728,-380.998412,0
67,UES2,21,88,88,2,-130.357,-117.515,-117.229,MOVE_REQUIRED,12,1,-412.400098,445.938768,1
67,UES2,22,89,89,7,-115.623,-119.067,-125.207,PERSISTING,4,1,352.181088,357.296597,0
67,UES2,23,90,90,5,-90.1077,-122.854,-123.05,SERVED,0,1,347.092398,-298.327153,0
67,UES2,24,91,91,3,-117.233,-117.662,-111.495,PERSISTING,3,1,-412.236472,362.856568,0
67,UES2,25,92,92,3,-121.432,-117.667,-121.687,PERSISTING,2,1,391.759816,420.220549,0
67,UES2,26,93,93,5,-95.4707,-121.019,-121.56,SERVED,0,1,315.851449,-282.703072,0
67,UES2,27,94,94,6,-95.9953,-113.482,-125.789,SERVED,0,1,-404.305847,261.988134,0
67,UES2,28,95,95,6,-128.693,-123.321,-121.026,MOVE_REQUIRED,20,1,398.492666,411.973688,1
67,UES2,29,96,96,6,-125.552,-111.937,-111.063,MOVE_REQUIRED,14,1,427.104108,-280.023375,1
68,UES1,0,7,7,3,-110.839,-111.085,-112.198,PERSISTING,1,1,-219.906378,-311.843990,0
68,UES1,1,8,8,5,-94.8125,-81.596,-117.645,SERVED,0,1,250.207777,-241.321435,0
68,UES1,2,9,9,3,-112.042,-109.028,-92.7187,ALTERNATIVE_AVAILABLE,0,1,-294.502144,307.642478,0
68,UES1,3,10,10,1,-113.045,-111.918,-79.8306,ALTERNATIVE_AVAILABLE,0,1,248.309805,-251.746134,0
68,UES1,4,11,11,7,-76.8649,-79.9455,-121.564,SERVED,0,1,207.333554,269.244732,0
68,UES1,5,12,12,6,-94.3486,-101.953,-118.167,SERVED,0,1,-243.328179,208.085106,0
68,UES1,6,13,13,2,-103.22,-107.888,-106.287,PERSISTING,0,1,89.116241,260.790238,0
68,UES1,7,14,14,1,-103.128,-105.904,-112.11,PERSISTING,0,1,-23.648768,-263.942440,0
68,UES1,8,15,15,2,-108.475,-108.868,-108.758,PERSISTING,0,1,137.609744,-325.213257,0
68,UES1,9,16,16,1,-103.28,-100.09,-112.666,PERSISTING,0,1,219.204852,-52.989852,0
68,UES1,10,17,17,4,-112.971,-109.973,-115.545,PERSISTING,1,1,-93.975651,-310.187443,0
68,UES1,11,18,18,3,-104.151,-106.132,-100.609,PERSISTING,0,1,-240.407062,118.146701,0
68,UES1,12,19,19,1,-120.632,-115.066,-105.671,PERSISTING,3,1,385.241785,7.397760,0
68,UES1,13,20,20,2,-109.009,-104.022,-105.814,PERSISTING,1,1,153.658303,266.393409,0
68,UES1,14,21,21,1,-102.763,-110.195,-99.8718,ALTERNATIVE_AVAILABLE,0,1,209.121246,-223.775119,0
68,UES1,15,22,22,1,-102.408,-72.6326,-110.154,ALTERNATIVE_AVAILABLE,0,1,70.446786,-242.606087,0
68,UES1,16,23,23,4,-114.444,-110.582,-107.4,PERSISTING,4,1,-389.359853,-33.829434,0
68,UES1,17,24,24,1,-104.066,-102.379,-90.3536,ALTERNATIVE_AVAILABLE,0,1,216.648067,-4.160841,0
68,UES1,18,25,25,1,-103.125,-108.854,-92.4603,ALTERNATIVE_AVAILABLE,0,1,172.794477,-191.084119,0
68,UES1,19,26,26,3,-104.728,-99.724,-116.516,ALTERNATIVE_AVAILABLE,0,1,-159.811656,-262.235154,0
68,UES1,20,27,27,6,-77.8261,-115.598,-125.515,SERVED,0,1,-273.070415,251.441756,0
68,UES1,21,28,28,3,-108.166,-87.2144,-99.7897,ALTERNATIVE_AVAILABLE,0,1,-181.431412,378.198003,0
68,UES1,22,29,29,2,-111.232,-110.992,-111.417,PERSISTING,0,1,326.005625,205.080146,0
68,UES1,23,30,30,5,-112.749,-109.919,-116.08,PERSISTING,3,1,102.705139,-303.065204,0
68,UES1,24,31,31,6,-101.676,-105.4,-124.608,PERSISTING,0,1,-204.009006,242.008837,0
68,UES1,25,32,32,6,-110.21,-108.646,-112.558,PERSISTING,0,1,-47.816936,368.938970,0
68,UES1,26,33,33,2,-108.553,-114.069,-108.773,PERSISTING,2,1,338.003470,166.817521,0
68,UES1,27,34,34,2,-103.912,-105.062,-107.129,PERSISTING,1,1,40.673930,279.071196,0
68,UES1,28,35,35,4,-103.331,-114.371,-101.899,PERSISTING,1,1,-289.500769,101.916603,0
68,UES1,29,36,36,3,-102.012,-104.842,-104.361,PERSISTING,0,1,-22.447165,158.152979,0
68,UES1,30,37,37,4,-118.296,-111.542,-115.719,MOVE_REQUIRED,6,1,-84.023377,-368.888929,1
68,UES1,31,38,38,2,-108.632,-114.879,-115.411,PERSISTING,4,1,344.256922,89.444051,0
68,UES1,32,39,39,2,-108.368,-109.403,-112.148,PERSISTING,1,1,65.215042,-275.465632,0
68,UES1,33,40,40,3,-102.106,-92.6242,-104.131,ALTERNATIVE_AVAILABLE,0,1,-176.708490,208.959458,0
68,UES1,34,41,41,5,-114.414,-84.0371,-120.44,ALTERNATIVE_AVAILABLE,0,1,45.895626,-349.832681,0
68,UES1,35,42,42,2,-110.77,-106.62,-104.132,PERSISTING,0,1,277.689144,-146.637494,0
68,UES1,36,43,43,2,-109.642,-108.158,-110.014,PERSISTING,1,1,322.137435,257.441352,0
68,UES1,37,44,44,4,-109.707,-108.094,-111.097,PERSISTING,0,1,65.974566,-310.095635,0
68,UES1,38,45,45,4,-94.6537,-103.449,-113.621,SERVED,0,1,-219.771936,-162.438993,0
68,UES1,39,46,46,4,-100.048,-100.391,-113.389,PERSISTING,0,1,-256.376918,-9.379325,0
68,UES1,40,47,47,4,-100.563,-110.91,-110.403,PERSISTING,0,1,-265.501730,279.663687,0
68,UES1,41,48,48,3,-112.504,-118.31,-118.631,MOVE_REQUIRED,9,1,-376.516604,-293.144771,1
68,UES1,42,49,49,2,-91.9172,-102.525,-88.6839,SERVED,0,1,101.051649,189.778656,0
68,UES1,43,50,50,1,-105.331,-106.545,-105.097,PERSISTING,2,1,162.072631,-219.130316,0
68,UES1,44,51,51,6,-93.3213,-107.782,-118.216,SERVED,0,1,-84.146097,256.393490,0
68,UES1,45,52,52,1,-113.532,-82.1953,-113.886,ALTERNATIVE_AVAILABLE,0,1,-181.370172,-266.723468,0
68,UES1,46,53,53,1,-116.621,-113.063,-114.894,PERSISTING,0,1,-185.501981,-314.558976,0
68,UES1,47,54,54,4,-105.03,-105.687,-113.154,PERSISTING,1,1,-178.101468,-237.764447,0
68,UES1,48,55,55,3,-111.854,-77.7863,-114.133,ALTERNATIVE_AVAILABLE,0,1,-306.325837,-144.878644,0
68,UES1,49,56,56,1,-96.1275,-75.2177,-100.642,SERVED,0,1,182.480738,-148.852348,0
68,UES1,50,57,57,4,-109.273,-106.331,-100.439,PERSISTING,1,1,-119.928880,-283.230551,0
68,UES1,51,58,58,2,-116.011,-120.913,-120.562,MOVE_REQUIRED,13,1,354.620177,121.417919,1
68,UES1,52,59,59,6,-65.9328,-122.01,-121.334,SERVED,0,1,-277.960313,287.903955,0
68,UES1,53,60,60,4,-116.56,-119.12,-120.046,MOVE_REQUIRED,9,1,-416.258719,-94.707397,1
68,UES1,54,61,61,1,-105.583,-83.5358,-109.971,ALTERNATIVE_AVAILABLE,0,1,10.157339,-278.756930,0
68,UES1,55,62,62,2,-101.219,-101.564,-101.262,PERSISTING,0,1,251.078060,-124.744030,0
68,UES1,56,63,63,1,-108.677,-96.4554,-112.531,ALTERNATIVE_AVAILABLE,0,1,-11.224872,-252.467613,0
68,UES1,57,64,64,1,-117.063,-106.859,-100.507,PERSISTING,2,1,-198.348819,325.830867,0
68,UES1,58,65,65,7,-125.535,-108.902,-103.915,PERSISTING,0,1,-151.963083,-351.235415,0
68,UES1,59,66,66,5,-105.548,-111.746,-116.231,PERSISTING,0,1,322.996475,-287.903661,0
68,UES2,0,67,67,6,-77.6404,-107.928,-123.315,SERVED,0,1,-297.862947,338.909839,0
68,UES2,1,68,68,3,-121.99,-112.67,-100.116,PERSISTING,1,1,306.786920,296.974164,0
68,UES2,2,69,69,5,-106.582,-113.509,-120.147,PERSISTING,2,1,406.287174,-332.160534,0
68,UES2,3,70,70,6,-78.5541,-119.842,-126.709,SERVED,0,1,-324.422599,273.759608,0
68,UES2,4,71,71,7,-107.107,-119.251,-119.279,PERSISTING,3,1,334.754382,347.538105,0
68,UES2,5,72,72,5,-109.169,-111.502,-116.388,PERSISTING,0,1,374.860829,-356.410350,0
68,UES2,6,73,73,3,-118.102,-118.309,-117.576,PERSISTING,0,1,-392.180258,318.375837,0
68,UES2,7,74,74,2,-112.38,-115.737,-115.693,PERSISTING,5,1,286.793622,435.215495,0
68,UES2,8,75,75,4,-117.397,-114.037,-110.887,MOVE_REQUIRED,8,1,399.443326,-315.974844,1
68,UES2,9,76,76,6,-102.027,-121.469,-131.228,PERSISTING,0,1,-405.218711,316.039743,0
68,UES2,10,77,77,5,-118.322,-115.529,-107.738,PERSISTING,1,1,332.899709,365.512940,0
68,UES2,11,78,78,2,-119.717,-115.915,-110.481,PERSISTING,2,1,404.871709,-428.324951,0
68,UES2,12,79,79,3,-118.726,-119.165,-99.8729,ALTERNATIVE_AVAILABLE,0,1,-367.158792,314.052558,0
68,UES2,13,80,80,7,-115.113,-92.9182,-123.255,ALTERNATIVE_AVAILABLE,0,1,387.847132,276.287835,0
68,UES2,14,81,81,4,-118.299,-113.576,-108.883,PERSISTING,3,1,415.312710,-298.090972,0
68,UES2,15,82,82,3,-114.432,-83.4231,-106.718,ALTERNATIVE_AVAILABLE,0,1,-333.483539,313.325430,0
68,UES2,16,83,83,2,-115.057,-120.653,-87.7947,ALTERNATIVE_AVAILABLE,0,1,417.066911,327.681975,0
68,UES2,17,84,84,5,-106.342,-119.396,-119.682,PERSISTING,0,1,297.603500,-335.822525,0
68,UES2,18,85,85,4,-114.093,-83.9,-111.238,ALTERNATIVE_AVAILABLE,0,1,-405.342627,361.586798,0
68,UES2,19,86,86,3,-111.178,-82.2997,-112.02,ALTERNATIVE_AVAILABLE,0,1,296.392568,372.057678,0
68,UES2,20,87,87,5,-108.334,-118.16,-125.995,PERSISTING,5,1,347.894503,-382.391389,0
68,UES2,21,88,88,2,-125.37,-117.839,-101.147,MOVE_REQUIRED,13,1,-415.591534,448.349277,1
68,UES2,22,89,89,7,-111.425,-115.21,-121.248,PERSISTING,5,1,355.609113,359.358249,0
68,UES2,23,90,90,5,-77.0826,-120.204,-117.665,SERVED,0,1,350.482147,-300.450466,0
68,UES2,24,91,91,3,-116.366,-117.871,-111.146,PERSISTING,4,1,-415.943187,364.360411,0
68,UES2,25,92,92,3,-121.731,-118.985,-115.171,PERSISTING,3,1,394.685478,422.948874,0
68,UES2,26,93,93,5,-92.4266,-121.79,-119.996,SERVED,0,1,317.753249,-279.184170,0
68,UES2,27,94,94,6,-103.538,-123.088,-131.859,PERSISTING,0,1,-406.256687,265.479697,0
68,UES2,28,95,95,6,-125.39,-121.78,-104.448,MOVE_REQUIRED,21,1,394.504866,412.277537,1
68,UES2,29,96,96,6,-123.595,-113.213,-108.279,MOVE_REQUIRED,15,1,423.822008,-282.308241,1
69,UES1,0,7,7,3,-113.075,-108.291,-93.7287,ALTERNATIVE_AVAILABLE,0,1,-222.760274,-315.948912,0
69,UES1,1,8,8,5,-108.538,-105.848,-116.111,PERSISTING,0,1,253.459975,-245.119893,0
69,UES1,2,9,9,3,-109.567,-112.528,-106.389,PERSISTING,0,1,-297.757930,311.436568,0
69,UES1,3,10,10,1,-110.001,-110.671,-100.592,PERSISTING,0,1,252.209093,-254.877195,0
69,UES1,4,11,11,7,-78.4579,-111.184,-103.841,SERVED,0,1,211.140742,272.487305,0
69,UES1,5,12,12,6,-105.088,-101.975,-122.141,PERSISTING,0,1,-246.420099,212.014484,0
69,UES1,6,13,13,2,-100.485,-107.416,-104.12,PERSISTING,1,1,89.112652,265.790237,0
69,UES1,7,14,14,1,-105.677,-105.159,-102.908,PERSISTING,1,1,-24.775495,-268.813835,0
69,UES1,8,15,15,2,-109.747,-106.254,-112.395,PERSISTING,1,1,139.994769,-329.607988,0
69,UES1,9,16,16,1,-93.7612,-110.64,-112.213,SERVED,0,1,223.785917,-54.995271,0
69,UES1,10,17,17,4,-108.777,-113.207,-113.952,PERSISTING,2,1,-94.897845,-315.101639,0
69,UES1,11,18,18,3,-109.083,-104.297,-103.835,PERSISTING,1,1,-245.162758,119.687471,0
69,UES1,12,19,19,1,-118.476,-124.498,-101.487,PERSISTING,4,1,389.996285,8.948815,0
69,UES1,13,20,20,2,-76.0221,-110.08,-96.6935,SERVED,0,1,156.046916,270.785964,0
69,UES1,14,21,21,1,-105.753,-75.0909,-95.9044,ALTERNATIVE_AVAILABLE,0,1,212.609075,-227.358107,0
69,UES1,15,22,22,1,-109.705,-108.973,-109.097,PERSISTING,0,1,70.012601,-247.587132,0
69,UES1,16,23,23,4,-122.276,-90.1901,-109.562,ALTERNATIVE_AVAILABLE,0,1,-394.349985,-33.532260,0
69,UES1,17,24,24,1,-105.615,-112.357,-106.753,PERSISTING,0,1,221.610688,-3.550474,0
69,UES1,18,25,25,1,-75.9335,-106.401,-107.53,SERVED,0,1,175.550292,-195.256226,0
69,UES1,19,26,26,3,-108.625,-110.001,-115.556,PERSISTING,0,1,-162.073482,-266.694317,0
69,UES1,20,27,27,6,-67.1061,-116.351,-126.396,SERVED,0,1,-276.906309,254.648259,0
69,UES1,21,28,28,3,-110.362,-113.94,-97.7794,ALTERNATIVE_AVAILABLE,0,1,-182.980362,382.952027,0
69,UES1,22,29,29,2,-111.274,-112.416,-113.463,PERSISTING,1,1,329.674065,208.477956,0
69,UES1,23,30,30,5,-110.985,-74.5445,-118.822,ALTERNATIVE_AVAILABLE,0,1,104.124910,-307.859660,0
69,UES1,24,31,31,6,-100.035,-110.098,-120.769,PERSISTING,1,1,-208.341282,244.504385,0
69,UES1,25,32,32,2,-112.915,-108.052,-108.308,PERSISTING,1,1,-48.169786,373.926454,0
69,UES1,26,33,33,2,-99.7811,-113.877,-108.625,SERVED,0,1,341.542731,170.349324,0
69,UES1,27,34,34,2,-106.737,-108.086,-106.098,PERSISTING,2,1,40.469397,284.066975,0
69,UES1,28,35,35,4,-104.479,-112.837,-108.85,PERSISTING,2,1,-284.752250,100.349265,0
69,UES1,29,36,36,3,-98.8448,-104.114,-104.897,SERVED,0,1,-24.888407,162.515894,0
69,UES1,30,37,37,4,-110.07,-110.655,-117.586,MOVE_REQUIRED,7,1,-86.013689,-373.475302,1
69,UES1,31,38,38,2,-116.702,-118.599,-116.156,PERSISTING,5,1,349.013814,90.984886,0
69,UES1,32,39,39,2,-109.889,-106.927,-111.558,PERSISTING,2,1,65.640854,-280.447472,0
69,UES1,33,40,40,3,-85.7946,-108.976,-105.679,SERVED,0,1,-181.643600,208.160868,0
69,UES1,34,41,41,5,-110.918,-108.43,-115.311,PERSISTING,0,1,47.579736,-354.540811,0
69,UES1,35,42,42,2,-102.526,-99.0691,-88.9717,ALTERNATIVE_AVAILABLE,0,1,282.095578,-149.001049,0
69,UES1,36,43,43,2,-108.145,-107.364,-108.586,PERSISTING,2,1,325.964957,260.658737,0
69,UES1,37,44,44,4,-107.95,-114.766,-85.6933,ALTERNATIVE_AVAILABLE,0,1,67.055841,-314.977360,0
69,UES1,38,45,45,4,-102.135,-107.938,-116.845,PERSISTING,0,1,-224.044407,-165.035215,0
69,UES1,39,46,46,4,-102.134,-74.0635,-115.707,ALTERNATIVE_AVAILABLE,0,1,-261.370638,-9.149028,0
69,UES1,40,47,47,4,-111.515,-113.724,-94.1141,ALTERNATIVE_AVAILABLE,0,1,-268.017129,283.984325,0
69,UES1,41,48,48,3,-113.789,-110.269,-104.978,MOVE_REQUIRED,10,1,-380.602484,-296.025758,1
69,UES1,42,49,49,2,-100.487,-83.8814,-93.4756,ALTERNATIVE_AVAILABLE,0,1,103.155590,194.314975,0
69,UES1,43,50,50,1,-104.776,-111.237,-105.331,PERSISTING,3,1,165.674090,-222.598674,0
69,UES1,44,51,51,6,-110.624,-106.234,-116.677,PERSISTING,0,1,-85.959386,261.052641,0
69,UES1,45,52,52,1,-108.866,-105.799,-109.063,PERSISTING,0,1,-184.690547,-270.460951,0
69,UES1,46,53,53,1,-118.015,-107.91,-120.989,PERSISTING,1,1,-187.995851,-318.892618,0
69,UES1,47,54,54,4,-109.396,-109.956,-120.305,PERSISTING,2,1,-179.532005,-242.555434,0
69,UES1,48,55,55,3,-107.548,-85.8123,-103.119,ALTERNATIVE_AVAILABLE,0,1,-310.026572,-148.240868,0
69,UES1,49,56,56,2,-100.781,-91.8607,-104.7,ALTERNATIVE_AVAILABLE,0,1,185.992489,-152.411786,0
69,UES1,50,57,57,4,-92.3231,-111.481,-102.814,SERVED,0,1,-120.762562,-288.160557,0
69,UES1,51,58,58,2,-115.663,-116.5,-113.389,MOVE_REQUIRED,14,1,356.724117,125.954084,1
69,UES1,52,59,59,6,-65.1387,-121.267,-125.301,SERVED,0,1,-281.949308,290.918570,0
69,UES1,53,60,60,4,-114.741,-114.855,-100.644,MOVE_REQUIRED,10,1,-421.101730,-95.946607,1
69,UES1,54,61,61,1,-108.7,-90.7641,-110.738,ALTERNATIVE_AVAILABLE,0,1,9.211223,-283.666565,0
69,UES1,55,62,62,2,-102.272,-99.0045,-101.574,ALTERNATIVE_AVAILABLE,0,1,254.880464,-127.991255,0
69,UES1,56,63,63,4,-108.115,-104.801,-108.716,PERSISTING,0,1,-10.767961,-257.446739,0
69,UES1,57,64,64,3,-107.461,-111.97,-108.387,PERSISTING,3,1,-200.127420,330.503620,0
69,UES1,58,65,65,7,-116.309,-112.536,-117.461,PERSISTING,1,1,-153.101771,-356.103974,0
69,UES1,59,66,66,5,-104.812,-111.157,-119.024,PERSISTING,1,1,326.675680,-291.290073,0
69,UES2,0,67,67,6,-85.2448,-122.373,-101.767,SERVED,0,1,-293.962464,339.798718,0
69,UES2,1,68,68,2,-117.105,-112.918,-113.141,PERSISTING,2,1,305.649429,293.139336,0
69,UES2,2,69,69,5,-113.227,-117.137,-119.34,PERSISTING,3,1,409.052559,-329.270632,0
69,UES2,3,70,70,6,-71.2077,-122.791,-114.65,SERVED,0,1,-326.094747,270.125839,0
69,UES2,4,71,71,7,-111.13,-120.781,-106.562,PERSISTING,4,1,334.777108,343.538167,0
69,UES2,5,72,72,5,-108.724,-113.588,-118.865,PERSISTING,1,1,374.542666,-352.423026,0
69,UES2,6,73,73,3,-116.14,-120.382,-109.515,PERSISTING,1,1,-395.873817,319.909294,0
69,UES2,7,74,74,2,-116.528,-110.248,-109.666,MOVE_REQUIRED,6,1,282.930217,436.249338,1
69,UES2,8,75,75,4,-118.221,-112.979,-110.118,MOVE_REQUIRED,9,1,398.647919,-312.054853,1
69,UES2,9,76,76,6,-102.559,-118.235,-123.499,PERSISTING,1,1,-406.530833,312.261049,0
69,UES2,10,77,77,5,-120.089,-115.483,-113.296,PERSISTING,2,1,336.204534,367.767002,0
69,UES2,11,78,78,2,-82.365,-116.172,-114.039,SERVED,0,1,401.675728,-425.920346,0
69,UES2,12,79,79,3,-114.32,-115.437,-93.4555,ALTERNATIVE_AVAILABLE,0,1,-370.030630,311.268994,0
69,UES2,13,80,80,7,-111.71,-124.857,-119.834,PERSISTING,0,1,389.394886,277.395603,0
69,UES2,14,81,81,4,-117.45,-120.336,-95.2252,ALTERNATIVE_AVAILABLE,0,1,414.706287,-302.044686,0
69,UES2,15,82,82,3,-113.035,-116.597,-110.419,PERSISTING,0,1,-333.555305,317.324779,0
69,UES2,16,83,83,2,-115.549,-114.349,-121.695,PERSISTING,0,1,420.896824,326.526568,0
69,UES2,17,84,84,5,-109.252,-116.969,-119.198,PERSISTING,1,1,295.314642,-338.696542,0
69,UES2,18,85,85,4,-115.857,-115.165,-107.302,PERSISTING,0,1,-404.825911,365.553371,0
69,UES2,19,86,86,3,-118.092,-115.421,-117.591,PERSISTING,0,1,292.986073,374.154699,0
69,UES2,20,87,87,5,-109.377,-113.036,-118.114,MOVE_REQUIRED,6,1,351.644279,-383.784371,1
69,UES2,21,88,88,2,-121.436,-119.115,-114.987,MOVE_REQUIRED,14,1,-414.536095,448.744285,1
69,UES2,22,89,89,7,-118.838,-123.143,-121.478,MOVE_REQUIRED,6,1,359.037137,361.419902,1
69,UES2,23,90,90,5,-82.5765,-118.903,-122.059,SERVED,0,1,353.871896,-302.573780,0
69,UES2,24,91,91,3,-111.65,-116.548,-114.784,PERSISTING,5,1,-419.649903,365.864249,0
69,UES2,25,92,92,3,-125.111,-122.029,-116.091,PERSISTING,4,1,396.492307,424.535830,0
69,UES2,26,93,93,5,-103.617,-119.645,-122.864,PERSISTING,0,1,319.655048,-275.665267,0
69,UES2,27,94,94,6,-87.6827,-110.389,-129.422,SERVED,0,1,-408.207527,268.971235,0
69,UES2,28,95,95,6,-128.29,-123.556,-119.122,MOVE_REQUIRED,22,1,390.517067,412.581384,1
69,UES2,29,96,96,5,-109.863,-99.7415,-123.066,ALTERNATIVE_AVAILABLE,0,1,420.539908,-284.593097,0
70,UES1,0,7,7,3,-111.36,-111.364,-118.305,PERSISTING,0,1,-225.614170,-320.053831,0
70,UES1,1,8,8,5,-102.678,-108.164,-114.391,PERSISTING,1,1,256.712172,-248.918353,0
70,UES1,2,9,9,3,-108.951,-109.705,-105.285,PERSISTING,1,1,-301.013715,315.230656,0
70,UES1,3,10,10,1,-107.687,-111.896,-104.286,PERSISTING,1,1,256.108380,-258.008259,0
70,UES1,4,11,11,7,-109.004,-90.0771,-121.322,ALTERNATIVE_AVAILABLE,0,1,214.947930,275.729881,0
70,UES1,5,12,12,6,-86.1236,-107.274,-116.689,SERVED,0,1,-249.512019,215.943861,0
70,UES1,6,13,13,2,-104.336,-101.972,-106.839,PERSISTING,2,1,89.109064,270.790235,0
70,UES1,7,14,14,1,-106.58,-90.6644,-114.251,ALTERNATIVE_AVAILABLE,0,1,-25.902221,-273.685229,0
70,UES1,8,15,15,2,-109.222,-109.976,-96.9109,ALTERNATIVE_AVAILABLE,0,1,142.379793,-334.002720,0
70,UES1,9,16,16,1,-93.0102,-84.5837,-96.4098,SERVED,0,1,228.366982,-57.000692,0
70,UES1,10,17,17,4,-108.607,-111.444,-113.421,PERSISTING,3,1,-95.820039,-320.015834,0
70,UES1,11,18,18,3,-102.382,-104.545,-110.109,PERSISTING,2,1,-249.918454,121.228238,0
70,UES1,12,19,19,1,-118.672,-125.743,-104.44,PERSISTING,5,1,394.750785,10.499876,0
70,UES1,13,20,20,2,-105.218,-111.224,-107.062,PERSISTING,0,1,158.435529,275.178518,0
70,UES1,14,21,21,1,-105.855,-113.266,-90.1827,ALTERNATIVE_AVAILABLE,0,1,216.096904,-230.941119,0
70,UES1,15,22,22,1,-105.894,-105.55,-113.936,PERSISTING,1,1,69.578417,-252.568168,0
70,UES1,16,23,23,4,-113.156,-113.138,-106.36,PERSISTING,0,1,-399.340116,-33.235088,0
70,UES1,17,24,24,1,-98.2918,-109.382,-87.5145,SERVED,0,1,226.573309,-2.940108,0
70,UES1,18,25,25,1,-105.134,-108.528,-101.905,PERSISTING,0,1,178.306108,-199.428333,0
70,UES1,19,26,26,3,-112.313,-110.171,-115.895,PERSISTING,1,1,-164.335308,-271.153481,0
70,UES1,20,27,27,6,-65.5492,-120.4,-125.177,SERVED,0,1,-280.742204,257.854760,0
70,UES1,21,28,28,3,-81.809,-116.473,-107.683,SERVED,0,1,-184.529313,387.706052,0
70,UES1,22,29,29,2,-111.145,-113.645,-114.122,PERSISTING,2,1,333.342505,211.875766,0
70,UES1,23,30,30,5,-88.0462,-109.406,-114.449,SERVED,0,1,105.544681,-312.654118,0
70,UES1,24,31,31,6,-89.5238,-108.54,-121.603,SERVED,0,1,-212.673558,246.999932,0
70,UES1,25,32,32,2,-117.393,-110.853,-108.118,PERSISTING,2,1,-48.522635,378.913937,0
70,UES1,26,33,33,2,-110.913,-109.664,-111.717,PERSISTING,0,1,345.081993,173.881128,0
70,UES1,27,34,34,2,-101.257,-106.289,-99.9538,ALTERNATIVE_AVAILABLE,0,1,40.264864,289.062754,0
70,UES1,28,35,35,4,-85.3575,-103.354,-93.2927,SERVED,0,1,-280.003731,98.781926,0
70,UES1,29,36,36,3,-85.3749,-93.4667,-105.378,SERVED,0,1,-27.329648,166.878804,0
70,UES1,30,37,37,4,-114.811,-111.043,-114.58,MOVE_REQUIRED,8,1,-88.004000,-378.061672,1
70,UES1,31,38,38,2,-108.572,-121.05,-114.141,MOVE_REQUIRED,6,1,353.770706,92.525722,1
70,UES1,32,39,39,2,-109.229,-82.6818,-109.685,ALTERNATIVE_AVAILABLE,0,1,66.066666,-285.429313,0
70,UES1,33,40,40,3,-88.2509,-98.0103,-89.4682,SERVED,0,1,-186.578711,207.362279,0
70,UES1,34,41,41,5,-110.603,-88.1809,-117.485,ALTERNATIVE_AVAILABLE,0,1,49.263846,-359.248943,0
70,UES1,35,42,42,2,-105.638,-85.2821,-88.1898,ALTERNATIVE_AVAILABLE,0,1,286.502012,-151.364607,0
70,UES1,36,43,43,2,-112.217,-102.495,-110.194,PERSISTING,3,1,329.792479,263.876124,0
70,UES1,37,44,44,4,-90.401,-111.288,-107.078,SERVED,0,1,68.137116,-319.859086,0
70,UES1,38,45,45,4,-103.814,-104.459,-118.161,PERSISTING,1,1,-228.316878,-167.631431,0
70,UES1,39,46,46,4,-86.167,-102.294,-109.876,SERVED,0,1,-266.364358,-8.918731,0
70,UES1,40,47,47,4,-109.201,-103.223,-97.44,ALTERNATIVE_AVAILABLE,0,1,-270.532529,288.304961,0
70,UES1,41,48,48,3,-117.752,-112.68,-116.044,MOVE_REQUIRED,11,1,-384.688363,-298.906742,1
70,UES1,42,49,49,2,-79.2978,-100.969,-102.584,SERVED,0,1,105.259531,198.851297,0
70,UES1,43,50,50,1,-104.072,-106.979,-103.407,PERSISTING,4,1,169.275549,-226.067032,0
70,UES1,44,51,51,6,-112.599,-100.981,-113.287,PERSISTING,1,1,-87.773870,265.711785,0
70,UES1,45,52,52,1,-106.389,-107.941,-115.786,PERSISTING,1,1,-188.010922,-274.198431,0
70,UES1,46,53,53,1,-122.091,-84.5939,-114.092,ALTERNATIVE_AVAILABLE,0,1,-190.489721,-323.226260,0
70,UES1,47,54,54,4,-94.2594,-110.471,-114.997,SERVED,0,1,-180.962541,-247.346421,0
70,UES1,48,55,55,3,-106.273,-100.896,-120.452,PERSISTING,0,1,-313.727307,-151.603093,0
70,UES1,49,56,56,2,-101.433,-104.164,-101.378,PERSISTING,0,1,189.504240,-155.971226,0
70,UES1,50,57,57,4,-87.3697,-111.384,-113.112,SERVED,0,1,-121.596244,-293.090562,0
70,UES1,51,58,58,2,-111.374,-122.09,-103.153,MOVE_REQUIRED,15,1,358.828058,130.490253,1
70,UES1,52,59,59,6,-70.7677,-105.477,-122.616,SERVED,0,1,-285.938304,293.933186,0
70,UES1,53,60,60,4,-112.296,-95.8347,-119.117,ALTERNATIVE_AVAILABLE,0,1,-425.944741,-97.185814,0
70,UES1,54,61,61,1,-105.184,-108.135,-83.3517,ALTERNATIVE_AVAILABLE,0,1,8.265108,-288.576199,0
70,UES1,55,62,62,2,-105.882,-106.351,-98.285,ALTERNATIVE_AVAILABLE,0,1,258.682867,-131.238483,0
70,UES1,56,63,63,4,-106.325,-106.453,-114.669,PERSISTING,1,1,-10.311051,-262.425866,0
70,UES1,57,64,64,3,-109.17,-95.1953,-101.436,ALTERNATIVE_AVAILABLE,0,1,-201.906022,335.176371,0
70,UES1,58,65,65,7,-117.927,-111.672,-114.316,PERSISTING,2,1,-154.240459,-360.972532,0
70,UES1,59,66,66,5,-82.8651,-111.34,-118.646,SERVED,0,1,330.354885,-294.676489,0
70,UES2,0,67,67,6,-68.9096,-118.995,-120.135,SERVED,0,1,-290.061980,340.687603,0
70,UES2,1,68,68,2,-115.598,-109.846,-109.841,PERSISTING,3,1,304.511937,289.304536,0
70,UES2,2,69,69,5,-112.274,-119.374,-121.7,PERSISTING,4,1,411.817943,-326.380730,0
70,UES2,3,70,70,6,-88.6751,-117.009,-127.764,SERVED,0,1,-327.766896,266.492070,0
70,UES2,4,71,71,7,-109.394,-125.052,-123.076,PERSISTING,5,1,334.799834,339.538227,0
70,UES2,5,72,72,5,-95.622,-117.712,-115.67,SERVED,0,1,374.224503,-348.435702,0
70,UES2,6,73,73,3,-115.59,-118.712,-100.826,PERSISTING,2,1,-399.568093,321.442485,0
70,UES2,7,74,74,2,-113.401,-119.801,-109.644,MOVE_REQUIRED,7,1,279.066812,437.283047,1
70,UES2,8,75,75,4,-121.243,-114.938,-104.03,MOVE_REQUIRED,10,1,397.852513,-308.134870,1
70,UES2,9,76,76,6,-106.338,-121.686,-131.9,PERSISTING,2,1,-407.842955,308.482359,0
70,UES2,10,77,77,5,-122.811,-119.565,-100.169,PERSISTING,3,1,339.509360,370.021067,0
70,UES2,11,78,78,2,-116.327,-120.23,-114.816,PERSISTING,0,1,398.479748,-423.515745,0
70,UES2,12,79,79,3,-116.286,-118.41,-91.1091,ALTERNATIVE_AVAILABLE,0,1,-372.902467,308.485456,0
70,UES2,13,80,80,7,-112.022,-120.717,-118.7,PERSISTING,1,1,387.296925,280.800995,0
70,UES2,14,81,81,4,-122.289,-113.882,-84.399,ALTERNATIVE_AVAILABLE,0,1,414.099864,-305.998399,0
70,UES2,15,82,82,3,-104.712,-118.792,-106.179,PERSISTING,1,1,-333.627071,321.324128,0
70,UES2,16,83,83,2,-115.495,-117.684,-116.07,PERSISTING,1,1,424.726738,325.371130,0
70,UES2,17,84,84,5,-75.9107,-119.31,-120.705,SERVED,0,1,293.960656,-342.460244,0
70,UES2,18,85,85,4,-117.686,-112.408,-111.292,PERSISTING,1,1,-404.309196,369.519949,0
70,UES2,19,86,86,3,-116.818,-118.648,-106.07,PERSISTING,1,1,289.579579,376.251721,0
70,UES2,20,87,87,5,-110.766,-88.7438,-117.992,ALTERNATIVE_AVAILABLE,0,1,355.394054,-385.177358,0
70,UES2,21,88,88,2,-125.082,-118.103,-113.376,MOVE_REQUIRED,15,1,-410.648768,447.795792,1
70,UES2,22,89,89,7,-115.635,-126.23,-126.266,MOVE_REQUIRED,7,1,362.465161,363.481555,1
70,UES2,23,90,90,5,-97.2632,-119.61,-121.583,SERVED,0,1,357.261645,-304.697096,0
70,UES2,24,91,91,3,-116.651,-114.123,-109.187,MOVE_REQUIRED,6,1,-423.356619,367.368080,1
70,UES2,25,92,92,3,-122.205,-117.714,-109.813,PERSISTING,5,1,393.823807,421.556511,0
70,UES2,26,93,93,5,-89.0842,-118.032,-117.882,SERVED,0,1,321.556848,-272.146363,0
70,UES2,27,94,94,6,-104.816,-122.453,-128.247,PERSISTING,0,1,-410.158367,272.462744,0
70,UES2,28,95,95,6,-128.568,-121.805,-118.262,MOVE_REQUIRED,23,1,386.529268,412.885228,1
70,UES2,29,96,96,5,-108.852,-115.403,-114.963,PERSISTING,0,1,417.257808,-286.877945,0
71,UES1,0,7,7,3,-109.08,-114.111,-116.767,PERSISTING,1,1,-228.468065,-324.158748,0
71,UES1,1,8,8,5,-107.604,-112.199,-117.842,PERSISTING,2,1,259.964369,-252.716816,0
71,UES1,2,9,9,3,-110.356,-115.983,-112.092,PERSISTING,2,1,-304.269501,319.024740,0
71,UES1,3,10,10,1,-109.226,-114.788,-104.45,PERSISTING,2,1,260.007668,-261.139325,0
71,UES1,4,11,11,7,-105.639,-110.274,-121.588,PERSISTING,0,1,218.755118,278.972460,0
71,UES1,5,12,12,6,-103.066,-100.859,-121.566,PERSISTING,0,1,-252.603939,219.873238,0
71,UES1,6,13,13,2,-101.362,-109.396,-103.888,PERSISTING,3,1,89.105476,275.790234,0
71,UES1,7,14,14,1,-88.9486,-109.595,-114.895,SERVED,0,1,-27.028948,-278.556624,0
71,UES1,8,15,15,2,-109.39,-113.56,-110.429,PERSISTING,0,1,144.764818,-338.397453,0
71,UES1,9,16,16,1,-70.587,-112.14,-91.064,SERVED,0,1,232.948047,-59.006115,0
71,UES1,10,17,17,4,-109.652,-111.8,-117.477,PERSISTING,4,1,-96.742232,-324.930029,0
71,UES1,11,18,18,3,-89.5075,-108.308,-107.107,SERVED,0,1,-254.674149,122.769004,0
71,UES1,12,19,19,1,-119.162,-123.485,-104.415,MOVE_REQUIRED,6,1,399.505284,12.050942,1
71,UES1,13,20,20,2,-101.154,-111.173,-110.777,PERSISTING,1,1,160.824142,279.571073,0
71,UES1,14,21,21,1,-108.243,-101.026,-102.167,PERSISTING,0,1,219.584733,-234.524159,0
71,UES1,15,22,22,1,-109.734,-109.471,-111.511,PERSISTING,2,1,69.144232,-257.549192,0
71,UES1,16,23,23,4,-107.674,-115.83,-112.117,PERSISTING,1,1,-404.330247,-32.937918,0
71,UES1,17,24,24,1,-87.0942,-110.628,-109.318,SERVED,0,1,231.535930,-2.329741,0
71,UES1,18,25,25,1,-103.936,-109.878,-88.5148,ALTERNATIVE_AVAILABLE,0,1,181.061923,-203.600441,0
71,UES1,19,26,26,3,-111.293,-105.509,-117.769,PERSISTING,2,1,-166.597134,-275.612645,0
71,UES1,20,27,27,6,-64.2004,-115.434,-123.934,SERVED,0,1,-284.578098,261.061259,0
71,UES1,21,28,28,3,-113.388,-115.605,-107.933,PERSISTING,0,1,-186.078263,392.460077,0
71,UES1,22,29,29,2,-107.673,-111.049,-98.4705,ALTERNATIVE_AVAILABLE,0,1,337.010945,215.273578,0
71,UES1,23,30,30,5,-104.971,-100.194,-102.668,PERSISTING,0,1,106.964453,-317.448578,0
71,UES1,24,31,31,6,-87.0053,-104.554,-122.714,SERVED,0,1,-217.005834,249.495477,0
71,UES1,25,32,32,2,-114.841,-94.5034,-116.167,ALTERNATIVE_AVAILABLE,0,1,-48.875485,383.901420,0
71,UES1,26,33,33,2,-107.953,-111.71,-108.639,PERSISTING,1,1,348.621254,177.412931,0
71,UES1,27,34,34,2,-103.558,-108.1,-97.5604,ALTERNATIVE_AVAILABLE,0,1,40.060330,294.058532,0
71,UES1,28,35,35,4,-85.1225,-108.481,-107.728,SERVED,0,1,-275.255212,97.214587,0
71,UES1,29,36,36,3,-98.1763,-107.137,-81.0171,SERVED,0,1,-29.770889,171.241707,0
71,UES1,30,37,37,4,-102.981,-116.803,-115.081,MOVE_REQUIRED,9,1,-89.994311,-382.648039,1
71,UES1,31,38,38,2,-111.298,-119.927,-114.966,MOVE_REQUIRED,7,1,358.527598,94.066559,1
71,UES1,32,39,39,2,-111.223,-97.3755,-112.726,ALTERNATIVE_AVAILABLE,0,1,66.492478,-290.411153,0
71,UES1,33,40,40,3,-98.0908,-111.488,-102.896,SERVED,0,1,-191.513822,206.563691,0
71,UES1,34,41,41,5,-115.958,-109.336,-117.304,PERSISTING,0,1,50.947955,-363.957078,0
71,UES1,35,42,42,2,-106.63,-105.71,-86.6085,ALTERNATIVE_AVAILABLE,0,1,290.908447,-153.728165,0
71,UES1,36,43,43,2,-109.753,-93.8437,-109.985,ALTERNATIVE_AVAILABLE,0,1,333.620000,267.093513,0
71,UES1,37,44,44,4,-113.758,-109.73,-110.586,PERSISTING,0,1,69.218391,-324.740815,0
71,UES1,38,45,45,4,-104.256,-93.9719,-115.821,ALTERNATIVE_AVAILABLE,0,1,-232.589349,-170.227640,0
71,UES1,39,46,46,4,-106.603,-100.027,-113.444,PERSISTING,0,1,-271.358077,-8.688435,0
71,UES1,40,47,47,4,-109.29,-109.462,-95.1442,ALTERNATIVE_AVAILABLE,0,1,-273.047928,292.625593,0
71,UES1,41,48,48,3,-112.1,-107.493,-122.54,MOVE_REQUIRED,12,1,-388.774242,-301.787723,1
71,UES1,42,49,49,2,-97.4846,-91.1377,-115.298,SERVED,0,1,107.363472,203.387624,0
71,UES1,43,50,50,1,-111.632,-111.713,-100.968,PERSISTING,5,1,172.877008,-229.535390,0
71,UES1,44,51,51,6,-105.576,-100.11,-103.399,PERSISTING,2,1,-89.588355,270.370930,0
71,UES1,45,52,52,1,-110.305,-110.784,-115.506,PERSISTING,2,1,-191.331297,-277.935906,0
71,UES1,46,53,53,1,-114.184,-112.08,-119.933,PERSISTING,0,1,-192.983590,-327.559903,0
71,UES1,47,54,54,4,-84.946,-105.656,-115.552,SERVED,0,1,-182.393077,-252.137408,0
71,UES1,48,55,55,4,-107.989,-105.683,-117.921,PERSISTING,1,1,-317.428042,-154.965317,0
71,UES1,49,56,56,2,-104.514,-101.681,-90.2626,ALTERNATIVE_AVAILABLE,0,1,193.015991,-159.530667,0
71,UES1,50,57,57,4,-109.847,-90.5146,-115.398,ALTERNATIVE_AVAILABLE,0,1,-122.429926,-298.020567,0
71,UES1,51,58,58,2,-113.615,-120.629,-106.125,MOVE_REQUIRED,16,1,360.931999,135.026424,1
71,UES1,52,59,59,6,-68.9777,-116.056,-124.511,SERVED,0,1,-289.927299,296.947802,0
71,UES1,53,60,60,4,-116.435,-115.001,-121.231,PERSISTING,0,1,-430.787752,-98.425017,0
71,UES1,54,61,61,1,-107.873,-109.666,-109.423,PERSISTING,0,1,7.318992,-293.485832,0
71,UES1,55,62,62,2,-98.361,-104.763,-110.353,SERVED,0,1,262.485271,-134.485715,0
71,UES1,56,63,63,4,-72.0051,-105.617,-111.998,SERVED,0,1,-9.854141,-267.404993,0
71,UES1,57,64,64,3,-113.078,-112.596,-110.241,PERSISTING,0,1,-203.684623,339.849121,0
71,UES1,58,65,65,7,-123.023,-85.3611,-117.952,ALTERNATIVE_AVAILABLE,0,1,-155.379147,-365.841090,0
71,UES1,59,66,66,5,-100.961,-115.898,-118.055,PERSISTING,0,1,334.034090,-298.062909,0
71,UES2,0,67,67,6,-67.7918,-120.431,-125.65,SERVED,0,1,-286.161496,341.576495,0
71,UES2,1,68,68,2,-113.461,-115.921,-107.53,PERSISTING,4,1,303.374446,285.469854,0
71,UES2,2,69,69,5,-105.91,-119.362,-119.978,PERSISTING,5,1,414.583327,-323.490827,0
71,UES2,3,70,70,6,-63.4714,-119.443,-128.754,SERVED,0,1,-329.439044,262.858304,0
71,UES2,4,71,71,7,-106.404,-123.381,-125.578,MOVE_REQUIRED,6,1,334.822560,335.538288,1
71,UES2,5,72,72,5,-110.416,-118.048,-117.328,PERSISTING,0,1,373.906341,-344.448378,0
71,UES2,6,73,73,6,-107.06,-115.813,-123.617,PERSISTING,3,1,-399.205674,324.753705,0
71,UES2,7,74,74,2,-115.989,-119.847,-112.844,MOVE_REQUIRED,8,1,276.509789,437.513613,1
71,UES2,8,75,75,4,-121.744,-112.467,-82.9866,ALTERNATIVE_AVAILABLE,0,1,397.057106,-304.214897,0
71,UES2,9,76,76,6,-101.47,-124.265,-130.761,PERSISTING,3,1,-408.119972,305.667010,0
71,UES2,10,77,77,7,-91.8204,-119.93,-118.996,SERVED,0,1,342.814186,372.275137,0
71,UES2,11,78,78,2,-119.663,-113.321,-113.407,PERSISTING,1,1,395.283767,-421.111147,0
71,UES2,12,79,79,3,-116.651,-118.65,-105.041,PERSISTING,0,1,-375.774304,305.701946,0
71,UES2,13,80,80,7,-113.71,-120.159,-122.681,PERSISTING,2,1,385.198965,284.206379,0
71,UES2,14,81,81,4,-123.759,-94.0876,-107.8,ALTERNATIVE_AVAILABLE,0,1,413.493441,-309.952110,0
71,UES2,15,82,82,3,-114.154,-112.964,-109.093,PERSISTING,2,1,-333.698837,325.323477,0
71,UES2,16,83,83,2,-116.169,-120.548,-117.284,PERSISTING,2,1,423.143580,327.312710,0
71,UES2,17,84,84,5,-99.1244,-116.428,-119.245,SERVED,0,1,292.606670,-346.223940,0
71,UES2,18,85,85,4,-118.571,-117.455,-110.129,PERSISTING,2,1,-403.792481,373.486531,0
71,UES2,19,86,86,3,-117.858,-113.843,-113.838,PERSISTING,2,1,286.173085,378.348742,0
71,UES2,20,87,87,5,-105.702,-113.881,-86.5083,ALTERNATIVE_AVAILABLE,0,1,359.143829,-386.570353,0
71,UES2,21,88,88,2,-124.419,-103.685,-114.239,MOVE_REQUIRED,16,1,-406.761441,446.847291,1
71,UES2,22,89,89,7,-118.799,-116.791,-125.916,MOVE_REQUIRED,8,1,365.893185,365.543210,1
71,UES2,23,90,90,5,-96.9339,-121.372,-118.979,SERVED,0,1,360.651394,-306.820414,0
71,UES2,24,91,91,3,-117.15,-118.949,-110.579,MOVE_REQUIRED,7,1,-427.063334,368.871902,1
71,UES2,25,92,92,3,-125.64,-115.634,-113.283,MOVE_REQUIRED,6,1,391.155306,418.577209,1
71,UES2,26,93,93,5,-91.9738,-120.876,-121.232,SERVED,0,1,323.458648,-268.627456,0
71,UES2,27,94,94,6,-96.5303,-120.433,-131.444,SERVED,0,1,-412.109207,275.954221,0
71,UES2,28,95,95,6,-130.913,-121.352,-118.304,MOVE_REQUIRED,24,1,382.541469,413.189069,1
71,UES2,29,96,96,5,-109.625,-115.69,-115.78,PERSISTING,1,1,413.975708,-289.162782,0
72,UES1,0,7,7,3,-112.976,-113.019,-121.213,PERSISTING,2,1,-231.321961,-328.263662,0
72,UES1,1,8,8,5,-82.1981,-112.471,-116.945,SERVED,0,1,263.216567,-256.515281,0
72,UES1,2,9,9,3,-112.391,-112.511,-101.06,PERSISTING,3,1,-307.525287,322.818821,0
72,UES1,3,10,10,1,-102.123,-116.247,-100.789,PERSISTING,3,1,263.906956,-264.270394,0
72,UES1,4,11,11,7,-95.8478,-113.328,-123.305,SERVED,0,1,222.562306,282.215042,0
72,UES1,5,12,12,6,-89.405,-102.745,-117.644,SERVED,0,1,-255.695859,223.802615,0
72,UES1,6,13,13,2,-95.7859,-107.364,-106.911,SERVED,0,1,89.101887,280.790233,0
72,UES1,7,14,14,1,-106.479,-109.005,-118.043,PERSISTING,0,1,-28.155675,-283.428018,0
72,UES1,8,15,15,2,-110.883,-113.898,-86.2107,ALTERNATIVE_AVAILABLE,0,1,147.149842,-342.792188,0
72,UES1,9,16,16,1,-98.2123,-110.583,-109.447,SERVED,0,1,237.529112,-61.011541,0
72,UES1,10,17,17,4,-113.086,-108.912,-114.264,PERSISTING,5,1,-97.664426,-329.844224,0
72,UES1,11,18,18,3,-105,-71.0957,-106.091,ALTERNATIVE_AVAILABLE,0,1,-259.429845,124.309768,0
72,UES1,12,19,19,1,-118.905,-122.469,-75.5168,ALTERNATIVE_AVAILABLE,0,1,404.259784,13.602013,0
72,UES1,13,20,20,2,-105.028,-110.726,-99.6527,ALTERNATIVE_AVAILABLE,0,1,163.212754,283.963627,0
72,UES1,14,21,21,1,-107.988,-114.199,-88.529,ALTERNATIVE_AVAILABLE,0,1,223.072562,-238.107234,0
72,UES1,15,22,22,1,-104.163,-107.408,-109.031,PERSISTING,3,1,68.709330,-262.530202,0
72,UES1,16,23,23,4,-115.875,-115.753,-111.276,PERSISTING,2,1,-409.320379,-32.640750,0
72,UES1,17,24,24,1,-105.167,-110.981,-106.181,PERSISTING,0,1,236.498551,-1.719374,0
72,UES1,18,25,25,1,-103.288,-111.213,-104.672,PERSISTING,0,1,183.817739,-207.772549,0
72,UES1,19,26,26,3,-110.728,-109.292,-116.273,PERSISTING,3,1,-168.858960,-280.071808,0
72,UES1,20,27,27,6,-65.74,-116.905,-129.958,SERVED,0,1,-288.413992,264.267755,0
72,UES1,21,28,28,3,-109.284,-111.849,-98.7087,ALTERNATIVE_AVAILABLE,0,1,-187.627213,397.214102,0
72,UES1,22,29,29,2,-108.845,-106.85,-103.081,PERSISTING,0,1,340.679386,218.671391,0
72,UES1,23,30,30,5,-110.943,-111.287,-116.382,PERSISTING,1,1,108.384224,-322.243041,0
72,UES1,24,31,31,6,-109.685,-85.1338,-114.211,ALTERNATIVE_AVAILABLE,0,1,-221.338110,251.991021,0
72,UES1,25,32,32,2,-111.858,-106.962,-111.927,PERSISTING,0,1,-49.228335,388.888903,0
72,UES1,26,33,33,2,-110.888,-118.858,-106.445,PERSISTING,2,1,352.160516,180.944734,0
72,UES1,27,34,34,2,-82.0329,-105.904,-105.008,SERVED,0,1,39.855797,299.054309,0
72,UES1,28,35,35,4,-106.996,-107.216,-106.412,PERSISTING,0,1,-270.506693,95.647247,0
72,UES1,29,36,36,3,-93.7069,-90.0256,-102.06,SERVED,0,1,-32.212130,175.604604,0
72,UES1,30,37,37,4,-114.055,-113.229,-116.429,MOVE_REQUIRED,10,1,-91.984623,-387.234403,1
72,UES1,31,38,38,2,-115.548,-121.656,-113.303,MOVE_REQUIRED,8,1,363.284490,95.607398,1
72,UES1,32,39,39,2,-113.8,-107.44,-112.003,PERSISTING,0,1,66.918289,-295.392994,0
72,UES1,33,40,40,3,-107.702,-109.979,-91.7289,ALTERNATIVE_AVAILABLE,0,1,-196.448933,205.765104,0
72,UES1,34,41,41,5,-110.917,-111.218,-116.878,PERSISTING,1,1,52.632065,-368.665215,0
72,UES1,35,42,42,2,-79.002,-99.5181,-92.3356,SERVED,0,1,295.314881,-156.091726,0
72,UES1,36,43,43,2,-111.896,-111.659,-108.11,PERSISTING,0,1,337.447522,270.310905,0
72,UES1,37,44,44,4,-112.735,-110.402,-112.845,PERSISTING,1,1,70.299666,-329.622548,0
72,UES1,38,45,45,4,-107.147,-88.1066,-116.362,ALTERNATIVE_AVAILABLE,0,1,-236.861820,-172.823843,0
72,UES1,39,46,46,4,-71.6694,-84.1741,-114.991,SERVED,0,1,-276.351797,-8.458138,0
72,UES1,40,47,47,4,-109.972,-108.805,-104.267,PERSISTING,0,1,-275.563328,296.946222,0
72,UES1,41,48,48,3,-114.65,-116.339,-117.7,MOVE_REQUIRED,13,1,-392.860122,-304.668701,1
72,UES1,42,49,49,2,-105.309,-106.851,-99.1574,ALTERNATIVE_AVAILABLE,0,1,109.467413,207.923955,0
72,UES1,43,50,50,1,-103.752,-107.773,-100.955,MOVE_REQUIRED,6,1,176.478466,-233.003748,1
72,UES1,44,51,51,6,-110.725,-107.916,-99.0684,ALTERNATIVE_AVAILABLE,0,1,-91.402839,275.030075,0
72,UES1,45,52,52,1,-111.3,-107.176,-118.646,PERSISTING,3,1,-194.651672,-281.673378,0
72,UES1,46,53,53,1,-110.755,-112.868,-116.736,PERSISTING,1,1,-195.477460,-331.893545,0
72,UES1,47,54,54,4,-104.902,-107.81,-116.579,PERSISTING,0,1,-183.823613,-256.928395,0
72,UES1,48,55,55,4,-107.994,-111.019,-118.411,PERSISTING,2,1,-321.128777,-158.327542,0
72,UES1,49,56,56,2,-97.1703,-104.937,-105.125,SERVED,0,1,196.527742,-163.090108,0
72,UES1,50,57,57,4,-108.134,-110.949,-114.932,PERSISTING,0,1,-123.263608,-302.950571,0
72,UES1,51,58,58,2,-114.873,-116.469,-106.503,MOVE_REQUIRED,17,1,363.035940,139.562600,1
72,UES1,52,59,59,6,-77.2459,-113.254,-121.538,SERVED,0,1,-293.916294,299.962418,0
72,UES1,53,60,60,4,-112.809,-121.159,-120.428,PERSISTING,1,1,-435.630763,-99.664217,0
72,UES1,54,61,61,1,-108.016,-109.434,-90.4941,ALTERNATIVE_AVAILABLE,0,1,6.372877,-298.395465,0
72,UES1,55,62,62,2,-104.726,-106.12,-96.2622,ALTERNATIVE_AVAILABLE,0,1,266.287674,-137.732952,0
72,UES1,56,63,63,4,-115.583,-82.9454,-102.347,ALTERNATIVE_AVAILABLE,0,1,-9.397230,-272.384121,0
72,UES1,57,64,64,3,-114.617,-110.817,-106.701,PERSISTING,1,1,-205.463225,344.521870,0
72,UES1,58,65,65,7,-121.573,-111.764,-117.857,PERSISTING,0,1,-156.517834,-370.709648,0
72,UES1,59,66,66,5,-105.135,-112.892,-119.862,PERSISTING,1,1,337.713296,-301.449333,0
72,UES2,0,67,67,6,-92.073,-117.385,-123.117,SERVED,0,1,-282.261012,342.465394,0
72,UES2,1,68,68,2,-117.47,-111.535,-107.67,PERSISTING,5,1,301.242995,282.085297,0
72,UES2,2,69,69,5,-110.073,-114.42,-117.93,MOVE_REQUIRED,6,1,417.348712,-320.600923,1
72,UES2,3,70,70,6,-82.5597,-124.164,-120.317,SERVED,0,1,-331.111193,259.224541,0
72,UES2,4,71,71,7,-94.8931,-123.31,-118.911,SERVED,0,1,334.845286,331.538347,0
72,UES2,5,72,72,5,-106.291,-112.063,-113.036,PERSISTING,1,1,373.588178,-340.461054,0
72,UES2,6,73,73,6,-110.603,-114.233,-88.4131,ALTERNATIVE_AVAILABLE,0,1,-397.828963,328.509452,0
72,UES2,7,74,74,2,-115.153,-112.899,-114.683,MOVE_REQUIRED,9,1,279.178289,434.532709,1
72,UES2,8,75,75,4,-121.798,-112.912,-104.52,PERSISTING,0,1,396.261699,-300.294934,0
72,UES2,9,76,76,6,-91.7769,-121.609,-130.425,SERVED,0,1,-404.256568,306.704960,0
72,UES2,10,77,77,7,-113.591,-119.737,-120.44,PERSISTING,0,1,346.119012,374.529210,0
72,UES2,11,78,78,2,-116.395,-116.464,-115.996,PERSISTING,2,1,392.087786,-418.706554,0
72,UES2,12,79,79,3,-120.768,-119.033,-107.013,PERSISTING,1,1,-378.646142,302.918465,0
72,UES2,13,80,80,7,-112.391,-123.648,-122.852,PERSISTING,3,1,383.101005,287.611757,0
72,UES2,14,81,81,4,-120.453,-112.117,-108.163,PERSISTING,0,1,412.887018,-313.905820,0
72,UES2,15,82,82,3,-116.597,-112.676,-102.004,PERSISTING,3,1,-333.770603,329.322825,0
72,UES2,16,83,83,2,-114.367,-120.093,-115.388,PERSISTING,3,1,420.207153,330.028551,0
72,UES2,17,84,84,5,-72.4031,-120.274,-120.678,SERVED,0,1,291.252684,-349.987632,0
72,UES2,18,85,85,4,-115.645,-115.15,-112.34,PERSISTING,3,1,-403.275765,377.453118,0
72,UES2,19,86,86,3,-119.289,-116.912,-113.5,PERSISTING,3,1,282.766590,380.445764,0
72,UES2,20,87,87,5,-112.61,-114.869,-118.553,PERSISTING,0,1,362.893604,-387.963353,0
72,UES2,21,88,88,2,-121.322,-85.6173,-88.7702,ALTERNATIVE_AVAILABLE,0,1,-402.874115,445.898780,0
72,UES2,22,89,89,7,-115.61,-97.9991,-125.013,ALTERNATIVE_AVAILABLE,0,1,369.106389,367.886153,0
72,UES2,23,90,90,5,-96.3855,-117.936,-118.477,SERVED,0,1,364.041143,-308.943734,0
72,UES2,24,91,91,3,-118.189,-118.057,-114.302,MOVE_REQUIRED,8,1,-430.770050,370.375712,1
72,UES2,25,92,92,3,-118.785,-119.393,-114.773,MOVE_REQUIRED,7,1,388.486806,415.597924,1
72,UES2,26,93,93,5,-61.8268,-122.42,-107.555,SERVED,0,1,325.360448,-265.108543,0
72,UES2,27,94,94,6,-78.0114,-123.67,-128.363,SERVED,0,1,-414.060525,279.445663,0
72,UES2,28,95,95,6,-129.591,-127.433,-117.229,MOVE_REQUIRED,25,1,378.553670,413.492907,1
72,UES2,29,96,96,5,-110.135,-113.684,-118.999,PERSISTING,2,1,410.693609,-291.447610,0
73,UES1,0,7,7,3,-112.484,-111.593,-116.249,PERSISTING,3,1,-234.175857,-332.368574,0
73,UES1,1,8,8,5,-76.1329,-113.928,-114.673,SERVED,0,1,266.468764,-260.313750,0
73,UES1,2,9,9,6,-85.5092,-79.5642,-122.825,SERVED,0,1,-310.781072,326.612898,0
73,UES1,3,10,10,5,-103.939,-110.808,-115.721,PERSISTING,4,1,267.806244,-267.401466,0
73,UES1,4,11,11,7,-77.3547,-110.662,-117.605,SERVED,0,1,226.369494,285.457628,0
73,UES1,5,12,12,6,-103.347,-103.335,-94.6954,ALTERNATIVE_AVAILABLE,0,1,-258.787778,227.731992,0
73,UES1,6,13,13,2,-103.929,-105.048,-110.806,PERSISTING,0,1,89.098299,285.790231,0
73,UES1,7,14,14,1,-104.91,-108.39,-112.527,PERSISTING,1,1,-29.282402,-288.299412,0
73,UES1,8,15,15,2,-114.204,-115.598,-109.845,PERSISTING,0,1,149.534867,-347.186923,0
73,UES1,9,16,16,1,-100.045,-77.0665,-99.5481,ALTERNATIVE_AVAILABLE,0,1,242.110177,-63.016968,0
73,UES1,10,17,17,4,-111.921,-109.287,-117.462,MOVE_REQUIRED,6,1,-98.586619,-334.758417,1
73,UES1,11,18,18,3,-104.075,-105.155,-104.912,PERSISTING,0,1,-264.185541,125.850529,0
73,UES1,12,19,19,5,-108.192,-122.061,-115.895,PERSISTING,0,1,409.014283,15.153091,0
73,UES1,13,20,20,2,-106.715,-107.792,-91.7243,ALTERNATIVE_AVAILABLE,0,1,165.601367,288.356182,0
73,UES1,14,21,21,1,-104.874,-79.637,-84.7892,ALTERNATIVE_AVAILABLE,0,1,226.560391,-241.690354,0
73,UES1,15,22,22,1,-110.611,-107.855,-108.572,PERSISTING,4,1,68.273950,-267.511209,0
73,UES1,16,23,23,4,-117.668,-117.755,-108.167,PERSISTING,3,1,-414.310510,-32.343584,0
73,UES1,17,24,24,1,-104.334,-110.52,-109.135,PERSISTING,1,1,241.461173,-1.109008,0
73,UES1,18,25,25,1,-73.3493,-113.296,-100.75,SERVED,0,1,186.573555,-211.944658,0
73,UES1,19,26,26,3,-112.995,-77.8446,-118.052,ALTERNATIVE_AVAILABLE,0,1,-171.120786,-284.530972,0
73,UES1,20,27,27,6,-66.6799,-104.787,-126.414,SERVED,0,1,-292.249887,267.474250,0
73,UES1,21,28,28,3,-112.267,-114.114,-100.514,PERSISTING,0,1,-189.176163,401.968126,0
73,UES1,22,29,29,2,-112.893,-116.266,-111.674,PERSISTING,1,1,344.347826,222.069205,0
73,UES1,23,30,30,5,-87.6246,-112.59,-118.521,SERVED,0,1,109.803995,-327.037505,0
73,UES1,24,31,31,6,-99.7997,-83.3772,-121.839,SERVED,0,1,-225.670386,254.486564,0
73,UES1,25,32,32,2,-118.978,-105.82,-114.901,PERSISTING,1,1,-49.581184,393.876385,0
73,UES1,26,33,33,2,-109.487,-116.815,-114.728,PERSISTING,3,1,355.699777,184.476537,0
73,UES1,27,34,34,2,-110.362,-107.609,-111.751,PERSISTING,0,1,39.651264,304.050086,0
73,UES1,28,35,35,4,-102.548,-108.419,-108.785,PERSISTING,1,1,-265.758174,94.079906,0
73,UES1,29,36,36,3,-104.518,-107.617,-93.5444,ALTERNATIVE_AVAILABLE,0,1,-34.653371,179.967494,0
73,UES1,30,37,37,4,-114.805,-112.107,-97.8166,ALTERNATIVE_AVAILABLE,0,1,-93.974934,-391.820764,0
73,UES1,31,38,38,2,-117.716,-120.758,-113.945,MOVE_REQUIRED,9,1,368.041381,97.148237,1
73,UES1,32,39,39,2,-109.962,-110.241,-113.382,PERSISTING,1,1,67.344101,-300.374834,0
73,UES1,33,40,40,3,-106.849,-111.131,-103.398,PERSISTING,0,1,-201.384043,204.966517,0
73,UES1,34,41,41,5,-116.228,-111.416,-117.002,PERSISTING,2,1,54.316174,-373.373354,0
73,UES1,35,42,42,2,-93.4637,-110.904,-90.1982,SERVED,0,1,299.721315,-158.455288,0
73,UES1,36,43,43,2,-112.245,-84.3448,-105.216,ALTERNATIVE_AVAILABLE,0,1,341.275044,273.528299,0
73,UES1,37,44,44,4,-110.875,-108.151,-108.94,PERSISTING,2,1,71.380940,-334.504283,0
73,UES1,38,45,45,4,-105.138,-105.045,-118.837,PERSISTING,0,1,-241.134292,-175.420039,0
73,UES1,39,46,46,4,-105.381,-71.8504,-113.906,ALTERNATIVE_AVAILABLE,0,1,-281.345517,-8.227843,0
73,UES1,40,47,47,4,-79.7768,-112.354,-104.211,SERVED,0,1,-278.078727,301.266848,0
73,UES1,41,48,48,3,-115.234,-114.702,-115.051,MOVE_REQUIRED,14,1,-396.946001,-307.549676,1
73,UES1,42,49,49,2,-100.665,-99.721,-114.579,ALTERNATIVE_AVAILABLE,0,1,111.571353,212.460289,0
73,UES1,43,50,50,1,-106.494,-109.671,-107.341,MOVE_REQUIRED,7,1,180.079925,-236.472107,1
73,UES1,44,51,51,6,-93.7517,-110.422,-95.3989,SERVED,0,1,-93.217324,279.689220,0
73,UES1,45,52,52,1,-115.747,-76.1558,-118.133,ALTERNATIVE_AVAILABLE,0,1,-197.972047,-285.410846,0
73,UES1,46,53,53,1,-112.434,-112.573,-116.177,PERSISTING,2,1,-197.971329,-336.227187,0
73,UES1,47,54,54,4,-105.018,-109.374,-116.107,PERSISTING,1,1,-185.254149,-261.719382,0
73,UES1,48,55,55,4,-105.727,-107.876,-116.331,PERSISTING,3,1,-324.829512,-161.689766,0
73,UES1,49,56,56,2,-106.025,-101.118,-84.299,ALTERNATIVE_AVAILABLE,0,1,200.039494,-166.649551,0
73,UES1,50,57,57,4,-106.613,-111.559,-113.57,PERSISTING,1,1,-124.097290,-307.880573,0
73,UES1,51,58,58,2,-118.313,-115.642,-115.867,MOVE_REQUIRED,18,1,365.139881,144.098778,1
73,UES1,52,59,59,6,-83.6111,-120.283,-122.468,SERVED,0,1,-297.905289,302.977033,0
73,UES1,53,60,60,4,-114.075,-78.7682,-84.1724,ALTERNATIVE_AVAILABLE,0,1,-440.473774,-100.903414,0
73,UES1,54,61,61,1,-107.629,-110.314,-113.686,PERSISTING,0,1,5.426761,-303.305098,0
73,UES1,55,62,62,2,-104.951,-108.497,-100.436,PERSISTING,0,1,270.090078,-140.980194,0
73,UES1,56,63,63,4,-108.065,-107.412,-116.373,PERSISTING,0,1,-8.940320,-277.363250,0
73,UES1,57,64,64,3,-109.955,-115.36,-102.585,PERSISTING,2,1,-207.241826,349.194617,0
73,UES1,58,65,65,7,-125.066,-109.426,-120.865,PERSISTING,1,1,-157.656522,-375.578205,0
73,UES1,59,66,66,5,-104.05,-112.418,-116.25,PERSISTING,2,1,341.392501,-304.835761,0
73,UES2,0,67,67,6,-64.3735,-123.427,-125.922,SERVED,0,1,-278.360528,343.354303,0
73,UES2,1,68,68,2,-113.178,-114.593,-110.109,MOVE_REQUIRED,6,1,299.111543,278.700866,1
73,UES2,2,69,69,5,-112.303,-116.303,-119.962,MOVE_REQUIRED,7,1,420.114096,-317.711018,1
73,UES2,3,70,70,6,-67.9682,-120.601,-126.888,SERVED,0,1,-332.783341,255.590789,0
73,UES2,4,71,71,7,-101.912,-126.475,-121.97,PERSISTING,0,1,334.867294,327.538405,0
73,UES2,5,72,72,5,-108.453,-116.297,-118.015,PERSISTING,2,1,373.270015,-336.473731,0
73,UES2,6,73,73,6,-97.2261,-114.118,-124.613,SERVED,0,1,-396.452251,332.265200,0
73,UES2,7,74,74,2,-115.96,-118.351,-118.147,MOVE_REQUIRED,10,1,281.846789,431.551795,1
73,UES2,8,75,75,4,-121.182,-114.528,-90.7654,ALTERNATIVE_AVAILABLE,0,1,395.466292,-296.374983,0
73,UES2,9,76,76,6,-89.9794,-121.8,-126.576,SERVED,0,1,-400.393163,307.742915,0
73,UES2,10,77,77,7,-112.779,-113.928,-120.81,PERSISTING,1,1,349.423838,376.783288,0
73,UES2,11,78,78,2,-114.4,-110.544,-112.346,PERSISTING,3,1,388.891806,-416.301965,0
73,UES2,12,79,79,6,-107.169,-117.019,-127.807,PERSISTING,2,1,-381.517979,300.135018,0
73,UES2,13,80,80,7,-114.886,-126.786,-120.623,PERSISTING,4,1,381.003044,291.017126,0
73,UES2,14,81,81,4,-125.432,-112.722,-102.116,PERSISTING,1,1,412.280595,-317.859529,0
73,UES2,15,82,82,3,-113.584,-81.9384,-104.322,ALTERNATIVE_AVAILABLE,0,1,-333.842369,333.322173,0
73,UES2,16,83,83,2,-118.689,-119.394,-109.03,PERSISTING,4,1,417.270726,332.744385,0
73,UES2,17,84,84,5,-92.638,-119.665,-120.516,SERVED,0,1,289.898699,-353.751317,0
73,UES2,18,85,85,4,-117.293,-116.277,-87.2978,ALTERNATIVE_AVAILABLE,0,1,-402.759050,381.419711,0
73,UES2,19,86,86,3,-116.983,-115.338,-115.784,PERSISTING,4,1,279.360096,382.542785,0
73,UES2,20,87,87,5,-113.344,-113.066,-118.985,PERSISTING,1,1,366.643379,-389.356361,0
73,UES2,21,88,88,2,-119.819,-116.414,-115.598,PERSISTING,0,1,-398.986788,444.950260,0
73,UES2,22,89,89,7,-93.675,-119.637,-126.388,SERVED,0,1,371.997364,370.651027,0
73,UES2,23,90,90,5,-97.6165,-116.734,-121.141,SERVED,0,1,367.430892,-311.067056,0
73,UES2,24,91,91,3,-120.222,-118.192,-109.58,MOVE_REQUIRED,9,1,-434.476765,371.879503,1
73,UES2,25,92,92,3,-119.459,-120.403,-114.227,MOVE_REQUIRED,8,1,385.818306,412.618659,1
73,UES2,26,93,93,5,-83.4402,-119.122,-122.692,SERVED,0,1,326.680225,-263.067544,0
73,UES2,27,94,94,6,-85.7629,-120.739,-127.679,SERVED,0,1,-416.012561,282.937096,0
73,UES2,28,95,95,6,-131.517,-121.276,-118.931,MOVE_REQUIRED,26,1,374.565871,413.796743,1
73,UES2,29,96,96,5,-111.323,-111.459,-123.723,PERSISTING,3,1,407.411509,-293.732427,0
74,UES1,0,7,7,3,-112.214,-118.513,-117.09,PERSISTING,4,1,-237.029753,-336.473483,0
74,UES1,1,8,8,5,-100.098,-107.778,-114.869,PERSISTING,0,1,269.720961,-264.112221,0
74,UES1,2,9,9,6,-91.546,-113.212,-124.67,SERVED,0,1,-314.036858,330.406972,0
74,UES1,3,10,10,5,-86.0315,-111.373,-120.148,SERVED,0,1,271.705531,-270.532541,0
74,UES1,4,11,11,7,-108.558,-111.775,-116.669,PERSISTING,0,1,230.176682,288.700216,0
74,UES1,5,12,12,6,-99.7673,-107.479,-122.337,SERVED,0,1,-261.879698,231.661369,0
74,UES1,6,13,13,2,-111.467,-107.063,-109.627,PERSISTING,1,1,89.094711,290.790230,0
74,UES1,7,14,14,1,-111.962,-110.69,-113.724,PERSISTING,2,1,-30.409128,-293.170807,0
74,UES1,8,15,15,2,-110.552,-113.508,-112.27,PERSISTING,1,1,151.919891,-351.581660,0
74,UES1,9,16,16,1,-75.3866,-115.616,-103.566,SERVED,0,1,246.691242,-65.022398,0
74,UES1,10,17,17,4,-108.881,-109.051,-116.062,MOVE_REQUIRED,7,1,-99.508813,-339.672610,1
74,UES1,11,18,18,3,-108.54,-101.935,-111.276,PERSISTING,1,1,-268.941237,127.391289,0
74,UES1,12,19,19,5,-91.7517,-123.95,-115.62,SERVED,0,1,413.768783,16.704174,0
74,UES1,13,20,20,2,-109.219,-111.561,-96.5135,ALTERNATIVE_AVAILABLE,0,1,167.989980,292.748736,0
74,UES1,14,21,21,1,-109.257,-112.175,-80.3156,ALTERNATIVE_AVAILABLE,0,1,230.048221,-245.273535,0
74,UES1,15,22,22,1,-107.241,-109.102,-99.369,ALTERNATIVE_AVAILABLE,0,1,67.838569,-272.492217,0
74,UES1,16,23,23,4,-113.138,-115.466,-114.181,PERSISTING,4,1,-419.300642,-32.046420,0
74,UES1,17,24,24,1,-104.303,-114.688,-111.589,PERSISTING,2,1,246.423794,-0.498641,0
74,UES1,18,25,25,1,-100.029,-100.339,-102.465,PERSISTING,0,1,189.329370,-216.116767,0
74,UES1,19,26,26,3,-115.006,-109.333,-118.044,PERSISTING,0,1,-173.382612,-288.990136,0
74,UES1,20,27,27,6,-74.289,-120.605,-123.936,SERVED,0,1,-296.085781,270.680743,0
74,UES1,21,28,28,3,-111.015,-113.37,-110.756,PERSISTING,1,1,-190.725113,406.722151,0
74,UES1,22,29,29,2,-111.038,-117.758,-109.028,PERSISTING,2,1,348.016266,225.467020,0
74,UES1,23,30,30,5,-109.203,-109.927,-117.595,PERSISTING,0,1,111.223767,-331.831972,0
74,UES1,24,31,31,6,-105.552,-109.712,-122.203,PERSISTING,0,1,-230.002662,256.982106,0
74,UES1,25,32,32,2,-118.175,-77.2443,-113.18,ALTERNATIVE_AVAILABLE,0,1,-49.934034,398.863866,0
74,UES1,26,33,33,2,-112.664,-119.246,-98.5165,ALTERNATIVE_AVAILABLE,0,1,359.239038,188.008340,0
74,UES1,27,34,34,2,-104.752,-105.876,-106.65,PERSISTING,1,1,39.446731,309.045863,0
74,UES1,28,35,35,4,-107.027,-97.5343,-103.739,ALTERNATIVE_AVAILABLE,0,1,-261.009655,92.512565,0
74,UES1,29,36,36,3,-99.3408,-105.343,-107.23,SERVED,0,1,-37.094612,184.330377,0
74,UES1,30,37,37,4,-114.599,-115.519,-114.734,PERSISTING,0,1,-95.965245,-396.407122,0
74,UES1,31,38,38,2,-114.556,-120.966,-112.718,MOVE_REQUIRED,10,1,372.798273,98.689078,1
74,UES1,32,39,39,2,-109.547,-87.9056,-109.157,ALTERNATIVE_AVAILABLE,0,1,67.769913,-305.356675,0
74,UES1,33,40,40,3,-101.919,-109.366,-100.796,PERSISTING,1,1,-206.319154,204.167931,0
74,UES1,34,41,41,5,-112.736,-77.6609,-121.053,ALTERNATIVE_AVAILABLE,0,1,56.000284,-378.081496,0
74,UES1,35,42,42,2,-108.304,-110.97,-92.9589,ALTERNATIVE_AVAILABLE,0,1,304.127750,-160.818851,0
74,UES1,36,43,43,2,-96.3836,-116.388,-106.859,SERVED,0,1,345.102566,276.745696,0
74,UES1,37,44,44,4,-111.88,-106.258,-107.371,PERSISTING,3,1,72.462215,-339.386024,0
74,UES1,38,45,45,4,-101.731,-104.528,-116.24,PERSISTING,1,1,-245.406763,-178.016228,0
74,UES1,39,46,46,4,-102.423,-106.702,-111.266,PERSISTING,0,1,-286.339236,-7.997547,0
74,UES1,40,47,47,4,-111.549,-110.609,-103.571,PERSISTING,0,1,-280.594126,305.587471,0
74,UES1,41,48,48,3,-116.975,-116.118,-117.299,MOVE_REQUIRED,15,1,-401.031881,-310.430647,1
74,UES1,42,49,49,2,-104.22,-102.042,-99.8999,ALTERNATIVE_AVAILABLE,0,1,113.675294,216.996628,0
74,UES1,43,50,50,1,-105.976,-115.228,-105.013,MOVE_REQUIRED,8,1,183.681384,-239.940466,1
74,UES1,44,51,51,6,-97.0986,-112.708,-116.549,SERVED,0,1,-95.031808,284.348365,0
74,UES1,45,52,52,1,-113.233,-108.28,-99.9174,ALTERNATIVE_AVAILABLE,0,1,-201.292422,-289.148310,0
74,UES1,46,53,53,1,-113.333,-112.645,-117.005,PERSISTING,3,1,-200.465199,-340.560828,0
74,UES1,47,54,54,4,-108.813,-108.921,-115.238,PERSISTING,2,1,-186.684686,-266.510369,0
74,UES1,48,55,55,4,-106.601,-109.841,-117.674,PERSISTING,4,1,-328.530247,-165.051991,0
74,UES1,49,56,56,2,-88.2524,-69.3715,-92.7351,SERVED,0,1,203.551245,-170.208994,0
74,UES1,50,57,57,4,-113.248,-85.9675,-91.5141,ALTERNATIVE_AVAILABLE,0,1,-124.930972,-312.810572,0
74,UES1,51,58,58,2,-117.658,-115.62,-105.961,MOVE_REQUIRED,19,1,367.243822,148.634960,1
74,UES1,52,59,59,6,-79.4181,-118.972,-121.997,SERVED,0,1,-301.894285,305.991649,0
74,UES1,53,60,60,4,-118.773,-116.244,-118.066,PERSISTING,0,1,-445.316785,-102.142607,0
74,UES1,54,61,61,1,-101.565,-111.996,-80.6033,ALTERNATIVE_AVAILABLE,0,1,4.480646,-308.214730,0
74,UES1,55,62,62,2,-104.705,-103.457,-104.374,PERSISTING,1,1,273.892481,-144.227441,0
74,UES1,56,63,63,4,-109.339,-108.996,-91.0401,ALTERNATIVE_AVAILABLE,0,1,-8.483409,-282.342380,0
74,UES1,57,64,64,3,-110.975,-111.462,-91.7235,ALTERNATIVE_AVAILABLE,0,1,-209.020428,353.867363,0
74,UES1,58,65,65,7,-122.146,-87.0394,-121.516,ALTERNATIVE_AVAILABLE,0,1,-158.795210,-380.446761,0
74,UES1,59,66,66,5,-107.578,-114.926,-122.703,PERSISTING,3,1,345.071706,-308.222193,0
74,UES2,0,67,67,6,-89.7328,-120.007,-122.995,SERVED,0,1,-274.460044,344.243224,0
74,UES2,1,68,68,2,-95.4279,-115.847,-106.81,SERVED,0,1,296.979375,275.316698,0
74,UES2,2,69,69,5,-114.078,-116.341,-121.523,MOVE_REQUIRED,8,1,419.009856,-317.488099,1
74,UES2,3,70,70,6,-77.0643,-123.349,-124.284,SERVED,0,1,-334.942064,256.018627,0
74,UES2,4,71,71,7,-106.357,-124.238,-123.887,PERSISTING,1,1,334.888824,323.538462,0
74,UES2,5,72,72,5,-104.505,-115.975,-118.838,PERSISTING,3,1,372.951853,-332.486407,0
74,UES2,6,73,73,6,-93.1017,-113.661,-126.589,SERVED,0,1,-395.075539,336.020952,0
74,UES2,7,74,74,2,-114.588,-118.088,-119.618,MOVE_REQUIRED,11,1,284.515289,428.570872,1
74,UES2,8,75,75,4,-121.861,-115.286,-97.086,ALTERNATIVE_AVAILABLE,0,1,394.670885,-292.455048,0
74,UES2,9,76,76,6,-96.5198,-95.8807,-124.702,SERVED,0,1,-396.529758,308.780877,0
74,UES2,10,77,77,7,-106.065,-86.6908,-120.553,ALTERNATIVE_AVAILABLE,0,1,352.728663,379.037371,0
74,UES2,11,78,78,2,-119.29,-118.189,-111.314,PERSISTING,4,1,385.695825,-413.897380,0
74,UES2,12,79,79,6,-110.028,-96.5941,-129.006,ALTERNATIVE_AVAILABLE,0,1,-384.389816,297.351608,0
74,UES2,13,80,80,7,-108.525,-126.504,-122.961,PERSISTING,5,1,378.905084,294.422488,0
74,UES2,14,81,81,4,-124.888,-117.348,-108.356,PERSISTING,2,1,411.674172,-321.813235,0
74,UES2,15,82,82,3,-110.238,-112.826,-105.373,PERSISTING,0,1,-333.914135,337.321521,0
74,UES2,16,83,83,2,-96.9791,-120.254,-109.182,SERVED,0,1,414.334299,335.460212,0
74,UES2,17,84,84,5,-98.1016,-121.5,-119.997,SERVED,0,1,288.544713,-357.514996,0
74,UES2,18,85,85,4,-81.1485,-121.617,-108.346,SERVED,0,1,-402.242334,385.386311,0
74,UES2,19,86,86,3,-117.492,-119.717,-105.578,PERSISTING,5,1,275.953602,384.639806,0
74,UES2,20,87,87,5,-111.734,-114.437,-92.2731,ALTERNATIVE_AVAILABLE,0,1,370.393154,-390.749375,0
74,UES2,21,88,88,2,-122.325,-117.344,-89.6429,ALTERNATIVE_AVAILABLE,0,1,-395.099461,444.001731,0
74,UES2,22,89,89,7,-114.695,-100.218,-122.72,PERSISTING,0,1,374.888339,373.415907,0
74,UES2,23,90,90,5,-95.6331,-122.763,-114.12,SERVED,0,1,370.820641,-313.190381,0
74,UES2,24,91,91,3,-118.55,-115.883,-115.35,MOVE_REQUIRED,10,1,-438.183481,373.383253,1
74,UES2,25,92,92,3,-117.264,-114.479,-104.712,MOVE_REQUIRED,9,1,383.149806,409.639415,1
74,UES2,26,93,93,5,-82.2379,-118.29,-114.861,SERVED,0,1,325.671912,-266.938269,0
74,UES2,27,94,94,6,-101.497,-123.873,-127.876,PERSISTING,0,1,-417.964597,286.428529,0
74,UES2,28,95,95,6,-136.774,-94.9544,-115.906,ALTERNATIVE_AVAILABLE,0,1,370.578071,414.100575,0
74,UES2,29,96,96,5,-107.793,-113.222,-118.562,PERSISTING,4,1,404.129409,-296.017233,0
75,UES1,0,7,7,3,-115.856,-111.384,-113.815,PERSISTING,5,1,-239.883649,-340.578389,0
75,UES1,1,8,8,5,-104.503,-111.163,-116.327,PERSISTING,1,1,272.973159,-267.910695,0
75,UES1,2,9,9,6,-101.625,-112.295,-125.415,PERSISTING,0,1,-317.292644,334.201042,0
75,UES1,3,10,10,5,-106.342,-96.0595,-116.261,ALTERNATIVE_AVAILABLE,0,1,275.604819,-273.663618,0
75,UES1,4,11,11,7,-103.065,-106.53,-120.327,PERSISTING,1,1,233.983870,291.942808,0
75,UES1,5,12,12,6,-88.7221,-107.917,-121.166,SERVED,0,1,-264.971618,235.590746,0
75,UES1,6,13,13,2,-106.516,-81.6656,-111.606,ALTERNATIVE_AVAILABLE,0,1,89.091122,295.790229,0
75,UES1,7,14,14,1,-108.743,-105.677,-102.995,PERSISTING,3,1,-31.535855,-298.042201,0
75,UES1,8,15,15,2,-112.21,-107.384,-106.833,PERSISTING,2,1,154.304915,-355.976399,0
75,UES1,9,16,16,1,-106.128,-100.059,-108.773,PERSISTING,0,1,251.272307,-67.027830,0
75,UES1,10,17,17,4,-80.6417,-110.155,-113.98,SERVED,0,1,-100.431006,-344.586803,0
75,UES1,11,18,18,4,-104.988,-107.834,-94.9311,ALTERNATIVE_AVAILABLE,0,1,-273.696932,128.932046,0
75,UES1,12,19,19,5,-86.3792,-120.014,-99.328,SERVED,0,1,418.523283,18.255264,0
75,UES1,13,20,20,2,-105.121,-113.002,-100.532,PERSISTING,0,1,170.378593,297.141291,0
75,UES1,14,21,21,5,-87.4795,-106.263,-120.602,SERVED,0,1,233.536050,-248.856806,0
75,UES1,15,22,22,1,-108.436,-110.976,-110.837,PERSISTING,0,1,67.403188,-277.473224,0
75,UES1,16,23,23,4,-94.6287,-115.578,-99.1761,SERVED,0,1,-424.290773,-31.749258,0
75,UES1,17,24,24,1,-104.09,-84.3078,-106.661,ALTERNATIVE_AVAILABLE,0,1,251.386415,0.111726,0
75,UES1,18,25,25,1,-111.257,-111.909,-102.839,PERSISTING,1,1,192.085186,-220.288877,0
75,UES1,19,26,26,3,-113.588,-88.7773,-115.482,ALTERNATIVE_AVAILABLE,0,1,-175.644439,-293.449299,0
75,UES1,20,27,27,6,-74.5154,-117.267,-132.793,SERVED,0,1,-299.921676,273.887234,0
75,UES1,21,28,28,3,-109.781,-114.142,-111.87,PERSISTING,2,1,-192.274063,411.476176,0
75,UES1,22,29,29,2,-110.051,-113.312,-103.341,PERSISTING,3,1,351.684707,228.864836,0
75,UES1,23,30,30,5,-104.347,-90.5182,-118.911,ALTERNATIVE_AVAILABLE,0,1,112.643538,-336.626440,0
75,UES1,24,31,31,6,-106.206,-108.517,-126.479,PERSISTING,1,1,-234.334938,259.477647,0
75,UES1,25,32,32,4,-114.839,-111.55,-110.208,PERSISTING,0,1,-50.286884,403.851347,0
75,UES1,26,33,33,2,-114.182,-115.839,-104.657,PERSISTING,0,1,362.778300,191.540143,0
75,UES1,27,34,34,2,-107.88,-109.674,-110.078,PERSISTING,2,1,39.242198,314.041639,0
75,UES1,28,35,35,4,-101.511,-104.288,-96.0262,ALTERNATIVE_AVAILABLE,0,1,-256.261136,90.945224,0
75,UES1,29,36,36,3,-90.9689,-106.714,-107.879,SERVED,0,1,-39.535854,188.693254,0
75,UES1,30,37,37,4,-120.304,-113.516,-90.7982,ALTERNATIVE_AVAILABLE,0,1,-97.955556,-400.993476,0
75,UES1,31,38,38,2,-115.592,-102.49,-101.726,MOVE_REQUIRED,11,1,377.555165,100.229921,1
75,UES1,32,39,39,2,-113.025,-109.384,-92.3857,ALTERNATIVE_AVAILABLE,0,1,68.195725,-310.338516,0
75,UES1,33,40,40,3,-107.373,-108.518,-103.765,PERSISTING,2,1,-211.254265,203.369345,0
75,UES1,34,41,41,5,-117.594,-111.214,-117.813,PERSISTING,0,1,57.684393,-382.789640,0
75,UES1,35,42,42,2,-108.891,-108.001,-94.26,ALTERNATIVE_AVAILABLE,0,1,308.534184,-163.182417,0
75,UES1,36,43,43,2,-110.164,-98.1574,-105.612,ALTERNATIVE_AVAILABLE,0,1,348.930087,279.963096,0
75,UES1,37,44,44,4,-114.723,-110.992,-111.515,PERSISTING,4,1,73.543490,-344.267768,0
75,UES1,38,45,45,4,-107.27,-105.017,-107.663,PERSISTING,2,1,-249.679234,-180.612410,0
75,UES1,39,46,46,4,-77.5031,-104.04,-111.04,SERVED,0,1,-291.332956,-7.767252,0
75,UES1,40,47,47,4,-107.747,-111.43,-107.455,PERSISTING,1,1,-283.109526,309.908091,0
75,UES1,41,48,48,3,-117.931,-120.668,-117.337,MOVE_REQUIRED,16,1,-405.117760,-313.311615,1
75,UES1,42,49,49,2,-87.3543,-88.182,-91.5109,SERVED,0,1,115.779235,221.532971,0
75,UES1,43,50,50,1,-107.501,-110.28,-103.902,MOVE_REQUIRED,9,1,187.282842,-243.408828,1
75,UES1,44,51,51,6,-111.774,-99.4891,-116.86,ALTERNATIVE_AVAILABLE,0,1,-96.846293,289.007510,0
75,UES1,45,52,52,4,-108.009,-91.0439,-119.05,ALTERNATIVE_AVAILABLE,0,1,-204.612797,-292.885769,0
75,UES1,46,53,53,1,-114.903,-114.607,-119.463,PERSISTING,4,1,-202.959069,-344.894470,0
75,UES1,47,54,54,4,-103.884,-105.026,-115.004,PERSISTING,3,1,-188.115222,-271.301356,0
75,UES1,48,55,55,4,-107.19,-87.5194,-113.676,ALTERNATIVE_AVAILABLE,0,1,-332.230982,-168.414215,0
75,UES1,49,56,56,2,-107.161,-106.842,-96.8077,ALTERNATIVE_AVAILABLE,0,1,207.062996,-173.768439,0
75,UES1,50,57,57,4,-108.992,-99.7235,-88.8957,ALTERNATIVE_AVAILABLE,0,1,-125.764654,-317.740553,0
75,UES1,51,58,58,2,-110.916,-116.697,-111.88,MOVE_REQUIRED,20,1,369.347762,153.171146,1
75,UES1,52,59,59,6,-90.5436,-121.438,-122.271,SERVED,0,1,-305.883280,309.006265,0
75,UES1,53,60,60,4,-115.236,-96.3021,-109.075,ALTERNATIVE_AVAILABLE,0,1,-450.159796,-103.381796,0
75,UES1,54,61,61,1,-106.255,-109.373,-112.651,PERSISTING,0,1,3.534530,-313.124362,0
75,UES1,55,62,62,2,-110.373,-82.2146,-108.812,ALTERNATIVE_AVAILABLE,0,1,277.694885,-147.474692,0
75,UES1,56,63,63,4,-109.62,-73.3976,-115.833,ALTERNATIVE_AVAILABLE,0,1,-8.026499,-287.321511,0
75,UES1,57,64,64,3,-109.015,-94.2996,-101.455,ALTERNATIVE_AVAILABLE,0,1,-210.799029,358.540108,0
75,UES1,58,65,65,7,-125.851,-112.072,-114.49,PERSISTING,0,1,-159.933897,-385.315317,0
75,UES1,59,66,66,5,-104.905,-114.248,-120.194,PERSISTING,4,1,348.750911,-311.608630,0
75,UES2,0,67,67,6,-100.081,-118.305,-123.88,PERSISTING,0,1,-270.559561,345.132161,0
75,UES2,1,68,68,2,-109.646,-114.836,-99.7262,ALTERNATIVE_AVAILABLE,0,1,295.564388,277.683265,0
75,UES2,2,69,69,5,-109.899,-102.096,-116.178,MOVE_REQUIRED,9,1,415.325867,-319.043162,1
75,UES2,3,70,70,6,-92.5215,-114.98,-128.853,SERVED,0,1,-337.425168,259.154170,0
75,UES2,4,71,71,7,-99.2351,-101.822,-123.238,SERVED,0,1,334.910354,319.538520,0
75,UES2,5,72,72,5,-108.549,-115.879,-117.185,PERSISTING,4,1,372.633690,-328.499083,0
75,UES2,6,73,73,6,-102.145,-94.4134,-98.3139,ALTERNATIVE_AVAILABLE,0,1,-393.698828,339.776706,0
75,UES2,7,74,74,2,-114.787,-79.6933,-114.894,ALTERNATIVE_AVAILABLE,0,1,287.183790,425.589938,0
75,UES2,8,75,75,4,-117.762,-112.07,-96.9955,ALTERNATIVE_AVAILABLE,0,1,393.875478,-288.535131,0
75,UES2,9,76,76,6,-98.0869,-122.92,-127.455,SERVED,0,1,-392.666354,309.818846,0
75,UES2,10,77,77,7,-111.384,-117.536,-118.74,PERSISTING,0,1,356.033489,381.291459,0
75,UES2,11,78,78,2,-115.617,-115.741,-112.013,PERSISTING,5,1,382.499845,-411.492799,0
75,UES2,12,79,79,6,-101.461,-118.202,-124.152,PERSISTING,0,1,-387.261654,294.568237,0
75,UES2,13,80,80,7,-106.995,-121.576,-118.426,MOVE_REQUIRED,6,1,376.807124,297.827842,1
75,UES2,14,81,81,4,-118.854,-118.145,-104.715,PERSISTING,3,1,411.067749,-325.766941,0
75,UES2,15,82,82,3,-113.794,-105.157,-106.774,PERSISTING,1,1,-333.985901,341.320869,0
75,UES2,16,83,83,2,-118.921,-117.286,-113.786,PERSISTING,0,1,411.397873,338.176033,0
75,UES2,17,84,84,5,-97.6082,-106.028,-123.751,SERVED,0,1,287.190727,-361.278667,0
75,UES2,18,85,85,4,-114.055,-119.05,-112.635,PERSISTING,0,1,-401.725619,389.352918,0
75,UES2,19,86,86,3,-97.8355,-115.489,-100.781,SERVED,0,1,272.547108,386.736827,0
75,UES2,20,87,87,7,-118.009,-116.195,-92.5817,ALTERNATIVE_AVAILABLE,0,1,374.142929,-392.142398,0
75,UES2,21,88,88,2,-126.122,-97.2708,-117.557,ALTERNATIVE_AVAILABLE,0,1,-391.212135,443.053190,0
75,UES2,22,89,89,7,-112.104,-122.262,-122.182,PERSISTING,1,1,377.779314,376.180792,0
75,UES2,23,90,90,5,-77.5534,-120.106,-118.595,SERVED,0,1,374.210390,-315.313708,0
75,UES2,24,91,91,3,-113.855,-118.473,-113.1,MOVE_REQUIRED,11,1,-434.201662,372.990131,1
75,UES2,25,92,92,3,-119.022,-114.436,-112.485,MOVE_REQUIRED,10,1,380.481305,406.660193,1
75,UES2,26,93,93,5,-91.4312,-118.088,-120.871,SERVED,0,1,324.663600,-270.808992,0
75,UES2,27,94,94,6,-92.8912,-111.168,-126.966,SERVED,0,1,-419.916633,289.919961,0
75,UES2,28,95,95,6,-127.922,-117.773,-114.693,PERSISTING,0,1,366.590272,414.404404,0
75,UES2,29,96,96,5,-108.629,-92.3404,-117.274,ALTERNATIVE_AVAILABLE,0,1,400.847309,-298.302028,0
76,UES1,0,7,7,3,-113.246,-93.1833,-117.678,ALTERNATIVE_AVAILABLE,0,1,-242.737545,-344.683292,0
76,UES1,1,8,8,5,-85.0554,-104.963,-116.074,SERVED,0,1,276.225356,-271.709172,0
76,UES1,2,9,9,6,-78.0433,-100.509,-129.282,SERVED,0,1,-320.548429,337.995109,0
76,UES1,3,10,10,5,-82.1383,-83.5847,-120.542,SERVED,0,1,279.504107,-276.794698,0
76,UES1,4,11,11,7,-104.428,-90.23,-121.193,ALTERNATIVE_AVAILABLE,0,1,237.790818,295.185403,0
76,UES1,5,12,12,6,-94.4301,-102.32,-123.775,SERVED,0,1,-268.063538,239.520122,0
76,UES1,6,13,13,2,-81.0739,-112.345,-102.93,SERVED,0,1,89.087534,300.790227,0
76,UES1,7,14,14,1,-89.5508,-109.343,-113.19,SERVED,0,1,-32.662582,-302.913595,0
76,UES1,8,15,15,2,-112.877,-113.644,-105.473,PERSISTING,3,1,156.689940,-360.371138,0
76,UES1,9,16,16,1,-71.7281,-102.087,-105.533,SERVED,0,1,255.853372,-69.033264,0
76,UES1,10,17,17,4,-109.876,-109.008,-112.294,PERSISTING,0,1,-101.353200,-349.500995,0
76,UES1,11,18,18,4,-77.2415,-105.949,-90.2565,SERVED,0,1,-278.452628,130.472801,0
76,UES1,12,19,19,5,-108.771,-118.122,-112.863,PERSISTING,0,1,423.277782,19.806359,0
76,UES1,13,20,20,2,-108.71,-113.707,-104.196,PERSISTING,1,1,172.767205,301.533845,0
76,UES1,14,21,21,5,-83.7792,-111.416,-117.067,SERVED,0,1,237.023879,-252.440224,0
76,UES1,15,22,22,1,-105.173,-108.871,-111.806,PERSISTING,1,1,66.967808,-282.454230,0
76,UES1,16,23,23,4,-119.187,-119.146,-109.908,PERSISTING,0,1,-429.280904,-31.452099,0
76,UES1,17,24,24,1,-110.804,-99.0276,-106.99,ALTERNATIVE_AVAILABLE,0,1,256.349036,0.722093,0
76,UES1,18,25,25,1,-102.399,-106.336,-105.753,PERSISTING,2,1,194.841001,-224.460988,0
76,UES1,19,26,26,3,-77.9255,-109.082,-113.271,SERVED,0,1,-177.906265,-297.908463,0
76,UES1,20,27,27,6,-89.2423,-116.405,-123.281,SERVED,0,1,-303.757570,277.093723,0
76,UES1,21,28,28,3,-112.104,-118.278,-114.087,PERSISTING,3,1,-193.823014,416.230201,0
76,UES1,22,29,29,2,-111.313,-115.306,-116.009,PERSISTING,4,1,355.353147,232.262653,0
76,UES1,23,30,30,5,-106.729,-90.7213,-117.248,ALTERNATIVE_AVAILABLE,0,1,114.063309,-341.420911,0
76,UES1,24,31,31,6,-109.462,-109.753,-123.182,PERSISTING,2,1,-238.667215,261.973187,0
76,UES1,25,32,32,4,-113.03,-108.617,-118.139,PERSISTING,1,1,-50.639733,408.838828,0
76,UES1,26,33,33,2,-113.329,-115.574,-103.383,PERSISTING,1,1,366.317561,195.071946,0
76,UES1,27,34,34,2,-107.426,-77.3556,-105.755,ALTERNATIVE_AVAILABLE,0,1,39.037665,319.037414,0
76,UES1,28,35,35,4,-107.631,-105.994,-107.315,PERSISTING,0,1,-251.512617,89.377881,0
76,UES1,29,36,36,3,-92.234,-106.562,-79.7365,SERVED,0,1,-41.977095,193.056123,0
76,UES1,30,37,37,4,-118.394,-95.8023,-115.953,ALTERNATIVE_AVAILABLE,0,1,-99.945868,-405.579827,0
76,UES1,31,38,38,2,-116.742,-103.66,-115.435,MOVE_REQUIRED,12,1,382.312057,101.770764,1
76,UES1,32,39,39,2,-114.678,-110.724,-107.365,PERSISTING,0,1,68.621536,-315.320357,0
76,UES1,33,40,40,3,-108.623,-112.141,-102.67,PERSISTING,3,1,-216.189376,202.570761,0
76,UES1,34,41,41,5,-110.691,-107.885,-119.722,PERSISTING,1,1,59.368503,-387.497787,0
76,UES1,35,42,42,2,-106.015,-110.627,-110.594,PERSISTING,0,1,312.940618,-165.545984,0
76,UES1,36,43,43,2,-125.82,-115.14,-87.4618,ALTERNATIVE_AVAILABLE,0,1,352.757609,283.180499,0
76,UES1,37,44,44,4,-112.698,-79.6927,-110.685,ALTERNATIVE_AVAILABLE,0,1,74.624765,-349.149519,0
76,UES1,38,45,45,4,-106.997,-88.9606,-118.323,ALTERNATIVE_AVAILABLE,0,1,-253.951705,-183.208584,0
76,UES1,39,46,46,4,-78.7879,-105.777,-108.219,SERVED,0,1,-296.326676,-7.536957,0
76,UES1,40,47,47,4,-113.948,-114.416,-83.8686,ALTERNATIVE_AVAILABLE,0,1,-285.624925,314.228708,0
76,UES1,41,48,48,3,-117.758,-114.64,-119.944,MOVE_REQUIRED,17,1,-409.203639,-316.192580,1
76,UES1,42,49,49,2,-102.473,-102.065,-90.9894,ALTERNATIVE_AVAILABLE,0,1,117.883176,226.069318,0
76,UES1,43,50,50,1,-107.853,-111.231,-104.71,MOVE_REQUIRED,10,1,188.760983,-240.174773,1
76,UES1,44,51,51,6,-112.062,-102.487,-115.316,PERSISTING,0,1,-98.660777,293.666654,0
76,UES1,45,52,52,4,-108.237,-107.819,-88.3804,ALTERNATIVE_AVAILABLE,0,1,-207.933172,-296.623225,0
76,UES1,46,53,53,1,-112.046,-111.96,-117.965,PERSISTING,5,1,-205.452938,-349.228112,0
76,UES1,47,54,54,4,-114.772,-111.88,-114.425,PERSISTING,4,1,-189.545758,-276.092344,0
76,UES1,48,55,55,4,-109.792,-110.428,-81.9602,ALTERNATIVE_AVAILABLE,0,1,-335.931717,-171.776440,0
76,UES1,49,56,56,2,-105.31,-104.661,-87.5791,ALTERNATIVE_AVAILABLE,0,1,210.574747,-177.327885,0
76,UES1,50,57,57,4,-104.784,-78.8324,-117.421,ALTERNATIVE_AVAILABLE,0,1,-129.437879,-314.348508,0
76,UES1,51,58,58,2,-91.4119,-101.022,-111.834,SERVED,0,1,371.451703,157.707336,0
76,UES1,52,59,59,6,-67.8232,-114.591,-128.452,SERVED,0,1,-309.872275,312.020880,0
76,UES1,53,60,60,4,-114.59,-117.723,-114.342,PERSISTING,0,1,-455.002807,-104.620982,0
76,UES1,54,61,61,1,-107.632,-106.834,-108.54,PERSISTING,1,1,2.588415,-318.033993,0
76,UES1,55,62,62,2,-69.1958,-104.697,-93.9593,SERVED,0,1,281.497289,-150.721949,0
76,UES1,56,63,63,4,-109.492,-109.29,-108.387,PERSISTING,0,1,-7.569589,-292.300642,0
76,UES1,57,64,64,3,-113.131,-110.949,-95.6809,ALTERNATIVE_AVAILABLE,0,1,-212.577631,363.212851,0
76,UES1,58,65,65,7,-122.676,-111.192,-114.397,PERSISTING,1,1,-161.072585,-390.183872,0
76,UES1,59,66,66,5,-77.8701,-95.6857,-118.05,SERVED,0,1,352.430117,-314.995070,0
76,UES2,0,67,67,6,-91.4468,-118.853,-118.789,SERVED,0,1,-266.659077,346.021123,0
76,UES2,1,68,68,2,-111.967,-113.452,-105.415,PERSISTING,0,1,294.328816,281.487483,0
76,UES2,2,69,69,5,-111.965,-116.61,-127.606,MOVE_REQUIRED,10,1,411.641877,-320.598213,1
76,UES2,3,70,70,6,-89.6849,-94.9898,-125.94,SERVED,0,1,-339.908273,262.289706,0
76,UES2,4,71,71,7,-100.157,-125.14,-126.624,PERSISTING,0,1,335.581366,316.799855,0
76,UES2,5,72,72,5,-107.832,-98.6852,-116.263,ALTERNATIVE_AVAILABLE,0,1,372.315527,-324.511760,0
76,UES2,6,73,73,6,-110.914,-111.194,-121.039,PERSISTING,0,1,-392.322116,343.532464,0
76,UES2,7,74,74,2,-112.217,-102.724,-112.855,PERSISTING,0,1,289.852290,422.608994,0
76,UES2,8,75,75,4,-116.708,-117.15,-104.138,PERSISTING,0,1,393.080071,-284.615236,0
76,UES2,9,76,76,6,-98.6251,-122.635,-123.698,SERVED,0,1,-388.802949,310.856825,0
76,UES2,10,77,77,7,-110.505,-117.69,-120.493,PERSISTING,1,1,359.338315,383.545552,0
76,UES2,11,78,78,2,-117.025,-116.017,-84.5559,ALTERNATIVE_AVAILABLE,0,1,379.303864,-409.088223,0
76,UES2,12,79,79,6,-106.995,-100.294,-126.868,PERSISTING,1,1,-390.133970,291.784910,0
76,UES2,13,80,80,7,-73.6139,-121.971,-125.674,SERVED,0,1,374.709163,301.233187,0
76,UES2,14,81,81,4,-118.64,-118.078,-114.398,PERSISTING,4,1,410.461326,-329.720644,0
76,UES2,15,82,82,3,-114.527,-114.616,-110.511,PERSISTING,2,1,-334.057667,345.320216,0
76,UES2,16,83,83,2,-115.411,-123.814,-109.506,PERSISTING,1,1,408.461446,340.891846,0
76,UES2,17,84,84,5,-100.226,-121.686,-121.727,PERSISTING,0,1,285.836741,-365.042331,0
76,UES2,18,85,85,4,-119.376,-98.299,-114.843,ALTERNATIVE_AVAILABLE,0,1,-401.208904,393.319533,0
76,UES2,19,86,86,3,-123.279,-116.946,-114.392,PERSISTING,0,1,269.140613,388.833847,0
76,UES2,20,87,87,7,-118.721,-115.661,-110.623,PERSISTING,0,1,377.892705,-393.535428,0
76,UES2,21,88,88,2,-121.957,-99.0846,-115.01,ALTERNATIVE_AVAILABLE,0,1,-387.324808,442.104640,0
76,UES2,22,89,89,7,-112.455,-113.685,-124.559,PERSISTING,2,1,380.670289,378.945683,0
76,UES2,23,90,90,5,-98.7822,-103.689,-121.049,SERVED,0,1,377.600138,-317.437039,0
76,UES2,24,91,91,3,-116.821,-118.62,-119.124,MOVE_REQUIRED,12,1,-430.219843,372.597002,1
76,UES2,25,92,92,3,-122.91,-117.596,-110.938,MOVE_REQUIRED,11,1,377.812805,403.680997,1
76,UES2,26,93,93,5,-63.7187,-119.529,-127.136,SERVED,0,1,323.655287,-274.679712,0
76,UES2,27,94,94,6,-100.269,-123.509,-125.063,PERSISTING,0,1,-421.868669,293.411393,0
76,UES2,28,95,95,6,-133.02,-115.801,-114.367,PERSISTING,1,1,362.602473,414.708230,0
76,UES2,29,96,96,5,-105.105,-112.069,-119.419,PERSISTING,0,1,397.565209,-300.586812,0
77,UES1,0,7,7,3,-114.322,-77.689,-118.513,ALTERNATIVE_AVAILABLE,0,1,-245.591441,-348.788193,0
77,UES1,1,8,8,5,-103.293,-108.278,-90.1444,ALTERNATIVE_AVAILABLE,0,1,279.477553,-275.507652,0
77,UES1,2,9,9,6,-107.966,-108.542,-125.417,PERSISTING,0,1,-323.804215,341.789172,0
77,UES1,3,10,10,5,-104.429,-112.548,-118.814,PERSISTING,0,1,283.403394,-279.925780,0
77,UES1,4,11,11,7,-84.308,-106.914,-117.326,SERVED,0,1,241.596810,298.427999,0
77,UES1,5,12,12,6,-99.1193,-110.359,-118.601,SERVED,0,1,-271.155458,243.449498,0
77,UES1,6,13,13,2,-96.1057,-105.398,-109.051,SERVED,0,1,89.083946,305.790226,0
77,UES1,7,14,14,1,-109.557,-109.855,-110.308,PERSISTING,0,1,-33.789308,-307.784990,0
77,UES1,8,15,15,2,-111.441,-114.265,-86.1306,ALTERNATIVE_AVAILABLE,0,1,159.074964,-364.765879,0
77,UES1,9,16,16,1,-104.986,-105.762,-105.882,PERSISTING,0,1,260.434437,-71.038701,0
77,UES1,10,17,17,4,-113.884,-111.877,-114.907,PERSISTING,1,1,-102.275393,-354.415186,0
77,UES1,11,18,18,4,-105.101,-106.294,-108.537,PERSISTING,0,1,-283.208324,132.013554,0
77,UES1,12,19,19,5,-108.832,-121.265,-113.136,PERSISTING,1,1,428.032282,21.357461,0
77,UES1,13,20,20,2,-104.642,-110.114,-103.525,PERSISTING,2,1,175.155818,305.926400,0
77,UES1,14,21,21,5,-103.126,-108.049,-119.427,PERSISTING,0,1,240.511229,-256.023943,0
77,UES1,15,22,22,1,-108.856,-109.757,-108.112,PERSISTING,2,1,65.279871,-286.844250,0
77,UES1,16,23,23,6,-104.081,-119.593,-129.974,PERSISTING,1,1,-434.271036,-31.154941,0
77,UES1,17,24,24,1,-102.134,-88.4058,-108.77,ALTERNATIVE_AVAILABLE,0,1,261.311657,1.332460,0
77,UES1,18,25,25,1,-107.704,-106.439,-87.9512,ALTERNATIVE_AVAILABLE,0,1,197.596817,-228.633099,0
77,UES1,19,26,26,3,-111.5,-109.654,-117.136,PERSISTING,0,1,-180.168091,-302.367627,0
77,UES1,20,27,27,6,-92.2562,-118.653,-122.134,SERVED,0,1,-307.593464,280.300210,0
77,UES1,21,28,28,3,-112.369,-111.463,-113.519,PERSISTING,4,1,-195.371964,420.984225,0
77,UES1,22,29,29,2,-102.062,-122.48,-107.983,PERSISTING,5,1,359.021587,235.660472,0
77,UES1,23,30,30,5,-110.488,-110.791,-117.207,PERSISTING,0,1,115.483081,-346.215385,0
77,UES1,24,31,31,6,-84.4284,-109.785,-104.671,SERVED,0,1,-242.999491,264.468725,0
77,UES1,25,32,32,4,-112.451,-110.091,-118.728,PERSISTING,2,1,-50.992583,413.826308,0
77,UES1,26,33,33,2,-107.225,-115.832,-105.878,PERSISTING,2,1,369.856823,198.603749,0
77,UES1,27,34,34,2,-113.167,-109.484,-104.238,PERSISTING,0,1,38.833131,324.033188,0
77,UES1,28,35,35,4,-91.4436,-107.335,-106.13,SERVED,0,1,-246.764097,87.810538,0
77,UES1,29,36,36,3,-108.646,-82.6913,-97.6004,ALTERNATIVE_AVAILABLE,0,1,-44.418336,197.418985,0
77,UES1,30,37,37,4,-116.195,-113.234,-118.421,PERSISTING,0,1,-101.936179,-410.166175,0
77,UES1,31,38,38,2,-115.498,-121.55,-114.73,MOVE_REQUIRED,13,1,387.068949,103.311609,1
77,UES1,32,39,39,2,-112.033,-107.568,-107.101,PERSISTING,1,1,69.047348,-320.302197,0
77,UES1,33,40,40,3,-109.917,-109.765,-90.0748,ALTERNATIVE_AVAILABLE,0,1,-221.124487,201.772177,0
77,UES1,34,41,41,5,-117.614,-110.261,-122.918,PERSISTING,2,1,61.052612,-392.205936,0
77,UES1,35,42,42,5,-109.775,-73.3557,-118.392,ALTERNATIVE_AVAILABLE,0,1,317.347053,-167.909553,0
77,UES1,36,43,43,2,-111.069,-105.847,-93.6821,ALTERNATIVE_AVAILABLE,0,1,356.585131,286.397904,0
77,UES1,37,44,44,3,-112.159,-105.685,-104.632,PERSISTING,0,1,75.706040,-354.031277,0
77,UES1,38,45,45,4,-103.524,-109.171,-114.309,PERSISTING,0,1,-258.224176,-185.804751,0
77,UES1,39,46,46,4,-106.014,-106.391,-105.404,PERSISTING,0,1,-301.320396,-7.306663,0
77,UES1,40,47,47,4,-87.1064,-109.625,-106.79,SERVED,0,1,-288.140325,318.549321,0
77,UES1,41,48,48,3,-115.647,-114.329,-78.8079,ALTERNATIVE_AVAILABLE,0,1,-413.289519,-319.073542,0
77,UES1,42,49,49,2,-100.33,-108.142,-108.559,PERSISTING,0,1,119.985921,230.605668,0
77,UES1,43,50,50,1,-107.081,-98.9034,-103.571,ALTERNATIVE_AVAILABLE,0,1,189.708295,-235.265112,0
77,UES1,44,51,51,6,-115.479,-98.6501,-122.173,ALTERNATIVE_AVAILABLE,0,1,-100.475262,298.325799,0
77,UES1,45,52,52,4,-109.836,-110.705,-117.237,PERSISTING,0,1,-211.253547,-300.360677,0
77,UES1,46,53,53,1,-112.412,-111.592,-118.182,MOVE_REQUIRED,6,1,-207.946808,-353.561753,1
77,UES1,47,54,54,4,-108.281,-110.547,-117.479,PERSISTING,5,1,-190.976294,-280.883330,0
77,UES1,48,55,55,4,-107.138,-81.8192,-112.942,ALTERNATIVE_AVAILABLE,0,1,-339.632452,-175.138664,0
77,UES1,49,56,56,2,-83.5717,-105.635,-95.8243,SERVED,0,1,214.086498,-180.887332,0
77,UES1,50,57,57,3,-113.918,-108.422,-118.107,PERSISTING,0,1,-133.111104,-310.956464,0
77,UES1,51,58,58,2,-116.162,-115.237,-109.107,PERSISTING,0,1,373.555644,162.243529,0
77,UES1,52,59,59,6,-93.247,-116.988,-122.072,SERVED,0,1,-313.861270,315.035496,0
77,UES1,53,60,60,4,-117.05,-120.95,-115.738,PERSISTING,1,1,-459.845818,-105.860164,0
77,UES1,54,61,61,1,-104.299,-110.033,-110.006,PERSISTING,2,1,1.642299,-322.943623,0
77,UES1,55,62,62,2,-103.989,-111.016,-103.696,PERSISTING,0,1,285.299692,-153.969211,0
77,UES1,56,63,63,4,-108.675,-107.255,-111.411,PERSISTING,1,1,-7.112678,-297.279775,0
77,UES1,57,64,64,3,-111.491,-79.6862,-106.787,ALTERNATIVE_AVAILABLE,0,1,-214.356232,367.885592,0
77,UES1,58,65,65,7,-124.919,-112.781,-116.123,PERSISTING,2,1,-162.211273,-395.052426,0
77,UES1,59,66,66,5,-108.515,-110.605,-119.503,PERSISTING,0,1,356.109322,-318.381515,0
77,UES2,0,67,67,6,-101.544,-100.626,-109.959,PERSISTING,0,1,-264.148223,347.250320,0
77,UES2,1,68,68,2,-114.215,-80.4725,-96.3607,ALTERNATIVE_AVAILABLE,0,1,293.093244,285.291688,0
77,UES2,2,69,69,5,-89.6064,-115.329,-118.082,SERVED,0,1,407.957887,-322.153249,0
77,UES2,3,70,70,6,-67.2441,-92.7853,-132.188,SERVED,0,1,-342.391378,265.425233,0
77,UES2,4,71,71,7,-94.8686,-122.369,-125.585,SERVED,0,1,338.850309,319.106311,0
77,UES2,5,72,72,5,-107.276,-111.338,-123.297,PERSISTING,0,1,371.997364,-320.524436,0
77,UES2,6,73,73,6,-84.2471,-115.913,-127.553,SERVED,0,1,-390.945404,347.288225,0
77,UES2,7,74,74,2,-116.418,-117.306,-113.49,PERSISTING,1,1,292.520790,419.628039,0
77,UES2,8,75,75,4,-119.735,-109.678,-110.382,PERSISTING,1,1,392.284186,-280.695370,0
77,UES2,9,76,76,6,-97.6103,-93.5337,-127.339,SERVED,0,1,-384.939544,311.894820,0
77,UES2,10,77,77,7,-107.094,-114.902,-121.776,PERSISTING,2,1,362.643141,385.799652,0
77,UES2,11,78,78,2,-114.918,-117.526,-115.107,PERSISTING,0,1,376.107883,-406.683652,0
77,UES2,12,79,79,6,-86.3055,-103.17,-129.294,SERVED,0,1,-393.007003,289.001594,0
77,UES2,13,80,80,7,-97.4139,-124.023,-125.766,SERVED,0,1,372.611203,304.638523,0
77,UES2,14,81,81,4,-121.807,-114.886,-108.122,PERSISTING,5,1,409.854903,-333.674346,0
77,UES2,15,82,82,3,-118.065,-91.1744,-112.745,ALTERNATIVE_AVAILABLE,0,1,-334.129433,349.319563,0
77,UES2,16,83,83,2,-113.983,-113.855,-112.798,PERSISTING,2,1,405.525019,343.607651,0
77,UES2,17,84,84,5,-64.9286,-120.881,-125.27,SERVED,0,1,284.482755,-368.805985,0
77,UES2,18,85,85,4,-118.134,-91.2396,-115.433,ALTERNATIVE_AVAILABLE,0,1,-400.692188,397.286158,0
77,UES2,19,86,86,3,-125.531,-115.639,-111.315,PERSISTING,1,1,267.154129,390.203830,0
77,UES2,20,87,87,7,-122.035,-118.377,-110.137,PERSISTING,1,1,381.642480,-394.928468,0
77,UES2,21,88,88,2,-122.949,-120.84,-116.39,PERSISTING,0,1,-383.437481,441.156077,0
77,UES2,22,89,89,7,-113.327,-119.298,-122.365,PERSISTING,3,1,383.561264,381.710580,0
77,UES2,23,90,90,5,-97.728,-119.061,-126.529,SERVED,0,1,380.989887,-319.560372,0
77,UES2,24,91,91,3,-117.486,-119.708,-119.416,MOVE_REQUIRED,13,1,-426.238025,372.203866,1
77,UES2,25,92,92,3,-117.942,-113.14,-111.383,MOVE_REQUIRED,12,1,375.144305,400.701827,1
77,UES2,26,93,93,5,-67.8206,-92.6872,-125.679,SERVED,0,1,322.646974,-278.550430,0
77,UES2,27,94,94,6,-67.1176,-119.55,-130.398,SERVED,0,1,-423.820706,296.902825,0
77,UES2,28,95,95,6,-134.453,-120.736,-116.187,PERSISTING,2,1,358.614674,415.012053,0
77,UES2,29,96,96,5,-107.759,-112.097,-122.555,PERSISTING,1,1,394.283109,-302.871584,0
78,UES1,0,7,7,3,-115.726,-109.866,-116.422,PERSISTING,0,1,-248.445336,-352.893091,0
78,UES1,1,8,8,5,-82.0648,-111.092,-113.937,SERVED,0,1,282.729751,-279.306135,0
78,UES1,2,9,9,6,-106.429,-98.172,-123.726,ALTERNATIVE_AVAILABLE,0,1,-327.060000,345.583231,0
78,UES1,3,10,10,5,-102.276,-110.054,-123.993,PERSISTING,1,1,287.302682,-283.056866,0
78,UES1,4,11,11,7,-87.947,-105.834,-118.096,SERVED,0,1,245.402802,301.670595,0
78,UES1,5,12,12,6,-97.1929,-108.657,-123.321,SERVED,0,1,-274.247378,247.378874,0
78,UES1,6,13,13,2,-106.896,-95.44,-92.136,ALTERNATIVE_AVAILABLE,0,1,89.080358,310.790225,0
78,UES1,7,14,14,1,-108.98,-107.044,-102.248,PERSISTING,1,1,-34.916035,-312.656384,0
78,UES1,8,15,15,2,-120.836,-99.1362,-105.947,ALTERNATIVE_AVAILABLE,0,1,161.459989,-369.160621,0
78,UES1,9,16,16,1,-107.291,-75.8155,-106.9,ALTERNATIVE_AVAILABLE,0,1,265.015502,-73.044140,0
78,UES1,10,17,17,4,-115.417,-110.958,-118.683,PERSISTING,2,1,-103.197587,-359.329377,0
78,UES1,11,18,18,4,-108.768,-92.033,-102.886,ALTERNATIVE_AVAILABLE,0,1,-287.964019,133.554305,0
78,UES1,12,19,19,5,-103.676,-118.824,-115.014,PERSISTING,2,1,432.786781,22.908569,0
78,UES1,13,20,20,2,-109.032,-110.975,-106.664,PERSISTING,3,1,177.544431,310.318954,0
78,UES1,14,21,21,5,-103.034,-110.749,-115.051,PERSISTING,1,1,243.208436,-254.754751,0
78,UES1,15,22,22,1,-110.879,-110.715,-108.174,PERSISTING,3,1,61.713099,-290.347798,0
78,UES1,16,23,23,6,-105.782,-114.408,-127.783,PERSISTING,2,1,-439.261167,-30.857786,0
78,UES1,17,24,24,1,-105.151,-99.4727,-106.856,ALTERNATIVE_AVAILABLE,0,1,266.274278,1.942827,0
78,UES1,18,25,25,1,-105.327,-108.9,-95.2847,ALTERNATIVE_AVAILABLE,0,1,200.352633,-232.805211,0
78,UES1,19,26,26,3,-111.419,-108.073,-116.478,PERSISTING,1,1,-182.429917,-306.826790,0
78,UES1,20,27,27,6,-86.9792,-95.3555,-124.06,SERVED,0,1,-311.429359,283.506694,0
78,UES1,21,28,28,3,-114.563,-112.751,-114.847,PERSISTING,5,1,-196.920914,425.738250,0
78,UES1,22,29,29,2,-113.237,-105.822,-99.0139,ALTERNATIVE_AVAILABLE,0,1,362.690028,239.058291,0
78,UES1,23,30,30,5,-107.417,-111.171,-113.734,PERSISTING,1,1,116.902852,-351.009860,0
78,UES1,24,31,31,6,-88.5657,-79.091,-124.909,SERVED,0,1,-247.331767,266.964262,0
78,UES1,25,32,32,4,-111.37,-110.493,-96.1133,ALTERNATIVE_AVAILABLE,0,1,-51.345433,418.813788,0
78,UES1,26,33,33,2,-110.64,-117.996,-105.578,PERSISTING,3,1,373.396084,202.135553,0
78,UES1,27,34,34,2,-110.811,-112.241,-111.373,PERSISTING,1,1,38.628598,329.028962,0
78,UES1,28,35,35,4,-99.9198,-97.9514,-102.17,SERVED,0,1,-242.015578,86.243195,0
78,UES1,29,36,36,3,-99.3418,-103.02,-98.4308,SERVED,0,1,-46.860295,201.781840,0
78,UES1,30,37,37,4,-112.363,-98.2226,-106.465,ALTERNATIVE_AVAILABLE,0,1,-103.926490,-414.752520,0
78,UES1,31,38,38,2,-117.682,-114.918,-115.528,MOVE_REQUIRED,14,1,391.825840,104.852455,1
78,UES1,32,39,39,2,-114.465,-112.477,-103.855,PERSISTING,2,1,69.473160,-325.284038,0
78,UES1,33,40,40,3,-112.742,-112.126,-106.622,PERSISTING,0,1,-226.059597,200.973593,0
78,UES1,34,41,41,5,-111.953,-113.624,-122.343,PERSISTING,3,1,62.736722,-396.914087,0
78,UES1,35,42,42,5,-108.228,-109.503,-120.724,PERSISTING,0,1,321.753487,-170.273123,0
78,UES1,36,43,43,2,-77.6251,-111.364,-102.854,SERVED,0,1,360.412652,289.615313,0
78,UES1,37,44,44,3,-97.6248,-111.262,-112.013,SERVED,0,1,76.787315,-358.913044,0
78,UES1,38,45,45,4,-103.223,-112.39,-119.197,PERSISTING,1,1,-262.496647,-188.400909,0
78,UES1,39,46,46,4,-87.1387,-107.994,-109.689,SERVED,0,1,-306.314115,-7.076369,0
78,UES1,40,47,47,4,-120.641,-114.711,-79.0825,ALTERNATIVE_AVAILABLE,0,1,-290.655724,322.869931,0
78,UES1,41,48,48,3,-118.425,-115.876,-116.356,PERSISTING,0,1,-417.375398,-321.954500,0
78,UES1,42,49,49,2,-78.6536,-88.8646,-103.433,SERVED,0,1,122.088665,235.142018,0
78,UES1,43,50,50,1,-109.388,-106.172,-100.901,PERSISTING,0,1,190.655607,-230.355450,0
78,UES1,44,51,51,6,-116.996,-97.2572,-124.592,ALTERNATIVE_AVAILABLE,0,1,-102.289746,302.984944,0
78,UES1,45,52,52,4,-106.578,-111.811,-116.133,PERSISTING,1,1,-214.573922,-304.098124,0
78,UES1,46,53,53,1,-117.998,-113.858,-116.164,MOVE_REQUIRED,7,1,-210.440677,-357.895394,1
78,UES1,47,54,54,4,-107.636,-108.62,-84.3142,ALTERNATIVE_AVAILABLE,0,1,-192.406831,-285.674317,0
78,UES1,48,55,55,4,-107.017,-86.613,-108.8,ALTERNATIVE_AVAILABLE,0,1,-343.333187,-178.500889,0
78,UES1,49,56,56,2,-104.382,-102.415,-91.2367,ALTERNATIVE_AVAILABLE,0,1,217.598249,-184.446780,0
78,UES1,50,57,57,3,-109.877,-109.158,-117.565,PERSISTING,1,1,-136.784329,-307.564420,0
78,UES1,51,58,58,2,-113.578,-117.821,-90.8442,ALTERNATIVE_AVAILABLE,0,1,375.659585,166.779726,0
78,UES1,52,59,59,6,-90.9467,-120.26,-123.968,SERVED,0,1,-317.850266,318.050112,0
78,UES1,53,60,60,4,-116.754,-116.072,-110.219,PERSISTING,2,1,-464.688829,-107.099342,0
78,UES1,54,61,61,1,-78.4298,-91.7539,-110.487,SERVED,0,1,0.696184,-327.853253,0
78,UES1,55,62,62,2,-106.061,-98.748,-94.0751,ALTERNATIVE_AVAILABLE,0,1,289.102096,-157.216479,0
78,UES1,56,63,63,4,-112.345,-108.827,-114.074,PERSISTING,2,1,-6.655768,-302.258908,0
78,UES1,57,64,64,3,-111.649,-111.512,-113.261,PERSISTING,0,1,-216.134834,372.558332,0
78,UES1,58,65,65,7,-119.247,-81.9147,-114.024,ALTERNATIVE_AVAILABLE,0,1,-163.349960,-399.920980,0
78,UES1,59,66,66,5,-78.1256,-113.108,-115.411,SERVED,0,1,359.788527,-321.767965,0
78,UES2,0,67,67,6,-97.0417,-117.989,-120.661,SERVED,0,1,-267.195887,349.840237,0
78,UES2,1,68,68,2,-111.566,-116.824,-76.9342,ALTERNATIVE_AVAILABLE,0,1,291.857672,289.095877,0
78,UES2,2,69,69,5,-109.067,-114.106,-118.203,PERSISTING,0,1,404.273898,-323.708272,0
78,UES2,3,70,70,6,-71.5962,-116.359,-128.963,SERVED,0,1,-344.874482,268.560752,0
78,UES2,4,71,71,7,-100.554,-122.111,-127.44,PERSISTING,0,1,342.119252,321.412778,0
78,UES2,5,72,72,5,-108.017,-95.5353,-96.0131,ALTERNATIVE_AVAILABLE,0,1,371.679202,-316.537113,0
78,UES2,6,73,73,6,-87.4251,-115.454,-125.926,SERVED,0,1,-389.568692,351.043990,0
78,UES2,7,74,74,2,-83.1403,-116.241,-112.447,SERVED,0,1,295.189291,416.647073,0
78,UES2,8,75,75,4,-117.05,-109.131,-83.1962,ALTERNATIVE_AVAILABLE,0,1,391.487583,-276.775512,0
78,UES2,9,76,76,6,-65.2198,-122.605,-122.727,SERVED,0,1,-381.076139,312.932841,0
78,UES2,10,77,77,7,-118.331,-115.334,-120.611,PERSISTING,3,1,365.947966,388.053758,0
78,UES2,11,78,78,2,-116.503,-114.284,-112.915,PERSISTING,1,1,372.911903,-404.279086,0
78,UES2,12,79,79,6,-106.31,-115.031,-127.175,PERSISTING,0,1,-395.880036,286.218279,0
78,UES2,13,80,80,7,-104.262,-125.072,-119.909,PERSISTING,0,1,370.513243,308.043850,0
78,UES2,14,81,81,4,-96.8603,-113.155,-110.71,SERVED,0,1,409.248480,-337.628046,0
78,UES2,15,82,82,3,-116.29,-112.742,-111.344,PERSISTING,0,1,-334.201199,353.318909,0
78,UES2,16,83,83,2,-113.691,-119.083,-114.263,PERSISTING,3,1,402.588592,346.323448,0
78,UES2,17,84,84,5,-99.8748,-119.57,-126.94,SERVED,0,1,283.128770,-372.569630,0
78,UES2,18,85,85,4,-118.122,-116.281,-112.15,PERSISTING,0,1,-400.175473,401.252795,0
78,UES2,19,86,86,3,-119.629,-116.847,-103.637,PERSISTING,2,1,270.847688,388.665662,0
78,UES2,20,87,87,7,-120.327,-115.052,-101.656,PERSISTING,2,1,385.392255,-396.321516,0
78,UES2,21,88,88,2,-120.154,-119.801,-116.196,PERSISTING,1,1,-379.550154,440.207504,0
78,UES2,22,89,89,7,-102.075,-120.992,-123.235,PERSISTING,4,1,386.452239,384.475485,0
78,UES2,23,90,90,5,-97.0288,-123.083,-121.952,SERVED,0,1,384.379636,-321.683709,0
78,UES2,24,91,91,3,-122.747,-87.9801,-109.351,ALTERNATIVE_AVAILABLE,0,1,-422.256206,371.810720,0
78,UES2,25,92,92,3,-123.165,-106.195,-116.868,MOVE_REQUIRED,13,1,372.475805,397.722688,1
78,UES2,26,93,93,5,-71.9806,-119.635,-121.076,SERVED,0,1,321.638661,-282.421145,0
78,UES2,27,94,94,6,-95.5613,-118.224,-128.285,SERVED,0,1,-425.772742,300.394257,0
78,UES2,28,95,95,6,-131.561,-119.78,-109.552,PERSISTING,3,1,354.626875,415.315871,0
78,UES2,29,96,96,5,-101.76,-111.244,-119.181,PERSISTING,2,1,391.001009,-305.156343,0
79,UES1,0,7,7,3,-112.061,-110.341,-118.551,PERSISTING,1,1,-251.299232,-356.997986,0
79,UES1,1,8,8,5,-102.591,-111.478,-118.12,PERSISTING,0,1,285.981948,-283.104621,0
79,UES1,2,9,9,6,-90.8253,-116.91,-130.832,SERVED,0,1,-330.315786,349.377287,0
79,UES1,3,10,10,5,-101.207,-115.826,-117.06,PERSISTING,2,1,291.201970,-286.187954,0
79,UES1,4,11,11,7,-76.2275,-109.016,-128.074,SERVED,0,1,249.208794,304.913191,0
79,UES1,5,12,12,6,-115.035,-109.029,-123.235,PERSISTING,0,1,-277.339298,251.308250,0
79,UES1,6,13,13,2,-102.818,-110.37,-112.313,PERSISTING,0,1,89.076769,315.790224,0
79,UES1,7,14,14,1,-109.237,-108.035,-119.028,PERSISTING,2,1,-36.042762,-317.527778,0
79,UES1,8,15,15,1,-110.019,-114.38,-120.145,PERSISTING,0,1,163.845013,-373.555365,0
79,UES1,9,16,16,1,-104.181,-73.9572,-116.056,ALTERNATIVE_AVAILABLE,0,1,269.596567,-75.049581,0
79,UES1,10,17,17,4,-113.495,-113.499,-119.443,PERSISTING,3,1,-104.119780,-364.243567,0
79,UES1,11,18,18,4,-107.016,-106.833,-97.8647,ALTERNATIVE_AVAILABLE,0,1,-292.719715,135.095054,0
79,UES1,12,19,19,5,-112.201,-119.032,-116.129,PERSISTING,3,1,437.541281,24.459684,0
79,UES1,13,20,20,7,-106.988,-111.598,-121.172,PERSISTING,4,1,179.933044,314.711509,0
79,UES1,14,21,21,5,-91.7963,-110.223,-116.254,SERVED,0,1,245.379359,-250.250179,0
79,UES1,15,22,22,1,-86.605,-110.309,-120.476,SERVED,0,1,58.146327,-293.851343,0
79,UES1,16,23,23,6,-102.854,-117.678,-126.055,PERSISTING,3,1,-444.251299,-30.560634,0
79,UES1,17,24,24,1,-111.039,-98.0528,-113.611,ALTERNATIVE_AVAILABLE,0,1,271.236899,2.553194,0
79,UES1,18,25,25,5,-107.419,-103.17,-116.112,PERSISTING,0,1,203.108448,-236.977323,0
79,UES1,19,26,26,3,-112.618,-109.663,-119.314,PERSISTING,2,1,-184.691743,-311.285954,0
79,UES1,20,27,27,6,-89.0022,-89.9297,-108.331,SERVED,0,1,-315.265253,286.713177,0
79,UES1,21,28,28,3,-112.757,-114.877,-109.51,MOVE_REQUIRED,6,1,-198.469864,430.492275,1
79,UES1,22,29,29,2,-112.327,-113.057,-95.3263,ALTERNATIVE_AVAILABLE,0,1,366.358468,242.456111,0
79,UES1,23,30,30,5,-107.236,-113.241,-119.132,PERSISTING,2,1,118.322623,-355.804338,0
79,UES1,24,31,31,6,-84.899,-107.879,-124.084,SERVED,0,1,-251.664043,269.459798,0
79,UES1,25,32,32,4,-112.697,-77.8099,-118.038,ALTERNATIVE_AVAILABLE,0,1,-51.698282,423.801267,0
79,UES1,26,33,33,7,-98.9004,-111.55,-127.275,SERVED,0,1,376.935346,205.667356,0
79,UES1,27,34,34,2,-107.904,-112.146,-108.905,PERSISTING,2,1,38.424065,334.024735,0
79,UES1,28,35,35,4,-101.355,-87.0039,-106.077,ALTERNATIVE_AVAILABLE,0,1,-237.267059,84.675850,0
79,UES1,29,36,36,3,-104.839,-108.361,-114.122,PERSISTING,0,1,-49.302732,206.144695,0
79,UES1,30,37,37,4,-112.681,-117.03,-110.459,PERSISTING,0,1,-105.916801,-419.338861,0
79,UES1,31,38,38,2,-121.328,-123.883,-111.808,MOVE_REQUIRED,15,1,396.582732,106.393303,1
79,UES1,32,39,39,2,-110.732,-108.952,-116.855,PERSISTING,3,1,69.898972,-330.265879,0
79,UES1,33,40,40,3,-111.546,-108.597,-96.6908,ALTERNATIVE_AVAILABLE,0,1,-230.994708,200.175011,0
79,UES1,34,41,41,5,-109.378,-116.172,-120.405,PERSISTING,4,1,64.420831,-401.622242,0
79,UES1,35,42,42,5,-95.8215,-108.01,-98.451,SERVED,0,1,326.159921,-172.636695,0
79,UES1,36,43,43,2,-75.2967,-121.416,-106.747,SERVED,0,1,364.240174,292.832725,0
79,UES1,37,44,44,3,-113.47,-112.359,-117.564,PERSISTING,0,1,77.868590,-363.794823,0
79,UES1,38,45,45,4,-106.443,-107.467,-117.234,PERSISTING,2,1,-266.769118,-190.997060,0
79,UES1,39,46,46,4,-89.1159,-105.04,-104.895,SERVED,0,1,-311.307835,-6.846076,0
79,UES1,40,47,47,4,-94.2076,-81.6236,-106.434,SERVED,0,1,-293.171123,327.190538,0
79,UES1,41,48,48,3,-119.306,-117.856,-117.844,PERSISTING,1,1,-421.461278,-324.835455,0
79,UES1,42,49,49,2,-103.572,-78.9393,-106.811,ALTERNATIVE_AVAILABLE,0,1,124.191410,239.678367,0
79,UES1,43,50,50,2,-107.893,-106.677,-115.857,PERSISTING,1,1,191.602918,-225.445787,0
79,UES1,44,51,51,6,-89.0287,-112.732,-121.879,SERVED,0,1,-104.104231,307.644088,0
79,UES1,45,52,52,4,-113.234,-108.254,-117.068,PERSISTING,2,1,-217.894298,-307.835567,0
79,UES1,46,53,53,1,-115.007,-111.58,-115.751,MOVE_REQUIRED,8,1,-212.934547,-362.229035,1
79,UES1,47,54,54,4,-111.946,-86.598,-112.277,ALTERNATIVE_AVAILABLE,0,1,-193.837367,-290.465304,0
79,UES1,48,55,55,4,-106.431,-109.133,-117.494,PERSISTING,0,1,-347.033922,-181.863113,0
79,UES1,49,56,56,2,-105.346,-78.5342,-117.235,ALTERNATIVE_AVAILABLE,0,1,221.110000,-188.006229,0
79,UES1,50,57,57,3,-113.929,-106.441,-116.291,PERSISTING,2,1,-140.457553,-304.172378,0
79,UES1,51,58,58,2,-114.057,-117.863,-106.29,PERSISTING,0,1,377.763526,171.315926,0
79,UES1,52,59,59,6,-73.2233,-116.693,-122.956,SERVED,0,1,-321.839261,321.064727,0
79,UES1,53,60,60,4,-115.086,-120.811,-113.218,PERSISTING,3,1,-469.531840,-108.338516,0
79,UES1,54,61,61,1,-109.408,-107.533,-117.693,PERSISTING,0,1,-0.249932,-332.762882,0
79,UES1,55,62,62,2,-70.0096,-106.33,-113.68,SERVED,0,1,292.904499,-160.463752,0
79,UES1,56,63,63,4,-107.859,-108.645,-119.925,PERSISTING,3,1,-6.198857,-307.238043,0
79,UES1,57,64,64,3,-110.375,-77.1418,-111.336,ALTERNATIVE_AVAILABLE,0,1,-217.913435,377.231071,0
79,UES1,58,65,65,7,-91.2874,-77.26,-120.683,SERVED,0,1,-164.488648,-404.789533,0
79,UES1,59,66,66,5,-108.339,-113.867,-120.674,PERSISTING,0,1,363.467732,-325.154419,0
79,UES2,0,67,67,6,-98.0243,-121.785,-128.726,SERVED,0,1,-270.243551,352.430124,0
79,UES2,1,68,68,2,-111.18,-113.949,-96.0699,ALTERNATIVE_AVAILABLE,0,1,290.622100,292.900048,0
79,UES2,2,69,69,5,-106.276,-86.5579,-118.886,ALTERNATIVE_AVAILABLE,0,1,400.589908,-325.263280,0
79,UES2,3,70,70,6,-72.8899,-122.843,-129.679,SERVED,0,1,-347.357587,271.696263,0
79,UES2,4,71,71,7,-94.7424,-124.558,-132.231,SERVED,0,1,345.388194,323.719259,0
79,UES2,5,72,72,5,-92.6393,-112.328,-112.338,SERVED,0,1,371.361039,-312.549790,0
79,UES2,6,73,73,6,-113.946,-115.528,-125.55,PERSISTING,0,1,-388.191981,354.799758,0
79,UES2,7,74,74,2,-113.803,-117.705,-113.033,PERSISTING,0,1,297.857791,413.666096,0
79,UES2,8,75,75,4,-118.465,-112.407,-118.072,PERSISTING,0,1,390.690980,-272.855655,0
79,UES2,9,76,76,6,-95.6392,-116.588,-126.113,SERVED,0,1,-378.640161,311.119201,0
79,UES2,10,77,77,7,-107.963,-115.288,-129.324,PERSISTING,4,1,369.252792,390.307872,0
79,UES2,11,78,78,2,-116.664,-115.87,-120.76,PERSISTING,2,1,369.715922,-401.874524,0
79,UES2,12,79,79,6,-93.3874,-108.523,-127.281,SERVED,0,1,-398.753070,283.434964,0
79,UES2,13,80,80,7,-104.978,-122.877,-131.762,PERSISTING,1,1,368.415282,311.449166,0
79,UES2,14,81,81,4,-118.723,-117.943,-123.165,PERSISTING,0,1,408.642057,-341.581743,0
79,UES2,15,82,82,3,-80.3259,-119.422,-112.888,SERVED,0,1,-334.272965,357.318255,0
79,UES2,16,83,83,2,-115.453,-120.141,-108.213,PERSISTING,4,1,399.652165,349.039237,0
79,UES2,17,84,84,5,-96.6028,-119.66,-123.013,SERVED,0,1,281.774784,-376.333264,0
79,UES2,18,85,85,4,-119.511,-120.679,-115.743,PERSISTING,1,1,-399.659714,405.219441,0
79,UES2,19,86,86,3,-118.185,-115.714,-106.99,PERSISTING,3,1,274.541246,387.127485,0
79,UES2,20,87,87,7,-122.313,-115.858,-131.429,PERSISTING,3,1,389.142030,-397.714575,0
79,UES2,21,88,88,2,-120.535,-118.883,-92.3357,ALTERNATIVE_AVAILABLE,0,1,-375.662828,439.258917,0
79,UES2,22,89,89,7,-96.2686,-115.858,-128.483,SERVED,0,1,389.343214,387.240399,0
79,UES2,23,90,90,5,-106.237,-117.544,-123.409,PERSISTING,0,1,387.769385,-323.807049,0
79,UES2,24,91,91,3,-113.926,-118.559,-102.035,PERSISTING,0,1,-418.274387,371.417565,0
79,UES2,25,92,92,3,-116.283,-115.644,-110.795,MOVE_REQUIRED,14,1,369.807304,394.743583,1
79,UES2,26,93,93,5,-75.487,-119.399,-124.421,SERVED,0,1,320.630349,-286.291858,0
79,UES2,27,94,94,6,-97.2155,-123.767,-126.71,SERVED,0,1,-427.724778,303.885688,0
79,UES2,28,95,95,6,-130.853,-111.33,-110.058,PERSISTING,4,1,350.639076,415.619686,0
79,UES2,29,96,96,5,-82.7811,-114.151,-120.252,SERVED,0,1,387.718910,-307.441089,0
80,UES1,0,7,7,3,-111.608,-113.319,-118.519,PERSISTING,2,1,-254.153128,-361.102879,0
80,UES1,1,8,8,5,-102.365,-111.266,-119.205,PERSISTING,1,1,289.234145,-286.903109,0
80,UES1,2,9,9,6,-93.6609,-112.953,-125.189,SERVED,0,1,-333.571572,353.171338,0
80,UES1,3,10,10,5,-106.528,-112.182,-117.856,PERSISTING,3,1,295.101258,-289.319045,0
80,UES1,4,11,11,7,-76.1837,-103.906,-122.014,SERVED,0,1,253.014786,308.155787,0
80,UES1,5,12,12,6,-102.731,-111.944,-121.396,PERSISTING,1,1,-280.431217,255.237626,0
80,UES1,6,13,13,2,-112.262,-106.024,-111.203,PERSISTING,1,1,89.073181,320.790222,0
80,UES1,7,14,14,1,-113.57,-89.7434,-117.218,ALTERNATIVE_AVAILABLE,0,1,-37.169488,-322.399173,0
80,UES1,8,15,15,1,-115.324,-113.887,-116.431,PERSISTING,1,1,166.230038,-377.950110,0
80,UES1,9,16,16,1,-109.117,-108.572,-114.265,PERSISTING,0,1,274.177632,-77.055024,0
80,UES1,10,17,17,4,-118.364,-108.345,-122.87,PERSISTING,4,1,-105.041974,-369.157756,0
80,UES1,11,18,18,4,-105.943,-105.879,-98.9458,ALTERNATIVE_AVAILABLE,0,1,-297.475411,136.635800,0
80,UES1,12,19,19,5,-107.237,-118.609,-112.974,PERSISTING,4,1,442.295781,26.010805,0
80,UES1,13,20,20,7,-91.7741,-109.349,-119.74,SERVED,0,1,182.321656,319.104063,0
80,UES1,14,21,21,5,-82.3253,-73.5226,-119.188,SERVED,0,1,247.550281,-245.745601,0
80,UES1,15,22,22,1,-108.595,-108.091,-119.73,PERSISTING,0,1,54.579556,-297.354888,0
80,UES1,16,23,23,6,-107.114,-99.5937,-127.522,ALTERNATIVE_AVAILABLE,0,1,-449.241430,-30.263484,0
80,UES1,17,24,24,1,-107.563,-104.572,-106.339,PERSISTING,0,1,276.199520,3.163562,0
80,UES1,18,25,25,5,-96.6304,-105.64,-115.697,SERVED,0,1,205.864264,-241.149437,0
80,UES1,19,26,26,3,-112.828,-94.0668,-117.836,ALTERNATIVE_AVAILABLE,0,1,-186.953569,-315.745117,0
80,UES1,20,27,27,6,-94.7976,-120.137,-132.721,SERVED,0,1,-319.101148,289.919657,0
80,UES1,21,28,28,3,-118.001,-114.735,-115.068,MOVE_REQUIRED,7,1,-200.018814,435.246300,1
80,UES1,22,29,29,2,-111.425,-115.96,-98.3499,ALTERNATIVE_AVAILABLE,0,1,370.026908,245.853933,0
80,UES1,23,30,30,5,-104.084,-95.8096,-119.121,ALTERNATIVE_AVAILABLE,0,1,119.742395,-360.598819,0
80,UES1,24,31,31,6,-101.821,-107.099,-127.667,PERSISTING,0,1,-255.996319,271.955332,0
80,UES1,25,32,32,4,-113.588,-111.383,-109.195,PERSISTING,0,1,-52.051132,428.788745,0
80,UES1,26,33,33,7,-110.741,-109.685,-126.399,PERSISTING,0,1,380.474607,209.199159,0
80,UES1,27,34,34,2,-107.723,-82.079,-114.206,ALTERNATIVE_AVAILABLE,0,1,38.219532,339.020508,0
80,UES1,28,35,35,4,-101.001,-88.4269,-108.729,ALTERNATIVE_AVAILABLE,0,1,-232.518540,83.108505,0
80,UES1,29,36,36,3,-102.756,-109.862,-113.307,PERSISTING,1,1,-51.745169,210.507549,0
80,UES1,30,37,37,4,-115.604,-112.706,-119.516,PERSISTING,1,1,-107.907113,-423.925199,0
80,UES1,31,38,38,2,-116.983,-114.921,-114.474,MOVE_REQUIRED,16,1,401.339624,107.934152,1
80,UES1,32,39,39,2,-116.583,-110.332,-122.493,PERSISTING,4,1,70.324784,-335.247720,0
80,UES1,33,40,40,3,-111.099,-107.568,-91.4848,ALTERNATIVE_AVAILABLE,0,1,-235.929819,199.376429,0
80,UES1,34,41,41,5,-119.462,-109.125,-123.682,PERSISTING,5,1,66.104941,-406.330399,0
80,UES1,35,42,42,5,-91.5381,-75.6727,-91.7258,SERVED,0,1,330.566356,-175.000269,0
80,UES1,36,43,43,2,-112.736,-111.46,-104.81,PERSISTING,0,1,368.067696,296.050141,0
80,UES1,37,44,44,3,-117.972,-112.699,-80.1479,ALTERNATIVE_AVAILABLE,0,1,78.949865,-368.676618,0
80,UES1,38,45,45,4,-96.518,-109.395,-117.058,SERVED,0,1,-271.041589,-193.593202,0
80,UES1,39,46,46,4,-108.218,-106.928,-107.915,PERSISTING,0,1,-316.301555,-6.615783,0
80,UES1,40,47,47,4,-109.911,-80.7249,-109.146,ALTERNATIVE_AVAILABLE,0,1,-295.686523,331.511142,0
80,UES1,41,48,48,3,-87.5343,-116.893,-118.458,SERVED,0,1,-425.547157,-327.716406,0
80,UES1,42,49,49,2,-104.935,-107.996,-110.77,PERSISTING,0,1,126.294155,244.214717,0
80,UES1,43,50,50,2,-107.438,-103.569,-116.112,PERSISTING,2,1,192.550230,-220.536124,0
80,UES1,44,51,51,6,-111.062,-109.077,-122.815,PERSISTING,0,1,-105.918715,312.303233,0
80,UES1,45,52,52,4,-105.209,-112.14,-118.269,PERSISTING,3,1,-221.214673,-311.573006,0
80,UES1,46,53,53,1,-113.648,-112.11,-118.837,MOVE_REQUIRED,9,1,-215.428417,-366.562676,1
80,UES1,47,54,54,4,-107.708,-109.879,-116.956,PERSISTING,0,1,-195.267903,-295.256291,0
80,UES1,48,55,55,4,-92.8617,-108.249,-117.558,SERVED,0,1,-350.734657,-185.225338,0
80,UES1,49,56,56,2,-79.9044,-103.944,-117.432,SERVED,0,1,224.621752,-191.565679,0
80,UES1,50,57,57,3,-114.348,-106.918,-118.229,PERSISTING,3,1,-144.130778,-300.780335,0
80,UES1,51,58,58,2,-110.615,-118.927,-110.579,PERSISTING,1,1,379.867467,175.852131,0
80,UES1,52,59,59,6,-98.9494,-116.201,-124.001,SERVED,0,1,-325.828256,324.079343,0
80,UES1,53,60,60,4,-121.337,-117.874,-115.547,PERSISTING,4,1,-474.374851,-109.577686,0
80,UES1,54,61,61,1,-109.319,-110.669,-119.534,PERSISTING,1,1,-1.196047,-337.672511,0
80,UES1,55,62,62,2,-105.908,-110.595,-117.433,PERSISTING,0,1,296.706903,-163.711032,0
80,UES1,56,63,63,4,-109.389,-108.502,-120.222,PERSISTING,4,1,-5.741947,-312.217179,0
80,UES1,57,64,64,3,-113.127,-111.658,-115.402,PERSISTING,0,1,-219.692037,381.903808,0
80,UES1,58,65,65,7,-127.386,-114.311,-124.77,PERSISTING,0,1,-165.627336,-409.658086,0
80,UES1,59,66,66,5,-100.653,-80.8861,-116.007,ALTERNATIVE_AVAILABLE,0,1,367.146937,-328.540878,0
80,UES2,0,67,67,6,-100.906,-109.983,-118.003,PERSISTING,0,1,-273.291215,355.019978,0
80,UES2,1,68,68,2,-110.633,-114.799,-104.706,PERSISTING,0,1,289.386528,296.704199,0
80,UES2,2,69,69,5,-102.811,-98.8518,-122.212,ALTERNATIVE_AVAILABLE,0,1,396.905919,-326.818273,0
80,UES2,3,70,70,6,-84.5476,-98.4502,-128.866,SERVED,0,1,-349.840692,274.831764,0
80,UES2,4,71,71,7,-103.602,-124.118,-133.111,PERSISTING,0,1,348.657137,326.025754,0
80,UES2,5,72,72,5,-107.403,-110.659,-119.703,PERSISTING,0,1,371.042876,-308.562467,0
80,UES2,6,73,73,6,-111.109,-113.016,-126.499,PERSISTING,1,1,-386.815269,358.555531,0
80,UES2,7,74,74,2,-114.257,-118.369,-91.159,ALTERNATIVE_AVAILABLE,0,1,300.526291,410.685106,0
80,UES2,8,75,75,4,-121.281,-112.06,-121.914,PERSISTING,1,1,389.894377,-268.935800,0
80,UES2,9,76,76,6,-76.5574,-121.268,-122.641,SERVED,0,1,-377.155800,307.404404,0
80,UES2,10,77,77,7,-107.265,-117.737,-129.988,PERSISTING,5,1,372.557618,392.561994,0
80,UES2,11,78,78,2,-117.775,-113.025,-120.048,PERSISTING,3,1,366.519942,-399.469969,0
80,UES2,12,79,79,6,-89.4438,-92.3263,-125.166,SERVED,0,1,-401.626103,280.651649,0
80,UES2,13,80,80,7,-100.64,-123.189,-135.23,PERSISTING,2,1,366.317322,314.854471,0
80,UES2,14,81,81,4,-117.838,-113.692,-118.25,PERSISTING,1,1,408.035634,-345.535438,0
80,UES2,15,82,82,3,-114.884,-110.502,-109.677,PERSISTING,0,1,-334.344731,361.317600,0
80,UES2,16,83,83,2,-115.335,-120.636,-108.122,PERSISTING,5,1,396.715739,351.755017,0
80,UES2,17,84,84,5,-90.4745,-115.804,-122.348,SERVED,0,1,280.420798,-380.096886,0
80,UES2,18,85,85,4,-95.0175,-118.415,-117.874,SERVED,0,1,-399.144195,409.186088,0
80,UES2,19,86,86,3,-119.081,-114.863,-112.259,PERSISTING,4,1,278.234805,385.589300,0
80,UES2,20,87,87,7,-123.436,-87.9865,-129.695,ALTERNATIVE_AVAILABLE,0,1,392.891805,-399.107644,0
80,UES2,21,88,88,2,-118.779,-81.7422,-105.988,ALTERNATIVE_AVAILABLE,0,1,-371.775501,438.310318,0
80,UES2,22,89,89,7,-110.909,-105.246,-130.854,PERSISTING,0,1,392.234189,390.005321,0
80,UES2,23,90,90,5,-100.482,-120.199,-121.274,PERSISTING,1,1,391.159134,-325.930394,0
80,UES2,24,91,91,3,-115.78,-117.449,-113.189,PERSISTING,1,1,-414.292569,371.024398,0
80,UES2,25,92,92,3,-121.69,-111.772,-110.857,MOVE_REQUIRED,15,1,367.138804,391.764516,1
80,UES2,26,93,93,5,-72.1064,-103.04,-125.543,SERVED,0,1,319.622036,-290.162567,0
80,UES2,27,94,94,6,-87.4366,-120.605,-129.353,SERVED,0,1,-429.676814,307.377119,0
80,UES2,28,95,95,6,-132.76,-116.161,-115.26,PERSISTING,5,1,346.651276,415.923497,0
80,UES2,29,96,96,5,-109.387,-114.07,-120.137,PERSISTING,0,1,384.436810,-309.725822,0
81,UES1,0,7,7,3,-111.476,-113.146,-119.619,PERSISTING,3,1,-257.007024,-365.207768,0
81,UES1,1,8,8,5,-103.895,-84.6527,-116.544,ALTERNATIVE_AVAILABLE,0,1,292.486343,-290.701601,0
81,UES1,2,9,9,6,-80.282,-113.687,-122.244,SERVED,0,1,-336.827357,356.965386,0
81,UES1,3,10,10,5,-97.1213,-109.251,-123.166,SERVED,0,1,299.000545,-292.450139,0
81,UES1,4,11,11,7,-109.516,-108.718,-125.608,PERSISTING,0,1,256.820778,311.398383,0
81,UES1,5,12,12,6,-112.482,-107.698,-125.979,PERSISTING,2,1,-283.523137,259.167001,0
81,UES1,6,13,13,2,-110.388,-111.604,-105.005,PERSISTING,2,1,89.069593,325.790221,0
81,UES1,7,14,14,1,-112.843,-113.816,-120.349,PERSISTING,0,1,-38.296215,-327.270567,0
81,UES1,8,15,15,1,-111.218,-111.145,-120.035,PERSISTING,2,1,168.615062,-382.344857,0
81,UES1,9,16,16,1,-109.546,-103.51,-114.222,PERSISTING,1,1,278.758697,-79.060470,0
81,UES1,10,17,17,1,-111.261,-110.889,-117.713,PERSISTING,5,1,-105.964167,-374.071945,0
81,UES1,11,18,18,4,-99.9186,-113.005,-95.566,SERVED,0,1,-302.231106,138.176545,0
81,UES1,12,19,19,5,-107.889,-121.825,-119.503,PERSISTING,5,1,447.050280,27.561933,0
81,UES1,13,20,20,7,-107.496,-105.277,-125.936,PERSISTING,0,1,184.710269,323.496618,0
81,UES1,14,21,21,5,-101.504,-109.722,-116.443,PERSISTING,0,1,249.721204,-241.241019,0
81,UES1,15,22,22,1,-105.69,-95.4147,-117.297,ALTERNATIVE_AVAILABLE,0,1,51.012784,-300.858431,0
81,UES1,16,23,23,6,-105.289,-110.663,-131.702,PERSISTING,0,1,-454.231561,-29.966337,0
81,UES1,17,24,24,1,-104.841,-106.268,-107.203,PERSISTING,1,1,281.162141,3.773929,0
81,UES1,18,25,25,5,-101.264,-91.5421,-113.322,ALTERNATIVE_AVAILABLE,0,1,208.620080,-245.321550,0
81,UES1,19,26,26,3,-114.101,-110.317,-116.612,PERSISTING,0,1,-189.215395,-320.204281,0
81,UES1,20,27,27,6,-82.0459,-119.34,-106.131,SERVED,0,1,-322.937042,293.126135,0
81,UES1,21,28,28,3,-118.376,-117.539,-99.334,ALTERNATIVE_AVAILABLE,0,1,-201.567765,440.000324,0
81,UES1,22,29,29,2,-112.607,-117.633,-106.304,PERSISTING,0,1,373.695349,249.251756,0
81,UES1,23,30,30,5,-78.2447,-110.54,-119.531,SERVED,0,1,121.162166,-365.393301,0
81,UES1,24,31,31,6,-95.8461,-110.602,-125.339,SERVED,0,1,-260.328595,274.450865,0
81,UES1,25,32,32,4,-114.123,-87.6998,-113.627,ALTERNATIVE_AVAILABLE,0,1,-52.403982,433.776223,0
81,UES1,26,33,33,7,-103.756,-116.784,-128.265,PERSISTING,1,1,384.013869,212.730962,0
81,UES1,27,34,34,2,-108.502,-113.371,-109.455,PERSISTING,0,1,38.014999,344.016279,0
81,UES1,28,35,35,3,-104.108,-101.877,-111.766,PERSISTING,0,1,-227.770021,81.541160,0
81,UES1,29,36,36,3,-98.9243,-107.816,-93.1979,SERVED,0,1,-54.187607,214.870404,0
81,UES1,30,37,37,4,-113.965,-115.175,-119.283,PERSISTING,2,1,-109.897424,-428.511533,0
81,UES1,31,38,38,2,-117.489,-122.867,-103.614,MOVE_REQUIRED,17,1,406.096516,109.475002,1
81,UES1,32,39,39,2,-111.473,-99.9694,-89.3459,ALTERNATIVE_AVAILABLE,0,1,70.750595,-340.229561,0
81,UES1,33,40,40,3,-106.636,-119.795,-83.0283,ALTERNATIVE_AVAILABLE,0,1,-240.864930,198.577848,0
81,UES1,34,41,41,5,-110.039,-97.8465,-115.364,ALTERNATIVE_AVAILABLE,0,1,67.789051,-411.038558,0
81,UES1,35,42,42,5,-91.3211,-110.48,-122.83,SERVED,0,1,334.972790,-177.363845,0
81,UES1,36,43,43,2,-113.361,-105.688,-101.212,PERSISTING,1,1,371.895217,299.267560,0
81,UES1,37,44,44,3,-116.659,-90.356,-114.119,ALTERNATIVE_AVAILABLE,0,1,80.031139,-373.558434,0
81,UES1,38,45,45,4,-108.429,-105.968,-117.443,PERSISTING,0,1,-275.314060,-196.189335,0
81,UES1,39,46,46,4,-103.974,-108.439,-112.888,PERSISTING,1,1,-321.295274,-6.385490,0
81,UES1,40,47,47,4,-115.183,-91.6124,-90.0438,ALTERNATIVE_AVAILABLE,0,1,-298.201922,335.831742,0
81,UES1,41,48,48,3,-117.084,-113.104,-118.406,PERSISTING,0,1,-429.633036,-330.597354,0
81,UES1,42,49,49,2,-102.006,-84.9668,-109.666,ALTERNATIVE_AVAILABLE,0,1,128.396900,248.751067,0
81,UES1,43,50,50,2,-109.437,-104.094,-118.247,PERSISTING,3,1,193.497541,-215.626459,0
81,UES1,44,51,51,6,-98.0218,-110.388,-120.455,SERVED,0,1,-107.733200,316.962377,0
81,UES1,45,52,52,4,-111.312,-110.121,-119.101,PERSISTING,4,1,-224.535048,-315.310441,0
81,UES1,46,53,53,1,-116.193,-111.292,-120.234,MOVE_REQUIRED,10,1,-217.922286,-370.896317,1
81,UES1,47,54,54,4,-106.083,-111.977,-120.656,PERSISTING,1,1,-196.698439,-300.047278,0
81,UES1,48,55,55,4,-83.4886,-88.2511,-113.613,SERVED,0,1,-354.435392,-188.587562,0
81,UES1,49,56,56,2,-104.315,-83.732,-95.432,ALTERNATIVE_AVAILABLE,0,1,228.133503,-195.125130,0
81,UES1,50,57,57,3,-115.577,-106.091,-100.98,PERSISTING,4,1,-147.804003,-297.388294,0
81,UES1,51,58,58,2,-115.129,-119.921,-112.912,PERSISTING,2,1,381.971407,180.388340,0
81,UES1,52,59,59,6,-80.158,-121.693,-124.577,SERVED,0,1,-329.817251,327.093958,0
81,UES1,53,60,60,4,-117.77,-112.494,-114.374,PERSISTING,5,1,-479.217862,-110.816853,0
81,UES1,54,61,61,1,-103.731,-109.293,-119.148,PERSISTING,2,1,-2.142163,-342.582139,0
81,UES1,55,62,62,2,-108.778,-106.498,-115.374,PERSISTING,1,1,300.509306,-166.958318,0
81,UES1,56,63,63,3,-110.352,-107.822,-116.47,PERSISTING,5,1,-5.285037,-317.196315,0
81,UES1,57,64,64,3,-112.861,-114.391,-109.97,PERSISTING,1,1,-221.470638,386.576543,0
81,UES1,58,65,65,7,-123.644,-112.345,-119.777,PERSISTING,1,1,-166.766024,-414.526638,0
81,UES1,59,66,66,5,-108.804,-102.667,-122.619,PERSISTING,0,1,370.826143,-331.927342,0
81,UES2,0,67,67,6,-99.6086,-121.252,-118.743,SERVED,0,1,-276.338879,357.609795,0
81,UES2,1,68,68,2,-108.823,-113.933,-84.1295,ALTERNATIVE_AVAILABLE,0,1,288.150957,300.508323,0
81,UES2,2,69,69,5,-109.952,-112.148,-100.561,PERSISTING,0,1,393.221929,-328.373250,0
81,UES2,3,70,70,6,-75.9226,-120.819,-134.638,SERVED,0,1,-352.323797,277.967257,0
81,UES2,4,71,71,7,-99.72,-125.931,-132.077,SERVED,0,1,351.926080,328.332263,0
81,UES2,5,72,72,5,-107.421,-112.221,-117.371,PERSISTING,1,1,370.724713,-304.575144,0
81,UES2,6,73,73,6,-94.4983,-117.368,-124.668,SERVED,0,1,-385.438557,362.311308,0
81,UES2,7,74,74,2,-111.991,-116.497,-114.94,PERSISTING,0,1,303.194791,407.704105,0
81,UES2,8,75,75,4,-115.99,-110.679,-118.516,PERSISTING,2,1,389.097774,-265.015947,0
81,UES2,9,76,76,6,-65.4977,-122.534,-124.887,SERVED,0,1,-375.671440,303.689583,0
81,UES2,10,77,77,7,-108.991,-117.527,-128.171,MOVE_REQUIRED,6,1,375.862444,394.816125,1
81,UES2,11,78,78,2,-115.901,-120.436,-121.403,PERSISTING,4,1,363.323961,-397.065418,0
81,UES2,12,79,79,6,-107.665,-119.791,-117.633,PERSISTING,0,1,-404.499137,277.868336,0
81,UES2,13,80,80,7,-107.77,-123.767,-131.241,PERSISTING,3,1,364.219362,318.259766,0
81,UES2,14,81,81,4,-119.14,-83.4841,-120.974,ALTERNATIVE_AVAILABLE,0,1,407.429211,-349.489131,0
81,UES2,15,82,82,3,-112.412,-113.922,-110.068,PERSISTING,1,1,-334.416497,365.316945,0
81,UES2,16,83,83,7,-109.526,-114.749,-125.977,MOVE_REQUIRED,6,1,393.779312,354.470787,1
81,UES2,17,84,84,5,-101.692,-105.865,-125.87,PERSISTING,0,1,279.066812,-383.860493,0
81,UES2,18,85,85,4,-118.184,-107.075,-115.107,PERSISTING,0,1,-398.628675,413.152735,0
81,UES2,19,86,86,3,-124.204,-115.273,-108.38,PERSISTING,5,1,281.928363,384.051105,0
81,UES2,20,87,87,7,-119.682,-117.044,-129.199,PERSISTING,0,1,396.641580,-400.500725,0
81,UES2,21,88,88,2,-122.87,-118.187,-103.819,PERSISTING,0,1,-367.888174,437.361705,0
81,UES2,22,89,89,7,-114.726,-118.146,-125.804,PERSISTING,1,1,395.125164,392.770254,0
81,UES2,23,90,90,5,-98.3252,-117.889,-119.048,SERVED,0,1,394.548883,-328.053744,0
81,UES2,24,91,91,3,-122.896,-119.176,-99.7403,ALTERNATIVE_AVAILABLE,0,1,-410.310750,370.631218,0
81,UES2,25,92,92,3,-118.99,-114.157,-111.825,MOVE_REQUIRED,16,1,364.470304,388.785493,1
81,UES2,26,93,93,5,-64.8379,-122.809,-122.086,SERVED,0,1,318.613723,-294.033274,0
81,UES2,27,94,94,6,-97.9888,-117.373,-131.32,SERVED,0,1,-431.628850,310.868549,0
81,UES2,28,95,95,6,-128.441,-120.929,-118.755,MOVE_REQUIRED,6,1,342.663477,416.227304,1
81,UES2,29,96,96,5,-106.951,-113.018,-121.797,PERSISTING,1,1,381.154710,-312.010541,0
82,UES1,0,7,7,3,-113.768,-91.7569,-102.039,ALTERNATIVE_AVAILABLE,0,1,-259.860920,-369.312655,0
82,UES1,1,8,8,5,-100.683,-113.029,-117.252,PERSISTING,0,1,295.738540,-294.500097,0
82,UES1,2,9,9,6,-110.359,-114.169,-123.525,PERSISTING,0,1,-340.083143,360.759430,0
82,UES1,3,10,10,5,-101.097,-81.9641,-122.334,ALTERNATIVE_AVAILABLE,0,1,302.899833,-295.581236,0
82,UES1,4,11,11,7,-96.7084,-111.634,-124.932,SERVED,0,1,260.626770,314.640979,0
82,UES1,5,12,12,6,-109.586,-108.301,-123.524,PERSISTING,3,1,-286.615057,263.096375,0
82,UES1,6,13,13,2,-109.469,-91.3869,-114.596,ALTERNATIVE_AVAILABLE,0,1,89.066004,330.790220,0
82,UES1,7,14,14,1,-109.54,-110.85,-116.811,PERSISTING,1,1,-39.422942,-332.141961,0
82,UES1,8,15,15,1,-114.161,-113.509,-119.431,PERSISTING,3,1,171.000087,-386.739604,0
82,UES1,9,16,16,1,-109.481,-80.6478,-111.718,ALTERNATIVE_AVAILABLE,0,1,283.339762,-81.065918,0
82,UES1,10,17,17,1,-120.368,-112.199,-123.892,MOVE_REQUIRED,6,1,-106.886361,-378.986132,1
82,UES1,11,18,18,4,-110.883,-107.617,-101.232,PERSISTING,0,1,-306.986802,139.717287,0
82,UES1,12,19,19,5,-112.149,-102.471,-113.341,MOVE_REQUIRED,6,1,451.804780,29.113068,1
82,UES1,13,20,20,7,-98.6729,-87.0626,-119.985,SERVED,0,1,187.098882,327.889172,0
82,UES1,14,21,21,5,-82.5113,-108.518,-123.623,SERVED,0,1,251.892126,-236.736431,0
82,UES1,15,22,22,1,-86.5577,-111.191,-118.804,SERVED,0,1,47.446012,-304.361972,0
82,UES1,16,23,23,6,-105.919,-117.621,-127.072,PERSISTING,1,1,-459.221693,-29.669192,0
82,UES1,17,24,24,1,-112.271,-106.367,-106.306,PERSISTING,2,1,286.124762,4.384296,0
82,UES1,18,25,25,5,-95.4336,-86.9579,-92.1638,SERVED,0,1,211.375895,-249.493665,0
82,UES1,19,26,26,3,-111.59,-114.657,-117.319,PERSISTING,1,1,-191.477221,-324.663445,0
82,UES1,20,27,27,6,-75.0331,-117.539,-124.47,SERVED,0,1,-326.772936,296.332611,0
82,UES1,21,28,28,3,-111.857,-117.098,-112.453,PERSISTING,0,1,-203.116715,444.754349,0
82,UES1,22,29,29,2,-111.919,-112.568,-96.8754,ALTERNATIVE_AVAILABLE,0,1,377.363789,252.649580,0
82,UES1,23,30,30,5,-104.076,-91.7281,-120.13,ALTERNATIVE_AVAILABLE,0,1,122.581937,-370.187787,0
82,UES1,24,31,31,6,-87.8684,-109.996,-110.38,SERVED,0,1,-264.660871,276.946397,0
82,UES1,25,32,32,4,-116.081,-108.181,-117.515,PERSISTING,0,1,-52.756831,438.763701,0
82,UES1,26,33,33,7,-118.517,-112.967,-127.07,PERSISTING,2,1,387.553130,216.262765,0
82,UES1,27,34,34,2,-106.622,-107.259,-114.267,PERSISTING,1,1,37.810465,349.012050,0
82,UES1,28,35,35,3,-95.6816,-95.2036,-107.077,SERVED,0,1,-223.021502,79.973814,0
82,UES1,29,36,36,3,-100.689,-100.898,-111.696,PERSISTING,0,1,-56.630044,219.233258,0
82,UES1,30,37,37,4,-114.807,-114.415,-116.458,PERSISTING,3,1,-111.887735,-433.097864,0
82,UES1,31,38,38,2,-116.135,-122.876,-113.507,MOVE_REQUIRED,18,1,410.853408,111.015854,1
82,UES1,32,39,39,2,-114.128,-100.323,-116.891,PERSISTING,0,1,71.176407,-345.211402,0
82,UES1,33,40,40,3,-111.248,-110.678,-96.4132,ALTERNATIVE_AVAILABLE,0,1,-245.800040,197.779267,0
82,UES1,34,41,41,5,-109.152,-114.308,-122.46,PERSISTING,0,1,69.473160,-415.746720,0
82,UES1,35,42,42,5,-92.1179,-97.0569,-118.352,SERVED,0,1,339.379224,-179.727423,0
82,UES1,36,43,43,2,-114.502,-93.9553,-98.624,ALTERNATIVE_AVAILABLE,0,1,375.722739,302.484983,0
82,UES1,37,44,44,3,-113.774,-112.162,-117.391,PERSISTING,0,1,81.112414,-378.440284,0
82,UES1,38,45,45,4,-103.46,-108.354,-98.6555,ALTERNATIVE_AVAILABLE,0,1,-279.586531,-198.785460,0
82,UES1,39,46,46,4,-105.355,-105.398,-107.898,PERSISTING,2,1,-326.288994,-6.155197,0
82,UES1,40,47,47,4,-118.348,-112.468,-90.7042,ALTERNATIVE_AVAILABLE,0,1,-300.717322,340.152338,0
82,UES1,41,48,48,3,-116.202,-119.899,-116.887,PERSISTING,1,1,-433.718916,-333.478298,0
82,UES1,42,49,49,2,-107.16,-106.49,-96.1846,ALTERNATIVE_AVAILABLE,0,1,130.499644,253.287416,0
82,UES1,43,50,50,2,-107.246,-106.535,-120.142,PERSISTING,4,1,194.444853,-210.716793,0
82,UES1,44,51,51,6,-112.733,-113.374,-118.983,PERSISTING,0,1,-109.547684,321.621522,0
82,UES1,45,52,52,4,-110.114,-88.325,-119.996,ALTERNATIVE_AVAILABLE,0,1,-227.855423,-319.047871,0
82,UES1,46,53,53,1,-118.18,-92.5891,-119.257,ALTERNATIVE_AVAILABLE,0,1,-220.416156,-375.229958,0
82,UES1,47,54,54,4,-111.523,-110.443,-118.446,PERSISTING,2,1,-198.128976,-304.838265,0
82,UES1,48,55,55,4,-116.815,-86.6955,-121.575,ALTERNATIVE_AVAILABLE,0,1,-358.136127,-191.949787,0
82,UES1,49,56,56,2,-115.583,-108.514,-115.688,PERSISTING,0,1,231.645254,-198.684582,0
82,UES1,50,57,57,3,-105.877,-106.941,-91.6064,ALTERNATIVE_AVAILABLE,0,1,-151.477227,-293.996253,0
82,UES1,51,58,58,2,-117.287,-119.202,-114.253,PERSISTING,3,1,384.075348,184.924553,0
82,UES1,52,59,59,6,-95.9932,-120.391,-129.334,SERVED,0,1,-333.806247,330.108574,0
82,UES1,53,60,60,4,-114.704,-118.338,-117.268,MOVE_REQUIRED,6,1,-484.060873,-112.056015,1
82,UES1,54,61,61,1,-116.055,-111.267,-115.357,PERSISTING,3,1,-3.088278,-347.491766,0
82,UES1,55,62,62,2,-89.6316,-110.747,-113.386,SERVED,0,1,304.311710,-170.205611,0
82,UES1,56,63,63,3,-110.854,-109.213,-121.901,MOVE_REQUIRED,6,1,-4.828126,-322.175453,1
82,UES1,57,64,64,3,-111.103,-114.626,-109.879,PERSISTING,2,1,-223.249240,391.249277,0
82,UES1,58,65,65,7,-126.215,-117.011,-121.378,PERSISTING,2,1,-167.904711,-419.395189,0
82,UES1,59,66,66,5,-106.619,-115.139,-118.078,PERSISTING,1,1,374.505348,-335.313811,0
82,UES2,0,67,67,6,-78.7674,-122.47,-122.674,SERVED,0,1,-279.386543,360.199570,0
82,UES2,1,68,68,2,-115.194,-92.9921,-88.959,ALTERNATIVE_AVAILABLE,0,1,286.915385,304.312416,0
82,UES2,2,69,69,5,-105.688,-114.087,-119.318,PERSISTING,1,1,389.537939,-329.928211,0
82,UES2,3,70,70,6,-67.0084,-112.498,-126.667,SERVED,0,1,-354.806901,281.102739,0
82,UES2,4,71,71,7,-102.591,-124.896,-122.028,PERSISTING,0,1,355.195023,330.638787,0
82,UES2,5,72,72,5,-79.9485,-114.014,-117.157,SERVED,0,1,370.406551,-300.587821,0
82,UES2,6,73,73,6,-112.823,-83.2851,-125.567,ALTERNATIVE_AVAILABLE,0,1,-384.061846,366.067090,0
82,UES2,7,74,74,2,-114.034,-116.88,-112.934,PERSISTING,1,1,305.863292,404.723090,0
82,UES2,8,75,75,4,-117.406,-111.623,-116.619,PERSISTING,3,1,388.301171,-261.096099,0
82,UES2,9,76,76,6,-93.4507,-121.629,-129.488,SERVED,0,1,-374.187079,299.974731,0
82,UES2,10,77,77,7,-109.147,-117.797,-123.258,MOVE_REQUIRED,7,1,379.167269,397.070268,1
82,UES2,11,78,78,2,-113.515,-113.344,-115.864,PERSISTING,5,1,360.127980,-394.660874,0
82,UES2,12,79,79,6,-97.8419,-116.879,-128.568,SERVED,0,1,-407.372170,275.085023,0
82,UES2,13,80,80,7,-107.157,-124.369,-135.421,PERSISTING,4,1,362.121401,321.665048,0
82,UES2,14,81,81,4,-118.205,-112.45,-120.335,PERSISTING,0,1,406.822788,-353.442820,0
82,UES2,15,82,82,3,-116.59,-115.256,-102.868,PERSISTING,2,1,-334.488263,369.316289,0
82,UES2,16,83,83,7,-110.067,-95.7112,-128.277,ALTERNATIVE_AVAILABLE,0,1,390.842885,357.186548,0
82,UES2,17,84,84,5,-99.9861,-117.452,-121.157,SERVED,0,1,277.712827,-387.624084,0
82,UES2,18,85,85,4,-119.69,-116.377,-116.121,PERSISTING,1,1,-398.113156,417.119383,0
82,UES2,19,86,86,3,-119.278,-115.443,-113.96,MOVE_REQUIRED,6,1,285.621922,382.512901,1
82,UES2,20,87,87,7,-120.579,-116.155,-125.497,PERSISTING,1,1,400.391356,-401.893819,0
82,UES2,21,88,88,2,-121.929,-115.123,-115.807,PERSISTING,1,1,-364.000848,436.413078,0
82,UES2,22,89,89,7,-116.681,-121.125,-132.61,PERSISTING,2,1,398.016139,395.535200,0
82,UES2,23,90,90,5,-99.1061,-119.611,-122.085,SERVED,0,1,397.938632,-330.177100,0
82,UES2,24,91,91,3,-117.082,-83.0044,-114.472,ALTERNATIVE_AVAILABLE,0,1,-406.328931,370.238023,0
82,UES2,25,92,92,3,-121.542,-114.587,-111.365,MOVE_REQUIRED,17,1,361.801803,385.806519,1
82,UES2,26,93,93,5,-92.0234,-112.231,-125.484,SERVED,0,1,317.605411,-297.903977,0
82,UES2,27,94,94,6,-98.2716,-106.597,-126.323,SERVED,0,1,-433.580886,314.359977,0
82,UES2,28,95,95,6,-130.803,-111.961,-115.19,MOVE_REQUIRED,7,1,338.675678,416.531105,1
82,UES2,29,96,96,5,-82.7381,-113.64,-117.876,SERVED,0,1,377.872610,-314.295245,0
83,UES1,0,7,7,3,-81.786,-94.4174,-120.278,SERVED,0,1,-262.714816,-373.417538,0
83,UES1,1,8,8,5,-107.614,-81.3465,-115.365,ALTERNATIVE_AVAILABLE,0,1,298.990737,-298.298595,0
83,UES1,2,9,9,6,-111.809,-114.748,-124.081,PERSISTING,1,1,-343.338929,364.553470,0
83,UES1,3,10,10,5,-100.127,-108.547,-100.744,PERSISTING,0,1,306.799121,-298.712335,0
83,UES1,4,11,11,7,-102.364,-110.48,NA,PERSISTING,0,1,264.432762,317.883575,0
83,UES1,5,12,12,6,-86.6571,-110.468,-114.858,SERVED,0,1,-289.706977,267.025750,0
83,UES1,6,13,13,1,-110.16,-92.8872,-110.114,ALTERNATIVE_AVAILABLE,0,1,89.062416,335.790218,0
83,UES1,7,14,14,1,-116.86,-78.6211,-119.767,ALTERNATIVE_AVAILABLE,0,1,-40.549668,-337.013356,0
83,UES1,8,15,15,1,-115.94,-115.93,-117.207,PERSISTING,4,1,173.385111,-391.134354,0
83,UES1,9,16,16,1,-111.563,-107.138,-116.971,PERSISTING,0,1,287.920827,-83.071368,0
83,UES1,10,17,17,1,-113.741,-115.432,-97.9644,ALTERNATIVE_AVAILABLE,0,1,-107.808554,-383.900319,0
83,UES1,11,18,18,3,-113.272,-110.385,-124.587,PERSISTING,1,1,-311.742498,141.258026,0
83,UES1,12,19,19,5,-109.084,-118.005,-96.4399,ALTERNATIVE_AVAILABLE,0,1,456.559279,30.664210,0
83,UES1,13,20,20,4,-114.737,-106.53,-98.6388,ALTERNATIVE_AVAILABLE,0,1,189.487495,332.281727,0
83,UES1,14,21,21,5,-104.096,-107.139,-118.773,PERSISTING,0,1,254.063048,-232.231838,0
83,UES1,15,22,22,1,-114.888,-110.515,-116.958,PERSISTING,0,1,43.879240,-307.865512,0
83,UES1,16,23,23,6,-100.704,-117.615,-126.456,PERSISTING,2,1,-464.211824,-29.372051,0
83,UES1,17,24,24,2,-103.731,-108.424,-108.627,PERSISTING,3,1,291.087383,4.994664,0
83,UES1,18,25,25,5,-104.846,-80.1844,-117.154,ALTERNATIVE_AVAILABLE,0,1,214.131711,-253.665780,0
83,UES1,19,26,26,3,-112.883,-112.227,-119.863,PERSISTING,2,1,-193.739047,-329.122608,0
83,UES1,20,27,27,6,-91.1591,-123.329,-127.858,SERVED,0,1,-330.608831,299.539085,0
83,UES1,21,28,28,3,-117.633,-115.822,-117.798,PERSISTING,1,1,-204.665665,449.508374,0
83,UES1,22,29,29,7,-112.57,-85.2245,NA,ALTERNATIVE_AVAILABLE,0,1,381.032229,256.047405,0
83,UES1,23,30,30,5,-110.147,-113.166,-117.998,PERSISTING,0,1,124.001709,-374.982274,0
83,UES1,24,31,31,6,-76.6693,-112.354,-125.404,SERVED,0,1,-268.993147,279.441928,0
83,UES1,25,32,32,4,-122.003,-113.589,-117.561,PERSISTING,1,1,-53.109681,443.751178,0
83,UES1,26,33,33,7,-102.402,-115.148,NA,PERSISTING,3,1,391.092392,219.794568,0
83,UES1,27,34,34,3,-108.517,-108.677,-97.7169,ALTERNATIVE_AVAILABLE,0,1,37.605932,354.007820,0
83,UES1,28,35,35,3,-101.995,-96.361,-124.701,ALTERNATIVE_AVAILABLE,0,1,-218.272983,78.406467,0
83,UES1,29,36,36,3,-107.942,-109.03,-114.283,PERSISTING,1,1,-59.072481,223.596113,0
83,UES1,30,37,37,4,-120.094,-118.094,-121.499,PERSISTING,4,1,-113.878047,-437.684190,0
83,UES1,31,38,38,2,-120.62,-123.252,-98.6281,ALTERNATIVE_AVAILABLE,0,1,415.610299,112.556707,0
83,UES1,32,39,39,2,-112.531,-110.504,-117.716,PERSISTING,1,1,71.602219,-350.193244,0
83,UES1,33,40,40,6,-99.9619,-107.079,-121.263,SERVED,0,1,-250.735151,196.980688,0
83,UES1,34,41,41,5,-108.292,-101.246,-119.412,PERSISTING,1,1,71.157270,-420.454886,0
83,UES1,35,42,42,5,-95.3133,-112.732,-116.824,SERVED,0,1,343.785659,-182.091003,0
83,UES1,36,43,43,2,-118.635,-87.0261,-97.7292,ALTERNATIVE_AVAILABLE,0,1,379.550261,305.702410,0
83,UES1,37,44,44,3,-116.798,-112.606,-117.545,PERSISTING,1,1,82.193689,-383.322192,0
83,UES1,38,45,45,4,-106.409,-106.027,-122.983,PERSISTING,0,1,-283.859002,-201.381575,0
83,UES1,39,46,46,3,-105.775,-110.603,-122.446,PERSISTING,3,1,-331.282714,-5.924905,0
83,UES1,40,47,47,4,-116.471,-95.8329,-120.551,ALTERNATIVE_AVAILABLE,0,1,-303.232721,344.472931,0
83,UES1,41,48,48,3,-120.946,-118.664,-125.106,PERSISTING,2,1,-437.804795,-336.359239,0
83,UES1,42,49,49,2,-110.168,-106.617,-99.246,ALTERNATIVE_AVAILABLE,0,1,132.602389,257.823766,0
83,UES1,43,50,50,2,-108.411,-95.6243,-119.789,ALTERNATIVE_AVAILABLE,0,1,195.392165,-205.807127,0
83,UES1,44,51,51,6,-108.685,-112.839,-121.575,PERSISTING,1,1,-111.362169,326.280666,0
83,UES1,45,52,52,4,-110.215,-113.422,-119.211,PERSISTING,0,1,-231.175798,-322.785296,0
83,UES1,46,53,53,1,-115.465,-112.027,-119.534,PERSISTING,0,1,-222.910025,-379.563598,0
83,UES1,47,54,54,4,-109.287,-112.239,-97.3114,ALTERNATIVE_AVAILABLE,0,1,-199.559512,-309.629251,0
83,UES1,48,55,55,4,-110.469,-113.218,-124.686,PERSISTING,0,1,-361.836862,-195.312011,0
83,UES1,49,56,56,2,-106.524,-79.7009,-117.039,ALTERNATIVE_AVAILABLE,0,1,235.157005,-202.244036,0
83,UES1,50,57,57,3,-113.608,-97.5076,-118.682,ALTERNATIVE_AVAILABLE,0,1,-155.150452,-290.604213,0
83,UES1,51,58,58,2,-115.981,-116.453,-109.699,PERSISTING,4,1,386.179289,189.460770,0
83,UES1,52,59,59,6,-70.4601,-120.114,-123.989,SERVED,0,1,-337.795242,333.123190,0
83,UES1,53,60,60,4,-115.459,-115.563,-128.069,MOVE_REQUIRED,7,1,-488.903884,-113.295173,1
83,UES1,54,61,61,1,-88.9997,-110.402,-118.209,SERVED,0,1,-4.034394,-352.401393,0
83,UES1,55,62,62,2,-104.278,-105.94,-114.836,PERSISTING,0,1,308.114114,-173.452911,0
83,UES1,56,63,63,3,-112.801,-110.794,-118.198,MOVE_REQUIRED,7,1,-4.371216,-327.154592,1
83,UES1,57,64,64,3,-109.326,-111.662,-121.188,PERSISTING,3,1,-225.027841,395.922009,0
83,UES1,58,65,65,7,-131.004,-114.132,NA,PERSISTING,3,1,-169.043399,-424.263740,0
83,UES1,59,66,66,5,-95.7845,-114.159,-122.74,SERVED,0,1,378.184553,-338.700284,0
83,UES2,0,67,67,6,-99.023,-101.304,-121.504,SERVED,0,1,-282.434207,362.789299,0
83,UES2,1,68,68,2,-111.968,-115.269,-107.582,PERSISTING,0,1,285.679813,308.116470,0
83,UES2,2,69,69,5,-105.986,-115.332,-121.63,PERSISTING,2,1,385.853950,-331.483153,0
83,UES2,3,70,70,6,-68.4566,-117.824,-125.073,SERVED,0,1,-357.290006,284.238211,0
83,UES2,4,71,71,7,-97.667,-122.02,NA,SERVED,0,1,358.463965,332.945328,0
83,UES2,5,72,72,5,-107.022,-114.885,-123.885,PERSISTING,0,1,370.088388,-296.600498,0
83,UES2,6,73,73,6,-116.973,-115.45,-125.397,PERSISTING,0,1,-382.685134,369.822877,0
83,UES2,7,74,74,7,-109.544,-112.082,NA,PERSISTING,2,1,308.531313,401.742063,0
83,UES2,8,75,75,4,-121.852,-112.118,-118.818,PERSISTING,4,1,387.504568,-257.176270,0
83,UES2,9,76,76,6,-96.7956,-120.148,-126.92,SERVED,0,1,-372.702718,296.259846,0
83,UES2,10,77,77,7,-111.653,-97.0066,NA,ALTERNATIVE_AVAILABLE,0,1,382.472095,399.324423,0
83,UES2,11,78,78,2,-116.124,-117.696,-120.074,MOVE_REQUIRED,6,1,356.932000,-392.256336,1
83,UES2,12,79,79,6,-109.785,-115.501,-128.009,PERSISTING,0,1,-410.245204,272.301711,0
83,UES2,13,80,80,7,-100.34,-124.862,NA,PERSISTING,5,1,360.023441,325.070317,0
83,UES2,14,81,81,4,-123.112,-94.4954,-120.42,ALTERNATIVE_AVAILABLE,0,1,406.216365,-357.396507,0
83,UES2,15,82,82,3,-116.843,-82.4048,-130.404,ALTERNATIVE_AVAILABLE,0,1,-334.560029,373.315632,0
83,UES2,16,83,83,7,-113.126,-113.762,NA,PERSISTING,0,1,387.906458,359.902298,0
83,UES2,17,84,84,5,-101.997,-118.868,-129.04,PERSISTING,0,1,276.358841,-391.387656,0
83,UES2,18,85,85,4,-117.051,-117.159,-126.468,PERSISTING,2,1,-397.597637,421.086030,0
83,UES2,19,86,86,3,-116.901,-115.268,-110.423,MOVE_REQUIRED,7,1,289.315480,380.974687,1
83,UES2,20,87,87,7,-119.904,-100.821,NA,PERSISTING,2,1,404.141131,-403.286927,0
83,UES2,21,88,88,2,-122.717,-117.524,-134.568,PERSISTING,2,1,-360.113521,435.464435,0
83,UES2,22,89,89,7,-112.828,-121.51,NA,PERSISTING,3,1,400.907114,398.300159,0
83,UES2,23,90,90,5,-99.1128,-122.726,-122.146,SERVED,0,1,401.328381,-332.300463,0
83,UES2,24,91,91,3,-115.152,-117.093,-132.109,PERSISTING,0,1,-402.347113,369.844810,0
83,UES2,25,92,92,3,-116.967,-111.601,-112.396,MOVE_REQUIRED,18,1,359.133303,382.827603,1
83,UES2,26,93,93,5,-69.6634,-100.826,-121.942,SERVED,0,1,316.597098,-301.774677,0
83,UES2,27,94,94,6,-95.0293,-110.272,-126.277,SERVED,0,1,-435.532922,317.851404,0
83,UES2,28,95,95,6,-128.854,-118.222,-116.662,MOVE_REQUIRED,8,1,334.687879,416.834902,1
83,UES2,29,96,96,5,-86.8871,-113.16,-123.601,SERVED,0,1,374.590510,-316.579933,0
84,UES1,0,7,7,3,-115.148,-114.606,-122.927,PERSISTING,0,1,-265.568712,-377.522419,0
84,UES1,1,8,8,5,-87.8575,-110.496,-116.885,SERVED,0,1,302.242935,-302.097096,0
84,UES1,2,9,9,6,-112.364,-114.961,-123.503,PERSISTING,2,1,-346.594714,368.347506,0
84,UES1,3,10,10,5,-92.3977,-110.422,-115.793,SERVED,0,1,310.698408,-301.843438,0
84,UES1,4,11,11,7,-105.467,-112.68,NA,PERSISTING,1,1,268.238753,321.126171,0
84,UES1,5,12,12,6,-82.435,-108.163,-124.111,SERVED,0,1,-292.798897,270.955123,0
84,UES1,6,13,13,1,-111.37,-111.899,-119.077,PERSISTING,0,1,89.058828,340.790217,0
84,UES1,7,14,14,1,-110.679,-75.3621,-123.56,ALTERNATIVE_AVAILABLE,0,1,-41.676395,-341.884750,0
84,UES1,8,15,15,1,-110.323,-116.36,-113.692,PERSISTING,5,1,175.770135,-395.529105,0
84,UES1,9,16,16,1,-105.857,-110.675,-115.775,PERSISTING,1,1,292.501892,-85.076821,0
84,UES1,10,17,17,1,-113.685,-111.74,-120.031,PERSISTING,0,1,-108.730748,-388.814504,0
84,UES1,11,18,18,3,-112.606,-107.631,-123.467,PERSISTING,2,1,-316.498194,142.798764,0
84,UES1,12,19,19,5,-89.5716,-118.922,-116.887,SERVED,0,1,461.313779,32.215359,0
84,UES1,13,20,20,4,-120.085,-109.52,-85.3437,ALTERNATIVE_AVAILABLE,0,1,191.876108,336.674281,0
84,UES1,14,21,21,5,-84.5279,-109.519,-119.357,SERVED,0,1,256.233971,-227.727239,0
84,UES1,15,22,22,1,-110.102,-108.365,-118.225,PERSISTING,1,1,40.312468,-311.369051,0
84,UES1,16,23,23,6,-105.717,-120.434,-126.804,PERSISTING,3,1,-469.201956,-29.074912,0
84,UES1,17,24,24,2,-106.065,-106.627,-111.986,PERSISTING,4,1,296.050004,5.605031,0
84,UES1,18,25,25,5,-107.254,-107.152,-117.936,PERSISTING,0,1,216.887526,-257.837895,0
84,UES1,19,26,26,3,-119.635,-114.975,-91.7565,ALTERNATIVE_AVAILABLE,0,1,-196.000873,-333.581772,0
84,UES1,20,27,27,6,-93.948,-89.7089,-125.512,SERVED,0,1,-334.444725,302.745557,0
84,UES1,21,28,28,3,-119.693,-109.977,-118.894,PERSISTING,2,1,-206.214615,454.262399,0
84,UES1,22,29,29,7,-98.5049,-108.678,NA,SERVED,0,1,384.700670,259.445231,0
84,UES1,23,30,30,5,-105.53,-110.86,-114.423,PERSISTING,1,1,125.421480,-379.776765,0
84,UES1,24,31,31,6,-104.468,-111.101,-127.727,PERSISTING,0,1,-273.325423,281.937458,0
84,UES1,25,32,32,4,-115.738,-115.69,-116.31,PERSISTING,2,1,-53.462531,448.738654,0
84,UES1,26,33,33,7,-113.967,-98.0862,NA,ALTERNATIVE_AVAILABLE,0,1,394.631653,223.326371,0
84,UES1,27,34,34,3,-110.995,-108.797,-112.324,PERSISTING,0,1,37.401399,359.003589,0
84,UES1,28,35,35,3,-100.396,-68.215,-124.939,ALTERNATIVE_AVAILABLE,0,1,-213.524464,76.839120,0
84,UES1,29,36,36,3,-107.421,-93.8,-116.731,ALTERNATIVE_AVAILABLE,0,1,-61.514919,227.958967,0
84,UES1,30,37,37,4,-119.844,-116.089,-124.782,PERSISTING,5,1,-115.868358,-442.270514,0
84,UES1,31,38,38,2,-120.662,-120.86,-114.45,PERSISTING,0,1,420.367191,114.097562,0
84,UES1,32,39,39,2,-110.398,-111.449,-118.613,PERSISTING,2,1,72.028031,-355.175085,0
84,UES1,33,40,40,6,-76.8102,-82.345,-118.535,SERVED,0,1,-255.670262,196.182109,0
84,UES1,34,41,41,5,-93.6685,-110.951,-118.188,SERVED,0,1,72.841379,-425.163054,0
84,UES1,35,42,42,5,-103.677,-111.717,-114.707,PERSISTING,0,1,348.192093,-184.454584,0
84,UES1,36,43,43,2,-124.96,-117.557,-108.325,PERSISTING,0,1,383.377782,308.919841,0
84,UES1,37,44,44,3,-111.573,-112.889,-118.321,PERSISTING,2,1,83.273768,-388.204161,0
84,UES1,38,45,45,4,-109.325,-111.178,-119.882,PERSISTING,1,1,-288.131473,-203.977680,0
84,UES1,39,46,46,3,-111.809,-103.047,-124.794,PERSISTING,4,1,-336.276433,-5.694614,0
84,UES1,40,47,47,4,-115.096,-113.401,-123.88,PERSISTING,0,1,-305.748120,348.793521,0
84,UES1,41,48,48,3,-118.806,-119.812,-125.543,PERSISTING,3,1,-441.890675,-339.240176,0
84,UES1,42,49,49,2,-105.588,-109.388,-112.351,PERSISTING,0,1,134.705134,262.360116,0
84,UES1,43,50,50,2,-108.004,-109.979,-114.098,PERSISTING,0,1,196.339476,-200.897459,0
84,UES1,44,51,51,6,-117.156,-111.134,-119.01,PERSISTING,2,1,-113.176653,330.939810,0
84,UES1,45,52,52,4,-106.698,-110.115,-117.994,PERSISTING,1,1,-234.496173,-326.522717,0
84,UES1,46,53,53,1,-117.893,-113.766,-122.583,PERSISTING,1,1,-225.403895,-383.897239,0
84,UES1,47,54,54,4,-113.634,-112.788,-122.854,PERSISTING,0,1,-200.990048,-314.420238,0
84,UES1,48,55,55,4,-118.197,-108.05,-126.421,PERSISTING,1,1,-365.537597,-198.674235,0
84,UES1,49,56,56,2,-111.177,-107.653,-112.593,PERSISTING,0,1,238.668756,-205.803490,0
84,UES1,50,57,57,3,-112.188,-108.763,-123.569,PERSISTING,0,1,-158.823677,-287.212173,0
84,UES1,51,58,58,2,-118.212,-119.167,-114.772,PERSISTING,5,1,388.283230,193.996992,0
84,UES1,52,59,59,6,-97.7808,-119.932,-121.723,SERVED,0,1,-341.784237,336.137805,0
84,UES1,53,60,60,4,-120.683,-120.936,-126.937,MOVE_REQUIRED,8,1,-493.746895,-114.534327,1
84,UES1,54,61,61,1,-113.989,-110.878,-123.632,PERSISTING,0,1,-4.980509,-357.311019,0
84,UES1,55,62,62,2,-108.975,-108.446,-114.536,PERSISTING,1,1,311.916517,-176.700218,0
84,UES1,56,63,63,3,-112.924,-108.925,-120.054,MOVE_REQUIRED,8,1,-3.914305,-332.133732,1
84,UES1,57,64,64,3,-113.512,-112.507,-122.284,PERSISTING,4,1,-226.806443,400.594739,0
84,UES1,58,65,65,7,-124.978,-112.916,NA,PERSISTING,4,1,-170.182087,-429.132290,0
84,UES1,59,66,66,5,-108.922,-113.355,-115.308,PERSISTING,0,1,381.863758,-342.086763,0
84,UES2,0,67,67,6,-101.135,-121.407,-122.739,PERSISTING,0,1,-285.481872,365.378975,0
84,UES2,1,68,68,2,-110.653,-115.749,-78.0043,ALTERNATIVE_AVAILABLE,0,1,284.443045,311.920495,0
84,UES2,2,69,69,5,-113.291,-115.449,-118.084,PERSISTING,3,1,382.169960,-333.038078,0
84,UES2,3,70,70,6,-93.7076,-117.743,-128.041,SERVED,0,1,-359.773111,287.373673,0
84,UES2,4,71,71,7,-100.865,-99.0916,NA,ALTERNATIVE_AVAILABLE,0,1,361.732908,335.251887,0
84,UES2,5,72,72,5,-108.931,-112.179,-122.758,PERSISTING,1,1,369.770225,-292.613176,0
84,UES2,6,73,73,6,-109.432,-112.651,-122.732,PERSISTING,1,1,-381.308422,373.578670,0
84,UES2,7,74,74,7,-96.4173,-116.535,NA,SERVED,0,1,311.198618,398.761033,0
84,UES2,8,75,75,4,-116.463,-110.268,-120.546,PERSISTING,5,1,384.292799,-257.351752,0
84,UES2,9,76,76,6,-66.1365,-120.404,-127.157,SERVED,0,1,-371.219553,292.544936,0
84,UES2,10,77,77,7,-111.819,-116.407,NA,PERSISTING,0,1,385.776921,401.578593,0
84,UES2,11,78,78,2,-111.668,-115.677,-118.734,MOVE_REQUIRED,7,1,353.736019,-389.851804,1
84,UES2,12,79,79,6,-114.285,-118.682,-127.22,PERSISTING,1,1,-413.118237,269.518400,0
84,UES2,13,80,80,7,-78.4272,-97.3971,NA,SERVED,0,1,357.925481,328.475573,0
84,UES2,14,81,81,4,-118.066,-116.278,-120.62,PERSISTING,0,1,405.609942,-361.350191,0
84,UES2,15,82,82,3,-80.2918,-115.581,-128.572,SERVED,0,1,-334.631795,377.314975,0
84,UES2,16,83,83,7,-114.022,-115.552,NA,PERSISTING,1,1,384.970031,362.618038,0
84,UES2,17,84,84,5,-112.232,-119.109,-122.517,PERSISTING,1,1,275.004855,-395.151205,0
84,UES2,18,85,85,4,-120.091,-117.832,-125.064,PERSISTING,3,1,-397.082117,425.052678,0
84,UES2,19,86,86,3,-118.326,-114.257,-109.882,MOVE_REQUIRED,8,1,293.009038,379.436463,1
84,UES2,20,87,87,7,-120.476,-112.775,NA,PERSISTING,3,1,407.890906,-404.680050,0
84,UES2,21,88,88,2,-123.761,-114.741,-130.556,PERSISTING,3,1,-356.226194,434.515776,0
84,UES2,22,89,89,7,-111.543,-121.295,NA,PERSISTING,4,1,403.798089,401.065136,0
84,UES2,23,90,90,5,-102.087,-121.114,-118.101,PERSISTING,0,1,404.718130,-334.423833,0
84,UES2,24,91,91,3,-114.062,-118.433,-130.216,PERSISTING,1,1,-398.365294,369.451574,0
84,UES2,25,92,92,3,-81.6203,-116.318,-112.149,SERVED,0,1,356.463607,379.848726,0
84,UES2,26,93,93,5,-95.221,-120.475,-119.12,SERVED,0,1,315.588785,-305.645373,0
84,UES2,27,94,94,6,-98.3263,-103.3,-123.279,SERVED,0,1,-437.484958,321.342823,0
84,UES2,28,95,95,6,-129.661,-122.204,-112.535,MOVE_REQUIRED,9,1,330.700080,417.138694,1
84,UES2,29,96,96,5,-94.7282,-102.97,-116.872,SERVED,0,1,371.308410,-318.864606,0
85,UES1,0,7,7,3,-119.077,-113.822,-119.944,PERSISTING,1,1,-268.422607,-381.627297,0
85,UES1,1,8,8,5,-108.209,-111.789,-120.768,PERSISTING,0,1,305.495132,-305.895601,0
85,UES1,2,9,9,6,-117.116,-77.777,-127.546,ALTERNATIVE_AVAILABLE,0,1,-349.850500,372.141538,0
85,UES1,3,10,10,5,-94.6325,-117.026,-116.226,SERVED,0,1,314.597696,-304.974543,0
85,UES1,4,11,11,7,-107.853,-109.827,-124.239,PERSISTING,2,1,272.044745,324.368767,0
85,UES1,5,12,12,6,-80.4866,-85.8396,-123.798,SERVED,0,1,-295.890817,274.884496,0
85,UES1,6,13,13,1,-82.8722,-108.01,-113.428,SERVED,0,1,89.055239,345.790216,0
85,UES1,7,14,14,1,-111.34,-112.848,-116.643,PERSISTING,0,1,-42.803122,-346.756144,0
85,UES1,8,15,15,1,-118.745,-111.549,-117.786,MOVE_REQUIRED,6,1,178.155160,-399.923857,1
85,UES1,9,16,16,1,-109.032,-81.6111,-115.826,ALTERNATIVE_AVAILABLE,0,1,297.082957,-87.082276,0
85,UES1,10,17,17,1,-114.653,-113.791,-117.04,PERSISTING,1,1,-109.652941,-393.728689,0
85,UES1,11,18,18,3,-105.655,-93.5263,-91.5268,ALTERNATIVE_AVAILABLE,0,1,-321.253889,144.339499,0
85,UES1,12,19,19,5,-111.823,-121.054,-117.475,PERSISTING,0,1,466.068279,33.766516,0
85,UES1,13,20,20,4,-117.006,-101.473,-103.057,PERSISTING,0,1,194.264720,341.066836,0
85,UES1,14,21,21,5,-85.9829,-110.923,-115.718,SERVED,0,1,258.404893,-223.222635,0
85,UES1,15,22,22,1,-112.302,-109.701,-118.92,PERSISTING,2,1,36.745697,-314.872587,0
85,UES1,16,23,23,6,-74.7847,-118.817,-129.596,SERVED,0,1,-474.192087,-28.777777,0
85,UES1,17,24,24,2,-105.818,-111.658,-82.5603,ALTERNATIVE_AVAILABLE,0,1,301.012626,6.215399,0
85,UES1,18,25,25,5,-107.648,-105.34,-113.858,PERSISTING,1,1,219.643342,-262.010011,0
85,UES1,19,26,26,3,-117.419,-113.31,-116.847,PERSISTING,0,1,-198.262700,-338.040935,0
85,UES1,20,27,27,6,-67.0189,-118.931,-124.657,SERVED,0,1,-338.280619,305.952026,0
85,UES1,21,28,28,3,-117.481,-117.243,-110.766,PERSISTING,3,1,-207.763565,459.016423,0
85,UES1,22,29,29,7,-108.989,-114.119,-127.499,PERSISTING,0,1,388.369110,262.843059,0
85,UES1,23,30,30,5,-105.357,-113.713,-115.263,PERSISTING,2,1,126.841251,-384.571258,0
85,UES1,24,31,31,6,-104.161,-110.672,-127.179,PERSISTING,1,1,-277.657700,284.432986,0
85,UES1,25,32,32,4,-114.681,-109.66,-111.666,PERSISTING,3,1,-53.815380,453.726130,0
85,UES1,26,33,33,7,-103.875,-114.966,-127.133,PERSISTING,0,1,398.170914,226.858175,0
85,UES1,27,34,34,3,-114.704,-111.017,-82.1603,ALTERNATIVE_AVAILABLE,0,1,37.196866,363.999358,0
85,UES1,28,35,35,3,-102.932,-91.8889,-109.195,ALTERNATIVE_AVAILABLE,0,1,-208.775945,75.271772,0
85,UES1,29,36,36,3,-91.8307,-108.414,-117.44,SERVED,0,1,-63.957356,232.321822,0
85,UES1,30,37,37,4,-115.206,-116.363,-119.896,MOVE_REQUIRED,6,1,-117.858669,-446.856833,1
85,UES1,31,38,38,2,-121.687,-124.675,-119.376,PERSISTING,1,1,425.124083,115.638419,0
85,UES1,32,39,39,2,-116.286,-105.29,-118.712,PERSISTING,3,1,72.453843,-360.156926,0
85,UES1,33,40,40,6,-100.818,-107.956,-123.126,PERSISTING,0,1,-260.605373,195.383531,0
85,UES1,34,41,41,5,-117.615,-110.414,-119.116,PERSISTING,0,1,74.525489,-429.871224,0
85,UES1,35,42,42,5,-102.774,-110.506,-116.396,PERSISTING,1,1,352.598528,-186.818168,0
85,UES1,36,43,43,2,-116.283,-114.515,-108.041,PERSISTING,1,1,387.205304,312.137276,0
85,UES1,37,44,44,3,-78.7029,-113.02,-118.317,SERVED,0,1,84.353847,-393.086159,0
85,UES1,38,45,45,4,-80.1081,-108.351,-114.734,SERVED,0,1,-292.403945,-206.573775,0
85,UES1,39,46,46,3,-116.116,-110.281,-108.363,PERSISTING,5,1,-341.270153,-5.464323,0
85,UES1,40,47,47,4,-112.662,-113.082,-85.309,ALTERNATIVE_AVAILABLE,0,1,-308.263520,353.114107,0
85,UES1,41,48,48,3,-119.353,-97.4116,-117.493,ALTERNATIVE_AVAILABLE,0,1,-445.976554,-342.121109,0
85,UES1,42,49,49,2,-80.7651,-85.4489,-83.1735,SERVED,0,1,136.807878,266.896466,0
85,UES1,43,50,50,2,-83.6181,-110.482,-117.229,SERVED,0,1,197.286788,-195.987790,0
85,UES1,44,51,51,6,-113.565,-110.428,-119.363,PERSISTING,3,1,-114.991138,335.598954,0
85,UES1,45,52,52,4,-109.939,-110.317,-117.872,PERSISTING,2,1,-237.816548,-330.260134,0
85,UES1,46,53,53,1,-116.53,-114.151,-116.003,PERSISTING,2,1,-227.897765,-388.230879,0
85,UES1,47,54,54,4,-112.443,-111.624,-115.796,PERSISTING,1,1,-202.420584,-319.211224,0
85,UES1,48,55,55,3,-111.738,-109.112,-119.247,PERSISTING,2,1,-369.238333,-202.036460,0
85,UES1,49,56,56,1,-105.473,-108.593,-119.103,PERSISTING,1,1,242.180507,-209.362946,0
85,UES1,50,57,57,3,-110.978,-100.864,-115.648,PERSISTING,1,1,-162.496902,-283.820134,0
85,UES1,51,58,58,2,-106.67,-95.5406,-112.38,ALTERNATIVE_AVAILABLE,0,1,390.387171,198.533218,0
85,UES1,52,59,59,6,-97.7826,-114.583,-121.182,SERVED,0,1,-345.773232,339.152421,0
85,UES1,53,60,60,4,-120.486,-121.66,-116.628,MOVE_REQUIRED,9,1,-498.589906,-115.773476,1
85,UES1,54,61,61,1,-111.661,-112.836,-120.732,PERSISTING,1,1,-5.926625,-362.220644,0
85,UES1,55,62,62,2,-105.381,-113.728,-113.651,PERSISTING,2,1,315.718921,-179.947533,0
85,UES1,56,63,63,3,-117.036,-110.246,-118.645,MOVE_REQUIRED,9,1,-3.457395,-337.112874,1
85,UES1,57,64,64,3,-116.27,-87.7159,-114.638,ALTERNATIVE_AVAILABLE,0,1,-228.585044,405.267468,0
85,UES1,58,65,65,7,-121.099,-114.826,-129.034,PERSISTING,5,1,-171.320774,-434.000839,0
85,UES1,59,66,66,5,-107.704,-84.8469,-120.786,ALTERNATIVE_AVAILABLE,0,1,385.542964,-345.473247,0
85,UES2,0,67,67,6,-71.7405,-121.761,-120.339,SERVED,0,1,-288.529536,367.968588,0
85,UES2,1,68,68,2,-111.175,-114.953,-105.68,PERSISTING,0,1,283.206277,315.724520,0
85,UES2,2,69,69,5,-106.865,-114.478,-119.722,PERSISTING,4,1,378.485970,-334.592982,0
85,UES2,3,70,70,6,-95.0165,-124.117,-126.139,SERVED,0,1,-362.256215,290.509123,0
85,UES2,4,71,71,7,-102.775,-122.711,-133.628,PERSISTING,0,1,365.001851,337.558465,0
85,UES2,5,72,72,5,-109.194,-111.323,-120.369,PERSISTING,2,1,369.452062,-288.625854,0
85,UES2,6,73,73,1,-120.634,-117.949,-112.516,PERSISTING,2,1,-379.931710,377.334469,0
85,UES2,7,74,74,7,-114.008,-113.173,-127.51,PERSISTING,0,1,313.865922,395.780002,0
85,UES2,8,75,75,4,-120.011,-113.255,-123.688,MOVE_REQUIRED,6,1,380.477239,-258.551049,1
85,UES2,9,76,76,6,-67.0568,-121.295,-126.238,SERVED,0,1,-369.736389,288.830027,0
85,UES2,10,77,77,7,-111.952,-91.5402,-133.002,ALTERNATIVE_AVAILABLE,0,1,389.081747,403.832783,0
85,UES2,11,78,78,2,-119.575,-120.271,-120.52,MOVE_REQUIRED,8,1,350.540039,-387.447279,1
85,UES2,12,79,79,6,-97.982,-102.183,-129.914,SERVED,0,1,-415.991271,266.735091,0
85,UES2,13,80,80,7,-103.153,-122.023,-133.002,PERSISTING,0,1,355.827521,331.880814,0
85,UES2,14,81,81,4,-116.448,-115.787,-122.781,PERSISTING,1,1,405.003519,-365.303870,0
85,UES2,15,82,82,3,-114.378,-114.733,-96.7529,ALTERNATIVE_AVAILABLE,0,1,-334.703561,381.314316,0
85,UES2,16,83,83,7,-91.1182,-111.704,-126.19,SERVED,0,1,382.033605,365.333766,0
85,UES2,17,84,84,5,-105.048,-95.0953,-121.307,ALTERNATIVE_AVAILABLE,0,1,273.650869,-398.914726,0
85,UES2,18,85,85,4,-117.171,-115.609,-113.186,PERSISTING,4,1,-396.566598,429.019327,0
85,UES2,19,86,86,3,-116.057,-110.357,-114.452,MOVE_REQUIRED,9,1,296.702597,377.898228,1
85,UES2,20,87,87,7,-125.709,-118.262,-125.754,PERSISTING,4,1,411.640681,-406.073191,0
85,UES2,21,88,88,2,-123.012,-114.663,-115.945,PERSISTING,4,1,-352.338867,433.567099,0
85,UES2,22,89,89,7,-111.98,-120.268,-133.073,PERSISTING,5,1,406.689064,403.830134,0
85,UES2,23,90,90,5,-102.004,-119.432,-117.576,PERSISTING,1,1,408.107878,-336.547214,0
85,UES2,24,91,91,3,-115.902,-118.164,-113.037,PERSISTING,2,1,-394.383475,369.058305,0
85,UES2,25,92,92,3,-121.987,-114.645,-113.589,PERSISTING,0,1,353.793910,376.869851,0
85,UES2,26,93,93,5,-79.4743,-118.275,-121.536,SERVED,0,1,314.580472,-309.516064,0
85,UES2,27,94,94,6,-101.73,-105.286,-125.003,PERSISTING,0,1,-434.677471,321.913148,0
85,UES2,28,95,95,6,-125.652,-119.117,-117.768,MOVE_REQUIRED,10,1,326.712281,417.442480,1
85,UES2,29,96,96,5,-107.385,-114.791,-120.502,PERSISTING,0,1,368.026311,-321.149262,0
86,UES1,0,7,7,3,-116.796,-110.219,-121.755,PERSISTING,2,1,-271.276503,-385.732172,0
86,UES1,1,8,8,5,-103.599,-75.7462,-117.214,ALTERNATIVE_AVAILABLE,0,1,308.747329,-309.694109,0
86,UES1,2,9,9,6,-111.906,-104.735,-121.939,PERSISTING,0,1,-353.106285,375.935565,0
86,UES1,3,10,10,5,-99.923,-116.079,-116.351,SERVED,0,1,318.496984,-308.105652,0
86,UES1,4,11,11,7,-85.2284,-84.8712,-123.239,SERVED,0,1,275.850737,327.611363,0
86,UES1,5,12,12,6,-107.662,-109.393,-126.883,PERSISTING,0,1,-298.982737,278.813868,0
86,UES1,6,13,13,1,-111.43,-110.068,-115.309,PERSISTING,0,1,89.051651,350.790215,0
86,UES1,7,14,14,1,-111.041,-108.884,-114.091,PERSISTING,1,1,-43.929849,-351.627539,0
86,UES1,8,15,15,1,-91.1719,-114.074,-112.368,SERVED,0,1,180.540184,-404.318611,0
86,UES1,9,16,16,1,-109.379,-110.678,-119.573,PERSISTING,0,1,301.664022,-89.087733,0
86,UES1,10,17,17,1,-116.161,-114.17,-89.2056,ALTERNATIVE_AVAILABLE,0,1,-110.575135,-398.642873,0
86,UES1,11,18,18,3,-115.433,-109.375,-105.636,PERSISTING,0,1,-326.009585,145.880232,0
86,UES1,12,19,19,5,-114.022,-120.355,-112.807,PERSISTING,1,1,470.821821,35.317679,0
86,UES1,13,20,20,4,-116.767,-89.0949,-81.6949,ALTERNATIVE_AVAILABLE,0,1,196.653333,345.459390,0
86,UES1,14,21,21,5,-88.4695,-105.062,-115.016,SERVED,0,1,260.575816,-218.718024,0
86,UES1,15,22,22,1,-111.313,-110.992,-118.821,PERSISTING,3,1,33.178925,-318.376123,0
86,UES1,16,23,23,6,-107.75,-121.044,-128.111,PERSISTING,0,1,-479.182218,-28.480645,0
86,UES1,17,24,24,2,-111.351,-112.213,-108.579,PERSISTING,0,1,305.975247,6.825766,0
86,UES1,18,25,25,5,-108.438,-86.6953,-118.817,ALTERNATIVE_AVAILABLE,0,1,222.399158,-266.182128,0
86,UES1,19,26,26,3,-112.904,-113.72,-117.106,PERSISTING,1,1,-200.524526,-342.500099,0
86,UES1,20,27,27,6,-66.1158,-121.674,-121.627,SERVED,0,1,-342.116514,309.158493,0
86,UES1,21,28,28,3,-119.012,-115.083,-115.74,PERSISTING,4,1,-209.312515,463.770448,0
86,UES1,22,29,29,7,-105.848,-112.489,-126.682,PERSISTING,1,1,392.037550,266.240887,0
86,UES1,23,30,30,5,-105.68,-114.592,-119.917,PERSISTING,3,1,128.261023,-389.365753,0
86,UES1,24,31,31,6,-104.021,-113.384,-131.849,PERSISTING,2,1,-281.989976,286.928512,0
86,UES1,25,32,32,4,-118.504,-87.0724,-114.192,ALTERNATIVE_AVAILABLE,0,1,-54.168230,458.713605,0
86,UES1,26,33,33,7,-102.693,-115.685,-123.743,PERSISTING,1,1,401.710176,230.389978,0
86,UES1,27,34,34,3,-116.215,-109.025,-112.562,PERSISTING,0,1,36.992333,368.995125,0
86,UES1,28,35,35,3,-97.8794,-97.9616,-107.439,SERVED,0,1,-204.027426,73.704423,0
86,UES1,29,36,36,3,-114.864,-92.8243,-89.1465,ALTERNATIVE_AVAILABLE,0,1,-66.399793,236.684676,0
86,UES1,30,37,37,4,-120.432,-117.901,-122.085,MOVE_REQUIRED,7,1,-119.848980,-451.443149,1
86,UES1,31,38,38,2,-119.592,-123.375,-116.091,PERSISTING,2,1,429.880975,117.179277,0
86,UES1,32,39,39,2,-117.529,-111.291,-117.713,PERSISTING,4,1,72.879654,-365.138767,0
86,UES1,33,40,40,6,-82.1387,-103.754,-123.147,SERVED,0,1,-265.540484,194.584953,0
86,UES1,34,41,41,5,-111.7,-113.794,-121.624,PERSISTING,1,1,76.209598,-434.579398,0
86,UES1,35,42,42,5,-94.3437,-111.711,-112.152,SERVED,0,1,357.004962,-189.181753,0
86,UES1,36,43,43,2,-111.966,-109.11,-108.866,PERSISTING,2,1,391.032826,315.354716,0
86,UES1,37,44,44,3,-114.48,-105.658,-117.48,PERSISTING,0,1,79.730918,-394.989569,0
86,UES1,38,45,45,4,-111.866,-111.301,-117.628,PERSISTING,0,1,-296.676416,-209.169859,0
86,UES1,39,46,46,3,-98.8219,-93.7817,-109.701,SERVED,0,1,-346.263873,-5.234032,0
86,UES1,40,47,47,4,-115.158,-113.238,-110.192,PERSISTING,0,1,-310.778919,357.434689,0
86,UES1,41,48,48,3,-117.395,-113.981,-119.168,PERSISTING,0,1,-450.062433,-345.002038,0
86,UES1,42,49,49,2,-76.4952,-110.492,-108.696,SERVED,0,1,138.910623,271.432816,0
86,UES1,43,50,50,2,-113.267,-104.817,-111.498,PERSISTING,0,1,198.234099,-191.078121,0
86,UES1,44,51,51,6,-113.563,-112.349,-123.366,PERSISTING,4,1,-116.805622,340.258099,0
86,UES1,45,52,52,4,-107.992,-114.445,-116.158,PERSISTING,3,1,-241.136923,-333.997546,0
86,UES1,46,53,53,1,-115.454,-104.582,-117.028,PERSISTING,3,1,-230.391634,-392.564519,0
86,UES1,47,54,54,4,-109.924,-111.259,-114.122,PERSISTING,2,1,-203.851120,-324.002211,0
86,UES1,48,55,55,3,-110.611,-109.618,-116.619,PERSISTING,3,1,-372.939068,-205.398684,0
86,UES1,49,56,56,1,-107.209,-109.129,-112.029,PERSISTING,2,1,245.692259,-212.922403,0
86,UES1,50,57,57,3,-110.31,-101.803,-117.099,PERSISTING,2,1,-166.170126,-280.428096,0
86,UES1,51,58,58,2,-112.396,-107.083,-104.846,PERSISTING,0,1,392.491112,203.069449,0
86,UES1,52,59,59,6,-101.441,-114.881,-121.084,PERSISTING,0,1,-349.762228,342.167036,0
86,UES1,53,60,60,4,-115.096,-119.433,-118.938,MOVE_REQUIRED,10,1,-503.432917,-117.012621,1
86,UES1,54,61,61,1,-111.946,-111.997,-121.546,PERSISTING,2,1,-6.872740,-367.130268,0
86,UES1,55,62,62,2,-106.715,-111.442,-115.349,PERSISTING,3,1,319.521324,-183.194856,0
86,UES1,56,63,63,3,-110.417,-109.786,-119.106,MOVE_REQUIRED,10,1,-3.000485,-342.092017,1
86,UES1,57,64,64,3,-111.67,-113.799,-113.447,PERSISTING,0,1,-230.363646,409.940195,0
86,UES1,58,65,65,7,-121.251,-112.499,-122.75,MOVE_REQUIRED,6,1,-172.459462,-438.869387,1
86,UES1,59,66,66,5,-110.766,-115.656,-112.243,PERSISTING,0,1,389.222169,-348.859737,0
86,UES2,0,67,67,6,-103.066,-118.676,-121.639,PERSISTING,0,1,-291.578157,370.558146,0
86,UES2,1,68,68,2,-113.661,-114.048,-89.5059,ALTERNATIVE_AVAILABLE,0,1,281.969509,319.528544,0
86,UES2,2,69,69,5,-107.047,-112.325,-114.293,PERSISTING,5,1,374.801981,-336.147867,0
86,UES2,3,70,70,6,-70.6253,-93.976,-124.089,SERVED,0,1,-364.739320,293.644562,0
86,UES2,4,71,71,7,-100.103,-111.873,-130.69,PERSISTING,1,1,368.270794,339.865064,0
86,UES2,5,72,72,5,-104.29,-89.0207,-116.725,ALTERNATIVE_AVAILABLE,0,1,369.133900,-284.638533,0
86,UES2,6,73,73,1,-124.292,-116.119,-112.523,PERSISTING,3,1,-378.554999,381.090276,0
86,UES2,7,74,74,7,-112.411,-115.105,-126.365,PERSISTING,1,1,316.533226,392.798972,0
86,UES2,8,75,75,4,-121.06,-116.67,-115.052,MOVE_REQUIRED,7,1,376.661678,-259.750343,1
86,UES2,9,76,76,6,-93.1826,-117.514,-121.354,SERVED,0,1,-368.253224,285.115117,0
86,UES2,10,77,77,7,-119.268,-115.335,-120.738,PERSISTING,0,1,392.386572,406.086996,0
86,UES2,11,78,78,2,-114.92,-115.867,-119.596,MOVE_REQUIRED,9,1,347.344058,-385.042761,1
86,UES2,12,79,79,6,-108.801,-119.778,-129.879,PERSISTING,0,1,-418.864304,263.951785,0
86,UES2,13,80,80,7,-105.489,-118.855,-135.557,PERSISTING,1,1,353.729560,335.286039,0
86,UES2,14,81,81,4,-119.922,-109.539,-117.037,PERSISTING,2,1,404.397096,-369.257546,0
86,UES2,15,82,82,3,-115.105,-117.668,-113.001,PERSISTING,0,1,-334.775327,385.313657,0
86,UES2,16,83,83,7,-119.191,-115.239,-129.234,PERSISTING,0,1,379.097178,368.049482,0
86,UES2,17,84,84,5,-113.53,-118.324,-121.827,PERSISTING,0,1,272.296883,-402.678214,0
86,UES2,18,85,85,4,-116.34,-107.395,-113.143,PERSISTING,5,1,-396.051079,432.985976,0
86,UES2,19,86,86,3,-120.344,-116.552,-112.143,MOVE_REQUIRED,10,1,300.396155,376.359982,1
86,UES2,20,87,87,7,-123.823,-118.045,-128.797,PERSISTING,5,1,415.390456,-407.466352,0
86,UES2,21,88,88,2,-118.592,-119.498,-117.372,PERSISTING,5,1,-348.451541,432.618404,0
86,UES2,22,89,89,7,-116.128,-98.4679,-134.765,ALTERNATIVE_AVAILABLE,0,1,409.580039,406.595158,0
86,UES2,23,90,90,5,-74.4786,-124.368,-118.582,SERVED,0,1,411.497627,-338.670609,0
86,UES2,24,91,91,3,-119.651,-116.739,-97.9958,ALTERNATIVE_AVAILABLE,0,1,-390.401657,368.664985,0
86,UES2,25,92,92,3,-89.7972,-113.81,-106.761,SERVED,0,1,351.124214,373.890976,0
86,UES2,26,93,93,5,-93.6661,-116.87,-98.9984,SERVED,0,1,313.572160,-313.386751,0
86,UES2,27,94,94,6,-96.8746,-122.105,-126.961,SERVED,0,1,-430.680103,321.753204,0
86,UES2,28,95,95,6,-130.566,-123.934,-115.615,MOVE_REQUIRED,11,1,322.724482,417.746259,1
86,UES2,29,96,96,5,-89.0737,-110.122,-121.999,SERVED,0,1,364.744211,-323.433901,0
87,UES1,0,7,7,3,-119.372,-113.229,-121.956,PERSISTING,3,1,-274.130399,-389.837043,0
87,UES1,1,8,8,5,-102.751,-111.826,-94.9786,ALTERNATIVE_AVAILABLE,0,1,311.999527,-313.492620,0
87,UES1,2,9,9,6,-115.466,-113.899,-127.003,PERSISTING,1,1,-356.362071,379.729589,0
87,UES1,3,10,10,5,-109.215,-112.955,-118.508,PERSISTING,0,1,322.396272,-311.236763,0
87,UES1,4,11,11,7,-100.402,-111.938,-126.854,PERSISTING,0,1,279.656729,330.853959,0
87,UES1,5,12,12,6,-104.468,-110.668,-121.496,PERSISTING,1,1,-302.074657,282.743237,0
87,UES1,6,13,13,1,-115.315,-112.319,-112.582,PERSISTING,1,1,89.048063,355.790213,0
87,UES1,7,14,14,1,-114.059,-113.378,-115.776,PERSISTING,2,1,-45.056575,-356.498933,0
87,UES1,8,15,15,1,-110.139,-113.317,-94.4889,ALTERNATIVE_AVAILABLE,0,1,182.925209,-408.713366,0
87,UES1,9,16,16,1,-90.7472,-114.941,-117.951,SERVED,0,1,306.245087,-91.093193,0
87,UES1,10,17,17,1,-117.684,-118.813,-116.998,PERSISTING,0,1,-111.497328,-403.557056,0
87,UES1,11,18,18,4,-116.789,-116.111,-106.01,PERSISTING,1,1,-330.765281,147.420962,0
87,UES1,12,19,19,5,-112.542,-111.68,-116.768,PERSISTING,2,1,475.575125,36.868841,0
87,UES1,13,20,20,4,-116.235,-93.4539,-111.156,ALTERNATIVE_AVAILABLE,0,1,199.041946,349.851945,0
87,UES1,14,21,21,5,-93.3906,-106.444,-115.786,SERVED,0,1,262.746738,-214.213407,0
87,UES1,15,22,22,1,-105.917,-110.66,-117.439,PERSISTING,4,1,29.612153,-321.879657,0
87,UES1,16,23,23,6,-107.252,-106.81,-116.562,PERSISTING,1,1,-484.172350,-28.183517,0
87,UES1,17,24,24,2,-108.626,-109.865,-103.166,PERSISTING,1,1,310.937868,7.436134,0
87,UES1,18,25,25,5,-100.842,-90.3575,-116.378,ALTERNATIVE_AVAILABLE,0,1,225.154973,-270.354246,0
87,UES1,19,26,26,3,-114.534,-109.264,-121.24,PERSISTING,2,1,-202.786352,-346.959263,0
87,UES1,20,27,27,6,-99.514,-120.229,-119.991,SERVED,0,1,-345.952408,312.364957,0
87,UES1,21,28,28,3,-114.334,-119.645,-105.236,PERSISTING,5,1,-210.861466,468.524473,0
87,UES1,22,29,29,7,-110.951,-110.787,-128.109,PERSISTING,2,1,395.705991,269.638717,0
87,UES1,23,30,30,5,-107.248,-92.8551,-96.5324,ALTERNATIVE_AVAILABLE,0,1,129.680794,-394.160252,0
87,UES1,24,31,31,6,-78.4632,-112.766,-133.496,SERVED,0,1,-286.322252,289.424038,0
87,UES1,25,32,32,4,-116.259,-112.761,-119.388,PERSISTING,0,1,-54.521080,463.701080,0
87,UES1,26,33,33,7,-108.949,-116.111,-126.008,PERSISTING,2,1,405.249437,233.921781,0
87,UES1,27,34,34,1,-112.409,-106.354,-113.071,PERSISTING,1,1,36.787799,373.990892,0
87,UES1,28,35,35,3,-105.101,-86.5588,-106.66,ALTERNATIVE_AVAILABLE,0,1,-199.278907,72.137073,0
87,UES1,29,36,36,2,-108.62,-103.287,-107.659,PERSISTING,0,1,-68.842230,241.047531,0
87,UES1,30,37,37,4,-118.253,-116.494,-118.404,MOVE_REQUIRED,8,1,-121.839292,-456.029460,1
87,UES1,31,38,38,2,-116.442,-121.962,-98.7458,ALTERNATIVE_AVAILABLE,0,1,434.637867,118.720137,0
87,UES1,32,39,39,2,-115.959,-89.1289,-117.112,ALTERNATIVE_AVAILABLE,0,1,73.305466,-370.120609,0
87,UES1,33,40,40,6,-96.7411,-108.822,-120.604,SERVED,0,1,-270.475594,193.786377,0
87,UES1,34,41,41,5,-122.787,-116.41,-122.352,PERSISTING,2,1,77.893708,-439.287575,0
87,UES1,35,42,42,5,-91.3483,-110.552,-96.6883,SERVED,0,1,361.411396,-191.545341,0
87,UES1,36,43,43,2,-110.816,-106.344,-114.247,PERSISTING,3,1,394.860347,318.572161,0
87,UES1,37,44,44,3,-118.091,-112.885,-118.904,PERSISTING,1,1,75.107990,-396.892979,0
87,UES1,38,45,45,4,-109.068,-113.781,-121.294,PERSISTING,1,1,-300.948887,-211.765933,0
87,UES1,39,46,46,3,-109.979,-109.362,-92.226,ALTERNATIVE_AVAILABLE,0,1,-351.257593,-5.003741,0
87,UES1,40,47,47,4,-114.802,-117.477,-112.496,PERSISTING,1,1,-313.294319,361.755268,0
87,UES1,41,48,48,3,-117.415,-119.618,-120.946,PERSISTING,1,1,-454.148313,-347.882964,0
87,UES1,42,49,49,2,-108.211,-106.561,-108.681,PERSISTING,0,1,141.013368,275.969165,0
87,UES1,43,50,50,2,-106.654,-101.838,-111.75,PERSISTING,1,1,199.180693,-186.168450,0
87,UES1,44,51,51,6,-110.723,-112.715,-116.063,PERSISTING,5,1,-118.620107,344.917243,0
87,UES1,45,52,52,4,-112.033,-112.192,-120.453,PERSISTING,4,1,-244.457298,-337.734953,0
87,UES1,46,53,53,1,-118.307,-116.341,-119.039,PERSISTING,4,1,-232.885504,-396.898159,0
87,UES1,47,54,54,4,-89.7598,-112.701,-111.551,SERVED,0,1,-205.281657,-328.793197,0
87,UES1,48,55,55,3,-114.485,-113.07,-117.616,PERSISTING,4,1,-376.639803,-208.760909,0
87,UES1,49,56,56,1,-108.084,-114.131,-116.325,PERSISTING,3,1,249.204010,-216.481861,0
87,UES1,50,57,57,4,-108.274,-105.417,-115.484,PERSISTING,3,1,-169.843351,-277.036058,0
87,UES1,51,58,58,2,-112.565,-114.847,-109.179,PERSISTING,1,1,394.595052,207.605684,0
87,UES1,52,59,59,6,-105.53,-117.862,-118.709,PERSISTING,1,1,-353.751223,345.181651,0
87,UES1,53,60,60,4,-115.102,-122.187,-113.87,MOVE_REQUIRED,11,1,-508.275928,-118.251762,1
87,UES1,54,61,61,1,-114.017,-77.0672,-95.5731,ALTERNATIVE_AVAILABLE,0,1,-7.818856,-372.039892,0
87,UES1,55,62,62,2,-105.632,-110.169,-116.213,PERSISTING,4,1,323.323728,-186.442187,0
87,UES1,56,63,63,3,-109.897,-110.591,-116.048,MOVE_REQUIRED,11,1,-2.543574,-347.071161,1
87,UES1,57,64,64,3,-114.422,-114.547,-113.69,PERSISTING,1,1,-232.142247,414.612920,0
87,UES1,58,65,65,7,-123.525,-115.125,-111.561,MOVE_REQUIRED,7,1,-173.598150,-443.737935,1
87,UES1,59,66,66,5,-112.625,-102.844,-97.0576,ALTERNATIVE_AVAILABLE,0,1,392.901374,-352.246232,0
87,UES2,0,67,67,6,-102.688,-122.546,-120.038,PERSISTING,1,1,-294.627017,373.147701,0
87,UES2,1,68,68,7,-115.201,-112.802,-125.818,PERSISTING,0,1,280.732741,323.332567,0
87,UES2,2,69,69,5,-85.049,-86.8096,-118.631,SERVED,0,1,371.117991,-337.702729,0
87,UES2,3,70,70,6,-101.424,-102.126,-125.201,PERSISTING,0,1,-367.222425,296.779988,0
87,UES2,4,71,71,7,-107.738,-121.362,-132.402,PERSISTING,2,1,371.539736,342.171685,0
87,UES2,5,72,72,5,-78.9055,-115.392,-120.762,SERVED,0,1,368.815737,-280.651213,0
87,UES2,6,73,73,1,-118.666,-119.648,-115.663,PERSISTING,4,1,-377.178287,384.846090,0
87,UES2,7,74,74,7,-113.322,-114.157,-126.713,PERSISTING,2,1,319.200530,389.817942,0
87,UES2,8,75,75,4,-101.428,-111.918,-116.481,MOVE_REQUIRED,8,1,372.846117,-260.949635,1
87,UES2,9,76,76,6,-74.0687,-119.913,-126.081,SERVED,0,1,-366.770059,281.400207,0
87,UES2,10,77,77,7,-114.396,-116.306,-128.566,PERSISTING,1,1,395.691398,408.341241,0
87,UES2,11,78,78,2,-118.444,-117.014,-118.182,MOVE_REQUIRED,10,1,344.148077,-382.638251,1
87,UES2,12,79,79,6,-112.119,-117.777,-128.762,PERSISTING,1,1,-421.737338,261.168484,0
87,UES2,13,80,80,7,-91.799,-122.855,-132.575,SERVED,0,1,351.631600,338.691248,0
87,UES2,14,81,81,4,-123.84,-117.93,-115.249,PERSISTING,3,1,403.790673,-373.211217,0
87,UES2,15,82,82,3,-116.128,-115.566,-109.843,PERSISTING,1,1,-334.847093,389.312996,0
87,UES2,16,83,83,7,-108.861,-112.523,-124.87,PERSISTING,1,1,376.160751,370.765185,0
87,UES2,17,84,84,5,-106.563,-109.824,-123.323,PERSISTING,1,1,270.942898,-406.441660,0
87,UES2,18,85,85,4,-122.306,-119.423,-118.107,MOVE_REQUIRED,6,1,-395.535559,436.952627,1
87,UES2,19,86,86,3,-117.575,-113.044,-109.68,MOVE_REQUIRED,11,1,304.089714,374.821724,1
87,UES2,20,87,87,7,-121.25,-114.789,-130.675,MOVE_REQUIRED,6,1,419.140231,-408.859536,1
87,UES2,21,88,88,2,-123.113,-115.068,-114.243,MOVE_REQUIRED,6,1,-344.564214,431.669688,1
87,UES2,22,89,89,7,-116.435,-120.381,-133.121,PERSISTING,0,1,412.471014,409.360217,0
87,UES2,23,90,90,5,-101.201,-119.01,-115.699,PERSISTING,0,1,414.887376,-340.794022,0
87,UES2,24,91,91,3,-116.69,-118.08,-111.245,PERSISTING,0,1,-386.489690,368.920131,0
87,UES2,25,92,92,3,-122.47,-115.153,-109.724,PERSISTING,0,1,348.454518,370.912103,0
87,UES2,26,93,93,5,-96.2871,-119.438,-116.939,SERVED,0,1,312.563847,-317.257434,0
87,UES2,27,94,94,6,-92.3093,-120.425,-121.376,SERVED,0,1,-426.682735,321.593259,0
87,UES2,28,95,95,6,-131.389,-121.742,-119.191,MOVE_REQUIRED,12,1,318.736682,418.050032,1
87,UES2,29,96,96,5,-106.314,-113.245,-119.866,PERSISTING,0,1,361.462111,-325.718521,0
88,UES1,0,7,7,3,-114.473,-112.552,-117.695,PERSISTING,4,1,-276.984295,-393.941912,0
88,UES1,1,8,8,5,-105.483,-114.754,-116.213,PERSISTING,0,1,315.251724,-317.291135,0
88,UES1,2,9,9,6,-115.869,-117.775,-125.628,PERSISTING,2,1,-359.617857,383.523608,0
88,UES1,3,10,10,5,-103.001,-113.001,-119.038,PERSISTING,1,1,326.295559,-314.367877,0
88,UES1,4,11,11,7,-98.2907,-95.5241,-126.758,SERVED,0,1,283.462721,334.096555,0
88,UES1,5,12,12,6,-92.038,-107.759,-126.843,SERVED,0,1,-305.166576,286.672604,0
88,UES1,6,13,13,1,-103.334,-105.615,-115.066,PERSISTING,2,1,89.044475,360.790212,0
88,UES1,7,14,14,1,-116.919,-113.023,-122.439,PERSISTING,3,1,-46.183302,-361.370327,0
88,UES1,8,15,15,1,-119.522,-113.076,-119.144,PERSISTING,0,1,185.310233,-413.108123,0
88,UES1,9,16,16,1,-113.85,-86.4694,-113.609,ALTERNATIVE_AVAILABLE,0,1,310.826152,-93.098656,0
88,UES1,10,17,17,1,-118.248,-112.43,-118.567,PERSISTING,1,1,-112.419522,-408.471237,0
88,UES1,11,18,18,4,-112.492,-115.295,-105.313,PERSISTING,2,1,-335.520976,148.961690,0
88,UES1,12,19,19,5,-110.821,-110.261,-115.686,PERSISTING,3,1,480.328428,38.420004,0
88,UES1,13,20,20,4,-118.334,-91.5187,-80.3658,ALTERNATIVE_AVAILABLE,0,1,201.430559,354.244499,0
88,UES1,14,21,21,5,-92.6995,-108.684,-116.474,SERVED,0,1,264.917661,-209.708785,0
88,UES1,15,22,22,1,-114.604,-91.3003,-119.499,ALTERNATIVE_AVAILABLE,0,1,26.045381,-325.383189,0
88,UES1,16,23,23,6,-107.858,-111.461,-127.153,PERSISTING,2,1,-489.162481,-27.886393,0
88,UES1,17,24,24,2,-90.5664,-82.3787,-109.602,SERVED,0,1,315.900489,8.046502,0
88,UES1,18,25,25,5,-102.655,-107.145,-94.9073,ALTERNATIVE_AVAILABLE,0,1,227.910789,-274.526364,0
88,UES1,19,26,26,3,-114.277,-114.761,-120.599,PERSISTING,3,1,-205.048178,-351.418426,0
88,UES1,20,27,27,6,-79.8564,-118.924,-124.948,SERVED,0,1,-349.788303,315.571420,0
88,UES1,21,28,28,3,-113.593,-114.716,-94.9422,ALTERNATIVE_AVAILABLE,0,1,-212.410416,473.278498,0
88,UES1,22,29,29,7,-113.802,-109.376,-129.047,PERSISTING,3,1,399.374431,273.036548,0
88,UES1,23,30,30,5,-107.339,-116.403,-95.3381,ALTERNATIVE_AVAILABLE,0,1,131.100565,-398.954753,0
88,UES1,24,31,31,6,-104.927,-112.505,-127.801,PERSISTING,0,1,-290.654528,291.919562,0
88,UES1,25,32,32,4,-119.292,-111.628,-115.507,PERSISTING,1,1,-54.873929,468.688554,0
88,UES1,26,33,33,7,-111.213,-112.754,-124.278,PERSISTING,3,1,408.788699,237.453584,0
88,UES1,27,34,34,1,-85.4286,-109.209,-110.493,SERVED,0,1,36.582549,378.986658,0
88,UES1,28,35,35,3,-92.5568,-95.8668,-101.585,SERVED,0,1,-194.530387,70.569723,0
88,UES1,29,36,36,2,-110.309,-98.6521,-119.445,ALTERNATIVE_AVAILABLE,0,1,-71.284668,245.410385,0
88,UES1,30,37,37,4,-117.48,-116.688,-122.492,MOVE_REQUIRED,9,1,-123.829603,-460.615768,1
88,UES1,31,38,38,2,-94.76,-98.6872,-116.212,SERVED,0,1,439.394758,120.260999,0
88,UES1,32,39,39,2,-119.229,-94.4798,-117.418,ALTERNATIVE_AVAILABLE,0,1,73.731278,-375.102450,0
88,UES1,33,40,40,6,-79.6079,-109.326,-124.044,SERVED,0,1,-275.410705,192.987801,0
88,UES1,34,41,41,5,-111.984,-113.039,-119.949,PERSISTING,3,1,79.577817,-443.995755,0
88,UES1,35,42,42,5,-99.3956,-100.675,-116.894,SERVED,0,1,365.817831,-193.908930,0
88,UES1,36,43,43,2,-91.2178,-99.5781,-99.0264,SERVED,0,1,398.687869,321.789612,0
88,UES1,37,44,44,3,-111.563,-112.472,-114.673,PERSISTING,2,1,70.485061,-398.796387,0
88,UES1,38,45,45,4,-112.144,-108.936,-118.038,PERSISTING,2,1,-305.221358,-214.361995,0
88,UES1,39,46,46,3,-107.188,-113.807,-97.5887,ALTERNATIVE_AVAILABLE,0,1,-356.251312,-4.773451,0
88,UES1,40,47,47,4,-99.3641,-111.771,-98.7688,SERVED,0,1,-315.809718,366.075843,0
88,UES1,41,48,48,3,-116.685,-120.032,-116.912,PERSISTING,2,1,-458.234192,-350.763885,0
88,UES1,42,49,49,2,-90.9355,-104.342,-111.72,SERVED,0,1,143.116113,280.505515,0
88,UES1,43,50,50,2,-104.3,-99.8833,-114.935,ALTERNATIVE_AVAILABLE,0,1,200.126809,-181.258779,0
88,UES1,44,51,51,6,-114.078,-111.95,-122.963,MOVE_REQUIRED,6,1,-120.434591,349.576387,1
88,UES1,45,52,52,4,-110.516,-97.3539,-119.396,ALTERNATIVE_AVAILABLE,0,1,-247.777673,-341.472355,0
88,UES1,46,53,53,1,-116.326,-92.6726,-120.378,ALTERNATIVE_AVAILABLE,0,1,-235.379373,-401.231799,0
88,UES1,47,54,54,4,-110.754,-111.008,-118.573,PERSISTING,0,1,-206.712193,-333.584183,0
88,UES1,48,55,55,3,-111.202,-109.298,-113.264,PERSISTING,5,1,-380.340538,-212.123133,0
88,UES1,49,56,56,1,-106.618,-112.108,-115.426,PERSISTING,4,1,252.715761,-220.041321,0
88,UES1,50,57,57,4,-107.172,-108.242,-113.379,PERSISTING,4,1,-173.516576,-273.644021,0
88,UES1,51,58,58,2,-111.912,-107.851,-101.059,PERSISTING,2,1,396.698993,212.141924,0
88,UES1,52,59,59,6,-93.3972,-118.372,-123.15,SERVED,0,1,-357.740218,348.196267,0
88,UES1,53,60,60,4,-121.168,-119.706,-118.194,MOVE_REQUIRED,12,1,-513.118939,-119.490898,1
88,UES1,54,61,61,1,-113.501,-115.993,-115.616,PERSISTING,0,1,-8.764972,-376.949515,0
88,UES1,55,62,62,2,-108.087,-111.491,-108.52,PERSISTING,5,1,327.126131,-189.689528,0
88,UES1,56,63,63,3,-111.635,-110.593,-119.791,MOVE_REQUIRED,12,1,-2.086664,-352.050307,1
88,UES1,57,64,64,3,-111.556,-112.113,-113.147,PERSISTING,2,1,-233.920848,419.285644,0
88,UES1,58,65,65,7,-127.42,-114.66,-125.946,MOVE_REQUIRED,8,1,-174.736838,-448.606482,1
88,UES1,59,66,66,5,-108.182,-115.806,-117.851,PERSISTING,0,1,396.580579,-355.632732,0
88,UES2,0,67,67,6,-104.547,-120.434,-124.433,PERSISTING,2,1,-297.675877,375.737255,0
88,UES2,1,68,68,7,-110.964,-115.863,-126.998,PERSISTING,1,1,279.495973,327.136588,0
88,UES2,2,69,69,5,-109.602,-113.132,-118.526,PERSISTING,0,1,367.434002,-339.257568,0
88,UES2,3,70,70,6,-95.8039,-124.145,-128.608,SERVED,0,1,-369.705529,299.915402,0
88,UES2,4,71,71,7,-106.532,-117.126,-131.683,PERSISTING,3,1,374.808679,344.478331,0
88,UES2,5,72,72,5,-106.506,-112.897,-117.306,PERSISTING,0,1,368.497574,-276.663895,0
88,UES2,6,73,73,1,-123.674,-117.214,-111.687,PERSISTING,5,1,-375.801575,388.601914,0
88,UES2,7,74,74,7,-113.483,-112.86,-126.028,PERSISTING,3,1,321.867834,386.836911,0
88,UES2,8,75,75,4,-122.186,-110.479,-114.412,MOVE_REQUIRED,9,1,369.030557,-262.148924,1
88,UES2,9,76,76,6,-93.3437,-101.202,-115.986,SERVED,0,1,-365.286895,277.685297,0
88,UES2,10,77,77,7,-117.636,-115.821,-122.637,PERSISTING,2,1,398.996224,410.595534,0
88,UES2,11,78,78,2,-115.844,-115.283,-122.601,MOVE_REQUIRED,11,1,340.952097,-380.233749,1
88,UES2,12,79,79,6,-107.907,-118.149,-128.381,PERSISTING,2,1,-423.403027,259.431484,0
88,UES2,13,80,80,7,-110.69,-117.528,-133.961,PERSISTING,0,1,349.533640,342.096439,0
88,UES2,14,81,81,4,-123.103,-116.385,-117.566,PERSISTING,4,1,403.184250,-377.164884,0
88,UES2,15,82,82,3,-113.888,-96.6723,-118.156,ALTERNATIVE_AVAILABLE,0,1,-334.918859,393.312333,0
88,UES2,16,83,83,7,-111.249,-111.922,-125.931,PERSISTING,2,1,373.224324,373.480874,0
88,UES2,17,84,84,5,-105.058,-117.493,-125.216,PERSISTING,2,1,269.587955,-410.205066,0
88,UES2,18,85,85,4,-119.98,-118.246,-98.5024,ALTERNATIVE_AVAILABLE,0,1,-395.020040,440.919280,0
88,UES2,19,86,86,3,-115.442,-89.6567,-113.107,ALTERNATIVE_AVAILABLE,0,1,307.783272,373.283454,0
88,UES2,20,87,87,7,-120.245,-86.5222,-129.996,ALTERNATIVE_AVAILABLE,0,1,422.890006,-410.252748,0
88,UES2,21,88,88,2,-120.411,-116.824,-115.634,MOVE_REQUIRED,7,1,-340.676887,430.720950,1
88,UES2,22,89,89,7,-116.922,-122.092,-128.162,PERSISTING,1,1,415.361989,412.125325,0
88,UES2,23,90,90,5,-100.698,-123.386,-120.034,PERSISTING,1,1,418.277125,-342.917466,0
88,UES2,24,91,91,3,-112.315,-113.38,-113.842,PERSISTING,1,1,-382.682502,370.148102,0
88,UES2,25,92,92,3,-115.411,-97.0812,-118.579,ALTERNATIVE_AVAILABLE,0,1,345.784821,367.933231,0
88,UES2,26,93,93,5,-72.9997,-116.442,-121.585,SERVED,0,1,311.555534,-321.128111,0
88,UES2,27,94,94,6,-90.6987,-116.6,-124.142,SERVED,0,1,-422.685367,321.433314,0
88,UES2,28,95,95,6,-132.568,-118.872,-120.865,MOVE_REQUIRED,13,1,314.748883,418.353797,1
88,UES2,29,96,96,5,-83.556,-113.192,-116.461,SERVED,0,1,358.180011,-328.003121,0
89,UES1,0,7,7,3,-114.89,-113.614,-119.186,PERSISTING,5,1,-279.838191,-398.046777,0
89,UES1,1,8,8,5,-110.056,-109.095,-116.903,PERSISTING,1,1,318.503921,-321.089653,0
89,UES1,2,9,9,3,-117.084,-118.059,-114.845,PERSISTING,3,1,-362.873642,387.317622,0
89,UES1,3,10,10,5,-105.673,-111.368,-116.579,PERSISTING,2,1,330.194847,-317.498995,0
89,UES1,4,11,11,7,-116.552,-110.138,-116.17,PERSISTING,0,1,287.268713,337.339151,0
89,UES1,5,12,12,6,-104.935,-79.9718,-122.425,ALTERNATIVE_AVAILABLE,0,1,-308.258496,290.601961,0
89,UES1,6,13,13,1,-111.626,-106.954,-115.328,PERSISTING,3,1,89.040886,365.790211,0
89,UES1,7,14,14,1,-109,-111.379,-119.812,PERSISTING,4,1,-47.310029,-366.241722,0
89,UES1,8,15,15,1,-114.18,-117.67,-115.256,PERSISTING,1,1,187.695258,-417.502881,0
89,UES1,9,16,16,1,-77.5986,-90.663,-118.964,SERVED,0,1,315.407217,-95.104120,0
89,UES1,10,17,17,1,-114.587,-115.571,-118.495,PERSISTING,2,1,-113.341715,-413.385417,0
89,UES1,11,18,18,4,-112.718,-115.503,-101.754,PERSISTING,3,1,-340.276672,150.502416,0
89,UES1,12,19,19,5,-114.878,-122.472,-117.164,PERSISTING,4,1,485.081732,39.971167,0
89,UES1,13,20,20,4,-115.873,-108.747,-108.992,PERSISTING,0,1,203.819171,358.637054,0
89,UES1,14,21,21,5,-86.3138,-107.047,-111.462,SERVED,0,1,267.088583,-205.204155,0
89,UES1,15,22,22,1,-111.392,-111.125,-115.464,PERSISTING,0,1,22.478610,-328.886719,0
89,UES1,16,23,23,6,-105.646,-121.528,-127.745,PERSISTING,3,1,-494.152613,-27.589273,0
89,UES1,17,24,24,2,-108.137,-110.283,-112.205,PERSISTING,0,1,320.863110,8.656870,0
89,UES1,18,25,25,5,-88.3888,-96.8991,-121.97,SERVED,0,1,230.666604,-278.698483,0
89,UES1,19,26,26,3,-111.463,-116.019,-114.401,PERSISTING,4,1,-207.310004,-355.877590,0
89,UES1,20,27,27,6,-79.8864,-118.701,-124.62,SERVED,0,1,-353.624197,318.777880,0
89,UES1,21,28,28,3,-118.911,-116.028,-114.577,PERSISTING,0,1,-213.959366,478.032522,0
89,UES1,22,29,29,7,-112.403,-111.201,-125.497,PERSISTING,4,1,403.042871,276.434381,0
89,UES1,23,30,30,5,-107.005,-109.892,-120.326,PERSISTING,0,1,132.520337,-403.749257,0
89,UES1,24,31,31,6,-106.277,-112.078,-129.411,PERSISTING,1,1,-294.986804,294.415085,0
89,UES1,25,32,32,4,-114.548,-111.308,-101.904,PERSISTING,2,1,-55.226779,473.676027,0
89,UES1,26,33,33,7,-109.34,-113.501,-125.543,PERSISTING,4,1,412.327960,240.985387,0
89,UES1,27,34,34,1,-109.774,-107.829,-108.777,PERSISTING,0,1,36.376819,383.982423,0
89,UES1,28,35,35,3,-100.01,-91.8646,-101.184,ALTERNATIVE_AVAILABLE,0,1,-189.781868,69.002373,0
89,UES1,29,36,36,2,-114.483,-104.596,-117.055,PERSISTING,0,1,-73.727105,249.773240,0
89,UES1,30,37,37,4,-115.642,-97.0471,-120.298,ALTERNATIVE_AVAILABLE,0,1,-125.819914,-465.202072,0
89,UES1,31,38,38,2,-120.395,-123.412,-102.147,PERSISTING,0,1,444.151650,121.801862,0
89,UES1,32,39,39,2,-118.874,-111.405,-116.013,PERSISTING,0,1,74.157090,-380.084292,0
89,UES1,33,40,40,6,-77.4051,-110.622,-123.922,SERVED,0,1,-280.345816,192.189225,0
89,UES1,34,41,41,5,-115.009,-105.037,-118.369,PERSISTING,4,1,81.261927,-448.703938,0
89,UES1,35,42,42,5,-90.5936,-115.089,-112.822,SERVED,0,1,370.224265,-196.272522,0
89,UES1,36,43,43,2,-118.976,-119.275,-112.953,PERSISTING,0,1,402.515391,325.007067,0
89,UES1,37,44,44,3,-117.63,-114.021,-115.628,PERSISTING,3,1,65.862133,-400.699795,0
89,UES1,38,45,45,4,-110.243,-114.169,-121.436,PERSISTING,3,1,-309.493829,-216.958044,0
89,UES1,39,46,46,3,-80.6078,-115.397,-108.121,SERVED,0,1,-361.245032,-4.543162,0
89,UES1,40,47,47,4,-117.611,-111.693,-109.903,PERSISTING,0,1,-318.325117,370.396414,0
89,UES1,41,48,48,3,-116.843,-120.311,-100.604,PERSISTING,3,1,-462.320072,-353.644803,0
89,UES1,42,49,49,2,-104.263,-79.3308,-110.761,ALTERNATIVE_AVAILABLE,0,1,145.218857,285.041865,0
89,UES1,43,50,50,1,-104.834,-104.58,-110.425,PERSISTING,0,1,201.072924,-176.349108,0
89,UES1,44,51,51,6,-109.038,-112.938,-119.535,MOVE_REQUIRED,7,1,-122.249076,354.235530,1
89,UES1,45,52,52,4,-113.412,-114.474,-117.958,PERSISTING,0,1,-251.098048,-345.209752,0
89,UES1,46,53,53,4,-115.904,-112.777,-117.654,PERSISTING,0,1,-237.873243,-405.565438,0
89,UES1,47,54,54,4,-109.574,-109.237,-117.024,PERSISTING,1,1,-208.142729,-338.375169,0
89,UES1,48,55,55,3,-114.411,-113.444,-97.4159,ALTERNATIVE_AVAILABLE,0,1,-384.041273,-215.485357,0
89,UES1,49,56,56,1,-105.89,-109.366,-109.778,PERSISTING,5,1,256.227512,-223.600781,0
89,UES1,50,57,57,4,-105.889,-89.2304,-110.317,ALTERNATIVE_AVAILABLE,0,1,-177.189800,-270.251985,0
89,UES1,51,58,58,2,-110.806,-115.412,-109.596,PERSISTING,3,1,398.802934,216.678169,0
89,UES1,52,59,59,6,-105.285,-115.482,-125.291,PERSISTING,0,1,-361.729213,351.210882,0
89,UES1,53,60,60,4,-120.342,-118.346,-108.708,MOVE_REQUIRED,13,1,-517.961950,-120.730029,1
89,UES1,54,61,61,1,-111.236,-113.144,-119.106,PERSISTING,1,1,-9.711087,-381.859137,0
89,UES1,55,62,62,2,-114.829,-95.2099,-113.133,ALTERNATIVE_AVAILABLE,0,1,330.928535,-192.936879,0
89,UES1,56,63,63,3,-117.05,-111.726,-87.5584,ALTERNATIVE_AVAILABLE,0,1,-1.629753,-357.029454,0
89,UES1,57,64,64,3,-116.323,-115.912,-117.744,PERSISTING,3,1,-235.699450,423.958366,0
89,UES1,58,65,65,7,-121.003,-115.373,-125.983,MOVE_REQUIRED,9,1,-175.875525,-453.475028,1
89,UES1,59,66,66,5,-97.9895,-112.062,-116.1,SERVED,0,1,400.259784,-359.019239,0
89,UES2,0,67,67,6,-102.161,-119.276,-123.632,PERSISTING,3,1,-300.724737,378.326809,0
89,UES2,1,68,68,7,-99.6384,-111.508,-126.597,SERVED,0,1,278.259205,330.940605,0
89,UES2,2,69,69,5,-96.6004,-77.3585,-88.5923,SERVED,0,1,363.750012,-340.812383,0
89,UES2,3,70,70,6,-101.576,-113.324,-122.741,PERSISTING,0,1,-372.188634,303.050802,0
89,UES2,4,71,71,7,-113.496,-118.177,-132.448,PERSISTING,4,1,378.077622,346.785004,0
89,UES2,5,72,72,5,-105.554,-110.876,-115.053,PERSISTING,1,1,368.179411,-272.676581,0
89,UES2,6,73,73,1,-117.339,-118.45,-115.681,MOVE_REQUIRED,6,1,-374.424864,392.357747,1
89,UES2,7,74,74,7,-114.172,-115.648,-125.872,PERSISTING,4,1,324.535139,383.855881,0
89,UES2,8,75,75,4,-116.049,-89.5502,-118.352,ALTERNATIVE_AVAILABLE,0,1,365.214996,-263.348210,0
89,UES2,9,76,76,6,-91.9056,-119.686,-128.416,SERVED,0,1,-363.803730,273.970387,0
89,UES2,10,77,77,7,-116.676,-82.8698,-123.636,ALTERNATIVE_AVAILABLE,0,1,402.301050,412.849910,0
89,UES2,11,78,78,2,-116.324,-108.929,-119.546,MOVE_REQUIRED,12,1,337.756116,-377.829255,1
89,UES2,12,79,79,6,-106.662,-103.025,-129.872,PERSISTING,3,1,-420.239341,261.879633,0
89,UES2,13,80,80,7,-111.699,-122.797,-130.467,PERSISTING,1,1,347.435679,345.501610,0
89,UES2,14,81,81,4,-123.1,-111.951,-122.796,PERSISTING,5,1,402.577827,-381.118544,0
89,UES2,15,82,82,3,-116.551,-113.56,-114.157,PERSISTING,0,1,-334.990625,397.311669,0
89,UES2,16,83,83,7,-118.577,-116.774,-128.943,PERSISTING,3,1,370.287897,376.196549,0
89,UES2,17,84,84,5,-104.895,-119.333,-119.765,PERSISTING,3,1,268.232773,-413.968469,0
89,UES2,18,85,85,4,-121.971,-122.693,-117.342,PERSISTING,0,1,-395.096351,443.459354,0
89,UES2,19,86,86,3,-126.584,-111.095,-117.559,PERSISTING,0,1,311.476831,371.745172,0
89,UES2,20,87,87,1,-117.844,-121.21,-121.724,PERSISTING,0,1,426.639782,-411.645993,0
89,UES2,21,88,88,2,-119.335,-117.144,-103.769,MOVE_REQUIRED,8,1,-336.789561,429.772188,1
89,UES2,22,89,89,7,-115.319,-117.336,-131.932,PERSISTING,2,1,418.252964,414.890512,0
89,UES2,23,90,90,5,-106.245,-122.555,-118.609,PERSISTING,2,1,421.666874,-345.040982,0
89,UES2,24,91,91,6,-110.123,-116.087,-129.685,PERSISTING,2,1,-378.875314,371.376075,0
89,UES2,25,92,92,3,-124.686,-112.05,-92.3475,ALTERNATIVE_AVAILABLE,0,1,343.115125,364.954362,0
89,UES2,26,93,93,5,-80.7704,-123.142,-118.863,SERVED,0,1,310.547221,-324.998783,0
89,UES2,27,94,94,6,-97.4752,-119.745,-125.878,SERVED,0,1,-418.687999,321.273369,0
89,UES2,28,95,95,6,-127.89,-117.587,-116.078,MOVE_REQUIRED,14,1,310.761084,418.657554,1
89,UES2,29,96,96,5,-93.0338,-112.273,-119.525,SERVED,0,1,354.897911,-330.287701,0
