UAV_AUTONOMY_XAPP Time=4.5 DeploymentMode=tn-uav-satellite UavIndex=0 UavCellId=5 BestDonorCellId=1 BestDonorDistanceM=1451.84 XhaulConnected=1 XhaulChannelVariationDb=0.434841 XhaulState=HEALTHY DonorUnavailableActive=0 SatBackhaulHealthy=1 UavSwitchingXappAvailable=1 UavSwitchingXappState=STANDBY BackhaulMode=TN_DIRECT RicControlState=TN_E2 ActiveUavRic=TN_NEAR_RT_RIC NormalUeHandoverAllowed=1 UavMode=TN_CONTROLLED_COVERAGE_EXTENSION
UAV_AUTONOMY_XAPP Time=4.5 DeploymentMode=tn-uav-satellite UavIndex=1 UavCellId=6 BestDonorCellId=4 BestDonorDistanceM=629.258 XhaulConnected=1 XhaulChannelVariationDb=-2.28216 XhaulState=HEALTHY DonorUnavailableActive=0 SatBackhaulHealthy=1 UavSwitchingXappAvailable=1 UavSwitchingXappState=STANDBY BackhaulMode=TN_DIRECT RicControlState=TN_E2 ActiveUavRic=TN_NEAR_RT_RIC NormalUeHandoverAllowed=1 UavMode=TN_CONTROLLED_COVERAGE_EXTENSION
UAV_AUTONOMY_XAPP Time=4.5 DeploymentMode=tn-uav-satellite UavIndex=2 UavCellId=7 BestDonorCellId=2 BestDonorDistanceM=765.017 XhaulConnected=1 XhaulChannelVariationDb=-0.793916 XhaulState=HEALTHY DonorUnavailableActive=0 SatBackhaulHealthy=1 UavSwitchingXappAvailable=1 UavSwitchingXappState=STANDBY BackhaulMode=TN_DIRECT RicControlState=TN_E2 ActiveUavRic=TN_NEAR_RT_RIC NormalUeHandoverAllowed=1 UavMode=TN_CONTROLLED_COVERAGE_EXTENSION
Could not find NR UE cell info for E2 Node ID = 8
Could not find NR UE cell info for E2 Node ID = 9
Could not find NR UE cell info for E2 Node ID = 10
Could not find NR UE cell info for E2 Node ID = 11
Could not find NR UE cell info for E2 Node ID = 12
Could not find NR UE cell info for E2 Node ID = 13
Could not find NR UE cell info for E2 Node ID = 14
Could not find NR UE cell info for E2 Node ID = 15
Could not find NR UE cell info for E2 Node ID = 16
Could not find NR UE cell info for E2 Node ID = 17
Could not find NR UE cell info for E2 Node ID = 18
Could not find NR UE cell info for E2 Node ID = 19
Could not find NR UE cell info for E2 Node ID = 20
Could not find NR UE cell info for E2 Node ID = 21
Could not find NR UE cell info for E2 Node ID = 22
Could not find NR UE cell info for E2 Node ID = 23
Could not find NR UE cell info for E2 Node ID = 24
Could not find NR UE cell info for E2 Node ID = 25
Could not find NR UE cell info for E2 Node ID = 26
Could not find NR UE cell info for E2 Node ID = 27
Could not find NR UE cell info for E2 Node ID = 28
Could not find NR UE cell info for E2 Node ID = 29
Could not find NR UE cell info for E2 Node ID = 30
Could not find NR UE cell info for E2 Node ID = 31
Could not find NR UE cell info for E2 Node ID = 32
Could not find NR UE cell info for E2 Node ID = 33
Could not find NR UE cell info for E2 Node ID = 34
Could not find NR UE cell info for E2 Node ID = 35
Could not find NR UE cell info for E2 Node ID = 36
Could not find NR UE cell info for E2 Node ID = 37
Could not find NR UE cell info for E2 Node ID = 38
Could not find NR UE cell info for E2 Node ID = 39
Could not find NR UE cell info for E2 Node ID = 40
Could not find NR UE cell info for E2 Node ID = 41
Could not find NR UE cell info for E2 Node ID = 42
Could not find NR UE cell info for E2 Node ID = 43
Could not find NR UE cell info for E2 Node ID = 44
Could not find NR UE cell info for E2 Node ID = 45
Could not find NR UE cell info for E2 Node ID = 46
Could not find NR UE cell info for E2 Node ID = 47
Could not find NR UE cell info for E2 Node ID = 48
Could not find NR UE cell info for E2 Node ID = 49
Could not find NR UE cell info for E2 Node ID = 50
Could not find NR UE cell info for E2 Node ID = 51
Could not find NR UE cell info for E2 Node ID = 52
Could not find NR UE cell info for E2 Node ID = 53
Could not find NR UE cell info for E2 Node ID = 54
Could not find NR UE cell info for E2 Node ID = 55
Could not find NR UE cell info for E2 Node ID = 56
Could not find NR UE cell info for E2 Node ID = 57
Could not find NR gNB location for E2 Node ID = 1
Could not find NR gNB location for E2 Node ID = 2
Could not find NR gNB location for E2 Node ID = 3
Could not find NR gNB location for E2 Node ID = 4
Could not find NR gNB location for E2 Node ID = 5
Could not find NR gNB location for E2 Node ID = 6
Could not find NR gNB location for E2 Node ID = 7
---- LOAD at t=4.5 ----
UAV_AUTONOMY_XAPP Time=6.5 DeploymentMode=tn-uav-satellite UavIndex=0 UavCellId=5 BestDonorCellId=2 BestDonorDistanceM=1906.06 XhaulConnected=1 XhaulChannelVariationDb=1.30698 XhaulState=HEALTHY DonorUnavailableActive=0 SatBackhaulHealthy=1 UavSwitchingXappAvailable=1 UavSwitchingXappState=STANDBY BackhaulMode=TN_DIRECT RicControlState=TN_E2 ActiveUavRic=TN_NEAR_RT_RIC NormalUeHandoverAllowed=1 UavMode=TN_CONTROLLED_COVERAGE_EXTENSION
UAV_AUTONOMY_XAPP Time=6.5 DeploymentMode=tn-uav-satellite UavIndex=1 UavCellId=6 BestDonorCellId=4 BestDonorDistanceM=629.258 XhaulConnected=1 XhaulChannelVariationDb=-3.9027 XhaulState=HEALTHY DonorUnavailableActive=0 SatBackhaulHealthy=1 UavSwitchingXappAvailable=1 UavSwitchingXappState=STANDBY BackhaulMode=TN_DIRECT RicControlState=TN_E2 ActiveUavRic=TN_NEAR_RT_RIC NormalUeHandoverAllowed=1 UavMode=TN_CONTROLLED_COVERAGE_EXTENSION
UAV_AUTONOMY_XAPP Time=6.5 DeploymentMode=tn-uav-satellite UavIndex=2 UavCellId=7 BestDonorCellId=2 BestDonorDistanceM=765.017 XhaulConnected=1 XhaulChannelVariationDb=-0.170944 XhaulState=HEALTHY DonorUnavailableActive=0 SatBackhaulHealthy=1 UavSwitchingXappAvailable=1 UavSwitchingXappState=STANDBY BackhaulMode=TN_DIRECT RicControlState=TN_E2 ActiveUavRic=TN_NEAR_RT_RIC NormalUeHandoverAllowed=1 UavMode=TN_CONTROLLED_COVERAGE_EXTENSION
---- LOAD at t=6.5 ----
  cell 1 (TN) load=7/20
  cell 2 (TN) load=3/20
  cell 3 (TN) load=11/20
  cell 4 (TN) load=7/20
  cell 5 (NTN) load=10/10
  cell 6 (NTN) load=9/10
  cell 7 (NTN) load=3/10
LM HO_FAIL_LOW_RSRP UE=8 currCell=2 candCell=7 candRsrp=-132.92 < min=-120
UE 9 TTT_WAIT target=1 elapsed=0s need=2s
UE 11 TTT_WAIT target=2 elapsed=0s need=2s
UE 13 TTT_WAIT target=3 elapsed=0s need=2s
UE 15 TTT_WAIT target=2 elapsed=0s need=2s
UE 17 TTT_WAIT target=2 elapsed=0s need=2s
UE 18 TTT_WAIT target=1 elapsed=0s need=2s
UE 22 TTT_WAIT target=3 elapsed=0s need=2s
UE 23 TTT_WAIT target=1 elapsed=0s need=2s
UE 26 TTT_WAIT target=2 elapsed=0s need=2s
UE 27 TTT_WAIT target=3 elapsed=0s need=2s
UE 28 TTT_WAIT target=4 elapsed=0s need=2s
UE 29 TTT_WAIT target=2 elapsed=0s need=2s
UE 30 TTT_WAIT target=3 elapsed=0s need=2s
UE 33 TTT_WAIT target=2 elapsed=0s need=2s
UE 34 TTT_WAIT target=1 elapsed=0s need=2s
UE 35 TTT_WAIT target=2 elapsed=0s need=2s
LM HO_FAIL_LOW_RSRP UE=36 currCell=4 candCell=6 candRsrp=-126.106 < min=-120
UE 37 TTT_WAIT target=4 elapsed=0s need=2s
UE 38 TTT_WAIT target=3 elapsed=0s need=2s
UE 40 TTT_WAIT target=6 elapsed=0s need=2s
UE 42 TTT_WAIT target=2 elapsed=0s need=2s
LM HO_FAIL_LOW_RSRP UE=44 currCell=3 candCell=1 candRsrp=-122.316 < min=-120
UE 46 TTT_WAIT target=7 elapsed=0s need=2s
UE 47 TTT_WAIT target=1 elapsed=0s need=2s
UE 49 TTT_WAIT target=6 elapsed=0s need=2s
UE 50 TTT_WAIT target=4 elapsed=0s need=2s
UE 51 TTT_WAIT target=4 elapsed=0s need=2s
UE 52 TTT_WAIT target=2 elapsed=0s need=2s
LM HO_FAIL_LOW_RSRP UE=53 currCell=3 candCell=7 candRsrp=-134.799 < min=-120
UE 57 TTT_WAIT target=2 elapsed=0s need=2s
UAV_AUTONOMY_XAPP Time=8.5 DeploymentMode=tn-uav-satellite UavIndex=0 UavCellId=5 BestDonorCellId=1 BestDonorDistanceM=1451.84 XhaulConnected=1 XhaulChannelVariationDb=0.172433 XhaulState=HEALTHY DonorUnavailableActive=0 SatBackhaulHealthy=1 UavSwitchingXappAvailable=1 UavSwitchingXappState=STANDBY BackhaulMode=TN_DIRECT RicControlState=TN_E2 ActiveUavRic=TN_NEAR_RT_RIC NormalUeHandoverAllowed=1 UavMode=TN_CONTROLLED_COVERAGE_EXTENSION
UAV_AUTONOMY_XAPP Time=8.5 DeploymentMode=tn-uav-satellite UavIndex=1 UavCellId=6 BestDonorCellId=4 BestDonorDistanceM=629.258 XhaulConnected=1 XhaulChannelVariationDb=2.22826 XhaulState=HEALTHY DonorUnavailableActive=0 SatBackhaulHealthy=1 UavSwitchingXappAvailable=1 UavSwitchingXappState=STANDBY BackhaulMode=TN_DIRECT RicControlState=TN_E2 ActiveUavRic=TN_NEAR_RT_RIC NormalUeHandoverAllowed=1 UavMode=TN_CONTROLLED_COVERAGE_EXTENSION
UAV_AUTONOMY_XAPP Time=8.5 DeploymentMode=tn-uav-satellite UavIndex=2 UavCellId=7 BestDonorCellId=1 BestDonorDistanceM=1205.83 XhaulConnected=1 XhaulChannelVariationDb=5.7703 XhaulState=HEALTHY DonorUnavailableActive=0 SatBackhaulHealthy=1 UavSwitchingXappAvailable=1 UavSwitchingXappState=STANDBY BackhaulMode=TN_DIRECT RicControlState=TN_E2 ActiveUavRic=TN_NEAR_RT_RIC NormalUeHandoverAllowed=1 UavMode=TN_CONTROLLED_COVERAGE_EXTENSION
---- LOAD at t=8.5 ----
  cell 1 (TN) load=20/20
  cell 2 (TN) load=11/20
  cell 3 (TN) load=20/20
  cell 4 (TN) load=20/20
  cell 5 (NTN) load=10/10
  cell 6 (NTN) load=10/10
  cell 7 (NTN) load=9/10
LM HO_FAIL_LOW_RSRP UE=8 currCell=2 candCell=7 candRsrp=-131.801 < min=-120
LM HO_FAIL_LOW_RSRP UE=9 currCell=2 candCell=7 candRsrp=-126.474 < min=-120
UE 13 TTT_WAIT target=2 elapsed=0s need=2s
LM HO UE=15 rnti=89 3->2 type=TN servingRsrp=-82.4201 targetRsrp=-78.9851 targetLoadReal=11/20 targetLoadEff=11/20
LM HO_FAIL_LOW_RSRP UE=16 currCell=4 candCell=7 candRsrp=-140.791 < min=-120
LM HO UE=17 rnti=65 6->2 type=TN servingRsrp=-116.96 targetRsrp=-92.4305 targetLoadReal=11/20 targetLoadEff=12/20
UE 23 TTT_WAIT target=2 elapsed=0s need=2s
LM HO_FAIL_LOW_RSRP UE=29 currCell=1 candCell=7 candRsrp=-131.223 < min=-120
UE 34 TTT_WAIT target=2 elapsed=0s need=2s
LM HO UE=35 rnti=86 5->2 type=TN servingRsrp=-118.917 targetRsrp=-94.4687 targetLoadReal=11/20 targetLoadEff=13/20
LM HO_FAIL_LOW_RSRP UE=37 currCell=1 candCell=7 candRsrp=-137.013 < min=-120
LM HO_FAIL_LOW_RSRP UE=39 currCell=1 candCell=7 candRsrp=-131.716 < min=-120
LM HO UE=42 rnti=74 6->2 type=TN servingRsrp=-118.149 targetRsrp=-87.011 targetLoadReal=11/20 targetLoadEff=14/20
UE 44 TTT_WAIT target=2 elapsed=0s need=2s
UE 45 TTT_WAIT target=2 elapsed=0s need=2s
UE 47 TTT_WAIT target=2 elapsed=0s need=2s
LM HO_FAIL_LOW_RSRP UE=50 currCell=3 candCell=7 candRsrp=-146.647 < min=-120
LM HO_FAIL_LOW_RSRP UE=52 currCell=1 candCell=7 candRsrp=-132.807 < min=-120
LM HO_FAIL_LOW_RSRP UE=53 currCell=3 candCell=7 candRsrp=-130.674 < min=-120
LM HO_FAIL_LOW_RSRP UE=57 currCell=3 candCell=7 candRsrp=-135.208 < min=-120
UE 58 TTT_WAIT target=2 elapsed=0s need=2s
LM HO_FAIL_LOW_RSRP UE=59 currCell=1 candCell=7 candRsrp=-137.869 < min=-120
UE 60 TTT_WAIT target=2 elapsed=0s need=2s
UE 64 TTT_WAIT target=2 elapsed=0s need=2s
UE 65 TTT_WAIT target=2 elapsed=0s need=2s
LM HO_FAIL_LOW_RSRP UE=66 currCell=1 candCell=7 candRsrp=-132.763 < min=-120
LM HO_FAIL_LOW_RSRP UE=67 currCell=3 candCell=7 candRsrp=-141.199 < min=-120
LM HO_FAIL_LOW_RSRP UE=68 currCell=3 candCell=7 candRsrp=-140.087 < min=-120
UE 69 TTT_WAIT target=2 elapsed=0s need=2s
UE 70 TTT_WAIT target=2 elapsed=0s need=2s
LM HO_FAIL_LOW_RSRP UE=72 currCell=3 candCell=7 candRsrp=-134.258 < min=-120
UE 74 TTT_WAIT target=7 elapsed=0s need=2s
UE 75 TTT_WAIT target=2 elapsed=0s need=2s
LM HO_FAIL_LOW_RSRP UE=76 currCell=1 candCell=7 candRsrp=-133.569 < min=-120
LM HO_FAIL_LOW_RSRP UE=77 currCell=4 candCell=7 candRsrp=-132.856 < min=-120
UE 78 TTT_WAIT target=2 elapsed=0s need=2s
UE 80 TTT_WAIT target=2 elapsed=0s need=2s
UE 81 TTT_WAIT target=2 elapsed=0s need=2s
LM HO_FAIL_LOW_RSRP UE=82 currCell=4 candCell=7 candRsrp=-134.916 < min=-120
LM HO_FAIL_LOW_RSRP UE=83 currCell=2 candCell=7 candRsrp=-140.791 < min=-120
UE 84 TTT_WAIT target=2 elapsed=0s need=2s
LM HO_FAIL_LOW_RSRP UE=85 currCell=4 candCell=7 candRsrp=-130.912 < min=-120
LM HO_FAIL_LOW_RSRP UE=86 currCell=4 candCell=7 candRsrp=-128.877 < min=-120
LM HO_FAIL_LOW_RSRP UE=89 currCell=4 candCell=7 candRsrp=-132.266 < min=-120
LM HO_FAIL_LOW_RSRP UE=91 currCell=4 candCell=7 candRsrp=-132.103 < min=-120
UE 92 TTT_WAIT target=2 elapsed=0s need=2s
LM HO_FAIL_LOW_RSRP UE=94 currCell=1 candCell=7 candRsrp=-146.11 < min=-120
UE 96 TTT_WAIT target=7 elapsed=0s need=2s
UE 99 TTT_WAIT target=2 elapsed=0s need=2s
UE 100 TTT_WAIT target=7 elapsed=0s need=2s
LM HO_FAIL_LOW_RSRP UE=101 currCell=1 candCell=7 candRsrp=-133.402 < min=-120
LM HO_FAIL_LOW_RSRP UE=102 currCell=1 candCell=7 candRsrp=-134.759 < min=-120
LM HO_FAIL_LOW_RSRP UE=103 currCell=2 candCell=7 candRsrp=-150.554 < min=-120
UE 104 TTT_WAIT target=7 elapsed=0s need=2s
UE 106 TTT_WAIT target=7 elapsed=0s need=2s
TRACE HO_SUCCESS Time=8.61507 IMSI=14 TargetCell=2 Type=TN TargetRSRP=-115.411 ServingRSRP=-82.0984 BackhaulDlSnr=-999 BackhaulUlSnr=-999
TRACE HO_SUCCESS Time=8.61507 IMSI=34 TargetCell=2 Type=TN TargetRSRP=-132.54 ServingRSRP=-88.7397 BackhaulDlSnr=-999 BackhaulUlSnr=-999
TRACE HO_SUCCESS Time=8.61507 IMSI=16 TargetCell=2 Type=TN TargetRSRP=-118.114 ServingRSRP=-100.838 BackhaulDlSnr=-999 BackhaulUlSnr=-999
TRACE HO_SUCCESS Time=8.61507 IMSI=41 TargetCell=2 Type=TN TargetRSRP=-120.051 ServingRSRP=-102.407 BackhaulDlSnr=-999 BackhaulUlSnr=-999
UAV_AUTONOMY_XAPP Time=10.5 DeploymentMode=tn-uav-satellite UavIndex=0 UavCellId=5 BestDonorCellId=3 BestDonorDistanceM=1623.51 XhaulConnected=1 XhaulChannelVariationDb=1.3721 XhaulState=HEALTHY DonorUnavailableActive=0 SatBackhaulHealthy=1 UavSwitchingXappAvailable=1 UavSwitchingXappState=STANDBY BackhaulMode=TN_DIRECT RicControlState=TN_E2 ActiveUavRic=TN_NEAR_RT_RIC NormalUeHandoverAllowed=1 UavMode=TN_CONTROLLED_COVERAGE_EXTENSION
UAV_AUTONOMY_XAPP Time=10.5 DeploymentMode=tn-uav-satellite UavIndex=1 UavCellId=6 BestDonorCellId=4 BestDonorDistanceM=629.258 XhaulConnected=1 XhaulChannelVariationDb=-7.24567 XhaulState=HEALTHY DonorUnavailableActive=0 SatBackhaulHealthy=1 UavSwitchingXappAvailable=1 UavSwitchingXappState=STANDBY BackhaulMode=TN_DIRECT RicControlState=TN_E2 ActiveUavRic=TN_NEAR_RT_RIC NormalUeHandoverAllowed=1 UavMode=TN_CONTROLLED_COVERAGE_EXTENSION
UAV_AUTONOMY_XAPP Time=10.5 DeploymentMode=tn-uav-satellite UavIndex=2 UavCellId=7 BestDonorCellId=1 BestDonorDistanceM=1205.83 XhaulConnected=1 XhaulChannelVariationDb=5.16465 XhaulState=HEALTHY DonorUnavailableActive=0 SatBackhaulHealthy=1 UavSwitchingXappAvailable=1 UavSwitchingXappState=STANDBY BackhaulMode=TN_DIRECT RicControlState=TN_E2 ActiveUavRic=TN_NEAR_RT_RIC NormalUeHandoverAllowed=1 UavMode=TN_CONTROLLED_COVERAGE_EXTENSION
---- LOAD at t=10.5 ----
  cell 1 (TN) load=20/20
  cell 2 (TN) load=15/20
  cell 3 (TN) load=19/20
  cell 4 (TN) load=20/20
  cell 5 (NTN) load=9/10
  cell 6 (NTN) load=8/10
  cell 7 (NTN) load=9/10
UE 8 TTT_WAIT target=7 elapsed=0s need=2s
UE 12 TTT_WAIT target=7 elapsed=0s need=2s
UE 13 TTT_WAIT target=3 elapsed=0s need=2s
UE 15 TTT_WAIT target=3 elapsed=0s need=2s
UE 16 TTT_WAIT target=2 elapsed=0s need=2s
UE 18 TTT_WAIT target=6 elapsed=0s need=2s
UE 19 TTT_WAIT target=2 elapsed=0s need=2s
UE 21 TTT_WAIT target=7 elapsed=0s need=2s
LM HO UE=23 rnti=22 7->2 type=TN servingRsrp=-120.831 targetRsrp=-80.0863 targetLoadReal=15/20 targetLoadEff=15/20
UE 24 TTT_WAIT target=2 elapsed=0s need=2s
UE 26 TTT_WAIT target=2 elapsed=0s need=2s
UE 29 TTT_WAIT target=3 elapsed=0s need=2s
UE 31 TTT_WAIT target=3 elapsed=0s need=2s
UE 39 TTT_WAIT target=2 elapsed=0s need=2s
UE 42 TTT_WAIT target=3 elapsed=0s need=2s
LM HO UE=44 rnti=93 3->2 type=TN servingRsrp=-132.525 targetRsrp=-119.004 targetLoadReal=15/20 targetLoadEff=16/20
LM HO_FAIL_LOW_RSRP UE=45 currCell=1 candCell=7 candRsrp=-126.235 < min=-120
LM HO UE=47 rnti=94 3->2 type=TN servingRsrp=-114.425 targetRsrp=-90.255 targetLoadReal=15/20 targetLoadEff=17/20
UE 49 TTT_WAIT target=6 elapsed=0s need=2s
UE 50 TTT_WAIT target=5 elapsed=0s need=2s
UE 51 TTT_WAIT target=2 elapsed=0s need=2s
UE 52 TTT_WAIT target=5 elapsed=0s need=2s
UE 53 TTT_WAIT target=2 elapsed=0s need=2s
LM HO_FAIL_LOW_RSRP UE=57 currCell=3 candCell=5 candRsrp=-132.748 < min=-120
UE 58 TTT_WAIT target=5 elapsed=0s need=2s
LM HO_FAIL_LOW_RSRP UE=60 currCell=3 candCell=2 candRsrp=-125.215 < min=-120
UE 62 TTT_WAIT target=3 elapsed=0s need=2s
LM HO UE=64 rnti=136 4->2 type=TN servingRsrp=-114.282 targetRsrp=-104.705 targetLoadReal=15/20 targetLoadEff=18/20
UE 66 TTT_WAIT target=2 elapsed=0s need=2s
UE 67 TTT_WAIT target=2 elapsed=0s need=2s
LM HO_FAIL_LOW_RSRP UE=68 currCell=3 candCell=2 candRsrp=-132.891 < min=-120
LM HO UE=69 rnti=137 4->2 type=TN servingRsrp=-110.09 targetRsrp=-107.9 targetLoadReal=15/20 targetLoadEff=19/20
UE 70 TTT_WAIT target=6 elapsed=0s need=2s
UE 72 TTT_WAIT target=5 elapsed=0s need=2s
UE 76 TTT_WAIT target=5 elapsed=0s need=2s
LM HO_FAIL_LOW_RSRP UE=80 currCell=1 candCell=6 candRsrp=-132.97 < min=-120
LM HO_FAIL_LOW_RSRP UE=81 currCell=1 candCell=7 candRsrp=-126.691 < min=-120
UE 82 TTT_WAIT target=6 elapsed=0s need=2s
UE 83 TTT_WAIT target=3 elapsed=0s need=2s
UE 85 TTT_WAIT target=6 elapsed=0s need=2s
UE 86 TTT_WAIT target=3 elapsed=0s need=2s
LM HO_FAIL_LOW_RSRP UE=89 currCell=4 candCell=3 candRsrp=-128.213 < min=-120
UE 90 TTT_WAIT target=7 elapsed=0s need=2s
UE 94 TTT_WAIT target=3 elapsed=0s need=2s
UE 101 TTT_WAIT target=3 elapsed=0s need=2s
UE 102 TTT_WAIT target=3 elapsed=0s need=2s
UE 103 TTT_WAIT target=3 elapsed=0s need=2s
UE 105 TTT_WAIT target=5 elapsed=0s need=2s
TRACE HO_SUCCESS Time=10.6151 IMSI=43 TargetCell=2 Type=TN TargetRSRP=-128.396 ServingRSRP=-114.78 BackhaulDlSnr=-999 BackhaulUlSnr=-999
TRACE HO_SUCCESS Time=10.6151 IMSI=46 TargetCell=2 Type=TN TargetRSRP=-111.692 ServingRSRP=-100.147 BackhaulDlSnr=-999 BackhaulUlSnr=-999
TRACE HO_SUCCESS Time=10.6151 IMSI=63 TargetCell=2 Type=TN TargetRSRP=-135.603 ServingRSRP=-114.459 BackhaulDlSnr=-999 BackhaulUlSnr=-999
TRACE HO_SUCCESS Time=10.6151 IMSI=68 TargetCell=2 Type=TN TargetRSRP=-108.328 ServingRSRP=-108.681 BackhaulDlSnr=-999 BackhaulUlSnr=-999
TRACE HO_SUCCESS Time=10.6151 IMSI=22 TargetCell=2 Type=TN TargetRSRP=-102.931 ServingRSRP=-75.4169 BackhaulDlSnr=-999 BackhaulUlSnr=-999
UAV_AUTONOMY_XAPP Time=12.5 DeploymentMode=tn-uav-satellite UavIndex=0 UavCellId=5 BestDonorCellId=2 BestDonorDistanceM=1906.06 XhaulConnected=1 XhaulChannelVariationDb=2.9061 XhaulState=HEALTHY DonorUnavailableActive=0 SatBackhaulHealthy=1 UavSwitchingXappAvailable=1 UavSwitchingXappState=STANDBY BackhaulMode=TN_DIRECT RicControlState=TN_E2 ActiveUavRic=TN_NEAR_RT_RIC NormalUeHandoverAllowed=1 UavMode=TN_CONTROLLED_COVERAGE_EXTENSION
UAV_AUTONOMY_XAPP Time=12.5 DeploymentMode=tn-uav-satellite UavIndex=1 UavCellId=6 BestDonorCellId=4 BestDonorDistanceM=629.258 XhaulConnected=1 XhaulChannelVariationDb=2.56656 XhaulState=HEALTHY DonorUnavailableActive=0 SatBackhaulHealthy=1 UavSwitchingXappAvailable=1 UavSwitchingXappState=STANDBY BackhaulMode=TN_DIRECT RicControlState=TN_E2 ActiveUavRic=TN_NEAR_RT_RIC NormalUeHandoverAllowed=1 UavMode=TN_CONTROLLED_COVERAGE_EXTENSION
UAV_AUTONOMY_XAPP Time=12.5 DeploymentMode=tn-uav-satellite UavIndex=2 UavCellId=7 BestDonorCellId=2 BestDonorDistanceM=765.017 XhaulConnected=1 XhaulChannelVariationDb=1.04915 XhaulState=HEALTHY DonorUnavailableActive=0 SatBackhaulHealthy=1 UavSwitchingXappAvailable=1 UavSwitchingXappState=STANDBY BackhaulMode=TN_DIRECT RicControlState=TN_E2 ActiveUavRic=TN_NEAR_RT_RIC NormalUeHandoverAllowed=1 UavMode=TN_CONTROLLED_COVERAGE_EXTENSION
---- LOAD at t=12.5 ----
  cell 1 (TN) load=20/20
  cell 2 (TN) load=20/20
  cell 3 (TN) load=17/20
  cell 4 (TN) load=18/20
  cell 5 (NTN) load=9/10
  cell 6 (NTN) load=8/10
  cell 7 (NTN) load=8/10
UE 9 TTT_WAIT target=4 elapsed=0s need=2s
UE 10 TTT_WAIT target=5 elapsed=0s need=2s
UE 12 TTT_WAIT target=6 elapsed=0s need=2s
UE 15 TTT_WAIT target=4 elapsed=0s need=2s
UE 19 TTT_WAIT target=3 elapsed=0s need=2s
UE 20 TTT_WAIT target=6 elapsed=0s need=2s
UE 25 TTT_WAIT target=4 elapsed=0s need=2s
UE 26 TTT_WAIT target=4 elapsed=0s need=2s
UE 27 TTT_WAIT target=7 elapsed=0s need=2s
LM HO_FAIL_LOW_RSRP UE=35 currCell=2 candCell=5 candRsrp=-123.891 < min=-120
UE 37 TTT_WAIT target=6 elapsed=0s need=2s
UE 40 TTT_WAIT target=3 elapsed=0s need=2s
LM HO_FAIL_LOW_RSRP UE=41 currCell=2 candCell=5 candRsrp=-123.026 < min=-120
UE 44 TTT_WAIT target=5 elapsed=0s need=2s
UE 47 TTT_WAIT target=7 elapsed=0s need=2s
UE 51 TTT_WAIT target=4 elapsed=0s need=2s
LM HO UE=52 rnti=55 1->5 type=NTN servingRsrp=-107.249 targetRsrp=-101.393 targetLoadReal=9/10 targetLoadEff=9/10
UE 53 TTT_WAIT target=7 elapsed=0s need=2s
UE 55 TTT_WAIT target=7 elapsed=0s need=2s
LM HO_FAIL_LOW_RSRP UE=57 currCell=3 candCell=7 candRsrp=-126.432 < min=-120
LM HO_FAIL_LOW_RSRP UE=58 currCell=3 candCell=7 candRsrp=-132.333 < min=-120
UE 59 TTT_WAIT target=4 elapsed=0s need=2s
LM HO_FAIL_LOW_RSRP UE=60 currCell=3 candCell=7 candRsrp=-134.655 < min=-120
LM HO UE=62 rnti=67 2->3 type=TN servingRsrp=-120.653 targetRsrp=-84.1577 targetLoadReal=17/20 targetLoadEff=17/20
UE 63 TTT_WAIT target=4 elapsed=0s need=2s
UE 64 TTT_WAIT target=4 elapsed=0s need=2s
UE 66 TTT_WAIT target=3 elapsed=0s need=2s
LM HO_FAIL_LOW_RSRP UE=67 currCell=3 candCell=7 candRsrp=-134.737 < min=-120
UE 69 TTT_WAIT target=4 elapsed=0s need=2s
UE 72 TTT_WAIT target=7 elapsed=0s need=2s
UE 74 TTT_WAIT target=7 elapsed=0s need=2s
UE 76 TTT_WAIT target=7 elapsed=0s need=2s
LM HO_FAIL_LOW_RSRP UE=80 currCell=1 candCell=6 candRsrp=-138.307 < min=-120
UE 81 TTT_WAIT target=4 elapsed=0s need=2s
LM HO_FAIL_LOW_RSRP UE=83 currCell=2 candCell=3 candRsrp=-123.401 < min=-120
UE 84 TTT_WAIT target=3 elapsed=0s need=2s
LM HO UE=85 rnti=143 4->6 type=NTN servingRsrp=-113.559 targetRsrp=-112.176 targetLoadReal=8/10 targetLoadEff=8/10
LM HO UE=86 rnti=144 4->3 type=TN servingRsrp=-125.716 targetRsrp=-99.9687 targetLoadReal=17/20 targetLoadEff=18/20
UE 90 TTT_WAIT target=3 elapsed=0s need=2s
UE 91 TTT_WAIT target=3 elapsed=0s need=2s
UE 92 TTT_WAIT target=6 elapsed=0s need=2s
UE 95 TTT_WAIT target=4 elapsed=0s need=2s
UE 99 TTT_WAIT target=3 elapsed=0s need=2s
UE 100 TTT_WAIT target=3 elapsed=0s need=2s
LM HO UE=102 rnti=162 1->3 type=TN servingRsrp=-144.64 targetRsrp=-114.201 targetLoadReal=17/20 targetLoadEff=19/20
UE 104 TTT_WAIT target=4 elapsed=0s need=2s
UE 105 TTT_WAIT target=6 elapsed=0s need=2s
LM HO_FAIL_LOW_RSRP UE=106 currCell=2 candCell=7 candRsrp=-136.025 < min=-120
UE 107 TTT_WAIT target=6 elapsed=0s need=2s
TRACE HO_SUCCESS Time=12.6151 IMSI=101 TargetCell=3 Type=TN TargetRSRP=-119.315 ServingRSRP=-97.861 BackhaulDlSnr=-999 BackhaulUlSnr=-999
TRACE HO_SUCCESS Time=12.6151 IMSI=61 TargetCell=3 Type=TN TargetRSRP=-120.919 ServingRSRP=-81.7281 BackhaulDlSnr=-999 BackhaulUlSnr=-999
TRACE HO_SUCCESS Time=12.6151 IMSI=85 TargetCell=3 Type=TN TargetRSRP=-97.2944 ServingRSRP=-96.0373 BackhaulDlSnr=-999 BackhaulUlSnr=-999
TRACE HO_SUCCESS Time=12.6151 IMSI=51 TargetCell=5 Type=NTN TargetRSRP=-108.161 ServingRSRP=-104.313 BackhaulDlSnr=13.9424 BackhaulUlSnr=9.42185
TRACE HO_SUCCESS Time=12.6151 IMSI=84 TargetCell=6 Type=NTN TargetRSRP=-112.45 ServingRSRP=-77.4501 BackhaulDlSnr=15.793 BackhaulUlSnr=11.2724
UAV_AUTONOMY_XAPP Time=14.5 DeploymentMode=tn-uav-satellite UavIndex=0 UavCellId=5 BestDonorCellId=1 BestDonorDistanceM=1451.84 XhaulConnected=1 XhaulChannelVariationDb=3.02157 XhaulState=HEALTHY DonorUnavailableActive=0 SatBackhaulHealthy=1 UavSwitchingXappAvailable=1 UavSwitchingXappState=STANDBY BackhaulMode=TN_DIRECT RicControlState=TN_E2 ActiveUavRic=TN_NEAR_RT_RIC NormalUeHandoverAllowed=1 UavMode=TN_CONTROLLED_COVERAGE_EXTENSION
UAV_AUTONOMY_XAPP Time=14.5 DeploymentMode=tn-uav-satellite UavIndex=1 UavCellId=6 BestDonorCellId=4 BestDonorDistanceM=629.258 XhaulConnected=1 XhaulChannelVariationDb=-3.75201 XhaulState=HEALTHY DonorUnavailableActive=0 SatBackhaulHealthy=1 UavSwitchingXappAvailable=1 UavSwitchingXappState=STANDBY BackhaulMode=TN_DIRECT RicControlState=TN_E2 ActiveUavRic=TN_NEAR_RT_RIC NormalUeHandoverAllowed=1 UavMode=TN_CONTROLLED_COVERAGE_EXTENSION
UAV_AUTONOMY_XAPP Time=14.5 DeploymentMode=tn-uav-satellite UavIndex=2 UavCellId=7 BestDonorCellId=2 BestDonorDistanceM=765.017 XhaulConnected=1 XhaulChannelVariationDb=-2.04708 XhaulState=HEALTHY DonorUnavailableActive=0 SatBackhaulHealthy=1 UavSwitchingXappAvailable=1 UavSwitchingXappState=STANDBY BackhaulMode=TN_DIRECT RicControlState=TN_E2 ActiveUavRic=TN_NEAR_RT_RIC NormalUeHandoverAllowed=1 UavMode=TN_CONTROLLED_COVERAGE_EXTENSION
---- LOAD at t=14.5 ----
  cell 1 (TN) load=18/20
  cell 2 (TN) load=19/20
  cell 3 (TN) load=20/20
  cell 4 (TN) load=16/20
  cell 5 (NTN) load=10/10
  cell 6 (NTN) load=9/10
  cell 7 (NTN) load=8/10
LM HO_FAIL_LOW_RSRP UE=8 currCell=2 candCell=7 candRsrp=-123.976 < min=-120
LM HO_FAIL_LOW_RSRP UE=15 currCell=2 candCell=6 candRsrp=-135.909 < min=-120
UE 16 TTT_WAIT target=2 elapsed=0s need=2s
UE 17 TTT_WAIT target=1 elapsed=0s need=2s
UE 18 TTT_WAIT target=1 elapsed=0s need=2s
UE 19 TTT_WAIT target=2 elapsed=0s need=2s
LM HO UE=20 rnti=81 5->6 type=NTN servingRsrp=-119.281 targetRsrp=-107.578 targetLoadReal=9/10 targetLoadEff=9/10
UE 22 TTT_WAIT target=7 elapsed=0s need=2s
UE 23 TTT_WAIT target=1 elapsed=0s need=2s
UE 25 TTT_WAIT target=2 elapsed=0s need=2s
UE 27 TTT_WAIT target=4 elapsed=0s need=2s
UE 28 TTT_WAIT target=1 elapsed=0s need=2s
UE 29 TTT_WAIT target=2 elapsed=0s need=2s
UE 31 TTT_WAIT target=2 elapsed=0s need=2s
UE 33 TTT_WAIT target=2 elapsed=0s need=2s
UE 34 TTT_WAIT target=7 elapsed=0s need=2s
UE 37 TTT_WAIT target=4 elapsed=0s need=2s
UE 39 TTT_WAIT target=7 elapsed=0s need=2s
UE 40 TTT_WAIT target=1 elapsed=0s need=2s
UE 41 TTT_WAIT target=7 elapsed=0s need=2s
LM HO_FAIL_LOW_RSRP UE=42 currCell=2 candCell=1 candRsrp=-121.014 < min=-120
UE 44 TTT_WAIT target=4 elapsed=0s need=2s
UE 47 TTT_WAIT target=1 elapsed=0s need=2s
LM HO UE=51 rnti=96 3->4 type=TN servingRsrp=-132.681 targetRsrp=-99.0942 targetLoadReal=16/20 targetLoadEff=16/20
UE 52 TTT_WAIT target=2 elapsed=0s need=2s
LM HO UE=53 rnti=97 3->7 type=NTN servingRsrp=-135.455 targetRsrp=-98.0285 targetLoadReal=8/10 targetLoadEff=8/10
UE 57 TTT_WAIT target=1 elapsed=0s need=2s
UE 58 TTT_WAIT target=4 elapsed=0s need=2s
UE 60 TTT_WAIT target=1 elapsed=0s need=2s
UE 62 TTT_WAIT target=2 elapsed=0s need=2s
UE 63 TTT_WAIT target=2 elapsed=0s need=2s
UE 64 TTT_WAIT target=7 elapsed=0s need=2s
UE 65 TTT_WAIT target=2 elapsed=0s need=2s
UE 66 TTT_WAIT target=7 elapsed=0s need=2s
LM HO_FAIL_LOW_RSRP UE=67 currCell=3 candCell=7 candRsrp=-131.423 < min=-120
LM HO UE=69 rnti=97 2->4 type=TN servingRsrp=-134.091 targetRsrp=-110.044 targetLoadReal=16/20 targetLoadEff=17/20
LM HO_FAIL_LOW_RSRP UE=72 currCell=3 candCell=1 candRsrp=-121.388 < min=-120
LM HO_FAIL_LOW_RSRP UE=76 currCell=1 candCell=7 candRsrp=-130.405 < min=-120
UE 77 TTT_WAIT target=7 elapsed=0s need=2s
UE 80 TTT_WAIT target=2 elapsed=0s need=2s
UE 81 TTT_WAIT target=2 elapsed=0s need=2s
UE 83 TTT_WAIT target=1 elapsed=0s need=2s
UE 84 TTT_WAIT target=2 elapsed=0s need=2s
UE 85 TTT_WAIT target=4 elapsed=0s need=2s
UE 86 TTT_WAIT target=2 elapsed=0s need=2s
LM HO_FAIL_LOW_RSRP UE=89 currCell=4 candCell=2 candRsrp=-127.948 < min=-120
UE 93 TTT_WAIT target=1 elapsed=0s need=2s
LM HO_FAIL_LOW_RSRP UE=94 currCell=1 candCell=4 candRsrp=-123.937 < min=-120
LM HO UE=95 rnti=65 7->4 type=TN servingRsrp=-126.462 targetRsrp=-66.1886 targetLoadReal=16/20 targetLoadEff=18/20
UE 101 TTT_WAIT target=2 elapsed=0s need=2s
UE 102 TTT_WAIT target=2 elapsed=0s need=2s
UE 103 TTT_WAIT target=4 elapsed=0s need=2s
UE 104 TTT_WAIT target=1 elapsed=0s need=2s
UE 105 TTT_WAIT target=2 elapsed=0s need=2s
UE 106 TTT_WAIT target=4 elapsed=0s need=2s
TRACE HO_SUCCESS Time=14.6151 IMSI=68 TargetCell=4 Type=TN TargetRSRP=-114.614 ServingRSRP=-108.128 BackhaulDlSnr=-999 BackhaulUlSnr=-999
TRACE HO_SUCCESS Time=14.6151 IMSI=50 TargetCell=4 Type=TN TargetRSRP=-99.2493 ServingRSRP=-107.052 BackhaulDlSnr=-999 BackhaulUlSnr=-999
TRACE HO_SUCCESS Time=14.6151 IMSI=94 TargetCell=4 Type=TN TargetRSRP=-96.9769 ServingRSRP=-110.577 BackhaulDlSnr=-999 BackhaulUlSnr=-999
TRACE HO_SUCCESS Time=14.6151 IMSI=19 TargetCell=6 Type=NTN TargetRSRP=-107.388 ServingRSRP=-85.5406 BackhaulDlSnr=14.9898 BackhaulUlSnr=10.4692
TRACE HO_SUCCESS Time=14.6151 IMSI=52 TargetCell=7 Type=NTN TargetRSRP=-102.164 ServingRSRP=-85.2286 BackhaulDlSnr=9.94828 BackhaulUlSnr=5.42768
UAV_AUTONOMY_XAPP Time=16.5 DeploymentMode=tn-uav-satellite UavIndex=0 UavCellId=5 BestDonorCellId=1 BestDonorDistanceM=1451.84 XhaulConnected=1 XhaulChannelVariationDb=-1.35744 XhaulState=HEALTHY DonorUnavailableActive=0 SatBackhaulHealthy=1 UavSwitchingXappAvailable=1 UavSwitchingXappState=STANDBY BackhaulMode=TN_DIRECT RicControlState=TN_E2 ActiveUavRic=TN_NEAR_RT_RIC NormalUeHandoverAllowed=1 UavMode=TN_CONTROLLED_COVERAGE_EXTENSION
UAV_AUTONOMY_XAPP Time=16.5 DeploymentMode=tn-uav-satellite UavIndex=1 UavCellId=6 BestDonorCellId=4 BestDonorDistanceM=629.258 XhaulConnected=1 XhaulChannelVariationDb=-2.66666 XhaulState=HEALTHY DonorUnavailableActive=0 SatBackhaulHealthy=1 UavSwitchingXappAvailable=1 UavSwitchingXappState=STANDBY BackhaulMode=TN_DIRECT RicControlState=TN_E2 ActiveUavRic=TN_NEAR_RT_RIC NormalUeHandoverAllowed=1 UavMode=TN_CONTROLLED_COVERAGE_EXTENSION
UAV_AUTONOMY_XAPP Time=16.5 DeploymentMode=tn-uav-satellite UavIndex=2 UavCellId=7 BestDonorCellId=1 BestDonorDistanceM=1205.83 XhaulConnected=1 XhaulChannelVariationDb=3.43702 XhaulState=HEALTHY DonorUnavailableActive=0 SatBackhaulHealthy=1 UavSwitchingXappAvailable=1 UavSwitchingXappState=STANDBY BackhaulMode=TN_DIRECT RicControlState=TN_E2 ActiveUavRic=TN_NEAR_RT_RIC NormalUeHandoverAllowed=1 UavMode=TN_CONTROLLED_COVERAGE_EXTENSION
---- LOAD at t=16.5 ----
  cell 1 (TN) load=18/20
  cell 2 (TN) load=18/20
  cell 3 (TN) load=18/20
  cell 4 (TN) load=19/20
  cell 5 (NTN) load=9/10
  cell 6 (NTN) load=10/10
  cell 7 (NTN) load=8/10
UE 8 TTT_WAIT target=1 elapsed=0s need=2s
UE 9 TTT_WAIT target=4 elapsed=0s need=2s
UE 10 TTT_WAIT target=2 elapsed=0s need=2s
UE 11 TTT_WAIT target=1 elapsed=0s need=2s
UE 12 TTT_WAIT target=3 elapsed=0s need=2s
UE 15 TTT_WAIT target=3 elapsed=0s need=2s
LM HO UE=17 rnti=90 2->1 type=TN servingRsrp=-135.889 targetRsrp=-97.033 targetLoadReal=18/20 targetLoadEff=18/20
LM HO UE=18 rnti=90 3->1 type=TN servingRsrp=-108.996 targetRsrp=-105.606 targetLoadReal=18/20 targetLoadEff=19/20
LM HO_FAIL_LOW_RSRP UE=19 currCell=5 candCell=7 candRsrp=-124.005 < min=-120
UE 20 TTT_WAIT target=5 elapsed=0s need=2s
UE 22 TTT_WAIT target=3 elapsed=0s need=2s
UE 24 TTT_WAIT target=3 elapsed=0s need=2s
UE 25 TTT_WAIT target=4 elapsed=0s need=2s
UE 26 TTT_WAIT target=4 elapsed=0s need=2s
UE 29 TTT_WAIT target=7 elapsed=0s need=2s
UE 30 TTT_WAIT target=3 elapsed=0s need=2s
UE 33 TTT_WAIT target=3 elapsed=0s need=2s
UE 35 TTT_WAIT target=3 elapsed=0s need=2s
UE 37 TTT_WAIT target=3 elapsed=0s need=2s
UE 39 TTT_WAIT target=3 elapsed=0s need=2s
LM HO UE=41 rnti=24 2->7 type=NTN servingRsrp=-114.294 targetRsrp=-114.431 targetLoadReal=8/10 targetLoadEff=8/10
UE 42 TTT_WAIT target=3 elapsed=0s need=2s
LM HO UE=44 rnti=94 2->4 type=TN servingRsrp=-124.184 targetRsrp=-105.426 targetLoadReal=19/20 targetLoadEff=19/20
UE 47 TTT_WAIT target=7 elapsed=0s need=2s
UE 50 TTT_WAIT target=2 elapsed=0s need=2s
UE 51 TTT_WAIT target=2 elapsed=0s need=2s
UE 52 TTT_WAIT target=3 elapsed=0s need=2s
LM HO_FAIL_LOW_RSRP UE=53 currCell=7 candCell=5 candRsrp=-133.33 < min=-120
UE 54 TTT_WAIT target=2 elapsed=0s need=2s
UE 57 TTT_WAIT target=7 elapsed=0s need=2s
UE 58 TTT_WAIT target=2 elapsed=0s need=2s
UE 59 TTT_WAIT target=3 elapsed=0s need=2s
LM HO_FAIL_LOW_RSRP UE=62 currCell=3 candCell=5 candRsrp=-136.649 < min=-120
LM HO_FAIL_LOW_RSRP UE=63 currCell=3 candCell=7 candRsrp=-125.608 < min=-120
LM HO UE=64 rnti=95 2->7 type=NTN servingRsrp=-125.443 targetRsrp=-113.807 targetLoadReal=8/10 targetLoadEff=9/10
LM HO UE=65 rnti=156 3->2 type=TN servingRsrp=-125.348 targetRsrp=-118.046 targetLoadReal=18/20 targetLoadEff=18/20
LM HO_FAIL_LOW_RSRP UE=67 currCell=3 candCell=5 candRsrp=-135.178 < min=-120
LM HO_FAIL_LOW_RSRP UE=68 currCell=3 candCell=5 candRsrp=-133.037 < min=-120
UE 72 TTT_WAIT target=2 elapsed=0s need=2s
UE 74 TTT_WAIT target=2 elapsed=0s need=2s
LM HO_FAIL_LOW_RSRP UE=75 currCell=3 candCell=5 candRsrp=-124.741 < min=-120
UE 76 TTT_WAIT target=3 elapsed=0s need=2s
LM HO UE=80 rnti=140 1->2 type=TN servingRsrp=-106.006 targetRsrp=-95.1651 targetLoadReal=18/20 targetLoadEff=19/20
UE 83 TTT_WAIT target=5 elapsed=0s need=2s
LM HO_FAIL_LOW_RSRP UE=86 currCell=3 candCell=5 candRsrp=-140.157 < min=-120
LM HO_FAIL_LOW_RSRP UE=89 currCell=4 candCell=3 candRsrp=-126.61 < min=-120
UE 91 TTT_WAIT target=5 elapsed=0s need=2s
UE 98 TTT_WAIT target=3 elapsed=0s need=2s
UE 101 TTT_WAIT target=5 elapsed=0s need=2s
LM HO_FAIL_LOW_RSRP UE=102 currCell=3 candCell=5 candRsrp=-132.134 < min=-120
UE 103 TTT_WAIT target=5 elapsed=0s need=2s
UE 104 TTT_WAIT target=3 elapsed=0s need=2s
UE 105 TTT_WAIT target=3 elapsed=0s need=2s
UE 106 TTT_WAIT target=3 elapsed=0s need=2s
TRACE HO_SUCCESS Time=16.6151 IMSI=16 TargetCell=1 Type=TN TargetRSRP=-103.592 ServingRSRP=-112.508 BackhaulDlSnr=-999 BackhaulUlSnr=-999
TRACE HO_SUCCESS Time=16.6151 IMSI=17 TargetCell=1 Type=TN TargetRSRP=-114.791 ServingRSRP=-100.548 BackhaulDlSnr=-999 BackhaulUlSnr=-999
TRACE HO_SUCCESS Time=16.6151 IMSI=79 TargetCell=2 Type=TN TargetRSRP=-119.59 ServingRSRP=-113.677 BackhaulDlSnr=-999 BackhaulUlSnr=-999
TRACE HO_SUCCESS Time=16.6151 IMSI=64 TargetCell=2 Type=TN TargetRSRP=-112.058 ServingRSRP=-87.0918 BackhaulDlSnr=-999 BackhaulUlSnr=-999
TRACE HO_SUCCESS Time=16.6151 IMSI=43 TargetCell=4 Type=TN TargetRSRP=-130.038 ServingRSRP=-91.4366 BackhaulDlSnr=-999 BackhaulUlSnr=-999
TRACE HO_SUCCESS Time=16.6151 IMSI=40 TargetCell=7 Type=NTN TargetRSRP=-129.411 ServingRSRP=-100.953 BackhaulDlSnr=12.0644 BackhaulUlSnr=7.54383
TRACE HO_SUCCESS Time=16.6151 IMSI=63 TargetCell=7 Type=NTN TargetRSRP=-140.511 ServingRSRP=-112.586 BackhaulDlSnr=12.0644 BackhaulUlSnr=7.54383
UAV_AUTONOMY_XAPP Time=18.5 DeploymentMode=tn-uav-satellite UavIndex=0 UavCellId=5 BestDonorCellId=1 BestDonorDistanceM=1451.84 XhaulConnected=1 XhaulChannelVariationDb=1.51246 XhaulState=HEALTHY DonorUnavailableActive=0 SatBackhaulHealthy=1 UavSwitchingXappAvailable=1 UavSwitchingXappState=STANDBY BackhaulMode=TN_DIRECT RicControlState=TN_E2 ActiveUavRic=TN_NEAR_RT_RIC NormalUeHandoverAllowed=1 UavMode=TN_CONTROLLED_COVERAGE_EXTENSION
UAV_AUTONOMY_XAPP Time=18.5 DeploymentMode=tn-uav-satellite UavIndex=1 UavCellId=6 BestDonorCellId=4 BestDonorDistanceM=629.258 XhaulConnected=1 XhaulChannelVariationDb=-0.297647 XhaulState=HEALTHY DonorUnavailableActive=0 SatBackhaulHealthy=1 UavSwitchingXappAvailable=1 UavSwitchingXappState=STANDBY BackhaulMode=TN_DIRECT RicControlState=TN_E2 ActiveUavRic=TN_NEAR_RT_RIC NormalUeHandoverAllowed=1 UavMode=TN_CONTROLLED_COVERAGE_EXTENSION
UAV_AUTONOMY_XAPP Time=18.5 DeploymentMode=tn-uav-satellite UavIndex=2 UavCellId=7 BestDonorCellId=2 BestDonorDistanceM=765.017 XhaulConnected=1 XhaulChannelVariationDb=0.972659 XhaulState=HEALTHY DonorUnavailableActive=0 SatBackhaulHealthy=1 UavSwitchingXappAvailable=1 UavSwitchingXappState=STANDBY BackhaulMode=TN_DIRECT RicControlState=TN_E2 ActiveUavRic=TN_NEAR_RT_RIC NormalUeHandoverAllowed=1 UavMode=TN_CONTROLLED_COVERAGE_EXTENSION
---- LOAD at t=18.5 ----
  cell 1 (TN) load=19/20
  cell 2 (TN) load=16/20
  cell 3 (TN) load=16/20
  cell 4 (TN) load=20/20
  cell 5 (NTN) load=9/10
  cell 6 (NTN) load=10/10
  cell 7 (NTN) load=10/10
LM HO UE=11 rnti=64 6->1 type=TN servingRsrp=-124.509 targetRsrp=-96.421 targetLoadReal=19/20 targetLoadEff=19/20
LM HO UE=15 rnti=89 2->3 type=TN servingRsrp=-118.304 targetRsrp=-79.8823 targetLoadReal=16/20 targetLoadEff=16/20
UE 18 TTT_WAIT target=3 elapsed=0s need=2s
UE 19 TTT_WAIT target=3 elapsed=0s need=2s
UE 20 TTT_WAIT target=3 elapsed=0s need=2s
LM HO UE=24 rnti=82 5->3 type=TN servingRsrp=-119.167 targetRsrp=-86.2916 targetLoadReal=16/20 targetLoadEff=17/20
UE 30 TTT_WAIT target=2 elapsed=0s need=2s
LM HO UE=35 rnti=91 2->3 type=TN servingRsrp=-129.156 targetRsrp=-107.176 targetLoadReal=16/20 targetLoadEff=18/20
UE 37 TTT_WAIT target=2 elapsed=0s need=2s
LM HO UE=39 rnti=53 1->3 type=TN servingRsrp=-112.232 targetRsrp=-99.9284 targetLoadReal=16/20 targetLoadEff=19/20
UE 41 TTT_WAIT target=2 elapsed=0s need=2s
UE 44 TTT_WAIT target=2 elapsed=0s need=2s
UE 45 TTT_WAIT target=5 elapsed=0s need=2s
LM HO_FAIL_LOW_RSRP UE=50 currCell=3 candCell=5 candRsrp=-137.843 < min=-120
LM HO_FAIL_LOW_RSRP UE=51 currCell=4 candCell=2 candRsrp=-129.585 < min=-120
UE 58 TTT_WAIT target=5 elapsed=0s need=2s
LM HO_FAIL_LOW_RSRP UE=59 currCell=1 candCell=2 candRsrp=-124.849 < min=-120
LM HO_FAIL_LOW_RSRP UE=63 currCell=3 candCell=5 candRsrp=-123.974 < min=-120
UE 66 TTT_WAIT target=5 elapsed=0s need=2s
LM HO_FAIL_LOW_RSRP UE=67 currCell=3 candCell=5 candRsrp=-128.812 < min=-120
LM HO_FAIL_LOW_RSRP UE=69 currCell=4 candCell=5 candRsrp=-139.204 < min=-120
LM HO UE=72 rnti=159 3->2 type=TN servingRsrp=-110.937 targetRsrp=-105.188 targetLoadReal=16/20 targetLoadEff=16/20
UE 74 TTT_WAIT target=5 elapsed=0s need=2s
LM HO_FAIL_LOW_RSRP UE=75 currCell=3 candCell=5 candRsrp=-125.779 < min=-120
UE 76 TTT_WAIT target=2 elapsed=0s need=2s
UE 78 TTT_WAIT target=2 elapsed=0s need=2s
LM HO_FAIL_LOW_RSRP UE=80 currCell=2 candCell=5 candRsrp=-135.811 < min=-120
LM HO_FAIL_LOW_RSRP UE=83 currCell=2 candCell=5 candRsrp=-140.266 < min=-120
UE 85 TTT_WAIT target=2 elapsed=0s need=2s
UE 86 TTT_WAIT target=2 elapsed=0s need=2s
UE 89 TTT_WAIT target=2 elapsed=0s need=2s
LM HO_FAIL_LOW_RSRP UE=90 currCell=2 candCell=5 candRsrp=-141.241 < min=-120
UE 91 TTT_WAIT target=2 elapsed=0s need=2s
UE 92 TTT_WAIT target=2 elapsed=0s need=2s
UE 94 TTT_WAIT target=2 elapsed=0s need=2s
LM HO_FAIL_LOW_RSRP UE=96 currCell=2 candCell=5 candRsrp=-133.386 < min=-120
UE 98 TTT_WAIT target=2 elapsed=0s need=2s
LM HO_FAIL_LOW_RSRP UE=99 currCell=1 candCell=2 candRsrp=-123.382 < min=-120
UE 101 TTT_WAIT target=2 elapsed=0s need=2s
UE 102 TTT_WAIT target=5 elapsed=0s need=2s
UE 105 TTT_WAIT target=2 elapsed=0s need=2s
LM HO_FAIL_LOW_RSRP UE=106 currCell=2 candCell=5 candRsrp=-132.205 < min=-120
TRACE HO_SUCCESS Time=18.6151 IMSI=10 TargetCell=1 Type=TN TargetRSRP=-132.344 ServingRSRP=-98.2273 BackhaulDlSnr=-999 BackhaulUlSnr=-999
TRACE HO_SUCCESS Time=18.6151 IMSI=71 TargetCell=2 Type=TN TargetRSRP=-128.488 ServingRSRP=-126.02 BackhaulDlSnr=-999 BackhaulUlSnr=-999
TRACE HO_SUCCESS Time=18.6151 IMSI=38 TargetCell=3 Type=TN TargetRSRP=-100.839 ServingRSRP=-116.435 BackhaulDlSnr=-999 BackhaulUlSnr=-999
TRACE HO_SUCCESS Time=18.6151 IMSI=14 TargetCell=3 Type=TN TargetRSRP=-106.757 ServingRSRP=-108.332 BackhaulDlSnr=-999 BackhaulUlSnr=-999
TRACE HO_SUCCESS Time=18.6151 IMSI=34 TargetCell=3 Type=TN TargetRSRP=-109.664 ServingRSRP=-90.5744 BackhaulDlSnr=-999 BackhaulUlSnr=-999
TRACE HO_SUCCESS Time=18.6151 IMSI=23 TargetCell=3 Type=TN TargetRSRP=-122.17 ServingRSRP=-78.4035 BackhaulDlSnr=-999 BackhaulUlSnr=-999
UAV_AUTONOMY_XAPP Time=20.5 DeploymentMode=tn-uav-satellite UavIndex=0 UavCellId=5 BestDonorCellId=1 BestDonorDistanceM=1451.84 XhaulConnected=1 XhaulChannelVariationDb=-1.23503 XhaulState=HEALTHY DonorUnavailableActive=0 SatBackhaulHealthy=1 UavSwitchingXappAvailable=1 UavSwitchingXappState=STANDBY BackhaulMode=TN_DIRECT RicControlState=TN_E2 ActiveUavRic=TN_NEAR_RT_RIC NormalUeHandoverAllowed=1 UavMode=TN_CONTROLLED_COVERAGE_EXTENSION
UAV_AUTONOMY_XAPP Time=20.5 DeploymentMode=tn-uav-satellite UavIndex=1 UavCellId=6 BestDonorCellId=4 BestDonorDistanceM=629.258 XhaulConnected=1 XhaulChannelVariationDb=-4.72636 XhaulState=HEALTHY DonorUnavailableActive=0 SatBackhaulHealthy=1 UavSwitchingXappAvailable=1 UavSwitchingXappState=STANDBY BackhaulMode=TN_DIRECT RicControlState=TN_E2 ActiveUavRic=TN_NEAR_RT_RIC NormalUeHandoverAllowed=1 UavMode=TN_CONTROLLED_COVERAGE_EXTENSION
UAV_AUTONOMY_XAPP Time=20.5 DeploymentMode=tn-uav-satellite UavIndex=2 UavCellId=7 BestDonorCellId=2 BestDonorDistanceM=765.017 XhaulConnected=1 XhaulChannelVariationDb=0.0675034 XhaulState=HEALTHY DonorUnavailableActive=0 SatBackhaulHealthy=1 UavSwitchingXappAvailable=1 UavSwitchingXappState=STANDBY BackhaulMode=TN_DIRECT RicControlState=TN_E2 ActiveUavRic=TN_NEAR_RT_RIC NormalUeHandoverAllowed=1 UavMode=TN_CONTROLLED_COVERAGE_EXTENSION
---- LOAD at t=20.5 ----
  cell 1 (TN) load=19/20
  cell 2 (TN) load=15/20
  cell 3 (TN) load=19/20
  cell 4 (TN) load=20/20
  cell 5 (NTN) load=8/10
  cell 6 (NTN) load=9/10
  cell 7 (NTN) load=10/10
UE 9 TTT_WAIT target=3 elapsed=0s need=2s
UE 13 TTT_WAIT target=3 elapsed=0s need=2s
LM HO_FAIL_LOW_RSRP UE=17 currCell=1 candCell=6 candRsrp=-124.976 < min=-120
UE 20 TTT_WAIT target=5 elapsed=0s need=2s
UE 22 TTT_WAIT target=2 elapsed=0s need=2s
UE 23 TTT_WAIT target=3 elapsed=0s need=2s
UE 24 TTT_WAIT target=2 elapsed=0s need=2s
UE 25 TTT_WAIT target=1 elapsed=0s need=2s
UE 28 TTT_WAIT target=2 elapsed=0s need=2s
UE 29 TTT_WAIT target=3 elapsed=0s need=2s
UE 33 TTT_WAIT target=2 elapsed=0s need=2s
UE 35 TTT_WAIT target=1 elapsed=0s need=2s
LM HO UE=37 rnti=52 1->2 type=TN servingRsrp=-121.385 targetRsrp=-119.33 targetLoadReal=15/20 targetLoadEff=15/20
UE 40 TTT_WAIT target=1 elapsed=0s need=2s
UE 42 TTT_WAIT target=3 elapsed=0s need=2s
LM HO_FAIL_LOW_RSRP UE=44 currCell=4 candCell=1 candRsrp=-123.793 < min=-120
UE 47 TTT_WAIT target=1 elapsed=0s need=2s
UE 50 TTT_WAIT target=6 elapsed=0s need=2s
LM HO_FAIL_LOW_RSRP UE=51 currCell=4 candCell=3 candRsrp=-122.259 < min=-120
UE 52 TTT_WAIT target=1 elapsed=0s need=2s
UE 53 TTT_WAIT target=2 elapsed=0s need=2s
LM HO_FAIL_LOW_RSRP UE=54 currCell=7 candCell=6 candRsrp=-123.199 < min=-120
LM HO_FAIL_LOW_RSRP UE=57 currCell=3 candCell=5 candRsrp=-130.415 < min=-120
UE 58 TTT_WAIT target=2 elapsed=0s need=2s
UE 59 TTT_WAIT target=2 elapsed=0s need=2s
UE 60 TTT_WAIT target=2 elapsed=0s need=2s
UE 62 TTT_WAIT target=1 elapsed=0s need=2s
LM HO_FAIL_LOW_RSRP UE=63 currCell=3 candCell=1 candRsrp=-121.669 < min=-120
UE 64 TTT_WAIT target=2 elapsed=0s need=2s
UE 65 TTT_WAIT target=3 elapsed=0s need=2s
LM HO UE=66 rnti=137 1->5 type=NTN servingRsrp=-119.989 targetRsrp=-98.8885 targetLoadReal=8/10 targetLoadEff=8/10
UE 67 TTT_WAIT target=5 elapsed=0s need=2s
LM HO_FAIL_LOW_RSRP UE=68 currCell=3 candCell=1 candRsrp=-124.069 < min=-120
UE 69 TTT_WAIT target=6 elapsed=0s need=2s
UE 73 TTT_WAIT target=2 elapsed=0s need=2s
LM HO UE=74 rnti=160 3->5 type=NTN servingRsrp=-112.262 targetRsrp=-118.745 targetLoadReal=8/10 targetLoadEff=9/10
LM HO_FAIL_LOW_RSRP UE=75 currCell=3 candCell=6 candRsrp=-138.049 < min=-120
LM HO UE=76 rnti=138 1->2 type=TN servingRsrp=-84.7989 targetRsrp=-81.9808 targetLoadReal=15/20 targetLoadEff=16/20
UE 80 TTT_WAIT target=1 elapsed=0s need=2s
UE 82 TTT_WAIT target=6 elapsed=0s need=2s
LM HO_FAIL_LOW_RSRP UE=83 currCell=2 candCell=3 candRsrp=-121.21 < min=-120
UE 84 TTT_WAIT target=2 elapsed=0s need=2s
LM HO_FAIL_LOW_RSRP UE=86 currCell=3 candCell=2 candRsrp=-121.576 < min=-120
UE 89 TTT_WAIT target=3 elapsed=0s need=2s
UE 90 TTT_WAIT target=3 elapsed=0s need=2s
LM HO UE=91 rnti=147 4->2 type=TN servingRsrp=-128.346 targetRsrp=-85.7735 targetLoadReal=15/20 targetLoadEff=17/20
LM HO UE=92 rnti=143 1->2 type=TN servingRsrp=-78.3324 targetRsrp=-75.0132 targetLoadReal=15/20 targetLoadEff=18/20
UE 93 TTT_WAIT target=6 elapsed=0s need=2s
LM HO UE=94 rnti=144 1->2 type=TN servingRsrp=-121.797 targetRsrp=-88.1474 targetLoadReal=15/20 targetLoadEff=19/20
UE 96 TTT_WAIT target=1 elapsed=0s need=2s
LM HO_FAIL_LOW_RSRP UE=99 currCell=1 candCell=6 candRsrp=-147.475 < min=-120
LM HO_FAIL_LOW_RSRP UE=102 currCell=3 candCell=6 candRsrp=-144.758 < min=-120
UE 103 TTT_WAIT target=1 elapsed=0s need=2s
UE 105 TTT_WAIT target=6 elapsed=0s need=2s
UE 106 TTT_WAIT target=3 elapsed=0s need=2s
TRACE HO_SUCCESS Time=20.6151 IMSI=36 TargetCell=2 Type=TN TargetRSRP=-125.234 ServingRSRP=-111.161 BackhaulDlSnr=-999 BackhaulUlSnr=-999
TRACE HO_SUCCESS Time=20.6151 IMSI=75 TargetCell=2 Type=TN TargetRSRP=-83.8195 ServingRSRP=-94.6314 BackhaulDlSnr=-999 BackhaulUlSnr=-999
TRACE HO_SUCCESS Time=20.6151 IMSI=91 TargetCell=2 Type=TN TargetRSRP=-109.496 ServingRSRP=-80.4461 BackhaulDlSnr=-999 BackhaulUlSnr=-999
TRACE HO_SUCCESS Time=20.6151 IMSI=93 TargetCell=2 Type=TN TargetRSRP=-89.8759 ServingRSRP=-96.2506 BackhaulDlSnr=-999 BackhaulUlSnr=-999
TRACE HO_SUCCESS Time=20.6151 IMSI=90 TargetCell=2 Type=TN TargetRSRP=-119.181 ServingRSRP=-81.4736 BackhaulDlSnr=-999 BackhaulUlSnr=-999
TRACE HO_SUCCESS Time=20.6151 IMSI=65 TargetCell=5 Type=NTN TargetRSRP=-118.965 ServingRSRP=-95.7164 BackhaulDlSnr=8.98217 BackhaulUlSnr=4.46157
TRACE HO_SUCCESS Time=20.6151 IMSI=73 TargetCell=5 Type=NTN TargetRSRP=-121.132 ServingRSRP=-110.559 BackhaulDlSnr=8.98217 BackhaulUlSnr=4.46157
UAV_AUTONOMY_XAPP Time=22.5 DeploymentMode=tn-uav-satellite UavIndex=0 UavCellId=5 BestDonorCellId=3 BestDonorDistanceM=1623.51 XhaulConnected=1 XhaulChannelVariationDb=3.91691 XhaulState=HEALTHY DonorUnavailableActive=0 SatBackhaulHealthy=1 UavSwitchingXappAvailable=1 UavSwitchingXappState=STANDBY BackhaulMode=TN_DIRECT RicControlState=TN_E2 ActiveUavRic=TN_NEAR_RT_RIC NormalUeHandoverAllowed=1 UavMode=TN_CONTROLLED_COVERAGE_EXTENSION
UAV_AUTONOMY_XAPP Time=22.5 DeploymentMode=tn-uav-satellite UavIndex=1 UavCellId=6 BestDonorCellId=4 BestDonorDistanceM=629.258 XhaulConnected=1 XhaulChannelVariationDb=-2.96853 XhaulState=HEALTHY DonorUnavailableActive=0 SatBackhaulHealthy=1 UavSwitchingXappAvailable=1 UavSwitchingXappState=STANDBY BackhaulMode=TN_DIRECT RicControlState=TN_E2 ActiveUavRic=TN_NEAR_RT_RIC NormalUeHandoverAllowed=1 UavMode=TN_CONTROLLED_COVERAGE_EXTENSION
UAV_AUTONOMY_XAPP Time=22.5 DeploymentMode=tn-uav-satellite UavIndex=2 UavCellId=7 BestDonorCellId=2 BestDonorDistanceM=765.017 XhaulConnected=1 XhaulChannelVariationDb=1.01141 XhaulState=HEALTHY DonorUnavailableActive=0 SatBackhaulHealthy=1 UavSwitchingXappAvailable=1 UavSwitchingXappState=STANDBY BackhaulMode=TN_DIRECT RicControlState=TN_E2 ActiveUavRic=TN_NEAR_RT_RIC NormalUeHandoverAllowed=1 UavMode=TN_CONTROLLED_COVERAGE_EXTENSION
---- LOAD at t=22.5 ----
  cell 1 (TN) load=14/20
  cell 2 (TN) load=20/20
  cell 3 (TN) load=18/20
  cell 4 (TN) load=19/20
  cell 5 (NTN) load=10/10
  cell 6 (NTN) load=9/10
  cell 7 (NTN) load=10/10
UE 8 TTT_WAIT target=3 elapsed=0s need=2s
LM HO_FAIL_LOW_RSRP UE=11 currCell=1 candCell=4 candRsrp=-120.395 < min=-120
UE 16 TTT_WAIT target=3 elapsed=0s need=2s
UE 17 TTT_WAIT target=6 elapsed=0s need=2s
LM HO_FAIL_LOW_RSRP UE=19 currCell=5 candCell=6 candRsrp=-122.979 < min=-120
UE 21 TTT_WAIT target=6 elapsed=0s need=2s
LM HO_FAIL_LOW_RSRP UE=22 currCell=4 candCell=6 candRsrp=-122.343 < min=-120
UE 23 TTT_WAIT target=1 elapsed=0s need=2s
UE 24 TTT_WAIT target=1 elapsed=0s need=2s
UE 25 TTT_WAIT target=4 elapsed=0s need=2s
LM HO_FAIL_LOW_RSRP UE=26 currCell=3 candCell=6 candRsrp=-137.161 < min=-120
UE 27 TTT_WAIT target=3 elapsed=0s need=2s
UE 28 TTT_WAIT target=6 elapsed=0s need=2s
UE 31 TTT_WAIT target=1 elapsed=0s need=2s
UE 33 TTT_WAIT target=1 elapsed=0s need=2s
UE 34 TTT_WAIT target=4 elapsed=0s need=2s
UE 36 TTT_WAIT target=3 elapsed=0s need=2s
UE 37 TTT_WAIT target=4 elapsed=0s need=2s
UE 38 TTT_WAIT target=1 elapsed=0s need=2s
UE 39 TTT_WAIT target=1 elapsed=0s need=2s
LM HO UE=42 rnti=92 2->3 type=TN servingRsrp=-124.092 targetRsrp=-87.3728 targetLoadReal=18/20 targetLoadEff=18/20
UE 44 TTT_WAIT target=1 elapsed=0s need=2s
UE 46 TTT_WAIT target=4 elapsed=0s need=2s
LM HO UE=47 rnti=96 2->1 type=TN servingRsrp=-104.904 targetRsrp=-72.3619 targetLoadReal=14/20 targetLoadEff=14/20
LM HO UE=52 rnti=88 5->1 type=TN servingRsrp=-108.346 targetRsrp=-80.3861 targetLoadReal=14/20 targetLoadEff=15/20
UE 55 TTT_WAIT target=1 elapsed=0s need=2s
LM HO_FAIL_LOW_RSRP UE=58 currCell=3 candCell=6 candRsrp=-151.862 < min=-120
LM HO_FAIL_LOW_RSRP UE=59 currCell=1 candCell=3 candRsrp=-123.231 < min=-120
LM HO_FAIL_LOW_RSRP UE=60 currCell=3 candCell=6 candRsrp=-147.132 < min=-120
UE 63 TTT_WAIT target=1 elapsed=0s need=2s
UE 64 TTT_WAIT target=6 elapsed=0s need=2s
LM HO UE=65 rnti=98 2->3 type=TN servingRsrp=-120.334 targetRsrp=-90.9587 targetLoadReal=18/20 targetLoadEff=19/20
LM HO_FAIL_LOW_RSRP UE=67 currCell=3 candCell=6 candRsrp=-138.758 < min=-120
UE 68 TTT_WAIT target=6 elapsed=0s need=2s
UE 70 TTT_WAIT target=6 elapsed=0s need=2s
LM HO_FAIL_LOW_RSRP UE=72 currCell=2 candCell=1 candRsrp=-123.703 < min=-120
UE 73 TTT_WAIT target=6 elapsed=0s need=2s
UE 75 TTT_WAIT target=4 elapsed=0s need=2s
UE 76 TTT_WAIT target=1 elapsed=0s need=2s
LM HO_FAIL_LOW_RSRP UE=77 currCell=4 candCell=6 candRsrp=-123.843 < min=-120
LM HO UE=80 rnti=99 2->1 type=TN servingRsrp=-111.483 targetRsrp=-104.535 targetLoadReal=14/20 targetLoadEff=16/20
UE 81 TTT_WAIT target=6 elapsed=0s need=2s
LM HO UE=82 rnti=142 4->6 type=NTN servingRsrp=-108.825 targetRsrp=-89.2219 targetLoadReal=9/10 targetLoadEff=9/10
UE 83 TTT_WAIT target=1 elapsed=0s need=2s
UE 85 TTT_WAIT target=4 elapsed=0s need=2s
LM HO_FAIL_LOW_RSRP UE=86 currCell=3 candCell=4 candRsrp=-129.069 < min=-120
UE 91 TTT_WAIT target=1 elapsed=0s need=2s
UE 92 TTT_WAIT target=1 elapsed=0s need=2s
UE 104 TTT_WAIT target=1 elapsed=0s need=2s
TRACE HO_SUCCESS Time=22.6151 IMSI=79 TargetCell=1 Type=TN TargetRSRP=-101.758 ServingRSRP=-99.8332 BackhaulDlSnr=-999 BackhaulUlSnr=-999
TRACE HO_SUCCESS Time=22.6151 IMSI=46 TargetCell=1 Type=TN TargetRSRP=-91.1668 ServingRSRP=-79.5881 BackhaulDlSnr=-999 BackhaulUlSnr=-999
TRACE HO_SUCCESS Time=22.6151 IMSI=51 TargetCell=1 Type=TN TargetRSRP=-116.874 ServingRSRP=-102.57 BackhaulDlSnr=-999 BackhaulUlSnr=-999
TRACE HO_SUCCESS Time=22.6151 IMSI=41 TargetCell=3 Type=TN TargetRSRP=-128.944 ServingRSRP=-86.7172 BackhaulDlSnr=-999 BackhaulUlSnr=-999
TRACE HO_SUCCESS Time=22.6151 IMSI=64 TargetCell=3 Type=TN TargetRSRP=-126.445 ServingRSRP=-106.019 BackhaulDlSnr=-999 BackhaulUlSnr=-999
TRACE HO_SUCCESS Time=22.6151 IMSI=81 TargetCell=6 Type=NTN TargetRSRP=-82.7631 ServingRSRP=-113.228 BackhaulDlSnr=11.8823 BackhaulUlSnr=7.36172
UAV_AUTONOMY_XAPP Time=24.5 DeploymentMode=tn-uav-satellite UavIndex=0 UavCellId=5 BestDonorCellId=4 BestDonorDistanceM=3577.79 XhaulConnected=1 XhaulChannelVariationDb=3.31157 XhaulState=HEALTHY DonorUnavailableActive=0 SatBackhaulHealthy=1 UavSwitchingXappAvailable=1 UavSwitchingXappState=STANDBY BackhaulMode=TN_DIRECT RicControlState=TN_E2 ActiveUavRic=TN_NEAR_RT_RIC NormalUeHandoverAllowed=1 UavMode=TN_CONTROLLED_COVERAGE_EXTENSION
UAV_AUTONOMY_XAPP Time=24.5 DeploymentMode=tn-uav-satellite UavIndex=1 UavCellId=6 BestDonorCellId=4 BestDonorDistanceM=629.258 XhaulConnected=1 XhaulChannelVariationDb=1.30617 XhaulState=HEALTHY DonorUnavailableActive=0 SatBackhaulHealthy=1 UavSwitchingXappAvailable=1 UavSwitchingXappState=STANDBY BackhaulMode=TN_DIRECT RicControlState=TN_E2 ActiveUavRic=TN_NEAR_RT_RIC NormalUeHandoverAllowed=1 UavMode=TN_CONTROLLED_COVERAGE_EXTENSION
UAV_AUTONOMY_XAPP Time=24.5 DeploymentMode=tn-uav-satellite UavIndex=2 UavCellId=7 BestDonorCellId=1 BestDonorDistanceM=1205.83 XhaulConnected=1 XhaulChannelVariationDb=5.00557 XhaulState=HEALTHY DonorUnavailableActive=0 SatBackhaulHealthy=1 UavSwitchingXappAvailable=1 UavSwitchingXappState=STANDBY BackhaulMode=TN_DIRECT RicControlState=TN_E2 ActiveUavRic=TN_NEAR_RT_RIC NormalUeHandoverAllowed=1 UavMode=TN_CONTROLLED_COVERAGE_EXTENSION
---- LOAD at t=24.5 ----
  cell 1 (TN) load=17/20
  cell 2 (TN) load=16/20
  cell 3 (TN) load=20/20
  cell 4 (TN) load=18/20
  cell 5 (NTN) load=9/10
  cell 6 (NTN) load=10/10
  cell 7 (NTN) load=10/10
UE 8 TTT_WAIT target=1 elapsed=0s need=2s
UE 9 TTT_WAIT target=4 elapsed=0s need=2s
UE 11 TTT_WAIT target=4 elapsed=0s need=2s
UE 13 TTT_WAIT target=5 elapsed=0s need=2s
UE 18 TTT_WAIT target=5 elapsed=0s need=2s
UE 20 TTT_WAIT target=5 elapsed=0s need=2s
LM HO_FAIL_LOW_RSRP UE=22 currCell=4 candCell=5 candRsrp=-141.709 < min=-120
LM HO UE=23 rnti=93 2->1 type=TN servingRsrp=-101.234 targetRsrp=-91.7647 targetLoadReal=17/20 targetLoadEff=17/20
LM HO UE=24 rnti=175 3->1 type=TN servingRsrp=-127.33 targetRsrp=-111.949 targetLoadReal=17/20 targetLoadEff=18/20
LM HO UE=25 rnti=66 6->4 type=TN servingRsrp=-125.152 targetRsrp=-92.1952 targetLoadReal=18/20 targetLoadEff=18/20
UE 31 TTT_WAIT target=2 elapsed=0s need=2s
LM HO UE=33 rnti=23 7->1 type=TN servingRsrp=-123.074 targetRsrp=-88.8644 targetLoadReal=17/20 targetLoadEff=19/20
UE 34 TTT_WAIT target=5 elapsed=0s need=2s
UE 35 TTT_WAIT target=2 elapsed=0s need=2s
LM HO UE=37 rnti=101 2->4 type=TN servingRsrp=-122.336 targetRsrp=-116.536 targetLoadReal=18/20 targetLoadEff=19/20
UE 39 TTT_WAIT target=2 elapsed=0s need=2s
UE 41 TTT_WAIT target=2 elapsed=0s need=2s
UE 42 TTT_WAIT target=5 elapsed=0s need=2s
LM HO_FAIL_LOW_RSRP UE=44 currCell=4 candCell=2 candRsrp=-123.805 < min=-120
UE 45 TTT_WAIT target=2 elapsed=0s need=2s
UE 50 TTT_WAIT target=2 elapsed=0s need=2s
LM HO_FAIL_LOW_RSRP UE=51 currCell=4 candCell=2 candRsrp=-124.996 < min=-120
UE 52 TTT_WAIT target=2 elapsed=0s need=2s
UE 54 TTT_WAIT target=2 elapsed=0s need=2s
UE 57 TTT_WAIT target=5 elapsed=0s need=2s
LM HO_FAIL_LOW_RSRP UE=58 currCell=3 candCell=5 candRsrp=-124.973 < min=-120
LM HO_FAIL_LOW_RSRP UE=59 currCell=1 candCell=5 candRsrp=-121.888 < min=-120
UE 60 TTT_WAIT target=2 elapsed=0s need=2s
UE 63 TTT_WAIT target=5 elapsed=0s need=2s
LM HO_FAIL_LOW_RSRP UE=65 currCell=3 candCell=2 candRsrp=-120.908 < min=-120
LM HO_FAIL_LOW_RSRP UE=67 currCell=3 candCell=5 candRsrp=-135.667 < min=-120
UE 68 TTT_WAIT target=2 elapsed=0s need=2s
LM HO_FAIL_LOW_RSRP UE=75 currCell=3 candCell=5 candRsrp=-128.066 < min=-120
UE 79 TTT_WAIT target=2 elapsed=0s need=2s
UE 80 TTT_WAIT target=2 elapsed=0s need=2s
LM HO_FAIL_LOW_RSRP UE=83 currCell=2 candCell=5 candRsrp=-137.243 < min=-120
UE 84 TTT_WAIT target=2 elapsed=0s need=2s
LM HO_FAIL_LOW_RSRP UE=89 currCell=4 candCell=2 candRsrp=-121.261 < min=-120
LM HO_FAIL_LOW_RSRP UE=94 currCell=2 candCell=5 candRsrp=-130.348 < min=-120
LM HO_FAIL_LOW_RSRP UE=96 currCell=2 candCell=5 candRsrp=-133.011 < min=-120
UE 98 TTT_WAIT target=5 elapsed=0s need=2s
UE 99 TTT_WAIT target=2 elapsed=0s need=2s
LM HO_FAIL_LOW_RSRP UE=100 currCell=2 candCell=5 candRsrp=-133.104 < min=-120
UE 101 TTT_WAIT target=2 elapsed=0s need=2s
UE 103 TTT_WAIT target=5 elapsed=0s need=2s
UE 106 TTT_WAIT target=5 elapsed=0s need=2s
TRACE HO_SUCCESS Time=24.6151 IMSI=22 TargetCell=1 Type=TN TargetRSRP=-109.795 ServingRSRP=-85.7184 BackhaulDlSnr=-999 BackhaulUlSnr=-999
TRACE HO_SUCCESS Time=24.6151 IMSI=23 TargetCell=1 Type=TN TargetRSRP=-117.724 ServingRSRP=-117.359 BackhaulDlSnr=-999 BackhaulUlSnr=-999
TRACE HO_SUCCESS Time=24.6151 IMSI=32 TargetCell=1 Type=TN TargetRSRP=-91.594 ServingRSRP=-98.3422 BackhaulDlSnr=-999 BackhaulUlSnr=-999
TRACE HO_SUCCESS Time=24.6151 IMSI=36 TargetCell=4 Type=TN TargetRSRP=-113.268 ServingRSRP=-109.815 BackhaulDlSnr=-999 BackhaulUlSnr=-999
TRACE HO_SUCCESS Time=24.6151 IMSI=24 TargetCell=4 Type=TN TargetRSRP=-119.383 ServingRSRP=-100.555 BackhaulDlSnr=-999 BackhaulUlSnr=-999
UAV_AUTONOMY_XAPP Time=26.5 DeploymentMode=tn-uav-satellite UavIndex=0 UavCellId=5 BestDonorCellId=1 BestDonorDistanceM=1451.84 XhaulConnected=1 XhaulChannelVariationDb=0.6374 XhaulState=HEALTHY DonorUnavailableActive=0 SatBackhaulHealthy=1 UavSwitchingXappAvailable=1 UavSwitchingXappState=STANDBY BackhaulMode=TN_DIRECT RicControlState=TN_E2 ActiveUavRic=TN_NEAR_RT_RIC NormalUeHandoverAllowed=1 UavMode=TN_CONTROLLED_COVERAGE_EXTENSION
UAV_AUTONOMY_XAPP Time=26.5 DeploymentMode=tn-uav-satellite UavIndex=1 UavCellId=6 BestDonorCellId=4 BestDonorDistanceM=629.258 XhaulConnected=1 XhaulChannelVariationDb=-2.69739 XhaulState=HEALTHY DonorUnavailableActive=0 SatBackhaulHealthy=1 UavSwitchingXappAvailable=1 UavSwitchingXappState=STANDBY BackhaulMode=TN_DIRECT RicControlState=TN_E2 ActiveUavRic=TN_NEAR_RT_RIC NormalUeHandoverAllowed=1 UavMode=TN_CONTROLLED_COVERAGE_EXTENSION
UAV_AUTONOMY_XAPP Time=26.5 DeploymentMode=tn-uav-satellite UavIndex=2 UavCellId=7 BestDonorCellId=2 BestDonorDistanceM=765.017 XhaulConnected=1 XhaulChannelVariationDb=-4.21776 XhaulState=HEALTHY DonorUnavailableActive=0 SatBackhaulHealthy=1 UavSwitchingXappAvailable=1 UavSwitchingXappState=STANDBY BackhaulMode=TN_DIRECT RicControlState=TN_E2 ActiveUavRic=TN_NEAR_RT_RIC NormalUeHandoverAllowed=1 UavMode=TN_CONTROLLED_COVERAGE_EXTENSION
---- LOAD at t=26.5 ----
  cell 1 (TN) load=20/20
  cell 2 (TN) load=14/20
  cell 3 (TN) load=19/20
  cell 4 (TN) load=20/20
  cell 5 (NTN) load=9/10
  cell 6 (NTN) load=9/10
  cell 7 (NTN) load=9/10
UE 8 TTT_WAIT target=7 elapsed=0s need=2s
UE 11 TTT_WAIT target=2 elapsed=0s need=2s
LM HO_FAIL_LOW_RSRP UE=17 currCell=1 candCell=6 candRsrp=-120.514 < min=-120
UE 18 TTT_WAIT target=7 elapsed=0s need=2s
UE 19 TTT_WAIT target=2 elapsed=0s need=2s
LM HO UE=20 rnti=87 6->5 type=NTN servingRsrp=-141.756 targetRsrp=-119.52 targetLoadReal=9/10 targetLoadEff=9/10
UE 29 TTT_WAIT target=3 elapsed=0s need=2s
UE 33 TTT_WAIT target=2 elapsed=0s need=2s
UE 35 TTT_WAIT target=6 elapsed=0s need=2s
LM HO_FAIL_LOW_RSRP UE=36 currCell=4 candCell=6 candRsrp=-123.897 < min=-120
UE 37 TTT_WAIT target=2 elapsed=0s need=2s
LM HO UE=39 rnti=176 3->2 type=TN servingRsrp=-119.807 targetRsrp=-117.07 targetLoadReal=14/20 targetLoadEff=14/20
LM HO UE=41 rnti=74 7->2 type=TN servingRsrp=-133.271 targetRsrp=-84.8512 targetLoadReal=14/20 targetLoadEff=15/20
UE 42 TTT_WAIT target=2 elapsed=0s need=2s
UE 44 TTT_WAIT target=2 elapsed=0s need=2s
UE 47 TTT_WAIT target=2 elapsed=0s need=2s
UE 49 TTT_WAIT target=6 elapsed=0s need=2s
UE 51 TTT_WAIT target=3 elapsed=0s need=2s
UE 52 TTT_WAIT target=7 elapsed=0s need=2s
UE 53 TTT_WAIT target=3 elapsed=0s need=2s
UE 54 TTT_WAIT target=3 elapsed=0s need=2s
LM HO_FAIL_LOW_RSRP UE=58 currCell=3 candCell=7 candRsrp=-138.593 < min=-120
UE 59 TTT_WAIT target=7 elapsed=0s need=2s
LM HO UE=60 rnti=154 3->2 type=TN servingRsrp=-121.005 targetRsrp=-114.633 targetLoadReal=14/20 targetLoadEff=16/20
UE 62 TTT_WAIT target=2 elapsed=0s need=2s
UE 63 TTT_WAIT target=7 elapsed=0s need=2s
LM HO_FAIL_LOW_RSRP UE=64 currCell=7 candCell=6 candRsrp=-120.175 < min=-120
UE 65 TTT_WAIT target=7 elapsed=0s need=2s
UE 66 TTT_WAIT target=3 elapsed=0s need=2s
LM HO_FAIL_LOW_RSRP UE=67 currCell=3 candCell=7 candRsrp=-135.941 < min=-120
UE 68 TTT_WAIT target=6 elapsed=0s need=2s
UE 69 TTT_WAIT target=6 elapsed=0s need=2s
UE 72 TTT_WAIT target=3 elapsed=0s need=2s
UE 74 TTT_WAIT target=2 elapsed=0s need=2s
UE 76 TTT_WAIT target=3 elapsed=0s need=2s
UE 80 TTT_WAIT target=6 elapsed=0s need=2s
LM HO_FAIL_LOW_RSRP UE=81 currCell=1 candCell=3 candRsrp=-124.523 < min=-120
UE 84 TTT_WAIT target=3 elapsed=0s need=2s
LM HO_FAIL_LOW_RSRP UE=89 currCell=4 candCell=2 candRsrp=-124.631 < min=-120
UE 91 TTT_WAIT target=6 elapsed=0s need=2s
UE 92 TTT_WAIT target=3 elapsed=0s need=2s
UE 93 TTT_WAIT target=6 elapsed=0s need=2s
LM HO_FAIL_LOW_RSRP UE=94 currCell=2 candCell=7 candRsrp=-137.927 < min=-120
UE 97 TTT_WAIT target=3 elapsed=0s need=2s
LM HO UE=99 rnti=146 1->2 type=TN servingRsrp=-119.907 targetRsrp=-94.9453 targetLoadReal=14/20 targetLoadEff=17/20
UE 100 TTT_WAIT target=7 elapsed=0s need=2s
UE 101 TTT_WAIT target=3 elapsed=0s need=2s
UE 103 TTT_WAIT target=3 elapsed=0s need=2s
UE 104 TTT_WAIT target=3 elapsed=0s need=2s
UE 105 TTT_WAIT target=6 elapsed=0s need=2s
UE 106 TTT_WAIT target=7 elapsed=0s need=2s
TRACE HO_SUCCESS Time=26.6151 IMSI=98 TargetCell=2 Type=TN TargetRSRP=-121.348 ServingRSRP=-111.685 BackhaulDlSnr=-999 BackhaulUlSnr=-999
TRACE HO_SUCCESS Time=26.6151 IMSI=38 TargetCell=2 Type=TN TargetRSRP=-83.386 ServingRSRP=-96.7833 BackhaulDlSnr=-999 BackhaulUlSnr=-999
TRACE HO_SUCCESS Time=26.6151 IMSI=59 TargetCell=2 Type=TN TargetRSRP=-127.515 ServingRSRP=-118.119 BackhaulDlSnr=-999 BackhaulUlSnr=-999
TRACE HO_SUCCESS Time=26.6151 IMSI=40 TargetCell=2 Type=TN TargetRSRP=-76.1006 ServingRSRP=-96.2144 BackhaulDlSnr=-999 BackhaulUlSnr=-999
TRACE HO_SUCCESS Time=26.6151 IMSI=19 TargetCell=5 Type=NTN TargetRSRP=-110.24 ServingRSRP=-82.4586 BackhaulDlSnr=11.0536 BackhaulUlSnr=6.53297
UAV_AUTONOMY_XAPP Time=28.5 DeploymentMode=tn-uav-satellite UavIndex=0 UavCellId=5 BestDonorCellId=1 BestDonorDistanceM=1451.84 XhaulConnected=1 XhaulChannelVariationDb=1.53709 XhaulState=HEALTHY DonorUnavailableActive=0 SatBackhaulHealthy=1 UavSwitchingXappAvailable=1 UavSwitchingXappState=STANDBY BackhaulMode=TN_DIRECT RicControlState=TN_E2 ActiveUavRic=TN_NEAR_RT_RIC NormalUeHandoverAllowed=1 UavMode=TN_CONTROLLED_COVERAGE_EXTENSION
UAV_AUTONOMY_XAPP Time=28.5 DeploymentMode=tn-uav-satellite UavIndex=1 UavCellId=6 BestDonorCellId=4 BestDonorDistanceM=629.258 XhaulConnected=1 XhaulChannelVariationDb=-1.58626 XhaulState=HEALTHY DonorUnavailableActive=0 SatBackhaulHealthy=1 UavSwitchingXappAvailable=1 UavSwitchingXappState=STANDBY BackhaulMode=TN_DIRECT RicControlState=TN_E2 ActiveUavRic=TN_NEAR_RT_RIC NormalUeHandoverAllowed=1 UavMode=TN_CONTROLLED_COVERAGE_EXTENSION
UAV_AUTONOMY_XAPP Time=28.5 DeploymentMode=tn-uav-satellite UavIndex=2 UavCellId=7 BestDonorCellId=2 BestDonorDistanceM=765.017 XhaulConnected=1 XhaulChannelVariationDb=-1.33302 XhaulState=HEALTHY DonorUnavailableActive=0 SatBackhaulHealthy=1 UavSwitchingXappAvailable=1 UavSwitchingXappState=STANDBY BackhaulMode=TN_DIRECT RicControlState=TN_E2 ActiveUavRic=TN_NEAR_RT_RIC NormalUeHandoverAllowed=1 UavMode=TN_CONTROLLED_COVERAGE_EXTENSION
---- LOAD at t=28.5 ----
  cell 1 (TN) load=19/20
  cell 2 (TN) load=18/20
  cell 3 (TN) load=17/20
  cell 4 (TN) load=20/20
  cell 5 (NTN) load=10/10
  cell 6 (NTN) load=8/10
  cell 7 (NTN) load=8/10
UE 8 TTT_WAIT target=3 elapsed=0s need=2s
LM HO UE=11 rnti=165 1->2 type=TN servingRsrp=-134.44 targetRsrp=-97.7848 targetLoadReal=18/20 targetLoadEff=18/20
UE 16 TTT_WAIT target=6 elapsed=0s need=2s
LM HO_FAIL_LOW_RSRP UE=17 currCell=1 candCell=6 candRsrp=-121.092 < min=-120
UE 18 TTT_WAIT target=3 elapsed=0s need=2s
UE 19 TTT_WAIT target=1 elapsed=0s need=2s
UE 20 TTT_WAIT target=1 elapsed=0s need=2s
UE 22 TTT_WAIT target=6 elapsed=0s need=2s
UE 23 TTT_WAIT target=2 elapsed=0s need=2s
UE 25 TTT_WAIT target=2 elapsed=0s need=2s
UE 26 TTT_WAIT target=1 elapsed=0s need=2s
LM HO UE=29 rnti=51 1->3 type=TN servingRsrp=-112.275 targetRsrp=-82.432 targetLoadReal=17/20 targetLoadEff=17/20
UE 31 TTT_WAIT target=1 elapsed=0s need=2s
LM HO UE=33 rnti=171 1->2 type=TN servingRsrp=-111.504 targetRsrp=-82.8529 targetLoadReal=18/20 targetLoadEff=19/20
UE 34 TTT_WAIT target=1 elapsed=0s need=2s
LM HO_FAIL_LOW_RSRP UE=35 currCell=3 candCell=6 candRsrp=-140.773 < min=-120
UE 37 TTT_WAIT target=7 elapsed=0s need=2s
UE 39 TTT_WAIT target=3 elapsed=0s need=2s
UE 40 TTT_WAIT target=1 elapsed=0s need=2s
UE 41 TTT_WAIT target=1 elapsed=0s need=2s
UE 42 TTT_WAIT target=6 elapsed=0s need=2s
UE 43 TTT_WAIT target=1 elapsed=0s need=2s
UE 44 TTT_WAIT target=3 elapsed=0s need=2s
UE 45 TTT_WAIT target=3 elapsed=0s need=2s
UE 50 TTT_WAIT target=7 elapsed=0s need=2s
UE 56 TTT_WAIT target=6 elapsed=0s need=2s
LM HO_FAIL_LOW_RSRP UE=57 currCell=3 candCell=7 candRsrp=-132.775 < min=-120
UE 58 TTT_WAIT target=1 elapsed=0s need=2s
LM HO_FAIL_LOW_RSRP UE=59 currCell=1 candCell=7 candRsrp=-129.798 < min=-120
UE 60 TTT_WAIT target=3 elapsed=0s need=2s
LM HO UE=63 rnti=155 3->7 type=NTN servingRsrp=-131.258 targetRsrp=-106.939 targetLoadReal=8/10 targetLoadEff=8/10
UE 64 TTT_WAIT target=1 elapsed=0s need=2s
UE 65 TTT_WAIT target=1 elapsed=0s need=2s
UE 66 TTT_WAIT target=1 elapsed=0s need=2s
LM HO_FAIL_LOW_RSRP UE=72 currCell=2 candCell=7 candRsrp=-128.667 < min=-120
UE 75 TTT_WAIT target=7 elapsed=0s need=2s
LM HO_FAIL_LOW_RSRP UE=76 currCell=2 candCell=7 candRsrp=-125.058 < min=-120
LM HO_FAIL_LOW_RSRP UE=83 currCell=2 candCell=6 candRsrp=-122.144 < min=-120
UE 84 TTT_WAIT target=6 elapsed=0s need=2s
LM HO_FAIL_LOW_RSRP UE=86 currCell=3 candCell=6 candRsrp=-125.532 < min=-120
UE 89 TTT_WAIT target=3 elapsed=0s need=2s
LM HO_FAIL_LOW_RSRP UE=90 currCell=2 candCell=7 candRsrp=-128.101 < min=-120
LM HO UE=92 rnti=104 2->3 type=TN servingRsrp=-109.152 targetRsrp=-96.081 targetLoadReal=17/20 targetLoadEff=18/20
UE 94 TTT_WAIT target=3 elapsed=0s need=2s
LM HO_FAIL_LOW_RSRP UE=96 currCell=2 candCell=7 candRsrp=-134.496 < min=-120
LM HO UE=97 rnti=145 1->3 type=TN servingRsrp=-114.173 targetRsrp=-102.256 targetLoadReal=17/20 targetLoadEff=19/20
UE 98 TTT_WAIT target=6 elapsed=0s need=2s
LM HO UE=100 rnti=70 2->7 type=NTN servingRsrp=-110.754 targetRsrp=-117.039 targetLoadReal=8/10 targetLoadEff=9/10
LM HO_FAIL_LOW_RSRP UE=101 currCell=1 candCell=6 candRsrp=-152.899 < min=-120
UE 103 TTT_WAIT target=1 elapsed=0s need=2s
LM HO UE=105 rnti=67 7->6 type=NTN servingRsrp=-129.203 targetRsrp=-116.261 targetLoadReal=8/10 targetLoadEff=8/10
UE 106 TTT_WAIT target=6 elapsed=0s need=2s
TRACE HO_SUCCESS Time=28.6151 IMSI=10 TargetCell=2 Type=TN TargetRSRP=-126.597 ServingRSRP=-124.303 BackhaulDlSnr=-999 BackhaulUlSnr=-999
TRACE HO_SUCCESS Time=28.6151 IMSI=32 TargetCell=2 Type=TN TargetRSRP=-101.819 ServingRSRP=-107.437 BackhaulDlSnr=-999 BackhaulUlSnr=-999
TRACE HO_SUCCESS Time=28.6151 IMSI=28 TargetCell=3 Type=TN TargetRSRP=-122.073 ServingRSRP=-79.086 BackhaulDlSnr=-999 BackhaulUlSnr=-999
TRACE HO_SUCCESS Time=28.6151 IMSI=96 TargetCell=3 Type=TN TargetRSRP=-127.092 ServingRSRP=-75.7819 BackhaulDlSnr=-999 BackhaulUlSnr=-999
TRACE HO_SUCCESS Time=28.6151 IMSI=91 TargetCell=3 Type=TN TargetRSRP=-117.699 ServingRSRP=-83.288 BackhaulDlSnr=-999 BackhaulUlSnr=-999
TRACE HO_SUCCESS Time=28.6151 IMSI=104 TargetCell=6 Type=NTN TargetRSRP=-118.969 ServingRSRP=-87.8853 BackhaulDlSnr=11.4431 BackhaulUlSnr=6.92254
TRACE HO_SUCCESS Time=28.6151 IMSI=99 TargetCell=7 Type=NTN TargetRSRP=-110.127 ServingRSRP=-104.732 BackhaulDlSnr=9.95379 BackhaulUlSnr=5.43319
TRACE HO_SUCCESS Time=28.6151 IMSI=62 TargetCell=7 Type=NTN TargetRSRP=-122.009 ServingRSRP=-110.032 BackhaulDlSnr=9.95379 BackhaulUlSnr=5.43319
UAV_AUTONOMY_XAPP Time=30.5 DeploymentMode=tn-uav-satellite UavIndex=0 UavCellId=5 BestDonorCellId=0 BestDonorDistanceM=-1 XhaulConnected=0 XhaulChannelVariationDb=0 XhaulState=UNREACHABLE DonorUnavailableActive=1 SatBackhaulHealthy=1 UavSwitchingXappAvailable=1 UavSwitchingXappState=ACTIVE BackhaulMode=SATELLITE_FALLBACK RicControlState=NEAR_RT_RIC_SWITCHING_TO_SATELLITE_BACKHAUL ActiveUavRic=TN_NEAR_RT_RIC NormalUeHandoverAllowed=1 UavMode=NEAR_RT_RIC_EMERGENCY_SWITCHING_WITH_SATELLITE_BACKHAUL
UAV_AUTONOMY_XAPP Time=30.5 DeploymentMode=tn-uav-satellite UavIndex=1 UavCellId=6 BestDonorCellId=0 BestDonorDistanceM=-1 XhaulConnected=0 XhaulChannelVariationDb=0 XhaulState=UNREACHABLE DonorUnavailableActive=1 SatBackhaulHealthy=1 UavSwitchingXappAvailable=1 UavSwitchingXappState=ACTIVE BackhaulMode=SATELLITE_FALLBACK RicControlState=NEAR_RT_RIC_SWITCHING_TO_SATELLITE_BACKHAUL ActiveUavRic=TN_NEAR_RT_RIC NormalUeHandoverAllowed=1 UavMode=NEAR_RT_RIC_EMERGENCY_SWITCHING_WITH_SATELLITE_BACKHAUL
UAV_AUTONOMY_XAPP Time=30.5 DeploymentMode=tn-uav-satellite UavIndex=2 UavCellId=7 BestDonorCellId=0 BestDonorDistanceM=-1 XhaulConnected=0 XhaulChannelVariationDb=0 XhaulState=UNREACHABLE DonorUnavailableActive=1 SatBackhaulHealthy=1 UavSwitchingXappAvailable=1 UavSwitchingXappState=ACTIVE BackhaulMode=SATELLITE_FALLBACK RicControlState=NEAR_RT_RIC_SWITCHING_TO_SATELLITE_BACKHAUL ActiveUavRic=TN_NEAR_RT_RIC NormalUeHandoverAllowed=1 UavMode=NEAR_RT_RIC_EMERGENCY_SWITCHING_WITH_SATELLITE_BACKHAUL
---- LOAD at t=30.5 ----
  cell 1 (TN) load=15/20
  cell 2 (TN) load=18/20
  cell 3 (TN) load=19/20
  cell 4 (TN) load=20/20
  cell 5 (NTN) load=10/10
  cell 6 (NTN) load=9/10
  cell 7 (NTN) load=9/10
UE 8 TTT_WAIT target=1 elapsed=0s need=2s
LM HO_FAIL_LOW_RSRP UE=9 currCell=2 candCell=7 candRsrp=-130.049 < min=-120
UE 10 TTT_WAIT target=2 elapsed=0s need=2s
UE 11 TTT_WAIT target=1 elapsed=0s need=2s
UE 13 TTT_WAIT target=7 elapsed=0s need=2s
UE 17 TTT_WAIT target=6 elapsed=0s need=2s
LM HO UE=18 rnti=164 1->3 type=TN servingRsrp=-99.7427 targetRsrp=-78.3566 targetLoadReal=19/20 targetLoadEff=19/20
LM HO_FAIL_LOW_RSRP UE=24 currCell=1 candCell=7 candRsrp=-138.442 < min=-120
UE 25 TTT_WAIT target=1 elapsed=0s need=2s
UE 30 TTT_WAIT target=7 elapsed=0s need=2s
UE 33 TTT_WAIT target=1 elapsed=0s need=2s
UE 35 TTT_WAIT target=2 elapsed=0s need=2s
UE 36 TTT_WAIT target=6 elapsed=0s need=2s
LM HO UE=37 rnti=168 4->7 type=NTN servingRsrp=-105.767 targetRsrp=-102.103 targetLoadReal=9/10 targetLoadEff=9/10
UE 38 TTT_WAIT target=1 elapsed=0s need=2s
UE 39 TTT_WAIT target=1 elapsed=0s need=2s
UE 44 TTT_WAIT target=1 elapsed=0s need=2s
UE 47 TTT_WAIT target=2 elapsed=0s need=2s
UE 51 TTT_WAIT target=1 elapsed=0s need=2s
UE 57 TTT_WAIT target=2 elapsed=0s need=2s
LM HO UE=58 rnti=153 3->1 type=TN servingRsrp=-126.06 targetRsrp=-118.643 targetLoadReal=15/20 targetLoadEff=15/20
UE 59 TTT_WAIT target=2 elapsed=0s need=2s
UE 60 TTT_WAIT target=1 elapsed=0s need=2s
LM HO_FAIL_LOW_RSRP UE=62 currCell=3 candCell=6 candRsrp=-136.483 < min=-120
UE 64 TTT_WAIT target=2 elapsed=0s need=2s
LM HO UE=65 rnti=179 3->1 type=TN servingRsrp=-121.706 targetRsrp=-105.759 targetLoadReal=15/20 targetLoadEff=16/20
UE 66 TTT_WAIT target=2 elapsed=0s need=2s
UE 67 TTT_WAIT target=1 elapsed=0s need=2s
UE 70 TTT_WAIT target=6 elapsed=0s need=2s
UE 72 TTT_WAIT target=1 elapsed=0s need=2s
UE 74 TTT_WAIT target=1 elapsed=0s need=2s
LM HO_FAIL_LOW_RSRP UE=75 currCell=3 candCell=6 candRsrp=-145.079 < min=-120
UE 76 TTT_WAIT target=1 elapsed=0s need=2s
LM HO_FAIL_LOW_RSRP UE=77 currCell=4 candCell=6 candRsrp=-126.71 < min=-120
UE 80 TTT_WAIT target=2 elapsed=0s need=2s
UE 81 TTT_WAIT target=2 elapsed=0s need=2s
LM HO_FAIL_LOW_RSRP UE=83 currCell=2 candCell=6 candRsrp=-152.546 < min=-120
UE 86 TTT_WAIT target=1 elapsed=0s need=2s
UE 88 TTT_WAIT target=1 elapsed=0s need=2s
LM HO_FAIL_LOW_RSRP UE=89 currCell=4 candCell=2 candRsrp=-123.277 < min=-120
LM HO_FAIL_LOW_RSRP UE=93 currCell=4 candCell=6 candRsrp=-127.072 < min=-120
UE 94 TTT_WAIT target=1 elapsed=0s need=2s
UE 97 TTT_WAIT target=1 elapsed=0s need=2s
LM HO_FAIL_LOW_RSRP UE=99 currCell=2 candCell=6 candRsrp=-141.616 < min=-120
UE 100 TTT_WAIT target=2 elapsed=0s need=2s
UE 102 TTT_WAIT target=6 elapsed=0s need=2s
UE 104 TTT_WAIT target=1 elapsed=0s need=2s
UE 106 TTT_WAIT target=1 elapsed=0s need=2s
TRACE HO_SUCCESS Time=30.6151 IMSI=64 TargetCell=1 Type=TN TargetRSRP=-121.906 ServingRSRP=-108.838 BackhaulDlSnr=-999 BackhaulUlSnr=-999
TRACE HO_SUCCESS Time=30.6151 IMSI=57 TargetCell=1 Type=TN TargetRSRP=-101.87 ServingRSRP=-118.312 BackhaulDlSnr=-999 BackhaulUlSnr=-999
TRACE HO_SUCCESS Time=30.6151 IMSI=17 TargetCell=3 Type=TN TargetRSRP=-110.509 ServingRSRP=-87.0096 BackhaulDlSnr=-999 BackhaulUlSnr=-999
TRACE HO_SUCCESS Time=30.6151 IMSI=36 TargetCell=7 Type=NTN TargetRSRP=-139.97 ServingRSRP=-101.659 BackhaulDlSnr=11.1588 BackhaulUlSnr=6.63825
UAV_AUTONOMY_XAPP Time=32.5 DeploymentMode=tn-uav-satellite UavIndex=0 UavCellId=5 BestDonorCellId=0 BestDonorDistanceM=-1 XhaulConnected=0 XhaulChannelVariationDb=0 XhaulState=UNREACHABLE DonorUnavailableActive=1 SatBackhaulHealthy=1 UavSwitchingXappAvailable=1 UavSwitchingXappState=ACTIVE BackhaulMode=SATELLITE_FALLBACK RicControlState=NEAR_RT_RIC_SWITCHING_TO_SATELLITE_BACKHAUL ActiveUavRic=TN_NEAR_RT_RIC NormalUeHandoverAllowed=1 UavMode=NEAR_RT_RIC_EMERGENCY_SWITCHING_WITH_SATELLITE_BACKHAUL
UAV_AUTONOMY_XAPP Time=32.5 DeploymentMode=tn-uav-satellite UavIndex=1 UavCellId=6 BestDonorCellId=0 BestDonorDistanceM=-1 XhaulConnected=0 XhaulChannelVariationDb=0 XhaulState=UNREACHABLE DonorUnavailableActive=1 SatBackhaulHealthy=1 UavSwitchingXappAvailable=1 UavSwitchingXappState=ACTIVE BackhaulMode=SATELLITE_FALLBACK RicControlState=NEAR_RT_RIC_SWITCHING_TO_SATELLITE_BACKHAUL ActiveUavRic=TN_NEAR_RT_RIC NormalUeHandoverAllowed=1 UavMode=NEAR_RT_RIC_EMERGENCY_SWITCHING_WITH_SATELLITE_BACKHAUL
UAV_AUTONOMY_XAPP Time=32.5 DeploymentMode=tn-uav-satellite UavIndex=2 UavCellId=7 BestDonorCellId=0 BestDonorDistanceM=-1 XhaulConnected=0 XhaulChannelVariationDb=0 XhaulState=UNREACHABLE DonorUnavailableActive=1 SatBackhaulHealthy=1 UavSwitchingXappAvailable=1 UavSwitchingXappState=ACTIVE BackhaulMode=SATELLITE_FALLBACK RicControlState=NEAR_RT_RIC_SWITCHING_TO_SATELLITE_BACKHAUL ActiveUavRic=TN_NEAR_RT_RIC NormalUeHandoverAllowed=1 UavMode=NEAR_RT_RIC_EMERGENCY_SWITCHING_WITH_SATELLITE_BACKHAUL
---- LOAD at t=32.5 ----
  cell 1 (TN) load=16/20
  cell 2 (TN) load=18/20
  cell 3 (TN) load=18/20
  cell 4 (TN) load=19/20
  cell 5 (NTN) load=10/10
  cell 6 (NTN) load=9/10
  cell 7 (NTN) load=10/10
UE 8 TTT_WAIT target=3 elapsed=0s need=2s
UE 9 TTT_WAIT target=4 elapsed=0s need=2s
UE 11 TTT_WAIT target=3 elapsed=0s need=2s
UE 16 TTT_WAIT target=6 elapsed=0s need=2s
UE 17 TTT_WAIT target=2 elapsed=0s need=2s
UE 18 TTT_WAIT target=1 elapsed=0s need=2s
UE 19 TTT_WAIT target=2 elapsed=0s need=2s
UE 24 TTT_WAIT target=2 elapsed=0s need=2s
UE 25 TTT_WAIT target=6 elapsed=0s need=2s
UE 29 TTT_WAIT target=2 elapsed=0s need=2s
UE 34 TTT_WAIT target=3 elapsed=0s need=2s
LM HO UE=35 rnti=177 3->2 type=TN servingRsrp=-130.506 targetRsrp=-110.196 targetLoadReal=18/20 targetLoadEff=18/20
LM HO UE=36 rnti=54 4->6 type=NTN servingRsrp=-90.6222 targetRsrp=-85.5515 targetLoadReal=9/10 targetLoadEff=9/10
UE 41 TTT_WAIT target=1 elapsed=0s need=2s
UE 42 TTT_WAIT target=1 elapsed=0s need=2s
UE 44 TTT_WAIT target=3 elapsed=0s need=2s
UE 45 TTT_WAIT target=3 elapsed=0s need=2s
UE 46 TTT_WAIT target=4 elapsed=0s need=2s
UE 50 TTT_WAIT target=1 elapsed=0s need=2s
LM HO UE=51 rnti=163 4->1 type=TN servingRsrp=-133.288 targetRsrp=-103.262 targetLoadReal=16/20 targetLoadEff=16/20
UE 52 TTT_WAIT target=2 elapsed=0s need=2s
LM HO UE=57 rnti=98 3->2 type=TN servingRsrp=-122.767 targetRsrp=-116.775 targetLoadReal=18/20 targetLoadEff=19/20
UE 58 TTT_WAIT target=3 elapsed=0s need=2s
UE 59 TTT_WAIT target=3 elapsed=0s need=2s
LM HO UE=60 rnti=109 2->1 type=TN servingRsrp=-122.141 targetRsrp=-89.2562 targetLoadReal=16/20 targetLoadEff=17/20
UE 62 TTT_WAIT target=1 elapsed=0s need=2s
UE 63 TTT_WAIT target=3 elapsed=0s need=2s
UE 65 TTT_WAIT target=3 elapsed=0s need=2s
UE 68 TTT_WAIT target=1 elapsed=0s need=2s
LM HO UE=72 rnti=100 2->1 type=TN servingRsrp=-127.203 targetRsrp=-111.674 targetLoadReal=16/20 targetLoadEff=18/20
UE 74 TTT_WAIT target=3 elapsed=0s need=2s
LM HO UE=76 rnti=103 2->1 type=TN servingRsrp=-120.101 targetRsrp=-117.321 targetLoadReal=16/20 targetLoadEff=19/20
UE 80 TTT_WAIT target=4 elapsed=0s need=2s
UE 84 TTT_WAIT target=3 elapsed=0s need=2s
UE 89 TTT_WAIT target=3 elapsed=0s need=2s
UE 91 TTT_WAIT target=4 elapsed=0s need=2s
UE 103 TTT_WAIT target=3 elapsed=0s need=2s
TRACE HO_SUCCESS Time=32.6151 IMSI=75 TargetCell=1 Type=TN TargetRSRP=-88.6149 ServingRSRP=-107.927 BackhaulDlSnr=-999 BackhaulUlSnr=-999
TRACE HO_SUCCESS Time=32.6151 IMSI=71 TargetCell=1 Type=TN TargetRSRP=-122.685 ServingRSRP=-92.3249 BackhaulDlSnr=-999 BackhaulUlSnr=-999
TRACE HO_SUCCESS Time=32.6151 IMSI=59 TargetCell=1 Type=TN TargetRSRP=-124.399 ServingRSRP=-103.96 BackhaulDlSnr=-999 BackhaulUlSnr=-999
TRACE HO_SUCCESS Time=32.6151 IMSI=50 TargetCell=1 Type=TN TargetRSRP=-129.547 ServingRSRP=-117.549 BackhaulDlSnr=-999 BackhaulUlSnr=-999
TRACE HO_SUCCESS Time=32.6151 IMSI=34 TargetCell=2 Type=TN TargetRSRP=-121.667 ServingRSRP=-102.347 BackhaulDlSnr=-999 BackhaulUlSnr=-999
TRACE HO_SUCCESS Time=32.6151 IMSI=56 TargetCell=2 Type=TN TargetRSRP=-130.727 ServingRSRP=-127.311 BackhaulDlSnr=-999 BackhaulUlSnr=-999
TRACE HO_SUCCESS Time=32.6151 IMSI=35 TargetCell=6 Type=NTN TargetRSRP=-119.141 ServingRSRP=-107.979 BackhaulDlSnr=15.1328 BackhaulUlSnr=10.6122
UAV_AUTONOMY_XAPP Time=34.5 DeploymentMode=tn-uav-satellite UavIndex=0 UavCellId=5 BestDonorCellId=0 BestDonorDistanceM=-1 XhaulConnected=0 XhaulChannelVariationDb=0 XhaulState=UNREACHABLE DonorUnavailableActive=1 SatBackhaulHealthy=1 UavSwitchingXappAvailable=1 UavSwitchingXappState=ACTIVE BackhaulMode=SATELLITE_FALLBACK RicControlState=NEAR_RT_RIC_SWITCHING_TO_SATELLITE_BACKHAUL ActiveUavRic=TN_NEAR_RT_RIC NormalUeHandoverAllowed=1 UavMode=NEAR_RT_RIC_EMERGENCY_SWITCHING_WITH_SATELLITE_BACKHAUL
UAV_AUTONOMY_XAPP Time=34.5 DeploymentMode=tn-uav-satellite UavIndex=1 UavCellId=6 BestDonorCellId=0 BestDonorDistanceM=-1 XhaulConnected=0 XhaulChannelVariationDb=0 XhaulState=UNREACHABLE DonorUnavailableActive=1 SatBackhaulHealthy=1 UavSwitchingXappAvailable=1 UavSwitchingXappState=ACTIVE BackhaulMode=SATELLITE_FALLBACK RicControlState=NEAR_RT_RIC_SWITCHING_TO_SATELLITE_BACKHAUL ActiveUavRic=TN_NEAR_RT_RIC NormalUeHandoverAllowed=1 UavMode=NEAR_RT_RIC_EMERGENCY_SWITCHING_WITH_SATELLITE_BACKHAUL
UAV_AUTONOMY_XAPP Time=34.5 DeploymentMode=tn-uav-satellite UavIndex=2 UavCellId=7 BestDonorCellId=0 BestDonorDistanceM=-1 XhaulConnected=0 XhaulChannelVariationDb=0 XhaulState=UNREACHABLE DonorUnavailableActive=1 SatBackhaulHealthy=1 UavSwitchingXappAvailable=1 UavSwitchingXappState=ACTIVE BackhaulMode=SATELLITE_FALLBACK RicControlState=NEAR_RT_RIC_SWITCHING_TO_SATELLITE_BACKHAUL ActiveUavRic=TN_NEAR_RT_RIC NormalUeHandoverAllowed=1 UavMode=NEAR_RT_RIC_EMERGENCY_SWITCHING_WITH_SATELLITE_BACKHAUL
---- LOAD at t=34.5 ----
  cell 1 (TN) load=20/20
  cell 2 (TN) load=17/20
  cell 3 (TN) load=16/20
  cell 4 (TN) load=17/20
  cell 5 (NTN) load=10/10
  cell 6 (NTN) load=10/10
  cell 7 (NTN) load=10/10
UE 11 TTT_WAIT target=4 elapsed=0s need=2s
UE 15 TTT_WAIT target=2 elapsed=0s need=2s
UE 20 TTT_WAIT target=3 elapsed=0s need=2s
LM HO_FAIL_LOW_RSRP UE=26 currCell=3 candCell=2 candRsrp=-121.955 < min=-120
UE 27 TTT_WAIT target=4 elapsed=0s need=2s
LM HO UE=29 rnti=180 3->2 type=TN servingRsrp=-83.4271 targetRsrp=-79.1471 targetLoadReal=17/20 targetLoadEff=17/20
UE 31 TTT_WAIT target=3 elapsed=0s need=2s
LM HO UE=34 rnti=73 6->3 type=TN servingRsrp=-109.803 targetRsrp=-98.4368 targetLoadReal=16/20 targetLoadEff=16/20
UE 36 TTT_WAIT target=4 elapsed=0s need=2s
UE 37 TTT_WAIT target=2 elapsed=0s need=2s
UE 38 TTT_WAIT target=3 elapsed=0s need=2s
LM HO_FAIL_LOW_RSRP UE=42 currCell=3 candCell=4 candRsrp=-120.444 < min=-120
UE 44 TTT_WAIT target=2 elapsed=0s need=2s
UE 47 TTT_WAIT target=3 elapsed=0s need=2s
UE 56 TTT_WAIT target=3 elapsed=0s need=2s
UE 57 TTT_WAIT target=3 elapsed=0s need=2s
LM HO UE=59 rnti=136 1->3 type=TN servingRsrp=-127.416 targetRsrp=-89.1802 targetLoadReal=16/20 targetLoadEff=17/20
UE 65 TTT_WAIT target=4 elapsed=0s need=2s
UE 72 TTT_WAIT target=2 elapsed=0s need=2s
UE 73 TTT_WAIT target=3 elapsed=0s need=2s
LM HO UE=74 rnti=90 5->3 type=TN servingRsrp=-120.082 targetRsrp=-81.8366 targetLoadReal=16/20 targetLoadEff=18/20
UE 76 TTT_WAIT target=2 elapsed=0s need=2s
UE 85 TTT_WAIT target=4 elapsed=0s need=2s
LM HO_FAIL_LOW_RSRP UE=86 currCell=3 candCell=2 candRsrp=-127.371 < min=-120
UE 89 TTT_WAIT target=2 elapsed=0s need=2s
UE 92 TTT_WAIT target=2 elapsed=0s need=2s
UE 94 TTT_WAIT target=3 elapsed=0s need=2s
UE 97 TTT_WAIT target=4 elapsed=0s need=2s
UE 98 TTT_WAIT target=2 elapsed=0s need=2s
UE 102 TTT_WAIT target=4 elapsed=0s need=2s
UE 104 TTT_WAIT target=3 elapsed=0s need=2s
UE 107 TTT_WAIT target=3 elapsed=0s need=2s
TRACE HO_SUCCESS Time=34.6151 IMSI=28 TargetCell=2 Type=TN TargetRSRP=-115.687 ServingRSRP=-76.0335 BackhaulDlSnr=-999 BackhaulUlSnr=-999
TRACE HO_SUCCESS Time=34.6151 IMSI=58 TargetCell=3 Type=TN TargetRSRP=-115.505 ServingRSRP=-100.733 BackhaulDlSnr=-999 BackhaulUlSnr=-999
TRACE HO_SUCCESS Time=34.6151 IMSI=73 TargetCell=3 Type=TN TargetRSRP=-112.684 ServingRSRP=-92.7427 BackhaulDlSnr=-999 BackhaulUlSnr=-999
TRACE HO_SUCCESS Time=34.6151 IMSI=33 TargetCell=3 Type=TN TargetRSRP=-128.312 ServingRSRP=-98.9101 BackhaulDlSnr=-999 BackhaulUlSnr=-999
UAV_AUTONOMY_XAPP Time=36.5 DeploymentMode=tn-uav-satellite UavIndex=0 UavCellId=5 BestDonorCellId=0 BestDonorDistanceM=-1 XhaulConnected=0 XhaulChannelVariationDb=0 XhaulState=UNREACHABLE DonorUnavailableActive=1 SatBackhaulHealthy=1 UavSwitchingXappAvailable=1 UavSwitchingXappState=ACTIVE BackhaulMode=SATELLITE_FALLBACK RicControlState=NEAR_RT_RIC_SWITCHING_TO_SATELLITE_BACKHAUL ActiveUavRic=TN_NEAR_RT_RIC NormalUeHandoverAllowed=1 UavMode=NEAR_RT_RIC_EMERGENCY_SWITCHING_WITH_SATELLITE_BACKHAUL
UAV_AUTONOMY_XAPP Time=36.5 DeploymentMode=tn-uav-satellite UavIndex=1 UavCellId=6 BestDonorCellId=0 BestDonorDistanceM=-1 XhaulConnected=0 XhaulChannelVariationDb=0 XhaulState=UNREACHABLE DonorUnavailableActive=1 SatBackhaulHealthy=1 UavSwitchingXappAvailable=1 UavSwitchingXappState=ACTIVE BackhaulMode=SATELLITE_FALLBACK RicControlState=NEAR_RT_RIC_SWITCHING_TO_SATELLITE_BACKHAUL ActiveUavRic=TN_NEAR_RT_RIC NormalUeHandoverAllowed=1 UavMode=NEAR_RT_RIC_EMERGENCY_SWITCHING_WITH_SATELLITE_BACKHAUL
UAV_AUTONOMY_XAPP Time=36.5 DeploymentMode=tn-uav-satellite UavIndex=2 UavCellId=7 BestDonorCellId=0 BestDonorDistanceM=-1 XhaulConnected=0 XhaulChannelVariationDb=0 XhaulState=UNREACHABLE DonorUnavailableActive=1 SatBackhaulHealthy=1 UavSwitchingXappAvailable=1 UavSwitchingXappState=ACTIVE BackhaulMode=SATELLITE_FALLBACK RicControlState=NEAR_RT_RIC_SWITCHING_TO_SATELLITE_BACKHAUL ActiveUavRic=TN_NEAR_RT_RIC NormalUeHandoverAllowed=1 UavMode=NEAR_RT_RIC_EMERGENCY_SWITCHING_WITH_SATELLITE_BACKHAUL
---- LOAD at t=36.5 ----
  cell 1 (TN) load=19/20
  cell 2 (TN) load=18/20
  cell 3 (TN) load=18/20
  cell 4 (TN) load=17/20
  cell 5 (NTN) load=9/10
  cell 6 (NTN) load=9/10
  cell 7 (NTN) load=10/10
UE 8 TTT_WAIT target=1 elapsed=0s need=2s
UE 9 TTT_WAIT target=4 elapsed=0s need=2s
UE 10 TTT_WAIT target=1 elapsed=0s need=2s
UE 11 TTT_WAIT target=1 elapsed=0s need=2s
UE 16 TTT_WAIT target=6 elapsed=0s need=2s
UE 17 TTT_WAIT target=2 elapsed=0s need=2s
UE 18 TTT_WAIT target=5 elapsed=0s need=2s
LM HO UE=20 rnti=91 5->3 type=TN servingRsrp=-121.009 targetRsrp=-94.3054 targetLoadReal=18/20 targetLoadEff=18/20
UE 22 TTT_WAIT target=1 elapsed=0s need=2s
UE 24 TTT_WAIT target=3 elapsed=0s need=2s
UE 25 TTT_WAIT target=3 elapsed=0s need=2s
UE 26 TTT_WAIT target=1 elapsed=0s need=2s
LM HO UE=27 rnti=67 6->4 type=TN servingRsrp=-122.12 targetRsrp=-83.8089 targetLoadReal=17/20 targetLoadEff=17/20
UE 29 TTT_WAIT target=3 elapsed=0s need=2s
UE 31 TTT_WAIT target=6 elapsed=0s need=2s
UE 33 TTT_WAIT target=3 elapsed=0s need=2s
UE 34 TTT_WAIT target=1 elapsed=0s need=2s
UE 35 TTT_WAIT target=5 elapsed=0s need=2s
LM HO UE=36 rnti=90 6->4 type=TN servingRsrp=-124.451 targetRsrp=-75.3256 targetLoadReal=17/20 targetLoadEff=18/20
UE 37 TTT_WAIT target=4 elapsed=0s need=2s
UE 39 TTT_WAIT target=4 elapsed=0s need=2s
UE 42 TTT_WAIT target=2 elapsed=0s need=2s
UE 45 TTT_WAIT target=3 elapsed=0s need=2s
LM HO_FAIL_LOW_RSRP UE=50 currCell=3 candCell=6 candRsrp=-142.949 < min=-120
UE 51 TTT_WAIT target=3 elapsed=0s need=2s
UE 52 TTT_WAIT target=3 elapsed=0s need=2s
UE 53 TTT_WAIT target=3 elapsed=0s need=2s
UE 55 TTT_WAIT target=5 elapsed=0s need=2s
LM HO UE=57 rnti=113 2->3 type=TN servingRsrp=-115.426 targetRsrp=-88.0775 targetLoadReal=18/20 targetLoadEff=19/20
LM HO_FAIL_LOW_RSRP UE=59 currCell=3 candCell=1 candRsrp=-121.549 < min=-120
LM HO_FAIL_LOW_RSRP UE=60 currCell=1 candCell=2 candRsrp=-120.962 < min=-120
UE 62 TTT_WAIT target=1 elapsed=0s need=2s
UE 65 TTT_WAIT target=2 elapsed=0s need=2s
UE 67 TTT_WAIT target=2 elapsed=0s need=2s
UE 68 TTT_WAIT target=1 elapsed=0s need=2s
UE 70 TTT_WAIT target=1 elapsed=0s need=2s
LM HO_FAIL_LOW_RSRP UE=72 currCell=1 candCell=5 candRsrp=-132.931 < min=-120
LM HO UE=76 rnti=177 1->2 type=TN servingRsrp=-115.123 targetRsrp=-91.092 targetLoadReal=18/20 targetLoadEff=18/20
UE 80 TTT_WAIT target=2 elapsed=0s need=2s
UE 81 TTT_WAIT target=4 elapsed=0s need=2s
UE 82 TTT_WAIT target=4 elapsed=0s need=2s
UE 86 TTT_WAIT target=4 elapsed=0s need=2s
LM HO_FAIL_LOW_RSRP UE=89 currCell=4 candCell=2 candRsrp=-122.734 < min=-120
UE 90 TTT_WAIT target=4 elapsed=0s need=2s
LM HO UE=92 rnti=181 3->2 type=TN servingRsrp=-116.408 targetRsrp=-74.3043 targetLoadReal=18/20 targetLoadEff=19/20
UE 93 TTT_WAIT target=1 elapsed=0s need=2s
LM HO_FAIL_LOW_RSRP UE=94 currCell=2 candCell=5 candRsrp=-126.395 < min=-120
LM HO_FAIL_LOW_RSRP UE=96 currCell=2 candCell=6 candRsrp=-130.432 < min=-120
UE 97 TTT_WAIT target=1 elapsed=0s need=2s
UE 98 TTT_WAIT target=5 elapsed=0s need=2s
LM HO_FAIL_LOW_RSRP UE=99 currCell=2 candCell=5 candRsrp=-124.515 < min=-120
UE 101 TTT_WAIT target=5 elapsed=0s need=2s
LM HO_FAIL_LOW_RSRP UE=103 currCell=2 candCell=5 candRsrp=-135.344 < min=-120
LM HO_FAIL_LOW_RSRP UE=106 currCell=2 candCell=6 candRsrp=-134.345 < min=-120
TRACE HO_SUCCESS Time=36.6151 IMSI=75 TargetCell=2 Type=TN TargetRSRP=-120.17 ServingRSRP=-118.607 BackhaulDlSnr=-999 BackhaulUlSnr=-999
TRACE HO_SUCCESS Time=36.6151 IMSI=91 TargetCell=2 Type=TN TargetRSRP=-100.26 ServingRSRP=-90.2249 BackhaulDlSnr=-999 BackhaulUlSnr=-999
TRACE HO_SUCCESS Time=36.6151 IMSI=56 TargetCell=3 Type=TN TargetRSRP=-125.355 ServingRSRP=-98.251 BackhaulDlSnr=-999 BackhaulUlSnr=-999
TRACE HO_SUCCESS Time=36.6151 IMSI=19 TargetCell=3 Type=TN TargetRSRP=-115.905 ServingRSRP=-107.88 BackhaulDlSnr=-999 BackhaulUlSnr=-999
TRACE HO_SUCCESS Time=36.6151 IMSI=35 TargetCell=4 Type=TN TargetRSRP=-113.849 ServingRSRP=-105.936 BackhaulDlSnr=-999 BackhaulUlSnr=-999
TRACE HO_SUCCESS Time=36.6151 IMSI=26 TargetCell=4 Type=TN TargetRSRP=-117.99 ServingRSRP=-98.1933 BackhaulDlSnr=-999 BackhaulUlSnr=-999
UAV_AUTONOMY_XAPP Time=38.5 DeploymentMode=tn-uav-satellite UavIndex=0 UavCellId=5 BestDonorCellId=0 BestDonorDistanceM=-1 XhaulConnected=0 XhaulChannelVariationDb=0 XhaulState=UNREACHABLE DonorUnavailableActive=1 SatBackhaulHealthy=1 UavSwitchingXappAvailable=1 UavSwitchingXappState=ACTIVE BackhaulMode=SATELLITE_FALLBACK RicControlState=NEAR_RT_RIC_SWITCHING_TO_SATELLITE_BACKHAUL ActiveUavRic=TN_NEAR_RT_RIC NormalUeHandoverAllowed=1 UavMode=NEAR_RT_RIC_EMERGENCY_SWITCHING_WITH_SATELLITE_BACKHAUL
UAV_AUTONOMY_XAPP Time=38.5 DeploymentMode=tn-uav-satellite UavIndex=1 UavCellId=6 BestDonorCellId=0 BestDonorDistanceM=-1 XhaulConnected=0 XhaulChannelVariationDb=0 XhaulState=UNREACHABLE DonorUnavailableActive=1 SatBackhaulHealthy=1 UavSwitchingXappAvailable=1 UavSwitchingXappState=ACTIVE BackhaulMode=SATELLITE_FALLBACK RicControlState=NEAR_RT_RIC_SWITCHING_TO_SATELLITE_BACKHAUL ActiveUavRic=TN_NEAR_RT_RIC NormalUeHandoverAllowed=1 UavMode=NEAR_RT_RIC_EMERGENCY_SWITCHING_WITH_SATELLITE_BACKHAUL
UAV_AUTONOMY_XAPP Time=38.5 DeploymentMode=tn-uav-satellite UavIndex=2 UavCellId=7 BestDonorCellId=0 BestDonorDistanceM=-1 XhaulConnected=0 XhaulChannelVariationDb=0 XhaulState=UNREACHABLE DonorUnavailableActive=1 SatBackhaulHealthy=1 UavSwitchingXappAvailable=1 UavSwitchingXappState=ACTIVE BackhaulMode=SATELLITE_FALLBACK RicControlState=NEAR_RT_RIC_SWITCHING_TO_SATELLITE_BACKHAUL ActiveUavRic=TN_NEAR_RT_RIC NormalUeHandoverAllowed=1 UavMode=NEAR_RT_RIC_EMERGENCY_SWITCHING_WITH_SATELLITE_BACKHAUL
---- LOAD at t=38.5 ----
  cell 1 (TN) load=18/20
  cell 2 (TN) load=19/20
  cell 3 (TN) load=19/20
  cell 4 (TN) load=19/20
  cell 5 (NTN) load=8/10
  cell 6 (NTN) load=7/10
  cell 7 (NTN) load=10/10
UE 8 TTT_WAIT target=3 elapsed=0s need=2s
UE 9 TTT_WAIT target=3 elapsed=0s need=2s
UE 11 TTT_WAIT target=3 elapsed=0s need=2s
LM HO_FAIL_LOW_RSRP UE=16 currCell=4 candCell=6 candRsrp=-121.515 < min=-120
LM HO UE=17 rnti=163 1->2 type=TN servingRsrp=-120.699 targetRsrp=-103.588 targetLoadReal=19/20 targetLoadEff=19/20
UE 18 TTT_WAIT target=1 elapsed=0s need=2s
UE 19 TTT_WAIT target=1 elapsed=0s need=2s
UE 20 TTT_WAIT target=6 elapsed=0s need=2s
UE 22 TTT_WAIT target=6 elapsed=0s need=2s
LM HO UE=24 rnti=170 1->3 type=TN servingRsrp=-124.651 targetRsrp=-107.676 targetLoadReal=19/20 targetLoadEff=19/20
LM HO_FAIL_LOW_RSRP UE=25 currCell=4 candCell=6 candRsrp=-127.661 < min=-120
LM HO UE=26 rnti=91 3->1 type=TN servingRsrp=-123.502 targetRsrp=-112.296 targetLoadReal=18/20 targetLoadEff=18/20
LM HO_FAIL_LOW_RSRP UE=27 currCell=4 candCell=6 candRsrp=-120.337 < min=-120
UE 28 TTT_WAIT target=6 elapsed=0s need=2s
UE 29 TTT_WAIT target=1 elapsed=0s need=2s
UE 30 TTT_WAIT target=6 elapsed=0s need=2s
LM HO_FAIL_LOW_RSRP UE=32 currCell=4 candCell=6 candRsrp=-123.039 < min=-120
UE 33 TTT_WAIT target=1 elapsed=0s need=2s
LM HO_FAIL_LOW_RSRP UE=34 currCell=3 candCell=6 candRsrp=-122.199 < min=-120
LM HO_FAIL_LOW_RSRP UE=35 currCell=2 candCell=1 candRsrp=-132.62 < min=-120
UE 36 TTT_WAIT target=6 elapsed=0s need=2s
LM HO UE=39 rnti=106 2->4 type=TN servingRsrp=-115.297 targetRsrp=-110.313 targetLoadReal=19/20 targetLoadEff=19/20
UE 40 TTT_WAIT target=1 elapsed=0s need=2s
UE 41 TTT_WAIT target=1 elapsed=0s need=2s
UE 49 TTT_WAIT target=6 elapsed=0s need=2s
UE 50 TTT_WAIT target=6 elapsed=0s need=2s
UE 52 TTT_WAIT target=5 elapsed=0s need=2s
LM HO_FAIL_LOW_RSRP UE=53 currCell=7 candCell=5 candRsrp=-130.278 < min=-120
UE 54 TTT_WAIT target=6 elapsed=0s need=2s
UE 55 TTT_WAIT target=1 elapsed=0s need=2s
UE 57 TTT_WAIT target=5 elapsed=0s need=2s
UE 59 TTT_WAIT target=1 elapsed=0s need=2s
UE 60 TTT_WAIT target=5 elapsed=0s need=2s
LM HO UE=62 rnti=171 3->1 type=TN servingRsrp=-121.471 targetRsrp=-117.672 targetLoadReal=18/20 targetLoadEff=19/20
LM HO_FAIL_LOW_RSRP UE=64 currCell=7 candCell=6 candRsrp=-122.222 < min=-120
LM HO_FAIL_LOW_RSRP UE=65 currCell=1 candCell=6 candRsrp=-133.237 < min=-120
UE 67 TTT_WAIT target=5 elapsed=0s need=2s
UE 68 TTT_WAIT target=5 elapsed=0s need=2s
LM HO_FAIL_LOW_RSRP UE=72 currCell=1 candCell=5 candRsrp=-123.365 < min=-120
UE 74 TTT_WAIT target=5 elapsed=0s need=2s
LM HO_FAIL_LOW_RSRP UE=76 currCell=2 candCell=5 candRsrp=-139.785 < min=-120
UE 77 TTT_WAIT target=6 elapsed=0s need=2s
UE 79 TTT_WAIT target=6 elapsed=0s need=2s
LM HO_FAIL_LOW_RSRP UE=80 currCell=1 candCell=5 candRsrp=-128.253 < min=-120
LM HO_FAIL_LOW_RSRP UE=86 currCell=3 candCell=5 candRsrp=-123.878 < min=-120
LM HO_FAIL_LOW_RSRP UE=89 currCell=4 candCell=6 candRsrp=-121.075 < min=-120
UE 91 TTT_WAIT target=6 elapsed=0s need=2s
LM HO_FAIL_LOW_RSRP UE=92 currCell=2 candCell=5 candRsrp=-127.069 < min=-120
UE 93 TTT_WAIT target=6 elapsed=0s need=2s
LM HO_FAIL_LOW_RSRP UE=94 currCell=2 candCell=5 candRsrp=-131.41 < min=-120
LM HO UE=101 rnti=147 1->5 type=NTN servingRsrp=-94.2243 targetRsrp=-89.83 targetLoadReal=8/10 targetLoadEff=8/10
UE 102 TTT_WAIT target=6 elapsed=0s need=2s
LM HO_FAIL_LOW_RSRP UE=104 currCell=2 candCell=5 candRsrp=-131.277 < min=-120
TRACE HO_SUCCESS Time=38.6151 IMSI=61 TargetCell=1 Type=TN TargetRSRP=-119.123 ServingRSRP=-96.8214 BackhaulDlSnr=-999 BackhaulUlSnr=-999
TRACE HO_SUCCESS Time=38.6151 IMSI=25 TargetCell=1 Type=TN TargetRSRP=-124.675 ServingRSRP=-118.446 BackhaulDlSnr=-999 BackhaulUlSnr=-999
TRACE HO_SUCCESS Time=38.6151 IMSI=16 TargetCell=2 Type=TN TargetRSRP=-127.214 ServingRSRP=-109.832 BackhaulDlSnr=-999 BackhaulUlSnr=-999
TRACE HO_SUCCESS Time=38.6151 IMSI=23 TargetCell=3 Type=TN TargetRSRP=-115.889 ServingRSRP=-85.7551 BackhaulDlSnr=-999 BackhaulUlSnr=-999
TRACE HO_SUCCESS Time=38.6151 IMSI=38 TargetCell=4 Type=TN TargetRSRP=-127.354 ServingRSRP=-93.6987 BackhaulDlSnr=-999 BackhaulUlSnr=-999
TRACE HO_SUCCESS Time=38.6151 IMSI=100 TargetCell=5 Type=NTN TargetRSRP=-88.5801 ServingRSRP=-94.7584 BackhaulDlSnr=15.226 BackhaulUlSnr=10.7054
UAV_AUTONOMY_XAPP Time=40.5 DeploymentMode=tn-uav-satellite UavIndex=0 UavCellId=5 BestDonorCellId=0 BestDonorDistanceM=-1 XhaulConnected=0 XhaulChannelVariationDb=0 XhaulState=UNREACHABLE DonorUnavailableActive=1 SatBackhaulHealthy=1 UavSwitchingXappAvailable=1 UavSwitchingXappState=ACTIVE BackhaulMode=SATELLITE_FALLBACK RicControlState=NEAR_RT_RIC_SWITCHING_TO_SATELLITE_BACKHAUL ActiveUavRic=TN_NEAR_RT_RIC NormalUeHandoverAllowed=1 UavMode=NEAR_RT_RIC_EMERGENCY_SWITCHING_WITH_SATELLITE_BACKHAUL
UAV_AUTONOMY_XAPP Time=40.5 DeploymentMode=tn-uav-satellite UavIndex=1 UavCellId=6 BestDonorCellId=0 BestDonorDistanceM=-1 XhaulConnected=0 XhaulChannelVariationDb=0 XhaulState=UNREACHABLE DonorUnavailableActive=1 SatBackhaulHealthy=1 UavSwitchingXappAvailable=1 UavSwitchingXappState=ACTIVE BackhaulMode=SATELLITE_FALLBACK RicControlState=NEAR_RT_RIC_SWITCHING_TO_SATELLITE_BACKHAUL ActiveUavRic=TN_NEAR_RT_RIC NormalUeHandoverAllowed=1 UavMode=NEAR_RT_RIC_EMERGENCY_SWITCHING_WITH_SATELLITE_BACKHAUL
UAV_AUTONOMY_XAPP Time=40.5 DeploymentMode=tn-uav-satellite UavIndex=2 UavCellId=7 BestDonorCellId=0 BestDonorDistanceM=-1 XhaulConnected=0 XhaulChannelVariationDb=0 XhaulState=UNREACHABLE DonorUnavailableActive=1 SatBackhaulHealthy=1 UavSwitchingXappAvailable=1 UavSwitchingXappState=ACTIVE BackhaulMode=SATELLITE_FALLBACK RicControlState=NEAR_RT_RIC_SWITCHING_TO_SATELLITE_BACKHAUL ActiveUavRic=TN_NEAR_RT_RIC NormalUeHandoverAllowed=1 UavMode=NEAR_RT_RIC_EMERGENCY_SWITCHING_WITH_SATELLITE_BACKHAUL
---- LOAD at t=40.5 ----
  cell 1 (TN) load=17/20
  cell 2 (TN) load=19/20
  cell 3 (TN) load=18/20
  cell 4 (TN) load=20/20
  cell 5 (NTN) load=9/10
  cell 6 (NTN) load=7/10
  cell 7 (NTN) load=10/10
UE 8 TTT_WAIT target=1 elapsed=0s need=2s
UE 9 TTT_WAIT target=6 elapsed=0s need=2s
UE 10 TTT_WAIT target=5 elapsed=0s need=2s
UE 11 TTT_WAIT target=6 elapsed=0s need=2s
UE 12 TTT_WAIT target=1 elapsed=0s need=2s
UE 16 TTT_WAIT target=6 elapsed=0s need=2s
UE 17 TTT_WAIT target=6 elapsed=0s need=2s
UE 20 TTT_WAIT target=5 elapsed=0s need=2s
LM HO_FAIL_LOW_RSRP UE=22 currCell=4 candCell=6 candRsrp=-121.642 < min=-120
UE 23 TTT_WAIT target=2 elapsed=0s need=2s
UE 24 TTT_WAIT target=1 elapsed=0s need=2s
UE 25 TTT_WAIT target=2 elapsed=0s need=2s
UE 26 TTT_WAIT target=2 elapsed=0s need=2s
UE 27 TTT_WAIT target=6 elapsed=0s need=2s
UE 28 TTT_WAIT target=2 elapsed=0s need=2s
UE 29 TTT_WAIT target=3 elapsed=0s need=2s
UE 31 TTT_WAIT target=1 elapsed=0s need=2s
UE 33 TTT_WAIT target=3 elapsed=0s need=2s
UE 34 TTT_WAIT target=2 elapsed=0s need=2s
UE 35 TTT_WAIT target=1 elapsed=0s need=2s
UE 38 TTT_WAIT target=3 elapsed=0s need=2s
UE 39 TTT_WAIT target=3 elapsed=0s need=2s
LM HO UE=40 rnti=55 4->1 type=TN servingRsrp=-112.591 targetRsrp=-102.636 targetLoadReal=17/20 targetLoadEff=17/20
UE 41 TTT_WAIT target=5 elapsed=0s need=2s
UE 42 TTT_WAIT target=2 elapsed=0s need=2s
UE 44 TTT_WAIT target=2 elapsed=0s need=2s
UE 47 TTT_WAIT target=2 elapsed=0s need=2s
LM HO_FAIL_LOW_RSRP UE=50 currCell=3 candCell=6 candRsrp=-123.603 < min=-120
UE 51 TTT_WAIT target=2 elapsed=0s need=2s
UE 52 TTT_WAIT target=2 elapsed=0s need=2s
UE 53 TTT_WAIT target=6 elapsed=0s need=2s
UE 54 TTT_WAIT target=3 elapsed=0s need=2s
UE 57 TTT_WAIT target=1 elapsed=0s need=2s
UE 58 TTT_WAIT target=5 elapsed=0s need=2s
UE 59 TTT_WAIT target=5 elapsed=0s need=2s
LM HO UE=60 rnti=175 1->5 type=NTN servingRsrp=-122.508 targetRsrp=-102.627 targetLoadReal=9/10 targetLoadEff=9/10
UE 63 TTT_WAIT target=3 elapsed=0s need=2s
UE 64 TTT_WAIT target=6 elapsed=0s need=2s
LM HO_FAIL_LOW_RSRP UE=65 currCell=1 candCell=6 candRsrp=-122.893 < min=-120
UE 66 TTT_WAIT target=3 elapsed=0s need=2s
LM HO_FAIL_LOW_RSRP UE=67 currCell=3 candCell=6 candRsrp=-128.635 < min=-120
LM HO_FAIL_LOW_RSRP UE=68 currCell=3 candCell=6 candRsrp=-138.727 < min=-120
UE 69 TTT_WAIT target=6 elapsed=0s need=2s
UE 72 TTT_WAIT target=2 elapsed=0s need=2s
UE 73 TTT_WAIT target=1 elapsed=0s need=2s
UE 74 TTT_WAIT target=2 elapsed=0s need=2s
LM HO_FAIL_LOW_RSRP UE=75 currCell=3 candCell=6 candRsrp=-122.887 < min=-120
UE 76 TTT_WAIT target=1 elapsed=0s need=2s
LM HO UE=79 rnti=141 4->6 type=NTN servingRsrp=-109.068 targetRsrp=-96.5604 targetLoadReal=7/10 targetLoadEff=7/10
UE 80 TTT_WAIT target=2 elapsed=0s need=2s
UE 81 TTT_WAIT target=3 elapsed=0s need=2s
LM HO_FAIL_LOW_RSRP UE=83 currCell=2 candCell=6 candRsrp=-151.393 < min=-120
UE 86 TTT_WAIT target=1 elapsed=0s need=2s
UE 87 TTT_WAIT target=2 elapsed=0s need=2s
UE 89 TTT_WAIT target=2 elapsed=0s need=2s
LM HO UE=91 rnti=102 2->6 type=NTN servingRsrp=-119.41 targetRsrp=-117.91 targetLoadReal=7/10 targetLoadEff=8/10
UE 92 TTT_WAIT target=1 elapsed=0s need=2s
UE 94 TTT_WAIT target=1 elapsed=0s need=2s
UE 97 TTT_WAIT target=1 elapsed=0s need=2s
UE 99 TTT_WAIT target=3 elapsed=0s need=2s
UE 100 TTT_WAIT target=2 elapsed=0s need=2s
LM HO_FAIL_LOW_RSRP UE=102 currCell=3 candCell=6 candRsrp=-138.412 < min=-120
LM HO_FAIL_LOW_RSRP UE=103 currCell=2 candCell=1 candRsrp=-121.905 < min=-120
UE 104 TTT_WAIT target=1 elapsed=0s need=2s
TRACE HO_SUCCESS Time=40.6151 IMSI=39 TargetCell=1 Type=TN TargetRSRP=-128.048 ServingRSRP=-113.236 BackhaulDlSnr=-999 BackhaulUlSnr=-999
TRACE HO_SUCCESS Time=40.6151 IMSI=59 TargetCell=5 Type=NTN TargetRSRP=-110.971 ServingRSRP=-84.2261 BackhaulDlSnr=15.2152 BackhaulUlSnr=10.6946
TRACE HO_SUCCESS Time=40.6151 IMSI=90 TargetCell=6 Type=NTN TargetRSRP=-108.518 ServingRSRP=-92.9372 BackhaulDlSnr=12.6638 BackhaulUlSnr=8.14324
TRACE HO_SUCCESS Time=40.6151 IMSI=78 TargetCell=6 Type=NTN TargetRSRP=-102.815 ServingRSRP=-87.8454 BackhaulDlSnr=12.6638 BackhaulUlSnr=8.14324
UAV_AUTONOMY_XAPP Time=42.5 DeploymentMode=tn-uav-satellite UavIndex=0 UavCellId=5 BestDonorCellId=0 BestDonorDistanceM=-1 XhaulConnected=0 XhaulChannelVariationDb=0 XhaulState=UNREACHABLE DonorUnavailableActive=1 SatBackhaulHealthy=1 UavSwitchingXappAvailable=1 UavSwitchingXappState=ACTIVE BackhaulMode=SATELLITE_FALLBACK RicControlState=NEAR_RT_RIC_SWITCHING_TO_SATELLITE_BACKHAUL ActiveUavRic=TN_NEAR_RT_RIC NormalUeHandoverAllowed=1 UavMode=NEAR_RT_RIC_EMERGENCY_SWITCHING_WITH_SATELLITE_BACKHAUL
UAV_AUTONOMY_XAPP Time=42.5 DeploymentMode=tn-uav-satellite UavIndex=1 UavCellId=6 BestDonorCellId=0 BestDonorDistanceM=-1 XhaulConnected=0 XhaulChannelVariationDb=0 XhaulState=UNREACHABLE DonorUnavailableActive=1 SatBackhaulHealthy=1 UavSwitchingXappAvailable=1 UavSwitchingXappState=ACTIVE BackhaulMode=SATELLITE_FALLBACK RicControlState=NEAR_RT_RIC_SWITCHING_TO_SATELLITE_BACKHAUL ActiveUavRic=TN_NEAR_RT_RIC NormalUeHandoverAllowed=1 UavMode=NEAR_RT_RIC_EMERGENCY_SWITCHING_WITH_SATELLITE_BACKHAUL
UAV_AUTONOMY_XAPP Time=42.5 DeploymentMode=tn-uav-satellite UavIndex=2 UavCellId=7 BestDonorCellId=0 BestDonorDistanceM=-1 XhaulConnected=0 XhaulChannelVariationDb=0 XhaulState=UNREACHABLE DonorUnavailableActive=1 SatBackhaulHealthy=1 UavSwitchingXappAvailable=1 UavSwitchingXappState=ACTIVE BackhaulMode=SATELLITE_FALLBACK RicControlState=NEAR_RT_RIC_SWITCHING_TO_SATELLITE_BACKHAUL ActiveUavRic=TN_NEAR_RT_RIC NormalUeHandoverAllowed=1 UavMode=NEAR_RT_RIC_EMERGENCY_SWITCHING_WITH_SATELLITE_BACKHAUL
---- LOAD at t=42.5 ----
  cell 1 (TN) load=17/20
  cell 2 (TN) load=18/20
  cell 3 (TN) load=18/20
  cell 4 (TN) load=18/20
  cell 5 (NTN) load=10/10
  cell 6 (NTN) load=9/10
  cell 7 (NTN) load=10/10
UE 9 TTT_WAIT target=3 elapsed=0s need=2s
UE 11 TTT_WAIT target=4 elapsed=0s need=2s
LM HO UE=12 rnti=71 5->1 type=TN servingRsrp=-134.942 targetRsrp=-93.9697 targetLoadReal=17/20 targetLoadEff=17/20
UE 16 TTT_WAIT target=2 elapsed=0s need=2s
LM HO UE=17 rnti=117 2->6 type=NTN servingRsrp=-117.769 targetRsrp=-116.555 targetLoadReal=9/10 targetLoadEff=9/10
UE 19 TTT_WAIT target=1 elapsed=0s need=2s
UE 20 TTT_WAIT target=2 elapsed=0s need=2s
LM HO UE=23 rnti=169 1->2 type=TN servingRsrp=-101.744 targetRsrp=-70.073 targetLoadReal=18/20 targetLoadEff=18/20
LM HO UE=24 rnti=189 3->1 type=TN servingRsrp=-122.574 targetRsrp=-119.677 targetLoadReal=17/20 targetLoadEff=18/20
UE 27 TTT_WAIT target=2 elapsed=0s need=2s
UE 28 TTT_WAIT target=4 elapsed=0s need=2s
LM HO UE=29 rnti=114 2->3 type=TN servingRsrp=-115.814 targetRsrp=-82.4537 targetLoadReal=18/20 targetLoadEff=18/20
UE 32 TTT_WAIT target=1 elapsed=0s need=2s
LM HO UE=35 rnti=112 2->1 type=TN servingRsrp=-133.798 targetRsrp=-104.707 targetLoadReal=17/20 targetLoadEff=19/20
LM HO UE=38 rnti=87 5->3 type=TN servingRsrp=-113.831 targetRsrp=-82.8348 targetLoadReal=18/20 targetLoadEff=19/20
UE 39 TTT_WAIT target=2 elapsed=0s need=2s
UE 40 TTT_WAIT target=4 elapsed=0s need=2s
LM HO UE=44 rnti=166 4->2 type=TN servingRsrp=-133.611 targetRsrp=-88.2055 targetLoadReal=18/20 targetLoadEff=19/20
UE 64 TTT_WAIT target=4 elapsed=0s need=2s
LM HO_FAIL_LOW_RSRP UE=68 currCell=3 candCell=4 candRsrp=-132.062 < min=-120
UE 97 TTT_WAIT target=4 elapsed=0s need=2s
UE 102 TTT_WAIT target=4 elapsed=0s need=2s
TRACE HO_SUCCESS Time=42.6151 IMSI=34 TargetCell=1 Type=TN TargetRSRP=-127.782 ServingRSRP=-100.49 BackhaulDlSnr=-999 BackhaulUlSnr=-999
TRACE HO_SUCCESS Time=42.6151 IMSI=23 TargetCell=1 Type=TN TargetRSRP=-90.1304 ServingRSRP=-100.159 BackhaulDlSnr=-999 BackhaulUlSnr=-999
TRACE HO_SUCCESS Time=42.6151 IMSI=11 TargetCell=1 Type=TN TargetRSRP=-127.464 ServingRSRP=-116.173 BackhaulDlSnr=-999 BackhaulUlSnr=-999
TRACE HO_SUCCESS Time=42.6151 IMSI=22 TargetCell=2 Type=TN TargetRSRP=-104.181 ServingRSRP=-102.319 BackhaulDlSnr=-999 BackhaulUlSnr=-999
TRACE HO_SUCCESS Time=42.6151 IMSI=43 TargetCell=2 Type=TN TargetRSRP=-117.214 ServingRSRP=-98.0554 BackhaulDlSnr=-999 BackhaulUlSnr=-999
TRACE HO_SUCCESS Time=42.6151 IMSI=28 TargetCell=3 Type=TN TargetRSRP=-116.384 ServingRSRP=-108.034 BackhaulDlSnr=-999 BackhaulUlSnr=-999
TRACE HO_SUCCESS Time=42.6151 IMSI=37 TargetCell=3 Type=TN TargetRSRP=-118.124 ServingRSRP=-100.896 BackhaulDlSnr=-999 BackhaulUlSnr=-999
TRACE HO_SUCCESS Time=42.6151 IMSI=16 TargetCell=6 Type=NTN TargetRSRP=-101.864 ServingRSRP=-86.2013 BackhaulDlSnr=8.18815 BackhaulUlSnr=3.66755
UAV_AUTONOMY_XAPP Time=44.5 DeploymentMode=tn-uav-satellite UavIndex=0 UavCellId=5 BestDonorCellId=0 BestDonorDistanceM=-1 XhaulConnected=0 XhaulChannelVariationDb=0 XhaulState=UNREACHABLE DonorUnavailableActive=1 SatBackhaulHealthy=1 UavSwitchingXappAvailable=1 UavSwitchingXappState=ACTIVE BackhaulMode=SATELLITE_FALLBACK RicControlState=NEAR_RT_RIC_SWITCHING_TO_SATELLITE_BACKHAUL ActiveUavRic=TN_NEAR_RT_RIC NormalUeHandoverAllowed=1 UavMode=NEAR_RT_RIC_EMERGENCY_SWITCHING_WITH_SATELLITE_BACKHAUL
UAV_AUTONOMY_XAPP Time=44.5 DeploymentMode=tn-uav-satellite UavIndex=1 UavCellId=6 BestDonorCellId=0 BestDonorDistanceM=-1 XhaulConnected=0 XhaulChannelVariationDb=0 XhaulState=UNREACHABLE DonorUnavailableActive=1 SatBackhaulHealthy=1 UavSwitchingXappAvailable=1 UavSwitchingXappState=ACTIVE BackhaulMode=SATELLITE_FALLBACK RicControlState=NEAR_RT_RIC_SWITCHING_TO_SATELLITE_BACKHAUL ActiveUavRic=TN_NEAR_RT_RIC NormalUeHandoverAllowed=1 UavMode=NEAR_RT_RIC_EMERGENCY_SWITCHING_WITH_SATELLITE_BACKHAUL
UAV_AUTONOMY_XAPP Time=44.5 DeploymentMode=tn-uav-satellite UavIndex=2 UavCellId=7 BestDonorCellId=0 BestDonorDistanceM=-1 XhaulConnected=0 XhaulChannelVariationDb=0 XhaulState=UNREACHABLE DonorUnavailableActive=1 SatBackhaulHealthy=1 UavSwitchingXappAvailable=1 UavSwitchingXappState=ACTIVE BackhaulMode=SATELLITE_FALLBACK RicControlState=NEAR_RT_RIC_SWITCHING_TO_SATELLITE_BACKHAUL ActiveUavRic=TN_NEAR_RT_RIC NormalUeHandoverAllowed=1 UavMode=NEAR_RT_RIC_EMERGENCY_SWITCHING_WITH_SATELLITE_BACKHAUL
---- LOAD at t=44.5 ----
  cell 1 (TN) load=19/20
  cell 2 (TN) load=17/20
  cell 3 (TN) load=19/20
  cell 4 (TN) load=17/20
  cell 5 (NTN) load=8/10
  cell 6 (NTN) load=10/10
  cell 7 (NTN) load=10/10
UE 8 TTT_WAIT target=4 elapsed=0s need=2s
UE 9 TTT_WAIT target=1 elapsed=0s need=2s
UE 11 TTT_WAIT target=3 elapsed=0s need=2s
UE 12 TTT_WAIT target=2 elapsed=0s need=2s
UE 15 TTT_WAIT target=5 elapsed=0s need=2s
UE 17 TTT_WAIT target=3 elapsed=0s need=2s
UE 18 TTT_WAIT target=4 elapsed=0s need=2s
UE 19 TTT_WAIT target=3 elapsed=0s need=2s
UE 23 TTT_WAIT target=1 elapsed=0s need=2s
UE 24 TTT_WAIT target=2 elapsed=0s need=2s
UE 25 TTT_WAIT target=3 elapsed=0s need=2s
UE 26 TTT_WAIT target=3 elapsed=0s need=2s
UE 33 TTT_WAIT target=1 elapsed=0s need=2s
UE 34 TTT_WAIT target=2 elapsed=0s need=2s
UE 35 TTT_WAIT target=5 elapsed=0s need=2s
LM HO_FAIL_LOW_RSRP UE=36 currCell=4 candCell=5 candRsrp=-142.046 < min=-120
UE 37 TTT_WAIT target=4 elapsed=0s need=2s
UE 38 TTT_WAIT target=5 elapsed=0s need=2s
UE 39 TTT_WAIT target=3 elapsed=0s need=2s
UE 41 TTT_WAIT target=3 elapsed=0s need=2s
UE 42 TTT_WAIT target=1 elapsed=0s need=2s
UE 44 TTT_WAIT target=3 elapsed=0s need=2s
UE 45 TTT_WAIT target=2 elapsed=0s need=2s
LM HO_FAIL_LOW_RSRP UE=50 currCell=3 candCell=5 candRsrp=-133.499 < min=-120
LM HO_FAIL_LOW_RSRP UE=51 currCell=1 candCell=3 candRsrp=-123.845 < min=-120
UE 52 TTT_WAIT target=2 elapsed=0s need=2s
UE 53 TTT_WAIT target=5 elapsed=0s need=2s
LM HO_FAIL_LOW_RSRP UE=57 currCell=3 candCell=5 candRsrp=-128.441 < min=-120
UE 58 TTT_WAIT target=5 elapsed=0s need=2s
UE 59 TTT_WAIT target=1 elapsed=0s need=2s
UE 60 TTT_WAIT target=3 elapsed=0s need=2s
UE 64 TTT_WAIT target=1 elapsed=0s need=2s
UE 65 TTT_WAIT target=3 elapsed=0s need=2s
UE 66 TTT_WAIT target=1 elapsed=0s need=2s
LM HO_FAIL_LOW_RSRP UE=67 currCell=3 candCell=5 candRsrp=-133.899 < min=-120
LM HO_FAIL_LOW_RSRP UE=69 currCell=4 candCell=5 candRsrp=-149.804 < min=-120
UE 74 TTT_WAIT target=2 elapsed=0s need=2s
UE 75 TTT_WAIT target=5 elapsed=0s need=2s
UE 76 TTT_WAIT target=1 elapsed=0s need=2s
UE 80 TTT_WAIT target=4 elapsed=0s need=2s
UE 81 TTT_WAIT target=2 elapsed=0s need=2s
UE 82 TTT_WAIT target=4 elapsed=0s need=2s
UE 83 TTT_WAIT target=3 elapsed=0s need=2s
LM HO_FAIL_LOW_RSRP UE=86 currCell=3 candCell=2 candRsrp=-121.941 < min=-120
UE 87 TTT_WAIT target=1 elapsed=0s need=2s
LM HO_FAIL_LOW_RSRP UE=89 currCell=4 candCell=5 candRsrp=-141.219 < min=-120
UE 90 TTT_WAIT target=3 elapsed=0s need=2s
UE 91 TTT_WAIT target=1 elapsed=0s need=2s
UE 92 TTT_WAIT target=3 elapsed=0s need=2s
UE 94 TTT_WAIT target=1 elapsed=0s need=2s
UE 97 TTT_WAIT target=1 elapsed=0s need=2s
UE 100 TTT_WAIT target=1 elapsed=0s need=2s
UE 102 TTT_WAIT target=2 elapsed=0s need=2s
LM HO_FAIL_LOW_RSRP UE=103 currCell=2 candCell=4 candRsrp=-121.096 < min=-120
UE 105 TTT_WAIT target=2 elapsed=0s need=2s
UE 106 TTT_WAIT target=1 elapsed=0s need=2s
UAV_AUTONOMY_XAPP Time=46.5 DeploymentMode=tn-uav-satellite UavIndex=0 UavCellId=5 BestDonorCellId=0 BestDonorDistanceM=-1 XhaulConnected=0 XhaulChannelVariationDb=0 XhaulState=UNREACHABLE DonorUnavailableActive=1 SatBackhaulHealthy=1 UavSwitchingXappAvailable=1 UavSwitchingXappState=ACTIVE BackhaulMode=SATELLITE_FALLBACK RicControlState=NEAR_RT_RIC_SWITCHING_TO_SATELLITE_BACKHAUL ActiveUavRic=TN_NEAR_RT_RIC NormalUeHandoverAllowed=1 UavMode=NEAR_RT_RIC_EMERGENCY_SWITCHING_WITH_SATELLITE_BACKHAUL
UAV_AUTONOMY_XAPP Time=46.5 DeploymentMode=tn-uav-satellite UavIndex=1 UavCellId=6 BestDonorCellId=0 BestDonorDistanceM=-1 XhaulConnected=0 XhaulChannelVariationDb=0 XhaulState=UNREACHABLE DonorUnavailableActive=1 SatBackhaulHealthy=1 UavSwitchingXappAvailable=1 UavSwitchingXappState=ACTIVE BackhaulMode=SATELLITE_FALLBACK RicControlState=NEAR_RT_RIC_SWITCHING_TO_SATELLITE_BACKHAUL ActiveUavRic=TN_NEAR_RT_RIC NormalUeHandoverAllowed=1 UavMode=NEAR_RT_RIC_EMERGENCY_SWITCHING_WITH_SATELLITE_BACKHAUL
UAV_AUTONOMY_XAPP Time=46.5 DeploymentMode=tn-uav-satellite UavIndex=2 UavCellId=7 BestDonorCellId=0 BestDonorDistanceM=-1 XhaulConnected=0 XhaulChannelVariationDb=0 XhaulState=UNREACHABLE DonorUnavailableActive=1 SatBackhaulHealthy=1 UavSwitchingXappAvailable=1 UavSwitchingXappState=ACTIVE BackhaulMode=SATELLITE_FALLBACK RicControlState=NEAR_RT_RIC_SWITCHING_TO_SATELLITE_BACKHAUL ActiveUavRic=TN_NEAR_RT_RIC NormalUeHandoverAllowed=1 UavMode=NEAR_RT_RIC_EMERGENCY_SWITCHING_WITH_SATELLITE_BACKHAUL
---- LOAD at t=46.5 ----
  cell 1 (TN) load=19/20
  cell 2 (TN) load=17/20
  cell 3 (TN) load=19/20
  cell 4 (TN) load=17/20
  cell 5 (NTN) load=8/10
  cell 6 (NTN) load=10/10
  cell 7 (NTN) load=10/10
UE 9 TTT_WAIT target=4 elapsed=0s need=2s
LM HO_FAIL_LOW_RSRP UE=11 currCell=2 candCell=5 candRsrp=-134.997 < min=-120
LM HO_FAIL_LOW_RSRP UE=12 currCell=1 candCell=2 candRsrp=-121.302 < min=-120
UE 20 TTT_WAIT target=1 elapsed=0s need=2s
UE 21 TTT_WAIT target=5 elapsed=0s need=2s
LM HO_FAIL_LOW_RSRP UE=22 currCell=4 candCell=5 candRsrp=-135.214 < min=-120
UE 24 TTT_WAIT target=3 elapsed=0s need=2s
UE 25 TTT_WAIT target=2 elapsed=0s need=2s
LM HO UE=26 rnti=178 1->3 type=TN servingRsrp=-120.924 targetRsrp=-109.045 targetLoadReal=19/20 targetLoadEff=19/20
UE 31 TTT_WAIT target=1 elapsed=0s need=2s
UE 32 TTT_WAIT target=2 elapsed=0s need=2s
LM HO_FAIL_LOW_RSRP UE=34 currCell=3 candCell=5 candRsrp=-143.471 < min=-120
LM HO UE=35 rnti=183 1->5 type=NTN servingRsrp=-131.001 targetRsrp=-87.2248 targetLoadReal=8/10 targetLoadEff=8/10
LM HO UE=37 rnti=78 7->4 type=TN servingRsrp=-138.197 targetRsrp=-81.7335 targetLoadReal=17/20 targetLoadEff=17/20
LM HO UE=38 rnti=191 3->5 type=NTN servingRsrp=-99.7732 targetRsrp=-84.3321 targetLoadReal=8/10 targetLoadEff=9/10
UE 39 TTT_WAIT target=1 elapsed=0s need=2s
UE 40 TTT_WAIT target=4 elapsed=0s need=2s
UE 42 TTT_WAIT target=4 elapsed=0s need=2s
UE 44 TTT_WAIT target=1 elapsed=0s need=2s
LM HO UE=45 rnti=54 1->2 type=TN servingRsrp=-109.172 targetRsrp=-77.7207 targetLoadReal=17/20 targetLoadEff=17/20
UE 46 TTT_WAIT target=4 elapsed=0s need=2s
UE 51 TTT_WAIT target=4 elapsed=0s need=2s
UE 56 TTT_WAIT target=4 elapsed=0s need=2s
UE 57 TTT_WAIT target=1 elapsed=0s need=2s
UE 59 TTT_WAIT target=2 elapsed=0s need=2s
UE 62 TTT_WAIT target=2 elapsed=0s need=2s
UE 66 TTT_WAIT target=2 elapsed=0s need=2s
UE 73 TTT_WAIT target=2 elapsed=0s need=2s
LM HO UE=74 rnti=186 3->2 type=TN servingRsrp=-116.406 targetRsrp=-110.787 targetLoadReal=17/20 targetLoadEff=18/20
LM HO UE=76 rnti=115 2->1 type=TN servingRsrp=-115.694 targetRsrp=-88.5314 targetLoadReal=19/20 targetLoadEff=19/20
LM HO UE=82 rnti=88 6->4 type=TN servingRsrp=-117.106 targetRsrp=-74.9568 targetLoadReal=17/20 targetLoadEff=18/20
UE 84 TTT_WAIT target=2 elapsed=0s need=2s
UE 85 TTT_WAIT target=4 elapsed=0s need=2s
UE 86 TTT_WAIT target=4 elapsed=0s need=2s
UE 87 TTT_WAIT target=4 elapsed=0s need=2s
LM HO_FAIL_LOW_RSRP UE=89 currCell=4 candCell=2 candRsrp=-121.866 < min=-120
UE 100 TTT_WAIT target=4 elapsed=0s need=2s
UE 106 TTT_WAIT target=4 elapsed=0s need=2s
TRACE HO_SUCCESS Time=46.6151 IMSI=75 TargetCell=1 Type=TN TargetRSRP=-116.955 ServingRSRP=-90.5571 BackhaulDlSnr=-999 BackhaulUlSnr=-999
TRACE HO_SUCCESS Time=46.6151 IMSI=44 TargetCell=2 Type=TN TargetRSRP=-111.304 ServingRSRP=-94.4912 BackhaulDlSnr=-999 BackhaulUlSnr=-999
TRACE HO_SUCCESS Time=46.6151 IMSI=73 TargetCell=2 Type=TN TargetRSRP=-90.1829 ServingRSRP=-95.0083 BackhaulDlSnr=-999 BackhaulUlSnr=-999
TRACE HO_SUCCESS Time=46.6151 IMSI=25 TargetCell=3 Type=TN TargetRSRP=-99.7276 ServingRSRP=-119.056 BackhaulDlSnr=-999 BackhaulUlSnr=-999
TRACE HO_SUCCESS Time=46.6151 IMSI=81 TargetCell=4 Type=TN TargetRSRP=-113.163 ServingRSRP=-102.096 BackhaulDlSnr=-999 BackhaulUlSnr=-999
TRACE HO_SUCCESS Time=46.6151 IMSI=36 TargetCell=4 Type=TN TargetRSRP=-112.742 ServingRSRP=-93.713 BackhaulDlSnr=-999 BackhaulUlSnr=-999
TRACE HO_SUCCESS Time=46.6151 IMSI=34 TargetCell=5 Type=NTN TargetRSRP=-100.551 ServingRSRP=-112.712 BackhaulDlSnr=11.2519 BackhaulUlSnr=6.73129
TRACE HO_SUCCESS Time=46.6151 IMSI=37 TargetCell=5 Type=NTN TargetRSRP=-92.7604 ServingRSRP=-118.196 BackhaulDlSnr=11.2519 BackhaulUlSnr=6.73129
UAV_AUTONOMY_XAPP Time=48.5 DeploymentMode=tn-uav-satellite UavIndex=0 UavCellId=5 BestDonorCellId=0 BestDonorDistanceM=-1 XhaulConnected=0 XhaulChannelVariationDb=0 XhaulState=UNREACHABLE DonorUnavailableActive=1 SatBackhaulHealthy=1 UavSwitchingXappAvailable=1 UavSwitchingXappState=ACTIVE BackhaulMode=SATELLITE_FALLBACK RicControlState=NEAR_RT_RIC_SWITCHING_TO_SATELLITE_BACKHAUL ActiveUavRic=TN_NEAR_RT_RIC NormalUeHandoverAllowed=1 UavMode=NEAR_RT_RIC_EMERGENCY_SWITCHING_WITH_SATELLITE_BACKHAUL
UAV_AUTONOMY_XAPP Time=48.5 DeploymentMode=tn-uav-satellite UavIndex=1 UavCellId=6 BestDonorCellId=0 BestDonorDistanceM=-1 XhaulConnected=0 XhaulChannelVariationDb=0 XhaulState=UNREACHABLE DonorUnavailableActive=1 SatBackhaulHealthy=1 UavSwitchingXappAvailable=1 UavSwitchingXappState=ACTIVE BackhaulMode=SATELLITE_FALLBACK RicControlState=NEAR_RT_RIC_SWITCHING_TO_SATELLITE_BACKHAUL ActiveUavRic=TN_NEAR_RT_RIC NormalUeHandoverAllowed=1 UavMode=NEAR_RT_RIC_EMERGENCY_SWITCHING_WITH_SATELLITE_BACKHAUL
UAV_AUTONOMY_XAPP Time=48.5 DeploymentMode=tn-uav-satellite UavIndex=2 UavCellId=7 BestDonorCellId=0 BestDonorDistanceM=-1 XhaulConnected=0 XhaulChannelVariationDb=0 XhaulState=UNREACHABLE DonorUnavailableActive=1 SatBackhaulHealthy=1 UavSwitchingXappAvailable=1 UavSwitchingXappState=ACTIVE BackhaulMode=SATELLITE_FALLBACK RicControlState=NEAR_RT_RIC_SWITCHING_TO_SATELLITE_BACKHAUL ActiveUavRic=TN_NEAR_RT_RIC NormalUeHandoverAllowed=1 UavMode=NEAR_RT_RIC_EMERGENCY_SWITCHING_WITH_SATELLITE_BACKHAUL
---- LOAD at t=48.5 ----
  cell 1 (TN) load=17/20
  cell 2 (TN) load=18/20
  cell 3 (TN) load=18/20
  cell 4 (TN) load=19/20
  cell 5 (NTN) load=10/10
  cell 6 (NTN) load=9/10
  cell 7 (NTN) load=9/10
UE 8 TTT_WAIT target=1 elapsed=0s need=2s
LM HO UE=9 rnti=23 2->4 type=TN servingRsrp=-113.83 targetRsrp=-91.0213 targetLoadReal=19/20 targetLoadEff=19/20
UE 12 TTT_WAIT target=2 elapsed=0s need=2s
UE 15 TTT_WAIT target=2 elapsed=0s need=2s
UE 18 TTT_WAIT target=1 elapsed=0s need=2s
UE 19 TTT_WAIT target=2 elapsed=0s need=2s
LM HO UE=20 rnti=187 3->1 type=TN servingRsrp=-116.417 targetRsrp=-104.684 targetLoadReal=17/20 targetLoadEff=17/20
UE 22 TTT_WAIT target=2 elapsed=0s need=2s
UE 24 TTT_WAIT target=2 elapsed=0s need=2s
LM HO_FAIL_LOW_RSRP UE=25 currCell=4 candCell=6 candRsrp=-122.944 < min=-120
UE 26 TTT_WAIT target=1 elapsed=0s need=2s
UE 28 TTT_WAIT target=1 elapsed=0s need=2s
UE 29 TTT_WAIT target=2 elapsed=0s need=2s
UE 30 TTT_WAIT target=2 elapsed=0s need=2s
UE 31 TTT_WAIT target=2 elapsed=0s need=2s
UE 32 TTT_WAIT target=7 elapsed=0s need=2s
UE 33 TTT_WAIT target=1 elapsed=0s need=2s
UE 34 TTT_WAIT target=2 elapsed=0s need=2s
UE 35 TTT_WAIT target=7 elapsed=0s need=2s
UE 37 TTT_WAIT target=1 elapsed=0s need=2s
LM HO UE=39 rnti=171 4->1 type=TN servingRsrp=-135.111 targetRsrp=-114.48 targetLoadReal=17/20 targetLoadEff=18/20
UE 40 TTT_WAIT target=6 elapsed=0s need=2s
UE 42 TTT_WAIT target=2 elapsed=0s need=2s
UE 45 TTT_WAIT target=3 elapsed=0s need=2s
LM HO_FAIL_LOW_RSRP UE=50 currCell=3 candCell=6 candRsrp=-137.39 < min=-120
LM HO_FAIL_LOW_RSRP UE=51 currCell=1 candCell=3 candRsrp=-122.011 < min=-120
UE 56 TTT_WAIT target=2 elapsed=0s need=2s
LM HO UE=57 rnti=188 3->1 type=TN servingRsrp=-125.296 targetRsrp=-112.762 targetLoadReal=17/20 targetLoadEff=19/20
LM HO_FAIL_LOW_RSRP UE=58 currCell=1 candCell=6 candRsrp=-127.293 < min=-120
LM HO UE=59 rnti=185 3->2 type=TN servingRsrp=-128.683 targetRsrp=-87.6832 targetLoadReal=18/20 targetLoadEff=18/20
LM HO UE=62 rnti=179 1->2 type=TN servingRsrp=-114.92 targetRsrp=-84.1549 targetLoadReal=18/20 targetLoadEff=19/20
LM HO_FAIL_LOW_RSRP UE=64 currCell=7 candCell=6 candRsrp=-120.346 < min=-120
UE 65 TTT_WAIT target=3 elapsed=0s need=2s
UE 66 TTT_WAIT target=3 elapsed=0s need=2s
LM HO_FAIL_LOW_RSRP UE=68 currCell=3 candCell=6 candRsrp=-144.327 < min=-120
UE 70 TTT_WAIT target=6 elapsed=0s need=2s
LM HO_FAIL_LOW_RSRP UE=72 currCell=1 candCell=7 candRsrp=-132.947 < min=-120
UE 74 TTT_WAIT target=3 elapsed=0s need=2s
UE 76 TTT_WAIT target=3 elapsed=0s need=2s
LM HO_FAIL_LOW_RSRP UE=77 currCell=4 candCell=6 candRsrp=-121.286 < min=-120
UE 79 TTT_WAIT target=7 elapsed=0s need=2s
UE 80 TTT_WAIT target=6 elapsed=0s need=2s
LM HO_FAIL_LOW_RSRP UE=81 currCell=1 candCell=3 candRsrp=-123.478 < min=-120
UE 83 TTT_WAIT target=3 elapsed=0s need=2s
UE 89 TTT_WAIT target=3 elapsed=0s need=2s
UE 90 TTT_WAIT target=7 elapsed=0s need=2s
UE 91 TTT_WAIT target=3 elapsed=0s need=2s
UE 92 TTT_WAIT target=3 elapsed=0s need=2s
UE 94 TTT_WAIT target=6 elapsed=0s need=2s
UE 95 TTT_WAIT target=6 elapsed=0s need=2s
LM HO_FAIL_LOW_RSRP UE=96 currCell=2 candCell=7 candRsrp=-128.011 < min=-120
LM HO_FAIL_LOW_RSRP UE=102 currCell=3 candCell=7 candRsrp=-131.732 < min=-120
UE 106 TTT_WAIT target=7 elapsed=0s need=2s
TRACE HO_SUCCESS Time=48.6151 IMSI=56 TargetCell=1 Type=TN TargetRSRP=-120.653 ServingRSRP=-90.165 BackhaulDlSnr=-999 BackhaulUlSnr=-999
TRACE HO_SUCCESS Time=48.6151 IMSI=19 TargetCell=1 Type=TN TargetRSRP=-117.629 ServingRSRP=-117.871 BackhaulDlSnr=-999 BackhaulUlSnr=-999
TRACE HO_SUCCESS Time=48.6151 IMSI=38 TargetCell=1 Type=TN TargetRSRP=-119.152 ServingRSRP=-82.7338 BackhaulDlSnr=-999 BackhaulUlSnr=-999
TRACE HO_SUCCESS Time=48.6151 IMSI=61 TargetCell=2 Type=TN TargetRSRP=-123.249 ServingRSRP=-115.011 BackhaulDlSnr=-999 BackhaulUlSnr=-999
TRACE HO_SUCCESS Time=48.6151 IMSI=58 TargetCell=2 Type=TN TargetRSRP=-87.6248 ServingRSRP=-118.359 BackhaulDlSnr=-999 BackhaulUlSnr=-999
TRACE HO_SUCCESS Time=48.6151 IMSI=8 TargetCell=4 Type=TN TargetRSRP=-82.3083 ServingRSRP=-92.9599 BackhaulDlSnr=-999 BackhaulUlSnr=-999
UAV_AUTONOMY_XAPP Time=50.5 DeploymentMode=tn-uav-satellite UavIndex=0 UavCellId=5 BestDonorCellId=0 BestDonorDistanceM=-1 XhaulConnected=0 XhaulChannelVariationDb=0 XhaulState=UNREACHABLE DonorUnavailableActive=1 SatBackhaulHealthy=1 UavSwitchingXappAvailable=1 UavSwitchingXappState=ACTIVE BackhaulMode=SATELLITE_FALLBACK RicControlState=NEAR_RT_RIC_SWITCHING_TO_SATELLITE_BACKHAUL ActiveUavRic=TN_NEAR_RT_RIC NormalUeHandoverAllowed=1 UavMode=NEAR_RT_RIC_EMERGENCY_SWITCHING_WITH_SATELLITE_BACKHAUL
UAV_AUTONOMY_XAPP Time=50.5 DeploymentMode=tn-uav-satellite UavIndex=1 UavCellId=6 BestDonorCellId=0 BestDonorDistanceM=-1 XhaulConnected=0 XhaulChannelVariationDb=0 XhaulState=UNREACHABLE DonorUnavailableActive=1 SatBackhaulHealthy=1 UavSwitchingXappAvailable=1 UavSwitchingXappState=ACTIVE BackhaulMode=SATELLITE_FALLBACK RicControlState=NEAR_RT_RIC_SWITCHING_TO_SATELLITE_BACKHAUL ActiveUavRic=TN_NEAR_RT_RIC NormalUeHandoverAllowed=1 UavMode=NEAR_RT_RIC_EMERGENCY_SWITCHING_WITH_SATELLITE_BACKHAUL
UAV_AUTONOMY_XAPP Time=50.5 DeploymentMode=tn-uav-satellite UavIndex=2 UavCellId=7 BestDonorCellId=0 BestDonorDistanceM=-1 XhaulConnected=0 XhaulChannelVariationDb=0 XhaulState=UNREACHABLE DonorUnavailableActive=1 SatBackhaulHealthy=1 UavSwitchingXappAvailable=1 UavSwitchingXappState=ACTIVE BackhaulMode=SATELLITE_FALLBACK RicControlState=NEAR_RT_RIC_SWITCHING_TO_SATELLITE_BACKHAUL ActiveUavRic=TN_NEAR_RT_RIC NormalUeHandoverAllowed=1 UavMode=NEAR_RT_RIC_EMERGENCY_SWITCHING_WITH_SATELLITE_BACKHAUL
---- LOAD at t=50.5 ----
  cell 1 (TN) load=19/20
  cell 2 (TN) load=19/20
  cell 3 (TN) load=15/20
  cell 4 (TN) load=19/20
  cell 5 (NTN) load=10/10
  cell 6 (NTN) load=9/10
  cell 7 (NTN) load=9/10
LM HO UE=8 rnti=22 2->1 type=TN servingRsrp=-115.908 targetRsrp=-81.4621 targetLoadReal=19/20 targetLoadEff=19/20
UE 9 TTT_WAIT target=3 elapsed=0s need=2s
UE 11 TTT_WAIT target=6 elapsed=0s need=2s
LM HO UE=12 rnti=181 1->2 type=TN servingRsrp=-132.333 targetRsrp=-99.514 targetLoadReal=19/20 targetLoadEff=19/20
UE 16 TTT_WAIT target=3 elapsed=0s need=2s
UE 18 TTT_WAIT target=7 elapsed=0s need=2s
LM HO_FAIL_LOW_RSRP UE=19 currCell=5 candCell=7 candRsrp=-122.287 < min=-120
UE 20 TTT_WAIT target=3 elapsed=0s need=2s
UE 24 TTT_WAIT target=3 elapsed=0s need=2s
UE 25 TTT_WAIT target=3 elapsed=0s need=2s
LM HO_FAIL_LOW_RSRP UE=26 currCell=3 candCell=4 candRsrp=-122.169 < min=-120
UE 27 TTT_WAIT target=6 elapsed=0s need=2s
UE 28 TTT_WAIT target=3 elapsed=0s need=2s
UE 30 TTT_WAIT target=3 elapsed=0s need=2s
UE 31 TTT_WAIT target=3 elapsed=0s need=2s
UE 34 TTT_WAIT target=4 elapsed=0s need=2s
UE 35 TTT_WAIT target=3 elapsed=0s need=2s
UE 36 TTT_WAIT target=3 elapsed=0s need=2s
UE 37 TTT_WAIT target=6 elapsed=0s need=2s
LM HO UE=40 rnti=180 1->6 type=NTN servingRsrp=-96.7286 targetRsrp=-89.5944 targetLoadReal=9/10 targetLoadEff=9/10
UE 41 TTT_WAIT target=7 elapsed=0s need=2s
LM HO_FAIL_LOW_RSRP UE=42 currCell=3 candCell=7 candRsrp=-139.476 < min=-120
LM HO UE=45 rnti=120 2->3 type=TN servingRsrp=-114.779 targetRsrp=-110.381 targetLoadReal=15/20 targetLoadEff=15/20
LM HO_FAIL_LOW_RSRP UE=50 currCell=3 candCell=7 candRsrp=-135.488 < min=-120
UE 57 TTT_WAIT target=7 elapsed=0s need=2s
UE 58 TTT_WAIT target=7 elapsed=0s need=2s
UE 60 TTT_WAIT target=3 elapsed=0s need=2s
LM HO_FAIL_LOW_RSRP UE=62 currCell=2 candCell=7 candRsrp=-137.876 < min=-120
UE 63 TTT_WAIT target=3 elapsed=0s need=2s
UE 66 TTT_WAIT target=7 elapsed=0s need=2s
LM HO_FAIL_LOW_RSRP UE=67 currCell=3 candCell=7 candRsrp=-136.106 < min=-120
LM HO_FAIL_LOW_RSRP UE=68 currCell=3 candCell=7 candRsrp=-136.14 < min=-120
LM HO_FAIL_LOW_RSRP UE=69 currCell=4 candCell=7 candRsrp=-139.98 < min=-120
LM HO_FAIL_LOW_RSRP UE=72 currCell=1 candCell=3 candRsrp=-125.984 < min=-120
LM HO UE=74 rnti=121 2->3 type=TN servingRsrp=-119.263 targetRsrp=-113.809 targetLoadReal=15/20 targetLoadEff=16/20
UE 75 TTT_WAIT target=4 elapsed=0s need=2s
UE 77 TTT_WAIT target=3 elapsed=0s need=2s
UE 79 TTT_WAIT target=4 elapsed=0s need=2s
LM HO_FAIL_LOW_RSRP UE=81 currCell=1 candCell=7 candRsrp=-146.232 < min=-120
LM HO UE=83 rnti=88 2->3 type=TN servingRsrp=-122.134 targetRsrp=-88.9961 targetLoadReal=15/20 targetLoadEff=17/20
LM HO_FAIL_LOW_RSRP UE=88 currCell=4 candCell=7 candRsrp=-136.444 < min=-120
LM HO_FAIL_LOW_RSRP UE=89 currCell=4 candCell=7 candRsrp=-127.836 < min=-120
UE 90 TTT_WAIT target=3 elapsed=0s need=2s
UE 91 TTT_WAIT target=7 elapsed=0s need=2s
UE 94 TTT_WAIT target=3 elapsed=0s need=2s
LM HO_FAIL_LOW_RSRP UE=97 currCell=3 candCell=7 candRsrp=-124.202 < min=-120
UE 99 TTT_WAIT target=7 elapsed=0s need=2s
UE 101 TTT_WAIT target=3 elapsed=0s need=2s
LM HO_FAIL_LOW_RSRP UE=102 currCell=3 candCell=4 candRsrp=-122.904 < min=-120
UE 105 TTT_WAIT target=3 elapsed=0s need=2s
UE 106 TTT_WAIT target=4 elapsed=0s need=2s
TRACE HO_SUCCESS Time=50.6151 IMSI=7 TargetCell=1 Type=TN TargetRSRP=-84.455 ServingRSRP=-111.23 BackhaulDlSnr=-999 BackhaulUlSnr=-999
TRACE HO_SUCCESS Time=50.6151 IMSI=11 TargetCell=2 Type=TN TargetRSRP=-131.151 ServingRSRP=-111.588 BackhaulDlSnr=-999 BackhaulUlSnr=-999
TRACE HO_SUCCESS Time=50.6151 IMSI=44 TargetCell=3 Type=TN TargetRSRP=-124.216 ServingRSRP=-106.431 BackhaulDlSnr=-999 BackhaulUlSnr=-999
TRACE HO_SUCCESS Time=50.6151 IMSI=82 TargetCell=3 Type=TN TargetRSRP=-90.4621 ServingRSRP=-120.581 BackhaulDlSnr=-999 BackhaulUlSnr=-999
TRACE HO_SUCCESS Time=50.6151 IMSI=73 TargetCell=3 Type=TN TargetRSRP=-117.835 ServingRSRP=-96.9401 BackhaulDlSnr=-999 BackhaulUlSnr=-999
TRACE HO_SUCCESS Time=50.6151 IMSI=39 TargetCell=6 Type=NTN TargetRSRP=-121.593 ServingRSRP=-86.892 BackhaulDlSnr=9.81034 BackhaulUlSnr=5.28974
UAV_AUTONOMY_XAPP Time=52.5 DeploymentMode=tn-uav-satellite UavIndex=0 UavCellId=5 BestDonorCellId=0 BestDonorDistanceM=-1 XhaulConnected=0 XhaulChannelVariationDb=0 XhaulState=UNREACHABLE DonorUnavailableActive=1 SatBackhaulHealthy=1 UavSwitchingXappAvailable=1 UavSwitchingXappState=ACTIVE BackhaulMode=SATELLITE_FALLBACK RicControlState=NEAR_RT_RIC_SWITCHING_TO_SATELLITE_BACKHAUL ActiveUavRic=TN_NEAR_RT_RIC NormalUeHandoverAllowed=1 UavMode=NEAR_RT_RIC_EMERGENCY_SWITCHING_WITH_SATELLITE_BACKHAUL
UAV_AUTONOMY_XAPP Time=52.5 DeploymentMode=tn-uav-satellite UavIndex=1 UavCellId=6 BestDonorCellId=0 BestDonorDistanceM=-1 XhaulConnected=0 XhaulChannelVariationDb=0 XhaulState=UNREACHABLE DonorUnavailableActive=1 SatBackhaulHealthy=1 UavSwitchingXappAvailable=1 UavSwitchingXappState=ACTIVE BackhaulMode=SATELLITE_FALLBACK RicControlState=NEAR_RT_RIC_SWITCHING_TO_SATELLITE_BACKHAUL ActiveUavRic=TN_NEAR_RT_RIC NormalUeHandoverAllowed=1 UavMode=NEAR_RT_RIC_EMERGENCY_SWITCHING_WITH_SATELLITE_BACKHAUL
UAV_AUTONOMY_XAPP Time=52.5 DeploymentMode=tn-uav-satellite UavIndex=2 UavCellId=7 BestDonorCellId=0 BestDonorDistanceM=-1 XhaulConnected=0 XhaulChannelVariationDb=0 XhaulState=UNREACHABLE DonorUnavailableActive=1 SatBackhaulHealthy=1 UavSwitchingXappAvailable=1 UavSwitchingXappState=ACTIVE BackhaulMode=SATELLITE_FALLBACK RicControlState=NEAR_RT_RIC_SWITCHING_TO_SATELLITE_BACKHAUL ActiveUavRic=TN_NEAR_RT_RIC NormalUeHandoverAllowed=1 UavMode=NEAR_RT_RIC_EMERGENCY_SWITCHING_WITH_SATELLITE_BACKHAUL
---- LOAD at t=52.5 ----
  cell 1 (TN) load=18/20
  cell 2 (TN) load=16/20
  cell 3 (TN) load=18/20
  cell 4 (TN) load=19/20
  cell 5 (NTN) load=10/10
  cell 6 (NTN) load=10/10
  cell 7 (NTN) load=9/10
UE 8 TTT_WAIT target=2 elapsed=0s need=2s
LM HO UE=9 rnti=174 4->3 type=TN servingRsrp=-109.959 targetRsrp=-86.0407 targetLoadReal=18/20 targetLoadEff=18/20
UE 10 TTT_WAIT target=1 elapsed=0s need=2s
LM HO_FAIL_LOW_RSRP UE=11 currCell=2 candCell=7 candRsrp=-135.057 < min=-120
UE 13 TTT_WAIT target=2 elapsed=0s need=2s
UE 18 TTT_WAIT target=1 elapsed=0s need=2s
UE 19 TTT_WAIT target=7 elapsed=0s need=2s
LM HO_FAIL_LOW_RSRP UE=21 currCell=4 candCell=7 candRsrp=-132.846 < min=-120
LM HO_FAIL_LOW_RSRP UE=22 currCell=4 candCell=7 candRsrp=-130.242 < min=-120
UE 23 TTT_WAIT target=3 elapsed=0s need=2s
UE 24 TTT_WAIT target=7 elapsed=0s need=2s
UE 25 TTT_WAIT target=1 elapsed=0s need=2s
LM HO_FAIL_LOW_RSRP UE=26 currCell=3 candCell=1 candRsrp=-120.211 < min=-120
UE 27 TTT_WAIT target=1 elapsed=0s need=2s
UE 28 TTT_WAIT target=1 elapsed=0s need=2s
UE 29 TTT_WAIT target=2 elapsed=0s need=2s
UE 31 TTT_WAIT target=1 elapsed=0s need=2s
UE 33 TTT_WAIT target=1 elapsed=0s need=2s
UE 34 TTT_WAIT target=2 elapsed=0s need=2s
UE 38 TTT_WAIT target=7 elapsed=0s need=2s
UE 39 TTT_WAIT target=3 elapsed=0s need=2s
UE 40 TTT_WAIT target=4 elapsed=0s need=2s
LM HO_FAIL_LOW_RSRP UE=41 currCell=2 candCell=7 candRsrp=-132.289 < min=-120
UE 42 TTT_WAIT target=2 elapsed=0s need=2s
UE 44 TTT_WAIT target=3 elapsed=0s need=2s
UE 45 TTT_WAIT target=1 elapsed=0s need=2s
UE 50 TTT_WAIT target=1 elapsed=0s need=2s
UE 51 TTT_WAIT target=4 elapsed=0s need=2s
UE 52 TTT_WAIT target=2 elapsed=0s need=2s
UE 56 TTT_WAIT target=3 elapsed=0s need=2s
LM HO_FAIL_LOW_RSRP UE=57 currCell=1 candCell=7 candRsrp=-130.782 < min=-120
UE 58 TTT_WAIT target=2 elapsed=0s need=2s
UE 59 TTT_WAIT target=1 elapsed=0s need=2s
UE 63 TTT_WAIT target=1 elapsed=0s need=2s
UE 64 TTT_WAIT target=4 elapsed=0s need=2s
UE 65 TTT_WAIT target=2 elapsed=0s need=2s
UE 66 TTT_WAIT target=1 elapsed=0s need=2s
LM HO_FAIL_LOW_RSRP UE=67 currCell=3 candCell=7 candRsrp=-131.732 < min=-120
UE 68 TTT_WAIT target=4 elapsed=0s need=2s
UE 74 TTT_WAIT target=2 elapsed=0s need=2s
UE 75 TTT_WAIT target=7 elapsed=0s need=2s
UE 76 TTT_WAIT target=3 elapsed=0s need=2s
LM HO_FAIL_LOW_RSRP UE=77 currCell=4 candCell=7 candRsrp=-135.506 < min=-120
LM HO UE=79 rnti=91 6->4 type=TN servingRsrp=-96.3945 targetRsrp=-89.3361 targetLoadReal=19/20 targetLoadEff=19/20
UE 80 TTT_WAIT target=2 elapsed=0s need=2s
UE 81 TTT_WAIT target=3 elapsed=0s need=2s
UE 84 TTT_WAIT target=2 elapsed=0s need=2s
UE 85 TTT_WAIT target=2 elapsed=0s need=2s
UE 87 TTT_WAIT target=2 elapsed=0s need=2s
UE 89 TTT_WAIT target=1 elapsed=0s need=2s
UE 91 TTT_WAIT target=3 elapsed=0s need=2s
UE 92 TTT_WAIT target=1 elapsed=0s need=2s
UE 93 TTT_WAIT target=1 elapsed=0s need=2s
UE 94 TTT_WAIT target=7 elapsed=0s need=2s
UE 95 TTT_WAIT target=7 elapsed=0s need=2s
UE 96 TTT_WAIT target=3 elapsed=0s need=2s
UE 100 TTT_WAIT target=2 elapsed=0s need=2s
UE 101 TTT_WAIT target=2 elapsed=0s need=2s
UE 104 TTT_WAIT target=3 elapsed=0s need=2s
LM HO UE=105 rnti=89 6->3 type=TN servingRsrp=-113.148 targetRsrp=-99.2522 targetLoadReal=18/20 targetLoadEff=19/20
TRACE HO_SUCCESS Time=52.6151 IMSI=8 TargetCell=3 Type=TN TargetRSRP=-128.792 ServingRSRP=-111.749 BackhaulDlSnr=-999 BackhaulUlSnr=-999
TRACE HO_SUCCESS Time=52.6151 IMSI=104 TargetCell=3 Type=TN TargetRSRP=-136.096 ServingRSRP=-91.6615 BackhaulDlSnr=-999 BackhaulUlSnr=-999
TRACE HO_SUCCESS Time=52.6151 IMSI=78 TargetCell=4 Type=TN TargetRSRP=-105.193 ServingRSRP=-90.5678 BackhaulDlSnr=-999 BackhaulUlSnr=-999
UAV_AUTONOMY_XAPP Time=54.5 DeploymentMode=tn-uav-satellite UavIndex=0 UavCellId=5 BestDonorCellId=0 BestDonorDistanceM=-1 XhaulConnected=0 XhaulChannelVariationDb=0 XhaulState=UNREACHABLE DonorUnavailableActive=1 SatBackhaulHealthy=1 UavSwitchingXappAvailable=1 UavSwitchingXappState=ACTIVE BackhaulMode=SATELLITE_FALLBACK RicControlState=NEAR_RT_RIC_SWITCHING_TO_SATELLITE_BACKHAUL ActiveUavRic=TN_NEAR_RT_RIC NormalUeHandoverAllowed=1 UavMode=NEAR_RT_RIC_EMERGENCY_SWITCHING_WITH_SATELLITE_BACKHAUL
UAV_AUTONOMY_XAPP Time=54.5 DeploymentMode=tn-uav-satellite UavIndex=1 UavCellId=6 BestDonorCellId=0 BestDonorDistanceM=-1 XhaulConnected=0 XhaulChannelVariationDb=0 XhaulState=UNREACHABLE DonorUnavailableActive=1 SatBackhaulHealthy=1 UavSwitchingXappAvailable=1 UavSwitchingXappState=ACTIVE BackhaulMode=SATELLITE_FALLBACK RicControlState=NEAR_RT_RIC_SWITCHING_TO_SATELLITE_BACKHAUL ActiveUavRic=TN_NEAR_RT_RIC NormalUeHandoverAllowed=1 UavMode=NEAR_RT_RIC_EMERGENCY_SWITCHING_WITH_SATELLITE_BACKHAUL
UAV_AUTONOMY_XAPP Time=54.5 DeploymentMode=tn-uav-satellite UavIndex=2 UavCellId=7 BestDonorCellId=0 BestDonorDistanceM=-1 XhaulConnected=0 XhaulChannelVariationDb=0 XhaulState=UNREACHABLE DonorUnavailableActive=1 SatBackhaulHealthy=1 UavSwitchingXappAvailable=1 UavSwitchingXappState=ACTIVE BackhaulMode=SATELLITE_FALLBACK RicControlState=NEAR_RT_RIC_SWITCHING_TO_SATELLITE_BACKHAUL ActiveUavRic=TN_NEAR_RT_RIC NormalUeHandoverAllowed=1 UavMode=NEAR_RT_RIC_EMERGENCY_SWITCHING_WITH_SATELLITE_BACKHAUL
---- LOAD at t=54.5 ----
  cell 1 (TN) load=18/20
  cell 2 (TN) load=16/20
  cell 3 (TN) load=20/20
  cell 4 (TN) load=19/20
  cell 5 (NTN) load=10/10
  cell 6 (NTN) load=8/10
  cell 7 (NTN) load=9/10
UE 9 TTT_WAIT target=2 elapsed=0s need=2s
UE 11 TTT_WAIT target=7 elapsed=0s need=2s
LM HO_FAIL_LOW_RSRP UE=12 currCell=2 candCell=1 candRsrp=-128.309 < min=-120
UE 16 TTT_WAIT target=2 elapsed=0s need=2s
LM HO UE=18 rnti=183 3->1 type=TN servingRsrp=-91.4023 targetRsrp=-84.3285 targetLoadReal=18/20 targetLoadEff=18/20
UE 19 TTT_WAIT target=1 elapsed=0s need=2s
UE 20 TTT_WAIT target=2 elapsed=0s need=2s
UE 22 TTT_WAIT target=6 elapsed=0s need=2s
LM HO UE=25 rnti=167 4->1 type=TN servingRsrp=-121.119 targetRsrp=-107.097 targetLoadReal=18/20 targetLoadEff=19/20
UE 26 TTT_WAIT target=4 elapsed=0s need=2s
LM HO_FAIL_LOW_RSRP UE=27 currCell=4 candCell=6 candRsrp=-134.905 < min=-120
UE 28 TTT_WAIT target=6 elapsed=0s need=2s
UE 30 TTT_WAIT target=7 elapsed=0s need=2s
LM HO UE=34 rnti=184 3->2 type=TN servingRsrp=-142.531 targetRsrp=-105.57 targetLoadReal=16/20 targetLoadEff=16/20
UE 35 TTT_WAIT target=6 elapsed=0s need=2s
LM HO_FAIL_LOW_RSRP UE=36 currCell=4 candCell=6 candRsrp=-126.797 < min=-120
LM HO_FAIL_LOW_RSRP UE=37 currCell=4 candCell=6 candRsrp=-129.467 < min=-120
UE 38 TTT_WAIT target=6 elapsed=0s need=2s
LM HO UE=40 rnti=94 6->4 type=TN servingRsrp=-123.376 targetRsrp=-87.6192 targetLoadReal=19/20 targetLoadEff=19/20
LM HO UE=42 rnti=178 3->2 type=TN servingRsrp=-114.266 targetRsrp=-94.0507 targetLoadReal=16/20 targetLoadEff=17/20
UE 44 TTT_WAIT target=7 elapsed=0s need=2s
LM HO_FAIL_LOW_RSRP UE=50 currCell=3 candCell=6 candRsrp=-120.703 < min=-120
UE 51 TTT_WAIT target=6 elapsed=0s need=2s
UE 54 TTT_WAIT target=2 elapsed=0s need=2s
UE 55 TTT_WAIT target=7 elapsed=0s need=2s
UE 57 TTT_WAIT target=7 elapsed=0s need=2s
LM HO UE=58 rnti=172 1->2 type=TN servingRsrp=-124.129 targetRsrp=-89.0452 targetLoadReal=16/20 targetLoadEff=18/20
UE 59 TTT_WAIT target=7 elapsed=0s need=2s
LM HO_FAIL_LOW_RSRP UE=62 currCell=2 candCell=7 candRsrp=-128.807 < min=-120
UE 64 TTT_WAIT target=6 elapsed=0s need=2s
LM HO UE=65 rnti=173 1->2 type=TN servingRsrp=-128.268 targetRsrp=-94.5606 targetLoadReal=16/20 targetLoadEff=19/20
UE 66 TTT_WAIT target=7 elapsed=0s need=2s
UE 68 TTT_WAIT target=7 elapsed=0s need=2s
UE 69 TTT_WAIT target=6 elapsed=0s need=2s
UE 74 TTT_WAIT target=6 elapsed=0s need=2s
UE 75 TTT_WAIT target=6 elapsed=0s need=2s
UE 77 TTT_WAIT target=6 elapsed=0s need=2s
UE 79 TTT_WAIT target=6 elapsed=0s need=2s
LM HO_FAIL_LOW_RSRP UE=81 currCell=1 candCell=6 candRsrp=-143.414 < min=-120
UE 82 TTT_WAIT target=6 elapsed=0s need=2s
UE 83 TTT_WAIT target=7 elapsed=0s need=2s
UE 84 TTT_WAIT target=7 elapsed=0s need=2s
UE 89 TTT_WAIT target=7 elapsed=0s need=2s
LM HO_FAIL_LOW_RSRP UE=92 currCell=2 candCell=7 candRsrp=-122.075 < min=-120
LM HO_FAIL_LOW_RSRP UE=93 currCell=4 candCell=6 candRsrp=-125.838 < min=-120
LM HO_FAIL_LOW_RSRP UE=94 currCell=2 candCell=7 candRsrp=-136.645 < min=-120
UE 96 TTT_WAIT target=7 elapsed=0s need=2s
UE 101 TTT_WAIT target=7 elapsed=0s need=2s
UE 102 TTT_WAIT target=6 elapsed=0s need=2s
UE 103 TTT_WAIT target=6 elapsed=0s need=2s
UE 104 TTT_WAIT target=7 elapsed=0s need=2s
UE 105 TTT_WAIT target=6 elapsed=0s need=2s
LM HO_FAIL_LOW_RSRP UE=106 currCell=2 candCell=7 candRsrp=-129.162 < min=-120
TRACE HO_SUCCESS Time=54.6151 IMSI=17 TargetCell=1 Type=TN TargetRSRP=-105.686 ServingRSRP=-83.7251 BackhaulDlSnr=-999 BackhaulUlSnr=-999
TRACE HO_SUCCESS Time=54.6151 IMSI=24 TargetCell=1 Type=TN TargetRSRP=-131.064 ServingRSRP=-85.542 BackhaulDlSnr=-999 BackhaulUlSnr=-999
TRACE HO_SUCCESS Time=54.6151 IMSI=64 TargetCell=2 Type=TN TargetRSRP=-115.777 ServingRSRP=-118.461 BackhaulDlSnr=-999 BackhaulUlSnr=-999
TRACE HO_SUCCESS Time=54.6151 IMSI=57 TargetCell=2 Type=TN TargetRSRP=-123.121 ServingRSRP=-118.972 BackhaulDlSnr=-999 BackhaulUlSnr=-999
TRACE HO_SUCCESS Time=54.6151 IMSI=41 TargetCell=2 Type=TN TargetRSRP=-128.729 ServingRSRP=-90.0379 BackhaulDlSnr=-999 BackhaulUlSnr=-999
TRACE HO_SUCCESS Time=54.6151 IMSI=33 TargetCell=2 Type=TN TargetRSRP=-133.856 ServingRSRP=-112.798 BackhaulDlSnr=-999 BackhaulUlSnr=-999
TRACE HO_SUCCESS Time=54.6151 IMSI=39 TargetCell=4 Type=TN TargetRSRP=-116.148 ServingRSRP=-92.4344 BackhaulDlSnr=-999 BackhaulUlSnr=-999
UAV_AUTONOMY_XAPP Time=56.5 DeploymentMode=tn-uav-satellite UavIndex=0 UavCellId=5 BestDonorCellId=0 BestDonorDistanceM=-1 XhaulConnected=0 XhaulChannelVariationDb=0 XhaulState=UNREACHABLE DonorUnavailableActive=1 SatBackhaulHealthy=1 UavSwitchingXappAvailable=1 UavSwitchingXappState=ACTIVE BackhaulMode=SATELLITE_FALLBACK RicControlState=NEAR_RT_RIC_SWITCHING_TO_SATELLITE_BACKHAUL ActiveUavRic=TN_NEAR_RT_RIC NormalUeHandoverAllowed=1 UavMode=NEAR_RT_RIC_EMERGENCY_SWITCHING_WITH_SATELLITE_BACKHAUL
UAV_AUTONOMY_XAPP Time=56.5 DeploymentMode=tn-uav-satellite UavIndex=1 UavCellId=6 BestDonorCellId=0 BestDonorDistanceM=-1 XhaulConnected=0 XhaulChannelVariationDb=0 XhaulState=UNREACHABLE DonorUnavailableActive=1 SatBackhaulHealthy=1 UavSwitchingXappAvailable=1 UavSwitchingXappState=ACTIVE BackhaulMode=SATELLITE_FALLBACK RicControlState=NEAR_RT_RIC_SWITCHING_TO_SATELLITE_BACKHAUL ActiveUavRic=TN_NEAR_RT_RIC NormalUeHandoverAllowed=1 UavMode=NEAR_RT_RIC_EMERGENCY_SWITCHING_WITH_SATELLITE_BACKHAUL
UAV_AUTONOMY_XAPP Time=56.5 DeploymentMode=tn-uav-satellite UavIndex=2 UavCellId=7 BestDonorCellId=0 BestDonorDistanceM=-1 XhaulConnected=0 XhaulChannelVariationDb=0 XhaulState=UNREACHABLE DonorUnavailableActive=1 SatBackhaulHealthy=1 UavSwitchingXappAvailable=1 UavSwitchingXappState=ACTIVE BackhaulMode=SATELLITE_FALLBACK RicControlState=NEAR_RT_RIC_SWITCHING_TO_SATELLITE_BACKHAUL ActiveUavRic=TN_NEAR_RT_RIC NormalUeHandoverAllowed=1 UavMode=NEAR_RT_RIC_EMERGENCY_SWITCHING_WITH_SATELLITE_BACKHAUL
---- LOAD at t=56.5 ----
  cell 1 (TN) load=18/20
  cell 2 (TN) load=20/20
  cell 3 (TN) load=17/20
  cell 4 (TN) load=19/20
  cell 5 (NTN) load=10/10
  cell 6 (NTN) load=7/10
  cell 7 (NTN) load=9/10
LM HO_FAIL_LOW_RSRP UE=8 currCell=1 candCell=7 candRsrp=-125.115 < min=-120
UE 9 TTT_WAIT target=1 elapsed=0s need=2s
UE 11 TTT_WAIT target=6 elapsed=0s need=2s
LM HO_FAIL_LOW_RSRP UE=12 currCell=2 candCell=7 candRsrp=-126.487 < min=-120
LM HO_FAIL_LOW_RSRP UE=19 currCell=5 candCell=7 candRsrp=-121.257 < min=-120
UE 20 TTT_WAIT target=6 elapsed=0s need=2s
LM HO_FAIL_LOW_RSRP UE=22 currCell=4 candCell=7 candRsrp=-126.279 < min=-120
UE 23 TTT_WAIT target=3 elapsed=0s need=2s
UE 24 TTT_WAIT target=3 elapsed=0s need=2s
UE 25 TTT_WAIT target=4 elapsed=0s need=2s
LM HO_FAIL_LOW_RSRP UE=26 currCell=3 candCell=1 candRsrp=-120.157 < min=-120
UE 27 TTT_WAIT target=6 elapsed=0s need=2s
LM HO UE=28 rnti=83 5->6 type=NTN servingRsrp=-141.076 targetRsrp=-114.975 targetLoadReal=7/10 targetLoadEff=7/10
UE 29 TTT_WAIT target=1 elapsed=0s need=2s
UE 32 TTT_WAIT target=7 elapsed=0s need=2s
UE 33 TTT_WAIT target=1 elapsed=0s need=2s
UE 34 TTT_WAIT target=3 elapsed=0s need=2s
UE 36 TTT_WAIT target=6 elapsed=0s need=2s
UE 37 TTT_WAIT target=6 elapsed=0s need=2s
UE 38 TTT_WAIT target=3 elapsed=0s need=2s
UE 40 TTT_WAIT target=1 elapsed=0s need=2s
UE 41 TTT_WAIT target=3 elapsed=0s need=2s
UE 42 TTT_WAIT target=1 elapsed=0s need=2s
LM HO_FAIL_LOW_RSRP UE=50 currCell=3 candCell=7 candRsrp=-135.335 < min=-120
UE 52 TTT_WAIT target=3 elapsed=0s need=2s
LM HO_FAIL_LOW_RSRP UE=56 currCell=1 candCell=6 candRsrp=-131.39 < min=-120
UE 57 TTT_WAIT target=3 elapsed=0s need=2s
UE 58 TTT_WAIT target=3 elapsed=0s need=2s
LM HO_FAIL_LOW_RSRP UE=59 currCell=2 candCell=7 candRsrp=-133.372 < min=-120
UE 60 TTT_WAIT target=1 elapsed=0s need=2s
UE 61 TTT_WAIT target=4 elapsed=0s need=2s
UE 62 TTT_WAIT target=3 elapsed=0s need=2s
UE 63 TTT_WAIT target=1 elapsed=0s need=2s
UE 65 TTT_WAIT target=4 elapsed=0s need=2s
LM HO UE=66 rnti=89 5->7 type=NTN servingRsrp=-117.291 targetRsrp=-109.429 targetLoadReal=9/10 targetLoadEff=9/10
LM HO_FAIL_LOW_RSRP UE=67 currCell=3 candCell=6 candRsrp=-128.491 < min=-120
UE 68 TTT_WAIT target=1 elapsed=0s need=2s
UE 72 TTT_WAIT target=3 elapsed=0s need=2s
LM HO_FAIL_LOW_RSRP UE=74 currCell=3 candCell=6 candRsrp=-127.971 < min=-120
LM HO_FAIL_LOW_RSRP UE=75 currCell=3 candCell=6 candRsrp=-142.744 < min=-120
LM HO_FAIL_LOW_RSRP UE=76 currCell=1 candCell=6 candRsrp=-139.247 < min=-120
LM HO UE=77 rnti=140 4->6 type=NTN servingRsrp=-113.261 targetRsrp=-118.708 targetLoadReal=7/10 targetLoadEff=8/10
UE 80 TTT_WAIT target=3 elapsed=0s need=2s
UE 81 TTT_WAIT target=4 elapsed=0s need=2s
UE 82 TTT_WAIT target=1 elapsed=0s need=2s
UE 83 TTT_WAIT target=1 elapsed=0s need=2s
UE 85 TTT_WAIT target=4 elapsed=0s need=2s
UE 86 TTT_WAIT target=4 elapsed=0s need=2s
LM HO_FAIL_LOW_RSRP UE=89 currCell=4 candCell=6 candRsrp=-126.997 < min=-120
UE 90 TTT_WAIT target=4 elapsed=0s need=2s
UE 92 TTT_WAIT target=1 elapsed=0s need=2s
UE 93 TTT_WAIT target=6 elapsed=0s need=2s
UE 94 TTT_WAIT target=3 elapsed=0s need=2s
UE 95 TTT_WAIT target=6 elapsed=0s need=2s
UE 96 TTT_WAIT target=3 elapsed=0s need=2s
UE 97 TTT_WAIT target=4 elapsed=0s need=2s
UE 98 TTT_WAIT target=1 elapsed=0s need=2s
UE 99 TTT_WAIT target=1 elapsed=0s need=2s
UE 103 TTT_WAIT target=4 elapsed=0s need=2s
UE 104 TTT_WAIT target=1 elapsed=0s need=2s
UE 105 TTT_WAIT target=4 elapsed=0s need=2s
UE 106 TTT_WAIT target=3 elapsed=0s need=2s
UE 107 TTT_WAIT target=4 elapsed=0s need=2s
TRACE HO_SUCCESS Time=56.6151 IMSI=76 TargetCell=6 Type=NTN TargetRSRP=-125.789 ServingRSRP=-118.92 BackhaulDlSnr=13.3727 BackhaulUlSnr=8.85213
TRACE HO_SUCCESS Time=56.6151 IMSI=27 TargetCell=6 Type=NTN TargetRSRP=-124.303 ServingRSRP=-110.406 BackhaulDlSnr=13.3727 BackhaulUlSnr=8.85213
TRACE HO_SUCCESS Time=56.6151 IMSI=65 TargetCell=7 Type=NTN TargetRSRP=-130.22 ServingRSRP=-112.981 BackhaulDlSnr=13.4174 BackhaulUlSnr=8.89685
UAV_AUTONOMY_XAPP Time=58.5 DeploymentMode=tn-uav-satellite UavIndex=0 UavCellId=5 BestDonorCellId=0 BestDonorDistanceM=-1 XhaulConnected=0 XhaulChannelVariationDb=0 XhaulState=UNREACHABLE DonorUnavailableActive=1 SatBackhaulHealthy=1 UavSwitchingXappAvailable=1 UavSwitchingXappState=ACTIVE BackhaulMode=SATELLITE_FALLBACK RicControlState=NEAR_RT_RIC_SWITCHING_TO_SATELLITE_BACKHAUL ActiveUavRic=TN_NEAR_RT_RIC NormalUeHandoverAllowed=1 UavMode=NEAR_RT_RIC_EMERGENCY_SWITCHING_WITH_SATELLITE_BACKHAUL
UAV_AUTONOMY_XAPP Time=58.5 DeploymentMode=tn-uav-satellite UavIndex=1 UavCellId=6 BestDonorCellId=0 BestDonorDistanceM=-1 XhaulConnected=0 XhaulChannelVariationDb=0 XhaulState=UNREACHABLE DonorUnavailableActive=1 SatBackhaulHealthy=1 UavSwitchingXappAvailable=1 UavSwitchingXappState=ACTIVE BackhaulMode=SATELLITE_FALLBACK RicControlState=NEAR_RT_RIC_SWITCHING_TO_SATELLITE_BACKHAUL ActiveUavRic=TN_NEAR_RT_RIC NormalUeHandoverAllowed=1 UavMode=NEAR_RT_RIC_EMERGENCY_SWITCHING_WITH_SATELLITE_BACKHAUL
UAV_AUTONOMY_XAPP Time=58.5 DeploymentMode=tn-uav-satellite UavIndex=2 UavCellId=7 BestDonorCellId=0 BestDonorDistanceM=-1 XhaulConnected=0 XhaulChannelVariationDb=0 XhaulState=UNREACHABLE DonorUnavailableActive=1 SatBackhaulHealthy=1 UavSwitchingXappAvailable=1 UavSwitchingXappState=ACTIVE BackhaulMode=SATELLITE_FALLBACK RicControlState=NEAR_RT_RIC_SWITCHING_TO_SATELLITE_BACKHAUL ActiveUavRic=TN_NEAR_RT_RIC NormalUeHandoverAllowed=1 UavMode=NEAR_RT_RIC_EMERGENCY_SWITCHING_WITH_SATELLITE_BACKHAUL
---- LOAD at t=58.5 ----
  cell 1 (TN) load=18/20
  cell 2 (TN) load=20/20
  cell 3 (TN) load=17/20
  cell 4 (TN) load=18/20
  cell 5 (NTN) load=8/10
  cell 6 (NTN) load=9/10
  cell 7 (NTN) load=10/10
UE 8 TTT_WAIT target=4 elapsed=0s need=2s
LM HO UE=9 rnti=196 3->1 type=TN servingRsrp=-127.093 targetRsrp=-112.244 targetLoadReal=18/20 targetLoadEff=18/20
LM HO UE=11 rnti=110 2->6 type=NTN servingRsrp=-117.71 targetRsrp=-83.4787 targetLoadReal=9/10 targetLoadEff=9/10
UE 12 TTT_WAIT target=3 elapsed=0s need=2s
UE 13 TTT_WAIT target=4 elapsed=0s need=2s
UE 17 TTT_WAIT target=1 elapsed=0s need=2s
UE 18 TTT_WAIT target=3 elapsed=0s need=2s
UE 19 TTT_WAIT target=1 elapsed=0s need=2s
UE 20 TTT_WAIT target=5 elapsed=0s need=2s
UE 21 TTT_WAIT target=5 elapsed=0s need=2s
UE 24 TTT_WAIT target=4 elapsed=0s need=2s
LM HO UE=25 rnti=190 1->4 type=TN servingRsrp=-136.833 targetRsrp=-116.634 targetLoadReal=18/20 targetLoadEff=18/20
UE 26 TTT_WAIT target=4 elapsed=0s need=2s
UE 27 TTT_WAIT target=1 elapsed=0s need=2s
UE 28 TTT_WAIT target=3 elapsed=0s need=2s
LM HO UE=29 rnti=190 3->1 type=TN servingRsrp=-116.668 targetRsrp=-109.816 targetLoadReal=18/20 targetLoadEff=19/20
UE 33 TTT_WAIT target=3 elapsed=0s need=2s
UE 34 TTT_WAIT target=4 elapsed=0s need=2s
LM HO_FAIL_LOW_RSRP UE=37 currCell=4 candCell=5 candRsrp=-138.707 < min=-120
UE 39 TTT_WAIT target=4 elapsed=0s need=2s
LM HO_FAIL_LOW_RSRP UE=41 currCell=2 candCell=5 candRsrp=-149.195 < min=-120
UE 42 TTT_WAIT target=4 elapsed=0s need=2s
LM HO_FAIL_LOW_RSRP UE=45 currCell=3 candCell=5 candRsrp=-129.665 < min=-120
LM HO_FAIL_LOW_RSRP UE=50 currCell=3 candCell=5 candRsrp=-140.995 < min=-120
LM HO_FAIL_LOW_RSRP UE=51 currCell=1 candCell=3 candRsrp=-124.859 < min=-120
UE 52 TTT_WAIT target=5 elapsed=0s need=2s
UE 53 TTT_WAIT target=3 elapsed=0s need=2s
UE 54 TTT_WAIT target=4 elapsed=0s need=2s
UE 55 TTT_WAIT target=4 elapsed=0s need=2s
LM HO_FAIL_LOW_RSRP UE=57 currCell=1 candCell=5 candRsrp=-128.699 < min=-120
UE 58 TTT_WAIT target=4 elapsed=0s need=2s
UE 59 TTT_WAIT target=5 elapsed=0s need=2s
UE 63 TTT_WAIT target=3 elapsed=0s need=2s
UE 64 TTT_WAIT target=4 elapsed=0s need=2s
UE 66 TTT_WAIT target=5 elapsed=0s need=2s
LM HO_FAIL_LOW_RSRP UE=67 currCell=3 candCell=5 candRsrp=-135.066 < min=-120
LM HO_FAIL_LOW_RSRP UE=68 currCell=3 candCell=5 candRsrp=-136.922 < min=-120
LM HO_FAIL_LOW_RSRP UE=69 currCell=4 candCell=5 candRsrp=-140.533 < min=-120
UE 71 TTT_WAIT target=3 elapsed=0s need=2s
LM HO UE=72 rnti=176 1->3 type=TN servingRsrp=-123.228 targetRsrp=-116.651 targetLoadReal=17/20 targetLoadEff=17/20
UE 75 TTT_WAIT target=5 elapsed=0s need=2s
UE 76 TTT_WAIT target=5 elapsed=0s need=2s
LM HO_FAIL_LOW_RSRP UE=80 currCell=1 candCell=5 candRsrp=-135.144 < min=-120
UE 81 TTT_WAIT target=3 elapsed=0s need=2s
LM HO_FAIL_LOW_RSRP UE=83 currCell=3 candCell=4 candRsrp=-120.695 < min=-120
UE 84 TTT_WAIT target=3 elapsed=0s need=2s
LM HO UE=85 rnti=86 6->4 type=TN servingRsrp=-118.748 targetRsrp=-76.3216 targetLoadReal=18/20 targetLoadEff=19/20
LM HO_FAIL_LOW_RSRP UE=86 currCell=3 candCell=5 candRsrp=-134.743 < min=-120
LM HO_FAIL_LOW_RSRP UE=89 currCell=4 candCell=5 candRsrp=-146.076 < min=-120
LM HO_FAIL_LOW_RSRP UE=94 currCell=2 candCell=5 candRsrp=-127.326 < min=-120
LM HO_FAIL_LOW_RSRP UE=96 currCell=2 candCell=5 candRsrp=-141.701 < min=-120
UE 97 TTT_WAIT target=5 elapsed=0s need=2s
UE 103 TTT_WAIT target=3 elapsed=0s need=2s
UE 104 TTT_WAIT target=3 elapsed=0s need=2s
LM HO_FAIL_LOW_RSRP UE=105 currCell=3 candCell=5 candRsrp=-139.417 < min=-120
LM HO UE=106 rnti=73 2->3 type=TN servingRsrp=-127.971 targetRsrp=-86.2001 targetLoadReal=17/20 targetLoadEff=18/20
TRACE HO_SUCCESS Time=58.6151 IMSI=28 TargetCell=1 Type=TN TargetRSRP=-110.577 ServingRSRP=-105.458 BackhaulDlSnr=-999 BackhaulUlSnr=-999
TRACE HO_SUCCESS Time=58.6151 IMSI=8 TargetCell=1 Type=TN TargetRSRP=-126.319 ServingRSRP=-87.022 BackhaulDlSnr=-999 BackhaulUlSnr=-999
TRACE HO_SUCCESS Time=58.6151 IMSI=71 TargetCell=3 Type=TN TargetRSRP=-129.607 ServingRSRP=-121.726 BackhaulDlSnr=-999 BackhaulUlSnr=-999
TRACE HO_SUCCESS Time=58.6151 IMSI=105 TargetCell=3 Type=TN TargetRSRP=-86.4983 ServingRSRP=-101.711 BackhaulDlSnr=-999 BackhaulUlSnr=-999
TRACE HO_SUCCESS Time=58.6151 IMSI=24 TargetCell=4 Type=TN TargetRSRP=-116.838 ServingRSRP=-94.3229 BackhaulDlSnr=-999 BackhaulUlSnr=-999
TRACE HO_SUCCESS Time=58.6151 IMSI=84 TargetCell=4 Type=TN TargetRSRP=-110.399 ServingRSRP=-90.9549 BackhaulDlSnr=-999 BackhaulUlSnr=-999
TRACE HO_SUCCESS Time=58.6151 IMSI=10 TargetCell=6 Type=NTN TargetRSRP=-122.62 ServingRSRP=-124.065 BackhaulDlSnr=12.3096 BackhaulUlSnr=7.78904
UAV_AUTONOMY_XAPP Time=60.5 DeploymentMode=tn-uav-satellite UavIndex=0 UavCellId=5 BestDonorCellId=0 BestDonorDistanceM=-1 XhaulConnected=0 XhaulChannelVariationDb=0 XhaulState=UNREACHABLE DonorUnavailableActive=1 SatBackhaulHealthy=1 UavSwitchingXappAvailable=1 UavSwitchingXappState=ACTIVE BackhaulMode=SATELLITE_FALLBACK RicControlState=NEAR_RT_RIC_SWITCHING_TO_SATELLITE_BACKHAUL ActiveUavRic=TN_NEAR_RT_RIC NormalUeHandoverAllowed=1 UavMode=NEAR_RT_RIC_EMERGENCY_SWITCHING_WITH_SATELLITE_BACKHAUL
UAV_AUTONOMY_XAPP Time=60.5 DeploymentMode=tn-uav-satellite UavIndex=1 UavCellId=6 BestDonorCellId=0 BestDonorDistanceM=-1 XhaulConnected=0 XhaulChannelVariationDb=0 XhaulState=UNREACHABLE DonorUnavailableActive=1 SatBackhaulHealthy=1 UavSwitchingXappAvailable=1 UavSwitchingXappState=ACTIVE BackhaulMode=SATELLITE_FALLBACK RicControlState=NEAR_RT_RIC_SWITCHING_TO_SATELLITE_BACKHAUL ActiveUavRic=TN_NEAR_RT_RIC NormalUeHandoverAllowed=1 UavMode=NEAR_RT_RIC_EMERGENCY_SWITCHING_WITH_SATELLITE_BACKHAUL
UAV_AUTONOMY_XAPP Time=60.5 DeploymentMode=tn-uav-satellite UavIndex=2 UavCellId=7 BestDonorCellId=0 BestDonorDistanceM=-1 XhaulConnected=0 XhaulChannelVariationDb=0 XhaulState=UNREACHABLE DonorUnavailableActive=1 SatBackhaulHealthy=1 UavSwitchingXappAvailable=1 UavSwitchingXappState=ACTIVE BackhaulMode=SATELLITE_FALLBACK RicControlState=NEAR_RT_RIC_SWITCHING_TO_SATELLITE_BACKHAUL ActiveUavRic=TN_NEAR_RT_RIC NormalUeHandoverAllowed=1 UavMode=NEAR_RT_RIC_EMERGENCY_SWITCHING_WITH_SATELLITE_BACKHAUL
---- LOAD at t=60.5 ----
  cell 1 (TN) load=18/20
  cell 2 (TN) load=18/20
  cell 3 (TN) load=17/20
  cell 4 (TN) load=20/20
  cell 5 (NTN) load=8/10
  cell 6 (NTN) load=9/10
  cell 7 (NTN) load=10/10
UE 8 TTT_WAIT target=3 elapsed=0s need=2s
UE 9 TTT_WAIT target=5 elapsed=0s need=2s
UE 13 TTT_WAIT target=2 elapsed=0s need=2s
UE 15 TTT_WAIT target=5 elapsed=0s need=2s
UE 17 TTT_WAIT target=2 elapsed=0s need=2s
LM HO UE=19 rnti=73 5->1 type=TN servingRsrp=-130.099 targetRsrp=-96.2554 targetLoadReal=18/20 targetLoadEff=18/20
LM HO_FAIL_LOW_RSRP UE=20 currCell=1 candCell=5 candRsrp=-125.801 < min=-120
UE 21 TTT_WAIT target=6 elapsed=0s need=2s
UE 22 TTT_WAIT target=1 elapsed=0s need=2s
UE 23 TTT_WAIT target=1 elapsed=0s need=2s
UE 25 TTT_WAIT target=1 elapsed=0s need=2s
UE 26 TTT_WAIT target=5 elapsed=0s need=2s
UE 27 TTT_WAIT target=5 elapsed=0s need=2s
LM HO UE=28 rnti=95 6->3 type=TN servingRsrp=-136.189 targetRsrp=-100.237 targetLoadReal=17/20 targetLoadEff=17/20
UE 29 TTT_WAIT target=2 elapsed=0s need=2s
UE 31 TTT_WAIT target=1 elapsed=0s need=2s
LM HO_FAIL_LOW_RSRP UE=34 currCell=2 candCell=3 candRsrp=-128.727 < min=-120
UE 37 TTT_WAIT target=2 elapsed=0s need=2s
UE 39 TTT_WAIT target=2 elapsed=0s need=2s
UE 40 TTT_WAIT target=1 elapsed=0s need=2s
UE 42 TTT_WAIT target=3 elapsed=0s need=2s
LM HO_FAIL_LOW_RSRP UE=44 currCell=2 candCell=6 candRsrp=-122.46 < min=-120
UE 46 TTT_WAIT target=2 elapsed=0s need=2s
LM HO_FAIL_LOW_RSRP UE=51 currCell=1 candCell=3 candRsrp=-122.108 < min=-120
UE 52 TTT_WAIT target=3 elapsed=0s need=2s
LM HO UE=53 rnti=73 7->3 type=TN servingRsrp=-133.056 targetRsrp=-82.5473 targetLoadReal=17/20 targetLoadEff=18/20
UE 54 TTT_WAIT target=3 elapsed=0s need=2s
UE 55 TTT_WAIT target=1 elapsed=0s need=2s
UE 57 TTT_WAIT target=3 elapsed=0s need=2s
UE 58 TTT_WAIT target=5 elapsed=0s need=2s
UE 60 TTT_WAIT target=1 elapsed=0s need=2s
UE 62 TTT_WAIT target=1 elapsed=0s need=2s
LM HO UE=63 rnti=76 7->3 type=TN servingRsrp=-137.78 targetRsrp=-90.8152 targetLoadReal=17/20 targetLoadEff=19/20
UE 66 TTT_WAIT target=2 elapsed=0s need=2s
UE 67 TTT_WAIT target=1 elapsed=0s need=2s
UE 68 TTT_WAIT target=1 elapsed=0s need=2s
UE 69 TTT_WAIT target=1 elapsed=0s need=2s
LM HO_FAIL_LOW_RSRP UE=72 currCell=3 candCell=5 candRsrp=-123.526 < min=-120
LM HO_FAIL_LOW_RSRP UE=76 currCell=1 candCell=5 candRsrp=-137.745 < min=-120
UE 80 TTT_WAIT target=2 elapsed=0s need=2s
UE 81 TTT_WAIT target=2 elapsed=0s need=2s
UE 83 TTT_WAIT target=1 elapsed=0s need=2s
UE 85 TTT_WAIT target=2 elapsed=0s need=2s
UE 86 TTT_WAIT target=2 elapsed=0s need=2s
UE 89 TTT_WAIT target=1 elapsed=0s need=2s
LM HO_FAIL_LOW_RSRP UE=94 currCell=2 candCell=5 candRsrp=-126.231 < min=-120
UE 98 TTT_WAIT target=2 elapsed=0s need=2s
UE 99 TTT_WAIT target=1 elapsed=0s need=2s
LM HO_FAIL_LOW_RSRP UE=102 currCell=3 candCell=6 candRsrp=-131.706 < min=-120
UE 104 TTT_WAIT target=1 elapsed=0s need=2s
LM HO_FAIL_LOW_RSRP UE=105 currCell=3 candCell=2 candRsrp=-130.159 < min=-120
UE 106 TTT_WAIT target=1 elapsed=0s need=2s
TRACE HO_SUCCESS Time=60.6151 IMSI=18 TargetCell=1 Type=TN TargetRSRP=-91.0588 ServingRSRP=-130.114 BackhaulDlSnr=-999 BackhaulUlSnr=-999
TRACE HO_SUCCESS Time=60.6151 IMSI=27 TargetCell=3 Type=TN TargetRSRP=-136.561 ServingRSRP=-98.807 BackhaulDlSnr=-999 BackhaulUlSnr=-999
TRACE HO_SUCCESS Time=60.6151 IMSI=62 TargetCell=3 Type=TN TargetRSRP=-93.5003 ServingRSRP=-92.1264 BackhaulDlSnr=-999 BackhaulUlSnr=-999
TRACE HO_SUCCESS Time=60.6151 IMSI=52 TargetCell=3 Type=TN TargetRSRP=-113.921 ServingRSRP=-92.2873 BackhaulDlSnr=-999 BackhaulUlSnr=-999
UAV_AUTONOMY_XAPP Time=62.5 DeploymentMode=tn-uav-satellite UavIndex=0 UavCellId=5 BestDonorCellId=0 BestDonorDistanceM=-1 XhaulConnected=0 XhaulChannelVariationDb=0 XhaulState=UNREACHABLE DonorUnavailableActive=1 SatBackhaulHealthy=1 UavSwitchingXappAvailable=1 UavSwitchingXappState=ACTIVE BackhaulMode=SATELLITE_FALLBACK RicControlState=NEAR_RT_RIC_SWITCHING_TO_SATELLITE_BACKHAUL ActiveUavRic=TN_NEAR_RT_RIC NormalUeHandoverAllowed=1 UavMode=NEAR_RT_RIC_EMERGENCY_SWITCHING_WITH_SATELLITE_BACKHAUL
UAV_AUTONOMY_XAPP Time=62.5 DeploymentMode=tn-uav-satellite UavIndex=1 UavCellId=6 BestDonorCellId=0 BestDonorDistanceM=-1 XhaulConnected=0 XhaulChannelVariationDb=0 XhaulState=UNREACHABLE DonorUnavailableActive=1 SatBackhaulHealthy=1 UavSwitchingXappAvailable=1 UavSwitchingXappState=ACTIVE BackhaulMode=SATELLITE_FALLBACK RicControlState=NEAR_RT_RIC_SWITCHING_TO_SATELLITE_BACKHAUL ActiveUavRic=TN_NEAR_RT_RIC NormalUeHandoverAllowed=1 UavMode=NEAR_RT_RIC_EMERGENCY_SWITCHING_WITH_SATELLITE_BACKHAUL
UAV_AUTONOMY_XAPP Time=62.5 DeploymentMode=tn-uav-satellite UavIndex=2 UavCellId=7 BestDonorCellId=0 BestDonorDistanceM=-1 XhaulConnected=0 XhaulChannelVariationDb=0 XhaulState=UNREACHABLE DonorUnavailableActive=1 SatBackhaulHealthy=1 UavSwitchingXappAvailable=1 UavSwitchingXappState=ACTIVE BackhaulMode=SATELLITE_FALLBACK RicControlState=NEAR_RT_RIC_SWITCHING_TO_SATELLITE_BACKHAUL ActiveUavRic=TN_NEAR_RT_RIC NormalUeHandoverAllowed=1 UavMode=NEAR_RT_RIC_EMERGENCY_SWITCHING_WITH_SATELLITE_BACKHAUL
---- LOAD at t=62.5 ----
  cell 1 (TN) load=19/20
  cell 2 (TN) load=18/20
  cell 3 (TN) load=20/20
  cell 4 (TN) load=20/20
  cell 5 (NTN) load=7/10
  cell 6 (NTN) load=8/10
  cell 7 (NTN) load=8/10
LM HO_FAIL_LOW_RSRP UE=8 currCell=1 candCell=7 candRsrp=-129.027 < min=-120
UE 9 TTT_WAIT target=6 elapsed=0s need=2s
UE 12 TTT_WAIT target=1 elapsed=0s need=2s
LM HO UE=13 rnti=50 1->2 type=TN servingRsrp=-97.7279 targetRsrp=-73.9629 targetLoadReal=18/20 targetLoadEff=18/20
UE 16 TTT_WAIT target=2 elapsed=0s need=2s
LM HO UE=17 rnti=93 6->2 type=TN servingRsrp=-117.516 targetRsrp=-86.3104 targetLoadReal=18/20 targetLoadEff=19/20
LM HO_FAIL_LOW_RSRP UE=20 currCell=1 candCell=5 candRsrp=-120.419 < min=-120
LM HO_FAIL_LOW_RSRP UE=24 currCell=1 candCell=5 candRsrp=-126.257 < min=-120
UE 25 TTT_WAIT target=7 elapsed=0s need=2s
UE 27 TTT_WAIT target=6 elapsed=0s need=2s
LM HO_FAIL_LOW_RSRP UE=28 currCell=3 candCell=1 candRsrp=-128.171 < min=-120
LM HO_FAIL_LOW_RSRP UE=36 currCell=4 candCell=6 candRsrp=-132.694 < min=-120
LM HO_FAIL_LOW_RSRP UE=37 currCell=4 candCell=1 candRsrp=-120.512 < min=-120
UE 38 TTT_WAIT target=7 elapsed=0s need=2s
LM HO_FAIL_LOW_RSRP UE=39 currCell=1 candCell=7 candRsrp=-123.861 < min=-120
LM HO_FAIL_LOW_RSRP UE=41 currCell=2 candCell=7 candRsrp=-128.322 < min=-120
UE 42 TTT_WAIT target=1 elapsed=0s need=2s
LM HO_FAIL_LOW_RSRP UE=44 currCell=2 candCell=1 candRsrp=-122.87 < min=-120
UE 45 TTT_WAIT target=1 elapsed=0s need=2s
LM HO_FAIL_LOW_RSRP UE=51 currCell=1 candCell=6 candRsrp=-122.266 < min=-120
UE 55 TTT_WAIT target=5 elapsed=0s need=2s
LM HO_FAIL_LOW_RSRP UE=57 currCell=1 candCell=5 candRsrp=-127.276 < min=-120
UE 59 TTT_WAIT target=1 elapsed=0s need=2s
LM HO_FAIL_LOW_RSRP UE=63 currCell=3 candCell=6 candRsrp=-123.908 < min=-120
UE 65 TTT_WAIT target=7 elapsed=0s need=2s
UE 66 TTT_WAIT target=5 elapsed=0s need=2s
UE 67 TTT_WAIT target=7 elapsed=0s need=2s
LM HO_FAIL_LOW_RSRP UE=68 currCell=3 candCell=1 candRsrp=-124.154 < min=-120
LM HO UE=69 rnti=164 4->1 type=TN servingRsrp=-105.759 targetRsrp=-99.5741 targetLoadReal=19/20 targetLoadEff=19/20
UE 74 TTT_WAIT target=5 elapsed=0s need=2s
UE 76 TTT_WAIT target=7 elapsed=0s need=2s
UE 79 TTT_WAIT target=7 elapsed=0s need=2s
UE 80 TTT_WAIT target=7 elapsed=0s need=2s
LM HO_FAIL_LOW_RSRP UE=83 currCell=3 candCell=7 candRsrp=-132.73 < min=-120
LM HO_FAIL_LOW_RSRP UE=85 currCell=4 candCell=7 candRsrp=-126.187 < min=-120
LM HO_FAIL_LOW_RSRP UE=86 currCell=3 candCell=6 candRsrp=-131.549 < min=-120
LM HO_FAIL_LOW_RSRP UE=89 currCell=4 candCell=6 candRsrp=-129.969 < min=-120
UE 94 TTT_WAIT target=5 elapsed=0s need=2s
UE 96 TTT_WAIT target=6 elapsed=0s need=2s
UE 100 TTT_WAIT target=5 elapsed=0s need=2s
UE 101 TTT_WAIT target=7 elapsed=0s need=2s
LM HO_FAIL_LOW_RSRP UE=102 currCell=3 candCell=5 candRsrp=-132.509 < min=-120
UE 103 TTT_WAIT target=7 elapsed=0s need=2s
UE 105 TTT_WAIT target=6 elapsed=0s need=2s
LM HO_FAIL_LOW_RSRP UE=106 currCell=3 candCell=6 candRsrp=-126.318 < min=-120
UE 107 TTT_WAIT target=5 elapsed=0s need=2s
TRACE HO_SUCCESS Time=62.6151 IMSI=68 TargetCell=1 Type=TN TargetRSRP=-105.813 ServingRSRP=-95.0553 BackhaulDlSnr=-999 BackhaulUlSnr=-999
TRACE HO_SUCCESS Time=62.6151 IMSI=12 TargetCell=2 Type=TN TargetRSRP=-108.868 ServingRSRP=-99.7665 BackhaulDlSnr=-999 BackhaulUlSnr=-999
TRACE HO_SUCCESS Time=62.6151 IMSI=16 TargetCell=2 Type=TN TargetRSRP=-124.596 ServingRSRP=-96.6125 BackhaulDlSnr=-999 BackhaulUlSnr=-999
UAV_AUTONOMY_XAPP Time=64.5 DeploymentMode=tn-uav-satellite UavIndex=0 UavCellId=5 BestDonorCellId=0 BestDonorDistanceM=-1 XhaulConnected=0 XhaulChannelVariationDb=0 XhaulState=UNREACHABLE DonorUnavailableActive=1 SatBackhaulHealthy=1 UavSwitchingXappAvailable=1 UavSwitchingXappState=ACTIVE BackhaulMode=SATELLITE_FALLBACK RicControlState=NEAR_RT_RIC_SWITCHING_TO_SATELLITE_BACKHAUL ActiveUavRic=TN_NEAR_RT_RIC NormalUeHandoverAllowed=1 UavMode=NEAR_RT_RIC_EMERGENCY_SWITCHING_WITH_SATELLITE_BACKHAUL
UAV_AUTONOMY_XAPP Time=64.5 DeploymentMode=tn-uav-satellite UavIndex=1 UavCellId=6 BestDonorCellId=0 BestDonorDistanceM=-1 XhaulConnected=0 XhaulChannelVariationDb=0 XhaulState=UNREACHABLE DonorUnavailableActive=1 SatBackhaulHealthy=1 UavSwitchingXappAvailable=1 UavSwitchingXappState=ACTIVE BackhaulMode=SATELLITE_FALLBACK RicControlState=NEAR_RT_RIC_SWITCHING_TO_SATELLITE_BACKHAUL ActiveUavRic=TN_NEAR_RT_RIC NormalUeHandoverAllowed=1 UavMode=NEAR_RT_RIC_EMERGENCY_SWITCHING_WITH_SATELLITE_BACKHAUL
UAV_AUTONOMY_XAPP Time=64.5 DeploymentMode=tn-uav-satellite UavIndex=2 UavCellId=7 BestDonorCellId=0 BestDonorDistanceM=-1 XhaulConnected=0 XhaulChannelVariationDb=0 XhaulState=UNREACHABLE DonorUnavailableActive=1 SatBackhaulHealthy=1 UavSwitchingXappAvailable=1 UavSwitchingXappState=ACTIVE BackhaulMode=SATELLITE_FALLBACK RicControlState=NEAR_RT_RIC_SWITCHING_TO_SATELLITE_BACKHAUL ActiveUavRic=TN_NEAR_RT_RIC NormalUeHandoverAllowed=1 UavMode=NEAR_RT_RIC_EMERGENCY_SWITCHING_WITH_SATELLITE_BACKHAUL
---- LOAD at t=64.5 ----
  cell 1 (TN) load=19/20
  cell 2 (TN) load=20/20
  cell 3 (TN) load=20/20
  cell 4 (TN) load=19/20
  cell 5 (NTN) load=7/10
  cell 6 (NTN) load=7/10
  cell 7 (NTN) load=8/10
UE 9 TTT_WAIT target=4 elapsed=0s need=2s
LM HO_FAIL_LOW_RSRP UE=12 currCell=2 candCell=1 candRsrp=-126.828 < min=-120
UE 17 TTT_WAIT target=6 elapsed=0s need=2s
UE 18 TTT_WAIT target=7 elapsed=0s need=2s
UE 19 TTT_WAIT target=5 elapsed=0s need=2s
UE 20 TTT_WAIT target=5 elapsed=0s need=2s
UE 25 TTT_WAIT target=1 elapsed=0s need=2s
LM HO_FAIL_LOW_RSRP UE=26 currCell=3 candCell=5 candRsrp=-135.055 < min=-120
UE 27 TTT_WAIT target=7 elapsed=0s need=2s
UE 29 TTT_WAIT target=7 elapsed=0s need=2s
UE 31 TTT_WAIT target=1 elapsed=0s need=2s
UE 32 TTT_WAIT target=6 elapsed=0s need=2s
UE 33 TTT_WAIT target=7 elapsed=0s need=2s
UE 34 TTT_WAIT target=4 elapsed=0s need=2s
LM HO_FAIL_LOW_RSRP UE=37 currCell=4 candCell=7 candRsrp=-120.441 < min=-120
UE 38 TTT_WAIT target=1 elapsed=0s need=2s
LM HO_FAIL_LOW_RSRP UE=39 currCell=1 candCell=7 candRsrp=-126.112 < min=-120
UE 41 TTT_WAIT target=1 elapsed=0s need=2s
UE 42 TTT_WAIT target=4 elapsed=0s need=2s
LM HO_FAIL_LOW_RSRP UE=44 currCell=2 candCell=7 candRsrp=-132.507 < min=-120
UE 46 TTT_WAIT target=4 elapsed=0s need=2s
UE 48 TTT_WAIT target=5 elapsed=0s need=2s
UE 50 TTT_WAIT target=1 elapsed=0s need=2s
UE 51 TTT_WAIT target=7 elapsed=0s need=2s
LM HO_FAIL_LOW_RSRP UE=54 currCell=7 candCell=5 candRsrp=-122.494 < min=-120
UE 55 TTT_WAIT target=7 elapsed=0s need=2s
UE 56 TTT_WAIT target=4 elapsed=0s need=2s
LM HO_FAIL_LOW_RSRP UE=57 currCell=1 candCell=7 candRsrp=-131.585 < min=-120
UE 58 TTT_WAIT target=1 elapsed=0s need=2s
UE 59 TTT_WAIT target=7 elapsed=0s need=2s
UE 60 TTT_WAIT target=7 elapsed=0s need=2s
UE 61 TTT_WAIT target=5 elapsed=0s need=2s
LM HO_FAIL_LOW_RSRP UE=63 currCell=3 candCell=1 candRsrp=-124.173 < min=-120
UE 64 TTT_WAIT target=4 elapsed=0s need=2s
UE 65 TTT_WAIT target=1 elapsed=0s need=2s
LM HO UE=66 rnti=79 7->5 type=NTN servingRsrp=-131.017 targetRsrp=-95.4672 targetLoadReal=7/10 targetLoadEff=7/10
UE 67 TTT_WAIT target=1 elapsed=0s need=2s
LM HO_FAIL_LOW_RSRP UE=68 currCell=3 candCell=7 candRsrp=-124.683 < min=-120
UE 69 TTT_WAIT target=4 elapsed=0s need=2s
UE 70 TTT_WAIT target=6 elapsed=0s need=2s
UE 72 TTT_WAIT target=1 elapsed=0s need=2s
LM HO UE=76 rnti=184 1->7 type=NTN servingRsrp=-112.923 targetRsrp=-106.858 targetLoadReal=8/10 targetLoadEff=8/10
UE 77 TTT_WAIT target=4 elapsed=0s need=2s
UE 79 TTT_WAIT target=6 elapsed=0s need=2s
UE 81 TTT_WAIT target=6 elapsed=0s need=2s
LM HO_FAIL_LOW_RSRP UE=83 currCell=3 candCell=7 candRsrp=-133.2 < min=-120
LM HO_FAIL_LOW_RSRP UE=86 currCell=3 candCell=4 candRsrp=-122.449 < min=-120
UE 89 TTT_WAIT target=1 elapsed=0s need=2s
UE 91 TTT_WAIT target=1 elapsed=0s need=2s
UE 92 TTT_WAIT target=1 elapsed=0s need=2s
UE 95 TTT_WAIT target=6 elapsed=0s need=2s
UE 97 TTT_WAIT target=1 elapsed=0s need=2s
UE 99 TTT_WAIT target=5 elapsed=0s need=2s
UE 101 TTT_WAIT target=1 elapsed=0s need=2s
UE 103 TTT_WAIT target=1 elapsed=0s need=2s
UE 104 TTT_WAIT target=1 elapsed=0s need=2s
LM HO UE=105 rnti=197 3->6 type=NTN servingRsrp=-112.444 targetRsrp=-82.8094 targetLoadReal=7/10 targetLoadEff=7/10
UE 106 TTT_WAIT target=6 elapsed=0s need=2s
LM HO UE=107 rnti=68 7->5 type=NTN servingRsrp=-130.267 targetRsrp=-113.791 targetLoadReal=7/10 targetLoadEff=8/10
TRACE HO_SUCCESS Time=64.6151 IMSI=65 TargetCell=5 Type=NTN TargetRSRP=-122.41 ServingRSRP=-107.201 BackhaulDlSnr=9.47628 BackhaulUlSnr=4.95568
TRACE HO_SUCCESS Time=64.6151 IMSI=106 TargetCell=5 Type=NTN TargetRSRP=-108.466 ServingRSRP=-98.8923 BackhaulDlSnr=9.47628 BackhaulUlSnr=4.95568
TRACE HO_SUCCESS Time=64.6151 IMSI=104 TargetCell=6 Type=NTN TargetRSRP=-122.189 ServingRSRP=-90.5303 BackhaulDlSnr=10.3654 BackhaulUlSnr=5.84484
TRACE HO_SUCCESS Time=64.6151 IMSI=75 TargetCell=7 Type=NTN TargetRSRP=-130.8 ServingRSRP=-84.5901 BackhaulDlSnr=13.5678 BackhaulUlSnr=9.04724
UAV_AUTONOMY_XAPP Time=66.5 DeploymentMode=tn-uav-satellite UavIndex=0 UavCellId=5 BestDonorCellId=0 BestDonorDistanceM=-1 XhaulConnected=0 XhaulChannelVariationDb=0 XhaulState=UNREACHABLE DonorUnavailableActive=1 SatBackhaulHealthy=1 UavSwitchingXappAvailable=1 UavSwitchingXappState=ACTIVE BackhaulMode=SATELLITE_FALLBACK RicControlState=NEAR_RT_RIC_SWITCHING_TO_SATELLITE_BACKHAUL ActiveUavRic=TN_NEAR_RT_RIC NormalUeHandoverAllowed=1 UavMode=NEAR_RT_RIC_EMERGENCY_SWITCHING_WITH_SATELLITE_BACKHAUL
UAV_AUTONOMY_XAPP Time=66.5 DeploymentMode=tn-uav-satellite UavIndex=1 UavCellId=6 BestDonorCellId=0 BestDonorDistanceM=-1 XhaulConnected=0 XhaulChannelVariationDb=0 XhaulState=UNREACHABLE DonorUnavailableActive=1 SatBackhaulHealthy=1 UavSwitchingXappAvailable=1 UavSwitchingXappState=ACTIVE BackhaulMode=SATELLITE_FALLBACK RicControlState=NEAR_RT_RIC_SWITCHING_TO_SATELLITE_BACKHAUL ActiveUavRic=TN_NEAR_RT_RIC NormalUeHandoverAllowed=1 UavMode=NEAR_RT_RIC_EMERGENCY_SWITCHING_WITH_SATELLITE_BACKHAUL
UAV_AUTONOMY_XAPP Time=66.5 DeploymentMode=tn-uav-satellite UavIndex=2 UavCellId=7 BestDonorCellId=0 BestDonorDistanceM=-1 XhaulConnected=0 XhaulChannelVariationDb=0 XhaulState=UNREACHABLE DonorUnavailableActive=1 SatBackhaulHealthy=1 UavSwitchingXappAvailable=1 UavSwitchingXappState=ACTIVE BackhaulMode=SATELLITE_FALLBACK RicControlState=NEAR_RT_RIC_SWITCHING_TO_SATELLITE_BACKHAUL ActiveUavRic=TN_NEAR_RT_RIC NormalUeHandoverAllowed=1 UavMode=NEAR_RT_RIC_EMERGENCY_SWITCHING_WITH_SATELLITE_BACKHAUL
---- LOAD at t=66.5 ----
  cell 1 (TN) load=18/20
  cell 2 (TN) load=20/20
  cell 3 (TN) load=19/20
  cell 4 (TN) load=19/20
  cell 5 (NTN) load=9/10
  cell 6 (NTN) load=8/10
  cell 7 (NTN) load=7/10
UE 8 TTT_WAIT target=6 elapsed=0s need=2s
UE 12 TTT_WAIT target=5 elapsed=0s need=2s
UE 16 TTT_WAIT target=3 elapsed=0s need=2s
LM HO_FAIL_LOW_RSRP UE=17 currCell=2 candCell=6 candRsrp=-120.341 < min=-120
UE 18 TTT_WAIT target=3 elapsed=0s need=2s
LM HO UE=19 rnti=193 1->5 type=NTN servingRsrp=-107.77 targetRsrp=-89.0116 targetLoadReal=9/10 targetLoadEff=9/10
UE 20 TTT_WAIT target=3 elapsed=0s need=2s
UE 22 TTT_WAIT target=6 elapsed=0s need=2s
UE 25 TTT_WAIT target=6 elapsed=0s need=2s
UE 26 TTT_WAIT target=6 elapsed=0s need=2s
UE 27 TTT_WAIT target=1 elapsed=0s need=2s
UE 28 TTT_WAIT target=1 elapsed=0s need=2s
LM HO_FAIL_LOW_RSRP UE=29 currCell=1 candCell=6 candRsrp=-132.74 < min=-120
UE 30 TTT_WAIT target=1 elapsed=0s need=2s
LM HO UE=34 rnti=125 2->4 type=TN servingRsrp=-129.238 targetRsrp=-116.602 targetLoadReal=19/20 targetLoadEff=19/20
UE 37 TTT_WAIT target=3 elapsed=0s need=2s
LM HO UE=41 rnti=107 2->1 type=TN servingRsrp=-118.4 targetRsrp=-116.099 targetLoadReal=18/20 targetLoadEff=18/20
LM HO_FAIL_LOW_RSRP UE=42 currCell=2 candCell=6 candRsrp=-134.334 < min=-120
UE 44 TTT_WAIT target=1 elapsed=0s need=2s
UE 47 TTT_WAIT target=3 elapsed=0s need=2s
UE 50 TTT_WAIT target=7 elapsed=0s need=2s
UE 52 TTT_WAIT target=3 elapsed=0s need=2s
UE 54 TTT_WAIT target=6 elapsed=0s need=2s
UE 55 TTT_WAIT target=1 elapsed=0s need=2s
UE 56 TTT_WAIT target=3 elapsed=0s need=2s
UE 57 TTT_WAIT target=7 elapsed=0s need=2s
UE 59 TTT_WAIT target=1 elapsed=0s need=2s
LM HO_FAIL_LOW_RSRP UE=62 currCell=2 candCell=3 candRsrp=-120.645 < min=-120
UE 63 TTT_WAIT target=1 elapsed=0s need=2s
UE 64 TTT_WAIT target=6 elapsed=0s need=2s
UE 65 TTT_WAIT target=3 elapsed=0s need=2s
UE 66 TTT_WAIT target=7 elapsed=0s need=2s
UE 68 TTT_WAIT target=1 elapsed=0s need=2s
LM HO_FAIL_LOW_RSRP UE=69 currCell=1 candCell=6 candRsrp=-124.962 < min=-120
UE 71 TTT_WAIT target=1 elapsed=0s need=2s
LM HO_FAIL_LOW_RSRP UE=72 currCell=3 candCell=7 candRsrp=-139.221 < min=-120
UE 74 TTT_WAIT target=7 elapsed=0s need=2s
LM HO_FAIL_LOW_RSRP UE=75 currCell=3 candCell=7 candRsrp=-126.497 < min=-120
LM HO_FAIL_LOW_RSRP UE=80 currCell=1 candCell=7 candRsrp=-131.409 < min=-120
LM HO UE=81 rnti=141 1->6 type=NTN servingRsrp=-111.535 targetRsrp=-116.707 targetLoadReal=8/10 targetLoadEff=8/10
UE 83 TTT_WAIT target=1 elapsed=0s need=2s
UE 84 TTT_WAIT target=3 elapsed=0s need=2s
LM HO UE=89 rnti=146 4->1 type=TN servingRsrp=-121.04 targetRsrp=-115.33 targetLoadReal=18/20 targetLoadEff=19/20
UE 91 TTT_WAIT target=7 elapsed=0s need=2s
UE 94 TTT_WAIT target=3 elapsed=0s need=2s
UE 95 TTT_WAIT target=7 elapsed=0s need=2s
UE 97 TTT_WAIT target=7 elapsed=0s need=2s
UE 99 TTT_WAIT target=6 elapsed=0s need=2s
LM HO_FAIL_LOW_RSRP UE=102 currCell=3 candCell=7 candRsrp=-134.195 < min=-120
UE 103 TTT_WAIT target=7 elapsed=0s need=2s
UE 104 TTT_WAIT target=7 elapsed=0s need=2s
UE 105 TTT_WAIT target=7 elapsed=0s need=2s
LM HO_FAIL_LOW_RSRP UE=106 currCell=3 candCell=6 candRsrp=-120.893 < min=-120
UE 107 TTT_WAIT target=3 elapsed=0s need=2s
TRACE HO_SUCCESS Time=66.6151 IMSI=40 TargetCell=1 Type=TN TargetRSRP=-138.472 ServingRSRP=-91.4583 BackhaulDlSnr=-999 BackhaulUlSnr=-999
TRACE HO_SUCCESS Time=66.6151 IMSI=88 TargetCell=1 Type=TN TargetRSRP=-138.411 ServingRSRP=-81.4899 BackhaulDlSnr=-999 BackhaulUlSnr=-999
TRACE HO_SUCCESS Time=66.6151 IMSI=33 TargetCell=4 Type=TN TargetRSRP=-119.062 ServingRSRP=-120.913 BackhaulDlSnr=-999 BackhaulUlSnr=-999
TRACE HO_SUCCESS Time=66.6151 IMSI=18 TargetCell=5 Type=NTN TargetRSRP=-123.592 ServingRSRP=-93.0733 BackhaulDlSnr=12.4372 BackhaulUlSnr=7.91659
TRACE HO_SUCCESS Time=66.6151 IMSI=80 TargetCell=6 Type=NTN TargetRSRP=-138.563 ServingRSRP=-101.973 BackhaulDlSnr=13.0552 BackhaulUlSnr=8.53461
UAV_AUTONOMY_XAPP Time=68.5 DeploymentMode=tn-uav-satellite UavIndex=0 UavCellId=5 BestDonorCellId=0 BestDonorDistanceM=-1 XhaulConnected=0 XhaulChannelVariationDb=0 XhaulState=UNREACHABLE DonorUnavailableActive=1 SatBackhaulHealthy=1 UavSwitchingXappAvailable=1 UavSwitchingXappState=ACTIVE BackhaulMode=SATELLITE_FALLBACK RicControlState=NEAR_RT_RIC_SWITCHING_TO_SATELLITE_BACKHAUL ActiveUavRic=TN_NEAR_RT_RIC NormalUeHandoverAllowed=1 UavMode=NEAR_RT_RIC_EMERGENCY_SWITCHING_WITH_SATELLITE_BACKHAUL
UAV_AUTONOMY_XAPP Time=68.5 DeploymentMode=tn-uav-satellite UavIndex=1 UavCellId=6 BestDonorCellId=0 BestDonorDistanceM=-1 XhaulConnected=0 XhaulChannelVariationDb=0 XhaulState=UNREACHABLE DonorUnavailableActive=1 SatBackhaulHealthy=1 UavSwitchingXappAvailable=1 UavSwitchingXappState=ACTIVE BackhaulMode=SATELLITE_FALLBACK RicControlState=NEAR_RT_RIC_SWITCHING_TO_SATELLITE_BACKHAUL ActiveUavRic=TN_NEAR_RT_RIC NormalUeHandoverAllowed=1 UavMode=NEAR_RT_RIC_EMERGENCY_SWITCHING_WITH_SATELLITE_BACKHAUL
UAV_AUTONOMY_XAPP Time=68.5 DeploymentMode=tn-uav-satellite UavIndex=2 UavCellId=7 BestDonorCellId=0 BestDonorDistanceM=-1 XhaulConnected=0 XhaulChannelVariationDb=0 XhaulState=UNREACHABLE DonorUnavailableActive=1 SatBackhaulHealthy=1 UavSwitchingXappAvailable=1 UavSwitchingXappState=ACTIVE BackhaulMode=SATELLITE_FALLBACK RicControlState=NEAR_RT_RIC_SWITCHING_TO_SATELLITE_BACKHAUL ActiveUavRic=TN_NEAR_RT_RIC NormalUeHandoverAllowed=1 UavMode=NEAR_RT_RIC_EMERGENCY_SWITCHING_WITH_SATELLITE_BACKHAUL
---- LOAD at t=68.5 ----
  cell 1 (TN) load=18/20
  cell 2 (TN) load=18/20
  cell 3 (TN) load=19/20
  cell 4 (TN) load=19/20
  cell 5 (NTN) load=10/10
  cell 6 (NTN) load=9/10
  cell 7 (NTN) load=7/10
UE 8 TTT_WAIT target=2 elapsed=0s need=2s
UE 12 TTT_WAIT target=1 elapsed=0s need=2s
UE 16 TTT_WAIT target=2 elapsed=0s need=2s
LM HO_FAIL_LOW_RSRP UE=20 currCell=1 candCell=7 candRsrp=-134.806 < min=-120
UE 21 TTT_WAIT target=6 elapsed=0s need=2s
UE 22 TTT_WAIT target=3 elapsed=0s need=2s
UE 24 TTT_WAIT target=2 elapsed=0s need=2s
UE 25 TTT_WAIT target=3 elapsed=0s need=2s
LM HO UE=26 rnti=192 3->6 type=NTN servingRsrp=-118.359 targetRsrp=-118.407 targetLoadReal=9/10 targetLoadEff=9/10
UE 27 TTT_WAIT target=3 elapsed=0s need=2s
LM HO_FAIL_LOW_RSRP UE=28 currCell=3 candCell=2 candRsrp=-130.101 < min=-120
UE 30 TTT_WAIT target=2 elapsed=0s need=2s
UE 31 TTT_WAIT target=7 elapsed=0s need=2s
UE 38 TTT_WAIT target=3 elapsed=0s need=2s
LM HO_FAIL_LOW_RSRP UE=39 currCell=1 candCell=7 candRsrp=-132.617 < min=-120
LM HO_FAIL_LOW_RSRP UE=40 currCell=4 candCell=7 candRsrp=-138.488 < min=-120
UE 41 TTT_WAIT target=2 elapsed=0s need=2s
UE 45 TTT_WAIT target=1 elapsed=0s need=2s
UE 48 TTT_WAIT target=4 elapsed=0s need=2s
UE 51 TTT_WAIT target=3 elapsed=0s need=2s
UE 52 TTT_WAIT target=2 elapsed=0s need=2s
LM HO_FAIL_LOW_RSRP UE=53 currCell=3 candCell=7 candRsrp=-129.18 < min=-120
LM HO UE=55 rnti=77 6->1 type=TN servingRsrp=-125.201 targetRsrp=-100.462 targetLoadReal=18/20 targetLoadEff=18/20
UE 56 TTT_WAIT target=4 elapsed=0s need=2s
LM HO_FAIL_LOW_RSRP UE=58 currCell=2 candCell=7 candRsrp=-131.089 < min=-120
LM HO UE=59 rnti=122 2->1 type=TN servingRsrp=-122.757 targetRsrp=-85.0662 targetLoadReal=18/20 targetLoadEff=19/20
UE 61 TTT_WAIT target=3 elapsed=0s need=2s
UE 63 TTT_WAIT target=2 elapsed=0s need=2s
LM HO_FAIL_LOW_RSRP UE=65 currCell=2 candCell=7 candRsrp=-132.601 < min=-120
UE 66 TTT_WAIT target=3 elapsed=0s need=2s
LM HO_FAIL_LOW_RSRP UE=67 currCell=3 candCell=7 candRsrp=-126.606 < min=-120
LM HO_FAIL_LOW_RSRP UE=68 currCell=3 candCell=2 candRsrp=-120.288 < min=-120
UE 69 TTT_WAIT target=4 elapsed=0s need=2s
LM HO_FAIL_LOW_RSRP UE=72 currCell=3 candCell=7 candRsrp=-137.053 < min=-120
UE 73 TTT_WAIT target=2 elapsed=0s need=2s
UE 74 TTT_WAIT target=2 elapsed=0s need=2s
LM HO_FAIL_LOW_RSRP UE=75 currCell=3 candCell=7 candRsrp=-129.064 < min=-120
UE 77 TTT_WAIT target=4 elapsed=0s need=2s
UE 79 TTT_WAIT target=7 elapsed=0s need=2s
UE 81 TTT_WAIT target=7 elapsed=0s need=2s
UE 82 TTT_WAIT target=2 elapsed=0s need=2s
LM HO_FAIL_LOW_RSRP UE=83 currCell=3 candCell=7 candRsrp=-129.457 < min=-120
UE 85 TTT_WAIT target=7 elapsed=0s need=2s
UE 86 TTT_WAIT target=4 elapsed=0s need=2s
UE 88 TTT_WAIT target=2 elapsed=0s need=2s
UE 89 TTT_WAIT target=2 elapsed=0s need=2s
UE 90 TTT_WAIT target=3 elapsed=0s need=2s
LM HO UE=91 rnti=92 6->7 type=NTN servingRsrp=-127.638 targetRsrp=-93.3858 targetLoadReal=7/10 targetLoadEff=7/10
LM HO_FAIL_LOW_RSRP UE=92 currCell=2 candCell=7 candRsrp=-125.056 < min=-120
LM HO UE=95 rnti=165 4->7 type=NTN servingRsrp=-111.192 targetRsrp=-95.1141 targetLoadReal=7/10 targetLoadEff=8/10
UE 98 TTT_WAIT target=3 elapsed=0s need=2s
UE 99 TTT_WAIT target=4 elapsed=0s need=2s
UE 100 TTT_WAIT target=4 elapsed=0s need=2s
UE 101 TTT_WAIT target=2 elapsed=0s need=2s
LM HO_FAIL_LOW_RSRP UE=102 currCell=3 candCell=7 candRsrp=-133.431 < min=-120
UE 103 TTT_WAIT target=4 elapsed=0s need=2s
UE 104 TTT_WAIT target=3 elapsed=0s need=2s
LM HO_FAIL_LOW_RSRP UE=107 currCell=5 candCell=7 candRsrp=-128.587 < min=-120
TRACE HO_SUCCESS Time=68.6151 IMSI=58 TargetCell=1 Type=TN TargetRSRP=-119.696 ServingRSRP=-102.493 BackhaulDlSnr=-999 BackhaulUlSnr=-999
TRACE HO_SUCCESS Time=68.6151 IMSI=54 TargetCell=1 Type=TN TargetRSRP=-126.127 ServingRSRP=-96.6092 BackhaulDlSnr=-999 BackhaulUlSnr=-999
TRACE HO_SUCCESS Time=68.6151 IMSI=25 TargetCell=6 Type=NTN TargetRSRP=-131.499 ServingRSRP=-97.1661 BackhaulDlSnr=11.9861 BackhaulUlSnr=7.46551
TRACE HO_SUCCESS Time=68.6151 IMSI=94 TargetCell=7 Type=NTN TargetRSRP=-130.909 ServingRSRP=-96.9282 BackhaulDlSnr=13.2402 BackhaulUlSnr=8.71958
TRACE HO_SUCCESS Time=68.6151 IMSI=90 TargetCell=7 Type=NTN TargetRSRP=-135.435 ServingRSRP=-119.824 BackhaulDlSnr=13.2402 BackhaulUlSnr=8.71958
UAV_AUTONOMY_XAPP Time=70.5 DeploymentMode=tn-uav-satellite UavIndex=0 UavCellId=5 BestDonorCellId=0 BestDonorDistanceM=-1 XhaulConnected=0 XhaulChannelVariationDb=0 XhaulState=UNREACHABLE DonorUnavailableActive=1 SatBackhaulHealthy=1 UavSwitchingXappAvailable=1 UavSwitchingXappState=ACTIVE BackhaulMode=SATELLITE_FALLBACK RicControlState=NEAR_RT_RIC_SWITCHING_TO_SATELLITE_BACKHAUL ActiveUavRic=TN_NEAR_RT_RIC NormalUeHandoverAllowed=1 UavMode=NEAR_RT_RIC_EMERGENCY_SWITCHING_WITH_SATELLITE_BACKHAUL
UAV_AUTONOMY_XAPP Time=70.5 DeploymentMode=tn-uav-satellite UavIndex=1 UavCellId=6 BestDonorCellId=0 BestDonorDistanceM=-1 XhaulConnected=0 XhaulChannelVariationDb=0 XhaulState=UNREACHABLE DonorUnavailableActive=1 SatBackhaulHealthy=1 UavSwitchingXappAvailable=1 UavSwitchingXappState=ACTIVE BackhaulMode=SATELLITE_FALLBACK RicControlState=NEAR_RT_RIC_SWITCHING_TO_SATELLITE_BACKHAUL ActiveUavRic=TN_NEAR_RT_RIC NormalUeHandoverAllowed=1 UavMode=NEAR_RT_RIC_EMERGENCY_SWITCHING_WITH_SATELLITE_BACKHAUL
UAV_AUTONOMY_XAPP Time=70.5 DeploymentMode=tn-uav-satellite UavIndex=2 UavCellId=7 BestDonorCellId=0 BestDonorDistanceM=-1 XhaulConnected=0 XhaulChannelVariationDb=0 XhaulState=UNREACHABLE DonorUnavailableActive=1 SatBackhaulHealthy=1 UavSwitchingXappAvailable=1 UavSwitchingXappState=ACTIVE BackhaulMode=SATELLITE_FALLBACK RicControlState=NEAR_RT_RIC_SWITCHING_TO_SATELLITE_BACKHAUL ActiveUavRic=TN_NEAR_RT_RIC NormalUeHandoverAllowed=1 UavMode=NEAR_RT_RIC_EMERGENCY_SWITCHING_WITH_SATELLITE_BACKHAUL
---- LOAD at t=70.5 ----
  cell 1 (TN) load=20/20
  cell 2 (TN) load=17/20
  cell 3 (TN) load=18/20
  cell 4 (TN) load=18/20
  cell 5 (NTN) load=10/10
  cell 6 (NTN) load=8/10
  cell 7 (NTN) load=9/10
UE 9 TTT_WAIT target=4 elapsed=0s need=2s
UE 12 TTT_WAIT target=4 elapsed=0s need=2s
UE 13 TTT_WAIT target=7 elapsed=0s need=2s
UE 17 TTT_WAIT target=3 elapsed=0s need=2s
UE 18 TTT_WAIT target=3 elapsed=0s need=2s
UE 19 TTT_WAIT target=3 elapsed=0s need=2s
LM HO_FAIL_LOW_RSRP UE=20 currCell=1 candCell=7 candRsrp=-122.819 < min=-120
LM HO_FAIL_LOW_RSRP UE=22 currCell=4 candCell=6 candRsrp=-129.682 < min=-120
LM HO UE=24 rnti=182 1->2 type=TN servingRsrp=-117.499 targetRsrp=-89.8281 targetLoadReal=17/20 targetLoadEff=17/20
LM HO_FAIL_LOW_RSRP UE=27 currCell=4 candCell=7 candRsrp=-129.503 < min=-120
UE 28 TTT_WAIT target=4 elapsed=0s need=2s
LM HO_FAIL_LOW_RSRP UE=30 currCell=5 candCell=7 candRsrp=-121.345 < min=-120
UE 34 TTT_WAIT target=6 elapsed=0s need=2s
UE 35 TTT_WAIT target=3 elapsed=0s need=2s
UE 36 TTT_WAIT target=6 elapsed=0s need=2s
UE 40 TTT_WAIT target=7 elapsed=0s need=2s
UE 41 TTT_WAIT target=3 elapsed=0s need=2s
LM HO_FAIL_LOW_RSRP UE=42 currCell=2 candCell=7 candRsrp=-137.12 < min=-120
UE 44 TTT_WAIT target=6 elapsed=0s need=2s
UE 45 TTT_WAIT target=4 elapsed=0s need=2s
UE 46 TTT_WAIT target=7 elapsed=0s need=2s
UE 50 TTT_WAIT target=2 elapsed=0s need=2s
LM HO UE=51 rnti=174 1->3 type=TN servingRsrp=-90.3504 targetRsrp=-84.1591 targetLoadReal=18/20 targetLoadEff=18/20
LM HO_FAIL_LOW_RSRP UE=52 currCell=1 candCell=7 candRsrp=-131.865 < min=-120
LM HO_FAIL_LOW_RSRP UE=53 currCell=3 candCell=7 candRsrp=-131.129 < min=-120
UE 54 TTT_WAIT target=2 elapsed=0s need=2s
UE 55 TTT_WAIT target=4 elapsed=0s need=2s
LM HO_FAIL_LOW_RSRP UE=57 currCell=1 candCell=3 candRsrp=-122.094 < min=-120
LM HO_FAIL_LOW_RSRP UE=58 currCell=2 candCell=3 candRsrp=-121.824 < min=-120
UE 62 TTT_WAIT target=3 elapsed=0s need=2s
LM HO_FAIL_LOW_RSRP UE=63 currCell=3 candCell=6 candRsrp=-136.706 < min=-120
UE 64 TTT_WAIT target=6 elapsed=0s need=2s
UE 65 TTT_WAIT target=3 elapsed=0s need=2s
UE 66 TTT_WAIT target=7 elapsed=0s need=2s
LM HO_FAIL_LOW_RSRP UE=67 currCell=3 candCell=7 candRsrp=-129.633 < min=-120
UE 68 TTT_WAIT target=2 elapsed=0s need=2s
LM HO UE=69 rnti=194 1->4 type=TN servingRsrp=-135.876 targetRsrp=-110.051 targetLoadReal=18/20 targetLoadEff=18/20
LM HO_FAIL_LOW_RSRP UE=72 currCell=3 candCell=2 candRsrp=-125.735 < min=-120
LM HO_FAIL_LOW_RSRP UE=74 currCell=3 candCell=2 candRsrp=-120.221 < min=-120
LM HO_FAIL_LOW_RSRP UE=79 currCell=4 candCell=6 candRsrp=-127.995 < min=-120
UE 80 TTT_WAIT target=4 elapsed=0s need=2s
UE 83 TTT_WAIT target=2 elapsed=0s need=2s
UE 85 TTT_WAIT target=2 elapsed=0s need=2s
LM HO UE=89 rnti=196 1->2 type=TN servingRsrp=-138.424 targetRsrp=-116.129 targetLoadReal=17/20 targetLoadEff=18/20
UE 91 TTT_WAIT target=3 elapsed=0s need=2s
UE 94 TTT_WAIT target=3 elapsed=0s need=2s
UE 95 TTT_WAIT target=4 elapsed=0s need=2s
UE 96 TTT_WAIT target=7 elapsed=0s need=2s
UE 97 TTT_WAIT target=7 elapsed=0s need=2s
UE 98 TTT_WAIT target=4 elapsed=0s need=2s
LM HO_FAIL_LOW_RSRP UE=99 currCell=2 candCell=7 candRsrp=-124.013 < min=-120
LM HO_FAIL_LOW_RSRP UE=102 currCell=3 candCell=7 candRsrp=-130.989 < min=-120
LM HO_FAIL_LOW_RSRP UE=103 currCell=2 candCell=3 candRsrp=-120.626 < min=-120
LM HO_FAIL_LOW_RSRP UE=104 currCell=2 candCell=7 candRsrp=-127.164 < min=-120
UE 106 TTT_WAIT target=4 elapsed=0s need=2s
UE 107 TTT_WAIT target=6 elapsed=0s need=2s
TRACE HO_SUCCESS Time=70.6151 IMSI=23 TargetCell=2 Type=TN TargetRSRP=-143.295 ServingRSRP=-119.604 BackhaulDlSnr=-999 BackhaulUlSnr=-999
TRACE HO_SUCCESS Time=70.6151 IMSI=88 TargetCell=2 Type=TN TargetRSRP=-123.123 ServingRSRP=-121.049 BackhaulDlSnr=-999 BackhaulUlSnr=-999
TRACE HO_SUCCESS Time=70.6151 IMSI=50 TargetCell=3 Type=TN TargetRSRP=-120.264 ServingRSRP=-106.518 BackhaulDlSnr=-999 BackhaulUlSnr=-999
TRACE HO_SUCCESS Time=70.6151 IMSI=68 TargetCell=4 Type=TN TargetRSRP=-108.264 ServingRSRP=-118.578 BackhaulDlSnr=-999 BackhaulUlSnr=-999
UAV_AUTONOMY_XAPP Time=72.5 DeploymentMode=tn-uav-satellite UavIndex=0 UavCellId=5 BestDonorCellId=0 BestDonorDistanceM=-1 XhaulConnected=0 XhaulChannelVariationDb=0 XhaulState=UNREACHABLE DonorUnavailableActive=1 SatBackhaulHealthy=1 UavSwitchingXappAvailable=1 UavSwitchingXappState=ACTIVE BackhaulMode=SATELLITE_FALLBACK RicControlState=NEAR_RT_RIC_SWITCHING_TO_SATELLITE_BACKHAUL ActiveUavRic=TN_NEAR_RT_RIC NormalUeHandoverAllowed=1 UavMode=NEAR_RT_RIC_EMERGENCY_SWITCHING_WITH_SATELLITE_BACKHAUL
UAV_AUTONOMY_XAPP Time=72.5 DeploymentMode=tn-uav-satellite UavIndex=1 UavCellId=6 BestDonorCellId=0 BestDonorDistanceM=-1 XhaulConnected=0 XhaulChannelVariationDb=0 XhaulState=UNREACHABLE DonorUnavailableActive=1 SatBackhaulHealthy=1 UavSwitchingXappAvailable=1 UavSwitchingXappState=ACTIVE BackhaulMode=SATELLITE_FALLBACK RicControlState=NEAR_RT_RIC_SWITCHING_TO_SATELLITE_BACKHAUL ActiveUavRic=TN_NEAR_RT_RIC NormalUeHandoverAllowed=1 UavMode=NEAR_RT_RIC_EMERGENCY_SWITCHING_WITH_SATELLITE_BACKHAUL
UAV_AUTONOMY_XAPP Time=72.5 DeploymentMode=tn-uav-satellite UavIndex=2 UavCellId=7 BestDonorCellId=0 BestDonorDistanceM=-1 XhaulConnected=0 XhaulChannelVariationDb=0 XhaulState=UNREACHABLE DonorUnavailableActive=1 SatBackhaulHealthy=1 UavSwitchingXappAvailable=1 UavSwitchingXappState=ACTIVE BackhaulMode=SATELLITE_FALLBACK RicControlState=NEAR_RT_RIC_SWITCHING_TO_SATELLITE_BACKHAUL ActiveUavRic=TN_NEAR_RT_RIC NormalUeHandoverAllowed=1 UavMode=NEAR_RT_RIC_EMERGENCY_SWITCHING_WITH_SATELLITE_BACKHAUL
---- LOAD at t=72.5 ----
  cell 1 (TN) load=16/20
  cell 2 (TN) load=19/20
  cell 3 (TN) load=19/20
  cell 4 (TN) load=19/20
  cell 5 (NTN) load=10/10
  cell 6 (NTN) load=8/10
  cell 7 (NTN) load=9/10
UE 8 TTT_WAIT target=7 elapsed=0s need=2s
UE 12 TTT_WAIT target=1 elapsed=0s need=2s
LM HO UE=13 rnti=129 2->7 type=NTN servingRsrp=-89.7815 targetRsrp=-85.0505 targetLoadReal=9/10 targetLoadEff=9/10
UE 15 TTT_WAIT target=1 elapsed=0s need=2s
UE 18 TTT_WAIT target=2 elapsed=0s need=2s
UE 19 TTT_WAIT target=2 elapsed=0s need=2s
UE 20 TTT_WAIT target=2 elapsed=0s need=2s
UE 22 TTT_WAIT target=6 elapsed=0s need=2s
UE 24 TTT_WAIT target=1 elapsed=0s need=2s
LM HO_FAIL_LOW_RSRP UE=25 currCell=4 candCell=2 candRsrp=-120.124 < min=-120
UE 26 TTT_WAIT target=3 elapsed=0s need=2s
UE 27 TTT_WAIT target=1 elapsed=0s need=2s
UE 28 TTT_WAIT target=1 elapsed=0s need=2s
UE 30 TTT_WAIT target=3 elapsed=0s need=2s
UE 31 TTT_WAIT target=2 elapsed=0s need=2s
LM HO_FAIL_LOW_RSRP UE=33 currCell=2 candCell=6 candRsrp=-142.792 < min=-120
LM HO_FAIL_LOW_RSRP UE=34 currCell=4 candCell=6 candRsrp=-122.415 < min=-120
LM HO UE=36 rnti=170 4->6 type=NTN servingRsrp=-115.364 targetRsrp=-106.759 targetLoadReal=8/10 targetLoadEff=8/10
UE 39 TTT_WAIT target=3 elapsed=0s need=2s
UE 40 TTT_WAIT target=1 elapsed=0s need=2s
UE 41 TTT_WAIT target=2 elapsed=0s need=2s
UE 42 TTT_WAIT target=1 elapsed=0s need=2s
UE 44 TTT_WAIT target=1 elapsed=0s need=2s
UE 46 TTT_WAIT target=3 elapsed=0s need=2s
UE 47 TTT_WAIT target=2 elapsed=0s need=2s
LM HO_FAIL_LOW_RSRP UE=50 currCell=3 candCell=6 candRsrp=-128.717 < min=-120
UE 51 TTT_WAIT target=1 elapsed=0s need=2s
UE 52 TTT_WAIT target=2 elapsed=0s need=2s
LM HO UE=55 rnti=197 1->4 type=TN servingRsrp=-122.978 targetRsrp=-109.045 targetLoadReal=19/20 targetLoadEff=19/20
UE 56 TTT_WAIT target=2 elapsed=0s need=2s
LM HO_FAIL_LOW_RSRP UE=57 currCell=1 candCell=6 candRsrp=-137.888 < min=-120
UE 62 TTT_WAIT target=1 elapsed=0s need=2s
UE 63 TTT_WAIT target=2 elapsed=0s need=2s
LM HO UE=64 rnti=75 7->6 type=NTN servingRsrp=-133.481 targetRsrp=-118.158 targetLoadReal=8/10 targetLoadEff=9/10
UE 65 TTT_WAIT target=1 elapsed=0s need=2s
UE 66 TTT_WAIT target=1 elapsed=0s need=2s
UE 67 TTT_WAIT target=2 elapsed=0s need=2s
LM HO UE=68 rnti=158 3->2 type=TN servingRsrp=-125.472 targetRsrp=-89.7276 targetLoadReal=19/20 targetLoadEff=19/20
UE 76 TTT_WAIT target=1 elapsed=0s need=2s
UE 81 TTT_WAIT target=1 elapsed=0s need=2s
UE 83 TTT_WAIT target=1 elapsed=0s need=2s
UE 86 TTT_WAIT target=1 elapsed=0s need=2s
UE 89 TTT_WAIT target=1 elapsed=0s need=2s
UE 90 TTT_WAIT target=3 elapsed=0s need=2s
UE 92 TTT_WAIT target=1 elapsed=0s need=2s
UE 94 TTT_WAIT target=1 elapsed=0s need=2s
UE 97 TTT_WAIT target=1 elapsed=0s need=2s
UE 98 TTT_WAIT target=3 elapsed=0s need=2s
UE 100 TTT_WAIT target=1 elapsed=0s need=2s
UE 101 TTT_WAIT target=1 elapsed=0s need=2s
UE 102 TTT_WAIT target=1 elapsed=0s need=2s
UE 103 TTT_WAIT target=3 elapsed=0s need=2s
UE 104 TTT_WAIT target=1 elapsed=0s need=2s
UE 105 TTT_WAIT target=1 elapsed=0s need=2s
UE 106 TTT_WAIT target=1 elapsed=0s need=2s
UE 107 TTT_WAIT target=3 elapsed=0s need=2s
TRACE HO_SUCCESS Time=72.6151 IMSI=67 TargetCell=2 Type=TN TargetRSRP=-115.076 ServingRSRP=-115.865 BackhaulDlSnr=-999 BackhaulUlSnr=-999
TRACE HO_SUCCESS Time=72.6151 IMSI=54 TargetCell=4 Type=TN TargetRSRP=-115.68 ServingRSRP=-87.4583 BackhaulDlSnr=-999 BackhaulUlSnr=-999
TRACE HO_SUCCESS Time=72.6151 IMSI=35 TargetCell=6 Type=NTN TargetRSRP=-94.6995 ServingRSRP=-89.7488 BackhaulDlSnr=9.57152 BackhaulUlSnr=5.05092
TRACE HO_SUCCESS Time=72.6151 IMSI=63 TargetCell=6 Type=NTN TargetRSRP=-84.2405 ServingRSRP=-98.8358 BackhaulDlSnr=9.57152 BackhaulUlSnr=5.05092
TRACE HO_SUCCESS Time=72.6151 IMSI=12 TargetCell=7 Type=NTN TargetRSRP=-92.1997 ServingRSRP=-94.9854 BackhaulDlSnr=13.5828 BackhaulUlSnr=9.06224
UAV_AUTONOMY_XAPP Time=74.5 DeploymentMode=tn-uav-satellite UavIndex=0 UavCellId=5 BestDonorCellId=0 BestDonorDistanceM=-1 XhaulConnected=0 XhaulChannelVariationDb=0 XhaulState=UNREACHABLE DonorUnavailableActive=1 SatBackhaulHealthy=1 UavSwitchingXappAvailable=1 UavSwitchingXappState=ACTIVE BackhaulMode=SATELLITE_FALLBACK RicControlState=NEAR_RT_RIC_SWITCHING_TO_SATELLITE_BACKHAUL ActiveUavRic=TN_NEAR_RT_RIC NormalUeHandoverAllowed=1 UavMode=NEAR_RT_RIC_EMERGENCY_SWITCHING_WITH_SATELLITE_BACKHAUL
UAV_AUTONOMY_XAPP Time=74.5 DeploymentMode=tn-uav-satellite UavIndex=1 UavCellId=6 BestDonorCellId=0 BestDonorDistanceM=-1 XhaulConnected=0 XhaulChannelVariationDb=0 XhaulState=UNREACHABLE DonorUnavailableActive=1 SatBackhaulHealthy=1 UavSwitchingXappAvailable=1 UavSwitchingXappState=ACTIVE BackhaulMode=SATELLITE_FALLBACK RicControlState=NEAR_RT_RIC_SWITCHING_TO_SATELLITE_BACKHAUL ActiveUavRic=TN_NEAR_RT_RIC NormalUeHandoverAllowed=1 UavMode=NEAR_RT_RIC_EMERGENCY_SWITCHING_WITH_SATELLITE_BACKHAUL
UAV_AUTONOMY_XAPP Time=74.5 DeploymentMode=tn-uav-satellite UavIndex=2 UavCellId=7 BestDonorCellId=0 BestDonorDistanceM=-1 XhaulConnected=0 XhaulChannelVariationDb=0 XhaulState=UNREACHABLE DonorUnavailableActive=1 SatBackhaulHealthy=1 UavSwitchingXappAvailable=1 UavSwitchingXappState=ACTIVE BackhaulMode=SATELLITE_FALLBACK RicControlState=NEAR_RT_RIC_SWITCHING_TO_SATELLITE_BACKHAUL ActiveUavRic=TN_NEAR_RT_RIC NormalUeHandoverAllowed=1 UavMode=NEAR_RT_RIC_EMERGENCY_SWITCHING_WITH_SATELLITE_BACKHAUL
---- LOAD at t=74.5 ----
  cell 1 (TN) load=15/20
  cell 2 (TN) load=19/20
  cell 3 (TN) load=18/20
  cell 4 (TN) load=19/20
  cell 5 (NTN) load=10/10
  cell 6 (NTN) load=10/10
  cell 7 (NTN) load=9/10
UE 9 TTT_WAIT target=4 elapsed=0s need=2s
UE 13 TTT_WAIT target=1 elapsed=0s need=2s
UE 17 TTT_WAIT target=1 elapsed=0s need=2s
UE 18 TTT_WAIT target=3 elapsed=0s need=2s
LM HO UE=20 rnti=185 1->2 type=TN servingRsrp=-120.315 targetRsrp=-117.863 targetLoadReal=19/20 targetLoadEff=19/20
UE 23 TTT_WAIT target=3 elapsed=0s need=2s
LM HO_FAIL_LOW_RSRP UE=25 currCell=4 candCell=7 candRsrp=-139.311 < min=-120
LM HO UE=26 rnti=100 6->3 type=TN servingRsrp=-143.014 targetRsrp=-88.484 targetLoadReal=18/20 targetLoadEff=18/20
LM HO UE=27 rnti=169 4->1 type=TN servingRsrp=-105.995 targetRsrp=-102.846 targetLoadReal=15/20 targetLoadEff=15/20
UE 28 TTT_WAIT target=4 elapsed=0s need=2s
LM HO UE=30 rnti=84 5->3 type=TN servingRsrp=-121.479 targetRsrp=-104.705 targetLoadReal=18/20 targetLoadEff=19/20
UE 31 TTT_WAIT target=7 elapsed=0s need=2s
LM HO_FAIL_LOW_RSRP UE=33 currCell=2 candCell=7 candRsrp=-123.626 < min=-120
LM HO_FAIL_LOW_RSRP UE=34 currCell=4 candCell=7 candRsrp=-138.569 < min=-120
LM HO_FAIL_LOW_RSRP UE=37 currCell=4 candCell=7 candRsrp=-141.28 < min=-120
UE 39 TTT_WAIT target=7 elapsed=0s need=2s
UE 40 TTT_WAIT target=7 elapsed=0s need=2s
UE 41 TTT_WAIT target=4 elapsed=0s need=2s
LM HO UE=42 rnti=127 2->1 type=TN servingRsrp=-135.957 targetRsrp=-111.187 targetLoadReal=15/20 targetLoadEff=16/20
UE 45 TTT_WAIT target=1 elapsed=0s need=2s
UE 46 TTT_WAIT target=4 elapsed=0s need=2s
LM HO_FAIL_LOW_RSRP UE=50 currCell=3 candCell=7 candRsrp=-137.739 < min=-120
UE 51 TTT_WAIT target=4 elapsed=0s need=2s
UE 52 TTT_WAIT target=7 elapsed=0s need=2s
LM HO_FAIL_LOW_RSRP UE=53 currCell=3 candCell=7 candRsrp=-131.524 < min=-120
UE 55 TTT_WAIT target=1 elapsed=0s need=2s
UE 59 TTT_WAIT target=7 elapsed=0s need=2s
UE 60 TTT_WAIT target=1 elapsed=0s need=2s
UE 61 TTT_WAIT target=4 elapsed=0s need=2s
LM HO UE=62 rnti=123 2->1 type=TN servingRsrp=-124.38 targetRsrp=-115.908 targetLoadReal=15/20 targetLoadEff=17/20
LM HO UE=65 rnti=128 2->1 type=TN servingRsrp=-119.35 targetRsrp=-115.104 targetLoadReal=15/20 targetLoadEff=18/20
UE 66 TTT_WAIT target=7 elapsed=0s need=2s
UE 67 TTT_WAIT target=7 elapsed=0s need=2s
UE 68 TTT_WAIT target=1 elapsed=0s need=2s
UE 71 TTT_WAIT target=4 elapsed=0s need=2s
UE 72 TTT_WAIT target=1 elapsed=0s need=2s
UE 74 TTT_WAIT target=1 elapsed=0s need=2s
LM HO UE=76 rnti=80 7->1 type=TN servingRsrp=-124.107 targetRsrp=-96.9073 targetLoadReal=15/20 targetLoadEff=19/20
LM HO_FAIL_LOW_RSRP UE=79 currCell=4 candCell=7 candRsrp=-135.684 < min=-120
LM HO_FAIL_LOW_RSRP UE=82 currCell=4 candCell=7 candRsrp=-128.433 < min=-120
LM HO_FAIL_LOW_RSRP UE=83 currCell=3 candCell=7 candRsrp=-138.227 < min=-120
LM HO_FAIL_LOW_RSRP UE=85 currCell=4 candCell=7 candRsrp=-127.91 < min=-120
UE 86 TTT_WAIT target=4 elapsed=0s need=2s
LM HO_FAIL_LOW_RSRP UE=88 currCell=4 candCell=7 candRsrp=-127.625 < min=-120
LM HO_FAIL_LOW_RSRP UE=89 currCell=2 candCell=7 candRsrp=-132.588 < min=-120
UE 92 TTT_WAIT target=7 elapsed=0s need=2s
UE 95 TTT_WAIT target=4 elapsed=0s need=2s
LM HO_FAIL_LOW_RSRP UE=99 currCell=2 candCell=7 candRsrp=-127.034 < min=-120
UE 101 TTT_WAIT target=7 elapsed=0s need=2s
UE 102 TTT_WAIT target=7 elapsed=0s need=2s
LM HO_FAIL_LOW_RSRP UE=103 currCell=2 candCell=7 candRsrp=-135.255 < min=-120
LM HO_FAIL_LOW_RSRP UE=104 currCell=2 candCell=7 candRsrp=-124.363 < min=-120
UE 106 TTT_WAIT target=7 elapsed=0s need=2s
LM HO_FAIL_LOW_RSRP UE=107 currCell=5 candCell=7 candRsrp=-124.146 < min=-120
TRACE HO_SUCCESS Time=74.6151 IMSI=64 TargetCell=1 Type=TN TargetRSRP=-123.447 ServingRSRP=-107.164 BackhaulDlSnr=-999 BackhaulUlSnr=-999
TRACE HO_SUCCESS Time=74.6151 IMSI=61 TargetCell=1 Type=TN TargetRSRP=-112.228 ServingRSRP=-121.568 BackhaulDlSnr=-999 BackhaulUlSnr=-999
TRACE HO_SUCCESS Time=74.6151 IMSI=41 TargetCell=1 Type=TN TargetRSRP=-101.205 ServingRSRP=-106.025 BackhaulDlSnr=-999 BackhaulUlSnr=-999
TRACE HO_SUCCESS Time=74.6151 IMSI=26 TargetCell=1 Type=TN TargetRSRP=-125.621 ServingRSRP=-109.663 BackhaulDlSnr=-999 BackhaulUlSnr=-999
TRACE HO_SUCCESS Time=74.6151 IMSI=75 TargetCell=1 Type=TN TargetRSRP=-96.2043 ServingRSRP=-90.4893 BackhaulDlSnr=-999 BackhaulUlSnr=-999
TRACE HO_SUCCESS Time=74.6151 IMSI=19 TargetCell=2 Type=TN TargetRSRP=-124.049 ServingRSRP=-97.8117 BackhaulDlSnr=-999 BackhaulUlSnr=-999
TRACE HO_SUCCESS Time=74.6151 IMSI=29 TargetCell=3 Type=TN TargetRSRP=-129.21 ServingRSRP=-83.7044 BackhaulDlSnr=-999 BackhaulUlSnr=-999
TRACE HO_SUCCESS Time=74.6151 IMSI=25 TargetCell=3 Type=TN TargetRSRP=-112.839 ServingRSRP=-116.804 BackhaulDlSnr=-999 BackhaulUlSnr=-999
UAV_AUTONOMY_XAPP Time=76.5 DeploymentMode=tn-uav-satellite UavIndex=0 UavCellId=5 BestDonorCellId=2 BestDonorDistanceM=2270.14 XhaulConnected=1 XhaulChannelVariationDb=3.95538 XhaulState=HEALTHY DonorUnavailableActive=0 SatBackhaulHealthy=1 UavSwitchingXappAvailable=1 UavSwitchingXappState=STANDBY BackhaulMode=TN_DIRECT RicControlState=TN_E2 ActiveUavRic=TN_NEAR_RT_RIC NormalUeHandoverAllowed=1 UavMode=TN_CONTROLLED_COVERAGE_EXTENSION
UAV_AUTONOMY_XAPP Time=76.5 DeploymentMode=tn-uav-satellite UavIndex=1 UavCellId=6 BestDonorCellId=4 BestDonorDistanceM=509.714 XhaulConnected=1 XhaulChannelVariationDb=-3.40917 XhaulState=HEALTHY DonorUnavailableActive=0 SatBackhaulHealthy=1 UavSwitchingXappAvailable=1 UavSwitchingXappState=STANDBY BackhaulMode=TN_DIRECT RicControlState=TN_E2 ActiveUavRic=TN_NEAR_RT_RIC NormalUeHandoverAllowed=1 UavMode=TN_CONTROLLED_COVERAGE_EXTENSION
UAV_AUTONOMY_XAPP Time=76.5 DeploymentMode=tn-uav-satellite UavIndex=2 UavCellId=7 BestDonorCellId=2 BestDonorDistanceM=371.125 XhaulConnected=1 XhaulChannelVariationDb=1.23778 XhaulState=HEALTHY DonorUnavailableActive=0 SatBackhaulHealthy=1 UavSwitchingXappAvailable=1 UavSwitchingXappState=STANDBY BackhaulMode=TN_DIRECT RicControlState=TN_E2 ActiveUavRic=TN_NEAR_RT_RIC NormalUeHandoverAllowed=1 UavMode=TN_CONTROLLED_COVERAGE_EXTENSION
---- LOAD at t=76.5 ----
  cell 1 (TN) load=19/20
  cell 2 (TN) load=17/20
  cell 3 (TN) load=20/20
  cell 4 (TN) load=18/20
  cell 5 (NTN) load=9/10
  cell 6 (NTN) load=9/10
  cell 7 (NTN) load=8/10
UE 8 TTT_WAIT target=2 elapsed=0s need=2s
UE 9 TTT_WAIT target=2 elapsed=0s need=2s
UE 12 TTT_WAIT target=1 elapsed=0s need=2s
LM HO UE=13 rnti=83 7->1 type=TN servingRsrp=-118.452 targetRsrp=-77.3158 targetLoadReal=19/20 targetLoadEff=19/20
UE 16 TTT_WAIT target=6 elapsed=0s need=2s
UE 17 TTT_WAIT target=4 elapsed=0s need=2s
UE 18 TTT_WAIT target=2 elapsed=0s need=2s
UE 20 TTT_WAIT target=6 elapsed=0s need=2s
UE 25 TTT_WAIT target=7 elapsed=0s need=2s
UE 26 TTT_WAIT target=2 elapsed=0s need=2s
UE 27 TTT_WAIT target=4 elapsed=0s need=2s
UE 28 TTT_WAIT target=6 elapsed=0s need=2s
UE 29 TTT_WAIT target=5 elapsed=0s need=2s
LM HO_FAIL_LOW_RSRP UE=30 currCell=3 candCell=5 candRsrp=-122.339 < min=-120
LM HO_FAIL_LOW_RSRP UE=34 currCell=4 candCell=6 candRsrp=-123.267 < min=-120
UE 35 TTT_WAIT target=6 elapsed=0s need=2s
UE 37 TTT_WAIT target=2 elapsed=0s need=2s
UE 40 TTT_WAIT target=5 elapsed=0s need=2s
UE 42 TTT_WAIT target=4 elapsed=0s need=2s
LM HO_FAIL_LOW_RSRP UE=45 currCell=3 candCell=7 candRsrp=-122.467 < min=-120
LM HO_FAIL_LOW_RSRP UE=52 currCell=1 candCell=7 candRsrp=-128.589 < min=-120
UE 54 TTT_WAIT target=4 elapsed=0s need=2s
UE 57 TTT_WAIT target=2 elapsed=0s need=2s
UE 58 TTT_WAIT target=4 elapsed=0s need=2s
UE 59 TTT_WAIT target=5 elapsed=0s need=2s
LM HO UE=61 rnti=84 6->4 type=TN servingRsrp=-125.011 targetRsrp=-96.9013 targetLoadReal=18/20 targetLoadEff=18/20
UE 62 TTT_WAIT target=2 elapsed=0s need=2s
UE 64 TTT_WAIT target=7 elapsed=0s need=2s
UE 65 TTT_WAIT target=4 elapsed=0s need=2s
LM HO_FAIL_LOW_RSRP UE=67 currCell=3 candCell=5 candRsrp=-132.298 < min=-120
UE 69 TTT_WAIT target=6 elapsed=0s need=2s
UE 72 TTT_WAIT target=5 elapsed=0s need=2s
UE 74 TTT_WAIT target=5 elapsed=0s need=2s
UE 80 TTT_WAIT target=4 elapsed=0s need=2s
UE 81 TTT_WAIT target=2 elapsed=0s need=2s
LM HO_FAIL_LOW_RSRP UE=83 currCell=3 candCell=5 candRsrp=-127.062 < min=-120
UE 84 TTT_WAIT target=2 elapsed=0s need=2s
UE 86 TTT_WAIT target=2 elapsed=0s need=2s
UE 91 TTT_WAIT target=4 elapsed=0s need=2s
UE 93 TTT_WAIT target=2 elapsed=0s need=2s
UE 94 TTT_WAIT target=5 elapsed=0s need=2s
UE 95 TTT_WAIT target=2 elapsed=0s need=2s
UE 96 TTT_WAIT target=7 elapsed=0s need=2s
UE 97 TTT_WAIT target=2 elapsed=0s need=2s
UE 99 TTT_WAIT target=5 elapsed=0s need=2s
UE 102 TTT_WAIT target=6 elapsed=0s need=2s
LM HO_FAIL_LOW_RSRP UE=103 currCell=2 candCell=7 candRsrp=-134.423 < min=-120
UE 107 TTT_WAIT target=2 elapsed=0s need=2s
TRACE HO_SUCCESS Time=76.6151 IMSI=12 TargetCell=1 Type=TN TargetRSRP=-92.7239 ServingRSRP=-79.8525 BackhaulDlSnr=-999 BackhaulUlSnr=-999
TRACE HO_SUCCESS Time=76.6151 IMSI=60 TargetCell=4 Type=TN TargetRSRP=-92.4556 ServingRSRP=-99.675 BackhaulDlSnr=-999 BackhaulUlSnr=-999
UAV_AUTONOMY_XAPP Time=78.5 DeploymentMode=tn-uav-satellite UavIndex=0 UavCellId=5 BestDonorCellId=1 BestDonorDistanceM=1845.03 XhaulConnected=1 XhaulChannelVariationDb=-0.64891 XhaulState=HEALTHY DonorUnavailableActive=0 SatBackhaulHealthy=1 UavSwitchingXappAvailable=1 UavSwitchingXappState=STANDBY BackhaulMode=TN_DIRECT RicControlState=TN_E2 ActiveUavRic=TN_NEAR_RT_RIC NormalUeHandoverAllowed=1 UavMode=TN_CONTROLLED_COVERAGE_EXTENSION
UAV_AUTONOMY_XAPP Time=78.5 DeploymentMode=tn-uav-satellite UavIndex=1 UavCellId=6 BestDonorCellId=4 BestDonorDistanceM=504.134 XhaulConnected=1 XhaulChannelVariationDb=-2.55936 XhaulState=HEALTHY DonorUnavailableActive=0 SatBackhaulHealthy=1 UavSwitchingXappAvailable=1 UavSwitchingXappState=STANDBY BackhaulMode=TN_DIRECT RicControlState=TN_E2 ActiveUavRic=TN_NEAR_RT_RIC NormalUeHandoverAllowed=1 UavMode=TN_CONTROLLED_COVERAGE_EXTENSION
UAV_AUTONOMY_XAPP Time=78.5 DeploymentMode=tn-uav-satellite UavIndex=2 UavCellId=7 BestDonorCellId=2 BestDonorDistanceM=353.365 XhaulConnected=1 XhaulChannelVariationDb=0.381982 XhaulState=HEALTHY DonorUnavailableActive=0 SatBackhaulHealthy=1 UavSwitchingXappAvailable=1 UavSwitchingXappState=STANDBY BackhaulMode=TN_DIRECT RicControlState=TN_E2 ActiveUavRic=TN_NEAR_RT_RIC NormalUeHandoverAllowed=1 UavMode=TN_CONTROLLED_COVERAGE_EXTENSION
---- LOAD at t=78.5 ----
  cell 1 (TN) load=20/20
  cell 2 (TN) load=17/20
  cell 3 (TN) load=20/20
  cell 4 (TN) load=19/20
  cell 5 (NTN) load=9/10
  cell 6 (NTN) load=8/10
  cell 7 (NTN) load=7/10
LM HO UE=8 rnti=188 1->2 type=TN servingRsrp=-119.146 targetRsrp=-95.6198 targetLoadReal=17/20 targetLoadEff=17/20
LM HO UE=9 rnti=191 1->2 type=TN servingRsrp=-119.924 targetRsrp=-104.869 targetLoadReal=17/20 targetLoadEff=18/20
UE 10 TTT_WAIT target=7 elapsed=0s need=2s
UE 12 TTT_WAIT target=5 elapsed=0s need=2s
UE 20 TTT_WAIT target=4 elapsed=0s need=2s
UE 22 TTT_WAIT target=6 elapsed=0s need=2s
UE 23 TTT_WAIT target=7 elapsed=0s need=2s
LM HO UE=25 rnti=177 4->7 type=NTN servingRsrp=-120.278 targetRsrp=-102.442 targetLoadReal=7/10 targetLoadEff=7/10
LM HO UE=27 rnti=199 1->4 type=TN servingRsrp=-121.825 targetRsrp=-117.925 targetLoadReal=19/20 targetLoadEff=19/20
LM HO_FAIL_LOW_RSRP UE=28 currCell=3 candCell=5 candRsrp=-127.993 < min=-120
UE 30 TTT_WAIT target=7 elapsed=0s need=2s
LM HO_FAIL_LOW_RSRP UE=33 currCell=2 candCell=7 candRsrp=-122.06 < min=-120
UE 39 TTT_WAIT target=2 elapsed=0s need=2s
UE 41 TTT_WAIT target=2 elapsed=0s need=2s
UE 42 TTT_WAIT target=6 elapsed=0s need=2s
LM HO_FAIL_LOW_RSRP UE=44 currCell=2 candCell=5 candRsrp=-121.934 < min=-120
LM HO_FAIL_LOW_RSRP UE=45 currCell=3 candCell=7 candRsrp=-123.895 < min=-120
UE 49 TTT_WAIT target=6 elapsed=0s need=2s
LM HO_FAIL_LOW_RSRP UE=50 currCell=3 candCell=6 candRsrp=-121.76 < min=-120
UE 51 TTT_WAIT target=5 elapsed=0s need=2s
UE 52 TTT_WAIT target=2 elapsed=0s need=2s
LM HO_FAIL_LOW_RSRP UE=54 currCell=7 candCell=6 candRsrp=-120.581 < min=-120
UE 55 TTT_WAIT target=6 elapsed=0s need=2s
LM HO UE=57 rnti=187 1->2 type=TN servingRsrp=-127.135 targetRsrp=-114.156 targetLoadReal=17/20 targetLoadEff=19/20
UE 58 TTT_WAIT target=5 elapsed=0s need=2s
UE 61 TTT_WAIT target=6 elapsed=0s need=2s
UE 62 TTT_WAIT target=7 elapsed=0s need=2s
UE 63 TTT_WAIT target=5 elapsed=0s need=2s
UE 65 TTT_WAIT target=7 elapsed=0s need=2s
LM HO_FAIL_LOW_RSRP UE=67 currCell=3 candCell=6 candRsrp=-127.054 < min=-120
UE 68 TTT_WAIT target=7 elapsed=0s need=2s
LM HO_FAIL_LOW_RSRP UE=72 currCell=3 candCell=5 candRsrp=-120.528 < min=-120
UE 75 TTT_WAIT target=5 elapsed=0s need=2s
LM HO_FAIL_LOW_RSRP UE=80 currCell=1 candCell=7 candRsrp=-131.863 < min=-120
UE 82 TTT_WAIT target=6 elapsed=0s need=2s
LM HO_FAIL_LOW_RSRP UE=83 currCell=3 candCell=5 candRsrp=-131.469 < min=-120
UE 85 TTT_WAIT target=7 elapsed=0s need=2s
LM HO_FAIL_LOW_RSRP UE=89 currCell=2 candCell=7 candRsrp=-124.441 < min=-120
UE 91 TTT_WAIT target=5 elapsed=0s need=2s
LM HO UE=94 rnti=105 2->5 type=NTN servingRsrp=-118.275 targetRsrp=-106.381 targetLoadReal=9/10 targetLoadEff=9/10
LM HO_FAIL_LOW_RSRP UE=96 currCell=2 candCell=7 candRsrp=-120.223 < min=-120
LM HO_FAIL_LOW_RSRP UE=97 currCell=3 candCell=6 candRsrp=-120.479 < min=-120
UE 99 TTT_WAIT target=6 elapsed=0s need=2s
LM HO_FAIL_LOW_RSRP UE=103 currCell=2 candCell=7 candRsrp=-130.43 < min=-120
UE 104 TTT_WAIT target=7 elapsed=0s need=2s
LM HO_FAIL_LOW_RSRP UE=106 currCell=3 candCell=7 candRsrp=-128.887 < min=-120
UE 107 TTT_WAIT target=7 elapsed=0s need=2s
TRACE HO_SUCCESS Time=78.6151 IMSI=56 TargetCell=2 Type=TN TargetRSRP=-104.377 ServingRSRP=-89.7139 BackhaulDlSnr=-999 BackhaulUlSnr=-999
TRACE HO_SUCCESS Time=78.6151 IMSI=7 TargetCell=2 Type=TN TargetRSRP=-91.5437 ServingRSRP=-92.4713 BackhaulDlSnr=-999 BackhaulUlSnr=-999
TRACE HO_SUCCESS Time=78.6151 IMSI=8 TargetCell=2 Type=TN TargetRSRP=-103.603 ServingRSRP=-84.6807 BackhaulDlSnr=-999 BackhaulUlSnr=-999
TRACE HO_SUCCESS Time=78.6151 IMSI=26 TargetCell=4 Type=TN TargetRSRP=-87.7317 ServingRSRP=-89.345 BackhaulDlSnr=-999 BackhaulUlSnr=-999
TRACE HO_SUCCESS Time=78.6151 IMSI=93 TargetCell=5 Type=NTN TargetRSRP=-113.481 ServingRSRP=-124.28 BackhaulDlSnr=15.5609 BackhaulUlSnr=11.0403
TRACE HO_SUCCESS Time=78.6151 IMSI=24 TargetCell=7 Type=NTN TargetRSRP=-139.265 ServingRSRP=-102.536 BackhaulDlSnr=13.1471 BackhaulUlSnr=8.62645
UAV_AUTONOMY_XAPP Time=80.5 DeploymentMode=tn-uav-satellite UavIndex=0 UavCellId=5 BestDonorCellId=1 BestDonorDistanceM=1842.87 XhaulConnected=1 XhaulChannelVariationDb=1.48981 XhaulState=HEALTHY DonorUnavailableActive=0 SatBackhaulHealthy=1 UavSwitchingXappAvailable=1 UavSwitchingXappState=STANDBY BackhaulMode=TN_DIRECT RicControlState=TN_E2 ActiveUavRic=TN_NEAR_RT_RIC NormalUeHandoverAllowed=1 UavMode=TN_CONTROLLED_COVERAGE_EXTENSION
UAV_AUTONOMY_XAPP Time=80.5 DeploymentMode=tn-uav-satellite UavIndex=1 UavCellId=6 BestDonorCellId=4 BestDonorDistanceM=535.297 XhaulConnected=1 XhaulChannelVariationDb=-0.447712 XhaulState=HEALTHY DonorUnavailableActive=0 SatBackhaulHealthy=1 UavSwitchingXappAvailable=1 UavSwitchingXappState=STANDBY BackhaulMode=TN_DIRECT RicControlState=TN_E2 ActiveUavRic=TN_NEAR_RT_RIC NormalUeHandoverAllowed=1 UavMode=TN_CONTROLLED_COVERAGE_EXTENSION
UAV_AUTONOMY_XAPP Time=80.5 DeploymentMode=tn-uav-satellite UavIndex=2 UavCellId=7 BestDonorCellId=2 BestDonorDistanceM=345.035 XhaulConnected=1 XhaulChannelVariationDb=1.3569 XhaulState=HEALTHY DonorUnavailableActive=0 SatBackhaulHealthy=1 UavSwitchingXappAvailable=1 UavSwitchingXappState=STANDBY BackhaulMode=TN_DIRECT RicControlState=TN_E2 ActiveUavRic=TN_NEAR_RT_RIC NormalUeHandoverAllowed=1 UavMode=TN_CONTROLLED_COVERAGE_EXTENSION
---- LOAD at t=80.5 ----
  cell 1 (TN) load=16/20
  cell 2 (TN) load=19/20
  cell 3 (TN) load=20/20
  cell 4 (TN) load=19/20
  cell 5 (NTN) load=10/10
  cell 6 (NTN) load=8/10
  cell 7 (NTN) load=8/10
UE 8 TTT_WAIT target=4 elapsed=0s need=2s
UE 9 TTT_WAIT target=1 elapsed=0s need=2s
UE 10 TTT_WAIT target=1 elapsed=0s need=2s
UE 12 TTT_WAIT target=4 elapsed=0s need=2s
UE 13 TTT_WAIT target=2 elapsed=0s need=2s
UE 19 TTT_WAIT target=7 elapsed=0s need=2s
UE 23 TTT_WAIT target=1 elapsed=0s need=2s
UE 24 TTT_WAIT target=1 elapsed=0s need=2s
UE 25 TTT_WAIT target=4 elapsed=0s need=2s
LM HO_FAIL_LOW_RSRP UE=28 currCell=3 candCell=1 candRsrp=-129.79 < min=-120
LM HO_FAIL_LOW_RSRP UE=30 currCell=3 candCell=7 candRsrp=-121.402 < min=-120
UE 38 TTT_WAIT target=1 elapsed=0s need=2s
UE 41 TTT_WAIT target=4 elapsed=0s need=2s
UE 42 TTT_WAIT target=4 elapsed=0s need=2s
UE 44 TTT_WAIT target=7 elapsed=0s need=2s
UE 46 TTT_WAIT target=4 elapsed=0s need=2s
UE 47 TTT_WAIT target=2 elapsed=0s need=2s
UE 48 TTT_WAIT target=4 elapsed=0s need=2s
UE 50 TTT_WAIT target=1 elapsed=0s need=2s
UE 51 TTT_WAIT target=6 elapsed=0s need=2s
LM HO UE=52 rnti=167 1->2 type=TN servingRsrp=-122.064 targetRsrp=-111.458 targetLoadReal=19/20 targetLoadEff=19/20
LM HO_FAIL_LOW_RSRP UE=53 currCell=3 candCell=7 candRsrp=-137.644 < min=-120
UE 55 TTT_WAIT target=1 elapsed=0s need=2s
UE 56 TTT_WAIT target=4 elapsed=0s need=2s
LM HO_FAIL_LOW_RSRP UE=57 currCell=2 candCell=1 candRsrp=-126.859 < min=-120
UE 58 TTT_WAIT target=1 elapsed=0s need=2s
LM HO_FAIL_LOW_RSRP UE=59 currCell=1 candCell=7 candRsrp=-128.851 < min=-120
UE 60 TTT_WAIT target=1 elapsed=0s need=2s
UE 61 TTT_WAIT target=7 elapsed=0s need=2s
UE 64 TTT_WAIT target=4 elapsed=0s need=2s
LM HO_FAIL_LOW_RSRP UE=67 currCell=3 candCell=7 candRsrp=-132.816 < min=-120
UE 68 TTT_WAIT target=1 elapsed=0s need=2s
UE 69 TTT_WAIT target=6 elapsed=0s need=2s
UE 70 TTT_WAIT target=6 elapsed=0s need=2s
UE 71 TTT_WAIT target=1 elapsed=0s need=2s
LM HO_FAIL_LOW_RSRP UE=72 currCell=3 candCell=6 candRsrp=-130.31 < min=-120
UE 74 TTT_WAIT target=7 elapsed=0s need=2s
UE 75 TTT_WAIT target=1 elapsed=0s need=2s
UE 76 TTT_WAIT target=4 elapsed=0s need=2s
UE 79 TTT_WAIT target=7 elapsed=0s need=2s
UE 80 TTT_WAIT target=4 elapsed=0s need=2s
UE 83 TTT_WAIT target=1 elapsed=0s need=2s
LM HO_FAIL_LOW_RSRP UE=86 currCell=3 candCell=6 candRsrp=-124.679 < min=-120
UE 89 TTT_WAIT target=4 elapsed=0s need=2s
UE 91 TTT_WAIT target=1 elapsed=0s need=2s
UE 92 TTT_WAIT target=1 elapsed=0s need=2s
UE 93 TTT_WAIT target=6 elapsed=0s need=2s
LM HO_FAIL_LOW_RSRP UE=97 currCell=3 candCell=7 candRsrp=-133.259 < min=-120
UE 99 TTT_WAIT target=1 elapsed=0s need=2s
UE 101 TTT_WAIT target=7 elapsed=0s need=2s
UE 103 TTT_WAIT target=1 elapsed=0s need=2s
LM HO_FAIL_LOW_RSRP UE=104 currCell=2 candCell=7 candRsrp=-126.199 < min=-120
UE 105 TTT_WAIT target=4 elapsed=0s need=2s
LM HO UE=107 rnti=97 5->7 type=NTN servingRsrp=-105.932 targetRsrp=-102.623 targetLoadReal=8/10 targetLoadEff=8/10
TRACE HO_SUCCESS Time=80.6151 IMSI=51 TargetCell=2 Type=TN TargetRSRP=-83.7285 ServingRSRP=-78.6538 BackhaulDlSnr=-999 BackhaulUlSnr=-999
TRACE HO_SUCCESS Time=80.6151 IMSI=106 TargetCell=7 Type=NTN TargetRSRP=-118.767 ServingRSRP=-96.9453 BackhaulDlSnr=10.629 BackhaulUlSnr=6.10844
UAV_AUTONOMY_XAPP Time=82.5 DeploymentMode=tn-uav-satellite UavIndex=0 UavCellId=5 BestDonorCellId=3 BestDonorDistanceM=1931.57 XhaulConnected=1 XhaulChannelVariationDb=-3.8457 XhaulState=HEALTHY DonorUnavailableActive=0 SatBackhaulHealthy=1 UavSwitchingXappAvailable=1 UavSwitchingXappState=STANDBY BackhaulMode=TN_DIRECT RicControlState=TN_E2 ActiveUavRic=TN_NEAR_RT_RIC NormalUeHandoverAllowed=1 UavMode=TN_CONTROLLED_COVERAGE_EXTENSION
UAV_AUTONOMY_XAPP Time=82.5 DeploymentMode=tn-uav-satellite UavIndex=1 UavCellId=6 BestDonorCellId=4 BestDonorDistanceM=571.16 XhaulConnected=1 XhaulChannelVariationDb=-0.163872 XhaulState=HEALTHY DonorUnavailableActive=0 SatBackhaulHealthy=1 UavSwitchingXappAvailable=1 UavSwitchingXappState=STANDBY BackhaulMode=TN_DIRECT RicControlState=TN_E2 ActiveUavRic=TN_NEAR_RT_RIC NormalUeHandoverAllowed=1 UavMode=TN_CONTROLLED_COVERAGE_EXTENSION
UAV_AUTONOMY_XAPP Time=82.5 DeploymentMode=tn-uav-satellite UavIndex=2 UavCellId=7 BestDonorCellId=2 BestDonorDistanceM=342.048 XhaulConnected=1 XhaulChannelVariationDb=-2.04926 XhaulState=HEALTHY DonorUnavailableActive=0 SatBackhaulHealthy=1 UavSwitchingXappAvailable=1 UavSwitchingXappState=STANDBY BackhaulMode=TN_DIRECT RicControlState=TN_E2 ActiveUavRic=TN_NEAR_RT_RIC NormalUeHandoverAllowed=1 UavMode=TN_CONTROLLED_COVERAGE_EXTENSION
---- LOAD at t=82.5 ----
  cell 1 (TN) load=15/20
  cell 2 (TN) load=20/20
  cell 3 (TN) load=20/20
  cell 4 (TN) load=19/20
  cell 5 (NTN) load=9/10
  cell 6 (NTN) load=8/10
  cell 7 (NTN) load=9/10
LM HO UE=8 rnti=135 2->4 type=TN servingRsrp=-113.012 targetRsrp=-101.085 targetLoadReal=19/20 targetLoadEff=19/20
UE 11 TTT_WAIT target=7 elapsed=0s need=2s
UE 12 TTT_WAIT target=5 elapsed=0s need=2s
UE 13 TTT_WAIT target=7 elapsed=0s need=2s
UE 15 TTT_WAIT target=1 elapsed=0s need=2s
UE 16 TTT_WAIT target=1 elapsed=0s need=2s
UE 17 TTT_WAIT target=7 elapsed=0s need=2s
UE 20 TTT_WAIT target=1 elapsed=0s need=2s
UE 22 TTT_WAIT target=6 elapsed=0s need=2s
LM HO UE=24 rnti=131 2->1 type=TN servingRsrp=-131.204 targetRsrp=-117.588 targetLoadReal=15/20 targetLoadEff=15/20
LM HO_FAIL_LOW_RSRP UE=25 currCell=7 candCell=6 candRsrp=-125.028 < min=-120
UE 26 TTT_WAIT target=7 elapsed=0s need=2s
UE 27 TTT_WAIT target=5 elapsed=0s need=2s
UE 28 TTT_WAIT target=1 elapsed=0s need=2s
UE 29 TTT_WAIT target=7 elapsed=0s need=2s
UE 32 TTT_WAIT target=6 elapsed=0s need=2s
UE 33 TTT_WAIT target=1 elapsed=0s need=2s
UE 34 TTT_WAIT target=6 elapsed=0s need=2s
LM HO_FAIL_LOW_RSRP UE=36 currCell=6 candCell=5 candRsrp=-122.337 < min=-120
UE 37 TTT_WAIT target=1 elapsed=0s need=2s
LM HO UE=38 rnti=95 5->1 type=TN servingRsrp=-118.593 targetRsrp=-101.498 targetLoadReal=15/20 targetLoadEff=16/20
LM HO_FAIL_LOW_RSRP UE=39 currCell=1 candCell=7 candRsrp=-127.055 < min=-120
UE 40 TTT_WAIT target=7 elapsed=0s need=2s
UE 41 TTT_WAIT target=6 elapsed=0s need=2s
UE 45 TTT_WAIT target=1 elapsed=0s need=2s
UE 50 TTT_WAIT target=5 elapsed=0s need=2s
LM HO_FAIL_LOW_RSRP UE=51 currCell=3 candCell=7 candRsrp=-128.864 < min=-120
UE 55 TTT_WAIT target=7 elapsed=0s need=2s
LM HO_FAIL_LOW_RSRP UE=56 currCell=1 candCell=6 candRsrp=-124.586 < min=-120
UE 57 TTT_WAIT target=1 elapsed=0s need=2s
LM HO UE=58 rnti=126 2->1 type=TN servingRsrp=-126.314 targetRsrp=-99.1055 targetLoadReal=15/20 targetLoadEff=17/20
UE 59 TTT_WAIT target=5 elapsed=0s need=2s
UE 60 TTT_WAIT target=7 elapsed=0s need=2s
LM HO UE=61 rnti=182 4->7 type=NTN servingRsrp=-115.112 targetRsrp=-115.392 targetLoadReal=9/10 targetLoadEff=9/10
LM HO_FAIL_LOW_RSRP UE=63 currCell=3 candCell=1 candRsrp=-124.34 < min=-120
LM HO_FAIL_LOW_RSRP UE=65 currCell=1 candCell=5 candRsrp=-122.671 < min=-120
UE 67 TTT_WAIT target=1 elapsed=0s need=2s
LM HO UE=68 rnti=133 2->1 type=TN servingRsrp=-126.537 targetRsrp=-119.851 targetLoadReal=15/20 targetLoadEff=18/20
LM HO UE=71 rnti=63 7->1 type=TN servingRsrp=-118.177 targetRsrp=-95.9491 targetLoadReal=15/20 targetLoadEff=19/20
LM HO_FAIL_LOW_RSRP UE=72 currCell=3 candCell=5 candRsrp=-123.235 < min=-120
UE 75 TTT_WAIT target=5 elapsed=0s need=2s
UE 79 TTT_WAIT target=6 elapsed=0s need=2s
UE 80 TTT_WAIT target=6 elapsed=0s need=2s
LM HO_FAIL_LOW_RSRP UE=82 currCell=4 candCell=6 candRsrp=-132.297 < min=-120
UE 83 TTT_WAIT target=5 elapsed=0s need=2s
LM HO_FAIL_LOW_RSRP UE=86 currCell=3 candCell=5 candRsrp=-124.653 < min=-120
LM HO_FAIL_LOW_RSRP UE=93 currCell=4 candCell=6 candRsrp=-125.631 < min=-120
UE 95 TTT_WAIT target=6 elapsed=0s need=2s
UE 97 TTT_WAIT target=6 elapsed=0s need=2s
UE 99 TTT_WAIT target=5 elapsed=0s need=2s
LM HO_FAIL_LOW_RSRP UE=104 currCell=2 candCell=5 candRsrp=-131.643 < min=-120
TRACE HO_SUCCESS Time=82.6151 IMSI=23 TargetCell=1 Type=TN TargetRSRP=-135.122 ServingRSRP=-126.579 BackhaulDlSnr=-999 BackhaulUlSnr=-999
TRACE HO_SUCCESS Time=82.6151 IMSI=57 TargetCell=1 Type=TN TargetRSRP=-103.307 ServingRSRP=-119.673 BackhaulDlSnr=-999 BackhaulUlSnr=-999
TRACE HO_SUCCESS Time=82.6151 IMSI=67 TargetCell=1 Type=TN TargetRSRP=-126.429 ServingRSRP=-114.292 BackhaulDlSnr=-999 BackhaulUlSnr=-999
TRACE HO_SUCCESS Time=82.6151 IMSI=37 TargetCell=1 Type=TN TargetRSRP=-123.474 ServingRSRP=-100.991 BackhaulDlSnr=-999 BackhaulUlSnr=-999
TRACE HO_SUCCESS Time=82.6151 IMSI=70 TargetCell=1 Type=TN TargetRSRP=-99.6105 ServingRSRP=-87.1187 BackhaulDlSnr=-999 BackhaulUlSnr=-999
TRACE HO_SUCCESS Time=82.6151 IMSI=7 TargetCell=4 Type=TN TargetRSRP=-123.071 ServingRSRP=-88.1586 BackhaulDlSnr=-999 BackhaulUlSnr=-999
TRACE HO_SUCCESS Time=82.6151 IMSI=60 TargetCell=7 Type=NTN TargetRSRP=-135.609 ServingRSRP=-102.294 BackhaulDlSnr=11.5252 BackhaulUlSnr=7.00455
UAV_AUTONOMY_XAPP Time=84.5 DeploymentMode=tn-uav-satellite UavIndex=0 UavCellId=5 BestDonorCellId=1 BestDonorDistanceM=1903.59 XhaulConnected=1 XhaulChannelVariationDb=4.33644 XhaulState=HEALTHY DonorUnavailableActive=0 SatBackhaulHealthy=1 UavSwitchingXappAvailable=1 UavSwitchingXappState=STANDBY BackhaulMode=TN_DIRECT RicControlState=TN_E2 ActiveUavRic=TN_NEAR_RT_RIC NormalUeHandoverAllowed=1 UavMode=TN_CONTROLLED_COVERAGE_EXTENSION
UAV_AUTONOMY_XAPP Time=84.5 DeploymentMode=tn-uav-satellite UavIndex=1 UavCellId=6 BestDonorCellId=4 BestDonorDistanceM=595.425 XhaulConnected=1 XhaulChannelVariationDb=2.52106 XhaulState=HEALTHY DonorUnavailableActive=0 SatBackhaulHealthy=1 UavSwitchingXappAvailable=1 UavSwitchingXappState=STANDBY BackhaulMode=TN_DIRECT RicControlState=TN_E2 ActiveUavRic=TN_NEAR_RT_RIC NormalUeHandoverAllowed=1 UavMode=TN_CONTROLLED_COVERAGE_EXTENSION
UAV_AUTONOMY_XAPP Time=84.5 DeploymentMode=tn-uav-satellite UavIndex=2 UavCellId=7 BestDonorCellId=2 BestDonorDistanceM=335.561 XhaulConnected=1 XhaulChannelVariationDb=-4.44142 XhaulState=HEALTHY DonorUnavailableActive=0 SatBackhaulHealthy=1 UavSwitchingXappAvailable=1 UavSwitchingXappState=STANDBY BackhaulMode=TN_DIRECT RicControlState=TN_E2 ActiveUavRic=TN_NEAR_RT_RIC NormalUeHandoverAllowed=1 UavMode=TN_CONTROLLED_COVERAGE_EXTENSION
---- LOAD at t=84.5 ----
  cell 1 (TN) load=20/20
  cell 2 (TN) load=16/20
  cell 3 (TN) load=20/20
  cell 4 (TN) load=19/20
  cell 5 (NTN) load=8/10
  cell 6 (NTN) load=8/10
  cell 7 (NTN) load=9/10
UE 8 TTT_WAIT target=2 elapsed=0s need=2s
UE 9 TTT_WAIT target=4 elapsed=0s need=2s
LM HO_FAIL_LOW_RSRP UE=10 currCell=3 candCell=7 candRsrp=-125.434 < min=-120
LM HO UE=12 rnti=124 2->5 type=NTN servingRsrp=-139.948 targetRsrp=-108.901 targetLoadReal=8/10 targetLoadEff=8/10
UE 13 TTT_WAIT target=2 elapsed=0s need=2s
UE 17 TTT_WAIT target=4 elapsed=0s need=2s
LM HO_FAIL_LOW_RSRP UE=22 currCell=4 candCell=6 candRsrp=-121.233 < min=-120
UE 24 TTT_WAIT target=2 elapsed=0s need=2s
UE 25 TTT_WAIT target=6 elapsed=0s need=2s
UE 26 TTT_WAIT target=6 elapsed=0s need=2s
LM HO_FAIL_LOW_RSRP UE=28 currCell=3 candCell=4 candRsrp=-128.65 < min=-120
UE 30 TTT_WAIT target=2 elapsed=0s need=2s
UE 33 TTT_WAIT target=7 elapsed=0s need=2s
UE 37 TTT_WAIT target=2 elapsed=0s need=2s
UE 38 TTT_WAIT target=6 elapsed=0s need=2s
UE 40 TTT_WAIT target=5 elapsed=0s need=2s
UE 41 TTT_WAIT target=4 elapsed=0s need=2s
UE 42 TTT_WAIT target=2 elapsed=0s need=2s
UE 44 TTT_WAIT target=7 elapsed=0s need=2s
UE 45 TTT_WAIT target=2 elapsed=0s need=2s
UE 46 TTT_WAIT target=2 elapsed=0s need=2s
UE 51 TTT_WAIT target=4 elapsed=0s need=2s
UE 52 TTT_WAIT target=6 elapsed=0s need=2s
LM HO_FAIL_LOW_RSRP UE=53 currCell=3 candCell=5 candRsrp=-124.454 < min=-120
UE 57 TTT_WAIT target=7 elapsed=0s need=2s
UE 58 TTT_WAIT target=5 elapsed=0s need=2s
UE 61 TTT_WAIT target=2 elapsed=0s need=2s
UE 63 TTT_WAIT target=6 elapsed=0s need=2s
UE 64 TTT_WAIT target=4 elapsed=0s need=2s
UE 65 TTT_WAIT target=2 elapsed=0s need=2s
UE 66 TTT_WAIT target=7 elapsed=0s need=2s
UE 67 TTT_WAIT target=7 elapsed=0s need=2s
UE 69 TTT_WAIT target=6 elapsed=0s need=2s
UE 71 TTT_WAIT target=4 elapsed=0s need=2s
LM HO_FAIL_LOW_RSRP UE=72 currCell=3 candCell=5 candRsrp=-123.954 < min=-120
UE 74 TTT_WAIT target=2 elapsed=0s need=2s
LM HO_FAIL_LOW_RSRP UE=75 currCell=3 candCell=7 candRsrp=-124.678 < min=-120
LM HO_FAIL_LOW_RSRP UE=76 currCell=1 candCell=7 candRsrp=-125.965 < min=-120
UE 80 TTT_WAIT target=2 elapsed=0s need=2s
UE 83 TTT_WAIT target=2 elapsed=0s need=2s
UE 84 TTT_WAIT target=7 elapsed=0s need=2s
UE 86 TTT_WAIT target=2 elapsed=0s need=2s
UE 89 TTT_WAIT target=4 elapsed=0s need=2s
UE 92 TTT_WAIT target=7 elapsed=0s need=2s
LM HO UE=95 rnti=82 7->6 type=NTN servingRsrp=-129.536 targetRsrp=-103.202 targetLoadReal=8/10 targetLoadEff=8/10
LM HO_FAIL_LOW_RSRP UE=96 currCell=2 candCell=7 candRsrp=-122.571 < min=-120
UE 97 TTT_WAIT target=2 elapsed=0s need=2s
UE 98 TTT_WAIT target=2 elapsed=0s need=2s
UE 99 TTT_WAIT target=7 elapsed=0s need=2s
UE 101 TTT_WAIT target=7 elapsed=0s need=2s
UE 102 TTT_WAIT target=4 elapsed=0s need=2s
UE 104 TTT_WAIT target=7 elapsed=0s need=2s
UE 105 TTT_WAIT target=4 elapsed=0s need=2s
UE 106 TTT_WAIT target=4 elapsed=0s need=2s
TRACE HO_SUCCESS Time=84.6151 IMSI=11 TargetCell=5 Type=NTN TargetRSRP=-76.4791 ServingRSRP=-106.538 BackhaulDlSnr=13.1644 BackhaulUlSnr=8.64378
TRACE HO_SUCCESS Time=84.6151 IMSI=94 TargetCell=6 Type=NTN TargetRSRP=-126.406 ServingRSRP=-92.8991 BackhaulDlSnr=15.0402 BackhaulUlSnr=10.5196
UAV_AUTONOMY_XAPP Time=86.5 DeploymentMode=tn-uav-satellite UavIndex=0 UavCellId=5 BestDonorCellId=1 BestDonorDistanceM=1951.21 XhaulConnected=1 XhaulChannelVariationDb=-1.7948 XhaulState=HEALTHY DonorUnavailableActive=0 SatBackhaulHealthy=1 UavSwitchingXappAvailable=1 UavSwitchingXappState=STANDBY BackhaulMode=TN_DIRECT RicControlState=TN_E2 ActiveUavRic=TN_NEAR_RT_RIC NormalUeHandoverAllowed=1 UavMode=TN_CONTROLLED_COVERAGE_EXTENSION
UAV_AUTONOMY_XAPP Time=86.5 DeploymentMode=tn-uav-satellite UavIndex=1 UavCellId=6 BestDonorCellId=4 BestDonorDistanceM=604.427 XhaulConnected=1 XhaulChannelVariationDb=-1.15315 XhaulState=HEALTHY DonorUnavailableActive=0 SatBackhaulHealthy=1 UavSwitchingXappAvailable=1 UavSwitchingXappState=STANDBY BackhaulMode=TN_DIRECT RicControlState=TN_E2 ActiveUavRic=TN_NEAR_RT_RIC NormalUeHandoverAllowed=1 UavMode=TN_CONTROLLED_COVERAGE_EXTENSION
UAV_AUTONOMY_XAPP Time=86.5 DeploymentMode=tn-uav-satellite UavIndex=2 UavCellId=7 BestDonorCellId=2 BestDonorDistanceM=315.567 XhaulConnected=1 XhaulChannelVariationDb=1.00142 XhaulState=HEALTHY DonorUnavailableActive=0 SatBackhaulHealthy=1 UavSwitchingXappAvailable=1 UavSwitchingXappState=STANDBY BackhaulMode=TN_DIRECT RicControlState=TN_E2 ActiveUavRic=TN_NEAR_RT_RIC NormalUeHandoverAllowed=1 UavMode=TN_CONTROLLED_COVERAGE_EXTENSION
---- LOAD at t=86.5 ----
  cell 1 (TN) load=20/20
  cell 2 (TN) load=15/20
  cell 3 (TN) load=20/20
  cell 4 (TN) load=19/20
  cell 5 (NTN) load=9/10
  cell 6 (NTN) load=9/10
  cell 7 (NTN) load=8/10
LM HO UE=9 rnti=136 2->4 type=TN servingRsrp=-110.639 targetRsrp=-82.8882 targetLoadReal=19/20 targetLoadEff=19/20
LM HO UE=13 rnti=204 1->2 type=TN servingRsrp=-102.364 targetRsrp=-80.7082 targetLoadReal=15/20 targetLoadEff=15/20
UE 14 TTT_WAIT target=7 elapsed=0s need=2s
UE 16 TTT_WAIT target=6 elapsed=0s need=2s
UE 20 TTT_WAIT target=5 elapsed=0s need=2s
LM HO_FAIL_LOW_RSRP UE=22 currCell=4 candCell=6 candRsrp=-127.727 < min=-120
UE 23 TTT_WAIT target=6 elapsed=0s need=2s
UE 24 TTT_WAIT target=5 elapsed=0s need=2s
LM HO UE=25 rnti=84 7->6 type=NTN servingRsrp=-141.17 targetRsrp=-88.7511 targetLoadReal=9/10 targetLoadEff=9/10
LM HO_FAIL_LOW_RSRP UE=26 currCell=3 candCell=5 candRsrp=-132.408 < min=-120
UE 27 TTT_WAIT target=2 elapsed=0s need=2s
UE 28 TTT_WAIT target=2 elapsed=0s need=2s
LM HO_FAIL_LOW_RSRP UE=30 currCell=3 candCell=5 candRsrp=-122.072 < min=-120
LM HO_FAIL_LOW_RSRP UE=34 currCell=4 candCell=5 candRsrp=-120.385 < min=-120
UE 35 TTT_WAIT target=7 elapsed=0s need=2s
LM HO UE=37 rnti=172 4->2 type=TN servingRsrp=-118.532 targetRsrp=-109.089 targetLoadReal=15/20 targetLoadEff=16/20
UE 38 TTT_WAIT target=5 elapsed=0s need=2s
UE 39 TTT_WAIT target=2 elapsed=0s need=2s
UE 40 TTT_WAIT target=2 elapsed=0s need=2s
LM HO_FAIL_LOW_RSRP UE=42 currCell=1 candCell=2 candRsrp=-126.59 < min=-120
LM HO_FAIL_LOW_RSRP UE=44 currCell=2 candCell=5 candRsrp=-138.302 < min=-120
LM HO UE=45 rnti=193 3->2 type=TN servingRsrp=-96.5819 targetRsrp=-88.3558 targetLoadReal=15/20 targetLoadEff=17/20
UE 48 TTT_WAIT target=2 elapsed=0s need=2s
UE 50 TTT_WAIT target=2 elapsed=0s need=2s
UE 51 TTT_WAIT target=2 elapsed=0s need=2s
LM HO_FAIL_LOW_RSRP UE=52 currCell=2 candCell=7 candRsrp=-126.456 < min=-120
UE 54 TTT_WAIT target=2 elapsed=0s need=2s
UE 55 TTT_WAIT target=7 elapsed=0s need=2s
UE 57 TTT_WAIT target=5 elapsed=0s need=2s
UE 59 TTT_WAIT target=5 elapsed=0s need=2s
UE 62 TTT_WAIT target=5 elapsed=0s need=2s
UE 63 TTT_WAIT target=2 elapsed=0s need=2s
UE 64 TTT_WAIT target=7 elapsed=0s need=2s
UE 72 TTT_WAIT target=2 elapsed=0s need=2s
UE 75 TTT_WAIT target=7 elapsed=0s need=2s
UE 76 TTT_WAIT target=2 elapsed=0s need=2s
LM HO_FAIL_LOW_RSRP UE=79 currCell=4 candCell=7 candRsrp=-128.163 < min=-120
UE 81 TTT_WAIT target=7 elapsed=0s need=2s
LM HO_FAIL_LOW_RSRP UE=82 currCell=4 candCell=7 candRsrp=-130.886 < min=-120
UE 83 TTT_WAIT target=7 elapsed=0s need=2s
UE 85 TTT_WAIT target=7 elapsed=0s need=2s
UE 86 TTT_WAIT target=7 elapsed=0s need=2s
UE 87 TTT_WAIT target=2 elapsed=0s need=2s
UE 90 TTT_WAIT target=7 elapsed=0s need=2s
LM HO UE=92 rnti=116 2->7 type=NTN servingRsrp=-100.396 targetRsrp=-83.9217 targetLoadReal=8/10 targetLoadEff=8/10
UE 94 TTT_WAIT target=7 elapsed=0s need=2s
UE 98 TTT_WAIT target=5 elapsed=0s need=2s
LM HO_FAIL_LOW_RSRP UE=99 currCell=2 candCell=5 candRsrp=-121.173 < min=-120
UE 100 TTT_WAIT target=2 elapsed=0s need=2s
LM HO UE=101 rnti=92 5->7 type=NTN servingRsrp=-104.341 targetRsrp=-91.149 targetLoadReal=8/10 targetLoadEff=9/10
LM HO_FAIL_LOW_RSRP UE=103 currCell=2 candCell=5 candRsrp=-132.422 < min=-120
LM HO_FAIL_LOW_RSRP UE=104 currCell=2 candCell=5 candRsrp=-131.68 < min=-120
UE 105 TTT_WAIT target=2 elapsed=0s need=2s
UE 106 TTT_WAIT target=5 elapsed=0s need=2s
TRACE HO_SUCCESS Time=86.6151 IMSI=12 TargetCell=2 Type=TN TargetRSRP=-70.5998 ServingRSRP=-98.6262 BackhaulDlSnr=-999 BackhaulUlSnr=-999
TRACE HO_SUCCESS Time=86.6151 IMSI=44 TargetCell=2 Type=TN TargetRSRP=-110.037 ServingRSRP=-80.2299 BackhaulDlSnr=-999 BackhaulUlSnr=-999
TRACE HO_SUCCESS Time=86.6151 IMSI=36 TargetCell=2 Type=TN TargetRSRP=-119.824 ServingRSRP=-96.5745 BackhaulDlSnr=-999 BackhaulUlSnr=-999
TRACE HO_SUCCESS Time=86.6151 IMSI=8 TargetCell=4 Type=TN TargetRSRP=-91.9684 ServingRSRP=-79.7804 BackhaulDlSnr=-999 BackhaulUlSnr=-999
TRACE HO_SUCCESS Time=86.6151 IMSI=24 TargetCell=6 Type=NTN TargetRSRP=-118.715 ServingRSRP=-122.953 BackhaulDlSnr=11.7049 BackhaulUlSnr=7.18434
TRACE HO_SUCCESS Time=86.6151 IMSI=91 TargetCell=7 Type=NTN TargetRSRP=-121.588 ServingRSRP=-96.4968 BackhaulDlSnr=14.001 BackhaulUlSnr=9.48043
TRACE HO_SUCCESS Time=86.6151 IMSI=100 TargetCell=7 Type=NTN TargetRSRP=-134.713 ServingRSRP=-117.244 BackhaulDlSnr=14.001 BackhaulUlSnr=9.48043
UAV_AUTONOMY_XAPP Time=88.5 DeploymentMode=tn-uav-satellite UavIndex=0 UavCellId=5 BestDonorCellId=2 BestDonorDistanceM=2454.34 XhaulConnected=1 XhaulChannelVariationDb=0.0476279 XhaulState=HEALTHY DonorUnavailableActive=0 SatBackhaulHealthy=1 UavSwitchingXappAvailable=1 UavSwitchingXappState=STANDBY BackhaulMode=TN_DIRECT RicControlState=TN_E2 ActiveUavRic=TN_NEAR_RT_RIC NormalUeHandoverAllowed=1 UavMode=TN_CONTROLLED_COVERAGE_EXTENSION
UAV_AUTONOMY_XAPP Time=88.5 DeploymentMode=tn-uav-satellite UavIndex=1 UavCellId=6 BestDonorCellId=4 BestDonorDistanceM=632.779 XhaulConnected=1 XhaulChannelVariationDb=1.42404 XhaulState=HEALTHY DonorUnavailableActive=0 SatBackhaulHealthy=1 UavSwitchingXappAvailable=1 UavSwitchingXappState=STANDBY BackhaulMode=TN_DIRECT RicControlState=TN_E2 ActiveUavRic=TN_NEAR_RT_RIC NormalUeHandoverAllowed=1 UavMode=TN_CONTROLLED_COVERAGE_EXTENSION
UAV_AUTONOMY_XAPP Time=88.5 DeploymentMode=tn-uav-satellite UavIndex=2 UavCellId=7 BestDonorCellId=2 BestDonorDistanceM=315.377 XhaulConnected=1 XhaulChannelVariationDb=-0.426974 XhaulState=HEALTHY DonorUnavailableActive=0 SatBackhaulHealthy=1 UavSwitchingXappAvailable=1 UavSwitchingXappState=STANDBY BackhaulMode=TN_DIRECT RicControlState=TN_E2 ActiveUavRic=TN_NEAR_RT_RIC NormalUeHandoverAllowed=1 UavMode=TN_CONTROLLED_COVERAGE_EXTENSION
---- LOAD at t=88.5 ----
  cell 1 (TN) load=19/20
  cell 2 (TN) load=16/20
  cell 3 (TN) load=19/20
  cell 4 (TN) load=19/20
  cell 5 (NTN) load=8/10
  cell 6 (NTN) load=10/10
  cell 7 (NTN) load=9/10
UE 8 TTT_WAIT target=1 elapsed=0s need=2s
UE 11 TTT_WAIT target=5 elapsed=0s need=2s
UE 20 TTT_WAIT target=1 elapsed=0s need=2s
UE 21 TTT_WAIT target=5 elapsed=0s need=2s
UE 22 TTT_WAIT target=2 elapsed=0s need=2s
LM HO_FAIL_LOW_RSRP UE=24 currCell=1 candCell=5 candRsrp=-125.528 < min=-120
LM HO_FAIL_LOW_RSRP UE=26 currCell=3 candCell=5 candRsrp=-125.794 < min=-120
LM HO_FAIL_LOW_RSRP UE=27 currCell=4 candCell=2 candRsrp=-120.061 < min=-120
LM HO UE=28 rnti=200 3->2 type=TN servingRsrp=-123.552 targetRsrp=-109.718 targetLoadReal=16/20 targetLoadEff=16/20
LM HO_FAIL_LOW_RSRP UE=30 currCell=3 candCell=5 candRsrp=-124.126 < min=-120
UE 33 TTT_WAIT target=4 elapsed=0s need=2s
UE 36 TTT_WAIT target=7 elapsed=0s need=2s
UE 37 TTT_WAIT target=4 elapsed=0s need=2s
UE 38 TTT_WAIT target=3 elapsed=0s need=2s
UE 40 TTT_WAIT target=1 elapsed=0s need=2s
UE 41 TTT_WAIT target=4 elapsed=0s need=2s
UE 42 TTT_WAIT target=2 elapsed=0s need=2s
UE 45 TTT_WAIT target=1 elapsed=0s need=2s
UE 46 TTT_WAIT target=1 elapsed=0s need=2s
LM HO_FAIL_LOW_RSRP UE=50 currCell=3 candCell=5 candRsrp=-136.036 < min=-120
UE 51 TTT_WAIT target=1 elapsed=0s need=2s
UE 52 TTT_WAIT target=1 elapsed=0s need=2s
UE 53 TTT_WAIT target=7 elapsed=0s need=2s
LM HO UE=54 rnti=24 7->2 type=TN servingRsrp=-137.43 targetRsrp=-88.6602 targetLoadReal=16/20 targetLoadEff=17/20
UE 55 TTT_WAIT target=2 elapsed=0s need=2s
UE 56 TTT_WAIT target=3 elapsed=0s need=2s
LM HO UE=57 rnti=137 2->5 type=NTN servingRsrp=-122.836 targetRsrp=-106.247 targetLoadReal=8/10 targetLoadEff=8/10
UE 59 TTT_WAIT target=3 elapsed=0s need=2s
UE 61 TTT_WAIT target=2 elapsed=0s need=2s
LM HO_FAIL_LOW_RSRP UE=62 currCell=1 candCell=7 candRsrp=-126.224 < min=-120
UE 66 TTT_WAIT target=2 elapsed=0s need=2s
UE 67 TTT_WAIT target=2 elapsed=0s need=2s
UE 68 TTT_WAIT target=2 elapsed=0s need=2s
UE 69 TTT_WAIT target=2 elapsed=0s need=2s
UE 70 TTT_WAIT target=2 elapsed=0s need=2s
UE 74 TTT_WAIT target=1 elapsed=0s need=2s
UE 75 TTT_WAIT target=2 elapsed=0s need=2s
LM HO UE=76 rnti=201 1->2 type=TN servingRsrp=-114.844 targetRsrp=-103.894 targetLoadReal=16/20 targetLoadEff=18/20
LM HO_FAIL_LOW_RSRP UE=79 currCell=4 candCell=7 candRsrp=-129.385 < min=-120
UE 80 TTT_WAIT target=5 elapsed=0s need=2s
UE 81 TTT_WAIT target=1 elapsed=0s need=2s
UE 82 TTT_WAIT target=3 elapsed=0s need=2s
LM HO_FAIL_LOW_RSRP UE=83 currCell=3 candCell=1 candRsrp=-121.6 < min=-120
UE 84 TTT_WAIT target=3 elapsed=0s need=2s
LM HO UE=85 rnti=178 4->7 type=NTN servingRsrp=-109.368 targetRsrp=-90.4638 targetLoadReal=9/10 targetLoadEff=9/10
UE 86 TTT_WAIT target=4 elapsed=0s need=2s
UE 91 TTT_WAIT target=4 elapsed=0s need=2s
UE 92 TTT_WAIT target=1 elapsed=0s need=2s
UE 94 TTT_WAIT target=2 elapsed=0s need=2s
UE 95 TTT_WAIT target=1 elapsed=0s need=2s
UE 97 TTT_WAIT target=2 elapsed=0s need=2s
UE 98 TTT_WAIT target=3 elapsed=0s need=2s
LM HO_FAIL_LOW_RSRP UE=99 currCell=2 candCell=3 candRsrp=-122.137 < min=-120
UE 101 TTT_WAIT target=3 elapsed=0s need=2s
UE 102 TTT_WAIT target=1 elapsed=0s need=2s
UE 103 TTT_WAIT target=3 elapsed=0s need=2s
UE 104 TTT_WAIT target=1 elapsed=0s need=2s
UE 105 TTT_WAIT target=3 elapsed=0s need=2s
TRACE HO_SUCCESS Time=88.6151 IMSI=75 TargetCell=2 Type=TN TargetRSRP=-108.397 ServingRSRP=-81.3482 BackhaulDlSnr=-999 BackhaulUlSnr=-999
TRACE HO_SUCCESS Time=88.6151 IMSI=27 TargetCell=2 Type=TN TargetRSRP=-136.196 ServingRSRP=-108.545 BackhaulDlSnr=-999 BackhaulUlSnr=-999
TRACE HO_SUCCESS Time=88.6151 IMSI=53 TargetCell=2 Type=TN TargetRSRP=-118.438 ServingRSRP=-99.1878 BackhaulDlSnr=-999 BackhaulUlSnr=-999
TRACE HO_SUCCESS Time=88.6151 IMSI=56 TargetCell=5 Type=NTN TargetRSRP=-110.197 ServingRSRP=-86.7901 BackhaulDlSnr=11.609 BackhaulUlSnr=7.08839
TRACE HO_SUCCESS Time=88.6151 IMSI=84 TargetCell=7 Type=NTN TargetRSRP=-128.668 ServingRSRP=-107.922 BackhaulDlSnr=11.498 BackhaulUlSnr=6.97736
UAV_AUTONOMY_XAPP Time=90.5 DeploymentMode=tn-uav-satellite UavIndex=0 UavCellId=5 BestDonorCellId=3 BestDonorDistanceM=2091.1 XhaulConnected=1 XhaulChannelVariationDb=2.49687 XhaulState=HEALTHY DonorUnavailableActive=0 SatBackhaulHealthy=1 UavSwitchingXappAvailable=1 UavSwitchingXappState=STANDBY BackhaulMode=TN_DIRECT RicControlState=TN_E2 ActiveUavRic=TN_NEAR_RT_RIC NormalUeHandoverAllowed=1 UavMode=TN_CONTROLLED_COVERAGE_EXTENSION
UAV_AUTONOMY_XAPP Time=90.5 DeploymentMode=tn-uav-satellite UavIndex=1 UavCellId=6 BestDonorCellId=4 BestDonorDistanceM=632.779 XhaulConnected=1 XhaulChannelVariationDb=-1.83449 XhaulState=HEALTHY DonorUnavailableActive=0 SatBackhaulHealthy=1 UavSwitchingXappAvailable=1 UavSwitchingXappState=STANDBY BackhaulMode=TN_DIRECT RicControlState=TN_E2 ActiveUavRic=TN_NEAR_RT_RIC NormalUeHandoverAllowed=1 UavMode=TN_CONTROLLED_COVERAGE_EXTENSION
UAV_AUTONOMY_XAPP Time=90.5 DeploymentMode=tn-uav-satellite UavIndex=2 UavCellId=7 BestDonorCellId=2 BestDonorDistanceM=287.762 XhaulConnected=1 XhaulChannelVariationDb=-2.73288 XhaulState=HEALTHY DonorUnavailableActive=0 SatBackhaulHealthy=1 UavSwitchingXappAvailable=1 UavSwitchingXappState=STANDBY BackhaulMode=TN_DIRECT RicControlState=TN_E2 ActiveUavRic=TN_NEAR_RT_RIC NormalUeHandoverAllowed=1 UavMode=TN_CONTROLLED_COVERAGE_EXTENSION
---- LOAD at t=90.5 ----
  cell 1 (TN) load=18/20
  cell 2 (TN) load=18/20
  cell 3 (TN) load=18/20
  cell 4 (TN) load=18/20
  cell 5 (NTN) load=9/10
  cell 6 (NTN) load=10/10
  cell 7 (NTN) load=9/10
UE 8 TTT_WAIT target=2 elapsed=0s need=2s
UE 9 TTT_WAIT target=3 elapsed=0s need=2s
UE 11 TTT_WAIT target=7 elapsed=0s need=2s
LM HO_FAIL_LOW_RSRP UE=16 currCell=4 candCell=5 candRsrp=-122.154 < min=-120
UE 17 TTT_WAIT target=3 elapsed=0s need=2s
UE 18 TTT_WAIT target=2 elapsed=0s need=2s
UE 23 TTT_WAIT target=1 elapsed=0s need=2s
UE 24 TTT_WAIT target=3 elapsed=0s need=2s
UE 27 TTT_WAIT target=3 elapsed=0s need=2s
LM HO_FAIL_LOW_RSRP UE=28 currCell=2 candCell=5 candRsrp=-128.637 < min=-120
UE 30 TTT_WAIT target=1 elapsed=0s need=2s
UE 33 TTT_WAIT target=7 elapsed=0s need=2s
UE 34 TTT_WAIT target=2 elapsed=0s need=2s
UE 37 TTT_WAIT target=3 elapsed=0s need=2s
LM HO UE=38 rnti=206 1->3 type=TN servingRsrp=-127.819 targetRsrp=-109.727 targetLoadReal=18/20 targetLoadEff=18/20
UE 39 TTT_WAIT target=2 elapsed=0s need=2s
LM HO UE=40 rnti=176 4->1 type=TN servingRsrp=-112.618 targetRsrp=-96.4252 targetLoadReal=18/20 targetLoadEff=18/20
UE 41 TTT_WAIT target=2 elapsed=0s need=2s
UE 42 TTT_WAIT target=4 elapsed=0s need=2s
UE 44 TTT_WAIT target=4 elapsed=0s need=2s
UE 45 TTT_WAIT target=3 elapsed=0s need=2s
UE 47 TTT_WAIT target=3 elapsed=0s need=2s
LM HO_FAIL_LOW_RSRP UE=50 currCell=3 candCell=5 candRsrp=-132.385 < min=-120
LM HO_FAIL_LOW_RSRP UE=51 currCell=3 candCell=7 candRsrp=-130.822 < min=-120
LM HO UE=53 rnti=201 3->7 type=NTN servingRsrp=-115.502 targetRsrp=-110.014 targetLoadReal=9/10 targetLoadEff=9/10
UE 56 TTT_WAIT target=4 elapsed=0s need=2s
UE 58 TTT_WAIT target=5 elapsed=0s need=2s
UE 59 TTT_WAIT target=4 elapsed=0s need=2s
UE 60 TTT_WAIT target=3 elapsed=0s need=2s
UE 62 TTT_WAIT target=3 elapsed=0s need=2s
LM HO_FAIL_LOW_RSRP UE=63 currCell=3 candCell=2 candRsrp=-121.158 < min=-120
UE 64 TTT_WAIT target=4 elapsed=0s need=2s
UE 65 TTT_WAIT target=3 elapsed=0s need=2s
UE 66 TTT_WAIT target=3 elapsed=0s need=2s
UE 71 TTT_WAIT target=4 elapsed=0s need=2s
UE 72 TTT_WAIT target=1 elapsed=0s need=2s
LM HO_FAIL_LOW_RSRP UE=74 currCell=3 candCell=5 candRsrp=-122.423 < min=-120
LM HO_FAIL_LOW_RSRP UE=79 currCell=4 candCell=5 candRsrp=-146.261 < min=-120
UE 80 TTT_WAIT target=2 elapsed=0s need=2s
UE 81 TTT_WAIT target=4 elapsed=0s need=2s
LM HO_FAIL_LOW_RSRP UE=82 currCell=4 candCell=5 candRsrp=-139.751 < min=-120
UE 83 TTT_WAIT target=2 elapsed=0s need=2s
UE 85 TTT_WAIT target=2 elapsed=0s need=2s
UE 86 TTT_WAIT target=2 elapsed=0s need=2s
UE 89 TTT_WAIT target=4 elapsed=0s need=2s
LM HO UE=91 rnti=81 7->4 type=TN servingRsrp=-91.6008 targetRsrp=-81.0704 targetLoadReal=18/20 targetLoadEff=18/20
LM HO UE=92 rnti=87 7->1 type=TN servingRsrp=-120.603 targetRsrp=-75.9979 targetLoadReal=18/20 targetLoadEff=19/20
UE 93 TTT_WAIT target=5 elapsed=0s need=2s
UE 98 TTT_WAIT target=5 elapsed=0s need=2s
UE 99 TTT_WAIT target=4 elapsed=0s need=2s
UE 100 TTT_WAIT target=2 elapsed=0s need=2s
LM HO UE=101 rnti=88 7->3 type=TN servingRsrp=-105.647 targetRsrp=-97.2284 targetLoadReal=18/20 targetLoadEff=19/20
LM HO_FAIL_LOW_RSRP UE=102 currCell=3 candCell=5 candRsrp=-136.447 < min=-120
LM HO_FAIL_LOW_RSRP UE=103 currCell=2 candCell=5 candRsrp=-134.54 < min=-120
UE 104 TTT_WAIT target=4 elapsed=0s need=2s
UE 106 TTT_WAIT target=4 elapsed=0s need=2s
UE 107 TTT_WAIT target=4 elapsed=0s need=2s
TRACE HO_SUCCESS Time=90.6151 IMSI=39 TargetCell=1 Type=TN TargetRSRP=-120.422 ServingRSRP=-97.0181 BackhaulDlSnr=-999 BackhaulUlSnr=-999
TRACE HO_SUCCESS Time=90.6151 IMSI=91 TargetCell=1 Type=TN TargetRSRP=-85.5277 ServingRSRP=-81.7806 BackhaulDlSnr=-999 BackhaulUlSnr=-999
TRACE HO_SUCCESS Time=90.6151 IMSI=37 TargetCell=3 Type=TN TargetRSRP=-87.6579 ServingRSRP=-84.0517 BackhaulDlSnr=-999 BackhaulUlSnr=-999
TRACE HO_SUCCESS Time=90.6151 IMSI=100 TargetCell=3 Type=TN TargetRSRP=-126.687 ServingRSRP=-118.889 BackhaulDlSnr=-999 BackhaulUlSnr=-999
TRACE HO_SUCCESS Time=90.6151 IMSI=90 TargetCell=4 Type=TN TargetRSRP=-117.014 ServingRSRP=-98.9467 BackhaulDlSnr=-999 BackhaulUlSnr=-999
TRACE HO_SUCCESS Time=90.6151 IMSI=52 TargetCell=7 Type=NTN TargetRSRP=-132.652 ServingRSRP=-117.929 BackhaulDlSnr=11.9656 BackhaulUlSnr=7.445
UAV_AUTONOMY_XAPP Time=92.5 DeploymentMode=tn-uav-satellite UavIndex=0 UavCellId=5 BestDonorCellId=1 BestDonorDistanceM=2082.29 XhaulConnected=1 XhaulChannelVariationDb=-1.54565 XhaulState=HEALTHY DonorUnavailableActive=0 SatBackhaulHealthy=1 UavSwitchingXappAvailable=1 UavSwitchingXappState=STANDBY BackhaulMode=TN_DIRECT RicControlState=TN_E2 ActiveUavRic=TN_NEAR_RT_RIC NormalUeHandoverAllowed=1 UavMode=TN_CONTROLLED_COVERAGE_EXTENSION
UAV_AUTONOMY_XAPP Time=92.5 DeploymentMode=tn-uav-satellite UavIndex=1 UavCellId=6 BestDonorCellId=4 BestDonorDistanceM=632.779 XhaulConnected=1 XhaulChannelVariationDb=0.503886 XhaulState=HEALTHY DonorUnavailableActive=0 SatBackhaulHealthy=1 UavSwitchingXappAvailable=1 UavSwitchingXappState=STANDBY BackhaulMode=TN_DIRECT RicControlState=TN_E2 ActiveUavRic=TN_NEAR_RT_RIC NormalUeHandoverAllowed=1 UavMode=TN_CONTROLLED_COVERAGE_EXTENSION
UAV_AUTONOMY_XAPP Time=92.5 DeploymentMode=tn-uav-satellite UavIndex=2 UavCellId=7 BestDonorCellId=2 BestDonorDistanceM=266.878 XhaulConnected=1 XhaulChannelVariationDb=0.0998728 XhaulState=HEALTHY DonorUnavailableActive=0 SatBackhaulHealthy=1 UavSwitchingXappAvailable=1 UavSwitchingXappState=STANDBY BackhaulMode=TN_DIRECT RicControlState=TN_E2 ActiveUavRic=TN_NEAR_RT_RIC NormalUeHandoverAllowed=1 UavMode=TN_CONTROLLED_COVERAGE_EXTENSION
---- LOAD at t=92.5 ----
  cell 1 (TN) load=19/20
  cell 2 (TN) load=18/20
  cell 3 (TN) load=19/20
  cell 4 (TN) load=18/20
  cell 5 (NTN) load=9/10
  cell 6 (NTN) load=10/10
  cell 7 (NTN) load=7/10
LM HO UE=8 rnti=184 4->2 type=TN servingRsrp=-125.478 targetRsrp=-80.6221 targetLoadReal=18/20 targetLoadEff=18/20
UE 11 TTT_WAIT target=2 elapsed=0s need=2s
UE 17 TTT_WAIT target=1 elapsed=0s need=2s
LM HO_FAIL_LOW_RSRP UE=20 currCell=2 candCell=5 candRsrp=-122.641 < min=-120
UE 23 TTT_WAIT target=7 elapsed=0s need=2s
LM HO_FAIL_LOW_RSRP UE=26 currCell=3 candCell=5 candRsrp=-140.568 < min=-120
UE 28 TTT_WAIT target=3 elapsed=0s need=2s
UE 29 TTT_WAIT target=2 elapsed=0s need=2s
LM HO_FAIL_LOW_RSRP UE=30 currCell=3 candCell=1 candRsrp=-126.2 < min=-120
LM HO_FAIL_LOW_RSRP UE=32 currCell=4 candCell=5 candRsrp=-132.893 < min=-120
UE 33 TTT_WAIT target=3 elapsed=0s need=2s
LM HO UE=34 rnti=179 4->2 type=TN servingRsrp=-117.805 targetRsrp=-101.407 targetLoadReal=18/20 targetLoadEff=19/20
UE 35 TTT_WAIT target=7 elapsed=0s need=2s
LM HO_FAIL_LOW_RSRP UE=36 currCell=6 candCell=7 candRsrp=-124.634 < min=-120
UE 37 TTT_WAIT target=1 elapsed=0s need=2s
UE 38 TTT_WAIT target=4 elapsed=0s need=2s
LM HO_FAIL_LOW_RSRP UE=39 currCell=1 candCell=7 candRsrp=-126.805 < min=-120
UE 40 TTT_WAIT target=4 elapsed=0s need=2s
UE 41 TTT_WAIT target=3 elapsed=0s need=2s
LM HO_FAIL_LOW_RSRP UE=42 currCell=1 candCell=5 candRsrp=-137.467 < min=-120
UE 44 TTT_WAIT target=3 elapsed=0s need=2s
UE 46 TTT_WAIT target=7 elapsed=0s need=2s
LM HO UE=47 rnti=166 1->3 type=TN servingRsrp=-105.369 targetRsrp=-76.9098 targetLoadReal=19/20 targetLoadEff=19/20
LM HO_FAIL_LOW_RSRP UE=48 currCell=6 candCell=5 candRsrp=-121.255 < min=-120
UE 50 TTT_WAIT target=4 elapsed=0s need=2s
UE 51 TTT_WAIT target=4 elapsed=0s need=2s
UE 52 TTT_WAIT target=1 elapsed=0s need=2s
UE 54 TTT_WAIT target=5 elapsed=0s need=2s
LM HO_FAIL_LOW_RSRP UE=55 currCell=4 candCell=5 candRsrp=-135.949 < min=-120
LM HO UE=56 rnti=57 1->4 type=TN servingRsrp=-111.95 targetRsrp=-109.184 targetLoadReal=18/20 targetLoadEff=18/20
UE 57 TTT_WAIT target=7 elapsed=0s need=2s
LM HO UE=58 rnti=208 1->5 type=NTN servingRsrp=-118.772 targetRsrp=-113.649 targetLoadReal=9/10 targetLoadEff=9/10
UE 60 TTT_WAIT target=1 elapsed=0s need=2s
UE 61 TTT_WAIT target=4 elapsed=0s need=2s
UE 62 TTT_WAIT target=7 elapsed=0s need=2s
LM HO_FAIL_LOW_RSRP UE=63 currCell=3 candCell=1 candRsrp=-124.58 < min=-120
LM HO_FAIL_LOW_RSRP UE=66 currCell=5 candCell=7 candRsrp=-128.969 < min=-120
UE 67 TTT_WAIT target=7 elapsed=0s need=2s
LM HO_FAIL_LOW_RSRP UE=68 currCell=1 candCell=7 candRsrp=-121.387 < min=-120
UE 71 TTT_WAIT target=7 elapsed=0s need=2s
LM HO UE=72 rnti=198 3->1 type=TN servingRsrp=-124.633 targetRsrp=-104.7 targetLoadReal=19/20 targetLoadEff=19/20
LM HO_FAIL_LOW_RSRP UE=74 currCell=3 candCell=7 candRsrp=-128.14 < min=-120
UE 75 TTT_WAIT target=4 elapsed=0s need=2s
UE 76 TTT_WAIT target=7 elapsed=0s need=2s
LM HO_FAIL_LOW_RSRP UE=80 currCell=1 candCell=7 candRsrp=-133.362 < min=-120
LM HO_FAIL_LOW_RSRP UE=83 currCell=3 candCell=7 candRsrp=-131.144 < min=-120
LM HO_FAIL_LOW_RSRP UE=86 currCell=3 candCell=4 candRsrp=-130.974 < min=-120
UE 91 TTT_WAIT target=7 elapsed=0s need=2s
UE 97 TTT_WAIT target=7 elapsed=0s need=2s
LM HO_FAIL_LOW_RSRP UE=99 currCell=2 candCell=7 candRsrp=-134.935 < min=-120
UE 100 TTT_WAIT target=4 elapsed=0s need=2s
LM HO_FAIL_LOW_RSRP UE=101 currCell=3 candCell=7 candRsrp=-126.574 < min=-120
LM HO_FAIL_LOW_RSRP UE=103 currCell=2 candCell=7 candRsrp=-129.532 < min=-120
UE 105 TTT_WAIT target=4 elapsed=0s need=2s
UE 106 TTT_WAIT target=7 elapsed=0s need=2s
TRACE HO_SUCCESS Time=92.6151 IMSI=71 TargetCell=1 Type=TN TargetRSRP=-128.949 ServingRSRP=-122.764 BackhaulDlSnr=-999 BackhaulUlSnr=-999
TRACE HO_SUCCESS Time=92.6151 IMSI=7 TargetCell=2 Type=TN TargetRSRP=-80.6471 ServingRSRP=-119.365 BackhaulDlSnr=-999 BackhaulUlSnr=-999
TRACE HO_SUCCESS Time=92.6151 IMSI=33 TargetCell=2 Type=TN TargetRSRP=-134.008 ServingRSRP=-85.632 BackhaulDlSnr=-999 BackhaulUlSnr=-999
TRACE HO_SUCCESS Time=92.6151 IMSI=46 TargetCell=3 Type=TN TargetRSRP=-80.2555 ServingRSRP=-104.22 BackhaulDlSnr=-999 BackhaulUlSnr=-999
TRACE HO_SUCCESS Time=92.6151 IMSI=55 TargetCell=4 Type=TN TargetRSRP=-100.484 ServingRSRP=-97.9747 BackhaulDlSnr=-999 BackhaulUlSnr=-999
TRACE HO_SUCCESS Time=92.6151 IMSI=57 TargetCell=5 Type=NTN TargetRSRP=-116.215 ServingRSRP=-88.379 BackhaulDlSnr=12.6977 BackhaulUlSnr=8.17712
UAV_AUTONOMY_XAPP Time=94.5 DeploymentMode=tn-uav-satellite UavIndex=0 UavCellId=5 BestDonorCellId=1 BestDonorDistanceM=2110.9 XhaulConnected=1 XhaulChannelVariationDb=0.346395 XhaulState=HEALTHY DonorUnavailableActive=0 SatBackhaulHealthy=1 UavSwitchingXappAvailable=1 UavSwitchingXappState=STANDBY BackhaulMode=TN_DIRECT RicControlState=TN_E2 ActiveUavRic=TN_NEAR_RT_RIC NormalUeHandoverAllowed=1 UavMode=TN_CONTROLLED_COVERAGE_EXTENSION
UAV_AUTONOMY_XAPP Time=94.5 DeploymentMode=tn-uav-satellite UavIndex=1 UavCellId=6 BestDonorCellId=4 BestDonorDistanceM=632.779 XhaulConnected=1 XhaulChannelVariationDb=-2.42649 XhaulState=HEALTHY DonorUnavailableActive=0 SatBackhaulHealthy=1 UavSwitchingXappAvailable=1 UavSwitchingXappState=STANDBY BackhaulMode=TN_DIRECT RicControlState=TN_E2 ActiveUavRic=TN_NEAR_RT_RIC NormalUeHandoverAllowed=1 UavMode=TN_CONTROLLED_COVERAGE_EXTENSION
UAV_AUTONOMY_XAPP Time=94.5 DeploymentMode=tn-uav-satellite UavIndex=2 UavCellId=7 BestDonorCellId=2 BestDonorDistanceM=247.421 XhaulConnected=1 XhaulChannelVariationDb=2.32842 XhaulState=HEALTHY DonorUnavailableActive=0 SatBackhaulHealthy=1 UavSwitchingXappAvailable=1 UavSwitchingXappState=STANDBY BackhaulMode=TN_DIRECT RicControlState=TN_E2 ActiveUavRic=TN_NEAR_RT_RIC NormalUeHandoverAllowed=1 UavMode=TN_CONTROLLED_COVERAGE_EXTENSION
---- LOAD at t=94.5 ----
  cell 1 (TN) load=17/20
  cell 2 (TN) load=20/20
  cell 3 (TN) load=19/20
  cell 4 (TN) load=17/20
  cell 5 (NTN) load=10/10
  cell 6 (NTN) load=10/10
  cell 7 (NTN) load=7/10
UE 14 TTT_WAIT target=7 elapsed=0s need=2s
LM HO_FAIL_LOW_RSRP UE=17 currCell=2 candCell=4 candRsrp=-120.811 < min=-120
UE 18 TTT_WAIT target=7 elapsed=0s need=2s
UE 20 TTT_WAIT target=3 elapsed=0s need=2s
LM HO_FAIL_LOW_RSRP UE=21 currCell=4 candCell=7 candRsrp=-135.842 < min=-120
UE 23 TTT_WAIT target=3 elapsed=0s need=2s
UE 24 TTT_WAIT target=4 elapsed=0s need=2s
UE 26 TTT_WAIT target=7 elapsed=0s need=2s
UE 27 TTT_WAIT target=7 elapsed=0s need=2s
LM HO_FAIL_LOW_RSRP UE=28 currCell=2 candCell=1 candRsrp=-129.851 < min=-120
UE 29 TTT_WAIT target=3 elapsed=0s need=2s
LM HO_FAIL_LOW_RSRP UE=30 currCell=3 candCell=1 candRsrp=-126.99 < min=-120
UE 33 TTT_WAIT target=1 elapsed=0s need=2s
UE 34 TTT_WAIT target=4 elapsed=0s need=2s
LM HO UE=35 rnti=94 5->7 type=NTN servingRsrp=-127.663 targetRsrp=-117.302 targetLoadReal=7/10 targetLoadEff=7/10
UE 36 TTT_WAIT target=4 elapsed=0s need=2s
LM HO UE=37 rnti=140 2->1 type=TN servingRsrp=-121.874 targetRsrp=-93.3537 targetLoadReal=17/20 targetLoadEff=17/20
UE 38 TTT_WAIT target=1 elapsed=0s need=2s
UE 39 TTT_WAIT target=3 elapsed=0s need=2s
UE 40 TTT_WAIT target=3 elapsed=0s need=2s
LM HO UE=41 rnti=195 1->3 type=TN servingRsrp=-132.892 targetRsrp=-91.0428 targetLoadReal=19/20 targetLoadEff=19/20
UE 42 TTT_WAIT target=7 elapsed=0s need=2s
LM HO_FAIL_LOW_RSRP UE=44 currCell=2 candCell=1 candRsrp=-122.147 < min=-120
UE 45 TTT_WAIT target=1 elapsed=0s need=2s
UE 46 TTT_WAIT target=4 elapsed=0s need=2s
UE 47 TTT_WAIT target=1 elapsed=0s need=2s
LM HO_FAIL_LOW_RSRP UE=50 currCell=3 candCell=7 candRsrp=-144.839 < min=-120
LM HO_FAIL_LOW_RSRP UE=51 currCell=3 candCell=7 candRsrp=-121.994 < min=-120
UE 54 TTT_WAIT target=7 elapsed=0s need=2s
UE 55 TTT_WAIT target=1 elapsed=0s need=2s
UE 56 TTT_WAIT target=1 elapsed=0s need=2s
LM HO UE=57 rnti=101 5->7 type=NTN servingRsrp=-115.167 targetRsrp=-101.339 targetLoadReal=7/10 targetLoadEff=8/10
UE 58 TTT_WAIT target=7 elapsed=0s need=2s
LM HO_FAIL_LOW_RSRP UE=59 currCell=1 candCell=7 candRsrp=-135.561 < min=-120
UE 60 TTT_WAIT target=7 elapsed=0s need=2s
UE 61 TTT_WAIT target=1 elapsed=0s need=2s
LM HO_FAIL_LOW_RSRP UE=63 currCell=3 candCell=4 candRsrp=-120.113 < min=-120
UE 64 TTT_WAIT target=4 elapsed=0s need=2s
UE 66 TTT_WAIT target=1 elapsed=0s need=2s
LM HO_FAIL_LOW_RSRP UE=68 currCell=1 candCell=7 candRsrp=-129.977 < min=-120
LM HO UE=71 rnti=207 1->7 type=NTN servingRsrp=-114.98 targetRsrp=-110.053 targetLoadReal=7/10 targetLoadEff=9/10
UE 74 TTT_WAIT target=1 elapsed=0s need=2s
UE 76 TTT_WAIT target=1 elapsed=0s need=2s
LM HO_FAIL_LOW_RSRP UE=79 currCell=4 candCell=1 candRsrp=-121.841 < min=-120
UE 86 TTT_WAIT target=4 elapsed=0s need=2s
UE 89 TTT_WAIT target=4 elapsed=0s need=2s
UE 91 TTT_WAIT target=1 elapsed=0s need=2s
UE 94 TTT_WAIT target=1 elapsed=0s need=2s
UE 97 TTT_WAIT target=4 elapsed=0s need=2s
UE 99 TTT_WAIT target=1 elapsed=0s need=2s
UE 100 TTT_WAIT target=1 elapsed=0s need=2s
UE 103 TTT_WAIT target=1 elapsed=0s need=2s
UE 104 TTT_WAIT target=1 elapsed=0s need=2s
TRACE HO_SUCCESS Time=94.6151 IMSI=36 TargetCell=1 Type=TN TargetRSRP=-89.8235 ServingRSRP=-95.1119 BackhaulDlSnr=-999 BackhaulUlSnr=-999
TRACE HO_SUCCESS Time=94.6151 IMSI=40 TargetCell=3 Type=TN TargetRSRP=-129.763 ServingRSRP=-108.185 BackhaulDlSnr=-999 BackhaulUlSnr=-999
TRACE HO_SUCCESS Time=94.6151 IMSI=70 TargetCell=7 Type=NTN TargetRSRP=-114.472 ServingRSRP=-103.446 BackhaulDlSnr=12.422 BackhaulUlSnr=7.90144
TRACE HO_SUCCESS Time=94.6151 IMSI=56 TargetCell=7 Type=NTN TargetRSRP=-94.4115 ServingRSRP=-94.212 BackhaulDlSnr=12.422 BackhaulUlSnr=7.90144
TRACE HO_SUCCESS Time=94.6151 IMSI=34 TargetCell=7 Type=NTN TargetRSRP=-109.442 ServingRSRP=-116.396 BackhaulDlSnr=12.422 BackhaulUlSnr=7.90144
UAV_AUTONOMY_XAPP Time=96.5 DeploymentMode=tn-uav-satellite UavIndex=0 UavCellId=5 BestDonorCellId=2 BestDonorDistanceM=2554.05 XhaulConnected=1 XhaulChannelVariationDb=-0.464764 XhaulState=HEALTHY DonorUnavailableActive=0 SatBackhaulHealthy=1 UavSwitchingXappAvailable=1 UavSwitchingXappState=STANDBY BackhaulMode=TN_DIRECT RicControlState=TN_E2 ActiveUavRic=TN_NEAR_RT_RIC NormalUeHandoverAllowed=1 UavMode=TN_CONTROLLED_COVERAGE_EXTENSION
UAV_AUTONOMY_XAPP Time=96.5 DeploymentMode=tn-uav-satellite UavIndex=1 UavCellId=6 BestDonorCellId=4 BestDonorDistanceM=632.779 XhaulConnected=1 XhaulChannelVariationDb=-0.891564 XhaulState=HEALTHY DonorUnavailableActive=0 SatBackhaulHealthy=1 UavSwitchingXappAvailable=1 UavSwitchingXappState=STANDBY BackhaulMode=TN_DIRECT RicControlState=TN_E2 ActiveUavRic=TN_NEAR_RT_RIC NormalUeHandoverAllowed=1 UavMode=TN_CONTROLLED_COVERAGE_EXTENSION
UAV_AUTONOMY_XAPP Time=96.5 DeploymentMode=tn-uav-satellite UavIndex=2 UavCellId=7 BestDonorCellId=2 BestDonorDistanceM=227.855 XhaulConnected=1 XhaulChannelVariationDb=0.960632 XhaulState=HEALTHY DonorUnavailableActive=0 SatBackhaulHealthy=1 UavSwitchingXappAvailable=1 UavSwitchingXappState=STANDBY BackhaulMode=TN_DIRECT RicControlState=TN_E2 ActiveUavRic=TN_NEAR_RT_RIC NormalUeHandoverAllowed=1 UavMode=TN_CONTROLLED_COVERAGE_EXTENSION
---- LOAD at t=96.5 ----
  cell 1 (TN) load=16/20
  cell 2 (TN) load=19/20
  cell 3 (TN) load=20/20
  cell 4 (TN) load=17/20
  cell 5 (NTN) load=8/10
  cell 6 (NTN) load=10/10
  cell 7 (NTN) load=10/10
UE 8 TTT_WAIT target=4 elapsed=0s need=2s
UE 9 TTT_WAIT target=5 elapsed=0s need=2s
UE 10 TTT_WAIT target=2 elapsed=0s need=2s
UE 11 TTT_WAIT target=1 elapsed=0s need=2s
UE 15 TTT_WAIT target=1 elapsed=0s need=2s
LM HO_FAIL_LOW_RSRP UE=17 currCell=2 candCell=5 candRsrp=-146.981 < min=-120
UE 23 TTT_WAIT target=1 elapsed=0s need=2s
UE 24 TTT_WAIT target=2 elapsed=0s need=2s
UE 25 TTT_WAIT target=4 elapsed=0s need=2s
LM HO_FAIL_LOW_RSRP UE=28 currCell=2 candCell=1 candRsrp=-132.36 < min=-120
LM HO UE=34 rnti=146 2->4 type=TN servingRsrp=-128.441 targetRsrp=-96.4445 targetLoadReal=17/20 targetLoadEff=17/20
UE 35 TTT_WAIT target=5 elapsed=0s need=2s
UE 36 TTT_WAIT target=1 elapsed=0s need=2s
UE 37 TTT_WAIT target=4 elapsed=0s need=2s
LM HO UE=38 rnti=206 3->1 type=TN servingRsrp=-118.683 targetRsrp=-86.147 targetLoadReal=16/20 targetLoadEff=16/20
UE 39 TTT_WAIT target=2 elapsed=0s need=2s
UE 40 TTT_WAIT target=2 elapsed=0s need=2s
UE 41 TTT_WAIT target=2 elapsed=0s need=2s
UE 42 TTT_WAIT target=2 elapsed=0s need=2s
LM HO_FAIL_LOW_RSRP UE=45 currCell=2 candCell=5 candRsrp=-139.578 < min=-120
UE 48 TTT_WAIT target=4 elapsed=0s need=2s
UE 51 TTT_WAIT target=4 elapsed=0s need=2s
UE 52 TTT_WAIT target=1 elapsed=0s need=2s
UE 53 TTT_WAIT target=5 elapsed=0s need=2s
UE 55 TTT_WAIT target=2 elapsed=0s need=2s
LM HO UE=56 rnti=187 4->1 type=TN servingRsrp=-117.043 targetRsrp=-113.478 targetLoadReal=16/20 targetLoadEff=17/20
UE 57 TTT_WAIT target=5 elapsed=0s need=2s
UE 58 TTT_WAIT target=2 elapsed=0s need=2s
LM HO_FAIL_LOW_RSRP UE=59 currCell=1 candCell=5 candRsrp=-129.099 < min=-120
UE 63 TTT_WAIT target=5 elapsed=0s need=2s
UE 65 TTT_WAIT target=2 elapsed=0s need=2s
UE 66 TTT_WAIT target=2 elapsed=0s need=2s
LM HO_FAIL_LOW_RSRP UE=68 currCell=1 candCell=5 candRsrp=-137.832 < min=-120
UE 72 TTT_WAIT target=5 elapsed=0s need=2s
UE 74 TTT_WAIT target=2 elapsed=0s need=2s
LM HO UE=76 rnti=144 2->1 type=TN servingRsrp=-112.54 targetRsrp=-76.7479 targetLoadReal=16/20 targetLoadEff=18/20
UE 79 TTT_WAIT target=2 elapsed=0s need=2s
LM HO_FAIL_LOW_RSRP UE=80 currCell=1 candCell=5 candRsrp=-133.172 < min=-120
UE 81 TTT_WAIT target=2 elapsed=0s need=2s
UE 86 TTT_WAIT target=1 elapsed=0s need=2s
UE 87 TTT_WAIT target=2 elapsed=0s need=2s
LM HO UE=89 rnti=132 2->4 type=TN servingRsrp=-122.908 targetRsrp=-95.5544 targetLoadReal=17/20 targetLoadEff=18/20
LM HO UE=91 rnti=186 4->1 type=TN servingRsrp=-127.237 targetRsrp=-82.2649 targetLoadReal=16/20 targetLoadEff=19/20
UE 93 TTT_WAIT target=2 elapsed=0s need=2s
UE 95 TTT_WAIT target=4 elapsed=0s need=2s
UE 97 TTT_WAIT target=2 elapsed=0s need=2s
UE 98 TTT_WAIT target=2 elapsed=0s need=2s
LM HO_FAIL_LOW_RSRP UE=99 currCell=2 candCell=5 candRsrp=-128.305 < min=-120
LM HO_FAIL_LOW_RSRP UE=102 currCell=3 candCell=5 candRsrp=-136.117 < min=-120
LM HO_FAIL_LOW_RSRP UE=104 currCell=2 candCell=5 candRsrp=-135.338 < min=-120
UE 105 TTT_WAIT target=4 elapsed=0s need=2s
UE 106 TTT_WAIT target=2 elapsed=0s need=2s
UE 107 TTT_WAIT target=2 elapsed=0s need=2s
TRACE HO_SUCCESS Time=96.6151 IMSI=75 TargetCell=1 Type=TN TargetRSRP=-117.142 ServingRSRP=-102.664 BackhaulDlSnr=-999 BackhaulUlSnr=-999
TRACE HO_SUCCESS Time=96.6151 IMSI=37 TargetCell=1 Type=TN TargetRSRP=-126.012 ServingRSRP=-120.154 BackhaulDlSnr=-999 BackhaulUlSnr=-999
TRACE HO_SUCCESS Time=96.6151 IMSI=55 TargetCell=1 Type=TN TargetRSRP=-74.9351 ServingRSRP=-109.635 BackhaulDlSnr=-999 BackhaulUlSnr=-999
TRACE HO_SUCCESS Time=96.6151 IMSI=90 TargetCell=1 Type=TN TargetRSRP=-86.1193 ServingRSRP=-105.496 BackhaulDlSnr=-999 BackhaulUlSnr=-999
TRACE HO_SUCCESS Time=96.6151 IMSI=88 TargetCell=4 Type=TN TargetRSRP=-103.136 ServingRSRP=-105.635 BackhaulDlSnr=-999 BackhaulUlSnr=-999
TRACE HO_SUCCESS Time=96.6151 IMSI=33 TargetCell=4 Type=TN TargetRSRP=-108.138 ServingRSRP=-117.053 BackhaulDlSnr=-999 BackhaulUlSnr=-999
UAV_AUTONOMY_XAPP Time=98.5 DeploymentMode=tn-uav-satellite UavIndex=0 UavCellId=5 BestDonorCellId=1 BestDonorDistanceM=2054.82 XhaulConnected=1 XhaulChannelVariationDb=0.894557 XhaulState=HEALTHY DonorUnavailableActive=0 SatBackhaulHealthy=1 UavSwitchingXappAvailable=1 UavSwitchingXappState=STANDBY BackhaulMode=TN_DIRECT RicControlState=TN_E2 ActiveUavRic=TN_NEAR_RT_RIC NormalUeHandoverAllowed=1 UavMode=TN_CONTROLLED_COVERAGE_EXTENSION
UAV_AUTONOMY_XAPP Time=98.5 DeploymentMode=tn-uav-satellite UavIndex=1 UavCellId=6 BestDonorCellId=4 BestDonorDistanceM=632.779 XhaulConnected=1 XhaulChannelVariationDb=-1.13077 XhaulState=HEALTHY DonorUnavailableActive=0 SatBackhaulHealthy=1 UavSwitchingXappAvailable=1 UavSwitchingXappState=STANDBY BackhaulMode=TN_DIRECT RicControlState=TN_E2 ActiveUavRic=TN_NEAR_RT_RIC NormalUeHandoverAllowed=1 UavMode=TN_CONTROLLED_COVERAGE_EXTENSION
UAV_AUTONOMY_XAPP Time=98.5 DeploymentMode=tn-uav-satellite UavIndex=2 UavCellId=7 BestDonorCellId=2 BestDonorDistanceM=227.855 XhaulConnected=1 XhaulChannelVariationDb=-1.29739 XhaulState=HEALTHY DonorUnavailableActive=0 SatBackhaulHealthy=1 UavSwitchingXappAvailable=1 UavSwitchingXappState=STANDBY BackhaulMode=TN_DIRECT RicControlState=TN_E2 ActiveUavRic=TN_NEAR_RT_RIC NormalUeHandoverAllowed=1 UavMode=TN_CONTROLLED_COVERAGE_EXTENSION
---- LOAD at t=98.5 ----
  cell 1 (TN) load=20/20
  cell 2 (TN) load=16/20
  cell 3 (TN) load=19/20
  cell 4 (TN) load=17/20
  cell 5 (NTN) load=8/10
  cell 6 (NTN) load=10/10
  cell 7 (NTN) load=10/10
LM HO UE=8 rnti=145 2->4 type=TN servingRsrp=-105.09 targetRsrp=-94.9418 targetLoadReal=17/20 targetLoadEff=17/20
LM HO_FAIL_LOW_RSRP UE=9 currCell=4 candCell=5 candRsrp=-133.553 < min=-120
UE 17 TTT_WAIT target=3 elapsed=0s need=2s
LM HO_FAIL_LOW_RSRP UE=20 currCell=2 candCell=3 candRsrp=-120.149 < min=-120
UE 27 TTT_WAIT target=5 elapsed=0s need=2s
LM HO_FAIL_LOW_RSRP UE=28 currCell=2 candCell=5 candRsrp=-131.464 < min=-120
LM HO_FAIL_LOW_RSRP UE=30 currCell=3 candCell=5 candRsrp=-123.197 < min=-120
UE 34 TTT_WAIT target=3 elapsed=0s need=2s
LM HO_FAIL_LOW_RSRP UE=35 currCell=7 candCell=5 candRsrp=-122.462 < min=-120
UE 36 TTT_WAIT target=5 elapsed=0s need=2s
LM HO UE=37 rnti=213 1->4 type=TN servingRsrp=-119.574 targetRsrp=-109.817 targetLoadReal=17/20 targetLoadEff=18/20
UE 38 TTT_WAIT target=3 elapsed=0s need=2s
UE 40 TTT_WAIT target=4 elapsed=0s need=2s
UE 42 TTT_WAIT target=5 elapsed=0s need=2s
UE 43 TTT_WAIT target=2 elapsed=0s need=2s
UE 44 TTT_WAIT target=4 elapsed=0s need=2s
UE 45 TTT_WAIT target=4 elapsed=0s need=2s
UE 46 TTT_WAIT target=4 elapsed=0s need=2s
UE 47 TTT_WAIT target=2 elapsed=0s need=2s
UE 48 TTT_WAIT target=3 elapsed=0s need=2s
UE 53 TTT_WAIT target=3 elapsed=0s need=2s
LM HO_FAIL_LOW_RSRP UE=55 currCell=4 candCell=5 candRsrp=-132.912 < min=-120
UE 57 TTT_WAIT target=2 elapsed=0s need=2s
UE 60 TTT_WAIT target=2 elapsed=0s need=2s
UE 61 TTT_WAIT target=5 elapsed=0s need=2s
UE 64 TTT_WAIT target=5 elapsed=0s need=2s
LM HO UE=65 rnti=203 1->2 type=TN servingRsrp=-120.351 targetRsrp=-96.8911 targetLoadReal=16/20 targetLoadEff=16/20
LM HO_FAIL_LOW_RSRP UE=67 currCell=3 candCell=5 candRsrp=-132.617 < min=-120
LM HO_FAIL_LOW_RSRP UE=68 currCell=1 candCell=5 candRsrp=-133.803 < min=-120
UE 69 TTT_WAIT target=3 elapsed=0s need=2s
UE 71 TTT_WAIT target=2 elapsed=0s need=2s
UE 72 TTT_WAIT target=2 elapsed=0s need=2s
UE 75 TTT_WAIT target=5 elapsed=0s need=2s
LM HO UE=79 rnti=175 4->2 type=TN servingRsrp=-119.458 targetRsrp=-90.8166 targetLoadReal=16/20 targetLoadEff=17/20
UE 80 TTT_WAIT target=2 elapsed=0s need=2s
LM HO UE=81 rnti=99 6->2 type=TN servingRsrp=-137.714 targetRsrp=-101.522 targetLoadReal=16/20 targetLoadEff=18/20
UE 82 TTT_WAIT target=3 elapsed=0s need=2s
UE 84 TTT_WAIT target=2 elapsed=0s need=2s
LM HO_FAIL_LOW_RSRP UE=86 currCell=3 candCell=5 candRsrp=-136.076 < min=-120
LM HO_FAIL_LOW_RSRP UE=88 currCell=4 candCell=5 candRsrp=-140.144 < min=-120
LM HO_FAIL_LOW_RSRP UE=89 currCell=4 candCell=5 candRsrp=-145.903 < min=-120
UE 91 TTT_WAIT target=2 elapsed=0s need=2s
UE 92 TTT_WAIT target=2 elapsed=0s need=2s
UE 94 TTT_WAIT target=3 elapsed=0s need=2s
LM HO UE=95 rnti=103 6->4 type=TN servingRsrp=-109.593 targetRsrp=-90.6335 targetLoadReal=17/20 targetLoadEff=19/20
LM HO UE=97 rnti=182 3->2 type=TN servingRsrp=-118.546 targetRsrp=-97.5788 targetLoadReal=16/20 targetLoadEff=19/20
UE 98 TTT_WAIT target=3 elapsed=0s need=2s
UE 99 TTT_WAIT target=3 elapsed=0s need=2s
UE 101 TTT_WAIT target=5 elapsed=0s need=2s
UE 102 TTT_WAIT target=5 elapsed=0s need=2s
UE 103 TTT_WAIT target=3 elapsed=0s need=2s
LM HO_FAIL_LOW_RSRP UE=104 currCell=2 candCell=5 candRsrp=-133.677 < min=-120
UE 106 TTT_WAIT target=5 elapsed=0s need=2s
TRACE HO_SUCCESS Time=98.6151 IMSI=64 TargetCell=2 Type=TN TargetRSRP=-118.612 ServingRSRP=-122.529 BackhaulDlSnr=-999 BackhaulUlSnr=-999
TRACE HO_SUCCESS Time=98.6151 IMSI=96 TargetCell=2 Type=TN TargetRSRP=-120.569 ServingRSRP=-91.0113 BackhaulDlSnr=-999 BackhaulUlSnr=-999
TRACE HO_SUCCESS Time=98.6151 IMSI=78 TargetCell=2 Type=TN TargetRSRP=-99.1053 ServingRSRP=-124.142 BackhaulDlSnr=-999 BackhaulUlSnr=-999
TRACE HO_SUCCESS Time=98.6151 IMSI=80 TargetCell=2 Type=TN TargetRSRP=-126.833 ServingRSRP=-107.623 BackhaulDlSnr=-999 BackhaulUlSnr=-999
TRACE HO_SUCCESS Time=98.6151 IMSI=36 TargetCell=4 Type=TN TargetRSRP=-83.1708 ServingRSRP=-122.034 BackhaulDlSnr=-999 BackhaulUlSnr=-999
TRACE HO_SUCCESS Time=98.6151 IMSI=7 TargetCell=4 Type=TN TargetRSRP=-130.255 ServingRSRP=-115.598 BackhaulDlSnr=-999 BackhaulUlSnr=-999
TRACE HO_SUCCESS Time=98.6151 IMSI=94 TargetCell=4 Type=TN TargetRSRP=-81.3334 ServingRSRP=-119.787 BackhaulDlSnr=-999 BackhaulUlSnr=-999
UAV_AUTONOMY_XAPP Time=100.5 DeploymentMode=tn-uav-satellite UavIndex=0 UavCellId=5 BestDonorCellId=3 BestDonorDistanceM=2079.61 XhaulConnected=1 XhaulChannelVariationDb=1.93205 XhaulState=HEALTHY DonorUnavailableActive=0 SatBackhaulHealthy=1 UavSwitchingXappAvailable=1 UavSwitchingXappState=STANDBY BackhaulMode=TN_DIRECT RicControlState=TN_E2 ActiveUavRic=TN_NEAR_RT_RIC NormalUeHandoverAllowed=1 UavMode=TN_CONTROLLED_COVERAGE_EXTENSION
UAV_AUTONOMY_XAPP Time=100.5 DeploymentMode=tn-uav-satellite UavIndex=1 UavCellId=6 BestDonorCellId=4 BestDonorDistanceM=644.364 XhaulConnected=1 XhaulChannelVariationDb=0.0282538 XhaulState=HEALTHY DonorUnavailableActive=0 SatBackhaulHealthy=1 UavSwitchingXappAvailable=1 UavSwitchingXappState=STANDBY BackhaulMode=TN_DIRECT RicControlState=TN_E2 ActiveUavRic=TN_NEAR_RT_RIC NormalUeHandoverAllowed=1 UavMode=TN_CONTROLLED_COVERAGE_EXTENSION
UAV_AUTONOMY_XAPP Time=100.5 DeploymentMode=tn-uav-satellite UavIndex=2 UavCellId=7 BestDonorCellId=2 BestDonorDistanceM=227.855 XhaulConnected=1 XhaulChannelVariationDb=1.78599 XhaulState=HEALTHY DonorUnavailableActive=0 SatBackhaulHealthy=1 UavSwitchingXappAvailable=1 UavSwitchingXappState=STANDBY BackhaulMode=TN_DIRECT RicControlState=TN_E2 ActiveUavRic=TN_NEAR_RT_RIC NormalUeHandoverAllowed=1 UavMode=TN_CONTROLLED_COVERAGE_EXTENSION
---- LOAD at t=100.5 ----
  cell 1 (TN) load=18/20
  cell 2 (TN) load=19/20
  cell 3 (TN) load=18/20
  cell 4 (TN) load=19/20
  cell 5 (NTN) load=8/10
  cell 6 (NTN) load=8/10
  cell 7 (NTN) load=10/10
UE 8 TTT_WAIT target=2 elapsed=0s need=2s
UE 9 TTT_WAIT target=1 elapsed=0s need=2s
UE 10 TTT_WAIT target=2 elapsed=0s need=2s
UE 11 TTT_WAIT target=5 elapsed=0s need=2s
UE 14 TTT_WAIT target=1 elapsed=0s need=2s
UE 16 TTT_WAIT target=6 elapsed=0s need=2s
UE 20 TTT_WAIT target=1 elapsed=0s need=2s
UE 23 TTT_WAIT target=3 elapsed=0s need=2s
UE 24 TTT_WAIT target=3 elapsed=0s need=2s
UE 26 TTT_WAIT target=2 elapsed=0s need=2s
UE 27 TTT_WAIT target=3 elapsed=0s need=2s
UE 28 TTT_WAIT target=3 elapsed=0s need=2s
UE 29 TTT_WAIT target=3 elapsed=0s need=2s
UE 30 TTT_WAIT target=4 elapsed=0s need=2s
UE 32 TTT_WAIT target=6 elapsed=0s need=2s
UE 34 TTT_WAIT target=6 elapsed=0s need=2s
LM HO_FAIL_LOW_RSRP UE=35 currCell=7 candCell=5 candRsrp=-122.422 < min=-120
LM HO UE=38 rnti=214 1->3 type=TN servingRsrp=-125.701 targetRsrp=-95.7823 targetLoadReal=18/20 targetLoadEff=18/20
UE 39 TTT_WAIT target=3 elapsed=0s need=2s
UE 40 TTT_WAIT target=3 elapsed=0s need=2s
UE 41 TTT_WAIT target=4 elapsed=0s need=2s
UE 42 TTT_WAIT target=4 elapsed=0s need=2s
UE 44 TTT_WAIT target=3 elapsed=0s need=2s
UE 45 TTT_WAIT target=1 elapsed=0s need=2s
UE 49 TTT_WAIT target=6 elapsed=0s need=2s
LM HO_FAIL_LOW_RSRP UE=50 currCell=3 candCell=5 candRsrp=-135.573 < min=-120
UE 51 TTT_WAIT target=6 elapsed=0s need=2s
UE 53 TTT_WAIT target=2 elapsed=0s need=2s
UE 56 TTT_WAIT target=3 elapsed=0s need=2s
UE 57 TTT_WAIT target=3 elapsed=0s need=2s
UE 58 TTT_WAIT target=2 elapsed=0s need=2s
UE 59 TTT_WAIT target=2 elapsed=0s need=2s
UE 60 TTT_WAIT target=1 elapsed=0s need=2s
UE 62 TTT_WAIT target=2 elapsed=0s need=2s
LM HO_FAIL_LOW_RSRP UE=63 currCell=3 candCell=5 candRsrp=-132.482 < min=-120
UE 66 TTT_WAIT target=2 elapsed=0s need=2s
UE 68 TTT_WAIT target=4 elapsed=0s need=2s
UE 69 TTT_WAIT target=6 elapsed=0s need=2s
LM HO UE=71 rnti=92 7->2 type=TN servingRsrp=-92.2825 targetRsrp=-81.4087 targetLoadReal=19/20 targetLoadEff=19/20
UE 72 TTT_WAIT target=3 elapsed=0s need=2s
LM HO UE=75 rnti=161 3->5 type=NTN servingRsrp=-116.565 targetRsrp=-114.548 targetLoadReal=8/10 targetLoadEff=8/10
LM HO_FAIL_LOW_RSRP UE=76 currCell=1 candCell=6 candRsrp=-138.58 < min=-120
UE 79 TTT_WAIT target=1 elapsed=0s need=2s
UE 80 TTT_WAIT target=3 elapsed=0s need=2s
LM HO_FAIL_LOW_RSRP UE=83 currCell=3 candCell=1 candRsrp=-121.334 < min=-120
UE 84 TTT_WAIT target=3 elapsed=0s need=2s
UE 88 TTT_WAIT target=5 elapsed=0s need=2s
UE 89 TTT_WAIT target=1 elapsed=0s need=2s
UE 95 TTT_WAIT target=1 elapsed=0s need=2s
UE 96 TTT_WAIT target=3 elapsed=0s need=2s
UE 97 TTT_WAIT target=1 elapsed=0s need=2s
LM HO UE=98 rnti=66 7->3 type=TN servingRsrp=-103.468 targetRsrp=-82.6041 targetLoadReal=18/20 targetLoadEff=19/20
UE 99 TTT_WAIT target=1 elapsed=0s need=2s
UE 100 TTT_WAIT target=1 elapsed=0s need=2s
UE 101 TTT_WAIT target=4 elapsed=0s need=2s
LM HO_FAIL_LOW_RSRP UE=102 currCell=3 candCell=5 candRsrp=-130.675 < min=-120
UE 104 TTT_WAIT target=1 elapsed=0s need=2s
UE 106 TTT_WAIT target=1 elapsed=0s need=2s
UE 107 TTT_WAIT target=6 elapsed=0s need=2s
TRACE HO_SUCCESS Time=100.615 IMSI=70 TargetCell=2 Type=TN TargetRSRP=-112.153 ServingRSRP=-91.0443 BackhaulDlSnr=-999 BackhaulUlSnr=-999
TRACE HO_SUCCESS Time=100.615 IMSI=37 TargetCell=3 Type=TN TargetRSRP=-128.824 ServingRSRP=-103.228 BackhaulDlSnr=-999 BackhaulUlSnr=-999
TRACE HO_SUCCESS Time=100.615 IMSI=97 TargetCell=3 Type=TN TargetRSRP=-121.415 ServingRSRP=-110.481 BackhaulDlSnr=-999 BackhaulUlSnr=-999
TRACE HO_SUCCESS Time=100.615 IMSI=74 TargetCell=5 Type=NTN TargetRSRP=-107.568 ServingRSRP=-102.791 BackhaulDlSnr=11.9651 BackhaulUlSnr=7.44453
UAV_AUTONOMY_XAPP Time=102.5 DeploymentMode=tn-uav-satellite UavIndex=0 UavCellId=5 BestDonorCellId=1 BestDonorDistanceM=2076.88 XhaulConnected=1 XhaulChannelVariationDb=-2.57584 XhaulState=HEALTHY DonorUnavailableActive=0 SatBackhaulHealthy=1 UavSwitchingXappAvailable=1 UavSwitchingXappState=STANDBY BackhaulMode=TN_DIRECT RicControlState=TN_E2 ActiveUavRic=TN_NEAR_RT_RIC NormalUeHandoverAllowed=1 UavMode=TN_CONTROLLED_COVERAGE_EXTENSION
UAV_AUTONOMY_XAPP Time=102.5 DeploymentMode=tn-uav-satellite UavIndex=1 UavCellId=6 BestDonorCellId=4 BestDonorDistanceM=676.552 XhaulConnected=1 XhaulChannelVariationDb=0.969229 XhaulState=HEALTHY DonorUnavailableActive=0 SatBackhaulHealthy=1 UavSwitchingXappAvailable=1 UavSwitchingXappState=STANDBY BackhaulMode=TN_DIRECT RicControlState=TN_E2 ActiveUavRic=TN_NEAR_RT_RIC NormalUeHandoverAllowed=1 UavMode=TN_CONTROLLED_COVERAGE_EXTENSION
UAV_AUTONOMY_XAPP Time=102.5 DeploymentMode=tn-uav-satellite UavIndex=2 UavCellId=7 BestDonorCellId=2 BestDonorDistanceM=220.078 XhaulConnected=1 XhaulChannelVariationDb=1.24914 XhaulState=HEALTHY DonorUnavailableActive=0 SatBackhaulHealthy=1 UavSwitchingXappAvailable=1 UavSwitchingXappState=STANDBY BackhaulMode=TN_DIRECT RicControlState=TN_E2 ActiveUavRic=TN_NEAR_RT_RIC NormalUeHandoverAllowed=1 UavMode=TN_CONTROLLED_COVERAGE_EXTENSION
---- LOAD at t=102.5 ----
  cell 1 (TN) load=17/20
  cell 2 (TN) load=20/20
  cell 3 (TN) load=19/20
  cell 4 (TN) load=19/20
  cell 5 (NTN) load=9/10
  cell 6 (NTN) load=8/10
  cell 7 (NTN) load=8/10
UE 8 TTT_WAIT target=3 elapsed=0s need=2s
LM HO UE=9 rnti=185 4->1 type=TN servingRsrp=-119.754 targetRsrp=-96.9029 targetLoadReal=17/20 targetLoadEff=17/20
UE 11 TTT_WAIT target=7 elapsed=0s need=2s
UE 17 TTT_WAIT target=3 elapsed=0s need=2s
UE 20 TTT_WAIT target=3 elapsed=0s need=2s
LM HO_FAIL_LOW_RSRP UE=21 currCell=4 candCell=6 candRsrp=-132.602 < min=-120
LM HO_FAIL_LOW_RSRP UE=22 currCell=4 candCell=6 candRsrp=-126.171 < min=-120
LM HO UE=24 rnti=205 1->3 type=TN servingRsrp=-113.62 targetRsrp=-94.1755 targetLoadReal=19/20 targetLoadEff=19/20
UE 26 TTT_WAIT target=7 elapsed=0s need=2s
UE 28 TTT_WAIT target=5 elapsed=0s need=2s
UE 29 TTT_WAIT target=7 elapsed=0s need=2s
UE 30 TTT_WAIT target=7 elapsed=0s need=2s
UE 33 TTT_WAIT target=6 elapsed=0s need=2s
UE 34 TTT_WAIT target=7 elapsed=0s need=2s
LM HO_FAIL_LOW_RSRP UE=35 currCell=7 candCell=5 candRsrp=-125.553 < min=-120
UE 36 TTT_WAIT target=4 elapsed=0s need=2s
UE 37 TTT_WAIT target=1 elapsed=0s need=2s
UE 38 TTT_WAIT target=5 elapsed=0s need=2s
LM HO_FAIL_LOW_RSRP UE=39 currCell=1 candCell=7 candRsrp=-127.535 < min=-120
UE 40 TTT_WAIT target=7 elapsed=0s need=2s
UE 41 TTT_WAIT target=5 elapsed=0s need=2s
LM HO UE=42 rnti=200 1->4 type=TN servingRsrp=-97.9296 targetRsrp=-89.5262 targetLoadReal=19/20 targetLoadEff=19/20
UE 43 TTT_WAIT target=5 elapsed=0s need=2s
UE 44 TTT_WAIT target=6 elapsed=0s need=2s
LM HO UE=45 rnti=141 2->1 type=TN servingRsrp=-108.321 targetRsrp=-95.4516 targetLoadReal=17/20 targetLoadEff=18/20
UE 46 TTT_WAIT target=7 elapsed=0s need=2s
UE 47 TTT_WAIT target=1 elapsed=0s need=2s
UE 51 TTT_WAIT target=5 elapsed=0s need=2s
LM HO_FAIL_LOW_RSRP UE=52 currCell=2 candCell=7 candRsrp=-124.269 < min=-120
UE 53 TTT_WAIT target=6 elapsed=0s need=2s
UE 54 TTT_WAIT target=6 elapsed=0s need=2s
UE 55 TTT_WAIT target=1 elapsed=0s need=2s
UE 56 TTT_WAIT target=6 elapsed=0s need=2s
UE 57 TTT_WAIT target=5 elapsed=0s need=2s
LM HO_FAIL_LOW_RSRP UE=59 currCell=1 candCell=5 candRsrp=-130.839 < min=-120
LM HO UE=60 rnti=93 5->1 type=TN servingRsrp=-118.847 targetRsrp=-109.371 targetLoadReal=17/20 targetLoadEff=19/20
UE 61 TTT_WAIT target=5 elapsed=0s need=2s
UE 63 TTT_WAIT target=5 elapsed=0s need=2s
UE 67 TTT_WAIT target=7 elapsed=0s need=2s
LM HO_FAIL_LOW_RSRP UE=68 currCell=1 candCell=7 candRsrp=-131.492 < min=-120
UE 74 TTT_WAIT target=5 elapsed=0s need=2s
UE 79 TTT_WAIT target=6 elapsed=0s need=2s
LM HO_FAIL_LOW_RSRP UE=80 currCell=1 candCell=6 candRsrp=-130.291 < min=-120
LM HO_FAIL_LOW_RSRP UE=82 currCell=4 candCell=6 candRsrp=-128.915 < min=-120
UE 83 TTT_WAIT target=7 elapsed=0s need=2s
LM HO_FAIL_LOW_RSRP UE=91 currCell=1 candCell=7 candRsrp=-128.828 < min=-120
UE 93 TTT_WAIT target=6 elapsed=0s need=2s
UE 95 TTT_WAIT target=7 elapsed=0s need=2s
UE 96 TTT_WAIT target=6 elapsed=0s need=2s
UE 98 TTT_WAIT target=5 elapsed=0s need=2s
LM HO_FAIL_LOW_RSRP UE=99 currCell=2 candCell=5 candRsrp=-121.316 < min=-120
UE 100 TTT_WAIT target=5 elapsed=0s need=2s
LM HO_FAIL_LOW_RSRP UE=101 currCell=3 candCell=5 candRsrp=-122.902 < min=-120
UE 102 TTT_WAIT target=6 elapsed=0s need=2s
LM HO_FAIL_LOW_RSRP UE=105 currCell=6 candCell=7 candRsrp=-120.732 < min=-120
TRACE HO_SUCCESS Time=102.615 IMSI=44 TargetCell=1 Type=TN TargetRSRP=-78.742 ServingRSRP=-88.025 BackhaulDlSnr=-999 BackhaulUlSnr=-999
TRACE HO_SUCCESS Time=102.615 IMSI=8 TargetCell=1 Type=TN TargetRSRP=-123.284 ServingRSRP=-100.925 BackhaulDlSnr=-999 BackhaulUlSnr=-999
TRACE HO_SUCCESS Time=102.615 IMSI=59 TargetCell=1 Type=TN TargetRSRP=-122.675 ServingRSRP=-117.314 BackhaulDlSnr=-999 BackhaulUlSnr=-999
TRACE HO_SUCCESS Time=102.615 IMSI=23 TargetCell=3 Type=TN TargetRSRP=-130.475 ServingRSRP=-89.2139 BackhaulDlSnr=-999 BackhaulUlSnr=-999
TRACE HO_SUCCESS Time=102.615 IMSI=41 TargetCell=4 Type=TN TargetRSRP=-87.0119 ServingRSRP=-100.676 BackhaulDlSnr=-999 BackhaulUlSnr=-999
UAV_AUTONOMY_XAPP Time=104.5 DeploymentMode=tn-uav-satellite UavIndex=0 UavCellId=5 BestDonorCellId=3 BestDonorDistanceM=2143.99 XhaulConnected=1 XhaulChannelVariationDb=-1.22853 XhaulState=HEALTHY DonorUnavailableActive=0 SatBackhaulHealthy=1 UavSwitchingXappAvailable=1 UavSwitchingXappState=STANDBY BackhaulMode=TN_DIRECT RicControlState=TN_E2 ActiveUavRic=TN_NEAR_RT_RIC NormalUeHandoverAllowed=1 UavMode=TN_CONTROLLED_COVERAGE_EXTENSION
UAV_AUTONOMY_XAPP Time=104.5 DeploymentMode=tn-uav-satellite UavIndex=1 UavCellId=6 BestDonorCellId=4 BestDonorDistanceM=692.984 XhaulConnected=1 XhaulChannelVariationDb=0.4871 XhaulState=HEALTHY DonorUnavailableActive=0 SatBackhaulHealthy=1 UavSwitchingXappAvailable=1 UavSwitchingXappState=STANDBY BackhaulMode=TN_DIRECT RicControlState=TN_E2 ActiveUavRic=TN_NEAR_RT_RIC NormalUeHandoverAllowed=1 UavMode=TN_CONTROLLED_COVERAGE_EXTENSION
UAV_AUTONOMY_XAPP Time=104.5 DeploymentMode=tn-uav-satellite UavIndex=2 UavCellId=7 BestDonorCellId=2 BestDonorDistanceM=200.7 XhaulConnected=1 XhaulChannelVariationDb=-2.95141 XhaulState=HEALTHY DonorUnavailableActive=0 SatBackhaulHealthy=1 UavSwitchingXappAvailable=1 UavSwitchingXappState=STANDBY BackhaulMode=TN_DIRECT RicControlState=TN_E2 ActiveUavRic=TN_NEAR_RT_RIC NormalUeHandoverAllowed=1 UavMode=TN_CONTROLLED_COVERAGE_EXTENSION
---- LOAD at t=104.5 ----
  cell 1 (TN) load=18/20
  cell 2 (TN) load=19/20
  cell 3 (TN) load=20/20
  cell 4 (TN) load=19/20
  cell 5 (NTN) load=8/10
  cell 6 (NTN) load=8/10
  cell 7 (NTN) load=8/10
UE 8 TTT_WAIT target=2 elapsed=0s need=2s
UE 9 TTT_WAIT target=6 elapsed=0s need=2s
UE 10 TTT_WAIT target=2 elapsed=0s need=2s
UE 14 TTT_WAIT target=7 elapsed=0s need=2s
UE 17 TTT_WAIT target=1 elapsed=0s need=2s
UE 24 TTT_WAIT target=2 elapsed=0s need=2s
UE 27 TTT_WAIT target=6 elapsed=0s need=2s
LM HO_FAIL_LOW_RSRP UE=28 currCell=2 candCell=1 candRsrp=-131.449 < min=-120
UE 30 TTT_WAIT target=1 elapsed=0s need=2s
UE 33 TTT_WAIT target=4 elapsed=0s need=2s
LM HO_FAIL_LOW_RSRP UE=35 currCell=7 candCell=5 candRsrp=-126.648 < min=-120
LM HO UE=36 rnti=101 6->4 type=TN servingRsrp=-117.117 targetRsrp=-104.038 targetLoadReal=19/20 targetLoadEff=19/20
LM HO_FAIL_LOW_RSRP UE=38 currCell=3 candCell=2 candRsrp=-124.321 < min=-120
UE 39 TTT_WAIT target=7 elapsed=0s need=2s
UE 40 TTT_WAIT target=6 elapsed=0s need=2s
UE 41 TTT_WAIT target=2 elapsed=0s need=2s
UE 42 TTT_WAIT target=7 elapsed=0s need=2s
LM HO UE=43 rnti=92 3->5 type=NTN servingRsrp=-94.1214 targetRsrp=-91.0947 targetLoadReal=8/10 targetLoadEff=8/10
LM HO UE=46 rnti=75 6->7 type=NTN servingRsrp=-138.267 targetRsrp=-101.105 targetLoadReal=8/10 targetLoadEff=8/10
UE 50 TTT_WAIT target=2 elapsed=0s need=2s
UE 51 TTT_WAIT target=6 elapsed=0s need=2s
UE 52 TTT_WAIT target=7 elapsed=0s need=2s
UE 54 TTT_WAIT target=1 elapsed=0s need=2s
UE 55 TTT_WAIT target=2 elapsed=0s need=2s
LM HO UE=57 rnti=93 7->5 type=NTN servingRsrp=-138.202 targetRsrp=-112.282 targetLoadReal=8/10 targetLoadEff=9/10
UE 58 TTT_WAIT target=1 elapsed=0s need=2s
UE 59 TTT_WAIT target=2 elapsed=0s need=2s
UE 62 TTT_WAIT target=2 elapsed=0s need=2s
LM HO_FAIL_LOW_RSRP UE=63 currCell=3 candCell=6 candRsrp=-131.906 < min=-120
UE 64 TTT_WAIT target=2 elapsed=0s need=2s
UE 65 TTT_WAIT target=1 elapsed=0s need=2s
UE 66 TTT_WAIT target=7 elapsed=0s need=2s
UE 67 TTT_WAIT target=2 elapsed=0s need=2s
LM HO_FAIL_LOW_RSRP UE=68 currCell=1 candCell=6 candRsrp=-120.734 < min=-120
UE 72 TTT_WAIT target=2 elapsed=0s need=2s
LM HO_FAIL_LOW_RSRP UE=74 currCell=3 candCell=7 candRsrp=-131.33 < min=-120
UE 78 TTT_WAIT target=2 elapsed=0s need=2s
UE 79 TTT_WAIT target=1 elapsed=0s need=2s
UE 80 TTT_WAIT target=2 elapsed=0s need=2s
UE 81 TTT_WAIT target=6 elapsed=0s need=2s
LM HO UE=83 rnti=195 3->7 type=NTN servingRsrp=-96.1524 targetRsrp=-92.5746 targetLoadReal=8/10 targetLoadEff=9/10
UE 86 TTT_WAIT target=2 elapsed=0s need=2s
UE 88 TTT_WAIT target=6 elapsed=0s need=2s
UE 89 TTT_WAIT target=1 elapsed=0s need=2s
UE 91 TTT_WAIT target=2 elapsed=0s need=2s
UE 92 TTT_WAIT target=2 elapsed=0s need=2s
UE 95 TTT_WAIT target=1 elapsed=0s need=2s
UE 97 TTT_WAIT target=6 elapsed=0s need=2s
UE 98 TTT_WAIT target=1 elapsed=0s need=2s
LM HO_FAIL_LOW_RSRP UE=99 currCell=2 candCell=1 candRsrp=-120.168 < min=-120
UE 100 TTT_WAIT target=2 elapsed=0s need=2s
UE 101 TTT_WAIT target=2 elapsed=0s need=2s
UE 102 TTT_WAIT target=2 elapsed=0s need=2s
UE 103 TTT_WAIT target=6 elapsed=0s need=2s
LM HO_FAIL_LOW_RSRP UE=106 currCell=3 candCell=6 candRsrp=-144.666 < min=-120
UE 107 TTT_WAIT target=1 elapsed=0s need=2s
TRACE HO_SUCCESS Time=104.615 IMSI=35 TargetCell=4 Type=TN TargetRSRP=-112.274 ServingRSRP=-128.621 BackhaulDlSnr=-999 BackhaulUlSnr=-999
TRACE HO_SUCCESS Time=104.615 IMSI=42 TargetCell=5 Type=NTN TargetRSRP=-98.4699 ServingRSRP=-89.9054 BackhaulDlSnr=12.3237 BackhaulUlSnr=7.80308
TRACE HO_SUCCESS Time=104.615 IMSI=56 TargetCell=5 Type=NTN TargetRSRP=-98.1482 ServingRSRP=-89.6972 BackhaulDlSnr=12.3237 BackhaulUlSnr=7.80308
TRACE HO_SUCCESS Time=104.615 IMSI=82 TargetCell=7 Type=NTN TargetRSRP=-127.771 ServingRSRP=-95.2832 BackhaulDlSnr=9.65705 BackhaulUlSnr=5.13645
TRACE HO_SUCCESS Time=104.615 IMSI=45 TargetCell=7 Type=NTN TargetRSRP=-124.07 ServingRSRP=-100.386 BackhaulDlSnr=9.65705 BackhaulUlSnr=5.13645
UAV_AUTONOMY_XAPP Time=106.5 DeploymentMode=tn-uav-satellite UavIndex=0 UavCellId=5 BestDonorCellId=3 BestDonorDistanceM=2168.39 XhaulConnected=1 XhaulChannelVariationDb=-0.982422 XhaulState=HEALTHY DonorUnavailableActive=0 SatBackhaulHealthy=1 UavSwitchingXappAvailable=1 UavSwitchingXappState=STANDBY BackhaulMode=TN_DIRECT RicControlState=TN_E2 ActiveUavRic=TN_NEAR_RT_RIC NormalUeHandoverAllowed=1 UavMode=TN_CONTROLLED_COVERAGE_EXTENSION
UAV_AUTONOMY_XAPP Time=106.5 DeploymentMode=tn-uav-satellite UavIndex=1 UavCellId=6 BestDonorCellId=4 BestDonorDistanceM=718.306 XhaulConnected=1 XhaulChannelVariationDb=-3.76143 XhaulState=HEALTHY DonorUnavailableActive=0 SatBackhaulHealthy=1 UavSwitchingXappAvailable=1 UavSwitchingXappState=STANDBY BackhaulMode=TN_DIRECT RicControlState=TN_E2 ActiveUavRic=TN_NEAR_RT_RIC NormalUeHandoverAllowed=1 UavMode=TN_CONTROLLED_COVERAGE_EXTENSION
UAV_AUTONOMY_XAPP Time=106.5 DeploymentMode=tn-uav-satellite UavIndex=2 UavCellId=7 BestDonorCellId=2 BestDonorDistanceM=188.06 XhaulConnected=1 XhaulChannelVariationDb=3.66204 XhaulState=HEALTHY DonorUnavailableActive=0 SatBackhaulHealthy=1 UavSwitchingXappAvailable=1 UavSwitchingXappState=STANDBY BackhaulMode=TN_DIRECT RicControlState=TN_E2 ActiveUavRic=TN_NEAR_RT_RIC NormalUeHandoverAllowed=1 UavMode=TN_CONTROLLED_COVERAGE_EXTENSION
---- LOAD at t=106.5 ----
  cell 1 (TN) load=18/20
  cell 2 (TN) load=19/20
  cell 3 (TN) load=18/20
  cell 4 (TN) load=20/20
  cell 5 (NTN) load=10/10
  cell 6 (NTN) load=6/10
  cell 7 (NTN) load=9/10
LM HO UE=8 rnti=190 4->2 type=TN servingRsrp=-121.479 targetRsrp=-81.5247 targetLoadReal=19/20 targetLoadEff=19/20
LM HO_FAIL_LOW_RSRP UE=9 currCell=1 candCell=3 candRsrp=-123.91 < min=-120
UE 13 TTT_WAIT target=1 elapsed=0s need=2s
LM HO_FAIL_LOW_RSRP UE=14 currCell=5 candCell=6 candRsrp=-122.809 < min=-120
LM HO UE=17 rnti=130 2->1 type=TN servingRsrp=-122.718 targetRsrp=-119.314 targetLoadReal=18/20 targetLoadEff=18/20
UE 18 TTT_WAIT target=7 elapsed=0s need=2s
UE 20 TTT_WAIT target=1 elapsed=0s need=2s
UE 23 TTT_WAIT target=1 elapsed=0s need=2s
UE 24 TTT_WAIT target=1 elapsed=0s need=2s
LM HO_FAIL_LOW_RSRP UE=26 currCell=3 candCell=6 candRsrp=-142.568 < min=-120
LM HO_FAIL_LOW_RSRP UE=28 currCell=2 candCell=3 candRsrp=-133.947 < min=-120
UE 29 TTT_WAIT target=3 elapsed=0s need=2s
UE 33 TTT_WAIT target=1 elapsed=0s need=2s
UE 34 TTT_WAIT target=3 elapsed=0s need=2s
UE 35 TTT_WAIT target=1 elapsed=0s need=2s
UE 38 TTT_WAIT target=1 elapsed=0s need=2s
LM HO_FAIL_LOW_RSRP UE=40 currCell=1 candCell=7 candRsrp=-120.617 < min=-120
UE 41 TTT_WAIT target=1 elapsed=0s need=2s
LM HO_FAIL_LOW_RSRP UE=42 currCell=4 candCell=7 candRsrp=-132.338 < min=-120
UE 43 TTT_WAIT target=1 elapsed=0s need=2s
LM HO_FAIL_LOW_RSRP UE=46 currCell=7 candCell=6 candRsrp=-137.101 < min=-120
UE 47 TTT_WAIT target=1 elapsed=0s need=2s
UE 49 TTT_WAIT target=6 elapsed=0s need=2s
LM HO UE=51 rnti=203 3->6 type=NTN servingRsrp=-122.684 targetRsrp=-105.127 targetLoadReal=6/10 targetLoadEff=6/10
LM HO UE=52 rnti=138 2->7 type=NTN servingRsrp=-117.91 targetRsrp=-89.1782 targetLoadReal=9/10 targetLoadEff=9/10
UE 53 TTT_WAIT target=3 elapsed=0s need=2s
LM HO_FAIL_LOW_RSRP UE=54 currCell=2 candCell=6 candRsrp=-139.85 < min=-120
UE 55 TTT_WAIT target=1 elapsed=0s need=2s
UE 56 TTT_WAIT target=3 elapsed=0s need=2s
LM HO_FAIL_LOW_RSRP UE=61 currCell=7 candCell=6 candRsrp=-121.648 < min=-120
UE 62 TTT_WAIT target=3 elapsed=0s need=2s
UE 63 TTT_WAIT target=6 elapsed=0s need=2s
LM HO UE=65 rnti=147 2->1 type=TN servingRsrp=-117.379 targetRsrp=-85.1616 targetLoadReal=18/20 targetLoadEff=19/20
UE 66 TTT_WAIT target=3 elapsed=0s need=2s
LM HO_FAIL_LOW_RSRP UE=69 currCell=4 candCell=6 candRsrp=-125.16 < min=-120
LM HO_FAIL_LOW_RSRP UE=71 currCell=2 candCell=6 candRsrp=-136.478 < min=-120
LM HO_FAIL_LOW_RSRP UE=72 currCell=1 candCell=6 candRsrp=-157.15 < min=-120
UE 76 TTT_WAIT target=3 elapsed=0s need=2s
LM HO_FAIL_LOW_RSRP UE=79 currCell=2 candCell=6 candRsrp=-127.403 < min=-120
UE 80 TTT_WAIT target=3 elapsed=0s need=2s
LM HO UE=81 rnti=149 2->6 type=NTN servingRsrp=-130.838 targetRsrp=-103.075 targetLoadReal=6/10 targetLoadEff=7/10
LM HO_FAIL_LOW_RSRP UE=82 currCell=4 candCell=6 candRsrp=-134.463 < min=-120
UE 85 TTT_WAIT target=3 elapsed=0s need=2s
UE 86 TTT_WAIT target=6 elapsed=0s need=2s
LM HO_FAIL_LOW_RSRP UE=91 currCell=1 candCell=6 candRsrp=-141.312 < min=-120
UE 93 TTT_WAIT target=6 elapsed=0s need=2s
UE 95 TTT_WAIT target=6 elapsed=0s need=2s
UE 96 TTT_WAIT target=6 elapsed=0s need=2s
LM HO_FAIL_LOW_RSRP UE=101 currCell=3 candCell=6 candRsrp=-121.393 < min=-120
UE 103 TTT_WAIT target=3 elapsed=0s need=2s
LM HO_FAIL_LOW_RSRP UE=104 currCell=2 candCell=6 candRsrp=-143.206 < min=-120
LM HO_FAIL_LOW_RSRP UE=106 currCell=3 candCell=6 candRsrp=-142.998 < min=-120
UE 107 TTT_WAIT target=3 elapsed=0s need=2s
TRACE HO_SUCCESS Time=106.615 IMSI=64 TargetCell=1 Type=TN TargetRSRP=-117.956 ServingRSRP=-101.636 BackhaulDlSnr=-999 BackhaulUlSnr=-999
TRACE HO_SUCCESS Time=106.615 IMSI=16 TargetCell=1 Type=TN TargetRSRP=-124.318 ServingRSRP=-101.669 BackhaulDlSnr=-999 BackhaulUlSnr=-999
TRACE HO_SUCCESS Time=106.615 IMSI=7 TargetCell=2 Type=TN TargetRSRP=-81.1339 ServingRSRP=-90.4967 BackhaulDlSnr=-999 BackhaulUlSnr=-999
TRACE HO_SUCCESS Time=106.615 IMSI=80 TargetCell=6 Type=NTN TargetRSRP=-121.313 ServingRSRP=-91.3766 BackhaulDlSnr=13.6615 BackhaulUlSnr=9.14085
TRACE HO_SUCCESS Time=106.615 IMSI=50 TargetCell=6 Type=NTN TargetRSRP=-141.097 ServingRSRP=-96.3489 BackhaulDlSnr=13.6615 BackhaulUlSnr=9.14085
TRACE HO_SUCCESS Time=106.615 IMSI=51 TargetCell=7 Type=NTN TargetRSRP=-133.579 ServingRSRP=-94.2453 BackhaulDlSnr=13.6329 BackhaulUlSnr=9.11234
UAV_AUTONOMY_XAPP Time=108.5 DeploymentMode=tn-uav-satellite UavIndex=0 UavCellId=5 BestDonorCellId=1 BestDonorDistanceM=2151.42 XhaulConnected=1 XhaulChannelVariationDb=-1.96068 XhaulState=HEALTHY DonorUnavailableActive=0 SatBackhaulHealthy=1 UavSwitchingXappAvailable=1 UavSwitchingXappState=STANDBY BackhaulMode=TN_DIRECT RicControlState=TN_E2 ActiveUavRic=TN_NEAR_RT_RIC NormalUeHandoverAllowed=1 UavMode=TN_CONTROLLED_COVERAGE_EXTENSION
UAV_AUTONOMY_XAPP Time=108.5 DeploymentMode=tn-uav-satellite UavIndex=1 UavCellId=6 BestDonorCellId=4 BestDonorDistanceM=738.594 XhaulConnected=1 XhaulChannelVariationDb=-4.13753 XhaulState=HEALTHY DonorUnavailableActive=0 SatBackhaulHealthy=1 UavSwitchingXappAvailable=1 UavSwitchingXappState=STANDBY BackhaulMode=TN_DIRECT RicControlState=TN_E2 ActiveUavRic=TN_NEAR_RT_RIC NormalUeHandoverAllowed=1 UavMode=TN_CONTROLLED_COVERAGE_EXTENSION
UAV_AUTONOMY_XAPP Time=108.5 DeploymentMode=tn-uav-satellite UavIndex=2 UavCellId=7 BestDonorCellId=2 BestDonorDistanceM=176.692 XhaulConnected=1 XhaulChannelVariationDb=-0.773899 XhaulState=HEALTHY DonorUnavailableActive=0 SatBackhaulHealthy=1 UavSwitchingXappAvailable=1 UavSwitchingXappState=STANDBY BackhaulMode=TN_DIRECT RicControlState=TN_E2 ActiveUavRic=TN_NEAR_RT_RIC NormalUeHandoverAllowed=1 UavMode=TN_CONTROLLED_COVERAGE_EXTENSION
---- LOAD at t=108.5 ----
  cell 1 (TN) load=20/20
  cell 2 (TN) load=16/20
  cell 3 (TN) load=17/20
  cell 4 (TN) load=19/20
  cell 5 (NTN) load=10/10
  cell 6 (NTN) load=8/10
  cell 7 (NTN) load=10/10
LM HO_FAIL_LOW_RSRP UE=8 currCell=2 candCell=6 candRsrp=-143.947 < min=-120
UE 9 TTT_WAIT target=4 elapsed=0s need=2s
UE 11 TTT_WAIT target=4 elapsed=0s need=2s
UE 17 TTT_WAIT target=2 elapsed=0s need=2s
UE 24 TTT_WAIT target=2 elapsed=0s need=2s
UE 25 TTT_WAIT target=2 elapsed=0s need=2s
UE 26 TTT_WAIT target=2 elapsed=0s need=2s
UE 27 TTT_WAIT target=6 elapsed=0s need=2s
UE 28 TTT_WAIT target=4 elapsed=0s need=2s
UE 29 TTT_WAIT target=2 elapsed=0s need=2s
LM HO_FAIL_LOW_RSRP UE=33 currCell=2 candCell=6 candRsrp=-142.411 < min=-120
LM HO_FAIL_LOW_RSRP UE=34 currCell=4 candCell=6 candRsrp=-126.572 < min=-120
UE 35 TTT_WAIT target=3 elapsed=0s need=2s
UE 38 TTT_WAIT target=6 elapsed=0s need=2s
UE 40 TTT_WAIT target=2 elapsed=0s need=2s
UE 41 TTT_WAIT target=2 elapsed=0s need=2s
LM HO_FAIL_LOW_RSRP UE=42 currCell=4 candCell=6 candRsrp=-141.022 < min=-120
UE 43 TTT_WAIT target=3 elapsed=0s need=2s
UE 44 TTT_WAIT target=4 elapsed=0s need=2s
UE 46 TTT_WAIT target=6 elapsed=0s need=2s
UE 47 TTT_WAIT target=2 elapsed=0s need=2s
UE 48 TTT_WAIT target=4 elapsed=0s need=2s
LM HO_FAIL_LOW_RSRP UE=50 currCell=3 candCell=6 candRsrp=-139.894 < min=-120
UE 51 TTT_WAIT target=3 elapsed=0s need=2s
UE 52 TTT_WAIT target=6 elapsed=0s need=2s
UE 54 TTT_WAIT target=3 elapsed=0s need=2s
UE 55 TTT_WAIT target=6 elapsed=0s need=2s
LM HO UE=56 rnti=215 1->3 type=TN servingRsrp=-96.6549 targetRsrp=-92.9395 targetLoadReal=17/20 targetLoadEff=17/20
UE 58 TTT_WAIT target=3 elapsed=0s need=2s
UE 59 TTT_WAIT target=3 elapsed=0s need=2s
LM HO_FAIL_LOW_RSRP UE=60 currCell=1 candCell=6 candRsrp=-154.577 < min=-120
UE 63 TTT_WAIT target=4 elapsed=0s need=2s
UE 64 TTT_WAIT target=2 elapsed=0s need=2s
UE 65 TTT_WAIT target=3 elapsed=0s need=2s
LM HO UE=66 rnti=96 5->3 type=TN servingRsrp=-133.811 targetRsrp=-106.45 targetLoadReal=17/20 targetLoadEff=18/20
LM HO_FAIL_LOW_RSRP UE=67 currCell=3 candCell=6 candRsrp=-144.986 < min=-120
UE 68 TTT_WAIT target=2 elapsed=0s need=2s
LM HO_FAIL_LOW_RSRP UE=74 currCell=3 candCell=6 candRsrp=-141.353 < min=-120
LM HO UE=76 rnti=216 1->3 type=TN servingRsrp=-113.853 targetRsrp=-83.2755 targetLoadReal=17/20 targetLoadEff=19/20
LM HO_FAIL_LOW_RSRP UE=79 currCell=2 candCell=4 candRsrp=-121.113 < min=-120
LM HO_FAIL_LOW_RSRP UE=80 currCell=1 candCell=6 candRsrp=-136.954 < min=-120
UE 86 TTT_WAIT target=2 elapsed=0s need=2s
LM HO_FAIL_LOW_RSRP UE=89 currCell=4 candCell=6 candRsrp=-139.701 < min=-120
UE 91 TTT_WAIT target=4 elapsed=0s need=2s
LM HO_FAIL_LOW_RSRP UE=97 currCell=2 candCell=6 candRsrp=-125.53 < min=-120
UE 98 TTT_WAIT target=2 elapsed=0s need=2s
UE 100 TTT_WAIT target=6 elapsed=0s need=2s
LM HO_FAIL_LOW_RSRP UE=101 currCell=3 candCell=6 candRsrp=-148.768 < min=-120
LM HO_FAIL_LOW_RSRP UE=102 currCell=3 candCell=6 candRsrp=-136.534 < min=-120
UE 103 TTT_WAIT target=4 elapsed=0s need=2s
LM HO_FAIL_LOW_RSRP UE=104 currCell=2 candCell=6 candRsrp=-137.611 < min=-120
UE 105 TTT_WAIT target=4 elapsed=0s need=2s
LM HO_FAIL_LOW_RSRP UE=106 currCell=3 candCell=6 candRsrp=-122.223 < min=-120
UE 107 TTT_WAIT target=4 elapsed=0s need=2s
TRACE HO_SUCCESS Time=108.615 IMSI=75 TargetCell=3 Type=TN TargetRSRP=-98.3168 ServingRSRP=-89.7141 BackhaulDlSnr=-999 BackhaulUlSnr=-999
TRACE HO_SUCCESS Time=108.615 IMSI=55 TargetCell=3 Type=TN TargetRSRP=-107.951 ServingRSRP=-109.818 BackhaulDlSnr=-999 BackhaulUlSnr=-999
TRACE HO_SUCCESS Time=108.615 IMSI=65 TargetCell=3 Type=TN TargetRSRP=-119.036 ServingRSRP=-91.5549 BackhaulDlSnr=-999 BackhaulUlSnr=-999
UAV_AUTONOMY_XAPP Time=110.5 DeploymentMode=tn-uav-satellite UavIndex=0 UavCellId=5 BestDonorCellId=2 BestDonorDistanceM=2618.06 XhaulConnected=1 XhaulChannelVariationDb=3.0158 XhaulState=HEALTHY DonorUnavailableActive=0 SatBackhaulHealthy=1 UavSwitchingXappAvailable=1 UavSwitchingXappState=STANDBY BackhaulMode=TN_DIRECT RicControlState=TN_E2 ActiveUavRic=TN_NEAR_RT_RIC NormalUeHandoverAllowed=1 UavMode=TN_CONTROLLED_COVERAGE_EXTENSION
UAV_AUTONOMY_XAPP Time=110.5 DeploymentMode=tn-uav-satellite UavIndex=1 UavCellId=6 BestDonorCellId=4 BestDonorDistanceM=725.211 XhaulConnected=1 XhaulChannelVariationDb=0.114613 XhaulState=HEALTHY DonorUnavailableActive=0 SatBackhaulHealthy=1 UavSwitchingXappAvailable=1 UavSwitchingXappState=STANDBY BackhaulMode=TN_DIRECT RicControlState=TN_E2 ActiveUavRic=TN_NEAR_RT_RIC NormalUeHandoverAllowed=1 UavMode=TN_CONTROLLED_COVERAGE_EXTENSION
UAV_AUTONOMY_XAPP Time=110.5 DeploymentMode=tn-uav-satellite UavIndex=2 UavCellId=7 BestDonorCellId=2 BestDonorDistanceM=176.692 XhaulConnected=1 XhaulChannelVariationDb=-4.12444 XhaulState=HEALTHY DonorUnavailableActive=0 SatBackhaulHealthy=1 UavSwitchingXappAvailable=1 UavSwitchingXappState=STANDBY BackhaulMode=TN_DIRECT RicControlState=TN_E2 ActiveUavRic=TN_NEAR_RT_RIC NormalUeHandoverAllowed=1 UavMode=TN_CONTROLLED_COVERAGE_EXTENSION
---- LOAD at t=110.5 ----
  cell 1 (TN) load=18/20
  cell 2 (TN) load=16/20
  cell 3 (TN) load=20/20
  cell 4 (TN) load=19/20
  cell 5 (NTN) load=9/10
  cell 6 (NTN) load=8/10
  cell 7 (NTN) load=10/10
UE 8 TTT_WAIT target=1 elapsed=0s need=2s
UE 10 TTT_WAIT target=2 elapsed=0s need=2s
UE 18 TTT_WAIT target=2 elapsed=0s need=2s
UE 20 TTT_WAIT target=1 elapsed=0s need=2s
UE 22 TTT_WAIT target=6 elapsed=0s need=2s
LM HO UE=24 rnti=212 3->2 type=TN servingRsrp=-126.964 targetRsrp=-101.95 targetLoadReal=16/20 targetLoadEff=16/20
LM HO UE=25 rnti=104 6->2 type=TN servingRsrp=-117.122 targetRsrp=-109.702 targetLoadReal=16/20 targetLoadEff=17/20
LM HO_FAIL_LOW_RSRP UE=26 currCell=3 candCell=5 candRsrp=-140.164 < min=-120
UE 27 TTT_WAIT target=1 elapsed=0s need=2s
LM HO UE=28 rnti=142 2->4 type=TN servingRsrp=-136.22 targetRsrp=-115.42 targetLoadReal=19/20 targetLoadEff=19/20
UE 35 TTT_WAIT target=5 elapsed=0s need=2s
UE 36 TTT_WAIT target=5 elapsed=0s need=2s
LM HO_FAIL_LOW_RSRP UE=39 currCell=1 candCell=5 candRsrp=-127.547 < min=-120
LM HO UE=40 rnti=210 1->2 type=TN servingRsrp=-126.037 targetRsrp=-116.87 targetLoadReal=16/20 targetLoadEff=18/20
LM HO UE=41 rnti=209 3->2 type=TN servingRsrp=-131.469 targetRsrp=-91.2939 targetLoadReal=16/20 targetLoadEff=19/20
LM HO_FAIL_LOW_RSRP UE=42 currCell=4 candCell=1 candRsrp=-121.678 < min=-120
UE 46 TTT_WAIT target=1 elapsed=0s need=2s
UE 47 TTT_WAIT target=1 elapsed=0s need=2s
LM HO_FAIL_LOW_RSRP UE=50 currCell=3 candCell=5 candRsrp=-127.824 < min=-120
LM HO_FAIL_LOW_RSRP UE=54 currCell=2 candCell=6 candRsrp=-120.918 < min=-120
UE 55 TTT_WAIT target=1 elapsed=0s need=2s
UE 58 TTT_WAIT target=1 elapsed=0s need=2s
LM HO_FAIL_LOW_RSRP UE=59 currCell=1 candCell=5 candRsrp=-126.618 < min=-120
UE 60 TTT_WAIT target=5 elapsed=0s need=2s
UE 61 TTT_WAIT target=1 elapsed=0s need=2s
LM HO_FAIL_LOW_RSRP UE=62 currCell=1 candCell=5 candRsrp=-134.346 < min=-120
LM HO_FAIL_LOW_RSRP UE=63 currCell=3 candCell=5 candRsrp=-124.791 < min=-120
UE 64 TTT_WAIT target=5 elapsed=0s need=2s
LM HO_FAIL_LOW_RSRP UE=66 currCell=3 candCell=5 candRsrp=-128.217 < min=-120
UE 67 TTT_WAIT target=1 elapsed=0s need=2s
UE 71 TTT_WAIT target=5 elapsed=0s need=2s
UE 72 TTT_WAIT target=5 elapsed=0s need=2s
UE 74 TTT_WAIT target=1 elapsed=0s need=2s
LM HO_FAIL_LOW_RSRP UE=80 currCell=1 candCell=5 candRsrp=-126.942 < min=-120
UE 83 TTT_WAIT target=5 elapsed=0s need=2s
UE 86 TTT_WAIT target=6 elapsed=0s need=2s
UE 89 TTT_WAIT target=1 elapsed=0s need=2s
UE 93 TTT_WAIT target=6 elapsed=0s need=2s
UE 95 TTT_WAIT target=1 elapsed=0s need=2s
UE 96 TTT_WAIT target=1 elapsed=0s need=2s
LM HO_FAIL_LOW_RSRP UE=98 currCell=3 candCell=6 candRsrp=-133.431 < min=-120
UE 101 TTT_WAIT target=1 elapsed=0s need=2s
UE 102 TTT_WAIT target=1 elapsed=0s need=2s
LM HO_FAIL_LOW_RSRP UE=103 currCell=2 candCell=1 candRsrp=-120.137 < min=-120
UE 104 TTT_WAIT target=1 elapsed=0s need=2s
UE 106 TTT_WAIT target=1 elapsed=0s need=2s
TRACE HO_SUCCESS Time=110.615 IMSI=39 TargetCell=2 Type=TN TargetRSRP=-122.707 ServingRSRP=-100.433 BackhaulDlSnr=-999 BackhaulUlSnr=-999
TRACE HO_SUCCESS Time=110.615 IMSI=23 TargetCell=2 Type=TN TargetRSRP=-135.554 ServingRSRP=-122.976 BackhaulDlSnr=-999 BackhaulUlSnr=-999
TRACE HO_SUCCESS Time=110.615 IMSI=40 TargetCell=2 Type=TN TargetRSRP=-117.42 ServingRSRP=-122.869 BackhaulDlSnr=-999 BackhaulUlSnr=-999
TRACE HO_SUCCESS Time=110.615 IMSI=24 TargetCell=2 Type=TN TargetRSRP=-128.349 ServingRSRP=-111.921 BackhaulDlSnr=-999 BackhaulUlSnr=-999
TRACE HO_SUCCESS Time=110.615 IMSI=27 TargetCell=4 Type=TN TargetRSRP=-127.311 ServingRSRP=-126.09 BackhaulDlSnr=-999 BackhaulUlSnr=-999
UAV_AUTONOMY_XAPP Time=112.5 DeploymentMode=tn-uav-satellite UavIndex=0 UavCellId=5 BestDonorCellId=3 BestDonorDistanceM=2202.82 XhaulConnected=1 XhaulChannelVariationDb=-1.36339 XhaulState=HEALTHY DonorUnavailableActive=0 SatBackhaulHealthy=1 UavSwitchingXappAvailable=1 UavSwitchingXappState=STANDBY BackhaulMode=TN_DIRECT RicControlState=TN_E2 ActiveUavRic=TN_NEAR_RT_RIC NormalUeHandoverAllowed=1 UavMode=TN_CONTROLLED_COVERAGE_EXTENSION
UAV_AUTONOMY_XAPP Time=112.5 DeploymentMode=tn-uav-satellite UavIndex=1 UavCellId=6 BestDonorCellId=4 BestDonorDistanceM=772.418 XhaulConnected=1 XhaulChannelVariationDb=0.368929 XhaulState=HEALTHY DonorUnavailableActive=0 SatBackhaulHealthy=1 UavSwitchingXappAvailable=1 UavSwitchingXappState=STANDBY BackhaulMode=TN_DIRECT RicControlState=TN_E2 ActiveUavRic=TN_NEAR_RT_RIC NormalUeHandoverAllowed=1 UavMode=TN_CONTROLLED_COVERAGE_EXTENSION
UAV_AUTONOMY_XAPP Time=112.5 DeploymentMode=tn-uav-satellite UavIndex=2 UavCellId=7 BestDonorCellId=2 BestDonorDistanceM=176.692 XhaulConnected=1 XhaulChannelVariationDb=-3.15775 XhaulState=HEALTHY DonorUnavailableActive=0 SatBackhaulHealthy=1 UavSwitchingXappAvailable=1 UavSwitchingXappState=STANDBY BackhaulMode=TN_DIRECT RicControlState=TN_E2 ActiveUavRic=TN_NEAR_RT_RIC NormalUeHandoverAllowed=1 UavMode=TN_CONTROLLED_COVERAGE_EXTENSION
---- LOAD at t=112.5 ----
  cell 1 (TN) load=17/20
  cell 2 (TN) load=19/20
  cell 3 (TN) load=18/20
  cell 4 (TN) load=20/20
  cell 5 (NTN) load=9/10
  cell 6 (NTN) load=7/10
  cell 7 (NTN) load=10/10
LM HO_FAIL_LOW_RSRP UE=8 currCell=2 candCell=5 candRsrp=-140.772 < min=-120
UE 9 TTT_WAIT target=2 elapsed=0s need=2s
UE 10 TTT_WAIT target=1 elapsed=0s need=2s
UE 16 TTT_WAIT target=1 elapsed=0s need=2s
UE 17 TTT_WAIT target=3 elapsed=0s need=2s
LM HO UE=18 rnti=189 1->2 type=TN servingRsrp=-109.278 targetRsrp=-71.5091 targetLoadReal=19/20 targetLoadEff=19/20
UE 21 TTT_WAIT target=5 elapsed=0s need=2s
UE 22 TTT_WAIT target=1 elapsed=0s need=2s
UE 23 TTT_WAIT target=1 elapsed=0s need=2s
UE 24 TTT_WAIT target=1 elapsed=0s need=2s
LM HO_FAIL_LOW_RSRP UE=25 currCell=2 candCell=5 candRsrp=-122.121 < min=-120
UE 26 TTT_WAIT target=1 elapsed=0s need=2s
LM HO_FAIL_LOW_RSRP UE=27 currCell=4 candCell=5 candRsrp=-135.572 < min=-120
LM HO_FAIL_LOW_RSRP UE=30 currCell=3 candCell=5 candRsrp=-123.554 < min=-120
UE 32 TTT_WAIT target=6 elapsed=0s need=2s
LM HO_FAIL_LOW_RSRP UE=35 currCell=7 candCell=5 candRsrp=-123.435 < min=-120
LM HO_FAIL_LOW_RSRP UE=36 currCell=4 candCell=6 candRsrp=-127.575 < min=-120
LM HO_FAIL_LOW_RSRP UE=38 currCell=3 candCell=1 candRsrp=-122.462 < min=-120
UE 39 TTT_WAIT target=5 elapsed=0s need=2s
LM HO_FAIL_LOW_RSRP UE=40 currCell=2 candCell=6 candRsrp=-132.255 < min=-120
UE 41 TTT_WAIT target=6 elapsed=0s need=2s
UE 42 TTT_WAIT target=1 elapsed=0s need=2s
UE 43 TTT_WAIT target=3 elapsed=0s need=2s
UE 44 TTT_WAIT target=6 elapsed=0s need=2s
UE 46 TTT_WAIT target=3 elapsed=0s need=2s
LM HO UE=47 rnti=208 3->1 type=TN servingRsrp=-117.061 targetRsrp=-108.449 targetLoadReal=17/20 targetLoadEff=17/20
UE 48 TTT_WAIT target=1 elapsed=0s need=2s
UE 51 TTT_WAIT target=3 elapsed=0s need=2s
UE 52 TTT_WAIT target=3 elapsed=0s need=2s
UE 53 TTT_WAIT target=5 elapsed=0s need=2s
LM HO UE=55 rnti=181 4->1 type=TN servingRsrp=-118.612 targetRsrp=-115.587 targetLoadReal=17/20 targetLoadEff=18/20
UE 58 TTT_WAIT target=3 elapsed=0s need=2s
LM HO_FAIL_LOW_RSRP UE=59 currCell=1 candCell=5 candRsrp=-124.503 < min=-120
UE 60 TTT_WAIT target=3 elapsed=0s need=2s
LM HO UE=61 rnti=86 7->1 type=TN servingRsrp=-123.554 targetRsrp=-103.953 targetLoadReal=17/20 targetLoadEff=19/20
UE 62 TTT_WAIT target=3 elapsed=0s need=2s
UE 63 TTT_WAIT target=6 elapsed=0s need=2s
LM HO_FAIL_LOW_RSRP UE=65 currCell=1 candCell=6 candRsrp=-141.161 < min=-120
LM HO_FAIL_LOW_RSRP UE=66 currCell=3 candCell=5 candRsrp=-120.798 < min=-120
LM HO_FAIL_LOW_RSRP UE=67 currCell=3 candCell=5 candRsrp=-120.698 < min=-120
UE 68 TTT_WAIT target=3 elapsed=0s need=2s
UE 69 TTT_WAIT target=3 elapsed=0s need=2s
UE 70 TTT_WAIT target=6 elapsed=0s need=2s
UE 74 TTT_WAIT target=5 elapsed=0s need=2s
UE 75 TTT_WAIT target=6 elapsed=0s need=2s
UE 78 TTT_WAIT target=3 elapsed=0s need=2s
UE 79 TTT_WAIT target=6 elapsed=0s need=2s
LM HO_FAIL_LOW_RSRP UE=82 currCell=4 candCell=6 candRsrp=-138.399 < min=-120
LM HO UE=83 rnti=95 7->5 type=NTN servingRsrp=-120.727 targetRsrp=-89.1798 targetLoadReal=9/10 targetLoadEff=9/10
LM HO_FAIL_LOW_RSRP UE=86 currCell=3 candCell=6 candRsrp=-131.812 < min=-120
UE 91 TTT_WAIT target=3 elapsed=0s need=2s
UE 92 TTT_WAIT target=3 elapsed=0s need=2s
UE 95 TTT_WAIT target=3 elapsed=0s need=2s
UE 97 TTT_WAIT target=3 elapsed=0s need=2s
UE 99 TTT_WAIT target=6 elapsed=0s need=2s
LM HO_FAIL_LOW_RSRP UE=102 currCell=3 candCell=6 candRsrp=-139.615 < min=-120
LM HO_FAIL_LOW_RSRP UE=103 currCell=2 candCell=3 candRsrp=-121.203 < min=-120
LM HO_FAIL_LOW_RSRP UE=104 currCell=2 candCell=6 candRsrp=-144.216 < min=-120
LM HO_FAIL_LOW_RSRP UE=106 currCell=3 candCell=6 candRsrp=-142.388 < min=-120
TRACE HO_SUCCESS Time=112.615 IMSI=46 TargetCell=1 Type=TN TargetRSRP=-106.757 ServingRSRP=-106.997 BackhaulDlSnr=-999 BackhaulUlSnr=-999
TRACE HO_SUCCESS Time=112.615 IMSI=54 TargetCell=1 Type=TN TargetRSRP=-121.227 ServingRSRP=-103.062 BackhaulDlSnr=-999 BackhaulUlSnr=-999
TRACE HO_SUCCESS Time=112.615 IMSI=60 TargetCell=1 Type=TN TargetRSRP=-148.805 ServingRSRP=-115.681 BackhaulDlSnr=-999 BackhaulUlSnr=-999
TRACE HO_SUCCESS Time=112.615 IMSI=17 TargetCell=2 Type=TN TargetRSRP=-101.901 ServingRSRP=-79.46 BackhaulDlSnr=-999 BackhaulUlSnr=-999
TRACE HO_SUCCESS Time=112.615 IMSI=82 TargetCell=5 Type=NTN TargetRSRP=-92.7456 ServingRSRP=-86.0467 BackhaulDlSnr=13.7514 BackhaulUlSnr=9.23075
UAV_AUTONOMY_XAPP Time=114.5 DeploymentMode=tn-uav-satellite UavIndex=0 UavCellId=5 BestDonorCellId=1 BestDonorDistanceM=2229.98 XhaulConnected=1 XhaulChannelVariationDb=1.65914 XhaulState=HEALTHY DonorUnavailableActive=0 SatBackhaulHealthy=1 UavSwitchingXappAvailable=1 UavSwitchingXappState=STANDBY BackhaulMode=TN_DIRECT RicControlState=TN_E2 ActiveUavRic=TN_NEAR_RT_RIC NormalUeHandoverAllowed=1 UavMode=TN_CONTROLLED_COVERAGE_EXTENSION
UAV_AUTONOMY_XAPP Time=114.5 DeploymentMode=tn-uav-satellite UavIndex=1 UavCellId=6 BestDonorCellId=4 BestDonorDistanceM=818.82 XhaulConnected=1 XhaulChannelVariationDb=-2.31126 XhaulState=HEALTHY DonorUnavailableActive=0 SatBackhaulHealthy=1 UavSwitchingXappAvailable=1 UavSwitchingXappState=STANDBY BackhaulMode=TN_DIRECT RicControlState=TN_E2 ActiveUavRic=TN_NEAR_RT_RIC NormalUeHandoverAllowed=1 UavMode=TN_CONTROLLED_COVERAGE_EXTENSION
UAV_AUTONOMY_XAPP Time=114.5 DeploymentMode=tn-uav-satellite UavIndex=2 UavCellId=7 BestDonorCellId=2 BestDonorDistanceM=173.152 XhaulConnected=1 XhaulChannelVariationDb=-1.4967 XhaulState=HEALTHY DonorUnavailableActive=0 SatBackhaulHealthy=1 UavSwitchingXappAvailable=1 UavSwitchingXappState=STANDBY BackhaulMode=TN_DIRECT RicControlState=TN_E2 ActiveUavRic=TN_NEAR_RT_RIC NormalUeHandoverAllowed=1 UavMode=TN_CONTROLLED_COVERAGE_EXTENSION
---- LOAD at t=114.5 ----
  cell 1 (TN) load=19/20
  cell 2 (TN) load=20/20
  cell 3 (TN) load=17/20
  cell 4 (TN) load=19/20
  cell 5 (NTN) load=10/10
  cell 6 (NTN) load=7/10
  cell 7 (NTN) load=8/10
UE 9 TTT_WAIT target=3 elapsed=0s need=2s
UE 10 TTT_WAIT target=7 elapsed=0s need=2s
UE 11 TTT_WAIT target=7 elapsed=0s need=2s
UE 15 TTT_WAIT target=1 elapsed=0s need=2s
UE 17 TTT_WAIT target=7 elapsed=0s need=2s
UE 22 TTT_WAIT target=6 elapsed=0s need=2s
LM HO UE=23 rnti=118 2->1 type=TN servingRsrp=-101.174 targetRsrp=-92.1636 targetLoadReal=19/20 targetLoadEff=19/20
UE 24 TTT_WAIT target=6 elapsed=0s need=2s
UE 25 TTT_WAIT target=4 elapsed=0s need=2s
UE 28 TTT_WAIT target=3 elapsed=0s need=2s
UE 29 TTT_WAIT target=3 elapsed=0s need=2s
LM HO_FAIL_LOW_RSRP UE=30 currCell=3 candCell=7 candRsrp=-145.752 < min=-120
UE 33 TTT_WAIT target=7 elapsed=0s need=2s
UE 34 TTT_WAIT target=6 elapsed=0s need=2s
LM HO_FAIL_LOW_RSRP UE=37 currCell=4 candCell=6 candRsrp=-132.194 < min=-120
UE 38 TTT_WAIT target=6 elapsed=0s need=2s
UE 39 TTT_WAIT target=3 elapsed=0s need=2s
UE 40 TTT_WAIT target=4 elapsed=0s need=2s
UE 46 TTT_WAIT target=6 elapsed=0s need=2s
UE 50 TTT_WAIT target=7 elapsed=0s need=2s
LM HO_FAIL_LOW_RSRP UE=51 currCell=6 candCell=7 candRsrp=-127.486 < min=-120
UE 54 TTT_WAIT target=3 elapsed=0s need=2s
UE 55 TTT_WAIT target=4 elapsed=0s need=2s
LM HO UE=58 rnti=102 5->3 type=TN servingRsrp=-113.901 targetRsrp=-97.8446 targetLoadReal=17/20 targetLoadEff=17/20
UE 59 TTT_WAIT target=3 elapsed=0s need=2s
LM HO_FAIL_LOW_RSRP UE=60 currCell=1 candCell=3 candRsrp=-123.311 < min=-120
UE 61 TTT_WAIT target=4 elapsed=0s need=2s
LM HO_FAIL_LOW_RSRP UE=63 currCell=3 candCell=6 candRsrp=-140.615 < min=-120
UE 64 TTT_WAIT target=4 elapsed=0s need=2s
UE 65 TTT_WAIT target=4 elapsed=0s need=2s
LM HO_FAIL_LOW_RSRP UE=66 currCell=3 candCell=7 candRsrp=-124.772 < min=-120
LM HO_FAIL_LOW_RSRP UE=68 currCell=1 candCell=7 candRsrp=-134.493 < min=-120
UE 72 TTT_WAIT target=3 elapsed=0s need=2s
LM HO_FAIL_LOW_RSRP UE=76 currCell=3 candCell=7 candRsrp=-120.953 < min=-120
UE 79 TTT_WAIT target=3 elapsed=0s need=2s
LM HO_FAIL_LOW_RSRP UE=80 currCell=1 candCell=6 candRsrp=-123.778 < min=-120
UE 81 TTT_WAIT target=7 elapsed=0s need=2s
UE 82 TTT_WAIT target=3 elapsed=0s need=2s
UE 85 TTT_WAIT target=4 elapsed=0s need=2s
UE 86 TTT_WAIT target=7 elapsed=0s need=2s
LM HO_FAIL_LOW_RSRP UE=88 currCell=4 candCell=7 candRsrp=-123.099 < min=-120
LM HO UE=91 rnti=217 1->3 type=TN servingRsrp=-120.07 targetRsrp=-85.482 targetLoadReal=17/20 targetLoadEff=18/20
LM HO_FAIL_LOW_RSRP UE=95 currCell=4 candCell=7 candRsrp=-126.97 < min=-120
LM HO_FAIL_LOW_RSRP UE=96 currCell=2 candCell=7 candRsrp=-122.969 < min=-120
UE 99 TTT_WAIT target=4 elapsed=0s need=2s
UE 100 TTT_WAIT target=4 elapsed=0s need=2s
LM HO_FAIL_LOW_RSRP UE=102 currCell=3 candCell=6 candRsrp=-136.279 < min=-120
UE 103 TTT_WAIT target=3 elapsed=0s need=2s
UE 104 TTT_WAIT target=3 elapsed=0s need=2s
UE 105 TTT_WAIT target=3 elapsed=0s need=2s
LM HO_FAIL_LOW_RSRP UE=106 currCell=3 candCell=7 candRsrp=-139.343 < min=-120
UE 107 TTT_WAIT target=4 elapsed=0s need=2s
TRACE HO_SUCCESS Time=114.615 IMSI=22 TargetCell=1 Type=TN TargetRSRP=-106.965 ServingRSRP=-72.5199 BackhaulDlSnr=-999 BackhaulUlSnr=-999
TRACE HO_SUCCESS Time=114.615 IMSI=90 TargetCell=3 Type=TN TargetRSRP=-123.516 ServingRSRP=-89.2009 BackhaulDlSnr=-999 BackhaulUlSnr=-999
TRACE HO_SUCCESS Time=114.615 IMSI=57 TargetCell=3 Type=TN TargetRSRP=-124.954 ServingRSRP=-111.031 BackhaulDlSnr=-999 BackhaulUlSnr=-999
UAV_AUTONOMY_XAPP Time=116.5 DeploymentMode=tn-uav-satellite UavIndex=0 UavCellId=5 BestDonorCellId=1 BestDonorDistanceM=2243.43 XhaulConnected=1 XhaulChannelVariationDb=-2.88542 XhaulState=HEALTHY DonorUnavailableActive=0 SatBackhaulHealthy=1 UavSwitchingXappAvailable=1 UavSwitchingXappState=STANDBY BackhaulMode=TN_DIRECT RicControlState=TN_E2 ActiveUavRic=TN_NEAR_RT_RIC NormalUeHandoverAllowed=1 UavMode=TN_CONTROLLED_COVERAGE_EXTENSION
UAV_AUTONOMY_XAPP Time=116.5 DeploymentMode=tn-uav-satellite UavIndex=1 UavCellId=6 BestDonorCellId=4 BestDonorDistanceM=865.241 XhaulConnected=1 XhaulChannelVariationDb=-2.30576 XhaulState=HEALTHY DonorUnavailableActive=0 SatBackhaulHealthy=1 UavSwitchingXappAvailable=1 UavSwitchingXappState=STANDBY BackhaulMode=TN_DIRECT RicControlState=TN_E2 ActiveUavRic=TN_NEAR_RT_RIC NormalUeHandoverAllowed=1 UavMode=TN_CONTROLLED_COVERAGE_EXTENSION
UAV_AUTONOMY_XAPP Time=116.5 DeploymentMode=tn-uav-satellite UavIndex=2 UavCellId=7 BestDonorCellId=2 BestDonorDistanceM=172.44 XhaulConnected=1 XhaulChannelVariationDb=-0.553926 XhaulState=HEALTHY DonorUnavailableActive=0 SatBackhaulHealthy=1 UavSwitchingXappAvailable=1 UavSwitchingXappState=STANDBY BackhaulMode=TN_DIRECT RicControlState=TN_E2 ActiveUavRic=TN_NEAR_RT_RIC NormalUeHandoverAllowed=1 UavMode=TN_CONTROLLED_COVERAGE_EXTENSION
---- LOAD at t=116.5 ----
  cell 1 (TN) load=19/20
  cell 2 (TN) load=19/20
  cell 3 (TN) load=19/20
  cell 4 (TN) load=19/20
  cell 5 (NTN) load=9/10
  cell 6 (NTN) load=7/10
  cell 7 (NTN) load=8/10
UE 8 TTT_WAIT target=3 elapsed=0s need=2s
UE 9 TTT_WAIT target=2 elapsed=0s need=2s
UE 10 TTT_WAIT target=1 elapsed=0s need=2s
UE 13 TTT_WAIT target=1 elapsed=0s need=2s
LM HO_FAIL_LOW_RSRP UE=15 currCell=3 candCell=5 candRsrp=-123.89 < min=-120
LM HO_FAIL_LOW_RSRP UE=16 currCell=4 candCell=6 candRsrp=-120.871 < min=-120
UE 20 TTT_WAIT target=3 elapsed=0s need=2s
UE 23 TTT_WAIT target=2 elapsed=0s need=2s
UE 24 TTT_WAIT target=1 elapsed=0s need=2s
UE 25 TTT_WAIT target=6 elapsed=0s need=2s
UE 26 TTT_WAIT target=2 elapsed=0s need=2s
LM HO_FAIL_LOW_RSRP UE=27 currCell=4 candCell=7 candRsrp=-129.021 < min=-120
UE 28 TTT_WAIT target=6 elapsed=0s need=2s
LM HO_FAIL_LOW_RSRP UE=30 currCell=3 candCell=7 candRsrp=-120.636 < min=-120
UE 34 TTT_WAIT target=7 elapsed=0s need=2s
LM HO_FAIL_LOW_RSRP UE=35 currCell=7 candCell=5 candRsrp=-128.589 < min=-120
UE 36 TTT_WAIT target=1 elapsed=0s need=2s
UE 37 TTT_WAIT target=6 elapsed=0s need=2s
UE 38 TTT_WAIT target=1 elapsed=0s need=2s
UE 39 TTT_WAIT target=7 elapsed=0s need=2s
LM HO_FAIL_LOW_RSRP UE=41 currCell=2 candCell=6 candRsrp=-124.951 < min=-120
UE 42 TTT_WAIT target=1 elapsed=0s need=2s
UE 43 TTT_WAIT target=3 elapsed=0s need=2s
UE 45 TTT_WAIT target=3 elapsed=0s need=2s
UE 46 TTT_WAIT target=2 elapsed=0s need=2s
UE 47 TTT_WAIT target=3 elapsed=0s need=2s
UE 50 TTT_WAIT target=2 elapsed=0s need=2s
UE 51 TTT_WAIT target=3 elapsed=0s need=2s
UE 52 TTT_WAIT target=2 elapsed=0s need=2s
UE 54 TTT_WAIT target=1 elapsed=0s need=2s
UE 55 TTT_WAIT target=2 elapsed=0s need=2s
UE 59 TTT_WAIT target=2 elapsed=0s need=2s
UE 60 TTT_WAIT target=3 elapsed=0s need=2s
LM HO UE=61 rnti=225 1->4 type=TN servingRsrp=-117.8 targetRsrp=-110.123 targetLoadReal=19/20 targetLoadEff=19/20
UE 65 TTT_WAIT target=3 elapsed=0s need=2s
LM HO_FAIL_LOW_RSRP UE=66 currCell=3 candCell=7 candRsrp=-130.745 < min=-120
UE 67 TTT_WAIT target=1 elapsed=0s need=2s
UE 68 TTT_WAIT target=3 elapsed=0s need=2s
UE 69 TTT_WAIT target=5 elapsed=0s need=2s
UE 70 TTT_WAIT target=2 elapsed=0s need=2s
UE 71 TTT_WAIT target=1 elapsed=0s need=2s
LM HO_FAIL_LOW_RSRP UE=74 currCell=3 candCell=5 candRsrp=-124.29 < min=-120
UE 75 TTT_WAIT target=3 elapsed=0s need=2s
UE 76 TTT_WAIT target=1 elapsed=0s need=2s
LM HO_FAIL_LOW_RSRP UE=79 currCell=2 candCell=1 candRsrp=-124.489 < min=-120
UE 81 TTT_WAIT target=2 elapsed=0s need=2s
UE 85 TTT_WAIT target=3 elapsed=0s need=2s
UE 86 TTT_WAIT target=2 elapsed=0s need=2s
UE 89 TTT_WAIT target=3 elapsed=0s need=2s
UE 91 TTT_WAIT target=2 elapsed=0s need=2s
UE 93 TTT_WAIT target=6 elapsed=0s need=2s
UE 95 TTT_WAIT target=2 elapsed=0s need=2s
UE 97 TTT_WAIT target=3 elapsed=0s need=2s
UE 98 TTT_WAIT target=2 elapsed=0s need=2s
UE 99 TTT_WAIT target=1 elapsed=0s need=2s
UE 100 TTT_WAIT target=1 elapsed=0s need=2s
LM HO_FAIL_LOW_RSRP UE=101 currCell=3 candCell=2 candRsrp=-123.395 < min=-120
LM HO UE=105 rnti=98 6->3 type=TN servingRsrp=-139.936 targetRsrp=-109.951 targetLoadReal=19/20 targetLoadEff=19/20
LM HO_FAIL_LOW_RSRP UE=106 currCell=3 candCell=5 candRsrp=-121.892 < min=-120
UE 107 TTT_WAIT target=2 elapsed=0s need=2s
TRACE HO_SUCCESS Time=116.615 IMSI=104 TargetCell=3 Type=TN TargetRSRP=-113.028 ServingRSRP=-84.5504 BackhaulDlSnr=-999 BackhaulUlSnr=-999
TRACE HO_SUCCESS Time=116.615 IMSI=60 TargetCell=4 Type=TN TargetRSRP=-122.447 ServingRSRP=-102.568 BackhaulDlSnr=-999 BackhaulUlSnr=-999
UAV_AUTONOMY_XAPP Time=118.5 DeploymentMode=tn-uav-satellite UavIndex=0 UavCellId=5 BestDonorCellId=1 BestDonorDistanceM=2287.5 XhaulConnected=1 XhaulChannelVariationDb=1.35516 XhaulState=HEALTHY DonorUnavailableActive=0 SatBackhaulHealthy=1 UavSwitchingXappAvailable=1 UavSwitchingXappState=STANDBY BackhaulMode=TN_DIRECT RicControlState=TN_E2 ActiveUavRic=TN_NEAR_RT_RIC NormalUeHandoverAllowed=1 UavMode=TN_CONTROLLED_COVERAGE_EXTENSION
UAV_AUTONOMY_XAPP Time=118.5 DeploymentMode=tn-uav-satellite UavIndex=1 UavCellId=6 BestDonorCellId=4 BestDonorDistanceM=892.36 XhaulConnected=1 XhaulChannelVariationDb=-1.54976 XhaulState=HEALTHY DonorUnavailableActive=0 SatBackhaulHealthy=1 UavSwitchingXappAvailable=1 UavSwitchingXappState=STANDBY BackhaulMode=TN_DIRECT RicControlState=TN_E2 ActiveUavRic=TN_NEAR_RT_RIC NormalUeHandoverAllowed=1 UavMode=TN_CONTROLLED_COVERAGE_EXTENSION
UAV_AUTONOMY_XAPP Time=118.5 DeploymentMode=tn-uav-satellite UavIndex=2 UavCellId=7 BestDonorCellId=2 BestDonorDistanceM=173.134 XhaulConnected=1 XhaulChannelVariationDb=3.75949 XhaulState=HEALTHY DonorUnavailableActive=0 SatBackhaulHealthy=1 UavSwitchingXappAvailable=1 UavSwitchingXappState=STANDBY BackhaulMode=TN_DIRECT RicControlState=TN_E2 ActiveUavRic=TN_NEAR_RT_RIC NormalUeHandoverAllowed=1 UavMode=TN_CONTROLLED_COVERAGE_EXTENSION
---- LOAD at t=118.5 ----
  cell 1 (TN) load=18/20
  cell 2 (TN) load=19/20
  cell 3 (TN) load=20/20
  cell 4 (TN) load=20/20
  cell 5 (NTN) load=9/10
  cell 6 (NTN) load=6/10
  cell 7 (NTN) load=8/10
UE 8 TTT_WAIT target=1 elapsed=0s need=2s
LM HO UE=9 rnti=218 1->2 type=TN servingRsrp=-103.946 targetRsrp=-79.745 targetLoadReal=19/20 targetLoadEff=19/20
UE 11 TTT_WAIT target=7 elapsed=0s need=2s
LM HO UE=13 rnti=139 2->1 type=TN servingRsrp=-87.7012 targetRsrp=-82.6238 targetLoadReal=18/20 targetLoadEff=18/20
UE 15 TTT_WAIT target=1 elapsed=0s need=2s
UE 20 TTT_WAIT target=1 elapsed=0s need=2s
UE 23 TTT_WAIT target=7 elapsed=0s need=2s
LM HO UE=24 rnti=153 2->1 type=TN servingRsrp=-121.003 targetRsrp=-106.752 targetLoadReal=18/20 targetLoadEff=19/20
LM HO UE=25 rnti=154 2->6 type=NTN servingRsrp=-126.529 targetRsrp=-91.462 targetLoadReal=6/10 targetLoadEff=6/10
LM HO_FAIL_LOW_RSRP UE=26 currCell=3 candCell=5 candRsrp=-137.764 < min=-120
LM HO_FAIL_LOW_RSRP UE=28 currCell=4 candCell=5 candRsrp=-126.138 < min=-120
UE 29 TTT_WAIT target=7 elapsed=0s need=2s
LM HO_FAIL_LOW_RSRP UE=30 currCell=3 candCell=5 candRsrp=-129.606 < min=-120
UE 33 TTT_WAIT target=7 elapsed=0s need=2s
LM HO UE=34 rnti=188 4->7 type=NTN servingRsrp=-117.5 targetRsrp=-94.7223 targetLoadReal=8/10 targetLoadEff=8/10
LM HO_FAIL_LOW_RSRP UE=35 currCell=7 candCell=5 candRsrp=-131.749 < min=-120
LM HO_FAIL_LOW_RSRP UE=36 currCell=4 candCell=6 candRsrp=-123.46 < min=-120
LM HO_FAIL_LOW_RSRP UE=37 currCell=4 candCell=6 candRsrp=-126.496 < min=-120
UE 38 TTT_WAIT target=5 elapsed=0s need=2s
LM HO_FAIL_LOW_RSRP UE=39 currCell=1 candCell=7 candRsrp=-120.231 < min=-120
LM HO_FAIL_LOW_RSRP UE=40 currCell=2 candCell=7 candRsrp=-124.979 < min=-120
UE 41 TTT_WAIT target=5 elapsed=0s need=2s
UE 42 TTT_WAIT target=5 elapsed=0s need=2s
UE 44 TTT_WAIT target=5 elapsed=0s need=2s
UE 45 TTT_WAIT target=7 elapsed=0s need=2s
UE 46 TTT_WAIT target=6 elapsed=0s need=2s
UE 47 TTT_WAIT target=6 elapsed=0s need=2s
UE 50 TTT_WAIT target=7 elapsed=0s need=2s
LM HO_FAIL_LOW_RSRP UE=51 currCell=6 candCell=7 candRsrp=-127.526 < min=-120
LM HO_FAIL_LOW_RSRP UE=53 currCell=7 candCell=5 candRsrp=-129.401 < min=-120
UE 54 TTT_WAIT target=5 elapsed=0s need=2s
LM HO_FAIL_LOW_RSRP UE=55 currCell=1 candCell=7 candRsrp=-125.949 < min=-120
UE 58 TTT_WAIT target=7 elapsed=0s need=2s
UE 59 TTT_WAIT target=7 elapsed=0s need=2s
UE 60 TTT_WAIT target=7 elapsed=0s need=2s
UE 61 TTT_WAIT target=6 elapsed=0s need=2s
LM HO_FAIL_LOW_RSRP UE=63 currCell=3 candCell=5 candRsrp=-134.059 < min=-120
UE 64 TTT_WAIT target=7 elapsed=0s need=2s
LM HO_FAIL_LOW_RSRP UE=66 currCell=3 candCell=7 candRsrp=-129.824 < min=-120
UE 72 TTT_WAIT target=5 elapsed=0s need=2s
UE 75 TTT_WAIT target=6 elapsed=0s need=2s
UE 76 TTT_WAIT target=7 elapsed=0s need=2s
UE 79 TTT_WAIT target=7 elapsed=0s need=2s
LM HO_FAIL_LOW_RSRP UE=80 currCell=1 candCell=7 candRsrp=-130.994 < min=-120
LM HO_FAIL_LOW_RSRP UE=81 currCell=6 candCell=5 candRsrp=-133.011 < min=-120
UE 83 TTT_WAIT target=7 elapsed=0s need=2s
UE 85 TTT_WAIT target=5 elapsed=0s need=2s
UE 88 TTT_WAIT target=6 elapsed=0s need=2s
LM HO_FAIL_LOW_RSRP UE=89 currCell=4 candCell=7 candRsrp=-122.192 < min=-120
UE 90 TTT_WAIT target=7 elapsed=0s need=2s
LM HO_FAIL_LOW_RSRP UE=91 currCell=3 candCell=7 candRsrp=-130.28 < min=-120
LM HO UE=93 rnti=162 4->6 type=NTN servingRsrp=-111.047 targetRsrp=-93.166 targetLoadReal=6/10 targetLoadEff=7/10
UE 95 TTT_WAIT target=5 elapsed=0s need=2s
UE 98 TTT_WAIT target=6 elapsed=0s need=2s
UE 99 TTT_WAIT target=6 elapsed=0s need=2s
UE 103 TTT_WAIT target=7 elapsed=0s need=2s
UE 104 TTT_WAIT target=7 elapsed=0s need=2s
UE 105 TTT_WAIT target=7 elapsed=0s need=2s
UE 106 TTT_WAIT target=6 elapsed=0s need=2s
TRACE HO_SUCCESS Time=118.615 IMSI=12 TargetCell=1 Type=TN TargetRSRP=-108.149 ServingRSRP=-91.9167 BackhaulDlSnr=-999 BackhaulUlSnr=-999
TRACE HO_SUCCESS Time=118.615 IMSI=23 TargetCell=1 Type=TN TargetRSRP=-124.055 ServingRSRP=-97.6132 BackhaulDlSnr=-999 BackhaulUlSnr=-999
TRACE HO_SUCCESS Time=118.615 IMSI=8 TargetCell=2 Type=TN TargetRSRP=-118.46 ServingRSRP=-94.7434 BackhaulDlSnr=-999 BackhaulUlSnr=-999
TRACE HO_SUCCESS Time=118.615 IMSI=24 TargetCell=6 Type=NTN TargetRSRP=-88.6734 ServingRSRP=-116.517 BackhaulDlSnr=13.6003 BackhaulUlSnr=9.07969
TRACE HO_SUCCESS Time=118.615 IMSI=92 TargetCell=6 Type=NTN TargetRSRP=-123.061 ServingRSRP=-91.0252 BackhaulDlSnr=13.6003 BackhaulUlSnr=9.07969
TRACE HO_SUCCESS Time=118.615 IMSI=33 TargetCell=7 Type=NTN TargetRSRP=-132.562 ServingRSRP=-117.474 BackhaulDlSnr=9.90908 BackhaulUlSnr=5.38848
