time,ueId,rnti,servingCell,servingRsrp,candidateCell,candidateRsrp,candidateLoad,candidateEffLoad,candidateCap,candidateIsNtn,backhaulDlSnr,backhaulUlSnr,finalChosenCell
6.5,23,8,7,-86.0943,3,-119.45,0,0,20,0,-999,-999,0
6.5,23,8,7,-86.0943,5,-126.768,0,0,0,1,-999,-999,0
6.5,23,8,7,-86.0943,6,-127.829,1,1,10,1,-999,-999,0
6.5,23,8,7,-86.0943,2,-128.968,0,0,20,0,-999,-999,0
6.5,23,8,7,-86.0943,4,-130.462,0,0,20,0,-999,-999,0
6.5,23,8,7,-86.0943,1,-133.571,0,0,20,0,-999,-999,0
6.5,46,8,6,-104.577,4,-97.2649,0,0,20,0,-999,-999,0
6.5,46,8,6,-104.577,7,-141.601,1,1,10,1,-999,-999,0
6.5,46,8,6,-104.577,1,-154.886,0,0,20,0,-999,-999,0
6.5,46,8,6,-104.577,3,-157.608,0,0,20,0,-999,-999,0
6.5,46,8,6,-104.577,2,-161.332,0,0,20,0,-999,-999,0
6.5,46,8,6,-104.577,5,-169.279,0,0,0,1,-999,-999,0
8.5,23,8,7,-120.201,1,-103.12,0,0,20,0,-999,-999,0
8.5,23,8,7,-120.201,3,-119.342,0,0,20,0,-999,-999,0
8.5,23,8,7,-120.201,2,-128.836,0,0,20,0,-999,-999,0
8.5,23,8,7,-120.201,4,-130.041,1,1,20,0,-999,-999,0
8.5,23,8,7,-120.201,6,-135.39,1,1,10,1,-999,-999,0
8.5,23,8,7,-120.201,5,-154.24,0,0,0,1,-999,-999,0
8.5,46,8,6,-135.779,4,-117.792,1,1,20,0,-999,-999,0
8.5,46,8,6,-135.779,7,-123.892,1,1,10,1,-999,-999,0
8.5,46,8,6,-135.779,1,-160.155,0,0,20,0,-999,-999,0
8.5,46,8,6,-135.779,3,-160.527,0,0,20,0,-999,-999,0
8.5,46,8,6,-135.779,2,-160.537,0,0,20,0,-999,-999,0
8.5,46,8,6,-135.779,5,-178.04,0,0,0,1,-999,-999,0
8.5,90,8,4,-87.0154,6,-99.1506,1,1,10,1,-999,-999,0
8.5,90,8,4,-87.0154,1,-134.02,0,0,20,0,-999,-999,0
8.5,90,8,4,-87.0154,2,-135.204,0,0,20,0,-999,-999,0
8.5,90,8,4,-87.0154,7,-141.421,1,1,10,1,-999,-999,0
8.5,90,8,4,-87.0154,3,-142.612,0,0,20,0,-999,-999,0
8.5,90,8,4,-87.0154,5,-153.758,0,0,0,1,-999,-999,0
10.5,23,8,7,-124.476,6,-113.422,1,1,10,1,-999,-999,0
10.5,23,8,7,-124.476,3,-118.453,0,0,20,0,-999,-999,0
10.5,23,8,7,-124.476,1,-129.36,0,0,20,0,-999,-999,0
10.5,23,8,7,-124.476,4,-129.477,1,1,20,0,-999,-999,0
10.5,23,8,7,-124.476,2,-130.804,0,0,20,0,-999,-999,0
10.5,23,8,7,-124.476,5,-151.634,0,0,0,1,-999,-999,0
10.5,46,8,6,-145.07,7,-103.586,1,1,10,1,-999,-999,0
10.5,46,8,6,-145.07,4,-141.067,1,1,20,0,-999,-999,0
10.5,46,8,6,-145.07,1,-154.749,0,0,20,0,-999,-999,0
10.5,46,8,6,-145.07,2,-155.436,0,0,20,0,-999,-999,0
10.5,46,8,6,-145.07,3,-158.462,0,0,20,0,-999,-999,0
10.5,46,8,6,-145.07,5,-172.562,0,0,0,1,-999,-999,0
10.5,90,8,4,-103.764,6,-101.533,1,1,10,1,-999,-999,0
10.5,90,8,4,-103.764,7,-131.063,1,1,10,1,-999,-999,0
10.5,90,8,4,-103.764,2,-135.086,0,0,20,0,-999,-999,0
10.5,90,8,4,-103.764,1,-135.807,0,0,20,0,-999,-999,0
10.5,90,8,4,-103.764,3,-141.789,0,0,20,0,-999,-999,0
10.5,90,8,4,-103.764,5,-154.053,0,0,0,1,-999,-999,0
12.5,23,8,7,-128.175,4,-96.4259,2,2,20,0,-999,-999,0
12.5,23,8,7,-128.175,6,-107.849,1,1,10,1,-999,-999,0
12.5,23,8,7,-128.175,2,-120.935,1,1,20,0,-999,-999,0
12.5,23,8,7,-128.175,3,-125.243,0,0,20,0,-999,-999,0
12.5,23,8,7,-128.175,1,-132.027,0,0,20,0,-999,-999,0
12.5,23,8,7,-128.175,5,-148.424,0,0,0,1,-999,-999,0
12.5,46,8,6,-141.593,4,-131.807,2,2,20,0,-999,-999,0
12.5,46,8,6,-141.593,7,-140.969,1,1,10,1,-999,-999,0
12.5,46,8,6,-141.593,2,-141.284,1,1,20,0,-999,-999,0
12.5,46,8,6,-141.593,1,-157.776,0,0,20,0,-999,-999,0
12.5,46,8,6,-141.593,3,-159.859,0,0,20,0,-999,-999,0
12.5,46,8,6,-141.593,5,-169.461,0,0,0,1,-999,-999,0
12.5,90,8,4,-108.051,2,-104.276,1,1,20,0,-999,-999,0
12.5,90,8,4,-108.051,6,-124.085,1,1,10,1,-999,-999,0
12.5,90,8,4,-108.051,1,-136.829,0,0,20,0,-999,-999,0
12.5,90,8,4,-108.051,3,-140.626,0,0,20,0,-999,-999,0
12.5,90,8,4,-108.051,7,-142.21,1,1,10,1,-999,-999,0
12.5,90,8,4,-108.051,5,-153.419,0,0,0,1,-999,-999,0
12.5,97,8,2,-107.267,1,-97.4545,0,0,20,0,-999,-999,0
12.5,97,8,2,-107.267,6,-101.45,1,1,10,1,-999,-999,0
12.5,97,8,2,-107.267,4,-107.373,2,2,20,0,-999,-999,0
12.5,97,8,2,-107.267,3,-123.865,0,0,20,0,-999,-999,0
12.5,97,8,2,-107.267,7,-124.337,1,1,10,1,-999,-999,0
12.5,97,8,2,-107.267,5,-143.57,0,0,0,1,-999,-999,0
12.5,100,16,4,-104.198,2,-109.746,1,1,20,0,-999,-999,0
12.5,100,16,4,-104.198,6,-123.928,1,1,10,1,-999,-999,0
12.5,100,16,4,-104.198,7,-136.212,1,1,10,1,-999,-999,0
12.5,100,16,4,-104.198,1,-137.384,0,0,20,0,-999,-999,0
12.5,100,16,4,-104.198,3,-147.159,0,0,20,0,-999,-999,0
12.5,100,16,4,-104.198,5,-155.602,0,0,0,1,-999,-999,0
14.5,23,8,7,-129.985,2,-102.712,1,1,20,0,-999,-999,0
14.5,23,8,7,-129.985,3,-117.924,0,0,20,0,-999,-999,0
14.5,23,8,7,-129.985,4,-129.649,2,2,20,0,-999,-999,0
14.5,23,8,7,-129.985,1,-129.967,0,0,20,0,-999,-999,0
14.5,23,8,7,-129.985,6,-136.749,1,1,10,1,-999,-999,0
14.5,23,8,7,-129.985,5,-149.456,0,0,0,1,-999,-999,0
14.5,46,8,6,-118.803,4,-97.0523,2,2,20,0,-999,-999,0
14.5,46,8,6,-118.803,2,-130.307,1,1,20,0,-999,-999,0
14.5,46,8,6,-118.803,7,-143.304,1,1,10,1,-999,-999,0
14.5,46,8,6,-118.803,1,-156.604,0,0,20,0,-999,-999,0
14.5,46,8,6,-118.803,3,-161.345,0,0,20,0,-999,-999,0
14.5,46,8,6,-118.803,5,-164.516,0,0,0,1,-999,-999,0
14.5,90,8,4,-95.0504,2,-111.024,1,1,20,0,-999,-999,0
14.5,90,8,4,-95.0504,6,-121.595,1,1,10,1,-999,-999,0
14.5,90,8,4,-95.0504,1,-135.589,0,0,20,0,-999,-999,0
14.5,90,8,4,-95.0504,7,-137.977,1,1,10,1,-999,-999,0
14.5,90,8,4,-95.0504,3,-140.946,0,0,20,0,-999,-999,0
14.5,90,8,4,-95.0504,5,-155.091,0,0,0,1,-999,-999,0
14.5,97,8,2,-85.0184,1,-108.989,0,0,20,0,-999,-999,0
14.5,97,8,2,-85.0184,7,-127.721,1,1,10,1,-999,-999,0
14.5,97,8,2,-85.0184,3,-127.804,0,0,20,0,-999,-999,0
14.5,97,8,2,-85.0184,4,-135.918,2,2,20,0,-999,-999,0
14.5,97,8,2,-85.0184,6,-137.521,1,1,10,1,-999,-999,0
14.5,97,8,2,-85.0184,5,-147.225,0,0,0,1,-999,-999,0
14.5,100,16,4,-104.179,6,-107.056,1,1,10,1,-999,-999,0
14.5,100,16,4,-104.179,2,-108.429,1,1,20,0,-999,-999,0
14.5,100,16,4,-104.179,7,-113.835,1,1,10,1,-999,-999,0
14.5,100,16,4,-104.179,1,-140.27,0,0,20,0,-999,-999,0
14.5,100,16,4,-104.179,3,-150.444,0,0,20,0,-999,-999,0
14.5,100,16,4,-104.179,5,-155.995,0,0,0,1,-999,-999,0
16.5,23,8,7,-86.4321,2,-89.6747,1,1,20,0,-999,-999,0
16.5,23,8,7,-86.4321,6,-119.436,1,1,10,1,-999,-999,0
16.5,23,8,7,-86.4321,3,-121.893,0,0,20,0,-999,-999,0
16.5,23,8,7,-86.4321,4,-127.156,2,2,20,0,-999,-999,0
16.5,23,8,7,-86.4321,1,-127.526,0,0,20,0,-999,-999,0
16.5,23,8,7,-86.4321,5,-148.905,0,0,0,1,-999,-999,0
16.5,46,8,6,-134.59,4,-105.064,2,2,20,0,-999,-999,4
16.5,46,8,6,-134.59,2,-151.158,1,1,20,0,-999,-999,4
16.5,46,8,6,-134.59,7,-153.597,1,1,10,1,-999,-999,4
16.5,46,8,6,-134.59,3,-159.831,0,0,20,0,-999,-999,4
16.5,46,8,6,-134.59,1,-161.734,0,0,20,0,-999,-999,4
16.5,46,8,6,-134.59,5,-168.869,0,0,0,1,-999,-999,4
16.5,90,8,4,-100.97,7,-99.6436,1,1,10,1,-999,-999,0
16.5,90,8,4,-100.97,6,-122.241,1,1,10,1,-999,-999,0
16.5,90,8,4,-100.97,2,-125.774,1,1,20,0,-999,-999,0
16.5,90,8,4,-100.97,1,-133.019,0,0,20,0,-999,-999,0
16.5,90,8,4,-100.97,3,-141.188,0,0,20,0,-999,-999,0
16.5,90,8,4,-100.97,5,-154.122,0,0,0,1,-999,-999,0
16.5,97,8,2,-105.158,1,-108.489,0,0,20,0,-999,-999,0
16.5,97,8,2,-105.158,4,-113.511,2,3,20,0,-999,-999,0
16.5,97,8,2,-105.158,7,-122.653,1,1,10,1,-999,-999,0
16.5,97,8,2,-105.158,3,-127.735,0,0,20,0,-999,-999,0
16.5,97,8,2,-105.158,6,-131.782,1,1,10,1,-999,-999,0
16.5,97,8,2,-105.158,5,-150.17,0,0,0,1,-999,-999,0
16.5,100,16,4,-100.375,2,-98.5137,1,1,20,0,-999,-999,0
16.5,100,16,4,-100.375,7,-99.0462,1,1,10,1,-999,-999,0
16.5,100,16,4,-100.375,6,-127.671,1,1,10,1,-999,-999,0
16.5,100,16,4,-100.375,1,-135.562,0,0,20,0,-999,-999,0
16.5,100,16,4,-100.375,3,-147.008,0,0,20,0,-999,-999,0
16.5,100,16,4,-100.375,5,-159.538,0,0,0,1,-999,-999,0
18.5,23,8,7,-129.778,3,-120.331,0,0,20,0,-999,-999,0
18.5,23,8,7,-129.778,2,-124.414,1,1,20,0,-999,-999,0
18.5,23,8,7,-129.778,1,-131.633,0,0,20,0,-999,-999,0
18.5,23,8,7,-129.778,4,-135.973,3,3,20,0,-999,-999,0
18.5,23,8,7,-129.778,5,-154.13,0,0,0,1,-999,-999,0
18.5,23,8,7,-129.778,6,-156.287,0,0,10,1,-999,-999,0
18.5,46,17,4,-138.343,2,-128.968,1,1,20,0,-999,-999,0
18.5,46,17,4,-138.343,7,-142.829,1,1,10,1,-999,-999,0
18.5,46,17,4,-138.343,3,-163.616,0,0,20,0,-999,-999,0
18.5,46,17,4,-138.343,6,-164.712,0,0,10,1,-999,-999,0
18.5,46,17,4,-138.343,1,-166.387,0,0,20,0,-999,-999,0
18.5,46,17,4,-138.343,5,-177.801,0,0,0,1,-999,-999,0
18.5,90,8,4,-107.351,7,-98.138,1,1,10,1,-999,-999,0
18.5,90,8,4,-107.351,2,-106.133,1,1,20,0,-999,-999,0
18.5,90,8,4,-107.351,6,-133.587,0,0,10,1,-999,-999,0
18.5,90,8,4,-107.351,1,-136.178,0,0,20,0,-999,-999,0
18.5,90,8,4,-107.351,3,-144.553,0,0,20,0,-999,-999,0
18.5,90,8,4,-107.351,5,-158.528,0,0,0,1,-999,-999,0
18.5,97,8,2,-97.8907,1,-109.873,0,0,20,0,-999,-999,0
18.5,97,8,2,-97.8907,3,-128.111,0,0,20,0,-999,-999,0
18.5,97,8,2,-97.8907,7,-128.727,1,1,10,1,-999,-999,0
18.5,97,8,2,-97.8907,4,-139.724,3,3,20,0,-999,-999,0
18.5,97,8,2,-97.8907,5,-145.746,0,0,0,1,-999,-999,0
18.5,97,8,2,-97.8907,6,-148.115,0,0,10,1,-999,-999,0
18.5,100,16,4,-101.679,2,-109.034,1,1,20,0,-999,-999,0
18.5,100,16,4,-101.679,6,-129.328,0,0,10,1,-999,-999,0
18.5,100,16,4,-101.679,7,-134.872,1,1,10,1,-999,-999,0
18.5,100,16,4,-101.679,1,-135.707,0,0,20,0,-999,-999,0
18.5,100,16,4,-101.679,3,-141.675,0,0,20,0,-999,-999,0
18.5,100,16,4,-101.679,5,-153.942,0,0,0,1,-999,-999,0
20.5,23,8,7,-113.754,3,-101.001,0,0,20,0,-999,-999,0
20.5,23,8,7,-113.754,4,-123.213,3,3,20,0,-999,-999,0
20.5,23,8,7,-113.754,1,-126.83,0,0,20,0,-999,-999,0
20.5,23,8,7,-113.754,2,-128.475,1,1,20,0,-999,-999,0
20.5,23,8,7,-113.754,5,-151.599,0,0,0,1,-999,-999,0
20.5,23,8,7,-113.754,6,-157.214,1,1,10,1,-999,-999,0
20.5,46,17,4,-113.919,2,-120.373,1,1,20,0,-999,-999,0
20.5,46,17,4,-113.919,7,-139.641,1,1,10,1,-999,-999,0
20.5,46,17,4,-113.919,3,-163.643,0,0,20,0,-999,-999,0
20.5,46,17,4,-113.919,6,-166.281,1,1,10,1,-999,-999,0
20.5,46,17,4,-113.919,1,-167.096,0,0,20,0,-999,-999,0
20.5,46,17,4,-113.919,5,-175.845,0,0,0,1,-999,-999,0
20.5,90,8,4,-106.715,7,-97.1886,1,1,10,1,-999,-999,7
20.5,90,8,4,-106.715,2,-108.025,1,1,20,0,-999,-999,7
20.5,90,8,4,-106.715,6,-134.379,1,1,10,1,-999,-999,7
20.5,90,8,4,-106.715,1,-138.426,0,0,20,0,-999,-999,7
20.5,90,8,4,-106.715,3,-140.878,0,0,20,0,-999,-999,7
20.5,90,8,4,-106.715,5,-156.844,0,0,0,1,-999,-999,7
20.5,97,8,2,-110.78,1,-108.68,0,0,20,0,-999,-999,0
20.5,97,8,2,-110.78,3,-122.663,0,0,20,0,-999,-999,0
20.5,97,8,2,-110.78,4,-123.975,3,3,20,0,-999,-999,0
20.5,97,8,2,-110.78,7,-132.333,1,2,10,1,-999,-999,0
20.5,97,8,2,-110.78,5,-144.372,0,0,0,1,-999,-999,0
20.5,97,8,2,-110.78,6,-145.193,1,1,10,1,-999,-999,0
20.5,100,16,4,-80.7375,7,-101.144,1,2,10,1,-999,-999,0
20.5,100,16,4,-80.7375,6,-128.384,1,1,10,1,-999,-999,0
20.5,100,16,4,-80.7375,2,-132.873,1,1,20,0,-999,-999,0
20.5,100,16,4,-80.7375,1,-141.571,0,0,20,0,-999,-999,0
20.5,100,16,4,-80.7375,3,-148.192,0,0,20,0,-999,-999,0
20.5,100,16,4,-80.7375,5,-153.906,0,0,0,1,-999,-999,0
22.5,17,16,6,-128.166,2,-100.516,1,1,20,0,-999,-999,0
22.5,17,16,6,-128.166,4,-124.582,2,2,20,0,-999,-999,0
22.5,17,16,6,-128.166,7,-138.997,2,2,10,1,-999,-999,0
22.5,17,16,6,-128.166,1,-157.104,0,0,20,0,-999,-999,0
22.5,17,16,6,-128.166,3,-158.151,0,0,20,0,-999,-999,0
22.5,17,16,6,-128.166,5,-170.978,0,0,0,1,-999,-999,0
22.5,23,8,7,-125.971,3,-102.396,0,0,20,0,-999,-999,3
22.5,23,8,7,-125.971,2,-125.295,1,1,20,0,-999,-999,3
22.5,23,8,7,-125.971,1,-125.395,0,0,20,0,-999,-999,3
22.5,23,8,7,-125.971,6,-132.391,1,1,10,1,-999,-999,3
22.5,23,8,7,-125.971,4,-134.933,2,2,20,0,-999,-999,3
22.5,23,8,7,-125.971,5,-150.497,0,0,0,1,-999,-999,3
22.5,46,17,4,-136.285,7,-103.088,2,2,10,1,-999,-999,0
22.5,46,17,4,-136.285,2,-105.39,1,1,20,0,-999,-999,0
22.5,46,17,4,-136.285,6,-140.981,1,1,10,1,-999,-999,0
22.5,46,17,4,-136.285,3,-166.202,0,1,20,0,-999,-999,0
22.5,46,17,4,-136.285,1,-166.91,0,0,20,0,-999,-999,0
22.5,46,17,4,-136.285,5,-174.058,0,0,0,1,-999,-999,0
22.5,90,9,7,-96.6509,4,-110.323,2,2,20,0,-999,-999,0
22.5,90,9,7,-96.6509,6,-111.02,1,1,10,1,-999,-999,0
22.5,90,9,7,-96.6509,2,-124.142,1,1,20,0,-999,-999,0
22.5,90,9,7,-96.6509,1,-138.698,0,0,20,0,-999,-999,0
22.5,90,9,7,-96.6509,3,-143.434,0,1,20,0,-999,-999,0
22.5,90,9,7,-96.6509,5,-153.966,0,0,0,1,-999,-999,0
22.5,97,8,2,-101.127,7,-89.7536,2,2,10,1,-999,-999,0
22.5,97,8,2,-101.127,1,-106.738,0,0,20,0,-999,-999,0
22.5,97,8,2,-101.127,3,-123.854,0,1,20,0,-999,-999,0
22.5,97,8,2,-101.127,6,-126.249,1,1,10,1,-999,-999,0
22.5,97,8,2,-101.127,4,-138.854,2,2,20,0,-999,-999,0
22.5,97,8,2,-101.127,5,-150.792,0,0,0,1,-999,-999,0
22.5,100,16,4,-90.7124,2,-99.7427,1,1,20,0,-999,-999,0
22.5,100,16,4,-90.7124,6,-123.572,1,1,10,1,-999,-999,0
22.5,100,16,4,-90.7124,7,-139.711,2,2,10,1,-999,-999,0
22.5,100,16,4,-90.7124,1,-142.855,0,0,20,0,-999,-999,0
22.5,100,16,4,-90.7124,3,-145.251,0,1,20,0,-999,-999,0
22.5,100,16,4,-90.7124,5,-155.054,0,0,0,1,-999,-999,0
24.5,17,16,6,-136.737,2,-113.041,1,1,20,0,-999,-999,0
24.5,17,16,6,-136.737,4,-135.161,2,2,20,0,-999,-999,0
24.5,17,16,6,-136.737,7,-136.094,1,1,10,1,-999,-999,0
24.5,17,16,6,-136.737,3,-141.228,1,1,20,0,-999,-999,0
24.5,17,16,6,-136.737,5,-150.805,1,1,0,1,-999,-999,0
24.5,17,16,6,-136.737,1,-154.805,0,0,20,0,-999,-999,0
24.5,23,1,3,-120.729,7,-87.7257,1,1,10,1,-999,-999,0
24.5,23,1,3,-120.729,4,-100.247,2,2,20,0,-999,-999,0
24.5,23,1,3,-120.729,2,-103.032,1,1,20,0,-999,-999,0
24.5,23,1,3,-120.729,1,-135.046,0,0,20,0,-999,-999,0
24.5,23,1,3,-120.729,6,-141.433,1,1,10,1,-999,-999,0
24.5,23,1,3,-120.729,5,-141.57,1,1,0,1,-999,-999,0
24.5,46,17,4,-136.211,7,-102.744,1,1,10,1,-999,-999,0
24.5,46,17,4,-136.211,2,-130.424,1,1,20,0,-999,-999,0
24.5,46,17,4,-136.211,6,-145.277,1,1,10,1,-999,-999,0
24.5,46,17,4,-136.211,3,-147.009,1,1,20,0,-999,-999,0
24.5,46,17,4,-136.211,5,-156.299,1,1,0,1,-999,-999,0
24.5,46,17,4,-136.211,1,-165.136,0,0,20,0,-999,-999,0
24.5,78,8,5,-124.635,3,-101.616,1,1,20,0,-999,-999,0
24.5,78,8,5,-124.635,1,-131.272,0,0,20,0,-999,-999,0
24.5,78,8,5,-124.635,2,-134.708,1,1,20,0,-999,-999,0
24.5,78,8,5,-124.635,4,-141.589,2,2,20,0,-999,-999,0
24.5,78,8,5,-124.635,6,-147.605,1,1,10,1,-999,-999,0
24.5,78,8,5,-124.635,7,-149.444,1,1,10,1,-999,-999,0
24.5,90,9,7,-130.594,2,-93.6806,1,1,20,0,-999,-999,0
24.5,90,9,7,-130.594,5,-109.789,1,1,0,1,-999,-999,0
24.5,90,9,7,-130.594,4,-113.027,2,2,20,0,-999,-999,0
24.5,90,9,7,-130.594,6,-122.61,1,1,10,1,-999,-999,0
24.5,90,9,7,-130.594,3,-133.855,1,1,20,0,-999,-999,0
24.5,90,9,7,-130.594,1,-135.587,0,0,20,0,-999,-999,0
24.5,97,8,2,-81.2341,4,-106.814,2,2,20,0,-999,-999,0
24.5,97,8,2,-81.2341,1,-112.3,0,0,20,0,-999,-999,0
24.5,97,8,2,-81.2341,3,-119.859,1,1,20,0,-999,-999,0
24.5,97,8,2,-81.2341,7,-127.366,1,1,10,1,-999,-999,0
24.5,97,8,2,-81.2341,5,-139.717,1,1,0,1,-999,-999,0
24.5,97,8,2,-81.2341,6,-142.881,1,1,10,1,-999,-999,0
24.5,100,16,4,-104.13,6,-91.5996,1,1,10,1,-999,-999,0
24.5,100,16,4,-104.13,7,-106.044,1,1,10,1,-999,-999,0
24.5,100,16,4,-104.13,3,-107.392,1,1,20,0,-999,-999,0
24.5,100,16,4,-104.13,2,-121.679,1,1,20,0,-999,-999,0
24.5,100,16,4,-104.13,5,-134.777,1,1,0,1,-999,-999,0
24.5,100,16,4,-104.13,1,-138.351,0,0,20,0,-999,-999,0
26.5,17,16,6,-134.07,2,-113.969,1,1,20,0,-999,-999,0
26.5,17,16,6,-134.07,4,-115.718,2,2,20,0,-999,-999,0
26.5,17,16,6,-134.07,1,-116.081,1,1,20,0,-999,-999,0
26.5,17,16,6,-134.07,7,-128.316,1,1,10,1,-999,-999,0
26.5,17,16,6,-134.07,5,-131.038,1,1,0,1,-999,-999,0
26.5,17,16,6,-134.07,3,-149.232,1,1,20,0,-999,-999,0
26.5,23,1,3,-118.834,1,-118.355,1,1,20,0,-999,-999,0
26.5,23,1,3,-118.834,2,-127.774,1,1,20,0,-999,-999,0
26.5,23,1,3,-118.834,7,-129.66,1,1,10,1,-999,-999,0
26.5,23,1,3,-118.834,4,-137.333,2,2,20,0,-999,-999,0
26.5,23,1,3,-118.834,6,-141.068,1,1,10,1,-999,-999,0
26.5,23,1,3,-118.834,5,-142.095,1,1,0,1,-999,-999,0
26.5,46,17,4,-115.641,3,-108.421,1,1,20,0,-999,-999,0
26.5,46,17,4,-115.641,5,-127.381,1,1,0,1,-999,-999,0
26.5,46,17,4,-115.641,2,-127.57,1,1,20,0,-999,-999,0
26.5,46,17,4,-115.641,1,-134.678,1,1,20,0,-999,-999,0
26.5,46,17,4,-115.641,7,-140.88,1,1,10,1,-999,-999,0
26.5,46,17,4,-115.641,6,-142.855,1,1,10,1,-999,-999,0
26.5,78,8,5,-123.512,3,-108.664,1,1,20,0,-999,-999,3
26.5,78,8,5,-123.512,1,-122.704,1,1,20,0,-999,-999,3
26.5,78,8,5,-123.512,2,-132.298,1,1,20,0,-999,-999,3
26.5,78,8,5,-123.512,4,-135.482,2,2,20,0,-999,-999,3
26.5,78,8,5,-123.512,6,-137.315,1,1,10,1,-999,-999,3
26.5,78,8,5,-123.512,7,-151.897,1,1,10,1,-999,-999,3
26.5,90,9,7,-123.721,6,-86.7129,1,1,10,1,-999,-999,0
26.5,90,9,7,-123.721,4,-88.6974,2,2,20,0,-999,-999,0
26.5,90,9,7,-123.721,2,-129.2,1,1,20,0,-999,-999,0
26.5,90,9,7,-123.721,5,-129.513,1,1,0,1,-999,-999,0
26.5,90,9,7,-123.721,1,-137.587,1,1,20,0,-999,-999,0
26.5,90,9,7,-123.721,3,-140.366,1,2,20,0,-999,-999,0
26.5,92,8,1,-87.9979,2,-100.606,1,1,20,0,-999,-999,0
26.5,92,8,1,-87.9979,6,-111.78,1,1,10,1,-999,-999,0
26.5,92,8,1,-87.9979,3,-121.436,1,2,20,0,-999,-999,0
26.5,92,8,1,-87.9979,5,-127.9,1,1,0,1,-999,-999,0
26.5,92,8,1,-87.9979,7,-129.167,1,1,10,1,-999,-999,0
26.5,92,8,1,-87.9979,4,-139.558,2,2,20,0,-999,-999,0
26.5,97,8,2,-107.261,1,-108.639,1,1,20,0,-999,-999,0
26.5,97,8,2,-107.261,3,-116.725,1,2,20,0,-999,-999,0
26.5,97,8,2,-107.261,7,-131.321,1,1,10,1,-999,-999,0
26.5,97,8,2,-107.261,4,-134.013,2,2,20,0,-999,-999,0
26.5,97,8,2,-107.261,5,-135.444,1,1,0,1,-999,-999,0
26.5,97,8,2,-107.261,6,-135.485,1,1,10,1,-999,-999,0
26.5,100,16,4,-81.023,6,-93.2734,1,1,10,1,-999,-999,0
26.5,100,16,4,-81.023,1,-101.682,1,1,20,0,-999,-999,0
26.5,100,16,4,-81.023,2,-129.765,1,1,20,0,-999,-999,0
26.5,100,16,4,-81.023,7,-137.364,1,1,10,1,-999,-999,0
26.5,100,16,4,-81.023,5,-138.784,1,1,0,1,-999,-999,0
26.5,100,16,4,-81.023,3,-144.143,1,2,20,0,-999,-999,0
28.5,17,16,6,-131.016,2,-100.39,1,1,20,0,-999,-999,0
28.5,17,16,6,-131.016,1,-115.875,1,1,20,0,-999,-999,0
28.5,17,16,6,-131.016,4,-131.39,2,2,20,0,-999,-999,0
28.5,17,16,6,-131.016,7,-134.728,1,1,10,1,-999,-999,0
28.5,17,16,6,-131.016,3,-138.6,2,2,20,0,-999,-999,0
28.5,17,16,6,-131.016,5,-173.769,0,0,0,1,-999,-999,0
28.5,23,1,3,-108.4,2,-86.6911,1,1,20,0,-999,-999,0
28.5,23,1,3,-108.4,7,-125.403,1,1,10,1,-999,-999,0
28.5,23,1,3,-108.4,1,-132.894,1,1,20,0,-999,-999,0
28.5,23,1,3,-108.4,4,-138.564,2,2,20,0,-999,-999,0
28.5,23,1,3,-108.4,6,-143.059,1,1,10,1,-999,-999,0
28.5,23,1,3,-108.4,5,-155.657,0,0,0,1,-999,-999,0
28.5,46,17,4,-134.59,3,-108.596,2,2,20,0,-999,-999,3
28.5,46,17,4,-134.59,7,-137.69,1,1,10,1,-999,-999,3
28.5,46,17,4,-134.59,2,-145.573,1,1,20,0,-999,-999,3
28.5,46,17,4,-134.59,1,-145.639,1,1,20,0,-999,-999,3
28.5,46,17,4,-134.59,6,-146.482,1,1,10,1,-999,-999,3
28.5,46,17,4,-134.59,5,-176.695,0,0,0,1,-999,-999,3
28.5,78,2,3,-118.942,1,-122.671,1,1,20,0,-999,-999,0
28.5,78,2,3,-118.942,2,-128.328,1,1,20,0,-999,-999,0
28.5,78,2,3,-118.942,5,-131.958,0,0,0,1,-999,-999,0
28.5,78,2,3,-118.942,4,-139.087,2,2,20,0,-999,-999,0
28.5,78,2,3,-118.942,6,-147.269,1,1,10,1,-999,-999,0
28.5,78,2,3,-118.942,7,-152.125,1,1,10,1,-999,-999,0
28.5,90,9,7,-127.892,6,-86.7874,1,1,10,1,-999,-999,0
28.5,90,9,7,-127.892,2,-93.5581,1,1,20,0,-999,-999,0
28.5,90,9,7,-127.892,4,-104.397,2,2,20,0,-999,-999,0
28.5,90,9,7,-127.892,3,-119.411,2,3,20,0,-999,-999,0
28.5,90,9,7,-127.892,1,-120.47,1,1,20,0,-999,-999,0
28.5,90,9,7,-127.892,5,-154.197,0,0,0,1,-999,-999,0
28.5,92,8,1,-112.168,3,-108.354,2,3,20,0,-999,-999,0
28.5,92,8,1,-112.168,2,-114.539,1,1,20,0,-999,-999,0
28.5,92,8,1,-112.168,7,-124.345,1,1,10,1,-999,-999,0
28.5,92,8,1,-112.168,4,-140.197,2,2,20,0,-999,-999,0
28.5,92,8,1,-112.168,5,-142.955,0,0,0,1,-999,-999,0
28.5,92,8,1,-112.168,6,-145.659,1,1,10,1,-999,-999,0
28.5,97,8,2,-104.62,1,-114.526,1,1,20,0,-999,-999,0
28.5,97,8,2,-104.62,3,-121.91,2,3,20,0,-999,-999,0
28.5,97,8,2,-104.62,4,-134.386,2,2,20,0,-999,-999,0
28.5,97,8,2,-104.62,7,-134.57,1,1,10,1,-999,-999,0
28.5,97,8,2,-104.62,6,-139.991,1,1,10,1,-999,-999,0
28.5,97,8,2,-104.62,5,-143.884,0,0,0,1,-999,-999,0
28.5,100,16,4,-97.5167,6,-111.381,1,1,10,1,-999,-999,0
28.5,100,16,4,-97.5167,7,-125.492,1,1,10,1,-999,-999,0
28.5,100,16,4,-97.5167,1,-128.83,1,1,20,0,-999,-999,0
28.5,100,16,4,-97.5167,3,-129.946,2,3,20,0,-999,-999,0
28.5,100,16,4,-97.5167,2,-131.866,1,1,20,0,-999,-999,0
28.5,100,16,4,-97.5167,5,-155.95,0,0,0,1,-999,-999,0
30.5,17,16,6,-131.517,3,-122.471,3,3,20,0,-999,-999,0
30.5,17,16,6,-131.517,1,-138.855,1,1,20,0,-999,-999,0
30.5,17,16,6,-131.517,7,-139.423,2,2,10,1,-999,-999,0
30.5,17,16,6,-131.517,4,-143.87,1,1,20,0,-999,-999,0
30.5,17,16,6,-131.517,2,-145.252,1,1,20,0,-999,-999,0
30.5,17,16,6,-131.517,5,-167.81,0,0,0,1,-999,-999,0
30.5,23,1,3,-124.092,7,-88.9565,2,2,10,1,-999,-999,0
30.5,23,1,3,-124.092,1,-97.3867,1,1,20,0,-999,-999,0
30.5,23,1,3,-124.092,2,-109.713,1,1,20,0,-999,-999,0
30.5,23,1,3,-124.092,6,-118.403,1,1,10,1,-999,-999,0
30.5,23,1,3,-124.092,4,-136.486,1,1,20,0,-999,-999,0
30.5,23,1,3,-124.092,5,-150.325,0,0,0,1,-999,-999,0
30.5,46,3,3,-127.526,4,-96.8572,1,1,20,0,-999,-999,0
30.5,46,3,3,-127.526,2,-116.978,1,1,20,0,-999,-999,0
30.5,46,3,3,-127.526,7,-138.067,2,2,10,1,-999,-999,0
30.5,46,3,3,-127.526,6,-145.375,1,1,10,1,-999,-999,0
30.5,46,3,3,-127.526,1,-145.544,1,1,20,0,-999,-999,0
30.5,46,3,3,-127.526,5,-167.721,0,0,0,1,-999,-999,0
30.5,78,2,3,-119.473,6,-119.156,1,1,10,1,-999,-999,0
30.5,78,2,3,-119.473,1,-121.734,1,1,20,0,-999,-999,0
30.5,78,2,3,-119.473,2,-131.891,1,1,20,0,-999,-999,0
30.5,78,2,3,-119.473,5,-134.79,0,0,0,1,-999,-999,0
30.5,78,2,3,-119.473,4,-145.623,1,1,20,0,-999,-999,0
30.5,78,2,3,-119.473,7,-149.572,2,2,10,1,-999,-999,0
30.5,90,9,7,-101.844,4,-70.7711,1,1,20,0,-999,-999,0
30.5,90,9,7,-101.844,6,-86.6801,1,1,10,1,-999,-999,0
30.5,90,9,7,-101.844,3,-115.48,3,3,20,0,-999,-999,0
30.5,90,9,7,-101.844,2,-133.553,1,1,20,0,-999,-999,0
30.5,90,9,7,-101.844,1,-136.247,1,1,20,0,-999,-999,0
30.5,90,9,7,-101.844,5,-157.702,0,0,0,1,-999,-999,0
30.5,92,8,1,-111.663,7,-93.3253,2,2,10,1,-999,-999,0
30.5,92,8,1,-111.663,2,-94.2046,1,1,20,0,-999,-999,0
30.5,92,8,1,-111.663,3,-104.691,3,3,20,0,-999,-999,0
30.5,92,8,1,-111.663,4,-137.755,1,1,20,0,-999,-999,0
30.5,92,8,1,-111.663,6,-145.597,1,1,10,1,-999,-999,0
30.5,92,8,1,-111.663,5,-149.144,0,0,0,1,-999,-999,0
30.5,97,8,2,-80.9112,3,-90.6357,3,3,20,0,-999,-999,0
30.5,97,8,2,-80.9112,1,-115.057,1,1,20,0,-999,-999,0
30.5,97,8,2,-80.9112,7,-124.537,2,2,10,1,-999,-999,0
30.5,97,8,2,-80.9112,4,-135.083,1,1,20,0,-999,-999,0
30.5,97,8,2,-80.9112,6,-142.232,1,1,10,1,-999,-999,0
30.5,97,8,2,-80.9112,5,-151.528,0,0,0,1,-999,-999,0
30.5,100,16,4,-101.645,2,-98.8461,1,1,20,0,-999,-999,0
30.5,100,16,4,-101.645,1,-127.388,1,1,20,0,-999,-999,0
30.5,100,16,4,-101.645,6,-127.406,1,1,10,1,-999,-999,0
30.5,100,16,4,-101.645,7,-140.997,2,2,10,1,-999,-999,0
30.5,100,16,4,-101.645,3,-147.373,3,3,20,0,-999,-999,0
30.5,100,16,4,-101.645,5,-157.235,0,0,0,1,-999,-999,0
32.5,17,16,6,-97.7331,3,-107.921,3,3,20,0,-999,-999,0
32.5,17,16,6,-97.7331,2,-123.592,1,1,20,0,-999,-999,0
32.5,17,16,6,-97.7331,4,-137.83,1,1,20,0,-999,-999,0
32.5,17,16,6,-97.7331,7,-139.238,2,2,10,1,-999,-999,0
32.5,17,16,6,-97.7331,1,-144.717,1,1,20,0,-999,-999,0
32.5,17,16,6,-97.7331,5,-164.401,0,0,0,1,-999,-999,0
32.5,23,1,3,-121.495,2,-128.114,1,1,20,0,-999,-999,0
32.5,23,1,3,-121.495,1,-128.538,1,1,20,0,-999,-999,0
32.5,23,1,3,-121.495,7,-130.704,2,2,10,1,-999,-999,0
32.5,23,1,3,-121.495,4,-131.231,1,1,20,0,-999,-999,0
32.5,23,1,3,-121.495,6,-142.693,1,1,10,1,-999,-999,0
32.5,23,1,3,-121.495,5,-152.707,0,0,0,1,-999,-999,0
32.5,46,3,3,-150.667,7,-117.523,2,2,10,1,-999,-999,0
32.5,46,3,3,-150.667,1,-120.367,1,1,20,0,-999,-999,0
32.5,46,3,3,-150.667,4,-138.428,1,1,20,0,-999,-999,0
32.5,46,3,3,-150.667,2,-141.366,1,1,20,0,-999,-999,0
32.5,46,3,3,-150.667,6,-142.592,1,1,10,1,-999,-999,0
32.5,46,3,3,-150.667,5,-176.763,0,0,0,1,-999,-999,0
32.5,54,17,7,-123.49,2,-109.785,1,1,20,0,-999,-999,0
32.5,54,17,7,-123.49,4,-112.225,1,1,20,0,-999,-999,0
32.5,54,17,7,-123.49,3,-134.935,3,3,20,0,-999,-999,0
32.5,54,17,7,-123.49,6,-137.688,1,1,10,1,-999,-999,0
32.5,54,17,7,-123.49,1,-138.051,1,1,20,0,-999,-999,0
32.5,54,17,7,-123.49,5,-169.62,0,0,0,1,-999,-999,0
32.5,78,2,3,-122.401,5,-99.4733,0,0,0,1,-999,-999,0
32.5,78,2,3,-122.401,2,-112.408,1,1,20,0,-999,-999,0
32.5,78,2,3,-122.401,1,-113.397,1,1,20,0,-999,-999,0
32.5,78,2,3,-122.401,7,-118.587,2,2,10,1,-999,-999,0
32.5,78,2,3,-122.401,4,-144.6,1,1,20,0,-999,-999,0
32.5,78,2,3,-122.401,6,-145.28,1,1,10,1,-999,-999,0
32.5,90,9,7,-129.116,4,-70.8496,1,1,20,0,-999,-999,4
32.5,90,9,7,-129.116,2,-120.5,1,1,20,0,-999,-999,4
32.5,90,9,7,-129.116,1,-125.906,1,1,20,0,-999,-999,4
32.5,90,9,7,-129.116,6,-126.084,1,1,10,1,-999,-999,4
32.5,90,9,7,-129.116,3,-129.653,3,3,20,0,-999,-999,4
32.5,90,9,7,-129.116,5,-154.537,0,0,0,1,-999,-999,4
32.5,92,8,1,-112.554,2,-88.2045,1,1,20,0,-999,-999,2
32.5,92,8,1,-112.554,3,-122.35,3,3,20,0,-999,-999,2
32.5,92,8,1,-112.554,4,-130.474,1,2,20,0,-999,-999,2
32.5,92,8,1,-112.554,7,-133.072,2,2,10,1,-999,-999,2
32.5,92,8,1,-112.554,6,-139.648,1,1,10,1,-999,-999,2
32.5,92,8,1,-112.554,5,-145.467,0,0,0,1,-999,-999,2
32.5,97,8,2,-87.4844,7,-108.147,2,2,10,1,-999,-999,0
32.5,97,8,2,-87.4844,1,-110.677,1,1,20,0,-999,-999,0
32.5,97,8,2,-87.4844,3,-114.729,3,3,20,0,-999,-999,0
32.5,97,8,2,-87.4844,4,-138.088,1,2,20,0,-999,-999,0
32.5,97,8,2,-87.4844,6,-139.756,1,1,10,1,-999,-999,0
32.5,97,8,2,-87.4844,5,-144.596,0,0,0,1,-999,-999,0
32.5,100,16,4,-64.2993,7,-107.816,2,2,10,1,-999,-999,0
32.5,100,16,4,-64.2993,2,-116.482,1,2,20,0,-999,-999,0
32.5,100,16,4,-64.2993,6,-126.445,1,1,10,1,-999,-999,0
32.5,100,16,4,-64.2993,1,-133.855,1,1,20,0,-999,-999,0
32.5,100,16,4,-64.2993,3,-135.582,3,3,20,0,-999,-999,0
32.5,100,16,4,-64.2993,5,-157.221,0,0,0,1,-999,-999,0
34.5,17,16,6,-110.152,2,-100.464,2,2,20,0,-999,-999,0
34.5,17,16,6,-110.152,3,-103.308,3,3,20,0,-999,-999,0
34.5,17,16,6,-110.152,4,-134.121,2,2,20,0,-999,-999,0
34.5,17,16,6,-110.152,7,-140.544,1,1,10,1,-999,-999,0
34.5,17,16,6,-110.152,1,-156.433,0,0,20,0,-999,-999,0
34.5,17,16,6,-110.152,5,-166.71,2,2,0,1,-999,-999,0
34.5,23,1,3,-120.434,2,-118.007,2,2,20,0,-999,-999,0
34.5,23,1,3,-120.434,7,-124.511,1,1,10,1,-999,-999,0
34.5,23,1,3,-120.434,6,-131.277,1,1,10,1,-999,-999,0
34.5,23,1,3,-120.434,1,-131.298,0,0,20,0,-999,-999,0
34.5,23,1,3,-120.434,4,-140.92,2,2,20,0,-999,-999,0
34.5,23,1,3,-120.434,5,-152.703,2,2,0,1,-999,-999,0
34.5,46,3,3,-118.245,6,-126.686,1,1,10,1,-999,-999,0
34.5,46,3,3,-118.245,7,-135.32,1,1,10,1,-999,-999,0
34.5,46,3,3,-118.245,4,-139.28,2,2,20,0,-999,-999,0
34.5,46,3,3,-118.245,2,-146.311,2,2,20,0,-999,-999,0
34.5,46,3,3,-118.245,1,-158.453,0,0,20,0,-999,-999,0
34.5,46,3,3,-118.245,5,-168.75,2,2,0,1,-999,-999,0
34.5,54,17,7,-133.215,6,-128.873,1,1,10,1,-999,-999,0
34.5,54,17,7,-133.215,4,-134.155,2,2,20,0,-999,-999,0
34.5,54,17,7,-133.215,2,-135.235,2,2,20,0,-999,-999,0
34.5,54,17,7,-133.215,3,-137.421,3,3,20,0,-999,-999,0
34.5,54,17,7,-133.215,1,-154.508,0,0,20,0,-999,-999,0
34.5,54,17,7,-133.215,5,-168.012,2,2,0,1,-999,-999,0
34.5,78,2,3,-98.5315,1,-130.037,0,0,20,0,-999,-999,0
34.5,78,2,3,-98.5315,2,-130.495,2,2,20,0,-999,-999,0
34.5,78,2,3,-98.5315,5,-138.856,2,2,0,1,-999,-999,0
34.5,78,2,3,-98.5315,4,-149.824,2,2,20,0,-999,-999,0
34.5,78,2,3,-98.5315,6,-151.248,1,1,10,1,-999,-999,0
34.5,78,2,3,-98.5315,7,-153.522,1,1,10,1,-999,-999,0
34.5,90,18,4,-102.336,6,-122.641,1,1,10,1,-999,-999,0
34.5,90,18,4,-102.336,7,-129.662,1,1,10,1,-999,-999,0
34.5,90,18,4,-102.336,2,-133.198,2,2,20,0,-999,-999,0
34.5,90,18,4,-102.336,1,-135.593,0,0,20,0,-999,-999,0
34.5,90,18,4,-102.336,3,-139.575,3,3,20,0,-999,-999,0
34.5,90,18,4,-102.336,5,-159.001,2,2,0,1,-999,-999,0
34.5,92,9,2,-77.6896,3,-90.6863,3,3,20,0,-999,-999,0
34.5,92,9,2,-77.6896,7,-93.277,1,1,10,1,-999,-999,0
34.5,92,9,2,-77.6896,1,-104.275,0,0,20,0,-999,-999,0
34.5,92,9,2,-77.6896,6,-135.022,1,1,10,1,-999,-999,0
34.5,92,9,2,-77.6896,4,-140.576,2,2,20,0,-999,-999,0
34.5,92,9,2,-77.6896,5,-154.76,2,2,0,1,-999,-999,0
34.5,97,8,2,-69.4374,1,-113.057,0,0,20,0,-999,-999,0
34.5,97,8,2,-69.4374,6,-115.591,1,1,10,1,-999,-999,0
34.5,97,8,2,-69.4374,3,-124.774,3,3,20,0,-999,-999,0
34.5,97,8,2,-69.4374,7,-129.666,1,1,10,1,-999,-999,0
34.5,97,8,2,-69.4374,4,-131.466,2,2,20,0,-999,-999,0
34.5,97,8,2,-69.4374,5,-143.415,2,2,0,1,-999,-999,0
34.5,100,16,4,-73.9661,6,-124.339,1,1,10,1,-999,-999,0
34.5,100,16,4,-73.9661,7,-132.585,1,1,10,1,-999,-999,0
34.5,100,16,4,-73.9661,3,-137.201,3,3,20,0,-999,-999,0
34.5,100,16,4,-73.9661,2,-139.1,2,2,20,0,-999,-999,0
34.5,100,16,4,-73.9661,1,-140.284,0,0,20,0,-999,-999,0
34.5,100,16,4,-73.9661,5,-160.98,2,2,0,1,-999,-999,0
36.5,17,16,6,-138.151,2,-100.575,2,2,20,0,-999,-999,2
36.5,17,16,6,-138.151,1,-106.293,0,0,20,0,-999,-999,2
36.5,17,16,6,-138.151,7,-114.125,1,1,10,1,-999,-999,2
36.5,17,16,6,-138.151,4,-128.192,2,2,20,0,-999,-999,2
36.5,17,16,6,-138.151,3,-145.554,3,3,20,0,-999,-999,2
36.5,17,16,6,-138.151,5,-154.078,2,2,0,1,-999,-999,2
36.5,23,1,3,-119.691,7,-117.473,1,1,10,1,-999,-999,0
36.5,23,1,3,-119.691,2,-120.975,2,3,20,0,-999,-999,0
36.5,23,1,3,-119.691,1,-129.349,0,0,20,0,-999,-999,0
36.5,23,1,3,-119.691,6,-131.947,1,1,10,1,-999,-999,0
36.5,23,1,3,-119.691,4,-132.405,2,2,20,0,-999,-999,0
36.5,23,1,3,-119.691,5,-142.733,2,2,0,1,-999,-999,0
36.5,30,23,5,-86.2744,3,-125.47,3,3,20,0,-999,-999,0
36.5,30,23,5,-86.2744,2,-128.382,2,3,20,0,-999,-999,0
36.5,30,23,5,-86.2744,1,-135.097,0,0,20,0,-999,-999,0
36.5,30,23,5,-86.2744,7,-136.845,1,1,10,1,-999,-999,0
36.5,30,23,5,-86.2744,4,-138.516,2,2,20,0,-999,-999,0
36.5,30,23,5,-86.2744,6,-144.591,1,1,10,1,-999,-999,0
36.5,39,24,5,-131,2,-96.7584,2,3,20,0,-999,-999,0
36.5,39,24,5,-131,3,-119.54,3,3,20,0,-999,-999,0
36.5,39,24,5,-131,4,-138.83,2,2,20,0,-999,-999,0
36.5,39,24,5,-131,6,-141.347,1,1,10,1,-999,-999,0
36.5,39,24,5,-131,7,-145.506,1,1,10,1,-999,-999,0
36.5,39,24,5,-131,1,-145.606,0,0,20,0,-999,-999,0
36.5,46,3,3,-146.303,7,-103.158,1,1,10,1,-999,-999,0
36.5,46,3,3,-146.303,6,-113.684,1,1,10,1,-999,-999,0
36.5,46,3,3,-146.303,5,-126.563,2,2,0,1,-999,-999,0
36.5,46,3,3,-146.303,4,-133.701,2,2,20,0,-999,-999,0
36.5,46,3,3,-146.303,2,-141.762,2,3,20,0,-999,-999,0
36.5,46,3,3,-146.303,1,-159.742,0,0,20,0,-999,-999,0
36.5,54,17,7,-134.833,2,-96.3193,2,3,20,0,-999,-999,0
36.5,54,17,7,-134.833,4,-98.4325,2,2,20,0,-999,-999,0
36.5,54,17,7,-134.833,6,-125.949,1,1,10,1,-999,-999,0
36.5,54,17,7,-134.833,5,-141.706,2,2,0,1,-999,-999,0
36.5,54,17,7,-134.833,3,-142.646,3,3,20,0,-999,-999,0
36.5,54,17,7,-134.833,1,-151.169,0,0,20,0,-999,-999,0
36.5,78,2,3,-117.901,5,-108.712,2,2,0,1,-999,-999,0
36.5,78,2,3,-117.901,2,-121.798,2,3,20,0,-999,-999,0
36.5,78,2,3,-117.901,1,-132.724,0,0,20,0,-999,-999,0
36.5,78,2,3,-117.901,4,-140.741,2,2,20,0,-999,-999,0
36.5,78,2,3,-117.901,6,-146.132,1,1,10,1,-999,-999,0
36.5,78,2,3,-117.901,7,-148.896,1,1,10,1,-999,-999,0
36.5,90,18,4,-121.74,6,-118.948,1,1,10,1,-999,-999,0
36.5,90,18,4,-121.74,7,-132.215,1,1,10,1,-999,-999,0
36.5,90,18,4,-121.74,3,-132.391,3,3,20,0,-999,-999,0
36.5,90,18,4,-121.74,2,-133.074,2,3,20,0,-999,-999,0
36.5,90,18,4,-121.74,1,-136.832,0,0,20,0,-999,-999,0
36.5,90,18,4,-121.74,5,-140.124,2,2,0,1,-999,-999,0
36.5,92,9,2,-114.984,1,-118.404,0,0,20,0,-999,-999,0
36.5,92,9,2,-114.984,3,-120.036,3,3,20,0,-999,-999,0
36.5,92,9,2,-114.984,5,-125.625,2,2,0,1,-999,-999,0
36.5,92,9,2,-114.984,4,-132.949,2,2,20,0,-999,-999,0
36.5,92,9,2,-114.984,6,-133.472,1,1,10,1,-999,-999,0
36.5,92,9,2,-114.984,7,-143.073,1,1,10,1,-999,-999,0
36.5,97,8,2,-94.2548,7,-91.5091,1,1,10,1,-999,-999,0
36.5,97,8,2,-94.2548,1,-111.079,0,0,20,0,-999,-999,0
36.5,97,8,2,-94.2548,3,-120.721,3,3,20,0,-999,-999,0
36.5,97,8,2,-94.2548,6,-136.279,1,1,10,1,-999,-999,0
36.5,97,8,2,-94.2548,4,-138.456,2,2,20,0,-999,-999,0
36.5,97,8,2,-94.2548,5,-141.383,2,2,0,1,-999,-999,0
36.5,100,16,4,-98.5887,5,-110.959,2,2,0,1,-999,-999,0
36.5,100,16,4,-98.5887,7,-123.44,1,1,10,1,-999,-999,0
36.5,100,16,4,-98.5887,2,-131.104,2,3,20,0,-999,-999,0
36.5,100,16,4,-98.5887,6,-133.397,1,1,10,1,-999,-999,0
36.5,100,16,4,-98.5887,3,-139.023,3,3,20,0,-999,-999,0
36.5,100,16,4,-98.5887,1,-140.497,0,0,20,0,-999,-999,0
38.5,17,10,2,-114.618,4,-112.733,2,2,20,0,-999,-999,0
38.5,17,10,2,-114.618,7,-138.398,1,1,0,1,-999,-999,0
38.5,17,10,2,-114.618,3,-141.381,3,3,20,0,-999,-999,0
38.5,17,10,2,-114.618,5,-156.639,2,2,0,1,-999,-999,0
38.5,17,10,2,-114.618,1,-156.717,0,0,20,0,-999,-999,0
38.5,17,10,2,-114.618,6,-158.961,1,1,10,1,-999,-999,0
38.5,23,1,3,-120.592,2,-123.279,3,3,20,0,-999,-999,0
38.5,23,1,3,-120.592,1,-130.21,0,0,20,0,-999,-999,0
38.5,23,1,3,-120.592,5,-133.012,2,2,0,1,-999,-999,0
38.5,23,1,3,-120.592,7,-133.303,1,1,0,1,-999,-999,0
38.5,23,1,3,-120.592,4,-137.242,2,2,20,0,-999,-999,0
38.5,23,1,3,-120.592,6,-161.848,1,1,10,1,-999,-999,0
38.5,30,23,5,-85.2013,4,-102.467,2,2,20,0,-999,-999,0
38.5,30,23,5,-85.2013,7,-111.715,1,1,0,1,-999,-999,0
38.5,30,23,5,-85.2013,3,-123.053,3,3,20,0,-999,-999,0
38.5,30,23,5,-85.2013,2,-127.919,3,3,20,0,-999,-999,0
38.5,30,23,5,-85.2013,1,-139.66,0,0,20,0,-999,-999,0
38.5,30,23,5,-85.2013,6,-160.554,1,1,10,1,-999,-999,0
38.5,39,24,5,-94.7935,7,-129.153,1,1,0,1,-999,-999,0
38.5,39,24,5,-94.7935,3,-130.897,3,3,20,0,-999,-999,0
38.5,39,24,5,-94.7935,2,-133.022,3,3,20,0,-999,-999,0
38.5,39,24,5,-94.7935,4,-138.348,2,2,20,0,-999,-999,0
38.5,39,24,5,-94.7935,1,-143.709,0,0,20,0,-999,-999,0
38.5,39,24,5,-94.7935,6,-157.038,1,1,10,1,-999,-999,0
38.5,46,3,3,-147.408,4,-111.568,2,2,20,0,-999,-999,0
38.5,46,3,3,-147.408,7,-115.343,1,1,0,1,-999,-999,0
38.5,46,3,3,-147.408,2,-118.409,3,3,20,0,-999,-999,0
38.5,46,3,3,-147.408,5,-148.079,2,2,0,1,-999,-999,0
38.5,46,3,3,-147.408,1,-159.778,0,0,20,0,-999,-999,0
38.5,46,3,3,-147.408,6,-160.947,1,1,10,1,-999,-999,0
38.5,54,17,7,-133.533,4,-99.5379,2,2,20,0,-999,-999,0
38.5,54,17,7,-133.533,2,-133.699,3,3,20,0,-999,-999,0
38.5,54,17,7,-133.533,3,-137.866,3,3,20,0,-999,-999,0
38.5,54,17,7,-133.533,5,-144.533,2,2,0,1,-999,-999,0
38.5,54,17,7,-133.533,1,-151.093,0,0,20,0,-999,-999,0
38.5,54,17,7,-133.533,6,-156.727,1,1,10,1,-999,-999,0
38.5,78,2,3,-98.8639,5,-119.335,2,2,0,1,-999,-999,0
38.5,78,2,3,-98.8639,2,-129.817,3,3,20,0,-999,-999,0
38.5,78,2,3,-98.8639,1,-131.709,0,0,20,0,-999,-999,0
38.5,78,2,3,-98.8639,4,-148.035,2,2,20,0,-999,-999,0
38.5,78,2,3,-98.8639,7,-151.075,1,1,0,1,-999,-999,0
38.5,78,2,3,-98.8639,6,-154.86,1,1,10,1,-999,-999,0
38.5,90,18,4,-107.457,3,-98.3403,3,3,20,0,-999,-999,0
38.5,90,18,4,-107.457,7,-106.636,1,1,0,1,-999,-999,0
38.5,90,18,4,-107.457,2,-122.336,3,3,20,0,-999,-999,0
38.5,90,18,4,-107.457,1,-135.618,0,0,20,0,-999,-999,0
38.5,90,18,4,-107.457,6,-140.289,1,1,10,1,-999,-999,0
38.5,90,18,4,-107.457,5,-140.48,2,2,0,1,-999,-999,0
38.5,92,9,2,-119.421,1,-114.095,0,0,20,0,-999,-999,0
38.5,92,9,2,-119.421,7,-121.469,1,1,0,1,-999,-999,0
38.5,92,9,2,-119.421,3,-122.564,3,3,20,0,-999,-999,0
38.5,92,9,2,-119.421,4,-135.331,2,2,20,0,-999,-999,0
38.5,92,9,2,-119.421,5,-144.581,2,2,0,1,-999,-999,0
38.5,92,9,2,-119.421,6,-153.535,1,1,10,1,-999,-999,0
38.5,97,8,2,-110.206,1,-112.011,0,0,20,0,-999,-999,0
38.5,97,8,2,-110.206,4,-118.389,2,2,20,0,-999,-999,0
38.5,97,8,2,-110.206,3,-120.49,3,3,20,0,-999,-999,0
38.5,97,8,2,-110.206,7,-130.634,1,1,0,1,-999,-999,0
38.5,97,8,2,-110.206,5,-139.624,2,2,0,1,-999,-999,0
38.5,97,8,2,-110.206,6,-146.691,1,1,10,1,-999,-999,0
38.5,100,16,4,-99.8025,3,-125.712,3,3,20,0,-999,-999,0
38.5,100,16,4,-99.8025,7,-134.515,1,1,0,1,-999,-999,0
38.5,100,16,4,-99.8025,2,-136.084,3,3,20,0,-999,-999,0
38.5,100,16,4,-99.8025,6,-136.124,1,1,10,1,-999,-999,0
38.5,100,16,4,-99.8025,5,-138.574,2,2,0,1,-999,-999,0
38.5,100,16,4,-99.8025,1,-141.408,0,0,20,0,-999,-999,0
40.5,17,10,2,-133.178,4,-103.779,2,2,20,0,-999,-999,0
40.5,17,10,2,-133.178,6,-114.395,1,1,10,1,-999,-999,0
40.5,17,10,2,-133.178,3,-120.3,3,3,20,0,-999,-999,0
40.5,17,10,2,-133.178,7,-137.371,1,1,0,1,-999,-999,0
40.5,17,10,2,-133.178,1,-157.569,0,0,20,0,-999,-999,0
40.5,17,10,2,-133.178,5,-161.563,2,2,0,1,-999,-999,0
40.5,23,1,3,-120.931,5,-106.263,2,2,0,1,-999,-999,0
40.5,23,1,3,-120.931,4,-112.11,2,2,20,0,-999,-999,0
40.5,23,1,3,-120.931,6,-123.991,1,1,10,1,-999,-999,0
40.5,23,1,3,-120.931,1,-126.334,0,0,20,0,-999,-999,0
40.5,23,1,3,-120.931,2,-129.616,3,3,20,0,-999,-999,0
40.5,23,1,3,-120.931,7,-134.393,1,1,0,1,-999,-999,0
40.5,30,23,5,-117.844,7,-98.2557,1,1,0,1,-999,-999,0
40.5,30,23,5,-117.844,4,-103.18,2,2,20,0,-999,-999,0
40.5,30,23,5,-117.844,3,-124.525,3,3,20,0,-999,-999,0
40.5,30,23,5,-117.844,2,-130.947,3,3,20,0,-999,-999,0
40.5,30,23,5,-117.844,1,-138.956,0,0,20,0,-999,-999,0
40.5,30,23,5,-117.844,6,-144.912,1,1,10,1,-999,-999,0
40.5,37,24,6,-95.4806,4,-103.46,2,2,20,0,-999,-999,0
40.5,37,24,6,-95.4806,7,-141.289,1,1,0,1,-999,-999,0
40.5,37,24,6,-95.4806,2,-144.201,3,3,20,0,-999,-999,0
40.5,37,24,6,-95.4806,5,-155.054,2,2,0,1,-999,-999,0
40.5,37,24,6,-95.4806,1,-155.492,0,0,20,0,-999,-999,0
40.5,37,24,6,-95.4806,3,-157.537,3,3,20,0,-999,-999,0
40.5,39,24,5,-134.645,3,-95.7178,3,3,20,0,-999,-999,0
40.5,39,24,5,-134.645,7,-103.114,1,1,0,1,-999,-999,0
40.5,39,24,5,-134.645,6,-127.322,1,1,10,1,-999,-999,0
40.5,39,24,5,-134.645,4,-132.257,2,2,20,0,-999,-999,0
40.5,39,24,5,-134.645,2,-137.871,3,3,20,0,-999,-999,0
40.5,39,24,5,-134.645,1,-152.118,0,0,20,0,-999,-999,0
40.5,46,3,3,-148.503,2,-107.632,3,3,20,0,-999,-999,0
40.5,46,3,3,-148.503,4,-132.611,2,2,20,0,-999,-999,0
40.5,46,3,3,-148.503,7,-136.094,1,1,0,1,-999,-999,0
40.5,46,3,3,-148.503,6,-139.116,1,1,10,1,-999,-999,0
40.5,46,3,3,-148.503,5,-152.743,2,2,0,1,-999,-999,0
40.5,46,3,3,-148.503,1,-160.823,0,0,20,0,-999,-999,0
40.5,54,17,7,-94.3622,2,-95.8445,3,3,20,0,-999,-999,0
40.5,54,17,7,-94.3622,4,-104.624,2,2,20,0,-999,-999,0
40.5,54,17,7,-94.3622,3,-111.434,3,3,20,0,-999,-999,0
40.5,54,17,7,-94.3622,5,-141.686,2,2,0,1,-999,-999,0
40.5,54,17,7,-94.3622,6,-142.109,1,1,10,1,-999,-999,0
40.5,54,17,7,-94.3622,1,-151.572,0,0,20,0,-999,-999,0
40.5,78,2,3,-122.015,6,-111.941,1,1,10,1,-999,-999,0
40.5,78,2,3,-122.015,5,-118.662,2,2,0,1,-999,-999,0
40.5,78,2,3,-122.015,1,-130.27,0,0,20,0,-999,-999,0
40.5,78,2,3,-122.015,2,-132.234,3,3,20,0,-999,-999,0
40.5,78,2,3,-122.015,4,-136.289,2,2,20,0,-999,-999,0
40.5,78,2,3,-122.015,7,-153.838,1,1,0,1,-999,-999,0
40.5,90,18,4,-99.322,7,-98.6067,1,1,0,1,-999,-999,0
40.5,90,18,4,-99.322,6,-110.466,1,1,10,1,-999,-999,0
40.5,90,18,4,-99.322,5,-110.643,2,2,0,1,-999,-999,0
40.5,90,18,4,-99.322,2,-122.578,3,3,20,0,-999,-999,0
40.5,90,18,4,-99.322,3,-131.258,3,3,20,0,-999,-999,0
40.5,90,18,4,-99.322,1,-136.62,0,0,20,0,-999,-999,0
40.5,92,9,2,-113.124,1,-115.948,0,0,20,0,-999,-999,0
40.5,92,9,2,-113.124,3,-118.699,3,3,20,0,-999,-999,0
40.5,92,9,2,-113.124,7,-135.331,1,1,0,1,-999,-999,0
40.5,92,9,2,-113.124,6,-136.6,1,1,10,1,-999,-999,0
40.5,92,9,2,-113.124,5,-141.891,2,2,0,1,-999,-999,0
40.5,92,9,2,-113.124,4,-143.069,2,2,20,0,-999,-999,0
40.5,97,8,2,-103.382,7,-91.92,1,1,0,1,-999,-999,0
40.5,97,8,2,-103.382,3,-103.458,3,3,20,0,-999,-999,0
40.5,97,8,2,-103.382,4,-110.365,2,2,20,0,-999,-999,0
40.5,97,8,2,-103.382,1,-112.547,0,0,20,0,-999,-999,0
40.5,97,8,2,-103.382,5,-116.52,2,2,0,1,-999,-999,0
40.5,97,8,2,-103.382,6,-125.523,1,1,10,1,-999,-999,0
40.5,100,16,4,-71.2111,3,-135.419,3,3,20,0,-999,-999,0
40.5,100,16,4,-71.2111,6,-136.011,1,1,10,1,-999,-999,0
40.5,100,16,4,-71.2111,2,-136.585,3,3,20,0,-999,-999,0
40.5,100,16,4,-71.2111,1,-137.262,0,0,20,0,-999,-999,0
40.5,100,16,4,-71.2111,7,-138.222,1,1,0,1,-999,-999,0
40.5,100,16,4,-71.2111,5,-141.339,2,2,0,1,-999,-999,0
42.5,17,10,2,-113.773,4,-95.9368,2,2,20,0,-999,-999,4
42.5,17,10,2,-113.773,6,-125.168,1,1,10,1,-999,-999,4
42.5,17,10,2,-113.773,7,-137.746,1,1,0,1,-999,-999,4
42.5,17,10,2,-113.773,5,-139.726,2,2,0,1,-999,-999,4
42.5,17,10,2,-113.773,3,-141.779,3,3,20,0,-999,-999,4
42.5,17,10,2,-113.773,1,-161.762,0,0,20,0,-999,-999,4
42.5,23,1,3,-116.943,7,-105.058,1,1,0,1,-999,-999,0
42.5,23,1,3,-116.943,6,-111.958,1,1,10,1,-999,-999,0
42.5,23,1,3,-116.943,5,-126.795,2,2,0,1,-999,-999,0
42.5,23,1,3,-116.943,2,-127.779,3,3,20,0,-999,-999,0
42.5,23,1,3,-116.943,1,-128.07,0,0,20,0,-999,-999,0
42.5,23,1,3,-116.943,4,-135.148,2,3,20,0,-999,-999,0
42.5,30,23,5,-111.561,2,-103.185,3,3,20,0,-999,-999,0
42.5,30,23,5,-111.561,7,-110.98,1,1,0,1,-999,-999,0
42.5,30,23,5,-111.561,3,-129.063,3,3,20,0,-999,-999,0
42.5,30,23,5,-111.561,4,-135.045,2,3,20,0,-999,-999,0
42.5,30,23,5,-111.561,1,-137.927,0,0,20,0,-999,-999,0
42.5,30,23,5,-111.561,6,-164.142,1,1,10,1,-999,-999,0
42.5,37,24,6,-140.564,4,-128.349,2,3,20,0,-999,-999,0
42.5,37,24,6,-140.564,2,-135.427,3,3,20,0,-999,-999,0
42.5,37,24,6,-140.564,7,-140.615,1,1,0,1,-999,-999,0
42.5,37,24,6,-140.564,5,-143.883,2,2,0,1,-999,-999,0
42.5,37,24,6,-140.564,3,-148.337,3,3,20,0,-999,-999,0
42.5,37,24,6,-140.564,1,-152.586,0,0,20,0,-999,-999,0
42.5,39,24,5,-106.686,4,-100.048,2,3,20,0,-999,-999,0
42.5,39,24,5,-106.686,3,-124.541,3,3,20,0,-999,-999,0
42.5,39,24,5,-106.686,2,-135.852,3,3,20,0,-999,-999,0
42.5,39,24,5,-106.686,7,-140.535,1,1,0,1,-999,-999,0
42.5,39,24,5,-106.686,6,-143.198,1,1,10,1,-999,-999,0
42.5,39,24,5,-106.686,1,-147.442,0,0,20,0,-999,-999,0
42.5,46,3,3,-145.162,4,-95.3373,2,3,20,0,-999,-999,0
42.5,46,3,3,-145.162,5,-114.015,2,2,0,1,-999,-999,0
42.5,46,3,3,-145.162,6,-137.606,1,1,10,1,-999,-999,0
42.5,46,3,3,-145.162,2,-139.164,3,3,20,0,-999,-999,0
42.5,46,3,3,-145.162,7,-143.867,1,1,0,1,-999,-999,0
42.5,46,3,3,-145.162,1,-159.446,0,0,20,0,-999,-999,0
42.5,54,17,7,-108.342,2,-105.916,3,3,20,0,-999,-999,0
42.5,54,17,7,-108.342,5,-115.855,2,2,0,1,-999,-999,0
42.5,54,17,7,-108.342,4,-129.202,2,3,20,0,-999,-999,0
42.5,54,17,7,-108.342,6,-137.04,1,1,10,1,-999,-999,0
42.5,54,17,7,-108.342,3,-145.055,3,3,20,0,-999,-999,0
42.5,54,17,7,-108.342,1,-145.97,0,0,20,0,-999,-999,0
42.5,78,2,3,-117.241,4,-104.454,2,3,20,0,-999,-999,0
42.5,78,2,3,-117.241,5,-122.009,2,2,0,1,-999,-999,0
42.5,78,2,3,-117.241,1,-129.665,0,0,20,0,-999,-999,0
42.5,78,2,3,-117.241,2,-135.504,3,3,20,0,-999,-999,0
42.5,78,2,3,-117.241,6,-144.782,1,1,10,1,-999,-999,0
42.5,78,2,3,-117.241,7,-148.579,1,1,0,1,-999,-999,0
42.5,90,18,4,-114.763,2,-94.6124,3,3,20,0,-999,-999,0
42.5,90,18,4,-114.763,7,-103.485,1,1,0,1,-999,-999,0
42.5,90,18,4,-114.763,6,-123.9,1,1,10,1,-999,-999,0
42.5,90,18,4,-114.763,3,-125.896,3,3,20,0,-999,-999,0
42.5,90,18,4,-114.763,1,-136.658,0,0,20,0,-999,-999,0
42.5,90,18,4,-114.763,5,-144.822,2,2,0,1,-999,-999,0
42.5,92,9,2,-114.872,1,-121.881,0,0,20,0,-999,-999,0
42.5,92,9,2,-114.872,3,-126.589,3,3,20,0,-999,-999,0
42.5,92,9,2,-114.872,5,-127.494,2,2,0,1,-999,-999,0
42.5,92,9,2,-114.872,7,-130.951,1,1,0,1,-999,-999,0
42.5,92,9,2,-114.872,4,-137.401,2,3,20,0,-999,-999,0
42.5,92,9,2,-114.872,6,-146.492,1,1,10,1,-999,-999,0
42.5,97,8,2,-109.263,4,-104.86,2,3,20,0,-999,-999,0
42.5,97,8,2,-109.263,1,-109.463,0,0,20,0,-999,-999,0
42.5,97,8,2,-109.263,3,-125.089,3,3,20,0,-999,-999,0
42.5,97,8,2,-109.263,7,-127.206,1,1,0,1,-999,-999,0
42.5,97,8,2,-109.263,5,-139.113,2,2,0,1,-999,-999,0
42.5,97,8,2,-109.263,6,-139.241,1,1,10,1,-999,-999,0
42.5,100,16,4,-103.722,6,-107.822,1,1,10,1,-999,-999,0
42.5,100,16,4,-103.722,7,-122.225,1,1,0,1,-999,-999,0
42.5,100,16,4,-103.722,2,-130.267,3,3,20,0,-999,-999,0
42.5,100,16,4,-103.722,5,-135.603,2,2,0,1,-999,-999,0
42.5,100,16,4,-103.722,3,-136.257,3,3,20,0,-999,-999,0
42.5,100,16,4,-103.722,1,-140.395,0,0,20,0,-999,-999,0
44.5,17,19,4,-115.575,6,-97.3996,1,1,10,1,-999,-999,0
44.5,17,19,4,-115.575,7,-102.36,1,1,0,1,-999,-999,0
44.5,17,19,4,-115.575,3,-108.952,3,3,20,0,-999,-999,0
44.5,17,19,4,-115.575,2,-138.842,2,2,20,0,-999,-999,0
44.5,17,19,4,-115.575,1,-154.445,0,0,20,0,-999,-999,0
44.5,17,19,4,-115.575,5,-155.187,2,2,0,1,-999,-999,0
44.5,23,1,3,-98.4041,6,-111.384,1,1,10,1,-999,-999,0
44.5,23,1,3,-98.4041,2,-118.159,2,2,20,0,-999,-999,0
44.5,23,1,3,-98.4041,1,-128.013,0,0,20,0,-999,-999,0
44.5,23,1,3,-98.4041,4,-129.145,3,3,20,0,-999,-999,0
44.5,23,1,3,-98.4041,7,-130.662,1,1,0,1,-999,-999,0
44.5,23,1,3,-98.4041,5,-134.878,2,2,0,1,-999,-999,0
44.5,30,23,5,-86.4231,3,-94.7234,3,3,20,0,-999,-999,0
44.5,30,23,5,-86.4231,7,-114.572,1,1,0,1,-999,-999,0
44.5,30,23,5,-86.4231,4,-119.409,3,3,20,0,-999,-999,0
44.5,30,23,5,-86.4231,2,-125.253,2,2,20,0,-999,-999,0
44.5,30,23,5,-86.4231,1,-138.716,0,0,20,0,-999,-999,0
44.5,30,23,5,-86.4231,6,-156.569,1,1,10,1,-999,-999,0
44.5,37,24,6,-127.271,4,-94.0809,3,3,20,0,-999,-999,0
44.5,37,24,6,-127.271,3,-128.438,3,3,20,0,-999,-999,0
44.5,37,24,6,-127.271,7,-134.434,1,1,0,1,-999,-999,0
44.5,37,24,6,-127.271,5,-145.155,2,2,0,1,-999,-999,0
44.5,37,24,6,-127.271,2,-147.875,2,2,20,0,-999,-999,0
44.5,37,24,6,-127.271,1,-153.828,0,0,20,0,-999,-999,0
44.5,39,24,5,-140.609,3,-100.05,3,3,20,0,-999,-999,0
44.5,39,24,5,-140.609,2,-109.962,2,2,20,0,-999,-999,0
44.5,39,24,5,-140.609,4,-114.904,3,3,20,0,-999,-999,0
44.5,39,24,5,-140.609,6,-144.167,1,1,10,1,-999,-999,0
44.5,39,24,5,-140.609,7,-146.848,1,1,0,1,-999,-999,0
44.5,39,24,5,-140.609,1,-149.592,0,0,20,0,-999,-999,0
44.5,46,3,3,-142.414,2,-104.676,2,2,20,0,-999,-999,0
44.5,46,3,3,-142.414,7,-117.097,1,1,0,1,-999,-999,0
44.5,46,3,3,-142.414,4,-133.503,3,3,20,0,-999,-999,0
44.5,46,3,3,-142.414,6,-144.55,1,1,10,1,-999,-999,0
44.5,46,3,3,-142.414,5,-161.425,2,2,0,1,-999,-999,0
44.5,46,3,3,-142.414,1,-164.285,0,0,20,0,-999,-999,0
44.5,54,17,7,-134.467,6,-120.838,1,1,10,1,-999,-999,0
44.5,54,17,7,-134.467,4,-127.521,3,3,20,0,-999,-999,0
44.5,54,17,7,-134.467,2,-133.682,2,2,20,0,-999,-999,0
44.5,54,17,7,-134.467,3,-136.377,3,3,20,0,-999,-999,0
44.5,54,17,7,-134.467,5,-141.608,2,2,0,1,-999,-999,0
44.5,54,17,7,-134.467,1,-148.96,0,0,20,0,-999,-999,0
44.5,78,2,3,-119.321,5,-121.262,2,2,0,1,-999,-999,0
44.5,78,2,3,-119.321,1,-125.565,0,0,20,0,-999,-999,0
44.5,78,2,3,-119.321,2,-131.278,2,2,20,0,-999,-999,0
44.5,78,2,3,-119.321,4,-136.149,3,3,20,0,-999,-999,0
44.5,78,2,3,-119.321,6,-143.313,1,1,10,1,-999,-999,0
44.5,78,2,3,-119.321,7,-154.372,1,1,0,1,-999,-999,0
44.5,90,18,4,-111.809,6,-87.0882,1,1,10,1,-999,-999,0
44.5,90,18,4,-111.809,5,-110.163,2,2,0,1,-999,-999,0
44.5,90,18,4,-111.809,2,-125.933,2,2,20,0,-999,-999,0
44.5,90,18,4,-111.809,7,-133.095,1,1,0,1,-999,-999,0
44.5,90,18,4,-111.809,3,-134.065,3,3,20,0,-999,-999,0
44.5,90,18,4,-111.809,1,-140.483,0,0,20,0,-999,-999,0
44.5,92,9,2,-113.835,5,-104.868,2,2,0,1,-999,-999,0
44.5,92,9,2,-113.835,4,-114.839,3,3,20,0,-999,-999,0
44.5,92,9,2,-113.835,1,-120.276,0,0,20,0,-999,-999,0
44.5,92,9,2,-113.835,3,-121.373,3,3,20,0,-999,-999,0
44.5,92,9,2,-113.835,7,-135.335,1,1,0,1,-999,-999,0
44.5,92,9,2,-113.835,6,-144.48,1,1,10,1,-999,-999,0
44.5,97,8,2,-95.1897,1,-111.477,0,0,20,0,-999,-999,0
44.5,97,8,2,-95.1897,3,-118.797,3,3,20,0,-999,-999,0
44.5,97,8,2,-95.1897,4,-126.583,3,3,20,0,-999,-999,0
44.5,97,8,2,-95.1897,7,-128.391,1,1,0,1,-999,-999,0
44.5,97,8,2,-95.1897,6,-138.438,1,1,10,1,-999,-999,0
44.5,97,8,2,-95.1897,5,-141.255,2,2,0,1,-999,-999,0
44.5,100,16,4,-100.763,6,-99.9418,1,1,10,1,-999,-999,0
44.5,100,16,4,-100.763,7,-112.082,1,1,0,1,-999,-999,0
44.5,100,16,4,-100.763,3,-115.932,3,3,20,0,-999,-999,0
44.5,100,16,4,-100.763,5,-132.038,2,2,0,1,-999,-999,0
44.5,100,16,4,-100.763,2,-137.582,2,2,20,0,-999,-999,0
44.5,100,16,4,-100.763,1,-145.885,0,0,20,0,-999,-999,0
46.5,17,19,4,-132.122,7,-102.408,1,1,0,1,-999,-999,3
46.5,17,19,4,-132.122,3,-103.362,3,3,20,0,-999,-999,3
46.5,17,19,4,-132.122,6,-132.552,2,2,10,1,-999,-999,3
46.5,17,19,4,-132.122,5,-134.884,2,2,0,1,-999,-999,3
46.5,17,19,4,-132.122,2,-135.814,2,2,20,0,-999,-999,3
46.5,17,19,4,-132.122,1,-158.559,0,0,20,0,-999,-999,3
46.5,23,1,3,-117.209,2,-123.647,2,2,20,0,-999,-999,0
46.5,23,1,3,-117.209,1,-127.354,0,0,20,0,-999,-999,0
46.5,23,1,3,-117.209,7,-128.953,1,1,0,1,-999,-999,0
46.5,23,1,3,-117.209,4,-129.431,3,3,20,0,-999,-999,0
46.5,23,1,3,-117.209,6,-146.043,2,2,10,1,-999,-999,0
46.5,23,1,3,-117.209,5,-155.696,2,2,0,1,-999,-999,0
46.5,30,23,5,-96.5692,4,-107.249,3,3,20,0,-999,-999,0
46.5,30,23,5,-96.5692,3,-107.659,3,4,20,0,-999,-999,0
46.5,30,23,5,-96.5692,2,-132.575,2,2,20,0,-999,-999,0
46.5,30,23,5,-96.5692,1,-135.583,0,0,20,0,-999,-999,0
46.5,30,23,5,-96.5692,7,-139.462,1,1,0,1,-999,-999,0
46.5,30,23,5,-96.5692,6,-153.851,2,2,10,1,-999,-999,0
46.5,37,24,6,-132.529,4,-136.895,3,3,20,0,-999,-999,0
46.5,37,24,6,-132.529,3,-138.585,3,4,20,0,-999,-999,0
46.5,37,24,6,-132.529,2,-146.881,2,2,20,0,-999,-999,0
46.5,37,24,6,-132.529,7,-147.392,1,1,0,1,-999,-999,0
46.5,37,24,6,-132.529,5,-150.479,2,2,0,1,-999,-999,0
46.5,37,24,6,-132.529,1,-156.683,0,0,20,0,-999,-999,0
46.5,39,24,5,-133.016,4,-128.226,3,3,20,0,-999,-999,0
46.5,39,24,5,-133.016,3,-132.242,3,4,20,0,-999,-999,0
46.5,39,24,5,-133.016,2,-134.216,2,2,20,0,-999,-999,0
46.5,39,24,5,-133.016,6,-139.474,2,2,10,1,-999,-999,0
46.5,39,24,5,-133.016,7,-141.362,1,1,0,1,-999,-999,0
46.5,39,24,5,-133.016,1,-149.822,0,0,20,0,-999,-999,0
46.5,46,3,3,-107.572,2,-104.774,2,2,20,0,-999,-999,2
46.5,46,3,3,-107.572,4,-130.783,3,3,20,0,-999,-999,2
46.5,46,3,3,-107.572,6,-139.673,2,2,10,1,-999,-999,2
46.5,46,3,3,-107.572,7,-140.3,1,1,0,1,-999,-999,2
46.5,46,3,3,-107.572,5,-154.552,2,2,0,1,-999,-999,2
46.5,46,3,3,-107.572,1,-166.441,0,0,20,0,-999,-999,2
46.5,54,17,7,-141.975,3,-118.811,3,4,20,0,-999,-999,0
46.5,54,17,7,-141.975,6,-128.52,2,2,10,1,-999,-999,0
46.5,54,17,7,-141.975,4,-129.81,3,3,20,0,-999,-999,0
46.5,54,17,7,-141.975,2,-136.153,2,3,20,0,-999,-999,0
46.5,54,17,7,-141.975,5,-143.707,2,2,0,1,-999,-999,0
46.5,54,17,7,-141.975,1,-150.988,0,0,20,0,-999,-999,0
46.5,70,32,6,-137.441,2,-114.506,2,3,20,0,-999,-999,0
46.5,70,32,6,-137.441,3,-139.411,3,4,20,0,-999,-999,0
46.5,70,32,6,-137.441,7,-141.608,1,1,0,1,-999,-999,0
46.5,70,32,6,-137.441,5,-142.44,2,2,0,1,-999,-999,0
46.5,70,32,6,-137.441,4,-147.074,3,3,20,0,-999,-999,0
46.5,70,32,6,-137.441,1,-167.618,0,0,20,0,-999,-999,0
46.5,78,2,3,-120.078,2,-94.5623,2,3,20,0,-999,-999,0
46.5,78,2,3,-120.078,4,-111.038,3,3,20,0,-999,-999,0
46.5,78,2,3,-120.078,5,-116.534,2,2,0,1,-999,-999,0
46.5,78,2,3,-120.078,1,-126.348,0,0,20,0,-999,-999,0
46.5,78,2,3,-120.078,6,-142.429,2,2,10,1,-999,-999,0
46.5,78,2,3,-120.078,7,-151.48,1,1,0,1,-999,-999,0
46.5,90,18,4,-112.046,6,-112.735,2,2,10,1,-999,-999,0
46.5,90,18,4,-112.046,2,-121.235,2,3,20,0,-999,-999,0
46.5,90,18,4,-112.046,7,-128.709,1,1,0,1,-999,-999,0
46.5,90,18,4,-112.046,3,-129.908,3,4,20,0,-999,-999,0
46.5,90,18,4,-112.046,5,-133.597,2,2,0,1,-999,-999,0
46.5,90,18,4,-112.046,1,-137.235,0,0,20,0,-999,-999,0
46.5,92,9,2,-116.101,5,-105.427,2,2,0,1,-999,-999,0
46.5,92,9,2,-116.101,1,-117.528,0,0,20,0,-999,-999,0
46.5,92,9,2,-116.101,3,-118.35,3,4,20,0,-999,-999,0
46.5,92,9,2,-116.101,6,-126.879,2,2,10,1,-999,-999,0
46.5,92,9,2,-116.101,7,-130.266,1,1,0,1,-999,-999,0
46.5,92,9,2,-116.101,4,-142.862,3,3,20,0,-999,-999,0
46.5,97,8,2,-107.266,4,-109.438,3,3,20,0,-999,-999,0
46.5,97,8,2,-107.266,1,-109.586,0,0,20,0,-999,-999,0
46.5,97,8,2,-107.266,3,-118.457,3,4,20,0,-999,-999,0
46.5,97,8,2,-107.266,7,-133.327,1,1,0,1,-999,-999,0
46.5,97,8,2,-107.266,5,-141.069,2,2,0,1,-999,-999,0
46.5,97,8,2,-107.266,6,-145.185,2,2,10,1,-999,-999,0
46.5,100,16,4,-100.125,2,-111.664,2,3,20,0,-999,-999,0
46.5,100,16,4,-100.125,3,-122.993,3,4,20,0,-999,-999,0
46.5,100,16,4,-100.125,6,-125.786,2,2,10,1,-999,-999,0
46.5,100,16,4,-100.125,5,-137.911,2,2,0,1,-999,-999,0
46.5,100,16,4,-100.125,7,-139.302,1,1,0,1,-999,-999,0
46.5,100,16,4,-100.125,1,-143.222,0,0,20,0,-999,-999,0
48.5,17,4,3,-103.569,7,-101.847,1,1,0,1,-999,-999,0
48.5,17,4,3,-103.569,4,-128.671,2,2,20,0,-999,-999,0
48.5,17,4,3,-103.569,2,-134.648,3,3,20,0,-999,-999,0
48.5,17,4,3,-103.569,6,-135.616,3,3,10,1,-999,-999,0
48.5,17,4,3,-103.569,5,-146.184,3,3,0,1,-999,-999,0
48.5,17,4,3,-103.569,1,-157.465,0,0,20,0,-999,-999,0
48.5,23,1,3,-92.8985,7,-104.712,1,1,0,1,-999,-999,0
48.5,23,1,3,-92.8985,2,-123.578,3,3,20,0,-999,-999,0
48.5,23,1,3,-92.8985,5,-125.891,3,3,0,1,-999,-999,0
48.5,23,1,3,-92.8985,1,-127.235,0,0,20,0,-999,-999,0
48.5,23,1,3,-92.8985,4,-135.878,2,2,20,0,-999,-999,0
48.5,23,1,3,-92.8985,6,-137.066,3,3,10,1,-999,-999,0
48.5,30,23,5,-123.946,7,-122.645,1,1,0,1,-999,-999,0
48.5,30,23,5,-123.946,3,-125.035,3,3,20,0,-999,-999,0
48.5,30,23,5,-123.946,2,-132.535,3,3,20,0,-999,-999,0
48.5,30,23,5,-123.946,4,-133.533,2,2,20,0,-999,-999,0
48.5,30,23,5,-123.946,1,-150.423,0,0,20,0,-999,-999,0
48.5,30,23,5,-123.946,6,-156.439,3,3,10,1,-999,-999,0
48.5,37,24,6,-133.422,4,-137.781,2,2,20,0,-999,-999,0
48.5,37,24,6,-133.422,7,-141.68,1,1,0,1,-999,-999,0
48.5,37,24,6,-133.422,3,-145.689,3,3,20,0,-999,-999,0
48.5,37,24,6,-133.422,2,-148.432,3,3,20,0,-999,-999,0
48.5,37,24,6,-133.422,5,-148.981,3,3,0,1,-999,-999,0
48.5,37,24,6,-133.422,1,-156.318,0,0,20,0,-999,-999,0
48.5,39,24,5,-109.437,7,-117.095,1,1,0,1,-999,-999,0
48.5,39,24,5,-109.437,2,-120.634,3,3,20,0,-999,-999,0
48.5,39,24,5,-109.437,3,-129.062,3,3,20,0,-999,-999,0
48.5,39,24,5,-109.437,6,-140.676,3,3,10,1,-999,-999,0
48.5,39,24,5,-109.437,4,-141.568,2,2,20,0,-999,-999,0
48.5,39,24,5,-109.437,1,-153.166,0,0,20,0,-999,-999,0
48.5,46,11,2,-104.324,4,-96.5904,2,2,20,0,-999,-999,0
48.5,46,11,2,-104.324,3,-138.199,3,3,20,0,-999,-999,0
48.5,46,11,2,-104.324,6,-139.748,3,3,10,1,-999,-999,0
48.5,46,11,2,-104.324,7,-141.411,1,1,0,1,-999,-999,0
48.5,46,11,2,-104.324,5,-147.946,3,3,0,1,-999,-999,0
48.5,46,11,2,-104.324,1,-167.583,0,0,20,0,-999,-999,0
48.5,54,17,7,-112.757,4,-97.6873,2,2,20,0,-999,-999,0
48.5,54,17,7,-112.757,2,-119.926,3,3,20,0,-999,-999,0
48.5,54,17,7,-112.757,5,-140.057,3,3,0,1,-999,-999,0
48.5,54,17,7,-112.757,3,-142.656,3,3,20,0,-999,-999,0
48.5,54,17,7,-112.757,6,-150.756,3,3,10,1,-999,-999,0
48.5,54,17,7,-112.757,1,-153.009,0,0,20,0,-999,-999,0
48.5,70,32,6,-132.921,5,-125.024,3,3,0,1,-999,-999,0
48.5,70,32,6,-132.921,7,-144.408,1,1,0,1,-999,-999,0
48.5,70,32,6,-132.921,4,-149.143,2,2,20,0,-999,-999,0
48.5,70,32,6,-132.921,3,-153.701,3,3,20,0,-999,-999,0
48.5,70,32,6,-132.921,2,-154.653,3,3,20,0,-999,-999,0
48.5,70,32,6,-132.921,1,-162.654,0,0,20,0,-999,-999,0
48.5,78,2,3,-107.523,6,-117.218,3,3,10,1,-999,-999,0
48.5,78,2,3,-107.523,5,-121.672,3,3,0,1,-999,-999,0
48.5,78,2,3,-107.523,7,-124.036,1,1,0,1,-999,-999,0
48.5,78,2,3,-107.523,1,-126.556,0,0,20,0,-999,-999,0
48.5,78,2,3,-107.523,2,-129.635,3,3,20,0,-999,-999,0
48.5,78,2,3,-107.523,4,-139.643,2,2,20,0,-999,-999,0
48.5,90,18,4,-114.672,3,-98.3221,3,3,20,0,-999,-999,0
48.5,90,18,4,-114.672,6,-127.558,3,3,10,1,-999,-999,0
48.5,90,18,4,-114.672,2,-129.005,3,3,20,0,-999,-999,0
48.5,90,18,4,-114.672,7,-130.795,1,1,0,1,-999,-999,0
48.5,90,18,4,-114.672,1,-138.695,0,0,20,0,-999,-999,0
48.5,90,18,4,-114.672,5,-142.861,3,3,0,1,-999,-999,0
48.5,92,9,2,-115.16,3,-107.074,3,3,20,0,-999,-999,0
48.5,92,9,2,-115.16,6,-111.511,3,3,10,1,-999,-999,0
48.5,92,9,2,-115.16,1,-119.026,0,0,20,0,-999,-999,0
48.5,92,9,2,-115.16,7,-119.495,1,1,0,1,-999,-999,0
48.5,92,9,2,-115.16,5,-128.161,3,3,0,1,-999,-999,0
48.5,92,9,2,-115.16,4,-135.426,2,2,20,0,-999,-999,0
48.5,97,8,2,-96.9144,1,-116.728,0,0,20,0,-999,-999,0
48.5,97,8,2,-96.9144,3,-117.108,3,3,20,0,-999,-999,0
48.5,97,8,2,-96.9144,5,-123.943,3,3,0,1,-999,-999,0
48.5,97,8,2,-96.9144,4,-136.001,2,2,20,0,-999,-999,0
48.5,97,8,2,-96.9144,7,-139.218,1,1,0,1,-999,-999,0
48.5,97,8,2,-96.9144,6,-140.337,3,3,10,1,-999,-999,0
48.5,100,16,4,-97.6382,6,-126.169,3,3,10,1,-999,-999,0
48.5,100,16,4,-97.6382,2,-133.165,3,3,20,0,-999,-999,0
48.5,100,16,4,-97.6382,7,-134.626,1,1,0,1,-999,-999,0
48.5,100,16,4,-97.6382,5,-136.584,3,3,0,1,-999,-999,0
48.5,100,16,4,-97.6382,1,-136.957,0,0,20,0,-999,-999,0
48.5,100,16,4,-97.6382,3,-142.227,3,3,20,0,-999,-999,0
50.5,17,4,3,-140.085,6,-126.608,3,3,10,1,-999,-999,0
50.5,17,4,3,-140.085,5,-131.399,3,3,0,1,-999,-999,0
50.5,17,4,3,-140.085,4,-134.152,2,2,20,0,-999,-999,0
50.5,17,4,3,-140.085,2,-137.143,3,3,20,0,-999,-999,0
50.5,17,4,3,-140.085,7,-140.296,1,1,0,1,-999,-999,0
50.5,17,4,3,-140.085,1,-157.37,0,0,20,0,-999,-999,0
50.5,23,1,3,-93.1971,2,-120.638,3,3,20,0,-999,-999,0
50.5,23,1,3,-93.1971,1,-127.386,0,0,20,0,-999,-999,0
50.5,23,1,3,-93.1971,4,-132.097,2,2,20,0,-999,-999,0
50.5,23,1,3,-93.1971,6,-137.618,3,3,10,1,-999,-999,0
50.5,23,1,3,-93.1971,7,-140.924,1,1,0,1,-999,-999,0
50.5,23,1,3,-93.1971,5,-143.029,3,3,0,1,-999,-999,0
50.5,24,32,5,-70.8799,7,-122.987,1,1,0,1,-999,-999,0
50.5,24,32,5,-70.8799,6,-126.155,3,3,10,1,-999,-999,0
50.5,24,32,5,-70.8799,2,-133.731,3,3,20,0,-999,-999,0
50.5,24,32,5,-70.8799,3,-140.391,3,3,20,0,-999,-999,0
50.5,24,32,5,-70.8799,1,-152.775,0,0,20,0,-999,-999,0
50.5,24,32,5,-70.8799,4,-159.735,2,2,20,0,-999,-999,0
50.5,30,23,5,-125.231,2,-105.832,3,3,20,0,-999,-999,0
50.5,30,23,5,-125.231,4,-114.321,2,2,20,0,-999,-999,0
50.5,30,23,5,-125.231,3,-127.101,3,3,20,0,-999,-999,0
50.5,30,23,5,-125.231,7,-137.502,1,1,0,1,-999,-999,0
50.5,30,23,5,-125.231,1,-142.403,0,0,20,0,-999,-999,0
50.5,30,23,5,-125.231,6,-164.712,3,3,10,1,-999,-999,0
50.5,37,24,6,-100.823,4,-113.776,2,2,20,0,-999,-999,0
50.5,37,24,6,-100.823,2,-138.837,3,3,20,0,-999,-999,0
50.5,37,24,6,-100.823,7,-143.563,1,1,0,1,-999,-999,0
50.5,37,24,6,-100.823,3,-146.524,3,3,20,0,-999,-999,0
50.5,37,24,6,-100.823,5,-155.727,3,3,0,1,-999,-999,0
50.5,37,24,6,-100.823,1,-156.617,0,0,20,0,-999,-999,0
50.5,39,24,5,-135.054,3,-105.119,3,3,20,0,-999,-999,0
50.5,39,24,5,-135.054,2,-109.06,3,3,20,0,-999,-999,0
50.5,39,24,5,-135.054,4,-122.607,2,2,20,0,-999,-999,0
50.5,39,24,5,-135.054,6,-140.611,3,3,10,1,-999,-999,0
50.5,39,24,5,-135.054,7,-140.809,1,1,0,1,-999,-999,0
50.5,39,24,5,-135.054,1,-148.07,0,0,20,0,-999,-999,0
50.5,46,11,2,-105.049,4,-96.5961,2,2,20,0,-999,-999,4
50.5,46,11,2,-105.049,6,-101.151,3,3,10,1,-999,-999,4
50.5,46,11,2,-105.049,5,-114.244,3,3,0,1,-999,-999,4
50.5,46,11,2,-105.049,3,-117.788,3,3,20,0,-999,-999,4
50.5,46,11,2,-105.049,7,-127.435,1,1,0,1,-999,-999,4
50.5,46,11,2,-105.049,1,-165.427,0,0,20,0,-999,-999,4
50.5,48,40,6,-129.312,7,-116.392,1,1,0,1,-999,-999,0
50.5,48,40,6,-129.312,3,-116.489,3,3,20,0,-999,-999,0
50.5,48,40,6,-129.312,5,-145.236,3,3,0,1,-999,-999,0
50.5,48,40,6,-129.312,4,-149.407,2,3,20,0,-999,-999,0
50.5,48,40,6,-129.312,2,-151.78,3,3,20,0,-999,-999,0
50.5,48,40,6,-129.312,1,-169.528,0,0,20,0,-999,-999,0
50.5,54,17,7,-105.29,6,-125.704,3,3,10,1,-999,-999,0
50.5,54,17,7,-105.29,4,-130.869,2,3,20,0,-999,-999,0
50.5,54,17,7,-105.29,2,-132.54,3,3,20,0,-999,-999,0
50.5,54,17,7,-105.29,3,-133.507,3,3,20,0,-999,-999,0
50.5,54,17,7,-105.29,5,-142.495,3,3,0,1,-999,-999,0
50.5,54,17,7,-105.29,1,-150.154,0,0,20,0,-999,-999,0
50.5,70,32,6,-105.208,4,-118.947,2,3,20,0,-999,-999,0
50.5,70,32,6,-105.208,7,-122.16,1,1,0,1,-999,-999,0
50.5,70,32,6,-105.208,2,-142.432,3,3,20,0,-999,-999,0
50.5,70,32,6,-105.208,5,-144.321,3,3,0,1,-999,-999,0
50.5,70,32,6,-105.208,3,-160.859,3,3,20,0,-999,-999,0
50.5,70,32,6,-105.208,1,-162.375,0,0,20,0,-999,-999,0
50.5,78,2,3,-122.475,2,-124.704,3,3,20,0,-999,-999,0
50.5,78,2,3,-122.475,1,-129.768,0,0,20,0,-999,-999,0
50.5,78,2,3,-122.475,5,-130.152,3,3,0,1,-999,-999,0
50.5,78,2,3,-122.475,4,-134.213,2,3,20,0,-999,-999,0
50.5,78,2,3,-122.475,6,-140.069,3,3,10,1,-999,-999,0
50.5,78,2,3,-122.475,7,-157.463,1,1,0,1,-999,-999,0
50.5,90,18,4,-107.044,2,-103.142,3,3,20,0,-999,-999,0
50.5,90,18,4,-107.044,3,-105.581,3,3,20,0,-999,-999,0
50.5,90,18,4,-107.044,7,-120.958,1,1,0,1,-999,-999,0
50.5,90,18,4,-107.044,6,-123.153,3,3,10,1,-999,-999,0
50.5,90,18,4,-107.044,1,-134.246,0,0,20,0,-999,-999,0
50.5,90,18,4,-107.044,5,-142.349,3,3,0,1,-999,-999,0
50.5,92,9,2,-100.114,3,-117.754,3,3,20,0,-999,-999,0
50.5,92,9,2,-100.114,1,-117.868,0,0,20,0,-999,-999,0
50.5,92,9,2,-100.114,6,-117.975,3,3,10,1,-999,-999,0
50.5,92,9,2,-100.114,7,-133.447,1,1,0,1,-999,-999,0
50.5,92,9,2,-100.114,4,-138.999,2,3,20,0,-999,-999,0
50.5,92,9,2,-100.114,5,-144.435,3,3,0,1,-999,-999,0
50.5,97,8,2,-106.6,1,-110.59,0,0,20,0,-999,-999,0
50.5,97,8,2,-106.6,4,-116.481,2,3,20,0,-999,-999,0
50.5,97,8,2,-106.6,3,-120.347,3,3,20,0,-999,-999,0
50.5,97,8,2,-106.6,7,-126.861,1,1,0,1,-999,-999,0
50.5,97,8,2,-106.6,5,-134.565,3,3,0,1,-999,-999,0
50.5,97,8,2,-106.6,6,-137.741,3,3,10,1,-999,-999,0
50.5,100,16,4,-80.1221,5,-101.398,3,3,0,1,-999,-999,0
50.5,100,16,4,-80.1221,3,-110.152,3,3,20,0,-999,-999,0
50.5,100,16,4,-80.1221,6,-124.967,3,3,10,1,-999,-999,0
50.5,100,16,4,-80.1221,2,-133.421,3,3,20,0,-999,-999,0
50.5,100,16,4,-80.1221,7,-136.235,1,1,0,1,-999,-999,0
50.5,100,16,4,-80.1221,1,-141.853,0,0,20,0,-999,-999,0
52.5,17,4,3,-103.627,7,-102.475,1,1,0,1,-999,-999,0
52.5,17,4,3,-103.627,4,-129.661,3,3,20,0,-999,-999,0
52.5,17,4,3,-103.627,2,-135.596,2,2,20,0,-999,-999,0
52.5,17,4,3,-103.627,6,-139.995,3,3,10,1,-999,-999,0
52.5,17,4,3,-103.627,1,-154.598,0,0,20,0,-999,-999,0
52.5,17,4,3,-103.627,5,-158.898,3,3,0,1,-999,-999,0
52.5,23,1,3,-110,1,-106.451,0,0,20,0,-999,-999,0
52.5,23,1,3,-110,6,-110.837,3,3,10,1,-999,-999,0
52.5,23,1,3,-110,2,-122.941,2,2,20,0,-999,-999,0
52.5,23,1,3,-110,5,-133.421,3,3,0,1,-999,-999,0
52.5,23,1,3,-110,7,-133.87,1,1,0,1,-999,-999,0
52.5,23,1,3,-110,4,-140.199,3,3,20,0,-999,-999,0
52.5,24,32,5,-67.04,2,-143.661,2,2,20,0,-999,-999,0
52.5,24,32,5,-67.04,3,-144.539,3,3,20,0,-999,-999,0
52.5,24,32,5,-67.04,1,-146.437,0,0,20,0,-999,-999,0
52.5,24,32,5,-67.04,7,-151.407,1,1,0,1,-999,-999,0
52.5,24,32,5,-67.04,6,-154.488,3,3,10,1,-999,-999,0
52.5,24,32,5,-67.04,4,-164.277,3,3,20,0,-999,-999,0
52.5,30,23,5,-118.037,2,-128.69,2,2,20,0,-999,-999,0
52.5,30,23,5,-118.037,3,-132.069,3,3,20,0,-999,-999,0
52.5,30,23,5,-118.037,4,-132.762,3,3,20,0,-999,-999,0
52.5,30,23,5,-118.037,1,-135.741,0,0,20,0,-999,-999,0
52.5,30,23,5,-118.037,7,-136.818,1,1,0,1,-999,-999,0
52.5,30,23,5,-118.037,6,-163.498,3,3,10,1,-999,-999,0
52.5,37,24,6,-138.086,4,-134.885,3,3,20,0,-999,-999,0
52.5,37,24,6,-138.086,7,-139.326,1,1,0,1,-999,-999,0
52.5,37,24,6,-138.086,2,-141.819,2,2,20,0,-999,-999,0
52.5,37,24,6,-138.086,5,-149.178,3,3,0,1,-999,-999,0
52.5,37,24,6,-138.086,3,-150.483,3,3,20,0,-999,-999,0
52.5,37,24,6,-138.086,1,-156.152,0,0,20,0,-999,-999,0
52.5,39,24,5,-121.32,2,-96.4995,2,2,20,0,-999,-999,0
52.5,39,24,5,-121.32,4,-106.026,3,3,20,0,-999,-999,0
52.5,39,24,5,-121.32,1,-110.56,0,0,20,0,-999,-999,0
52.5,39,24,5,-121.32,6,-126.619,3,3,10,1,-999,-999,0
52.5,39,24,5,-121.32,3,-133.226,3,3,20,0,-999,-999,0
52.5,39,24,5,-121.32,7,-145.674,1,1,0,1,-999,-999,0
52.5,46,20,4,-131.064,7,-103.886,1,1,0,1,-999,-999,0
52.5,46,20,4,-131.064,2,-104.628,2,2,20,0,-999,-999,0
52.5,46,20,4,-131.064,3,-130.546,3,3,20,0,-999,-999,0
52.5,46,20,4,-131.064,6,-140.2,3,3,10,1,-999,-999,0
52.5,46,20,4,-131.064,5,-152.768,3,3,0,1,-999,-999,0
52.5,46,20,4,-131.064,1,-162.022,0,0,20,0,-999,-999,0
52.5,48,40,6,-139.314,3,-116.446,3,3,20,0,-999,-999,0
52.5,48,40,6,-139.314,5,-146.307,3,3,0,1,-999,-999,0
52.5,48,40,6,-139.314,4,-147.006,3,3,20,0,-999,-999,0
52.5,48,40,6,-139.314,7,-147.707,1,1,0,1,-999,-999,0
52.5,48,40,6,-139.314,2,-150.312,2,2,20,0,-999,-999,0
52.5,48,40,6,-139.314,1,-169.633,0,0,20,0,-999,-999,0
52.5,54,17,7,-137.346,4,-102.793,3,3,20,0,-999,-999,0
52.5,54,17,7,-137.346,3,-116.891,3,3,20,0,-999,-999,0
52.5,54,17,7,-137.346,6,-136.8,3,3,10,1,-999,-999,0
52.5,54,17,7,-137.346,2,-136.811,2,2,20,0,-999,-999,0
52.5,54,17,7,-137.346,5,-144.217,3,3,0,1,-999,-999,0
52.5,54,17,7,-137.346,1,-151.828,0,0,20,0,-999,-999,0
52.5,70,32,6,-137.364,2,-115.503,2,2,20,0,-999,-999,0
52.5,70,32,6,-137.364,7,-136.595,1,1,0,1,-999,-999,0
52.5,70,32,6,-137.364,5,-140.366,3,3,0,1,-999,-999,0
52.5,70,32,6,-137.364,4,-141.437,3,3,20,0,-999,-999,0
52.5,70,32,6,-137.364,3,-150.887,3,3,20,0,-999,-999,0
52.5,70,32,6,-137.364,1,-161.866,0,0,20,0,-999,-999,0
52.5,78,2,3,-118.826,5,-97.8294,3,3,0,1,-999,-999,0
52.5,78,2,3,-118.826,2,-123.541,2,2,20,0,-999,-999,0
52.5,78,2,3,-118.826,1,-127.788,0,0,20,0,-999,-999,0
52.5,78,2,3,-118.826,6,-138.7,3,3,10,1,-999,-999,0
52.5,78,2,3,-118.826,4,-141.1,3,3,20,0,-999,-999,0
52.5,78,2,3,-118.826,7,-154.393,1,1,0,1,-999,-999,0
52.5,90,18,4,-114.983,2,-95.4775,2,2,20,0,-999,-999,2
52.5,90,18,4,-114.983,6,-108.591,3,3,10,1,-999,-999,2
52.5,90,18,4,-114.983,5,-117.786,3,3,0,1,-999,-999,2
52.5,90,18,4,-114.983,7,-131.214,1,1,0,1,-999,-999,2
52.5,90,18,4,-114.983,1,-137.939,0,0,20,0,-999,-999,2
52.5,90,18,4,-114.983,3,-138.054,3,3,20,0,-999,-999,2
52.5,92,9,2,-76.794,3,-105.403,3,3,20,0,-999,-999,0
52.5,92,9,2,-76.794,1,-123.663,0,0,20,0,-999,-999,0
52.5,92,9,2,-76.794,7,-132.622,1,1,0,1,-999,-999,0
52.5,92,9,2,-76.794,6,-139.695,3,3,10,1,-999,-999,0
52.5,92,9,2,-76.794,5,-140,3,3,0,1,-999,-999,0
52.5,92,9,2,-76.794,4,-143.493,3,3,20,0,-999,-999,0
52.5,97,8,2,-109.854,1,-109.745,0,0,20,0,-999,-999,0
52.5,97,8,2,-109.854,3,-122.032,3,3,20,0,-999,-999,0
52.5,97,8,2,-109.854,4,-134.603,3,3,20,0,-999,-999,0
52.5,97,8,2,-109.854,7,-140.871,1,1,0,1,-999,-999,0
52.5,97,8,2,-109.854,6,-142.124,3,3,10,1,-999,-999,0
52.5,97,8,2,-109.854,5,-146.858,3,3,0,1,-999,-999,0
52.5,100,16,4,-67.8398,6,-105.179,3,3,10,1,-999,-999,0
52.5,100,16,4,-67.8398,1,-136.288,0,0,20,0,-999,-999,0
52.5,100,16,4,-67.8398,7,-136.913,1,1,0,1,-999,-999,0
52.5,100,16,4,-67.8398,5,-137.443,3,3,0,1,-999,-999,0
52.5,100,16,4,-67.8398,3,-139.824,3,3,20,0,-999,-999,0
52.5,100,16,4,-67.8398,2,-140.054,2,3,20,0,-999,-999,0
54.5,17,4,3,-137.577,7,-114.583,3,3,0,1,-999,-999,0
54.5,17,4,3,-137.577,2,-127.3,3,3,20,0,-999,-999,0
54.5,17,4,3,-137.577,4,-137.872,2,2,20,0,-999,-999,0
54.5,17,4,3,-137.577,6,-139.637,3,3,10,1,-999,-999,0
54.5,17,4,3,-137.577,5,-142.783,3,3,0,1,-999,-999,0
54.5,17,4,3,-137.577,1,-161.537,0,0,20,0,-999,-999,0
54.5,23,1,3,-90.2106,2,-104.656,3,3,20,0,-999,-999,0
54.5,23,1,3,-90.2106,1,-126.215,0,0,20,0,-999,-999,0
54.5,23,1,3,-90.2106,7,-130.762,3,3,0,1,-999,-999,0
54.5,23,1,3,-90.2106,4,-137.233,2,2,20,0,-999,-999,0
54.5,23,1,3,-90.2106,5,-139.03,3,3,0,1,-999,-999,0
54.5,23,1,3,-90.2106,6,-144.765,3,3,10,1,-999,-999,0
54.5,24,32,5,-63.5083,7,-113.634,3,3,0,1,-999,-999,0
54.5,24,32,5,-63.5083,2,-135.396,3,3,20,0,-999,-999,0
54.5,24,32,5,-63.5083,3,-136.435,3,3,20,0,-999,-999,0
54.5,24,32,5,-63.5083,4,-139.824,2,2,20,0,-999,-999,0
54.5,24,32,5,-63.5083,1,-151.167,0,0,20,0,-999,-999,0
54.5,24,32,5,-63.5083,6,-151.463,3,3,10,1,-999,-999,0
54.5,30,23,5,-108.364,2,-103.289,3,3,20,0,-999,-999,0
54.5,30,23,5,-108.364,3,-131.665,3,3,20,0,-999,-999,0
54.5,30,23,5,-108.364,4,-135.004,2,2,20,0,-999,-999,0
54.5,30,23,5,-108.364,7,-137.405,3,3,0,1,-999,-999,0
54.5,30,23,5,-108.364,1,-140.335,0,0,20,0,-999,-999,0
54.5,30,23,5,-108.364,6,-159.01,3,3,10,1,-999,-999,0
54.5,37,24,6,-132.07,4,-129.14,2,2,20,0,-999,-999,0
54.5,37,24,6,-132.07,7,-133.842,3,3,0,1,-999,-999,0
54.5,37,24,6,-132.07,2,-135.409,3,3,20,0,-999,-999,0
54.5,37,24,6,-132.07,3,-144.552,3,3,20,0,-999,-999,0
54.5,37,24,6,-132.07,5,-148.859,3,3,0,1,-999,-999,0
54.5,37,24,6,-132.07,1,-154.369,0,0,20,0,-999,-999,0
54.5,39,24,5,-131.009,7,-131.299,3,3,0,1,-999,-999,0
54.5,39,24,5,-131.009,3,-132.971,3,3,20,0,-999,-999,0
54.5,39,24,5,-131.009,2,-136.675,3,3,20,0,-999,-999,0
54.5,39,24,5,-131.009,4,-138.153,2,2,20,0,-999,-999,0
54.5,39,24,5,-131.009,6,-140.854,3,3,10,1,-999,-999,0
54.5,39,24,5,-131.009,1,-148.121,0,0,20,0,-999,-999,0
54.5,46,20,4,-133.257,6,-100.513,3,3,10,1,-999,-999,0
54.5,46,20,4,-133.257,7,-129.405,3,3,0,1,-999,-999,0
54.5,46,20,4,-133.257,2,-131.211,3,3,20,0,-999,-999,0
54.5,46,20,4,-133.257,5,-137.296,3,3,0,1,-999,-999,0
54.5,46,20,4,-133.257,3,-148.182,3,3,20,0,-999,-999,0
54.5,46,20,4,-133.257,1,-158.451,0,0,20,0,-999,-999,0
54.5,48,40,6,-96.9702,5,-118.38,3,3,0,1,-999,-999,0
54.5,48,40,6,-96.9702,4,-143.456,2,2,20,0,-999,-999,0
54.5,48,40,6,-96.9702,7,-143.53,3,3,0,1,-999,-999,0
54.5,48,40,6,-96.9702,2,-153.429,3,3,20,0,-999,-999,0
54.5,48,40,6,-96.9702,3,-159.849,3,3,20,0,-999,-999,0
54.5,48,40,6,-96.9702,1,-171.276,0,0,20,0,-999,-999,0
54.5,54,17,7,-128.307,4,-97.3086,2,2,20,0,-999,-999,4
54.5,54,17,7,-128.307,2,-119.831,3,3,20,0,-999,-999,4
54.5,54,17,7,-128.307,3,-136.566,3,3,20,0,-999,-999,4
54.5,54,17,7,-128.307,5,-137.176,3,3,0,1,-999,-999,4
54.5,54,17,7,-128.307,6,-143.132,3,3,10,1,-999,-999,4
54.5,54,17,7,-128.307,1,-151.575,0,0,20,0,-999,-999,4
54.5,70,32,6,-142.245,3,-121.051,3,3,20,0,-999,-999,0
54.5,70,32,6,-142.245,5,-134.902,3,3,0,1,-999,-999,0
54.5,70,32,6,-142.245,7,-138.303,3,3,0,1,-999,-999,0
54.5,70,32,6,-142.245,2,-140.84,3,3,20,0,-999,-999,0
54.5,70,32,6,-142.245,4,-141.619,2,3,20,0,-999,-999,0
54.5,70,32,6,-142.245,1,-160.893,0,0,20,0,-999,-999,0
54.5,78,2,3,-122.276,4,-103.659,2,3,20,0,-999,-999,0
54.5,78,2,3,-122.276,5,-110.626,3,3,0,1,-999,-999,0
54.5,78,2,3,-122.276,7,-126.704,3,3,0,1,-999,-999,0
54.5,78,2,3,-122.276,2,-127.432,3,3,20,0,-999,-999,0
54.5,78,2,3,-122.276,1,-128.906,0,0,20,0,-999,-999,0
54.5,78,2,3,-122.276,6,-144.483,3,3,10,1,-999,-999,0
54.5,90,12,2,-130.773,4,-112.49,2,3,20,0,-999,-999,0
54.5,90,12,2,-130.773,7,-116.725,3,3,0,1,-999,-999,0
54.5,90,12,2,-130.773,5,-123.302,3,3,0,1,-999,-999,0
54.5,90,12,2,-130.773,6,-126.278,3,3,10,1,-999,-999,0
54.5,90,12,2,-130.773,3,-135.106,3,3,20,0,-999,-999,0
54.5,90,12,2,-130.773,1,-135.463,0,0,20,0,-999,-999,0
54.5,92,9,2,-113.082,6,-112.916,3,3,10,1,-999,-999,0
54.5,92,9,2,-113.082,1,-114.505,0,0,20,0,-999,-999,0
54.5,92,9,2,-113.082,3,-127.313,3,3,20,0,-999,-999,0
54.5,92,9,2,-113.082,5,-128.893,3,3,0,1,-999,-999,0
54.5,92,9,2,-113.082,7,-130.925,3,3,0,1,-999,-999,0
54.5,92,9,2,-113.082,4,-143.676,2,3,20,0,-999,-999,0
54.5,97,8,2,-106.806,7,-103.145,3,3,0,1,-999,-999,0
54.5,97,8,2,-106.806,1,-111.908,0,0,20,0,-999,-999,0
54.5,97,8,2,-106.806,3,-120.736,3,3,20,0,-999,-999,0
54.5,97,8,2,-106.806,5,-121.128,3,3,0,1,-999,-999,0
54.5,97,8,2,-106.806,4,-135.563,2,3,20,0,-999,-999,0
54.5,97,8,2,-106.806,6,-144.594,3,3,10,1,-999,-999,0
54.5,100,16,4,-72.4469,3,-108.181,3,3,20,0,-999,-999,0
54.5,100,16,4,-72.4469,5,-113.578,3,3,0,1,-999,-999,0
54.5,100,16,4,-72.4469,6,-123.624,3,3,10,1,-999,-999,0
54.5,100,16,4,-72.4469,7,-133.239,3,3,0,1,-999,-999,0
54.5,100,16,4,-72.4469,2,-136.63,3,3,20,0,-999,-999,0
54.5,100,16,4,-72.4469,1,-145.178,0,0,20,0,-999,-999,0
56.5,9,32,7,-121.128,3,-98.8358,3,3,20,0,-999,-999,0
56.5,9,32,7,-121.128,5,-103.64,3,3,0,1,-999,-999,0
56.5,9,32,7,-121.128,2,-104.734,3,3,20,0,-999,-999,0
56.5,9,32,7,-121.128,4,-124.306,3,3,20,0,-999,-999,0
56.5,9,32,7,-121.128,6,-130.55,3,3,10,1,-999,-999,0
56.5,9,32,7,-121.128,1,-144.68,0,0,20,0,-999,-999,0
56.5,17,4,3,-142.867,6,-104.268,3,3,10,1,-999,-999,0
56.5,17,4,3,-142.867,7,-109.822,2,2,0,1,-999,-999,0
56.5,17,4,3,-142.867,4,-115.984,3,3,20,0,-999,-999,0
56.5,17,4,3,-142.867,2,-126.5,3,3,20,0,-999,-999,0
56.5,17,4,3,-142.867,1,-158.549,0,0,20,0,-999,-999,0
56.5,17,4,3,-142.867,5,-166.757,3,3,0,1,-999,-999,0
56.5,23,1,3,-115.762,2,-87.5018,3,3,20,0,-999,-999,0
56.5,23,1,3,-115.762,1,-129.179,0,0,20,0,-999,-999,0
56.5,23,1,3,-115.762,4,-130.418,3,3,20,0,-999,-999,0
56.5,23,1,3,-115.762,6,-133.334,3,3,10,1,-999,-999,0
56.5,23,1,3,-115.762,5,-138.821,3,3,0,1,-999,-999,0
56.5,23,1,3,-115.762,7,-140.337,2,2,0,1,-999,-999,0
56.5,24,32,5,-68.9872,2,-136.628,3,3,20,0,-999,-999,0
56.5,24,32,5,-68.9872,3,-143.058,3,3,20,0,-999,-999,0
56.5,24,32,5,-68.9872,1,-145.064,0,0,20,0,-999,-999,0
56.5,24,32,5,-68.9872,7,-148.153,2,2,0,1,-999,-999,0
56.5,24,32,5,-68.9872,6,-152.685,3,3,10,1,-999,-999,0
56.5,24,32,5,-68.9872,4,-159.465,3,3,20,0,-999,-999,0
56.5,30,23,5,-126.602,2,-104.043,3,3,20,0,-999,-999,2
56.5,30,23,5,-126.602,3,-138.179,3,3,20,0,-999,-999,2
56.5,30,23,5,-126.602,4,-138.312,3,3,20,0,-999,-999,2
56.5,30,23,5,-126.602,1,-141.202,0,0,20,0,-999,-999,2
56.5,30,23,5,-126.602,7,-142.643,2,2,0,1,-999,-999,2
56.5,30,23,5,-126.602,6,-148.002,3,3,10,1,-999,-999,2
56.5,37,24,6,-95.2708,5,-119.879,3,3,0,1,-999,-999,0
56.5,37,24,6,-95.2708,4,-132.654,3,3,20,0,-999,-999,0
56.5,37,24,6,-95.2708,2,-141.517,3,4,20,0,-999,-999,0
56.5,37,24,6,-95.2708,7,-142.111,2,2,0,1,-999,-999,0
56.5,37,24,6,-95.2708,3,-144.597,3,3,20,0,-999,-999,0
56.5,37,24,6,-95.2708,1,-154.773,0,0,20,0,-999,-999,0
56.5,39,24,5,-95.1867,2,-120.834,3,4,20,0,-999,-999,0
56.5,39,24,5,-95.1867,7,-134.062,2,2,0,1,-999,-999,0
56.5,39,24,5,-95.1867,4,-136.079,3,3,20,0,-999,-999,0
56.5,39,24,5,-95.1867,3,-143.817,3,3,20,0,-999,-999,0
56.5,39,24,5,-95.1867,6,-148.573,3,3,10,1,-999,-999,0
56.5,39,24,5,-95.1867,1,-151.452,0,0,20,0,-999,-999,0
56.5,46,20,4,-131.142,6,-109.901,3,3,10,1,-999,-999,0
56.5,46,20,4,-131.142,5,-114.485,3,3,0,1,-999,-999,0
56.5,46,20,4,-131.142,3,-127.534,3,3,20,0,-999,-999,0
56.5,46,20,4,-131.142,7,-140.132,2,2,0,1,-999,-999,0
56.5,46,20,4,-131.142,2,-149.695,3,4,20,0,-999,-999,0
56.5,46,20,4,-131.142,1,-161.304,0,0,20,0,-999,-999,0
56.5,48,40,6,-109.62,3,-116.651,3,3,20,0,-999,-999,0
56.5,48,40,6,-109.62,4,-123.43,3,3,20,0,-999,-999,0
56.5,48,40,6,-109.62,5,-141.889,3,3,0,1,-999,-999,0
56.5,48,40,6,-109.62,7,-142.363,2,2,0,1,-999,-999,0
56.5,48,40,6,-109.62,2,-154.611,3,4,20,0,-999,-999,0
56.5,48,40,6,-109.62,1,-169.313,0,0,20,0,-999,-999,0
56.5,54,21,4,-137.86,7,-129.779,2,2,0,1,-999,-999,0
56.5,54,21,4,-137.86,2,-135.539,3,4,20,0,-999,-999,0
56.5,54,21,4,-137.86,3,-138.329,3,3,20,0,-999,-999,0
56.5,54,21,4,-137.86,5,-142.485,3,3,0,1,-999,-999,0
56.5,54,21,4,-137.86,6,-149.219,3,3,10,1,-999,-999,0
56.5,54,21,4,-137.86,1,-154.651,0,0,20,0,-999,-999,0
56.5,55,33,7,-139.6,2,-103.127,3,4,20,0,-999,-999,0
56.5,55,33,7,-139.6,4,-131.187,3,3,20,0,-999,-999,0
56.5,55,33,7,-139.6,6,-135.116,3,3,10,1,-999,-999,0
56.5,55,33,7,-139.6,3,-138.671,3,3,20,0,-999,-999,0
56.5,55,33,7,-139.6,5,-144.432,3,3,0,1,-999,-999,0
56.5,55,33,7,-139.6,1,-151.519,0,0,20,0,-999,-999,0
56.5,70,32,6,-140.442,7,-121.761,2,2,0,1,-999,-999,0
56.5,70,32,6,-140.442,4,-122.016,3,3,20,0,-999,-999,0
56.5,70,32,6,-140.442,2,-125.522,3,4,20,0,-999,-999,0
56.5,70,32,6,-140.442,3,-140.311,3,3,20,0,-999,-999,0
56.5,70,32,6,-140.442,5,-150.495,3,3,0,1,-999,-999,0
56.5,70,32,6,-140.442,1,-162.694,0,0,20,0,-999,-999,0
56.5,78,2,3,-121.671,2,-104.382,3,4,20,0,-999,-999,0
56.5,78,2,3,-121.671,5,-120.38,3,3,0,1,-999,-999,0
56.5,78,2,3,-121.671,1,-129.318,0,0,20,0,-999,-999,0
56.5,78,2,3,-121.671,6,-137.938,3,3,10,1,-999,-999,0
56.5,78,2,3,-121.671,4,-138.018,3,3,20,0,-999,-999,0
56.5,78,2,3,-121.671,7,-155.934,2,2,0,1,-999,-999,0
56.5,90,12,2,-122.232,4,-108.904,3,3,20,0,-999,-999,0
56.5,90,12,2,-122.232,6,-115.602,3,3,10,1,-999,-999,0
56.5,90,12,2,-122.232,7,-118.858,2,2,0,1,-999,-999,0
56.5,90,12,2,-122.232,5,-136.312,3,3,0,1,-999,-999,0
56.5,90,12,2,-122.232,3,-136.78,3,3,20,0,-999,-999,0
56.5,90,12,2,-122.232,1,-137.375,0,0,20,0,-999,-999,0
56.5,92,9,2,-113.996,1,-99.4852,0,0,20,0,-999,-999,0
56.5,92,9,2,-113.996,7,-102.362,2,2,0,1,-999,-999,0
56.5,92,9,2,-113.996,5,-106.085,3,3,0,1,-999,-999,0
56.5,92,9,2,-113.996,6,-120.551,3,3,10,1,-999,-999,0
56.5,92,9,2,-113.996,3,-124.722,3,3,20,0,-999,-999,0
56.5,92,9,2,-113.996,4,-136.018,3,3,20,0,-999,-999,0
56.5,97,8,2,-104.579,3,-110.363,3,3,20,0,-999,-999,0
56.5,97,8,2,-104.579,1,-116.739,0,0,20,0,-999,-999,0
56.5,97,8,2,-104.579,7,-130.531,2,2,0,1,-999,-999,0
56.5,97,8,2,-104.579,5,-134.5,3,3,0,1,-999,-999,0
56.5,97,8,2,-104.579,4,-134.789,3,3,20,0,-999,-999,0
56.5,97,8,2,-104.579,6,-142.049,3,3,10,1,-999,-999,0
56.5,100,16,4,-61.37,6,-118.73,3,3,10,1,-999,-999,0
56.5,100,16,4,-61.37,2,-137.801,3,4,20,0,-999,-999,0
56.5,100,16,4,-61.37,7,-140.055,2,2,0,1,-999,-999,0
56.5,100,16,4,-61.37,5,-141.621,3,3,0,1,-999,-999,0
56.5,100,16,4,-61.37,1,-142.464,0,0,20,0,-999,-999,0
56.5,100,16,4,-61.37,3,-144.973,3,3,20,0,-999,-999,0
58.5,9,32,7,-86.902,4,-97.4226,3,3,20,0,-999,-999,0
58.5,9,32,7,-86.902,3,-107.85,3,3,20,0,-999,-999,0
58.5,9,32,7,-86.902,2,-124.092,4,4,20,0,-999,-999,0
58.5,9,32,7,-86.902,6,-133.329,3,3,10,1,-999,-999,0
58.5,9,32,7,-86.902,5,-139.444,2,2,0,1,-999,-999,0
58.5,9,32,7,-86.902,1,-145.759,0,0,20,0,-999,-999,0
58.5,17,4,3,-137.802,6,-105.403,3,3,10,1,-999,-999,0
58.5,17,4,3,-137.802,4,-132.109,3,3,20,0,-999,-999,0
58.5,17,4,3,-137.802,7,-136.809,2,2,0,1,-999,-999,0
58.5,17,4,3,-137.802,2,-139.643,4,4,20,0,-999,-999,0
58.5,17,4,3,-137.802,5,-149.228,2,2,0,1,-999,-999,0
58.5,17,4,3,-137.802,1,-158.071,0,0,20,0,-999,-999,0
58.5,23,1,3,-118.643,7,-96.7801,2,2,0,1,-999,-999,0
58.5,23,1,3,-118.643,2,-117.971,4,4,20,0,-999,-999,0
58.5,23,1,3,-118.643,1,-126.183,0,0,20,0,-999,-999,0
58.5,23,1,3,-118.643,5,-126.888,2,2,0,1,-999,-999,0
58.5,23,1,3,-118.643,4,-134.265,3,3,20,0,-999,-999,0
58.5,23,1,3,-118.643,6,-136.203,3,3,10,1,-999,-999,0
58.5,24,32,5,-98.7789,7,-116.769,2,2,0,1,-999,-999,0
58.5,24,32,5,-98.7789,3,-123.141,3,3,20,0,-999,-999,0
58.5,24,32,5,-98.7789,2,-143.478,4,4,20,0,-999,-999,0
58.5,24,32,5,-98.7789,1,-147.72,0,0,20,0,-999,-999,0
58.5,24,32,5,-98.7789,6,-151.604,3,3,10,1,-999,-999,0
58.5,24,32,5,-98.7789,4,-159.686,3,3,20,0,-999,-999,0
58.5,30,13,2,-127.257,7,-99.0296,2,2,0,1,-999,-999,0
58.5,30,13,2,-127.257,3,-102.029,3,3,20,0,-999,-999,0
58.5,30,13,2,-127.257,5,-120.844,2,2,0,1,-999,-999,0
58.5,30,13,2,-127.257,1,-136.04,0,0,20,0,-999,-999,0
58.5,30,13,2,-127.257,4,-138.153,3,3,20,0,-999,-999,0
58.5,30,13,2,-127.257,6,-164.393,3,3,10,1,-999,-999,0
58.5,37,24,6,-129.272,5,-127.719,2,2,0,1,-999,-999,0
58.5,37,24,6,-129.272,4,-127.982,3,3,20,0,-999,-999,0
58.5,37,24,6,-129.272,7,-140.938,2,2,0,1,-999,-999,0
58.5,37,24,6,-129.272,2,-146.036,4,4,20,0,-999,-999,0
58.5,37,24,6,-129.272,3,-149.51,3,3,20,0,-999,-999,0
58.5,37,24,6,-129.272,1,-155.894,0,0,20,0,-999,-999,0
58.5,39,24,5,-109.315,2,-96.3378,4,4,20,0,-999,-999,0
58.5,39,24,5,-109.315,6,-119.507,3,3,10,1,-999,-999,0
58.5,39,24,5,-109.315,3,-129.885,3,3,20,0,-999,-999,0
58.5,39,24,5,-109.315,4,-135.232,3,3,20,0,-999,-999,0
58.5,39,24,5,-109.315,7,-141.08,2,2,0,1,-999,-999,0
58.5,39,24,5,-109.315,1,-151.103,0,0,20,0,-999,-999,0
58.5,46,20,4,-128.83,6,-126.762,3,3,10,1,-999,-999,0
58.5,46,20,4,-128.83,5,-130.268,2,2,0,1,-999,-999,0
58.5,46,20,4,-128.83,3,-135.301,3,3,20,0,-999,-999,0
58.5,46,20,4,-128.83,7,-145.542,2,2,0,1,-999,-999,0
58.5,46,20,4,-128.83,2,-146.408,4,4,20,0,-999,-999,0
58.5,46,20,4,-128.83,1,-166.823,0,0,20,0,-999,-999,0
58.5,48,40,6,-129.178,4,-110.029,3,3,20,0,-999,-999,0
58.5,48,40,6,-129.178,5,-131.683,2,2,0,1,-999,-999,0
58.5,48,40,6,-129.178,2,-152.403,4,4,20,0,-999,-999,0
58.5,48,40,6,-129.178,3,-155.765,3,3,20,0,-999,-999,0
58.5,48,40,6,-129.178,7,-156.804,2,2,0,1,-999,-999,0
58.5,48,40,6,-129.178,1,-168.453,0,0,20,0,-999,-999,0
58.5,54,21,4,-96.8407,7,-91.7337,2,2,0,1,-999,-999,0
58.5,54,21,4,-96.8407,5,-116.291,2,2,0,1,-999,-999,0
58.5,54,21,4,-96.8407,2,-137.072,4,4,20,0,-999,-999,0
58.5,54,21,4,-96.8407,3,-138.486,3,3,20,0,-999,-999,0
58.5,54,21,4,-96.8407,6,-140.49,3,3,10,1,-999,-999,0
58.5,54,21,4,-96.8407,1,-150.068,0,0,20,0,-999,-999,0
58.5,55,33,7,-98.7484,4,-131.449,3,3,20,0,-999,-999,0
58.5,55,33,7,-98.7484,6,-134.321,3,3,10,1,-999,-999,0
58.5,55,33,7,-98.7484,2,-136.557,4,4,20,0,-999,-999,0
58.5,55,33,7,-98.7484,3,-140.422,3,3,20,0,-999,-999,0
58.5,55,33,7,-98.7484,5,-152.058,2,2,0,1,-999,-999,0
58.5,55,33,7,-98.7484,1,-153.022,0,0,20,0,-999,-999,0
58.5,70,32,6,-139.332,2,-115.483,4,4,20,0,-999,-999,0
58.5,70,32,6,-139.332,7,-118.944,2,2,0,1,-999,-999,0
58.5,70,32,6,-139.332,3,-129.163,3,3,20,0,-999,-999,0
58.5,70,32,6,-139.332,4,-137.239,3,3,20,0,-999,-999,0
58.5,70,32,6,-139.332,5,-154.47,2,2,0,1,-999,-999,0
58.5,70,32,6,-139.332,1,-161.212,0,0,20,0,-999,-999,0
58.5,78,2,3,-101.142,5,-108.248,2,2,0,1,-999,-999,0
58.5,78,2,3,-101.142,2,-124.468,4,4,20,0,-999,-999,0
58.5,78,2,3,-101.142,1,-128.053,0,0,20,0,-999,-999,0
58.5,78,2,3,-101.142,6,-139.872,3,3,10,1,-999,-999,0
58.5,78,2,3,-101.142,4,-144.848,3,3,20,0,-999,-999,0
58.5,78,2,3,-101.142,7,-156.668,2,2,0,1,-999,-999,0
58.5,90,12,2,-127.287,4,-108.846,3,3,20,0,-999,-999,4
58.5,90,12,2,-127.287,6,-116.941,3,3,10,1,-999,-999,4
58.5,90,12,2,-127.287,7,-124.584,2,2,0,1,-999,-999,4
58.5,90,12,2,-127.287,5,-131.064,2,2,0,1,-999,-999,4
58.5,90,12,2,-127.287,3,-132.797,3,3,20,0,-999,-999,4
58.5,90,12,2,-127.287,1,-142.063,0,0,20,0,-999,-999,4
58.5,92,9,2,-111.032,1,-120.52,0,0,20,0,-999,-999,0
58.5,92,9,2,-111.032,3,-124.743,3,3,20,0,-999,-999,0
58.5,92,9,2,-111.032,6,-134.458,3,3,10,1,-999,-999,0
58.5,92,9,2,-111.032,7,-134.775,2,2,0,1,-999,-999,0
58.5,92,9,2,-111.032,5,-136.064,2,2,0,1,-999,-999,0
58.5,92,9,2,-111.032,4,-141.208,3,4,20,0,-999,-999,0
58.5,97,8,2,-109.137,4,-105.538,3,4,20,0,-999,-999,0
58.5,97,8,2,-109.137,1,-109.665,0,0,20,0,-999,-999,0
58.5,97,8,2,-109.137,3,-112.179,3,3,20,0,-999,-999,0
58.5,97,8,2,-109.137,7,-127.752,2,2,0,1,-999,-999,0
58.5,97,8,2,-109.137,6,-133.928,3,3,10,1,-999,-999,0
58.5,97,8,2,-109.137,5,-138.648,2,2,0,1,-999,-999,0
58.5,100,16,4,-97.4113,3,-107.287,3,3,20,0,-999,-999,0
58.5,100,16,4,-97.4113,6,-113.001,3,3,10,1,-999,-999,0
58.5,100,16,4,-97.4113,5,-116.541,2,2,0,1,-999,-999,0
58.5,100,16,4,-97.4113,2,-134.438,4,4,20,0,-999,-999,0
58.5,100,16,4,-97.4113,1,-137.747,0,0,20,0,-999,-999,0
58.5,100,16,4,-97.4113,7,-142.34,2,2,0,1,-999,-999,0
60.5,9,32,7,-124.193,6,-99.1671,3,3,10,1,-999,-999,0
60.5,9,32,7,-124.193,4,-127.332,4,4,20,0,-999,-999,0
60.5,9,32,7,-124.193,2,-131.224,3,3,20,0,-999,-999,0
60.5,9,32,7,-124.193,3,-138.216,3,3,20,0,-999,-999,0
60.5,9,32,7,-124.193,1,-142.426,0,0,20,0,-999,-999,0
60.5,9,32,7,-124.193,5,-151.93,2,2,0,1,-999,-999,0
60.5,17,4,3,-144.544,4,-133.004,4,4,20,0,-999,-999,0
60.5,17,4,3,-144.544,2,-137.641,3,3,20,0,-999,-999,0
60.5,17,4,3,-144.544,7,-137.98,2,2,0,1,-999,-999,0
60.5,17,4,3,-144.544,6,-138.967,3,3,10,1,-999,-999,0
60.5,17,4,3,-144.544,1,-158.076,0,0,20,0,-999,-999,0
60.5,17,4,3,-144.544,5,-160.899,2,2,0,1,-999,-999,0
60.5,23,1,3,-116.292,7,-117.73,2,2,0,1,-999,-999,0
60.5,23,1,3,-116.292,2,-125.039,3,3,20,0,-999,-999,0
60.5,23,1,3,-116.292,1,-131.164,0,0,20,0,-999,-999,0
60.5,23,1,3,-116.292,4,-136.153,4,4,20,0,-999,-999,0
60.5,23,1,3,-116.292,5,-141.183,2,2,0,1,-999,-999,0
60.5,23,1,3,-116.292,6,-151.665,3,3,10,1,-999,-999,0
60.5,24,32,5,-87.9978,1,-143.511,0,0,20,0,-999,-999,0
60.5,24,32,5,-87.9978,3,-147.471,3,3,20,0,-999,-999,0
60.5,24,32,5,-87.9978,2,-148.378,3,3,20,0,-999,-999,0
60.5,24,32,5,-87.9978,7,-156.627,2,2,0,1,-999,-999,0
60.5,24,32,5,-87.9978,4,-160.503,4,4,20,0,-999,-999,0
60.5,24,32,5,-87.9978,6,-165.489,3,3,10,1,-999,-999,0
60.5,30,13,2,-125.818,5,-86.5707,2,2,0,1,-999,-999,0
60.5,30,13,2,-125.818,3,-127.633,3,3,20,0,-999,-999,0
60.5,30,13,2,-125.818,7,-136.522,2,2,0,1,-999,-999,0
60.5,30,13,2,-125.818,1,-136.589,0,0,20,0,-999,-999,0
60.5,30,13,2,-125.818,4,-136.765,4,4,20,0,-999,-999,0
60.5,30,13,2,-125.818,6,-158.786,3,3,10,1,-999,-999,0
60.5,37,24,6,-95.8901,5,-130.44,2,2,0,1,-999,-999,0
60.5,37,24,6,-95.8901,4,-130.916,4,4,20,0,-999,-999,0
60.5,37,24,6,-95.8901,7,-138.58,2,2,0,1,-999,-999,0
60.5,37,24,6,-95.8901,2,-146.626,3,3,20,0,-999,-999,0
60.5,37,24,6,-95.8901,3,-151.559,3,3,20,0,-999,-999,0
60.5,37,24,6,-95.8901,1,-152.986,0,0,20,0,-999,-999,0
60.5,39,24,5,-130.377,2,-108.642,3,3,20,0,-999,-999,2
60.5,39,24,5,-130.377,1,-108.841,0,0,20,0,-999,-999,2
60.5,39,24,5,-130.377,7,-118.168,2,2,0,1,-999,-999,2
60.5,39,24,5,-130.377,3,-133.145,3,3,20,0,-999,-999,2
60.5,39,24,5,-130.377,4,-140.29,4,4,20,0,-999,-999,2
60.5,39,24,5,-130.377,6,-146.37,3,3,10,1,-999,-999,2
60.5,46,20,4,-126.686,3,-114.057,3,3,20,0,-999,-999,0
60.5,46,20,4,-126.686,7,-119.927,2,2,0,1,-999,-999,0
60.5,46,20,4,-126.686,5,-126.211,2,2,0,1,-999,-999,0
60.5,46,20,4,-126.686,6,-142.228,3,3,10,1,-999,-999,0
60.5,46,20,4,-126.686,2,-150.561,3,4,20,0,-999,-999,0
60.5,46,20,4,-126.686,1,-164.404,0,0,20,0,-999,-999,0
60.5,48,40,6,-138.699,3,-121.245,3,3,20,0,-999,-999,0
60.5,48,40,6,-138.699,5,-130.724,2,2,0,1,-999,-999,0
60.5,48,40,6,-138.699,7,-135.575,2,2,0,1,-999,-999,0
60.5,48,40,6,-138.699,4,-142.425,4,4,20,0,-999,-999,0
60.5,48,40,6,-138.699,2,-155.984,3,4,20,0,-999,-999,0
60.5,48,40,6,-138.699,1,-167.489,0,0,20,0,-999,-999,0
60.5,54,21,4,-121.957,2,-121.266,3,4,20,0,-999,-999,0
60.5,54,21,4,-121.957,5,-128.391,2,2,0,1,-999,-999,0
60.5,54,21,4,-121.957,7,-131.788,2,2,0,1,-999,-999,0
60.5,54,21,4,-121.957,3,-136.788,3,3,20,0,-999,-999,0
60.5,54,21,4,-121.957,6,-141.166,3,3,10,1,-999,-999,0
60.5,54,21,4,-121.957,1,-151.358,0,0,20,0,-999,-999,0
60.5,55,33,7,-133.394,4,-99.0437,4,4,20,0,-999,-999,0
60.5,55,33,7,-133.394,6,-133.687,3,3,10,1,-999,-999,0
60.5,55,33,7,-133.394,2,-136.751,3,4,20,0,-999,-999,0
60.5,55,33,7,-133.394,3,-137.249,3,3,20,0,-999,-999,0
60.5,55,33,7,-133.394,5,-149.217,2,2,0,1,-999,-999,0
60.5,55,33,7,-133.394,1,-151.462,0,0,20,0,-999,-999,0
60.5,70,32,6,-135.81,2,-128.072,3,4,20,0,-999,-999,0
60.5,70,32,6,-135.81,5,-128.347,2,2,0,1,-999,-999,0
60.5,70,32,6,-135.81,4,-142.238,4,4,20,0,-999,-999,0
60.5,70,32,6,-135.81,7,-146.098,2,2,0,1,-999,-999,0
60.5,70,32,6,-135.81,3,-151.996,3,3,20,0,-999,-999,0
60.5,70,32,6,-135.81,1,-161.496,0,0,20,0,-999,-999,0
60.5,78,2,3,-96.4432,5,-87.2445,2,2,0,1,-999,-999,0
60.5,78,2,3,-96.4432,2,-124.935,3,4,20,0,-999,-999,0
60.5,78,2,3,-96.4432,1,-130.238,0,0,20,0,-999,-999,0
60.5,78,2,3,-96.4432,4,-137.813,4,4,20,0,-999,-999,0
60.5,78,2,3,-96.4432,6,-141.971,3,3,10,1,-999,-999,0
60.5,78,2,3,-96.4432,7,-153.193,2,2,0,1,-999,-999,0
60.5,90,22,4,-71.889,3,-102.475,3,3,20,0,-999,-999,0
60.5,90,22,4,-71.889,5,-110.348,2,2,0,1,-999,-999,0
60.5,90,22,4,-71.889,7,-122.699,2,2,0,1,-999,-999,0
60.5,90,22,4,-71.889,6,-124.876,3,3,10,1,-999,-999,0
60.5,90,22,4,-71.889,2,-128.239,3,4,20,0,-999,-999,0
60.5,90,22,4,-71.889,1,-137.468,0,0,20,0,-999,-999,0
60.5,92,9,2,-115.252,3,-119.526,3,3,20,0,-999,-999,0
60.5,92,9,2,-115.252,1,-120.925,0,0,20,0,-999,-999,0
60.5,92,9,2,-115.252,7,-133.727,2,2,0,1,-999,-999,0
60.5,92,9,2,-115.252,4,-138.567,4,4,20,0,-999,-999,0
60.5,92,9,2,-115.252,5,-141.588,2,2,0,1,-999,-999,0
60.5,92,9,2,-115.252,6,-142.025,3,3,10,1,-999,-999,0
60.5,97,8,2,-109.462,4,-101.114,4,4,20,0,-999,-999,4
60.5,97,8,2,-109.462,6,-106.311,3,3,10,1,-999,-999,4
60.5,97,8,2,-109.462,1,-117.51,0,0,20,0,-999,-999,4
60.5,97,8,2,-109.462,3,-118.831,3,3,20,0,-999,-999,4
60.5,97,8,2,-109.462,7,-130.248,2,2,0,1,-999,-999,4
60.5,97,8,2,-109.462,5,-137.923,2,2,0,1,-999,-999,4
60.5,100,16,4,-78.6787,6,-86.1492,3,3,10,1,-999,-999,0
60.5,100,16,4,-78.6787,2,-132.161,3,4,20,0,-999,-999,0
60.5,100,16,4,-78.6787,3,-133.971,3,3,20,0,-999,-999,0
60.5,100,16,4,-78.6787,5,-138.338,2,2,0,1,-999,-999,0
60.5,100,16,4,-78.6787,7,-138.552,2,2,0,1,-999,-999,0
60.5,100,16,4,-78.6787,1,-141.529,0,0,20,0,-999,-999,0
62.5,9,32,7,-124.584,2,-91.8123,3,3,20,0,-999,-999,0
62.5,9,32,7,-124.584,6,-119.45,4,4,10,1,-999,-999,0
62.5,9,32,7,-124.584,3,-132.464,3,3,20,0,-999,-999,0
62.5,9,32,7,-124.584,4,-133.664,5,5,20,0,-999,-999,0
62.5,9,32,7,-124.584,5,-136.14,2,2,0,1,-999,-999,0
62.5,9,32,7,-124.584,1,-147.461,0,0,20,0,-999,-999,0
62.5,17,4,3,-146.599,4,-95.596,5,5,20,0,-999,-999,0
62.5,17,4,3,-146.599,6,-126.881,4,4,10,1,-999,-999,0
62.5,17,4,3,-146.599,2,-137.821,3,3,20,0,-999,-999,0
62.5,17,4,3,-146.599,7,-145.278,2,2,0,1,-999,-999,0
62.5,17,4,3,-146.599,5,-159.99,2,2,0,1,-999,-999,0
62.5,17,4,3,-146.599,1,-162.766,0,0,20,0,-999,-999,0
62.5,23,1,3,-86.6014,7,-105.329,2,2,0,1,-999,-999,0
62.5,23,1,3,-86.6014,2,-123.65,3,3,20,0,-999,-999,0
62.5,23,1,3,-86.6014,1,-132.475,0,0,20,0,-999,-999,0
62.5,23,1,3,-86.6014,4,-132.676,5,5,20,0,-999,-999,0
62.5,23,1,3,-86.6014,5,-141.606,2,2,0,1,-999,-999,0
62.5,23,1,3,-86.6014,6,-144.989,4,4,10,1,-999,-999,0
62.5,24,32,5,-79.7035,3,-129.144,3,3,20,0,-999,-999,0
62.5,24,32,5,-79.7035,2,-143.703,3,3,20,0,-999,-999,0
62.5,24,32,5,-79.7035,1,-145.353,0,0,20,0,-999,-999,0
62.5,24,32,5,-79.7035,7,-150.991,2,2,0,1,-999,-999,0
62.5,24,32,5,-79.7035,6,-155.2,4,4,10,1,-999,-999,0
62.5,24,32,5,-79.7035,4,-156.557,5,5,20,0,-999,-999,0
62.5,30,13,2,-104.294,4,-97.4277,5,5,20,0,-999,-999,0
62.5,30,13,2,-104.294,5,-125.529,2,2,0,1,-999,-999,0
62.5,30,13,2,-104.294,3,-133.288,3,3,20,0,-999,-999,0
62.5,30,13,2,-104.294,7,-135.765,2,2,0,1,-999,-999,0
62.5,30,13,2,-104.294,1,-141.178,0,0,20,0,-999,-999,0
62.5,30,13,2,-104.294,6,-141.292,4,4,10,1,-999,-999,0
62.5,37,24,6,-132.081,4,-94.9605,5,5,20,0,-999,-999,0
62.5,37,24,6,-132.081,5,-123.531,2,2,0,1,-999,-999,0
62.5,37,24,6,-132.081,2,-134.426,3,3,20,0,-999,-999,0
62.5,37,24,6,-132.081,7,-136.26,2,2,0,1,-999,-999,0
62.5,37,24,6,-132.081,3,-148.095,3,3,20,0,-999,-999,0
62.5,37,24,6,-132.081,1,-158.985,0,0,20,0,-999,-999,0
62.5,39,14,2,-119.508,7,-111.227,2,2,0,1,-999,-999,0
62.5,39,14,2,-119.508,3,-128.199,3,3,20,0,-999,-999,0
62.5,39,14,2,-119.508,5,-129.983,2,2,0,1,-999,-999,0
62.5,39,14,2,-119.508,4,-134.5,5,5,20,0,-999,-999,0
62.5,39,14,2,-119.508,1,-142.405,0,0,20,0,-999,-999,0
62.5,39,14,2,-119.508,6,-144.668,4,4,10,1,-999,-999,0
62.5,46,20,4,-144.143,6,-140.017,4,4,10,1,-999,-999,0
62.5,46,20,4,-144.143,7,-140.295,2,2,0,1,-999,-999,0
62.5,46,20,4,-144.143,2,-141.721,3,3,20,0,-999,-999,0
62.5,46,20,4,-144.143,3,-147.38,3,3,20,0,-999,-999,0
62.5,46,20,4,-144.143,5,-153.094,2,2,0,1,-999,-999,0
62.5,46,20,4,-144.143,1,-162.956,0,0,20,0,-999,-999,0
62.5,48,40,6,-130.523,5,-106.833,2,2,0,1,-999,-999,0
62.5,48,40,6,-130.523,3,-133.458,3,3,20,0,-999,-999,0
62.5,48,40,6,-130.523,4,-147.006,5,5,20,0,-999,-999,0
62.5,48,40,6,-130.523,7,-148.342,2,2,0,1,-999,-999,0
62.5,48,40,6,-130.523,2,-150.449,3,3,20,0,-999,-999,0
62.5,48,40,6,-130.523,1,-165.381,0,0,20,0,-999,-999,0
62.5,54,21,4,-128.951,7,-123.825,2,2,0,1,-999,-999,0
62.5,54,21,4,-128.951,6,-135.732,4,4,10,1,-999,-999,0
62.5,54,21,4,-128.951,2,-137.445,3,3,20,0,-999,-999,0
62.5,54,21,4,-128.951,3,-146.714,3,3,20,0,-999,-999,0
62.5,54,21,4,-128.951,5,-149,2,2,0,1,-999,-999,0
62.5,54,21,4,-128.951,1,-152.87,0,0,20,0,-999,-999,0
62.5,55,33,7,-104.593,3,-122.328,3,3,20,0,-999,-999,0
62.5,55,33,7,-104.593,4,-126.033,5,5,20,0,-999,-999,0
62.5,55,33,7,-104.593,6,-134.064,4,4,10,1,-999,-999,0
62.5,55,33,7,-104.593,2,-136.296,3,3,20,0,-999,-999,0
62.5,55,33,7,-104.593,5,-149.272,2,2,0,1,-999,-999,0
62.5,55,33,7,-104.593,1,-150.385,0,0,20,0,-999,-999,0
62.5,70,32,6,-114.872,4,-104.72,5,5,20,0,-999,-999,0
62.5,70,32,6,-114.872,3,-137.874,3,3,20,0,-999,-999,0
62.5,70,32,6,-114.872,7,-139.492,2,2,0,1,-999,-999,0
62.5,70,32,6,-114.872,2,-159.115,3,3,20,0,-999,-999,0
62.5,70,32,6,-114.872,5,-161.372,2,2,0,1,-999,-999,0
62.5,70,32,6,-114.872,1,-166.041,0,0,20,0,-999,-999,0
62.5,78,2,3,-91.2329,5,-87.2699,2,2,0,1,-999,-999,0
62.5,78,2,3,-91.2329,4,-107.893,5,5,20,0,-999,-999,0
62.5,78,2,3,-91.2329,2,-123.648,3,3,20,0,-999,-999,0
62.5,78,2,3,-91.2329,1,-128.838,0,0,20,0,-999,-999,0
62.5,78,2,3,-91.2329,6,-150.009,4,4,10,1,-999,-999,0
62.5,78,2,3,-91.2329,7,-154.753,2,2,0,1,-999,-999,0
62.5,90,22,4,-71.8414,7,-118.152,2,2,0,1,-999,-999,0
62.5,90,22,4,-71.8414,6,-126.917,4,4,10,1,-999,-999,0
62.5,90,22,4,-71.8414,2,-130.543,3,3,20,0,-999,-999,0
62.5,90,22,4,-71.8414,1,-136.766,0,0,20,0,-999,-999,0
62.5,90,22,4,-71.8414,3,-138.484,3,3,20,0,-999,-999,0
62.5,90,22,4,-71.8414,5,-143.384,2,2,0,1,-999,-999,0
62.5,92,9,2,-102.469,3,-100.08,3,3,20,0,-999,-999,0
62.5,92,9,2,-102.469,7,-103.235,2,2,0,1,-999,-999,0
62.5,92,9,2,-102.469,1,-120.951,0,0,20,0,-999,-999,0
62.5,92,9,2,-102.469,6,-123.647,4,4,10,1,-999,-999,0
62.5,92,9,2,-102.469,5,-137.557,2,2,0,1,-999,-999,0
62.5,92,9,2,-102.469,4,-140.577,5,5,20,0,-999,-999,0
62.5,97,23,4,-127.218,2,-85.406,3,3,20,0,-999,-999,0
62.5,97,23,4,-127.218,3,-110.924,3,3,20,0,-999,-999,0
62.5,97,23,4,-127.218,1,-115.108,0,0,20,0,-999,-999,0
62.5,97,23,4,-127.218,6,-138.734,4,4,10,1,-999,-999,0
62.5,97,23,4,-127.218,7,-141.699,2,2,0,1,-999,-999,0
62.5,97,23,4,-127.218,5,-146.565,2,2,0,1,-999,-999,0
62.5,100,16,4,-59.6355,7,-106.521,2,2,0,1,-999,-999,0
62.5,100,16,4,-59.6355,6,-120.452,4,4,10,1,-999,-999,0
62.5,100,16,4,-59.6355,2,-131.737,3,3,20,0,-999,-999,0
62.5,100,16,4,-59.6355,1,-139.678,0,0,20,0,-999,-999,0
62.5,100,16,4,-59.6355,5,-144.382,2,2,0,1,-999,-999,0
62.5,100,16,4,-59.6355,3,-145.164,3,3,20,0,-999,-999,0
64.5,9,32,7,-120.967,6,-102.784,4,4,10,1,-999,-999,0
64.5,9,32,7,-120.967,4,-104.141,5,5,20,0,-999,-999,0
64.5,9,32,7,-120.967,2,-128.681,3,3,20,0,-999,-999,0
64.5,9,32,7,-120.967,3,-138.406,3,3,20,0,-999,-999,0
64.5,9,32,7,-120.967,5,-141.721,3,3,0,1,-999,-999,0
64.5,9,32,7,-120.967,1,-147.789,0,0,20,0,-999,-999,0
64.5,11,48,6,-109.091,4,-133.56,5,5,20,0,-999,-999,0
64.5,11,48,6,-109.091,5,-145.548,3,3,0,1,-999,-999,0
64.5,11,48,6,-109.091,7,-146.932,2,2,0,1,-999,-999,0
64.5,11,48,6,-109.091,2,-147.287,3,3,20,0,-999,-999,0
64.5,11,48,6,-109.091,3,-149.193,3,3,20,0,-999,-999,0
64.5,11,48,6,-109.091,1,-151.227,0,0,20,0,-999,-999,0
64.5,12,40,5,-126.629,2,-106.575,3,3,20,0,-999,-999,0
64.5,12,40,5,-126.629,6,-125.311,4,4,10,1,-999,-999,0
64.5,12,40,5,-126.629,3,-140.842,3,3,20,0,-999,-999,0
64.5,12,40,5,-126.629,7,-148.492,2,2,0,1,-999,-999,0
64.5,12,40,5,-126.629,4,-159.076,5,5,20,0,-999,-999,0
64.5,12,40,5,-126.629,1,-163.985,0,0,20,0,-999,-999,0
64.5,17,4,3,-142.659,7,-102.672,2,2,0,1,-999,-999,0
64.5,17,4,3,-142.659,4,-134.456,5,5,20,0,-999,-999,0
64.5,17,4,3,-142.659,6,-134.708,4,4,10,1,-999,-999,0
64.5,17,4,3,-142.659,2,-140.846,3,3,20,0,-999,-999,0
64.5,17,4,3,-142.659,5,-155.256,3,3,0,1,-999,-999,0
64.5,17,4,3,-142.659,1,-158.134,0,0,20,0,-999,-999,0
64.5,23,1,3,-115.804,7,-98.586,2,2,0,1,-999,-999,0
64.5,23,1,3,-115.804,2,-122.794,3,3,20,0,-999,-999,0
64.5,23,1,3,-115.804,4,-130.553,5,5,20,0,-999,-999,0
64.5,23,1,3,-115.804,1,-132.135,0,0,20,0,-999,-999,0
64.5,23,1,3,-115.804,5,-140.045,3,3,0,1,-999,-999,0
64.5,23,1,3,-115.804,6,-147.989,4,4,10,1,-999,-999,0
64.5,24,32,5,-113.263,3,-137.585,3,3,20,0,-999,-999,0
64.5,24,32,5,-113.263,2,-142.216,3,3,20,0,-999,-999,0
64.5,24,32,5,-113.263,7,-144.615,2,2,0,1,-999,-999,0
64.5,24,32,5,-113.263,1,-148.669,0,0,20,0,-999,-999,0
64.5,24,32,5,-113.263,6,-150.049,4,4,10,1,-999,-999,0
64.5,24,32,5,-113.263,4,-157.812,5,5,20,0,-999,-999,0
64.5,30,13,2,-134.855,5,-121.847,3,3,0,1,-999,-999,0
64.5,30,13,2,-134.855,3,-127.832,3,3,20,0,-999,-999,0
64.5,30,13,2,-134.855,4,-136.458,5,5,20,0,-999,-999,0
64.5,30,13,2,-134.855,1,-139.177,0,0,20,0,-999,-999,0
64.5,30,13,2,-134.855,7,-143.344,2,2,0,1,-999,-999,0
64.5,30,13,2,-134.855,6,-150.452,4,4,10,1,-999,-999,0
64.5,37,24,6,-135.656,7,-116.32,2,2,0,1,-999,-999,0
64.5,37,24,6,-135.656,4,-121.024,5,5,20,0,-999,-999,0
64.5,37,24,6,-135.656,3,-145.647,3,3,20,0,-999,-999,0
64.5,37,24,6,-135.656,2,-148.89,3,3,20,0,-999,-999,0
64.5,37,24,6,-135.656,5,-151.643,3,3,0,1,-999,-999,0
64.5,37,24,6,-135.656,1,-153.989,0,0,20,0,-999,-999,0
64.5,39,14,2,-96.2233,6,-114.472,4,4,10,1,-999,-999,0
64.5,39,14,2,-96.2233,5,-132.254,3,3,0,1,-999,-999,0
64.5,39,14,2,-96.2233,3,-133.518,3,3,20,0,-999,-999,0
64.5,39,14,2,-96.2233,7,-136.643,2,2,0,1,-999,-999,0
64.5,39,14,2,-96.2233,4,-140.115,5,5,20,0,-999,-999,0
64.5,39,14,2,-96.2233,1,-152.763,0,0,20,0,-999,-999,0
64.5,46,20,4,-137.087,3,-112.194,3,3,20,0,-999,-999,0
64.5,46,20,4,-137.087,7,-135.62,2,2,0,1,-999,-999,0
64.5,46,20,4,-137.087,2,-145.993,3,3,20,0,-999,-999,0
64.5,46,20,4,-137.087,5,-148.659,3,3,0,1,-999,-999,0
64.5,46,20,4,-137.087,6,-150.051,4,4,10,1,-999,-999,0
64.5,46,20,4,-137.087,1,-168.542,0,0,20,0,-999,-999,0
64.5,48,40,6,-138.537,4,-144.572,5,5,20,0,-999,-999,0
64.5,48,40,6,-138.537,5,-146.942,3,3,0,1,-999,-999,0
64.5,48,40,6,-138.537,3,-148.367,3,3,20,0,-999,-999,0
64.5,48,40,6,-138.537,2,-153.852,3,3,20,0,-999,-999,0
64.5,48,40,6,-138.537,7,-159.269,2,2,0,1,-999,-999,0
64.5,48,40,6,-138.537,1,-165.322,0,0,20,0,-999,-999,0
64.5,54,21,4,-132.1,7,-132.294,2,2,0,1,-999,-999,0
64.5,54,21,4,-132.1,2,-135.045,3,3,20,0,-999,-999,0
64.5,54,21,4,-132.1,3,-141.279,3,3,20,0,-999,-999,0
64.5,54,21,4,-132.1,5,-143.568,3,3,0,1,-999,-999,0
64.5,54,21,4,-132.1,6,-147.883,4,4,10,1,-999,-999,0
64.5,54,21,4,-132.1,1,-151.841,0,0,20,0,-999,-999,0
64.5,55,33,7,-132.726,6,-98.8833,4,4,10,1,-999,-999,0
64.5,55,33,7,-132.726,4,-131.29,5,5,20,0,-999,-999,0
64.5,55,33,7,-132.726,2,-131.495,3,3,20,0,-999,-999,0
64.5,55,33,7,-132.726,3,-135.412,3,3,20,0,-999,-999,0
64.5,55,33,7,-132.726,1,-153.201,0,0,20,0,-999,-999,0
64.5,55,33,7,-132.726,5,-154.631,3,3,0,1,-999,-999,0
64.5,70,32,6,-142.377,2,-117.476,3,3,20,0,-999,-999,0
64.5,70,32,6,-142.377,3,-124.093,3,3,20,0,-999,-999,0
64.5,70,32,6,-142.377,4,-140.538,5,5,20,0,-999,-999,0
64.5,70,32,6,-142.377,7,-146.867,2,2,0,1,-999,-999,0
64.5,70,32,6,-142.377,5,-151.278,3,3,0,1,-999,-999,0
64.5,70,32,6,-142.377,1,-164.037,0,0,20,0,-999,-999,0
64.5,78,2,3,-122.868,4,-119.797,5,5,20,0,-999,-999,0
64.5,78,2,3,-122.868,2,-124.519,3,3,20,0,-999,-999,0
64.5,78,2,3,-122.868,5,-124.586,3,3,0,1,-999,-999,0
64.5,78,2,3,-122.868,1,-128.127,0,0,20,0,-999,-999,0
64.5,78,2,3,-122.868,7,-136.679,2,2,0,1,-999,-999,0
64.5,78,2,3,-122.868,6,-139.958,4,4,10,1,-999,-999,0
64.5,90,22,4,-111.172,7,-90.6023,2,2,0,1,-999,-999,0
64.5,90,22,4,-111.172,6,-92.7222,4,4,10,1,-999,-999,0
64.5,90,22,4,-111.172,3,-123.91,3,3,20,0,-999,-999,0
64.5,90,22,4,-111.172,2,-124.638,3,3,20,0,-999,-999,0
64.5,90,22,4,-111.172,5,-130.369,3,3,0,1,-999,-999,0
64.5,90,22,4,-111.172,1,-134.16,0,0,20,0,-999,-999,0
64.5,92,9,2,-114.842,3,-115.427,3,3,20,0,-999,-999,0
64.5,92,9,2,-114.842,1,-118.573,0,0,20,0,-999,-999,0
64.5,92,9,2,-114.842,7,-129.291,2,2,0,1,-999,-999,0
64.5,92,9,2,-114.842,6,-136.92,4,4,10,1,-999,-999,0
64.5,92,9,2,-114.842,4,-141.078,5,5,20,0,-999,-999,0
64.5,92,9,2,-114.842,5,-147.52,3,3,0,1,-999,-999,0
64.5,97,23,4,-129.05,3,-92.5464,3,3,20,0,-999,-999,0
64.5,97,23,4,-129.05,2,-105.35,3,3,20,0,-999,-999,0
64.5,97,23,4,-129.05,1,-114.265,0,0,20,0,-999,-999,0
64.5,97,23,4,-129.05,7,-127.85,2,2,0,1,-999,-999,0
64.5,97,23,4,-129.05,6,-137.727,4,4,10,1,-999,-999,0
64.5,97,23,4,-129.05,5,-139.852,3,3,0,1,-999,-999,0
64.5,100,16,4,-76.2941,2,-100.432,3,3,20,0,-999,-999,0
64.5,100,16,4,-76.2941,5,-126.89,3,3,0,1,-999,-999,0
64.5,100,16,4,-76.2941,7,-130.076,2,2,0,1,-999,-999,0
64.5,100,16,4,-76.2941,6,-130.773,4,4,10,1,-999,-999,0
64.5,100,16,4,-76.2941,1,-142.547,0,0,20,0,-999,-999,0
64.5,100,16,4,-76.2941,3,-143.435,3,3,20,0,-999,-999,0
66.5,9,32,7,-124.979,5,-119.379,4,4,0,1,-999,-999,0
66.5,9,32,7,-124.979,3,-125.865,3,3,20,0,-999,-999,0
66.5,9,32,7,-124.979,4,-131.559,5,5,20,0,-999,-999,0
66.5,9,32,7,-124.979,2,-132.718,3,3,20,0,-999,-999,0
66.5,9,32,7,-124.979,6,-136.64,4,4,0,1,-999,-999,0
66.5,9,32,7,-124.979,1,-141.819,0,0,20,0,-999,-999,0
66.5,11,48,6,-108.302,2,-118.266,3,3,20,0,-999,-999,0
66.5,11,48,6,-108.302,4,-130.857,5,5,20,0,-999,-999,0
66.5,11,48,6,-108.302,3,-135.351,3,3,20,0,-999,-999,0
66.5,11,48,6,-108.302,7,-139.677,2,2,0,1,-999,-999,0
66.5,11,48,6,-108.302,1,-146.108,0,0,20,0,-999,-999,0
66.5,11,48,6,-108.302,5,-159.924,4,4,0,1,-999,-999,0
66.5,12,40,5,-146.571,3,-112.877,3,3,20,0,-999,-999,0
66.5,12,40,5,-146.571,2,-117.735,3,3,20,0,-999,-999,0
66.5,12,40,5,-146.571,7,-143.718,2,2,0,1,-999,-999,0
66.5,12,40,5,-146.571,6,-149.722,4,4,0,1,-999,-999,0
66.5,12,40,5,-146.571,4,-156.001,5,5,20,0,-999,-999,0
66.5,12,40,5,-146.571,1,-163.307,0,0,20,0,-999,-999,0
66.5,17,4,3,-142.82,2,-127.72,3,3,20,0,-999,-999,0
66.5,17,4,3,-142.82,4,-131.918,5,5,20,0,-999,-999,0
66.5,17,4,3,-142.82,7,-134.625,2,2,0,1,-999,-999,0
66.5,17,4,3,-142.82,6,-135.612,4,4,0,1,-999,-999,0
66.5,17,4,3,-142.82,5,-149.374,4,4,0,1,-999,-999,0
66.5,17,4,3,-142.82,1,-157.851,0,0,20,0,-999,-999,0
66.5,23,1,3,-115.673,5,-118.57,4,4,0,1,-999,-999,0
66.5,23,1,3,-115.673,2,-124.531,3,3,20,0,-999,-999,0
66.5,23,1,3,-115.673,1,-127.548,0,0,20,0,-999,-999,0
66.5,23,1,3,-115.673,7,-134.035,2,2,0,1,-999,-999,0
66.5,23,1,3,-115.673,4,-136.861,5,5,20,0,-999,-999,0
66.5,23,1,3,-115.673,6,-153.543,4,4,0,1,-999,-999,0
66.5,24,32,5,-99.4329,2,-130.354,3,3,20,0,-999,-999,0
66.5,24,32,5,-99.4329,4,-132.867,5,5,20,0,-999,-999,0
66.5,24,32,5,-99.4329,3,-133.41,3,3,20,0,-999,-999,0
66.5,24,32,5,-99.4329,7,-137.781,2,2,0,1,-999,-999,0
66.5,24,32,5,-99.4329,1,-145.729,0,0,20,0,-999,-999,0
66.5,24,32,5,-99.4329,6,-147.475,4,4,0,1,-999,-999,0
66.5,30,13,2,-128.945,5,-122.583,4,4,0,1,-999,-999,0
66.5,30,13,2,-128.945,3,-129.009,3,3,20,0,-999,-999,0
66.5,30,13,2,-128.945,7,-129.602,2,2,0,1,-999,-999,0
66.5,30,13,2,-128.945,4,-130.64,5,5,20,0,-999,-999,0
66.5,30,13,2,-128.945,1,-140.848,0,0,20,0,-999,-999,0
66.5,30,13,2,-128.945,6,-152.944,4,4,0,1,-999,-999,0
66.5,35,48,5,-124.408,3,-124.804,3,3,20,0,-999,-999,0
66.5,35,48,5,-124.408,2,-133.272,3,3,20,0,-999,-999,0
66.5,35,48,5,-124.408,7,-139.211,2,2,0,1,-999,-999,0
66.5,35,48,5,-124.408,1,-142.293,0,0,20,0,-999,-999,0
66.5,35,48,5,-124.408,4,-142.481,5,5,20,0,-999,-999,0
66.5,35,48,5,-124.408,6,-161.413,4,4,0,1,-999,-999,0
66.5,37,24,6,-132.071,2,-129.365,3,3,20,0,-999,-999,0
66.5,37,24,6,-132.071,4,-130.178,5,5,20,0,-999,-999,0
66.5,37,24,6,-132.071,3,-144.063,3,3,20,0,-999,-999,0
66.5,37,24,6,-132.071,7,-145.655,2,2,0,1,-999,-999,0
66.5,37,24,6,-132.071,5,-154.219,4,4,0,1,-999,-999,0
66.5,37,24,6,-132.071,1,-154.593,0,0,20,0,-999,-999,0
66.5,39,14,2,-132.313,5,-110.934,4,4,0,1,-999,-999,0
66.5,39,14,2,-132.313,7,-117.272,2,2,0,1,-999,-999,0
66.5,39,14,2,-132.313,3,-121.634,3,3,20,0,-999,-999,0
66.5,39,14,2,-132.313,4,-135.862,5,5,20,0,-999,-999,0
66.5,39,14,2,-132.313,1,-147.173,0,0,20,0,-999,-999,0
66.5,39,14,2,-132.313,6,-151.766,4,4,0,1,-999,-999,0
66.5,46,20,4,-134.083,6,-105.254,4,4,0,1,-999,-999,0
66.5,46,20,4,-134.083,7,-125.385,2,2,0,1,-999,-999,0
66.5,46,20,4,-134.083,5,-125.966,4,4,0,1,-999,-999,0
66.5,46,20,4,-134.083,2,-130.873,3,3,20,0,-999,-999,0
66.5,46,20,4,-134.083,3,-145.814,3,3,20,0,-999,-999,0
66.5,46,20,4,-134.083,1,-169.64,0,0,20,0,-999,-999,0
66.5,48,40,6,-134.332,7,-128.715,2,2,0,1,-999,-999,0
66.5,48,40,6,-134.332,5,-147.723,4,4,0,1,-999,-999,0
66.5,48,40,6,-134.332,2,-150.439,3,3,20,0,-999,-999,0
66.5,48,40,6,-134.332,4,-152.985,5,5,20,0,-999,-999,0
66.5,48,40,6,-134.332,3,-160.915,3,3,20,0,-999,-999,0
66.5,48,40,6,-134.332,1,-164.02,0,0,20,0,-999,-999,0
66.5,54,21,4,-128.357,2,-108.842,3,3,20,0,-999,-999,0
66.5,54,21,4,-128.357,5,-129.323,4,4,0,1,-999,-999,0
66.5,54,21,4,-128.357,7,-136.377,2,2,0,1,-999,-999,0
66.5,54,21,4,-128.357,3,-140.318,3,3,20,0,-999,-999,0
66.5,54,21,4,-128.357,6,-141.806,4,4,0,1,-999,-999,0
66.5,54,21,4,-128.357,1,-147.877,0,0,20,0,-999,-999,0
66.5,55,33,7,-132.148,6,-102.961,4,4,0,1,-999,-999,0
66.5,55,33,7,-132.148,3,-107.989,3,3,20,0,-999,-999,0
66.5,55,33,7,-132.148,2,-120.692,3,3,20,0,-999,-999,0
66.5,55,33,7,-132.148,4,-129.767,5,5,20,0,-999,-999,0
66.5,55,33,7,-132.148,5,-129.874,4,4,0,1,-999,-999,0
66.5,55,33,7,-132.148,1,-155.418,0,0,20,0,-999,-999,0
66.5,70,32,6,-142.789,7,-129.972,2,2,0,1,-999,-999,0
66.5,70,32,6,-142.789,4,-139.145,5,5,20,0,-999,-999,0
66.5,70,32,6,-142.789,5,-151.317,4,4,0,1,-999,-999,0
66.5,70,32,6,-142.789,3,-151.688,3,3,20,0,-999,-999,0
66.5,70,32,6,-142.789,2,-155.181,3,3,20,0,-999,-999,0
66.5,70,32,6,-142.789,1,-164.729,0,0,20,0,-999,-999,0
66.5,78,2,3,-116.812,2,-105.893,3,3,20,0,-999,-999,0
66.5,78,2,3,-116.812,5,-125.101,4,4,0,1,-999,-999,0
66.5,78,2,3,-116.812,1,-128.56,0,0,20,0,-999,-999,0
66.5,78,2,3,-116.812,4,-135.939,5,5,20,0,-999,-999,0
66.5,78,2,3,-116.812,6,-142.34,4,4,0,1,-999,-999,0
66.5,78,2,3,-116.812,7,-159.647,2,2,0,1,-999,-999,0
66.5,84,56,5,-116.196,4,-109.948,5,5,20,0,-999,-999,0
66.5,84,56,5,-116.196,6,-127.814,4,4,0,1,-999,-999,0
66.5,84,56,5,-116.196,3,-131.96,3,3,20,0,-999,-999,0
66.5,84,56,5,-116.196,2,-136.312,3,3,20,0,-999,-999,0
66.5,84,56,5,-116.196,1,-140.571,0,0,20,0,-999,-999,0
66.5,84,56,5,-116.196,7,-151.708,2,2,0,1,-999,-999,0
66.5,90,22,4,-110.054,2,-96.5901,3,3,20,0,-999,-999,0
66.5,90,22,4,-110.054,7,-108.826,2,2,0,1,-999,-999,0
66.5,90,22,4,-110.054,3,-123.207,3,3,20,0,-999,-999,0
66.5,90,22,4,-110.054,6,-127.572,4,4,0,1,-999,-999,0
66.5,90,22,4,-110.054,5,-136.469,4,4,0,1,-999,-999,0
66.5,90,22,4,-110.054,1,-136.882,0,0,20,0,-999,-999,0
66.5,92,9,2,-77.1418,1,-115.888,0,0,20,0,-999,-999,0
66.5,92,9,2,-77.1418,5,-118.529,4,4,0,1,-999,-999,0
66.5,92,9,2,-77.1418,3,-118.748,3,3,20,0,-999,-999,0
66.5,92,9,2,-77.1418,6,-135.86,4,4,0,1,-999,-999,0
66.5,92,9,2,-77.1418,7,-137.4,2,2,0,1,-999,-999,0
66.5,92,9,2,-77.1418,4,-149.434,5,5,20,0,-999,-999,0
66.5,97,23,4,-132.127,3,-100.378,3,3,20,0,-999,-999,3
66.5,97,23,4,-132.127,1,-101.478,0,0,20,0,-999,-999,3
66.5,97,23,4,-132.127,7,-103.547,2,2,0,1,-999,-999,3
66.5,97,23,4,-132.127,2,-104.952,3,3,20,0,-999,-999,3
66.5,97,23,4,-132.127,5,-108.661,4,4,0,1,-999,-999,3
66.5,97,23,4,-132.127,6,-110.83,4,4,0,1,-999,-999,3
66.5,100,16,4,-96.3486,6,-90.8458,4,4,0,1,-999,-999,0
66.5,100,16,4,-96.3486,7,-113.444,2,2,0,1,-999,-999,0
66.5,100,16,4,-96.3486,2,-125.105,3,3,20,0,-999,-999,0
66.5,100,16,4,-96.3486,1,-138.298,0,0,20,0,-999,-999,0
66.5,100,16,4,-96.3486,3,-144.109,3,4,20,0,-999,-999,0
66.5,100,16,4,-96.3486,5,-145,4,4,0,1,-999,-999,0
68.5,9,32,7,-120.784,3,-113.298,4,4,20,0,-999,-999,0
68.5,9,32,7,-120.784,2,-115.917,3,3,20,0,-999,-999,0
68.5,9,32,7,-120.784,6,-122.932,4,4,0,1,-999,-999,0
68.5,9,32,7,-120.784,4,-131.279,4,4,20,0,-999,-999,0
68.5,9,32,7,-120.784,5,-140.201,6,6,0,1,-999,-999,0
68.5,9,32,7,-120.784,1,-144.023,0,0,20,0,-999,-999,0
68.5,11,48,6,-90.9275,7,-102.715,2,2,0,1,-999,-999,0
68.5,11,48,6,-90.9275,4,-127.878,4,4,20,0,-999,-999,0
68.5,11,48,6,-90.9275,1,-147.413,0,0,20,0,-999,-999,0
68.5,11,48,6,-90.9275,2,-150.101,3,3,20,0,-999,-999,0
68.5,11,48,6,-90.9275,3,-151.124,4,4,20,0,-999,-999,0
68.5,11,48,6,-90.9275,5,-158.967,6,6,0,1,-999,-999,0
68.5,12,40,5,-140.679,2,-106.455,3,3,20,0,-999,-999,0
68.5,12,40,5,-140.679,3,-115.142,4,4,20,0,-999,-999,0
68.5,12,40,5,-140.679,7,-153.199,2,2,0,1,-999,-999,0
68.5,12,40,5,-140.679,6,-156.627,4,4,0,1,-999,-999,0
68.5,12,40,5,-140.679,4,-157.705,4,4,20,0,-999,-999,0
68.5,12,40,5,-140.679,1,-164.225,0,0,20,0,-999,-999,0
68.5,17,4,3,-127.73,6,-109.066,4,4,0,1,-999,-999,0
68.5,17,4,3,-127.73,2,-115.384,3,3,20,0,-999,-999,0
68.5,17,4,3,-127.73,4,-130.902,4,4,20,0,-999,-999,0
68.5,17,4,3,-127.73,7,-137.594,2,2,0,1,-999,-999,0
68.5,17,4,3,-127.73,1,-159.262,0,0,20,0,-999,-999,0
68.5,17,4,3,-127.73,5,-168.348,6,6,0,1,-999,-999,0
68.5,23,1,3,-114.625,2,-102.229,3,3,20,0,-999,-999,0
68.5,23,1,3,-114.625,7,-106.249,2,2,0,1,-999,-999,0
68.5,23,1,3,-114.625,1,-128.369,0,0,20,0,-999,-999,0
68.5,23,1,3,-114.625,4,-137.61,4,4,20,0,-999,-999,0
68.5,23,1,3,-114.625,5,-140.484,6,6,0,1,-999,-999,0
68.5,23,1,3,-114.625,6,-148.831,4,4,0,1,-999,-999,0
68.5,24,32,5,-120.528,3,-116.675,4,4,20,0,-999,-999,0
68.5,24,32,5,-120.528,4,-129.464,4,4,20,0,-999,-999,0
68.5,24,32,5,-120.528,2,-140.583,3,3,20,0,-999,-999,0
68.5,24,32,5,-120.528,1,-142.703,0,0,20,0,-999,-999,0
68.5,24,32,5,-120.528,7,-149.603,2,2,0,1,-999,-999,0
68.5,24,32,5,-120.528,6,-153.978,4,4,0,1,-999,-999,0
68.5,30,13,2,-104.015,5,-86.7811,6,6,0,1,-999,-999,0
68.5,30,13,2,-104.015,4,-96.6286,4,4,20,0,-999,-999,0
68.5,30,13,2,-104.015,3,-116.729,4,4,20,0,-999,-999,0
68.5,30,13,2,-104.015,7,-137.129,2,2,0,1,-999,-999,0
68.5,30,13,2,-104.015,1,-141.652,0,0,20,0,-999,-999,0
68.5,30,13,2,-104.015,6,-159.326,4,4,0,1,-999,-999,0
68.5,35,48,5,-129.047,3,-105.688,4,4,20,0,-999,-999,0
68.5,35,48,5,-129.047,4,-122.396,4,4,20,0,-999,-999,0
68.5,35,48,5,-129.047,2,-130.831,3,3,20,0,-999,-999,0
68.5,35,48,5,-129.047,6,-139.835,4,4,0,1,-999,-999,0
68.5,35,48,5,-129.047,1,-143.019,0,0,20,0,-999,-999,0
68.5,35,48,5,-129.047,7,-144.804,2,2,0,1,-999,-999,0
68.5,37,24,6,-133.23,3,-122.568,4,4,20,0,-999,-999,0
68.5,37,24,6,-133.23,4,-125.58,4,4,20,0,-999,-999,0
68.5,37,24,6,-133.23,2,-134.47,3,3,20,0,-999,-999,0
68.5,37,24,6,-133.23,7,-135.941,2,2,0,1,-999,-999,0
68.5,37,24,6,-133.23,5,-151.942,6,6,0,1,-999,-999,0
68.5,37,24,6,-133.23,1,-157.789,0,0,20,0,-999,-999,0
68.5,39,14,2,-141.958,4,-105.94,4,4,20,0,-999,-999,0
68.5,39,14,2,-141.958,3,-117.364,4,4,20,0,-999,-999,0
68.5,39,14,2,-141.958,6,-128.726,4,4,0,1,-999,-999,0
68.5,39,14,2,-141.958,5,-138.732,6,6,0,1,-999,-999,0
68.5,39,14,2,-141.958,7,-139.704,2,2,0,1,-999,-999,0
68.5,39,14,2,-141.958,1,-144.873,0,0,20,0,-999,-999,0
68.5,46,20,4,-135.078,7,-113.251,2,2,0,1,-999,-999,0
68.5,46,20,4,-135.078,3,-121.683,4,4,20,0,-999,-999,0
68.5,46,20,4,-135.078,6,-136.184,4,4,0,1,-999,-999,0
68.5,46,20,4,-135.078,2,-150.486,3,3,20,0,-999,-999,0
68.5,46,20,4,-135.078,5,-154.798,6,6,0,1,-999,-999,0
68.5,46,20,4,-135.078,1,-163.893,0,0,20,0,-999,-999,0
68.5,48,40,6,-110.987,3,-130.714,4,4,20,0,-999,-999,0
68.5,48,40,6,-110.987,2,-139.491,3,3,20,0,-999,-999,0
68.5,48,40,6,-110.987,7,-143.89,2,2,0,1,-999,-999,0
68.5,48,40,6,-110.987,5,-147.178,6,6,0,1,-999,-999,0
68.5,48,40,6,-110.987,4,-148.809,4,4,20,0,-999,-999,0
68.5,48,40,6,-110.987,1,-164.557,0,0,20,0,-999,-999,0
68.5,54,21,4,-124.151,2,-95.3148,3,3,20,0,-999,-999,2
68.5,54,21,4,-124.151,3,-113.135,4,4,20,0,-999,-999,2
68.5,54,21,4,-124.151,7,-129.779,2,2,0,1,-999,-999,2
68.5,54,21,4,-124.151,5,-142.39,6,6,0,1,-999,-999,2
68.5,54,21,4,-124.151,6,-149.174,4,4,0,1,-999,-999,2
68.5,54,21,4,-124.151,1,-155.265,0,0,20,0,-999,-999,2
68.5,55,33,7,-133.3,6,-120.783,4,4,0,1,-999,-999,0
68.5,55,33,7,-133.3,2,-128.905,3,4,20,0,-999,-999,0
68.5,55,33,7,-133.3,4,-133.464,4,4,20,0,-999,-999,0
68.5,55,33,7,-133.3,3,-137.704,4,4,20,0,-999,-999,0
68.5,55,33,7,-133.3,5,-148.738,6,6,0,1,-999,-999,0
68.5,55,33,7,-133.3,1,-157.343,0,0,20,0,-999,-999,0
68.5,59,64,5,-141.417,7,-113.77,2,2,0,1,-999,-999,0
68.5,59,64,5,-141.417,2,-119.901,3,4,20,0,-999,-999,0
68.5,59,64,5,-141.417,6,-140.804,4,4,0,1,-999,-999,0
68.5,59,64,5,-141.417,4,-141.416,4,4,20,0,-999,-999,0
68.5,59,64,5,-141.417,3,-142.374,4,4,20,0,-999,-999,0
68.5,59,64,5,-141.417,1,-157.098,0,0,20,0,-999,-999,0
68.5,70,32,6,-118.476,5,-115.863,6,6,0,1,-999,-999,0
68.5,70,32,6,-118.476,3,-135.078,4,4,20,0,-999,-999,0
68.5,70,32,6,-118.476,4,-141.421,4,4,20,0,-999,-999,0
68.5,70,32,6,-118.476,7,-142.575,2,2,0,1,-999,-999,0
68.5,70,32,6,-118.476,2,-151.353,3,4,20,0,-999,-999,0
68.5,70,32,6,-118.476,1,-162.873,0,0,20,0,-999,-999,0
68.5,78,2,3,-106.68,6,-112.593,4,4,0,1,-999,-999,0
68.5,78,2,3,-106.68,2,-124.165,3,4,20,0,-999,-999,0
68.5,78,2,3,-106.68,5,-127.663,6,6,0,1,-999,-999,0
68.5,78,2,3,-106.68,1,-132.211,0,0,20,0,-999,-999,0
68.5,78,2,3,-106.68,4,-139.909,4,4,20,0,-999,-999,0
68.5,78,2,3,-106.68,7,-147.206,2,2,0,1,-999,-999,0
68.5,84,56,5,-121.993,3,-108.861,4,4,20,0,-999,-999,0
68.5,84,56,5,-121.993,7,-127.983,2,2,0,1,-999,-999,0
68.5,84,56,5,-121.993,6,-135.573,4,4,0,1,-999,-999,0
68.5,84,56,5,-121.993,2,-139.894,3,4,20,0,-999,-999,0
68.5,84,56,5,-121.993,1,-140.391,0,0,20,0,-999,-999,0
68.5,84,56,5,-121.993,4,-146.244,4,4,20,0,-999,-999,0
68.5,90,22,4,-72.4255,2,-121.325,3,4,20,0,-999,-999,0
68.5,90,22,4,-72.4255,7,-124.346,2,2,0,1,-999,-999,0
68.5,90,22,4,-72.4255,6,-124.692,4,4,0,1,-999,-999,0
68.5,90,22,4,-72.4255,3,-133.62,4,4,20,0,-999,-999,0
68.5,90,22,4,-72.4255,1,-135.299,0,0,20,0,-999,-999,0
68.5,90,22,4,-72.4255,5,-144.641,6,6,0,1,-999,-999,0
68.5,92,9,2,-88.9593,1,-115.852,0,0,20,0,-999,-999,0
68.5,92,9,2,-88.9593,3,-122.179,4,4,20,0,-999,-999,0
68.5,92,9,2,-88.9593,7,-132.918,2,2,0,1,-999,-999,0
68.5,92,9,2,-88.9593,4,-143.029,4,4,20,0,-999,-999,0
68.5,92,9,2,-88.9593,6,-143.685,4,4,0,1,-999,-999,0
68.5,92,9,2,-88.9593,5,-149.211,6,6,0,1,-999,-999,0
68.5,97,5,3,-91.8623,2,-85.288,3,4,20,0,-999,-999,0
68.5,97,5,3,-91.8623,7,-100.132,2,2,0,1,-999,-999,0
68.5,97,5,3,-91.8623,5,-108.427,6,6,0,1,-999,-999,0
68.5,97,5,3,-91.8623,1,-113.41,0,0,20,0,-999,-999,0
68.5,97,5,3,-91.8623,4,-128.138,4,4,20,0,-999,-999,0
68.5,97,5,3,-91.8623,6,-146.991,4,4,0,1,-999,-999,0
68.5,100,16,4,-89.0668,7,-101.411,2,2,0,1,-999,-999,0
68.5,100,16,4,-89.0668,6,-105.706,4,4,0,1,-999,-999,0
68.5,100,16,4,-89.0668,2,-138.821,3,4,20,0,-999,-999,0
68.5,100,16,4,-89.0668,1,-140.544,0,0,20,0,-999,-999,0
68.5,100,16,4,-89.0668,3,-142.909,4,4,20,0,-999,-999,0
68.5,100,16,4,-89.0668,5,-149.27,6,6,0,1,-999,-999,0
70.5,9,32,7,-122.86,2,-92.5133,4,4,20,0,-999,-999,0
70.5,9,32,7,-122.86,4,-127.029,3,3,20,0,-999,-999,0
70.5,9,32,7,-122.86,6,-133.522,4,4,0,1,-999,-999,0
70.5,9,32,7,-122.86,5,-142.583,6,6,0,1,-999,-999,0
70.5,9,32,7,-122.86,3,-145.029,4,4,20,0,-999,-999,0
70.5,9,32,7,-122.86,1,-148.735,0,0,20,0,-999,-999,0
70.5,11,48,6,-107.233,4,-125.226,3,3,20,0,-999,-999,0
70.5,11,48,6,-107.233,7,-136.31,2,2,0,1,-999,-999,0
70.5,11,48,6,-107.233,2,-144.17,4,4,20,0,-999,-999,0
70.5,11,48,6,-107.233,1,-148.871,0,0,20,0,-999,-999,0
70.5,11,48,6,-107.233,3,-149.114,4,4,20,0,-999,-999,0
70.5,11,48,6,-107.233,5,-152.309,6,6,0,1,-999,-999,0
70.5,12,40,5,-114.583,3,-143.09,4,4,20,0,-999,-999,0
70.5,12,40,5,-114.583,7,-145.51,2,2,0,1,-999,-999,0
70.5,12,40,5,-114.583,2,-147.044,4,4,20,0,-999,-999,0
70.5,12,40,5,-114.583,4,-155.114,3,3,20,0,-999,-999,0
70.5,12,40,5,-114.583,6,-158.51,4,4,0,1,-999,-999,0
70.5,12,40,5,-114.583,1,-169.373,0,0,20,0,-999,-999,0
70.5,17,4,3,-103.696,7,-102.866,2,2,0,1,-999,-999,0
70.5,17,4,3,-103.696,6,-127.37,4,4,0,1,-999,-999,0
70.5,17,4,3,-103.696,4,-131.624,3,3,20,0,-999,-999,0
70.5,17,4,3,-103.696,2,-136.999,4,4,20,0,-999,-999,0
70.5,17,4,3,-103.696,1,-159.426,0,0,20,0,-999,-999,0
70.5,17,4,3,-103.696,5,-169.487,6,6,0,1,-999,-999,0
70.5,20,72,5,-100.899,4,-126.127,3,3,20,0,-999,-999,0
70.5,20,72,5,-100.899,2,-144.032,4,4,20,0,-999,-999,0
70.5,20,72,5,-100.899,3,-144.425,4,4,20,0,-999,-999,0
70.5,20,72,5,-100.899,6,-146.784,4,4,0,1,-999,-999,0
70.5,20,72,5,-100.899,7,-152.79,2,2,0,1,-999,-999,0
70.5,20,72,5,-100.899,1,-157.46,0,0,20,0,-999,-999,0
70.5,23,1,3,-119.872,5,-105.115,6,6,0,1,-999,-999,0
70.5,23,1,3,-119.872,2,-124.57,4,4,20,0,-999,-999,0
70.5,23,1,3,-119.872,1,-127.615,0,0,20,0,-999,-999,0
70.5,23,1,3,-119.872,4,-138.457,3,3,20,0,-999,-999,0
70.5,23,1,3,-119.872,6,-143.345,4,4,0,1,-999,-999,0
70.5,23,1,3,-119.872,7,-143.848,2,2,0,1,-999,-999,0
70.5,24,32,5,-96.013,3,-101.216,4,4,20,0,-999,-999,0
70.5,24,32,5,-96.013,6,-103.487,4,4,0,1,-999,-999,0
70.5,24,32,5,-96.013,2,-133.412,4,4,20,0,-999,-999,0
70.5,24,32,5,-96.013,7,-140.312,2,2,0,1,-999,-999,0
70.5,24,32,5,-96.013,1,-144.841,0,0,20,0,-999,-999,0
70.5,24,32,5,-96.013,4,-156.906,3,3,20,0,-999,-999,0
70.5,30,13,2,-132.6,5,-87.3667,6,6,0,1,-999,-999,0
70.5,30,13,2,-132.6,3,-132.412,4,4,20,0,-999,-999,0
70.5,30,13,2,-132.6,7,-135.987,2,2,0,1,-999,-999,0
70.5,30,13,2,-132.6,4,-137.602,3,3,20,0,-999,-999,0
70.5,30,13,2,-132.6,1,-140.969,0,0,20,0,-999,-999,0
70.5,30,13,2,-132.6,6,-154.58,4,4,0,1,-999,-999,0
70.5,35,48,5,-109.836,3,-122.902,4,4,20,0,-999,-999,0
70.5,35,48,5,-109.836,2,-130.696,4,4,20,0,-999,-999,0
70.5,35,48,5,-109.836,7,-137.091,2,2,0,1,-999,-999,0
70.5,35,48,5,-109.836,4,-140.113,3,3,20,0,-999,-999,0
70.5,35,48,5,-109.836,1,-144.767,0,0,20,0,-999,-999,0
70.5,35,48,5,-109.836,6,-151.672,4,4,0,1,-999,-999,0
70.5,37,24,6,-95.6586,7,-114.112,2,2,0,1,-999,-999,0
70.5,37,24,6,-95.6586,2,-132.919,4,4,20,0,-999,-999,0
70.5,37,24,6,-95.6586,4,-136.356,3,3,20,0,-999,-999,0
70.5,37,24,6,-95.6586,5,-137.566,6,6,0,1,-999,-999,0
70.5,37,24,6,-95.6586,3,-148.14,4,4,20,0,-999,-999,0
70.5,37,24,6,-95.6586,1,-154.523,0,0,20,0,-999,-999,0
70.5,39,14,2,-97.6477,7,-103.274,2,2,0,1,-999,-999,0
70.5,39,14,2,-97.6477,5,-127.209,6,6,0,1,-999,-999,0
70.5,39,14,2,-97.6477,3,-133.938,4,4,20,0,-999,-999,0
70.5,39,14,2,-97.6477,4,-134.211,3,3,20,0,-999,-999,0
70.5,39,14,2,-97.6477,6,-143.113,4,4,0,1,-999,-999,0
70.5,39,14,2,-97.6477,1,-151.265,0,0,20,0,-999,-999,0
70.5,46,20,4,-135.581,5,-125.64,6,6,0,1,-999,-999,0
70.5,46,20,4,-135.581,6,-137.464,4,4,0,1,-999,-999,0
70.5,46,20,4,-135.581,7,-141.864,2,2,0,1,-999,-999,0
70.5,46,20,4,-135.581,2,-145.769,4,4,20,0,-999,-999,0
70.5,46,20,4,-135.581,3,-149.562,4,4,20,0,-999,-999,0
70.5,46,20,4,-135.581,1,-162.967,0,0,20,0,-999,-999,0
70.5,48,40,6,-132.325,4,-111.689,3,3,20,0,-999,-999,0
70.5,48,40,6,-132.325,5,-121.282,6,6,0,1,-999,-999,0
70.5,48,40,6,-132.325,7,-149.876,2,2,0,1,-999,-999,0
70.5,48,40,6,-132.325,3,-155.426,4,4,20,0,-999,-999,0
70.5,48,40,6,-132.325,2,-158.619,4,4,20,0,-999,-999,0
70.5,48,40,6,-132.325,1,-165.009,0,0,20,0,-999,-999,0
70.5,54,15,2,-132.555,7,-89.71,2,2,0,1,-999,-999,0
70.5,54,15,2,-132.555,4,-94.8819,3,3,20,0,-999,-999,0
70.5,54,15,2,-132.555,5,-140.554,6,6,0,1,-999,-999,0
70.5,54,15,2,-132.555,3,-142.584,4,4,20,0,-999,-999,0
70.5,54,15,2,-132.555,1,-146.749,0,0,20,0,-999,-999,0
70.5,54,15,2,-132.555,6,-154.059,4,4,0,1,-999,-999,0
70.5,55,33,7,-131.088,6,-99.2112,4,4,0,1,-999,-999,0
70.5,55,33,7,-131.088,5,-116.583,6,6,0,1,-999,-999,0
70.5,55,33,7,-131.088,4,-129.118,3,3,20,0,-999,-999,0
70.5,55,33,7,-131.088,2,-135.974,4,4,20,0,-999,-999,0
70.5,55,33,7,-131.088,3,-143.793,4,4,20,0,-999,-999,0
70.5,55,33,7,-131.088,1,-156.819,0,0,20,0,-999,-999,0
70.5,59,64,5,-114.624,4,-145.293,3,3,20,0,-999,-999,0
70.5,59,64,5,-114.624,7,-147.3,2,2,0,1,-999,-999,0
70.5,59,64,5,-114.624,2,-149.465,4,4,20,0,-999,-999,0
70.5,59,64,5,-114.624,3,-151.207,4,4,20,0,-999,-999,0
70.5,59,64,5,-114.624,1,-158.132,0,0,20,0,-999,-999,0
70.5,59,64,5,-114.624,6,-158.62,4,4,0,1,-999,-999,0
70.5,70,32,6,-132.727,5,-138.717,6,6,0,1,-999,-999,0
70.5,70,32,6,-132.727,4,-143.14,3,3,20,0,-999,-999,0
70.5,70,32,6,-132.727,7,-146.2,2,2,0,1,-999,-999,0
70.5,70,32,6,-132.727,3,-157.635,4,4,20,0,-999,-999,0
70.5,70,32,6,-132.727,2,-160.297,4,4,20,0,-999,-999,0
70.5,70,32,6,-132.727,1,-163.362,0,0,20,0,-999,-999,0
70.5,78,2,3,-121.06,2,-94.2538,4,4,20,0,-999,-999,0
70.5,78,2,3,-121.06,4,-107.649,3,3,20,0,-999,-999,0
70.5,78,2,3,-121.06,5,-123.043,6,6,0,1,-999,-999,0
70.5,78,2,3,-121.06,1,-128.692,0,0,20,0,-999,-999,0
70.5,78,2,3,-121.06,6,-145.716,4,4,0,1,-999,-999,0
70.5,78,2,3,-121.06,7,-156.308,2,2,0,1,-999,-999,0
70.5,84,56,5,-122.265,3,-128.625,4,4,20,0,-999,-999,0
70.5,84,56,5,-122.265,6,-136.963,4,4,0,1,-999,-999,0
70.5,84,56,5,-122.265,1,-140.638,0,0,20,0,-999,-999,0
70.5,84,56,5,-122.265,2,-144.194,4,4,20,0,-999,-999,0
70.5,84,56,5,-122.265,4,-146.43,3,3,20,0,-999,-999,0
70.5,84,56,5,-122.265,7,-155.139,2,2,0,1,-999,-999,0
70.5,90,22,4,-110.789,2,-100.177,4,4,20,0,-999,-999,0
70.5,90,22,4,-110.789,5,-110.523,6,6,0,1,-999,-999,0
70.5,90,22,4,-110.789,6,-123.546,4,4,0,1,-999,-999,0
70.5,90,22,4,-110.789,7,-134.067,2,2,0,1,-999,-999,0
70.5,90,22,4,-110.789,3,-135.437,4,4,20,0,-999,-999,0
70.5,90,22,4,-110.789,1,-139.758,0,0,20,0,-999,-999,0
70.5,92,9,2,-76.8627,7,-97.5503,2,2,0,1,-999,-999,0
70.5,92,9,2,-76.8627,6,-107.915,4,4,0,1,-999,-999,0
70.5,92,9,2,-76.8627,1,-118.699,0,0,20,0,-999,-999,0
70.5,92,9,2,-76.8627,3,-124.108,4,4,20,0,-999,-999,0
70.5,92,9,2,-76.8627,4,-124.657,3,3,20,0,-999,-999,0
70.5,92,9,2,-76.8627,5,-142.907,6,6,0,1,-999,-999,0
70.5,97,5,3,-124.967,7,-94.0198,2,2,0,1,-999,-999,0
70.5,97,5,3,-124.967,2,-110.986,4,4,20,0,-999,-999,0
70.5,97,5,3,-124.967,1,-112.544,0,0,20,0,-999,-999,0
70.5,97,5,3,-124.967,4,-136.345,3,3,20,0,-999,-999,0
70.5,97,5,3,-124.967,5,-140.253,6,6,0,1,-999,-999,0
70.5,97,5,3,-124.967,6,-142.276,4,4,0,1,-999,-999,0
70.5,100,16,4,-85.3675,6,-122.568,4,4,0,1,-999,-999,0
70.5,100,16,4,-85.3675,7,-128.642,2,2,0,1,-999,-999,0
70.5,100,16,4,-85.3675,2,-131.964,4,4,20,0,-999,-999,0
70.5,100,16,4,-85.3675,1,-135.034,0,0,20,0,-999,-999,0
70.5,100,16,4,-85.3675,5,-140.194,6,6,0,1,-999,-999,0
70.5,100,16,4,-85.3675,3,-140.343,4,4,20,0,-999,-999,0
72.5,9,32,7,-103.114,4,-114.961,3,3,20,0,-999,-999,0
72.5,9,32,7,-103.114,3,-114.991,4,4,20,0,-999,-999,0
72.5,9,32,7,-103.114,2,-120.955,4,4,20,0,-999,-999,0
72.5,9,32,7,-103.114,5,-130.505,6,6,0,1,-999,-999,0
72.5,9,32,7,-103.114,6,-131.164,4,4,0,1,-999,-999,0
72.5,9,32,7,-103.114,1,-146.357,0,0,20,0,-999,-999,0
72.5,11,48,6,-111.777,4,-114.67,3,3,20,0,-999,-999,0
72.5,11,48,6,-111.777,7,-119.767,2,2,0,1,-999,-999,0
72.5,11,48,6,-111.777,3,-130.176,4,4,20,0,-999,-999,0
72.5,11,48,6,-111.777,1,-145.229,0,0,20,0,-999,-999,0
72.5,11,48,6,-111.777,5,-147.989,6,6,0,1,-999,-999,0
72.5,11,48,6,-111.777,2,-150.189,4,4,20,0,-999,-999,0
72.5,12,40,5,-124.908,6,-130.596,4,4,0,1,-999,-999,0
72.5,12,40,5,-124.908,2,-144.109,4,4,20,0,-999,-999,0
72.5,12,40,5,-124.908,3,-147.045,4,4,20,0,-999,-999,0
72.5,12,40,5,-124.908,7,-147.388,2,2,0,1,-999,-999,0
72.5,12,40,5,-124.908,4,-160.697,3,3,20,0,-999,-999,0
72.5,12,40,5,-124.908,1,-161.852,0,0,20,0,-999,-999,0
72.5,17,4,3,-130.072,6,-119.123,4,4,0,1,-999,-999,0
72.5,17,4,3,-130.072,2,-124.441,4,4,20,0,-999,-999,0
72.5,17,4,3,-130.072,7,-127.959,2,2,0,1,-999,-999,0
72.5,17,4,3,-130.072,4,-136.523,3,3,20,0,-999,-999,0
72.5,17,4,3,-130.072,1,-159.579,0,0,20,0,-999,-999,0
72.5,17,4,3,-130.072,5,-175.537,6,6,0,1,-999,-999,0
72.5,20,72,5,-64.3723,3,-127.11,4,4,20,0,-999,-999,0
72.5,20,72,5,-64.3723,6,-128.585,4,4,0,1,-999,-999,0
72.5,20,72,5,-64.3723,2,-133.226,4,4,20,0,-999,-999,0
72.5,20,72,5,-64.3723,4,-148.085,3,3,20,0,-999,-999,0
72.5,20,72,5,-64.3723,1,-148.236,0,0,20,0,-999,-999,0
72.5,20,72,5,-64.3723,7,-154.291,2,2,0,1,-999,-999,0
72.5,23,1,3,-121.079,2,-107.594,4,4,20,0,-999,-999,0
72.5,23,1,3,-121.079,1,-132.072,0,0,20,0,-999,-999,0
72.5,23,1,3,-121.079,4,-133.759,3,3,20,0,-999,-999,0
72.5,23,1,3,-121.079,7,-136.425,2,2,0,1,-999,-999,0
72.5,23,1,3,-121.079,5,-139.522,6,6,0,1,-999,-999,0
72.5,23,1,3,-121.079,6,-144.356,4,4,0,1,-999,-999,0
72.5,24,32,5,-123.702,2,-132.449,4,4,20,0,-999,-999,0
72.5,24,32,5,-123.702,7,-134.84,2,2,0,1,-999,-999,0
72.5,24,32,5,-123.702,3,-137.358,4,4,20,0,-999,-999,0
72.5,24,32,5,-123.702,1,-140.009,0,0,20,0,-999,-999,0
72.5,24,32,5,-123.702,6,-140.184,4,4,0,1,-999,-999,0
72.5,24,32,5,-123.702,4,-140.897,3,3,20,0,-999,-999,0
72.5,30,13,2,-117.311,5,-101.757,6,6,0,1,-999,-999,0
72.5,30,13,2,-117.311,3,-131.165,4,4,20,0,-999,-999,0
72.5,30,13,2,-117.311,4,-133.567,3,3,20,0,-999,-999,0
72.5,30,13,2,-117.311,7,-139.723,2,2,0,1,-999,-999,0
72.5,30,13,2,-117.311,1,-142.402,0,0,20,0,-999,-999,0
72.5,30,13,2,-117.311,6,-143.489,4,4,0,1,-999,-999,0
72.5,35,48,5,-127.159,3,-114.93,4,4,20,0,-999,-999,0
72.5,35,48,5,-127.159,2,-116.771,4,4,20,0,-999,-999,0
72.5,35,48,5,-127.159,4,-127.043,3,3,20,0,-999,-999,0
72.5,35,48,5,-127.159,7,-139.409,2,2,0,1,-999,-999,0
72.5,35,48,5,-127.159,1,-142.433,0,0,20,0,-999,-999,0
72.5,35,48,5,-127.159,6,-153.044,4,4,0,1,-999,-999,0
72.5,37,24,6,-129.204,3,-120.995,4,4,20,0,-999,-999,0
72.5,37,24,6,-129.204,4,-134.211,3,3,20,0,-999,-999,0
72.5,37,24,6,-129.204,5,-137.415,6,6,0,1,-999,-999,0
72.5,37,24,6,-129.204,7,-138.233,2,2,0,1,-999,-999,0
72.5,37,24,6,-129.204,2,-146.905,4,4,20,0,-999,-999,0
72.5,37,24,6,-129.204,1,-158.466,0,0,20,0,-999,-999,0
72.5,39,14,2,-95.5555,3,-108.075,4,4,20,0,-999,-999,0
72.5,39,14,2,-95.5555,7,-118.38,2,2,0,1,-999,-999,0
72.5,39,14,2,-95.5555,4,-136.814,3,3,20,0,-999,-999,0
72.5,39,14,2,-95.5555,6,-140.037,4,4,0,1,-999,-999,0
72.5,39,14,2,-95.5555,5,-143.37,6,6,0,1,-999,-999,0
72.5,39,14,2,-95.5555,1,-147.871,0,0,20,0,-999,-999,0
72.5,46,20,4,-122.75,6,-130.6,4,4,0,1,-999,-999,0
72.5,46,20,4,-122.75,5,-139.928,6,6,0,1,-999,-999,0
72.5,46,20,4,-122.75,3,-144.864,4,4,20,0,-999,-999,0
72.5,46,20,4,-122.75,2,-144.995,4,4,20,0,-999,-999,0
72.5,46,20,4,-122.75,7,-145.117,2,2,0,1,-999,-999,0
72.5,46,20,4,-122.75,1,-165.7,0,0,20,0,-999,-999,0
72.5,48,40,6,-132.139,5,-120.029,6,6,0,1,-999,-999,0
72.5,48,40,6,-132.139,7,-150.392,2,2,0,1,-999,-999,0
72.5,48,40,6,-132.139,4,-154.034,3,3,20,0,-999,-999,0
72.5,48,40,6,-132.139,2,-156.351,4,4,20,0,-999,-999,0
72.5,48,40,6,-132.139,3,-156.69,4,4,20,0,-999,-999,0
72.5,48,40,6,-132.139,1,-167.994,0,0,20,0,-999,-999,0
72.5,54,15,2,-110.038,4,-115.631,3,3,20,0,-999,-999,0
72.5,54,15,2,-110.038,7,-128.346,2,2,0,1,-999,-999,0
72.5,54,15,2,-110.038,5,-129.669,6,6,0,1,-999,-999,0
72.5,54,15,2,-110.038,3,-138.219,4,4,20,0,-999,-999,0
72.5,54,15,2,-110.038,6,-148.408,4,4,0,1,-999,-999,0
72.5,54,15,2,-110.038,1,-154.175,0,0,20,0,-999,-999,0
72.5,55,33,7,-134.95,2,-116.08,4,4,20,0,-999,-999,0
72.5,55,33,7,-134.95,3,-119.618,4,4,20,0,-999,-999,0
72.5,55,33,7,-134.95,5,-127.371,6,6,0,1,-999,-999,0
72.5,55,33,7,-134.95,4,-130.408,3,3,20,0,-999,-999,0
72.5,55,33,7,-134.95,6,-135.998,4,4,0,1,-999,-999,0
72.5,55,33,7,-134.95,1,-150.649,0,0,20,0,-999,-999,0
72.5,59,64,5,-133.011,3,-102.197,4,4,20,0,-999,-999,0
72.5,59,64,5,-133.011,7,-123.678,2,2,0,1,-999,-999,0
72.5,59,64,5,-133.011,2,-142.647,4,4,20,0,-999,-999,0
72.5,59,64,5,-133.011,4,-147.636,3,3,20,0,-999,-999,0
72.5,59,64,5,-133.011,1,-153.148,0,0,20,0,-999,-999,0
72.5,59,64,5,-133.011,6,-153.473,4,4,0,1,-999,-999,0
72.5,70,32,6,-136.547,4,-142.918,3,3,20,0,-999,-999,0
72.5,70,32,6,-136.547,7,-143.928,2,2,0,1,-999,-999,0
72.5,70,32,6,-136.547,2,-147.349,4,4,20,0,-999,-999,0
72.5,70,32,6,-136.547,5,-150.77,6,6,0,1,-999,-999,0
72.5,70,32,6,-136.547,3,-153.035,4,4,20,0,-999,-999,0
72.5,70,32,6,-136.547,1,-164.389,0,0,20,0,-999,-999,0
72.5,78,2,3,-121.681,2,-124.789,4,4,20,0,-999,-999,0
72.5,78,2,3,-121.681,4,-125.646,3,3,20,0,-999,-999,0
72.5,78,2,3,-121.681,5,-127.17,6,6,0,1,-999,-999,0
72.5,78,2,3,-121.681,1,-129.86,0,0,20,0,-999,-999,0
72.5,78,2,3,-121.681,6,-132.593,4,4,0,1,-999,-999,0
72.5,78,2,3,-121.681,7,-154.781,2,2,0,1,-999,-999,0
72.5,84,56,5,-116.372,3,-125.457,4,4,20,0,-999,-999,0
72.5,84,56,5,-116.372,1,-137.615,0,0,20,0,-999,-999,0
72.5,84,56,5,-116.372,4,-138.554,3,3,20,0,-999,-999,0
72.5,84,56,5,-116.372,2,-142.337,4,4,20,0,-999,-999,0
72.5,84,56,5,-116.372,6,-146.27,4,4,0,1,-999,-999,0
72.5,84,56,5,-116.372,7,-147.124,2,2,0,1,-999,-999,0
72.5,90,22,4,-103.404,6,-99.9791,4,4,0,1,-999,-999,0
72.5,90,22,4,-103.404,5,-111.509,6,6,0,1,-999,-999,0
72.5,90,22,4,-103.404,2,-119.753,4,4,20,0,-999,-999,0
72.5,90,22,4,-103.404,7,-127.063,2,2,0,1,-999,-999,0
72.5,90,22,4,-103.404,3,-133.658,4,4,20,0,-999,-999,0
72.5,90,22,4,-103.404,1,-136.868,0,0,20,0,-999,-999,0
72.5,92,9,2,-91.7401,3,-94.9722,4,4,20,0,-999,-999,0
72.5,92,9,2,-91.7401,1,-113.9,0,0,20,0,-999,-999,0
72.5,92,9,2,-91.7401,6,-114.381,4,4,0,1,-999,-999,0
72.5,92,9,2,-91.7401,7,-135.368,2,2,0,1,-999,-999,0
72.5,92,9,2,-91.7401,4,-138.968,3,3,20,0,-999,-999,0
72.5,92,9,2,-91.7401,5,-140.457,6,6,0,1,-999,-999,0
72.5,97,5,3,-91.3757,2,-93.3655,4,4,20,0,-999,-999,0
72.5,97,5,3,-91.3757,1,-115.728,0,0,20,0,-999,-999,0
72.5,97,5,3,-91.3757,4,-128.323,3,3,20,0,-999,-999,0
72.5,97,5,3,-91.3757,7,-131.934,2,2,0,1,-999,-999,0
72.5,97,5,3,-91.3757,5,-132.889,6,6,0,1,-999,-999,0
72.5,97,5,3,-91.3757,6,-144.432,4,4,0,1,-999,-999,0
72.5,100,16,4,-92.3161,3,-120.889,4,4,20,0,-999,-999,0
72.5,100,16,4,-92.3161,6,-127.186,4,4,0,1,-999,-999,0
72.5,100,16,4,-92.3161,7,-130.058,2,2,0,1,-999,-999,0
72.5,100,16,4,-92.3161,2,-133.924,4,4,20,0,-999,-999,0
72.5,100,16,4,-92.3161,1,-138.377,0,0,20,0,-999,-999,0
72.5,100,16,4,-92.3161,5,-146.599,6,6,0,1,-999,-999,0
74.5,9,32,7,-121.85,3,-113.79,4,4,20,0,-999,-999,0
74.5,9,32,7,-121.85,4,-123.769,3,3,20,0,-999,-999,0
74.5,9,32,7,-121.85,2,-128.032,4,4,20,0,-999,-999,0
74.5,9,32,7,-121.85,1,-143.575,0,0,20,0,-999,-999,0
74.5,9,32,7,-121.85,5,-144.909,6,6,0,1,-999,-999,0
74.5,9,32,7,-121.85,6,-145.183,4,4,0,1,-999,-999,0
74.5,11,48,6,-114.792,4,-125.575,3,3,20,0,-999,-999,0
74.5,11,48,6,-114.792,2,-126.122,4,4,20,0,-999,-999,0
74.5,11,48,6,-114.792,7,-127.198,2,2,0,1,-999,-999,0
74.5,11,48,6,-114.792,1,-146.957,0,0,20,0,-999,-999,0
74.5,11,48,6,-114.792,5,-148.104,6,6,0,1,-999,-999,0
74.5,11,48,6,-114.792,3,-154.758,4,4,20,0,-999,-999,0
74.5,12,40,5,-138.701,3,-113.234,4,4,20,0,-999,-999,0
74.5,12,40,5,-138.701,4,-118.509,3,3,20,0,-999,-999,0
74.5,12,40,5,-138.701,2,-146.327,4,4,20,0,-999,-999,0
74.5,12,40,5,-138.701,7,-147.238,2,2,0,1,-999,-999,0
74.5,12,40,5,-138.701,6,-160.254,4,4,0,1,-999,-999,0
74.5,12,40,5,-138.701,1,-162.373,0,0,20,0,-999,-999,0
74.5,17,4,3,-134.546,7,-111.186,2,2,0,1,-999,-999,0
74.5,17,4,3,-134.546,6,-129.777,4,4,0,1,-999,-999,0
74.5,17,4,3,-134.546,4,-139.594,3,3,20,0,-999,-999,0
74.5,17,4,3,-134.546,2,-142.745,4,4,20,0,-999,-999,0
74.5,17,4,3,-134.546,1,-155.254,0,0,20,0,-999,-999,0
74.5,17,4,3,-134.546,5,-171.745,6,6,0,1,-999,-999,0
74.5,20,72,5,-63.3847,3,-153.498,4,4,20,0,-999,-999,0
74.5,20,72,5,-63.3847,2,-154.352,4,4,20,0,-999,-999,0
74.5,20,72,5,-63.3847,7,-154.393,2,2,0,1,-999,-999,0
74.5,20,72,5,-63.3847,4,-155.348,3,3,20,0,-999,-999,0
74.5,20,72,5,-63.3847,1,-155.887,0,0,20,0,-999,-999,0
74.5,20,72,5,-63.3847,6,-170.022,4,4,0,1,-999,-999,0
74.5,23,1,3,-114.661,2,-102.198,4,4,20,0,-999,-999,2
74.5,23,1,3,-114.661,5,-104.851,6,6,0,1,-999,-999,2
74.5,23,1,3,-114.661,7,-109.336,2,2,0,1,-999,-999,2
74.5,23,1,3,-114.661,4,-118.821,3,3,20,0,-999,-999,2
74.5,23,1,3,-114.661,1,-128.33,0,0,20,0,-999,-999,2
74.5,23,1,3,-114.661,6,-144.499,4,4,0,1,-999,-999,2
74.5,24,32,5,-118.116,3,-107.942,4,4,20,0,-999,-999,0
74.5,24,32,5,-118.116,2,-141.669,4,5,20,0,-999,-999,0
74.5,24,32,5,-118.116,6,-142.011,4,4,0,1,-999,-999,0
74.5,24,32,5,-118.116,1,-147.368,0,0,20,0,-999,-999,0
74.5,24,32,5,-118.116,7,-147.888,2,2,0,1,-999,-999,0
74.5,24,32,5,-118.116,4,-149.653,3,3,20,0,-999,-999,0
74.5,30,13,2,-131.389,3,-105.635,4,4,20,0,-999,-999,0
74.5,30,13,2,-131.389,5,-129.043,6,6,0,1,-999,-999,0
74.5,30,13,2,-131.389,4,-129.994,3,3,20,0,-999,-999,0
74.5,30,13,2,-131.389,7,-131.047,2,2,0,1,-999,-999,0
74.5,30,13,2,-131.389,6,-136.998,4,4,0,1,-999,-999,0
74.5,30,13,2,-131.389,1,-140.585,0,0,20,0,-999,-999,0
74.5,35,48,5,-126.272,2,-130.094,4,5,20,0,-999,-999,0
74.5,35,48,5,-126.272,6,-132.526,4,4,0,1,-999,-999,0
74.5,35,48,5,-126.272,3,-134.911,4,4,20,0,-999,-999,0
74.5,35,48,5,-126.272,4,-140.418,3,3,20,0,-999,-999,0
74.5,35,48,5,-126.272,7,-144.959,2,2,0,1,-999,-999,0
74.5,35,48,5,-126.272,1,-146.23,0,0,20,0,-999,-999,0
74.5,37,24,6,-133.204,4,-128.826,3,3,20,0,-999,-999,0
74.5,37,24,6,-133.204,5,-134.148,6,6,0,1,-999,-999,0
74.5,37,24,6,-133.204,7,-140.699,2,2,0,1,-999,-999,0
74.5,37,24,6,-133.204,3,-142.627,4,4,20,0,-999,-999,0
74.5,37,24,6,-133.204,2,-146.307,4,5,20,0,-999,-999,0
74.5,37,24,6,-133.204,1,-152.705,0,0,20,0,-999,-999,0
74.5,39,14,2,-132.541,3,-130.383,4,4,20,0,-999,-999,0
74.5,39,14,2,-132.541,4,-133.563,3,3,20,0,-999,-999,0
74.5,39,14,2,-132.541,5,-136.163,6,6,0,1,-999,-999,0
74.5,39,14,2,-132.541,7,-139.896,2,2,0,1,-999,-999,0
74.5,39,14,2,-132.541,6,-142.293,4,4,0,1,-999,-999,0
74.5,39,14,2,-132.541,1,-151.583,0,0,20,0,-999,-999,0
74.5,46,20,4,-138.427,5,-113.674,6,6,0,1,-999,-999,0
74.5,46,20,4,-138.427,6,-116.275,4,4,0,1,-999,-999,0
74.5,46,20,4,-138.427,7,-141.544,2,2,0,1,-999,-999,0
74.5,46,20,4,-138.427,2,-143.73,4,5,20,0,-999,-999,0
74.5,46,20,4,-138.427,3,-143.769,4,4,20,0,-999,-999,0
74.5,46,20,4,-138.427,1,-162.547,0,0,20,0,-999,-999,0
74.5,48,40,6,-136.557,7,-140.029,2,2,0,1,-999,-999,0
74.5,48,40,6,-136.557,4,-150.216,3,3,20,0,-999,-999,0
74.5,48,40,6,-136.557,2,-153.08,4,5,20,0,-999,-999,0
74.5,48,40,6,-136.557,5,-155.2,6,6,0,1,-999,-999,0
74.5,48,40,6,-136.557,3,-158.018,4,4,20,0,-999,-999,0
74.5,48,40,6,-136.557,1,-164.933,0,0,20,0,-999,-999,0
74.5,54,15,2,-107.371,7,-123.52,2,2,0,1,-999,-999,0
74.5,54,15,2,-107.371,3,-123.971,4,4,20,0,-999,-999,0
74.5,54,15,2,-107.371,4,-124.368,3,3,20,0,-999,-999,0
74.5,54,15,2,-107.371,5,-141.361,6,6,0,1,-999,-999,0
74.5,54,15,2,-107.371,6,-147.564,4,4,0,1,-999,-999,0
74.5,54,15,2,-107.371,1,-149.116,0,0,20,0,-999,-999,0
74.5,55,33,7,-129.835,4,-124.082,3,3,20,0,-999,-999,0
74.5,55,33,7,-129.835,3,-133.884,4,4,20,0,-999,-999,0
74.5,55,33,7,-129.835,6,-136.32,4,4,0,1,-999,-999,0
74.5,55,33,7,-129.835,2,-138.471,4,5,20,0,-999,-999,0
74.5,55,33,7,-129.835,1,-153.182,0,0,20,0,-999,-999,0
74.5,55,33,7,-129.835,5,-153.854,6,6,0,1,-999,-999,0
74.5,59,64,5,-137.303,2,-136.35,4,5,20,0,-999,-999,0
74.5,59,64,5,-137.303,3,-139.96,4,4,20,0,-999,-999,0
74.5,59,64,5,-137.303,4,-141.333,3,3,20,0,-999,-999,0
74.5,59,64,5,-137.303,7,-143.821,2,2,0,1,-999,-999,0
74.5,59,64,5,-137.303,6,-156.197,4,4,0,1,-999,-999,0
74.5,59,64,5,-137.303,1,-158.674,0,0,20,0,-999,-999,0
74.5,70,32,6,-138.175,4,-134.846,3,3,20,0,-999,-999,0
74.5,70,32,6,-138.175,7,-140.584,2,2,0,1,-999,-999,0
74.5,70,32,6,-138.175,2,-148.515,4,5,20,0,-999,-999,0
74.5,70,32,6,-138.175,5,-150.171,6,6,0,1,-999,-999,0
74.5,70,32,6,-138.175,3,-154.933,4,4,20,0,-999,-999,0
74.5,70,32,6,-138.175,1,-164.954,0,0,20,0,-999,-999,0
74.5,78,2,3,-96.5563,5,-102.79,6,6,0,1,-999,-999,0
74.5,78,2,3,-96.5563,2,-105.671,4,5,20,0,-999,-999,0
74.5,78,2,3,-96.5563,4,-116.469,3,3,20,0,-999,-999,0
74.5,78,2,3,-96.5563,1,-126.65,0,0,20,0,-999,-999,0
74.5,78,2,3,-96.5563,6,-140.851,4,4,0,1,-999,-999,0
74.5,78,2,3,-96.5563,7,-158.968,2,2,0,1,-999,-999,0
74.5,84,56,5,-122.88,6,-123.326,4,4,0,1,-999,-999,0
74.5,84,56,5,-122.88,3,-129.676,4,4,20,0,-999,-999,0
74.5,84,56,5,-122.88,7,-132.602,2,2,0,1,-999,-999,0
74.5,84,56,5,-122.88,1,-136.976,0,0,20,0,-999,-999,0
74.5,84,56,5,-122.88,2,-142.633,4,5,20,0,-999,-999,0
74.5,84,56,5,-122.88,4,-147.618,3,3,20,0,-999,-999,0
74.5,90,22,4,-105.057,6,-99.7439,4,4,0,1,-999,-999,0
74.5,90,22,4,-105.057,2,-101.145,4,5,20,0,-999,-999,0
74.5,90,22,4,-105.057,3,-126.254,4,4,20,0,-999,-999,0
74.5,90,22,4,-105.057,7,-134.808,2,2,0,1,-999,-999,0
74.5,90,22,4,-105.057,1,-135.698,0,0,20,0,-999,-999,0
74.5,90,22,4,-105.057,5,-140.113,6,6,0,1,-999,-999,0
74.5,92,9,2,-98.1616,3,-90.8429,4,4,20,0,-999,-999,0
74.5,92,9,2,-98.1616,1,-116.356,0,0,20,0,-999,-999,0
74.5,92,9,2,-98.1616,6,-120.651,4,4,0,1,-999,-999,0
74.5,92,9,2,-98.1616,7,-127.213,2,2,0,1,-999,-999,0
74.5,92,9,2,-98.1616,4,-140.563,3,3,20,0,-999,-999,0
74.5,92,9,2,-98.1616,5,-146.729,6,6,0,1,-999,-999,0
74.5,97,5,3,-116.402,2,-107.345,4,5,20,0,-999,-999,0
74.5,97,5,3,-116.402,1,-116.104,0,0,20,0,-999,-999,0
74.5,97,5,3,-116.402,7,-118.013,2,2,0,1,-999,-999,0
74.5,97,5,3,-116.402,4,-136.216,3,3,20,0,-999,-999,0
74.5,97,5,3,-116.402,6,-140.67,4,4,0,1,-999,-999,0
74.5,97,5,3,-116.402,5,-143.126,6,6,0,1,-999,-999,0
74.5,100,16,4,-84.9423,6,-110.141,4,4,0,1,-999,-999,0
74.5,100,16,4,-84.9423,7,-129.995,2,2,0,1,-999,-999,0
74.5,100,16,4,-84.9423,2,-132.94,4,5,20,0,-999,-999,0
74.5,100,16,4,-84.9423,3,-140.236,4,4,20,0,-999,-999,0
74.5,100,16,4,-84.9423,1,-141.626,0,0,20,0,-999,-999,0
74.5,100,16,4,-84.9423,5,-148.03,6,6,0,1,-999,-999,0
76.5,9,32,7,-85.8035,2,-93.8418,5,5,20,0,-999,-999,0
76.5,9,32,7,-85.8035,4,-119.653,3,3,20,0,-999,-999,0
76.5,9,32,7,-85.8035,3,-127.25,3,3,20,0,-999,-999,0
76.5,9,32,7,-85.8035,6,-135.485,4,4,0,1,-999,-999,0
76.5,9,32,7,-85.8035,5,-141.122,6,6,0,1,-999,-999,0
76.5,9,32,7,-85.8035,1,-147.505,0,0,20,0,-999,-999,0
76.5,11,48,6,-111.303,2,-112.805,5,5,20,0,-999,-999,0
76.5,11,48,6,-111.303,5,-120.031,6,6,0,1,-999,-999,0
76.5,11,48,6,-111.303,4,-130.489,3,3,20,0,-999,-999,0
76.5,11,48,6,-111.303,7,-130.721,2,2,0,1,-999,-999,0
76.5,11,48,6,-111.303,3,-146.977,3,3,20,0,-999,-999,0
76.5,11,48,6,-111.303,1,-148.262,0,0,20,0,-999,-999,0
76.5,12,40,5,-135.37,7,-109.505,2,2,0,1,-999,-999,0
76.5,12,40,5,-135.37,3,-147.262,3,3,20,0,-999,-999,0
76.5,12,40,5,-135.37,2,-148.185,5,5,20,0,-999,-999,0
76.5,12,40,5,-135.37,6,-154.263,4,4,0,1,-999,-999,0
76.5,12,40,5,-135.37,1,-163.692,0,0,20,0,-999,-999,0
76.5,12,40,5,-135.37,4,-166.077,3,3,20,0,-999,-999,0
76.5,17,4,3,-103.506,6,-93.2541,4,4,0,1,-999,-999,0
76.5,17,4,3,-103.506,4,-130.981,3,3,20,0,-999,-999,0
76.5,17,4,3,-103.506,7,-143.157,2,2,0,1,-999,-999,0
76.5,17,4,3,-103.506,2,-145.281,5,5,20,0,-999,-999,0
76.5,17,4,3,-103.506,1,-157.448,0,0,20,0,-999,-999,0
76.5,17,4,3,-103.506,5,-162.451,6,6,0,1,-999,-999,0
76.5,20,72,5,-55.4799,4,-126.359,3,3,20,0,-999,-999,0
76.5,20,72,5,-55.4799,3,-127.17,3,3,20,0,-999,-999,0
76.5,20,72,5,-55.4799,2,-151.102,5,5,20,0,-999,-999,0
76.5,20,72,5,-55.4799,6,-156.012,4,4,0,1,-999,-999,0
76.5,20,72,5,-55.4799,1,-156.411,0,0,20,0,-999,-999,0
76.5,20,72,5,-55.4799,7,-157.995,2,2,0,1,-999,-999,0
76.5,23,16,2,-121.099,3,-96.1801,3,3,20,0,-999,-999,0
76.5,23,16,2,-121.099,1,-130.439,0,0,20,0,-999,-999,0
76.5,23,16,2,-121.099,5,-130.707,6,6,0,1,-999,-999,0
76.5,23,16,2,-121.099,7,-133.052,2,2,0,1,-999,-999,0
76.5,23,16,2,-121.099,4,-136.604,3,3,20,0,-999,-999,0
76.5,23,16,2,-121.099,6,-144.226,4,4,0,1,-999,-999,0
76.5,24,32,5,-119.386,3,-108.981,3,3,20,0,-999,-999,3
76.5,24,32,5,-119.386,2,-115.29,5,5,20,0,-999,-999,3
76.5,24,32,5,-119.386,6,-142.85,4,4,0,1,-999,-999,3
76.5,24,32,5,-119.386,7,-144.712,2,2,0,1,-999,-999,3
76.5,24,32,5,-119.386,1,-145.65,0,0,20,0,-999,-999,3
76.5,24,32,5,-119.386,4,-159.565,3,3,20,0,-999,-999,3
76.5,30,13,2,-94.0744,4,-96.4659,3,3,20,0,-999,-999,0
76.5,30,13,2,-94.0744,5,-112.327,6,6,0,1,-999,-999,0
76.5,30,13,2,-94.0744,3,-128.756,3,4,20,0,-999,-999,0
76.5,30,13,2,-94.0744,7,-133.596,2,2,0,1,-999,-999,0
76.5,30,13,2,-94.0744,1,-144.644,0,0,20,0,-999,-999,0
76.5,30,13,2,-94.0744,6,-150.783,4,4,0,1,-999,-999,0
76.5,35,48,5,-124.321,2,-128.636,5,5,20,0,-999,-999,0
76.5,35,48,5,-124.321,3,-130.52,3,4,20,0,-999,-999,0
76.5,35,48,5,-124.321,7,-134.478,2,2,0,1,-999,-999,0
76.5,35,48,5,-124.321,4,-137.44,3,3,20,0,-999,-999,0
76.5,35,48,5,-124.321,1,-144.833,0,0,20,0,-999,-999,0
76.5,35,48,5,-124.321,6,-153.537,4,4,0,1,-999,-999,0
76.5,37,24,6,-136.029,7,-111.854,2,2,0,1,-999,-999,0
76.5,37,24,6,-136.029,2,-129.008,5,5,20,0,-999,-999,0
76.5,37,24,6,-136.029,4,-137.354,3,3,20,0,-999,-999,0
76.5,37,24,6,-136.029,5,-140.674,6,6,0,1,-999,-999,0
76.5,37,24,6,-136.029,3,-151.656,3,4,20,0,-999,-999,0
76.5,37,24,6,-136.029,1,-159.86,0,0,20,0,-999,-999,0
76.5,39,14,2,-132.558,3,-106.854,3,4,20,0,-999,-999,0
76.5,39,14,2,-132.558,6,-111.547,4,4,0,1,-999,-999,0
76.5,39,14,2,-132.558,5,-131.605,6,6,0,1,-999,-999,0
76.5,39,14,2,-132.558,4,-134.885,3,3,20,0,-999,-999,0
76.5,39,14,2,-132.558,7,-141.931,2,2,0,1,-999,-999,0
76.5,39,14,2,-132.558,1,-147.01,0,0,20,0,-999,-999,0
76.5,46,20,4,-131.314,6,-103.668,4,4,0,1,-999,-999,0
76.5,46,20,4,-131.314,5,-113.603,6,6,0,1,-999,-999,0
76.5,46,20,4,-131.314,7,-140.032,2,2,0,1,-999,-999,0
76.5,46,20,4,-131.314,3,-142.443,3,4,20,0,-999,-999,0
76.5,46,20,4,-131.314,2,-145.875,5,5,20,0,-999,-999,0
76.5,46,20,4,-131.314,1,-162.667,0,0,20,0,-999,-999,0
76.5,48,40,6,-146.329,5,-120.33,6,6,0,1,-999,-999,0
76.5,48,40,6,-146.329,7,-145.876,2,2,0,1,-999,-999,0
76.5,48,40,6,-146.329,4,-147.367,3,3,20,0,-999,-999,0
76.5,48,40,6,-146.329,2,-150.478,5,5,20,0,-999,-999,0
76.5,48,40,6,-146.329,3,-158.477,3,4,20,0,-999,-999,0
76.5,48,40,6,-146.329,1,-165.123,0,0,20,0,-999,-999,0
76.5,54,15,2,-138.792,6,-110.498,4,4,0,1,-999,-999,0
76.5,54,15,2,-138.792,7,-124.752,2,2,0,1,-999,-999,0
76.5,54,15,2,-138.792,3,-129.872,3,4,20,0,-999,-999,0
76.5,54,15,2,-138.792,4,-130.346,3,3,20,0,-999,-999,0
76.5,54,15,2,-138.792,5,-147.774,6,6,0,1,-999,-999,0
76.5,54,15,2,-138.792,1,-150.533,0,0,20,0,-999,-999,0
76.5,55,33,7,-134.413,4,-95.9753,3,3,20,0,-999,-999,0
76.5,55,33,7,-134.413,6,-101.804,4,4,0,1,-999,-999,0
76.5,55,33,7,-134.413,3,-125.534,3,4,20,0,-999,-999,0
76.5,55,33,7,-134.413,5,-133.337,6,6,0,1,-999,-999,0
76.5,55,33,7,-134.413,2,-137.004,5,5,20,0,-999,-999,0
76.5,55,33,7,-134.413,1,-149.089,0,0,20,0,-999,-999,0
76.5,59,64,5,-135.464,3,-128.362,3,4,20,0,-999,-999,0
76.5,59,64,5,-135.464,6,-136.039,4,4,0,1,-999,-999,0
76.5,59,64,5,-135.464,2,-142.783,5,5,20,0,-999,-999,0
76.5,59,64,5,-135.464,7,-144.953,2,2,0,1,-999,-999,0
76.5,59,64,5,-135.464,4,-153.315,3,3,20,0,-999,-999,0
76.5,59,64,5,-135.464,1,-159.035,0,0,20,0,-999,-999,0
76.5,70,32,6,-142.554,4,-138.468,3,3,20,0,-999,-999,0
76.5,70,32,6,-142.554,7,-140.407,2,2,0,1,-999,-999,0
76.5,70,32,6,-142.554,5,-145.085,6,6,0,1,-999,-999,0
76.5,70,32,6,-142.554,3,-148.623,3,4,20,0,-999,-999,0
76.5,70,32,6,-142.554,2,-154.298,5,5,20,0,-999,-999,0
76.5,70,32,6,-142.554,1,-161.3,0,0,20,0,-999,-999,0
76.5,78,2,3,-84.0881,1,-121.692,0,0,20,0,-999,-999,0
76.5,78,2,3,-84.0881,2,-125.474,5,5,20,0,-999,-999,0
76.5,78,2,3,-84.0881,5,-127.402,6,6,0,1,-999,-999,0
76.5,78,2,3,-84.0881,4,-137.257,3,3,20,0,-999,-999,0
76.5,78,2,3,-84.0881,6,-143.049,4,4,0,1,-999,-999,0
76.5,78,2,3,-84.0881,7,-163.365,2,2,0,1,-999,-999,0
76.5,84,56,5,-121.21,3,-104.477,3,4,20,0,-999,-999,0
76.5,84,56,5,-121.21,6,-139.055,4,4,0,1,-999,-999,0
76.5,84,56,5,-121.21,4,-140.221,3,3,20,0,-999,-999,0
76.5,84,56,5,-121.21,1,-141.357,0,0,20,0,-999,-999,0
76.5,84,56,5,-121.21,2,-142.169,5,5,20,0,-999,-999,0
76.5,84,56,5,-121.21,7,-149.829,2,2,0,1,-999,-999,0
76.5,90,22,4,-110.197,6,-90.0044,4,4,0,1,-999,-999,0
76.5,90,22,4,-110.197,2,-120.302,5,5,20,0,-999,-999,0
76.5,90,22,4,-110.197,7,-128.994,2,2,0,1,-999,-999,0
76.5,90,22,4,-110.197,1,-136.869,0,0,20,0,-999,-999,0
76.5,90,22,4,-110.197,3,-140.23,3,4,20,0,-999,-999,0
76.5,90,22,4,-110.197,5,-145.407,6,6,0,1,-999,-999,0
76.5,92,9,2,-114.468,7,-99.7757,2,2,0,1,-999,-999,0
76.5,92,9,2,-114.468,1,-115.211,0,0,20,0,-999,-999,0
76.5,92,9,2,-114.468,3,-117.844,3,4,20,0,-999,-999,0
76.5,92,9,2,-114.468,4,-137.662,3,3,20,0,-999,-999,0
76.5,92,9,2,-114.468,6,-139.003,4,4,0,1,-999,-999,0
76.5,92,9,2,-114.468,5,-146.333,6,6,0,1,-999,-999,0
76.5,97,5,3,-91.1018,2,-110.883,5,5,20,0,-999,-999,0
76.5,97,5,3,-91.1018,1,-120.509,0,0,20,0,-999,-999,0
76.5,97,5,3,-91.1018,7,-133.348,2,2,0,1,-999,-999,0
76.5,97,5,3,-91.1018,4,-135.325,3,3,20,0,-999,-999,0
76.5,97,5,3,-91.1018,6,-144.411,4,4,0,1,-999,-999,0
76.5,97,5,3,-91.1018,5,-147.567,6,6,0,1,-999,-999,0
76.5,100,16,4,-94.145,6,-123.64,4,4,0,1,-999,-999,0
76.5,100,16,4,-94.145,7,-124.886,2,2,0,1,-999,-999,0
76.5,100,16,4,-94.145,2,-136.175,5,5,20,0,-999,-999,0
76.5,100,16,4,-94.145,3,-138.609,3,4,20,0,-999,-999,0
76.5,100,16,4,-94.145,1,-140.516,0,0,20,0,-999,-999,0
76.5,100,16,4,-94.145,5,-145.281,6,6,0,1,-999,-999,0
78.5,9,32,7,-101.861,4,-117.305,3,3,20,0,-999,-999,0
78.5,9,32,7,-101.861,2,-128.432,5,5,20,0,-999,-999,0
78.5,9,32,7,-101.861,3,-135.313,4,4,20,0,-999,-999,0
78.5,9,32,7,-101.861,6,-138.015,4,4,0,1,-999,-999,0
78.5,9,32,7,-101.861,5,-143.562,5,5,0,1,-999,-999,0
78.5,9,32,7,-101.861,1,-151.945,0,0,20,0,-999,-999,0
78.5,11,48,6,-119.989,7,-96.1613,2,2,0,1,-999,-999,0
78.5,11,48,6,-119.989,4,-97.829,3,3,20,0,-999,-999,0
78.5,11,48,6,-119.989,2,-143.857,5,5,20,0,-999,-999,0
78.5,11,48,6,-119.989,1,-147.156,0,0,20,0,-999,-999,0
78.5,11,48,6,-119.989,3,-151.193,4,4,20,0,-999,-999,0
78.5,11,48,6,-119.989,5,-152.814,5,5,0,1,-999,-999,0
78.5,12,40,5,-134.565,3,-103.295,4,4,20,0,-999,-999,0
78.5,12,40,5,-134.565,6,-141.357,4,4,0,1,-999,-999,0
78.5,12,40,5,-134.565,2,-143.851,5,5,20,0,-999,-999,0
78.5,12,40,5,-134.565,4,-150.357,3,3,20,0,-999,-999,0
78.5,12,40,5,-134.565,7,-150.532,2,2,0,1,-999,-999,0
78.5,12,40,5,-134.565,1,-163.658,0,0,20,0,-999,-999,0
78.5,17,4,3,-144.096,4,-95.1235,3,3,20,0,-999,-999,0
78.5,17,4,3,-144.096,2,-113.807,5,5,20,0,-999,-999,0
78.5,17,4,3,-144.096,6,-131.763,4,4,0,1,-999,-999,0
78.5,17,4,3,-144.096,7,-146.501,2,2,0,1,-999,-999,0
78.5,17,4,3,-144.096,1,-155.317,0,0,20,0,-999,-999,0
78.5,17,4,3,-144.096,5,-167.955,5,5,0,1,-999,-999,0
78.5,20,72,5,-72.0213,2,-111.335,5,5,20,0,-999,-999,0
78.5,20,72,5,-72.0213,6,-113.765,4,4,0,1,-999,-999,0
78.5,20,72,5,-72.0213,3,-141.059,4,4,20,0,-999,-999,0
78.5,20,72,5,-72.0213,7,-151.084,2,2,0,1,-999,-999,0
78.5,20,72,5,-72.0213,1,-152.072,0,0,20,0,-999,-999,0
78.5,20,72,5,-72.0213,4,-163.391,3,3,20,0,-999,-999,0
78.5,23,16,2,-105.563,3,-106.418,4,4,20,0,-999,-999,0
78.5,23,16,2,-105.563,4,-118.45,3,3,20,0,-999,-999,0
78.5,23,16,2,-105.563,7,-120.892,2,2,0,1,-999,-999,0
78.5,23,16,2,-105.563,1,-131.065,0,0,20,0,-999,-999,0
78.5,23,16,2,-105.563,5,-143.057,5,5,0,1,-999,-999,0
78.5,23,16,2,-105.563,6,-144.601,4,4,0,1,-999,-999,0
78.5,24,6,3,-111.59,5,-124.681,5,5,0,1,-999,-999,0
78.5,24,6,3,-111.59,4,-132.878,3,3,20,0,-999,-999,0
78.5,24,6,3,-111.59,7,-136.884,2,2,0,1,-999,-999,0
78.5,24,6,3,-111.59,2,-137.136,5,5,20,0,-999,-999,0
78.5,24,6,3,-111.59,6,-142.238,4,4,0,1,-999,-999,0
78.5,24,6,3,-111.59,1,-143.593,0,0,20,0,-999,-999,0
78.5,30,13,2,-134.347,5,-99.3033,5,5,0,1,-999,-999,0
78.5,30,13,2,-134.347,4,-109.538,3,3,20,0,-999,-999,0
78.5,30,13,2,-134.347,3,-135.961,4,4,20,0,-999,-999,0
78.5,30,13,2,-134.347,7,-137.484,2,2,0,1,-999,-999,0
78.5,30,13,2,-134.347,6,-137.982,4,4,0,1,-999,-999,0
78.5,30,13,2,-134.347,1,-139.881,0,0,20,0,-999,-999,0
78.5,35,48,5,-122.634,4,-117.371,3,3,20,0,-999,-999,0
78.5,35,48,5,-122.634,2,-127.887,5,5,20,0,-999,-999,0
78.5,35,48,5,-122.634,6,-135.118,4,4,0,1,-999,-999,0
78.5,35,48,5,-122.634,3,-135.142,4,4,20,0,-999,-999,0
78.5,35,48,5,-122.634,7,-140.565,2,2,0,1,-999,-999,0
78.5,35,48,5,-122.634,1,-143.982,0,0,20,0,-999,-999,0
78.5,37,24,6,-137.66,4,-135.914,3,3,20,0,-999,-999,0
78.5,37,24,6,-137.66,7,-138.22,2,2,0,1,-999,-999,0
78.5,37,24,6,-137.66,2,-145.251,5,5,20,0,-999,-999,0
78.5,37,24,6,-137.66,3,-146.065,4,4,20,0,-999,-999,0
78.5,37,24,6,-137.66,5,-149.143,5,5,0,1,-999,-999,0
78.5,37,24,6,-137.66,1,-160.301,0,0,20,0,-999,-999,0
78.5,39,14,2,-134.367,5,-96.1638,5,5,0,1,-999,-999,0
78.5,39,14,2,-134.367,3,-119.701,4,4,20,0,-999,-999,0
78.5,39,14,2,-134.367,4,-125.4,3,3,20,0,-999,-999,0
78.5,39,14,2,-134.367,7,-140.313,2,2,0,1,-999,-999,0
78.5,39,14,2,-134.367,6,-149.306,4,4,0,1,-999,-999,0
78.5,39,14,2,-134.367,1,-150.217,0,0,20,0,-999,-999,0
78.5,46,20,4,-119.916,3,-146.562,4,4,20,0,-999,-999,0
78.5,46,20,4,-119.916,6,-146.613,4,4,0,1,-999,-999,0
78.5,46,20,4,-119.916,2,-146.819,5,5,20,0,-999,-999,0
78.5,46,20,4,-119.916,5,-150.413,5,5,0,1,-999,-999,0
78.5,46,20,4,-119.916,7,-151.268,2,2,0,1,-999,-999,0
78.5,46,20,4,-119.916,1,-163.635,0,0,20,0,-999,-999,0
78.5,48,40,6,-129.161,2,-140.412,5,5,20,0,-999,-999,0
78.5,48,40,6,-129.161,7,-143.431,2,2,0,1,-999,-999,0
78.5,48,40,6,-129.161,5,-150.005,5,5,0,1,-999,-999,0
78.5,48,40,6,-129.161,3,-153.107,4,4,20,0,-999,-999,0
78.5,48,40,6,-129.161,4,-154.85,3,3,20,0,-999,-999,0
78.5,48,40,6,-129.161,1,-163.701,0,0,20,0,-999,-999,0
78.5,54,15,2,-122.361,4,-109.431,3,3,20,0,-999,-999,0
78.5,54,15,2,-122.361,5,-118.089,5,5,0,1,-999,-999,0
78.5,54,15,2,-122.361,7,-122.746,2,2,0,1,-999,-999,0
78.5,54,15,2,-122.361,3,-125.201,4,4,20,0,-999,-999,0
78.5,54,15,2,-122.361,6,-140.252,4,4,0,1,-999,-999,0
78.5,54,15,2,-122.361,1,-151.641,0,0,20,0,-999,-999,0
78.5,55,33,7,-126.421,3,-132.691,4,4,20,0,-999,-999,0
78.5,55,33,7,-126.421,4,-134.523,3,3,20,0,-999,-999,0
78.5,55,33,7,-126.421,2,-135.753,5,5,20,0,-999,-999,0
78.5,55,33,7,-126.421,6,-144.321,4,4,0,1,-999,-999,0
78.5,55,33,7,-126.421,5,-148.641,5,5,0,1,-999,-999,0
78.5,55,33,7,-126.421,1,-149.318,0,0,20,0,-999,-999,0
78.5,59,64,5,-139.166,3,-115.634,4,4,20,0,-999,-999,0
78.5,59,64,5,-139.166,7,-121.826,2,2,0,1,-999,-999,0
78.5,59,64,5,-139.166,2,-140.842,5,5,20,0,-999,-999,0
78.5,59,64,5,-139.166,4,-144.029,3,3,20,0,-999,-999,0
78.5,59,64,5,-139.166,6,-148.913,4,4,0,1,-999,-999,0
78.5,59,64,5,-139.166,1,-156.861,0,0,20,0,-999,-999,0
78.5,70,32,6,-135.984,4,-141.113,3,3,20,0,-999,-999,0
78.5,70,32,6,-135.984,2,-147.899,5,5,20,0,-999,-999,0
78.5,70,32,6,-135.984,7,-149.792,2,2,0,1,-999,-999,0
78.5,70,32,6,-135.984,3,-150.647,4,4,20,0,-999,-999,0
78.5,70,32,6,-135.984,5,-151.645,5,5,0,1,-999,-999,0
78.5,70,32,6,-135.984,1,-162.716,0,0,20,0,-999,-999,0
78.5,78,2,3,-113.363,5,-102.529,5,5,0,1,-999,-999,0
78.5,78,2,3,-113.363,2,-104.328,5,5,20,0,-999,-999,0
78.5,78,2,3,-113.363,4,-120.817,3,3,20,0,-999,-999,0
78.5,78,2,3,-113.363,1,-125.997,0,0,20,0,-999,-999,0
78.5,78,2,3,-113.363,6,-144.705,4,4,0,1,-999,-999,0
78.5,78,2,3,-113.363,7,-161.987,2,2,0,1,-999,-999,0
78.5,84,56,5,-105.048,3,-126.269,4,4,20,0,-999,-999,0
78.5,84,56,5,-105.048,6,-127.037,4,4,0,1,-999,-999,0
78.5,84,56,5,-105.048,1,-136.965,0,0,20,0,-999,-999,0
78.5,84,56,5,-105.048,2,-139.474,5,5,20,0,-999,-999,0
78.5,84,56,5,-105.048,4,-145.149,3,3,20,0,-999,-999,0
78.5,84,56,5,-105.048,7,-151.838,2,2,0,1,-999,-999,0
78.5,90,22,4,-85.7686,3,-109.646,4,4,20,0,-999,-999,0
78.5,90,22,4,-85.7686,6,-110.286,4,4,0,1,-999,-999,0
78.5,90,22,4,-85.7686,2,-111.172,5,5,20,0,-999,-999,0
78.5,90,22,4,-85.7686,5,-131.012,5,5,0,1,-999,-999,0
78.5,90,22,4,-85.7686,7,-131.262,2,2,0,1,-999,-999,0
78.5,90,22,4,-85.7686,1,-133.406,0,0,20,0,-999,-999,0
78.5,92,9,2,-88.7833,1,-115.119,0,0,20,0,-999,-999,0
78.5,92,9,2,-88.7833,4,-117.862,3,3,20,0,-999,-999,0
78.5,92,9,2,-88.7833,3,-123.419,4,4,20,0,-999,-999,0
78.5,92,9,2,-88.7833,6,-126.671,4,4,0,1,-999,-999,0
78.5,92,9,2,-88.7833,5,-141.467,5,5,0,1,-999,-999,0
78.5,92,9,2,-88.7833,7,-143.91,2,2,0,1,-999,-999,0
78.5,97,5,3,-111.231,2,-109.519,5,5,20,0,-999,-999,0
78.5,97,5,3,-111.231,4,-115.811,3,3,20,0,-999,-999,0
78.5,97,5,3,-111.231,7,-116.654,2,2,0,1,-999,-999,0
78.5,97,5,3,-111.231,1,-124.611,0,0,20,0,-999,-999,0
78.5,97,5,3,-111.231,6,-127.594,4,4,0,1,-999,-999,0
78.5,97,5,3,-111.231,5,-147.71,5,5,0,1,-999,-999,0
78.5,100,16,4,-90.4428,7,-88.7087,2,2,0,1,-999,-999,0
78.5,100,16,4,-90.4428,6,-109.849,4,4,0,1,-999,-999,0
78.5,100,16,4,-90.4428,2,-136.44,5,5,20,0,-999,-999,0
78.5,100,16,4,-90.4428,5,-141.059,5,5,0,1,-999,-999,0
78.5,100,16,4,-90.4428,1,-141.179,0,0,20,0,-999,-999,0
78.5,100,16,4,-90.4428,3,-143.186,4,4,20,0,-999,-999,0
80.5,9,32,7,-92.3822,4,-126.336,3,3,20,0,-999,-999,0
80.5,9,32,7,-92.3822,2,-127.624,5,5,20,0,-999,-999,0
80.5,9,32,7,-92.3822,6,-131.513,4,4,0,1,-999,-999,0
80.5,9,32,7,-92.3822,3,-135.85,4,4,20,0,-999,-999,0
80.5,9,32,7,-92.3822,5,-142.74,6,6,0,1,-999,-999,0
80.5,9,32,7,-92.3822,1,-152.082,0,0,20,0,-999,-999,0
80.5,11,48,6,-113.787,4,-103.839,3,3,20,0,-999,-999,4
80.5,11,48,6,-113.787,2,-124.152,5,5,20,0,-999,-999,4
80.5,11,48,6,-113.787,7,-135.282,2,2,0,1,-999,-999,4
80.5,11,48,6,-113.787,3,-149.414,4,4,20,0,-999,-999,4
80.5,11,48,6,-113.787,1,-149.958,0,0,20,0,-999,-999,4
80.5,11,48,6,-113.787,5,-155.503,6,6,0,1,-999,-999,4
80.5,12,40,5,-140.958,6,-120.825,4,4,0,1,-999,-999,0
80.5,12,40,5,-140.958,7,-122.693,2,2,0,1,-999,-999,0
80.5,12,40,5,-140.958,2,-132.653,5,5,20,0,-999,-999,0
80.5,12,40,5,-140.958,3,-142.975,4,4,20,0,-999,-999,0
80.5,12,40,5,-140.958,4,-146.268,3,4,20,0,-999,-999,0
80.5,12,40,5,-140.958,1,-160.122,0,0,20,0,-999,-999,0
80.5,17,4,3,-136.772,6,-96.3647,4,4,0,1,-999,-999,0
80.5,17,4,3,-136.772,7,-103.332,2,2,0,1,-999,-999,0
80.5,17,4,3,-136.772,4,-129.688,3,4,20,0,-999,-999,0
80.5,17,4,3,-136.772,2,-143.91,5,5,20,0,-999,-999,0
80.5,17,4,3,-136.772,1,-155.728,0,0,20,0,-999,-999,0
80.5,17,4,3,-136.772,5,-160.906,6,6,0,1,-999,-999,0
80.5,20,72,5,-86.3284,6,-120.421,4,4,0,1,-999,-999,0
80.5,20,72,5,-86.3284,7,-138.562,2,2,0,1,-999,-999,0
80.5,20,72,5,-86.3284,4,-139.678,3,4,20,0,-999,-999,0
80.5,20,72,5,-86.3284,2,-146.065,5,5,20,0,-999,-999,0
80.5,20,72,5,-86.3284,1,-149.314,0,0,20,0,-999,-999,0
80.5,20,72,5,-86.3284,3,-149.637,4,4,20,0,-999,-999,0
80.5,23,16,2,-99.6377,3,-93.0125,4,4,20,0,-999,-999,0
80.5,23,16,2,-99.6377,5,-105.306,6,6,0,1,-999,-999,0
80.5,23,16,2,-99.6377,4,-123.32,3,4,20,0,-999,-999,0
80.5,23,16,2,-99.6377,1,-129.345,0,0,20,0,-999,-999,0
80.5,23,16,2,-99.6377,7,-145.863,2,2,0,1,-999,-999,0
80.5,23,16,2,-99.6377,6,-150.52,4,4,0,1,-999,-999,0
80.5,24,6,3,-135.299,6,-107.034,4,4,0,1,-999,-999,0
80.5,24,6,3,-135.299,2,-119.914,5,5,20,0,-999,-999,0
80.5,24,6,3,-135.299,5,-121.913,6,6,0,1,-999,-999,0
80.5,24,6,3,-135.299,4,-128.071,3,4,20,0,-999,-999,0
80.5,24,6,3,-135.299,1,-134.814,0,0,20,0,-999,-999,0
80.5,24,6,3,-135.299,7,-147.05,2,2,0,1,-999,-999,0
80.5,30,13,2,-136.96,7,-107.916,2,2,0,1,-999,-999,0
80.5,30,13,2,-136.96,4,-125.656,3,4,20,0,-999,-999,0
80.5,30,13,2,-136.96,3,-128.668,4,4,20,0,-999,-999,0
80.5,30,13,2,-136.96,5,-128.703,6,6,0,1,-999,-999,0
80.5,30,13,2,-136.96,1,-139.432,0,0,20,0,-999,-999,0
80.5,30,13,2,-136.96,6,-142.204,4,4,0,1,-999,-999,0
80.5,35,48,5,-123.555,2,-126.966,5,5,20,0,-999,-999,0
80.5,35,48,5,-123.555,3,-129.615,4,4,20,0,-999,-999,0
80.5,35,48,5,-123.555,7,-135.631,2,2,0,1,-999,-999,0
80.5,35,48,5,-123.555,4,-136.632,3,4,20,0,-999,-999,0
80.5,35,48,5,-123.555,1,-140.827,0,0,20,0,-999,-999,0
80.5,35,48,5,-123.555,6,-148.313,4,4,0,1,-999,-999,0
80.5,37,24,6,-95.8486,4,-130.357,3,4,20,0,-999,-999,0
80.5,37,24,6,-95.8486,7,-140.557,2,2,0,1,-999,-999,0
80.5,37,24,6,-95.8486,2,-142.749,5,5,20,0,-999,-999,0
80.5,37,24,6,-95.8486,3,-144.377,4,4,20,0,-999,-999,0
80.5,37,24,6,-95.8486,5,-152.802,6,6,0,1,-999,-999,0
80.5,37,24,6,-95.8486,1,-153.343,0,0,20,0,-999,-999,0
80.5,39,14,2,-117.402,7,-111.57,2,2,0,1,-999,-999,0
80.5,39,14,2,-117.402,5,-121.978,6,6,0,1,-999,-999,0
80.5,39,14,2,-117.402,3,-129.636,4,4,20,0,-999,-999,0
80.5,39,14,2,-117.402,4,-140.826,3,4,20,0,-999,-999,0
80.5,39,14,2,-117.402,6,-142.871,4,4,0,1,-999,-999,0
80.5,39,14,2,-117.402,1,-146.531,0,0,20,0,-999,-999,0
80.5,46,20,4,-131.171,5,-136.916,6,6,0,1,-999,-999,0
80.5,46,20,4,-131.171,2,-138.04,5,5,20,0,-999,-999,0
80.5,46,20,4,-131.171,7,-143.17,2,2,0,1,-999,-999,0
80.5,46,20,4,-131.171,3,-146.033,4,4,20,0,-999,-999,0
80.5,46,20,4,-131.171,6,-153.766,4,4,0,1,-999,-999,0
80.5,46,20,4,-131.171,1,-162.198,0,0,20,0,-999,-999,0
80.5,48,40,6,-99.4305,5,-134.609,6,6,0,1,-999,-999,0
80.5,48,40,6,-99.4305,7,-138.023,2,2,0,1,-999,-999,0
80.5,48,40,6,-99.4305,4,-150.87,3,4,20,0,-999,-999,0
80.5,48,40,6,-99.4305,2,-152.657,5,5,20,0,-999,-999,0
80.5,48,40,6,-99.4305,3,-157.065,4,4,20,0,-999,-999,0
80.5,48,40,6,-99.4305,1,-168.26,0,0,20,0,-999,-999,0
80.5,54,15,2,-108.42,4,-93.4871,3,4,20,0,-999,-999,4
80.5,54,15,2,-108.42,3,-101.044,4,4,20,0,-999,-999,4
80.5,54,15,2,-108.42,6,-115.807,4,4,0,1,-999,-999,4
80.5,54,15,2,-108.42,7,-132.845,2,2,0,1,-999,-999,4
80.5,54,15,2,-108.42,5,-146.615,6,6,0,1,-999,-999,4
80.5,54,15,2,-108.42,1,-150.661,0,0,20,0,-999,-999,4
80.5,55,33,7,-100.287,4,-132.839,3,5,20,0,-999,-999,0
80.5,55,33,7,-100.287,2,-132.841,5,5,20,0,-999,-999,0
80.5,55,33,7,-100.287,6,-136.826,4,4,0,1,-999,-999,0
80.5,55,33,7,-100.287,3,-146.748,4,4,20,0,-999,-999,0
80.5,55,33,7,-100.287,1,-149.969,0,0,20,0,-999,-999,0
80.5,55,33,7,-100.287,5,-153.903,6,6,0,1,-999,-999,0
80.5,59,64,5,-146.033,2,-114.205,5,5,20,0,-999,-999,0
80.5,59,64,5,-146.033,7,-115.442,2,2,0,1,-999,-999,0
80.5,59,64,5,-146.033,4,-136.013,3,5,20,0,-999,-999,0
80.5,59,64,5,-146.033,3,-137.718,4,4,20,0,-999,-999,0
80.5,59,64,5,-146.033,6,-155.33,4,4,0,1,-999,-999,0
80.5,59,64,5,-146.033,1,-159.109,0,0,20,0,-999,-999,0
80.5,70,32,6,-139.428,5,-118.608,6,6,0,1,-999,-999,0
80.5,70,32,6,-139.428,4,-140.274,3,5,20,0,-999,-999,0
80.5,70,32,6,-139.428,7,-141.3,2,2,0,1,-999,-999,0
80.5,70,32,6,-139.428,3,-152.745,4,4,20,0,-999,-999,0
80.5,70,32,6,-139.428,2,-153.45,5,5,20,0,-999,-999,0
80.5,70,32,6,-139.428,1,-161.645,0,0,20,0,-999,-999,0
80.5,78,2,3,-113.946,5,-128.951,6,6,0,1,-999,-999,0
80.5,78,2,3,-113.946,2,-131.947,5,5,20,0,-999,-999,0
80.5,78,2,3,-113.946,4,-136.805,3,5,20,0,-999,-999,0
80.5,78,2,3,-113.946,1,-136.928,0,0,20,0,-999,-999,0
80.5,78,2,3,-113.946,6,-141.452,4,4,0,1,-999,-999,0
80.5,78,2,3,-113.946,7,-161.382,2,2,0,1,-999,-999,0
80.5,84,56,5,-86.5047,3,-133.939,4,4,20,0,-999,-999,0
80.5,84,56,5,-86.5047,2,-142.708,5,5,20,0,-999,-999,0
80.5,84,56,5,-86.5047,1,-143.072,0,0,20,0,-999,-999,0
80.5,84,56,5,-86.5047,7,-144.781,2,2,0,1,-999,-999,0
80.5,84,56,5,-86.5047,4,-147.079,3,5,20,0,-999,-999,0
80.5,84,56,5,-86.5047,6,-149.018,4,4,0,1,-999,-999,0
80.5,90,22,4,-81.8125,2,-121.425,5,5,20,0,-999,-999,0
80.5,90,22,4,-81.8125,6,-124.727,4,4,0,1,-999,-999,0
80.5,90,22,4,-81.8125,3,-128.876,4,4,20,0,-999,-999,0
80.5,90,22,4,-81.8125,1,-136.227,0,0,20,0,-999,-999,0
80.5,90,22,4,-81.8125,7,-138.412,2,2,0,1,-999,-999,0
80.5,90,22,4,-81.8125,5,-147.341,6,6,0,1,-999,-999,0
80.5,92,9,2,-99.2249,3,-81.5914,4,4,20,0,-999,-999,0
80.5,92,9,2,-99.2249,1,-115.921,0,0,20,0,-999,-999,0
80.5,92,9,2,-99.2249,4,-124.841,3,5,20,0,-999,-999,0
80.5,92,9,2,-99.2249,7,-127.036,2,2,0,1,-999,-999,0
80.5,92,9,2,-99.2249,6,-140.226,4,4,0,1,-999,-999,0
80.5,92,9,2,-99.2249,5,-144.909,6,6,0,1,-999,-999,0
80.5,97,5,3,-121.91,2,-104.581,5,5,20,0,-999,-999,0
80.5,97,5,3,-121.91,6,-111.616,4,4,0,1,-999,-999,0
80.5,97,5,3,-121.91,1,-113.659,0,0,20,0,-999,-999,0
80.5,97,5,3,-121.91,4,-116.951,3,5,20,0,-999,-999,0
80.5,97,5,3,-121.91,7,-137.885,2,2,0,1,-999,-999,0
80.5,97,5,3,-121.91,5,-144.16,6,6,0,1,-999,-999,0
80.5,100,16,4,-58.3354,6,-120.951,4,4,0,1,-999,-999,0
80.5,100,16,4,-58.3354,7,-123.043,2,2,0,1,-999,-999,0
80.5,100,16,4,-58.3354,2,-131.932,5,5,20,0,-999,-999,0
80.5,100,16,4,-58.3354,1,-140.785,0,0,20,0,-999,-999,0
80.5,100,16,4,-58.3354,3,-145.128,4,4,20,0,-999,-999,0
80.5,100,16,4,-58.3354,5,-148.624,6,6,0,1,-999,-999,0
80.5,102,80,5,-133.017,6,-111.259,4,4,0,1,-999,-999,0
80.5,102,80,5,-133.017,4,-121.022,3,5,20,0,-999,-999,0
80.5,102,80,5,-133.017,2,-146.289,5,5,20,0,-999,-999,0
80.5,102,80,5,-133.017,3,-155.715,4,4,20,0,-999,-999,0
80.5,102,80,5,-133.017,7,-167.977,2,2,0,1,-999,-999,0
80.5,102,80,5,-133.017,1,-168.157,0,0,20,0,-999,-999,0
82.5,9,32,7,-122.349,5,-123.452,7,7,0,1,-999,-999,0
82.5,9,32,7,-122.349,4,-125.644,5,5,20,0,-999,-999,0
82.5,9,32,7,-122.349,2,-127.45,4,4,20,0,-999,-999,0
82.5,9,32,7,-122.349,6,-129.385,3,3,0,1,-999,-999,0
82.5,9,32,7,-122.349,3,-137.681,4,4,20,0,-999,-999,0
82.5,9,32,7,-122.349,1,-144.981,0,0,20,0,-999,-999,0
82.5,11,24,4,-117.404,6,-117.025,3,3,0,1,-999,-999,0
82.5,11,24,4,-117.404,7,-140.374,2,2,0,1,-999,-999,0
82.5,11,24,4,-117.404,3,-141.806,4,4,20,0,-999,-999,0
82.5,11,24,4,-117.404,2,-149.299,4,4,20,0,-999,-999,0
82.5,11,24,4,-117.404,1,-154.807,0,0,20,0,-999,-999,0
82.5,11,24,4,-117.404,5,-156.732,7,7,0,1,-999,-999,0
82.5,12,40,5,-114.787,7,-109.616,2,2,0,1,-999,-999,0
82.5,12,40,5,-114.787,3,-141.88,4,4,20,0,-999,-999,0
82.5,12,40,5,-114.787,2,-145.972,4,4,20,0,-999,-999,0
82.5,12,40,5,-114.787,6,-150.878,3,3,0,1,-999,-999,0
82.5,12,40,5,-114.787,4,-159.344,5,5,20,0,-999,-999,0
82.5,12,40,5,-114.787,1,-163.036,0,0,20,0,-999,-999,0
82.5,17,4,3,-138.242,2,-100.295,4,4,20,0,-999,-999,0
82.5,17,4,3,-138.242,4,-116.495,5,5,20,0,-999,-999,0
82.5,17,4,3,-138.242,6,-122.343,3,3,0,1,-999,-999,0
82.5,17,4,3,-138.242,7,-143.897,2,2,0,1,-999,-999,0
82.5,17,4,3,-138.242,1,-160.482,0,0,20,0,-999,-999,0
82.5,17,4,3,-138.242,5,-174.773,7,7,0,1,-999,-999,0
82.5,20,72,5,-87.4271,7,-136.718,2,2,0,1,-999,-999,0
82.5,20,72,5,-87.4271,3,-148.558,4,4,20,0,-999,-999,0
82.5,20,72,5,-87.4271,1,-151.483,0,0,20,0,-999,-999,0
82.5,20,72,5,-87.4271,2,-152.487,4,4,20,0,-999,-999,0
82.5,20,72,5,-87.4271,4,-153.52,5,5,20,0,-999,-999,0
82.5,20,72,5,-87.4271,6,-164.724,3,3,0,1,-999,-999,0
82.5,23,16,2,-89.5844,3,-100.405,4,4,20,0,-999,-999,0
82.5,23,16,2,-89.5844,6,-114.081,3,3,0,1,-999,-999,0
82.5,23,16,2,-89.5844,1,-130.158,0,0,20,0,-999,-999,0
82.5,23,16,2,-89.5844,4,-131.992,5,5,20,0,-999,-999,0
82.5,23,16,2,-89.5844,7,-143.124,2,2,0,1,-999,-999,0
82.5,23,16,2,-89.5844,5,-143.595,7,7,0,1,-999,-999,0
82.5,24,6,3,-119.062,5,-97.7324,7,7,0,1,-999,-999,0
82.5,24,6,3,-119.062,2,-122.382,4,4,20,0,-999,-999,0
82.5,24,6,3,-119.062,1,-135.474,0,0,20,0,-999,-999,0
82.5,24,6,3,-119.062,4,-137.437,5,5,20,0,-999,-999,0
82.5,24,6,3,-119.062,7,-138.748,2,2,0,1,-999,-999,0
82.5,24,6,3,-119.062,6,-139.663,3,3,0,1,-999,-999,0
82.5,30,13,2,-133.151,3,-111.908,4,4,20,0,-999,-999,0
82.5,30,13,2,-133.151,6,-124.195,3,3,0,1,-999,-999,0
82.5,30,13,2,-133.151,5,-128.917,7,7,0,1,-999,-999,0
82.5,30,13,2,-133.151,4,-134.648,5,5,20,0,-999,-999,0
82.5,30,13,2,-133.151,7,-134.751,2,2,0,1,-999,-999,0
82.5,30,13,2,-133.151,1,-140.776,0,0,20,0,-999,-999,0
82.5,35,48,5,-103.692,7,-101.324,2,2,0,1,-999,-999,0
82.5,35,48,5,-103.692,6,-124.622,3,3,0,1,-999,-999,0
82.5,35,48,5,-103.692,4,-125.339,5,5,20,0,-999,-999,0
82.5,35,48,5,-103.692,3,-128.273,4,4,20,0,-999,-999,0
82.5,35,48,5,-103.692,2,-128.455,4,4,20,0,-999,-999,0
82.5,35,48,5,-103.692,1,-145.279,0,0,20,0,-999,-999,0
82.5,37,24,6,-137.59,2,-129.147,4,4,20,0,-999,-999,0
82.5,37,24,6,-137.59,4,-136.027,5,5,20,0,-999,-999,0
82.5,37,24,6,-137.59,7,-141.176,2,2,0,1,-999,-999,0
82.5,37,24,6,-137.59,3,-152.245,4,4,20,0,-999,-999,0
82.5,37,24,6,-137.59,5,-154.112,7,7,0,1,-999,-999,0
82.5,37,24,6,-137.59,1,-160.159,0,0,20,0,-999,-999,0
82.5,39,14,2,-139.16,4,-120.676,5,5,20,0,-999,-999,0
82.5,39,14,2,-139.16,3,-133.209,4,4,20,0,-999,-999,0
82.5,39,14,2,-139.16,5,-133.789,7,7,0,1,-999,-999,0
82.5,39,14,2,-139.16,7,-140.737,2,2,0,1,-999,-999,0
82.5,39,14,2,-139.16,6,-141.273,3,3,0,1,-999,-999,0
82.5,39,14,2,-139.16,1,-146.029,0,0,20,0,-999,-999,0
82.5,46,20,4,-116.148,6,-115.182,3,3,0,1,-999,-999,0
82.5,46,20,4,-116.148,7,-116.047,2,2,0,1,-999,-999,0
82.5,46,20,4,-116.148,2,-141.629,4,4,20,0,-999,-999,0
82.5,46,20,4,-116.148,5,-152.866,7,7,0,1,-999,-999,0
82.5,46,20,4,-116.148,3,-153.183,4,4,20,0,-999,-999,0
82.5,46,20,4,-116.148,1,-157.724,0,0,20,0,-999,-999,0
82.5,48,40,6,-100.065,7,-112.543,2,2,0,1,-999,-999,0
82.5,48,40,6,-100.065,2,-120.282,4,4,20,0,-999,-999,0
82.5,48,40,6,-100.065,5,-133.913,7,7,0,1,-999,-999,0
82.5,48,40,6,-100.065,4,-146.378,5,5,20,0,-999,-999,0
82.5,48,40,6,-100.065,1,-164.729,0,0,20,0,-999,-999,0
82.5,48,40,6,-100.065,3,-167.222,4,4,20,0,-999,-999,0
82.5,54,25,4,-112.088,2,-94.8137,4,4,20,0,-999,-999,0
82.5,54,25,4,-112.088,5,-130.475,7,7,0,1,-999,-999,0
82.5,54,25,4,-112.088,7,-136.77,2,2,0,1,-999,-999,0
82.5,54,25,4,-112.088,3,-141.011,4,4,20,0,-999,-999,0
82.5,54,25,4,-112.088,6,-141.832,3,3,0,1,-999,-999,0
82.5,54,25,4,-112.088,1,-149.413,0,0,20,0,-999,-999,0
82.5,55,33,7,-125.269,4,-96.7719,5,5,20,0,-999,-999,0
82.5,55,33,7,-125.269,2,-116.264,4,4,20,0,-999,-999,0
82.5,55,33,7,-125.269,6,-141.248,3,3,0,1,-999,-999,0
82.5,55,33,7,-125.269,3,-141.609,4,4,20,0,-999,-999,0
82.5,55,33,7,-125.269,5,-147.752,7,7,0,1,-999,-999,0
82.5,55,33,7,-125.269,1,-153.099,0,0,20,0,-999,-999,0
82.5,59,64,5,-141.614,4,-126.362,5,5,20,0,-999,-999,0
82.5,59,64,5,-141.614,2,-139.549,4,4,20,0,-999,-999,0
82.5,59,64,5,-141.614,3,-139.592,4,4,20,0,-999,-999,0
82.5,59,64,5,-141.614,7,-144.227,2,2,0,1,-999,-999,0
82.5,59,64,5,-141.614,6,-145.812,3,3,0,1,-999,-999,0
82.5,59,64,5,-141.614,1,-159.527,0,0,20,0,-999,-999,0
82.5,68,88,5,-121.597,3,-125.792,4,4,20,0,-999,-999,0
82.5,68,88,5,-121.597,4,-138.033,5,5,20,0,-999,-999,0
82.5,68,88,5,-121.597,6,-147.763,3,3,0,1,-999,-999,0
82.5,68,88,5,-121.597,7,-153.183,2,2,0,1,-999,-999,0
82.5,68,88,5,-121.597,2,-153.981,4,4,20,0,-999,-999,0
82.5,68,88,5,-121.597,1,-161.849,0,0,20,0,-999,-999,0
82.5,70,32,6,-132.702,7,-123.573,2,2,0,1,-999,-999,0
82.5,70,32,6,-132.702,4,-138.497,5,5,20,0,-999,-999,0
82.5,70,32,6,-132.702,3,-149.264,4,4,20,0,-999,-999,0
82.5,70,32,6,-132.702,5,-150.095,7,7,0,1,-999,-999,0
82.5,70,32,6,-132.702,2,-157.92,4,4,20,0,-999,-999,0
82.5,70,32,6,-132.702,1,-163.413,0,0,20,0,-999,-999,0
82.5,78,2,3,-94.4989,2,-122.793,4,4,20,0,-999,-999,0
82.5,78,2,3,-94.4989,5,-126.554,7,7,0,1,-999,-999,0
82.5,78,2,3,-94.4989,1,-126.571,0,0,20,0,-999,-999,0
82.5,78,2,3,-94.4989,4,-136.301,5,5,20,0,-999,-999,0
82.5,78,2,3,-94.4989,6,-137.436,3,3,0,1,-999,-999,0
82.5,78,2,3,-94.4989,7,-164.519,2,2,0,1,-999,-999,0
82.5,84,56,5,-111.895,7,-117.119,2,2,0,1,-999,-999,0
82.5,84,56,5,-111.895,3,-130.356,4,4,20,0,-999,-999,0
82.5,84,56,5,-111.895,6,-131.828,3,3,0,1,-999,-999,0
82.5,84,56,5,-111.895,2,-134.803,4,4,20,0,-999,-999,0
82.5,84,56,5,-111.895,1,-142.924,0,0,20,0,-999,-999,0
82.5,84,56,5,-111.895,4,-154.016,5,5,20,0,-999,-999,0
82.5,90,22,4,-115.618,3,-108.99,4,4,20,0,-999,-999,0
82.5,90,22,4,-115.618,6,-121.999,3,3,0,1,-999,-999,0
82.5,90,22,4,-115.618,2,-125.414,4,4,20,0,-999,-999,0
82.5,90,22,4,-115.618,1,-133.873,0,0,20,0,-999,-999,0
82.5,90,22,4,-115.618,7,-138.149,2,2,0,1,-999,-999,0
82.5,90,22,4,-115.618,5,-149.304,7,7,0,1,-999,-999,0
82.5,92,9,2,-76.0409,6,-107.559,3,3,0,1,-999,-999,0
82.5,92,9,2,-76.0409,3,-115.124,4,4,20,0,-999,-999,0
82.5,92,9,2,-76.0409,1,-121.003,0,0,20,0,-999,-999,0
82.5,92,9,2,-76.0409,4,-138.84,5,5,20,0,-999,-999,0
82.5,92,9,2,-76.0409,7,-146.782,2,2,0,1,-999,-999,0
82.5,92,9,2,-76.0409,5,-148.748,7,7,0,1,-999,-999,0
82.5,97,5,3,-100.076,2,-70.6437,4,4,20,0,-999,-999,2
82.5,97,5,3,-100.076,1,-114.434,0,0,20,0,-999,-999,2
82.5,97,5,3,-100.076,5,-125.802,7,7,0,1,-999,-999,2
82.5,97,5,3,-100.076,4,-131.338,5,5,20,0,-999,-999,2
82.5,97,5,3,-100.076,7,-137.011,2,2,0,1,-999,-999,2
82.5,97,5,3,-100.076,6,-138.575,3,3,0,1,-999,-999,2
82.5,100,16,4,-78.8771,2,-111.952,4,5,20,0,-999,-999,0
82.5,100,16,4,-78.8771,5,-122.654,7,7,0,1,-999,-999,0
82.5,100,16,4,-78.8771,7,-129.089,2,2,0,1,-999,-999,0
82.5,100,16,4,-78.8771,6,-137.297,3,3,0,1,-999,-999,0
82.5,100,16,4,-78.8771,3,-140.995,4,4,20,0,-999,-999,0
82.5,100,16,4,-78.8771,1,-141.142,0,0,20,0,-999,-999,0
82.5,102,80,5,-136.707,6,-140.067,3,3,0,1,-999,-999,0
82.5,102,80,5,-136.707,4,-144.638,5,5,20,0,-999,-999,0
82.5,102,80,5,-136.707,2,-148.05,4,5,20,0,-999,-999,0
82.5,102,80,5,-136.707,3,-149.179,4,4,20,0,-999,-999,0
82.5,102,80,5,-136.707,1,-167.456,0,0,20,0,-999,-999,0
82.5,102,80,5,-136.707,7,-170.035,2,2,0,1,-999,-999,0
84.5,9,32,7,-122.455,2,-122.712,5,5,20,0,-999,-999,0
84.5,9,32,7,-122.455,3,-133.118,3,3,20,0,-999,-999,0
84.5,9,32,7,-122.455,4,-136.56,5,5,20,0,-999,-999,0
84.5,9,32,7,-122.455,5,-143.637,7,7,0,1,-999,-999,0
84.5,9,32,7,-122.455,1,-145.014,0,0,20,0,-999,-999,0
84.5,9,32,7,-122.455,6,-145.951,3,3,0,1,-999,-999,0
84.5,11,24,4,-121.488,6,-106.293,3,3,0,1,-999,-999,0
84.5,11,24,4,-121.488,2,-125.391,5,5,20,0,-999,-999,0
84.5,11,24,4,-121.488,7,-128.758,2,2,0,1,-999,-999,0
84.5,11,24,4,-121.488,3,-128.873,3,3,20,0,-999,-999,0
84.5,11,24,4,-121.488,5,-149.611,7,7,0,1,-999,-999,0
84.5,11,24,4,-121.488,1,-150.508,0,0,20,0,-999,-999,0
84.5,12,40,5,-133.621,7,-129.564,2,2,0,1,-999,-999,0
84.5,12,40,5,-133.621,3,-141.047,3,3,20,0,-999,-999,0
84.5,12,40,5,-133.621,2,-144.709,5,5,20,0,-999,-999,0
84.5,12,40,5,-133.621,4,-158.879,5,5,20,0,-999,-999,0
84.5,12,40,5,-133.621,6,-159.221,3,3,0,1,-999,-999,0
84.5,12,40,5,-133.621,1,-162.02,0,0,20,0,-999,-999,0
84.5,17,4,3,-143.319,2,-100.103,5,5,20,0,-999,-999,2
84.5,17,4,3,-143.319,7,-121.442,2,2,0,1,-999,-999,2
84.5,17,4,3,-143.319,4,-133.867,5,5,20,0,-999,-999,2
84.5,17,4,3,-143.319,6,-135.507,3,3,0,1,-999,-999,2
84.5,17,4,3,-143.319,1,-156.288,0,0,20,0,-999,-999,2
84.5,17,4,3,-143.319,5,-172.717,7,7,0,1,-999,-999,2
84.5,20,72,5,-113.072,2,-138.167,5,6,20,0,-999,-999,0
84.5,20,72,5,-113.072,7,-140.123,2,2,0,1,-999,-999,0
84.5,20,72,5,-113.072,6,-144.792,3,3,0,1,-999,-999,0
84.5,20,72,5,-113.072,3,-147.442,3,3,20,0,-999,-999,0
84.5,20,72,5,-113.072,1,-151.141,0,0,20,0,-999,-999,0
84.5,20,72,5,-113.072,4,-155.812,5,5,20,0,-999,-999,0
84.5,23,16,2,-120.356,3,-100.08,3,3,20,0,-999,-999,0
84.5,23,16,2,-120.356,7,-103.101,2,2,0,1,-999,-999,0
84.5,23,16,2,-120.356,1,-127.074,0,0,20,0,-999,-999,0
84.5,23,16,2,-120.356,4,-137.605,5,5,20,0,-999,-999,0
84.5,23,16,2,-120.356,6,-141.039,3,3,0,1,-999,-999,0
84.5,23,16,2,-120.356,5,-141.409,7,7,0,1,-999,-999,0
84.5,24,6,3,-121.704,4,-118.803,5,5,20,0,-999,-999,0
84.5,24,6,3,-121.704,6,-120.566,3,3,0,1,-999,-999,0
84.5,24,6,3,-121.704,5,-125.392,7,7,0,1,-999,-999,0
84.5,24,6,3,-121.704,2,-134.116,5,6,20,0,-999,-999,0
84.5,24,6,3,-121.704,1,-145.856,0,0,20,0,-999,-999,0
84.5,24,6,3,-121.704,7,-151.292,2,2,0,1,-999,-999,0
84.5,30,13,2,-134.014,1,-129.544,0,0,20,0,-999,-999,0
84.5,30,13,2,-134.014,5,-129.973,7,7,0,1,-999,-999,0
84.5,30,13,2,-134.014,3,-132.244,3,3,20,0,-999,-999,0
84.5,30,13,2,-134.014,7,-133.397,2,2,0,1,-999,-999,0
84.5,30,13,2,-134.014,4,-138.564,5,5,20,0,-999,-999,0
84.5,30,13,2,-134.014,6,-149.373,3,3,0,1,-999,-999,0
84.5,35,48,5,-122.901,3,-100.845,3,3,20,0,-999,-999,0
84.5,35,48,5,-122.901,2,-102.18,5,6,20,0,-999,-999,0
84.5,35,48,5,-122.901,6,-133.262,3,3,0,1,-999,-999,0
84.5,35,48,5,-122.901,7,-135.836,2,2,0,1,-999,-999,0
84.5,35,48,5,-122.901,4,-137.152,5,5,20,0,-999,-999,0
84.5,35,48,5,-122.901,1,-142.745,0,0,20,0,-999,-999,0
84.5,37,24,6,-131.046,4,-136.727,5,5,20,0,-999,-999,0
84.5,37,24,6,-131.046,7,-142.577,2,2,0,1,-999,-999,0
84.5,37,24,6,-131.046,3,-142.988,3,3,20,0,-999,-999,0
84.5,37,24,6,-131.046,2,-145.452,5,6,20,0,-999,-999,0
84.5,37,24,6,-131.046,5,-148.912,7,7,0,1,-999,-999,0
84.5,37,24,6,-131.046,1,-154.434,0,0,20,0,-999,-999,0
84.5,39,14,2,-108.898,7,-118.497,2,2,0,1,-999,-999,0
84.5,39,14,2,-108.898,4,-133.126,5,5,20,0,-999,-999,0
84.5,39,14,2,-108.898,5,-134.116,7,7,0,1,-999,-999,0
84.5,39,14,2,-108.898,3,-134.557,3,3,20,0,-999,-999,0
84.5,39,14,2,-108.898,6,-141.832,3,3,0,1,-999,-999,0
84.5,39,14,2,-108.898,1,-145.146,0,0,20,0,-999,-999,0
84.5,46,20,4,-133.94,5,-112.548,7,7,0,1,-999,-999,0
84.5,46,20,4,-133.94,7,-143.402,2,2,0,1,-999,-999,0
84.5,46,20,4,-133.94,3,-149.136,3,3,20,0,-999,-999,0
84.5,46,20,4,-133.94,2,-151.827,5,6,20,0,-999,-999,0
84.5,46,20,4,-133.94,6,-152.641,3,3,0,1,-999,-999,0
84.5,46,20,4,-133.94,1,-162.372,0,0,20,0,-999,-999,0
84.5,48,40,6,-113.26,7,-111.523,2,2,0,1,-999,-999,0
84.5,48,40,6,-113.26,4,-145.945,5,5,20,0,-999,-999,0
84.5,48,40,6,-113.26,5,-149.084,7,7,0,1,-999,-999,0
84.5,48,40,6,-113.26,2,-153.302,5,6,20,0,-999,-999,0
84.5,48,40,6,-113.26,3,-158.616,3,3,20,0,-999,-999,0
84.5,48,40,6,-113.26,1,-167.285,0,0,20,0,-999,-999,0
84.5,54,25,4,-91.9713,7,-107.428,2,2,0,1,-999,-999,0
84.5,54,25,4,-91.9713,2,-118.92,5,6,20,0,-999,-999,0
84.5,54,25,4,-91.9713,3,-145.093,3,3,20,0,-999,-999,0
84.5,54,25,4,-91.9713,6,-145.76,3,3,0,1,-999,-999,0
84.5,54,25,4,-91.9713,5,-146.591,7,7,0,1,-999,-999,0
84.5,54,25,4,-91.9713,1,-149.772,0,0,20,0,-999,-999,0
84.5,55,33,7,-107.659,2,-113.139,5,6,20,0,-999,-999,0
84.5,55,33,7,-107.659,5,-115.111,7,7,0,1,-999,-999,0
84.5,55,33,7,-107.659,6,-121.381,3,3,0,1,-999,-999,0
84.5,55,33,7,-107.659,4,-130.188,5,5,20,0,-999,-999,0
84.5,55,33,7,-107.659,3,-141.92,3,3,20,0,-999,-999,0
84.5,55,33,7,-107.659,1,-150.468,0,0,20,0,-999,-999,0
84.5,59,64,5,-140.4,3,-136.119,3,3,20,0,-999,-999,0
84.5,59,64,5,-140.4,2,-144.343,5,6,20,0,-999,-999,0
84.5,59,64,5,-140.4,7,-146.461,2,2,0,1,-999,-999,0
84.5,59,64,5,-140.4,4,-147.812,5,5,20,0,-999,-999,0
84.5,59,64,5,-140.4,1,-156.955,0,0,20,0,-999,-999,0
84.5,59,64,5,-140.4,6,-162.155,3,3,0,1,-999,-999,0
84.5,68,88,5,-99.4023,6,-124.345,3,3,0,1,-999,-999,0
84.5,68,88,5,-99.4023,3,-136.911,3,3,20,0,-999,-999,0
84.5,68,88,5,-99.4023,7,-154.125,2,2,0,1,-999,-999,0
84.5,68,88,5,-99.4023,2,-155.59,5,6,20,0,-999,-999,0
84.5,68,88,5,-99.4023,1,-157.168,0,0,20,0,-999,-999,0
84.5,68,88,5,-99.4023,4,-160.033,5,5,20,0,-999,-999,0
84.5,70,32,6,-140.304,4,-106.83,5,5,20,0,-999,-999,0
84.5,70,32,6,-140.304,7,-131.848,2,2,0,1,-999,-999,0
84.5,70,32,6,-140.304,2,-141.405,5,6,20,0,-999,-999,0
84.5,70,32,6,-140.304,3,-154.526,3,3,20,0,-999,-999,0
84.5,70,32,6,-140.304,5,-162.037,7,7,0,1,-999,-999,0
84.5,70,32,6,-140.304,1,-164.099,0,0,20,0,-999,-999,0
84.5,78,2,3,-112.005,5,-89.8941,7,7,0,1,-999,-999,0
84.5,78,2,3,-112.005,2,-117.296,5,6,20,0,-999,-999,0
84.5,78,2,3,-112.005,1,-125.164,0,0,20,0,-999,-999,0
84.5,78,2,3,-112.005,6,-126.404,3,3,0,1,-999,-999,0
84.5,78,2,3,-112.005,4,-140.42,5,5,20,0,-999,-999,0
84.5,78,2,3,-112.005,7,-158.779,2,2,0,1,-999,-999,0
84.5,84,56,5,-127.748,3,-132.14,3,3,20,0,-999,-999,0
84.5,84,56,5,-127.748,1,-138.397,0,0,20,0,-999,-999,0
84.5,84,56,5,-127.748,2,-142.427,5,6,20,0,-999,-999,0
84.5,84,56,5,-127.748,6,-143.811,3,3,0,1,-999,-999,0
84.5,84,56,5,-127.748,4,-146.041,5,5,20,0,-999,-999,0
84.5,84,56,5,-127.748,7,-157.215,2,2,0,1,-999,-999,0
84.5,90,22,4,-106.939,3,-106.971,3,3,20,0,-999,-999,0
84.5,90,22,4,-106.939,2,-125.581,5,6,20,0,-999,-999,0
84.5,90,22,4,-106.939,7,-127.246,2,2,0,1,-999,-999,0
84.5,90,22,4,-106.939,6,-127.391,3,3,0,1,-999,-999,0
84.5,90,22,4,-106.939,1,-134.467,0,0,20,0,-999,-999,0
84.5,90,22,4,-106.939,5,-137.957,7,7,0,1,-999,-999,0
84.5,92,9,2,-111.939,1,-111.686,0,0,20,0,-999,-999,0
84.5,92,9,2,-111.939,3,-112.444,3,3,20,0,-999,-999,0
84.5,92,9,2,-111.939,7,-137.83,2,2,0,1,-999,-999,0
84.5,92,9,2,-111.939,4,-139.456,5,5,20,0,-999,-999,0
84.5,92,9,2,-111.939,5,-143.298,7,7,0,1,-999,-999,0
84.5,92,9,2,-111.939,6,-143.927,3,3,0,1,-999,-999,0
84.5,97,17,2,-107.403,7,-115.659,2,2,0,1,-999,-999,0
84.5,97,17,2,-107.403,1,-118.454,0,0,20,0,-999,-999,0
84.5,97,17,2,-107.403,4,-125.078,5,5,20,0,-999,-999,0
84.5,97,17,2,-107.403,3,-126.69,3,3,20,0,-999,-999,0
84.5,97,17,2,-107.403,6,-127.186,3,3,0,1,-999,-999,0
84.5,97,17,2,-107.403,5,-143.864,7,7,0,1,-999,-999,0
84.5,100,16,4,-66.1373,6,-88.2953,3,3,0,1,-999,-999,0
84.5,100,16,4,-66.1373,5,-113.253,7,7,0,1,-999,-999,0
84.5,100,16,4,-66.1373,7,-126.718,2,2,0,1,-999,-999,0
84.5,100,16,4,-66.1373,3,-128.242,3,3,20,0,-999,-999,0
84.5,100,16,4,-66.1373,2,-129.372,5,6,20,0,-999,-999,0
84.5,100,16,4,-66.1373,1,-140.936,0,0,20,0,-999,-999,0
84.5,102,80,5,-138.503,3,-126.164,3,3,20,0,-999,-999,0
84.5,102,80,5,-138.503,6,-143.283,3,3,0,1,-999,-999,0
84.5,102,80,5,-138.503,4,-147.984,5,5,20,0,-999,-999,0
84.5,102,80,5,-138.503,2,-150.162,5,6,20,0,-999,-999,0
84.5,102,80,5,-138.503,1,-158.72,0,0,20,0,-999,-999,0
84.5,102,80,5,-138.503,7,-169.701,2,2,0,1,-999,-999,0
86.5,9,32,7,-125.279,6,-105.228,3,3,0,1,-999,-999,0
86.5,9,32,7,-125.279,2,-122.638,6,6,20,0,-999,-999,0
86.5,9,32,7,-125.279,4,-124.667,5,5,20,0,-999,-999,0
86.5,9,32,7,-125.279,3,-127.275,2,2,20,0,-999,-999,0
86.5,9,32,7,-125.279,5,-147.65,7,7,0,1,-999,-999,0
86.5,9,32,7,-125.279,1,-148.869,0,0,20,0,-999,-999,0
86.5,11,24,4,-122.896,7,-103.42,2,2,0,1,-999,-999,0
86.5,11,24,4,-122.896,6,-116.895,3,3,0,1,-999,-999,0
86.5,11,24,4,-122.896,2,-123.296,6,6,20,0,-999,-999,0
86.5,11,24,4,-122.896,5,-137.164,7,7,0,1,-999,-999,0
86.5,11,24,4,-122.896,1,-152.177,0,0,20,0,-999,-999,0
86.5,11,24,4,-122.896,3,-152.783,2,2,20,0,-999,-999,0
86.5,12,40,5,-136.083,3,-123.214,2,2,20,0,-999,-999,0
86.5,12,40,5,-136.083,4,-132.513,5,5,20,0,-999,-999,0
86.5,12,40,5,-136.083,2,-133.863,6,6,20,0,-999,-999,0
86.5,12,40,5,-136.083,7,-147.06,2,2,0,1,-999,-999,0
86.5,12,40,5,-136.083,6,-153.73,3,3,0,1,-999,-999,0
86.5,12,40,5,-136.083,1,-159.568,0,0,20,0,-999,-999,0
86.5,17,18,2,-125.625,4,-106.565,5,5,20,0,-999,-999,0
86.5,17,18,2,-125.625,3,-116.838,2,2,20,0,-999,-999,0
86.5,17,18,2,-125.625,6,-133.473,3,3,0,1,-999,-999,0
86.5,17,18,2,-125.625,7,-136.807,2,2,0,1,-999,-999,0
86.5,17,18,2,-125.625,1,-157.664,0,0,20,0,-999,-999,0
86.5,17,18,2,-125.625,5,-164.957,7,7,0,1,-999,-999,0
86.5,20,72,5,-113.648,2,-115.245,6,6,20,0,-999,-999,0
86.5,20,72,5,-113.648,3,-137.84,2,2,20,0,-999,-999,0
86.5,20,72,5,-113.648,7,-147.289,2,2,0,1,-999,-999,0
86.5,20,72,5,-113.648,6,-150.333,3,3,0,1,-999,-999,0
86.5,20,72,5,-113.648,1,-150.462,0,0,20,0,-999,-999,0
86.5,20,72,5,-113.648,4,-155.654,5,5,20,0,-999,-999,0
86.5,23,16,2,-102.069,3,-107.722,2,2,20,0,-999,-999,0
86.5,23,16,2,-102.069,5,-129.418,7,7,0,1,-999,-999,0
86.5,23,16,2,-102.069,1,-131.661,0,0,20,0,-999,-999,0
86.5,23,16,2,-102.069,7,-132.702,2,2,0,1,-999,-999,0
86.5,23,16,2,-102.069,4,-139.322,5,5,20,0,-999,-999,0
86.5,23,16,2,-102.069,6,-140.436,3,3,0,1,-999,-999,0
86.5,24,6,3,-97.8283,6,-100.901,3,3,0,1,-999,-999,0
86.5,24,6,3,-97.8283,5,-119.329,7,7,0,1,-999,-999,0
86.5,24,6,3,-97.8283,2,-130.215,6,6,20,0,-999,-999,0
86.5,24,6,3,-97.8283,1,-142.561,0,0,20,0,-999,-999,0
86.5,24,6,3,-97.8283,4,-148.371,5,5,20,0,-999,-999,0
86.5,24,6,3,-97.8283,7,-153.866,2,2,0,1,-999,-999,0
86.5,30,13,2,-95.1571,3,-113.856,2,2,20,0,-999,-999,0
86.5,30,13,2,-95.1571,5,-115.513,7,7,0,1,-999,-999,0
86.5,30,13,2,-95.1571,4,-131.456,5,5,20,0,-999,-999,0
86.5,30,13,2,-95.1571,7,-139.692,2,2,0,1,-999,-999,0
86.5,30,13,2,-95.1571,1,-140.453,0,0,20,0,-999,-999,0
86.5,30,13,2,-95.1571,6,-146.731,3,3,0,1,-999,-999,0
86.5,35,48,5,-127.692,2,-119.1,6,6,20,0,-999,-999,0
86.5,35,48,5,-127.692,3,-132.073,2,2,20,0,-999,-999,0
86.5,35,48,5,-127.692,7,-135.522,2,2,0,1,-999,-999,0
86.5,35,48,5,-127.692,4,-136.14,5,5,20,0,-999,-999,0
86.5,35,48,5,-127.692,1,-141.898,0,0,20,0,-999,-999,0
86.5,35,48,5,-127.692,6,-146.78,3,3,0,1,-999,-999,0
86.5,37,24,6,-131.476,4,-131.563,5,5,20,0,-999,-999,0
86.5,37,24,6,-131.476,7,-137.13,2,2,0,1,-999,-999,0
86.5,37,24,6,-131.476,5,-142.107,7,7,0,1,-999,-999,0
86.5,37,24,6,-131.476,2,-145.162,6,6,20,0,-999,-999,0
86.5,37,24,6,-131.476,3,-148.787,2,2,20,0,-999,-999,0
86.5,37,24,6,-131.476,1,-155.331,0,0,20,0,-999,-999,0
86.5,39,14,2,-132.656,7,-103.065,2,2,0,1,-999,-999,0
86.5,39,14,2,-132.656,4,-124.084,5,5,20,0,-999,-999,0
86.5,39,14,2,-132.656,5,-133.212,7,7,0,1,-999,-999,0
86.5,39,14,2,-132.656,3,-136.077,2,2,20,0,-999,-999,0
86.5,39,14,2,-132.656,6,-146.086,3,3,0,1,-999,-999,0
86.5,39,14,2,-132.656,1,-149.564,0,0,20,0,-999,-999,0
86.5,46,20,4,-137.684,5,-123.456,7,7,0,1,-999,-999,0
86.5,46,20,4,-137.684,2,-132.839,6,6,20,0,-999,-999,0
86.5,46,20,4,-137.684,7,-142.766,2,2,0,1,-999,-999,0
86.5,46,20,4,-137.684,3,-151.031,2,2,20,0,-999,-999,0
86.5,46,20,4,-137.684,6,-155.093,3,3,0,1,-999,-999,0
86.5,46,20,4,-137.684,1,-163.337,0,0,20,0,-999,-999,0
86.5,48,40,6,-131.76,3,-138.336,2,2,20,0,-999,-999,0
86.5,48,40,6,-131.76,4,-145.46,5,5,20,0,-999,-999,0
86.5,48,40,6,-131.76,5,-145.714,7,7,0,1,-999,-999,0
86.5,48,40,6,-131.76,2,-149.564,6,6,20,0,-999,-999,0
86.5,48,40,6,-131.76,7,-154.864,2,2,0,1,-999,-999,0
86.5,48,40,6,-131.76,1,-163.894,0,0,20,0,-999,-999,0
86.5,54,25,4,-126.047,5,-118.575,7,7,0,1,-999,-999,0
86.5,54,25,4,-126.047,7,-120.814,2,2,0,1,-999,-999,0
86.5,54,25,4,-126.047,3,-127.689,2,2,20,0,-999,-999,0
86.5,54,25,4,-126.047,2,-134.283,6,6,20,0,-999,-999,0
86.5,54,25,4,-126.047,6,-144.61,3,3,0,1,-999,-999,0
86.5,54,25,4,-126.047,1,-147.158,0,0,20,0,-999,-999,0
86.5,55,33,7,-97.8606,4,-134.668,5,5,20,0,-999,-999,0
86.5,55,33,7,-97.8606,2,-139.009,6,6,20,0,-999,-999,0
86.5,55,33,7,-97.8606,6,-142.667,3,3,0,1,-999,-999,0
86.5,55,33,7,-97.8606,3,-143.901,2,2,20,0,-999,-999,0
86.5,55,33,7,-97.8606,1,-151.021,0,0,20,0,-999,-999,0
86.5,55,33,7,-97.8606,5,-154.174,7,7,0,1,-999,-999,0
86.5,59,64,5,-142.002,3,-118.608,2,2,20,0,-999,-999,0
86.5,59,64,5,-142.002,6,-135.368,3,3,0,1,-999,-999,0
86.5,59,64,5,-142.002,2,-140.577,6,6,20,0,-999,-999,0
86.5,59,64,5,-142.002,4,-146.17,5,5,20,0,-999,-999,0
86.5,59,64,5,-142.002,7,-146.64,2,2,0,1,-999,-999,0
86.5,59,64,5,-142.002,1,-156.652,0,0,20,0,-999,-999,0
86.5,68,88,5,-145.644,4,-136.606,5,5,20,0,-999,-999,0
86.5,68,88,5,-145.644,7,-139.591,2,2,0,1,-999,-999,0
86.5,68,88,5,-145.644,3,-142.195,2,2,20,0,-999,-999,0
86.5,68,88,5,-145.644,6,-144.133,3,3,0,1,-999,-999,0
86.5,68,88,5,-145.644,2,-149.514,6,6,20,0,-999,-999,0
86.5,68,88,5,-145.644,1,-162.656,0,0,20,0,-999,-999,0
86.5,70,32,6,-137.665,7,-125.699,2,2,0,1,-999,-999,0
86.5,70,32,6,-137.665,2,-133.783,6,6,20,0,-999,-999,0
86.5,70,32,6,-137.665,4,-140.462,5,5,20,0,-999,-999,0
86.5,70,32,6,-137.665,5,-152.717,7,7,0,1,-999,-999,0
86.5,70,32,6,-137.665,3,-156.525,2,2,20,0,-999,-999,0
86.5,70,32,6,-137.665,1,-164.046,0,0,20,0,-999,-999,0
86.5,78,2,3,-117.097,5,-117.476,7,7,0,1,-999,-999,0
86.5,78,2,3,-117.097,2,-121.581,6,6,20,0,-999,-999,0
86.5,78,2,3,-117.097,4,-127.915,5,5,20,0,-999,-999,0
86.5,78,2,3,-117.097,1,-130.055,0,0,20,0,-999,-999,0
86.5,78,2,3,-117.097,6,-138.88,3,3,0,1,-999,-999,0
86.5,78,2,3,-117.097,7,-158.212,2,2,0,1,-999,-999,0
86.5,84,56,5,-127.925,2,-114.832,6,6,20,0,-999,-999,0
86.5,84,56,5,-127.925,3,-124.519,2,2,20,0,-999,-999,0
86.5,84,56,5,-127.925,1,-139.136,0,0,20,0,-999,-999,0
86.5,84,56,5,-127.925,6,-141.378,3,3,0,1,-999,-999,0
86.5,84,56,5,-127.925,7,-143.606,2,2,0,1,-999,-999,0
86.5,84,56,5,-127.925,4,-146.856,5,5,20,0,-999,-999,0
86.5,90,22,4,-84.7766,2,-123.652,6,6,20,0,-999,-999,0
86.5,90,22,4,-84.7766,3,-125.515,2,2,20,0,-999,-999,0
86.5,90,22,4,-84.7766,7,-131.981,2,2,0,1,-999,-999,0
86.5,90,22,4,-84.7766,6,-132.028,3,3,0,1,-999,-999,0
86.5,90,22,4,-84.7766,1,-134.719,0,0,20,0,-999,-999,0
86.5,90,22,4,-84.7766,5,-146.482,7,7,0,1,-999,-999,0
86.5,92,9,2,-114.218,1,-108.904,0,0,20,0,-999,-999,0
86.5,92,9,2,-114.218,3,-119.621,2,2,20,0,-999,-999,0
86.5,92,9,2,-114.218,5,-121.445,7,7,0,1,-999,-999,0
86.5,92,9,2,-114.218,7,-126.198,2,2,0,1,-999,-999,0
86.5,92,9,2,-114.218,4,-135.818,5,5,20,0,-999,-999,0
86.5,92,9,2,-114.218,6,-142.992,3,3,0,1,-999,-999,0
86.5,97,17,2,-81.4646,6,-107.543,3,3,0,1,-999,-999,0
86.5,97,17,2,-81.4646,4,-109.101,5,5,20,0,-999,-999,0
86.5,97,17,2,-81.4646,3,-120.984,2,2,20,0,-999,-999,0
86.5,97,17,2,-81.4646,1,-124.405,0,0,20,0,-999,-999,0
86.5,97,17,2,-81.4646,7,-133.398,2,2,0,1,-999,-999,0
86.5,97,17,2,-81.4646,5,-144.663,7,7,0,1,-999,-999,0
86.5,100,16,4,-81.5124,6,-88.6467,3,3,0,1,-999,-999,0
86.5,100,16,4,-81.5124,5,-112.933,7,7,0,1,-999,-999,0
86.5,100,16,4,-81.5124,3,-123.86,2,2,20,0,-999,-999,0
86.5,100,16,4,-81.5124,7,-131.13,2,2,0,1,-999,-999,0
86.5,100,16,4,-81.5124,2,-134.886,6,6,20,0,-999,-999,0
86.5,100,16,4,-81.5124,1,-137.98,0,0,20,0,-999,-999,0
86.5,102,80,5,-124.557,6,-107.659,3,3,0,1,-999,-999,0
86.5,102,80,5,-124.557,4,-135.368,5,5,20,0,-999,-999,0
86.5,102,80,5,-124.557,2,-149.409,6,6,20,0,-999,-999,0
86.5,102,80,5,-124.557,3,-154.96,2,2,20,0,-999,-999,0
86.5,102,80,5,-124.557,7,-170.563,2,2,0,1,-999,-999,0
86.5,102,80,5,-124.557,1,-170.909,0,0,20,0,-999,-999,0
88.5,9,32,7,-121,2,-107.292,6,6,20,0,-999,-999,0
88.5,9,32,7,-121,5,-116.882,7,7,0,1,-999,-999,0
88.5,9,32,7,-121,4,-122.691,5,5,20,0,-999,-999,0
88.5,9,32,7,-121,6,-128.256,3,3,0,1,-999,-999,0
88.5,9,32,7,-121,3,-135.437,2,2,20,0,-999,-999,0
88.5,9,32,7,-121,1,-148.903,0,0,20,0,-999,-999,0
88.5,11,24,4,-119.771,7,-94.0967,3,3,0,1,-999,-999,0
88.5,11,24,4,-119.771,6,-119.064,3,3,0,1,-999,-999,0
88.5,11,24,4,-119.771,5,-132.53,7,7,0,1,-999,-999,0
88.5,11,24,4,-119.771,2,-142.31,6,6,20,0,-999,-999,0
88.5,11,24,4,-119.771,3,-151.867,2,2,20,0,-999,-999,0
88.5,11,24,4,-119.771,1,-153.833,0,0,20,0,-999,-999,0
88.5,12,40,5,-144.36,3,-143.697,2,2,20,0,-999,-999,0
88.5,12,40,5,-144.36,7,-147.579,3,3,0,1,-999,-999,0
88.5,12,40,5,-144.36,6,-150.06,3,3,0,1,-999,-999,0
88.5,12,40,5,-144.36,4,-150.755,5,5,20,0,-999,-999,0
88.5,12,40,5,-144.36,2,-160.814,6,6,20,0,-999,-999,0
88.5,12,40,5,-144.36,1,-168.267,0,0,20,0,-999,-999,0
88.5,17,18,2,-99.9262,3,-102.334,2,2,20,0,-999,-999,0
88.5,17,18,2,-99.9262,6,-125.777,3,3,0,1,-999,-999,0
88.5,17,18,2,-99.9262,4,-138.813,5,5,20,0,-999,-999,0
88.5,17,18,2,-99.9262,7,-143.697,3,3,0,1,-999,-999,0
88.5,17,18,2,-99.9262,5,-157.2,7,7,0,1,-999,-999,0
88.5,17,18,2,-99.9262,1,-158.847,0,0,20,0,-999,-999,0
88.5,20,72,5,-101.668,7,-130.564,3,3,0,1,-999,-999,0
88.5,20,72,5,-101.668,2,-133.89,6,6,20,0,-999,-999,0
88.5,20,72,5,-101.668,3,-138.189,2,2,20,0,-999,-999,0
88.5,20,72,5,-101.668,6,-146.86,3,3,0,1,-999,-999,0
88.5,20,72,5,-101.668,1,-152.752,0,0,20,0,-999,-999,0
88.5,20,72,5,-101.668,4,-156.868,5,5,20,0,-999,-999,0
88.5,23,16,2,-127.458,5,-117.662,7,7,0,1,-999,-999,0
88.5,23,16,2,-127.458,3,-119.35,2,2,20,0,-999,-999,0
88.5,23,16,2,-127.458,4,-121.12,5,5,20,0,-999,-999,0
88.5,23,16,2,-127.458,1,-125.281,0,0,20,0,-999,-999,0
88.5,23,16,2,-127.458,6,-147.682,3,3,0,1,-999,-999,0
88.5,23,16,2,-127.458,7,-151.102,3,3,0,1,-999,-999,0
88.5,24,6,3,-133.794,5,-123.614,7,7,0,1,-999,-999,0
88.5,24,6,3,-133.794,6,-134.161,3,3,0,1,-999,-999,0
88.5,24,6,3,-133.794,2,-136.613,6,6,20,0,-999,-999,0
88.5,24,6,3,-133.794,7,-146.103,3,3,0,1,-999,-999,0
88.5,24,6,3,-133.794,1,-146.32,0,0,20,0,-999,-999,0
88.5,24,6,3,-133.794,4,-147.945,5,5,20,0,-999,-999,0
88.5,30,13,2,-133.648,5,-129.302,7,7,0,1,-999,-999,0
88.5,30,13,2,-133.648,3,-133.239,2,2,20,0,-999,-999,0
88.5,30,13,2,-133.648,4,-135.326,5,5,20,0,-999,-999,0
88.5,30,13,2,-133.648,1,-141.589,0,0,20,0,-999,-999,0
88.5,30,13,2,-133.648,7,-145.222,3,3,0,1,-999,-999,0
88.5,30,13,2,-133.648,6,-147.239,3,3,0,1,-999,-999,0
88.5,35,48,5,-117.21,4,-113.158,5,5,20,0,-999,-999,0
88.5,35,48,5,-117.21,2,-126.568,6,6,20,0,-999,-999,0
88.5,35,48,5,-117.21,3,-129.52,2,2,20,0,-999,-999,0
88.5,35,48,5,-117.21,7,-136.613,3,3,0,1,-999,-999,0
88.5,35,48,5,-117.21,1,-141.83,0,0,20,0,-999,-999,0
88.5,35,48,5,-117.21,6,-151.235,3,3,0,1,-999,-999,0
88.5,37,24,6,-133.284,7,-108.915,3,3,0,1,-999,-999,0
88.5,37,24,6,-133.284,4,-128.949,5,5,20,0,-999,-999,0
88.5,37,24,6,-133.284,2,-141.889,6,6,20,0,-999,-999,0
88.5,37,24,6,-133.284,5,-146.003,7,7,0,1,-999,-999,0
88.5,37,24,6,-133.284,3,-148.463,2,2,20,0,-999,-999,0
88.5,37,24,6,-133.284,1,-156.709,0,0,20,0,-999,-999,0
88.5,39,14,2,-133.044,5,-122.802,7,7,0,1,-999,-999,0
88.5,39,14,2,-133.044,3,-133.727,2,2,20,0,-999,-999,0
88.5,39,14,2,-133.044,4,-135.794,5,5,20,0,-999,-999,0
88.5,39,14,2,-133.044,6,-140.442,3,3,0,1,-999,-999,0
88.5,39,14,2,-133.044,1,-145.806,0,0,20,0,-999,-999,0
88.5,39,14,2,-133.044,7,-156.708,3,3,0,1,-999,-999,0
88.5,46,20,4,-136.005,3,-108.362,2,2,20,0,-999,-999,0
88.5,46,20,4,-136.005,2,-129.939,6,6,20,0,-999,-999,0
88.5,46,20,4,-136.005,7,-143.914,3,3,0,1,-999,-999,0
88.5,46,20,4,-136.005,6,-145.831,3,3,0,1,-999,-999,0
88.5,46,20,4,-136.005,5,-147.55,7,7,0,1,-999,-999,0
88.5,46,20,4,-136.005,1,-163.159,0,0,20,0,-999,-999,0
88.5,48,40,6,-119.751,7,-110.451,3,3,0,1,-999,-999,0
88.5,48,40,6,-119.751,5,-119.639,7,7,0,1,-999,-999,0
88.5,48,40,6,-119.751,4,-126.553,5,5,20,0,-999,-999,0
88.5,48,40,6,-119.751,2,-153.358,6,6,20,0,-999,-999,0
88.5,48,40,6,-119.751,3,-156.13,2,2,20,0,-999,-999,0
88.5,48,40,6,-119.751,1,-164.418,0,0,20,0,-999,-999,0
88.5,54,25,4,-99.212,7,-119.186,3,3,0,1,-999,-999,0
88.5,54,25,4,-99.212,2,-135.922,6,6,20,0,-999,-999,0
88.5,54,25,4,-99.212,5,-136.97,7,7,0,1,-999,-999,0
88.5,54,25,4,-99.212,6,-138.539,3,3,0,1,-999,-999,0
88.5,54,25,4,-99.212,3,-141.298,2,2,20,0,-999,-999,0
88.5,54,25,4,-99.212,1,-146.326,0,0,20,0,-999,-999,0
88.5,55,33,7,-89.0782,2,-119.446,6,6,20,0,-999,-999,0
88.5,55,33,7,-89.0782,6,-134.373,3,3,0,1,-999,-999,0
88.5,55,33,7,-89.0782,4,-137.611,5,5,20,0,-999,-999,0
88.5,55,33,7,-89.0782,3,-140.599,2,2,20,0,-999,-999,0
88.5,55,33,7,-89.0782,1,-152.488,0,0,20,0,-999,-999,0
88.5,55,33,7,-89.0782,5,-155.191,7,7,0,1,-999,-999,0
88.5,59,64,5,-110.291,3,-136.128,2,2,20,0,-999,-999,0
88.5,59,64,5,-110.291,4,-139.355,5,5,20,0,-999,-999,0
88.5,59,64,5,-110.291,2,-139.897,6,6,20,0,-999,-999,0
88.5,59,64,5,-110.291,6,-139.931,3,3,0,1,-999,-999,0
88.5,59,64,5,-110.291,7,-143.59,3,3,0,1,-999,-999,0
88.5,59,64,5,-110.291,1,-159.971,0,0,20,0,-999,-999,0
88.5,68,88,5,-138.961,6,-125.902,3,3,0,1,-999,-999,0
88.5,68,88,5,-138.961,7,-134.877,3,3,0,1,-999,-999,0
88.5,68,88,5,-138.961,3,-145.568,2,2,20,0,-999,-999,0
88.5,68,88,5,-138.961,4,-148.953,5,5,20,0,-999,-999,0
88.5,68,88,5,-138.961,2,-151.574,6,6,20,0,-999,-999,0
88.5,68,88,5,-138.961,1,-161.264,0,0,20,0,-999,-999,0
88.5,70,32,6,-136.454,5,-130.342,7,7,0,1,-999,-999,0
88.5,70,32,6,-136.454,4,-132.567,5,5,20,0,-999,-999,0
88.5,70,32,6,-136.454,7,-148.101,3,3,0,1,-999,-999,0
88.5,70,32,6,-136.454,2,-152.579,6,6,20,0,-999,-999,0
88.5,70,32,6,-136.454,3,-158.469,2,2,20,0,-999,-999,0
88.5,70,32,6,-136.454,1,-162.573,0,0,20,0,-999,-999,0
88.5,73,41,7,-130.863,3,-106.18,2,2,20,0,-999,-999,0
88.5,73,41,7,-130.863,2,-121.407,6,6,20,0,-999,-999,0
88.5,73,41,7,-130.863,4,-132.667,5,5,20,0,-999,-999,0
88.5,73,41,7,-130.863,5,-133.624,7,7,0,1,-999,-999,0
88.5,73,41,7,-130.863,6,-147.679,3,3,0,1,-999,-999,0
88.5,73,41,7,-130.863,1,-158.852,0,0,20,0,-999,-999,0
88.5,78,2,3,-115.425,6,-114.206,3,3,0,1,-999,-999,0
88.5,78,2,3,-115.425,2,-123.181,6,6,20,0,-999,-999,0
88.5,78,2,3,-115.425,5,-129.044,7,7,0,1,-999,-999,0
88.5,78,2,3,-115.425,1,-129.453,0,0,20,0,-999,-999,0
88.5,78,2,3,-115.425,4,-141.522,5,5,20,0,-999,-999,0
88.5,78,2,3,-115.425,7,-161.183,3,3,0,1,-999,-999,0
88.5,84,56,5,-114.396,3,-128.56,2,2,20,0,-999,-999,0
88.5,84,56,5,-114.396,2,-140.639,6,6,20,0,-999,-999,0
88.5,84,56,5,-114.396,4,-143.526,5,5,20,0,-999,-999,0
88.5,84,56,5,-114.396,6,-144.444,3,3,0,1,-999,-999,0
88.5,84,56,5,-114.396,1,-147.222,0,0,20,0,-999,-999,0
88.5,84,56,5,-114.396,7,-151.326,3,3,0,1,-999,-999,0
88.5,90,22,4,-110.39,7,-101.41,3,3,0,1,-999,-999,0
88.5,90,22,4,-110.39,5,-111.105,7,7,0,1,-999,-999,0
88.5,90,22,4,-110.39,2,-119.831,6,6,20,0,-999,-999,0
88.5,90,22,4,-110.39,3,-131.547,2,2,20,0,-999,-999,0
88.5,90,22,4,-110.39,6,-135.45,3,3,0,1,-999,-999,0
88.5,90,22,4,-110.39,1,-136.15,0,0,20,0,-999,-999,0
88.5,92,9,2,-113.446,1,-115.532,0,0,20,0,-999,-999,0
88.5,92,9,2,-113.446,5,-118.826,7,7,0,1,-999,-999,0
88.5,92,9,2,-113.446,3,-122.972,2,2,20,0,-999,-999,0
88.5,92,9,2,-113.446,4,-137.439,5,5,20,0,-999,-999,0
88.5,92,9,2,-113.446,7,-138.619,3,3,0,1,-999,-999,0
88.5,92,9,2,-113.446,6,-147.334,3,3,0,1,-999,-999,0
88.5,97,17,2,-97.5554,6,-117.159,3,3,0,1,-999,-999,0
88.5,97,17,2,-97.5554,1,-118.298,0,0,20,0,-999,-999,0
88.5,97,17,2,-97.5554,3,-122.121,2,2,20,0,-999,-999,0
88.5,97,17,2,-97.5554,4,-125.312,5,5,20,0,-999,-999,0
88.5,97,17,2,-97.5554,7,-133.642,3,3,0,1,-999,-999,0
88.5,97,17,2,-97.5554,5,-135.747,7,7,0,1,-999,-999,0
88.5,100,16,4,-92.28,6,-100.583,3,3,0,1,-999,-999,0
88.5,100,16,4,-92.28,3,-118.528,2,2,20,0,-999,-999,0
88.5,100,16,4,-92.28,5,-123.875,7,7,0,1,-999,-999,0
88.5,100,16,4,-92.28,7,-128.637,3,3,0,1,-999,-999,0
88.5,100,16,4,-92.28,2,-133.793,6,6,20,0,-999,-999,0
88.5,100,16,4,-92.28,1,-136.751,0,0,20,0,-999,-999,0
88.5,102,80,5,-134.819,7,-131.387,3,3,0,1,-999,-999,0
88.5,102,80,5,-134.819,6,-143.955,3,3,0,1,-999,-999,0
88.5,102,80,5,-134.819,4,-146.415,5,5,20,0,-999,-999,0
88.5,102,80,5,-134.819,2,-151.428,6,6,20,0,-999,-999,0
88.5,102,80,5,-134.819,3,-152.424,2,2,20,0,-999,-999,0
88.5,102,80,5,-134.819,1,-159.716,0,0,20,0,-999,-999,0
90.5,9,32,7,-122.641,4,-89.5069,5,5,20,0,-999,-999,0
90.5,9,32,7,-122.641,2,-96.7342,6,6,20,0,-999,-999,0
90.5,9,32,7,-122.641,6,-136.964,3,3,0,1,-999,-999,0
90.5,9,32,7,-122.641,3,-137.369,2,2,20,0,-999,-999,0
90.5,9,32,7,-122.641,5,-143.747,7,7,0,1,-999,-999,0
90.5,9,32,7,-122.641,1,-147.135,0,0,20,0,-999,-999,0
90.5,11,24,4,-127.282,2,-113.269,6,6,20,0,-999,-999,0
90.5,11,24,4,-127.282,7,-113.737,3,3,0,1,-999,-999,0
90.5,11,24,4,-127.282,6,-115.279,3,3,0,1,-999,-999,0
90.5,11,24,4,-127.282,5,-144.099,7,7,0,1,-999,-999,0
90.5,11,24,4,-127.282,3,-150.593,2,2,20,0,-999,-999,0
90.5,11,24,4,-127.282,1,-158.405,0,0,20,0,-999,-999,0
90.5,12,40,5,-136.053,7,-109.709,3,3,0,1,-999,-999,0
90.5,12,40,5,-136.053,3,-111.952,2,2,20,0,-999,-999,0
90.5,12,40,5,-136.053,6,-130.754,3,3,0,1,-999,-999,0
90.5,12,40,5,-136.053,2,-146.197,6,6,20,0,-999,-999,0
90.5,12,40,5,-136.053,4,-148.721,5,5,20,0,-999,-999,0
90.5,12,40,5,-136.053,1,-163.395,0,0,20,0,-999,-999,0
90.5,17,18,2,-141.216,6,-103.059,3,3,0,1,-999,-999,0
90.5,17,18,2,-141.216,4,-132.315,5,5,20,0,-999,-999,0
90.5,17,18,2,-141.216,3,-132.371,2,2,20,0,-999,-999,0
90.5,17,18,2,-141.216,7,-148.544,3,3,0,1,-999,-999,0
90.5,17,18,2,-141.216,1,-158.098,0,0,20,0,-999,-999,0
90.5,17,18,2,-141.216,5,-174.451,7,7,0,1,-999,-999,0
90.5,20,72,5,-116.53,3,-109.382,2,2,20,0,-999,-999,0
90.5,20,72,5,-116.53,4,-116.478,5,5,20,0,-999,-999,0
90.5,20,72,5,-116.53,2,-120.656,6,6,20,0,-999,-999,0
90.5,20,72,5,-116.53,6,-136.791,3,3,0,1,-999,-999,0
90.5,20,72,5,-116.53,7,-146.998,3,3,0,1,-999,-999,0
90.5,20,72,5,-116.53,1,-153.793,0,0,20,0,-999,-999,0
90.5,23,16,2,-122.412,3,-110.152,2,2,20,0,-999,-999,0
90.5,23,16,2,-122.412,1,-127.841,0,0,20,0,-999,-999,0
90.5,23,16,2,-122.412,4,-137.387,5,5,20,0,-999,-999,0
90.5,23,16,2,-122.412,7,-138.495,3,3,0,1,-999,-999,0
90.5,23,16,2,-122.412,6,-142.414,3,3,0,1,-999,-999,0
90.5,23,16,2,-122.412,5,-145.821,7,7,0,1,-999,-999,0
90.5,24,6,3,-123.704,5,-126.214,7,7,0,1,-999,-999,0
90.5,24,6,3,-123.704,2,-128.026,6,6,20,0,-999,-999,0
90.5,24,6,3,-123.704,6,-136.103,3,3,0,1,-999,-999,0
90.5,24,6,3,-123.704,1,-142.607,0,0,20,0,-999,-999,0
90.5,24,6,3,-123.704,7,-151.438,3,3,0,1,-999,-999,0
90.5,24,6,3,-123.704,4,-161.402,5,5,20,0,-999,-999,0
90.5,30,13,2,-95.6387,4,-96.2215,5,5,20,0,-999,-999,0
90.5,30,13,2,-95.6387,5,-125.095,7,7,0,1,-999,-999,0
90.5,30,13,2,-95.6387,3,-135.603,2,2,20,0,-999,-999,0
90.5,30,13,2,-95.6387,7,-137.628,3,3,0,1,-999,-999,0
90.5,30,13,2,-95.6387,1,-140.326,0,0,20,0,-999,-999,0
90.5,30,13,2,-95.6387,6,-144.004,3,3,0,1,-999,-999,0
90.5,35,48,5,-129.621,3,-100.154,2,2,20,0,-999,-999,0
90.5,35,48,5,-129.621,7,-115.654,3,3,0,1,-999,-999,0
90.5,35,48,5,-129.621,6,-127.654,3,3,0,1,-999,-999,0
90.5,35,48,5,-129.621,2,-129.715,6,6,20,0,-999,-999,0
90.5,35,48,5,-129.621,4,-138.411,5,5,20,0,-999,-999,0
90.5,35,48,5,-129.621,1,-140.184,0,0,20,0,-999,-999,0
90.5,37,24,6,-105.646,5,-133.308,7,7,0,1,-999,-999,0
90.5,37,24,6,-105.646,4,-139.674,5,5,20,0,-999,-999,0
90.5,37,24,6,-105.646,2,-142.238,6,6,20,0,-999,-999,0
90.5,37,24,6,-105.646,3,-145.237,2,2,20,0,-999,-999,0
90.5,37,24,6,-105.646,7,-147.12,3,3,0,1,-999,-999,0
90.5,37,24,6,-105.646,1,-160.517,0,0,20,0,-999,-999,0
90.5,39,14,2,-133.485,4,-97.2724,5,5,20,0,-999,-999,0
90.5,39,14,2,-133.485,7,-103.016,3,3,0,1,-999,-999,0
90.5,39,14,2,-133.485,3,-104.468,2,2,20,0,-999,-999,0
90.5,39,14,2,-133.485,5,-123.605,7,7,0,1,-999,-999,0
90.5,39,14,2,-133.485,6,-140.776,3,3,0,1,-999,-999,0
90.5,39,14,2,-133.485,1,-146.29,0,0,20,0,-999,-999,0
90.5,46,20,4,-101.1,3,-116.318,2,2,20,0,-999,-999,0
90.5,46,20,4,-101.1,7,-135.357,3,3,0,1,-999,-999,0
90.5,46,20,4,-101.1,6,-148.012,3,3,0,1,-999,-999,0
90.5,46,20,4,-101.1,5,-152.157,7,7,0,1,-999,-999,0
90.5,46,20,4,-101.1,2,-156.495,6,6,20,0,-999,-999,0
90.5,46,20,4,-101.1,1,-166.598,0,0,20,0,-999,-999,0
90.5,48,40,6,-140.802,4,-121.266,5,5,20,0,-999,-999,0
90.5,48,40,6,-140.802,7,-130.753,3,3,0,1,-999,-999,0
90.5,48,40,6,-140.802,5,-148.205,7,7,0,1,-999,-999,0
90.5,48,40,6,-140.802,2,-157.352,6,6,20,0,-999,-999,0
90.5,48,40,6,-140.802,3,-157.747,2,2,20,0,-999,-999,0
90.5,48,40,6,-140.802,1,-164.536,0,0,20,0,-999,-999,0
90.5,54,25,4,-126.573,6,-109.143,3,3,0,1,-999,-999,0
90.5,54,25,4,-126.573,5,-115.847,7,7,0,1,-999,-999,0
90.5,54,25,4,-126.573,7,-121.694,3,3,0,1,-999,-999,0
90.5,54,25,4,-126.573,2,-136.155,6,6,20,0,-999,-999,0
90.5,54,25,4,-126.573,3,-142.665,2,2,20,0,-999,-999,0
90.5,54,25,4,-126.573,1,-146.882,0,0,20,0,-999,-999,0
90.5,55,33,7,-140.529,2,-108.25,6,6,20,0,-999,-999,0
90.5,55,33,7,-140.529,3,-122.134,2,2,20,0,-999,-999,0
90.5,55,33,7,-140.529,6,-136.827,3,3,0,1,-999,-999,0
90.5,55,33,7,-140.529,4,-138.147,5,5,20,0,-999,-999,0
90.5,55,33,7,-140.529,1,-150.257,0,0,20,0,-999,-999,0
90.5,55,33,7,-140.529,5,-150.761,7,7,0,1,-999,-999,0
90.5,59,64,5,-140.061,2,-139.744,6,6,20,0,-999,-999,0
90.5,59,64,5,-140.061,3,-145.485,2,2,20,0,-999,-999,0
90.5,59,64,5,-140.061,7,-145.929,3,3,0,1,-999,-999,0
90.5,59,64,5,-140.061,4,-149.926,5,5,20,0,-999,-999,0
90.5,59,64,5,-140.061,6,-156.151,3,3,0,1,-999,-999,0
90.5,59,64,5,-140.061,1,-156.845,0,0,20,0,-999,-999,0
90.5,68,88,5,-107.828,7,-141.138,3,3,0,1,-999,-999,0
90.5,68,88,5,-107.828,3,-148.426,2,2,20,0,-999,-999,0
90.5,68,88,5,-107.828,6,-151.023,3,3,0,1,-999,-999,0
90.5,68,88,5,-107.828,2,-151.487,6,6,20,0,-999,-999,0
90.5,68,88,5,-107.828,4,-156.534,5,5,20,0,-999,-999,0
90.5,68,88,5,-107.828,1,-158.138,0,0,20,0,-999,-999,0
90.5,70,32,6,-137.251,7,-128.876,3,3,0,1,-999,-999,0
90.5,70,32,6,-137.251,4,-140.861,5,5,20,0,-999,-999,0
90.5,70,32,6,-137.251,3,-151.501,2,2,20,0,-999,-999,0
90.5,70,32,6,-137.251,5,-152.996,7,7,0,1,-999,-999,0
90.5,70,32,6,-137.251,2,-156.616,6,6,20,0,-999,-999,0
90.5,70,32,6,-137.251,1,-168.27,0,0,20,0,-999,-999,0
90.5,73,41,7,-109.898,4,-104.069,5,5,20,0,-999,-999,0
90.5,73,41,7,-109.898,5,-122.395,7,7,0,1,-999,-999,0
90.5,73,41,7,-109.898,3,-133.071,2,2,20,0,-999,-999,0
90.5,73,41,7,-109.898,6,-138.674,3,3,0,1,-999,-999,0
90.5,73,41,7,-109.898,2,-139.064,6,6,20,0,-999,-999,0
90.5,73,41,7,-109.898,1,-159.483,0,0,20,0,-999,-999,0
90.5,78,2,3,-116.338,5,-102.684,7,7,0,1,-999,-999,0
90.5,78,2,3,-116.338,2,-119.588,6,6,20,0,-999,-999,0
90.5,78,2,3,-116.338,1,-125.419,0,0,20,0,-999,-999,0
90.5,78,2,3,-116.338,4,-139.45,5,5,20,0,-999,-999,0
90.5,78,2,3,-116.338,6,-150.336,3,3,0,1,-999,-999,0
90.5,78,2,3,-116.338,7,-152.927,3,3,0,1,-999,-999,0
90.5,84,56,5,-131.601,2,-103.254,6,6,20,0,-999,-999,0
90.5,84,56,5,-131.601,3,-125.796,2,2,20,0,-999,-999,0
90.5,84,56,5,-131.601,4,-130.561,5,5,20,0,-999,-999,0
90.5,84,56,5,-131.601,7,-132.855,3,3,0,1,-999,-999,0
90.5,84,56,5,-131.601,1,-138.709,0,0,20,0,-999,-999,0
90.5,84,56,5,-131.601,6,-144.18,3,3,0,1,-999,-999,0
90.5,90,22,4,-105.573,7,-118.391,3,3,0,1,-999,-999,0
90.5,90,22,4,-105.573,3,-123.832,2,2,20,0,-999,-999,0
90.5,90,22,4,-105.573,6,-127.521,3,3,0,1,-999,-999,0
90.5,90,22,4,-105.573,2,-129.083,6,6,20,0,-999,-999,0
90.5,90,22,4,-105.573,1,-133.472,0,0,20,0,-999,-999,0
90.5,90,22,4,-105.573,5,-133.73,7,7,0,1,-999,-999,0
90.5,92,9,2,-115.253,3,-105.013,2,2,20,0,-999,-999,0
90.5,92,9,2,-115.253,1,-113.502,0,0,20,0,-999,-999,0
90.5,92,9,2,-115.253,5,-117.919,7,7,0,1,-999,-999,0
90.5,92,9,2,-115.253,7,-136.619,3,3,0,1,-999,-999,0
90.5,92,9,2,-115.253,4,-142.23,5,5,20,0,-999,-999,0
90.5,92,9,2,-115.253,6,-151.894,3,3,0,1,-999,-999,0
90.5,97,17,2,-104.533,1,-117.346,0,0,20,0,-999,-999,0
90.5,97,17,2,-104.533,6,-120.269,3,3,0,1,-999,-999,0
90.5,97,17,2,-104.533,3,-121.736,2,2,20,0,-999,-999,0
90.5,97,17,2,-104.533,7,-126.346,3,3,0,1,-999,-999,0
90.5,97,17,2,-104.533,4,-137.475,5,5,20,0,-999,-999,0
90.5,97,17,2,-104.533,5,-146.732,7,7,0,1,-999,-999,0
90.5,100,16,4,-94.2149,6,-124.477,3,3,0,1,-999,-999,0
90.5,100,16,4,-94.2149,7,-126.419,3,3,0,1,-999,-999,0
90.5,100,16,4,-94.2149,3,-134.045,2,2,20,0,-999,-999,0
90.5,100,16,4,-94.2149,2,-136.226,6,6,20,0,-999,-999,0
90.5,100,16,4,-94.2149,1,-136.911,0,0,20,0,-999,-999,0
90.5,100,16,4,-94.2149,5,-148.224,7,7,0,1,-999,-999,0
90.5,102,80,5,-105.98,2,-112.417,6,6,20,0,-999,-999,0
90.5,102,80,5,-105.98,6,-145.283,3,3,0,1,-999,-999,0
90.5,102,80,5,-105.98,7,-146.488,3,3,0,1,-999,-999,0
90.5,102,80,5,-105.98,4,-150.754,5,5,20,0,-999,-999,0
90.5,102,80,5,-105.98,3,-159.195,2,2,20,0,-999,-999,0
90.5,102,80,5,-105.98,1,-167.155,0,0,20,0,-999,-999,0
92.5,9,32,7,-119.993,2,-108.652,6,6,20,0,-999,-999,0
92.5,9,32,7,-119.993,3,-122.16,2,2,20,0,-999,-999,0
92.5,9,32,7,-119.993,4,-132.246,5,5,20,0,-999,-999,0
92.5,9,32,7,-119.993,6,-137.584,3,3,0,1,-999,-999,0
92.5,9,32,7,-119.993,5,-150.267,7,7,0,1,-999,-999,0
92.5,9,32,7,-119.993,1,-151.471,0,0,20,0,-999,-999,0
92.5,11,24,4,-121.433,6,-112.985,3,3,0,1,-999,-999,0
92.5,11,24,4,-121.433,3,-130.799,2,2,20,0,-999,-999,0
92.5,11,24,4,-121.433,7,-130.816,4,4,0,1,-999,-999,0
92.5,11,24,4,-121.433,5,-133.992,7,7,0,1,-999,-999,0
92.5,11,24,4,-121.433,2,-139.261,6,6,20,0,-999,-999,0
92.5,11,24,4,-121.433,1,-146.989,0,0,20,0,-999,-999,0
92.5,12,40,5,-114.717,4,-132.029,5,5,20,0,-999,-999,0
92.5,12,40,5,-114.717,2,-142.807,6,6,20,0,-999,-999,0
92.5,12,40,5,-114.717,3,-144.929,2,2,20,0,-999,-999,0
92.5,12,40,5,-114.717,7,-151.644,4,4,0,1,-999,-999,0
92.5,12,40,5,-114.717,6,-158.208,3,3,0,1,-999,-999,0
92.5,12,40,5,-114.717,1,-167.37,0,0,20,0,-999,-999,0
92.5,17,18,2,-129.072,6,-91.0046,3,3,0,1,-999,-999,0
92.5,17,18,2,-129.072,4,-111.026,5,5,20,0,-999,-999,0
92.5,17,18,2,-129.072,7,-130.325,4,4,0,1,-999,-999,0
92.5,17,18,2,-129.072,3,-133.513,2,2,20,0,-999,-999,0
92.5,17,18,2,-129.072,1,-164.055,0,0,20,0,-999,-999,0
92.5,17,18,2,-129.072,5,-168.872,7,7,0,1,-999,-999,0
92.5,20,72,5,-99.9868,3,-135.378,2,2,20,0,-999,-999,0
92.5,20,72,5,-99.9868,6,-142.501,3,3,0,1,-999,-999,0
92.5,20,72,5,-99.9868,2,-143.209,6,6,20,0,-999,-999,0
92.5,20,72,5,-99.9868,7,-149.504,4,4,0,1,-999,-999,0
92.5,20,72,5,-99.9868,1,-149.813,0,0,20,0,-999,-999,0
92.5,20,72,5,-99.9868,4,-151.724,5,5,20,0,-999,-999,0
92.5,23,16,2,-111.073,3,-113.865,2,2,20,0,-999,-999,0
92.5,23,16,2,-111.073,1,-124.905,0,0,20,0,-999,-999,0
92.5,23,16,2,-111.073,4,-133.155,5,5,20,0,-999,-999,0
92.5,23,16,2,-111.073,7,-138.42,4,4,0,1,-999,-999,0
92.5,23,16,2,-111.073,5,-143.848,7,7,0,1,-999,-999,0
92.5,23,16,2,-111.073,6,-148.099,3,3,0,1,-999,-999,0
92.5,24,6,3,-128.119,6,-101.188,3,3,0,1,-999,-999,0
92.5,24,6,3,-128.119,5,-110.126,7,7,0,1,-999,-999,0
92.5,24,6,3,-128.119,2,-132.555,6,6,20,0,-999,-999,0
92.5,24,6,3,-128.119,7,-141.517,4,4,0,1,-999,-999,0
92.5,24,6,3,-128.119,1,-141.92,0,0,20,0,-999,-999,0
92.5,24,6,3,-128.119,4,-157.98,5,5,20,0,-999,-999,0
92.5,30,13,2,-131.585,7,-106.244,4,4,0,1,-999,-999,0
92.5,30,13,2,-131.585,3,-115.961,2,2,20,0,-999,-999,0
92.5,30,13,2,-131.585,5,-126.973,7,7,0,1,-999,-999,0
92.5,30,13,2,-131.585,6,-141.72,3,3,0,1,-999,-999,0
92.5,30,13,2,-131.585,1,-143.26,0,0,20,0,-999,-999,0
92.5,30,13,2,-131.585,4,-147.405,5,5,20,0,-999,-999,0
92.5,35,48,5,-127.744,4,-122.978,5,5,20,0,-999,-999,0
92.5,35,48,5,-127.744,3,-135.321,2,2,20,0,-999,-999,0
92.5,35,48,5,-127.744,7,-136.961,4,4,0,1,-999,-999,0
92.5,35,48,5,-127.744,2,-139.176,6,6,20,0,-999,-999,0
92.5,35,48,5,-127.744,1,-143.93,0,0,20,0,-999,-999,0
92.5,35,48,5,-127.744,6,-151.349,3,3,0,1,-999,-999,0
92.5,37,24,6,-137.399,4,-131.82,5,5,20,0,-999,-999,0
92.5,37,24,6,-137.399,3,-133.621,2,2,20,0,-999,-999,0
92.5,37,24,6,-137.399,7,-143.119,4,4,0,1,-999,-999,0
92.5,37,24,6,-137.399,2,-149.348,6,6,20,0,-999,-999,0
92.5,37,24,6,-137.399,5,-151.216,7,7,0,1,-999,-999,0
92.5,37,24,6,-137.399,1,-154.339,0,0,20,0,-999,-999,0
92.5,39,14,2,-108.749,7,-107.923,4,4,0,1,-999,-999,0
92.5,39,14,2,-108.749,3,-116.002,2,2,20,0,-999,-999,0
92.5,39,14,2,-108.749,5,-134.376,7,7,0,1,-999,-999,0
92.5,39,14,2,-108.749,4,-142.06,5,5,20,0,-999,-999,0
92.5,39,14,2,-108.749,6,-145.896,3,3,0,1,-999,-999,0
92.5,39,14,2,-108.749,1,-146.501,0,0,20,0,-999,-999,0
92.5,46,20,4,-134.87,2,-105.952,6,6,20,0,-999,-999,0
92.5,46,20,4,-134.87,6,-139.898,3,3,0,1,-999,-999,0
92.5,46,20,4,-134.87,7,-143.03,4,4,0,1,-999,-999,0
92.5,46,20,4,-134.87,3,-153.865,2,2,20,0,-999,-999,0
92.5,46,20,4,-134.87,5,-154.072,7,7,0,1,-999,-999,0
92.5,46,20,4,-134.87,1,-163.248,0,0,20,0,-999,-999,0
92.5,48,40,6,-132.592,5,-128.883,7,7,0,1,-999,-999,0
92.5,48,40,6,-132.592,4,-137.774,5,5,20,0,-999,-999,0
92.5,48,40,6,-132.592,3,-138.968,2,2,20,0,-999,-999,0
92.5,48,40,6,-132.592,7,-142.251,4,4,0,1,-999,-999,0
92.5,48,40,6,-132.592,2,-153.644,6,6,20,0,-999,-999,0
92.5,48,40,6,-132.592,1,-164.99,0,0,20,0,-999,-999,0
92.5,54,25,4,-105.946,7,-84.1751,4,4,0,1,-999,-999,0
92.5,54,25,4,-105.946,2,-106.554,6,6,20,0,-999,-999,0
92.5,54,25,4,-105.946,6,-107.456,3,3,0,1,-999,-999,0
92.5,54,25,4,-105.946,3,-116.376,2,2,20,0,-999,-999,0
92.5,54,25,4,-105.946,5,-123.092,7,7,0,1,-999,-999,0
92.5,54,25,4,-105.946,1,-148.406,0,0,20,0,-999,-999,0
92.5,55,33,7,-125.647,4,-113.065,5,5,20,0,-999,-999,0
92.5,55,33,7,-125.647,2,-118.813,6,6,20,0,-999,-999,0
92.5,55,33,7,-125.647,3,-137.745,2,2,20,0,-999,-999,0
92.5,55,33,7,-125.647,5,-138.239,7,7,0,1,-999,-999,0
92.5,55,33,7,-125.647,6,-144.424,3,3,0,1,-999,-999,0
92.5,55,33,7,-125.647,1,-154.201,0,0,20,0,-999,-999,0
92.5,59,64,5,-141.374,3,-118.121,2,2,20,0,-999,-999,0
92.5,59,64,5,-141.374,7,-143.263,4,4,0,1,-999,-999,0
92.5,59,64,5,-141.374,2,-145.535,6,6,20,0,-999,-999,0
92.5,59,64,5,-141.374,4,-148.104,5,5,20,0,-999,-999,0
92.5,59,64,5,-141.374,1,-157.321,0,0,20,0,-999,-999,0
92.5,59,64,5,-141.374,6,-157.977,3,3,0,1,-999,-999,0
92.5,68,88,5,-118.155,3,-131.524,2,2,20,0,-999,-999,0
92.5,68,88,5,-118.155,4,-135.901,5,5,20,0,-999,-999,0
92.5,68,88,5,-118.155,7,-136.172,4,4,0,1,-999,-999,0
92.5,68,88,5,-118.155,2,-140.907,6,6,20,0,-999,-999,0
92.5,68,88,5,-118.155,6,-149.881,3,3,0,1,-999,-999,0
92.5,68,88,5,-118.155,1,-164.543,0,0,20,0,-999,-999,0
92.5,70,32,6,-136.619,5,-141.465,7,7,0,1,-999,-999,0
92.5,70,32,6,-136.619,7,-142.354,4,4,0,1,-999,-999,0
92.5,70,32,6,-136.619,4,-143.375,5,5,20,0,-999,-999,0
92.5,70,32,6,-136.619,2,-150.15,6,6,20,0,-999,-999,0
92.5,70,32,6,-136.619,3,-156.696,2,2,20,0,-999,-999,0
92.5,70,32,6,-136.619,1,-162.851,0,0,20,0,-999,-999,0
92.5,73,41,7,-139.701,5,-125.521,7,7,0,1,-999,-999,0
92.5,73,41,7,-139.701,4,-138.668,5,5,20,0,-999,-999,0
92.5,73,41,7,-139.701,2,-142.658,6,6,20,0,-999,-999,0
92.5,73,41,7,-139.701,3,-145.671,2,2,20,0,-999,-999,0
92.5,73,41,7,-139.701,6,-147.255,3,3,0,1,-999,-999,0
92.5,73,41,7,-139.701,1,-158.829,0,0,20,0,-999,-999,0
92.5,78,2,3,-116.182,5,-105.93,7,7,0,1,-999,-999,0
92.5,78,2,3,-116.182,1,-125.466,0,0,20,0,-999,-999,0
92.5,78,2,3,-116.182,2,-126.468,6,6,20,0,-999,-999,0
92.5,78,2,3,-116.182,4,-137.645,5,5,20,0,-999,-999,0
92.5,78,2,3,-116.182,6,-145.018,3,3,0,1,-999,-999,0
92.5,78,2,3,-116.182,7,-164.142,4,4,0,1,-999,-999,0
92.5,84,56,5,-104.762,7,-114.725,4,4,0,1,-999,-999,0
92.5,84,56,5,-104.762,2,-126.79,6,6,20,0,-999,-999,0
92.5,84,56,5,-104.762,3,-131.656,2,2,20,0,-999,-999,0
92.5,84,56,5,-104.762,6,-140.346,3,3,0,1,-999,-999,0
92.5,84,56,5,-104.762,4,-140.357,5,5,20,0,-999,-999,0
92.5,84,56,5,-104.762,1,-141.089,0,0,20,0,-999,-999,0
92.5,90,22,4,-110.141,3,-118.459,2,2,20,0,-999,-999,0
92.5,90,22,4,-110.141,2,-123.959,6,6,20,0,-999,-999,0
92.5,90,22,4,-110.141,6,-127.562,3,3,0,1,-999,-999,0
92.5,90,22,4,-110.141,1,-137.464,0,0,20,0,-999,-999,0
92.5,90,22,4,-110.141,7,-143.708,4,4,0,1,-999,-999,0
92.5,90,22,4,-110.141,5,-151.063,7,7,0,1,-999,-999,0
92.5,92,9,2,-98.2182,1,-113.441,0,0,20,0,-999,-999,0
92.5,92,9,2,-98.2182,5,-121.943,7,7,0,1,-999,-999,0
92.5,92,9,2,-98.2182,3,-122.821,2,2,20,0,-999,-999,0
92.5,92,9,2,-98.2182,7,-138.382,4,4,0,1,-999,-999,0
92.5,92,9,2,-98.2182,6,-140.612,3,3,0,1,-999,-999,0
92.5,92,9,2,-98.2182,4,-141.599,5,5,20,0,-999,-999,0
92.5,97,17,2,-107.835,1,-118.573,0,0,20,0,-999,-999,0
92.5,97,17,2,-107.835,7,-123.407,4,4,0,1,-999,-999,0
92.5,97,17,2,-107.835,3,-126.278,2,2,20,0,-999,-999,0
92.5,97,17,2,-107.835,4,-132.913,5,5,20,0,-999,-999,0
92.5,97,17,2,-107.835,6,-147.449,3,3,0,1,-999,-999,0
92.5,97,17,2,-107.835,5,-151.926,7,7,0,1,-999,-999,0
92.5,100,16,4,-93.1591,6,-127.485,3,3,0,1,-999,-999,0
92.5,100,16,4,-93.1591,5,-127.601,7,7,0,1,-999,-999,0
92.5,100,16,4,-93.1591,7,-127.698,4,4,0,1,-999,-999,0
92.5,100,16,4,-93.1591,2,-134.915,6,6,20,0,-999,-999,0
92.5,100,16,4,-93.1591,3,-136.189,2,2,20,0,-999,-999,0
92.5,100,16,4,-93.1591,1,-138.822,0,0,20,0,-999,-999,0
92.5,102,80,5,-118.129,6,-107.494,3,3,0,1,-999,-999,0
92.5,102,80,5,-118.129,2,-123.596,6,6,20,0,-999,-999,0
92.5,102,80,5,-118.129,4,-150.228,5,5,20,0,-999,-999,0
92.5,102,80,5,-118.129,3,-153.656,2,2,20,0,-999,-999,0
92.5,102,80,5,-118.129,7,-162.627,4,4,0,1,-999,-999,0
92.5,102,80,5,-118.129,1,-169.04,0,0,20,0,-999,-999,0
94.5,9,32,7,-130.968,4,-94.7869,6,6,20,0,-999,-999,0
94.5,9,32,7,-130.968,3,-112.506,2,2,20,0,-999,-999,0
94.5,9,32,7,-130.968,2,-121.857,6,6,20,0,-999,-999,0
94.5,9,32,7,-130.968,6,-132.546,3,3,0,1,-999,-999,0
94.5,9,32,7,-130.968,5,-147.31,8,8,0,1,-999,-999,0
94.5,9,32,7,-130.968,1,-148.325,0,0,20,0,-999,-999,0
94.5,11,24,4,-120.171,6,-119.069,3,3,0,1,-999,-999,0
94.5,11,24,4,-120.171,3,-119.968,2,2,20,0,-999,-999,0
94.5,11,24,4,-120.171,2,-123.318,6,6,20,0,-999,-999,0
94.5,11,24,4,-120.171,5,-125.374,8,8,0,1,-999,-999,0
94.5,11,24,4,-120.171,7,-133.787,4,4,0,1,-999,-999,0
94.5,11,24,4,-120.171,1,-153.256,0,0,20,0,-999,-999,0
94.5,12,40,5,-102.134,2,-117.409,6,6,20,0,-999,-999,0
94.5,12,40,5,-102.134,6,-137.092,3,3,0,1,-999,-999,0
94.5,12,40,5,-102.134,3,-139.104,2,2,20,0,-999,-999,0
94.5,12,40,5,-102.134,7,-155.764,4,4,0,1,-999,-999,0
94.5,12,40,5,-102.134,4,-158.751,6,6,20,0,-999,-999,0
94.5,12,40,5,-102.134,1,-166.613,0,0,20,0,-999,-999,0
94.5,17,18,2,-111.528,4,-99.9547,6,6,20,0,-999,-999,0
94.5,17,18,2,-111.528,7,-104.39,4,4,0,1,-999,-999,0
94.5,17,18,2,-111.528,6,-110.172,3,3,0,1,-999,-999,0
94.5,17,18,2,-111.528,3,-143.135,2,2,20,0,-999,-999,0
94.5,17,18,2,-111.528,1,-158.466,0,0,20,0,-999,-999,0
94.5,17,18,2,-111.528,5,-178.172,8,8,0,1,-999,-999,0
94.5,20,72,5,-114.086,4,-119.043,6,6,20,0,-999,-999,0
94.5,20,72,5,-114.086,6,-122.771,3,3,0,1,-999,-999,0
94.5,20,72,5,-114.086,3,-129.918,2,2,20,0,-999,-999,0
94.5,20,72,5,-114.086,2,-134.26,6,6,20,0,-999,-999,0
94.5,20,72,5,-114.086,7,-148.043,4,4,0,1,-999,-999,0
94.5,20,72,5,-114.086,1,-149.612,0,0,20,0,-999,-999,0
94.5,21,49,7,-144.498,2,-130.827,6,6,20,0,-999,-999,0
94.5,21,49,7,-144.498,6,-140.636,3,3,0,1,-999,-999,0
94.5,21,49,7,-144.498,5,-149.816,8,8,0,1,-999,-999,0
94.5,21,49,7,-144.498,4,-150.817,6,6,20,0,-999,-999,0
94.5,21,49,7,-144.498,3,-156.877,2,2,20,0,-999,-999,0
94.5,21,49,7,-144.498,1,-167.449,0,0,20,0,-999,-999,0
94.5,23,16,2,-101.124,3,-91.2487,2,2,20,0,-999,-999,0
94.5,23,16,2,-101.124,7,-105.465,4,4,0,1,-999,-999,0
94.5,23,16,2,-101.124,1,-125.81,0,0,20,0,-999,-999,0
94.5,23,16,2,-101.124,4,-137.17,6,6,20,0,-999,-999,0
94.5,23,16,2,-101.124,6,-141.338,3,3,0,1,-999,-999,0
94.5,23,16,2,-101.124,5,-144.189,8,8,0,1,-999,-999,0
94.5,24,6,3,-129.591,6,-117.068,3,3,0,1,-999,-999,0
94.5,24,6,3,-129.591,5,-127.257,8,8,0,1,-999,-999,0
94.5,24,6,3,-129.591,2,-128.701,6,6,20,0,-999,-999,0
94.5,24,6,3,-129.591,1,-144.681,0,0,20,0,-999,-999,0
94.5,24,6,3,-129.591,7,-147.211,4,4,0,1,-999,-999,0
94.5,24,6,3,-129.591,4,-153.411,6,6,20,0,-999,-999,0
94.5,30,13,2,-127.83,3,-105.684,2,2,20,0,-999,-999,0
94.5,30,13,2,-127.83,6,-119.128,3,3,0,1,-999,-999,0
94.5,30,13,2,-127.83,5,-126.494,8,8,0,1,-999,-999,0
94.5,30,13,2,-127.83,4,-132.872,6,6,20,0,-999,-999,0
94.5,30,13,2,-127.83,7,-134.175,4,4,0,1,-999,-999,0
94.5,30,13,2,-127.83,1,-146.001,0,0,20,0,-999,-999,0
94.5,35,48,5,-91.6798,2,-126.591,6,6,20,0,-999,-999,0
94.5,35,48,5,-91.6798,3,-128.018,2,2,20,0,-999,-999,0
94.5,35,48,5,-91.6798,7,-136.937,4,4,0,1,-999,-999,0
94.5,35,48,5,-91.6798,4,-141.54,6,6,20,0,-999,-999,0
94.5,35,48,5,-91.6798,1,-145.795,0,0,20,0,-999,-999,0
94.5,35,48,5,-91.6798,6,-146.336,3,3,0,1,-999,-999,0
94.5,37,24,6,-130.236,4,-101.695,6,6,20,0,-999,-999,0
94.5,37,24,6,-130.236,7,-107.816,4,4,0,1,-999,-999,0
94.5,37,24,6,-130.236,5,-131.279,8,8,0,1,-999,-999,0
94.5,37,24,6,-130.236,2,-140.165,6,6,20,0,-999,-999,0
94.5,37,24,6,-130.236,3,-150.273,2,2,20,0,-999,-999,0
94.5,37,24,6,-130.236,1,-162.151,0,0,20,0,-999,-999,0
94.5,39,14,2,-135.396,6,-112.774,3,3,0,1,-999,-999,0
94.5,39,14,2,-135.396,3,-121.183,2,2,20,0,-999,-999,0
94.5,39,14,2,-135.396,5,-132.002,8,8,0,1,-999,-999,0
94.5,39,14,2,-135.396,4,-137.41,6,6,20,0,-999,-999,0
94.5,39,14,2,-135.396,7,-141.433,4,4,0,1,-999,-999,0
94.5,39,14,2,-135.396,1,-148.658,0,0,20,0,-999,-999,0
94.5,46,20,4,-130.435,5,-119.418,8,8,0,1,-999,-999,0
94.5,46,20,4,-130.435,6,-125.25,3,3,0,1,-999,-999,0
94.5,46,20,4,-130.435,2,-142.461,6,6,20,0,-999,-999,0
94.5,46,20,4,-130.435,7,-143.247,4,4,0,1,-999,-999,0
94.5,46,20,4,-130.435,3,-146.99,2,2,20,0,-999,-999,0
94.5,46,20,4,-130.435,1,-164.971,0,0,20,0,-999,-999,0
94.5,48,40,6,-135.151,7,-110.131,4,4,0,1,-999,-999,0
94.5,48,40,6,-135.151,5,-147.865,8,8,0,1,-999,-999,0
94.5,48,40,6,-135.151,4,-149.312,6,6,20,0,-999,-999,0
94.5,48,40,6,-135.151,2,-153.852,6,6,20,0,-999,-999,0
94.5,48,40,6,-135.151,3,-159.95,2,2,20,0,-999,-999,0
94.5,48,40,6,-135.151,1,-164.524,0,0,20,0,-999,-999,0
94.5,54,25,4,-126.893,7,-83.799,4,4,0,1,-999,-999,0
94.5,54,25,4,-126.893,2,-132.501,6,6,20,0,-999,-999,0
94.5,54,25,4,-126.893,6,-140.808,3,3,0,1,-999,-999,0
94.5,54,25,4,-126.893,3,-141.616,2,2,20,0,-999,-999,0
94.5,54,25,4,-126.893,5,-147.781,8,8,0,1,-999,-999,0
94.5,54,25,4,-126.893,1,-148.81,0,0,20,0,-999,-999,0
94.5,55,33,7,-123.903,3,-132.459,2,2,20,0,-999,-999,0
94.5,55,33,7,-123.903,2,-137.822,6,6,20,0,-999,-999,0
94.5,55,33,7,-123.903,4,-138.554,6,6,20,0,-999,-999,0
94.5,55,33,7,-123.903,6,-140.767,3,3,0,1,-999,-999,0
94.5,55,33,7,-123.903,5,-149.048,8,8,0,1,-999,-999,0
94.5,55,33,7,-123.903,1,-156.613,0,0,20,0,-999,-999,0
94.5,59,64,5,-138.136,2,-142.351,6,6,20,0,-999,-999,0
94.5,59,64,5,-138.136,3,-144.667,2,2,20,0,-999,-999,0
94.5,59,64,5,-138.136,7,-147.141,4,4,0,1,-999,-999,0
94.5,59,64,5,-138.136,4,-148.423,6,6,20,0,-999,-999,0
94.5,59,64,5,-138.136,6,-154.533,3,3,0,1,-999,-999,0
94.5,59,64,5,-138.136,1,-159.158,0,0,20,0,-999,-999,0
94.5,68,88,5,-132.992,7,-129.755,4,4,0,1,-999,-999,0
94.5,68,88,5,-132.992,4,-131.58,6,6,20,0,-999,-999,0
94.5,68,88,5,-132.992,2,-148.66,6,6,20,0,-999,-999,0
94.5,68,88,5,-132.992,6,-149.254,3,3,0,1,-999,-999,0
94.5,68,88,5,-132.992,3,-151.064,2,2,20,0,-999,-999,0
94.5,68,88,5,-132.992,1,-160.714,0,0,20,0,-999,-999,0
94.5,70,32,6,-132.228,2,-135.494,6,6,20,0,-999,-999,0
94.5,70,32,6,-132.228,7,-140.827,4,4,0,1,-999,-999,0
94.5,70,32,6,-132.228,4,-144.219,6,6,20,0,-999,-999,0
94.5,70,32,6,-132.228,5,-153.803,8,8,0,1,-999,-999,0
94.5,70,32,6,-132.228,3,-154.323,2,2,20,0,-999,-999,0
94.5,70,32,6,-132.228,1,-166.894,0,0,20,0,-999,-999,0
94.5,73,41,7,-138.002,4,-104.238,6,6,20,0,-999,-999,0
94.5,73,41,7,-138.002,3,-106.172,2,2,20,0,-999,-999,0
94.5,73,41,7,-138.002,5,-113.854,8,8,0,1,-999,-999,0
94.5,73,41,7,-138.002,2,-116.172,6,6,20,0,-999,-999,0
94.5,73,41,7,-138.002,6,-127.749,3,3,0,1,-999,-999,0
94.5,73,41,7,-138.002,1,-159.597,0,0,20,0,-999,-999,0
94.5,78,2,3,-111.602,6,-103.04,3,3,0,1,-999,-999,0
94.5,78,2,3,-111.602,2,-128.479,6,6,20,0,-999,-999,0
94.5,78,2,3,-111.602,1,-130.382,0,0,20,0,-999,-999,0
94.5,78,2,3,-111.602,5,-131.019,8,8,0,1,-999,-999,0
94.5,78,2,3,-111.602,4,-134.69,6,6,20,0,-999,-999,0
94.5,78,2,3,-111.602,7,-161.681,4,4,0,1,-999,-999,0
94.5,84,56,5,-125.508,3,-127.599,2,2,20,0,-999,-999,0
94.5,84,56,5,-125.508,1,-138.154,0,0,20,0,-999,-999,0
94.5,84,56,5,-125.508,6,-141.239,3,3,0,1,-999,-999,0
94.5,84,56,5,-125.508,2,-142.308,6,6,20,0,-999,-999,0
94.5,84,56,5,-125.508,4,-144,6,6,20,0,-999,-999,0
94.5,84,56,5,-125.508,7,-164.45,4,4,0,1,-999,-999,0
94.5,90,22,4,-109.397,5,-110.267,8,8,0,1,-999,-999,0
94.5,90,22,4,-109.397,6,-112.498,3,3,0,1,-999,-999,0
94.5,90,22,4,-109.397,2,-123.51,6,6,20,0,-999,-999,0
94.5,90,22,4,-109.397,3,-134.455,2,2,20,0,-999,-999,0
94.5,90,22,4,-109.397,1,-135.927,0,0,20,0,-999,-999,0
94.5,90,22,4,-109.397,7,-136.785,4,4,0,1,-999,-999,0
94.5,92,9,2,-120.103,5,-111.777,8,8,0,1,-999,-999,0
94.5,92,9,2,-120.103,1,-112.306,0,0,20,0,-999,-999,0
94.5,92,9,2,-120.103,3,-115.905,2,2,20,0,-999,-999,0
94.5,92,9,2,-120.103,4,-138.577,6,6,20,0,-999,-999,0
94.5,92,9,2,-120.103,7,-139.243,4,4,0,1,-999,-999,0
94.5,92,9,2,-120.103,6,-147.105,3,3,0,1,-999,-999,0
94.5,96,33,4,-104.812,2,-117.977,6,6,20,0,-999,-999,0
94.5,96,33,4,-104.812,6,-132.506,3,3,0,1,-999,-999,0
94.5,96,33,4,-104.812,7,-136.655,4,4,0,1,-999,-999,0
94.5,96,33,4,-104.812,5,-141.471,8,8,0,1,-999,-999,0
94.5,96,33,4,-104.812,3,-142.472,2,2,20,0,-999,-999,0
94.5,96,33,4,-104.812,1,-147.46,0,0,20,0,-999,-999,0
94.5,97,17,2,-106.056,1,-118.217,0,0,20,0,-999,-999,0
94.5,97,17,2,-106.056,3,-122.28,2,2,20,0,-999,-999,0
94.5,97,17,2,-106.056,5,-123.082,8,8,0,1,-999,-999,0
94.5,97,17,2,-106.056,4,-128.812,6,6,20,0,-999,-999,0
94.5,97,17,2,-106.056,7,-129.527,4,4,0,1,-999,-999,0
94.5,97,17,2,-106.056,6,-142.901,3,3,0,1,-999,-999,0
94.5,100,16,4,-92.4393,2,-113.643,6,6,20,0,-999,-999,0
94.5,100,16,4,-92.4393,3,-114.286,2,2,20,0,-999,-999,0
94.5,100,16,4,-92.4393,6,-127.833,3,3,0,1,-999,-999,0
94.5,100,16,4,-92.4393,7,-132.243,4,4,0,1,-999,-999,0
94.5,100,16,4,-92.4393,5,-140.589,8,8,0,1,-999,-999,0
94.5,100,16,4,-92.4393,1,-140.671,0,0,20,0,-999,-999,0
94.5,102,80,5,-135.165,6,-128.362,3,3,0,1,-999,-999,0
94.5,102,80,5,-135.165,2,-134.243,6,6,20,0,-999,-999,0
94.5,102,80,5,-135.165,4,-149.626,6,6,20,0,-999,-999,0
94.5,102,80,5,-135.165,3,-151.72,2,2,20,0,-999,-999,0
94.5,102,80,5,-135.165,7,-158.313,4,4,0,1,-999,-999,0
94.5,102,80,5,-135.165,1,-166.909,0,0,20,0,-999,-999,0
94.5,103,96,5,-136.874,6,-137.508,3,3,0,1,-999,-999,0
94.5,103,96,5,-136.874,3,-142.109,2,2,20,0,-999,-999,0
94.5,103,96,5,-136.874,2,-143.47,6,6,20,0,-999,-999,0
94.5,103,96,5,-136.874,1,-153.69,0,0,20,0,-999,-999,0
94.5,103,96,5,-136.874,7,-154.315,4,4,0,1,-999,-999,0
94.5,103,96,5,-136.874,4,-156.355,6,6,20,0,-999,-999,0
96.5,9,32,7,-131.199,4,-122.949,6,6,20,0,-999,-999,0
96.5,9,32,7,-131.199,2,-133.417,6,6,20,0,-999,-999,0
96.5,9,32,7,-131.199,6,-134.271,3,3,0,1,-999,-999,0
96.5,9,32,7,-131.199,3,-139.231,2,2,20,0,-999,-999,0
96.5,9,32,7,-131.199,1,-144.999,1,1,20,0,-999,-999,0
96.5,9,32,7,-131.199,5,-151.309,8,8,0,1,-999,-999,0
96.5,11,24,4,-126.293,6,-110.752,3,3,0,1,-999,-999,0
96.5,11,24,4,-126.293,7,-136.628,4,4,0,1,-999,-999,0
96.5,11,24,4,-126.293,2,-146.403,6,6,20,0,-999,-999,0
96.5,11,24,4,-126.293,1,-150.38,1,1,20,0,-999,-999,0
96.5,11,24,4,-126.293,3,-152.94,2,2,20,0,-999,-999,0
96.5,11,24,4,-126.293,5,-153.131,8,8,0,1,-999,-999,0
96.5,12,40,5,-106.9,7,-125.26,4,4,0,1,-999,-999,0
96.5,12,40,5,-106.9,3,-142.017,2,2,20,0,-999,-999,0
96.5,12,40,5,-106.9,2,-143.078,6,6,20,0,-999,-999,0
96.5,12,40,5,-106.9,6,-148.099,3,3,0,1,-999,-999,0
96.5,12,40,5,-106.9,4,-154.922,6,6,20,0,-999,-999,0
96.5,12,40,5,-106.9,1,-165.215,1,1,20,0,-999,-999,0
96.5,17,18,2,-145.375,6,-118.741,3,3,0,1,-999,-999,0
96.5,17,18,2,-145.375,4,-131.83,6,6,20,0,-999,-999,0
96.5,17,18,2,-145.375,3,-132.253,2,2,20,0,-999,-999,0
96.5,17,18,2,-145.375,7,-143.327,4,4,0,1,-999,-999,0
96.5,17,18,2,-145.375,1,-163.141,1,1,20,0,-999,-999,0
96.5,17,18,2,-145.375,5,-171.17,8,8,0,1,-999,-999,0
96.5,20,72,5,-114.453,3,-136.712,2,2,20,0,-999,-999,0
96.5,20,72,5,-114.453,6,-139.921,3,3,0,1,-999,-999,0
96.5,20,72,5,-114.453,2,-140.239,6,6,20,0,-999,-999,0
96.5,20,72,5,-114.453,1,-150.312,1,1,20,0,-999,-999,0
96.5,20,72,5,-114.453,4,-150.575,6,6,20,0,-999,-999,0
96.5,20,72,5,-114.453,7,-156.9,4,4,0,1,-999,-999,0
96.5,21,49,7,-139.997,5,-130.08,8,8,0,1,-999,-999,0
96.5,21,49,7,-139.997,6,-140.889,3,3,0,1,-999,-999,0
96.5,21,49,7,-139.997,2,-149.028,6,6,20,0,-999,-999,0
96.5,21,49,7,-139.997,4,-150.537,6,6,20,0,-999,-999,0
96.5,21,49,7,-139.997,3,-153.656,2,2,20,0,-999,-999,0
96.5,21,49,7,-139.997,1,-158.506,1,1,20,0,-999,-999,0
96.5,23,16,2,-93.2221,3,-118.649,2,2,20,0,-999,-999,0
96.5,23,16,2,-93.2221,1,-127.709,1,1,20,0,-999,-999,0
96.5,23,16,2,-93.2221,7,-129.219,4,4,0,1,-999,-999,0
96.5,23,16,2,-93.2221,4,-138.136,6,6,20,0,-999,-999,0
96.5,23,16,2,-93.2221,6,-141.914,3,3,0,1,-999,-999,0
96.5,23,16,2,-93.2221,5,-145.32,8,8,0,1,-999,-999,0
96.5,24,6,3,-131.536,6,-101.094,3,3,0,1,-999,-999,0
96.5,24,6,3,-131.536,5,-126.075,8,8,0,1,-999,-999,0
96.5,24,6,3,-131.536,4,-126.825,6,6,20,0,-999,-999,0
96.5,24,6,3,-131.536,2,-127.744,6,6,20,0,-999,-999,0
96.5,24,6,3,-131.536,7,-135.815,4,4,0,1,-999,-999,0
96.5,24,6,3,-131.536,1,-147.758,1,1,20,0,-999,-999,0
96.5,30,13,2,-130.908,5,-125.984,8,8,0,1,-999,-999,0
96.5,30,13,2,-130.908,4,-128.217,6,6,20,0,-999,-999,0
96.5,30,13,2,-130.908,3,-134.685,2,2,20,0,-999,-999,0
96.5,30,13,2,-130.908,1,-135.609,1,1,20,0,-999,-999,0
96.5,30,13,2,-130.908,7,-138.866,4,4,0,1,-999,-999,0
96.5,30,13,2,-130.908,6,-142.513,3,3,0,1,-999,-999,0
96.5,35,48,5,-88.6052,3,-128.916,2,2,20,0,-999,-999,0
96.5,35,48,5,-88.6052,2,-130.875,6,6,20,0,-999,-999,0
96.5,35,48,5,-88.6052,4,-139.149,6,6,20,0,-999,-999,0
96.5,35,48,5,-88.6052,7,-143.032,4,4,0,1,-999,-999,0
96.5,35,48,5,-88.6052,1,-145.616,1,1,20,0,-999,-999,0
96.5,35,48,5,-88.6052,6,-156.496,3,3,0,1,-999,-999,0
96.5,37,24,6,-133.051,3,-122.707,2,2,20,0,-999,-999,0
96.5,37,24,6,-133.051,7,-127.649,4,4,0,1,-999,-999,0
96.5,37,24,6,-133.051,4,-129.363,6,6,20,0,-999,-999,0
96.5,37,24,6,-133.051,2,-144.929,6,6,20,0,-999,-999,0
96.5,37,24,6,-133.051,5,-151.685,8,8,0,1,-999,-999,0
96.5,37,24,6,-133.051,1,-156.045,1,1,20,0,-999,-999,0
96.5,39,14,2,-129.622,6,-119.134,3,3,0,1,-999,-999,0
96.5,39,14,2,-129.622,7,-132.056,4,4,0,1,-999,-999,0
96.5,39,14,2,-129.622,5,-132.439,8,8,0,1,-999,-999,0
96.5,39,14,2,-129.622,4,-136.526,6,6,20,0,-999,-999,0
96.5,39,14,2,-129.622,3,-142.243,2,2,20,0,-999,-999,0
96.5,39,14,2,-129.622,1,-151.497,1,1,20,0,-999,-999,0
96.5,46,20,4,-132.236,3,-116.411,2,2,20,0,-999,-999,0
96.5,46,20,4,-132.236,6,-141.493,3,3,0,1,-999,-999,0
96.5,46,20,4,-132.236,2,-142.003,6,6,20,0,-999,-999,0
96.5,46,20,4,-132.236,7,-143.97,4,4,0,1,-999,-999,0
96.5,46,20,4,-132.236,5,-153.838,8,8,0,1,-999,-999,0
96.5,46,20,4,-132.236,1,-162.251,1,1,20,0,-999,-999,0
96.5,48,40,6,-136.404,5,-111.513,8,8,0,1,-999,-999,0
96.5,48,40,6,-136.404,4,-134.045,6,6,20,0,-999,-999,0
96.5,48,40,6,-136.404,3,-138.086,2,2,20,0,-999,-999,0
96.5,48,40,6,-136.404,7,-141.316,4,4,0,1,-999,-999,0
96.5,48,40,6,-136.404,2,-153.235,6,6,20,0,-999,-999,0
96.5,48,40,6,-136.404,1,-171.9,1,1,20,0,-999,-999,0
96.5,54,25,4,-127.866,7,-125.444,4,4,0,1,-999,-999,0
96.5,54,25,4,-127.866,2,-134.31,6,6,20,0,-999,-999,0
96.5,54,25,4,-127.866,6,-136.63,3,3,0,1,-999,-999,0
96.5,54,25,4,-127.866,3,-141.609,2,2,20,0,-999,-999,0
96.5,54,25,4,-127.866,5,-145.166,8,8,0,1,-999,-999,0
96.5,54,25,4,-127.866,1,-146.352,1,1,20,0,-999,-999,0
96.5,55,33,7,-105.517,3,-119.517,2,2,20,0,-999,-999,0
96.5,55,33,7,-105.517,4,-132.296,6,6,20,0,-999,-999,0
96.5,55,33,7,-105.517,6,-140.334,3,3,0,1,-999,-999,0
96.5,55,33,7,-105.517,2,-142.062,6,6,20,0,-999,-999,0
96.5,55,33,7,-105.517,1,-154.532,1,1,20,0,-999,-999,0
96.5,55,33,7,-105.517,5,-157.762,8,8,0,1,-999,-999,0
96.5,59,64,5,-132.893,7,-111.187,4,4,0,1,-999,-999,0
96.5,59,64,5,-132.893,3,-111.28,2,2,20,0,-999,-999,0
96.5,59,64,5,-132.893,2,-140.471,6,6,20,0,-999,-999,0
96.5,59,64,5,-132.893,4,-144.326,6,6,20,0,-999,-999,0
96.5,59,64,5,-132.893,1,-158.459,1,1,20,0,-999,-999,0
96.5,59,64,5,-132.893,6,-165.189,3,3,0,1,-999,-999,0
96.5,68,88,5,-143.118,3,-117.128,2,2,20,0,-999,-999,0
96.5,68,88,5,-143.118,6,-119.718,3,3,0,1,-999,-999,0
96.5,68,88,5,-143.118,2,-150.229,6,6,20,0,-999,-999,0
96.5,68,88,5,-143.118,7,-155.416,4,4,0,1,-999,-999,0
96.5,68,88,5,-143.118,4,-160.122,6,6,20,0,-999,-999,0
96.5,68,88,5,-143.118,1,-161.214,1,1,20,0,-999,-999,0
96.5,70,32,6,-103.235,5,-131.823,8,8,0,1,-999,-999,0
96.5,70,32,6,-103.235,4,-136.55,6,6,20,0,-999,-999,0
96.5,70,32,6,-103.235,7,-141.662,4,4,0,1,-999,-999,0
96.5,70,32,6,-103.235,2,-147.482,6,6,20,0,-999,-999,0
96.5,70,32,6,-103.235,3,-148.322,2,2,20,0,-999,-999,0
96.5,70,32,6,-103.235,1,-160.132,1,1,20,0,-999,-999,0
96.5,73,41,7,-132.156,2,-104.532,6,6,20,0,-999,-999,0
96.5,73,41,7,-132.156,4,-129.637,6,6,20,0,-999,-999,0
96.5,73,41,7,-132.156,6,-143.019,3,3,0,1,-999,-999,0
96.5,73,41,7,-132.156,3,-144.092,2,2,20,0,-999,-999,0
96.5,73,41,7,-132.156,5,-153.187,8,8,0,1,-999,-999,0
96.5,73,41,7,-132.156,1,-161.096,1,1,20,0,-999,-999,0
96.5,78,2,3,-114.078,2,-100.219,6,6,20,0,-999,-999,0
96.5,78,2,3,-114.078,1,-128.044,1,1,20,0,-999,-999,0
96.5,78,2,3,-114.078,4,-130.408,6,6,20,0,-999,-999,0
96.5,78,2,3,-114.078,6,-130.616,3,3,0,1,-999,-999,0
96.5,78,2,3,-114.078,5,-134.464,8,8,0,1,-999,-999,0
96.5,78,2,3,-114.078,7,-160.138,4,4,0,1,-999,-999,0
96.5,84,56,5,-101.827,3,-128.358,2,2,20,0,-999,-999,0
96.5,84,56,5,-101.827,7,-128.791,4,4,0,1,-999,-999,0
96.5,84,56,5,-101.827,2,-132.592,6,6,20,0,-999,-999,0
96.5,84,56,5,-101.827,6,-140.111,3,3,0,1,-999,-999,0
96.5,84,56,5,-101.827,4,-140.69,6,6,20,0,-999,-999,0
96.5,84,56,5,-101.827,1,-141.164,1,1,20,0,-999,-999,0
96.5,90,22,4,-73.596,2,-120.98,6,6,20,0,-999,-999,0
96.5,90,22,4,-73.596,6,-126.936,3,3,0,1,-999,-999,0
96.5,90,22,4,-73.596,3,-128.688,2,2,20,0,-999,-999,0
96.5,90,22,4,-73.596,5,-130.643,8,8,0,1,-999,-999,0
96.5,90,22,4,-73.596,7,-136.127,4,4,0,1,-999,-999,0
96.5,90,22,4,-73.596,1,-138.415,1,1,20,0,-999,-999,0
96.5,92,9,2,-113.592,1,-113.532,1,1,20,0,-999,-999,0
96.5,92,9,2,-113.592,3,-119.617,2,2,20,0,-999,-999,0
96.5,92,9,2,-113.592,4,-140.748,6,6,20,0,-999,-999,0
96.5,92,9,2,-113.592,7,-141.874,4,4,0,1,-999,-999,0
96.5,92,9,2,-113.592,5,-149.05,8,8,0,1,-999,-999,0
96.5,92,9,2,-113.592,6,-154.825,3,3,0,1,-999,-999,0
96.5,96,33,4,-95.6491,3,-117.282,2,2,20,0,-999,-999,0
96.5,96,33,4,-95.6491,5,-118.876,8,8,0,1,-999,-999,0
96.5,96,33,4,-95.6491,7,-123.274,4,4,0,1,-999,-999,0
96.5,96,33,4,-95.6491,6,-132.682,3,3,0,1,-999,-999,0
96.5,96,33,4,-95.6491,2,-139.793,6,6,20,0,-999,-999,0
96.5,96,33,4,-95.6491,1,-141.555,1,1,20,0,-999,-999,0
96.5,97,17,2,-109.281,3,-120.559,2,2,20,0,-999,-999,0
96.5,97,17,2,-109.281,1,-123.85,1,1,20,0,-999,-999,0
96.5,97,17,2,-109.281,4,-127.999,6,6,20,0,-999,-999,0
96.5,97,17,2,-109.281,7,-132.575,4,4,0,1,-999,-999,0
96.5,97,17,2,-109.281,6,-140.417,3,3,0,1,-999,-999,0
96.5,97,17,2,-109.281,5,-147.919,8,8,0,1,-999,-999,0
96.5,100,16,4,-80.0477,6,-90.1125,3,3,0,1,-999,-999,0
96.5,100,16,4,-80.0477,2,-114.026,6,6,20,0,-999,-999,0
96.5,100,16,4,-80.0477,3,-131.909,2,2,20,0,-999,-999,0
96.5,100,16,4,-80.0477,7,-132.067,4,4,0,1,-999,-999,0
96.5,100,16,4,-80.0477,1,-140.085,1,1,20,0,-999,-999,0
96.5,100,16,4,-80.0477,5,-150.296,8,8,0,1,-999,-999,0
96.5,102,80,5,-95.9581,7,-131.439,4,4,0,1,-999,-999,0
96.5,102,80,5,-95.9581,6,-141.74,3,3,0,1,-999,-999,0
96.5,102,80,5,-95.9581,4,-147.462,6,6,20,0,-999,-999,0
96.5,102,80,5,-95.9581,2,-147.556,6,6,20,0,-999,-999,0
96.5,102,80,5,-95.9581,3,-152.566,2,2,20,0,-999,-999,0
96.5,102,80,5,-95.9581,1,-161.142,1,1,20,0,-999,-999,0
96.5,103,96,5,-121.752,3,-137.753,2,2,20,0,-999,-999,0
96.5,103,96,5,-121.752,2,-146.745,6,6,20,0,-999,-999,0
96.5,103,96,5,-121.752,6,-154.309,3,3,0,1,-999,-999,0
96.5,103,96,5,-121.752,1,-156.131,1,1,20,0,-999,-999,0
96.5,103,96,5,-121.752,7,-159.97,4,4,0,1,-999,-999,0
96.5,103,96,5,-121.752,4,-161.199,6,6,20,0,-999,-999,0
98.5,9,32,7,-120.122,4,-109.723,6,6,20,0,-999,-999,0
98.5,9,32,7,-120.122,2,-128.711,6,6,20,0,-999,-999,0
98.5,9,32,7,-120.122,6,-130.891,3,3,0,1,-999,-999,0
98.5,9,32,7,-120.122,1,-136.986,1,1,20,0,-999,-999,0
98.5,9,32,7,-120.122,3,-143.005,2,2,20,0,-999,-999,0
98.5,9,32,7,-120.122,5,-150.546,9,9,0,1,-999,-999,0
98.5,11,24,4,-122.297,6,-120.712,3,3,0,1,-999,-999,0
98.5,11,24,4,-122.297,7,-124.234,4,4,0,1,-999,-999,0
98.5,11,24,4,-122.297,1,-141.613,1,1,20,0,-999,-999,0
98.5,11,24,4,-122.297,2,-147.016,6,6,20,0,-999,-999,0
98.5,11,24,4,-122.297,5,-151.982,9,9,0,1,-999,-999,0
98.5,11,24,4,-122.297,3,-153.049,2,2,20,0,-999,-999,0
98.5,12,40,5,-121.989,3,-121.289,2,2,20,0,-999,-999,0
98.5,12,40,5,-121.989,1,-141.247,1,1,20,0,-999,-999,0
98.5,12,40,5,-121.989,7,-145.316,4,4,0,1,-999,-999,0
98.5,12,40,5,-121.989,2,-147.318,6,6,20,0,-999,-999,0
98.5,12,40,5,-121.989,6,-151.057,3,3,0,1,-999,-999,0
98.5,12,40,5,-121.989,4,-162.593,6,6,20,0,-999,-999,0
98.5,17,18,2,-116.423,4,-95.189,6,6,20,0,-999,-999,0
98.5,17,18,2,-116.423,1,-119.772,1,1,20,0,-999,-999,0
98.5,17,18,2,-116.423,3,-125.94,2,2,20,0,-999,-999,0
98.5,17,18,2,-116.423,6,-127.128,3,3,0,1,-999,-999,0
98.5,17,18,2,-116.423,7,-138.216,4,4,0,1,-999,-999,0
98.5,17,18,2,-116.423,5,-173.908,9,9,0,1,-999,-999,0
98.5,20,72,5,-118.98,3,-123.011,2,2,20,0,-999,-999,0
98.5,20,72,5,-118.98,1,-138.819,1,1,20,0,-999,-999,0
98.5,20,72,5,-118.98,2,-139.473,6,6,20,0,-999,-999,0
98.5,20,72,5,-118.98,6,-148.112,3,3,0,1,-999,-999,0
98.5,20,72,5,-118.98,7,-151.189,4,4,0,1,-999,-999,0
98.5,20,72,5,-118.98,4,-151.708,6,6,20,0,-999,-999,0
98.5,21,49,7,-139.92,3,-134.447,2,2,20,0,-999,-999,0
98.5,21,49,7,-139.92,1,-135.326,1,1,20,0,-999,-999,0
98.5,21,49,7,-139.92,2,-137.537,6,6,20,0,-999,-999,0
98.5,21,49,7,-139.92,6,-143.384,3,3,0,1,-999,-999,0
98.5,21,49,7,-139.92,4,-147.409,6,6,20,0,-999,-999,0
98.5,21,49,7,-139.92,5,-151.503,9,9,0,1,-999,-999,0
98.5,23,16,2,-118.469,1,-106.32,1,1,20,0,-999,-999,0
98.5,23,16,2,-118.469,3,-121.644,2,2,20,0,-999,-999,0
98.5,23,16,2,-118.469,4,-131.817,6,6,20,0,-999,-999,0
98.5,23,16,2,-118.469,5,-141.881,9,9,0,1,-999,-999,0
98.5,23,16,2,-118.469,6,-141.979,3,3,0,1,-999,-999,0
98.5,23,16,2,-118.469,7,-149.162,4,4,0,1,-999,-999,0
98.5,24,6,3,-96.8606,2,-122.326,6,6,20,0,-999,-999,0
98.5,24,6,3,-96.8606,5,-128.847,9,9,0,1,-999,-999,0
98.5,24,6,3,-96.8606,1,-130.702,1,1,20,0,-999,-999,0
98.5,24,6,3,-96.8606,6,-136.986,3,3,0,1,-999,-999,0
98.5,24,6,3,-96.8606,4,-145.249,6,6,20,0,-999,-999,0
98.5,24,6,3,-96.8606,7,-148.996,4,4,0,1,-999,-999,0
98.5,30,13,2,-133.883,7,-105.929,4,4,0,1,-999,-999,0
98.5,30,13,2,-133.883,3,-117.117,2,2,20,0,-999,-999,0
98.5,30,13,2,-133.883,6,-118.719,3,3,0,1,-999,-999,0
98.5,30,13,2,-133.883,4,-120.093,6,6,20,0,-999,-999,0
98.5,30,13,2,-133.883,5,-128.492,9,9,0,1,-999,-999,0
98.5,30,13,2,-133.883,1,-132.28,1,1,20,0,-999,-999,0
98.5,35,48,5,-127.718,1,-109.221,1,1,20,0,-999,-999,0
98.5,35,48,5,-127.718,3,-116.091,2,2,20,0,-999,-999,0
98.5,35,48,5,-127.718,2,-129.778,6,6,20,0,-999,-999,0
98.5,35,48,5,-127.718,4,-141.545,6,6,20,0,-999,-999,0
98.5,35,48,5,-127.718,7,-142.958,4,4,0,1,-999,-999,0
98.5,35,48,5,-127.718,6,-146.877,3,3,0,1,-999,-999,0
98.5,37,24,6,-138.086,4,-135.01,6,6,20,0,-999,-999,0
98.5,37,24,6,-138.086,7,-136.651,4,4,0,1,-999,-999,0
98.5,37,24,6,-138.086,1,-144.08,1,1,20,0,-999,-999,0
98.5,37,24,6,-138.086,2,-144.934,6,6,20,0,-999,-999,0
98.5,37,24,6,-138.086,3,-147.285,2,2,20,0,-999,-999,0
98.5,37,24,6,-138.086,5,-156.485,9,9,0,1,-999,-999,0
98.5,39,14,2,-118.929,6,-115.188,3,3,0,1,-999,-999,0
98.5,39,14,2,-118.929,1,-118.79,1,1,20,0,-999,-999,0
98.5,39,14,2,-118.929,3,-128.679,2,2,20,0,-999,-999,0
98.5,39,14,2,-118.929,5,-130.483,9,9,0,1,-999,-999,0
98.5,39,14,2,-118.929,4,-136.761,6,6,20,0,-999,-999,0
98.5,39,14,2,-118.929,7,-140.899,4,4,0,1,-999,-999,0
98.5,46,20,4,-125.998,2,-118.46,6,6,20,0,-999,-999,0
98.5,46,20,4,-125.998,3,-131.261,2,2,20,0,-999,-999,0
98.5,46,20,4,-125.998,1,-132.315,1,1,20,0,-999,-999,0
98.5,46,20,4,-125.998,5,-139.772,9,9,0,1,-999,-999,0
98.5,46,20,4,-125.998,7,-139.967,4,4,0,1,-999,-999,0
98.5,46,20,4,-125.998,6,-145.314,3,3,0,1,-999,-999,0
98.5,47,16,1,-114.113,3,-81.5971,2,2,20,0,-999,-999,0
98.5,47,16,1,-114.113,7,-105.383,4,4,0,1,-999,-999,0
98.5,47,16,1,-114.113,2,-117.454,6,6,20,0,-999,-999,0
98.5,47,16,1,-114.113,4,-127.508,6,6,20,0,-999,-999,0
98.5,47,16,1,-114.113,6,-142.235,3,3,0,1,-999,-999,0
98.5,47,16,1,-114.113,5,-146.713,9,9,0,1,-999,-999,0
98.5,48,40,6,-127.999,5,-125.996,9,9,0,1,-999,-999,0
98.5,48,40,6,-127.999,4,-134.714,6,6,20,0,-999,-999,0
98.5,48,40,6,-127.999,7,-142.72,4,4,0,1,-999,-999,0
98.5,48,40,6,-127.999,2,-144.092,6,6,20,0,-999,-999,0
98.5,48,40,6,-127.999,1,-147.073,1,1,20,0,-999,-999,0
98.5,48,40,6,-127.999,3,-156.276,2,2,20,0,-999,-999,0
98.5,54,25,4,-110.036,7,-115.689,4,4,0,1,-999,-999,0
98.5,54,25,4,-110.036,1,-120.689,1,1,20,0,-999,-999,0
98.5,54,25,4,-110.036,2,-137.715,6,6,20,0,-999,-999,0
98.5,54,25,4,-110.036,3,-140.636,2,2,20,0,-999,-999,0
98.5,54,25,4,-110.036,5,-146.856,9,9,0,1,-999,-999,0
98.5,54,25,4,-110.036,6,-147.002,3,3,0,1,-999,-999,0
98.5,55,33,7,-87.4986,4,-117.974,6,6,20,0,-999,-999,0
98.5,55,33,7,-87.4986,1,-123.702,1,1,20,0,-999,-999,0
98.5,55,33,7,-87.4986,2,-137.707,6,6,20,0,-999,-999,0
98.5,55,33,7,-87.4986,6,-143.086,3,3,0,1,-999,-999,0
98.5,55,33,7,-87.4986,3,-146.097,2,2,20,0,-999,-999,0
98.5,55,33,7,-87.4986,5,-153.909,9,9,0,1,-999,-999,0
98.5,59,64,5,-136.667,1,-120.356,1,1,20,0,-999,-999,0
98.5,59,64,5,-136.667,2,-140.436,6,6,20,0,-999,-999,0
98.5,59,64,5,-136.667,3,-142.556,2,2,20,0,-999,-999,0
98.5,59,64,5,-136.667,4,-146.269,6,6,20,0,-999,-999,0
98.5,59,64,5,-136.667,7,-149.272,4,4,0,1,-999,-999,0
98.5,59,64,5,-136.667,6,-155.396,3,3,0,1,-999,-999,0
98.5,66,104,5,-112.135,3,-115.189,2,2,20,0,-999,-999,0
98.5,66,104,5,-112.135,7,-115.848,4,4,0,1,-999,-999,0
98.5,66,104,5,-112.135,1,-122.277,1,1,20,0,-999,-999,0
98.5,66,104,5,-112.135,4,-135.159,6,6,20,0,-999,-999,0
98.5,66,104,5,-112.135,2,-144.637,6,6,20,0,-999,-999,0
98.5,66,104,5,-112.135,6,-159.51,3,3,0,1,-999,-999,0
98.5,68,88,5,-123.961,3,-130.137,2,2,20,0,-999,-999,0
98.5,68,88,5,-123.961,2,-131.102,6,6,20,0,-999,-999,0
98.5,68,88,5,-123.961,6,-144.768,3,3,0,1,-999,-999,0
98.5,68,88,5,-123.961,1,-147.747,1,1,20,0,-999,-999,0
98.5,68,88,5,-123.961,4,-151.4,6,6,20,0,-999,-999,0
98.5,68,88,5,-123.961,7,-152.647,4,4,0,1,-999,-999,0
98.5,70,32,6,-136.309,7,-117.706,4,4,0,1,-999,-999,0
98.5,70,32,6,-136.309,2,-133.48,6,6,20,0,-999,-999,0
98.5,70,32,6,-136.309,1,-140.006,1,1,20,0,-999,-999,0
98.5,70,32,6,-136.309,4,-145.012,6,6,20,0,-999,-999,0
98.5,70,32,6,-136.309,5,-147.183,9,9,0,1,-999,-999,0
98.5,70,32,6,-136.309,3,-160.317,2,2,20,0,-999,-999,0
98.5,73,41,7,-99.0425,4,-104.633,6,6,20,0,-999,-999,0
98.5,73,41,7,-99.0425,2,-123.84,6,6,20,0,-999,-999,0
98.5,73,41,7,-99.0425,3,-132.25,2,2,20,0,-999,-999,0
98.5,73,41,7,-99.0425,6,-138.046,3,3,0,1,-999,-999,0
98.5,73,41,7,-99.0425,1,-140.324,1,1,20,0,-999,-999,0
98.5,73,41,7,-99.0425,5,-147.653,9,9,0,1,-999,-999,0
98.5,78,2,3,-112.719,1,-112.99,1,1,20,0,-999,-999,0
98.5,78,2,3,-112.719,2,-114.555,6,6,20,0,-999,-999,0
98.5,78,2,3,-112.719,5,-128.607,9,9,0,1,-999,-999,0
98.5,78,2,3,-112.719,4,-132.093,6,6,20,0,-999,-999,0
98.5,78,2,3,-112.719,6,-141.777,3,3,0,1,-999,-999,0
98.5,78,2,3,-112.719,7,-144.123,4,4,0,1,-999,-999,0
98.5,84,56,5,-130.674,2,-102.706,6,6,20,0,-999,-999,0
98.5,84,56,5,-130.674,3,-129.697,2,2,20,0,-999,-999,0
98.5,84,56,5,-130.674,1,-136.494,1,1,20,0,-999,-999,0
98.5,84,56,5,-130.674,4,-141.701,6,6,20,0,-999,-999,0
98.5,84,56,5,-130.674,6,-142.261,3,3,0,1,-999,-999,0
98.5,84,56,5,-130.674,7,-144.744,4,4,0,1,-999,-999,0
98.5,90,22,4,-91.0579,1,-109.37,1,1,20,0,-999,-999,0
98.5,90,22,4,-91.0579,2,-114.509,6,6,20,0,-999,-999,0
98.5,90,22,4,-91.0579,3,-115.991,2,2,20,0,-999,-999,0
98.5,90,22,4,-91.0579,6,-129.003,3,3,0,1,-999,-999,0
98.5,90,22,4,-91.0579,7,-133.608,4,4,0,1,-999,-999,0
98.5,90,22,4,-91.0579,5,-140.936,9,9,0,1,-999,-999,0
98.5,92,9,2,-97.5272,1,-88.7564,1,1,20,0,-999,-999,0
98.5,92,9,2,-97.5272,3,-102.811,2,2,20,0,-999,-999,0
98.5,92,9,2,-97.5272,5,-136.574,9,9,0,1,-999,-999,0
98.5,92,9,2,-97.5272,4,-138.157,6,6,20,0,-999,-999,0
98.5,92,9,2,-97.5272,7,-141.159,4,4,0,1,-999,-999,0
98.5,92,9,2,-97.5272,6,-146.669,3,3,0,1,-999,-999,0
98.5,96,33,4,-83.5173,5,-117.366,9,9,0,1,-999,-999,0
98.5,96,33,4,-83.5173,1,-117.433,1,1,20,0,-999,-999,0
98.5,96,33,4,-83.5173,6,-122.157,3,3,0,1,-999,-999,0
98.5,96,33,4,-83.5173,3,-122.912,2,2,20,0,-999,-999,0
98.5,96,33,4,-83.5173,2,-134.261,6,6,20,0,-999,-999,0
98.5,96,33,4,-83.5173,7,-135.775,4,4,0,1,-999,-999,0
98.5,97,17,2,-101.795,7,-99.2154,4,4,0,1,-999,-999,0
98.5,97,17,2,-101.795,3,-114.143,2,2,20,0,-999,-999,0
98.5,97,17,2,-101.795,1,-119.7,1,1,20,0,-999,-999,0
98.5,97,17,2,-101.795,4,-137.318,6,6,20,0,-999,-999,0
98.5,97,17,2,-101.795,6,-140.692,3,3,0,1,-999,-999,0
98.5,97,17,2,-101.795,5,-145.24,9,9,0,1,-999,-999,0
98.5,100,16,4,-95.9462,6,-127.656,3,3,0,1,-999,-999,0
98.5,100,16,4,-95.9462,5,-128.527,9,9,0,1,-999,-999,0
98.5,100,16,4,-95.9462,7,-129.265,4,4,0,1,-999,-999,0
98.5,100,16,4,-95.9462,2,-134.016,6,6,20,0,-999,-999,0
98.5,100,16,4,-95.9462,1,-139.279,1,1,20,0,-999,-999,0
98.5,100,16,4,-95.9462,3,-146.942,2,2,20,0,-999,-999,0
98.5,102,80,5,-95.665,2,-126.166,6,6,20,0,-999,-999,0
98.5,102,80,5,-95.665,1,-126.778,1,1,20,0,-999,-999,0
98.5,102,80,5,-95.665,7,-131.505,4,4,0,1,-999,-999,0
98.5,102,80,5,-95.665,6,-146.036,3,3,0,1,-999,-999,0
98.5,102,80,5,-95.665,4,-149.009,6,6,20,0,-999,-999,0
98.5,102,80,5,-95.665,3,-149.036,2,2,20,0,-999,-999,0
98.5,103,96,5,-139.429,7,-116.707,4,4,0,1,-999,-999,0
98.5,103,96,5,-139.429,1,-122.054,1,1,20,0,-999,-999,0
98.5,103,96,5,-139.429,3,-145.327,2,2,20,0,-999,-999,0
98.5,103,96,5,-139.429,4,-146.685,6,6,20,0,-999,-999,0
98.5,103,96,5,-139.429,2,-147.499,6,6,20,0,-999,-999,0
98.5,103,96,5,-139.429,6,-152.186,3,3,0,1,-999,-999,0
100.5,9,32,7,-85.7899,4,-89.6474,6,6,20,0,-999,-999,0
100.5,9,32,7,-85.7899,5,-127.142,9,9,0,1,-999,-999,0
100.5,9,32,7,-85.7899,1,-129.457,1,1,20,0,-999,-999,0
100.5,9,32,7,-85.7899,2,-131.438,6,6,20,0,-999,-999,0
100.5,9,32,7,-85.7899,6,-134.065,3,3,0,1,-999,-999,0
100.5,9,32,7,-85.7899,3,-134.573,2,2,20,0,-999,-999,0
100.5,11,24,4,-123.398,6,-102.09,3,3,0,1,-999,-999,0
100.5,11,24,4,-123.398,7,-133.678,4,4,0,1,-999,-999,0
100.5,11,24,4,-123.398,2,-145.25,6,6,20,0,-999,-999,0
100.5,11,24,4,-123.398,1,-147.924,1,1,20,0,-999,-999,0
100.5,11,24,4,-123.398,5,-149.21,9,9,0,1,-999,-999,0
100.5,11,24,4,-123.398,3,-149.707,2,2,20,0,-999,-999,0
100.5,12,40,5,-136.485,1,-105.978,1,1,20,0,-999,-999,0
100.5,12,40,5,-136.485,2,-141.829,6,6,20,0,-999,-999,0
100.5,12,40,5,-136.485,3,-142.078,2,2,20,0,-999,-999,0
100.5,12,40,5,-136.485,7,-153.225,4,4,0,1,-999,-999,0
100.5,12,40,5,-136.485,4,-154.507,6,6,20,0,-999,-999,0
100.5,12,40,5,-136.485,6,-157.483,3,3,0,1,-999,-999,0
100.5,17,18,2,-145.545,6,-115.552,3,3,0,1,-999,-999,0
100.5,17,18,2,-145.545,4,-131.9,6,6,20,0,-999,-999,0
100.5,17,18,2,-145.545,1,-135.481,1,1,20,0,-999,-999,0
100.5,17,18,2,-145.545,7,-149.334,4,4,0,1,-999,-999,0
100.5,17,18,2,-145.545,3,-157.297,2,2,20,0,-999,-999,0
100.5,17,18,2,-145.545,5,-181.789,9,9,0,1,-999,-999,0
100.5,20,72,5,-128.006,3,-131.061,2,2,20,0,-999,-999,0
100.5,20,72,5,-128.006,1,-137.363,1,1,20,0,-999,-999,0
100.5,20,72,5,-128.006,6,-141.276,3,3,0,1,-999,-999,0
100.5,20,72,5,-128.006,2,-142.004,6,6,20,0,-999,-999,0
100.5,20,72,5,-128.006,7,-150.85,4,4,0,1,-999,-999,0
100.5,20,72,5,-128.006,4,-156.342,6,6,20,0,-999,-999,0
100.5,21,49,7,-137.082,1,-117.163,1,1,20,0,-999,-999,0
100.5,21,49,7,-137.082,6,-141.374,3,3,0,1,-999,-999,0
100.5,21,49,7,-137.082,4,-142.158,6,6,20,0,-999,-999,0
100.5,21,49,7,-137.082,5,-154.196,9,9,0,1,-999,-999,0
100.5,21,49,7,-137.082,3,-157.742,2,2,20,0,-999,-999,0
100.5,21,49,7,-137.082,2,-160.158,6,6,20,0,-999,-999,0
100.5,23,16,2,-120.356,7,-108.152,4,4,0,1,-999,-999,0
100.5,23,16,2,-120.356,3,-112.215,2,2,20,0,-999,-999,0
100.5,23,16,2,-120.356,1,-119.246,1,1,20,0,-999,-999,0
100.5,23,16,2,-120.356,6,-124.808,3,3,0,1,-999,-999,0
100.5,23,16,2,-120.356,4,-133.089,6,6,20,0,-999,-999,0
100.5,23,16,2,-120.356,5,-144.927,9,9,0,1,-999,-999,0
100.5,24,6,3,-128.934,2,-115.79,6,6,20,0,-999,-999,0
100.5,24,6,3,-128.934,5,-124.657,9,9,0,1,-999,-999,0
100.5,24,6,3,-128.934,6,-133.54,3,3,0,1,-999,-999,0
100.5,24,6,3,-128.934,1,-134.081,1,1,20,0,-999,-999,0
100.5,24,6,3,-128.934,7,-144.931,4,4,0,1,-999,-999,0
100.5,24,6,3,-128.934,4,-146.007,6,6,20,0,-999,-999,0
100.5,30,13,2,-130.327,5,-91.4597,9,9,0,1,-999,-999,0
100.5,30,13,2,-130.327,1,-97.8212,1,1,20,0,-999,-999,0
100.5,30,13,2,-130.327,4,-138.228,6,6,20,0,-999,-999,0
100.5,30,13,2,-130.327,3,-138.923,2,2,20,0,-999,-999,0
100.5,30,13,2,-130.327,7,-139.609,4,4,0,1,-999,-999,0
100.5,30,13,2,-130.327,6,-144.8,3,3,0,1,-999,-999,0
100.5,35,48,5,-126.509,7,-100.962,4,4,0,1,-999,-999,0
100.5,35,48,5,-126.509,1,-128.079,1,1,20,0,-999,-999,0
100.5,35,48,5,-126.509,3,-133.322,2,2,20,0,-999,-999,0
100.5,35,48,5,-126.509,2,-134.521,6,6,20,0,-999,-999,0
100.5,35,48,5,-126.509,4,-141.135,6,6,20,0,-999,-999,0
100.5,35,48,5,-126.509,6,-146.889,3,3,0,1,-999,-999,0
100.5,37,24,6,-121.715,1,-125.614,1,1,20,0,-999,-999,0
100.5,37,24,6,-121.715,5,-126.764,9,9,0,1,-999,-999,0
100.5,37,24,6,-121.715,4,-127.439,6,6,20,0,-999,-999,0
100.5,37,24,6,-121.715,7,-137.491,4,4,0,1,-999,-999,0
100.5,37,24,6,-121.715,2,-144.373,6,6,20,0,-999,-999,0
100.5,37,24,6,-121.715,3,-151.961,2,2,20,0,-999,-999,0
100.5,39,14,2,-126.835,1,-126.994,1,1,20,0,-999,-999,0
100.5,39,14,2,-126.835,5,-127.685,9,9,0,1,-999,-999,0
100.5,39,14,2,-126.835,4,-128.854,6,6,20,0,-999,-999,0
100.5,39,14,2,-126.835,3,-133.908,2,2,20,0,-999,-999,0
100.5,39,14,2,-126.835,7,-140.368,4,4,0,1,-999,-999,0
100.5,39,14,2,-126.835,6,-145.696,3,3,0,1,-999,-999,0
100.5,46,20,4,-139.264,7,-117.942,4,4,0,1,-999,-999,0
100.5,46,20,4,-139.264,2,-136.737,6,6,20,0,-999,-999,0
100.5,46,20,4,-139.264,3,-144.009,2,2,20,0,-999,-999,0
100.5,46,20,4,-139.264,6,-147.323,3,3,0,1,-999,-999,0
100.5,46,20,4,-139.264,5,-148.919,9,9,0,1,-999,-999,0
100.5,46,20,4,-139.264,1,-152.308,1,1,20,0,-999,-999,0
100.5,47,16,1,-112.985,2,-108.543,6,6,20,0,-999,-999,0
100.5,47,16,1,-112.985,3,-118.03,2,2,20,0,-999,-999,0
100.5,47,16,1,-112.985,6,-126.724,3,3,0,1,-999,-999,0
100.5,47,16,1,-112.985,7,-136.394,4,4,0,1,-999,-999,0
100.5,47,16,1,-112.985,5,-140.383,9,9,0,1,-999,-999,0
100.5,47,16,1,-112.985,4,-141.967,6,6,20,0,-999,-999,0
100.5,48,40,6,-134.611,4,-129.738,6,6,20,0,-999,-999,0
100.5,48,40,6,-134.611,1,-141.169,1,1,20,0,-999,-999,0
100.5,48,40,6,-134.611,5,-143.883,9,9,0,1,-999,-999,0
100.5,48,40,6,-134.611,2,-151.805,6,6,20,0,-999,-999,0
100.5,48,40,6,-134.611,7,-153.414,4,4,0,1,-999,-999,0
100.5,48,40,6,-134.611,3,-159.603,2,2,20,0,-999,-999,0
100.5,54,25,4,-89.5453,6,-104.54,3,3,0,1,-999,-999,0
100.5,54,25,4,-89.5453,7,-119.664,4,4,0,1,-999,-999,0
100.5,54,25,4,-89.5453,2,-128.66,6,6,20,0,-999,-999,0
100.5,54,25,4,-89.5453,1,-136.698,1,1,20,0,-999,-999,0
100.5,54,25,4,-89.5453,3,-141.224,2,2,20,0,-999,-999,0
100.5,54,25,4,-89.5453,5,-149.822,9,9,0,1,-999,-999,0
100.5,55,33,7,-138.963,4,-129.676,6,6,20,0,-999,-999,0
100.5,55,33,7,-138.963,1,-141.532,1,1,20,0,-999,-999,0
100.5,55,33,7,-138.963,6,-142.442,3,3,0,1,-999,-999,0
100.5,55,33,7,-138.963,2,-142.581,6,6,20,0,-999,-999,0
100.5,55,33,7,-138.963,3,-149.237,2,2,20,0,-999,-999,0
100.5,55,33,7,-138.963,5,-157.189,9,9,0,1,-999,-999,0
100.5,59,64,5,-147.584,4,-115.802,6,6,20,0,-999,-999,0
100.5,59,64,5,-147.584,3,-140.951,2,2,20,0,-999,-999,0
100.5,59,64,5,-147.584,2,-142.231,6,6,20,0,-999,-999,0
100.5,59,64,5,-147.584,7,-144.285,4,4,0,1,-999,-999,0
100.5,59,64,5,-147.584,1,-145.121,1,1,20,0,-999,-999,0
100.5,59,64,5,-147.584,6,-160.702,3,3,0,1,-999,-999,0
100.5,66,104,5,-136.725,7,-113.051,4,4,0,1,-999,-999,0
100.5,66,104,5,-136.725,2,-132.084,6,6,20,0,-999,-999,0
100.5,66,104,5,-136.725,3,-140.007,2,2,20,0,-999,-999,0
100.5,66,104,5,-136.725,1,-141.198,1,1,20,0,-999,-999,0
100.5,66,104,5,-136.725,4,-145.421,6,6,20,0,-999,-999,0
100.5,66,104,5,-136.725,6,-169.109,3,3,0,1,-999,-999,0
100.5,68,88,5,-136.721,6,-131.816,3,3,0,1,-999,-999,0
100.5,68,88,5,-136.721,3,-142.084,2,2,20,0,-999,-999,0
100.5,68,88,5,-136.721,2,-149.723,6,6,20,0,-999,-999,0
100.5,68,88,5,-136.721,7,-151.612,4,4,0,1,-999,-999,0
100.5,68,88,5,-136.721,1,-159.882,1,1,20,0,-999,-999,0
100.5,68,88,5,-136.721,4,-163.477,6,6,20,0,-999,-999,0
100.5,70,32,6,-119.806,5,-126.493,9,9,0,1,-999,-999,0
100.5,70,32,6,-119.806,2,-134.896,6,6,20,0,-999,-999,0
100.5,70,32,6,-119.806,4,-145.015,6,6,20,0,-999,-999,0
100.5,70,32,6,-119.806,7,-147.182,4,4,0,1,-999,-999,0
100.5,70,32,6,-119.806,1,-149.007,1,1,20,0,-999,-999,0
100.5,70,32,6,-119.806,3,-154.129,2,2,20,0,-999,-999,0
100.5,73,41,7,-136.295,3,-106.457,2,2,20,0,-999,-999,0
100.5,73,41,7,-136.295,1,-107.305,1,1,20,0,-999,-999,0
100.5,73,41,7,-136.295,5,-112.11,9,9,0,1,-999,-999,0
100.5,73,41,7,-136.295,4,-143.396,6,6,20,0,-999,-999,0
100.5,73,41,7,-136.295,2,-145.066,6,6,20,0,-999,-999,0
100.5,73,41,7,-136.295,6,-153.953,3,3,0,1,-999,-999,0
100.5,78,2,3,-110.584,1,-116.573,1,1,20,0,-999,-999,0
100.5,78,2,3,-110.584,2,-123.275,6,6,20,0,-999,-999,0
100.5,78,2,3,-110.584,6,-130.193,3,3,0,1,-999,-999,0
100.5,78,2,3,-110.584,4,-133.726,6,6,20,0,-999,-999,0
100.5,78,2,3,-110.584,5,-133.794,9,9,0,1,-999,-999,0
100.5,78,2,3,-110.584,7,-140.146,4,4,0,1,-999,-999,0
100.5,84,56,5,-90.9093,2,-110.718,6,6,20,0,-999,-999,0
100.5,84,56,5,-90.9093,3,-127.479,2,2,20,0,-999,-999,0
100.5,84,56,5,-90.9093,6,-141.801,3,3,0,1,-999,-999,0
100.5,84,56,5,-90.9093,1,-142,1,1,20,0,-999,-999,0
100.5,84,56,5,-90.9093,4,-143.959,6,6,20,0,-999,-999,0
100.5,84,56,5,-90.9093,7,-158.651,4,4,0,1,-999,-999,0
100.5,90,22,4,-112.153,7,-98.6001,4,4,0,1,-999,-999,0
100.5,90,22,4,-112.153,1,-123.022,1,1,20,0,-999,-999,0
100.5,90,22,4,-112.153,2,-125.956,6,6,20,0,-999,-999,0
100.5,90,22,4,-112.153,3,-129.345,2,2,20,0,-999,-999,0
100.5,90,22,4,-112.153,6,-131.089,3,3,0,1,-999,-999,0
100.5,90,22,4,-112.153,5,-141.001,9,9,0,1,-999,-999,0
100.5,92,9,2,-112.615,5,-107.409,9,9,0,1,-999,-999,1
100.5,92,9,2,-112.615,1,-108.5,1,1,20,0,-999,-999,1
100.5,92,9,2,-112.615,4,-110.259,6,6,20,0,-999,-999,1
100.5,92,9,2,-112.615,3,-122.136,2,2,20,0,-999,-999,1
100.5,92,9,2,-112.615,7,-122.456,4,4,0,1,-999,-999,1
100.5,92,9,2,-112.615,6,-122.632,3,3,0,1,-999,-999,1
100.5,96,33,4,-102.771,2,-128.333,6,6,20,0,-999,-999,0
100.5,96,33,4,-102.771,6,-129.006,3,3,0,1,-999,-999,0
100.5,96,33,4,-102.771,1,-133.774,1,2,20,0,-999,-999,0
100.5,96,33,4,-102.771,3,-138.71,2,2,20,0,-999,-999,0
100.5,96,33,4,-102.771,7,-142.624,4,4,0,1,-999,-999,0
100.5,96,33,4,-102.771,5,-144.296,9,9,0,1,-999,-999,0
100.5,97,17,2,-100.934,4,-97.847,6,6,20,0,-999,-999,0
100.5,97,17,2,-100.934,1,-116.026,1,2,20,0,-999,-999,0
100.5,97,17,2,-100.934,3,-124.589,2,2,20,0,-999,-999,0
100.5,97,17,2,-100.934,7,-129.992,4,4,0,1,-999,-999,0
100.5,97,17,2,-100.934,6,-131.618,3,3,0,1,-999,-999,0
100.5,97,17,2,-100.934,5,-158.989,9,9,0,1,-999,-999,0
100.5,100,16,4,-95.2244,7,-89.7653,4,4,0,1,-999,-999,0
100.5,100,16,4,-95.2244,3,-112.221,2,2,20,0,-999,-999,0
100.5,100,16,4,-95.2244,2,-125.698,6,6,20,0,-999,-999,0
100.5,100,16,4,-95.2244,6,-126.793,3,3,0,1,-999,-999,0
100.5,100,16,4,-95.2244,1,-134.24,1,2,20,0,-999,-999,0
100.5,100,16,4,-95.2244,5,-158.358,9,9,0,1,-999,-999,0
100.5,102,80,5,-95.4695,3,-116.826,2,2,20,0,-999,-999,0
100.5,102,80,5,-95.4695,6,-128.564,3,3,0,1,-999,-999,0
100.5,102,80,5,-95.4695,2,-143.596,6,6,20,0,-999,-999,0
100.5,102,80,5,-95.4695,1,-150.784,1,2,20,0,-999,-999,0
100.5,102,80,5,-95.4695,4,-155.468,6,6,20,0,-999,-999,0
100.5,102,80,5,-95.4695,7,-165.882,4,4,0,1,-999,-999,0
100.5,103,96,5,-134.135,7,-116.8,4,4,0,1,-999,-999,0
100.5,103,96,5,-134.135,1,-123.468,1,2,20,0,-999,-999,0
100.5,103,96,5,-134.135,4,-135.753,6,6,20,0,-999,-999,0
100.5,103,96,5,-134.135,6,-137.431,3,3,0,1,-999,-999,0
100.5,103,96,5,-134.135,3,-142.273,2,2,20,0,-999,-999,0
100.5,103,96,5,-134.135,2,-147.204,6,6,20,0,-999,-999,0
102.5,9,32,7,-106.982,6,-99.0705,3,3,0,1,-999,-999,0
102.5,9,32,7,-106.982,1,-100.922,2,2,20,0,-999,-999,0
102.5,9,32,7,-106.982,4,-119.993,6,6,20,0,-999,-999,0
102.5,9,32,7,-106.982,2,-130.231,5,5,20,0,-999,-999,0
102.5,9,32,7,-106.982,3,-133.82,2,2,20,0,-999,-999,0
102.5,9,32,7,-106.982,5,-149.839,10,10,0,1,-999,-999,0
102.5,11,24,4,-120.342,6,-84.0333,3,3,0,1,-999,-999,0
102.5,11,24,4,-120.342,5,-132.293,10,10,0,1,-999,-999,0
102.5,11,24,4,-120.342,7,-133.83,4,4,0,1,-999,-999,0
102.5,11,24,4,-120.342,2,-148.699,5,5,20,0,-999,-999,0
102.5,11,24,4,-120.342,3,-149.236,2,2,20,0,-999,-999,0
102.5,11,24,4,-120.342,1,-149.544,2,2,20,0,-999,-999,0
102.5,12,40,5,-137.618,7,-110.1,4,4,0,1,-999,-999,0
102.5,12,40,5,-137.618,3,-138.902,2,2,20,0,-999,-999,0
102.5,12,40,5,-137.618,2,-144.038,5,5,20,0,-999,-999,0
102.5,12,40,5,-137.618,1,-144.529,2,2,20,0,-999,-999,0
102.5,12,40,5,-137.618,4,-155.252,6,6,20,0,-999,-999,0
102.5,12,40,5,-137.618,6,-155.398,3,3,0,1,-999,-999,0
102.5,17,18,2,-136.545,4,-130.344,6,6,20,0,-999,-999,0
102.5,17,18,2,-136.545,6,-131.486,3,3,0,1,-999,-999,0
102.5,17,18,2,-136.545,7,-136.302,4,4,0,1,-999,-999,0
102.5,17,18,2,-136.545,1,-137.169,2,2,20,0,-999,-999,0
102.5,17,18,2,-136.545,3,-139.716,2,2,20,0,-999,-999,0
102.5,17,18,2,-136.545,5,-161.045,10,10,0,1,-999,-999,0
102.5,20,72,5,-93.6413,6,-102.469,3,3,0,1,-999,-999,0
102.5,20,72,5,-93.6413,3,-107.253,2,2,20,0,-999,-999,0
102.5,20,72,5,-93.6413,2,-136.846,5,5,20,0,-999,-999,0
102.5,20,72,5,-93.6413,4,-147.676,6,6,20,0,-999,-999,0
102.5,20,72,5,-93.6413,1,-148.623,2,2,20,0,-999,-999,0
102.5,20,72,5,-93.6413,7,-159.972,4,4,0,1,-999,-999,0
102.5,21,49,7,-120.876,2,-128.937,5,5,20,0,-999,-999,0
102.5,21,49,7,-120.876,6,-143.439,3,3,0,1,-999,-999,0
102.5,21,49,7,-120.876,4,-145.092,6,6,20,0,-999,-999,0
102.5,21,49,7,-120.876,5,-149.05,10,10,0,1,-999,-999,0
102.5,21,49,7,-120.876,1,-153.415,2,2,20,0,-999,-999,0
102.5,21,49,7,-120.876,3,-153.458,2,2,20,0,-999,-999,0
102.5,23,16,2,-113.857,1,-89.5172,2,2,20,0,-999,-999,0
102.5,23,16,2,-113.857,3,-92.9249,2,2,20,0,-999,-999,0
102.5,23,16,2,-113.857,7,-124.681,4,4,0,1,-999,-999,0
102.5,23,16,2,-113.857,4,-125.485,6,6,20,0,-999,-999,0
102.5,23,16,2,-113.857,5,-138.538,10,10,0,1,-999,-999,0
102.5,23,16,2,-113.857,6,-145.843,3,3,0,1,-999,-999,0
102.5,24,6,3,-134.468,2,-111.299,5,5,20,0,-999,-999,0
102.5,24,6,3,-134.468,5,-124.46,10,10,0,1,-999,-999,0
102.5,24,6,3,-134.468,1,-131.704,2,2,20,0,-999,-999,0
102.5,24,6,3,-134.468,6,-139.136,3,3,0,1,-999,-999,0
102.5,24,6,3,-134.468,7,-142.803,4,4,0,1,-999,-999,0
102.5,24,6,3,-134.468,4,-152.313,6,6,20,0,-999,-999,0
102.5,30,13,2,-125.879,1,-96.9787,2,2,20,0,-999,-999,1
102.5,30,13,2,-125.879,6,-115.373,3,3,0,1,-999,-999,1
102.5,30,13,2,-125.879,5,-126.761,10,10,0,1,-999,-999,1
102.5,30,13,2,-125.879,4,-134.218,6,6,20,0,-999,-999,1
102.5,30,13,2,-125.879,7,-134.805,4,4,0,1,-999,-999,1
102.5,30,13,2,-125.879,3,-140.585,2,2,20,0,-999,-999,1
102.5,35,48,5,-130.552,2,-93.3357,5,5,20,0,-999,-999,0
102.5,35,48,5,-130.552,3,-104.274,2,2,20,0,-999,-999,0
102.5,35,48,5,-130.552,1,-129.258,2,3,20,0,-999,-999,0
102.5,35,48,5,-130.552,7,-136.333,4,4,0,1,-999,-999,0
102.5,35,48,5,-130.552,4,-141.154,6,6,20,0,-999,-999,0
102.5,35,48,5,-130.552,6,-149.966,3,3,0,1,-999,-999,0
102.5,37,24,6,-134.028,4,-119.221,6,6,20,0,-999,-999,0
102.5,37,24,6,-134.028,7,-138.475,4,4,0,1,-999,-999,0
102.5,37,24,6,-134.028,3,-144.806,2,2,20,0,-999,-999,0
102.5,37,24,6,-134.028,1,-148.205,2,3,20,0,-999,-999,0
102.5,37,24,6,-134.028,2,-148.527,5,5,20,0,-999,-999,0
102.5,37,24,6,-134.028,5,-156.116,10,10,0,1,-999,-999,0
102.5,39,14,2,-132.849,7,-123.028,4,4,0,1,-999,-999,0
102.5,39,14,2,-132.849,3,-132.374,2,2,20,0,-999,-999,0
102.5,39,14,2,-132.849,5,-133.096,10,10,0,1,-999,-999,0
102.5,39,14,2,-132.849,1,-137.522,2,3,20,0,-999,-999,0
102.5,39,14,2,-132.849,4,-138.462,6,6,20,0,-999,-999,0
102.5,39,14,2,-132.849,6,-147.325,3,3,0,1,-999,-999,0
102.5,46,20,4,-133.715,6,-106.149,3,3,0,1,-999,-999,0
102.5,46,20,4,-133.715,3,-118.006,2,2,20,0,-999,-999,0
102.5,46,20,4,-133.715,2,-140.293,5,5,20,0,-999,-999,0
102.5,46,20,4,-133.715,7,-146.774,4,4,0,1,-999,-999,0
102.5,46,20,4,-133.715,1,-146.878,2,3,20,0,-999,-999,0
102.5,46,20,4,-133.715,5,-147.374,10,10,0,1,-999,-999,0
102.5,47,16,1,-115.081,3,-121.154,2,2,20,0,-999,-999,0
102.5,47,16,1,-115.081,2,-126.356,5,5,20,0,-999,-999,0
102.5,47,16,1,-115.081,5,-134.263,10,10,0,1,-999,-999,0
102.5,47,16,1,-115.081,4,-136.322,6,6,20,0,-999,-999,0
102.5,47,16,1,-115.081,7,-138.711,4,4,0,1,-999,-999,0
102.5,47,16,1,-115.081,6,-145.006,3,3,0,1,-999,-999,0
102.5,48,40,6,-130.623,1,-120.724,2,3,20,0,-999,-999,0
102.5,48,40,6,-130.623,5,-126.669,10,10,0,1,-999,-999,0
102.5,48,40,6,-130.623,7,-126.86,4,4,0,1,-999,-999,0
102.5,48,40,6,-130.623,4,-141.033,6,6,20,0,-999,-999,0
102.5,48,40,6,-130.623,2,-152.99,5,5,20,0,-999,-999,0
102.5,48,40,6,-130.623,3,-158.566,2,2,20,0,-999,-999,0
102.5,54,25,4,-121.229,7,-101.337,4,4,0,1,-999,-999,0
102.5,54,25,4,-121.229,5,-122.785,10,10,0,1,-999,-999,0
102.5,54,25,4,-121.229,2,-129.846,5,5,20,0,-999,-999,0
102.5,54,25,4,-121.229,1,-131.782,2,3,20,0,-999,-999,0
102.5,54,25,4,-121.229,6,-137.516,3,3,0,1,-999,-999,0
102.5,54,25,4,-121.229,3,-144.602,2,2,20,0,-999,-999,0
102.5,55,33,7,-121.665,1,-107.461,2,3,20,0,-999,-999,0
102.5,55,33,7,-121.665,3,-109.536,2,2,20,0,-999,-999,0
102.5,55,33,7,-121.665,4,-126.004,6,6,20,0,-999,-999,0
102.5,55,33,7,-121.665,6,-134.759,3,3,0,1,-999,-999,0
102.5,55,33,7,-121.665,2,-142.133,5,5,20,0,-999,-999,0
102.5,55,33,7,-121.665,5,-143.719,10,10,0,1,-999,-999,0
102.5,59,64,5,-98.5153,4,-127.128,6,6,20,0,-999,-999,0
102.5,59,64,5,-98.5153,6,-130.371,3,3,0,1,-999,-999,0
102.5,59,64,5,-98.5153,2,-131.208,5,5,20,0,-999,-999,0
102.5,59,64,5,-98.5153,1,-138.532,2,3,20,0,-999,-999,0
102.5,59,64,5,-98.5153,3,-141.957,2,2,20,0,-999,-999,0
102.5,59,64,5,-98.5153,7,-148.505,4,4,0,1,-999,-999,0
102.5,66,104,5,-134.02,6,-126.937,3,3,0,1,-999,-999,0
102.5,66,104,5,-134.02,2,-131.767,5,5,20,0,-999,-999,0
102.5,66,104,5,-134.02,7,-134.374,4,4,0,1,-999,-999,0
102.5,66,104,5,-134.02,3,-135.447,2,2,20,0,-999,-999,0
102.5,66,104,5,-134.02,1,-143.872,2,3,20,0,-999,-999,0
102.5,66,104,5,-134.02,4,-144.454,6,6,20,0,-999,-999,0
102.5,68,88,5,-133.735,6,-113.098,3,3,0,1,-999,-999,0
102.5,68,88,5,-133.735,1,-114.865,2,3,20,0,-999,-999,0
102.5,68,88,5,-133.735,4,-137.418,6,6,20,0,-999,-999,0
102.5,68,88,5,-133.735,3,-140.246,2,2,20,0,-999,-999,0
102.5,68,88,5,-133.735,2,-149.185,5,5,20,0,-999,-999,0
102.5,68,88,5,-133.735,7,-153.796,4,4,0,1,-999,-999,0
102.5,70,32,6,-130.582,7,-141.127,4,4,0,1,-999,-999,0
102.5,70,32,6,-130.582,4,-146.686,6,6,20,0,-999,-999,0
102.5,70,32,6,-130.582,2,-149.882,5,5,20,0,-999,-999,0
102.5,70,32,6,-130.582,5,-152.028,10,10,0,1,-999,-999,0
102.5,70,32,6,-130.582,3,-153.672,2,2,20,0,-999,-999,0
102.5,70,32,6,-130.582,1,-155.1,2,3,20,0,-999,-999,0
102.5,73,41,7,-116.521,4,-115.756,6,6,20,0,-999,-999,0
102.5,73,41,7,-116.521,2,-141.868,5,5,20,0,-999,-999,0
102.5,73,41,7,-116.521,6,-144.87,3,3,0,1,-999,-999,0
102.5,73,41,7,-116.521,3,-145.199,2,2,20,0,-999,-999,0
102.5,73,41,7,-116.521,5,-145.668,10,10,0,1,-999,-999,0
102.5,73,41,7,-116.521,1,-152.092,2,3,20,0,-999,-999,0
102.5,78,2,3,-104.579,1,-80.5575,2,3,20,0,-999,-999,0
102.5,78,2,3,-104.579,2,-102.638,5,5,20,0,-999,-999,0
102.5,78,2,3,-104.579,5,-128.337,10,10,0,1,-999,-999,0
102.5,78,2,3,-104.579,4,-134.371,6,6,20,0,-999,-999,0
102.5,78,2,3,-104.579,6,-140.269,3,3,0,1,-999,-999,0
102.5,78,2,3,-104.579,7,-158.194,4,4,0,1,-999,-999,0
102.5,84,56,5,-128.648,1,-118.031,2,3,20,0,-999,-999,0
102.5,84,56,5,-128.648,3,-124.327,2,2,20,0,-999,-999,0
102.5,84,56,5,-128.648,7,-128.474,4,4,0,1,-999,-999,0
102.5,84,56,5,-128.648,2,-138.715,5,5,20,0,-999,-999,0
102.5,84,56,5,-128.648,6,-144.709,3,3,0,1,-999,-999,0
102.5,84,56,5,-128.648,4,-151.6,6,6,20,0,-999,-999,0
102.5,90,22,4,-73.3536,6,-92.3507,3,3,0,1,-999,-999,0
102.5,90,22,4,-73.3536,3,-105.044,2,2,20,0,-999,-999,0
102.5,90,22,4,-73.3536,2,-116.197,5,5,20,0,-999,-999,0
102.5,90,22,4,-73.3536,5,-119.974,10,10,0,1,-999,-999,0
102.5,90,22,4,-73.3536,7,-121.156,4,4,0,1,-999,-999,0
102.5,90,22,4,-73.3536,1,-127.785,2,3,20,0,-999,-999,0
102.5,92,17,1,-105.882,2,-75.0369,5,5,20,0,-999,-999,0
102.5,92,17,1,-105.882,3,-88.079,2,2,20,0,-999,-999,0
102.5,92,17,1,-105.882,6,-109.727,3,3,0,1,-999,-999,0
102.5,92,17,1,-105.882,4,-138.084,6,6,20,0,-999,-999,0
102.5,92,17,1,-105.882,7,-138.724,4,4,0,1,-999,-999,0
102.5,92,17,1,-105.882,5,-141.5,10,10,0,1,-999,-999,0
102.5,96,33,4,-87.229,7,-127.983,4,4,0,1,-999,-999,0
102.5,96,33,4,-87.229,1,-129.826,2,3,20,0,-999,-999,0
102.5,96,33,4,-87.229,2,-134.719,5,5,20,0,-999,-999,0
102.5,96,33,4,-87.229,6,-138.235,3,3,0,1,-999,-999,0
102.5,96,33,4,-87.229,3,-140.224,2,2,20,0,-999,-999,0
102.5,96,33,4,-87.229,5,-142.651,10,10,0,1,-999,-999,0
102.5,97,17,2,-98.3331,3,-122.595,2,2,20,0,-999,-999,0
102.5,97,17,2,-98.3331,1,-127.255,2,3,20,0,-999,-999,0
102.5,97,17,2,-98.3331,7,-128.188,4,4,0,1,-999,-999,0
102.5,97,17,2,-98.3331,4,-138.758,6,6,20,0,-999,-999,0
102.5,97,17,2,-98.3331,5,-142.681,10,10,0,1,-999,-999,0
102.5,97,17,2,-98.3331,6,-145.04,3,3,0,1,-999,-999,0
102.5,100,16,4,-74.0066,3,-117.948,2,2,20,0,-999,-999,0
102.5,100,16,4,-74.0066,7,-132.355,4,4,0,1,-999,-999,0
102.5,100,16,4,-74.0066,2,-133.998,5,5,20,0,-999,-999,0
102.5,100,16,4,-74.0066,1,-134.45,2,3,20,0,-999,-999,0
102.5,100,16,4,-74.0066,6,-138.319,3,3,0,1,-999,-999,0
102.5,100,16,4,-74.0066,5,-147.875,10,10,0,1,-999,-999,0
102.5,102,80,5,-118.333,2,-140.373,5,5,20,0,-999,-999,0
102.5,102,80,5,-118.333,4,-147.5,6,6,20,0,-999,-999,0
102.5,102,80,5,-118.333,1,-147.785,2,3,20,0,-999,-999,0
102.5,102,80,5,-118.333,6,-150.918,3,3,0,1,-999,-999,0
102.5,102,80,5,-118.333,3,-153.001,2,2,20,0,-999,-999,0
102.5,102,80,5,-118.333,7,-169.981,4,4,0,1,-999,-999,0
102.5,103,96,5,-130.559,3,-142.012,2,2,20,0,-999,-999,0
102.5,103,96,5,-130.559,2,-147.465,5,5,20,0,-999,-999,0
102.5,103,96,5,-130.559,4,-148.395,6,6,20,0,-999,-999,0
102.5,103,96,5,-130.559,1,-152.878,2,3,20,0,-999,-999,0
102.5,103,96,5,-130.559,7,-153.547,4,4,0,1,-999,-999,0
102.5,103,96,5,-130.559,6,-157.299,3,3,0,1,-999,-999,0
104.5,9,32,7,-116.33,4,-89.9506,6,6,20,0,-999,-999,0
104.5,9,32,7,-116.33,6,-135.007,3,3,0,1,-999,-999,0
104.5,9,32,7,-116.33,2,-135.651,4,4,20,0,-999,-999,0
104.5,9,32,7,-116.33,1,-137.438,3,3,20,0,-999,-999,0
104.5,9,32,7,-116.33,3,-139.956,2,2,20,0,-999,-999,0
104.5,9,32,7,-116.33,5,-151.268,10,10,0,1,-999,-999,0
104.5,11,24,4,-123.87,6,-125.904,3,3,0,1,-999,-999,0
104.5,11,24,4,-123.87,7,-131.544,5,5,0,1,-999,-999,0
104.5,11,24,4,-123.87,2,-145.928,4,4,20,0,-999,-999,0
104.5,11,24,4,-123.87,1,-147.477,3,3,20,0,-999,-999,0
104.5,11,24,4,-123.87,3,-150.949,2,2,20,0,-999,-999,0
104.5,11,24,4,-123.87,5,-160.85,10,10,0,1,-999,-999,0
104.5,12,40,5,-112.202,2,-106.218,4,4,20,0,-999,-999,0
104.5,12,40,5,-112.202,3,-142.592,2,2,20,0,-999,-999,0
104.5,12,40,5,-112.202,1,-145.631,3,3,20,0,-999,-999,0
104.5,12,40,5,-112.202,6,-147.015,3,3,0,1,-999,-999,0
104.5,12,40,5,-112.202,4,-153.22,6,6,20,0,-999,-999,0
104.5,12,40,5,-112.202,7,-158.175,5,5,0,1,-999,-999,0
104.5,17,18,2,-140.266,1,-101.48,3,3,20,0,-999,-999,0
104.5,17,18,2,-140.266,6,-127.56,3,3,0,1,-999,-999,0
104.5,17,18,2,-140.266,4,-139.701,6,6,20,0,-999,-999,0
104.5,17,18,2,-140.266,7,-140.215,5,5,0,1,-999,-999,0
104.5,17,18,2,-140.266,3,-141.879,2,2,20,0,-999,-999,0
104.5,17,18,2,-140.266,5,-174.128,10,10,0,1,-999,-999,0
104.5,19,111,5,-142.803,2,-108.788,4,4,20,0,-999,-999,0
104.5,19,111,5,-142.803,3,-129.633,2,2,20,0,-999,-999,0
104.5,19,111,5,-142.803,6,-138.439,3,3,0,1,-999,-999,0
104.5,19,111,5,-142.803,1,-146.873,3,3,20,0,-999,-999,0
104.5,19,111,5,-142.803,7,-150.67,5,5,0,1,-999,-999,0
104.5,19,111,5,-142.803,4,-152.174,6,6,20,0,-999,-999,0
104.5,20,72,5,-105.674,6,-114.593,3,3,0,1,-999,-999,0
104.5,20,72,5,-105.674,3,-132.08,2,2,20,0,-999,-999,0
104.5,20,72,5,-105.674,1,-139.011,3,3,20,0,-999,-999,0
104.5,20,72,5,-105.674,2,-142.169,4,4,20,0,-999,-999,0
104.5,20,72,5,-105.674,4,-143.998,6,6,20,0,-999,-999,0
104.5,20,72,5,-105.674,7,-152.983,5,5,0,1,-999,-999,0
104.5,21,49,7,-107.329,6,-109.999,3,3,0,1,-999,-999,0
104.5,21,49,7,-107.329,2,-118.006,4,4,20,0,-999,-999,0
104.5,21,49,7,-107.329,3,-141.195,2,2,20,0,-999,-999,0
104.5,21,49,7,-107.329,5,-149.127,10,10,0,1,-999,-999,0
104.5,21,49,7,-107.329,4,-150.436,6,6,20,0,-999,-999,0
104.5,21,49,7,-107.329,1,-151.898,3,3,20,0,-999,-999,0
104.5,23,16,2,-122.773,3,-117.653,2,2,20,0,-999,-999,0
104.5,23,16,2,-122.773,6,-120.225,3,3,0,1,-999,-999,0
104.5,23,16,2,-122.773,1,-123.548,3,3,20,0,-999,-999,0
104.5,23,16,2,-122.773,4,-133.174,6,6,20,0,-999,-999,0
104.5,23,16,2,-122.773,5,-140.546,10,10,0,1,-999,-999,0
104.5,23,16,2,-122.773,7,-157.519,5,5,0,1,-999,-999,0
104.5,24,6,3,-113.738,5,-103.869,10,10,0,1,-999,-999,0
104.5,24,6,3,-113.738,6,-123.937,3,3,0,1,-999,-999,0
104.5,24,6,3,-113.738,1,-128.633,3,3,20,0,-999,-999,0
104.5,24,6,3,-113.738,2,-132.664,4,4,20,0,-999,-999,0
104.5,24,6,3,-113.738,7,-144.099,5,5,0,1,-999,-999,0
104.5,24,6,3,-113.738,4,-153.784,6,6,20,0,-999,-999,0
104.5,30,18,1,-131.703,2,-97.8075,4,4,20,0,-999,-999,0
104.5,30,18,1,-131.703,3,-128.518,2,2,20,0,-999,-999,0
104.5,30,18,1,-131.703,6,-130.024,3,3,0,1,-999,-999,0
104.5,30,18,1,-131.703,4,-130.253,6,6,20,0,-999,-999,0
104.5,30,18,1,-131.703,5,-133.965,10,10,0,1,-999,-999,0
104.5,30,18,1,-131.703,7,-139.018,5,5,0,1,-999,-999,0
104.5,35,48,5,-125.671,4,-109.982,6,6,20,0,-999,-999,0
104.5,35,48,5,-125.671,3,-111.686,2,2,20,0,-999,-999,0
104.5,35,48,5,-125.671,1,-128.744,3,3,20,0,-999,-999,0
104.5,35,48,5,-125.671,2,-129.553,4,4,20,0,-999,-999,0
104.5,35,48,5,-125.671,6,-148.167,3,3,0,1,-999,-999,0
104.5,35,48,5,-125.671,7,-150.947,5,5,0,1,-999,-999,0
104.5,37,24,6,-136.687,4,-121.237,6,6,20,0,-999,-999,0
104.5,37,24,6,-136.687,1,-125.622,3,3,20,0,-999,-999,0
104.5,37,24,6,-136.687,3,-128.882,2,2,20,0,-999,-999,0
104.5,37,24,6,-136.687,7,-136.442,5,5,0,1,-999,-999,0
104.5,37,24,6,-136.687,2,-143.878,4,4,20,0,-999,-999,0
104.5,37,24,6,-136.687,5,-155.044,10,10,0,1,-999,-999,0
104.5,39,14,2,-144.285,4,-106.255,6,6,20,0,-999,-999,0
104.5,39,14,2,-144.285,5,-108.099,10,10,0,1,-999,-999,0
104.5,39,14,2,-144.285,7,-108.59,5,5,0,1,-999,-999,0
104.5,39,14,2,-144.285,3,-135.168,2,2,20,0,-999,-999,0
104.5,39,14,2,-144.285,6,-138.742,3,3,0,1,-999,-999,0
104.5,39,14,2,-144.285,1,-138.934,3,3,20,0,-999,-999,0
104.5,46,20,4,-140.702,3,-108.437,2,2,20,0,-999,-999,0
104.5,46,20,4,-140.702,7,-121.772,5,5,0,1,-999,-999,0
104.5,46,20,4,-140.702,5,-137.461,10,10,0,1,-999,-999,0
104.5,46,20,4,-140.702,6,-144.824,3,3,0,1,-999,-999,0
104.5,46,20,4,-140.702,2,-147.82,4,4,20,0,-999,-999,0
104.5,46,20,4,-140.702,1,-150.771,3,3,20,0,-999,-999,0
104.5,47,16,1,-118.648,4,-111.856,6,6,20,0,-999,-999,0
104.5,47,16,1,-118.648,2,-118.661,4,4,20,0,-999,-999,0
104.5,47,16,1,-118.648,3,-119.198,2,2,20,0,-999,-999,0
104.5,47,16,1,-118.648,5,-133.655,10,10,0,1,-999,-999,0
104.5,47,16,1,-118.648,7,-138.781,5,5,0,1,-999,-999,0
104.5,47,16,1,-118.648,6,-143.714,3,3,0,1,-999,-999,0
104.5,48,40,6,-106.536,5,-135.038,10,10,0,1,-999,-999,0
104.5,48,40,6,-106.536,2,-135.377,4,4,20,0,-999,-999,0
104.5,48,40,6,-106.536,7,-143.497,5,5,0,1,-999,-999,0
104.5,48,40,6,-106.536,1,-147.963,3,3,20,0,-999,-999,0
104.5,48,40,6,-106.536,3,-148.814,2,2,20,0,-999,-999,0
104.5,48,40,6,-106.536,4,-150.44,6,6,20,0,-999,-999,0
104.5,54,25,4,-126.133,1,-98.3367,3,3,20,0,-999,-999,0
104.5,54,25,4,-126.133,7,-115.492,5,5,0,1,-999,-999,0
104.5,54,25,4,-126.133,6,-136.913,3,3,0,1,-999,-999,0
104.5,54,25,4,-126.133,2,-137.867,4,4,20,0,-999,-999,0
104.5,54,25,4,-126.133,3,-139.999,2,2,20,0,-999,-999,0
104.5,54,25,4,-126.133,5,-147.255,10,10,0,1,-999,-999,0
104.5,55,33,7,-130.254,2,-104.952,4,4,20,0,-999,-999,0
104.5,55,33,7,-130.254,1,-106.868,3,3,20,0,-999,-999,0
104.5,55,33,7,-130.254,5,-120.764,10,10,0,1,-999,-999,0
104.5,55,33,7,-130.254,4,-131.499,6,6,20,0,-999,-999,0
104.5,55,33,7,-130.254,3,-140.369,2,2,20,0,-999,-999,0
104.5,55,33,7,-130.254,6,-142.515,3,3,0,1,-999,-999,0
104.5,59,64,5,-111.356,2,-105.691,4,4,20,0,-999,-999,0
104.5,59,64,5,-111.356,3,-142.641,2,2,20,0,-999,-999,0
104.5,59,64,5,-111.356,1,-143.749,3,3,20,0,-999,-999,0
104.5,59,64,5,-111.356,7,-143.961,5,5,0,1,-999,-999,0
104.5,59,64,5,-111.356,4,-148.938,6,6,20,0,-999,-999,0
104.5,59,64,5,-111.356,6,-157.25,3,3,0,1,-999,-999,0
104.5,66,104,5,-122.204,3,-135.44,2,2,20,0,-999,-999,0
104.5,66,104,5,-122.204,7,-138.99,5,5,0,1,-999,-999,0
104.5,66,104,5,-122.204,1,-141.322,3,3,20,0,-999,-999,0
104.5,66,104,5,-122.204,2,-146.12,4,4,20,0,-999,-999,0
104.5,66,104,5,-122.204,4,-148.386,6,6,20,0,-999,-999,0
104.5,66,104,5,-122.204,6,-152.872,3,3,0,1,-999,-999,0
104.5,68,88,5,-131.257,7,-129.832,5,5,0,1,-999,-999,0
104.5,68,88,5,-131.257,3,-133.6,2,2,20,0,-999,-999,0
104.5,68,88,5,-131.257,6,-148.493,3,3,0,1,-999,-999,0
104.5,68,88,5,-131.257,1,-151.184,3,3,20,0,-999,-999,0
104.5,68,88,5,-131.257,2,-153.322,4,4,20,0,-999,-999,0
104.5,68,88,5,-131.257,4,-166.426,6,6,20,0,-999,-999,0
104.5,69,57,7,-139.712,2,-108.585,4,4,20,0,-999,-999,0
104.5,69,57,7,-139.712,1,-110.462,3,3,20,0,-999,-999,0
104.5,69,57,7,-139.712,4,-143.527,6,6,20,0,-999,-999,0
104.5,69,57,7,-139.712,6,-144.337,3,3,0,1,-999,-999,0
104.5,69,57,7,-139.712,3,-148.668,2,2,20,0,-999,-999,0
104.5,69,57,7,-139.712,5,-161.614,10,10,0,1,-999,-999,0
104.5,70,32,6,-112.397,3,-133.012,2,2,20,0,-999,-999,0
104.5,70,32,6,-112.397,5,-134.531,10,10,0,1,-999,-999,0
104.5,70,32,6,-112.397,4,-140.187,6,6,20,0,-999,-999,0
104.5,70,32,6,-112.397,7,-141.629,5,5,0,1,-999,-999,0
104.5,70,32,6,-112.397,2,-149.504,4,4,20,0,-999,-999,0
104.5,70,32,6,-112.397,1,-151.792,3,3,20,0,-999,-999,0
104.5,73,41,7,-130.031,2,-104.616,4,4,20,0,-999,-999,0
104.5,73,41,7,-130.031,3,-126.647,2,2,20,0,-999,-999,0
104.5,73,41,7,-130.031,6,-141.985,3,3,0,1,-999,-999,0
104.5,73,41,7,-130.031,4,-143.533,6,6,20,0,-999,-999,0
104.5,73,41,7,-130.031,5,-146.765,10,10,0,1,-999,-999,0
104.5,73,41,7,-130.031,1,-149.85,3,3,20,0,-999,-999,0
104.5,78,2,3,-100.311,2,-90.8362,4,4,20,0,-999,-999,0
104.5,78,2,3,-100.311,5,-105.221,10,10,0,1,-999,-999,0
104.5,78,2,3,-100.311,1,-113.037,3,3,20,0,-999,-999,0
104.5,78,2,3,-100.311,6,-113.92,3,3,0,1,-999,-999,0
104.5,78,2,3,-100.311,4,-133.299,6,6,20,0,-999,-999,0
104.5,78,2,3,-100.311,7,-162.252,5,5,0,1,-999,-999,0
104.5,84,56,5,-108.734,6,-101.244,3,3,0,1,-999,-999,0
104.5,84,56,5,-108.734,7,-120.114,5,5,0,1,-999,-999,0
104.5,84,56,5,-108.734,3,-124.114,2,2,20,0,-999,-999,0
104.5,84,56,5,-108.734,2,-124.717,4,4,20,0,-999,-999,0
104.5,84,56,5,-108.734,4,-136.019,6,6,20,0,-999,-999,0
104.5,84,56,5,-108.734,1,-138.54,3,3,20,0,-999,-999,0
104.5,90,22,4,-85.2004,3,-112.373,2,2,20,0,-999,-999,0
104.5,90,22,4,-85.2004,2,-125.577,4,4,20,0,-999,-999,0
104.5,90,22,4,-85.2004,1,-126.897,3,3,20,0,-999,-999,0
104.5,90,22,4,-85.2004,6,-129.846,3,3,0,1,-999,-999,0
104.5,90,22,4,-85.2004,7,-137.374,5,5,0,1,-999,-999,0
104.5,90,22,4,-85.2004,5,-140.744,10,10,0,1,-999,-999,0
104.5,92,17,1,-70.4369,5,-108.594,10,10,0,1,-999,-999,0
104.5,92,17,1,-70.4369,7,-114.119,5,5,0,1,-999,-999,0
104.5,92,17,1,-70.4369,3,-119.521,2,2,20,0,-999,-999,0
104.5,92,17,1,-70.4369,2,-120.226,4,4,20,0,-999,-999,0
104.5,92,17,1,-70.4369,4,-136.568,6,6,20,0,-999,-999,0
104.5,92,17,1,-70.4369,6,-145.611,3,3,0,1,-999,-999,0
104.5,96,33,4,-98.7315,6,-104.742,3,3,0,1,-999,-999,0
104.5,96,33,4,-98.7315,7,-119.691,5,5,0,1,-999,-999,0
104.5,96,33,4,-98.7315,1,-128.563,3,3,20,0,-999,-999,0
104.5,96,33,4,-98.7315,5,-140.446,10,10,0,1,-999,-999,0
104.5,96,33,4,-98.7315,2,-141.199,4,4,20,0,-999,-999,0
104.5,96,33,4,-98.7315,3,-142.896,2,2,20,0,-999,-999,0
104.5,97,17,2,-102.979,4,-104.294,6,6,20,0,-999,-999,0
104.5,97,17,2,-102.979,3,-110.701,2,2,20,0,-999,-999,0
104.5,97,17,2,-102.979,1,-116.018,3,3,20,0,-999,-999,0
104.5,97,17,2,-102.979,7,-134.578,5,5,0,1,-999,-999,0
104.5,97,17,2,-102.979,6,-137.69,3,3,0,1,-999,-999,0
104.5,97,17,2,-102.979,5,-139.904,10,10,0,1,-999,-999,0
104.5,100,16,4,-72.6969,7,-95.4815,5,5,0,1,-999,-999,0
104.5,100,16,4,-72.6969,1,-105.351,3,3,20,0,-999,-999,0
104.5,100,16,4,-72.6969,6,-125.077,3,3,0,1,-999,-999,0
104.5,100,16,4,-72.6969,3,-142.112,2,2,20,0,-999,-999,0
104.5,100,16,4,-72.6969,2,-142.922,4,4,20,0,-999,-999,0
104.5,100,16,4,-72.6969,5,-149.164,10,10,0,1,-999,-999,0
104.5,102,80,5,-135.006,6,-107.706,3,3,0,1,-999,-999,0
104.5,102,80,5,-135.006,1,-149.219,3,3,20,0,-999,-999,0
104.5,102,80,5,-135.006,2,-149.885,4,4,20,0,-999,-999,0
104.5,102,80,5,-135.006,4,-151.549,6,6,20,0,-999,-999,0
104.5,102,80,5,-135.006,3,-157.319,2,2,20,0,-999,-999,0
104.5,102,80,5,-135.006,7,-170.006,5,5,0,1,-999,-999,0
104.5,103,96,5,-132.519,1,-124.173,3,3,20,0,-999,-999,0
104.5,103,96,5,-132.519,3,-136.019,2,2,20,0,-999,-999,0
104.5,103,96,5,-132.519,6,-152.736,3,3,0,1,-999,-999,0
104.5,103,96,5,-132.519,2,-155.186,4,4,20,0,-999,-999,0
104.5,103,96,5,-132.519,4,-155.555,6,6,20,0,-999,-999,0
104.5,103,96,5,-132.519,7,-163.895,5,5,0,1,-999,-999,0
106.5,9,32,7,-121.89,4,-91.9438,6,6,20,0,-999,-999,4
106.5,9,32,7,-121.89,6,-109.949,4,4,0,1,-999,-999,4
106.5,9,32,7,-121.89,3,-116.412,2,2,20,0,-999,-999,4
106.5,9,32,7,-121.89,1,-134.976,3,3,20,0,-999,-999,4
106.5,9,32,7,-121.89,2,-137.362,4,4,20,0,-999,-999,4
106.5,9,32,7,-121.89,5,-144.48,10,10,0,1,-999,-999,4
106.5,11,24,4,-128.138,6,-89.5433,4,4,0,1,-999,-999,0
106.5,11,24,4,-128.138,7,-131.79,5,5,0,1,-999,-999,0
106.5,11,24,4,-128.138,1,-149.141,3,3,20,0,-999,-999,0
106.5,11,24,4,-128.138,3,-149.25,2,2,20,0,-999,-999,0
106.5,11,24,4,-128.138,2,-151.984,4,4,20,0,-999,-999,0
106.5,11,24,4,-128.138,5,-153.514,10,10,0,1,-999,-999,0
106.5,12,40,5,-138.518,1,-124.484,3,3,20,0,-999,-999,0
106.5,12,40,5,-138.518,2,-127.448,4,4,20,0,-999,-999,0
106.5,12,40,5,-138.518,3,-139.641,2,2,20,0,-999,-999,0
106.5,12,40,5,-138.518,6,-144.754,4,4,0,1,-999,-999,0
106.5,12,40,5,-138.518,7,-146.357,5,5,0,1,-999,-999,0
106.5,12,40,5,-138.518,4,-159.96,6,7,20,0,-999,-999,0
106.5,17,18,2,-139.11,6,-130.224,4,4,0,1,-999,-999,0
106.5,17,18,2,-139.11,4,-135.364,6,7,20,0,-999,-999,0
106.5,17,18,2,-139.11,3,-138.504,2,2,20,0,-999,-999,0
106.5,17,18,2,-139.11,7,-138.529,5,5,0,1,-999,-999,0
106.5,17,18,2,-139.11,1,-145.735,3,3,20,0,-999,-999,0
106.5,17,18,2,-139.11,5,-176.203,10,10,0,1,-999,-999,0
106.5,19,111,5,-135.981,2,-121.496,4,4,20,0,-999,-999,0
106.5,19,111,5,-135.981,6,-130.916,4,4,0,1,-999,-999,0
106.5,19,111,5,-135.981,3,-144.204,2,2,20,0,-999,-999,0
106.5,19,111,5,-135.981,7,-146.661,5,5,0,1,-999,-999,0
106.5,19,111,5,-135.981,1,-148.801,3,3,20,0,-999,-999,0
106.5,19,111,5,-135.981,4,-149.183,6,7,20,0,-999,-999,0
106.5,20,72,5,-116.475,3,-137.397,2,2,20,0,-999,-999,0
106.5,20,72,5,-116.475,2,-140.112,4,4,20,0,-999,-999,0
106.5,20,72,5,-116.475,1,-143.131,3,3,20,0,-999,-999,0
106.5,20,72,5,-116.475,7,-150.077,5,5,0,1,-999,-999,0
106.5,20,72,5,-116.475,4,-150.107,6,7,20,0,-999,-999,0
106.5,20,72,5,-116.475,6,-155.916,4,4,0,1,-999,-999,0
106.5,21,49,7,-143.124,6,-118.278,4,4,0,1,-999,-999,0
106.5,21,49,7,-143.124,5,-146.576,10,10,0,1,-999,-999,0
106.5,21,49,7,-143.124,4,-149.672,6,7,20,0,-999,-999,0
106.5,21,49,7,-143.124,2,-151.116,4,4,20,0,-999,-999,0
106.5,21,49,7,-143.124,1,-152.083,3,3,20,0,-999,-999,0
106.5,21,49,7,-143.124,3,-157.644,2,2,20,0,-999,-999,0
106.5,23,16,2,-118.03,3,-116.334,2,2,20,0,-999,-999,0
106.5,23,16,2,-118.03,1,-123.03,3,3,20,0,-999,-999,0
106.5,23,16,2,-118.03,4,-131.062,6,7,20,0,-999,-999,0
106.5,23,16,2,-118.03,6,-138.217,4,4,0,1,-999,-999,0
106.5,23,16,2,-118.03,7,-141.497,5,5,0,1,-999,-999,0
106.5,23,16,2,-118.03,5,-145.738,10,10,0,1,-999,-999,0
106.5,24,6,3,-132.715,6,-113.775,4,4,0,1,-999,-999,0
106.5,24,6,3,-132.715,1,-118.574,3,3,20,0,-999,-999,0
106.5,24,6,3,-132.715,5,-126.42,10,10,0,1,-999,-999,0
106.5,24,6,3,-132.715,2,-130.604,4,4,20,0,-999,-999,0
106.5,24,6,3,-132.715,4,-155.75,6,7,20,0,-999,-999,0
106.5,24,6,3,-132.715,7,-161.819,5,5,0,1,-999,-999,0
106.5,30,18,1,-133.46,4,-98.9234,6,7,20,0,-999,-999,0
106.5,30,18,1,-133.46,2,-130.087,4,4,20,0,-999,-999,0
106.5,30,18,1,-133.46,5,-132.702,10,10,0,1,-999,-999,0
106.5,30,18,1,-133.46,3,-135.371,2,2,20,0,-999,-999,0
106.5,30,18,1,-133.46,7,-137.118,5,5,0,1,-999,-999,0
106.5,30,18,1,-133.46,6,-150.289,4,4,0,1,-999,-999,0
106.5,35,48,5,-127.083,2,-128.363,4,4,20,0,-999,-999,0
106.5,35,48,5,-127.083,1,-132.894,3,3,20,0,-999,-999,0
106.5,35,48,5,-127.083,4,-132.992,6,7,20,0,-999,-999,0
106.5,35,48,5,-127.083,3,-133.781,2,2,20,0,-999,-999,0
106.5,35,48,5,-127.083,7,-138.951,5,5,0,1,-999,-999,0
106.5,35,48,5,-127.083,6,-140.402,4,4,0,1,-999,-999,0
106.5,37,24,6,-131.821,7,-105.865,5,5,0,1,-999,-999,0
106.5,37,24,6,-131.821,4,-130.296,6,7,20,0,-999,-999,0
106.5,37,24,6,-131.821,2,-133.023,4,4,20,0,-999,-999,0
106.5,37,24,6,-131.821,1,-146.416,3,3,20,0,-999,-999,0
106.5,37,24,6,-131.821,3,-147.553,2,2,20,0,-999,-999,0
106.5,37,24,6,-131.821,5,-153.954,10,10,0,1,-999,-999,0
106.5,39,14,2,-98.2017,3,-98.82,2,2,20,0,-999,-999,0
106.5,39,14,2,-98.2017,6,-123.492,4,4,0,1,-999,-999,0
106.5,39,14,2,-98.2017,1,-134.194,3,3,20,0,-999,-999,0
106.5,39,14,2,-98.2017,4,-137.156,6,7,20,0,-999,-999,0
106.5,39,14,2,-98.2017,5,-139.104,10,10,0,1,-999,-999,0
106.5,39,14,2,-98.2017,7,-139.794,5,5,0,1,-999,-999,0
106.5,46,20,4,-102.757,6,-136.345,4,4,0,1,-999,-999,0
106.5,46,20,4,-102.757,2,-144.111,4,4,20,0,-999,-999,0
106.5,46,20,4,-102.757,3,-144.249,2,2,20,0,-999,-999,0
106.5,46,20,4,-102.757,7,-146.191,5,5,0,1,-999,-999,0
106.5,46,20,4,-102.757,5,-154.474,10,10,0,1,-999,-999,0
106.5,46,20,4,-102.757,1,-156.639,3,3,20,0,-999,-999,0
106.5,47,16,1,-114.359,7,-106.242,5,5,0,1,-999,-999,0
106.5,47,16,1,-114.359,4,-115.174,6,7,20,0,-999,-999,0
106.5,47,16,1,-114.359,2,-118.398,4,4,20,0,-999,-999,0
106.5,47,16,1,-114.359,3,-119.983,2,2,20,0,-999,-999,0
106.5,47,16,1,-114.359,5,-123.211,10,10,0,1,-999,-999,0
106.5,47,16,1,-114.359,6,-138.791,4,4,0,1,-999,-999,0
106.5,48,40,6,-95.2209,3,-135.715,2,2,20,0,-999,-999,0
106.5,48,40,6,-95.2209,7,-147.841,5,5,0,1,-999,-999,0
106.5,48,40,6,-95.2209,1,-148.712,3,3,20,0,-999,-999,0
106.5,48,40,6,-95.2209,5,-149.507,10,10,0,1,-999,-999,0
106.5,48,40,6,-95.2209,4,-149.628,6,7,20,0,-999,-999,0
106.5,48,40,6,-95.2209,2,-151.801,4,4,20,0,-999,-999,0
106.5,54,25,4,-127.913,3,-105.118,2,2,20,0,-999,-999,0
106.5,54,25,4,-127.913,5,-118.307,10,10,0,1,-999,-999,0
106.5,54,25,4,-127.913,1,-120.93,3,3,20,0,-999,-999,0
106.5,54,25,4,-127.913,7,-123.072,5,5,0,1,-999,-999,0
106.5,54,25,4,-127.913,2,-133.397,4,4,20,0,-999,-999,0
106.5,54,25,4,-127.913,6,-135.499,4,4,0,1,-999,-999,0
106.5,55,33,7,-87.109,4,-113.751,6,7,20,0,-999,-999,0
106.5,55,33,7,-87.109,1,-124.345,3,3,20,0,-999,-999,0
106.5,55,33,7,-87.109,2,-130.263,4,4,20,0,-999,-999,0
106.5,55,33,7,-87.109,6,-140.216,4,4,0,1,-999,-999,0
106.5,55,33,7,-87.109,5,-149.466,10,10,0,1,-999,-999,0
106.5,55,33,7,-87.109,3,-153.583,2,2,20,0,-999,-999,0
106.5,59,64,5,-98.3564,3,-103.611,2,2,20,0,-999,-999,0
106.5,59,64,5,-98.3564,2,-128.043,4,4,20,0,-999,-999,0
106.5,59,64,5,-98.3564,1,-137.043,3,3,20,0,-999,-999,0
106.5,59,64,5,-98.3564,6,-142.026,4,4,0,1,-999,-999,0
106.5,59,64,5,-98.3564,4,-145.146,6,7,20,0,-999,-999,0
106.5,59,64,5,-98.3564,7,-147.619,5,5,0,1,-999,-999,0
106.5,66,104,5,-130.893,6,-136.787,4,4,0,1,-999,-999,0
106.5,66,104,5,-130.893,2,-138.723,4,4,20,0,-999,-999,0
106.5,66,104,5,-130.893,3,-139.086,2,2,20,0,-999,-999,0
106.5,66,104,5,-130.893,1,-140.133,3,3,20,0,-999,-999,0
106.5,66,104,5,-130.893,4,-145.982,6,7,20,0,-999,-999,0
106.5,66,104,5,-130.893,7,-153.019,5,5,0,1,-999,-999,0
106.5,68,88,5,-134.172,3,-120.047,2,2,20,0,-999,-999,0
106.5,68,88,5,-134.172,6,-136.967,4,4,0,1,-999,-999,0
106.5,68,88,5,-134.172,1,-137.997,3,3,20,0,-999,-999,0
106.5,68,88,5,-134.172,2,-138.969,4,4,20,0,-999,-999,0
106.5,68,88,5,-134.172,7,-154.006,5,5,0,1,-999,-999,0
106.5,68,88,5,-134.172,4,-160.204,6,7,20,0,-999,-999,0
106.5,69,57,7,-138.676,4,-106.956,6,7,20,0,-999,-999,0
106.5,69,57,7,-138.676,2,-122.88,4,4,20,0,-999,-999,0
106.5,69,57,7,-138.676,6,-146.249,4,4,0,1,-999,-999,0
106.5,69,57,7,-138.676,1,-146.759,3,3,20,0,-999,-999,0
106.5,69,57,7,-138.676,3,-147.824,2,2,20,0,-999,-999,0
106.5,69,57,7,-138.676,5,-150.571,10,10,0,1,-999,-999,0
106.5,70,32,6,-143.243,4,-110.517,6,7,20,0,-999,-999,0
106.5,70,32,6,-143.243,7,-136.024,5,5,0,1,-999,-999,0
106.5,70,32,6,-143.243,1,-136.886,3,3,20,0,-999,-999,0
106.5,70,32,6,-143.243,5,-147.55,10,10,0,1,-999,-999,0
106.5,70,32,6,-143.243,2,-148.228,4,4,20,0,-999,-999,0
106.5,70,32,6,-143.243,3,-153.526,2,2,20,0,-999,-999,0
106.5,73,41,7,-147.456,2,-127.922,4,4,20,0,-999,-999,0
106.5,73,41,7,-147.456,4,-139.181,6,7,20,0,-999,-999,0
106.5,73,41,7,-147.456,6,-141.433,4,4,0,1,-999,-999,0
106.5,73,41,7,-147.456,1,-143.875,3,3,20,0,-999,-999,0
106.5,73,41,7,-147.456,3,-145.363,2,2,20,0,-999,-999,0
106.5,73,41,7,-147.456,5,-152.531,10,10,0,1,-999,-999,0
106.5,78,2,3,-111.266,1,-95.6387,3,3,20,0,-999,-999,0
106.5,78,2,3,-111.266,2,-125.377,4,4,20,0,-999,-999,0
106.5,78,2,3,-111.266,5,-130.932,10,10,0,1,-999,-999,0
106.5,78,2,3,-111.266,4,-136.595,6,7,20,0,-999,-999,0
106.5,78,2,3,-111.266,7,-137.29,5,5,0,1,-999,-999,0
106.5,78,2,3,-111.266,6,-146.636,4,4,0,1,-999,-999,0
106.5,84,56,5,-99.7918,6,-112.539,4,4,0,1,-999,-999,0
106.5,84,56,5,-99.7918,2,-114.784,4,4,20,0,-999,-999,0
106.5,84,56,5,-99.7918,1,-129.588,3,3,20,0,-999,-999,0
106.5,84,56,5,-99.7918,3,-132.831,2,2,20,0,-999,-999,0
106.5,84,56,5,-99.7918,4,-144.005,6,7,20,0,-999,-999,0
106.5,84,56,5,-99.7918,7,-146,5,5,0,1,-999,-999,0
106.5,90,22,4,-112.647,1,-104.378,3,3,20,0,-999,-999,0
106.5,90,22,4,-112.647,2,-106.186,4,4,20,0,-999,-999,0
106.5,90,22,4,-112.647,5,-111.793,10,10,0,1,-999,-999,0
106.5,90,22,4,-112.647,6,-131.807,4,4,0,1,-999,-999,0
106.5,90,22,4,-112.647,7,-134.444,5,5,0,1,-999,-999,0
106.5,90,22,4,-112.647,3,-141.757,2,2,20,0,-999,-999,0
106.5,91,56,6,-117.312,3,-106.393,2,2,20,0,-999,-999,0
106.5,91,56,6,-117.312,1,-123.209,3,3,20,0,-999,-999,0
106.5,91,56,6,-117.312,4,-128.515,6,7,20,0,-999,-999,0
106.5,91,56,6,-117.312,7,-135.384,5,5,0,1,-999,-999,0
106.5,91,56,6,-117.312,2,-136.378,4,4,20,0,-999,-999,0
106.5,91,56,6,-117.312,5,-172.819,10,10,0,1,-999,-999,0
106.5,92,17,1,-82.5593,4,-109.201,6,7,20,0,-999,-999,0
106.5,92,17,1,-82.5593,2,-111.118,4,4,20,0,-999,-999,0
106.5,92,17,1,-82.5593,3,-112.946,2,2,20,0,-999,-999,0
106.5,92,17,1,-82.5593,7,-136.481,5,5,0,1,-999,-999,0
106.5,92,17,1,-82.5593,5,-143.812,10,10,0,1,-999,-999,0
106.5,92,17,1,-82.5593,6,-144.302,4,4,0,1,-999,-999,0
106.5,96,33,4,-65.8329,2,-112.797,4,4,20,0,-999,-999,0
106.5,96,33,4,-65.8329,6,-117.008,4,4,0,1,-999,-999,0
106.5,96,33,4,-65.8329,1,-136.978,3,3,20,0,-999,-999,0
106.5,96,33,4,-65.8329,7,-137.43,5,5,0,1,-999,-999,0
106.5,96,33,4,-65.8329,5,-141.363,10,10,0,1,-999,-999,0
106.5,96,33,4,-65.8329,3,-142.45,2,2,20,0,-999,-999,0
106.5,97,17,2,-72.6678,4,-97.1909,6,7,20,0,-999,-999,0
106.5,97,17,2,-72.6678,1,-111.249,3,3,20,0,-999,-999,0
106.5,97,17,2,-72.6678,3,-119.528,2,2,20,0,-999,-999,0
106.5,97,17,2,-72.6678,7,-136.244,5,5,0,1,-999,-999,0
106.5,97,17,2,-72.6678,6,-143.148,4,4,0,1,-999,-999,0
106.5,97,17,2,-72.6678,5,-143.982,10,10,0,1,-999,-999,0
106.5,100,16,4,-95.4701,6,-90.8875,4,4,0,1,-999,-999,0
106.5,100,16,4,-95.4701,1,-117.701,3,3,20,0,-999,-999,0
106.5,100,16,4,-95.4701,5,-118.878,10,10,0,1,-999,-999,0
106.5,100,16,4,-95.4701,7,-130.257,5,5,0,1,-999,-999,0
106.5,100,16,4,-95.4701,2,-133.873,4,4,20,0,-999,-999,0
106.5,100,16,4,-95.4701,3,-140.597,2,2,20,0,-999,-999,0
106.5,102,80,5,-131.954,1,-135.202,3,3,20,0,-999,-999,0
106.5,102,80,5,-131.954,4,-140.231,6,7,20,0,-999,-999,0
106.5,102,80,5,-131.954,6,-145.723,4,4,0,1,-999,-999,0
106.5,102,80,5,-131.954,2,-148.092,4,4,20,0,-999,-999,0
106.5,102,80,5,-131.954,3,-149.662,2,2,20,0,-999,-999,0
106.5,102,80,5,-131.954,7,-169.193,5,5,0,1,-999,-999,0
106.5,103,96,5,-103.347,7,-116.914,5,5,0,1,-999,-999,0
106.5,103,96,5,-103.347,1,-125.194,3,3,20,0,-999,-999,0
106.5,103,96,5,-103.347,4,-136.263,6,7,20,0,-999,-999,0
106.5,103,96,5,-103.347,2,-141.681,4,4,20,0,-999,-999,0
106.5,103,96,5,-103.347,3,-147.533,2,2,20,0,-999,-999,0
106.5,103,96,5,-103.347,6,-158.717,4,4,0,1,-999,-999,0
108.5,9,34,4,-124.425,2,-108.376,4,4,20,0,-999,-999,0
108.5,9,34,4,-124.425,7,-121.947,4,4,0,1,-999,-999,0
108.5,9,34,4,-124.425,1,-138.084,3,3,20,0,-999,-999,0
108.5,9,34,4,-124.425,3,-138.261,2,2,20,0,-999,-999,0
108.5,9,34,4,-124.425,6,-139.435,4,4,0,1,-999,-999,0
108.5,9,34,4,-124.425,5,-148.118,10,10,0,1,-999,-999,0
108.5,11,24,4,-127.251,6,-83.5239,4,4,0,1,-999,-999,0
108.5,11,24,4,-127.251,7,-107.652,4,4,0,1,-999,-999,0
108.5,11,24,4,-127.251,3,-148.296,2,2,20,0,-999,-999,0
108.5,11,24,4,-127.251,2,-149.59,4,4,20,0,-999,-999,0
108.5,11,24,4,-127.251,1,-150.426,3,3,20,0,-999,-999,0
108.5,11,24,4,-127.251,5,-155.328,10,10,0,1,-999,-999,0
108.5,12,40,5,-137.333,6,-126.604,4,4,0,1,-999,-999,0
108.5,12,40,5,-137.333,3,-138.549,2,2,20,0,-999,-999,0
108.5,12,40,5,-137.333,4,-140.653,7,7,20,0,-999,-999,0
108.5,12,40,5,-137.333,2,-142.178,4,4,20,0,-999,-999,0
108.5,12,40,5,-137.333,1,-151.164,3,3,20,0,-999,-999,0
108.5,12,40,5,-137.333,7,-151.389,4,4,0,1,-999,-999,0
108.5,17,18,2,-138.415,3,-111.056,2,2,20,0,-999,-999,0
108.5,17,18,2,-138.415,4,-111.859,7,7,20,0,-999,-999,0
108.5,17,18,2,-138.415,7,-118.225,4,4,0,1,-999,-999,0
108.5,17,18,2,-138.415,6,-125.886,4,4,0,1,-999,-999,0
108.5,17,18,2,-138.415,1,-136.895,3,3,20,0,-999,-999,0
108.5,17,18,2,-138.415,5,-171.236,10,10,0,1,-999,-999,0
108.5,19,111,5,-120.063,2,-136.196,4,4,20,0,-999,-999,0
108.5,19,111,5,-120.063,4,-139.277,7,7,20,0,-999,-999,0
108.5,19,111,5,-120.063,3,-142.262,2,2,20,0,-999,-999,0
108.5,19,111,5,-120.063,7,-147.79,4,4,0,1,-999,-999,0
108.5,19,111,5,-120.063,1,-148.114,3,3,20,0,-999,-999,0
108.5,19,111,5,-120.063,6,-162.352,4,4,0,1,-999,-999,0
108.5,20,72,5,-106.278,2,-132.392,4,4,20,0,-999,-999,0
108.5,20,72,5,-106.278,3,-133.705,2,2,20,0,-999,-999,0
108.5,20,72,5,-106.278,6,-139.693,4,4,0,1,-999,-999,0
108.5,20,72,5,-106.278,1,-140.869,3,3,20,0,-999,-999,0
108.5,20,72,5,-106.278,4,-141.849,7,7,20,0,-999,-999,0
108.5,20,72,5,-106.278,7,-148.125,4,4,0,1,-999,-999,0
108.5,21,49,7,-143.791,6,-110.398,4,4,0,1,-999,-999,0
108.5,21,49,7,-143.791,3,-126.031,2,2,20,0,-999,-999,0
108.5,21,49,7,-143.791,1,-143.243,3,3,20,0,-999,-999,0
108.5,21,49,7,-143.791,4,-146.302,7,7,20,0,-999,-999,0
108.5,21,49,7,-143.791,2,-148.672,4,4,20,0,-999,-999,0
108.5,21,49,7,-143.791,5,-154.538,10,10,0,1,-999,-999,0
108.5,23,16,2,-122.601,1,-88.3789,3,3,20,0,-999,-999,0
108.5,23,16,2,-122.601,6,-109.826,4,4,0,1,-999,-999,0
108.5,23,16,2,-122.601,3,-115.648,2,2,20,0,-999,-999,0
108.5,23,16,2,-122.601,4,-123.774,7,7,20,0,-999,-999,0
108.5,23,16,2,-122.601,5,-146.146,10,10,0,1,-999,-999,0
108.5,23,16,2,-122.601,7,-155.592,4,4,0,1,-999,-999,0
108.5,24,6,3,-136.811,6,-100.974,4,4,0,1,-999,-999,0
108.5,24,6,3,-136.811,5,-122.573,10,10,0,1,-999,-999,0
108.5,24,6,3,-136.811,2,-122.888,4,4,20,0,-999,-999,0
108.5,24,6,3,-136.811,1,-130.635,3,3,20,0,-999,-999,0
108.5,24,6,3,-136.811,7,-144.046,4,4,0,1,-999,-999,0
108.5,24,6,3,-136.811,4,-153.186,7,7,20,0,-999,-999,0
108.5,30,18,1,-131.059,2,-97.4634,4,4,20,0,-999,-999,0
108.5,30,18,1,-131.059,3,-106.181,2,2,20,0,-999,-999,0
108.5,30,18,1,-131.059,4,-115.248,7,7,20,0,-999,-999,0
108.5,30,18,1,-131.059,5,-130.141,10,10,0,1,-999,-999,0
108.5,30,18,1,-131.059,7,-137.735,4,4,0,1,-999,-999,0
108.5,30,18,1,-131.059,6,-145.131,4,4,0,1,-999,-999,0
108.5,35,48,5,-135.025,3,-103.244,2,2,20,0,-999,-999,0
108.5,35,48,5,-135.025,1,-127.034,3,3,20,0,-999,-999,0
108.5,35,48,5,-135.025,2,-130.841,4,4,20,0,-999,-999,0
108.5,35,48,5,-135.025,4,-140.739,7,7,20,0,-999,-999,0
108.5,35,48,5,-135.025,7,-143.542,4,4,0,1,-999,-999,0
108.5,35,48,5,-135.025,6,-156.801,4,4,0,1,-999,-999,0
108.5,37,24,6,-96.7777,1,-123.313,3,3,20,0,-999,-999,0
108.5,37,24,6,-96.7777,4,-131.629,7,7,20,0,-999,-999,0
108.5,37,24,6,-96.7777,7,-135.955,4,4,0,1,-999,-999,0
108.5,37,24,6,-96.7777,2,-145.232,4,4,20,0,-999,-999,0
108.5,37,24,6,-96.7777,3,-151.684,2,2,20,0,-999,-999,0
108.5,37,24,6,-96.7777,5,-157.897,10,10,0,1,-999,-999,0
108.5,39,14,2,-108.326,5,-116.194,10,10,0,1,-999,-999,0
108.5,39,14,2,-108.326,4,-116.215,7,7,20,0,-999,-999,0
108.5,39,14,2,-108.326,1,-130.511,3,3,20,0,-999,-999,0
108.5,39,14,2,-108.326,3,-136.831,2,2,20,0,-999,-999,0
108.5,39,14,2,-108.326,7,-137.025,4,4,0,1,-999,-999,0
108.5,39,14,2,-108.326,6,-152.684,4,4,0,1,-999,-999,0
108.5,46,20,4,-133.406,7,-130.604,4,4,0,1,-999,-999,0
108.5,46,20,4,-133.406,2,-140.048,4,4,20,0,-999,-999,0
108.5,46,20,4,-133.406,1,-145.605,3,3,20,0,-999,-999,0
108.5,46,20,4,-133.406,5,-150.433,10,10,0,1,-999,-999,0
108.5,46,20,4,-133.406,6,-155.822,4,4,0,1,-999,-999,0
108.5,46,20,4,-133.406,3,-158.032,2,2,20,0,-999,-999,0
108.5,47,16,1,-108.589,3,-102.624,2,2,20,0,-999,-999,0
108.5,47,16,1,-108.589,2,-115.271,4,4,20,0,-999,-999,0
108.5,47,16,1,-108.589,7,-122.952,4,4,0,1,-999,-999,0
108.5,47,16,1,-108.589,5,-130.202,10,10,0,1,-999,-999,0
108.5,47,16,1,-108.589,6,-142.443,4,4,0,1,-999,-999,0
108.5,47,16,1,-108.589,4,-143.05,7,7,20,0,-999,-999,0
108.5,48,40,6,-133.939,5,-111.221,10,10,0,1,-999,-999,0
108.5,48,40,6,-133.939,7,-125.281,4,4,0,1,-999,-999,0
108.5,48,40,6,-133.939,1,-126.709,3,3,20,0,-999,-999,0
108.5,48,40,6,-133.939,4,-140.644,7,7,20,0,-999,-999,0
108.5,48,40,6,-133.939,3,-153.546,2,2,20,0,-999,-999,0
108.5,48,40,6,-133.939,2,-155.068,4,4,20,0,-999,-999,0
108.5,54,25,4,-127.705,2,-105.777,4,4,20,0,-999,-999,0
108.5,54,25,4,-127.705,6,-106.024,4,4,0,1,-999,-999,0
108.5,54,25,4,-127.705,1,-123.861,3,3,20,0,-999,-999,0
108.5,54,25,4,-127.705,7,-127.698,4,4,0,1,-999,-999,0
108.5,54,25,4,-127.705,3,-138.896,2,2,20,0,-999,-999,0
108.5,54,25,4,-127.705,5,-143.19,10,10,0,1,-999,-999,0
108.5,55,33,7,-110.417,4,-119.341,7,7,20,0,-999,-999,0
108.5,55,33,7,-110.417,1,-131.32,3,3,20,0,-999,-999,0
108.5,55,33,7,-110.417,2,-133.431,4,4,20,0,-999,-999,0
108.5,55,33,7,-110.417,6,-137.283,4,4,0,1,-999,-999,0
108.5,55,33,7,-110.417,3,-139.492,2,2,20,0,-999,-999,0
108.5,55,33,7,-110.417,5,-158.57,10,10,0,1,-999,-999,0
108.5,59,64,5,-114.49,3,-111.016,2,2,20,0,-999,-999,0
108.5,59,64,5,-114.49,6,-130.534,4,4,0,1,-999,-999,0
108.5,59,64,5,-114.49,1,-138.165,3,3,20,0,-999,-999,0
108.5,59,64,5,-114.49,2,-141.791,4,4,20,0,-999,-999,0
108.5,59,64,5,-114.49,7,-148.129,4,4,0,1,-999,-999,0
108.5,59,64,5,-114.49,4,-152.621,7,7,20,0,-999,-999,0
108.5,66,104,5,-114.027,2,-132.55,4,4,20,0,-999,-999,0
108.5,66,104,5,-114.027,3,-133.229,2,2,20,0,-999,-999,0
108.5,66,104,5,-114.027,1,-141.99,3,3,20,0,-999,-999,0
108.5,66,104,5,-114.027,4,-143.049,7,7,20,0,-999,-999,0
108.5,66,104,5,-114.027,7,-149.009,4,4,0,1,-999,-999,0
108.5,66,104,5,-114.027,6,-159.507,4,4,0,1,-999,-999,0
108.5,68,88,5,-138.461,7,-125.243,4,4,0,1,-999,-999,0
108.5,68,88,5,-138.461,3,-127.148,2,2,20,0,-999,-999,0
108.5,68,88,5,-138.461,6,-146.099,4,4,0,1,-999,-999,0
108.5,68,88,5,-138.461,1,-148.147,3,3,20,0,-999,-999,0
108.5,68,88,5,-138.461,2,-150.276,4,4,20,0,-999,-999,0
108.5,68,88,5,-138.461,4,-157.423,7,7,20,0,-999,-999,0
108.5,69,57,7,-130.485,6,-140.86,4,4,0,1,-999,-999,0
108.5,69,57,7,-130.485,4,-142.346,7,7,20,0,-999,-999,0
108.5,69,57,7,-130.485,2,-147.228,4,4,20,0,-999,-999,0
108.5,69,57,7,-130.485,5,-149.667,10,10,0,1,-999,-999,0
108.5,69,57,7,-130.485,3,-150.71,2,2,20,0,-999,-999,0
108.5,69,57,7,-130.485,1,-151.911,3,3,20,0,-999,-999,0
108.5,70,32,6,-97.204,4,-127.427,7,7,20,0,-999,-999,0
108.5,70,32,6,-97.204,7,-138.379,4,4,0,1,-999,-999,0
108.5,70,32,6,-97.204,2,-143.784,4,4,20,0,-999,-999,0
108.5,70,32,6,-97.204,3,-148.001,2,2,20,0,-999,-999,0
108.5,70,32,6,-97.204,1,-148.072,3,3,20,0,-999,-999,0
108.5,70,32,6,-97.204,5,-151.834,10,10,0,1,-999,-999,0
108.5,73,41,7,-141.145,3,-106.198,2,2,20,0,-999,-999,0
108.5,73,41,7,-141.145,4,-117.819,7,7,20,0,-999,-999,0
108.5,73,41,7,-141.145,5,-124.026,10,10,0,1,-999,-999,0
108.5,73,41,7,-141.145,1,-134.12,3,3,20,0,-999,-999,0
108.5,73,41,7,-141.145,6,-141.771,4,4,0,1,-999,-999,0
108.5,73,41,7,-141.145,2,-142.682,4,4,20,0,-999,-999,0
108.5,78,2,3,-115.389,5,-92.9389,10,10,0,1,-999,-999,1
108.5,78,2,3,-115.389,1,-107.373,3,3,20,0,-999,-999,1
108.5,78,2,3,-115.389,2,-111.563,4,4,20,0,-999,-999,1
108.5,78,2,3,-115.389,6,-138.917,4,4,0,1,-999,-999,1
108.5,78,2,3,-115.389,4,-141.186,7,7,20,0,-999,-999,1
108.5,78,2,3,-115.389,7,-166.769,4,4,0,1,-999,-999,1
108.5,84,56,5,-127.48,4,-128.961,7,7,20,0,-999,-999,0
108.5,84,56,5,-127.48,3,-132.957,2,2,20,0,-999,-999,0
108.5,84,56,5,-127.48,6,-136.842,4,4,0,1,-999,-999,0
108.5,84,56,5,-127.48,1,-137.971,3,4,20,0,-999,-999,0
108.5,84,56,5,-127.48,2,-139.02,4,4,20,0,-999,-999,0
108.5,84,56,5,-127.48,7,-149.729,4,4,0,1,-999,-999,0
108.5,90,22,4,-93.7958,1,-101.29,3,4,20,0,-999,-999,0
108.5,90,22,4,-93.7958,3,-128.919,2,2,20,0,-999,-999,0
108.5,90,22,4,-93.7958,2,-129.507,4,4,20,0,-999,-999,0
108.5,90,22,4,-93.7958,6,-133.302,4,4,0,1,-999,-999,0
108.5,90,22,4,-93.7958,7,-134.538,4,4,0,1,-999,-999,0
108.5,90,22,4,-93.7958,5,-146.711,10,10,0,1,-999,-999,0
108.5,91,56,6,-89.3325,7,-119.367,4,4,0,1,-999,-999,0
108.5,91,56,6,-89.3325,2,-128.786,4,4,20,0,-999,-999,0
108.5,91,56,6,-89.3325,4,-132.041,7,7,20,0,-999,-999,0
108.5,91,56,6,-89.3325,1,-135.838,3,4,20,0,-999,-999,0
108.5,91,56,6,-89.3325,3,-139.443,2,2,20,0,-999,-999,0
108.5,91,56,6,-89.3325,5,-153.96,10,10,0,1,-999,-999,0
108.5,92,17,1,-70.1268,2,-103.631,4,4,20,0,-999,-999,0
108.5,92,17,1,-70.1268,6,-109.546,4,4,0,1,-999,-999,0
108.5,92,17,1,-70.1268,7,-121.839,4,4,0,1,-999,-999,0
108.5,92,17,1,-70.1268,3,-122.081,2,2,20,0,-999,-999,0
108.5,92,17,1,-70.1268,5,-134.047,10,10,0,1,-999,-999,0
108.5,92,17,1,-70.1268,4,-136.327,7,7,20,0,-999,-999,0
108.5,96,33,4,-97.9463,5,-114.143,10,10,0,1,-999,-999,0
108.5,96,33,4,-97.9463,1,-114.843,3,4,20,0,-999,-999,0
108.5,96,33,4,-97.9463,7,-117.367,4,4,0,1,-999,-999,0
108.5,96,33,4,-97.9463,6,-130.542,4,4,0,1,-999,-999,0
108.5,96,33,4,-97.9463,3,-145.26,2,2,20,0,-999,-999,0
108.5,96,33,4,-97.9463,2,-146.316,4,4,20,0,-999,-999,0
108.5,97,17,2,-81.0243,3,-95.585,2,2,20,0,-999,-999,0
108.5,97,17,2,-81.0243,1,-97.5759,3,4,20,0,-999,-999,0
108.5,97,17,2,-81.0243,4,-114.247,7,7,20,0,-999,-999,0
108.5,97,17,2,-81.0243,7,-137.002,4,4,0,1,-999,-999,0
108.5,97,17,2,-81.0243,5,-145.584,10,10,0,1,-999,-999,0
108.5,97,17,2,-81.0243,6,-146.835,4,4,0,1,-999,-999,0
108.5,100,16,4,-96.5692,1,-125.736,3,4,20,0,-999,-999,0
108.5,100,16,4,-96.5692,6,-127.116,4,4,0,1,-999,-999,0
108.5,100,16,4,-96.5692,7,-128.54,4,4,0,1,-999,-999,0
108.5,100,16,4,-96.5692,5,-130.145,10,10,0,1,-999,-999,0
108.5,100,16,4,-96.5692,2,-136.641,4,4,20,0,-999,-999,0
108.5,100,16,4,-96.5692,3,-142.166,2,2,20,0,-999,-999,0
108.5,102,80,5,-130.773,6,-147.379,4,4,0,1,-999,-999,0
108.5,102,80,5,-130.773,1,-149.013,3,4,20,0,-999,-999,0
108.5,102,80,5,-130.773,4,-149.96,7,7,20,0,-999,-999,0
108.5,102,80,5,-130.773,2,-151.689,4,4,20,0,-999,-999,0
108.5,102,80,5,-130.773,3,-153.383,2,2,20,0,-999,-999,0
108.5,102,80,5,-130.773,7,-159.496,4,4,0,1,-999,-999,0
108.5,103,96,5,-126.663,2,-131.072,4,4,20,0,-999,-999,0
108.5,103,96,5,-126.663,1,-148.815,3,4,20,0,-999,-999,0
108.5,103,96,5,-126.663,3,-151.44,2,2,20,0,-999,-999,0
108.5,103,96,5,-126.663,7,-153.028,4,4,0,1,-999,-999,0
108.5,103,96,5,-126.663,6,-155.496,4,4,0,1,-999,-999,0
108.5,103,96,5,-126.663,4,-155.584,7,7,20,0,-999,-999,0
110.5,9,34,4,-124.524,7,-122.421,4,4,0,1,-999,-999,0
110.5,9,34,4,-124.524,2,-130.939,4,4,20,0,-999,-999,0
110.5,9,34,4,-124.524,1,-131.693,4,4,20,0,-999,-999,0
110.5,9,34,4,-124.524,6,-136.57,4,4,0,1,-999,-999,0
110.5,9,34,4,-124.524,5,-146.472,10,10,0,1,-999,-999,0
110.5,9,34,4,-124.524,3,-147.649,1,1,20,0,-999,-999,0
110.5,11,24,4,-102.005,5,-124.74,10,10,0,1,-999,-999,0
110.5,11,24,4,-102.005,6,-125.096,4,4,0,1,-999,-999,0
110.5,11,24,4,-102.005,7,-133.596,4,4,0,1,-999,-999,0
110.5,11,24,4,-102.005,3,-136.966,1,1,20,0,-999,-999,0
110.5,11,24,4,-102.005,2,-145.452,4,4,20,0,-999,-999,0
110.5,11,24,4,-102.005,1,-154.07,4,4,20,0,-999,-999,0
110.5,12,40,5,-130.449,1,-109.367,4,4,20,0,-999,-999,0
110.5,12,40,5,-130.449,7,-114.891,4,4,0,1,-999,-999,0
110.5,12,40,5,-130.449,3,-138.185,1,1,20,0,-999,-999,0
110.5,12,40,5,-130.449,6,-143.205,4,4,0,1,-999,-999,0
110.5,12,40,5,-130.449,2,-149.631,4,4,20,0,-999,-999,0
110.5,12,40,5,-130.449,4,-152.301,7,7,20,0,-999,-999,0
110.5,17,18,2,-100.817,3,-119.118,1,1,20,0,-999,-999,0
110.5,17,18,2,-100.817,6,-131.142,4,4,0,1,-999,-999,0
110.5,17,18,2,-100.817,1,-135.594,4,4,20,0,-999,-999,0
110.5,17,18,2,-100.817,7,-140.082,4,4,0,1,-999,-999,0
110.5,17,18,2,-100.817,4,-141.323,7,7,20,0,-999,-999,0
110.5,17,18,2,-100.817,5,-160.228,10,10,0,1,-999,-999,0
110.5,19,111,5,-131.193,3,-143.053,1,1,20,0,-999,-999,0
110.5,19,111,5,-131.193,1,-146.219,4,4,20,0,-999,-999,0
110.5,19,111,5,-131.193,7,-146.377,4,4,0,1,-999,-999,0
110.5,19,111,5,-131.193,2,-149.911,4,4,20,0,-999,-999,0
110.5,19,111,5,-131.193,4,-154.91,7,7,20,0,-999,-999,0
110.5,19,111,5,-131.193,6,-166.551,4,4,0,1,-999,-999,0
110.5,20,72,5,-115.3,6,-116.665,4,4,0,1,-999,-999,0
110.5,20,72,5,-115.3,3,-119.326,1,1,20,0,-999,-999,0
110.5,20,72,5,-115.3,1,-129.888,4,4,20,0,-999,-999,0
110.5,20,72,5,-115.3,2,-134.896,4,4,20,0,-999,-999,0
110.5,20,72,5,-115.3,4,-148.642,7,7,20,0,-999,-999,0
110.5,20,72,5,-115.3,7,-151.279,4,4,0,1,-999,-999,0
110.5,21,49,7,-143.83,1,-116.312,4,4,20,0,-999,-999,0
110.5,21,49,7,-143.83,6,-121.713,4,4,0,1,-999,-999,0
110.5,21,49,7,-143.83,5,-128.497,10,10,0,1,-999,-999,0
110.5,21,49,7,-143.83,4,-150.076,7,7,20,0,-999,-999,0
110.5,21,49,7,-143.83,2,-154.191,4,4,20,0,-999,-999,0
110.5,21,49,7,-143.83,3,-154.402,1,1,20,0,-999,-999,0
110.5,23,16,2,-122.148,3,-115.937,1,1,20,0,-999,-999,0
110.5,23,16,2,-122.148,1,-116.846,4,4,20,0,-999,-999,0
110.5,23,16,2,-122.148,4,-132.654,7,7,20,0,-999,-999,0
110.5,23,16,2,-122.148,6,-144.606,4,4,0,1,-999,-999,0
110.5,23,16,2,-122.148,5,-144.981,10,10,0,1,-999,-999,0
110.5,23,16,2,-122.148,7,-151.717,4,4,0,1,-999,-999,0
110.5,24,6,3,-132.531,5,-126.584,10,10,0,1,-999,-999,0
110.5,24,6,3,-132.531,1,-132.053,4,4,20,0,-999,-999,0
110.5,24,6,3,-132.531,2,-136.124,4,4,20,0,-999,-999,0
110.5,24,6,3,-132.531,6,-143.522,4,4,0,1,-999,-999,0
110.5,24,6,3,-132.531,4,-147.678,7,7,20,0,-999,-999,0
110.5,24,6,3,-132.531,7,-147.937,4,4,0,1,-999,-999,0
110.5,30,18,1,-134.673,5,-95.871,10,10,0,1,-999,-999,0
110.5,30,18,1,-134.673,3,-126.704,1,1,20,0,-999,-999,0
110.5,30,18,1,-134.673,4,-130.917,7,7,20,0,-999,-999,0
110.5,30,18,1,-134.673,2,-132.52,4,4,20,0,-999,-999,0
110.5,30,18,1,-134.673,7,-142.109,4,4,0,1,-999,-999,0
110.5,30,18,1,-134.673,6,-144.897,4,4,0,1,-999,-999,0
110.5,35,48,5,-128.879,2,-93.4718,4,4,20,0,-999,-999,0
110.5,35,48,5,-128.879,1,-95.1679,4,4,20,0,-999,-999,0
110.5,35,48,5,-128.879,4,-129.469,7,7,20,0,-999,-999,0
110.5,35,48,5,-128.879,3,-136.853,1,1,20,0,-999,-999,0
110.5,35,48,5,-128.879,7,-139.647,4,4,0,1,-999,-999,0
110.5,35,48,5,-128.879,6,-146.039,4,4,0,1,-999,-999,0
110.5,37,24,6,-134.908,3,-125.061,1,1,20,0,-999,-999,0
110.5,37,24,6,-134.908,4,-131.925,7,7,20,0,-999,-999,0
110.5,37,24,6,-134.908,7,-135.299,4,4,0,1,-999,-999,0
110.5,37,24,6,-134.908,2,-145.283,4,4,20,0,-999,-999,0
110.5,37,24,6,-134.908,5,-149.957,10,10,0,1,-999,-999,0
110.5,37,24,6,-134.908,1,-150.779,4,4,20,0,-999,-999,0
110.5,39,14,2,-133.645,5,-99.613,10,10,0,1,-999,-999,0
110.5,39,14,2,-133.645,1,-100.56,4,4,20,0,-999,-999,0
110.5,39,14,2,-133.645,4,-103.639,7,7,20,0,-999,-999,0
110.5,39,14,2,-133.645,3,-122.952,1,1,20,0,-999,-999,0
110.5,39,14,2,-133.645,7,-139.771,4,4,0,1,-999,-999,0
110.5,39,14,2,-133.645,6,-144.604,4,4,0,1,-999,-999,0
110.5,46,20,4,-137.04,6,-136.832,4,4,0,1,-999,-999,0
110.5,46,20,4,-137.04,2,-140.035,4,4,20,0,-999,-999,0
110.5,46,20,4,-137.04,1,-141.707,4,4,20,0,-999,-999,0
110.5,46,20,4,-137.04,3,-141.942,1,1,20,0,-999,-999,0
110.5,46,20,4,-137.04,7,-142.866,4,4,0,1,-999,-999,0
110.5,46,20,4,-137.04,5,-148.11,10,10,0,1,-999,-999,0
110.5,47,16,1,-79.8801,3,-93.1565,1,1,20,0,-999,-999,0
110.5,47,16,1,-79.8801,2,-117.667,4,4,20,0,-999,-999,0
110.5,47,16,1,-79.8801,5,-137.131,10,10,0,1,-999,-999,0
110.5,47,16,1,-79.8801,7,-139.292,4,4,0,1,-999,-999,0
110.5,47,16,1,-79.8801,4,-139.538,7,7,20,0,-999,-999,0
110.5,47,16,1,-79.8801,6,-146.529,4,4,0,1,-999,-999,0
110.5,48,40,6,-128.962,7,-113.69,4,4,0,1,-999,-999,0
110.5,48,40,6,-128.962,4,-130.677,7,7,20,0,-999,-999,0
110.5,48,40,6,-128.962,1,-146.325,4,4,20,0,-999,-999,0
110.5,48,40,6,-128.962,5,-146.551,10,10,0,1,-999,-999,0
110.5,48,40,6,-128.962,2,-151.345,4,4,20,0,-999,-999,0
110.5,48,40,6,-128.962,3,-152.979,1,1,20,0,-999,-999,0
110.5,54,25,4,-120.732,7,-86.9472,4,4,0,1,-999,-999,0
110.5,54,25,4,-120.732,1,-100.713,4,4,20,0,-999,-999,0
110.5,54,25,4,-120.732,5,-113.659,10,10,0,1,-999,-999,0
110.5,54,25,4,-120.732,3,-114.579,1,1,20,0,-999,-999,0
110.5,54,25,4,-120.732,6,-127.785,4,4,0,1,-999,-999,0
110.5,54,25,4,-120.732,2,-132.783,4,4,20,0,-999,-999,0
110.5,55,33,7,-117.119,4,-108.833,7,7,20,0,-999,-999,0
110.5,55,33,7,-117.119,3,-110.578,1,1,20,0,-999,-999,0
110.5,55,33,7,-117.119,6,-117.976,4,4,0,1,-999,-999,0
110.5,55,33,7,-117.119,2,-138.511,4,4,20,0,-999,-999,0
110.5,55,33,7,-117.119,1,-140.425,4,4,20,0,-999,-999,0
110.5,55,33,7,-117.119,5,-152.399,10,10,0,1,-999,-999,0
110.5,59,64,5,-98.3238,2,-105.621,4,4,20,0,-999,-999,0
110.5,59,64,5,-98.3238,3,-135.669,1,1,20,0,-999,-999,0
110.5,59,64,5,-98.3238,1,-136.873,4,4,20,0,-999,-999,0
110.5,59,64,5,-98.3238,7,-145.887,4,4,0,1,-999,-999,0
110.5,59,64,5,-98.3238,4,-148.026,7,7,20,0,-999,-999,0
110.5,59,64,5,-98.3238,6,-162.253,4,4,0,1,-999,-999,0
110.5,66,104,5,-100.955,3,-136.472,1,1,20,0,-999,-999,0
110.5,66,104,5,-100.955,1,-137.32,4,4,20,0,-999,-999,0
110.5,66,104,5,-100.955,2,-142.226,4,4,20,0,-999,-999,0
110.5,66,104,5,-100.955,6,-143.054,4,4,0,1,-999,-999,0
110.5,66,104,5,-100.955,4,-147.462,7,7,20,0,-999,-999,0
110.5,66,104,5,-100.955,7,-148.047,4,4,0,1,-999,-999,0
110.5,68,88,5,-134.176,1,-118.222,4,4,20,0,-999,-999,0
110.5,68,88,5,-134.176,2,-121.625,4,4,20,0,-999,-999,0
110.5,68,88,5,-134.176,3,-146.018,1,1,20,0,-999,-999,0
110.5,68,88,5,-134.176,6,-149.007,4,4,0,1,-999,-999,0
110.5,68,88,5,-134.176,4,-149.115,7,7,20,0,-999,-999,0
110.5,68,88,5,-134.176,7,-156.168,4,4,0,1,-999,-999,0
110.5,69,57,7,-134.733,5,-116.112,10,10,0,1,-999,-999,0
110.5,69,57,7,-134.733,4,-140.658,7,7,20,0,-999,-999,0
110.5,69,57,7,-134.733,2,-147.937,4,4,20,0,-999,-999,0
110.5,69,57,7,-134.733,6,-148.402,4,4,0,1,-999,-999,0
110.5,69,57,7,-134.733,1,-151.568,4,4,20,0,-999,-999,0
110.5,69,57,7,-134.733,3,-155.712,1,1,20,0,-999,-999,0
110.5,70,32,6,-134.812,7,-114.312,4,4,0,1,-999,-999,0
110.5,70,32,6,-134.812,5,-130.956,10,10,0,1,-999,-999,0
110.5,70,32,6,-134.812,3,-136.086,1,1,20,0,-999,-999,0
110.5,70,32,6,-134.812,4,-139.604,7,7,20,0,-999,-999,0
110.5,70,32,6,-134.812,2,-146.42,4,4,20,0,-999,-999,0
110.5,70,32,6,-134.812,1,-149.196,4,4,20,0,-999,-999,0
110.5,73,41,7,-99.7539,1,-110.913,4,4,20,0,-999,-999,0
110.5,73,41,7,-99.7539,4,-132.273,7,7,20,0,-999,-999,0
110.5,73,41,7,-99.7539,2,-141.386,4,4,20,0,-999,-999,0
110.5,73,41,7,-99.7539,5,-143.183,10,10,0,1,-999,-999,0
110.5,73,41,7,-99.7539,6,-148.299,4,4,0,1,-999,-999,0
110.5,73,41,7,-99.7539,3,-151.529,1,1,20,0,-999,-999,0
110.5,78,19,1,-83.4581,6,-103.199,4,4,0,1,-999,-999,0
110.5,78,19,1,-83.4581,3,-107.184,1,1,20,0,-999,-999,0
110.5,78,19,1,-83.4581,2,-125.995,4,4,20,0,-999,-999,0
110.5,78,19,1,-83.4581,4,-127.932,7,7,20,0,-999,-999,0
110.5,78,19,1,-83.4581,5,-135.344,10,10,0,1,-999,-999,0
110.5,78,19,1,-83.4581,7,-154.307,4,4,0,1,-999,-999,0
110.5,84,56,5,-130.508,6,-126.008,4,4,0,1,-999,-999,0
110.5,84,56,5,-130.508,3,-131.716,1,1,20,0,-999,-999,0
110.5,84,56,5,-130.508,2,-134.282,4,4,20,0,-999,-999,0
110.5,84,56,5,-130.508,4,-135.3,7,7,20,0,-999,-999,0
110.5,84,56,5,-130.508,1,-136.617,4,4,20,0,-999,-999,0
110.5,84,56,5,-130.508,7,-150.397,4,4,0,1,-999,-999,0
110.5,90,22,4,-112.268,7,-103.25,4,4,0,1,-999,-999,0
110.5,90,22,4,-112.268,5,-108.274,10,10,0,1,-999,-999,0
110.5,90,22,4,-112.268,2,-123.879,4,4,20,0,-999,-999,0
110.5,90,22,4,-112.268,6,-124.94,4,4,0,1,-999,-999,0
110.5,90,22,4,-112.268,1,-126.032,4,4,20,0,-999,-999,0
110.5,90,22,4,-112.268,3,-129.067,1,1,20,0,-999,-999,0
110.5,91,56,6,-89.3015,2,-101.899,4,4,20,0,-999,-999,0
110.5,91,56,6,-89.3015,1,-108.991,4,4,20,0,-999,-999,0
110.5,91,56,6,-89.3015,7,-128.709,4,4,0,1,-999,-999,0
110.5,91,56,6,-89.3015,4,-130.379,7,7,20,0,-999,-999,0
110.5,91,56,6,-89.3015,3,-130.837,1,1,20,0,-999,-999,0
110.5,91,56,6,-89.3015,5,-171.062,10,10,0,1,-999,-999,0
110.5,92,17,1,-73.3677,2,-76.0011,4,4,20,0,-999,-999,0
110.5,92,17,1,-73.3677,4,-108.613,7,7,20,0,-999,-999,0
110.5,92,17,1,-73.3677,3,-115.71,1,1,20,0,-999,-999,0
110.5,92,17,1,-73.3677,6,-129.708,4,4,0,1,-999,-999,0
110.5,92,17,1,-73.3677,7,-135.063,4,4,0,1,-999,-999,0
110.5,92,17,1,-73.3677,5,-142.599,10,10,0,1,-999,-999,0
110.5,96,33,4,-98.1884,7,-103.367,4,4,0,1,-999,-999,0
110.5,96,33,4,-98.1884,5,-119.225,10,10,0,1,-999,-999,0
110.5,96,33,4,-98.1884,6,-130.486,4,4,0,1,-999,-999,0
110.5,96,33,4,-98.1884,2,-133.312,4,4,20,0,-999,-999,0
110.5,96,33,4,-98.1884,1,-138.642,4,4,20,0,-999,-999,0
110.5,96,33,4,-98.1884,3,-145.263,1,1,20,0,-999,-999,0
110.5,97,17,2,-106.534,1,-119.383,4,4,20,0,-999,-999,0
110.5,97,17,2,-106.534,5,-123.18,10,10,0,1,-999,-999,0
110.5,97,17,2,-106.534,7,-127.303,4,4,0,1,-999,-999,0
110.5,97,17,2,-106.534,3,-127.988,1,1,20,0,-999,-999,0
110.5,97,17,2,-106.534,4,-131.993,7,7,20,0,-999,-999,0
110.5,97,17,2,-106.534,6,-151.985,4,4,0,1,-999,-999,0
110.5,100,16,4,-67.7338,6,-105.408,4,4,0,1,-999,-999,0
110.5,100,16,4,-67.7338,7,-123.285,4,4,0,1,-999,-999,0
110.5,100,16,4,-67.7338,2,-133.319,4,4,20,0,-999,-999,0
110.5,100,16,4,-67.7338,1,-134.942,4,4,20,0,-999,-999,0
110.5,100,16,4,-67.7338,3,-135.045,1,1,20,0,-999,-999,0
110.5,100,16,4,-67.7338,5,-151.135,10,10,0,1,-999,-999,0
110.5,102,80,5,-99.2583,1,-111.62,4,4,20,0,-999,-999,0
110.5,102,80,5,-99.2583,4,-118.046,7,7,20,0,-999,-999,0
110.5,102,80,5,-99.2583,6,-122.065,4,4,0,1,-999,-999,0
110.5,102,80,5,-99.2583,3,-146.152,1,1,20,0,-999,-999,0
110.5,102,80,5,-99.2583,2,-153.019,4,4,20,0,-999,-999,0
110.5,102,80,5,-99.2583,7,-163.793,4,4,0,1,-999,-999,0
110.5,103,96,5,-94.5775,1,-126.694,4,4,20,0,-999,-999,0
110.5,103,96,5,-94.5775,2,-128.118,4,4,20,0,-999,-999,0
110.5,103,96,5,-94.5775,3,-135.941,1,1,20,0,-999,-999,0
110.5,103,96,5,-94.5775,6,-143.566,4,4,0,1,-999,-999,0
110.5,103,96,5,-94.5775,7,-150.918,4,4,0,1,-999,-999,0
110.5,103,96,5,-94.5775,4,-158.921,7,7,20,0,-999,-999,0
112.5,9,34,4,-127,1,-99.7559,4,4,20,0,-999,-999,0
112.5,9,34,4,-127,2,-110.159,4,4,20,0,-999,-999,0
112.5,9,34,4,-127,3,-113.271,1,1,20,0,-999,-999,0
112.5,9,34,4,-127,7,-122.212,4,4,0,1,-999,-999,0
112.5,9,34,4,-127,6,-132.356,4,4,0,1,-999,-999,0
112.5,9,34,4,-127,5,-147.877,10,10,0,1,-999,-999,0
112.5,11,24,4,-106.799,6,-122.386,4,4,0,1,-999,-999,0
112.5,11,24,4,-106.799,1,-135.013,4,4,20,0,-999,-999,0
112.5,11,24,4,-106.799,7,-139.372,4,4,0,1,-999,-999,0
112.5,11,24,4,-106.799,2,-145.887,4,4,20,0,-999,-999,0
112.5,11,24,4,-106.799,5,-146.631,10,10,0,1,-999,-999,0
112.5,11,24,4,-106.799,3,-150.11,1,1,20,0,-999,-999,0
112.5,12,40,5,-123.919,1,-105.82,4,4,20,0,-999,-999,1
112.5,12,40,5,-123.919,3,-141.029,1,1,20,0,-999,-999,1
112.5,12,40,5,-123.919,2,-144.57,4,4,20,0,-999,-999,1
112.5,12,40,5,-123.919,7,-151.946,4,4,0,1,-999,-999,1
112.5,12,40,5,-123.919,4,-155.598,7,7,20,0,-999,-999,1
112.5,12,40,5,-123.919,6,-160.19,4,4,0,1,-999,-999,1
112.5,17,18,2,-138.309,3,-104.596,1,1,20,0,-999,-999,0
112.5,17,18,2,-138.309,6,-129.826,4,4,0,1,-999,-999,0
112.5,17,18,2,-138.309,1,-131.203,4,5,20,0,-999,-999,0
112.5,17,18,2,-138.309,4,-135.244,7,7,20,0,-999,-999,0
112.5,17,18,2,-138.309,7,-140.119,4,4,0,1,-999,-999,0
112.5,17,18,2,-138.309,5,-171.852,10,10,0,1,-999,-999,0
112.5,19,111,5,-129.545,3,-141.045,1,1,20,0,-999,-999,0
112.5,19,111,5,-129.545,1,-145.507,4,5,20,0,-999,-999,0
112.5,19,111,5,-129.545,2,-150.559,4,4,20,0,-999,-999,0
112.5,19,111,5,-129.545,7,-153.444,4,4,0,1,-999,-999,0
112.5,19,111,5,-129.545,4,-161.781,7,7,20,0,-999,-999,0
112.5,19,111,5,-129.545,6,-161.951,4,4,0,1,-999,-999,0
112.5,20,72,5,-92.7221,6,-110.746,4,4,0,1,-999,-999,0
112.5,20,72,5,-92.7221,2,-122.741,4,4,20,0,-999,-999,0
112.5,20,72,5,-92.7221,3,-133.21,1,1,20,0,-999,-999,0
112.5,20,72,5,-92.7221,1,-142.479,4,5,20,0,-999,-999,0
112.5,20,72,5,-92.7221,7,-145.714,4,4,0,1,-999,-999,0
112.5,20,72,5,-92.7221,4,-150.524,7,7,20,0,-999,-999,0
112.5,21,49,7,-141.107,2,-116.774,4,4,20,0,-999,-999,0
112.5,21,49,7,-141.107,3,-118.867,1,1,20,0,-999,-999,0
112.5,21,49,7,-141.107,6,-135.14,4,4,0,1,-999,-999,0
112.5,21,49,7,-141.107,1,-135.906,4,5,20,0,-999,-999,0
112.5,21,49,7,-141.107,4,-146.85,7,7,20,0,-999,-999,0
112.5,21,49,7,-141.107,5,-148.258,10,10,0,1,-999,-999,0
112.5,23,16,2,-125.789,3,-82.8631,1,1,20,0,-999,-999,0
112.5,23,16,2,-125.789,6,-116.55,4,4,0,1,-999,-999,0
112.5,23,16,2,-125.789,1,-124.053,4,5,20,0,-999,-999,0
112.5,23,16,2,-125.789,4,-132.701,7,7,20,0,-999,-999,0
112.5,23,16,2,-125.789,5,-138.615,10,10,0,1,-999,-999,0
112.5,23,16,2,-125.789,7,-147.063,4,4,0,1,-999,-999,0
112.5,24,6,3,-134.567,2,-117.342,4,4,20,0,-999,-999,0
112.5,24,6,3,-134.567,5,-129.275,10,10,0,1,-999,-999,0
112.5,24,6,3,-134.567,1,-132.172,4,5,20,0,-999,-999,0
112.5,24,6,3,-134.567,7,-140.416,4,4,0,1,-999,-999,0
112.5,24,6,3,-134.567,6,-140.585,4,4,0,1,-999,-999,0
112.5,24,6,3,-134.567,4,-148.114,7,7,20,0,-999,-999,0
112.5,30,18,1,-127.277,5,-103.463,10,10,0,1,-999,-999,0
112.5,30,18,1,-127.277,4,-106.28,7,7,20,0,-999,-999,0
112.5,30,18,1,-127.277,2,-131.459,4,4,20,0,-999,-999,0
112.5,30,18,1,-127.277,3,-137.588,1,1,20,0,-999,-999,0
112.5,30,18,1,-127.277,7,-139.146,4,4,0,1,-999,-999,0
112.5,30,18,1,-127.277,6,-147.513,4,4,0,1,-999,-999,0
112.5,35,48,5,-125.201,7,-100.804,4,4,0,1,-999,-999,0
112.5,35,48,5,-125.201,1,-116.185,4,5,20,0,-999,-999,0
112.5,35,48,5,-125.201,2,-129.947,4,4,20,0,-999,-999,0
112.5,35,48,5,-125.201,3,-139.347,1,1,20,0,-999,-999,0
112.5,35,48,5,-125.201,4,-139.488,7,7,20,0,-999,-999,0
112.5,35,48,5,-125.201,6,-147.275,4,4,0,1,-999,-999,0
112.5,37,24,6,-103.322,4,-98.2183,7,7,20,0,-999,-999,0
112.5,37,24,6,-103.322,7,-132.627,4,4,0,1,-999,-999,0
112.5,37,24,6,-103.322,2,-143.578,4,4,20,0,-999,-999,0
112.5,37,24,6,-103.322,3,-144.104,1,1,20,0,-999,-999,0
112.5,37,24,6,-103.322,1,-149.545,4,5,20,0,-999,-999,0
112.5,37,24,6,-103.322,5,-153.991,10,10,0,1,-999,-999,0
112.5,39,14,2,-139.032,1,-115.355,4,5,20,0,-999,-999,0
112.5,39,14,2,-139.032,4,-131.193,7,7,20,0,-999,-999,0
112.5,39,14,2,-139.032,3,-132.057,1,1,20,0,-999,-999,0
112.5,39,14,2,-139.032,5,-132.723,10,10,0,1,-999,-999,0
112.5,39,14,2,-139.032,7,-137.581,4,4,0,1,-999,-999,0
112.5,39,14,2,-139.032,6,-148.794,4,4,0,1,-999,-999,0
112.5,46,20,4,-135.642,3,-106.953,1,1,20,0,-999,-999,0
112.5,46,20,4,-135.642,1,-107.315,4,5,20,0,-999,-999,0
112.5,46,20,4,-135.642,2,-127.62,4,4,20,0,-999,-999,0
112.5,46,20,4,-135.642,7,-148.412,4,4,0,1,-999,-999,0
112.5,46,20,4,-135.642,6,-148.451,4,4,0,1,-999,-999,0
112.5,46,20,4,-135.642,5,-153.968,10,10,0,1,-999,-999,0
112.5,47,16,1,-92.612,2,-104.072,4,4,20,0,-999,-999,0
112.5,47,16,1,-92.612,3,-104.722,1,1,20,0,-999,-999,0
112.5,47,16,1,-92.612,7,-105.834,4,4,0,1,-999,-999,0
112.5,47,16,1,-92.612,5,-127.498,10,10,0,1,-999,-999,0
112.5,47,16,1,-92.612,6,-139.486,4,4,0,1,-999,-999,0
112.5,47,16,1,-92.612,4,-143.812,7,7,20,0,-999,-999,0
112.5,48,40,6,-132.086,1,-145.304,4,5,20,0,-999,-999,0
112.5,48,40,6,-132.086,7,-147.094,4,4,0,1,-999,-999,0
112.5,48,40,6,-132.086,5,-148.878,10,10,0,1,-999,-999,0
112.5,48,40,6,-132.086,4,-150.662,7,7,20,0,-999,-999,0
112.5,48,40,6,-132.086,2,-157.834,4,4,20,0,-999,-999,0
112.5,48,40,6,-132.086,3,-161.748,1,1,20,0,-999,-999,0
112.5,54,25,4,-97.5294,1,-114.268,4,5,20,0,-999,-999,0
112.5,54,25,4,-97.5294,7,-124.487,4,4,0,1,-999,-999,0
112.5,54,25,4,-97.5294,6,-130.183,4,4,0,1,-999,-999,0
112.5,54,25,4,-97.5294,2,-133.845,4,4,20,0,-999,-999,0
112.5,54,25,4,-97.5294,5,-134.646,10,10,0,1,-999,-999,0
112.5,54,25,4,-97.5294,3,-136.185,1,1,20,0,-999,-999,0
112.5,55,33,7,-140.824,4,-124.677,7,7,20,0,-999,-999,0
112.5,55,33,7,-140.824,2,-136.817,4,4,20,0,-999,-999,0
112.5,55,33,7,-140.824,6,-139.715,4,4,0,1,-999,-999,0
112.5,55,33,7,-140.824,5,-140.474,10,10,0,1,-999,-999,0
112.5,55,33,7,-140.824,3,-144.045,1,1,20,0,-999,-999,0
112.5,55,33,7,-140.824,1,-147.481,4,5,20,0,-999,-999,0
112.5,59,64,5,-133.161,1,-124.485,4,5,20,0,-999,-999,0
112.5,59,64,5,-133.161,2,-128.927,4,4,20,0,-999,-999,0
112.5,59,64,5,-133.161,6,-135.73,4,4,0,1,-999,-999,0
112.5,59,64,5,-133.161,3,-137.174,1,1,20,0,-999,-999,0
112.5,59,64,5,-133.161,4,-137.299,7,7,20,0,-999,-999,0
112.5,59,64,5,-133.161,7,-140.275,4,4,0,1,-999,-999,0
112.5,66,104,5,-133.149,2,-117.094,4,4,20,0,-999,-999,0
112.5,66,104,5,-133.149,1,-118.855,4,5,20,0,-999,-999,0
112.5,66,104,5,-133.149,6,-132.798,4,4,0,1,-999,-999,0
112.5,66,104,5,-133.149,3,-142.418,1,1,20,0,-999,-999,0
112.5,66,104,5,-133.149,4,-147.603,7,7,20,0,-999,-999,0
112.5,66,104,5,-133.149,7,-151.449,4,4,0,1,-999,-999,0
112.5,68,88,5,-121.087,3,-120.89,1,1,20,0,-999,-999,0
112.5,68,88,5,-121.087,6,-145.529,4,4,0,1,-999,-999,0
112.5,68,88,5,-121.087,2,-146.386,4,4,20,0,-999,-999,0
112.5,68,88,5,-121.087,1,-147.213,4,5,20,0,-999,-999,0
112.5,68,88,5,-121.087,7,-156.114,4,4,0,1,-999,-999,0
112.5,68,88,5,-121.087,4,-161.103,7,7,20,0,-999,-999,0
112.5,69,57,7,-143.225,4,-134.75,7,7,20,0,-999,-999,0
112.5,69,57,7,-143.225,5,-139.893,10,10,0,1,-999,-999,0
112.5,69,57,7,-143.225,6,-144.775,4,4,0,1,-999,-999,0
112.5,69,57,7,-143.225,3,-146.847,1,1,20,0,-999,-999,0
112.5,69,57,7,-143.225,2,-148.214,4,4,20,0,-999,-999,0
112.5,69,57,7,-143.225,1,-150.971,4,5,20,0,-999,-999,0
112.5,70,32,6,-107.68,7,-114.069,4,4,0,1,-999,-999,0
112.5,70,32,6,-107.68,5,-133.779,10,10,0,1,-999,-999,0
112.5,70,32,6,-107.68,1,-138.645,4,5,20,0,-999,-999,0
112.5,70,32,6,-107.68,2,-139.921,4,4,20,0,-999,-999,0
112.5,70,32,6,-107.68,4,-143.455,7,7,20,0,-999,-999,0
112.5,70,32,6,-107.68,3,-153.203,1,1,20,0,-999,-999,0
112.5,73,41,7,-129.877,4,-111.403,7,7,20,0,-999,-999,0
112.5,73,41,7,-129.877,2,-119.705,4,4,20,0,-999,-999,0
112.5,73,41,7,-129.877,5,-121.654,10,10,0,1,-999,-999,0
112.5,73,41,7,-129.877,1,-140.83,4,5,20,0,-999,-999,0
112.5,73,41,7,-129.877,6,-141.682,4,4,0,1,-999,-999,0
112.5,73,41,7,-129.877,3,-144.782,1,1,20,0,-999,-999,0
112.5,78,19,1,-95.7083,3,-84.9337,1,1,20,0,-999,-999,0
112.5,78,19,1,-95.7083,4,-103.581,7,7,20,0,-999,-999,0
112.5,78,19,1,-95.7083,2,-109.351,4,4,20,0,-999,-999,0
112.5,78,19,1,-95.7083,5,-129.608,10,10,0,1,-999,-999,0
112.5,78,19,1,-95.7083,7,-130.18,4,4,0,1,-999,-999,0
112.5,78,19,1,-95.7083,6,-135.509,4,4,0,1,-999,-999,0
112.5,84,56,5,-130.531,2,-124.878,4,4,20,0,-999,-999,0
112.5,84,56,5,-130.531,3,-126.582,1,1,20,0,-999,-999,0
112.5,84,56,5,-130.531,1,-140.117,4,5,20,0,-999,-999,0
112.5,84,56,5,-130.531,6,-140.7,4,4,0,1,-999,-999,0
112.5,84,56,5,-130.531,4,-146.22,7,7,20,0,-999,-999,0
112.5,84,56,5,-130.531,7,-158.855,4,4,0,1,-999,-999,0
112.5,90,22,4,-112.271,2,-97.1339,4,4,20,0,-999,-999,0
112.5,90,22,4,-112.271,1,-110.243,4,5,20,0,-999,-999,0
112.5,90,22,4,-112.271,6,-130.791,4,4,0,1,-999,-999,0
112.5,90,22,4,-112.271,3,-134.392,1,1,20,0,-999,-999,0
112.5,90,22,4,-112.271,7,-135.132,4,4,0,1,-999,-999,0
112.5,90,22,4,-112.271,5,-135.322,10,10,0,1,-999,-999,0
112.5,91,56,6,-115.268,1,-127.088,4,5,20,0,-999,-999,0
112.5,91,56,6,-115.268,4,-132.269,7,7,20,0,-999,-999,0
112.5,91,56,6,-115.268,2,-133.775,4,4,20,0,-999,-999,0
112.5,91,56,6,-115.268,7,-142.187,4,4,0,1,-999,-999,0
112.5,91,56,6,-115.268,3,-142.422,1,1,20,0,-999,-999,0
112.5,91,56,6,-115.268,5,-177.734,10,10,0,1,-999,-999,0
112.5,92,17,1,-89.0119,3,-81.1979,1,1,20,0,-999,-999,0
112.5,92,17,1,-89.0119,2,-115.96,4,4,20,0,-999,-999,0
112.5,92,17,1,-89.0119,4,-116.095,7,7,20,0,-999,-999,0
112.5,92,17,1,-89.0119,7,-136.304,4,4,0,1,-999,-999,0
112.5,92,17,1,-89.0119,5,-143.594,10,10,0,1,-999,-999,0
112.5,92,17,1,-89.0119,6,-147.898,4,4,0,1,-999,-999,0
112.5,96,33,4,-71.7692,7,-96.8707,4,4,0,1,-999,-999,0
112.5,96,33,4,-71.7692,5,-127.499,10,10,0,1,-999,-999,0
112.5,96,33,4,-71.7692,1,-129.264,4,5,20,0,-999,-999,0
112.5,96,33,4,-71.7692,6,-129.809,4,4,0,1,-999,-999,0
112.5,96,33,4,-71.7692,3,-136.464,1,1,20,0,-999,-999,0
112.5,96,33,4,-71.7692,2,-139.818,4,4,20,0,-999,-999,0
112.5,97,17,2,-110.822,1,-119.897,4,5,20,0,-999,-999,0
112.5,97,17,2,-110.822,3,-125.669,1,1,20,0,-999,-999,0
112.5,97,17,2,-110.822,4,-127.904,7,7,20,0,-999,-999,0
112.5,97,17,2,-110.822,7,-135.515,4,4,0,1,-999,-999,0
112.5,97,17,2,-110.822,5,-137.554,10,10,0,1,-999,-999,0
112.5,97,17,2,-110.822,6,-145.392,4,4,0,1,-999,-999,0
112.5,100,16,4,-92.2303,3,-110.202,1,1,20,0,-999,-999,0
112.5,100,16,4,-92.2303,2,-116.675,4,4,20,0,-999,-999,0
112.5,100,16,4,-92.2303,6,-121.42,4,4,0,1,-999,-999,0
112.5,100,16,4,-92.2303,1,-121.693,4,5,20,0,-999,-999,0
112.5,100,16,4,-92.2303,7,-121.728,4,4,0,1,-999,-999,0
112.5,100,16,4,-92.2303,5,-151.181,10,10,0,1,-999,-999,0
112.5,102,80,5,-121.243,2,-112.078,4,4,20,0,-999,-999,0
112.5,102,80,5,-121.243,4,-119.85,7,7,20,0,-999,-999,0
112.5,102,80,5,-121.243,7,-129.14,4,4,0,1,-999,-999,0
112.5,102,80,5,-121.243,1,-130.211,4,5,20,0,-999,-999,0
112.5,102,80,5,-121.243,3,-152.08,1,1,20,0,-999,-999,0
112.5,102,80,5,-121.243,6,-155.08,4,4,0,1,-999,-999,0
112.5,103,96,5,-130.6,1,-132.328,4,5,20,0,-999,-999,0
112.5,103,96,5,-130.6,3,-140.119,1,1,20,0,-999,-999,0
112.5,103,96,5,-130.6,7,-149.461,4,4,0,1,-999,-999,0
112.5,103,96,5,-130.6,2,-155.751,4,4,20,0,-999,-999,0
112.5,103,96,5,-130.6,6,-156.386,4,4,0,1,-999,-999,0
112.5,103,96,5,-130.6,4,-158.223,7,7,20,0,-999,-999,0
114.5,9,34,4,-122.97,7,-103.656,4,4,0,1,-999,-999,1
114.5,9,34,4,-122.97,1,-105.541,5,5,20,0,-999,-999,1
114.5,9,34,4,-122.97,2,-131.374,4,4,20,0,-999,-999,1
114.5,9,34,4,-122.97,3,-136.735,1,1,20,0,-999,-999,1
114.5,9,34,4,-122.97,6,-138.771,4,4,0,1,-999,-999,1
114.5,9,34,4,-122.97,5,-139.341,10,10,0,1,-999,-999,1
114.5,11,24,4,-117.513,6,-115.136,4,4,0,1,-999,-999,0
114.5,11,24,4,-117.513,7,-128.443,4,4,0,1,-999,-999,0
114.5,11,24,4,-117.513,3,-135.052,1,1,20,0,-999,-999,0
114.5,11,24,4,-117.513,5,-135.587,10,10,0,1,-999,-999,0
114.5,11,24,4,-117.513,2,-146.096,4,4,20,0,-999,-999,0
114.5,11,24,4,-117.513,1,-147.003,5,6,20,0,-999,-999,0
114.5,12,20,1,-142.929,2,-115.644,4,4,20,0,-999,-999,0
114.5,12,20,1,-142.929,5,-120.372,10,10,0,1,-999,-999,0
114.5,12,20,1,-142.929,4,-142.371,7,7,20,0,-999,-999,0
114.5,12,20,1,-142.929,3,-143.271,1,1,20,0,-999,-999,0
114.5,12,20,1,-142.929,6,-148.549,4,4,0,1,-999,-999,0
114.5,12,20,1,-142.929,7,-151.5,4,4,0,1,-999,-999,0
114.5,17,18,2,-149.812,4,-117.433,7,7,20,0,-999,-999,0
114.5,17,18,2,-149.812,7,-117.491,4,4,0,1,-999,-999,0
114.5,17,18,2,-149.812,6,-131.757,4,4,0,1,-999,-999,0
114.5,17,18,2,-149.812,1,-138.043,5,6,20,0,-999,-999,0
114.5,17,18,2,-149.812,3,-143.925,1,1,20,0,-999,-999,0
114.5,17,18,2,-149.812,5,-171.957,10,10,0,1,-999,-999,0
114.5,19,111,5,-112.837,1,-116.027,5,6,20,0,-999,-999,0
114.5,19,111,5,-112.837,4,-116.924,7,7,20,0,-999,-999,0
114.5,19,111,5,-112.837,3,-144.194,1,1,20,0,-999,-999,0
114.5,19,111,5,-112.837,7,-153.218,4,4,0,1,-999,-999,0
114.5,19,111,5,-112.837,2,-154.09,4,4,20,0,-999,-999,0
114.5,19,111,5,-112.837,6,-162.521,4,4,0,1,-999,-999,0
114.5,20,72,5,-119.989,1,-126.34,5,6,20,0,-999,-999,0
114.5,20,72,5,-119.989,3,-135.222,1,1,20,0,-999,-999,0
114.5,20,72,5,-119.989,2,-137.599,4,4,20,0,-999,-999,0
114.5,20,72,5,-119.989,6,-140.071,4,4,0,1,-999,-999,0
114.5,20,72,5,-119.989,4,-150.123,7,7,20,0,-999,-999,0
114.5,20,72,5,-119.989,7,-151.21,4,4,0,1,-999,-999,0
114.5,21,49,7,-145.685,1,-125.711,5,6,20,0,-999,-999,0
114.5,21,49,7,-145.685,6,-137.309,4,4,0,1,-999,-999,0
114.5,21,49,7,-145.685,5,-137.507,10,10,0,1,-999,-999,0
114.5,21,49,7,-145.685,4,-147.101,7,7,20,0,-999,-999,0
114.5,21,49,7,-145.685,2,-154.25,4,4,20,0,-999,-999,0
114.5,21,49,7,-145.685,3,-161.107,1,1,20,0,-999,-999,0
114.5,23,16,2,-121.139,6,-114.975,4,4,0,1,-999,-999,0
114.5,23,16,2,-121.139,3,-116.68,1,1,20,0,-999,-999,0
114.5,23,16,2,-121.139,5,-119.905,10,10,0,1,-999,-999,0
114.5,23,16,2,-121.139,4,-120.456,7,7,20,0,-999,-999,0
114.5,23,16,2,-121.139,1,-124.05,5,6,20,0,-999,-999,0
114.5,23,16,2,-121.139,7,-144.595,4,4,0,1,-999,-999,0
114.5,24,6,3,-118.23,5,-127.023,10,10,0,1,-999,-999,0
114.5,24,6,3,-118.23,2,-128.205,4,4,20,0,-999,-999,0
114.5,24,6,3,-118.23,1,-128.558,5,6,20,0,-999,-999,0
114.5,24,6,3,-118.23,6,-142.795,4,4,0,1,-999,-999,0
114.5,24,6,3,-118.23,7,-144.106,4,4,0,1,-999,-999,0
114.5,24,6,3,-118.23,4,-153.375,7,7,20,0,-999,-999,0
114.5,30,18,1,-132.756,6,-114.824,4,4,0,1,-999,-999,0
114.5,30,18,1,-132.756,3,-125.288,1,1,20,0,-999,-999,0
114.5,30,18,1,-132.756,5,-128.918,10,10,0,1,-999,-999,0
114.5,30,18,1,-132.756,2,-129.013,4,4,20,0,-999,-999,0
114.5,30,18,1,-132.756,4,-135.14,7,7,20,0,-999,-999,0
114.5,30,18,1,-132.756,7,-140.86,4,4,0,1,-999,-999,0
114.5,35,48,5,-123.393,4,-114.098,7,7,20,0,-999,-999,0
114.5,35,48,5,-123.393,1,-123.76,5,6,20,0,-999,-999,0
114.5,35,48,5,-123.393,3,-128.731,1,1,20,0,-999,-999,0
114.5,35,48,5,-123.393,2,-129.188,4,4,20,0,-999,-999,0
114.5,35,48,5,-123.393,7,-131.364,4,4,0,1,-999,-999,0
114.5,35,48,5,-123.393,6,-142.2,4,4,0,1,-999,-999,0
114.5,37,24,6,-131.761,4,-109.679,7,7,20,0,-999,-999,4
114.5,37,24,6,-131.761,7,-122.071,4,4,0,1,-999,-999,4
114.5,37,24,6,-131.761,2,-126.172,4,4,20,0,-999,-999,4
114.5,37,24,6,-131.761,1,-128.102,5,6,20,0,-999,-999,4
114.5,37,24,6,-131.761,5,-135.77,10,10,0,1,-999,-999,4
114.5,37,24,6,-131.761,3,-149.736,1,1,20,0,-999,-999,4
114.5,39,14,2,-132.32,5,-108.965,10,10,0,1,-999,-999,0
114.5,39,14,2,-132.32,4,-110.306,7,8,20,0,-999,-999,0
114.5,39,14,2,-132.32,7,-121.495,4,4,0,1,-999,-999,0
114.5,39,14,2,-132.32,3,-134.64,1,1,20,0,-999,-999,0
114.5,39,14,2,-132.32,1,-136.413,5,6,20,0,-999,-999,0
114.5,39,14,2,-132.32,6,-150.871,4,4,0,1,-999,-999,0
114.5,46,20,4,-132.016,6,-107.045,4,4,0,1,-999,-999,0
114.5,46,20,4,-132.016,2,-114.787,4,4,20,0,-999,-999,0
114.5,46,20,4,-132.016,7,-121.924,4,4,0,1,-999,-999,0
114.5,46,20,4,-132.016,5,-125.182,10,10,0,1,-999,-999,0
114.5,46,20,4,-132.016,1,-146.974,5,6,20,0,-999,-999,0
114.5,46,20,4,-132.016,3,-155.732,1,1,20,0,-999,-999,0
114.5,47,16,1,-103.172,2,-90.0694,4,4,20,0,-999,-999,0
114.5,47,16,1,-103.172,5,-116.117,10,10,0,1,-999,-999,0
114.5,47,16,1,-103.172,3,-116.848,1,1,20,0,-999,-999,0
114.5,47,16,1,-103.172,7,-132.299,4,4,0,1,-999,-999,0
114.5,47,16,1,-103.172,4,-137.87,7,8,20,0,-999,-999,0
114.5,47,16,1,-103.172,6,-145.747,4,4,0,1,-999,-999,0
114.5,48,40,6,-87.723,3,-130.47,1,1,20,0,-999,-999,0
114.5,48,40,6,-87.723,2,-136.484,4,4,20,0,-999,-999,0
114.5,48,40,6,-87.723,4,-138.589,7,8,20,0,-999,-999,0
114.5,48,40,6,-87.723,1,-142.875,5,6,20,0,-999,-999,0
114.5,48,40,6,-87.723,7,-143.137,4,4,0,1,-999,-999,0
114.5,48,40,6,-87.723,5,-147.539,10,10,0,1,-999,-999,0
114.5,54,25,4,-128.849,2,-106.631,4,4,20,0,-999,-999,0
114.5,54,25,4,-128.849,7,-131.178,4,4,0,1,-999,-999,0
114.5,54,25,4,-128.849,6,-135.287,4,4,0,1,-999,-999,0
114.5,54,25,4,-128.849,1,-136.384,5,6,20,0,-999,-999,0
114.5,54,25,4,-128.849,3,-140.282,1,1,20,0,-999,-999,0
114.5,54,25,4,-128.849,5,-144.97,10,10,0,1,-999,-999,0
114.5,55,33,7,-102.993,2,-114.89,4,4,20,0,-999,-999,0
114.5,55,33,7,-102.993,4,-131.24,7,8,20,0,-999,-999,0
114.5,55,33,7,-102.993,3,-141.393,1,1,20,0,-999,-999,0
114.5,55,33,7,-102.993,6,-143.269,4,4,0,1,-999,-999,0
114.5,55,33,7,-102.993,1,-143.354,5,6,20,0,-999,-999,0
114.5,55,33,7,-102.993,5,-154.245,10,10,0,1,-999,-999,0
114.5,59,64,5,-137.345,1,-111.982,5,6,20,0,-999,-999,0
114.5,59,64,5,-137.345,4,-133.782,7,8,20,0,-999,-999,0
114.5,59,64,5,-137.345,7,-140.328,4,4,0,1,-999,-999,0
114.5,59,64,5,-137.345,3,-140.956,1,1,20,0,-999,-999,0
114.5,59,64,5,-137.345,2,-152.578,4,4,20,0,-999,-999,0
114.5,59,64,5,-137.345,6,-166.024,4,4,0,1,-999,-999,0
114.5,66,104,5,-106.457,1,-110.111,5,6,20,0,-999,-999,0
114.5,66,104,5,-106.457,7,-125.48,4,4,0,1,-999,-999,0
114.5,66,104,5,-106.457,6,-130.073,4,4,0,1,-999,-999,0
114.5,66,104,5,-106.457,3,-133.27,1,1,20,0,-999,-999,0
114.5,66,104,5,-106.457,2,-143.171,4,4,20,0,-999,-999,0
114.5,66,104,5,-106.457,4,-147.705,7,8,20,0,-999,-999,0
114.5,68,88,5,-96.8409,2,-128.783,4,4,20,0,-999,-999,0
114.5,68,88,5,-96.8409,3,-133.86,1,1,20,0,-999,-999,0
114.5,68,88,5,-96.8409,4,-138.915,7,8,20,0,-999,-999,0
114.5,68,88,5,-96.8409,1,-143.435,5,6,20,0,-999,-999,0
114.5,68,88,5,-96.8409,6,-148.856,4,4,0,1,-999,-999,0
114.5,68,88,5,-96.8409,7,-176.347,4,4,0,1,-999,-999,0
114.5,69,57,7,-143.995,4,-117.798,7,8,20,0,-999,-999,0
114.5,69,57,7,-143.995,2,-139.788,4,4,20,0,-999,-999,0
114.5,69,57,7,-143.995,3,-149.022,1,1,20,0,-999,-999,0
114.5,69,57,7,-143.995,6,-149.749,4,4,0,1,-999,-999,0
114.5,69,57,7,-143.995,1,-149.892,5,6,20,0,-999,-999,0
114.5,69,57,7,-143.995,5,-154.945,10,10,0,1,-999,-999,0
114.5,70,32,6,-100.835,7,-129.974,4,4,0,1,-999,-999,0
114.5,70,32,6,-100.835,3,-132.613,1,1,20,0,-999,-999,0
114.5,70,32,6,-100.835,5,-137.514,10,10,0,1,-999,-999,0
114.5,70,32,6,-100.835,4,-140.07,7,8,20,0,-999,-999,0
114.5,70,32,6,-100.835,2,-140.716,4,4,20,0,-999,-999,0
114.5,70,32,6,-100.835,1,-152.343,5,6,20,0,-999,-999,0
114.5,73,41,7,-143.428,6,-111.877,4,4,0,1,-999,-999,0
114.5,73,41,7,-143.428,1,-115.674,5,6,20,0,-999,-999,0
114.5,73,41,7,-143.428,3,-121.41,1,1,20,0,-999,-999,0
114.5,73,41,7,-143.428,2,-129.906,4,4,20,0,-999,-999,0
114.5,73,41,7,-143.428,4,-137.426,7,8,20,0,-999,-999,0
114.5,73,41,7,-143.428,5,-144.063,10,10,0,1,-999,-999,0
114.5,78,19,1,-87.3532,2,-90.3525,4,4,20,0,-999,-999,0
114.5,78,19,1,-87.3532,3,-109.577,1,1,20,0,-999,-999,0
114.5,78,19,1,-87.3532,5,-133.038,10,10,0,1,-999,-999,0
114.5,78,19,1,-87.3532,6,-138.03,4,4,0,1,-999,-999,0
114.5,78,19,1,-87.3532,4,-138.331,7,8,20,0,-999,-999,0
114.5,78,19,1,-87.3532,7,-164.387,4,4,0,1,-999,-999,0
114.5,84,56,5,-134.459,6,-106.122,4,4,0,1,-999,-999,0
114.5,84,56,5,-134.459,3,-113.973,1,1,20,0,-999,-999,0
114.5,84,56,5,-134.459,4,-123.687,7,8,20,0,-999,-999,0
114.5,84,56,5,-134.459,2,-124.046,4,4,20,0,-999,-999,0
114.5,84,56,5,-134.459,7,-131.153,4,4,0,1,-999,-999,0
114.5,84,56,5,-134.459,1,-140.312,5,6,20,0,-999,-999,0
114.5,90,22,4,-74.7081,6,-96.5286,4,4,0,1,-999,-999,0
114.5,90,22,4,-74.7081,2,-105.043,4,4,20,0,-999,-999,0
114.5,90,22,4,-74.7081,7,-115.601,4,4,0,1,-999,-999,0
114.5,90,22,4,-74.7081,3,-117.637,1,1,20,0,-999,-999,0
114.5,90,22,4,-74.7081,1,-133.257,5,6,20,0,-999,-999,0
114.5,90,22,4,-74.7081,5,-140.118,10,10,0,1,-999,-999,0
114.5,91,56,6,-89.2739,3,-117.136,1,1,20,0,-999,-999,0
114.5,91,56,6,-89.2739,4,-118.176,7,8,20,0,-999,-999,0
114.5,91,56,6,-89.2739,7,-118.806,4,4,0,1,-999,-999,0
114.5,91,56,6,-89.2739,2,-138.457,4,4,20,0,-999,-999,0
114.5,91,56,6,-89.2739,1,-144.609,5,6,20,0,-999,-999,0
114.5,91,56,6,-89.2739,5,-172.045,10,10,0,1,-999,-999,0
114.5,92,17,1,-103.672,2,-101.332,4,4,20,0,-999,-999,0
114.5,92,17,1,-103.672,3,-116.198,1,1,20,0,-999,-999,0
114.5,92,17,1,-103.672,7,-121.044,4,4,0,1,-999,-999,0
114.5,92,17,1,-103.672,4,-121.44,7,8,20,0,-999,-999,0
114.5,92,17,1,-103.672,5,-146.064,10,10,0,1,-999,-999,0
114.5,92,17,1,-103.672,6,-147.725,4,4,0,1,-999,-999,0
114.5,96,33,4,-76.2342,6,-124.939,4,4,0,1,-999,-999,0
114.5,96,33,4,-76.2342,1,-130.775,5,6,20,0,-999,-999,0
114.5,96,33,4,-76.2342,7,-131.707,4,4,0,1,-999,-999,0
114.5,96,33,4,-76.2342,5,-132.822,10,10,0,1,-999,-999,0
114.5,96,33,4,-76.2342,2,-133.441,4,4,20,0,-999,-999,0
114.5,96,33,4,-76.2342,3,-143.681,1,1,20,0,-999,-999,0
114.5,97,17,2,-69.9098,4,-95.2943,7,8,20,0,-999,-999,0
114.5,97,17,2,-69.9098,3,-112.585,1,1,20,0,-999,-999,0
114.5,97,17,2,-69.9098,6,-114.729,4,4,0,1,-999,-999,0
114.5,97,17,2,-69.9098,1,-116.478,5,6,20,0,-999,-999,0
114.5,97,17,2,-69.9098,7,-127.628,4,4,0,1,-999,-999,0
114.5,97,17,2,-69.9098,5,-129.779,10,10,0,1,-999,-999,0
114.5,100,16,4,-99.8118,7,-109.707,4,4,0,1,-999,-999,0
114.5,100,16,4,-99.8118,6,-129.349,4,4,0,1,-999,-999,0
114.5,100,16,4,-99.8118,3,-131.935,1,1,20,0,-999,-999,0
114.5,100,16,4,-99.8118,2,-135.621,4,4,20,0,-999,-999,0
114.5,100,16,4,-99.8118,1,-138.126,5,6,20,0,-999,-999,0
114.5,100,16,4,-99.8118,5,-147.194,10,10,0,1,-999,-999,0
114.5,101,120,5,-129.532,3,-99.289,1,1,20,0,-999,-999,0
114.5,101,120,5,-129.532,1,-130.64,5,6,20,0,-999,-999,0
114.5,101,120,5,-129.532,7,-134.818,4,4,0,1,-999,-999,0
114.5,101,120,5,-129.532,4,-143.071,7,8,20,0,-999,-999,0
114.5,101,120,5,-129.532,2,-148.861,4,4,20,0,-999,-999,0
114.5,101,120,5,-129.532,6,-163.507,4,4,0,1,-999,-999,0
114.5,102,80,5,-95.1619,6,-112.085,4,4,0,1,-999,-999,0
114.5,102,80,5,-95.1619,3,-132.584,1,1,20,0,-999,-999,0
114.5,102,80,5,-95.1619,2,-140.567,4,4,20,0,-999,-999,0
114.5,102,80,5,-95.1619,1,-145.571,5,6,20,0,-999,-999,0
114.5,102,80,5,-95.1619,4,-152.958,7,8,20,0,-999,-999,0
114.5,102,80,5,-95.1619,7,-165.534,4,4,0,1,-999,-999,0
114.5,103,96,5,-135.894,7,-133.214,4,4,0,1,-999,-999,0
114.5,103,96,5,-135.894,4,-143.88,7,8,20,0,-999,-999,0
114.5,103,96,5,-135.894,3,-146.009,1,1,20,0,-999,-999,0
114.5,103,96,5,-135.894,1,-149.36,5,6,20,0,-999,-999,0
114.5,103,96,5,-135.894,2,-150.212,4,4,20,0,-999,-999,0
114.5,103,96,5,-135.894,6,-155.195,4,4,0,1,-999,-999,0
116.5,9,21,1,-110.524,6,-98.4776,3,3,0,1,-999,-999,0
116.5,9,21,1,-110.524,7,-115.552,4,4,0,1,-999,-999,0
116.5,9,21,1,-110.524,3,-118.585,1,1,20,0,-999,-999,0
116.5,9,21,1,-110.524,4,-122.797,7,7,20,0,-999,-999,0
116.5,9,21,1,-110.524,2,-133.621,4,4,20,0,-999,-999,0
116.5,9,21,1,-110.524,5,-145.669,10,10,0,1,-999,-999,0
116.5,11,24,4,-129.543,7,-97.8418,4,4,0,1,-999,-999,0
116.5,11,24,4,-129.543,6,-119.385,3,3,0,1,-999,-999,0
116.5,11,24,4,-129.543,1,-148.859,6,6,20,0,-999,-999,0
116.5,11,24,4,-129.543,2,-149.138,4,4,20,0,-999,-999,0
116.5,11,24,4,-129.543,3,-149.469,1,1,20,0,-999,-999,0
116.5,11,24,4,-129.543,5,-152.268,10,10,0,1,-999,-999,0
116.5,12,20,1,-150.223,4,-121.171,7,7,20,0,-999,-999,0
116.5,12,20,1,-150.223,3,-124.862,1,1,20,0,-999,-999,0
116.5,12,20,1,-150.223,5,-131.324,10,10,0,1,-999,-999,0
116.5,12,20,1,-150.223,7,-140.619,4,4,0,1,-999,-999,0
116.5,12,20,1,-150.223,2,-142.036,4,4,20,0,-999,-999,0
116.5,12,20,1,-150.223,6,-172.742,3,3,0,1,-999,-999,0
116.5,17,18,2,-146.709,4,-131.863,7,7,20,0,-999,-999,0
116.5,17,18,2,-146.709,6,-132.195,3,3,0,1,-999,-999,0
116.5,17,18,2,-146.709,7,-135.394,4,4,0,1,-999,-999,0
116.5,17,18,2,-146.709,1,-144.835,6,6,20,0,-999,-999,0
116.5,17,18,2,-146.709,3,-150.526,1,1,20,0,-999,-999,0
116.5,17,18,2,-146.709,5,-173.677,10,10,0,1,-999,-999,0
116.5,19,111,5,-138.212,3,-118.374,1,1,20,0,-999,-999,0
116.5,19,111,5,-138.212,4,-119.239,7,7,20,0,-999,-999,0
116.5,19,111,5,-138.212,6,-132.314,3,3,0,1,-999,-999,0
116.5,19,111,5,-138.212,7,-140.804,4,4,0,1,-999,-999,0
116.5,19,111,5,-138.212,2,-144.531,4,4,20,0,-999,-999,0
116.5,19,111,5,-138.212,1,-145.243,6,6,20,0,-999,-999,0
116.5,20,72,5,-82.089,7,-121.699,4,4,0,1,-999,-999,0
116.5,20,72,5,-82.089,1,-125.708,6,6,20,0,-999,-999,0
116.5,20,72,5,-82.089,3,-135.054,1,1,20,0,-999,-999,0
116.5,20,72,5,-82.089,2,-139.704,4,4,20,0,-999,-999,0
116.5,20,72,5,-82.089,6,-141.485,3,3,0,1,-999,-999,0
116.5,20,72,5,-82.089,4,-148.976,7,7,20,0,-999,-999,0
116.5,21,49,7,-107.835,6,-108.873,3,3,0,1,-999,-999,0
116.5,21,49,7,-107.835,2,-117.273,4,4,20,0,-999,-999,0
116.5,21,49,7,-107.835,4,-144.21,7,7,20,0,-999,-999,0
116.5,21,49,7,-107.835,3,-151.724,1,1,20,0,-999,-999,0
116.5,21,49,7,-107.835,1,-152.405,6,6,20,0,-999,-999,0
116.5,21,49,7,-107.835,5,-152.579,10,10,0,1,-999,-999,0
116.5,23,16,2,-119.643,4,-113.183,7,7,20,0,-999,-999,0
116.5,23,16,2,-119.643,3,-113.252,1,1,20,0,-999,-999,0
116.5,23,16,2,-119.643,1,-121.893,6,6,20,0,-999,-999,0
116.5,23,16,2,-119.643,5,-145.007,10,10,0,1,-999,-999,0
116.5,23,16,2,-119.643,7,-150.862,4,4,0,1,-999,-999,0
116.5,23,16,2,-119.643,6,-159.488,3,3,0,1,-999,-999,0
116.5,24,6,3,-132.172,6,-100.949,3,3,0,1,-999,-999,0
116.5,24,6,3,-132.172,5,-127.805,10,10,0,1,-999,-999,0
116.5,24,6,3,-132.172,1,-129.248,6,6,20,0,-999,-999,0
116.5,24,6,3,-132.172,2,-129.926,4,4,20,0,-999,-999,0
116.5,24,6,3,-132.172,7,-142.673,4,4,0,1,-999,-999,0
116.5,24,6,3,-132.172,4,-146.338,7,7,20,0,-999,-999,0
116.5,30,18,1,-131.84,4,-98.616,7,7,20,0,-999,-999,0
116.5,30,18,1,-131.84,6,-110.924,3,3,0,1,-999,-999,0
116.5,30,18,1,-131.84,3,-126.809,1,1,20,0,-999,-999,0
116.5,30,18,1,-131.84,2,-130.15,4,4,20,0,-999,-999,0
116.5,30,18,1,-131.84,5,-131.185,10,10,0,1,-999,-999,0
116.5,30,18,1,-131.84,7,-141.292,4,4,0,1,-999,-999,0
116.5,35,48,5,-129.576,2,-94.073,4,4,20,0,-999,-999,0
116.5,35,48,5,-129.576,4,-100.639,7,7,20,0,-999,-999,0
116.5,35,48,5,-129.576,3,-127.608,1,1,20,0,-999,-999,0
116.5,35,48,5,-129.576,1,-128.267,6,6,20,0,-999,-999,0
116.5,35,48,5,-129.576,7,-139.176,4,4,0,1,-999,-999,0
116.5,35,48,5,-129.576,6,-155.997,3,3,0,1,-999,-999,0
116.5,37,35,4,-129.786,5,-124.131,10,10,0,1,-999,-999,0
116.5,37,35,4,-129.786,3,-126.722,1,1,20,0,-999,-999,0
116.5,37,35,4,-129.786,6,-133.296,3,3,0,1,-999,-999,0
116.5,37,35,4,-129.786,7,-141.864,4,4,0,1,-999,-999,0
116.5,37,35,4,-129.786,1,-147.577,6,6,20,0,-999,-999,0
116.5,37,35,4,-129.786,2,-150.319,4,4,20,0,-999,-999,0
116.5,39,14,2,-96.5772,5,-95.591,10,10,0,1,-999,-999,0
116.5,39,14,2,-96.5772,4,-98.6824,7,7,20,0,-999,-999,0
116.5,39,14,2,-96.5772,7,-130.819,4,4,0,1,-999,-999,0
116.5,39,14,2,-96.5772,1,-131.425,6,6,20,0,-999,-999,0
116.5,39,14,2,-96.5772,3,-135.198,1,1,20,0,-999,-999,0
116.5,39,14,2,-96.5772,6,-144.25,3,3,0,1,-999,-999,0
116.5,46,20,4,-135.176,5,-114.177,10,10,0,1,-999,-999,0
116.5,46,20,4,-135.176,7,-118.847,4,4,0,1,-999,-999,0
116.5,46,20,4,-135.176,6,-139.323,3,3,0,1,-999,-999,0
116.5,46,20,4,-135.176,2,-145.918,4,4,20,0,-999,-999,0
116.5,46,20,4,-135.176,3,-146.225,1,1,20,0,-999,-999,0
116.5,46,20,4,-135.176,1,-147.439,6,6,20,0,-999,-999,0
116.5,47,16,1,-111.452,3,-117.591,1,1,20,0,-999,-999,0
116.5,47,16,1,-111.452,2,-123.357,4,4,20,0,-999,-999,0
116.5,47,16,1,-111.452,6,-139.345,3,3,0,1,-999,-999,0
116.5,47,16,1,-111.452,7,-143.837,4,4,0,1,-999,-999,0
116.5,47,16,1,-111.452,4,-144.355,7,7,20,0,-999,-999,0
116.5,47,16,1,-111.452,5,-146.79,10,10,0,1,-999,-999,0
116.5,48,40,6,-93.9588,1,-130.719,6,6,20,0,-999,-999,0
116.5,48,40,6,-93.9588,3,-138.58,1,1,20,0,-999,-999,0
116.5,48,40,6,-93.9588,7,-145.6,4,4,0,1,-999,-999,0
116.5,48,40,6,-93.9588,5,-147.046,10,10,0,1,-999,-999,0
116.5,48,40,6,-93.9588,4,-152.424,7,7,20,0,-999,-999,0
116.5,48,40,6,-93.9588,2,-154.821,4,4,20,0,-999,-999,0
116.5,54,25,4,-126.855,1,-108.231,6,6,20,0,-999,-999,0
116.5,54,25,4,-126.855,7,-112.13,4,4,0,1,-999,-999,0
116.5,54,25,4,-126.855,3,-127.344,1,1,20,0,-999,-999,0
116.5,54,25,4,-126.855,2,-137.598,4,4,20,0,-999,-999,0
116.5,54,25,4,-126.855,6,-139.868,3,3,0,1,-999,-999,0
116.5,54,25,4,-126.855,5,-148.241,10,10,0,1,-999,-999,0
116.5,55,33,7,-126.269,5,-117.227,10,10,0,1,-999,-999,0
116.5,55,33,7,-126.269,3,-121.266,1,1,20,0,-999,-999,0
116.5,55,33,7,-126.269,4,-135.785,7,7,20,0,-999,-999,0
116.5,55,33,7,-126.269,6,-136.711,3,3,0,1,-999,-999,0
116.5,55,33,7,-126.269,1,-137.707,6,6,20,0,-999,-999,0
116.5,55,33,7,-126.269,2,-142.759,4,4,20,0,-999,-999,0
116.5,59,64,5,-98.1761,1,-105.383,6,6,20,0,-999,-999,0
116.5,59,64,5,-98.1761,2,-105.649,4,4,20,0,-999,-999,0
116.5,59,64,5,-98.1761,6,-129.673,3,3,0,1,-999,-999,0
116.5,59,64,5,-98.1761,4,-141.569,7,7,20,0,-999,-999,0
116.5,59,64,5,-98.1761,3,-142.297,1,1,20,0,-999,-999,0
116.5,59,64,5,-98.1761,7,-144.403,4,4,0,1,-999,-999,0
116.5,66,104,5,-127.725,4,-120.581,7,7,20,0,-999,-999,0
116.5,66,104,5,-127.725,3,-136.7,1,1,20,0,-999,-999,0
116.5,66,104,5,-127.725,2,-138.614,4,4,20,0,-999,-999,0
116.5,66,104,5,-127.725,1,-141.322,6,6,20,0,-999,-999,0
116.5,66,104,5,-127.725,7,-152.278,4,4,0,1,-999,-999,0
116.5,66,104,5,-127.725,6,-160.9,3,3,0,1,-999,-999,0
116.5,68,88,5,-135.515,1,-146.807,6,6,20,0,-999,-999,0
116.5,68,88,5,-135.515,3,-148.305,1,1,20,0,-999,-999,0
116.5,68,88,5,-135.515,7,-153.721,4,4,0,1,-999,-999,0
116.5,68,88,5,-135.515,2,-154.075,4,4,20,0,-999,-999,0
116.5,68,88,5,-135.515,6,-156.496,3,3,0,1,-999,-999,0
116.5,68,88,5,-135.515,4,-156.725,7,7,20,0,-999,-999,0
116.5,69,57,7,-134.61,4,-106.046,7,7,20,0,-999,-999,0
116.5,69,57,7,-134.61,2,-108.261,4,4,20,0,-999,-999,0
116.5,69,57,7,-134.61,3,-123.465,1,1,20,0,-999,-999,0
116.5,69,57,7,-134.61,1,-137.489,6,6,20,0,-999,-999,0
116.5,69,57,7,-134.61,6,-143.271,3,3,0,1,-999,-999,0
116.5,69,57,7,-134.61,5,-149.903,10,10,0,1,-999,-999,0
116.5,70,32,6,-137.231,4,-143.514,7,7,20,0,-999,-999,0
116.5,70,32,6,-137.231,1,-143.786,6,6,20,0,-999,-999,0
116.5,70,32,6,-137.231,7,-145.442,4,4,0,1,-999,-999,0
116.5,70,32,6,-137.231,2,-146.908,4,4,20,0,-999,-999,0
116.5,70,32,6,-137.231,5,-151.066,10,10,0,1,-999,-999,0
116.5,70,32,6,-137.231,3,-158.342,1,1,20,0,-999,-999,0
116.5,73,41,7,-141.579,6,-106.487,3,3,0,1,-999,-999,0
116.5,73,41,7,-141.579,3,-130.434,1,1,20,0,-999,-999,0
116.5,73,41,7,-141.579,1,-134.294,6,6,20,0,-999,-999,0
116.5,73,41,7,-141.579,4,-135.646,7,7,20,0,-999,-999,0
116.5,73,41,7,-141.579,2,-140.873,4,4,20,0,-999,-999,0
116.5,73,41,7,-141.579,5,-143.811,10,10,0,1,-999,-999,0
116.5,78,19,1,-116.854,5,-93.2587,10,10,0,1,-999,-999,0
116.5,78,19,1,-116.854,6,-104.256,3,3,0,1,-999,-999,0
116.5,78,19,1,-116.854,3,-111.552,1,1,20,0,-999,-999,0
116.5,78,19,1,-116.854,2,-124.454,4,4,20,0,-999,-999,0
116.5,78,19,1,-116.854,4,-134.556,7,7,20,0,-999,-999,0
116.5,78,19,1,-116.854,7,-155.261,4,4,0,1,-999,-999,0
116.5,84,56,5,-127.688,7,-114.034,4,4,0,1,-999,-999,0
116.5,84,56,5,-127.688,3,-126.563,1,1,20,0,-999,-999,0
116.5,84,56,5,-127.688,1,-140.167,6,6,20,0,-999,-999,0
116.5,84,56,5,-127.688,4,-142.557,7,7,20,0,-999,-999,0
116.5,84,56,5,-127.688,2,-142.706,4,4,20,0,-999,-999,0
116.5,84,56,5,-127.688,6,-146.766,3,3,0,1,-999,-999,0
116.5,90,22,4,-110.293,2,-96.0303,4,4,20,0,-999,-999,0
116.5,90,22,4,-110.293,1,-100.602,6,6,20,0,-999,-999,0
116.5,90,22,4,-110.293,7,-102.615,4,4,0,1,-999,-999,0
116.5,90,22,4,-110.293,3,-132.728,1,1,20,0,-999,-999,0
116.5,90,22,4,-110.293,6,-135.252,3,3,0,1,-999,-999,0
116.5,90,22,4,-110.293,5,-139.139,10,10,0,1,-999,-999,0
116.5,91,56,6,-123.917,4,-131.029,7,7,20,0,-999,-999,0
116.5,91,56,6,-123.917,2,-135.654,4,4,20,0,-999,-999,0
116.5,91,56,6,-123.917,7,-139.546,4,4,0,1,-999,-999,0
116.5,91,56,6,-123.917,3,-140.462,1,1,20,0,-999,-999,0
116.5,91,56,6,-123.917,1,-140.594,6,6,20,0,-999,-999,0
116.5,91,56,6,-123.917,5,-172.616,10,10,0,1,-999,-999,0
116.5,92,17,1,-101.585,3,-96.4948,1,1,20,0,-999,-999,0
116.5,92,17,1,-101.585,7,-108.88,4,4,0,1,-999,-999,0
116.5,92,17,1,-101.585,4,-110.142,7,7,20,0,-999,-999,0
116.5,92,17,1,-101.585,2,-111.917,4,4,20,0,-999,-999,0
116.5,92,17,1,-101.585,5,-141.217,10,10,0,1,-999,-999,0
116.5,92,17,1,-101.585,6,-148.484,3,3,0,1,-999,-999,0
116.5,96,33,4,-97.4031,6,-126.739,3,3,0,1,-999,-999,0
116.5,96,33,4,-97.4031,1,-132.931,6,6,20,0,-999,-999,0
116.5,96,33,4,-97.4031,2,-136.523,4,4,20,0,-999,-999,0
116.5,96,33,4,-97.4031,7,-136.765,4,4,0,1,-999,-999,0
116.5,96,33,4,-97.4031,5,-145.489,10,10,0,1,-999,-999,0
116.5,96,33,4,-97.4031,3,-147.562,1,1,20,0,-999,-999,0
116.5,97,17,2,-105.743,1,-90.3627,6,6,20,0,-999,-999,0
116.5,97,17,2,-105.743,4,-94.8976,7,7,20,0,-999,-999,0
116.5,97,17,2,-105.743,7,-97.7067,4,4,0,1,-999,-999,0
116.5,97,17,2,-105.743,3,-115.161,1,1,20,0,-999,-999,0
116.5,97,17,2,-105.743,6,-141.698,3,3,0,1,-999,-999,0
116.5,97,17,2,-105.743,5,-148.96,10,10,0,1,-999,-999,0
116.5,100,16,4,-64.8172,5,-113.524,10,10,0,1,-999,-999,0
116.5,100,16,4,-64.8172,1,-115.922,6,6,20,0,-999,-999,0
116.5,100,16,4,-64.8172,7,-122.562,4,4,0,1,-999,-999,0
116.5,100,16,4,-64.8172,6,-132.508,3,3,0,1,-999,-999,0
116.5,100,16,4,-64.8172,2,-132.747,4,4,20,0,-999,-999,0
116.5,100,16,4,-64.8172,3,-143.433,1,1,20,0,-999,-999,0
116.5,101,120,5,-130.925,1,-135.881,6,6,20,0,-999,-999,0
116.5,101,120,5,-130.925,2,-136.148,4,4,20,0,-999,-999,0
116.5,101,120,5,-130.925,3,-138.961,1,1,20,0,-999,-999,0
116.5,101,120,5,-130.925,7,-145.614,4,4,0,1,-999,-999,0
116.5,101,120,5,-130.925,4,-152.661,7,7,20,0,-999,-999,0
116.5,101,120,5,-130.925,6,-154.201,3,3,0,1,-999,-999,0
116.5,102,80,5,-137.901,2,-112.339,4,4,20,0,-999,-999,0
116.5,102,80,5,-137.901,4,-112.668,7,7,20,0,-999,-999,0
116.5,102,80,5,-137.901,7,-134.104,4,4,0,1,-999,-999,0
116.5,102,80,5,-137.901,1,-135.917,6,6,20,0,-999,-999,0
116.5,102,80,5,-137.901,6,-143.293,3,3,0,1,-999,-999,0
116.5,102,80,5,-137.901,3,-152.877,1,1,20,0,-999,-999,0
116.5,103,96,5,-129.747,3,-127.365,1,1,20,0,-999,-999,0
116.5,103,96,5,-129.747,1,-145.796,6,6,20,0,-999,-999,0
116.5,103,96,5,-129.747,2,-148.195,4,4,20,0,-999,-999,0
116.5,103,96,5,-129.747,7,-150.226,4,4,0,1,-999,-999,0
116.5,103,96,5,-129.747,6,-153.27,3,3,0,1,-999,-999,0
116.5,103,96,5,-129.747,4,-156.505,7,7,20,0,-999,-999,0
118.5,9,21,1,-120.791,4,-113.65,7,7,20,0,-999,-999,0
118.5,9,21,1,-120.791,6,-121.694,4,4,0,1,-999,-999,0
118.5,9,21,1,-120.791,7,-122.389,4,4,0,1,-999,-999,0
118.5,9,21,1,-120.791,5,-137.658,10,10,0,1,-999,-999,0
118.5,9,21,1,-120.791,3,-140.596,1,1,20,0,-999,-999,0
118.5,9,21,1,-120.791,2,-144.886,4,4,20,0,-999,-999,0
118.5,11,24,4,-130.461,6,-82.2318,4,4,0,1,-999,-999,0
118.5,11,24,4,-130.461,2,-132.465,4,4,20,0,-999,-999,0
118.5,11,24,4,-130.461,7,-135.594,4,4,0,1,-999,-999,0
118.5,11,24,4,-130.461,1,-143.291,6,6,20,0,-999,-999,0
118.5,11,24,4,-130.461,3,-147.444,1,1,20,0,-999,-999,0
118.5,11,24,4,-130.461,5,-160.174,10,10,0,1,-999,-999,0
118.5,12,20,1,-119.396,7,-109.922,4,4,0,1,-999,-999,0
118.5,12,20,1,-119.396,5,-122.275,10,10,0,1,-999,-999,0
118.5,12,20,1,-119.396,3,-140.115,1,1,20,0,-999,-999,0
118.5,12,20,1,-119.396,2,-148.992,4,4,20,0,-999,-999,0
118.5,12,20,1,-119.396,6,-149.143,4,4,0,1,-999,-999,0
118.5,12,20,1,-119.396,4,-153.715,7,7,20,0,-999,-999,0
118.5,17,18,2,-136.563,6,-105.046,4,4,0,1,-999,-999,0
118.5,17,18,2,-136.563,3,-106.006,1,1,20,0,-999,-999,0
118.5,17,18,2,-136.563,4,-127.816,7,7,20,0,-999,-999,0
118.5,17,18,2,-136.563,7,-143.58,4,4,0,1,-999,-999,0
118.5,17,18,2,-136.563,1,-148.476,6,6,20,0,-999,-999,0
118.5,17,18,2,-136.563,5,-175.966,10,10,0,1,-999,-999,0
118.5,19,111,5,-127.976,7,-111.287,4,4,0,1,-999,-999,0
118.5,19,111,5,-127.976,2,-147.8,4,4,20,0,-999,-999,0
118.5,19,111,5,-127.976,3,-147.88,1,1,20,0,-999,-999,0
118.5,19,111,5,-127.976,1,-152.124,6,6,20,0,-999,-999,0
118.5,19,111,5,-127.976,4,-152.769,7,7,20,0,-999,-999,0
118.5,19,111,5,-127.976,6,-162.897,4,4,0,1,-999,-999,0
118.5,20,72,5,-125.224,4,-115.625,7,7,20,0,-999,-999,0
118.5,20,72,5,-125.224,2,-121.697,4,4,20,0,-999,-999,0
118.5,20,72,5,-125.224,3,-135.478,1,1,20,0,-999,-999,0
118.5,20,72,5,-125.224,6,-144.011,4,4,0,1,-999,-999,0
118.5,20,72,5,-125.224,1,-151.556,6,6,20,0,-999,-999,0
118.5,20,72,5,-125.224,7,-152.147,4,4,0,1,-999,-999,0
118.5,21,49,7,-140.608,6,-125.021,4,4,0,1,-999,-999,0
118.5,21,49,7,-140.608,4,-138.81,7,7,20,0,-999,-999,0
118.5,21,49,7,-140.608,1,-148.508,6,6,20,0,-999,-999,0
118.5,21,49,7,-140.608,5,-150.098,10,10,0,1,-999,-999,0
118.5,21,49,7,-140.608,3,-150.591,1,1,20,0,-999,-999,0
118.5,21,49,7,-140.608,2,-168.053,4,4,20,0,-999,-999,0
118.5,23,16,2,-119.225,1,-96.5562,6,6,20,0,-999,-999,0
118.5,23,16,2,-119.225,5,-108.498,10,10,0,1,-999,-999,0
118.5,23,16,2,-119.225,7,-109.678,4,4,0,1,-999,-999,0
118.5,23,16,2,-119.225,3,-112.673,1,1,20,0,-999,-999,0
118.5,23,16,2,-119.225,4,-122.342,7,7,20,0,-999,-999,0
118.5,23,16,2,-119.225,6,-123.472,4,4,0,1,-999,-999,0
118.5,24,6,3,-96.9941,1,-124.179,6,6,20,0,-999,-999,0
118.5,24,6,3,-96.9941,5,-124.998,10,10,0,1,-999,-999,0
118.5,24,6,3,-96.9941,6,-126.445,4,4,0,1,-999,-999,0
118.5,24,6,3,-96.9941,2,-133.886,4,4,20,0,-999,-999,0
118.5,24,6,3,-96.9941,7,-146.096,4,4,0,1,-999,-999,0
118.5,24,6,3,-96.9941,4,-149.287,7,7,20,0,-999,-999,0
118.5,30,18,1,-109.364,7,-100.928,4,4,0,1,-999,-999,0
118.5,30,18,1,-109.364,4,-119.251,7,7,20,0,-999,-999,0
118.5,30,18,1,-109.364,2,-131.569,4,4,20,0,-999,-999,0
118.5,30,18,1,-109.364,3,-134.291,1,1,20,0,-999,-999,0
118.5,30,18,1,-109.364,5,-134.298,10,10,0,1,-999,-999,0
118.5,30,18,1,-109.364,6,-151.114,4,4,0,1,-999,-999,0
118.5,35,48,5,-127.181,1,-126.896,6,6,20,0,-999,-999,0
118.5,35,48,5,-127.181,2,-130.839,4,4,20,0,-999,-999,0
118.5,35,48,5,-127.181,4,-136.739,7,7,20,0,-999,-999,0
118.5,35,48,5,-127.181,3,-137.266,1,1,20,0,-999,-999,0
118.5,35,48,5,-127.181,6,-139.131,4,4,0,1,-999,-999,0
118.5,35,48,5,-127.181,7,-141.175,4,4,0,1,-999,-999,0
118.5,37,35,4,-119.522,5,-134.252,10,10,0,1,-999,-999,0
118.5,37,35,4,-119.522,6,-134.4,4,4,0,1,-999,-999,0
118.5,37,35,4,-119.522,7,-136.199,4,4,0,1,-999,-999,0
118.5,37,35,4,-119.522,2,-146.008,4,4,20,0,-999,-999,0
118.5,37,35,4,-119.522,3,-146.354,1,1,20,0,-999,-999,0
118.5,37,35,4,-119.522,1,-149.503,6,6,20,0,-999,-999,0
118.5,39,14,2,-141.225,3,-99.3934,1,1,20,0,-999,-999,0
118.5,39,14,2,-141.225,5,-124.444,10,10,0,1,-999,-999,0
118.5,39,14,2,-141.225,1,-129.902,6,6,20,0,-999,-999,0
118.5,39,14,2,-141.225,7,-139.329,4,4,0,1,-999,-999,0
118.5,39,14,2,-141.225,4,-141.128,7,7,20,0,-999,-999,0
118.5,39,14,2,-141.225,6,-146.818,4,4,0,1,-999,-999,0
118.5,46,20,4,-123.763,3,-106.553,1,1,20,0,-999,-999,0
118.5,46,20,4,-123.763,5,-127.822,10,10,0,1,-999,-999,0
118.5,46,20,4,-123.763,6,-132.49,4,4,0,1,-999,-999,0
118.5,46,20,4,-123.763,1,-137.08,6,6,20,0,-999,-999,0
118.5,46,20,4,-123.763,7,-144.056,4,4,0,1,-999,-999,0
118.5,46,20,4,-123.763,2,-146.914,4,4,20,0,-999,-999,0
118.5,47,16,1,-100.448,7,-105.276,4,4,0,1,-999,-999,0
118.5,47,16,1,-100.448,2,-116.271,4,4,20,0,-999,-999,0
118.5,47