UAV_AUTONOMY_XAPP Time=4.5 DeploymentMode=tn-uav UavIndex=0 UavCellId=5 BestDonorCellId=1 BestDonorDistanceM=1451.84 XhaulConnected=1 XhaulChannelVariationDb=0 RawXhaulState=HEALTHY RawXhaulStateAgeSec=0 XhaulState=HEALTHY DonorUnavailableActive=0 SatBackhaulHealthy=0 UavSwitchingXappAvailable=1 UavSwitchingXappState=STANDBY BackhaulMode=TN_DIRECT RicControlState=TN_E2 ActiveUavRic=TN_NEAR_RT_RIC NormalUeHandoverAllowed=1 UavMode=TN_CONTROLLED_COVERAGE_EXTENSION
UAV_AUTONOMY_XAPP Time=4.5 DeploymentMode=tn-uav UavIndex=1 UavCellId=6 BestDonorCellId=4 BestDonorDistanceM=629.258 XhaulConnected=1 XhaulChannelVariationDb=0 RawXhaulState=HEALTHY RawXhaulStateAgeSec=0 XhaulState=HEALTHY DonorUnavailableActive=0 SatBackhaulHealthy=0 UavSwitchingXappAvailable=1 UavSwitchingXappState=STANDBY BackhaulMode=TN_DIRECT RicControlState=TN_E2 ActiveUavRic=TN_NEAR_RT_RIC NormalUeHandoverAllowed=1 UavMode=TN_CONTROLLED_COVERAGE_EXTENSION
UAV_AUTONOMY_XAPP Time=4.5 DeploymentMode=tn-uav UavIndex=2 UavCellId=7 BestDonorCellId=2 BestDonorDistanceM=765.017 XhaulConnected=1 XhaulChannelVariationDb=0 RawXhaulState=HEALTHY RawXhaulStateAgeSec=0 XhaulState=HEALTHY DonorUnavailableActive=0 SatBackhaulHealthy=0 UavSwitchingXappAvailable=1 UavSwitchingXappState=STANDBY BackhaulMode=TN_DIRECT RicControlState=TN_E2 ActiveUavRic=TN_NEAR_RT_RIC NormalUeHandoverAllowed=1 UavMode=TN_CONTROLLED_COVERAGE_EXTENSION
Could not find NR UE cell info for E2 Node ID = 8
Could not find NR UE cell info for E2 Node ID = 9
Could not find NR UE cell info for E2 Node ID = 10
Could not find NR UE cell info for E2 Node ID = 11
Could not find NR UE cell info for E2 Node ID = 12
Could not find NR UE cell info for E2 Node ID = 13
Could not find NR UE cell info for E2 Node ID = 14
Could not find NR UE cell info for E2 Node ID = 15
Could not find NR UE cell info for E2 Node ID = 16
Could not find NR UE cell info for E2 Node ID = 17
Could not find NR UE cell info for E2 Node ID = 18
Could not find NR UE cell info for E2 Node ID = 19
Could not find NR UE cell info for E2 Node ID = 20
Could not find NR UE cell info for E2 Node ID = 21
Could not find NR UE cell info for E2 Node ID = 22
Could not find NR UE cell info for E2 Node ID = 23
Could not find NR UE cell info for E2 Node ID = 24
Could not find NR UE cell info for E2 Node ID = 25
Could not find NR UE cell info for E2 Node ID = 26
Could not find NR UE cell info for E2 Node ID = 27
Could not find NR UE cell info for E2 Node ID = 28
Could not find NR UE cell info for E2 Node ID = 29
Could not find NR UE cell info for E2 Node ID = 30
Could not find NR UE cell info for E2 Node ID = 31
Could not find NR UE cell info for E2 Node ID = 32
Could not find NR UE cell info for E2 Node ID = 33
Could not find NR UE cell info for E2 Node ID = 34
Could not find NR UE cell info for E2 Node ID = 35
Could not find NR UE cell info for E2 Node ID = 36
Could not find NR UE cell info for E2 Node ID = 37
Could not find NR UE cell info for E2 Node ID = 38
Could not find NR UE cell info for E2 Node ID = 39
Could not find NR UE cell info for E2 Node ID = 40
Could not find NR UE cell info for E2 Node ID = 41
Could not find NR UE cell info for E2 Node ID = 42
Could not find NR UE cell info for E2 Node ID = 43
Could not find NR UE cell info for E2 Node ID = 44
Could not find NR UE cell info for E2 Node ID = 45
Could not find NR UE cell info for E2 Node ID = 46
Could not find NR UE cell info for E2 Node ID = 47
Could not find NR UE cell info for E2 Node ID = 48
Could not find NR UE cell info for E2 Node ID = 49
Could not find NR UE cell info for E2 Node ID = 50
Could not find NR UE cell info for E2 Node ID = 51
Could not find NR UE cell info for E2 Node ID = 52
Could not find NR UE cell info for E2 Node ID = 53
Could not find NR UE cell info for E2 Node ID = 54
Could not find NR UE cell info for E2 Node ID = 55
Could not find NR UE cell info for E2 Node ID = 56
Could not find NR UE cell info for E2 Node ID = 57
Could not find NR gNB location for E2 Node ID = 1
Could not find NR gNB location for E2 Node ID = 2
Could not find NR gNB location for E2 Node ID = 3
Could not find NR gNB location for E2 Node ID = 4
Could not find NR gNB location for E2 Node ID = 5
Could not find NR gNB location for E2 Node ID = 6
Could not find NR gNB location for E2 Node ID = 7
---- LOAD at t=4.5 ----
UAV_AUTONOMY_XAPP Time=6.5 DeploymentMode=tn-uav UavIndex=0 UavCellId=5 BestDonorCellId=1 BestDonorDistanceM=1427.8 XhaulConnected=1 XhaulChannelVariationDb=0 RawXhaulState=HEALTHY RawXhaulStateAgeSec=2 XhaulState=HEALTHY DonorUnavailableActive=0 SatBackhaulHealthy=0 UavSwitchingXappAvailable=1 UavSwitchingXappState=STANDBY BackhaulMode=TN_DIRECT RicControlState=TN_E2 ActiveUavRic=TN_NEAR_RT_RIC NormalUeHandoverAllowed=1 UavMode=TN_CONTROLLED_COVERAGE_EXTENSION
UAV_AUTONOMY_XAPP Time=6.5 DeploymentMode=tn-uav UavIndex=1 UavCellId=6 BestDonorCellId=4 BestDonorDistanceM=599.447 XhaulConnected=1 XhaulChannelVariationDb=0 RawXhaulState=HEALTHY RawXhaulStateAgeSec=2 XhaulState=HEALTHY DonorUnavailableActive=0 SatBackhaulHealthy=0 UavSwitchingXappAvailable=1 UavSwitchingXappState=STANDBY BackhaulMode=TN_DIRECT RicControlState=TN_E2 ActiveUavRic=TN_NEAR_RT_RIC NormalUeHandoverAllowed=1 UavMode=TN_CONTROLLED_COVERAGE_EXTENSION
UAV_AUTONOMY_XAPP Time=6.5 DeploymentMode=tn-uav UavIndex=2 UavCellId=7 BestDonorCellId=2 BestDonorDistanceM=735.728 XhaulConnected=1 XhaulChannelVariationDb=0 RawXhaulState=HEALTHY RawXhaulStateAgeSec=2 XhaulState=HEALTHY DonorUnavailableActive=0 SatBackhaulHealthy=0 UavSwitchingXappAvailable=1 UavSwitchingXappState=STANDBY BackhaulMode=TN_DIRECT RicControlState=TN_E2 ActiveUavRic=TN_NEAR_RT_RIC NormalUeHandoverAllowed=1 UavMode=TN_CONTROLLED_COVERAGE_EXTENSION
---- LOAD at t=6.5 ----
  cell 1 (TN) load=1/20
  cell 2 (TN) load=1/20
  cell 3 (TN) load=4/20
  cell 4 (TN) load=0/20
  cell 5 (NTN) load=1/10
  cell 6 (NTN) load=1/10
  cell 7 (NTN) load=2/10
UE 9 TTT_WAIT target=3 elapsed=0s need=2s
UE 23 TTT_WAIT target=3 elapsed=0s need=2s
UE 26 TTT_WAIT target=2 elapsed=0s need=2s
UE 47 TTT_WAIT target=2 elapsed=0s need=2s
UAV_AUTONOMY_XAPP Time=8.5 DeploymentMode=tn-uav UavIndex=0 UavCellId=5 BestDonorCellId=1 BestDonorDistanceM=1384.85 XhaulConnected=1 XhaulChannelVariationDb=0 RawXhaulState=HEALTHY RawXhaulStateAgeSec=4 XhaulState=HEALTHY DonorUnavailableActive=0 SatBackhaulHealthy=0 UavSwitchingXappAvailable=1 UavSwitchingXappState=STANDBY BackhaulMode=TN_DIRECT RicControlState=TN_E2 ActiveUavRic=TN_NEAR_RT_RIC NormalUeHandoverAllowed=1 UavMode=TN_CONTROLLED_COVERAGE_EXTENSION
UAV_AUTONOMY_XAPP Time=8.5 DeploymentMode=tn-uav UavIndex=1 UavCellId=6 BestDonorCellId=4 BestDonorDistanceM=565.596 XhaulConnected=1 XhaulChannelVariationDb=0 RawXhaulState=HEALTHY RawXhaulStateAgeSec=4 XhaulState=HEALTHY DonorUnavailableActive=0 SatBackhaulHealthy=0 UavSwitchingXappAvailable=1 UavSwitchingXappState=STANDBY BackhaulMode=TN_DIRECT RicControlState=TN_E2 ActiveUavRic=TN_NEAR_RT_RIC NormalUeHandoverAllowed=1 UavMode=TN_CONTROLLED_COVERAGE_EXTENSION
UAV_AUTONOMY_XAPP Time=8.5 DeploymentMode=tn-uav UavIndex=2 UavCellId=7 BestDonorCellId=2 BestDonorDistanceM=699.22 XhaulConnected=1 XhaulChannelVariationDb=0 RawXhaulState=HEALTHY RawXhaulStateAgeSec=4 XhaulState=HEALTHY DonorUnavailableActive=0 SatBackhaulHealthy=0 UavSwitchingXappAvailable=1 UavSwitchingXappState=STANDBY BackhaulMode=TN_DIRECT RicControlState=TN_E2 ActiveUavRic=TN_NEAR_RT_RIC NormalUeHandoverAllowed=1 UavMode=TN_CONTROLLED_COVERAGE_EXTENSION
---- LOAD at t=8.5 ----
  cell 1 (TN) load=3/20
  cell 2 (TN) load=1/20
  cell 3 (TN) load=4/20
  cell 4 (TN) load=0/20
  cell 5 (NTN) load=4/10
  cell 6 (NTN) load=6/10
  cell 7 (NTN) load=2/10
LM HO UE=9 rnti=8 2->3 type=TN servingRsrp=-119.718 targetRsrp=-108.476 targetLoadReal=4/20 targetLoadEff=4/20
UE 23 TTT_WAIT target=1 elapsed=0s need=2s
UE 33 TTT_WAIT target=3 elapsed=0s need=2s
UE 47 TTT_WAIT target=1 elapsed=0s need=2s
UE 56 TTT_WAIT target=2 elapsed=0s need=2s
UE 59 TTT_WAIT target=1 elapsed=0s need=2s
UE 97 TTT_WAIT target=2 elapsed=0s need=2s
TRACE HO_SUCCESS Time=8.61507 IMSI=8 TargetCell=3 Type=TN TargetRSRP=-115.419 ServingRSRP=-75.8271 BackhaulDlSnr=-999 BackhaulUlSnr=-999
UAV_AUTONOMY_XAPP Time=10.5 DeploymentMode=tn-uav UavIndex=0 UavCellId=5 BestDonorCellId=1 BestDonorDistanceM=1378.01 XhaulConnected=1 XhaulChannelVariationDb=0 RawXhaulState=HEALTHY RawXhaulStateAgeSec=6 XhaulState=HEALTHY DonorUnavailableActive=0 SatBackhaulHealthy=0 UavSwitchingXappAvailable=1 UavSwitchingXappState=STANDBY BackhaulMode=TN_DIRECT RicControlState=TN_E2 ActiveUavRic=TN_NEAR_RT_RIC NormalUeHandoverAllowed=1 UavMode=TN_CONTROLLED_COVERAGE_EXTENSION
UAV_AUTONOMY_XAPP Time=10.5 DeploymentMode=tn-uav UavIndex=1 UavCellId=6 BestDonorCellId=4 BestDonorDistanceM=532.518 XhaulConnected=1 XhaulChannelVariationDb=0 RawXhaulState=HEALTHY RawXhaulStateAgeSec=6 XhaulState=HEALTHY DonorUnavailableActive=0 SatBackhaulHealthy=0 UavSwitchingXappAvailable=1 UavSwitchingXappState=STANDBY BackhaulMode=TN_DIRECT RicControlState=TN_E2 ActiveUavRic=TN_NEAR_RT_RIC NormalUeHandoverAllowed=1 UavMode=TN_CONTROLLED_COVERAGE_EXTENSION
UAV_AUTONOMY_XAPP Time=10.5 DeploymentMode=tn-uav UavIndex=2 UavCellId=7 BestDonorCellId=2 BestDonorDistanceM=666.222 XhaulConnected=1 XhaulChannelVariationDb=0 RawXhaulState=HEALTHY RawXhaulStateAgeSec=6 XhaulState=HEALTHY DonorUnavailableActive=0 SatBackhaulHealthy=0 UavSwitchingXappAvailable=1 UavSwitchingXappState=STANDBY BackhaulMode=TN_DIRECT RicControlState=TN_E2 ActiveUavRic=TN_NEAR_RT_RIC NormalUeHandoverAllowed=1 UavMode=TN_CONTROLLED_COVERAGE_EXTENSION
---- LOAD at t=10.5 ----
  cell 1 (TN) load=3/20
  cell 2 (TN) load=1/20
  cell 3 (TN) load=5/20
  cell 4 (TN) load=1/20
  cell 5 (NTN) load=4/10
  cell 6 (NTN) load=8/10
  cell 7 (NTN) load=2/10
UE 9 TTT_WAIT target=1 elapsed=0s need=2s
UE 18 TTT_WAIT target=3 elapsed=0s need=2s
UE 23 TTT_WAIT target=2 elapsed=0s need=2s
UE 26 TTT_WAIT target=6 elapsed=0s need=2s
UE 47 TTT_WAIT target=2 elapsed=0s need=2s
UE 74 TTT_WAIT target=3 elapsed=0s need=2s
UE 85 TTT_WAIT target=2 elapsed=0s need=2s
LM HO_FAIL_LOW_RSRP UE=86 currCell=6 candCell=7 candRsrp=-111.837 < min=-110
UE 90 TTT_WAIT target=1 elapsed=0s need=2s
UE 92 TTT_WAIT target=1 elapsed=0s need=2s
UAV_AUTONOMY_XAPP Time=12.5 DeploymentMode=tn-uav UavIndex=0 UavCellId=5 BestDonorCellId=1 BestDonorDistanceM=1407.56 XhaulConnected=1 XhaulChannelVariationDb=0 RawXhaulState=HEALTHY RawXhaulStateAgeSec=8 XhaulState=HEALTHY DonorUnavailableActive=0 SatBackhaulHealthy=0 UavSwitchingXappAvailable=1 UavSwitchingXappState=STANDBY BackhaulMode=TN_DIRECT RicControlState=TN_E2 ActiveUavRic=TN_NEAR_RT_RIC NormalUeHandoverAllowed=1 UavMode=TN_CONTROLLED_COVERAGE_EXTENSION
UAV_AUTONOMY_XAPP Time=12.5 DeploymentMode=tn-uav UavIndex=1 UavCellId=6 BestDonorCellId=4 BestDonorDistanceM=537.159 XhaulConnected=1 XhaulChannelVariationDb=0 RawXhaulState=HEALTHY RawXhaulStateAgeSec=8 XhaulState=HEALTHY DonorUnavailableActive=0 SatBackhaulHealthy=0 UavSwitchingXappAvailable=1 UavSwitchingXappState=STANDBY BackhaulMode=TN_DIRECT RicControlState=TN_E2 ActiveUavRic=TN_NEAR_RT_RIC NormalUeHandoverAllowed=1 UavMode=TN_CONTROLLED_COVERAGE_EXTENSION
UAV_AUTONOMY_XAPP Time=12.5 DeploymentMode=tn-uav UavIndex=2 UavCellId=7 BestDonorCellId=2 BestDonorDistanceM=685.255 XhaulConnected=1 XhaulChannelVariationDb=0 RawXhaulState=HEALTHY RawXhaulStateAgeSec=8 XhaulState=HEALTHY DonorUnavailableActive=0 SatBackhaulHealthy=0 UavSwitchingXappAvailable=1 UavSwitchingXappState=STANDBY BackhaulMode=TN_DIRECT RicControlState=TN_E2 ActiveUavRic=TN_NEAR_RT_RIC NormalUeHandoverAllowed=1 UavMode=TN_CONTROLLED_COVERAGE_EXTENSION
---- LOAD at t=12.5 ----
  cell 1 (TN) load=3/20
  cell 2 (TN) load=1/20
  cell 3 (TN) load=5/20
  cell 4 (TN) load=1/20
  cell 5 (NTN) load=4/10
  cell 6 (NTN) load=10/10
  cell 7 (NTN) load=2/10
UE 9 TTT_WAIT target=2 elapsed=0s need=2s
UE 26 TTT_WAIT target=2 elapsed=0s need=2s
UE 47 TTT_WAIT target=1 elapsed=0s need=2s
UE 56 TTT_WAIT target=5 elapsed=0s need=2s
LM HO UE=90 rnti=32 6->1 type=TN servingRsrp=-112.553 targetRsrp=-105.353 targetLoadReal=3/20 targetLoadEff=3/20
UE 92 TTT_WAIT target=3 elapsed=0s need=2s
TRACE HO_SUCCESS Time=12.6151 IMSI=89 TargetCell=1 Type=TN TargetRSRP=-119.422 ServingRSRP=-97.3774 BackhaulDlSnr=-999 BackhaulUlSnr=-999
UAV_AUTONOMY_XAPP Time=14.5 DeploymentMode=tn-uav UavIndex=0 UavCellId=5 BestDonorCellId=1 BestDonorDistanceM=1376.32 XhaulConnected=1 XhaulChannelVariationDb=0 RawXhaulState=HEALTHY RawXhaulStateAgeSec=10 XhaulState=HEALTHY DonorUnavailableActive=0 SatBackhaulHealthy=0 UavSwitchingXappAvailable=1 UavSwitchingXappState=STANDBY BackhaulMode=TN_DIRECT RicControlState=TN_E2 ActiveUavRic=TN_NEAR_RT_RIC NormalUeHandoverAllowed=1 UavMode=TN_CONTROLLED_COVERAGE_EXTENSION
UAV_AUTONOMY_XAPP Time=14.5 DeploymentMode=tn-uav UavIndex=1 UavCellId=6 BestDonorCellId=4 BestDonorDistanceM=522.335 XhaulConnected=1 XhaulChannelVariationDb=0 RawXhaulState=HEALTHY RawXhaulStateAgeSec=10 XhaulState=HEALTHY DonorUnavailableActive=0 SatBackhaulHealthy=0 UavSwitchingXappAvailable=1 UavSwitchingXappState=STANDBY BackhaulMode=TN_DIRECT RicControlState=TN_E2 ActiveUavRic=TN_NEAR_RT_RIC NormalUeHandoverAllowed=1 UavMode=TN_CONTROLLED_COVERAGE_EXTENSION
UAV_AUTONOMY_XAPP Time=14.5 DeploymentMode=tn-uav UavIndex=2 UavCellId=7 BestDonorCellId=2 BestDonorDistanceM=663.641 XhaulConnected=1 XhaulChannelVariationDb=0 RawXhaulState=HEALTHY RawXhaulStateAgeSec=10 XhaulState=HEALTHY DonorUnavailableActive=0 SatBackhaulHealthy=0 UavSwitchingXappAvailable=1 UavSwitchingXappState=STANDBY BackhaulMode=TN_DIRECT RicControlState=TN_E2 ActiveUavRic=TN_NEAR_RT_RIC NormalUeHandoverAllowed=1 UavMode=TN_CONTROLLED_COVERAGE_EXTENSION
---- LOAD at t=14.5 ----
  cell 1 (TN) load=5/20
  cell 2 (TN) load=1/20
  cell 3 (TN) load=5/20
  cell 4 (TN) load=1/20
  cell 5 (NTN) load=5/10
  cell 6 (NTN) load=9/10
  cell 7 (NTN) load=2/10
LM HO UE=9 rnti=33 3->2 type=TN servingRsrp=-124.891 targetRsrp=-87.6899 targetLoadReal=1/20 targetLoadEff=1/20
UE 11 TTT_WAIT target=2 elapsed=0s need=2s
UE 23 TTT_WAIT target=1 elapsed=0s need=2s
LM HO_FAIL_LOW_RSRP UE=26 currCell=3 candCell=2 candRsrp=-113.31 < min=-110
LM HO_FAIL_LOW_RSRP UE=33 currCell=7 candCell=6 candRsrp=-117.278 < min=-110
UE 55 TTT_WAIT target=4 elapsed=0s need=2s
UE 59 TTT_WAIT target=3 elapsed=0s need=2s
UE 85 TTT_WAIT target=4 elapsed=0s need=2s
UE 86 TTT_WAIT target=5 elapsed=0s need=2s
UE 90 TTT_WAIT target=3 elapsed=0s need=2s
UE 97 TTT_WAIT target=3 elapsed=0s need=2s
TRACE HO_SUCCESS Time=14.6151 IMSI=8 TargetCell=2 Type=TN TargetRSRP=-115.675 ServingRSRP=-105.995 BackhaulDlSnr=-999 BackhaulUlSnr=-999
UAV_AUTONOMY_XAPP Time=16.5 DeploymentMode=tn-uav UavIndex=0 UavCellId=5 BestDonorCellId=1 BestDonorDistanceM=1355.23 XhaulConnected=1 XhaulChannelVariationDb=0 RawXhaulState=HEALTHY RawXhaulStateAgeSec=12 XhaulState=HEALTHY DonorUnavailableActive=0 SatBackhaulHealthy=0 UavSwitchingXappAvailable=1 UavSwitchingXappState=STANDBY BackhaulMode=TN_DIRECT RicControlState=TN_E2 ActiveUavRic=TN_NEAR_RT_RIC NormalUeHandoverAllowed=1 UavMode=TN_CONTROLLED_COVERAGE_EXTENSION
UAV_AUTONOMY_XAPP Time=16.5 DeploymentMode=tn-uav UavIndex=1 UavCellId=6 BestDonorCellId=4 BestDonorDistanceM=499.427 XhaulConnected=1 XhaulChannelVariationDb=0 RawXhaulState=HEALTHY RawXhaulStateAgeSec=12 XhaulState=HEALTHY DonorUnavailableActive=0 SatBackhaulHealthy=0 UavSwitchingXappAvailable=1 UavSwitchingXappState=STANDBY BackhaulMode=TN_DIRECT RicControlState=TN_E2 ActiveUavRic=TN_NEAR_RT_RIC NormalUeHandoverAllowed=1 UavMode=TN_CONTROLLED_COVERAGE_EXTENSION
UAV_AUTONOMY_XAPP Time=16.5 DeploymentMode=tn-uav UavIndex=2 UavCellId=7 BestDonorCellId=2 BestDonorDistanceM=633.194 XhaulConnected=1 XhaulChannelVariationDb=0 RawXhaulState=HEALTHY RawXhaulStateAgeSec=12 XhaulState=HEALTHY DonorUnavailableActive=0 SatBackhaulHealthy=0 UavSwitchingXappAvailable=1 UavSwitchingXappState=STANDBY BackhaulMode=TN_DIRECT RicControlState=TN_E2 ActiveUavRic=TN_NEAR_RT_RIC NormalUeHandoverAllowed=1 UavMode=TN_CONTROLLED_COVERAGE_EXTENSION
---- LOAD at t=16.5 ----
  cell 1 (TN) load=6/20
  cell 2 (TN) load=2/20
  cell 3 (TN) load=4/20
  cell 4 (TN) load=2/20
  cell 5 (NTN) load=5/10
  cell 6 (NTN) load=9/10
  cell 7 (NTN) load=3/10
UE 9 TTT_WAIT target=4 elapsed=0s need=2s
LM HO UE=23 rnti=15 7->1 type=TN servingRsrp=-110.683 targetRsrp=-92.7439 targetLoadReal=6/20 targetLoadEff=6/20
LM HO_FAIL_LOW_RSRP UE=26 currCell=3 candCell=5 candRsrp=-117.846 < min=-110
UE 32 TTT_WAIT target=4 elapsed=0s need=2s
UE 33 TTT_WAIT target=2 elapsed=0s need=2s
UE 47 TTT_WAIT target=2 elapsed=0s need=2s
UE 49 TTT_WAIT target=6 elapsed=0s need=2s
UE 55 TTT_WAIT target=2 elapsed=0s need=2s
UE 59 TTT_WAIT target=2 elapsed=0s need=2s
UE 78 TTT_WAIT target=2 elapsed=0s need=2s
LM HO UE=85 rnti=31 6->4 type=TN servingRsrp=-104.785 targetRsrp=-82.6566 targetLoadReal=2/20 targetLoadEff=2/20
UE 86 TTT_WAIT target=2 elapsed=0s need=2s
UE 92 TTT_WAIT target=3 elapsed=0s need=2s
UE 98 TTT_WAIT target=4 elapsed=0s need=2s
TRACE HO_SUCCESS Time=16.6151 IMSI=22 TargetCell=1 Type=TN TargetRSRP=-102.428 ServingRSRP=-93.4167 BackhaulDlSnr=-999 BackhaulUlSnr=-999
TRACE HO_SUCCESS Time=16.6151 IMSI=84 TargetCell=4 Type=TN TargetRSRP=-101.17 ServingRSRP=-76.6243 BackhaulDlSnr=-999 BackhaulUlSnr=-999
UAV_AUTONOMY_XAPP Time=18.5 DeploymentMode=tn-uav UavIndex=0 UavCellId=5 BestDonorCellId=1 BestDonorDistanceM=1391.48 XhaulConnected=1 XhaulChannelVariationDb=0 RawXhaulState=HEALTHY RawXhaulStateAgeSec=14 XhaulState=HEALTHY DonorUnavailableActive=0 SatBackhaulHealthy=0 UavSwitchingXappAvailable=1 UavSwitchingXappState=STANDBY BackhaulMode=TN_DIRECT RicControlState=TN_E2 ActiveUavRic=TN_NEAR_RT_RIC NormalUeHandoverAllowed=1 UavMode=TN_CONTROLLED_COVERAGE_EXTENSION
UAV_AUTONOMY_XAPP Time=18.5 DeploymentMode=tn-uav UavIndex=1 UavCellId=6 BestDonorCellId=4 BestDonorDistanceM=480.348 XhaulConnected=1 XhaulChannelVariationDb=0 RawXhaulState=HEALTHY RawXhaulStateAgeSec=14 XhaulState=HEALTHY DonorUnavailableActive=0 SatBackhaulHealthy=0 UavSwitchingXappAvailable=1 UavSwitchingXappState=STANDBY BackhaulMode=TN_DIRECT RicControlState=TN_E2 ActiveUavRic=TN_NEAR_RT_RIC NormalUeHandoverAllowed=1 UavMode=TN_CONTROLLED_COVERAGE_EXTENSION
UAV_AUTONOMY_XAPP Time=18.5 DeploymentMode=tn-uav UavIndex=2 UavCellId=7 BestDonorCellId=2 BestDonorDistanceM=605.58 XhaulConnected=1 XhaulChannelVariationDb=0 RawXhaulState=HEALTHY RawXhaulStateAgeSec=14 XhaulState=HEALTHY DonorUnavailableActive=0 SatBackhaulHealthy=0 UavSwitchingXappAvailable=1 UavSwitchingXappState=STANDBY BackhaulMode=TN_DIRECT RicControlState=TN_E2 ActiveUavRic=TN_NEAR_RT_RIC NormalUeHandoverAllowed=1 UavMode=TN_CONTROLLED_COVERAGE_EXTENSION
---- LOAD at t=18.5 ----
  cell 1 (TN) load=7/20
  cell 2 (TN) load=3/20
  cell 3 (TN) load=5/20
  cell 4 (TN) load=3/20
  cell 5 (NTN) load=6/10
  cell 6 (NTN) load=9/10
  cell 7 (NTN) load=2/10
LM HO UE=9 rnti=17 2->4 type=TN servingRsrp=-102.464 targetRsrp=-82.9011 targetLoadReal=3/20 targetLoadEff=3/20
UE 10 TTT_WAIT target=1 elapsed=0s need=2s
UE 23 TTT_WAIT target=2 elapsed=0s need=2s
UE 26 TTT_WAIT target=1 elapsed=0s need=2s
LM HO UE=32 rnti=80 6->4 type=TN servingRsrp=-115.878 targetRsrp=-93.1819 targetLoadReal=3/20 targetLoadEff=4/20
UE 33 TTT_WAIT target=1 elapsed=0s need=2s
UE 35 TTT_WAIT target=5 elapsed=0s need=2s
UE 46 TTT_WAIT target=4 elapsed=0s need=2s
LM HO UE=47 rnti=16 3->2 type=TN servingRsrp=-102.683 targetRsrp=-89.3099 targetLoadReal=3/20 targetLoadEff=3/20
UE 55 TTT_WAIT target=5 elapsed=0s need=2s
UE 59 TTT_WAIT target=1 elapsed=0s need=2s
UE 78 TTT_WAIT target=3 elapsed=0s need=2s
UE 85 TTT_WAIT target=3 elapsed=0s need=2s
UE 86 TTT_WAIT target=3 elapsed=0s need=2s
UE 90 TTT_WAIT target=3 elapsed=0s need=2s
UE 96 TTT_WAIT target=3 elapsed=0s need=2s
TRACE HO_SUCCESS Time=18.6151 IMSI=46 TargetCell=2 Type=TN TargetRSRP=-77.0084 ServingRSRP=-103.264 BackhaulDlSnr=-999 BackhaulUlSnr=-999
TRACE HO_SUCCESS Time=18.6151 IMSI=8 TargetCell=4 Type=TN TargetRSRP=-123.555 ServingRSRP=-114.455 BackhaulDlSnr=-999 BackhaulUlSnr=-999
TRACE HO_SUCCESS Time=18.6151 IMSI=31 TargetCell=4 Type=TN TargetRSRP=-107.455 ServingRSRP=-109.89 BackhaulDlSnr=-999 BackhaulUlSnr=-999
UAV_AUTONOMY_XAPP Time=20.5 DeploymentMode=tn-uav UavIndex=0 UavCellId=5 BestDonorCellId=1 BestDonorDistanceM=1427.18 XhaulConnected=1 XhaulChannelVariationDb=0 RawXhaulState=HEALTHY RawXhaulStateAgeSec=16 XhaulState=HEALTHY DonorUnavailableActive=0 SatBackhaulHealthy=0 UavSwitchingXappAvailable=1 UavSwitchingXappState=STANDBY BackhaulMode=TN_DIRECT RicControlState=TN_E2 ActiveUavRic=TN_NEAR_RT_RIC NormalUeHandoverAllowed=1 UavMode=TN_CONTROLLED_COVERAGE_EXTENSION
UAV_AUTONOMY_XAPP Time=20.5 DeploymentMode=tn-uav UavIndex=1 UavCellId=6 BestDonorCellId=4 BestDonorDistanceM=464.396 XhaulConnected=1 XhaulChannelVariationDb=0 RawXhaulState=HEALTHY RawXhaulStateAgeSec=16 XhaulState=HEALTHY DonorUnavailableActive=0 SatBackhaulHealthy=0 UavSwitchingXappAvailable=1 UavSwitchingXappState=STANDBY BackhaulMode=TN_DIRECT RicControlState=TN_E2 ActiveUavRic=TN_NEAR_RT_RIC NormalUeHandoverAllowed=1 UavMode=TN_CONTROLLED_COVERAGE_EXTENSION
UAV_AUTONOMY_XAPP Time=20.5 DeploymentMode=tn-uav UavIndex=2 UavCellId=7 BestDonorCellId=2 BestDonorDistanceM=580.653 XhaulConnected=1 XhaulChannelVariationDb=0 RawXhaulState=HEALTHY RawXhaulStateAgeSec=16 XhaulState=HEALTHY DonorUnavailableActive=0 SatBackhaulHealthy=0 UavSwitchingXappAvailable=1 UavSwitchingXappState=STANDBY BackhaulMode=TN_DIRECT RicControlState=TN_E2 ActiveUavRic=TN_NEAR_RT_RIC NormalUeHandoverAllowed=1 UavMode=TN_CONTROLLED_COVERAGE_EXTENSION
---- LOAD at t=20.5 ----
  cell 1 (TN) load=7/20
  cell 2 (TN) load=3/20
  cell 3 (TN) load=4/20
  cell 4 (TN) load=5/20
  cell 5 (NTN) load=6/10
  cell 6 (NTN) load=8/10
  cell 7 (NTN) load=2/10
UE 9 TTT_WAIT target=3 elapsed=0s need=2s
LM HO UE=26 rnti=15 3->1 type=TN servingRsrp=-114.708 targetRsrp=-96.4987 targetLoadReal=7/20 targetLoadEff=7/20
UE 33 TTT_WAIT target=3 elapsed=0s need=2s
UE 47 TTT_WAIT target=1 elapsed=0s need=2s
LM HO UE=55 rnti=64 6->5 type=NTN servingRsrp=-103.967 targetRsrp=-95.2903 targetLoadReal=6/10 targetLoadEff=6/10
UE 59 TTT_WAIT target=3 elapsed=0s need=2s
LM HO UE=78 rnti=33 1->3 type=TN servingRsrp=-90.619 targetRsrp=-79.0007 targetLoadReal=4/20 targetLoadEff=4/20
UE 85 TTT_WAIT target=6 elapsed=0s need=2s
UE 92 TTT_WAIT target=1 elapsed=0s need=2s
LM HO_FAIL_LOW_RSRP UE=96 currCell=2 candCell=7 candRsrp=-128.094 < min=-110
UE 97 TTT_WAIT target=2 elapsed=0s need=2s
TRACE HO_SUCCESS Time=20.6151 IMSI=25 TargetCell=1 Type=TN TargetRSRP=-103.15 ServingRSRP=-96.4376 BackhaulDlSnr=-999 BackhaulUlSnr=-999
TRACE HO_SUCCESS Time=20.6151 IMSI=77 TargetCell=3 Type=TN TargetRSRP=-86.1948 ServingRSRP=-91.6625 BackhaulDlSnr=-999 BackhaulUlSnr=-999
TRACE HO_SUCCESS Time=20.6151 IMSI=54 TargetCell=5 Type=NTN TargetRSRP=-140.02 ServingRSRP=-117.749 BackhaulDlSnr=-999 BackhaulUlSnr=-999
UAV_AUTONOMY_XAPP Time=22.5 DeploymentMode=tn-uav UavIndex=0 UavCellId=5 BestDonorCellId=1 BestDonorDistanceM=1434.6 XhaulConnected=1 XhaulChannelVariationDb=0 RawXhaulState=HEALTHY RawXhaulStateAgeSec=18 XhaulState=HEALTHY DonorUnavailableActive=0 SatBackhaulHealthy=0 UavSwitchingXappAvailable=1 UavSwitchingXappState=STANDBY BackhaulMode=TN_DIRECT RicControlState=TN_E2 ActiveUavRic=TN_NEAR_RT_RIC NormalUeHandoverAllowed=1 UavMode=TN_CONTROLLED_COVERAGE_EXTENSION
UAV_AUTONOMY_XAPP Time=22.5 DeploymentMode=tn-uav UavIndex=1 UavCellId=6 BestDonorCellId=4 BestDonorDistanceM=453.095 XhaulConnected=1 XhaulChannelVariationDb=0 RawXhaulState=HEALTHY RawXhaulStateAgeSec=18 XhaulState=HEALTHY DonorUnavailableActive=0 SatBackhaulHealthy=0 UavSwitchingXappAvailable=1 UavSwitchingXappState=STANDBY BackhaulMode=TN_DIRECT RicControlState=TN_E2 ActiveUavRic=TN_NEAR_RT_RIC NormalUeHandoverAllowed=1 UavMode=TN_CONTROLLED_COVERAGE_EXTENSION
UAV_AUTONOMY_XAPP Time=22.5 DeploymentMode=tn-uav UavIndex=2 UavCellId=7 BestDonorCellId=2 BestDonorDistanceM=559.181 XhaulConnected=1 XhaulChannelVariationDb=0 RawXhaulState=HEALTHY RawXhaulStateAgeSec=18 XhaulState=HEALTHY DonorUnavailableActive=0 SatBackhaulHealthy=0 UavSwitchingXappAvailable=1 UavSwitchingXappState=STANDBY BackhaulMode=TN_DIRECT RicControlState=TN_E2 ActiveUavRic=TN_NEAR_RT_RIC NormalUeHandoverAllowed=1 UavMode=TN_CONTROLLED_COVERAGE_EXTENSION
---- LOAD at t=22.5 ----
  cell 1 (TN) load=8/20
  cell 2 (TN) load=3/20
  cell 3 (TN) load=5/20
  cell 4 (TN) load=5/20
  cell 5 (NTN) load=7/10
  cell 6 (NTN) load=7/10
  cell 7 (NTN) load=2/10
UE 9 TTT_WAIT target=1 elapsed=0s need=2s
UE 13 TTT_WAIT target=1 elapsed=0s need=2s
UE 18 TTT_WAIT target=6 elapsed=0s need=2s
LM HO_FAIL_LOW_RSRP UE=26 currCell=1 candCell=2 candRsrp=-120.198 < min=-110
UE 33 TTT_WAIT target=1 elapsed=0s need=2s
UE 46 TTT_WAIT target=3 elapsed=0s need=2s
LM HO UE=47 rnti=26 2->1 type=TN servingRsrp=-109.88 targetRsrp=-104.458 targetLoadReal=8/20 targetLoadEff=8/20
LM HO_FAIL_LOW_RSRP UE=55 currCell=5 candCell=6 candRsrp=-124.521 < min=-110
UE 56 TTT_WAIT target=6 elapsed=0s need=2s
LM HO UE=59 rnti=23 5->3 type=TN servingRsrp=-125.401 targetRsrp=-88.7337 targetLoadReal=5/20 targetLoadEff=5/20
UE 61 TTT_WAIT target=4 elapsed=0s need=2s
UE 74 TTT_WAIT target=3 elapsed=0s need=2s
UE 75 TTT_WAIT target=2 elapsed=0s need=2s
UE 78 TTT_WAIT target=2 elapsed=0s need=2s
UE 79 TTT_WAIT target=4 elapsed=0s need=2s
UE 85 TTT_WAIT target=2 elapsed=0s need=2s
LM HO_FAIL_LOW_RSRP UE=86 currCell=6 candCell=5 candRsrp=-110.258 < min=-110
LM HO_FAIL_LOW_RSRP UE=90 currCell=1 candCell=2 candRsrp=-111.879 < min=-110
UE 95 TTT_WAIT target=6 elapsed=0s need=2s
LM HO_FAIL_LOW_RSRP UE=96 currCell=2 candCell=7 candRsrp=-128.195 < min=-110
LM HO_FAIL_LOW_RSRP UE=98 currCell=7 candCell=6 candRsrp=-114.407 < min=-110
TRACE HO_SUCCESS Time=22.6151 IMSI=46 TargetCell=1 Type=TN TargetRSRP=-83.6245 ServingRSRP=-89.3439 BackhaulDlSnr=-999 BackhaulUlSnr=-999
TRACE HO_SUCCESS Time=22.6151 IMSI=58 TargetCell=3 Type=TN TargetRSRP=-127.048 ServingRSRP=-90.1772 BackhaulDlSnr=-999 BackhaulUlSnr=-999
UAV_AUTONOMY_XAPP Time=24.5 DeploymentMode=tn-uav UavIndex=0 UavCellId=5 BestDonorCellId=1 BestDonorDistanceM=1462.84 XhaulConnected=1 XhaulChannelVariationDb=0 RawXhaulState=HEALTHY RawXhaulStateAgeSec=20 XhaulState=HEALTHY DonorUnavailableActive=0 SatBackhaulHealthy=0 UavSwitchingXappAvailable=1 UavSwitchingXappState=STANDBY BackhaulMode=TN_DIRECT RicControlState=TN_E2 ActiveUavRic=TN_NEAR_RT_RIC NormalUeHandoverAllowed=1 UavMode=TN_CONTROLLED_COVERAGE_EXTENSION
UAV_AUTONOMY_XAPP Time=24.5 DeploymentMode=tn-uav UavIndex=1 UavCellId=6 BestDonorCellId=4 BestDonorDistanceM=479.03 XhaulConnected=1 XhaulChannelVariationDb=0 RawXhaulState=HEALTHY RawXhaulStateAgeSec=20 XhaulState=HEALTHY DonorUnavailableActive=0 SatBackhaulHealthy=0 UavSwitchingXappAvailable=1 UavSwitchingXappState=STANDBY BackhaulMode=TN_DIRECT RicControlState=TN_E2 ActiveUavRic=TN_NEAR_RT_RIC NormalUeHandoverAllowed=1 UavMode=TN_CONTROLLED_COVERAGE_EXTENSION
UAV_AUTONOMY_XAPP Time=24.5 DeploymentMode=tn-uav UavIndex=2 UavCellId=7 BestDonorCellId=2 BestDonorDistanceM=571.075 XhaulConnected=1 XhaulChannelVariationDb=0 RawXhaulState=HEALTHY RawXhaulStateAgeSec=20 XhaulState=HEALTHY DonorUnavailableActive=0 SatBackhaulHealthy=0 UavSwitchingXappAvailable=1 UavSwitchingXappState=STANDBY BackhaulMode=TN_DIRECT RicControlState=TN_E2 ActiveUavRic=TN_NEAR_RT_RIC NormalUeHandoverAllowed=1 UavMode=TN_CONTROLLED_COVERAGE_EXTENSION
---- LOAD at t=24.5 ----
  cell 1 (TN) load=11/20
  cell 2 (TN) load=2/20
  cell 3 (TN) load=6/20
  cell 4 (TN) load=6/20
  cell 5 (NTN) load=6/10
  cell 6 (NTN) load=8/10
  cell 7 (NTN) load=2/10
UE 9 TTT_WAIT target=2 elapsed=0s need=2s
UE 10 TTT_WAIT target=1 elapsed=0s need=2s
UE 13 TTT_WAIT target=2 elapsed=0s need=2s
LM HO_FAIL_LOW_RSRP UE=26 currCell=1 candCell=3 candRsrp=-120.215 < min=-110
UE 33 TTT_WAIT target=2 elapsed=0s need=2s
UE 35 TTT_WAIT target=3 elapsed=0s need=2s
UE 41 TTT_WAIT target=3 elapsed=0s need=2s
UE 55 TTT_WAIT target=4 elapsed=0s need=2s
UE 56 TTT_WAIT target=4 elapsed=0s need=2s
LM HO UE=74 rnti=32 5->3 type=TN servingRsrp=-104.928 targetRsrp=-89.3244 targetLoadReal=6/20 targetLoadEff=6/20
UE 75 TTT_WAIT target=3 elapsed=0s need=2s
UE 78 TTT_WAIT target=1 elapsed=0s need=2s
UE 84 TTT_WAIT target=3 elapsed=0s need=2s
UE 86 TTT_WAIT target=5 elapsed=0s need=2s
UE 90 TTT_WAIT target=2 elapsed=0s need=2s
UE 92 TTT_WAIT target=1 elapsed=0s need=2s
UE 97 TTT_WAIT target=3 elapsed=0s need=2s
UE 98 TTT_WAIT target=1 elapsed=0s need=2s
UE 105 TTT_WAIT target=7 elapsed=0s need=2s
TRACE HO_SUCCESS Time=24.6151 IMSI=73 TargetCell=3 Type=TN TargetRSRP=-86.2758 ServingRSRP=-90.3203 BackhaulDlSnr=-999 BackhaulUlSnr=-999
UAV_AUTONOMY_XAPP Time=26.5 DeploymentMode=tn-uav UavIndex=0 UavCellId=5 BestDonorCellId=1 BestDonorDistanceM=1501.52 XhaulConnected=1 XhaulChannelVariationDb=0 RawXhaulState=HEALTHY RawXhaulStateAgeSec=22 XhaulState=HEALTHY DonorUnavailableActive=0 SatBackhaulHealthy=0 UavSwitchingXappAvailable=1 UavSwitchingXappState=STANDBY BackhaulMode=TN_DIRECT RicControlState=TN_E2 ActiveUavRic=TN_NEAR_RT_RIC NormalUeHandoverAllowed=1 UavMode=TN_CONTROLLED_COVERAGE_EXTENSION
UAV_AUTONOMY_XAPP Time=26.5 DeploymentMode=tn-uav UavIndex=1 UavCellId=6 BestDonorCellId=4 BestDonorDistanceM=507.875 XhaulConnected=1 XhaulChannelVariationDb=0 RawXhaulState=HEALTHY RawXhaulStateAgeSec=22 XhaulState=HEALTHY DonorUnavailableActive=0 SatBackhaulHealthy=0 UavSwitchingXappAvailable=1 UavSwitchingXappState=STANDBY BackhaulMode=TN_DIRECT RicControlState=TN_E2 ActiveUavRic=TN_NEAR_RT_RIC NormalUeHandoverAllowed=1 UavMode=TN_CONTROLLED_COVERAGE_EXTENSION
UAV_AUTONOMY_XAPP Time=26.5 DeploymentMode=tn-uav UavIndex=2 UavCellId=7 BestDonorCellId=2 BestDonorDistanceM=595.393 XhaulConnected=1 XhaulChannelVariationDb=0 RawXhaulState=HEALTHY RawXhaulStateAgeSec=22 XhaulState=HEALTHY DonorUnavailableActive=0 SatBackhaulHealthy=0 UavSwitchingXappAvailable=1 UavSwitchingXappState=STANDBY BackhaulMode=TN_DIRECT RicControlState=TN_E2 ActiveUavRic=TN_NEAR_RT_RIC NormalUeHandoverAllowed=1 UavMode=TN_CONTROLLED_COVERAGE_EXTENSION
---- LOAD at t=26.5 ----
  cell 1 (TN) load=11/20
  cell 2 (TN) load=2/20
  cell 3 (TN) load=7/20
  cell 4 (TN) load=6/20
  cell 5 (NTN) load=6/10
  cell 6 (NTN) load=8/10
  cell 7 (NTN) load=2/10
LM HO UE=9 rnti=18 4->2 type=TN servingRsrp=-98.4724 targetRsrp=-91.5873 targetLoadReal=2/20 targetLoadEff=2/20
UE 11 TTT_WAIT target=1 elapsed=0s need=2s
UE 13 TTT_WAIT target=1 elapsed=0s need=2s
UE 18 TTT_WAIT target=3 elapsed=0s need=2s
UE 23 TTT_WAIT target=7 elapsed=0s need=2s
LM HO_FAIL_LOW_RSRP UE=26 currCell=1 candCell=3 candRsrp=-118.513 < min=-110
UE 33 TTT_WAIT target=3 elapsed=0s need=2s
LM HO_FAIL_LOW_RSRP UE=35 currCell=1 candCell=5 candRsrp=-115.569 < min=-110
UE 41 TTT_WAIT target=4 elapsed=0s need=2s
UE 45 TTT_WAIT target=7 elapsed=0s need=2s
UE 46 TTT_WAIT target=1 elapsed=0s need=2s
UE 47 TTT_WAIT target=2 elapsed=0s need=2s
UE 55 TTT_WAIT target=1 elapsed=0s need=2s
UE 56 TTT_WAIT target=2 elapsed=0s need=2s
UE 59 TTT_WAIT target=7 elapsed=0s need=2s
UE 75 TTT_WAIT target=1 elapsed=0s need=2s
LM HO UE=78 rnti=42 3->1 type=TN servingRsrp=-98.5105 targetRsrp=-90.9595 targetLoadReal=11/20 targetLoadEff=11/20
UE 84 TTT_WAIT target=2 elapsed=0s need=2s
LM HO UE=86 rnti=40 6->5 type=NTN servingRsrp=-119.603 targetRsrp=-106.966 targetLoadReal=6/10 targetLoadEff=6/10
LM HO UE=90 rnti=25 1->2 type=TN servingRsrp=-114.693 targetRsrp=-87.6455 targetLoadReal=2/20 targetLoadEff=3/20
UE 92 TTT_WAIT target=3 elapsed=0s need=2s
LM HO_FAIL_LOW_RSRP UE=97 currCell=1 candCell=7 candRsrp=-132.457 < min=-110
UE 98 TTT_WAIT target=2 elapsed=0s need=2s
TRACE HO_SUCCESS Time=26.6151 IMSI=77 TargetCell=1 Type=TN TargetRSRP=-93.8321 ServingRSRP=-71.7113 BackhaulDlSnr=-999 BackhaulUlSnr=-999
TRACE HO_SUCCESS Time=26.6151 IMSI=89 TargetCell=2 Type=TN TargetRSRP=-118.314 ServingRSRP=-89.9703 BackhaulDlSnr=-999 BackhaulUlSnr=-999
TRACE HO_SUCCESS Time=26.6151 IMSI=8 TargetCell=2 Type=TN TargetRSRP=-118.469 ServingRSRP=-92.7605 BackhaulDlSnr=-999 BackhaulUlSnr=-999
TRACE HO_SUCCESS Time=26.6151 IMSI=85 TargetCell=5 Type=NTN TargetRSRP=-94.4716 ServingRSRP=-123.708 BackhaulDlSnr=-999 BackhaulUlSnr=-999
UAV_AUTONOMY_XAPP Time=28.5 DeploymentMode=tn-uav UavIndex=0 UavCellId=5 BestDonorCellId=1 BestDonorDistanceM=1541.25 XhaulConnected=1 XhaulChannelVariationDb=0 RawXhaulState=HEALTHY RawXhaulStateAgeSec=24 XhaulState=HEALTHY DonorUnavailableActive=0 SatBackhaulHealthy=0 UavSwitchingXappAvailable=1 UavSwitchingXappState=STANDBY BackhaulMode=TN_DIRECT RicControlState=TN_E2 ActiveUavRic=TN_NEAR_RT_RIC NormalUeHandoverAllowed=1 UavMode=TN_CONTROLLED_COVERAGE_EXTENSION
UAV_AUTONOMY_XAPP Time=28.5 DeploymentMode=tn-uav UavIndex=1 UavCellId=6 BestDonorCellId=4 BestDonorDistanceM=538.891 XhaulConnected=1 XhaulChannelVariationDb=0 RawXhaulState=HEALTHY RawXhaulStateAgeSec=24 XhaulState=HEALTHY DonorUnavailableActive=0 SatBackhaulHealthy=0 UavSwitchingXappAvailable=1 UavSwitchingXappState=STANDBY BackhaulMode=TN_DIRECT RicControlState=TN_E2 ActiveUavRic=TN_NEAR_RT_RIC NormalUeHandoverAllowed=1 UavMode=TN_CONTROLLED_COVERAGE_EXTENSION
UAV_AUTONOMY_XAPP Time=28.5 DeploymentMode=tn-uav UavIndex=2 UavCellId=7 BestDonorCellId=2 BestDonorDistanceM=622.916 XhaulConnected=1 XhaulChannelVariationDb=0 RawXhaulState=HEALTHY RawXhaulStateAgeSec=24 XhaulState=HEALTHY DonorUnavailableActive=0 SatBackhaulHealthy=0 UavSwitchingXappAvailable=1 UavSwitchingXappState=STANDBY BackhaulMode=TN_DIRECT RicControlState=TN_E2 ActiveUavRic=TN_NEAR_RT_RIC NormalUeHandoverAllowed=1 UavMode=TN_CONTROLLED_COVERAGE_EXTENSION
---- LOAD at t=28.5 ----
  cell 1 (TN) load=12/20
  cell 2 (TN) load=4/20
  cell 3 (TN) load=6/20
  cell 4 (TN) load=5/20
  cell 5 (NTN) load=7/10
  cell 6 (NTN) load=7/10
  cell 7 (NTN) load=3/10
LM HO_FAIL_LOW_RSRP UE=9 currCell=2 candCell=6 candRsrp=-116.929 < min=-110
UE 11 TTT_WAIT target=2 elapsed=0s need=2s
UE 13 TTT_WAIT target=2 elapsed=0s need=2s
LM HO UE=18 rnti=24 1->3 type=TN servingRsrp=-84.7469 targetRsrp=-80.2011 targetLoadReal=6/20 targetLoadEff=6/20
UE 26 TTT_WAIT target=3 elapsed=0s need=2s
UE 33 TTT_WAIT target=1 elapsed=0s need=2s
UE 35 TTT_WAIT target=7 elapsed=0s need=2s
UE 37 TTT_WAIT target=6 elapsed=0s need=2s
LM HO_FAIL_LOW_RSRP UE=41 currCell=1 candCell=6 candRsrp=-132.557 < min=-110
UE 46 TTT_WAIT target=3 elapsed=0s need=2s
LM HO UE=47 rnti=52 1->2 type=TN servingRsrp=-105.228 targetRsrp=-76.7655 targetLoadReal=4/20 targetLoadEff=4/20
UE 55 TTT_WAIT target=4 elapsed=0s need=2s
LM HO_FAIL_LOW_RSRP UE=59 currCell=3 candCell=1 candRsrp=-112.74 < min=-110
UE 75 TTT_WAIT target=3 elapsed=0s need=2s
UE 78 TTT_WAIT target=3 elapsed=0s need=2s
UE 85 TTT_WAIT target=3 elapsed=0s need=2s
UE 86 TTT_WAIT target=6 elapsed=0s need=2s
UE 90 TTT_WAIT target=1 elapsed=0s need=2s
LM HO UE=92 rnti=16 2->3 type=TN servingRsrp=-111.405 targetRsrp=-87.3861 targetLoadReal=6/20 targetLoadEff=7/20
UE 96 TTT_WAIT target=3 elapsed=0s need=2s
TRACE HO_SUCCESS Time=28.6151 IMSI=46 TargetCell=2 Type=TN TargetRSRP=-111.622 ServingRSRP=-110.143 BackhaulDlSnr=-999 BackhaulUlSnr=-999
TRACE HO_SUCCESS Time=28.6151 IMSI=17 TargetCell=3 Type=TN TargetRSRP=-94.713 ServingRSRP=-85.1692 BackhaulDlSnr=-999 BackhaulUlSnr=-999
TRACE HO_SUCCESS Time=28.6151 IMSI=91 TargetCell=3 Type=TN TargetRSRP=-93.554 ServingRSRP=-73.3565 BackhaulDlSnr=-999 BackhaulUlSnr=-999
UAV_AUTONOMY_XAPP Time=30.5 DeploymentMode=tn-uav UavIndex=0 UavCellId=5 BestDonorCellId=1 BestDonorDistanceM=1577.25 XhaulConnected=1 XhaulChannelVariationDb=0 RawXhaulState=HEALTHY RawXhaulStateAgeSec=26 XhaulState=HEALTHY DonorUnavailableActive=0 SatBackhaulHealthy=0 UavSwitchingXappAvailable=1 UavSwitchingXappState=STANDBY BackhaulMode=TN_DIRECT RicControlState=TN_E2 ActiveUavRic=TN_NEAR_RT_RIC NormalUeHandoverAllowed=1 UavMode=TN_CONTROLLED_COVERAGE_EXTENSION
UAV_AUTONOMY_XAPP Time=30.5 DeploymentMode=tn-uav UavIndex=1 UavCellId=6 BestDonorCellId=4 BestDonorDistanceM=549.544 XhaulConnected=1 XhaulChannelVariationDb=0 RawXhaulState=HEALTHY RawXhaulStateAgeSec=26 XhaulState=HEALTHY DonorUnavailableActive=0 SatBackhaulHealthy=0 UavSwitchingXappAvailable=1 UavSwitchingXappState=STANDBY BackhaulMode=TN_DIRECT RicControlState=TN_E2 ActiveUavRic=TN_NEAR_RT_RIC NormalUeHandoverAllowed=1 UavMode=TN_CONTROLLED_COVERAGE_EXTENSION
UAV_AUTONOMY_XAPP Time=30.5 DeploymentMode=tn-uav UavIndex=2 UavCellId=7 BestDonorCellId=2 BestDonorDistanceM=607.582 XhaulConnected=1 XhaulChannelVariationDb=0 RawXhaulState=HEALTHY RawXhaulStateAgeSec=26 XhaulState=HEALTHY DonorUnavailableActive=0 SatBackhaulHealthy=0 UavSwitchingXappAvailable=1 UavSwitchingXappState=STANDBY BackhaulMode=TN_DIRECT RicControlState=TN_E2 ActiveUavRic=TN_NEAR_RT_RIC NormalUeHandoverAllowed=1 UavMode=TN_CONTROLLED_COVERAGE_EXTENSION
---- LOAD at t=30.5 ----
  cell 1 (TN) load=10/20
  cell 2 (TN) load=4/20
  cell 3 (TN) load=8/20
  cell 4 (TN) load=5/20
  cell 5 (NTN) load=8/10
  cell 6 (NTN) load=8/10
  cell 7 (NTN) load=4/10
UE 11 TTT_WAIT target=5 elapsed=0s need=2s
UE 13 TTT_WAIT target=1 elapsed=0s need=2s
UE 18 TTT_WAIT target=1 elapsed=0s need=2s
UE 20 TTT_WAIT target=2 elapsed=0s need=2s
UE 24 TTT_WAIT target=1 elapsed=0s need=2s
LM HO UE=26 rnti=43 1->3 type=TN servingRsrp=-122.892 targetRsrp=-85.6616 targetLoadReal=8/20 targetLoadEff=8/20
UE 33 TTT_WAIT target=5 elapsed=0s need=2s
LM HO_FAIL_LOW_RSRP UE=35 currCell=1 candCell=3 candRsrp=-116.454 < min=-110
UE 55 TTT_WAIT target=6 elapsed=0s need=2s
LM HO_FAIL_LOW_RSRP UE=59 currCell=3 candCell=5 candRsrp=-116.768 < min=-110
UE 61 TTT_WAIT target=5 elapsed=0s need=2s
UE 70 TTT_WAIT target=4 elapsed=0s need=2s
UE 79 TTT_WAIT target=5 elapsed=0s need=2s
UE 85 TTT_WAIT target=6 elapsed=0s need=2s
LM HO UE=90 rnti=28 2->1 type=TN servingRsrp=-115.891 targetRsrp=-97.9974 targetLoadReal=10/20 targetLoadEff=10/20
UE 92 TTT_WAIT target=1 elapsed=0s need=2s
LM HO_FAIL_LOW_RSRP UE=96 currCell=2 candCell=7 candRsrp=-129.727 < min=-110
UE 97 TTT_WAIT target=2 elapsed=0s need=2s
UE 105 TTT_WAIT target=4 elapsed=0s need=2s
TRACE HO_SUCCESS Time=30.6151 IMSI=89 TargetCell=1 Type=TN TargetRSRP=-116.411 ServingRSRP=-120.05 BackhaulDlSnr=-999 BackhaulUlSnr=-999
TRACE HO_SUCCESS Time=30.6151 IMSI=25 TargetCell=3 Type=TN TargetRSRP=-128.037 ServingRSRP=-103.464 BackhaulDlSnr=-999 BackhaulUlSnr=-999
UAV_AUTONOMY_XAPP Time=32.5 DeploymentMode=tn-uav UavIndex=0 UavCellId=5 BestDonorCellId=1 BestDonorDistanceM=1564.08 XhaulConnected=1 XhaulChannelVariationDb=0 RawXhaulState=HEALTHY RawXhaulStateAgeSec=28 XhaulState=HEALTHY DonorUnavailableActive=0 SatBackhaulHealthy=0 UavSwitchingXappAvailable=1 UavSwitchingXappState=STANDBY BackhaulMode=TN_DIRECT RicControlState=TN_E2 ActiveUavRic=TN_NEAR_RT_RIC NormalUeHandoverAllowed=1 UavMode=TN_CONTROLLED_COVERAGE_EXTENSION
UAV_AUTONOMY_XAPP Time=32.5 DeploymentMode=tn-uav UavIndex=1 UavCellId=6 BestDonorCellId=4 BestDonorDistanceM=537.775 XhaulConnected=1 XhaulChannelVariationDb=0 RawXhaulState=HEALTHY RawXhaulStateAgeSec=28 XhaulState=HEALTHY DonorUnavailableActive=0 SatBackhaulHealthy=0 UavSwitchingXappAvailable=1 UavSwitchingXappState=STANDBY BackhaulMode=TN_DIRECT RicControlState=TN_E2 ActiveUavRic=TN_NEAR_RT_RIC NormalUeHandoverAllowed=1 UavMode=TN_CONTROLLED_COVERAGE_EXTENSION
UAV_AUTONOMY_XAPP Time=32.5 DeploymentMode=tn-uav UavIndex=2 UavCellId=7 BestDonorCellId=2 BestDonorDistanceM=583.277 XhaulConnected=1 XhaulChannelVariationDb=0 RawXhaulState=HEALTHY RawXhaulStateAgeSec=28 XhaulState=HEALTHY DonorUnavailableActive=0 SatBackhaulHealthy=0 UavSwitchingXappAvailable=1 UavSwitchingXappState=STANDBY BackhaulMode=TN_DIRECT RicControlState=TN_E2 ActiveUavRic=TN_NEAR_RT_RIC NormalUeHandoverAllowed=1 UavMode=TN_CONTROLLED_COVERAGE_EXTENSION
---- LOAD at t=32.5 ----
  cell 1 (TN) load=10/20
  cell 2 (TN) load=3/20
  cell 3 (TN) load=9/20
  cell 4 (TN) load=5/20
  cell 5 (NTN) load=9/10
  cell 6 (NTN) load=9/10
  cell 7 (NTN) load=4/10
LM HO_FAIL_LOW_RSRP UE=9 currCell=2 candCell=6 candRsrp=-130.726 < min=-110
UE 11 TTT_WAIT target=2 elapsed=0s need=2s
LM HO UE=13 rnti=41 3->1 type=TN servingRsrp=-114.668 targetRsrp=-78.3142 targetLoadReal=10/20 targetLoadEff=10/20
LM HO UE=18 rnti=53 3->1 type=TN servingRsrp=-87.5793 targetRsrp=-77.8144 targetLoadReal=10/20 targetLoadEff=11/20
UE 20 TTT_WAIT target=3 elapsed=0s need=2s
UE 23 TTT_WAIT target=2 elapsed=0s need=2s
LM HO UE=24 rnti=32 7->1 type=TN servingRsrp=-126.707 targetRsrp=-75.4276 targetLoadReal=10/20 targetLoadEff=12/20
UE 32 TTT_WAIT target=6 elapsed=0s need=2s
UE 35 TTT_WAIT target=2 elapsed=0s need=2s
UE 37 TTT_WAIT target=6 elapsed=0s need=2s
UE 46 TTT_WAIT target=1 elapsed=0s need=2s
UE 47 TTT_WAIT target=1 elapsed=0s need=2s
UE 58 TTT_WAIT target=3 elapsed=0s need=2s
UE 59 TTT_WAIT target=1 elapsed=0s need=2s
LM HO UE=70 rnti=104 6->4 type=TN servingRsrp=-102.441 targetRsrp=-83.7822 targetLoadReal=5/20 targetLoadEff=5/20
UE 71 TTT_WAIT target=3 elapsed=0s need=2s
UE 78 TTT_WAIT target=3 elapsed=0s need=2s
UE 85 TTT_WAIT target=1 elapsed=0s need=2s
UE 86 TTT_WAIT target=2 elapsed=0s need=2s
UE 90 TTT_WAIT target=2 elapsed=0s need=2s
LM HO UE=92 rnti=54 3->1 type=TN servingRsrp=-116.16 targetRsrp=-71.0421 targetLoadReal=10/20 targetLoadEff=13/20
LM HO_FAIL_LOW_RSRP UE=96 currCell=2 candCell=7 candRsrp=-121.034 < min=-110
LM HO_FAIL_LOW_RSRP UE=97 currCell=1 candCell=5 candRsrp=-132.749 < min=-110
UE 98 TTT_WAIT target=1 elapsed=0s need=2s
LM HO UE=105 rnti=88 6->4 type=TN servingRsrp=-106.624 targetRsrp=-101.106 targetLoadReal=5/20 targetLoadEff=6/20
TRACE HO_SUCCESS Time=32.6151 IMSI=17 TargetCell=1 Type=TN TargetRSRP=-101.124 ServingRSRP=-95.8246 BackhaulDlSnr=-999 BackhaulUlSnr=-999
TRACE HO_SUCCESS Time=32.6151 IMSI=91 TargetCell=1 Type=TN TargetRSRP=-106.463 ServingRSRP=-110.286 BackhaulDlSnr=-999 BackhaulUlSnr=-999
TRACE HO_SUCCESS Time=32.6151 IMSI=12 TargetCell=1 Type=TN TargetRSRP=-107.779 ServingRSRP=-73.3186 BackhaulDlSnr=-999 BackhaulUlSnr=-999
TRACE HO_SUCCESS Time=32.6151 IMSI=23 TargetCell=1 Type=TN TargetRSRP=-73.6373 ServingRSRP=-89.9091 BackhaulDlSnr=-999 BackhaulUlSnr=-999
TRACE HO_SUCCESS Time=32.6151 IMSI=104 TargetCell=4 Type=TN TargetRSRP=-132.506 ServingRSRP=-91.8403 BackhaulDlSnr=-999 BackhaulUlSnr=-999
TRACE HO_SUCCESS Time=32.6151 IMSI=69 TargetCell=4 Type=TN TargetRSRP=-111.655 ServingRSRP=-100.775 BackhaulDlSnr=-999 BackhaulUlSnr=-999
UAV_AUTONOMY_XAPP Time=34.5 DeploymentMode=tn-uav UavIndex=0 UavCellId=5 BestDonorCellId=1 BestDonorDistanceM=1590.01 XhaulConnected=1 XhaulChannelVariationDb=0 RawXhaulState=HEALTHY RawXhaulStateAgeSec=30 XhaulState=HEALTHY DonorUnavailableActive=0 SatBackhaulHealthy=0 UavSwitchingXappAvailable=1 UavSwitchingXappState=STANDBY BackhaulMode=TN_DIRECT RicControlState=TN_E2 ActiveUavRic=TN_NEAR_RT_RIC NormalUeHandoverAllowed=1 UavMode=TN_CONTROLLED_COVERAGE_EXTENSION
UAV_AUTONOMY_XAPP Time=34.5 DeploymentMode=tn-uav UavIndex=1 UavCellId=6 BestDonorCellId=4 BestDonorDistanceM=518.889 XhaulConnected=1 XhaulChannelVariationDb=0 RawXhaulState=HEALTHY RawXhaulStateAgeSec=30 XhaulState=HEALTHY DonorUnavailableActive=0 SatBackhaulHealthy=0 UavSwitchingXappAvailable=1 UavSwitchingXappState=STANDBY BackhaulMode=TN_DIRECT RicControlState=TN_E2 ActiveUavRic=TN_NEAR_RT_RIC NormalUeHandoverAllowed=1 UavMode=TN_CONTROLLED_COVERAGE_EXTENSION
UAV_AUTONOMY_XAPP Time=34.5 DeploymentMode=tn-uav UavIndex=2 UavCellId=7 BestDonorCellId=2 BestDonorDistanceM=567.736 XhaulConnected=1 XhaulChannelVariationDb=0 RawXhaulState=HEALTHY RawXhaulStateAgeSec=30 XhaulState=HEALTHY DonorUnavailableActive=0 SatBackhaulHealthy=0 UavSwitchingXappAvailable=1 UavSwitchingXappState=STANDBY BackhaulMode=TN_DIRECT RicControlState=TN_E2 ActiveUavRic=TN_NEAR_RT_RIC NormalUeHandoverAllowed=1 UavMode=TN_CONTROLLED_COVERAGE_EXTENSION
---- LOAD at t=34.5 ----
  cell 1 (TN) load=14/20
  cell 2 (TN) load=3/20
  cell 3 (TN) load=6/20
  cell 4 (TN) load=7/20
  cell 5 (NTN) load=9/10
  cell 6 (NTN) load=7/10
  cell 7 (NTN) load=3/10
LM HO_FAIL_LOW_RSRP UE=9 currCell=2 candCell=4 candRsrp=-116.86 < min=-110
UE 10 TTT_WAIT target=5 elapsed=0s need=2s
UE 11 TTT_WAIT target=1 elapsed=0s need=2s
UE 18 TTT_WAIT target=3 elapsed=0s need=2s
UE 20 TTT_WAIT target=2 elapsed=0s need=2s
UE 23 TTT_WAIT target=3 elapsed=0s need=2s
UE 24 TTT_WAIT target=3 elapsed=0s need=2s
UE 30 TTT_WAIT target=1 elapsed=0s need=2s
LM HO UE=32 rnti=19 4->6 type=NTN servingRsrp=-99.6789 targetRsrp=-76.535 targetLoadReal=7/10 targetLoadEff=7/10
UE 33 TTT_WAIT target=2 elapsed=0s need=2s
UE 35 TTT_WAIT target=3 elapsed=0s need=2s
UE 41 TTT_WAIT target=2 elapsed=0s need=2s
UE 45 TTT_WAIT target=2 elapsed=0s need=2s
UE 47 TTT_WAIT target=3 elapsed=0s need=2s
UE 56 TTT_WAIT target=4 elapsed=0s need=2s
LM HO_FAIL_LOW_RSRP UE=59 currCell=3 candCell=1 candRsrp=-114.89 < min=-110
LM HO_FAIL_LOW_RSRP UE=74 currCell=3 candCell=5 candRsrp=-117.939 < min=-110
UE 75 TTT_WAIT target=3 elapsed=0s need=2s
UE 85 TTT_WAIT target=2 elapsed=0s need=2s
LM HO UE=86 rnti=58 5->2 type=TN servingRsrp=-125.425 targetRsrp=-95.2195 targetLoadReal=3/20 targetLoadEff=3/20
UE 92 TTT_WAIT target=2 elapsed=0s need=2s
UE 97 TTT_WAIT target=2 elapsed=0s need=2s
UE 98 TTT_WAIT target=3 elapsed=0s need=2s
UE 105 TTT_WAIT target=3 elapsed=0s need=2s
TRACE HO_SUCCESS Time=34.6151 IMSI=85 TargetCell=2 Type=TN TargetRSRP=-104.526 ServingRSRP=-117.855 BackhaulDlSnr=-999 BackhaulUlSnr=-999
TRACE HO_SUCCESS Time=34.6151 IMSI=31 TargetCell=6 Type=NTN TargetRSRP=-78.6948 ServingRSRP=-120.037 BackhaulDlSnr=-999 BackhaulUlSnr=-999
UAV_AUTONOMY_XAPP Time=36.5 DeploymentMode=tn-uav UavIndex=0 UavCellId=5 BestDonorCellId=1 BestDonorDistanceM=1628.21 XhaulConnected=1 XhaulChannelVariationDb=0 RawXhaulState=HEALTHY RawXhaulStateAgeSec=32 XhaulState=HEALTHY DonorUnavailableActive=0 SatBackhaulHealthy=0 UavSwitchingXappAvailable=1 UavSwitchingXappState=STANDBY BackhaulMode=TN_DIRECT RicControlState=TN_E2 ActiveUavRic=TN_NEAR_RT_RIC NormalUeHandoverAllowed=1 UavMode=TN_CONTROLLED_COVERAGE_EXTENSION
UAV_AUTONOMY_XAPP Time=36.5 DeploymentMode=tn-uav UavIndex=1 UavCellId=6 BestDonorCellId=4 BestDonorDistanceM=530.491 XhaulConnected=1 XhaulChannelVariationDb=0 RawXhaulState=HEALTHY RawXhaulStateAgeSec=32 XhaulState=HEALTHY DonorUnavailableActive=0 SatBackhaulHealthy=0 UavSwitchingXappAvailable=1 UavSwitchingXappState=STANDBY BackhaulMode=TN_DIRECT RicControlState=TN_E2 ActiveUavRic=TN_NEAR_RT_RIC NormalUeHandoverAllowed=1 UavMode=TN_CONTROLLED_COVERAGE_EXTENSION
UAV_AUTONOMY_XAPP Time=36.5 DeploymentMode=tn-uav UavIndex=2 UavCellId=7 BestDonorCellId=2 BestDonorDistanceM=547.023 XhaulConnected=1 XhaulChannelVariationDb=0 RawXhaulState=HEALTHY RawXhaulStateAgeSec=32 XhaulState=HEALTHY DonorUnavailableActive=0 SatBackhaulHealthy=0 UavSwitchingXappAvailable=1 UavSwitchingXappState=STANDBY BackhaulMode=TN_DIRECT RicControlState=TN_E2 ActiveUavRic=TN_NEAR_RT_RIC NormalUeHandoverAllowed=1 UavMode=TN_CONTROLLED_COVERAGE_EXTENSION
---- LOAD at t=36.5 ----
  cell 1 (TN) load=14/20
  cell 2 (TN) load=4/20
  cell 3 (TN) load=7/20
  cell 4 (TN) load=6/20
  cell 5 (NTN) load=10/10
  cell 6 (NTN) load=8/10
  cell 7 (NTN) load=3/10
UE 9 TTT_WAIT target=4 elapsed=0s need=2s
UE 10 TTT_WAIT target=2 elapsed=0s need=2s
UE 13 TTT_WAIT target=2 elapsed=0s need=2s
LM HO UE=18 rnti=80 1->3 type=TN servingRsrp=-99.6247 targetRsrp=-84.754 targetLoadReal=7/20 targetLoadEff=7/20
LM HO UE=23 rnti=42 1->3 type=TN servingRsrp=-95.6149 targetRsrp=-84.2636 targetLoadReal=7/20 targetLoadEff=8/20
LM HO UE=24 rnti=79 1->3 type=TN servingRsrp=-112.947 targetRsrp=-95.8935 targetLoadReal=7/20 targetLoadEff=9/20
LM HO_FAIL_LOW_RSRP UE=26 currCell=3 candCell=6 candRsrp=-118.002 < min=-110
LM HO UE=30 rnti=57 5->1 type=TN servingRsrp=-120.577 targetRsrp=-88.3316 targetLoadReal=14/20 targetLoadEff=14/20
UE 33 TTT_WAIT target=1 elapsed=0s need=2s
LM HO UE=35 rnti=41 1->3 type=TN servingRsrp=-119.031 targetRsrp=-103.009 targetLoadReal=7/20 targetLoadEff=10/20
UE 41 TTT_WAIT target=4 elapsed=0s need=2s
LM HO UE=45 rnti=67 1->2 type=TN servingRsrp=-112.834 targetRsrp=-77.7673 targetLoadReal=4/20 targetLoadEff=4/20
LM HO UE=47 rnti=29 2->3 type=TN servingRsrp=-115.269 targetRsrp=-106.674 targetLoadReal=7/20 targetLoadEff=11/20
LM HO_FAIL_LOW_RSRP UE=55 currCell=5 candCell=6 candRsrp=-124.688 < min=-110
LM HO_FAIL_LOW_RSRP UE=59 currCell=3 candCell=7 candRsrp=-132.785 < min=-110
UE 61 TTT_WAIT target=4 elapsed=0s need=2s
UE 64 TTT_WAIT target=2 elapsed=0s need=2s
UE 66 TTT_WAIT target=1 elapsed=0s need=2s
UE 70 TTT_WAIT target=1 elapsed=0s need=2s
UE 75 TTT_WAIT target=7 elapsed=0s need=2s
UE 79 TTT_WAIT target=4 elapsed=0s need=2s
UE 84 TTT_WAIT target=3 elapsed=0s need=2s
LM HO_FAIL_LOW_RSRP UE=85 currCell=4 candCell=6 candRsrp=-125.926 < min=-110
LM HO_FAIL_LOW_RSRP UE=86 currCell=2 candCell=6 candRsrp=-119.949 < min=-110
UE 92 TTT_WAIT target=3 elapsed=0s need=2s
LM HO_FAIL_LOW_RSRP UE=96 currCell=2 candCell=7 candRsrp=-127.303 < min=-110
UE 97 TTT_WAIT target=3 elapsed=0s need=2s
UE 98 TTT_WAIT target=4 elapsed=0s need=2s
UE 99 TTT_WAIT target=2 elapsed=0s need=2s
UE 105 TTT_WAIT target=6 elapsed=0s need=2s
TRACE HO_SUCCESS Time=36.6151 IMSI=29 TargetCell=1 Type=TN TargetRSRP=-122.115 ServingRSRP=-116.44 BackhaulDlSnr=-999 BackhaulUlSnr=-999
TRACE HO_SUCCESS Time=36.6151 IMSI=44 TargetCell=2 Type=TN TargetRSRP=-106.209 ServingRSRP=-92.793 BackhaulDlSnr=-999 BackhaulUlSnr=-999
TRACE HO_SUCCESS Time=36.6151 IMSI=34 TargetCell=3 Type=TN TargetRSRP=-95.1227 ServingRSRP=-93.318 BackhaulDlSnr=-999 BackhaulUlSnr=-999
TRACE HO_SUCCESS Time=36.6151 IMSI=22 TargetCell=3 Type=TN TargetRSRP=-103.504 ServingRSRP=-104.253 BackhaulDlSnr=-999 BackhaulUlSnr=-999
TRACE HO_SUCCESS Time=36.6151 IMSI=17 TargetCell=3 Type=TN TargetRSRP=-116.78 ServingRSRP=-94.5752 BackhaulDlSnr=-999 BackhaulUlSnr=-999
TRACE HO_SUCCESS Time=36.6151 IMSI=23 TargetCell=3 Type=TN TargetRSRP=-118.107 ServingRSRP=-107.355 BackhaulDlSnr=-999 BackhaulUlSnr=-999
TRACE HO_SUCCESS Time=36.6151 IMSI=46 TargetCell=3 Type=TN TargetRSRP=-115.195 ServingRSRP=-94.5034 BackhaulDlSnr=-999 BackhaulUlSnr=-999
UAV_AUTONOMY_XAPP Time=38.5 DeploymentMode=tn-uav UavIndex=0 UavCellId=5 BestDonorCellId=1 BestDonorDistanceM=1665.52 XhaulConnected=1 XhaulChannelVariationDb=0 RawXhaulState=HEALTHY RawXhaulStateAgeSec=34 XhaulState=HEALTHY DonorUnavailableActive=0 SatBackhaulHealthy=0 UavSwitchingXappAvailable=1 UavSwitchingXappState=STANDBY BackhaulMode=TN_DIRECT RicControlState=TN_E2 ActiveUavRic=TN_NEAR_RT_RIC NormalUeHandoverAllowed=1 UavMode=TN_CONTROLLED_COVERAGE_EXTENSION
UAV_AUTONOMY_XAPP Time=38.5 DeploymentMode=tn-uav UavIndex=1 UavCellId=6 BestDonorCellId=4 BestDonorDistanceM=525.759 XhaulConnected=1 XhaulChannelVariationDb=0 RawXhaulState=HEALTHY RawXhaulStateAgeSec=34 XhaulState=HEALTHY DonorUnavailableActive=0 SatBackhaulHealthy=0 UavSwitchingXappAvailable=1 UavSwitchingXappState=STANDBY BackhaulMode=TN_DIRECT RicControlState=TN_E2 ActiveUavRic=TN_NEAR_RT_RIC NormalUeHandoverAllowed=1 UavMode=TN_CONTROLLED_COVERAGE_EXTENSION
UAV_AUTONOMY_XAPP Time=38.5 DeploymentMode=tn-uav UavIndex=2 UavCellId=7 BestDonorCellId=2 BestDonorDistanceM=537.752 XhaulConnected=1 XhaulChannelVariationDb=0 RawXhaulState=HEALTHY RawXhaulStateAgeSec=34 XhaulState=HEALTHY DonorUnavailableActive=0 SatBackhaulHealthy=0 UavSwitchingXappAvailable=1 UavSwitchingXappState=STANDBY BackhaulMode=TN_DIRECT RicControlState=TN_E2 ActiveUavRic=TN_NEAR_RT_RIC NormalUeHandoverAllowed=1 UavMode=TN_CONTROLLED_COVERAGE_EXTENSION
---- LOAD at t=38.5 ----
  cell 1 (TN) load=10/20
  cell 2 (TN) load=4/20
  cell 3 (TN) load=12/20
  cell 4 (TN) load=6/20
  cell 5 (NTN) load=9/10
  cell 6 (NTN) load=8/10
  cell 7 (NTN) load=3/10
UE 9 TTT_WAIT target=1 elapsed=0s need=2s
LM HO_FAIL_LOW_RSRP UE=11 currCell=6 candCell=7 candRsrp=-110.391 < min=-110
LM HO UE=13 rnti=78 1->2 type=TN servingRsrp=-107.124 targetRsrp=-96.7857 targetLoadReal=4/20 targetLoadEff=4/20
UE 18 TTT_WAIT target=1 elapsed=0s need=2s
UE 19 TTT_WAIT target=1 elapsed=0s need=2s
UE 24 TTT_WAIT target=1 elapsed=0s need=2s
UE 26 TTT_WAIT target=2 elapsed=0s need=2s
UE 30 TTT_WAIT target=2 elapsed=0s need=2s
UE 32 TTT_WAIT target=4 elapsed=0s need=2s
UE 33 TTT_WAIT target=2 elapsed=0s need=2s
LM HO_FAIL_LOW_RSRP UE=35 currCell=3 candCell=5 candRsrp=-115.604 < min=-110
UE 41 TTT_WAIT target=2 elapsed=0s need=2s
UE 47 TTT_WAIT target=2 elapsed=0s need=2s
UE 48 TTT_WAIT target=3 elapsed=0s need=2s
UE 55 TTT_WAIT target=4 elapsed=0s need=2s
LM HO_FAIL_LOW_RSRP UE=59 currCell=3 candCell=1 candRsrp=-128.785 < min=-110
UE 61 TTT_WAIT target=2 elapsed=0s need=2s
LM HO UE=64 rnti=112 6->2 type=TN servingRsrp=-118.003 targetRsrp=-105.628 targetLoadReal=4/20 targetLoadEff=5/20
UE 70 TTT_WAIT target=6 elapsed=0s need=2s
UE 75 TTT_WAIT target=3 elapsed=0s need=2s
LM HO_FAIL_LOW_RSRP UE=79 currCell=6 candCell=7 candRsrp=-114.113 < min=-110
LM HO UE=84 rnti=60 1->3 type=TN servingRsrp=-93.4317 targetRsrp=-82.1881 targetLoadReal=12/20 targetLoadEff=12/20
LM HO_FAIL_LOW_RSRP UE=86 currCell=2 candCell=7 candRsrp=-111.276 < min=-110
UE 92 TTT_WAIT target=2 elapsed=0s need=2s
UE 98 TTT_WAIT target=3 elapsed=0s need=2s
UE 104 TTT_WAIT target=1 elapsed=0s need=2s
UE 105 TTT_WAIT target=3 elapsed=0s need=2s
TRACE HO_SUCCESS Time=38.6151 IMSI=12 TargetCell=2 Type=TN TargetRSRP=-72.4038 ServingRSRP=-108.504 BackhaulDlSnr=-999 BackhaulUlSnr=-999
TRACE HO_SUCCESS Time=38.6151 IMSI=63 TargetCell=2 Type=TN TargetRSRP=-130.16 ServingRSRP=-90.9016 BackhaulDlSnr=-999 BackhaulUlSnr=-999
TRACE HO_SUCCESS Time=38.6151 IMSI=83 TargetCell=3 Type=TN TargetRSRP=-113.127 ServingRSRP=-75.9329 BackhaulDlSnr=-999 BackhaulUlSnr=-999
UAV_AUTONOMY_XAPP Time=40.5 DeploymentMode=tn-uav UavIndex=0 UavCellId=5 BestDonorCellId=1 BestDonorDistanceM=1640.24 XhaulConnected=1 XhaulChannelVariationDb=0 RawXhaulState=HEALTHY RawXhaulStateAgeSec=36 XhaulState=HEALTHY DonorUnavailableActive=0 SatBackhaulHealthy=0 UavSwitchingXappAvailable=1 UavSwitchingXappState=STANDBY BackhaulMode=TN_DIRECT RicControlState=TN_E2 ActiveUavRic=TN_NEAR_RT_RIC NormalUeHandoverAllowed=1 UavMode=TN_CONTROLLED_COVERAGE_EXTENSION
UAV_AUTONOMY_XAPP Time=40.5 DeploymentMode=tn-uav UavIndex=1 UavCellId=6 BestDonorCellId=4 BestDonorDistanceM=545.421 XhaulConnected=1 XhaulChannelVariationDb=0 RawXhaulState=HEALTHY RawXhaulStateAgeSec=36 XhaulState=HEALTHY DonorUnavailableActive=0 SatBackhaulHealthy=0 UavSwitchingXappAvailable=1 UavSwitchingXappState=STANDBY BackhaulMode=TN_DIRECT RicControlState=TN_E2 ActiveUavRic=TN_NEAR_RT_RIC NormalUeHandoverAllowed=1 UavMode=TN_CONTROLLED_COVERAGE_EXTENSION
UAV_AUTONOMY_XAPP Time=40.5 DeploymentMode=tn-uav UavIndex=2 UavCellId=7 BestDonorCellId=2 BestDonorDistanceM=519.066 XhaulConnected=1 XhaulChannelVariationDb=0 RawXhaulState=HEALTHY RawXhaulStateAgeSec=36 XhaulState=HEALTHY DonorUnavailableActive=0 SatBackhaulHealthy=0 UavSwitchingXappAvailable=1 UavSwitchingXappState=STANDBY BackhaulMode=TN_DIRECT RicControlState=TN_E2 ActiveUavRic=TN_NEAR_RT_RIC NormalUeHandoverAllowed=1 UavMode=TN_CONTROLLED_COVERAGE_EXTENSION
---- LOAD at t=40.5 ----
  cell 1 (TN) load=8/20
  cell 2 (TN) load=6/20
  cell 3 (TN) load=13/20
  cell 4 (TN) load=7/20
  cell 5 (NTN) load=9/10
  cell 6 (NTN) load=7/10
  cell 7 (NTN) load=3/10
UE 9 TTT_WAIT target=4 elapsed=0s need=2s
UE 10 TTT_WAIT target=1 elapsed=0s need=2s
UE 11 TTT_WAIT target=4 elapsed=0s need=2s
LM HO UE=18 rnti=64 3->1 type=TN servingRsrp=-108.076 targetRsrp=-92.2147 targetLoadReal=8/20 targetLoadEff=8/20
UE 19 TTT_WAIT target=2 elapsed=0s need=2s
UE 20 TTT_WAIT target=2 elapsed=0s need=2s
UE 21 TTT_WAIT target=4 elapsed=0s need=2s
LM HO_FAIL_LOW_RSRP UE=24 currCell=3 candCell=1 candRsrp=-112.229 < min=-110
LM HO UE=26 rnti=55 3->2 type=TN servingRsrp=-132.877 targetRsrp=-98.5096 targetLoadReal=6/20 targetLoadEff=6/20
LM HO_FAIL_LOW_RSRP UE=30 currCell=1 candCell=5 candRsrp=-119.788 < min=-110
UE 33 TTT_WAIT target=1 elapsed=0s need=2s
LM HO_FAIL_LOW_RSRP UE=41 currCell=1 candCell=4 candRsrp=-110.414 < min=-110
UE 45 TTT_WAIT target=1 elapsed=0s need=2s
UE 47 TTT_WAIT target=1 elapsed=0s need=2s
UE 48 TTT_WAIT target=4 elapsed=0s need=2s
UE 56 TTT_WAIT target=6 elapsed=0s need=2s
UE 58 TTT_WAIT target=1 elapsed=0s need=2s
UE 59 TTT_WAIT target=1 elapsed=0s need=2s
UE 64 TTT_WAIT target=4 elapsed=0s need=2s
UE 69 TTT_WAIT target=6 elapsed=0s need=2s
LM HO UE=70 rnti=27 4->6 type=NTN servingRsrp=-104.196 targetRsrp=-87.9831 targetLoadReal=7/10 targetLoadEff=7/10
UE 71 TTT_WAIT target=3 elapsed=0s need=2s
LM HO_FAIL_LOW_RSRP UE=74 currCell=3 candCell=1 candRsrp=-113.156 < min=-110
UE 79 TTT_WAIT target=4 elapsed=0s need=2s
UE 84 TTT_WAIT target=1 elapsed=0s need=2s
UE 85 TTT_WAIT target=3 elapsed=0s need=2s
LM HO_FAIL_LOW_RSRP UE=86 currCell=2 candCell=1 candRsrp=-118.593 < min=-110
UE 90 TTT_WAIT target=3 elapsed=0s need=2s
UE 96 TTT_WAIT target=3 elapsed=0s need=2s
UE 97 TTT_WAIT target=3 elapsed=0s need=2s
LM HO UE=98 rnti=24 7->3 type=TN servingRsrp=-132.805 targetRsrp=-90.9571 targetLoadReal=13/20 targetLoadEff=13/20
LM HO_FAIL_LOW_RSRP UE=99 currCell=5 candCell=7 candRsrp=-112.517 < min=-110
LM HO_FAIL_LOW_RSRP UE=105 currCell=4 candCell=6 candRsrp=-110.834 < min=-110
TRACE HO_SUCCESS Time=40.6151 IMSI=17 TargetCell=1 Type=TN TargetRSRP=-100.809 ServingRSRP=-123.417 BackhaulDlSnr=-999 BackhaulUlSnr=-999
TRACE HO_SUCCESS Time=40.6151 IMSI=25 TargetCell=2 Type=TN TargetRSRP=-105.024 ServingRSRP=-106.084 BackhaulDlSnr=-999 BackhaulUlSnr=-999
TRACE HO_SUCCESS Time=40.6151 IMSI=97 TargetCell=3 Type=TN TargetRSRP=-101.141 ServingRSRP=-121.686 BackhaulDlSnr=-999 BackhaulUlSnr=-999
TRACE HO_SUCCESS Time=40.6151 IMSI=69 TargetCell=6 Type=NTN TargetRSRP=-94.6648 ServingRSRP=-100.755 BackhaulDlSnr=-999 BackhaulUlSnr=-999
UAV_AUTONOMY_XAPP Time=42.5 DeploymentMode=tn-uav UavIndex=0 UavCellId=5 BestDonorCellId=1 BestDonorDistanceM=1659.41 XhaulConnected=1 XhaulChannelVariationDb=0 RawXhaulState=HEALTHY RawXhaulStateAgeSec=38 XhaulState=HEALTHY DonorUnavailableActive=0 SatBackhaulHealthy=0 UavSwitchingXappAvailable=1 UavSwitchingXappState=STANDBY BackhaulMode=TN_DIRECT RicControlState=TN_E2 ActiveUavRic=TN_NEAR_RT_RIC NormalUeHandoverAllowed=1 UavMode=TN_CONTROLLED_COVERAGE_EXTENSION
UAV_AUTONOMY_XAPP Time=42.5 DeploymentMode=tn-uav UavIndex=1 UavCellId=6 BestDonorCellId=4 BestDonorDistanceM=590.21 XhaulConnected=1 XhaulChannelVariationDb=0 RawXhaulState=HEALTHY RawXhaulStateAgeSec=38 XhaulState=HEALTHY DonorUnavailableActive=0 SatBackhaulHealthy=0 UavSwitchingXappAvailable=1 UavSwitchingXappState=STANDBY BackhaulMode=TN_DIRECT RicControlState=TN_E2 ActiveUavRic=TN_NEAR_RT_RIC NormalUeHandoverAllowed=1 UavMode=TN_CONTROLLED_COVERAGE_EXTENSION
UAV_AUTONOMY_XAPP Time=42.5 DeploymentMode=tn-uav UavIndex=2 UavCellId=7 BestDonorCellId=2 BestDonorDistanceM=536.412 XhaulConnected=1 XhaulChannelVariationDb=0 RawXhaulState=HEALTHY RawXhaulStateAgeSec=38 XhaulState=HEALTHY DonorUnavailableActive=0 SatBackhaulHealthy=0 UavSwitchingXappAvailable=1 UavSwitchingXappState=STANDBY BackhaulMode=TN_DIRECT RicControlState=TN_E2 ActiveUavRic=TN_NEAR_RT_RIC NormalUeHandoverAllowed=1 UavMode=TN_CONTROLLED_COVERAGE_EXTENSION
---- LOAD at t=42.5 ----
  cell 1 (TN) load=9/20
  cell 2 (TN) load=7/20
  cell 3 (TN) load=12/20
  cell 4 (TN) load=6/20
  cell 5 (NTN) load=10/10
  cell 6 (NTN) load=8/10
  cell 7 (NTN) load=3/10
UE 9 TTT_WAIT target=1 elapsed=0s need=2s
UE 11 TTT_WAIT target=3 elapsed=0s need=2s
UE 13 TTT_WAIT target=1 elapsed=0s need=2s
LM HO UE=20 rnti=76 1->2 type=TN servingRsrp=-110.105 targetRsrp=-77.8625 targetLoadReal=7/20 targetLoadEff=7/20
UE 23 TTT_WAIT target=2 elapsed=0s need=2s
LM HO_FAIL_LOW_RSRP UE=24 currCell=3 candCell=1 candRsrp=-110.676 < min=-110
LM HO_FAIL_LOW_RSRP UE=30 currCell=1 candCell=6 candRsrp=-127.568 < min=-110
UE 33 TTT_WAIT target=2 elapsed=0s need=2s
UE 35 TTT_WAIT target=1 elapsed=0s need=2s
UE 41 TTT_WAIT target=2 elapsed=0s need=2s
UE 45 TTT_WAIT target=3 elapsed=0s need=2s
UE 46 TTT_WAIT target=1 elapsed=0s need=2s
UE 55 TTT_WAIT target=6 elapsed=0s need=2s
LM HO UE=56 rnti=8 1->6 type=NTN servingRsrp=-106.671 targetRsrp=-96.504 targetLoadReal=8/10 targetLoadEff=8/10
UE 59 TTT_WAIT target=7 elapsed=0s need=2s
LM HO_FAIL_LOW_RSRP UE=64 currCell=2 candCell=1 candRsrp=-111.965 < min=-110
UE 66 TTT_WAIT target=2 elapsed=0s need=2s
LM HO UE=69 rnti=36 4->6 type=NTN servingRsrp=-115.71 targetRsrp=-97.5176 targetLoadReal=8/10 targetLoadEff=9/10
UE 70 TTT_WAIT target=4 elapsed=0s need=2s
UE 71 TTT_WAIT target=2 elapsed=0s need=2s
LM HO_FAIL_LOW_RSRP UE=74 currCell=3 candCell=7 candRsrp=-134.321 < min=-110
LM HO UE=79 rnti=30 6->4 type=TN servingRsrp=-97.5127 targetRsrp=-87.6008 targetLoadReal=6/20 targetLoadEff=6/20
LM HO UE=84 rnti=69 3->1 type=TN servingRsrp=-96.6593 targetRsrp=-69.2701 targetLoadReal=9/20 targetLoadEff=9/20
UE 85 TTT_WAIT target=1 elapsed=0s need=2s
LM HO_FAIL_LOW_RSRP UE=86 currCell=2 candCell=4 candRsrp=-118.063 < min=-110
LM HO_FAIL_LOW_RSRP UE=90 currCell=1 candCell=4 candRsrp=-114.946 < min=-110
LM HO UE=97 rnti=16 1->3 type=TN servingRsrp=-111.875 targetRsrp=-95.4571 targetLoadReal=12/20 targetLoadEff=12/20
UE 98 TTT_WAIT target=2 elapsed=0s need=2s
UE 99 TTT_WAIT target=1 elapsed=0s need=2s
UE 104 TTT_WAIT target=7 elapsed=0s need=2s
LM HO_FAIL_LOW_RSRP UE=105 currCell=4 candCell=7 candRsrp=-138.223 < min=-110
TRACE HO_SUCCESS Time=42.6151 IMSI=83 TargetCell=1 Type=TN TargetRSRP=-102.565 ServingRSRP=-103.382 BackhaulDlSnr=-999 BackhaulUlSnr=-999
TRACE HO_SUCCESS Time=42.6151 IMSI=19 TargetCell=2 Type=TN TargetRSRP=-88.8671 ServingRSRP=-109.677 BackhaulDlSnr=-999 BackhaulUlSnr=-999
TRACE HO_SUCCESS Time=42.6151 IMSI=96 TargetCell=3 Type=TN TargetRSRP=-89.2682 ServingRSRP=-110.074 BackhaulDlSnr=-999 BackhaulUlSnr=-999
TRACE HO_SUCCESS Time=42.6151 IMSI=78 TargetCell=4 Type=TN TargetRSRP=-120.747 ServingRSRP=-93.0285 BackhaulDlSnr=-999 BackhaulUlSnr=-999
TRACE HO_SUCCESS Time=42.6151 IMSI=55 TargetCell=6 Type=NTN TargetRSRP=-134.756 ServingRSRP=-90.9662 BackhaulDlSnr=-999 BackhaulUlSnr=-999
TRACE HO_SUCCESS Time=42.6151 IMSI=68 TargetCell=6 Type=NTN TargetRSRP=-113.688 ServingRSRP=-106.373 BackhaulDlSnr=-999 BackhaulUlSnr=-999
UAV_AUTONOMY_XAPP Time=44.5 DeploymentMode=tn-uav UavIndex=0 UavCellId=5 BestDonorCellId=1 BestDonorDistanceM=1666.31 XhaulConnected=1 XhaulChannelVariationDb=0 RawXhaulState=HEALTHY RawXhaulStateAgeSec=40 XhaulState=HEALTHY DonorUnavailableActive=0 SatBackhaulHealthy=0 UavSwitchingXappAvailable=1 UavSwitchingXappState=STANDBY BackhaulMode=TN_DIRECT RicControlState=TN_E2 ActiveUavRic=TN_NEAR_RT_RIC NormalUeHandoverAllowed=1 UavMode=TN_CONTROLLED_COVERAGE_EXTENSION
UAV_AUTONOMY_XAPP Time=44.5 DeploymentMode=tn-uav UavIndex=1 UavCellId=6 BestDonorCellId=4 BestDonorDistanceM=623.354 XhaulConnected=1 XhaulChannelVariationDb=0 RawXhaulState=HEALTHY RawXhaulStateAgeSec=40 XhaulState=HEALTHY DonorUnavailableActive=0 SatBackhaulHealthy=0 UavSwitchingXappAvailable=1 UavSwitchingXappState=STANDBY BackhaulMode=TN_DIRECT RicControlState=TN_E2 ActiveUavRic=TN_NEAR_RT_RIC NormalUeHandoverAllowed=1 UavMode=TN_CONTROLLED_COVERAGE_EXTENSION
UAV_AUTONOMY_XAPP Time=44.5 DeploymentMode=tn-uav UavIndex=2 UavCellId=7 BestDonorCellId=2 BestDonorDistanceM=519.542 XhaulConnected=1 XhaulChannelVariationDb=0 RawXhaulState=HEALTHY RawXhaulStateAgeSec=40 XhaulState=HEALTHY DonorUnavailableActive=0 SatBackhaulHealthy=0 UavSwitchingXappAvailable=1 UavSwitchingXappState=STANDBY BackhaulMode=TN_DIRECT RicControlState=TN_E2 ActiveUavRic=TN_NEAR_RT_RIC NormalUeHandoverAllowed=1 UavMode=TN_CONTROLLED_COVERAGE_EXTENSION
---- LOAD at t=44.5 ----
  cell 1 (TN) load=7/20
  cell 2 (TN) load=8/20
  cell 3 (TN) load=12/20
  cell 4 (TN) load=6/20
  cell 5 (NTN) load=10/10
  cell 6 (NTN) load=9/10
  cell 7 (NTN) load=3/10
UE 11 TTT_WAIT target=4 elapsed=0s need=2s
UE 20 TTT_WAIT target=1 elapsed=0s need=2s
LM HO_FAIL_LOW_RSRP UE=24 currCell=3 candCell=1 candRsrp=-112.3 < min=-110
LM HO_FAIL_LOW_RSRP UE=26 currCell=2 candCell=1 candRsrp=-118.704 < min=-110
UE 37 TTT_WAIT target=6 elapsed=0s need=2s
UE 41 TTT_WAIT target=3 elapsed=0s need=2s
UE 45 TTT_WAIT target=1 elapsed=0s need=2s
UE 47 TTT_WAIT target=1 elapsed=0s need=2s
UE 55 TTT_WAIT target=4 elapsed=0s need=2s
UE 56 TTT_WAIT target=1 elapsed=0s need=2s
LM HO_FAIL_LOW_RSRP UE=59 currCell=3 candCell=2 candRsrp=-127.003 < min=-110
UE 60 TTT_WAIT target=3 elapsed=0s need=2s
UE 61 TTT_WAIT target=3 elapsed=0s need=2s
UE 64 TTT_WAIT target=1 elapsed=0s need=2s
UE 69 TTT_WAIT target=1 elapsed=0s need=2s
LM HO UE=70 rnti=114 6->4 type=TN servingRsrp=-115.576 targetRsrp=-107.049 targetLoadReal=6/20 targetLoadEff=6/20
UE 74 TTT_WAIT target=1 elapsed=0s need=2s
UE 79 TTT_WAIT target=1 elapsed=0s need=2s
LM HO_FAIL_LOW_RSRP UE=85 currCell=4 candCell=6 candRsrp=-134.743 < min=-110
LM HO_FAIL_LOW_RSRP UE=86 currCell=2 candCell=6 candRsrp=-124.708 < min=-110
UE 90 TTT_WAIT target=7 elapsed=0s need=2s
LM HO_FAIL_LOW_RSRP UE=96 currCell=2 candCell=7 candRsrp=-125.413 < min=-110
UE 98 TTT_WAIT target=1 elapsed=0s need=2s
LM HO UE=104 rnti=63 3->7 type=NTN servingRsrp=-109.023 targetRsrp=-91.3601 targetLoadReal=3/10 targetLoadEff=3/10
LM HO_FAIL_LOW_RSRP UE=105 currCell=4 candCell=2 candRsrp=-113.773 < min=-110
TRACE HO_SUCCESS Time=44.6151 IMSI=69 TargetCell=4 Type=TN TargetRSRP=-108.419 ServingRSRP=-118.929 BackhaulDlSnr=-999 BackhaulUlSnr=-999
TRACE HO_SUCCESS Time=44.6151 IMSI=103 TargetCell=7 Type=NTN TargetRSRP=-91.0653 ServingRSRP=-79.6765 BackhaulDlSnr=-999 BackhaulUlSnr=-999
UAV_AUTONOMY_XAPP Time=46.5 DeploymentMode=tn-uav UavIndex=0 UavCellId=5 BestDonorCellId=1 BestDonorDistanceM=1666.31 XhaulConnected=1 XhaulChannelVariationDb=0 RawXhaulState=HEALTHY RawXhaulStateAgeSec=42 XhaulState=HEALTHY DonorUnavailableActive=0 SatBackhaulHealthy=0 UavSwitchingXappAvailable=1 UavSwitchingXappState=STANDBY BackhaulMode=TN_DIRECT RicControlState=TN_E2 ActiveUavRic=TN_NEAR_RT_RIC NormalUeHandoverAllowed=1 UavMode=TN_CONTROLLED_COVERAGE_EXTENSION
UAV_AUTONOMY_XAPP Time=46.5 DeploymentMode=tn-uav UavIndex=1 UavCellId=6 BestDonorCellId=4 BestDonorDistanceM=654.564 XhaulConnected=1 XhaulChannelVariationDb=0 RawXhaulState=HEALTHY RawXhaulStateAgeSec=42 XhaulState=HEALTHY DonorUnavailableActive=0 SatBackhaulHealthy=0 UavSwitchingXappAvailable=1 UavSwitchingXappState=STANDBY BackhaulMode=TN_DIRECT RicControlState=TN_E2 ActiveUavRic=TN_NEAR_RT_RIC NormalUeHandoverAllowed=1 UavMode=TN_CONTROLLED_COVERAGE_EXTENSION
UAV_AUTONOMY_XAPP Time=46.5 DeploymentMode=tn-uav UavIndex=2 UavCellId=7 BestDonorCellId=2 BestDonorDistanceM=495.244 XhaulConnected=1 XhaulChannelVariationDb=0 RawXhaulState=HEALTHY RawXhaulStateAgeSec=42 XhaulState=HEALTHY DonorUnavailableActive=0 SatBackhaulHealthy=0 UavSwitchingXappAvailable=1 UavSwitchingXappState=STANDBY BackhaulMode=TN_DIRECT RicControlState=TN_E2 ActiveUavRic=TN_NEAR_RT_RIC NormalUeHandoverAllowed=1 UavMode=TN_CONTROLLED_COVERAGE_EXTENSION
---- LOAD at t=46.5 ----
  cell 1 (TN) load=7/20
  cell 2 (TN) load=8/20
  cell 3 (TN) load=11/20
  cell 4 (TN) load=7/20
  cell 5 (NTN) load=10/10
  cell 6 (NTN) load=8/10
  cell 7 (NTN) load=4/10
UE 9 TTT_WAIT target=1 elapsed=0s need=2s
UE 13 TTT_WAIT target=1 elapsed=0s need=2s
UE 19 TTT_WAIT target=2 elapsed=0s need=2s
LM HO UE=20 rnti=35 2->1 type=TN servingRsrp=-114.371 targetRsrp=-108.168 targetLoadReal=7/20 targetLoadEff=7/20
UE 23 TTT_WAIT target=1 elapsed=0s need=2s
UE 26 TTT_WAIT target=4 elapsed=0s need=2s
LM HO_FAIL_LOW_RSRP UE=30 currCell=1 candCell=6 candRsrp=-142.932 < min=-110
UE 33 TTT_WAIT target=2 elapsed=0s need=2s
LM HO_FAIL_LOW_RSRP UE=35 currCell=3 candCell=7 candRsrp=-127.304 < min=-110
UE 37 TTT_WAIT target=1 elapsed=0s need=2s
UE 41 TTT_WAIT target=4 elapsed=0s need=2s
UE 47 TTT_WAIT target=2 elapsed=0s need=2s
UE 48 TTT_WAIT target=2 elapsed=0s need=2s
LM HO UE=56 rnti=115 6->1 type=TN servingRsrp=-121.918 targetRsrp=-82.5743 targetLoadReal=7/20 targetLoadEff=8/20
LM HO_FAIL_LOW_RSRP UE=59 currCell=3 candCell=7 candRsrp=-141.186 < min=-110
UE 64 TTT_WAIT target=3 elapsed=0s need=2s
UE 69 TTT_WAIT target=4 elapsed=0s need=2s
LM HO_FAIL_LOW_RSRP UE=74 currCell=3 candCell=1 candRsrp=-115.283 < min=-110
UE 75 TTT_WAIT target=7 elapsed=0s need=2s
LM HO UE=79 rnti=37 4->1 type=TN servingRsrp=-114.159 targetRsrp=-108.755 targetLoadReal=7/20 targetLoadEff=9/20
UE 84 TTT_WAIT target=3 elapsed=0s need=2s
UE 85 TTT_WAIT target=3 elapsed=0s need=2s
UE 86 TTT_WAIT target=6 elapsed=0s need=2s
UE 90 TTT_WAIT target=4 elapsed=0s need=2s
UE 92 TTT_WAIT target=3 elapsed=0s need=2s
UE 95 TTT_WAIT target=7 elapsed=0s need=2s
UE 97 TTT_WAIT target=1 elapsed=0s need=2s
UE 98 TTT_WAIT target=4 elapsed=0s need=2s
UE 104 TTT_WAIT target=3 elapsed=0s need=2s
UE 105 TTT_WAIT target=3 elapsed=0s need=2s
TRACE HO_SUCCESS Time=46.6151 IMSI=19 TargetCell=1 Type=TN TargetRSRP=-72.2803 ServingRSRP=-99.9622 BackhaulDlSnr=-999 BackhaulUlSnr=-999
TRACE HO_SUCCESS Time=46.6151 IMSI=78 TargetCell=1 Type=TN TargetRSRP=-98.4029 ServingRSRP=-97.2341 BackhaulDlSnr=-999 BackhaulUlSnr=-999
TRACE HO_SUCCESS Time=46.6151 IMSI=55 TargetCell=1 Type=TN TargetRSRP=-118.235 ServingRSRP=-116.369 BackhaulDlSnr=-999 BackhaulUlSnr=-999
UAV_AUTONOMY_XAPP Time=48.5 DeploymentMode=tn-uav UavIndex=0 UavCellId=5 BestDonorCellId=1 BestDonorDistanceM=1666.31 XhaulConnected=1 XhaulChannelVariationDb=0 RawXhaulState=HEALTHY RawXhaulStateAgeSec=44 XhaulState=HEALTHY DonorUnavailableActive=0 SatBackhaulHealthy=0 UavSwitchingXappAvailable=1 UavSwitchingXappState=STANDBY BackhaulMode=TN_DIRECT RicControlState=TN_E2 ActiveUavRic=TN_NEAR_RT_RIC NormalUeHandoverAllowed=1 UavMode=TN_CONTROLLED_COVERAGE_EXTENSION
UAV_AUTONOMY_XAPP Time=48.5 DeploymentMode=tn-uav UavIndex=1 UavCellId=6 BestDonorCellId=4 BestDonorDistanceM=690.83 XhaulConnected=1 XhaulChannelVariationDb=0 RawXhaulState=HEALTHY RawXhaulStateAgeSec=44 XhaulState=HEALTHY DonorUnavailableActive=0 SatBackhaulHealthy=0 UavSwitchingXappAvailable=1 UavSwitchingXappState=STANDBY BackhaulMode=TN_DIRECT RicControlState=TN_E2 ActiveUavRic=TN_NEAR_RT_RIC NormalUeHandoverAllowed=1 UavMode=TN_CONTROLLED_COVERAGE_EXTENSION
UAV_AUTONOMY_XAPP Time=48.5 DeploymentMode=tn-uav UavIndex=2 UavCellId=7 BestDonorCellId=2 BestDonorDistanceM=474.73 XhaulConnected=1 XhaulChannelVariationDb=0 RawXhaulState=HEALTHY RawXhaulStateAgeSec=44 XhaulState=HEALTHY DonorUnavailableActive=0 SatBackhaulHealthy=0 UavSwitchingXappAvailable=1 UavSwitchingXappState=STANDBY BackhaulMode=TN_DIRECT RicControlState=TN_E2 ActiveUavRic=TN_NEAR_RT_RIC NormalUeHandoverAllowed=1 UavMode=TN_CONTROLLED_COVERAGE_EXTENSION
---- LOAD at t=48.5 ----
  cell 1 (TN) load=11/20
  cell 2 (TN) load=7/20
  cell 3 (TN) load=11/20
  cell 4 (TN) load=6/20
  cell 5 (NTN) load=10/10
  cell 6 (NTN) load=7/10
  cell 7 (NTN) load=4/10
LM HO UE=9 rnti=27 2->1 type=TN servingRsrp=-120.788 targetRsrp=-105.022 targetLoadReal=11/20 targetLoadEff=11/20
UE 11 TTT_WAIT target=2 elapsed=0s need=2s
LM HO UE=23 rnti=66 3->1 type=TN servingRsrp=-111.428 targetRsrp=-92.9077 targetLoadReal=11/20 targetLoadEff=12/20
LM HO_FAIL_LOW_RSRP UE=24 currCell=3 candCell=1 candRsrp=-112.513 < min=-110
LM HO_FAIL_LOW_RSRP UE=30 currCell=1 candCell=3 candRsrp=-125.888 < min=-110
UE 35 TTT_WAIT target=2 elapsed=0s need=2s
UE 41 TTT_WAIT target=3 elapsed=0s need=2s
UE 45 TTT_WAIT target=1 elapsed=0s need=2s
LM HO UE=47 rnti=65 3->2 type=TN servingRsrp=-119.266 targetRsrp=-78.2526 targetLoadReal=7/20 targetLoadEff=7/20
UE 55 TTT_WAIT target=4 elapsed=0s need=2s
UE 56 TTT_WAIT target=2 elapsed=0s need=2s
UE 70 TTT_WAIT target=2 elapsed=0s need=2s
UE 71 TTT_WAIT target=2 elapsed=0s need=2s
LM HO_FAIL_LOW_RSRP UE=74 currCell=3 candCell=7 candRsrp=-128.744 < min=-110
UE 75 TTT_WAIT target=2 elapsed=0s need=2s
LM HO_FAIL_LOW_RSRP UE=79 currCell=1 candCell=4 candRsrp=-116.444 < min=-110
UE 84 TTT_WAIT target=2 elapsed=0s need=2s
LM HO_FAIL_LOW_RSRP UE=85 currCell=4 candCell=1 candRsrp=-116.158 < min=-110
UE 86 TTT_WAIT target=1 elapsed=0s need=2s
LM HO UE=90 rnti=77 1->4 type=TN servingRsrp=-115.227 targetRsrp=-103.004 targetLoadReal=6/20 targetLoadEff=6/20
UE 92 TTT_WAIT target=2 elapsed=0s need=2s
LM HO_FAIL_LOW_RSRP UE=95 currCell=4 candCell=6 candRsrp=-128.496 < min=-110
LM HO UE=97 rnti=71 3->1 type=TN servingRsrp=-121.131 targetRsrp=-84.3479 targetLoadReal=11/20 targetLoadEff=13/20
LM HO_FAIL_LOW_RSRP UE=98 currCell=3 candCell=2 candRsrp=-119.748 < min=-110
TRACE HO_SUCCESS Time=48.6151 IMSI=8 TargetCell=1 Type=TN TargetRSRP=-118.943 ServingRSRP=-94.2765 BackhaulDlSnr=-999 BackhaulUlSnr=-999
TRACE HO_SUCCESS Time=48.6151 IMSI=96 TargetCell=1 Type=TN TargetRSRP=-93.2609 ServingRSRP=-79.5614 BackhaulDlSnr=-999 BackhaulUlSnr=-999
TRACE HO_SUCCESS Time=48.6151 IMSI=22 TargetCell=1 Type=TN TargetRSRP=-111.598 ServingRSRP=-68.0573 BackhaulDlSnr=-999 BackhaulUlSnr=-999
TRACE HO_SUCCESS Time=48.6151 IMSI=46 TargetCell=2 Type=TN TargetRSRP=-111.431 ServingRSRP=-108.767 BackhaulDlSnr=-999 BackhaulUlSnr=-999
TRACE HO_SUCCESS Time=48.6151 IMSI=89 TargetCell=4 Type=TN TargetRSRP=-117.16 ServingRSRP=-94.6281 BackhaulDlSnr=-999 BackhaulUlSnr=-999
UAV_AUTONOMY_XAPP Time=50.5 DeploymentMode=tn-uav UavIndex=0 UavCellId=5 BestDonorCellId=1 BestDonorDistanceM=1666.31 XhaulConnected=1 XhaulChannelVariationDb=0 RawXhaulState=HEALTHY RawXhaulStateAgeSec=46 XhaulState=HEALTHY DonorUnavailableActive=0 SatBackhaulHealthy=0 UavSwitchingXappAvailable=1 UavSwitchingXappState=STANDBY BackhaulMode=TN_DIRECT RicControlState=TN_E2 ActiveUavRic=TN_NEAR_RT_RIC NormalUeHandoverAllowed=1 UavMode=TN_CONTROLLED_COVERAGE_EXTENSION
UAV_AUTONOMY_XAPP Time=50.5 DeploymentMode=tn-uav UavIndex=1 UavCellId=6 BestDonorCellId=4 BestDonorDistanceM=728.072 XhaulConnected=1 XhaulChannelVariationDb=0 RawXhaulState=HEALTHY RawXhaulStateAgeSec=46 XhaulState=HEALTHY DonorUnavailableActive=0 SatBackhaulHealthy=0 UavSwitchingXappAvailable=1 UavSwitchingXappState=STANDBY BackhaulMode=TN_DIRECT RicControlState=TN_E2 ActiveUavRic=TN_NEAR_RT_RIC NormalUeHandoverAllowed=1 UavMode=TN_CONTROLLED_COVERAGE_EXTENSION
UAV_AUTONOMY_XAPP Time=50.5 DeploymentMode=tn-uav UavIndex=2 UavCellId=7 BestDonorCellId=2 BestDonorDistanceM=458.262 XhaulConnected=1 XhaulChannelVariationDb=0 RawXhaulState=HEALTHY RawXhaulStateAgeSec=46 XhaulState=HEALTHY DonorUnavailableActive=0 SatBackhaulHealthy=0 UavSwitchingXappAvailable=1 UavSwitchingXappState=STANDBY BackhaulMode=TN_DIRECT RicControlState=TN_E2 ActiveUavRic=TN_NEAR_RT_RIC NormalUeHandoverAllowed=1 UavMode=TN_CONTROLLED_COVERAGE_EXTENSION
---- LOAD at t=50.5 ----
  cell 1 (TN) load=13/20
  cell 2 (TN) load=7/20
  cell 3 (TN) load=8/20
  cell 4 (TN) load=8/20
  cell 5 (NTN) load=10/10
  cell 6 (NTN) load=8/10
  cell 7 (NTN) load=5/10
LM HO_FAIL_LOW_RSRP UE=9 currCell=1 candCell=3 candRsrp=-119.83 < min=-110
UE 13 TTT_WAIT target=1 elapsed=0s need=2s
UE 19 TTT_WAIT target=1 elapsed=0s need=2s
UE 21 TTT_WAIT target=4 elapsed=0s need=2s
UE 24 TTT_WAIT target=2 elapsed=0s need=2s
UE 32 TTT_WAIT target=4 elapsed=0s need=2s
UE 33 TTT_WAIT target=1 elapsed=0s need=2s
UE 35 TTT_WAIT target=1 elapsed=0s need=2s
LM HO_FAIL_LOW_RSRP UE=37 currCell=4 candCell=1 candRsrp=-113.582 < min=-110
UE 41 TTT_WAIT target=2 elapsed=0s need=2s
LM HO UE=45 rnti=31 2->1 type=TN servingRsrp=-77.3805 targetRsrp=-69.4908 targetLoadReal=13/20 targetLoadEff=13/20
UE 46 TTT_WAIT target=2 elapsed=0s need=2s
UE 47 TTT_WAIT target=3 elapsed=0s need=2s
UE 48 TTT_WAIT target=1 elapsed=0s need=2s
UE 55 TTT_WAIT target=2 elapsed=0s need=2s
LM HO_FAIL_LOW_RSRP UE=56 currCell=1 candCell=6 candRsrp=-112.928 < min=-110
UE 59 TTT_WAIT target=7 elapsed=0s need=2s
UE 61 TTT_WAIT target=4 elapsed=0s need=2s
UE 64 TTT_WAIT target=4 elapsed=0s need=2s
UE 66 TTT_WAIT target=3 elapsed=0s need=2s
UE 69 TTT_WAIT target=4 elapsed=0s need=2s
UE 71 TTT_WAIT target=4 elapsed=0s need=2s
UE 73 TTT_WAIT target=6 elapsed=0s need=2s
LM HO_FAIL_LOW_RSRP UE=74 currCell=3 candCell=7 candRsrp=-129.779 < min=-110
LM HO_FAIL_LOW_RSRP UE=79 currCell=1 candCell=4 candRsrp=-115.253 < min=-110
LM HO_FAIL_LOW_RSRP UE=85 currCell=4 candCell=2 candRsrp=-121.449 < min=-110
UE 87 TTT_WAIT target=2 elapsed=0s need=2s
UE 90 TTT_WAIT target=2 elapsed=0s need=2s
LM HO UE=92 rnti=81 1->2 type=TN servingRsrp=-107.906 targetRsrp=-93.2091 targetLoadReal=7/20 targetLoadEff=7/20
UE 96 TTT_WAIT target=7 elapsed=0s need=2s
LM HO_FAIL_LOW_RSRP UE=97 currCell=1 candCell=6 candRsrp=-127.193 < min=-110
UE 99 TTT_WAIT target=3 elapsed=0s need=2s
UE 100 TTT_WAIT target=2 elapsed=0s need=2s
UE 104 TTT_WAIT target=3 elapsed=0s need=2s
UE 105 TTT_WAIT target=3 elapsed=0s need=2s
TRACE HO_SUCCESS Time=50.6151 IMSI=44 TargetCell=1 Type=TN TargetRSRP=-80.2058 ServingRSRP=-100.204 BackhaulDlSnr=-999 BackhaulUlSnr=-999
TRACE HO_SUCCESS Time=50.6151 IMSI=91 TargetCell=2 Type=TN TargetRSRP=-111.418 ServingRSRP=-112.117 BackhaulDlSnr=-999 BackhaulUlSnr=-999
UAV_AUTONOMY_XAPP Time=52.5 DeploymentMode=tn-uav UavIndex=0 UavCellId=5 BestDonorCellId=1 BestDonorDistanceM=1666.31 XhaulConnected=1 XhaulChannelVariationDb=0 RawXhaulState=HEALTHY RawXhaulStateAgeSec=48 XhaulState=HEALTHY DonorUnavailableActive=0 SatBackhaulHealthy=0 UavSwitchingXappAvailable=1 UavSwitchingXappState=STANDBY BackhaulMode=TN_DIRECT RicControlState=TN_E2 ActiveUavRic=TN_NEAR_RT_RIC NormalUeHandoverAllowed=1 UavMode=TN_CONTROLLED_COVERAGE_EXTENSION
UAV_AUTONOMY_XAPP Time=52.5 DeploymentMode=tn-uav UavIndex=1 UavCellId=6 BestDonorCellId=4 BestDonorDistanceM=762.983 XhaulConnected=1 XhaulChannelVariationDb=0 RawXhaulState=HEALTHY RawXhaulStateAgeSec=48 XhaulState=HEALTHY DonorUnavailableActive=0 SatBackhaulHealthy=0 UavSwitchingXappAvailable=1 UavSwitchingXappState=STANDBY BackhaulMode=TN_DIRECT RicControlState=TN_E2 ActiveUavRic=TN_NEAR_RT_RIC NormalUeHandoverAllowed=1 UavMode=TN_CONTROLLED_COVERAGE_EXTENSION
UAV_AUTONOMY_XAPP Time=52.5 DeploymentMode=tn-uav UavIndex=2 UavCellId=7 BestDonorCellId=2 BestDonorDistanceM=447.095 XhaulConnected=1 XhaulChannelVariationDb=0 RawXhaulState=HEALTHY RawXhaulStateAgeSec=48 XhaulState=HEALTHY DonorUnavailableActive=0 SatBackhaulHealthy=0 UavSwitchingXappAvailable=1 UavSwitchingXappState=STANDBY BackhaulMode=TN_DIRECT RicControlState=TN_E2 ActiveUavRic=TN_NEAR_RT_RIC NormalUeHandoverAllowed=1 UavMode=TN_CONTROLLED_COVERAGE_EXTENSION
---- LOAD at t=52.5 ----
  cell 1 (TN) load=13/20
  cell 2 (TN) load=7/20
  cell 3 (TN) load=8/20
  cell 4 (TN) load=8/20
  cell 5 (NTN) load=10/10
  cell 6 (NTN) load=8/10
  cell 7 (NTN) load=5/10
UE 9 TTT_WAIT target=4 elapsed=0s need=2s
UE 10 TTT_WAIT target=2 elapsed=0s need=2s
LM HO UE=19 rnti=74 5->1 type=TN servingRsrp=-138.338 targetRsrp=-93.0187 targetLoadReal=13/20 targetLoadEff=13/20
LM HO UE=21 rnti=96 6->4 type=TN servingRsrp=-122.548 targetRsrp=-107.918 targetLoadReal=8/20 targetLoadEff=8/20
UE 23 TTT_WAIT target=2 elapsed=0s need=2s
LM HO UE=24 rnti=67 3->2 type=TN servingRsrp=-111.155 targetRsrp=-78.9382 targetLoadReal=7/20 targetLoadEff=7/20
UE 30 TTT_WAIT target=7 elapsed=0s need=2s
LM HO UE=32 rnti=113 6->4 type=TN servingRsrp=-118.477 targetRsrp=-102.205 targetLoadReal=8/20 targetLoadEff=9/20
UE 33 TTT_WAIT target=3 elapsed=0s need=2s
LM HO UE=35 rnti=68 3->1 type=TN servingRsrp=-115.757 targetRsrp=-78.0662 targetLoadReal=13/20 targetLoadEff=14/20
LM HO_FAIL_LOW_RSRP UE=37 currCell=4 candCell=6 candRsrp=-120.96 < min=-110
UE 41 TTT_WAIT target=4 elapsed=0s need=2s
UE 45 TTT_WAIT target=2 elapsed=0s need=2s
UE 46 TTT_WAIT target=7 elapsed=0s need=2s
UE 47 TTT_WAIT target=1 elapsed=0s need=2s
UE 48 TTT_WAIT target=4 elapsed=0s need=2s
UE 55 TTT_WAIT target=4 elapsed=0s need=2s
UE 59 TTT_WAIT target=2 elapsed=0s need=2s
UE 61 TTT_WAIT target=1 elapsed=0s need=2s
UE 64 TTT_WAIT target=1 elapsed=0s need=2s
UE 66 TTT_WAIT target=2 elapsed=0s need=2s
LM HO UE=69 rnti=116 6->4 type=TN servingRsrp=-118.679 targetRsrp=-93.2926 targetLoadReal=8/20 targetLoadEff=10/20
UE 71 TTT_WAIT target=6 elapsed=0s need=2s
UE 77 TTT_WAIT target=4 elapsed=0s need=2s
UE 79 TTT_WAIT target=4 elapsed=0s need=2s
UE 85 TTT_WAIT target=7 elapsed=0s need=2s
LM HO UE=90 rnti=39 4->2 type=TN servingRsrp=-129.242 targetRsrp=-84.1775 targetLoadReal=7/20 targetLoadEff=8/20
UE 92 TTT_WAIT target=3 elapsed=0s need=2s
UE 95 TTT_WAIT target=7 elapsed=0s need=2s
UE 96 TTT_WAIT target=1 elapsed=0s need=2s
UE 97 TTT_WAIT target=2 elapsed=0s need=2s
UE 98 TTT_WAIT target=2 elapsed=0s need=2s
LM HO UE=104 rnti=49 7->3 type=TN servingRsrp=-123.415 targetRsrp=-107.203 targetLoadReal=8/20 targetLoadEff=8/20
LM HO_FAIL_LOW_RSRP UE=105 currCell=4 candCell=6 candRsrp=-117.697 < min=-110
TRACE HO_SUCCESS Time=52.6151 IMSI=34 TargetCell=1 Type=TN TargetRSRP=-78.3147 ServingRSRP=-91.4289 BackhaulDlSnr=-999 BackhaulUlSnr=-999
TRACE HO_SUCCESS Time=52.6151 IMSI=18 TargetCell=1 Type=TN TargetRSRP=-124.782 ServingRSRP=-120.451 BackhaulDlSnr=-999 BackhaulUlSnr=-999
TRACE HO_SUCCESS Time=52.6151 IMSI=23 TargetCell=2 Type=TN TargetRSRP=-106.046 ServingRSRP=-81.0736 BackhaulDlSnr=-999 BackhaulUlSnr=-999
TRACE HO_SUCCESS Time=52.6151 IMSI=89 TargetCell=2 Type=TN TargetRSRP=-93.0795 ServingRSRP=-111.139 BackhaulDlSnr=-999 BackhaulUlSnr=-999
TRACE HO_SUCCESS Time=52.6151 IMSI=103 TargetCell=3 Type=TN TargetRSRP=-110.749 ServingRSRP=-108.188 BackhaulDlSnr=-999 BackhaulUlSnr=-999
TRACE HO_SUCCESS Time=52.6151 IMSI=68 TargetCell=4 Type=TN TargetRSRP=-110.985 ServingRSRP=-112.292 BackhaulDlSnr=-999 BackhaulUlSnr=-999
TRACE HO_SUCCESS Time=52.6151 IMSI=31 TargetCell=4 Type=TN TargetRSRP=-119.063 ServingRSRP=-104.826 BackhaulDlSnr=-999 BackhaulUlSnr=-999
TRACE HO_SUCCESS Time=52.6151 IMSI=20 TargetCell=4 Type=TN TargetRSRP=-119.913 ServingRSRP=-100.707 BackhaulDlSnr=-999 BackhaulUlSnr=-999
UAV_AUTONOMY_XAPP Time=54.5 DeploymentMode=tn-uav UavIndex=0 UavCellId=5 BestDonorCellId=1 BestDonorDistanceM=1694.66 XhaulConnected=1 XhaulChannelVariationDb=0 RawXhaulState=HEALTHY RawXhaulStateAgeSec=50 XhaulState=HEALTHY DonorUnavailableActive=0 SatBackhaulHealthy=0 UavSwitchingXappAvailable=1 UavSwitchingXappState=STANDBY BackhaulMode=TN_DIRECT RicControlState=TN_E2 ActiveUavRic=TN_NEAR_RT_RIC NormalUeHandoverAllowed=1 UavMode=TN_CONTROLLED_COVERAGE_EXTENSION
UAV_AUTONOMY_XAPP Time=54.5 DeploymentMode=tn-uav UavIndex=1 UavCellId=6 BestDonorCellId=4 BestDonorDistanceM=803.483 XhaulConnected=1 XhaulChannelVariationDb=0 RawXhaulState=HEALTHY RawXhaulStateAgeSec=50 XhaulState=HEALTHY DonorUnavailableActive=0 SatBackhaulHealthy=0 UavSwitchingXappAvailable=1 UavSwitchingXappState=STANDBY BackhaulMode=TN_DIRECT RicControlState=TN_E2 ActiveUavRic=TN_NEAR_RT_RIC NormalUeHandoverAllowed=1 UavMode=TN_CONTROLLED_COVERAGE_EXTENSION
UAV_AUTONOMY_XAPP Time=54.5 DeploymentMode=tn-uav UavIndex=2 UavCellId=7 BestDonorCellId=2 BestDonorDistanceM=449.025 XhaulConnected=1 XhaulChannelVariationDb=0 RawXhaulState=HEALTHY RawXhaulStateAgeSec=50 XhaulState=HEALTHY DonorUnavailableActive=0 SatBackhaulHealthy=0 UavSwitchingXappAvailable=1 UavSwitchingXappState=STANDBY BackhaulMode=TN_DIRECT RicControlState=TN_E2 ActiveUavRic=TN_NEAR_RT_RIC NormalUeHandoverAllowed=1 UavMode=TN_CONTROLLED_COVERAGE_EXTENSION
---- LOAD at t=54.5 ----
  cell 1 (TN) load=15/20
  cell 2 (TN) load=9/20
  cell 3 (TN) load=7/20
  cell 4 (TN) load=10/20
  cell 5 (NTN) load=9/10
  cell 6 (NTN) load=5/10
  cell 7 (NTN) load=4/10
LM HO UE=9 rnti=96 1->4 type=TN servingRsrp=-118.545 targetRsrp=-94.7692 targetLoadReal=10/20 targetLoadEff=10/20
UE 10 TTT_WAIT target=1 elapsed=0s need=2s
LM HO_FAIL_LOW_RSRP UE=11 currCell=6 candCell=5 candRsrp=-121.459 < min=-110
UE 13 TTT_WAIT target=1 elapsed=0s need=2s
UE 20 TTT_WAIT target=7 elapsed=0s need=2s
LM HO_FAIL_LOW_RSRP UE=24 currCell=2 candCell=3 candRsrp=-112.581 < min=-110
LM HO_FAIL_LOW_RSRP UE=26 currCell=2 candCell=5 candRsrp=-135.898 < min=-110
UE 33 TTT_WAIT target=2 elapsed=0s need=2s
UE 37 TTT_WAIT target=6 elapsed=0s need=2s
UE 46 TTT_WAIT target=1 elapsed=0s need=2s
LM HO UE=47 rnti=36 2->1 type=TN servingRsrp=-96.6054 targetRsrp=-70.7119 targetLoadReal=15/20 targetLoadEff=15/20
LM HO UE=48 rnti=48 6->4 type=TN servingRsrp=-123.775 targetRsrp=-107.895 targetLoadReal=10/20 targetLoadEff=11/20
UE 55 TTT_WAIT target=1 elapsed=0s need=2s
UE 56 TTT_WAIT target=3 elapsed=0s need=2s
LM HO_FAIL_LOW_RSRP UE=59 currCell=3 candCell=2 candRsrp=-110.734 < min=-110
UE 61 TTT_WAIT target=4 elapsed=0s need=2s
LM HO_FAIL_LOW_RSRP UE=64 currCell=2 candCell=4 candRsrp=-120.082 < min=-110
UE 69 TTT_WAIT target=6 elapsed=0s need=2s
UE 70 TTT_WAIT target=2 elapsed=0s need=2s
UE 71 TTT_WAIT target=2 elapsed=0s need=2s
UE 74 TTT_WAIT target=5 elapsed=0s need=2s
UE 75 TTT_WAIT target=2 elapsed=0s need=2s
LM HO UE=77 rnti=124 6->4 type=TN servingRsrp=-120.353 targetRsrp=-104.387 targetLoadReal=10/20 targetLoadEff=12/20
LM HO_FAIL_LOW_RSRP UE=79 currCell=1 candCell=4 candRsrp=-113.948 < min=-110
LM HO_FAIL_LOW_RSRP UE=85 currCell=4 candCell=3 candRsrp=-110.172 < min=-110
UE 86 TTT_WAIT target=1 elapsed=0s need=2s
UE 87 TTT_WAIT target=2 elapsed=0s need=2s
UE 90 TTT_WAIT target=4 elapsed=0s need=2s
LM HO UE=92 rnti=37 2->3 type=TN servingRsrp=-106.578 targetRsrp=-97.1628 targetLoadReal=7/20 targetLoadEff=7/20
UE 95 TTT_WAIT target=1 elapsed=0s need=2s
UE 97 TTT_WAIT target=4 elapsed=0s need=2s
UE 100 TTT_WAIT target=4 elapsed=0s need=2s
UE 105 TTT_WAIT target=2 elapsed=0s need=2s
TRACE HO_SUCCESS Time=54.6151 IMSI=46 TargetCell=1 Type=TN TargetRSRP=-94.4838 ServingRSRP=-77.8836 BackhaulDlSnr=-999 BackhaulUlSnr=-999
TRACE HO_SUCCESS Time=54.6151 IMSI=91 TargetCell=3 Type=TN TargetRSRP=-89.37 ServingRSRP=-105.467 BackhaulDlSnr=-999 BackhaulUlSnr=-999
TRACE HO_SUCCESS Time=54.6151 IMSI=8 TargetCell=4 Type=TN TargetRSRP=-121.339 ServingRSRP=-79.3959 BackhaulDlSnr=-999 BackhaulUlSnr=-999
TRACE HO_SUCCESS Time=54.6151 IMSI=47 TargetCell=4 Type=TN TargetRSRP=-118.158 ServingRSRP=-113.494 BackhaulDlSnr=-999 BackhaulUlSnr=-999
TRACE HO_SUCCESS Time=54.6151 IMSI=76 TargetCell=4 Type=TN TargetRSRP=-122.346 ServingRSRP=-78.103 BackhaulDlSnr=-999 BackhaulUlSnr=-999
UAV_AUTONOMY_XAPP Time=56.5 DeploymentMode=tn-uav UavIndex=0 UavCellId=5 BestDonorCellId=1 BestDonorDistanceM=1667.11 XhaulConnected=1 XhaulChannelVariationDb=0 RawXhaulState=HEALTHY RawXhaulStateAgeSec=52 XhaulState=HEALTHY DonorUnavailableActive=0 SatBackhaulHealthy=0 UavSwitchingXappAvailable=1 UavSwitchingXappState=STANDBY BackhaulMode=TN_DIRECT RicControlState=TN_E2 ActiveUavRic=TN_NEAR_RT_RIC NormalUeHandoverAllowed=1 UavMode=TN_CONTROLLED_COVERAGE_EXTENSION
UAV_AUTONOMY_XAPP Time=56.5 DeploymentMode=tn-uav UavIndex=1 UavCellId=6 BestDonorCellId=4 BestDonorDistanceM=846.646 XhaulConnected=1 XhaulChannelVariationDb=0 RawXhaulState=HEALTHY RawXhaulStateAgeSec=52 XhaulState=HEALTHY DonorUnavailableActive=0 SatBackhaulHealthy=0 UavSwitchingXappAvailable=1 UavSwitchingXappState=STANDBY BackhaulMode=TN_DIRECT RicControlState=TN_E2 ActiveUavRic=TN_NEAR_RT_RIC NormalUeHandoverAllowed=1 UavMode=TN_CONTROLLED_COVERAGE_EXTENSION
UAV_AUTONOMY_XAPP Time=56.5 DeploymentMode=tn-uav UavIndex=2 UavCellId=7 BestDonorCellId=2 BestDonorDistanceM=446.149 XhaulConnected=1 XhaulChannelVariationDb=0 RawXhaulState=HEALTHY RawXhaulStateAgeSec=52 XhaulState=HEALTHY DonorUnavailableActive=0 SatBackhaulHealthy=0 UavSwitchingXappAvailable=1 UavSwitchingXappState=STANDBY BackhaulMode=TN_DIRECT RicControlState=TN_E2 ActiveUavRic=TN_NEAR_RT_RIC NormalUeHandoverAllowed=1 UavMode=TN_CONTROLLED_COVERAGE_EXTENSION
---- LOAD at t=56.5 ----
  cell 1 (TN) load=15/20
  cell 2 (TN) load=7/20
  cell 3 (TN) load=8/20
  cell 4 (TN) load=13/20
  cell 5 (NTN) load=9/10
  cell 6 (NTN) load=3/10
  cell 7 (NTN) load=4/10
UE 9 TTT_WAIT target=1 elapsed=0s need=2s
UE 11 TTT_WAIT target=2 elapsed=0s need=2s
UE 13 TTT_WAIT target=4 elapsed=0s need=2s
UE 19 TTT_WAIT target=5 elapsed=0s need=2s
UE 21 TTT_WAIT target=6 elapsed=0s need=2s
UE 26 TTT_WAIT target=3 elapsed=0s need=2s
UE 32 TTT_WAIT target=6 elapsed=0s need=2s
UE 33 TTT_WAIT target=4 elapsed=0s need=2s
UE 35 TTT_WAIT target=2 elapsed=0s need=2s
UE 37 TTT_WAIT target=5 elapsed=0s need=2s
UE 41 TTT_WAIT target=2 elapsed=0s need=2s
LM HO_FAIL_LOW_RSRP UE=46 currCell=6 candCell=7 candRsrp=-130.713 < min=-110
UE 47 TTT_WAIT target=3 elapsed=0s need=2s
UE 55 TTT_WAIT target=4 elapsed=0s need=2s
LM HO_FAIL_LOW_RSRP UE=56 currCell=1 candCell=6 candRsrp=-124.987 < min=-110
UE 64 TTT_WAIT target=3 elapsed=0s need=2s
UE 69 TTT_WAIT target=2 elapsed=0s need=2s
UE 70 TTT_WAIT target=6 elapsed=0s need=2s
UE 71 TTT_WAIT target=1 elapsed=0s need=2s
UE 74 TTT_WAIT target=7 elapsed=0s need=2s
LM HO_FAIL_LOW_RSRP UE=75 currCell=5 candCell=6 candRsrp=-119.068 < min=-110
UE 77 TTT_WAIT target=6 elapsed=0s need=2s
UE 79 TTT_WAIT target=4 elapsed=0s need=2s
UE 84 TTT_WAIT target=2 elapsed=0s need=2s
LM HO_FAIL_LOW_RSRP UE=85 currCell=4 candCell=6 candRsrp=-129.127 < min=-110
LM HO UE=87 rnti=48 7->2 type=TN servingRsrp=-110.62 targetRsrp=-103.965 targetLoadReal=7/20 targetLoadEff=7/20
LM HO UE=90 rnti=39 2->4 type=TN servingRsrp=-113.81 targetRsrp=-84.7038 targetLoadReal=13/20 targetLoadEff=13/20
UE 92 TTT_WAIT target=1 elapsed=0s need=2s
UE 97 TTT_WAIT target=2 elapsed=0s need=2s
UE 98 TTT_WAIT target=4 elapsed=0s need=2s
UE 100 TTT_WAIT target=1 elapsed=0s need=2s
UE 104 TTT_WAIT target=1 elapsed=0s need=2s
LM HO_FAIL_LOW_RSRP UE=105 currCell=4 candCell=2 candRsrp=-112.788 < min=-110
TRACE HO_SUCCESS Time=56.6151 IMSI=86 TargetCell=2 Type=TN TargetRSRP=-80.6713 ServingRSRP=-79.2691 BackhaulDlSnr=-999 BackhaulUlSnr=-999
TRACE HO_SUCCESS Time=56.6151 IMSI=89 TargetCell=4 Type=TN TargetRSRP=-123.109 ServingRSRP=-92.2561 BackhaulDlSnr=-999 BackhaulUlSnr=-999
UAV_AUTONOMY_XAPP Time=58.5 DeploymentMode=tn-uav UavIndex=0 UavCellId=5 BestDonorCellId=1 BestDonorDistanceM=1686.08 XhaulConnected=1 XhaulChannelVariationDb=0 RawXhaulState=HEALTHY RawXhaulStateAgeSec=54 XhaulState=HEALTHY DonorUnavailableActive=0 SatBackhaulHealthy=0 UavSwitchingXappAvailable=1 UavSwitchingXappState=STANDBY BackhaulMode=TN_DIRECT RicControlState=TN_E2 ActiveUavRic=TN_NEAR_RT_RIC NormalUeHandoverAllowed=1 UavMode=TN_CONTROLLED_COVERAGE_EXTENSION
UAV_AUTONOMY_XAPP Time=58.5 DeploymentMode=tn-uav UavIndex=1 UavCellId=6 BestDonorCellId=4 BestDonorDistanceM=890.884 XhaulConnected=1 XhaulChannelVariationDb=0 RawXhaulState=HEALTHY RawXhaulStateAgeSec=54 XhaulState=HEALTHY DonorUnavailableActive=0 SatBackhaulHealthy=0 UavSwitchingXappAvailable=1 UavSwitchingXappState=STANDBY BackhaulMode=TN_DIRECT RicControlState=TN_E2 ActiveUavRic=TN_NEAR_RT_RIC NormalUeHandoverAllowed=1 UavMode=TN_CONTROLLED_COVERAGE_EXTENSION
UAV_AUTONOMY_XAPP Time=58.5 DeploymentMode=tn-uav UavIndex=2 UavCellId=7 BestDonorCellId=2 BestDonorDistanceM=449.172 XhaulConnected=1 XhaulChannelVariationDb=0 RawXhaulState=HEALTHY RawXhaulStateAgeSec=54 XhaulState=HEALTHY DonorUnavailableActive=0 SatBackhaulHealthy=0 UavSwitchingXappAvailable=1 UavSwitchingXappState=STANDBY BackhaulMode=TN_DIRECT RicControlState=TN_E2 ActiveUavRic=TN_NEAR_RT_RIC NormalUeHandoverAllowed=1 UavMode=TN_CONTROLLED_COVERAGE_EXTENSION
---- LOAD at t=58.5 ----
  cell 1 (TN) load=15/20
  cell 2 (TN) load=7/20
  cell 3 (TN) load=8/20
  cell 4 (TN) load=14/20
  cell 5 (NTN) load=9/10
  cell 6 (NTN) load=4/10
  cell 7 (NTN) load=3/10
UE 9 TTT_WAIT target=2 elapsed=0s need=2s
LM HO_FAIL_LOW_RSRP UE=19 currCell=1 candCell=7 candRsrp=-135.134 < min=-110
LM HO_FAIL_LOW_RSRP UE=21 currCell=4 candCell=1 candRsrp=-116.053 < min=-110
UE 23 TTT_WAIT target=2 elapsed=0s need=2s
LM HO UE=26 rnti=34 2->3 type=TN servingRsrp=-123.156 targetRsrp=-104.501 targetLoadReal=8/20 targetLoadEff=8/20
UE 29 TTT_WAIT target=2 elapsed=0s need=2s
LM HO UE=32 rnti=49 4->6 type=NTN servingRsrp=-111.478 targetRsrp=-79.319 targetLoadReal=4/10 targetLoadEff=4/10
UE 37 TTT_WAIT target=1 elapsed=0s need=2s
LM HO UE=41 rnti=51 1->2 type=TN servingRsrp=-124.547 targetRsrp=-84.4639 targetLoadReal=7/20 targetLoadEff=7/20
UE 46 TTT_WAIT target=1 elapsed=0s need=2s
LM HO UE=47 rnti=102 1->3 type=TN servingRsrp=-109.822 targetRsrp=-89.0345 targetLoadReal=8/20 targetLoadEff=9/20
LM HO_FAIL_LOW_RSRP UE=48 currCell=4 candCell=6 candRsrp=-127.456 < min=-110
UE 52 TTT_WAIT target=1 elapsed=0s need=2s
LM HO UE=55 rnti=49 5->4 type=TN servingRsrp=-139.095 targetRsrp=-84.3603 targetLoadReal=14/20 targetLoadEff=14/20
UE 56 TTT_WAIT target=3 elapsed=0s need=2s
LM HO_FAIL_LOW_RSRP UE=59 currCell=3 candCell=4 candRsrp=-118.998 < min=-110
UE 61 TTT_WAIT target=7 elapsed=0s need=2s
UE 64 TTT_WAIT target=7 elapsed=0s need=2s
LM HO UE=69 rnti=50 4->2 type=TN servingRsrp=-105.454 targetRsrp=-96.8543 targetLoadReal=7/20 targetLoadEff=8/20
UE 71 TTT_WAIT target=6 elapsed=0s need=2s
LM HO UE=77 rnti=53 4->6 type=NTN servingRsrp=-120.631 targetRsrp=-78.2042 targetLoadReal=4/10 targetLoadEff=5/10
LM HO_FAIL_LOW_RSRP UE=79 currCell=1 candCell=4 candRsrp=-114.292 < min=-110
LM HO UE=84 rnti=84 1->2 type=TN servingRsrp=-106.025 targetRsrp=-97.8581 targetLoadReal=7/20 targetLoadEff=9/20
LM HO_FAIL_LOW_RSRP UE=86 currCell=2 candCell=4 candRsrp=-112.706 < min=-110
LM HO_FAIL_LOW_RSRP UE=90 currCell=4 candCell=2 candRsrp=-113.171 < min=-110
UE 92 TTT_WAIT target=2 elapsed=0s need=2s
UE 97 TTT_WAIT target=7 elapsed=0s need=2s
LM HO UE=98 rnti=70 3->4 type=TN servingRsrp=-128.548 targetRsrp=-98.6365 targetLoadReal=14/20 targetLoadEff=15/20
UE 99 TTT_WAIT target=7 elapsed=0s need=2s
UE 104 TTT_WAIT target=2 elapsed=0s need=2s
UE 105 TTT_WAIT target=1 elapsed=0s need=2s
TRACE HO_SUCCESS Time=58.6151 IMSI=40 TargetCell=2 Type=TN TargetRSRP=-115.334 ServingRSRP=-115.952 BackhaulDlSnr=-999 BackhaulUlSnr=-999
TRACE HO_SUCCESS Time=58.6151 IMSI=83 TargetCell=2 Type=TN TargetRSRP=-108.978 ServingRSRP=-68.5537 BackhaulDlSnr=-999 BackhaulUlSnr=-999
TRACE HO_SUCCESS Time=58.6151 IMSI=68 TargetCell=2 Type=TN TargetRSRP=-124.839 ServingRSRP=-99.6436 BackhaulDlSnr=-999 BackhaulUlSnr=-999
TRACE HO_SUCCESS Time=58.6151 IMSI=46 TargetCell=3 Type=TN TargetRSRP=-118.992 ServingRSRP=-108.998 BackhaulDlSnr=-999 BackhaulUlSnr=-999
TRACE HO_SUCCESS Time=58.6151 IMSI=25 TargetCell=3 Type=TN TargetRSRP=-121.575 ServingRSRP=-117.919 BackhaulDlSnr=-999 BackhaulUlSnr=-999
TRACE HO_SUCCESS Time=58.6151 IMSI=97 TargetCell=4 Type=TN TargetRSRP=-95.0336 ServingRSRP=-105.005 BackhaulDlSnr=-999 BackhaulUlSnr=-999
TRACE HO_SUCCESS Time=58.6151 IMSI=54 TargetCell=4 Type=TN TargetRSRP=-119.979 ServingRSRP=-98.1346 BackhaulDlSnr=-999 BackhaulUlSnr=-999
TRACE HO_SUCCESS Time=58.6151 IMSI=31 TargetCell=6 Type=NTN TargetRSRP=-80.1433 ServingRSRP=-116.059 BackhaulDlSnr=-999 BackhaulUlSnr=-999
TRACE HO_SUCCESS Time=58.6151 IMSI=76 TargetCell=6 Type=NTN TargetRSRP=-115.038 ServingRSRP=-93.1322 BackhaulDlSnr=-999 BackhaulUlSnr=-999
UAV_AUTONOMY_XAPP Time=60.5 DeploymentMode=tn-uav UavIndex=0 UavCellId=5 BestDonorCellId=1 BestDonorDistanceM=1671.02 XhaulConnected=1 XhaulChannelVariationDb=0 RawXhaulState=HEALTHY RawXhaulStateAgeSec=56 XhaulState=HEALTHY DonorUnavailableActive=0 SatBackhaulHealthy=0 UavSwitchingXappAvailable=1 UavSwitchingXappState=STANDBY BackhaulMode=TN_DIRECT RicControlState=TN_E2 ActiveUavRic=TN_NEAR_RT_RIC NormalUeHandoverAllowed=1 UavMode=TN_CONTROLLED_COVERAGE_EXTENSION
UAV_AUTONOMY_XAPP Time=60.5 DeploymentMode=tn-uav UavIndex=1 UavCellId=6 BestDonorCellId=4 BestDonorDistanceM=918.062 XhaulConnected=1 XhaulChannelVariationDb=0 RawXhaulState=HEALTHY RawXhaulStateAgeSec=56 XhaulState=HEALTHY DonorUnavailableActive=0 SatBackhaulHealthy=0 UavSwitchingXappAvailable=1 UavSwitchingXappState=STANDBY BackhaulMode=TN_DIRECT RicControlState=TN_E2 ActiveUavRic=TN_NEAR_RT_RIC NormalUeHandoverAllowed=1 UavMode=TN_CONTROLLED_COVERAGE_EXTENSION
UAV_AUTONOMY_XAPP Time=60.5 DeploymentMode=tn-uav UavIndex=2 UavCellId=7 BestDonorCellId=2 BestDonorDistanceM=444.479 XhaulConnected=1 XhaulChannelVariationDb=0 RawXhaulState=HEALTHY RawXhaulStateAgeSec=56 XhaulState=HEALTHY DonorUnavailableActive=0 SatBackhaulHealthy=0 UavSwitchingXappAvailable=1 UavSwitchingXappState=STANDBY BackhaulMode=TN_DIRECT RicControlState=TN_E2 ActiveUavRic=TN_NEAR_RT_RIC NormalUeHandoverAllowed=1 UavMode=TN_CONTROLLED_COVERAGE_EXTENSION
---- LOAD at t=60.5 ----
  cell 1 (TN) load=13/20
  cell 2 (TN) load=9/20
  cell 3 (TN) load=9/20
  cell 4 (TN) load=13/20
  cell 5 (NTN) load=9/10
  cell 6 (NTN) load=6/10
  cell 7 (NTN) load=3/10
UE 9 TTT_WAIT target=1 elapsed=0s need=2s
UE 13 TTT_WAIT target=1 elapsed=0s need=2s
UE 20 TTT_WAIT target=7 elapsed=0s need=2s
LM HO_FAIL_LOW_RSRP UE=21 currCell=4 candCell=7 candRsrp=-116.017 < min=-110
LM HO UE=23 rnti=97 1->2 type=TN servingRsrp=-98.7767 targetRsrp=-81.8619 targetLoadReal=9/20 targetLoadEff=9/20
UE 24 TTT_WAIT target=1 elapsed=0s need=2s
UE 29 TTT_WAIT target=3 elapsed=0s need=2s
UE 30 TTT_WAIT target=3 elapsed=0s need=2s
UE 32 TTT_WAIT target=4 elapsed=0s need=2s
LM HO_FAIL_LOW_RSRP UE=35 currCell=1 candCell=7 candRsrp=-123.185 < min=-110
UE 36 TTT_WAIT target=1 elapsed=0s need=2s
UE 41 TTT_WAIT target=4 elapsed=0s need=2s
UE 46 TTT_WAIT target=5 elapsed=0s need=2s
UE 47 TTT_WAIT target=1 elapsed=0s need=2s
UE 52 TTT_WAIT target=2 elapsed=0s need=2s
LM HO_FAIL_LOW_RSRP UE=55 currCell=4 candCell=2 candRsrp=-110.824 < min=-110
LM HO_FAIL_LOW_RSRP UE=56 currCell=1 candCell=5 candRsrp=-121.532 < min=-110
UE 59 TTT_WAIT target=2 elapsed=0s need=2s
UE 61 TTT_WAIT target=4 elapsed=0s need=2s
UE 64 TTT_WAIT target=3 elapsed=0s need=2s
UE 69 TTT_WAIT target=4 elapsed=0s need=2s
UE 70 TTT_WAIT target=6 elapsed=0s need=2s
UE 71 TTT_WAIT target=3 elapsed=0s need=2s
UE 73 TTT_WAIT target=1 elapsed=0s need=2s
UE 74 TTT_WAIT target=1 elapsed=0s need=2s
UE 75 TTT_WAIT target=3 elapsed=0s need=2s
LM HO_FAIL_LOW_RSRP UE=79 currCell=1 candCell=4 candRsrp=-119.131 < min=-110
UE 84 TTT_WAIT target=1 elapsed=0s need=2s
LM HO_FAIL_LOW_RSRP UE=85 currCell=4 candCell=7 candRsrp=-124.433 < min=-110
LM HO_FAIL_LOW_RSRP UE=86 currCell=2 candCell=6 candRsrp=-125.974 < min=-110
LM HO_FAIL_LOW_RSRP UE=87 currCell=2 candCell=7 candRsrp=-116.802 < min=-110
UE 92 TTT_WAIT target=1 elapsed=0s need=2s
UE 96 TTT_WAIT target=3 elapsed=0s need=2s
LM HO_FAIL_LOW_RSRP UE=97 currCell=1 candCell=5 candRsrp=-137.625 < min=-110
LM HO_FAIL_LOW_RSRP UE=98 currCell=4 candCell=2 candRsrp=-125.154 < min=-110
UE 100 TTT_WAIT target=1 elapsed=0s need=2s
LM HO UE=104 rnti=72 3->2 type=TN servingRsrp=-113.004 targetRsrp=-98.9022 targetLoadReal=9/20 targetLoadEff=10/20
LM HO UE=105 rnti=28 4->1 type=TN servingRsrp=-121.307 targetRsrp=-96.2377 targetLoadReal=13/20 targetLoadEff=13/20
TRACE HO_SUCCESS Time=60.6151 IMSI=104 TargetCell=1 Type=TN TargetRSRP=-95.9542 ServingRSRP=-101.228 BackhaulDlSnr=-999 BackhaulUlSnr=-999
TRACE HO_SUCCESS Time=60.6151 IMSI=22 TargetCell=2 Type=TN TargetRSRP=-109.075 ServingRSRP=-100.139 BackhaulDlSnr=-999 BackhaulUlSnr=-999
TRACE HO_SUCCESS Time=60.6151 IMSI=103 TargetCell=2 Type=TN TargetRSRP=-109.884 ServingRSRP=-96.668 BackhaulDlSnr=-999 BackhaulUlSnr=-999
UAV_AUTONOMY_XAPP Time=62.5 DeploymentMode=tn-uav UavIndex=0 UavCellId=5 BestDonorCellId=1 BestDonorDistanceM=1695.68 XhaulConnected=1 XhaulChannelVariationDb=0 RawXhaulState=HEALTHY RawXhaulStateAgeSec=58 XhaulState=HEALTHY DonorUnavailableActive=0 SatBackhaulHealthy=0 UavSwitchingXappAvailable=1 UavSwitchingXappState=STANDBY BackhaulMode=TN_DIRECT RicControlState=TN_E2 ActiveUavRic=TN_NEAR_RT_RIC NormalUeHandoverAllowed=1 UavMode=TN_CONTROLLED_COVERAGE_EXTENSION
UAV_AUTONOMY_XAPP Time=62.5 DeploymentMode=tn-uav UavIndex=1 UavCellId=6 BestDonorCellId=4 BestDonorDistanceM=961.549 XhaulConnected=1 XhaulChannelVariationDb=0 RawXhaulState=HEALTHY RawXhaulStateAgeSec=58 XhaulState=HEALTHY DonorUnavailableActive=0 SatBackhaulHealthy=0 UavSwitchingXappAvailable=1 UavSwitchingXappState=STANDBY BackhaulMode=TN_DIRECT RicControlState=TN_E2 ActiveUavRic=TN_NEAR_RT_RIC NormalUeHandoverAllowed=1 UavMode=TN_CONTROLLED_COVERAGE_EXTENSION
UAV_AUTONOMY_XAPP Time=62.5 DeploymentMode=tn-uav UavIndex=2 UavCellId=7 BestDonorCellId=2 BestDonorDistanceM=448.443 XhaulConnected=1 XhaulChannelVariationDb=0 RawXhaulState=HEALTHY RawXhaulStateAgeSec=58 XhaulState=HEALTHY DonorUnavailableActive=0 SatBackhaulHealthy=0 UavSwitchingXappAvailable=1 UavSwitchingXappState=STANDBY BackhaulMode=TN_DIRECT RicControlState=TN_E2 ActiveUavRic=TN_NEAR_RT_RIC NormalUeHandoverAllowed=1 UavMode=TN_CONTROLLED_COVERAGE_EXTENSION
---- LOAD at t=62.5 ----
  cell 1 (TN) load=13/20
  cell 2 (TN) load=11/20
  cell 3 (TN) load=8/20
  cell 4 (TN) load=12/20
  cell 5 (NTN) load=9/10
  cell 6 (NTN) load=6/10
  cell 7 (NTN) load=3/10
UE 9 TTT_WAIT target=2 elapsed=0s need=2s
LM HO_FAIL_LOW_RSRP UE=11 currCell=6 candCell=7 candRsrp=-124.764 < min=-110
UE 21 TTT_WAIT target=6 elapsed=0s need=2s
LM HO_FAIL_LOW_RSRP UE=24 currCell=2 candCell=1 candRsrp=-114.189 < min=-110
LM HO_FAIL_LOW_RSRP UE=26 currCell=3 candCell=5 candRsrp=-126.057 < min=-110
LM HO UE=29 rnti=95 1->3 type=TN servingRsrp=-109.268 targetRsrp=-80.7248 targetLoadReal=8/20 targetLoadEff=8/20
UE 30 TTT_WAIT target=5 elapsed=0s need=2s
UE 33 TTT_WAIT target=2 elapsed=0s need=2s
UE 36 TTT_WAIT target=2 elapsed=0s need=2s
UE 39 TTT_WAIT target=2 elapsed=0s need=2s
LM HO_FAIL_LOW_RSRP UE=46 currCell=6 candCell=5 candRsrp=-124.104 < min=-110
LM HO UE=47 rnti=75 3->1 type=TN servingRsrp=-112.523 targetRsrp=-107.959 targetLoadReal=13/20 targetLoadEff=13/20
UE 48 TTT_WAIT target=1 elapsed=0s need=2s
UE 53 TTT_WAIT target=3 elapsed=0s need=2s
UE 55 TTT_WAIT target=1 elapsed=0s need=2s
UE 56 TTT_WAIT target=2 elapsed=0s need=2s
LM HO_FAIL_LOW_RSRP UE=59 currCell=3 candCell=4 candRsrp=-123.914 < min=-110
LM HO UE=69 rnti=42 2->4 type=TN servingRsrp=-136.082 targetRsrp=-108.632 targetLoadReal=12/20 targetLoadEff=12/20
UE 73 TTT_WAIT target=6 elapsed=0s need=2s
UE 75 TTT_WAIT target=2 elapsed=0s need=2s
UE 77 TTT_WAIT target=4 elapsed=0s need=2s
LM HO_FAIL_LOW_RSRP UE=79 currCell=1 candCell=4 candRsrp=-114.825 < min=-110
LM HO_FAIL_LOW_RSRP UE=86 currCell=2 candCell=6 candRsrp=-128.048 < min=-110
LM HO_FAIL_LOW_RSRP UE=90 currCell=4 candCell=2 candRsrp=-112.405 < min=-110
LM HO UE=92 rnti=73 3->1 type=TN servingRsrp=-115.448 targetRsrp=-71.9716 targetLoadReal=13/20 targetLoadEff=14/20
UE 96 TTT_WAIT target=1 elapsed=0s need=2s
LM HO_FAIL_LOW_RSRP UE=98 currCell=4 candCell=2 candRsrp=-115.727 < min=-110
LM HO_FAIL_LOW_RSRP UE=100 currCell=7 candCell=5 candRsrp=-116.17 < min=-110
LM HO_FAIL_LOW_RSRP UE=104 currCell=2 candCell=3 candRsrp=-111.455 < min=-110
UE 105 TTT_WAIT target=2 elapsed=0s need=2s
TRACE HO_SUCCESS Time=62.6151 IMSI=46 TargetCell=1 Type=TN TargetRSRP=-92.6909 ServingRSRP=-83.4064 BackhaulDlSnr=-999 BackhaulUlSnr=-999
TRACE HO_SUCCESS Time=62.6151 IMSI=91 TargetCell=1 Type=TN TargetRSRP=-100.291 ServingRSRP=-85.26 BackhaulDlSnr=-999 BackhaulUlSnr=-999
TRACE HO_SUCCESS Time=62.6151 IMSI=28 TargetCell=3 Type=TN TargetRSRP=-116.783 ServingRSRP=-110.701 BackhaulDlSnr=-999 BackhaulUlSnr=-999
TRACE HO_SUCCESS Time=62.6151 IMSI=68 TargetCell=4 Type=TN TargetRSRP=-106.751 ServingRSRP=-87.8728 BackhaulDlSnr=-999 BackhaulUlSnr=-999
UAV_AUTONOMY_XAPP Time=64.5 DeploymentMode=tn-uav UavIndex=0 UavCellId=5 BestDonorCellId=1 BestDonorDistanceM=1734.83 XhaulConnected=1 XhaulChannelVariationDb=0 RawXhaulState=HEALTHY RawXhaulStateAgeSec=60 XhaulState=HEALTHY DonorUnavailableActive=0 SatBackhaulHealthy=0 UavSwitchingXappAvailable=1 UavSwitchingXappState=STANDBY BackhaulMode=TN_DIRECT RicControlState=TN_E2 ActiveUavRic=TN_NEAR_RT_RIC NormalUeHandoverAllowed=1 UavMode=TN_CONTROLLED_COVERAGE_EXTENSION
UAV_AUTONOMY_XAPP Time=64.5 DeploymentMode=tn-uav UavIndex=1 UavCellId=6 BestDonorCellId=4 BestDonorDistanceM=961.212 XhaulConnected=1 XhaulChannelVariationDb=0 RawXhaulState=HEALTHY RawXhaulStateAgeSec=60 XhaulState=HEALTHY DonorUnavailableActive=0 SatBackhaulHealthy=0 UavSwitchingXappAvailable=1 UavSwitchingXappState=STANDBY BackhaulMode=TN_DIRECT RicControlState=TN_E2 ActiveUavRic=TN_NEAR_RT_RIC NormalUeHandoverAllowed=1 UavMode=TN_CONTROLLED_COVERAGE_EXTENSION
UAV_AUTONOMY_XAPP Time=64.5 DeploymentMode=tn-uav UavIndex=2 UavCellId=7 BestDonorCellId=2 BestDonorDistanceM=437.094 XhaulConnected=1 XhaulChannelVariationDb=0 RawXhaulState=HEALTHY RawXhaulStateAgeSec=60 XhaulState=HEALTHY DonorUnavailableActive=0 SatBackhaulHealthy=0 UavSwitchingXappAvailable=1 UavSwitchingXappState=STANDBY BackhaulMode=TN_DIRECT RicControlState=TN_E2 ActiveUavRic=TN_NEAR_RT_RIC NormalUeHandoverAllowed=1 UavMode=TN_CONTROLLED_COVERAGE_EXTENSION
---- LOAD at t=64.5 ----
  cell 1 (TN) load=14/20
  cell 2 (TN) load=10/20
  cell 3 (TN) load=7/20
  cell 4 (TN) load=13/20
  cell 5 (NTN) load=9/10
  cell 6 (NTN) load=6/10
  cell 7 (NTN) load=3/10
LM HO UE=9 rnti=51 4->2 type=TN servingRsrp=-119.556 targetRsrp=-92.7279 targetLoadReal=10/20 targetLoadEff=10/20
UE 11 TTT_WAIT target=2 elapsed=0s need=2s
UE 15 TTT_WAIT target=2 elapsed=0s need=2s
UE 20 TTT_WAIT target=7 elapsed=0s need=2s
LM HO_FAIL_LOW_RSRP UE=21 currCell=4 candCell=2 candRsrp=-112.645 < min=-110
UE 23 TTT_WAIT target=3 elapsed=0s need=2s
UE 26 TTT_WAIT target=1 elapsed=0s need=2s
UE 30 TTT_WAIT target=3 elapsed=0s need=2s
UE 33 TTT_WAIT target=1 elapsed=0s need=2s
UE 35 TTT_WAIT target=3 elapsed=0s need=2s
UE 41 TTT_WAIT target=4 elapsed=0s need=2s
UE 45 TTT_WAIT target=2 elapsed=0s need=2s
LM HO_FAIL_LOW_RSRP UE=55 currCell=4 candCell=6 candRsrp=-131.057 < min=-110
UE 56 TTT_WAIT target=3 elapsed=0s need=2s
LM HO_FAIL_LOW_RSRP UE=59 currCell=3 candCell=1 candRsrp=-113.756 < min=-110
UE 61 TTT_WAIT target=4 elapsed=0s need=2s
UE 64 TTT_WAIT target=4 elapsed=0s need=2s
UE 71 TTT_WAIT target=3 elapsed=0s need=2s
LM HO_FAIL_LOW_RSRP UE=74 currCell=3 candCell=2 candRsrp=-117.289 < min=-110
UE 77 TTT_WAIT target=3 elapsed=0s need=2s
UE 84 TTT_WAIT target=1 elapsed=0s need=2s
UE 85 TTT_WAIT target=1 elapsed=0s need=2s
LM HO_FAIL_LOW_RSRP UE=86 currCell=2 candCell=6 candRsrp=-123.684 < min=-110
UE 87 TTT_WAIT target=7 elapsed=0s need=2s
UE 90 TTT_WAIT target=2 elapsed=0s need=2s
UE 92 TTT_WAIT target=7 elapsed=0s need=2s
UE 96 TTT_WAIT target=3 elapsed=0s need=2s
LM HO_FAIL_LOW_RSRP UE=97 currCell=1 candCell=3 candRsrp=-115.486 < min=-110
UE 98 TTT_WAIT target=3 elapsed=0s need=2s
UE 104 TTT_WAIT target=3 elapsed=0s need=2s
LM HO UE=105 rnti=111 1->2 type=TN servingRsrp=-123.985 targetRsrp=-104.72 targetLoadReal=10/20 targetLoadEff=11/20
TRACE HO_SUCCESS Time=64.6151 IMSI=104 TargetCell=2 Type=TN TargetRSRP=-133.815 ServingRSRP=-110.865 BackhaulDlSnr=-999 BackhaulUlSnr=-999
TRACE HO_SUCCESS Time=64.6151 IMSI=8 TargetCell=2 Type=TN TargetRSRP=-123.108 ServingRSRP=-92.6357 BackhaulDlSnr=-999 BackhaulUlSnr=-999
UAV_AUTONOMY_XAPP Time=66.5 DeploymentMode=tn-uav UavIndex=0 UavCellId=5 BestDonorCellId=1 BestDonorDistanceM=1773.18 XhaulConnected=1 XhaulChannelVariationDb=0 RawXhaulState=HEALTHY RawXhaulStateAgeSec=62 XhaulState=HEALTHY DonorUnavailableActive=0 SatBackhaulHealthy=0 UavSwitchingXappAvailable=1 UavSwitchingXappState=STANDBY BackhaulMode=TN_DIRECT RicControlState=TN_E2 ActiveUavRic=TN_NEAR_RT_RIC NormalUeHandoverAllowed=1 UavMode=TN_CONTROLLED_COVERAGE_EXTENSION
UAV_AUTONOMY_XAPP Time=66.5 DeploymentMode=tn-uav UavIndex=1 UavCellId=6 BestDonorCellId=4 BestDonorDistanceM=995.419 XhaulConnected=1 XhaulChannelVariationDb=0 RawXhaulState=HEALTHY RawXhaulStateAgeSec=62 XhaulState=HEALTHY DonorUnavailableActive=0 SatBackhaulHealthy=0 UavSwitchingXappAvailable=1 UavSwitchingXappState=STANDBY BackhaulMode=TN_DIRECT RicControlState=TN_E2 ActiveUavRic=TN_NEAR_RT_RIC NormalUeHandoverAllowed=1 UavMode=TN_CONTROLLED_COVERAGE_EXTENSION
UAV_AUTONOMY_XAPP Time=66.5 DeploymentMode=tn-uav UavIndex=2 UavCellId=7 BestDonorCellId=2 BestDonorDistanceM=443.274 XhaulConnected=1 XhaulChannelVariationDb=0 RawXhaulState=HEALTHY RawXhaulStateAgeSec=62 XhaulState=HEALTHY DonorUnavailableActive=0 SatBackhaulHealthy=0 UavSwitchingXappAvailable=1 UavSwitchingXappState=STANDBY BackhaulMode=TN_DIRECT RicControlState=TN_E2 ActiveUavRic=TN_NEAR_RT_RIC NormalUeHandoverAllowed=1 UavMode=TN_CONTROLLED_COVERAGE_EXTENSION
---- LOAD at t=66.5 ----
  cell 1 (TN) load=13/20
  cell 2 (TN) load=12/20
  cell 3 (TN) load=7/20
  cell 4 (TN) load=12/20
  cell 5 (NTN) load=9/10
  cell 6 (NTN) load=6/10
  cell 7 (NTN) load=3/10
UE 18 TTT_WAIT target=3 elapsed=0s need=2s
UE 19 TTT_WAIT target=2 elapsed=0s need=2s
UE 21 TTT_WAIT target=1 elapsed=0s need=2s
UE 23 TTT_WAIT target=1 elapsed=0s need=2s
LM HO_FAIL_LOW_RSRP UE=26 currCell=3 candCell=7 candRsrp=-116.295 < min=-110
UE 29 TTT_WAIT target=1 elapsed=0s need=2s
UE 30 TTT_WAIT target=2 elapsed=0s need=2s
UE 33 TTT_WAIT target=2 elapsed=0s need=2s
LM HO_FAIL_LOW_RSRP UE=35 currCell=1 candCell=7 candRsrp=-125.416 < min=-110
LM HO_FAIL_LOW_RSRP UE=37 currCell=4 candCell=6 candRsrp=-128.04 < min=-110
UE 39 TTT_WAIT target=7 elapsed=0s need=2s
UE 41 TTT_WAIT target=3 elapsed=0s need=2s
LM HO_FAIL_LOW_RSRP UE=46 currCell=6 candCell=7 candRsrp=-114.132 < min=-110
UE 48 TTT_WAIT target=2 elapsed=0s need=2s
UE 52 TTT_WAIT target=2 elapsed=0s need=2s
UE 55 TTT_WAIT target=1 elapsed=0s need=2s
UE 59 TTT_WAIT target=2 elapsed=0s need=2s
LM HO_FAIL_LOW_RSRP UE=64 currCell=2 candCell=4 candRsrp=-120.558 < min=-110
UE 66 TTT_WAIT target=3 elapsed=0s need=2s
UE 70 TTT_WAIT target=6 elapsed=0s need=2s
UE 73 TTT_WAIT target=1 elapsed=0s need=2s
UE 74 TTT_WAIT target=5 elapsed=0s need=2s
UE 75 TTT_WAIT target=2 elapsed=0s need=2s
UE 77 TTT_WAIT target=4 elapsed=0s need=2s
LM HO_FAIL_LOW_RSRP UE=79 currCell=1 candCell=4 candRsrp=-116.642 < min=-110
LM HO UE=85 rnti=17 4->1 type=TN servingRsrp=-125.309 targetRsrp=-97.2067 targetLoadReal=13/20 targetLoadEff=13/20
LM HO UE=87 rnti=40 2->7 type=NTN servingRsrp=-111.005 targetRsrp=-94.7548 targetLoadReal=3/10 targetLoadEff=3/10
LM HO_FAIL_LOW_RSRP UE=90 currCell=4 candCell=1 candRsrp=-113.043 < min=-110
UE 92 TTT_WAIT target=3 elapsed=0s need=2s
UE 95 TTT_WAIT target=2 elapsed=0s need=2s
UE 97 TTT_WAIT target=4 elapsed=0s need=2s
LM HO_FAIL_LOW_RSRP UE=98 currCell=4 candCell=2 candRsrp=-121.857 < min=-110
UE 100 TTT_WAIT target=2 elapsed=0s need=2s
LM HO_FAIL_LOW_RSRP UE=104 currCell=2 candCell=3 candRsrp=-110.15 < min=-110
LM HO_FAIL_LOW_RSRP UE=105 currCell=2 candCell=4 candRsrp=-119.861 < min=-110
TRACE HO_SUCCESS Time=66.6151 IMSI=84 TargetCell=1 Type=TN TargetRSRP=-136.622 ServingRSRP=-95.2776 BackhaulDlSnr=-999 BackhaulUlSnr=-999
TRACE HO_SUCCESS Time=66.6151 IMSI=86 TargetCell=7 Type=NTN TargetRSRP=-76.4873 ServingRSRP=-122.304 BackhaulDlSnr=-999 BackhaulUlSnr=-999
UAV_AUTONOMY_XAPP Time=68.5 DeploymentMode=tn-uav UavIndex=0 UavCellId=5 BestDonorCellId=1 BestDonorDistanceM=1812.37 XhaulConnected=1 XhaulChannelVariationDb=0 RawXhaulState=HEALTHY RawXhaulStateAgeSec=64 XhaulState=HEALTHY DonorUnavailableActive=0 SatBackhaulHealthy=0 UavSwitchingXappAvailable=1 UavSwitchingXappState=STANDBY BackhaulMode=TN_DIRECT RicControlState=TN_E2 ActiveUavRic=TN_NEAR_RT_RIC NormalUeHandoverAllowed=1 UavMode=TN_CONTROLLED_COVERAGE_EXTENSION
UAV_AUTONOMY_XAPP Time=68.5 DeploymentMode=tn-uav UavIndex=1 UavCellId=6 BestDonorCellId=4 BestDonorDistanceM=1043.72 XhaulConnected=1 XhaulChannelVariationDb=0 RawXhaulState=HEALTHY RawXhaulStateAgeSec=64 XhaulState=HEALTHY DonorUnavailableActive=0 SatBackhaulHealthy=0 UavSwitchingXappAvailable=1 UavSwitchingXappState=STANDBY BackhaulMode=TN_DIRECT RicControlState=TN_E2 ActiveUavRic=TN_NEAR_RT_RIC NormalUeHandoverAllowed=1 UavMode=TN_CONTROLLED_COVERAGE_EXTENSION
UAV_AUTONOMY_XAPP Time=68.5 DeploymentMode=tn-uav UavIndex=2 UavCellId=7 BestDonorCellId=2 BestDonorDistanceM=465.215 XhaulConnected=1 XhaulChannelVariationDb=0 RawXhaulState=HEALTHY RawXhaulStateAgeSec=64 XhaulState=HEALTHY DonorUnavailableActive=0 SatBackhaulHealthy=0 UavSwitchingXappAvailable=1 UavSwitchingXappState=STANDBY BackhaulMode=TN_DIRECT RicControlState=TN_E2 ActiveUavRic=TN_NEAR_RT_RIC NormalUeHandoverAllowed=1 UavMode=TN_CONTROLLED_COVERAGE_EXTENSION
---- LOAD at t=68.5 ----
  cell 1 (TN) load=14/20
  cell 2 (TN) load=11/20
  cell 3 (TN) load=7/20
  cell 4 (TN) load=11/20
  cell 5 (NTN) load=10/10
  cell 6 (NTN) load=6/10
  cell 7 (NTN) load=4/10
UE 9 TTT_WAIT target=4 elapsed=0s need=2s
UE 11 TTT_WAIT target=2 elapsed=0s need=2s
LM HO UE=18 rnti=83 1->3 type=TN servingRsrp=-94.8423 targetRsrp=-87.6548 targetLoadReal=7/20 targetLoadEff=7/20
UE 19 TTT_WAIT target=7 elapsed=0s need=2s
UE 21 TTT_WAIT target=2 elapsed=0s need=2s
LM HO UE=23 rnti=44 2->1 type=TN servingRsrp=-107.485 targetRsrp=-104.123 targetLoadReal=14/20 targetLoadEff=14/20
UE 24 TTT_WAIT target=3 elapsed=0s need=2s
LM HO UE=29 rnti=76 3->1 type=TN servingRsrp=-122.247 targetRsrp=-84.5188 targetLoadReal=14/20 targetLoadEff=15/20
LM HO_FAIL_LOW_RSRP UE=30 currCell=1 candCell=4 candRsrp=-122.764 < min=-110
UE 32 TTT_WAIT target=4 elapsed=0s need=2s
LM HO_FAIL_LOW_RSRP UE=37 currCell=4 candCell=7 candRsrp=-112.404 < min=-110
UE 41 TTT_WAIT target=1 elapsed=0s need=2s
UE 45 TTT_WAIT target=3 elapsed=0s need=2s
UE 46 TTT_WAIT target=3 elapsed=0s need=2s
LM HO_FAIL_LOW_RSRP UE=47 currCell=1 candCell=7 candRsrp=-122.75 < min=-110
LM HO_FAIL_LOW_RSRP UE=48 currCell=4 candCell=6 candRsrp=-116.448 < min=-110
UE 52 TTT_WAIT target=3 elapsed=0s need=2s
LM HO_FAIL_LOW_RSRP UE=53 currCell=5 candCell=6 candRsrp=-117.367 < min=-110
LM HO UE=55 rnti=55 4->1 type=TN servingRsrp=-119.407 targetRsrp=-84.3513 targetLoadReal=14/20 targetLoadEff=16/20
UE 56 TTT_WAIT target=3 elapsed=0s need=2s
LM HO_FAIL_LOW_RSRP UE=59 currCell=3 candCell=1 candRsrp=-116.168 < min=-110
UE 64 TTT_WAIT target=1 elapsed=0s need=2s
LM HO_FAIL_LOW_RSRP UE=66 currCell=5 candCell=6 candRsrp=-118.782 < min=-110
LM HO UE=70 rnti=38 4->6 type=NTN servingRsrp=-107.266 targetRsrp=-89.2801 targetLoadReal=6/10 targetLoadEff=6/10
UE 71 TTT_WAIT target=1 elapsed=0s need=2s
LM HO_FAIL_LOW_RSRP UE=74 currCell=3 candCell=7 candRsrp=-110.1 < min=-110
UE 75 TTT_WAIT target=3 elapsed=0s need=2s
UE 77 TTT_WAIT target=7 elapsed=0s need=2s
LM HO_FAIL_LOW_RSRP UE=79 currCell=1 candCell=6 candRsrp=-123.198 < min=-110
UE 80 TTT_WAIT target=1 elapsed=0s need=2s
UE 84 TTT_WAIT target=1 elapsed=0s need=2s
UE 85 TTT_WAIT target=4 elapsed=0s need=2s
UE 86 TTT_WAIT target=4 elapsed=0s need=2s
UE 92 TTT_WAIT target=2 elapsed=0s need=2s
UE 95 TTT_WAIT target=7 elapsed=0s need=2s
LM HO UE=100 rnti=57 7->2 type=TN servingRsrp=-120.588 targetRsrp=-107.771 targetLoadReal=11/20 targetLoadEff=11/20
UE 105 TTT_WAIT target=6 elapsed=0s need=2s
TRACE HO_SUCCESS Time=68.6151 IMSI=22 TargetCell=1 Type=TN TargetRSRP=-98.398 ServingRSRP=-83.2053 BackhaulDlSnr=-999 BackhaulUlSnr=-999
TRACE HO_SUCCESS Time=68.6151 IMSI=28 TargetCell=1 Type=TN TargetRSRP=-93.1195 ServingRSRP=-118.449 BackhaulDlSnr=-999 BackhaulUlSnr=-999
TRACE HO_SUCCESS Time=68.6151 IMSI=54 TargetCell=1 Type=TN TargetRSRP=-124.215 ServingRSRP=-83.4432 BackhaulDlSnr=-999 BackhaulUlSnr=-999
TRACE HO_SUCCESS Time=68.6151 IMSI=99 TargetCell=2 Type=TN TargetRSRP=-117.325 ServingRSRP=-85.1429 BackhaulDlSnr=-999 BackhaulUlSnr=-999
TRACE HO_SUCCESS Time=68.6151 IMSI=17 TargetCell=3 Type=TN TargetRSRP=-121.305 ServingRSRP=-87.4951 BackhaulDlSnr=-999 BackhaulUlSnr=-999
TRACE HO_SUCCESS Time=68.6151 IMSI=69 TargetCell=6 Type=NTN TargetRSRP=-114.804 ServingRSRP=-75.6728 BackhaulDlSnr=-999 BackhaulUlSnr=-999
UAV_AUTONOMY_XAPP Time=70.5 DeploymentMode=tn-uav UavIndex=0 UavCellId=5 BestDonorCellId=1 BestDonorDistanceM=1820.31 XhaulConnected=1 XhaulChannelVariationDb=0 RawXhaulState=HEALTHY RawXhaulStateAgeSec=66 XhaulState=HEALTHY DonorUnavailableActive=0 SatBackhaulHealthy=0 UavSwitchingXappAvailable=1 UavSwitchingXappState=STANDBY BackhaulMode=TN_DIRECT RicControlState=TN_E2 ActiveUavRic=TN_NEAR_RT_RIC NormalUeHandoverAllowed=1 UavMode=TN_CONTROLLED_COVERAGE_EXTENSION
UAV_AUTONOMY_XAPP Time=70.5 DeploymentMode=tn-uav UavIndex=1 UavCellId=6 BestDonorCellId=4 BestDonorDistanceM=1085.3 XhaulConnected=1 XhaulChannelVariationDb=0 RawXhaulState=HEALTHY RawXhaulStateAgeSec=66 XhaulState=HEALTHY DonorUnavailableActive=0 SatBackhaulHealthy=0 UavSwitchingXappAvailable=1 UavSwitchingXappState=STANDBY BackhaulMode=TN_DIRECT RicControlState=TN_E2 ActiveUavRic=TN_NEAR_RT_RIC NormalUeHandoverAllowed=1 UavMode=TN_CONTROLLED_COVERAGE_EXTENSION
UAV_AUTONOMY_XAPP Time=70.5 DeploymentMode=tn-uav UavIndex=2 UavCellId=7 BestDonorCellId=2 BestDonorDistanceM=450.207 XhaulConnected=1 XhaulChannelVariationDb=0 RawXhaulState=HEALTHY RawXhaulStateAgeSec=66 XhaulState=HEALTHY DonorUnavailableActive=0 SatBackhaulHealthy=0 UavSwitchingXappAvailable=1 UavSwitchingXappState=STANDBY BackhaulMode=TN_DIRECT RicControlState=TN_E2 ActiveUavRic=TN_NEAR_RT_RIC NormalUeHandoverAllowed=1 UavMode=TN_CONTROLLED_COVERAGE_EXTENSION
---- LOAD at t=70.5 ----
  cell 1 (TN) load=16/20
  cell 2 (TN) load=11/20
  cell 3 (TN) load=7/20
  cell 4 (TN) load=9/20
  cell 5 (NTN) load=10/10
  cell 6 (NTN) load=7/10
  cell 7 (NTN) load=3/10
LM HO_FAIL_LOW_RSRP UE=9 currCell=2 candCell=6 candRsrp=-124.303 < min=-110
UE 13 TTT_WAIT target=1 elapsed=0s need=2s
UE 18 TTT_WAIT target=1 elapsed=0s need=2s
LM HO_FAIL_LOW_RSRP UE=19 currCell=1 candCell=2 candRsrp=-117.036 < min=-110
LM HO_FAIL_LOW_RSRP UE=21 currCell=4 candCell=6 candRsrp=-112.085 < min=-110
UE 24 TTT_WAIT target=1 elapsed=0s need=2s
UE 26 TTT_WAIT target=2 elapsed=0s need=2s
UE 29 TTT_WAIT target=2 elapsed=0s need=2s
UE 33 TTT_WAIT target=3 elapsed=0s need=2s
LM HO_FAIL_LOW_RSRP UE=35 currCell=1 candCell=7 candRsrp=-126.054 < min=-110
UE 36 TTT_WAIT target=4 elapsed=0s need=2s
UE 37 TTT_WAIT target=1 elapsed=0s need=2s
LM HO_FAIL_LOW_RSRP UE=39 currCell=1 candCell=6 candRsrp=-127.648 < min=-110
LM HO UE=45 rnti=99 1->3 type=TN servingRsrp=-110.743 targetRsrp=-101.046 targetLoadReal=7/20 targetLoadEff=7/20
UE 46 TTT_WAIT target=4 elapsed=0s need=2s
UE 48 TTT_WAIT target=1 elapsed=0s need=2s
UE 52 TTT_WAIT target=2 elapsed=0s need=2s
UE 53 TTT_WAIT target=7 elapsed=0s need=2s
LM HO_FAIL_LOW_RSRP UE=55 currCell=1 candCell=6 candRsrp=-120.308 < min=-110
LM HO UE=56 rnti=86 1->3 type=TN servingRsrp=-103.875 targetRsrp=-79.8374 targetLoadReal=7/20 targetLoadEff=8/20
LM HO UE=64 rnti=33 2->1 type=TN servingRsrp=-130.636 targetRsrp=-103.779 targetLoadReal=16/20 targetLoadEff=16/20
UE 66 TTT_WAIT target=2 elapsed=0s need=2s
UE 69 TTT_WAIT target=1 elapsed=0s need=2s
LM HO_FAIL_LOW_RSRP UE=70 currCell=6 candCell=7 candRsrp=-111.311 < min=-110
LM HO_FAIL_LOW_RSRP UE=74 currCell=3 candCell=1 candRsrp=-113.747 < min=-110
LM HO_FAIL_LOW_RSRP UE=75 currCell=5 candCell=7 candRsrp=-114.97 < min=-110
UE 79 TTT_WAIT target=4 elapsed=0s need=2s
UE 84 TTT_WAIT target=3 elapsed=0s need=2s
LM HO_FAIL_LOW_RSRP UE=85 currCell=1 candCell=3 candRsrp=-119.386 < min=-110
UE 86 TTT_WAIT target=6 elapsed=0s need=2s
LM HO_FAIL_LOW_RSRP UE=90 currCell=4 candCell=3 candRsrp=-110.069 < min=-110
UE 92 TTT_WAIT target=3 elapsed=0s need=2s
LM HO UE=95 rnti=16 4->7 type=NTN servingRsrp=-107.906 targetRsrp=-90.2873 targetLoadReal=3/10 targetLoadEff=3/10
LM HO_FAIL_LOW_RSRP UE=97 currCell=1 candCell=6 candRsrp=-117.888 < min=-110
UE 98 TTT_WAIT target=3 elapsed=0s need=2s
UE 104 TTT_WAIT target=3 elapsed=0s need=2s
LM HO_FAIL_LOW_RSRP UE=105 currCell=2 candCell=3 candRsrp=-118.17 < min=-110
TRACE HO_SUCCESS Time=70.6151 IMSI=63 TargetCell=1 Type=TN TargetRSRP=-132.52 ServingRSRP=-109.568 BackhaulDlSnr=-999 BackhaulUlSnr=-999
TRACE HO_SUCCESS Time=70.6151 IMSI=55 TargetCell=3 Type=TN TargetRSRP=-103.594 ServingRSRP=-101.827 BackhaulDlSnr=-999 BackhaulUlSnr=-999
TRACE HO_SUCCESS Time=70.6151 IMSI=44 TargetCell=3 Type=TN TargetRSRP=-115.821 ServingRSRP=-76.0691 BackhaulDlSnr=-999 BackhaulUlSnr=-999
TRACE HO_SUCCESS Time=70.6151 IMSI=94 TargetCell=7 Type=NTN TargetRSRP=-147.407 ServingRSRP=-95.1584 BackhaulDlSnr=-999 BackhaulUlSnr=-999
UAV_AUTONOMY_XAPP Time=72.5 DeploymentMode=tn-uav UavIndex=0 UavCellId=5 BestDonorCellId=1 BestDonorDistanceM=1820.31 XhaulConnected=1 XhaulChannelVariationDb=0 RawXhaulState=HEALTHY RawXhaulStateAgeSec=68 XhaulState=HEALTHY DonorUnavailableActive=0 SatBackhaulHealthy=0 UavSwitchingXappAvailable=1 UavSwitchingXappState=STANDBY BackhaulMode=TN_DIRECT RicControlState=TN_E2 ActiveUavRic=TN_NEAR_RT_RIC NormalUeHandoverAllowed=1 UavMode=TN_CONTROLLED_COVERAGE_EXTENSION
UAV_AUTONOMY_XAPP Time=72.5 DeploymentMode=tn-uav UavIndex=1 UavCellId=6 BestDonorCellId=4 BestDonorDistanceM=1123.06 XhaulConnected=1 XhaulChannelVariationDb=0 RawXhaulState=HEALTHY RawXhaulStateAgeSec=68 XhaulState=HEALTHY DonorUnavailableActive=0 SatBackhaulHealthy=0 UavSwitchingXappAvailable=1 UavSwitchingXappState=STANDBY BackhaulMode=TN_DIRECT RicControlState=TN_E2 ActiveUavRic=TN_NEAR_RT_RIC NormalUeHandoverAllowed=1 UavMode=TN_CONTROLLED_COVERAGE_EXTENSION
UAV_AUTONOMY_XAPP Time=72.5 DeploymentMode=tn-uav UavIndex=2 UavCellId=7 BestDonorCellId=2 BestDonorDistanceM=430.332 XhaulConnected=1 XhaulChannelVariationDb=0 RawXhaulState=HEALTHY RawXhaulStateAgeSec=68 XhaulState=HEALTHY DonorUnavailableActive=0 SatBackhaulHealthy=0 UavSwitchingXappAvailable=1 UavSwitchingXappState=STANDBY BackhaulMode=TN_DIRECT RicControlState=TN_E2 ActiveUavRic=TN_NEAR_RT_RIC NormalUeHandoverAllowed=1 UavMode=TN_CONTROLLED_COVERAGE_EXTENSION
---- LOAD at t=72.5 ----
  cell 1 (TN) load=15/20
  cell 2 (TN) load=10/20
  cell 3 (TN) load=9/20
  cell 4 (TN) load=8/20
  cell 5 (NTN) load=10/10
  cell 6 (NTN) load=7/10
  cell 7 (NTN) load=4/10
LM HO_FAIL_LOW_RSRP UE=9 currCell=2 candCell=4 candRsrp=-116.432 < min=-110
LM HO_FAIL_LOW_RSRP UE=11 currCell=6 candCell=7 candRsrp=-119.626 < min=-110
LM HO UE=18 rnti=77 3->1 type=TN servingRsrp=-90.8101 targetRsrp=-61.8935 targetLoadReal=15/20 targetLoadEff=15/20
LM HO_FAIL_LOW_RSRP UE=19 currCell=1 candCell=4 candRsrp=-121.153 < min=-110
UE 20 TTT_WAIT target=2 elapsed=0s need=2s
UE 23 TTT_WAIT target=2 elapsed=0s need=2s
UE 24 TTT_WAIT target=3 elapsed=0s need=2s
UE 26 TTT_WAIT target=1 elapsed=0s need=2s
UE 33 TTT_WAIT target=2 elapsed=0s need=2s
UE 35 TTT_WAIT target=7 elapsed=0s need=2s
LM HO_FAIL_LOW_RSRP UE=37 currCell=4 candCell=6 candRsrp=-136.036 < min=-110
LM HO_FAIL_LOW_RSRP UE=39 currCell=1 candCell=7 candRsrp=-118.48 < min=-110
LM HO_FAIL_LOW_RSRP UE=41 currCell=2 candCell=6 candRsrp=-130.369 < min=-110
UE 45 TTT_WAIT target=2 elapsed=0s need=2s
UE 46 TTT_WAIT target=2 elapsed=0s need=2s
UE 47 TTT_WAIT target=2 elapsed=0s need=2s
LM HO UE=48 rnti=52 4->1 type=TN servingRsrp=-109.307 targetRsrp=-106.853 targetLoadReal=15/20 targetLoadEff=16/20
UE 52 TTT_WAIT target=1 elapsed=0s need=2s
LM HO_FAIL_LOW_RSRP UE=59 currCell=3 candCell=7 candRsrp=-136.711 < min=-110
UE 61 TTT_WAIT target=4 elapsed=0s need=2s
UE 70 TTT_WAIT target=4 elapsed=0s need=2s
UE 74 TTT_WAIT target=2 elapsed=0s need=2s
UE 75 TTT_WAIT target=3 elapsed=0s need=2s
LM HO_FAIL_LOW_RSRP UE=79 currCell=1 candCell=4 candRsrp=-118.158 < min=-110
LM HO UE=84 rnti=43 2->3 type=TN servingRsrp=-90.629 targetRsrp=-77.8994 targetLoadReal=9/20 targetLoadEff=9/20
LM HO_FAIL_LOW_RSRP UE=85 currCell=1 candCell=4 candRsrp=-117.347 < min=-110
LM HO UE=86 rnti=30 2->6 type=NTN servingRsrp=-121.603 targetRsrp=-104.995 targetLoadReal=7/10 targetLoadEff=7/10
UE 90 TTT_WAIT target=2 elapsed=0s need=2s
UE 95 TTT_WAIT target=2 elapsed=0s need=2s
UE 100 TTT_WAIT target=4 elapsed=0s need=2s
LM HO UE=104 rnti=45 2->3 type=TN servingRsrp=-122.017 targetRsrp=-81.903 targetLoadReal=9/20 targetLoadEff=10/20
LM HO_FAIL_LOW_RSRP UE=105 currCell=2 candCell=4 candRsrp=-124.378 < min=-110
TRACE HO_SUCCESS Time=72.6151 IMSI=17 TargetCell=1 Type=TN TargetRSRP=-61.9979 ServingRSRP=-92.8958 BackhaulDlSnr=-999 BackhaulUlSnr=-999
TRACE HO_SUCCESS Time=72.6151 IMSI=47 TargetCell=1 Type=TN TargetRSRP=-108.364 ServingRSRP=-82.1265 BackhaulDlSnr=-999 BackhaulUlSnr=-999
TRACE HO_SUCCESS Time=72.6151 IMSI=83 TargetCell=3 Type=TN TargetRSRP=-115.738 ServingRSRP=-102.115 BackhaulDlSnr=-999 BackhaulUlSnr=-999
TRACE HO_SUCCESS Time=72.6151 IMSI=103 TargetCell=3 Type=TN TargetRSRP=-107.368 ServingRSRP=-91.356 BackhaulDlSnr=-999 BackhaulUlSnr=-999
TRACE HO_SUCCESS Time=72.6151 IMSI=85 TargetCell=6 Type=NTN TargetRSRP=-133.893 ServingRSRP=-124.364 BackhaulDlSnr=-999 BackhaulUlSnr=-999
UAV_AUTONOMY_XAPP Time=74.5 DeploymentMode=tn-uav UavIndex=0 UavCellId=5 BestDonorCellId=1 BestDonorDistanceM=1820.31 XhaulConnected=1 XhaulChannelVariationDb=0 RawXhaulState=HEALTHY RawXhaulStateAgeSec=70 XhaulState=HEALTHY DonorUnavailableActive=0 SatBackhaulHealthy=0 UavSwitchingXappAvailable=1 UavSwitchingXappState=STANDBY BackhaulMode=TN_DIRECT RicControlState=TN_E2 ActiveUavRic=TN_NEAR_RT_RIC NormalUeHandoverAllowed=1 UavMode=TN_CONTROLLED_COVERAGE_EXTENSION
UAV_AUTONOMY_XAPP Time=74.5 DeploymentMode=tn-uav UavIndex=1 UavCellId=6 BestDonorCellId=4 BestDonorDistanceM=1160.85 XhaulConnected=1 XhaulChannelVariationDb=0 RawXhaulState=HEALTHY RawXhaulStateAgeSec=70 XhaulState=HEALTHY DonorUnavailableActive=0 SatBackhaulHealthy=0 UavSwitchingXappAvailable=1 UavSwitchingXappState=STANDBY BackhaulMode=TN_DIRECT RicControlState=TN_E2 ActiveUavRic=TN_NEAR_RT_RIC NormalUeHandoverAllowed=1 UavMode=TN_CONTROLLED_COVERAGE_EXTENSION
UAV_AUTONOMY_XAPP Time=74.5 DeploymentMode=tn-uav UavIndex=2 UavCellId=7 BestDonorCellId=2 BestDonorDistanceM=415.248 XhaulConnected=1 XhaulChannelVariationDb=0 RawXhaulState=HEALTHY RawXhaulStateAgeSec=70 XhaulState=HEALTHY DonorUnavailableActive=0 SatBackhaulHealthy=0 UavSwitchingXappAvailable=1 UavSwitchingXappState=STANDBY BackhaulMode=TN_DIRECT RicControlState=TN_E2 ActiveUavRic=TN_NEAR_RT_RIC NormalUeHandoverAllowed=1 UavMode=TN_CONTROLLED_COVERAGE_EXTENSION
---- LOAD at t=74.5 ----
  cell 1 (TN) load=17/20
  cell 2 (TN) load=7/20
  cell 3 (TN) load=10/20
  cell 4 (TN) load=8/20
  cell 5 (NTN) load=10/10
  cell 6 (NTN) load=8/10
  cell 7 (NTN) load=4/10
UE 10 TTT_WAIT target=7 elapsed=0s need=2s
UE 11 TTT_WAIT target=2 elapsed=0s need=2s
LM HO_FAIL_LOW_RSRP UE=14 currCell=5 candCell=7 candRsrp=-121.883 < min=-110
LM HO_FAIL_LOW_RSRP UE=21 currCell=4 candCell=7 candRsrp=-112.562 < min=-110
LM HO UE=23 rnti=115 1->2 type=TN servingRsrp=-112.109 targetRsrp=-103.903 targetLoadReal=7/20 targetLoadEff=7/20
UE 24 TTT_WAIT target=1 elapsed=0s need=2s
UE 26 TTT_WAIT target=2 elapsed=0s need=2s
LM HO_FAIL_LOW_RSRP UE=33 currCell=7 candCell=6 candRsrp=-118.011 < min=-110
UE 36 TTT_WAIT target=4 elapsed=0s need=2s
UE 37 TTT_WAIT target=1 elapsed=0s need=2s
LM HO_FAIL_LOW_RSRP UE=39 currCell=1 candCell=7 candRsrp=-123.723 < min=-110
LM HO_FAIL_LOW_RSRP UE=41 currCell=2 candCell=4 candRsrp=-112.872 < min=-110
UE 45 TTT_WAIT target=1 elapsed=0s need=2s
LM HO_FAIL_LOW_RSRP UE=48 currCell=1 candCell=4 candRsrp=-118.596 < min=-110
LM HO_FAIL_LOW_RSRP UE=53 currCell=5 candCell=6 candRsrp=-114.306 < min=-110
UE 56 TTT_WAIT target=2 elapsed=0s need=2s
UE 64 TTT_WAIT target=2 elapsed=0s need=2s
LM HO_FAIL_LOW_RSRP UE=66 currCell=5 candCell=6 candRsrp=-110.61 < min=-110
UE 69 TTT_WAIT target=6 elapsed=0s need=2s
LM HO UE=70 rnti=135 6->4 type=TN servingRsrp=-125.879 targetRsrp=-86.5255 targetLoadReal=8/20 targetLoadEff=8/20
UE 71 TTT_WAIT target=3 elapsed=0s need=2s
LM HO UE=75 rnti=40 5->3 type=TN servingRsrp=-122.902 targetRsrp=-96.9424 targetLoadReal=10/20 targetLoadEff=10/20
UE 77 TTT_WAIT target=7 elapsed=0s need=2s
UE 80 TTT_WAIT target=3 elapsed=0s need=2s
UE 84 TTT_WAIT target=1 elapsed=0s need=2s
UE 85 TTT_WAIT target=4 elapsed=0s need=2s
LM HO_FAIL_LOW_RSRP UE=90 currCell=4 candCell=1 candRsrp=-113.43 < min=-110
UE 93 TTT_WAIT target=6 elapsed=0s need=2s
LM HO UE=95 rnti=59 7->2 type=TN servingRsrp=-124.907 targetRsrp=-93.5519 targetLoadReal=7/20 targetLoadEff=8/20
UE 96 TTT_WAIT target=3 elapsed=0s need=2s
UE 97 TTT_WAIT target=2 elapsed=0s need=2s
LM HO_FAIL_LOW_RSRP UE=98 currCell=4 candCell=2 candRsrp=-120.826 < min=-110
LM HO_FAIL_LOW_RSRP UE=100 currCell=2 candCell=7 candRsrp=-119.695 < min=-110
UE 105 TTT_WAIT target=4 elapsed=0s need=2s
TRACE HO_SUCCESS Time=74.6151 IMSI=22 TargetCell=2 Type=TN TargetRSRP=-110.408 ServingRSRP=-110.773 BackhaulDlSnr=-999 BackhaulUlSnr=-999
TRACE HO_SUCCESS Time=74.6151 IMSI=94 TargetCell=2 Type=TN TargetRSRP=-132.088 ServingRSRP=-92.1488 BackhaulDlSnr=-999 BackhaulUlSnr=-999
TRACE HO_SUCCESS Time=74.6151 IMSI=74 TargetCell=3 Type=TN TargetRSRP=-118.068 ServingRSRP=-99.7219 BackhaulDlSnr=-999 BackhaulUlSnr=-999
TRACE HO_SUCCESS Time=74.6151 IMSI=69 TargetCell=4 Type=TN TargetRSRP=-91.2999 ServingRSRP=-94.4629 BackhaulDlSnr=-999 BackhaulUlSnr=-999
UAV_AUTONOMY_XAPP Time=76.5 DeploymentMode=tn-uav UavIndex=0 UavCellId=5 BestDonorCellId=1 BestDonorDistanceM=1851.68 XhaulConnected=1 XhaulChannelVariationDb=0 RawXhaulState=HEALTHY RawXhaulStateAgeSec=72 XhaulState=HEALTHY DonorUnavailableActive=0 SatBackhaulHealthy=0 UavSwitchingXappAvailable=1 UavSwitchingXappState=STANDBY BackhaulMode=TN_DIRECT RicControlState=TN_E2 ActiveUavRic=TN_NEAR_RT_RIC NormalUeHandoverAllowed=1 UavMode=TN_CONTROLLED_COVERAGE_EXTENSION
UAV_AUTONOMY_XAPP Time=76.5 DeploymentMode=tn-uav UavIndex=1 UavCellId=6 BestDonorCellId=4 BestDonorDistanceM=1207.44 XhaulConnected=1 XhaulChannelVariationDb=0 RawXhaulState=HEALTHY RawXhaulStateAgeSec=72 XhaulState=HEALTHY DonorUnavailableActive=0 SatBackhaulHealthy=0 UavSwitchingXappAvailable=1 UavSwitchingXappState=STANDBY BackhaulMode=TN_DIRECT RicControlState=TN_E2 ActiveUavRic=TN_NEAR_RT_RIC NormalUeHandoverAllowed=1 UavMode=TN_CONTROLLED_COVERAGE_EXTENSION
UAV_AUTONOMY_XAPP Time=76.5 DeploymentMode=tn-uav UavIndex=2 UavCellId=7 BestDonorCellId=2 BestDonorDistanceM=420.057 XhaulConnected=1 XhaulChannelVariationDb=0 RawXhaulState=HEALTHY RawXhaulStateAgeSec=72 XhaulState=HEALTHY DonorUnavailableActive=0 SatBackhaulHealthy=0 UavSwitchingXappAvailable=1 UavSwitchingXappState=STANDBY BackhaulMode=TN_DIRECT RicControlState=TN_E2 ActiveUavRic=TN_NEAR_RT_RIC NormalUeHandoverAllowed=1 UavMode=TN_CONTROLLED_COVERAGE_EXTENSION
---- LOAD at t=76.5 ----
  cell 1 (TN) load=16/20
  cell 2 (TN) load=9/20
  cell 3 (TN) load=11/20
  cell 4 (TN) load=9/20
  cell 5 (NTN) load=9/10
  cell 6 (NTN) load=8/10
  cell 7 (NTN) load=3/10
UE 9 TTT_WAIT target=1 elapsed=0s need=2s
LM HO_FAIL_LOW_RSRP UE=14 currCell=5 candCell=6 candRsrp=-110.608 < min=-110
LM HO_FAIL_LOW_RSRP UE=21 currCell=4 candCell=5 candRsrp=-114.718 < min=-110
UE 23 TTT_WAIT target=1 elapsed=0s need=2s
LM HO_FAIL_LOW_RSRP UE=30 currCell=1 candCell=5 candRsrp=-121.736 < min=-110
UE 32 TTT_WAIT target=4 elapsed=0s need=2s
UE 33 TTT_WAIT target=2 elapsed=0s need=2s
UE 35 TTT_WAIT target=4 elapsed=0s need=2s
LM HO_FAIL_LOW_RSRP UE=41 currCell=2 candCell=7 candRsrp=-121.677 < min=-110
LM HO UE=45 rnti=78 3->1 type=TN servingRsrp=-118.347 targetRsrp=-68.474 targetLoadReal=16/20 targetLoadEff=16/20
UE 48 TTT_WAIT target=3 elapsed=0s need=2s
UE 55 TTT_WAIT target=4 elapsed=0s need=2s
UE 56 TTT_WAIT target=1 elapsed=0s need=2s
UE 59 TTT_WAIT target=1 elapsed=0s need=2s
UE 61 TTT_WAIT target=4 elapsed=0s need=2s
UE 64 TTT_WAIT target=4 elapsed=0s need=2s
UE 66 TTT_WAIT target=2 elapsed=0s need=2s
UE 71 TTT_WAIT target=4 elapsed=0s need=2s
LM HO_FAIL_LOW_RSRP UE=74 currCell=3 candCell=1 candRsrp=-114.528 < min=-110
LM HO_FAIL_LOW_RSRP UE=75 currCell=3 candCell=1 candRsrp=-115.393 < min=-110
LM HO_FAIL_LOW_RSRP UE=79 currCell=1 candCell=4 candRsrp=-119.761 < min=-110
LM HO UE=84 rnti=80 3->1 type=TN servingRsrp=-108.152 targetRsrp=-105.743 targetLoadReal=16/20 targetLoadEff=17/20
UE 85 TTT_WAIT target=3 elapsed=0s need=2s
LM HO_FAIL_LOW_RSRP UE=90 currCell=4 candCell=1 candRsrp=-110.38 < min=-110
UE 95 TTT_WAIT target=4 elapsed=0s need=2s
LM HO UE=96 rnti=25 2->3 type=TN servingRsrp=-98.0755 targetRsrp=-89.4059 targetLoadReal=11/20 targetLoadEff=11/20
UE 98 TTT_WAIT target=2 elapsed=0s need=2s
UE 101 TTT_WAIT target=3 elapsed=0s need=2s
LM HO_FAIL_LOW_RSRP UE=104 currCell=3 candCell=4 candRsrp=-113.896 < min=-110
LM HO_FAIL_LOW_RSRP UE=105 currCell=2 candCell=4 candRsrp=-112.662 < min=-110
TRACE HO_SUCCESS Time=76.6151 IMSI=83 TargetCell=1 Type=TN TargetRSRP=-105.252 ServingRSRP=-88.8476 BackhaulDlSnr=-999 BackhaulUlSnr=-999
TRACE HO_SUCCESS Time=76.6151 IMSI=44 TargetCell=1 Type=TN TargetRSRP=-77.074 ServingRSRP=-111.906 BackhaulDlSnr=-999 BackhaulUlSnr=-999
TRACE HO_SUCCESS Time=76.6151 IMSI=95 TargetCell=3 Type=TN TargetRSRP=-122.057 ServingRSRP=-107.433 BackhaulDlSnr=-999 BackhaulUlSnr=-999
UAV_AUTONOMY_XAPP Time=78.5 DeploymentMode=tn-uav UavIndex=0 UavCellId=5 BestDonorCellId=1 BestDonorDistanceM=1891.59 XhaulConnected=1 XhaulChannelVariationDb=0 RawXhaulState=HEALTHY RawXhaulStateAgeSec=74 XhaulState=HEALTHY DonorUnavailableActive=0 SatBackhaulHealthy=0 UavSwitchingXappAvailable=1 UavSwitchingXappState=STANDBY BackhaulMode=TN_DIRECT RicControlState=TN_E2 ActiveUavRic=TN_NEAR_RT_RIC NormalUeHandoverAllowed=1 UavMode=TN_CONTROLLED_COVERAGE_EXTENSION
UAV_AUTONOMY_XAPP Time=78.5 DeploymentMode=tn-uav UavIndex=1 UavCellId=6 BestDonorCellId=4 BestDonorDistanceM=1245.77 XhaulConnected=1 XhaulChannelVariationDb=0 RawXhaulState=HEALTHY RawXhaulStateAgeSec=74 XhaulState=HEALTHY DonorUnavailableActive=0 SatBackhaulHealthy=0 UavSwitchingXappAvailable=1 UavSwitchingXappState=STANDBY BackhaulMode=TN_DIRECT RicControlState=TN_E2 ActiveUavRic=TN_NEAR_RT_RIC NormalUeHandoverAllowed=1 UavMode=TN_CONTROLLED_COVERAGE_EXTENSION
UAV_AUTONOMY_XAPP Time=78.5 DeploymentMode=tn-uav UavIndex=2 UavCellId=7 BestDonorCellId=2 BestDonorDistanceM=431.21 XhaulConnected=1 XhaulChannelVariationDb=0 RawXhaulState=HEALTHY RawXhaulStateAgeSec=74 XhaulState=HEALTHY DonorUnavailableActive=0 SatBackhaulHealthy=0 UavSwitchingXappAvailable=1 UavSwitchingXappState=STANDBY BackhaulMode=TN_DIRECT RicControlState=TN_E2 ActiveUavRic=TN_NEAR_RT_RIC NormalUeHandoverAllowed=1 UavMode=TN_CONTROLLED_COVERAGE_EXTENSION
---- LOAD at t=78.5 ----
  cell 1 (TN) load=18/20
  cell 2 (TN) load=8/20
  cell 3 (TN) load=10/20
  cell 4 (TN) load=9/20
  cell 5 (NTN) load=9/10
  cell 6 (NTN) load=8/10
  cell 7 (NTN) load=3/10
LM HO UE=9 rnti=46 2->1 type=TN servingRsrp=-113.982 targetRsrp=-83.9488 targetLoadReal=18/20 targetLoadEff=18/20
UE 10 TTT_WAIT target=1 elapsed=0s need=2s
UE 11 TTT_WAIT target=1 elapsed=0s need=2s
UE 14 TTT_WAIT target=2 elapsed=0s need=2s
LM HO_FAIL_LOW_RSRP UE=19 currCell=1 candCell=7 candRsrp=-117.213 < min=-110
LM HO_FAIL_LOW_RSRP UE=21 currCell=4 candCell=6 candRsrp=-123.756 < min=-110
LM HO UE=33 rnti=16 7->2 type=TN servingRsrp=-111.599 targetRsrp=-103.1 targetLoadReal=8/20 targetLoadEff=8/20
UE 35 TTT_WAIT target=2 elapsed=0s need=2s
UE 36 TTT_WAIT target=1 elapsed=0s need=2s
UE 37 TTT_WAIT target=2 elapsed=0s need=2s
LM HO_FAIL_LOW_RSRP UE=46 currCell=6 candCell=7 candRsrp=-122.721 < min=-110
UE 47 TTT_WAIT target=2 elapsed=0s need=2s
UE 48 TTT_WAIT target=4 elapsed=0s need=2s
UE 52 TTT_WAIT target=2 elapsed=0s need=2s
LM HO UE=55 rnti=117 1->4 type=TN servingRsrp=-122.998 targetRsrp=-82.7419 targetLoadReal=9/20 targetLoadEff=9/20
UE 59 TTT_WAIT target=2 elapsed=0s need=2s
UE 61 TTT_WAIT target=7 elapsed=0s need=2s
LM HO_FAIL_LOW_RSRP UE=64 currCell=1 candCell=3 candRsrp=-114.802 < min=-110
UE 66 TTT_WAIT target=3 elapsed=0s need=2s
UE 74 TTT_WAIT target=5 elapsed=0s need=2s
UE 75 TTT_WAIT target=1 elapsed=0s need=2s
UE 77 TTT_WAIT target=4 elapsed=0s need=2s
LM HO_FAIL_LOW_RSRP UE=79 currCell=1 candCell=4 candRsrp=-122.725 < min=-110
UE 85 TTT_WAIT target=4 elapsed=0s need=2s
UE 92 TTT_WAIT target=2 elapsed=0s need=2s
UE 93 TTT_WAIT target=2 elapsed=0s need=2s
UE 95 TTT_WAIT target=1 elapsed=0s need=2s
UE 96 TTT_WAIT target=1 elapsed=0s need=2s
UE 97 TTT_WAIT target=2 elapsed=0s need=2s
LM HO_FAIL_LOW_RSRP UE=98 currCell=4 candCell=2 candRsrp=-113.063 < min=-110
UE 105 TTT_WAIT target=6 elapsed=0s need=2s
TRACE HO_SUCCESS Time=78.6151 IMSI=8 TargetCell=1 Type=TN TargetRSRP=-122.185 ServingRSRP=-78.5669 BackhaulDlSnr=-999 BackhaulUlSnr=-999
TRACE HO_SUCCESS Time=78.6151 IMSI=32 TargetCell=2 Type=TN TargetRSRP=-74.7942 ServingRSRP=-110.604 BackhaulDlSnr=-999 BackhaulUlSnr=-999
TRACE HO_SUCCESS Time=78.6151 IMSI=54 TargetCell=4 Type=TN TargetRSRP=-88.9092 ServingRSRP=-83.8799 BackhaulDlSnr=-999 BackhaulUlSnr=-999
UAV_AUTONOMY_XAPP Time=80.5 DeploymentMode=tn-uav UavIndex=0 UavCellId=5 BestDonorCellId=1 BestDonorDistanceM=1930.87 XhaulConnected=1 XhaulChannelVariationDb=0 RawXhaulState=HEALTHY RawXhaulStateAgeSec=76 XhaulState=HEALTHY DonorUnavailableActive=0 SatBackhaulHealthy=0 UavSwitchingXappAvailable=1 UavSwitchingXappState=STANDBY BackhaulMode=TN_DIRECT RicControlState=TN_E2 ActiveUavRic=TN_NEAR_RT_RIC NormalUeHandoverAllowed=1 UavMode=TN_CONTROLLED_COVERAGE_EXTENSION
UAV_AUTONOMY_XAPP Time=80.5 DeploymentMode=tn-uav UavIndex=1 UavCellId=6 BestDonorCellId=4 BestDonorDistanceM=1286.01 XhaulConnected=1 XhaulChannelVariationDb=0 RawXhaulState=HEALTHY RawXhaulStateAgeSec=76 XhaulState=HEALTHY DonorUnavailableActive=0 SatBackhaulHealthy=0 UavSwitchingXappAvailable=1 UavSwitchingXappState=STANDBY BackhaulMode=TN_DIRECT RicControlState=TN_E2 ActiveUavRic=TN_NEAR_RT_RIC NormalUeHandoverAllowed=1 UavMode=TN_CONTROLLED_COVERAGE_EXTENSION
UAV_AUTONOMY_XAPP Time=80.5 DeploymentMode=tn-uav UavIndex=2 UavCellId=7 BestDonorCellId=2 BestDonorDistanceM=449.637 XhaulConnected=1 XhaulChannelVariationDb=0 RawXhaulState=HEALTHY RawXhaulStateAgeSec=76 XhaulState=HEALTHY DonorUnavailableActive=0 SatBackhaulHealthy=0 UavSwitchingXappAvailable=1 UavSwitchingXappState=STANDBY BackhaulMode=TN_DIRECT RicControlState=TN_E2 ActiveUavRic=TN_NEAR_RT_RIC NormalUeHandoverAllowed=1 UavMode=TN_CONTROLLED_COVERAGE_EXTENSION
---- LOAD at t=80.5 ----
  cell 1 (TN) load=18/20
  cell 2 (TN) load=8/20
  cell 3 (TN) load=10/20
  cell 4 (TN) load=10/20
  cell 5 (NTN) load=9/10
  cell 6 (NTN) load=8/10
  cell 7 (NTN) load=2/10
UE 9 TTT_WAIT target=3 elapsed=0s need=2s
UE 15 TTT_WAIT target=2 elapsed=0s need=2s
UE 18 TTT_WAIT target=3 elapsed=0s need=2s
UE 20 TTT_WAIT target=3 elapsed=0s need=2s
LM HO_FAIL_LOW_RSRP UE=21 currCell=4 candCell=6 candRsrp=-121.873 < min=-110
UE 23 TTT_WAIT target=1 elapsed=0s need=2s
UE 24 TTT_WAIT target=1 elapsed=0s need=2s
UE 25 TTT_WAIT target=4 elapsed=0s need=2s
UE 29 TTT_WAIT target=5 elapsed=0s need=2s
UE 30 TTT_WAIT target=2 elapsed=0s need=2s
UE 35 TTT_WAIT target=7 elapsed=0s need=2s
UE 36 TTT_WAIT target=4 elapsed=0s need=2s
UE 41 TTT_WAIT target=1 elapsed=0s need=2s
UE 46 TTT_WAIT target=7 elapsed=0s need=2s
LM HO_FAIL_LOW_RSRP UE=48 currCell=1 candCell=4 candRsrp=-120.722 < min=-110
LM HO UE=52 rnti=8 5->2 type=TN servingRsrp=-120.882 targetRsrp=-97.7973 targetLoadReal=8/20 targetLoadEff=8/20
LM HO_FAIL_LOW_RSRP UE=55 currCell=4 candCell=1 candRsrp=-112.572 < min=-110
LM HO_FAIL_LOW_RSRP UE=59 currCell=3 candCell=1 candRsrp=-124.46 < min=-110
UE 61 TTT_WAIT target=4 elapsed=0s need=2s
UE 66 TTT_WAIT target=7 elapsed=0s need=2s
LM HO_FAIL_LOW_RSRP UE=74 currCell=3 candCell=1 candRsrp=-123.682 < min=-110
UE 75 TTT_WAIT target=5 elapsed=0s need=2s
UE 80 TTT_WAIT target=3 elapsed=0s need=2s
LM HO UE=85 rnti=114 1->4 type=TN servingRsrp=-139.684 targetRsrp=-103.399 targetLoadReal=10/20 targetLoadEff=10/20
UE 86 TTT_WAIT target=2 elapsed=0s need=2s
LM HO UE=93 rnti=65 4->2 type=TN servingRsrp=-110.105 targetRsrp=-94.5527 targetLoadReal=8/20 targetLoadEff=9/20
LM HO_FAIL_LOW_RSRP UE=96 currCell=3 candCell=2 candRsrp=-110.281 < min=-110
LM HO_FAIL_LOW_RSRP UE=97 currCell=1 candCell=2 candRsrp=-119.044 < min=-110
UE 98 TTT_WAIT target=3 elapsed=0s need=2s
LM HO_FAIL_LOW_RSRP UE=100 currCell=2 candCell=5 candRsrp=-114.255 < min=-110
UE 104 TTT_WAIT target=7 elapsed=0s need=2s
UE 105 TTT_WAIT target=1 elapsed=0s need=2s
TRACE HO_SUCCESS Time=80.6151 IMSI=92 TargetCell=2 Type=TN TargetRSRP=-133.953 ServingRSRP=-101.711 BackhaulDlSnr=-999 BackhaulUlSnr=-999
TRACE HO_SUCCESS Time=80.6151 IMSI=51 TargetCell=2 Type=TN TargetRSRP=-129.778 ServingRSRP=-117.751 BackhaulDlSnr=-999 BackhaulUlSnr=-999
TRACE HO_SUCCESS Time=80.6151 IMSI=84 TargetCell=4 Type=TN TargetRSRP=-119.933 ServingRSRP=-123.507 BackhaulDlSnr=-999 BackhaulUlSnr=-999
UAV_AUTONOMY_XAPP Time=82.5 DeploymentMode=tn-uav UavIndex=0 UavCellId=5 BestDonorCellId=1 BestDonorDistanceM=1955.62 XhaulConnected=1 XhaulChannelVariationDb=0 RawXhaulState=HEALTHY RawXhaulStateAgeSec=78 XhaulState=HEALTHY DonorUnavailableActive=0 SatBackhaulHealthy=0 UavSwitchingXappAvailable=1 UavSwitchingXappState=STANDBY BackhaulMode=TN_DIRECT RicControlState=TN_E2 ActiveUavRic=TN_NEAR_RT_RIC NormalUeHandoverAllowed=1 UavMode=TN_CONTROLLED_COVERAGE_EXTENSION
UAV_AUTONOMY_XAPP Time=82.5 DeploymentMode=tn-uav UavIndex=1 UavCellId=6 BestDonorCellId=4 BestDonorDistanceM=1326.27 XhaulConnected=1 XhaulChannelVariationDb=0 RawXhaulState=HEALTHY RawXhaulStateAgeSec=78 XhaulState=HEALTHY DonorUnavailableActive=0 SatBackhaulHealthy=0 UavSwitchingXappAvailable=1 UavSwitchingXappState=STANDBY BackhaulMode=TN_DIRECT RicControlState=TN_E2 ActiveUavRic=TN_NEAR_RT_RIC NormalUeHandoverAllowed=1 UavMode=TN_CONTROLLED_COVERAGE_EXTENSION
UAV_AUTONOMY_XAPP Time=82.5 DeploymentMode=tn-uav UavIndex=2 UavCellId=7 BestDonorCellId=2 BestDonorDistanceM=437.084 XhaulConnected=1 XhaulChannelVariationDb=0 RawXhaulState=HEALTHY RawXhaulStateAgeSec=78 XhaulState=HEALTHY DonorUnavailableActive=0 SatBackhaulHealthy=0 UavSwitchingXappAvailable=1 UavSwitchingXappState=STANDBY BackhaulMode=TN_DIRECT RicControlState=TN_E2 ActiveUavRic=TN_NEAR_RT_RIC NormalUeHandoverAllowed=1 UavMode=TN_CONTROLLED_COVERAGE_EXTENSION
---- LOAD at t=82.5 ----
  cell 1 (TN) load=17/20
  cell 2 (TN) load=10/20
  cell 3 (TN) load=10/20
  cell 4 (TN) load=10/20
  cell 5 (NTN) load=10/10
  cell 6 (NTN) load=8/10
  cell 7 (NTN) load=3/10
UE 9 TTT_WAIT target=2 elapsed=0s need=2s
UE 10 TTT_WAIT target=2 elapsed=0s need=2s
UE 14 TTT_WAIT target=2 elapsed=0s need=2s
UE 19 TTT_WAIT target=2 elapsed=0s need=2s
UE 20 TTT_WAIT target=4 elapsed=0s need=2s
UE 23 TTT_WAIT target=7 elapsed=0s need=2s
UE 26 TTT_WAIT target=7 elapsed=0s need=2s
LM HO_FAIL_LOW_RSRP UE=29 currCell=1 candCell=7 candRsrp=-123.563 < min=-110
UE 30 TTT_WAIT target=3 elapsed=0s need=2s
UE 32 TTT_WAIT target=7 elapsed=0s need=2s
UE 33 TTT_WAIT target=1 elapsed=0s need=2s
LM HO UE=35 rnti=101 1->7 type=NTN servingRsrp=-116.693 targetRsrp=-91.6639 targetLoadReal=3/10 targetLoadEff=3/10
LM HO_FAIL_LOW_RSRP UE=39 currCell=1 candCell=7 candRsrp=-125.65 < min=-110
UE 41 TTT_WAIT target=7 elapsed=0s need=2s
LM HO_FAIL_LOW_RSRP UE=48 currCell=1 candCell=4 candRsrp=-118.373 < min=-110
UE 55 TTT_WAIT target=1 elapsed=0s need=2s
UE 56 TTT_WAIT target=1 elapsed=0s need=2s
UE 59 TTT_WAIT target=1 elapsed=0s need=2s
UE 64 TTT_WAIT target=2 elapsed=0s need=2s
UE 66 TTT_WAIT target=3 elapsed=0s need=2s
LM HO_FAIL_LOW_RSRP UE=75 currCell=3 candCell=7 candRsrp=-132.94 < min=-110
UE 79 TTT_WAIT target=4 elapsed=0s need=2s
UE 80 TTT_WAIT target=1 elapsed=0s need=2s
LM HO_FAIL_LOW_RSRP UE=85 currCell=4 candCell=6 candRsrp=-131.541 < min=-110
LM HO UE=86 rnti=136 6->2 type=TN servingRsrp=-127.503 targetRsrp=-102.714 targetLoadReal=10/20 targetLoadEff=10/20
UE 89 TTT_WAIT target=2 elapsed=0s need=2s
UE 90 TTT_WAIT target=1 elapsed=0s need=2s
UE 93 TTT_WAIT target=4 elapsed=0s need=2s
LM HO_FAIL_LOW_RSRP UE=95 currCell=2 candCell=4 candRsrp=-115.622 < min=-110
UE 96 TTT_WAIT target=2 elapsed=0s need=2s
UE 97 TTT_WAIT target=2 elapsed=0s need=2s
LM HO_FAIL_LOW_RSRP UE=98 currCell=4 candCell=2 candRsrp=-116.824 < min=-110
LM HO UE=104 rnti=81 3->7 type=NTN servingRsrp=-102.65 targetRsrp=-92.2632 targetLoadReal=3/10 targetLoadEff=4/10
LM HO_FAIL_LOW_RSRP UE=105 currCell=2 candCell=1 candRsrp=-119.86 < min=-110
TRACE HO_SUCCESS Time=82.6151 IMSI=85 TargetCell=2 Type=TN TargetRSRP=-123.624 ServingRSRP=-131.888 BackhaulDlSnr=-999 BackhaulUlSnr=-999
TRACE HO_SUCCESS Time=82.6151 IMSI=34 TargetCell=7 Type=NTN TargetRSRP=-130.795 ServingRSRP=-82.857 BackhaulDlSnr=-999 BackhaulUlSnr=-999
TRACE HO_SUCCESS Time=82.6151 IMSI=103 TargetCell=7 Type=NTN TargetRSRP=-111.114 ServingRSRP=-98.4542 BackhaulDlSnr=-999 BackhaulUlSnr=-999
UAV_AUTONOMY_XAPP Time=84.5 DeploymentMode=tn-uav UavIndex=0 UavCellId=5 BestDonorCellId=1 BestDonorDistanceM=1959.94 XhaulConnected=1 XhaulChannelVariationDb=0 RawXhaulState=HEALTHY RawXhaulStateAgeSec=80 XhaulState=HEALTHY DonorUnavailableActive=0 SatBackhaulHealthy=0 UavSwitchingXappAvailable=1 UavSwitchingXappState=STANDBY BackhaulMode=TN_DIRECT RicControlState=TN_E2 ActiveUavRic=TN_NEAR_RT_RIC NormalUeHandoverAllowed=1 UavMode=TN_CONTROLLED_COVERAGE_EXTENSION
UAV_AUTONOMY_XAPP Time=84.5 DeploymentMode=tn-uav UavIndex=1 UavCellId=6 BestDonorCellId=4 BestDonorDistanceM=1365.03 XhaulConnected=1 XhaulChannelVariationDb=0 RawXhaulState=HEALTHY RawXhaulStateAgeSec=80 XhaulState=HEALTHY DonorUnavailableActive=0 SatBackhaulHealthy=0 UavSwitchingXappAvailable=1 UavSwitchingXappState=STANDBY BackhaulMode=TN_DIRECT RicControlState=TN_E2 ActiveUavRic=TN_NEAR_RT_RIC NormalUeHandoverAllowed=1 UavMode=TN_CONTROLLED_COVERAGE_EXTENSION
UAV_AUTONOMY_XAPP Time=84.5 DeploymentMode=tn-uav UavIndex=2 UavCellId=7 BestDonorCellId=2 BestDonorDistanceM=415.968 XhaulConnected=1 XhaulChannelVariationDb=0 RawXhaulState=HEALTHY RawXhaulStateAgeSec=80 XhaulState=HEALTHY DonorUnavailableActive=0 SatBackhaulHealthy=0 UavSwitchingXappAvailable=1 UavSwitchingXappState=STANDBY BackhaulMode=TN_DIRECT RicControlState=TN_E2 ActiveUavRic=TN_NEAR_RT_RIC NormalUeHandoverAllowed=1 UavMode=TN_CONTROLLED_COVERAGE_EXTENSION
---- LOAD at t=84.5 ----
  cell 1 (TN) load=16/20
  cell 2 (TN) load=11/20
  cell 3 (TN) load=9/20
  cell 4 (TN) load=10/20
  cell 5 (NTN) load=10/10
  cell 6 (NTN) load=7/10
  cell 7 (NTN) load=5/10
UE 9 TTT_WAIT target=3 elapsed=0s need=2s
UE 11 TTT_WAIT target=4 elapsed=0s need=2s
LM HO_FAIL_LOW_RSRP UE=21 currCell=4 candCell=2 candRsrp=-115.653 < min=-110
UE 26 TTT_WAIT target=2 elapsed=0s need=2s
UE 29 TTT_WAIT target=2 elapsed=0s need=2s
LM HO_FAIL_LOW_RSRP UE=30 currCell=1 candCell=6 candRsrp=-141.128 < min=-110
UE 32 TTT_WAIT target=4 elapsed=0s need=2s
LM HO_FAIL_LOW_RSRP UE=33 currCell=2 candCell=1 candRsrp=-113.17 < min=-110
UE 35 TTT_WAIT target=2 elapsed=0s need=2s
UE 36 TTT_WAIT target=4 elapsed=0s need=2s
UE 37 TTT_WAIT target=1 elapsed=0s need=2s
LM HO_FAIL_LOW_RSRP UE=39 currCell=1 candCell=4 candRsrp=-113.396 < min=-110
UE 41 TTT_WAIT target=3 elapsed=0s need=2s
UE 45 TTT_WAIT target=2 elapsed=0s need=2s
LM HO_FAIL_LOW_RSRP UE=46 currCell=6 candCell=7 candRsrp=-116.734 < min=-110
LM HO_FAIL_LOW_RSRP UE=48 currCell=1 candCell=2 candRsrp=-116.154 < min=-110
UE 52 TTT_WAIT target=1 elapsed=0s need=2s
LM HO_FAIL_LOW_RSRP UE=55 currCell=4 candCell=7 candRsrp=-116.744 < min=-110
UE 59 TTT_WAIT target=4 elapsed=0s need=2s
UE 64 TTT_WAIT target=4 elapsed=0s need=2s
LM HO UE=66 rnti=89 5->3 type=TN servingRsrp=-120.569 targetRsrp=-102.49 targetLoadReal=9/20 targetLoadEff=9/20
LM HO_FAIL_LOW_RSRP UE=74 currCell=3 candCell=2 candRsrp=-116.036 < min=-110
UE 77 TTT_WAIT target=4 elapsed=0s need=2s
LM HO_FAIL_LOW_RSRP UE=79 currCell=1 candCell=2 candRsrp=-119.354 < min=-110
LM HO UE=80 rnti=114 5->1 type=TN servingRsrp=-115.151 targetRsrp=-93.2384 targetLoadReal=16/20 targetLoadEff=16/20
LM HO_FAIL_LOW_RSRP UE=89 currCell=7 candCell=6 candRsrp=-123.23 < min=-110
LM HO UE=90 rnti=54 4->1 type=TN servingRsrp=-122.733 targetRsrp=-83.2437 targetLoadReal=16/20 targetLoadEff=17/20
UE 92 TTT_WAIT target=2 elapsed=0s need=2s
LM HO UE=93 rnti=53 2->4 type=TN servingRsrp=-126.369 targetRsrp=-71.1306 targetLoadReal=10/20 targetLoadEff=10/20
LM HO UE=96 rnti=83 3->2 type=TN servingRsrp=-115.837 targetRsrp=-84.3558 targetLoadReal=11/20 targetLoadEff=11/20
UE 97 TTT_WAIT target=3 elapsed=0s need=2s
UE 98 TTT_WAIT target=2 elapsed=0s need=2s
UE 100 TTT_WAIT target=4 elapsed=0s need=2s
UE 104 TTT_WAIT target=3 elapsed=0s need=2s
UE 105 TTT_WAIT target=4 elapsed=0s need=2s
TRACE HO_SUCCESS Time=84.6151 IMSI=89 TargetCell=1 Type=TN TargetRSRP=-112.521 ServingRSRP=-85.0489 BackhaulDlSnr=-999 BackhaulUlSnr=-999
TRACE HO_SUCCESS Time=84.6151 IMSI=79 TargetCell=1 Type=TN TargetRSRP=-125.364 ServingRSRP=-90.4009 BackhaulDlSnr=-999 BackhaulUlSnr=-999
TRACE HO_SUCCESS Time=84.6151 IMSI=95 TargetCell=2 Type=TN TargetRSRP=-108.627 ServingRSRP=-88.4318 BackhaulDlSnr=-999 BackhaulUlSnr=-999
TRACE HO_SUCCESS Time=84.6151 IMSI=65 TargetCell=3 Type=TN TargetRSRP=-144.441 ServingRSRP=-109.886 BackhaulDlSnr=-999 BackhaulUlSnr=-999
TRACE HO_SUCCESS Time=84.6151 IMSI=92 TargetCell=4 Type=TN TargetRSRP=-104.327 ServingRSRP=-93.5538 BackhaulDlSnr=-999 BackhaulUlSnr=-999
UAV_AUTONOMY_XAPP Time=86.5 DeploymentMode=tn-uav UavIndex=0 UavCellId=5 BestDonorCellId=1 BestDonorDistanceM=1989.05 XhaulConnected=1 XhaulChannelVariationDb=0 RawXhaulState=HEALTHY RawXhaulStateAgeSec=82 XhaulState=HEALTHY DonorUnavailableActive=0 SatBackhaulHealthy=0 UavSwitchingXappAvailable=1 UavSwitchingXappState=STANDBY BackhaulMode=TN_DIRECT RicControlState=TN_E2 ActiveUavRic=TN_NEAR_RT_RIC NormalUeHandoverAllowed=1 UavMode=TN_CONTROLLED_COVERAGE_EXTENSION
UAV_AUTONOMY_XAPP Time=86.5 DeploymentMode=tn-uav UavIndex=1 UavCellId=6 BestDonorCellId=4 BestDonorDistanceM=1401.65 XhaulConnected=1 XhaulChannelVariationDb=0 RawXhaulState=HEALTHY RawXhaulStateAgeSec=82 XhaulState=HEALTHY DonorUnavailableActive=0 SatBackhaulHealthy=0 UavSwitchingXappAvailable=1 UavSwitchingXappState=STANDBY BackhaulMode=TN_DIRECT RicControlState=TN_E2 ActiveUavRic=TN_NEAR_RT_RIC NormalUeHandoverAllowed=1 UavMode=TN_CONTROLLED_COVERAGE_EXTENSION
UAV_AUTONOMY_XAPP Time=86.5 DeploymentMode=tn-uav UavIndex=2 UavCellId=7 BestDonorCellId=2 BestDonorDistanceM=421.391 XhaulConnected=1 XhaulChannelVariationDb=0 RawXhaulState=HEALTHY RawXhaulStateAgeSec=82 XhaulState=HEALTHY DonorUnavailableActive=0 SatBackhaulHealthy=0 UavSwitchingXappAvailable=1 UavSwitchingXappState=STANDBY BackhaulMode=TN_DIRECT RicControlState=TN_E2 ActiveUavRic=TN_NEAR_RT_RIC NormalUeHandoverAllowed=1 UavMode=TN_CONTROLLED_COVERAGE_EXTENSION
---- LOAD at t=86.5 ----
  cell 1 (TN) load=18/20
  cell 2 (TN) load=11/20
  cell 3 (TN) load=9/20
  cell 4 (TN) load=10/20
  cell 5 (NTN) load=8/10
  cell 6 (NTN) load=7/10
  cell 7 (NTN) load=5/10
LM HO_FAIL_LOW_RSRP UE=9 currCell=1 candCell=2 candRsrp=-114.343 < min=-110
UE 19 TTT_WAIT target=2 elapsed=0s need=2s
UE 20 TTT_WAIT target=2 elapsed=0s need=2s
UE 21 TTT_WAIT target=5 elapsed=0s need=2s
UE 24 TTT_WAIT target=1 elapsed=0s need=2s
UE 26 TTT_WAIT target=7 elapsed=0s need=2s
LM HO UE=29 rnti=116 1->2 type=TN servingRsrp=-107.538 targetRsrp=-91.8223 targetLoadReal=11/20 targetLoadEff=11/20
UE 30 TTT_WAIT target=3 elapsed=0s need=2s
LM HO_FAIL_LOW_RSRP UE=32 currCell=6 candCell=7 candRsrp=-113.398 < min=-110
UE 35 TTT_WAIT target=3 elapsed=0s need=2s
UE 37 TTT_WAIT target=3 elapsed=0s need=2s
UE 39 TTT_WAIT target=7 elapsed=0s need=2s
LM HO_FAIL_LOW_RSRP UE=41 currCell=2 candCell=6 candRsrp=-119.047 < min=-110
LM HO UE=45 rnti=121 1->2 type=TN servingRsrp=-103.161 targetRsrp=-95.3784 targetLoadReal=11/20 targetLoadEff=12/20
UE 46 TTT_WAIT target=4 elapsed=0s need=2s
UE 48 TTT_WAIT target=4 elapsed=0s need=2s
LM HO_FAIL_LOW_RSRP UE=52 currCell=2 candCell=3 candRsrp=-129.043 < min=-110
LM HO_FAIL_LOW_RSRP UE=55 currCell=4 candCell=2 candRsrp=-110.922 < min=-110
UE 56 TTT_WAIT target=1 elapsed=0s need=2s
UE 59 TTT_WAIT target=1 elapsed=0s need=2s
UE 61 TTT_WAIT target=4 elapsed=0s need=2s
LM HO UE=64 rnti=118 1->4 type=TN servingRsrp=-124.009 targetRsrp=-104.128 targetLoadReal=10/20 targetLoadEff=10/20
UE 69 TTT_WAIT target=2 elapsed=0s need=2s
UE 71 TTT_WAIT target=3 elapsed=0s need=2s
UE 74 TTT_WAIT target=2 elapsed=0s need=2s
LM HO_FAIL_LOW_RSRP UE=75 currCell=3 candCell=7 candRsrp=-112.309 < min=-110
LM HO UE=77 rnti=134 6->4 type=TN servingRsrp=-126.249 targetRsrp=-87.7535 targetLoadReal=10/20 targetLoadEff=11/20
LM HO_FAIL_LOW_RSRP UE=79 currCell=1 candCell=4 candRsrp=-122.113 < min=-110
UE 80 TTT_WAIT target=3 elapsed=0s need=2s
UE 84 TTT_WAIT target=3 elapsed=0s need=2s
LM HO_FAIL_LOW_RSRP UE=85 currCell=4 candCell=1 candRsrp=-112.753 < min=-110
UE 86 TTT_WAIT target=6 elapsed=0s need=2s
UE 89 TTT_WAIT target=4 elapsed=0s need=2s
UE 93 TTT_WAIT target=2 elapsed=0s need=2s
UE 95 TTT_WAIT target=1 elapsed=0s need=2s
LM HO_FAIL_LOW_RSRP UE=96 currCell=2 candCell=1 candRsrp=-111.65 < min=-110
LM HO UE=97 rnti=98 1->3 type=TN servingRsrp=-114.884 targetRsrp=-82.7298 targetLoadReal=9/20 targetLoadEff=9/20
UE 98 TTT_WAIT target=3 elapsed=0s need=2s
LM HO_FAIL_LOW_RSRP UE=100 currCell=2 candCell=4 candRsrp=-112.667 < min=-110
LM HO UE=104 rnti=69 7->3 type=TN servingRsrp=-139.323 targetRsrp=-75.8474 targetLoadReal=9/20 targetLoadEff=10/20
LM HO_FAIL_LOW_RSRP UE=105 currCell=2 candCell=4 candRsrp=-121.805 < min=-110
TRACE HO_SUCCESS Time=86.6151 IMSI=28 TargetCell=2 Type=TN TargetRSRP=-115.143 ServingRSRP=-104.587 BackhaulDlSnr=-999 BackhaulUlSnr=-999
TRACE HO_SUCCESS Time=86.6151 IMSI=44 TargetCell=2 Type=TN TargetRSRP=-107.091 ServingRSRP=-86.1353 BackhaulDlSnr=-999 BackhaulUlSnr=-999
TRACE HO_SUCCESS Time=86.6151 IMSI=96 TargetCell=3 Type=TN TargetRSRP=-115.754 ServingRSRP=-96.7035 BackhaulDlSnr=-999 BackhaulUlSnr=-999
TRACE HO_SUCCESS Time=86.6151 IMSI=103 TargetCell=3 Type=TN TargetRSRP=-81.4663 ServingRSRP=-112.92 BackhaulDlSnr=-999 BackhaulUlSnr=-999
TRACE HO_SUCCESS Time=86.6151 IMSI=63 TargetCell=4 Type=TN TargetRSRP=-128.354 ServingRSRP=-97.0066 BackhaulDlSnr=-999 BackhaulUlSnr=-999
TRACE HO_SUCCESS Time=86.6151 IMSI=76 TargetCell=4 Type=TN TargetRSRP=-124.32 ServingRSRP=-112.913 BackhaulDlSnr=-999 BackhaulUlSnr=-999
UAV_AUTONOMY_XAPP Time=88.5 DeploymentMode=tn-uav UavIndex=0 UavCellId=5 BestDonorCellId=1 BestDonorDistanceM=2027.6 XhaulConnected=1 XhaulChannelVariationDb=0 RawXhaulState=HEALTHY RawXhaulStateAgeSec=84 XhaulState=HEALTHY DonorUnavailableActive=0 SatBackhaulHealthy=0 UavSwitchingXappAvailable=1 UavSwitchingXappState=STANDBY BackhaulMode=TN_DIRECT RicControlState=TN_E2 ActiveUavRic=TN_NEAR_RT_RIC NormalUeHandoverAllowed=1 UavMode=TN_CONTROLLED_COVERAGE_EXTENSION
UAV_AUTONOMY_XAPP Time=88.5 DeploymentMode=tn-uav UavIndex=1 UavCellId=6 BestDonorCellId=4 BestDonorDistanceM=1447.26 XhaulConnected=1 XhaulChannelVariationDb=0 RawXhaulState=HEALTHY RawXhaulStateAgeSec=84 XhaulState=HEALTHY DonorUnavailableActive=0 SatBackhaulHealthy=0 UavSwitchingXappAvailable=1 UavSwitchingXappState=STANDBY BackhaulMode=TN_DIRECT RicControlState=TN_E2 ActiveUavRic=TN_NEAR_RT_RIC NormalUeHandoverAllowed=1 UavMode=TN_CONTROLLED_COVERAGE_EXTENSION
UAV_AUTONOMY_XAPP Time=88.5 DeploymentMode=tn-uav UavIndex=2 UavCellId=7 BestDonorCellId=2 BestDonorDistanceM=440.094 XhaulConnected=1 XhaulChannelVariationDb=0 RawXhaulState=HEALTHY RawXhaulStateAgeSec=84 XhaulState=HEALTHY DonorUnavailableActive=0 SatBackhaulHealthy=0 UavSwitchingXappAvailable=1 UavSwitchingXappState=STANDBY BackhaulMode=TN_DIRECT RicControlState=TN_E2 ActiveUavRic=TN_NEAR_RT_RIC NormalUeHandoverAllowed=1 UavMode=TN_CONTROLLED_COVERAGE_EXTENSION
---- LOAD at t=88.5 ----
  cell 1 (TN) load=14/20
  cell 2 (TN) load=13/20
  cell 3 (TN) load=11/20
  cell 4 (TN) load=12/20
  cell 5 (NTN) load=8/10
  cell 6 (NTN) load=6/10
  cell 7 (NTN) load=4/10
LM HO_FAIL_LOW_RSRP UE=9 currCell=1 candCell=2 candRsrp=-116.161 < min=-110
UE 14 TTT_WAIT target=6 elapsed=0s need=2s
UE 15 TTT_WAIT target=2 elapsed=0s need=2s
UE 18 TTT_WAIT target=2 elapsed=0s need=2s
LM HO UE=19 rnti=100 1->2 type=TN servingRsrp=-136.219 targetRsrp=-94.9036 targetLoadReal=13/20 targetLoadEff=13/20
UE 24 TTT_WAIT target=3 elapsed=0s need=2s
UE 25 TTT_WAIT target=2 elapsed=0s need=2s
UE 26 TTT_WAIT target=2 elapsed=0s need=2s
LM HO_FAIL_LOW_RSRP UE=29 currCell=2 candCell=4 candRsrp=-110.438 < min=-110
UE 32 TTT_WAIT target=4 elapsed=0s need=2s
LM HO_FAIL_LOW_RSRP UE=33 currCell=2 candCell=7 candRsrp=-127.262 < min=-110
UE 35 TTT_WAIT target=2 elapsed=0s need=2s
UE 36 TTT_WAIT target=2 elapsed=0s need=2s
LM HO_FAIL_LOW_RSRP UE=37 currCell=4 candCell=5 candRsrp=-116.39 < min=-110
LM HO_FAIL_LOW_RSRP UE=39 currCell=1 candCell=5 candRsrp=-118.208 < min=-110
UE 45 TTT_WAIT target=1 elapsed=0s need=2s
UE 46 TTT_WAIT target=3 elapsed=0s need=2s
UE 47 TTT_WAIT target=3 elapsed=0s need=2s
UE 48 TTT_WAIT target=2 elapsed=0s need=2s
LM HO_FAIL_LOW_RSRP UE=52 currCell=2 candCell=3 candRsrp=-112.265 < min=-110
UE 55 TTT_WAIT target=1 elapsed=0s need=2s
UE 56 TTT_WAIT target=2 elapsed=0s need=2s
LM HO_FAIL_LOW_RSRP UE=59 currCell=3 candCell=2 candRsrp=-130.468 < min=-110
UE 60 TTT_WAIT target=1 elapsed=0s need=2s
LM HO UE=61 rnti=56 6->4 type=TN servingRsrp=-138.209 targetRsrp=-99.5023 targetLoadReal=12/20 targetLoadEff=12/20
LM HO_FAIL_LOW_RSRP UE=66 currCell=3 candCell=5 candRsrp=-119.978 < min=-110
LM HO UE=69 rnti=57 4->2 type=TN servingRsrp=-112.645 targetRsrp=-94.4308 targetLoadReal=13/20 targetLoadEff=14/20
UE 70 TTT_WAIT target=1 elapsed=0s need=2s
LM HO_FAIL_LOW_RSRP UE=74 currCell=3 candCell=4 candRsrp=-115.031 < min=-110
UE 77 TTT_WAIT target=6 elapsed=0s need=2s
LM HO_FAIL_LOW_RSRP UE=79 currCell=1 candCell=4 candRsrp=-121.091 < min=-110
UE 80 TTT_WAIT target=4 elapsed=0s need=2s
LM HO UE=84 rnti=122 1->3 type=TN servingRsrp=-100.204 targetRsrp=-95.3783 targetLoadReal=11/20 targetLoadEff=11/20
UE 85 TTT_WAIT target=2 elapsed=0s need=2s
UE 87 TTT_WAIT target=2 elapsed=0s need=2s
UE 89 TTT_WAIT target=2 elapsed=0s need=2s
UE 90 TTT_WAIT target=5 elapsed=0s need=2s
UE 92 TTT_WAIT target=2 elapsed=0s need=2s
LM HO_FAIL_LOW_RSRP UE=95 currCell=2 candCell=4 candRsrp=-113.713 < min=-110
LM HO_FAIL_LOW_RSRP UE=97 currCell=3 candCell=2 candRsrp=-117.663 < min=-110
LM HO_FAIL_LOW_RSRP UE=98 currCell=4 candCell=3 candRsrp=-121.146 < min=-110
UE 100 TTT_WAIT target=1 elapsed=0s need=2s
UE 104 TTT_WAIT target=2 elapsed=0s need=2s
UE 105 TTT_WAIT target=4 elapsed=0s need=2s
TRACE HO_SUCCESS Time=88.6151 IMSI=18 TargetCell=2 Type=TN TargetRSRP=-104.754 ServingRSRP=-111.164 BackhaulDlSnr=-999 BackhaulUlSnr=-999
TRACE HO_SUCCESS Time=88.6151 IMSI=68 TargetCell=2 Type=TN TargetRSRP=-118.258 ServingRSRP=-105.862 BackhaulDlSnr=-999 BackhaulUlSnr=-999
TRACE HO_SUCCESS Time=88.6151 IMSI=83 TargetCell=3 Type=TN TargetRSRP=-116.027 ServingRSRP=-103.462 BackhaulDlSnr=-999 BackhaulUlSnr=-999
TRACE HO_SUCCESS Time=88.6151 IMSI=60 TargetCell=4 Type=TN TargetRSRP=-90.294 ServingRSRP=-91.5882 BackhaulDlSnr=-999 BackhaulUlSnr=-999
UAV_AUTONOMY_XAPP Time=90.5 DeploymentMode=tn-uav UavIndex=0 UavCellId=5 BestDonorCellId=1 BestDonorDistanceM=1995.56 XhaulConnected=1 XhaulChannelVariationDb=0 RawXhaulState=HEALTHY RawXhaulStateAgeSec=86 XhaulState=HEALTHY DonorUnavailableActive=0 SatBackhaulHealthy=0 UavSwitchingXappAvailable=1 UavSwitchingXappState=STANDBY BackhaulMode=TN_DIRECT RicControlState=TN_E2 ActiveUavRic=TN_NEAR_RT_RIC NormalUeHandoverAllowed=1 UavMode=TN_CONTROLLED_COVERAGE_EXTENSION
UAV_AUTONOMY_XAPP Time=90.5 DeploymentMode=tn-uav UavIndex=1 UavCellId=6 BestDonorCellId=4 BestDonorDistanceM=1490.85 XhaulConnected=1 XhaulChannelVariationDb=0 RawXhaulState=HEALTHY RawXhaulStateAgeSec=86 XhaulState=HEALTHY DonorUnavailableActive=0 SatBackhaulHealthy=0 UavSwitchingXappAvailable=1 UavSwitchingXappState=STANDBY BackhaulMode=TN_DIRECT RicControlState=TN_E2 ActiveUavRic=TN_NEAR_RT_RIC NormalUeHandoverAllowed=1 UavMode=TN_CONTROLLED_COVERAGE_EXTENSION
UAV_AUTONOMY_XAPP Time=90.5 DeploymentMode=tn-uav UavIndex=2 UavCellId=7 BestDonorCellId=2 BestDonorDistanceM=426.206 XhaulConnected=1 XhaulChannelVariationDb=0 RawXhaulState=HEALTHY RawXhaulStateAgeSec=86 XhaulState=HEALTHY DonorUnavailableActive=0 SatBackhaulHealthy=0 UavSwitchingXappAvailable=1 UavSwitchingXappState=STANDBY BackhaulMode=TN_DIRECT RicControlState=TN_E2 ActiveUavRic=TN_NEAR_RT_RIC NormalUeHandoverAllowed=1 UavMode=TN_CONTROLLED_COVERAGE_EXTENSION
---- LOAD at t=90.5 ----
  cell 1 (TN) load=12/20
  cell 2 (TN) load=15/20
  cell 3 (TN) load=12/20
  cell 4 (TN) load=12/20
  cell 5 (NTN) load=8/10
  cell 6 (NTN) load=5/10
  cell 7 (NTN) load=4/10
UE 9 TTT_WAIT target=4 elapsed=0s need=2s
UE 10 TTT_WAIT target=2 elapsed=0s need=2s
LM HO_FAIL_LOW_RSRP UE=11 currCell=6 candCell=7 candRsrp=-122.988 < min=-110
UE 18 TTT_WAIT target=3 elapsed=0s need=2s
UE 20 TTT_WAIT target=7 elapsed=0s need=2s
LM HO_FAIL_LOW_RSRP UE=21 currCell=4 candCell=6 candRsrp=-125.353 < min=-110
UE 23 TTT_WAIT target=1 elapsed=0s need=2s
LM HO_FAIL_LOW_RSRP UE=26 currCell=3 candCell=1 candRsrp=-114.664 < min=-110
UE 30 TTT_WAIT target=5 elapsed=0s need=2s
UE 35 TTT_WAIT target=1 elapsed=0s need=2s
UE 37 TTT_WAIT target=1 elapsed=0s need=2s
UE 41 TTT_WAIT target=3 elapsed=0s need=2s
LM HO_FAIL_LOW_RSRP UE=46 currCell=6 candCell=7 candRsrp=-116.511 < min=-110
UE 47 TTT_WAIT target=2 elapsed=0s need=2s
UE 48 TTT_WAIT target=4 elapsed=0s need=2s
UE 52 TTT_WAIT target=1 elapsed=0s need=2s
UE 59 TTT_WAIT target=1 elapsed=0s need=2s
UE 64 TTT_WAIT target=3 elapsed=0s need=2s
UE 66 TTT_WAIT target=1 elapsed=0s need=2s
UE 69 TTT_WAIT target=4 elapsed=0s need=2s
UE 70 TTT_WAIT target=6 elapsed=0s need=2s
UE 71 TTT_WAIT target=5 elapsed=0s need=2s
UE 74 TTT_WAIT target=5 elapsed=0s need=2s
LM HO_FAIL_LOW_RSRP UE=75 currCell=3 candCell=1 candRsrp=-113.405 < min=-110
LM HO_FAIL_LOW_RSRP UE=77 currCell=4 candCell=6 candRsrp=-121.584 < min=-110
LM HO_FAIL_LOW_RSRP UE=79 currCell=1 candCell=2 candRsrp=-120.431 < min=-110
UE 80 TTT_WAIT target=3 elapsed=0s need=2s
UE 84 TTT_WAIT target=1 elapsed=0s need=2s
LM HO_FAIL_LOW_RSRP UE=85 currCell=4 candCell=1 candRsrp=-119.248 < min=-110
LM HO_FAIL_LOW_RSRP UE=86 currCell=2 candCell=4 candRsrp=-113.087 < min=-110
UE 89 TTT_WAIT target=4 elapsed=0s need=2s
UE 92 TTT_WAIT target=3 elapsed=0s need=2s
UE 97 TTT_WAIT target=4 elapsed=0s need=2s
UE 98 TTT_WAIT target=2 elapsed=0s need=2s
LM HO UE=100 rnti=48 2->1 type=TN servingRsrp=-109.382 targetRsrp=-104.112 targetLoadReal=12/20 targetLoadEff=12/20
LM HO UE=104 rnti=86 3->2 type=TN servingRsrp=-113.728 targetRsrp=-104.801 targetLoadReal=15/20 targetLoadEff=15/20
LM HO_FAIL_LOW_RSRP UE=105 currCell=2 candCell=4 candRsrp=-121.187 < min=-110
TRACE HO_SUCCESS Time=90.6151 IMSI=99 TargetCell=1 Type=TN TargetRSRP=-123.917 ServingRSRP=-113.809 BackhaulDlSnr=-999 BackhaulUlSnr=-999
TRACE HO_SUCCESS Time=90.6151 IMSI=103 TargetCell=2 Type=TN TargetRSRP=-117.865 ServingRSRP=-89.9518 BackhaulDlSnr=-999 BackhaulUlSnr=-999
UAV_AUTONOMY_XAPP Time=92.5 DeploymentMode=tn-uav UavIndex=0 UavCellId=5 BestDonorCellId=1 BestDonorDistanceM=2012.48 XhaulConnected=1 XhaulChannelVariationDb=0 RawXhaulState=HEALTHY RawXhaulStateAgeSec=88 XhaulState=HEALTHY DonorUnavailableActive=0 SatBackhaulHealthy=0 UavSwitchingXappAvailable=1 UavSwitchingXappState=STANDBY BackhaulMode=TN_DIRECT RicControlState=TN_E2 ActiveUavRic=TN_NEAR_RT_RIC NormalUeHandoverAllowed=1 UavMode=TN_CONTROLLED_COVERAGE_EXTENSION
UAV_AUTONOMY_XAPP Time=92.5 DeploymentMode=tn-uav UavIndex=1 UavCellId=6 BestDonorCellId=4 BestDonorDistanceM=1529.62 XhaulConnected=1 XhaulChannelVariationDb=0 RawXhaulState=HEALTHY RawXhaulStateAgeSec=88 XhaulState=HEALTHY DonorUnavailableActive=0 SatBackhaulHealthy=0 UavSwitchingXappAvailable=1 UavSwitchingXappState=STANDBY BackhaulMode=TN_DIRECT RicControlState=TN_E2 ActiveUavRic=TN_NEAR_RT_RIC NormalUeHandoverAllowed=1 UavMode=TN_CONTROLLED_COVERAGE_EXTENSION
UAV_AUTONOMY_XAPP Time=92.5 DeploymentMode=tn-uav UavIndex=2 UavCellId=7 BestDonorCellId=2 BestDonorDistanceM=409.934 XhaulConnected=1 XhaulChannelVariationDb=0 RawXhaulState=HEALTHY RawXhaulStateAgeSec=88 XhaulState=HEALTHY DonorUnavailableActive=0 SatBackhaulHealthy=0 UavSwitchingXappAvailable=1 UavSwitchingXappState=STANDBY BackhaulMode=TN_DIRECT RicControlState=TN_E2 ActiveUavRic=TN_NEAR_RT_RIC NormalUeHandoverAllowed=1 UavMode=TN_CONTROLLED_COVERAGE_EXTENSION
---- LOAD at t=92.5 ----
  cell 1 (TN) load=13/20
  cell 2 (TN) load=15/20
  cell 3 (TN) load=11/20
  cell 4 (TN) load=12/20
  cell 5 (NTN) load=9/10
  cell 6 (NTN) load=5/10
  cell 7 (NTN) load=4/10
UE 9 TTT_WAIT target=3 elapsed=0s need=2s
UE 11 TTT_WAIT target=2 elapsed=0s need=2s
LM HO_FAIL_LOW_RSRP UE=14 currCell=5 candCell=6 candRsrp=-115.462 < min=-110
UE 15 TTT_WAIT target=5 elapsed=0s need=2s
LM HO_FAIL_LOW_RSRP UE=19 currCell=2 candCell=4 candRsrp=-120.683 < min=-110
UE 20 TTT_WAIT target=2 elapsed=0s need=2s
LM HO UE=23 rnti=49 2->1 type=TN servingRsrp=-102.213 targetRsrp=-91.7736 targetLoadReal=13/20 targetLoadEff=13/20
UE 24 TTT_WAIT target=1 elapsed=0s need=2s
UE 25 TTT_WAIT target=3 elapsed=0s need=2s
UE 26 TTT_WAIT target=7 elapsed=0s need=2s
UE 29 TTT_WAIT target=3 elapsed=0s need=2s
UE 30 TTT_WAIT target=2 elapsed=0s need=2s
UE 35 TTT_WAIT target=3 elapsed=0s need=2s
UE 36 TTT_WAIT target=4 elapsed=0s need=2s
LM HO_FAIL_LOW_RSRP UE=39 currCell=1 candCell=7 candRsrp=-130.202 < min=-110
UE 41 TTT_WAIT target=6 elapsed=0s need=2s
UE 45 TTT_WAIT target=1 elapsed=0s need=2s
LM HO UE=48 rnti=120 1->4 type=TN servingRsrp=-134.24 targetRsrp=-90.7962 targetLoadReal=12/20 targetLoadEff=12/20
LM HO UE=52 rnti=52 2->1 type=TN servingRsrp=-133.089 targetRsrp=-91.9312 targetLoadReal=13/20 targetLoadEff=14/20
UE 56 TTT_WAIT target=1 elapsed=0s need=2s
UE 57 TTT_WAIT target=1 elapsed=0s need=2s
LM HO_FAIL_LOW_RSRP UE=59 currCell=3 candCell=1 candRsrp=-118.321 < min=-110
UE 61 TTT_WAIT target=5 elapsed=0s need=2s
UE 64 TTT_WAIT target=2 elapsed=0s need=2s
LM HO_FAIL_LOW_RSRP UE=66 currCell=3 candCell=1 candRsrp=-117.204 < min=-110
LM HO UE=69 rnti=59 2->4 type=TN servingRsrp=-129.993 targetRsrp=-109.503 targetLoadReal=12/20 targetLoadEff=13/20
UE 70 TTT_WAIT target=1 elapsed=0s need=2s
UE 74 TTT_WAIT target=1 elapsed=0s need=2s
LM HO_FAIL_LOW_RSRP UE=75 currCell=3 candCell=5 candRsrp=-121.923 < min=-110
UE 77 TTT_WAIT target=6 elapsed=0s need=2s
LM HO_FAIL_LOW_RSRP UE=79 currCell=1 candCell=4 candRsrp=-120.874 < min=-110
LM HO UE=80 rnti=124 1->3 type=TN servingRsrp=-123.092 targetRsrp=-105.932 targetLoadReal=11/20 targetLoadEff=11/20
UE 86 TTT_WAIT target=4 elapsed=0s need=2s
LM HO UE=89 rnti=67 7->4 type=TN servingRsrp=-123.935 targetRsrp=-88.2849 targetLoadReal=12/20 targetLoadEff=14/20
UE 90 TTT_WAIT target=4 elapsed=0s need=2s
UE 95 TTT_WAIT target=4 elapsed=0s need=2s
UE 96 TTT_WAIT target=6 elapsed=0s need=2s
LM HO UE=97 rnti=85 3->4 type=TN servingRsrp=-123.899 targetRsrp=-96.1549 targetLoadReal=12/20 targetLoadEff=15/20
UE 98 TTT_WAIT target=3 elapsed=0s need=2s
UE 100 TTT_WAIT target=7 elapsed=0s need=2s
UE 104 TTT_WAIT target=3 elapsed=0s need=2s
UE 105 TTT_WAIT target=4 elapsed=0s need=2s
TRACE HO_SUCCESS Time=92.6151 IMSI=22 TargetCell=1 Type=TN TargetRSRP=-99.939 ServingRSRP=-83.3127 BackhaulDlSnr=-999 BackhaulUlSnr=-999
TRACE HO_SUCCESS Time=92.6151 IMSI=51 TargetCell=1 Type=TN TargetRSRP=-90.416 ServingRSRP=-121.624 BackhaulDlSnr=-999 BackhaulUlSnr=-999
TRACE HO_SUCCESS Time=92.6151 IMSI=79 TargetCell=3 Type=TN TargetRSRP=-121.771 ServingRSRP=-114.322 BackhaulDlSnr=-999 BackhaulUlSnr=-999
TRACE HO_SUCCESS Time=92.6151 IMSI=47 TargetCell=4 Type=TN TargetRSRP=-85.7736 ServingRSRP=-99.7664 BackhaulDlSnr=-999 BackhaulUlSnr=-999
TRACE HO_SUCCESS Time=92.6151 IMSI=68 TargetCell=4 Type=TN TargetRSRP=-71.117 ServingRSRP=-107.086 BackhaulDlSnr=-999 BackhaulUlSnr=-999
TRACE HO_SUCCESS Time=92.6151 IMSI=96 TargetCell=4 Type=TN TargetRSRP=-87.5894 ServingRSRP=-88.2186 BackhaulDlSnr=-999 BackhaulUlSnr=-999
TRACE HO_SUCCESS Time=92.6151 IMSI=88 TargetCell=4 Type=TN TargetRSRP=-116.968 ServingRSRP=-124.419 BackhaulDlSnr=-999 BackhaulUlSnr=-999
UAV_AUTONOMY_XAPP Time=94.5 DeploymentMode=tn-uav UavIndex=0 UavCellId=5 BestDonorCellId=1 BestDonorDistanceM=2046.5 XhaulConnected=1 XhaulChannelVariationDb=0 RawXhaulState=HEALTHY RawXhaulStateAgeSec=90 XhaulState=HEALTHY DonorUnavailableActive=0 SatBackhaulHealthy=0 UavSwitchingXappAvailable=1 UavSwitchingXappState=STANDBY BackhaulMode=TN_DIRECT RicControlState=TN_E2 ActiveUavRic=TN_NEAR_RT_RIC NormalUeHandoverAllowed=1 UavMode=TN_CONTROLLED_COVERAGE_EXTENSION
UAV_AUTONOMY_XAPP Time=94.5 DeploymentMode=tn-uav UavIndex=1 UavCellId=6 BestDonorCellId=4 BestDonorDistanceM=1573.9 XhaulConnected=1 XhaulChannelVariationDb=0 RawXhaulState=HEALTHY RawXhaulStateAgeSec=90 XhaulState=HEALTHY DonorUnavailableActive=0 SatBackhaulHealthy=0 UavSwitchingXappAvailable=1 UavSwitchingXappState=STANDBY BackhaulMode=TN_DIRECT RicControlState=TN_E2 ActiveUavRic=TN_NEAR_RT_RIC NormalUeHandoverAllowed=1 UavMode=TN_CONTROLLED_COVERAGE_EXTENSION
UAV_AUTONOMY_XAPP Time=94.5 DeploymentMode=tn-uav UavIndex=2 UavCellId=7 BestDonorCellId=2 BestDonorDistanceM=419.464 XhaulConnected=1 XhaulChannelVariationDb=0 RawXhaulState=HEALTHY RawXhaulStateAgeSec=90 XhaulState=HEALTHY DonorUnavailableActive=0 SatBackhaulHealthy=0 UavSwitchingXappAvailable=1 UavSwitchingXappState=STANDBY BackhaulMode=TN_DIRECT RicControlState=TN_E2 ActiveUavRic=TN_NEAR_RT_RIC NormalUeHandoverAllowed=1 UavMode=TN_CONTROLLED_COVERAGE_EXTENSION
---- LOAD at t=94.5 ----
  cell 1 (TN) load=13/20
  cell 2 (TN) load=12/20
  cell 3 (TN) load=11/20
  cell 4 (TN) load=16/20
  cell 5 (NTN) load=9/10
  cell 6 (NTN) load=5/10
  cell 7 (NTN) load=3/10
UE 9 TTT_WAIT target=2 elapsed=0s need=2s
UE 10 TTT_WAIT target=1 elapsed=0s need=2s
LM HO UE=11 rnti=79 6->2 type=TN servingRsrp=-134.412 targetRsrp=-96.6619 targetLoadReal=12/20 targetLoadEff=12/20
UE 14 TTT_WAIT target=3 elapsed=0s need=2s
UE 15 TTT_WAIT target=1 elapsed=0s need=2s
LM HO_FAIL_LOW_RSRP UE=19 currCell=2 candCell=3 candRsrp=-131.085 < min=-110
UE 20 TTT_WAIT target=7 elapsed=0s need=2s
LM HO UE=24 rnti=38 2->1 type=TN servingRsrp=-120.693 targetRsrp=-106.437 targetLoadReal=13/20 targetLoadEff=13/20
LM HO UE=26 rnti=74 3->7 type=NTN servingRsrp=-119.848 targetRsrp=-94.8339 targetLoadReal=3/10 targetLoadEff=3/10
UE 29 TTT_WAIT target=1 elapsed=0s need=2s
UE 30 TTT_WAIT target=3 elapsed=0s need=2s
UE 32 TTT_WAIT target=7 elapsed=0s need=2s
UE 33 TTT_WAIT target=7 elapsed=0s need=2s
UE 36 TTT_WAIT target=2 elapsed=0s need=2s
LM HO_FAIL_LOW_RSRP UE=37 currCell=4 candCell=6 candRsrp=-133.753 < min=-110
UE 41 TTT_WAIT target=3 elapsed=0s need=2s
UE 45 TTT_WAIT target=4 elapsed=0s need=2s
UE 46 TTT_WAIT target=5 elapsed=0s need=2s
UE 53 TTT_WAIT target=3 elapsed=0s need=2s
LM HO_FAIL_LOW_RSRP UE=55 currCell=4 candCell=1 candRsrp=-120.186 < min=-110
LM HO UE=56 rnti=79 3->1 type=TN servingRsrp=-98.9532 targetRsrp=-75.0867 targetLoadReal=13/20 targetLoadEff=14/20
UE 59 TTT_WAIT target=4 elapsed=0s need=2s
LM HO_FAIL_LOW_RSRP UE=61 currCell=4 candCell=3 candRsrp=-114.936 < min=-110
LM HO UE=64 rnti=70 4->2 type=TN servingRsrp=-125.672 targetRsrp=-98.2043 targetLoadReal=12/20 targetLoadEff=13/20
LM HO_FAIL_LOW_RSRP UE=66 currCell=3 candCell=1 candRsrp=-127.203 < min=-110
LM HO UE=70 rnti=66 4->1 type=TN servingRsrp=-109.04 targetRsrp=-98.4174 targetLoadReal=13/20 targetLoadEff=15/20
UE 71 TTT_WAIT target=4 elapsed=0s need=2s
LM HO UE=74 rnti=52 3->1 type=TN servingRsrp=-120.397 targetRsrp=-92.8035 targetLoadReal=13/20 targetLoadEff=16/20
UE 75 TTT_WAIT target=5 elapsed=0s need=2s
LM HO_FAIL_LOW_RSRP UE=77 currCell=4 candCell=6 candRsrp=-120.408 < min=-110
UE 78 TTT_WAIT target=2 elapsed=0s need=2s
LM HO_FAIL_LOW_RSRP UE=79 currCell=1 candCell=4 candRsrp=-118.088 < min=-110
UE 80 TTT_WAIT target=4 elapsed=0s need=2s
UE 84 TTT_WAIT target=1 elapsed=0s need=2s
UE 85 TTT_WAIT target=5 elapsed=0s need=2s
UE 87 TTT_WAIT target=2 elapsed=0s need=2s
LM HO UE=90 rnti=125 1->4 type=TN servingRsrp=-112.53 targetRsrp=-88.8058 targetLoadReal=16/20 targetLoadEff=16/20
LM HO_FAIL_LOW_RSRP UE=95 currCell=2 candCell=4 candRsrp=-112.428 < min=-110
UE 96 TTT_WAIT target=3 elapsed=0s need=2s
UE 97 TTT_WAIT target=3 elapsed=0s need=2s
LM HO UE=98 rnti=56 4->3 type=TN servingRsrp=-125.469 targetRsrp=-88.8195 targetLoadReal=11/20 targetLoadEff=11/20
UE 100 TTT_WAIT target=2 elapsed=0s need=2s
UE 101 TTT_WAIT target=3 elapsed=0s need=2s
LM HO_FAIL_LOW_RSRP UE=105 currCell=2 candCell=4 candRsrp=-120.15 < min=-110
TRACE HO_SUCCESS Time=94.6151 IMSI=23 TargetCell=1 Type=TN TargetRSRP=-68.9149 ServingRSRP=-102.831 BackhaulDlSnr=-999 BackhaulUlSnr=-999
TRACE HO_SUCCESS Time=94.6151 IMSI=55 TargetCell=1 Type=TN TargetRSRP=-71.6202 ServingRSRP=-114.6 BackhaulDlSnr=-999 BackhaulUlSnr=-999
TRACE HO_SUCCESS Time=94.6151 IMSI=73 TargetCell=1 Type=TN TargetRSRP=-125.103 ServingRSRP=-104.377 BackhaulDlSnr=-999 BackhaulUlSnr=-999
TRACE HO_SUCCESS Time=94.6151 IMSI=69 TargetCell=1 Type=TN TargetRSRP=-130.099 ServingRSRP=-81.3372 BackhaulDlSnr=-999 BackhaulUlSnr=-999
TRACE HO_SUCCESS Time=94.6151 IMSI=63 TargetCell=2 Type=TN TargetRSRP=-129.723 ServingRSRP=-104.132 BackhaulDlSnr=-999 BackhaulUlSnr=-999
TRACE HO_SUCCESS Time=94.6151 IMSI=10 TargetCell=2 Type=TN TargetRSRP=-128.172 ServingRSRP=-117.745 BackhaulDlSnr=-999 BackhaulUlSnr=-999
TRACE HO_SUCCESS Time=94.6151 IMSI=97 TargetCell=3 Type=TN TargetRSRP=-117.901 ServingRSRP=-103.338 BackhaulDlSnr=-999 BackhaulUlSnr=-999
TRACE HO_SUCCESS Time=94.6151 IMSI=89 TargetCell=4 Type=TN TargetRSRP=-92.25 ServingRSRP=-104.644 BackhaulDlSnr=-999 BackhaulUlSnr=-999
TRACE HO_SUCCESS Time=94.6151 IMSI=25 TargetCell=7 Type=NTN TargetRSRP=-117.951 ServingRSRP=-98.2226 BackhaulDlSnr=-999 BackhaulUlSnr=-999
UAV_AUTONOMY_XAPP Time=96.5 DeploymentMode=tn-uav UavIndex=0 UavCellId=5 BestDonorCellId=1 BestDonorDistanceM=2083.55 XhaulConnected=1 XhaulChannelVariationDb=0 RawXhaulState=HEALTHY RawXhaulStateAgeSec=92 XhaulState=HEALTHY DonorUnavailableActive=0 SatBackhaulHealthy=0 UavSwitchingXappAvailable=1 UavSwitchingXappState=STANDBY BackhaulMode=TN_DIRECT RicControlState=TN_E2 ActiveUavRic=TN_NEAR_RT_RIC NormalUeHandoverAllowed=1 UavMode=TN_CONTROLLED_COVERAGE_EXTENSION
UAV_AUTONOMY_XAPP Time=96.5 DeploymentMode=tn-uav UavIndex=1 UavCellId=6 BestDonorCellId=4 BestDonorDistanceM=1595.22 XhaulConnected=1 XhaulChannelVariationDb=0 RawXhaulState=HEALTHY RawXhaulStateAgeSec=92 XhaulState=HEALTHY DonorUnavailableActive=0 SatBackhaulHealthy=0 UavSwitchingXappAvailable=1 UavSwitchingXappState=STANDBY BackhaulMode=TN_DIRECT RicControlState=TN_E2 ActiveUavRic=TN_NEAR_RT_RIC NormalUeHandoverAllowed=1 UavMode=TN_CONTROLLED_COVERAGE_EXTENSION
UAV_AUTONOMY_XAPP Time=96.5 DeploymentMode=tn-uav UavIndex=2 UavCellId=7 BestDonorCellId=2 BestDonorDistanceM=438.634 XhaulConnected=1 XhaulChannelVariationDb=0 RawXhaulState=HEALTHY RawXhaulStateAgeSec=92 XhaulState=HEALTHY DonorUnavailableActive=0 SatBackhaulHealthy=0 UavSwitchingXappAvailable=1 UavSwitchingXappState=STANDBY BackhaulMode=TN_DIRECT RicControlState=TN_E2 ActiveUavRic=TN_NEAR_RT_RIC NormalUeHandoverAllowed=1 UavMode=TN_CONTROLLED_COVERAGE_EXTENSION
---- LOAD at t=96.5 ----
  cell 1 (TN) load=16/20
  cell 2 (TN) load=13/20
  cell 3 (TN) load=9/20
  cell 4 (TN) load=14/20
  cell 5 (NTN) load=10/10
  cell 6 (NTN) load=4/10
  cell 7 (NTN) load=4/10
LM HO UE=9 rnti=123 1->2 type=TN servingRsrp=-128.521 targetRsrp=-92.9122 targetLoadReal=13/20 targetLoadEff=13/20
LM HO UE=10 rnti=32 3->1 type=TN servingRsrp=-105.59 targetRsrp=-101.056 targetLoadReal=16/20 targetLoadEff=16/20
LM HO_FAIL_LOW_RSRP UE=11 currCell=2 candCell=4 candRsrp=-112.453 < min=-110
LM HO UE=15 rnti=24 3->1 type=TN servingRsrp=-106.449 targetRsrp=-99.6288 targetLoadReal=16/20 targetLoadEff=17/20
UE 19 TTT_WAIT target=1 elapsed=0s need=2s
LM HO_FAIL_LOW_RSRP UE=21 currCell=4 candCell=6 candRsrp=-127.343 < min=-110
UE 23 TTT_WAIT target=3 elapsed=0s need=2s
UE 26 TTT_WAIT target=3 elapsed=0s need=2s
UE 29 TTT_WAIT target=3 elapsed=0s need=2s
LM HO_FAIL_LOW_RSRP UE=30 currCell=1 candCell=3 candRsrp=-119.655 < min=-110
UE 35 TTT_WAIT target=1 elapsed=0s need=2s
UE 36 TTT_WAIT target=4 elapsed=0s need=2s
LM HO_FAIL_LOW_RSRP UE=37 currCell=4 candCell=2 candRsrp=-115.99 < min=-110
UE 39 TTT_WAIT target=3 elapsed=0s need=2s
UE 41 TTT_WAIT target=6 elapsed=0s need=2s
UE 47 TTT_WAIT target=2 elapsed=0s need=2s
UE 52 TTT_WAIT target=3 elapsed=0s need=2s
LM HO UE=53 rnti=106 5->3 type=TN servingRsrp=-118.409 targetRsrp=-97.1422 targetLoadReal=9/20 targetLoadEff=9/20
UE 55 TTT_WAIT target=2 elapsed=0s need=2s
UE 56 TTT_WAIT target=3 elapsed=0s need=2s
LM HO_FAIL_LOW_RSRP UE=59 currCell=3 candCell=1 candRsrp=-127.416 < min=-110
UE 60 TTT_WAIT target=3 elapsed=0s need=2s
UE 64 TTT_WAIT target=1 elapsed=0s need=2s
UE 66 TTT_WAIT target=1 elapsed=0s need=2s
UE 69 TTT_WAIT target=3 elapsed=0s need=2s
UE 70 TTT_WAIT target=4 elapsed=0s need=2s
LM HO_FAIL_LOW_RSRP UE=74 currCell=1 candCell=3 candRsrp=-125.087 < min=-110
UE 75 TTT_WAIT target=1 elapsed=0s need=2s
LM HO_FAIL_LOW_RSRP UE=77 currCell=4 candCell=6 candRsrp=-125.113 < min=-110
UE 79 TTT_WAIT target=6 elapsed=0s need=2s
LM HO UE=84 rnti=87 3->1 type=TN servingRsrp=-111.112 targetRsrp=-72.2004 targetLoadReal=16/20 targetLoadEff=18/20
LM HO_FAIL_LOW_RSRP UE=85 currCell=4 candCell=7 candRsrp=-123.756 < min=-110
LM HO_FAIL_LOW_RSRP UE=86 currCell=2 candCell=3 candRsrp=-111.214 < min=-110
UE 90 TTT_WAIT target=2 elapsed=0s need=2s
UE 92 TTT_WAIT target=3 elapsed=0s need=2s
UE 95 TTT_WAIT target=4 elapsed=0s need=2s
UE 97 TTT_WAIT target=7 elapsed=0s need=2s
UE 98 TTT_WAIT target=4 elapsed=0s need=2s
LM HO UE=100 rnti=126 1->2 type=TN servingRsrp=-130.276 targetRsrp=-101.223 targetLoadReal=13/20 targetLoadEff=14/20
UE 104 TTT_WAIT target=3 elapsed=0s need=2s
UE 105 TTT_WAIT target=1 elapsed=0s need=2s
TRACE HO_SUCCESS Time=96.6151 IMSI=83 TargetCell=1 Type=TN TargetRSRP=-102.788 ServingRSRP=-114.72 BackhaulDlSnr=-999 BackhaulUlSnr=-999
TRACE HO_SUCCESS Time=96.6151 IMSI=14 TargetCell=1 Type=TN TargetRSRP=-115.791 ServingRSRP=-100.636 BackhaulDlSnr=-999 BackhaulUlSnr=-999
TRACE HO_SUCCESS Time=96.6151 IMSI=9 TargetCell=1 Type=TN TargetRSRP=-117.674 ServingRSRP=-101.905 BackhaulDlSnr=-999 BackhaulUlSnr=-999
TRACE HO_SUCCESS Time=96.6151 IMSI=8 TargetCell=2 Type=TN TargetRSRP=-109.361 ServingRSRP=-84.6244 BackhaulDlSnr=-999 BackhaulUlSnr=-999
TRACE HO_SUCCESS Time=96.6151 IMSI=99 TargetCell=2 Type=TN TargetRSRP=-93.8664 ServingRSRP=-120.037 BackhaulDlSnr=-999 BackhaulUlSnr=-999
TRACE HO_SUCCESS Time=96.6151 IMSI=52 TargetCell=3 Type=TN TargetRSRP=-124.156 ServingRSRP=-117.561 BackhaulDlSnr=-999 BackhaulUlSnr=-999
UAV_AUTONOMY_XAPP Time=98.5 DeploymentMode=tn-uav UavIndex=0 UavCellId=5 BestDonorCellId=1 BestDonorDistanceM=2103.88 XhaulConnected=1 XhaulChannelVariationDb=0 RawXhaulState=HEALTHY RawXhaulStateAgeSec=94 XhaulState=HEALTHY DonorUnavailableActive=0 SatBackhaulHealthy=0 UavSwitchingXappAvailable=1 UavSwitchingXappState=STANDBY BackhaulMode=TN_DIRECT RicControlState=TN_E2 ActiveUavRic=TN_NEAR_RT_RIC NormalUeHandoverAllowed=1 UavMode=TN_CONTROLLED_COVERAGE_EXTENSION
UAV_AUTONOMY_XAPP Time=98.5 DeploymentMode=tn-uav UavIndex=1 UavCellId=6 BestDonorCellId=4 BestDonorDistanceM=1631.32 XhaulConnected=1 XhaulChannelVariationDb=0 RawXhaulState=HEALTHY RawXhaulStateAgeSec=94 XhaulState=HEALTHY DonorUnavailableActive=0 SatBackhaulHealthy=0 UavSwitchingXappAvailable=1 UavSwitchingXappState=STANDBY BackhaulMode=TN_DIRECT RicControlState=TN_E2 ActiveUavRic=TN_NEAR_RT_RIC NormalUeHandoverAllowed=1 UavMode=TN_CONTROLLED_COVERAGE_EXTENSION
UAV_AUTONOMY_XAPP Time=98.5 DeploymentMode=tn-uav UavIndex=2 UavCellId=7 BestDonorCellId=2 BestDonorDistanceM=431.255 XhaulConnected=1 XhaulChannelVariationDb=0 RawXhaulState=HEALTHY RawXhaulStateAgeSec=94 XhaulState=HEALTHY DonorUnavailableActive=0 SatBackhaulHealthy=0 UavSwitchingXappAvailable=1 UavSwitchingXappState=STANDBY BackhaulMode=TN_DIRECT RicControlState=TN_E2 ActiveUavRic=TN_NEAR_RT_RIC NormalUeHandoverAllowed=1 UavMode=TN_CONTROLLED_COVERAGE_EXTENSION
---- LOAD at t=98.5 ----
  cell 1 (TN) load=17/20
  cell 2 (TN) load=15/20
  cell 3 (TN) load=7/20
  cell 4 (TN) load=14/20
  cell 5 (NTN) load=10/10
  cell 6 (NTN) load=4/10
  cell 7 (NTN) load=4/10
UE 9 TTT_WAIT target=6 elapsed=0s need=2s
UE 10 TTT_WAIT target=2 elapsed=0s need=2s
LM HO_FAIL_LOW_RSRP UE=11 currCell=2 candCell=3 candRsrp=-114.194 < min=-110
UE 15 TTT_WAIT target=3 elapsed=0s need=2s
LM HO_FAIL_LOW_RSRP UE=19 currCell=2 candCell=1 candRsrp=-111.518 < min=-110
UE 21 TTT_WAIT target=6 elapsed=0s need=2s
UE 23 TTT_WAIT target=2 elapsed=0s need=2s
UE 24 TTT_WAIT target=2 elapsed=0s need=2s
UE 25 TTT_WAIT target=2 elapsed=0s need=2s
UE 26 TTT_WAIT target=2 elapsed=0s need=2s
UE 29 TTT_WAIT target=1 elapsed=0s need=2s
LM HO_FAIL_LOW_RSRP UE=33 currCell=2 candCell=7 candRsrp=-117.742 < min=-110
LM HO UE=36 rnti=132 6->4 type=TN servingRsrp=-119.336 targetRsrp=-95.1953 targetLoadReal=14/20 targetLoadEff=14/20
LM HO UE=39 rnti=110 1->3 type=TN servingRsrp=-112.467 targetRsrp=-83.6831 targetLoadReal=7/20 targetLoadEff=7/20
UE 41 TTT_WAIT target=1 elapsed=0s need=2s
UE 45 TTT_WAIT target=3 elapsed=0s need=2s
LM HO_FAIL_LOW_RSRP UE=52 currCell=1 candCell=6 candRsrp=-139.345 < min=-110
LM HO_FAIL_LOW_RSRP UE=55 currCell=4 candCell=2 candRsrp=-116.099 < min=-110
LM HO UE=56 rnti=130 1->3 type=TN servingRsrp=-112.024 targetRsrp=-96.3343 targetLoadReal=7/20 targetLoadEff=8/20
LM HO_FAIL_LOW_RSRP UE=59 currCell=3 candCell=4 candRsrp=-115.309 < min=-110
UE 64 TTT_WAIT target=4 elapsed=0s need=2s
LM HO_FAIL_LOW_RSRP UE=66 currCell=3 candCell=1 candRsrp=-113.069 < min=-110
LM HO UE=70 rnti=131 1->4 type=TN servingRsrp=-129.168 targetRsrp=-87.7632 targetLoadReal=14/20 targetLoadEff=15/20
LM HO_FAIL_LOW_RSRP UE=74 currCell=1 candCell=6 candRsrp=-114.264 < min=-110
LM HO_FAIL_LOW_RSRP UE=75 currCell=3 candCell=7 candRsrp=-131.904 < min=-110
LM HO_FAIL_LOW_RSRP UE=79 currCell=1 candCell=2 candRsrp=-118.323 < min=-110
UE 84 TTT_WAIT target=3 elapsed=0s need=2s
UE 85 TTT_WAIT target=2 elapsed=0s need=2s
UE 90 TTT_WAIT target=1 elapsed=0s need=2s
LM HO_FAIL_LOW_RSRP UE=95 currCell=2 candCell=4 candRsrp=-120.122 < min=-110
UE 96 TTT_WAIT target=1 elapsed=0s need=2s
UE 98 TTT_WAIT target=2 elapsed=0s need=2s
UE 100 TTT_WAIT target=4 elapsed=0s need=2s
LM HO_FAIL_LOW_RSRP UE=104 currCell=2 candCell=3 candRsrp=-114.176 < min=-110
UE 105 TTT_WAIT target=4 elapsed=0s need=2s
TRACE HO_SUCCESS Time=98.6151 IMSI=38 TargetCell=3 Type=TN TargetRSRP=-119.033 ServingRSRP=-101.179 BackhaulDlSnr=-999 BackhaulUlSnr=-999
TRACE HO_SUCCESS Time=98.6151 IMSI=55 TargetCell=3 Type=TN TargetRSRP=-115.301 ServingRSRP=-89.4198 BackhaulDlSnr=-999 BackhaulUlSnr=-999
TRACE HO_SUCCESS Time=98.6151 IMSI=69 TargetCell=4 Type=TN TargetRSRP=-104.968 ServingRSRP=-105.052 BackhaulDlSnr=-999 BackhaulUlSnr=-999
TRACE HO_SUCCESS Time=98.6151 IMSI=35 TargetCell=4 Type=TN TargetRSRP=-117.03 ServingRSRP=-119.647 BackhaulDlSnr=-999 BackhaulUlSnr=-999
UAV_AUTONOMY_XAPP Time=100.5 DeploymentMode=tn-uav UavIndex=0 UavCellId=5 BestDonorCellId=1 BestDonorDistanceM=2107.16 XhaulConnected=1 XhaulChannelVariationDb=0 RawXhaulState=HEALTHY RawXhaulStateAgeSec=96 XhaulState=HEALTHY DonorUnavailableActive=0 SatBackhaulHealthy=0 UavSwitchingXappAvailable=1 UavSwitchingXappState=STANDBY BackhaulMode=TN_DIRECT RicControlState=TN_E2 ActiveUavRic=TN_NEAR_RT_RIC NormalUeHandoverAllowed=1 UavMode=TN_CONTROLLED_COVERAGE_EXTENSION
UAV_AUTONOMY_XAPP Time=100.5 DeploymentMode=tn-uav UavIndex=1 UavCellId=6 BestDonorCellId=4 BestDonorDistanceM=1670.18 XhaulConnected=1 XhaulChannelVariationDb=0 RawXhaulState=HEALTHY RawXhaulStateAgeSec=96 XhaulState=HEALTHY DonorUnavailableActive=0 SatBackhaulHealthy=0 UavSwitchingXappAvailable=1 UavSwitchingXappState=STANDBY BackhaulMode=TN_DIRECT RicControlState=TN_E2 ActiveUavRic=TN_NEAR_RT_RIC NormalUeHandoverAllowed=1 UavMode=TN_CONTROLLED_COVERAGE_EXTENSION
UAV_AUTONOMY_XAPP Time=100.5 DeploymentMode=tn-uav UavIndex=2 UavCellId=7 BestDonorCellId=2 BestDonorDistanceM=412.042 XhaulConnected=1 XhaulChannelVariationDb=0 RawXhaulState=HEALTHY RawXhaulStateAgeSec=96 XhaulState=HEALTHY DonorUnavailableActive=0 SatBackhaulHealthy=0 UavSwitchingXappAvailable=1 UavSwitchingXappState=STANDBY BackhaulMode=TN_DIRECT RicControlState=TN_E2 ActiveUavRic=TN_NEAR_RT_RIC NormalUeHandoverAllowed=1 UavMode=TN_CONTROLLED_COVERAGE_EXTENSION
---- LOAD at t=100.5 ----
  cell 1 (TN) load=14/20
  cell 2 (TN) load=15/20
  cell 3 (TN) load=9/20
  cell 4 (TN) load=16/20
  cell 5 (NTN) load=10/10
  cell 6 (NTN) load=3/10
  cell 7 (NTN) load=5/10
UE 10 TTT_WAIT target=3 elapsed=0s need=2s
LM HO_FAIL_LOW_RSRP UE=11 currCell=2 candCell=4 candRsrp=-121.83 < min=-110
LM HO UE=15 rnti=134 1->3 type=TN servingRsrp=-119.153 targetRsrp=-101.086 targetLoadReal=9/20 targetLoadEff=9/20
LM HO_FAIL_LOW_RSRP UE=19 currCell=2 candCell=7 candRsrp=-121.123 < min=-110
LM HO_FAIL_LOW_RSRP UE=20 currCell=1 candCell=7 candRsrp=-114.396 < min=-110
UE 23 TTT_WAIT target=3 elapsed=0s need=2s
LM HO_FAIL_LOW_RSRP UE=25 currCell=6 candCell=7 candRsrp=-117.875 < min=-110
UE 32 TTT_WAIT target=4 elapsed=0s need=2s
UE 33 TTT_WAIT target=4 elapsed=0s need=2s
UE 35 TTT_WAIT target=1 elapsed=0s need=2s
UE 36 TTT_WAIT target=3 elapsed=0s need=2s
UE 37 TTT_WAIT target=1 elapsed=0s need=2s
UE 39 TTT_WAIT target=2 elapsed=0s need=2s
LM HO_FAIL_LOW_RSRP UE=41 currCell=2 candCell=7 candRsrp=-132.198 < min=-110
UE 43 TTT_WAIT target=2 elapsed=0s need=2s
UE 45 TTT_WAIT target=1 elapsed=0s need=2s
UE 48 TTT_WAIT target=2 elapsed=0s need=2s
UE 52 TTT_WAIT target=3 elapsed=0s need=2s
LM HO_FAIL_LOW_RSRP UE=53 currCell=3 candCell=6 candRsrp=-125.997 < min=-110
UE 55 TTT_WAIT target=1 elapsed=0s need=2s
UE 60 TTT_WAIT target=1 elapsed=0s need=2s
LM HO_FAIL_LOW_RSRP UE=61 currCell=4 candCell=7 candRsrp=-125.737 < min=-110
LM HO_FAIL_LOW_RSRP UE=64 currCell=2 candCell=1 candRsrp=-124.616 < min=-110
UE 66 TTT_WAIT target=2 elapsed=0s need=2s
LM HO_FAIL_LOW_RSRP UE=70 currCell=4 candCell=6 candRsrp=-129.205 < min=-110
UE 71 TTT_WAIT target=4 elapsed=0s need=2s
UE 75 TTT_WAIT target=1 elapsed=0s need=2s
UE 76 TTT_WAIT target=2 elapsed=0s need=2s
LM HO_FAIL_LOW_RSRP UE=77 currCell=4 candCell=7 candRsrp=-120.581 < min=-110
UE 79 TTT_WAIT target=6 elapsed=0s need=2s
UE 80 TTT_WAIT target=2 elapsed=0s need=2s
UE 84 TTT_WAIT target=7 elapsed=0s need=2s
LM HO_FAIL_LOW_RSRP UE=85 currCell=4 candCell=6 candRsrp=-126.091 < min=-110
LM HO_FAIL_LOW_RSRP UE=86 currCell=2 candCell=1 candRsrp=-117.643 < min=-110
LM HO UE=90 rnti=77 4->1 type=TN servingRsrp=-96.4871 targetRsrp=-81.3228 targetLoadReal=14/20 targetLoadEff=14/20
UE 93 TTT_WAIT target=2 elapsed=0s need=2s
UE 95 TTT_WAIT target=1 elapsed=0s need=2s
LM HO UE=96 rnti=55 2->1 type=TN servingRsrp=-112.133 targetRsrp=-103.452 targetLoadReal=14/20 targetLoadEff=15/20
UE 97 TTT_WAIT target=2 elapsed=0s need=2s
LM HO_FAIL_LOW_RSRP UE=98 currCell=3 candCell=7 candRsrp=-112.424 < min=-110
UE 99 TTT_WAIT target=3 elapsed=0s need=2s
UE 101 TTT_WAIT target=3 elapsed=0s need=2s
LM HO_FAIL_LOW_RSRP UE=104 currCell=2 candCell=3 candRsrp=-111.613 < min=-110
UE 105 TTT_WAIT target=7 elapsed=0s need=2s
TRACE HO_SUCCESS Time=100.615 IMSI=95 TargetCell=1 Type=TN TargetRSRP=-128.287 ServingRSRP=-109.1 BackhaulDlSnr=-999 BackhaulUlSnr=-999
TRACE HO_SUCCESS Time=100.615 IMSI=89 TargetCell=1 Type=TN TargetRSRP=-107.459 ServingRSRP=-82.5372 BackhaulDlSnr=-999 BackhaulUlSnr=-999
TRACE HO_SUCCESS Time=100.615 IMSI=14 TargetCell=3 Type=TN TargetRSRP=-104.965 ServingRSRP=-125.992 BackhaulDlSnr=-999 BackhaulUlSnr=-999
UAV_AUTONOMY_XAPP Time=102.5 DeploymentMode=tn-uav UavIndex=0 UavCellId=5 BestDonorCellId=1 BestDonorDistanceM=2107.16 XhaulConnected=1 XhaulChannelVariationDb=0 RawXhaulState=HEALTHY RawXhaulStateAgeSec=98 XhaulState=HEALTHY DonorUnavailableActive=0 SatBackhaulHealthy=0 UavSwitchingXappAvailable=1 UavSwitchingXappState=STANDBY BackhaulMode=TN_DIRECT RicControlState=TN_E2 ActiveUavRic=TN_NEAR_RT_RIC NormalUeHandoverAllowed=1 UavMode=TN_CONTROLLED_COVERAGE_EXTENSION
UAV_AUTONOMY_XAPP Time=102.5 DeploymentMode=tn-uav UavIndex=1 UavCellId=6 BestDonorCellId=4 BestDonorDistanceM=1704.84 XhaulConnected=1 XhaulChannelVariationDb=0 RawXhaulState=HEALTHY RawXhaulStateAgeSec=98 XhaulState=HEALTHY DonorUnavailableActive=0 SatBackhaulHealthy=0 UavSwitchingXappAvailable=1 UavSwitchingXappState=STANDBY BackhaulMode=TN_DIRECT RicControlState=TN_E2 ActiveUavRic=TN_NEAR_RT_RIC NormalUeHandoverAllowed=1 UavMode=TN_CONTROLLED_COVERAGE_EXTENSION
UAV_AUTONOMY_XAPP Time=102.5 DeploymentMode=tn-uav UavIndex=2 UavCellId=7 BestDonorCellId=2 BestDonorDistanceM=395.408 XhaulConnected=1 XhaulChannelVariationDb=0 RawXhaulState=HEALTHY RawXhaulStateAgeSec=98 XhaulState=HEALTHY DonorUnavailableActive=0 SatBackhaulHealthy=0 UavSwitchingXappAvailable=1 UavSwitchingXappState=STANDBY BackhaulMode=TN_DIRECT RicControlState=TN_E2 ActiveUavRic=TN_NEAR_RT_RIC NormalUeHandoverAllowed=1 UavMode=TN_CONTROLLED_COVERAGE_EXTENSION
---- LOAD at t=102.5 ----
  cell 1 (TN) load=15/20
  cell 2 (TN) load=14/20
  cell 3 (TN) load=10/20
  cell 4 (TN) load=15/20
  cell 5 (NTN) load=10/10
  cell 6 (NTN) load=3/10
  cell 7 (NTN) load=5/10
UE 9 TTT_WAIT target=4 elapsed=0s need=2s
LM HO_FAIL_LOW_RSRP UE=11 currCell=2 candCell=7 candRsrp=-126.412 < min=-110
LM HO_FAIL_LOW_RSRP UE=19 currCell=2 candCell=1 candRsrp=-132.837 < min=-110
LM HO_FAIL_LOW_RSRP UE=21 currCell=4 candCell=6 candRsrp=-111.624 < min=-110
UE 23 TTT_WAIT target=2 elapsed=0s need=2s
UE 24 TTT_WAIT target=7 elapsed=0s need=2s
UE 25 TTT_WAIT target=4 elapsed=0s need=2s
UE 26 TTT_WAIT target=1 elapsed=0s need=2s
UE 30 TTT_WAIT target=3 elapsed=0s need=2s
LM HO UE=33 rnti=51 2->4 type=TN servingRsrp=-108.58 targetRsrp=-100.843 targetLoadReal=15/20 targetLoadEff=15/20
LM HO_FAIL_LOW_RSRP UE=35 currCell=7 candCell=6 candRsrp=-116.729 < min=-110
LM HO UE=45 rnti=57 2->1 type=TN servingRsrp=-112.548 targetRsrp=-104.08 targetLoadReal=15/20 targetLoadEff=15/20
UE 46 TTT_WAIT target=4 elapsed=0s need=2s
UE 47 TTT_WAIT target=3 elapsed=0s need=2s
LM HO_FAIL_LOW_RSRP UE=52 currCell=1 candCell=2 candRsrp=-111.161 < min=-110
LM HO_FAIL_LOW_RSRP UE=53 currCell=3 candCell=4 candRsrp=-116.79 < min=-110
LM HO_FAIL_LOW_RSRP UE=55 currCell=4 candCell=6 candRsrp=-115.807 < min=-110
UE 59 TTT_WAIT target=4 elapsed=0s need=2s
LM HO_FAIL_LOW_RSRP UE=61 currCell=4 candCell=6 candRsrp=-113.747 < min=-110
LM HO_FAIL_LOW_RSRP UE=64 currCell=2 candCell=4 candRsrp=-125.839 < min=-110
LM HO_FAIL_LOW_RSRP UE=66 currCell=3 candCell=7 candRsrp=-122.617 < min=-110
UE 74 TTT_WAIT target=2 elapsed=0s need=2s
UE 76 TTT_WAIT target=1 elapsed=0s need=2s
UE 77 TTT_WAIT target=6 elapsed=0s need=2s
UE 78 TTT_WAIT target=3 elapsed=0s need=2s
UE 84 TTT_WAIT target=3 elapsed=0s need=2s
LM HO_FAIL_LOW_RSRP UE=85 currCell=4 candCell=2 candRsrp=-117.07 < min=-110
LM HO_FAIL_LOW_RSRP UE=86 currCell=2 candCell=7 candRsrp=-124.092 < min=-110
UE 89 TTT_WAIT target=2 elapsed=0s need=2s
UE 90 TTT_WAIT target=2 elapsed=0s need=2s
UE 92 TTT_WAIT target=2 elapsed=0s need=2s
UE 95 TTT_WAIT target=4 elapsed=0s need=2s
LM HO_FAIL_LOW_RSRP UE=96 currCell=1 candCell=2 candRsrp=-113.167 < min=-110
UE 97 TTT_WAIT target=1 elapsed=0s need=2s
LM HO_FAIL_LOW_RSRP UE=98 currCell=3 candCell=2 candRsrp=-116.823 < min=-110
LM HO_FAIL_LOW_RSRP UE=105 currCell=2 candCell=3 candRsrp=-111.129 < min=-110
TRACE HO_SUCCESS Time=102.615 IMSI=44 TargetCell=1 Type=TN TargetRSRP=-71.2306 ServingRSRP=-99.7032 BackhaulDlSnr=-999 BackhaulUlSnr=-999
TRACE HO_SUCCESS Time=102.615 IMSI=32 TargetCell=4 Type=TN TargetRSRP=-125.969 ServingRSRP=-101.83 BackhaulDlSnr=-999 BackhaulUlSnr=-999
UAV_AUTONOMY_XAPP Time=104.5 DeploymentMode=tn-uav UavIndex=0 UavCellId=5 BestDonorCellId=1 BestDonorDistanceM=2107.16 XhaulConnected=1 XhaulChannelVariationDb=0 RawXhaulState=HEALTHY RawXhaulStateAgeSec=100 XhaulState=HEALTHY DonorUnavailableActive=0 SatBackhaulHealthy=0 UavSwitchingXappAvailable=1 UavSwitchingXappState=STANDBY BackhaulMode=TN_DIRECT RicControlState=TN_E2 ActiveUavRic=TN_NEAR_RT_RIC NormalUeHandoverAllowed=1 UavMode=TN_CONTROLLED_COVERAGE_EXTENSION
UAV_AUTONOMY_XAPP Time=104.5 DeploymentMode=tn-uav UavIndex=1 UavCellId=6 BestDonorCellId=4 BestDonorDistanceM=1735.64 XhaulConnected=1 XhaulChannelVariationDb=0 RawXhaulState=HEALTHY RawXhaulStateAgeSec=100 XhaulState=HEALTHY DonorUnavailableActive=0 SatBackhaulHealthy=0 UavSwitchingXappAvailable=1 UavSwitchingXappState=STANDBY BackhaulMode=TN_DIRECT RicControlState=TN_E2 ActiveUavRic=TN_NEAR_RT_RIC NormalUeHandoverAllowed=1 UavMode=TN_CONTROLLED_COVERAGE_EXTENSION
UAV_AUTONOMY_XAPP Time=104.5 DeploymentMode=tn-uav UavIndex=2 UavCellId=7 BestDonorCellId=2 BestDonorDistanceM=385.563 XhaulConnected=1 XhaulChannelVariationDb=0 RawXhaulState=HEALTHY RawXhaulStateAgeSec=100 XhaulState=HEALTHY DonorUnavailableActive=0 SatBackhaulHealthy=0 UavSwitchingXappAvailable=1 UavSwitchingXappState=STANDBY BackhaulMode=TN_DIRECT RicControlState=TN_E2 ActiveUavRic=TN_NEAR_RT_RIC NormalUeHandoverAllowed=1 UavMode=TN_CONTROLLED_COVERAGE_EXTENSION
---- LOAD at t=104.5 ----
  cell 1 (TN) load=16/20
  cell 2 (TN) load=12/20
  cell 3 (TN) load=10/20
  cell 4 (TN) load=16/20
  cell 5 (NTN) load=10/10
  cell 6 (NTN) load=3/10
  cell 7 (NTN) load=5/10
UE 10 TTT_WAIT target=3 elapsed=0s need=2s
LM HO_FAIL_LOW_RSRP UE=11 currCell=2 candCell=4 candRsrp=-120.4 < min=-110
UE 14 TTT_WAIT target=3 elapsed=0s need=2s
UE 18 TTT_WAIT target=7 elapsed=0s need=2s
LM HO_FAIL_LOW_RSRP UE=19 currCell=2 candCell=1 candRsrp=-127.844 < min=-110
UE 20 TTT_WAIT target=3 elapsed=0s need=2s
LM HO_FAIL_LOW_RSRP UE=21 currCell=4 candCell=2 candRsrp=-115.917 < min=-110
UE 26 TTT_WAIT target=2 elapsed=0s need=2s
LM HO_FAIL_LOW_RSRP UE=33 currCell=4 candCell=2 candRsrp=-110.393 < min=-110
UE 35 TTT_WAIT target=2 elapsed=0s need=2s
UE 36 TTT_WAIT target=2 elapsed=0s need=2s
UE 37 TTT_WAIT target=1 elapsed=0s need=2s
UE 39 TTT_WAIT target=2 elapsed=0s need=2s
UE 45 TTT_WAIT target=3 elapsed=0s need=2s
UE 46 TTT_WAIT target=2 elapsed=0s need=2s
LM HO_FAIL_LOW_RSRP UE=53 currCell=3 candCell=7 candRsrp=-137.652 < min=-110
UE 56 TTT_WAIT target=1 elapsed=0s need=2s
LM HO_FAIL_LOW_RSRP UE=61 currCell=4 candCell=6 candRsrp=-126.89 < min=-110
UE 64 TTT_WAIT target=3 elapsed=0s need=2s
LM HO_FAIL_LOW_RSRP UE=66 currCell=3 candCell=1 candRsrp=-121.468 < min=-110
UE 71 TTT_WAIT target=2 elapsed=0s need=2s
LM HO UE=74 rnti=132 1->2 type=TN servingRsrp=-130.506 targetRsrp=-93.0895 targetLoadReal=12/20 targetLoadEff=12/20
LM HO UE=76 rnti=78 7->1 type=TN servingRsrp=-124.678 targetRsrp=-86.2854 targetLoadReal=16/20 targetLoadEff=16/20
LM HO_FAIL_LOW_RSRP UE=77 currCell=4 candCell=3 candRsrp=-110.952 < min=-110
LM HO_FAIL_LOW_RSRP UE=79 currCell=1 candCell=4 candRsrp=-121.909 < min=-110
UE 80 TTT_WAIT target=2 elapsed=0s need=2s
UE 84 TTT_WAIT target=2 elapsed=0s need=2s
UE 85 TTT_WAIT target=6 elapsed=0s need=2s
UE 86 TTT_WAIT target=3 elapsed=0s need=2s
UE 92 TTT_WAIT target=7 elapsed=0s need=2s
LM HO_FAIL_LOW_RSRP UE=95 currCell=2 candCell=4 candRsrp=-120.89 < min=-110
UE 96 TTT_WAIT target=2 elapsed=0s need=2s
LM HO_FAIL_LOW_RSRP UE=97 currCell=4 candCell=7 candRsrp=-128.275 < min=-110
UE 98 TTT_WAIT target=1 elapsed=0s need=2s
UE 100 TTT_WAIT target=7 elapsed=0s need=2s
UE 105 TTT_WAIT target=1 elapsed=0s need=2s
TRACE HO_SUCCESS Time=104.615 IMSI=75 TargetCell=1 Type=TN TargetRSRP=-98.5386 ServingRSRP=-114.212 BackhaulDlSnr=-999 BackhaulUlSnr=-999
TRACE HO_SUCCESS Time=104.615 IMSI=73 TargetCell=2 Type=TN TargetRSRP=-118.097 ServingRSRP=-90.4955 BackhaulDlSnr=-999 BackhaulUlSnr=-999
UAV_AUTONOMY_XAPP Time=106.5 DeploymentMode=tn-uav UavIndex=0 UavCellId=5 BestDonorCellId=1 BestDonorDistanceM=2107.16 XhaulConnected=1 XhaulChannelVariationDb=0 RawXhaulState=HEALTHY RawXhaulStateAgeSec=102 XhaulState=HEALTHY DonorUnavailableActive=0 SatBackhaulHealthy=0 UavSwitchingXappAvailable=1 UavSwitchingXappState=STANDBY BackhaulMode=TN_DIRECT RicControlState=TN_E2 ActiveUavRic=TN_NEAR_RT_RIC NormalUeHandoverAllowed=1 UavMode=TN_CONTROLLED_COVERAGE_EXTENSION
UAV_AUTONOMY_XAPP Time=106.5 DeploymentMode=tn-uav UavIndex=1 UavCellId=6 BestDonorCellId=4 BestDonorDistanceM=1767.3 XhaulConnected=1 XhaulChannelVariationDb=0 RawXhaulState=HEALTHY RawXhaulStateAgeSec=102 XhaulState=HEALTHY DonorUnavailableActive=0 SatBackhaulHealthy=0 UavSwitchingXappAvailable=1 UavSwitchingXappState=STANDBY BackhaulMode=TN_DIRECT RicControlState=TN_E2 ActiveUavRic=TN_NEAR_RT_RIC NormalUeHandoverAllowed=1 UavMode=TN_CONTROLLED_COVERAGE_EXTENSION
UAV_AUTONOMY_XAPP Time=106.5 DeploymentMode=tn-uav UavIndex=2 UavCellId=7 BestDonorCellId=2 BestDonorDistanceM=382.79 XhaulConnected=1 XhaulChannelVariationDb=0 RawXhaulState=HEALTHY RawXhaulStateAgeSec=102 XhaulState=HEALTHY DonorUnavailableActive=0 SatBackhaulHealthy=0 UavSwitchingXappAvailable=1 UavSwitchingXappState=STANDBY BackhaulMode=TN_DIRECT RicControlState=TN_E2 ActiveUavRic=TN_NEAR_RT_RIC NormalUeHandoverAllowed=1 UavMode=TN_CONTROLLED_COVERAGE_EXTENSION
---- LOAD at t=106.5 ----
  cell 1 (TN) load=16/20
  cell 2 (TN) load=13/20
  cell 3 (TN) load=10/20
  cell 4 (TN) load=16/20
  cell 5 (NTN) load=10/10
  cell 6 (NTN) load=3/10
  cell 7 (NTN) load=4/10
LM HO UE=10 rnti=133 1->3 type=TN servingRsrp=-106.123 targetRsrp=-66.4083 targetLoadReal=10/20 targetLoadEff=10/20
UE 11 TTT_WAIT target=4 elapsed=0s need=2s
LM HO_FAIL_LOW_RSRP UE=14 currCell=5 candCell=7 candRsrp=-112.404 < min=-110
LM HO_FAIL_LOW_RSRP UE=19 currCell=2 candCell=4 candRsrp=-131.096 < min=-110
UE 20 TTT_WAIT target=2 elapsed=0s need=2s
LM HO_FAIL_LOW_RSRP UE=21 currCell=4 candCell=2 candRsrp=-113.571 < min=-110
UE 25 TTT_WAIT target=3 elapsed=0s need=2s
LM HO_FAIL_LOW_RSRP UE=30 currCell=1 candCell=7 candRsrp=-135.396 < min=-110
UE 32 TTT_WAIT target=4 elapsed=0s need=2s
LM HO_FAIL_LOW_RSRP UE=33 currCell=4 candCell=2 candRsrp=-115.913 < min=-110
UE 37 TTT_WAIT target=6 elapsed=0s need=2s
UE 39 TTT_WAIT target=1 elapsed=0s need=2s
LM HO_FAIL_LOW_RSRP UE=41 currCell=2 candCell=7 candRsrp=-128.711 < min=-110
UE 45 TTT_WAIT target=2 elapsed=0s need=2s
UE 46 TTT_WAIT target=4 elapsed=0s need=2s
LM HO_FAIL_LOW_RSRP UE=52 currCell=1 candCell=7 candRsrp=-138.229 < min=-110
LM HO_FAIL_LOW_RSRP UE=53 currCell=3 candCell=2 candRsrp=-113.744 < min=-110
UE 55 TTT_WAIT target=2 elapsed=0s need=2s
UE 58 TTT_WAIT target=3 elapsed=0s need=2s
LM HO_FAIL_LOW_RSRP UE=59 currCell=3 candCell=2 candRsrp=-131.654 < min=-110
LM HO_FAIL_LOW_RSRP UE=61 currCell=4 candCell=7 candRsrp=-137.212 < min=-110
UE 64 TTT_WAIT target=4 elapsed=0s need=2s
UE 69 TTT_WAIT target=6 elapsed=0s need=2s
LM HO_FAIL_LOW_RSRP UE=70 currCell=4 candCell=6 candRsrp=-133.336 < min=-110
UE 74 TTT_WAIT target=1 elapsed=0s need=2s
LM HO_FAIL_LOW_RSRP UE=75 currCell=3 candCell=6 candRsrp=-120.626 < min=-110
UE 76 TTT_WAIT target=2 elapsed=0s need=2s
LM HO_FAIL_LOW_RSRP UE=77 currCell=4 candCell=6 candRsrp=-127.644 < min=-110
LM HO_FAIL_LOW_RSRP UE=79 currCell=1 candCell=4 candRsrp=-124.422 < min=-110
LM HO_FAIL_LOW_RSRP UE=80 currCell=3 candCell=7 candRsrp=-140.075 < min=-110
UE 84 TTT_WAIT target=3 elapsed=0s need=2s
UE 85 TTT_WAIT target=1 elapsed=0s need=2s
LM HO_FAIL_LOW_RSRP UE=86 currCell=2 candCell=6 candRsrp=-115.331 < min=-110
UE 87 TTT_WAIT target=2 elapsed=0s need=2s
UE 89 TTT_WAIT target=3 elapsed=0s need=2s
UE 90 TTT_WAIT target=3 elapsed=0s need=2s
LM HO_FAIL_LOW_RSRP UE=95 currCell=2 candCell=1 candRsrp=-110.554 < min=-110
LM HO UE=96 rnti=137 1->2 type=TN servingRsrp=-119.264 targetRsrp=-71.4158 targetLoadReal=13/20 targetLoadEff=13/20
LM HO_FAIL_LOW_RSRP UE=97 currCell=4 candCell=3 candRsrp=-113.758 < min=-110
UE 98 TTT_WAIT target=7 elapsed=0s need=2s
LM HO_FAIL_LOW_RSRP UE=105 currCell=2 candCell=6 candRsrp=-130.184 < min=-110
TRACE HO_SUCCESS Time=106.615 IMSI=95 TargetCell=2 Type=TN TargetRSRP=-109.657 ServingRSRP=-99.9238 BackhaulDlSnr=-999 BackhaulUlSnr=-999
TRACE HO_SUCCESS Time=106.615 IMSI=9 TargetCell=3 Type=TN TargetRSRP=-105.351 ServingRSRP=-79.7463 BackhaulDlSnr=-999 BackhaulUlSnr=-999
UAV_AUTONOMY_XAPP Time=108.5 DeploymentMode=tn-uav UavIndex=0 UavCellId=5 BestDonorCellId=1 BestDonorDistanceM=2107.16 XhaulConnected=1 XhaulChannelVariationDb=0 RawXhaulState=HEALTHY RawXhaulStateAgeSec=104 XhaulState=HEALTHY DonorUnavailableActive=0 SatBackhaulHealthy=0 UavSwitchingXappAvailable=1 UavSwitchingXappState=STANDBY BackhaulMode=TN_DIRECT RicControlState=TN_E2 ActiveUavRic=TN_NEAR_RT_RIC NormalUeHandoverAllowed=1 UavMode=TN_CONTROLLED_COVERAGE_EXTENSION
UAV_AUTONOMY_XAPP Time=108.5 DeploymentMode=tn-uav UavIndex=1 UavCellId=6 BestDonorCellId=4 BestDonorDistanceM=1804.73 XhaulConnected=1 XhaulChannelVariationDb=0 RawXhaulState=HEALTHY RawXhaulStateAgeSec=104 XhaulState=HEALTHY DonorUnavailableActive=0 SatBackhaulHealthy=0 UavSwitchingXappAvailable=1 UavSwitchingXappState=STANDBY BackhaulMode=TN_DIRECT RicControlState=TN_E2 ActiveUavRic=TN_NEAR_RT_RIC NormalUeHandoverAllowed=1 UavMode=TN_CONTROLLED_COVERAGE_EXTENSION
UAV_AUTONOMY_XAPP Time=108.5 DeploymentMode=tn-uav UavIndex=2 UavCellId=7 BestDonorCellId=2 BestDonorDistanceM=386.557 XhaulConnected=1 XhaulChannelVariationDb=0 RawXhaulState=HEALTHY RawXhaulStateAgeSec=104 XhaulState=HEALTHY DonorUnavailableActive=0 SatBackhaulHealthy=0 UavSwitchingXappAvailable=1 UavSwitchingXappState=STANDBY BackhaulMode=TN_DIRECT RicControlState=TN_E2 ActiveUavRic=TN_NEAR_RT_RIC NormalUeHandoverAllowed=1 UavMode=TN_CONTROLLED_COVERAGE_EXTENSION
---- LOAD at t=108.5 ----
  cell 1 (TN) load=14/20
  cell 2 (TN) load=14/20
  cell 3 (TN) load=11/20
  cell 4 (TN) load=17/20
  cell 5 (NTN) load=10/10
  cell 6 (NTN) load=3/10
  cell 7 (NTN) load=4/10
UE 9 TTT_WAIT target=1 elapsed=0s need=2s
UE 11 TTT_WAIT target=1 elapsed=0s need=2s
LM HO_FAIL_LOW_RSRP UE=19 currCell=2 candCell=6 candRsrp=-127.547 < min=-110
UE 23 TTT_WAIT target=3 elapsed=0s need=2s
UE 24 TTT_WAIT target=3 elapsed=0s need=2s
LM HO UE=25 rnti=144 6->3 type=TN servingRsrp=-128.651 targetRsrp=-93.7607 targetLoadReal=11/20 targetLoadEff=11/20
LM HO_FAIL_LOW_RSRP UE=26 currCell=7 candCell=6 candRsrp=-123.389 < min=-110
UE 29 TTT_WAIT target=3 elapsed=0s need=2s
UE 33 TTT_WAIT target=1 elapsed=0s need=2s
UE 35 TTT_WAIT target=3 elapsed=0s need=2s
LM HO_FAIL_LOW_RSRP UE=36 currCell=4 candCell=6 candRsrp=-115.69 < min=-110
UE 41 TTT_WAIT target=3 elapsed=0s need=2s
UE 46 TTT_WAIT target=1 elapsed=0s need=2s
UE 47 TTT_WAIT target=3 elapsed=0s need=2s
UE 48 TTT_WAIT target=2 elapsed=0s need=2s
LM HO_FAIL_LOW_RSRP UE=52 currCell=1 candCell=6 candRsrp=-126.497 < min=-110
UE 56 TTT_WAIT target=1 elapsed=0s need=2s
UE 59 TTT_WAIT target=1 elapsed=0s need=2s
UE 61 TTT_WAIT target=2 elapsed=0s need=2s
LM HO_FAIL_LOW_RSRP UE=64 currCell=2 candCell=4 candRsrp=-112.839 < min=-110
LM HO_FAIL_LOW_RSRP UE=66 currCell=3 candCell=2 candRsrp=-111.969 < min=-110
LM HO_FAIL_LOW_RSRP UE=74 currCell=2 candCell=3 candRsrp=-119.524 < min=-110
LM HO UE=76 rnti=139 1->2 type=TN servingRsrp=-109.612 targetRsrp=-105.716 targetLoadReal=14/20 targetLoadEff=14/20
UE 78 TTT_WAIT target=2 elapsed=0s need=2s
LM HO_FAIL_LOW_RSRP UE=79 currCell=1 candCell=4 candRsrp=-123.423 < min=-110
UE 80 TTT_WAIT target=2 elapsed=0s need=2s
UE 85 TTT_WAIT target=2 elapsed=0s need=2s
UE 86 TTT_WAIT target=1 elapsed=0s need=2s
UE 87 TTT_WAIT target=1 elapsed=0s need=2s
UE 89 TTT_WAIT target=2 elapsed=0s need=2s
UE 90 TTT_WAIT target=7 elapsed=0s need=2s
UE 92 TTT_WAIT target=2 elapsed=0s need=2s
UE 95 TTT_WAIT target=4 elapsed=0s need=2s
UE 96 TTT_WAIT target=4 elapsed=0s need=2s
UE 97 TTT_WAIT target=2 elapsed=0s need=2s
UE 100 TTT_WAIT target=4 elapsed=0s need=2s
UE 104 TTT_WAIT target=7 elapsed=0s need=2s
UE 105 TTT_WAIT target=3 elapsed=0s need=2s
TRACE HO_SUCCESS Time=108.615 IMSI=75 TargetCell=2 Type=TN TargetRSRP=-116.912 ServingRSRP=-111.532 BackhaulDlSnr=-999 BackhaulUlSnr=-999
TRACE HO_SUCCESS Time=108.615 IMSI=24 TargetCell=3 Type=TN TargetRSRP=-133.174 ServingRSRP=-125.17 BackhaulDlSnr=-999 BackhaulUlSnr=-999
UAV_AUTONOMY_XAPP Time=110.5 DeploymentMode=tn-uav UavIndex=0 UavCellId=5 BestDonorCellId=1 BestDonorDistanceM=2107.16 XhaulConnected=1 XhaulChannelVariationDb=0 RawXhaulState=HEALTHY RawXhaulStateAgeSec=106 XhaulState=HEALTHY DonorUnavailableActive=0 SatBackhaulHealthy=0 UavSwitchingXappAvailable=1 UavSwitchingXappState=STANDBY BackhaulMode=TN_DIRECT RicControlState=TN_E2 ActiveUavRic=TN_NEAR_RT_RIC NormalUeHandoverAllowed=1 UavMode=TN_CONTROLLED_COVERAGE_EXTENSION
UAV_AUTONOMY_XAPP Time=110.5 DeploymentMode=tn-uav UavIndex=1 UavCellId=6 BestDonorCellId=4 BestDonorDistanceM=1841.29 XhaulConnected=1 XhaulChannelVariationDb=0 RawXhaulState=HEALTHY RawXhaulStateAgeSec=106 XhaulState=HEALTHY DonorUnavailableActive=0 SatBackhaulHealthy=0 UavSwitchingXappAvailable=1 UavSwitchingXappState=STANDBY BackhaulMode=TN_DIRECT RicControlState=TN_E2 ActiveUavRic=TN_NEAR_RT_RIC NormalUeHandoverAllowed=1 UavMode=TN_CONTROLLED_COVERAGE_EXTENSION
UAV_AUTONOMY_XAPP Time=110.5 DeploymentMode=tn-uav UavIndex=2 UavCellId=7 BestDonorCellId=2 BestDonorDistanceM=394.662 XhaulConnected=1 XhaulChannelVariationDb=0 RawXhaulState=HEALTHY RawXhaulStateAgeSec=106 XhaulState=HEALTHY DonorUnavailableActive=0 SatBackhaulHealthy=0 UavSwitchingXappAvailable=1 UavSwitchingXappState=STANDBY BackhaulMode=TN_DIRECT RicControlState=TN_E2 ActiveUavRic=TN_NEAR_RT_RIC NormalUeHandoverAllowed=1 UavMode=TN_CONTROLLED_COVERAGE_EXTENSION
---- LOAD at t=110.5 ----
  cell 1 (TN) load=13/20
  cell 2 (TN) load=15/20
  cell 3 (TN) load=12/20
  cell 4 (TN) load=17/20
  cell 5 (NTN) load=10/10
  cell 6 (NTN) load=2/10
  cell 7 (NTN) load=4/10
LM HO_FAIL_LOW_RSRP UE=11 currCell=2 candCell=1 candRsrp=-111.244 < min=-110
UE 15 TTT_WAIT target=1 elapsed=0s need=2s
LM HO_FAIL_LOW_RSRP UE=19 currCell=2 candCell=1 candRsrp=-126.91 < min=-110
UE 20 TTT_WAIT target=2 elapsed=0s need=2s
LM HO_FAIL_LOW_RSRP UE=21 currCell=4 candCell=3 candRsrp=-110.612 < min=-110
LM HO UE=23 rnti=127 1->3 type=TN servingRsrp=-100.179 targetRsrp=-88.4371 targetLoadReal=12/20 targetLoadEff=12/20
UE 24 TTT_WAIT target=7 elapsed=0s need=2s
UE 25 TTT_WAIT target=2 elapsed=0s need=2s
LM HO_FAIL_LOW_RSRP UE=30 currCell=1 candCell=7 candRsrp=-142.804 < min=-110
UE 33 TTT_WAIT target=2 elapsed=0s need=2s
LM HO_FAIL_LOW_RSRP UE=35 currCell=7 candCell=6 candRsrp=-123.913 < min=-110
UE 36 TTT_WAIT target=3 elapsed=0s need=2s
UE 37 TTT_WAIT target=1 elapsed=0s need=2s
LM HO_FAIL_LOW_RSRP UE=39 currCell=3 candCell=4 candRsrp=-111.371 < min=-110
LM HO UE=41 rnti=41 2->3 type=TN servingRsrp=-116.748 targetRsrp=-96.4019 targetLoadReal=12/20 targetLoadEff=13/20
UE 45 TTT_WAIT target=7 elapsed=0s need=2s
UE 46 TTT_WAIT target=3 elapsed=0s need=2s
UE 48 TTT_WAIT target=6 elapsed=0s need=2s
UE 52 TTT_WAIT target=2 elapsed=0s need=2s
LM HO_FAIL_LOW_RSRP UE=53 currCell=3 candCell=7 candRsrp=-123.212 < min=-110
LM HO_FAIL_LOW_RSRP UE=55 currCell=4 candCell=1 candRsrp=-116.887 < min=-110
UE 58 TTT_WAIT target=3 elapsed=0s need=2s
LM HO_FAIL_LOW_RSRP UE=59 currCell=3 candCell=1 candRsrp=-113.694 < min=-110
UE 60 TTT_WAIT target=2 elapsed=0s need=2s
LM HO_FAIL_LOW_RSRP UE=61 currCell=4 candCell=6 candRsrp=-127.043 < min=-110
LM HO_FAIL_LOW_RSRP UE=64 currCell=2 candCell=4 candRsrp=-120.635 < min=-110
LM HO_FAIL_LOW_RSRP UE=66 currCell=3 candCell=4 candRsrp=-119.244 < min=-110
UE 70 TTT_WAIT target=6 elapsed=0s need=2s
UE 75 TTT_WAIT target=2 elapsed=0s need=2s
UE 76 TTT_WAIT target=1 elapsed=0s need=2s
LM HO_FAIL_LOW_RSRP UE=77 currCell=4 candCell=6 candRsrp=-127.326 < min=-110
UE 78 TTT_WAIT target=7 elapsed=0s need=2s
LM HO_FAIL_LOW_RSRP UE=79 currCell=1 candCell=2 candRsrp=-118.82 < min=-110
LM HO_FAIL_LOW_RSRP UE=80 currCell=3 candCell=6 candRsrp=-117.145 < min=-110
LM HO UE=85 rnti=68 4->2 type=TN servingRsrp=-114.882 targetRsrp=-102.068 targetLoadReal=15/20 targetLoadEff=15/20
UE 87 TTT_WAIT target=2 elapsed=0s need=2s
LM HO_FAIL_LOW_RSRP UE=88 currCell=4 candCell=6 candRsrp=-126.699 < min=-110
LM HO_FAIL_LOW_RSRP UE=89 currCell=4 candCell=7 candRsrp=-127.85 < min=-110
LM HO UE=92 rnti=113 1->2 type=TN servingRsrp=-97.8002 targetRsrp=-72.4282 targetLoadReal=15/20 targetLoadEff=16/20
UE 93 TTT_WAIT target=2 elapsed=0s need=2s
LM HO_FAIL_LOW_RSRP UE=95 currCell=2 candCell=4 candRsrp=-121.46 < min=-110
UE 98 TTT_WAIT target=4 elapsed=0s need=2s
UE 100 TTT_WAIT target=3 elapsed=0s need=2s
UE 105 TTT_WAIT target=1 elapsed=0s need=2s
TRACE HO_SUCCESS Time=110.615 IMSI=91 TargetCell=2 Type=TN TargetRSRP=-80.9808 ServingRSRP=-78.1643 BackhaulDlSnr=-999 BackhaulUlSnr=-999
TRACE HO_SUCCESS Time=110.615 IMSI=84 TargetCell=2 Type=TN TargetRSRP=-124.375 ServingRSRP=-88.2328 BackhaulDlSnr=-999 BackhaulUlSnr=-999
TRACE HO_SUCCESS Time=110.615 IMSI=22 TargetCell=3 Type=TN TargetRSRP=-119.095 ServingRSRP=-84.3863 BackhaulDlSnr=-999 BackhaulUlSnr=-999
TRACE HO_SUCCESS Time=110.615 IMSI=40 TargetCell=3 Type=TN TargetRSRP=-95.2587 ServingRSRP=-111.496 BackhaulDlSnr=-999 BackhaulUlSnr=-999
UAV_AUTONOMY_XAPP Time=112.5 DeploymentMode=tn-uav UavIndex=0 UavCellId=5 BestDonorCellId=1 BestDonorDistanceM=2107.16 XhaulConnected=1 XhaulChannelVariationDb=0 RawXhaulState=HEALTHY RawXhaulStateAgeSec=108 XhaulState=HEALTHY DonorUnavailableActive=0 SatBackhaulHealthy=0 UavSwitchingXappAvailable=1 UavSwitchingXappState=STANDBY BackhaulMode=TN_DIRECT RicControlState=TN_E2 ActiveUavRic=TN_NEAR_RT_RIC NormalUeHandoverAllowed=1 UavMode=TN_CONTROLLED_COVERAGE_EXTENSION
UAV_AUTONOMY_XAPP Time=112.5 DeploymentMode=tn-uav UavIndex=1 UavCellId=6 BestDonorCellId=4 BestDonorDistanceM=1871.38 XhaulConnected=1 XhaulChannelVariationDb=0 RawXhaulState=HEALTHY RawXhaulStateAgeSec=108 XhaulState=HEALTHY DonorUnavailableActive=0 SatBackhaulHealthy=0 UavSwitchingXappAvailable=1 UavSwitchingXappState=STANDBY BackhaulMode=TN_DIRECT RicControlState=TN_E2 ActiveUavRic=TN_NEAR_RT_RIC NormalUeHandoverAllowed=1 UavMode=TN_CONTROLLED_COVERAGE_EXTENSION
UAV_AUTONOMY_XAPP Time=112.5 DeploymentMode=tn-uav UavIndex=2 UavCellId=7 BestDonorCellId=2 BestDonorDistanceM=408.703 XhaulConnected=1 XhaulChannelVariationDb=0 RawXhaulState=HEALTHY RawXhaulStateAgeSec=108 XhaulState=HEALTHY DonorUnavailableActive=0 SatBackhaulHealthy=0 UavSwitchingXappAvailable=1 UavSwitchingXappState=STANDBY BackhaulMode=TN_DIRECT RicControlState=TN_E2 ActiveUavRic=TN_NEAR_RT_RIC NormalUeHandoverAllowed=1 UavMode=TN_CONTROLLED_COVERAGE_EXTENSION
---- LOAD at t=112.5 ----
  cell 1 (TN) load=11/20
  cell 2 (TN) load=16/20
  cell 3 (TN) load=14/20
  cell 4 (TN) load=16/20
  cell 5 (NTN) load=10/10
  cell 6 (NTN) load=2/10
  cell 7 (NTN) load=4/10
UE 9 TTT_WAIT target=3 elapsed=0s need=2s
LM HO_FAIL_LOW_RSRP UE=11 currCell=2 candCell=4 candRsrp=-117.459 < min=-110
UE 14 TTT_WAIT target=3 elapsed=0s need=2s
UE 19 TTT_WAIT target=1 elapsed=0s need=2s
UE 20 TTT_WAIT target=4 elapsed=0s need=2s
LM HO_FAIL_LOW_RSRP UE=21 currCell=4 candCell=3 candRsrp=-113.843 < min=-110
UE 24 TTT_WAIT target=2 elapsed=0s need=2s
LM HO_FAIL_LOW_RSRP UE=25 currCell=3 candCell=2 candRsrp=-114.38 < min=-110
UE 26 TTT_WAIT target=3 elapsed=0s need=2s
UE 30 TTT_WAIT target=2 elapsed=0s need=2s
UE 33 TTT_WAIT target=1 elapsed=0s need=2s
LM HO_FAIL_LOW_RSRP UE=36 currCell=4 candCell=6 candRsrp=-125.407 < min=-110
LM HO_FAIL_LOW_RSRP UE=39 currCell=3 candCell=1 candRsrp=-110.847 < min=-110
UE 41 TTT_WAIT target=2 elapsed=0s need=2s
UE 45 TTT_WAIT target=4 elapsed=0s need=2s
UE 47 TTT_WAIT target=3 elapsed=0s need=2s
LM HO_FAIL_LOW_RSRP UE=48 currCell=4 candCell=2 candRsrp=-115.23 < min=-110
LM HO_FAIL_LOW_RSRP UE=52 currCell=1 candCell=6 candRsrp=-119.937 < min=-110
LM HO_FAIL_LOW_RSRP UE=53 currCell=3 candCell=7 candRsrp=-126.399 < min=-110
LM HO_FAIL_LOW_RSRP UE=55 currCell=4 candCell=2 candRsrp=-110.769 < min=-110
LM HO_FAIL_LOW_RSRP UE=59 currCell=3 candCell=1 candRsrp=-124.918 < min=-110
UE 61 TTT_WAIT target=3 elapsed=0s need=2s
LM HO_FAIL_LOW_RSRP UE=64 currCell=2 candCell=1 candRsrp=-120.64 < min=-110
UE 74 TTT_WAIT target=1 elapsed=0s need=2s
LM HO UE=75 rnti=82 3->2 type=TN servingRsrp=-115.537 targetRsrp=-92.6975 targetLoadReal=16/20 targetLoadEff=16/20
LM HO UE=76 rnti=67 2->1 type=TN servingRsrp=-110.64 targetRsrp=-105.621 targetLoadReal=11/20 targetLoadEff=11/20
LM HO_FAIL_LOW_RSRP UE=77 currCell=4 candCell=2 candRsrp=-117.33 < min=-110
LM HO_FAIL_LOW_RSRP UE=79 currCell=1 candCell=3 candRsrp=-127.686 < min=-110
UE 85 TTT_WAIT target=4 elapsed=0s need=2s
UE 86 TTT_WAIT target=4 elapsed=0s need=2s
UE 87 TTT_WAIT target=1 elapsed=0s need=2s
LM HO_FAIL_LOW_RSRP UE=88 currCell=4 candCell=7 candRsrp=-133.14 < min=-110
UE 89 TTT_WAIT target=2 elapsed=0s need=2s
UE 92 TTT_WAIT target=1 elapsed=0s need=2s
LM HO_FAIL_LOW_RSRP UE=93 currCell=4 candCell=3 candRsrp=-111.71 < min=-110
UE 95 TTT_WAIT target=1 elapsed=0s need=2s
UE 96 TTT_WAIT target=4 elapsed=0s need=2s
LM HO_FAIL_LOW_RSRP UE=97 currCell=4 candCell=2 candRsrp=-113.378 < min=-110
LM HO UE=98 rnti=89 3->4 type=TN servingRsrp=-112.539 targetRsrp=-98.0669 targetLoadReal=16/20 targetLoadEff=16/20
UE 101 TTT_WAIT target=1 elapsed=0s need=2s
UE 104 TTT_WAIT target=3 elapsed=0s need=2s
UE 105 TTT_WAIT target=3 elapsed=0s need=2s
TRACE HO_SUCCESS Time=112.615 IMSI=75 TargetCell=1 Type=TN TargetRSRP=-111.109 ServingRSRP=-102.39 BackhaulDlSnr=-999 BackhaulUlSnr=-999
TRACE HO_SUCCESS Time=112.615 IMSI=74 TargetCell=2 Type=TN TargetRSRP=-131.826 ServingRSRP=-99.7122 BackhaulDlSnr=-999 BackhaulUlSnr=-999
TRACE HO_SUCCESS Time=112.615 IMSI=97 TargetCell=4 Type=TN TargetRSRP=-122.774 ServingRSRP=-119.365 BackhaulDlSnr=-999 BackhaulUlSnr=-999
UAV_AUTONOMY_XAPP Time=114.5 DeploymentMode=tn-uav UavIndex=0 UavCellId=5 BestDonorCellId=1 BestDonorDistanceM=2107.16 XhaulConnected=1 XhaulChannelVariationDb=0 RawXhaulState=HEALTHY RawXhaulStateAgeSec=110 XhaulState=HEALTHY DonorUnavailableActive=0 SatBackhaulHealthy=0 UavSwitchingXappAvailable=1 UavSwitchingXappState=STANDBY BackhaulMode=TN_DIRECT RicControlState=TN_E2 ActiveUavRic=TN_NEAR_RT_RIC NormalUeHandoverAllowed=1 UavMode=TN_CONTROLLED_COVERAGE_EXTENSION
UAV_AUTONOMY_XAPP Time=114.5 DeploymentMode=tn-uav UavIndex=1 UavCellId=6 BestDonorCellId=4 BestDonorDistanceM=1910.06 XhaulConnected=1 XhaulChannelVariationDb=0 RawXhaulState=HEALTHY RawXhaulStateAgeSec=110 XhaulState=HEALTHY DonorUnavailableActive=0 SatBackhaulHealthy=0 UavSwitchingXappAvailable=1 UavSwitchingXappState=STANDBY BackhaulMode=TN_DIRECT RicControlState=TN_E2 ActiveUavRic=TN_NEAR_RT_RIC NormalUeHandoverAllowed=1 UavMode=TN_CONTROLLED_COVERAGE_EXTENSION
UAV_AUTONOMY_XAPP Time=114.5 DeploymentMode=tn-uav UavIndex=2 UavCellId=7 BestDonorCellId=2 BestDonorDistanceM=428.799 XhaulConnected=1 XhaulChannelVariationDb=0 RawXhaulState=HEALTHY RawXhaulStateAgeSec=110 XhaulState=HEALTHY DonorUnavailableActive=0 SatBackhaulHealthy=0 UavSwitchingXappAvailable=1 UavSwitchingXappState=STANDBY BackhaulMode=TN_DIRECT RicControlState=TN_E2 ActiveUavRic=TN_NEAR_RT_RIC NormalUeHandoverAllowed=1 UavMode=TN_CONTROLLED_COVERAGE_EXTENSION
---- LOAD at t=114.5 ----
  cell 1 (TN) load=12/20
  cell 2 (TN) load=16/20
  cell 3 (TN) load=13/20
  cell 4 (TN) load=17/20
  cell 5 (NTN) load=10/10
  cell 6 (NTN) load=2/10
  cell 7 (NTN) load=4/10
LM HO_FAIL_LOW_RSRP UE=9 currCell=2 candCell=4 candRsrp=-118.023 < min=-110
UE 10 TTT_WAIT target=1 elapsed=0s need=2s
UE 11 TTT_WAIT target=4 elapsed=0s need=2s
LM HO_FAIL_LOW_RSRP UE=19 currCell=2 candCell=1 candRsrp=-131.531 < min=-110
UE 20 TTT_WAIT target=2 elapsed=0s need=2s
LM HO_FAIL_LOW_RSRP UE=21 currCell=4 candCell=6 candRsrp=-131.426 < min=-110
UE 23 TTT_WAIT target=1 elapsed=0s need=2s
UE 29 TTT_WAIT target=1 elapsed=0s need=2s
LM HO_FAIL_LOW_RSRP UE=30 currCell=1 candCell=7 candRsrp=-138.815 < min=-110
UE 32 TTT_WAIT target=1 elapsed=0s need=2s
UE 33 TTT_WAIT target=2 elapsed=0s need=2s
UE 35 TTT_WAIT target=3 elapsed=0s need=2s
LM HO_FAIL_LOW_RSRP UE=37 currCell=4 candCell=6 candRsrp=-132.642 < min=-110
UE 39 TTT_WAIT target=1 elapsed=0s need=2s
UE 41 TTT_WAIT target=1 elapsed=0s need=2s
UE 46 TTT_WAIT target=1 elapsed=0s need=2s
UE 47 TTT_WAIT target=2 elapsed=0s need=2s
LM HO_FAIL_LOW_RSRP UE=48 currCell=4 candCell=7 candRsrp=-128.72 < min=-110
LM HO_FAIL_LOW_RSRP UE=52 currCell=1 candCell=7 candRsrp=-124.139 < min=-110
LM HO_FAIL_LOW_RSRP UE=59 currCell=3 candCell=6 candRsrp=-121.406 < min=-110
UE 60 TTT_WAIT target=1 elapsed=0s need=2s
UE 64 TTT_WAIT target=3 elapsed=0s need=2s
UE 66 TTT_WAIT target=2 elapsed=0s need=2s
UE 70 TTT_WAIT target=2 elapsed=0s need=2s
LM HO UE=74 rnti=65 2->1 type=TN servingRsrp=-129.575 targetRsrp=-90.6005 targetLoadReal=12/20 targetLoadEff=12/20
UE 75 TTT_WAIT target=1 elapsed=0s need=2s
LM HO_FAIL_LOW_RSRP UE=76 currCell=1 candCell=7 candRsrp=-125.532 < min=-110
LM HO_FAIL_LOW_RSRP UE=77 currCell=4 candCell=6 candRsrp=-127.35 < min=-110
LM HO_FAIL_LOW_RSRP UE=79 currCell=1 candCell=4 candRsrp=-119.654 < min=-110
LM HO_FAIL_LOW_RSRP UE=85 currCell=2 candCell=7 candRsrp=-118.112 < min=-110
UE 87 TTT_WAIT target=2 elapsed=0s need=2s
LM HO_FAIL_LOW_RSRP UE=88 currCell=4 candCell=6 candRsrp=-132.611 < min=-110
UE 92 TTT_WAIT target=3 elapsed=0s need=2s
LM HO UE=95 rnti=50 2->1 type=TN servingRsrp=-130.026 targetRsrp=-91.8902 targetLoadReal=12/20 targetLoadEff=13/20
UE 97 TTT_WAIT target=2 elapsed=0s need=2s
LM HO_FAIL_LOW_RSRP UE=98 currCell=4 candCell=2 candRsrp=-118.045 < min=-110
UE 100 TTT_WAIT target=1 elapsed=0s need=2s
LM HO_FAIL_LOW_RSRP UE=105 currCell=2 candCell=4 candRsrp=-122.481 < min=-110
TRACE HO_SUCCESS Time=114.615 IMSI=73 TargetCell=1 Type=TN TargetRSRP=-124.254 ServingRSRP=-91.2774 BackhaulDlSnr=-999 BackhaulUlSnr=-999
TRACE HO_SUCCESS Time=114.615 IMSI=94 TargetCell=1 Type=TN TargetRSRP=-132.587 ServingRSRP=-88.8066 BackhaulDlSnr=-999 BackhaulUlSnr=-999
UAV_AUTONOMY_XAPP Time=116.5 DeploymentMode=tn-uav UavIndex=0 UavCellId=5 BestDonorCellId=1 BestDonorDistanceM=2107.16 XhaulConnected=1 XhaulChannelVariationDb=0 RawXhaulState=HEALTHY RawXhaulStateAgeSec=112 XhaulState=HEALTHY DonorUnavailableActive=0 SatBackhaulHealthy=0 UavSwitchingXappAvailable=1 UavSwitchingXappState=STANDBY BackhaulMode=TN_DIRECT RicControlState=TN_E2 ActiveUavRic=TN_NEAR_RT_RIC NormalUeHandoverAllowed=1 UavMode=TN_CONTROLLED_COVERAGE_EXTENSION
UAV_AUTONOMY_XAPP Time=116.5 DeploymentMode=tn-uav UavIndex=1 UavCellId=6 BestDonorCellId=4 BestDonorDistanceM=1952.25 XhaulConnected=1 XhaulChannelVariationDb=0 RawXhaulState=HEALTHY RawXhaulStateAgeSec=112 XhaulState=HEALTHY DonorUnavailableActive=0 SatBackhaulHealthy=0 UavSwitchingXappAvailable=1 UavSwitchingXappState=STANDBY BackhaulMode=TN_DIRECT RicControlState=TN_E2 ActiveUavRic=TN_NEAR_RT_RIC NormalUeHandoverAllowed=1 UavMode=TN_CONTROLLED_COVERAGE_EXTENSION
UAV_AUTONOMY_XAPP Time=116.5 DeploymentMode=tn-uav UavIndex=2 UavCellId=7 BestDonorCellId=2 BestDonorDistanceM=455.157 XhaulConnected=1 XhaulChannelVariationDb=0 RawXhaulState=HEALTHY RawXhaulStateAgeSec=112 XhaulState=HEALTHY DonorUnavailableActive=0 SatBackhaulHealthy=0 UavSwitchingXappAvailable=1 UavSwitchingXappState=STANDBY BackhaulMode=TN_DIRECT RicControlState=TN_E2 ActiveUavRic=TN_NEAR_RT_RIC NormalUeHandoverAllowed=1 UavMode=TN_CONTROLLED_COVERAGE_EXTENSION
---- LOAD at t=116.5 ----
  cell 1 (TN) load=14/20
  cell 2 (TN) load=14/20
  cell 3 (TN) load=13/20
  cell 4 (TN) load=17/20
  cell 5 (NTN) load=10/10
  cell 6 (NTN) load=2/10
  cell 7 (NTN) load=4/10
UE 9 TTT_WAIT target=6 elapsed=0s need=2s
LM HO_FAIL_LOW_RSRP UE=11 currCell=2 candCell=1 candRsrp=-113.076 < min=-110
UE 15 TTT_WAIT target=7 elapsed=0s need=2s
UE 18 TTT_WAIT target=2 elapsed=0s need=2s
LM HO_FAIL_LOW_RSRP UE=19 currCell=2 candCell=7 candRsrp=-125.531 < min=-110
UE 20 TTT_WAIT target=3 elapsed=0s need=2s
LM HO_FAIL_LOW_RSRP UE=21 currCell=4 candCell=7 candRsrp=-132.033 < min=-110
UE 23 TTT_WAIT target=2 elapsed=0s need=2s
LM HO_FAIL_LOW_RSRP UE=25 currCell=3 candCell=4 candRsrp=-116.717 < min=-110
LM HO_FAIL_LOW_RSRP UE=26 currCell=7 candCell=6 candRsrp=-119.775 < min=-110
LM HO UE=29 rnti=56 2->1 type=TN servingRsrp=-113.7 targetRsrp=-80.502 targetLoadReal=14/20 targetLoadEff=14/20
LM HO_FAIL_LOW_RSRP UE=30 currCell=1 candCell=2 candRsrp=-125.292 < min=-110
LM HO UE=33 rnti=80 4->2 type=TN servingRsrp=-131.35 targetRsrp=-77.173 targetLoadReal=14/20 targetLoadEff=14/20
UE 35 TTT_WAIT target=1 elapsed=0s need=2s
LM HO_FAIL_LOW_RSRP UE=39 currCell=3 candCell=7 candRsrp=-128.456 < min=-110
UE 41 TTT_WAIT target=2 elapsed=0s need=2s
UE 46 TTT_WAIT target=2 elapsed=0s need=2s
UE 47 TTT_WAIT target=3 elapsed=0s need=2s
UE 48 TTT_WAIT target=1 elapsed=0s need=2s
UE 52 TTT_WAIT target=3 elapsed=0s need=2s
LM HO_FAIL_LOW_RSRP UE=53 currCell=3 candCell=7 candRsrp=-129.957 < min=-110
LM HO_FAIL_LOW_RSRP UE=59 currCell=3 candCell=1 candRsrp=-111.806 < min=-110
UE 61 TTT_WAIT target=3 elapsed=0s need=2s
LM HO_FAIL_LOW_RSRP UE=66 currCell=3 candCell=1 candRsrp=-128.361 < min=-110
UE 69 TTT_WAIT target=2 elapsed=0s need=2s
UE 70 TTT_WAIT target=3 elapsed=0s need=2s
LM HO_FAIL_LOW_RSRP UE=74 currCell=1 candCell=7 candRsrp=-141.126 < min=-110
LM HO_FAIL_LOW_RSRP UE=75 currCell=2 candCell=1 candRsrp=-116.646 < min=-110
UE 77 TTT_WAIT target=6 elapsed=0s need=2s
UE 79 TTT_WAIT target=4 elapsed=0s need=2s
LM HO_FAIL_LOW_RSRP UE=85 currCell=2 candCell=6 candRsrp=-129.402 < min=-110
UE 86 TTT_WAIT target=4 elapsed=0s need=2s
LM HO UE=87 rnti=58 7->2 type=TN servingRsrp=-121.852 targetRsrp=-81.4242 targetLoadReal=14/20 targetLoadEff=15/20
UE 88 TTT_WAIT target=1 elapsed=0s need=2s
UE 89 TTT_WAIT target=7 elapsed=0s need=2s
UE 90 TTT_WAIT target=4 elapsed=0s need=2s
UE 93 TTT_WAIT target=3 elapsed=0s need=2s
LM HO_FAIL_LOW_RSRP UE=95 currCell=1 candCell=2 candRsrp=-118.281 < min=-110
LM HO_FAIL_LOW_RSRP UE=96 currCell=2 candCell=6 candRsrp=-115.201 < min=-110
LM HO_FAIL_LOW_RSRP UE=97 currCell=4 candCell=3 candRsrp=-117.04 < min=-110
UE 98 TTT_WAIT target=3 elapsed=0s need=2s
UE 100 TTT_WAIT target=6 elapsed=0s need=2s
LM HO_FAIL_LOW_RSRP UE=104 currCell=2 candCell=3 candRsrp=-116.543 < min=-110
LM HO_FAIL_LOW_RSRP UE=105 currCell=2 candCell=7 candRsrp=-128.899 < min=-110
TRACE HO_SUCCESS Time=116.615 IMSI=28 TargetCell=1 Type=TN TargetRSRP=-106.013 ServingRSRP=-77.3063 BackhaulDlSnr=-999 BackhaulUlSnr=-999
TRACE HO_SUCCESS Time=116.615 IMSI=32 TargetCell=2 Type=TN TargetRSRP=-114.136 ServingRSRP=-112.162 BackhaulDlSnr=-999 BackhaulUlSnr=-999
TRACE HO_SUCCESS Time=116.615 IMSI=86 TargetCell=2 Type=TN TargetRSRP=-70.8164 ServingRSRP=-82.1485 BackhaulDlSnr=-999 BackhaulUlSnr=-999
UAV_AUTONOMY_XAPP Time=118.5 DeploymentMode=tn-uav UavIndex=0 UavCellId=5 BestDonorCellId=1 BestDonorDistanceM=2107.16 XhaulConnected=1 XhaulChannelVariationDb=0 RawXhaulState=HEALTHY RawXhaulStateAgeSec=114 XhaulState=HEALTHY DonorUnavailableActive=0 SatBackhaulHealthy=0 UavSwitchingXappAvailable=1 UavSwitchingXappState=STANDBY BackhaulMode=TN_DIRECT RicControlState=TN_E2 ActiveUavRic=TN_NEAR_RT_RIC NormalUeHandoverAllowed=1 UavMode=TN_CONTROLLED_COVERAGE_EXTENSION
UAV_AUTONOMY_XAPP Time=118.5 DeploymentMode=tn-uav UavIndex=1 UavCellId=6 BestDonorCellId=4 BestDonorDistanceM=1985.9 XhaulConnected=1 XhaulChannelVariationDb=0 RawXhaulState=HEALTHY RawXhaulStateAgeSec=114 XhaulState=HEALTHY DonorUnavailableActive=0 SatBackhaulHealthy=0 UavSwitchingXappAvailable=1 UavSwitchingXappState=STANDBY BackhaulMode=TN_DIRECT RicControlState=TN_E2 ActiveUavRic=TN_NEAR_RT_RIC NormalUeHandoverAllowed=1 UavMode=TN_CONTROLLED_COVERAGE_EXTENSION
UAV_AUTONOMY_XAPP Time=118.5 DeploymentMode=tn-uav UavIndex=2 UavCellId=7 BestDonorCellId=3 BestDonorDistanceM=477.578 XhaulConnected=1 XhaulChannelVariationDb=0 RawXhaulState=HEALTHY RawXhaulStateAgeSec=114 XhaulState=HEALTHY DonorUnavailableActive=0 SatBackhaulHealthy=0 UavSwitchingXappAvailable=1 UavSwitchingXappState=STANDBY BackhaulMode=TN_DIRECT RicControlState=TN_E2 ActiveUavRic=TN_NEAR_RT_RIC NormalUeHandoverAllowed=1 UavMode=TN_CONTROLLED_COVERAGE_EXTENSION
---- LOAD at t=118.5 ----
  cell 1 (TN) load=15/20
  cell 2 (TN) load=15/20
  cell 3 (TN) load=13/20
  cell 4 (TN) load=16/20
  cell 5 (NTN) load=10/10
  cell 6 (NTN) load=2/10
  cell 7 (NTN) load=3/10
UE 9 TTT_WAIT target=4 elapsed=0s need=2s
UE 11 TTT_WAIT target=1 elapsed=0s need=2s
UE 14 TTT_WAIT target=3 elapsed=0s need=2s
LM HO_FAIL_LOW_RSRP UE=15 currCell=3 candCell=7 candRsrp=-124.216 < min=-110
LM HO_FAIL_LOW_RSRP UE=19 currCell=2 candCell=1 candRsrp=-115.415 < min=-110
LM HO UE=20 rnti=85 1->3 type=TN servingRsrp=-119.63 targetRsrp=-106.651 targetLoadReal=13/20 targetLoadEff=13/20
UE 21 TTT_WAIT target=6 elapsed=0s need=2s
UE 23 TTT_WAIT target=1 elapsed=0s need=2s
LM HO_FAIL_LOW_RSRP UE=25 currCell=3 candCell=1 candRsrp=-125.258 < min=-110
UE 29 TTT_WAIT target=7 elapsed=0s need=2s
LM HO_FAIL_LOW_RSRP UE=30 currCell=1 candCell=4 candRsrp=-122.156 < min=-110
UE 35 TTT_WAIT target=2 elapsed=0s need=2s
UE 37 TTT_WAIT target=3 elapsed=0s need=2s
UE 39 TTT_WAIT target=1 elapsed=0s need=2s
LM HO UE=41 rnti=97 3->2 type=TN servingRsrp=-133.354 targetRsrp=-105.036 targetLoadReal=15/20 targetLoadEff=15/20
UE 45 TTT_WAIT target=2 elapsed=0s need=2s
UE 46 TTT_WAIT target=3 elapsed=0s need=2s
LM HO UE=47 rnti=112 1->3 type=TN servingRsrp=-112.283 targetRsrp=-85.6709 targetLoadReal=13/20 targetLoadEff=14/20
LM HO_FAIL_LOW_RSRP UE=48 currCell=4 candCell=7 candRsrp=-118.426 < min=-110
UE 49 TTT_WAIT target=6 elapsed=0s need=2s
LM HO_FAIL_LOW_RSRP UE=53 currCell=3 candCell=7 candRsrp=-140.529 < min=-110
LM HO_FAIL_LOW_RSRP UE=55 currCell=4 candCell=7 candRsrp=-132.983 < min=-110
UE 59 TTT_WAIT target=4 elapsed=0s need=2s
LM HO_FAIL_LOW_RSRP UE=60 currCell=5 candCell=6 candRsrp=-115.368 < min=-110
UE 61 TTT_WAIT target=6 elapsed=0s need=2s
UE 64 TTT_WAIT target=1 elapsed=0s need=2s
LM HO_FAIL_LOW_RSRP UE=66 currCell=3 candCell=4 candRsrp=-125.267 < min=-110
UE 69 TTT_WAIT target=3 elapsed=0s need=2s
UE 70 TTT_WAIT target=6 elapsed=0s need=2s
UE 71 TTT_WAIT target=3 elapsed=0s need=2s
LM HO_FAIL_LOW_RSRP UE=74 currCell=1 candCell=2 candRsrp=-123.729 < min=-110
UE 75 TTT_WAIT target=3 elapsed=0s need=2s
UE 76 TTT_WAIT target=2 elapsed=0s need=2s
LM HO_FAIL_LOW_RSRP UE=79 currCell=1 candCell=4 candRsrp=-122.294 < min=-110
LM HO_FAIL_LOW_RSRP UE=80 currCell=3 candCell=7 candRsrp=-112.146 < min=-110
UE 85 TTT_WAIT target=4 elapsed=0s need=2s
UE 88 TTT_WAIT target=6 elapsed=0s need=2s
LM HO_FAIL_LOW_RSRP UE=89 currCell=4 candCell=7 candRsrp=-127.347 < min=-110
UE 90 TTT_WAIT target=2 elapsed=0s need=2s
UE 92 TTT_WAIT target=1 elapsed=0s need=2s
UE 93 TTT_WAIT target=2 elapsed=0s need=2s
UE 95 TTT_WAIT target=2 elapsed=0s need=2s
UE 96 TTT_WAIT target=3 elapsed=0s need=2s
LM HO_FAIL_LOW_RSRP UE=97 currCell=4 candCell=7 candRsrp=-126.306 < min=-110
UE 98 TTT_WAIT target=7 elapsed=0s need=2s
LM HO_FAIL_LOW_RSRP UE=100 currCell=2 candCell=3 candRsrp=-114.437 < min=-110
UE 104 TTT_WAIT target=3 elapsed=0s need=2s
TRACE HO_SUCCESS Time=118.615 IMSI=40 TargetCell=2 Type=TN TargetRSRP=-119.113 ServingRSRP=-106.14 BackhaulDlSnr=-999 BackhaulUlSnr=-999
TRACE HO_SUCCESS Time=118.615 IMSI=19 TargetCell=3 Type=TN TargetRSRP=-115.642 ServingRSRP=-101.813 BackhaulDlSnr=-999 BackhaulUlSnr=-999
TRACE HO_SUCCESS Time=118.615 IMSI=46 TargetCell=3 Type=TN TargetRSRP=-115.955 ServingRSRP=-93.5083 BackhaulDlSnr=-999 BackhaulUlSnr=-999
