UAV_AUTONOMY_XAPP Time=4.5 DeploymentMode=tn-uav-satellite UavIndex=0 UavCellId=5 BestDonorCellId=1 BestDonorDistanceM=1451.84 XhaulConnected=1 XhaulChannelVariationDb=0.434841 RawXhaulState=UNREACHABLE RawXhaulStateAgeSec=0 XhaulState=UNREACHABLE DonorUnavailableActive=0 SatBackhaulHealthy=1 UavSwitchingXappAvailable=1 UavSwitchingXappState=AI_ACTIVE AiPredictedBackhaulMode=SATELLITE_FALLBACK BackhaulMode=SATELLITE_FALLBACK RicControlState=NEAR_RT_RIC_SWITCHING_TO_SATELLITE_BACKHAUL ActiveUavRic=TN_NEAR_RT_RIC NormalUeHandoverAllowed=1 UavMode=NEAR_RT_RIC_EMERGENCY_SWITCHING_WITH_SATELLITE_BACKHAUL
UAV_AUTONOMY_XAPP Time=4.5 DeploymentMode=tn-uav-satellite UavIndex=1 UavCellId=6 BestDonorCellId=4 BestDonorDistanceM=629.258 XhaulConnected=1 XhaulChannelVariationDb=-2.28216 RawXhaulState=HEALTHY RawXhaulStateAgeSec=0 XhaulState=HEALTHY DonorUnavailableActive=0 SatBackhaulHealthy=1 UavSwitchingXappAvailable=1 UavSwitchingXappState=AI_ACTIVE AiPredictedBackhaulMode=TN_DIRECT BackhaulMode=TN_DIRECT RicControlState=TN_E2 ActiveUavRic=TN_NEAR_RT_RIC NormalUeHandoverAllowed=1 UavMode=TN_CONTROLLED_COVERAGE_EXTENSION
UAV_AUTONOMY_XAPP Time=4.5 DeploymentMode=tn-uav-satellite UavIndex=2 UavCellId=7 BestDonorCellId=2 BestDonorDistanceM=765.017 XhaulConnected=1 XhaulChannelVariationDb=-0.793916 RawXhaulState=HEALTHY RawXhaulStateAgeSec=0 XhaulState=HEALTHY DonorUnavailableActive=0 SatBackhaulHealthy=1 UavSwitchingXappAvailable=1 UavSwitchingXappState=AI_ACTIVE AiPredictedBackhaulMode=TN_DIRECT BackhaulMode=TN_DIRECT RicControlState=TN_E2 ActiveUavRic=TN_NEAR_RT_RIC NormalUeHandoverAllowed=1 UavMode=TN_CONTROLLED_COVERAGE_EXTENSION
Could not find NR UE cell info for E2 Node ID = 8
Could not find NR UE cell info for E2 Node ID = 9
Could not find NR UE cell info for E2 Node ID = 10
Could not find NR UE cell info for E2 Node ID = 11
Could not find NR UE cell info for E2 Node ID = 12
Could not find NR UE cell info for E2 Node ID = 13
Could not find NR UE cell info for E2 Node ID = 14
Could not find NR UE cell info for E2 Node ID = 15
Could not find NR UE cell info for E2 Node ID = 16
Could not find NR UE cell info for E2 Node ID = 17
Could not find NR UE cell info for E2 Node ID = 18
Could not find NR UE cell info for E2 Node ID = 19
Could not find NR UE cell info for E2 Node ID = 20
Could not find NR UE cell info for E2 Node ID = 21
Could not find NR UE cell info for E2 Node ID = 22
Could not find NR UE cell info for E2 Node ID = 23
Could not find NR UE cell info for E2 Node ID = 24
Could not find NR UE cell info for E2 Node ID = 25
Could not find NR UE cell info for E2 Node ID = 26
Could not find NR UE cell info for E2 Node ID = 27
Could not find NR UE cell info for E2 Node ID = 28
Could not find NR UE cell info for E2 Node ID = 29
Could not find NR UE cell info for E2 Node ID = 30
Could not find NR UE cell info for E2 Node ID = 31
Could not find NR UE cell info for E2 Node ID = 32
Could not find NR UE cell info for E2 Node ID = 33
Could not find NR UE cell info for E2 Node ID = 34
Could not find NR UE cell info for E2 Node ID = 35
Could not find NR UE cell info for E2 Node ID = 36
Could not find NR UE cell info for E2 Node ID = 37
Could not find NR UE cell info for E2 Node ID = 38
Could not find NR UE cell info for E2 Node ID = 39
Could not find NR UE cell info for E2 Node ID = 40
Could not find NR UE cell info for E2 Node ID = 41
Could not find NR UE cell info for E2 Node ID = 42
Could not find NR UE cell info for E2 Node ID = 43
Could not find NR UE cell info for E2 Node ID = 44
Could not find NR UE cell info for E2 Node ID = 45
Could not find NR UE cell info for E2 Node ID = 46
Could not find NR UE cell info for E2 Node ID = 47
Could not find NR UE cell info for E2 Node ID = 48
Could not find NR UE cell info for E2 Node ID = 49
Could not find NR UE cell info for E2 Node ID = 50
Could not find NR UE cell info for E2 Node ID = 51
Could not find NR UE cell info for E2 Node ID = 52
Could not find NR UE cell info for E2 Node ID = 53
Could not find NR UE cell info for E2 Node ID = 54
Could not find NR UE cell info for E2 Node ID = 55
Could not find NR UE cell info for E2 Node ID = 56
Could not find NR UE cell info for E2 Node ID = 57
Could not find NR UE cell info for E2 Node ID = 58
Could not find NR UE cell info for E2 Node ID = 59
Could not find NR UE cell info for E2 Node ID = 60
Could not find NR UE cell info for E2 Node ID = 61
Could not find NR UE cell info for E2 Node ID = 62
Could not find NR UE cell info for E2 Node ID = 63
Could not find NR UE cell info for E2 Node ID = 64
Could not find NR UE cell info for E2 Node ID = 65
Could not find NR UE cell info for E2 Node ID = 66
Could not find NR UE cell info for E2 Node ID = 67
Could not find NR UE cell info for E2 Node ID = 68
Could not find NR UE cell info for E2 Node ID = 69
Could not find NR UE cell info for E2 Node ID = 70
Could not find NR UE cell info for E2 Node ID = 71
Could not find NR UE cell info for E2 Node ID = 72
Could not find NR UE cell info for E2 Node ID = 73
Could not find NR UE cell info for E2 Node ID = 74
Could not find NR UE cell info for E2 Node ID = 75
Could not find NR UE cell info for E2 Node ID = 76
Could not find NR UE cell info for E2 Node ID = 77
Could not find NR UE cell info for E2 Node ID = 78
Could not find NR UE cell info for E2 Node ID = 79
Could not find NR UE cell info for E2 Node ID = 80
Could not find NR UE cell info for E2 Node ID = 81
Could not find NR UE cell info for E2 Node ID = 82
Could not find NR UE cell info for E2 Node ID = 83
Could not find NR UE cell info for E2 Node ID = 84
Could not find NR UE cell info for E2 Node ID = 85
Could not find NR UE cell info for E2 Node ID = 86
Could not find NR UE cell info for E2 Node ID = 87
Could not find NR gNB location for E2 Node ID = 1
Could not find NR gNB location for E2 Node ID = 2
Could not find NR gNB location for E2 Node ID = 3
Could not find NR gNB location for E2 Node ID = 4
Could not find NR gNB location for E2 Node ID = 5
Could not find NR gNB location for E2 Node ID = 6
Could not find NR gNB location for E2 Node ID = 7
---- LOAD at t=4.5 ----
UAV_AUTONOMY_XAPP Time=6.5 DeploymentMode=tn-uav-satellite UavIndex=0 UavCellId=5 BestDonorCellId=1 BestDonorDistanceM=1507.53 XhaulConnected=1 XhaulChannelVariationDb=-3.5052 RawXhaulState=UNREACHABLE RawXhaulStateAgeSec=2 XhaulState=UNREACHABLE DonorUnavailableActive=0 SatBackhaulHealthy=1 UavSwitchingXappAvailable=1 UavSwitchingXappState=AI_ACTIVE AiPredictedBackhaulMode=SATELLITE_FALLBACK BackhaulMode=SATELLITE_FALLBACK RicControlState=NEAR_RT_RIC_SWITCHING_TO_SATELLITE_BACKHAUL ActiveUavRic=TN_NEAR_RT_RIC NormalUeHandoverAllowed=1 UavMode=NEAR_RT_RIC_EMERGENCY_SWITCHING_WITH_SATELLITE_BACKHAUL
UAV_AUTONOMY_XAPP Time=6.5 DeploymentMode=tn-uav-satellite UavIndex=1 UavCellId=6 BestDonorCellId=4 BestDonorDistanceM=650.432 XhaulConnected=1 XhaulChannelVariationDb=-3.9027 RawXhaulState=HEALTHY RawXhaulStateAgeSec=2 XhaulState=HEALTHY DonorUnavailableActive=0 SatBackhaulHealthy=1 UavSwitchingXappAvailable=1 UavSwitchingXappState=AI_ACTIVE AiPredictedBackhaulMode=TN_DIRECT BackhaulMode=TN_DIRECT RicControlState=TN_E2 ActiveUavRic=TN_NEAR_RT_RIC NormalUeHandoverAllowed=1 UavMode=TN_CONTROLLED_COVERAGE_EXTENSION
UAV_AUTONOMY_XAPP Time=6.5 DeploymentMode=tn-uav-satellite UavIndex=2 UavCellId=7 BestDonorCellId=2 BestDonorDistanceM=816.13 XhaulConnected=1 XhaulChannelVariationDb=-0.170944 RawXhaulState=HEALTHY RawXhaulStateAgeSec=2 XhaulState=HEALTHY DonorUnavailableActive=0 SatBackhaulHealthy=1 UavSwitchingXappAvailable=1 UavSwitchingXappState=AI_ACTIVE AiPredictedBackhaulMode=TN_DIRECT BackhaulMode=TN_DIRECT RicControlState=TN_E2 ActiveUavRic=TN_NEAR_RT_RIC NormalUeHandoverAllowed=1 UavMode=TN_CONTROLLED_COVERAGE_EXTENSION
---- LOAD at t=6.5 ----
  cell 1 (TN) load=4/20
  cell 2 (TN) load=1/20
  cell 3 (TN) load=5/20
  cell 4 (TN) load=3/20
  cell 5 (NTN) load=2/15
  cell 6 (NTN) load=4/15
  cell 7 (NTN) load=4/15
UE 13 TTT_WAIT target=1 elapsed=0s need=2s
UE 35 TTT_WAIT target=1 elapsed=0s need=2s
UE 37 TTT_WAIT target=1 elapsed=0s need=2s
UE 41 TTT_WAIT target=2 elapsed=0s need=2s
UE 46 TTT_WAIT target=7 elapsed=0s need=2s
UE 47 TTT_WAIT target=2 elapsed=0s need=2s
UE 78 TTT_WAIT target=7 elapsed=0s need=2s
UAV_AUTONOMY_XAPP Time=8.5 DeploymentMode=tn-uav-satellite UavIndex=0 UavCellId=5 BestDonorCellId=1 BestDonorDistanceM=1577.16 XhaulConnected=1 XhaulChannelVariationDb=0.172433 RawXhaulState=UNREACHABLE RawXhaulStateAgeSec=4 XhaulState=UNREACHABLE DonorUnavailableActive=0 SatBackhaulHealthy=1 UavSwitchingXappAvailable=1 UavSwitchingXappState=AI_ACTIVE AiPredictedBackhaulMode=SATELLITE_FALLBACK BackhaulMode=SATELLITE_FALLBACK RicControlState=NEAR_RT_RIC_SWITCHING_TO_SATELLITE_BACKHAUL ActiveUavRic=TN_NEAR_RT_RIC NormalUeHandoverAllowed=1 UavMode=NEAR_RT_RIC_EMERGENCY_SWITCHING_WITH_SATELLITE_BACKHAUL
UAV_AUTONOMY_XAPP Time=8.5 DeploymentMode=tn-uav-satellite UavIndex=1 UavCellId=6 BestDonorCellId=4 BestDonorDistanceM=682.445 XhaulConnected=1 XhaulChannelVariationDb=2.22826 RawXhaulState=HEALTHY RawXhaulStateAgeSec=4 XhaulState=HEALTHY DonorUnavailableActive=0 SatBackhaulHealthy=1 UavSwitchingXappAvailable=1 UavSwitchingXappState=AI_ACTIVE AiPredictedBackhaulMode=TN_DIRECT BackhaulMode=TN_DIRECT RicControlState=TN_E2 ActiveUavRic=TN_NEAR_RT_RIC NormalUeHandoverAllowed=1 UavMode=TN_CONTROLLED_COVERAGE_EXTENSION
UAV_AUTONOMY_XAPP Time=8.5 DeploymentMode=tn-uav-satellite UavIndex=2 UavCellId=7 BestDonorCellId=2 BestDonorDistanceM=880.851 XhaulConnected=1 XhaulChannelVariationDb=0.725406 RawXhaulState=HEALTHY RawXhaulStateAgeSec=4 XhaulState=HEALTHY DonorUnavailableActive=0 SatBackhaulHealthy=1 UavSwitchingXappAvailable=1 UavSwitchingXappState=AI_ACTIVE AiPredictedBackhaulMode=TN_DIRECT BackhaulMode=TN_DIRECT RicControlState=TN_E2 ActiveUavRic=TN_NEAR_RT_RIC NormalUeHandoverAllowed=1 UavMode=TN_CONTROLLED_COVERAGE_EXTENSION
---- LOAD at t=8.5 ----
  cell 1 (TN) load=4/20
  cell 2 (TN) load=1/20
  cell 3 (TN) load=5/20
  cell 4 (TN) load=3/20
  cell 5 (NTN) load=5/15
  cell 6 (NTN) load=4/15
  cell 7 (NTN) load=4/15
UE 9 TTT_WAIT target=4 elapsed=0s need=2s
UE 26 TTT_WAIT target=6 elapsed=0s need=2s
LM HO UE=37 rnti=16 7->1 type=TN servingRsrp=-120.353 targetRsrp=-95.5918 targetLoadReal=4/20 targetLoadEff=4/20
LM HO UE=41 rnti=31 7->2 type=TN servingRsrp=-129.058 targetRsrp=-102.625 targetLoadReal=1/20 targetLoadEff=1/20
LM HO UE=47 rnti=32 3->2 type=TN servingRsrp=-122.842 targetRsrp=-89.7758 targetLoadReal=1/20 targetLoadEff=2/20
UE 78 TTT_WAIT target=2 elapsed=0s need=2s
UE 84 TTT_WAIT target=2 elapsed=0s need=2s
TRACE HO_SUCCESS Time=8.61507 IMSI=36 TargetCell=1 Type=TN TargetRSRP=-131.634 ServingRSRP=-92.0348 BackhaulDlSnr=-999 BackhaulUlSnr=-999
TRACE HO_SUCCESS Time=8.61507 IMSI=46 TargetCell=2 Type=TN TargetRSRP=-124.182 ServingRSRP=-103.639 BackhaulDlSnr=-999 BackhaulUlSnr=-999
TRACE HO_SUCCESS Time=8.61507 IMSI=40 TargetCell=2 Type=TN TargetRSRP=-112.135 ServingRSRP=-118.145 BackhaulDlSnr=-999 BackhaulUlSnr=-999
UAV_AUTONOMY_XAPP Time=10.5 DeploymentMode=tn-uav-satellite UavIndex=0 UavCellId=5 BestDonorCellId=3 BestDonorDistanceM=1805.8 XhaulConnected=1 XhaulChannelVariationDb=1.3721 RawXhaulState=UNREACHABLE RawXhaulStateAgeSec=6 XhaulState=UNREACHABLE DonorUnavailableActive=0 SatBackhaulHealthy=1 UavSwitchingXappAvailable=1 UavSwitchingXappState=AI_ACTIVE AiPredictedBackhaulMode=SATELLITE_FALLBACK BackhaulMode=SATELLITE_FALLBACK RicControlState=NEAR_RT_RIC_SWITCHING_TO_SATELLITE_BACKHAUL ActiveUavRic=TN_NEAR_RT_RIC NormalUeHandoverAllowed=1 UavMode=NEAR_RT_RIC_EMERGENCY_SWITCHING_WITH_SATELLITE_BACKHAUL
UAV_AUTONOMY_XAPP Time=10.5 DeploymentMode=tn-uav-satellite UavIndex=1 UavCellId=6 BestDonorCellId=4 BestDonorDistanceM=719.848 XhaulConnected=1 XhaulChannelVariationDb=-7.24567 RawXhaulState=HEALTHY RawXhaulStateAgeSec=6 XhaulState=HEALTHY DonorUnavailableActive=0 SatBackhaulHealthy=1 UavSwitchingXappAvailable=1 UavSwitchingXappState=AI_ACTIVE AiPredictedBackhaulMode=TN_DIRECT BackhaulMode=TN_DIRECT RicControlState=TN_E2 ActiveUavRic=TN_NEAR_RT_RIC NormalUeHandoverAllowed=1 UavMode=TN_CONTROLLED_COVERAGE_EXTENSION
UAV_AUTONOMY_XAPP Time=10.5 DeploymentMode=tn-uav-satellite UavIndex=2 UavCellId=7 BestDonorCellId=2 BestDonorDistanceM=946.315 XhaulConnected=1 XhaulChannelVariationDb=-4.11727 RawXhaulState=HEALTHY RawXhaulStateAgeSec=6 XhaulState=HEALTHY DonorUnavailableActive=0 SatBackhaulHealthy=1 UavSwitchingXappAvailable=1 UavSwitchingXappState=AI_ACTIVE AiPredictedBackhaulMode=TN_DIRECT BackhaulMode=TN_DIRECT RicControlState=TN_E2 ActiveUavRic=TN_NEAR_RT_RIC NormalUeHandoverAllowed=1 UavMode=TN_CONTROLLED_COVERAGE_EXTENSION
---- LOAD at t=10.5 ----
  cell 1 (TN) load=5/20
  cell 2 (TN) load=3/20
  cell 3 (TN) load=4/20
  cell 4 (TN) load=3/20
  cell 5 (NTN) load=6/15
  cell 6 (NTN) load=4/15
  cell 7 (NTN) load=3/15
UE 9 TTT_WAIT target=7 elapsed=0s need=2s
UE 13 TTT_WAIT target=4 elapsed=0s need=2s
LM HO_FAIL_LOW_RSRP UE=26 currCell=3 candCell=5 candRsrp=-118.836 < min=-110
UE 33 TTT_WAIT target=1 elapsed=0s need=2s
UE 37 TTT_WAIT target=2 elapsed=0s need=2s
UE 41 TTT_WAIT target=1 elapsed=0s need=2s
LM HO_FAIL_LOW_RSRP UE=47 currCell=2 candCell=1 candRsrp=-111.532 < min=-110
UE 67 TTT_WAIT target=2 elapsed=0s need=2s
UE 70 TTT_WAIT target=3 elapsed=0s need=2s
UE 78 TTT_WAIT target=7 elapsed=0s need=2s
UE 84 TTT_WAIT target=7 elapsed=0s need=2s
UE 102 TTT_WAIT target=1 elapsed=0s need=2s
UAV_AUTONOMY_XAPP Time=12.5 DeploymentMode=tn-uav-satellite UavIndex=0 UavCellId=5 BestDonorCellId=2 BestDonorDistanceM=2170.5 XhaulConnected=1 XhaulChannelVariationDb=2.9061 RawXhaulState=UNREACHABLE RawXhaulStateAgeSec=8 XhaulState=UNREACHABLE DonorUnavailableActive=0 SatBackhaulHealthy=1 UavSwitchingXappAvailable=1 UavSwitchingXappState=AI_ACTIVE AiPredictedBackhaulMode=SATELLITE_FALLBACK BackhaulMode=SATELLITE_FALLBACK RicControlState=NEAR_RT_RIC_SWITCHING_TO_SATELLITE_BACKHAUL ActiveUavRic=TN_NEAR_RT_RIC NormalUeHandoverAllowed=1 UavMode=NEAR_RT_RIC_EMERGENCY_SWITCHING_WITH_SATELLITE_BACKHAUL
UAV_AUTONOMY_XAPP Time=12.5 DeploymentMode=tn-uav-satellite UavIndex=1 UavCellId=6 BestDonorCellId=4 BestDonorDistanceM=761.847 XhaulConnected=1 XhaulChannelVariationDb=2.56656 RawXhaulState=HEALTHY RawXhaulStateAgeSec=8 XhaulState=HEALTHY DonorUnavailableActive=0 SatBackhaulHealthy=1 UavSwitchingXappAvailable=1 UavSwitchingXappState=AI_ACTIVE AiPredictedBackhaulMode=TN_DIRECT BackhaulMode=TN_DIRECT RicControlState=TN_E2 ActiveUavRic=TN_NEAR_RT_RIC NormalUeHandoverAllowed=1 UavMode=TN_CONTROLLED_COVERAGE_EXTENSION
UAV_AUTONOMY_XAPP Time=12.5 DeploymentMode=tn-uav-satellite UavIndex=2 UavCellId=7 BestDonorCellId=2 BestDonorDistanceM=1012.43 XhaulConnected=1 XhaulChannelVariationDb=1.04915 RawXhaulState=HEALTHY RawXhaulStateAgeSec=8 XhaulState=HEALTHY DonorUnavailableActive=0 SatBackhaulHealthy=1 UavSwitchingXappAvailable=1 UavSwitchingXappState=AI_ACTIVE AiPredictedBackhaulMode=TN_DIRECT BackhaulMode=TN_DIRECT RicControlState=TN_E2 ActiveUavRic=TN_NEAR_RT_RIC NormalUeHandoverAllowed=1 UavMode=TN_CONTROLLED_COVERAGE_EXTENSION
---- LOAD at t=12.5 ----
  cell 1 (TN) load=5/20
  cell 2 (TN) load=3/20
  cell 3 (TN) load=5/20
  cell 4 (TN) load=3/20
  cell 5 (NTN) load=6/15
  cell 6 (NTN) load=5/15
  cell 7 (NTN) load=3/15
LM HO UE=13 rnti=40 3->4 type=TN servingRsrp=-109.753 targetRsrp=-107.555 targetLoadReal=3/20 targetLoadEff=3/20
UE 26 TTT_WAIT target=1 elapsed=0s need=2s
LM HO UE=33 rnti=8 7->1 type=TN servingRsrp=-103.187 targetRsrp=-97.2057 targetLoadReal=5/20 targetLoadEff=5/20
UE 35 TTT_WAIT target=2 elapsed=0s need=2s
LM HO_FAIL_LOW_RSRP UE=37 currCell=1 candCell=3 candRsrp=-110.383 < min=-110
UE 41 TTT_WAIT target=3 elapsed=0s need=2s
UE 47 TTT_WAIT target=3 elapsed=0s need=2s
UE 67 TTT_WAIT target=3 elapsed=0s need=2s
UE 71 TTT_WAIT target=2 elapsed=0s need=2s
UE 84 TTT_WAIT target=2 elapsed=0s need=2s
TRACE HO_SUCCESS Time=12.6151 IMSI=32 TargetCell=1 Type=TN TargetRSRP=-116.587 ServingRSRP=-104.977 BackhaulDlSnr=-999 BackhaulUlSnr=-999
TRACE HO_SUCCESS Time=12.6151 IMSI=12 TargetCell=4 Type=TN TargetRSRP=-135.439 ServingRSRP=-98.9058 BackhaulDlSnr=-999 BackhaulUlSnr=-999
UAV_AUTONOMY_XAPP Time=14.5 DeploymentMode=tn-uav-satellite UavIndex=0 UavCellId=5 BestDonorCellId=1 BestDonorDistanceM=1786.2 XhaulConnected=1 XhaulChannelVariationDb=3.02157 RawXhaulState=UNREACHABLE RawXhaulStateAgeSec=10 XhaulState=UNREACHABLE DonorUnavailableActive=0 SatBackhaulHealthy=1 UavSwitchingXappAvailable=1 UavSwitchingXappState=AI_ACTIVE AiPredictedBackhaulMode=SATELLITE_FALLBACK BackhaulMode=SATELLITE_FALLBACK RicControlState=NEAR_RT_RIC_SWITCHING_TO_SATELLITE_BACKHAUL ActiveUavRic=TN_NEAR_RT_RIC NormalUeHandoverAllowed=1 UavMode=NEAR_RT_RIC_EMERGENCY_SWITCHING_WITH_SATELLITE_BACKHAUL
UAV_AUTONOMY_XAPP Time=14.5 DeploymentMode=tn-uav-satellite UavIndex=1 UavCellId=6 BestDonorCellId=4 BestDonorDistanceM=807.725 XhaulConnected=1 XhaulChannelVariationDb=-3.75201 RawXhaulState=HEALTHY RawXhaulStateAgeSec=10 XhaulState=HEALTHY DonorUnavailableActive=0 SatBackhaulHealthy=1 UavSwitchingXappAvailable=1 UavSwitchingXappState=AI_ACTIVE AiPredictedBackhaulMode=TN_DIRECT BackhaulMode=TN_DIRECT RicControlState=TN_E2 ActiveUavRic=TN_NEAR_RT_RIC NormalUeHandoverAllowed=1 UavMode=TN_CONTROLLED_COVERAGE_EXTENSION
UAV_AUTONOMY_XAPP Time=14.5 DeploymentMode=tn-uav-satellite UavIndex=2 UavCellId=7 BestDonorCellId=2 BestDonorDistanceM=1079.01 XhaulConnected=1 XhaulChannelVariationDb=-2.04708 RawXhaulState=HEALTHY RawXhaulStateAgeSec=10 XhaulState=HEALTHY DonorUnavailableActive=0 SatBackhaulHealthy=1 UavSwitchingXappAvailable=1 UavSwitchingXappState=AI_ACTIVE AiPredictedBackhaulMode=TN_DIRECT BackhaulMode=TN_DIRECT RicControlState=TN_E2 ActiveUavRic=TN_NEAR_RT_RIC NormalUeHandoverAllowed=1 UavMode=TN_CONTROLLED_COVERAGE_EXTENSION
---- LOAD at t=14.5 ----
  cell 1 (TN) load=6/20
  cell 2 (TN) load=3/20
  cell 3 (TN) load=4/20
  cell 4 (TN) load=4/20
  cell 5 (NTN) load=7/15
  cell 6 (NTN) load=5/15
  cell 7 (NTN) load=2/15
UE 9 TTT_WAIT target=3 elapsed=0s need=2s
UE 13 TTT_WAIT target=3 elapsed=0s need=2s
UE 14 TTT_WAIT target=3 elapsed=0s need=2s
UE 26 TTT_WAIT target=7 elapsed=0s need=2s
LM HO_FAIL_LOW_RSRP UE=33 currCell=1 candCell=7 candRsrp=-122.638 < min=-110
UE 37 TTT_WAIT target=2 elapsed=0s need=2s
UE 41 TTT_WAIT target=7 elapsed=0s need=2s
UE 46 TTT_WAIT target=1 elapsed=0s need=2s
UE 47 TTT_WAIT target=1 elapsed=0s need=2s
UE 60 TTT_WAIT target=3 elapsed=0s need=2s
UE 67 TTT_WAIT target=2 elapsed=0s need=2s
UE 78 TTT_WAIT target=3 elapsed=0s need=2s
UE 79 TTT_WAIT target=4 elapsed=0s need=2s
UE 80 TTT_WAIT target=3 elapsed=0s need=2s
UE 102 TTT_WAIT target=3 elapsed=0s need=2s
UAV_AUTONOMY_XAPP Time=16.5 DeploymentMode=tn-uav-satellite UavIndex=0 UavCellId=5 BestDonorCellId=1 BestDonorDistanceM=1855.91 XhaulConnected=1 XhaulChannelVariationDb=-1.35744 RawXhaulState=UNREACHABLE RawXhaulStateAgeSec=12 XhaulState=UNREACHABLE DonorUnavailableActive=0 SatBackhaulHealthy=1 UavSwitchingXappAvailable=1 UavSwitchingXappState=AI_ACTIVE AiPredictedBackhaulMode=SATELLITE_FALLBACK BackhaulMode=SATELLITE_FALLBACK RicControlState=NEAR_RT_RIC_SWITCHING_TO_SATELLITE_BACKHAUL ActiveUavRic=TN_NEAR_RT_RIC NormalUeHandoverAllowed=1 UavMode=NEAR_RT_RIC_EMERGENCY_SWITCHING_WITH_SATELLITE_BACKHAUL
UAV_AUTONOMY_XAPP Time=16.5 DeploymentMode=tn-uav-satellite UavIndex=1 UavCellId=6 BestDonorCellId=4 BestDonorDistanceM=856.859 XhaulConnected=1 XhaulChannelVariationDb=-2.66666 RawXhaulState=HEALTHY RawXhaulStateAgeSec=12 XhaulState=HEALTHY DonorUnavailableActive=0 SatBackhaulHealthy=1 UavSwitchingXappAvailable=1 UavSwitchingXappState=AI_ACTIVE AiPredictedBackhaulMode=TN_DIRECT BackhaulMode=TN_DIRECT RicControlState=TN_E2 ActiveUavRic=TN_NEAR_RT_RIC NormalUeHandoverAllowed=1 UavMode=TN_CONTROLLED_COVERAGE_EXTENSION
UAV_AUTONOMY_XAPP Time=16.5 DeploymentMode=tn-uav-satellite UavIndex=2 UavCellId=7 BestDonorCellId=1 BestDonorDistanceM=1596.85 XhaulConnected=1 XhaulChannelVariationDb=3.43702 RawXhaulState=UNREACHABLE RawXhaulStateAgeSec=0 XhaulState=HEALTHY DonorUnavailableActive=0 SatBackhaulHealthy=1 UavSwitchingXappAvailable=1 UavSwitchingXappState=AI_ACTIVE AiPredictedBackhaulMode=SATELLITE_FALLBACK BackhaulMode=SATELLITE_FALLBACK RicControlState=LOCAL_AUTONOMY ActiveUavRic=TN_NEAR_RT_RIC NormalUeHandoverAllowed=1 UavMode=TN_CONTROLLED_COVERAGE_EXTENSION
---- LOAD at t=16.5 ----
  cell 1 (TN) load=6/20
  cell 2 (TN) load=3/20
  cell 3 (TN) load=5/20
  cell 4 (TN) load=5/20
  cell 5 (NTN) load=8/15
  cell 6 (NTN) load=7/15
  cell 7 (NTN) load=2/15
UE 9 TTT_WAIT target=4 elapsed=0s need=2s
UE 13 TTT_WAIT target=1 elapsed=0s need=2s
LM HO_FAIL_LOW_RSRP UE=26 currCell=3 candCell=2 candRsrp=-117.668 < min=-110
LM HO UE=37 rnti=33 1->2 type=TN servingRsrp=-133.339 targetRsrp=-93.1741 targetLoadReal=3/20 targetLoadEff=3/20
LM HO UE=47 rnti=10 2->1 type=TN servingRsrp=-113.151 targetRsrp=-71.7623 targetLoadReal=6/20 targetLoadEff=6/20
UE 48 TTT_WAIT target=2 elapsed=0s need=2s
LM HO UE=60 rnti=38 5->3 type=TN servingRsrp=-97.2968 targetRsrp=-86.8073 targetLoadReal=5/20 targetLoadEff=5/20
UE 70 TTT_WAIT target=2 elapsed=0s need=2s
LM HO UE=80 rnti=40 5->3 type=TN servingRsrp=-110.903 targetRsrp=-93.7465 targetLoadReal=5/20 targetLoadEff=6/20
UE 84 TTT_WAIT target=3 elapsed=0s need=2s
UE 102 TTT_WAIT target=2 elapsed=0s need=2s
TRACE HO_SUCCESS Time=16.6151 IMSI=46 TargetCell=1 Type=TN TargetRSRP=-114.01 ServingRSRP=-79.7188 BackhaulDlSnr=-999 BackhaulUlSnr=-999
TRACE HO_SUCCESS Time=16.6151 IMSI=36 TargetCell=2 Type=TN TargetRSRP=-120.866 ServingRSRP=-110.227 BackhaulDlSnr=-999 BackhaulUlSnr=-999
TRACE HO_SUCCESS Time=16.6151 IMSI=59 TargetCell=3 Type=TN TargetRSRP=-120.515 ServingRSRP=-117.441 BackhaulDlSnr=-999 BackhaulUlSnr=-999
TRACE HO_SUCCESS Time=16.6151 IMSI=79 TargetCell=3 Type=TN TargetRSRP=-95.107 ServingRSRP=-116.147 BackhaulDlSnr=-999 BackhaulUlSnr=-999
UAV_AUTONOMY_XAPP Time=18.5 DeploymentMode=tn-uav-satellite UavIndex=0 UavCellId=5 BestDonorCellId=1 BestDonorDistanceM=1925.63 XhaulConnected=1 XhaulChannelVariationDb=1.51246 RawXhaulState=UNREACHABLE RawXhaulStateAgeSec=14 XhaulState=UNREACHABLE DonorUnavailableActive=0 SatBackhaulHealthy=1 UavSwitchingXappAvailable=1 UavSwitchingXappState=AI_ACTIVE AiPredictedBackhaulMode=SATELLITE_FALLBACK BackhaulMode=SATELLITE_FALLBACK RicControlState=NEAR_RT_RIC_SWITCHING_TO_SATELLITE_BACKHAUL ActiveUavRic=TN_NEAR_RT_RIC NormalUeHandoverAllowed=1 UavMode=NEAR_RT_RIC_EMERGENCY_SWITCHING_WITH_SATELLITE_BACKHAUL
UAV_AUTONOMY_XAPP Time=18.5 DeploymentMode=tn-uav-satellite UavIndex=1 UavCellId=6 BestDonorCellId=4 BestDonorDistanceM=908.721 XhaulConnected=1 XhaulChannelVariationDb=-0.297647 RawXhaulState=HEALTHY RawXhaulStateAgeSec=14 XhaulState=HEALTHY DonorUnavailableActive=0 SatBackhaulHealthy=1 UavSwitchingXappAvailable=1 UavSwitchingXappState=AI_ACTIVE AiPredictedBackhaulMode=TN_DIRECT BackhaulMode=TN_DIRECT RicControlState=TN_E2 ActiveUavRic=TN_NEAR_RT_RIC NormalUeHandoverAllowed=1 UavMode=TN_CONTROLLED_COVERAGE_EXTENSION
UAV_AUTONOMY_XAPP Time=18.5 DeploymentMode=tn-uav-satellite UavIndex=2 UavCellId=7 BestDonorCellId=2 BestDonorDistanceM=1213.25 XhaulConnected=1 XhaulChannelVariationDb=0.972659 RawXhaulState=HEALTHY RawXhaulStateAgeSec=0 XhaulState=HEALTHY DonorUnavailableActive=0 SatBackhaulHealthy=1 UavSwitchingXappAvailable=1 UavSwitchingXappState=AI_ACTIVE AiPredictedBackhaulMode=TN_DIRECT BackhaulMode=TN_DIRECT RicControlState=TN_E2 ActiveUavRic=TN_NEAR_RT_RIC NormalUeHandoverAllowed=1 UavMode=TN_CONTROLLED_COVERAGE_EXTENSION
---- LOAD at t=18.5 ----
  cell 1 (TN) load=6/20
  cell 2 (TN) load=3/20
  cell 3 (TN) load=7/20
  cell 4 (TN) load=5/20
  cell 5 (NTN) load=6/15
  cell 6 (NTN) load=8/15
  cell 7 (NTN) load=2/15
LM HO UE=9 rnti=8 2->4 type=TN servingRsrp=-108.721 targetRsrp=-83.8237 targetLoadReal=5/20 targetLoadEff=5/20
LM HO UE=13 rnti=25 4->1 type=TN servingRsrp=-132.933 targetRsrp=-103.733 targetLoadReal=6/20 targetLoadEff=6/20
UE 14 TTT_WAIT target=3 elapsed=0s need=2s
UE 20 TTT_WAIT target=2 elapsed=0s need=2s
UE 26 TTT_WAIT target=2 elapsed=0s need=2s
LM HO_FAIL_LOW_RSRP UE=33 currCell=1 candCell=2 candRsrp=-111.42 < min=-110
UE 37 TTT_WAIT target=3 elapsed=0s need=2s
LM HO_FAIL_LOW_RSRP UE=47 currCell=1 candCell=7 candRsrp=-128.911 < min=-110
UE 49 TTT_WAIT target=1 elapsed=0s need=2s
LM HO_FAIL_LOW_RSRP UE=55 currCell=4 candCell=6 candRsrp=-111.93 < min=-110
LM HO_FAIL_LOW_RSRP UE=60 currCell=3 candCell=5 candRsrp=-114.738 < min=-110
UE 78 TTT_WAIT target=2 elapsed=0s need=2s
UE 102 TTT_WAIT target=4 elapsed=0s need=2s
TRACE HO_SUCCESS Time=18.6151 IMSI=12 TargetCell=1 Type=TN TargetRSRP=-120.711 ServingRSRP=-111.404 BackhaulDlSnr=-999 BackhaulUlSnr=-999
TRACE HO_SUCCESS Time=18.6151 IMSI=8 TargetCell=4 Type=TN TargetRSRP=-121.114 ServingRSRP=-94.5066 BackhaulDlSnr=-999 BackhaulUlSnr=-999
UAV_AUTONOMY_XAPP Time=20.5 DeploymentMode=tn-uav-satellite UavIndex=0 UavCellId=5 BestDonorCellId=1 BestDonorDistanceM=1995.37 XhaulConnected=1 XhaulChannelVariationDb=-1.23503 RawXhaulState=UNREACHABLE RawXhaulStateAgeSec=16 XhaulState=UNREACHABLE DonorUnavailableActive=0 SatBackhaulHealthy=1 UavSwitchingXappAvailable=1 UavSwitchingXappState=AI_ACTIVE AiPredictedBackhaulMode=SATELLITE_FALLBACK BackhaulMode=SATELLITE_FALLBACK RicControlState=NEAR_RT_RIC_SWITCHING_TO_SATELLITE_BACKHAUL ActiveUavRic=TN_NEAR_RT_RIC NormalUeHandoverAllowed=1 UavMode=NEAR_RT_RIC_EMERGENCY_SWITCHING_WITH_SATELLITE_BACKHAUL
UAV_AUTONOMY_XAPP Time=20.5 DeploymentMode=tn-uav-satellite UavIndex=1 UavCellId=6 BestDonorCellId=4 BestDonorDistanceM=962.866 XhaulConnected=1 XhaulChannelVariationDb=-4.72636 RawXhaulState=HEALTHY RawXhaulStateAgeSec=16 XhaulState=HEALTHY DonorUnavailableActive=0 SatBackhaulHealthy=1 UavSwitchingXappAvailable=1 UavSwitchingXappState=AI_ACTIVE AiPredictedBackhaulMode=TN_DIRECT BackhaulMode=TN_DIRECT RicControlState=TN_E2 ActiveUavRic=TN_NEAR_RT_RIC NormalUeHandoverAllowed=1 UavMode=TN_CONTROLLED_COVERAGE_EXTENSION
UAV_AUTONOMY_XAPP Time=20.5 DeploymentMode=tn-uav-satellite UavIndex=2 UavCellId=7 BestDonorCellId=2 BestDonorDistanceM=1280.87 XhaulConnected=1 XhaulChannelVariationDb=0.0675034 RawXhaulState=UNREACHABLE RawXhaulStateAgeSec=0 XhaulState=HEALTHY DonorUnavailableActive=0 SatBackhaulHealthy=1 UavSwitchingXappAvailable=1 UavSwitchingXappState=AI_ACTIVE AiPredictedBackhaulMode=TN_DIRECT BackhaulMode=TN_DIRECT RicControlState=TN_E2 ActiveUavRic=TN_NEAR_RT_RIC NormalUeHandoverAllowed=1 UavMode=TN_CONTROLLED_COVERAGE_EXTENSION
---- LOAD at t=20.5 ----
  cell 1 (TN) load=7/20
  cell 2 (TN) load=2/20
  cell 3 (TN) load=7/20
  cell 4 (TN) load=5/20
  cell 5 (NTN) load=7/15
  cell 6 (NTN) load=9/15
  cell 7 (NTN) load=2/15
LM HO_FAIL_LOW_RSRP UE=9 currCell=4 candCell=2 candRsrp=-115.441 < min=-110
UE 10 TTT_WAIT target=7 elapsed=0s need=2s
UE 13 TTT_WAIT target=2 elapsed=0s need=2s
UE 20 TTT_WAIT target=1 elapsed=0s need=2s
UE 26 TTT_WAIT target=4 elapsed=0s need=2s
UE 33 TTT_WAIT target=6 elapsed=0s need=2s
LM HO_FAIL_LOW_RSRP UE=37 currCell=2 candCell=4 candRsrp=-123.023 < min=-110
UE 46 TTT_WAIT target=4 elapsed=0s need=2s
UE 47 TTT_WAIT target=2 elapsed=0s need=2s
UE 55 TTT_WAIT target=1 elapsed=0s need=2s
UE 60 TTT_WAIT target=2 elapsed=0s need=2s
UE 66 TTT_WAIT target=1 elapsed=0s need=2s
LM HO_FAIL_LOW_RSRP UE=80 currCell=3 candCell=5 candRsrp=-129.175 < min=-110
UE 82 TTT_WAIT target=7 elapsed=0s need=2s
UE 85 TTT_WAIT target=5 elapsed=0s need=2s
UAV_AUTONOMY_XAPP Time=22.5 DeploymentMode=tn-uav-satellite UavIndex=0 UavCellId=5 BestDonorCellId=3 BestDonorDistanceM=2204.4 XhaulConnected=1 XhaulChannelVariationDb=3.91691 RawXhaulState=UNREACHABLE RawXhaulStateAgeSec=18 XhaulState=UNREACHABLE DonorUnavailableActive=0 SatBackhaulHealthy=1 UavSwitchingXappAvailable=1 UavSwitchingXappState=AI_ACTIVE AiPredictedBackhaulMode=SATELLITE_FALLBACK BackhaulMode=SATELLITE_FALLBACK RicControlState=NEAR_RT_RIC_SWITCHING_TO_SATELLITE_BACKHAUL ActiveUavRic=TN_NEAR_RT_RIC NormalUeHandoverAllowed=1 UavMode=NEAR_RT_RIC_EMERGENCY_SWITCHING_WITH_SATELLITE_BACKHAUL
UAV_AUTONOMY_XAPP Time=22.5 DeploymentMode=tn-uav-satellite UavIndex=1 UavCellId=6 BestDonorCellId=4 BestDonorDistanceM=1018.92 XhaulConnected=1 XhaulChannelVariationDb=-2.96853 RawXhaulState=HEALTHY RawXhaulStateAgeSec=18 XhaulState=HEALTHY DonorUnavailableActive=0 SatBackhaulHealthy=1 UavSwitchingXappAvailable=1 UavSwitchingXappState=AI_ACTIVE AiPredictedBackhaulMode=TN_DIRECT BackhaulMode=TN_DIRECT RicControlState=TN_E2 ActiveUavRic=TN_NEAR_RT_RIC NormalUeHandoverAllowed=1 UavMode=TN_CONTROLLED_COVERAGE_EXTENSION
UAV_AUTONOMY_XAPP Time=22.5 DeploymentMode=tn-uav-satellite UavIndex=2 UavCellId=7 BestDonorCellId=2 BestDonorDistanceM=1348.77 XhaulConnected=1 XhaulChannelVariationDb=1.01141 RawXhaulState=UNREACHABLE RawXhaulStateAgeSec=2 XhaulState=HEALTHY DonorUnavailableActive=0 SatBackhaulHealthy=1 UavSwitchingXappAvailable=1 UavSwitchingXappState=AI_ACTIVE AiPredictedBackhaulMode=TN_DIRECT BackhaulMode=TN_DIRECT RicControlState=TN_E2 ActiveUavRic=TN_NEAR_RT_RIC NormalUeHandoverAllowed=1 UavMode=TN_CONTROLLED_COVERAGE_EXTENSION
---- LOAD at t=22.5 ----
  cell 1 (TN) load=7/20
  cell 2 (TN) load=2/20
  cell 3 (TN) load=7/20
  cell 4 (TN) load=5/20
  cell 5 (NTN) load=7/15
  cell 6 (NTN) load=10/15
  cell 7 (NTN) load=2/15
UE 9 TTT_WAIT target=3 elapsed=0s need=2s
LM HO_FAIL_LOW_RSRP UE=20 currCell=3 candCell=5 candRsrp=-117.381 < min=-110
LM HO_FAIL_LOW_RSRP UE=26 currCell=3 candCell=7 candRsrp=-133.651 < min=-110
UE 32 TTT_WAIT target=1 elapsed=0s need=2s
LM HO_FAIL_LOW_RSRP UE=37 currCell=2 candCell=4 candRsrp=-121.342 < min=-110
LM HO_FAIL_LOW_RSRP UE=41 currCell=2 candCell=7 candRsrp=-116.03 < min=-110
LM HO UE=47 rnti=35 1->2 type=TN servingRsrp=-108.307 targetRsrp=-76.441 targetLoadReal=2/20 targetLoadEff=2/20
UE 48 TTT_WAIT target=7 elapsed=0s need=2s
UE 49 TTT_WAIT target=1 elapsed=0s need=2s
UE 58 TTT_WAIT target=3 elapsed=0s need=2s
UE 60 TTT_WAIT target=5 elapsed=0s need=2s
UE 67 TTT_WAIT target=3 elapsed=0s need=2s
UE 84 TTT_WAIT target=2 elapsed=0s need=2s
UE 102 TTT_WAIT target=2 elapsed=0s need=2s
TRACE HO_SUCCESS Time=22.6151 IMSI=46 TargetCell=2 Type=TN TargetRSRP=-111.396 ServingRSRP=-109.448 BackhaulDlSnr=-999 BackhaulUlSnr=-999
UAV_AUTONOMY_XAPP Time=24.5 DeploymentMode=tn-uav-satellite UavIndex=0 UavCellId=5 BestDonorCellId=1 BestDonorDistanceM=2134.89 XhaulConnected=1 XhaulChannelVariationDb=-9.97187 RawXhaulState=UNREACHABLE RawXhaulStateAgeSec=20 XhaulState=UNREACHABLE DonorUnavailableActive=0 SatBackhaulHealthy=1 UavSwitchingXappAvailable=1 UavSwitchingXappState=AI_ACTIVE AiPredictedBackhaulMode=SATELLITE_FALLBACK BackhaulMode=SATELLITE_FALLBACK RicControlState=NEAR_RT_RIC_SWITCHING_TO_SATELLITE_BACKHAUL ActiveUavRic=TN_NEAR_RT_RIC NormalUeHandoverAllowed=1 UavMode=NEAR_RT_RIC_EMERGENCY_SWITCHING_WITH_SATELLITE_BACKHAUL
UAV_AUTONOMY_XAPP Time=24.5 DeploymentMode=tn-uav-satellite UavIndex=1 UavCellId=6 BestDonorCellId=4 BestDonorDistanceM=1048.3 XhaulConnected=1 XhaulChannelVariationDb=1.30617 RawXhaulState=HEALTHY RawXhaulStateAgeSec=20 XhaulState=HEALTHY DonorUnavailableActive=0 SatBackhaulHealthy=1 UavSwitchingXappAvailable=1 UavSwitchingXappState=AI_ACTIVE AiPredictedBackhaulMode=TN_DIRECT BackhaulMode=TN_DIRECT RicControlState=TN_E2 ActiveUavRic=TN_NEAR_RT_RIC NormalUeHandoverAllowed=1 UavMode=TN_CONTROLLED_COVERAGE_EXTENSION
UAV_AUTONOMY_XAPP Time=24.5 DeploymentMode=tn-uav-satellite UavIndex=2 UavCellId=7 BestDonorCellId=2 BestDonorDistanceM=1375.46 XhaulConnected=1 XhaulChannelVariationDb=0.562182 RawXhaulState=UNREACHABLE RawXhaulStateAgeSec=4 XhaulState=HEALTHY DonorUnavailableActive=0 SatBackhaulHealthy=1 UavSwitchingXappAvailable=1 UavSwitchingXappState=AI_ACTIVE AiPredictedBackhaulMode=TN_DIRECT BackhaulMode=TN_DIRECT RicControlState=TN_E2 ActiveUavRic=TN_NEAR_RT_RIC NormalUeHandoverAllowed=1 UavMode=TN_CONTROLLED_COVERAGE_EXTENSION
---- LOAD at t=24.5 ----
  cell 1 (TN) load=7/20
  cell 2 (TN) load=3/20
  cell 3 (TN) load=7/20
  cell 4 (TN) load=5/20
  cell 5 (NTN) load=8/15
  cell 6 (NTN) load=10/15
  cell 7 (NTN) load=3/15
UE 9 TTT_WAIT target=2 elapsed=0s need=2s
UE 15 TTT_WAIT target=5 elapsed=0s need=2s
UE 20 TTT_WAIT target=5 elapsed=0s need=2s
UE 33 TTT_WAIT target=3 elapsed=0s need=2s
LM HO_FAIL_LOW_RSRP UE=37 currCell=2 candCell=4 candRsrp=-122.451 < min=-110
LM HO_FAIL_LOW_RSRP UE=41 currCell=2 candCell=3 candRsrp=-113.545 < min=-110
UE 42 TTT_WAIT target=4 elapsed=0s need=2s
UE 47 TTT_WAIT target=3 elapsed=0s need=2s
UE 55 TTT_WAIT target=2 elapsed=0s need=2s
UE 60 TTT_WAIT target=2 elapsed=0s need=2s
UE 61 TTT_WAIT target=2 elapsed=0s need=2s
UE 66 TTT_WAIT target=1 elapsed=0s need=2s
UE 67 TTT_WAIT target=6 elapsed=0s need=2s
LM HO UE=84 rnti=32 1->2 type=TN servingRsrp=-110.978 targetRsrp=-75.9509 targetLoadReal=3/20 targetLoadEff=3/20
LM HO_FAIL_LOW_RSRP UE=112 currCell=5 candCell=7 candRsrp=-126.722 < min=-110
TRACE HO_SUCCESS Time=24.6151 IMSI=83 TargetCell=2 Type=TN TargetRSRP=-116.673 ServingRSRP=-92.4854 BackhaulDlSnr=-999 BackhaulUlSnr=-999
UAV_AUTONOMY_XAPP Time=26.5 DeploymentMode=tn-uav-satellite UavIndex=0 UavCellId=5 BestDonorCellId=1 BestDonorDistanceM=2204.67 XhaulConnected=1 XhaulChannelVariationDb=0.6374 RawXhaulState=UNREACHABLE RawXhaulStateAgeSec=22 XhaulState=UNREACHABLE DonorUnavailableActive=0 SatBackhaulHealthy=1 UavSwitchingXappAvailable=1 UavSwitchingXappState=AI_ACTIVE AiPredictedBackhaulMode=SATELLITE_FALLBACK BackhaulMode=SATELLITE_FALLBACK RicControlState=NEAR_RT_RIC_SWITCHING_TO_SATELLITE_BACKHAUL ActiveUavRic=TN_NEAR_RT_RIC NormalUeHandoverAllowed=1 UavMode=NEAR_RT_RIC_EMERGENCY_SWITCHING_WITH_SATELLITE_BACKHAUL
UAV_AUTONOMY_XAPP Time=26.5 DeploymentMode=tn-uav-satellite UavIndex=1 UavCellId=6 BestDonorCellId=4 BestDonorDistanceM=1060.71 XhaulConnected=1 XhaulChannelVariationDb=-2.69739 RawXhaulState=HEALTHY RawXhaulStateAgeSec=22 XhaulState=HEALTHY DonorUnavailableActive=0 SatBackhaulHealthy=1 UavSwitchingXappAvailable=1 UavSwitchingXappState=AI_ACTIVE AiPredictedBackhaulMode=TN_DIRECT BackhaulMode=TN_DIRECT RicControlState=TN_E2 ActiveUavRic=TN_NEAR_RT_RIC NormalUeHandoverAllowed=1 UavMode=TN_CONTROLLED_COVERAGE_EXTENSION
UAV_AUTONOMY_XAPP Time=26.5 DeploymentMode=tn-uav-satellite UavIndex=2 UavCellId=7 BestDonorCellId=2 BestDonorDistanceM=1374.72 XhaulConnected=1 XhaulChannelVariationDb=-4.21776 RawXhaulState=UNREACHABLE RawXhaulStateAgeSec=6 XhaulState=UNREACHABLE DonorUnavailableActive=0 SatBackhaulHealthy=1 UavSwitchingXappAvailable=1 UavSwitchingXappState=AI_ACTIVE AiPredictedBackhaulMode=TN_DIRECT BackhaulMode=SATELLITE_FALLBACK RicControlState=NEAR_RT_RIC_SWITCHING_TO_SATELLITE_BACKHAUL ActiveUavRic=TN_NEAR_RT_RIC NormalUeHandoverAllowed=1 UavMode=NEAR_RT_RIC_EMERGENCY_SWITCHING_WITH_SATELLITE_BACKHAUL
---- LOAD at t=26.5 ----
  cell 1 (TN) load=6/20
  cell 2 (TN) load=4/20
  cell 3 (TN) load=7/20
  cell 4 (TN) load=5/20
  cell 5 (NTN) load=8/15
  cell 6 (NTN) load=10/15
  cell 7 (NTN) load=3/15
UE 9 TTT_WAIT target=1 elapsed=0s need=2s
UE 10 TTT_WAIT target=1 elapsed=0s need=2s
UE 14 TTT_WAIT target=6 elapsed=0s need=2s
LM HO_FAIL_LOW_RSRP UE=20 currCell=3 candCell=5 candRsrp=-114.273 < min=-110
UE 24 TTT_WAIT target=7 elapsed=0s need=2s
LM HO_FAIL_LOW_RSRP UE=26 currCell=3 candCell=7 candRsrp=-132.463 < min=-110
UE 33 TTT_WAIT target=2 elapsed=0s need=2s
UE 34 TTT_WAIT target=4 elapsed=0s need=2s
LM HO_FAIL_LOW_RSRP UE=37 currCell=2 candCell=7 candRsrp=-121.208 < min=-110
UE 38 TTT_WAIT target=3 elapsed=0s need=2s
UE 41 TTT_WAIT target=7 elapsed=0s need=2s
UE 49 TTT_WAIT target=6 elapsed=0s need=2s
UE 58 TTT_WAIT target=3 elapsed=0s need=2s
UE 60 TTT_WAIT target=5 elapsed=0s need=2s
UE 61 TTT_WAIT target=4 elapsed=0s need=2s
UE 70 TTT_WAIT target=3 elapsed=0s need=2s
UE 71 TTT_WAIT target=2 elapsed=0s need=2s
UE 84 TTT_WAIT target=3 elapsed=0s need=2s
UE 85 TTT_WAIT target=4 elapsed=0s need=2s
UE 102 TTT_WAIT target=1 elapsed=0s need=2s
UE 112 TTT_WAIT target=4 elapsed=0s need=2s
UAV_AUTONOMY_XAPP Time=28.5 DeploymentMode=tn-uav-satellite UavIndex=0 UavCellId=5 BestDonorCellId=1 BestDonorDistanceM=2274.45 XhaulConnected=1 XhaulChannelVariationDb=1.53709 RawXhaulState=UNREACHABLE RawXhaulStateAgeSec=24 XhaulState=UNREACHABLE DonorUnavailableActive=0 SatBackhaulHealthy=1 UavSwitchingXappAvailable=1 UavSwitchingXappState=AI_ACTIVE AiPredictedBackhaulMode=SATELLITE_FALLBACK BackhaulMode=SATELLITE_FALLBACK RicControlState=NEAR_RT_RIC_SWITCHING_TO_SATELLITE_BACKHAUL ActiveUavRic=TN_NEAR_RT_RIC NormalUeHandoverAllowed=1 UavMode=NEAR_RT_RIC_EMERGENCY_SWITCHING_WITH_SATELLITE_BACKHAUL
UAV_AUTONOMY_XAPP Time=28.5 DeploymentMode=tn-uav-satellite UavIndex=1 UavCellId=6 BestDonorCellId=4 BestDonorDistanceM=1103.4 XhaulConnected=1 XhaulChannelVariationDb=-1.58626 RawXhaulState=HEALTHY RawXhaulStateAgeSec=24 XhaulState=HEALTHY DonorUnavailableActive=0 SatBackhaulHealthy=1 UavSwitchingXappAvailable=1 UavSwitchingXappState=AI_ACTIVE AiPredictedBackhaulMode=TN_DIRECT BackhaulMode=TN_DIRECT RicControlState=TN_E2 ActiveUavRic=TN_NEAR_RT_RIC NormalUeHandoverAllowed=1 UavMode=TN_CONTROLLED_COVERAGE_EXTENSION
UAV_AUTONOMY_XAPP Time=28.5 DeploymentMode=tn-uav-satellite UavIndex=2 UavCellId=7 BestDonorCellId=2 BestDonorDistanceM=1415.44 XhaulConnected=1 XhaulChannelVariationDb=-1.33302 RawXhaulState=UNREACHABLE RawXhaulStateAgeSec=8 XhaulState=UNREACHABLE DonorUnavailableActive=0 SatBackhaulHealthy=1 UavSwitchingXappAvailable=1 UavSwitchingXappState=AI_ACTIVE AiPredictedBackhaulMode=SATELLITE_FALLBACK BackhaulMode=SATELLITE_FALLBACK RicControlState=NEAR_RT_RIC_SWITCHING_TO_SATELLITE_BACKHAUL ActiveUavRic=TN_NEAR_RT_RIC NormalUeHandoverAllowed=1 UavMode=NEAR_RT_RIC_EMERGENCY_SWITCHING_WITH_SATELLITE_BACKHAUL
---- LOAD at t=28.5 ----
  cell 1 (TN) load=6/20
  cell 2 (TN) load=4/20
  cell 3 (TN) load=7/20
  cell 4 (TN) load=5/20
  cell 5 (NTN) load=8/15
  cell 6 (NTN) load=10/15
  cell 7 (NTN) load=3/15
LM HO UE=9 rnti=34 4->1 type=TN servingRsrp=-83.9574 targetRsrp=-80.7724 targetLoadReal=6/20 targetLoadEff=6/20
UE 13 TTT_WAIT target=3 elapsed=0s need=2s
UE 20 TTT_WAIT target=5 elapsed=0s need=2s
UE 26 TTT_WAIT target=7 elapsed=0s need=2s
UE 33 TTT_WAIT target=4 elapsed=0s need=2s
UE 35 TTT_WAIT target=3 elapsed=0s need=2s
UE 37 TTT_WAIT target=4 elapsed=0s need=2s
UE 47 TTT_WAIT target=1 elapsed=0s need=2s
UE 55 TTT_WAIT target=1 elapsed=0s need=2s
UE 66 TTT_WAIT target=1 elapsed=0s need=2s
LM HO UE=71 rnti=32 7->2 type=TN servingRsrp=-118.779 targetRsrp=-92.9226 targetLoadReal=4/20 targetLoadEff=4/20
UE 77 TTT_WAIT target=4 elapsed=0s need=2s
UE 80 TTT_WAIT target=1 elapsed=0s need=2s
UE 82 TTT_WAIT target=4 elapsed=0s need=2s
UE 84 TTT_WAIT target=1 elapsed=0s need=2s
UE 90 TTT_WAIT target=4 elapsed=0s need=2s
UE 102 TTT_WAIT target=2 elapsed=0s need=2s
UE 112 TTT_WAIT target=2 elapsed=0s need=2s
TRACE HO_SUCCESS Time=28.6151 IMSI=8 TargetCell=1 Type=TN TargetRSRP=-118.629 ServingRSRP=-73.8796 BackhaulDlSnr=-999 BackhaulUlSnr=-999
TRACE HO_SUCCESS Time=28.6151 IMSI=70 TargetCell=2 Type=TN TargetRSRP=-98.135 ServingRSRP=-108.609 BackhaulDlSnr=-999 BackhaulUlSnr=-999
UAV_AUTONOMY_XAPP Time=30.5 DeploymentMode=tn-uav-satellite UavIndex=0 UavCellId=5 BestDonorCellId=3 BestDonorDistanceM=2472.65 XhaulConnected=1 XhaulChannelVariationDb=1.28927 RawXhaulState=UNREACHABLE RawXhaulStateAgeSec=26 XhaulState=UNREACHABLE DonorUnavailableActive=0 SatBackhaulHealthy=1 UavSwitchingXappAvailable=1 UavSwitchingXappState=AI_ACTIVE AiPredictedBackhaulMode=SATELLITE_FALLBACK BackhaulMode=SATELLITE_FALLBACK RicControlState=NEAR_RT_RIC_SWITCHING_TO_SATELLITE_BACKHAUL ActiveUavRic=TN_NEAR_RT_RIC NormalUeHandoverAllowed=1 UavMode=NEAR_RT_RIC_EMERGENCY_SWITCHING_WITH_SATELLITE_BACKHAUL
UAV_AUTONOMY_XAPP Time=30.5 DeploymentMode=tn-uav-satellite UavIndex=1 UavCellId=6 BestDonorCellId=4 BestDonorDistanceM=1166.05 XhaulConnected=1 XhaulChannelVariationDb=-3.40917 RawXhaulState=UNREACHABLE RawXhaulStateAgeSec=0 XhaulState=HEALTHY DonorUnavailableActive=0 SatBackhaulHealthy=1 UavSwitchingXappAvailable=1 UavSwitchingXappState=AI_ACTIVE AiPredictedBackhaulMode=TN_DIRECT BackhaulMode=TN_DIRECT RicControlState=TN_E2 ActiveUavRic=TN_NEAR_RT_RIC NormalUeHandoverAllowed=1 UavMode=TN_CONTROLLED_COVERAGE_EXTENSION
UAV_AUTONOMY_XAPP Time=30.5 DeploymentMode=tn-uav-satellite UavIndex=2 UavCellId=7 BestDonorCellId=2 BestDonorDistanceM=1483.89 XhaulConnected=1 XhaulChannelVariationDb=1.23778 RawXhaulState=UNREACHABLE RawXhaulStateAgeSec=10 XhaulState=UNREACHABLE DonorUnavailableActive=0 SatBackhaulHealthy=1 UavSwitchingXappAvailable=1 UavSwitchingXappState=AI_ACTIVE AiPredictedBackhaulMode=SATELLITE_FALLBACK BackhaulMode=SATELLITE_FALLBACK RicControlState=NEAR_RT_RIC_SWITCHING_TO_SATELLITE_BACKHAUL ActiveUavRic=TN_NEAR_RT_RIC NormalUeHandoverAllowed=1 UavMode=NEAR_RT_RIC_EMERGENCY_SWITCHING_WITH_SATELLITE_BACKHAUL
---- LOAD at t=30.5 ----
  cell 1 (TN) load=7/20
  cell 2 (TN) load=6/20
  cell 3 (TN) load=7/20
  cell 4 (TN) load=4/20
  cell 5 (NTN) load=8/15
  cell 6 (NTN) load=11/15
  cell 7 (NTN) load=2/15
UE 9 TTT_WAIT target=2 elapsed=0s need=2s
UE 10 TTT_WAIT target=5 elapsed=0s need=2s
UE 14 TTT_WAIT target=3 elapsed=0s need=2s
UE 20 TTT_WAIT target=2 elapsed=0s need=2s
UE 24 TTT_WAIT target=3 elapsed=0s need=2s
UE 33 TTT_WAIT target=2 elapsed=0s need=2s
LM HO_FAIL_LOW_RSRP UE=37 currCell=2 candCell=4 candRsrp=-121.852 < min=-110
UE 38 TTT_WAIT target=3 elapsed=0s need=2s
LM HO_FAIL_LOW_RSRP UE=41 currCell=2 candCell=4 candRsrp=-111.033 < min=-110
UE 42 TTT_WAIT target=4 elapsed=0s need=2s
UE 48 TTT_WAIT target=4 elapsed=0s need=2s
LM HO UE=55 rnti=33 4->1 type=TN servingRsrp=-95.1405 targetRsrp=-81.7029 targetLoadReal=7/20 targetLoadEff=7/20
UE 64 TTT_WAIT target=4 elapsed=0s need=2s
LM HO_FAIL_LOW_RSRP UE=80 currCell=3 candCell=5 candRsrp=-121.162 < min=-110
LM HO UE=82 rnti=24 6->4 type=TN servingRsrp=-119.008 targetRsrp=-104.831 targetLoadReal=4/20 targetLoadEff=4/20
LM HO UE=84 rnti=13 2->1 type=TN servingRsrp=-99.7858 targetRsrp=-87.648 targetLoadReal=7/20 targetLoadEff=8/20
UE 102 TTT_WAIT target=5 elapsed=0s need=2s
TRACE HO_SUCCESS Time=30.6151 IMSI=83 TargetCell=1 Type=TN TargetRSRP=-101.566 ServingRSRP=-93.2595 BackhaulDlSnr=-999 BackhaulUlSnr=-999
TRACE HO_SUCCESS Time=30.6151 IMSI=54 TargetCell=1 Type=TN TargetRSRP=-112.495 ServingRSRP=-97.3988 BackhaulDlSnr=-999 BackhaulUlSnr=-999
TRACE HO_SUCCESS Time=30.6151 IMSI=81 TargetCell=4 Type=TN TargetRSRP=-90.5952 ServingRSRP=-79.3219 BackhaulDlSnr=-999 BackhaulUlSnr=-999
UAV_AUTONOMY_XAPP Time=32.5 DeploymentMode=tn-uav-satellite UavIndex=0 UavCellId=5 BestDonorCellId=1 BestDonorDistanceM=2413.98 XhaulConnected=1 XhaulChannelVariationDb=-0.64891 RawXhaulState=UNREACHABLE RawXhaulStateAgeSec=28 XhaulState=UNREACHABLE DonorUnavailableActive=0 SatBackhaulHealthy=1 UavSwitchingXappAvailable=1 UavSwitchingXappState=AI_ACTIVE AiPredictedBackhaulMode=SATELLITE_FALLBACK BackhaulMode=SATELLITE_FALLBACK RicControlState=NEAR_RT_RIC_SWITCHING_TO_SATELLITE_BACKHAUL ActiveUavRic=TN_NEAR_RT_RIC NormalUeHandoverAllowed=1 UavMode=NEAR_RT_RIC_EMERGENCY_SWITCHING_WITH_SATELLITE_BACKHAUL
UAV_AUTONOMY_XAPP Time=32.5 DeploymentMode=tn-uav-satellite UavIndex=1 UavCellId=6 BestDonorCellId=4 BestDonorDistanceM=1229.48 XhaulConnected=1 XhaulChannelVariationDb=-2.55936 RawXhaulState=UNREACHABLE RawXhaulStateAgeSec=2 XhaulState=HEALTHY DonorUnavailableActive=0 SatBackhaulHealthy=1 UavSwitchingXappAvailable=1 UavSwitchingXappState=AI_ACTIVE AiPredictedBackhaulMode=TN_DIRECT BackhaulMode=TN_DIRECT RicControlState=TN_E2 ActiveUavRic=TN_NEAR_RT_RIC NormalUeHandoverAllowed=1 UavMode=TN_CONTROLLED_COVERAGE_EXTENSION
UAV_AUTONOMY_XAPP Time=32.5 DeploymentMode=tn-uav-satellite UavIndex=2 UavCellId=7 BestDonorCellId=2 BestDonorDistanceM=1552.47 XhaulConnected=1 XhaulChannelVariationDb=0.381982 RawXhaulState=UNREACHABLE RawXhaulStateAgeSec=12 XhaulState=UNREACHABLE DonorUnavailableActive=0 SatBackhaulHealthy=1 UavSwitchingXappAvailable=1 UavSwitchingXappState=AI_ACTIVE AiPredictedBackhaulMode=SATELLITE_FALLBACK BackhaulMode=SATELLITE_FALLBACK RicControlState=NEAR_RT_RIC_SWITCHING_TO_SATELLITE_BACKHAUL ActiveUavRic=TN_NEAR_RT_RIC NormalUeHandoverAllowed=1 UavMode=NEAR_RT_RIC_EMERGENCY_SWITCHING_WITH_SATELLITE_BACKHAUL
---- LOAD at t=32.5 ----
  cell 1 (TN) load=9/20
  cell 2 (TN) load=6/20
  cell 3 (TN) load=7/20
  cell 4 (TN) load=4/20
  cell 5 (NTN) load=8/15
  cell 6 (NTN) load=10/15
  cell 7 (NTN) load=2/15
LM HO_FAIL_LOW_RSRP UE=9 currCell=1 candCell=5 candRsrp=-130.812 < min=-110
UE 10 TTT_WAIT target=2 elapsed=0s need=2s
UE 13 TTT_WAIT target=2 elapsed=0s need=2s
UE 15 TTT_WAIT target=2 elapsed=0s need=2s
UE 20 TTT_WAIT target=1 elapsed=0s need=2s
UE 24 TTT_WAIT target=2 elapsed=0s need=2s
UE 26 TTT_WAIT target=1 elapsed=0s need=2s
LM HO_FAIL_LOW_RSRP UE=35 currCell=5 candCell=6 candRsrp=-113.407 < min=-110
LM HO_FAIL_LOW_RSRP UE=37 currCell=2 candCell=4 candRsrp=-123.117 < min=-110
UE 41 TTT_WAIT target=7 elapsed=0s need=2s
UE 46 TTT_WAIT target=4 elapsed=0s need=2s
UE 47 TTT_WAIT target=1 elapsed=0s need=2s
LM HO_FAIL_LOW_RSRP UE=48 currCell=6 candCell=5 candRsrp=-114.427 < min=-110
UE 55 TTT_WAIT target=2 elapsed=0s need=2s
UE 61 TTT_WAIT target=4 elapsed=0s need=2s
UE 66 TTT_WAIT target=3 elapsed=0s need=2s
UE 67 TTT_WAIT target=1 elapsed=0s need=2s
LM HO_FAIL_LOW_RSRP UE=70 currCell=4 candCell=5 candRsrp=-120.138 < min=-110
UE 71 TTT_WAIT target=1 elapsed=0s need=2s
UE 82 TTT_WAIT target=3 elapsed=0s need=2s
UE 87 TTT_WAIT target=6 elapsed=0s need=2s
UE 90 TTT_WAIT target=4 elapsed=0s need=2s
UE 102 TTT_WAIT target=3 elapsed=0s need=2s
UE 112 TTT_WAIT target=3 elapsed=0s need=2s
UAV_AUTONOMY_XAPP Time=34.5 DeploymentMode=tn-uav-satellite UavIndex=0 UavCellId=5 BestDonorCellId=1 BestDonorDistanceM=2483.76 XhaulConnected=1 XhaulChannelVariationDb=1.48981 RawXhaulState=UNREACHABLE RawXhaulStateAgeSec=30 XhaulState=UNREACHABLE DonorUnavailableActive=0 SatBackhaulHealthy=1 UavSwitchingXappAvailable=1 UavSwitchingXappState=AI_ACTIVE AiPredictedBackhaulMode=SATELLITE_FALLBACK BackhaulMode=SATELLITE_FALLBACK RicControlState=NEAR_RT_RIC_SWITCHING_TO_SATELLITE_BACKHAUL ActiveUavRic=TN_NEAR_RT_RIC NormalUeHandoverAllowed=1 UavMode=NEAR_RT_RIC_EMERGENCY_SWITCHING_WITH_SATELLITE_BACKHAUL
UAV_AUTONOMY_XAPP Time=34.5 DeploymentMode=tn-uav-satellite UavIndex=1 UavCellId=6 BestDonorCellId=4 BestDonorDistanceM=1293.57 XhaulConnected=1 XhaulChannelVariationDb=-0.447712 RawXhaulState=UNREACHABLE RawXhaulStateAgeSec=4 XhaulState=HEALTHY DonorUnavailableActive=0 SatBackhaulHealthy=1 UavSwitchingXappAvailable=1 UavSwitchingXappState=AI_ACTIVE AiPredictedBackhaulMode=TN_DIRECT BackhaulMode=TN_DIRECT RicControlState=TN_E2 ActiveUavRic=TN_NEAR_RT_RIC NormalUeHandoverAllowed=1 UavMode=TN_CONTROLLED_COVERAGE_EXTENSION
UAV_AUTONOMY_XAPP Time=34.5 DeploymentMode=tn-uav-satellite UavIndex=2 UavCellId=7 BestDonorCellId=2 BestDonorDistanceM=1621.18 XhaulConnected=1 XhaulChannelVariationDb=1.3569 RawXhaulState=UNREACHABLE RawXhaulStateAgeSec=14 XhaulState=UNREACHABLE DonorUnavailableActive=0 SatBackhaulHealthy=1 UavSwitchingXappAvailable=1 UavSwitchingXappState=AI_ACTIVE AiPredictedBackhaulMode=SATELLITE_FALLBACK BackhaulMode=SATELLITE_FALLBACK RicControlState=NEAR_RT_RIC_SWITCHING_TO_SATELLITE_BACKHAUL ActiveUavRic=TN_NEAR_RT_RIC NormalUeHandoverAllowed=1 UavMode=NEAR_RT_RIC_EMERGENCY_SWITCHING_WITH_SATELLITE_BACKHAUL
---- LOAD at t=34.5 ----
  cell 1 (TN) load=9/20
  cell 2 (TN) load=6/20
  cell 3 (TN) load=7/20
  cell 4 (TN) load=4/20
  cell 5 (NTN) load=10/15
  cell 6 (NTN) load=10/15
  cell 7 (NTN) load=2/15
LM HO_FAIL_LOW_RSRP UE=9 currCell=1 candCell=2 candRsrp=-112.82 < min=-110
UE 13 TTT_WAIT target=3 elapsed=0s need=2s
LM HO UE=20 rnti=56 3->1 type=TN servingRsrp=-120.142 targetRsrp=-83.62 targetLoadReal=9/20 targetLoadEff=9/20
UE 37 TTT_WAIT target=1 elapsed=0s need=2s
LM HO_FAIL_LOW_RSRP UE=41 currCell=2 candCell=7 candRsrp=-118.466 < min=-110
UE 42 TTT_WAIT target=5 elapsed=0s need=2s
UE 46 TTT_WAIT target=2 elapsed=0s need=2s
LM HO UE=47 rnti=12 2->1 type=TN servingRsrp=-115.321 targetRsrp=-98.0405 targetLoadReal=9/20 targetLoadEff=10/20
LM HO_FAIL_LOW_RSRP UE=55 currCell=1 candCell=6 candRsrp=-114.323 < min=-110
UE 60 TTT_WAIT target=1 elapsed=0s need=2s
LM HO UE=66 rnti=64 5->3 type=TN servingRsrp=-123.538 targetRsrp=-96.4949 targetLoadReal=7/20 targetLoadEff=7/20
UE 71 TTT_WAIT target=4 elapsed=0s need=2s
UE 77 TTT_WAIT target=4 elapsed=0s need=2s
UE 82 TTT_WAIT target=6 elapsed=0s need=2s
UE 90 TTT_WAIT target=2 elapsed=0s need=2s
TRACE HO_SUCCESS Time=34.6151 IMSI=46 TargetCell=1 Type=TN TargetRSRP=-105.893 ServingRSRP=-95.0615 BackhaulDlSnr=-999 BackhaulUlSnr=-999
TRACE HO_SUCCESS Time=34.6151 IMSI=19 TargetCell=1 Type=TN TargetRSRP=-111.317 ServingRSRP=-96.2946 BackhaulDlSnr=-999 BackhaulUlSnr=-999
TRACE HO_SUCCESS Time=34.6151 IMSI=65 TargetCell=3 Type=TN TargetRSRP=-136.246 ServingRSRP=-123.306 BackhaulDlSnr=-999 BackhaulUlSnr=-999
UAV_AUTONOMY_XAPP Time=36.5 DeploymentMode=tn-uav-satellite UavIndex=0 UavCellId=5 BestDonorCellId=3 BestDonorDistanceM=2676.51 XhaulConnected=1 XhaulChannelVariationDb=-3.8457 RawXhaulState=UNREACHABLE RawXhaulStateAgeSec=32 XhaulState=UNREACHABLE DonorUnavailableActive=0 SatBackhaulHealthy=1 UavSwitchingXappAvailable=1 UavSwitchingXappState=AI_ACTIVE AiPredictedBackhaulMode=SATELLITE_FALLBACK BackhaulMode=SATELLITE_FALLBACK RicControlState=NEAR_RT_RIC_SWITCHING_TO_SATELLITE_BACKHAUL ActiveUavRic=TN_NEAR_RT_RIC NormalUeHandoverAllowed=1 UavMode=NEAR_RT_RIC_EMERGENCY_SWITCHING_WITH_SATELLITE_BACKHAUL
UAV_AUTONOMY_XAPP Time=36.5 DeploymentMode=tn-uav-satellite UavIndex=1 UavCellId=6 BestDonorCellId=4 BestDonorDistanceM=1358.22 XhaulConnected=1 XhaulChannelVariationDb=-0.163872 RawXhaulState=UNREACHABLE RawXhaulStateAgeSec=6 XhaulState=UNREACHABLE DonorUnavailableActive=0 SatBackhaulHealthy=1 UavSwitchingXappAvailable=1 UavSwitchingXappState=AI_ACTIVE AiPredictedBackhaulMode=TN_DIRECT BackhaulMode=SATELLITE_FALLBACK RicControlState=NEAR_RT_RIC_SWITCHING_TO_SATELLITE_BACKHAUL ActiveUavRic=TN_NEAR_RT_RIC NormalUeHandoverAllowed=1 UavMode=NEAR_RT_RIC_EMERGENCY_SWITCHING_WITH_SATELLITE_BACKHAUL
UAV_AUTONOMY_XAPP Time=36.5 DeploymentMode=tn-uav-satellite UavIndex=2 UavCellId=7 BestDonorCellId=2 BestDonorDistanceM=1689.98 XhaulConnected=1 XhaulChannelVariationDb=-2.04926 RawXhaulState=UNREACHABLE RawXhaulStateAgeSec=16 XhaulState=UNREACHABLE DonorUnavailableActive=0 SatBackhaulHealthy=1 UavSwitchingXappAvailable=1 UavSwitchingXappState=AI_ACTIVE AiPredictedBackhaulMode=SATELLITE_FALLBACK BackhaulMode=SATELLITE_FALLBACK RicControlState=NEAR_RT_RIC_SWITCHING_TO_SATELLITE_BACKHAUL ActiveUavRic=TN_NEAR_RT_RIC NormalUeHandoverAllowed=1 UavMode=NEAR_RT_RIC_EMERGENCY_SWITCHING_WITH_SATELLITE_BACKHAUL
---- LOAD at t=36.5 ----
  cell 1 (TN) load=11/20
  cell 2 (TN) load=5/20
  cell 3 (TN) load=7/20
  cell 4 (TN) load=4/20
  cell 5 (NTN) load=9/15
  cell 6 (NTN) load=10/15
  cell 7 (NTN) load=2/15
UE 9 TTT_WAIT target=3 elapsed=0s need=2s
UE 13 TTT_WAIT target=2 elapsed=0s need=2s
UE 14 TTT_WAIT target=3 elapsed=0s need=2s
UE 33 TTT_WAIT target=7 elapsed=0s need=2s
LM HO_FAIL_LOW_RSRP UE=37 currCell=2 candCell=3 candRsrp=-110.605 < min=-110
UE 38 TTT_WAIT target=2 elapsed=0s need=2s
LM HO_FAIL_LOW_RSRP UE=42 currCell=6 candCell=7 candRsrp=-116.476 < min=-110
UE 45 TTT_WAIT target=1 elapsed=0s need=2s
UE 47 TTT_WAIT target=2 elapsed=0s need=2s
UE 48 TTT_WAIT target=7 elapsed=0s need=2s
UE 49 TTT_WAIT target=1 elapsed=0s need=2s
UE 55 TTT_WAIT target=4 elapsed=0s need=2s
UE 58 TTT_WAIT target=3 elapsed=0s need=2s
LM HO_FAIL_LOW_RSRP UE=60 currCell=3 candCell=5 candRsrp=-122.947 < min=-110
UE 61 TTT_WAIT target=4 elapsed=0s need=2s
UE 66 TTT_WAIT target=1 elapsed=0s need=2s
UE 70 TTT_WAIT target=5 elapsed=0s need=2s
UE 71 TTT_WAIT target=1 elapsed=0s need=2s
UE 77 TTT_WAIT target=7 elapsed=0s need=2s
UE 82 TTT_WAIT target=2 elapsed=0s need=2s
UE 83 TTT_WAIT target=3 elapsed=0s need=2s
UE 85 TTT_WAIT target=4 elapsed=0s need=2s
UE 87 TTT_WAIT target=1 elapsed=0s need=2s
UE 90 TTT_WAIT target=1 elapsed=0s need=2s
LM HO_FAIL_LOW_RSRP UE=102 currCell=7 candCell=5 candRsrp=-129.721 < min=-110
UAV_AUTONOMY_XAPP Time=38.5 DeploymentMode=tn-uav-satellite UavIndex=0 UavCellId=5 BestDonorCellId=1 BestDonorDistanceM=2623.33 XhaulConnected=1 XhaulChannelVariationDb=4.33644 RawXhaulState=UNREACHABLE RawXhaulStateAgeSec=34 XhaulState=UNREACHABLE DonorUnavailableActive=0 SatBackhaulHealthy=1 UavSwitchingXappAvailable=1 UavSwitchingXappState=AI_ACTIVE AiPredictedBackhaulMode=SATELLITE_FALLBACK BackhaulMode=SATELLITE_FALLBACK RicControlState=NEAR_RT_RIC_SWITCHING_TO_SATELLITE_BACKHAUL ActiveUavRic=TN_NEAR_RT_RIC NormalUeHandoverAllowed=1 UavMode=NEAR_RT_RIC_EMERGENCY_SWITCHING_WITH_SATELLITE_BACKHAUL
UAV_AUTONOMY_XAPP Time=38.5 DeploymentMode=tn-uav-satellite UavIndex=1 UavCellId=6 BestDonorCellId=4 BestDonorDistanceM=1423.36 XhaulConnected=1 XhaulChannelVariationDb=2.52106 RawXhaulState=UNREACHABLE RawXhaulStateAgeSec=8 XhaulState=UNREACHABLE DonorUnavailableActive=0 SatBackhaulHealthy=1 UavSwitchingXappAvailable=1 UavSwitchingXappState=AI_ACTIVE AiPredictedBackhaulMode=SATELLITE_FALLBACK BackhaulMode=SATELLITE_FALLBACK RicControlState=NEAR_RT_RIC_SWITCHING_TO_SATELLITE_BACKHAUL ActiveUavRic=TN_NEAR_RT_RIC NormalUeHandoverAllowed=1 UavMode=NEAR_RT_RIC_EMERGENCY_SWITCHING_WITH_SATELLITE_BACKHAUL
UAV_AUTONOMY_XAPP Time=38.5 DeploymentMode=tn-uav-satellite UavIndex=2 UavCellId=7 BestDonorCellId=2 BestDonorDistanceM=1758.87 XhaulConnected=1 XhaulChannelVariationDb=-4.44142 RawXhaulState=UNREACHABLE RawXhaulStateAgeSec=18 XhaulState=UNREACHABLE DonorUnavailableActive=0 SatBackhaulHealthy=1 UavSwitchingXappAvailable=1 UavSwitchingXappState=AI_ACTIVE AiPredictedBackhaulMode=SATELLITE_FALLBACK BackhaulMode=SATELLITE_FALLBACK RicControlState=NEAR_RT_RIC_SWITCHING_TO_SATELLITE_BACKHAUL ActiveUavRic=TN_NEAR_RT_RIC NormalUeHandoverAllowed=1 UavMode=NEAR_RT_RIC_EMERGENCY_SWITCHING_WITH_SATELLITE_BACKHAUL
---- LOAD at t=38.5 ----
  cell 1 (TN) load=11/20
  cell 2 (TN) load=5/20
  cell 3 (TN) load=8/20
  cell 4 (TN) load=4/20
  cell 5 (NTN) load=10/15
  cell 6 (NTN) load=11/15
  cell 7 (NTN) load=2/15
UE 9 TTT_WAIT target=2 elapsed=0s need=2s
UE 13 TTT_WAIT target=7 elapsed=0s need=2s
LM HO_FAIL_LOW_RSRP UE=14 currCell=5 candCell=6 candRsrp=-120.283 < min=-110
UE 20 TTT_WAIT target=2 elapsed=0s need=2s
UE 24 TTT_WAIT target=3 elapsed=0s need=2s
UE 26 TTT_WAIT target=2 elapsed=0s need=2s
LM HO_FAIL_LOW_RSRP UE=35 currCell=5 candCell=7 candRsrp=-110.372 < min=-110
UE 41 TTT_WAIT target=4 elapsed=0s need=2s
LM HO UE=45 rnti=30 2->1 type=TN servingRsrp=-114.814 targetRsrp=-84.6873 targetLoadReal=11/20 targetLoadEff=11/20
LM HO_FAIL_LOW_RSRP UE=60 currCell=3 candCell=5 candRsrp=-124.529 < min=-110
UE 61 TTT_WAIT target=3 elapsed=0s need=2s
LM HO_FAIL_LOW_RSRP UE=66 currCell=3 candCell=5 candRsrp=-110.86 < min=-110
UE 67 TTT_WAIT target=3 elapsed=0s need=2s
UE 70 TTT_WAIT target=6 elapsed=0s need=2s
LM HO UE=71 rnti=14 2->1 type=TN servingRsrp=-119.054 targetRsrp=-89.8007 targetLoadReal=11/20 targetLoadEff=12/20
UE 79 TTT_WAIT target=7 elapsed=0s need=2s
LM HO_FAIL_LOW_RSRP UE=82 currCell=4 candCell=3 candRsrp=-120.48 < min=-110
LM HO UE=83 rnti=96 5->3 type=TN servingRsrp=-119.681 targetRsrp=-103.887 targetLoadReal=8/20 targetLoadEff=8/20
LM HO_FAIL_LOW_RSRP UE=85 currCell=6 candCell=5 candRsrp=-116.179 < min=-110
UE 102 TTT_WAIT target=4 elapsed=0s need=2s
UE 112 TTT_WAIT target=7 elapsed=0s need=2s
TRACE HO_SUCCESS Time=38.6151 IMSI=70 TargetCell=1 Type=TN TargetRSRP=-122.732 ServingRSRP=-114.499 BackhaulDlSnr=-999 BackhaulUlSnr=-999
TRACE HO_SUCCESS Time=38.6151 IMSI=44 TargetCell=1 Type=TN TargetRSRP=-101.388 ServingRSRP=-101.718 BackhaulDlSnr=-999 BackhaulUlSnr=-999
TRACE HO_SUCCESS Time=38.6151 IMSI=82 TargetCell=3 Type=TN TargetRSRP=-97.4407 ServingRSRP=-111.896 BackhaulDlSnr=-999 BackhaulUlSnr=-999
UAV_AUTONOMY_XAPP Time=40.5 DeploymentMode=tn-uav-satellite UavIndex=0 UavCellId=5 BestDonorCellId=1 BestDonorDistanceM=2693.12 XhaulConnected=1 XhaulChannelVariationDb=-1.7948 RawXhaulState=UNREACHABLE RawXhaulStateAgeSec=36 XhaulState=UNREACHABLE DonorUnavailableActive=0 SatBackhaulHealthy=1 UavSwitchingXappAvailable=1 UavSwitchingXappState=AI_ACTIVE AiPredictedBackhaulMode=SATELLITE_FALLBACK BackhaulMode=SATELLITE_FALLBACK RicControlState=NEAR_RT_RIC_SWITCHING_TO_SATELLITE_BACKHAUL ActiveUavRic=TN_NEAR_RT_RIC NormalUeHandoverAllowed=1 UavMode=NEAR_RT_RIC_EMERGENCY_SWITCHING_WITH_SATELLITE_BACKHAUL
UAV_AUTONOMY_XAPP Time=40.5 DeploymentMode=tn-uav-satellite UavIndex=1 UavCellId=6 BestDonorCellId=4 BestDonorDistanceM=1488.93 XhaulConnected=1 XhaulChannelVariationDb=-1.15315 RawXhaulState=UNREACHABLE RawXhaulStateAgeSec=10 XhaulState=UNREACHABLE DonorUnavailableActive=0 SatBackhaulHealthy=1 UavSwitchingXappAvailable=1 UavSwitchingXappState=AI_ACTIVE AiPredictedBackhaulMode=SATELLITE_FALLBACK BackhaulMode=SATELLITE_FALLBACK RicControlState=NEAR_RT_RIC_SWITCHING_TO_SATELLITE_BACKHAUL ActiveUavRic=TN_NEAR_RT_RIC NormalUeHandoverAllowed=1 UavMode=NEAR_RT_RIC_EMERGENCY_SWITCHING_WITH_SATELLITE_BACKHAUL
UAV_AUTONOMY_XAPP Time=40.5 DeploymentMode=tn-uav-satellite UavIndex=2 UavCellId=7 BestDonorCellId=2 BestDonorDistanceM=1827.85 XhaulConnected=1 XhaulChannelVariationDb=1.00142 RawXhaulState=UNREACHABLE RawXhaulStateAgeSec=20 XhaulState=UNREACHABLE DonorUnavailableActive=0 SatBackhaulHealthy=1 UavSwitchingXappAvailable=1 UavSwitchingXappState=AI_ACTIVE AiPredictedBackhaulMode=SATELLITE_FALLBACK BackhaulMode=SATELLITE_FALLBACK RicControlState=NEAR_RT_RIC_SWITCHING_TO_SATELLITE_BACKHAUL ActiveUavRic=TN_NEAR_RT_RIC NormalUeHandoverAllowed=1 UavMode=NEAR_RT_RIC_EMERGENCY_SWITCHING_WITH_SATELLITE_BACKHAUL
---- LOAD at t=40.5 ----
  cell 1 (TN) load=13/20
  cell 2 (TN) load=3/20
  cell 3 (TN) load=9/20
  cell 4 (TN) load=5/20
  cell 5 (NTN) load=10/15
  cell 6 (NTN) load=11/15
  cell 7 (NTN) load=2/15
LM HO UE=9 rnti=45 1->2 type=TN servingRsrp=-117.467 targetRsrp=-88.4494 targetLoadReal=3/20 targetLoadEff=3/20
UE 13 TTT_WAIT target=3 elapsed=0s need=2s
UE 20 TTT_WAIT target=6 elapsed=0s need=2s
UE 24 TTT_WAIT target=2 elapsed=0s need=2s
LM HO_FAIL_LOW_RSRP UE=26 currCell=3 candCell=7 candRsrp=-129.663 < min=-110
UE 33 TTT_WAIT target=2 elapsed=0s need=2s
UE 37 TTT_WAIT target=3 elapsed=0s need=2s
UE 46 TTT_WAIT target=5 elapsed=0s need=2s
UE 49 TTT_WAIT target=1 elapsed=0s need=2s
LM HO_FAIL_LOW_RSRP UE=55 currCell=1 candCell=6 candRsrp=-134.277 < min=-110
UE 57 TTT_WAIT target=3 elapsed=0s need=2s
UE 58 TTT_WAIT target=1 elapsed=0s need=2s
LM HO_FAIL_LOW_RSRP UE=60 currCell=3 candCell=2 candRsrp=-117.379 < min=-110
UE 61 TTT_WAIT target=4 elapsed=0s need=2s
UE 66 TTT_WAIT target=5 elapsed=0s need=2s
LM HO UE=67 rnti=39 5->3 type=TN servingRsrp=-123.572 targetRsrp=-87.3301 targetLoadReal=9/20 targetLoadEff=9/20
UE 71 TTT_WAIT target=3 elapsed=0s need=2s
UE 72 TTT_WAIT target=2 elapsed=0s need=2s
LM HO_FAIL_LOW_RSRP UE=80 currCell=3 candCell=6 candRsrp=-119.777 < min=-110
UE 82 TTT_WAIT target=6 elapsed=0s need=2s
LM HO_FAIL_LOW_RSRP UE=83 currCell=3 candCell=5 candRsrp=-119.973 < min=-110
UE 84 TTT_WAIT target=5 elapsed=0s need=2s
UE 85 TTT_WAIT target=4 elapsed=0s need=2s
UE 90 TTT_WAIT target=2 elapsed=0s need=2s
TRACE HO_SUCCESS Time=40.6151 IMSI=8 TargetCell=2 Type=TN TargetRSRP=-111.479 ServingRSRP=-95.6322 BackhaulDlSnr=-999 BackhaulUlSnr=-999
TRACE HO_SUCCESS Time=40.6151 IMSI=66 TargetCell=3 Type=TN TargetRSRP=-118.966 ServingRSRP=-114.971 BackhaulDlSnr=-999 BackhaulUlSnr=-999
UAV_AUTONOMY_XAPP Time=42.5 DeploymentMode=tn-uav-satellite UavIndex=0 UavCellId=5 BestDonorCellId=1 BestDonorDistanceM=2762.92 XhaulConnected=1 XhaulChannelVariationDb=-3.00778 RawXhaulState=UNREACHABLE RawXhaulStateAgeSec=38 XhaulState=UNREACHABLE DonorUnavailableActive=0 SatBackhaulHealthy=1 UavSwitchingXappAvailable=1 UavSwitchingXappState=AI_ACTIVE AiPredictedBackhaulMode=SATELLITE_FALLBACK BackhaulMode=SATELLITE_FALLBACK RicControlState=NEAR_RT_RIC_SWITCHING_TO_SATELLITE_BACKHAUL ActiveUavRic=TN_NEAR_RT_RIC NormalUeHandoverAllowed=1 UavMode=NEAR_RT_RIC_EMERGENCY_SWITCHING_WITH_SATELLITE_BACKHAUL
UAV_AUTONOMY_XAPP Time=42.5 DeploymentMode=tn-uav-satellite UavIndex=1 UavCellId=6 BestDonorCellId=4 BestDonorDistanceM=1554.87 XhaulConnected=1 XhaulChannelVariationDb=1.42404 RawXhaulState=UNREACHABLE RawXhaulStateAgeSec=12 XhaulState=UNREACHABLE DonorUnavailableActive=0 SatBackhaulHealthy=1 UavSwitchingXappAvailable=1 UavSwitchingXappState=AI_ACTIVE AiPredictedBackhaulMode=SATELLITE_FALLBACK BackhaulMode=SATELLITE_FALLBACK RicControlState=NEAR_RT_RIC_SWITCHING_TO_SATELLITE_BACKHAUL ActiveUavRic=TN_NEAR_RT_RIC NormalUeHandoverAllowed=1 UavMode=NEAR_RT_RIC_EMERGENCY_SWITCHING_WITH_SATELLITE_BACKHAUL
UAV_AUTONOMY_XAPP Time=42.5 DeploymentMode=tn-uav-satellite UavIndex=2 UavCellId=7 BestDonorCellId=4 BestDonorDistanceM=1870.64 XhaulConnected=1 XhaulChannelVariationDb=0.383695 RawXhaulState=UNREACHABLE RawXhaulStateAgeSec=22 XhaulState=UNREACHABLE DonorUnavailableActive=0 SatBackhaulHealthy=1 UavSwitchingXappAvailable=1 UavSwitchingXappState=AI_ACTIVE AiPredictedBackhaulMode=SATELLITE_FALLBACK BackhaulMode=SATELLITE_FALLBACK RicControlState=NEAR_RT_RIC_SWITCHING_TO_SATELLITE_BACKHAUL ActiveUavRic=TN_NEAR_RT_RIC NormalUeHandoverAllowed=1 UavMode=NEAR_RT_RIC_EMERGENCY_SWITCHING_WITH_SATELLITE_BACKHAUL
---- LOAD at t=42.5 ----
  cell 1 (TN) load=12/20
  cell 2 (TN) load=4/20
  cell 3 (TN) load=10/20
  cell 4 (TN) load=5/20
  cell 5 (NTN) load=9/15
  cell 6 (NTN) load=11/15
  cell 7 (NTN) load=3/15
UE 9 TTT_WAIT target=3 elapsed=0s need=2s
LM HO_FAIL_LOW_RSRP UE=14 currCell=5 candCell=7 candRsrp=-120.096 < min=-110
UE 17 TTT_WAIT target=5 elapsed=0s need=2s
UE 23 TTT_WAIT target=3 elapsed=0s need=2s
UE 24 TTT_WAIT target=3 elapsed=0s need=2s
UE 26 TTT_WAIT target=2 elapsed=0s need=2s
UE 35 TTT_WAIT target=1 elapsed=0s need=2s
UE 37 TTT_WAIT target=6 elapsed=0s need=2s
UE 38 TTT_WAIT target=3 elapsed=0s need=2s
UE 41 TTT_WAIT target=6 elapsed=0s need=2s
UE 45 TTT_WAIT target=3 elapsed=0s need=2s
UE 55 TTT_WAIT target=4 elapsed=0s need=2s
UE 56 TTT_WAIT target=3 elapsed=0s need=2s
UE 58 TTT_WAIT target=3 elapsed=0s need=2s
LM HO_FAIL_LOW_RSRP UE=60 currCell=3 candCell=1 candRsrp=-115.182 < min=-110
LM HO UE=61 rnti=64 6->4 type=TN servingRsrp=-117.509 targetRsrp=-98.8038 targetLoadReal=5/20 targetLoadEff=5/20
UE 62 TTT_WAIT target=3 elapsed=0s need=2s
UE 64 TTT_WAIT target=4 elapsed=0s need=2s
LM HO_FAIL_LOW_RSRP UE=66 currCell=3 candCell=1 candRsrp=-125.972 < min=-110
LM HO_FAIL_LOW_RSRP UE=67 currCell=3 candCell=2 candRsrp=-111.593 < min=-110
UE 71 TTT_WAIT target=2 elapsed=0s need=2s
LM HO_FAIL_LOW_RSRP UE=75 currCell=3 candCell=2 candRsrp=-115.033 < min=-110
UE 80 TTT_WAIT target=1 elapsed=0s need=2s
LM HO_FAIL_LOW_RSRP UE=83 currCell=3 candCell=1 candRsrp=-110.411 < min=-110
UE 84 TTT_WAIT target=2 elapsed=0s need=2s
UE 85 TTT_WAIT target=3 elapsed=0s need=2s
LM HO UE=90 rnti=48 7->2 type=TN servingRsrp=-118.617 targetRsrp=-106.608 targetLoadReal=4/20 targetLoadEff=4/20
UE 102 TTT_WAIT target=1 elapsed=0s need=2s
LM HO_FAIL_LOW_RSRP UE=112 currCell=5 candCell=7 candRsrp=-110.074 < min=-110
TRACE HO_SUCCESS Time=42.6151 IMSI=89 TargetCell=2 Type=TN TargetRSRP=-106.963 ServingRSRP=-90.6364 BackhaulDlSnr=-999 BackhaulUlSnr=-999
TRACE HO_SUCCESS Time=42.6151 IMSI=60 TargetCell=4 Type=TN TargetRSRP=-121.855 ServingRSRP=-82.8231 BackhaulDlSnr=-999 BackhaulUlSnr=-999
UAV_AUTONOMY_XAPP Time=44.5 DeploymentMode=tn-uav-satellite UavIndex=0 UavCellId=5 BestDonorCellId=3 BestDonorDistanceM=2949.68 XhaulConnected=1 XhaulChannelVariationDb=2.49687 RawXhaulState=UNREACHABLE RawXhaulStateAgeSec=40 XhaulState=UNREACHABLE DonorUnavailableActive=0 SatBackhaulHealthy=1 UavSwitchingXappAvailable=1 UavSwitchingXappState=AI_ACTIVE AiPredictedBackhaulMode=SATELLITE_FALLBACK BackhaulMode=SATELLITE_FALLBACK RicControlState=NEAR_RT_RIC_SWITCHING_TO_SATELLITE_BACKHAUL ActiveUavRic=TN_NEAR_RT_RIC NormalUeHandoverAllowed=1 UavMode=NEAR_RT_RIC_EMERGENCY_SWITCHING_WITH_SATELLITE_BACKHAUL
UAV_AUTONOMY_XAPP Time=44.5 DeploymentMode=tn-uav-satellite UavIndex=1 UavCellId=6 BestDonorCellId=4 BestDonorDistanceM=1621.13 XhaulConnected=1 XhaulChannelVariationDb=-1.83449 RawXhaulState=UNREACHABLE RawXhaulStateAgeSec=14 XhaulState=UNREACHABLE DonorUnavailableActive=0 SatBackhaulHealthy=1 UavSwitchingXappAvailable=1 UavSwitchingXappState=AI_ACTIVE AiPredictedBackhaulMode=SATELLITE_FALLBACK BackhaulMode=SATELLITE_FALLBACK RicControlState=NEAR_RT_RIC_SWITCHING_TO_SATELLITE_BACKHAUL ActiveUavRic=TN_NEAR_RT_RIC NormalUeHandoverAllowed=1 UavMode=NEAR_RT_RIC_EMERGENCY_SWITCHING_WITH_SATELLITE_BACKHAUL
UAV_AUTONOMY_XAPP Time=44.5 DeploymentMode=tn-uav-satellite UavIndex=2 UavCellId=7 BestDonorCellId=2 BestDonorDistanceM=1966.02 XhaulConnected=1 XhaulChannelVariationDb=-2.73288 RawXhaulState=UNREACHABLE RawXhaulStateAgeSec=24 XhaulState=UNREACHABLE DonorUnavailableActive=0 SatBackhaulHealthy=1 UavSwitchingXappAvailable=1 UavSwitchingXappState=AI_ACTIVE AiPredictedBackhaulMode=SATELLITE_FALLBACK BackhaulMode=SATELLITE_FALLBACK RicControlState=NEAR_RT_RIC_SWITCHING_TO_SATELLITE_BACKHAUL ActiveUavRic=TN_NEAR_RT_RIC NormalUeHandoverAllowed=1 UavMode=NEAR_RT_RIC_EMERGENCY_SWITCHING_WITH_SATELLITE_BACKHAUL
---- LOAD at t=44.5 ----
  cell 1 (TN) load=12/20
  cell 2 (TN) load=5/20
  cell 3 (TN) load=10/20
  cell 4 (TN) load=6/20
  cell 5 (NTN) load=9/15
  cell 6 (NTN) load=10/15
  cell 7 (NTN) load=2/15
UE 13 TTT_WAIT target=2 elapsed=0s need=2s
UE 20 TTT_WAIT target=3 elapsed=0s need=2s
LM HO UE=24 rnti=44 1->3 type=TN servingRsrp=-109.201 targetRsrp=-90.9214 targetLoadReal=10/20 targetLoadEff=10/20
LM HO_FAIL_LOW_RSRP UE=26 currCell=3 candCell=2 candRsrp=-118.034 < min=-110
UE 33 TTT_WAIT target=3 elapsed=0s need=2s
UE 34 TTT_WAIT target=7 elapsed=0s need=2s
UE 35 TTT_WAIT target=2 elapsed=0s need=2s
LM HO_FAIL_LOW_RSRP UE=37 currCell=2 candCell=7 candRsrp=-127.985 < min=-110
UE 39 TTT_WAIT target=4 elapsed=0s need=2s
UE 41 TTT_WAIT target=4 elapsed=0s need=2s
UE 45 TTT_WAIT target=7 elapsed=0s need=2s
UE 46 TTT_WAIT target=3 elapsed=0s need=2s
UE 48 TTT_WAIT target=7 elapsed=0s need=2s
UE 49 TTT_WAIT target=2 elapsed=0s need=2s
LM HO UE=55 rnti=46 1->4 type=TN servingRsrp=-103.156 targetRsrp=-78.5787 targetLoadReal=6/20 targetLoadEff=6/20
UE 57 TTT_WAIT target=3 elapsed=0s need=2s
UE 60 TTT_WAIT target=5 elapsed=0s need=2s
UE 61 TTT_WAIT target=2 elapsed=0s need=2s
UE 62 TTT_WAIT target=2 elapsed=0s need=2s
LM HO_FAIL_LOW_RSRP UE=66 currCell=3 candCell=1 candRsrp=-115.328 < min=-110
UE 67 TTT_WAIT target=5 elapsed=0s need=2s
UE 70 TTT_WAIT target=2 elapsed=0s need=2s
LM HO_FAIL_LOW_RSRP UE=72 currCell=5 candCell=6 candRsrp=-111.486 < min=-110
UE 75 TTT_WAIT target=7 elapsed=0s need=2s
LM HO_FAIL_LOW_RSRP UE=79 currCell=6 candCell=7 candRsrp=-126.326 < min=-110
UE 83 TTT_WAIT target=7 elapsed=0s need=2s
LM HO UE=84 rnti=47 1->2 type=TN servingRsrp=-80.1908 targetRsrp=-75.2828 targetLoadReal=5/20 targetLoadEff=5/20
UE 90 TTT_WAIT target=3 elapsed=0s need=2s
UE 112 TTT_WAIT target=2 elapsed=0s need=2s
TRACE HO_SUCCESS Time=44.6151 IMSI=83 TargetCell=2 Type=TN TargetRSRP=-112.409 ServingRSRP=-96.0293 BackhaulDlSnr=-999 BackhaulUlSnr=-999
TRACE HO_SUCCESS Time=44.6151 IMSI=23 TargetCell=3 Type=TN TargetRSRP=-111.742 ServingRSRP=-87.3658 BackhaulDlSnr=-999 BackhaulUlSnr=-999
TRACE HO_SUCCESS Time=44.6151 IMSI=54 TargetCell=4 Type=TN TargetRSRP=-108.019 ServingRSRP=-101.658 BackhaulDlSnr=-999 BackhaulUlSnr=-999
UAV_AUTONOMY_XAPP Time=46.5 DeploymentMode=tn-uav-satellite UavIndex=0 UavCellId=5 BestDonorCellId=1 BestDonorDistanceM=2902.53 XhaulConnected=1 XhaulChannelVariationDb=-1.54565 RawXhaulState=UNREACHABLE RawXhaulStateAgeSec=42 XhaulState=UNREACHABLE DonorUnavailableActive=0 SatBackhaulHealthy=1 UavSwitchingXappAvailable=1 UavSwitchingXappState=AI_ACTIVE AiPredictedBackhaulMode=SATELLITE_FALLBACK BackhaulMode=SATELLITE_FALLBACK RicControlState=NEAR_RT_RIC_SWITCHING_TO_SATELLITE_BACKHAUL ActiveUavRic=TN_NEAR_RT_RIC NormalUeHandoverAllowed=1 UavMode=NEAR_RT_RIC_EMERGENCY_SWITCHING_WITH_SATELLITE_BACKHAUL
UAV_AUTONOMY_XAPP Time=46.5 DeploymentMode=tn-uav-satellite UavIndex=1 UavCellId=6 BestDonorCellId=4 BestDonorDistanceM=1687.68 XhaulConnected=1 XhaulChannelVariationDb=0.503886 RawXhaulState=UNREACHABLE RawXhaulStateAgeSec=16 XhaulState=UNREACHABLE DonorUnavailableActive=0 SatBackhaulHealthy=1 UavSwitchingXappAvailable=1 UavSwitchingXappState=AI_ACTIVE AiPredictedBackhaulMode=SATELLITE_FALLBACK BackhaulMode=SATELLITE_FALLBACK RicControlState=NEAR_RT_RIC_SWITCHING_TO_SATELLITE_BACKHAUL ActiveUavRic=TN_NEAR_RT_RIC NormalUeHandoverAllowed=1 UavMode=NEAR_RT_RIC_EMERGENCY_SWITCHING_WITH_SATELLITE_BACKHAUL
UAV_AUTONOMY_XAPP Time=46.5 DeploymentMode=tn-uav-satellite UavIndex=2 UavCellId=7 BestDonorCellId=4 BestDonorDistanceM=1905.03 XhaulConnected=1 XhaulChannelVariationDb=1.18815 RawXhaulState=UNREACHABLE RawXhaulStateAgeSec=26 XhaulState=UNREACHABLE DonorUnavailableActive=0 SatBackhaulHealthy=1 UavSwitchingXappAvailable=1 UavSwitchingXappState=AI_ACTIVE AiPredictedBackhaulMode=SATELLITE_FALLBACK BackhaulMode=SATELLITE_FALLBACK RicControlState=NEAR_RT_RIC_SWITCHING_TO_SATELLITE_BACKHAUL ActiveUavRic=TN_NEAR_RT_RIC NormalUeHandoverAllowed=1 UavMode=NEAR_RT_RIC_EMERGENCY_SWITCHING_WITH_SATELLITE_BACKHAUL
---- LOAD at t=46.5 ----
  cell 1 (TN) load=9/20
  cell 2 (TN) load=6/20
  cell 3 (TN) load=11/20
  cell 4 (TN) load=7/20
  cell 5 (NTN) load=9/15
  cell 6 (NTN) load=10/15
  cell 7 (NTN) load=2/15
LM HO_FAIL_LOW_RSRP UE=9 currCell=2 candCell=4 candRsrp=-114.442 < min=-110
LM HO UE=13 rnti=36 1->2 type=TN servingRsrp=-75.1899 targetRsrp=-69.3538 targetLoadReal=6/20 targetLoadEff=6/20
UE 15 TTT_WAIT target=5 elapsed=0s need=2s
UE 24 TTT_WAIT target=1 elapsed=0s need=2s
UE 26 TTT_WAIT target=1 elapsed=0s need=2s
UE 33 TTT_WAIT target=2 elapsed=0s need=2s
UE 34 TTT_WAIT target=4 elapsed=0s need=2s
LM HO_FAIL_LOW_RSRP UE=37 currCell=2 candCell=6 candRsrp=-113.166 < min=-110
UE 41 TTT_WAIT target=1 elapsed=0s need=2s
LM HO UE=45 rnti=50 1->7 type=NTN servingRsrp=-106.671 targetRsrp=-94.668 targetLoadReal=2/15 targetLoadEff=2/15
UE 47 TTT_WAIT target=2 elapsed=0s need=2s
UE 48 TTT_WAIT target=4 elapsed=0s need=2s
UE 55 TTT_WAIT target=1 elapsed=0s need=2s
UE 58 TTT_WAIT target=3 elapsed=0s need=2s
UE 60 TTT_WAIT target=2 elapsed=0s need=2s
LM HO_FAIL_LOW_RSRP UE=61 currCell=4 candCell=6 candRsrp=-118.457 < min=-110
UE 62 TTT_WAIT target=1 elapsed=0s need=2s
UE 64 TTT_WAIT target=4 elapsed=0s need=2s
LM HO_FAIL_LOW_RSRP UE=66 currCell=3 candCell=2 candRsrp=-128.251 < min=-110
LM HO_FAIL_LOW_RSRP UE=67 currCell=3 candCell=2 candRsrp=-116.583 < min=-110
LM HO UE=70 rnti=16 4->2 type=TN servingRsrp=-112.324 targetRsrp=-105.655 targetLoadReal=6/20 targetLoadEff=7/20
LM HO_FAIL_LOW_RSRP UE=71 currCell=1 candCell=2 candRsrp=-113.228 < min=-110
UE 75 TTT_WAIT target=2 elapsed=0s need=2s
UE 79 TTT_WAIT target=1 elapsed=0s need=2s
UE 84 TTT_WAIT target=1 elapsed=0s need=2s
UE 90 TTT_WAIT target=1 elapsed=0s need=2s
UE 93 TTT_WAIT target=2 elapsed=0s need=2s
UE 102 TTT_WAIT target=3 elapsed=0s need=2s
UE 112 TTT_WAIT target=1 elapsed=0s need=2s
TRACE HO_SUCCESS Time=46.6151 IMSI=12 TargetCell=2 Type=TN TargetRSRP=-106.39 ServingRSRP=-83.4186 BackhaulDlSnr=-999 BackhaulUlSnr=-999
TRACE HO_SUCCESS Time=46.6151 IMSI=69 TargetCell=2 Type=TN TargetRSRP=-100.291 ServingRSRP=-105.365 BackhaulDlSnr=-999 BackhaulUlSnr=-999
TRACE HO_SUCCESS Time=46.6151 IMSI=44 TargetCell=7 Type=NTN TargetRSRP=-129.712 ServingRSRP=-80.0789 BackhaulDlSnr=11.7381 BackhaulUlSnr=7.21746
UAV_AUTONOMY_XAPP Time=48.5 DeploymentMode=tn-uav-satellite UavIndex=0 UavCellId=5 BestDonorCellId=1 BestDonorDistanceM=2972.33 XhaulConnected=1 XhaulChannelVariationDb=0.346395 RawXhaulState=UNREACHABLE RawXhaulStateAgeSec=44 XhaulState=UNREACHABLE DonorUnavailableActive=0 SatBackhaulHealthy=1 UavSwitchingXappAvailable=1 UavSwitchingXappState=AI_ACTIVE AiPredictedBackhaulMode=SATELLITE_FALLBACK BackhaulMode=SATELLITE_FALLBACK RicControlState=NEAR_RT_RIC_SWITCHING_TO_SATELLITE_BACKHAUL ActiveUavRic=TN_NEAR_RT_RIC NormalUeHandoverAllowed=1 UavMode=NEAR_RT_RIC_EMERGENCY_SWITCHING_WITH_SATELLITE_BACKHAUL
UAV_AUTONOMY_XAPP Time=48.5 DeploymentMode=tn-uav-satellite UavIndex=1 UavCellId=6 BestDonorCellId=4 BestDonorDistanceM=1754.49 XhaulConnected=1 XhaulChannelVariationDb=-2.42649 RawXhaulState=UNREACHABLE RawXhaulStateAgeSec=18 XhaulState=UNREACHABLE DonorUnavailableActive=0 SatBackhaulHealthy=1 UavSwitchingXappAvailable=1 UavSwitchingXappState=AI_ACTIVE AiPredictedBackhaulMode=SATELLITE_FALLBACK BackhaulMode=SATELLITE_FALLBACK RicControlState=NEAR_RT_RIC_SWITCHING_TO_SATELLITE_BACKHAUL ActiveUavRic=TN_NEAR_RT_RIC NormalUeHandoverAllowed=1 UavMode=NEAR_RT_RIC_EMERGENCY_SWITCHING_WITH_SATELLITE_BACKHAUL
UAV_AUTONOMY_XAPP Time=48.5 DeploymentMode=tn-uav-satellite UavIndex=2 UavCellId=7 BestDonorCellId=4 BestDonorDistanceM=1925.68 XhaulConnected=1 XhaulChannelVariationDb=0.261864 RawXhaulState=UNREACHABLE RawXhaulStateAgeSec=28 XhaulState=UNREACHABLE DonorUnavailableActive=0 SatBackhaulHealthy=1 UavSwitchingXappAvailable=1 UavSwitchingXappState=AI_ACTIVE AiPredictedBackhaulMode=SATELLITE_FALLBACK BackhaulMode=SATELLITE_FALLBACK RicControlState=NEAR_RT_RIC_SWITCHING_TO_SATELLITE_BACKHAUL ActiveUavRic=TN_NEAR_RT_RIC NormalUeHandoverAllowed=1 UavMode=NEAR_RT_RIC_EMERGENCY_SWITCHING_WITH_SATELLITE_BACKHAUL
---- LOAD at t=48.5 ----
  cell 1 (TN) load=7/20
  cell 2 (TN) load=8/20
  cell 3 (TN) load=11/20
  cell 4 (TN) load=7/20
  cell 5 (NTN) load=9/15
  cell 6 (NTN) load=10/15
  cell 7 (NTN) load=3/15
UE 9 TTT_WAIT target=1 elapsed=0s need=2s
UE 13 TTT_WAIT target=1 elapsed=0s need=2s
UE 15 TTT_WAIT target=1 elapsed=0s need=2s
LM HO_FAIL_LOW_RSRP UE=17 currCell=6 candCell=5 candRsrp=-115.77 < min=-110
UE 20 TTT_WAIT target=3 elapsed=0s need=2s
UE 23 TTT_WAIT target=3 elapsed=0s need=2s
LM HO UE=24 rnti=70 3->1 type=TN servingRsrp=-112.16 targetRsrp=-109.273 targetLoadReal=7/20 targetLoadEff=7/20
LM HO_FAIL_LOW_RSRP UE=26 currCell=3 candCell=1 candRsrp=-110.399 < min=-110
LM HO_FAIL_LOW_RSRP UE=35 currCell=5 candCell=7 candRsrp=-116.709 < min=-110
UE 37 TTT_WAIT target=4 elapsed=0s need=2s
UE 38 TTT_WAIT target=3 elapsed=0s need=2s
UE 41 TTT_WAIT target=7 elapsed=0s need=2s
UE 42 TTT_WAIT target=3 elapsed=0s need=2s
UE 45 TTT_WAIT target=1 elapsed=0s need=2s
UE 47 TTT_WAIT target=7 elapsed=0s need=2s
UE 48 TTT_WAIT target=2 elapsed=0s need=2s
LM HO UE=55 rnti=45 4->1 type=TN servingRsrp=-86.7497 targetRsrp=-79.8747 targetLoadReal=7/20 targetLoadEff=8/20
UE 60 TTT_WAIT target=1 elapsed=0s need=2s
UE 61 TTT_WAIT target=2 elapsed=0s need=2s
UE 62 TTT_WAIT target=2 elapsed=0s need=2s
UE 64 TTT_WAIT target=3 elapsed=0s need=2s
UE 70 TTT_WAIT target=4 elapsed=0s need=2s
UE 72 TTT_WAIT target=1 elapsed=0s need=2s
LM HO_FAIL_LOW_RSRP UE=82 currCell=4 candCell=1 candRsrp=-110.155 < min=-110
UE 83 TTT_WAIT target=5 elapsed=0s need=2s
LM HO UE=84 rnti=33 2->1 type=TN servingRsrp=-111.007 targetRsrp=-65.6388 targetLoadReal=7/20 targetLoadEff=9/20
LM HO_FAIL_LOW_RSRP UE=85 currCell=6 candCell=5 candRsrp=-121.704 < min=-110
LM HO_FAIL_LOW_RSRP UE=90 currCell=2 candCell=4 candRsrp=-130.628 < min=-110
LM HO UE=93 rnti=56 7->2 type=TN servingRsrp=-133.373 targetRsrp=-106.545 targetLoadReal=8/20 targetLoadEff=8/20
TRACE HO_SUCCESS Time=48.6151 IMSI=83 TargetCell=1 Type=TN TargetRSRP=-101.262 ServingRSRP=-94.9446 BackhaulDlSnr=-999 BackhaulUlSnr=-999
TRACE HO_SUCCESS Time=48.6151 IMSI=23 TargetCell=1 Type=TN TargetRSRP=-102.005 ServingRSRP=-95.7916 BackhaulDlSnr=-999 BackhaulUlSnr=-999
TRACE HO_SUCCESS Time=48.6151 IMSI=54 TargetCell=1 Type=TN TargetRSRP=-85.524 ServingRSRP=-78.645 BackhaulDlSnr=-999 BackhaulUlSnr=-999
TRACE HO_SUCCESS Time=48.6151 IMSI=92 TargetCell=2 Type=TN TargetRSRP=-130.622 ServingRSRP=-90.4501 BackhaulDlSnr=-999 BackhaulUlSnr=-999
UAV_AUTONOMY_XAPP Time=50.5 DeploymentMode=tn-uav-satellite UavIndex=0 UavCellId=5 BestDonorCellId=1 BestDonorDistanceM=3042.14 XhaulConnected=1 XhaulChannelVariationDb=-2.84896 RawXhaulState=UNREACHABLE RawXhaulStateAgeSec=46 XhaulState=UNREACHABLE DonorUnavailableActive=0 SatBackhaulHealthy=1 UavSwitchingXappAvailable=1 UavSwitchingXappState=AI_ACTIVE AiPredictedBackhaulMode=SATELLITE_FALLBACK BackhaulMode=SATELLITE_FALLBACK RicControlState=NEAR_RT_RIC_SWITCHING_TO_SATELLITE_BACKHAUL ActiveUavRic=TN_NEAR_RT_RIC NormalUeHandoverAllowed=1 UavMode=NEAR_RT_RIC_EMERGENCY_SWITCHING_WITH_SATELLITE_BACKHAUL
UAV_AUTONOMY_XAPP Time=50.5 DeploymentMode=tn-uav-satellite UavIndex=1 UavCellId=6 BestDonorCellId=4 BestDonorDistanceM=1821.51 XhaulConnected=1 XhaulChannelVariationDb=-0.891564 RawXhaulState=UNREACHABLE RawXhaulStateAgeSec=20 XhaulState=UNREACHABLE DonorUnavailableActive=0 SatBackhaulHealthy=1 UavSwitchingXappAvailable=1 UavSwitchingXappState=AI_ACTIVE AiPredictedBackhaulMode=SATELLITE_FALLBACK BackhaulMode=SATELLITE_FALLBACK RicControlState=NEAR_RT_RIC_SWITCHING_TO_SATELLITE_BACKHAUL ActiveUavRic=TN_NEAR_RT_RIC NormalUeHandoverAllowed=1 UavMode=NEAR_RT_RIC_EMERGENCY_SWITCHING_WITH_SATELLITE_BACKHAUL
UAV_AUTONOMY_XAPP Time=50.5 DeploymentMode=tn-uav-satellite UavIndex=2 UavCellId=7 BestDonorCellId=2 BestDonorDistanceM=2173.74 XhaulConnected=1 XhaulChannelVariationDb=0.960632 RawXhaulState=UNREACHABLE RawXhaulStateAgeSec=30 XhaulState=UNREACHABLE DonorUnavailableActive=0 SatBackhaulHealthy=1 UavSwitchingXappAvailable=1 UavSwitchingXappState=AI_ACTIVE AiPredictedBackhaulMode=SATELLITE_FALLBACK BackhaulMode=SATELLITE_FALLBACK RicControlState=NEAR_RT_RIC_SWITCHING_TO_SATELLITE_BACKHAUL ActiveUavRic=TN_NEAR_RT_RIC NormalUeHandoverAllowed=1 UavMode=NEAR_RT_RIC_EMERGENCY_SWITCHING_WITH_SATELLITE_BACKHAUL
---- LOAD at t=50.5 ----
  cell 1 (TN) load=10/20
  cell 2 (TN) load=8/20
  cell 3 (TN) load=10/20
  cell 4 (TN) load=6/20
  cell 5 (NTN) load=9/15
  cell 6 (NTN) load=10/15
  cell 7 (NTN) load=2/15
LM HO UE=9 rnti=31 2->1 type=TN servingRsrp=-100.548 targetRsrp=-86.7787 targetLoadReal=10/20 targetLoadEff=10/20
LM HO UE=13 rnti=34 2->1 type=TN servingRsrp=-103.222 targetRsrp=-82.7593 targetLoadReal=10/20 targetLoadEff=11/20
UE 16 TTT_WAIT target=6 elapsed=0s need=2s
LM HO UE=20 rnti=48 1->3 type=TN servingRsrp=-115.113 targetRsrp=-75.4044 targetLoadReal=10/20 targetLoadEff=10/20
UE 23 TTT_WAIT target=2 elapsed=0s need=2s
UE 26 TTT_WAIT target=4 elapsed=0s need=2s
UE 34 TTT_WAIT target=4 elapsed=0s need=2s
LM HO UE=37 rnti=11 2->4 type=TN servingRsrp=-125.531 targetRsrp=-87.2905 targetLoadReal=6/20 targetLoadEff=6/20
UE 42 TTT_WAIT target=1 elapsed=0s need=2s
UE 45 TTT_WAIT target=2 elapsed=0s need=2s
UE 46 TTT_WAIT target=4 elapsed=0s need=2s
UE 55 TTT_WAIT target=2 elapsed=0s need=2s
UE 57 TTT_WAIT target=2 elapsed=0s need=2s
UE 58 TTT_WAIT target=1 elapsed=0s need=2s
LM HO_FAIL_LOW_RSRP UE=60 currCell=3 candCell=6 candRsrp=-111.163 < min=-110
UE 61 TTT_WAIT target=1 elapsed=0s need=2s
LM HO UE=62 rnti=112 5->2 type=TN servingRsrp=-133.255 targetRsrp=-109.169 targetLoadReal=8/20 targetLoadEff=8/20
LM HO_FAIL_LOW_RSRP UE=66 currCell=3 candCell=2 candRsrp=-119.449 < min=-110
UE 70 TTT_WAIT target=6 elapsed=0s need=2s
UE 73 TTT_WAIT target=7 elapsed=0s need=2s
LM HO UE=83 rnti=68 3->5 type=NTN servingRsrp=-115.224 targetRsrp=-86.923 targetLoadReal=9/15 targetLoadEff=9/15
UE 84 TTT_WAIT target=2 elapsed=0s need=2s
UE 90 TTT_WAIT target=1 elapsed=0s need=2s
LM HO_FAIL_LOW_RSRP UE=93 currCell=2 candCell=7 candRsrp=-122.648 < min=-110
UE 102 TTT_WAIT target=1 elapsed=0s need=2s
TRACE HO_SUCCESS Time=50.6151 IMSI=12 TargetCell=1 Type=TN TargetRSRP=-115.2 ServingRSRP=-98.879 BackhaulDlSnr=-999 BackhaulUlSnr=-999
TRACE HO_SUCCESS Time=50.6151 IMSI=8 TargetCell=1 Type=TN TargetRSRP=-97.1888 ServingRSRP=-91.4774 BackhaulDlSnr=-999 BackhaulUlSnr=-999
TRACE HO_SUCCESS Time=50.6151 IMSI=61 TargetCell=2 Type=TN TargetRSRP=-133.994 ServingRSRP=-117.34 BackhaulDlSnr=-999 BackhaulUlSnr=-999
TRACE HO_SUCCESS Time=50.6151 IMSI=19 TargetCell=3 Type=TN TargetRSRP=-114.698 ServingRSRP=-111.531 BackhaulDlSnr=-999 BackhaulUlSnr=-999
TRACE HO_SUCCESS Time=50.6151 IMSI=36 TargetCell=4 Type=TN TargetRSRP=-96.0119 ServingRSRP=-110.528 BackhaulDlSnr=-999 BackhaulUlSnr=-999
TRACE HO_SUCCESS Time=50.6151 IMSI=82 TargetCell=5 Type=NTN TargetRSRP=-119.578 ServingRSRP=-124.258 BackhaulDlSnr=12.4759 BackhaulUlSnr=7.95526
UAV_AUTONOMY_XAPP Time=52.5 DeploymentMode=tn-uav-satellite UavIndex=0 UavCellId=5 BestDonorCellId=1 BestDonorDistanceM=3111.96 XhaulConnected=1 XhaulChannelVariationDb=0.894557 RawXhaulState=UNREACHABLE RawXhaulStateAgeSec=48 XhaulState=UNREACHABLE DonorUnavailableActive=0 SatBackhaulHealthy=1 UavSwitchingXappAvailable=1 UavSwitchingXappState=AI_ACTIVE AiPredictedBackhaulMode=SATELLITE_FALLBACK BackhaulMode=SATELLITE_FALLBACK RicControlState=NEAR_RT_RIC_SWITCHING_TO_SATELLITE_BACKHAUL ActiveUavRic=TN_NEAR_RT_RIC NormalUeHandoverAllowed=1 UavMode=NEAR_RT_RIC_EMERGENCY_SWITCHING_WITH_SATELLITE_BACKHAUL
UAV_AUTONOMY_XAPP Time=52.5 DeploymentMode=tn-uav-satellite UavIndex=1 UavCellId=6 BestDonorCellId=4 BestDonorDistanceM=1888.74 XhaulConnected=1 XhaulChannelVariationDb=-1.13077 RawXhaulState=UNREACHABLE RawXhaulStateAgeSec=22 XhaulState=UNREACHABLE DonorUnavailableActive=0 SatBackhaulHealthy=1 UavSwitchingXappAvailable=1 UavSwitchingXappState=AI_ACTIVE AiPredictedBackhaulMode=SATELLITE_FALLBACK BackhaulMode=SATELLITE_FALLBACK RicControlState=NEAR_RT_RIC_SWITCHING_TO_SATELLITE_BACKHAUL ActiveUavRic=TN_NEAR_RT_RIC NormalUeHandoverAllowed=1 UavMode=NEAR_RT_RIC_EMERGENCY_SWITCHING_WITH_SATELLITE_BACKHAUL
UAV_AUTONOMY_XAPP Time=52.5 DeploymentMode=tn-uav-satellite UavIndex=2 UavCellId=7 BestDonorCellId=2 BestDonorDistanceM=2243.03 XhaulConnected=1 XhaulChannelVariationDb=-1.29739 RawXhaulState=UNREACHABLE RawXhaulStateAgeSec=32 XhaulState=UNREACHABLE DonorUnavailableActive=0 SatBackhaulHealthy=1 UavSwitchingXappAvailable=1 UavSwitchingXappState=AI_ACTIVE AiPredictedBackhaulMode=SATELLITE_FALLBACK BackhaulMode=SATELLITE_FALLBACK RicControlState=NEAR_RT_RIC_SWITCHING_TO_SATELLITE_BACKHAUL ActiveUavRic=TN_NEAR_RT_RIC NormalUeHandoverAllowed=1 UavMode=NEAR_RT_RIC_EMERGENCY_SWITCHING_WITH_SATELLITE_BACKHAUL
---- LOAD at t=52.5 ----
  cell 1 (TN) load=12/20
  cell 2 (TN) load=7/20
  cell 3 (TN) load=10/20
  cell 4 (TN) load=7/20
  cell 5 (NTN) load=9/15
  cell 6 (NTN) load=10/15
  cell 7 (NTN) load=2/15
LM HO_FAIL_LOW_RSRP UE=9 currCell=1 candCell=2 candRsrp=-113.741 < min=-110
UE 13 TTT_WAIT target=2 elapsed=0s need=2s
UE 14 TTT_WAIT target=3 elapsed=0s need=2s
LM HO UE=16 rnti=43 4->6 type=NTN servingRsrp=-105.195 targetRsrp=-98.4676 targetLoadReal=10/15 targetLoadEff=10/15
UE 17 TTT_WAIT target=4 elapsed=0s need=2s
LM HO_FAIL_LOW_RSRP UE=26 currCell=3 candCell=7 candRsrp=-131.183 < min=-110
UE 33 TTT_WAIT target=3 elapsed=0s need=2s
LM HO_FAIL_LOW_RSRP UE=35 currCell=5 candCell=7 candRsrp=-124.972 < min=-110
UE 37 TTT_WAIT target=2 elapsed=0s need=2s
UE 39 TTT_WAIT target=1 elapsed=0s need=2s
UE 42 TTT_WAIT target=2 elapsed=0s need=2s
LM HO UE=45 rnti=57 7->2 type=TN servingRsrp=-95.4303 targetRsrp=-75.1529 targetLoadReal=7/20 targetLoadEff=7/20
UE 48 TTT_WAIT target=4 elapsed=0s need=2s
UE 55 TTT_WAIT target=4 elapsed=0s need=2s
LM HO_FAIL_LOW_RSRP UE=60 currCell=3 candCell=5 candRsrp=-114.853 < min=-110
UE 61 TTT_WAIT target=2 elapsed=0s need=2s
LM HO_FAIL_LOW_RSRP UE=62 currCell=2 candCell=1 candRsrp=-128.977 < min=-110
UE 64 TTT_WAIT target=3 elapsed=0s need=2s
UE 67 TTT_WAIT target=1 elapsed=0s need=2s
UE 70 TTT_WAIT target=4 elapsed=0s need=2s
UE 72 TTT_WAIT target=3 elapsed=0s need=2s
LM HO_FAIL_LOW_RSRP UE=73 currCell=4 candCell=6 candRsrp=-129.358 < min=-110
UE 75 TTT_WAIT target=5 elapsed=0s need=2s
UE 80 TTT_WAIT target=1 elapsed=0s need=2s
LM HO_FAIL_LOW_RSRP UE=82 currCell=4 candCell=7 candRsrp=-118.273 < min=-110
UE 83 TTT_WAIT target=6 elapsed=0s need=2s
UE 84 TTT_WAIT target=3 elapsed=0s need=2s
LM HO_FAIL_LOW_RSRP UE=90 currCell=2 candCell=4 candRsrp=-130.642 < min=-110
LM HO_FAIL_LOW_RSRP UE=93 currCell=2 candCell=4 candRsrp=-125.872 < min=-110
UE 102 TTT_WAIT target=2 elapsed=0s need=2s
LM HO_FAIL_LOW_RSRP UE=112 currCell=5 candCell=7 candRsrp=-127.142 < min=-110
TRACE HO_SUCCESS Time=52.6151 IMSI=44 TargetCell=2 Type=TN TargetRSRP=-115.763 ServingRSRP=-69.6525 BackhaulDlSnr=-999 BackhaulUlSnr=-999
TRACE HO_SUCCESS Time=52.6151 IMSI=15 TargetCell=6 Type=NTN TargetRSRP=-132.029 ServingRSRP=-97.5852 BackhaulDlSnr=11.7547 BackhaulUlSnr=7.23412
UAV_AUTONOMY_XAPP Time=54.5 DeploymentMode=tn-uav-satellite UavIndex=0 UavCellId=5 BestDonorCellId=3 BestDonorDistanceM=3292.82 XhaulConnected=1 XhaulChannelVariationDb=1.93205 RawXhaulState=UNREACHABLE RawXhaulStateAgeSec=50 XhaulState=UNREACHABLE DonorUnavailableActive=0 SatBackhaulHealthy=1 UavSwitchingXappAvailable=1 UavSwitchingXappState=AI_ACTIVE AiPredictedBackhaulMode=SATELLITE_FALLBACK BackhaulMode=SATELLITE_FALLBACK RicControlState=NEAR_RT_RIC_SWITCHING_TO_SATELLITE_BACKHAUL ActiveUavRic=TN_NEAR_RT_RIC NormalUeHandoverAllowed=1 UavMode=NEAR_RT_RIC_EMERGENCY_SWITCHING_WITH_SATELLITE_BACKHAUL
UAV_AUTONOMY_XAPP Time=54.5 DeploymentMode=tn-uav-satellite UavIndex=1 UavCellId=6 BestDonorCellId=4 BestDonorDistanceM=1956.15 XhaulConnected=1 XhaulChannelVariationDb=0.0282538 RawXhaulState=UNREACHABLE RawXhaulStateAgeSec=24 XhaulState=UNREACHABLE DonorUnavailableActive=0 SatBackhaulHealthy=1 UavSwitchingXappAvailable=1 UavSwitchingXappState=AI_ACTIVE AiPredictedBackhaulMode=SATELLITE_FALLBACK BackhaulMode=SATELLITE_FALLBACK RicControlState=NEAR_RT_RIC_SWITCHING_TO_SATELLITE_BACKHAUL ActiveUavRic=TN_NEAR_RT_RIC NormalUeHandoverAllowed=1 UavMode=NEAR_RT_RIC_EMERGENCY_SWITCHING_WITH_SATELLITE_BACKHAUL
UAV_AUTONOMY_XAPP Time=54.5 DeploymentMode=tn-uav-satellite UavIndex=2 UavCellId=7 BestDonorCellId=2 BestDonorDistanceM=2312.37 XhaulConnected=1 XhaulChannelVariationDb=1.78599 RawXhaulState=UNREACHABLE RawXhaulStateAgeSec=34 XhaulState=UNREACHABLE DonorUnavailableActive=0 SatBackhaulHealthy=1 UavSwitchingXappAvailable=1 UavSwitchingXappState=AI_ACTIVE AiPredictedBackhaulMode=SATELLITE_FALLBACK BackhaulMode=SATELLITE_FALLBACK RicControlState=NEAR_RT_RIC_SWITCHING_TO_SATELLITE_BACKHAUL ActiveUavRic=TN_NEAR_RT_RIC NormalUeHandoverAllowed=1 UavMode=NEAR_RT_RIC_EMERGENCY_SWITCHING_WITH_SATELLITE_BACKHAUL
---- LOAD at t=54.5 ----
  cell 1 (TN) load=12/20
  cell 2 (TN) load=8/20
  cell 3 (TN) load=10/20
  cell 4 (TN) load=6/20
  cell 5 (NTN) load=9/15
  cell 6 (NTN) load=11/15
  cell 7 (NTN) load=2/15
UE 9 TTT_WAIT target=3 elapsed=0s need=2s
LM HO UE=14 rnti=16 5->3 type=TN servingRsrp=-113.437 targetRsrp=-107.718 targetLoadReal=10/20 targetLoadEff=10/20
UE 16 TTT_WAIT target=4 elapsed=0s need=2s
UE 18 TTT_WAIT target=3 elapsed=0s need=2s
UE 20 TTT_WAIT target=1 elapsed=0s need=2s
UE 24 TTT_WAIT target=2 elapsed=0s need=2s
UE 25 TTT_WAIT target=7 elapsed=0s need=2s
UE 33 TTT_WAIT target=2 elapsed=0s need=2s
UE 34 TTT_WAIT target=1 elapsed=0s need=2s
UE 35 TTT_WAIT target=1 elapsed=0s need=2s
UE 37 TTT_WAIT target=7 elapsed=0s need=2s
UE 38 TTT_WAIT target=1 elapsed=0s need=2s
UE 39 TTT_WAIT target=6 elapsed=0s need=2s
UE 43 TTT_WAIT target=2 elapsed=0s need=2s
UE 46 TTT_WAIT target=1 elapsed=0s need=2s
UE 47 TTT_WAIT target=2 elapsed=0s need=2s
LM HO UE=48 rnti=16 6->4 type=TN servingRsrp=-107.065 targetRsrp=-90.308 targetLoadReal=6/20 targetLoadEff=6/20
LM HO_FAIL_LOW_RSRP UE=57 currCell=5 candCell=7 candRsrp=-111.513 < min=-110
UE 58 TTT_WAIT target=3 elapsed=0s need=2s
UE 60 TTT_WAIT target=5 elapsed=0s need=2s
LM HO_FAIL_LOW_RSRP UE=61 currCell=4 candCell=6 candRsrp=-121.161 < min=-110
UE 62 TTT_WAIT target=5 elapsed=0s need=2s
LM HO UE=64 rnti=55 6->3 type=TN servingRsrp=-118.745 targetRsrp=-102.157 targetLoadReal=10/20 targetLoadEff=11/20
LM HO_FAIL_LOW_RSRP UE=67 currCell=3 candCell=5 candRsrp=-126.85 < min=-110
UE 70 TTT_WAIT target=3 elapsed=0s need=2s
UE 71 TTT_WAIT target=2 elapsed=0s need=2s
LM HO_FAIL_LOW_RSRP UE=72 currCell=5 candCell=7 candRsrp=-112.965 < min=-110
UE 73 TTT_WAIT target=1 elapsed=0s need=2s
UE 75 TTT_WAIT target=2 elapsed=0s need=2s
UE 77 TTT_WAIT target=4 elapsed=0s need=2s
UE 82 TTT_WAIT target=6 elapsed=0s need=2s
LM HO_FAIL_LOW_RSRP UE=83 currCell=5 candCell=7 candRsrp=-113.523 < min=-110
UE 90 TTT_WAIT target=3 elapsed=0s need=2s
LM HO UE=102 rnti=40 7->2 type=TN servingRsrp=-121.107 targetRsrp=-106.623 targetLoadReal=8/20 targetLoadEff=8/20
TRACE HO_SUCCESS Time=54.6151 IMSI=101 TargetCell=2 Type=TN TargetRSRP=-130.026 ServingRSRP=-100.791 BackhaulDlSnr=-999 BackhaulUlSnr=-999
TRACE HO_SUCCESS Time=54.6151 IMSI=13 TargetCell=3 Type=TN TargetRSRP=-121.189 ServingRSRP=-93.9709 BackhaulDlSnr=-999 BackhaulUlSnr=-999
TRACE HO_SUCCESS Time=54.6151 IMSI=63 TargetCell=3 Type=TN TargetRSRP=-151.5 ServingRSRP=-120.552 BackhaulDlSnr=-999 BackhaulUlSnr=-999
TRACE HO_SUCCESS Time=54.6151 IMSI=47 TargetCell=4 Type=TN TargetRSRP=-119.041 ServingRSRP=-114.446 BackhaulDlSnr=-999 BackhaulUlSnr=-999
UAV_AUTONOMY_XAPP Time=56.5 DeploymentMode=tn-uav-satellite UavIndex=0 UavCellId=5 BestDonorCellId=1 BestDonorDistanceM=3251.59 XhaulConnected=1 XhaulChannelVariationDb=-2.57584 RawXhaulState=UNREACHABLE RawXhaulStateAgeSec=52 XhaulState=UNREACHABLE DonorUnavailableActive=0 SatBackhaulHealthy=1 UavSwitchingXappAvailable=1 UavSwitchingXappState=AI_ACTIVE AiPredictedBackhaulMode=SATELLITE_FALLBACK BackhaulMode=SATELLITE_FALLBACK RicControlState=NEAR_RT_RIC_SWITCHING_TO_SATELLITE_BACKHAUL ActiveUavRic=TN_NEAR_RT_RIC NormalUeHandoverAllowed=1 UavMode=NEAR_RT_RIC_EMERGENCY_SWITCHING_WITH_SATELLITE_BACKHAUL
UAV_AUTONOMY_XAPP Time=56.5 DeploymentMode=tn-uav-satellite UavIndex=1 UavCellId=6 BestDonorCellId=4 BestDonorDistanceM=2023.72 XhaulConnected=1 XhaulChannelVariationDb=0.969229 RawXhaulState=UNREACHABLE RawXhaulStateAgeSec=26 XhaulState=UNREACHABLE DonorUnavailableActive=0 SatBackhaulHealthy=1 UavSwitchingXappAvailable=1 UavSwitchingXappState=AI_ACTIVE AiPredictedBackhaulMode=SATELLITE_FALLBACK BackhaulMode=SATELLITE_FALLBACK RicControlState=NEAR_RT_RIC_SWITCHING_TO_SATELLITE_BACKHAUL ActiveUavRic=TN_NEAR_RT_RIC NormalUeHandoverAllowed=1 UavMode=NEAR_RT_RIC_EMERGENCY_SWITCHING_WITH_SATELLITE_BACKHAUL
UAV_AUTONOMY_XAPP Time=56.5 DeploymentMode=tn-uav-satellite UavIndex=2 UavCellId=7 BestDonorCellId=4 BestDonorDistanceM=2029.89 XhaulConnected=1 XhaulChannelVariationDb=-1.66447 RawXhaulState=UNREACHABLE RawXhaulStateAgeSec=36 XhaulState=UNREACHABLE DonorUnavailableActive=0 SatBackhaulHealthy=1 UavSwitchingXappAvailable=1 UavSwitchingXappState=AI_ACTIVE AiPredictedBackhaulMode=SATELLITE_FALLBACK BackhaulMode=SATELLITE_FALLBACK RicControlState=NEAR_RT_RIC_SWITCHING_TO_SATELLITE_BACKHAUL ActiveUavRic=TN_NEAR_RT_RIC NormalUeHandoverAllowed=1 UavMode=NEAR_RT_RIC_EMERGENCY_SWITCHING_WITH_SATELLITE_BACKHAUL
---- LOAD at t=56.5 ----
  cell 1 (TN) load=12/20
  cell 2 (TN) load=10/20
  cell 3 (TN) load=12/20
  cell 4 (TN) load=8/20
  cell 5 (NTN) load=8/15
  cell 6 (NTN) load=9/15
  cell 7 (NTN) load=2/15
UE 13 TTT_WAIT target=2 elapsed=0s need=2s
LM HO_FAIL_LOW_RSRP UE=14 currCell=3 candCell=1 candRsrp=-121.436 < min=-110
UE 15 TTT_WAIT target=1 elapsed=0s need=2s
LM HO UE=16 rnti=97 6->4 type=TN servingRsrp=-122.607 targetRsrp=-106.648 targetLoadReal=8/20 targetLoadEff=8/20
LM HO UE=20 rnti=71 3->1 type=TN servingRsrp=-113.641 targetRsrp=-104.736 targetLoadReal=12/20 targetLoadEff=12/20
UE 23 TTT_WAIT target=2 elapsed=0s need=2s
UE 24 TTT_WAIT target=3 elapsed=0s need=2s
LM HO_FAIL_LOW_RSRP UE=26 currCell=3 candCell=2 candRsrp=-112.124 < min=-110
LM HO UE=33 rnti=34 1->2 type=TN servingRsrp=-112.159 targetRsrp=-74.2019 targetLoadReal=10/20 targetLoadEff=10/20
UE 34 TTT_WAIT target=4 elapsed=0s need=2s
LM HO_FAIL_LOW_RSRP UE=35 currCell=5 candCell=7 candRsrp=-123.479 < min=-110
UE 37 TTT_WAIT target=2 elapsed=0s need=2s
LM HO_FAIL_LOW_RSRP UE=41 currCell=2 candCell=6 candRsrp=-127.869 < min=-110
UE 43 TTT_WAIT target=5 elapsed=0s need=2s
UE 45 TTT_WAIT target=1 elapsed=0s need=2s
UE 46 TTT_WAIT target=2 elapsed=0s need=2s
UE 54 TTT_WAIT target=1 elapsed=0s need=2s
UE 55 TTT_WAIT target=4 elapsed=0s need=2s
LM HO_FAIL_LOW_RSRP UE=60 currCell=3 candCell=1 candRsrp=-117.662 < min=-110
UE 61 TTT_WAIT target=6 elapsed=0s need=2s
UE 64 TTT_WAIT target=4 elapsed=0s need=2s
UE 67 TTT_WAIT target=1 elapsed=0s need=2s
UE 69 TTT_WAIT target=4 elapsed=0s need=2s
UE 70 TTT_WAIT target=4 elapsed=0s need=2s
UE 71 TTT_WAIT target=4 elapsed=0s need=2s
UE 72 TTT_WAIT target=3 elapsed=0s need=2s
LM HO UE=73 rnti=53 4->1 type=TN servingRsrp=-113.49 targetRsrp=-86.4517 targetLoadReal=12/20 targetLoadEff=13/20
UE 75 TTT_WAIT target=1 elapsed=0s need=2s
UE 82 TTT_WAIT target=3 elapsed=0s need=2s
LM HO_FAIL_LOW_RSRP UE=83 currCell=5 candCell=6 candRsrp=-115.126 < min=-110
UE 87 TTT_WAIT target=3 elapsed=0s need=2s
LM HO_FAIL_LOW_RSRP UE=93 currCell=2 candCell=4 candRsrp=-130.071 < min=-110
UE 102 TTT_WAIT target=7 elapsed=0s need=2s
UE 126 TTT_WAIT target=2 elapsed=0s need=2s
TRACE HO_SUCCESS Time=56.6151 IMSI=19 TargetCell=1 Type=TN TargetRSRP=-87.3795 ServingRSRP=-109.129 BackhaulDlSnr=-999 BackhaulUlSnr=-999
TRACE HO_SUCCESS Time=56.6151 IMSI=72 TargetCell=1 Type=TN TargetRSRP=-92.7018 ServingRSRP=-109.716 BackhaulDlSnr=-999 BackhaulUlSnr=-999
TRACE HO_SUCCESS Time=56.6151 IMSI=32 TargetCell=2 Type=TN TargetRSRP=-87.4293 ServingRSRP=-102.2 BackhaulDlSnr=-999 BackhaulUlSnr=-999
TRACE HO_SUCCESS Time=56.6151 IMSI=15 TargetCell=4 Type=TN TargetRSRP=-105.014 ServingRSRP=-121.121 BackhaulDlSnr=-999 BackhaulUlSnr=-999
UAV_AUTONOMY_XAPP Time=58.5 DeploymentMode=tn-uav-satellite UavIndex=0 UavCellId=5 BestDonorCellId=3 BestDonorDistanceM=3430.51 XhaulConnected=1 XhaulChannelVariationDb=-1.22853 RawXhaulState=UNREACHABLE RawXhaulStateAgeSec=54 XhaulState=UNREACHABLE DonorUnavailableActive=0 SatBackhaulHealthy=1 UavSwitchingXappAvailable=1 UavSwitchingXappState=AI_ACTIVE AiPredictedBackhaulMode=SATELLITE_FALLBACK BackhaulMode=SATELLITE_FALLBACK RicControlState=NEAR_RT_RIC_SWITCHING_TO_SATELLITE_BACKHAUL ActiveUavRic=TN_NEAR_RT_RIC NormalUeHandoverAllowed=1 UavMode=NEAR_RT_RIC_EMERGENCY_SWITCHING_WITH_SATELLITE_BACKHAUL
UAV_AUTONOMY_XAPP Time=58.5 DeploymentMode=tn-uav-satellite UavIndex=1 UavCellId=6 BestDonorCellId=4 BestDonorDistanceM=2091.44 XhaulConnected=1 XhaulChannelVariationDb=0.4871 RawXhaulState=UNREACHABLE RawXhaulStateAgeSec=28 XhaulState=UNREACHABLE DonorUnavailableActive=0 SatBackhaulHealthy=1 UavSwitchingXappAvailable=1 UavSwitchingXappState=AI_ACTIVE AiPredictedBackhaulMode=SATELLITE_FALLBACK BackhaulMode=SATELLITE_FALLBACK RicControlState=NEAR_RT_RIC_SWITCHING_TO_SATELLITE_BACKHAUL ActiveUavRic=TN_NEAR_RT_RIC NormalUeHandoverAllowed=1 UavMode=NEAR_RT_RIC_EMERGENCY_SWITCHING_WITH_SATELLITE_BACKHAUL
UAV_AUTONOMY_XAPP Time=58.5 DeploymentMode=tn-uav-satellite UavIndex=2 UavCellId=7 BestDonorCellId=4 BestDonorDistanceM=2061.02 XhaulConnected=1 XhaulChannelVariationDb=-2.97301 RawXhaulState=UNREACHABLE RawXhaulStateAgeSec=38 XhaulState=UNREACHABLE DonorUnavailableActive=0 SatBackhaulHealthy=1 UavSwitchingXappAvailable=1 UavSwitchingXappState=AI_ACTIVE AiPredictedBackhaulMode=SATELLITE_FALLBACK BackhaulMode=SATELLITE_FALLBACK RicControlState=NEAR_RT_RIC_SWITCHING_TO_SATELLITE_BACKHAUL ActiveUavRic=TN_NEAR_RT_RIC NormalUeHandoverAllowed=1 UavMode=NEAR_RT_RIC_EMERGENCY_SWITCHING_WITH_SATELLITE_BACKHAUL
---- LOAD at t=58.5 ----
  cell 1 (TN) load=13/20
  cell 2 (TN) load=11/20
  cell 3 (TN) load=11/20
  cell 4 (TN) load=8/20
  cell 5 (NTN) load=8/15
  cell 6 (NTN) load=8/15
  cell 7 (NTN) load=2/15
LM HO UE=13 rnti=56 1->2 type=TN servingRsrp=-104.931 targetRsrp=-68.5493 targetLoadReal=11/20 targetLoadEff=11/20
UE 14 TTT_WAIT target=1 elapsed=0s need=2s
UE 16 TTT_WAIT target=7 elapsed=0s need=2s
LM HO_FAIL_LOW_RSRP UE=17 currCell=6 candCell=5 candRsrp=-121.062 < min=-110
UE 18 TTT_WAIT target=5 elapsed=0s need=2s
UE 20 TTT_WAIT target=3 elapsed=0s need=2s
UE 23 TTT_WAIT target=3 elapsed=0s need=2s
UE 25 TTT_WAIT target=7 elapsed=0s need=2s
UE 26 TTT_WAIT target=2 elapsed=0s need=2s
UE 29 TTT_WAIT target=1 elapsed=0s need=2s
UE 32 TTT_WAIT target=6 elapsed=0s need=2s
UE 33 TTT_WAIT target=1 elapsed=0s need=2s
UE 34 TTT_WAIT target=3 elapsed=0s need=2s
UE 35 TTT_WAIT target=3 elapsed=0s need=2s
LM HO_FAIL_LOW_RSRP UE=37 currCell=4 candCell=6 candRsrp=-127.81 < min=-110
UE 38 TTT_WAIT target=3 elapsed=0s need=2s
UE 39 TTT_WAIT target=6 elapsed=0s need=2s
UE 41 TTT_WAIT target=1 elapsed=0s need=2s
UE 42 TTT_WAIT target=1 elapsed=0s need=2s
LM HO UE=45 rnti=46 2->1 type=TN servingRsrp=-112.04 targetRsrp=-104.173 targetLoadReal=13/20 targetLoadEff=13/20
LM HO_FAIL_LOW_RSRP UE=46 currCell=6 candCell=5 candRsrp=-114.408 < min=-110
LM HO_FAIL_LOW_RSRP UE=48 currCell=4 candCell=6 candRsrp=-126.801 < min=-110
UE 49 TTT_WAIT target=1 elapsed=0s need=2s
LM HO UE=54 rnti=45 2->1 type=TN servingRsrp=-127.269 targetRsrp=-86.3984 targetLoadReal=13/20 targetLoadEff=14/20
UE 60 TTT_WAIT target=2 elapsed=0s need=2s
UE 61 TTT_WAIT target=7 elapsed=0s need=2s
LM HO_FAIL_LOW_RSRP UE=62 currCell=2 candCell=4 candRsrp=-111.67 < min=-110
LM HO_FAIL_LOW_RSRP UE=64 currCell=3 candCell=2 candRsrp=-118.041 < min=-110
UE 66 TTT_WAIT target=1 elapsed=0s need=2s
LM HO UE=69 rnti=65 7->4 type=TN servingRsrp=-128.913 targetRsrp=-72.4783 targetLoadReal=8/20 targetLoadEff=8/20
UE 70 TTT_WAIT target=3 elapsed=0s need=2s
UE 71 TTT_WAIT target=2 elapsed=0s need=2s
LM HO_FAIL_LOW_RSRP UE=72 currCell=5 candCell=7 candRsrp=-118.66 < min=-110
LM HO_FAIL_LOW_RSRP UE=73 currCell=1 candCell=3 candRsrp=-110.92 < min=-110
UE 77 TTT_WAIT target=4 elapsed=0s need=2s
UE 79 TTT_WAIT target=5 elapsed=0s need=2s
LM HO_FAIL_LOW_RSRP UE=82 currCell=4 candCell=6 candRsrp=-120.436 < min=-110
UE 83 TTT_WAIT target=3 elapsed=0s need=2s
UE 90 TTT_WAIT target=4 elapsed=0s need=2s
LM HO_FAIL_LOW_RSRP UE=93 currCell=2 candCell=7 candRsrp=-119.883 < min=-110
UE 102 TTT_WAIT target=4 elapsed=0s need=2s
UE 112 TTT_WAIT target=1 elapsed=0s need=2s
UE 126 TTT_WAIT target=1 elapsed=0s need=2s
TRACE HO_SUCCESS Time=58.6151 IMSI=53 TargetCell=1 Type=TN TargetRSRP=-89.8442 ServingRSRP=-123.207 BackhaulDlSnr=-999 BackhaulUlSnr=-999
TRACE HO_SUCCESS Time=58.6151 IMSI=44 TargetCell=1 Type=TN TargetRSRP=-106.815 ServingRSRP=-104.776 BackhaulDlSnr=-999 BackhaulUlSnr=-999
TRACE HO_SUCCESS Time=58.6151 IMSI=12 TargetCell=2 Type=TN TargetRSRP=-91.2958 ServingRSRP=-103.383 BackhaulDlSnr=-999 BackhaulUlSnr=-999
TRACE HO_SUCCESS Time=58.6151 IMSI=68 TargetCell=4 Type=TN TargetRSRP=-107.087 ServingRSRP=-120.731 BackhaulDlSnr=-999 BackhaulUlSnr=-999
UAV_AUTONOMY_XAPP Time=60.5 DeploymentMode=tn-uav-satellite UavIndex=0 UavCellId=5 BestDonorCellId=3 BestDonorDistanceM=3498.84 XhaulConnected=1 XhaulChannelVariationDb=-0.982422 RawXhaulState=UNREACHABLE RawXhaulStateAgeSec=56 XhaulState=UNREACHABLE DonorUnavailableActive=0 SatBackhaulHealthy=1 UavSwitchingXappAvailable=1 UavSwitchingXappState=AI_ACTIVE AiPredictedBackhaulMode=SATELLITE_FALLBACK BackhaulMode=SATELLITE_FALLBACK RicControlState=NEAR_RT_RIC_SWITCHING_TO_SATELLITE_BACKHAUL ActiveUavRic=TN_NEAR_RT_RIC NormalUeHandoverAllowed=1 UavMode=NEAR_RT_RIC_EMERGENCY_SWITCHING_WITH_SATELLITE_BACKHAUL
UAV_AUTONOMY_XAPP Time=60.5 DeploymentMode=tn-uav-satellite UavIndex=1 UavCellId=6 BestDonorCellId=4 BestDonorDistanceM=2098.48 XhaulConnected=1 XhaulChannelVariationDb=-3.76143 RawXhaulState=UNREACHABLE RawXhaulStateAgeSec=30 XhaulState=UNREACHABLE DonorUnavailableActive=0 SatBackhaulHealthy=1 UavSwitchingXappAvailable=1 UavSwitchingXappState=AI_ACTIVE AiPredictedBackhaulMode=SATELLITE_FALLBACK BackhaulMode=SATELLITE_FALLBACK RicControlState=NEAR_RT_RIC_SWITCHING_TO_SATELLITE_BACKHAUL ActiveUavRic=TN_NEAR_RT_RIC NormalUeHandoverAllowed=1 UavMode=NEAR_RT_RIC_EMERGENCY_SWITCHING_WITH_SATELLITE_BACKHAUL
UAV_AUTONOMY_XAPP Time=60.5 DeploymentMode=tn-uav-satellite UavIndex=2 UavCellId=7 BestDonorCellId=2 BestDonorDistanceM=2451.19 XhaulConnected=1 XhaulChannelVariationDb=3.66204 RawXhaulState=UNREACHABLE RawXhaulStateAgeSec=40 XhaulState=UNREACHABLE DonorUnavailableActive=0 SatBackhaulHealthy=1 UavSwitchingXappAvailable=1 UavSwitchingXappState=AI_ACTIVE AiPredictedBackhaulMode=SATELLITE_FALLBACK BackhaulMode=SATELLITE_FALLBACK RicControlState=NEAR_RT_RIC_SWITCHING_TO_SATELLITE_BACKHAUL ActiveUavRic=TN_NEAR_RT_RIC NormalUeHandoverAllowed=1 UavMode=NEAR_RT_RIC_EMERGENCY_SWITCHING_WITH_SATELLITE_BACKHAUL
---- LOAD at t=60.5 ----
  cell 1 (TN) load=14/20
  cell 2 (TN) load=10/20
  cell 3 (TN) load=11/20
  cell 4 (TN) load=9/20
  cell 5 (NTN) load=8/15
  cell 6 (NTN) load=9/15
  cell 7 (NTN) load=1/15
UE 9 TTT_WAIT target=4 elapsed=0s need=2s
LM HO_FAIL_LOW_RSRP UE=14 currCell=3 candCell=5 candRsrp=-125.589 < min=-110
UE 20 TTT_WAIT target=5 elapsed=0s need=2s
UE 21 TTT_WAIT target=7 elapsed=0s need=2s
LM HO UE=23 rnti=22 1->3 type=TN servingRsrp=-102.912 targetRsrp=-81.2246 targetLoadReal=11/20 targetLoadEff=11/20
UE 24 TTT_WAIT target=7 elapsed=0s need=2s
LM HO UE=25 rnti=88 6->7 type=NTN servingRsrp=-99.1055 targetRsrp=-96.4169 targetLoadReal=1/15 targetLoadEff=1/15
LM HO UE=26 rnti=30 3->2 type=TN servingRsrp=-119.088 targetRsrp=-88.4334 targetLoadReal=10/20 targetLoadEff=10/20
LM HO UE=29 rnti=55 2->1 type=TN servingRsrp=-109.822 targetRsrp=-104.778 targetLoadReal=14/20 targetLoadEff=14/20
UE 33 TTT_WAIT target=7 elapsed=0s need=2s
UE 34 TTT_WAIT target=7 elapsed=0s need=2s
LM HO_FAIL_LOW_RSRP UE=35 currCell=5 candCell=6 candRsrp=-119.735 < min=-110
UE 37 TTT_WAIT target=2 elapsed=0s need=2s
UE 42 TTT_WAIT target=2 elapsed=0s need=2s
LM HO_FAIL_LOW_RSRP UE=48 currCell=4 candCell=6 candRsrp=-125.437 < min=-110
LM HO_FAIL_LOW_RSRP UE=60 currCell=3 candCell=5 candRsrp=-132.081 < min=-110
UE 61 TTT_WAIT target=1 elapsed=0s need=2s
LM HO_FAIL_LOW_RSRP UE=62 currCell=2 candCell=4 candRsrp=-122.665 < min=-110
LM HO_FAIL_LOW_RSRP UE=64 currCell=3 candCell=4 candRsrp=-116.403 < min=-110
LM HO_FAIL_LOW_RSRP UE=66 currCell=3 candCell=5 candRsrp=-126.874 < min=-110
UE 70 TTT_WAIT target=4 elapsed=0s need=2s
LM HO_FAIL_LOW_RSRP UE=71 currCell=1 candCell=2 candRsrp=-115.817 < min=-110
UE 73 TTT_WAIT target=4 elapsed=0s need=2s
UE 75 TTT_WAIT target=2 elapsed=0s need=2s
UE 80 TTT_WAIT target=4 elapsed=0s need=2s
UE 84 TTT_WAIT target=3 elapsed=0s need=2s
UE 85 TTT_WAIT target=2 elapsed=0s need=2s
LM HO_FAIL_LOW_RSRP UE=90 currCell=2 candCell=7 candRsrp=-128.135 < min=-110
UE 93 TTT_WAIT target=1 elapsed=0s need=2s
UE 101 TTT_WAIT target=2 elapsed=0s need=2s
LM HO_FAIL_LOW_RSRP UE=102 currCell=2 candCell=4 candRsrp=-125.126 < min=-110
UE 112 TTT_WAIT target=4 elapsed=0s need=2s
TRACE HO_SUCCESS Time=60.6151 IMSI=28 TargetCell=1 Type=TN TargetRSRP=-94.6239 ServingRSRP=-80.2524 BackhaulDlSnr=-999 BackhaulUlSnr=-999
TRACE HO_SUCCESS Time=60.6151 IMSI=25 TargetCell=2 Type=TN TargetRSRP=-93.8892 ServingRSRP=-81.3207 BackhaulDlSnr=-999 BackhaulUlSnr=-999
TRACE HO_SUCCESS Time=60.6151 IMSI=22 TargetCell=3 Type=TN TargetRSRP=-116.624 ServingRSRP=-86.6815 BackhaulDlSnr=-999 BackhaulUlSnr=-999
TRACE HO_SUCCESS Time=60.6151 IMSI=24 TargetCell=7 Type=NTN TargetRSRP=-131.743 ServingRSRP=-114.326 BackhaulDlSnr=9.13107 BackhaulUlSnr=4.61047
UAV_AUTONOMY_XAPP Time=62.5 DeploymentMode=tn-uav-satellite UavIndex=0 UavCellId=5 BestDonorCellId=1 BestDonorDistanceM=3461.04 XhaulConnected=1 XhaulChannelVariationDb=-1.96068 RawXhaulState=UNREACHABLE RawXhaulStateAgeSec=58 XhaulState=UNREACHABLE DonorUnavailableActive=0 SatBackhaulHealthy=1 UavSwitchingXappAvailable=1 UavSwitchingXappState=AI_ACTIVE AiPredictedBackhaulMode=SATELLITE_FALLBACK BackhaulMode=SATELLITE_FALLBACK RicControlState=NEAR_RT_RIC_SWITCHING_TO_SATELLITE_BACKHAUL ActiveUavRic=TN_NEAR_RT_RIC NormalUeHandoverAllowed=1 UavMode=NEAR_RT_RIC_EMERGENCY_SWITCHING_WITH_SATELLITE_BACKHAUL
UAV_AUTONOMY_XAPP Time=62.5 DeploymentMode=tn-uav-satellite UavIndex=1 UavCellId=6 BestDonorCellId=4 BestDonorDistanceM=2166.71 XhaulConnected=1 XhaulChannelVariationDb=-4.13753 RawXhaulState=UNREACHABLE RawXhaulStateAgeSec=32 XhaulState=UNREACHABLE DonorUnavailableActive=0 SatBackhaulHealthy=1 UavSwitchingXappAvailable=1 UavSwitchingXappState=AI_ACTIVE AiPredictedBackhaulMode=SATELLITE_FALLBACK BackhaulMode=SATELLITE_FALLBACK RicControlState=NEAR_RT_RIC_SWITCHING_TO_SATELLITE_BACKHAUL ActiveUavRic=TN_NEAR_RT_RIC NormalUeHandoverAllowed=1 UavMode=NEAR_RT_RIC_EMERGENCY_SWITCHING_WITH_SATELLITE_BACKHAUL
UAV_AUTONOMY_XAPP Time=62.5 DeploymentMode=tn-uav-satellite UavIndex=2 UavCellId=7 BestDonorCellId=4 BestDonorDistanceM=2088.12 XhaulConnected=1 XhaulChannelVariationDb=1.54536 RawXhaulState=UNREACHABLE RawXhaulStateAgeSec=42 XhaulState=UNREACHABLE DonorUnavailableActive=0 SatBackhaulHealthy=1 UavSwitchingXappAvailable=1 UavSwitchingXappState=AI_ACTIVE AiPredictedBackhaulMode=SATELLITE_FALLBACK BackhaulMode=SATELLITE_FALLBACK RicControlState=NEAR_RT_RIC_SWITCHING_TO_SATELLITE_BACKHAUL ActiveUavRic=TN_NEAR_RT_RIC NormalUeHandoverAllowed=1 UavMode=NEAR_RT_RIC_EMERGENCY_SWITCHING_WITH_SATELLITE_BACKHAUL
---- LOAD at t=62.5 ----
  cell 1 (TN) load=14/20
  cell 2 (TN) load=10/20
  cell 3 (TN) load=11/20
  cell 4 (TN) load=9/20
  cell 5 (NTN) load=8/15
  cell 6 (NTN) load=8/15
  cell 7 (NTN) load=2/15
LM HO UE=9 rnti=55 1->4 type=TN servingRsrp=-117.712 targetRsrp=-82.6068 targetLoadReal=9/20 targetLoadEff=9/20
LM HO_FAIL_LOW_RSRP UE=14 currCell=3 candCell=5 candRsrp=-114.987 < min=-110
UE 17 TTT_WAIT target=1 elapsed=0s need=2s
LM HO_FAIL_LOW_RSRP UE=20 currCell=1 candCell=5 candRsrp=-132.876 < min=-110
UE 23 TTT_WAIT target=1 elapsed=0s need=2s
UE 25 TTT_WAIT target=4 elapsed=0s need=2s
LM HO_FAIL_LOW_RSRP UE=26 currCell=2 candCell=5 candRsrp=-113.159 < min=-110
UE 29 TTT_WAIT target=3 elapsed=0s need=2s
UE 34 TTT_WAIT target=4 elapsed=0s need=2s
UE 35 TTT_WAIT target=1 elapsed=0s need=2s
LM HO_FAIL_LOW_RSRP UE=37 currCell=4 candCell=2 candRsrp=-121.537 < min=-110
LM HO_FAIL_LOW_RSRP UE=38 currCell=5 candCell=6 candRsrp=-122.015 < min=-110
UE 41 TTT_WAIT target=6 elapsed=0s need=2s
UE 46 TTT_WAIT target=3 elapsed=0s need=2s
UE 48 TTT_WAIT target=6 elapsed=0s need=2s
UE 54 TTT_WAIT target=2 elapsed=0s need=2s
UE 55 TTT_WAIT target=4 elapsed=0s need=2s
UE 58 TTT_WAIT target=3 elapsed=0s need=2s
UE 60 TTT_WAIT target=1 elapsed=0s need=2s
UE 61 TTT_WAIT target=2 elapsed=0s need=2s
LM HO_FAIL_LOW_RSRP UE=62 currCell=2 candCell=4 candRsrp=-122.184 < min=-110
LM HO_FAIL_LOW_RSRP UE=64 currCell=3 candCell=4 candRsrp=-126.724 < min=-110
LM HO_FAIL_LOW_RSRP UE=66 currCell=3 candCell=5 candRsrp=-124.37 < min=-110
LM HO_FAIL_LOW_RSRP UE=67 currCell=3 candCell=2 candRsrp=-115.137 < min=-110
UE 69 TTT_WAIT target=2 elapsed=0s need=2s
LM HO UE=70 rnti=35 2->4 type=TN servingRsrp=-129.514 targetRsrp=-109.1 targetLoadReal=9/20 targetLoadEff=10/20
UE 71 TTT_WAIT target=3 elapsed=0s need=2s
UE 72 TTT_WAIT target=3 elapsed=0s need=2s
LM HO UE=73 rnti=66 1->4 type=TN servingRsrp=-91.2165 targetRsrp=-84.9898 targetLoadReal=9/20 targetLoadEff=11/20
LM HO_FAIL_LOW_RSRP UE=75 currCell=3 candCell=5 candRsrp=-127.315 < min=-110
UE 77 TTT_WAIT target=4 elapsed=0s need=2s
UE 80 TTT_WAIT target=2 elapsed=0s need=2s
UE 82 TTT_WAIT target=7 elapsed=0s need=2s
LM HO_FAIL_LOW_RSRP UE=83 currCell=5 candCell=7 candRsrp=-125.592 < min=-110
UE 85 TTT_WAIT target=3 elapsed=0s need=2s
UE 87 TTT_WAIT target=4 elapsed=0s need=2s
LM HO_FAIL_LOW_RSRP UE=90 currCell=2 candCell=4 candRsrp=-111.025 < min=-110
UE 93 TTT_WAIT target=3 elapsed=0s need=2s
LM HO_FAIL_LOW_RSRP UE=102 currCell=2 candCell=4 candRsrp=-124.175 < min=-110
UE 112 TTT_WAIT target=1 elapsed=0s need=2s
UE 126 TTT_WAIT target=3 elapsed=0s need=2s
TRACE HO_SUCCESS Time=62.6151 IMSI=8 TargetCell=4 Type=TN TargetRSRP=-95.4616 ServingRSRP=-79.4878 BackhaulDlSnr=-999 BackhaulUlSnr=-999
TRACE HO_SUCCESS Time=62.6151 IMSI=72 TargetCell=4 Type=TN TargetRSRP=-104.663 ServingRSRP=-107.183 BackhaulDlSnr=-999 BackhaulUlSnr=-999
TRACE HO_SUCCESS Time=62.6151 IMSI=69 TargetCell=4 Type=TN TargetRSRP=-111.705 ServingRSRP=-95.7308 BackhaulDlSnr=-999 BackhaulUlSnr=-999
UAV_AUTONOMY_XAPP Time=64.5 DeploymentMode=tn-uav-satellite UavIndex=0 UavCellId=5 BestDonorCellId=2 BestDonorDistanceM=3983.58 XhaulConnected=1 XhaulChannelVariationDb=3.0158 RawXhaulState=UNREACHABLE RawXhaulStateAgeSec=60 XhaulState=UNREACHABLE DonorUnavailableActive=0 SatBackhaulHealthy=1 UavSwitchingXappAvailable=1 UavSwitchingXappState=AI_ACTIVE AiPredictedBackhaulMode=SATELLITE_FALLBACK BackhaulMode=SATELLITE_FALLBACK RicControlState=NEAR_RT_RIC_SWITCHING_TO_SATELLITE_BACKHAUL ActiveUavRic=TN_NEAR_RT_RIC NormalUeHandoverAllowed=1 UavMode=NEAR_RT_RIC_EMERGENCY_SWITCHING_WITH_SATELLITE_BACKHAUL
UAV_AUTONOMY_XAPP Time=64.5 DeploymentMode=tn-uav-satellite UavIndex=1 UavCellId=6 BestDonorCellId=4 BestDonorDistanceM=2234.95 XhaulConnected=1 XhaulChannelVariationDb=0.114613 RawXhaulState=UNREACHABLE RawXhaulStateAgeSec=34 XhaulState=UNREACHABLE DonorUnavailableActive=0 SatBackhaulHealthy=1 UavSwitchingXappAvailable=1 UavSwitchingXappState=AI_ACTIVE AiPredictedBackhaulMode=SATELLITE_FALLBACK BackhaulMode=SATELLITE_FALLBACK RicControlState=NEAR_RT_RIC_SWITCHING_TO_SATELLITE_BACKHAUL ActiveUavRic=TN_NEAR_RT_RIC NormalUeHandoverAllowed=1 UavMode=NEAR_RT_RIC_EMERGENCY_SWITCHING_WITH_SATELLITE_BACKHAUL
UAV_AUTONOMY_XAPP Time=64.5 DeploymentMode=tn-uav-satellite UavIndex=2 UavCellId=7 BestDonorCellId=4 BestDonorDistanceM=2123.24 XhaulConnected=1 XhaulChannelVariationDb=0.313872 RawXhaulState=UNREACHABLE RawXhaulStateAgeSec=44 XhaulState=UNREACHABLE DonorUnavailableActive=0 SatBackhaulHealthy=1 UavSwitchingXappAvailable=1 UavSwitchingXappState=AI_ACTIVE AiPredictedBackhaulMode=SATELLITE_FALLBACK BackhaulMode=SATELLITE_FALLBACK RicControlState=NEAR_RT_RIC_SWITCHING_TO_SATELLITE_BACKHAUL ActiveUavRic=TN_NEAR_RT_RIC NormalUeHandoverAllowed=1 UavMode=NEAR_RT_RIC_EMERGENCY_SWITCHING_WITH_SATELLITE_BACKHAUL
---- LOAD at t=64.5 ----
  cell 1 (TN) load=12/20
  cell 2 (TN) load=9/20
  cell 3 (TN) load=11/20
  cell 4 (TN) load=12/20
  cell 5 (NTN) load=8/15
  cell 6 (NTN) load=8/15
  cell 7 (NTN) load=2/15
UE 9 TTT_WAIT target=2 elapsed=0s need=2s
UE 14 TTT_WAIT target=2 elapsed=0s need=2s
UE 16 TTT_WAIT target=6 elapsed=0s need=2s
UE 18 TTT_WAIT target=3 elapsed=0s need=2s
UE 21 TTT_WAIT target=7 elapsed=0s need=2s
UE 23 TTT_WAIT target=2 elapsed=0s need=2s
LM HO_FAIL_LOW_RSRP UE=25 currCell=7 candCell=6 candRsrp=-120.243 < min=-110
LM HO UE=29 rnti=69 1->3 type=TN servingRsrp=-95.1357 targetRsrp=-89.2299 targetLoadReal=11/20 targetLoadEff=11/20
UE 33 TTT_WAIT target=1 elapsed=0s need=2s
LM HO UE=34 rnti=72 6->4 type=TN servingRsrp=-119.542 targetRsrp=-83.5634 targetLoadReal=12/20 targetLoadEff=12/20
UE 35 TTT_WAIT target=6 elapsed=0s need=2s
UE 37 TTT_WAIT target=7 elapsed=0s need=2s
UE 38 TTT_WAIT target=3 elapsed=0s need=2s
UE 39 TTT_WAIT target=6 elapsed=0s need=2s
LM HO UE=41 rnti=9 2->6 type=NTN servingRsrp=-115.245 targetRsrp=-103.473 targetLoadReal=8/15 targetLoadEff=8/15
UE 42 TTT_WAIT target=1 elapsed=0s need=2s
UE 43 TTT_WAIT target=5 elapsed=0s need=2s
UE 45 TTT_WAIT target=3 elapsed=0s need=2s
LM HO UE=48 rnti=55 4->6 type=NTN servingRsrp=-121.49 targetRsrp=-93.1813 targetLoadReal=8/15 targetLoadEff=9/15
LM HO UE=54 rnti=68 1->2 type=TN servingRsrp=-115.064 targetRsrp=-99.9054 targetLoadReal=9/20 targetLoadEff=9/20
LM HO UE=55 rnti=53 1->4 type=TN servingRsrp=-119.078 targetRsrp=-91.8069 targetLoadReal=12/20 targetLoadEff=13/20
UE 56 TTT_WAIT target=3 elapsed=0s need=2s
LM HO UE=58 rnti=48 5->3 type=TN servingRsrp=-112.296 targetRsrp=-96.6141 targetLoadReal=11/20 targetLoadEff=12/20
LM HO_FAIL_LOW_RSRP UE=61 currCell=4 candCell=6 candRsrp=-118.147 < min=-110
LM HO_FAIL_LOW_RSRP UE=62 currCell=2 candCell=1 candRsrp=-120.273 < min=-110
LM HO_FAIL_LOW_RSRP UE=64 currCell=3 candCell=4 candRsrp=-116.064 < min=-110
LM HO_FAIL_LOW_RSRP UE=66 currCell=3 candCell=5 candRsrp=-113.464 < min=-110
LM HO_FAIL_LOW_RSRP UE=67 currCell=3 candCell=5 candRsrp=-115.669 < min=-110
LM HO UE=71 rnti=51 1->3 type=TN servingRsrp=-113.832 targetRsrp=-97.0922 targetLoadReal=11/20 targetLoadEff=13/20
UE 73 TTT_WAIT target=6 elapsed=0s need=2s
UE 75 TTT_WAIT target=2 elapsed=0s need=2s
LM HO UE=77 rnti=56 6->4 type=TN servingRsrp=-120.573 targetRsrp=-98.0994 targetLoadReal=12/20 targetLoadEff=14/20
LM HO UE=80 rnti=58 3->2 type=TN servingRsrp=-102.656 targetRsrp=-100.01 targetLoadReal=9/20 targetLoadEff=10/20
LM HO_FAIL_LOW_RSRP UE=82 currCell=4 candCell=6 candRsrp=-130.091 < min=-110
LM HO UE=85 rnti=40 6->3 type=TN servingRsrp=-121.457 targetRsrp=-101.207 targetLoadReal=11/20 targetLoadEff=14/20
UE 87 TTT_WAIT target=1 elapsed=0s need=2s
UE 90 TTT_WAIT target=7 elapsed=0s need=2s
LM HO UE=93 rnti=36 2->3 type=TN servingRsrp=-125.452 targetRsrp=-98.3944 targetLoadReal=11/20 targetLoadEff=15/20
UE 101 TTT_WAIT target=1 elapsed=0s need=2s
LM HO_FAIL_LOW_RSRP UE=102 currCell=2 candCell=5 candRsrp=-129.866 < min=-110
LM HO UE=112 rnti=80 5->1 type=TN servingRsrp=-131.255 targetRsrp=-105.638 targetLoadReal=12/20 targetLoadEff=12/20
TRACE HO_SUCCESS Time=64.6151 IMSI=111 TargetCell=1 Type=TN TargetRSRP=-134.071 ServingRSRP=-123.163 BackhaulDlSnr=-999 BackhaulUlSnr=-999
TRACE HO_SUCCESS Time=64.6151 IMSI=53 TargetCell=2 Type=TN TargetRSRP=-138.811 ServingRSRP=-98.0888 BackhaulDlSnr=-999 BackhaulUlSnr=-999
TRACE HO_SUCCESS Time=64.6151 IMSI=79 TargetCell=2 Type=TN TargetRSRP=-95.0322 ServingRSRP=-87.8355 BackhaulDlSnr=-999 BackhaulUlSnr=-999
TRACE HO_SUCCESS Time=64.6151 IMSI=70 TargetCell=3 Type=TN TargetRSRP=-123.478 ServingRSRP=-90.2788 BackhaulDlSnr=-999 BackhaulUlSnr=-999
TRACE HO_SUCCESS Time=64.6151 IMSI=28 TargetCell=3 Type=TN TargetRSRP=-91.5441 ServingRSRP=-97.5247 BackhaulDlSnr=-999 BackhaulUlSnr=-999
TRACE HO_SUCCESS Time=64.6151 IMSI=92 TargetCell=3 Type=TN TargetRSRP=-112.333 ServingRSRP=-88.1758 BackhaulDlSnr=-999 BackhaulUlSnr=-999
TRACE HO_SUCCESS Time=64.6151 IMSI=57 TargetCell=3 Type=TN TargetRSRP=-126.551 ServingRSRP=-121.055 BackhaulDlSnr=-999 BackhaulUlSnr=-999
TRACE HO_SUCCESS Time=64.6151 IMSI=84 TargetCell=3 Type=TN TargetRSRP=-138.292 ServingRSRP=-117.855 BackhaulDlSnr=-999 BackhaulUlSnr=-999
TRACE HO_SUCCESS Time=64.6151 IMSI=54 TargetCell=4 Type=TN TargetRSRP=-108.087 ServingRSRP=-99.8189 BackhaulDlSnr=-999 BackhaulUlSnr=-999
TRACE HO_SUCCESS Time=64.6151 IMSI=76 TargetCell=4 Type=TN TargetRSRP=-99.9289 ServingRSRP=-122.718 BackhaulDlSnr=-999 BackhaulUlSnr=-999
TRACE HO_SUCCESS Time=64.6151 IMSI=33 TargetCell=4 Type=TN TargetRSRP=-113.523 ServingRSRP=-95.8792 BackhaulDlSnr=-999 BackhaulUlSnr=-999
TRACE HO_SUCCESS Time=64.6151 IMSI=40 TargetCell=6 Type=NTN TargetRSRP=-116.623 ServingRSRP=-94.2519 BackhaulDlSnr=14.0927 BackhaulUlSnr=9.57206
TRACE HO_SUCCESS Time=64.6151 IMSI=47 TargetCell=6 Type=NTN TargetRSRP=-122.964 ServingRSRP=-88.7645 BackhaulDlSnr=14.0927 BackhaulUlSnr=9.57206
UAV_AUTONOMY_XAPP Time=66.5 DeploymentMode=tn-uav-satellite UavIndex=0 UavCellId=5 BestDonorCellId=3 BestDonorDistanceM=3705.25 XhaulConnected=1 XhaulChannelVariationDb=-1.36339 RawXhaulState=UNREACHABLE RawXhaulStateAgeSec=62 XhaulState=UNREACHABLE DonorUnavailableActive=0 SatBackhaulHealthy=1 UavSwitchingXappAvailable=1 UavSwitchingXappState=AI_ACTIVE AiPredictedBackhaulMode=SATELLITE_FALLBACK BackhaulMode=SATELLITE_FALLBACK RicControlState=NEAR_RT_RIC_SWITCHING_TO_SATELLITE_BACKHAUL ActiveUavRic=TN_NEAR_RT_RIC NormalUeHandoverAllowed=1 UavMode=NEAR_RT_RIC_EMERGENCY_SWITCHING_WITH_SATELLITE_BACKHAUL
UAV_AUTONOMY_XAPP Time=66.5 DeploymentMode=tn-uav-satellite UavIndex=1 UavCellId=6 BestDonorCellId=4 BestDonorDistanceM=2241.37 XhaulConnected=1 XhaulChannelVariationDb=0.368929 RawXhaulState=UNREACHABLE RawXhaulStateAgeSec=36 XhaulState=UNREACHABLE DonorUnavailableActive=0 SatBackhaulHealthy=1 UavSwitchingXappAvailable=1 UavSwitchingXappState=AI_ACTIVE AiPredictedBackhaulMode=SATELLITE_FALLBACK BackhaulMode=SATELLITE_FALLBACK RicControlState=NEAR_RT_RIC_SWITCHING_TO_SATELLITE_BACKHAUL ActiveUavRic=TN_NEAR_RT_RIC NormalUeHandoverAllowed=1 UavMode=NEAR_RT_RIC_EMERGENCY_SWITCHING_WITH_SATELLITE_BACKHAUL
UAV_AUTONOMY_XAPP Time=66.5 DeploymentMode=tn-uav-satellite UavIndex=2 UavCellId=7 BestDonorCellId=4 BestDonorDistanceM=2117.33 XhaulConnected=1 XhaulChannelVariationDb=1.69334 RawXhaulState=UNREACHABLE RawXhaulStateAgeSec=46 XhaulState=UNREACHABLE DonorUnavailableActive=0 SatBackhaulHealthy=1 UavSwitchingXappAvailable=1 UavSwitchingXappState=AI_ACTIVE AiPredictedBackhaulMode=SATELLITE_FALLBACK BackhaulMode=SATELLITE_FALLBACK RicControlState=NEAR_RT_RIC_SWITCHING_TO_SATELLITE_BACKHAUL ActiveUavRic=TN_NEAR_RT_RIC NormalUeHandoverAllowed=1 UavMode=NEAR_RT_RIC_EMERGENCY_SWITCHING_WITH_SATELLITE_BACKHAUL
---- LOAD at t=66.5 ----
  cell 1 (TN) load=9/20
  cell 2 (TN) load=9/20
  cell 3 (TN) load=15/20
  cell 4 (TN) load=14/20
  cell 5 (NTN) load=6/15
  cell 6 (NTN) load=7/15
  cell 7 (NTN) load=2/15
UE 9 TTT_WAIT target=3 elapsed=0s need=2s
LM HO_FAIL_LOW_RSRP UE=20 currCell=1 candCell=7 candRsrp=-133.88 < min=-110
LM HO UE=21 rnti=63 4->7 type=NTN servingRsrp=-104.552 targetRsrp=-95.7425 targetLoadReal=2/15 targetLoadEff=2/15
LM HO UE=23 rnti=74 3->2 type=TN servingRsrp=-112.534 targetRsrp=-82.488 targetLoadReal=9/20 targetLoadEff=9/20
LM HO_FAIL_LOW_RSRP UE=25 currCell=7 candCell=6 candRsrp=-122.766 < min=-110
UE 26 TTT_WAIT target=3 elapsed=0s need=2s
UE 32 TTT_WAIT target=7 elapsed=0s need=2s
UE 33 TTT_WAIT target=7 elapsed=0s need=2s
UE 35 TTT_WAIT target=1 elapsed=0s need=2s
LM HO_FAIL_LOW_RSRP UE=37 currCell=4 candCell=7 candRsrp=-132.018 < min=-110
LM HO UE=38 rnti=72 5->3 type=TN servingRsrp=-92.3867 targetRsrp=-85.3968 targetLoadReal=15/20 targetLoadEff=15/20
UE 39 TTT_WAIT target=1 elapsed=0s need=2s
UE 41 TTT_WAIT target=1 elapsed=0s need=2s
LM HO_FAIL_LOW_RSRP UE=42 currCell=6 candCell=7 candRsrp=-111.969 < min=-110
LM HO UE=45 rnti=67 1->3 type=TN servingRsrp=-103.916 targetRsrp=-98.5244 targetLoadReal=15/20 targetLoadEff=16/20
UE 46 TTT_WAIT target=4 elapsed=0s need=2s
UE 47 TTT_WAIT target=4 elapsed=0s need=2s
UE 54 TTT_WAIT target=4 elapsed=0s need=2s
LM HO_FAIL_LOW_RSRP UE=55 currCell=4 candCell=7 candRsrp=-116.351 < min=-110
LM HO UE=56 rnti=23 1->3 type=TN servingRsrp=-100.629 targetRsrp=-91.5409 targetLoadReal=15/20 targetLoadEff=17/20
UE 58 TTT_WAIT target=5 elapsed=0s need=2s
UE 60 TTT_WAIT target=2 elapsed=0s need=2s
LM HO_FAIL_LOW_RSRP UE=62 currCell=2 candCell=5 candRsrp=-129.133 < min=-110
UE 64 TTT_WAIT target=2 elapsed=0s need=2s
LM HO_FAIL_LOW_RSRP UE=67 currCell=3 candCell=1 candRsrp=-115.431 < min=-110
UE 70 TTT_WAIT target=7 elapsed=0s need=2s
UE 71 TTT_WAIT target=1 elapsed=0s need=2s
UE 72 TTT_WAIT target=3 elapsed=0s need=2s
UE 75 TTT_WAIT target=1 elapsed=0s need=2s
UE 79 TTT_WAIT target=4 elapsed=0s need=2s
UE 80 TTT_WAIT target=3 elapsed=0s need=2s
UE 82 TTT_WAIT target=1 elapsed=0s need=2s
UE 85 TTT_WAIT target=2 elapsed=0s need=2s
UE 93 TTT_WAIT target=1 elapsed=0s need=2s
UE 112 TTT_WAIT target=5 elapsed=0s need=2s
UE 126 TTT_WAIT target=5 elapsed=0s need=2s
TRACE HO_SUCCESS Time=66.6151 IMSI=22 TargetCell=2 Type=TN TargetRSRP=-111.749 ServingRSRP=-94.9891 BackhaulDlSnr=-999 BackhaulUlSnr=-999
TRACE HO_SUCCESS Time=66.6151 IMSI=55 TargetCell=3 Type=TN TargetRSRP=-95.1115 ServingRSRP=-97.8578 BackhaulDlSnr=-999 BackhaulUlSnr=-999
TRACE HO_SUCCESS Time=66.6151 IMSI=44 TargetCell=3 Type=TN TargetRSRP=-125.128 ServingRSRP=-84.2788 BackhaulDlSnr=-999 BackhaulUlSnr=-999
TRACE HO_SUCCESS Time=66.6151 IMSI=37 TargetCell=3 Type=TN TargetRSRP=-119.352 ServingRSRP=-103.214 BackhaulDlSnr=-999 BackhaulUlSnr=-999
TRACE HO_SUCCESS Time=66.6151 IMSI=20 TargetCell=7 Type=NTN TargetRSRP=-110.73 ServingRSRP=-72.3342 BackhaulDlSnr=13.0212 BackhaulUlSnr=8.50064
UAV_AUTONOMY_XAPP Time=68.5 DeploymentMode=tn-uav-satellite UavIndex=0 UavCellId=5 BestDonorCellId=1 BestDonorDistanceM=3670.49 XhaulConnected=1 XhaulChannelVariationDb=1.65914 RawXhaulState=UNREACHABLE RawXhaulStateAgeSec=64 XhaulState=UNREACHABLE DonorUnavailableActive=0 SatBackhaulHealthy=1 UavSwitchingXappAvailable=1 UavSwitchingXappState=AI_ACTIVE AiPredictedBackhaulMode=SATELLITE_FALLBACK BackhaulMode=SATELLITE_FALLBACK RicControlState=NEAR_RT_RIC_SWITCHING_TO_SATELLITE_BACKHAUL ActiveUavRic=TN_NEAR_RT_RIC NormalUeHandoverAllowed=1 UavMode=NEAR_RT_RIC_EMERGENCY_SWITCHING_WITH_SATELLITE_BACKHAUL
UAV_AUTONOMY_XAPP Time=68.5 DeploymentMode=tn-uav-satellite UavIndex=1 UavCellId=6 BestDonorCellId=4 BestDonorDistanceM=2310.18 XhaulConnected=1 XhaulChannelVariationDb=-2.31126 RawXhaulState=UNREACHABLE RawXhaulStateAgeSec=38 XhaulState=UNREACHABLE DonorUnavailableActive=0 SatBackhaulHealthy=1 UavSwitchingXappAvailable=1 UavSwitchingXappState=AI_ACTIVE AiPredictedBackhaulMode=SATELLITE_FALLBACK BackhaulMode=SATELLITE_FALLBACK RicControlState=NEAR_RT_RIC_SWITCHING_TO_SATELLITE_BACKHAUL ActiveUavRic=TN_NEAR_RT_RIC NormalUeHandoverAllowed=1 UavMode=NEAR_RT_RIC_EMERGENCY_SWITCHING_WITH_SATELLITE_BACKHAUL
UAV_AUTONOMY_XAPP Time=68.5 DeploymentMode=tn-uav-satellite UavIndex=2 UavCellId=7 BestDonorCellId=4 BestDonorDistanceM=2154.99 XhaulConnected=1 XhaulChannelVariationDb=-2.13283 RawXhaulState=UNREACHABLE RawXhaulStateAgeSec=48 XhaulState=UNREACHABLE DonorUnavailableActive=0 SatBackhaulHealthy=1 UavSwitchingXappAvailable=1 UavSwitchingXappState=AI_ACTIVE AiPredictedBackhaulMode=SATELLITE_FALLBACK BackhaulMode=SATELLITE_FALLBACK RicControlState=NEAR_RT_RIC_SWITCHING_TO_SATELLITE_BACKHAUL ActiveUavRic=TN_NEAR_RT_RIC NormalUeHandoverAllowed=1 UavMode=NEAR_RT_RIC_EMERGENCY_SWITCHING_WITH_SATELLITE_BACKHAUL
---- LOAD at t=68.5 ----
  cell 1 (TN) load=7/20
  cell 2 (TN) load=10/20
  cell 3 (TN) load=17/20
  cell 4 (TN) load=13/20
  cell 5 (NTN) load=5/15
  cell 6 (NTN) load=7/15
  cell 7 (NTN) load=3/15
UE 9 TTT_WAIT target=2 elapsed=0s need=2s
UE 14 TTT_WAIT target=5 elapsed=0s need=2s
UE 20 TTT_WAIT target=3 elapsed=0s need=2s
UE 21 TTT_WAIT target=4 elapsed=0s need=2s
UE 23 TTT_WAIT target=1 elapsed=0s need=2s
UE 24 TTT_WAIT target=2 elapsed=0s need=2s
UE 25 TTT_WAIT target=4 elapsed=0s need=2s
LM HO_FAIL_LOW_RSRP UE=26 currCell=2 candCell=4 candRsrp=-111.831 < min=-110
UE 33 TTT_WAIT target=1 elapsed=0s need=2s
UE 34 TTT_WAIT target=3 elapsed=0s need=2s
LM HO UE=35 rnti=8 5->1 type=TN servingRsrp=-101.399 targetRsrp=-89.1283 targetLoadReal=7/20 targetLoadEff=7/20
LM HO_FAIL_LOW_RSRP UE=37 currCell=4 candCell=7 candRsrp=-125.039 < min=-110
UE 38 TTT_WAIT target=5 elapsed=0s need=2s
UE 39 TTT_WAIT target=6 elapsed=0s need=2s
UE 45 TTT_WAIT target=1 elapsed=0s need=2s
UE 49 TTT_WAIT target=6 elapsed=0s need=2s
UE 54 TTT_WAIT target=1 elapsed=0s need=2s
UE 56 TTT_WAIT target=1 elapsed=0s need=2s
UE 57 TTT_WAIT target=3 elapsed=0s need=2s
LM HO_FAIL_LOW_RSRP UE=58 currCell=3 candCell=2 candRsrp=-125.654 < min=-110
LM HO_FAIL_LOW_RSRP UE=60 currCell=3 candCell=2 candRsrp=-110.522 < min=-110
UE 61 TTT_WAIT target=1 elapsed=0s need=2s
UE 62 TTT_WAIT target=6 elapsed=0s need=2s
UE 64 TTT_WAIT target=4 elapsed=0s need=2s
LM HO_FAIL_LOW_RSRP UE=66 currCell=3 candCell=1 candRsrp=-122.543 < min=-110
UE 69 TTT_WAIT target=7 elapsed=0s need=2s
UE 71 TTT_WAIT target=2 elapsed=0s need=2s
UE 75 TTT_WAIT target=2 elapsed=0s need=2s
LM HO UE=80 rnti=60 2->3 type=TN servingRsrp=-120.842 targetRsrp=-101.195 targetLoadReal=17/20 targetLoadEff=17/20
UE 85 TTT_WAIT target=7 elapsed=0s need=2s
LM HO_FAIL_LOW_RSRP UE=90 currCell=2 candCell=7 candRsrp=-123.765 < min=-110
UE 93 TTT_WAIT target=4 elapsed=0s need=2s
UE 101 TTT_WAIT target=7 elapsed=0s need=2s
UE 102 TTT_WAIT target=1 elapsed=0s need=2s
LM HO_FAIL_LOW_RSRP UE=112 currCell=1 candCell=3 candRsrp=-132.771 < min=-110
TRACE HO_SUCCESS Time=68.6151 IMSI=34 TargetCell=1 Type=TN TargetRSRP=-99.5913 ServingRSRP=-130.568 BackhaulDlSnr=-999 BackhaulUlSnr=-999
TRACE HO_SUCCESS Time=68.6151 IMSI=79 TargetCell=3 Type=TN TargetRSRP=-103.497 ServingRSRP=-109.948 BackhaulDlSnr=-999 BackhaulUlSnr=-999
UAV_AUTONOMY_XAPP Time=70.5 DeploymentMode=tn-uav-satellite UavIndex=0 UavCellId=5 BestDonorCellId=1 BestDonorDistanceM=3740.31 XhaulConnected=1 XhaulChannelVariationDb=-2.88542 RawXhaulState=UNREACHABLE RawXhaulStateAgeSec=66 XhaulState=UNREACHABLE DonorUnavailableActive=0 SatBackhaulHealthy=1 UavSwitchingXappAvailable=1 UavSwitchingXappState=AI_ACTIVE AiPredictedBackhaulMode=SATELLITE_FALLBACK BackhaulMode=SATELLITE_FALLBACK RicControlState=NEAR_RT_RIC_SWITCHING_TO_SATELLITE_BACKHAUL ActiveUavRic=TN_NEAR_RT_RIC NormalUeHandoverAllowed=1 UavMode=NEAR_RT_RIC_EMERGENCY_SWITCHING_WITH_SATELLITE_BACKHAUL
UAV_AUTONOMY_XAPP Time=70.5 DeploymentMode=tn-uav-satellite UavIndex=1 UavCellId=6 BestDonorCellId=4 BestDonorDistanceM=2379.05 XhaulConnected=1 XhaulChannelVariationDb=-2.30576 RawXhaulState=UNREACHABLE RawXhaulStateAgeSec=40 XhaulState=UNREACHABLE DonorUnavailableActive=0 SatBackhaulHealthy=1 UavSwitchingXappAvailable=1 UavSwitchingXappState=AI_ACTIVE AiPredictedBackhaulMode=SATELLITE_FALLBACK BackhaulMode=SATELLITE_FALLBACK RicControlState=NEAR_RT_RIC_SWITCHING_TO_SATELLITE_BACKHAUL ActiveUavRic=TN_NEAR_RT_RIC NormalUeHandoverAllowed=1 UavMode=NEAR_RT_RIC_EMERGENCY_SWITCHING_WITH_SATELLITE_BACKHAUL
UAV_AUTONOMY_XAPP Time=70.5 DeploymentMode=tn-uav-satellite UavIndex=2 UavCellId=7 BestDonorCellId=4 BestDonorDistanceM=2193.79 XhaulConnected=1 XhaulChannelVariationDb=-3.44298 RawXhaulState=UNREACHABLE RawXhaulStateAgeSec=50 XhaulState=UNREACHABLE DonorUnavailableActive=0 SatBackhaulHealthy=1 UavSwitchingXappAvailable=1 UavSwitchingXappState=AI_ACTIVE AiPredictedBackhaulMode=SATELLITE_FALLBACK BackhaulMode=SATELLITE_FALLBACK RicControlState=NEAR_RT_RIC_SWITCHING_TO_SATELLITE_BACKHAUL ActiveUavRic=TN_NEAR_RT_RIC NormalUeHandoverAllowed=1 UavMode=NEAR_RT_RIC_EMERGENCY_SWITCHING_WITH_SATELLITE_BACKHAUL
---- LOAD at t=70.5 ----
  cell 1 (TN) load=8/20
  cell 2 (TN) load=9/20
  cell 3 (TN) load=18/20
  cell 4 (TN) load=13/20
  cell 5 (NTN) load=4/15
  cell 6 (NTN) load=7/15
  cell 7 (NTN) load=3/15
UE 9 TTT_WAIT target=3 elapsed=0s need=2s
LM HO_FAIL_LOW_RSRP UE=14 currCell=3 candCell=6 candRsrp=-120.626 < min=-110
UE 15 TTT_WAIT target=1 elapsed=0s need=2s
LM HO UE=20 rnti=65 1->3 type=TN servingRsrp=-117.318 targetRsrp=-101.904 targetLoadReal=18/20 targetLoadEff=18/20
LM HO UE=21 rnti=75 7->4 type=TN servingRsrp=-132.162 targetRsrp=-73.0732 targetLoadReal=13/20 targetLoadEff=13/20
UE 25 TTT_WAIT target=1 elapsed=0s need=2s
UE 29 TTT_WAIT target=1 elapsed=0s need=2s
LM HO_FAIL_LOW_RSRP UE=34 currCell=4 candCell=6 candRsrp=-117.406 < min=-110
LM HO_FAIL_LOW_RSRP UE=37 currCell=4 candCell=3 candRsrp=-114.825 < min=-110
LM HO_FAIL_LOW_RSRP UE=38 currCell=3 candCell=5 candRsrp=-124.511 < min=-110
LM HO_FAIL_LOW_RSRP UE=41 currCell=6 candCell=7 candRsrp=-121.455 < min=-110
UE 42 TTT_WAIT target=2 elapsed=0s need=2s
UE 43 TTT_WAIT target=1 elapsed=0s need=2s
LM HO UE=45 rnti=81 3->1 type=TN servingRsrp=-111.093 targetRsrp=-101.92 targetLoadReal=8/20 targetLoadEff=8/20
UE 46 TTT_WAIT target=7 elapsed=0s need=2s
UE 48 TTT_WAIT target=7 elapsed=0s need=2s
LM HO_FAIL_LOW_RSRP UE=54 currCell=2 candCell=3 candRsrp=-111.949 < min=-110
LM HO_FAIL_LOW_RSRP UE=55 currCell=4 candCell=1 candRsrp=-113.657 < min=-110
UE 56 TTT_WAIT target=2 elapsed=0s need=2s
LM HO_FAIL_LOW_RSRP UE=57 currCell=5 candCell=6 candRsrp=-122.393 < min=-110
LM HO_FAIL_LOW_RSRP UE=60 currCell=3 candCell=5 candRsrp=-130.877 < min=-110
LM HO UE=61 rnti=44 4->1 type=TN servingRsrp=-117.686 targetRsrp=-102.105 targetLoadReal=8/20 targetLoadEff=9/20
LM HO_FAIL_LOW_RSRP UE=62 currCell=2 candCell=1 candRsrp=-131.519 < min=-110
LM HO UE=64 rnti=73 3->4 type=TN servingRsrp=-139.96 targetRsrp=-99.1741 targetLoadReal=13/20 targetLoadEff=14/20
UE 66 TTT_WAIT target=1 elapsed=0s need=2s
LM HO_FAIL_LOW_RSRP UE=67 currCell=3 candCell=7 candRsrp=-121.464 < min=-110
LM HO UE=69 rnti=65 4->7 type=NTN servingRsrp=-93.46 targetRsrp=-87.0629 targetLoadReal=3/15 targetLoadEff=3/15
UE 70 TTT_WAIT target=1 elapsed=0s need=2s
LM HO UE=71 rnti=79 3->2 type=TN servingRsrp=-130.715 targetRsrp=-81.5176 targetLoadReal=9/20 targetLoadEff=9/20
UE 72 TTT_WAIT target=1 elapsed=0s need=2s
UE 73 TTT_WAIT target=1 elapsed=0s need=2s
UE 75 TTT_WAIT target=5 elapsed=0s need=2s
LM HO_FAIL_LOW_RSRP UE=82 currCell=4 candCell=1 candRsrp=-116.161 < min=-110
UE 85 TTT_WAIT target=4 elapsed=0s need=2s
UE 90 TTT_WAIT target=3 elapsed=0s need=2s
UE 93 TTT_WAIT target=2 elapsed=0s need=2s
UE 112 TTT_WAIT target=2 elapsed=0s need=2s
TRACE HO_SUCCESS Time=70.6151 IMSI=44 TargetCell=1 Type=TN TargetRSRP=-104.856 ServingRSRP=-97.6493 BackhaulDlSnr=-999 BackhaulUlSnr=-999
TRACE HO_SUCCESS Time=70.6151 IMSI=60 TargetCell=1 Type=TN TargetRSRP=-132.349 ServingRSRP=-95.922 BackhaulDlSnr=-999 BackhaulUlSnr=-999
TRACE HO_SUCCESS Time=70.6151 IMSI=70 TargetCell=2 Type=TN TargetRSRP=-111.334 ServingRSRP=-120.327 BackhaulDlSnr=-999 BackhaulUlSnr=-999
TRACE HO_SUCCESS Time=70.6151 IMSI=19 TargetCell=3 Type=TN TargetRSRP=-111.123 ServingRSRP=-114.535 BackhaulDlSnr=-999 BackhaulUlSnr=-999
TRACE HO_SUCCESS Time=70.6151 IMSI=63 TargetCell=4 Type=TN TargetRSRP=-117.353 ServingRSRP=-95.6498 BackhaulDlSnr=-999 BackhaulUlSnr=-999
TRACE HO_SUCCESS Time=70.6151 IMSI=20 TargetCell=4 Type=TN TargetRSRP=-96.1274 ServingRSRP=-90.0673 BackhaulDlSnr=-999 BackhaulUlSnr=-999
TRACE HO_SUCCESS Time=70.6151 IMSI=68 TargetCell=7 Type=NTN TargetRSRP=-120.496 ServingRSRP=-101.21 BackhaulDlSnr=11.3326 BackhaulUlSnr=6.81196
UAV_AUTONOMY_XAPP Time=72.5 DeploymentMode=tn-uav-satellite UavIndex=0 UavCellId=5 BestDonorCellId=1 BestDonorDistanceM=3810.12 XhaulConnected=1 XhaulChannelVariationDb=1.35516 RawXhaulState=UNREACHABLE RawXhaulStateAgeSec=68 XhaulState=UNREACHABLE DonorUnavailableActive=0 SatBackhaulHealthy=1 UavSwitchingXappAvailable=1 UavSwitchingXappState=AI_ACTIVE AiPredictedBackhaulMode=SATELLITE_FALLBACK BackhaulMode=SATELLITE_FALLBACK RicControlState=NEAR_RT_RIC_SWITCHING_TO_SATELLITE_BACKHAUL ActiveUavRic=TN_NEAR_RT_RIC NormalUeHandoverAllowed=1 UavMode=NEAR_RT_RIC_EMERGENCY_SWITCHING_WITH_SATELLITE_BACKHAUL
UAV_AUTONOMY_XAPP Time=72.5 DeploymentMode=tn-uav-satellite UavIndex=1 UavCellId=6 BestDonorCellId=4 BestDonorDistanceM=2447.96 XhaulConnected=1 XhaulChannelVariationDb=-1.54976 RawXhaulState=UNREACHABLE RawXhaulStateAgeSec=42 XhaulState=UNREACHABLE DonorUnavailableActive=0 SatBackhaulHealthy=1 UavSwitchingXappAvailable=1 UavSwitchingXappState=AI_ACTIVE AiPredictedBackhaulMode=SATELLITE_FALLBACK BackhaulMode=SATELLITE_FALLBACK RicControlState=NEAR_RT_RIC_SWITCHING_TO_SATELLITE_BACKHAUL ActiveUavRic=TN_NEAR_RT_RIC NormalUeHandoverAllowed=1 UavMode=NEAR_RT_RIC_EMERGENCY_SWITCHING_WITH_SATELLITE_BACKHAUL
UAV_AUTONOMY_XAPP Time=72.5 DeploymentMode=tn-uav-satellite UavIndex=2 UavCellId=7 BestDonorCellId=2 BestDonorDistanceM=2799.12 XhaulConnected=1 XhaulChannelVariationDb=3.75949 RawXhaulState=UNREACHABLE RawXhaulStateAgeSec=52 XhaulState=UNREACHABLE DonorUnavailableActive=0 SatBackhaulHealthy=1 UavSwitchingXappAvailable=1 UavSwitchingXappState=AI_ACTIVE AiPredictedBackhaulMode=SATELLITE_FALLBACK BackhaulMode=SATELLITE_FALLBACK RicControlState=NEAR_RT_RIC_SWITCHING_TO_SATELLITE_BACKHAUL ActiveUavRic=TN_NEAR_RT_RIC NormalUeHandoverAllowed=1 UavMode=NEAR_RT_RIC_EMERGENCY_SWITCHING_WITH_SATELLITE_BACKHAUL
---- LOAD at t=72.5 ----
  cell 1 (TN) load=9/20
  cell 2 (TN) load=10/20
  cell 3 (TN) load=16/20
  cell 4 (TN) load=13/20
  cell 5 (NTN) load=4/15
  cell 6 (NTN) load=7/15
  cell 7 (NTN) load=3/15
UE 9 TTT_WAIT target=1 elapsed=0s need=2s
UE 13 TTT_WAIT target=1 elapsed=0s need=2s
UE 14 TTT_WAIT target=1 elapsed=0s need=2s
LM HO_FAIL_LOW_RSRP UE=20 currCell=3 candCell=7 candRsrp=-123.926 < min=-110
UE 23 TTT_WAIT target=1 elapsed=0s need=2s
UE 24 TTT_WAIT target=3 elapsed=0s need=2s
UE 25 TTT_WAIT target=4 elapsed=0s need=2s
UE 26 TTT_WAIT target=3 elapsed=0s need=2s
LM HO_FAIL_LOW_RSRP UE=34 currCell=4 candCell=6 candRsrp=-120.852 < min=-110
UE 35 TTT_WAIT target=5 elapsed=0s need=2s
LM HO_FAIL_LOW_RSRP UE=37 currCell=4 candCell=5 candRsrp=-116.297 < min=-110
UE 42 TTT_WAIT target=4 elapsed=0s need=2s
UE 45 TTT_WAIT target=2 elapsed=0s need=2s
LM HO_FAIL_LOW_RSRP UE=46 currCell=6 candCell=5 candRsrp=-113.107 < min=-110
LM HO_FAIL_LOW_RSRP UE=54 currCell=2 candCell=1 candRsrp=-115.379 < min=-110
UE 55 TTT_WAIT target=1 elapsed=0s need=2s
UE 56 TTT_WAIT target=1 elapsed=0s need=2s
LM HO_FAIL_LOW_RSRP UE=57 currCell=5 candCell=6 candRsrp=-121.744 < min=-110
UE 60 TTT_WAIT target=1 elapsed=0s need=2s
LM HO_FAIL_LOW_RSRP UE=62 currCell=2 candCell=1 candRsrp=-131.806 < min=-110
LM HO_FAIL_LOW_RSRP UE=64 currCell=4 candCell=5 candRsrp=-111.616 < min=-110
UE 67 TTT_WAIT target=1 elapsed=0s need=2s
UE 70 TTT_WAIT target=6 elapsed=0s need=2s
UE 71 TTT_WAIT target=7 elapsed=0s need=2s
UE 72 TTT_WAIT target=3 elapsed=0s need=2s
UE 75 TTT_WAIT target=1 elapsed=0s need=2s
UE 80 TTT_WAIT target=1 elapsed=0s need=2s
LM HO_FAIL_LOW_RSRP UE=82 currCell=4 candCell=7 candRsrp=-118.919 < min=-110
UE 84 TTT_WAIT target=3 elapsed=0s need=2s
UE 85 TTT_WAIT target=2 elapsed=0s need=2s
LM HO_FAIL_LOW_RSRP UE=90 currCell=2 candCell=1 candRsrp=-127.378 < min=-110
LM HO_FAIL_LOW_RSRP UE=93 currCell=3 candCell=1 candRsrp=-110.61 < min=-110
LM HO_FAIL_LOW_RSRP UE=112 currCell=1 candCell=3 candRsrp=-134.974 < min=-110
UE 126 TTT_WAIT target=1 elapsed=0s need=2s
UAV_AUTONOMY_XAPP Time=74.5 DeploymentMode=tn-uav-satellite UavIndex=0 UavCellId=5 BestDonorCellId=3 BestDonorDistanceM=3981.88 XhaulConnected=1 XhaulChannelVariationDb=0.064473 RawXhaulState=UNREACHABLE RawXhaulStateAgeSec=70 XhaulState=UNREACHABLE DonorUnavailableActive=0 SatBackhaulHealthy=1 UavSwitchingXappAvailable=1 UavSwitchingXappState=AI_ACTIVE AiPredictedBackhaulMode=SATELLITE_FALLBACK BackhaulMode=SATELLITE_FALLBACK RicControlState=NEAR_RT_RIC_SWITCHING_TO_SATELLITE_BACKHAUL ActiveUavRic=TN_NEAR_RT_RIC NormalUeHandoverAllowed=1 UavMode=NEAR_RT_RIC_EMERGENCY_SWITCHING_WITH_SATELLITE_BACKHAUL
UAV_AUTONOMY_XAPP Time=74.5 DeploymentMode=tn-uav-satellite UavIndex=1 UavCellId=6 BestDonorCellId=4 BestDonorDistanceM=2516.92 XhaulConnected=1 XhaulChannelVariationDb=-3.30301 RawXhaulState=UNREACHABLE RawXhaulStateAgeSec=44 XhaulState=UNREACHABLE DonorUnavailableActive=0 SatBackhaulHealthy=1 UavSwitchingXappAvailable=1 UavSwitchingXappState=AI_ACTIVE AiPredictedBackhaulMode=SATELLITE_FALLBACK BackhaulMode=SATELLITE_FALLBACK RicControlState=NEAR_RT_RIC_SWITCHING_TO_SATELLITE_BACKHAUL ActiveUavRic=TN_NEAR_RT_RIC NormalUeHandoverAllowed=1 UavMode=NEAR_RT_RIC_EMERGENCY_SWITCHING_WITH_SATELLITE_BACKHAUL
UAV_AUTONOMY_XAPP Time=74.5 DeploymentMode=tn-uav-satellite UavIndex=2 UavCellId=7 BestDonorCellId=4 BestDonorDistanceM=2275.72 XhaulConnected=1 XhaulChannelVariationDb=3.35557 RawXhaulState=UNREACHABLE RawXhaulStateAgeSec=54 XhaulState=UNREACHABLE DonorUnavailableActive=0 SatBackhaulHealthy=1 UavSwitchingXappAvailable=1 UavSwitchingXappState=AI_ACTIVE AiPredictedBackhaulMode=SATELLITE_FALLBACK BackhaulMode=SATELLITE_FALLBACK RicControlState=NEAR_RT_RIC_SWITCHING_TO_SATELLITE_BACKHAUL ActiveUavRic=TN_NEAR_RT_RIC NormalUeHandoverAllowed=1 UavMode=NEAR_RT_RIC_EMERGENCY_SWITCHING_WITH_SATELLITE_BACKHAUL
---- LOAD at t=74.5 ----
  cell 1 (TN) load=9/20
  cell 2 (TN) load=10/20
  cell 3 (TN) load=16/20
  cell 4 (TN) load=13/20
  cell 5 (NTN) load=4/15
  cell 6 (NTN) load=8/15
  cell 7 (NTN) load=3/15
UE 9 TTT_WAIT target=2 elapsed=0s need=2s
LM HO_FAIL_LOW_RSRP UE=14 currCell=3 candCell=2 candRsrp=-120.828 < min=-110
UE 16 TTT_WAIT target=7 elapsed=0s need=2s
UE 18 TTT_WAIT target=3 elapsed=0s need=2s
UE 21 TTT_WAIT target=7 elapsed=0s need=2s
LM HO UE=23 rnti=61 2->1 type=TN servingRsrp=-108.1 targetRsrp=-94.0885 targetLoadReal=9/20 targetLoadEff=9/20
LM HO_FAIL_LOW_RSRP UE=25 currCell=7 candCell=6 candRsrp=-120.53 < min=-110
LM HO UE=26 rnti=58 2->3 type=TN servingRsrp=-120.231 targetRsrp=-92.8578 targetLoadReal=16/20 targetLoadEff=16/20
UE 34 TTT_WAIT target=2 elapsed=0s need=2s
LM HO_FAIL_LOW_RSRP UE=37 currCell=4 candCell=2 candRsrp=-116.08 < min=-110
UE 38 TTT_WAIT target=5 elapsed=0s need=2s
UE 39 TTT_WAIT target=1 elapsed=0s need=2s
LM HO UE=42 rnti=80 6->4 type=TN servingRsrp=-126.218 targetRsrp=-96.7399 targetLoadReal=13/20 targetLoadEff=13/20
UE 46 TTT_WAIT target=3 elapsed=0s need=2s
LM HO_FAIL_LOW_RSRP UE=54 currCell=2 candCell=1 candRsrp=-115.999 < min=-110
LM HO_FAIL_LOW_RSRP UE=55 currCell=4 candCell=7 candRsrp=-135.987 < min=-110
UE 57 TTT_WAIT target=3 elapsed=0s need=2s
LM HO_FAIL_LOW_RSRP UE=58 currCell=3 candCell=5 candRsrp=-124.345 < min=-110
UE 60 TTT_WAIT target=2 elapsed=0s need=2s
UE 61 TTT_WAIT target=3 elapsed=0s need=2s
LM HO_FAIL_LOW_RSRP UE=62 currCell=2 candCell=3 candRsrp=-115.501 < min=-110
LM HO_FAIL_LOW_RSRP UE=67 currCell=3 candCell=2 candRsrp=-116.381 < min=-110
UE 71 TTT_WAIT target=1 elapsed=0s need=2s
LM HO UE=75 rnti=67 3->1 type=TN servingRsrp=-108.512 targetRsrp=-105.011 targetLoadReal=9/20 targetLoadEff=10/20
LM HO_FAIL_LOW_RSRP UE=77 currCell=4 candCell=7 candRsrp=-125.71 < min=-110
UE 79 TTT_WAIT target=4 elapsed=0s need=2s
LM HO UE=84 rnti=54 1->3 type=TN servingRsrp=-96.5255 targetRsrp=-89.14 targetLoadReal=16/20 targetLoadEff=17/20
LM HO_FAIL_LOW_RSRP UE=85 currCell=3 candCell=4 candRsrp=-112.996 < min=-110
UE 90 TTT_WAIT target=3 elapsed=0s need=2s
LM HO_FAIL_LOW_RSRP UE=93 currCell=3 candCell=1 candRsrp=-118.837 < min=-110
LM HO_FAIL_LOW_RSRP UE=112 currCell=1 candCell=2 candRsrp=-111.332 < min=-110
TRACE HO_SUCCESS Time=74.6151 IMSI=22 TargetCell=1 Type=TN TargetRSRP=-105.788 ServingRSRP=-83.2162 BackhaulDlSnr=-999 BackhaulUlSnr=-999
TRACE HO_SUCCESS Time=74.6151 IMSI=74 TargetCell=1 Type=TN TargetRSRP=-116.704 ServingRSRP=-88.6937 BackhaulDlSnr=-999 BackhaulUlSnr=-999
TRACE HO_SUCCESS Time=74.6151 IMSI=83 TargetCell=3 Type=TN TargetRSRP=-112.666 ServingRSRP=-104.135 BackhaulDlSnr=-999 BackhaulUlSnr=-999
TRACE HO_SUCCESS Time=74.6151 IMSI=25 TargetCell=3 Type=TN TargetRSRP=-109.796 ServingRSRP=-121.881 BackhaulDlSnr=-999 BackhaulUlSnr=-999
TRACE HO_SUCCESS Time=74.6151 IMSI=41 TargetCell=4 Type=TN TargetRSRP=-132.681 ServingRSRP=-103.977 BackhaulDlSnr=-999 BackhaulUlSnr=-999
UAV_AUTONOMY_XAPP Time=76.5 DeploymentMode=tn-uav-satellite UavIndex=0 UavCellId=5 BestDonorCellId=1 BestDonorDistanceM=3949.77 XhaulConnected=1 XhaulChannelVariationDb=-2.48682 RawXhaulState=UNREACHABLE RawXhaulStateAgeSec=72 XhaulState=UNREACHABLE DonorUnavailableActive=0 SatBackhaulHealthy=1 UavSwitchingXappAvailable=1 UavSwitchingXappState=AI_ACTIVE AiPredictedBackhaulMode=SATELLITE_FALLBACK BackhaulMode=SATELLITE_FALLBACK RicControlState=NEAR_RT_RIC_SWITCHING_TO_SATELLITE_BACKHAUL ActiveUavRic=TN_NEAR_RT_RIC NormalUeHandoverAllowed=1 UavMode=NEAR_RT_RIC_EMERGENCY_SWITCHING_WITH_SATELLITE_BACKHAUL
UAV_AUTONOMY_XAPP Time=76.5 DeploymentMode=tn-uav-satellite UavIndex=1 UavCellId=6 BestDonorCellId=4 BestDonorDistanceM=2585.82 XhaulConnected=1 XhaulChannelVariationDb=-0.73322 RawXhaulState=UNREACHABLE RawXhaulStateAgeSec=46 XhaulState=UNREACHABLE DonorUnavailableActive=0 SatBackhaulHealthy=1 UavSwitchingXappAvailable=1 UavSwitchingXappState=AI_ACTIVE AiPredictedBackhaulMode=SATELLITE_FALLBACK BackhaulMode=SATELLITE_FALLBACK RicControlState=NEAR_RT_RIC_SWITCHING_TO_SATELLITE_BACKHAUL ActiveUavRic=TN_NEAR_RT_RIC NormalUeHandoverAllowed=1 UavMode=NEAR_RT_RIC_EMERGENCY_SWITCHING_WITH_SATELLITE_BACKHAUL
UAV_AUTONOMY_XAPP Time=76.5 DeploymentMode=tn-uav-satellite UavIndex=2 UavCellId=7 BestDonorCellId=4 BestDonorDistanceM=2319.21 XhaulConnected=1 XhaulChannelVariationDb=-0.143345 RawXhaulState=UNREACHABLE RawXhaulStateAgeSec=56 XhaulState=UNREACHABLE DonorUnavailableActive=0 SatBackhaulHealthy=1 UavSwitchingXappAvailable=1 UavSwitchingXappState=AI_ACTIVE AiPredictedBackhaulMode=SATELLITE_FALLBACK BackhaulMode=SATELLITE_FALLBACK RicControlState=NEAR_RT_RIC_SWITCHING_TO_SATELLITE_BACKHAUL ActiveUavRic=TN_NEAR_RT_RIC NormalUeHandoverAllowed=1 UavMode=NEAR_RT_RIC_EMERGENCY_SWITCHING_WITH_SATELLITE_BACKHAUL
---- LOAD at t=76.5 ----
  cell 1 (TN) load=11/20
  cell 2 (TN) load=8/20
  cell 3 (TN) load=17/20
  cell 4 (TN) load=14/20
  cell 5 (NTN) load=4/15
  cell 6 (NTN) load=7/15
  cell 7 (NTN) load=3/15
LM HO_FAIL_LOW_RSRP UE=9 currCell=4 candCell=2 candRsrp=-111.568 < min=-110
UE 14 TTT_WAIT target=2 elapsed=0s need=2s
LM HO_FAIL_LOW_RSRP UE=25 currCell=7 candCell=6 candRsrp=-124.135 < min=-110
UE 26 TTT_WAIT target=2 elapsed=0s need=2s
UE 32 TTT_WAIT target=6 elapsed=0s need=2s
UE 34 TTT_WAIT target=7 elapsed=0s need=2s
LM HO_FAIL_LOW_RSRP UE=35 currCell=1 candCell=7 candRsrp=-114.769 < min=-110
UE 37 TTT_WAIT target=1 elapsed=0s need=2s
LM HO_FAIL_LOW_RSRP UE=38 currCell=3 candCell=5 candRsrp=-131.78 < min=-110
UE 39 TTT_WAIT target=2 elapsed=0s need=2s
UE 41 TTT_WAIT target=2 elapsed=0s need=2s
LM HO_FAIL_LOW_RSRP UE=42 currCell=4 candCell=1 candRsrp=-127.292 < min=-110
UE 45 TTT_WAIT target=3 elapsed=0s need=2s
UE 46 TTT_WAIT target=4 elapsed=0s need=2s
UE 47 TTT_WAIT target=2 elapsed=0s need=2s
UE 48 TTT_WAIT target=4 elapsed=0s need=2s
UE 49 TTT_WAIT target=1 elapsed=0s need=2s
UE 55 TTT_WAIT target=1 elapsed=0s need=2s
UE 56 TTT_WAIT target=2 elapsed=0s need=2s
LM HO UE=60 rnti=57 3->2 type=TN servingRsrp=-121.35 targetRsrp=-101.669 targetLoadReal=8/20 targetLoadEff=8/20
UE 61 TTT_WAIT target=2 elapsed=0s need=2s
LM HO_FAIL_LOW_RSRP UE=62 currCell=2 candCell=5 candRsrp=-135.462 < min=-110
UE 64 TTT_WAIT target=2 elapsed=0s need=2s
UE 66 TTT_WAIT target=2 elapsed=0s need=2s
UE 67 TTT_WAIT target=2 elapsed=0s need=2s
UE 69 TTT_WAIT target=1 elapsed=0s need=2s
LM HO_FAIL_LOW_RSRP UE=71 currCell=2 candCell=7 candRsrp=-133.06 < min=-110
UE 72 TTT_WAIT target=1 elapsed=0s need=2s
UE 75 TTT_WAIT target=2 elapsed=0s need=2s
UE 77 TTT_WAIT target=6 elapsed=0s need=2s
LM HO_FAIL_LOW_RSRP UE=79 currCell=6 candCell=5 candRsrp=-112.727 < min=-110
LM HO_FAIL_LOW_RSRP UE=82 currCell=4 candCell=1 candRsrp=-112.483 < min=-110
UE 84 TTT_WAIT target=2 elapsed=0s need=2s
LM HO_FAIL_LOW_RSRP UE=85 currCell=3 candCell=4 candRsrp=-117.647 < min=-110
LM HO UE=90 rnti=32 2->3 type=TN servingRsrp=-134.954 targetRsrp=-98.7292 targetLoadReal=17/20 targetLoadEff=17/20
UE 93 TTT_WAIT target=4 elapsed=0s need=2s
UE 101 TTT_WAIT target=2 elapsed=0s need=2s
LM HO_FAIL_LOW_RSRP UE=102 currCell=2 candCell=3 candRsrp=-116.716 < min=-110
UE 107 TTT_WAIT target=1 elapsed=0s need=2s
UE 112 TTT_WAIT target=2 elapsed=0s need=2s
TRACE HO_SUCCESS Time=76.6151 IMSI=59 TargetCell=2 Type=TN TargetRSRP=-131.875 ServingRSRP=-93.4456 BackhaulDlSnr=-999 BackhaulUlSnr=-999
TRACE HO_SUCCESS Time=76.6151 IMSI=89 TargetCell=3 Type=TN TargetRSRP=-132.335 ServingRSRP=-97.0982 BackhaulDlSnr=-999 BackhaulUlSnr=-999
UAV_AUTONOMY_XAPP Time=78.5 DeploymentMode=tn-uav-satellite UavIndex=0 UavCellId=5 BestDonorCellId=1 BestDonorDistanceM=4019.61 XhaulConnected=1 XhaulChannelVariationDb=2.50609 RawXhaulState=UNREACHABLE RawXhaulStateAgeSec=74 XhaulState=UNREACHABLE DonorUnavailableActive=0 SatBackhaulHealthy=1 UavSwitchingXappAvailable=1 UavSwitchingXappState=AI_ACTIVE AiPredictedBackhaulMode=SATELLITE_FALLBACK BackhaulMode=SATELLITE_FALLBACK RicControlState=NEAR_RT_RIC_SWITCHING_TO_SATELLITE_BACKHAUL ActiveUavRic=TN_NEAR_RT_RIC NormalUeHandoverAllowed=1 UavMode=NEAR_RT_RIC_EMERGENCY_SWITCHING_WITH_SATELLITE_BACKHAUL
UAV_AUTONOMY_XAPP Time=78.5 DeploymentMode=tn-uav-satellite UavIndex=1 UavCellId=6 BestDonorCellId=4 BestDonorDistanceM=2654.86 XhaulConnected=1 XhaulChannelVariationDb=-1.59563 RawXhaulState=UNREACHABLE RawXhaulStateAgeSec=48 XhaulState=UNREACHABLE DonorUnavailableActive=0 SatBackhaulHealthy=1 UavSwitchingXappAvailable=1 UavSwitchingXappState=AI_ACTIVE AiPredictedBackhaulMode=SATELLITE_FALLBACK BackhaulMode=SATELLITE_FALLBACK RicControlState=NEAR_RT_RIC_SWITCHING_TO_SATELLITE_BACKHAUL ActiveUavRic=TN_NEAR_RT_RIC NormalUeHandoverAllowed=1 UavMode=NEAR_RT_RIC_EMERGENCY_SWITCHING_WITH_SATELLITE_BACKHAUL
UAV_AUTONOMY_XAPP Time=78.5 DeploymentMode=tn-uav-satellite UavIndex=2 UavCellId=7 BestDonorCellId=4 BestDonorDistanceM=2363.88 XhaulConnected=1 XhaulChannelVariationDb=0.55219 RawXhaulState=UNREACHABLE RawXhaulStateAgeSec=58 XhaulState=UNREACHABLE DonorUnavailableActive=0 SatBackhaulHealthy=1 UavSwitchingXappAvailable=1 UavSwitchingXappState=AI_ACTIVE AiPredictedBackhaulMode=SATELLITE_FALLBACK BackhaulMode=SATELLITE_FALLBACK RicControlState=NEAR_RT_RIC_SWITCHING_TO_SATELLITE_BACKHAUL ActiveUavRic=TN_NEAR_RT_RIC NormalUeHandoverAllowed=1 UavMode=NEAR_RT_RIC_EMERGENCY_SWITCHING_WITH_SATELLITE_BACKHAUL
---- LOAD at t=78.5 ----
  cell 1 (TN) load=11/20
  cell 2 (TN) load=8/20
  cell 3 (TN) load=17/20
  cell 4 (TN) load=14/20
  cell 5 (NTN) load=4/15
  cell 6 (NTN) load=7/15
  cell 7 (NTN) load=3/15
UE 9 TTT_WAIT target=2 elapsed=0s need=2s
UE 16 TTT_WAIT target=7 elapsed=0s need=2s
LM HO_FAIL_LOW_RSRP UE=21 currCell=4 candCell=7 candRsrp=-110.178 < min=-110
UE 23 TTT_WAIT target=2 elapsed=0s need=2s
UE 24 TTT_WAIT target=2 elapsed=0s need=2s
UE 25 TTT_WAIT target=6 elapsed=0s need=2s
UE 28 TTT_WAIT target=2 elapsed=0s need=2s
UE 29 TTT_WAIT target=2 elapsed=0s need=2s
LM HO_FAIL_LOW_RSRP UE=35 currCell=1 candCell=5 candRsrp=-125.879 < min=-110
UE 37 TTT_WAIT target=6 elapsed=0s need=2s
UE 38 TTT_WAIT target=1 elapsed=0s need=2s
LM HO UE=39 rnti=104 5->2 type=TN servingRsrp=-127.825 targetRsrp=-108.327 targetLoadReal=8/20 targetLoadEff=8/20
LM HO_FAIL_LOW_RSRP UE=42 currCell=4 candCell=2 candRsrp=-118.584 < min=-110
LM HO UE=46 rnti=15 6->4 type=TN servingRsrp=-119.968 targetRsrp=-103.673 targetLoadReal=14/20 targetLoadEff=14/20
LM HO UE=48 rnti=107 6->4 type=TN servingRsrp=-130.332 targetRsrp=-93.8195 targetLoadReal=14/20 targetLoadEff=15/20
LM HO_FAIL_LOW_RSRP UE=49 currCell=4 candCell=5 candRsrp=-126.532 < min=-110
UE 54 TTT_WAIT target=4 elapsed=0s need=2s
UE 56 TTT_WAIT target=1 elapsed=0s need=2s
UE 57 TTT_WAIT target=3 elapsed=0s need=2s
UE 60 TTT_WAIT target=3 elapsed=0s need=2s
UE 61 TTT_WAIT target=4 elapsed=0s need=2s
LM HO_FAIL_LOW_RSRP UE=62 currCell=2 candCell=1 candRsrp=-123.339 < min=-110
LM HO UE=67 rnti=69 3->2 type=TN servingRsrp=-122.867 targetRsrp=-102.979 targetLoadReal=8/20 targetLoadEff=9/20
UE 69 TTT_WAIT target=6 elapsed=0s need=2s
LM HO_FAIL_LOW_RSRP UE=70 currCell=4 candCell=1 candRsrp=-110.081 < min=-110
UE 71 TTT_WAIT target=1 elapsed=0s need=2s
LM HO_FAIL_LOW_RSRP UE=75 currCell=1 candCell=3 candRsrp=-113.174 < min=-110
UE 78 TTT_WAIT target=2 elapsed=0s need=2s
UE 82 TTT_WAIT target=6 elapsed=0s need=2s
LM HO UE=84 rnti=86 3->2 type=TN servingRsrp=-93.902 targetRsrp=-90.3972 targetLoadReal=8/20 targetLoadEff=10/20
LM HO_FAIL_LOW_RSRP UE=85 currCell=3 candCell=2 candRsrp=-115.033 < min=-110
LM HO_FAIL_LOW_RSRP UE=90 currCell=3 candCell=1 candRsrp=-110.247 < min=-110
LM HO_FAIL_LOW_RSRP UE=93 currCell=3 candCell=2 candRsrp=-131.997 < min=-110
LM HO_FAIL_LOW_RSRP UE=101 currCell=6 candCell=7 candRsrp=-117.478 < min=-110
LM HO_FAIL_LOW_RSRP UE=102 currCell=2 candCell=7 candRsrp=-123.202 < min=-110
LM HO_FAIL_LOW_RSRP UE=112 currCell=1 candCell=2 candRsrp=-119.964 < min=-110
LM HO_FAIL_LOW_RSRP UE=126 currCell=7 candCell=6 candRsrp=-122.76 < min=-110
TRACE HO_SUCCESS Time=78.6151 IMSI=83 TargetCell=2 Type=TN TargetRSRP=-108.933 ServingRSRP=-84.5077 BackhaulDlSnr=-999 BackhaulUlSnr=-999
TRACE HO_SUCCESS Time=78.6151 IMSI=66 TargetCell=2 Type=TN TargetRSRP=-117.316 ServingRSRP=-124.539 BackhaulDlSnr=-999 BackhaulUlSnr=-999
TRACE HO_SUCCESS Time=78.6151 IMSI=38 TargetCell=2 Type=TN TargetRSRP=-131.52 ServingRSRP=-97.2677 BackhaulDlSnr=-999 BackhaulUlSnr=-999
TRACE HO_SUCCESS Time=78.6151 IMSI=47 TargetCell=4 Type=TN TargetRSRP=-105.186 ServingRSRP=-106.343 BackhaulDlSnr=-999 BackhaulUlSnr=-999
TRACE HO_SUCCESS Time=78.6151 IMSI=45 TargetCell=4 Type=TN TargetRSRP=-120.654 ServingRSRP=-116.9 BackhaulDlSnr=-999 BackhaulUlSnr=-999
UAV_AUTONOMY_XAPP Time=80.5 DeploymentMode=tn-uav-satellite UavIndex=0 UavCellId=5 BestDonorCellId=1 BestDonorDistanceM=4089.44 XhaulConnected=1 XhaulChannelVariationDb=-1.98608 RawXhaulState=UNREACHABLE RawXhaulStateAgeSec=76 XhaulState=UNREACHABLE DonorUnavailableActive=0 SatBackhaulHealthy=1 UavSwitchingXappAvailable=1 UavSwitchingXappState=AI_ACTIVE AiPredictedBackhaulMode=SATELLITE_FALLBACK BackhaulMode=SATELLITE_FALLBACK RicControlState=NEAR_RT_RIC_SWITCHING_TO_SATELLITE_BACKHAUL ActiveUavRic=TN_NEAR_RT_RIC NormalUeHandoverAllowed=1 UavMode=NEAR_RT_RIC_EMERGENCY_SWITCHING_WITH_SATELLITE_BACKHAUL
UAV_AUTONOMY_XAPP Time=80.5 DeploymentMode=tn-uav-satellite UavIndex=1 UavCellId=6 BestDonorCellId=4 BestDonorDistanceM=2723.94 XhaulConnected=1 XhaulChannelVariationDb=-3.51462 RawXhaulState=UNREACHABLE RawXhaulStateAgeSec=50 XhaulState=UNREACHABLE DonorUnavailableActive=0 SatBackhaulHealthy=1 UavSwitchingXappAvailable=1 UavSwitchingXappState=AI_ACTIVE AiPredictedBackhaulMode=SATELLITE_FALLBACK BackhaulMode=SATELLITE_FALLBACK RicControlState=NEAR_RT_RIC_SWITCHING_TO_SATELLITE_BACKHAUL ActiveUavRic=TN_NEAR_RT_RIC NormalUeHandoverAllowed=1 UavMode=NEAR_RT_RIC_EMERGENCY_SWITCHING_WITH_SATELLITE_BACKHAUL
UAV_AUTONOMY_XAPP Time=80.5 DeploymentMode=tn-uav-satellite UavIndex=2 UavCellId=7 BestDonorCellId=4 BestDonorDistanceM=2409.46 XhaulConnected=1 XhaulChannelVariationDb=-1.74375 RawXhaulState=UNREACHABLE RawXhaulStateAgeSec=60 XhaulState=UNREACHABLE DonorUnavailableActive=0 SatBackhaulHealthy=1 UavSwitchingXappAvailable=1 UavSwitchingXappState=AI_ACTIVE AiPredictedBackhaulMode=SATELLITE_FALLBACK BackhaulMode=SATELLITE_FALLBACK RicControlState=NEAR_RT_RIC_SWITCHING_TO_SATELLITE_BACKHAUL ActiveUavRic=TN_NEAR_RT_RIC NormalUeHandoverAllowed=1 UavMode=NEAR_RT_RIC_EMERGENCY_SWITCHING_WITH_SATELLITE_BACKHAUL
---- LOAD at t=80.5 ----
  cell 1 (TN) load=11/20
  cell 2 (TN) load=11/20
  cell 3 (TN) load=15/20
  cell 4 (TN) load=16/20
  cell 5 (NTN) load=4/15
  cell 6 (NTN) load=5/15
  cell 7 (NTN) load=3/15
LM HO_FAIL_LOW_RSRP UE=9 currCell=4 candCell=3 candRsrp=-120.34 < min=-110
UE 17 TTT_WAIT target=3 elapsed=0s need=2s
UE 20 TTT_WAIT target=5 elapsed=0s need=2s
UE 21 TTT_WAIT target=2 elapsed=0s need=2s
LM HO UE=23 rnti=74 1->2 type=TN servingRsrp=-105.303 targetRsrp=-81.0292 targetLoadReal=11/20 targetLoadEff=11/20
LM HO UE=24 rnti=52 1->2 type=TN servingRsrp=-101.132 targetRsrp=-75.9147 targetLoadReal=11/20 targetLoadEff=12/20
LM HO UE=25 rnti=74 7->6 type=NTN servingRsrp=-129.53 targetRsrp=-86.6902 targetLoadReal=5/15 targetLoadEff=5/15
UE 29 TTT_WAIT target=1 elapsed=0s need=2s
UE 34 TTT_WAIT target=3 elapsed=0s need=2s
UE 35 TTT_WAIT target=6 elapsed=0s need=2s
UE 37 TTT_WAIT target=1 elapsed=0s need=2s
UE 38 TTT_WAIT target=2 elapsed=0s need=2s
LM HO_FAIL_LOW_RSRP UE=39 currCell=2 candCell=6 candRsrp=-133.863 < min=-110
LM HO_FAIL_LOW_RSRP UE=42 currCell=4 candCell=6 candRsrp=-130.193 < min=-110
UE 45 TTT_WAIT target=3 elapsed=0s need=2s
LM HO_FAIL_LOW_RSRP UE=46 currCell=4 candCell=7 candRsrp=-128.274 < min=-110
UE 47 TTT_WAIT target=2 elapsed=0s need=2s
UE 48 TTT_WAIT target=3 elapsed=0s need=2s
UE 49 TTT_WAIT target=1 elapsed=0s need=2s
LM HO_FAIL_LOW_RSRP UE=55 currCell=4 candCell=1 candRsrp=-111.868 < min=-110
UE 56 TTT_WAIT target=2 elapsed=0s need=2s
LM HO_FAIL_LOW_RSRP UE=61 currCell=1 candCell=4 candRsrp=-121.576 < min=-110
UE 62 TTT_WAIT target=1 elapsed=0s need=2s
UE 64 TTT_WAIT target=2 elapsed=0s need=2s
LM HO_FAIL_LOW_RSRP UE=66 currCell=3 candCell=1 candRsrp=-110.252 < min=-110
LM HO_FAIL_LOW_RSRP UE=67 currCell=2 candCell=3 candRsrp=-119.702 < min=-110
UE 69 TTT_WAIT target=4 elapsed=0s need=2s
UE 70 TTT_WAIT target=6 elapsed=0s need=2s
UE 72 TTT_WAIT target=3 elapsed=0s need=2s
UE 73 TTT_WAIT target=1 elapsed=0s need=2s
UE 75 TTT_WAIT target=3 elapsed=0s need=2s
UE 77 TTT_WAIT target=6 elapsed=0s need=2s
UE 82 TTT_WAIT target=2 elapsed=0s need=2s
UE 83 TTT_WAIT target=3 elapsed=0s need=2s
UE 84 TTT_WAIT target=3 elapsed=0s need=2s
UE 90 TTT_WAIT target=2 elapsed=0s need=2s
UE 91 TTT_WAIT target=3 elapsed=0s need=2s
UE 93 TTT_WAIT target=1 elapsed=0s need=2s
UE 101 TTT_WAIT target=2 elapsed=0s need=2s
LM HO_FAIL_LOW_RSRP UE=102 currCell=2 candCell=5 candRsrp=-117.93 < min=-110
LM HO_FAIL_LOW_RSRP UE=112 currCell=1 candCell=7 candRsrp=-115.85 < min=-110
TRACE HO_SUCCESS Time=80.6151 IMSI=23 TargetCell=2 Type=TN TargetRSRP=-112.996 ServingRSRP=-70.1733 BackhaulDlSnr=-999 BackhaulUlSnr=-999
TRACE HO_SUCCESS Time=80.6151 IMSI=22 TargetCell=2 Type=TN TargetRSRP=-114.405 ServingRSRP=-110.082 BackhaulDlSnr=-999 BackhaulUlSnr=-999
TRACE HO_SUCCESS Time=80.6151 IMSI=24 TargetCell=6 Type=NTN TargetRSRP=-128.537 ServingRSRP=-115.278 BackhaulDlSnr=11.6251 BackhaulUlSnr=7.10451
UAV_AUTONOMY_XAPP Time=82.5 DeploymentMode=tn-uav-satellite UavIndex=0 UavCellId=5 BestDonorCellId=2 BestDonorDistanceM=4611.61 XhaulConnected=1 XhaulChannelVariationDb=3.73704 RawXhaulState=UNREACHABLE RawXhaulStateAgeSec=78 XhaulState=UNREACHABLE DonorUnavailableActive=0 SatBackhaulHealthy=1 UavSwitchingXappAvailable=1 UavSwitchingXappState=AI_ACTIVE AiPredictedBackhaulMode=SATELLITE_FALLBACK BackhaulMode=SATELLITE_FALLBACK RicControlState=NEAR_RT_RIC_SWITCHING_TO_SATELLITE_BACKHAUL ActiveUavRic=TN_NEAR_RT_RIC NormalUeHandoverAllowed=1 UavMode=NEAR_RT_RIC_EMERGENCY_SWITCHING_WITH_SATELLITE_BACKHAUL
UAV_AUTONOMY_XAPP Time=82.5 DeploymentMode=tn-uav-satellite UavIndex=1 UavCellId=6 BestDonorCellId=4 BestDonorDistanceM=2793.05 XhaulConnected=1 XhaulChannelVariationDb=-0.714332 RawXhaulState=UNREACHABLE RawXhaulStateAgeSec=52 XhaulState=UNREACHABLE DonorUnavailableActive=0 SatBackhaulHealthy=1 UavSwitchingXappAvailable=1 UavSwitchingXappState=AI_ACTIVE AiPredictedBackhaulMode=SATELLITE_FALLBACK BackhaulMode=SATELLITE_FALLBACK RicControlState=NEAR_RT_RIC_SWITCHING_TO_SATELLITE_BACKHAUL ActiveUavRic=TN_NEAR_RT_RIC NormalUeHandoverAllowed=1 UavMode=NEAR_RT_RIC_EMERGENCY_SWITCHING_WITH_SATELLITE_BACKHAUL
UAV_AUTONOMY_XAPP Time=82.5 DeploymentMode=tn-uav-satellite UavIndex=2 UavCellId=7 BestDonorCellId=4 BestDonorDistanceM=2456.45 XhaulConnected=1 XhaulChannelVariationDb=-0.32836 RawXhaulState=UNREACHABLE RawXhaulStateAgeSec=62 XhaulState=UNREACHABLE DonorUnavailableActive=0 SatBackhaulHealthy=1 UavSwitchingXappAvailable=1 UavSwitchingXappState=AI_ACTIVE AiPredictedBackhaulMode=SATELLITE_FALLBACK BackhaulMode=SATELLITE_FALLBACK RicControlState=NEAR_RT_RIC_SWITCHING_TO_SATELLITE_BACKHAUL ActiveUavRic=TN_NEAR_RT_RIC NormalUeHandoverAllowed=1 UavMode=NEAR_RT_RIC_EMERGENCY_SWITCHING_WITH_SATELLITE_BACKHAUL
---- LOAD at t=82.5 ----
  cell 1 (TN) load=9/20
  cell 2 (TN) load=13/20
  cell 3 (TN) load=15/20
  cell 4 (TN) load=16/20
  cell 5 (NTN) load=4/15
  cell 6 (NTN) load=6/15
  cell 7 (NTN) load=2/15
LM HO_FAIL_LOW_RSRP UE=9 currCell=4 candCell=2 candRsrp=-110.059 < min=-110
UE 14 TTT_WAIT target=1 elapsed=0s need=2s
LM HO_FAIL_LOW_RSRP UE=15 currCell=3 candCell=5 candRsrp=-133.145 < min=-110
LM HO UE=17 rnti=96 6->3 type=TN servingRsrp=-130.317 targetRsrp=-98.4328 targetLoadReal=15/20 targetLoadEff=15/20
LM HO UE=20 rnti=84 3->5 type=NTN servingRsrp=-112.21 targetRsrp=-106.806 targetLoadReal=4/15 targetLoadEff=4/15
UE 23 TTT_WAIT target=3 elapsed=0s need=2s
UE 24 TTT_WAIT target=3 elapsed=0s need=2s
UE 26 TTT_WAIT target=1 elapsed=0s need=2s
UE 28 TTT_WAIT target=3 elapsed=0s need=2s
UE 29 TTT_WAIT target=2 elapsed=0s need=2s
LM HO_FAIL_LOW_RSRP UE=34 currCell=4 candCell=6 candRsrp=-128.343 < min=-110
LM HO_FAIL_LOW_RSRP UE=37 currCell=4 candCell=6 candRsrp=-119.37 < min=-110
LM HO UE=38 rnti=80 3->2 type=TN servingRsrp=-122.736 targetRsrp=-100.83 targetLoadReal=13/20 targetLoadEff=13/20
UE 39 TTT_WAIT target=1 elapsed=0s need=2s
UE 41 TTT_WAIT target=7 elapsed=0s need=2s
UE 42 TTT_WAIT target=1 elapsed=0s need=2s
LM HO_FAIL_LOW_RSRP UE=46 currCell=4 candCell=6 candRsrp=-122.291 < min=-110
LM HO UE=47 rnti=49 1->2 type=TN servingRsrp=-98.188 targetRsrp=-84.4197 targetLoadReal=13/20 targetLoadEff=14/20
LM HO_FAIL_LOW_RSRP UE=48 currCell=4 candCell=6 candRsrp=-120.538 < min=-110
LM HO_FAIL_LOW_RSRP UE=49 currCell=4 candCell=2 candRsrp=-111.455 < min=-110
UE 54 TTT_WAIT target=1 elapsed=0s need=2s
LM HO_FAIL_LOW_RSRP UE=55 currCell=4 candCell=1 candRsrp=-113.393 < min=-110
UE 56 TTT_WAIT target=1 elapsed=0s need=2s
LM HO_FAIL_LOW_RSRP UE=60 currCell=2 candCell=3 candRsrp=-123.158 < min=-110
LM HO_FAIL_LOW_RSRP UE=61 currCell=1 candCell=4 candRsrp=-112.58 < min=-110
LM HO_FAIL_LOW_RSRP UE=62 currCell=2 candCell=1 candRsrp=-131.676 < min=-110
LM HO_FAIL_LOW_RSRP UE=66 currCell=3 candCell=2 candRsrp=-111.631 < min=-110
LM HO UE=69 rnti=76 7->4 type=TN servingRsrp=-125.487 targetRsrp=-76.0147 targetLoadReal=16/20 targetLoadEff=16/20
LM HO_FAIL_LOW_RSRP UE=70 currCell=4 candCell=6 candRsrp=-134.372 < min=-110
LM HO UE=75 rnti=75 1->3 type=TN servingRsrp=-120.786 targetRsrp=-79.5037 targetLoadReal=15/20 targetLoadEff=16/20
UE 79 TTT_WAIT target=7 elapsed=0s need=2s
UE 84 TTT_WAIT target=1 elapsed=0s need=2s
UE 85 TTT_WAIT target=2 elapsed=0s need=2s
LM HO UE=90 rnti=87 3->2 type=TN servingRsrp=-137.31 targetRsrp=-94.404 targetLoadReal=13/20 targetLoadEff=15/20
LM HO UE=91 rnti=121 5->3 type=TN servingRsrp=-118.296 targetRsrp=-101.516 targetLoadReal=15/20 targetLoadEff=17/20
UE 93 TTT_WAIT target=7 elapsed=0s need=2s
LM HO_FAIL_LOW_RSRP UE=102 currCell=2 candCell=1 candRsrp=-129.377 < min=-110
UE 107 TTT_WAIT target=2 elapsed=0s need=2s
UE 112 TTT_WAIT target=2 elapsed=0s need=2s
UE 126 TTT_WAIT target=3 elapsed=0s need=2s
TRACE HO_SUCCESS Time=82.6151 IMSI=46 TargetCell=2 Type=TN TargetRSRP=-115.425 ServingRSRP=-104.137 BackhaulDlSnr=-999 BackhaulUlSnr=-999
TRACE HO_SUCCESS Time=82.6151 IMSI=89 TargetCell=2 Type=TN TargetRSRP=-138.075 ServingRSRP=-99.0077 BackhaulDlSnr=-999 BackhaulUlSnr=-999
TRACE HO_SUCCESS Time=82.6151 IMSI=37 TargetCell=2 Type=TN TargetRSRP=-133.634 ServingRSRP=-90.2506 BackhaulDlSnr=-999 BackhaulUlSnr=-999
TRACE HO_SUCCESS Time=82.6151 IMSI=74 TargetCell=3 Type=TN TargetRSRP=-114.355 ServingRSRP=-94.7226 BackhaulDlSnr=-999 BackhaulUlSnr=-999
TRACE HO_SUCCESS Time=82.6151 IMSI=90 TargetCell=3 Type=TN TargetRSRP=-132.751 ServingRSRP=-115.264 BackhaulDlSnr=-999 BackhaulUlSnr=-999
TRACE HO_SUCCESS Time=82.6151 IMSI=16 TargetCell=3 Type=TN TargetRSRP=-133.005 ServingRSRP=-98.0675 BackhaulDlSnr=-999 BackhaulUlSnr=-999
TRACE HO_SUCCESS Time=82.6151 IMSI=68 TargetCell=4 Type=TN TargetRSRP=-107.691 ServingRSRP=-113.619 BackhaulDlSnr=-999 BackhaulUlSnr=-999
TRACE HO_SUCCESS Time=82.6151 IMSI=19 TargetCell=5 Type=NTN TargetRSRP=-131.371 ServingRSRP=-88.227 BackhaulDlSnr=13.8561 BackhaulUlSnr=9.3355
UAV_AUTONOMY_XAPP Time=84.5 DeploymentMode=tn-uav-satellite UavIndex=0 UavCellId=5 BestDonorCellId=2 BestDonorDistanceM=4681.41 XhaulConnected=1 XhaulChannelVariationDb=-0.654997 RawXhaulState=UNREACHABLE RawXhaulStateAgeSec=80 XhaulState=UNREACHABLE DonorUnavailableActive=0 SatBackhaulHealthy=1 UavSwitchingXappAvailable=1 UavSwitchingXappState=AI_ACTIVE AiPredictedBackhaulMode=SATELLITE_FALLBACK BackhaulMode=SATELLITE_FALLBACK RicControlState=NEAR_RT_RIC_SWITCHING_TO_SATELLITE_BACKHAUL ActiveUavRic=TN_NEAR_RT_RIC NormalUeHandoverAllowed=1 UavMode=NEAR_RT_RIC_EMERGENCY_SWITCHING_WITH_SATELLITE_BACKHAUL
UAV_AUTONOMY_XAPP Time=84.5 DeploymentMode=tn-uav-satellite UavIndex=1 UavCellId=6 BestDonorCellId=4 BestDonorDistanceM=2862.07 XhaulConnected=1 XhaulChannelVariationDb=-2.36364 RawXhaulState=UNREACHABLE RawXhaulStateAgeSec=54 XhaulState=UNREACHABLE DonorUnavailableActive=0 SatBackhaulHealthy=1 UavSwitchingXappAvailable=1 UavSwitchingXappState=AI_ACTIVE AiPredictedBackhaulMode=SATELLITE_FALLBACK BackhaulMode=SATELLITE_FALLBACK RicControlState=NEAR_RT_RIC_SWITCHING_TO_SATELLITE_BACKHAUL ActiveUavRic=TN_NEAR_RT_RIC NormalUeHandoverAllowed=1 UavMode=NEAR_RT_RIC_EMERGENCY_SWITCHING_WITH_SATELLITE_BACKHAUL
UAV_AUTONOMY_XAPP Time=84.5 DeploymentMode=tn-uav-satellite UavIndex=2 UavCellId=7 BestDonorCellId=4 BestDonorDistanceM=2503.93 XhaulConnected=1 XhaulChannelVariationDb=-3.14687 RawXhaulState=UNREACHABLE RawXhaulStateAgeSec=64 XhaulState=UNREACHABLE DonorUnavailableActive=0 SatBackhaulHealthy=1 UavSwitchingXappAvailable=1 UavSwitchingXappState=AI_ACTIVE AiPredictedBackhaulMode=SATELLITE_FALLBACK BackhaulMode=SATELLITE_FALLBACK RicControlState=NEAR_RT_RIC_SWITCHING_TO_SATELLITE_BACKHAUL ActiveUavRic=TN_NEAR_RT_RIC NormalUeHandoverAllowed=1 UavMode=NEAR_RT_RIC_EMERGENCY_SWITCHING_WITH_SATELLITE_BACKHAUL
---- LOAD at t=84.5 ----
  cell 1 (TN) load=7/20
  cell 2 (TN) load=16/20
  cell 3 (TN) load=15/20
  cell 4 (TN) load=17/20
  cell 5 (NTN) load=4/15
  cell 6 (NTN) load=5/15
  cell 7 (NTN) load=1/15
UE 9 TTT_WAIT target=2 elapsed=0s need=2s
UE 17 TTT_WAIT target=1 elapsed=0s need=2s
UE 18 TTT_WAIT target=2 elapsed=0s need=2s
UE 20 TTT_WAIT target=3 elapsed=0s need=2s
LM HO_FAIL_LOW_RSRP UE=21 currCell=4 candCell=7 candRsrp=-119.684 < min=-110
UE 23 TTT_WAIT target=1 elapsed=0s need=2s
UE 24 TTT_WAIT target=1 elapsed=0s need=2s
LM HO UE=26 rnti=85 3->1 type=TN servingRsrp=-121.864 targetRsrp=-104.982 targetLoadReal=7/20 targetLoadEff=7/20
LM HO_FAIL_LOW_RSRP UE=33 currCell=2 candCell=5 candRsrp=-120.796 < min=-110
LM HO_FAIL_LOW_RSRP UE=35 currCell=1 candCell=7 candRsrp=-128.98 < min=-110
UE 37 TTT_WAIT target=6 elapsed=0s need=2s
UE 38 TTT_WAIT target=3 elapsed=0s need=2s
LM HO UE=39 rnti=64 2->1 type=TN servingRsrp=-125.652 targetRsrp=-86.6176 targetLoadReal=7/20 targetLoadEff=8/20
UE 41 TTT_WAIT target=2 elapsed=0s need=2s
UE 42 TTT_WAIT target=2 elapsed=0s need=2s
UE 43 TTT_WAIT target=1 elapsed=0s need=2s
UE 45 TTT_WAIT target=2 elapsed=0s need=2s
LM HO UE=54 rnti=59 2->1 type=TN servingRsrp=-92.4451 targetRsrp=-87.9219 targetLoadReal=7/20 targetLoadEff=9/20
LM HO_FAIL_LOW_RSRP UE=55 currCell=4 candCell=1 candRsrp=-113.141 < min=-110
UE 58 TTT_WAIT target=5 elapsed=0s need=2s
LM HO_FAIL_LOW_RSRP UE=60 currCell=2 candCell=3 candRsrp=-116.602 < min=-110
UE 61 TTT_WAIT target=3 elapsed=0s need=2s
UE 62 TTT_WAIT target=1 elapsed=0s need=2s
UE 64 TTT_WAIT target=7 elapsed=0s need=2s
UE 66 TTT_WAIT target=5 elapsed=0s need=2s
LM HO_FAIL_LOW_RSRP UE=67 currCell=2 candCell=3 candRsrp=-125.015 < min=-110
LM HO_FAIL_LOW_RSRP UE=69 currCell=4 candCell=7 candRsrp=-111.155 < min=-110
LM HO_FAIL_LOW_RSRP UE=70 currCell=4 candCell=6 candRsrp=-128.759 < min=-110
UE 71 TTT_WAIT target=1 elapsed=0s need=2s
UE 73 TTT_WAIT target=2 elapsed=0s need=2s
LM HO_FAIL_LOW_RSRP UE=82 currCell=4 candCell=6 candRsrp=-122.21 < min=-110
LM HO UE=84 rnti=66 2->1 type=TN servingRsrp=-112.995 targetRsrp=-97.764 targetLoadReal=7/20 targetLoadEff=10/20
LM HO_FAIL_LOW_RSRP UE=85 currCell=3 candCell=4 candRsrp=-117.202 < min=-110
UE 90 TTT_WAIT target=1 elapsed=0s need=2s
LM HO_FAIL_LOW_RSRP UE=91 currCell=3 candCell=2 candRsrp=-134.855 < min=-110
LM HO_FAIL_LOW_RSRP UE=93 currCell=3 candCell=6 candRsrp=-120.232 < min=-110
UE 101 TTT_WAIT target=2 elapsed=0s need=2s
UE 102 TTT_WAIT target=7 elapsed=0s need=2s
UE 107 TTT_WAIT target=1 elapsed=0s need=2s
LM HO_FAIL_LOW_RSRP UE=112 currCell=1 candCell=4 candRsrp=-110.036 < min=-110
LM HO_FAIL_LOW_RSRP UE=126 currCell=7 candCell=6 candRsrp=-119.845 < min=-110
TRACE HO_SUCCESS Time=84.6151 IMSI=53 TargetCell=1 Type=TN TargetRSRP=-116.845 ServingRSRP=-110.447 BackhaulDlSnr=-999 BackhaulUlSnr=-999
TRACE HO_SUCCESS Time=84.6151 IMSI=83 TargetCell=1 Type=TN TargetRSRP=-100.636 ServingRSRP=-106.209 BackhaulDlSnr=-999 BackhaulUlSnr=-999
TRACE HO_SUCCESS Time=84.6151 IMSI=38 TargetCell=1 Type=TN TargetRSRP=-127.287 ServingRSRP=-94.1804 BackhaulDlSnr=-999 BackhaulUlSnr=-999
TRACE HO_SUCCESS Time=84.6151 IMSI=25 TargetCell=1 Type=TN TargetRSRP=-103.105 ServingRSRP=-98.6697 BackhaulDlSnr=-999 BackhaulUlSnr=-999
UAV_AUTONOMY_XAPP Time=86.5 DeploymentMode=tn-uav-satellite UavIndex=0 UavCellId=5 BestDonorCellId=3 BestDonorDistanceM=4397.25 XhaulConnected=1 XhaulChannelVariationDb=0.828526 RawXhaulState=UNREACHABLE RawXhaulStateAgeSec=82 XhaulState=UNREACHABLE DonorUnavailableActive=0 SatBackhaulHealthy=1 UavSwitchingXappAvailable=1 UavSwitchingXappState=AI_ACTIVE AiPredictedBackhaulMode=SATELLITE_FALLBACK BackhaulMode=SATELLITE_FALLBACK RicControlState=NEAR_RT_RIC_SWITCHING_TO_SATELLITE_BACKHAUL ActiveUavRic=TN_NEAR_RT_RIC NormalUeHandoverAllowed=1 UavMode=NEAR_RT_RIC_EMERGENCY_SWITCHING_WITH_SATELLITE_BACKHAUL
UAV_AUTONOMY_XAPP Time=86.5 DeploymentMode=tn-uav-satellite UavIndex=1 UavCellId=6 BestDonorCellId=4 BestDonorDistanceM=2891.83 XhaulConnected=1 XhaulChannelVariationDb=-7.97544 RawXhaulState=UNREACHABLE RawXhaulStateAgeSec=56 XhaulState=UNREACHABLE DonorUnavailableActive=0 SatBackhaulHealthy=1 UavSwitchingXappAvailable=1 UavSwitchingXappState=AI_ACTIVE AiPredictedBackhaulMode=SATELLITE_FALLBACK BackhaulMode=SATELLITE_FALLBACK RicControlState=NEAR_RT_RIC_SWITCHING_TO_SATELLITE_BACKHAUL ActiveUavRic=TN_NEAR_RT_RIC NormalUeHandoverAllowed=1 UavMode=NEAR_RT_RIC_EMERGENCY_SWITCHING_WITH_SATELLITE_BACKHAUL
UAV_AUTONOMY_XAPP Time=86.5 DeploymentMode=tn-uav-satellite UavIndex=2 UavCellId=7 BestDonorCellId=4 BestDonorDistanceM=2520.17 XhaulConnected=1 XhaulChannelVariationDb=0.445202 RawXhaulState=UNREACHABLE RawXhaulStateAgeSec=66 XhaulState=UNREACHABLE DonorUnavailableActive=0 SatBackhaulHealthy=1 UavSwitchingXappAvailable=1 UavSwitchingXappState=AI_ACTIVE AiPredictedBackhaulMode=SATELLITE_FALLBACK BackhaulMode=SATELLITE_FALLBACK RicControlState=NEAR_RT_RIC_SWITCHING_TO_SATELLITE_BACKHAUL ActiveUavRic=TN_NEAR_RT_RIC NormalUeHandoverAllowed=1 UavMode=NEAR_RT_RIC_EMERGENCY_SWITCHING_WITH_SATELLITE_BACKHAUL
---- LOAD at t=86.5 ----
  cell 1 (TN) load=12/20
  cell 2 (TN) load=13/20
  cell 3 (TN) load=14/20
  cell 4 (TN) load=17/20
  cell 5 (NTN) load=4/15
  cell 6 (NTN) load=6/15
  cell 7 (NTN) load=1/15
LM HO UE=9 rnti=66 4->2 type=TN servingRsrp=-123.239 targetRsrp=-86.1979 targetLoadReal=13/20 targetLoadEff=13/20
LM HO_FAIL_LOW_RSRP UE=14 currCell=3 candCell=5 candRsrp=-130.086 < min=-110
UE 16 TTT_WAIT target=7 elapsed=0s need=2s
LM HO_FAIL_LOW_RSRP UE=17 currCell=3 candCell=4 candRsrp=-117.277 < min=-110
UE 20 TTT_WAIT target=2 elapsed=0s need=2s
LM HO UE=23 rnti=67 2->1 type=TN servingRsrp=-109.984 targetRsrp=-79.1391 targetLoadReal=12/20 targetLoadEff=12/20
UE 24 TTT_WAIT target=3 elapsed=0s need=2s
LM HO_FAIL_LOW_RSRP UE=26 currCell=1 candCell=7 candRsrp=-136.355 < min=-110
UE 28 TTT_WAIT target=2 elapsed=0s need=2s
UE 32 TTT_WAIT target=7 elapsed=0s need=2s
UE 34 TTT_WAIT target=1 elapsed=0s need=2s
UE 35 TTT_WAIT target=3 elapsed=0s need=2s
LM HO_FAIL_LOW_RSRP UE=37 currCell=4 candCell=2 candRsrp=-116.018 < min=-110
LM HO UE=38 rnti=69 2->3 type=TN servingRsrp=-128.104 targetRsrp=-105.131 targetLoadReal=14/20 targetLoadEff=14/20
UE 39 TTT_WAIT target=5 elapsed=0s need=2s
UE 42 TTT_WAIT target=1 elapsed=0s need=2s
UE 43 TTT_WAIT target=2 elapsed=0s need=2s
LM HO UE=45 rnti=72 1->2 type=TN servingRsrp=-100.23 targetRsrp=-72.8015 targetLoadReal=13/20 targetLoadEff=14/20
UE 46 TTT_WAIT target=7 elapsed=0s need=2s
UE 47 TTT_WAIT target=1 elapsed=0s need=2s
LM HO_FAIL_LOW_RSRP UE=48 currCell=4 candCell=1 candRsrp=-120.294 < min=-110
LM HO_FAIL_LOW_RSRP UE=49 currCell=4 candCell=5 candRsrp=-134.988 < min=-110
LM HO_FAIL_LOW_RSRP UE=54 currCell=1 candCell=6 candRsrp=-132.595 < min=-110
LM HO_FAIL_LOW_RSRP UE=55 currCell=4 candCell=6 candRsrp=-111.6 < min=-110
UE 56 TTT_WAIT target=2 elapsed=0s need=2s
LM HO_FAIL_LOW_RSRP UE=58 currCell=3 candCell=5 candRsrp=-122.711 < min=-110
UE 60 TTT_WAIT target=3 elapsed=0s need=2s
UE 61 TTT_WAIT target=6 elapsed=0s need=2s
LM HO_FAIL_LOW_RSRP UE=62 currCell=2 candCell=1 candRsrp=-133.322 < min=-110
UE 64 TTT_WAIT target=6 elapsed=0s need=2s
UE 66 TTT_WAIT target=1 elapsed=0s need=2s
UE 67 TTT_WAIT target=5 elapsed=0s need=2s
UE 70 TTT_WAIT target=1 elapsed=0s need=2s
LM HO UE=71 rnti=62 2->1 type=TN servingRsrp=-104.858 targetRsrp=-91.6721 targetLoadReal=12/20 targetLoadEff=13/20
UE 72 TTT_WAIT target=1 elapsed=0s need=2s
LM HO UE=73 rnti=68 4->2 type=TN servingRsrp=-103.034 targetRsrp=-98.5335 targetLoadReal=13/20 targetLoadEff=15/20
UE 75 TTT_WAIT target=1 elapsed=0s need=2s
UE 78 TTT_WAIT target=2 elapsed=0s need=2s
UE 80 TTT_WAIT target=2 elapsed=0s need=2s
UE 82 TTT_WAIT target=2 elapsed=0s need=2s
UE 83 TTT_WAIT target=3 elapsed=0s need=2s
LM HO_FAIL_LOW_RSRP UE=85 currCell=3 candCell=4 candRsrp=-114.443 < min=-110
UE 91 TTT_WAIT target=7 elapsed=0s need=2s
LM HO_FAIL_LOW_RSRP UE=93 currCell=3 candCell=6 candRsrp=-110.892 < min=-110
UE 98 TTT_WAIT target=1 elapsed=0s need=2s
LM HO_FAIL_LOW_RSRP UE=102 currCell=2 candCell=3 candRsrp=-117.564 < min=-110
TRACE HO_SUCCESS Time=86.6151 IMSI=22 TargetCell=1 Type=TN TargetRSRP=-108.204 ServingRSRP=-96.6475 BackhaulDlSnr=-999 BackhaulUlSnr=-999
TRACE HO_SUCCESS Time=86.6151 IMSI=70 TargetCell=1 Type=TN TargetRSRP=-114.78 ServingRSRP=-111.637 BackhaulDlSnr=-999 BackhaulUlSnr=-999
TRACE HO_SUCCESS Time=86.6151 IMSI=44 TargetCell=2 Type=TN TargetRSRP=-113.592 ServingRSRP=-85.8478 BackhaulDlSnr=-999 BackhaulUlSnr=-999
TRACE HO_SUCCESS Time=86.6151 IMSI=8 TargetCell=2 Type=TN TargetRSRP=-115.914 ServingRSRP=-105.721 BackhaulDlSnr=-999 BackhaulUlSnr=-999
TRACE HO_SUCCESS Time=86.6151 IMSI=72 TargetCell=2 Type=TN TargetRSRP=-133.423 ServingRSRP=-106.674 BackhaulDlSnr=-999 BackhaulUlSnr=-999
TRACE HO_SUCCESS Time=86.6151 IMSI=37 TargetCell=3 Type=TN TargetRSRP=-108.432 ServingRSRP=-100.968 BackhaulDlSnr=-999 BackhaulUlSnr=-999
UAV_AUTONOMY_XAPP Time=88.5 DeploymentMode=tn-uav-satellite UavIndex=0 UavCellId=5 BestDonorCellId=3 BestDonorDistanceM=4465.85 XhaulConnected=1 XhaulChannelVariationDb=0.0823747 RawXhaulState=UNREACHABLE RawXhaulStateAgeSec=84 XhaulState=UNREACHABLE DonorUnavailableActive=0 SatBackhaulHealthy=1 UavSwitchingXappAvailable=1 UavSwitchingXappState=AI_ACTIVE AiPredictedBackhaulMode=SATELLITE_FALLBACK BackhaulMode=SATELLITE_FALLBACK RicControlState=NEAR_RT_RIC_SWITCHING_TO_SATELLITE_BACKHAUL ActiveUavRic=TN_NEAR_RT_RIC NormalUeHandoverAllowed=1 UavMode=NEAR_RT_RIC_EMERGENCY_SWITCHING_WITH_SATELLITE_BACKHAUL
UAV_AUTONOMY_XAPP Time=88.5 DeploymentMode=tn-uav-satellite UavIndex=1 UavCellId=6 BestDonorCellId=4 BestDonorDistanceM=2869.36 XhaulConnected=1 XhaulChannelVariationDb=-3.19135 RawXhaulState=UNREACHABLE RawXhaulStateAgeSec=58 XhaulState=UNREACHABLE DonorUnavailableActive=0 SatBackhaulHealthy=1 UavSwitchingXappAvailable=1 UavSwitchingXappState=AI_ACTIVE AiPredictedBackhaulMode=SATELLITE_FALLBACK BackhaulMode=SATELLITE_FALLBACK RicControlState=NEAR_RT_RIC_SWITCHING_TO_SATELLITE_BACKHAUL ActiveUavRic=TN_NEAR_RT_RIC NormalUeHandoverAllowed=1 UavMode=NEAR_RT_RIC_EMERGENCY_SWITCHING_WITH_SATELLITE_BACKHAUL
UAV_AUTONOMY_XAPP Time=88.5 DeploymentMode=tn-uav-satellite UavIndex=2 UavCellId=7 BestDonorCellId=4 BestDonorDistanceM=2494.16 XhaulConnected=1 XhaulChannelVariationDb=-2.19251 RawXhaulState=UNREACHABLE RawXhaulStateAgeSec=68 XhaulState=UNREACHABLE DonorUnavailableActive=0 SatBackhaulHealthy=1 UavSwitchingXappAvailable=1 UavSwitchingXappState=AI_ACTIVE AiPredictedBackhaulMode=SATELLITE_FALLBACK BackhaulMode=SATELLITE_FALLBACK RicControlState=NEAR_RT_RIC_SWITCHING_TO_SATELLITE_BACKHAUL ActiveUavRic=TN_NEAR_RT_RIC NormalUeHandoverAllowed=1 UavMode=NEAR_RT_RIC_EMERGENCY_SWITCHING_WITH_SATELLITE_BACKHAUL
---- LOAD at t=88.5 ----
  cell 1 (TN) load=13/20
  cell 2 (TN) load=13/20
  cell 3 (TN) load=15/20
  cell 4 (TN) load=15/20
  cell 5 (NTN) load=4/15
  cell 6 (NTN) load=6/15
  cell 7 (NTN) load=1/15
LM HO_FAIL_LOW_RSRP UE=9 currCell=2 candCell=5 candRsrp=-137.593 < min=-110
LM HO_FAIL_LOW_RSRP UE=14 currCell=3 candCell=1 candRsrp=-112.421 < min=-110
LM HO_FAIL_LOW_RSRP UE=17 currCell=3 candCell=4 candRsrp=-116.334 < min=-110
UE 20 TTT_WAIT target=1 elapsed=0s need=2s
UE 25 TTT_WAIT target=7 elapsed=0s need=2s
LM HO_FAIL_LOW_RSRP UE=26 currCell=1 candCell=2 candRsrp=-117.558 < min=-110
LM HO UE=28 rnti=83 1->2 type=TN servingRsrp=-95.362 targetRsrp=-80.4347 targetLoadReal=13/20 targetLoadEff=13/20
UE 29 TTT_WAIT target=1 elapsed=0s need=2s
UE 33 TTT_WAIT target=7 elapsed=0s need=2s
LM HO_FAIL_LOW_RSRP UE=34 currCell=4 candCell=1 candRsrp=-114.126 < min=-110
LM HO UE=35 rnti=71 1->3 type=TN servingRsrp=-125.334 targetRsrp=-101.868 targetLoadReal=15/20 targetLoadEff=15/20
LM HO_FAIL_LOW_RSRP UE=37 currCell=4 candCell=6 candRsrp=-113.16 < min=-110
LM HO_FAIL_LOW_RSRP UE=39 currCell=1 candCell=2 candRsrp=-111.227 < min=-110
LM HO_FAIL_LOW_RSRP UE=42 currCell=4 candCell=2 candRsrp=-118.078 < min=-110
UE 46 TTT_WAIT target=2 elapsed=0s need=2s
UE 47 TTT_WAIT target=3 elapsed=0s need=2s
LM HO_FAIL_LOW_RSRP UE=48 currCell=4 candCell=6 candRsrp=-120.512 < min=-110
UE 54 TTT_WAIT target=4 elapsed=0s need=2s
UE 56 TTT_WAIT target=1 elapsed=0s need=2s
LM HO_FAIL_LOW_RSRP UE=57 currCell=5 candCell=6 candRsrp=-120.708 < min=-110
LM HO_FAIL_LOW_RSRP UE=58 currCell=3 candCell=1 candRsrp=-124.695 < min=-110
UE 60 TTT_WAIT target=1 elapsed=0s need=2s
UE 61 TTT_WAIT target=4 elapsed=0s need=2s
UE 62 TTT_WAIT target=3 elapsed=0s need=2s
UE 64 TTT_WAIT target=3 elapsed=0s need=2s
LM HO_FAIL_LOW_RSRP UE=66 currCell=3 candCell=5 candRsrp=-133.847 < min=-110
LM HO_FAIL_LOW_RSRP UE=67 currCell=2 candCell=1 candRsrp=-119.276 < min=-110
LM HO UE=70 rnti=67 4->1 type=TN servingRsrp=-100.13 targetRsrp=-90.001 targetLoadReal=13/20 targetLoadEff=13/20
UE 71 TTT_WAIT target=2 elapsed=0s need=2s
UE 72 TTT_WAIT target=3 elapsed=0s need=2s
UE 73 TTT_WAIT target=1 elapsed=0s need=2s
LM HO_FAIL_LOW_RSRP UE=76 currCell=1 candCell=2 candRsrp=-110.069 < min=-110
UE 77 TTT_WAIT target=7 elapsed=0s need=2s
UE 79 TTT_WAIT target=5 elapsed=0s need=2s
UE 84 TTT_WAIT target=2 elapsed=0s need=2s
LM HO_FAIL_LOW_RSRP UE=85 currCell=3 candCell=4 candRsrp=-119.631 < min=-110
UE 91 TTT_WAIT target=5 elapsed=0s need=2s
UE 102 TTT_WAIT target=7 elapsed=0s need=2s
UE 107 TTT_WAIT target=7 elapsed=0s need=2s
LM HO_FAIL_LOW_RSRP UE=112 currCell=1 candCell=5 candRsrp=-119.906 < min=-110
TRACE HO_SUCCESS Time=88.6151 IMSI=69 TargetCell=1 Type=TN TargetRSRP=-123.433 ServingRSRP=-83.2493 BackhaulDlSnr=-999 BackhaulUlSnr=-999
TRACE HO_SUCCESS Time=88.6151 IMSI=27 TargetCell=2 Type=TN TargetRSRP=-99.9858 ServingRSRP=-118.63 BackhaulDlSnr=-999 BackhaulUlSnr=-999
TRACE HO_SUCCESS Time=88.6151 IMSI=34 TargetCell=3 Type=TN TargetRSRP=-129.155 ServingRSRP=-128.15 BackhaulDlSnr=-999 BackhaulUlSnr=-999
UAV_AUTONOMY_XAPP Time=90.5 DeploymentMode=tn-uav-satellite UavIndex=0 UavCellId=5 BestDonorCellId=2 BestDonorDistanceM=4890.45 XhaulConnected=1 XhaulChannelVariationDb=3.28073 RawXhaulState=UNREACHABLE RawXhaulStateAgeSec=86 XhaulState=UNREACHABLE DonorUnavailableActive=0 SatBackhaulHealthy=1 UavSwitchingXappAvailable=1 UavSwitchingXappState=AI_ACTIVE AiPredictedBackhaulMode=SATELLITE_FALLBACK BackhaulMode=SATELLITE_FALLBACK RicControlState=NEAR_RT_RIC_SWITCHING_TO_SATELLITE_BACKHAUL ActiveUavRic=TN_NEAR_RT_RIC NormalUeHandoverAllowed=1 UavMode=NEAR_RT_RIC_EMERGENCY_SWITCHING_WITH_SATELLITE_BACKHAUL
UAV_AUTONOMY_XAPP Time=90.5 DeploymentMode=tn-uav-satellite UavIndex=1 UavCellId=6 BestDonorCellId=4 BestDonorDistanceM=2899.28 XhaulConnected=1 XhaulChannelVariationDb=-0.0709221 RawXhaulState=UNREACHABLE RawXhaulStateAgeSec=60 XhaulState=UNREACHABLE DonorUnavailableActive=0 SatBackhaulHealthy=1 UavSwitchingXappAvailable=1 UavSwitchingXappState=AI_ACTIVE AiPredictedBackhaulMode=SATELLITE_FALLBACK BackhaulMode=SATELLITE_FALLBACK RicControlState=NEAR_RT_RIC_SWITCHING_TO_SATELLITE_BACKHAUL ActiveUavRic=TN_NEAR_RT_RIC NormalUeHandoverAllowed=1 UavMode=NEAR_RT_RIC_EMERGENCY_SWITCHING_WITH_SATELLITE_BACKHAUL
UAV_AUTONOMY_XAPP Time=90.5 DeploymentMode=tn-uav-satellite UavIndex=2 UavCellId=7 BestDonorCellId=4 BestDonorDistanceM=2511.45 XhaulConnected=1 XhaulChannelVariationDb=-3.17325 RawXhaulState=UNREACHABLE RawXhaulStateAgeSec=70 XhaulState=UNREACHABLE DonorUnavailableActive=0 SatBackhaulHealthy=1 UavSwitchingXappAvailable=1 UavSwitchingXappState=AI_ACTIVE AiPredictedBackhaulMode=SATELLITE_FALLBACK BackhaulMode=SATELLITE_FALLBACK RicControlState=NEAR_RT_RIC_SWITCHING_TO_SATELLITE_BACKHAUL ActiveUavRic=TN_NEAR_RT_RIC NormalUeHandoverAllowed=1 UavMode=NEAR_RT_RIC_EMERGENCY_SWITCHING_WITH_SATELLITE_BACKHAUL
---- LOAD at t=90.5 ----
  cell 1 (TN) load=12/20
  cell 2 (TN) load=14/20
  cell 3 (TN) load=16/20
  cell 4 (TN) load=14/20
  cell 5 (NTN) load=4/15
  cell 6 (NTN) load=7/15
  cell 7 (NTN) load=1/15
LM HO_FAIL_LOW_RSRP UE=14 currCell=3 candCell=5 candRsrp=-131.127 < min=-110
LM HO_FAIL_LOW_RSRP UE=15 currCell=3 candCell=5 candRsrp=-134.08 < min=-110
LM HO_FAIL_LOW_RSRP UE=17 currCell=3 candCell=2 candRsrp=-127.998 < min=-110
LM HO_FAIL_LOW_RSRP UE=20 currCell=5 candCell=7 candRsrp=-122.02 < min=-110
UE 24 TTT_WAIT target=3 elapsed=0s need=2s
UE 25 TTT_WAIT target=4 elapsed=0s need=2s
LM HO_FAIL_LOW_RSRP UE=26 currCell=1 candCell=3 candRsrp=-119.884 < min=-110
UE 28 TTT_WAIT target=3 elapsed=0s need=2s
UE 29 TTT_WAIT target=2 elapsed=0s need=2s
UE 34 TTT_WAIT target=3 elapsed=0s need=2s
UE 35 TTT_WAIT target=1 elapsed=0s need=2s
LM HO_FAIL_LOW_RSRP UE=37 currCell=4 candCell=7 candRsrp=-117.611 < min=-110
LM HO_FAIL_LOW_RSRP UE=38 currCell=3 candCell=2 candRsrp=-120.365 < min=-110
UE 39 TTT_WAIT target=2 elapsed=0s need=2s
UE 42 TTT_WAIT target=2 elapsed=0s need=2s
UE 46 TTT_WAIT target=7 elapsed=0s need=2s
UE 47 TTT_WAIT target=1 elapsed=0s need=2s
LM HO_FAIL_LOW_RSRP UE=48 currCell=4 candCell=5 candRsrp=-112.283 < min=-110
UE 55 TTT_WAIT target=1 elapsed=0s need=2s
LM HO_FAIL_LOW_RSRP UE=58 currCell=3 candCell=5 candRsrp=-122.157 < min=-110
LM HO UE=60 rnti=63 2->1 type=TN servingRsrp=-128.315 targetRsrp=-93.2674 targetLoadReal=12/20 targetLoadEff=12/20
UE 61 TTT_WAIT target=2 elapsed=0s need=2s
UE 62 TTT_WAIT target=1 elapsed=0s need=2s
UE 64 TTT_WAIT target=2 elapsed=0s need=2s
UE 66 TTT_WAIT target=2 elapsed=0s need=2s
LM HO_FAIL_LOW_RSRP UE=67 currCell=2 candCell=1 candRsrp=-128.022 < min=-110
UE 70 TTT_WAIT target=4 elapsed=0s need=2s
LM HO UE=72 rnti=56 5->3 type=TN servingRsrp=-128.621 targetRsrp=-90.5268 targetLoadReal=16/20 targetLoadEff=16/20
LM HO UE=73 rnti=74 2->1 type=TN servingRsrp=-138.7 targetRsrp=-85.7225 targetLoadReal=12/20 targetLoadEff=13/20
UE 76 TTT_WAIT target=2 elapsed=0s need=2s
LM HO_FAIL_LOW_RSRP UE=82 currCell=4 candCell=7 candRsrp=-117.167 < min=-110
UE 85 TTT_WAIT target=1 elapsed=0s need=2s
UE 91 TTT_WAIT target=1 elapsed=0s need=2s
UE 93 TTT_WAIT target=2 elapsed=0s need=2s
UE 101 TTT_WAIT target=4 elapsed=0s need=2s
UE 102 TTT_WAIT target=4 elapsed=0s need=2s
LM HO_FAIL_LOW_RSRP UE=112 currCell=1 candCell=4 candRsrp=-134.436 < min=-110
UE 122 TTT_WAIT target=1 elapsed=0s need=2s
TRACE HO_SUCCESS Time=90.6151 IMSI=59 TargetCell=1 Type=TN TargetRSRP=-126.154 ServingRSRP=-99.8592 BackhaulDlSnr=-999 BackhaulUlSnr=-999
TRACE HO_SUCCESS Time=90.6151 IMSI=72 TargetCell=1 Type=TN TargetRSRP=-90.7314 ServingRSRP=-100.398 BackhaulDlSnr=-999 BackhaulUlSnr=-999
TRACE HO_SUCCESS Time=90.6151 IMSI=71 TargetCell=3 Type=TN TargetRSRP=-123.188 ServingRSRP=-91.6379 BackhaulDlSnr=-999 BackhaulUlSnr=-999
UAV_AUTONOMY_XAPP Time=92.5 DeploymentMode=tn-uav-satellite UavIndex=0 UavCellId=5 BestDonorCellId=1 BestDonorDistanceM=4507.66 XhaulConnected=1 XhaulChannelVariationDb=-0.0381759 RawXhaulState=UNREACHABLE RawXhaulStateAgeSec=88 XhaulState=UNREACHABLE DonorUnavailableActive=0 SatBackhaulHealthy=1 UavSwitchingXappAvailable=1 UavSwitchingXappState=AI_ACTIVE AiPredictedBackhaulMode=SATELLITE_FALLBACK BackhaulMode=SATELLITE_FALLBACK RicControlState=NEAR_RT_RIC_SWITCHING_TO_SATELLITE_BACKHAUL ActiveUavRic=TN_NEAR_RT_RIC NormalUeHandoverAllowed=1 UavMode=NEAR_RT_RIC_EMERGENCY_SWITCHING_WITH_SATELLITE_BACKHAUL
UAV_AUTONOMY_XAPP Time=92.5 DeploymentMode=tn-uav-satellite UavIndex=1 UavCellId=6 BestDonorCellId=4 BestDonorDistanceM=2942.55 XhaulConnected=1 XhaulChannelVariationDb=0.509126 RawXhaulState=UNREACHABLE RawXhaulStateAgeSec=62 XhaulState=UNREACHABLE DonorUnavailableActive=0 SatBackhaulHealthy=1 UavSwitchingXappAvailable=1 UavSwitchingXappState=AI_ACTIVE AiPredictedBackhaulMode=SATELLITE_FALLBACK BackhaulMode=SATELLITE_FALLBACK RicControlState=NEAR_RT_RIC_SWITCHING_TO_SATELLITE_BACKHAUL ActiveUavRic=TN_NEAR_RT_RIC NormalUeHandoverAllowed=1 UavMode=NEAR_RT_RIC_EMERGENCY_SWITCHING_WITH_SATELLITE_BACKHAUL
UAV_AUTONOMY_XAPP Time=92.5 DeploymentMode=tn-uav-satellite UavIndex=2 UavCellId=7 BestDonorCellId=4 BestDonorDistanceM=2539.7 XhaulConnected=1 XhaulChannelVariationDb=-4.33341 RawXhaulState=UNREACHABLE RawXhaulStateAgeSec=72 XhaulState=UNREACHABLE DonorUnavailableActive=0 SatBackhaulHealthy=1 UavSwitchingXappAvailable=1 UavSwitchingXappState=AI_ACTIVE AiPredictedBackhaulMode=SATELLITE_FALLBACK BackhaulMode=SATELLITE_FALLBACK RicControlState=NEAR_RT_RIC_SWITCHING_TO_SATELLITE_BACKHAUL ActiveUavRic=TN_NEAR_RT_RIC NormalUeHandoverAllowed=1 UavMode=NEAR_RT_RIC_EMERGENCY_SWITCHING_WITH_SATELLITE_BACKHAUL
---- LOAD at t=92.5 ----
  cell 1 (TN) load=14/20
  cell 2 (TN) load=12/20
  cell 3 (TN) load=17/20
  cell 4 (TN) load=14/20
  cell 5 (NTN) load=4/15
  cell 6 (NTN) load=7/15
  cell 7 (NTN) load=1/15
UE 9 TTT_WAIT target=4 elapsed=0s need=2s
LM HO_FAIL_LOW_RSRP UE=14 currCell=3 candCell=5 candRsrp=-115.194 < min=-110
UE 17 TTT_WAIT target=2 elapsed=0s need=2s
UE 20 TTT_WAIT target=3 elapsed=0s need=2s
UE 21 TTT_WAIT target=2 elapsed=0s need=2s
UE 23 TTT_WAIT target=2 elapsed=0s need=2s
UE 24 TTT_WAIT target=1 elapsed=0s need=2s
LM HO UE=25 rnti=116 6->4 type=TN servingRsrp=-124.794 targetRsrp=-106.29 targetLoadReal=14/20 targetLoadEff=14/20
LM HO_FAIL_LOW_RSRP UE=26 currCell=1 candCell=4 candRsrp=-113.381 < min=-110
LM HO UE=28 rnti=75 2->3 type=TN servingRsrp=-124.004 targetRsrp=-88.8021 targetLoadReal=17/20 targetLoadEff=17/20
UE 29 TTT_WAIT target=1 elapsed=0s need=2s
UE 34 TTT_WAIT target=1 elapsed=0s need=2s
UE 37 TTT_WAIT target=1 elapsed=0s need=2s
UE 41 TTT_WAIT target=2 elapsed=0s need=2s
UE 42 TTT_WAIT target=1 elapsed=0s need=2s
LM HO UE=47 rnti=70 2->1 type=TN servingRsrp=-109.11 targetRsrp=-77.0719 targetLoadReal=14/20 targetLoadEff=14/20
UE 48 TTT_WAIT target=7 elapsed=0s need=2s
UE 54 TTT_WAIT target=3 elapsed=0s need=2s
LM HO UE=55 rnti=70 4->1 type=TN servingRsrp=-111.874 targetRsrp=-76.4863 targetLoadReal=14/20 targetLoadEff=15/20
LM HO_FAIL_LOW_RSRP UE=58 currCell=3 candCell=1 candRsrp=-122.17 < min=-110
LM HO_FAIL_LOW_RSRP UE=60 currCell=1 candCell=3 candRsrp=-115.674 < min=-110
LM HO UE=61 rnti=73 1->2 type=TN servingRsrp=-127.029 targetRsrp=-100.563 targetLoadReal=12/20 targetLoadEff=12/20
LM HO_FAIL_LOW_RSRP UE=62 currCell=2 candCell=1 candRsrp=-131.502 < min=-110
UE 64 TTT_WAIT target=7 elapsed=0s need=2s
UE 66 TTT_WAIT target=1 elapsed=0s need=2s
LM HO_FAIL_LOW_RSRP UE=67 currCell=2 candCell=1 candRsrp=-115.262 < min=-110
LM HO_FAIL_LOW_RSRP UE=69 currCell=4 candCell=6 candRsrp=-130.769 < min=-110
UE 70 TTT_WAIT target=3 elapsed=0s need=2s
UE 71 TTT_WAIT target=2 elapsed=0s need=2s
UE 72 TTT_WAIT target=2 elapsed=0s need=2s
UE 75 TTT_WAIT target=2 elapsed=0s need=2s
LM HO_FAIL_LOW_RSRP UE=76 currCell=1 candCell=7 candRsrp=-113.337 < min=-110
LM HO_FAIL_LOW_RSRP UE=77 currCell=4 candCell=7 candRsrp=-131 < min=-110
UE 79 TTT_WAIT target=7 elapsed=0s need=2s
LM HO_FAIL_LOW_RSRP UE=82 currCell=4 candCell=2 candRsrp=-124.493 < min=-110
UE 83 TTT_WAIT target=1 elapsed=0s need=2s
UE 84 TTT_WAIT target=7 elapsed=0s need=2s
LM HO_FAIL_LOW_RSRP UE=85 currCell=3 candCell=4 candRsrp=-113.738 < min=-110
LM HO_FAIL_LOW_RSRP UE=90 currCell=2 candCell=1 candRsrp=-112.299 < min=-110
LM HO UE=91 rnti=90 3->1 type=TN servingRsrp=-109.78 targetRsrp=-103.625 targetLoadReal=14/20 targetLoadEff=16/20
LM HO_FAIL_LOW_RSRP UE=93 currCell=3 candCell=1 candRsrp=-130.889 < min=-110
UE 98 TTT_WAIT target=7 elapsed=0s need=2s
UE 101 TTT_WAIT target=3 elapsed=0s need=2s
UE 102 TTT_WAIT target=1 elapsed=0s need=2s
UE 107 TTT_WAIT target=2 elapsed=0s need=2s
LM HO_FAIL_LOW_RSRP UE=112 currCell=1 candCell=5 candRsrp=-119.345 < min=-110
UE 122 TTT_WAIT target=3 elapsed=0s need=2s
LM HO_FAIL_LOW_RSRP UE=126 currCell=7 candCell=6 candRsrp=-118.763 < min=-110
TRACE HO_SUCCESS Time=92.6151 IMSI=46 TargetCell=1 Type=TN TargetRSRP=-103.993 ServingRSRP=-112.889 BackhaulDlSnr=-999 BackhaulUlSnr=-999
TRACE HO_SUCCESS Time=92.6151 IMSI=90 TargetCell=1 Type=TN TargetRSRP=-143.19 ServingRSRP=-98.6073 BackhaulDlSnr=-999 BackhaulUlSnr=-999
TRACE HO_SUCCESS Time=92.6151 IMSI=54 TargetCell=1 Type=TN TargetRSRP=-127.672 ServingRSRP=-116.202 BackhaulDlSnr=-999 BackhaulUlSnr=-999
TRACE HO_SUCCESS Time=92.6151 IMSI=60 TargetCell=2 Type=TN TargetRSRP=-128.278 ServingRSRP=-96.8494 BackhaulDlSnr=-999 BackhaulUlSnr=-999
TRACE HO_SUCCESS Time=92.6151 IMSI=27 TargetCell=3 Type=TN TargetRSRP=-125.629 ServingRSRP=-110.371 BackhaulDlSnr=-999 BackhaulUlSnr=-999
TRACE HO_SUCCESS Time=92.6151 IMSI=24 TargetCell=4 Type=TN TargetRSRP=-119.082 ServingRSRP=-111.233 BackhaulDlSnr=-999 BackhaulUlSnr=-999
UAV_AUTONOMY_XAPP Time=94.5 DeploymentMode=tn-uav-satellite UavIndex=0 UavCellId=5 BestDonorCellId=3 BestDonorDistanceM=4672.57 XhaulConnected=1 XhaulChannelVariationDb=-1.83923 RawXhaulState=UNREACHABLE RawXhaulStateAgeSec=90 XhaulState=UNREACHABLE DonorUnavailableActive=0 SatBackhaulHealthy=1 UavSwitchingXappAvailable=1 UavSwitchingXappState=AI_ACTIVE AiPredictedBackhaulMode=SATELLITE_FALLBACK BackhaulMode=SATELLITE_FALLBACK RicControlState=NEAR_RT_RIC_SWITCHING_TO_SATELLITE_BACKHAUL ActiveUavRic=TN_NEAR_RT_RIC NormalUeHandoverAllowed=1 UavMode=NEAR_RT_RIC_EMERGENCY_SWITCHING_WITH_SATELLITE_BACKHAUL
UAV_AUTONOMY_XAPP Time=94.5 DeploymentMode=tn-uav-satellite UavIndex=1 UavCellId=6 BestDonorCellId=4 BestDonorDistanceM=3012.17 XhaulConnected=1 XhaulChannelVariationDb=0.423427 RawXhaulState=UNREACHABLE RawXhaulStateAgeSec=64 XhaulState=UNREACHABLE DonorUnavailableActive=0 SatBackhaulHealthy=1 UavSwitchingXappAvailable=1 UavSwitchingXappState=AI_ACTIVE AiPredictedBackhaulMode=SATELLITE_FALLBACK BackhaulMode=SATELLITE_FALLBACK RicControlState=NEAR_RT_RIC_SWITCHING_TO_SATELLITE_BACKHAUL ActiveUavRic=TN_NEAR_RT_RIC NormalUeHandoverAllowed=1 UavMode=NEAR_RT_RIC_EMERGENCY_SWITCHING_WITH_SATELLITE_BACKHAUL
UAV_AUTONOMY_XAPP Time=94.5 DeploymentMode=tn-uav-satellite UavIndex=2 UavCellId=7 BestDonorCellId=4 BestDonorDistanceM=2590.69 XhaulConnected=1 XhaulChannelVariationDb=-5.86559 RawXhaulState=UNREACHABLE RawXhaulStateAgeSec=74 XhaulState=UNREACHABLE DonorUnavailableActive=0 SatBackhaulHealthy=1 UavSwitchingXappAvailable=1 UavSwitchingXappState=AI_ACTIVE AiPredictedBackhaulMode=SATELLITE_FALLBACK BackhaulMode=SATELLITE_FALLBACK RicControlState=NEAR_RT_RIC_SWITCHING_TO_SATELLITE_BACKHAUL ActiveUavRic=TN_NEAR_RT_RIC NormalUeHandoverAllowed=1 UavMode=NEAR_RT_RIC_EMERGENCY_SWITCHING_WITH_SATELLITE_BACKHAUL
---- LOAD at t=94.5 ----
  cell 1 (TN) load=16/20
  cell 2 (TN) load=11/20
  cell 3 (TN) load=17/20
  cell 4 (TN) load=14/20
  cell 5 (NTN) load=4/15
  cell 6 (NTN) load=6/15
  cell 7 (NTN) load=1/15
UE 13 TTT_WAIT target=1 elapsed=0s need=2s
UE 14 TTT_WAIT target=2 elapsed=0s need=2s
LM HO_FAIL_LOW_RSRP UE=17 currCell=3 candCell=6 candRsrp=-118.227 < min=-110
LM HO UE=20 rnti=122 5->3 type=TN servingRsrp=-130.057 targetRsrp=-84.6393 targetLoadReal=17/20 targetLoadEff=17/20
LM HO_FAIL_LOW_RSRP UE=21 currCell=4 candCell=6 candRsrp=-121.726 < min=-110
LM HO_FAIL_LOW_RSRP UE=25 currCell=4 candCell=6 candRsrp=-126.43 < min=-110
UE 26 TTT_WAIT target=3 elapsed=0s need=2s
UE 28 TTT_WAIT target=2 elapsed=0s need=2s
UE 29 TTT_WAIT target=2 elapsed=0s need=2s
UE 33 TTT_WAIT target=4 elapsed=0s need=2s
LM HO_FAIL_LOW_RSRP UE=34 currCell=4 candCell=7 candRsrp=-132.878 < min=-110
UE 35 TTT_WAIT target=5 elapsed=0s need=2s
LM HO UE=37 rnti=54 4->1 type=TN servingRsrp=-126.246 targetRsrp=-107.36 targetLoadReal=16/20 targetLoadEff=16/20
UE 38 TTT_WAIT target=1 elapsed=0s need=2s
UE 39 TTT_WAIT target=6 elapsed=0s need=2s
UE 41 TTT_WAIT target=3 elapsed=0s need=2s
UE 46 TTT_WAIT target=1 elapsed=0s need=2s
UE 47 TTT_WAIT target=3 elapsed=0s need=2s
LM HO_FAIL_LOW_RSRP UE=48 currCell=4 candCell=6 candRsrp=-131.101 < min=-110
UE 58 TTT_WAIT target=2 elapsed=0s need=2s
UE 60 TTT_WAIT target=2 elapsed=0s need=2s
UE 61 TTT_WAIT target=4 elapsed=0s need=2s
LM HO_FAIL_LOW_RSRP UE=62 currCell=2 candCell=6 candRsrp=-131.096 < min=-110
LM HO UE=66 rnti=59 3->1 type=TN servingRsrp=-123.849 targetRsrp=-103.294 targetLoadReal=16/20 targetLoadEff=17/20
UE 67 TTT_WAIT target=1 elapsed=0s need=2s
LM HO_FAIL_LOW_RSRP UE=69 currCell=4 candCell=6 candRsrp=-134.509 < min=-110
LM HO_FAIL_LOW_RSRP UE=70 currCell=1 candCell=6 candRsrp=-135.006 < min=-110
LM HO UE=71 rnti=97 1->2 type=TN servingRsrp=-117.199 targetRsrp=-105.234 targetLoadReal=11/20 targetLoadEff=11/20
UE 73 TTT_WAIT target=4 elapsed=0s need=2s
LM HO UE=75 rnti=89 3->2 type=TN servingRsrp=-116.024 targetRsrp=-103.448 targetLoadReal=11/20 targetLoadEff=12/20
UE 76 TTT_WAIT target=3 elapsed=0s need=2s
LM HO_FAIL_LOW_RSRP UE=79 currCell=6 candCell=7 candRsrp=-132.179 < min=-110
LM HO_FAIL_LOW_RSRP UE=82 currCell=4 candCell=6 candRsrp=-131.573 < min=-110
LM HO UE=84 rnti=87 1->7 type=NTN servingRsrp=-102.101 targetRsrp=-97.1644 targetLoadReal=1/15 targetLoadEff=1/15
UE 85 TTT_WAIT target=2 elapsed=0s need=2s
UE 90 TTT_WAIT target=1 elapsed=0s need=2s
UE 91 TTT_WAIT target=5 elapsed=0s need=2s
UE 93 TTT_WAIT target=4 elapsed=0s need=2s
LM HO_FAIL_LOW_RSRP UE=102 currCell=2 candCell=3 candRsrp=-117.519 < min=-110
LM HO_FAIL_LOW_RSRP UE=112 currCell=1 candCell=2 candRsrp=-122.894 < min=-110
UE 122 TTT_WAIT target=7 elapsed=0s need=2s
UE 126 TTT_WAIT target=5 elapsed=0s need=2s
TRACE HO_SUCCESS Time=94.6151 IMSI=65 TargetCell=1 Type=TN TargetRSRP=-128.938 ServingRSRP=-103.727 BackhaulDlSnr=-999 BackhaulUlSnr=-999
TRACE HO_SUCCESS Time=94.6151 IMSI=36 TargetCell=1 Type=TN TargetRSRP=-137.81 ServingRSRP=-96.8519 BackhaulDlSnr=-999 BackhaulUlSnr=-999
TRACE HO_SUCCESS Time=94.6151 IMSI=70 TargetCell=2 Type=TN TargetRSRP=-113.51 ServingRSRP=-110.006 BackhaulDlSnr=-999 BackhaulUlSnr=-999
TRACE HO_SUCCESS Time=94.6151 IMSI=74 TargetCell=2 Type=TN TargetRSRP=-123.854 ServingRSRP=-78.8601 BackhaulDlSnr=-999 BackhaulUlSnr=-999
TRACE HO_SUCCESS Time=94.6151 IMSI=19 TargetCell=3 Type=TN TargetRSRP=-110.354 ServingRSRP=-106.832 BackhaulDlSnr=-999 BackhaulUlSnr=-999
TRACE HO_SUCCESS Time=94.6151 IMSI=83 TargetCell=7 Type=NTN TargetRSRP=-114.572 ServingRSRP=-102.031 BackhaulDlSnr=12.7695 BackhaulUlSnr=8.24891
UAV_AUTONOMY_XAPP Time=96.5 DeploymentMode=tn-uav-satellite UavIndex=0 UavCellId=5 BestDonorCellId=3 BestDonorDistanceM=4742.07 XhaulConnected=1 XhaulChannelVariationDb=4.76032 RawXhaulState=UNREACHABLE RawXhaulStateAgeSec=92 XhaulState=UNREACHABLE DonorUnavailableActive=0 SatBackhaulHealthy=1 UavSwitchingXappAvailable=1 UavSwitchingXappState=AI_ACTIVE AiPredictedBackhaulMode=SATELLITE_FALLBACK BackhaulMode=SATELLITE_FALLBACK RicControlState=NEAR_RT_RIC_SWITCHING_TO_SATELLITE_BACKHAUL ActiveUavRic=TN_NEAR_RT_RIC NormalUeHandoverAllowed=1 UavMode=NEAR_RT_RIC_EMERGENCY_SWITCHING_WITH_SATELLITE_BACKHAUL
UAV_AUTONOMY_XAPP Time=96.5 DeploymentMode=tn-uav-satellite UavIndex=1 UavCellId=6 BestDonorCellId=4 BestDonorDistanceM=3081.9 XhaulConnected=1 XhaulChannelVariationDb=-8.05826 RawXhaulState=UNREACHABLE RawXhaulStateAgeSec=66 XhaulState=UNREACHABLE DonorUnavailableActive=0 SatBackhaulHealthy=1 UavSwitchingXappAvailable=1 UavSwitchingXappState=AI_ACTIVE AiPredictedBackhaulMode=SATELLITE_FALLBACK BackhaulMode=SATELLITE_FALLBACK RicControlState=NEAR_RT_RIC_SWITCHING_TO_SATELLITE_BACKHAUL ActiveUavRic=TN_NEAR_RT_RIC NormalUeHandoverAllowed=1 UavMode=NEAR_RT_RIC_EMERGENCY_SWITCHING_WITH_SATELLITE_BACKHAUL
UAV_AUTONOMY_XAPP Time=96.5 DeploymentMode=tn-uav-satellite UavIndex=2 UavCellId=7 BestDonorCellId=4 BestDonorDistanceM=2642.03 XhaulConnected=1 XhaulChannelVariationDb=-2.58476 RawXhaulState=UNREACHABLE RawXhaulStateAgeSec=76 XhaulState=UNREACHABLE DonorUnavailableActive=0 SatBackhaulHealthy=1 UavSwitchingXappAvailable=1 UavSwitchingXappState=AI_ACTIVE AiPredictedBackhaulMode=SATELLITE_FALLBACK BackhaulMode=SATELLITE_FALLBACK RicControlState=NEAR_RT_RIC_SWITCHING_TO_SATELLITE_BACKHAUL ActiveUavRic=TN_NEAR_RT_RIC NormalUeHandoverAllowed=1 UavMode=NEAR_RT_RIC_EMERGENCY_SWITCHING_WITH_SATELLITE_BACKHAUL
---- LOAD at t=96.5 ----
  cell 1 (TN) load=17/20
  cell 2 (TN) load=13/20
  cell 3 (TN) load=16/20
  cell 4 (TN) load=13/20
  cell 5 (NTN) load=4/15
  cell 6 (NTN) load=6/15
  cell 7 (NTN) load=2/15
UE 9 TTT_WAIT target=4 elapsed=0s need=2s
UE 14 TTT_WAIT target=1 elapsed=0s need=2s
UE 15 TTT_WAIT target=1 elapsed=0s need=2s
UE 17 TTT_WAIT target=1 elapsed=0s need=2s
UE 18 TTT_WAIT target=6 elapsed=0s need=2s
UE 20 TTT_WAIT target=2 elapsed=0s need=2s
UE 23 TTT_WAIT target=2 elapsed=0s need=2s
UE 24 TTT_WAIT target=1 elapsed=0s need=2s
UE 26 TTT_WAIT target=4 elapsed=0s need=2s
UE 28 TTT_WAIT target=1 elapsed=0s need=2s
UE 32 TTT_WAIT target=6 elapsed=0s need=2s
UE 34 TTT_WAIT target=1 elapsed=0s need=2s
UE 35 TTT_WAIT target=1 elapsed=0s need=2s
LM HO_FAIL_LOW_RSRP UE=37 currCell=1 candCell=7 candRsrp=-136.662 < min=-110
LM HO_FAIL_LOW_RSRP UE=39 currCell=1 candCell=5 candRsrp=-131.369 < min=-110
LM HO_FAIL_LOW_RSRP UE=41 currCell=6 candCell=7 candRsrp=-125.588 < min=-110
UE 42 TTT_WAIT target=3 elapsed=0s need=2s
UE 45 TTT_WAIT target=1 elapsed=0s need=2s
LM HO_FAIL_LOW_RSRP UE=46 currCell=4 candCell=2 candRsrp=-110.371 < min=-110
LM HO UE=47 rnti=101 1->3 type=TN servingRsrp=-103.004 targetRsrp=-95.2278 targetLoadReal=16/20 targetLoadEff=16/20
LM HO_FAIL_LOW_RSRP UE=48 currCell=4 candCell=7 candRsrp=-114.002 < min=-110
UE 54 TTT_WAIT target=4 elapsed=0s need=2s
UE 58 TTT_WAIT target=1 elapsed=0s need=2s
LM HO UE=61 rnti=76 2->4 type=TN servingRsrp=-105.395 targetRsrp=-83.6565 targetLoadReal=13/20 targetLoadEff=13/20
LM HO_FAIL_LOW_RSRP UE=62 currCell=2 candCell=3 candRsrp=-118.938 < min=-110
UE 64 TTT_WAIT target=2 elapsed=0s need=2s
UE 66 TTT_WAIT target=2 elapsed=0s need=2s
LM HO_FAIL_LOW_RSRP UE=67 currCell=2 candCell=3 candRsrp=-126.098 < min=-110
UE 70 TTT_WAIT target=4 elapsed=0s need=2s
UE 72 TTT_WAIT target=2 elapsed=0s need=2s
UE 75 TTT_WAIT target=1 elapsed=0s need=2s
LM HO_FAIL_LOW_RSRP UE=79 currCell=6 candCell=7 candRsrp=-119.056 < min=-110
LM HO_FAIL_LOW_RSRP UE=82 currCell=4 candCell=1 candRsrp=-112.821 < min=-110
UE 84 TTT_WAIT target=1 elapsed=0s need=2s
UE 85 TTT_WAIT target=4 elapsed=0s need=2s
LM HO_FAIL_LOW_RSRP UE=90 currCell=2 candCell=1 candRsrp=-129.189 < min=-110
LM HO UE=91 rnti=103 1->5 type=NTN servingRsrp=-129.328 targetRsrp=-106.828 targetLoadReal=4/15 targetLoadEff=4/15
LM HO_FAIL_LOW_RSRP UE=93 currCell=3 candCell=4 candRsrp=-127.743 < min=-110
UE 98 TTT_WAIT target=4 elapsed=0s need=2s
LM HO_FAIL_LOW_RSRP UE=112 currCell=1 candCell=3 candRsrp=-125.594 < min=-110
UE 126 TTT_WAIT target=2 elapsed=0s need=2s
TRACE HO_SUCCESS Time=96.6151 IMSI=46 TargetCell=3 Type=TN TargetRSRP=-112.735 ServingRSRP=-80.877 BackhaulDlSnr=-999 BackhaulUlSnr=-999
TRACE HO_SUCCESS Time=96.6151 IMSI=60 TargetCell=4 Type=TN TargetRSRP=-120.406 ServingRSRP=-118.101 BackhaulDlSnr=-999 BackhaulUlSnr=-999
TRACE HO_SUCCESS Time=96.6151 IMSI=90 TargetCell=5 Type=NTN TargetRSRP=-75.2645 ServingRSRP=-121.4 BackhaulDlSnr=13.3006 BackhaulUlSnr=8.78
UAV_AUTONOMY_XAPP Time=98.5 DeploymentMode=tn-uav-satellite UavIndex=0 UavCellId=5 BestDonorCellId=2 BestDonorDistanceM=5169.2 XhaulConnected=1 XhaulChannelVariationDb=3.3674 RawXhaulState=UNREACHABLE RawXhaulStateAgeSec=94 XhaulState=UNREACHABLE DonorUnavailableActive=0 SatBackhaulHealthy=1 UavSwitchingXappAvailable=1 UavSwitchingXappState=AI_ACTIVE AiPredictedBackhaulMode=SATELLITE_FALLBACK BackhaulMode=SATELLITE_FALLBACK RicControlState=NEAR_RT_RIC_SWITCHING_TO_SATELLITE_BACKHAUL ActiveUavRic=TN_NEAR_RT_RIC NormalUeHandoverAllowed=1 UavMode=NEAR_RT_RIC_EMERGENCY_SWITCHING_WITH_SATELLITE_BACKHAUL
UAV_AUTONOMY_XAPP Time=98.5 DeploymentMode=tn-uav-satellite UavIndex=1 UavCellId=6 BestDonorCellId=4 BestDonorDistanceM=3151.63 XhaulConnected=1 XhaulChannelVariationDb=2.57609 RawXhaulState=UNREACHABLE RawXhaulStateAgeSec=68 XhaulState=UNREACHABLE DonorUnavailableActive=0 SatBackhaulHealthy=1 UavSwitchingXappAvailable=1 UavSwitchingXappState=AI_ACTIVE AiPredictedBackhaulMode=SATELLITE_FALLBACK BackhaulMode=SATELLITE_FALLBACK RicControlState=NEAR_RT_RIC_SWITCHING_TO_SATELLITE_BACKHAUL ActiveUavRic=TN_NEAR_RT_RIC NormalUeHandoverAllowed=1 UavMode=NEAR_RT_RIC_EMERGENCY_SWITCHING_WITH_SATELLITE_BACKHAUL
UAV_AUTONOMY_XAPP Time=98.5 DeploymentMode=tn-uav-satellite UavIndex=2 UavCellId=7 BestDonorCellId=4 BestDonorDistanceM=2694.2 XhaulConnected=1 XhaulChannelVariationDb=0.938854 RawXhaulState=UNREACHABLE RawXhaulStateAgeSec=78 XhaulState=UNREACHABLE DonorUnavailableActive=0 SatBackhaulHealthy=1 UavSwitchingXappAvailable=1 UavSwitchingXappState=AI_ACTIVE AiPredictedBackhaulMode=SATELLITE_FALLBACK BackhaulMode=SATELLITE_FALLBACK RicControlState=NEAR_RT_RIC_SWITCHING_TO_SATELLITE_BACKHAUL ActiveUavRic=TN_NEAR_RT_RIC NormalUeHandoverAllowed=1 UavMode=NEAR_RT_RIC_EMERGENCY_SWITCHING_WITH_SATELLITE_BACKHAUL
---- LOAD at t=98.5 ----
  cell 1 (TN) load=15/20
  cell 2 (TN) load=12/20
  cell 3 (TN) load=17/20
  cell 4 (TN) load=14/20
  cell 5 (NTN) load=6/15
  cell 6 (NTN) load=6/15
  cell 7 (NTN) load=2/15
UE 9 TTT_WAIT target=3 elapsed=0s need=2s
LM HO_FAIL_LOW_RSRP UE=14 currCell=3 candCell=4 candRsrp=-118.323 < min=-110
UE 17 TTT_WAIT target=5 elapsed=0s need=2s
UE 18 TTT_WAIT target=3 elapsed=0s need=2s
LM HO UE=23 rnti=96 1->2 type=TN servingRsrp=-107.062 targetRsrp=-86.5609 targetLoadReal=12/20 targetLoadEff=12/20
UE 24 TTT_WAIT target=3 elapsed=0s need=2s
UE 26 TTT_WAIT target=3 elapsed=0s need=2s
LM HO UE=28 rnti=94 3->1 type=TN servingRsrp=-122.814 targetRsrp=-77.5509 targetLoadReal=15/20 targetLoadEff=15/20
UE 34 TTT_WAIT target=6 elapsed=0s need=2s
LM HO_FAIL_LOW_RSRP UE=35 currCell=3 candCell=6 candRsrp=-135.796 < min=-110
LM HO_FAIL_LOW_RSRP UE=38 currCell=3 candCell=2 candRsrp=-111.789 < min=-110
UE 41 TTT_WAIT target=3 elapsed=0s need=2s
LM HO_FAIL_LOW_RSRP UE=42 currCell=4 candCell=2 candRsrp=-125.61 < min=-110
UE 43 TTT_WAIT target=5 elapsed=0s need=2s
LM HO UE=45 rnti=73 2->1 type=TN servingRsrp=-107.218 targetRsrp=-71.6164 targetLoadReal=15/20 targetLoadEff=16/20
UE 46 TTT_WAIT target=1 elapsed=0s need=2s
UE 48 TTT_WAIT target=7 elapsed=0s need=2s
UE 52 TTT_WAIT target=2 elapsed=0s need=2s
LM HO UE=54 rnti=86 1->4 type=TN servingRsrp=-122.623 targetRsrp=-105.674 targetLoadReal=14/20 targetLoadEff=14/20
UE 56 TTT_WAIT target=1 elapsed=0s need=2s
UE 57 TTT_WAIT target=2 elapsed=0s need=2s
UE 60 TTT_WAIT target=2 elapsed=0s need=2s
UE 61 TTT_WAIT target=6 elapsed=0s need=2s
LM HO_FAIL_LOW_RSRP UE=62 currCell=2 candCell=3 candRsrp=-127.116 < min=-110
UE 66 TTT_WAIT target=3 elapsed=0s need=2s
LM HO_FAIL_LOW_RSRP UE=67 currCell=2 candCell=1 candRsrp=-124.026 < min=-110
UE 69 TTT_WAIT target=2 elapsed=0s need=2s
LM HO_FAIL_LOW_RSRP UE=70 currCell=1 candCell=4 candRsrp=-113.854 < min=-110
LM HO_FAIL_LOW_RSRP UE=75 currCell=2 candCell=1 candRsrp=-116.694 < min=-110
UE 78 TTT_WAIT target=3 elapsed=0s need=2s
UE 79 TTT_WAIT target=4 elapsed=0s need=2s
UE 82 TTT_WAIT target=2 elapsed=0s need=2s
UE 83 TTT_WAIT target=1 elapsed=0s need=2s
UE 84 TTT_WAIT target=3 elapsed=0s need=2s
LM HO UE=85 rnti=77 3->4 type=TN servingRsrp=-129.306 targetRsrp=-87.0834 targetLoadReal=14/20 targetLoadEff=15/20
UE 93 TTT_WAIT target=4 elapsed=0s need=2s
LM HO UE=98 rnti=124 6->4 type=TN servingRsrp=-124.106 targetRsrp=-105.689 targetLoadReal=14/20 targetLoadEff=16/20
UE 102 TTT_WAIT target=3 elapsed=0s need=2s
LM HO_FAIL_LOW_RSRP UE=112 currCell=1 candCell=4 candRsrp=-131.894 < min=-110
UE 122 TTT_WAIT target=1 elapsed=0s need=2s
LM HO_FAIL_LOW_RSRP UE=126 currCell=7 candCell=5 candRsrp=-115.703 < min=-110
TRACE HO_SUCCESS Time=98.6151 IMSI=44 TargetCell=1 Type=TN TargetRSRP=-95.8684 ServingRSRP=-94.9165 BackhaulDlSnr=-999 BackhaulUlSnr=-999
TRACE HO_SUCCESS Time=98.6151 IMSI=27 TargetCell=1 Type=TN TargetRSRP=-114.522 ServingRSRP=-115.237 BackhaulDlSnr=-999 BackhaulUlSnr=-999
TRACE HO_SUCCESS Time=98.6151 IMSI=22 TargetCell=2 Type=TN TargetRSRP=-114.858 ServingRSRP=-109.835 BackhaulDlSnr=-999 BackhaulUlSnr=-999
TRACE HO_SUCCESS Time=98.6151 IMSI=53 TargetCell=4 Type=TN TargetRSRP=-124.411 ServingRSRP=-98.7096 BackhaulDlSnr=-999 BackhaulUlSnr=-999
TRACE HO_SUCCESS Time=98.6151 IMSI=84 TargetCell=4 Type=TN TargetRSRP=-89.3748 ServingRSRP=-112.863 BackhaulDlSnr=-999 BackhaulUlSnr=-999
TRACE HO_SUCCESS Time=98.6151 IMSI=97 TargetCell=4 Type=TN TargetRSRP=-130.197 ServingRSRP=-110.505 BackhaulDlSnr=-999 BackhaulUlSnr=-999
UAV_AUTONOMY_XAPP Time=100.5 DeploymentMode=tn-uav-satellite UavIndex=0 UavCellId=5 BestDonorCellId=1 BestDonorDistanceM=4786.75 XhaulConnected=1 XhaulChannelVariationDb=2.10929 RawXhaulState=UNREACHABLE RawXhaulStateAgeSec=96 XhaulState=UNREACHABLE DonorUnavailableActive=0 SatBackhaulHealthy=1 UavSwitchingXappAvailable=1 UavSwitchingXappState=AI_ACTIVE AiPredictedBackhaulMode=SATELLITE_FALLBACK BackhaulMode=SATELLITE_FALLBACK RicControlState=NEAR_RT_RIC_SWITCHING_TO_SATELLITE_BACKHAUL ActiveUavRic=TN_NEAR_RT_RIC NormalUeHandoverAllowed=1 UavMode=NEAR_RT_RIC_EMERGENCY_SWITCHING_WITH_SATELLITE_BACKHAUL
UAV_AUTONOMY_XAPP Time=100.5 DeploymentMode=tn-uav-satellite UavIndex=1 UavCellId=6 BestDonorCellId=4 BestDonorDistanceM=3221.4 XhaulConnected=1 XhaulChannelVariationDb=-0.533539 RawXhaulState=UNREACHABLE RawXhaulStateAgeSec=70 XhaulState=UNREACHABLE DonorUnavailableActive=0 SatBackhaulHealthy=1 UavSwitchingXappAvailable=1 UavSwitchingXappState=AI_ACTIVE AiPredictedBackhaulMode=SATELLITE_FALLBACK BackhaulMode=SATELLITE_FALLBACK RicControlState=NEAR_RT_RIC_SWITCHING_TO_SATELLITE_BACKHAUL ActiveUavRic=TN_NEAR_RT_RIC NormalUeHandoverAllowed=1 UavMode=NEAR_RT_RIC_EMERGENCY_SWITCHING_WITH_SATELLITE_BACKHAUL
UAV_AUTONOMY_XAPP Time=100.5 DeploymentMode=tn-uav-satellite UavIndex=2 UavCellId=7 BestDonorCellId=4 BestDonorDistanceM=2747.14 XhaulConnected=1 XhaulChannelVariationDb=-1.64025 RawXhaulState=UNREACHABLE RawXhaulStateAgeSec=80 XhaulState=UNREACHABLE DonorUnavailableActive=0 SatBackhaulHealthy=1 UavSwitchingXappAvailable=1 UavSwitchingXappState=AI_ACTIVE AiPredictedBackhaulMode=SATELLITE_FALLBACK BackhaulMode=SATELLITE_FALLBACK RicControlState=NEAR_RT_RIC_SWITCHING_TO_SATELLITE_BACKHAUL ActiveUavRic=TN_NEAR_RT_RIC NormalUeHandoverAllowed=1 UavMode=NEAR_RT_RIC_EMERGENCY_SWITCHING_WITH_SATELLITE_BACKHAUL
---- LOAD at t=100.5 ----
  cell 1 (TN) load=15/20
  cell 2 (TN) load=12/20
  cell 3 (TN) load=15/20
  cell 4 (TN) load=17/20
  cell 5 (NTN) load=7/15
  cell 6 (NTN) load=5/15
  cell 7 (NTN) load=2/15
LM HO UE=9 rnti=72 2->3 type=TN servingRsrp=-114.616 targetRsrp=-91.6617 targetLoadReal=15/20 targetLoadEff=15/20
UE 14 TTT_WAIT target=1 elapsed=0s need=2s
LM HO_FAIL_LOW_RSRP UE=17 currCell=3 candCell=1 candRsrp=-119.973 < min=-110
UE 21 TTT_WAIT target=2 elapsed=0s need=2s
UE 23 TTT_WAIT target=3 elapsed=0s need=2s
LM HO UE=24 rnti=68 2->3 type=TN servingRsrp=-85.6067 targetRsrp=-81.5737 targetLoadReal=15/20 targetLoadEff=16/20
LM HO_FAIL_LOW_RSRP UE=25 currCell=4 candCell=6 candRsrp=-127.193 < min=-110
LM HO_FAIL_LOW_RSRP UE=26 currCell=1 candCell=2 candRsrp=-115.158 < min=-110
UE 28 TTT_WAIT target=3 elapsed=0s need=2s
UE 29 TTT_WAIT target=1 elapsed=0s need=2s
LM HO_FAIL_LOW_RSRP UE=33 currCell=2 candCell=5 candRsrp=-125.982 < min=-110
LM HO_FAIL_LOW_RSRP UE=34 currCell=4 candCell=5 candRsrp=-111.646 < min=-110
UE 35 TTT_WAIT target=6 elapsed=0s need=2s
UE 37 TTT_WAIT target=4 elapsed=0s need=2s
LM HO_FAIL_LOW_RSRP UE=38 currCell=3 candCell=1 candRsrp=-112.363 < min=-110
UE 39 TTT_WAIT target=3 elapsed=0s need=2s
LM HO UE=41 rnti=106 6->3 type=TN servingRsrp=-141.208 targetRsrp=-108.98 targetLoadReal=15/20 targetLoadEff=17/20
LM HO_FAIL_LOW_RSRP UE=42 currCell=4 candCell=2 candRsrp=-121.868 < min=-110
UE 47 TTT_WAIT target=1 elapsed=0s need=2s
UE 48 TTT_WAIT target=3 elapsed=0s need=2s
UE 54 TTT_WAIT target=1 elapsed=0s need=2s
UE 55 TTT_WAIT target=4 elapsed=0s need=2s
UE 57 TTT_WAIT target=1 elapsed=0s need=2s
LM HO_FAIL_LOW_RSRP UE=58 currCell=3 candCell=2 candRsrp=-121.884 < min=-110
UE 60 TTT_WAIT target=3 elapsed=0s need=2s
UE 62 TTT_WAIT target=3 elapsed=0s need=2s
UE 64 TTT_WAIT target=6 elapsed=0s need=2s
LM HO UE=66 rnti=105 1->3 type=TN servingRsrp=-124.96 targetRsrp=-88.1284 targetLoadReal=15/20 targetLoadEff=18/20
UE 67 TTT_WAIT target=5 elapsed=0s need=2s
UE 70 TTT_WAIT target=4 elapsed=0s need=2s
LM HO_FAIL_LOW_RSRP UE=72 currCell=3 candCell=1 candRsrp=-110.654 < min=-110
UE 73 TTT_WAIT target=2 elapsed=0s need=2s
UE 75 TTT_WAIT target=1 elapsed=0s need=2s
LM HO UE=79 rnti=32 6->4 type=TN servingRsrp=-133.464 targetRsrp=-88.7749 targetLoadReal=17/20 targetLoadEff=17/20
UE 82 TTT_WAIT target=3 elapsed=0s need=2s
LM HO UE=83 rnti=113 5->1 type=TN servingRsrp=-113.813 targetRsrp=-96.5568 targetLoadReal=15/20 targetLoadEff=15/20
UE 84 TTT_WAIT target=2 elapsed=0s need=2s
LM HO_FAIL_LOW_RSRP UE=85 currCell=4 candCell=6 candRsrp=-119.465 < min=-110
LM HO_FAIL_LOW_RSRP UE=90 currCell=2 candCell=1 candRsrp=-119.706 < min=-110
LM HO UE=93 rnti=78 3->4 type=TN servingRsrp=-140.658 targetRsrp=-99.1651 targetLoadReal=17/20 targetLoadEff=18/20
UE 98 TTT_WAIT target=6 elapsed=0s need=2s
LM HO_FAIL_LOW_RSRP UE=102 currCell=2 candCell=1 candRsrp=-115.803 < min=-110
LM HO_FAIL_LOW_RSRP UE=112 currCell=1 candCell=4 candRsrp=-129.018 < min=-110
UE 122 TTT_WAIT target=3 elapsed=0s need=2s
LM HO_FAIL_LOW_RSRP UE=126 currCell=7 candCell=6 candRsrp=-122.109 < min=-110
TRACE HO_SUCCESS Time=100.615 IMSI=82 TargetCell=1 Type=TN TargetRSRP=-123.903 ServingRSRP=-88.1678 BackhaulDlSnr=-999 BackhaulUlSnr=-999
TRACE HO_SUCCESS Time=100.615 IMSI=65 TargetCell=3 Type=TN TargetRSRP=-83.766 ServingRSRP=-103.441 BackhaulDlSnr=-999 BackhaulUlSnr=-999
TRACE HO_SUCCESS Time=100.615 IMSI=23 TargetCell=3 Type=TN TargetRSRP=-114.175 ServingRSRP=-80.859 BackhaulDlSnr=-999 BackhaulUlSnr=-999
TRACE HO_SUCCESS Time=100.615 IMSI=8 TargetCell=3 Type=TN TargetRSRP=-120.534 ServingRSRP=-102.838 BackhaulDlSnr=-999 BackhaulUlSnr=-999
TRACE HO_SUCCESS Time=100.615 IMSI=40 TargetCell=3 Type=TN TargetRSRP=-125.067 ServingRSRP=-110.826 BackhaulDlSnr=-999 BackhaulUlSnr=-999
TRACE HO_SUCCESS Time=100.615 IMSI=92 TargetCell=4 Type=TN TargetRSRP=-110.945 ServingRSRP=-96.8583 BackhaulDlSnr=-999 BackhaulUlSnr=-999
TRACE HO_SUCCESS Time=100.615 IMSI=78 TargetCell=4 Type=TN TargetRSRP=-121.844 ServingRSRP=-108.858 BackhaulDlSnr=-999 BackhaulUlSnr=-999
UAV_AUTONOMY_XAPP Time=102.5 DeploymentMode=tn-uav-satellite UavIndex=0 UavCellId=5 BestDonorCellId=3 BestDonorDistanceM=4950.64 XhaulConnected=1 XhaulChannelVariationDb=-2.14569 RawXhaulState=UNREACHABLE RawXhaulStateAgeSec=98 XhaulState=UNREACHABLE DonorUnavailableActive=0 SatBackhaulHealthy=1 UavSwitchingXappAvailable=1 UavSwitchingXappState=AI_ACTIVE AiPredictedBackhaulMode=SATELLITE_FALLBACK BackhaulMode=SATELLITE_FALLBACK RicControlState=NEAR_RT_RIC_SWITCHING_TO_SATELLITE_BACKHAUL ActiveUavRic=TN_NEAR_RT_RIC NormalUeHandoverAllowed=1 UavMode=NEAR_RT_RIC_EMERGENCY_SWITCHING_WITH_SATELLITE_BACKHAUL
UAV_AUTONOMY_XAPP Time=102.5 DeploymentMode=tn-uav-satellite UavIndex=1 UavCellId=6 BestDonorCellId=4 BestDonorDistanceM=3291.11 XhaulConnected=1 XhaulChannelVariationDb=-3.89363 RawXhaulState=UNREACHABLE RawXhaulStateAgeSec=72 XhaulState=UNREACHABLE DonorUnavailableActive=0 SatBackhaulHealthy=1 UavSwitchingXappAvailable=1 UavSwitchingXappState=AI_ACTIVE AiPredictedBackhaulMode=SATELLITE_FALLBACK BackhaulMode=SATELLITE_FALLBACK RicControlState=NEAR_RT_RIC_SWITCHING_TO_SATELLITE_BACKHAUL ActiveUavRic=TN_NEAR_RT_RIC NormalUeHandoverAllowed=1 UavMode=NEAR_RT_RIC_EMERGENCY_SWITCHING_WITH_SATELLITE_BACKHAUL
UAV_AUTONOMY_XAPP Time=102.5 DeploymentMode=tn-uav-satellite UavIndex=2 UavCellId=7 BestDonorCellId=4 BestDonorDistanceM=2801.47 XhaulConnected=1 XhaulChannelVariationDb=-4.10855 RawXhaulState=UNREACHABLE RawXhaulStateAgeSec=82 XhaulState=UNREACHABLE DonorUnavailableActive=0 SatBackhaulHealthy=1 UavSwitchingXappAvailable=1 UavSwitchingXappState=AI_ACTIVE AiPredictedBackhaulMode=SATELLITE_FALLBACK BackhaulMode=SATELLITE_FALLBACK RicControlState=NEAR_RT_RIC_SWITCHING_TO_SATELLITE_BACKHAUL ActiveUavRic=TN_NEAR_RT_RIC NormalUeHandoverAllowed=1 UavMode=NEAR_RT_RIC_EMERGENCY_SWITCHING_WITH_SATELLITE_BACKHAUL
---- LOAD at t=102.5 ----
  cell 1 (TN) load=15/20
  cell 2 (TN) load=10/20
  cell 3 (TN) load=18/20
  cell 4 (TN) load=19/20
  cell 5 (NTN) load=7/15
  cell 6 (NTN) load=3/15
  cell 7 (NTN) load=2/15
UE 9 TTT_WAIT target=1 elapsed=0s need=2s
UE 10 TTT_WAIT target=2 elapsed=0s need=2s
UE 14 TTT_WAIT target=5 elapsed=0s need=2s
UE 17 TTT_WAIT target=1 elapsed=0s need=2s
LM HO_FAIL_LOW_RSRP UE=21 currCell=4 candCell=7 candRsrp=-115.65 < min=-110
UE 24 TTT_WAIT target=1 elapsed=0s need=2s
LM HO_FAIL_LOW_RSRP UE=26 currCell=1 candCell=2 candRsrp=-123.783 < min=-110
LM HO UE=28 rnti=111 1->3 type=TN servingRsrp=-129.069 targetRsrp=-87.7833 targetLoadReal=18/20 targetLoadEff=18/20
LM HO UE=29 rnti=75 3->1 type=TN servingRsrp=-114.585 targetRsrp=-104.667 targetLoadReal=15/20 targetLoadEff=15/20
LM HO_FAIL_LOW_RSRP UE=33 currCell=2 candCell=7 candRsrp=-141.008 < min=-110
UE 34 TTT_WAIT target=3 elapsed=0s need=2s
LM HO_FAIL_LOW_RSRP UE=35 currCell=3 candCell=1 candRsrp=-123.143 < min=-110
LM HO UE=37 rnti=104 1->4 type=TN servingRsrp=-128.647 targetRsrp=-97.8046 targetLoadReal=19/20 targetLoadEff=19/20
UE 38 TTT_WAIT target=1 elapsed=0s need=2s
UE 39 TTT_WAIT target=6 elapsed=0s need=2s
LM HO_FAIL_LOW_RSRP UE=41 currCell=3 candCell=2 candRsrp=-119.146 < min=-110
UE 42 TTT_WAIT target=2 elapsed=0s need=2s
UE 43 TTT_WAIT target=5 elapsed=0s need=2s
UE 45 TTT_WAIT target=3 elapsed=0s need=2s
UE 46 TTT_WAIT target=2 elapsed=0s need=2s
UE 47 TTT_WAIT target=2 elapsed=0s need=2s
LM HO_FAIL_LOW_RSRP UE=48 currCell=4 candCell=3 candRsrp=-110.362 < min=-110
LM HO_FAIL_LOW_RSRP UE=52 currCell=1 candCell=7 candRsrp=-115.037 < min=-110
UE 54 TTT_WAIT target=2 elapsed=0s need=2s
UE 55 TTT_WAIT target=2 elapsed=0s need=2s
LM HO UE=57 rnti=95 5->1 type=TN servingRsrp=-128.85 targetRsrp=-97.1054 targetLoadReal=15/20 targetLoadEff=16/20
UE 58 TTT_WAIT target=1 elapsed=0s need=2s
LM HO_FAIL_LOW_RSRP UE=60 currCell=1 candCell=3 candRsrp=-124.698 < min=-110
LM HO_FAIL_LOW_RSRP UE=61 currCell=4 candCell=1 candRsrp=-110.395 < min=-110
LM HO UE=64 rnti=73 4->6 type=NTN servingRsrp=-105.228 targetRsrp=-96.7935 targetLoadReal=3/15 targetLoadEff=3/15
UE 67 TTT_WAIT target=3 elapsed=0s need=2s
LM HO_FAIL_LOW_RSRP UE=70 currCell=1 candCell=5 candRsrp=-137.491 < min=-110
UE 72 TTT_WAIT target=2 elapsed=0s need=2s
LM HO_FAIL_LOW_RSRP UE=73 currCell=1 candCell=6 candRsrp=-147.48 < min=-110
UE 75 TTT_WAIT target=3 elapsed=0s need=2s
UE 76 TTT_WAIT target=3 elapsed=0s need=2s
UE 77 TTT_WAIT target=6 elapsed=0s need=2s
UE 79 TTT_WAIT target=1 elapsed=0s need=2s
UE 82 TTT_WAIT target=6 elapsed=0s need=2s
LM HO_FAIL_LOW_RSRP UE=83 currCell=1 candCell=3 candRsrp=-122.653 < min=-110
UE 84 TTT_WAIT target=3 elapsed=0s need=2s
UE 85 TTT_WAIT target=3 elapsed=0s need=2s
UE 90 TTT_WAIT target=7 elapsed=0s need=2s
UE 93 TTT_WAIT target=7 elapsed=0s need=2s
LM HO UE=98 rnti=82 4->6 type=NTN servingRsrp=-110.504 targetRsrp=-83.1336 targetLoadReal=3/15 targetLoadEff=4/15
UE 101 TTT_WAIT target=3 elapsed=0s need=2s
LM HO_FAIL_LOW_RSRP UE=102 currCell=2 candCell=1 candRsrp=-124.735 < min=-110
LM HO_FAIL_LOW_RSRP UE=107 currCell=6 candCell=5 candRsrp=-116.48 < min=-110
UE 112 TTT_WAIT target=5 elapsed=0s need=2s
UE 126 TTT_WAIT target=3 elapsed=0s need=2s
TRACE HO_SUCCESS Time=102.615 IMSI=28 TargetCell=1 Type=TN TargetRSRP=-103.047 ServingRSRP=-77.5258 BackhaulDlSnr=-999 BackhaulUlSnr=-999
TRACE HO_SUCCESS Time=102.615 IMSI=56 TargetCell=1 Type=TN TargetRSRP=-122.23 ServingRSRP=-122.797 BackhaulDlSnr=-999 BackhaulUlSnr=-999
TRACE HO_SUCCESS Time=102.615 IMSI=27 TargetCell=3 Type=TN TargetRSRP=-123.169 ServingRSRP=-91.2071 BackhaulDlSnr=-999 BackhaulUlSnr=-999
TRACE HO_SUCCESS Time=102.615 IMSI=36 TargetCell=4 Type=TN TargetRSRP=-120.292 ServingRSRP=-128.197 BackhaulDlSnr=-999 BackhaulUlSnr=-999
TRACE HO_SUCCESS Time=102.615 IMSI=63 TargetCell=6 Type=NTN TargetRSRP=-131.112 ServingRSRP=-106.148 BackhaulDlSnr=12.7972 BackhaulUlSnr=8.27657
TRACE HO_SUCCESS Time=102.615 IMSI=97 TargetCell=6 Type=NTN TargetRSRP=-116.416 ServingRSRP=-115.056 BackhaulDlSnr=12.7972 BackhaulUlSnr=8.27657
UAV_AUTONOMY_XAPP Time=104.5 DeploymentMode=tn-uav-satellite UavIndex=0 UavCellId=5 BestDonorCellId=1 BestDonorDistanceM=4926.27 XhaulConnected=1 XhaulChannelVariationDb=0.481545 RawXhaulState=UNREACHABLE RawXhaulStateAgeSec=100 XhaulState=UNREACHABLE DonorUnavailableActive=0 SatBackhaulHealthy=1 UavSwitchingXappAvailable=1 UavSwitchingXappState=AI_ACTIVE AiPredictedBackhaulMode=SATELLITE_FALLBACK BackhaulMode=SATELLITE_FALLBACK RicControlState=NEAR_RT_RIC_SWITCHING_TO_SATELLITE_BACKHAUL ActiveUavRic=TN_NEAR_RT_RIC NormalUeHandoverAllowed=1 UavMode=NEAR_RT_RIC_EMERGENCY_SWITCHING_WITH_SATELLITE_BACKHAUL
UAV_AUTONOMY_XAPP Time=104.5 DeploymentMode=tn-uav-satellite UavIndex=1 UavCellId=6 BestDonorCellId=4 BestDonorDistanceM=3360.81 XhaulConnected=1 XhaulChannelVariationDb=-3.08567 RawXhaulState=UNREACHABLE RawXhaulStateAgeSec=74 XhaulState=UNREACHABLE DonorUnavailableActive=0 SatBackhaulHealthy=1 UavSwitchingXappAvailable=1 UavSwitchingXappState=AI_ACTIVE AiPredictedBackhaulMode=SATELLITE_FALLBACK BackhaulMode=SATELLITE_FALLBACK RicControlState=NEAR_RT_RIC_SWITCHING_TO_SATELLITE_BACKHAUL ActiveUavRic=TN_NEAR_RT_RIC NormalUeHandoverAllowed=1 UavMode=NEAR_RT_RIC_EMERGENCY_SWITCHING_WITH_SATELLITE_BACKHAUL
UAV_AUTONOMY_XAPP Time=104.5 DeploymentMode=tn-uav-satellite UavIndex=2 UavCellId=7 BestDonorCellId=4 BestDonorDistanceM=2855.76 XhaulConnected=1 XhaulChannelVariationDb=-1.01236 RawXhaulState=UNREACHABLE RawXhaulStateAgeSec=84 XhaulState=UNREACHABLE DonorUnavailableActive=0 SatBackhaulHealthy=1 UavSwitchingXappAvailable=1 UavSwitchingXappState=AI_ACTIVE AiPredictedBackhaulMode=SATELLITE_FALLBACK BackhaulMode=SATELLITE_FALLBACK RicControlState=NEAR_RT_RIC_SWITCHING_TO_SATELLITE_BACKHAUL ActiveUavRic=TN_NEAR_RT_RIC NormalUeHandoverAllowed=1 UavMode=NEAR_RT_RIC_EMERGENCY_SWITCHING_WITH_SATELLITE_BACKHAUL
---- LOAD at t=104.5 ----
  cell 1 (TN) load=15/20
  cell 2 (TN) load=10/20
  cell 3 (TN) load=18/20
  cell 4 (TN) load=18/20
  cell 5 (NTN) load=8/15
  cell 6 (NTN) load=5/15
  cell 7 (NTN) load=3/15
UE 13 TTT_WAIT target=1 elapsed=0s need=2s
UE 15 TTT_WAIT target=2 elapsed=0s need=2s
UE 17 TTT_WAIT target=4 elapsed=0s need=2s
UE 18 TTT_WAIT target=3 elapsed=0s need=2s
UE 20 TTT_WAIT target=5 elapsed=0s need=2s
UE 21 TTT_WAIT target=2 elapsed=0s need=2s
UE 23 TTT_WAIT target=1 elapsed=0s need=2s
LM HO UE=24 rnti=100 3->1 type=TN servingRsrp=-122.311 targetRsrp=-103.239 targetLoadReal=15/20 targetLoadEff=15/20
UE 25 TTT_WAIT target=7 elapsed=0s need=2s
UE 26 TTT_WAIT target=2 elapsed=0s need=2s
UE 28 TTT_WAIT target=1 elapsed=0s need=2s
UE 33 TTT_WAIT target=4 elapsed=0s need=2s
LM HO_FAIL_LOW_RSRP UE=35 currCell=3 candCell=6 candRsrp=-117.445 < min=-110
LM HO_FAIL_LOW_RSRP UE=37 currCell=4 candCell=7 candRsrp=-127.881 < min=-110
LM HO_FAIL_LOW_RSRP UE=38 currCell=3 candCell=2 candRsrp=-111.822 < min=-110
UE 39 TTT_WAIT target=2 elapsed=0s need=2s
LM HO_FAIL_LOW_RSRP UE=41 currCell=3 candCell=2 candRsrp=-117.044 < min=-110
LM HO_FAIL_LOW_RSRP UE=42 currCell=4 candCell=1 candRsrp=-125.182 < min=-110
UE 46 TTT_WAIT target=1 elapsed=0s need=2s
UE 47 TTT_WAIT target=1 elapsed=0s need=2s
UE 48 TTT_WAIT target=3 elapsed=0s need=2s
UE 52 TTT_WAIT target=2 elapsed=0s need=2s
UE 54 TTT_WAIT target=1 elapsed=0s need=2s
LM HO_FAIL_LOW_RSRP UE=57 currCell=1 candCell=2 candRsrp=-123.068 < min=-110
UE 61 TTT_WAIT target=6 elapsed=0s need=2s
UE 62 TTT_WAIT target=1 elapsed=0s need=2s
UE 69 TTT_WAIT target=7 elapsed=0s need=2s
LM HO_FAIL_LOW_RSRP UE=70 currCell=1 candCell=4 candRsrp=-110.776 < min=-110
UE 72 TTT_WAIT target=1 elapsed=0s need=2s
LM HO_FAIL_LOW_RSRP UE=73 currCell=1 candCell=4 candRsrp=-114.859 < min=-110
LM HO_FAIL_LOW_RSRP UE=75 currCell=2 candCell=3 candRsrp=-115.04 < min=-110
UE 77 TTT_WAIT target=7 elapsed=0s need=2s
UE 78 TTT_WAIT target=3 elapsed=0s need=2s
LM HO_FAIL_LOW_RSRP UE=79 currCell=4 candCell=6 candRsrp=-133.525 < min=-110
UE 82 TTT_WAIT target=3 elapsed=0s need=2s
UE 87 TTT_WAIT target=1 elapsed=0s need=2s
UE 90 TTT_WAIT target=3 elapsed=0s need=2s
UE 102 TTT_WAIT target=4 elapsed=0s need=2s
LM HO_FAIL_LOW_RSRP UE=107 currCell=6 candCell=7 candRsrp=-111.031 < min=-110
LM HO_FAIL_LOW_RSRP UE=112 currCell=1 candCell=3 candRsrp=-117.148 < min=-110
UE 122 TTT_WAIT target=4 elapsed=0s need=2s
TRACE HO_SUCCESS Time=104.615 IMSI=23 TargetCell=1 Type=TN TargetRSRP=-99.0025 ServingRSRP=-105.336 BackhaulDlSnr=-999 BackhaulUlSnr=-999
UAV_AUTONOMY_XAPP Time=106.5 DeploymentMode=tn-uav-satellite UavIndex=0 UavCellId=5 BestDonorCellId=1 BestDonorDistanceM=4995.32 XhaulConnected=1 XhaulChannelVariationDb=-0.642563 RawXhaulState=UNREACHABLE RawXhaulStateAgeSec=102 XhaulState=UNREACHABLE DonorUnavailableActive=0 SatBackhaulHealthy=1 UavSwitchingXappAvailable=1 UavSwitchingXappState=AI_ACTIVE AiPredictedBackhaulMode=SATELLITE_FALLBACK BackhaulMode=SATELLITE_FALLBACK RicControlState=NEAR_RT_RIC_SWITCHING_TO_SATELLITE_BACKHAUL ActiveUavRic=TN_NEAR_RT_RIC NormalUeHandoverAllowed=1 UavMode=NEAR_RT_RIC_EMERGENCY_SWITCHING_WITH_SATELLITE_BACKHAUL
UAV_AUTONOMY_XAPP Time=106.5 DeploymentMode=tn-uav-satellite UavIndex=1 UavCellId=6 BestDonorCellId=4 BestDonorDistanceM=3430.49 XhaulConnected=1 XhaulChannelVariationDb=-0.532185 RawXhaulState=UNREACHABLE RawXhaulStateAgeSec=76 XhaulState=UNREACHABLE DonorUnavailableActive=0 SatBackhaulHealthy=1 UavSwitchingXappAvailable=1 UavSwitchingXappState=AI_ACTIVE AiPredictedBackhaulMode=SATELLITE_FALLBACK BackhaulMode=SATELLITE_FALLBACK RicControlState=NEAR_RT_RIC_SWITCHING_TO_SATELLITE_BACKHAUL ActiveUavRic=TN_NEAR_RT_RIC NormalUeHandoverAllowed=1 UavMode=NEAR_RT_RIC_EMERGENCY_SWITCHING_WITH_SATELLITE_BACKHAUL
UAV_AUTONOMY_XAPP Time=106.5 DeploymentMode=tn-uav-satellite UavIndex=2 UavCellId=7 BestDonorCellId=4 BestDonorDistanceM=2911.47 XhaulConnected=1 XhaulChannelVariationDb=-1.52385 RawXhaulState=UNREACHABLE RawXhaulStateAgeSec=86 XhaulState=UNREACHABLE DonorUnavailableActive=0 SatBackhaulHealthy=1 UavSwitchingXappAvailable=1 UavSwitchingXappState=AI_ACTIVE AiPredictedBackhaulMode=SATELLITE_FALLBACK BackhaulMode=SATELLITE_FALLBACK RicControlState=NEAR_RT_RIC_SWITCHING_TO_SATELLITE_BACKHAUL ActiveUavRic=TN_NEAR_RT_RIC NormalUeHandoverAllowed=1 UavMode=NEAR_RT_RIC_EMERGENCY_SWITCHING_WITH_SATELLITE_BACKHAUL
---- LOAD at t=106.5 ----
  cell 1 (TN) load=16/20
  cell 2 (TN) load=10/20
  cell 3 (TN) load=17/20
  cell 4 (TN) load=19/20
  cell 5 (NTN) load=8/15
  cell 6 (NTN) load=6/15
  cell 7 (NTN) load=3/15
UE 9 TTT_WAIT target=2 elapsed=0s need=2s
LM HO_FAIL_LOW_RSRP UE=14 currCell=3 candCell=1 candRsrp=-125.192 < min=-110
LM HO_FAIL_LOW_RSRP UE=15 currCell=3 candCell=7 candRsrp=-137.452 < min=-110
LM HO_FAIL_LOW_RSRP UE=17 currCell=3 candCell=4 candRsrp=-121.11 < min=-110
LM HO UE=20 rnti=95 3->5 type=NTN servingRsrp=-107.235 targetRsrp=-98.3242 targetLoadReal=8/15 targetLoadEff=8/15
LM HO UE=21 rnti=72 4->2 type=TN servingRsrp=-108.895 targetRsrp=-82.6867 targetLoadReal=10/20 targetLoadEff=10/20
LM HO UE=23 rnti=79 2->1 type=TN servingRsrp=-108.88 targetRsrp=-76.8407 targetLoadReal=16/20 targetLoadEff=16/20
LM HO_FAIL_LOW_RSRP UE=25 currCell=4 candCell=6 candRsrp=-129.936 < min=-110
LM HO_FAIL_LOW_RSRP UE=26 currCell=1 candCell=5 candRsrp=-140.089 < min=-110
UE 28 TTT_WAIT target=4 elapsed=0s need=2s
UE 32 TTT_WAIT target=7 elapsed=0s need=2s
UE 33 TTT_WAIT target=7 elapsed=0s need=2s
UE 34 TTT_WAIT target=1 elapsed=0s need=2s
LM HO_FAIL_LOW_RSRP UE=37 currCell=4 candCell=2 candRsrp=-116.525 < min=-110
UE 38 TTT_WAIT target=1 elapsed=0s need=2s
LM HO_FAIL_LOW_RSRP UE=39 currCell=1 candCell=5 candRsrp=-132.017 < min=-110
UE 41 TTT_WAIT target=2 elapsed=0s need=2s
LM HO_FAIL_LOW_RSRP UE=42 currCell=4 candCell=1 candRsrp=-125.282 < min=-110
LM HO_FAIL_LOW_RSRP UE=43 currCell=3 candCell=7 candRsrp=-125.741 < min=-110
UE 45 TTT_WAIT target=5 elapsed=0s need=2s
LM HO_FAIL_LOW_RSRP UE=48 currCell=4 candCell=6 candRsrp=-125.8 < min=-110
UE 49 TTT_WAIT target=6 elapsed=0s need=2s
UE 52 TTT_WAIT target=3 elapsed=0s need=2s
LM HO_FAIL_LOW_RSRP UE=54 currCell=4 candCell=2 candRsrp=-115.337 < min=-110
UE 57 TTT_WAIT target=2 elapsed=0s need=2s
LM HO_FAIL_LOW_RSRP UE=58 currCell=3 candCell=5 candRsrp=-131.963 < min=-110
UE 60 TTT_WAIT target=3 elapsed=0s need=2s
UE 62 TTT_WAIT target=5 elapsed=0s need=2s
LM HO_FAIL_LOW_RSRP UE=64 currCell=6 candCell=5 candRsrp=-110.568 < min=-110
UE 66 TTT_WAIT target=1 elapsed=0s need=2s
UE 67 TTT_WAIT target=1 elapsed=0s need=2s
UE 69 TTT_WAIT target=1 elapsed=0s need=2s
UE 70 TTT_WAIT target=2 elapsed=0s need=2s
LM HO_FAIL_LOW_RSRP UE=72 currCell=3 candCell=5 candRsrp=-129.071 < min=-110
LM HO_FAIL_LOW_RSRP UE=73 currCell=1 candCell=4 candRsrp=-117.379 < min=-110
UE 75 TTT_WAIT target=1 elapsed=0s need=2s
UE 76 TTT_WAIT target=2 elapsed=0s need=2s
LM HO_FAIL_LOW_RSRP UE=77 currCell=4 candCell=7 candRsrp=-113.577 < min=-110
UE 82 TTT_WAIT target=2 elapsed=0s need=2s
UE 84 TTT_WAIT target=1 elapsed=0s need=2s
UE 85 TTT_WAIT target=1 elapsed=0s need=2s
LM HO_FAIL_LOW_RSRP UE=93 currCell=4 candCell=7 candRsrp=-110.848 < min=-110
UE 102 TTT_WAIT target=1 elapsed=0s need=2s
LM HO_FAIL_LOW_RSRP UE=112 currCell=1 candCell=4 candRsrp=-126.371 < min=-110
UE 119 TTT_WAIT target=3 elapsed=0s need=2s
TRACE HO_SUCCESS Time=106.615 IMSI=22 TargetCell=1 Type=TN TargetRSRP=-71.1272 ServingRSRP=-76.7621 BackhaulDlSnr=-999 BackhaulUlSnr=-999
TRACE HO_SUCCESS Time=106.615 IMSI=20 TargetCell=2 Type=TN TargetRSRP=-123.671 ServingRSRP=-109.723 BackhaulDlSnr=-999 BackhaulUlSnr=-999
TRACE HO_SUCCESS Time=106.615 IMSI=19 TargetCell=5 Type=NTN TargetRSRP=-125.382 ServingRSRP=-104.689 BackhaulDlSnr=11.7836 BackhaulUlSnr=7.26301
UAV_AUTONOMY_XAPP Time=108.5 DeploymentMode=tn-uav-satellite UavIndex=0 UavCellId=5 BestDonorCellId=1 BestDonorDistanceM=5036.42 XhaulConnected=1 XhaulChannelVariationDb=-1.07815 RawXhaulState=UNREACHABLE RawXhaulStateAgeSec=104 XhaulState=UNREACHABLE DonorUnavailableActive=0 SatBackhaulHealthy=1 UavSwitchingXappAvailable=1 UavSwitchingXappState=AI_ACTIVE AiPredictedBackhaulMode=SATELLITE_FALLBACK BackhaulMode=SATELLITE_FALLBACK RicControlState=NEAR_RT_RIC_SWITCHING_TO_SATELLITE_BACKHAUL ActiveUavRic=TN_NEAR_RT_RIC NormalUeHandoverAllowed=1 UavMode=NEAR_RT_RIC_EMERGENCY_SWITCHING_WITH_SATELLITE_BACKHAUL
UAV_AUTONOMY_XAPP Time=108.5 DeploymentMode=tn-uav-satellite UavIndex=1 UavCellId=6 BestDonorCellId=4 BestDonorDistanceM=3500.34 XhaulConnected=1 XhaulChannelVariationDb=2.11889 RawXhaulState=UNREACHABLE RawXhaulStateAgeSec=78 XhaulState=UNREACHABLE DonorUnavailableActive=0 SatBackhaulHealthy=1 UavSwitchingXappAvailable=1 UavSwitchingXappState=AI_ACTIVE AiPredictedBackhaulMode=SATELLITE_FALLBACK BackhaulMode=SATELLITE_FALLBACK RicControlState=NEAR_RT_RIC_SWITCHING_TO_SATELLITE_BACKHAUL ActiveUavRic=TN_NEAR_RT_RIC NormalUeHandoverAllowed=1 UavMode=NEAR_RT_RIC_EMERGENCY_SWITCHING_WITH_SATELLITE_BACKHAUL
UAV_AUTONOMY_XAPP Time=108.5 DeploymentMode=tn-uav-satellite UavIndex=2 UavCellId=7 BestDonorCellId=4 BestDonorDistanceM=2966.94 XhaulConnected=1 XhaulChannelVariationDb=1.74549 RawXhaulState=UNREACHABLE RawXhaulStateAgeSec=88 XhaulState=UNREACHABLE DonorUnavailableActive=0 SatBackhaulHealthy=1 UavSwitchingXappAvailable=1 UavSwitchingXappState=AI_ACTIVE AiPredictedBackhaulMode=SATELLITE_FALLBACK BackhaulMode=SATELLITE_FALLBACK RicControlState=NEAR_RT_RIC_SWITCHING_TO_SATELLITE_BACKHAUL ActiveUavRic=TN_NEAR_RT_RIC NormalUeHandoverAllowed=1 UavMode=NEAR_RT_RIC_EMERGENCY_SWITCHING_WITH_SATELLITE_BACKHAUL
---- LOAD at t=108.5 ----
  cell 1 (TN) load=17/20
  cell 2 (TN) load=10/20
  cell 3 (TN) load=16/20
  cell 4 (TN) load=18/20
  cell 5 (NTN) load=9/15
  cell 6 (NTN) load=7/15
  cell 7 (NTN) load=3/15
LM HO UE=9 rnti=97 3->2 type=TN servingRsrp=-101.331 targetRsrp=-77.4097 targetLoadReal=10/20 targetLoadEff=10/20
UE 14 TTT_WAIT target=2 elapsed=0s need=2s
LM HO_FAIL_LOW_RSRP UE=17 currCell=3 candCell=2 candRsrp=-125.595 < min=-110
UE 21 TTT_WAIT target=1 elapsed=0s need=2s
UE 23 TTT_WAIT target=3 elapsed=0s need=2s
LM HO_FAIL_LOW_RSRP UE=25 currCell=4 candCell=6 candRsrp=-129.461 < min=-110
UE 26 TTT_WAIT target=3 elapsed=0s need=2s
LM HO UE=28 rnti=101 3->4 type=TN servingRsrp=-110.476 targetRsrp=-106.859 targetLoadReal=18/20 targetLoadEff=18/20
UE 29 TTT_WAIT target=3 elapsed=0s need=2s
UE 32 TTT_WAIT target=6 elapsed=0s need=2s
UE 35 TTT_WAIT target=1 elapsed=0s need=2s
LM HO_FAIL_LOW_RSRP UE=41 currCell=3 candCell=2 candRsrp=-121.171 < min=-110
UE 42 TTT_WAIT target=3 elapsed=0s need=2s
UE 47 TTT_WAIT target=1 elapsed=0s need=2s
LM HO_FAIL_LOW_RSRP UE=48 currCell=4 candCell=2 candRsrp=-112.414 < min=-110
UE 52 TTT_WAIT target=2 elapsed=0s need=2s
UE 54 TTT_WAIT target=2 elapsed=0s need=2s
UE 55 TTT_WAIT target=4 elapsed=0s need=2s
LM HO UE=57 rnti=115 1->2 type=TN servingRsrp=-136.346 targetRsrp=-100.854 targetLoadReal=10/20 targetLoadEff=11/20
LM HO_FAIL_LOW_RSRP UE=58 currCell=3 candCell=1 candRsrp=-114.959 < min=-110
UE 60 TTT_WAIT target=2 elapsed=0s need=2s
UE 62 TTT_WAIT target=3 elapsed=0s need=2s
UE 64 TTT_WAIT target=5 elapsed=0s need=2s
LM HO_FAIL_LOW_RSRP UE=66 currCell=3 candCell=2 candRsrp=-118.001 < min=-110
UE 67 TTT_WAIT target=3 elapsed=0s need=2s
LM HO_FAIL_LOW_RSRP UE=72 currCell=3 candCell=1 candRsrp=-118.131 < min=-110
UE 73 TTT_WAIT target=4 elapsed=0s need=2s
LM HO_FAIL_LOW_RSRP UE=75 currCell=2 candCell=1 candRsrp=-110.838 < min=-110
UE 76 TTT_WAIT target=3 elapsed=0s need=2s
UE 79 TTT_WAIT target=6 elapsed=0s need=2s
LM HO_FAIL_LOW_RSRP UE=83 currCell=1 candCell=5 candRsrp=-131.959 < min=-110
LM HO UE=84 rnti=77 7->1 type=TN servingRsrp=-136.111 targetRsrp=-98.4251 targetLoadReal=17/20 targetLoadEff=17/20
LM HO_FAIL_LOW_RSRP UE=85 currCell=4 candCell=7 candRsrp=-131.395 < min=-110
UE 90 TTT_WAIT target=3 elapsed=0s need=2s
LM HO_FAIL_LOW_RSRP UE=93 currCell=4 candCell=1 candRsrp=-119.256 < min=-110
UE 102 TTT_WAIT target=4 elapsed=0s need=2s
LM HO_FAIL_LOW_RSRP UE=112 currCell=1 candCell=3 candRsrp=-125.206 < min=-110
TRACE HO_SUCCESS Time=108.615 IMSI=83 TargetCell=1 Type=TN TargetRSRP=-99.6191 ServingRSRP=-109.135 BackhaulDlSnr=-999 BackhaulUlSnr=-999
TRACE HO_SUCCESS Time=108.615 IMSI=56 TargetCell=2 Type=TN TargetRSRP=-120.409 ServingRSRP=-124.929 BackhaulDlSnr=-999 BackhaulUlSnr=-999
TRACE HO_SUCCESS Time=108.615 IMSI=8 TargetCell=2 Type=TN TargetRSRP=-89.7957 ServingRSRP=-80.3275 BackhaulDlSnr=-999 BackhaulUlSnr=-999
TRACE HO_SUCCESS Time=108.615 IMSI=27 TargetCell=4 Type=TN TargetRSRP=-118.961 ServingRSRP=-76.9455 BackhaulDlSnr=-999 BackhaulUlSnr=-999
UAV_AUTONOMY_XAPP Time=110.5 DeploymentMode=tn-uav-satellite UavIndex=0 UavCellId=5 BestDonorCellId=1 BestDonorDistanceM=5022.11 XhaulConnected=1 XhaulChannelVariationDb=-1.14087 RawXhaulState=UNREACHABLE RawXhaulStateAgeSec=106 XhaulState=UNREACHABLE DonorUnavailableActive=0 SatBackhaulHealthy=1 UavSwitchingXappAvailable=1 UavSwitchingXappState=AI_ACTIVE AiPredictedBackhaulMode=SATELLITE_FALLBACK BackhaulMode=SATELLITE_FALLBACK RicControlState=NEAR_RT_RIC_SWITCHING_TO_SATELLITE_BACKHAUL ActiveUavRic=TN_NEAR_RT_RIC NormalUeHandoverAllowed=1 UavMode=NEAR_RT_RIC_EMERGENCY_SWITCHING_WITH_SATELLITE_BACKHAUL
UAV_AUTONOMY_XAPP Time=110.5 DeploymentMode=tn-uav-satellite UavIndex=1 UavCellId=6 BestDonorCellId=4 BestDonorDistanceM=3569.8 XhaulConnected=1 XhaulChannelVariationDb=0.289899 RawXhaulState=UNREACHABLE RawXhaulStateAgeSec=80 XhaulState=UNREACHABLE DonorUnavailableActive=0 SatBackhaulHealthy=1 UavSwitchingXappAvailable=1 UavSwitchingXappState=AI_ACTIVE AiPredictedBackhaulMode=SATELLITE_FALLBACK BackhaulMode=SATELLITE_FALLBACK RicControlState=NEAR_RT_RIC_SWITCHING_TO_SATELLITE_BACKHAUL ActiveUavRic=TN_NEAR_RT_RIC NormalUeHandoverAllowed=1 UavMode=NEAR_RT_RIC_EMERGENCY_SWITCHING_WITH_SATELLITE_BACKHAUL
UAV_AUTONOMY_XAPP Time=110.5 DeploymentMode=tn-uav-satellite UavIndex=2 UavCellId=7 BestDonorCellId=4 BestDonorDistanceM=3023.01 XhaulConnected=1 XhaulChannelVariationDb=-1.20246 RawXhaulState=UNREACHABLE RawXhaulStateAgeSec=90 XhaulState=UNREACHABLE DonorUnavailableActive=0 SatBackhaulHealthy=1 UavSwitchingXappAvailable=1 UavSwitchingXappState=AI_ACTIVE AiPredictedBackhaulMode=SATELLITE_FALLBACK BackhaulMode=SATELLITE_FALLBACK RicControlState=NEAR_RT_RIC_SWITCHING_TO_SATELLITE_BACKHAUL ActiveUavRic=TN_NEAR_RT_RIC NormalUeHandoverAllowed=1 UavMode=NEAR_RT_RIC_EMERGENCY_SWITCHING_WITH_SATELLITE_BACKHAUL
---- LOAD at t=110.5 ----
  cell 1 (TN) load=17/20
  cell 2 (TN) load=12/20
  cell 3 (TN) load=14/20
  cell 4 (TN) load=19/20
  cell 5 (NTN) load=9/15
  cell 6 (NTN) load=7/15
  cell 7 (NTN) load=2/15
UE 9 TTT_WAIT target=5 elapsed=0s need=2s
UE 17 TTT_WAIT target=1 elapsed=0s need=2s
UE 18 TTT_WAIT target=2 elapsed=0s need=2s
UE 20 TTT_WAIT target=3 elapsed=0s need=2s
LM HO_FAIL_LOW_RSRP UE=21 currCell=2 candCell=4 candRsrp=-111.749 < min=-110
LM HO UE=23 rnti=117 1->3 type=TN servingRsrp=-110.42 targetRsrp=-84.6854 targetLoadReal=14/20 targetLoadEff=14/20
UE 25 TTT_WAIT target=3 elapsed=0s need=2s
LM HO_FAIL_LOW_RSRP UE=26 currCell=1 candCell=4 candRsrp=-119.432 < min=-110
UE 28 TTT_WAIT target=2 elapsed=0s need=2s
UE 33 TTT_WAIT target=4 elapsed=0s need=2s
LM HO_FAIL_LOW_RSRP UE=35 currCell=3 candCell=4 candRsrp=-124.305 < min=-110
LM HO_FAIL_LOW_RSRP UE=37 currCell=4 candCell=5 candRsrp=-125.917 < min=-110
LM HO_FAIL_LOW_RSRP UE=41 currCell=3 candCell=2 candRsrp=-115.717 < min=-110
LM HO UE=42 rnti=74 4->3 type=TN servingRsrp=-114.705 targetRsrp=-99.6951 targetLoadReal=14/20 targetLoadEff=15/20
UE 43 TTT_WAIT target=5 elapsed=0s need=2s
UE 45 TTT_WAIT target=2 elapsed=0s need=2s
LM HO_FAIL_LOW_RSRP UE=46 currCell=4 candCell=1 candRsrp=-111.564 < min=-110
UE 48 TTT_WAIT target=2 elapsed=0s need=2s
UE 54 TTT_WAIT target=3 elapsed=0s need=2s
UE 57 TTT_WAIT target=1 elapsed=0s need=2s
UE 58 TTT_WAIT target=2 elapsed=0s need=2s
LM HO_FAIL_LOW_RSRP UE=60 currCell=1 candCell=6 candRsrp=-113.737 < min=-110
UE 61 TTT_WAIT target=3 elapsed=0s need=2s
LM HO UE=64 rnti=133 6->5 type=NTN servingRsrp=-134.252 targetRsrp=-108.773 targetLoadReal=9/15 targetLoadEff=9/15
LM HO_FAIL_LOW_RSRP UE=66 currCell=3 candCell=1 candRsrp=-115.158 < min=-110
LM HO_FAIL_LOW_RSRP UE=67 currCell=2 candCell=6 candRsrp=-122.783 < min=-110
LM HO_FAIL_LOW_RSRP UE=69 currCell=4 candCell=7 candRsrp=-124.07 < min=-110
LM HO_FAIL_LOW_RSRP UE=72 currCell=3 candCell=1 candRsrp=-122.219 < min=-110
UE 75 TTT_WAIT target=3 elapsed=0s need=2s
LM HO_FAIL_LOW_RSRP UE=77 currCell=4 candCell=6 candRsrp=-130.611 < min=-110
UE 78 TTT_WAIT target=2 elapsed=0s need=2s
LM HO_FAIL_LOW_RSRP UE=82 currCell=4 candCell=1 candRsrp=-119.791 < min=-110
LM HO_FAIL_LOW_RSRP UE=83 currCell=1 candCell=2 candRsrp=-112.626 < min=-110
LM HO_FAIL_LOW_RSRP UE=90 currCell=2 candCell=7 candRsrp=-113.008 < min=-110
LM HO_FAIL_LOW_RSRP UE=93 currCell=4 candCell=1 candRsrp=-113.6 < min=-110
UE 101 TTT_WAIT target=7 elapsed=0s need=2s
LM HO_FAIL_LOW_RSRP UE=102 currCell=2 candCell=1 candRsrp=-123.811 < min=-110
UE 107 TTT_WAIT target=3 elapsed=0s need=2s
LM HO_FAIL_LOW_RSRP UE=112 currCell=1 candCell=4 candRsrp=-140.798 < min=-110
LM HO_FAIL_LOW_RSRP UE=126 currCell=7 candCell=6 candRsrp=-114.963 < min=-110
TRACE HO_SUCCESS Time=110.615 IMSI=22 TargetCell=3 Type=TN TargetRSRP=-117.128 ServingRSRP=-108.317 BackhaulDlSnr=-999 BackhaulUlSnr=-999
TRACE HO_SUCCESS Time=110.615 IMSI=41 TargetCell=3 Type=TN TargetRSRP=-97.6476 ServingRSRP=-101.197 BackhaulDlSnr=-999 BackhaulUlSnr=-999
TRACE HO_SUCCESS Time=110.615 IMSI=63 TargetCell=5 Type=NTN TargetRSRP=-147.88 ServingRSRP=-105.588 BackhaulDlSnr=10.7298 BackhaulUlSnr=6.20918
UAV_AUTONOMY_XAPP Time=112.5 DeploymentMode=tn-uav-satellite UavIndex=0 UavCellId=5 BestDonorCellId=3 BestDonorDistanceM=5136.69 XhaulConnected=1 XhaulChannelVariationDb=-0.691947 RawXhaulState=UNREACHABLE RawXhaulStateAgeSec=108 XhaulState=UNREACHABLE DonorUnavailableActive=0 SatBackhaulHealthy=1 UavSwitchingXappAvailable=1 UavSwitchingXappState=AI_ACTIVE AiPredictedBackhaulMode=SATELLITE_FALLBACK BackhaulMode=SATELLITE_FALLBACK RicControlState=NEAR_RT_RIC_SWITCHING_TO_SATELLITE_BACKHAUL ActiveUavRic=TN_NEAR_RT_RIC NormalUeHandoverAllowed=1 UavMode=NEAR_RT_RIC_EMERGENCY_SWITCHING_WITH_SATELLITE_BACKHAUL
UAV_AUTONOMY_XAPP Time=112.5 DeploymentMode=tn-uav-satellite UavIndex=1 UavCellId=6 BestDonorCellId=4 BestDonorDistanceM=3639.66 XhaulConnected=1 XhaulChannelVariationDb=-0.624787 RawXhaulState=UNREACHABLE RawXhaulStateAgeSec=82 XhaulState=UNREACHABLE DonorUnavailableActive=0 SatBackhaulHealthy=1 UavSwitchingXappAvailable=1 UavSwitchingXappState=AI_ACTIVE AiPredictedBackhaulMode=SATELLITE_FALLBACK BackhaulMode=SATELLITE_FALLBACK RicControlState=NEAR_RT_RIC_SWITCHING_TO_SATELLITE_BACKHAUL ActiveUavRic=TN_NEAR_RT_RIC NormalUeHandoverAllowed=1 UavMode=NEAR_RT_RIC_EMERGENCY_SWITCHING_WITH_SATELLITE_BACKHAUL
UAV_AUTONOMY_XAPP Time=112.5 DeploymentMode=tn-uav-satellite UavIndex=2 UavCellId=7 BestDonorCellId=4 BestDonorDistanceM=3079.47 XhaulConnected=1 XhaulChannelVariationDb=-2.61932 RawXhaulState=UNREACHABLE RawXhaulStateAgeSec=92 XhaulState=UNREACHABLE DonorUnavailableActive=0 SatBackhaulHealthy=1 UavSwitchingXappAvailable=1 UavSwitchingXappState=AI_ACTIVE AiPredictedBackhaulMode=SATELLITE_FALLBACK BackhaulMode=SATELLITE_FALLBACK RicControlState=NEAR_RT_RIC_SWITCHING_TO_SATELLITE_BACKHAUL ActiveUavRic=TN_NEAR_RT_RIC NormalUeHandoverAllowed=1 UavMode=NEAR_RT_RIC_EMERGENCY_SWITCHING_WITH_SATELLITE_BACKHAUL
---- LOAD at t=112.5 ----
  cell 1 (TN) load=16/20
  cell 2 (TN) load=12/20
  cell 3 (TN) load=16/20
  cell 4 (TN) load=18/20
  cell 5 (NTN) load=10/15
  cell 6 (NTN) load=6/15
  cell 7 (NTN) load=2/15
UE 9 TTT_WAIT target=1 elapsed=0s need=2s
LM HO_FAIL_LOW_RSRP UE=14 currCell=3 candCell=5 candRsrp=-136.664 < min=-110
UE 15 TTT_WAIT target=2 elapsed=0s need=2s
UE 17 TTT_WAIT target=2 elapsed=0s need=2s
UE 18 TTT_WAIT target=4 elapsed=0s need=2s
LM HO UE=20 rnti=180 5->3 type=TN servingRsrp=-139.234 targetRsrp=-71.4962 targetLoadReal=16/20 targetLoadEff=16/20
UE 21 TTT_WAIT target=4 elapsed=0s need=2s
UE 22 TTT_WAIT target=2 elapsed=0s need=2s
LM HO_FAIL_LOW_RSRP UE=23 currCell=3 candCell=7 candRsrp=-132.076 < min=-110
UE 25 TTT_WAIT target=1 elapsed=0s need=2s
LM HO_FAIL_LOW_RSRP UE=26 currCell=1 candCell=4 candRsrp=-112.491 < min=-110
UE 28 TTT_WAIT target=1 elapsed=0s need=2s
UE 29 TTT_WAIT target=2 elapsed=0s need=2s
UE 32 TTT_WAIT target=2 elapsed=0s need=2s
UE 34 TTT_WAIT target=6 elapsed=0s need=2s
UE 37 TTT_WAIT target=1 elapsed=0s need=2s
UE 38 TTT_WAIT target=2 elapsed=0s need=2s
UE 39 TTT_WAIT target=3 elapsed=0s need=2s
LM HO_FAIL_LOW_RSRP UE=41 currCell=3 candCell=4 candRsrp=-124.493 < min=-110
LM HO_FAIL_LOW_RSRP UE=42 currCell=3 candCell=1 candRsrp=-122.172 < min=-110
LM HO_FAIL_LOW_RSRP UE=46 currCell=4 candCell=2 candRsrp=-116.757 < min=-110
UE 48 TTT_WAIT target=3 elapsed=0s need=2s
LM HO_FAIL_LOW_RSRP UE=49 currCell=4 candCell=5 candRsrp=-129.143 < min=-110
LM HO_FAIL_LOW_RSRP UE=52 currCell=1 candCell=7 candRsrp=-132.98 < min=-110
LM HO UE=54 rnti=80 4->3 type=TN servingRsrp=-123.527 targetRsrp=-89.6227 targetLoadReal=16/20 targetLoadEff=17/20
UE 55 TTT_WAIT target=4 elapsed=0s need=2s
UE 57 TTT_WAIT target=3 elapsed=0s need=2s
LM HO_FAIL_LOW_RSRP UE=60 currCell=1 candCell=3 candRsrp=-125.96 < min=-110
UE 61 TTT_WAIT target=7 elapsed=0s need=2s
UE 62 TTT_WAIT target=3 elapsed=0s need=2s
UE 64 TTT_WAIT target=6 elapsed=0s need=2s
UE 66 TTT_WAIT target=2 elapsed=0s need=2s
UE 70 TTT_WAIT target=2 elapsed=0s need=2s
LM HO_FAIL_LOW_RSRP UE=72 currCell=3 candCell=5 candRsrp=-131.757 < min=-110
LM HO_FAIL_LOW_RSRP UE=73 currCell=1 candCell=2 candRsrp=-111.172 < min=-110
UE 75 TTT_WAIT target=1 elapsed=0s need=2s
UE 79 TTT_WAIT target=1 elapsed=0s need=2s
UE 82 TTT_WAIT target=3 elapsed=0s need=2s
UE 83 TTT_WAIT target=5 elapsed=0s need=2s
UE 85 TTT_WAIT target=2 elapsed=0s need=2s
UE 90 TTT_WAIT target=3 elapsed=0s need=2s
LM HO_FAIL_LOW_RSRP UE=93 currCell=4 candCell=3 candRsrp=-110.354 < min=-110
UE 112 TTT_WAIT target=5 elapsed=0s need=2s
LM HO_FAIL_LOW_RSRP UE=122 currCell=6 candCell=7 candRsrp=-113.547 < min=-110
TRACE HO_SUCCESS Time=112.615 IMSI=53 TargetCell=3 Type=TN TargetRSRP=-129.143 ServingRSRP=-107.008 BackhaulDlSnr=-999 BackhaulUlSnr=-999
TRACE HO_SUCCESS Time=112.615 IMSI=19 TargetCell=3 Type=TN TargetRSRP=-70.0311 ServingRSRP=-120.06 BackhaulDlSnr=-999 BackhaulUlSnr=-999
UAV_AUTONOMY_XAPP Time=114.5 DeploymentMode=tn-uav-satellite UavIndex=0 UavCellId=5 BestDonorCellId=1 BestDonorDistanceM=5060.53 XhaulConnected=1 XhaulChannelVariationDb=1.76639 RawXhaulState=UNREACHABLE RawXhaulStateAgeSec=110 XhaulState=UNREACHABLE DonorUnavailableActive=0 SatBackhaulHealthy=1 UavSwitchingXappAvailable=1 UavSwitchingXappState=AI_ACTIVE AiPredictedBackhaulMode=SATELLITE_FALLBACK BackhaulMode=SATELLITE_FALLBACK RicControlState=NEAR_RT_RIC_SWITCHING_TO_SATELLITE_BACKHAUL ActiveUavRic=TN_NEAR_RT_RIC NormalUeHandoverAllowed=1 UavMode=NEAR_RT_RIC_EMERGENCY_SWITCHING_WITH_SATELLITE_BACKHAUL
UAV_AUTONOMY_XAPP Time=114.5 DeploymentMode=tn-uav-satellite UavIndex=1 UavCellId=6 BestDonorCellId=4 BestDonorDistanceM=3709.5 XhaulConnected=1 XhaulChannelVariationDb=-3.09079 RawXhaulState=UNREACHABLE RawXhaulStateAgeSec=84 XhaulState=UNREACHABLE DonorUnavailableActive=0 SatBackhaulHealthy=1 UavSwitchingXappAvailable=1 UavSwitchingXappState=AI_ACTIVE AiPredictedBackhaulMode=SATELLITE_FALLBACK BackhaulMode=SATELLITE_FALLBACK RicControlState=NEAR_RT_RIC_SWITCHING_TO_SATELLITE_BACKHAUL ActiveUavRic=TN_NEAR_RT_RIC NormalUeHandoverAllowed=1 UavMode=NEAR_RT_RIC_EMERGENCY_SWITCHING_WITH_SATELLITE_BACKHAUL
UAV_AUTONOMY_XAPP Time=114.5 DeploymentMode=tn-uav-satellite UavIndex=2 UavCellId=7 BestDonorCellId=4 BestDonorDistanceM=3137.74 XhaulConnected=1 XhaulChannelVariationDb=0.106002 RawXhaulState=UNREACHABLE RawXhaulStateAgeSec=94 XhaulState=UNREACHABLE DonorUnavailableActive=0 SatBackhaulHealthy=1 UavSwitchingXappAvailable=1 UavSwitchingXappState=AI_ACTIVE AiPredictedBackhaulMode=SATELLITE_FALLBACK BackhaulMode=SATELLITE_FALLBACK RicControlState=NEAR_RT_RIC_SWITCHING_TO_SATELLITE_BACKHAUL ActiveUavRic=TN_NEAR_RT_RIC NormalUeHandoverAllowed=1 UavMode=NEAR_RT_RIC_EMERGENCY_SWITCHING_WITH_SATELLITE_BACKHAUL
---- LOAD at t=114.5 ----
  cell 1 (TN) load=16/20
  cell 2 (TN) load=12/20
  cell 3 (TN) load=18/20
  cell 4 (TN) load=17/20
  cell 5 (NTN) load=9/15
  cell 6 (NTN) load=6/15
  cell 7 (NTN) load=2/15
UE 9 TTT_WAIT target=4 elapsed=0s need=2s
UE 13 TTT_WAIT target=1 elapsed=0s need=2s
UE 15 TTT_WAIT target=5 elapsed=0s need=2s
UE 17 TTT_WAIT target=4 elapsed=0s need=2s
UE 20 TTT_WAIT target=5 elapsed=0s need=2s
LM HO UE=21 rnti=80 2->4 type=TN servingRsrp=-119.26 targetRsrp=-109.632 targetLoadReal=17/20 targetLoadEff=17/20
UE 23 TTT_WAIT target=1 elapsed=0s need=2s
UE 25 TTT_WAIT target=6 elapsed=0s need=2s
UE 26 TTT_WAIT target=3 elapsed=0s need=2s
UE 32 TTT_WAIT target=6 elapsed=0s need=2s
UE 33 TTT_WAIT target=4 elapsed=0s need=2s
LM HO_FAIL_LOW_RSRP UE=35 currCell=3 candCell=4 candRsrp=-114.957 < min=-110
LM HO_FAIL_LOW_RSRP UE=37 currCell=4 candCell=3 candRsrp=-117.444 < min=-110
UE 38 TTT_WAIT target=5 elapsed=0s need=2s
LM HO_FAIL_LOW_RSRP UE=39 currCell=1 candCell=2 candRsrp=-119.788 < min=-110
LM HO_FAIL_LOW_RSRP UE=41 currCell=3 candCell=2 candRsrp=-124.745 < min=-110
UE 42 TTT_WAIT target=1 elapsed=0s need=2s
UE 45 TTT_WAIT target=3 elapsed=0s need=2s
LM HO_FAIL_LOW_RSRP UE=46 currCell=4 candCell=5 candRsrp=-117.706 < min=-110
UE 47 TTT_WAIT target=1 elapsed=0s need=2s
UE 48 TTT_WAIT target=6 elapsed=0s need=2s
LM HO_FAIL_LOW_RSRP UE=54 currCell=3 candCell=2 candRsrp=-113.438 < min=-110
LM HO UE=55 rnti=102 1->4 type=TN servingRsrp=-111.856 targetRsrp=-82.0458 targetLoadReal=17/20 targetLoadEff=18/20
LM HO_FAIL_LOW_RSRP UE=57 currCell=2 candCell=3 candRsrp=-122.888 < min=-110
LM HO_FAIL_LOW_RSRP UE=60 currCell=1 candCell=3 candRsrp=-115.502 < min=-110
LM HO UE=61 rnti=79 4->7 type=NTN servingRsrp=-116.701 targetRsrp=-100.77 targetLoadReal=2/15 targetLoadEff=2/15
UE 64 TTT_WAIT target=4 elapsed=0s need=2s
UE 66 TTT_WAIT target=6 elapsed=0s need=2s
LM HO_FAIL_LOW_RSRP UE=67 currCell=2 candCell=3 candRsrp=-125.364 < min=-110
UE 69 TTT_WAIT target=1 elapsed=0s need=2s
LM HO_FAIL_LOW_RSRP UE=70 currCell=1 candCell=3 candRsrp=-114.421 < min=-110
LM HO_FAIL_LOW_RSRP UE=72 currCell=3 candCell=5 candRsrp=-129.356 < min=-110
LM HO_FAIL_LOW_RSRP UE=73 currCell=1 candCell=4 candRsrp=-114.509 < min=-110
LM HO_FAIL_LOW_RSRP UE=75 currCell=2 candCell=4 candRsrp=-115.197 < min=-110
LM HO_FAIL_LOW_RSRP UE=79 currCell=4 candCell=6 candRsrp=-133.564 < min=-110
UE 80 TTT_WAIT target=1 elapsed=0s need=2s
UE 82 TTT_WAIT target=5 elapsed=0s need=2s
LM HO UE=83 rnti=113 1->5 type=NTN servingRsrp=-101.63 targetRsrp=-97.4084 targetLoadReal=9/15 targetLoadEff=9/15
LM HO_FAIL_LOW_RSRP UE=85 currCell=4 candCell=3 candRsrp=-110.043 < min=-110
LM HO UE=90 rnti=71 2->3 type=TN servingRsrp=-140.988 targetRsrp=-106.87 targetLoadReal=18/20 targetLoadEff=18/20
LM HO_FAIL_LOW_RSRP UE=93 currCell=4 candCell=2 candRsrp=-133.931 < min=-110
UE 101 TTT_WAIT target=4 elapsed=0s need=2s
UE 102 TTT_WAIT target=4 elapsed=0s need=2s
UE 107 TTT_WAIT target=1 elapsed=0s need=2s
LM HO_FAIL_LOW_RSRP UE=112 currCell=1 candCell=2 candRsrp=-151.388 < min=-110
TRACE HO_SUCCESS Time=114.615 IMSI=89 TargetCell=3 Type=TN TargetRSRP=-146.923 ServingRSRP=-104.089 BackhaulDlSnr=-999 BackhaulUlSnr=-999
TRACE HO_SUCCESS Time=114.615 IMSI=54 TargetCell=4 Type=TN TargetRSRP=-122.303 ServingRSRP=-100.673 BackhaulDlSnr=-999 BackhaulUlSnr=-999
TRACE HO_SUCCESS Time=114.615 IMSI=20 TargetCell=4 Type=TN TargetRSRP=-111.394 ServingRSRP=-102.327 BackhaulDlSnr=-999 BackhaulUlSnr=-999
TRACE HO_SUCCESS Time=114.615 IMSI=82 TargetCell=5 Type=NTN TargetRSRP=-132.137 ServingRSRP=-100.627 BackhaulDlSnr=9.85047 BackhaulUlSnr=5.32987
TRACE HO_SUCCESS Time=114.615 IMSI=60 TargetCell=7 Type=NTN TargetRSRP=-137.097 ServingRSRP=-113.05 BackhaulDlSnr=14.609 BackhaulUlSnr=10.0884
UAV_AUTONOMY_XAPP Time=116.5 DeploymentMode=tn-uav-satellite UavIndex=0 UavCellId=5 BestDonorCellId=1 BestDonorDistanceM=5079.95 XhaulConnected=1 XhaulChannelVariationDb=1.4135 RawXhaulState=UNREACHABLE RawXhaulStateAgeSec=112 XhaulState=UNREACHABLE DonorUnavailableActive=0 SatBackhaulHealthy=1 UavSwitchingXappAvailable=1 UavSwitchingXappState=AI_ACTIVE AiPredictedBackhaulMode=SATELLITE_FALLBACK BackhaulMode=SATELLITE_FALLBACK RicControlState=NEAR_RT_RIC_SWITCHING_TO_SATELLITE_BACKHAUL ActiveUavRic=TN_NEAR_RT_RIC NormalUeHandoverAllowed=1 UavMode=NEAR_RT_RIC_EMERGENCY_SWITCHING_WITH_SATELLITE_BACKHAUL
UAV_AUTONOMY_XAPP Time=116.5 DeploymentMode=tn-uav-satellite UavIndex=1 UavCellId=6 BestDonorCellId=4 BestDonorDistanceM=3779.01 XhaulConnected=1 XhaulChannelVariationDb=-2.99132 RawXhaulState=UNREACHABLE RawXhaulStateAgeSec=86 XhaulState=UNREACHABLE DonorUnavailableActive=0 SatBackhaulHealthy=1 UavSwitchingXappAvailable=1 UavSwitchingXappState=AI_ACTIVE AiPredictedBackhaulMode=SATELLITE_FALLBACK BackhaulMode=SATELLITE_FALLBACK RicControlState=NEAR_RT_RIC_SWITCHING_TO_SATELLITE_BACKHAUL ActiveUavRic=TN_NEAR_RT_RIC NormalUeHandoverAllowed=1 UavMode=NEAR_RT_RIC_EMERGENCY_SWITCHING_WITH_SATELLITE_BACKHAUL
UAV_AUTONOMY_XAPP Time=116.5 DeploymentMode=tn-uav-satellite UavIndex=2 UavCellId=7 BestDonorCellId=4 BestDonorDistanceM=3196.13 XhaulConnected=1 XhaulChannelVariationDb=-1.83284 RawXhaulState=UNREACHABLE RawXhaulStateAgeSec=96 XhaulState=UNREACHABLE DonorUnavailableActive=0 SatBackhaulHealthy=1 UavSwitchingXappAvailable=1 UavSwitchingXappState=AI_ACTIVE AiPredictedBackhaulMode=SATELLITE_FALLBACK BackhaulMode=SATELLITE_FALLBACK RicControlState=NEAR_RT_RIC_SWITCHING_TO_SATELLITE_BACKHAUL ActiveUavRic=TN_NEAR_RT_RIC NormalUeHandoverAllowed=1 UavMode=NEAR_RT_RIC_EMERGENCY_SWITCHING_WITH_SATELLITE_BACKHAUL
---- LOAD at t=116.5 ----
  cell 1 (TN) load=14/20
  cell 2 (TN) load=10/20
  cell 3 (TN) load=19/20
  cell 4 (TN) load=19/20
  cell 5 (NTN) load=11/15
  cell 6 (NTN) load=6/15
  cell 7 (NTN) load=3/15
UE 9 TTT_WAIT target=1 elapsed=0s need=2s
LM HO_FAIL_LOW_RSRP UE=17 currCell=3 candCell=1 candRsrp=-115.555 < min=-110
UE 20 TTT_WAIT target=2 elapsed=0s need=2s
UE 21 TTT_WAIT target=2 elapsed=0s need=2s
LM HO UE=23 rnti=102 3->1 type=TN servingRsrp=-115.215 targetRsrp=-89.4392 targetLoadReal=14/20 targetLoadEff=14/20
UE 25 TTT_WAIT target=1 elapsed=0s need=2s
UE 26 TTT_WAIT target=4 elapsed=0s need=2s
UE 28 TTT_WAIT target=1 elapsed=0s need=2s
LM HO_FAIL_LOW_RSRP UE=37 currCell=4 candCell=6 candRsrp=-117.728 < min=-110
LM HO_FAIL_LOW_RSRP UE=39 currCell=1 candCell=2 candRsrp=-111.02 < min=-110
UE 41 TTT_WAIT target=2 elapsed=0s need=2s
LM HO_FAIL_LOW_RSRP UE=42 currCell=3 candCell=5 candRsrp=-111.443 < min=-110
UE 45 TTT_WAIT target=2 elapsed=0s need=2s
LM HO_FAIL_LOW_RSRP UE=48 currCell=4 candCell=7 candRsrp=-119.445 < min=-110
UE 52 TTT_WAIT target=3 elapsed=0s need=2s
LM HO_FAIL_LOW_RSRP UE=55 currCell=4 candCell=2 candRsrp=-118.319 < min=-110
UE 56 TTT_WAIT target=1 elapsed=0s need=2s
UE 58 TTT_WAIT target=1 elapsed=0s need=2s
UE 60 TTT_WAIT target=2 elapsed=0s need=2s
UE 61 TTT_WAIT target=4 elapsed=0s need=2s
LM HO_FAIL_LOW_RSRP UE=62 currCell=2 candCell=4 candRsrp=-112.796 < min=-110
UE 66 TTT_WAIT target=1 elapsed=0s need=2s
LM HO_FAIL_LOW_RSRP UE=67 currCell=2 candCell=3 candRsrp=-125.602 < min=-110
UE 69 TTT_WAIT target=2 elapsed=0s need=2s
LM HO_FAIL_LOW_RSRP UE=70 currCell=1 candCell=4 candRsrp=-116.845 < min=-110
LM HO_FAIL_LOW_RSRP UE=72 currCell=3 candCell=5 candRsrp=-131.972 < min=-110
UE 73 TTT_WAIT target=4 elapsed=0s need=2s
UE 75 TTT_WAIT target=3 elapsed=0s need=2s
UE 76 TTT_WAIT target=3 elapsed=0s need=2s
UE 78 TTT_WAIT target=2 elapsed=0s need=2s
LM HO_FAIL_LOW_RSRP UE=79 currCell=4 candCell=2 candRsrp=-114.677 < min=-110
LM HO_FAIL_LOW_RSRP UE=82 currCell=4 candCell=5 candRsrp=-118.244 < min=-110
UE 83 TTT_WAIT target=3 elapsed=0s need=2s
UE 84 TTT_WAIT target=3 elapsed=0s need=2s
UE 90 TTT_WAIT target=7 elapsed=0s need=2s
LM HO_FAIL_LOW_RSRP UE=93 currCell=4 candCell=3 candRsrp=-124.109 < min=-110
LM HO UE=102 rnti=47 2->4 type=TN servingRsrp=-141.01 targetRsrp=-99.8666 targetLoadReal=19/20 targetLoadEff=19/20
UE 112 TTT_WAIT target=5 elapsed=0s need=2s
TRACE HO_SUCCESS Time=116.615 IMSI=22 TargetCell=1 Type=TN TargetRSRP=-109.434 ServingRSRP=-98.7746 BackhaulDlSnr=-999 BackhaulUlSnr=-999
TRACE HO_SUCCESS Time=116.615 IMSI=101 TargetCell=4 Type=TN TargetRSRP=-100.584 ServingRSRP=-102.119 BackhaulDlSnr=-999 BackhaulUlSnr=-999
UAV_AUTONOMY_XAPP Time=118.5 DeploymentMode=tn-uav-satellite UavIndex=0 UavCellId=5 BestDonorCellId=3 BestDonorDistanceM=5131.48 XhaulConnected=1 XhaulChannelVariationDb=-1.6728 RawXhaulState=UNREACHABLE RawXhaulStateAgeSec=114 XhaulState=UNREACHABLE DonorUnavailableActive=0 SatBackhaulHealthy=1 UavSwitchingXappAvailable=1 UavSwitchingXappState=AI_ACTIVE AiPredictedBackhaulMode=SATELLITE_FALLBACK BackhaulMode=SATELLITE_FALLBACK RicControlState=NEAR_RT_RIC_SWITCHING_TO_SATELLITE_BACKHAUL ActiveUavRic=TN_NEAR_RT_RIC NormalUeHandoverAllowed=1 UavMode=NEAR_RT_RIC_EMERGENCY_SWITCHING_WITH_SATELLITE_BACKHAUL
UAV_AUTONOMY_XAPP Time=118.5 DeploymentMode=tn-uav-satellite UavIndex=1 UavCellId=6 BestDonorCellId=4 BestDonorDistanceM=3807.88 XhaulConnected=1 XhaulChannelVariationDb=-2.02967 RawXhaulState=UNREACHABLE RawXhaulStateAgeSec=88 XhaulState=UNREACHABLE DonorUnavailableActive=0 SatBackhaulHealthy=1 UavSwitchingXappAvailable=1 UavSwitchingXappState=AI_ACTIVE AiPredictedBackhaulMode=SATELLITE_FALLBACK BackhaulMode=SATELLITE_FALLBACK RicControlState=NEAR_RT_RIC_SWITCHING_TO_SATELLITE_BACKHAUL ActiveUavRic=TN_NEAR_RT_RIC NormalUeHandoverAllowed=1 UavMode=NEAR_RT_RIC_EMERGENCY_SWITCHING_WITH_SATELLITE_BACKHAUL
UAV_AUTONOMY_XAPP Time=118.5 DeploymentMode=tn-uav-satellite UavIndex=2 UavCellId=7 BestDonorCellId=4 BestDonorDistanceM=3258.02 XhaulConnected=1 XhaulChannelVariationDb=-1.40619 RawXhaulState=UNREACHABLE RawXhaulStateAgeSec=98 XhaulState=UNREACHABLE DonorUnavailableActive=0 SatBackhaulHealthy=1 UavSwitchingXappAvailable=1 UavSwitchingXappState=AI_ACTIVE AiPredictedBackhaulMode=SATELLITE_FALLBACK BackhaulMode=SATELLITE_FALLBACK RicControlState=NEAR_RT_RIC_SWITCHING_TO_SATELLITE_BACKHAUL ActiveUavRic=TN_NEAR_RT_RIC NormalUeHandoverAllowed=1 UavMode=NEAR_RT_RIC_EMERGENCY_SWITCHING_WITH_SATELLITE_BACKHAUL
---- LOAD at t=118.5 ----
  cell 1 (TN) load=15/20
  cell 2 (TN) load=9/20
  cell 3 (TN) load=18/20
  cell 4 (TN) load=20/20
  cell 5 (NTN) load=11/15
  cell 6 (NTN) load=8/15
  cell 7 (NTN) load=4/15
UE 9 TTT_WAIT target=3 elapsed=0s need=2s
LM HO_FAIL_LOW_RSRP UE=17 currCell=3 candCell=5 candRsrp=-126.981 < min=-110
UE 18 TTT_WAIT target=2 elapsed=0s need=2s
UE 20 TTT_WAIT target=1 elapsed=0s need=2s
LM HO UE=21 rnti=95 4->2 type=TN servingRsrp=-103.532 targetRsrp=-89.4079 targetLoadReal=9/20 targetLoadEff=9/20
UE 23 TTT_WAIT target=2 elapsed=0s need=2s
LM HO UE=25 rnti=78 4->1 type=TN servingRsrp=-112.497 targetRsrp=-103.435 targetLoadReal=15/20 targetLoadEff=15/20
UE 26 TTT_WAIT target=2 elapsed=0s need=2s
UE 28 TTT_WAIT target=2 elapsed=0s need=2s
UE 29 TTT_WAIT target=2 elapsed=0s need=2s
LM HO_FAIL_LOW_RSRP UE=34 currCell=4 candCell=6 candRsrp=-129.345 < min=-110
UE 35 TTT_WAIT target=6 elapsed=0s need=2s
LM HO_FAIL_LOW_RSRP UE=37 currCell=4 candCell=2 candRsrp=-122.726 < min=-110
UE 38 TTT_WAIT target=1 elapsed=0s need=2s
LM HO_FAIL_LOW_RSRP UE=41 currCell=3 candCell=2 candRsrp=-121.323 < min=-110
LM HO_FAIL_LOW_RSRP UE=42 currCell=3 candCell=6 candRsrp=-128.927 < min=-110
UE 45 TTT_WAIT target=3 elapsed=0s need=2s
UE 46 TTT_WAIT target=3 elapsed=0s need=2s
UE 47 TTT_WAIT target=2 elapsed=0s need=2s
LM HO_FAIL_LOW_RSRP UE=48 currCell=4 candCell=6 candRsrp=-128.814 < min=-110
UE 54 TTT_WAIT target=2 elapsed=0s need=2s
UE 55 TTT_WAIT target=2 elapsed=0s need=2s
UE 57 TTT_WAIT target=3 elapsed=0s need=2s
UE 58 TTT_WAIT target=5 elapsed=0s need=2s
LM HO_FAIL_LOW_RSRP UE=60 currCell=1 candCell=3 candRsrp=-119.958 < min=-110
UE 61 TTT_WAIT target=1 elapsed=0s need=2s
LM HO_FAIL_LOW_RSRP UE=62 currCell=2 candCell=1 candRsrp=-128.702 < min=-110
LM HO_FAIL_LOW_RSRP UE=64 currCell=5 candCell=6 candRsrp=-124.14 < min=-110
LM HO_FAIL_LOW_RSRP UE=67 currCell=2 candCell=3 candRsrp=-129.974 < min=-110
LM HO UE=69 rnti=77 4->2 type=TN servingRsrp=-113.467 targetRsrp=-106.022 targetLoadReal=9/20 targetLoadEff=10/20
UE 72 TTT_WAIT target=5 elapsed=0s need=2s
LM HO_FAIL_LOW_RSRP UE=73 currCell=1 candCell=3 candRsrp=-127.085 < min=-110
UE 80 TTT_WAIT target=1 elapsed=0s need=2s
LM HO_FAIL_LOW_RSRP UE=82 currCell=4 candCell=3 candRsrp=-113.528 < min=-110
UE 83 TTT_WAIT target=2 elapsed=0s need=2s
LM HO UE=84 rnti=118 1->3 type=TN servingRsrp=-101.993 targetRsrp=-79.9443 targetLoadReal=18/20 targetLoadEff=18/20
UE 87 TTT_WAIT target=1 elapsed=0s need=2s
LM HO_FAIL_LOW_RSRP UE=90 currCell=3 candCell=1 candRsrp=-146.062 < min=-110
LM HO_FAIL_LOW_RSRP UE=93 currCell=4 candCell=1 candRsrp=-140.901 < min=-110
LM HO_FAIL_LOW_RSRP UE=102 currCell=4 candCell=3 candRsrp=-123.304 < min=-110
LM HO_FAIL_LOW_RSRP UE=112 currCell=1 candCell=3 candRsrp=-133.756 < min=-110
UE 122 TTT_WAIT target=3 elapsed=0s need=2s
TRACE HO_SUCCESS Time=118.615 IMSI=24 TargetCell=1 Type=TN TargetRSRP=-139.209 ServingRSRP=-113.943 BackhaulDlSnr=-999 BackhaulUlSnr=-999
TRACE HO_SUCCESS Time=118.615 IMSI=20 TargetCell=2 Type=TN TargetRSRP=-94.6362 ServingRSRP=-117.105 BackhaulDlSnr=-999 BackhaulUlSnr=-999
TRACE HO_SUCCESS Time=118.615 IMSI=68 TargetCell=2 Type=TN TargetRSRP=-120.988 ServingRSRP=-95.6713 BackhaulDlSnr=-999 BackhaulUlSnr=-999
TRACE HO_SUCCESS Time=118.615 IMSI=83 TargetCell=3 Type=TN TargetRSRP=-113.403 ServingRSRP=-96.7111 BackhaulDlSnr=-999 BackhaulUlSnr=-999
UAV_AUTONOMY_XAPP Time=120.5 DeploymentMode=tn-uav-satellite UavIndex=0 UavCellId=5 BestDonorCellId=1 BestDonorDistanceM=4986.54 XhaulConnected=1 XhaulChannelVariationDb=2.20609 RawXhaulState=UNREACHABLE RawXhaulStateAgeSec=116 XhaulState=UNREACHABLE DonorUnavailableActive=0 SatBackhaulHealthy=1 UavSwitchingXappAvailable=1 UavSwitchingXappState=AI_ACTIVE AiPredictedBackhaulMode=SATELLITE_FALLBACK BackhaulMode=SATELLITE_FALLBACK RicControlState=NEAR_RT_RIC_SWITCHING_TO_SATELLITE_BACKHAUL ActiveUavRic=TN_NEAR_RT_RIC NormalUeHandoverAllowed=1 UavMode=NEAR_RT_RIC_EMERGENCY_SWITCHING_WITH_SATELLITE_BACKHAUL
UAV_AUTONOMY_XAPP Time=120.5 DeploymentMode=tn-uav-satellite UavIndex=1 UavCellId=6 BestDonorCellId=4 BestDonorDistanceM=3742.08 XhaulConnected=1 XhaulChannelVariationDb=-2.72504 RawXhaulState=UNREACHABLE RawXhaulStateAgeSec=90 XhaulState=UNREACHABLE DonorUnavailableActive=0 SatBackhaulHealthy=1 UavSwitchingXappAvailable=1 UavSwitchingXappState=AI_ACTIVE AiPredictedBackhaulMode=SATELLITE_FALLBACK BackhaulMode=SATELLITE_FALLBACK RicControlState=NEAR_RT_RIC_SWITCHING_TO_SATELLITE_BACKHAUL ActiveUavRic=TN_NEAR_RT_RIC NormalUeHandoverAllowed=1 UavMode=NEAR_RT_RIC_EMERGENCY_SWITCHING_WITH_SATELLITE_BACKHAUL
UAV_AUTONOMY_XAPP Time=120.5 DeploymentMode=tn-uav-satellite UavIndex=2 UavCellId=7 BestDonorCellId=4 BestDonorDistanceM=3315.01 XhaulConnected=1 XhaulChannelVariationDb=-0.847935 RawXhaulState=UNREACHABLE RawXhaulStateAgeSec=100 XhaulState=UNREACHABLE DonorUnavailableActive=0 SatBackhaulHealthy=1 UavSwitchingXappAvailable=1 UavSwitchingXappState=AI_ACTIVE AiPredictedBackhaulMode=SATELLITE_FALLBACK BackhaulMode=SATELLITE_FALLBACK RicControlState=NEAR_RT_RIC_SWITCHING_TO_SATELLITE_BACKHAUL ActiveUavRic=TN_NEAR_RT_RIC NormalUeHandoverAllowed=1 UavMode=NEAR_RT_RIC_EMERGENCY_SWITCHING_WITH_SATELLITE_BACKHAUL
---- LOAD at t=120.5 ----
  cell 1 (TN) load=15/20
  cell 2 (TN) load=11/20
  cell 3 (TN) load=19/20
  cell 4 (TN) load=17/20
  cell 5 (NTN) load=11/15
  cell 6 (NTN) load=9/15
  cell 7 (NTN) load=4/15
LM HO_FAIL_LOW_RSRP UE=9 currCell=2 candCell=6 candRsrp=-115.631 < min=-110
UE 10 TTT_WAIT target=1 elapsed=0s need=2s
UE 11 TTT_WAIT target=2 elapsed=0s need=2s
UE 13 TTT_WAIT target=1 elapsed=0s need=2s
UE 14 TTT_WAIT target=5 elapsed=0s need=2s
UE 15 TTT_WAIT target=5 elapsed=0s need=2s
UE 17 TTT_WAIT target=1 elapsed=0s need=2s
UE 20 TTT_WAIT target=2 elapsed=0s need=2s
UE 24 TTT_WAIT target=2 elapsed=0s need=2s
UE 25 TTT_WAIT target=4 elapsed=0s need=2s
LM HO UE=26 rnti=84 1->2 type=TN servingRsrp=-124.617 targetRsrp=-90.0424 targetLoadReal=11/20 targetLoadEff=11/20
UE 28 TTT_WAIT target=1 elapsed=0s need=2s
LM HO UE=29 rnti=114 1->2 type=TN servingRsrp=-99.7477 targetRsrp=-91.7187 targetLoadReal=11/20 targetLoadEff=12/20
UE 34 TTT_WAIT target=1 elapsed=0s need=2s
LM HO_FAIL_LOW_RSRP UE=35 currCell=3 candCell=4 candRsrp=-130.373 < min=-110
UE 37 TTT_WAIT target=1 elapsed=0s need=2s
LM HO_FAIL_LOW_RSRP UE=38 currCell=3 candCell=5 candRsrp=-131.712 < min=-110
LM HO_FAIL_LOW_RSRP UE=39 currCell=1 candCell=5 candRsrp=-131.708 < min=-110
UE 41 TTT_WAIT target=2 elapsed=0s need=2s
UE 42 TTT_WAIT target=6 elapsed=0s need=2s
UE 47 TTT_WAIT target=1 elapsed=0s need=2s
LM HO_FAIL_LOW_RSRP UE=48 currCell=4 candCell=3 candRsrp=-111.531 < min=-110
LM HO_FAIL_LOW_RSRP UE=49 currCell=4 candCell=6 candRsrp=-121.173 < min=-110
UE 52 TTT_WAIT target=7 elapsed=0s need=2s
UE 55 TTT_WAIT target=3 elapsed=0s need=2s
LM HO_FAIL_LOW_RSRP UE=57 currCell=2 candCell=3 candRsrp=-117.624 < min=-110
LM HO_FAIL_LOW_RSRP UE=60 currCell=1 candCell=3 candRsrp=-123.601 < min=-110
UE 61 TTT_WAIT target=4 elapsed=0s need=2s
UE 62 TTT_WAIT target=1 elapsed=0s need=2s
UE 64 TTT_WAIT target=6 elapsed=0s need=2s
LM HO_FAIL_LOW_RSRP UE=67 currCell=2 candCell=3 candRsrp=-124.267 < min=-110
UE 69 TTT_WAIT target=4 elapsed=0s need=2s
UE 70 TTT_WAIT target=2 elapsed=0s need=2s
UE 71 TTT_WAIT target=1 elapsed=0s need=2s
UE 75 TTT_WAIT target=3 elapsed=0s need=2s
LM HO_FAIL_LOW_RSRP UE=77 currCell=4 candCell=6 candRsrp=-117.217 < min=-110
UE 82 TTT_WAIT target=3 elapsed=0s need=2s
UE 84 TTT_WAIT target=1 elapsed=0s need=2s
UE 85 TTT_WAIT target=7 elapsed=0s need=2s
LM HO_FAIL_LOW_RSRP UE=90 currCell=3 candCell=4 candRsrp=-145.748 < min=-110
LM HO_FAIL_LOW_RSRP UE=93 currCell=4 candCell=1 candRsrp=-134.966 < min=-110
UE 102 TTT_WAIT target=7 elapsed=0s need=2s
UE 112 TTT_WAIT target=5 elapsed=0s need=2s
TRACE HO_SUCCESS Time=120.615 IMSI=25 TargetCell=2 Type=TN TargetRSRP=-101.914 ServingRSRP=-103.373 BackhaulDlSnr=-999 BackhaulUlSnr=-999
TRACE HO_SUCCESS Time=120.615 IMSI=28 TargetCell=2 Type=TN TargetRSRP=-101.649 ServingRSRP=-71.511 BackhaulDlSnr=-999 BackhaulUlSnr=-999
UAV_AUTONOMY_XAPP Time=122.5 DeploymentMode=tn-uav-satellite UavIndex=0 UavCellId=5 BestDonorCellId=2 BestDonorDistanceM=5392.71 XhaulConnected=1 XhaulChannelVariationDb=-1.44402 RawXhaulState=UNREACHABLE RawXhaulStateAgeSec=118 XhaulState=UNREACHABLE DonorUnavailableActive=0 SatBackhaulHealthy=1 UavSwitchingXappAvailable=1 UavSwitchingXappState=AI_ACTIVE AiPredictedBackhaulMode=SATELLITE_FALLBACK BackhaulMode=SATELLITE_FALLBACK RicControlState=NEAR_RT_RIC_SWITCHING_TO_SATELLITE_BACKHAUL ActiveUavRic=TN_NEAR_RT_RIC NormalUeHandoverAllowed=1 UavMode=NEAR_RT_RIC_EMERGENCY_SWITCHING_WITH_SATELLITE_BACKHAUL
UAV_AUTONOMY_XAPP Time=122.5 DeploymentMode=tn-uav-satellite UavIndex=1 UavCellId=6 BestDonorCellId=4 BestDonorDistanceM=3677.03 XhaulConnected=1 XhaulChannelVariationDb=0.129363 RawXhaulState=UNREACHABLE RawXhaulStateAgeSec=92 XhaulState=UNREACHABLE DonorUnavailableActive=0 SatBackhaulHealthy=1 UavSwitchingXappAvailable=1 UavSwitchingXappState=AI_ACTIVE AiPredictedBackhaulMode=SATELLITE_FALLBACK BackhaulMode=SATELLITE_FALLBACK RicControlState=NEAR_RT_RIC_SWITCHING_TO_SATELLITE_BACKHAUL ActiveUavRic=TN_NEAR_RT_RIC NormalUeHandoverAllowed=1 UavMode=NEAR_RT_RIC_EMERGENCY_SWITCHING_WITH_SATELLITE_BACKHAUL
UAV_AUTONOMY_XAPP Time=122.5 DeploymentMode=tn-uav-satellite UavIndex=2 UavCellId=7 BestDonorCellId=4 BestDonorDistanceM=3380.39 XhaulConnected=1 XhaulChannelVariationDb=-2.70107 RawXhaulState=UNREACHABLE RawXhaulStateAgeSec=102 XhaulState=UNREACHABLE DonorUnavailableActive=0 SatBackhaulHealthy=1 UavSwitchingXappAvailable=1 UavSwitchingXappState=AI_ACTIVE AiPredictedBackhaulMode=SATELLITE_FALLBACK BackhaulMode=SATELLITE_FALLBACK RicControlState=NEAR_RT_RIC_SWITCHING_TO_SATELLITE_BACKHAUL ActiveUavRic=TN_NEAR_RT_RIC NormalUeHandoverAllowed=1 UavMode=NEAR_RT_RIC_EMERGENCY_SWITCHING_WITH_SATELLITE_BACKHAUL
---- LOAD at t=122.5 ----
  cell 1 (TN) load=13/20
  cell 2 (TN) load=13/20
  cell 3 (TN) load=19/20
  cell 4 (TN) load=17/20
  cell 5 (NTN) load=11/15
  cell 6 (NTN) load=9/15
  cell 7 (NTN) load=6/15
LM HO_FAIL_LOW_RSRP UE=9 currCell=2 candCell=1 candRsrp=-112.116 < min=-110
LM HO UE=11 rnti=104 4->2 type=TN servingRsrp=-115.592 targetRsrp=-98.4542 targetLoadReal=13/20 targetLoadEff=13/20
LM HO_FAIL_LOW_RSRP UE=14 currCell=3 candCell=4 candRsrp=-114.457 < min=-110
UE 15 TTT_WAIT target=1 elapsed=0s need=2s
LM HO_FAIL_LOW_RSRP UE=17 currCell=3 candCell=2 candRsrp=-123.436 < min=-110
UE 18 TTT_WAIT target=2 elapsed=0s need=2s
LM HO_FAIL_LOW_RSRP UE=22 currCell=4 candCell=6 candRsrp=-129.077 < min=-110
UE 25 TTT_WAIT target=2 elapsed=0s need=2s
LM HO_FAIL_LOW_RSRP UE=26 currCell=2 candCell=1 candRsrp=-114.028 < min=-110
LM HO_FAIL_LOW_RSRP UE=28 currCell=4 candCell=1 candRsrp=-111.44 < min=-110
UE 29 TTT_WAIT target=4 elapsed=0s need=2s
UE 33 TTT_WAIT target=1 elapsed=0s need=2s
LM HO_FAIL_LOW_RSRP UE=35 currCell=3 candCell=4 candRsrp=-112.18 < min=-110
LM HO_FAIL_LOW_RSRP UE=41 currCell=3 candCell=4 candRsrp=-126.478 < min=-110
UE 42 TTT_WAIT target=2 elapsed=0s need=2s
UE 45 TTT_WAIT target=2 elapsed=0s need=2s
LM HO_FAIL_LOW_RSRP UE=46 currCell=4 candCell=5 candRsrp=-115.35 < min=-110
UE 48 TTT_WAIT target=6 elapsed=0s need=2s
UE 52 TTT_WAIT target=3 elapsed=0s need=2s
UE 55 TTT_WAIT target=1 elapsed=0s need=2s
UE 57 TTT_WAIT target=3 elapsed=0s need=2s
LM HO_FAIL_LOW_RSRP UE=58 currCell=3 candCell=5 candRsrp=-124.778 < min=-110
UE 60 TTT_WAIT target=3 elapsed=0s need=2s
LM HO_FAIL_LOW_RSRP UE=61 currCell=7 candCell=5 candRsrp=-111.318 < min=-110
UE 62 TTT_WAIT target=4 elapsed=0s need=2s
LM HO_FAIL_LOW_RSRP UE=64 currCell=5 candCell=6 candRsrp=-131.662 < min=-110
UE 66 TTT_WAIT target=5 elapsed=0s need=2s
UE 67 TTT_WAIT target=3 elapsed=0s need=2s
UE 69 TTT_WAIT target=6 elapsed=0s need=2s
LM HO_FAIL_LOW_RSRP UE=70 currCell=1 candCell=2 candRsrp=-113.485 < min=-110
LM HO_FAIL_LOW_RSRP UE=72 currCell=3 candCell=5 candRsrp=-125.056 < min=-110
LM HO UE=75 rnti=78 2->3 type=TN servingRsrp=-91.0993 targetRsrp=-79.2169 targetLoadReal=19/20 targetLoadEff=19/20
LM HO_FAIL_LOW_RSRP UE=79 currCell=4 candCell=1 candRsrp=-118.459 < min=-110
LM HO_FAIL_LOW_RSRP UE=82 currCell=4 candCell=7 candRsrp=-124.803 < min=-110
LM HO UE=84 rnti=107 3->1 type=TN servingRsrp=-118.58 targetRsrp=-95.5744 targetLoadReal=13/20 targetLoadEff=13/20
LM HO_FAIL_LOW_RSRP UE=85 currCell=4 candCell=7 candRsrp=-114.929 < min=-110
UE 90 TTT_WAIT target=7 elapsed=0s need=2s
UE 93 TTT_WAIT target=7 elapsed=0s need=2s
UE 99 TTT_WAIT target=2 elapsed=0s need=2s
LM HO_FAIL_LOW_RSRP UE=102 currCell=4 candCell=2 candRsrp=-148.618 < min=-110
UE 107 TTT_WAIT target=1 elapsed=0s need=2s
LM HO_FAIL_LOW_RSRP UE=112 currCell=1 candCell=2 candRsrp=-145.5 < min=-110
TRACE HO_SUCCESS Time=122.615 IMSI=83 TargetCell=1 Type=TN TargetRSRP=-105.94 ServingRSRP=-107.954 BackhaulDlSnr=-999 BackhaulUlSnr=-999
TRACE HO_SUCCESS Time=122.615 IMSI=10 TargetCell=2 Type=TN TargetRSRP=-137.935 ServingRSRP=-76.671 BackhaulDlSnr=-999 BackhaulUlSnr=-999
TRACE HO_SUCCESS Time=122.615 IMSI=74 TargetCell=3 Type=TN TargetRSRP=-119.963 ServingRSRP=-117.003 BackhaulDlSnr=-999 BackhaulUlSnr=-999
UAV_AUTONOMY_XAPP Time=124.5 DeploymentMode=tn-uav-satellite UavIndex=0 UavCellId=5 BestDonorCellId=3 BestDonorDistanceM=5037.52 XhaulConnected=1 XhaulChannelVariationDb=-1.61469 RawXhaulState=UNREACHABLE RawXhaulStateAgeSec=120 XhaulState=UNREACHABLE DonorUnavailableActive=0 SatBackhaulHealthy=1 UavSwitchingXappAvailable=1 UavSwitchingXappState=AI_ACTIVE AiPredictedBackhaulMode=SATELLITE_FALLBACK BackhaulMode=SATELLITE_FALLBACK RicControlState=NEAR_RT_RIC_SWITCHING_TO_SATELLITE_BACKHAUL ActiveUavRic=TN_NEAR_RT_RIC NormalUeHandoverAllowed=1 UavMode=NEAR_RT_RIC_EMERGENCY_SWITCHING_WITH_SATELLITE_BACKHAUL
UAV_AUTONOMY_XAPP Time=124.5 DeploymentMode=tn-uav-satellite UavIndex=1 UavCellId=6 BestDonorCellId=4 BestDonorDistanceM=3652.01 XhaulConnected=1 XhaulChannelVariationDb=-0.285125 RawXhaulState=UNREACHABLE RawXhaulStateAgeSec=94 XhaulState=UNREACHABLE DonorUnavailableActive=0 SatBackhaulHealthy=1 UavSwitchingXappAvailable=1 UavSwitchingXappState=AI_ACTIVE AiPredictedBackhaulMode=SATELLITE_FALLBACK BackhaulMode=SATELLITE_FALLBACK RicControlState=NEAR_RT_RIC_SWITCHING_TO_SATELLITE_BACKHAUL ActiveUavRic=TN_NEAR_RT_RIC NormalUeHandoverAllowed=1 UavMode=NEAR_RT_RIC_EMERGENCY_SWITCHING_WITH_SATELLITE_BACKHAUL
UAV_AUTONOMY_XAPP Time=124.5 DeploymentMode=tn-uav-satellite UavIndex=2 UavCellId=7 BestDonorCellId=4 BestDonorDistanceM=3414.79 XhaulConnected=1 XhaulChannelVariationDb=2.58049 RawXhaulState=UNREACHABLE RawXhaulStateAgeSec=104 XhaulState=UNREACHABLE DonorUnavailableActive=0 SatBackhaulHealthy=1 UavSwitchingXappAvailable=1 UavSwitchingXappState=AI_ACTIVE AiPredictedBackhaulMode=SATELLITE_FALLBACK BackhaulMode=SATELLITE_FALLBACK RicControlState=NEAR_RT_RIC_SWITCHING_TO_SATELLITE_BACKHAUL ActiveUavRic=TN_NEAR_RT_RIC NormalUeHandoverAllowed=1 UavMode=NEAR_RT_RIC_EMERGENCY_SWITCHING_WITH_SATELLITE_BACKHAUL
---- LOAD at t=124.5 ----
  cell 1 (TN) load=14/20
  cell 2 (TN) load=13/20
  cell 3 (TN) load=19/20
  cell 4 (TN) load=16/20
  cell 5 (NTN) load=11/15
  cell 6 (NTN) load=9/15
  cell 7 (NTN) load=7/15
UE 11 TTT_WAIT target=1 elapsed=0s need=2s
UE 13 TTT_WAIT target=3 elapsed=0s need=2s
LM HO_FAIL_LOW_RSRP UE=14 currCell=3 candCell=1 candRsrp=-111.772 < min=-110
UE 17 TTT_WAIT target=4 elapsed=0s need=2s
LM HO UE=18 rnti=64 1->2 type=TN servingRsrp=-85.4548 targetRsrp=-78.6335 targetLoadReal=13/20 targetLoadEff=13/20
UE 20 TTT_WAIT target=5 elapsed=0s need=2s
LM HO_FAIL_LOW_RSRP UE=21 currCell=2 candCell=4 candRsrp=-116.277 < min=-110
LM HO_FAIL_LOW_RSRP UE=25 currCell=1 candCell=4 candRsrp=-111.649 < min=-110
UE 26 TTT_WAIT target=4 elapsed=0s need=2s
UE 28 TTT_WAIT target=2 elapsed=0s need=2s
UE 29 TTT_WAIT target=1 elapsed=0s need=2s
LM HO_FAIL_LOW_RSRP UE=32 currCell=4 candCell=6 candRsrp=-134.779 < min=-110
UE 34 TTT_WAIT target=6 elapsed=0s need=2s
LM HO_FAIL_LOW_RSRP UE=35 currCell=3 candCell=6 candRsrp=-121.105 < min=-110
LM HO_FAIL_LOW_RSRP UE=38 currCell=3 candCell=1 candRsrp=-118.148 < min=-110
UE 41 TTT_WAIT target=2 elapsed=0s need=2s
LM HO_FAIL_LOW_RSRP UE=42 currCell=3 candCell=4 candRsrp=-119.517 < min=-110
LM HO UE=45 rnti=112 1->2 type=TN servingRsrp=-108.99 targetRsrp=-79.9562 targetLoadReal=13/20 targetLoadEff=14/20
LM HO_FAIL_LOW_RSRP UE=46 currCell=4 candCell=6 candRsrp=-112.918 < min=-110
LM HO_FAIL_LOW_RSRP UE=48 currCell=4 candCell=6 candRsrp=-137.268 < min=-110
LM HO UE=52 rnti=110 1->3 type=TN servingRsrp=-95.5612 targetRsrp=-78.6763 targetLoadReal=19/20 targetLoadEff=19/20
UE 54 TTT_WAIT target=2 elapsed=0s need=2s
LM HO UE=55 rnti=96 4->1 type=TN servingRsrp=-121.587 targetRsrp=-102.221 targetLoadReal=14/20 targetLoadEff=14/20
LM HO_FAIL_LOW_RSRP UE=58 currCell=3 candCell=5 candRsrp=-116.335 < min=-110
LM HO_FAIL_LOW_RSRP UE=60 currCell=1 candCell=2 candRsrp=-128.738 < min=-110
LM HO_FAIL_LOW_RSRP UE=61 currCell=7 candCell=5 candRsrp=-110.678 < min=-110
LM HO_FAIL_LOW_RSRP UE=62 currCell=2 candCell=6 candRsrp=-117.149 < min=-110
UE 64 TTT_WAIT target=6 elapsed=0s need=2s
LM HO_FAIL_LOW_RSRP UE=67 currCell=2 candCell=1 candRsrp=-112.978 < min=-110
LM HO_FAIL_LOW_RSRP UE=70 currCell=1 candCell=4 candRsrp=-116.56 < min=-110
UE 73 TTT_WAIT target=4 elapsed=0s need=2s
UE 75 TTT_WAIT target=1 elapsed=0s need=2s
UE 78 TTT_WAIT target=2 elapsed=0s need=2s
LM HO_FAIL_LOW_RSRP UE=79 currCell=4 candCell=6 candRsrp=-117.049 < min=-110
LM HO_FAIL_LOW_RSRP UE=82 currCell=4 candCell=1 candRsrp=-110.117 < min=-110
LM HO_FAIL_LOW_RSRP UE=85 currCell=4 candCell=2 candRsrp=-112.951 < min=-110
LM HO_FAIL_LOW_RSRP UE=90 currCell=3 candCell=1 candRsrp=-138.281 < min=-110
LM HO UE=93 rnti=84 4->7 type=NTN servingRsrp=-109.014 targetRsrp=-98.7526 targetLoadReal=7/15 targetLoadEff=7/15
UE 102 TTT_WAIT target=7 elapsed=0s need=2s
UE 107 TTT_WAIT target=4 elapsed=0s need=2s
LM HO_FAIL_LOW_RSRP UE=112 currCell=1 candCell=5 candRsrp=-122.676 < min=-110
TRACE HO_SUCCESS Time=124.615 IMSI=54 TargetCell=1 Type=TN TargetRSRP=-76.8137 ServingRSRP=-103.03 BackhaulDlSnr=-999 BackhaulUlSnr=-999
TRACE HO_SUCCESS Time=124.615 IMSI=17 TargetCell=2 Type=TN TargetRSRP=-92.7256 ServingRSRP=-80.3539 BackhaulDlSnr=-999 BackhaulUlSnr=-999
TRACE HO_SUCCESS Time=124.615 IMSI=44 TargetCell=2 Type=TN TargetRSRP=-105.03 ServingRSRP=-93.6539 BackhaulDlSnr=-999 BackhaulUlSnr=-999
TRACE HO_SUCCESS Time=124.615 IMSI=51 TargetCell=3 Type=TN TargetRSRP=-78.5633 ServingRSRP=-111.196 BackhaulDlSnr=-999 BackhaulUlSnr=-999
TRACE HO_SUCCESS Time=124.615 IMSI=92 TargetCell=7 Type=NTN TargetRSRP=-72.2367 ServingRSRP=-138.134 BackhaulDlSnr=9.2577 BackhaulUlSnr=4.7371
UAV_AUTONOMY_XAPP Time=126.5 DeploymentMode=tn-uav-satellite UavIndex=0 UavCellId=5 BestDonorCellId=1 BestDonorDistanceM=4949.85 XhaulConnected=1 XhaulChannelVariationDb=5.64517 RawXhaulState=UNREACHABLE RawXhaulStateAgeSec=122 XhaulState=UNREACHABLE DonorUnavailableActive=0 SatBackhaulHealthy=1 UavSwitchingXappAvailable=1 UavSwitchingXappState=AI_ACTIVE AiPredictedBackhaulMode=SATELLITE_FALLBACK BackhaulMode=SATELLITE_FALLBACK RicControlState=NEAR_RT_RIC_SWITCHING_TO_SATELLITE_BACKHAUL ActiveUavRic=TN_NEAR_RT_RIC NormalUeHandoverAllowed=1 UavMode=NEAR_RT_RIC_EMERGENCY_SWITCHING_WITH_SATELLITE_BACKHAUL
UAV_AUTONOMY_XAPP Time=126.5 DeploymentMode=tn-uav-satellite UavIndex=1 UavCellId=6 BestDonorCellId=4 BestDonorDistanceM=3720.95 XhaulConnected=1 XhaulChannelVariationDb=-2.86885 RawXhaulState=UNREACHABLE RawXhaulStateAgeSec=96 XhaulState=UNREACHABLE DonorUnavailableActive=0 SatBackhaulHealthy=1 UavSwitchingXappAvailable=1 UavSwitchingXappState=AI_ACTIVE AiPredictedBackhaulMode=SATELLITE_FALLBACK BackhaulMode=SATELLITE_FALLBACK RicControlState=NEAR_RT_RIC_SWITCHING_TO_SATELLITE_BACKHAUL ActiveUavRic=TN_NEAR_RT_RIC NormalUeHandoverAllowed=1 UavMode=NEAR_RT_RIC_EMERGENCY_SWITCHING_WITH_SATELLITE_BACKHAUL
UAV_AUTONOMY_XAPP Time=126.5 DeploymentMode=tn-uav-satellite UavIndex=2 UavCellId=7 BestDonorCellId=4 BestDonorDistanceM=3453.15 XhaulConnected=1 XhaulChannelVariationDb=2.06605 RawXhaulState=UNREACHABLE RawXhaulStateAgeSec=106 XhaulState=UNREACHABLE DonorUnavailableActive=0 SatBackhaulHealthy=1 UavSwitchingXappAvailable=1 UavSwitchingXappState=AI_ACTIVE AiPredictedBackhaulMode=SATELLITE_FALLBACK BackhaulMode=SATELLITE_FALLBACK RicControlState=NEAR_RT_RIC_SWITCHING_TO_SATELLITE_BACKHAUL ActiveUavRic=TN_NEAR_RT_RIC NormalUeHandoverAllowed=1 UavMode=NEAR_RT_RIC_EMERGENCY_SWITCHING_WITH_SATELLITE_BACKHAUL
---- LOAD at t=126.5 ----
  cell 1 (TN) load=12/20
  cell 2 (TN) load=15/20
  cell 3 (TN) load=20/20
  cell 4 (TN) load=14/20
  cell 5 (NTN) load=11/15
  cell 6 (NTN) load=9/15
  cell 7 (NTN) load=9/15
LM HO_FAIL_LOW_RSRP UE=11 currCell=2 candCell=4 candRsrp=-113.406 < min=-110
LM HO UE=17 rnti=88 3->4 type=TN servingRsrp=-140.178 targetRsrp=-108.384 targetLoadReal=14/20 targetLoadEff=14/20
UE 18 TTT_WAIT target=1 elapsed=0s need=2s
UE 23 TTT_WAIT target=2 elapsed=0s need=2s
UE 25 TTT_WAIT target=4 elapsed=0s need=2s
LM HO_FAIL_LOW_RSRP UE=26 currCell=2 candCell=4 candRsrp=-119.181 < min=-110
LM HO UE=29 rnti=86 2->1 type=TN servingRsrp=-102.011 targetRsrp=-97.1594 targetLoadReal=12/20 targetLoadEff=12/20
LM HO_FAIL_LOW_RSRP UE=32 currCell=4 candCell=7 candRsrp=-120.731 < min=-110
LM HO_FAIL_LOW_RSRP UE=35 currCell=3 candCell=4 candRsrp=-120.115 < min=-110
UE 37 TTT_WAIT target=2 elapsed=0s need=2s
UE 38 TTT_WAIT target=1 elapsed=0s need=2s
UE 39 TTT_WAIT target=5 elapsed=0s need=2s
LM HO UE=41 rnti=98 3->2 type=TN servingRsrp=-111.818 targetRsrp=-97.8023 targetLoadReal=15/20 targetLoadEff=15/20
UE 42 TTT_WAIT target=2 elapsed=0s need=2s
UE 47 TTT_WAIT target=1 elapsed=0s need=2s
UE 48 TTT_WAIT target=2 elapsed=0s need=2s
UE 52 TTT_WAIT target=2 elapsed=0s need=2s
UE 55 TTT_WAIT target=2 elapsed=0s need=2s
LM HO_FAIL_LOW_RSRP UE=57 currCell=2 candCell=1 candRsrp=-126.315 < min=-110
LM HO_FAIL_LOW_RSRP UE=60 currCell=1 candCell=5 candRsrp=-140.056 < min=-110
UE 61 TTT_WAIT target=4 elapsed=0s need=2s
UE 62 TTT_WAIT target=1 elapsed=0s need=2s
LM HO_FAIL_LOW_RSRP UE=64 currCell=5 candCell=7 candRsrp=-118.303 < min=-110
LM HO_FAIL_LOW_RSRP UE=67 currCell=2 candCell=5 candRsrp=-129.263 < min=-110
LM HO_FAIL_LOW_RSRP UE=69 currCell=2 candCell=4 candRsrp=-113.756 < min=-110
UE 71 TTT_WAIT target=1 elapsed=0s need=2s
UE 72 TTT_WAIT target=5 elapsed=0s need=2s
LM HO_FAIL_LOW_RSRP UE=82 currCell=4 candCell=5 candRsrp=-112.522 < min=-110
UE 85 TTT_WAIT target=6 elapsed=0s need=2s
LM HO_FAIL_LOW_RSRP UE=90 currCell=3 candCell=4 candRsrp=-142.898 < min=-110
UE 101 TTT_WAIT target=1 elapsed=0s need=2s
LM HO_FAIL_LOW_RSRP UE=102 currCell=4 candCell=1 candRsrp=-112.846 < min=-110
LM HO_FAIL_LOW_RSRP UE=112 currCell=1 candCell=2 candRsrp=-141.659 < min=-110
TRACE HO_SUCCESS Time=126.615 IMSI=28 TargetCell=1 Type=TN TargetRSRP=-65.7913 ServingRSRP=-73.2039 BackhaulDlSnr=-999 BackhaulUlSnr=-999
TRACE HO_SUCCESS Time=126.615 IMSI=40 TargetCell=2 Type=TN TargetRSRP=-112.548 ServingRSRP=-125.51 BackhaulDlSnr=-999 BackhaulUlSnr=-999
TRACE HO_SUCCESS Time=126.615 IMSI=16 TargetCell=4 Type=TN TargetRSRP=-128.168 ServingRSRP=-122.765 BackhaulDlSnr=-999 BackhaulUlSnr=-999
UAV_AUTONOMY_XAPP Time=128.5 DeploymentMode=tn-uav-satellite UavIndex=0 UavCellId=5 BestDonorCellId=1 BestDonorDistanceM=4960.86 XhaulConnected=1 XhaulChannelVariationDb=-0.300075 RawXhaulState=UNREACHABLE RawXhaulStateAgeSec=124 XhaulState=UNREACHABLE DonorUnavailableActive=0 SatBackhaulHealthy=1 UavSwitchingXappAvailable=1 UavSwitchingXappState=AI_ACTIVE AiPredictedBackhaulMode=SATELLITE_FALLBACK BackhaulMode=SATELLITE_FALLBACK RicControlState=NEAR_RT_RIC_SWITCHING_TO_SATELLITE_BACKHAUL ActiveUavRic=TN_NEAR_RT_RIC NormalUeHandoverAllowed=1 UavMode=NEAR_RT_RIC_EMERGENCY_SWITCHING_WITH_SATELLITE_BACKHAUL
UAV_AUTONOMY_XAPP Time=128.5 DeploymentMode=tn-uav-satellite UavIndex=1 UavCellId=6 BestDonorCellId=4 BestDonorDistanceM=3789.28 XhaulConnected=1 XhaulChannelVariationDb=-3.42016 RawXhaulState=UNREACHABLE RawXhaulStateAgeSec=98 XhaulState=UNREACHABLE DonorUnavailableActive=0 SatBackhaulHealthy=1 UavSwitchingXappAvailable=1 UavSwitchingXappState=AI_ACTIVE AiPredictedBackhaulMode=SATELLITE_FALLBACK BackhaulMode=SATELLITE_FALLBACK RicControlState=NEAR_RT_RIC_SWITCHING_TO_SATELLITE_BACKHAUL ActiveUavRic=TN_NEAR_RT_RIC NormalUeHandoverAllowed=1 UavMode=NEAR_RT_RIC_EMERGENCY_SWITCHING_WITH_SATELLITE_BACKHAUL
UAV_AUTONOMY_XAPP Time=128.5 DeploymentMode=tn-uav-satellite UavIndex=2 UavCellId=7 BestDonorCellId=4 BestDonorDistanceM=3500.76 XhaulConnected=1 XhaulChannelVariationDb=2.10562 RawXhaulState=UNREACHABLE RawXhaulStateAgeSec=108 XhaulState=UNREACHABLE DonorUnavailableActive=0 SatBackhaulHealthy=1 UavSwitchingXappAvailable=1 UavSwitchingXappState=AI_ACTIVE AiPredictedBackhaulMode=SATELLITE_FALLBACK BackhaulMode=SATELLITE_FALLBACK RicControlState=NEAR_RT_RIC_SWITCHING_TO_SATELLITE_BACKHAUL ActiveUavRic=TN_NEAR_RT_RIC NormalUeHandoverAllowed=1 UavMode=NEAR_RT_RIC_EMERGENCY_SWITCHING_WITH_SATELLITE_BACKHAUL
---- LOAD at t=128.5 ----
  cell 1 (TN) load=13/20
  cell 2 (TN) load=15/20
  cell 3 (TN) load=18/20
  cell 4 (TN) load=15/20
  cell 5 (NTN) load=11/15
  cell 6 (NTN) load=9/15
  cell 7 (NTN) load=10/15
UE 13 TTT_WAIT target=3 elapsed=0s need=2s
UE 14 TTT_WAIT target=1 elapsed=0s need=2s
LM HO_FAIL_LOW_RSRP UE=15 currCell=3 candCell=6 candRsrp=-122.53 < min=-110
LM HO_FAIL_LOW_RSRP UE=17 currCell=4 candCell=3 candRsrp=-111.129 < min=-110
LM HO UE=18 rnti=88 2->1 type=TN servingRsrp=-103.06 targetRsrp=-97.3824 targetLoadReal=13/20 targetLoadEff=13/20
UE 21 TTT_WAIT target=4 elapsed=0s need=2s
LM HO_FAIL_LOW_RSRP UE=23 currCell=1 candCell=6 candRsrp=-121.534 < min=-110
LM HO UE=25 rnti=120 1->4 type=TN servingRsrp=-140.929 targetRsrp=-103.776 targetLoadReal=15/20 targetLoadEff=15/20
UE 26 TTT_WAIT target=1 elapsed=0s need=2s
UE 28 TTT_WAIT target=3 elapsed=0s need=2s
LM HO_FAIL_LOW_RSRP UE=34 currCell=4 candCell=7 candRsrp=-118.984 < min=-110
LM HO_FAIL_LOW_RSRP UE=35 currCell=3 candCell=4 candRsrp=-115.113 < min=-110
LM HO_FAIL_LOW_RSRP UE=39 currCell=1 candCell=2 candRsrp=-119.195 < min=-110
LM HO_FAIL_LOW_RSRP UE=42 currCell=3 candCell=1 candRsrp=-111.069 < min=-110
UE 45 TTT_WAIT target=3 elapsed=0s need=2s
LM HO_FAIL_LOW_RSRP UE=46 currCell=4 candCell=1 candRsrp=-113.498 < min=-110
LM HO UE=48 rnti=76 4->2 type=TN servingRsrp=-127.286 targetRsrp=-92.4677 targetLoadReal=15/20 targetLoadEff=15/20
LM HO_FAIL_LOW_RSRP UE=49 currCell=4 candCell=6 candRsrp=-144.096 < min=-110
UE 52 TTT_WAIT target=1 elapsed=0s need=2s
UE 54 TTT_WAIT target=2 elapsed=0s need=2s
UE 55 TTT_WAIT target=3 elapsed=0s need=2s
LM HO_FAIL_LOW_RSRP UE=57 currCell=2 candCell=3 candRsrp=-124.049 < min=-110
UE 58 TTT_WAIT target=2 elapsed=0s need=2s
LM HO_FAIL_LOW_RSRP UE=60 currCell=1 candCell=3 candRsrp=-116.12 < min=-110
LM HO_FAIL_LOW_RSRP UE=61 currCell=7 candCell=6 candRsrp=-126.9 < min=-110
LM HO_FAIL_LOW_RSRP UE=62 currCell=2 candCell=4 candRsrp=-114.67 < min=-110
UE 64 TTT_WAIT target=6 elapsed=0s need=2s
UE 66 TTT_WAIT target=2 elapsed=0s need=2s
LM HO_FAIL_LOW_RSRP UE=67 currCell=2 candCell=3 candRsrp=-111.003 < min=-110
LM HO_FAIL_LOW_RSRP UE=69 currCell=2 candCell=4 candRsrp=-113.399 < min=-110
UE 70 TTT_WAIT target=4 elapsed=0s need=2s
UE 72 TTT_WAIT target=2 elapsed=0s need=2s
UE 73 TTT_WAIT target=4 elapsed=0s need=2s
LM HO_FAIL_LOW_RSRP UE=75 currCell=3 candCell=1 candRsrp=-113.374 < min=-110
UE 77 TTT_WAIT target=7 elapsed=0s need=2s
UE 79 TTT_WAIT target=1 elapsed=0s need=2s
UE 82 TTT_WAIT target=2 elapsed=0s need=2s
UE 83 TTT_WAIT target=2 elapsed=0s need=2s
LM HO_FAIL_LOW_RSRP UE=85 currCell=4 candCell=5 candRsrp=-114.399 < min=-110
LM HO_FAIL_LOW_RSRP UE=90 currCell=3 candCell=4 candRsrp=-119.887 < min=-110
UE 102 TTT_WAIT target=7 elapsed=0s need=2s
UE 112 TTT_WAIT target=5 elapsed=0s need=2s
UE 122 TTT_WAIT target=4 elapsed=0s need=2s
LM HO_FAIL_LOW_RSRP UE=123 currCell=7 candCell=5 candRsrp=-111.468 < min=-110
TRACE HO_SUCCESS Time=128.615 IMSI=17 TargetCell=1 Type=TN TargetRSRP=-107.885 ServingRSRP=-80.3868 BackhaulDlSnr=-999 BackhaulUlSnr=-999
TRACE HO_SUCCESS Time=128.615 IMSI=47 TargetCell=2 Type=TN TargetRSRP=-134.553 ServingRSRP=-112.682 BackhaulDlSnr=-999 BackhaulUlSnr=-999
TRACE HO_SUCCESS Time=128.615 IMSI=24 TargetCell=4 Type=TN TargetRSRP=-80.614 ServingRSRP=-102.73 BackhaulDlSnr=-999 BackhaulUlSnr=-999
UAV_AUTONOMY_XAPP Time=130.5 DeploymentMode=tn-uav-satellite UavIndex=0 UavCellId=5 BestDonorCellId=3 BestDonorDistanceM=5072.57 XhaulConnected=1 XhaulChannelVariationDb=-0.0687182 RawXhaulState=UNREACHABLE RawXhaulStateAgeSec=126 XhaulState=UNREACHABLE DonorUnavailableActive=0 SatBackhaulHealthy=1 UavSwitchingXappAvailable=1 UavSwitchingXappState=AI_ACTIVE AiPredictedBackhaulMode=SATELLITE_FALLBACK BackhaulMode=SATELLITE_FALLBACK RicControlState=NEAR_RT_RIC_SWITCHING_TO_SATELLITE_BACKHAUL ActiveUavRic=TN_NEAR_RT_RIC NormalUeHandoverAllowed=1 UavMode=NEAR_RT_RIC_EMERGENCY_SWITCHING_WITH_SATELLITE_BACKHAUL
UAV_AUTONOMY_XAPP Time=130.5 DeploymentMode=tn-uav-satellite UavIndex=1 UavCellId=6 BestDonorCellId=4 BestDonorDistanceM=3857.33 XhaulConnected=1 XhaulChannelVariationDb=2.926 RawXhaulState=UNREACHABLE RawXhaulStateAgeSec=100 XhaulState=UNREACHABLE DonorUnavailableActive=0 SatBackhaulHealthy=1 UavSwitchingXappAvailable=1 UavSwitchingXappState=AI_ACTIVE AiPredictedBackhaulMode=SATELLITE_FALLBACK BackhaulMode=SATELLITE_FALLBACK RicControlState=NEAR_RT_RIC_SWITCHING_TO_SATELLITE_BACKHAUL ActiveUavRic=TN_NEAR_RT_RIC NormalUeHandoverAllowed=1 UavMode=NEAR_RT_RIC_EMERGENCY_SWITCHING_WITH_SATELLITE_BACKHAUL
UAV_AUTONOMY_XAPP Time=130.5 DeploymentMode=tn-uav-satellite UavIndex=2 UavCellId=7 BestDonorCellId=2 BestDonorDistanceM=4493.16 XhaulConnected=1 XhaulChannelVariationDb=4.33892 RawXhaulState=UNREACHABLE RawXhaulStateAgeSec=110 XhaulState=UNREACHABLE DonorUnavailableActive=0 SatBackhaulHealthy=1 UavSwitchingXappAvailable=1 UavSwitchingXappState=AI_ACTIVE AiPredictedBackhaulMode=SATELLITE_FALLBACK BackhaulMode=SATELLITE_FALLBACK RicControlState=NEAR_RT_RIC_SWITCHING_TO_SATELLITE_BACKHAUL ActiveUavRic=TN_NEAR_RT_RIC NormalUeHandoverAllowed=1 UavMode=NEAR_RT_RIC_EMERGENCY_SWITCHING_WITH_SATELLITE_BACKHAUL
---- LOAD at t=130.5 ----
  cell 1 (TN) load=13/20
  cell 2 (TN) load=15/20
  cell 3 (TN) load=18/20
  cell 4 (TN) load=15/20
  cell 5 (NTN) load=12/15
  cell 6 (NTN) load=9/15
  cell 7 (NTN) load=10/15
LM HO_FAIL_LOW_RSRP UE=11 currCell=2 candCell=4 candRsrp=-117.849 < min=-110
LM HO UE=14 rnti=72 3->1 type=TN servingRsrp=-125.154 targetRsrp=-99.6083 targetLoadReal=13/20 targetLoadEff=13/20
UE 15 TTT_WAIT target=5 elapsed=0s need=2s
LM HO_FAIL_LOW_RSRP UE=17 currCell=4 candCell=1 candRsrp=-113.037 < min=-110
UE 24 TTT_WAIT target=2 elapsed=0s need=2s
UE 25 TTT_WAIT target=3 elapsed=0s need=2s
UE 26 TTT_WAIT target=3 elapsed=0s need=2s
UE 28 TTT_WAIT target=2 elapsed=0s need=2s
UE 29 TTT_WAIT target=3 elapsed=0s need=2s
UE 34 TTT_WAIT target=7 elapsed=0s need=2s
LM HO_FAIL_LOW_RSRP UE=35 currCell=3 candCell=6 candRsrp=-115.076 < min=-110
LM HO_FAIL_LOW_RSRP UE=37 currCell=4 candCell=6 candRsrp=-119.874 < min=-110
UE 38 TTT_WAIT target=1 elapsed=0s need=2s
LM HO_FAIL_LOW_RSRP UE=39 currCell=1 candCell=5 candRsrp=-110.167 < min=-110
UE 41 TTT_WAIT target=7 elapsed=0s need=2s
LM HO_FAIL_LOW_RSRP UE=42 currCell=3 candCell=2 candRsrp=-121.041 < min=-110
UE 43 TTT_WAIT target=1 elapsed=0s need=2s
LM HO_FAIL_LOW_RSRP UE=46 currCell=4 candCell=6 candRsrp=-132.198 < min=-110
UE 47 TTT_WAIT target=2 elapsed=0s need=2s
LM HO_FAIL_LOW_RSRP UE=48 currCell=2 candCell=4 candRsrp=-125.599 < min=-110
LM HO_FAIL_LOW_RSRP UE=49 currCell=4 candCell=7 candRsrp=-111.339 < min=-110
LM HO UE=52 rnti=109 3->1 type=TN servingRsrp=-117.369 targetRsrp=-84.9454 targetLoadReal=13/20 targetLoadEff=14/20
LM HO UE=54 rnti=105 3->2 type=TN servingRsrp=-122.105 targetRsrp=-90.7796 targetLoadReal=15/20 targetLoadEff=15/20
LM HO_FAIL_LOW_RSRP UE=57 currCell=2 candCell=3 candRsrp=-124.456 < min=-110
LM HO_FAIL_LOW_RSRP UE=60 currCell=1 candCell=2 candRsrp=-112.64 < min=-110
UE 61 TTT_WAIT target=4 elapsed=0s need=2s
LM HO_FAIL_LOW_RSRP UE=62 currCell=2 candCell=7 candRsrp=-116.632 < min=-110
LM HO_FAIL_LOW_RSRP UE=64 currCell=5 candCell=6 candRsrp=-132.356 < min=-110
LM HO_FAIL_LOW_RSRP UE=66 currCell=3 candCell=1 candRsrp=-112.44 < min=-110
UE 67 TTT_WAIT target=5 elapsed=0s need=2s
LM HO_FAIL_LOW_RSRP UE=69 currCell=2 candCell=4 candRsrp=-115.574 < min=-110
LM HO_FAIL_LOW_RSRP UE=70 currCell=1 candCell=4 candRsrp=-118.248 < min=-110
LM HO_FAIL_LOW_RSRP UE=72 currCell=3 candCell=1 candRsrp=-113.694 < min=-110
LM HO UE=73 rnti=100 1->4 type=TN servingRsrp=-135.42 targetRsrp=-99.0932 targetLoadReal=15/20 targetLoadEff=15/20
UE 75 TTT_WAIT target=2 elapsed=0s need=2s
LM HO_FAIL_LOW_RSRP UE=77 currCell=4 candCell=6 candRsrp=-133.737 < min=-110
UE 78 TTT_WAIT target=2 elapsed=0s need=2s
LM HO_FAIL_LOW_RSRP UE=79 currCell=4 candCell=2 candRsrp=-123.918 < min=-110
UE 83 TTT_WAIT target=3 elapsed=0s need=2s
LM HO_FAIL_LOW_RSRP UE=90 currCell=3 candCell=2 candRsrp=-149.675 < min=-110
LM HO_FAIL_LOW_RSRP UE=102 currCell=4 candCell=1 candRsrp=-134.595 < min=-110
LM HO_FAIL_LOW_RSRP UE=112 currCell=1 candCell=3 candRsrp=-149.263 < min=-110
UE 126 TTT_WAIT target=4 elapsed=0s need=2s
TRACE HO_SUCCESS Time=130.615 IMSI=51 TargetCell=1 Type=TN TargetRSRP=-110.29 ServingRSRP=-114.569 BackhaulDlSnr=-999 BackhaulUlSnr=-999
TRACE HO_SUCCESS Time=130.615 IMSI=13 TargetCell=1 Type=TN TargetRSRP=-127.629 ServingRSRP=-89.7331 BackhaulDlSnr=-999 BackhaulUlSnr=-999
TRACE HO_SUCCESS Time=130.615 IMSI=53 TargetCell=2 Type=TN TargetRSRP=-72.9921 ServingRSRP=-88.0534 BackhaulDlSnr=-999 BackhaulUlSnr=-999
TRACE HO_SUCCESS Time=130.615 IMSI=72 TargetCell=4 Type=TN TargetRSRP=-98.2997 ServingRSRP=-106.093 BackhaulDlSnr=-999 BackhaulUlSnr=-999
UAV_AUTONOMY_XAPP Time=132.5 DeploymentMode=tn-uav-satellite UavIndex=0 UavCellId=5 BestDonorCellId=3 BestDonorDistanceM=5043.86 XhaulConnected=1 XhaulChannelVariationDb=1.27426 RawXhaulState=UNREACHABLE RawXhaulStateAgeSec=128 XhaulState=UNREACHABLE DonorUnavailableActive=0 SatBackhaulHealthy=1 UavSwitchingXappAvailable=1 UavSwitchingXappState=AI_ACTIVE AiPredictedBackhaulMode=SATELLITE_FALLBACK BackhaulMode=SATELLITE_FALLBACK RicControlState=NEAR_RT_RIC_SWITCHING_TO_SATELLITE_BACKHAUL ActiveUavRic=TN_NEAR_RT_RIC NormalUeHandoverAllowed=1 UavMode=NEAR_RT_RIC_EMERGENCY_SWITCHING_WITH_SATELLITE_BACKHAUL
UAV_AUTONOMY_XAPP Time=132.5 DeploymentMode=tn-uav-satellite UavIndex=1 UavCellId=6 BestDonorCellId=4 BestDonorDistanceM=3817.92 XhaulConnected=1 XhaulChannelVariationDb=-2.25904 RawXhaulState=UNREACHABLE RawXhaulStateAgeSec=102 XhaulState=UNREACHABLE DonorUnavailableActive=0 SatBackhaulHealthy=1 UavSwitchingXappAvailable=1 UavSwitchingXappState=AI_ACTIVE AiPredictedBackhaulMode=SATELLITE_FALLBACK BackhaulMode=SATELLITE_FALLBACK RicControlState=NEAR_RT_RIC_SWITCHING_TO_SATELLITE_BACKHAUL ActiveUavRic=TN_NEAR_RT_RIC NormalUeHandoverAllowed=1 UavMode=NEAR_RT_RIC_EMERGENCY_SWITCHING_WITH_SATELLITE_BACKHAUL
UAV_AUTONOMY_XAPP Time=132.5 DeploymentMode=tn-uav-satellite UavIndex=2 UavCellId=7 BestDonorCellId=2 BestDonorDistanceM=4540.05 XhaulConnected=1 XhaulChannelVariationDb=-0.686575 RawXhaulState=UNREACHABLE RawXhaulStateAgeSec=112 XhaulState=UNREACHABLE DonorUnavailableActive=0 SatBackhaulHealthy=1 UavSwitchingXappAvailable=1 UavSwitchingXappState=AI_ACTIVE AiPredictedBackhaulMode=SATELLITE_FALLBACK BackhaulMode=SATELLITE_FALLBACK RicControlState=NEAR_RT_RIC_SWITCHING_TO_SATELLITE_BACKHAUL ActiveUavRic=TN_NEAR_RT_RIC NormalUeHandoverAllowed=1 UavMode=NEAR_RT_RIC_EMERGENCY_SWITCHING_WITH_SATELLITE_BACKHAUL
---- LOAD at t=132.5 ----
  cell 1 (TN) load=14/20
  cell 2 (TN) load=17/20
  cell 3 (TN) load=15/20
  cell 4 (TN) load=16/20
  cell 5 (NTN) load=12/15
  cell 6 (NTN) load=9/15
  cell 7 (NTN) load=10/15
LM HO_FAIL_LOW_RSRP UE=11 currCell=2 candCell=4 candRsrp=-114.284 < min=-110
LM HO_FAIL_LOW_RSRP UE=14 currCell=1 candCell=3 candRsrp=-122.622 < min=-110
LM HO_FAIL_LOW_RSRP UE=15 currCell=3 candCell=5 candRsrp=-132.903 < min=-110
UE 21 TTT_WAIT target=3 elapsed=0s need=2s
UE 23 TTT_WAIT target=2 elapsed=0s need=2s
LM HO UE=24 rnti=116 1->2 type=TN servingRsrp=-94.2934 targetRsrp=-80.1402 targetLoadReal=17/20 targetLoadEff=17/20
LM HO_FAIL_LOW_RSRP UE=25 currCell=4 candCell=5 candRsrp=-118.356 < min=-110
UE 26 TTT_WAIT target=1 elapsed=0s need=2s
LM HO UE=28 rnti=94 4->2 type=TN servingRsrp=-108.068 targetRsrp=-78.8166 targetLoadReal=17/20 targetLoadEff=18/20
LM HO UE=29 rnti=123 1->3 type=TN servingRsrp=-99.0305 targetRsrp=-76.7767 targetLoadReal=15/20 targetLoadEff=15/20
UE 32 TTT_WAIT target=6 elapsed=0s need=2s
LM HO_FAIL_LOW_RSRP UE=34 currCell=4 candCell=6 candRsrp=-129.225 < min=-110
UE 35 TTT_WAIT target=1 elapsed=0s need=2s
LM HO_FAIL_LOW_RSRP UE=38 currCell=3 candCell=5 candRsrp=-135.241 < min=-110
UE 39 TTT_WAIT target=6 elapsed=0s need=2s
LM HO_FAIL_LOW_RSRP UE=41 currCell=2 candCell=7 candRsrp=-134.848 < min=-110
UE 42 TTT_WAIT target=1 elapsed=0s need=2s
UE 46 TTT_WAIT target=1 elapsed=0s need=2s
LM HO_FAIL_LOW_RSRP UE=48 currCell=2 candCell=6 candRsrp=-134.463 < min=-110
UE 55 TTT_WAIT target=4 elapsed=0s need=2s
UE 60 TTT_WAIT target=3 elapsed=0s need=2s
LM HO_FAIL_LOW_RSRP UE=61 currCell=7 candCell=6 candRsrp=-129.794 < min=-110
LM HO_FAIL_LOW_RSRP UE=62 currCell=2 candCell=1 candRsrp=-129.042 < min=-110
UE 64 TTT_WAIT target=2 elapsed=0s need=2s
LM HO_FAIL_LOW_RSRP UE=66 currCell=3 candCell=5 candRsrp=-134.202 < min=-110
LM HO_FAIL_LOW_RSRP UE=67 currCell=2 candCell=3 candRsrp=-130.305 < min=-110
UE 69 TTT_WAIT target=4 elapsed=0s need=2s
UE 70 TTT_WAIT target=4 elapsed=0s need=2s
UE 72 TTT_WAIT target=5 elapsed=0s need=2s
UE 77 TTT_WAIT target=2 elapsed=0s need=2s
LM HO UE=78 rnti=24 1->2 type=TN servingRsrp=-102.719 targetRsrp=-91.093 targetLoadReal=17/20 targetLoadEff=19/20
UE 79 TTT_WAIT target=6 elapsed=0s need=2s
LM HO_FAIL_LOW_RSRP UE=82 currCell=4 candCell=1 candRsrp=-110.671 < min=-110
UE 83 TTT_WAIT target=1 elapsed=0s need=2s
UE 90 TTT_WAIT target=7 elapsed=0s need=2s
LM HO_FAIL_LOW_RSRP UE=102 currCell=4 candCell=3 candRsrp=-115.497 < min=-110
LM HO_FAIL_LOW_RSRP UE=112 currCell=1 candCell=4 candRsrp=-149.22 < min=-110
TRACE HO_SUCCESS Time=132.615 IMSI=77 TargetCell=2 Type=TN TargetRSRP=-82.4707 ServingRSRP=-103.953 BackhaulDlSnr=-999 BackhaulUlSnr=-999
TRACE HO_SUCCESS Time=132.615 IMSI=23 TargetCell=2 Type=TN TargetRSRP=-73.3232 ServingRSRP=-75.7634 BackhaulDlSnr=-999 BackhaulUlSnr=-999
TRACE HO_SUCCESS Time=132.615 IMSI=27 TargetCell=2 Type=TN TargetRSRP=-115.437 ServingRSRP=-82.1305 BackhaulDlSnr=-999 BackhaulUlSnr=-999
TRACE HO_SUCCESS Time=132.615 IMSI=28 TargetCell=3 Type=TN TargetRSRP=-115.026 ServingRSRP=-69.8105 BackhaulDlSnr=-999 BackhaulUlSnr=-999
UAV_AUTONOMY_XAPP Time=134.5 DeploymentMode=tn-uav-satellite UavIndex=0 UavCellId=5 BestDonorCellId=3 BestDonorDistanceM=5028.57 XhaulConnected=1 XhaulChannelVariationDb=0.229617 RawXhaulState=UNREACHABLE RawXhaulStateAgeSec=130 XhaulState=UNREACHABLE DonorUnavailableActive=0 SatBackhaulHealthy=1 UavSwitchingXappAvailable=1 UavSwitchingXappState=AI_ACTIVE AiPredictedBackhaulMode=SATELLITE_FALLBACK BackhaulMode=SATELLITE_FALLBACK RicControlState=NEAR_RT_RIC_SWITCHING_TO_SATELLITE_BACKHAUL ActiveUavRic=TN_NEAR_RT_RIC NormalUeHandoverAllowed=1 UavMode=NEAR_RT_RIC_EMERGENCY_SWITCHING_WITH_SATELLITE_BACKHAUL
UAV_AUTONOMY_XAPP Time=134.5 DeploymentMode=tn-uav-satellite UavIndex=1 UavCellId=6 BestDonorCellId=2 BestDonorDistanceM=5199.46 XhaulConnected=1 XhaulChannelVariationDb=-1.94985 RawXhaulState=UNREACHABLE RawXhaulStateAgeSec=104 XhaulState=UNREACHABLE DonorUnavailableActive=0 SatBackhaulHealthy=1 UavSwitchingXappAvailable=1 UavSwitchingXappState=AI_ACTIVE AiPredictedBackhaulMode=SATELLITE_FALLBACK BackhaulMode=SATELLITE_FALLBACK RicControlState=NEAR_RT_RIC_SWITCHING_TO_SATELLITE_BACKHAUL ActiveUavRic=TN_NEAR_RT_RIC NormalUeHandoverAllowed=1 UavMode=NEAR_RT_RIC_EMERGENCY_SWITCHING_WITH_SATELLITE_BACKHAUL
UAV_AUTONOMY_XAPP Time=134.5 DeploymentMode=tn-uav-satellite UavIndex=2 UavCellId=7 BestDonorCellId=4 BestDonorDistanceM=3554.55 XhaulConnected=1 XhaulChannelVariationDb=-3.14239 RawXhaulState=UNREACHABLE RawXhaulStateAgeSec=114 XhaulState=UNREACHABLE DonorUnavailableActive=0 SatBackhaulHealthy=1 UavSwitchingXappAvailable=1 UavSwitchingXappState=AI_ACTIVE AiPredictedBackhaulMode=SATELLITE_FALLBACK BackhaulMode=SATELLITE_FALLBACK RicControlState=NEAR_RT_RIC_SWITCHING_TO_SATELLITE_BACKHAUL ActiveUavRic=TN_NEAR_RT_RIC NormalUeHandoverAllowed=1 UavMode=NEAR_RT_RIC_EMERGENCY_SWITCHING_WITH_SATELLITE_BACKHAUL
---- LOAD at t=134.5 ----
  cell 1 (TN) load=11/20
  cell 2 (TN) load=20/20
  cell 3 (TN) load=16/20
  cell 4 (TN) load=15/20
  cell 5 (NTN) load=12/15
  cell 6 (NTN) load=10/15
  cell 7 (NTN) load=10/15
UE 9 TTT_WAIT target=4 elapsed=0s need=2s
UE 10 TTT_WAIT target=1 elapsed=0s need=2s
UE 11 TTT_WAIT target=4 elapsed=0s need=2s
UE 14 TTT_WAIT target=3 elapsed=0s need=2s
LM HO UE=21 rnti=83 2->3 type=TN servingRsrp=-115.353 targetRsrp=-104.11 targetLoadReal=16/20 targetLoadEff=16/20
LM HO_FAIL_LOW_RSRP UE=23 currCell=1 candCell=7 candRsrp=-119.831 < min=-110
UE 26 TTT_WAIT target=3 elapsed=0s need=2s
UE 28 TTT_WAIT target=1 elapsed=0s need=2s
UE 29 TTT_WAIT target=1 elapsed=0s need=2s
LM HO_FAIL_LOW_RSRP UE=34 currCell=4 candCell=3 candRsrp=-117.076 < min=-110
UE 35 TTT_WAIT target=5 elapsed=0s need=2s
UE 37 TTT_WAIT target=1 elapsed=0s need=2s
LM HO_FAIL_LOW_RSRP UE=39 currCell=1 candCell=5 candRsrp=-132.274 < min=-110
LM HO_FAIL_LOW_RSRP UE=41 currCell=2 candCell=6 candRsrp=-116.822 < min=-110
LM HO_FAIL_LOW_RSRP UE=42 currCell=3 candCell=6 candRsrp=-133.043 < min=-110
LM HO_FAIL_LOW_RSRP UE=46 currCell=4 candCell=5 candRsrp=-114.361 < min=-110
LM HO_FAIL_LOW_RSRP UE=48 currCell=2 candCell=7 candRsrp=-123.633 < min=-110
UE 52 TTT_WAIT target=3 elapsed=0s need=2s
LM HO_FAIL_LOW_RSRP UE=54 currCell=2 candCell=6 candRsrp=-126.193 < min=-110
LM HO_FAIL_LOW_RSRP UE=55 currCell=1 candCell=5 candRsrp=-133.293 < min=-110
UE 57 TTT_WAIT target=3 elapsed=0s need=2s
UE 58 TTT_WAIT target=1 elapsed=0s need=2s
LM HO_FAIL_LOW_RSRP UE=60 currCell=1 candCell=3 candRsrp=-121.183 < min=-110
UE 61 TTT_WAIT target=4 elapsed=0s need=2s
LM HO_FAIL_LOW_RSRP UE=62 currCell=2 candCell=5 candRsrp=-126.443 < min=-110
UE 64 TTT_WAIT target=4 elapsed=0s need=2s
LM HO_FAIL_LOW_RSRP UE=66 currCell=3 candCell=1 candRsrp=-110.799 < min=-110
LM HO_FAIL_LOW_RSRP UE=67 currCell=2 candCell=5 candRsrp=-128.918 < min=-110
LM HO UE=69 rnti=84 2->4 type=TN servingRsrp=-135.634 targetRsrp=-100.652 targetLoadReal=15/20 targetLoadEff=15/20
LM HO_FAIL_LOW_RSRP UE=70 currCell=1 candCell=4 candRsrp=-115.772 < min=-110
UE 76 TTT_WAIT target=3 elapsed=0s need=2s
LM HO_FAIL_LOW_RSRP UE=79 currCell=4 candCell=7 candRsrp=-119.074 < min=-110
UE 80 TTT_WAIT target=1 elapsed=0s need=2s
LM HO_FAIL_LOW_RSRP UE=82 currCell=4 candCell=7 candRsrp=-119.368 < min=-110
LM HO UE=83 rnti=182 5->1 type=TN servingRsrp=-130.826 targetRsrp=-101.974 targetLoadReal=11/20 targetLoadEff=11/20
UE 86 TTT_WAIT target=3 elapsed=0s need=2s
LM HO UE=90 rnti=106 3->7 type=NTN servingRsrp=-123.314 targetRsrp=-106.99 targetLoadReal=10/15 targetLoadEff=10/15
LM HO_FAIL_LOW_RSRP UE=102 currCell=4 candCell=1 candRsrp=-128.626 < min=-110
LM HO_FAIL_LOW_RSRP UE=112 currCell=1 candCell=5 candRsrp=-111.13 < min=-110
TRACE HO_SUCCESS Time=134.615 IMSI=82 TargetCell=1 Type=TN TargetRSRP=-134.295 ServingRSRP=-105.145 BackhaulDlSnr=-999 BackhaulUlSnr=-999
TRACE HO_SUCCESS Time=134.615 IMSI=20 TargetCell=3 Type=TN TargetRSRP=-109.585 ServingRSRP=-110.051 BackhaulDlSnr=-999 BackhaulUlSnr=-999
TRACE HO_SUCCESS Time=134.615 IMSI=68 TargetCell=4 Type=TN TargetRSRP=-116.324 ServingRSRP=-108.704 BackhaulDlSnr=-999 BackhaulUlSnr=-999
TRACE HO_SUCCESS Time=134.615 IMSI=89 TargetCell=7 Type=NTN TargetRSRP=-95.9654 ServingRSRP=-147.703 BackhaulDlSnr=13.8687 BackhaulUlSnr=9.34811
UAV_AUTONOMY_XAPP Time=136.5 DeploymentMode=tn-uav-satellite UavIndex=0 UavCellId=5 BestDonorCellId=1 BestDonorDistanceM=4967.12 XhaulConnected=1 XhaulChannelVariationDb=-0.0287194 RawXhaulState=UNREACHABLE RawXhaulStateAgeSec=132 XhaulState=UNREACHABLE DonorUnavailableActive=0 SatBackhaulHealthy=1 UavSwitchingXappAvailable=1 UavSwitchingXappState=AI_ACTIVE AiPredictedBackhaulMode=SATELLITE_FALLBACK BackhaulMode=SATELLITE_FALLBACK RicControlState=NEAR_RT_RIC_SWITCHING_TO_SATELLITE_BACKHAUL ActiveUavRic=TN_NEAR_RT_RIC NormalUeHandoverAllowed=1 UavMode=NEAR_RT_RIC_EMERGENCY_SWITCHING_WITH_SATELLITE_BACKHAUL
UAV_AUTONOMY_XAPP Time=136.5 DeploymentMode=tn-uav-satellite UavIndex=1 UavCellId=6 BestDonorCellId=4 BestDonorDistanceM=3858.55 XhaulConnected=1 XhaulChannelVariationDb=-3.54265 RawXhaulState=UNREACHABLE RawXhaulStateAgeSec=106 XhaulState=UNREACHABLE DonorUnavailableActive=0 SatBackhaulHealthy=1 UavSwitchingXappAvailable=1 UavSwitchingXappState=AI_ACTIVE AiPredictedBackhaulMode=SATELLITE_FALLBACK BackhaulMode=SATELLITE_FALLBACK RicControlState=NEAR_RT_RIC_SWITCHING_TO_SATELLITE_BACKHAUL ActiveUavRic=TN_NEAR_RT_RIC NormalUeHandoverAllowed=1 UavMode=NEAR_RT_RIC_EMERGENCY_SWITCHING_WITH_SATELLITE_BACKHAUL
UAV_AUTONOMY_XAPP Time=136.5 DeploymentMode=tn-uav-satellite UavIndex=2 UavCellId=7 BestDonorCellId=4 BestDonorDistanceM=3521.79 XhaulConnected=1 XhaulChannelVariationDb=0.531919 RawXhaulState=UNREACHABLE RawXhaulStateAgeSec=116 XhaulState=UNREACHABLE DonorUnavailableActive=0 SatBackhaulHealthy=1 UavSwitchingXappAvailable=1 UavSwitchingXappState=AI_ACTIVE AiPredictedBackhaulMode=SATELLITE_FALLBACK BackhaulMode=SATELLITE_FALLBACK RicControlState=NEAR_RT_RIC_SWITCHING_TO_SATELLITE_BACKHAUL ActiveUavRic=TN_NEAR_RT_RIC NormalUeHandoverAllowed=1 UavMode=NEAR_RT_RIC_EMERGENCY_SWITCHING_WITH_SATELLITE_BACKHAUL
---- LOAD at t=136.5 ----
  cell 1 (TN) load=12/20
  cell 2 (TN) load=18/20
  cell 3 (TN) load=16/20
  cell 4 (TN) load=16/20
  cell 5 (NTN) load=11/15
  cell 6 (NTN) load=11/15
  cell 7 (NTN) load=11/15
LM HO UE=9 rnti=81 2->4 type=TN servingRsrp=-91.447 targetRsrp=-79.6036 targetLoadReal=16/20 targetLoadEff=16/20
LM HO UE=10 rnti=48 3->1 type=TN servingRsrp=-96.0864 targetRsrp=-74.0613 targetLoadReal=12/20 targetLoadEff=12/20
UE 11 TTT_WAIT target=1 elapsed=0s need=2s
UE 13 TTT_WAIT target=3 elapsed=0s need=2s
LM HO_FAIL_LOW_RSRP UE=14 currCell=1 candCell=2 candRsrp=-119.56 < min=-110
UE 16 TTT_WAIT target=1 elapsed=0s need=2s
LM HO_FAIL_LOW_RSRP UE=21 currCell=3 candCell=4 candRsrp=-113.245 < min=-110
UE 24 TTT_WAIT target=1 elapsed=0s need=2s
UE 25 TTT_WAIT target=2 elapsed=0s need=2s
UE 26 TTT_WAIT target=1 elapsed=0s need=2s
UE 33 TTT_WAIT target=3 elapsed=0s need=2s
LM HO_FAIL_LOW_RSRP UE=35 currCell=3 candCell=2 candRsrp=-111.991 < min=-110
UE 37 TTT_WAIT target=2 elapsed=0s need=2s
LM HO_FAIL_LOW_RSRP UE=38 currCell=3 candCell=2 candRsrp=-120.854 < min=-110
UE 45 TTT_WAIT target=1 elapsed=0s need=2s
LM HO_FAIL_LOW_RSRP UE=46 currCell=4 candCell=1 candRsrp=-110.965 < min=-110
UE 47 TTT_WAIT target=1 elapsed=0s need=2s
UE 48 TTT_WAIT target=5 elapsed=0s need=2s
UE 55 TTT_WAIT target=2 elapsed=0s need=2s
LM HO_FAIL_LOW_RSRP UE=57 currCell=2 candCell=3 candRsrp=-125.026 < min=-110
UE 60 TTT_WAIT target=3 elapsed=0s need=2s
LM HO UE=61 rnti=86 7->4 type=TN servingRsrp=-143.144 targetRsrp=-83.9072 targetLoadReal=16/20 targetLoadEff=17/20
UE 62 TTT_WAIT target=3 elapsed=0s need=2s
LM HO UE=64 rnti=181 5->4 type=TN servingRsrp=-107.504 targetRsrp=-88.2552 targetLoadReal=16/20 targetLoadEff=18/20
LM HO_FAIL_LOW_RSRP UE=69 currCell=4 candCell=6 candRsrp=-112.998 < min=-110
UE 72 TTT_WAIT target=5 elapsed=0s need=2s
LM HO_FAIL_LOW_RSRP UE=75 currCell=3 candCell=5 candRsrp=-134.382 < min=-110
UE 77 TTT_WAIT target=7 elapsed=0s need=2s
UE 78 TTT_WAIT target=1 elapsed=0s need=2s
UE 79 TTT_WAIT target=5 elapsed=0s need=2s
UE 83 TTT_WAIT target=3 elapsed=0s need=2s
UE 84 TTT_WAIT target=3 elapsed=0s need=2s
UE 85 TTT_WAIT target=7 elapsed=0s need=2s
UE 102 TTT_WAIT target=7 elapsed=0s need=2s
LM HO_FAIL_LOW_RSRP UE=112 currCell=1 candCell=5 candRsrp=-111.106 < min=-110
TRACE HO_SUCCESS Time=136.615 IMSI=9 TargetCell=1 Type=TN TargetRSRP=-109.387 ServingRSRP=-92.8762 BackhaulDlSnr=-999 BackhaulUlSnr=-999
TRACE HO_SUCCESS Time=136.615 IMSI=8 TargetCell=4 Type=TN TargetRSRP=-79.697 ServingRSRP=-95.5676 BackhaulDlSnr=-999 BackhaulUlSnr=-999
TRACE HO_SUCCESS Time=136.615 IMSI=63 TargetCell=4 Type=TN TargetRSRP=-86.0397 ServingRSRP=-103.297 BackhaulDlSnr=-999 BackhaulUlSnr=-999
TRACE HO_SUCCESS Time=136.615 IMSI=60 TargetCell=4 Type=TN TargetRSRP=-80.634 ServingRSRP=-110.507 BackhaulDlSnr=-999 BackhaulUlSnr=-999
UAV_AUTONOMY_XAPP Time=138.5 DeploymentMode=tn-uav-satellite UavIndex=0 UavCellId=5 BestDonorCellId=1 BestDonorDistanceM=4960.74 XhaulConnected=1 XhaulChannelVariationDb=0.288341 RawXhaulState=UNREACHABLE RawXhaulStateAgeSec=134 XhaulState=UNREACHABLE DonorUnavailableActive=0 SatBackhaulHealthy=1 UavSwitchingXappAvailable=1 UavSwitchingXappState=AI_ACTIVE AiPredictedBackhaulMode=SATELLITE_FALLBACK BackhaulMode=SATELLITE_FALLBACK RicControlState=NEAR_RT_RIC_SWITCHING_TO_SATELLITE_BACKHAUL ActiveUavRic=TN_NEAR_RT_RIC NormalUeHandoverAllowed=1 UavMode=NEAR_RT_RIC_EMERGENCY_SWITCHING_WITH_SATELLITE_BACKHAUL
UAV_AUTONOMY_XAPP Time=138.5 DeploymentMode=tn-uav-satellite UavIndex=1 UavCellId=6 BestDonorCellId=4 BestDonorDistanceM=3885.43 XhaulConnected=1 XhaulChannelVariationDb=-6.58318 RawXhaulState=UNREACHABLE RawXhaulStateAgeSec=108 XhaulState=UNREACHABLE DonorUnavailableActive=0 SatBackhaulHealthy=1 UavSwitchingXappAvailable=1 UavSwitchingXappState=AI_ACTIVE AiPredictedBackhaulMode=SATELLITE_FALLBACK BackhaulMode=SATELLITE_FALLBACK RicControlState=NEAR_RT_RIC_SWITCHING_TO_SATELLITE_BACKHAUL ActiveUavRic=TN_NEAR_RT_RIC NormalUeHandoverAllowed=1 UavMode=NEAR_RT_RIC_EMERGENCY_SWITCHING_WITH_SATELLITE_BACKHAUL
UAV_AUTONOMY_XAPP Time=138.5 DeploymentMode=tn-uav-satellite UavIndex=2 UavCellId=7 BestDonorCellId=4 BestDonorDistanceM=3533.78 XhaulConnected=1 XhaulChannelVariationDb=-0.77731 RawXhaulState=UNREACHABLE RawXhaulStateAgeSec=118 XhaulState=UNREACHABLE DonorUnavailableActive=0 SatBackhaulHealthy=1 UavSwitchingXappAvailable=1 UavSwitchingXappState=AI_ACTIVE AiPredictedBackhaulMode=SATELLITE_FALLBACK BackhaulMode=SATELLITE_FALLBACK RicControlState=NEAR_RT_RIC_SWITCHING_TO_SATELLITE_BACKHAUL ActiveUavRic=TN_NEAR_RT_RIC NormalUeHandoverAllowed=1 UavMode=NEAR_RT_RIC_EMERGENCY_SWITCHING_WITH_SATELLITE_BACKHAUL
---- LOAD at t=138.5 ----
  cell 1 (TN) load=13/20
  cell 2 (TN) load=17/20
  cell 3 (TN) load=15/20
  cell 4 (TN) load=19/20
  cell 5 (NTN) load=10/15
  cell 6 (NTN) load=11/15
  cell 7 (NTN) load=10/15
LM HO_FAIL_LOW_RSRP UE=9 currCell=4 candCell=1 candRsrp=-113.548 < min=-110
UE 10 TTT_WAIT target=3 elapsed=0s need=2s
LM HO UE=11 rnti=87 2->1 type=TN servingRsrp=-135.859 targetRsrp=-80.5153 targetLoadReal=13/20 targetLoadEff=13/20
LM HO UE=13 rnti=57 2->3 type=TN servingRsrp=-102.768 targetRsrp=-76.1538 targetLoadReal=15/20 targetLoadEff=15/20
UE 14 TTT_WAIT target=6 elapsed=0s need=2s
LM HO_FAIL_LOW_RSRP UE=15 currCell=3 candCell=5 candRsrp=-119.994 < min=-110
UE 17 TTT_WAIT target=3 elapsed=0s need=2s
UE 18 TTT_WAIT target=2 elapsed=0s need=2s
UE 21 TTT_WAIT target=4 elapsed=0s need=2s
UE 22 TTT_WAIT target=1 elapsed=0s need=2s
LM HO UE=24 rnti=101 2->1 type=TN servingRsrp=-110.383 targetRsrp=-93.8893 targetLoadReal=13/20 targetLoadEff=14/20
LM HO_FAIL_LOW_RSRP UE=25 currCell=4 candCell=2 candRsrp=-110.844 < min=-110
LM HO UE=26 rnti=85 2->1 type=TN servingRsrp=-132.847 targetRsrp=-93.1396 targetLoadReal=13/20 targetLoadEff=15/20
LM HO_FAIL_LOW_RSRP UE=28 currCell=2 candCell=4 candRsrp=-112.254 < min=-110
UE 29 TTT_WAIT target=1 elapsed=0s need=2s
UE 34 TTT_WAIT target=3 elapsed=0s need=2s
LM HO_FAIL_LOW_RSRP UE=35 currCell=3 candCell=2 candRsrp=-123.342 < min=-110
LM HO_FAIL_LOW_RSRP UE=37 currCell=4 candCell=2 candRsrp=-123.974 < min=-110
LM HO_FAIL_LOW_RSRP UE=38 currCell=3 candCell=5 candRsrp=-134.285 < min=-110
UE 39 TTT_WAIT target=3 elapsed=0s need=2s
UE 41 TTT_WAIT target=3 elapsed=0s need=2s
UE 42 TTT_WAIT target=1 elapsed=0s need=2s
UE 43 TTT_WAIT target=1 elapsed=0s need=2s
LM HO_FAIL_LOW_RSRP UE=45 currCell=2 candCell=5 candRsrp=-122.28 < min=-110
LM HO_FAIL_LOW_RSRP UE=46 currCell=4 candCell=2 candRsrp=-111.906 < min=-110
UE 47 TTT_WAIT target=2 elapsed=0s need=2s
LM HO_FAIL_LOW_RSRP UE=48 currCell=2 candCell=4 candRsrp=-126.105 < min=-110
LM HO_FAIL_LOW_RSRP UE=49 currCell=4 candCell=7 candRsrp=-141.652 < min=-110
LM HO_FAIL_LOW_RSRP UE=52 currCell=1 candCell=7 candRsrp=-134.913 < min=-110
UE 55 TTT_WAIT target=3 elapsed=0s need=2s
UE 57 TTT_WAIT target=3 elapsed=0s need=2s
LM HO_FAIL_LOW_RSRP UE=58 currCell=3 candCell=5 candRsrp=-112.94 < min=-110
UE 61 TTT_WAIT target=3 elapsed=0s need=2s
UE 62 TTT_WAIT target=1 elapsed=0s need=2s
UE 64 TTT_WAIT target=7 elapsed=0s need=2s
UE 66 TTT_WAIT target=1 elapsed=0s need=2s
UE 67 TTT_WAIT target=1 elapsed=0s need=2s
UE 69 TTT_WAIT target=6 elapsed=0s need=2s
LM HO_FAIL_LOW_RSRP UE=72 currCell=3 candCell=5 candRsrp=-110.598 < min=-110
LM HO_FAIL_LOW_RSRP UE=77 currCell=4 candCell=5 candRsrp=-129.766 < min=-110
LM HO_FAIL_LOW_RSRP UE=79 currCell=4 candCell=6 candRsrp=-128.93 < min=-110
UE 82 TTT_WAIT target=3 elapsed=0s need=2s
LM HO_FAIL_LOW_RSRP UE=83 currCell=1 candCell=3 candRsrp=-122.845 < min=-110
UE 85 TTT_WAIT target=3 elapsed=0s need=2s
UE 101 TTT_WAIT target=2 elapsed=0s need=2s
LM HO_FAIL_LOW_RSRP UE=102 currCell=4 candCell=2 candRsrp=-118.153 < min=-110
LM HO_FAIL_LOW_RSRP UE=112 currCell=1 candCell=3 candRsrp=-128.473 < min=-110
TRACE HO_SUCCESS Time=138.615 IMSI=23 TargetCell=1 Type=TN TargetRSRP=-97.5341 ServingRSRP=-77.9308 BackhaulDlSnr=-999 BackhaulUlSnr=-999
TRACE HO_SUCCESS Time=138.615 IMSI=25 TargetCell=1 Type=TN TargetRSRP=-94.328 ServingRSRP=-124.709 BackhaulDlSnr=-999 BackhaulUlSnr=-999
TRACE HO_SUCCESS Time=138.615 IMSI=10 TargetCell=1 Type=TN TargetRSRP=-116.335 ServingRSRP=-112.026 BackhaulDlSnr=-999 BackhaulUlSnr=-999
TRACE HO_SUCCESS Time=138.615 IMSI=12 TargetCell=3 Type=TN TargetRSRP=-110.816 ServingRSRP=-84.5749 BackhaulDlSnr=-999 BackhaulUlSnr=-999
UAV_AUTONOMY_XAPP Time=140.5 DeploymentMode=tn-uav-satellite UavIndex=0 UavCellId=5 BestDonorCellId=3 BestDonorDistanceM=5069.21 XhaulConnected=1 XhaulChannelVariationDb=1.42023 RawXhaulState=UNREACHABLE RawXhaulStateAgeSec=136 XhaulState=UNREACHABLE DonorUnavailableActive=0 SatBackhaulHealthy=1 UavSwitchingXappAvailable=1 UavSwitchingXappState=AI_ACTIVE AiPredictedBackhaulMode=SATELLITE_FALLBACK BackhaulMode=SATELLITE_FALLBACK RicControlState=NEAR_RT_RIC_SWITCHING_TO_SATELLITE_BACKHAUL ActiveUavRic=TN_NEAR_RT_RIC NormalUeHandoverAllowed=1 UavMode=NEAR_RT_RIC_EMERGENCY_SWITCHING_WITH_SATELLITE_BACKHAUL
UAV_AUTONOMY_XAPP Time=140.5 DeploymentMode=tn-uav-satellite UavIndex=1 UavCellId=6 BestDonorCellId=4 BestDonorDistanceM=3920.95 XhaulConnected=1 XhaulChannelVariationDb=-0.516872 RawXhaulState=UNREACHABLE RawXhaulStateAgeSec=110 XhaulState=UNREACHABLE DonorUnavailableActive=0 SatBackhaulHealthy=1 UavSwitchingXappAvailable=1 UavSwitchingXappState=AI_ACTIVE AiPredictedBackhaulMode=SATELLITE_FALLBACK BackhaulMode=SATELLITE_FALLBACK RicControlState=NEAR_RT_RIC_SWITCHING_TO_SATELLITE_BACKHAUL ActiveUavRic=TN_NEAR_RT_RIC NormalUeHandoverAllowed=1 UavMode=NEAR_RT_RIC_EMERGENCY_SWITCHING_WITH_SATELLITE_BACKHAUL
UAV_AUTONOMY_XAPP Time=140.5 DeploymentMode=tn-uav-satellite UavIndex=2 UavCellId=7 BestDonorCellId=4 BestDonorDistanceM=3500.61 XhaulConnected=1 XhaulChannelVariationDb=-7.22211 RawXhaulState=UNREACHABLE RawXhaulStateAgeSec=120 XhaulState=UNREACHABLE DonorUnavailableActive=0 SatBackhaulHealthy=1 UavSwitchingXappAvailable=1 UavSwitchingXappState=AI_ACTIVE AiPredictedBackhaulMode=SATELLITE_FALLBACK BackhaulMode=SATELLITE_FALLBACK RicControlState=NEAR_RT_RIC_SWITCHING_TO_SATELLITE_BACKHAUL ActiveUavRic=TN_NEAR_RT_RIC NormalUeHandoverAllowed=1 UavMode=NEAR_RT_RIC_EMERGENCY_SWITCHING_WITH_SATELLITE_BACKHAUL
---- LOAD at t=140.5 ----
  cell 1 (TN) load=16/20
  cell 2 (TN) load=13/20
  cell 3 (TN) load=16/20
  cell 4 (TN) load=19/20
  cell 5 (NTN) load=10/15
  cell 6 (NTN) load=11/15
  cell 7 (NTN) load=11/15
UE 9 TTT_WAIT target=1 elapsed=0s need=2s
LM HO UE=10 rnti=128 1->3 type=TN servingRsrp=-114.291 targetRsrp=-93.5046 targetLoadReal=16/20 targetLoadEff=16/20
LM HO_FAIL_LOW_RSRP UE=11 currCell=1 candCell=6 candRsrp=-124.501 < min=-110
UE 13 TTT_WAIT target=2 elapsed=0s need=2s
UE 14 TTT_WAIT target=2 elapsed=0s need=2s
LM HO_FAIL_LOW_RSRP UE=17 currCell=4 candCell=2 candRsrp=-127.145 < min=-110
LM HO UE=18 rnti=124 1->2 type=TN servingRsrp=-108.224 targetRsrp=-100.723 targetLoadReal=13/20 targetLoadEff=13/20
UE 20 TTT_WAIT target=1 elapsed=0s need=2s
LM HO_FAIL_LOW_RSRP UE=23 currCell=1 candCell=6 candRsrp=-130.798 < min=-110
UE 25 TTT_WAIT target=6 elapsed=0s need=2s
UE 28 TTT_WAIT target=3 elapsed=0s need=2s
LM HO UE=29 rnti=110 3->1 type=TN servingRsrp=-114.952 targetRsrp=-98.9934 targetLoadReal=16/20 targetLoadEff=16/20
UE 34 TTT_WAIT target=2 elapsed=0s need=2s
LM HO_FAIL_LOW_RSRP UE=35 currCell=3 candCell=4 candRsrp=-124.933 < min=-110
LM HO_FAIL_LOW_RSRP UE=37 currCell=4 candCell=2 candRsrp=-115.65 < min=-110
UE 38 TTT_WAIT target=1 elapsed=0s need=2s
LM HO UE=39 rnti=85 1->3 type=TN servingRsrp=-121.223 targetRsrp=-109.534 targetLoadReal=16/20 targetLoadEff=17/20
LM HO_FAIL_LOW_RSRP UE=41 currCell=2 candCell=7 candRsrp=-123.423 < min=-110
UE 42 TTT_WAIT target=2 elapsed=0s need=2s
LM HO_FAIL_LOW_RSRP UE=43 currCell=3 candCell=7 candRsrp=-120.429 < min=-110
LM HO_FAIL_LOW_RSRP UE=45 currCell=2 candCell=6 candRsrp=-131.478 < min=-110
LM HO_FAIL_LOW_RSRP UE=46 currCell=4 candCell=6 candRsrp=-116.853 < min=-110
LM HO_FAIL_LOW_RSRP UE=49 currCell=4 candCell=5 candRsrp=-123.616 < min=-110
LM HO_FAIL_LOW_RSRP UE=52 currCell=1 candCell=7 candRsrp=-117.047 < min=-110
LM HO_FAIL_LOW_RSRP UE=54 currCell=2 candCell=7 candRsrp=-114.02 < min=-110
LM HO_FAIL_LOW_RSRP UE=55 currCell=1 candCell=7 candRsrp=-128.238 < min=-110
LM HO_FAIL_LOW_RSRP UE=57 currCell=2 candCell=3 candRsrp=-124.618 < min=-110
UE 60 TTT_WAIT target=3 elapsed=0s need=2s
LM HO UE=61 rnti=111 4->3 type=TN servingRsrp=-115.73 targetRsrp=-103.723 targetLoadReal=16/20 targetLoadEff=18/20
LM HO UE=62 rnti=37 2->1 type=TN servingRsrp=-130.551 targetRsrp=-105.013 targetLoadReal=16/20 targetLoadEff=17/20
UE 64 TTT_WAIT target=2 elapsed=0s need=2s
LM HO UE=66 rnti=99 3->1 type=TN servingRsrp=-119.031 targetRsrp=-101.648 targetLoadReal=16/20 targetLoadEff=18/20
LM HO_FAIL_LOW_RSRP UE=67 currCell=2 candCell=3 candRsrp=-126.715 < min=-110
LM HO_FAIL_LOW_RSRP UE=69 currCell=4 candCell=6 candRsrp=-124.149 < min=-110
LM HO_FAIL_LOW_RSRP UE=72 currCell=3 candCell=5 candRsrp=-119.327 < min=-110
UE 77 TTT_WAIT target=6 elapsed=0s need=2s
LM HO_FAIL_LOW_RSRP UE=79 currCell=4 candCell=6 candRsrp=-133.118 < min=-110
UE 80 TTT_WAIT target=1 elapsed=0s need=2s
LM HO_FAIL_LOW_RSRP UE=82 currCell=4 candCell=6 candRsrp=-135.352 < min=-110
LM HO_FAIL_LOW_RSRP UE=83 currCell=1 candCell=3 candRsrp=-122.731 < min=-110
UE 86 TTT_WAIT target=4 elapsed=0s need=2s
UE 102 TTT_WAIT target=2 elapsed=0s need=2s
LM HO_FAIL_LOW_RSRP UE=112 currCell=1 candCell=4 candRsrp=-151.983 < min=-110
TRACE HO_SUCCESS Time=140.615 IMSI=61 TargetCell=1 Type=TN TargetRSRP=-125.21 ServingRSRP=-129.49 BackhaulDlSnr=-999 BackhaulUlSnr=-999
TRACE HO_SUCCESS Time=140.615 IMSI=28 TargetCell=1 Type=TN TargetRSRP=-83.55 ServingRSRP=-99.3365 BackhaulDlSnr=-999 BackhaulUlSnr=-999
TRACE HO_SUCCESS Time=140.615 IMSI=65 TargetCell=1 Type=TN TargetRSRP=-123.068 ServingRSRP=-123.706 BackhaulDlSnr=-999 BackhaulUlSnr=-999
TRACE HO_SUCCESS Time=140.615 IMSI=17 TargetCell=2 Type=TN TargetRSRP=-104.54 ServingRSRP=-100.452 BackhaulDlSnr=-999 BackhaulUlSnr=-999
TRACE HO_SUCCESS Time=140.615 IMSI=38 TargetCell=3 Type=TN TargetRSRP=-130.392 ServingRSRP=-120.143 BackhaulDlSnr=-999 BackhaulUlSnr=-999
TRACE HO_SUCCESS Time=140.615 IMSI=9 TargetCell=3 Type=TN TargetRSRP=-98.7348 ServingRSRP=-111.132 BackhaulDlSnr=-999 BackhaulUlSnr=-999
TRACE HO_SUCCESS Time=140.615 IMSI=60 TargetCell=3 Type=TN TargetRSRP=-124.325 ServingRSRP=-102.11 BackhaulDlSnr=-999 BackhaulUlSnr=-999
UAV_AUTONOMY_XAPP Time=142.5 DeploymentMode=tn-uav-satellite UavIndex=0 UavCellId=5 BestDonorCellId=3 BestDonorDistanceM=5048.51 XhaulConnected=1 XhaulChannelVariationDb=-0.22463 RawXhaulState=UNREACHABLE RawXhaulStateAgeSec=138 XhaulState=UNREACHABLE DonorUnavailableActive=0 SatBackhaulHealthy=1 UavSwitchingXappAvailable=1 UavSwitchingXappState=AI_ACTIVE AiPredictedBackhaulMode=SATELLITE_FALLBACK BackhaulMode=SATELLITE_FALLBACK RicControlState=NEAR_RT_RIC_SWITCHING_TO_SATELLITE_BACKHAUL ActiveUavRic=TN_NEAR_RT_RIC NormalUeHandoverAllowed=1 UavMode=NEAR_RT_RIC_EMERGENCY_SWITCHING_WITH_SATELLITE_BACKHAUL
UAV_AUTONOMY_XAPP Time=142.5 DeploymentMode=tn-uav-satellite UavIndex=1 UavCellId=6 BestDonorCellId=4 BestDonorDistanceM=3944.55 XhaulConnected=1 XhaulChannelVariationDb=1.74839 RawXhaulState=UNREACHABLE RawXhaulStateAgeSec=112 XhaulState=UNREACHABLE DonorUnavailableActive=0 SatBackhaulHealthy=1 UavSwitchingXappAvailable=1 UavSwitchingXappState=AI_ACTIVE AiPredictedBackhaulMode=SATELLITE_FALLBACK BackhaulMode=SATELLITE_FALLBACK RicControlState=NEAR_RT_RIC_SWITCHING_TO_SATELLITE_BACKHAUL ActiveUavRic=TN_NEAR_RT_RIC NormalUeHandoverAllowed=1 UavMode=NEAR_RT_RIC_EMERGENCY_SWITCHING_WITH_SATELLITE_BACKHAUL
UAV_AUTONOMY_XAPP Time=142.5 DeploymentMode=tn-uav-satellite UavIndex=2 UavCellId=7 BestDonorCellId=4 BestDonorDistanceM=3500.56 XhaulConnected=1 XhaulChannelVariationDb=-1.24601 RawXhaulState=UNREACHABLE RawXhaulStateAgeSec=122 XhaulState=UNREACHABLE DonorUnavailableActive=0 SatBackhaulHealthy=1 UavSwitchingXappAvailable=1 UavSwitchingXappState=AI_ACTIVE AiPredictedBackhaulMode=SATELLITE_FALLBACK BackhaulMode=SATELLITE_FALLBACK RicControlState=NEAR_RT_RIC_SWITCHING_TO_SATELLITE_BACKHAUL ActiveUavRic=TN_NEAR_RT_RIC NormalUeHandoverAllowed=1 UavMode=NEAR_RT_RIC_EMERGENCY_SWITCHING_WITH_SATELLITE_BACKHAUL
---- LOAD at t=142.5 ----
  cell 1 (TN) load=16/20
  cell 2 (TN) load=13/20
  cell 3 (TN) load=17/20
  cell 4 (TN) load=18/20
  cell 5 (NTN) load=10/15
  cell 6 (NTN) load=11/15
  cell 7 (NTN) load=11/15
UE 11 TTT_WAIT target=4 elapsed=0s need=2s
LM HO UE=13 rnti=112 3->2 type=TN servingRsrp=-114.749 targetRsrp=-101.847 targetLoadReal=13/20 targetLoadEff=13/20
LM HO_FAIL_LOW_RSRP UE=14 currCell=1 candCell=2 candRsrp=-128.895 < min=-110
UE 17 TTT_WAIT target=1 elapsed=0s need=2s
UE 18 TTT_WAIT target=1 elapsed=0s need=2s
UE 21 TTT_WAIT target=4 elapsed=0s need=2s
UE 23 TTT_WAIT target=3 elapsed=0s need=2s
LM HO UE=25 rnti=107 4->6 type=NTN servingRsrp=-113.902 targetRsrp=-101.632 targetLoadReal=11/15 targetLoadEff=11/15
UE 26 TTT_WAIT target=2 elapsed=0s need=2s
LM HO_FAIL_LOW_RSRP UE=28 currCell=2 candCell=7 candRsrp=-139.487 < min=-110
UE 29 TTT_WAIT target=2 elapsed=0s need=2s
LM HO_FAIL_LOW_RSRP UE=35 currCell=3 candCell=4 candRsrp=-120.425 < min=-110
LM HO_FAIL_LOW_RSRP UE=37 currCell=4 candCell=7 candRsrp=-135.836 < min=-110
LM HO_FAIL_LOW_RSRP UE=41 currCell=2 candCell=7 candRsrp=-112.52 < min=-110
LM HO UE=42 rnti=103 3->2 type=TN servingRsrp=-132.9 targetRsrp=-100.507 targetLoadReal=13/20 targetLoadEff=14/20
UE 46 TTT_WAIT target=7 elapsed=0s need=2s
LM HO_FAIL_LOW_RSRP UE=48 currCell=2 candCell=6 candRsrp=-134.461 < min=-110
UE 52 TTT_WAIT target=3 elapsed=0s need=2s
UE 57 TTT_WAIT target=3 elapsed=0s need=2s
LM HO_FAIL_LOW_RSRP UE=58 currCell=3 candCell=1 candRsrp=-116.055 < min=-110
LM HO UE=60 rnti=99 1->3 type=TN servingRsrp=-125.641 targetRsrp=-96.9686 targetLoadReal=17/20 targetLoadEff=17/20
LM HO_FAIL_LOW_RSRP UE=61 currCell=3 candCell=6 candRsrp=-130.453 < min=-110
LM HO_FAIL_LOW_RSRP UE=62 currCell=1 candCell=2 candRsrp=-113.834 < min=-110
UE 64 TTT_WAIT target=7 elapsed=0s need=2s
UE 67 TTT_WAIT target=3 elapsed=0s need=2s
LM HO_FAIL_LOW_RSRP UE=69 currCell=4 candCell=7 candRsrp=-116.908 < min=-110
LM HO_FAIL_LOW_RSRP UE=70 currCell=1 candCell=4 candRsrp=-114.598 < min=-110
UE 72 TTT_WAIT target=5 elapsed=0s need=2s
UE 75 TTT_WAIT target=1 elapsed=0s need=2s
UE 76 TTT_WAIT target=3 elapsed=0s need=2s
UE 79 TTT_WAIT target=1 elapsed=0s need=2s
UE 82 TTT_WAIT target=2 elapsed=0s need=2s
UE 83 TTT_WAIT target=5 elapsed=0s need=2s
UE 84 TTT_WAIT target=2 elapsed=0s need=2s
LM HO_FAIL_LOW_RSRP UE=85 currCell=4 candCell=2 candRsrp=-111.357 < min=-110
UE 86 TTT_WAIT target=3 elapsed=0s need=2s
LM HO_FAIL_LOW_RSRP UE=102 currCell=4 candCell=3 candRsrp=-129.045 < min=-110
LM HO_FAIL_LOW_RSRP UE=112 currCell=1 candCell=3 candRsrp=-138.235 < min=-110
TRACE HO_SUCCESS Time=142.615 IMSI=12 TargetCell=2 Type=TN TargetRSRP=-96.0288 ServingRSRP=-116.097 BackhaulDlSnr=-999 BackhaulUlSnr=-999
TRACE HO_SUCCESS Time=142.615 IMSI=41 TargetCell=2 Type=TN TargetRSRP=-102.633 ServingRSRP=-121.466 BackhaulDlSnr=-999 BackhaulUlSnr=-999
TRACE HO_SUCCESS Time=142.615 IMSI=59 TargetCell=3 Type=TN TargetRSRP=-128.492 ServingRSRP=-99.9 BackhaulDlSnr=-999 BackhaulUlSnr=-999
TRACE HO_SUCCESS Time=142.615 IMSI=24 TargetCell=6 Type=NTN TargetRSRP=-131.828 ServingRSRP=-112.321 BackhaulDlSnr=10.4548 BackhaulUlSnr=5.93416
UAV_AUTONOMY_XAPP Time=144.5 DeploymentMode=tn-uav-satellite UavIndex=0 UavCellId=5 BestDonorCellId=1 BestDonorDistanceM=4955.33 XhaulConnected=1 XhaulChannelVariationDb=4.77021 RawXhaulState=UNREACHABLE RawXhaulStateAgeSec=140 XhaulState=UNREACHABLE DonorUnavailableActive=0 SatBackhaulHealthy=1 UavSwitchingXappAvailable=1 UavSwitchingXappState=AI_ACTIVE AiPredictedBackhaulMode=SATELLITE_FALLBACK BackhaulMode=SATELLITE_FALLBACK RicControlState=NEAR_RT_RIC_SWITCHING_TO_SATELLITE_BACKHAUL ActiveUavRic=TN_NEAR_RT_RIC NormalUeHandoverAllowed=1 UavMode=NEAR_RT_RIC_EMERGENCY_SWITCHING_WITH_SATELLITE_BACKHAUL
UAV_AUTONOMY_XAPP Time=144.5 DeploymentMode=tn-uav-satellite UavIndex=1 UavCellId=6 BestDonorCellId=4 BestDonorDistanceM=3984.2 XhaulConnected=1 XhaulChannelVariationDb=-2.41827 RawXhaulState=UNREACHABLE RawXhaulStateAgeSec=114 XhaulState=UNREACHABLE DonorUnavailableActive=0 SatBackhaulHealthy=1 UavSwitchingXappAvailable=1 UavSwitchingXappState=AI_ACTIVE AiPredictedBackhaulMode=SATELLITE_FALLBACK BackhaulMode=SATELLITE_FALLBACK RicControlState=NEAR_RT_RIC_SWITCHING_TO_SATELLITE_BACKHAUL ActiveUavRic=TN_NEAR_RT_RIC NormalUeHandoverAllowed=1 UavMode=NEAR_RT_RIC_EMERGENCY_SWITCHING_WITH_SATELLITE_BACKHAUL
UAV_AUTONOMY_XAPP Time=144.5 DeploymentMode=tn-uav-satellite UavIndex=2 UavCellId=7 BestDonorCellId=4 BestDonorDistanceM=3473.52 XhaulConnected=1 XhaulChannelVariationDb=2.65842 RawXhaulState=UNREACHABLE RawXhaulStateAgeSec=124 XhaulState=UNREACHABLE DonorUnavailableActive=0 SatBackhaulHealthy=1 UavSwitchingXappAvailable=1 UavSwitchingXappState=AI_ACTIVE AiPredictedBackhaulMode=SATELLITE_FALLBACK BackhaulMode=SATELLITE_FALLBACK RicControlState=NEAR_RT_RIC_SWITCHING_TO_SATELLITE_BACKHAUL ActiveUavRic=TN_NEAR_RT_RIC NormalUeHandoverAllowed=1 UavMode=NEAR_RT_RIC_EMERGENCY_SWITCHING_WITH_SATELLITE_BACKHAUL
---- LOAD at t=144.5 ----
  cell 1 (TN) load=15/20
  cell 2 (TN) load=16/20
  cell 3 (TN) load=16/20
  cell 4 (TN) load=17/20
  cell 5 (NTN) load=10/15
  cell 6 (NTN) load=12/15
  cell 7 (NTN) load=11/15
UE 9 TTT_WAIT target=1 elapsed=0s need=2s
UE 10 TTT_WAIT target=1 elapsed=0s need=2s
LM HO UE=11 rnti=129 1->4 type=TN servingRsrp=-120.837 targetRsrp=-75.9296 targetLoadReal=17/20 targetLoadEff=17/20
LM HO_FAIL_LOW_RSRP UE=14 currCell=1 candCell=4 candRsrp=-112.695 < min=-110
UE 15 TTT_WAIT target=1 elapsed=0s need=2s
LM HO_FAIL_LOW_RSRP UE=17 currCell=4 candCell=1 candRsrp=-114.287 < min=-110
LM HO_FAIL_LOW_RSRP UE=21 currCell=3 candCell=4 candRsrp=-114.328 < min=-110
UE 22 TTT_WAIT target=7 elapsed=0s need=2s
UE 23 TTT_WAIT target=7 elapsed=0s need=2s
LM HO_FAIL_LOW_RSRP UE=26 currCell=1 candCell=6 candRsrp=-121.478 < min=-110
LM HO UE=29 rnti=132 1->2 type=TN servingRsrp=-80.9189 targetRsrp=-71.9122 targetLoadReal=16/20 targetLoadEff=16/20
UE 34 TTT_WAIT target=1 elapsed=0s need=2s
UE 35 TTT_WAIT target=2 elapsed=0s need=2s
LM HO_FAIL_LOW_RSRP UE=37 currCell=4 candCell=6 candRsrp=-131.746 < min=-110
LM HO_FAIL_LOW_RSRP UE=38 currCell=3 candCell=2 candRsrp=-115.262 < min=-110
UE 39 TTT_WAIT target=2 elapsed=0s need=2s
UE 42 TTT_WAIT target=5 elapsed=0s need=2s
LM HO_FAIL_LOW_RSRP UE=43 currCell=3 candCell=5 candRsrp=-136.576 < min=-110
LM HO_FAIL_LOW_RSRP UE=45 currCell=2 candCell=5 candRsrp=-136.933 < min=-110
UE 46 TTT_WAIT target=3 elapsed=0s need=2s
UE 47 TTT_WAIT target=1 elapsed=0s need=2s
UE 49 TTT_WAIT target=1 elapsed=0s need=2s
LM HO UE=52 rnti=126 1->3 type=TN servingRsrp=-108.081 targetRsrp=-90.7397 targetLoadReal=16/20 targetLoadEff=16/20
UE 54 TTT_WAIT target=4 elapsed=0s need=2s
UE 55 TTT_WAIT target=3 elapsed=0s need=2s
LM HO UE=57 rnti=82 2->3 type=TN servingRsrp=-119.703 targetRsrp=-99.252 targetLoadReal=16/20 targetLoadEff=17/20
LM HO_FAIL_LOW_RSRP UE=58 currCell=3 candCell=2 candRsrp=-115.376 < min=-110
LM HO_FAIL_LOW_RSRP UE=60 currCell=3 candCell=2 candRsrp=-116.271 < min=-110
LM HO_FAIL_LOW_RSRP UE=61 currCell=3 candCell=4 candRsrp=-122.123 < min=-110
LM HO_FAIL_LOW_RSRP UE=62 currCell=1 candCell=3 candRsrp=-129.805 < min=-110
LM HO_FAIL_LOW_RSRP UE=64 currCell=4 candCell=3 candRsrp=-115.836 < min=-110
UE 66 TTT_WAIT target=3 elapsed=0s need=2s
LM HO UE=67 rnti=65 2->3 type=TN servingRsrp=-133.83 targetRsrp=-99.5234 targetLoadReal=16/20 targetLoadEff=18/20
LM HO_FAIL_LOW_RSRP UE=69 currCell=4 candCell=7 candRsrp=-129.64 < min=-110
UE 70 TTT_WAIT target=4 elapsed=0s need=2s
LM HO UE=72 rnti=93 3->5 type=NTN servingRsrp=-119.865 targetRsrp=-100.638 targetLoadReal=10/15 targetLoadEff=10/15
LM HO_FAIL_LOW_RSRP UE=75 currCell=3 candCell=5 candRsrp=-132.844 < min=-110
LM HO_FAIL_LOW_RSRP UE=77 currCell=4 candCell=6 candRsrp=-122.61 < min=-110
UE 78 TTT_WAIT target=1 elapsed=0s need=2s
UE 79 TTT_WAIT target=6 elapsed=0s need=2s
LM HO_FAIL_LOW_RSRP UE=82 currCell=4 candCell=2 candRsrp=-126.057 < min=-110
UE 84 TTT_WAIT target=4 elapsed=0s need=2s
LM HO_FAIL_LOW_RSRP UE=85 currCell=4 candCell=6 candRsrp=-125.887 < min=-110
UE 87 TTT_WAIT target=1 elapsed=0s need=2s
UE 102 TTT_WAIT target=7 elapsed=0s need=2s
UE 112 TTT_WAIT target=5 elapsed=0s need=2s
TRACE HO_SUCCESS Time=144.615 IMSI=28 TargetCell=2 Type=TN TargetRSRP=-118.057 ServingRSRP=-91.119 BackhaulDlSnr=-999 BackhaulUlSnr=-999
TRACE HO_SUCCESS Time=144.615 IMSI=51 TargetCell=3 Type=TN TargetRSRP=-113.596 ServingRSRP=-72.4393 BackhaulDlSnr=-999 BackhaulUlSnr=-999
TRACE HO_SUCCESS Time=144.615 IMSI=56 TargetCell=3 Type=TN TargetRSRP=-96.4056 ServingRSRP=-111.235 BackhaulDlSnr=-999 BackhaulUlSnr=-999
TRACE HO_SUCCESS Time=144.615 IMSI=66 TargetCell=3 Type=TN TargetRSRP=-128.111 ServingRSRP=-99.7175 BackhaulDlSnr=-999 BackhaulUlSnr=-999
TRACE HO_SUCCESS Time=144.615 IMSI=10 TargetCell=4 Type=TN TargetRSRP=-113.3 ServingRSRP=-109.16 BackhaulDlSnr=-999 BackhaulUlSnr=-999
TRACE HO_SUCCESS Time=144.615 IMSI=71 TargetCell=5 Type=NTN TargetRSRP=-130.375 ServingRSRP=-117.14 BackhaulDlSnr=13.4246 BackhaulUlSnr=8.90396
UAV_AUTONOMY_XAPP Time=146.5 DeploymentMode=tn-uav-satellite UavIndex=0 UavCellId=5 BestDonorCellId=3 BestDonorDistanceM=5027.75 XhaulConnected=1 XhaulChannelVariationDb=-1.06159 RawXhaulState=UNREACHABLE RawXhaulStateAgeSec=142 XhaulState=UNREACHABLE DonorUnavailableActive=0 SatBackhaulHealthy=1 UavSwitchingXappAvailable=1 UavSwitchingXappState=AI_ACTIVE AiPredictedBackhaulMode=SATELLITE_FALLBACK BackhaulMode=SATELLITE_FALLBACK RicControlState=NEAR_RT_RIC_SWITCHING_TO_SATELLITE_BACKHAUL ActiveUavRic=TN_NEAR_RT_RIC NormalUeHandoverAllowed=1 UavMode=NEAR_RT_RIC_EMERGENCY_SWITCHING_WITH_SATELLITE_BACKHAUL
UAV_AUTONOMY_XAPP Time=146.5 DeploymentMode=tn-uav-satellite UavIndex=1 UavCellId=6 BestDonorCellId=4 BestDonorDistanceM=3992.79 XhaulConnected=1 XhaulChannelVariationDb=-4.99722 RawXhaulState=UNREACHABLE RawXhaulStateAgeSec=116 XhaulState=UNREACHABLE DonorUnavailableActive=0 SatBackhaulHealthy=1 UavSwitchingXappAvailable=1 UavSwitchingXappState=AI_ACTIVE AiPredictedBackhaulMode=SATELLITE_FALLBACK BackhaulMode=SATELLITE_FALLBACK RicControlState=NEAR_RT_RIC_SWITCHING_TO_SATELLITE_BACKHAUL ActiveUavRic=TN_NEAR_RT_RIC NormalUeHandoverAllowed=1 UavMode=NEAR_RT_RIC_EMERGENCY_SWITCHING_WITH_SATELLITE_BACKHAUL
UAV_AUTONOMY_XAPP Time=146.5 DeploymentMode=tn-uav-satellite UavIndex=2 UavCellId=7 BestDonorCellId=4 BestDonorDistanceM=3455.34 XhaulConnected=1 XhaulChannelVariationDb=-0.510945 RawXhaulState=UNREACHABLE RawXhaulStateAgeSec=126 XhaulState=UNREACHABLE DonorUnavailableActive=0 SatBackhaulHealthy=1 UavSwitchingXappAvailable=1 UavSwitchingXappState=AI_ACTIVE AiPredictedBackhaulMode=SATELLITE_FALLBACK BackhaulMode=SATELLITE_FALLBACK RicControlState=NEAR_RT_RIC_SWITCHING_TO_SATELLITE_BACKHAUL ActiveUavRic=TN_NEAR_RT_RIC NormalUeHandoverAllowed=1 UavMode=NEAR_RT_RIC_EMERGENCY_SWITCHING_WITH_SATELLITE_BACKHAUL
---- LOAD at t=146.5 ----
  cell 1 (TN) load=12/20
  cell 2 (TN) load=15/20
  cell 3 (TN) load=18/20
  cell 4 (TN) load=18/20
  cell 5 (NTN) load=11/15
  cell 6 (NTN) load=13/15
  cell 7 (NTN) load=12/15
UE 9 TTT_WAIT target=2 elapsed=0s need=2s
UE 11 TTT_WAIT target=2 elapsed=0s need=2s
LM HO_FAIL_LOW_RSRP UE=14 currCell=1 candCell=2 candRsrp=-119.081 < min=-110
LM HO_FAIL_LOW_RSRP UE=15 currCell=3 candCell=5 candRsrp=-115.363 < min=-110
UE 17 TTT_WAIT target=2 elapsed=0s need=2s
UE 23 TTT_WAIT target=3 elapsed=0s need=2s
LM HO_FAIL_LOW_RSRP UE=28 currCell=2 candCell=6 candRsrp=-121.306 < min=-110
UE 29 TTT_WAIT target=1 elapsed=0s need=2s
UE 32 TTT_WAIT target=7 elapsed=0s need=2s
LM HO_FAIL_LOW_RSRP UE=34 currCell=4 candCell=5 candRsrp=-126.499 < min=-110
UE 35 TTT_WAIT target=1 elapsed=0s need=2s
UE 37 TTT_WAIT target=1 elapsed=0s need=2s
UE 38 TTT_WAIT target=2 elapsed=0s need=2s
LM HO UE=39 rnti=115 3->2 type=TN servingRsrp=-123.507 targetRsrp=-94.6614 targetLoadReal=15/20 targetLoadEff=15/20
LM HO_FAIL_LOW_RSRP UE=41 currCell=2 candCell=7 candRsrp=-137.788 < min=-110
UE 42 TTT_WAIT target=7 elapsed=0s need=2s
UE 43 TTT_WAIT target=2 elapsed=0s need=2s
UE 46 TTT_WAIT target=1 elapsed=0s need=2s
LM HO_FAIL_LOW_RSRP UE=49 currCell=4 candCell=7 candRsrp=-110.167 < min=-110
UE 52 TTT_WAIT target=1 elapsed=0s need=2s
LM HO_FAIL_LOW_RSRP UE=54 currCell=2 candCell=6 candRsrp=-136.814 < min=-110
LM HO UE=55 rnti=122 1->3 type=TN servingRsrp=-123.363 targetRsrp=-95.0193 targetLoadReal=18/20 targetLoadEff=18/20
UE 57 TTT_WAIT target=1 elapsed=0s need=2s
UE 58 TTT_WAIT target=1 elapsed=0s need=2s
UE 60 TTT_WAIT target=2 elapsed=0s need=2s
LM HO_FAIL_LOW_RSRP UE=62 currCell=1 candCell=3 candRsrp=-128.306 < min=-110
LM HO_FAIL_LOW_RSRP UE=66 currCell=1 candCell=6 candRsrp=-126.185 < min=-110
UE 69 TTT_WAIT target=7 elapsed=0s need=2s
LM HO UE=70 rnti=98 1->4 type=TN servingRsrp=-120.917 targetRsrp=-92.1303 targetLoadReal=18/20 targetLoadEff=18/20
UE 72 TTT_WAIT target=2 elapsed=0s need=2s
UE 74 TTT_WAIT target=1 elapsed=0s need=2s
UE 75 TTT_WAIT target=1 elapsed=0s need=2s
LM HO_FAIL_LOW_RSRP UE=77 currCell=4 candCell=1 candRsrp=-112.04 < min=-110
LM HO UE=78 rnti=103 2->1 type=TN servingRsrp=-99.4256 targetRsrp=-69.3307 targetLoadReal=12/20 targetLoadEff=12/20
UE 80 TTT_WAIT target=1 elapsed=0s need=2s
UE 82 TTT_WAIT target=5 elapsed=0s need=2s
LM HO_FAIL_LOW_RSRP UE=83 currCell=1 candCell=3 candRsrp=-119.733 < min=-110
LM HO UE=84 rnti=121 1->4 type=TN servingRsrp=-113.353 targetRsrp=-106.049 targetLoadReal=18/20 targetLoadEff=19/20
LM HO_FAIL_LOW_RSRP UE=86 currCell=2 candCell=6 candRsrp=-122.648 < min=-110
LM HO_FAIL_LOW_RSRP UE=102 currCell=4 candCell=2 candRsrp=-143.42 < min=-110
LM HO_FAIL_LOW_RSRP UE=112 currCell=1 candCell=2 candRsrp=-153.12 < min=-110
TRACE HO_SUCCESS Time=146.615 IMSI=77 TargetCell=1 Type=TN TargetRSRP=-69.5313 ServingRSRP=-94.2023 BackhaulDlSnr=-999 BackhaulUlSnr=-999
TRACE HO_SUCCESS Time=146.615 IMSI=38 TargetCell=2 Type=TN TargetRSRP=-87.6408 ServingRSRP=-122.611 BackhaulDlSnr=-999 BackhaulUlSnr=-999
TRACE HO_SUCCESS Time=146.615 IMSI=54 TargetCell=3 Type=TN TargetRSRP=-94.4282 ServingRSRP=-106.508 BackhaulDlSnr=-999 BackhaulUlSnr=-999
TRACE HO_SUCCESS Time=146.615 IMSI=69 TargetCell=4 Type=TN TargetRSRP=-118.667 ServingRSRP=-116.27 BackhaulDlSnr=-999 BackhaulUlSnr=-999
TRACE HO_SUCCESS Time=146.615 IMSI=83 TargetCell=4 Type=TN TargetRSRP=-113.437 ServingRSRP=-111.99 BackhaulDlSnr=-999 BackhaulUlSnr=-999
UAV_AUTONOMY_XAPP Time=148.5 DeploymentMode=tn-uav-satellite UavIndex=0 UavCellId=5 BestDonorCellId=1 BestDonorDistanceM=4949.62 XhaulConnected=1 XhaulChannelVariationDb=1.22567 RawXhaulState=UNREACHABLE RawXhaulStateAgeSec=144 XhaulState=UNREACHABLE DonorUnavailableActive=0 SatBackhaulHealthy=1 UavSwitchingXappAvailable=1 UavSwitchingXappState=AI_ACTIVE AiPredictedBackhaulMode=SATELLITE_FALLBACK BackhaulMode=SATELLITE_FALLBACK RicControlState=NEAR_RT_RIC_SWITCHING_TO_SATELLITE_BACKHAUL ActiveUavRic=TN_NEAR_RT_RIC NormalUeHandoverAllowed=1 UavMode=NEAR_RT_RIC_EMERGENCY_SWITCHING_WITH_SATELLITE_BACKHAUL
UAV_AUTONOMY_XAPP Time=148.5 DeploymentMode=tn-uav-satellite UavIndex=1 UavCellId=6 BestDonorCellId=4 BestDonorDistanceM=4005.19 XhaulConnected=1 XhaulChannelVariationDb=-2.21018 RawXhaulState=UNREACHABLE RawXhaulStateAgeSec=118 XhaulState=UNREACHABLE DonorUnavailableActive=0 SatBackhaulHealthy=1 UavSwitchingXappAvailable=1 UavSwitchingXappState=AI_ACTIVE AiPredictedBackhaulMode=SATELLITE_FALLBACK BackhaulMode=SATELLITE_FALLBACK RicControlState=NEAR_RT_RIC_SWITCHING_TO_SATELLITE_BACKHAUL ActiveUavRic=TN_NEAR_RT_RIC NormalUeHandoverAllowed=1 UavMode=NEAR_RT_RIC_EMERGENCY_SWITCHING_WITH_SATELLITE_BACKHAUL
UAV_AUTONOMY_XAPP Time=148.5 DeploymentMode=tn-uav-satellite UavIndex=2 UavCellId=7 BestDonorCellId=4 BestDonorDistanceM=3460.74 XhaulConnected=1 XhaulChannelVariationDb=-3.59272 RawXhaulState=UNREACHABLE RawXhaulStateAgeSec=128 XhaulState=UNREACHABLE DonorUnavailableActive=0 SatBackhaulHealthy=1 UavSwitchingXappAvailable=1 UavSwitchingXappState=AI_ACTIVE AiPredictedBackhaulMode=SATELLITE_FALLBACK BackhaulMode=SATELLITE_FALLBACK RicControlState=NEAR_RT_RIC_SWITCHING_TO_SATELLITE_BACKHAUL ActiveUavRic=TN_NEAR_RT_RIC NormalUeHandoverAllowed=1 UavMode=NEAR_RT_RIC_EMERGENCY_SWITCHING_WITH_SATELLITE_BACKHAUL
---- LOAD at t=148.5 ----
  cell 1 (TN) load=10/20
  cell 2 (TN) load=15/20
  cell 3 (TN) load=18/20
  cell 4 (TN) load=20/20
  cell 5 (NTN) load=11/15
  cell 6 (NTN) load=13/15
  cell 7 (NTN) load=12/15
LM HO UE=9 rnti=110 4->2 type=TN servingRsrp=-96.6884 targetRsrp=-81.7542 targetLoadReal=15/20 targetLoadEff=15/20
LM HO UE=11 rnti=113 4->2 type=TN servingRsrp=-116.216 targetRsrp=-96.5563 targetLoadReal=15/20 targetLoadEff=16/20
UE 14 TTT_WAIT target=3 elapsed=0s need=2s
LM HO_FAIL_LOW_RSRP UE=15 currCell=3 candCell=7 candRsrp=-120.91 < min=-110
LM HO_FAIL_LOW_RSRP UE=17 currCell=4 candCell=1 candRsrp=-129.399 < min=-110
UE 18 TTT_WAIT target=3 elapsed=0s need=2s
UE 20 TTT_WAIT target=2 elapsed=0s need=2s
UE 21 TTT_WAIT target=1 elapsed=0s need=2s
LM HO_FAIL_LOW_RSRP UE=23 currCell=1 candCell=7 candRsrp=-136.379 < min=-110
LM HO_FAIL_LOW_RSRP UE=25 currCell=6 candCell=5 candRsrp=-123.181 < min=-110
UE 28 TTT_WAIT target=1 elapsed=0s need=2s
LM HO UE=29 rnti=115 2->1 type=TN servingRsrp=-110.063 targetRsrp=-80.1131 targetLoadReal=10/20 targetLoadEff=10/20
LM HO_FAIL_LOW_RSRP UE=34 currCell=4 candCell=6 candRsrp=-132.386 < min=-110
LM HO UE=35 rnti=92 3->1 type=TN servingRsrp=-128.213 targetRsrp=-107.013 targetLoadReal=10/20 targetLoadEff=11/20
UE 37 TTT_WAIT target=2 elapsed=0s need=2s
LM HO_FAIL_LOW_RSRP UE=38 currCell=3 candCell=1 candRsrp=-120.856 < min=-110
LM HO UE=43 rnti=31 3->2 type=TN servingRsrp=-102.596 targetRsrp=-98.0967 targetLoadReal=15/20 targetLoadEff=17/20
UE 47 TTT_WAIT target=2 elapsed=0s need=2s
LM HO UE=52 rnti=117 3->1 type=TN servingRsrp=-113.899 targetRsrp=-104.776 targetLoadReal=10/20 targetLoadEff=12/20
UE 55 TTT_WAIT target=2 elapsed=0s need=2s
LM HO UE=57 rnti=118 3->1 type=TN servingRsrp=-126.246 targetRsrp=-96.9936 targetLoadReal=10/20 targetLoadEff=13/20
LM HO_FAIL_LOW_RSRP UE=60 currCell=3 candCell=5 candRsrp=-127.088 < min=-110
LM HO_FAIL_LOW_RSRP UE=61 currCell=3 candCell=2 candRsrp=-121.957 < min=-110
UE 62 TTT_WAIT target=5 elapsed=0s need=2s
UE 66 TTT_WAIT target=5 elapsed=0s need=2s
UE 67 TTT_WAIT target=5 elapsed=0s need=2s
LM HO_FAIL_LOW_RSRP UE=69 currCell=4 candCell=1 candRsrp=-111.469 < min=-110
UE 70 TTT_WAIT target=1 elapsed=0s need=2s
UE 74 TTT_WAIT target=3 elapsed=0s need=2s
UE 75 TTT_WAIT target=2 elapsed=0s need=2s
UE 78 TTT_WAIT target=2 elapsed=0s need=2s
LM HO UE=80 rnti=83 3->1 type=TN servingRsrp=-100.008 targetRsrp=-83.3391 targetLoadReal=10/20 targetLoadEff=14/20
LM HO_FAIL_LOW_RSRP UE=83 currCell=1 candCell=3 candRsrp=-122.231 < min=-110
UE 84 TTT_WAIT target=2 elapsed=0s need=2s
UE 85 TTT_WAIT target=2 elapsed=0s need=2s
LM HO_FAIL_LOW_RSRP UE=86 currCell=2 candCell=7 candRsrp=-135.26 < min=-110
UE 87 TTT_WAIT target=5 elapsed=0s need=2s
UE 102 TTT_WAIT target=7 elapsed=0s need=2s
LM HO_FAIL_LOW_RSRP UE=112 currCell=1 candCell=2 candRsrp=-127.125 < min=-110
TRACE HO_SUCCESS Time=148.615 IMSI=28 TargetCell=1 Type=TN TargetRSRP=-98.607 ServingRSRP=-112.216 BackhaulDlSnr=-999 BackhaulUlSnr=-999
TRACE HO_SUCCESS Time=148.615 IMSI=51 TargetCell=1 Type=TN TargetRSRP=-106.635 ServingRSRP=-109.595 BackhaulDlSnr=-999 BackhaulUlSnr=-999
TRACE HO_SUCCESS Time=148.615 IMSI=56 TargetCell=1 Type=TN TargetRSRP=-118.934 ServingRSRP=-124.879 BackhaulDlSnr=-999 BackhaulUlSnr=-999
TRACE HO_SUCCESS Time=148.615 IMSI=34 TargetCell=1 Type=TN TargetRSRP=-110.033 ServingRSRP=-102.894 BackhaulDlSnr=-999 BackhaulUlSnr=-999
TRACE HO_SUCCESS Time=148.615 IMSI=79 TargetCell=1 Type=TN TargetRSRP=-107.004 ServingRSRP=-86.7392 BackhaulDlSnr=-999 BackhaulUlSnr=-999
TRACE HO_SUCCESS Time=148.615 IMSI=42 TargetCell=2 Type=TN TargetRSRP=-118.844 ServingRSRP=-102.303 BackhaulDlSnr=-999 BackhaulUlSnr=-999
TRACE HO_SUCCESS Time=148.615 IMSI=10 TargetCell=2 Type=TN TargetRSRP=-129.403 ServingRSRP=-88.8074 BackhaulDlSnr=-999 BackhaulUlSnr=-999
TRACE HO_SUCCESS Time=148.615 IMSI=8 TargetCell=2 Type=TN TargetRSRP=-78.0261 ServingRSRP=-99.0649 BackhaulDlSnr=-999 BackhaulUlSnr=-999
UAV_AUTONOMY_XAPP Time=150.5 DeploymentMode=tn-uav-satellite UavIndex=0 UavCellId=5 BestDonorCellId=1 BestDonorDistanceM=4979.87 XhaulConnected=1 XhaulChannelVariationDb=3.57401 RawXhaulState=UNREACHABLE RawXhaulStateAgeSec=146 XhaulState=UNREACHABLE DonorUnavailableActive=0 SatBackhaulHealthy=1 UavSwitchingXappAvailable=1 UavSwitchingXappState=AI_ACTIVE AiPredictedBackhaulMode=SATELLITE_FALLBACK BackhaulMode=SATELLITE_FALLBACK RicControlState=NEAR_RT_RIC_SWITCHING_TO_SATELLITE_BACKHAUL ActiveUavRic=TN_NEAR_RT_RIC NormalUeHandoverAllowed=1 UavMode=NEAR_RT_RIC_EMERGENCY_SWITCHING_WITH_SATELLITE_BACKHAUL
UAV_AUTONOMY_XAPP Time=150.5 DeploymentMode=tn-uav-satellite UavIndex=1 UavCellId=6 BestDonorCellId=4 BestDonorDistanceM=3985.91 XhaulConnected=1 XhaulChannelVariationDb=-5.5582 RawXhaulState=UNREACHABLE RawXhaulStateAgeSec=120 XhaulState=UNREACHABLE DonorUnavailableActive=0 SatBackhaulHealthy=1 UavSwitchingXappAvailable=1 UavSwitchingXappState=AI_ACTIVE AiPredictedBackhaulMode=SATELLITE_FALLBACK BackhaulMode=SATELLITE_FALLBACK RicControlState=NEAR_RT_RIC_SWITCHING_TO_SATELLITE_BACKHAUL ActiveUavRic=TN_NEAR_RT_RIC NormalUeHandoverAllowed=1 UavMode=NEAR_RT_RIC_EMERGENCY_SWITCHING_WITH_SATELLITE_BACKHAUL
UAV_AUTONOMY_XAPP Time=150.5 DeploymentMode=tn-uav-satellite UavIndex=2 UavCellId=7 BestDonorCellId=4 BestDonorDistanceM=3438.8 XhaulConnected=1 XhaulChannelVariationDb=-1.56387 RawXhaulState=UNREACHABLE RawXhaulStateAgeSec=130 XhaulState=UNREACHABLE DonorUnavailableActive=0 SatBackhaulHealthy=1 UavSwitchingXappAvailable=1 UavSwitchingXappState=AI_ACTIVE AiPredictedBackhaulMode=SATELLITE_FALLBACK BackhaulMode=SATELLITE_FALLBACK RicControlState=NEAR_RT_RIC_SWITCHING_TO_SATELLITE_BACKHAUL ActiveUavRic=TN_NEAR_RT_RIC NormalUeHandoverAllowed=1 UavMode=NEAR_RT_RIC_EMERGENCY_SWITCHING_WITH_SATELLITE_BACKHAUL
---- LOAD at t=150.5 ----
  cell 1 (TN) load=15/20
  cell 2 (TN) load=17/20
  cell 3 (TN) load=13/20
  cell 4 (TN) load=18/20
  cell 5 (NTN) load=11/15
  cell 6 (NTN) load=13/15
  cell 7 (NTN) load=12/15
LM HO_FAIL_LOW_RSRP UE=9 currCell=2 candCell=3 candRsrp=-111.704 < min=-110
UE 10 TTT_WAIT target=1 elapsed=0s need=2s
LM HO_FAIL_LOW_RSRP UE=11 currCell=2 candCell=3 candRsrp=-119.348 < min=-110
UE 13 TTT_WAIT target=1 elapsed=0s need=2s
UE 17 TTT_WAIT target=3 elapsed=0s need=2s
UE 21 TTT_WAIT target=2 elapsed=0s need=2s
UE 24 TTT_WAIT target=3 elapsed=0s need=2s
UE 25 TTT_WAIT target=4 elapsed=0s need=2s
LM HO_FAIL_LOW_RSRP UE=26 currCell=1 candCell=2 candRsrp=-117.155 < min=-110
UE 28 TTT_WAIT target=3 elapsed=0s need=2s
UE 29 TTT_WAIT target=3 elapsed=0s need=2s
LM HO_FAIL_LOW_RSRP UE=34 currCell=4 candCell=5 candRsrp=-110.692 < min=-110
LM HO_FAIL_LOW_RSRP UE=35 currCell=1 candCell=3 candRsrp=-114.168 < min=-110
LM HO_FAIL_LOW_RSRP UE=37 currCell=4 candCell=2 candRsrp=-121.521 < min=-110
LM HO_FAIL_LOW_RSRP UE=38 currCell=3 candCell=5 candRsrp=-126.728 < min=-110
UE 41 TTT_WAIT target=6 elapsed=0s need=2s
UE 42 TTT_WAIT target=6 elapsed=0s need=2s
UE 43 TTT_WAIT target=1 elapsed=0s need=2s
LM HO_FAIL_LOW_RSRP UE=46 currCell=4 candCell=5 candRsrp=-119.572 < min=-110
LM HO UE=47 rnti=96 3->2 type=TN servingRsrp=-120.562 targetRsrp=-96.2736 targetLoadReal=17/20 targetLoadEff=17/20
LM HO_FAIL_LOW_RSRP UE=48 currCell=2 candCell=3 candRsrp=-118.389 < min=-110
UE 49 TTT_WAIT target=1 elapsed=0s need=2s
UE 54 TTT_WAIT target=3 elapsed=0s need=2s
LM HO UE=55 rnti=120 3->2 type=TN servingRsrp=-127.221 targetRsrp=-108.965 targetLoadReal=17/20 targetLoadEff=18/20
UE 57 TTT_WAIT target=2 elapsed=0s need=2s
UE 58 TTT_WAIT target=5 elapsed=0s need=2s
LM HO_FAIL_LOW_RSRP UE=60 currCell=3 candCell=5 candRsrp=-128.073 < min=-110
UE 61 TTT_WAIT target=1 elapsed=0s need=2s
LM HO_FAIL_LOW_RSRP UE=62 currCell=1 candCell=4 candRsrp=-116.338 < min=-110
UE 64 TTT_WAIT target=5 elapsed=0s need=2s
LM HO UE=66 rnti=134 1->5 type=NTN servingRsrp=-111.545 targetRsrp=-95.8526 targetLoadReal=11/15 targetLoadEff=11/15
LM HO_FAIL_LOW_RSRP UE=67 currCell=3 candCell=5 candRsrp=-134.415 < min=-110
LM HO_FAIL_LOW_RSRP UE=69 currCell=4 candCell=2 candRsrp=-117.717 < min=-110
LM HO_FAIL_LOW_RSRP UE=72 currCell=5 candCell=7 candRsrp=-129.134 < min=-110
LM HO UE=74 rnti=114 2->3 type=TN servingRsrp=-118.284 targetRsrp=-90.4637 targetLoadReal=13/20 targetLoadEff=13/20
LM HO UE=75 rnti=108 3->2 type=TN servingRsrp=-117.96 targetRsrp=-98.6896 targetLoadReal=17/20 targetLoadEff=19/20
UE 76 TTT_WAIT target=3 elapsed=0s need=2s
UE 77 TTT_WAIT target=7 elapsed=0s need=2s
LM HO_FAIL_LOW_RSRP UE=79 currCell=4 candCell=1 candRsrp=-116.387 < min=-110
UE 80 TTT_WAIT target=3 elapsed=0s need=2s
LM HO_FAIL_LOW_RSRP UE=82 currCell=4 candCell=1 candRsrp=-111.952 < min=-110
UE 84 TTT_WAIT target=3 elapsed=0s need=2s
LM HO UE=102 rnti=105 4->7 type=NTN servingRsrp=-130.751 targetRsrp=-70.4518 targetLoadReal=12/15 targetLoadEff=12/15
LM HO_FAIL_LOW_RSRP UE=112 currCell=1 candCell=3 candRsrp=-139.878 < min=-110
TRACE HO_SUCCESS Time=150.615 IMSI=54 TargetCell=2 Type=TN TargetRSRP=-106.668 ServingRSRP=-88.5995 BackhaulDlSnr=-999 BackhaulUlSnr=-999
TRACE HO_SUCCESS Time=150.615 IMSI=74 TargetCell=2 Type=TN TargetRSRP=-125.746 ServingRSRP=-96.9319 BackhaulDlSnr=-999 BackhaulUlSnr=-999
TRACE HO_SUCCESS Time=150.615 IMSI=46 TargetCell=2 Type=TN TargetRSRP=-89.4402 ServingRSRP=-97.5364 BackhaulDlSnr=-999 BackhaulUlSnr=-999
TRACE HO_SUCCESS Time=150.615 IMSI=73 TargetCell=3 Type=TN TargetRSRP=-115.425 ServingRSRP=-92.3672 BackhaulDlSnr=-999 BackhaulUlSnr=-999
TRACE HO_SUCCESS Time=150.615 IMSI=65 TargetCell=5 Type=NTN TargetRSRP=-128.306 ServingRSRP=-116.251 BackhaulDlSnr=10.9009 BackhaulUlSnr=6.38026
TRACE HO_SUCCESS Time=150.615 IMSI=101 TargetCell=7 Type=NTN TargetRSRP=-107.819 ServingRSRP=-130.502 BackhaulDlSnr=15.13 BackhaulUlSnr=10.6094
UAV_AUTONOMY_XAPP Time=152.5 DeploymentMode=tn-uav-satellite UavIndex=0 UavCellId=5 BestDonorCellId=1 BestDonorDistanceM=4978.4 XhaulConnected=1 XhaulChannelVariationDb=-3.09759 RawXhaulState=UNREACHABLE RawXhaulStateAgeSec=148 XhaulState=UNREACHABLE DonorUnavailableActive=0 SatBackhaulHealthy=1 UavSwitchingXappAvailable=1 UavSwitchingXappState=AI_ACTIVE AiPredictedBackhaulMode=SATELLITE_FALLBACK BackhaulMode=SATELLITE_FALLBACK RicControlState=NEAR_RT_RIC_SWITCHING_TO_SATELLITE_BACKHAUL ActiveUavRic=TN_NEAR_RT_RIC NormalUeHandoverAllowed=1 UavMode=NEAR_RT_RIC_EMERGENCY_SWITCHING_WITH_SATELLITE_BACKHAUL
UAV_AUTONOMY_XAPP Time=152.5 DeploymentMode=tn-uav-satellite UavIndex=1 UavCellId=6 BestDonorCellId=4 BestDonorDistanceM=3939.85 XhaulConnected=1 XhaulChannelVariationDb=2.88975 RawXhaulState=UNREACHABLE RawXhaulStateAgeSec=122 XhaulState=UNREACHABLE DonorUnavailableActive=0 SatBackhaulHealthy=1 UavSwitchingXappAvailable=1 UavSwitchingXappState=AI_ACTIVE AiPredictedBackhaulMode=SATELLITE_FALLBACK BackhaulMode=SATELLITE_FALLBACK RicControlState=NEAR_RT_RIC_SWITCHING_TO_SATELLITE_BACKHAUL ActiveUavRic=TN_NEAR_RT_RIC NormalUeHandoverAllowed=1 UavMode=NEAR_RT_RIC_EMERGENCY_SWITCHING_WITH_SATELLITE_BACKHAUL
UAV_AUTONOMY_XAPP Time=152.5 DeploymentMode=tn-uav-satellite UavIndex=2 UavCellId=7 BestDonorCellId=4 BestDonorDistanceM=3429.74 XhaulConnected=1 XhaulChannelVariationDb=3.66356 RawXhaulState=UNREACHABLE RawXhaulStateAgeSec=132 XhaulState=UNREACHABLE DonorUnavailableActive=0 SatBackhaulHealthy=1 UavSwitchingXappAvailable=1 UavSwitchingXappState=AI_ACTIVE AiPredictedBackhaulMode=SATELLITE_FALLBACK BackhaulMode=SATELLITE_FALLBACK RicControlState=NEAR_RT_RIC_SWITCHING_TO_SATELLITE_BACKHAUL ActiveUavRic=TN_NEAR_RT_RIC NormalUeHandoverAllowed=1 UavMode=NEAR_RT_RIC_EMERGENCY_SWITCHING_WITH_SATELLITE_BACKHAUL
---- LOAD at t=152.5 ----
  cell 1 (TN) load=14/20
  cell 2 (TN) load=19/20
  cell 3 (TN) load=11/20
  cell 4 (TN) load=17/20
  cell 5 (NTN) load=12/15
  cell 6 (NTN) load=13/15
  cell 7 (NTN) load=13/15
UE 9 TTT_WAIT target=1 elapsed=0s need=2s
UE 11 TTT_WAIT target=3 elapsed=0s need=2s
UE 13 TTT_WAIT target=3 elapsed=0s need=2s
UE 17 TTT_WAIT target=2 elapsed=0s need=2s
UE 18 TTT_WAIT target=3 elapsed=0s need=2s
UE 21 TTT_WAIT target=1 elapsed=0s need=2s
UE 23 TTT_WAIT target=2 elapsed=0s need=2s
LM HO UE=24 rnti=130 1->3 type=TN servingRsrp=-101.874 targetRsrp=-91.4442 targetLoadReal=11/20 targetLoadEff=11/20
UE 25 TTT_WAIT target=1 elapsed=0s need=2s
LM HO_FAIL_LOW_RSRP UE=26 currCell=1 candCell=2 candRsrp=-117.44 < min=-110
UE 28 TTT_WAIT target=7 elapsed=0s need=2s
UE 29 TTT_WAIT target=2 elapsed=0s need=2s
LM HO_FAIL_LOW_RSRP UE=34 currCell=4 candCell=2 candRsrp=-125.317 < min=-110
UE 35 TTT_WAIT target=3 elapsed=0s need=2s
UE 37 TTT_WAIT target=2 elapsed=0s need=2s
LM HO_FAIL_LOW_RSRP UE=38 currCell=3 candCell=5 candRsrp=-129.383 < min=-110
UE 39 TTT_WAIT target=6 elapsed=0s need=2s
LM HO_FAIL_LOW_RSRP UE=41 currCell=2 candCell=7 candRsrp=-136.681 < min=-110
LM HO_FAIL_LOW_RSRP UE=43 currCell=2 candCell=3 candRsrp=-110.462 < min=-110
LM HO_FAIL_LOW_RSRP UE=46 currCell=4 candCell=6 candRsrp=-120.761 < min=-110
UE 47 TTT_WAIT target=3 elapsed=0s need=2s
LM HO_FAIL_LOW_RSRP UE=48 currCell=2 candCell=6 candRsrp=-132.04 < min=-110
LM HO_FAIL_LOW_RSRP UE=49 currCell=4 candCell=2 candRsrp=-114.707 < min=-110
UE 52 TTT_WAIT target=2 elapsed=0s need=2s
UE 57 TTT_WAIT target=3 elapsed=0s need=2s
UE 61 TTT_WAIT target=4 elapsed=0s need=2s
LM HO_FAIL_LOW_RSRP UE=62 currCell=1 candCell=3 candRsrp=-122.368 < min=-110
UE 64 TTT_WAIT target=2 elapsed=0s need=2s
UE 69 TTT_WAIT target=1 elapsed=0s need=2s
LM HO_FAIL_LOW_RSRP UE=70 currCell=4 candCell=3 candRsrp=-111.838 < min=-110
UE 72 TTT_WAIT target=3 elapsed=0s need=2s
UE 74 TTT_WAIT target=2 elapsed=0s need=2s
LM HO_FAIL_LOW_RSRP UE=75 currCell=2 candCell=6 candRsrp=-116.579 < min=-110
LM HO UE=76 rnti=95 1->3 type=TN servingRsrp=-106.948 targetRsrp=-103.298 targetLoadReal=11/20 targetLoadEff=12/20
LM HO UE=77 rnti=71 4->7 type=NTN servingRsrp=-112.5 targetRsrp=-97.2789 targetLoadReal=13/15 targetLoadEff=13/15
UE 78 TTT_WAIT target=2 elapsed=0s need=2s
LM HO_FAIL_LOW_RSRP UE=79 currCell=4 candCell=2 candRsrp=-122.326 < min=-110
LM HO UE=80 rnti=140 1->3 type=TN servingRsrp=-106.44 targetRsrp=-83.0767 targetLoadReal=11/20 targetLoadEff=13/20
UE 82 TTT_WAIT target=2 elapsed=0s need=2s
UE 83 TTT_WAIT target=3 elapsed=0s need=2s
UE 84 TTT_WAIT target=2 elapsed=0s need=2s
UE 85 TTT_WAIT target=1 elapsed=0s need=2s
UE 87 TTT_WAIT target=3 elapsed=0s need=2s
LM HO_FAIL_LOW_RSRP UE=112 currCell=1 candCell=4 candRsrp=-127.529 < min=-110
TRACE HO_SUCCESS Time=152.615 IMSI=75 TargetCell=3 Type=TN TargetRSRP=-107.576 ServingRSRP=-105.514 BackhaulDlSnr=-999 BackhaulUlSnr=-999
TRACE HO_SUCCESS Time=152.615 IMSI=23 TargetCell=3 Type=TN TargetRSRP=-109.796 ServingRSRP=-70.8126 BackhaulDlSnr=-999 BackhaulUlSnr=-999
TRACE HO_SUCCESS Time=152.615 IMSI=79 TargetCell=3 Type=TN TargetRSRP=-112.703 ServingRSRP=-105.413 BackhaulDlSnr=-999 BackhaulUlSnr=-999
TRACE HO_SUCCESS Time=152.615 IMSI=76 TargetCell=7 Type=NTN TargetRSRP=-130.935 ServingRSRP=-78.9559 BackhaulDlSnr=8.57259 BackhaulUlSnr=4.05199
UAV_AUTONOMY_XAPP Time=154.5 DeploymentMode=tn-uav-satellite UavIndex=0 UavCellId=5 BestDonorCellId=1 BestDonorDistanceM=4924.93 XhaulConnected=1 XhaulChannelVariationDb=-1.55618 RawXhaulState=UNREACHABLE RawXhaulStateAgeSec=150 XhaulState=UNREACHABLE DonorUnavailableActive=0 SatBackhaulHealthy=1 UavSwitchingXappAvailable=1 UavSwitchingXappState=AI_ACTIVE AiPredictedBackhaulMode=SATELLITE_FALLBACK BackhaulMode=SATELLITE_FALLBACK RicControlState=NEAR_RT_RIC_SWITCHING_TO_SATELLITE_BACKHAUL ActiveUavRic=TN_NEAR_RT_RIC NormalUeHandoverAllowed=1 UavMode=NEAR_RT_RIC_EMERGENCY_SWITCHING_WITH_SATELLITE_BACKHAUL
UAV_AUTONOMY_XAPP Time=154.5 DeploymentMode=tn-uav-satellite UavIndex=1 UavCellId=6 BestDonorCellId=4 BestDonorDistanceM=3952.07 XhaulConnected=1 XhaulChannelVariationDb=1.45112 RawXhaulState=UNREACHABLE RawXhaulStateAgeSec=124 XhaulState=UNREACHABLE DonorUnavailableActive=0 SatBackhaulHealthy=1 UavSwitchingXappAvailable=1 UavSwitchingXappState=AI_ACTIVE AiPredictedBackhaulMode=SATELLITE_FALLBACK BackhaulMode=SATELLITE_FALLBACK RicControlState=NEAR_RT_RIC_SWITCHING_TO_SATELLITE_BACKHAUL ActiveUavRic=TN_NEAR_RT_RIC NormalUeHandoverAllowed=1 UavMode=NEAR_RT_RIC_EMERGENCY_SWITCHING_WITH_SATELLITE_BACKHAUL
UAV_AUTONOMY_XAPP Time=154.5 DeploymentMode=tn-uav-satellite UavIndex=2 UavCellId=7 BestDonorCellId=4 BestDonorDistanceM=3445.25 XhaulConnected=1 XhaulChannelVariationDb=-1.07289 RawXhaulState=UNREACHABLE RawXhaulStateAgeSec=134 XhaulState=UNREACHABLE DonorUnavailableActive=0 SatBackhaulHealthy=1 UavSwitchingXappAvailable=1 UavSwitchingXappState=AI_ACTIVE AiPredictedBackhaulMode=SATELLITE_FALLBACK BackhaulMode=SATELLITE_FALLBACK RicControlState=NEAR_RT_RIC_SWITCHING_TO_SATELLITE_BACKHAUL ActiveUavRic=TN_NEAR_RT_RIC NormalUeHandoverAllowed=1 UavMode=NEAR_RT_RIC_EMERGENCY_SWITCHING_WITH_SATELLITE_BACKHAUL
---- LOAD at t=154.5 ----
  cell 1 (TN) load=11/20
  cell 2 (TN) load=19/20
  cell 3 (TN) load=14/20
  cell 4 (TN) load=16/20
  cell 5 (NTN) load=12/15
  cell 6 (NTN) load=14/15
  cell 7 (NTN) load=14/15
UE 9 TTT_WAIT target=6 elapsed=0s need=2s
LM HO UE=11 rnti=119 2->3 type=TN servingRsrp=-124.687 targetRsrp=-103.324 targetLoadReal=14/20 targetLoadEff=14/20
LM HO UE=13 rnti=105 2->3 type=TN servingRsrp=-106.008 targetRsrp=-76.5095 targetLoadReal=14/20 targetLoadEff=15/20
UE 15 TTT_WAIT target=2 elapsed=0s need=2s
LM HO_FAIL_LOW_RSRP UE=17 currCell=4 candCell=1 candRsrp=-110.72 < min=-110
LM HO_FAIL_LOW_RSRP UE=21 currCell=3 candCell=2 candRsrp=-118.507 < min=-110
LM HO_FAIL_LOW_RSRP UE=23 currCell=1 candCell=7 candRsrp=-141.766 < min=-110
UE 24 TTT_WAIT target=1 elapsed=0s need=2s
UE 25 TTT_WAIT target=2 elapsed=0s need=2s
UE 28 TTT_WAIT target=3 elapsed=0s need=2s
UE 32 TTT_WAIT target=2 elapsed=0s need=2s
UE 34 TTT_WAIT target=1 elapsed=0s need=2s
LM HO_FAIL_LOW_RSRP UE=35 currCell=1 candCell=2 candRsrp=-124.822 < min=-110
LM HO_FAIL_LOW_RSRP UE=37 currCell=4 candCell=6 candRsrp=-115.798 < min=-110
UE 38 TTT_WAIT target=5 elapsed=0s need=2s
LM HO_FAIL_LOW_RSRP UE=39 currCell=2 candCell=3 candRsrp=-116.067 < min=-110
LM HO_FAIL_LOW_RSRP UE=41 currCell=2 candCell=6 candRsrp=-120.557 < min=-110
UE 42 TTT_WAIT target=3 elapsed=0s need=2s
LM HO_FAIL_LOW_RSRP UE=43 currCell=2 candCell=3 candRsrp=-113.297 < min=-110
UE 45 TTT_WAIT target=3 elapsed=0s need=2s
UE 46 TTT_WAIT target=6 elapsed=0s need=2s
LM HO_FAIL_LOW_RSRP UE=48 currCell=2 candCell=7 candRsrp=-115.04 < min=-110
UE 49 TTT_WAIT target=2 elapsed=0s need=2s
UE 56 TTT_WAIT target=1 elapsed=0s need=2s
LM HO_FAIL_LOW_RSRP UE=57 currCell=1 candCell=3 candRsrp=-124.769 < min=-110
LM HO_FAIL_LOW_RSRP UE=58 currCell=3 candCell=6 candRsrp=-124.053 < min=-110
UE 60 TTT_WAIT target=2 elapsed=0s need=2s
LM HO_FAIL_LOW_RSRP UE=62 currCell=1 candCell=4 candRsrp=-114.558 < min=-110
LM HO UE=64 rnti=112 4->2 type=TN servingRsrp=-119.554 targetRsrp=-101.032 targetLoadReal=19/20 targetLoadEff=19/20
LM HO_FAIL_LOW_RSRP UE=67 currCell=3 candCell=6 candRsrp=-120.789 < min=-110
LM HO_FAIL_LOW_RSRP UE=69 currCell=4 candCell=7 candRsrp=-131.318 < min=-110
LM HO_FAIL_LOW_RSRP UE=75 currCell=2 candCell=3 candRsrp=-116.094 < min=-110
UE 76 TTT_WAIT target=1 elapsed=0s need=2s
LM HO_FAIL_LOW_RSRP UE=79 currCell=4 candCell=6 candRsrp=-132.951 < min=-110
UE 82 TTT_WAIT target=3 elapsed=0s need=2s
LM HO_FAIL_LOW_RSRP UE=83 currCell=1 candCell=3 candRsrp=-120.967 < min=-110
LM HO_FAIL_LOW_RSRP UE=84 currCell=4 candCell=7 candRsrp=-116.126 < min=-110
UE 86 TTT_WAIT target=3 elapsed=0s need=2s
UE 112 TTT_WAIT target=5 elapsed=0s need=2s
TRACE HO_SUCCESS Time=154.615 IMSI=63 TargetCell=2 Type=TN TargetRSRP=-128.117 ServingRSRP=-115.412 BackhaulDlSnr=-999 BackhaulUlSnr=-999
TRACE HO_SUCCESS Time=154.615 IMSI=12 TargetCell=3 Type=TN TargetRSRP=-78.9755 ServingRSRP=-74.8602 BackhaulDlSnr=-999 BackhaulUlSnr=-999
TRACE HO_SUCCESS Time=154.615 IMSI=10 TargetCell=3 Type=TN TargetRSRP=-139.119 ServingRSRP=-75.9051 BackhaulDlSnr=-999 BackhaulUlSnr=-999
UAV_AUTONOMY_XAPP Time=156.5 DeploymentMode=tn-uav-satellite UavIndex=0 UavCellId=5 BestDonorCellId=1 BestDonorDistanceM=4962.55 XhaulConnected=1 XhaulChannelVariationDb=1.5861 RawXhaulState=UNREACHABLE RawXhaulStateAgeSec=152 XhaulState=UNREACHABLE DonorUnavailableActive=0 SatBackhaulHealthy=1 UavSwitchingXappAvailable=1 UavSwitchingXappState=AI_ACTIVE AiPredictedBackhaulMode=SATELLITE_FALLBACK BackhaulMode=SATELLITE_FALLBACK RicControlState=NEAR_RT_RIC_SWITCHING_TO_SATELLITE_BACKHAUL ActiveUavRic=TN_NEAR_RT_RIC NormalUeHandoverAllowed=1 UavMode=NEAR_RT_RIC_EMERGENCY_SWITCHING_WITH_SATELLITE_BACKHAUL
UAV_AUTONOMY_XAPP Time=156.5 DeploymentMode=tn-uav-satellite UavIndex=1 UavCellId=6 BestDonorCellId=4 BestDonorDistanceM=3910.64 XhaulConnected=1 XhaulChannelVariationDb=-3.01402 RawXhaulState=UNREACHABLE RawXhaulStateAgeSec=126 XhaulState=UNREACHABLE DonorUnavailableActive=0 SatBackhaulHealthy=1 UavSwitchingXappAvailable=1 UavSwitchingXappState=AI_ACTIVE AiPredictedBackhaulMode=SATELLITE_FALLBACK BackhaulMode=SATELLITE_FALLBACK RicControlState=NEAR_RT_RIC_SWITCHING_TO_SATELLITE_BACKHAUL ActiveUavRic=TN_NEAR_RT_RIC NormalUeHandoverAllowed=1 UavMode=NEAR_RT_RIC_EMERGENCY_SWITCHING_WITH_SATELLITE_BACKHAUL
UAV_AUTONOMY_XAPP Time=156.5 DeploymentMode=tn-uav-satellite UavIndex=2 UavCellId=7 BestDonorCellId=4 BestDonorDistanceM=3399.58 XhaulConnected=1 XhaulChannelVariationDb=-2.13262 RawXhaulState=UNREACHABLE RawXhaulStateAgeSec=136 XhaulState=UNREACHABLE DonorUnavailableActive=0 SatBackhaulHealthy=1 UavSwitchingXappAvailable=1 UavSwitchingXappState=AI_ACTIVE AiPredictedBackhaulMode=SATELLITE_FALLBACK BackhaulMode=SATELLITE_FALLBACK RicControlState=NEAR_RT_RIC_SWITCHING_TO_SATELLITE_BACKHAUL ActiveUavRic=TN_NEAR_RT_RIC NormalUeHandoverAllowed=1 UavMode=NEAR_RT_RIC_EMERGENCY_SWITCHING_WITH_SATELLITE_BACKHAUL
---- LOAD at t=156.5 ----
  cell 1 (TN) load=11/20
  cell 2 (TN) load=18/20
  cell 3 (TN) load=16/20
  cell 4 (TN) load=15/20
  cell 5 (NTN) load=12/15
  cell 6 (NTN) load=14/15
  cell 7 (NTN) load=14/15
LM HO_FAIL_LOW_RSRP UE=9 currCell=2 candCell=6 candRsrp=-140.534 < min=-110
UE 11 TTT_WAIT target=2 elapsed=0s need=2s
UE 14 TTT_WAIT target=5 elapsed=0s need=2s
LM HO_FAIL_LOW_RSRP UE=15 currCell=3 candCell=7 candRsrp=-121.934 < min=-110
UE 17 TTT_WAIT target=2 elapsed=0s need=2s
UE 18 TTT_WAIT target=3 elapsed=0s need=2s
UE 20 TTT_WAIT target=1 elapsed=0s need=2s
LM HO_FAIL_LOW_RSRP UE=21 currCell=3 candCell=4 candRsrp=-115.33 < min=-110
UE 24 TTT_WAIT target=4 elapsed=0s need=2s
UE 26 TTT_WAIT target=3 elapsed=0s need=2s
UE 28 TTT_WAIT target=1 elapsed=0s need=2s
UE 32 TTT_WAIT target=6 elapsed=0s need=2s
LM HO_FAIL_LOW_RSRP UE=34 currCell=4 candCell=1 candRsrp=-119.882 < min=-110
UE 35 TTT_WAIT target=3 elapsed=0s need=2s
UE 37 TTT_WAIT target=2 elapsed=0s need=2s
UE 38 TTT_WAIT target=1 elapsed=0s need=2s
LM HO_FAIL_LOW_RSRP UE=39 currCell=2 candCell=5 candRsrp=-130.099 < min=-110
UE 41 TTT_WAIT target=6 elapsed=0s need=2s
LM HO_FAIL_LOW_RSRP UE=42 currCell=2 candCell=6 candRsrp=-124.654 < min=-110
UE 45 TTT_WAIT target=1 elapsed=0s need=2s
LM HO_FAIL_LOW_RSRP UE=46 currCell=4 candCell=6 candRsrp=-127.507 < min=-110
UE 47 TTT_WAIT target=1 elapsed=0s need=2s
UE 52 TTT_WAIT target=2 elapsed=0s need=2s
UE 54 TTT_WAIT target=3 elapsed=0s need=2s
UE 57 TTT_WAIT target=3 elapsed=0s need=2s
UE 58 TTT_WAIT target=1 elapsed=0s need=2s
UE 60 TTT_WAIT target=4 elapsed=0s need=2s
UE 61 TTT_WAIT target=4 elapsed=0s need=2s
LM HO_FAIL_LOW_RSRP UE=62 currCell=1 candCell=2 candRsrp=-113.678 < min=-110
LM HO_FAIL_LOW_RSRP UE=64 currCell=2 candCell=4 candRsrp=-117.215 < min=-110
UE 66 TTT_WAIT target=3 elapsed=0s need=2s
LM HO_FAIL_LOW_RSRP UE=67 currCell=3 candCell=5 candRsrp=-125.226 < min=-110
UE 69 TTT_WAIT target=6 elapsed=0s need=2s
UE 74 TTT_WAIT target=1 elapsed=0s need=2s
LM HO_FAIL_LOW_RSRP UE=75 currCell=2 candCell=3 candRsrp=-111.549 < min=-110
LM HO UE=76 rnti=123 3->1 type=TN servingRsrp=-102.868 targetRsrp=-94.4408 targetLoadReal=11/20 targetLoadEff=11/20
UE 77 TTT_WAIT target=4 elapsed=0s need=2s
LM HO_FAIL_LOW_RSRP UE=79 currCell=4 candCell=6 candRsrp=-124.884 < min=-110
UE 80 TTT_WAIT target=1 elapsed=0s need=2s
UE 82 TTT_WAIT target=2 elapsed=0s need=2s
UE 83 TTT_WAIT target=3 elapsed=0s need=2s
UE 84 TTT_WAIT target=3 elapsed=0s need=2s
LM HO_FAIL_LOW_RSRP UE=85 currCell=4 candCell=6 candRsrp=-128.443 < min=-110
LM HO_FAIL_LOW_RSRP UE=86 currCell=2 candCell=7 candRsrp=-116.703 < min=-110
UE 87 TTT_WAIT target=3 elapsed=0s need=2s
LM HO_FAIL_LOW_RSRP UE=112 currCell=1 candCell=2 candRsrp=-122.496 < min=-110
LM HO_FAIL_LOW_RSRP UE=114 currCell=7 candCell=6 candRsrp=-120.651 < min=-110
TRACE HO_SUCCESS Time=156.615 IMSI=75 TargetCell=1 Type=TN TargetRSRP=-103.278 ServingRSRP=-108.171 BackhaulDlSnr=-999 BackhaulUlSnr=-999
UAV_AUTONOMY_XAPP Time=158.5 DeploymentMode=tn-uav-satellite UavIndex=0 UavCellId=5 BestDonorCellId=1 BestDonorDistanceM=4991.99 XhaulConnected=1 XhaulChannelVariationDb=-1.00395 RawXhaulState=UNREACHABLE RawXhaulStateAgeSec=154 XhaulState=UNREACHABLE DonorUnavailableActive=0 SatBackhaulHealthy=1 UavSwitchingXappAvailable=1 UavSwitchingXappState=AI_ACTIVE AiPredictedBackhaulMode=SATELLITE_FALLBACK BackhaulMode=SATELLITE_FALLBACK RicControlState=NEAR_RT_RIC_SWITCHING_TO_SATELLITE_BACKHAUL ActiveUavRic=TN_NEAR_RT_RIC NormalUeHandoverAllowed=1 UavMode=NEAR_RT_RIC_EMERGENCY_SWITCHING_WITH_SATELLITE_BACKHAUL
UAV_AUTONOMY_XAPP Time=158.5 DeploymentMode=tn-uav-satellite UavIndex=1 UavCellId=6 BestDonorCellId=4 BestDonorDistanceM=3912.42 XhaulConnected=1 XhaulChannelVariationDb=5.82729 RawXhaulState=UNREACHABLE RawXhaulStateAgeSec=128 XhaulState=UNREACHABLE DonorUnavailableActive=0 SatBackhaulHealthy=1 UavSwitchingXappAvailable=1 UavSwitchingXappState=AI_ACTIVE AiPredictedBackhaulMode=SATELLITE_FALLBACK BackhaulMode=SATELLITE_FALLBACK RicControlState=NEAR_RT_RIC_SWITCHING_TO_SATELLITE_BACKHAUL ActiveUavRic=TN_NEAR_RT_RIC NormalUeHandoverAllowed=1 UavMode=NEAR_RT_RIC_EMERGENCY_SWITCHING_WITH_SATELLITE_BACKHAUL
UAV_AUTONOMY_XAPP Time=158.5 DeploymentMode=tn-uav-satellite UavIndex=2 UavCellId=7 BestDonorCellId=4 BestDonorDistanceM=3392.09 XhaulConnected=1 XhaulChannelVariationDb=-0.181284 RawXhaulState=UNREACHABLE RawXhaulStateAgeSec=138 XhaulState=UNREACHABLE DonorUnavailableActive=0 SatBackhaulHealthy=1 UavSwitchingXappAvailable=1 UavSwitchingXappState=AI_ACTIVE AiPredictedBackhaulMode=SATELLITE_FALLBACK BackhaulMode=SATELLITE_FALLBACK RicControlState=NEAR_RT_RIC_SWITCHING_TO_SATELLITE_BACKHAUL ActiveUavRic=TN_NEAR_RT_RIC NormalUeHandoverAllowed=1 UavMode=NEAR_RT_RIC_EMERGENCY_SWITCHING_WITH_SATELLITE_BACKHAUL
---- LOAD at t=158.5 ----
  cell 1 (TN) load=12/20
  cell 2 (TN) load=18/20
  cell 3 (TN) load=15/20
  cell 4 (TN) load=15/20
  cell 5 (NTN) load=12/15
  cell 6 (NTN) load=14/15
  cell 7 (NTN) load=14/15
UE 9 TTT_WAIT target=5 elapsed=0s need=2s
UE 10 TTT_WAIT target=1 elapsed=0s need=2s
LM HO UE=11 rnti=125 3->2 type=TN servingRsrp=-133.358 targetRsrp=-92.8831 targetLoadReal=18/20 targetLoadEff=18/20
LM HO_FAIL_LOW_RSRP UE=13 currCell=3 candCell=2 candRsrp=-111.691 < min=-110
LM HO_FAIL_LOW_RSRP UE=14 currCell=1 candCell=4 candRsrp=-110.189 < min=-110
LM HO_FAIL_LOW_RSRP UE=17 currCell=4 candCell=2 candRsrp=-126.401 < min=-110
UE 18 TTT_WAIT target=1 elapsed=0s need=2s
UE 21 TTT_WAIT target=4 elapsed=0s need=2s
UE 24 TTT_WAIT target=2 elapsed=0s need=2s
LM HO_FAIL_LOW_RSRP UE=25 currCell=6 candCell=5 candRsrp=-119.874 < min=-110
LM HO UE=26 rnti=131 1->3 type=TN servingRsrp=-125.342 targetRsrp=-103.194 targetLoadReal=15/20 targetLoadEff=15/20
LM HO_FAIL_LOW_RSRP UE=32 currCell=4 candCell=7 candRsrp=-123.328 < min=-110
LM HO_FAIL_LOW_RSRP UE=37 currCell=4 candCell=2 candRsrp=-118.174 < min=-110
LM HO_FAIL_LOW_RSRP UE=39 currCell=2 candCell=6 candRsrp=-131.547 < min=-110
LM HO_FAIL_LOW_RSRP UE=41 currCell=2 candCell=5 candRsrp=-120.387 < min=-110
UE 42 TTT_WAIT target=6 elapsed=0s need=2s
UE 43 TTT_WAIT target=3 elapsed=0s need=2s
LM HO_FAIL_LOW_RSRP UE=48 currCell=2 candCell=1 candRsrp=-124.814 < min=-110
LM HO_FAIL_LOW_RSRP UE=54 currCell=2 candCell=7 candRsrp=-137.222 < min=-110
LM HO_FAIL_LOW_RSRP UE=57 currCell=1 candCell=5 candRsrp=-132.391 < min=-110
UE 58 TTT_WAIT target=6 elapsed=0s need=2s
LM HO_FAIL_LOW_RSRP UE=60 currCell=3 candCell=2 candRsrp=-110.713 < min=-110
UE 61 TTT_WAIT target=6 elapsed=0s need=2s
LM HO_FAIL_LOW_RSRP UE=62 currCell=1 candCell=3 candRsrp=-114.093 < min=-110
LM HO_FAIL_LOW_RSRP UE=64 currCell=2 candCell=4 candRsrp=-122.972 < min=-110
LM HO_FAIL_LOW_RSRP UE=67 currCell=3 candCell=2 candRsrp=-122.492 < min=-110
UE 70 TTT_WAIT target=2 elapsed=0s need=2s
LM HO UE=74 rnti=121 3->1 type=TN servingRsrp=-119.803 targetRsrp=-92.1617 targetLoadReal=12/20 targetLoadEff=12/20
UE 75 TTT_WAIT target=3 elapsed=0s need=2s
UE 76 TTT_WAIT target=2 elapsed=0s need=2s
LM HO UE=77 rnti=154 7->4 type=TN servingRsrp=-108.557 targetRsrp=-101.369 targetLoadReal=15/20 targetLoadEff=15/20
UE 78 TTT_WAIT target=2 elapsed=0s need=2s
LM HO UE=82 rnti=35 4->2 type=TN servingRsrp=-129.926 targetRsrp=-106.442 targetLoadReal=18/20 targetLoadEff=19/20
UE 84 TTT_WAIT target=1 elapsed=0s need=2s
UE 85 TTT_WAIT target=6 elapsed=0s need=2s
LM HO_FAIL_LOW_RSRP UE=112 currCell=1 candCell=4 candRsrp=-153.72 < min=-110
TRACE HO_SUCCESS Time=158.615 IMSI=73 TargetCell=1 Type=TN TargetRSRP=-85.4121 ServingRSRP=-99.1591 BackhaulDlSnr=-999 BackhaulUlSnr=-999
TRACE HO_SUCCESS Time=158.615 IMSI=10 TargetCell=2 Type=TN TargetRSRP=-108.832 ServingRSRP=-84.6425 BackhaulDlSnr=-999 BackhaulUlSnr=-999
TRACE HO_SUCCESS Time=158.615 IMSI=81 TargetCell=2 Type=TN TargetRSRP=-123.519 ServingRSRP=-132.489 BackhaulDlSnr=-999 BackhaulUlSnr=-999
TRACE HO_SUCCESS Time=158.615 IMSI=25 TargetCell=3 Type=TN TargetRSRP=-112.235 ServingRSRP=-92.2716 BackhaulDlSnr=-999 BackhaulUlSnr=-999
TRACE HO_SUCCESS Time=158.615 IMSI=76 TargetCell=4 Type=TN TargetRSRP=-118.752 ServingRSRP=-95.1045 BackhaulDlSnr=-999 BackhaulUlSnr=-999
UAV_AUTONOMY_XAPP Time=160.5 DeploymentMode=tn-uav-satellite UavIndex=0 UavCellId=5 BestDonorCellId=1 BestDonorDistanceM=4945.95 XhaulConnected=1 XhaulChannelVariationDb=2.39579 RawXhaulState=UNREACHABLE RawXhaulStateAgeSec=156 XhaulState=UNREACHABLE DonorUnavailableActive=0 SatBackhaulHealthy=1 UavSwitchingXappAvailable=1 UavSwitchingXappState=AI_ACTIVE AiPredictedBackhaulMode=SATELLITE_FALLBACK BackhaulMode=SATELLITE_FALLBACK RicControlState=NEAR_RT_RIC_SWITCHING_TO_SATELLITE_BACKHAUL ActiveUavRic=TN_NEAR_RT_RIC NormalUeHandoverAllowed=1 UavMode=NEAR_RT_RIC_EMERGENCY_SWITCHING_WITH_SATELLITE_BACKHAUL
UAV_AUTONOMY_XAPP Time=160.5 DeploymentMode=tn-uav-satellite UavIndex=1 UavCellId=6 BestDonorCellId=4 BestDonorDistanceM=3897.54 XhaulConnected=1 XhaulChannelVariationDb=-5.0136 RawXhaulState=UNREACHABLE RawXhaulStateAgeSec=130 XhaulState=UNREACHABLE DonorUnavailableActive=0 SatBackhaulHealthy=1 UavSwitchingXappAvailable=1 UavSwitchingXappState=AI_ACTIVE AiPredictedBackhaulMode=SATELLITE_FALLBACK BackhaulMode=SATELLITE_FALLBACK RicControlState=NEAR_RT_RIC_SWITCHING_TO_SATELLITE_BACKHAUL ActiveUavRic=TN_NEAR_RT_RIC NormalUeHandoverAllowed=1 UavMode=NEAR_RT_RIC_EMERGENCY_SWITCHING_WITH_SATELLITE_BACKHAUL
UAV_AUTONOMY_XAPP Time=160.5 DeploymentMode=tn-uav-satellite UavIndex=2 UavCellId=7 BestDonorCellId=4 BestDonorDistanceM=3423.44 XhaulConnected=1 XhaulChannelVariationDb=-8.3249 RawXhaulState=UNREACHABLE RawXhaulStateAgeSec=140 XhaulState=UNREACHABLE DonorUnavailableActive=0 SatBackhaulHealthy=1 UavSwitchingXappAvailable=1 UavSwitchingXappState=AI_ACTIVE AiPredictedBackhaulMode=SATELLITE_FALLBACK BackhaulMode=SATELLITE_FALLBACK RicControlState=NEAR_RT_RIC_SWITCHING_TO_SATELLITE_BACKHAUL ActiveUavRic=TN_NEAR_RT_RIC NormalUeHandoverAllowed=1 UavMode=NEAR_RT_RIC_EMERGENCY_SWITCHING_WITH_SATELLITE_BACKHAUL
---- LOAD at t=160.5 ----
  cell 1 (TN) load=13/20
  cell 2 (TN) load=20/20
  cell 3 (TN) load=14/20
  cell 4 (TN) load=15/20
  cell 5 (NTN) load=12/15
  cell 6 (NTN) load=14/15
  cell 7 (NTN) load=13/15
LM HO_FAIL_LOW_RSRP UE=9 currCell=2 candCell=4 candRsrp=-117.643 < min=-110
LM HO_FAIL_LOW_RSRP UE=11 currCell=2 candCell=1 candRsrp=-119.374 < min=-110
UE 13 TTT_WAIT target=1 elapsed=0s need=2s
UE 14 TTT_WAIT target=3 elapsed=0s need=2s
UE 16 TTT_WAIT target=1 elapsed=0s need=2s
UE 17 TTT_WAIT target=6 elapsed=0s need=2s
LM HO UE=21 rnti=111 3->4 type=TN servingRsrp=-117.311 targetRsrp=-76.2199 targetLoadReal=15/20 targetLoadEff=15/20
LM HO_FAIL_LOW_RSRP UE=23 currCell=1 candCell=5 candRsrp=-129.952 < min=-110
LM HO_FAIL_LOW_RSRP UE=25 currCell=6 candCell=5 candRsrp=-116.067 < min=-110
LM HO_FAIL_LOW_RSRP UE=26 currCell=3 candCell=5 candRsrp=-125.616 < min=-110
UE 28 TTT_WAIT target=3 elapsed=0s need=2s
UE 29 TTT_WAIT target=3 elapsed=0s need=2s
UE 35 TTT_WAIT target=3 elapsed=0s need=2s
LM HO_FAIL_LOW_RSRP UE=37 currCell=4 candCell=6 candRsrp=-125.502 < min=-110
UE 39 TTT_WAIT target=3 elapsed=0s need=2s
LM HO_FAIL_LOW_RSRP UE=41 currCell=2 candCell=3 candRsrp=-112.333 < min=-110
LM HO UE=42 rnti=106 2->6 type=NTN servingRsrp=-126.022 targetRsrp=-95.4098 targetLoadReal=14/15 targetLoadEff=14/15
LM HO UE=43 rnti=118 2->3 type=TN servingRsrp=-119.168 targetRsrp=-108.88 targetLoadReal=14/20 targetLoadEff=14/20
UE 46 TTT_WAIT target=1 elapsed=0s need=2s
LM HO_FAIL_LOW_RSRP UE=48 currCell=2 candCell=1 candRsrp=-110.1 < min=-110
UE 49 TTT_WAIT target=1 elapsed=0s need=2s
LM HO_FAIL_LOW_RSRP UE=52 currCell=1 candCell=5 candRsrp=-139.172 < min=-110
LM HO_FAIL_LOW_RSRP UE=57 currCell=1 candCell=5 candRsrp=-111.961 < min=-110
UE 58 TTT_WAIT target=1 elapsed=0s need=2s
UE 61 TTT_WAIT target=4 elapsed=0s need=2s
UE 69 TTT_WAIT target=1 elapsed=0s need=2s
LM HO_FAIL_LOW_RSRP UE=70 currCell=4 candCell=5 candRsrp=-121.237 < min=-110
UE 73 TTT_WAIT target=7 elapsed=0s need=2s
LM HO_FAIL_LOW_RSRP UE=74 currCell=1 candCell=7 candRsrp=-135.789 < min=-110
LM HO_FAIL_LOW_RSRP UE=75 currCell=2 candCell=3 candRsrp=-110.462 < min=-110
LM HO_FAIL_LOW_RSRP UE=78 currCell=1 candCell=5 candRsrp=-117.718 < min=-110
LM HO_FAIL_LOW_RSRP UE=79 currCell=4 candCell=1 candRsrp=-119.771 < min=-110
UE 80 TTT_WAIT target=1 elapsed=0s need=2s
UE 82 TTT_WAIT target=3 elapsed=0s need=2s
LM HO_FAIL_LOW_RSRP UE=83 currCell=1 candCell=3 candRsrp=-124.263 < min=-110
LM HO_FAIL_LOW_RSRP UE=84 currCell=4 candCell=3 candRsrp=-117.724 < min=-110
UE 86 TTT_WAIT target=3 elapsed=0s need=2s
UE 87 TTT_WAIT target=1 elapsed=0s need=2s
LM HO_FAIL_LOW_RSRP UE=95 currCell=6 candCell=5 candRsrp=-111.007 < min=-110
LM HO_FAIL_LOW_RSRP UE=112 currCell=1 candCell=4 candRsrp=-158.443 < min=-110
TRACE HO_SUCCESS Time=160.615 IMSI=42 TargetCell=3 Type=TN TargetRSRP=-112.673 ServingRSRP=-109.954 BackhaulDlSnr=-999 BackhaulUlSnr=-999
TRACE HO_SUCCESS Time=160.615 IMSI=20 TargetCell=4 Type=TN TargetRSRP=-118.979 ServingRSRP=-112.205 BackhaulDlSnr=-999 BackhaulUlSnr=-999
TRACE HO_SUCCESS Time=160.615 IMSI=41 TargetCell=6 Type=NTN TargetRSRP=-128.976 ServingRSRP=-111.108 BackhaulDlSnr=11.8764 BackhaulUlSnr=7.35583
UAV_AUTONOMY_XAPP Time=162.5 DeploymentMode=tn-uav-satellite UavIndex=0 UavCellId=5 BestDonorCellId=1 BestDonorDistanceM=4909.1 XhaulConnected=1 XhaulChannelVariationDb=-2.54687 RawXhaulState=UNREACHABLE RawXhaulStateAgeSec=158 XhaulState=UNREACHABLE DonorUnavailableActive=0 SatBackhaulHealthy=1 UavSwitchingXappAvailable=1 UavSwitchingXappState=AI_ACTIVE AiPredictedBackhaulMode=SATELLITE_FALLBACK BackhaulMode=SATELLITE_FALLBACK RicControlState=NEAR_RT_RIC_SWITCHING_TO_SATELLITE_BACKHAUL ActiveUavRic=TN_NEAR_RT_RIC NormalUeHandoverAllowed=1 UavMode=NEAR_RT_RIC_EMERGENCY_SWITCHING_WITH_SATELLITE_BACKHAUL
UAV_AUTONOMY_XAPP Time=162.5 DeploymentMode=tn-uav-satellite UavIndex=1 UavCellId=6 BestDonorCellId=4 BestDonorDistanceM=3899.96 XhaulConnected=1 XhaulChannelVariationDb=-7.67666 RawXhaulState=UNREACHABLE RawXhaulStateAgeSec=132 XhaulState=UNREACHABLE DonorUnavailableActive=0 SatBackhaulHealthy=1 UavSwitchingXappAvailable=1 UavSwitchingXappState=AI_ACTIVE AiPredictedBackhaulMode=SATELLITE_FALLBACK BackhaulMode=SATELLITE_FALLBACK RicControlState=NEAR_RT_RIC_SWITCHING_TO_SATELLITE_BACKHAUL ActiveUavRic=TN_NEAR_RT_RIC NormalUeHandoverAllowed=1 UavMode=NEAR_RT_RIC_EMERGENCY_SWITCHING_WITH_SATELLITE_BACKHAUL
UAV_AUTONOMY_XAPP Time=162.5 DeploymentMode=tn-uav-satellite UavIndex=2 UavCellId=7 BestDonorCellId=4 BestDonorDistanceM=3449.86 XhaulConnected=1 XhaulChannelVariationDb=-3.03374 RawXhaulState=UNREACHABLE RawXhaulStateAgeSec=142 XhaulState=UNREACHABLE DonorUnavailableActive=0 SatBackhaulHealthy=1 UavSwitchingXappAvailable=1 UavSwitchingXappState=AI_ACTIVE AiPredictedBackhaulMode=SATELLITE_FALLBACK BackhaulMode=SATELLITE_FALLBACK RicControlState=NEAR_RT_RIC_SWITCHING_TO_SATELLITE_BACKHAUL ActiveUavRic=TN_NEAR_RT_RIC NormalUeHandoverAllowed=1 UavMode=NEAR_RT_RIC_EMERGENCY_SWITCHING_WITH_SATELLITE_BACKHAUL
---- LOAD at t=162.5 ----
  cell 1 (TN) load=13/20
  cell 2 (TN) load=18/20
  cell 3 (TN) load=14/20
  cell 4 (TN) load=16/20
  cell 5 (NTN) load=12/15
  cell 6 (NTN) load=15/15
  cell 7 (NTN) load=13/15
UE 10 TTT_WAIT target=1 elapsed=0s need=2s
UE 13 TTT_WAIT target=2 elapsed=0s need=2s
UE 14 TTT_WAIT target=5 elapsed=0s need=2s
LM HO_FAIL_LOW_RSRP UE=15 currCell=3 candCell=4 candRsrp=-112.392 < min=-110
UE 17 TTT_WAIT target=3 elapsed=0s need=2s
LM HO_FAIL_LOW_RSRP UE=21 currCell=4 candCell=7 candRsrp=-141.1 < min=-110
LM HO_FAIL_LOW_RSRP UE=23 currCell=1 candCell=2 candRsrp=-110.183 < min=-110
UE 24 TTT_WAIT target=1 elapsed=0s need=2s
UE 25 TTT_WAIT target=2 elapsed=0s need=2s
UE 26 TTT_WAIT target=4 elapsed=0s need=2s
LM HO UE=28 rnti=102 2->3 type=TN servingRsrp=-116.224 targetRsrp=-84.7978 targetLoadReal=14/20 targetLoadEff=14/20
UE 32 TTT_WAIT target=7 elapsed=0s need=2s
UE 33 TTT_WAIT target=1 elapsed=0s need=2s
LM HO_FAIL_LOW_RSRP UE=34 currCell=4 candCell=7 candRsrp=-111.486 < min=-110
LM HO_FAIL_LOW_RSRP UE=35 currCell=1 candCell=7 candRsrp=-116.38 < min=-110
UE 37 TTT_WAIT target=2 elapsed=0s need=2s
LM HO_FAIL_LOW_RSRP UE=39 currCell=2 candCell=1 candRsrp=-119.918 < min=-110
UE 41 TTT_WAIT target=4 elapsed=0s need=2s
UE 42 TTT_WAIT target=3 elapsed=0s need=2s
UE 43 TTT_WAIT target=1 elapsed=0s need=2s
UE 46 TTT_WAIT target=3 elapsed=0s need=2s
LM HO_FAIL_LOW_RSRP UE=48 currCell=2 candCell=5 candRsrp=-115.286 < min=-110
LM HO UE=49 rnti=8 4->1 type=TN servingRsrp=-114.625 targetRsrp=-98.7322 targetLoadReal=13/20 targetLoadEff=13/20
UE 54 TTT_WAIT target=1 elapsed=0s need=2s
UE 57 TTT_WAIT target=3 elapsed=0s need=2s
LM HO_FAIL_LOW_RSRP UE=58 currCell=3 candCell=5 candRsrp=-119.111 < min=-110
LM HO_FAIL_LOW_RSRP UE=59 currCell=1 candCell=5 candRsrp=-132.256 < min=-110
UE 60 TTT_WAIT target=4 elapsed=0s need=2s
LM HO UE=61 rnti=114 3->4 type=TN servingRsrp=-137.276 targetRsrp=-87.2192 targetLoadReal=16/20 targetLoadEff=16/20
LM HO_FAIL_LOW_RSRP UE=62 currCell=1 candCell=5 candRsrp=-123.399 < min=-110
LM HO_FAIL_LOW_RSRP UE=64 currCell=2 candCell=4 candRsrp=-120.821 < min=-110
UE 66 TTT_WAIT target=2 elapsed=0s need=2s
UE 67 TTT_WAIT target=5 elapsed=0s need=2s
LM HO UE=69 rnti=109 4->1 type=TN servingRsrp=-112.33 targetRsrp=-105.905 targetLoadReal=13/20 targetLoadEff=14/20
UE 70 TTT_WAIT target=1 elapsed=0s need=2s
UE 72 TTT_WAIT target=3 elapsed=0s need=2s
UE 74 TTT_WAIT target=2 elapsed=0s need=2s
LM HO_FAIL_LOW_RSRP UE=75 currCell=2 candCell=1 candRsrp=-114.035 < min=-110
UE 78 TTT_WAIT target=2 elapsed=0s need=2s
LM HO_FAIL_LOW_RSRP UE=82 currCell=2 candCell=4 candRsrp=-122.444 < min=-110
UE 83 TTT_WAIT target=2 elapsed=0s need=2s
LM HO_FAIL_LOW_RSRP UE=85 currCell=4 candCell=7 candRsrp=-139.227 < min=-110
UE 86 TTT_WAIT target=4 elapsed=0s need=2s
LM HO_FAIL_LOW_RSRP UE=112 currCell=1 candCell=2 candRsrp=-121.578 < min=-110
TRACE HO_SUCCESS Time=162.615 IMSI=68 TargetCell=1 Type=TN TargetRSRP=-138.998 ServingRSRP=-88.3906 BackhaulDlSnr=-999 BackhaulUlSnr=-999
TRACE HO_SUCCESS Time=162.615 IMSI=48 TargetCell=1 Type=TN TargetRSRP=-123.262 ServingRSRP=-115.106 BackhaulDlSnr=-999 BackhaulUlSnr=-999
TRACE HO_SUCCESS Time=162.615 IMSI=27 TargetCell=3 Type=TN TargetRSRP=-108.26 ServingRSRP=-109.061 BackhaulDlSnr=-999 BackhaulUlSnr=-999
TRACE HO_SUCCESS Time=162.615 IMSI=60 TargetCell=4 Type=TN TargetRSRP=-113.083 ServingRSRP=-104.712 BackhaulDlSnr=-999 BackhaulUlSnr=-999
UAV_AUTONOMY_XAPP Time=164.5 DeploymentMode=tn-uav-satellite UavIndex=0 UavCellId=5 BestDonorCellId=1 BestDonorDistanceM=4924.14 XhaulConnected=1 XhaulChannelVariationDb=1.79525 RawXhaulState=UNREACHABLE RawXhaulStateAgeSec=160 XhaulState=UNREACHABLE DonorUnavailableActive=0 SatBackhaulHealthy=1 UavSwitchingXappAvailable=1 UavSwitchingXappState=AI_ACTIVE AiPredictedBackhaulMode=SATELLITE_FALLBACK BackhaulMode=SATELLITE_FALLBACK RicControlState=NEAR_RT_RIC_SWITCHING_TO_SATELLITE_BACKHAUL ActiveUavRic=TN_NEAR_RT_RIC NormalUeHandoverAllowed=1 UavMode=NEAR_RT_RIC_EMERGENCY_SWITCHING_WITH_SATELLITE_BACKHAUL
UAV_AUTONOMY_XAPP Time=164.5 DeploymentMode=tn-uav-satellite UavIndex=1 UavCellId=6 BestDonorCellId=4 BestDonorDistanceM=3899.96 XhaulConnected=1 XhaulChannelVariationDb=2.74496 RawXhaulState=UNREACHABLE RawXhaulStateAgeSec=134 XhaulState=UNREACHABLE DonorUnavailableActive=0 SatBackhaulHealthy=1 UavSwitchingXappAvailable=1 UavSwitchingXappState=AI_ACTIVE AiPredictedBackhaulMode=SATELLITE_FALLBACK BackhaulMode=SATELLITE_FALLBACK RicControlState=NEAR_RT_RIC_SWITCHING_TO_SATELLITE_BACKHAUL ActiveUavRic=TN_NEAR_RT_RIC NormalUeHandoverAllowed=1 UavMode=NEAR_RT_RIC_EMERGENCY_SWITCHING_WITH_SATELLITE_BACKHAUL
UAV_AUTONOMY_XAPP Time=164.5 DeploymentMode=tn-uav-satellite UavIndex=2 UavCellId=7 BestDonorCellId=4 BestDonorDistanceM=3385.89 XhaulConnected=1 XhaulChannelVariationDb=2.9205 RawXhaulState=UNREACHABLE RawXhaulStateAgeSec=144 XhaulState=UNREACHABLE DonorUnavailableActive=0 SatBackhaulHealthy=1 UavSwitchingXappAvailable=1 UavSwitchingXappState=AI_ACTIVE AiPredictedBackhaulMode=SATELLITE_FALLBACK BackhaulMode=SATELLITE_FALLBACK RicControlState=NEAR_RT_RIC_SWITCHING_TO_SATELLITE_BACKHAUL ActiveUavRic=TN_NEAR_RT_RIC NormalUeHandoverAllowed=1 UavMode=NEAR_RT_RIC_EMERGENCY_SWITCHING_WITH_SATELLITE_BACKHAUL
---- LOAD at t=164.5 ----
  cell 1 (TN) load=15/20
  cell 2 (TN) load=17/20
  cell 3 (TN) load=14/20
  cell 4 (TN) load=15/20
  cell 5 (NTN) load=12/15
  cell 6 (NTN) load=15/15
  cell 7 (NTN) load=13/15
LM HO UE=10 rnti=113 3->1 type=TN servingRsrp=-89.0122 targetRsrp=-76.2321 targetLoadReal=15/20 targetLoadEff=15/20
LM HO_FAIL_LOW_RSRP UE=11 currCell=2 candCell=4 candRsrp=-114.732 < min=-110
LM HO_FAIL_LOW_RSRP UE=14 currCell=1 candCell=5 candRsrp=-131.091 < min=-110
UE 16 TTT_WAIT target=1 elapsed=0s need=2s
LM HO_FAIL_LOW_RSRP UE=17 currCell=4 candCell=3 candRsrp=-111.969 < min=-110
UE 21 TTT_WAIT target=1 elapsed=0s need=2s
LM HO UE=24 rnti=122 3->1 type=TN servingRsrp=-116.983 targetRsrp=-84.4435 targetLoadReal=15/20 targetLoadEff=16/20
UE 25 TTT_WAIT target=4 elapsed=0s need=2s
LM HO_FAIL_LOW_RSRP UE=28 currCell=3 candCell=1 candRsrp=-111.568 < min=-110
LM HO_FAIL_LOW_RSRP UE=32 currCell=4 candCell=7 candRsrp=-133.313 < min=-110
LM HO_FAIL_LOW_RSRP UE=34 currCell=4 candCell=2 candRsrp=-110.964 < min=-110
LM HO_FAIL_LOW_RSRP UE=35 currCell=1 candCell=2 candRsrp=-124.742 < min=-110
LM HO_FAIL_LOW_RSRP UE=37 currCell=4 candCell=2 candRsrp=-117.116 < min=-110
LM HO_FAIL_LOW_RSRP UE=39 currCell=2 candCell=5 candRsrp=-130.9 < min=-110
LM HO UE=41 rnti=90 2->4 type=TN servingRsrp=-119.518 targetRsrp=-100.858 targetLoadReal=15/20 targetLoadEff=15/20
LM HO_FAIL_LOW_RSRP UE=48 currCell=2 candCell=1 candRsrp=-116.891 < min=-110
UE 49 TTT_WAIT target=4 elapsed=0s need=2s
UE 52 TTT_WAIT target=2 elapsed=0s need=2s
UE 54 TTT_WAIT target=3 elapsed=0s need=2s
UE 55 TTT_WAIT target=3 elapsed=0s need=2s
LM HO UE=57 rnti=139 1->3 type=TN servingRsrp=-110.553 targetRsrp=-99.6656 targetLoadReal=14/20 targetLoadEff=14/20
LM HO_FAIL_LOW_RSRP UE=58 currCell=3 candCell=5 candRsrp=-137.782 < min=-110
UE 59 TTT_WAIT target=2 elapsed=0s need=2s
UE 60 TTT_WAIT target=2 elapsed=0s need=2s
UE 62 TTT_WAIT target=3 elapsed=0s need=2s
LM HO_FAIL_LOW_RSRP UE=64 currCell=2 candCell=7 candRsrp=-124.706 < min=-110
UE 66 TTT_WAIT target=3 elapsed=0s need=2s
LM HO_FAIL_LOW_RSRP UE=69 currCell=1 candCell=5 candRsrp=-127.803 < min=-110
LM HO_FAIL_LOW_RSRP UE=70 currCell=4 candCell=2 candRsrp=-115.273 < min=-110
LM HO UE=72 rnti=199 5->3 type=TN servingRsrp=-127.094 targetRsrp=-89.209 targetLoadReal=14/20 targetLoadEff=15/20
LM HO_FAIL_LOW_RSRP UE=74 currCell=1 candCell=7 candRsrp=-137.331 < min=-110
UE 76 TTT_WAIT target=3 elapsed=0s need=2s
UE 79 TTT_WAIT target=1 elapsed=0s need=2s
UE 80 TTT_WAIT target=1 elapsed=0s need=2s
UE 83 TTT_WAIT target=3 elapsed=0s need=2s
LM HO_FAIL_LOW_RSRP UE=84 currCell=4 candCell=2 candRsrp=-114.002 < min=-110
UE 85 TTT_WAIT target=2 elapsed=0s need=2s
UE 87 TTT_WAIT target=1 elapsed=0s need=2s
UE 89 TTT_WAIT target=1 elapsed=0s need=2s
LM HO_FAIL_LOW_RSRP UE=112 currCell=1 candCell=2 candRsrp=-123.484 < min=-110
UE 126 TTT_WAIT target=4 elapsed=0s need=2s
TRACE HO_SUCCESS Time=164.615 IMSI=23 TargetCell=1 Type=TN TargetRSRP=-110.844 ServingRSRP=-88.92 BackhaulDlSnr=-999 BackhaulUlSnr=-999
TRACE HO_SUCCESS Time=164.615 IMSI=9 TargetCell=1 Type=TN TargetRSRP=-112.304 ServingRSRP=-100.271 BackhaulDlSnr=-999 BackhaulUlSnr=-999
TRACE HO_SUCCESS Time=164.615 IMSI=56 TargetCell=3 Type=TN TargetRSRP=-105.317 ServingRSRP=-97.8912 BackhaulDlSnr=-999 BackhaulUlSnr=-999
TRACE HO_SUCCESS Time=164.615 IMSI=71 TargetCell=3 Type=TN TargetRSRP=-110.851 ServingRSRP=-109.164 BackhaulDlSnr=-999 BackhaulUlSnr=-999
TRACE HO_SUCCESS Time=164.615 IMSI=40 TargetCell=4 Type=TN TargetRSRP=-123.178 ServingRSRP=-102.318 BackhaulDlSnr=-999 BackhaulUlSnr=-999
UAV_AUTONOMY_XAPP Time=166.5 DeploymentMode=tn-uav-satellite UavIndex=0 UavCellId=5 BestDonorCellId=1 BestDonorDistanceM=4943.27 XhaulConnected=1 XhaulChannelVariationDb=-0.987497 RawXhaulState=UNREACHABLE RawXhaulStateAgeSec=162 XhaulState=UNREACHABLE DonorUnavailableActive=0 SatBackhaulHealthy=1 UavSwitchingXappAvailable=1 UavSwitchingXappState=AI_ACTIVE AiPredictedBackhaulMode=SATELLITE_FALLBACK BackhaulMode=SATELLITE_FALLBACK RicControlState=NEAR_RT_RIC_SWITCHING_TO_SATELLITE_BACKHAUL ActiveUavRic=TN_NEAR_RT_RIC NormalUeHandoverAllowed=1 UavMode=NEAR_RT_RIC_EMERGENCY_SWITCHING_WITH_SATELLITE_BACKHAUL
UAV_AUTONOMY_XAPP Time=166.5 DeploymentMode=tn-uav-satellite UavIndex=1 UavCellId=6 BestDonorCellId=4 BestDonorDistanceM=3899.96 XhaulConnected=1 XhaulChannelVariationDb=-0.316338 RawXhaulState=UNREACHABLE RawXhaulStateAgeSec=136 XhaulState=UNREACHABLE DonorUnavailableActive=0 SatBackhaulHealthy=1 UavSwitchingXappAvailable=1 UavSwitchingXappState=AI_ACTIVE AiPredictedBackhaulMode=SATELLITE_FALLBACK BackhaulMode=SATELLITE_FALLBACK RicControlState=NEAR_RT_RIC_SWITCHING_TO_SATELLITE_BACKHAUL ActiveUavRic=TN_NEAR_RT_RIC NormalUeHandoverAllowed=1 UavMode=NEAR_RT_RIC_EMERGENCY_SWITCHING_WITH_SATELLITE_BACKHAUL
UAV_AUTONOMY_XAPP Time=166.5 DeploymentMode=tn-uav-satellite UavIndex=2 UavCellId=7 BestDonorCellId=4 BestDonorDistanceM=3322.22 XhaulConnected=1 XhaulChannelVariationDb=3.98593 RawXhaulState=UNREACHABLE RawXhaulStateAgeSec=146 XhaulState=UNREACHABLE DonorUnavailableActive=0 SatBackhaulHealthy=1 UavSwitchingXappAvailable=1 UavSwitchingXappState=AI_ACTIVE AiPredictedBackhaulMode=SATELLITE_FALLBACK BackhaulMode=SATELLITE_FALLBACK RicControlState=NEAR_RT_RIC_SWITCHING_TO_SATELLITE_BACKHAUL ActiveUavRic=TN_NEAR_RT_RIC NormalUeHandoverAllowed=1 UavMode=NEAR_RT_RIC_EMERGENCY_SWITCHING_WITH_SATELLITE_BACKHAUL
---- LOAD at t=166.5 ----
  cell 1 (TN) load=16/20
  cell 2 (TN) load=16/20
  cell 3 (TN) load=14/20
  cell 4 (TN) load=16/20
  cell 5 (NTN) load=11/15
  cell 6 (NTN) load=15/15
  cell 7 (NTN) load=13/15
LM HO_FAIL_LOW_RSRP UE=14 currCell=1 candCell=2 candRsrp=-125.39 < min=-110
LM HO_FAIL_LOW_RSRP UE=15 currCell=3 candCell=5 candRsrp=-128.31 < min=-110
LM HO UE=16 rnti=64 4->1 type=TN servingRsrp=-101.521 targetRsrp=-90.7585 targetLoadReal=16/20 targetLoadEff=16/20
LM HO_FAIL_LOW_RSRP UE=17 currCell=4 candCell=2 candRsrp=-128.395 < min=-110
UE 23 TTT_WAIT target=2 elapsed=0s need=2s
LM HO_FAIL_LOW_RSRP UE=25 currCell=6 candCell=7 candRsrp=-123.481 < min=-110
UE 26 TTT_WAIT target=1 elapsed=0s need=2s
LM HO_FAIL_LOW_RSRP UE=28 currCell=3 candCell=2 candRsrp=-112.253 < min=-110
UE 29 TTT_WAIT target=2 elapsed=0s need=2s
UE 33 TTT_WAIT target=7 elapsed=0s need=2s
UE 34 TTT_WAIT target=1 elapsed=0s need=2s
UE 35 TTT_WAIT target=5 elapsed=0s need=2s
UE 37 TTT_WAIT target=2 elapsed=0s need=2s
LM HO_FAIL_LOW_RSRP UE=38 currCell=3 candCell=2 candRsrp=-126.662 < min=-110
UE 39 TTT_WAIT target=1 elapsed=0s need=2s
UE 41 TTT_WAIT target=2 elapsed=0s need=2s
UE 42 TTT_WAIT target=5 elapsed=0s need=2s
LM HO_FAIL_LOW_RSRP UE=46 currCell=4 candCell=7 candRsrp=-117.397 < min=-110
LM HO_FAIL_LOW_RSRP UE=49 currCell=1 candCell=4 candRsrp=-117.857 < min=-110
UE 52 TTT_WAIT target=5 elapsed=0s need=2s
LM HO_FAIL_LOW_RSRP UE=54 currCell=2 candCell=1 candRsrp=-115.465 < min=-110
UE 55 TTT_WAIT target=1 elapsed=0s need=2s
LM HO_FAIL_LOW_RSRP UE=57 currCell=3 candCell=1 candRsrp=-112.312 < min=-110
UE 59 TTT_WAIT target=3 elapsed=0s need=2s
LM HO_FAIL_LOW_RSRP UE=62 currCell=1 candCell=2 candRsrp=-126.073 < min=-110
LM HO_FAIL_LOW_RSRP UE=64 currCell=2 candCell=4 candRsrp=-123.136 < min=-110
LM HO_FAIL_LOW_RSRP UE=67 currCell=3 candCell=1 candRsrp=-116.972 < min=-110
LM HO_FAIL_LOW_RSRP UE=69 currCell=1 candCell=4 candRsrp=-115.001 < min=-110
UE 70 TTT_WAIT target=2 elapsed=0s need=2s
LM HO_FAIL_LOW_RSRP UE=72 currCell=3 candCell=2 candRsrp=-114.332 < min=-110
UE 74 TTT_WAIT target=2 elapsed=0s need=2s
LM HO_FAIL_LOW_RSRP UE=75 currCell=2 candCell=1 candRsrp=-111.554 < min=-110
LM HO_FAIL_LOW_RSRP UE=77 currCell=4 candCell=7 candRsrp=-114.999 < min=-110
UE 78 TTT_WAIT target=3 elapsed=0s need=2s
LM HO UE=80 rnti=124 3->1 type=TN servingRsrp=-107.402 targetRsrp=-79.7903 targetLoadReal=16/20 targetLoadEff=17/20
LM HO_FAIL_LOW_RSRP UE=82 currCell=2 candCell=5 candRsrp=-126.57 < min=-110
LM HO_FAIL_LOW_RSRP UE=83 currCell=1 candCell=5 candRsrp=-127.555 < min=-110
LM HO_FAIL_LOW_RSRP UE=84 currCell=4 candCell=1 candRsrp=-112.57 < min=-110
LM HO_FAIL_LOW_RSRP UE=112 currCell=1 candCell=2 candRsrp=-149.895 < min=-110
TRACE HO_SUCCESS Time=166.615 IMSI=79 TargetCell=1 Type=TN TargetRSRP=-82.3439 ServingRSRP=-112.073 BackhaulDlSnr=-999 BackhaulUlSnr=-999
TRACE HO_SUCCESS Time=166.615 IMSI=15 TargetCell=1 Type=TN TargetRSRP=-118.97 ServingRSRP=-102.183 BackhaulDlSnr=-999 BackhaulUlSnr=-999
UAV_AUTONOMY_XAPP Time=168.5 DeploymentMode=tn-uav-satellite UavIndex=0 UavCellId=5 BestDonorCellId=2 BestDonorDistanceM=5374.78 XhaulConnected=1 XhaulChannelVariationDb=1.31013 RawXhaulState=UNREACHABLE RawXhaulStateAgeSec=164 XhaulState=UNREACHABLE DonorUnavailableActive=0 SatBackhaulHealthy=1 UavSwitchingXappAvailable=1 UavSwitchingXappState=AI_ACTIVE AiPredictedBackhaulMode=SATELLITE_FALLBACK BackhaulMode=SATELLITE_FALLBACK RicControlState=NEAR_RT_RIC_SWITCHING_TO_SATELLITE_BACKHAUL ActiveUavRic=TN_NEAR_RT_RIC NormalUeHandoverAllowed=1 UavMode=NEAR_RT_RIC_EMERGENCY_SWITCHING_WITH_SATELLITE_BACKHAUL
UAV_AUTONOMY_XAPP Time=168.5 DeploymentMode=tn-uav-satellite UavIndex=1 UavCellId=6 BestDonorCellId=4 BestDonorDistanceM=3899.96 XhaulConnected=1 XhaulChannelVariationDb=-2.9376 RawXhaulState=UNREACHABLE RawXhaulStateAgeSec=138 XhaulState=UNREACHABLE DonorUnavailableActive=0 SatBackhaulHealthy=1 UavSwitchingXappAvailable=1 UavSwitchingXappState=AI_ACTIVE AiPredictedBackhaulMode=SATELLITE_FALLBACK BackhaulMode=SATELLITE_FALLBACK RicControlState=NEAR_RT_RIC_SWITCHING_TO_SATELLITE_BACKHAUL ActiveUavRic=TN_NEAR_RT_RIC NormalUeHandoverAllowed=1 UavMode=NEAR_RT_RIC_EMERGENCY_SWITCHING_WITH_SATELLITE_BACKHAUL
UAV_AUTONOMY_XAPP Time=168.5 DeploymentMode=tn-uav-satellite UavIndex=2 UavCellId=7 BestDonorCellId=4 BestDonorDistanceM=3306.82 XhaulConnected=1 XhaulChannelVariationDb=0.456861 RawXhaulState=UNREACHABLE RawXhaulStateAgeSec=148 XhaulState=UNREACHABLE DonorUnavailableActive=0 SatBackhaulHealthy=1 UavSwitchingXappAvailable=1 UavSwitchingXappState=AI_ACTIVE AiPredictedBackhaulMode=SATELLITE_FALLBACK BackhaulMode=SATELLITE_FALLBACK RicControlState=NEAR_RT_RIC_SWITCHING_TO_SATELLITE_BACKHAUL ActiveUavRic=TN_NEAR_RT_RIC NormalUeHandoverAllowed=1 UavMode=NEAR_RT_RIC_EMERGENCY_SWITCHING_WITH_SATELLITE_BACKHAUL
---- LOAD at t=168.5 ----
  cell 1 (TN) load=18/20
  cell 2 (TN) load=16/20
  cell 3 (TN) load=13/20
  cell 4 (TN) load=15/20
  cell 5 (NTN) load=11/15
  cell 6 (NTN) load=15/15
  cell 7 (NTN) load=13/15
LM HO_FAIL_LOW_RSRP UE=9 currCell=2 candCell=5 candRsrp=-140.835 < min=-110
UE 10 TTT_WAIT target=3 elapsed=0s need=2s
LM HO_FAIL_LOW_RSRP UE=11 currCell=2 candCell=4 candRsrp=-113.066 < min=-110
UE 13 TTT_WAIT target=1 elapsed=0s need=2s
UE 14 TTT_WAIT target=2 elapsed=0s need=2s
UE 16 TTT_WAIT target=4 elapsed=0s need=2s
LM HO_FAIL_LOW_RSRP UE=17 currCell=4 candCell=2 candRsrp=-115.37 < min=-110
UE 20 TTT_WAIT target=2 elapsed=0s need=2s
UE 22 TTT_WAIT target=7 elapsed=0s need=2s
UE 25 TTT_WAIT target=4 elapsed=0s need=2s
LM HO UE=26 rnti=127 3->1 type=TN servingRsrp=-124.314 targetRsrp=-98.7605 targetLoadReal=18/20 targetLoadEff=18/20
LM HO_FAIL_LOW_RSRP UE=28 currCell=3 candCell=2 candRsrp=-115.498 < min=-110
LM HO_FAIL_LOW_RSRP UE=32 currCell=4 candCell=7 candRsrp=-132.488 < min=-110
LM HO_FAIL_LOW_RSRP UE=34 currCell=4 candCell=2 candRsrp=-111.815 < min=-110
LM HO_FAIL_LOW_RSRP UE=35 currCell=1 candCell=5 candRsrp=-134.363 < min=-110
LM HO UE=37 rnti=85 4->2 type=TN servingRsrp=-127.666 targetRsrp=-88.5385 targetLoadReal=16/20 targetLoadEff=16/20
UE 38 TTT_WAIT target=5 elapsed=0s need=2s
UE 39 TTT_WAIT target=3 elapsed=0s need=2s
UE 41 TTT_WAIT target=7 elapsed=0s need=2s
LM HO_FAIL_LOW_RSRP UE=42 currCell=6 candCell=7 candRsrp=-118.007 < min=-110
UE 46 TTT_WAIT target=1 elapsed=0s need=2s
UE 48 TTT_WAIT target=4 elapsed=0s need=2s
UE 52 TTT_WAIT target=3 elapsed=0s need=2s
UE 54 TTT_WAIT target=3 elapsed=0s need=2s
UE 57 TTT_WAIT target=2 elapsed=0s need=2s
UE 58 TTT_WAIT target=2 elapsed=0s need=2s
LM HO_FAIL_LOW_RSRP UE=59 currCell=1 candCell=2 candRsrp=-118.116 < min=-110
UE 61 TTT_WAIT target=3 elapsed=0s need=2s
LM HO_FAIL_LOW_RSRP UE=64 currCell=2 candCell=4 candRsrp=-119.647 < min=-110
UE 66 TTT_WAIT target=2 elapsed=0s need=2s
UE 67 TTT_WAIT target=5 elapsed=0s need=2s
LM HO_FAIL_LOW_RSRP UE=69 currCell=1 candCell=3 candRsrp=-112.161 < min=-110
LM HO UE=70 rnti=114 4->2 type=TN servingRsrp=-111.667 targetRsrp=-82.2264 targetLoadReal=16/20 targetLoadEff=17/20
LM HO_FAIL_LOW_RSRP UE=72 currCell=3 candCell=7 candRsrp=-127.977 < min=-110
UE 75 TTT_WAIT target=3 elapsed=0s need=2s
LM HO_FAIL_LOW_RSRP UE=77 currCell=4 candCell=7 candRsrp=-131.552 < min=-110
LM HO UE=78 rnti=135 1->3 type=TN servingRsrp=-105.86 targetRsrp=-84.8183 targetLoadReal=13/20 targetLoadEff=13/20
UE 80 TTT_WAIT target=3 elapsed=0s need=2s
UE 82 TTT_WAIT target=3 elapsed=0s need=2s
UE 83 TTT_WAIT target=2 elapsed=0s need=2s
LM HO_FAIL_LOW_RSRP UE=84 currCell=4 candCell=2 candRsrp=-114.777 < min=-110
LM HO_FAIL_LOW_RSRP UE=85 currCell=4 candCell=7 candRsrp=-135.199 < min=-110
UE 87 TTT_WAIT target=1 elapsed=0s need=2s
UE 112 TTT_WAIT target=5 elapsed=0s need=2s
TRACE HO_SUCCESS Time=168.615 IMSI=25 TargetCell=1 Type=TN TargetRSRP=-126.542 ServingRSRP=-107.574 BackhaulDlSnr=-999 BackhaulUlSnr=-999
TRACE HO_SUCCESS Time=168.615 IMSI=69 TargetCell=2 Type=TN TargetRSRP=-113.155 ServingRSRP=-87.1253 BackhaulDlSnr=-999 BackhaulUlSnr=-999
TRACE HO_SUCCESS Time=168.615 IMSI=36 TargetCell=2 Type=TN TargetRSRP=-117.04 ServingRSRP=-100.64 BackhaulDlSnr=-999 BackhaulUlSnr=-999
TRACE HO_SUCCESS Time=168.615 IMSI=77 TargetCell=3 Type=TN TargetRSRP=-117.786 ServingRSRP=-95.5348 BackhaulDlSnr=-999 BackhaulUlSnr=-999
UAV_AUTONOMY_XAPP Time=170.5 DeploymentMode=tn-uav-satellite UavIndex=0 UavCellId=5 BestDonorCellId=2 BestDonorDistanceM=5387.43 XhaulConnected=1 XhaulChannelVariationDb=1.49145 RawXhaulState=UNREACHABLE RawXhaulStateAgeSec=166 XhaulState=UNREACHABLE DonorUnavailableActive=0 SatBackhaulHealthy=1 UavSwitchingXappAvailable=1 UavSwitchingXappState=AI_ACTIVE AiPredictedBackhaulMode=SATELLITE_FALLBACK BackhaulMode=SATELLITE_FALLBACK RicControlState=NEAR_RT_RIC_SWITCHING_TO_SATELLITE_BACKHAUL ActiveUavRic=TN_NEAR_RT_RIC NormalUeHandoverAllowed=1 UavMode=NEAR_RT_RIC_EMERGENCY_SWITCHING_WITH_SATELLITE_BACKHAUL
UAV_AUTONOMY_XAPP Time=170.5 DeploymentMode=tn-uav-satellite UavIndex=1 UavCellId=6 BestDonorCellId=4 BestDonorDistanceM=3899.96 XhaulConnected=1 XhaulChannelVariationDb=-2.75186 RawXhaulState=UNREACHABLE RawXhaulStateAgeSec=140 XhaulState=UNREACHABLE DonorUnavailableActive=0 SatBackhaulHealthy=1 UavSwitchingXappAvailable=1 UavSwitchingXappState=AI_ACTIVE AiPredictedBackhaulMode=SATELLITE_FALLBACK BackhaulMode=SATELLITE_FALLBACK RicControlState=NEAR_RT_RIC_SWITCHING_TO_SATELLITE_BACKHAUL ActiveUavRic=TN_NEAR_RT_RIC NormalUeHandoverAllowed=1 UavMode=NEAR_RT_RIC_EMERGENCY_SWITCHING_WITH_SATELLITE_BACKHAUL
UAV_AUTONOMY_XAPP Time=170.5 DeploymentMode=tn-uav-satellite UavIndex=2 UavCellId=7 BestDonorCellId=4 BestDonorDistanceM=3281.38 XhaulConnected=1 XhaulChannelVariationDb=3.31514 RawXhaulState=UNREACHABLE RawXhaulStateAgeSec=150 XhaulState=UNREACHABLE DonorUnavailableActive=0 SatBackhaulHealthy=1 UavSwitchingXappAvailable=1 UavSwitchingXappState=AI_ACTIVE AiPredictedBackhaulMode=SATELLITE_FALLBACK BackhaulMode=SATELLITE_FALLBACK RicControlState=NEAR_RT_RIC_SWITCHING_TO_SATELLITE_BACKHAUL ActiveUavRic=TN_NEAR_RT_RIC NormalUeHandoverAllowed=1 UavMode=NEAR_RT_RIC_EMERGENCY_SWITCHING_WITH_SATELLITE_BACKHAUL
---- LOAD at t=170.5 ----
  cell 1 (TN) load=18/20
  cell 2 (TN) load=18/20
  cell 3 (TN) load=13/20
  cell 4 (TN) load=13/20
  cell 5 (NTN) load=11/15
  cell 6 (NTN) load=15/15
  cell 7 (NTN) load=13/15
LM HO UE=13 rnti=126 3->1 type=TN servingRsrp=-116.965 targetRsrp=-87.4339 targetLoadReal=18/20 targetLoadEff=18/20
UE 15 TTT_WAIT target=1 elapsed=0s need=2s
LM HO UE=16 rnti=155 1->4 type=TN servingRsrp=-127.259 targetRsrp=-72.054 targetLoadReal=13/20 targetLoadEff=13/20
LM HO_FAIL_LOW_RSRP UE=17 currCell=4 candCell=2 candRsrp=-117.967 < min=-110
UE 18 TTT_WAIT target=3 elapsed=0s need=2s
UE 21 TTT_WAIT target=7 elapsed=0s need=2s
UE 23 TTT_WAIT target=3 elapsed=0s need=2s
UE 25 TTT_WAIT target=1 elapsed=0s need=2s
UE 26 TTT_WAIT target=2 elapsed=0s need=2s
UE 28 TTT_WAIT target=1 elapsed=0s need=2s
LM HO_FAIL_LOW_RSRP UE=32 currCell=4 candCell=7 candRsrp=-135.692 < min=-110
UE 33 TTT_WAIT target=4 elapsed=0s need=2s
LM HO_FAIL_LOW_RSRP UE=34 currCell=4 candCell=7 candRsrp=-140.345 < min=-110
LM HO_FAIL_LOW_RSRP UE=35 currCell=1 candCell=3 candRsrp=-125.705 < min=-110
LM HO UE=38 rnti=91 3->5 type=NTN servingRsrp=-117.074 targetRsrp=-97.8756 targetLoadReal=11/15 targetLoadEff=11/15
UE 41 TTT_WAIT target=2 elapsed=0s need=2s
UE 42 TTT_WAIT target=2 elapsed=0s need=2s
LM HO_FAIL_LOW_RSRP UE=48 currCell=2 candCell=3 candRsrp=-114.018 < min=-110
LM HO_FAIL_LOW_RSRP UE=49 currCell=1 candCell=7 candRsrp=-143.123 < min=-110
UE 54 TTT_WAIT target=7 elapsed=0s need=2s
LM HO UE=57 rnti=130 3->2 type=TN servingRsrp=-126.687 targetRsrp=-104.451 targetLoadReal=18/20 targetLoadEff=18/20
LM HO_FAIL_LOW_RSRP UE=58 currCell=3 candCell=5 candRsrp=-133.812 < min=-110
UE 59 TTT_WAIT target=3 elapsed=0s need=2s
LM HO UE=61 rnti=118 4->3 type=TN servingRsrp=-111.17 targetRsrp=-105.095 targetLoadReal=13/20 targetLoadEff=13/20
LM HO_FAIL_LOW_RSRP UE=62 currCell=1 candCell=5 candRsrp=-127.936 < min=-110
LM HO_FAIL_LOW_RSRP UE=64 currCell=2 candCell=4 candRsrp=-125.887 < min=-110
UE 66 TTT_WAIT target=3 elapsed=0s need=2s
LM HO_FAIL_LOW_RSRP UE=69 currCell=1 candCell=4 candRsrp=-110.893 < min=-110
UE 70 TTT_WAIT target=4 elapsed=0s need=2s
UE 72 TTT_WAIT target=1 elapsed=0s need=2s
UE 74 TTT_WAIT target=2 elapsed=0s need=2s
UE 76 TTT_WAIT target=3 elapsed=0s need=2s
LM HO_FAIL_LOW_RSRP UE=79 currCell=4 candCell=7 candRsrp=-110.469 < min=-110
LM HO_FAIL_LOW_RSRP UE=82 currCell=2 candCell=5 candRsrp=-138.075 < min=-110
LM HO_FAIL_LOW_RSRP UE=83 currCell=1 candCell=5 candRsrp=-127.28 < min=-110
LM HO_FAIL_LOW_RSRP UE=85 currCell=4 candCell=7 candRsrp=-137.375 < min=-110
UE 86 TTT_WAIT target=3 elapsed=0s need=2s
UE 87 TTT_WAIT target=3 elapsed=0s need=2s
LM HO UE=112 rnti=70 1->5 type=NTN servingRsrp=-153.663 targetRsrp=-76.9556 targetLoadReal=11/15 targetLoadEff=12/15
UE 113 TTT_WAIT target=1 elapsed=0s need=2s
UE 123 TTT_WAIT target=1 elapsed=0s need=2s
TRACE HO_SUCCESS Time=170.615 IMSI=12 TargetCell=1 Type=TN TargetRSRP=-118.659 ServingRSRP=-92.003 BackhaulDlSnr=-999 BackhaulUlSnr=-999
TRACE HO_SUCCESS Time=170.615 IMSI=56 TargetCell=2 Type=TN TargetRSRP=-134.503 ServingRSRP=-96.1549 BackhaulDlSnr=-999 BackhaulUlSnr=-999
TRACE HO_SUCCESS Time=170.615 IMSI=60 TargetCell=3 Type=TN TargetRSRP=-136.893 ServingRSRP=-122.467 BackhaulDlSnr=-999 BackhaulUlSnr=-999
TRACE HO_SUCCESS Time=170.615 IMSI=15 TargetCell=4 Type=TN TargetRSRP=-101.499 ServingRSRP=-90.4966 BackhaulDlSnr=-999 BackhaulUlSnr=-999
TRACE HO_SUCCESS Time=170.615 IMSI=111 TargetCell=5 Type=NTN TargetRSRP=-105.055 ServingRSRP=-148.028 BackhaulDlSnr=13.9948 BackhaulUlSnr=9.47415
TRACE HO_SUCCESS Time=170.615 IMSI=37 TargetCell=5 Type=NTN TargetRSRP=-131.002 ServingRSRP=-119.965 BackhaulDlSnr=13.9948 BackhaulUlSnr=9.47415
UAV_AUTONOMY_XAPP Time=172.5 DeploymentMode=tn-uav-satellite UavIndex=0 UavCellId=5 BestDonorCellId=3 BestDonorDistanceM=5003.12 XhaulConnected=1 XhaulChannelVariationDb=-1.34049 RawXhaulState=UNREACHABLE RawXhaulStateAgeSec=168 XhaulState=UNREACHABLE DonorUnavailableActive=0 SatBackhaulHealthy=1 UavSwitchingXappAvailable=1 UavSwitchingXappState=AI_ACTIVE AiPredictedBackhaulMode=SATELLITE_FALLBACK BackhaulMode=SATELLITE_FALLBACK RicControlState=NEAR_RT_RIC_SWITCHING_TO_SATELLITE_BACKHAUL ActiveUavRic=TN_NEAR_RT_RIC NormalUeHandoverAllowed=1 UavMode=NEAR_RT_RIC_EMERGENCY_SWITCHING_WITH_SATELLITE_BACKHAUL
UAV_AUTONOMY_XAPP Time=172.5 DeploymentMode=tn-uav-satellite UavIndex=1 UavCellId=6 BestDonorCellId=4 BestDonorDistanceM=3899.96 XhaulConnected=1 XhaulChannelVariationDb=1.91535 RawXhaulState=UNREACHABLE RawXhaulStateAgeSec=142 XhaulState=UNREACHABLE DonorUnavailableActive=0 SatBackhaulHealthy=1 UavSwitchingXappAvailable=1 UavSwitchingXappState=AI_ACTIVE AiPredictedBackhaulMode=SATELLITE_FALLBACK BackhaulMode=SATELLITE_FALLBACK RicControlState=NEAR_RT_RIC_SWITCHING_TO_SATELLITE_BACKHAUL ActiveUavRic=TN_NEAR_RT_RIC NormalUeHandoverAllowed=1 UavMode=NEAR_RT_RIC_EMERGENCY_SWITCHING_WITH_SATELLITE_BACKHAUL
UAV_AUTONOMY_XAPP Time=172.5 DeploymentMode=tn-uav-satellite UavIndex=2 UavCellId=7 BestDonorCellId=4 BestDonorDistanceM=3243.2 XhaulConnected=1 XhaulChannelVariationDb=-0.628513 RawXhaulState=UNREACHABLE RawXhaulStateAgeSec=152 XhaulState=UNREACHABLE DonorUnavailableActive=0 SatBackhaulHealthy=1 UavSwitchingXappAvailable=1 UavSwitchingXappState=AI_ACTIVE AiPredictedBackhaulMode=SATELLITE_FALLBACK BackhaulMode=SATELLITE_FALLBACK RicControlState=NEAR_RT_RIC_SWITCHING_TO_SATELLITE_BACKHAUL ActiveUavRic=TN_NEAR_RT_RIC NormalUeHandoverAllowed=1 UavMode=NEAR_RT_RIC_EMERGENCY_SWITCHING_WITH_SATELLITE_BACKHAUL
---- LOAD at t=172.5 ----
  cell 1 (TN) load=17/20
  cell 2 (TN) load=19/20
  cell 3 (TN) load=11/20
  cell 4 (TN) load=13/20
  cell 5 (NTN) load=13/15
  cell 6 (NTN) load=15/15
  cell 7 (NTN) load=13/15
UE 9 TTT_WAIT target=3 elapsed=0s need=2s
UE 10 TTT_WAIT target=3 elapsed=0s need=2s
UE 11 TTT_WAIT target=4 elapsed=0s need=2s
UE 13 TTT_WAIT target=2 elapsed=0s need=2s
LM HO_FAIL_LOW_RSRP UE=17 currCell=4 candCell=2 candRsrp=-122.183 < min=-110
UE 20 TTT_WAIT target=1 elapsed=0s need=2s
UE 21 TTT_WAIT target=1 elapsed=0s need=2s
UE 25 TTT_WAIT target=7 elapsed=0s need=2s
LM HO UE=26 rnti=157 1->2 type=TN servingRsrp=-131.632 targetRsrp=-102.522 targetLoadReal=19/20 targetLoadEff=19/20
LM HO_FAIL_LOW_RSRP UE=28 currCell=3 candCell=1 candRsrp=-112.861 < min=-110
LM HO_FAIL_LOW_RSRP UE=37 currCell=2 candCell=3 candRsrp=-113.156 < min=-110
UE 38 TTT_WAIT target=3 elapsed=0s need=2s
LM HO_FAIL_LOW_RSRP UE=39 currCell=2 candCell=5 candRsrp=-132.517 < min=-110
LM HO_FAIL_LOW_RSRP UE=41 currCell=4 candCell=7 candRsrp=-133.741 < min=-110
UE 43 TTT_WAIT target=1 elapsed=0s need=2s
LM HO_FAIL_LOW_RSRP UE=46 currCell=4 candCell=7 candRsrp=-140.118 < min=-110
UE 48 TTT_WAIT target=5 elapsed=0s need=2s
LM HO_FAIL_LOW_RSRP UE=49 currCell=1 candCell=4 candRsrp=-122.211 < min=-110
UE 55 TTT_WAIT target=1 elapsed=0s need=2s
UE 57 TTT_WAIT target=3 elapsed=0s need=2s
LM HO_FAIL_LOW_RSRP UE=58 currCell=3 candCell=5 candRsrp=-138.936 < min=-110
LM HO UE=59 rnti=150 1->3 type=TN servingRsrp=-91.578 targetRsrp=-80.9543 targetLoadReal=11/20 targetLoadEff=11/20
LM HO_FAIL_LOW_RSRP UE=61 currCell=3 candCell=4 candRsrp=-119.849 < min=-110
LM HO_FAIL_LOW_RSRP UE=64 currCell=2 candCell=4 candRsrp=-119.858 < min=-110
LM HO_FAIL_LOW_RSRP UE=67 currCell=3 candCell=5 candRsrp=-136.186 < min=-110
LM HO_FAIL_LOW_RSRP UE=69 currCell=1 candCell=4 candRsrp=-120.569 < min=-110
LM HO_FAIL_LOW_RSRP UE=72 currCell=3 candCell=1 candRsrp=-114.093 < min=-110
UE 75 TTT_WAIT target=3 elapsed=0s need=2s
UE 78 TTT_WAIT target=1 elapsed=0s need=2s
LM HO_FAIL_LOW_RSRP UE=79 currCell=4 candCell=1 candRsrp=-115.424 < min=-110
LM HO_FAIL_LOW_RSRP UE=82 currCell=2 candCell=3 candRsrp=-114.457 < min=-110
LM HO_FAIL_LOW_RSRP UE=83 currCell=1 candCell=7 candRsrp=-118.113 < min=-110
UE 85 TTT_WAIT target=7 elapsed=0s need=2s
UE 102 TTT_WAIT target=4 elapsed=0s need=2s
TRACE HO_SUCCESS Time=172.615 IMSI=25 TargetCell=2 Type=TN TargetRSRP=-135.599 ServingRSRP=-114.295 BackhaulDlSnr=-999 BackhaulUlSnr=-999
TRACE HO_SUCCESS Time=172.615 IMSI=58 TargetCell=3 Type=TN TargetRSRP=-104.393 ServingRSRP=-94.7471 BackhaulDlSnr=-999 BackhaulUlSnr=-999
UAV_AUTONOMY_XAPP Time=174.5 DeploymentMode=tn-uav-satellite UavIndex=0 UavCellId=5 BestDonorCellId=1 BestDonorDistanceM=4935.01 XhaulConnected=1 XhaulChannelVariationDb=3.42514 RawXhaulState=UNREACHABLE RawXhaulStateAgeSec=170 XhaulState=UNREACHABLE DonorUnavailableActive=0 SatBackhaulHealthy=1 UavSwitchingXappAvailable=1 UavSwitchingXappState=AI_ACTIVE AiPredictedBackhaulMode=SATELLITE_FALLBACK BackhaulMode=SATELLITE_FALLBACK RicControlState=NEAR_RT_RIC_SWITCHING_TO_SATELLITE_BACKHAUL ActiveUavRic=TN_NEAR_RT_RIC NormalUeHandoverAllowed=1 UavMode=NEAR_RT_RIC_EMERGENCY_SWITCHING_WITH_SATELLITE_BACKHAUL
UAV_AUTONOMY_XAPP Time=174.5 DeploymentMode=tn-uav-satellite UavIndex=1 UavCellId=6 BestDonorCellId=4 BestDonorDistanceM=3899.96 XhaulConnected=1 XhaulChannelVariationDb=-0.503817 RawXhaulState=UNREACHABLE RawXhaulStateAgeSec=144 XhaulState=UNREACHABLE DonorUnavailableActive=0 SatBackhaulHealthy=1 UavSwitchingXappAvailable=1 UavSwitchingXappState=AI_ACTIVE AiPredictedBackhaulMode=SATELLITE_FALLBACK BackhaulMode=SATELLITE_FALLBACK RicControlState=NEAR_RT_RIC_SWITCHING_TO_SATELLITE_BACKHAUL ActiveUavRic=TN_NEAR_RT_RIC NormalUeHandoverAllowed=1 UavMode=NEAR_RT_RIC_EMERGENCY_SWITCHING_WITH_SATELLITE_BACKHAUL
UAV_AUTONOMY_XAPP Time=174.5 DeploymentMode=tn-uav-satellite UavIndex=2 UavCellId=7 BestDonorCellId=4 BestDonorDistanceM=3179.57 XhaulConnected=1 XhaulChannelVariationDb=-2.84467 RawXhaulState=UNREACHABLE RawXhaulStateAgeSec=154 XhaulState=UNREACHABLE DonorUnavailableActive=0 SatBackhaulHealthy=1 UavSwitchingXappAvailable=1 UavSwitchingXappState=AI_ACTIVE AiPredictedBackhaulMode=SATELLITE_FALLBACK BackhaulMode=SATELLITE_FALLBACK RicControlState=NEAR_RT_RIC_SWITCHING_TO_SATELLITE_BACKHAUL ActiveUavRic=TN_NEAR_RT_RIC NormalUeHandoverAllowed=1 UavMode=NEAR_RT_RIC_EMERGENCY_SWITCHING_WITH_SATELLITE_BACKHAUL
---- LOAD at t=174.5 ----
  cell 1 (TN) load=15/20
  cell 2 (TN) load=20/20
  cell 3 (TN) load=12/20
  cell 4 (TN) load=13/20
  cell 5 (NTN) load=13/15
  cell 6 (NTN) load=15/15
  cell 7 (NTN) load=13/15
LM HO UE=10 rnti=153 1->3 type=TN servingRsrp=-112.296 targetRsrp=-104.884 targetLoadReal=12/20 targetLoadEff=12/20
LM HO UE=11 rnti=124 2->4 type=TN servingRsrp=-129.158 targetRsrp=-98.4851 targetLoadReal=13/20 targetLoadEff=13/20
LM HO_FAIL_LOW_RSRP UE=13 currCell=1 candCell=4 candRsrp=-111.143 < min=-110
LM HO_FAIL_LOW_RSRP UE=15 currCell=3 candCell=1 candRsrp=-112.959 < min=-110
UE 17 TTT_WAIT target=3 elapsed=0s need=2s
UE 18 TTT_WAIT target=3 elapsed=0s need=2s
UE 23 TTT_WAIT target=3 elapsed=0s need=2s
UE 26 TTT_WAIT target=1 elapsed=0s need=2s
UE 28 TTT_WAIT target=1 elapsed=0s need=2s
LM HO_FAIL_LOW_RSRP UE=33 currCell=2 candCell=7 candRsrp=-116.966 < min=-110
UE 34 TTT_WAIT target=1 elapsed=0s need=2s
UE 35 TTT_WAIT target=5 elapsed=0s need=2s
LM HO_FAIL_LOW_RSRP UE=37 currCell=2 candCell=7 candRsrp=-117.003 < min=-110
LM HO UE=38 rnti=201 5->3 type=TN servingRsrp=-117.539 targetRsrp=-91.6804 targetLoadReal=12/20 targetLoadEff=13/20
LM HO_FAIL_LOW_RSRP UE=39 currCell=2 candCell=1 candRsrp=-119.832 < min=-110
LM HO_FAIL_LOW_RSRP UE=41 currCell=4 candCell=7 candRsrp=-120.991 < min=-110
LM HO_FAIL_LOW_RSRP UE=42 currCell=6 candCell=7 candRsrp=-127.309 < min=-110
UE 45 TTT_WAIT target=3 elapsed=0s need=2s
UE 49 TTT_WAIT target=4 elapsed=0s need=2s
LM HO_FAIL_LOW_RSRP UE=54 currCell=2 candCell=1 candRsrp=-111.302 < min=-110
LM HO UE=57 rnti=128 2->3 type=TN servingRsrp=-136.278 targetRsrp=-97.2004 targetLoadReal=12/20 targetLoadEff=14/20
LM HO_FAIL_LOW_RSRP UE=59 currCell=3 candCell=5 candRsrp=-129.697 < min=-110
LM HO_FAIL_LOW_RSRP UE=60 currCell=3 candCell=5 candRsrp=-137.724 < min=-110
UE 62 TTT_WAIT target=3 elapsed=0s need=2s
LM HO_FAIL_LOW_RSRP UE=64 currCell=2 candCell=5 candRsrp=-123.713 < min=-110
UE 66 TTT_WAIT target=3 elapsed=0s need=2s
LM HO_FAIL_LOW_RSRP UE=67 currCell=3 candCell=1 candRsrp=-123.941 < min=-110
UE 70 TTT_WAIT target=1 elapsed=0s need=2s
LM HO_FAIL_LOW_RSRP UE=72 currCell=3 candCell=5 candRsrp=-117.633 < min=-110
LM HO UE=75 rnti=122 2->3 type=TN servingRsrp=-120.27 targetRsrp=-80.8991 targetLoadReal=12/20 targetLoadEff=15/20
LM HO_FAIL_LOW_RSRP UE=77 currCell=4 candCell=7 candRsrp=-127.323 < min=-110
LM HO_FAIL_LOW_RSRP UE=79 currCell=4 candCell=1 candRsrp=-124.203 < min=-110
UE 80 TTT_WAIT target=3 elapsed=0s need=2s
LM HO_FAIL_LOW_RSRP UE=82 currCell=2 candCell=7 candRsrp=-126.275 < min=-110
LM HO_FAIL_LOW_RSRP UE=83 currCell=1 candCell=3 candRsrp=-118.406 < min=-110
LM HO_FAIL_LOW_RSRP UE=84 currCell=4 candCell=1 candRsrp=-117.681 < min=-110
UE 85 TTT_WAIT target=3 elapsed=0s need=2s
UE 87 TTT_WAIT target=3 elapsed=0s need=2s
TRACE HO_SUCCESS Time=174.615 IMSI=9 TargetCell=3 Type=TN TargetRSRP=-98.8029 ServingRSRP=-96.0597 BackhaulDlSnr=-999 BackhaulUlSnr=-999
TRACE HO_SUCCESS Time=174.615 IMSI=74 TargetCell=3 Type=TN TargetRSRP=-122.123 ServingRSRP=-116.562 BackhaulDlSnr=-999 BackhaulUlSnr=-999
TRACE HO_SUCCESS Time=174.615 IMSI=56 TargetCell=3 Type=TN TargetRSRP=-121.876 ServingRSRP=-107.514 BackhaulDlSnr=-999 BackhaulUlSnr=-999
TRACE HO_SUCCESS Time=174.615 IMSI=37 TargetCell=3 Type=TN TargetRSRP=-121.173 ServingRSRP=-121.785 BackhaulDlSnr=-999 BackhaulUlSnr=-999
TRACE HO_SUCCESS Time=174.615 IMSI=10 TargetCell=4 Type=TN TargetRSRP=-111.606 ServingRSRP=-100.372 BackhaulDlSnr=-999 BackhaulUlSnr=-999
UAV_AUTONOMY_XAPP Time=176.5 DeploymentMode=tn-uav-satellite UavIndex=0 UavCellId=5 BestDonorCellId=2 BestDonorDistanceM=5378.44 XhaulConnected=1 XhaulChannelVariationDb=0.0997457 RawXhaulState=UNREACHABLE RawXhaulStateAgeSec=172 XhaulState=UNREACHABLE DonorUnavailableActive=0 SatBackhaulHealthy=1 UavSwitchingXappAvailable=1 UavSwitchingXappState=AI_ACTIVE AiPredictedBackhaulMode=SATELLITE_FALLBACK BackhaulMode=SATELLITE_FALLBACK RicControlState=NEAR_RT_RIC_SWITCHING_TO_SATELLITE_BACKHAUL ActiveUavRic=TN_NEAR_RT_RIC NormalUeHandoverAllowed=1 UavMode=NEAR_RT_RIC_EMERGENCY_SWITCHING_WITH_SATELLITE_BACKHAUL
UAV_AUTONOMY_XAPP Time=176.5 DeploymentMode=tn-uav-satellite UavIndex=1 UavCellId=6 BestDonorCellId=4 BestDonorDistanceM=3899.96 XhaulConnected=1 XhaulChannelVariationDb=-1.4957 RawXhaulState=UNREACHABLE RawXhaulStateAgeSec=146 XhaulState=UNREACHABLE DonorUnavailableActive=0 SatBackhaulHealthy=1 UavSwitchingXappAvailable=1 UavSwitchingXappState=AI_ACTIVE AiPredictedBackhaulMode=SATELLITE_FALLBACK BackhaulMode=SATELLITE_FALLBACK RicControlState=NEAR_RT_RIC_SWITCHING_TO_SATELLITE_BACKHAUL ActiveUavRic=TN_NEAR_RT_RIC NormalUeHandoverAllowed=1 UavMode=NEAR_RT_RIC_EMERGENCY_SWITCHING_WITH_SATELLITE_BACKHAUL
UAV_AUTONOMY_XAPP Time=176.5 DeploymentMode=tn-uav-satellite UavIndex=2 UavCellId=7 BestDonorCellId=4 BestDonorDistanceM=3180.3 XhaulConnected=1 XhaulChannelVariationDb=-3.75566 RawXhaulState=UNREACHABLE RawXhaulStateAgeSec=156 XhaulState=UNREACHABLE DonorUnavailableActive=0 SatBackhaulHealthy=1 UavSwitchingXappAvailable=1 UavSwitchingXappState=AI_ACTIVE AiPredictedBackhaulMode=SATELLITE_FALLBACK BackhaulMode=SATELLITE_FALLBACK RicControlState=NEAR_RT_RIC_SWITCHING_TO_SATELLITE_BACKHAUL ActiveUavRic=TN_NEAR_RT_RIC NormalUeHandoverAllowed=1 UavMode=NEAR_RT_RIC_EMERGENCY_SWITCHING_WITH_SATELLITE_BACKHAUL
---- LOAD at t=176.5 ----
  cell 1 (TN) load=14/20
  cell 2 (TN) load=17/20
  cell 3 (TN) load=16/20
  cell 4 (TN) load=14/20
  cell 5 (NTN) load=12/15
  cell 6 (NTN) load=15/15
  cell 7 (NTN) load=13/15
UE 9 TTT_WAIT target=4 elapsed=0s need=2s
UE 10 TTT_WAIT target=2 elapsed=0s need=2s
UE 11 TTT_WAIT target=1 elapsed=0s need=2s
UE 13 TTT_WAIT target=2 elapsed=0s need=2s
LM HO_FAIL_LOW_RSRP UE=15 currCell=3 candCell=7 candRsrp=-119.795 < min=-110
UE 16 TTT_WAIT target=1 elapsed=0s need=2s
UE 17 TTT_WAIT target=2 elapsed=0s need=2s
UE 21 TTT_WAIT target=3 elapsed=0s need=2s
LM HO_FAIL_LOW_RSRP UE=23 currCell=1 candCell=7 candRsrp=-138.512 < min=-110
UE 25 TTT_WAIT target=4 elapsed=0s need=2s
LM HO_FAIL_LOW_RSRP UE=26 currCell=2 candCell=7 candRsrp=-121.654 < min=-110
LM HO UE=28 rnti=129 3->1 type=TN servingRsrp=-84.1905 targetRsrp=-78.3771 targetLoadReal=14/20 targetLoadEff=14/20
UE 29 TTT_WAIT target=3 elapsed=0s need=2s
UE 33 TTT_WAIT target=4 elapsed=0s need=2s
LM HO_FAIL_LOW_RSRP UE=34 currCell=4 candCell=5 candRsrp=-119.047 < min=-110
LM HO UE=35 rnti=137 1->5 type=NTN servingRsrp=-98.0108 targetRsrp=-94.0439 targetLoadReal=12/15 targetLoadEff=12/15
UE 38 TTT_WAIT target=1 elapsed=0s need=2s
UE 39 TTT_WAIT target=1 elapsed=0s need=2s
UE 41 TTT_WAIT target=3 elapsed=0s need=2s
UE 42 TTT_WAIT target=3 elapsed=0s need=2s
LM HO_FAIL_LOW_RSRP UE=43 currCell=3 candCell=5 candRsrp=-124.218 < min=-110
UE 46 TTT_WAIT target=3 elapsed=0s need=2s
LM HO_FAIL_LOW_RSRP UE=48 currCell=2 candCell=5 candRsrp=-138.572 < min=-110
LM HO UE=49 rnti=151 1->4 type=TN servingRsrp=-84.9996 targetRsrp=-77.0143 targetLoadReal=14/20 targetLoadEff=14/20
UE 52 TTT_WAIT target=3 elapsed=0s need=2s
LM HO_FAIL_LOW_RSRP UE=57 currCell=3 candCell=7 candRsrp=-120.497 < min=-110
UE 58 TTT_WAIT target=5 elapsed=0s need=2s
LM HO_FAIL_LOW_RSRP UE=59 currCell=3 candCell=2 candRsrp=-114.742 < min=-110
LM HO_FAIL_LOW_RSRP UE=60 currCell=3 candCell=5 candRsrp=-130.719 < min=-110
LM HO_FAIL_LOW_RSRP UE=61 currCell=3 candCell=4 candRsrp=-120.529 < min=-110
LM HO_FAIL_LOW_RSRP UE=62 currCell=1 candCell=3 candRsrp=-131.559 < min=-110
LM HO_FAIL_LOW_RSRP UE=67 currCell=3 candCell=2 candRsrp=-113.768 < min=-110
UE 69 TTT_WAIT target=4 elapsed=0s need=2s
LM HO_FAIL_LOW_RSRP UE=72 currCell=3 candCell=5 candRsrp=-131.697 < min=-110
UE 74 TTT_WAIT target=3 elapsed=0s need=2s
UE 75 TTT_WAIT target=1 elapsed=0s need=2s
LM HO_FAIL_LOW_RSRP UE=77 currCell=4 candCell=7 candRsrp=-135.985 < min=-110
UE 78 TTT_WAIT target=2 elapsed=0s need=2s
LM HO_FAIL_LOW_RSRP UE=82 currCell=2 candCell=1 candRsrp=-117.173 < min=-110
LM HO_FAIL_LOW_RSRP UE=83 currCell=1 candCell=3 candRsrp=-120.139 < min=-110
UE 84 TTT_WAIT target=1 elapsed=0s need=2s
LM HO_FAIL_LOW_RSRP UE=85 currCell=4 candCell=7 candRsrp=-132.768 < min=-110
LM HO UE=87 rnti=22 2->3 type=TN servingRsrp=-105.006 targetRsrp=-86.6887 targetLoadReal=16/20 targetLoadEff=16/20
UE 102 TTT_WAIT target=4 elapsed=0s need=2s
TRACE HO_SUCCESS Time=176.615 IMSI=27 TargetCell=1 Type=TN TargetRSRP=-109.464 ServingRSRP=-110.052 BackhaulDlSnr=-999 BackhaulUlSnr=-999
TRACE HO_SUCCESS Time=176.615 IMSI=86 TargetCell=3 Type=TN TargetRSRP=-120.176 ServingRSRP=-84.9797 BackhaulDlSnr=-999 BackhaulUlSnr=-999
TRACE HO_SUCCESS Time=176.615 IMSI=48 TargetCell=4 Type=TN TargetRSRP=-116.715 ServingRSRP=-108.143 BackhaulDlSnr=-999 BackhaulUlSnr=-999
TRACE HO_SUCCESS Time=176.615 IMSI=34 TargetCell=5 Type=NTN TargetRSRP=-137.193 ServingRSRP=-94.8388 BackhaulDlSnr=11.0865 BackhaulUlSnr=6.56586
UAV_AUTONOMY_XAPP Time=178.5 DeploymentMode=tn-uav-satellite UavIndex=0 UavCellId=5 BestDonorCellId=3 BestDonorDistanceM=4994.74 XhaulConnected=1 XhaulChannelVariationDb=0.605236 RawXhaulState=UNREACHABLE RawXhaulStateAgeSec=174 XhaulState=UNREACHABLE DonorUnavailableActive=0 SatBackhaulHealthy=1 UavSwitchingXappAvailable=1 UavSwitchingXappState=AI_ACTIVE AiPredictedBackhaulMode=SATELLITE_FALLBACK BackhaulMode=SATELLITE_FALLBACK RicControlState=NEAR_RT_RIC_SWITCHING_TO_SATELLITE_BACKHAUL ActiveUavRic=TN_NEAR_RT_RIC NormalUeHandoverAllowed=1 UavMode=NEAR_RT_RIC_EMERGENCY_SWITCHING_WITH_SATELLITE_BACKHAUL
UAV_AUTONOMY_XAPP Time=178.5 DeploymentMode=tn-uav-satellite UavIndex=1 UavCellId=6 BestDonorCellId=4 BestDonorDistanceM=3899.96 XhaulConnected=1 XhaulChannelVariationDb=-5.18486 RawXhaulState=UNREACHABLE RawXhaulStateAgeSec=148 XhaulState=UNREACHABLE DonorUnavailableActive=0 SatBackhaulHealthy=1 UavSwitchingXappAvailable=1 UavSwitchingXappState=AI_ACTIVE AiPredictedBackhaulMode=SATELLITE_FALLBACK BackhaulMode=SATELLITE_FALLBACK RicControlState=NEAR_RT_RIC_SWITCHING_TO_SATELLITE_BACKHAUL ActiveUavRic=TN_NEAR_RT_RIC NormalUeHandoverAllowed=1 UavMode=NEAR_RT_RIC_EMERGENCY_SWITCHING_WITH_SATELLITE_BACKHAUL
UAV_AUTONOMY_XAPP Time=178.5 DeploymentMode=tn-uav-satellite UavIndex=2 UavCellId=7 BestDonorCellId=4 BestDonorDistanceM=3220.17 XhaulConnected=1 XhaulChannelVariationDb=-3.64141 RawXhaulState=UNREACHABLE RawXhaulStateAgeSec=158 XhaulState=UNREACHABLE DonorUnavailableActive=0 SatBackhaulHealthy=1 UavSwitchingXappAvailable=1 UavSwitchingXappState=AI_ACTIVE AiPredictedBackhaulMode=SATELLITE_FALLBACK BackhaulMode=SATELLITE_FALLBACK RicControlState=NEAR_RT_RIC_SWITCHING_TO_SATELLITE_BACKHAUL ActiveUavRic=TN_NEAR_RT_RIC NormalUeHandoverAllowed=1 UavMode=NEAR_RT_RIC_EMERGENCY_SWITCHING_WITH_SATELLITE_BACKHAUL
---- LOAD at t=178.5 ----
  cell 1 (TN) load=13/20
  cell 2 (TN) load=16/20
  cell 3 (TN) load=16/20
  cell 4 (TN) load=15/20
  cell 5 (NTN) load=13/15
  cell 6 (NTN) load=15/15
  cell 7 (NTN) load=13/15
UE 13 TTT_WAIT target=4 elapsed=0s need=2s
UE 14 TTT_WAIT target=5 elapsed=0s need=2s
LM HO_FAIL_LOW_RSRP UE=17 currCell=4 candCell=7 candRsrp=-134.79 < min=-110
UE 18 TTT_WAIT target=3 elapsed=0s need=2s
UE 23 TTT_WAIT target=3 elapsed=0s need=2s
LM HO UE=25 rnti=191 6->4 type=TN servingRsrp=-124.432 targetRsrp=-79.1339 targetLoadReal=15/20 targetLoadEff=15/20
UE 26 TTT_WAIT target=5 elapsed=0s need=2s
LM HO_FAIL_LOW_RSRP UE=28 currCell=1 candCell=5 candRsrp=-138.246 < min=-110
UE 32 TTT_WAIT target=7 elapsed=0s need=2s
UE 33 TTT_WAIT target=1 elapsed=0s need=2s
LM HO_FAIL_LOW_RSRP UE=34 currCell=4 candCell=7 candRsrp=-112.181 < min=-110
LM HO_FAIL_LOW_RSRP UE=39 currCell=2 candCell=5 candRsrp=-134.783 < min=-110
UE 43 TTT_WAIT target=1 elapsed=0s need=2s
UE 45 TTT_WAIT target=3 elapsed=0s need=2s
UE 46 TTT_WAIT target=7 elapsed=0s need=2s
LM HO_FAIL_LOW_RSRP UE=48 currCell=2 candCell=1 candRsrp=-118.369 < min=-110
LM HO_FAIL_LOW_RSRP UE=49 currCell=4 candCell=7 candRsrp=-111.851 < min=-110
LM HO_FAIL_LOW_RSRP UE=54 currCell=2 candCell=3 candRsrp=-110.622 < min=-110
UE 55 TTT_WAIT target=3 elapsed=0s need=2s
UE 56 TTT_WAIT target=1 elapsed=0s need=2s
UE 57 TTT_WAIT target=2 elapsed=0s need=2s
LM HO_FAIL_LOW_RSRP UE=58 currCell=3 candCell=5 candRsrp=-128.325 < min=-110
UE 59 TTT_WAIT target=2 elapsed=0s need=2s
UE 60 TTT_WAIT target=2 elapsed=0s need=2s
UE 61 TTT_WAIT target=4 elapsed=0s need=2s
UE 62 TTT_WAIT target=5 elapsed=0s need=2s
LM HO_FAIL_LOW_RSRP UE=64 currCell=2 candCell=4 candRsrp=-122.85 < min=-110
UE 66 TTT_WAIT target=3 elapsed=0s need=2s
LM HO_FAIL_LOW_RSRP UE=67 currCell=3 candCell=5 candRsrp=-126.938 < min=-110
LM HO_FAIL_LOW_RSRP UE=69 currCell=1 candCell=4 candRsrp=-119.409 < min=-110
UE 70 TTT_WAIT target=4 elapsed=0s need=2s
LM HO_FAIL_LOW_RSRP UE=72 currCell=3 candCell=7 candRsrp=-119.855 < min=-110
LM HO_FAIL_LOW_RSRP UE=75 currCell=3 candCell=1 candRsrp=-113.311 < min=-110
LM HO_FAIL_LOW_RSRP UE=77 currCell=4 candCell=7 candRsrp=-137.377 < min=-110
LM HO UE=78 rnti=132 3->2 type=TN servingRsrp=-96.7266 targetRsrp=-75.6953 targetLoadReal=16/20 targetLoadEff=16/20
UE 79 TTT_WAIT target=1 elapsed=0s need=2s
UE 83 TTT_WAIT target=5 elapsed=0s need=2s
LM HO_FAIL_LOW_RSRP UE=84 currCell=4 candCell=7 candRsrp=-142.461 < min=-110
LM HO_FAIL_LOW_RSRP UE=85 currCell=4 candCell=7 candRsrp=-138.982 < min=-110
UE 86 TTT_WAIT target=1 elapsed=0s need=2s
UE 120 TTT_WAIT target=4 elapsed=0s need=2s
TRACE HO_SUCCESS Time=178.615 IMSI=77 TargetCell=2 Type=TN TargetRSRP=-104.488 ServingRSRP=-84.7286 BackhaulDlSnr=-999 BackhaulUlSnr=-999
TRACE HO_SUCCESS Time=178.615 IMSI=24 TargetCell=4 Type=TN TargetRSRP=-76.2703 ServingRSRP=-129.988 BackhaulDlSnr=-999 BackhaulUlSnr=-999
UAV_AUTONOMY_XAPP Time=180.5 DeploymentMode=tn-uav-satellite UavIndex=0 UavCellId=5 BestDonorCellId=1 BestDonorDistanceM=4919.49 XhaulConnected=1 XhaulChannelVariationDb=1.54334 RawXhaulState=UNREACHABLE RawXhaulStateAgeSec=176 XhaulState=UNREACHABLE DonorUnavailableActive=0 SatBackhaulHealthy=1 UavSwitchingXappAvailable=1 UavSwitchingXappState=AI_ACTIVE AiPredictedBackhaulMode=SATELLITE_FALLBACK BackhaulMode=SATELLITE_FALLBACK RicControlState=NEAR_RT_RIC_SWITCHING_TO_SATELLITE_BACKHAUL ActiveUavRic=TN_NEAR_RT_RIC NormalUeHandoverAllowed=1 UavMode=NEAR_RT_RIC_EMERGENCY_SWITCHING_WITH_SATELLITE_BACKHAUL
UAV_AUTONOMY_XAPP Time=180.5 DeploymentMode=tn-uav-satellite UavIndex=1 UavCellId=6 BestDonorCellId=4 BestDonorDistanceM=3946.46 XhaulConnected=1 XhaulChannelVariationDb=1.23023 RawXhaulState=UNREACHABLE RawXhaulStateAgeSec=150 XhaulState=UNREACHABLE DonorUnavailableActive=0 SatBackhaulHealthy=1 UavSwitchingXappAvailable=1 UavSwitchingXappState=AI_ACTIVE AiPredictedBackhaulMode=SATELLITE_FALLBACK BackhaulMode=SATELLITE_FALLBACK RicControlState=NEAR_RT_RIC_SWITCHING_TO_SATELLITE_BACKHAUL ActiveUavRic=TN_NEAR_RT_RIC NormalUeHandoverAllowed=1 UavMode=NEAR_RT_RIC_EMERGENCY_SWITCHING_WITH_SATELLITE_BACKHAUL
UAV_AUTONOMY_XAPP Time=180.5 DeploymentMode=tn-uav-satellite UavIndex=2 UavCellId=7 BestDonorCellId=4 BestDonorDistanceM=3288.59 XhaulConnected=1 XhaulChannelVariationDb=-1.45055 RawXhaulState=UNREACHABLE RawXhaulStateAgeSec=160 XhaulState=UNREACHABLE DonorUnavailableActive=0 SatBackhaulHealthy=1 UavSwitchingXappAvailable=1 UavSwitchingXappState=AI_ACTIVE AiPredictedBackhaulMode=SATELLITE_FALLBACK BackhaulMode=SATELLITE_FALLBACK RicControlState=NEAR_RT_RIC_SWITCHING_TO_SATELLITE_BACKHAUL ActiveUavRic=TN_NEAR_RT_RIC NormalUeHandoverAllowed=1 UavMode=NEAR_RT_RIC_EMERGENCY_SWITCHING_WITH_SATELLITE_BACKHAUL
---- LOAD at t=180.5 ----
  cell 1 (TN) load=13/20
  cell 2 (TN) load=17/20
  cell 3 (TN) load=16/20
  cell 4 (TN) load=16/20
  cell 5 (NTN) load=13/15
  cell 6 (NTN) load=14/15
  cell 7 (NTN) load=13/15
UE 11 TTT_WAIT target=1 elapsed=0s need=2s
UE 13 TTT_WAIT target=3 elapsed=0s need=2s
LM HO_FAIL_LOW_RSRP UE=14 currCell=1 candCell=2 candRsrp=-115.209 < min=-110
UE 15 TTT_WAIT target=2 elapsed=0s need=2s
UE 17 TTT_WAIT target=2 elapsed=0s need=2s
UE 18 TTT_WAIT target=1 elapsed=0s need=2s
UE 21 TTT_WAIT target=6 elapsed=0s need=2s
UE 23 TTT_WAIT target=2 elapsed=0s need=2s
UE 28 TTT_WAIT target=3 elapsed=0s need=2s
LM HO_FAIL_LOW_RSRP UE=32 currCell=4 candCell=6 candRsrp=-129.752 < min=-110
UE 33 TTT_WAIT target=7 elapsed=0s need=2s
UE 34 TTT_WAIT target=1 elapsed=0s need=2s
UE 35 TTT_WAIT target=1 elapsed=0s need=2s
LM HO_FAIL_LOW_RSRP UE=38 currCell=3 candCell=2 candRsrp=-116.001 < min=-110
LM HO_FAIL_LOW_RSRP UE=41 currCell=4 candCell=1 candRsrp=-119.714 < min=-110
LM HO UE=43 rnti=128 3->1 type=TN servingRsrp=-114.272 targetRsrp=-107.515 targetLoadReal=13/20 targetLoadEff=13/20
LM HO UE=45 rnti=89 2->3 type=TN servingRsrp=-106.245 targetRsrp=-91.4015 targetLoadReal=16/20 targetLoadEff=16/20
UE 46 TTT_WAIT target=1 elapsed=0s need=2s
UE 49 TTT_WAIT target=1 elapsed=0s need=2s
LM HO_FAIL_LOW_RSRP UE=57 currCell=3 candCell=6 candRsrp=-113.336 < min=-110
UE 59 TTT_WAIT target=1 elapsed=0s need=2s
LM HO UE=60 rnti=116 3->2 type=TN servingRsrp=-108.925 targetRsrp=-102.433 targetLoadReal=17/20 targetLoadEff=17/20
LM HO_FAIL_LOW_RSRP UE=61 currCell=3 candCell=4 candRsrp=-115.657 < min=-110
LM HO_FAIL_LOW_RSRP UE=62 currCell=1 candCell=3 candRsrp=-128.613 < min=-110
LM HO_FAIL_LOW_RSRP UE=67 currCell=3 candCell=4 candRsrp=-122.144 < min=-110
UE 75 TTT_WAIT target=1 elapsed=0s need=2s
UE 76 TTT_WAIT target=3 elapsed=0s need=2s
LM HO_FAIL_LOW_RSRP UE=77 currCell=4 candCell=6 candRsrp=-127.563 < min=-110
LM HO_FAIL_LOW_RSRP UE=79 currCell=4 candCell=6 candRsrp=-133.83 < min=-110
LM HO_FAIL_LOW_RSRP UE=82 currCell=2 candCell=3 candRsrp=-119.818 < min=-110
UE 84 TTT_WAIT target=1 elapsed=0s need=2s
LM HO UE=86 rnti=100 2->1 type=TN servingRsrp=-110.723 targetRsrp=-100.781 targetLoadReal=13/20 targetLoadEff=14/20
UE 87 TTT_WAIT target=1 elapsed=0s need=2s
UE 102 TTT_WAIT target=4 elapsed=0s need=2s
UE 111 TTT_WAIT target=4 elapsed=0s need=2s
TRACE HO_SUCCESS Time=180.615 IMSI=85 TargetCell=1 Type=TN TargetRSRP=-97.5695 ServingRSRP=-96.518 BackhaulDlSnr=-999 BackhaulUlSnr=-999
TRACE HO_SUCCESS Time=180.615 IMSI=42 TargetCell=1 Type=TN TargetRSRP=-109.618 ServingRSRP=-104.07 BackhaulDlSnr=-999 BackhaulUlSnr=-999
TRACE HO_SUCCESS Time=180.615 IMSI=59 TargetCell=2 Type=TN TargetRSRP=-124.644 ServingRSRP=-117.501 BackhaulDlSnr=-999 BackhaulUlSnr=-999
TRACE HO_SUCCESS Time=180.615 IMSI=44 TargetCell=3 Type=TN TargetRSRP=-124.151 ServingRSRP=-83.7074 BackhaulDlSnr=-999 BackhaulUlSnr=-999
UAV_AUTONOMY_XAPP Time=182.5 DeploymentMode=tn-uav-satellite UavIndex=0 UavCellId=5 BestDonorCellId=3 BestDonorDistanceM=5030.91 XhaulConnected=1 XhaulChannelVariationDb=-2.80003 RawXhaulState=UNREACHABLE RawXhaulStateAgeSec=178 XhaulState=UNREACHABLE DonorUnavailableActive=0 SatBackhaulHealthy=1 UavSwitchingXappAvailable=1 UavSwitchingXappState=AI_ACTIVE AiPredictedBackhaulMode=SATELLITE_FALLBACK BackhaulMode=SATELLITE_FALLBACK RicControlState=NEAR_RT_RIC_SWITCHING_TO_SATELLITE_BACKHAUL ActiveUavRic=TN_NEAR_RT_RIC NormalUeHandoverAllowed=1 UavMode=NEAR_RT_RIC_EMERGENCY_SWITCHING_WITH_SATELLITE_BACKHAUL
UAV_AUTONOMY_XAPP Time=182.5 DeploymentMode=tn-uav-satellite UavIndex=1 UavCellId=6 BestDonorCellId=4 BestDonorDistanceM=4007.87 XhaulConnected=1 XhaulChannelVariationDb=-1.91072 RawXhaulState=UNREACHABLE RawXhaulStateAgeSec=152 XhaulState=UNREACHABLE DonorUnavailableActive=0 SatBackhaulHealthy=1 UavSwitchingXappAvailable=1 UavSwitchingXappState=AI_ACTIVE AiPredictedBackhaulMode=SATELLITE_FALLBACK BackhaulMode=SATELLITE_FALLBACK RicControlState=NEAR_RT_RIC_SWITCHING_TO_SATELLITE_BACKHAUL ActiveUavRic=TN_NEAR_RT_RIC NormalUeHandoverAllowed=1 UavMode=NEAR_RT_RIC_EMERGENCY_SWITCHING_WITH_SATELLITE_BACKHAUL
UAV_AUTONOMY_XAPP Time=182.5 DeploymentMode=tn-uav-satellite UavIndex=2 UavCellId=7 BestDonorCellId=4 BestDonorDistanceM=3348.36 XhaulConnected=1 XhaulChannelVariationDb=-2.59047 RawXhaulState=UNREACHABLE RawXhaulStateAgeSec=162 XhaulState=UNREACHABLE DonorUnavailableActive=0 SatBackhaulHealthy=1 UavSwitchingXappAvailable=1 UavSwitchingXappState=AI_ACTIVE AiPredictedBackhaulMode=SATELLITE_FALLBACK BackhaulMode=SATELLITE_FALLBACK RicControlState=NEAR_RT_RIC_SWITCHING_TO_SATELLITE_BACKHAUL ActiveUavRic=TN_NEAR_RT_RIC NormalUeHandoverAllowed=1 UavMode=NEAR_RT_RIC_EMERGENCY_SWITCHING_WITH_SATELLITE_BACKHAUL
---- LOAD at t=182.5 ----
  cell 1 (TN) load=15/20
  cell 2 (TN) load=16/20
  cell 3 (TN) load=15/20
  cell 4 (TN) load=16/20
  cell 5 (NTN) load=13/15
  cell 6 (NTN) load=14/15
  cell 7 (NTN) load=13/15
UE 10 TTT_WAIT target=1 elapsed=0s need=2s
UE 11 TTT_WAIT target=5 elapsed=0s need=2s
UE 13 TTT_WAIT target=2 elapsed=0s need=2s
UE 14 TTT_WAIT target=3 elapsed=0s need=2s
LM HO_FAIL_LOW_RSRP UE=17 currCell=4 candCell=2 candRsrp=-116.172 < min=-110
UE 21 TTT_WAIT target=1 elapsed=0s need=2s
UE 25 TTT_WAIT target=2 elapsed=0s need=2s
LM HO_FAIL_LOW_RSRP UE=26 currCell=2 candCell=1 candRsrp=-115.999 < min=-110
LM HO_FAIL_LOW_RSRP UE=28 currCell=1 candCell=7 candRsrp=-129.408 < min=-110
UE 29 TTT_WAIT target=2 elapsed=0s need=2s
UE 34 TTT_WAIT target=2 elapsed=0s need=2s
LM HO_FAIL_LOW_RSRP UE=37 currCell=2 candCell=7 candRsrp=-126.035 < min=-110
UE 38 TTT_WAIT target=2 elapsed=0s need=2s
UE 42 TTT_WAIT target=1 elapsed=0s need=2s
UE 43 TTT_WAIT target=2 elapsed=0s need=2s
UE 45 TTT_WAIT target=2 elapsed=0s need=2s
UE 48 TTT_WAIT target=4 elapsed=0s need=2s
LM HO UE=49 rnti=122 4->1 type=TN servingRsrp=-117.612 targetRsrp=-105.58 targetLoadReal=15/20 targetLoadEff=15/20
UE 53 TTT_WAIT target=1 elapsed=0s need=2s
UE 54 TTT_WAIT target=1 elapsed=0s need=2s
UE 55 TTT_WAIT target=1 elapsed=0s need=2s
LM HO_FAIL_LOW_RSRP UE=57 currCell=3 candCell=5 candRsrp=-114.615 < min=-110
LM HO UE=59 rnti=134 3->1 type=TN servingRsrp=-118.911 targetRsrp=-101.538 targetLoadReal=15/20 targetLoadEff=16/20
UE 60 TTT_WAIT target=1 elapsed=0s need=2s
LM HO_FAIL_LOW_RSRP UE=61 currCell=3 candCell=1 candRsrp=-113.565 < min=-110
LM HO_FAIL_LOW_RSRP UE=62 currCell=1 candCell=3 candRsrp=-129.954 < min=-110
LM HO_FAIL_LOW_RSRP UE=64 currCell=2 candCell=4 candRsrp=-118.928 < min=-110
UE 66 TTT_WAIT target=3 elapsed=0s need=2s
LM HO_FAIL_LOW_RSRP UE=67 currCell=3 candCell=2 candRsrp=-115.072 < min=-110
LM HO_FAIL_LOW_RSRP UE=70 currCell=2 candCell=6 candRsrp=-117.12 < min=-110
UE 71 TTT_WAIT target=3 elapsed=0s need=2s
UE 72 TTT_WAIT target=1 elapsed=0s need=2s
LM HO_FAIL_LOW_RSRP UE=75 currCell=3 candCell=4 candRsrp=-114.537 < min=-110
LM HO UE=76 rnti=141 1->3 type=TN servingRsrp=-81.5352 targetRsrp=-79.1679 targetLoadReal=15/20 targetLoadEff=15/20
UE 77 TTT_WAIT target=7 elapsed=0s need=2s
UE 82 TTT_WAIT target=5 elapsed=0s need=2s
LM HO_FAIL_LOW_RSRP UE=83 currCell=1 candCell=3 candRsrp=-118.023 < min=-110
LM HO_FAIL_LOW_RSRP UE=84 currCell=4 candCell=2 candRsrp=-116.303 < min=-110
UE 86 TTT_WAIT target=2 elapsed=0s need=2s
LM HO UE=87 rnti=139 3->1 type=TN servingRsrp=-114.519 targetRsrp=-85.4025 targetLoadReal=15/20 targetLoadEff=17/20
UE 99 TTT_WAIT target=4 elapsed=0s need=2s
UE 125 TTT_WAIT target=1 elapsed=0s need=2s
TRACE HO_SUCCESS Time=182.615 IMSI=86 TargetCell=1 Type=TN TargetRSRP=-73.8559 ServingRSRP=-79.2939 BackhaulDlSnr=-999 BackhaulUlSnr=-999
TRACE HO_SUCCESS Time=182.615 IMSI=58 TargetCell=1 Type=TN TargetRSRP=-96.2509 ServingRSRP=-81.4629 BackhaulDlSnr=-999 BackhaulUlSnr=-999
TRACE HO_SUCCESS Time=182.615 IMSI=48 TargetCell=1 Type=TN TargetRSRP=-119.184 ServingRSRP=-107.437 BackhaulDlSnr=-999 BackhaulUlSnr=-999
TRACE HO_SUCCESS Time=182.615 IMSI=75 TargetCell=3 Type=TN TargetRSRP=-111.712 ServingRSRP=-107.955 BackhaulDlSnr=-999 BackhaulUlSnr=-999
UAV_AUTONOMY_XAPP Time=184.5 DeploymentMode=tn-uav-satellite UavIndex=0 UavCellId=5 BestDonorCellId=1 BestDonorDistanceM=4963.58 XhaulConnected=1 XhaulChannelVariationDb=1.38142 RawXhaulState=UNREACHABLE RawXhaulStateAgeSec=180 XhaulState=UNREACHABLE DonorUnavailableActive=0 SatBackhaulHealthy=1 UavSwitchingXappAvailable=1 UavSwitchingXappState=AI_ACTIVE AiPredictedBackhaulMode=SATELLITE_FALLBACK BackhaulMode=SATELLITE_FALLBACK RicControlState=NEAR_RT_RIC_SWITCHING_TO_SATELLITE_BACKHAUL ActiveUavRic=TN_NEAR_RT_RIC NormalUeHandoverAllowed=1 UavMode=NEAR_RT_RIC_EMERGENCY_SWITCHING_WITH_SATELLITE_BACKHAUL
UAV_AUTONOMY_XAPP Time=184.5 DeploymentMode=tn-uav-satellite UavIndex=1 UavCellId=6 BestDonorCellId=4 BestDonorDistanceM=4008.4 XhaulConnected=1 XhaulChannelVariationDb=-2.91986 RawXhaulState=UNREACHABLE RawXhaulStateAgeSec=154 XhaulState=UNREACHABLE DonorUnavailableActive=0 SatBackhaulHealthy=1 UavSwitchingXappAvailable=1 UavSwitchingXappState=AI_ACTIVE AiPredictedBackhaulMode=SATELLITE_FALLBACK BackhaulMode=SATELLITE_FALLBACK RicControlState=NEAR_RT_RIC_SWITCHING_TO_SATELLITE_BACKHAUL ActiveUavRic=TN_NEAR_RT_RIC NormalUeHandoverAllowed=1 UavMode=NEAR_RT_RIC_EMERGENCY_SWITCHING_WITH_SATELLITE_BACKHAUL
UAV_AUTONOMY_XAPP Time=184.5 DeploymentMode=tn-uav-satellite UavIndex=2 UavCellId=7 BestDonorCellId=4 BestDonorDistanceM=3384.9 XhaulConnected=1 XhaulChannelVariationDb=-3.48798 RawXhaulState=UNREACHABLE RawXhaulStateAgeSec=164 XhaulState=UNREACHABLE DonorUnavailableActive=0 SatBackhaulHealthy=1 UavSwitchingXappAvailable=1 UavSwitchingXappState=AI_ACTIVE AiPredictedBackhaulMode=SATELLITE_FALLBACK BackhaulMode=SATELLITE_FALLBACK RicControlState=NEAR_RT_RIC_SWITCHING_TO_SATELLITE_BACKHAUL ActiveUavRic=TN_NEAR_RT_RIC NormalUeHandoverAllowed=1 UavMode=NEAR_RT_RIC_EMERGENCY_SWITCHING_WITH_SATELLITE_BACKHAUL
---- LOAD at t=184.5 ----
  cell 1 (TN) load=17/20
  cell 2 (TN) load=16/20
  cell 3 (TN) load=14/20
  cell 4 (TN) load=15/20
  cell 5 (NTN) load=13/15
  cell 6 (NTN) load=14/15
  cell 7 (NTN) load=13/15
LM HO UE=10 rnti=135 3->1 type=TN servingRsrp=-104.243 targetRsrp=-85.9826 targetLoadReal=17/20 targetLoadEff=17/20
LM HO UE=13 rnti=158 1->2 type=TN servingRsrp=-119.154 targetRsrp=-81.1313 targetLoadReal=16/20 targetLoadEff=16/20
LM HO UE=14 rnti=125 1->3 type=TN servingRsrp=-117.863 targetRsrp=-105.542 targetLoadReal=14/20 targetLoadEff=14/20
UE 17 TTT_WAIT target=2 elapsed=0s need=2s
UE 21 TTT_WAIT target=3 elapsed=0s need=2s
UE 28 TTT_WAIT target=2 elapsed=0s need=2s
LM HO_FAIL_LOW_RSRP UE=32 currCell=4 candCell=7 candRsrp=-117.036 < min=-110
UE 34 TTT_WAIT target=1 elapsed=0s need=2s
UE 35 TTT_WAIT target=1 elapsed=0s need=2s
UE 38 TTT_WAIT target=6 elapsed=0s need=2s
UE 39 TTT_WAIT target=3 elapsed=0s need=2s
UE 41 TTT_WAIT target=2 elapsed=0s need=2s
LM HO UE=42 rnti=208 6->1 type=TN servingRsrp=-123.432 targetRsrp=-104.184 targetLoadReal=17/20 targetLoadEff=18/20
UE 43 TTT_WAIT target=5 elapsed=0s need=2s
UE 45 TTT_WAIT target=1 elapsed=0s need=2s
LM HO_FAIL_LOW_RSRP UE=46 currCell=4 candCell=2 candRsrp=-110.852 < min=-110
LM HO UE=48 rnti=91 2->4 type=TN servingRsrp=-115.713 targetRsrp=-107.884 targetLoadReal=15/20 targetLoadEff=15/20
UE 55 TTT_WAIT target=4 elapsed=0s need=2s
UE 56 TTT_WAIT target=1 elapsed=0s need=2s
UE 57 TTT_WAIT target=2 elapsed=0s need=2s
UE 58 TTT_WAIT target=5 elapsed=0s need=2s
LM HO_FAIL_LOW_RSRP UE=60 currCell=2 candCell=1 candRsrp=-111.607 < min=-110
LM HO_FAIL_LOW_RSRP UE=61 currCell=3 candCell=4 candRsrp=-121.923 < min=-110
LM HO_FAIL_LOW_RSRP UE=62 currCell=1 candCell=2 candRsrp=-124.963 < min=-110
UE 64 TTT_WAIT target=6 elapsed=0s need=2s
LM HO UE=66 rnti=200 5->3 type=TN servingRsrp=-95.28 targetRsrp=-87.6189 targetLoadReal=14/20 targetLoadEff=15/20
LM HO_FAIL_LOW_RSRP UE=69 currCell=1 candCell=4 candRsrp=-114.541 < min=-110
LM HO_FAIL_LOW_RSRP UE=70 currCell=2 candCell=6 candRsrp=-116.678 < min=-110
LM HO UE=72 rnti=131 3->1 type=TN servingRsrp=-123.086 targetRsrp=-107.331 targetLoadReal=17/20 targetLoadEff=19/20
UE 74 TTT_WAIT target=3 elapsed=0s need=2s
LM HO_FAIL_LOW_RSRP UE=75 currCell=3 candCell=5 candRsrp=-137.308 < min=-110
UE 76 TTT_WAIT target=2 elapsed=0s need=2s
LM HO_FAIL_LOW_RSRP UE=79 currCell=4 candCell=6 candRsrp=-134.69 < min=-110
UE 80 TTT_WAIT target=4 elapsed=0s need=2s
LM HO_FAIL_LOW_RSRP UE=82 currCell=2 candCell=4 candRsrp=-119.074 < min=-110
LM HO_FAIL_LOW_RSRP UE=83 currCell=1 candCell=2 candRsrp=-111.838 < min=-110
UE 84 TTT_WAIT target=3 elapsed=0s need=2s
LM HO_FAIL_LOW_RSRP UE=85 currCell=4 candCell=6 candRsrp=-115.474 < min=-110
LM HO UE=86 rnti=161 1->2 type=TN servingRsrp=-94.6636 targetRsrp=-77.7536 targetLoadReal=16/20 targetLoadEff=17/20
UE 113 TTT_WAIT target=3 elapsed=0s need=2s
TRACE HO_SUCCESS Time=184.615 IMSI=9 TargetCell=1 Type=TN TargetRSRP=-118.206 ServingRSRP=-103.538 BackhaulDlSnr=-999 BackhaulUlSnr=-999
TRACE HO_SUCCESS Time=184.615 IMSI=71 TargetCell=1 Type=TN TargetRSRP=-131.877 ServingRSRP=-89.6264 BackhaulDlSnr=-999 BackhaulUlSnr=-999
TRACE HO_SUCCESS Time=184.615 IMSI=41 TargetCell=1 Type=TN TargetRSRP=-132.361 ServingRSRP=-105.405 BackhaulDlSnr=-999 BackhaulUlSnr=-999
TRACE HO_SUCCESS Time=184.615 IMSI=12 TargetCell=2 Type=TN TargetRSRP=-111.66 ServingRSRP=-89.6688 BackhaulDlSnr=-999 BackhaulUlSnr=-999
TRACE HO_SUCCESS Time=184.615 IMSI=85 TargetCell=2 Type=TN TargetRSRP=-114.883 ServingRSRP=-108.216 BackhaulDlSnr=-999 BackhaulUlSnr=-999
TRACE HO_SUCCESS Time=184.615 IMSI=13 TargetCell=3 Type=TN TargetRSRP=-135.134 ServingRSRP=-120.551 BackhaulDlSnr=-999 BackhaulUlSnr=-999
TRACE HO_SUCCESS Time=184.615 IMSI=65 TargetCell=3 Type=TN TargetRSRP=-79.4541 ServingRSRP=-97.7377 BackhaulDlSnr=-999 BackhaulUlSnr=-999
TRACE HO_SUCCESS Time=184.615 IMSI=47 TargetCell=4 Type=TN TargetRSRP=-117.564 ServingRSRP=-96.0973 BackhaulDlSnr=-999 BackhaulUlSnr=-999
UAV_AUTONOMY_XAPP Time=186.5 DeploymentMode=tn-uav-satellite UavIndex=0 UavCellId=5 BestDonorCellId=2 BestDonorDistanceM=5397.79 XhaulConnected=1 XhaulChannelVariationDb=1.11976 RawXhaulState=UNREACHABLE RawXhaulStateAgeSec=182 XhaulState=UNREACHABLE DonorUnavailableActive=0 SatBackhaulHealthy=1 UavSwitchingXappAvailable=1 UavSwitchingXappState=AI_ACTIVE AiPredictedBackhaulMode=SATELLITE_FALLBACK BackhaulMode=SATELLITE_FALLBACK RicControlState=NEAR_RT_RIC_SWITCHING_TO_SATELLITE_BACKHAUL ActiveUavRic=TN_NEAR_RT_RIC NormalUeHandoverAllowed=1 UavMode=NEAR_RT_RIC_EMERGENCY_SWITCHING_WITH_SATELLITE_BACKHAUL
UAV_AUTONOMY_XAPP Time=186.5 DeploymentMode=tn-uav-satellite UavIndex=1 UavCellId=6 BestDonorCellId=4 BestDonorDistanceM=4018.55 XhaulConnected=1 XhaulChannelVariationDb=-0.332917 RawXhaulState=UNREACHABLE RawXhaulStateAgeSec=156 XhaulState=UNREACHABLE DonorUnavailableActive=0 SatBackhaulHealthy=1 UavSwitchingXappAvailable=1 UavSwitchingXappState=AI_ACTIVE AiPredictedBackhaulMode=SATELLITE_FALLBACK BackhaulMode=SATELLITE_FALLBACK RicControlState=NEAR_RT_RIC_SWITCHING_TO_SATELLITE_BACKHAUL ActiveUavRic=TN_NEAR_RT_RIC NormalUeHandoverAllowed=1 UavMode=NEAR_RT_RIC_EMERGENCY_SWITCHING_WITH_SATELLITE_BACKHAUL
UAV_AUTONOMY_XAPP Time=186.5 DeploymentMode=tn-uav-satellite UavIndex=2 UavCellId=7 BestDonorCellId=4 BestDonorDistanceM=3380.07 XhaulConnected=1 XhaulChannelVariationDb=-0.997951 RawXhaulState=UNREACHABLE RawXhaulStateAgeSec=166 XhaulState=UNREACHABLE DonorUnavailableActive=0 SatBackhaulHealthy=1 UavSwitchingXappAvailable=1 UavSwitchingXappState=AI_ACTIVE AiPredictedBackhaulMode=SATELLITE_FALLBACK BackhaulMode=SATELLITE_FALLBACK RicControlState=NEAR_RT_RIC_SWITCHING_TO_SATELLITE_BACKHAUL ActiveUavRic=TN_NEAR_RT_RIC NormalUeHandoverAllowed=1 UavMode=NEAR_RT_RIC_EMERGENCY_SWITCHING_WITH_SATELLITE_BACKHAUL
---- LOAD at t=186.5 ----
  cell 1 (TN) load=17/20
  cell 2 (TN) load=17/20
  cell 3 (TN) load=14/20
  cell 4 (TN) load=16/20
  cell 5 (NTN) load=12/15
  cell 6 (NTN) load=13/15
  cell 7 (NTN) load=13/15
UE 9 TTT_WAIT target=4 elapsed=0s need=2s
UE 10 TTT_WAIT target=3 elapsed=0s need=2s
LM HO_FAIL_LOW_RSRP UE=11 currCell=4 candCell=2 candRsrp=-110.792 < min=-110
UE 13 TTT_WAIT target=3 elapsed=0s need=2s
LM HO_FAIL_LOW_RSRP UE=14 currCell=3 candCell=1 candRsrp=-126.184 < min=-110
UE 15 TTT_WAIT target=1 elapsed=0s need=2s
UE 16 TTT_WAIT target=1 elapsed=0s need=2s
LM HO UE=17 rnti=106 4->2 type=TN servingRsrp=-127.669 targetRsrp=-104.53 targetLoadReal=17/20 targetLoadEff=17/20
UE 18 TTT_WAIT target=1 elapsed=0s need=2s
UE 21 TTT_WAIT target=2 elapsed=0s need=2s
UE 23 TTT_WAIT target=7 elapsed=0s need=2s
UE 24 TTT_WAIT target=4 elapsed=0s need=2s
UE 25 TTT_WAIT target=1 elapsed=0s need=2s
UE 26 TTT_WAIT target=3 elapsed=0s need=2s
UE 29 TTT_WAIT target=2 elapsed=0s need=2s
UE 33 TTT_WAIT target=4 elapsed=0s need=2s
LM HO UE=35 rnti=203 5->1 type=TN servingRsrp=-131.904 targetRsrp=-98.1428 targetLoadReal=17/20 targetLoadEff=17/20
UE 37 TTT_WAIT target=6 elapsed=0s need=2s
UE 38 TTT_WAIT target=1 elapsed=0s need=2s
LM HO UE=39 rnti=116 2->3 type=TN servingRsrp=-118.204 targetRsrp=-92.8135 targetLoadReal=14/20 targetLoadEff=14/20
LM HO_FAIL_LOW_RSRP UE=42 currCell=1 candCell=7 candRsrp=-119.45 < min=-110
UE 43 TTT_WAIT target=3 elapsed=0s need=2s
UE 45 TTT_WAIT target=2 elapsed=0s need=2s
LM HO_FAIL_LOW_RSRP UE=46 currCell=4 candCell=3 candRsrp=-120.106 < min=-110
LM HO_FAIL_LOW_RSRP UE=48 currCell=4 candCell=2 candRsrp=-121.119 < min=-110
LM HO_FAIL_LOW_RSRP UE=49 currCell=1 candCell=5 candRsrp=-112.078 < min=-110
UE 53 TTT_WAIT target=5 elapsed=0s need=2s
UE 54 TTT_WAIT target=3 elapsed=0s need=2s
UE 56 TTT_WAIT target=5 elapsed=0s need=2s
UE 57 TTT_WAIT target=1 elapsed=0s need=2s
UE 58 TTT_WAIT target=1 elapsed=0s need=2s
UE 59 TTT_WAIT target=2 elapsed=0s need=2s
LM HO_FAIL_LOW_RSRP UE=60 currCell=2 candCell=3 candRsrp=-116.562 < min=-110
LM HO_FAIL_LOW_RSRP UE=62 currCell=1 candCell=3 candRsrp=-111.913 < min=-110
LM HO_FAIL_LOW_RSRP UE=64 currCell=2 candCell=7 candRsrp=-113.149 < min=-110
UE 66 TTT_WAIT target=1 elapsed=0s need=2s
LM HO_FAIL_LOW_RSRP UE=67 currCell=3 candCell=5 candRsrp=-123.281 < min=-110
LM HO_FAIL_LOW_RSRP UE=69 currCell=1 candCell=4 candRsrp=-118.087 < min=-110
UE 70 TTT_WAIT target=3 elapsed=0s need=2s
UE 72 TTT_WAIT target=3 elapsed=0s need=2s
UE 76 TTT_WAIT target=1 elapsed=0s need=2s
LM HO_FAIL_LOW_RSRP UE=77 currCell=4 candCell=7 candRsrp=-127.526 < min=-110
LM HO_FAIL_LOW_RSRP UE=79 currCell=4 candCell=1 candRsrp=-122.488 < min=-110
LM HO_FAIL_LOW_RSRP UE=83 currCell=1 candCell=7 candRsrp=-117.587 < min=-110
LM HO UE=84 rnti=115 4->3 type=TN servingRsrp=-124.05 targetRsrp=-104.244 targetLoadReal=14/20 targetLoadEff=15/20
LM HO_FAIL_LOW_RSRP UE=85 currCell=4 candCell=2 candRsrp=-112.116 < min=-110
UE 86 TTT_WAIT target=3 elapsed=0s need=2s
UE 87 TTT_WAIT target=2 elapsed=0s need=2s
LM HO_FAIL_LOW_RSRP UE=92 currCell=6 candCell=5 candRsrp=-117.698 < min=-110
UE 93 TTT_WAIT target=2 elapsed=0s need=2s
LM HO_FAIL_LOW_RSRP UE=101 currCell=6 candCell=7 candRsrp=-110.4 < min=-110
TRACE HO_SUCCESS Time=186.615 IMSI=34 TargetCell=1 Type=TN TargetRSRP=-96.7325 ServingRSRP=-95.0433 BackhaulDlSnr=-999 BackhaulUlSnr=-999
TRACE HO_SUCCESS Time=186.615 IMSI=16 TargetCell=2 Type=TN TargetRSRP=-120.091 ServingRSRP=-117.82 BackhaulDlSnr=-999 BackhaulUlSnr=-999
TRACE HO_SUCCESS Time=186.615 IMSI=38 TargetCell=3 Type=TN TargetRSRP=-118.594 ServingRSRP=-97.4581 BackhaulDlSnr=-999 BackhaulUlSnr=-999
TRACE HO_SUCCESS Time=186.615 IMSI=83 TargetCell=3 Type=TN TargetRSRP=-129.274 ServingRSRP=-93.5353 BackhaulDlSnr=-999 BackhaulUlSnr=-999
UAV_AUTONOMY_XAPP Time=188.5 DeploymentMode=tn-uav-satellite UavIndex=0 UavCellId=5 BestDonorCellId=1 BestDonorDistanceM=4935.9 XhaulConnected=1 XhaulChannelVariationDb=1.77142 RawXhaulState=UNREACHABLE RawXhaulStateAgeSec=184 XhaulState=UNREACHABLE DonorUnavailableActive=0 SatBackhaulHealthy=1 UavSwitchingXappAvailable=1 UavSwitchingXappState=AI_ACTIVE AiPredictedBackhaulMode=SATELLITE_FALLBACK BackhaulMode=SATELLITE_FALLBACK RicControlState=NEAR_RT_RIC_SWITCHING_TO_SATELLITE_BACKHAUL ActiveUavRic=TN_NEAR_RT_RIC NormalUeHandoverAllowed=1 UavMode=NEAR_RT_RIC_EMERGENCY_SWITCHING_WITH_SATELLITE_BACKHAUL
UAV_AUTONOMY_XAPP Time=188.5 DeploymentMode=tn-uav-satellite UavIndex=1 UavCellId=6 BestDonorCellId=4 BestDonorDistanceM=4049.99 XhaulConnected=1 XhaulChannelVariationDb=-2.08669 RawXhaulState=UNREACHABLE RawXhaulStateAgeSec=158 XhaulState=UNREACHABLE DonorUnavailableActive=0 SatBackhaulHealthy=1 UavSwitchingXappAvailable=1 UavSwitchingXappState=AI_ACTIVE AiPredictedBackhaulMode=SATELLITE_FALLBACK BackhaulMode=SATELLITE_FALLBACK RicControlState=NEAR_RT_RIC_SWITCHING_TO_SATELLITE_BACKHAUL ActiveUavRic=TN_NEAR_RT_RIC NormalUeHandoverAllowed=1 UavMode=NEAR_RT_RIC_EMERGENCY_SWITCHING_WITH_SATELLITE_BACKHAUL
UAV_AUTONOMY_XAPP Time=188.5 DeploymentMode=tn-uav-satellite UavIndex=2 UavCellId=7 BestDonorCellId=4 BestDonorDistanceM=3364.73 XhaulConnected=1 XhaulChannelVariationDb=-6.6666 RawXhaulState=UNREACHABLE RawXhaulStateAgeSec=168 XhaulState=UNREACHABLE DonorUnavailableActive=0 SatBackhaulHealthy=1 UavSwitchingXappAvailable=1 UavSwitchingXappState=AI_ACTIVE AiPredictedBackhaulMode=SATELLITE_FALLBACK BackhaulMode=SATELLITE_FALLBACK RicControlState=NEAR_RT_RIC_SWITCHING_TO_SATELLITE_BACKHAUL ActiveUavRic=TN_NEAR_RT_RIC NormalUeHandoverAllowed=1 UavMode=NEAR_RT_RIC_EMERGENCY_SWITCHING_WITH_SATELLITE_BACKHAUL
---- LOAD at t=188.5 ----
  cell 1 (TN) load=18/20
  cell 2 (TN) load=17/20
  cell 3 (TN) load=16/20
  cell 4 (TN) load=14/20
  cell 5 (NTN) load=11/15
  cell 6 (NTN) load=13/15
  cell 7 (NTN) load=13/15
LM HO_FAIL_LOW_RSRP UE=9 currCell=2 candCell=5 candRsrp=-117.179 < min=-110
UE 11 TTT_WAIT target=1 elapsed=0s need=2s
LM HO_FAIL_LOW_RSRP UE=13 currCell=2 candCell=7 candRsrp=-143.541 < min=-110
LM HO_FAIL_LOW_RSRP UE=14 currCell=3 candCell=1 candRsrp=-123.943 < min=-110
LM HO_FAIL_LOW_RSRP UE=17 currCell=2 candCell=5 candRsrp=-111.206 < min=-110
UE 21 TTT_WAIT target=3 elapsed=0s need=2s
LM HO_FAIL_LOW_RSRP UE=23 currCell=1 candCell=2 candRsrp=-110.067 < min=-110
LM HO UE=24 rnti=154 1->4 type=TN servingRsrp=-104.594 targetRsrp=-85.7324 targetLoadReal=14/20 targetLoadEff=14/20
UE 26 TTT_WAIT target=7 elapsed=0s need=2s
UE 34 TTT_WAIT target=3 elapsed=0s need=2s
UE 37 TTT_WAIT target=7 elapsed=0s need=2s
UE 39 TTT_WAIT target=1 elapsed=0s need=2s
LM HO_FAIL_LOW_RSRP UE=41 currCell=4 candCell=5 candRsrp=-117.153 < min=-110
LM HO UE=43 rnti=160 1->3 type=TN servingRsrp=-110.591 targetRsrp=-80.4591 targetLoadReal=16/20 targetLoadEff=16/20
LM HO UE=45 rnti=148 3->2 type=TN servingRsrp=-94.483 targetRsrp=-73.0008 targetLoadReal=17/20 targetLoadEff=17/20
UE 48 TTT_WAIT target=1 elapsed=0s need=2s
UE 53 TTT_WAIT target=1 elapsed=0s need=2s
LM HO_FAIL_LOW_RSRP UE=54 currCell=2 candCell=4 candRsrp=-111.875 < min=-110
UE 55 TTT_WAIT target=4 elapsed=0s need=2s
LM HO_FAIL_LOW_RSRP UE=57 currCell=3 candCell=6 candRsrp=-117.209 < min=-110
UE 58 TTT_WAIT target=2 elapsed=0s need=2s
UE 60 TTT_WAIT target=1 elapsed=0s need=2s
LM HO_FAIL_LOW_RSRP UE=61 currCell=3 candCell=4 candRsrp=-117.004 < min=-110
LM HO_FAIL_LOW_RSRP UE=64 currCell=2 candCell=4 candRsrp=-122.864 < min=-110
LM HO_FAIL_LOW_RSRP UE=67 currCell=3 candCell=2 candRsrp=-117.944 < min=-110
LM HO UE=70 rnti=127 2->3 type=TN servingRsrp=-125.15 targetRsrp=-100.186 targetLoadReal=16/20 targetLoadEff=17/20
LM HO UE=76 rnti=149 3->1 type=TN servingRsrp=-117.371 targetRsrp=-100.177 targetLoadReal=18/20 targetLoadEff=18/20
LM HO_FAIL_LOW_RSRP UE=77 currCell=4 candCell=7 candRsrp=-133.907 < min=-110
UE 79 TTT_WAIT target=1 elapsed=0s need=2s
UE 82 TTT_WAIT target=3 elapsed=0s need=2s
UE 83 TTT_WAIT target=3 elapsed=0s need=2s
LM HO_FAIL_LOW_RSRP UE=84 currCell=3 candCell=6 candRsrp=-122.974 < min=-110
UE 85 TTT_WAIT target=1 elapsed=0s need=2s
UE 86 TTT_WAIT target=4 elapsed=0s need=2s
LM HO_FAIL_LOW_RSRP UE=87 currCell=1 candCell=5 candRsrp=-113.697 < min=-110
UE 101 TTT_WAIT target=4 elapsed=0s need=2s
TRACE HO_SUCCESS Time=188.615 IMSI=75 TargetCell=1 Type=TN TargetRSRP=-99.4899 ServingRSRP=-113.295 BackhaulDlSnr=-999 BackhaulUlSnr=-999
TRACE HO_SUCCESS Time=188.615 IMSI=44 TargetCell=2 Type=TN TargetRSRP=-108.1 ServingRSRP=-120.687 BackhaulDlSnr=-999 BackhaulUlSnr=-999
TRACE HO_SUCCESS Time=188.615 IMSI=42 TargetCell=3 Type=TN TargetRSRP=-116.674 ServingRSRP=-112.171 BackhaulDlSnr=-999 BackhaulUlSnr=-999
TRACE HO_SUCCESS Time=188.615 IMSI=69 TargetCell=3 Type=TN TargetRSRP=-97.5885 ServingRSRP=-79.9831 BackhaulDlSnr=-999 BackhaulUlSnr=-999
TRACE HO_SUCCESS Time=188.615 IMSI=23 TargetCell=4 Type=TN TargetRSRP=-127.03 ServingRSRP=-80.9416 BackhaulDlSnr=-999 BackhaulUlSnr=-999
UAV_AUTONOMY_XAPP Time=190.5 DeploymentMode=tn-uav-satellite UavIndex=0 UavCellId=5 BestDonorCellId=2 BestDonorDistanceM=5373.1 XhaulConnected=1 XhaulChannelVariationDb=1.57028 RawXhaulState=UNREACHABLE RawXhaulStateAgeSec=186 XhaulState=UNREACHABLE DonorUnavailableActive=0 SatBackhaulHealthy=1 UavSwitchingXappAvailable=1 UavSwitchingXappState=AI_ACTIVE AiPredictedBackhaulMode=SATELLITE_FALLBACK BackhaulMode=SATELLITE_FALLBACK RicControlState=NEAR_RT_RIC_SWITCHING_TO_SATELLITE_BACKHAUL ActiveUavRic=TN_NEAR_RT_RIC NormalUeHandoverAllowed=1 UavMode=NEAR_RT_RIC_EMERGENCY_SWITCHING_WITH_SATELLITE_BACKHAUL
UAV_AUTONOMY_XAPP Time=190.5 DeploymentMode=tn-uav-satellite UavIndex=1 UavCellId=6 BestDonorCellId=4 BestDonorDistanceM=4000.53 XhaulConnected=1 XhaulChannelVariationDb=-1.91955 RawXhaulState=UNREACHABLE RawXhaulStateAgeSec=160 XhaulState=UNREACHABLE DonorUnavailableActive=0 SatBackhaulHealthy=1 UavSwitchingXappAvailable=1 UavSwitchingXappState=AI_ACTIVE AiPredictedBackhaulMode=SATELLITE_FALLBACK BackhaulMode=SATELLITE_FALLBACK RicControlState=NEAR_RT_RIC_SWITCHING_TO_SATELLITE_BACKHAUL ActiveUavRic=TN_NEAR_RT_RIC NormalUeHandoverAllowed=1 UavMode=NEAR_RT_RIC_EMERGENCY_SWITCHING_WITH_SATELLITE_BACKHAUL
UAV_AUTONOMY_XAPP Time=190.5 DeploymentMode=tn-uav-satellite UavIndex=2 UavCellId=7 BestDonorCellId=4 BestDonorDistanceM=3415.12 XhaulConnected=1 XhaulChannelVariationDb=0.719155 RawXhaulState=UNREACHABLE RawXhaulStateAgeSec=170 XhaulState=UNREACHABLE DonorUnavailableActive=0 SatBackhaulHealthy=1 UavSwitchingXappAvailable=1 UavSwitchingXappState=AI_ACTIVE AiPredictedBackhaulMode=SATELLITE_FALLBACK BackhaulMode=SATELLITE_FALLBACK RicControlState=NEAR_RT_RIC_SWITCHING_TO_SATELLITE_BACKHAUL ActiveUavRic=TN_NEAR_RT_RIC NormalUeHandoverAllowed=1 UavMode=NEAR_RT_RIC_EMERGENCY_SWITCHING_WITH_SATELLITE_BACKHAUL
---- LOAD at t=190.5 ----
  cell 1 (TN) load=17/20
  cell 2 (TN) load=17/20
  cell 3 (TN) load=16/20
  cell 4 (TN) load=15/20
  cell 5 (NTN) load=11/15
  cell 6 (NTN) load=13/15
  cell 7 (NTN) load=13/15
UE 10 TTT_WAIT target=3 elapsed=0s need=2s
LM HO_FAIL_LOW_RSRP UE=14 currCell=3 candCell=1 candRsrp=-129.056 < min=-110
LM HO_FAIL_LOW_RSRP UE=15 currCell=3 candCell=5 candRsrp=-118.85 < min=-110
LM HO_FAIL_LOW_RSRP UE=17 currCell=2 candCell=5 candRsrp=-114.947 < min=-110
UE 18 TTT_WAIT target=1 elapsed=0s need=2s
UE 21 TTT_WAIT target=2 elapsed=0s need=2s
UE 23 TTT_WAIT target=2 elapsed=0s need=2s
UE 24 TTT_WAIT target=2 elapsed=0s need=2s
UE 25 TTT_WAIT target=3 elapsed=0s need=2s
UE 26 TTT_WAIT target=3 elapsed=0s need=2s
UE 28 TTT_WAIT target=7 elapsed=0s need=2s
LM HO_FAIL_LOW_RSRP UE=32 currCell=4 candCell=6 candRsrp=-128.713 < min=-110
LM HO_FAIL_LOW_RSRP UE=33 currCell=2 candCell=6 candRsrp=-131.81 < min=-110
LM HO UE=34 rnti=69 4->3 type=TN servingRsrp=-126.843 targetRsrp=-109.308 targetLoadReal=16/20 targetLoadEff=16/20
LM HO_FAIL_LOW_RSRP UE=37 currCell=2 candCell=6 candRsrp=-120.439 < min=-110
LM HO_FAIL_LOW_RSRP UE=38 currCell=3 candCell=5 candRsrp=-115.954 < min=-110
LM HO UE=39 rnti=152 3->1 type=TN servingRsrp=-131.303 targetRsrp=-84.7152 targetLoadReal=17/20 targetLoadEff=17/20
UE 42 TTT_WAIT target=3 elapsed=0s need=2s
UE 43 TTT_WAIT target=1 elapsed=0s need=2s
UE 45 TTT_WAIT target=1 elapsed=0s need=2s
UE 46 TTT_WAIT target=1 elapsed=0s need=2s
UE 54 TTT_WAIT target=1 elapsed=0s need=2s
UE 56 TTT_WAIT target=2 elapsed=0s need=2s
LM HO_FAIL_LOW_RSRP UE=58 currCell=3 candCell=5 candRsrp=-117.719 < min=-110
LM HO_FAIL_LOW_RSRP UE=59 currCell=1 candCell=3 candRsrp=-111.409 < min=-110
LM HO_FAIL_LOW_RSRP UE=60 currCell=2 candCell=3 candRsrp=-120.397 < min=-110
UE 61 TTT_WAIT target=4 elapsed=0s need=2s
LM HO_FAIL_LOW_RSRP UE=62 currCell=1 candCell=5 candRsrp=-115.305 < min=-110
LM HO_FAIL_LOW_RSRP UE=64 currCell=2 candCell=1 candRsrp=-117.257 < min=-110
UE 66 TTT_WAIT target=1 elapsed=0s need=2s
LM HO_FAIL_LOW_RSRP UE=67 currCell=3 candCell=2 candRsrp=-121.093 < min=-110
UE 69 TTT_WAIT target=4 elapsed=0s need=2s
LM HO_FAIL_LOW_RSRP UE=70 currCell=3 candCell=2 candRsrp=-113.605 < min=-110
UE 71 TTT_WAIT target=1 elapsed=0s need=2s
UE 72 TTT_WAIT target=3 elapsed=0s need=2s
LM HO_FAIL_LOW_RSRP UE=77 currCell=4 candCell=7 candRsrp=-132.411 < min=-110
UE 78 TTT_WAIT target=3 elapsed=0s need=2s
UE 80 TTT_WAIT target=6 elapsed=0s need=2s
LM HO_FAIL_LOW_RSRP UE=82 currCell=2 candCell=6 candRsrp=-135.014 < min=-110
LM HO_FAIL_LOW_RSRP UE=83 currCell=1 candCell=3 candRsrp=-118.314 < min=-110
LM HO_FAIL_LOW_RSRP UE=85 currCell=4 candCell=6 candRsrp=-112.588 < min=-110
UE 86 TTT_WAIT target=1 elapsed=0s need=2s
UE 87 TTT_WAIT target=2 elapsed=0s need=2s
UE 109 TTT_WAIT target=1 elapsed=0s need=2s
TRACE HO_SUCCESS Time=190.615 IMSI=38 TargetCell=1 Type=TN TargetRSRP=-115.715 ServingRSRP=-96.2999 BackhaulDlSnr=-999 BackhaulUlSnr=-999
TRACE HO_SUCCESS Time=190.615 IMSI=33 TargetCell=3 Type=TN TargetRSRP=-145.388 ServingRSRP=-116.006 BackhaulDlSnr=-999 BackhaulUlSnr=-999
UAV_AUTONOMY_XAPP Time=192.5 DeploymentMode=tn-uav-satellite UavIndex=0 UavCellId=5 BestDonorCellId=2 BestDonorDistanceM=5399.5 XhaulConnected=1 XhaulChannelVariationDb=-0.340893 RawXhaulState=UNREACHABLE RawXhaulStateAgeSec=188 XhaulState=UNREACHABLE DonorUnavailableActive=0 SatBackhaulHealthy=1 UavSwitchingXappAvailable=1 UavSwitchingXappState=AI_ACTIVE AiPredictedBackhaulMode=SATELLITE_FALLBACK BackhaulMode=SATELLITE_FALLBACK RicControlState=NEAR_RT_RIC_SWITCHING_TO_SATELLITE_BACKHAUL ActiveUavRic=TN_NEAR_RT_RIC NormalUeHandoverAllowed=1 UavMode=NEAR_RT_RIC_EMERGENCY_SWITCHING_WITH_SATELLITE_BACKHAUL
UAV_AUTONOMY_XAPP Time=192.5 DeploymentMode=tn-uav-satellite UavIndex=1 UavCellId=6 BestDonorCellId=4 BestDonorDistanceM=4002.69 XhaulConnected=1 XhaulChannelVariationDb=2.16285 RawXhaulState=UNREACHABLE RawXhaulStateAgeSec=162 XhaulState=UNREACHABLE DonorUnavailableActive=0 SatBackhaulHealthy=1 UavSwitchingXappAvailable=1 UavSwitchingXappState=AI_ACTIVE AiPredictedBackhaulMode=SATELLITE_FALLBACK BackhaulMode=SATELLITE_FALLBACK RicControlState=NEAR_RT_RIC_SWITCHING_TO_SATELLITE_BACKHAUL ActiveUavRic=TN_NEAR_RT_RIC NormalUeHandoverAllowed=1 UavMode=NEAR_RT_RIC_EMERGENCY_SWITCHING_WITH_SATELLITE_BACKHAUL
UAV_AUTONOMY_XAPP Time=192.5 DeploymentMode=tn-uav-satellite UavIndex=2 UavCellId=7 BestDonorCellId=4 BestDonorDistanceM=3432.14 XhaulConnected=1 XhaulChannelVariationDb=-0.612049 RawXhaulState=UNREACHABLE RawXhaulStateAgeSec=172 XhaulState=UNREACHABLE DonorUnavailableActive=0 SatBackhaulHealthy=1 UavSwitchingXappAvailable=1 UavSwitchingXappState=AI_ACTIVE AiPredictedBackhaulMode=SATELLITE_FALLBACK BackhaulMode=SATELLITE_FALLBACK RicControlState=NEAR_RT_RIC_SWITCHING_TO_SATELLITE_BACKHAUL ActiveUavRic=TN_NEAR_RT_RIC NormalUeHandoverAllowed=1 UavMode=NEAR_RT_RIC_EMERGENCY_SWITCHING_WITH_SATELLITE_BACKHAUL
---- LOAD at t=192.5 ----
  cell 1 (TN) load=18/20
  cell 2 (TN) load=17/20
  cell 3 (TN) load=16/20
  cell 4 (TN) load=14/20
  cell 5 (NTN) load=13/15
  cell 6 (NTN) load=13/15
  cell 7 (NTN) load=13/15
LM HO_FAIL_LOW_RSRP UE=9 currCell=2 candCell=6 candRsrp=-116.002 < min=-110
LM HO_FAIL_LOW_RSRP UE=10 currCell=1 candCell=3 candRsrp=-110.383 < min=-110
LM HO_FAIL_LOW_RSRP UE=11 currCell=4 candCell=5 candRsrp=-139.019 < min=-110
UE 17 TTT_WAIT target=6 elapsed=0s need=2s
UE 21 TTT_WAIT target=1 elapsed=0s need=2s
LM HO UE=23 rnti=119 1->2 type=TN servingRsrp=-116.176 targetRsrp=-99.3777 targetLoadReal=17/20 targetLoadEff=17/20
LM HO UE=24 rnti=125 4->2 type=TN servingRsrp=-121.988 targetRsrp=-79.5005 targetLoadReal=17/20 targetLoadEff=18/20
UE 26 TTT_WAIT target=1 elapsed=0s need=2s
LM HO_FAIL_LOW_RSRP UE=28 currCell=1 candCell=2 candRsrp=-110.064 < min=-110
LM HO_FAIL_LOW_RSRP UE=32 currCell=4 candCell=7 candRsrp=-125.581 < min=-110
UE 33 TTT_WAIT target=1 elapsed=0s need=2s
UE 34 TTT_WAIT target=6 elapsed=0s need=2s
UE 35 TTT_WAIT target=2 elapsed=0s need=2s
UE 38 TTT_WAIT target=1 elapsed=0s need=2s
LM HO_FAIL_LOW_RSRP UE=41 currCell=4 candCell=6 candRsrp=-133.453 < min=-110
UE 42 TTT_WAIT target=2 elapsed=0s need=2s
UE 45 TTT_WAIT target=4 elapsed=0s need=2s
LM HO UE=46 rnti=75 4->1 type=TN servingRsrp=-129.97 targetRsrp=-103.186 targetLoadReal=18/20 targetLoadEff=18/20
UE 48 TTT_WAIT target=2 elapsed=0s need=2s
UE 52 TTT_WAIT target=2 elapsed=0s need=2s
UE 54 TTT_WAIT target=3 elapsed=0s need=2s
UE 55 TTT_WAIT target=4 elapsed=0s need=2s
LM HO_FAIL_LOW_RSRP UE=57 currCell=3 candCell=7 candRsrp=-119.11 < min=-110
LM HO_FAIL_LOW_RSRP UE=58 currCell=3 candCell=5 candRsrp=-136.761 < min=-110
LM HO_FAIL_LOW_RSRP UE=60 currCell=2 candCell=3 candRsrp=-114.642 < min=-110
LM HO_FAIL_LOW_RSRP UE=61 currCell=3 candCell=4 candRsrp=-120.479 < min=-110
LM HO_FAIL_LOW_RSRP UE=62 currCell=1 candCell=4 candRsrp=-129.905 < min=-110
LM HO_FAIL_LOW_RSRP UE=64 currCell=2 candCell=4 candRsrp=-120.421 < min=-110
LM HO UE=66 rnti=151 3->1 type=TN servingRsrp=-103.445 targetRsrp=-99.4617 targetLoadReal=18/20 targetLoadEff=19/20
LM HO_FAIL_LOW_RSRP UE=67 currCell=3 candCell=5 candRsrp=-132.995 < min=-110
LM HO_FAIL_LOW_RSRP UE=69 currCell=1 candCell=4 candRsrp=-117.128 < min=-110
UE 70 TTT_WAIT target=2 elapsed=0s need=2s
LM HO UE=72 rnti=167 1->3 type=TN servingRsrp=-122.348 targetRsrp=-104.378 targetLoadReal=16/20 targetLoadEff=16/20
UE 74 TTT_WAIT target=3 elapsed=0s need=2s
LM HO_FAIL_LOW_RSRP UE=75 currCell=3 candCell=5 candRsrp=-137.194 < min=-110
UE 76 TTT_WAIT target=3 elapsed=0s need=2s
LM HO_FAIL_LOW_RSRP UE=77 currCell=4 candCell=6 candRsrp=-135.579 < min=-110
LM HO UE=78 rnti=130 2->3 type=TN servingRsrp=-109.231 targetRsrp=-106.484 targetLoadReal=16/20 targetLoadEff=17/20
LM HO_FAIL_LOW_RSRP UE=79 currCell=4 candCell=2 candRsrp=-119.312 < min=-110
UE 82 TTT_WAIT target=3 elapsed=0s need=2s
UE 83 TTT_WAIT target=2 elapsed=0s need=2s
UE 84 TTT_WAIT target=4 elapsed=0s need=2s
UE 85 TTT_WAIT target=6 elapsed=0s need=2s
LM HO_FAIL_LOW_RSRP UE=86 currCell=2 candCell=7 candRsrp=-121.172 < min=-110
UE 102 TTT_WAIT target=4 elapsed=0s need=2s
UE 109 TTT_WAIT target=2 elapsed=0s need=2s
TRACE HO_SUCCESS Time=192.615 IMSI=65 TargetCell=1 Type=TN TargetRSRP=-111.329 ServingRSRP=-110.183 BackhaulDlSnr=-999 BackhaulUlSnr=-999
TRACE HO_SUCCESS Time=192.615 IMSI=45 TargetCell=1 Type=TN TargetRSRP=-135.595 ServingRSRP=-119.336 BackhaulDlSnr=-999 BackhaulUlSnr=-999
TRACE HO_SUCCESS Time=192.615 IMSI=22 TargetCell=2 Type=TN TargetRSRP=-94.0607 ServingRSRP=-100.8 BackhaulDlSnr=-999 BackhaulUlSnr=-999
TRACE HO_SUCCESS Time=192.615 IMSI=23 TargetCell=2 Type=TN TargetRSRP=-94.5474 ServingRSRP=-104.886 BackhaulDlSnr=-999 BackhaulUlSnr=-999
TRACE HO_SUCCESS Time=192.615 IMSI=71 TargetCell=3 Type=TN TargetRSRP=-122.717 ServingRSRP=-98.8315 BackhaulDlSnr=-999 BackhaulUlSnr=-999
TRACE HO_SUCCESS Time=192.615 IMSI=77 TargetCell=3 Type=TN TargetRSRP=-121.05 ServingRSRP=-82.8549 BackhaulDlSnr=-999 BackhaulUlSnr=-999
UAV_AUTONOMY_XAPP Time=194.5 DeploymentMode=tn-uav-satellite UavIndex=0 UavCellId=5 BestDonorCellId=3 BestDonorDistanceM=5056.34 XhaulConnected=1 XhaulChannelVariationDb=0.70707 RawXhaulState=UNREACHABLE RawXhaulStateAgeSec=190 XhaulState=UNREACHABLE DonorUnavailableActive=0 SatBackhaulHealthy=1 UavSwitchingXappAvailable=1 UavSwitchingXappState=AI_ACTIVE AiPredictedBackhaulMode=SATELLITE_FALLBACK BackhaulMode=SATELLITE_FALLBACK RicControlState=NEAR_RT_RIC_SWITCHING_TO_SATELLITE_BACKHAUL ActiveUavRic=TN_NEAR_RT_RIC NormalUeHandoverAllowed=1 UavMode=NEAR_RT_RIC_EMERGENCY_SWITCHING_WITH_SATELLITE_BACKHAUL
UAV_AUTONOMY_XAPP Time=194.5 DeploymentMode=tn-uav-satellite UavIndex=1 UavCellId=6 BestDonorCellId=4 BestDonorDistanceM=3996.24 XhaulConnected=1 XhaulChannelVariationDb=-0.163652 RawXhaulState=UNREACHABLE RawXhaulStateAgeSec=164 XhaulState=UNREACHABLE DonorUnavailableActive=0 SatBackhaulHealthy=1 UavSwitchingXappAvailable=1 UavSwitchingXappState=AI_ACTIVE AiPredictedBackhaulMode=SATELLITE_FALLBACK BackhaulMode=SATELLITE_FALLBACK RicControlState=NEAR_RT_RIC_SWITCHING_TO_SATELLITE_BACKHAUL ActiveUavRic=TN_NEAR_RT_RIC NormalUeHandoverAllowed=1 UavMode=NEAR_RT_RIC_EMERGENCY_SWITCHING_WITH_SATELLITE_BACKHAUL
UAV_AUTONOMY_XAPP Time=194.5 DeploymentMode=tn-uav-satellite UavIndex=2 UavCellId=7 BestDonorCellId=4 BestDonorDistanceM=3399.83 XhaulConnected=1 XhaulChannelVariationDb=1.37028 RawXhaulState=UNREACHABLE RawXhaulStateAgeSec=174 XhaulState=UNREACHABLE DonorUnavailableActive=0 SatBackhaulHealthy=1 UavSwitchingXappAvailable=1 UavSwitchingXappState=AI_ACTIVE AiPredictedBackhaulMode=SATELLITE_FALLBACK BackhaulMode=SATELLITE_FALLBACK RicControlState=NEAR_RT_RIC_SWITCHING_TO_SATELLITE_BACKHAUL ActiveUavRic=TN_NEAR_RT_RIC NormalUeHandoverAllowed=1 UavMode=NEAR_RT_RIC_EMERGENCY_SWITCHING_WITH_SATELLITE_BACKHAUL
---- LOAD at t=194.5 ----
  cell 1 (TN) load=18/20
  cell 2 (TN) load=18/20
  cell 3 (TN) load=17/20
  cell 4 (TN) load=12/20
  cell 5 (NTN) load=13/15
  cell 6 (NTN) load=13/15
  cell 7 (NTN) load=13/15
UE 10 TTT_WAIT target=3 elapsed=0s need=2s
UE 11 TTT_WAIT target=5 elapsed=0s need=2s
LM HO_FAIL_LOW_RSRP UE=14 currCell=3 candCell=1 candRsrp=-124.5 < min=-110
UE 15 TTT_WAIT target=2 elapsed=0s need=2s
LM HO_FAIL_LOW_RSRP UE=17 currCell=2 candCell=6 candRsrp=-130.069 < min=-110
UE 18 TTT_WAIT target=1 elapsed=0s need=2s
LM HO_FAIL_LOW_RSRP UE=21 currCell=4 candCell=2 candRsrp=-117.107 < min=-110
LM HO_FAIL_LOW_RSRP UE=23 currCell=2 candCell=1 candRsrp=-112.6 < min=-110
LM HO UE=26 rnti=129 2->1 type=TN servingRsrp=-104.532 targetRsrp=-92.3344 targetLoadReal=18/20 targetLoadEff=18/20
LM HO_FAIL_LOW_RSRP UE=32 currCell=4 candCell=5 candRsrp=-117.082 < min=-110
UE 34 TTT_WAIT target=4 elapsed=0s need=2s
UE 37 TTT_WAIT target=6 elapsed=0s need=2s
LM HO_FAIL_LOW_RSRP UE=38 currCell=3 candCell=2 candRsrp=-122.247 < min=-110
UE 39 TTT_WAIT target=2 elapsed=0s need=2s
LM HO_FAIL_LOW_RSRP UE=41 currCell=4 candCell=5 candRsrp=-118.422 < min=-110
LM HO_FAIL_LOW_RSRP UE=42 currCell=1 candCell=3 candRsrp=-114.403 < min=-110
UE 46 TTT_WAIT target=4 elapsed=0s need=2s
UE 48 TTT_WAIT target=1 elapsed=0s need=2s
UE 49 TTT_WAIT target=4 elapsed=0s need=2s
LM HO UE=52 rnti=138 1->2 type=TN servingRsrp=-93.875 targetRsrp=-86.877 targetLoadReal=18/20 targetLoadEff=18/20
UE 53 TTT_WAIT target=1 elapsed=0s need=2s
UE 55 TTT_WAIT target=1 elapsed=0s need=2s
UE 57 TTT_WAIT target=2 elapsed=0s need=2s
LM HO_FAIL_LOW_RSRP UE=58 currCell=3 candCell=2 candRsrp=-110.252 < min=-110
LM HO_FAIL_LOW_RSRP UE=60 currCell=2 candCell=3 candRsrp=-114.198 < min=-110
UE 61 TTT_WAIT target=4 elapsed=0s need=2s
UE 62 TTT_WAIT target=3 elapsed=0s need=2s
LM HO_FAIL_LOW_RSRP UE=64 currCell=2 candCell=4 candRsrp=-119.123 < min=-110
UE 66 TTT_WAIT target=3 elapsed=0s need=2s
LM HO_FAIL_LOW_RSRP UE=67 currCell=3 candCell=5 candRsrp=-131.815 < min=-110
LM HO_FAIL_LOW_RSRP UE=69 currCell=1 candCell=4 candRsrp=-117.859 < min=-110
LM HO_FAIL_LOW_RSRP UE=72 currCell=3 candCell=5 candRsrp=-132.044 < min=-110
UE 77 TTT_WAIT target=7 elapsed=0s need=2s
UE 78 TTT_WAIT target=2 elapsed=0s need=2s
UE 79 TTT_WAIT target=6 elapsed=0s need=2s
UE 80 TTT_WAIT target=2 elapsed=0s need=2s
LM HO_FAIL_LOW_RSRP UE=83 currCell=1 candCell=3 candRsrp=-116.457 < min=-110
LM HO UE=84 rnti=153 3->4 type=TN servingRsrp=-120.725 targetRsrp=-85.0298 targetLoadReal=12/20 targetLoadEff=12/20
LM HO_FAIL_LOW_RSRP UE=85 currCell=4 candCell=7 candRsrp=-113.731 < min=-110
UE 86 TTT_WAIT target=6 elapsed=0s need=2s
UE 87 TTT_WAIT target=2 elapsed=0s need=2s
UE 102 TTT_WAIT target=1 elapsed=0s need=2s
LM HO_FAIL_LOW_RSRP UE=106 currCell=5 candCell=6 candRsrp=-111.384 < min=-110
TRACE HO_SUCCESS Time=194.615 IMSI=25 TargetCell=1 Type=TN TargetRSRP=-95.1896 ServingRSRP=-107.731 BackhaulDlSnr=-999 BackhaulUlSnr=-999
TRACE HO_SUCCESS Time=194.615 IMSI=51 TargetCell=2 Type=TN TargetRSRP=-79.4584 ServingRSRP=-102.463 BackhaulDlSnr=-999 BackhaulUlSnr=-999
TRACE HO_SUCCESS Time=194.615 IMSI=83 TargetCell=4 Type=TN TargetRSRP=-116.34 ServingRSRP=-82.4161 BackhaulDlSnr=-999 BackhaulUlSnr=-999
UAV_AUTONOMY_XAPP Time=196.5 DeploymentMode=tn-uav-satellite UavIndex=0 UavCellId=5 BestDonorCellId=1 BestDonorDistanceM=4975.17 XhaulConnected=1 XhaulChannelVariationDb=0.067683 RawXhaulState=UNREACHABLE RawXhaulStateAgeSec=192 XhaulState=UNREACHABLE DonorUnavailableActive=0 SatBackhaulHealthy=1 UavSwitchingXappAvailable=1 UavSwitchingXappState=AI_ACTIVE AiPredictedBackhaulMode=SATELLITE_FALLBACK BackhaulMode=SATELLITE_FALLBACK RicControlState=NEAR_RT_RIC_SWITCHING_TO_SATELLITE_BACKHAUL ActiveUavRic=TN_NEAR_RT_RIC NormalUeHandoverAllowed=1 UavMode=NEAR_RT_RIC_EMERGENCY_SWITCHING_WITH_SATELLITE_BACKHAUL
UAV_AUTONOMY_XAPP Time=196.5 DeploymentMode=tn-uav-satellite UavIndex=1 UavCellId=6 BestDonorCellId=4 BestDonorDistanceM=3968.61 XhaulConnected=1 XhaulChannelVariationDb=-4.19081 RawXhaulState=UNREACHABLE RawXhaulStateAgeSec=166 XhaulState=UNREACHABLE DonorUnavailableActive=0 SatBackhaulHealthy=1 UavSwitchingXappAvailable=1 UavSwitchingXappState=AI_ACTIVE AiPredictedBackhaulMode=SATELLITE_FALLBACK BackhaulMode=SATELLITE_FALLBACK RicControlState=NEAR_RT_RIC_SWITCHING_TO_SATELLITE_BACKHAUL ActiveUavRic=TN_NEAR_RT_RIC NormalUeHandoverAllowed=1 UavMode=NEAR_RT_RIC_EMERGENCY_SWITCHING_WITH_SATELLITE_BACKHAUL
UAV_AUTONOMY_XAPP Time=196.5 DeploymentMode=tn-uav-satellite UavIndex=2 UavCellId=7 BestDonorCellId=4 BestDonorDistanceM=3391.62 XhaulConnected=1 XhaulChannelVariationDb=-2.14307 RawXhaulState=UNREACHABLE RawXhaulStateAgeSec=176 XhaulState=UNREACHABLE DonorUnavailableActive=0 SatBackhaulHealthy=1 UavSwitchingXappAvailable=1 UavSwitchingXappState=AI_ACTIVE AiPredictedBackhaulMode=SATELLITE_FALLBACK BackhaulMode=SATELLITE_FALLBACK RicControlState=NEAR_RT_RIC_SWITCHING_TO_SATELLITE_BACKHAUL ActiveUavRic=TN_NEAR_RT_RIC NormalUeHandoverAllowed=1 UavMode=NEAR_RT_RIC_EMERGENCY_SWITCHING_WITH_SATELLITE_BACKHAUL
---- LOAD at t=196.5 ----
  cell 1 (TN) load=18/20
  cell 2 (TN) load=18/20
  cell 3 (TN) load=16/20
  cell 4 (TN) load=13/20
  cell 5 (NTN) load=13/15
  cell 6 (NTN) load=13/15
  cell 7 (NTN) load=13/15
UE 9 TTT_WAIT target=4 elapsed=0s need=2s
LM HO UE=10 rnti=165 1->3 type=TN servingRsrp=-116.004 targetRsrp=-103.92 targetLoadReal=16/20 targetLoadEff=16/20
UE 11 TTT_WAIT target=1 elapsed=0s need=2s
UE 13 TTT_WAIT target=4 elapsed=0s need=2s
UE 14 TTT_WAIT target=1 elapsed=0s need=2s
LM HO UE=15 rnti=29 3->2 type=TN servingRsrp=-111.483 targetRsrp=-94.5117 targetLoadReal=18/20 targetLoadEff=18/20
LM HO_FAIL_LOW_RSRP UE=17 currCell=2 candCell=6 candRsrp=-137.418 < min=-110
LM HO UE=18 rnti=104 2->1 type=TN servingRsrp=-111.529 targetRsrp=-106.6 targetLoadReal=18/20 targetLoadEff=18/20
UE 23 TTT_WAIT target=3 elapsed=0s need=2s
UE 24 TTT_WAIT target=3 elapsed=0s need=2s
UE 25 TTT_WAIT target=2 elapsed=0s need=2s
LM HO_FAIL_LOW_RSRP UE=26 currCell=1 candCell=3 candRsrp=-123.262 < min=-110
UE 28 TTT_WAIT target=7 elapsed=0s need=2s
LM HO_FAIL_LOW_RSRP UE=35 currCell=1 candCell=5 candRsrp=-138.219 < min=-110
UE 38 TTT_WAIT target=1 elapsed=0s need=2s
LM HO_FAIL_LOW_RSRP UE=39 currCell=1 candCell=2 candRsrp=-118.509 < min=-110
UE 42 TTT_WAIT target=2 elapsed=0s need=2s
UE 43 TTT_WAIT target=2 elapsed=0s need=2s
UE 45 TTT_WAIT target=1 elapsed=0s need=2s
LM HO_FAIL_LOW_RSRP UE=46 currCell=1 candCell=4 candRsrp=-120.851 < min=-110
UE 48 TTT_WAIT target=6 elapsed=0s need=2s
LM HO_FAIL_LOW_RSRP UE=49 currCell=1 candCell=4 candRsrp=-113.326 < min=-110
UE 52 TTT_WAIT target=1 elapsed=0s need=2s
UE 55 TTT_WAIT target=3 elapsed=0s need=2s
UE 56 TTT_WAIT target=1 elapsed=0s need=2s
LM HO UE=57 rnti=137 3->2 type=TN servingRsrp=-129.489 targetRsrp=-104.868 targetLoadReal=18/20 targetLoadEff=19/20
UE 58 TTT_WAIT target=6 elapsed=0s need=2s
UE 60 TTT_WAIT target=1 elapsed=0s need=2s
UE 61 TTT_WAIT target=1 elapsed=0s need=2s
LM HO_FAIL_LOW_RSRP UE=62 currCell=1 candCell=5 candRsrp=-126.777 < min=-110
LM HO_FAIL_LOW_RSRP UE=66 currCell=1 candCell=3 candRsrp=-110.193 < min=-110
UE 70 TTT_WAIT target=4 elapsed=0s need=2s
UE 71 TTT_WAIT target=3 elapsed=0s need=2s
LM HO_FAIL_LOW_RSRP UE=72 currCell=3 candCell=7 candRsrp=-119.996 < min=-110
UE 75 TTT_WAIT target=1 elapsed=0s need=2s
LM HO_FAIL_LOW_RSRP UE=78 currCell=3 candCell=1 candRsrp=-114.804 < min=-110
LM HO_FAIL_LOW_RSRP UE=79 currCell=4 candCell=1 candRsrp=-121.204 < min=-110
UE 80 TTT_WAIT target=3 elapsed=0s need=2s
LM HO_FAIL_LOW_RSRP UE=82 currCell=2 candCell=6 candRsrp=-135.464 < min=-110
LM HO_FAIL_LOW_RSRP UE=83 currCell=1 candCell=3 candRsrp=-122.96 < min=-110
UE 84 TTT_WAIT target=3 elapsed=0s need=2s
UE 85 TTT_WAIT target=3 elapsed=0s need=2s
UE 102 TTT_WAIT target=3 elapsed=0s need=2s
TRACE HO_SUCCESS Time=196.615 IMSI=17 TargetCell=1 Type=TN TargetRSRP=-110.537 ServingRSRP=-99.8981 BackhaulDlSnr=-999 BackhaulUlSnr=-999
TRACE HO_SUCCESS Time=196.615 IMSI=56 TargetCell=2 Type=TN TargetRSRP=-110.993 ServingRSRP=-122.2 BackhaulDlSnr=-999 BackhaulUlSnr=-999
TRACE HO_SUCCESS Time=196.615 IMSI=14 TargetCell=2 Type=TN TargetRSRP=-124.148 ServingRSRP=-109.69 BackhaulDlSnr=-999 BackhaulUlSnr=-999
TRACE HO_SUCCESS Time=196.615 IMSI=9 TargetCell=3 Type=TN TargetRSRP=-108.891 ServingRSRP=-81.037 BackhaulDlSnr=-999 BackhaulUlSnr=-999
UAV_AUTONOMY_XAPP Time=198.5 DeploymentMode=tn-uav-satellite UavIndex=0 UavCellId=5 BestDonorCellId=1 BestDonorDistanceM=4976.51 XhaulConnected=1 XhaulChannelVariationDb=0.328669 RawXhaulState=UNREACHABLE RawXhaulStateAgeSec=194 XhaulState=UNREACHABLE DonorUnavailableActive=0 SatBackhaulHealthy=1 UavSwitchingXappAvailable=1 UavSwitchingXappState=AI_ACTIVE AiPredictedBackhaulMode=SATELLITE_FALLBACK BackhaulMode=SATELLITE_FALLBACK RicControlState=NEAR_RT_RIC_SWITCHING_TO_SATELLITE_BACKHAUL ActiveUavRic=TN_NEAR_RT_RIC NormalUeHandoverAllowed=1 UavMode=NEAR_RT_RIC_EMERGENCY_SWITCHING_WITH_SATELLITE_BACKHAUL
UAV_AUTONOMY_XAPP Time=198.5 DeploymentMode=tn-uav-satellite UavIndex=1 UavCellId=6 BestDonorCellId=4 BestDonorDistanceM=3998.04 XhaulConnected=1 XhaulChannelVariationDb=-4.548 RawXhaulState=UNREACHABLE RawXhaulStateAgeSec=168 XhaulState=UNREACHABLE DonorUnavailableActive=0 SatBackhaulHealthy=1 UavSwitchingXappAvailable=1 UavSwitchingXappState=AI_ACTIVE AiPredictedBackhaulMode=SATELLITE_FALLBACK BackhaulMode=SATELLITE_FALLBACK RicControlState=NEAR_RT_RIC_SWITCHING_TO_SATELLITE_BACKHAUL ActiveUavRic=TN_NEAR_RT_RIC NormalUeHandoverAllowed=1 UavMode=NEAR_RT_RIC_EMERGENCY_SWITCHING_WITH_SATELLITE_BACKHAUL
UAV_AUTONOMY_XAPP Time=198.5 DeploymentMode=tn-uav-satellite UavIndex=2 UavCellId=7 BestDonorCellId=4 BestDonorDistanceM=3372.19 XhaulConnected=1 XhaulChannelVariationDb=2.27564 RawXhaulState=UNREACHABLE RawXhaulStateAgeSec=178 XhaulState=UNREACHABLE DonorUnavailableActive=0 SatBackhaulHealthy=1 UavSwitchingXappAvailable=1 UavSwitchingXappState=AI_ACTIVE AiPredictedBackhaulMode=SATELLITE_FALLBACK BackhaulMode=SATELLITE_FALLBACK RicControlState=NEAR_RT_RIC_SWITCHING_TO_SATELLITE_BACKHAUL ActiveUavRic=TN_NEAR_RT_RIC NormalUeHandoverAllowed=1 UavMode=NEAR_RT_RIC_EMERGENCY_SWITCHING_WITH_SATELLITE_BACKHAUL
---- LOAD at t=198.5 ----
  cell 1 (TN) load=18/20
  cell 2 (TN) load=19/20
  cell 3 (TN) load=15/20
  cell 4 (TN) load=13/20
  cell 5 (NTN) load=13/15
  cell 6 (NTN) load=13/15
  cell 7 (NTN) load=13/15
LM HO_FAIL_LOW_RSRP UE=10 currCell=3 candCell=5 candRsrp=-116.151 < min=-110
UE 13 TTT_WAIT target=3 elapsed=0s need=2s
LM HO UE=14 rnti=150 3->1 type=TN servingRsrp=-135.769 targetRsrp=-92.8921 targetLoadReal=18/20 targetLoadEff=18/20
LM HO_FAIL_LOW_RSRP UE=17 currCell=2 candCell=7 candRsrp=-111.567 < min=-110
UE 18 TTT_WAIT target=3 elapsed=0s need=2s
UE 21 TTT_WAIT target=2 elapsed=0s need=2s
LM HO_FAIL_LOW_RSRP UE=23 currCell=2 candCell=1 candRsrp=-114.926 < min=-110
UE 24 TTT_WAIT target=1 elapsed=0s need=2s
UE 25 TTT_WAIT target=6 elapsed=0s need=2s
LM HO_FAIL_LOW_RSRP UE=26 currCell=1 candCell=3 candRsrp=-110.559 < min=-110
LM HO_FAIL_LOW_RSRP UE=32 currCell=4 candCell=6 candRsrp=-129.093 < min=-110
UE 33 TTT_WAIT target=1 elapsed=0s need=2s
LM HO_FAIL_LOW_RSRP UE=34 currCell=3 candCell=4 candRsrp=-114.989 < min=-110
LM HO_FAIL_LOW_RSRP UE=35 currCell=1 candCell=4 candRsrp=-129.612 < min=-110
LM HO_FAIL_LOW_RSRP UE=38 currCell=3 candCell=5 candRsrp=-136.327 < min=-110
LM HO UE=42 rnti=166 1->2 type=TN servingRsrp=-123.713 targetRsrp=-102.528 targetLoadReal=19/20 targetLoadEff=19/20
UE 45 TTT_WAIT target=7 elapsed=0s need=2s
UE 46 TTT_WAIT target=4 elapsed=0s need=2s
LM HO UE=52 rnti=138 2->1 type=TN servingRsrp=-108.285 targetRsrp=-102.953 targetLoadReal=18/20 targetLoadEff=19/20
UE 57 TTT_WAIT target=3 elapsed=0s need=2s
LM HO_FAIL_LOW_RSRP UE=59 currCell=1 candCell=5 candRsrp=-141.145 < min=-110
UE 60 TTT_WAIT target=3 elapsed=0s need=2s
UE 61 TTT_WAIT target=4 elapsed=0s need=2s
LM HO_FAIL_LOW_RSRP UE=62 currCell=1 candCell=4 candRsrp=-120.714 < min=-110
LM HO_FAIL_LOW_RSRP UE=64 currCell=2 candCell=4 candRsrp=-122.885 < min=-110
UE 66 TTT_WAIT target=3 elapsed=0s need=2s
UE 69 TTT_WAIT target=4 elapsed=0s need=2s
LM HO_FAIL_LOW_RSRP UE=73 currCell=4 candCell=6 candRsrp=-112.025 < min=-110
LM HO_FAIL_LOW_RSRP UE=75 currCell=3 candCell=5 candRsrp=-133.171 < min=-110
UE 79 TTT_WAIT target=5 elapsed=0s need=2s
LM HO_FAIL_LOW_RSRP UE=80 currCell=1 candCell=6 candRsrp=-121.551 < min=-110
LM HO_FAIL_LOW_RSRP UE=83 currCell=1 candCell=5 candRsrp=-113.386 < min=-110
UE 86 TTT_WAIT target=3 elapsed=0s need=2s
LM HO_FAIL_LOW_RSRP UE=109 currCell=5 candCell=7 candRsrp=-112.232 < min=-110
TRACE HO_SUCCESS Time=198.615 IMSI=51 TargetCell=1 Type=TN TargetRSRP=-108.397 ServingRSRP=-110.959 BackhaulDlSnr=-999 BackhaulUlSnr=-999
TRACE HO_SUCCESS Time=198.615 IMSI=13 TargetCell=1 Type=TN TargetRSRP=-131.122 ServingRSRP=-99.8556 BackhaulDlSnr=-999 BackhaulUlSnr=-999
TRACE HO_SUCCESS Time=198.615 IMSI=41 TargetCell=2 Type=TN TargetRSRP=-88.6839 ServingRSRP=-106.871 BackhaulDlSnr=-999 BackhaulUlSnr=-999
