time,ueId,rnti,servingCell,servingRsrp,candidateCell,candidateRsrp,candidateLoad,candidateEffLoad,candidateCap,candidateIsNtn,backhaulDlSnr,backhaulUlSnr,finalChosenCell
12.5,19,63,12,-125.654,11,-114.571,10,10,10,1,-999,-999,0
12.5,19,63,12,-125.654,14,-125.672,10,10,10,1,-999,-999,0
12.5,19,63,12,-125.654,3,-130.176,6,6,20,0,-999,-999,0
12.5,19,63,12,-125.654,2,-132.625,8,8,20,0,-999,-999,0
12.5,19,63,12,-125.654,5,-133.157,5,5,20,0,-999,-999,0
12.5,19,63,12,-125.654,4,-133.319,3,3,20,0,-999,-999,0
12.5,19,63,12,-125.654,13,-135.319,10,10,10,1,-999,-999,0
12.5,19,63,12,-125.654,6,-137.785,7,7,20,0,-999,-999,0
12.5,19,63,12,-125.654,1,-138.16,8,8,20,0,-999,-999,0
12.5,19,63,12,-125.654,7,-138.927,7,7,20,0,-999,-999,0
12.5,19,63,12,-125.654,8,-140.71,9,9,20,0,-999,-999,0
12.5,19,63,12,-125.654,10,-140.981,8,8,10,1,-999,-999,0
12.5,19,63,12,-125.654,9,-152.645,10,10,10,1,-999,-999,0
12.5,23,35,8,-77.5742,6,-94.3222,7,7,20,0,-999,-999,0
12.5,23,35,8,-77.5742,3,-97.4082,6,6,20,0,-999,-999,0
12.5,23,35,8,-77.5742,13,-100.161,10,10,10,1,-999,-999,0
12.5,23,35,8,-77.5742,5,-102.047,5,5,20,0,-999,-999,0
12.5,23,35,8,-77.5742,1,-104.495,8,8,20,0,-999,-999,0
12.5,23,35,8,-77.5742,12,-108.766,10,10,10,1,-999,-999,0
12.5,23,35,8,-77.5742,4,-128.776,3,3,20,0,-999,-999,0
12.5,23,35,8,-77.5742,7,-129.64,7,7,20,0,-999,-999,0
12.5,23,35,8,-77.5742,10,-132.409,8,8,10,1,-999,-999,0
12.5,23,35,8,-77.5742,9,-132.917,10,10,10,1,-999,-999,0
12.5,23,35,8,-77.5742,2,-133.055,8,8,20,0,-999,-999,0
12.5,23,35,8,-77.5742,14,-137.977,10,10,10,1,-999,-999,0
12.5,23,35,8,-77.5742,11,-142.715,10,10,10,1,-999,-999,0
12.5,25,48,6,-71.5954,8,-88.1054,9,9,20,0,-999,-999,0
12.5,25,48,6,-71.5954,2,-106.128,8,8,20,0,-999,-999,0
12.5,25,48,6,-71.5954,1,-113.966,8,8,20,0,-999,-999,0
12.5,25,48,6,-71.5954,7,-119.609,7,7,20,0,-999,-999,0
12.5,25,48,6,-71.5954,13,-121.483,10,10,10,1,-999,-999,0
12.5,25,48,6,-71.5954,9,-121.586,10,10,10,1,-999,-999,0
12.5,25,48,6,-71.5954,3,-122.507,6,6,20,0,-999,-999,0
12.5,25,48,6,-71.5954,10,-123.294,8,8,10,1,-999,-999,0
12.5,25,48,6,-71.5954,4,-127.796,3,3,20,0,-999,-999,0
12.5,25,48,6,-71.5954,11,-129.777,10,10,10,1,-999,-999,0
12.5,25,48,6,-71.5954,14,-138.408,10,10,10,1,-999,-999,0
12.5,25,48,6,-71.5954,12,-140.815,10,10,10,1,-999,-999,0
12.5,25,48,6,-71.5954,5,-147.685,5,5,20,0,-999,-999,0
12.5,29,47,3,-114.799,13,-84.8742,10,10,10,1,-999,-999,0
12.5,29,47,3,-114.799,9,-91.9869,10,10,10,1,-999,-999,0
12.5,29,47,3,-114.799,6,-93.0453,7,7,20,0,-999,-999,0
12.5,29,47,3,-114.799,8,-111.913,9,9,20,0,-999,-999,0
12.5,29,47,3,-114.799,5,-117.654,5,5,20,0,-999,-999,0
12.5,29,47,3,-114.799,4,-125.436,3,3,20,0,-999,-999,0
12.5,29,47,3,-114.799,11,-125.453,10,10,10,1,-999,-999,0
12.5,29,47,3,-114.799,14,-126.398,10,10,10,1,-999,-999,0
12.5,29,47,3,-114.799,12,-127.895,10,10,10,1,-999,-999,0
12.5,29,47,3,-114.799,1,-131.532,8,8,20,0,-999,-999,0
12.5,29,47,3,-114.799,2,-134.033,8,8,20,0,-999,-999,0
12.5,29,47,3,-114.799,7,-134.606,7,7,20,0,-999,-999,0
12.5,29,47,3,-114.799,10,-143.777,8,8,10,1,-999,-999,0
12.5,31,80,13,-127.531,7,-98.6989,7,7,20,0,-999,-999,0
12.5,31,80,13,-127.531,5,-100.364,5,5,20,0,-999,-999,0
12.5,31,80,13,-127.531,2,-106.095,8,8,20,0,-999,-999,0
12.5,31,80,13,-127.531,6,-109.942,7,7,20,0,-999,-999,0
12.5,31,80,13,-127.531,1,-119.538,8,8,20,0,-999,-999,0
12.5,31,80,13,-127.531,3,-122.399,6,6,20,0,-999,-999,0
12.5,31,80,13,-127.531,10,-124.01,8,8,10,1,-999,-999,0
12.5,31,80,13,-127.531,4,-124.413,3,3,20,0,-999,-999,0
12.5,31,80,13,-127.531,9,-126.201,10,10,10,1,-999,-999,0
12.5,31,80,13,-127.531,11,-131.825,10,10,10,1,-999,-999,0
12.5,31,80,13,-127.531,14,-131.927,10,10,10,1,-999,-999,0
12.5,31,80,13,-127.531,8,-143.026,9,9,20,0,-999,-999,0
12.5,31,80,13,-127.531,12,-143.55,10,10,10,1,-999,-999,0
12.5,38,72,12,-115.627,14,-90.6047,10,10,10,1,-999,-999,0
12.5,38,72,12,-115.627,7,-113.205,7,7,20,0,-999,-999,0
12.5,38,72,12,-115.627,4,-116.849,3,3,20,0,-999,-999,0
12.5,38,72,12,-115.627,2,-126.338,8,8,20,0,-999,-999,0
12.5,38,72,12,-115.627,11,-130.224,10,10,10,1,-999,-999,0
12.5,38,72,12,-115.627,5,-130.93,5,5,20,0,-999,-999,0
12.5,38,72,12,-115.627,13,-132.058,10,10,10,1,-999,-999,0
12.5,38,72,12,-115.627,1,-134.87,8,8,20,0,-999,-999,0
12.5,38,72,12,-115.627,9,-135.156,10,10,10,1,-999,-999,0
12.5,38,72,12,-115.627,6,-135.164,7,7,20,0,-999,-999,0
12.5,38,72,12,-115.627,3,-138.618,6,6,20,0,-999,-999,0
12.5,38,72,12,-115.627,10,-142.33,8,8,10,1,-999,-999,0
12.5,38,72,12,-115.627,8,-148.984,9,9,20,0,-999,-999,0
12.5,39,48,3,-72.025,14,-96.8337,10,10,10,1,-999,-999,0
12.5,39,48,3,-72.025,12,-97.9599,10,10,10,1,-999,-999,0
12.5,39,48,3,-72.025,13,-99.6557,10,10,10,1,-999,-999,0
12.5,39,48,3,-72.025,9,-100.131,10,10,10,1,-999,-999,0
12.5,39,48,3,-72.025,4,-109.052,3,3,20,0,-999,-999,0
12.5,39,48,3,-72.025,8,-122.821,9,9,20,0,-999,-999,0
12.5,39,48,3,-72.025,7,-124.286,7,7,20,0,-999,-999,0
12.5,39,48,3,-72.025,1,-127.673,8,8,20,0,-999,-999,0
12.5,39,48,3,-72.025,11,-129.25,10,10,10,1,-999,-999,0
12.5,39,48,3,-72.025,10,-131.785,8,8,10,1,-999,-999,0
12.5,39,48,3,-72.025,6,-132.377,7,7,20,0,-999,-999,0
12.5,39,48,3,-72.025,5,-132.556,5,5,20,0,-999,-999,0
12.5,39,48,3,-72.025,2,-153.12,8,8,20,0,-999,-999,0
12.5,45,32,6,-60.1493,4,-109.974,3,3,20,0,-999,-999,0
12.5,45,32,6,-60.1493,1,-111.655,8,8,20,0,-999,-999,0
12.5,45,32,6,-60.1493,2,-116.264,8,8,20,0,-999,-999,0
12.5,45,32,6,-60.1493,7,-118.229,7,7,20,0,-999,-999,0
12.5,45,32,6,-60.1493,3,-122.638,6,6,20,0,-999,-999,0
12.5,45,32,6,-60.1493,9,-122.812,10,10,10,1,-999,-999,0
12.5,45,32,6,-60.1493,13,-124.09,10,10,10,1,-999,-999,0
12.5,45,32,6,-60.1493,10,-126.717,8,8,10,1,-999,-999,0
12.5,45,32,6,-60.1493,8,-128.296,9,9,20,0,-999,-999,0
12.5,45,32,6,-60.1493,12,-129.038,10,10,10,1,-999,-999,0
12.5,45,32,6,-60.1493,5,-137.797,5,5,20,0,-999,-999,0
12.5,45,32,6,-60.1493,11,-143.352,10,10,10,1,-999,-999,0
12.5,45,32,6,-60.1493,14,-147.411,10,10,10,1,-999,-999,0
12.5,46,40,5,-89.3842,11,-78.1711,10,10,10,1,-999,-999,0
12.5,46,40,5,-89.3842,13,-85.7531,10,10,10,1,-999,-999,0
12.5,46,40,5,-89.3842,4,-97.7144,3,3,20,0,-999,-999,0
12.5,46,40,5,-89.3842,3,-114.06,6,6,20,0,-999,-999,0
12.5,46,40,5,-89.3842,6,-124.289,7,7,20,0,-999,-999,0
12.5,46,40,5,-89.3842,8,-129.888,9,9,20,0,-999,-999,0
12.5,46,40,5,-89.3842,14,-130.018,10,10,10,1,-999,-999,0
12.5,46,40,5,-89.3842,10,-130.982,8,8,10,1,-999,-999,0
12.5,46,40,5,-89.3842,12,-131.375,10,10,10,1,-999,-999,0
12.5,46,40,5,-89.3842,2,-136.552,8,8,20,0,-999,-999,0
12.5,46,40,5,-89.3842,7,-138.085,7,7,20,0,-999,-999,0
12.5,46,40,5,-89.3842,1,-138.324,8,8,20,0,-999,-999,0
12.5,46,40,5,-89.3842,9,-140.292,10,10,10,1,-999,-999,0
12.5,48,51,14,-122.578,12,-85.738,10,10,10,1,-999,-999,0
12.5,48,51,14,-122.578,4,-97.0788,3,3,20,0,-999,-999,0
12.5,48,51,14,-122.578,5,-101.73,5,5,20,0,-999,-999,0
12.5,48,51,14,-122.578,13,-102.231,10,10,10,1,-999,-999,0
12.5,48,51,14,-122.578,2,-107.938,8,8,20,0,-999,-999,0
12.5,48,51,14,-122.578,3,-111.736,6,6,20,0,-999,-999,0
12.5,48,51,14,-122.578,8,-121.363,9,9,20,0,-999,-999,0
12.5,48,51,14,-122.578,11,-125.856,10,10,10,1,-999,-999,0
12.5,48,51,14,-122.578,9,-133.326,10,10,10,1,-999,-999,0
12.5,48,51,14,-122.578,7,-138.3,7,7,20,0,-999,-999,0
12.5,48,51,14,-122.578,6,-139.298,7,7,20,0,-999,-999,0
12.5,48,51,14,-122.578,10,-139.319,8,8,10,1,-999,-999,0
12.5,48,51,14,-122.578,1,-143.286,8,8,20,0,-999,-999,0
12.5,52,80,9,-118.053,5,-87.1538,5,5,20,0,-999,-999,0
12.5,52,80,9,-118.053,1,-91.0829,8,8,20,0,-999,-999,0
12.5,52,80,9,-118.053,7,-95.1682,7,7,20,0,-999,-999,0
12.5,52,80,9,-118.053,8,-100.675,9,9,20,0,-999,-999,0
12.5,52,80,9,-118.053,14,-106.542,10,10,10,1,-999,-999,0
12.5,52,80,9,-118.053,3,-120.389,6,6,20,0,-999,-999,0
12.5,52,80,9,-118.053,13,-123.462,10,10,10,1,-999,-999,0
12.5,52,80,9,-118.053,6,-124.092,7,7,20,0,-999,-999,0
12.5,52,80,9,-118.053,2,-126.282,8,8,20,0,-999,-999,0
12.5,52,80,9,-118.053,11,-127.173,10,10,10,1,-999,-999,0
12.5,52,80,9,-118.053,4,-128.512,3,3,20,0,-999,-999,0
12.5,52,80,9,-118.053,12,-133.847,10,10,10,1,-999,-999,0
12.5,52,80,9,-118.053,10,-137.734,8,8,10,1,-999,-999,0
12.5,53,72,14,-126.782,2,-83.3732,8,8,20,0,-999,-999,0
12.5,53,72,14,-126.782,9,-85.7317,10,10,10,1,-999,-999,0
12.5,53,72,14,-126.782,12,-91.8696,10,10,10,1,-999,-999,0
12.5,53,72,14,-126.782,8,-98.1723,9,9,20,0,-999,-999,0
12.5,53,72,14,-126.782,13,-109.84,10,10,10,1,-999,-999,0
12.5,53,72,14,-126.782,6,-111.975,7,7,20,0,-999,-999,0
12.5,53,72,14,-126.782,3,-113.782,6,6,20,0,-999,-999,0
12.5,53,72,14,-126.782,4,-115.629,3,3,20,0,-999,-999,0
12.5,53,72,14,-126.782,1,-118.47,8,8,20,0,-999,-999,0
12.5,53,72,14,-126.782,10,-125.579,8,8,10,1,-999,-999,0
12.5,53,72,14,-126.782,7,-133.612,7,7,20,0,-999,-999,0
12.5,53,72,14,-126.782,5,-135.291,5,5,20,0,-999,-999,0
12.5,53,72,14,-126.782,11,-142.199,10,10,10,1,-999,-999,0
12.5,54,54,13,-108.015,8,-84.899,9,9,20,0,-999,-999,0
12.5,54,54,13,-108.015,12,-86.8935,10,10,10,1,-999,-999,0
12.5,54,54,13,-108.015,3,-103.663,6,6,20,0,-999,-999,0
12.5,54,54,13,-108.015,4,-116.783,3,3,20,0,-999,-999,0
12.5,54,54,13,-108.015,6,-118.948,7,7,20,0,-999,-999,0
12.5,54,54,13,-108.015,14,-119.923,10,10,10,1,-999,-999,0
12.5,54,54,13,-108.015,1,-125.732,8,8,20,0,-999,-999,0
12.5,54,54,13,-108.015,9,-128.361,10,10,10,1,-999,-999,0
12.5,54,54,13,-108.015,5,-131.397,5,5,20,0,-999,-999,0
12.5,54,54,13,-108.015,10,-133.034,8,8,10,1,-999,-999,0
12.5,54,54,13,-108.015,2,-135.576,8,8,20,0,-999,-999,0
12.5,54,54,13,-108.015,7,-135.783,7,7,20,0,-999,-999,0
12.5,54,54,13,-108.015,11,-137.584,10,10,10,1,-999,-999,0
12.5,56,48,2,-79.6113,10,-90.1043,8,8,10,1,-999,-999,0
12.5,56,48,2,-79.6113,14,-99.3153,10,10,10,1,-999,-999,0
12.5,56,48,2,-79.6113,12,-102.171,10,10,10,1,-999,-999,0
12.5,56,48,2,-79.6113,1,-115.687,8,8,20,0,-999,-999,0
12.5,56,48,2,-79.6113,9,-117.109,10,10,10,1,-999,-999,0
12.5,56,48,2,-79.6113,11,-117.268,10,10,10,1,-999,-999,0
12.5,56,48,2,-79.6113,6,-122.301,7,7,20,0,-999,-999,0
12.5,56,48,2,-79.6113,7,-125.568,7,7,20,0,-999,-999,0
12.5,56,48,2,-79.6113,13,-127.548,10,10,10,1,-999,-999,0
12.5,56,48,2,-79.6113,3,-127.839,6,6,20,0,-999,-999,0
12.5,56,48,2,-79.6113,8,-130.167,9,9,20,0,-999,-999,0
12.5,56,48,2,-79.6113,5,-133.737,5,5,20,0,-999,-999,0
12.5,56,48,2,-79.6113,4,-135.861,3,3,20,0,-999,-999,0
12.5,58,45,9,-100.714,6,-80.9421,7,7,20,0,-999,-999,0
12.5,58,45,9,-100.714,3,-95.7379,6,6,20,0,-999,-999,0
12.5,58,45,9,-100.714,4,-112.383,3,3,20,0,-999,-999,0
12.5,58,45,9,-100.714,2,-130.477,8,8,20,0,-999,-999,0
12.5,58,45,9,-100.714,1,-131.811,8,8,20,0,-999,-999,0
12.5,58,45,9,-100.714,10,-133.714,8,8,10,1,-999,-999,0
12.5,58,45,9,-100.714,5,-136.228,5,5,20,0,-999,-999,0
12.5,58,45,9,-100.714,7,-137.564,7,7,20,0,-999,-999,0
12.5,58,45,9,-100.714,14,-140.064,10,10,10,1,-999,-999,0
12.5,58,45,9,-100.714,11,-140.353,10,10,10,1,-999,-999,0
12.5,58,45,9,-100.714,13,-143.251,10,10,10,1,-999,-999,0
12.5,58,45,9,-100.714,8,-145.215,9,9,20,0,-999,-999,0
12.5,58,45,9,-100.714,12,-148.68,10,10,10,1,-999,-999,0
12.5,61,52,1,-103.12,2,-82.8997,8,8,20,0,-999,-999,0
12.5,61,52,1,-103.12,7,-90.1282,7,7,20,0,-999,-999,0
12.5,61,52,1,-103.12,3,-90.8162,6,6,20,0,-999,-999,0
12.5,61,52,1,-103.12,13,-91.0532,10,10,10,1,-999,-999,0
12.5,61,52,1,-103.12,6,-95.0821,7,7,20,0,-999,-999,0
12.5,61,52,1,-103.12,4,-122.413,3,3,20,0,-999,-999,0
12.5,61,52,1,-103.12,8,-126.141,9,9,20,0,-999,-999,0
12.5,61,52,1,-103.12,10,-128.762,8,8,10,1,-999,-999,0
12.5,61,52,1,-103.12,5,-131.656,5,5,20,0,-999,-999,0
12.5,61,52,1,-103.12,12,-134.139,10,10,10,1,-999,-999,0
12.5,61,52,1,-103.12,9,-136.364,10,10,10,1,-999,-999,0
12.5,61,52,1,-103.12,11,-136.909,10,10,10,1,-999,-999,0
12.5,61,52,1,-103.12,14,-154.788,10,10,10,1,-999,-999,0
12.5,62,30,2,-103.838,1,-106.589,8,8,20,0,-999,-999,0
12.5,62,30,2,-103.838,12,-110.504,10,10,10,1,-999,-999,0
12.5,62,30,2,-103.838,10,-120.197,8,8,10,1,-999,-999,0
12.5,62,30,2,-103.838,7,-120.643,7,7,20,0,-999,-999,0
12.5,62,30,2,-103.838,4,-121.759,3,3,20,0,-999,-999,0
12.5,62,30,2,-103.838,6,-122.744,7,7,20,0,-999,-999,0
12.5,62,30,2,-103.838,13,-129.009,10,10,10,1,-999,-999,0
12.5,62,30,2,-103.838,8,-130.18,9,9,20,0,-999,-999,0
12.5,62,30,2,-103.838,9,-131.032,10,10,10,1,-999,-999,0
12.5,62,30,2,-103.838,3,-133.375,6,6,20,0,-999,-999,0
12.5,62,30,2,-103.838,5,-134.295,5,5,20,0,-999,-999,0
12.5,62,30,2,-103.838,14,-139.029,10,10,10,1,-999,-999,0
12.5,62,30,2,-103.838,11,-150.063,10,10,10,1,-999,-999,0
12.5,63,44,11,-118.797,14,-97.114,10,10,10,1,-999,-999,0
12.5,63,44,11,-118.797,10,-104.099,8,8,10,1,-999,-999,0
12.5,63,44,11,-118.797,3,-111.348,6,6,20,0,-999,-999,0
12.5,63,44,11,-118.797,13,-111.918,10,10,10,1,-999,-999,0
12.5,63,44,11,-118.797,4,-115.303,3,3,20,0,-999,-999,0
12.5,63,44,11,-118.797,5,-118.881,5,5,20,0,-999,-999,0
12.5,63,44,11,-118.797,9,-125.655,10,10,10,1,-999,-999,0
12.5,63,44,11,-118.797,6,-127.149,7,7,20,0,-999,-999,0
12.5,63,44,11,-118.797,12,-127.23,10,10,10,1,-999,-999,0
12.5,63,44,11,-118.797,7,-130.935,7,7,20,0,-999,-999,0
12.5,63,44,11,-118.797,2,-136.348,8,8,20,0,-999,-999,0
12.5,63,44,11,-118.797,8,-138.17,9,9,20,0,-999,-999,0
12.5,63,44,11,-118.797,1,-151.668,8,8,20,0,-999,-999,0
12.5,66,52,14,-70.0906,12,-95.3389,10,10,10,1,-999,-999,0
12.5,66,52,14,-70.0906,8,-116.278,9,9,20,0,-999,-999,0
12.5,66,52,14,-70.0906,1,-130.124,8,8,20,0,-999,-999,0
12.5,66,52,14,-70.0906,2,-131.815,8,8,20,0,-999,-999,0
12.5,66,52,14,-70.0906,9,-135.176,10,10,10,1,-999,-999,0
12.5,66,52,14,-70.0906,5,-136.902,5,5,20,0,-999,-999,0
12.5,66,52,14,-70.0906,4,-140.435,3,3,20,0,-999,-999,0
12.5,66,52,14,-70.0906,3,-140.689,6,6,20,0,-999,-999,0
12.5,66,52,14,-70.0906,11,-141.094,10,10,10,1,-999,-999,0
12.5,66,52,14,-70.0906,6,-141.827,7,7,20,0,-999,-999,0
12.5,66,52,14,-70.0906,13,-143.292,10,10,10,1,-999,-999,0
12.5,66,52,14,-70.0906,7,-146.845,7,7,20,0,-999,-999,0
12.5,66,52,14,-70.0906,10,-148.306,8,8,10,1,-999,-999,0
12.5,68,32,3,-119.631,8,-94.8098,9,9,20,0,-999,-999,0
12.5,68,32,3,-119.631,11,-104.354,10,10,10,1,-999,-999,0
12.5,68,32,3,-119.631,5,-120.113,5,5,20,0,-999,-999,0
12.5,68,32,3,-119.631,4,-122.753,3,3,20,0,-999,-999,0
12.5,68,32,3,-119.631,13,-125.73,10,10,10,1,-999,-999,0
12.5,68,32,3,-119.631,10,-132.147,8,8,10,1,-999,-999,0
12.5,68,32,3,-119.631,14,-133.236,10,10,10,1,-999,-999,0
12.5,68,32,3,-119.631,6,-138.32,7,7,20,0,-999,-999,0
12.5,68,32,3,-119.631,7,-138.827,7,7,20,0,-999,-999,0
12.5,68,32,3,-119.631,1,-141.38,8,8,20,0,-999,-999,0
12.5,68,32,3,-119.631,12,-142.716,10,10,10,1,-999,-999,0
12.5,68,32,3,-119.631,2,-149.901,8,8,20,0,-999,-999,0
12.5,68,32,3,-119.631,9,-150.698,10,10,10,1,-999,-999,0
12.5,70,53,1,-125.189,7,-74.6878,7,7,20,0,-999,-999,0
12.5,70,53,1,-125.189,2,-118.796,8,8,20,0,-999,-999,0
12.5,70,53,1,-125.189,10,-121.367,8,8,10,1,-999,-999,0
12.5,70,53,1,-125.189,5,-124.977,5,5,20,0,-999,-999,0
12.5,70,53,1,-125.189,6,-129.509,7,7,20,0,-999,-999,0
12.5,70,53,1,-125.189,12,-131.86,10,10,10,1,-999,-999,0
12.5,70,53,1,-125.189,9,-132.082,10,10,10,1,-999,-999,0
12.5,70,53,1,-125.189,4,-132.141,3,3,20,0,-999,-999,0
12.5,70,53,1,-125.189,13,-134.43,10,10,10,1,-999,-999,0
12.5,70,53,1,-125.189,14,-137.75,10,10,10,1,-999,-999,0
12.5,70,53,1,-125.189,8,-140.365,9,9,20,0,-999,-999,0
12.5,70,53,1,-125.189,3,-141.931,6,6,20,0,-999,-999,0
12.5,70,53,1,-125.189,11,-151.278,10,10,10,1,-999,-999,0
12.5,74,64,10,-103.643,5,-110.081,5,5,20,0,-999,-999,0
12.5,74,64,10,-103.643,14,-113.152,10,10,10,1,-999,-999,0
12.5,74,64,10,-103.643,2,-113.303,8,8,20,0,-999,-999,0
12.5,74,64,10,-103.643,7,-121.671,7,7,20,0,-999,-999,0
12.5,74,64,10,-103.643,6,-128.15,7,7,20,0,-999,-999,0
12.5,74,64,10,-103.643,1,-136.282,8,8,20,0,-999,-999,0
12.5,74,64,10,-103.643,8,-138.018,9,9,20,0,-999,-999,0
12.5,74,64,10,-103.643,12,-138.128,10,10,10,1,-999,-999,0
12.5,74,64,10,-103.643,4,-138.82,3,3,20,0,-999,-999,0
12.5,74,64,10,-103.643,9,-141.027,10,10,10,1,-999,-999,0
12.5,74,64,10,-103.643,11,-147.568,10,10,10,1,-999,-999,0
12.5,74,64,10,-103.643,13,-148.643,10,10,10,1,-999,-999,0
12.5,74,64,10,-103.643,3,-149.775,6,6,20,0,-999,-999,0
12.5,75,54,1,-56.8722,6,-104.378,7,7,20,0,-999,-999,0
12.5,75,54,1,-56.8722,9,-107.16,10,10,10,1,-999,-999,0
12.5,75,54,1,-56.8722,2,-108.672,8,8,20,0,-999,-999,0
12.5,75,54,1,-56.8722,10,-128.109,8,8,10,1,-999,-999,0
12.5,75,54,1,-56.8722,7,-129.312,7,7,20,0,-999,-999,0
12.5,75,54,1,-56.8722,3,-132.762,6,6,20,0,-999,-999,0
12.5,75,54,1,-56.8722,12,-138.595,10,10,10,1,-999,-999,0
12.5,75,54,1,-56.8722,8,-139.248,9,9,20,0,-999,-999,0
12.5,75,54,1,-56.8722,14,-139.775,10,10,10,1,-999,-999,0
12.5,75,54,1,-56.8722,13,-139.909,10,10,10,1,-999,-999,0
12.5,75,54,1,-56.8722,4,-143.298,3,3,20,0,-999,-999,0
12.5,75,54,1,-56.8722,11,-147.626,10,10,10,1,-999,-999,0
12.5,75,54,1,-56.8722,5,-154.042,5,5,20,0,-999,-999,0
12.5,76,46,9,-84.5927,6,-82.2665,7,7,20,0,-999,-999,0
12.5,76,46,9,-84.5927,1,-88.9769,8,8,20,0,-999,-999,0
12.5,76,46,9,-84.5927,11,-94.6114,10,10,10,1,-999,-999,0
12.5,76,46,9,-84.5927,3,-100.428,6,6,20,0,-999,-999,0
12.5,76,46,9,-84.5927,13,-102.27,10,10,10,1,-999,-999,0
12.5,76,46,9,-84.5927,8,-104.667,9,9,20,0,-999,-999,0
12.5,76,46,9,-84.5927,12,-124.939,10,10,10,1,-999,-999,0
12.5,76,46,9,-84.5927,5,-125.84,5,5,20,0,-999,-999,0
12.5,76,46,9,-84.5927,4,-129.702,3,3,20,0,-999,-999,0
12.5,76,46,9,-84.5927,2,-130.648,8,8,20,0,-999,-999,0
12.5,76,46,9,-84.5927,14,-131.731,10,10,10,1,-999,-999,0
12.5,76,46,9,-84.5927,7,-134.653,7,7,20,0,-999,-999,0
12.5,76,46,9,-84.5927,10,-143.001,8,8,10,1,-999,-999,0
12.5,77,48,7,-80.1808,11,-120.055,10,10,10,1,-999,-999,0
12.5,77,48,7,-80.1808,2,-126.016,8,8,20,0,-999,-999,0
12.5,77,48,7,-80.1808,5,-126.998,5,5,20,0,-999,-999,0
12.5,77,48,7,-80.1808,6,-129.374,7,7,20,0,-999,-999,0
12.5,77,48,7,-80.1808,12,-130.681,10,10,10,1,-999,-999,0
12.5,77,48,7,-80.1808,14,-131.369,10,10,10,1,-999,-999,0
12.5,77,48,7,-80.1808,8,-132.009,9,9,20,0,-999,-999,0
12.5,77,48,7,-80.1808,9,-132.463,10,10,10,1,-999,-999,0
12.5,77,48,7,-80.1808,1,-137.149,8,8,20,0,-999,-999,0
12.5,77,48,7,-80.1808,10,-137.511,8,8,10,1,-999,-999,0
12.5,77,48,7,-80.1808,4,-145.716,3,3,20,0,-999,-999,0
12.5,77,48,7,-80.1808,13,-149.978,10,10,10,1,-999,-999,0
12.5,77,48,7,-80.1808,3,-161.688,6,6,20,0,-999,-999,0
12.5,79,55,1,-69.4339,13,-100.583,10,10,10,1,-999,-999,0
12.5,79,55,1,-69.4339,2,-110.209,8,8,20,0,-999,-999,0
12.5,79,55,1,-69.4339,5,-118.949,5,5,20,0,-999,-999,0
12.5,79,55,1,-69.4339,7,-123.117,7,7,20,0,-999,-999,0
12.5,79,55,1,-69.4339,10,-126.355,8,8,10,1,-999,-999,0
12.5,79,55,1,-69.4339,6,-127.408,7,7,20,0,-999,-999,0
12.5,79,55,1,-69.4339,12,-130.408,10,10,10,1,-999,-999,0
12.5,79,55,1,-69.4339,4,-130.557,3,3,20,0,-999,-999,0
12.5,79,55,1,-69.4339,8,-130.85,9,9,20,0,-999,-999,0
12.5,79,55,1,-69.4339,14,-131.983,10,10,10,1,-999,-999,0
12.5,79,55,1,-69.4339,11,-133.738,10,10,10,1,-999,-999,0
12.5,79,55,1,-69.4339,9,-136.19,10,10,10,1,-999,-999,0
12.5,79,55,1,-69.4339,3,-143.226,6,6,20,0,-999,-999,0
12.5,80,55,13,-124.383,6,-68.3601,7,7,20,0,-999,-999,0
12.5,80,55,13,-124.383,9,-84.7726,10,10,10,1,-999,-999,0
12.5,80,55,13,-124.383,10,-93.7033,8,8,10,1,-999,-999,0
12.5,80,55,13,-124.383,14,-112.422,10,10,10,1,-999,-999,0
12.5,80,55,13,-124.383,1,-113.97,8,8,20,0,-999,-999,0
12.5,80,55,13,-124.383,2,-116.967,8,8,20,0,-999,-999,0
12.5,80,55,13,-124.383,8,-124.818,9,9,20,0,-999,-999,0
12.5,80,55,13,-124.383,4,-124.819,3,3,20,0,-999,-999,0
12.5,80,55,13,-124.383,7,-125.296,7,7,20,0,-999,-999,0
12.5,80,55,13,-124.383,5,-131.932,5,5,20,0,-999,-999,0
12.5,80,55,13,-124.383,11,-132.436,10,10,10,1,-999,-999,0
12.5,80,55,13,-124.383,3,-134.195,6,6,20,0,-999,-999,0
12.5,80,55,13,-124.383,12,-135.856,10,10,10,1,-999,-999,0
12.5,91,72,8,-116.027,3,-95.3137,6,6,20,0,-999,-999,0
12.5,91,72,8,-116.027,4,-96.4342,3,3,20,0,-999,-999,0
12.5,91,72,8,-116.027,10,-130.961,8,8,10,1,-999,-999,0
12.5,91,72,8,-116.027,11,-131.549,10,10,10,1,-999,-999,0
12.5,91,72,8,-116.027,1,-132.187,8,8,20,0,-999,-999,0
12.5,91,72,8,-116.027,6,-132.592,7,7,20,0,-999,-999,0
12.5,91,72,8,-116.027,13,-134.182,10,10,10,1,-999,-999,0
12.5,91,72,8,-116.027,7,-135.533,7,7,20,0,-999,-999,0
12.5,91,72,8,-116.027,5,-136.557,5,5,20,0,-999,-999,0
12.5,91,72,8,-116.027,9,-136.752,10,10,10,1,-999,-999,0
12.5,91,72,8,-116.027,12,-137.787,10,10,10,1,-999,-999,0
12.5,91,72,8,-116.027,2,-140.423,8,8,20,0,-999,-999,0
12.5,91,72,8,-116.027,14,-144.746,10,10,10,1,-999,-999,0
12.5,93,40,6,-114.181,1,-82.7332,8,8,20,0,-999,-999,0
12.5,93,40,6,-114.181,9,-86.7895,10,10,10,1,-999,-999,0
12.5,93,40,6,-114.181,8,-91.0728,9,9,20,0,-999,-999,0
12.5,93,40,6,-114.181,12,-97.9709,10,10,10,1,-999,-999,0
12.5,93,40,6,-114.181,14,-104.054,10,10,10,1,-999,-999,0
12.5,93,40,6,-114.181,2,-117.592,8,8,20,0,-999,-999,0
12.5,93,40,6,-114.181,13,-118.055,10,10,10,1,-999,-999,0
12.5,93,40,6,-114.181,3,-126.118,6,6,20,0,-999,-999,0
12.5,93,40,6,-114.181,7,-127.917,7,7,20,0,-999,-999,0
12.5,93,40,6,-114.181,5,-131.759,5,5,20,0,-999,-999,0
12.5,93,40,6,-114.181,4,-131.855,3,3,20,0,-999,-999,0
12.5,93,40,6,-114.181,10,-132.688,8,8,10,1,-999,-999,0
12.5,93,40,6,-114.181,11,-132.828,10,10,10,1,-999,-999,0
12.5,94,56,2,-94.3413,1,-75.6496,8,8,20,0,-999,-999,0
12.5,94,56,2,-94.3413,7,-81.5204,7,7,20,0,-999,-999,0
12.5,94,56,2,-94.3413,4,-85.9239,3,3,20,0,-999,-999,0
12.5,94,56,2,-94.3413,3,-102.825,6,6,20,0,-999,-999,0
12.5,94,56,2,-94.3413,5,-110.468,5,5,20,0,-999,-999,0
12.5,94,56,2,-94.3413,9,-117.733,10,10,10,1,-999,-999,0
12.5,94,56,2,-94.3413,8,-117.956,9,9,20,0,-999,-999,0
12.5,94,56,2,-94.3413,11,-122.819,10,10,10,1,-999,-999,0
12.5,94,56,2,-94.3413,10,-124.142,8,8,10,1,-999,-999,0
12.5,94,56,2,-94.3413,6,-125.326,7,7,20,0,-999,-999,0
12.5,94,56,2,-94.3413,13,-133.434,10,10,10,1,-999,-999,0
12.5,94,56,2,-94.3413,12,-141.095,10,10,10,1,-999,-999,0
12.5,94,56,2,-94.3413,14,-145.928,10,10,10,1,-999,-999,0
12.5,95,36,8,-60.8312,3,-85.0676,6,6,20,0,-999,-999,0
12.5,95,36,8,-60.8312,13,-87.0128,10,10,10,1,-999,-999,0
12.5,95,36,8,-60.8312,9,-87.047,10,10,10,1,-999,-999,0
12.5,95,36,8,-60.8312,1,-102.743,8,8,20,0,-999,-999,0
12.5,95,36,8,-60.8312,11,-105.264,10,10,10,1,-999,-999,0
12.5,95,36,8,-60.8312,4,-110.517,3,3,20,0,-999,-999,0
12.5,95,36,8,-60.8312,6,-119.778,7,7,20,0,-999,-999,0
12.5,95,36,8,-60.8312,7,-122.589,7,7,20,0,-999,-999,0
12.5,95,36,8,-60.8312,2,-126.962,8,8,20,0,-999,-999,0
12.5,95,36,8,-60.8312,5,-127.138,5,5,20,0,-999,-999,0
12.5,95,36,8,-60.8312,14,-129.792,10,10,10,1,-999,-999,0
12.5,95,36,8,-60.8312,10,-133.965,8,8,10,1,-999,-999,0
12.5,95,36,8,-60.8312,12,-134.331,10,10,10,1,-999,-999,0
12.5,96,29,13,-83.6153,4,-84.5428,3,3,20,0,-999,-999,0
12.5,96,29,13,-83.6153,11,-88.9891,10,10,10,1,-999,-999,0
12.5,96,29,13,-83.6153,9,-91.7444,10,10,10,1,-999,-999,0
12.5,96,29,13,-83.6153,7,-105.677,7,7,20,0,-999,-999,0
12.5,96,29,13,-83.6153,3,-114.865,6,6,20,0,-999,-999,0
12.5,96,29,13,-83.6153,8,-119.772,9,9,20,0,-999,-999,0
12.5,96,29,13,-83.6153,12,-121.13,10,10,10,1,-999,-999,0
12.5,96,29,13,-83.6153,14,-123.892,10,10,10,1,-999,-999,0
12.5,96,29,13,-83.6153,5,-127.513,5,5,20,0,-999,-999,0
12.5,96,29,13,-83.6153,6,-129.739,7,7,20,0,-999,-999,0
12.5,96,29,13,-83.6153,1,-133.98,8,8,20,0,-999,-999,0
12.5,96,29,13,-83.6153,2,-138.266,8,8,20,0,-999,-999,0
12.5,96,29,13,-83.6153,10,-147.039,8,8,10,1,-999,-999,0
12.5,97,31,2,-103.895,1,-62.076,8,8,20,0,-999,-999,0
12.5,97,31,2,-103.895,12,-99.938,10,10,10,1,-999,-999,0
12.5,97,31,2,-103.895,4,-100.735,3,3,20,0,-999,-999,0
12.5,97,31,2,-103.895,13,-101.573,10,10,10,1,-999,-999,0
12.5,97,31,2,-103.895,7,-116.415,7,7,20,0,-999,-999,0
12.5,97,31,2,-103.895,6,-119.243,7,7,20,0,-999,-999,0
12.5,97,31,2,-103.895,10,-124.169,8,8,10,1,-999,-999,0
12.5,97,31,2,-103.895,8,-130.471,9,9,20,0,-999,-999,0
12.5,97,31,2,-103.895,9,-130.757,10,10,10,1,-999,-999,0
12.5,97,31,2,-103.895,3,-136.895,6,6,20,0,-999,-999,0
12.5,97,31,2,-103.895,11,-145.221,10,10,10,1,-999,-999,0
12.5,97,31,2,-103.895,5,-147.327,5,5,20,0,-999,-999,0
12.5,97,31,2,-103.895,14,-150.893,10,10,10,1,-999,-999,0
12.5,101,37,8,-72.7507,10,-99.1137,8,8,10,1,-999,-999,0
12.5,101,37,8,-72.7507,13,-106.68,10,10,10,1,-999,-999,0
12.5,101,37,8,-72.7507,5,-107.148,5,5,20,0,-999,-999,0
12.5,101,37,8,-72.7507,2,-109.677,8,8,20,0,-999,-999,0
12.5,101,37,8,-72.7507,4,-116.81,3,3,20,0,-999,-999,0
12.5,101,37,8,-72.7507,3,-117.992,6,6,20,0,-999,-999,0
12.5,101,37,8,-72.7507,11,-118.744,10,10,10,1,-999,-999,0
12.5,101,37,8,-72.7507,14,-119.682,10,10,10,1,-999,-999,0
12.5,101,37,8,-72.7507,6,-121.812,7,7,20,0,-999,-999,0
12.5,101,37,8,-72.7507,9,-123.889,10,10,10,1,-999,-999,0
12.5,101,37,8,-72.7507,12,-127.47,10,10,10,1,-999,-999,0
12.5,101,37,8,-72.7507,1,-135.243,8,8,20,0,-999,-999,0
12.5,101,37,8,-72.7507,7,-140.135,7,7,20,0,-999,-999,0
12.5,109,30,13,-120.98,3,-86.3246,6,6,20,0,-999,-999,0
12.5,109,30,13,-120.98,6,-91.3572,7,7,20,0,-999,-999,0
12.5,109,30,13,-120.98,2,-95.8931,8,8,20,0,-999,-999,0
12.5,109,30,13,-120.98,12,-104.899,10,10,10,1,-999,-999,0
12.5,109,30,13,-120.98,8,-124.759,9,9,20,0,-999,-999,0
12.5,109,30,13,-120.98,4,-126.729,3,3,20,0,-999,-999,0
12.5,109,30,13,-120.98,14,-130.422,10,10,10,1,-999,-999,0
12.5,109,30,13,-120.98,9,-131.369,10,10,10,1,-999,-999,0
12.5,109,30,13,-120.98,11,-134.848,10,10,10,1,-999,-999,0
12.5,109,30,13,-120.98,5,-138.148,5,5,20,0,-999,-999,0
12.5,109,30,13,-120.98,1,-140.013,8,8,20,0,-999,-999,0
12.5,109,30,13,-120.98,10,-145.419,8,8,10,1,-999,-999,0
12.5,109,30,13,-120.98,7,-156.94,7,7,20,0,-999,-999,0
12.5,112,56,1,-60.7847,9,-91.8295,10,10,10,1,-999,-999,0
12.5,112,56,1,-60.7847,8,-96.803,9,9,20,0,-999,-999,0
12.5,112,56,1,-60.7847,14,-96.8914,10,10,10,1,-999,-999,0
12.5,112,56,1,-60.7847,5,-106.923,5,5,20,0,-999,-999,0
12.5,112,56,1,-60.7847,6,-113.331,7,7,20,0,-999,-999,0
12.5,112,56,1,-60.7847,2,-115.162,8,8,20,0,-999,-999,0
12.5,112,56,1,-60.7847,12,-120.524,10,10,10,1,-999,-999,0
12.5,112,56,1,-60.7847,7,-124.176,7,7,20,0,-999,-999,0
12.5,112,56,1,-60.7847,10,-128.138,8,8,10,1,-999,-999,0
12.5,112,56,1,-60.7847,4,-133.185,3,3,20,0,-999,-999,0
12.5,112,56,1,-60.7847,11,-135.189,10,10,10,1,-999,-999,0
12.5,112,56,1,-60.7847,13,-137.157,10,10,10,1,-999,-999,0
12.5,112,56,1,-60.7847,3,-143.172,6,6,20,0,-999,-999,0
12.5,114,32,2,-49.5761,1,-84.8273,8,8,20,0,-999,-999,0
12.5,114,32,2,-49.5761,4,-109.935,3,3,20,0,-999,-999,0
12.5,114,32,2,-49.5761,5,-118.008,5,5,20,0,-999,-999,0
12.5,114,32,2,-49.5761,6,-129.32,7,7,20,0,-999,-999,0
12.5,114,32,2,-49.5761,10,-130.769,8,8,10,1,-999,-999,0
12.5,114,32,2,-49.5761,9,-133.672,10,10,10,1,-999,-999,0
12.5,114,32,2,-49.5761,7,-138.323,7,7,20,0,-999,-999,0
12.5,114,32,2,-49.5761,8,-141.47,9,9,20,0,-999,-999,0
12.5,114,32,2,-49.5761,12,-142.409,10,10,10,1,-999,-999,0
12.5,114,32,2,-49.5761,13,-143.825,10,10,10,1,-999,-999,0
12.5,114,32,2,-49.5761,3,-143.907,6,6,20,0,-999,-999,0
12.5,114,32,2,-49.5761,14,-146.398,10,10,10,1,-999,-999,0
12.5,114,32,2,-49.5761,11,-152.426,10,10,10,1,-999,-999,0
12.5,120,56,13,-126.019,3,-84.4319,6,6,20,0,-999,-999,0
12.5,120,56,13,-126.019,14,-98.9826,10,10,10,1,-999,-999,0
12.5,120,56,13,-126.019,11,-100.105,10,10,10,1,-999,-999,0
12.5,120,56,13,-126.019,2,-109.736,8,8,20,0,-999,-999,0
12.5,120,56,13,-126.019,4,-121.237,3,3,20,0,-999,-999,0
12.5,120,56,13,-126.019,5,-122.706,5,5,20,0,-999,-999,0
12.5,120,56,13,-126.019,8,-129.779,9,9,20,0,-999,-999,0
12.5,120,56,13,-126.019,10,-137.295,8,8,10,1,-999,-999,0
12.5,120,56,13,-126.019,1,-140.333,8,8,20,0,-999,-999,0
12.5,120,56,13,-126.019,6,-143.222,7,7,20,0,-999,-999,0
12.5,120,56,13,-126.019,12,-143.939,10,10,10,1,-999,-999,0
12.5,120,56,13,-126.019,7,-144.033,7,7,20,0,-999,-999,0
12.5,120,56,13,-126.019,9,-157.756,10,10,10,1,-999,-999,0
12.5,121,45,11,-72.302,4,-114.618,3,3,20,0,-999,-999,0
12.5,121,45,11,-72.302,12,-118.399,10,10,10,1,-999,-999,0
12.5,121,45,11,-72.302,5,-119.983,5,5,20,0,-999,-999,0
12.5,121,45,11,-72.302,2,-128.701,8,8,20,0,-999,-999,0
12.5,121,45,11,-72.302,3,-130.036,6,6,20,0,-999,-999,0
12.5,121,45,11,-72.302,8,-132.455,9,9,20,0,-999,-999,0
12.5,121,45,11,-72.302,10,-140.326,8,8,10,1,-999,-999,0
12.5,121,45,11,-72.302,13,-141.058,10,10,10,1,-999,-999,0
12.5,121,45,11,-72.302,14,-141.402,10,10,10,1,-999,-999,0
12.5,121,45,11,-72.302,6,-146.649,7,7,20,0,-999,-999,0
12.5,121,45,11,-72.302,9,-147.044,10,10,10,1,-999,-999,0
12.5,121,45,11,-72.302,1,-152.555,8,8,20,0,-999,-999,0
12.5,121,45,11,-72.302,7,-154.27,7,7,20,0,-999,-999,0
12.5,125,34,7,-72.2932,8,-93.0276,9,9,20,0,-999,-999,0
12.5,125,34,7,-72.2932,9,-96.5565,10,10,10,1,-999,-999,0
12.5,125,34,7,-72.2932,14,-104.275,10,10,10,1,-999,-999,0
12.5,125,34,7,-72.2932,10,-119.181,8,8,10,1,-999,-999,0
12.5,125,34,7,-72.2932,2,-123.247,8,8,20,0,-999,-999,0
12.5,125,34,7,-72.2932,13,-123.813,10,10,10,1,-999,-999,0
12.5,125,34,7,-72.2932,6,-124.96,7,7,20,0,-999,-999,0
12.5,125,34,7,-72.2932,3,-125.944,6,6,20,0,-999,-999,0
12.5,125,34,7,-72.2932,1,-126.856,8,8,20,0,-999,-999,0
12.5,125,34,7,-72.2932,4,-132.247,3,3,20,0,-999,-999,0
12.5,125,34,7,-72.2932,12,-140.829,10,10,10,1,-999,-999,0
12.5,125,34,7,-72.2932,11,-142.846,10,10,10,1,-999,-999,0
12.5,125,34,7,-72.2932,5,-144.556,5,5,20,0,-999,-999,0
12.5,128,64,12,-92.9296,6,-99.5182,7,7,20,0,-999,-999,0
12.5,128,64,12,-92.9296,1,-104.149,8,8,20,0,-999,-999,0
12.5,128,64,12,-92.9296,14,-127.181,10,10,10,1,-999,-999,0
12.5,128,64,12,-92.9296,10,-128.469,8,8,10,1,-999,-999,0
12.5,128,64,12,-92.9296,5,-133.007,5,5,20,0,-999,-999,0
12.5,128,64,12,-92.9296,11,-134.889,10,10,10,1,-999,-999,0
12.5,128,64,12,-92.9296,2,-136.046,8,8,20,0,-999,-999,0
12.5,128,64,12,-92.9296,9,-136.14,10,10,10,1,-999,-999,0
12.5,128,64,12,-92.9296,3,-136.351,6,6,20,0,-999,-999,0
12.5,128,64,12,-92.9296,4,-139.249,3,3,20,0,-999,-999,0
12.5,128,64,12,-92.9296,8,-142.229,9,9,20,0,-999,-999,0
12.5,128,64,12,-92.9296,13,-148.708,10,10,10,1,-999,-999,0
12.5,128,64,12,-92.9296,7,-153.172,7,7,20,0,-999,-999,0
12.5,129,53,14,-70.1318,5,-96.5592,5,5,20,0,-999,-999,0
12.5,129,53,14,-70.1318,2,-104.779,8,8,20,0,-999,-999,0
12.5,129,53,14,-70.1318,7,-106.675,7,7,20,0,-999,-999,0
12.5,129,53,14,-70.1318,12,-115.345,10,10,10,1,-999,-999,0
12.5,129,53,14,-70.1318,6,-131.008,7,7,20,0,-999,-999,0
12.5,129,53,14,-70.1318,10,-135.481,8,8,10,1,-999,-999,0
12.5,129,53,14,-70.1318,4,-135.55,3,3,20,0,-999,-999,0
12.5,129,53,14,-70.1318,3,-136.796,6,6,20,0,-999,-999,0
12.5,129,53,14,-70.1318,9,-137.251,10,10,10,1,-999,-999,0
12.5,129,53,14,-70.1318,13,-142.136,10,10,10,1,-999,-999,0
12.5,129,53,14,-70.1318,11,-142.614,10,10,10,1,-999,-999,0
12.5,129,53,14,-70.1318,1,-143.466,8,8,20,0,-999,-999,0
12.5,129,53,14,-70.1318,8,-151.396,9,9,20,0,-999,-999,0
12.5,130,22,6,-102.402,1,-77.4336,8,8,20,0,-999,-999,0
12.5,130,22,6,-102.402,9,-98.2152,10,10,10,1,-999,-999,0
12.5,130,22,6,-102.402,2,-102.341,8,8,20,0,-999,-999,0
12.5,130,22,6,-102.402,4,-112.231,3,3,20,0,-999,-999,0
12.5,130,22,6,-102.402,11,-114.211,10,10,10,1,-999,-999,0
12.5,130,22,6,-102.402,7,-117.492,7,7,20,0,-999,-999,0
12.5,130,22,6,-102.402,8,-117.749,9,9,20,0,-999,-999,0
12.5,130,22,6,-102.402,13,-118.547,10,10,10,1,-999,-999,0
12.5,130,22,6,-102.402,10,-121.471,8,8,10,1,-999,-999,0
12.5,130,22,6,-102.402,3,-132.952,6,6,20,0,-999,-999,0
12.5,130,22,6,-102.402,5,-136.558,5,5,20,0,-999,-999,0
12.5,130,22,6,-102.402,14,-141.046,10,10,10,1,-999,-999,0
12.5,130,22,6,-102.402,12,-142.761,10,10,10,1,-999,-999,0
12.5,131,22,3,-99.1898,8,-91.2959,9,9,20,0,-999,-999,0
12.5,131,22,3,-99.1898,14,-101.824,10,10,10,1,-999,-999,0
12.5,131,22,3,-99.1898,13,-115.672,10,10,10,1,-999,-999,0
12.5,131,22,3,-99.1898,4,-115.789,3,3,20,0,-999,-999,0
12.5,131,22,3,-99.1898,2,-119.331,8,8,20,0,-999,-999,0
12.5,131,22,3,-99.1898,11,-123.396,10,10,10,1,-999,-999,0
12.5,131,22,3,-99.1898,5,-124.146,5,5,20,0,-999,-999,0
12.5,131,22,3,-99.1898,7,-129.037,7,7,20,0,-999,-999,0
12.5,131,22,3,-99.1898,9,-131.523,10,10,10,1,-999,-999,0
12.5,131,22,3,-99.1898,12,-133.083,10,10,10,1,-999,-999,0
12.5,131,22,3,-99.1898,1,-133.257,8,8,20,0,-999,-999,0
12.5,131,22,3,-99.1898,10,-135.154,8,8,10,1,-999,-999,0
12.5,131,22,3,-99.1898,6,-137.332,7,7,20,0,-999,-999,0
12.5,133,29,9,-64.6626,6,-82.7593,7,7,20,0,-999,-999,0
12.5,133,29,9,-64.6626,13,-93.9787,10,10,10,1,-999,-999,0
12.5,133,29,9,-64.6626,1,-116.827,8,8,20,0,-999,-999,0
12.5,133,29,9,-64.6626,2,-129.934,8,8,20,0,-999,-999,0
12.5,133,29,9,-64.6626,4,-131.686,3,3,20,0,-999,-999,0
12.5,133,29,9,-64.6626,10,-136.169,8,8,10,1,-999,-999,0
12.5,133,29,9,-64.6626,3,-137.613,6,6,20,0,-999,-999,0
12.5,133,29,9,-64.6626,11,-138.247,10,10,10,1,-999,-999,0
12.5,133,29,9,-64.6626,7,-138.547,7,7,20,0,-999,-999,0
12.5,133,29,9,-64.6626,12,-138.613,10,10,10,1,-999,-999,0
12.5,133,29,9,-64.6626,14,-142.504,10,10,10,1,-999,-999,0
12.5,133,29,9,-64.6626,8,-142.972,9,9,20,0,-999,-999,0
12.5,133,29,9,-64.6626,5,-143.865,5,5,20,0,-999,-999,0
12.5,134,53,10,-106.129,8,-110.933,9,9,20,0,-999,-999,0
12.5,134,53,10,-106.129,1,-121.289,8,8,20,0,-999,-999,0
12.5,134,53,10,-106.129,7,-130.904,7,7,20,0,-999,-999,0
12.5,134,53,10,-106.129,2,-135.644,8,8,20,0,-999,-999,0
12.5,134,53,10,-106.129,6,-139.73,7,7,20,0,-999,-999,0
12.5,134,53,10,-106.129,4,-142.629,3,3,20,0,-999,-999,0
12.5,134,53,10,-106.129,11,-146.349,10,10,10,1,-999,-999,0
12.5,134,53,10,-106.129,3,-147.176,6,6,20,0,-999,-999,0
12.5,134,53,10,-106.129,9,-147.462,10,10,10,1,-999,-999,0
12.5,134,53,10,-106.129,14,-147.497,10,10,10,1,-999,-999,0
12.5,134,53,10,-106.129,5,-149.938,5,5,20,0,-999,-999,0
12.5,134,53,10,-106.129,13,-150.006,10,10,10,1,-999,-999,0
12.5,134,53,10,-106.129,12,-156.871,10,10,10,1,-999,-999,0
12.5,135,63,9,-115.92,7,-86.601,7,7,20,0,-999,-999,0
12.5,135,63,9,-115.92,4,-88.8365,3,3,20,0,-999,-999,0
12.5,135,63,9,-115.92,2,-105.411,8,8,20,0,-999,-999,0
12.5,135,63,9,-115.92,12,-110.778,10,10,10,1,-999,-999,0
12.5,135,63,9,-115.92,6,-115.743,7,7,20,0,-999,-999,0
12.5,135,63,9,-115.92,1,-119.791,8,8,20,0,-999,-999,0
12.5,135,63,9,-115.92,13,-121.083,10,10,10,1,-999,-999,0
12.5,135,63,9,-115.92,3,-126.367,6,6,20,0,-999,-999,0
12.5,135,63,9,-115.92,8,-128.78,9,9,20,0,-999,-999,0
12.5,135,63,9,-115.92,14,-131.238,10,10,10,1,-999,-999,0
12.5,135,63,9,-115.92,11,-131.53,10,10,10,1,-999,-999,0
12.5,135,63,9,-115.92,5,-132.252,5,5,20,0,-999,-999,0
12.5,135,63,9,-115.92,10,-133.125,8,8,10,1,-999,-999,0
12.5,137,15,12,-131.162,5,-81.5846,5,5,20,0,-999,-999,0
12.5,137,15,12,-131.162,3,-83.5569,6,6,20,0,-999,-999,0
12.5,137,15,12,-131.162,14,-90.8327,10,10,10,1,-999,-999,0
12.5,137,15,12,-131.162,9,-96.3236,10,10,10,1,-999,-999,0
12.5,137,15,12,-131.162,8,-111.646,9,9,20,0,-999,-999,0
12.5,137,15,12,-131.162,11,-119.693,10,10,10,1,-999,-999,0
12.5,137,15,12,-131.162,1,-120.215,8,8,20,0,-999,-999,0
12.5,137,15,12,-131.162,13,-130.617,10,10,10,1,-999,-999,0
12.5,137,15,12,-131.162,2,-135.925,8,8,20,0,-999,-999,0
12.5,137,15,12,-131.162,10,-139.868,8,8,10,1,-999,-999,0
12.5,137,15,12,-131.162,6,-141.235,7,7,20,0,-999,-999,0
12.5,137,15,12,-131.162,4,-141.686,3,3,20,0,-999,-999,0
12.5,137,15,12,-131.162,7,-149.78,7,7,20,0,-999,-999,0
12.5,138,23,6,-58.3159,8,-87.3814,9,9,20,0,-999,-999,0
12.5,138,23,6,-58.3159,1,-96.2584,8,8,20,0,-999,-999,0
12.5,138,23,6,-58.3159,9,-116.549,10,10,10,1,-999,-999,0
12.5,138,23,6,-58.3159,7,-120.82,7,7,20,0,-999,-999,0
12.5,138,23,6,-58.3159,4,-121.131,3,3,20,0,-999,-999,0
12.5,138,23,6,-58.3159,10,-123.987,8,8,10,1,-999,-999,0
12.5,138,23,6,-58.3159,2,-126.525,8,8,20,0,-999,-999,0
12.5,138,23,6,-58.3159,13,-127.576,10,10,10,1,-999,-999,0
12.5,138,23,6,-58.3159,12,-128.217,10,10,10,1,-999,-999,0
12.5,138,23,6,-58.3159,3,-133.908,6,6,20,0,-999,-999,0
12.5,138,23,6,-58.3159,5,-135.815,5,5,20,0,-999,-999,0
12.5,138,23,6,-58.3159,14,-140.068,10,10,10,1,-999,-999,0
12.5,138,23,6,-58.3159,11,-144.004,10,10,10,1,-999,-999,0
12.5,140,64,1,-116.641,11,-106.513,10,10,10,1,-999,-999,0
12.5,140,64,1,-116.641,6,-115.019,7,7,20,0,-999,-999,0
12.5,140,64,1,-116.641,2,-117.356,8,8,20,0,-999,-999,0
12.5,140,64,1,-116.641,9,-119.733,10,10,10,1,-999,-999,0
12.5,140,64,1,-116.641,14,-120.733,10,10,10,1,-999,-999,0
12.5,140,64,1,-116.641,12,-125.793,10,10,10,1,-999,-999,0
12.5,140,64,1,-116.641,4,-126.915,3,3,20,0,-999,-999,0
12.5,140,64,1,-116.641,13,-127.56,10,10,10,1,-999,-999,0
12.5,140,64,1,-116.641,10,-128.498,8,8,10,1,-999,-999,0
12.5,140,64,1,-116.641,8,-129.402,9,9,20,0,-999,-999,0
12.5,140,64,1,-116.641,7,-129.695,7,7,20,0,-999,-999,0
12.5,140,64,1,-116.641,3,-135.651,6,6,20,0,-999,-999,0
12.5,140,64,1,-116.641,5,-137.48,5,5,20,0,-999,-999,0
12.5,143,30,9,-65.8352,11,-112.202,10,10,10,1,-999,-999,0
12.5,143,30,9,-65.8352,6,-118.879,7,7,20,0,-999,-999,0
12.5,143,30,9,-65.8352,14,-125.23,10,10,10,1,-999,-999,0
12.5,143,30,9,-65.8352,4,-128.329,3,3,20,0,-999,-999,0
12.5,143,30,9,-65.8352,12,-130.132,10,10,10,1,-999,-999,0
12.5,143,30,9,-65.8352,1,-130.571,8,8,20,0,-999,-999,0
12.5,143,30,9,-65.8352,7,-130.65,7,7,20,0,-999,-999,0
12.5,143,30,9,-65.8352,3,-132.125,6,6,20,0,-999,-999,0
12.5,143,30,9,-65.8352,2,-135.093,8,8,20,0,-999,-999,0
12.5,143,30,9,-65.8352,13,-140.49,10,10,10,1,-999,-999,0
12.5,143,30,9,-65.8352,8,-141.307,9,9,20,0,-999,-999,0
12.5,143,30,9,-65.8352,5,-142.175,5,5,20,0,-999,-999,0
12.5,143,30,9,-65.8352,10,-148.157,8,8,10,1,-999,-999,0
12.5,144,77,11,-124.808,4,-86.1787,3,3,20,0,-999,-999,0
12.5,144,77,11,-124.808,6,-117.674,7,7,20,0,-999,-999,0
12.5,144,77,11,-124.808,10,-120.538,8,8,10,1,-999,-999,0
12.5,144,77,11,-124.808,1,-121.424,8,8,20,0,-999,-999,0
12.5,144,77,11,-124.808,2,-122.793,8,8,20,0,-999,-999,0
12.5,144,77,11,-124.808,7,-124.139,7,7,20,0,-999,-999,0
12.5,144,77,11,-124.808,3,-124.486,6,6,20,0,-999,-999,0
12.5,144,77,11,-124.808,13,-126.555,10,10,10,1,-999,-999,0
12.5,144,77,11,-124.808,8,-126.562,9,9,20,0,-999,-999,0
12.5,144,77,11,-124.808,9,-130.497,10,10,10,1,-999,-999,0
12.5,144,77,11,-124.808,5,-135.789,5,5,20,0,-999,-999,0
12.5,144,77,11,-124.808,14,-137.098,10,10,10,1,-999,-999,0
12.5,144,77,11,-124.808,12,-138.112,10,10,10,1,-999,-999,0
12.5,146,29,12,-115.243,1,-86.2258,8,8,20,0,-999,-999,0
12.5,146,29,12,-115.243,13,-101.881,10,10,10,1,-999,-999,0
12.5,146,29,12,-115.243,3,-104.006,6,6,20,0,-999,-999,0
12.5,146,29,12,-115.243,4,-106.018,3,3,20,0,-999,-999,0
12.5,146,29,12,-115.243,2,-109.846,8,8,20,0,-999,-999,0
12.5,146,29,12,-115.243,7,-122.7,7,7,20,0,-999,-999,0
12.5,146,29,12,-115.243,6,-126.884,7,7,20,0,-999,-999,0
12.5,146,29,12,-115.243,14,-136.175,10,10,10,1,-999,-999,0
12.5,146,29,12,-115.243,5,-138.054,5,5,20,0,-999,-999,0
12.5,146,29,12,-115.243,10,-138.676,8,8,10,1,-999,-999,0
12.5,146,29,12,-115.243,9,-138.712,10,10,10,1,-999,-999,0
12.5,146,29,12,-115.243,8,-138.717,9,9,20,0,-999,-999,0
12.5,146,29,12,-115.243,11,-156.048,10,10,10,1,-999,-999,0
12.5,149,15,4,-62.8738,2,-86.0416,8,8,20,0,-999,-999,0
12.5,149,15,4,-62.8738,5,-92.2513,5,5,20,0,-999,-999,0
12.5,149,15,4,-62.8738,10,-94.9055,8,8,10,1,-999,-999,0
12.5,149,15,4,-62.8738,11,-105.794,10,10,10,1,-999,-999,0
12.5,149,15,4,-62.8738,8,-122.241,9,9,20,0,-999,-999,0
12.5,149,15,4,-62.8738,1,-123.721,8,8,20,0,-999,-999,0
12.5,149,15,4,-62.8738,13,-124.252,10,10,10,1,-999,-999,0
12.5,149,15,4,-62.8738,9,-128.575,10,10,10,1,-999,-999,0
12.5,149,15,4,-62.8738,3,-128.842,6,6,20,0,-999,-999,0
12.5,149,15,4,-62.8738,6,-130.55,7,7,20,0,-999,-999,0
12.5,149,15,4,-62.8738,12,-131.614,10,10,10,1,-999,-999,0
12.5,149,15,4,-62.8738,7,-136.24,7,7,20,0,-999,-999,0
12.5,149,15,4,-62.8738,14,-140.85,10,10,10,1,-999,-999,0
12.5,150,70,8,-117.05,6,-84.5845,7,7,20,0,-999,-999,0
12.5,150,70,8,-117.05,12,-99.6743,10,10,10,1,-999,-999,0
12.5,150,70,8,-117.05,5,-111.502,5,5,20,0,-999,-999,0
12.5,150,70,8,-117.05,4,-111.829,3,3,20,0,-999,-999,0
12.5,150,70,8,-117.05,13,-125.595,10,10,10,1,-999,-999,0
12.5,150,70,8,-117.05,10,-125.91,8,8,10,1,-999,-999,0
12.5,150,70,8,-117.05,2,-130.092,8,8,20,0,-999,-999,0
12.5,150,70,8,-117.05,3,-132.272,6,6,20,0,-999,-999,0
12.5,150,70,8,-117.05,1,-132.814,8,8,20,0,-999,-999,0
12.5,150,70,8,-117.05,9,-133.068,10,10,10,1,-999,-999,0
12.5,150,70,8,-117.05,14,-135.762,10,10,10,1,-999,-999,0
12.5,150,70,8,-117.05,7,-135.934,7,7,20,0,-999,-999,0
12.5,150,70,8,-117.05,11,-150.357,10,10,10,1,-999,-999,0
12.5,153,78,13,-70.5768,5,-105.518,5,5,20,0,-999,-999,0
12.5,153,78,13,-70.5768,4,-113.894,3,3,20,0,-999,-999,0
12.5,153,78,13,-70.5768,3,-120.513,6,6,20,0,-999,-999,0
12.5,153,78,13,-70.5768,14,-125.796,10,10,10,1,-999,-999,0
12.5,153,78,13,-70.5768,8,-125.945,9,9,20,0,-999,-999,0
12.5,153,78,13,-70.5768,1,-126.166,8,8,20,0,-999,-999,0
12.5,153,78,13,-70.5768,9,-130.086,10,10,10,1,-999,-999,0
12.5,153,78,13,-70.5768,6,-131.863,7,7,20,0,-999,-999,0
12.5,153,78,13,-70.5768,10,-137.879,8,8,10,1,-999,-999,0
12.5,153,78,13,-70.5768,2,-140.704,8,8,20,0,-999,-999,0
12.5,153,78,13,-70.5768,7,-143.852,7,7,20,0,-999,-999,0
12.5,153,78,13,-70.5768,11,-148.194,10,10,10,1,-999,-999,0
12.5,153,78,13,-70.5768,12,-149.695,10,10,10,1,-999,-999,0
12.5,155,54,10,-116.412,12,-103.915,10,10,10,1,-999,-999,0
12.5,155,54,10,-116.412,7,-104.686,7,7,20,0,-999,-999,0
12.5,155,54,10,-116.412,4,-110.021,3,3,20,0,-999,-999,0
12.5,155,54,10,-116.412,8,-123.485,9,9,20,0,-999,-999,0
12.5,155,54,10,-116.412,9,-126.153,10,10,10,1,-999,-999,0
12.5,155,54,10,-116.412,13,-129.92,10,10,10,1,-999,-999,0
12.5,155,54,10,-116.412,2,-131.593,8,8,20,0,-999,-999,0
12.5,155,54,10,-116.412,6,-132.305,7,7,20,0,-999,-999,0
12.5,155,54,10,-116.412,1,-133.448,8,8,20,0,-999,-999,0
12.5,155,54,10,-116.412,3,-134.995,6,6,20,0,-999,-999,0
12.5,155,54,10,-116.412,14,-138.04,10,10,10,1,-999,-999,0
12.5,155,54,10,-116.412,11,-145.26,10,10,10,1,-999,-999,0
12.5,155,54,10,-116.412,5,-147.98,5,5,20,0,-999,-999,0
12.5,156,22,11,-132.449,5,-89.3197,5,5,20,0,-999,-999,0
12.5,156,22,11,-132.449,10,-105.778,8,8,10,1,-999,-999,0
12.5,156,22,11,-132.449,6,-122.393,7,7,20,0,-999,-999,0
12.5,156,22,11,-132.449,3,-126.605,6,6,20,0,-999,-999,0
12.5,156,22,11,-132.449,1,-128.534,8,8,20,0,-999,-999,0
12.5,156,22,11,-132.449,9,-133.26,10,10,10,1,-999,-999,0
12.5,156,22,11,-132.449,4,-136.781,3,3,20,0,-999,-999,0
12.5,156,22,11,-132.449,2,-138.282,8,8,20,0,-999,-999,0
12.5,156,22,11,-132.449,13,-138.697,10,10,10,1,-999,-999,0
12.5,156,22,11,-132.449,8,-139.034,9,9,20,0,-999,-999,0
12.5,156,22,11,-132.449,14,-140.24,10,10,10,1,-999,-999,0
12.5,156,22,11,-132.449,7,-144.949,7,7,20,0,-999,-999,0
12.5,156,22,11,-132.449,12,-146.925,10,10,10,1,-999,-999,0
12.5,157,29,14,-84.2523,9,-96.0737,10,10,10,1,-999,-999,0
12.5,157,29,14,-84.2523,11,-101.825,10,10,10,1,-999,-999,0
12.5,157,29,14,-84.2523,5,-119.758,5,5,20,0,-999,-999,0
12.5,157,29,14,-84.2523,3,-124.239,6,6,20,0,-999,-999,0
12.5,157,29,14,-84.2523,2,-128.513,8,8,20,0,-999,-999,0
12.5,157,29,14,-84.2523,12,-128.561,10,10,10,1,-999,-999,0
12.5,157,29,14,-84.2523,13,-130.774,10,10,10,1,-999,-999,0
12.5,157,29,14,-84.2523,6,-131.015,7,7,20,0,-999,-999,0
12.5,157,29,14,-84.2523,4,-131.294,3,3,20,0,-999,-999,0
12.5,157,29,14,-84.2523,1,-135.941,8,8,20,0,-999,-999,0
12.5,157,29,14,-84.2523,7,-147.112,7,7,20,0,-999,-999,0
12.5,157,29,14,-84.2523,8,-148.75,9,9,20,0,-999,-999,0
12.5,157,29,14,-84.2523,10,-150.274,8,8,10,1,-999,-999,0
12.5,158,23,10,-77.1664,2,-75.9155,8,8,20,0,-999,-999,0
12.5,158,23,10,-77.1664,4,-96.4412,3,3,20,0,-999,-999,0
12.5,158,23,10,-77.1664,14,-107.59,10,10,10,1,-999,-999,0
12.5,158,23,10,-77.1664,1,-110.728,8,8,20,0,-999,-999,0
12.5,158,23,10,-77.1664,7,-113.212,7,7,20,0,-999,-999,0
12.5,158,23,10,-77.1664,6,-121.086,7,7,20,0,-999,-999,0
12.5,158,23,10,-77.1664,8,-132.747,9,9,20,0,-999,-999,0
12.5,158,23,10,-77.1664,12,-135.001,10,10,10,1,-999,-999,0
12.5,158,23,10,-77.1664,9,-135.63,10,10,10,1,-999,-999,0
12.5,158,23,10,-77.1664,13,-136.9,10,10,10,1,-999,-999,0
12.5,158,23,10,-77.1664,3,-137.467,6,6,20,0,-999,-999,0
12.5,158,23,10,-77.1664,5,-144.235,5,5,20,0,-999,-999,0
12.5,158,23,10,-77.1664,11,-149.165,10,10,10,1,-999,-999,0
12.5,159,64,9,-86.7116,5,-105.28,5,5,20,0,-999,-999,0
12.5,159,64,9,-86.7116,4,-109.605,3,3,20,0,-999,-999,0
12.5,159,64,9,-86.7116,8,-114.98,9,9,20,0,-999,-999,0
12.5,159,64,9,-86.7116,3,-121.701,6,6,20,0,-999,-999,0
12.5,159,64,9,-86.7116,13,-123.055,10,10,10,1,-999,-999,0
12.5,159,64,9,-86.7116,6,-126.7,7,7,20,0,-999,-999,0
12.5,159,64,9,-86.7116,1,-127.405,8,8,20,0,-999,-999,0
12.5,159,64,9,-86.7116,10,-128.787,8,8,10,1,-999,-999,0
12.5,159,64,9,-86.7116,2,-130.701,8,8,20,0,-999,-999,0
12.5,159,64,9,-86.7116,12,-131.472,10,10,10,1,-999,-999,0
12.5,159,64,9,-86.7116,7,-135.871,7,7,20,0,-999,-999,0
12.5,159,64,9,-86.7116,14,-137.905,10,10,10,1,-999,-999,0
12.5,159,64,9,-86.7116,11,-145.011,10,10,10,1,-999,-999,0
12.5,165,31,9,-117.178,10,-100.868,8,8,10,1,-999,-999,0
12.5,165,31,9,-117.178,7,-103.009,7,7,20,0,-999,-999,0
12.5,165,31,9,-117.178,11,-110.63,10,10,10,1,-999,-999,0
12.5,165,31,9,-117.178,8,-113.171,9,9,20,0,-999,-999,0
12.5,165,31,9,-117.178,6,-115.148,7,7,20,0,-999,-999,0
12.5,165,31,9,-117.178,2,-118.889,8,8,20,0,-999,-999,0
12.5,165,31,9,-117.178,4,-119.053,3,3,20,0,-999,-999,0
12.5,165,31,9,-117.178,14,-123.477,10,10,10,1,-999,-999,0
12.5,165,31,9,-117.178,13,-128.27,10,10,10,1,-999,-999,0
12.5,165,31,9,-117.178,1,-130.693,8,8,20,0,-999,-999,0
12.5,165,31,9,-117.178,12,-131.512,10,10,10,1,-999,-999,0
12.5,165,31,9,-117.178,5,-136.747,5,5,20,0,-999,-999,0
12.5,165,31,9,-117.178,3,-136.83,6,6,20,0,-999,-999,0
12.5,167,16,4,-66.999,12,-89.5046,10,10,10,1,-999,-999,0
12.5,167,16,4,-66.999,14,-91.305,10,10,10,1,-999,-999,0
12.5,167,16,4,-66.999,8,-107.969,9,9,20,0,-999,-999,0
12.5,167,16,4,-66.999,9,-114.391,10,10,10,1,-999,-999,0
12.5,167,16,4,-66.999,13,-116.958,10,10,10,1,-999,-999,0
12.5,167,16,4,-66.999,6,-120.458,7,7,20,0,-999,-999,0
12.5,167,16,4,-66.999,3,-121.894,6,6,20,0,-999,-999,0
12.5,167,16,4,-66.999,7,-125.983,7,7,20,0,-999,-999,0
12.5,167,16,4,-66.999,11,-126.092,10,10,10,1,-999,-999,0
12.5,167,16,4,-66.999,5,-127.684,5,5,20,0,-999,-999,0
12.5,167,16,4,-66.999,2,-129.211,8,8,20,0,-999,-999,0
12.5,167,16,4,-66.999,10,-130.35,8,8,10,1,-999,-999,0
12.5,167,16,4,-66.999,1,-131.987,8,8,20,0,-999,-999,0
12.5,168,78,11,-111.185,12,-108.198,10,10,10,1,-999,-999,0
12.5,168,78,11,-111.185,5,-121.545,5,5,20,0,-999,-999,0
12.5,168,78,11,-111.185,13,-128.588,10,10,10,1,-999,-999,0
12.5,168,78,11,-111.185,9,-128.732,10,10,10,1,-999,-999,0
12.5,168,78,11,-111.185,3,-130.475,6,6,20,0,-999,-999,0
12.5,168,78,11,-111.185,4,-137.472,3,3,20,0,-999,-999,0
12.5,168,78,11,-111.185,14,-142.011,10,10,10,1,-999,-999,0
12.5,168,78,11,-111.185,7,-142.566,7,7,20,0,-999,-999,0
12.5,168,78,11,-111.185,8,-143.501,9,9,20,0,-999,-999,0
12.5,168,78,11,-111.185,6,-145.999,7,7,20,0,-999,-999,0
12.5,168,78,11,-111.185,1,-146.435,8,8,20,0,-999,-999,0
12.5,168,78,11,-111.185,2,-151.387,8,8,20,0,-999,-999,0
12.5,168,78,11,-111.185,10,-156.796,8,8,10,1,-999,-999,0
12.5,172,15,10,-64.2779,7,-125.963,7,7,20,0,-999,-999,0
12.5,172,15,10,-64.2779,11,-128.607,10,10,10,1,-999,-999,0
12.5,172,15,10,-64.2779,6,-133.781,7,7,20,0,-999,-999,0
12.5,172,15,10,-64.2779,4,-134.463,3,3,20,0,-999,-999,0
12.5,172,15,10,-64.2779,1,-135.029,8,8,20,0,-999,-999,0
12.5,172,15,10,-64.2779,2,-135.83,8,8,20,0,-999,-999,0
12.5,172,15,10,-64.2779,12,-142.034,10,10,10,1,-999,-999,0
12.5,172,15,10,-64.2779,8,-142.457,9,9,20,0,-999,-999,0
12.5,172,15,10,-64.2779,5,-144.305,5,5,20,0,-999,-999,0
12.5,172,15,10,-64.2779,13,-147.715,10,10,10,1,-999,-999,0
12.5,172,15,10,-64.2779,9,-149.139,10,10,10,1,-999,-999,0
12.5,172,15,10,-64.2779,3,-152.823,6,6,20,0,-999,-999,0
12.5,172,15,10,-64.2779,14,-156.707,10,10,10,1,-999,-999,0
12.5,174,30,14,-123.128,3,-101.735,6,6,20,0,-999,-999,0
12.5,174,30,14,-123.128,5,-101.893,5,5,20,0,-999,-999,0
12.5,174,30,14,-123.128,11,-108.404,10,10,10,1,-999,-999,0
12.5,174,30,14,-123.128,10,-108.861,8,8,10,1,-999,-999,0
12.5,174,30,14,-123.128,4,-108.888,3,3,20,0,-999,-999,0
12.5,174,30,14,-123.128,1,-117.575,8,8,20,0,-999,-999,0
12.5,174,30,14,-123.128,12,-119.165,10,10,10,1,-999,-999,0
12.5,174,30,14,-123.128,9,-132.824,10,10,10,1,-999,-999,0
12.5,174,30,14,-123.128,2,-135.702,8,8,20,0,-999,-999,0
12.5,174,30,14,-123.128,6,-139.904,7,7,20,0,-999,-999,0
12.5,174,30,14,-123.128,13,-141.302,10,10,10,1,-999,-999,0
12.5,174,30,14,-123.128,8,-145.859,9,9,20,0,-999,-999,0
12.5,174,30,14,-123.128,7,-147.615,7,7,20,0,-999,-999,0
12.5,175,23,11,-107.362,3,-75.9506,6,6,20,0,-999,-999,0
12.5,175,23,11,-107.362,4,-89.4117,3,3,20,0,-999,-999,0
12.5,175,23,11,-107.362,5,-94.4573,5,5,20,0,-999,-999,0
12.5,175,23,11,-107.362,14,-100.309,10,10,10,1,-999,-999,0
12.5,175,23,11,-107.362,6,-102.471,7,7,20,0,-999,-999,0
12.5,175,23,11,-107.362,2,-106.45,8,8,20,0,-999,-999,0
12.5,175,23,11,-107.362,13,-120.782,10,10,10,1,-999,-999,0
12.5,175,23,11,-107.362,8,-124.099,9,9,20,0,-999,-999,0
12.5,175,23,11,-107.362,12,-133.669,10,10,10,1,-999,-999,0
12.5,175,23,11,-107.362,1,-134.457,8,8,20,0,-999,-999,0
12.5,175,23,11,-107.362,7,-136.315,7,7,20,0,-999,-999,0
12.5,175,23,11,-107.362,9,-139.295,10,10,10,1,-999,-999,0
12.5,175,23,11,-107.362,10,-148.22,8,8,10,1,-999,-999,0
12.5,176,24,6,-64.4794,3,-89.0633,6,6,20,0,-999,-999,0
12.5,176,24,6,-64.4794,11,-91.3231,10,10,10,1,-999,-999,0
12.5,176,24,6,-64.4794,7,-92.3227,7,7,20,0,-999,-999,0
12.5,176,24,6,-64.4794,2,-117.69,8,8,20,0,-999,-999,0
12.5,176,24,6,-64.4794,9,-117.907,10,10,10,1,-999,-999,0
12.5,176,24,6,-64.4794,1,-118.962,8,8,20,0,-999,-999,0
12.5,176,24,6,-64.4794,13,-123.446,10,10,10,1,-999,-999,0
12.5,176,24,6,-64.4794,4,-124.293,3,3,20,0,-999,-999,0
12.5,176,24,6,-64.4794,10,-129.761,8,8,10,1,-999,-999,0
12.5,176,24,6,-64.4794,8,-129.986,9,9,20,0,-999,-999,0
12.5,176,24,6,-64.4794,5,-132.242,5,5,20,0,-999,-999,0
12.5,176,24,6,-64.4794,14,-132.336,10,10,10,1,-999,-999,0
12.5,176,24,6,-64.4794,12,-134.754,10,10,10,1,-999,-999,0
12.5,179,39,7,-115.699,6,-117.578,7,7,20,0,-999,-999,0
12.5,179,39,7,-115.699,10,-118.52,8,8,10,1,-999,-999,0
12.5,179,39,7,-115.699,1,-121.25,8,8,20,0,-999,-999,0
12.5,179,39,7,-115.699,9,-126.198,10,10,10,1,-999,-999,0
12.5,179,39,7,-115.699,2,-132.261,8,8,20,0,-999,-999,0
12.5,179,39,7,-115.699,4,-132.535,3,3,20,0,-999,-999,0
12.5,179,39,7,-115.699,8,-132.825,9,9,20,0,-999,-999,0
12.5,179,39,7,-115.699,3,-133.213,6,6,20,0,-999,-999,0
12.5,179,39,7,-115.699,13,-134.734,10,10,10,1,-999,-999,0
12.5,179,39,7,-115.699,5,-137.566,5,5,20,0,-999,-999,0
12.5,179,39,7,-115.699,12,-138.449,10,10,10,1,-999,-999,0
12.5,179,39,7,-115.699,14,-145.472,10,10,10,1,-999,-999,0
12.5,179,39,7,-115.699,11,-150.234,10,10,10,1,-999,-999,0
12.5,180,55,10,-117.103,13,-97.6635,10,10,10,1,-999,-999,0
12.5,180,55,10,-117.103,12,-105.746,10,10,10,1,-999,-999,0
12.5,180,55,10,-117.103,2,-106.394,8,8,20,0,-999,-999,0
12.5,180,55,10,-117.103,3,-107.177,6,6,20,0,-999,-999,0
12.5,180,55,10,-117.103,14,-108.359,10,10,10,1,-999,-999,0
12.5,180,55,10,-117.103,7,-114.109,7,7,20,0,-999,-999,0
12.5,180,55,10,-117.103,4,-128.136,3,3,20,0,-999,-999,0
12.5,180,55,10,-117.103,8,-128.586,9,9,20,0,-999,-999,0
12.5,180,55,10,-117.103,6,-130.527,7,7,20,0,-999,-999,0
12.5,180,55,10,-117.103,1,-131.96,8,8,20,0,-999,-999,0
12.5,180,55,10,-117.103,9,-133.347,10,10,10,1,-999,-999,0
12.5,180,55,10,-117.103,11,-136.884,10,10,10,1,-999,-999,0
12.5,180,55,10,-117.103,5,-167.634,5,5,20,0,-999,-999,0
12.5,181,24,11,-71.4,8,-115.616,9,9,20,0,-999,-999,0
12.5,181,24,11,-71.4,6,-125.157,7,7,20,0,-999,-999,0
12.5,181,24,11,-71.4,13,-126.973,10,10,10,1,-999,-999,0
12.5,181,24,11,-71.4,5,-127.298,5,5,20,0,-999,-999,0
12.5,181,24,11,-71.4,3,-138.161,6,6,20,0,-999,-999,0
12.5,181,24,11,-71.4,12,-138.524,10,10,10,1,-999,-999,0
12.5,181,24,11,-71.4,4,-141.029,3,3,20,0,-999,-999,0
12.5,181,24,11,-71.4,1,-144.751,8,8,20,0,-999,-999,0
12.5,181,24,11,-71.4,14,-145.864,10,10,10,1,-999,-999,0
12.5,181,24,11,-71.4,9,-150.604,10,10,10,1,-999,-999,0
12.5,181,24,11,-71.4,10,-151.19,8,8,10,1,-999,-999,0
12.5,181,24,11,-71.4,7,-159.004,7,7,20,0,-999,-999,0
12.5,181,24,11,-71.4,2,-159.545,8,8,20,0,-999,-999,0
12.5,185,71,8,-69.1303,4,-87.3097,3,3,20,0,-999,-999,0
12.5,185,71,8,-69.1303,3,-117.35,6,6,20,0,-999,-999,0
12.5,185,71,8,-69.1303,10,-121.847,8,8,10,1,-999,-999,0
12.5,185,71,8,-69.1303,11,-122.104,10,10,10,1,-999,-999,0
12.5,185,71,8,-69.1303,1,-124.976,8,8,20,0,-999,-999,0
12.5,185,71,8,-69.1303,13,-127.534,10,10,10,1,-999,-999,0
12.5,185,71,8,-69.1303,9,-127.956,10,10,10,1,-999,-999,0
12.5,185,71,8,-69.1303,12,-128.872,10,10,10,1,-999,-999,0
12.5,185,71,8,-69.1303,7,-128.99,7,7,20,0,-999,-999,0
12.5,185,71,8,-69.1303,2,-130.855,8,8,20,0,-999,-999,0
12.5,185,71,8,-69.1303,6,-132.646,7,7,20,0,-999,-999,0
12.5,185,71,8,-69.1303,5,-135.449,5,5,20,0,-999,-999,0
12.5,185,71,8,-69.1303,14,-139.1,10,10,10,1,-999,-999,0
12.5,188,29,2,-126.429,10,-94.4847,8,8,10,1,-999,-999,0
12.5,188,29,2,-126.429,5,-95.3304,5,5,20,0,-999,-999,0
12.5,188,29,2,-126.429,11,-96.6513,10,10,10,1,-999,-999,0
12.5,188,29,2,-126.429,4,-102.52,3,3,20,0,-999,-999,0
12.5,188,29,2,-126.429,1,-116.905,8,8,20,0,-999,-999,0
12.5,188,29,2,-126.429,6,-122.538,7,7,20,0,-999,-999,0
12.5,188,29,2,-126.429,7,-124.052,7,7,20,0,-999,-999,0
12.5,188,29,2,-126.429,3,-124.064,6,6,20,0,-999,-999,0
12.5,188,29,2,-126.429,13,-131.025,10,10,10,1,-999,-999,0
12.5,188,29,2,-126.429,9,-131.582,10,10,10,1,-999,-999,0
12.5,188,29,2,-126.429,12,-140.798,10,10,10,1,-999,-999,0
12.5,188,29,2,-126.429,14,-144.841,10,10,10,1,-999,-999,0
12.5,188,29,2,-126.429,8,-153.453,9,9,20,0,-999,-999,0
12.5,191,61,12,-72.2831,14,-92.7126,10,10,10,1,-999,-999,0
12.5,191,61,12,-72.2831,6,-108.678,7,7,20,0,-999,-999,0
12.5,191,61,12,-72.2831,10,-110.058,8,8,10,1,-999,-999,0
12.5,191,61,12,-72.2831,7,-120.293,7,7,20,0,-999,-999,0
12.5,191,61,12,-72.2831,3,-125.768,6,6,20,0,-999,-999,0
12.5,191,61,12,-72.2831,9,-130.12,10,10,10,1,-999,-999,0
12.5,191,61,12,-72.2831,11,-138.002,10,10,10,1,-999,-999,0
12.5,191,61,12,-72.2831,1,-138.497,8,8,20,0,-999,-999,0
12.5,191,61,12,-72.2831,13,-145.604,10,10,10,1,-999,-999,0
12.5,191,61,12,-72.2831,5,-145.817,5,5,20,0,-999,-999,0
12.5,191,61,12,-72.2831,8,-147.973,9,9,20,0,-999,-999,0
12.5,191,61,12,-72.2831,2,-147.983,8,8,20,0,-999,-999,0
12.5,191,61,12,-72.2831,4,-148.175,3,3,20,0,-999,-999,0
12.5,193,15,13,-85.9578,4,-88.0963,3,3,20,0,-999,-999,0
12.5,193,15,13,-85.9578,5,-109.416,5,5,20,0,-999,-999,0
12.5,193,15,13,-85.9578,14,-109.587,10,10,10,1,-999,-999,0
12.5,193,15,13,-85.9578,3,-117.151,6,6,20,0,-999,-999,0
12.5,193,15,13,-85.9578,6,-117.806,7,7,20,0,-999,-999,0
12.5,193,15,13,-85.9578,12,-119.07,10,10,10,1,-999,-999,0
12.5,193,15,13,-85.9578,8,-122.588,9,9,20,0,-999,-999,0
12.5,193,15,13,-85.9578,11,-128.938,10,10,10,1,-999,-999,0
12.5,193,15,13,-85.9578,1,-132.03,8,8,20,0,-999,-999,0
12.5,193,15,13,-85.9578,10,-132.323,8,8,10,1,-999,-999,0
12.5,193,15,13,-85.9578,7,-137.973,7,7,20,0,-999,-999,0
12.5,193,15,13,-85.9578,9,-138.604,10,10,10,1,-999,-999,0
12.5,193,15,13,-85.9578,2,-143.576,8,8,20,0,-999,-999,0
12.5,194,79,9,-85.8841,6,-79.6621,7,7,20,0,-999,-999,0
12.5,194,79,9,-85.8841,1,-89.3053,8,8,20,0,-999,-999,0
12.5,194,79,9,-85.8841,2,-119.734,8,8,20,0,-999,-999,0
12.5,194,79,9,-85.8841,3,-120.205,6,6,20,0,-999,-999,0
12.5,194,79,9,-85.8841,7,-123.066,7,7,20,0,-999,-999,0
12.5,194,79,9,-85.8841,10,-123.87,8,8,10,1,-999,-999,0
12.5,194,79,9,-85.8841,13,-127.573,10,10,10,1,-999,-999,0
12.5,194,79,9,-85.8841,14,-130.211,10,10,10,1,-999,-999,0
12.5,194,79,9,-85.8841,4,-131.568,3,3,20,0,-999,-999,0
12.5,194,79,9,-85.8841,12,-132.928,10,10,10,1,-999,-999,0
12.5,194,79,9,-85.8841,8,-136.941,9,9,20,0,-999,-999,0
12.5,194,79,9,-85.8841,11,-143.746,10,10,10,1,-999,-999,0
12.5,194,79,9,-85.8841,5,-152.662,5,5,20,0,-999,-999,0
12.5,195,8,1,-79.8407,2,-108.927,8,8,20,0,-999,-999,0
12.5,195,8,1,-79.8407,7,-124.071,7,7,20,0,-999,-999,0
12.5,195,8,1,-79.8407,9,-125.137,10,10,10,1,-999,-999,0
12.5,195,8,1,-79.8407,11,-126.408,10,10,10,1,-999,-999,0
12.5,195,8,1,-79.8407,3,-128.001,6,6,20,0,-999,-999,0
12.5,195,8,1,-79.8407,4,-130.672,3,3,20,0,-999,-999,0
12.5,195,8,1,-79.8407,12,-130.768,10,10,10,1,-999,-999,0
12.5,195,8,1,-79.8407,10,-133.397,8,8,10,1,-999,-999,0
12.5,195,8,1,-79.8407,6,-134.466,7,7,20,0,-999,-999,0
12.5,195,8,1,-79.8407,5,-136.65,5,5,20,0,-999,-999,0
12.5,195,8,1,-79.8407,13,-137.901,10,10,10,1,-999,-999,0
12.5,195,8,1,-79.8407,14,-139.099,10,10,10,1,-999,-999,0
12.5,195,8,1,-79.8407,8,-142.088,9,9,20,0,-999,-999,0
12.5,196,15,8,-68.0744,4,-76.1006,3,3,20,0,-999,-999,0
12.5,196,15,8,-68.0744,14,-89.8265,10,10,10,1,-999,-999,0
12.5,196,15,8,-68.0744,5,-95.1972,5,5,20,0,-999,-999,0
12.5,196,15,8,-68.0744,2,-98.3354,8,8,20,0,-999,-999,0
12.5,196,15,8,-68.0744,13,-118.386,10,10,10,1,-999,-999,0
12.5,196,15,8,-68.0744,6,-120.671,7,7,20,0,-999,-999,0
12.5,196,15,8,-68.0744,3,-124.02,6,6,20,0,-999,-999,0
12.5,196,15,8,-68.0744,1,-125.826,8,8,20,0,-999,-999,0
12.5,196,15,8,-68.0744,12,-127.203,10,10,10,1,-999,-999,0
12.5,196,15,8,-68.0744,9,-129.852,10,10,10,1,-999,-999,0
12.5,196,15,8,-68.0744,10,-132.198,8,8,10,1,-999,-999,0
12.5,196,15,8,-68.0744,11,-136.692,10,10,10,1,-999,-999,0
12.5,196,15,8,-68.0744,7,-141.23,7,7,20,0,-999,-999,0
12.5,198,32,9,-99.9443,14,-99.1114,10,10,10,1,-999,-999,0
12.5,198,32,9,-99.9443,6,-115.038,7,7,20,0,-999,-999,0
12.5,198,32,9,-99.9443,5,-122.477,5,5,20,0,-999,-999,0
12.5,198,32,9,-99.9443,4,-126.093,3,3,20,0,-999,-999,0
12.5,198,32,9,-99.9443,2,-129.055,8,8,20,0,-999,-999,0
12.5,198,32,9,-99.9443,11,-130.163,10,10,10,1,-999,-999,0
12.5,198,32,9,-99.9443,10,-133.574,8,8,10,1,-999,-999,0
12.5,198,32,9,-99.9443,3,-133.946,6,6,20,0,-999,-999,0
12.5,198,32,9,-99.9443,1,-134.505,8,8,20,0,-999,-999,0
12.5,198,32,9,-99.9443,13,-135.613,10,10,10,1,-999,-999,0
12.5,198,32,9,-99.9443,8,-139.515,9,9,20,0,-999,-999,0
12.5,198,32,9,-99.9443,12,-139.812,10,10,10,1,-999,-999,0
12.5,198,32,9,-99.9443,7,-144.92,7,7,20,0,-999,-999,0
12.5,199,79,11,-101.974,12,-111.841,10,10,10,1,-999,-999,0
12.5,199,79,11,-101.974,5,-116.167,5,5,20,0,-999,-999,0
12.5,199,79,11,-101.974,9,-126.397,10,10,10,1,-999,-999,0
12.5,199,79,11,-101.974,3,-132.648,6,6,20,0,-999,-999,0
12.5,199,79,11,-101.974,14,-139.121,10,10,10,1,-999,-999,0
12.5,199,79,11,-101.974,8,-140.093,9,9,20,0,-999,-999,0
12.5,199,79,11,-101.974,6,-140.486,7,7,20,0,-999,-999,0
12.5,199,79,11,-101.974,13,-141.484,10,10,10,1,-999,-999,0
12.5,199,79,11,-101.974,4,-145.135,3,3,20,0,-999,-999,0
12.5,199,79,11,-101.974,1,-145.929,8,8,20,0,-999,-999,0
12.5,199,79,11,-101.974,2,-148.824,8,8,20,0,-999,-999,0
12.5,199,79,11,-101.974,7,-151.249,7,7,20,0,-999,-999,0
12.5,199,79,11,-101.974,10,-152.593,8,8,10,1,-999,-999,0
12.5,200,47,2,-100.405,4,-89.4965,3,3,20,0,-999,-999,0
12.5,200,47,2,-100.405,6,-99.3947,7,7,20,0,-999,-999,0
12.5,200,47,2,-100.405,13,-104.423,10,10,10,1,-999,-999,0
12.5,200,47,2,-100.405,11,-106.439,10,10,10,1,-999,-999,0
12.5,200,47,2,-100.405,1,-113.662,8,8,20,0,-999,-999,0
12.5,200,47,2,-100.405,10,-118.574,8,8,10,1,-999,-999,0
12.5,200,47,2,-100.405,7,-120.835,7,7,20,0,-999,-999,0
12.5,200,47,2,-100.405,8,-126.333,9,9,20,0,-999,-999,0
12.5,200,47,2,-100.405,9,-135.384,10,10,10,1,-999,-999,0
12.5,200,47,2,-100.405,5,-138.819,5,5,20,0,-999,-999,0
12.5,200,47,2,-100.405,3,-139.067,6,6,20,0,-999,-999,0
12.5,200,47,2,-100.405,14,-143.107,10,10,10,1,-999,-999,0
12.5,200,47,2,-100.405,12,-143.713,10,10,10,1,-999,-999,0
12.5,204,51,1,-123.437,6,-81.4397,7,7,20,0,-999,-999,0
12.5,204,51,1,-123.437,4,-88.8665,3,3,20,0,-999,-999,0
12.5,204,51,1,-123.437,9,-95.9514,10,10,10,1,-999,-999,0
12.5,204,51,1,-123.437,8,-102.464,9,9,20,0,-999,-999,0
12.5,204,51,1,-123.437,10,-105.423,8,8,10,1,-999,-999,0
12.5,204,51,1,-123.437,2,-120.096,8,8,20,0,-999,-999,0
12.5,204,51,1,-123.437,3,-123.967,6,6,20,0,-999,-999,0
12.5,204,51,1,-123.437,14,-127.901,10,10,10,1,-999,-999,0
12.5,204,51,1,-123.437,12,-129.715,10,10,10,1,-999,-999,0
12.5,204,51,1,-123.437,11,-133.449,10,10,10,1,-999,-999,0
12.5,204,51,1,-123.437,13,-137.066,10,10,10,1,-999,-999,0
12.5,204,51,1,-123.437,7,-137.255,7,7,20,0,-999,-999,0
12.5,204,51,1,-123.437,5,-137.706,5,5,20,0,-999,-999,0
12.5,205,79,13,-132.951,14,-100.881,10,10,10,1,-999,-999,0
12.5,205,79,13,-132.951,11,-120.705,10,10,10,1,-999,-999,0
12.5,205,79,13,-132.951,4,-123.178,3,3,20,0,-999,-999,0
12.5,205,79,13,-132.951,8,-128.479,9,9,20,0,-999,-999,0
12.5,205,79,13,-132.951,10,-128.898,8,8,10,1,-999,-999,0
12.5,205,79,13,-132.951,3,-129.105,6,6,20,0,-999,-999,0
12.5,205,79,13,-132.951,5,-131.478,5,5,20,0,-999,-999,0
12.5,205,79,13,-132.951,6,-133.329,7,7,20,0,-999,-999,0
12.5,205,79,13,-132.951,9,-139.624,10,10,10,1,-999,-999,0
12.5,205,79,13,-132.951,12,-140.291,10,10,10,1,-999,-999,0
12.5,205,79,13,-132.951,7,-142.039,7,7,20,0,-999,-999,0
12.5,205,79,13,-132.951,2,-150.065,8,8,20,0,-999,-999,0
12.5,205,79,13,-132.951,1,-156.303,8,8,20,0,-999,-999,0
12.5,206,15,5,-85.93,12,-90.5321,10,10,10,1,-999,-999,0
12.5,206,15,5,-85.93,11,-96.6432,10,10,10,1,-999,-999,0
12.5,206,15,5,-85.93,4,-99.0504,3,3,20,0,-999,-999,0
12.5,206,15,5,-85.93,2,-111.167,8,8,20,0,-999,-999,0
12.5,206,15,5,-85.93,8,-121.899,9,9,20,0,-999,-999,0
12.5,206,15,5,-85.93,14,-123.01,10,10,10,1,-999,-999,0
12.5,206,15,5,-85.93,3,-124.962,6,6,20,0,-999,-999,0
12.5,206,15,5,-85.93,1,-132.143,8,8,20,0,-999,-999,0
12.5,206,15,5,-85.93,13,-132.321,10,10,10,1,-999,-999,0
12.5,206,15,5,-85.93,9,-138.531,10,10,10,1,-999,-999,0
12.5,206,15,5,-85.93,6,-143.43,7,7,20,0,-999,-999,0
12.5,206,15,5,-85.93,10,-143.529,8,8,10,1,-999,-999,0
12.5,206,15,5,-85.93,7,-144.823,7,7,20,0,-999,-999,0
12.5,207,16,12,-74.7721,14,-96.4862,10,10,10,1,-999,-999,0
12.5,207,16,12,-74.7721,10,-117.831,8,8,10,1,-999,-999,0
12.5,207,16,12,-74.7721,2,-121.828,8,8,20,0,-999,-999,0
12.5,207,16,12,-74.7721,7,-130.072,7,7,20,0,-999,-999,0
12.5,207,16,12,-74.7721,13,-130.591,10,10,10,1,-999,-999,0
12.5,207,16,12,-74.7721,3,-131.507,6,6,20,0,-999,-999,0
12.5,207,16,12,-74.7721,9,-134.429,10,10,10,1,-999,-999,0
12.5,207,16,12,-74.7721,5,-135.105,5,5,20,0,-999,-999,0
12.5,207,16,12,-74.7721,6,-138.229,7,7,20,0,-999,-999,0
12.5,207,16,12,-74.7721,4,-140.581,3,3,20,0,-999,-999,0
12.5,207,16,12,-74.7721,1,-142.638,8,8,20,0,-999,-999,0
12.5,207,16,12,-74.7721,11,-143.714,10,10,10,1,-999,-999,0
12.5,207,16,12,-74.7721,8,-146.092,9,9,20,0,-999,-999,0
12.5,209,38,5,-111.519,8,-95.1652,9,9,20,0,-999,-999,0
12.5,209,38,5,-111.519,14,-102.894,10,10,10,1,-999,-999,0
12.5,209,38,5,-111.519,3,-117.538,6,6,20,0,-999,-999,0
12.5,209,38,5,-111.519,7,-124.68,7,7,20,0,-999,-999,0
12.5,209,38,5,-111.519,1,-126.452,8,8,20,0,-999,-999,0
12.5,209,38,5,-111.519,11,-128.58,10,10,10,1,-999,-999,0
12.5,209,38,5,-111.519,13,-130.288,10,10,10,1,-999,-999,0
12.5,209,38,5,-111.519,4,-131.326,3,3,20,0,-999,-999,0
12.5,209,38,5,-111.519,2,-134.951,8,8,20,0,-999,-999,0
12.5,209,38,5,-111.519,9,-140.956,10,10,10,1,-999,-999,0
12.5,209,38,5,-111.519,12,-141.746,10,10,10,1,-999,-999,0
12.5,209,38,5,-111.519,6,-144.951,7,7,20,0,-999,-999,0
12.5,209,38,5,-111.519,10,-150.333,8,8,10,1,-999,-999,0
12.5,210,24,4,-121.132,11,-103.364,10,10,10,1,-999,-999,0
12.5,210,24,4,-121.132,3,-104.636,6,6,20,0,-999,-999,0
12.5,210,24,4,-121.132,14,-119.822,10,10,10,1,-999,-999,0
12.5,210,24,4,-121.132,8,-120.919,9,9,20,0,-999,-999,0
12.5,210,24,4,-121.132,13,-121.278,10,10,10,1,-999,-999,0
12.5,210,24,4,-121.132,6,-124.65,7,7,20,0,-999,-999,0
12.5,210,24,4,-121.132,5,-125.116,5,5,20,0,-999,-999,0
12.5,210,24,4,-121.132,9,-127.882,10,10,10,1,-999,-999,0
12.5,210,24,4,-121.132,2,-129.917,8,8,20,0,-999,-999,0
12.5,210,24,4,-121.132,12,-130.842,10,10,10,1,-999,-999,0
12.5,210,24,4,-121.132,7,-134.173,7,7,20,0,-999,-999,0
12.5,210,24,4,-121.132,10,-136.158,8,8,10,1,-999,-999,0
12.5,210,24,4,-121.132,1,-136.452,8,8,20,0,-999,-999,0
12.5,212,31,14,-85.9325,6,-81.8915,7,7,20,0,-999,-999,0
12.5,212,31,14,-85.9325,12,-88.3194,10,10,10,1,-999,-999,0
12.5,212,31,14,-85.9325,13,-93.4947,10,10,10,1,-999,-999,0
12.5,212,31,14,-85.9325,5,-105.704,5,5,20,0,-999,-999,0
12.5,212,31,14,-85.9325,7,-110.166,7,7,20,0,-999,-999,0
12.5,212,31,14,-85.9325,8,-114.72,9,9,20,0,-999,-999,0
12.5,212,31,14,-85.9325,4,-115.618,3,3,20,0,-999,-999,0
12.5,212,31,14,-85.9325,9,-115.792,10,10,10,1,-999,-999,0
12.5,212,31,14,-85.9325,3,-123.738,6,6,20,0,-999,-999,0
12.5,212,31,14,-85.9325,10,-134.433,8,8,10,1,-999,-999,0
12.5,212,31,14,-85.9325,2,-135.097,8,8,20,0,-999,-999,0
12.5,212,31,14,-85.9325,1,-138.784,8,8,20,0,-999,-999,0
12.5,212,31,14,-85.9325,11,-140.131,10,10,10,1,-999,-999,0
12.5,216,23,3,-99.8931,14,-82.9006,10,10,10,1,-999,-999,0
12.5,216,23,3,-99.8931,4,-95.7117,3,3,20,0,-999,-999,0
12.5,216,23,3,-99.8931,2,-110.088,8,8,20,0,-999,-999,0
12.5,216,23,3,-99.8931,9,-113.004,10,10,10,1,-999,-999,0
12.5,216,23,3,-99.8931,5,-116.905,5,5,20,0,-999,-999,0
12.5,216,23,3,-99.8931,8,-118.54,9,9,20,0,-999,-999,0
12.5,216,23,3,-99.8931,12,-120.227,10,10,10,1,-999,-999,0
12.5,216,23,3,-99.8931,13,-123.758,10,10,10,1,-999,-999,0
12.5,216,23,3,-99.8931,11,-128.736,10,10,10,1,-999,-999,0
12.5,216,23,3,-99.8931,10,-132.528,8,8,10,1,-999,-999,0
12.5,216,23,3,-99.8931,1,-134.752,8,8,20,0,-999,-999,0
12.5,216,23,3,-99.8931,6,-134.994,7,7,20,0,-999,-999,0
12.5,216,23,3,-99.8931,7,-140.885,7,7,20,0,-999,-999,0
12.5,217,62,12,-85.9502,9,-84.0303,10,10,10,1,-999,-999,0
12.5,217,62,12,-85.9502,6,-98.372,7,7,20,0,-999,-999,0
12.5,217,62,12,-85.9502,5,-98.7984,5,5,20,0,-999,-999,0
12.5,217,62,12,-85.9502,13,-113.502,10,10,10,1,-999,-999,0
12.5,217,62,12,-85.9502,4,-114.545,3,3,20,0,-999,-999,0
12.5,217,62,12,-85.9502,3,-114.573,6,6,20,0,-999,-999,0
12.5,217,62,12,-85.9502,8,-122.706,9,9,20,0,-999,-999,0
12.5,217,62,12,-85.9502,14,-123.059,10,10,10,1,-999,-999,0
12.5,217,62,12,-85.9502,10,-126.569,8,8,10,1,-999,-999,0
12.5,217,62,12,-85.9502,2,-131.892,8,8,20,0,-999,-999,0
12.5,217,62,12,-85.9502,1,-133.348,8,8,20,0,-999,-999,0
12.5,217,62,12,-85.9502,11,-134.889,10,10,10,1,-999,-999,0
12.5,217,62,12,-85.9502,7,-136.059,7,7,20,0,-999,-999,0
12.5,219,56,7,-68.1154,2,-83.6159,8,8,20,0,-999,-999,0
12.5,219,56,7,-68.1154,10,-100.739,8,8,10,1,-999,-999,0
12.5,219,56,7,-68.1154,4,-106.443,3,3,20,0,-999,-999,0
12.5,219,56,7,-68.1154,11,-113.91,10,10,10,1,-999,-999,0
12.5,219,56,7,-68.1154,1,-120.575,8,8,20,0,-999,-999,0
12.5,219,56,7,-68.1154,8,-132.749,9,9,20,0,-999,-999,0
12.5,219,56,7,-68.1154,9,-134.94,10,10,10,1,-999,-999,0
12.5,219,56,7,-68.1154,14,-136.115,10,10,10,1,-999,-999,0
12.5,219,56,7,-68.1154,12,-137.109,10,10,10,1,-999,-999,0
12.5,219,56,7,-68.1154,6,-138.004,7,7,20,0,-999,-999,0
12.5,219,56,7,-68.1154,13,-142.2,10,10,10,1,-999,-999,0
12.5,219,56,7,-68.1154,3,-152.697,6,6,20,0,-999,-999,0
12.5,219,56,7,-68.1154,5,-152.964,5,5,20,0,-999,-999,0
12.5,221,16,10,-65.1089,13,-117.937,10,10,10,1,-999,-999,0
12.5,221,16,10,-65.1089,4,-123.549,3,3,20,0,-999,-999,0
12.5,221,16,10,-65.1089,1,-127.847,8,8,20,0,-999,-999,0
12.5,221,16,10,-65.1089,11,-129.325,10,10,10,1,-999,-999,0
12.5,221,16,10,-65.1089,6,-133.336,7,7,20,0,-999,-999,0
12.5,221,16,10,-65.1089,8,-135.854,9,9,20,0,-999,-999,0
12.5,221,16,10,-65.1089,12,-137.274,10,10,10,1,-999,-999,0
12.5,221,16,10,-65.1089,7,-139.695,7,7,20,0,-999,-999,0
12.5,221,16,10,-65.1089,9,-140.59,10,10,10,1,-999,-999,0
12.5,221,16,10,-65.1089,3,-141.227,6,6,20,0,-999,-999,0
12.5,221,16,10,-65.1089,2,-141.823,8,8,20,0,-999,-999,0
12.5,221,16,10,-65.1089,5,-146.627,5,5,20,0,-999,-999,0
12.5,221,16,10,-65.1089,14,-157.138,10,10,10,1,-999,-999,0
12.5,223,40,7,-80.4921,2,-82.4704,8,8,20,0,-999,-999,0
12.5,223,40,7,-80.4921,9,-97.7526,10,10,10,1,-999,-999,0
12.5,223,40,7,-80.4921,5,-105.647,5,5,20,0,-999,-999,0
12.5,223,40,7,-80.4921,1,-114.687,8,8,20,0,-999,-999,0
12.5,223,40,7,-80.4921,13,-116.224,10,10,10,1,-999,-999,0
12.5,223,40,7,-80.4921,10,-119.699,8,8,10,1,-999,-999,0
12.5,223,40,7,-80.4921,4,-124.334,3,3,20,0,-999,-999,0
12.5,223,40,7,-80.4921,8,-128.465,9,9,20,0,-999,-999,0
12.5,223,40,7,-80.4921,6,-133.904,7,7,20,0,-999,-999,0
12.5,223,40,7,-80.4921,3,-136.468,6,6,20,0,-999,-999,0
12.5,223,40,7,-80.4921,11,-142.99,10,10,10,1,-999,-999,0
12.5,223,40,7,-80.4921,12,-145.929,10,10,10,1,-999,-999,0
12.5,223,40,7,-80.4921,14,-146.769,10,10,10,1,-999,-999,0
12.5,224,24,3,-117.954,11,-90.9648,10,10,10,1,-999,-999,0
12.5,224,24,3,-117.954,6,-109.162,7,7,20,0,-999,-999,0
12.5,224,24,3,-117.954,7,-118.894,7,7,20,0,-999,-999,0
12.5,224,24,3,-117.954,4,-119.281,3,3,20,0,-999,-999,0
12.5,224,24,3,-117.954,2,-126.43,8,8,20,0,-999,-999,0
12.5,224,24,3,-117.954,8,-126.621,9,9,20,0,-999,-999,0
12.5,224,24,3,-117.954,1,-127.413,8,8,20,0,-999,-999,0
12.5,224,24,3,-117.954,9,-129.726,10,10,10,1,-999,-999,0
12.5,224,24,3,-117.954,10,-130.693,8,8,10,1,-999,-999,0
12.5,224,24,3,-117.954,14,-132.729,10,10,10,1,-999,-999,0
12.5,224,24,3,-117.954,5,-134.787,5,5,20,0,-999,-999,0
12.5,224,24,3,-117.954,12,-135.383,10,10,10,1,-999,-999,0
12.5,224,24,3,-117.954,13,-137.436,10,10,10,1,-999,-999,0
12.5,226,33,7,-109.42,4,-88.3468,3,3,20,0,-999,-999,0
12.5,226,33,7,-109.42,2,-92.1288,8,8,20,0,-999,-999,0
12.5,226,33,7,-109.42,11,-99.0206,10,10,10,1,-999,-999,0
12.5,226,33,7,-109.42,10,-124.873,8,8,10,1,-999,-999,0
12.5,226,33,7,-109.42,12,-126.051,10,10,10,1,-999,-999,0
12.5,226,33,7,-109.42,3,-128.35,6,6,20,0,-999,-999,0
12.5,226,33,7,-109.42,6,-134.083,7,7,20,0,-999,-999,0
12.5,226,33,7,-109.42,13,-135.137,10,10,10,1,-999,-999,0
12.5,226,33,7,-109.42,8,-135.747,9,9,20,0,-999,-999,0
12.5,226,33,7,-109.42,1,-136.422,8,8,20,0,-999,-999,0
12.5,226,33,7,-109.42,5,-137.422,5,5,20,0,-999,-999,0
12.5,226,33,7,-109.42,9,-137.99,10,10,10,1,-999,-999,0
12.5,226,33,7,-109.42,14,-140.874,10,10,10,1,-999,-999,0
12.5,227,80,14,-95.7688,12,-105.578,10,10,10,1,-999,-999,0
12.5,227,80,14,-95.7688,5,-128.146,5,5,20,0,-999,-999,0
12.5,227,80,14,-95.7688,11,-129.614,10,10,10,1,-999,-999,0
12.5,227,80,14,-95.7688,9,-129.799,10,10,10,1,-999,-999,0
12.5,227,80,14,-95.7688,2,-131.181,8,8,20,0,-999,-999,0
12.5,227,80,14,-95.7688,4,-140.921,3,3,20,0,-999,-999,0
12.5,227,80,14,-95.7688,3,-141.411,6,6,20,0,-999,-999,0
12.5,227,80,14,-95.7688,6,-141.567,7,7,20,0,-999,-999,0
12.5,227,80,14,-95.7688,13,-142.317,10,10,10,1,-999,-999,0
12.5,227,80,14,-95.7688,8,-145.079,9,9,20,0,-999,-999,0
12.5,227,80,14,-95.7688,7,-145.587,7,7,20,0,-999,-999,0
12.5,227,80,14,-95.7688,10,-146.808,8,8,10,1,-999,-999,0
12.5,227,80,14,-95.7688,1,-150.17,8,8,20,0,-999,-999,0
12.5,229,43,11,-126.324,1,-101.735,8,8,20,0,-999,-999,0
12.5,229,43,11,-126.324,14,-104.03,10,10,10,1,-999,-999,0
12.5,229,43,11,-126.324,2,-106.02,8,8,20,0,-999,-999,0
12.5,229,43,11,-126.324,9,-115.922,10,10,10,1,-999,-999,0
12.5,229,43,11,-126.324,3,-121.286,6,6,20,0,-999,-999,0
12.5,229,43,11,-126.324,13,-127.904,10,10,10,1,-999,-999,0
12.5,229,43,11,-126.324,4,-129.971,3,3,20,0,-999,-999,0
12.5,229,43,11,-126.324,8,-133.452,9,9,20,0,-999,-999,0
12.5,229,43,11,-126.324,10,-135.896,8,8,10,1,-999,-999,0
12.5,229,43,11,-126.324,7,-137.639,7,7,20,0,-999,-999,0
12.5,229,43,11,-126.324,5,-138.942,5,5,20,0,-999,-999,0
12.5,229,43,11,-126.324,12,-139.429,10,10,10,1,-999,-999,0
12.5,229,43,11,-126.324,6,-151.193,7,7,20,0,-999,-999,0
12.5,230,30,12,-128.51,5,-86.3211,5,5,20,0,-999,-999,0
12.5,230,30,12,-128.51,1,-106.446,8,8,20,0,-999,-999,0
12.5,230,30,12,-128.51,3,-116.019,6,6,20,0,-999,-999,0
12.5,230,30,12,-128.51,7,-117.354,7,7,20,0,-999,-999,0
12.5,230,30,12,-128.51,8,-123.016,9,9,20,0,-999,-999,0
12.5,230,30,12,-128.51,13,-125.524,10,10,10,1,-999,-999,0
12.5,230,30,12,-128.51,9,-126.283,10,10,10,1,-999,-999,0
12.5,230,30,12,-128.51,11,-129.95,10,10,10,1,-999,-999,0
12.5,230,30,12,-128.51,4,-130.078,3,3,20,0,-999,-999,0
12.5,230,30,12,-128.51,6,-130.997,7,7,20,0,-999,-999,0
12.5,230,30,12,-128.51,14,-131.553,10,10,10,1,-999,-999,0
12.5,230,30,12,-128.51,2,-143.206,8,8,20,0,-999,-999,0
12.5,230,30,12,-128.51,10,-143.223,8,8,10,1,-999,-999,0
12.5,231,8,7,-67.9284,10,-92.1081,8,8,10,1,-999,-999,0
12.5,231,8,7,-67.9284,1,-95.8037,8,8,20,0,-999,-999,0
12.5,231,8,7,-67.9284,3,-98.8141,6,6,20,0,-999,-999,0
12.5,231,8,7,-67.9284,6,-123.709,7,7,20,0,-999,-999,0
12.5,231,8,7,-67.9284,2,-125.099,8,8,20,0,-999,-999,0
12.5,231,8,7,-67.9284,4,-126.051,3,3,20,0,-999,-999,0
12.5,231,8,7,-67.9284,9,-126.684,10,10,10,1,-999,-999,0
12.5,231,8,7,-67.9284,12,-128.903,10,10,10,1,-999,-999,0
12.5,231,8,7,-67.9284,13,-132.781,10,10,10,1,-999,-999,0
12.5,231,8,7,-67.9284,11,-133.402,10,10,10,1,-999,-999,0
12.5,231,8,7,-67.9284,8,-137.94,9,9,20,0,-999,-999,0
12.5,231,8,7,-67.9284,14,-138.889,10,10,10,1,-999,-999,0
12.5,231,8,7,-67.9284,5,-140.236,5,5,20,0,-999,-999,0
12.5,233,80,11,-117.552,3,-79.2214,6,6,20,0,-999,-999,0
12.5,233,80,11,-117.552,5,-86.3908,5,5,20,0,-999,-999,0
12.5,233,80,11,-117.552,13,-89.6857,10,10,10,1,-999,-999,0
12.5,233,80,11,-117.552,1,-92.9644,8,8,20,0,-999,-999,0
12.5,233,80,11,-117.552,10,-93.0071,8,8,10,1,-999,-999,0
12.5,233,80,11,-117.552,9,-115.649,10,10,10,1,-999,-999,0
12.5,233,80,11,-117.552,4,-118.801,3,3,20,0,-999,-999,0
12.5,233,80,11,-117.552,7,-126.195,7,7,20,0,-999,-999,0
12.5,233,80,11,-117.552,8,-127.175,9,9,20,0,-999,-999,0
12.5,233,80,11,-117.552,6,-132.039,7,7,20,0,-999,-999,0
12.5,233,80,11,-117.552,14,-132.395,10,10,10,1,-999,-999,0
12.5,233,80,11,-117.552,12,-132.49,10,10,10,1,-999,-999,0
12.5,233,80,11,-117.552,2,-144.509,8,8,20,0,-999,-999,0
12.5,234,48,8,-131.426,13,-88.8279,10,10,10,1,-999,-999,0
12.5,234,48,8,-131.426,7,-104.924,7,7,20,0,-999,-999,0
12.5,234,48,8,-131.426,3,-109.325,6,6,20,0,-999,-999,0
12.5,234,48,8,-131.426,5,-115.839,5,5,20,0,-999,-999,0
12.5,234,48,8,-131.426,10,-120.108,8,8,10,1,-999,-999,0
12.5,234,48,8,-131.426,11,-121.9,10,10,10,1,-999,-999,0
12.5,234,48,8,-131.426,4,-124.828,3,3,20,0,-999,-999,0
12.5,234,48,8,-131.426,14,-129.41,10,10,10,1,-999,-999,0
12.5,234,48,8,-131.426,12,-136.453,10,10,10,1,-999,-999,0
12.5,234,48,8,-131.426,1,-139.789,8,8,20,0,-999,-999,0
12.5,234,48,8,-131.426,2,-140.655,8,8,20,0,-999,-999,0
12.5,234,48,8,-131.426,6,-141.39,7,7,20,0,-999,-999,0
12.5,234,48,8,-131.426,9,-145.689,10,10,10,1,-999,-999,0
12.5,237,32,14,-65.8366,6,-110.968,7,7,20,0,-999,-999,0
12.5,237,32,14,-65.8366,2,-113.356,8,8,20,0,-999,-999,0
12.5,237,32,14,-65.8366,1,-114.942,8,8,20,0,-999,-999,0
12.5,237,32,14,-65.8366,12,-124.382,10,10,10,1,-999,-999,0
12.5,237,32,14,-65.8366,5,-132.439,5,5,20,0,-999,-999,0
12.5,237,32,14,-65.8366,3,-137.781,6,6,20,0,-999,-999,0
12.5,237,32,14,-65.8366,11,-139.395,10,10,10,1,-999,-999,0
12.5,237,32,14,-65.8366,4,-141.355,3,3,20,0,-999,-999,0
12.5,237,32,14,-65.8366,13,-144.86,10,10,10,1,-999,-999,0
12.5,237,32,14,-65.8366,8,-145.405,9,9,20,0,-999,-999,0
12.5,237,32,14,-65.8366,9,-146.661,10,10,10,1,-999,-999,0
12.5,237,32,14,-65.8366,10,-150.492,8,8,10,1,-999,-999,0
12.5,237,32,14,-65.8366,7,-155.82,7,7,20,0,-999,-999,0
12.5,239,16,13,-123.325,1,-106.201,8,8,20,0,-999,-999,0
12.5,239,16,13,-123.325,11,-116.634,10,10,10,1,-999,-999,0
12.5,239,16,13,-123.325,5,-121.417,5,5,20,0,-999,-999,0
12.5,239,16,13,-123.325,8,-126.833,9,9,20,0,-999,-999,0
12.5,239,16,13,-123.325,3,-127.035,6,6,20,0,-999,-999,0
12.5,239,16,13,-123.325,14,-132.249,10,10,10,1,-999,-999,0
12.5,239,16,13,-123.325,10,-136.731,8,8,10,1,-999,-999,0
12.5,239,16,13,-123.325,4,-137.25,3,3,20,0,-999,-999,0
12.5,239,16,13,-123.325,12,-137.888,10,10,10,1,-999,-999,0
12.5,239,16,13,-123.325,7,-137.905,7,7,20,0,-999,-999,0
12.5,239,16,13,-123.325,9,-140.135,10,10,10,1,-999,-999,0
12.5,239,16,13,-123.325,6,-140.302,7,7,20,0,-999,-999,0
12.5,239,16,13,-123.325,2,-142.488,8,8,20,0,-999,-999,0
12.5,240,16,8,-92.5159,3,-84.9298,6,6,20,0,-999,-999,0
12.5,240,16,8,-92.5159,14,-91.9409,10,10,10,1,-999,-999,0
12.5,240,16,8,-92.5159,12,-92.6065,10,10,10,1,-999,-999,0
12.5,240,16,8,-92.5159,7,-109.046,7,7,20,0,-999,-999,0
12.5,240,16,8,-92.5159,4,-115.54,3,3,20,0,-999,-999,0
12.5,240,16,8,-92.5159,6,-122.896,7,7,20,0,-999,-999,0
12.5,240,16,8,-92.5159,5,-125.254,5,5,20,0,-999,-999,0
12.5,240,16,8,-92.5159,13,-125.258,10,10,10,1,-999,-999,0
12.5,240,16,8,-92.5159,2,-125.493,8,8,20,0,-999,-999,0
12.5,240,16,8,-92.5159,1,-126.536,8,8,20,0,-999,-999,0
12.5,240,16,8,-92.5159,9,-128.542,10,10,10,1,-999,-999,0
12.5,240,16,8,-92.5159,11,-135.896,10,10,10,1,-999,-999,0
12.5,240,16,8,-92.5159,10,-137.757,8,8,10,1,-999,-999,0
12.5,241,71,14,-129.13,5,-80.7432,5,5,20,0,-999,-999,0
12.5,241,71,14,-129.13,10,-109.689,8,8,10,1,-999,-999,0
12.5,241,71,14,-129.13,7,-113.265,7,7,20,0,-999,-999,0
12.5,241,71,14,-129.13,3,-118.805,6,6,20,0,-999,-999,0
12.5,241,71,14,-129.13,11,-122.433,10,10,10,1,-999,-999,0
12.5,241,71,14,-129.13,12,-125.812,10,10,10,1,-999,-999,0
12.5,241,71,14,-129.13,8,-127.979,9,9,20,0,-999,-999,0
12.5,241,71,14,-129.13,9,-130.481,10,10,10,1,-999,-999,0
12.5,241,71,14,-129.13,13,-134.379,10,10,10,1,-999,-999,0
12.5,241,71,14,-129.13,4,-136.517,3,3,20,0,-999,-999,0
12.5,241,71,14,-129.13,2,-138.24,8,8,20,0,-999,-999,0
12.5,241,71,14,-129.13,6,-138.481,7,7,20,0,-999,-999,0
12.5,241,71,14,-129.13,1,-143.639,8,8,20,0,-999,-999,0
12.5,242,56,10,-123.655,2,-96.0442,8,8,20,0,-999,-999,0
12.5,242,56,10,-123.655,1,-100.005,8,8,20,0,-999,-999,0
12.5,242,56,10,-123.655,7,-100.269,7,7,20,0,-999,-999,0
12.5,242,56,10,-123.655,14,-110.398,10,10,10,1,-999,-999,0
12.5,242,56,10,-123.655,8,-114.017,9,9,20,0,-999,-999,0
12.5,242,56,10,-123.655,12,-119.434,10,10,10,1,-999,-999,0
12.5,242,56,10,-123.655,6,-130.396,7,7,20,0,-999,-999,0
12.5,242,56,10,-123.655,3,-133.157,6,6,20,0,-999,-999,0
12.5,242,56,10,-123.655,13,-136.013,10,10,10,1,-999,-999,0
12.5,242,56,10,-123.655,11,-137.414,10,10,10,1,-999,-999,0
12.5,242,56,10,-123.655,9,-143.235,10,10,10,1,-999,-999,0
12.5,242,56,10,-123.655,5,-144.558,5,5,20,0,-999,-999,0
12.5,242,56,10,-123.655,4,-146.914,3,3,20,0,-999,-999,0
12.5,243,39,5,-114.053,13,-88.0802,10,10,10,1,-999,-999,0
12.5,243,39,5,-114.053,8,-88.2388,9,9,20,0,-999,-999,0
12.5,243,39,5,-114.053,9,-100.732,10,10,10,1,-999,-999,0
12.5,243,39,5,-114.053,14,-103.085,10,10,10,1,-999,-999,0
12.5,243,39,5,-114.053,1,-103.983,8,8,20,0,-999,-999,0
12.5,243,39,5,-114.053,2,-106.228,8,8,20,0,-999,-999,0
12.5,243,39,5,-114.053,7,-108.42,7,7,20,0,-999,-999,0
12.5,243,39,5,-114.053,3,-117.471,6,6,20,0,-999,-999,0
12.5,243,39,5,-114.053,11,-117.493,10,10,10,1,-999,-999,0
12.5,243,39,5,-114.053,12,-124.922,10,10,10,1,-999,-999,0
12.5,243,39,5,-114.053,4,-128.246,3,3,20,0,-999,-999,0
12.5,243,39,5,-114.053,10,-140.039,8,8,10,1,-999,-999,0
12.5,243,39,5,-114.053,6,-141.355,7,7,20,0,-999,-999,0
12.5,244,16,5,-88.8405,14,-95.758,10,10,10,1,-999,-999,0
12.5,244,16,5,-88.8405,6,-100.467,7,7,20,0,-999,-999,0
12.5,244,16,5,-88.8405,2,-104.474,8,8,20,0,-999,-999,0
12.5,244,16,5,-88.8405,10,-105.616,8,8,10,1,-999,-999,0
12.5,244,16,5,-88.8405,7,-109.263,7,7,20,0,-999,-999,0
12.5,244,16,5,-88.8405,1,-109.363,8,8,20,0,-999,-999,0
12.5,244,16,5,-88.8405,13,-110.914,10,10,10,1,-999,-999,0
12.5,244,16,5,-88.8405,8,-126.634,9,9,20,0,-999,-999,0
12.5,244,16,5,-88.8405,3,-126.676,6,6,20,0,-999,-999,0
12.5,244,16,5,-88.8405,11,-127.052,10,10,10,1,-999,-999,0
12.5,244,16,5,-88.8405,12,-129.334,10,10,10,1,-999,-999,0
12.5,244,16,5,-88.8405,4,-136.562,3,3,20,0,-999,-999,0
12.5,244,16,5,-88.8405,9,-143.818,10,10,10,1,-999,-999,0
17.5,19,63,12,-127.975,14,-126.639,10,10,10,1,-999,-999,0
17.5,19,63,12,-127.975,5,-129.885,7,7,20,0,-999,-999,0
17.5,19,63,12,-127.975,11,-130.514,10,10,10,1,-999,-999,0
17.5,19,63,12,-127.975,9,-131.815,10,10,10,1,-999,-999,0
17.5,19,63,12,-127.975,13,-134.212,10,10,10,1,-999,-999,0
17.5,19,63,12,-127.975,6,-134.602,8,8,20,0,-999,-999,0
17.5,19,63,12,-127.975,1,-135.464,8,8,20,0,-999,-999,0
17.5,19,63,12,-127.975,10,-137.618,9,9,10,1,-999,-999,0
17.5,19,63,12,-127.975,8,-142.219,10,10,20,0,-999,-999,0
17.5,19,63,12,-127.975,7,-142.984,9,9,20,0,-999,-999,0
17.5,19,63,12,-127.975,3,-143.629,7,7,20,0,-999,-999,0
17.5,19,63,12,-127.975,4,-146.095,3,3,20,0,-999,-999,0
17.5,19,63,12,-127.975,2,-149.158,9,9,20,0,-999,-999,0
17.5,23,35,8,-129.698,4,-88.9475,3,3,20,0,-999,-999,0
17.5,23,35,8,-129.698,14,-117.471,10,10,10,1,-999,-999,0
17.5,23,35,8,-129.698,10,-126.978,9,9,10,1,-999,-999,0
17.5,23,35,8,-129.698,11,-127.911,10,10,10,1,-999,-999,0
17.5,23,35,8,-129.698,6,-129.344,8,8,20,0,-999,-999,0
17.5,23,35,8,-129.698,13,-132.411,10,10,10,1,-999,-999,0
17.5,23,35,8,-129.698,3,-133.082,7,7,20,0,-999,-999,0
17.5,23,35,8,-129.698,7,-133.209,9,9,20,0,-999,-999,0
17.5,23,35,8,-129.698,1,-134.596,8,8,20,0,-999,-999,0
17.5,23,35,8,-129.698,5,-135.438,7,7,20,0,-999,-999,0
17.5,23,35,8,-129.698,2,-137.499,9,9,20,0,-999,-999,0
17.5,23,35,8,-129.698,9,-137.95,10,10,10,1,-999,-999,0
17.5,23,35,8,-129.698,12,-146.275,10,10,10,1,-999,-999,0
17.5,25,48,6,-71.9651,1,-78.4696,8,8,20,0,-999,-999,0
17.5,25,48,6,-71.9651,11,-102.121,10,10,10,1,-999,-999,0
17.5,25,48,6,-71.9651,2,-104.669,9,9,20,0,-999,-999,0
17.5,25,48,6,-71.9651,4,-115.986,3,3,20,0,-999,-999,0
17.5,25,48,6,-71.9651,7,-116.905,9,9,20,0,-999,-999,0
17.5,25,48,6,-71.9651,9,-124.778,10,10,10,1,-999,-999,0
17.5,25,48,6,-71.9651,10,-125.67,9,9,10,1,-999,-999,0
17.5,25,48,6,-71.9651,3,-127.894,7,7,20,0,-999,-999,0
17.5,25,48,6,-71.9651,8,-131.112,10,10,20,0,-999,-999,0
17.5,25,48,6,-71.9651,13,-133.515,10,10,10,1,-999,-999,0
17.5,25,48,6,-71.9651,12,-134.882,10,10,10,1,-999,-999,0
17.5,25,48,6,-71.9651,5,-136.124,7,7,20,0,-999,-999,0
17.5,25,48,6,-71.9651,14,-139.196,10,10,10,1,-999,-999,0
17.5,29,47,3,-78.8943,2,-106.827,9,9,20,0,-999,-999,0
17.5,29,47,3,-78.8943,10,-111.951,9,9,10,1,-999,-999,0
17.5,29,47,3,-78.8943,8,-118.944,10,10,20,0,-999,-999,0
17.5,29,47,3,-78.8943,9,-120.388,10,10,10,1,-999,-999,0
17.5,29,47,3,-78.8943,13,-120.836,10,10,10,1,-999,-999,0
17.5,29,47,3,-78.8943,5,-121.762,7,7,20,0,-999,-999,0
17.5,29,47,3,-78.8943,6,-126.015,8,8,20,0,-999,-999,0
17.5,29,47,3,-78.8943,4,-128.031,3,3,20,0,-999,-999,0
17.5,29,47,3,-78.8943,11,-129.532,10,10,10,1,-999,-999,0
17.5,29,47,3,-78.8943,14,-131.624,10,10,10,1,-999,-999,0
17.5,29,47,3,-78.8943,12,-132.089,10,10,10,1,-999,-999,0
17.5,29,47,3,-78.8943,1,-134.429,8,8,20,0,-999,-999,0
17.5,29,47,3,-78.8943,7,-143.167,9,9,20,0,-999,-999,0
17.5,31,80,13,-129.797,9,-84.5091,10,10,10,1,-999,-999,0
17.5,31,80,13,-129.797,8,-89.6015,10,10,20,0,-999,-999,0
17.5,31,80,13,-129.797,11,-100.413,10,10,10,1,-999,-999,0
17.5,31,80,13,-129.797,14,-101.945,10,10,10,1,-999,-999,0
17.5,31,80,13,-129.797,6,-108.515,8,8,20,0,-999,-999,0
17.5,31,80,13,-129.797,2,-114.694,9,9,20,0,-999,-999,0
17.5,31,80,13,-129.797,1,-120.393,8,8,20,0,-999,-999,0
17.5,31,80,13,-129.797,4,-120.619,3,3,20,0,-999,-999,0
17.5,31,80,13,-129.797,3,-125.461,7,7,20,0,-999,-999,0
17.5,31,80,13,-129.797,10,-128.931,9,9,10,1,-999,-999,0
17.5,31,80,13,-129.797,7,-130.37,9,9,20,0,-999,-999,0
17.5,31,80,13,-129.797,5,-140.031,7,7,20,0,-999,-999,0
17.5,31,80,13,-129.797,12,-143.939,10,10,10,1,-999,-999,0
17.5,33,72,2,-113.502,6,-71.3928,8,8,20,0,-999,-999,0
17.5,33,72,2,-113.502,1,-74.785,8,8,20,0,-999,-999,0
17.5,33,72,2,-113.502,7,-92.2219,9,9,20,0,-999,-999,0
17.5,33,72,2,-113.502,4,-117.949,3,3,20,0,-999,-999,0
17.5,33,72,2,-113.502,9,-120.443,10,10,10,1,-999,-999,0
17.5,33,72,2,-113.502,8,-122.513,10,10,20,0,-999,-999,0
17.5,33,72,2,-113.502,10,-125.49,9,9,10,1,-999,-999,0
17.5,33,72,2,-113.502,3,-126.617,7,7,20,0,-999,-999,0
17.5,33,72,2,-113.502,13,-128.309,10,10,10,1,-999,-999,0
17.5,33,72,2,-113.502,5,-136.718,7,7,20,0,-999,-999,0
17.5,33,72,2,-113.502,12,-139.373,10,10,10,1,-999,-999,0
17.5,33,72,2,-113.502,14,-140.643,10,10,10,1,-999,-999,0
17.5,33,72,2,-113.502,11,-143.022,10,10,10,1,-999,-999,0
17.5,38,72,12,-118.189,9,-104.081,10,10,10,1,-999,-999,0
17.5,38,72,12,-118.189,4,-109.938,3,3,20,0,-999,-999,0
17.5,38,72,12,-118.189,14,-127.123,10,10,10,1,-999,-999,0
17.5,38,72,12,-118.189,2,-127.631,9,9,20,0,-999,-999,0
17.5,38,72,12,-118.189,1,-128.119,8,8,20,0,-999,-999,0
17.5,38,72,12,-118.189,3,-129.615,7,7,20,0,-999,-999,0
17.5,38,72,12,-118.189,6,-133.384,8,8,20,0,-999,-999,0
17.5,38,72,12,-118.189,13,-134.844,10,10,10,1,-999,-999,0
17.5,38,72,12,-118.189,11,-136.069,10,10,10,1,-999,-999,0
17.5,38,72,12,-118.189,7,-136.336,9,9,20,0,-999,-999,0
17.5,38,72,12,-118.189,5,-144.174,7,7,20,0,-999,-999,0
17.5,38,72,12,-118.189,8,-149.948,10,10,20,0,-999,-999,0
17.5,38,72,12,-118.189,10,-150.04,9,9,10,1,-999,-999,0
17.5,39,48,3,-108.654,7,-92.1586,9,9,20,0,-999,-999,0
17.5,39,48,3,-108.654,4,-111.006,3,3,20,0,-999,-999,0
17.5,39,48,3,-108.654,1,-114.033,8,8,20,0,-999,-999,0
17.5,39,48,3,-108.654,13,-116.207,10,10,10,1,-999,-999,0
17.5,39,48,3,-108.654,9,-121.7,10,10,10,1,-999,-999,0
17.5,39,48,3,-108.654,11,-122.177,10,10,10,1,-999,-999,0
17.5,39,48,3,-108.654,10,-123.716,9,9,10,1,-999,-999,0
17.5,39,48,3,-108.654,6,-123.82,8,8,20,0,-999,-999,0
17.5,39,48,3,-108.654,8,-130.412,10,10,20,0,-999,-999,0
17.5,39,48,3,-108.654,5,-134.219,7,7,20,0,-999,-999,0
17.5,39,48,3,-108.654,12,-136.125,10,10,10,1,-999,-999,0
17.5,39,48,3,-108.654,14,-136.75,10,10,10,1,-999,-999,0
17.5,39,48,3,-108.654,2,-141.124,9,9,20,0,-999,-999,0
17.5,40,80,12,-90.5587,3,-73.8707,7,7,20,0,-999,-999,0
17.5,40,80,12,-90.5587,11,-112.665,10,10,10,1,-999,-999,0
17.5,40,80,12,-90.5587,2,-115.58,9,9,20,0,-999,-999,0
17.5,40,80,12,-90.5587,1,-115.867,8,8,20,0,-999,-999,0
17.5,40,80,12,-90.5587,8,-116.206,10,10,20,0,-999,-999,0
17.5,40,80,12,-90.5587,5,-116.479,7,7,20,0,-999,-999,0
17.5,40,80,12,-90.5587,14,-121.114,10,10,10,1,-999,-999,0
17.5,40,80,12,-90.5587,9,-125.49,10,10,10,1,-999,-999,0
17.5,40,80,12,-90.5587,4,-128.076,3,3,20,0,-999,-999,0
17.5,40,80,12,-90.5587,6,-128.797,8,8,20,0,-999,-999,0
17.5,40,80,12,-90.5587,13,-135.254,10,10,10,1,-999,-999,0
17.5,40,80,12,-90.5587,10,-143.073,9,9,10,1,-999,-999,0
17.5,40,80,12,-90.5587,7,-144.138,9,9,20,0,-999,-999,0
17.5,45,32,6,-94.6505,13,-85.1867,10,10,10,1,-999,-999,0
17.5,45,32,6,-94.6505,3,-91.9258,7,7,20,0,-999,-999,0
17.5,45,32,6,-94.6505,11,-106.493,10,10,10,1,-999,-999,0
17.5,45,32,6,-94.6505,9,-113.951,10,10,10,1,-999,-999,0
17.5,45,32,6,-94.6505,7,-115.31,9,9,20,0,-999,-999,0
17.5,45,32,6,-94.6505,4,-115.532,3,3,20,0,-999,-999,0
17.5,45,32,6,-94.6505,1,-116.236,8,8,20,0,-999,-999,0
17.5,45,32,6,-94.6505,2,-119.414,9,9,20,0,-999,-999,0
17.5,45,32,6,-94.6505,10,-120.825,9,9,10,1,-999,-999,0
17.5,45,32,6,-94.6505,14,-124.483,10,10,10,1,-999,-999,0
17.5,45,32,6,-94.6505,8,-127.417,10,10,20,0,-999,-999,0
17.5,45,32,6,-94.6505,5,-134.488,7,7,20,0,-999,-999,0
17.5,45,32,6,-94.6505,12,-137.168,10,10,10,1,-999,-999,0
17.5,46,40,5,-91.5654,3,-76.3031,7,7,20,0,-999,-999,0
17.5,46,40,5,-91.5654,11,-77.5636,10,10,10,1,-999,-999,0
17.5,46,40,5,-91.5654,2,-106.97,9,9,20,0,-999,-999,0
17.5,46,40,5,-91.5654,8,-117.046,10,10,20,0,-999,-999,0
17.5,46,40,5,-91.5654,13,-119.24,10,10,10,1,-999,-999,0
17.5,46,40,5,-91.5654,14,-126.49,10,10,10,1,-999,-999,0
17.5,46,40,5,-91.5654,4,-126.762,3,3,20,0,-999,-999,0
17.5,46,40,5,-91.5654,12,-134.587,10,10,10,1,-999,-999,0
17.5,46,40,5,-91.5654,10,-136.574,9,9,10,1,-999,-999,0
17.5,46,40,5,-91.5654,6,-137.611,8,8,20,0,-999,-999,0
17.5,46,40,5,-91.5654,9,-139.12,10,10,10,1,-999,-999,0
17.5,46,40,5,-91.5654,7,-140.242,9,9,20,0,-999,-999,0
17.5,46,40,5,-91.5654,1,-145.813,8,8,20,0,-999,-999,0
17.5,48,51,14,-123.35,12,-87.6805,10,10,10,1,-999,-999,0
17.5,48,51,14,-123.35,13,-101.373,10,10,10,1,-999,-999,0
17.5,48,51,14,-123.35,5,-104.274,7,7,20,0,-999,-999,0
17.5,48,51,14,-123.35,3,-116.529,7,7,20,0,-999,-999,0
17.5,48,51,14,-123.35,11,-123.455,10,10,10,1,-999,-999,0
17.5,48,51,14,-123.35,8,-127.938,10,10,20,0,-999,-999,0
17.5,48,51,14,-123.35,4,-129.787,3,3,20,0,-999,-999,0
17.5,48,51,14,-123.35,9,-136.065,10,10,10,1,-999,-999,0
17.5,48,51,14,-123.35,6,-137.28,8,8,20,0,-999,-999,0
17.5,48,51,14,-123.35,2,-137.912,9,9,20,0,-999,-999,0
17.5,48,51,14,-123.35,1,-138.75,8,8,20,0,-999,-999,0
17.5,48,51,14,-123.35,10,-145.366,9,9,10,1,-999,-999,0
17.5,48,51,14,-123.35,7,-147.893,9,9,20,0,-999,-999,0
17.5,50,64,6,-79.1754,3,-85.3734,7,7,20,0,-999,-999,0
17.5,50,64,6,-79.1754,12,-104.208,10,10,10,1,-999,-999,0
17.5,50,64,6,-79.1754,9,-121.236,10,10,10,1,-999,-999,0
17.5,50,64,6,-79.1754,2,-122.015,9,9,20,0,-999,-999,0
17.5,50,64,6,-79.1754,1,-126.047,8,8,20,0,-999,-999,0
17.5,50,64,6,-79.1754,7,-126.769,9,9,20,0,-999,-999,0
17.5,50,64,6,-79.1754,14,-126.959,10,10,10,1,-999,-999,0
17.5,50,64,6,-79.1754,4,-127.422,3,3,20,0,-999,-999,0
17.5,50,64,6,-79.1754,13,-127.588,10,10,10,1,-999,-999,0
17.5,50,64,6,-79.1754,10,-128.614,9,9,10,1,-999,-999,0
17.5,50,64,6,-79.1754,11,-129.002,10,10,10,1,-999,-999,0
17.5,50,64,6,-79.1754,8,-130.677,10,10,20,0,-999,-999,0
17.5,50,64,6,-79.1754,5,-131.002,7,7,20,0,-999,-999,0
17.5,52,80,9,-113.594,3,-85.4814,7,7,20,0,-999,-999,0
17.5,52,80,9,-113.594,10,-88.8392,9,9,10,1,-999,-999,0
17.5,52,80,9,-113.594,14,-92.8966,10,10,10,1,-999,-999,0
17.5,52,80,9,-113.594,13,-95.856,10,10,10,1,-999,-999,0
17.5,52,80,9,-113.594,8,-104.328,10,10,20,0,-999,-999,0
17.5,52,80,9,-113.594,1,-119.443,8,8,20,0,-999,-999,0
17.5,52,80,9,-113.594,6,-121.878,8,8,20,0,-999,-999,0
17.5,52,80,9,-113.594,2,-125.374,9,9,20,0,-999,-999,0
17.5,52,80,9,-113.594,7,-131.256,9,9,20,0,-999,-999,0
17.5,52,80,9,-113.594,12,-131.675,10,10,10,1,-999,-999,0
17.5,52,80,9,-113.594,4,-132.318,3,3,20,0,-999,-999,0
17.5,52,80,9,-113.594,5,-135.965,7,7,20,0,-999,-999,0
17.5,52,80,9,-113.594,11,-142.903,10,10,10,1,-999,-999,0
17.5,53,72,14,-123.092,12,-92.1015,10,10,10,1,-999,-999,0
17.5,53,72,14,-123.092,4,-108.176,3,3,20,0,-999,-999,0
17.5,53,72,14,-123.092,6,-117.502,8,8,20,0,-999,-999,0
17.5,53,72,14,-123.092,10,-120.158,9,9,10,1,-999,-999,0
17.5,53,72,14,-123.092,2,-120.639,9,9,20,0,-999,-999,0
17.5,53,72,14,-123.092,1,-123.594,8,8,20,0,-999,-999,0
17.5,53,72,14,-123.092,8,-123.723,10,10,20,0,-999,-999,0
17.5,53,72,14,-123.092,9,-123.97,10,10,10,1,-999,-999,0
17.5,53,72,14,-123.092,5,-129.969,7,7,20,0,-999,-999,0
17.5,53,72,14,-123.092,3,-132.928,7,7,20,0,-999,-999,0
17.5,53,72,14,-123.092,13,-134.698,10,10,10,1,-999,-999,0
17.5,53,72,14,-123.092,7,-135.93,9,9,20,0,-999,-999,0
17.5,53,72,14,-123.092,11,-145.884,10,10,10,1,-999,-999,0
17.5,54,54,13,-116.378,12,-86.4883,10,10,10,1,-999,-999,0
17.5,54,54,13,-116.378,11,-97.4122,10,10,10,1,-999,-999,0
17.5,54,54,13,-116.378,9,-98.9496,10,10,10,1,-999,-999,0
17.5,54,54,13,-116.378,3,-102.137,7,7,20,0,-999,-999,0
17.5,54,54,13,-116.378,5,-105.887,7,7,20,0,-999,-999,0
17.5,54,54,13,-116.378,2,-115.581,9,9,20,0,-999,-999,0
17.5,54,54,13,-116.378,4,-116.728,3,3,20,0,-999,-999,0
17.5,54,54,13,-116.378,14,-121.568,10,10,10,1,-999,-999,0
17.5,54,54,13,-116.378,8,-122.931,10,10,20,0,-999,-999,0
17.5,54,54,13,-116.378,1,-134.815,8,8,20,0,-999,-999,0
17.5,54,54,13,-116.378,10,-136.738,9,9,10,1,-999,-999,0
17.5,54,54,13,-116.378,6,-137.852,8,8,20,0,-999,-999,0
17.5,54,54,13,-116.378,7,-141.964,9,9,20,0,-999,-999,0
17.5,56,48,2,-79.7749,9,-83.2748,10,10,10,1,-999,-999,0
17.5,56,48,2,-79.7749,10,-90.0931,9,9,10,1,-999,-999,0
17.5,56,48,2,-79.7749,1,-115.074,8,8,20,0,-999,-999,0
17.5,56,48,2,-79.7749,6,-117.824,8,8,20,0,-999,-999,0
17.5,56,48,2,-79.7749,5,-121.094,7,7,20,0,-999,-999,0
17.5,56,48,2,-79.7749,7,-124.434,9,9,20,0,-999,-999,0
17.5,56,48,2,-79.7749,8,-124.653,10,10,20,0,-999,-999,0
17.5,56,48,2,-79.7749,4,-125.55,3,3,20,0,-999,-999,0
17.5,56,48,2,-79.7749,12,-127.881,10,10,10,1,-999,-999,0
17.5,56,48,2,-79.7749,13,-131.996,10,10,10,1,-999,-999,0
17.5,56,48,2,-79.7749,3,-136.606,7,7,20,0,-999,-999,0
17.5,56,48,2,-79.7749,11,-137.773,10,10,10,1,-999,-999,0
17.5,56,48,2,-79.7749,14,-137.903,10,10,10,1,-999,-999,0
17.5,58,45,9,-65.1526,2,-102.098,9,9,20,0,-999,-999,0
17.5,58,45,9,-65.1526,10,-102.744,9,9,10,1,-999,-999,0
17.5,58,45,9,-65.1526,8,-109.85,10,10,20,0,-999,-999,0
17.5,58,45,9,-65.1526,6,-115.135,8,8,20,0,-999,-999,0
17.5,58,45,9,-65.1526,4,-129.741,3,3,20,0,-999,-999,0
17.5,58,45,9,-65.1526,7,-131.606,9,9,20,0,-999,-999,0
17.5,58,45,9,-65.1526,13,-132.432,10,10,10,1,-999,-999,0
17.5,58,45,9,-65.1526,1,-132.543,8,8,20,0,-999,-999,0
17.5,58,45,9,-65.1526,3,-141.823,7,7,20,0,-999,-999,0
17.5,58,45,9,-65.1526,12,-143.187,10,10,10,1,-999,-999,0
17.5,58,45,9,-65.1526,5,-143.816,7,7,20,0,-999,-999,0
17.5,58,45,9,-65.1526,11,-144.357,10,10,10,1,-999,-999,0
17.5,58,45,9,-65.1526,14,-146.008,10,10,10,1,-999,-999,0
17.5,61,52,1,-111.2,3,-90.3065,7,7,20,0,-999,-999,0
17.5,61,52,1,-111.2,11,-95.2196,10,10,10,1,-999,-999,0
17.5,61,52,1,-111.2,5,-96.9459,7,7,20,0,-999,-999,0
17.5,61,52,1,-111.2,10,-99.8488,9,9,10,1,-999,-999,0
17.5,61,52,1,-111.2,9,-103.856,10,10,10,1,-999,-999,0
17.5,61,52,1,-111.2,2,-113.766,9,9,20,0,-999,-999,0
17.5,61,52,1,-111.2,6,-122.607,8,8,20,0,-999,-999,0
17.5,61,52,1,-111.2,7,-122.886,9,9,20,0,-999,-999,0
17.5,61,52,1,-111.2,13,-124.641,10,10,10,1,-999,-999,0
17.5,61,52,1,-111.2,4,-129.68,3,3,20,0,-999,-999,0
17.5,61,52,1,-111.2,12,-138.038,10,10,10,1,-999,-999,0
17.5,61,52,1,-111.2,8,-138.058,10,10,20,0,-999,-999,0
17.5,61,52,1,-111.2,14,-150.433,10,10,10,1,-999,-999,0
17.5,62,30,2,-104.928,10,-85.6982,9,9,10,1,-999,-999,0
17.5,62,30,2,-104.928,12,-108.307,10,10,10,1,-999,-999,0
17.5,62,30,2,-104.928,1,-113.222,8,8,20,0,-999,-999,0
17.5,62,30,2,-104.928,7,-114.571,9,9,20,0,-999,-999,0
17.5,62,30,2,-104.928,6,-118.384,8,8,20,0,-999,-999,0
17.5,62,30,2,-104.928,8,-124.784,10,10,20,0,-999,-999,0
17.5,62,30,2,-104.928,13,-129.257,10,10,10,1,-999,-999,0
17.5,62,30,2,-104.928,9,-131.495,10,10,10,1,-999,-999,0
17.5,62,30,2,-104.928,4,-131.746,3,3,20,0,-999,-999,0
17.5,62,30,2,-104.928,14,-136.293,10,10,10,1,-999,-999,0
17.5,62,30,2,-104.928,3,-139.842,7,7,20,0,-999,-999,0
17.5,62,30,2,-104.928,5,-143.24,7,7,20,0,-999,-999,0
17.5,62,30,2,-104.928,11,-143.508,10,10,10,1,-999,-999,0
17.5,63,44,11,-123.7,6,-91.0795,8,8,20,0,-999,-999,0
17.5,63,44,11,-123.7,13,-104.14,10,10,10,1,-999,-999,0
17.5,63,44,11,-123.7,3,-111.505,7,7,20,0,-999,-999,0
17.5,63,44,11,-123.7,7,-118.863,9,9,20,0,-999,-999,0
17.5,63,44,11,-123.7,4,-119.031,3,3,20,0,-999,-999,0
17.5,63,44,11,-123.7,9,-124.32,10,10,10,1,-999,-999,0
17.5,63,44,11,-123.7,8,-125.512,10,10,20,0,-999,-999,0
17.5,63,44,11,-123.7,5,-125.68,7,7,20,0,-999,-999,0
17.5,63,44,11,-123.7,14,-125.818,10,10,10,1,-999,-999,0
17.5,63,44,11,-123.7,2,-133.637,9,9,20,0,-999,-999,0
17.5,63,44,11,-123.7,12,-137.943,10,10,10,1,-999,-999,0
17.5,63,44,11,-123.7,1,-146.526,8,8,20,0,-999,-999,0
17.5,63,44,11,-123.7,10,-147.24,9,9,10,1,-999,-999,0
17.5,66,52,14,-83.192,5,-108.761,7,7,20,0,-999,-999,0
17.5,66,52,14,-83.192,7,-117.425,9,9,20,0,-999,-999,0
17.5,66,52,14,-83.192,1,-118.179,8,8,20,0,-999,-999,0
17.5,66,52,14,-83.192,12,-124.74,10,10,10,1,-999,-999,0
17.5,66,52,14,-83.192,3,-136.031,7,7,20,0,-999,-999,0
17.5,66,52,14,-83.192,4,-138.745,3,3,20,0,-999,-999,0
17.5,66,52,14,-83.192,8,-141.361,10,10,20,0,-999,-999,0
17.5,66,52,14,-83.192,13,-141.834,10,10,10,1,-999,-999,0
17.5,66,52,14,-83.192,9,-143.054,10,10,10,1,-999,-999,0
17.5,66,52,14,-83.192,6,-143.691,8,8,20,0,-999,-999,0
17.5,66,52,14,-83.192,2,-145.585,9,9,20,0,-999,-999,0
17.5,66,52,14,-83.192,10,-147.408,9,9,10,1,-999,-999,0
17.5,66,52,14,-83.192,11,-151.916,10,10,10,1,-999,-999,0
17.5,68,32,3,-80.1851,5,-87.2549,7,7,20,0,-999,-999,0
17.5,68,32,3,-80.1851,4,-87.2581,3,3,20,0,-999,-999,0
17.5,68,32,3,-80.1851,11,-98.8885,10,10,10,1,-999,-999,0
17.5,68,32,3,-80.1851,14,-102.761,10,10,10,1,-999,-999,0
17.5,68,32,3,-80.1851,6,-104.031,8,8,20,0,-999,-999,0
17.5,68,32,3,-80.1851,2,-104.98,9,9,20,0,-999,-999,0
17.5,68,32,3,-80.1851,12,-106.9,10,10,10,1,-999,-999,0
17.5,68,32,3,-80.1851,9,-114.669,10,10,10,1,-999,-999,0
17.5,68,32,3,-80.1851,10,-126.289,9,9,10,1,-999,-999,0
17.5,68,32,3,-80.1851,8,-127.118,10,10,20,0,-999,-999,0
17.5,68,32,3,-80.1851,13,-130.846,10,10,10,1,-999,-999,0
17.5,68,32,3,-80.1851,1,-136.467,8,8,20,0,-999,-999,0
17.5,68,32,3,-80.1851,7,-141.72,9,9,20,0,-999,-999,0
17.5,70,53,1,-125.096,8,-99.2332,10,10,20,0,-999,-999,0
17.5,70,53,1,-125.096,7,-104.6,9,9,20,0,-999,-999,0
17.5,70,53,1,-125.096,10,-114.613,9,9,10,1,-999,-999,0
17.5,70,53,1,-125.096,6,-118.295,8,8,20,0,-999,-999,0
17.5,70,53,1,-125.096,9,-126.538,10,10,10,1,-999,-999,0
17.5,70,53,1,-125.096,2,-127.568,9,9,20,0,-999,-999,0
17.5,70,53,1,-125.096,12,-128.263,10,10,10,1,-999,-999,0
17.5,70,53,1,-125.096,4,-130.037,3,3,20,0,-999,-999,0
17.5,70,53,1,-125.096,11,-132.008,10,10,10,1,-999,-999,0
17.5,70,53,1,-125.096,14,-135.519,10,10,10,1,-999,-999,0
17.5,70,53,1,-125.096,13,-138.802,10,10,10,1,-999,-999,0
17.5,70,53,1,-125.096,3,-143.723,7,7,20,0,-999,-999,0
17.5,70,53,1,-125.096,5,-144.242,7,7,20,0,-999,-999,0
17.5,72,56,3,-80.6454,4,-87.3415,3,3,20,0,-999,-999,0
17.5,72,56,3,-80.6454,14,-97.498,10,10,10,1,-999,-999,0
17.5,72,56,3,-80.6454,11,-100.166,10,10,10,1,-999,-999,0
17.5,72,56,3,-80.6454,6,-111.945,8,8,20,0,-999,-999,0
17.5,72,56,3,-80.6454,9,-114.644,10,10,10,1,-999,-999,0
17.5,72,56,3,-80.6454,8,-122.535,10,10,20,0,-999,-999,0
17.5,72,56,3,-80.6454,1,-122.738,8,8,20,0,-999,-999,0
17.5,72,56,3,-80.6454,13,-126.594,10,10,10,1,-999,-999,0
17.5,72,56,3,-80.6454,12,-130.489,10,10,10,1,-999,-999,0
17.5,72,56,3,-80.6454,7,-132.564,9,9,20,0,-999,-999,0
17.5,72,56,3,-80.6454,10,-132.764,9,9,10,1,-999,-999,0
17.5,72,56,3,-80.6454,2,-134.492,9,9,20,0,-999,-999,0
17.5,72,56,3,-80.6454,5,-136.187,7,7,20,0,-999,-999,0
17.5,74,64,10,-103.254,6,-95.956,8,8,20,0,-999,-999,0
17.5,74,64,10,-103.254,9,-96.746,10,10,10,1,-999,-999,0
17.5,74,64,10,-103.254,7,-97.3998,9,9,20,0,-999,-999,0
17.5,74,64,10,-103.254,1,-100.707,8,8,20,0,-999,-999,0
17.5,74,64,10,-103.254,5,-110.176,7,7,20,0,-999,-999,0
17.5,74,64,10,-103.254,14,-132.139,10,10,10,1,-999,-999,0
17.5,74,64,10,-103.254,2,-136.056,9,9,20,0,-999,-999,0
17.5,74,64,10,-103.254,12,-137.44,10,10,10,1,-999,-999,0
17.5,74,64,10,-103.254,8,-140.539,10,10,20,0,-999,-999,0
17.5,74,64,10,-103.254,13,-144.563,10,10,10,1,-999,-999,0
17.5,74,64,10,-103.254,3,-148.473,7,7,20,0,-999,-999,0
17.5,74,64,10,-103.254,11,-152.024,10,10,10,1,-999,-999,0
17.5,74,64,10,-103.254,4,-153.27,3,3,20,0,-999,-999,0
17.5,75,54,1,-75.7468,2,-82.3248,9,9,20,0,-999,-999,0
17.5,75,54,1,-75.7468,10,-94.9563,9,9,10,1,-999,-999,0
17.5,75,54,1,-75.7468,12,-98.7503,10,10,10,1,-999,-999,0
17.5,75,54,1,-75.7468,8,-109.006,10,10,20,0,-999,-999,0
17.5,75,54,1,-75.7468,7,-125.158,9,9,20,0,-999,-999,0
17.5,75,54,1,-75.7468,3,-127.872,7,7,20,0,-999,-999,0
17.5,75,54,1,-75.7468,4,-131.662,3,3,20,0,-999,-999,0
17.5,75,54,1,-75.7468,6,-135.905,8,8,20,0,-999,-999,0
17.5,75,54,1,-75.7468,5,-137.091,7,7,20,0,-999,-999,0
17.5,75,54,1,-75.7468,11,-140.423,10,10,10,1,-999,-999,0
17.5,75,54,1,-75.7468,9,-143.222,10,10,10,1,-999,-999,0
17.5,75,54,1,-75.7468,14,-143.314,10,10,10,1,-999,-999,0
17.5,75,54,1,-75.7468,13,-146.618,10,10,10,1,-999,-999,0
17.5,76,46,9,-117.223,1,-88.9446,8,8,20,0,-999,-999,0
17.5,76,46,9,-117.223,14,-95.0497,10,10,10,1,-999,-999,0
17.5,76,46,9,-117.223,13,-103.2,10,10,10,1,-999,-999,0
17.5,76,46,9,-117.223,4,-104.902,3,3,20,0,-999,-999,0
17.5,76,46,9,-117.223,6,-114.227,8,8,20,0,-999,-999,0
17.5,76,46,9,-117.223,5,-121.756,7,7,20,0,-999,-999,0
17.5,76,46,9,-117.223,11,-121.947,10,10,10,1,-999,-999,0
17.5,76,46,9,-117.223,2,-126.793,9,9,20,0,-999,-999,0
17.5,76,46,9,-117.223,3,-127.591,7,7,20,0,-999,-999,0
17.5,76,46,9,-117.223,12,-130.176,10,10,10,1,-999,-999,0
17.5,76,46,9,-117.223,7,-131.153,9,9,20,0,-999,-999,0
17.5,76,46,9,-117.223,10,-133.438,9,9,10,1,-999,-999,0
17.5,76,46,9,-117.223,8,-135.832,10,10,20,0,-999,-999,0
17.5,77,48,7,-125.727,1,-86.5169,8,8,20,0,-999,-999,0
17.5,77,48,7,-125.727,9,-93.6507,10,10,10,1,-999,-999,0
17.5,77,48,7,-125.727,8,-106.986,10,10,20,0,-999,-999,0
17.5,77,48,7,-125.727,13,-119.971,10,10,10,1,-999,-999,0
17.5,77,48,7,-125.727,6,-125.268,8,8,20,0,-999,-999,0
17.5,77,48,7,-125.727,11,-132.079,10,10,10,1,-999,-999,0
17.5,77,48,7,-125.727,12,-135.012,10,10,10,1,-999,-999,0
17.5,77,48,7,-125.727,2,-136.005,9,9,20,0,-999,-999,0
17.5,77,48,7,-125.727,14,-138.348,10,10,10,1,-999,-999,0
17.5,77,48,7,-125.727,10,-143.491,9,9,10,1,-999,-999,0
17.5,77,48,7,-125.727,4,-148.559,3,3,20,0,-999,-999,0
17.5,77,48,7,-125.727,3,-152.078,7,7,20,0,-999,-999,0
17.5,77,48,7,-125.727,5,-153.691,7,7,20,0,-999,-999,0
17.5,79,55,1,-64.0437,6,-90.2462,8,8,20,0,-999,-999,0
17.5,79,55,1,-64.0437,11,-106.846,10,10,10,1,-999,-999,0
17.5,79,55,1,-64.0437,2,-111.035,9,9,20,0,-999,-999,0
17.5,79,55,1,-64.0437,7,-118.544,9,9,20,0,-999,-999,0
17.5,79,55,1,-64.0437,10,-126.071,9,9,10,1,-999,-999,0
17.5,79,55,1,-64.0437,12,-127.997,10,10,10,1,-999,-999,0
17.5,79,55,1,-64.0437,9,-132.481,10,10,10,1,-999,-999,0
17.5,79,55,1,-64.0437,4,-133.54,3,3,20,0,-999,-999,0
17.5,79,55,1,-64.0437,8,-134.262,10,10,20,0,-999,-999,0
17.5,79,55,1,-64.0437,14,-134.836,10,10,10,1,-999,-999,0
17.5,79,55,1,-64.0437,3,-135.174,7,7,20,0,-999,-999,0
17.5,79,55,1,-64.0437,5,-136.918,7,7,20,0,-999,-999,0
17.5,79,55,1,-64.0437,13,-139.638,10,10,10,1,-999,-999,0
17.5,80,55,13,-124.77,6,-66.8233,8,8,20,0,-999,-999,6
17.5,80,55,13,-124.77,9,-86.7118,10,10,10,1,-999,-999,6
17.5,80,55,13,-124.77,10,-93.5746,9,9,10,1,-999,-999,6
17.5,80,55,13,-124.77,5,-103.505,7,7,20,0,-999,-999,6
17.5,80,55,13,-124.77,1,-106.407,8,8,20,0,-999,-999,6
17.5,80,55,13,-124.77,2,-109.227,9,9,20,0,-999,-999,6
17.5,80,55,13,-124.77,14,-114.318,10,10,10,1,-999,-999,6
17.5,80,55,13,-124.77,4,-115.139,3,3,20,0,-999,-999,6
17.5,80,55,13,-124.77,7,-122.747,9,9,20,0,-999,-999,6
17.5,80,55,13,-124.77,8,-123.528,10,10,20,0,-999,-999,6
17.5,80,55,13,-124.77,3,-125.119,7,7,20,0,-999,-999,6
17.5,80,55,13,-124.77,11,-136.355,10,10,10,1,-999,-999,6
17.5,80,55,13,-124.77,12,-139.871,10,10,10,1,-999,-999,6
17.5,90,64,2,-114.941,9,-86.0699,10,10,10,1,-999,-999,0
17.5,90,64,2,-114.941,3,-96.721,7,7,20,0,-999,-999,0
17.5,90,64,2,-114.941,5,-111.948,7,7,20,0,-999,-999,0
17.5,90,64,2,-114.941,6,-115.996,8,9,20,0,-999,-999,0
17.5,90,64,2,-114.941,4,-117.214,3,3,20,0,-999,-999,0
17.5,90,64,2,-114.941,1,-117.425,8,8,20,0,-999,-999,0
17.5,90,64,2,-114.941,7,-118.083,9,9,20,0,-999,-999,0
17.5,90,64,2,-114.941,8,-124.348,10,10,20,0,-999,-999,0
17.5,90,64,2,-114.941,10,-125.173,9,9,10,1,-999,-999,0
17.5,90,64,2,-114.941,13,-125.72,10,10,10,1,-999,-999,0
17.5,90,64,2,-114.941,12,-134.045,10,10,10,1,-999,-999,0
17.5,90,64,2,-114.941,11,-138.127,10,10,10,1,-999,-999,0
17.5,90,64,2,-114.941,14,-138.999,10,10,10,1,-999,-999,0
17.5,91,72,8,-74.924,3,-94.8875,7,7,20,0,-999,-999,0
17.5,91,72,8,-74.924,13,-95.2582,10,10,10,1,-999,-999,0
17.5,91,72,8,-74.924,7,-106.543,9,9,20,0,-999,-999,0
17.5,91,72,8,-74.924,12,-111.61,10,10,10,1,-999,-999,0
17.5,91,72,8,-74.924,4,-124.723,3,3,20,0,-999,-999,0
17.5,91,72,8,-74.924,11,-124.945,10,10,10,1,-999,-999,0
17.5,91,72,8,-74.924,2,-134.482,9,9,20,0,-999,-999,0
17.5,91,72,8,-74.924,9,-135.988,10,10,10,1,-999,-999,0
17.5,91,72,8,-74.924,10,-136.075,9,9,10,1,-999,-999,0
17.5,91,72,8,-74.924,6,-137.279,8,9,20,0,-999,-999,0
17.5,91,72,8,-74.924,1,-137.734,8,8,20,0,-999,-999,0
17.5,91,72,8,-74.924,5,-143.265,7,7,20,0,-999,-999,0
17.5,91,72,8,-74.924,14,-145.463,10,10,10,1,-999,-999,0
17.5,93,40,6,-118.015,2,-114.451,9,9,20,0,-999,-999,0
17.5,93,40,6,-118.015,1,-115.646,8,8,20,0,-999,-999,0
17.5,93,40,6,-118.015,3,-116.85,7,7,20,0,-999,-999,0
17.5,93,40,6,-118.015,5,-116.985,7,7,20,0,-999,-999,0
17.5,93,40,6,-118.015,9,-121.104,10,10,10,1,-999,-999,0
17.5,93,40,6,-118.015,4,-123.559,3,3,20,0,-999,-999,0
17.5,93,40,6,-118.015,13,-124.654,10,10,10,1,-999,-999,0
17.5,93,40,6,-118.015,8,-124.697,10,10,20,0,-999,-999,0
17.5,93,40,6,-118.015,7,-128.404,9,9,20,0,-999,-999,0
17.5,93,40,6,-118.015,10,-130.857,9,9,10,1,-999,-999,0
17.5,93,40,6,-118.015,12,-137.144,10,10,10,1,-999,-999,0
17.5,93,40,6,-118.015,14,-140.768,10,10,10,1,-999,-999,0
17.5,93,40,6,-118.015,11,-146.758,10,10,10,1,-999,-999,0
17.5,94,56,2,-97.3293,7,-80.7363,9,9,20,0,-999,-999,0
17.5,94,56,2,-97.3293,10,-88.4992,9,9,10,1,-999,-999,0
17.5,94,56,2,-97.3293,1,-107.66,8,8,20,0,-999,-999,0
17.5,94,56,2,-97.3293,14,-116.457,10,10,10,1,-999,-999,0
17.5,94,56,2,-97.3293,4,-118.015,3,3,20,0,-999,-999,0
17.5,94,56,2,-97.3293,6,-121.078,8,9,20,0,-999,-999,0
17.5,94,56,2,-97.3293,13,-123.762,10,10,10,1,-999,-999,0
17.5,94,56,2,-97.3293,9,-125.3,10,10,10,1,-999,-999,0
17.5,94,56,2,-97.3293,8,-132.134,10,10,20,0,-999,-999,0
17.5,94,56,2,-97.3293,11,-134.213,10,10,10,1,-999,-999,0
17.5,94,56,2,-97.3293,12,-142.324,10,10,10,1,-999,-999,0
17.5,94,56,2,-97.3293,5,-145.181,7,7,20,0,-999,-999,0
17.5,94,56,2,-97.3293,3,-145.903,7,7,20,0,-999,-999,0
17.5,95,36,8,-90.6657,13,-83.546,10,10,10,1,-999,-999,0
17.5,95,36,8,-90.6657,14,-91.1718,10,10,10,1,-999,-999,0
17.5,95,36,8,-90.6657,1,-103.881,8,8,20,0,-999,-999,0
17.5,95,36,8,-90.6657,4,-115.825,3,3,20,0,-999,-999,0
17.5,95,36,8,-90.6657,6,-116.849,8,9,20,0,-999,-999,0
17.5,95,36,8,-90.6657,3,-125.89,7,7,20,0,-999,-999,0
17.5,95,36,8,-90.6657,12,-127.277,10,10,10,1,-999,-999,0
17.5,95,36,8,-90.6657,5,-128.915,7,7,20,0,-999,-999,0
17.5,95,36,8,-90.6657,9,-132.101,10,10,10,1,-999,-999,0
17.5,95,36,8,-90.6657,2,-133.167,9,9,20,0,-999,-999,0
17.5,95,36,8,-90.6657,10,-133.177,9,9,10,1,-999,-999,0
17.5,95,36,8,-90.6657,11,-134.727,10,10,10,1,-999,-999,0
17.5,95,36,8,-90.6657,7,-139.411,9,9,20,0,-999,-999,0
17.5,96,29,13,-122.832,3,-81.9144,7,7,20,0,-999,-999,0
17.5,96,29,13,-122.832,4,-84.7846,3,3,20,0,-999,-999,0
17.5,96,29,13,-122.832,5,-88.1701,7,7,20,0,-999,-999,0
17.5,96,29,13,-122.832,6,-91.319,8,9,20,0,-999,-999,0
17.5,96,29,13,-122.832,12,-94.3231,10,10,10,1,-999,-999,0
17.5,96,29,13,-122.832,8,-116.679,10,10,20,0,-999,-999,0
17.5,96,29,13,-122.832,10,-117.09,9,9,10,1,-999,-999,0
17.5,96,29,13,-122.832,14,-123.552,10,10,10,1,-999,-999,0
17.5,96,29,13,-122.832,11,-124.93,10,10,10,1,-999,-999,0
17.5,96,29,13,-122.832,2,-127.788,9,9,20,0,-999,-999,0
17.5,96,29,13,-122.832,9,-128.717,10,10,10,1,-999,-999,0
17.5,96,29,13,-122.832,1,-138.565,8,8,20,0,-999,-999,0
17.5,96,29,13,-122.832,7,-149.18,9,9,20,0,-999,-999,0
17.5,97,31,2,-63.2053,6,-93.2303,8,9,20,0,-999,-999,0
17.5,97,31,2,-63.2053,1,-95.3343,8,8,20,0,-999,-999,0
17.5,97,31,2,-63.2053,3,-96.1865,7,7,20,0,-999,-999,0
17.5,97,31,2,-63.2053,10,-121.348,9,9,10,1,-999,-999,0
17.5,97,31,2,-63.2053,12,-126.083,10,10,10,1,-999,-999,0
17.5,97,31,2,-63.2053,8,-126.196,10,10,20,0,-999,-999,0
17.5,97,31,2,-63.2053,4,-127.259,3,3,20,0,-999,-999,0
17.5,97,31,2,-63.2053,7,-127.408,9,9,20,0,-999,-999,0
17.5,97,31,2,-63.2053,9,-129.808,10,10,10,1,-999,-999,0
17.5,97,31,2,-63.2053,5,-140.024,7,7,20,0,-999,-999,0
17.5,97,31,2,-63.2053,13,-140.544,10,10,10,1,-999,-999,0
17.5,97,31,2,-63.2053,14,-140.932,10,10,10,1,-999,-999,0
17.5,97,31,2,-63.2053,11,-149.525,10,10,10,1,-999,-999,0
17.5,101,37,8,-104.491,9,-87.8656,10,10,10,1,-999,-999,0
17.5,101,37,8,-104.491,13,-98.5057,10,10,10,1,-999,-999,0
17.5,101,37,8,-104.491,1,-102.999,8,8,20,0,-999,-999,0
17.5,101,37,8,-104.491,4,-103.152,3,3,20,0,-999,-999,0
17.5,101,37,8,-104.491,10,-103.607,9,9,10,1,-999,-999,0
17.5,101,37,8,-104.491,3,-111.379,7,7,20,0,-999,-999,0
17.5,101,37,8,-104.491,5,-111.401,7,7,20,0,-999,-999,0
17.5,101,37,8,-104.491,14,-123.242,10,10,10,1,-999,-999,0
17.5,101,37,8,-104.491,12,-124.064,10,10,10,1,-999,-999,0
17.5,101,37,8,-104.491,2,-126.308,9,9,20,0,-999,-999,0
17.5,101,37,8,-104.491,6,-131.292,8,9,20,0,-999,-999,0
17.5,101,37,8,-104.491,7,-139.405,9,9,20,0,-999,-999,0
17.5,101,37,8,-104.491,11,-147.16,10,10,10,1,-999,-999,0
17.5,104,56,6,-85.4589,1,-82.5326,8,8,20,0,-999,-999,0
17.5,104,56,6,-85.4589,12,-93.081,10,10,10,1,-999,-999,0
17.5,104,56,6,-85.4589,10,-96.0644,9,9,10,1,-999,-999,0
17.5,104,56,6,-85.4589,9,-119.801,10,10,10,1,-999,-999,0
17.5,104,56,6,-85.4589,8,-122.27,10,10,20,0,-999,-999,0
17.5,104,56,6,-85.4589,4,-125.215,3,3,20,0,-999,-999,0
17.5,104,56,6,-85.4589,2,-128.519,9,9,20,0,-999,-999,0
17.5,104,56,6,-85.4589,7,-128.63,9,9,20,0,-999,-999,0
17.5,104,56,6,-85.4589,14,-133.596,10,10,10,1,-999,-999,0
17.5,104,56,6,-85.4589,13,-135.229,10,10,10,1,-999,-999,0
17.5,104,56,6,-85.4589,5,-138.009,7,7,20,0,-999,-999,0
17.5,104,56,6,-85.4589,3,-147.359,7,7,20,0,-999,-999,0
17.5,104,56,6,-85.4589,11,-147.991,10,10,10,1,-999,-999,0
17.5,109,30,13,-85.5221,11,-97.1191,10,10,10,1,-999,-999,0
17.5,109,30,13,-85.5221,10,-115.094,9,9,10,1,-999,-999,0
17.5,109,30,13,-85.5221,8,-120.799,10,10,20,0,-999,-999,0
17.5,109,30,13,-85.5221,5,-126.235,7,7,20,0,-999,-999,0
17.5,109,30,13,-85.5221,9,-128.402,10,10,10,1,-999,-999,0
17.5,109,30,13,-85.5221,6,-128.704,8,9,20,0,-999,-999,0
17.5,109,30,13,-85.5221,3,-129.998,7,7,20,0,-999,-999,0
17.5,109,30,13,-85.5221,14,-130.867,10,10,10,1,-999,-999,0
17.5,109,30,13,-85.5221,4,-130.998,3,3,20,0,-999,-999,0
17.5,109,30,13,-85.5221,2,-134.222,9,9,20,0,-999,-999,0
17.5,109,30,13,-85.5221,12,-134.244,10,10,10,1,-999,-999,0
17.5,109,30,13,-85.5221,1,-135.639,8,8,20,0,-999,-999,0
17.5,109,30,13,-85.5221,7,-162.326,9,9,20,0,-999,-999,0
17.5,112,56,1,-98.8338,6,-78.3784,8,9,20,0,-999,-999,0
17.5,112,56,1,-98.8338,2,-109.23,9,9,20,0,-999,-999,0
17.5,112,56,1,-98.8338,10,-124.92,9,9,10,1,-999,-999,0
17.5,112,56,1,-98.8338,3,-125.135,7,7,20,0,-999,-999,0
17.5,112,56,1,-98.8338,7,-125.704,9,9,20,0,-999,-999,0
17.5,112,56,1,-98.8338,8,-127.332,10,10,20,0,-999,-999,0
17.5,112,56,1,-98.8338,9,-130.066,10,10,10,1,-999,-999,0
17.5,112,56,1,-98.8338,13,-130.663,10,10,10,1,-999,-999,0
17.5,112,56,1,-98.8338,12,-130.843,10,10,10,1,-999,-999,0
17.5,112,56,1,-98.8338,14,-134.273,10,10,10,1,-999,-999,0
17.5,112,56,1,-98.8338,5,-134.591,7,7,20,0,-999,-999,0
17.5,112,56,1,-98.8338,4,-138.548,3,3,20,0,-999,-999,0
17.5,112,56,1,-98.8338,11,-142.667,10,10,10,1,-999,-999,0
17.5,114,32,2,-51.6042,1,-102.496,8,8,20,0,-999,-999,0
17.5,114,32,2,-51.6042,12,-123.37,10,10,10,1,-999,-999,0
17.5,114,32,2,-51.6042,6,-126.17,8,9,20,0,-999,-999,0
17.5,114,32,2,-51.6042,3,-130.98,7,7,20,0,-999,-999,0
17.5,114,32,2,-51.6042,10,-131.429,9,9,10,1,-999,-999,0
17.5,114,32,2,-51.6042,7,-133.133,9,9,20,0,-999,-999,0
17.5,114,32,2,-51.6042,8,-138.753,10,10,20,0,-999,-999,0
17.5,114,32,2,-51.6042,4,-139.47,3,3,20,0,-999,-999,0
17.5,114,32,2,-51.6042,9,-142.181,10,10,10,1,-999,-999,0
17.5,114,32,2,-51.6042,13,-143.117,10,10,10,1,-999,-999,0
17.5,114,32,2,-51.6042,14,-144.682,10,10,10,1,-999,-999,0
17.5,114,32,2,-51.6042,5,-151.144,7,7,20,0,-999,-999,0
17.5,114,32,2,-51.6042,11,-157.765,10,10,10,1,-999,-999,0
17.5,120,56,13,-125.041,12,-104.255,10,10,10,1,-999,-999,0
17.5,120,56,13,-125.041,11,-118.47,10,10,10,1,-999,-999,0
17.5,120,56,13,-125.041,3,-121,7,7,20,0,-999,-999,0
17.5,120,56,13,-125.041,4,-124.917,3,3,20,0,-999,-999,0
17.5,120,56,13,-125.041,10,-128.725,9,9,10,1,-999,-999,0
17.5,120,56,13,-125.041,14,-129.141,10,10,10,1,-999,-999,0
17.5,120,56,13,-125.041,5,-130.111,7,7,20,0,-999,-999,0
17.5,120,56,13,-125.041,8,-134.646,10,10,20,0,-999,-999,0
17.5,120,56,13,-125.041,2,-146.922,9,9,20,0,-999,-999,0
17.5,120,56,13,-125.041,7,-147.528,9,9,20,0,-999,-999,0
17.5,120,56,13,-125.041,6,-150.117,8,9,20,0,-999,-999,0
17.5,120,56,13,-125.041,1,-150.23,8,8,20,0,-999,-999,0
17.5,120,56,13,-125.041,9,-161.258,10,10,10,1,-999,-999,0
17.5,121,45,11,-67.7405,5,-104.408,7,7,20,0,-999,-999,0
17.5,121,45,11,-67.7405,3,-126.206,7,7,20,0,-999,-999,0
17.5,121,45,11,-67.7405,6,-131.321,8,9,20,0,-999,-999,0
17.5,121,45,11,-67.7405,4,-137.137,3,3,20,0,-999,-999,0
17.5,121,45,11,-67.7405,8,-138.695,10,10,20,0,-999,-999,0
17.5,121,45,11,-67.7405,14,-138.99,10,10,10,1,-999,-999,0
17.5,121,45,11,-67.7405,2,-139.675,9,9,20,0,-999,-999,0
17.5,121,45,11,-67.7405,13,-140.623,10,10,10,1,-999,-999,0
17.5,121,45,11,-67.7405,7,-147.491,9,9,20,0,-999,-999,0
17.5,121,45,11,-67.7405,1,-148.896,8,8,20,0,-999,-999,0
17.5,121,45,11,-67.7405,10,-149.068,9,9,10,1,-999,-999,0
17.5,121,45,11,-67.7405,12,-150.427,10,10,10,1,-999,-999,0
17.5,121,45,11,-67.7405,9,-151.757,10,10,10,1,-999,-999,0
17.5,124,80,8,-120.957,7,-92.8555,9,9,20,0,-999,-999,0
17.5,124,80,8,-120.957,3,-94.8459,7,7,20,0,-999,-999,0
17.5,124,80,8,-120.957,11,-96.6954,10,10,10,1,-999,-999,0
17.5,124,80,8,-120.957,10,-106.353,9,9,10,1,-999,-999,0
17.5,124,80,8,-120.957,4,-122.198,3,3,20,0,-999,-999,0
17.5,124,80,8,-120.957,5,-127.24,7,7,20,0,-999,-999,0
17.5,124,80,8,-120.957,13,-128.927,10,10,10,1,-999,-999,0
17.5,124,80,8,-120.957,1,-130.958,8,8,20,0,-999,-999,0
17.5,124,80,8,-120.957,6,-136.02,8,9,20,0,-999,-999,0
17.5,124,80,8,-120.957,2,-137.589,9,9,20,0,-999,-999,0
17.5,124,80,8,-120.957,14,-139.138,10,10,10,1,-999,-999,0
17.5,124,80,8,-120.957,9,-139.348,10,10,10,1,-999,-999,0
17.5,124,80,8,-120.957,12,-145.695,10,10,10,1,-999,-999,0
17.5,125,34,7,-120.136,4,-82.3137,3,3,20,0,-999,-999,0
17.5,125,34,7,-120.136,1,-86.7773,8,8,20,0,-999,-999,0
17.5,125,34,7,-120.136,13,-88.8053,10,10,10,1,-999,-999,0
17.5,125,34,7,-120.136,2,-90.3841,9,9,20,0,-999,-999,0
17.5,125,34,7,-120.136,10,-91.7567,9,9,10,1,-999,-999,0
17.5,125,34,7,-120.136,9,-96.6644,10,10,10,1,-999,-999,0
17.5,125,34,7,-120.136,11,-97.0137,10,10,10,1,-999,-999,0
17.5,125,34,7,-120.136,6,-124.744,8,9,20,0,-999,-999,0
17.5,125,34,7,-120.136,8,-130.234,10,10,20,0,-999,-999,0
17.5,125,34,7,-120.136,12,-136.783,10,10,10,1,-999,-999,0
17.5,125,34,7,-120.136,5,-138.422,7,7,20,0,-999,-999,0
17.5,125,34,7,-120.136,3,-139.589,7,7,20,0,-999,-999,0
17.5,125,34,7,-120.136,14,-140.045,10,10,10,1,-999,-999,0
17.5,128,64,12,-130.771,14,-89.9515,10,10,10,1,-999,-999,0
17.5,128,64,12,-130.771,5,-97.0969,7,7,20,0,-999,-999,0
17.5,128,64,12,-130.771,2,-101.549,9,9,20,0,-999,-999,0
17.5,128,64,12,-130.771,13,-105.477,10,10,10,1,-999,-999,0
17.5,128,64,12,-130.771,4,-113.363,3,3,20,0,-999,-999,0
17.5,128,64,12,-130.771,3,-132.629,7,7,20,0,-999,-999,0
17.5,128,64,12,-130.771,9,-132.754,10,10,10,1,-999,-999,0
17.5,128,64,12,-130.771,10,-135.671,9,9,10,1,-999,-999,0
17.5,128,64,12,-130.771,6,-135.823,8,9,20,0,-999,-999,0
17.5,128,64,12,-130.771,11,-136.37,10,10,10,1,-999,-999,0
17.5,128,64,12,-130.771,1,-139.535,8,8,20,0,-999,-999,0
17.5,128,64,12,-130.771,8,-140.098,10,10,20,0,-999,-999,0
17.5,128,64,12,-130.771,7,-144.594,9,9,20,0,-999,-999,0
17.5,129,53,14,-68.5128,9,-99.9822,10,10,10,1,-999,-999,0
17.5,129,53,14,-68.5128,7,-105.246,9,9,20,0,-999,-999,0
17.5,129,53,14,-68.5128,12,-120.324,10,10,10,1,-999,-999,0
17.5,129,53,14,-68.5128,6,-131.002,8,9,20,0,-999,-999,0
17.5,129,53,14,-68.5128,5,-132.536,7,7,20,0,-999,-999,0
17.5,129,53,14,-68.5128,3,-134.72,7,7,20,0,-999,-999,0
17.5,129,53,14,-68.5128,11,-136.584,10,10,10,1,-999,-999,0
17.5,129,53,14,-68.5128,10,-137,9,9,10,1,-999,-999,0
17.5,129,53,14,-68.5128,4,-140.472,3,3,20,0,-999,-999,0
17.5,129,53,14,-68.5128,1,-140.596,8,8,20,0,-999,-999,0
17.5,129,53,14,-68.5128,2,-143.04,9,9,20,0,-999,-999,0
17.5,129,53,14,-68.5128,8,-144.076,10,10,20,0,-999,-999,0
17.5,129,53,14,-68.5128,13,-150.092,10,10,10,1,-999,-999,0
17.5,130,22,6,-100.781,1,-75.8664,8,8,20,0,-999,-999,1
17.5,130,22,6,-100.781,2,-99.5353,9,9,20,0,-999,-999,1
17.5,130,22,6,-100.781,4,-117.963,3,3,20,0,-999,-999,1
17.5,130,22,6,-100.781,9,-118.902,10,10,10,1,-999,-999,1
17.5,130,22,6,-100.781,8,-120.811,10,10,20,0,-999,-999,1
17.5,130,22,6,-100.781,10,-122.688,9,9,10,1,-999,-999,1
17.5,130,22,6,-100.781,7,-122.788,9,9,20,0,-999,-999,1
17.5,130,22,6,-100.781,3,-124.694,7,7,20,0,-999,-999,1
17.5,130,22,6,-100.781,13,-127.842,10,10,10,1,-999,-999,1
17.5,130,22,6,-100.781,5,-131.753,7,7,20,0,-999,-999,1
17.5,130,22,6,-100.781,12,-134.876,10,10,10,1,-999,-999,1
17.5,130,22,6,-100.781,11,-141.874,10,10,10,1,-999,-999,1
17.5,130,22,6,-100.781,14,-147.473,10,10,10,1,-999,-999,1
17.5,131,22,3,-105.115,8,-95.002,10,10,20,0,-999,-999,8
17.5,131,22,3,-105.115,1,-101.149,8,9,20,0,-999,-999,8
17.5,131,22,3,-105.115,12,-103.119,10,10,10,1,-999,-999,8
17.5,131,22,3,-105.115,5,-115.104,7,7,20,0,-999,-999,8
17.5,131,22,3,-105.115,11,-121.725,10,10,10,1,-999,-999,8
17.5,131,22,3,-105.115,2,-121.933,9,9,20,0,-999,-999,8
17.5,131,22,3,-105.115,13,-122.622,10,10,10,1,-999,-999,8
17.5,131,22,3,-105.115,10,-128.702,9,9,10,1,-999,-999,8
17.5,131,22,3,-105.115,7,-132.044,9,9,20,0,-999,-999,8
17.5,131,22,3,-105.115,9,-132.502,10,10,10,1,-999,-999,8
17.5,131,22,3,-105.115,4,-133.59,3,3,20,0,-999,-999,8
17.5,131,22,3,-105.115,14,-135.661,10,10,10,1,-999,-999,8
17.5,131,22,3,-105.115,6,-143.543,8,9,20,0,-999,-999,8
17.5,133,29,9,-103.545,10,-99.5871,9,9,10,1,-999,-999,0
17.5,133,29,9,-103.545,6,-110.914,8,9,20,0,-999,-999,0
17.5,133,29,9,-103.545,3,-112.021,7,7,20,0,-999,-999,0
17.5,133,29,9,-103.545,2,-118.261,9,9,20,0,-999,-999,0
17.5,133,29,9,-103.545,1,-120.984,8,9,20,0,-999,-999,0
17.5,133,29,9,-103.545,14,-128.193,10,10,10,1,-999,-999,0
17.5,133,29,9,-103.545,13,-129.471,10,10,10,1,-999,-999,0
17.5,133,29,9,-103.545,7,-136.195,9,9,20,0,-999,-999,0
17.5,133,29,9,-103.545,12,-137.557,10,10,10,1,-999,-999,0
17.5,133,29,9,-103.545,4,-138.38,3,3,20,0,-999,-999,0
17.5,133,29,9,-103.545,8,-140.706,10,11,20,0,-999,-999,0
17.5,133,29,9,-103.545,5,-142.16,7,7,20,0,-999,-999,0
17.5,133,29,9,-103.545,11,-146.553,10,10,10,1,-999,-999,0
17.5,134,53,10,-105.445,2,-103.783,9,9,20,0,-999,-999,0
17.5,134,53,10,-105.445,7,-128.334,9,9,20,0,-999,-999,0
17.5,134,53,10,-105.445,11,-132,10,10,10,1,-999,-999,0
17.5,134,53,10,-105.445,1,-134.791,8,9,20,0,-999,-999,0
17.5,134,53,10,-105.445,8,-135.006,10,11,20,0,-999,-999,0
17.5,134,53,10,-105.445,6,-135.914,8,9,20,0,-999,-999,0
17.5,134,53,10,-105.445,13,-142.217,10,10,10,1,-999,-999,0
17.5,134,53,10,-105.445,4,-142.487,3,3,20,0,-999,-999,0
17.5,134,53,10,-105.445,9,-145.315,10,10,10,1,-999,-999,0
17.5,134,53,10,-105.445,5,-151.401,7,7,20,0,-999,-999,0
17.5,134,53,10,-105.445,14,-153.211,10,10,10,1,-999,-999,0
17.5,134,53,10,-105.445,3,-154.006,7,7,20,0,-999,-999,0
17.5,134,53,10,-105.445,12,-157.602,10,10,10,1,-999,-999,0
17.5,135,63,9,-122.426,7,-87.0069,9,9,20,0,-999,-999,7
17.5,135,63,9,-122.426,11,-97.2981,10,10,10,1,-999,-999,7
17.5,135,63,9,-122.426,1,-111.167,8,9,20,0,-999,-999,7
17.5,135,63,9,-122.426,2,-113.873,9,9,20,0,-999,-999,7
17.5,135,63,9,-122.426,6,-113.96,8,9,20,0,-999,-999,7
17.5,135,63,9,-122.426,3,-120.441,7,7,20,0,-999,-999,7
17.5,135,63,9,-122.426,4,-123.567,3,3,20,0,-999,-999,7
17.5,135,63,9,-122.426,8,-127.419,10,11,20,0,-999,-999,7
17.5,135,63,9,-122.426,13,-128.481,10,10,10,1,-999,-999,7
17.5,135,63,9,-122.426,5,-130.23,7,7,20,0,-999,-999,7
17.5,135,63,9,-122.426,14,-131.553,10,10,10,1,-999,-999,7
17.5,135,63,9,-122.426,10,-137.883,9,9,10,1,-999,-999,7
17.5,135,63,9,-122.426,12,-144.027,10,10,10,1,-999,-999,7
17.5,137,15,12,-134.052,11,-82.4993,10,10,10,1,-999,-999,0
17.5,137,15,12,-134.052,9,-96.4026,10,10,10,1,-999,-999,0
17.5,137,15,12,-134.052,10,-107.399,9,9,10,1,-999,-999,0
17.5,137,15,12,-134.052,5,-116.808,7,7,20,0,-999,-999,0
17.5,137,15,12,-134.052,3,-121.253,7,7,20,0,-999,-999,0
17.5,137,15,12,-134.052,14,-130.685,10,10,10,1,-999,-999,0
17.5,137,15,12,-134.052,6,-132.449,8,9,20,0,-999,-999,0
17.5,137,15,12,-134.052,13,-133.626,10,10,10,1,-999,-999,0
17.5,137,15,12,-134.052,8,-134.325,10,11,20,0,-999,-999,0
17.5,137,15,12,-134.052,2,-136.066,9,9,20,0,-999,-999,0
17.5,137,15,12,-134.052,4,-138.949,3,3,20,0,-999,-999,0
17.5,137,15,12,-134.052,1,-142.502,8,9,20,0,-999,-999,0
17.5,137,15,12,-134.052,7,-151.069,9,10,20,0,-999,-999,0
17.5,138,23,6,-58.9391,10,-83.9829,9,9,10,1,-999,-999,0
17.5,138,23,6,-58.9391,9,-88.6001,10,10,10,1,-999,-999,0
17.5,138,23,6,-58.9391,1,-99.0222,8,9,20,0,-999,-999,0
17.5,138,23,6,-58.9391,3,-116.337,7,7,20,0,-999,-999,0
17.5,138,23,6,-58.9391,8,-120.145,10,11,20,0,-999,-999,0
17.5,138,23,6,-58.9391,4,-120.261,3,3,20,0,-999,-999,0
17.5,138,23,6,-58.9391,2,-121.509,9,9,20,0,-999,-999,0
17.5,138,23,6,-58.9391,12,-127.932,10,10,10,1,-999,-999,0
17.5,138,23,6,-58.9391,13,-129.716,10,10,10,1,-999,-999,0
17.5,138,23,6,-58.9391,7,-131.787,9,10,20,0,-999,-999,0
17.5,138,23,6,-58.9391,5,-136.374,7,7,20,0,-999,-999,0
17.5,138,23,6,-58.9391,11,-136.705,10,10,10,1,-999,-999,0
17.5,138,23,6,-58.9391,14,-143.453,10,10,10,1,-999,-999,0
17.5,140,64,1,-75.435,12,-90.748,10,10,10,1,-999,-999,0
17.5,140,64,1,-75.435,7,-91.368,9,10,20,0,-999,-999,0
17.5,140,64,1,-75.435,13,-96.1395,10,10,10,1,-999,-999,0
17.5,140,64,1,-75.435,11,-107.221,10,10,10,1,-999,-999,0
17.5,140,64,1,-75.435,6,-109.412,8,9,20,0,-999,-999,0
17.5,140,64,1,-75.435,2,-119.137,9,9,20,0,-999,-999,0
17.5,140,64,1,-75.435,5,-120.102,7,7,20,0,-999,-999,0
17.5,140,64,1,-75.435,9,-121.426,10,10,10,1,-999,-999,0
17.5,140,64,1,-75.435,4,-123.163,3,3,20,0,-999,-999,0
17.5,140,64,1,-75.435,10,-124.237,9,9,10,1,-999,-999,0
17.5,140,64,1,-75.435,3,-129.692,7,7,20,0,-999,-999,0
17.5,140,64,1,-75.435,8,-133.005,10,11,20,0,-999,-999,0
17.5,140,64,1,-75.435,14,-142.619,10,10,10,1,-999,-999,0
17.5,143,30,9,-102.792,2,-100.183,9,9,20,0,-999,-999,0
17.5,143,30,9,-102.792,13,-109.631,10,10,10,1,-999,-999,0
17.5,143,30,9,-102.792,12,-116.997,10,10,10,1,-999,-999,0
17.5,143,30,9,-102.792,6,-122.136,8,9,20,0,-999,-999,0
17.5,143,30,9,-102.792,4,-130.2,3,3,20,0,-999,-999,0
17.5,143,30,9,-102.792,3,-136.284,7,7,20,0,-999,-999,0
17.5,143,30,9,-102.792,5,-139.142,7,7,20,0,-999,-999,0
17.5,143,30,9,-102.792,14,-139.586,10,10,10,1,-999,-999,0
17.5,143,30,9,-102.792,1,-140.09,8,9,20,0,-999,-999,0
17.5,143,30,9,-102.792,10,-144.692,9,9,10,1,-999,-999,0
17.5,143,30,9,-102.792,8,-145.131,10,11,20,0,-999,-999,0
17.5,143,30,9,-102.792,7,-145.78,9,10,20,0,-999,-999,0
17.5,143,30,9,-102.792,11,-151.654,10,10,10,1,-999,-999,0
17.5,144,77,11,-126.095,3,-84.4723,7,7,20,0,-999,-999,0
17.5,144,77,11,-126.095,6,-87.1407,8,9,20,0,-999,-999,0
17.5,144,77,11,-126.095,10,-89.2646,9,9,10,1,-999,-999,0
17.5,144,77,11,-126.095,4,-110.701,3,3,20,0,-999,-999,0
17.5,144,77,11,-126.095,1,-119.845,8,9,20,0,-999,-999,0
17.5,144,77,11,-126.095,2,-122.476,9,9,20,0,-999,-999,0
17.5,144,77,11,-126.095,7,-123.309,9,10,20,0,-999,-999,0
17.5,144,77,11,-126.095,8,-124.534,10,11,20,0,-999,-999,0
17.5,144,77,11,-126.095,13,-126.713,10,10,10,1,-999,-999,0
17.5,144,77,11,-126.095,9,-128.713,10,10,10,1,-999,-999,0
17.5,144,77,11,-126.095,5,-138.655,7,7,20,0,-999,-999,0
17.5,144,77,11,-126.095,12,-140.058,10,10,10,1,-999,-999,0
17.5,144,77,11,-126.095,14,-141.75,10,10,10,1,-999,-999,0
17.5,146,29,12,-145.587,7,-92.588,9,10,20,0,-999,-999,0
17.5,146,29,12,-145.587,2,-107.545,9,9,20,0,-999,-999,0
17.5,146,29,12,-145.587,1,-121.119,8,9,20,0,-999,-999,0
17.5,146,29,12,-145.587,14,-127.265,10,10,10,1,-999,-999,0
17.5,146,29,12,-145.587,6,-127.624,8,9,20,0,-999,-999,0
17.5,146,29,12,-145.587,3,-130.963,7,7,20,0,-999,-999,0
17.5,146,29,12,-145.587,9,-134.384,10,10,10,1,-999,-999,0
17.5,146,29,12,-145.587,11,-137.283,10,10,10,1,-999,-999,0
17.5,146,29,12,-145.587,10,-137.879,9,9,10,1,-999,-999,0
17.5,146,29,12,-145.587,5,-139.306,7,7,20,0,-999,-999,0
17.5,146,29,12,-145.587,8,-141.95,10,11,20,0,-999,-999,0
17.5,146,29,12,-145.587,4,-147.961,3,3,20,0,-999,-999,0
17.5,146,29,12,-145.587,13,-151.038,10,10,10,1,-999,-999,0
17.5,149,15,4,-100.018,8,-88.5268,10,11,20,0,-999,-999,0
17.5,149,15,4,-100.018,13,-90.7497,10,10,10,1,-999,-999,0
17.5,149,15,4,-100.018,6,-98.1406,8,9,20,0,-999,-999,0
17.5,149,15,4,-100.018,10,-124.669,9,9,10,1,-999,-999,0
17.5,149,15,4,-100.018,1,-125.955,8,9,20,0,-999,-999,0
17.5,149,15,4,-100.018,3,-126.052,7,7,20,0,-999,-999,0
17.5,149,15,4,-100.018,2,-126.837,9,9,20,0,-999,-999,0
17.5,149,15,4,-100.018,7,-129.577,9,10,20,0,-999,-999,0
17.5,149,15,4,-100.018,9,-131.281,10,10,10,1,-999,-999,0
17.5,149,15,4,-100.018,5,-133.415,7,7,20,0,-999,-999,0
17.5,149,15,4,-100.018,14,-133.476,10,10,10,1,-999,-999,0
17.5,149,15,4,-100.018,12,-142.77,10,10,10,1,-999,-999,0
17.5,149,15,4,-100.018,11,-144.621,10,10,10,1,-999,-999,0
17.5,150,70,8,-108.571,9,-88.6704,10,10,10,1,-999,-999,0
17.5,150,70,8,-108.571,1,-91.7994,8,9,20,0,-999,-999,0
17.5,150,70,8,-108.571,7,-98.1651,9,10,20,0,-999,-999,0
17.5,150,70,8,-108.571,12,-101.336,10,10,10,1,-999,-999,0
17.5,150,70,8,-108.571,4,-107.742,3,3,20,0,-999,-999,0
17.5,150,70,8,-108.571,6,-118.605,8,9,20,0,-999,-999,0
17.5,150,70,8,-108.571,10,-123.414,9,9,10,1,-999,-999,0
17.5,150,70,8,-108.571,14,-124.101,10,10,10,1,-999,-999,0
17.5,150,70,8,-108.571,2,-134.584,9,9,20,0,-999,-999,0
17.5,150,70,8,-108.571,13,-135.818,10,10,10,1,-999,-999,0
17.5,150,70,8,-108.571,3,-136.295,7,7,20,0,-999,-999,0
17.5,150,70,8,-108.571,5,-142.794,7,7,20,0,-999,-999,0
17.5,150,70,8,-108.571,11,-144.026,10,10,10,1,-999,-999,0
17.5,153,78,13,-71.0286,4,-84.54,3,3,20,0,-999,-999,0
17.5,153,78,13,-71.0286,8,-104.149,10,11,20,0,-999,-999,0
17.5,153,78,13,-71.0286,14,-109.959,10,10,10,1,-999,-999,0
17.5,153,78,13,-71.0286,3,-124.452,7,7,20,0,-999,-999,0
17.5,153,78,13,-71.0286,9,-128.742,10,10,10,1,-999,-999,0
17.5,153,78,13,-71.0286,6,-132.643,8,9,20,0,-999,-999,0
17.5,153,78,13,-71.0286,5,-136.896,7,7,20,0,-999,-999,0
17.5,153,78,13,-71.0286,10,-137.743,9,9,10,1,-999,-999,0
17.5,153,78,13,-71.0286,1,-139.556,8,9,20,0,-999,-999,0
17.5,153,78,13,-71.0286,7,-140.429,9,10,20,0,-999,-999,0
17.5,153,78,13,-71.0286,12,-142.842,10,10,10,1,-999,-999,0
17.5,153,78,13,-71.0286,11,-144.797,10,10,10,1,-999,-999,0
17.5,153,78,13,-71.0286,2,-148.988,9,9,20,0,-999,-999,0
17.5,155,54,10,-79.7009,4,-87.335,3,3,20,0,-999,-999,0
17.5,155,54,10,-79.7009,13,-100.772,10,10,10,1,-999,-999,0
17.5,155,54,10,-79.7009,7,-101.191,9,10,20,0,-999,-999,0
17.5,155,54,10,-79.7009,11,-118.116,10,10,10,1,-999,-999,0
17.5,155,54,10,-79.7009,8,-120.195,10,11,20,0,-999,-999,0
17.5,155,54,10,-79.7009,3,-122.677,7,7,20,0,-999,-999,0
17.5,155,54,10,-79.7009,6,-128.798,8,9,20,0,-999,-999,0
17.5,155,54,10,-79.7009,2,-129.742,9,9,20,0,-999,-999,0
17.5,155,54,10,-79.7009,1,-130.967,8,9,20,0,-999,-999,0
17.5,155,54,10,-79.7009,9,-137.892,10,10,10,1,-999,-999,0
17.5,155,54,10,-79.7009,14,-141.7,10,10,10,1,-999,-999,0
17.5,155,54,10,-79.7009,12,-147.44,10,10,10,1,-999,-999,0
17.5,155,54,10,-79.7009,5,-148.949,7,7,20,0,-999,-999,0
17.5,156,22,11,-117.592,13,-95.8366,10,10,10,1,-999,-999,0
17.5,156,22,11,-117.592,14,-101.404,10,10,10,1,-999,-999,0
17.5,156,22,11,-117.592,10,-106.115,9,9,10,1,-999,-999,0
17.5,156,22,11,-117.592,5,-118.967,7,7,20,0,-999,-999,0
17.5,156,22,11,-117.592,6,-122.157,8,9,20,0,-999,-999,0
17.5,156,22,11,-117.592,3,-127.8,7,7,20,0,-999,-999,0
17.5,156,22,11,-117.592,1,-130.929,8,9,20,0,-999,-999,0
17.5,156,22,11,-117.592,4,-132.248,3,3,20,0,-999,-999,0
17.5,156,22,11,-117.592,9,-135.968,10,10,10,1,-999,-999,0
17.5,156,22,11,-117.592,8,-136.789,10,11,20,0,-999,-999,0
17.5,156,22,11,-117.592,7,-142.183,9,10,20,0,-999,-999,0
17.5,156,22,11,-117.592,12,-142.626,10,10,10,1,-999,-999,0
17.5,156,22,11,-117.592,2,-143.392,9,9,20,0,-999,-999,0
17.5,157,29,14,-120.259,8,-106.962,10,11,20,0,-999,-999,0
17.5,157,29,14,-120.259,12,-122.348,10,10,10,1,-999,-999,0
17.5,157,29,14,-120.259,5,-126.201,7,7,20,0,-999,-999,0
17.5,157,29,14,-120.259,2,-129.351,9,9,20,0,-999,-999,0
17.5,157,29,14,-120.259,9,-132.267,10,10,10,1,-999,-999,0
17.5,157,29,14,-120.259,6,-132.387,8,9,20,0,-999,-999,0
17.5,157,29,14,-120.259,4,-133.774,3,3,20,0,-999,-999,0
17.5,157,29,14,-120.259,11,-135.351,10,10,10,1,-999,-999,0
17.5,157,29,14,-120.259,3,-136.177,7,7,20,0,-999,-999,0
17.5,157,29,14,-120.259,1,-136.668,8,9,20,0,-999,-999,0
17.5,157,29,14,-120.259,7,-141.884,9,10,20,0,-999,-999,0
17.5,157,29,14,-120.259,13,-142.378,10,10,10,1,-999,-999,0
17.5,157,29,14,-120.259,10,-143.684,9,9,10,1,-999,-999,0
17.5,158,23,10,-120.259,1,-70.0419,8,9,20,0,-999,-999,0
17.5,158,23,10,-120.259,4,-99.1996,3,3,20,0,-999,-999,0
17.5,158,23,10,-120.259,14,-107.383,10,10,10,1,-999,-999,0
17.5,158,23,10,-120.259,2,-114.021,9,9,20,0,-999,-999,0
17.5,158,23,10,-120.259,6,-122.118,8,9,20,0,-999,-999,0
17.5,158,23,10,-120.259,7,-123.266,9,10,20,0,-999,-999,0
17.5,158,23,10,-120.259,13,-127.16,10,10,10,1,-999,-999,0
17.5,158,23,10,-120.259,8,-129.853,10,11,20,0,-999,-999,0
17.5,158,23,10,-120.259,12,-132.691,10,10,10,1,-999,-999,0
17.5,158,23,10,-120.259,9,-135.8,10,10,10,1,-999,-999,0
17.5,158,23,10,-120.259,11,-144.157,10,10,10,1,-999,-999,0
17.5,158,23,10,-120.259,3,-146.043,7,7,20,0,-999,-999,0
17.5,158,23,10,-120.259,5,-146.695,7,7,20,0,-999,-999,0
17.5,159,64,9,-86.5566,8,-87.0488,10,11,20,0,-999,-999,0
17.5,159,64,9,-86.5566,4,-115.762,3,3,20,0,-999,-999,0
17.5,159,64,9,-86.5566,6,-120.287,8,9,20,0,-999,-999,0
17.5,159,64,9,-86.5566,3,-126.032,7,7,20,0,-999,-999,0
17.5,159,64,9,-86.5566,13,-127.031,10,10,10,1,-999,-999,0
17.5,159,64,9,-86.5566,14,-127.683,10,10,10,1,-999,-999,0
17.5,159,64,9,-86.5566,12,-128.693,10,10,10,1,-999,-999,0
17.5,159,64,9,-86.5566,10,-129.371,9,9,10,1,-999,-999,0
17.5,159,64,9,-86.5566,1,-129.663,8,9,20,0,-999,-999,0
17.5,159,64,9,-86.5566,2,-132.099,9,9,20,0,-999,-999,0
17.5,159,64,9,-86.5566,7,-136.913,9,10,20,0,-999,-999,0
17.5,159,64,9,-86.5566,5,-137.271,7,7,20,0,-999,-999,0
17.5,159,64,9,-86.5566,11,-137.815,10,10,10,1,-999,-999,0
17.5,161,56,5,-111.103,13,-90.8033,10,10,10,1,-999,-999,0
17.5,161,56,5,-111.103,7,-92.4456,9,10,20,0,-999,-999,0
17.5,161,56,5,-111.103,3,-110.256,7,7,20,0,-999,-999,0
17.5,161,56,5,-111.103,4,-117.512,3,3,20,0,-999,-999,0
17.5,161,56,5,-111.103,11,-118.815,10,10,10,1,-999,-999,0
17.5,161,56,5,-111.103,8,-121.485,10,11,20,0,-999,-999,0
17.5,161,56,5,-111.103,2,-128.46,9,9,20,0,-999,-999,0
17.5,161,56,5,-111.103,1,-129.984,8,9,20,0,-999,-999,0
17.5,161,56,5,-111.103,6,-133.203,8,9,20,0,-999,-999,0
17.5,161,56,5,-111.103,14,-133.408,10,10,10,1,-999,-999,0
17.5,161,56,5,-111.103,12,-133.711,10,10,10,1,-999,-999,0
17.5,161,56,5,-111.103,9,-133.84,10,10,10,1,-999,-999,0
17.5,161,56,5,-111.103,10,-136.564,9,9,10,1,-999,-999,0
17.5,164,72,10,-118.941,5,-105.389,7,7,20,0,-999,-999,0
17.5,164,72,10,-118.941,1,-115.686,8,9,20,0,-999,-999,0
17.5,164,72,10,-118.941,2,-117.263,9,9,20,0,-999,-999,0
17.5,164,72,10,-118.941,7,-120.815,9,10,20,0,-999,-999,0
17.5,164,72,10,-118.941,6,-121.486,8,9,20,0,-999,-999,0
17.5,164,72,10,-118.941,4,-122.011,3,3,20,0,-999,-999,0
17.5,164,72,10,-118.941,14,-124.164,10,10,10,1,-999,-999,0
17.5,164,72,10,-118.941,8,-125.964,10,11,20,0,-999,-999,0
17.5,164,72,10,-118.941,9,-138.713,10,10,10,1,-999,-999,0
17.5,164,72,10,-118.941,13,-139.228,10,10,10,1,-999,-999,0
17.5,164,72,10,-118.941,3,-141.933,7,7,20,0,-999,-999,0
17.5,164,72,10,-118.941,11,-141.994,10,10,10,1,-999,-999,0
17.5,164,72,10,-118.941,12,-148.336,10,10,10,1,-999,-999,0
17.5,165,31,9,-79.9768,6,-74.9669,8,9,20,0,-999,-999,0
17.5,165,31,9,-79.9768,1,-102.56,8,9,20,0,-999,-999,0
17.5,165,31,9,-79.9768,2,-110.92,9,9,20,0,-999,-999,0
17.5,165,31,9,-79.9768,8,-114.971,10,11,20,0,-999,-999,0
17.5,165,31,9,-79.9768,4,-118.562,3,3,20,0,-999,-999,0
17.5,165,31,9,-79.9768,10,-126.741,9,9,10,1,-999,-999,0
17.5,165,31,9,-79.9768,14,-127.405,10,10,10,1,-999,-999,0
17.5,165,31,9,-79.9768,3,-127.937,7,7,20,0,-999,-999,0
17.5,165,31,9,-79.9768,12,-130.891,10,10,10,1,-999,-999,0
17.5,165,31,9,-79.9768,7,-131.978,9,10,20,0,-999,-999,0
17.5,165,31,9,-79.9768,13,-134.297,10,10,10,1,-999,-999,0
17.5,165,31,9,-79.9768,5,-141.152,7,7,20,0,-999,-999,0
17.5,165,31,9,-79.9768,11,-142.454,10,10,10,1,-999,-999,0
17.5,167,16,4,-67.9503,12,-89.1999,10,10,10,1,-999,-999,0
17.5,167,16,4,-67.9503,14,-91.8661,10,10,10,1,-999,-999,0
17.5,167,16,4,-67.9503,1,-107.345,8,9,20,0,-999,-999,0
17.5,167,16,4,-67.9503,5,-118.561,7,7,20,0,-999,-999,0
17.5,167,16,4,-67.9503,6,-118.712,8,9,20,0,-999,-999,0
17.5,167,16,4,-67.9503,3,-118.769,7,7,20,0,-999,-999,0
17.5,167,16,4,-67.9503,8,-121.315,10,11,20,0,-999,-999,0
17.5,167,16,4,-67.9503,9,-121.919,10,10,10,1,-999,-999,0
17.5,167,16,4,-67.9503,13,-125.319,10,10,10,1,-999,-999,0
17.5,167,16,4,-67.9503,7,-127.901,9,10,20,0,-999,-999,0
17.5,167,16,4,-67.9503,2,-129.634,9,9,20,0,-999,-999,0
17.5,167,16,4,-67.9503,10,-131.058,9,9,10,1,-999,-999,0
17.5,167,16,4,-67.9503,11,-136.569,10,10,10,1,-999,-999,0
17.5,168,78,11,-77.6147,3,-93.5376,7,7,20,0,-999,-999,0
17.5,168,78,11,-77.6147,13,-94.5374,10,10,10,1,-999,-999,0
17.5,168,78,11,-77.6147,10,-104.506,9,9,10,1,-999,-999,0
17.5,168,78,11,-77.6147,14,-105.839,10,10,10,1,-999,-999,0
17.5,168,78,11,-77.6147,5,-131.217,7,7,20,0,-999,-999,0
17.5,168,78,11,-77.6147,4,-137.779,3,3,20,0,-999,-999,0
17.5,168,78,11,-77.6147,1,-142.81,8,9,20,0,-999,-999,0
17.5,168,78,11,-77.6147,7,-144.283,9,10,20,0,-999,-999,0
17.5,168,78,11,-77.6147,12,-144.475,10,10,10,1,-999,-999,0
17.5,168,78,11,-77.6147,8,-144.687,10,11,20,0,-999,-999,0
17.5,168,78,11,-77.6147,2,-149.265,9,9,20,0,-999,-999,0
17.5,168,78,11,-77.6147,6,-155.249,8,9,20,0,-999,-999,0
17.5,168,78,11,-77.6147,9,-159.093,10,10,10,1,-999,-999,0
17.5,172,15,10,-68.1569,8,-113.567,10,11,20,0,-999,-999,0
17.5,172,15,10,-68.1569,9,-114.48,10,10,10,1,-999,-999,0
17.5,172,15,10,-68.1569,6,-122.788,8,9,20,0,-999,-999,0
17.5,172,15,10,-68.1569,12,-123.077,10,10,10,1,-999,-999,0
17.5,172,15,10,-68.1569,7,-133.289,9,10,20,0,-999,-999,0
17.5,172,15,10,-68.1569,4,-134.103,3,3,20,0,-999,-999,0
17.5,172,15,10,-68.1569,1,-138.49,8,9,20,0,-999,-999,0
17.5,172,15,10,-68.1569,2,-140.757,9,9,20,0,-999,-999,0
17.5,172,15,10,-68.1569,5,-142.685,7,7,20,0,-999,-999,0
17.5,172,15,10,-68.1569,13,-146.422,10,10,10,1,-999,-999,0
17.5,172,15,10,-68.1569,11,-152.506,10,10,10,1,-999,-999,0
17.5,172,15,10,-68.1569,14,-155.062,10,10,10,1,-999,-999,0
17.5,172,15,10,-68.1569,3,-157.829,7,7,20,0,-999,-999,0
17.5,173,72,7,-106.211,3,-108.67,7,7,20,0,-999,-999,0
17.5,173,72,7,-106.211,1,-123.524,8,9,20,0,-999,-999,0
17.5,173,72,7,-106.211,4,-130.287,3,3,20,0,-999,-999,0
17.5,173,72,7,-106.211,10,-131.219,9,9,10,1,-999,-999,0
17.5,173,72,7,-106.211,8,-134.892,10,11,20,0,-999,-999,0
17.5,173,72,7,-106.211,13,-134.902,10,10,10,1,-999,-999,0
17.5,173,72,7,-106.211,2,-135.994,9,9,20,0,-999,-999,0
17.5,173,72,7,-106.211,12,-142.124,10,10,10,1,-999,-999,0
17.5,173,72,7,-106.211,5,-142.173,7,7,20,0,-999,-999,0
17.5,173,72,7,-106.211,14,-142.498,10,10,10,1,-999,-999,0
17.5,173,72,7,-106.211,11,-143.134,10,10,10,1,-999,-999,0
17.5,173,72,7,-106.211,6,-144.995,8,9,20,0,-999,-999,0
17.5,173,72,7,-106.211,9,-145.384,10,10,10,1,-999,-999,0
17.5,174,30,14,-125.514,8,-109.456,10,11,20,0,-999,-999,0
17.5,174,30,14,-125.514,10,-109.482,9,9,10,1,-999,-999,0
17.5,174,30,14,-125.514,2,-111.801,9,9,20,0,-999,-999,0
17.5,174,30,14,-125.514,4,-117.247,3,3,20,0,-999,-999,0
17.5,174,30,14,-125.514,5,-126.296,7,7,20,0,-999,-999,0
17.5,174,30,14,-125.514,12,-128.401,10,10,10,1,-999,-999,0
17.5,174,30,14,-125.514,11,-130.991,10,10,10,1,-999,-999,0
17.5,174,30,14,-125.514,3,-132.456,7,7,20,0,-999,-999,0
17.5,174,30,14,-125.514,9,-134.078,10,10,10,1,-999,-999,0
17.5,174,30,14,-125.514,6,-135.294,8,9,20,0,-999,-999,0
17.5,174,30,14,-125.514,13,-135.392,10,10,10,1,-999,-999,0
17.5,174,30,14,-125.514,1,-137.468,8,9,20,0,-999,-999,0
17.5,174,30,14,-125.514,7,-141.992,9,10,20,0,-999,-999,0
17.5,175,23,11,-80.1793,5,-95.1747,7,7,20,0,-999,-999,0
17.5,175,23,11,-80.1793,14,-100.745,10,10,10,1,-999,-999,0
17.5,175,23,11,-80.1793,9,-103.414,10,10,10,1,-999,-999,0
17.5,175,23,11,-80.1793,3,-109.016,7,7,20,0,-999,-999,0
17.5,175,23,11,-80.1793,7,-112.223,9,10,20,0,-999,-999,0
17.5,175,23,11,-80.1793,4,-116.352,3,3,20,0,-999,-999,0
17.5,175,23,11,-80.1793,13,-120.519,10,10,10,1,-999,-999,0
17.5,175,23,11,-80.1793,8,-124.944,10,11,20,0,-999,-999,0
17.5,175,23,11,-80.1793,10,-128.309,9,9,10,1,-999,-999,0
17.5,175,23,11,-80.1793,12,-129.902,10,10,10,1,-999,-999,0
17.5,175,23,11,-80.1793,2,-131.727,9,9,20,0,-999,-999,0
17.5,175,23,11,-80.1793,6,-132.114,8,9,20,0,-999,-999,0
17.5,175,23,11,-80.1793,1,-133.014,8,9,20,0,-999,-999,0
17.5,176,24,6,-62.0088,3,-86.5327,7,7,20,0,-999,-999,0
17.5,176,24,6,-62.0088,8,-99.5483,10,11,20,0,-999,-999,0
17.5,176,24,6,-62.0088,10,-105.344,9,9,10,1,-999,-999,0
17.5,176,24,6,-62.0088,2,-112.765,9,9,20,0,-999,-999,0
17.5,176,24,6,-62.0088,9,-113.764,10,10,10,1,-999,-999,0
17.5,176,24,6,-62.0088,1,-120.117,8,9,20,0,-999,-999,0
17.5,176,24,6,-62.0088,4,-121.844,3,3,20,0,-999,-999,0
17.5,176,24,6,-62.0088,5,-125.245,7,7,20,0,-999,-999,0
17.5,176,24,6,-62.0088,12,-126.37,10,10,10,1,-999,-999,0
17.5,176,24,6,-62.0088,11,-129.929,10,10,10,1,-999,-999,0
17.5,176,24,6,-62.0088,7,-132.14,9,10,20,0,-999,-999,0
17.5,176,24,6,-62.0088,13,-132.683,10,10,10,1,-999,-999,0
17.5,176,24,6,-62.0088,14,-137.178,10,10,10,1,-999,-999,0
17.5,179,39,7,-114.401,1,-84.724,8,9,20,0,-999,-999,0
17.5,179,39,7,-114.401,2,-87.141,9,9,20,0,-999,-999,0
17.5,179,39,7,-114.401,6,-88.5379,8,9,20,0,-999,-999,0
17.5,179,39,7,-114.401,4,-100.32,3,3,20,0,-999,-999,0
17.5,179,39,7,-114.401,8,-103.182,10,11,20,0,-999,-999,0
17.5,179,39,7,-114.401,5,-121.011,7,7,20,0,-999,-999,0
17.5,179,39,7,-114.401,10,-123.317,9,9,10,1,-999,-999,0
17.5,179,39,7,-114.401,9,-126.226,10,10,10,1,-999,-999,0
17.5,179,39,7,-114.401,13,-126.689,10,10,10,1,-999,-999,0
17.5,179,39,7,-114.401,12,-132.704,10,10,10,1,-999,-999,0
17.5,179,39,7,-114.401,14,-132.929,10,10,10,1,-999,-999,0
17.5,179,39,7,-114.401,3,-135.524,7,7,20,0,-999,-999,0
17.5,179,39,7,-114.401,11,-153.048,10,10,10,1,-999,-999,0
17.5,180,55,10,-112.483,13,-96.9622,10,10,10,1,-999,-999,0
17.5,180,55,10,-112.483,11,-104.478,10,10,10,1,-999,-999,0
17.5,180,55,10,-112.483,7,-118.287,9,10,20,0,-999,-999,0
17.5,180,55,10,-112.483,4,-122.33,3,3,20,0,-999,-999,0
17.5,180,55,10,-112.483,8,-123.592,10,11,20,0,-999,-999,0
17.5,180,55,10,-112.483,1,-126.192,8,9,20,0,-999,-999,0
17.5,180,55,10,-112.483,6,-131.769,8,9,20,0,-999,-999,0
17.5,180,55,10,-112.483,2,-131.815,9,9,20,0,-999,-999,0
17.5,180,55,10,-112.483,9,-134.55,10,10,10,1,-999,-999,0
17.5,180,55,10,-112.483,5,-135.117,7,7,20,0,-999,-999,0
17.5,180,55,10,-112.483,3,-140.038,7,7,20,0,-999,-999,0
17.5,180,55,10,-112.483,14,-141.594,10,10,10,1,-999,-999,0
17.5,180,55,10,-112.483,12,-143.48,10,10,10,1,-999,-999,0
17.5,181,24,11,-67.6639,3,-103.83,7,7,20,0,-999,-999,0
17.5,181,24,11,-67.6639,14,-110.676,10,10,10,1,-999,-999,0
17.5,181,24,11,-67.6639,8,-114.983,10,11,20,0,-999,-999,0
17.5,181,24,11,-67.6639,13,-119.139,10,10,10,1,-999,-999,0
17.5,181,24,11,-67.6639,2,-119.617,9,9,20,0,-999,-999,0
17.5,181,24,11,-67.6639,10,-121.743,9,9,10,1,-999,-999,0
17.5,181,24,11,-67.6639,5,-125.47,7,7,20,0,-999,-999,0
17.5,181,24,11,-67.6639,12,-146.382,10,10,10,1,-999,-999,0
17.5,181,24,11,-67.6639,1,-148.874,8,9,20,0,-999,-999,0
17.5,181,24,11,-67.6639,4,-149.794,3,3,20,0,-999,-999,0
17.5,181,24,11,-67.6639,6,-153.503,8,9,20,0,-999,-999,0
17.5,181,24,11,-67.6639,9,-154.419,10,10,10,1,-999,-999,0
17.5,181,24,11,-67.6639,7,-155.654,9,10,20,0,-999,-999,0
17.5,185,71,8,-108.762,1,-88.7309,8,9,20,0,-999,-999,0
17.5,185,71,8,-108.762,11,-91.1595,10,10,10,1,-999,-999,0
17.5,185,71,8,-108.762,6,-94.0971,8,9,20,0,-999,-999,0
17.5,185,71,8,-108.762,12,-100.417,10,10,10,1,-999,-999,0
17.5,185,71,8,-108.762,10,-117.381,9,9,10,1,-999,-999,0
17.5,185,71,8,-108.762,5,-123.685,7,7,20,0,-999,-999,0
17.5,185,71,8,-108.762,3,-124.669,7,7,20,0,-999,-999,0
17.5,185,71,8,-108.762,2,-126.161,9,9,20,0,-999,-999,0
17.5,185,71,8,-108.762,13,-126.727,10,10,10,1,-999,-999,0
17.5,185,71,8,-108.762,4,-128.683,3,3,20,0,-999,-999,0
17.5,185,71,8,-108.762,7,-128.985,9,10,20,0,-999,-999,0
17.5,185,71,8,-108.762,9,-130.359,10,10,10,1,-999,-999,0
17.5,185,71,8,-108.762,14,-132.741,10,10,10,1,-999,-999,0
17.5,188,29,2,-114.369,9,-89.1333,10,10,10,1,-999,-999,0
17.5,188,29,2,-114.369,14,-106.184,10,10,10,1,-999,-999,0
17.5,188,29,2,-114.369,7,-106.312,9,10,20,0,-999,-999,0
17.5,188,29,2,-114.369,8,-110.697,10,11,20,0,-999,-999,0
17.5,188,29,2,-114.369,10,-120.253,9,9,10,1,-999,-999,0
17.5,188,29,2,-114.369,1,-120.589,8,9,20,0,-999,-999,0
17.5,188,29,2,-114.369,6,-125.945,8,9,20,0,-999,-999,0
17.5,188,29,2,-114.369,13,-128.062,10,10,10,1,-999,-999,0
17.5,188,29,2,-114.369,4,-129.51,3,3,20,0,-999,-999,0
17.5,188,29,2,-114.369,3,-130.006,7,7,20,0,-999,-999,0
17.5,188,29,2,-114.369,5,-134.249,7,7,20,0,-999,-999,0
17.5,188,29,2,-114.369,12,-140.932,10,10,10,1,-999,-999,0
17.5,188,29,2,-114.369,11,-142.522,10,10,10,1,-999,-999,0
17.5,191,61,12,-105.477,2,-115.927,9,9,20,0,-999,-999,0
17.5,191,61,12,-105.477,14,-115.952,10,10,10,1,-999,-999,0
17.5,191,61,12,-105.477,1,-116.005,8,9,20,0,-999,-999,0
17.5,191,61,12,-105.477,10,-123.29,9,9,10,1,-999,-999,0
17.5,191,61,12,-105.477,11,-133.951,10,10,10,1,-999,-999,0
17.5,191,61,12,-105.477,9,-134.878,10,10,10,1,-999,-999,0
17.5,191,61,12,-105.477,3,-139.348,7,7,20,0,-999,-999,0
17.5,191,61,12,-105.477,7,-141.902,9,10,20,0,-999,-999,0
17.5,191,61,12,-105.477,6,-142.724,8,9,20,0,-999,-999,0
17.5,191,61,12,-105.477,4,-143.93,3,3,20,0,-999,-999,0
17.5,191,61,12,-105.477,8,-144.463,10,11,20,0,-999,-999,0
17.5,191,61,12,-105.477,5,-145.441,7,7,20,0,-999,-999,0
17.5,191,61,12,-105.477,13,-145.765,10,10,10,1,-999,-999,0
17.5,193,15,13,-124.244,3,-81.6791,7,7,20,0,-999,-999,0
17.5,193,15,13,-124.244,8,-88.456,10,11,20,0,-999,-999,0
17.5,193,15,13,-124.244,11,-90.5868,10,10,10,1,-999,-999,0
17.5,193,15,13,-124.244,5,-105.53,7,7,20,0,-999,-999,0
17.5,193,15,13,-124.244,7,-106.544,9,10,20,0,-999,-999,0
17.5,193,15,13,-124.244,6,-115.334,8,9,20,0,-999,-999,0
17.5,193,15,13,-124.244,2,-117.977,9,9,20,0,-999,-999,0
17.5,193,15,13,-124.244,12,-119.17,10,10,10,1,-999,-999,0
17.5,193,15,13,-124.244,4,-124.329,3,3,20,0,-999,-999,0
17.5,193,15,13,-124.244,14,-133.64,10,10,10,1,-999,-999,0
17.5,193,15,13,-124.244,1,-135.957,8,9,20,0,-999,-999,0
17.5,193,15,13,-124.244,9,-137.791,10,10,10,1,-999,-999,0
17.5,193,15,13,-124.244,10,-148.713,9,9,10,1,-999,-999,0
17.5,194,79,9,-118.594,7,-84.1122,9,10,20,0,-999,-999,0
17.5,194,79,9,-118.594,14,-93.2412,10,10,10,1,-999,-999,0
17.5,194,79,9,-118.594,2,-97.5576,9,9,20,0,-999,-999,0
17.5,194,79,9,-118.594,6,-109.662,8,9,20,0,-999,-999,0
17.5,194,79,9,-118.594,10,-122.227,9,9,10,1,-999,-999,0
17.5,194,79,9,-118.594,1,-124.011,8,9,20,0,-999,-999,0
17.5,194,79,9,-118.594,4,-126.6,3,3,20,0,-999,-999,0
17.5,194,79,9,-118.594,12,-130.007,10,10,10,1,-999,-999,0
17.5,194,79,9,-118.594,13,-131.076,10,10,10,1,-999,-999,0
17.5,194,79,9,-118.594,11,-138.333,10,10,10,1,-999,-999,0
17.5,194,79,9,-118.594,3,-139.303,7,7,20,0,-999,-999,0
17.5,194,79,9,-118.594,8,-139.558,10,11,20,0,-999,-999,0
17.5,194,79,9,-118.594,5,-141.198,7,7,20,0,-999,-999,0
17.5,195,8,1,-107.089,10,-91.6699,9,9,10,1,-999,-999,0
17.5,195,8,1,-107.089,12,-93.4844,10,10,10,1,-999,-999,0
17.5,195,8,1,-107.089,14,-98.2008,10,10,10,1,-999,-999,0
17.5,195,8,1,-107.089,4,-99.4718,3,3,20,0,-999,-999,0
17.5,195,8,1,-107.089,8,-104.198,10,11,20,0,-999,-999,0
17.5,195,8,1,-107.089,11,-105.614,10,10,10,1,-999,-999,0
17.5,195,8,1,-107.089,9,-108.681,10,10,10,1,-999,-999,0
17.5,195,8,1,-107.089,2,-109.983,9,9,20,0,-999,-999,0
17.5,195,8,1,-107.089,7,-123.551,9,10,20,0,-999,-999,0
17.5,195,8,1,-107.089,6,-130.819,8,9,20,0,-999,-999,0
17.5,195,8,1,-107.089,13,-134.608,10,10,10,1,-999,-999,0
17.5,195,8,1,-107.089,5,-137.245,7,7,20,0,-999,-999,0
17.5,195,8,1,-107.089,3,-139.751,7,7,20,0,-999,-999,0
17.5,196,15,8,-101.158,13,-84.7521,10,10,10,1,-999,-999,0
17.5,196,15,8,-101.158,6,-86.3809,8,9,20,0,-999,-999,0
17.5,196,15,8,-101.158,11,-106.403,10,10,10,1,-999,-999,0
17.5,196,15,8,-101.158,4,-109.621,3,3,20,0,-999,-999,0
17.5,196,15,8,-101.158,3,-122.408,7,7,20,0,-999,-999,0
17.5,196,15,8,-101.158,5,-122.577,7,7,20,0,-999,-999,0
17.5,196,15,8,-101.158,9,-122.64,10,10,10,1,-999,-999,0
17.5,196,15,8,-101.158,14,-127.817,10,10,10,1,-999,-999,0
17.5,196,15,8,-101.158,12,-128.498,10,10,10,1,-999,-999,0
17.5,196,15,8,-101.158,1,-134.413,8,9,20,0,-999,-999,0
17.5,196,15,8,-101.158,10,-136.342,9,9,10,1,-999,-999,0
17.5,196,15,8,-101.158,2,-137.176,9,9,20,0,-999,-999,0
17.5,196,15,8,-101.158,7,-141.906,9,10,20,0,-999,-999,0
17.5,198,32,9,-76.8683,6,-112.133,8,9,20,0,-999,-999,0
17.5,198,32,9,-76.8683,4,-121.815,3,3,20,0,-999,-999,0
17.5,198,32,9,-76.8683,3,-130.781,7,7,20,0,-999,-999,0
17.5,198,32,9,-76.8683,2,-133.735,9,9,20,0,-999,-999,0
17.5,198,32,9,-76.8683,12,-133.934,10,10,10,1,-999,-999,0
17.5,198,32,9,-76.8683,13,-136.53,10,10,10,1,-999,-999,0
17.5,198,32,9,-76.8683,10,-137.214,9,9,10,1,-999,-999,0
17.5,198,32,9,-76.8683,1,-137.329,8,9,20,0,-999,-999,0
17.5,198,32,9,-76.8683,14,-137.605,10,10,10,1,-999,-999,0
17.5,198,32,9,-76.8683,8,-143.044,10,11,20,0,-999,-999,0
17.5,198,32,9,-76.8683,11,-144.099,10,10,10,1,-999,-999,0
17.5,198,32,9,-76.8683,5,-144.26,7,7,20,0,-999,-999,0
17.5,198,32,9,-76.8683,7,-144.977,9,10,20,0,-999,-999,0
17.5,199,79,11,-72.7141,5,-117.329,7,7,20,0,-999,-999,0
17.5,199,79,11,-72.7141,14,-130.214,10,10,10,1,-999,-999,0
17.5,199,79,11,-72.7141,4,-130.399,3,3,20,0,-999,-999,0
17.5,199,79,11,-72.7141,3,-136.53,7,7,20,0,-999,-999,0
17.5,199,79,11,-72.7141,13,-137.272,10,10,10,1,-999,-999,0
17.5,199,79,11,-72.7141,8,-141.625,10,11,20,0,-999,-999,0
17.5,199,79,11,-72.7141,12,-142.666,10,10,10,1,-999,-999,0
17.5,199,79,11,-72.7141,1,-143.86,8,9,20,0,-999,-999,0
17.5,199,79,11,-72.7141,9,-144.238,10,10,10,1,-999,-999,0
17.5,199,79,11,-72.7141,6,-145.184,8,9,20,0,-999,-999,0
17.5,199,79,11,-72.7141,10,-147.253,9,9,10,1,-999,-999,0
17.5,199,79,11,-72.7141,2,-150.568,9,9,20,0,-999,-999,0
17.5,199,79,11,-72.7141,7,-152.654,9,10,20,0,-999,-999,0
17.5,200,47,2,-105.378,7,-78.404,9,10,20,0,-999,-999,0
17.5,200,47,2,-105.378,8,-89.8492,10,11,20,0,-999,-999,0
17.5,200,47,2,-105.378,3,-107.517,7,7,20,0,-999,-999,0
17.5,200,47,2,-105.378,13,-107.785,10,10,10,1,-999,-999,0
17.5,200,47,2,-105.378,1,-110.073,8,9,20,0,-999,-999,0
17.5,200,47,2,-105.378,10,-117.78,9,9,10,1,-999,-999,0
17.5,200,47,2,-105.378,6,-123.519,8,9,20,0,-999,-999,0
17.5,200,47,2,-105.378,4,-124.353,3,3,20,0,-999,-999,0
17.5,200,47,2,-105.378,9,-132.12,10,10,10,1,-999,-999,0
17.5,200,47,2,-105.378,5,-132.195,7,7,20,0,-999,-999,0
17.5,200,47,2,-105.378,14,-138.923,10,10,10,1,-999,-999,0
17.5,200,47,2,-105.378,12,-146,10,10,10,1,-999,-999,0
17.5,200,47,2,-105.378,11,-148.602,10,10,10,1,-999,-999,0
17.5,204,51,1,-129.124,5,-91.2935,7,7,20,0,-999,-999,0
17.5,204,51,1,-129.124,11,-95.1001,10,10,10,1,-999,-999,0
17.5,204,51,1,-129.124,14,-95.8835,10,10,10,1,-999,-999,0
17.5,204,51,1,-129.124,10,-101.507,9,9,10,1,-999,-999,0
17.5,204,51,1,-129.124,6,-108.799,8,9,20,0,-999,-999,0
17.5,204,51,1,-129.124,2,-117.763,9,9,20,0,-999,-999,0
17.5,204,51,1,-129.124,4,-121.01,3,3,20,0,-999,-999,0
17.5,204,51,1,-129.124,9,-122.355,10,10,10,1,-999,-999,0
17.5,204,51,1,-129.124,7,-125.373,9,10,20,0,-999,-999,0
17.5,204,51,1,-129.124,3,-125.748,7,7,20,0,-999,-999,0
17.5,204,51,1,-129.124,8,-132.843,10,11,20,0,-999,-999,0
17.5,204,51,1,-129.124,12,-134.622,10,10,10,1,-999,-999,0
17.5,204,51,1,-129.124,13,-136.159,10,10,10,1,-999,-999,0
17.5,205,79,13,-85.794,5,-92.6017,7,7,20,0,-999,-999,0
17.5,205,79,13,-85.794,11,-97.1048,10,10,10,1,-999,-999,0
17.5,205,79,13,-85.794,1,-107.904,8,9,20,0,-999,-999,0
17.5,205,79,13,-85.794,4,-119.511,3,3,20,0,-999,-999,0
17.5,205,79,13,-85.794,8,-123.734,10,11,20,0,-999,-999,0
17.5,205,79,13,-85.794,10,-130.868,9,9,10,1,-999,-999,0
17.5,205,79,13,-85.794,3,-135.082,7,7,20,0,-999,-999,0
17.5,205,79,13,-85.794,7,-136.95,9,10,20,0,-999,-999,0
17.5,205,79,13,-85.794,6,-140.041,8,9,20,0,-999,-999,0
17.5,205,79,13,-85.794,14,-141.973,10,10,10,1,-999,-999,0
17.5,205,79,13,-85.794,12,-141.99,10,10,10,1,-999,-999,0
17.5,205,79,13,-85.794,9,-142.349,10,10,10,1,-999,-999,0
17.5,205,79,13,-85.794,2,-154.528,9,9,20,0,-999,-999,0
17.5,206,15,5,-89.1913,14,-84.9535,10,10,10,1,-999,-999,0
17.5,206,15,5,-89.1913,11,-90.5433,10,10,10,1,-999,-999,0
17.5,206,15,5,-89.1913,9,-119.091,10,10,10,1,-999,-999,0
17.5,206,15,5,-89.1913,3,-124.421,7,7,20,0,-999,-999,0
17.5,206,15,5,-89.1913,13,-126.488,10,10,10,1,-999,-999,0
17.5,206,15,5,-89.1913,8,-129.716,10,11,20,0,-999,-999,0
17.5,206,15,5,-89.1913,12,-131.974,10,10,10,1,-999,-999,0
17.5,206,15,5,-89.1913,4,-133.05,3,3,20,0,-999,-999,0
17.5,206,15,5,-89.1913,6,-134.385,8,9,20,0,-999,-999,0
17.5,206,15,5,-89.1913,2,-140.72,9,9,20,0,-999,-999,0
17.5,206,15,5,-89.1913,10,-140.745,9,9,10,1,-999,-999,0
17.5,206,15,5,-89.1913,7,-142.491,9,10,20,0,-999,-999,0
17.5,206,15,5,-89.1913,1,-143.405,8,9,20,0,-999,-999,0
17.5,207,16,12,-75.4395,14,-95.2758,10,10,10,1,-999,-999,0
17.5,207,16,12,-75.4395,6,-110.021,8,9,20,0,-999,-999,0
17.5,207,16,12,-75.4395,13,-127.341,10,10,10,1,-999,-999,0
17.5,207,16,12,-75.4395,9,-128.99,10,10,10,1,-999,-999,0
17.5,207,16,12,-75.4395,3,-132.08,7,7,20,0,-999,-999,0
17.5,207,16,12,-75.4395,4,-133.912,3,3,20,0,-999,-999,0
17.5,207,16,12,-75.4395,8,-137.772,10,11,20,0,-999,-999,0
17.5,207,16,12,-75.4395,11,-138.741,10,10,10,1,-999,-999,0
17.5,207,16,12,-75.4395,10,-138.953,9,9,10,1,-999,-999,0
17.5,207,16,12,-75.4395,5,-139.633,7,7,20,0,-999,-999,0
17.5,207,16,12,-75.4395,1,-140.95,8,9,20,0,-999,-999,0
17.5,207,16,12,-75.4395,2,-144.731,9,9,20,0,-999,-999,0
17.5,207,16,12,-75.4395,7,-148.554,9,10,20,0,-999,-999,0
17.5,209,38,5,-71.4552,3,-89.9192,7,7,20,0,-999,-999,0
17.5,209,38,5,-71.4552,11,-91.718,10,10,10,1,-999,-999,0
17.5,209,38,5,-71.4552,8,-94.1309,10,11,20,0,-999,-999,0
17.5,209,38,5,-71.4552,4,-96.0834,3,3,20,0,-999,-999,0
17.5,209,38,5,-71.4552,13,-102.513,10,10,10,1,-999,-999,0
17.5,209,38,5,-71.4552,1,-129.506,8,9,20,0,-999,-999,0
17.5,209,38,5,-71.4552,14,-131.804,10,10,10,1,-999,-999,0
17.5,209,38,5,-71.4552,6,-133.73,8,9,20,0,-999,-999,0
17.5,209,38,5,-71.4552,2,-135.388,9,9,20,0,-999,-999,0
17.5,209,38,5,-71.4552,10,-136.867,9,9,10,1,-999,-999,0
17.5,209,38,5,-71.4552,12,-137.79,10,10,10,1,-999,-999,0
17.5,209,38,5,-71.4552,7,-139.339,9,10,20,0,-999,-999,0
17.5,209,38,5,-71.4552,9,-142.704,10,10,10,1,-999,-999,0
17.5,210,24,4,-118.797,13,-83.1461,10,10,10,1,-999,-999,0
17.5,210,24,4,-118.797,1,-97.3198,8,9,20,0,-999,-999,0
17.5,210,24,4,-118.797,2,-102.327,9,9,20,0,-999,-999,0
17.5,210,24,4,-118.797,3,-109.666,7,7,20,0,-999,-999,0
17.5,210,24,4,-118.797,9,-111.054,10,10,10,1,-999,-999,0
17.5,210,24,4,-118.797,5,-121.753,7,7,20,0,-999,-999,0
17.5,210,24,4,-118.797,14,-122.199,10,10,10,1,-999,-999,0
17.5,210,24,4,-118.797,8,-123.755,10,11,20,0,-999,-999,0
17.5,210,24,4,-118.797,6,-126.327,8,9,20,0,-999,-999,0
17.5,210,24,4,-118.797,12,-127.754,10,10,10,1,-999,-999,0
17.5,210,24,4,-118.797,7,-127.916,9,10,20,0,-999,-999,0
17.5,210,24,4,-118.797,10,-128.251,9,9,10,1,-999,-999,0
17.5,210,24,4,-118.797,11,-132.959,10,10,10,1,-999,-999,0
17.5,212,31,14,-119.863,4,-75.6216,3,3,20,0,-999,-999,0
17.5,212,31,14,-119.863,6,-80.2181,8,9,20,0,-999,-999,0
17.5,212,31,14,-119.863,1,-105.133,8,9,20,0,-999,-999,0
17.5,212,31,14,-119.863,8,-116.604,10,11,20,0,-999,-999,0
17.5,212,31,14,-119.863,9,-119.504,10,10,10,1,-999,-999,0
17.5,212,31,14,-119.863,12,-120.732,10,10,10,1,-999,-999,0
17.5,212,31,14,-119.863,13,-121.105,10,10,10,1,-999,-999,0
17.5,212,31,14,-119.863,3,-124.473,7,7,20,0,-999,-999,0
17.5,212,31,14,-119.863,2,-132.086,9,9,20,0,-999,-999,0
17.5,212,31,14,-119.863,7,-132.097,9,10,20,0,-999,-999,0
17.5,212,31,14,-119.863,5,-132.296,7,7,20,0,-999,-999,0
17.5,212,31,14,-119.863,10,-134.735,9,9,10,1,-999,-999,0
17.5,212,31,14,-119.863,11,-139.208,10,10,10,1,-999,-999,0
17.5,216,23,3,-101.369,13,-79.381,10,10,10,1,-999,-999,0
17.5,216,23,3,-101.369,5,-100.869,7,7,20,0,-999,-999,0
17.5,216,23,3,-101.369,7,-103.662,9,10,20,0,-999,-999,0
17.5,216,23,3,-101.369,10,-106.045,9,9,10,1,-999,-999,0
17.5,216,23,3,-101.369,8,-115.928,10,11,20,0,-999,-999,0
17.5,216,23,3,-101.369,14,-115.937,10,10,10,1,-999,-999,0
17.5,216,23,3,-101.369,4,-124.762,3,3,20,0,-999,-999,0
17.5,216,23,3,-101.369,11,-127.756,10,10,10,1,-999,-999,0
17.5,216,23,3,-101.369,9,-133.414,10,10,10,1,-999,-999,0
17.5,216,23,3,-101.369,12,-135.713,10,10,10,1,-999,-999,0
17.5,216,23,3,-101.369,1,-136.962,8,9,20,0,-999,-999,0
17.5,216,23,3,-101.369,6,-137.994,8,9,20,0,-999,-999,0
17.5,216,23,3,-101.369,2,-140.727,9,9,20,0,-999,-999,0
17.5,217,62,12,-127.021,3,-91.6434,7,7,20,0,-999,-999,0
17.5,217,62,12,-127.021,1,-102.659,8,9,20,0,-999,-999,0
17.5,217,62,12,-127.021,9,-114.556,10,10,10,1,-999,-999,0
17.5,217,62,12,-127.021,4,-115.924,3,3,20,0,-999,-999,0
17.5,217,62,12,-127.021,13,-117.369,10,10,10,1,-999,-999,0
17.5,217,62,12,-127.021,14,-118.464,10,10,10,1,-999,-999,0
17.5,217,62,12,-127.021,8,-123.496,10,11,20,0,-999,-999,0
17.5,217,62,12,-127.021,7,-126.594,9,10,20,0,-999,-999,0
17.5,217,62,12,-127.021,11,-127.373,10,10,10,1,-999,-999,0
17.5,217,62,12,-127.021,5,-127.57,7,7,20,0,-999,-999,0
17.5,217,62,12,-127.021,10,-131.736,9,9,10,1,-999,-999,0
17.5,217,62,12,-127.021,6,-132.213,8,9,20,0,-999,-999,0
17.5,217,62,12,-127.021,2,-142.782,9,9,20,0,-999,-999,0
17.5,219,56,7,-103.586,6,-93.3496,8,9,20,0,-999,-999,0
17.5,219,56,7,-103.586,3,-112.074,7,7,20,0,-999,-999,0
17.5,219,56,7,-103.586,14,-117.273,10,10,10,1,-999,-999,0
17.5,219,56,7,-103.586,1,-121.381,8,9,20,0,-999,-999,0
17.5,219,56,7,-103.586,2,-126.792,9,9,20,0,-999,-999,0
17.5,219,56,7,-103.586,10,-129.081,9,9,10,1,-999,-999,0
17.5,219,56,7,-103.586,9,-129.399,10,10,10,1,-999,-999,0
17.5,219,56,7,-103.586,8,-136.928,10,11,20,0,-999,-999,0
17.5,219,56,7,-103.586,13,-137.887,10,10,10,1,-999,-999,0
17.5,219,56,7,-103.586,12,-142.544,10,10,10,1,-999,-999,0
17.5,219,56,7,-103.586,4,-145.374,3,3,20,0,-999,-999,0
17.5,219,56,7,-103.586,11,-152.188,10,10,10,1,-999,-999,0
17.5,219,56,7,-103.586,5,-163.715,7,7,20,0,-999,-999,0
17.5,220,48,5,-113.596,9,-105.061,10,10,10,1,-999,-999,0
17.5,220,48,5,-113.596,3,-107.369,7,7,20,0,-999,-999,0
17.5,220,48,5,-113.596,11,-119.964,10,10,10,1,-999,-999,0
17.5,220,48,5,-113.596,4,-120.068,3,3,20,0,-999,-999,0
17.5,220,48,5,-113.596,13,-123.093,10,10,10,1,-999,-999,0
17.5,220,48,5,-113.596,1,-124.471,8,9,20,0,-999,-999,0
17.5,220,48,5,-113.596,6,-126.323,8,9,20,0,-999,-999,0
17.5,220,48,5,-113.596,7,-130.544,9,10,20,0,-999,-999,0
17.5,220,48,5,-113.596,8,-133.1,10,11,20,0,-999,-999,0
17.5,220,48,5,-113.596,14,-133.612,10,10,10,1,-999,-999,0
17.5,220,48,5,-113.596,2,-134.331,9,9,20,0,-999,-999,0
17.5,220,48,5,-113.596,12,-138.847,10,10,10,1,-999,-999,0
17.5,220,48,5,-113.596,10,-139.151,9,9,10,1,-999,-999,0
17.5,221,16,10,-64.8241,1,-106.164,8,9,20,0,-999,-999,0
17.5,221,16,10,-64.8241,13,-110.133,10,10,10,1,-999,-999,0
17.5,221,16,10,-64.8241,14,-113.829,10,10,10,1,-999,-999,0
17.5,221,16,10,-64.8241,7,-116.412,9,10,20,0,-999,-999,0
17.5,221,16,10,-64.8241,6,-131.673,8,9,20,0,-999,-999,0
17.5,221,16,10,-64.8241,2,-134.837,9,9,20,0,-999,-999,0
17.5,221,16,10,-64.8241,8,-135.996,10,11,20,0,-999,-999,0
17.5,221,16,10,-64.8241,4,-138.598,3,3,20,0,-999,-999,0
17.5,221,16,10,-64.8241,3,-144.627,7,7,20,0,-999,-999,0
17.5,221,16,10,-64.8241,11,-147.739,10,10,10,1,-999,-999,0
17.5,221,16,10,-64.8241,9,-148.415,10,10,10,1,-999,-999,0
17.5,221,16,10,-64.8241,5,-149.734,7,7,20,0,-999,-999,0
17.5,221,16,10,-64.8241,12,-153.794,10,10,10,1,-999,-999,0
17.5,223,40,7,-80.5458,2,-83.9472,9,9,20,0,-999,-999,0
17.5,223,40,7,-80.5458,1,-108.197,8,9,20,0,-999,-999,0
17.5,223,40,7,-80.5458,14,-112.565,10,10,10,1,-999,-999,0
17.5,223,40,7,-80.5458,13,-114.965,10,10,10,1,-999,-999,0
17.5,223,40,7,-80.5458,3,-123.304,7,7,20,0,-999,-999,0
17.5,223,40,7,-80.5458,12,-124.385,10,10,10,1,-999,-999,0
17.5,223,40,7,-80.5458,4,-124.651,3,3,20,0,-999,-999,0
17.5,223,40,7,-80.5458,6,-126.564,8,9,20,0,-999,-999,0
17.5,223,40,7,-80.5458,8,-127.836,10,11,20,0,-999,-999,0
17.5,223,40,7,-80.5458,10,-134.048,9,9,10,1,-999,-999,0
17.5,223,40,7,-80.5458,11,-137.072,10,10,10,1,-999,-999,0
17.5,223,40,7,-80.5458,5,-138.657,7,7,20,0,-999,-999,0
17.5,223,40,7,-80.5458,9,-142.068,10,10,10,1,-999,-999,0
17.5,224,24,3,-116.673,9,-96.5299,10,10,10,1,-999,-999,0
17.5,224,24,3,-116.673,4,-110.844,3,3,20,0,-999,-999,0
17.5,224,24,3,-116.673,6,-114.002,8,9,20,0,-999,-999,0
17.5,224,24,3,-116.673,2,-116.2,9,9,20,0,-999,-999,0
17.5,224,24,3,-116.673,10,-122.416,9,9,10,1,-999,-999,0
17.5,224,24,3,-116.673,13,-126.565,10,10,10,1,-999,-999,0
17.5,224,24,3,-116.673,1,-128.011,8,9,20,0,-999,-999,0
17.5,224,24,3,-116.673,8,-128.023,10,11,20,0,-999,-999,0
17.5,224,24,3,-116.673,11,-128.301,10,10,10,1,-999,-999,0
17.5,224,24,3,-116.673,7,-130.231,9,10,20,0,-999,-999,0
17.5,224,24,3,-116.673,12,-136.196,10,10,10,1,-999,-999,0
17.5,224,24,3,-116.673,14,-136.21,10,10,10,1,-999,-999,0
17.5,224,24,3,-116.673,5,-139.734,7,7,20,0,-999,-999,0
17.5,226,33,7,-66.4337,8,-94.2461,10,11,20,0,-999,-999,0
17.5,226,33,7,-66.4337,3,-95.5673,7,7,20,0,-999,-999,0
17.5,226,33,7,-66.4337,9,-117.906,10,10,10,1,-999,-999,0
17.5,226,33,7,-66.4337,10,-119.756,9,9,10,1,-999,-999,0
17.5,226,33,7,-66.4337,4,-125.457,3,3,20,0,-999,-999,0
17.5,226,33,7,-66.4337,1,-128.439,8,9,20,0,-999,-999,0
17.5,226,33,7,-66.4337,2,-132.112,9,9,20,0,-999,-999,0
17.5,226,33,7,-66.4337,5,-135.693,7,7,20,0,-999,-999,0
17.5,226,33,7,-66.4337,13,-136.421,10,10,10,1,-999,-999,0
17.5,226,33,7,-66.4337,6,-139.331,8,9,20,0,-999,-999,0
17.5,226,33,7,-66.4337,11,-147.929,10,10,10,1,-999,-999,0
17.5,226,33,7,-66.4337,12,-151.836,10,10,10,1,-999,-999,0
17.5,226,33,7,-66.4337,14,-152.593,10,10,10,1,-999,-999,0
17.5,227,80,14,-67.056,5,-97.6412,7,7,20,0,-999,-999,0
17.5,227,80,14,-67.056,4,-101.517,3,3,20,0,-999,-999,0
17.5,227,80,14,-67.056,12,-102.488,10,10,10,1,-999,-999,0
17.5,227,80,14,-67.056,3,-104.19,7,7,20,0,-999,-999,0
17.5,227,80,14,-67.056,6,-108.337,8,9,20,0,-999,-999,0
17.5,227,80,14,-67.056,1,-116.037,8,9,20,0,-999,-999,0
17.5,227,80,14,-67.056,9,-135.466,10,10,10,1,-999,-999,0
17.5,227,80,14,-67.056,8,-139.22,10,11,20,0,-999,-999,0
17.5,227,80,14,-67.056,11,-140.045,10,10,10,1,-999,-999,0
17.5,227,80,14,-67.056,2,-142.784,9,9,20,0,-999,-999,0
17.5,227,80,14,-67.056,13,-146.195,10,10,10,1,-999,-999,0
17.5,227,80,14,-67.056,10,-146.205,9,9,10,1,-999,-999,0
17.5,227,80,14,-67.056,7,-150.527,9,10,20,0,-999,-999,0
17.5,228,64,7,-64.575,3,-103.972,7,7,20,0,-999,-999,0
17.5,228,64,7,-64.575,12,-105.398,10,10,10,1,-999,-999,0
17.5,228,64,7,-64.575,11,-107.417,10,10,10,1,-999,-999,0
17.5,228,64,7,-64.575,9,-121.616,10,10,10,1,-999,-999,0
17.5,228,64,7,-64.575,10,-125.853,9,9,10,1,-999,-999,0
17.5,228,64,7,-64.575,4,-126.863,3,3,20,0,-999,-999,0
17.5,228,64,7,-64.575,1,-127.812,8,9,20,0,-999,-999,0
17.5,228,64,7,-64.575,8,-133.754,10,11,20,0,-999,-999,0
17.5,228,64,7,-64.575,13,-134.429,10,10,10,1,-999,-999,0
17.5,228,64,7,-64.575,2,-135.607,9,9,20,0,-999,-999,0
17.5,228,64,7,-64.575,6,-137.064,8,9,20,0,-999,-999,0
17.5,228,64,7,-64.575,5,-146.651,7,7,20,0,-999,-999,0
17.5,228,64,7,-64.575,14,-150.931,10,10,10,1,-999,-999,0
17.5,229,43,11,-125.778,5,-97.9881,7,7,20,0,-999,-999,0
17.5,229,43,11,-125.778,9,-117.462,10,10,10,1,-999,-999,0
17.5,229,43,11,-125.778,4,-127.545,3,3,20,0,-999,-999,0
17.5,229,43,11,-125.778,13,-128.401,10,10,10,1,-999,-999,0
17.5,229,43,11,-125.778,12,-131.147,10,10,10,1,-999,-999,0
17.5,229,43,11,-125.778,8,-132.903,10,11,20,0,-999,-999,0
17.5,229,43,11,-125.778,3,-134.327,7,7,20,0,-999,-999,0
17.5,229,43,11,-125.778,10,-137.701,9,9,10,1,-999,-999,0
17.5,229,43,11,-125.778,1,-138.474,8,9,20,0,-999,-999,0
17.5,229,43,11,-125.778,7,-138.633,9,10,20,0,-999,-999,0
17.5,229,43,11,-125.778,2,-141.8,9,9,20,0,-999,-999,0
17.5,229,43,11,-125.778,14,-147.972,10,10,10,1,-999,-999,0
17.5,229,43,11,-125.778,6,-152.579,8,9,20,0,-999,-999,0
17.5,230,30,12,-133.999,4,-86.7647,3,3,20,0,-999,-999,0
17.5,230,30,12,-133.999,14,-90.0738,10,10,10,1,-999,-999,0
17.5,230,30,12,-133.999,3,-113.692,7,7,20,0,-999,-999,0
17.5,230,30,12,-133.999,8,-114.734,10,11,20,0,-999,-999,0
17.5,230,30,12,-133.999,13,-116.226,10,10,10,1,-999,-999,0
17.5,230,30,12,-133.999,9,-121.241,10,10,10,1,-999,-999,0
17.5,230,30,12,-133.999,11,-121.941,10,10,10,1,-999,-999,0
17.5,230,30,12,-133.999,5,-124.53,7,7,20,0,-999,-999,0
17.5,230,30,12,-133.999,6,-129.567,8,9,20,0,-999,-999,0
17.5,230,30,12,-133.999,1,-129.579,8,9,20,0,-999,-999,0
17.5,230,30,12,-133.999,2,-134.295,9,9,20,0,-999,-999,0
17.5,230,30,12,-133.999,10,-144.161,9,9,10,1,-999,-999,0
17.5,230,30,12,-133.999,7,-145.781,9,10,20,0,-999,-999,0
17.5,231,8,7,-93.2896,2,-94.2024,9,9,20,0,-999,-999,0
17.5,231,8,7,-93.2896,14,-97.0275,10,10,10,1,-999,-999,0
17.5,231,8,7,-93.2896,12,-101.29,10,10,10,1,-999,-999,0
17.5,231,8,7,-93.2896,1,-120.411,8,9,20,0,-999,-999,0
17.5,231,8,7,-93.2896,10,-124.474,9,9,10,1,-999,-999,0
17.5,231,8,7,-93.2896,6,-125.417,8,9,20,0,-999,-999,0
17.5,231,8,7,-93.2896,13,-133.413,10,10,10,1,-999,-999,0
17.5,231,8,7,-93.2896,9,-133.73,10,10,10,1,-999,-999,0
17.5,231,8,7,-93.2896,4,-138.325,3,3,20,0,-999,-999,0
17.5,231,8,7,-93.2896,8,-138.797,10,11,20,0,-999,-999,0
17.5,231,8,7,-93.2896,3,-139.202,7,7,20,0,-999,-999,0
17.5,231,8,7,-93.2896,5,-143.228,7,7,20,0,-999,-999,0
17.5,231,8,7,-93.2896,11,-148.264,10,10,10,1,-999,-999,0
17.5,233,80,11,-83.2126,5,-87.8883,7,7,20,0,-999,-999,0
17.5,233,80,11,-83.2126,12,-97.8983,10,10,10,1,-999,-999,0
17.5,233,80,11,-83.2126,3,-110.536,7,7,20,0,-999,-999,0
17.5,233,80,11,-83.2126,4,-118.379,3,3,20,0,-999,-999,0
17.5,233,80,11,-83.2126,13,-120.786,10,10,10,1,-999,-999,0
17.5,233,80,11,-83.2126,14,-125.853,10,10,10,1,-999,-999,0
17.5,233,80,11,-83.2126,8,-127.106,10,11,20,0,-999,-999,0
17.5,233,80,11,-83.2126,7,-127.625,9,10,20,0,-999,-999,0
17.5,233,80,11,-83.2126,1,-129.572,8,9,20,0,-999,-999,0
17.5,233,80,11,-83.2126,2,-132.796,9,9,20,0,-999,-999,0
17.5,233,80,11,-83.2126,6,-132.848,8,9,20,0,-999,-999,0
17.5,233,80,11,-83.2126,9,-137.089,10,10,10,1,-999,-999,0
17.5,233,80,11,-83.2126,10,-137.223,9,9,10,1,-999,-999,0
17.5,234,48,8,-80.4268,13,-90.2528,10,10,10,1,-999,-999,0
17.5,234,48,8,-80.4268,3,-107.149,7,7,20,0,-999,-999,0
17.5,234,48,8,-80.4268,5,-116.608,7,7,20,0,-999,-999,0
17.5,234,48,8,-80.4268,11,-120.496,10,10,10,1,-999,-999,0
17.5,234,48,8,-80.4268,4,-120.643,3,3,20,0,-999,-999,0
17.5,234,48,8,-80.4268,14,-129.663,10,10,10,1,-999,-999,0
17.5,234,48,8,-80.4268,10,-133.181,9,9,10,1,-999,-999,0
17.5,234,48,8,-80.4268,9,-136.801,10,10,10,1,-999,-999,0
17.5,234,48,8,-80.4268,1,-137.829,8,9,20,0,-999,-999,0
17.5,234,48,8,-80.4268,12,-138.485,10,10,10,1,-999,-999,0
17.5,234,48,8,-80.4268,7,-138.546,9,10,20,0,-999,-999,0
17.5,234,48,8,-80.4268,6,-141.194,8,9,20,0,-999,-999,0
17.5,234,48,8,-80.4268,2,-143.552,9,9,20,0,-999,-999,0
17.5,237,32,14,-73.9124,10,-116.925,9,9,10,1,-999,-999,0
17.5,237,32,14,-73.9124,5,-124.955,7,7,20,0,-999,-999,0
17.5,237,32,14,-73.9124,3,-127.696,7,7,20,0,-999,-999,0
17.5,237,32,14,-73.9124,11,-132.615,10,10,10,1,-999,-999,0
17.5,237,32,14,-73.9124,12,-135.062,10,10,10,1,-999,-999,0
17.5,237,32,14,-73.9124,9,-139.002,10,10,10,1,-999,-999,0
17.5,237,32,14,-73.9124,13,-142.755,10,10,10,1,-999,-999,0
17.5,237,32,14,-73.9124,4,-144.391,3,3,20,0,-999,-999,0
17.5,237,32,14,-73.9124,6,-146.057,8,9,20,0,-999,-999,0
17.5,237,32,14,-73.9124,8,-148.516,10,11,20,0,-999,-999,0
17.5,237,32,14,-73.9124,1,-151.223,8,9,20,0,-999,-999,0
17.5,237,32,14,-73.9124,2,-152.87,9,9,20,0,-999,-999,0
17.5,237,32,14,-73.9124,7,-156.071,9,10,20,0,-999,-999,0
17.5,239,16,13,-129.108,11,-88.9419,10,10,10,1,-999,-999,0
17.5,239,16,13,-129.108,4,-94.0773,3,3,20,0,-999,-999,0
17.5,239,16,13,-129.108,5,-118.534,7,7,20,0,-999,-999,0
17.5,239,16,13,-129.108,14,-121.768,10,10,10,1,-999,-999,0
17.5,239,16,13,-129.108,10,-130.614,9,9,10,1,-999,-999,0
17.5,239,16,13,-129.108,8,-130.718,10,11,20,0,-999,-999,0
17.5,239,16,13,-129.108,9,-132.715,10,10,10,1,-999,-999,0
17.5,239,16,13,-129.108,3,-132.906,7,7,20,0,-999,-999,0
17.5,239,16,13,-129.108,2,-134.768,9,9,20,0,-999,-999,0
17.5,239,16,13,-129.108,6,-135.099,8,9,20,0,-999,-999,0
17.5,239,16,13,-129.108,1,-137.796,8,9,20,0,-999,-999,0
17.5,239,16,13,-129.108,12,-139.689,10,10,10,1,-999,-999,0
17.5,239,16,13,-129.108,7,-140.013,9,10,20,0,-999,-999,0
17.5,240,16,8,-97.6135,4,-79.6686,3,3,20,0,-999,-999,0
17.5,240,16,8,-97.6135,3,-85.0561,7,7,20,0,-999,-999,0
17.5,240,16,8,-97.6135,9,-89.6187,10,10,10,1,-999,-999,0
17.5,240,16,8,-97.6135,1,-94.8866,8,9,20,0,-999,-999,0
17.5,240,16,8,-97.6135,13,-117.334,10,10,10,1,-999,-999,0
17.5,240,16,8,-97.6135,6,-121.372,8,9,20,0,-999,-999,0
17.5,240,16,8,-97.6135,12,-123.947,10,10,10,1,-999,-999,0
17.5,240,16,8,-97.6135,5,-127.643,7,7,20,0,-999,-999,0
17.5,240,16,8,-97.6135,14,-128.538,10,10,10,1,-999,-999,0
17.5,240,16,8,-97.6135,10,-134.662,9,9,10,1,-999,-999,0
17.5,240,16,8,-97.6135,11,-138.296,10,10,10,1,-999,-999,0
17.5,240,16,8,-97.6135,7,-139.062,9,10,20,0,-999,-999,0
17.5,240,16,8,-97.6135,2,-139.71,9,9,20,0,-999,-999,0
17.5,241,71,14,-131.865,3,-80.749,7,7,20,0,-999,-999,0
17.5,241,71,14,-131.865,11,-84.2016,10,10,10,1,-999,-999,0
17.5,241,71,14,-131.865,8,-93.6162,10,11,20,0,-999,-999,0
17.5,241,71,14,-131.865,13,-101.476,10,10,10,1,-999,-999,0
17.5,241,71,14,-131.865,6,-103.653,8,9,20,0,-999,-999,0
17.5,241,71,14,-131.865,7,-113.143,9,10,20,0,-999,-999,0
17.5,241,71,14,-131.865,5,-117.171,7,7,20,0,-999,-999,0
17.5,241,71,14,-131.865,12,-130.106,10,10,10,1,-999,-999,0
17.5,241,71,14,-131.865,4,-133.752,3,3,20,0,-999,-999,0
17.5,241,71,14,-131.865,2,-138.312,9,9,20,0,-999,-999,0
17.5,241,71,14,-131.865,1,-143.031,8,9,20,0,-999,-999,0
17.5,241,71,14,-131.865,9,-143.763,10,10,10,1,-999,-999,0
17.5,241,71,14,-131.865,10,-144.266,9,9,10,1,-999,-999,0
17.5,242,56,10,-119.416,7,-90.4391,9,10,20,0,-999,-999,0
17.5,242,56,10,-119.416,8,-92.5827,10,11,20,0,-999,-999,0
17.5,242,56,10,-119.416,3,-111.047,7,7,20,0,-999,-999,0
17.5,242,56,10,-119.416,5,-121.249,7,7,20,0,-999,-999,0
17.5,242,56,10,-119.416,1,-126.209,8,9,20,0,-999,-999,0
17.5,242,56,10,-119.416,2,-128.399,9,9,20,0,-999,-999,0
17.5,242,56,10,-119.416,4,-135.129,3,3,20,0,-999,-999,0
17.5,242,56,10,-119.416,12,-137.669,10,10,10,1,-999,-999,0
17.5,242,56,10,-119.416,6,-139.682,8,9,20,0,-999,-999,0
17.5,242,56,10,-119.416,13,-139.695,10,10,10,1,-999,-999,0
17.5,242,56,10,-119.416,11,-140.482,10,10,10,1,-999,-999,0
17.5,242,56,10,-119.416,9,-143.518,10,10,10,1,-999,-999,0
17.5,242,56,10,-119.416,14,-147.934,10,10,10,1,-999,-999,0
17.5,243,39,5,-108.123,13,-88.052,10,10,10,1,-999,-999,8
17.5,243,39,5,-108.123,8,-88.3752,10,11,20,0,-999,-999,8
17.5,243,39,5,-108.123,1,-103.901,8,9,20,0,-999,-999,8
17.5,243,39,5,-108.123,3,-118.305,7,7,20,0,-999,-999,8
17.5,243,39,5,-108.123,11,-121.127,10,10,10,1,-999,-999,8
17.5,243,39,5,-108.123,14,-123.125,10,10,10,1,-999,-999,8
17.5,243,39,5,-108.123,9,-130.702,10,10,10,1,-999,-999,8
17.5,243,39,5,-108.123,12,-131.098,10,10,10,1,-999,-999,8
17.5,243,39,5,-108.123,4,-134.726,3,3,20,0,-999,-999,8
17.5,243,39,5,-108.123,2,-135.835,9,9,20,0,-999,-999,8
17.5,243,39,5,-108.123,6,-137.95,8,9,20,0,-999,-999,8
17.5,243,39,5,-108.123,10,-143.776,9,9,10,1,-999,-999,8
17.5,243,39,5,-108.123,7,-146.919,9,10,20,0,-999,-999,8
17.5,244,16,5,-98.0122,3,-87.7197,7,7,20,0,-999,-999,0
17.5,244,16,5,-98.0122,11,-90.7656,10,10,10,1,-999,-999,0
17.5,244,16,5,-98.0122,2,-97.9137,9,9,20,0,-999,-999,0
17.5,244,16,5,-98.0122,8,-105.813,10,12,20,0,-999,-999,0
17.5,244,16,5,-98.0122,12,-112.16,10,10,10,1,-999,-999,0
17.5,244,16,5,-98.0122,13,-127.476,10,10,10,1,-999,-999,0
17.5,244,16,5,-98.0122,4,-128.245,3,3,20,0,-999,-999,0
17.5,244,16,5,-98.0122,14,-129.645,10,10,10,1,-999,-999,0
17.5,244,16,5,-98.0122,6,-129.733,8,9,20,0,-999,-999,0
17.5,244,16,5,-98.0122,1,-131.315,8,9,20,0,-999,-999,0
17.5,244,16,5,-98.0122,7,-139.581,9,10,20,0,-999,-999,0
17.5,244,16,5,-98.0122,10,-140.34,9,9,10,1,-999,-999,0
17.5,244,16,5,-98.0122,9,-140.581,10,10,10,1,-999,-999,0
22.5,16,80,10,-89.1907,13,-87.9422,10,10,10,1,-999,-999,0
22.5,16,80,10,-89.1907,4,-95.2666,3,3,20,0,-999,-999,0
22.5,16,80,10,-89.1907,1,-96.6768,9,9,20,0,-999,-999,0
22.5,16,80,10,-89.1907,6,-111.909,8,8,20,0,-999,-999,0
22.5,16,80,10,-89.1907,9,-119.851,10,10,10,1,-999,-999,0
22.5,16,80,10,-89.1907,12,-124.4,10,10,10,1,-999,-999,0
22.5,16,80,10,-89.1907,2,-124.637,9,9,20,0,-999,-999,0
22.5,16,80,10,-89.1907,3,-124.976,6,6,20,0,-999,-999,0
22.5,16,80,10,-89.1907,8,-127.124,12,12,20,0,-999,-999,0
22.5,16,80,10,-89.1907,11,-128.111,10,10,10,1,-999,-999,0
22.5,16,80,10,-89.1907,7,-129.381,12,12,20,0,-999,-999,0
22.5,16,80,10,-89.1907,14,-130.506,10,10,10,1,-999,-999,0
22.5,16,80,10,-89.1907,5,-131.752,8,8,20,0,-999,-999,0
22.5,19,63,12,-122.056,3,-100.012,6,6,20,0,-999,-999,0
22.5,19,63,12,-122.056,6,-105.551,8,8,20,0,-999,-999,0
22.5,19,63,12,-122.056,11,-106.693,10,10,10,1,-999,-999,0
22.5,19,63,12,-122.056,14,-123.24,10,10,10,1,-999,-999,0
22.5,19,63,12,-122.056,5,-129.357,8,8,20,0,-999,-999,0
22.5,19,63,12,-122.056,9,-136.837,10,10,10,1,-999,-999,0
22.5,19,63,12,-122.056,2,-140.737,9,9,20,0,-999,-999,0
22.5,19,63,12,-122.056,4,-141.03,3,3,20,0,-999,-999,0
22.5,19,63,12,-122.056,10,-141.316,10,10,10,1,-999,-999,0
22.5,19,63,12,-122.056,1,-142.565,9,9,20,0,-999,-999,0
22.5,19,63,12,-122.056,8,-144.665,12,12,20,0,-999,-999,0
22.5,19,63,12,-122.056,7,-144.734,12,12,20,0,-999,-999,0
22.5,19,63,12,-122.056,13,-154.299,10,10,10,1,-999,-999,0
22.5,23,35,8,-78.3226,7,-99.9829,12,12,20,0,-999,-999,0
22.5,23,35,8,-78.3226,5,-101.763,8,8,20,0,-999,-999,0
22.5,23,35,8,-78.3226,12,-106.621,10,10,10,1,-999,-999,0
22.5,23,35,8,-78.3226,4,-119.052,3,3,20,0,-999,-999,0
22.5,23,35,8,-78.3226,2,-128.007,9,9,20,0,-999,-999,0
22.5,23,35,8,-78.3226,10,-129.003,10,10,10,1,-999,-999,0
22.5,23,35,8,-78.3226,3,-130.084,6,6,20,0,-999,-999,0
22.5,23,35,8,-78.3226,1,-131.469,9,9,20,0,-999,-999,0
22.5,23,35,8,-78.3226,9,-132.151,10,10,10,1,-999,-999,0
22.5,23,35,8,-78.3226,6,-133.802,8,8,20,0,-999,-999,0
22.5,23,35,8,-78.3226,13,-136.903,10,10,10,1,-999,-999,0
22.5,23,35,8,-78.3226,14,-141.65,10,10,10,1,-999,-999,0
22.5,23,35,8,-78.3226,11,-152.382,10,10,10,1,-999,-999,0
22.5,25,48,6,-72.008,7,-84.5599,12,12,20,0,-999,-999,0
22.5,25,48,6,-72.008,2,-100.356,9,9,20,0,-999,-999,0
22.5,25,48,6,-72.008,1,-111.272,9,9,20,0,-999,-999,0
22.5,25,48,6,-72.008,9,-117.535,10,10,10,1,-999,-999,0
22.5,25,48,6,-72.008,8,-122.381,12,12,20,0,-999,-999,0
22.5,25,48,6,-72.008,13,-124.758,10,10,10,1,-999,-999,0
22.5,25,48,6,-72.008,4,-127.33,3,3,20,0,-999,-999,0
22.5,25,48,6,-72.008,5,-130.829,8,8,20,0,-999,-999,0
22.5,25,48,6,-72.008,10,-130.963,10,10,10,1,-999,-999,0
22.5,25,48,6,-72.008,11,-131.568,10,10,10,1,-999,-999,0
22.5,25,48,6,-72.008,3,-133.425,6,6,20,0,-999,-999,0
22.5,25,48,6,-72.008,14,-139.208,10,10,10,1,-999,-999,0
22.5,25,48,6,-72.008,12,-139.416,10,10,10,1,-999,-999,0
22.5,29,47,3,-113.306,5,-85.1233,8,8,20,0,-999,-999,0
22.5,29,47,3,-113.306,12,-91.5245,10,10,10,1,-999,-999,0
22.5,29,47,3,-113.306,9,-91.7928,10,10,10,1,-999,-999,0
22.5,29,47,3,-113.306,2,-106.198,9,9,20,0,-999,-999,0
22.5,29,47,3,-113.306,8,-117.433,12,12,20,0,-999,-999,0
22.5,29,47,3,-113.306,13,-125.585,10,10,10,1,-999,-999,0
22.5,29,47,3,-113.306,14,-127.222,10,10,10,1,-999,-999,0
22.5,29,47,3,-113.306,6,-128.906,8,8,20,0,-999,-999,0
22.5,29,47,3,-113.306,4,-129.29,3,3,20,0,-999,-999,0
22.5,29,47,3,-113.306,1,-129.431,9,9,20,0,-999,-999,0
22.5,29,47,3,-113.306,11,-129.8,10,10,10,1,-999,-999,0
22.5,29,47,3,-113.306,10,-146.061,10,10,10,1,-999,-999,0
22.5,29,47,3,-113.306,7,-157.831,12,12,20,0,-999,-999,0
22.5,31,80,13,-119.315,10,-95.9744,10,10,10,1,-999,-999,0
22.5,31,80,13,-119.315,3,-104.041,6,6,20,0,-999,-999,0
22.5,31,80,13,-119.315,2,-112.839,9,9,20,0,-999,-999,0
22.5,31,80,13,-119.315,1,-117.814,9,9,20,0,-999,-999,0
22.5,31,80,13,-119.315,6,-117.896,8,8,20,0,-999,-999,0
22.5,31,80,13,-119.315,9,-119.052,10,10,10,1,-999,-999,0
22.5,31,80,13,-119.315,7,-125.379,12,12,20,0,-999,-999,0
22.5,31,80,13,-119.315,8,-126.164,12,12,20,0,-999,-999,0
22.5,31,80,13,-119.315,4,-128.096,3,3,20,0,-999,-999,0
22.5,31,80,13,-119.315,5,-134.496,8,8,20,0,-999,-999,0
22.5,31,80,13,-119.315,14,-134.6,10,10,10,1,-999,-999,0
22.5,31,80,13,-119.315,12,-138.283,10,10,10,1,-999,-999,0
22.5,31,80,13,-119.315,11,-143.324,10,10,10,1,-999,-999,0
22.5,33,72,2,-101.044,10,-89.572,10,10,10,1,-999,-999,0
22.5,33,72,2,-101.044,6,-104.38,8,8,20,0,-999,-999,0
22.5,33,72,2,-101.044,5,-104.587,8,8,20,0,-999,-999,0
22.5,33,72,2,-101.044,12,-109.81,10,10,10,1,-999,-999,0
22.5,33,72,2,-101.044,7,-114.398,12,12,20,0,-999,-999,0
22.5,33,72,2,-101.044,4,-115.929,3,3,20,0,-999,-999,0
22.5,33,72,2,-101.044,1,-118.466,9,9,20,0,-999,-999,0
22.5,33,72,2,-101.044,8,-118.949,12,12,20,0,-999,-999,0
22.5,33,72,2,-101.044,3,-127.271,6,6,20,0,-999,-999,0
22.5,33,72,2,-101.044,13,-130.199,10,10,10,1,-999,-999,0
22.5,33,72,2,-101.044,9,-130.687,10,10,10,1,-999,-999,0
22.5,33,72,2,-101.044,14,-138.587,10,10,10,1,-999,-999,0
22.5,33,72,2,-101.044,11,-145.3,10,10,10,1,-999,-999,0
22.5,38,72,12,-126.873,14,-91.712,10,10,10,1,-999,-999,0
22.5,38,72,12,-126.873,7,-99.8674,12,12,20,0,-999,-999,0
22.5,38,72,12,-126.873,3,-101.072,6,6,20,0,-999,-999,0
22.5,38,72,12,-126.873,10,-123.872,10,10,10,1,-999,-999,0
22.5,38,72,12,-126.873,9,-130.155,10,10,10,1,-999,-999,0
22.5,38,72,12,-126.873,5,-130.969,8,8,20,0,-999,-999,0
22.5,38,72,12,-126.873,1,-132.327,9,9,20,0,-999,-999,0
22.5,38,72,12,-126.873,2,-132.438,9,9,20,0,-999,-999,0
22.5,38,72,12,-126.873,6,-132.5,8,8,20,0,-999,-999,0
22.5,38,72,12,-126.873,8,-138.87,12,12,20,0,-999,-999,0
22.5,38,72,12,-126.873,13,-140.509,10,10,10,1,-999,-999,0
22.5,38,72,12,-126.873,4,-142.146,3,3,20,0,-999,-999,0
22.5,38,72,12,-126.873,11,-147.766,10,10,10,1,-999,-999,0
22.5,39,48,3,-109.273,4,-80.1572,3,3,20,0,-999,-999,0
22.5,39,48,3,-109.273,13,-118.599,10,10,10,1,-999,-999,0
22.5,39,48,3,-109.273,10,-126.748,10,10,10,1,-999,-999,0
22.5,39,48,3,-109.273,9,-126.81,10,10,10,1,-999,-999,0
22.5,39,48,3,-109.273,5,-127.453,8,8,20,0,-999,-999,0
22.5,39,48,3,-109.273,11,-127.563,10,10,10,1,-999,-999,0
22.5,39,48,3,-109.273,1,-130.507,9,9,20,0,-999,-999,0
22.5,39,48,3,-109.273,7,-131.017,12,12,20,0,-999,-999,0
22.5,39,48,3,-109.273,6,-132.462,8,8,20,0,-999,-999,0
22.5,39,48,3,-109.273,12,-133.064,10,10,10,1,-999,-999,0
22.5,39,48,3,-109.273,2,-133.983,9,9,20,0,-999,-999,0
22.5,39,48,3,-109.273,8,-137.688,12,12,20,0,-999,-999,0
22.5,39,48,3,-109.273,14,-138.043,10,10,10,1,-999,-999,0
22.5,40,80,12,-135.1,6,-102.769,8,8,20,0,-999,-999,0
22.5,40,80,12,-135.1,13,-109.215,10,10,10,1,-999,-999,0
22.5,40,80,12,-135.1,11,-110.065,10,10,10,1,-999,-999,0
22.5,40,80,12,-135.1,3,-110.563,6,6,20,0,-999,-999,0
22.5,40,80,12,-135.1,7,-111.404,12,12,20,0,-999,-999,0
22.5,40,80,12,-135.1,5,-118.297,8,8,20,0,-999,-999,0
22.5,40,80,12,-135.1,8,-120.906,12,12,20,0,-999,-999,0
22.5,40,80,12,-135.1,14,-121.468,10,10,10,1,-999,-999,0
22.5,40,80,12,-135.1,4,-126.353,3,3,20,0,-999,-999,0
22.5,40,80,12,-135.1,9,-129.793,10,10,10,1,-999,-999,0
22.5,40,80,12,-135.1,1,-137.601,9,9,20,0,-999,-999,0
22.5,40,80,12,-135.1,10,-138.129,10,10,10,1,-999,-999,0
22.5,40,80,12,-135.1,2,-140.956,9,9,20,0,-999,-999,0
22.5,45,32,6,-93.8787,8,-92.9404,12,12,20,0,-999,-999,0
22.5,45,32,6,-93.8787,14,-110.036,10,10,10,1,-999,-999,0
22.5,45,32,6,-93.8787,9,-113.26,10,10,10,1,-999,-999,0
22.5,45,32,6,-93.8787,7,-115.39,12,12,20,0,-999,-999,0
22.5,45,32,6,-93.8787,2,-115.43,9,9,20,0,-999,-999,0
22.5,45,32,6,-93.8787,1,-117.979,9,9,20,0,-999,-999,0
22.5,45,32,6,-93.8787,4,-123.964,3,3,20,0,-999,-999,0
22.5,45,32,6,-93.8787,5,-125.941,8,8,20,0,-999,-999,0
22.5,45,32,6,-93.8787,3,-126.157,6,6,20,0,-999,-999,0
22.5,45,32,6,-93.8787,11,-128.383,10,10,10,1,-999,-999,0
22.5,45,32,6,-93.8787,10,-131.393,10,10,10,1,-999,-999,0
22.5,45,32,6,-93.8787,13,-131.56,10,10,10,1,-999,-999,0
22.5,45,32,6,-93.8787,12,-135.948,10,10,10,1,-999,-999,0
22.5,46,40,5,-94.2789,11,-77.5781,10,10,10,1,-999,-999,0
22.5,46,40,5,-94.2789,14,-98.7363,10,10,10,1,-999,-999,0
22.5,46,40,5,-94.2789,1,-102.388,9,9,20,0,-999,-999,0
22.5,46,40,5,-94.2789,12,-103.955,10,10,10,1,-999,-999,0
22.5,46,40,5,-94.2789,10,-111.175,10,10,10,1,-999,-999,0
22.5,46,40,5,-94.2789,3,-115.216,6,6,20,0,-999,-999,0
22.5,46,40,5,-94.2789,13,-120.001,10,10,10,1,-999,-999,0
22.5,46,40,5,-94.2789,4,-123.761,3,3,20,0,-999,-999,0
22.5,46,40,5,-94.2789,8,-130.524,12,12,20,0,-999,-999,0
22.5,46,40,5,-94.2789,6,-136.711,8,8,20,0,-999,-999,0
22.5,46,40,5,-94.2789,9,-138.863,10,10,10,1,-999,-999,0
22.5,46,40,5,-94.2789,2,-146.139,9,9,20,0,-999,-999,0
22.5,46,40,5,-94.2789,7,-160.598,12,12,20,0,-999,-999,0
22.5,48,51,14,-83.9801,5,-95.2409,8,8,20,0,-999,-999,0
22.5,48,51,14,-83.9801,4,-97.2747,3,3,20,0,-999,-999,0
22.5,48,51,14,-83.9801,1,-106.53,9,9,20,0,-999,-999,0
22.5,48,51,14,-83.9801,3,-114.38,6,6,20,0,-999,-999,0
22.5,48,51,14,-83.9801,7,-118.334,12,12,20,0,-999,-999,0
22.5,48,51,14,-83.9801,11,-119.892,10,10,10,1,-999,-999,0
22.5,48,51,14,-83.9801,8,-123.187,12,12,20,0,-999,-999,0
22.5,48,51,14,-83.9801,12,-123.801,10,10,10,1,-999,-999,0
22.5,48,51,14,-83.9801,13,-130.643,10,10,10,1,-999,-999,0
22.5,48,51,14,-83.9801,6,-136.06,8,8,20,0,-999,-999,0
22.5,48,51,14,-83.9801,2,-142.876,9,9,20,0,-999,-999,0
22.5,48,51,14,-83.9801,9,-144.08,10,10,10,1,-999,-999,0
22.5,48,51,14,-83.9801,10,-147.895,10,10,10,1,-999,-999,0
22.5,50,64,6,-112.681,10,-89.0446,10,10,10,1,-999,-999,0
22.5,50,64,6,-112.681,5,-101.057,8,8,20,0,-999,-999,0
22.5,50,64,6,-112.681,9,-112.624,10,10,10,1,-999,-999,0
22.5,50,64,6,-112.681,1,-118.973,9,9,20,0,-999,-999,0
22.5,50,64,6,-112.681,3,-119.351,6,6,20,0,-999,-999,0
22.5,50,64,6,-112.681,8,-123.615,12,12,20,0,-999,-999,0
22.5,50,64,6,-112.681,4,-124.159,3,3,20,0,-999,-999,0
22.5,50,64,6,-112.681,2,-124.972,9,9,20,0,-999,-999,0
22.5,50,64,6,-112.681,7,-125.362,12,12,20,0,-999,-999,0
22.5,50,64,6,-112.681,13,-126.973,10,10,10,1,-999,-999,0
22.5,50,64,6,-112.681,12,-127.169,10,10,10,1,-999,-999,0
22.5,50,64,6,-112.681,11,-129.221,10,10,10,1,-999,-999,0
22.5,50,64,6,-112.681,14,-130.727,10,10,10,1,-999,-999,0
22.5,52,80,9,-116.596,8,-103.908,12,12,20,0,-999,-999,0
22.5,52,80,9,-116.596,14,-106.802,10,10,10,1,-999,-999,0
22.5,52,80,9,-116.596,3,-122.265,6,6,20,0,-999,-999,0
22.5,52,80,9,-116.596,12,-123.166,10,10,10,1,-999,-999,0
22.5,52,80,9,-116.596,1,-124.103,9,9,20,0,-999,-999,0
22.5,52,80,9,-116.596,13,-125.174,10,10,10,1,-999,-999,0
22.5,52,80,9,-116.596,5,-125.624,8,8,20,0,-999,-999,0
22.5,52,80,9,-116.596,2,-125.714,9,9,20,0,-999,-999,0
22.5,52,80,9,-116.596,4,-126.298,3,3,20,0,-999,-999,0
22.5,52,80,9,-116.596,7,-126.374,12,12,20,0,-999,-999,0
22.5,52,80,9,-116.596,11,-127.747,10,10,10,1,-999,-999,0
22.5,52,80,9,-116.596,6,-128.262,8,8,20,0,-999,-999,0
22.5,52,80,9,-116.596,10,-131.872,10,10,10,1,-999,-999,0
22.5,53,72,14,-126.141,4,-105.88,3,3,20,0,-999,-999,4
22.5,53,72,14,-126.141,11,-114.178,10,10,10,1,-999,-999,4
22.5,53,72,14,-126.141,6,-115.282,8,8,20,0,-999,-999,4
22.5,53,72,14,-126.141,1,-117.519,9,9,20,0,-999,-999,4
22.5,53,72,14,-126.141,2,-117.684,9,9,20,0,-999,-999,4
22.5,53,72,14,-126.141,3,-119.345,6,6,20,0,-999,-999,4
22.5,53,72,14,-126.141,8,-121.917,12,12,20,0,-999,-999,4
22.5,53,72,14,-126.141,9,-122.147,10,10,10,1,-999,-999,4
22.5,53,72,14,-126.141,12,-125.71,10,10,10,1,-999,-999,4
22.5,53,72,14,-126.141,10,-126.788,10,10,10,1,-999,-999,4
22.5,53,72,14,-126.141,13,-131.027,10,10,10,1,-999,-999,4
22.5,53,72,14,-126.141,7,-134.677,12,12,20,0,-999,-999,4
22.5,53,72,14,-126.141,5,-140.275,8,8,20,0,-999,-999,4
22.5,54,54,13,-76.2182,4,-83.4267,3,4,20,0,-999,-999,0
22.5,54,54,13,-76.2182,14,-85.0207,10,10,10,1,-999,-999,0
22.5,54,54,13,-76.2182,7,-105.963,12,12,20,0,-999,-999,0
22.5,54,54,13,-76.2182,3,-106.404,6,6,20,0,-999,-999,0
22.5,54,54,13,-76.2182,10,-112.88,10,10,10,1,-999,-999,0
22.5,54,54,13,-76.2182,2,-113.439,9,9,20,0,-999,-999,0
22.5,54,54,13,-76.2182,12,-122.292,10,10,10,1,-999,-999,0
22.5,54,54,13,-76.2182,5,-126.433,8,8,20,0,-999,-999,0
22.5,54,54,13,-76.2182,8,-127.164,12,12,20,0,-999,-999,0
22.5,54,54,13,-76.2182,9,-127.937,10,10,10,1,-999,-999,0
22.5,54,54,13,-76.2182,6,-128.984,8,8,20,0,-999,-999,0
22.5,54,54,13,-76.2182,1,-132.714,9,9,20,0,-999,-999,0
22.5,54,54,13,-76.2182,11,-135.153,10,10,10,1,-999,-999,0
22.5,56,48,2,-79.4807,9,-82.7765,10,10,10,1,-999,-999,0
22.5,56,48,2,-79.4807,12,-101.466,10,10,10,1,-999,-999,0
22.5,56,48,2,-79.4807,1,-119.124,9,9,20,0,-999,-999,0
22.5,56,48,2,-79.4807,5,-121.421,8,8,20,0,-999,-999,0
22.5,56,48,2,-79.4807,3,-122.834,6,6,20,0,-999,-999,0
22.5,56,48,2,-79.4807,6,-122.936,8,8,20,0,-999,-999,0
22.5,56,48,2,-79.4807,8,-123.966,12,12,20,0,-999,-999,0
22.5,56,48,2,-79.4807,4,-125.477,3,4,20,0,-999,-999,0
22.5,56,48,2,-79.4807,7,-127.177,12,12,20,0,-999,-999,0
22.5,56,48,2,-79.4807,13,-131.649,10,10,10,1,-999,-999,0
22.5,56,48,2,-79.4807,11,-131.883,10,10,10,1,-999,-999,0
22.5,56,48,2,-79.4807,10,-134.425,10,10,10,1,-999,-999,0
22.5,56,48,2,-79.4807,14,-135.243,10,10,10,1,-999,-999,0
22.5,58,45,9,-91.0106,6,-79.6195,8,8,20,0,-999,-999,0
22.5,58,45,9,-91.0106,3,-93.5961,6,6,20,0,-999,-999,0
22.5,58,45,9,-91.0106,7,-98.818,12,12,20,0,-999,-999,0
22.5,58,45,9,-91.0106,13,-101.086,10,10,10,1,-999,-999,0
22.5,58,45,9,-91.0106,4,-126.267,3,4,20,0,-999,-999,0
22.5,58,45,9,-91.0106,1,-126.451,9,9,20,0,-999,-999,0
22.5,58,45,9,-91.0106,2,-130.529,9,9,20,0,-999,-999,0
22.5,58,45,9,-91.0106,10,-131.566,10,10,10,1,-999,-999,0
22.5,58,45,9,-91.0106,5,-135.98,8,8,20,0,-999,-999,0
22.5,58,45,9,-91.0106,8,-136.069,12,12,20,0,-999,-999,0
22.5,58,45,9,-91.0106,12,-141.246,10,10,10,1,-999,-999,0
22.5,58,45,9,-91.0106,14,-143.724,10,10,10,1,-999,-999,0
22.5,58,45,9,-91.0106,11,-144.321,10,10,10,1,-999,-999,0
22.5,61,52,1,-101.383,2,-80.0432,9,9,20,0,-999,-999,0
22.5,61,52,1,-101.383,10,-93.5132,10,10,10,1,-999,-999,0
22.5,61,52,1,-101.383,8,-95.0536,12,12,20,0,-999,-999,0
22.5,61,52,1,-101.383,7,-119.118,12,12,20,0,-999,-999,0
22.5,61,52,1,-101.383,6,-123.045,8,8,20,0,-999,-999,0
22.5,61,52,1,-101.383,4,-124.462,3,4,20,0,-999,-999,0
22.5,61,52,1,-101.383,14,-127.536,10,10,10,1,-999,-999,0
22.5,61,52,1,-101.383,3,-129.726,6,6,20,0,-999,-999,0
22.5,61,52,1,-101.383,5,-131.514,8,8,20,0,-999,-999,0
22.5,61,52,1,-101.383,13,-131.896,10,10,10,1,-999,-999,0
22.5,61,52,1,-101.383,9,-135.244,10,10,10,1,-999,-999,0
22.5,61,52,1,-101.383,12,-138.284,10,10,10,1,-999,-999,0
22.5,61,52,1,-101.383,11,-138.558,10,10,10,1,-999,-999,0
22.5,62,30,2,-100.372,7,-80.8014,12,12,20,0,-999,-999,0
22.5,62,30,2,-100.372,1,-109.151,9,9,20,0,-999,-999,0
22.5,62,30,2,-100.372,6,-115.188,8,8,20,0,-999,-999,0
22.5,62,30,2,-100.372,10,-120.47,10,10,10,1,-999,-999,0
22.5,62,30,2,-100.372,4,-129.425,3,4,20,0,-999,-999,0
22.5,62,30,2,-100.372,9,-130.044,10,10,10,1,-999,-999,0
22.5,62,30,2,-100.372,13,-133.37,10,10,10,1,-999,-999,0
22.5,62,30,2,-100.372,8,-133.986,12,12,20,0,-999,-999,0
22.5,62,30,2,-100.372,3,-135.409,6,6,20,0,-999,-999,0
22.5,62,30,2,-100.372,5,-139.714,8,8,20,0,-999,-999,0
22.5,62,30,2,-100.372,12,-142.001,10,10,10,1,-999,-999,0
22.5,62,30,2,-100.372,14,-143.957,10,10,10,1,-999,-999,0
22.5,62,30,2,-100.372,11,-147.887,10,10,10,1,-999,-999,0
22.5,63,44,11,-79.8248,3,-76.2026,6,6,20,0,-999,-999,0
22.5,63,44,11,-79.8248,5,-86.5278,8,8,20,0,-999,-999,0
22.5,63,44,11,-79.8248,14,-95.2109,10,10,10,1,-999,-999,0
22.5,63,44,11,-79.8248,12,-96.2349,10,10,10,1,-999,-999,0
22.5,63,44,11,-79.8248,2,-101.277,9,9,20,0,-999,-999,0
22.5,63,44,11,-79.8248,7,-116.965,12,12,20,0,-999,-999,0
22.5,63,44,11,-79.8248,9,-122.975,10,10,10,1,-999,-999,0
22.5,63,44,11,-79.8248,13,-130.904,10,10,10,1,-999,-999,0
22.5,63,44,11,-79.8248,4,-131.502,3,4,20,0,-999,-999,0
22.5,63,44,11,-79.8248,10,-133.055,10,10,10,1,-999,-999,0
22.5,63,44,11,-79.8248,6,-134.395,8,8,20,0,-999,-999,0
22.5,63,44,11,-79.8248,8,-140.286,12,12,20,0,-999,-999,0
22.5,63,44,11,-79.8248,1,-145.161,9,9,20,0,-999,-999,0
22.5,66,52,14,-75.8274,3,-103.288,6,6,20,0,-999,-999,0
22.5,66,52,14,-75.8274,4,-106.023,3,4,20,0,-999,-999,0
22.5,66,52,14,-75.8274,9,-109.734,10,10,10,1,-999,-999,0
22.5,66,52,14,-75.8274,8,-110.388,12,12,20,0,-999,-999,0
22.5,66,52,14,-75.8274,1,-113.289,9,9,20,0,-999,-999,0
22.5,66,52,14,-75.8274,7,-115.746,12,12,20,0,-999,-999,0
22.5,66,52,14,-75.8274,10,-127.914,10,10,10,1,-999,-999,0
22.5,66,52,14,-75.8274,12,-128.974,10,10,10,1,-999,-999,0
22.5,66,52,14,-75.8274,5,-132.388,8,8,20,0,-999,-999,0
22.5,66,52,14,-75.8274,11,-139.035,10,10,10,1,-999,-999,0
22.5,66,52,14,-75.8274,13,-141.41,10,10,10,1,-999,-999,0
22.5,66,52,14,-75.8274,2,-144.784,9,9,20,0,-999,-999,0
22.5,66,52,14,-75.8274,6,-146.636,8,8,20,0,-999,-999,0
22.5,68,32,3,-119.512,10,-93.3835,10,10,10,1,-999,-999,0
22.5,68,32,3,-119.512,7,-95.8445,12,12,20,0,-999,-999,0
22.5,68,32,3,-119.512,8,-96.4415,12,12,20,0,-999,-999,0
22.5,68,32,3,-119.512,11,-96.8104,10,10,10,1,-999,-999,0
22.5,68,32,3,-119.512,5,-113.329,8,8,20,0,-999,-999,0
22.5,68,32,3,-119.512,4,-119.424,3,4,20,0,-999,-999,0
22.5,68,32,3,-119.512,13,-125.76,10,10,10,1,-999,-999,0
22.5,68,32,3,-119.512,1,-128.474,9,9,20,0,-999,-999,0
22.5,68,32,3,-119.512,12,-133.445,10,10,10,1,-999,-999,0
22.5,68,32,3,-119.512,6,-134.82,8,8,20,0,-999,-999,0
22.5,68,32,3,-119.512,14,-140.405,10,10,10,1,-999,-999,0
22.5,68,32,3,-119.512,2,-141.393,9,9,20,0,-999,-999,0
22.5,68,32,3,-119.512,9,-142.569,10,10,10,1,-999,-999,0
22.5,70,53,1,-78.5568,10,-81.5049,10,10,10,1,-999,-999,0
22.5,70,53,1,-78.5568,12,-96.2536,10,10,10,1,-999,-999,0
22.5,70,53,1,-78.5568,4,-100.846,3,4,20,0,-999,-999,0
22.5,70,53,1,-78.5568,7,-105.659,12,12,20,0,-999,-999,0
22.5,70,53,1,-78.5568,2,-120.157,9,9,20,0,-999,-999,0
22.5,70,53,1,-78.5568,6,-121.21,8,8,20,0,-999,-999,0
22.5,70,53,1,-78.5568,9,-127.955,10,10,10,1,-999,-999,0
22.5,70,53,1,-78.5568,14,-130.222,10,10,10,1,-999,-999,0
22.5,70,53,1,-78.5568,8,-133.726,12,12,20,0,-999,-999,0
22.5,70,53,1,-78.5568,3,-140.257,6,6,20,0,-999,-999,0
22.5,70,53,1,-78.5568,13,-143.592,10,10,10,1,-999,-999,0
22.5,70,53,1,-78.5568,11,-144.474,10,10,10,1,-999,-999,0
22.5,70,53,1,-78.5568,5,-146.934,8,8,20,0,-999,-999,0
22.5,72,56,3,-114.018,8,-91.126,12,12,20,0,-999,-999,0
22.5,72,56,3,-114.018,12,-95.1846,10,10,10,1,-999,-999,0
22.5,72,56,3,-114.018,6,-109.354,8,8,20,0,-999,-999,0
22.5,72,56,3,-114.018,4,-117.176,3,4,20,0,-999,-999,0
22.5,72,56,3,-114.018,9,-118.878,10,10,10,1,-999,-999,0
22.5,72,56,3,-114.018,1,-120.934,9,9,20,0,-999,-999,0
22.5,72,56,3,-114.018,7,-124.427,12,12,20,0,-999,-999,0
22.5,72,56,3,-114.018,2,-125.919,9,9,20,0,-999,-999,0
22.5,72,56,3,-114.018,10,-126.435,10,10,10,1,-999,-999,0
22.5,72,56,3,-114.018,13,-129.918,10,10,10,1,-999,-999,0
22.5,72,56,3,-114.018,14,-130.358,10,10,10,1,-999,-999,0
22.5,72,56,3,-114.018,5,-131.5,8,8,20,0,-999,-999,0
22.5,72,56,3,-114.018,11,-136.1,10,10,10,1,-999,-999,0
22.5,74,64,10,-103.87,9,-96.7384,10,10,10,1,-999,-999,0
22.5,74,64,10,-103.87,14,-99.3324,10,10,10,1,-999,-999,0
22.5,74,64,10,-103.87,4,-124.933,3,4,20,0,-999,-999,0
22.5,74,64,10,-103.87,7,-124.972,12,12,20,0,-999,-999,0
22.5,74,64,10,-103.87,1,-129.013,9,9,20,0,-999,-999,0
22.5,74,64,10,-103.87,6,-129.545,8,8,20,0,-999,-999,0
22.5,74,64,10,-103.87,8,-132.239,12,12,20,0,-999,-999,0
22.5,74,64,10,-103.87,2,-133.233,9,9,20,0,-999,-999,0
22.5,74,64,10,-103.87,12,-133.651,10,10,10,1,-999,-999,0
22.5,74,64,10,-103.87,5,-146.152,8,8,20,0,-999,-999,0
22.5,74,64,10,-103.87,13,-147.551,10,10,10,1,-999,-999,0
22.5,74,64,10,-103.87,3,-158.552,6,6,20,0,-999,-999,0
22.5,74,64,10,-103.87,11,-160.55,10,10,10,1,-999,-999,0
22.5,75,54,1,-61.0481,11,-98.5903,10,10,10,1,-999,-999,0
22.5,75,54,1,-61.0481,2,-107.567,9,9,20,0,-999,-999,0
22.5,75,54,1,-61.0481,7,-122.486,12,12,20,0,-999,-999,0
22.5,75,54,1,-61.0481,10,-129.996,10,10,10,1,-999,-999,0
22.5,75,54,1,-61.0481,4,-130.886,3,4,20,0,-999,-999,0
22.5,75,54,1,-61.0481,12,-131,10,10,10,1,-999,-999,0
22.5,75,54,1,-61.0481,3,-133.739,6,6,20,0,-999,-999,0
22.5,75,54,1,-61.0481,6,-136.15,8,8,20,0,-999,-999,0
22.5,75,54,1,-61.0481,14,-138.461,10,10,10,1,-999,-999,0
22.5,75,54,1,-61.0481,13,-142.839,10,10,10,1,-999,-999,0
22.5,75,54,1,-61.0481,9,-143.612,10,10,10,1,-999,-999,0
22.5,75,54,1,-61.0481,5,-144.684,8,8,20,0,-999,-999,0
22.5,75,54,1,-61.0481,8,-146.714,12,12,20,0,-999,-999,0
22.5,76,46,9,-117.017,11,-89.612,10,10,10,1,-999,-999,0
22.5,76,46,9,-117.017,10,-91.8777,10,10,10,1,-999,-999,0
22.5,76,46,9,-117.017,3,-96.0983,6,6,20,0,-999,-999,0
22.5,76,46,9,-117.017,2,-98.6721,9,9,20,0,-999,-999,0
22.5,76,46,9,-117.017,4,-104.429,3,4,20,0,-999,-999,0
22.5,76,46,9,-117.017,6,-120.751,8,8,20,0,-999,-999,0
22.5,76,46,9,-117.017,12,-128.95,10,10,10,1,-999,-999,0
22.5,76,46,9,-117.017,13,-130.806,10,10,10,1,-999,-999,0
22.5,76,46,9,-117.017,5,-131.403,8,8,20,0,-999,-999,0
22.5,76,46,9,-117.017,1,-132.132,9,9,20,0,-999,-999,0
22.5,76,46,9,-117.017,14,-133.435,10,10,10,1,-999,-999,0
22.5,76,46,9,-117.017,8,-140.872,12,12,20,0,-999,-999,0
22.5,76,46,9,-117.017,7,-143.799,12,12,20,0,-999,-999,0
22.5,77,48,7,-117.524,9,-94.0824,10,10,10,1,-999,-999,0
22.5,77,48,7,-117.524,8,-106.091,12,12,20,0,-999,-999,0
22.5,77,48,7,-117.524,2,-123.103,9,9,20,0,-999,-999,0
22.5,77,48,7,-117.524,6,-125.146,8,8,20,0,-999,-999,0
22.5,77,48,7,-117.524,1,-137.389,9,9,20,0,-999,-999,0
22.5,77,48,7,-117.524,12,-139.833,10,10,10,1,-999,-999,0
22.5,77,48,7,-117.524,13,-140.667,10,10,10,1,-999,-999,0
22.5,77,48,7,-117.524,14,-141.487,10,10,10,1,-999,-999,0
22.5,77,48,7,-117.524,4,-145.103,3,4,20,0,-999,-999,0
22.5,77,48,7,-117.524,10,-150.022,10,10,10,1,-999,-999,0
22.5,77,48,7,-117.524,11,-150.555,10,10,10,1,-999,-999,0
22.5,77,48,7,-117.524,3,-152.998,6,6,20,0,-999,-999,0
22.5,77,48,7,-117.524,5,-159.213,8,8,20,0,-999,-999,0
22.5,79,55,1,-63.8795,2,-76.5752,9,9,20,0,-999,-999,0
22.5,79,55,1,-63.8795,7,-87.3779,12,12,20,0,-999,-999,0
22.5,79,55,1,-63.8795,6,-90.7571,8,8,20,0,-999,-999,0
22.5,79,55,1,-63.8795,9,-100.083,10,10,10,1,-999,-999,0
22.5,79,55,1,-63.8795,5,-110.771,8,8,20,0,-999,-999,0
22.5,79,55,1,-63.8795,12,-120.301,10,10,10,1,-999,-999,0
22.5,79,55,1,-63.8795,10,-129.105,10,10,10,1,-999,-999,0
22.5,79,55,1,-63.8795,4,-132.548,3,4,20,0,-999,-999,0
22.5,79,55,1,-63.8795,13,-134.591,10,10,10,1,-999,-999,0
22.5,79,55,1,-63.8795,14,-136.277,10,10,10,1,-999,-999,0
22.5,79,55,1,-63.8795,8,-136.682,12,12,20,0,-999,-999,0
22.5,79,55,1,-63.8795,3,-140.718,6,6,20,0,-999,-999,0
22.5,79,55,1,-63.8795,11,-141.112,10,10,10,1,-999,-999,0
22.5,80,65,6,-66.323,1,-107.268,9,9,20,0,-999,-999,0
22.5,80,65,6,-66.323,2,-113.108,9,9,20,0,-999,-999,0
22.5,80,65,6,-66.323,9,-116.388,10,10,10,1,-999,-999,0
22.5,80,65,6,-66.323,4,-120.929,3,4,20,0,-999,-999,0
22.5,80,65,6,-66.323,7,-124.093,12,12,20,0,-999,-999,0
22.5,80,65,6,-66.323,8,-125.164,12,12,20,0,-999,-999,0
22.5,80,65,6,-66.323,13,-126.222,10,10,10,1,-999,-999,0
22.5,80,65,6,-66.323,10,-128.252,10,10,10,1,-999,-999,0
22.5,80,65,6,-66.323,11,-129.857,10,10,10,1,-999,-999,0
22.5,80,65,6,-66.323,5,-131.285,8,8,20,0,-999,-999,0
22.5,80,65,6,-66.323,3,-131.602,6,6,20,0,-999,-999,0
22.5,80,65,6,-66.323,14,-141.65,10,10,10,1,-999,-999,0
22.5,80,65,6,-66.323,12,-142.59,10,10,10,1,-999,-999,0
22.5,87,89,7,-106.271,6,-102.789,8,8,20,0,-999,-999,0
22.5,87,89,7,-106.271,11,-110.747,10,10,10,1,-999,-999,0
22.5,87,89,7,-106.271,10,-124.267,10,10,10,1,-999,-999,0
22.5,87,89,7,-106.271,13,-125.024,10,10,10,1,-999,-999,0
22.5,87,89,7,-106.271,4,-126.148,3,4,20,0,-999,-999,0
22.5,87,89,7,-106.271,8,-128.585,12,12,20,0,-999,-999,0
22.5,87,89,7,-106.271,3,-129.85,6,6,20,0,-999,-999,0
22.5,87,89,7,-106.271,1,-133.817,9,9,20,0,-999,-999,0
22.5,87,89,7,-106.271,2,-133.906,9,9,20,0,-999,-999,0
22.5,87,89,7,-106.271,9,-140.784,10,10,10,1,-999,-999,0
22.5,87,89,7,-106.271,12,-142.384,10,10,10,1,-999,-999,0
22.5,87,89,7,-106.271,5,-147.847,8,8,20,0,-999,-999,0
22.5,87,89,7,-106.271,14,-149.531,10,10,10,1,-999,-999,0
22.5,90,64,2,-115.819,12,-110.033,10,10,10,1,-999,-999,0
22.5,90,64,2,-115.819,1,-118.568,9,9,20,0,-999,-999,0
22.5,90,64,2,-115.819,7,-121.04,12,12,20,0,-999,-999,0
22.5,90,64,2,-115.819,9,-123.724,10,10,10,1,-999,-999,0
22.5,90,64,2,-115.819,8,-124.501,12,12,20,0,-999,-999,0
22.5,90,64,2,-115.819,3,-125.271,6,6,20,0,-999,-999,0
22.5,90,64,2,-115.819,4,-126.253,3,4,20,0,-999,-999,0
22.5,90,64,2,-115.819,13,-127.376,10,10,10,1,-999,-999,0
22.5,90,64,2,-115.819,6,-129.635,8,8,20,0,-999,-999,0
22.5,90,64,2,-115.819,10,-132.535,10,10,10,1,-999,-999,0
22.5,90,64,2,-115.819,14,-137.773,10,10,10,1,-999,-999,0
22.5,90,64,2,-115.819,5,-142.423,8,8,20,0,-999,-999,0
22.5,90,64,2,-115.819,11,-150.931,10,10,10,1,-999,-999,0
22.5,91,72,8,-125.122,6,-96.0426,8,8,20,0,-999,-999,0
22.5,91,72,8,-125.122,11,-118.248,10,10,10,1,-999,-999,0
22.5,91,72,8,-125.122,13,-121.452,10,10,10,1,-999,-999,0
22.5,91,72,8,-125.122,4,-122.884,3,4,20,0,-999,-999,0
22.5,91,72,8,-125.122,1,-124.419,9,9,20,0,-999,-999,0
22.5,91,72,8,-125.122,3,-131.185,6,6,20,0,-999,-999,0
22.5,91,72,8,-125.122,5,-131.223,8,8,20,0,-999,-999,0
22.5,91,72,8,-125.122,10,-133.138,10,10,10,1,-999,-999,0
22.5,91,72,8,-125.122,7,-135.345,12,12,20,0,-999,-999,0
22.5,91,72,8,-125.122,14,-135.659,10,10,10,1,-999,-999,0
22.5,91,72,8,-125.122,9,-136.912,10,10,10,1,-999,-999,0
22.5,91,72,8,-125.122,2,-138.216,9,9,20,0,-999,-999,0
22.5,91,72,8,-125.122,12,-143.249,10,10,10,1,-999,-999,0
22.5,92,64,5,-100.519,8,-86.2759,12,12,20,0,-999,-999,0
22.5,92,64,5,-100.519,12,-101.847,10,10,10,1,-999,-999,0
22.5,92,64,5,-100.519,1,-103.643,9,9,20,0,-999,-999,0
22.5,92,64,5,-100.519,4,-119.436,3,4,20,0,-999,-999,0
22.5,92,64,5,-100.519,11,-120.381,10,10,10,1,-999,-999,0
22.5,92,64,5,-100.519,3,-120.865,6,6,20,0,-999,-999,0
22.5,92,64,5,-100.519,13,-121.986,10,10,10,1,-999,-999,0
22.5,92,64,5,-100.519,14,-127.321,10,10,10,1,-999,-999,0
22.5,92,64,5,-100.519,9,-136.027,10,10,10,1,-999,-999,0
22.5,92,64,5,-100.519,6,-138.074,8,8,20,0,-999,-999,0
22.5,92,64,5,-100.519,10,-140.344,10,10,10,1,-999,-999,0
22.5,92,64,5,-100.519,2,-141.129,9,9,20,0,-999,-999,0
22.5,92,64,5,-100.519,7,-150.984,12,12,20,0,-999,-999,0
22.5,93,40,6,-121.177,1,-82.6106,9,9,20,0,-999,-999,0
22.5,93,40,6,-121.177,4,-86.9385,3,4,20,0,-999,-999,0
22.5,93,40,6,-121.177,8,-90.9902,12,12,20,0,-999,-999,0
22.5,93,40,6,-121.177,2,-121.439,9,9,20,0,-999,-999,0
22.5,93,40,6,-121.177,10,-123.754,10,10,10,1,-999,-999,0
22.5,93,40,6,-121.177,3,-123.844,6,6,20,0,-999,-999,0
22.5,93,40,6,-121.177,7,-123.927,12,12,20,0,-999,-999,0
22.5,93,40,6,-121.177,9,-124.875,10,10,10,1,-999,-999,0
22.5,93,40,6,-121.177,13,-127.521,10,10,10,1,-999,-999,0
22.5,93,40,6,-121.177,11,-129.083,10,10,10,1,-999,-999,0
22.5,93,40,6,-121.177,14,-131.602,10,10,10,1,-999,-999,0
22.5,93,40,6,-121.177,12,-137.444,10,10,10,1,-999,-999,0
22.5,93,40,6,-121.177,5,-146.544,8,8,20,0,-999,-999,0
22.5,94,56,2,-93.756,9,-96.1606,10,10,10,1,-999,-999,0
22.5,94,56,2,-93.756,1,-106.364,9,9,20,0,-999,-999,0
22.5,94,56,2,-93.756,6,-115.592,8,8,20,0,-999,-999,0
22.5,94,56,2,-93.756,7,-118.36,12,12,20,0,-999,-999,0
22.5,94,56,2,-93.756,14,-118.503,10,10,10,1,-999,-999,0
22.5,94,56,2,-93.756,4,-126.582,3,4,20,0,-999,-999,0
22.5,94,56,2,-93.756,10,-129.475,10,10,10,1,-999,-999,0
22.5,94,56,2,-93.756,8,-131.588,12,12,20,0,-999,-999,0
22.5,94,56,2,-93.756,13,-132.672,10,10,10,1,-999,-999,0
22.5,94,56,2,-93.756,3,-133.305,6,6,20,0,-999,-999,0
22.5,94,56,2,-93.756,5,-133.493,8,8,20,0,-999,-999,0
22.5,94,56,2,-93.756,11,-134.096,10,10,10,1,-999,-999,0
22.5,94,56,2,-93.756,12,-140.244,10,10,10,1,-999,-999,0
22.5,95,36,8,-96.0779,4,-75.0634,3,4,20,0,-999,-999,0
22.5,95,36,8,-96.0779,9,-87.7539,10,10,10,1,-999,-999,0
22.5,95,36,8,-96.0779,14,-91.324,10,10,10,1,-999,-999,0
22.5,95,36,8,-96.0779,3,-118.936,6,6,20,0,-999,-999,0
22.5,95,36,8,-96.0779,13,-121.626,10,10,10,1,-999,-999,0
22.5,95,36,8,-96.0779,6,-127.893,8,8,20,0,-999,-999,0
22.5,95,36,8,-96.0779,5,-128.336,8,8,20,0,-999,-999,0
22.5,95,36,8,-96.0779,12,-128.798,10,10,10,1,-999,-999,0
22.5,95,36,8,-96.0779,2,-131.01,9,9,20,0,-999,-999,0
22.5,95,36,8,-96.0779,10,-133.543,10,10,10,1,-999,-999,0
22.5,95,36,8,-96.0779,1,-134.14,9,9,20,0,-999,-999,0
22.5,95,36,8,-96.0779,11,-134.453,10,10,10,1,-999,-999,0
22.5,95,36,8,-96.0779,7,-147.213,12,12,20,0,-999,-999,0
22.5,96,29,13,-83.3743,3,-81.8292,6,6,20,0,-999,-999,0
22.5,96,29,13,-83.3743,11,-91.964,10,10,10,1,-999,-999,0
22.5,96,29,13,-83.3743,12,-97.0587,10,10,10,1,-999,-999,0
22.5,96,29,13,-83.3743,4,-118.586,3,4,20,0,-999,-999,0
22.5,96,29,13,-83.3743,6,-119.283,8,8,20,0,-999,-999,0
22.5,96,29,13,-83.3743,8,-120.756,12,12,20,0,-999,-999,0
22.5,96,29,13,-83.3743,14,-121.062,10,10,10,1,-999,-999,0
22.5,96,29,13,-83.3743,1,-127.787,9,9,20,0,-999,-999,0
22.5,96,29,13,-83.3743,5,-128.217,8,8,20,0,-999,-999,0
22.5,96,29,13,-83.3743,9,-128.709,10,10,10,1,-999,-999,0
22.5,96,29,13,-83.3743,2,-134.432,9,9,20,0,-999,-999,0
22.5,96,29,13,-83.3743,7,-142.79,12,12,20,0,-999,-999,0
22.5,96,29,13,-83.3743,10,-145.039,10,10,10,1,-999,-999,0
22.5,97,31,2,-62.8585,1,-92.7893,9,9,20,0,-999,-999,0
22.5,97,31,2,-62.8585,14,-121.36,10,10,10,1,-999,-999,0
22.5,97,31,2,-62.8585,10,-123.979,10,10,10,1,-999,-999,0
22.5,97,31,2,-62.8585,6,-125.073,8,8,20,0,-999,-999,0
22.5,97,31,2,-62.8585,7,-127.155,12,12,20,0,-999,-999,0
22.5,97,31,2,-62.8585,4,-129.083,3,4,20,0,-999,-999,0
22.5,97,31,2,-62.8585,13,-132.787,10,10,10,1,-999,-999,0
22.5,97,31,2,-62.8585,12,-133.171,10,10,10,1,-999,-999,0
22.5,97,31,2,-62.8585,3,-135.991,6,6,20,0,-999,-999,0
22.5,97,31,2,-62.8585,8,-136.172,12,12,20,0,-999,-999,0
22.5,97,31,2,-62.8585,5,-138.105,8,8,20,0,-999,-999,0
22.5,97,31,2,-62.8585,9,-139.096,10,10,10,1,-999,-999,0
22.5,97,31,2,-62.8585,11,-139.367,10,10,10,1,-999,-999,0
22.5,101,37,8,-110.993,3,-84.6358,6,6,20,0,-999,-999,0
22.5,101,37,8,-110.993,9,-87.4507,10,10,10,1,-999,-999,0
22.5,101,37,8,-110.993,6,-88.1286,8,8,20,0,-999,-999,0
22.5,101,37,8,-110.993,12,-89.0889,10,10,10,1,-999,-999,0
22.5,101,37,8,-110.993,1,-103.293,9,9,20,0,-999,-999,0
22.5,101,37,8,-110.993,5,-108.126,8,8,20,0,-999,-999,0
22.5,101,37,8,-110.993,4,-112.326,3,4,20,0,-999,-999,0
22.5,101,37,8,-110.993,13,-114.668,10,10,10,1,-999,-999,0
22.5,101,37,8,-110.993,11,-119.436,10,10,10,1,-999,-999,0
22.5,101,37,8,-110.993,2,-128.408,9,9,20,0,-999,-999,0
22.5,101,37,8,-110.993,14,-129.251,10,10,10,1,-999,-999,0
22.5,101,37,8,-110.993,10,-138.206,10,10,10,1,-999,-999,0
22.5,101,37,8,-110.993,7,-139.381,12,12,20,0,-999,-999,0
22.5,104,56,6,-127.979,2,-83.7407,9,9,20,0,-999,-999,0
22.5,104,56,6,-127.979,13,-104.499,10,10,10,1,-999,-999,0
22.5,104,56,6,-127.979,4,-113.705,3,4,20,0,-999,-999,0
22.5,104,56,6,-127.979,1,-115.576,9,9,20,0,-999,-999,0
22.5,104,56,6,-127.979,9,-117.455,10,10,10,1,-999,-999,0
22.5,104,56,6,-127.979,8,-123.875,12,12,20,0,-999,-999,0
22.5,104,56,6,-127.979,10,-129.51,10,10,10,1,-999,-999,0
22.5,104,56,6,-127.979,12,-130.748,10,10,10,1,-999,-999,0
22.5,104,56,6,-127.979,14,-131.533,10,10,10,1,-999,-999,0
22.5,104,56,6,-127.979,7,-133.992,12,12,20,0,-999,-999,0
22.5,104,56,6,-127.979,5,-137.409,8,8,20,0,-999,-999,0
22.5,104,56,6,-127.979,3,-143.483,6,6,20,0,-999,-999,0
22.5,104,56,6,-127.979,11,-147.033,10,10,10,1,-999,-999,0
22.5,109,30,13,-126.884,3,-119.98,6,6,20,0,-999,-999,0
22.5,109,30,13,-126.884,11,-126.915,10,10,10,1,-999,-999,0
22.5,109,30,13,-126.884,7,-127.219,12,12,20,0,-999,-999,0
22.5,109,30,13,-126.884,9,-128.232,10,10,10,1,-999,-999,0
22.5,109,30,13,-126.884,14,-131.057,10,10,10,1,-999,-999,0
22.5,109,30,13,-126.884,6,-131.873,8,8,20,0,-999,-999,0
22.5,109,30,13,-126.884,2,-133.565,9,9,20,0,-999,-999,0
22.5,109,30,13,-126.884,4,-133.607,3,4,20,0,-999,-999,0
22.5,109,30,13,-126.884,8,-134.512,12,12,20,0,-999,-999,0
22.5,109,30,13,-126.884,5,-134.684,8,8,20,0,-999,-999,0
22.5,109,30,13,-126.884,1,-136.881,9,9,20,0,-999,-999,0
22.5,109,30,13,-126.884,12,-139.144,10,10,10,1,-999,-999,0
22.5,109,30,13,-126.884,10,-151.136,10,10,10,1,-999,-999,0
22.5,112,56,1,-96.6293,9,-88.3288,10,10,10,1,-999,-999,0
22.5,112,56,1,-96.6293,14,-92.209,10,10,10,1,-999,-999,0
22.5,112,56,1,-96.6293,2,-110.272,9,9,20,0,-999,-999,0
22.5,112,56,1,-96.6293,6,-114.973,8,8,20,0,-999,-999,0
22.5,112,56,1,-96.6293,3,-125.898,6,6,20,0,-999,-999,0
22.5,112,56,1,-96.6293,10,-125.962,10,10,10,1,-999,-999,0
22.5,112,56,1,-96.6293,7,-127.126,12,12,20,0,-999,-999,0
22.5,112,56,1,-96.6293,8,-127.988,12,12,20,0,-999,-999,0
22.5,112,56,1,-96.6293,12,-132.705,10,10,10,1,-999,-999,0
22.5,112,56,1,-96.6293,4,-133.399,3,4,20,0,-999,-999,0
22.5,112,56,1,-96.6293,13,-138.154,10,10,10,1,-999,-999,0
22.5,112,56,1,-96.6293,5,-138.442,8,8,20,0,-999,-999,0
22.5,112,56,1,-96.6293,11,-143.313,10,10,10,1,-999,-999,0
22.5,114,32,2,-58.9414,1,-97.8499,9,9,20,0,-999,-999,0
22.5,114,32,2,-58.9414,6,-99.1907,8,8,20,0,-999,-999,0
22.5,114,32,2,-58.9414,9,-103.232,10,10,10,1,-999,-999,0
22.5,114,32,2,-58.9414,12,-107.836,10,10,10,1,-999,-999,0
22.5,114,32,2,-58.9414,7,-123.509,12,12,20,0,-999,-999,0
22.5,114,32,2,-58.9414,10,-124.91,10,10,10,1,-999,-999,0
22.5,114,32,2,-58.9414,14,-131.973,10,10,10,1,-999,-999,0
22.5,114,32,2,-58.9414,4,-138.148,3,4,20,0,-999,-999,0
22.5,114,32,2,-58.9414,3,-139.43,6,6,20,0,-999,-999,0
22.5,114,32,2,-58.9414,8,-139.933,12,12,20,0,-999,-999,0
22.5,114,32,2,-58.9414,13,-143.501,10,10,10,1,-999,-999,0
22.5,114,32,2,-58.9414,5,-145.632,8,8,20,0,-999,-999,0
22.5,114,32,2,-58.9414,11,-154.9,10,10,10,1,-999,-999,0
22.5,120,56,13,-122.585,2,-109.053,9,9,20,0,-999,-999,0
22.5,120,56,13,-122.585,3,-122.796,6,6,20,0,-999,-999,0
22.5,120,56,13,-122.585,11,-123.839,10,10,10,1,-999,-999,0
22.5,120,56,13,-122.585,5,-125.798,8,8,20,0,-999,-999,0
22.5,120,56,13,-122.585,10,-129.064,10,10,10,1,-999,-999,0
22.5,120,56,13,-122.585,4,-131.651,3,4,20,0,-999,-999,0
22.5,120,56,13,-122.585,14,-134.189,10,10,10,1,-999,-999,0
22.5,120,56,13,-122.585,8,-135.819,12,12,20,0,-999,-999,0
22.5,120,56,13,-122.585,1,-137.005,9,9,20,0,-999,-999,0
22.5,120,56,13,-122.585,12,-138.8,10,10,10,1,-999,-999,0
22.5,120,56,13,-122.585,7,-144.129,12,12,20,0,-999,-999,0
22.5,120,56,13,-122.585,6,-149.002,8,8,20,0,-999,-999,0
22.5,120,56,13,-122.585,9,-158.293,10,10,10,1,-999,-999,0
22.5,121,45,11,-97.7444,3,-97.4808,6,6,20,0,-999,-999,0
22.5,121,45,11,-97.7444,5,-114.226,8,8,20,0,-999,-999,0
22.5,121,45,11,-97.7444,4,-131.591,3,4,20,0,-999,-999,0
22.5,121,45,11,-97.7444,8,-137.065,12,12,20,0,-999,-999,0
22.5,121,45,11,-97.7444,13,-138.82,10,10,10,1,-999,-999,0
22.5,121,45,11,-97.7444,6,-142.103,8,8,20,0,-999,-999,0
22.5,121,45,11,-97.7444,7,-145.164,12,12,20,0,-999,-999,0
22.5,121,45,11,-97.7444,12,-146.525,10,10,10,1,-999,-999,0
22.5,121,45,11,-97.7444,14,-147.483,10,10,10,1,-999,-999,0
22.5,121,45,11,-97.7444,10,-149.876,10,10,10,1,-999,-999,0
22.5,121,45,11,-97.7444,1,-150.901,9,9,20,0,-999,-999,0
22.5,121,45,11,-97.7444,9,-154.92,10,10,10,1,-999,-999,0
22.5,121,45,11,-97.7444,2,-159.606,9,9,20,0,-999,-999,0
22.5,124,80,8,-136.029,5,-96.9534,8,8,20,0,-999,-999,0
22.5,124,80,8,-136.029,9,-101.428,10,10,10,1,-999,-999,0
22.5,124,80,8,-136.029,12,-106.576,10,10,10,1,-999,-999,0
22.5,124,80,8,-136.029,14,-109.373,10,10,10,1,-999,-999,0
22.5,124,80,8,-136.029,7,-123.439,12,12,20,0,-999,-999,0
22.5,124,80,8,-136.029,3,-126.335,6,6,20,0,-999,-999,0
22.5,124,80,8,-136.029,10,-127.143,10,10,10,1,-999,-999,0
22.5,124,80,8,-136.029,11,-130.015,10,10,10,1,-999,-999,0
22.5,124,80,8,-136.029,6,-131.229,8,8,20,0,-999,-999,0
22.5,124,80,8,-136.029,1,-131.267,9,9,20,0,-999,-999,0
22.5,124,80,8,-136.029,4,-131.993,3,4,20,0,-999,-999,0
22.5,124,80,8,-136.029,13,-139.067,10,10,10,1,-999,-999,0
22.5,124,80,8,-136.029,2,-140.42,9,9,20,0,-999,-999,0
22.5,125,34,7,-107.079,13,-87.1905,10,10,10,1,-999,-999,0
22.5,125,34,7,-107.079,1,-115.801,9,9,20,0,-999,-999,0
22.5,125,34,7,-107.079,10,-116.867,10,10,10,1,-999,-999,0
22.5,125,34,7,-107.079,6,-123.026,8,8,20,0,-999,-999,0
22.5,125,34,7,-107.079,4,-124.707,3,4,20,0,-999,-999,0
22.5,125,34,7,-107.079,3,-125.509,6,6,20,0,-999,-999,0
22.5,125,34,7,-107.079,2,-126.035,9,9,20,0,-999,-999,0
22.5,125,34,7,-107.079,8,-128.71,12,12,20,0,-999,-999,0
22.5,125,34,7,-107.079,11,-131.976,10,10,10,1,-999,-999,0
22.5,125,34,7,-107.079,14,-138.968,10,10,10,1,-999,-999,0
22.5,125,34,7,-107.079,9,-141.929,10,10,10,1,-999,-999,0
22.5,125,34,7,-107.079,12,-145.276,10,10,10,1,-999,-999,0
22.5,125,34,7,-107.079,5,-158.009,8,8,20,0,-999,-999,0
22.5,128,64,12,-129.918,5,-96.81,8,8,20,0,-999,-999,5
22.5,128,64,12,-129.918,11,-98.7419,10,10,10,1,-999,-999,5
22.5,128,64,12,-129.918,8,-133.487,12,12,20,0,-999,-999,5
22.5,128,64,12,-129.918,14,-134.042,10,10,10,1,-999,-999,5
22.5,128,64,12,-129.918,6,-136.598,8,8,20,0,-999,-999,5
22.5,128,64,12,-129.918,13,-137.179,10,10,10,1,-999,-999,5
22.5,128,64,12,-129.918,2,-137.307,9,9,20,0,-999,-999,5
22.5,128,64,12,-129.918,1,-139.577,9,9,20,0,-999,-999,5
22.5,128,64,12,-129.918,10,-140.794,10,10,10,1,-999,-999,5
22.5,128,64,12,-129.918,4,-141.271,3,4,20,0,-999,-999,5
22.5,128,64,12,-129.918,9,-141.419,10,10,10,1,-999,-999,5
22.5,128,64,12,-129.918,3,-144.43,6,6,20,0,-999,-999,5
22.5,128,64,12,-129.918,7,-148.011,12,12,20,0,-999,-999,5
22.5,129,53,14,-69.3011,12,-98.6917,10,10,10,1,-999,-999,0
22.5,129,53,14,-69.3011,2,-101.746,9,9,20,0,-999,-999,0
22.5,129,53,14,-69.3011,3,-111.785,6,6,20,0,-999,-999,0
22.5,129,53,14,-69.3011,13,-117.375,10,10,10,1,-999,-999,0
22.5,129,53,14,-69.3011,9,-127.032,10,10,10,1,-999,-999,0
22.5,129,53,14,-69.3011,6,-129.623,8,8,20,0,-999,-999,0
22.5,129,53,14,-69.3011,10,-135.378,10,10,10,1,-999,-999,0
22.5,129,53,14,-69.3011,5,-136.564,8,9,20,0,-999,-999,0
22.5,129,53,14,-69.3011,7,-138.801,12,12,20,0,-999,-999,0
22.5,129,53,14,-69.3011,4,-139.225,3,4,20,0,-999,-999,0
22.5,129,53,14,-69.3011,8,-140.622,12,12,20,0,-999,-999,0
22.5,129,53,14,-69.3011,11,-143.072,10,10,10,1,-999,-999,0
22.5,129,53,14,-69.3011,1,-148.993,9,9,20,0,-999,-999,0
22.5,130,65,1,-108.875,6,-104.864,8,8,20,0,-999,-999,0
22.5,130,65,1,-108.875,2,-118.19,9,9,20,0,-999,-999,0
22.5,130,65,1,-108.875,13,-118.293,10,10,10,1,-999,-999,0
22.5,130,65,1,-108.875,10,-119.443,10,10,10,1,-999,-999,0
22.5,130,65,1,-108.875,7,-121.168,12,12,20,0,-999,-999,0
22.5,130,65,1,-108.875,8,-121.936,12,12,20,0,-999,-999,0
22.5,130,65,1,-108.875,4,-123.053,3,4,20,0,-999,-999,0
22.5,130,65,1,-108.875,9,-124.807,10,10,10,1,-999,-999,0
22.5,130,65,1,-108.875,3,-126.817,6,6,20,0,-999,-999,0
22.5,130,65,1,-108.875,12,-129.615,10,10,10,1,-999,-999,0
22.5,130,65,1,-108.875,5,-131.117,8,9,20,0,-999,-999,0
22.5,130,65,1,-108.875,14,-137.661,10,10,10,1,-999,-999,0
22.5,130,65,1,-108.875,11,-138.132,10,10,10,1,-999,-999,0
22.5,131,81,8,-120.541,5,-83.7383,8,9,20,0,-999,-999,0
22.5,131,81,8,-120.541,1,-103.367,9,9,20,0,-999,-999,0
22.5,131,81,8,-120.541,3,-109.231,6,6,20,0,-999,-999,0
22.5,131,81,8,-120.541,13,-117.497,10,10,10,1,-999,-999,0
22.5,131,81,8,-120.541,4,-118.805,3,4,20,0,-999,-999,0
22.5,131,81,8,-120.541,11,-121.184,10,10,10,1,-999,-999,0
22.5,131,81,8,-120.541,2,-124.913,9,9,20,0,-999,-999,0
22.5,131,81,8,-120.541,6,-126.211,8,8,20,0,-999,-999,0
22.5,131,81,8,-120.541,7,-128.351,12,12,20,0,-999,-999,0
22.5,131,81,8,-120.541,9,-131.489,10,10,10,1,-999,-999,0
22.5,131,81,8,-120.541,12,-131.759,10,10,10,1,-999,-999,0
22.5,131,81,8,-120.541,10,-131.943,10,10,10,1,-999,-999,0
22.5,131,81,8,-120.541,14,-136.64,10,10,10,1,-999,-999,0
22.5,133,29,9,-95.8512,6,-86.6189,8,8,20,0,-999,-999,0
22.5,133,29,9,-95.8512,7,-117.51,12,12,20,0,-999,-999,0
22.5,133,29,9,-95.8512,2,-126.849,9,9,20,0,-999,-999,0
22.5,133,29,9,-95.8512,13,-128.149,10,10,10,1,-999,-999,0
22.5,133,29,9,-95.8512,1,-129.526,9,9,20,0,-999,-999,0
22.5,133,29,9,-95.8512,12,-129.603,10,10,10,1,-999,-999,0
22.5,133,29,9,-95.8512,8,-134.34,12,12,20,0,-999,-999,0
22.5,133,29,9,-95.8512,4,-135.015,3,4,20,0,-999,-999,0
22.5,133,29,9,-95.8512,14,-136.437,10,10,10,1,-999,-999,0
22.5,133,29,9,-95.8512,3,-136.737,6,6,20,0,-999,-999,0
22.5,133,29,9,-95.8512,10,-139.106,10,10,10,1,-999,-999,0
22.5,133,29,9,-95.8512,5,-142.165,8,9,20,0,-999,-999,0
22.5,133,29,9,-95.8512,11,-143.4,10,10,10,1,-999,-999,0
22.5,134,53,10,-73.6518,6,-112.532,8,8,20,0,-999,-999,0
22.5,134,53,10,-73.6518,8,-112.954,12,12,20,0,-999,-999,0
22.5,134,53,10,-73.6518,12,-130.495,10,10,10,1,-999,-999,0
22.5,134,53,10,-73.6518,1,-131.534,9,9,20,0,-999,-999,0
22.5,134,53,10,-73.6518,7,-132.404,12,12,20,0,-999,-999,0
22.5,134,53,10,-73.6518,9,-134.025,10,10,10,1,-999,-999,0
22.5,134,53,10,-73.6518,2,-140.065,9,9,20,0,-999,-999,0
22.5,134,53,10,-73.6518,4,-141.873,3,4,20,0,-999,-999,0
22.5,134,53,10,-73.6518,14,-150.43,10,10,10,1,-999,-999,0
22.5,134,53,10,-73.6518,3,-150.601,6,6,20,0,-999,-999,0
22.5,134,53,10,-73.6518,13,-151.135,10,10,10,1,-999,-999,0
22.5,134,53,10,-73.6518,11,-156.274,10,10,10,1,-999,-999,0
22.5,134,53,10,-73.6518,5,-158.092,8,9,20,0,-999,-999,0
22.5,135,73,7,-124.028,6,-78.0784,8,8,20,0,-999,-999,0
22.5,135,73,7,-124.028,4,-89.4827,3,4,20,0,-999,-999,0
22.5,135,73,7,-124.028,5,-95.0581,8,9,20,0,-999,-999,0
22.5,135,73,7,-124.028,12,-107.054,10,10,10,1,-999,-999,0
22.5,135,73,7,-124.028,2,-108.973,9,9,20,0,-999,-999,0
22.5,135,73,7,-124.028,9,-115.903,10,10,10,1,-999,-999,0
22.5,135,73,7,-124.028,1,-116.695,9,9,20,0,-999,-999,0
22.5,135,73,7,-124.028,13,-128.547,10,10,10,1,-999,-999,0
22.5,135,73,7,-124.028,3,-131.19,6,6,20,0,-999,-999,0
22.5,135,73,7,-124.028,8,-131.628,12,12,20,0,-999,-999,0
22.5,135,73,7,-124.028,11,-132.15,10,10,10,1,-999,-999,0
22.5,135,73,7,-124.028,14,-133.821,10,10,10,1,-999,-999,0
22.5,135,73,7,-124.028,10,-139.043,10,10,10,1,-999,-999,0
22.5,137,15,12,-142.288,5,-81.8438,8,9,20,0,-999,-999,0
22.5,137,15,12,-142.288,6,-103.032,8,8,20,0,-999,-999,0
22.5,137,15,12,-142.288,11,-112.993,10,10,10,1,-999,-999,0
22.5,137,15,12,-142.288,14,-119.482,10,10,10,1,-999,-999,0
22.5,137,15,12,-142.288,3,-121.471,6,6,20,0,-999,-999,0
22.5,137,15,12,-142.288,8,-127.248,12,12,20,0,-999,-999,0
22.5,137,15,12,-142.288,9,-131.852,10,10,10,1,-999,-999,0
22.5,137,15,12,-142.288,13,-132.012,10,10,10,1,-999,-999,0
22.5,137,15,12,-142.288,2,-135.156,9,9,20,0,-999,-999,0
22.5,137,15,12,-142.288,4,-138.692,3,4,20,0,-999,-999,0
22.5,137,15,12,-142.288,10,-141.185,10,10,10,1,-999,-999,0
22.5,137,15,12,-142.288,1,-144.067,9,9,20,0,-999,-999,0
22.5,137,15,12,-142.288,7,-150.153,12,12,20,0,-999,-999,0
22.5,138,23,6,-85.9974,9,-88.1779,10,10,10,1,-999,-999,0
22.5,138,23,6,-85.9974,5,-99.585,8,9,20,0,-999,-999,0
22.5,138,23,6,-85.9974,13,-113.639,10,10,10,1,-999,-999,0
22.5,138,23,6,-85.9974,8,-115.255,12,12,20,0,-999,-999,0
22.5,138,23,6,-85.9974,10,-116.941,10,10,10,1,-999,-999,0
22.5,138,23,6,-85.9974,4,-117.85,3,4,20,0,-999,-999,0
22.5,138,23,6,-85.9974,2,-121.317,9,9,20,0,-999,-999,0
22.5,138,23,6,-85.9974,1,-121.331,9,9,20,0,-999,-999,0
22.5,138,23,6,-85.9974,7,-125.146,12,12,20,0,-999,-999,0
22.5,138,23,6,-85.9974,3,-128.201,6,6,20,0,-999,-999,0
22.5,138,23,6,-85.9974,12,-130.138,10,10,10,1,-999,-999,0
22.5,138,23,6,-85.9974,11,-132.243,10,10,10,1,-999,-999,0
22.5,138,23,6,-85.9974,14,-142.251,10,10,10,1,-999,-999,0
22.5,140,64,1,-73.9018,12,-90.8119,10,10,10,1,-999,-999,0
22.5,140,64,1,-73.9018,7,-94.2558,12,12,20,0,-999,-999,0
22.5,140,64,1,-73.9018,10,-95.5529,10,10,10,1,-999,-999,0
22.5,140,64,1,-73.9018,13,-95.9333,10,10,10,1,-999,-999,0
22.5,140,64,1,-73.9018,5,-114.711,8,9,20,0,-999,-999,0
22.5,140,64,1,-73.9018,6,-116.811,8,8,20,0,-999,-999,0
22.5,140,64,1,-73.9018,2,-121.523,9,9,20,0,-999,-999,0
22.5,140,64,1,-73.9018,4,-123.133,3,4,20,0,-999,-999,0
22.5,140,64,1,-73.9018,14,-124.488,10,10,10,1,-999,-999,0
22.5,140,64,1,-73.9018,9,-129.482,10,10,10,1,-999,-999,0
22.5,140,64,1,-73.9018,3,-130.329,6,6,20,0,-999,-999,0
22.5,140,64,1,-73.9018,8,-134.002,12,12,20,0,-999,-999,0
22.5,140,64,1,-73.9018,11,-134.828,10,10,10,1,-999,-999,0
22.5,143,30,9,-74.4934,6,-109.636,8,8,20,0,-999,-999,0
22.5,143,30,9,-74.4934,2,-112.331,9,9,20,0,-999,-999,0
22.5,143,30,9,-74.4934,11,-122.263,10,10,10,1,-999,-999,0
22.5,143,30,9,-74.4934,4,-126.015,3,4,20,0,-999,-999,0
22.5,143,30,9,-74.4934,14,-132.508,10,10,10,1,-999,-999,0
22.5,143,30,9,-74.4934,1,-134.532,9,9,20,0,-999,-999,0
22.5,143,30,9,-74.4934,12,-135.77,10,10,10,1,-999,-999,0
22.5,143,30,9,-74.4934,13,-136.783,10,10,10,1,-999,-999,0
22.5,143,30,9,-74.4934,7,-138.365,12,12,20,0,-999,-999,0
22.5,143,30,9,-74.4934,8,-139.758,12,12,20,0,-999,-999,0
22.5,143,30,9,-74.4934,3,-140.089,6,6,20,0,-999,-999,0
22.5,143,30,9,-74.4934,5,-143.753,8,9,20,0,-999,-999,0
22.5,143,30,9,-74.4934,10,-143.953,10,10,10,1,-999,-999,0
22.5,144,77,11,-128.353,2,-90.324,9,9,20,0,-999,-999,0
22.5,144,77,11,-128.353,4,-113.986,3,4,20,0,-999,-999,0
22.5,144,77,11,-128.353,10,-119.243,10,10,10,1,-999,-999,0
22.5,144,77,11,-128.353,1,-120.533,9,9,20,0,-999,-999,0
22.5,144,77,11,-128.353,13,-120.585,10,10,10,1,-999,-999,0
22.5,144,77,11,-128.353,7,-120.961,12,12,20,0,-999,-999,0
22.5,144,77,11,-128.353,6,-121.772,8,8,20,0,-999,-999,0
22.5,144,77,11,-128.353,3,-122.867,6,6,20,0,-999,-999,0
22.5,144,77,11,-128.353,8,-126.35,12,12,20,0,-999,-999,0
22.5,144,77,11,-128.353,9,-127.166,10,10,10,1,-999,-999,0
22.5,144,77,11,-128.353,14,-134.13,10,10,10,1,-999,-999,0
22.5,144,77,11,-128.353,5,-138,8,9,20,0,-999,-999,0
22.5,144,77,11,-128.353,12,-139.217,10,10,10,1,-999,-999,0
22.5,146,29,12,-139.671,6,-92.3403,8,8,20,0,-999,-999,0
22.5,146,29,12,-139.671,7,-92.4705,12,12,20,0,-999,-999,0
22.5,146,29,12,-139.671,13,-102.211,10,10,10,1,-999,-999,0
22.5,146,29,12,-139.671,2,-112.546,9,9,20,0,-999,-999,0
22.5,146,29,12,-139.671,5,-113.61,8,9,20,0,-999,-999,0
22.5,146,29,12,-139.671,1,-121.801,9,9,20,0,-999,-999,0
22.5,146,29,12,-139.671,9,-122.287,10,10,10,1,-999,-999,0
22.5,146,29,12,-139.671,4,-126.947,3,4,20,0,-999,-999,0
22.5,146,29,12,-139.671,14,-130.087,10,10,10,1,-999,-999,0
22.5,146,29,12,-139.671,10,-132.154,10,10,10,1,-999,-999,0
22.5,146,29,12,-139.671,11,-132.504,10,10,10,1,-999,-999,0
22.5,146,29,12,-139.671,8,-137.008,12,12,20,0,-999,-999,0
22.5,146,29,12,-139.671,3,-139.179,6,6,20,0,-999,-999,0
22.5,149,15,4,-95.8195,5,-96.3514,8,9,20,0,-999,-999,0
22.5,149,15,4,-95.8195,12,-103.374,10,10,10,1,-999,-999,0
22.5,149,15,4,-95.8195,2,-117.68,9,9,20,0,-999,-999,0
22.5,149,15,4,-95.8195,13,-118.044,10,10,10,1,-999,-999,0
22.5,149,15,4,-95.8195,10,-118.978,10,10,10,1,-999,-999,0
22.5,149,15,4,-95.8195,8,-124.697,12,12,20,0,-999,-999,0
22.5,149,15,4,-95.8195,1,-127.898,9,9,20,0,-999,-999,0
22.5,149,15,4,-95.8195,6,-128.425,8,8,20,0,-999,-999,0
22.5,149,15,4,-95.8195,3,-129.218,6,6,20,0,-999,-999,0
22.5,149,15,4,-95.8195,7,-129.355,12,12,20,0,-999,-999,0
22.5,149,15,4,-95.8195,11,-130.753,10,10,10,1,-999,-999,0
22.5,149,15,4,-95.8195,9,-132.401,10,10,10,1,-999,-999,0
22.5,149,15,4,-95.8195,14,-135.264,10,10,10,1,-999,-999,0
22.5,150,70,8,-111.831,6,-85.5493,8,8,20,0,-999,-999,0
22.5,150,70,8,-111.831,13,-98.8323,10,10,10,1,-999,-999,0
22.5,150,70,8,-111.831,10,-102.887,10,10,10,1,-999,-999,0
22.5,150,70,8,-111.831,11,-111.324,10,10,10,1,-999,-999,0
22.5,150,70,8,-111.831,4,-111.628,3,4,20,0,-999,-999,0
22.5,150,70,8,-111.831,14,-112.633,10,10,10,1,-999,-999,0
22.5,150,70,8,-111.831,7,-127.069,12,12,20,0,-999,-999,0
22.5,150,70,8,-111.831,12,-127.963,10,10,10,1,-999,-999,0
22.5,150,70,8,-111.831,1,-128.079,9,9,20,0,-999,-999,0
22.5,150,70,8,-111.831,3,-129.914,6,6,20,0,-999,-999,0
22.5,150,70,8,-111.831,9,-129.941,10,10,10,1,-999,-999,0
22.5,150,70,8,-111.831,2,-131.355,9,9,20,0,-999,-999,0
22.5,150,70,8,-111.831,5,-135.624,8,9,20,0,-999,-999,0
22.5,153,78,13,-72.6555,8,-100.974,12,12,20,0,-999,-999,0
22.5,153,78,13,-72.6555,3,-121.328,6,6,20,0,-999,-999,0
22.5,153,78,13,-72.6555,7,-121.477,12,12,20,0,-999,-999,0
22.5,153,78,13,-72.6555,4,-121.934,3,4,20,0,-999,-999,0
22.5,153,78,13,-72.6555,9,-134.455,10,10,10,1,-999,-999,0
22.5,153,78,13,-72.6555,6,-135.403,8,8,20,0,-999,-999,0
22.5,153,78,13,-72.6555,1,-136.096,9,9,20,0,-999,-999,0
22.5,153,78,13,-72.6555,5,-137.431,8,9,20,0,-999,-999,0
22.5,153,78,13,-72.6555,14,-137.948,10,10,10,1,-999,-999,0
22.5,153,78,13,-72.6555,2,-138.596,9,9,20,0,-999,-999,0
22.5,153,78,13,-72.6555,11,-139.608,10,10,10,1,-999,-999,0
22.5,153,78,13,-72.6555,10,-139.767,10,10,10,1,-999,-999,0
22.5,153,78,13,-72.6555,12,-143.262,10,10,10,1,-999,-999,0
22.5,155,54,10,-83.4152,8,-86.2116,12,12,20,0,-999,-999,0
22.5,155,54,10,-83.4152,9,-99.9304,10,10,10,1,-999,-999,0
22.5,155,54,10,-83.4152,11,-113.468,10,10,10,1,-999,-999,0
22.5,155,54,10,-83.4152,4,-117.836,3,4,20,0,-999,-999,0
22.5,155,54,10,-83.4152,1,-123.842,9,9,20,0,-999,-999,0
22.5,155,54,10,-83.4152,6,-129.415,8,8,20,0,-999,-999,0
22.5,155,54,10,-83.4152,14,-130.378,10,10,10,1,-999,-999,0
22.5,155,54,10,-83.4152,13,-131.741,10,10,10,1,-999,-999,0
22.5,155,54,10,-83.4152,2,-132.081,9,9,20,0,-999,-999,0
22.5,155,54,10,-83.4152,7,-138.312,12,12,20,0,-999,-999,0
22.5,155,54,10,-83.4152,12,-141.117,10,10,10,1,-999,-999,0
22.5,155,54,10,-83.4152,5,-141.244,8,9,20,0,-999,-999,0
22.5,155,54,10,-83.4152,3,-148.616,6,6,20,0,-999,-999,0
22.5,156,22,11,-120.725,13,-95.0265,10,10,10,1,-999,-999,0
22.5,156,22,11,-120.725,14,-101.345,10,10,10,1,-999,-999,0
22.5,156,22,11,-120.725,1,-116.226,9,9,20,0,-999,-999,0
22.5,156,22,11,-120.725,7,-118.156,12,12,20,0,-999,-999,0
22.5,156,22,11,-120.725,3,-122.927,6,6,20,0,-999,-999,0
22.5,156,22,11,-120.725,5,-126.517,8,9,20,0,-999,-999,0
22.5,156,22,11,-120.725,9,-130.56,10,10,10,1,-999,-999,0
22.5,156,22,11,-120.725,8,-132.926,12,12,20,0,-999,-999,0
22.5,156,22,11,-120.725,4,-135.591,3,4,20,0,-999,-999,0
22.5,156,22,11,-120.725,10,-142.428,10,10,10,1,-999,-999,0
22.5,156,22,11,-120.725,6,-142.87,8,8,20,0,-999,-999,0
22.5,156,22,11,-120.725,12,-143.912,10,10,10,1,-999,-999,0
22.5,156,22,11,-120.725,2,-153.678,9,9,20,0,-999,-999,0
22.5,157,29,14,-87.1506,5,-92.7635,8,9,20,0,-999,-999,0
22.5,157,29,14,-87.1506,10,-109.494,10,10,10,1,-999,-999,0
22.5,157,29,14,-87.1506,8,-109.883,12,12,20,0,-999,-999,0
22.5,157,29,14,-87.1506,7,-120.261,12,12,20,0,-999,-999,0
22.5,157,29,14,-87.1506,9,-122.553,10,10,10,1,-999,-999,0
22.5,157,29,14,-87.1506,6,-129.423,8,8,20,0,-999,-999,0
22.5,157,29,14,-87.1506,12,-132.112,10,10,10,1,-999,-999,0
22.5,157,29,14,-87.1506,11,-132.391,10,10,10,1,-999,-999,0
22.5,157,29,14,-87.1506,3,-134.838,6,6,20,0,-999,-999,0
22.5,157,29,14,-87.1506,1,-135.795,9,9,20,0,-999,-999,0
22.5,157,29,14,-87.1506,2,-136.442,9,9,20,0,-999,-999,0
22.5,157,29,14,-87.1506,13,-144.136,10,10,10,1,-999,-999,0
22.5,157,29,14,-87.1506,4,-145.916,3,4,20,0,-999,-999,0
22.5,158,23,10,-110.188,8,-100.872,12,12,20,0,-999,-999,0
22.5,158,23,10,-110.188,1,-109.248,9,9,20,0,-999,-999,0
22.5,158,23,10,-110.188,11,-115.622,10,10,10,1,-999,-999,0
22.5,158,23,10,-110.188,7,-115.788,12,12,20,0,-999,-999,0
22.5,158,23,10,-110.188,2,-116.081,9,9,20,0,-999,-999,0
22.5,158,23,10,-110.188,6,-116.978,8,8,20,0,-999,-999,0
22.5,158,23,10,-110.188,9,-127.638,10,10,10,1,-999,-999,0
22.5,158,23,10,-110.188,4,-130.05,3,4,20,0,-999,-999,0
22.5,158,23,10,-110.188,12,-130.453,10,10,10,1,-999,-999,0
22.5,158,23,10,-110.188,13,-131.329,10,10,10,1,-999,-999,0
22.5,158,23,10,-110.188,3,-137.615,6,6,20,0,-999,-999,0
22.5,158,23,10,-110.188,14,-139.621,10,10,10,1,-999,-999,0
22.5,158,23,10,-110.188,5,-150.06,8,9,20,0,-999,-999,0
22.5,159,64,9,-131.454,8,-87.8431,12,12,20,0,-999,-999,0
22.5,159,64,9,-131.454,1,-117.028,9,9,20,0,-999,-999,0
22.5,159,64,9,-131.454,4,-120.793,3,4,20,0,-999,-999,0
22.5,159,64,9,-131.454,2,-122.793,9,9,20,0,-999,-999,0
22.5,159,64,9,-131.454,6,-124.285,8,8,20,0,-999,-999,0
22.5,159,64,9,-131.454,14,-125.183,10,10,10,1,-999,-999,0
22.5,159,64,9,-131.454,12,-127.922,10,10,10,1,-999,-999,0
22.5,159,64,9,-131.454,10,-128.687,10,10,10,1,-999,-999,0
22.5,159,64,9,-131.454,13,-129.863,10,10,10,1,-999,-999,0
22.5,159,64,9,-131.454,3,-130.312,6,6,20,0,-999,-999,0
22.5,159,64,9,-131.454,5,-130.673,8,9,20,0,-999,-999,0
22.5,159,64,9,-131.454,7,-132.085,12,12,20,0,-999,-999,0
22.5,159,64,9,-131.454,11,-141.289,10,10,10,1,-999,-999,0
22.5,161,56,5,-74.0471,1,-88.6056,9,9,20,0,-999,-999,0
22.5,161,56,5,-74.0471,12,-108.425,10,10,10,1,-999,-999,0
22.5,161,56,5,-74.0471,4,-108.491,3,4,20,0,-999,-999,0
22.5,161,56,5,-74.0471,3,-115.125,6,6,20,0,-999,-999,0
22.5,161,56,5,-74.0471,13,-119.985,10,10,10,1,-999,-999,0
22.5,161,56,5,-74.0471,7,-125.21,12,12,20,0,-999,-999,0
22.5,161,56,5,-74.0471,6,-126.621,8,8,20,0,-999,-999,0
22.5,161,56,5,-74.0471,11,-126.676,10,10,10,1,-999,-999,0
22.5,161,56,5,-74.0471,2,-127.195,9,9,20,0,-999,-999,0
22.5,161,56,5,-74.0471,14,-127.631,10,10,10,1,-999,-999,0
22.5,161,56,5,-74.0471,8,-128.714,12,12,20,0,-999,-999,0
22.5,161,56,5,-74.0471,9,-131.236,10,10,10,1,-999,-999,0
22.5,161,56,5,-74.0471,10,-131.344,10,10,10,1,-999,-999,0
22.5,164,72,10,-117.848,4,-99.8773,3,4,20,0,-999,-999,0
22.5,164,72,10,-117.848,5,-105.595,8,9,20,0,-999,-999,0
22.5,164,72,10,-117.848,3,-107.072,6,6,20,0,-999,-999,0
22.5,164,72,10,-117.848,1,-112.361,9,9,20,0,-999,-999,0
22.5,164,72,10,-117.848,2,-116.151,9,9,20,0,-999,-999,0
22.5,164,72,10,-117.848,7,-125.373,12,12,20,0,-999,-999,0
22.5,164,72,10,-117.848,6,-126.754,8,8,20,0,-999,-999,0
22.5,164,72,10,-117.848,8,-130.146,12,12,20,0,-999,-999,0
22.5,164,72,10,-117.848,13,-136.824,10,10,10,1,-999,-999,0
22.5,164,72,10,-117.848,9,-137.665,10,10,10,1,-999,-999,0
22.5,164,72,10,-117.848,14,-138.514,10,10,10,1,-999,-999,0
22.5,164,72,10,-117.848,11,-146.576,10,10,10,1,-999,-999,0
22.5,164,72,10,-117.848,12,-148.985,10,10,10,1,-999,-999,0
22.5,165,31,9,-117.618,14,-92.4816,10,10,10,1,-999,-999,0
22.5,165,31,9,-117.618,7,-101.537,12,12,20,0,-999,-999,0
22.5,165,31,9,-117.618,6,-111.969,8,8,20,0,-999,-999,0
22.5,165,31,9,-117.618,11,-113.859,10,10,10,1,-999,-999,0
22.5,165,31,9,-117.618,4,-115.115,3,4,20,0,-999,-999,0
22.5,165,31,9,-117.618,3,-115.42,6,6,20,0,-999,-999,0
22.5,165,31,9,-117.618,5,-117.808,8,9,20,0,-999,-999,0
22.5,165,31,9,-117.618,8,-119.561,12,12,20,0,-999,-999,0
22.5,165,31,9,-117.618,2,-119.571,9,9,20,0,-999,-999,0
22.5,165,31,9,-117.618,10,-120.499,10,10,10,1,-999,-999,0
22.5,165,31,9,-117.618,13,-127.623,10,10,10,1,-999,-999,0
22.5,165,31,9,-117.618,1,-128.584,9,9,20,0,-999,-999,0
22.5,165,31,9,-117.618,12,-129.191,10,10,10,1,-999,-999,0
22.5,167,16,4,-97.6621,13,-94.8841,10,10,10,1,-999,-999,0
22.5,167,16,4,-97.6621,5,-113.665,8,9,20,0,-999,-999,0
22.5,167,16,4,-97.6621,9,-114.861,10,10,10,1,-999,-999,0
22.5,167,16,4,-97.6621,8,-115.628,12,12,20,0,-999,-999,0
22.5,167,16,4,-97.6621,6,-122.051,8,8,20,0,-999,-999,0
22.5,167,16,4,-97.6621,3,-123.319,6,6,20,0,-999,-999,0
22.5,167,16,4,-97.6621,7,-123.697,12,12,20,0,-999,-999,0
22.5,167,16,4,-97.6621,14,-123.862,10,10,10,1,-999,-999,0
22.5,167,16,4,-97.6621,2,-127.472,9,9,20,0,-999,-999,0
22.5,167,16,4,-97.6621,12,-127.562,10,10,10,1,-999,-999,0
22.5,167,16,4,-97.6621,1,-129.224,9,9,20,0,-999,-999,0
22.5,167,16,4,-97.6621,10,-129.805,10,10,10,1,-999,-999,0
22.5,167,16,4,-97.6621,11,-130.813,10,10,10,1,-999,-999,0
22.5,168,78,11,-112.165,4,-103.615,3,4,20,0,-999,-999,0
22.5,168,78,11,-112.165,5,-125.826,8,9,20,0,-999,-999,0
22.5,168,78,11,-112.165,3,-131.532,6,6,20,0,-999,-999,0
22.5,168,78,11,-112.165,7,-135.434,12,12,20,0,-999,-999,0
22.5,168,78,11,-112.165,13,-138.546,10,10,10,1,-999,-999,0
22.5,168,78,11,-112.165,10,-140.56,10,10,10,1,-999,-999,0
22.5,168,78,11,-112.165,8,-141.8,12,12,20,0,-999,-999,0
22.5,168,78,11,-112.165,14,-142.273,10,10,10,1,-999,-999,0
22.5,168,78,11,-112.165,6,-148.83,8,8,20,0,-999,-999,0
22.5,168,78,11,-112.165,12,-152.572,10,10,10,1,-999,-999,0
22.5,168,78,11,-112.165,2,-153.528,9,9,20,0,-999,-999,0
22.5,168,78,11,-112.165,9,-156.433,10,10,10,1,-999,-999,0
22.5,168,78,11,-112.165,1,-159.669,9,9,20,0,-999,-999,0
22.5,172,15,10,-64.3742,8,-115.67,12,12,20,0,-999,-999,0
22.5,172,15,10,-64.3742,1,-121.435,9,9,20,0,-999,-999,0
22.5,172,15,10,-64.3742,2,-125.005,9,9,20,0,-999,-999,0
22.5,172,15,10,-64.3742,6,-128.581,8,8,20,0,-999,-999,0
22.5,172,15,10,-64.3742,4,-138.202,3,4,20,0,-999,-999,0
22.5,172,15,10,-64.3742,7,-140.882,12,12,20,0,-999,-999,0
22.5,172,15,10,-64.3742,13,-143.607,10,10,10,1,-999,-999,0
22.5,172,15,10,-64.3742,9,-146.03,10,10,10,1,-999,-999,0
22.5,172,15,10,-64.3742,5,-148.274,8,9,20,0,-999,-999,0
22.5,172,15,10,-64.3742,3,-149.647,6,6,20,0,-999,-999,0
22.5,172,15,10,-64.3742,11,-157.585,10,10,10,1,-999,-999,0
22.5,172,15,10,-64.3742,12,-160.449,10,10,10,1,-999,-999,0
22.5,172,15,10,-64.3742,14,-161.711,10,10,10,1,-999,-999,0
22.5,173,72,7,-111.552,14,-112.98,10,10,10,1,-999,-999,0
22.5,173,72,7,-111.552,12,-115.706,10,10,10,1,-999,-999,0
22.5,173,72,7,-111.552,10,-118.409,10,10,10,1,-999,-999,0
22.5,173,72,7,-111.552,8,-129.062,12,12,20,0,-999,-999,0
22.5,173,72,7,-111.552,13,-135.176,10,10,10,1,-999,-999,0
22.5,173,72,7,-111.552,2,-136.347,9,9,20,0,-999,-999,0
22.5,173,72,7,-111.552,1,-137.745,9,9,20,0,-999,-999,0
22.5,173,72,7,-111.552,4,-139.11,3,4,20,0,-999,-999,0
22.5,173,72,7,-111.552,3,-141.518,6,6,20,0,-999,-999,0
22.5,173,72,7,-111.552,11,-142.44,10,10,10,1,-999,-999,0
22.5,173,72,7,-111.552,9,-146.658,10,10,10,1,-999,-999,0
22.5,173,72,7,-111.552,5,-146.986,8,9,20,0,-999,-999,0
22.5,173,72,7,-111.552,6,-148.201,8,8,20,0,-999,-999,0
22.5,174,30,14,-92.8033,5,-94.217,8,9,20,0,-999,-999,0
22.5,174,30,14,-92.8033,8,-107.852,12,12,20,0,-999,-999,0
22.5,174,30,14,-92.8033,1,-119.715,9,9,20,0,-999,-999,0
22.5,174,30,14,-92.8033,2,-119.9,9,9,20,0,-999,-999,0
22.5,174,30,14,-92.8033,12,-123.458,10,10,10,1,-999,-999,0
22.5,174,30,14,-92.8033,11,-134.261,10,10,10,1,-999,-999,0
22.5,174,30,14,-92.8033,3,-134.987,6,6,20,0,-999,-999,0
22.5,174,30,14,-92.8033,6,-137.795,8,8,20,0,-999,-999,0
22.5,174,30,14,-92.8033,13,-138.021,10,10,10,1,-999,-999,0
22.5,174,30,14,-92.8033,9,-138.348,10,10,10,1,-999,-999,0
22.5,174,30,14,-92.8033,4,-139.43,3,4,20,0,-999,-999,0
22.5,174,30,14,-92.8033,10,-143.862,10,10,10,1,-999,-999,0
22.5,174,30,14,-92.8033,7,-152.864,12,12,20,0,-999,-999,0
22.5,175,23,11,-116.408,3,-74.755,6,6,20,0,-999,-999,0
22.5,175,23,11,-116.408,13,-81.85,10,10,10,1,-999,-999,0
22.5,175,23,11,-116.408,5,-92.2166,8,9,20,0,-999,-999,0
22.5,175,23,11,-116.408,10,-98.3007,10,10,10,1,-999,-999,0
22.5,175,23,11,-116.408,1,-108.731,9,9,20,0,-999,-999,0
22.5,175,23,11,-116.408,8,-122.881,12,12,20,0,-999,-999,0
22.5,175,23,11,-116.408,4,-130.9,3,4,20,0,-999,-999,0
22.5,175,23,11,-116.408,14,-131.073,10,10,10,1,-999,-999,0
22.5,175,23,11,-116.408,6,-132.044,8,8,20,0,-999,-999,0
22.5,175,23,11,-116.408,12,-132.088,10,10,10,1,-999,-999,0
22.5,175,23,11,-116.408,9,-134.371,10,10,10,1,-999,-999,0
22.5,175,23,11,-116.408,7,-139.263,12,12,20,0,-999,-999,0
22.5,175,23,11,-116.408,2,-140.166,9,9,20,0,-999,-999,0
22.5,176,24,6,-92.436,7,-87.0903,12,12,20,0,-999,-999,0
22.5,176,24,6,-92.436,9,-96.4983,10,10,10,1,-999,-999,0
22.5,176,24,6,-92.436,2,-113.438,9,9,20,0,-999,-999,0
22.5,176,24,6,-92.436,1,-113.675,9,9,20,0,-999,-999,0
22.5,176,24,6,-92.436,3,-120.928,6,6,20,0,-999,-999,0
22.5,176,24,6,-92.436,13,-121.587,10,10,10,1,-999,-999,0
22.5,176,24,6,-92.436,10,-127.018,10,10,10,1,-999,-999,0
22.5,176,24,6,-92.436,4,-129.138,3,4,20,0,-999,-999,0
22.5,176,24,6,-92.436,12,-132.23,10,10,10,1,-999,-999,0
22.5,176,24,6,-92.436,11,-132.408,10,10,10,1,-999,-999,0
22.5,176,24,6,-92.436,8,-135.078,12,12,20,0,-999,-999,0
22.5,176,24,6,-92.436,5,-136.565,8,9,20,0,-999,-999,0
22.5,176,24,6,-92.436,14,-143.843,10,10,10,1,-999,-999,0
22.5,179,39,7,-81.2673,4,-99.2102,3,4,20,0,-999,-999,0
22.5,179,39,7,-81.2673,5,-118.075,8,9,20,0,-999,-999,0
22.5,179,39,7,-81.2673,3,-118.196,6,6,20,0,-999,-999,0
22.5,179,39,7,-81.2673,1,-118.435,9,9,20,0,-999,-999,0
22.5,179,39,7,-81.2673,10,-119.88,10,10,10,1,-999,-999,0
22.5,179,39,7,-81.2673,2,-124.917,9,9,20,0,-999,-999,0
22.5,179,39,7,-81.2673,13,-128.468,10,10,10,1,-999,-999,0
22.5,179,39,7,-81.2673,12,-131.097,10,10,10,1,-999,-999,0
22.5,179,39,7,-81.2673,14,-135.085,10,10,10,1,-999,-999,0
22.5,179,39,7,-81.2673,9,-136.351,10,10,10,1,-999,-999,0
22.5,179,39,7,-81.2673,6,-137.499,8,8,20,0,-999,-999,0
22.5,179,39,7,-81.2673,8,-137.777,12,12,20,0,-999,-999,0
22.5,179,39,7,-81.2673,11,-153.775,10,10,10,1,-999,-999,0
22.5,180,55,10,-117.775,4,-93.761,3,4,20,0,-999,-999,0
22.5,180,55,10,-117.775,11,-104.78,10,10,10,1,-999,-999,0
22.5,180,55,10,-117.775,14,-110.058,10,10,10,1,-999,-999,0
22.5,180,55,10,-117.775,12,-110.642,10,10,10,1,-999,-999,0
22.5,180,55,10,-117.775,7,-113.103,12,12,20,0,-999,-999,0
22.5,180,55,10,-117.775,2,-127.599,9,9,20,0,-999,-999,0
22.5,180,55,10,-117.775,6,-128.098,8,8,20,0,-999,-999,0
22.5,180,55,10,-117.775,9,-128.816,10,10,10,1,-999,-999,0
22.5,180,55,10,-117.775,1,-132.143,9,9,20,0,-999,-999,0
22.5,180,55,10,-117.775,8,-134.291,12,12,20,0,-999,-999,0
22.5,180,55,10,-117.775,13,-140.85,10,10,10,1,-999,-999,0
22.5,180,55,10,-117.775,3,-156.059,6,6,20,0,-999,-999,0
22.5,180,55,10,-117.775,5,-156.313,8,9,20,0,-999,-999,0
22.5,181,24,11,-68.7025,3,-105.019,6,6,20,0,-999,-999,0
22.5,181,24,11,-68.7025,12,-107.469,10,10,10,1,-999,-999,0
22.5,181,24,11,-68.7025,9,-116.543,10,10,10,1,-999,-999,0
22.5,181,24,11,-68.7025,4,-117.501,3,4,20,0,-999,-999,0
22.5,181,24,11,-68.7025,2,-119.667,9,9,20,0,-999,-999,0
22.5,181,24,11,-68.7025,10,-120.365,10,10,10,1,-999,-999,0
22.5,181,24,11,-68.7025,5,-126.047,8,9,20,0,-999,-999,0
22.5,181,24,11,-68.7025,7,-130.557,12,12,20,0,-999,-999,0
22.5,181,24,11,-68.7025,13,-137.754,10,10,10,1,-999,-999,0
22.5,181,24,11,-68.7025,14,-141.231,10,10,10,1,-999,-999,0
22.5,181,24,11,-68.7025,1,-147.453,9,9,20,0,-999,-999,0
22.5,181,24,11,-68.7025,8,-149.754,12,12,20,0,-999,-999,0
22.5,181,24,11,-68.7025,6,-153.806,8,8,20,0,-999,-999,0
22.5,185,71,8,-67.2587,3,-86.3771,6,6,20,0,-999,-999,0
22.5,185,71,8,-67.2587,1,-88.6998,9,9,20,0,-999,-999,0
22.5,185,71,8,-67.2587,11,-90.4078,10,10,10,1,-999,-999,0
22.5,185,71,8,-67.2587,4,-118.637,3,4,20,0,-999,-999,0
22.5,185,71,8,-67.2587,10,-121.175,10,10,10,1,-999,-999,0
22.5,185,71,8,-67.2587,13,-123.851,10,10,10,1,-999,-999,0
22.5,185,71,8,-67.2587,6,-124.079,8,8,20,0,-999,-999,0
22.5,185,71,8,-67.2587,7,-124.326,12,12,20,0,-999,-999,0
22.5,185,71,8,-67.2587,5,-126.308,8,9,20,0,-999,-999,0
22.5,185,71,8,-67.2587,14,-126.758,10,10,10,1,-999,-999,0
22.5,185,71,8,-67.2587,2,-127.674,9,9,20,0,-999,-999,0
22.5,185,71,8,-67.2587,9,-133.761,10,10,10,1,-999,-999,0
22.5,185,71,8,-67.2587,12,-140.41,10,10,10,1,-999,-999,0
22.5,188,29,2,-76.9998,6,-83.1803,8,8,20,0,-999,-999,0
22.5,188,29,2,-76.9998,8,-111.896,12,12,20,0,-999,-999,0
22.5,188,29,2,-76.9998,1,-119.364,9,9,20,0,-999,-999,0
22.5,188,29,2,-76.9998,7,-124.787,12,12,20,0,-999,-999,0
22.5,188,29,2,-76.9998,10,-125.56,10,10,10,1,-999,-999,0
22.5,188,29,2,-76.9998,5,-129.749,8,9,20,0,-999,-999,0
22.5,188,29,2,-76.9998,4,-129.881,3,4,20,0,-999,-999,0
22.5,188,29,2,-76.9998,9,-130.967,10,10,10,1,-999,-999,0
22.5,188,29,2,-76.9998,11,-131.46,10,10,10,1,-999,-999,0
22.5,188,29,2,-76.9998,13,-132.137,10,10,10,1,-999,-999,0
22.5,188,29,2,-76.9998,3,-135.107,6,6,20,0,-999,-999,0
22.5,188,29,2,-76.9998,14,-140.753,10,10,10,1,-999,-999,0
22.5,188,29,2,-76.9998,12,-146.352,10,10,10,1,-999,-999,0
22.5,191,61,12,-100.992,6,-102.142,8,8,20,0,-999,-999,0
22.5,191,61,12,-100.992,1,-106.504,9,9,20,0,-999,-999,0
22.5,191,61,12,-100.992,5,-107.381,8,9,20,0,-999,-999,0
22.5,191,61,12,-100.992,10,-117.589,10,10,10,1,-999,-999,0
22.5,191,61,12,-100.992,14,-119.754,10,10,10,1,-999,-999,0
22.5,191,61,12,-100.992,4,-119.952,3,4,20,0,-999,-999,0
22.5,191,61,12,-100.992,13,-131.099,10,10,10,1,-999,-999,0
22.5,191,61,12,-100.992,9,-136.375,10,10,10,1,-999,-999,0
22.5,191,61,12,-100.992,2,-142.067,9,9,20,0,-999,-999,0
22.5,191,61,12,-100.992,7,-143.886,12,12,20,0,-999,-999,0
22.5,191,61,12,-100.992,3,-145.253,6,6,20,0,-999,-999,0
22.5,191,61,12,-100.992,11,-151.07,10,10,10,1,-999,-999,0
22.5,191,61,12,-100.992,8,-153.311,12,12,20,0,-999,-999,0
22.5,193,15,13,-86.1761,5,-75.5518,8,9,20,0,-999,-999,0
22.5,193,15,13,-86.1761,1,-112.409,9,9,20,0,-999,-999,0
22.5,193,15,13,-86.1761,3,-116.702,6,6,20,0,-999,-999,0
22.5,193,15,13,-86.1761,12,-118.605,10,10,10,1,-999,-999,0
22.5,193,15,13,-86.1761,11,-126.683,10,10,10,1,-999,-999,0
22.5,193,15,13,-86.1761,4,-127.867,3,4,20,0,-999,-999,0
22.5,193,15,13,-86.1761,8,-132.953,12,12,20,0,-999,-999,0
22.5,193,15,13,-86.1761,6,-133.275,8,8,20,0,-999,-999,0
22.5,193,15,13,-86.1761,2,-134.489,9,9,20,0,-999,-999,0
22.5,193,15,13,-86.1761,14,-139.043,10,10,10,1,-999,-999,0
22.5,193,15,13,-86.1761,10,-139.306,10,10,10,1,-999,-999,0
22.5,193,15,13,-86.1761,9,-143.728,10,10,10,1,-999,-999,0
22.5,193,15,13,-86.1761,7,-147.953,12,12,20,0,-999,-999,0
22.5,194,79,9,-120.845,1,-110.274,9,9,20,0,-999,-999,0
22.5,194,79,9,-120.845,2,-116.643,9,9,20,0,-999,-999,0
22.5,194,79,9,-120.845,6,-117.635,8,8,20,0,-999,-999,0
22.5,194,79,9,-120.845,7,-118.119,12,12,20,0,-999,-999,0
22.5,194,79,9,-120.845,10,-119.048,10,10,10,1,-999,-999,0
22.5,194,79,9,-120.845,4,-125.659,3,4,20,0,-999,-999,0
22.5,194,79,9,-120.845,3,-126.746,6,6,20,0,-999,-999,0
22.5,194,79,9,-120.845,13,-128.928,10,10,10,1,-999,-999,0
22.5,194,79,9,-120.845,12,-130.67,10,10,10,1,-999,-999,0
22.5,194,79,9,-120.845,14,-132.65,10,10,10,1,-999,-999,0
22.5,194,79,9,-120.845,11,-139.147,10,10,10,1,-999,-999,0
22.5,194,79,9,-120.845,8,-139.923,12,12,20,0,-999,-999,0
22.5,194,79,9,-120.845,5,-144.499,8,9,20,0,-999,-999,0
22.5,195,8,1,-98.7887,2,-95.2143,9,9,20,0,-999,-999,0
22.5,195,8,1,-98.7887,8,-114.113,12,12,20,0,-999,-999,0
22.5,195,8,1,-98.7887,7,-122.559,12,12,20,0,-999,-999,0
22.5,195,8,1,-98.7887,12,-128.567,10,10,10,1,-999,-999,0
22.5,195,8,1,-98.7887,4,-129.147,3,4,20,0,-999,-999,0
22.5,195,8,1,-98.7887,6,-132.034,8,8,20,0,-999,-999,0
22.5,195,8,1,-98.7887,10,-132.504,10,10,10,1,-999,-999,0
22.5,195,8,1,-98.7887,14,-132.825,10,10,10,1,-999,-999,0
22.5,195,8,1,-98.7887,5,-134.659,8,9,20,0,-999,-999,0
22.5,195,8,1,-98.7887,11,-136.924,10,10,10,1,-999,-999,0
22.5,195,8,1,-98.7887,3,-137.331,6,6,20,0,-999,-999,0
22.5,195,8,1,-98.7887,13,-139.981,10,10,10,1,-999,-999,0
22.5,195,8,1,-98.7887,9,-140.115,10,10,10,1,-999,-999,0
22.5,196,15,8,-102.968,3,-83.6352,6,6,20,0,-999,-999,0
22.5,196,15,8,-102.968,12,-90.2743,10,10,10,1,-999,-999,0
22.5,196,15,8,-102.968,4,-112.994,3,4,20,0,-999,-999,0
22.5,196,15,8,-102.968,1,-113.665,9,9,20,0,-999,-999,0
22.5,196,15,8,-102.968,13,-118.02,10,10,10,1,-999,-999,0
22.5,196,15,8,-102.968,14,-119.769,10,10,10,1,-999,-999,0
22.5,196,15,8,-102.968,5,-120.268,8,9,20,0,-999,-999,0
22.5,196,15,8,-102.968,6,-122.949,8,8,20,0,-999,-999,0
22.5,196,15,8,-102.968,9,-126.902,10,10,10,1,-999,-999,0
22.5,196,15,8,-102.968,2,-130.176,9,9,20,0,-999,-999,0
22.5,196,15,8,-102.968,10,-133.999,10,10,10,1,-999,-999,0
22.5,196,15,8,-102.968,7,-138.844,12,12,20,0,-999,-999,0
22.5,196,15,8,-102.968,11,-145.199,10,10,10,1,-999,-999,0
22.5,198,32,9,-66.9768,3,-94.0499,6,6,20,0,-999,-999,0
22.5,198,32,9,-66.9768,4,-102.557,3,4,20,0,-999,-999,0
22.5,198,32,9,-66.9768,6,-111.217,8,8,20,0,-999,-999,0
22.5,198,32,9,-66.9768,14,-111.964,10,10,10,1,-999,-999,0
22.5,198,32,9,-66.9768,2,-116.451,9,9,20,0,-999,-999,0
22.5,198,32,9,-66.9768,12,-130.556,10,10,10,1,-999,-999,0
22.5,198,32,9,-66.9768,13,-135.216,10,10,10,1,-999,-999,0
22.5,198,32,9,-66.9768,1,-135.757,9,9,20,0,-999,-999,0
22.5,198,32,9,-66.9768,8,-136.358,12,12,20,0,-999,-999,0
22.5,198,32,9,-66.9768,5,-140.919,8,9,20,0,-999,-999,0
22.5,198,32,9,-66.9768,7,-143.484,12,12,20,0,-999,-999,0
22.5,198,32,9,-66.9768,10,-148.362,10,10,10,1,-999,-999,0
22.5,198,32,9,-66.9768,11,-149.433,10,10,10,1,-999,-999,0
22.5,199,79,11,-100.398,8,-108.588,12,12,20,0,-999,-999,0
22.5,199,79,11,-100.398,5,-112.655,8,9,20,0,-999,-999,0
22.5,199,79,11,-100.398,12,-123.635,10,10,10,1,-999,-999,0
22.5,199,79,11,-100.398,4,-126.339,3,4,20,0,-999,-999,0
22.5,199,79,11,-100.398,3,-128.988,6,6,20,0,-999,-999,0
22.5,199,79,11,-100.398,14,-137.765,10,10,10,1,-999,-999,0
22.5,199,79,11,-100.398,13,-140.251,10,10,10,1,-999,-999,0
22.5,199,79,11,-100.398,6,-140.432,8,8,20,0,-999,-999,0
22.5,199,79,11,-100.398,9,-144.898,10,10,10,1,-999,-999,0
22.5,199,79,11,-100.398,7,-145.491,12,12,20,0,-999,-999,0
22.5,199,79,11,-100.398,1,-147.489,9,9,20,0,-999,-999,0
22.5,199,79,11,-100.398,2,-149.377,9,9,20,0,-999,-999,0
22.5,199,79,11,-100.398,10,-149.697,10,10,10,1,-999,-999,0
22.5,200,47,2,-102.738,1,-73.2504,9,9,20,0,-999,-999,0
22.5,200,47,2,-102.738,8,-90.1208,12,12,20,0,-999,-999,0
22.5,200,47,2,-102.738,11,-105.869,10,10,10,1,-999,-999,0
22.5,200,47,2,-102.738,7,-114.088,12,12,20,0,-999,-999,0
22.5,200,47,2,-102.738,6,-117.362,8,8,20,0,-999,-999,0
22.5,200,47,2,-102.738,10,-123.983,10,10,10,1,-999,-999,0
22.5,200,47,2,-102.738,13,-124.727,10,10,10,1,-999,-999,0
22.5,200,47,2,-102.738,9,-125.42,10,10,10,1,-999,-999,0
22.5,200,47,2,-102.738,4,-131.849,3,4,20,0,-999,-999,0
22.5,200,47,2,-102.738,5,-138.78,8,9,20,0,-999,-999,0
22.5,200,47,2,-102.738,3,-139.764,6,6,20,0,-999,-999,0
22.5,200,47,2,-102.738,12,-141.808,10,10,10,1,-999,-999,0
22.5,200,47,2,-102.738,14,-143.982,10,10,10,1,-999,-999,0
22.5,204,51,1,-125.758,10,-99.4789,10,10,10,1,-999,-999,0
22.5,204,51,1,-125.758,7,-105.932,12,12,20,0,-999,-999,0
22.5,204,51,1,-125.758,6,-115.143,8,8,20,0,-999,-999,0
22.5,204,51,1,-125.758,4,-118.209,3,4,20,0,-999,-999,0
22.5,204,51,1,-125.758,9,-124.542,10,10,10,1,-999,-999,0
22.5,204,51,1,-125.758,3,-126.028,6,6,20,0,-999,-999,0
22.5,204,51,1,-125.758,5,-126.171,8,9,20,0,-999,-999,0
22.5,204,51,1,-125.758,12,-126.816,10,10,10,1,-999,-999,0
22.5,204,51,1,-125.758,2,-127.192,9,9,20,0,-999,-999,0
22.5,204,51,1,-125.758,11,-128.764,10,10,10,1,-999,-999,0
22.5,204,51,1,-125.758,14,-129.252,10,10,10,1,-999,-999,0
22.5,204,51,1,-125.758,13,-131.139,10,10,10,1,-999,-999,0
22.5,204,51,1,-125.758,8,-131.512,12,12,20,0,-999,-999,0
22.5,205,79,13,-118.736,7,-96.3341,12,12,20,0,-999,-999,0
22.5,205,79,13,-118.736,11,-116.965,10,10,10,1,-999,-999,0
22.5,205,79,13,-118.736,5,-119.377,8,9,20,0,-999,-999,0
22.5,205,79,13,-118.736,4,-127.357,3,4,20,0,-999,-999,0
22.5,205,79,13,-118.736,3,-131.143,6,6,20,0,-999,-999,0
22.5,205,79,13,-118.736,10,-131.786,10,10,10,1,-999,-999,0
22.5,205,79,13,-118.736,9,-131.955,10,10,10,1,-999,-999,0
22.5,205,79,13,-118.736,8,-134.006,12,12,20,0,-999,-999,0
22.5,205,79,13,-118.736,12,-136.116,10,10,10,1,-999,-999,0
22.5,205,79,13,-118.736,14,-138.316,10,10,10,1,-999,-999,0
22.5,205,79,13,-118.736,1,-140.349,9,9,20,0,-999,-999,0
22.5,205,79,13,-118.736,6,-146.022,8,8,20,0,-999,-999,0
22.5,205,79,13,-118.736,2,-155.76,9,9,20,0,-999,-999,0
22.5,206,15,5,-62.8024,4,-100.621,3,4,20,0,-999,-999,0
22.5,206,15,5,-62.8024,1,-105.357,9,9,20,0,-999,-999,0
22.5,206,15,5,-62.8024,6,-108.164,8,8,20,0,-999,-999,0
22.5,206,15,5,-62.8024,14,-115.836,10,10,10,1,-999,-999,0
22.5,206,15,5,-62.8024,3,-120.756,6,6,20,0,-999,-999,0
22.5,206,15,5,-62.8024,11,-122.122,10,10,10,1,-999,-999,0
22.5,206,15,5,-62.8024,13,-125.491,10,10,10,1,-999,-999,0
22.5,206,15,5,-62.8024,12,-126.136,10,10,10,1,-999,-999,0
22.5,206,15,5,-62.8024,8,-137.551,12,12,20,0,-999,-999,0
22.5,206,15,5,-62.8024,7,-138.792,12,12,20,0,-999,-999,0
22.5,206,15,5,-62.8024,2,-141.489,9,9,20,0,-999,-999,0
22.5,206,15,5,-62.8024,10,-148.82,10,10,10,1,-999,-999,0
22.5,206,15,5,-62.8024,9,-149.404,10,10,10,1,-999,-999,0
22.5,207,16,12,-105.543,13,-93.8328,10,10,10,1,-999,-999,0
22.5,207,16,12,-105.543,6,-108.732,8,8,20,0,-999,-999,0
22.5,207,16,12,-105.543,2,-109.59,9,9,20,0,-999,-999,0
22.5,207,16,12,-105.543,1,-111.645,9,9,20,0,-999,-999,0
22.5,207,16,12,-105.543,14,-123.013,10,10,10,1,-999,-999,0
22.5,207,16,12,-105.543,5,-131.194,8,9,20,0,-999,-999,0
22.5,207,16,12,-105.543,10,-133.488,10,10,10,1,-999,-999,0
22.5,207,16,12,-105.543,8,-134.258,12,12,20,0,-999,-999,0
22.5,207,16,12,-105.543,3,-134.659,6,6,20,0,-999,-999,0
22.5,207,16,12,-105.543,9,-134.836,10,10,10,1,-999,-999,0
22.5,207,16,12,-105.543,11,-137.856,10,10,10,1,-999,-999,0
22.5,207,16,12,-105.543,4,-140.523,3,4,20,0,-999,-999,0
22.5,207,16,12,-105.543,7,-147.241,12,12,20,0,-999,-999,0
22.5,209,38,5,-68.8142,3,-92.5441,6,6,20,0,-999,-999,0
22.5,209,38,5,-68.8142,1,-105.302,9,9,20,0,-999,-999,0
22.5,209,38,5,-68.8142,13,-126.132,10,10,10,1,-999,-999,0
22.5,209,38,5,-68.8142,12,-128.925,10,10,10,1,-999,-999,0
22.5,209,38,5,-68.8142,4,-129.22,3,4,20,0,-999,-999,0
22.5,209,38,5,-68.8142,14,-129.402,10,10,10,1,-999,-999,0
22.5,209,38,5,-68.8142,8,-130.3,12,12,20,0,-999,-999,0
22.5,209,38,5,-68.8142,11,-130.41,10,10,10,1,-999,-999,0
22.5,209,38,5,-68.8142,7,-133.397,12,12,20,0,-999,-999,0
22.5,209,38,5,-68.8142,2,-135.909,9,9,20,0,-999,-999,0
22.5,209,38,5,-68.8142,6,-140.499,8,8,20,0,-999,-999,0
22.5,209,38,5,-68.8142,9,-142.488,10,10,10,1,-999,-999,0
22.5,209,38,5,-68.8142,10,-151.038,10,10,10,1,-999,-999,0
22.5,210,24,4,-109.218,3,-74.6864,6,6,20,0,-999,-999,0
22.5,210,24,4,-109.218,10,-95.2477,10,10,10,1,-999,-999,0
22.5,210,24,4,-109.218,6,-95.6671,8,8,20,0,-999,-999,0
22.5,210,24,4,-109.218,2,-101.671,9,9,20,0,-999,-999,0
22.5,210,24,4,-109.218,13,-113.038,10,10,10,1,-999,-999,0
22.5,210,24,4,-109.218,5,-125.436,8,9,20,0,-999,-999,0
22.5,210,24,4,-109.218,8,-125.952,12,12,20,0,-999,-999,0
22.5,210,24,4,-109.218,12,-127.222,10,10,10,1,-999,-999,0
22.5,210,24,4,-109.218,14,-129.674,10,10,10,1,-999,-999,0
22.5,210,24,4,-109.218,9,-132.59,10,10,10,1,-999,-999,0
22.5,210,24,4,-109.218,7,-133.202,12,12,20,0,-999,-999,0
22.5,210,24,4,-109.218,11,-136.773,10,10,10,1,-999,-999,0
22.5,210,24,4,-109.218,1,-137.119,9,9,20,0,-999,-999,0
22.5,212,31,14,-124.819,11,-99.2738,10,10,10,1,-999,-999,4
22.5,212,31,14,-124.819,4,-107.651,3,4,20,0,-999,-999,4
22.5,212,31,14,-124.819,7,-110.158,12,12,20,0,-999,-999,4
22.5,212,31,14,-124.819,6,-117.389,8,8,20,0,-999,-999,4
22.5,212,31,14,-124.819,9,-119.576,10,10,10,1,-999,-999,4
22.5,212,31,14,-124.819,3,-123.958,6,6,20,0,-999,-999,4
22.5,212,31,14,-124.819,13,-125.008,10,10,10,1,-999,-999,4
22.5,212,31,14,-124.819,12,-127.396,10,10,10,1,-999,-999,4
22.5,212,31,14,-124.819,5,-127.967,8,9,20,0,-999,-999,4
22.5,212,31,14,-124.819,8,-130.668,12,12,20,0,-999,-999,4
22.5,212,31,14,-124.819,2,-134.345,9,9,20,0,-999,-999,4
22.5,212,31,14,-124.819,10,-135.226,10,10,10,1,-999,-999,4
22.5,212,31,14,-124.819,1,-135.309,9,9,20,0,-999,-999,4
22.5,214,88,7,-112.625,2,-85.3193,9,9,20,0,-999,-999,0
22.5,214,88,7,-112.625,6,-92.7836,8,8,20,0,-999,-999,0
22.5,214,88,7,-112.625,8,-105.312,12,12,20,0,-999,-999,0
22.5,214,88,7,-112.625,11,-117.458,10,10,10,1,-999,-999,0
22.5,214,88,7,-112.625,1,-120.086,9,9,20,0,-999,-999,0
22.5,214,88,7,-112.625,10,-128.226,10,10,10,1,-999,-999,0
22.5,214,88,7,-112.625,12,-131.056,10,10,10,1,-999,-999,0
22.5,214,88,7,-112.625,4,-135.011,3,5,20,0,-999,-999,0
22.5,214,88,7,-112.625,9,-135.886,10,10,10,1,-999,-999,0
22.5,214,88,7,-112.625,14,-142.433,10,10,10,1,-999,-999,0
22.5,214,88,7,-112.625,13,-145.311,10,10,10,1,-999,-999,0
22.5,214,88,7,-112.625,3,-147.879,6,6,20,0,-999,-999,0
22.5,214,88,7,-112.625,5,-149.055,8,9,20,0,-999,-999,0
22.5,216,23,3,-68.903,13,-79.3769,10,10,10,1,-999,-999,0
22.5,216,23,3,-68.903,8,-82.4745,12,12,20,0,-999,-999,0
22.5,216,23,3,-68.903,12,-85.6328,10,10,10,1,-999,-999,0
22.5,216,23,3,-68.903,11,-95.47,10,10,10,1,-999,-999,0
22.5,216,23,3,-68.903,14,-122.477,10,10,10,1,-999,-999,0
22.5,216,23,3,-68.903,5,-122.778,8,9,20,0,-999,-999,0
22.5,216,23,3,-68.903,4,-122.839,3,5,20,0,-999,-999,0
22.5,216,23,3,-68.903,9,-129.661,10,10,10,1,-999,-999,0
22.5,216,23,3,-68.903,7,-133.375,12,12,20,0,-999,-999,0
22.5,216,23,3,-68.903,6,-134.82,8,8,20,0,-999,-999,0
22.5,216,23,3,-68.903,1,-139.867,9,9,20,0,-999,-999,0
22.5,216,23,3,-68.903,10,-140.301,10,10,10,1,-999,-999,0
22.5,216,23,3,-68.903,2,-144.563,9,9,20,0,-999,-999,0
22.5,217,62,12,-117.179,4,-74.1192,3,5,20,0,-999,-999,0
22.5,217,62,12,-117.179,14,-86.1479,10,10,10,1,-999,-999,0
22.5,217,62,12,-117.179,6,-100.844,8,8,20,0,-999,-999,0
22.5,217,62,12,-117.179,13,-115.774,10,10,10,1,-999,-999,0
22.5,217,62,12,-117.179,9,-118.981,10,10,10,1,-999,-999,0
22.5,217,62,12,-117.179,3,-120.732,6,6,20,0,-999,-999,0
22.5,217,62,12,-117.179,5,-125.344,8,9,20,0,-999,-999,0
22.5,217,62,12,-117.179,10,-126.995,10,10,10,1,-999,-999,0
22.5,217,62,12,-117.179,8,-128.719,12,12,20,0,-999,-999,0
22.5,217,62,12,-117.179,2,-130.757,9,9,20,0,-999,-999,0
22.5,217,62,12,-117.179,1,-131.276,9,9,20,0,-999,-999,0
22.5,217,62,12,-117.179,7,-134.777,12,12,20,0,-999,-999,0
22.5,217,62,12,-117.179,11,-138.234,10,10,10,1,-999,-999,0
22.5,219,56,7,-67.7145,13,-108.682,10,10,10,1,-999,-999,0
22.5,219,56,7,-67.7145,1,-114.201,9,9,20,0,-999,-999,0
22.5,219,56,7,-67.7145,2,-121.644,9,9,20,0,-999,-999,0
22.5,219,56,7,-67.7145,6,-123.701,8,8,20,0,-999,-999,0
22.5,219,56,7,-67.7145,8,-130.572,12,12,20,0,-999,-999,0
22.5,219,56,7,-67.7145,10,-130.701,10,10,10,1,-999,-999,0
22.5,219,56,7,-67.7145,5,-132.249,8,9,20,0,-999,-999,0
22.5,219,56,7,-67.7145,12,-136.474,10,10,10,1,-999,-999,0
22.5,219,56,7,-67.7145,4,-136.708,3,5,20,0,-999,-999,0
22.5,219,56,7,-67.7145,14,-137.692,10,10,10,1,-999,-999,0
22.5,219,56,7,-67.7145,11,-144.137,10,10,10,1,-999,-999,0
22.5,219,56,7,-67.7145,9,-144.633,10,10,10,1,-999,-999,0
22.5,219,56,7,-67.7145,3,-144.69,6,6,20,0,-999,-999,0
22.5,220,48,5,-123.999,1,-87.6459,9,9,20,0,-999,-999,0
22.5,220,48,5,-123.999,11,-89.8828,10,10,10,1,-999,-999,0
22.5,220,48,5,-123.999,6,-89.8988,8,8,20,0,-999,-999,0
22.5,220,48,5,-123.999,2,-92.6246,9,9,20,0,-999,-999,0
22.5,220,48,5,-123.999,3,-97.3602,6,6,20,0,-999,-999,0
22.5,220,48,5,-123.999,14,-115.954,10,10,10,1,-999,-999,0
22.5,220,48,5,-123.999,12,-118.949,10,10,10,1,-999,-999,0
22.5,220,48,5,-123.999,4,-121.005,3,5,20,0,-999,-999,0
22.5,220,48,5,-123.999,8,-124.231,12,12,20,0,-999,-999,0
22.5,220,48,5,-123.999,7,-127.926,12,12,20,0,-999,-999,0
22.5,220,48,5,-123.999,13,-133.456,10,10,10,1,-999,-999,0
22.5,220,48,5,-123.999,9,-137.989,10,10,10,1,-999,-999,0
22.5,220,48,5,-123.999,10,-141.433,10,10,10,1,-999,-999,0
22.5,221,16,10,-65.5031,1,-101.921,9,9,20,0,-999,-999,0
22.5,221,16,10,-65.5031,9,-116.449,10,10,10,1,-999,-999,0
22.5,221,16,10,-65.5031,6,-122.613,8,8,20,0,-999,-999,0
22.5,221,16,10,-65.5031,7,-132.571,12,12,20,0,-999,-999,0
22.5,221,16,10,-65.5031,2,-136.335,9,9,20,0,-999,-999,0
22.5,221,16,10,-65.5031,4,-138.529,3,5,20,0,-999,-999,0
22.5,221,16,10,-65.5031,13,-140.581,10,10,10,1,-999,-999,0
22.5,221,16,10,-65.5031,8,-140.996,12,12,20,0,-999,-999,0
22.5,221,16,10,-65.5031,3,-146.634,6,6,20,0,-999,-999,0
22.5,221,16,10,-65.5031,14,-150.7,10,10,10,1,-999,-999,0
22.5,221,16,10,-65.5031,12,-151.742,10,10,10,1,-999,-999,0
22.5,221,16,10,-65.5031,11,-152.389,10,10,10,1,-999,-999,0
22.5,221,16,10,-65.5031,5,-156.385,8,9,20,0,-999,-999,0
22.5,222,88,9,-147.038,12,-95.8392,10,10,10,1,-999,-999,0
22.5,222,88,9,-147.038,5,-99.6053,8,9,20,0,-999,-999,0
22.5,222,88,9,-147.038,7,-111.202,12,12,20,0,-999,-999,0
22.5,222,88,9,-147.038,2,-115.021,9,9,20,0,-999,-999,0
22.5,222,88,9,-147.038,3,-121.417,6,6,20,0,-999,-999,0
22.5,222,88,9,-147.038,1,-123.874,9,9,20,0,-999,-999,0
22.5,222,88,9,-147.038,10,-127.556,10,10,10,1,-999,-999,0
22.5,222,88,9,-147.038,13,-129.374,10,10,10,1,-999,-999,0
22.5,222,88,9,-147.038,11,-131.113,10,10,10,1,-999,-999,0
22.5,222,88,9,-147.038,14,-134.433,10,10,10,1,-999,-999,0
22.5,222,88,9,-147.038,8,-135.439,12,12,20,0,-999,-999,0
22.5,222,88,9,-147.038,6,-137.623,8,8,20,0,-999,-999,0
22.5,222,88,9,-147.038,4,-145.028,3,5,20,0,-999,-999,0
22.5,223,40,7,-113.67,10,-85.422,10,10,10,1,-999,-999,0
22.5,223,40,7,-113.67,4,-102.282,3,5,20,0,-999,-999,0
22.5,223,40,7,-113.67,2,-109.295,9,9,20,0,-999,-999,0
22.5,223,40,7,-113.67,1,-115.071,9,9,20,0,-999,-999,0
22.5,223,40,7,-113.67,6,-125.46,8,8,20,0,-999,-999,0
22.5,223,40,7,-113.67,8,-130.911,12,12,20,0,-999,-999,0
22.5,223,40,7,-113.67,9,-132.624,10,10,10,1,-999,-999,0
22.5,223,40,7,-113.67,13,-133.724,10,10,10,1,-999,-999,0
22.5,223,40,7,-113.67,3,-135.957,6,6,20,0,-999,-999,0
22.5,223,40,7,-113.67,11,-137.601,10,10,10,1,-999,-999,0
22.5,223,40,7,-113.67,5,-142.136,8,9,20,0,-999,-999,0
22.5,223,40,7,-113.67,14,-142.99,10,10,10,1,-999,-999,0
22.5,223,40,7,-113.67,12,-150.176,10,10,10,1,-999,-999,0
22.5,224,24,3,-118.698,7,-84.9751,12,12,20,0,-999,-999,0
22.5,224,24,3,-118.698,10,-92.3424,10,10,10,1,-999,-999,0
22.5,224,24,3,-118.698,5,-92.7216,8,9,20,0,-999,-999,0
22.5,224,24,3,-118.698,8,-93.4051,12,12,20,0,-999,-999,0
22.5,224,24,3,-118.698,9,-97.4612,10,10,10,1,-999,-999,0
22.5,224,24,3,-118.698,12,-104.046,10,10,10,1,-999,-999,0
22.5,224,24,3,-118.698,6,-109.654,8,8,20,0,-999,-999,0
22.5,224,24,3,-118.698,2,-118.264,9,9,20,0,-999,-999,0
22.5,224,24,3,-118.698,4,-125.337,3,5,20,0,-999,-999,0
22.5,224,24,3,-118.698,1,-126.338,9,9,20,0,-999,-999,0
22.5,224,24,3,-118.698,14,-131.726,10,10,10,1,-999,-999,0
22.5,224,24,3,-118.698,13,-131.73,10,10,10,1,-999,-999,0
22.5,224,24,3,-118.698,11,-137.017,10,10,10,1,-999,-999,0
22.5,226,33,7,-65.6841,11,-98.37,10,10,10,1,-999,-999,0
22.5,226,33,7,-65.6841,1,-126.057,9,9,20,0,-999,-999,0
22.5,226,33,7,-65.6841,10,-126.264,10,10,10,1,-999,-999,0
22.5,226,33,7,-65.6841,13,-130.343,10,10,10,1,-999,-999,0
22.5,226,33,7,-65.6841,14,-132.886,10,10,10,1,-999,-999,0
22.5,226,33,7,-65.6841,3,-133.212,6,6,20,0,-999,-999,0
22.5,226,33,7,-65.6841,8,-134.097,12,12,20,0,-999,-999,0
22.5,226,33,7,-65.6841,4,-134.967,3,5,20,0,-999,-999,0
22.5,226,33,7,-65.6841,9,-135.866,10,10,10,1,-999,-999,0
22.5,226,33,7,-65.6841,6,-136.588,8,8,20,0,-999,-999,0
22.5,226,33,7,-65.6841,2,-137.679,9,9,20,0,-999,-999,0
22.5,226,33,7,-65.6841,12,-141.659,10,10,10,1,-999,-999,0
22.5,226,33,7,-65.6841,5,-142.729,8,9,20,0,-999,-999,0
22.5,227,80,14,-66.3928,5,-94.081,8,9,20,0,-999,-999,0
22.5,227,80,14,-66.3928,12,-99.6906,10,10,10,1,-999,-999,0
22.5,227,80,14,-66.3928,3,-101.021,6,6,20,0,-999,-999,0
22.5,227,80,14,-66.3928,6,-103.865,8,8,20,0,-999,-999,0
22.5,227,80,14,-66.3928,11,-103.866,10,10,10,1,-999,-999,0
22.5,227,80,14,-66.3928,9,-108.565,10,10,10,1,-999,-999,0
22.5,227,80,14,-66.3928,7,-111.536,12,12,20,0,-999,-999,0
22.5,227,80,14,-66.3928,4,-132.632,3,5,20,0,-999,-999,0
22.5,227,80,14,-66.3928,13,-136.969,10,10,10,1,-999,-999,0
22.5,227,80,14,-66.3928,8,-139.06,12,12,20,0,-999,-999,0
22.5,227,80,14,-66.3928,2,-141.807,9,9,20,0,-999,-999,0
22.5,227,80,14,-66.3928,1,-144.545,9,9,20,0,-999,-999,0
22.5,227,80,14,-66.3928,10,-145.888,10,10,10,1,-999,-999,0
22.5,228,64,7,-64.5995,2,-121.007,9,9,20,0,-999,-999,0
22.5,228,64,7,-64.5995,10,-122.323,10,10,10,1,-999,-999,0
22.5,228,64,7,-64.5995,1,-126.558,9,9,20,0,-999,-999,0
22.5,228,64,7,-64.5995,4,-132.655,3,5,20,0,-999,-999,0
22.5,228,64,7,-64.5995,8,-135.02,12,12,20,0,-999,-999,0
22.5,228,64,7,-64.5995,13,-135.092,10,10,10,1,-999,-999,0
22.5,228,64,7,-64.5995,6,-138.479,8,8,20,0,-999,-999,0
22.5,228,64,7,-64.5995,3,-138.651,6,6,20,0,-999,-999,0
22.5,228,64,7,-64.5995,11,-140.529,10,10,10,1,-999,-999,0
22.5,228,64,7,-64.5995,9,-141.695,10,10,10,1,-999,-999,0
22.5,228,64,7,-64.5995,5,-143.611,8,9,20,0,-999,-999,0
22.5,228,64,7,-64.5995,12,-147.108,10,10,10,1,-999,-999,0
22.5,228,64,7,-64.5995,14,-151.676,10,10,10,1,-999,-999,0
22.5,229,43,11,-87.095,12,-111.509,10,10,10,1,-999,-999,0
22.5,229,43,11,-87.095,5,-125.805,8,9,20,0,-999,-999,0
22.5,229,43,11,-87.095,13,-130.632,10,10,10,1,-999,-999,0
22.5,229,43,11,-87.095,14,-130.765,10,10,10,1,-999,-999,0
22.5,229,43,11,-87.095,4,-134.52,3,5,20,0,-999,-999,0
22.5,229,43,11,-87.095,8,-134.996,12,12,20,0,-999,-999,0
22.5,229,43,11,-87.095,7,-135.647,12,12,20,0,-999,-999,0
22.5,229,43,11,-87.095,1,-136.774,9,9,20,0,-999,-999,0
22.5,229,43,11,-87.095,3,-138.734,6,6,20,0,-999,-999,0
22.5,229,43,11,-87.095,6,-140.706,8,8,20,0,-999,-999,0
22.5,229,43,11,-87.095,10,-143.108,10,10,10,1,-999,-999,0
22.5,229,43,11,-87.095,2,-150.672,9,9,20,0,-999,-999,0
22.5,229,43,11,-87.095,9,-156.631,10,10,10,1,-999,-999,0
22.5,230,30,12,-132.675,13,-83.4401,10,10,10,1,-999,-999,0
22.5,230,30,12,-132.675,8,-92.8724,12,12,20,0,-999,-999,0
22.5,230,30,12,-132.675,3,-111.795,6,6,20,0,-999,-999,0
22.5,230,30,12,-132.675,5,-123.458,8,9,20,0,-999,-999,0
22.5,230,30,12,-132.675,11,-125.655,10,10,10,1,-999,-999,0
22.5,230,30,12,-132.675,6,-126.535,8,8,20,0,-999,-999,0
22.5,230,30,12,-132.675,4,-127.833,3,5,20,0,-999,-999,0
22.5,230,30,12,-132.675,1,-133.103,9,9,20,0,-999,-999,0
22.5,230,30,12,-132.675,14,-135.99,10,10,10,1,-999,-999,0
22.5,230,30,12,-132.675,2,-136.672,9,9,20,0,-999,-999,0
22.5,230,30,12,-132.675,9,-137.946,10,10,10,1,-999,-999,0
22.5,230,30,12,-132.675,10,-145.481,10,10,10,1,-999,-999,0
22.5,230,30,12,-132.675,7,-147.43,12,12,20,0,-999,-999,0
22.5,231,8,7,-107.168,1,-90.0301,9,9,20,0,-999,-999,0
22.5,231,8,7,-107.168,12,-110.208,10,10,10,1,-999,-999,0
22.5,231,8,7,-107.168,10,-115.382,10,10,10,1,-999,-999,0
22.5,231,8,7,-107.168,2,-125.703,9,9,20,0,-999,-999,0
22.5,231,8,7,-107.168,13,-127.086,10,10,10,1,-999,-999,0
22.5,231,8,7,-107.168,4,-128.418,3,5,20,0,-999,-999,0
22.5,231,8,7,-107.168,6,-128.627,8,8,20,0,-999,-999,0
22.5,231,8,7,-107.168,14,-132.064,10,10,10,1,-999,-999,0
22.5,231,8,7,-107.168,11,-132.825,10,10,10,1,-999,-999,0
22.5,231,8,7,-107.168,8,-139.851,12,12,20,0,-999,-999,0
22.5,231,8,7,-107.168,9,-142.226,10,10,10,1,-999,-999,0
22.5,231,8,7,-107.168,3,-142.608,6,6,20,0,-999,-999,0
22.5,231,8,7,-107.168,5,-151.406,8,9,20,0,-999,-999,0
22.5,233,80,11,-83.0518,7,-91.4984,12,12,20,0,-999,-999,0
22.5,233,80,11,-83.0518,8,-92.8452,12,12,20,0,-999,-999,0
22.5,233,80,11,-83.0518,5,-94.8855,8,9,20,0,-999,-999,0
22.5,233,80,11,-83.0518,12,-98.6655,10,10,10,1,-999,-999,0
22.5,233,80,11,-83.0518,3,-111.221,6,6,20,0,-999,-999,0
22.5,233,80,11,-83.0518,13,-117.919,10,10,10,1,-999,-999,0
22.5,233,80,11,-83.0518,4,-118.01,3,5,20,0,-999,-999,0
22.5,233,80,11,-83.0518,14,-127.525,10,10,10,1,-999,-999,0
22.5,233,80,11,-83.0518,10,-131.668,10,10,10,1,-999,-999,0
22.5,233,80,11,-83.0518,9,-132.745,10,10,10,1,-999,-999,0
22.5,233,80,11,-83.0518,1,-132.77,9,9,20,0,-999,-999,0
22.5,233,80,11,-83.0518,6,-136.825,8,8,20,0,-999,-999,0
22.5,233,80,11,-83.0518,2,-140.137,9,9,20,0,-999,-999,0
22.5,234,48,8,-125.337,14,-93.2764,10,10,10,1,-999,-999,0
22.5,234,48,8,-125.337,3,-108.625,6,6,20,0,-999,-999,0
22.5,234,48,8,-125.337,5,-115.579,8,9,20,0,-999,-999,0
22.5,234,48,8,-125.337,10,-116.917,10,10,10,1,-999,-999,0
22.5,234,48,8,-125.337,11,-121.515,10,10,10,1,-999,-999,0
22.5,234,48,8,-125.337,4,-130.661,3,5,20,0,-999,-999,0
22.5,234,48,8,-125.337,13,-131.471,10,10,10,1,-999,-999,0
22.5,234,48,8,-125.337,2,-135.818,9,9,20,0,-999,-999,0
22.5,234,48,8,-125.337,7,-136.996,12,12,20,0,-999,-999,0
22.5,234,48,8,-125.337,6,-139.44,8,8,20,0,-999,-999,0
22.5,234,48,8,-125.337,12,-140.226,10,10,10,1,-999,-999,0
22.5,234,48,8,-125.337,9,-143.54,10,10,10,1,-999,-999,0
22.5,234,48,8,-125.337,1,-149.835,9,9,20,0,-999,-999,0
22.5,237,32,14,-104.689,5,-109.407,8,9,20,0,-999,-999,0
22.5,237,32,14,-104.689,8,-116.651,12,12,20,0,-999,-999,0
22.5,237,32,14,-104.689,12,-126.003,10,10,10,1,-999,-999,0
22.5,237,32,14,-104.689,1,-126.174,9,9,20,0,-999,-999,0
22.5,237,32,14,-104.689,3,-133.534,6,6,20,0,-999,-999,0
22.5,237,32,14,-104.689,11,-137.799,10,10,10,1,-999,-999,0
22.5,237,32,14,-104.689,6,-139.429,8,8,20,0,-999,-999,0
22.5,237,32,14,-104.689,4,-140.873,3,5,20,0,-999,-999,0
22.5,237,32,14,-104.689,9,-144.827,10,10,10,1,-999,-999,0
22.5,237,32,14,-104.689,13,-146.918,10,10,10,1,-999,-999,0
22.5,237,32,14,-104.689,10,-150.701,10,10,10,1,-999,-999,0
22.5,237,32,14,-104.689,7,-153.635,12,12,20,0,-999,-999,0
22.5,237,32,14,-104.689,2,-155.474,9,9,20,0,-999,-999,0
22.5,239,16,13,-90.653,6,-103.219,8,8,20,0,-999,-999,0
22.5,239,16,13,-90.653,14,-106.301,10,10,10,1,-999,-999,0
22.5,239,16,13,-90.653,5,-120.963,8,9,20,0,-999,-999,0
22.5,239,16,13,-90.653,11,-123.713,10,10,10,1,-999,-999,0
22.5,239,16,13,-90.653,8,-126.808,12,12,20,0,-999,-999,0
22.5,239,16,13,-90.653,3,-127.538,6,6,20,0,-999,-999,0
22.5,239,16,13,-90.653,4,-130.766,3,5,20,0,-999,-999,0
22.5,239,16,13,-90.653,10,-133.709,10,10,10,1,-999,-999,0
22.5,239,16,13,-90.653,9,-138.979,10,10,10,1,-999,-999,0
22.5,239,16,13,-90.653,2,-139.785,9,9,20,0,-999,-999,0
22.5,239,16,13,-90.653,12,-142.606,10,10,10,1,-999,-999,0
22.5,239,16,13,-90.653,7,-145.802,12,12,20,0,-999