UAV_AUTONOMY_XAPP Time=4.5 DeploymentMode=tn-uav UavIndex=0 UavCellId=5 BestDonorCellId=1 BestDonorDistanceM=143.511 XhaulConnected=1 XhaulChannelVariationDb=0 RawXhaulState=HEALTHY RawXhaulStateAgeSec=0 XhaulState=HEALTHY DonorUnavailableActive=0 SatBackhaulHealthy=0 UavSwitchingXappAvailable=0 UavSwitchingXappState=DISABLED AiPredictedBackhaulMode=RULE_BASED BackhaulMode=TN_DIRECT RicControlState=TN_E2 ActiveUavRic=LOCAL_UAV_AUTONOMY NormalUeHandoverAllowed=1 UavMode=TN_CONTROLLED_COVERAGE_EXTENSION
UAV_AUTONOMY_XAPP Time=4.5 DeploymentMode=tn-uav UavIndex=1 UavCellId=6 BestDonorCellId=1 BestDonorDistanceM=110.88 XhaulConnected=1 XhaulChannelVariationDb=0 RawXhaulState=HEALTHY RawXhaulStateAgeSec=0 XhaulState=HEALTHY DonorUnavailableActive=0 SatBackhaulHealthy=0 UavSwitchingXappAvailable=0 UavSwitchingXappState=DISABLED AiPredictedBackhaulMode=RULE_BASED BackhaulMode=TN_DIRECT RicControlState=TN_E2 ActiveUavRic=LOCAL_UAV_AUTONOMY NormalUeHandoverAllowed=1 UavMode=TN_CONTROLLED_COVERAGE_EXTENSION
UAV_AUTONOMY_XAPP Time=4.5 DeploymentMode=tn-uav UavIndex=2 UavCellId=7 BestDonorCellId=1 BestDonorDistanceM=133.08 XhaulConnected=1 XhaulChannelVariationDb=0 RawXhaulState=HEALTHY RawXhaulStateAgeSec=0 XhaulState=HEALTHY DonorUnavailableActive=0 SatBackhaulHealthy=0 UavSwitchingXappAvailable=0 UavSwitchingXappState=DISABLED AiPredictedBackhaulMode=RULE_BASED BackhaulMode=TN_DIRECT RicControlState=TN_E2 ActiveUavRic=LOCAL_UAV_AUTONOMY NormalUeHandoverAllowed=1 UavMode=TN_CONTROLLED_COVERAGE_EXTENSION
Could not find NR UE cell info for E2 Node ID = 8
Could not find NR UE cell info for E2 Node ID = 9
Could not find NR UE cell info for E2 Node ID = 10
Could not find NR UE cell info for E2 Node ID = 11
Could not find NR UE cell info for E2 Node ID = 12
Could not find NR UE cell info for E2 Node ID = 13
Could not find NR UE cell info for E2 Node ID = 14
Could not find NR UE cell info for E2 Node ID = 15
Could not find NR UE cell info for E2 Node ID = 16
Could not find NR UE cell info for E2 Node ID = 17
Could not find NR UE cell info for E2 Node ID = 18
Could not find NR UE cell info for E2 Node ID = 19
Could not find NR UE cell info for E2 Node ID = 20
Could not find NR UE cell info for E2 Node ID = 21
Could not find NR UE cell info for E2 Node ID = 22
Could not find NR UE cell info for E2 Node ID = 23
Could not find NR UE cell info for E2 Node ID = 24
Could not find NR UE cell info for E2 Node ID = 25
Could not find NR UE cell info for E2 Node ID = 26
Could not find NR UE cell info for E2 Node ID = 27
Could not find NR UE cell info for E2 Node ID = 28
Could not find NR UE cell info for E2 Node ID = 29
Could not find NR UE cell info for E2 Node ID = 30
Could not find NR UE cell info for E2 Node ID = 31
Could not find NR UE cell info for E2 Node ID = 32
Could not find NR UE cell info for E2 Node ID = 33
Could not find NR UE cell info for E2 Node ID = 34
Could not find NR UE cell info for E2 Node ID = 35
Could not find NR UE cell info for E2 Node ID = 36
Could not find NR UE cell info for E2 Node ID = 37
Could not find NR UE cell info for E2 Node ID = 38
Could not find NR UE cell info for E2 Node ID = 39
Could not find NR UE cell info for E2 Node ID = 40
Could not find NR UE cell info for E2 Node ID = 41
Could not find NR UE cell info for E2 Node ID = 42
Could not find NR UE cell info for E2 Node ID = 43
Could not find NR UE cell info for E2 Node ID = 44
Could not find NR UE cell info for E2 Node ID = 45
Could not find NR UE cell info for E2 Node ID = 46
Could not find NR UE cell info for E2 Node ID = 47
Could not find NR UE cell info for E2 Node ID = 48
Could not find NR UE cell info for E2 Node ID = 49
Could not find NR UE cell info for E2 Node ID = 50
Could not find NR UE cell info for E2 Node ID = 51
Could not find NR UE cell info for E2 Node ID = 52
Could not find NR UE cell info for E2 Node ID = 53
Could not find NR UE cell info for E2 Node ID = 54
Could not find NR UE cell info for E2 Node ID = 55
Could not find NR UE cell info for E2 Node ID = 56
Could not find NR UE cell info for E2 Node ID = 57
Could not find NR UE cell info for E2 Node ID = 58
Could not find NR UE cell info for E2 Node ID = 59
Could not find NR UE cell info for E2 Node ID = 60
Could not find NR UE cell info for E2 Node ID = 61
Could not find NR UE cell info for E2 Node ID = 62
Could not find NR UE cell info for E2 Node ID = 63
Could not find NR UE cell info for E2 Node ID = 64
Could not find NR UE cell info for E2 Node ID = 65
Could not find NR UE cell info for E2 Node ID = 66
Could not find NR UE cell info for E2 Node ID = 67
Could not find NR gNB location for E2 Node ID = 1
Could not find NR gNB location for E2 Node ID = 2
Could not find NR gNB location for E2 Node ID = 3
Could not find NR gNB location for E2 Node ID = 4
Could not find NR gNB location for E2 Node ID = 5
Could not find NR gNB location for E2 Node ID = 6
Could not find NR gNB location for E2 Node ID = 7
---- LOAD at t=4.5 ----
UAV_AUTONOMY_XAPP Time=6.5 DeploymentMode=tn-uav UavIndex=0 UavCellId=5 BestDonorCellId=1 BestDonorDistanceM=143.511 XhaulConnected=1 XhaulChannelVariationDb=0 RawXhaulState=HEALTHY RawXhaulStateAgeSec=2 XhaulState=HEALTHY DonorUnavailableActive=0 SatBackhaulHealthy=0 UavSwitchingXappAvailable=0 UavSwitchingXappState=DISABLED AiPredictedBackhaulMode=RULE_BASED BackhaulMode=TN_DIRECT RicControlState=TN_E2 ActiveUavRic=LOCAL_UAV_AUTONOMY NormalUeHandoverAllowed=1 UavMode=TN_CONTROLLED_COVERAGE_EXTENSION
UAV_AUTONOMY_XAPP Time=6.5 DeploymentMode=tn-uav UavIndex=1 UavCellId=6 BestDonorCellId=1 BestDonorDistanceM=110.88 XhaulConnected=1 XhaulChannelVariationDb=0 RawXhaulState=HEALTHY RawXhaulStateAgeSec=2 XhaulState=HEALTHY DonorUnavailableActive=0 SatBackhaulHealthy=0 UavSwitchingXappAvailable=0 UavSwitchingXappState=DISABLED AiPredictedBackhaulMode=RULE_BASED BackhaulMode=TN_DIRECT RicControlState=TN_E2 ActiveUavRic=LOCAL_UAV_AUTONOMY NormalUeHandoverAllowed=1 UavMode=TN_CONTROLLED_COVERAGE_EXTENSION
UAV_AUTONOMY_XAPP Time=6.5 DeploymentMode=tn-uav UavIndex=2 UavCellId=7 BestDonorCellId=1 BestDonorDistanceM=133.08 XhaulConnected=1 XhaulChannelVariationDb=0 RawXhaulState=HEALTHY RawXhaulStateAgeSec=2 XhaulState=HEALTHY DonorUnavailableActive=0 SatBackhaulHealthy=0 UavSwitchingXappAvailable=0 UavSwitchingXappState=DISABLED AiPredictedBackhaulMode=RULE_BASED BackhaulMode=TN_DIRECT RicControlState=TN_E2 ActiveUavRic=LOCAL_UAV_AUTONOMY NormalUeHandoverAllowed=1 UavMode=TN_CONTROLLED_COVERAGE_EXTENSION
---- LOAD at t=6.5 ----
  cell 1 (TN) load=10/20
  cell 2 (TN) load=7/20
  cell 3 (TN) load=11/20
  cell 4 (TN) load=14/20
  cell 5 (NTN) load=4/15
  cell 6 (NTN) load=9/15
  cell 7 (NTN) load=5/15
UE 8 TTT_WAIT target=1 elapsed=0s need=2s
UE 11 TTT_WAIT target=4 elapsed=0s need=2s
UE 12 TTT_WAIT target=1 elapsed=0s need=2s
UE 18 TTT_WAIT target=3 elapsed=0s need=2s
UE 35 TTT_WAIT target=1 elapsed=0s need=2s
UE 37 TTT_WAIT target=3 elapsed=0s need=2s
UE 41 TTT_WAIT target=5 elapsed=0s need=2s
UE 47 TTT_WAIT target=1 elapsed=0s need=2s
UE 49 TTT_WAIT target=3 elapsed=0s need=2s
UE 50 TTT_WAIT target=2 elapsed=0s need=2s
UE 52 TTT_WAIT target=5 elapsed=0s need=2s
UE 53 TTT_WAIT target=1 elapsed=0s need=2s
UE 60 TTT_WAIT target=4 elapsed=0s need=2s
UAV_AUTONOMY_XAPP Time=8.5 DeploymentMode=tn-uav UavIndex=0 UavCellId=5 BestDonorCellId=1 BestDonorDistanceM=143.511 XhaulConnected=1 XhaulChannelVariationDb=0 RawXhaulState=HEALTHY RawXhaulStateAgeSec=4 XhaulState=HEALTHY DonorUnavailableActive=0 SatBackhaulHealthy=0 UavSwitchingXappAvailable=0 UavSwitchingXappState=DISABLED AiPredictedBackhaulMode=RULE_BASED BackhaulMode=TN_DIRECT RicControlState=TN_E2 ActiveUavRic=LOCAL_UAV_AUTONOMY NormalUeHandoverAllowed=1 UavMode=TN_CONTROLLED_COVERAGE_EXTENSION
UAV_AUTONOMY_XAPP Time=8.5 DeploymentMode=tn-uav UavIndex=1 UavCellId=6 BestDonorCellId=1 BestDonorDistanceM=110.88 XhaulConnected=1 XhaulChannelVariationDb=0 RawXhaulState=HEALTHY RawXhaulStateAgeSec=4 XhaulState=HEALTHY DonorUnavailableActive=0 SatBackhaulHealthy=0 UavSwitchingXappAvailable=0 UavSwitchingXappState=DISABLED AiPredictedBackhaulMode=RULE_BASED BackhaulMode=TN_DIRECT RicControlState=TN_E2 ActiveUavRic=LOCAL_UAV_AUTONOMY NormalUeHandoverAllowed=1 UavMode=TN_CONTROLLED_COVERAGE_EXTENSION
UAV_AUTONOMY_XAPP Time=8.5 DeploymentMode=tn-uav UavIndex=2 UavCellId=7 BestDonorCellId=1 BestDonorDistanceM=133.08 XhaulConnected=1 XhaulChannelVariationDb=0 RawXhaulState=HEALTHY RawXhaulStateAgeSec=4 XhaulState=HEALTHY DonorUnavailableActive=0 SatBackhaulHealthy=0 UavSwitchingXappAvailable=0 UavSwitchingXappState=DISABLED AiPredictedBackhaulMode=RULE_BASED BackhaulMode=TN_DIRECT RicControlState=TN_E2 ActiveUavRic=LOCAL_UAV_AUTONOMY NormalUeHandoverAllowed=1 UavMode=TN_CONTROLLED_COVERAGE_EXTENSION
---- LOAD at t=8.5 ----
  cell 1 (TN) load=12/20
  cell 2 (TN) load=9/20
  cell 3 (TN) load=11/20
  cell 4 (TN) load=14/20
  cell 5 (NTN) load=4/15
  cell 6 (NTN) load=11/15
  cell 7 (NTN) load=6/15
UE 11 TTT_WAIT target=1 elapsed=0s need=2s
LM HO UE=12 rnti=106 4->1 type=TN servingRsrp=-70.95 targetRsrp=-66.3351 targetLoadReal=12/20 targetLoadEff=12/20
UE 14 TTT_WAIT target=1 elapsed=0s need=2s
UE 16 TTT_WAIT target=1 elapsed=0s need=2s
UE 22 TTT_WAIT target=1 elapsed=0s need=2s
UE 24 TTT_WAIT target=4 elapsed=0s need=2s
UE 28 TTT_WAIT target=3 elapsed=0s need=2s
UE 34 TTT_WAIT target=7 elapsed=0s need=2s
UE 39 TTT_WAIT target=1 elapsed=0s need=2s
LM HO UE=52 rnti=39 7->5 type=NTN servingRsrp=-83.9721 targetRsrp=-67.6876 targetLoadReal=4/15 targetLoadEff=4/15
LM HO UE=53 rnti=47 2->1 type=TN servingRsrp=-95.856 targetRsrp=-71.2602 targetLoadReal=12/20 targetLoadEff=13/20
UE 57 TTT_WAIT target=3 elapsed=0s need=2s
UE 58 TTT_WAIT target=4 elapsed=0s need=2s
UE 61 TTT_WAIT target=3 elapsed=0s need=2s
UE 67 TTT_WAIT target=2 elapsed=0s need=2s
UE 68 TTT_WAIT target=1 elapsed=0s need=2s
UE 73 TTT_WAIT target=2 elapsed=0s need=2s
LM HO_FAIL_LOW_RSRP UE=78 currCell=1 candCell=2 candRsrp=-113.597 < min=-110
LM HO_FAIL_LOW_RSRP UE=79 currCell=1 candCell=6 candRsrp=-115.033 < min=-110
UE 80 TTT_WAIT target=2 elapsed=0s need=2s
LM HO_FAIL_LOW_RSRP UE=81 currCell=2 candCell=6 candRsrp=-119.376 < min=-110
TRACE HO_SUCCESS Time=8.61507 IMSI=52 TargetCell=1 Type=TN TargetRSRP=-60.3237 ServingRSRP=-79.8476 BackhaulDlSnr=-999 BackhaulUlSnr=-999
TRACE HO_SUCCESS Time=8.61507 IMSI=11 TargetCell=1 Type=TN TargetRSRP=-76.918 ServingRSRP=-70.8049 BackhaulDlSnr=-999 BackhaulUlSnr=-999
TRACE HO_SUCCESS Time=8.61507 IMSI=51 TargetCell=5 Type=NTN TargetRSRP=-66.7844 ServingRSRP=-75.566 BackhaulDlSnr=-999 BackhaulUlSnr=-999
UAV_AUTONOMY_XAPP Time=10.5 DeploymentMode=tn-uav UavIndex=0 UavCellId=5 BestDonorCellId=1 BestDonorDistanceM=143.511 XhaulConnected=1 XhaulChannelVariationDb=0 RawXhaulState=HEALTHY RawXhaulStateAgeSec=6 XhaulState=HEALTHY DonorUnavailableActive=0 SatBackhaulHealthy=0 UavSwitchingXappAvailable=0 UavSwitchingXappState=DISABLED AiPredictedBackhaulMode=RULE_BASED BackhaulMode=TN_DIRECT RicControlState=TN_E2 ActiveUavRic=LOCAL_UAV_AUTONOMY NormalUeHandoverAllowed=1 UavMode=TN_CONTROLLED_COVERAGE_EXTENSION
UAV_AUTONOMY_XAPP Time=10.5 DeploymentMode=tn-uav UavIndex=1 UavCellId=6 BestDonorCellId=1 BestDonorDistanceM=110.88 XhaulConnected=1 XhaulChannelVariationDb=0 RawXhaulState=HEALTHY RawXhaulStateAgeSec=6 XhaulState=HEALTHY DonorUnavailableActive=0 SatBackhaulHealthy=0 UavSwitchingXappAvailable=0 UavSwitchingXappState=DISABLED AiPredictedBackhaulMode=RULE_BASED BackhaulMode=TN_DIRECT RicControlState=TN_E2 ActiveUavRic=LOCAL_UAV_AUTONOMY NormalUeHandoverAllowed=1 UavMode=TN_CONTROLLED_COVERAGE_EXTENSION
UAV_AUTONOMY_XAPP Time=10.5 DeploymentMode=tn-uav UavIndex=2 UavCellId=7 BestDonorCellId=1 BestDonorDistanceM=133.08 XhaulConnected=1 XhaulChannelVariationDb=0 RawXhaulState=HEALTHY RawXhaulStateAgeSec=6 XhaulState=HEALTHY DonorUnavailableActive=0 SatBackhaulHealthy=0 UavSwitchingXappAvailable=0 UavSwitchingXappState=DISABLED AiPredictedBackhaulMode=RULE_BASED BackhaulMode=TN_DIRECT RicControlState=TN_E2 ActiveUavRic=LOCAL_UAV_AUTONOMY NormalUeHandoverAllowed=1 UavMode=TN_CONTROLLED_COVERAGE_EXTENSION
---- LOAD at t=10.5 ----
  cell 1 (TN) load=14/20
  cell 2 (TN) load=9/20
  cell 3 (TN) load=11/20
  cell 4 (TN) load=13/20
  cell 5 (NTN) load=5/15
  cell 6 (NTN) load=11/15
  cell 7 (NTN) load=6/15
UE 10 TTT_WAIT target=4 elapsed=0s need=2s
LM HO UE=11 rnti=79 3->1 type=TN servingRsrp=-93.3458 targetRsrp=-62.4445 targetLoadReal=14/20 targetLoadEff=14/20
UE 13 TTT_WAIT target=4 elapsed=0s need=2s
LM HO UE=14 rnti=43 2->1 type=TN servingRsrp=-84.6764 targetRsrp=-64.9877 targetLoadReal=14/20 targetLoadEff=15/20
UE 15 TTT_WAIT target=1 elapsed=0s need=2s
LM HO UE=16 rnti=107 4->1 type=TN servingRsrp=-75.6184 targetRsrp=-67.9761 targetLoadReal=14/20 targetLoadEff=16/20
UE 17 TTT_WAIT target=4 elapsed=0s need=2s
LM HO UE=24 rnti=64 6->4 type=TN servingRsrp=-97.0518 targetRsrp=-83.444 targetLoadReal=13/20 targetLoadEff=13/20
LM HO UE=28 rnti=66 6->3 type=TN servingRsrp=-94.0931 targetRsrp=-70.0067 targetLoadReal=11/20 targetLoadEff=11/20
UE 34 TTT_WAIT target=1 elapsed=0s need=2s
UE 35 TTT_WAIT target=1 elapsed=0s need=2s
UE 38 TTT_WAIT target=5 elapsed=0s need=2s
LM HO UE=39 rnti=111 4->1 type=TN servingRsrp=-99.8039 targetRsrp=-64.574 targetLoadReal=14/20 targetLoadEff=17/20
UE 40 TTT_WAIT target=1 elapsed=0s need=2s
UE 41 TTT_WAIT target=5 elapsed=0s need=2s
UE 44 TTT_WAIT target=2 elapsed=0s need=2s
UE 51 TTT_WAIT target=3 elapsed=0s need=2s
UE 52 TTT_WAIT target=7 elapsed=0s need=2s
UE 59 TTT_WAIT target=2 elapsed=0s need=2s
LM HO UE=61 rnti=115 4->3 type=TN servingRsrp=-67.0385 targetRsrp=-62.501 targetLoadReal=11/20 targetLoadEff=12/20
UE 68 TTT_WAIT target=4 elapsed=0s need=2s
UE 70 TTT_WAIT target=4 elapsed=0s need=2s
UE 73 TTT_WAIT target=7 elapsed=0s need=2s
UE 77 TTT_WAIT target=3 elapsed=0s need=2s
LM HO_FAIL_LOW_RSRP UE=78 currCell=1 candCell=6 candRsrp=-112.938 < min=-110
LM HO_FAIL_LOW_RSRP UE=79 currCell=1 candCell=7 candRsrp=-117.145 < min=-110
UE 80 TTT_WAIT target=3 elapsed=0s need=2s
LM HO_FAIL_LOW_RSRP UE=81 currCell=2 candCell=7 candRsrp=-117.747 < min=-110
TRACE HO_SUCCESS Time=10.6151 IMSI=13 TargetCell=1 Type=TN TargetRSRP=-62.1714 ServingRSRP=-72.6543 BackhaulDlSnr=-999 BackhaulUlSnr=-999
TRACE HO_SUCCESS Time=10.6151 IMSI=10 TargetCell=1 Type=TN TargetRSRP=-82.6981 ServingRSRP=-78.3226 BackhaulDlSnr=-999 BackhaulUlSnr=-999
TRACE HO_SUCCESS Time=10.6151 IMSI=15 TargetCell=1 Type=TN TargetRSRP=-67.8509 ServingRSRP=-65.6102 BackhaulDlSnr=-999 BackhaulUlSnr=-999
TRACE HO_SUCCESS Time=10.6151 IMSI=38 TargetCell=1 Type=TN TargetRSRP=-66.9657 ServingRSRP=-72.2923 BackhaulDlSnr=-999 BackhaulUlSnr=-999
TRACE HO_SUCCESS Time=10.6151 IMSI=60 TargetCell=3 Type=TN TargetRSRP=-89.6838 ServingRSRP=-57.5118 BackhaulDlSnr=-999 BackhaulUlSnr=-999
TRACE HO_SUCCESS Time=10.6151 IMSI=27 TargetCell=3 Type=TN TargetRSRP=-74.5385 ServingRSRP=-80.2531 BackhaulDlSnr=-999 BackhaulUlSnr=-999
TRACE HO_SUCCESS Time=10.6151 IMSI=23 TargetCell=4 Type=TN TargetRSRP=-88.1402 ServingRSRP=-80.5637 BackhaulDlSnr=-999 BackhaulUlSnr=-999
UAV_AUTONOMY_XAPP Time=12.5 DeploymentMode=tn-uav UavIndex=0 UavCellId=5 BestDonorCellId=1 BestDonorDistanceM=143.511 XhaulConnected=1 XhaulChannelVariationDb=0 RawXhaulState=HEALTHY RawXhaulStateAgeSec=8 XhaulState=HEALTHY DonorUnavailableActive=0 SatBackhaulHealthy=0 UavSwitchingXappAvailable=0 UavSwitchingXappState=DISABLED AiPredictedBackhaulMode=RULE_BASED BackhaulMode=TN_DIRECT RicControlState=TN_E2 ActiveUavRic=LOCAL_UAV_AUTONOMY NormalUeHandoverAllowed=1 UavMode=TN_CONTROLLED_COVERAGE_EXTENSION
UAV_AUTONOMY_XAPP Time=12.5 DeploymentMode=tn-uav UavIndex=1 UavCellId=6 BestDonorCellId=1 BestDonorDistanceM=110.88 XhaulConnected=1 XhaulChannelVariationDb=0 RawXhaulState=HEALTHY RawXhaulStateAgeSec=8 XhaulState=HEALTHY DonorUnavailableActive=0 SatBackhaulHealthy=0 UavSwitchingXappAvailable=0 UavSwitchingXappState=DISABLED AiPredictedBackhaulMode=RULE_BASED BackhaulMode=TN_DIRECT RicControlState=TN_E2 ActiveUavRic=LOCAL_UAV_AUTONOMY NormalUeHandoverAllowed=1 UavMode=TN_CONTROLLED_COVERAGE_EXTENSION
UAV_AUTONOMY_XAPP Time=12.5 DeploymentMode=tn-uav UavIndex=2 UavCellId=7 BestDonorCellId=1 BestDonorDistanceM=133.08 XhaulConnected=1 XhaulChannelVariationDb=0 RawXhaulState=HEALTHY RawXhaulStateAgeSec=8 XhaulState=HEALTHY DonorUnavailableActive=0 SatBackhaulHealthy=0 UavSwitchingXappAvailable=0 UavSwitchingXappState=DISABLED AiPredictedBackhaulMode=RULE_BASED BackhaulMode=TN_DIRECT RicControlState=TN_E2 ActiveUavRic=LOCAL_UAV_AUTONOMY NormalUeHandoverAllowed=1 UavMode=TN_CONTROLLED_COVERAGE_EXTENSION
---- LOAD at t=12.5 ----
  cell 1 (TN) load=18/20
  cell 2 (TN) load=8/20
  cell 3 (TN) load=12/20
  cell 4 (TN) load=11/20
  cell 5 (NTN) load=5/15
  cell 6 (NTN) load=9/15
  cell 7 (NTN) load=6/15
LM HO UE=13 rnti=89 3->4 type=TN servingRsrp=-65.6821 targetRsrp=-58.8128 targetLoadReal=11/20 targetLoadEff=11/20
UE 16 TTT_WAIT target=4 elapsed=0s need=2s
LM HO UE=17 rnti=90 3->4 type=TN servingRsrp=-84.6701 targetRsrp=-75.4782 targetLoadReal=11/20 targetLoadEff=12/20
UE 20 TTT_WAIT target=7 elapsed=0s need=2s
UE 21 TTT_WAIT target=7 elapsed=0s need=2s
UE 22 TTT_WAIT target=1 elapsed=0s need=2s
UE 24 TTT_WAIT target=6 elapsed=0s need=2s
UE 29 TTT_WAIT target=4 elapsed=0s need=2s
UE 32 TTT_WAIT target=1 elapsed=0s need=2s
UE 33 TTT_WAIT target=1 elapsed=0s need=2s
LM HO UE=34 rnti=31 5->1 type=TN servingRsrp=-104.712 targetRsrp=-82.5122 targetLoadReal=18/20 targetLoadEff=18/20
LM HO UE=35 rnti=32 5->1 type=TN servingRsrp=-91.3022 targetRsrp=-65.8551 targetLoadReal=18/20 targetLoadEff=19/20
LM HO UE=38 rnti=36 7->5 type=NTN servingRsrp=-74.1825 targetRsrp=-71.5478 targetLoadReal=5/15 targetLoadEff=5/15
UE 41 TTT_WAIT target=6 elapsed=0s need=2s
UE 42 TTT_WAIT target=2 elapsed=0s need=2s
UE 43 TTT_WAIT target=7 elapsed=0s need=2s
LM HO UE=44 rnti=74 1->2 type=TN servingRsrp=-76.6302 targetRsrp=-64.2367 targetLoadReal=8/20 targetLoadEff=8/20
UE 50 TTT_WAIT target=2 elapsed=0s need=2s
LM HO UE=59 rnti=76 1->2 type=TN servingRsrp=-90.29 targetRsrp=-68.1708 targetLoadReal=8/20 targetLoadEff=9/20
LM HO_FAIL_LOW_RSRP UE=68 currCell=2 candCell=4 candRsrp=-115.715 < min=-110
LM HO_FAIL_LOW_RSRP UE=70 currCell=2 candCell=6 candRsrp=-116.614 < min=-110
LM HO_FAIL_LOW_RSRP UE=72 currCell=7 candCell=6 candRsrp=-116.024 < min=-110
LM HO UE=73 rnti=93 6->7 type=NTN servingRsrp=-112.699 targetRsrp=-104.238 targetLoadReal=6/15 targetLoadEff=6/15
LM HO_FAIL_LOW_RSRP UE=78 currCell=1 candCell=3 candRsrp=-114.863 < min=-110
UE 79 TTT_WAIT target=2 elapsed=0s need=2s
LM HO_FAIL_LOW_RSRP UE=80 currCell=7 candCell=6 candRsrp=-116.844 < min=-110
TRACE HO_SUCCESS Time=12.6151 IMSI=33 TargetCell=1 Type=TN TargetRSRP=-97.4361 ServingRSRP=-92.5312 BackhaulDlSnr=-999 BackhaulUlSnr=-999
TRACE HO_SUCCESS Time=12.6151 IMSI=34 TargetCell=1 Type=TN TargetRSRP=-75.6576 ServingRSRP=-68.5189 BackhaulDlSnr=-999 BackhaulUlSnr=-999
TRACE HO_SUCCESS Time=12.6151 IMSI=43 TargetCell=2 Type=TN TargetRSRP=-76.257 ServingRSRP=-62.9907 BackhaulDlSnr=-999 BackhaulUlSnr=-999
TRACE HO_SUCCESS Time=12.6151 IMSI=58 TargetCell=2 Type=TN TargetRSRP=-69.3312 ServingRSRP=-81.2182 BackhaulDlSnr=-999 BackhaulUlSnr=-999
TRACE HO_SUCCESS Time=12.6151 IMSI=12 TargetCell=4 Type=TN TargetRSRP=-73.1186 ServingRSRP=-72.5566 BackhaulDlSnr=-999 BackhaulUlSnr=-999
TRACE HO_SUCCESS Time=12.6151 IMSI=16 TargetCell=4 Type=TN TargetRSRP=-89.2247 ServingRSRP=-73.6854 BackhaulDlSnr=-999 BackhaulUlSnr=-999
TRACE HO_SUCCESS Time=12.6151 IMSI=37 TargetCell=5 Type=NTN TargetRSRP=-64.9876 ServingRSRP=-67.7999 BackhaulDlSnr=-999 BackhaulUlSnr=-999
TRACE HO_SUCCESS Time=12.6151 IMSI=72 TargetCell=7 Type=NTN TargetRSRP=-116.334 ServingRSRP=-110.185 BackhaulDlSnr=-999 BackhaulUlSnr=-999
UAV_AUTONOMY_XAPP Time=14.5 DeploymentMode=tn-uav UavIndex=0 UavCellId=5 BestDonorCellId=1 BestDonorDistanceM=143.511 XhaulConnected=1 XhaulChannelVariationDb=0 RawXhaulState=HEALTHY RawXhaulStateAgeSec=10 XhaulState=HEALTHY DonorUnavailableActive=0 SatBackhaulHealthy=0 UavSwitchingXappAvailable=0 UavSwitchingXappState=DISABLED AiPredictedBackhaulMode=RULE_BASED BackhaulMode=TN_DIRECT RicControlState=TN_E2 ActiveUavRic=LOCAL_UAV_AUTONOMY NormalUeHandoverAllowed=1 UavMode=TN_CONTROLLED_COVERAGE_EXTENSION
UAV_AUTONOMY_XAPP Time=14.5 DeploymentMode=tn-uav UavIndex=1 UavCellId=6 BestDonorCellId=1 BestDonorDistanceM=110.88 XhaulConnected=1 XhaulChannelVariationDb=0 RawXhaulState=HEALTHY RawXhaulStateAgeSec=10 XhaulState=HEALTHY DonorUnavailableActive=0 SatBackhaulHealthy=0 UavSwitchingXappAvailable=0 UavSwitchingXappState=DISABLED AiPredictedBackhaulMode=RULE_BASED BackhaulMode=TN_DIRECT RicControlState=TN_E2 ActiveUavRic=LOCAL_UAV_AUTONOMY NormalUeHandoverAllowed=1 UavMode=TN_CONTROLLED_COVERAGE_EXTENSION
UAV_AUTONOMY_XAPP Time=14.5 DeploymentMode=tn-uav UavIndex=2 UavCellId=7 BestDonorCellId=1 BestDonorDistanceM=133.08 XhaulConnected=1 XhaulChannelVariationDb=0 RawXhaulState=HEALTHY RawXhaulStateAgeSec=10 XhaulState=HEALTHY DonorUnavailableActive=0 SatBackhaulHealthy=0 UavSwitchingXappAvailable=0 UavSwitchingXappState=DISABLED AiPredictedBackhaulMode=RULE_BASED BackhaulMode=TN_DIRECT RicControlState=TN_E2 ActiveUavRic=LOCAL_UAV_AUTONOMY NormalUeHandoverAllowed=1 UavMode=TN_CONTROLLED_COVERAGE_EXTENSION
---- LOAD at t=14.5 ----
  cell 1 (TN) load=18/20
  cell 2 (TN) load=11/20
  cell 3 (TN) load=10/20
  cell 4 (TN) load=14/20
  cell 5 (NTN) load=4/15
  cell 6 (NTN) load=8/15
  cell 7 (NTN) load=6/15
UE 12 TTT_WAIT target=4 elapsed=0s need=2s
UE 14 TTT_WAIT target=2 elapsed=0s need=2s
UE 15 TTT_WAIT target=1 elapsed=0s need=2s
LM HO UE=16 rnti=106 1->4 type=TN servingRsrp=-86.9061 targetRsrp=-64.3453 targetLoadReal=14/20 targetLoadEff=14/20
UE 17 TTT_WAIT target=3 elapsed=0s need=2s
LM HO UE=20 rnti=29 5->7 type=NTN servingRsrp=-78.1091 targetRsrp=-68.7608 targetLoadReal=6/15 targetLoadEff=6/15
UE 21 TTT_WAIT target=1 elapsed=0s need=2s
LM HO UE=22 rnti=91 3->1 type=TN servingRsrp=-95.7195 targetRsrp=-61.3299 targetLoadReal=18/20 targetLoadEff=18/20
LM HO UE=33 rnti=109 4->1 type=TN servingRsrp=-89.4088 targetRsrp=-85.9734 targetLoadReal=18/20 targetLoadEff=19/20
UE 34 TTT_WAIT target=2 elapsed=0s need=2s
UE 38 TTT_WAIT target=7 elapsed=0s need=2s
UE 39 TTT_WAIT target=4 elapsed=0s need=2s
UE 42 TTT_WAIT target=5 elapsed=0s need=2s
UE 45 TTT_WAIT target=7 elapsed=0s need=2s
UE 47 TTT_WAIT target=5 elapsed=0s need=2s
LM HO UE=50 rnti=93 3->2 type=TN servingRsrp=-72.5104 targetRsrp=-64.9346 targetLoadReal=11/20 targetLoadEff=11/20
UE 51 TTT_WAIT target=3 elapsed=0s need=2s
UE 53 TTT_WAIT target=2 elapsed=0s need=2s
UE 61 TTT_WAIT target=4 elapsed=0s need=2s
UE 65 TTT_WAIT target=3 elapsed=0s need=2s
UE 66 TTT_WAIT target=3 elapsed=0s need=2s
LM HO_FAIL_LOW_RSRP UE=68 currCell=2 candCell=4 candRsrp=-116.18 < min=-110
LM HO_FAIL_LOW_RSRP UE=69 currCell=4 candCell=2 candRsrp=-112.929 < min=-110
LM HO_FAIL_LOW_RSRP UE=70 currCell=2 candCell=6 candRsrp=-117.648 < min=-110
LM HO_FAIL_LOW_RSRP UE=72 currCell=7 candCell=6 candRsrp=-116.408 < min=-110
UE 73 TTT_WAIT target=5 elapsed=0s need=2s
LM HO_FAIL_LOW_RSRP UE=74 currCell=2 candCell=3 candRsrp=-114.004 < min=-110
UE 77 TTT_WAIT target=2 elapsed=0s need=2s
LM HO_FAIL_LOW_RSRP UE=78 currCell=1 candCell=6 candRsrp=-110.537 < min=-110
LM HO_FAIL_LOW_RSRP UE=79 currCell=1 candCell=6 candRsrp=-111.006 < min=-110
LM HO_FAIL_LOW_RSRP UE=80 currCell=7 candCell=6 candRsrp=-115.616 < min=-110
LM HO_FAIL_LOW_RSRP UE=81 currCell=2 candCell=6 candRsrp=-118.076 < min=-110
TRACE HO_SUCCESS Time=14.6151 IMSI=21 TargetCell=1 Type=TN TargetRSRP=-67.7825 ServingRSRP=-85.4971 BackhaulDlSnr=-999 BackhaulUlSnr=-999
TRACE HO_SUCCESS Time=14.6151 IMSI=32 TargetCell=1 Type=TN TargetRSRP=-72.4486 ServingRSRP=-81.3869 BackhaulDlSnr=-999 BackhaulUlSnr=-999
TRACE HO_SUCCESS Time=14.6151 IMSI=49 TargetCell=2 Type=TN TargetRSRP=-92.753 ServingRSRP=-62.3195 BackhaulDlSnr=-999 BackhaulUlSnr=-999
TRACE HO_SUCCESS Time=14.6151 IMSI=15 TargetCell=4 Type=TN TargetRSRP=-95.4602 ServingRSRP=-83.0381 BackhaulDlSnr=-999 BackhaulUlSnr=-999
TRACE HO_SUCCESS Time=14.6151 IMSI=19 TargetCell=7 Type=NTN TargetRSRP=-65.8877 ServingRSRP=-67.4214 BackhaulDlSnr=-999 BackhaulUlSnr=-999
UAV_AUTONOMY_XAPP Time=16.5 DeploymentMode=tn-uav UavIndex=0 UavCellId=5 BestDonorCellId=1 BestDonorDistanceM=143.511 XhaulConnected=1 XhaulChannelVariationDb=0 RawXhaulState=HEALTHY RawXhaulStateAgeSec=12 XhaulState=HEALTHY DonorUnavailableActive=0 SatBackhaulHealthy=0 UavSwitchingXappAvailable=0 UavSwitchingXappState=DISABLED AiPredictedBackhaulMode=RULE_BASED BackhaulMode=TN_DIRECT RicControlState=TN_E2 ActiveUavRic=LOCAL_UAV_AUTONOMY NormalUeHandoverAllowed=1 UavMode=TN_CONTROLLED_COVERAGE_EXTENSION
UAV_AUTONOMY_XAPP Time=16.5 DeploymentMode=tn-uav UavIndex=1 UavCellId=6 BestDonorCellId=1 BestDonorDistanceM=110.88 XhaulConnected=1 XhaulChannelVariationDb=0 RawXhaulState=HEALTHY RawXhaulStateAgeSec=12 XhaulState=HEALTHY DonorUnavailableActive=0 SatBackhaulHealthy=0 UavSwitchingXappAvailable=0 UavSwitchingXappState=DISABLED AiPredictedBackhaulMode=RULE_BASED BackhaulMode=TN_DIRECT RicControlState=TN_E2 ActiveUavRic=LOCAL_UAV_AUTONOMY NormalUeHandoverAllowed=1 UavMode=TN_CONTROLLED_COVERAGE_EXTENSION
UAV_AUTONOMY_XAPP Time=16.5 DeploymentMode=tn-uav UavIndex=2 UavCellId=7 BestDonorCellId=1 BestDonorDistanceM=133.08 XhaulConnected=1 XhaulChannelVariationDb=0 RawXhaulState=HEALTHY RawXhaulStateAgeSec=12 XhaulState=HEALTHY DonorUnavailableActive=0 SatBackhaulHealthy=0 UavSwitchingXappAvailable=0 UavSwitchingXappState=DISABLED AiPredictedBackhaulMode=RULE_BASED BackhaulMode=TN_DIRECT RicControlState=TN_E2 ActiveUavRic=LOCAL_UAV_AUTONOMY NormalUeHandoverAllowed=1 UavMode=TN_CONTROLLED_COVERAGE_EXTENSION
---- LOAD at t=16.5 ----
  cell 1 (TN) load=20/20
  cell 2 (TN) load=12/20
  cell 3 (TN) load=8/20
  cell 4 (TN) load=14/20
  cell 5 (NTN) load=3/15
  cell 6 (NTN) load=9/15
  cell 7 (NTN) load=7/15
UE 8 TTT_WAIT target=3 elapsed=0s need=2s
UE 11 TTT_WAIT target=4 elapsed=0s need=2s
UE 12 TTT_WAIT target=3 elapsed=0s need=2s
UE 13 TTT_WAIT target=3 elapsed=0s need=2s
LM HO UE=14 rnti=105 1->2 type=TN servingRsrp=-71.4741 targetRsrp=-60.6298 targetLoadReal=12/20 targetLoadEff=12/20
UE 16 TTT_WAIT target=2 elapsed=0s need=2s
LM HO UE=17 rnti=129 4->3 type=TN servingRsrp=-90.856 targetRsrp=-63.0624 targetLoadReal=8/20 targetLoadEff=8/20
UE 20 TTT_WAIT target=5 elapsed=0s need=2s
UE 22 TTT_WAIT target=3 elapsed=0s need=2s
UE 24 TTT_WAIT target=6 elapsed=0s need=2s
UE 27 TTT_WAIT target=3 elapsed=0s need=2s
UE 34 TTT_WAIT target=5 elapsed=0s need=2s
UE 35 TTT_WAIT target=5 elapsed=0s need=2s
UE 41 TTT_WAIT target=4 elapsed=0s need=2s
LM HO UE=42 rnti=112 4->5 type=NTN servingRsrp=-91.1283 targetRsrp=-84.9379 targetLoadReal=3/15 targetLoadEff=3/15
UE 47 TTT_WAIT target=6 elapsed=0s need=2s
UE 48 TTT_WAIT target=3 elapsed=0s need=2s
UE 50 TTT_WAIT target=4 elapsed=0s need=2s
LM HO UE=51 rnti=114 4->3 type=TN servingRsrp=-86.2404 targetRsrp=-63.1313 targetLoadReal=8/20 targetLoadEff=9/20
UE 52 TTT_WAIT target=7 elapsed=0s need=2s
LM HO UE=53 rnti=103 1->2 type=TN servingRsrp=-91.8613 targetRsrp=-72.4045 targetLoadReal=12/20 targetLoadEff=13/20
UE 54 TTT_WAIT target=4 elapsed=0s need=2s
UE 58 TTT_WAIT target=4 elapsed=0s need=2s
LM HO UE=61 rnti=99 3->4 type=TN servingRsrp=-94.3119 targetRsrp=-68.6574 targetLoadReal=14/20 targetLoadEff=14/20
LM HO_FAIL_LOW_RSRP UE=68 currCell=2 candCell=6 candRsrp=-120.48 < min=-110
LM HO_FAIL_LOW_RSRP UE=69 currCell=4 candCell=2 candRsrp=-111.825 < min=-110
LM HO_FAIL_LOW_RSRP UE=70 currCell=2 candCell=6 candRsrp=-116.389 < min=-110
UE 71 TTT_WAIT target=3 elapsed=0s need=2s
UE 73 TTT_WAIT target=2 elapsed=0s need=2s
UE 74 TTT_WAIT target=3 elapsed=0s need=2s
UE 77 TTT_WAIT target=3 elapsed=0s need=2s
LM HO_FAIL_LOW_RSRP UE=78 currCell=1 candCell=5 candRsrp=-119.818 < min=-110
UE 81 TTT_WAIT target=5 elapsed=0s need=2s
TRACE HO_SUCCESS Time=16.6151 IMSI=52 TargetCell=2 Type=TN TargetRSRP=-95.3511 ServingRSRP=-75.7891 BackhaulDlSnr=-999 BackhaulUlSnr=-999
TRACE HO_SUCCESS Time=16.6151 IMSI=13 TargetCell=2 Type=TN TargetRSRP=-58.6841 ServingRSRP=-66.665 BackhaulDlSnr=-999 BackhaulUlSnr=-999
TRACE HO_SUCCESS Time=16.6151 IMSI=16 TargetCell=3 Type=TN TargetRSRP=-88.2085 ServingRSRP=-67.9438 BackhaulDlSnr=-999 BackhaulUlSnr=-999
TRACE HO_SUCCESS Time=16.6151 IMSI=50 TargetCell=3 Type=TN TargetRSRP=-86.9499 ServingRSRP=-69.6879 BackhaulDlSnr=-999 BackhaulUlSnr=-999
TRACE HO_SUCCESS Time=16.6151 IMSI=60 TargetCell=4 Type=TN TargetRSRP=-69.6123 ServingRSRP=-88.3853 BackhaulDlSnr=-999 BackhaulUlSnr=-999
TRACE HO_SUCCESS Time=16.6151 IMSI=41 TargetCell=5 Type=NTN TargetRSRP=-94.8936 ServingRSRP=-82.316 BackhaulDlSnr=-999 BackhaulUlSnr=-999
UAV_AUTONOMY_XAPP Time=18.5 DeploymentMode=tn-uav UavIndex=0 UavCellId=5 BestDonorCellId=1 BestDonorDistanceM=143.511 XhaulConnected=1 XhaulChannelVariationDb=0 RawXhaulState=HEALTHY RawXhaulStateAgeSec=14 XhaulState=HEALTHY DonorUnavailableActive=0 SatBackhaulHealthy=0 UavSwitchingXappAvailable=0 UavSwitchingXappState=DISABLED AiPredictedBackhaulMode=RULE_BASED BackhaulMode=TN_DIRECT RicControlState=TN_E2 ActiveUavRic=LOCAL_UAV_AUTONOMY NormalUeHandoverAllowed=1 UavMode=TN_CONTROLLED_COVERAGE_EXTENSION
UAV_AUTONOMY_XAPP Time=18.5 DeploymentMode=tn-uav UavIndex=1 UavCellId=6 BestDonorCellId=1 BestDonorDistanceM=110.88 XhaulConnected=1 XhaulChannelVariationDb=0 RawXhaulState=HEALTHY RawXhaulStateAgeSec=14 XhaulState=HEALTHY DonorUnavailableActive=0 SatBackhaulHealthy=0 UavSwitchingXappAvailable=0 UavSwitchingXappState=DISABLED AiPredictedBackhaulMode=RULE_BASED BackhaulMode=TN_DIRECT RicControlState=TN_E2 ActiveUavRic=LOCAL_UAV_AUTONOMY NormalUeHandoverAllowed=1 UavMode=TN_CONTROLLED_COVERAGE_EXTENSION
UAV_AUTONOMY_XAPP Time=18.5 DeploymentMode=tn-uav UavIndex=2 UavCellId=7 BestDonorCellId=1 BestDonorDistanceM=133.08 XhaulConnected=1 XhaulChannelVariationDb=0 RawXhaulState=HEALTHY RawXhaulStateAgeSec=14 XhaulState=HEALTHY DonorUnavailableActive=0 SatBackhaulHealthy=0 UavSwitchingXappAvailable=0 UavSwitchingXappState=DISABLED AiPredictedBackhaulMode=RULE_BASED BackhaulMode=TN_DIRECT RicControlState=TN_E2 ActiveUavRic=LOCAL_UAV_AUTONOMY NormalUeHandoverAllowed=1 UavMode=TN_CONTROLLED_COVERAGE_EXTENSION
---- LOAD at t=18.5 ----
  cell 1 (TN) load=18/20
  cell 2 (TN) load=14/20
  cell 3 (TN) load=9/20
  cell 4 (TN) load=12/20
  cell 5 (NTN) load=4/15
  cell 6 (NTN) load=9/15
  cell 7 (NTN) load=8/15
UE 8 TTT_WAIT target=2 elapsed=0s need=2s
LM HO UE=11 rnti=104 1->4 type=TN servingRsrp=-93.1662 targetRsrp=-74.9747 targetLoadReal=12/20 targetLoadEff=12/20
UE 12 TTT_WAIT target=2 elapsed=0s need=2s
LM HO UE=13 rnti=128 4->3 type=TN servingRsrp=-70.0933 targetRsrp=-53.976 targetLoadReal=9/20 targetLoadEff=9/20
LM HO UE=16 rnti=138 4->2 type=TN servingRsrp=-95.4763 targetRsrp=-74.9551 targetLoadReal=14/20 targetLoadEff=14/20
UE 18 TTT_WAIT target=3 elapsed=0s need=2s
UE 21 TTT_WAIT target=1 elapsed=0s need=2s
UE 25 TTT_WAIT target=4 elapsed=0s need=2s
UE 33 TTT_WAIT target=4 elapsed=0s need=2s
UE 37 TTT_WAIT target=1 elapsed=0s need=2s
UE 40 TTT_WAIT target=1 elapsed=0s need=2s
UE 41 TTT_WAIT target=3 elapsed=0s need=2s
UE 42 TTT_WAIT target=4 elapsed=0s need=2s
UE 47 TTT_WAIT target=5 elapsed=0s need=2s
LM HO UE=48 rnti=113 4->3 type=TN servingRsrp=-84.5674 targetRsrp=-80.1723 targetLoadReal=9/20 targetLoadEff=10/20
UE 49 TTT_WAIT target=5 elapsed=0s need=2s
UE 50 TTT_WAIT target=3 elapsed=0s need=2s
UE 51 TTT_WAIT target=1 elapsed=0s need=2s
UE 53 TTT_WAIT target=1 elapsed=0s need=2s
LM HO UE=58 rnti=96 3->4 type=TN servingRsrp=-69.4539 targetRsrp=-60.3225 targetLoadReal=12/20 targetLoadEff=13/20
UE 59 TTT_WAIT target=1 elapsed=0s need=2s
UE 60 TTT_WAIT target=3 elapsed=0s need=2s
UE 62 TTT_WAIT target=1 elapsed=0s need=2s
UE 64 TTT_WAIT target=4 elapsed=0s need=2s
UE 65 TTT_WAIT target=3 elapsed=0s need=2s
UE 67 TTT_WAIT target=2 elapsed=0s need=2s
LM HO_FAIL_LOW_RSRP UE=68 currCell=2 candCell=3 candRsrp=-114.439 < min=-110
LM HO_FAIL_LOW_RSRP UE=69 currCell=4 candCell=2 candRsrp=-115.491 < min=-110
UE 70 TTT_WAIT target=4 elapsed=0s need=2s
LM HO_FAIL_LOW_RSRP UE=72 currCell=7 candCell=6 candRsrp=-113.69 < min=-110
UE 73 TTT_WAIT target=1 elapsed=0s need=2s
UE 74 TTT_WAIT target=4 elapsed=0s need=2s
LM HO_FAIL_LOW_RSRP UE=75 currCell=1 candCell=2 candRsrp=-116.504 < min=-110
LM HO_FAIL_LOW_RSRP UE=78 currCell=1 candCell=2 candRsrp=-113.186 < min=-110
LM HO_FAIL_LOW_RSRP UE=80 currCell=7 candCell=6 candRsrp=-114.058 < min=-110
LM HO_FAIL_LOW_RSRP UE=81 currCell=2 candCell=6 candRsrp=-115.776 < min=-110
LM HO_FAIL_LOW_RSRP UE=86 currCell=7 candCell=6 candRsrp=-114.154 < min=-110
TRACE HO_SUCCESS Time=18.6151 IMSI=15 TargetCell=2 Type=TN TargetRSRP=-75.0212 ServingRSRP=-65.805 BackhaulDlSnr=-999 BackhaulUlSnr=-999
TRACE HO_SUCCESS Time=18.6151 IMSI=12 TargetCell=3 Type=TN TargetRSRP=-51.7959 ServingRSRP=-75.549 BackhaulDlSnr=-999 BackhaulUlSnr=-999
TRACE HO_SUCCESS Time=18.6151 IMSI=47 TargetCell=3 Type=TN TargetRSRP=-87.7028 ServingRSRP=-73.8966 BackhaulDlSnr=-999 BackhaulUlSnr=-999
TRACE HO_SUCCESS Time=18.6151 IMSI=10 TargetCell=4 Type=TN TargetRSRP=-99.6856 ServingRSRP=-90.5955 BackhaulDlSnr=-999 BackhaulUlSnr=-999
TRACE HO_SUCCESS Time=18.6151 IMSI=57 TargetCell=4 Type=TN TargetRSRP=-80.5262 ServingRSRP=-79.2804 BackhaulDlSnr=-999 BackhaulUlSnr=-999
UAV_AUTONOMY_XAPP Time=20.5 DeploymentMode=tn-uav UavIndex=0 UavCellId=5 BestDonorCellId=1 BestDonorDistanceM=143.511 XhaulConnected=1 XhaulChannelVariationDb=0 RawXhaulState=HEALTHY RawXhaulStateAgeSec=16 XhaulState=HEALTHY DonorUnavailableActive=0 SatBackhaulHealthy=0 UavSwitchingXappAvailable=0 UavSwitchingXappState=DISABLED AiPredictedBackhaulMode=RULE_BASED BackhaulMode=TN_DIRECT RicControlState=TN_E2 ActiveUavRic=LOCAL_UAV_AUTONOMY NormalUeHandoverAllowed=1 UavMode=TN_CONTROLLED_COVERAGE_EXTENSION
UAV_AUTONOMY_XAPP Time=20.5 DeploymentMode=tn-uav UavIndex=1 UavCellId=6 BestDonorCellId=1 BestDonorDistanceM=110.88 XhaulConnected=1 XhaulChannelVariationDb=0 RawXhaulState=HEALTHY RawXhaulStateAgeSec=16 XhaulState=HEALTHY DonorUnavailableActive=0 SatBackhaulHealthy=0 UavSwitchingXappAvailable=0 UavSwitchingXappState=DISABLED AiPredictedBackhaulMode=RULE_BASED BackhaulMode=TN_DIRECT RicControlState=TN_E2 ActiveUavRic=LOCAL_UAV_AUTONOMY NormalUeHandoverAllowed=1 UavMode=TN_CONTROLLED_COVERAGE_EXTENSION
UAV_AUTONOMY_XAPP Time=20.5 DeploymentMode=tn-uav UavIndex=2 UavCellId=7 BestDonorCellId=1 BestDonorDistanceM=133.08 XhaulConnected=1 XhaulChannelVariationDb=0 RawXhaulState=HEALTHY RawXhaulStateAgeSec=16 XhaulState=HEALTHY DonorUnavailableActive=0 SatBackhaulHealthy=0 UavSwitchingXappAvailable=0 UavSwitchingXappState=DISABLED AiPredictedBackhaulMode=RULE_BASED BackhaulMode=TN_DIRECT RicControlState=TN_E2 ActiveUavRic=LOCAL_UAV_AUTONOMY NormalUeHandoverAllowed=1 UavMode=TN_CONTROLLED_COVERAGE_EXTENSION
---- LOAD at t=20.5 ----
  cell 1 (TN) load=17/20
  cell 2 (TN) load=15/20
  cell 3 (TN) load=10/20
  cell 4 (TN) load=11/20
  cell 5 (NTN) load=5/15
  cell 6 (NTN) load=10/15
  cell 7 (NTN) load=8/15
UE 11 TTT_WAIT target=1 elapsed=0s need=2s
LM HO UE=12 rnti=102 1->2 type=TN servingRsrp=-88.5755 targetRsrp=-62.7159 targetLoadReal=15/20 targetLoadEff=15/20
UE 15 TTT_WAIT target=1 elapsed=0s need=2s
UE 16 TTT_WAIT target=4 elapsed=0s need=2s
UE 20 TTT_WAIT target=6 elapsed=0s need=2s
LM HO UE=21 rnti=30 5->1 type=TN servingRsrp=-100.506 targetRsrp=-61.5431 targetLoadReal=17/20 targetLoadEff=17/20
UE 28 TTT_WAIT target=6 elapsed=0s need=2s
UE 29 TTT_WAIT target=4 elapsed=0s need=2s
UE 31 TTT_WAIT target=3 elapsed=0s need=2s
UE 32 TTT_WAIT target=4 elapsed=0s need=2s
LM HO UE=33 rnti=111 1->4 type=TN servingRsrp=-87.9242 targetRsrp=-73.5214 targetLoadReal=11/20 targetLoadEff=11/20
UE 34 TTT_WAIT target=5 elapsed=0s need=2s
LM HO UE=40 rnti=73 6->1 type=TN servingRsrp=-89.0416 targetRsrp=-82.6927 targetLoadReal=17/20 targetLoadEff=18/20
UE 41 TTT_WAIT target=4 elapsed=0s need=2s
UE 42 TTT_WAIT target=1 elapsed=0s need=2s
UE 47 TTT_WAIT target=6 elapsed=0s need=2s
UE 48 TTT_WAIT target=4 elapsed=0s need=2s
UE 49 TTT_WAIT target=3 elapsed=0s need=2s
LM HO UE=50 rnti=91 2->3 type=TN servingRsrp=-90.5061 targetRsrp=-71.0409 targetLoadReal=10/20 targetLoadEff=10/20
LM HO UE=51 rnti=101 3->1 type=TN servingRsrp=-83.8681 targetRsrp=-61.5433 targetLoadReal=17/20 targetLoadEff=19/20
UE 52 TTT_WAIT target=6 elapsed=0s need=2s
UE 53 TTT_WAIT target=4 elapsed=0s need=2s
UE 54 TTT_WAIT target=5 elapsed=0s need=2s
UE 55 TTT_WAIT target=4 elapsed=0s need=2s
LM HO UE=60 rnti=77 6->3 type=TN servingRsrp=-100.958 targetRsrp=-93.2467 targetLoadReal=10/20 targetLoadEff=11/20
LM HO UE=64 rnti=97 3->4 type=TN servingRsrp=-78.9699 targetRsrp=-68.5721 targetLoadReal=11/20 targetLoadEff=12/20
LM HO_FAIL_LOW_RSRP UE=68 currCell=2 candCell=3 candRsrp=-116.14 < min=-110
UE 69 TTT_WAIT target=6 elapsed=0s need=2s
UE 72 TTT_WAIT target=5 elapsed=0s need=2s
LM HO_FAIL_LOW_RSRP UE=73 currCell=7 candCell=5 candRsrp=-113.588 < min=-110
LM HO_FAIL_LOW_RSRP UE=74 currCell=2 candCell=3 candRsrp=-114.613 < min=-110
LM HO_FAIL_LOW_RSRP UE=75 currCell=1 candCell=2 candRsrp=-116.158 < min=-110
LM HO_FAIL_LOW_RSRP UE=78 currCell=1 candCell=7 candRsrp=-115.094 < min=-110
UE 79 TTT_WAIT target=2 elapsed=0s need=2s
UE 80 TTT_WAIT target=3 elapsed=0s need=2s
LM HO_FAIL_LOW_RSRP UE=81 currCell=2 candCell=4 candRsrp=-112.885 < min=-110
LM HO_FAIL_LOW_RSRP UE=82 currCell=6 candCell=5 candRsrp=-113.473 < min=-110
UE 86 TTT_WAIT target=6 elapsed=0s need=2s
TRACE HO_SUCCESS Time=20.6151 IMSI=50 TargetCell=1 Type=TN TargetRSRP=-84.9905 ServingRSRP=-62.6316 BackhaulDlSnr=-999 BackhaulUlSnr=-999
TRACE HO_SUCCESS Time=20.6151 IMSI=20 TargetCell=1 Type=TN TargetRSRP=-78.4066 ServingRSRP=-80.4051 BackhaulDlSnr=-999 BackhaulUlSnr=-999
TRACE HO_SUCCESS Time=20.6151 IMSI=39 TargetCell=1 Type=TN TargetRSRP=-83.9867 ServingRSRP=-83.5486 BackhaulDlSnr=-999 BackhaulUlSnr=-999
TRACE HO_SUCCESS Time=20.6151 IMSI=11 TargetCell=2 Type=TN TargetRSRP=-76.2193 ServingRSRP=-87.6514 BackhaulDlSnr=-999 BackhaulUlSnr=-999
TRACE HO_SUCCESS Time=20.6151 IMSI=49 TargetCell=3 Type=TN TargetRSRP=-95.482 ServingRSRP=-62.302 BackhaulDlSnr=-999 BackhaulUlSnr=-999
TRACE HO_SUCCESS Time=20.6151 IMSI=59 TargetCell=3 Type=TN TargetRSRP=-88.0891 ServingRSRP=-93.7565 BackhaulDlSnr=-999 BackhaulUlSnr=-999
TRACE HO_SUCCESS Time=20.6151 IMSI=32 TargetCell=4 Type=TN TargetRSRP=-100.013 ServingRSRP=-71.8019 BackhaulDlSnr=-999 BackhaulUlSnr=-999
TRACE HO_SUCCESS Time=20.6151 IMSI=63 TargetCell=4 Type=TN TargetRSRP=-66.819 ServingRSRP=-62.168 BackhaulDlSnr=-999 BackhaulUlSnr=-999
UAV_AUTONOMY_XAPP Time=22.5 DeploymentMode=tn-uav UavIndex=0 UavCellId=5 BestDonorCellId=1 BestDonorDistanceM=143.511 XhaulConnected=1 XhaulChannelVariationDb=0 RawXhaulState=HEALTHY RawXhaulStateAgeSec=18 XhaulState=HEALTHY DonorUnavailableActive=0 SatBackhaulHealthy=0 UavSwitchingXappAvailable=0 UavSwitchingXappState=DISABLED AiPredictedBackhaulMode=RULE_BASED BackhaulMode=TN_DIRECT RicControlState=TN_E2 ActiveUavRic=LOCAL_UAV_AUTONOMY NormalUeHandoverAllowed=1 UavMode=TN_CONTROLLED_COVERAGE_EXTENSION
UAV_AUTONOMY_XAPP Time=22.5 DeploymentMode=tn-uav UavIndex=1 UavCellId=6 BestDonorCellId=1 BestDonorDistanceM=110.88 XhaulConnected=1 XhaulChannelVariationDb=0 RawXhaulState=HEALTHY RawXhaulStateAgeSec=18 XhaulState=HEALTHY DonorUnavailableActive=0 SatBackhaulHealthy=0 UavSwitchingXappAvailable=0 UavSwitchingXappState=DISABLED AiPredictedBackhaulMode=RULE_BASED BackhaulMode=TN_DIRECT RicControlState=TN_E2 ActiveUavRic=LOCAL_UAV_AUTONOMY NormalUeHandoverAllowed=1 UavMode=TN_CONTROLLED_COVERAGE_EXTENSION
UAV_AUTONOMY_XAPP Time=22.5 DeploymentMode=tn-uav UavIndex=2 UavCellId=7 BestDonorCellId=1 BestDonorDistanceM=133.08 XhaulConnected=1 XhaulChannelVariationDb=0 RawXhaulState=HEALTHY RawXhaulStateAgeSec=18 XhaulState=HEALTHY DonorUnavailableActive=0 SatBackhaulHealthy=0 UavSwitchingXappAvailable=0 UavSwitchingXappState=DISABLED AiPredictedBackhaulMode=RULE_BASED BackhaulMode=TN_DIRECT RicControlState=TN_E2 ActiveUavRic=LOCAL_UAV_AUTONOMY NormalUeHandoverAllowed=1 UavMode=TN_CONTROLLED_COVERAGE_EXTENSION
---- LOAD at t=22.5 ----
  cell 1 (TN) load=18/20
  cell 2 (TN) load=15/20
  cell 3 (TN) load=10/20
  cell 4 (TN) load=13/20
  cell 5 (NTN) load=4/15
  cell 6 (NTN) load=9/15
  cell 7 (NTN) load=8/15
UE 8 TTT_WAIT target=2 elapsed=0s need=2s
LM HO UE=15 rnti=44 2->1 type=TN servingRsrp=-88.7694 targetRsrp=-76.1139 targetLoadReal=18/20 targetLoadEff=18/20
LM HO UE=16 rnti=94 2->4 type=TN servingRsrp=-98.822 targetRsrp=-96.0124 targetLoadReal=13/20 targetLoadEff=13/20
UE 17 TTT_WAIT target=2 elapsed=0s need=2s
LM HO UE=28 rnti=98 3->6 type=NTN servingRsrp=-86.953 targetRsrp=-73.097 targetLoadReal=9/15 targetLoadEff=9/15
UE 31 TTT_WAIT target=5 elapsed=0s need=2s
UE 33 TTT_WAIT target=2 elapsed=0s need=2s
UE 34 TTT_WAIT target=2 elapsed=0s need=2s
UE 38 TTT_WAIT target=4 elapsed=0s need=2s
UE 40 TTT_WAIT target=3 elapsed=0s need=2s
UE 42 TTT_WAIT target=4 elapsed=0s need=2s
UE 44 TTT_WAIT target=1 elapsed=0s need=2s
UE 50 TTT_WAIT target=1 elapsed=0s need=2s
UE 52 TTT_WAIT target=1 elapsed=0s need=2s
UE 53 TTT_WAIT target=1 elapsed=0s need=2s
LM HO UE=55 rnti=94 3->4 type=TN servingRsrp=-61.0168 targetRsrp=-56.3652 targetLoadReal=13/20 targetLoadEff=14/20
UE 58 TTT_WAIT target=3 elapsed=0s need=2s
UE 59 TTT_WAIT target=1 elapsed=0s need=2s
UE 62 TTT_WAIT target=1 elapsed=0s need=2s
UE 64 TTT_WAIT target=3 elapsed=0s need=2s
UE 65 TTT_WAIT target=3 elapsed=0s need=2s
UE 67 TTT_WAIT target=2 elapsed=0s need=2s
LM HO_FAIL_LOW_RSRP UE=68 currCell=2 candCell=3 candRsrp=-112.09 < min=-110
LM HO_FAIL_LOW_RSRP UE=69 currCell=4 candCell=1 candRsrp=-115.411 < min=-110
LM HO_FAIL_LOW_RSRP UE=70 currCell=2 candCell=7 candRsrp=-114.805 < min=-110
UE 73 TTT_WAIT target=2 elapsed=0s need=2s
LM HO_FAIL_LOW_RSRP UE=74 currCell=2 candCell=4 candRsrp=-113.658 < min=-110
LM HO_FAIL_LOW_RSRP UE=75 currCell=1 candCell=2 candRsrp=-115.864 < min=-110
LM HO_FAIL_LOW_RSRP UE=78 currCell=1 candCell=2 candRsrp=-112.35 < min=-110
UE 79 TTT_WAIT target=3 elapsed=0s need=2s
LM HO UE=80 rnti=48 7->3 type=TN servingRsrp=-120.604 targetRsrp=-83.2287 targetLoadReal=10/20 targetLoadEff=10/20
LM HO_FAIL_LOW_RSRP UE=81 currCell=2 candCell=1 candRsrp=-113.226 < min=-110
UE 84 TTT_WAIT target=5 elapsed=0s need=2s
UE 85 TTT_WAIT target=3 elapsed=0s need=2s
UE 86 TTT_WAIT target=3 elapsed=0s need=2s
TRACE HO_SUCCESS Time=22.6151 IMSI=14 TargetCell=1 Type=TN TargetRSRP=-60.1937 ServingRSRP=-70.3968 BackhaulDlSnr=-999 BackhaulUlSnr=-999
TRACE HO_SUCCESS Time=22.6151 IMSI=79 TargetCell=3 Type=TN TargetRSRP=-113.931 ServingRSRP=-90.8402 BackhaulDlSnr=-999 BackhaulUlSnr=-999
TRACE HO_SUCCESS Time=22.6151 IMSI=15 TargetCell=4 Type=TN TargetRSRP=-98.888 ServingRSRP=-69.3813 BackhaulDlSnr=-999 BackhaulUlSnr=-999
TRACE HO_SUCCESS Time=22.6151 IMSI=54 TargetCell=4 Type=TN TargetRSRP=-58.3665 ServingRSRP=-62.5273 BackhaulDlSnr=-999 BackhaulUlSnr=-999
TRACE HO_SUCCESS Time=22.6151 IMSI=27 TargetCell=6 Type=NTN TargetRSRP=-102.877 ServingRSRP=-85.7829 BackhaulDlSnr=-999 BackhaulUlSnr=-999
UAV_AUTONOMY_XAPP Time=24.5 DeploymentMode=tn-uav UavIndex=0 UavCellId=5 BestDonorCellId=1 BestDonorDistanceM=143.511 XhaulConnected=1 XhaulChannelVariationDb=0 RawXhaulState=HEALTHY RawXhaulStateAgeSec=20 XhaulState=HEALTHY DonorUnavailableActive=0 SatBackhaulHealthy=0 UavSwitchingXappAvailable=0 UavSwitchingXappState=DISABLED AiPredictedBackhaulMode=RULE_BASED BackhaulMode=TN_DIRECT RicControlState=TN_E2 ActiveUavRic=LOCAL_UAV_AUTONOMY NormalUeHandoverAllowed=1 UavMode=TN_CONTROLLED_COVERAGE_EXTENSION
UAV_AUTONOMY_XAPP Time=24.5 DeploymentMode=tn-uav UavIndex=1 UavCellId=6 BestDonorCellId=1 BestDonorDistanceM=110.88 XhaulConnected=1 XhaulChannelVariationDb=0 RawXhaulState=HEALTHY RawXhaulStateAgeSec=20 XhaulState=HEALTHY DonorUnavailableActive=0 SatBackhaulHealthy=0 UavSwitchingXappAvailable=0 UavSwitchingXappState=DISABLED AiPredictedBackhaulMode=RULE_BASED BackhaulMode=TN_DIRECT RicControlState=TN_E2 ActiveUavRic=LOCAL_UAV_AUTONOMY NormalUeHandoverAllowed=1 UavMode=TN_CONTROLLED_COVERAGE_EXTENSION
UAV_AUTONOMY_XAPP Time=24.5 DeploymentMode=tn-uav UavIndex=2 UavCellId=7 BestDonorCellId=1 BestDonorDistanceM=133.08 XhaulConnected=1 XhaulChannelVariationDb=0 RawXhaulState=HEALTHY RawXhaulStateAgeSec=20 XhaulState=HEALTHY DonorUnavailableActive=0 SatBackhaulHealthy=0 UavSwitchingXappAvailable=0 UavSwitchingXappState=DISABLED AiPredictedBackhaulMode=RULE_BASED BackhaulMode=TN_DIRECT RicControlState=TN_E2 ActiveUavRic=LOCAL_UAV_AUTONOMY NormalUeHandoverAllowed=1 UavMode=TN_CONTROLLED_COVERAGE_EXTENSION
---- LOAD at t=24.5 ----
  cell 1 (TN) load=19/20
  cell 2 (TN) load=13/20
  cell 3 (TN) load=9/20
  cell 4 (TN) load=15/20
  cell 5 (NTN) load=4/15
  cell 6 (NTN) load=10/15
  cell 7 (NTN) load=7/15
UE 9 TTT_WAIT target=7 elapsed=0s need=2s
UE 11 TTT_WAIT target=1 elapsed=0s need=2s
UE 12 TTT_WAIT target=6 elapsed=0s need=2s
UE 20 TTT_WAIT target=5 elapsed=0s need=2s
UE 27 TTT_WAIT target=5 elapsed=0s need=2s
UE 28 TTT_WAIT target=3 elapsed=0s need=2s
UE 29 TTT_WAIT target=7 elapsed=0s need=2s
UE 31 TTT_WAIT target=3 elapsed=0s need=2s
UE 33 TTT_WAIT target=3 elapsed=0s need=2s
UE 34 TTT_WAIT target=7 elapsed=0s need=2s
UE 37 TTT_WAIT target=1 elapsed=0s need=2s
UE 38 TTT_WAIT target=7 elapsed=0s need=2s
UE 39 TTT_WAIT target=2 elapsed=0s need=2s
UE 40 TTT_WAIT target=6 elapsed=0s need=2s
UE 41 TTT_WAIT target=4 elapsed=0s need=2s
UE 43 TTT_WAIT target=7 elapsed=0s need=2s
UE 47 TTT_WAIT target=5 elapsed=0s need=2s
LM HO UE=52 rnti=33 5->1 type=TN servingRsrp=-94.3005 targetRsrp=-77.9407 targetLoadReal=19/20 targetLoadEff=19/20
UE 53 TTT_WAIT target=4 elapsed=0s need=2s
UE 54 TTT_WAIT target=5 elapsed=0s need=2s
UE 55 TTT_WAIT target=3 elapsed=0s need=2s
LM HO UE=58 rnti=141 4->3 type=TN servingRsrp=-82.6824 targetRsrp=-68.4399 targetLoadReal=9/20 targetLoadEff=9/20
UE 60 TTT_WAIT target=4 elapsed=0s need=2s
UE 61 TTT_WAIT target=3 elapsed=0s need=2s
UE 62 TTT_WAIT target=6 elapsed=0s need=2s
LM HO UE=65 rnti=116 4->3 type=TN servingRsrp=-71.0008 targetRsrp=-64.4088 targetLoadReal=9/20 targetLoadEff=10/20
LM HO UE=67 rnti=77 1->2 type=TN servingRsrp=-97.902 targetRsrp=-95.6634 targetLoadReal=13/20 targetLoadEff=13/20
UE 70 TTT_WAIT target=6 elapsed=0s need=2s
LM HO_FAIL_LOW_RSRP UE=74 currCell=2 candCell=3 candRsrp=-112.625 < min=-110
LM HO_FAIL_LOW_RSRP UE=75 currCell=1 candCell=2 candRsrp=-113.372 < min=-110
UE 77 TTT_WAIT target=3 elapsed=0s need=2s
UE 79 TTT_WAIT target=5 elapsed=0s need=2s
UE 80 TTT_WAIT target=4 elapsed=0s need=2s
LM HO_FAIL_LOW_RSRP UE=81 currCell=2 candCell=5 candRsrp=-119.126 < min=-110
UE 82 TTT_WAIT target=5 elapsed=0s need=2s
UE 84 TTT_WAIT target=3 elapsed=0s need=2s
UE 86 TTT_WAIT target=6 elapsed=0s need=2s
TRACE HO_SUCCESS Time=24.6151 IMSI=51 TargetCell=1 Type=TN TargetRSRP=-91.0174 ServingRSRP=-81.9809 BackhaulDlSnr=-999 BackhaulUlSnr=-999
TRACE HO_SUCCESS Time=24.6151 IMSI=66 TargetCell=2 Type=TN TargetRSRP=-106.693 ServingRSRP=-89.1523 BackhaulDlSnr=-999 BackhaulUlSnr=-999
TRACE HO_SUCCESS Time=24.6151 IMSI=57 TargetCell=3 Type=TN TargetRSRP=-78.9819 ServingRSRP=-88.846 BackhaulDlSnr=-999 BackhaulUlSnr=-999
TRACE HO_SUCCESS Time=24.6151 IMSI=64 TargetCell=3 Type=TN TargetRSRP=-80.0414 ServingRSRP=-67.1977 BackhaulDlSnr=-999 BackhaulUlSnr=-999
UAV_AUTONOMY_XAPP Time=26.5 DeploymentMode=tn-uav UavIndex=0 UavCellId=5 BestDonorCellId=1 BestDonorDistanceM=143.511 XhaulConnected=1 XhaulChannelVariationDb=0 RawXhaulState=HEALTHY RawXhaulStateAgeSec=22 XhaulState=HEALTHY DonorUnavailableActive=0 SatBackhaulHealthy=0 UavSwitchingXappAvailable=0 UavSwitchingXappState=DISABLED AiPredictedBackhaulMode=RULE_BASED BackhaulMode=TN_DIRECT RicControlState=TN_E2 ActiveUavRic=LOCAL_UAV_AUTONOMY NormalUeHandoverAllowed=1 UavMode=TN_CONTROLLED_COVERAGE_EXTENSION
UAV_AUTONOMY_XAPP Time=26.5 DeploymentMode=tn-uav UavIndex=1 UavCellId=6 BestDonorCellId=1 BestDonorDistanceM=110.88 XhaulConnected=1 XhaulChannelVariationDb=0 RawXhaulState=HEALTHY RawXhaulStateAgeSec=22 XhaulState=HEALTHY DonorUnavailableActive=0 SatBackhaulHealthy=0 UavSwitchingXappAvailable=0 UavSwitchingXappState=DISABLED AiPredictedBackhaulMode=RULE_BASED BackhaulMode=TN_DIRECT RicControlState=TN_E2 ActiveUavRic=LOCAL_UAV_AUTONOMY NormalUeHandoverAllowed=1 UavMode=TN_CONTROLLED_COVERAGE_EXTENSION
UAV_AUTONOMY_XAPP Time=26.5 DeploymentMode=tn-uav UavIndex=2 UavCellId=7 BestDonorCellId=1 BestDonorDistanceM=133.08 XhaulConnected=1 XhaulChannelVariationDb=0 RawXhaulState=HEALTHY RawXhaulStateAgeSec=22 XhaulState=HEALTHY DonorUnavailableActive=0 SatBackhaulHealthy=0 UavSwitchingXappAvailable=0 UavSwitchingXappState=DISABLED AiPredictedBackhaulMode=RULE_BASED BackhaulMode=TN_DIRECT RicControlState=TN_E2 ActiveUavRic=LOCAL_UAV_AUTONOMY NormalUeHandoverAllowed=1 UavMode=TN_CONTROLLED_COVERAGE_EXTENSION
---- LOAD at t=26.5 ----
  cell 1 (TN) load=19/20
  cell 2 (TN) load=14/20
  cell 3 (TN) load=11/20
  cell 4 (TN) load=13/20
  cell 5 (NTN) load=4/15
  cell 6 (NTN) load=10/15
  cell 7 (NTN) load=7/15
UE 10 TTT_WAIT target=4 elapsed=0s need=2s
UE 12 TTT_WAIT target=3 elapsed=0s need=2s
UE 16 TTT_WAIT target=1 elapsed=0s need=2s
UE 17 TTT_WAIT target=1 elapsed=0s need=2s
UE 19 TTT_WAIT target=4 elapsed=0s need=2s
LM HO UE=20 rnti=58 7->5 type=NTN servingRsrp=-106.197 targetRsrp=-81.6777 targetLoadReal=4/15 targetLoadEff=4/15
UE 21 TTT_WAIT target=2 elapsed=0s need=2s
UE 24 TTT_WAIT target=6 elapsed=0s need=2s
LM HO UE=28 rnti=118 6->3 type=TN servingRsrp=-100.399 targetRsrp=-81.5719 targetLoadReal=11/20 targetLoadEff=11/20
UE 31 TTT_WAIT target=7 elapsed=0s need=2s
UE 32 TTT_WAIT target=4 elapsed=0s need=2s
LM HO UE=33 rnti=142 4->3 type=TN servingRsrp=-86.0443 targetRsrp=-77.2251 targetLoadReal=11/20 targetLoadEff=12/20
UE 34 TTT_WAIT target=2 elapsed=0s need=2s
LM HO UE=37 rnti=55 2->1 type=TN servingRsrp=-61.3904 targetRsrp=-58.4057 targetLoadReal=19/20 targetLoadEff=19/20
LM HO UE=38 rnti=34 5->7 type=NTN servingRsrp=-82.9068 targetRsrp=-64.5461 targetLoadReal=7/15 targetLoadEff=7/15
UE 39 TTT_WAIT target=6 elapsed=0s need=2s
UE 40 TTT_WAIT target=3 elapsed=0s need=2s
LM HO UE=41 rnti=37 7->4 type=TN servingRsrp=-90.014 targetRsrp=-55.8533 targetLoadReal=13/20 targetLoadEff=13/20
UE 42 TTT_WAIT target=2 elapsed=0s need=2s
UE 45 TTT_WAIT target=7 elapsed=0s need=2s
UE 47 TTT_WAIT target=4 elapsed=0s need=2s
UE 48 TTT_WAIT target=4 elapsed=0s need=2s
UE 49 TTT_WAIT target=3 elapsed=0s need=2s
UE 50 TTT_WAIT target=2 elapsed=0s need=2s
UE 51 TTT_WAIT target=3 elapsed=0s need=2s
LM HO UE=53 rnti=93 2->4 type=TN servingRsrp=-92.815 targetRsrp=-70.3083 targetLoadReal=13/20 targetLoadEff=14/20
LM HO UE=54 rnti=40 7->5 type=NTN servingRsrp=-82.2678 targetRsrp=-75.9714 targetLoadReal=4/15 targetLoadEff=5/15
LM HO UE=55 rnti=145 4->3 type=TN servingRsrp=-79.4768 targetRsrp=-60.7651 targetLoadReal=11/20 targetLoadEff=13/20
UE 58 TTT_WAIT target=4 elapsed=0s need=2s
UE 60 TTT_WAIT target=7 elapsed=0s need=2s
UE 61 TTT_WAIT target=6 elapsed=0s need=2s
UE 64 TTT_WAIT target=3 elapsed=0s need=2s
UE 66 TTT_WAIT target=2 elapsed=0s need=2s
LM HO_FAIL_LOW_RSRP UE=68 currCell=2 candCell=3 candRsrp=-114.831 < min=-110
LM HO_FAIL_LOW_RSRP UE=69 currCell=4 candCell=2 candRsrp=-114.779 < min=-110
LM HO_FAIL_LOW_RSRP UE=70 currCell=2 candCell=6 candRsrp=-116.579 < min=-110
UE 74 TTT_WAIT target=4 elapsed=0s need=2s
LM HO_FAIL_LOW_RSRP UE=75 currCell=1 candCell=2 candRsrp=-113.748 < min=-110
UE 77 TTT_WAIT target=7 elapsed=0s need=2s
LM HO_FAIL_LOW_RSRP UE=78 currCell=1 candCell=2 candRsrp=-115.9 < min=-110
UE 79 TTT_WAIT target=2 elapsed=0s need=2s
UE 80 TTT_WAIT target=7 elapsed=0s need=2s
UE 81 TTT_WAIT target=7 elapsed=0s need=2s
LM HO UE=82 rnti=109 6->5 type=NTN servingRsrp=-116.883 targetRsrp=-91.8379 targetLoadReal=4/15 targetLoadEff=6/15
LM HO_FAIL_LOW_RSRP UE=83 currCell=5 candCell=6 candRsrp=-115.903 < min=-110
LM HO_FAIL_LOW_RSRP UE=86 currCell=7 candCell=6 candRsrp=-119.395 < min=-110
TRACE HO_SUCCESS Time=26.6151 IMSI=36 TargetCell=1 Type=TN TargetRSRP=-80.2767 ServingRSRP=-66.4279 BackhaulDlSnr=-999 BackhaulUlSnr=-999
TRACE HO_SUCCESS Time=26.6151 IMSI=54 TargetCell=3 Type=TN TargetRSRP=-65.5856 ServingRSRP=-79.4604 BackhaulDlSnr=-999 BackhaulUlSnr=-999
TRACE HO_SUCCESS Time=26.6151 IMSI=32 TargetCell=3 Type=TN TargetRSRP=-72.6311 ServingRSRP=-90.5349 BackhaulDlSnr=-999 BackhaulUlSnr=-999
TRACE HO_SUCCESS Time=26.6151 IMSI=27 TargetCell=3 Type=TN TargetRSRP=-85.7502 ServingRSRP=-91.353 BackhaulDlSnr=-999 BackhaulUlSnr=-999
TRACE HO_SUCCESS Time=26.6151 IMSI=52 TargetCell=4 Type=TN TargetRSRP=-92.893 ServingRSRP=-76.909 BackhaulDlSnr=-999 BackhaulUlSnr=-999
TRACE HO_SUCCESS Time=26.6151 IMSI=40 TargetCell=4 Type=TN TargetRSRP=-58.315 ServingRSRP=-73.2175 BackhaulDlSnr=-999 BackhaulUlSnr=-999
TRACE HO_SUCCESS Time=26.6151 IMSI=81 TargetCell=5 Type=NTN TargetRSRP=-112.906 ServingRSRP=-114.377 BackhaulDlSnr=-999 BackhaulUlSnr=-999
TRACE HO_SUCCESS Time=26.6151 IMSI=19 TargetCell=5 Type=NTN TargetRSRP=-74.1877 ServingRSRP=-90.4826 BackhaulDlSnr=-999 BackhaulUlSnr=-999
TRACE HO_SUCCESS Time=26.6151 IMSI=53 TargetCell=5 Type=NTN TargetRSRP=-69.5394 ServingRSRP=-87.7721 BackhaulDlSnr=-999 BackhaulUlSnr=-999
TRACE HO_SUCCESS Time=26.6151 IMSI=37 TargetCell=7 Type=NTN TargetRSRP=-95.2979 ServingRSRP=-92.0557 BackhaulDlSnr=-999 BackhaulUlSnr=-999
UAV_AUTONOMY_XAPP Time=28.5 DeploymentMode=tn-uav UavIndex=0 UavCellId=5 BestDonorCellId=1 BestDonorDistanceM=143.511 XhaulConnected=1 XhaulChannelVariationDb=0 RawXhaulState=HEALTHY RawXhaulStateAgeSec=24 XhaulState=HEALTHY DonorUnavailableActive=0 SatBackhaulHealthy=0 UavSwitchingXappAvailable=0 UavSwitchingXappState=DISABLED AiPredictedBackhaulMode=RULE_BASED BackhaulMode=TN_DIRECT RicControlState=TN_E2 ActiveUavRic=LOCAL_UAV_AUTONOMY NormalUeHandoverAllowed=1 UavMode=TN_CONTROLLED_COVERAGE_EXTENSION
UAV_AUTONOMY_XAPP Time=28.5 DeploymentMode=tn-uav UavIndex=1 UavCellId=6 BestDonorCellId=1 BestDonorDistanceM=110.88 XhaulConnected=1 XhaulChannelVariationDb=0 RawXhaulState=HEALTHY RawXhaulStateAgeSec=24 XhaulState=HEALTHY DonorUnavailableActive=0 SatBackhaulHealthy=0 UavSwitchingXappAvailable=0 UavSwitchingXappState=DISABLED AiPredictedBackhaulMode=RULE_BASED BackhaulMode=TN_DIRECT RicControlState=TN_E2 ActiveUavRic=LOCAL_UAV_AUTONOMY NormalUeHandoverAllowed=1 UavMode=TN_CONTROLLED_COVERAGE_EXTENSION
UAV_AUTONOMY_XAPP Time=28.5 DeploymentMode=tn-uav UavIndex=2 UavCellId=7 BestDonorCellId=1 BestDonorDistanceM=133.08 XhaulConnected=1 XhaulChannelVariationDb=0 RawXhaulState=HEALTHY RawXhaulStateAgeSec=24 XhaulState=HEALTHY DonorUnavailableActive=0 SatBackhaulHealthy=0 UavSwitchingXappAvailable=0 UavSwitchingXappState=DISABLED AiPredictedBackhaulMode=RULE_BASED BackhaulMode=TN_DIRECT RicControlState=TN_E2 ActiveUavRic=LOCAL_UAV_AUTONOMY NormalUeHandoverAllowed=1 UavMode=TN_CONTROLLED_COVERAGE_EXTENSION
---- LOAD at t=28.5 ----
  cell 1 (TN) load=20/20
  cell 2 (TN) load=12/20
  cell 3 (TN) load=14/20
  cell 4 (TN) load=13/20
  cell 5 (NTN) load=6/15
  cell 6 (NTN) load=8/15
  cell 7 (NTN) load=5/15
UE 8 TTT_WAIT target=3 elapsed=0s need=2s
UE 11 TTT_WAIT target=2 elapsed=0s need=2s
UE 15 TTT_WAIT target=2 elapsed=0s need=2s
UE 16 TTT_WAIT target=2 elapsed=0s need=2s
UE 17 TTT_WAIT target=2 elapsed=0s need=2s
LM HO UE=19 rnti=65 1->4 type=TN servingRsrp=-88.0854 targetRsrp=-63.9012 targetLoadReal=13/20 targetLoadEff=13/20
UE 20 TTT_WAIT target=3 elapsed=0s need=2s
LM HO UE=21 rnti=120 1->2 type=TN servingRsrp=-68.5138 targetRsrp=-62.2878 targetLoadReal=12/20 targetLoadEff=12/20
UE 22 TTT_WAIT target=6 elapsed=0s need=2s
UE 27 TTT_WAIT target=5 elapsed=0s need=2s
UE 28 TTT_WAIT target=5 elapsed=0s need=2s
UE 32 TTT_WAIT target=3 elapsed=0s need=2s
UE 33 TTT_WAIT target=4 elapsed=0s need=2s
LM HO UE=34 rnti=108 1->2 type=TN servingRsrp=-106.038 targetRsrp=-95.9662 targetLoadReal=12/20 targetLoadEff=13/20
UE 35 TTT_WAIT target=2 elapsed=0s need=2s
UE 38 TTT_WAIT target=5 elapsed=0s need=2s
UE 39 TTT_WAIT target=2 elapsed=0s need=2s
UE 40 TTT_WAIT target=5 elapsed=0s need=2s
LM HO UE=42 rnti=35 5->2 type=TN servingRsrp=-104.391 targetRsrp=-96.0316 targetLoadReal=12/20 targetLoadEff=14/20
UE 44 TTT_WAIT target=7 elapsed=0s need=2s
UE 47 TTT_WAIT target=6 elapsed=0s need=2s
UE 49 TTT_WAIT target=6 elapsed=0s need=2s
UE 52 TTT_WAIT target=4 elapsed=0s need=2s
UE 53 TTT_WAIT target=3 elapsed=0s need=2s
UE 54 TTT_WAIT target=7 elapsed=0s need=2s
UE 55 TTT_WAIT target=4 elapsed=0s need=2s
UE 66 TTT_WAIT target=3 elapsed=0s need=2s
LM HO_FAIL_LOW_RSRP UE=68 currCell=2 candCell=4 candRsrp=-116.829 < min=-110
LM HO_FAIL_LOW_RSRP UE=69 currCell=4 candCell=2 candRsrp=-110.976 < min=-110
UE 70 TTT_WAIT target=3 elapsed=0s need=2s
UE 71 TTT_WAIT target=2 elapsed=0s need=2s
LM HO UE=74 rnti=90 2->4 type=TN servingRsrp=-121.18 targetRsrp=-102.898 targetLoadReal=13/20 targetLoadEff=14/20
LM HO_FAIL_LOW_RSRP UE=75 currCell=1 candCell=6 candRsrp=-115.257 < min=-110
LM HO_FAIL_LOW_RSRP UE=77 currCell=6 candCell=5 candRsrp=-117.06 < min=-110
LM HO_FAIL_LOW_RSRP UE=78 currCell=1 candCell=2 candRsrp=-110.384 < min=-110
UE 79 TTT_WAIT target=6 elapsed=0s need=2s
LM HO_FAIL_LOW_RSRP UE=80 currCell=3 candCell=5 candRsrp=-115.609 < min=-110
UE 86 TTT_WAIT target=6 elapsed=0s need=2s
TRACE HO_SUCCESS Time=28.6151 IMSI=33 TargetCell=2 Type=TN TargetRSRP=-86.2788 ServingRSRP=-73.2461 BackhaulDlSnr=-999 BackhaulUlSnr=-999
TRACE HO_SUCCESS Time=28.6151 IMSI=20 TargetCell=2 Type=TN TargetRSRP=-78.3995 ServingRSRP=-75.8443 BackhaulDlSnr=-999 BackhaulUlSnr=-999
TRACE HO_SUCCESS Time=28.6151 IMSI=41 TargetCell=2 Type=TN TargetRSRP=-105.855 ServingRSRP=-68.7215 BackhaulDlSnr=-999 BackhaulUlSnr=-999
TRACE HO_SUCCESS Time=28.6151 IMSI=18 TargetCell=4 Type=TN TargetRSRP=-86.5461 ServingRSRP=-70.9307 BackhaulDlSnr=-999 BackhaulUlSnr=-999
TRACE HO_SUCCESS Time=28.6151 IMSI=73 TargetCell=4 Type=TN TargetRSRP=-112.973 ServingRSRP=-78.1461 BackhaulDlSnr=-999 BackhaulUlSnr=-999
UAV_AUTONOMY_XAPP Time=30.5 DeploymentMode=tn-uav UavIndex=0 UavCellId=5 BestDonorCellId=1 BestDonorDistanceM=143.511 XhaulConnected=1 XhaulChannelVariationDb=0 RawXhaulState=HEALTHY RawXhaulStateAgeSec=26 XhaulState=HEALTHY DonorUnavailableActive=0 SatBackhaulHealthy=0 UavSwitchingXappAvailable=0 UavSwitchingXappState=DISABLED AiPredictedBackhaulMode=RULE_BASED BackhaulMode=TN_DIRECT RicControlState=TN_E2 ActiveUavRic=LOCAL_UAV_AUTONOMY NormalUeHandoverAllowed=1 UavMode=TN_CONTROLLED_COVERAGE_EXTENSION
UAV_AUTONOMY_XAPP Time=30.5 DeploymentMode=tn-uav UavIndex=1 UavCellId=6 BestDonorCellId=1 BestDonorDistanceM=110.88 XhaulConnected=1 XhaulChannelVariationDb=0 RawXhaulState=HEALTHY RawXhaulStateAgeSec=26 XhaulState=HEALTHY DonorUnavailableActive=0 SatBackhaulHealthy=0 UavSwitchingXappAvailable=0 UavSwitchingXappState=DISABLED AiPredictedBackhaulMode=RULE_BASED BackhaulMode=TN_DIRECT RicControlState=TN_E2 ActiveUavRic=LOCAL_UAV_AUTONOMY NormalUeHandoverAllowed=1 UavMode=TN_CONTROLLED_COVERAGE_EXTENSION
UAV_AUTONOMY_XAPP Time=30.5 DeploymentMode=tn-uav UavIndex=2 UavCellId=7 BestDonorCellId=1 BestDonorDistanceM=133.08 XhaulConnected=1 XhaulChannelVariationDb=0 RawXhaulState=HEALTHY RawXhaulStateAgeSec=26 XhaulState=HEALTHY DonorUnavailableActive=0 SatBackhaulHealthy=0 UavSwitchingXappAvailable=0 UavSwitchingXappState=DISABLED AiPredictedBackhaulMode=RULE_BASED BackhaulMode=TN_DIRECT RicControlState=TN_E2 ActiveUavRic=LOCAL_UAV_AUTONOMY NormalUeHandoverAllowed=1 UavMode=TN_CONTROLLED_COVERAGE_EXTENSION
---- LOAD at t=30.5 ----
  cell 1 (TN) load=17/20
  cell 2 (TN) load=14/20
  cell 3 (TN) load=14/20
  cell 4 (TN) load=15/20
  cell 5 (NTN) load=5/15
  cell 6 (NTN) load=8/15
  cell 7 (NTN) load=5/15
UE 10 TTT_WAIT target=4 elapsed=0s need=2s
UE 11 TTT_WAIT target=1 elapsed=0s need=2s
UE 12 TTT_WAIT target=3 elapsed=0s need=2s
UE 15 TTT_WAIT target=3 elapsed=0s need=2s
UE 16 TTT_WAIT target=3 elapsed=0s need=2s
UE 17 TTT_WAIT target=1 elapsed=0s need=2s
UE 20 TTT_WAIT target=2 elapsed=0s need=2s
UE 24 TTT_WAIT target=2 elapsed=0s need=2s
UE 28 TTT_WAIT target=7 elapsed=0s need=2s
UE 30 TTT_WAIT target=1 elapsed=0s need=2s
LM HO UE=32 rnti=46 2->3 type=TN servingRsrp=-99.8599 targetRsrp=-74.9013 targetLoadReal=14/20 targetLoadEff=14/20
UE 34 TTT_WAIT target=1 elapsed=0s need=2s
LM HO UE=38 rnti=67 7->5 type=NTN servingRsrp=-73.8705 targetRsrp=-70.3141 targetLoadReal=5/15 targetLoadEff=5/15
UE 40 TTT_WAIT target=3 elapsed=0s need=2s
UE 41 TTT_WAIT target=3 elapsed=0s need=2s
UE 42 TTT_WAIT target=4 elapsed=0s need=2s
UE 43 TTT_WAIT target=5 elapsed=0s need=2s
UE 45 TTT_WAIT target=7 elapsed=0s need=2s
UE 47 TTT_WAIT target=4 elapsed=0s need=2s
UE 50 TTT_WAIT target=1 elapsed=0s need=2s
UE 51 TTT_WAIT target=3 elapsed=0s need=2s
UE 52 TTT_WAIT target=7 elapsed=0s need=2s
UE 54 TTT_WAIT target=6 elapsed=0s need=2s
UE 56 TTT_WAIT target=4 elapsed=0s need=2s
UE 60 TTT_WAIT target=7 elapsed=0s need=2s
UE 61 TTT_WAIT target=3 elapsed=0s need=2s
UE 62 TTT_WAIT target=3 elapsed=0s need=2s
UE 66 TTT_WAIT target=1 elapsed=0s need=2s
UE 67 TTT_WAIT target=1 elapsed=0s need=2s
LM HO_FAIL_LOW_RSRP UE=68 currCell=2 candCell=3 candRsrp=-116.575 < min=-110
LM HO_FAIL_LOW_RSRP UE=69 currCell=4 candCell=2 candRsrp=-117.618 < min=-110
UE 70 TTT_WAIT target=1 elapsed=0s need=2s
LM HO UE=71 rnti=101 6->2 type=TN servingRsrp=-116.151 targetRsrp=-109.024 targetLoadReal=14/20 targetLoadEff=14/20
UE 72 TTT_WAIT target=2 elapsed=0s need=2s
LM HO_FAIL_LOW_RSRP UE=74 currCell=4 candCell=5 candRsrp=-118.701 < min=-110
UE 75 TTT_WAIT target=4 elapsed=0s need=2s
LM HO_FAIL_LOW_RSRP UE=77 currCell=6 candCell=5 candRsrp=-114.25 < min=-110
LM HO_FAIL_LOW_RSRP UE=78 currCell=1 candCell=2 candRsrp=-112.356 < min=-110
UE 79 TTT_WAIT target=5 elapsed=0s need=2s
LM HO_FAIL_LOW_RSRP UE=80 currCell=3 candCell=4 candRsrp=-113.341 < min=-110
UE 81 TTT_WAIT target=6 elapsed=0s need=2s
UE 82 TTT_WAIT target=7 elapsed=0s need=2s
UE 84 TTT_WAIT target=7 elapsed=0s need=2s
UE 85 TTT_WAIT target=7 elapsed=0s need=2s
UE 86 TTT_WAIT target=1 elapsed=0s need=2s
TRACE HO_SUCCESS Time=30.6151 IMSI=70 TargetCell=2 Type=TN TargetRSRP=-119.363 ServingRSRP=-95.5731 BackhaulDlSnr=-999 BackhaulUlSnr=-999
TRACE HO_SUCCESS Time=30.6151 IMSI=31 TargetCell=3 Type=TN TargetRSRP=-78.367 ServingRSRP=-95.2785 BackhaulDlSnr=-999 BackhaulUlSnr=-999
TRACE HO_SUCCESS Time=30.6151 IMSI=37 TargetCell=5 Type=NTN TargetRSRP=-97.0709 ServingRSRP=-68.759 BackhaulDlSnr=-999 BackhaulUlSnr=-999
UAV_AUTONOMY_XAPP Time=32.5 DeploymentMode=tn-uav UavIndex=0 UavCellId=5 BestDonorCellId=1 BestDonorDistanceM=143.511 XhaulConnected=1 XhaulChannelVariationDb=0 RawXhaulState=HEALTHY RawXhaulStateAgeSec=28 XhaulState=HEALTHY DonorUnavailableActive=0 SatBackhaulHealthy=0 UavSwitchingXappAvailable=0 UavSwitchingXappState=DISABLED AiPredictedBackhaulMode=RULE_BASED BackhaulMode=TN_DIRECT RicControlState=TN_E2 ActiveUavRic=LOCAL_UAV_AUTONOMY NormalUeHandoverAllowed=1 UavMode=TN_CONTROLLED_COVERAGE_EXTENSION
UAV_AUTONOMY_XAPP Time=32.5 DeploymentMode=tn-uav UavIndex=1 UavCellId=6 BestDonorCellId=1 BestDonorDistanceM=110.88 XhaulConnected=1 XhaulChannelVariationDb=0 RawXhaulState=HEALTHY RawXhaulStateAgeSec=28 XhaulState=HEALTHY DonorUnavailableActive=0 SatBackhaulHealthy=0 UavSwitchingXappAvailable=0 UavSwitchingXappState=DISABLED AiPredictedBackhaulMode=RULE_BASED BackhaulMode=TN_DIRECT RicControlState=TN_E2 ActiveUavRic=LOCAL_UAV_AUTONOMY NormalUeHandoverAllowed=1 UavMode=TN_CONTROLLED_COVERAGE_EXTENSION
UAV_AUTONOMY_XAPP Time=32.5 DeploymentMode=tn-uav UavIndex=2 UavCellId=7 BestDonorCellId=1 BestDonorDistanceM=133.08 XhaulConnected=1 XhaulChannelVariationDb=0 RawXhaulState=HEALTHY RawXhaulStateAgeSec=28 XhaulState=HEALTHY DonorUnavailableActive=0 SatBackhaulHealthy=0 UavSwitchingXappAvailable=0 UavSwitchingXappState=DISABLED AiPredictedBackhaulMode=RULE_BASED BackhaulMode=TN_DIRECT RicControlState=TN_E2 ActiveUavRic=LOCAL_UAV_AUTONOMY NormalUeHandoverAllowed=1 UavMode=TN_CONTROLLED_COVERAGE_EXTENSION
---- LOAD at t=32.5 ----
  cell 1 (TN) load=17/20
  cell 2 (TN) load=14/20
  cell 3 (TN) load=15/20
  cell 4 (TN) load=15/20
  cell 5 (NTN) load=6/15
  cell 6 (NTN) load=7/15
  cell 7 (NTN) load=4/15
UE 9 TTT_WAIT target=2 elapsed=0s need=2s
LM HO UE=10 rnti=78 3->4 type=TN servingRsrp=-97.0855 targetRsrp=-73.6453 targetLoadReal=15/20 targetLoadEff=15/20
UE 11 TTT_WAIT target=3 elapsed=0s need=2s
UE 16 TTT_WAIT target=1 elapsed=0s need=2s
UE 17 TTT_WAIT target=2 elapsed=0s need=2s
UE 18 TTT_WAIT target=1 elapsed=0s need=2s
LM HO UE=20 rnti=52 5->2 type=TN servingRsrp=-112.488 targetRsrp=-85.4824 targetLoadReal=14/20 targetLoadEff=14/20
UE 21 TTT_WAIT target=1 elapsed=0s need=2s
UE 24 TTT_WAIT target=3 elapsed=0s need=2s
UE 27 TTT_WAIT target=4 elapsed=0s need=2s
LM HO UE=28 rnti=109 3->7 type=NTN servingRsrp=-90.412 targetRsrp=-77.7273 targetLoadReal=4/15 targetLoadEff=4/15
LM HO UE=30 rnti=45 2->1 type=TN servingRsrp=-98.6302 targetRsrp=-95.143 targetLoadReal=17/20 targetLoadEff=17/20
UE 33 TTT_WAIT target=4 elapsed=0s need=2s
LM HO UE=34 rnti=99 2->1 type=TN servingRsrp=-101.604 targetRsrp=-92.5523 targetLoadReal=17/20 targetLoadEff=18/20
UE 35 TTT_WAIT target=2 elapsed=0s need=2s
UE 37 TTT_WAIT target=2 elapsed=0s need=2s
UE 38 TTT_WAIT target=7 elapsed=0s need=2s
UE 39 TTT_WAIT target=2 elapsed=0s need=2s
UE 40 TTT_WAIT target=4 elapsed=0s need=2s
LM HO UE=41 rnti=146 4->3 type=TN servingRsrp=-69.3119 targetRsrp=-52.9079 targetLoadReal=15/20 targetLoadEff=15/20
LM HO UE=42 rnti=98 2->4 type=TN servingRsrp=-104.547 targetRsrp=-94.62 targetLoadReal=15/20 targetLoadEff=16/20
UE 45 TTT_WAIT target=1 elapsed=0s need=2s
UE 46 TTT_WAIT target=2 elapsed=0s need=2s
LM HO UE=47 rnti=38 7->4 type=TN servingRsrp=-88.2134 targetRsrp=-72.9737 targetLoadReal=15/20 targetLoadEff=17/20
UE 48 TTT_WAIT target=4 elapsed=0s need=2s
UE 53 TTT_WAIT target=1 elapsed=0s need=2s
UE 54 TTT_WAIT target=7 elapsed=0s need=2s
UE 55 TTT_WAIT target=4 elapsed=0s need=2s
UE 58 TTT_WAIT target=4 elapsed=0s need=2s
UE 59 TTT_WAIT target=1 elapsed=0s need=2s
UE 61 TTT_WAIT target=1 elapsed=0s need=2s
UE 62 TTT_WAIT target=1 elapsed=0s need=2s
UE 64 TTT_WAIT target=3 elapsed=0s need=2s
UE 66 TTT_WAIT target=3 elapsed=0s need=2s
LM HO_FAIL_LOW_RSRP UE=68 currCell=2 candCell=4 candRsrp=-113.585 < min=-110
LM HO_FAIL_LOW_RSRP UE=69 currCell=4 candCell=1 candRsrp=-110.628 < min=-110
LM HO_FAIL_LOW_RSRP UE=70 currCell=2 candCell=5 candRsrp=-115.415 < min=-110
LM HO_FAIL_LOW_RSRP UE=71 currCell=2 candCell=4 candRsrp=-113.495 < min=-110
UE 72 TTT_WAIT target=3 elapsed=0s need=2s
LM HO_FAIL_LOW_RSRP UE=74 currCell=4 candCell=6 candRsrp=-119.2 < min=-110
LM HO_FAIL_LOW_RSRP UE=75 currCell=1 candCell=2 candRsrp=-114.302 < min=-110
LM HO_FAIL_LOW_RSRP UE=78 currCell=1 candCell=2 candRsrp=-113.676 < min=-110
LM HO UE=79 rnti=101 1->5 type=NTN servingRsrp=-109.86 targetRsrp=-98.2741 targetLoadReal=6/15 targetLoadEff=6/15
UE 80 TTT_WAIT target=4 elapsed=0s need=2s
UE 81 TTT_WAIT target=7 elapsed=0s need=2s
UE 83 TTT_WAIT target=3 elapsed=0s need=2s
UE 85 TTT_WAIT target=6 elapsed=0s need=2s
LM HO_FAIL_LOW_RSRP UE=86 currCell=7 candCell=5 candRsrp=-117.989 < min=-110
TRACE HO_SUCCESS Time=32.6151 IMSI=33 TargetCell=1 Type=TN TargetRSRP=-110.662 ServingRSRP=-104.659 BackhaulDlSnr=-999 BackhaulUlSnr=-999
TRACE HO_SUCCESS Time=32.6151 IMSI=29 TargetCell=1 Type=TN TargetRSRP=-97.793 ServingRSRP=-100.421 BackhaulDlSnr=-999 BackhaulUlSnr=-999
TRACE HO_SUCCESS Time=32.6151 IMSI=19 TargetCell=2 Type=TN TargetRSRP=-106.306 ServingRSRP=-106.112 BackhaulDlSnr=-999 BackhaulUlSnr=-999
TRACE HO_SUCCESS Time=32.6151 IMSI=40 TargetCell=3 Type=TN TargetRSRP=-53.3239 ServingRSRP=-85.2175 BackhaulDlSnr=-999 BackhaulUlSnr=-999
TRACE HO_SUCCESS Time=32.6151 IMSI=41 TargetCell=4 Type=TN TargetRSRP=-101.89 ServingRSRP=-84.6033 BackhaulDlSnr=-999 BackhaulUlSnr=-999
TRACE HO_SUCCESS Time=32.6151 IMSI=9 TargetCell=4 Type=TN TargetRSRP=-98.3725 ServingRSRP=-94.7446 BackhaulDlSnr=-999 BackhaulUlSnr=-999
TRACE HO_SUCCESS Time=32.6151 IMSI=46 TargetCell=4 Type=TN TargetRSRP=-77.263 ServingRSRP=-70.7651 BackhaulDlSnr=-999 BackhaulUlSnr=-999
TRACE HO_SUCCESS Time=32.6151 IMSI=78 TargetCell=5 Type=NTN TargetRSRP=-112.765 ServingRSRP=-112.958 BackhaulDlSnr=-999 BackhaulUlSnr=-999
TRACE HO_SUCCESS Time=32.6151 IMSI=27 TargetCell=7 Type=NTN TargetRSRP=-110.282 ServingRSRP=-87.8886 BackhaulDlSnr=-999 BackhaulUlSnr=-999
UAV_AUTONOMY_XAPP Time=34.5 DeploymentMode=tn-uav UavIndex=0 UavCellId=5 BestDonorCellId=1 BestDonorDistanceM=143.511 XhaulConnected=1 XhaulChannelVariationDb=0 RawXhaulState=HEALTHY RawXhaulStateAgeSec=30 XhaulState=HEALTHY DonorUnavailableActive=0 SatBackhaulHealthy=0 UavSwitchingXappAvailable=0 UavSwitchingXappState=DISABLED AiPredictedBackhaulMode=RULE_BASED BackhaulMode=TN_DIRECT RicControlState=TN_E2 ActiveUavRic=LOCAL_UAV_AUTONOMY NormalUeHandoverAllowed=1 UavMode=TN_CONTROLLED_COVERAGE_EXTENSION
UAV_AUTONOMY_XAPP Time=34.5 DeploymentMode=tn-uav UavIndex=1 UavCellId=6 BestDonorCellId=1 BestDonorDistanceM=110.88 XhaulConnected=1 XhaulChannelVariationDb=0 RawXhaulState=HEALTHY RawXhaulStateAgeSec=30 XhaulState=HEALTHY DonorUnavailableActive=0 SatBackhaulHealthy=0 UavSwitchingXappAvailable=0 UavSwitchingXappState=DISABLED AiPredictedBackhaulMode=RULE_BASED BackhaulMode=TN_DIRECT RicControlState=TN_E2 ActiveUavRic=LOCAL_UAV_AUTONOMY NormalUeHandoverAllowed=1 UavMode=TN_CONTROLLED_COVERAGE_EXTENSION
UAV_AUTONOMY_XAPP Time=34.5 DeploymentMode=tn-uav UavIndex=2 UavCellId=7 BestDonorCellId=1 BestDonorDistanceM=133.08 XhaulConnected=1 XhaulChannelVariationDb=0 RawXhaulState=HEALTHY RawXhaulStateAgeSec=30 XhaulState=HEALTHY DonorUnavailableActive=0 SatBackhaulHealthy=0 UavSwitchingXappAvailable=0 UavSwitchingXappState=DISABLED AiPredictedBackhaulMode=RULE_BASED BackhaulMode=TN_DIRECT RicControlState=TN_E2 ActiveUavRic=LOCAL_UAV_AUTONOMY NormalUeHandoverAllowed=1 UavMode=TN_CONTROLLED_COVERAGE_EXTENSION
---- LOAD at t=34.5 ----
  cell 1 (TN) load=18/20
  cell 2 (TN) load=12/20
  cell 3 (TN) load=14/20
  cell 4 (TN) load=17/20
  cell 5 (NTN) load=6/15
  cell 6 (NTN) load=7/15
  cell 7 (NTN) load=4/15
UE 8 TTT_WAIT target=2 elapsed=0s need=2s
UE 10 TTT_WAIT target=3 elapsed=0s need=2s
UE 11 TTT_WAIT target=1 elapsed=0s need=2s
UE 12 TTT_WAIT target=1 elapsed=0s need=2s
UE 15 TTT_WAIT target=2 elapsed=0s need=2s
LM HO UE=16 rnti=144 4->1 type=TN servingRsrp=-105.947 targetRsrp=-99.323 targetLoadReal=18/20 targetLoadEff=18/20
UE 17 TTT_WAIT target=1 elapsed=0s need=2s
UE 18 TTT_WAIT target=3 elapsed=0s need=2s
UE 19 TTT_WAIT target=3 elapsed=0s need=2s
UE 22 TTT_WAIT target=2 elapsed=0s need=2s
LM HO UE=24 rnti=127 4->3 type=TN servingRsrp=-99.925 targetRsrp=-97.6003 targetLoadReal=14/20 targetLoadEff=14/20
UE 27 TTT_WAIT target=7 elapsed=0s need=2s
UE 28 TTT_WAIT target=3 elapsed=0s need=2s
UE 29 TTT_WAIT target=4 elapsed=0s need=2s
UE 30 TTT_WAIT target=2 elapsed=0s need=2s
UE 31 TTT_WAIT target=7 elapsed=0s need=2s
UE 32 TTT_WAIT target=1 elapsed=0s need=2s
UE 33 TTT_WAIT target=1 elapsed=0s need=2s
UE 34 TTT_WAIT target=2 elapsed=0s need=2s
LM HO UE=37 rnti=125 1->2 type=TN servingRsrp=-76.5564 targetRsrp=-73.3759 targetLoadReal=12/20 targetLoadEff=12/20
LM HO UE=39 rnti=107 1->2 type=TN servingRsrp=-98.3707 targetRsrp=-86.6803 targetLoadReal=12/20 targetLoadEff=13/20
LM HO UE=40 rnti=121 1->4 type=TN servingRsrp=-99.0659 targetRsrp=-94.6668 targetLoadReal=17/20 targetLoadEff=17/20
UE 42 TTT_WAIT target=2 elapsed=0s need=2s
UE 43 TTT_WAIT target=1 elapsed=0s need=2s
UE 46 TTT_WAIT target=4 elapsed=0s need=2s
UE 49 TTT_WAIT target=2 elapsed=0s need=2s
UE 50 TTT_WAIT target=2 elapsed=0s need=2s
UE 52 TTT_WAIT target=3 elapsed=0s need=2s
LM HO UE=53 rnti=147 4->1 type=TN servingRsrp=-97.0507 targetRsrp=-66.7794 targetLoadReal=18/20 targetLoadEff=19/20
LM HO UE=55 rnti=111 3->4 type=TN servingRsrp=-75.1532 targetRsrp=-70.9831 targetLoadReal=17/20 targetLoadEff=18/20
UE 57 TTT_WAIT target=5 elapsed=0s need=2s
UE 60 TTT_WAIT target=4 elapsed=0s need=2s
UE 62 TTT_WAIT target=4 elapsed=0s need=2s
LM HO UE=64 rnti=143 4->3 type=TN servingRsrp=-92.4361 targetRsrp=-76.9753 targetLoadReal=14/20 targetLoadEff=15/20
UE 67 TTT_WAIT target=4 elapsed=0s need=2s
LM HO_FAIL_LOW_RSRP UE=68 currCell=2 candCell=3 candRsrp=-116.493 < min=-110
LM HO_FAIL_LOW_RSRP UE=69 currCell=4 candCell=2 candRsrp=-117.76 < min=-110
UE 70 TTT_WAIT target=5 elapsed=0s need=2s
LM HO_FAIL_LOW_RSRP UE=72 currCell=7 candCell=6 candRsrp=-114.475 < min=-110
UE 74 TTT_WAIT target=3 elapsed=0s need=2s
LM HO_FAIL_LOW_RSRP UE=75 currCell=1 candCell=6 candRsrp=-116.538 < min=-110
LM HO_FAIL_LOW_RSRP UE=78 currCell=1 candCell=2 candRsrp=-113.18 < min=-110
UE 79 TTT_WAIT target=4 elapsed=0s need=2s
UE 80 TTT_WAIT target=2 elapsed=0s need=2s
LM HO_FAIL_LOW_RSRP UE=81 currCell=2 candCell=6 candRsrp=-119.436 < min=-110
UE 83 TTT_WAIT target=2 elapsed=0s need=2s
UE 85 TTT_WAIT target=2 elapsed=0s need=2s
LM HO_FAIL_LOW_RSRP UE=86 currCell=7 candCell=5 candRsrp=-118.686 < min=-110
TRACE HO_SUCCESS Time=34.6151 IMSI=52 TargetCell=1 Type=TN TargetRSRP=-72.5986 ServingRSRP=-98.9855 BackhaulDlSnr=-999 BackhaulUlSnr=-999
TRACE HO_SUCCESS Time=34.6151 IMSI=15 TargetCell=1 Type=TN TargetRSRP=-71.4244 ServingRSRP=-78.0367 BackhaulDlSnr=-999 BackhaulUlSnr=-999
TRACE HO_SUCCESS Time=34.6151 IMSI=38 TargetCell=2 Type=TN TargetRSRP=-77.6546 ServingRSRP=-106.163 BackhaulDlSnr=-999 BackhaulUlSnr=-999
TRACE HO_SUCCESS Time=34.6151 IMSI=36 TargetCell=2 Type=TN TargetRSRP=-86.3126 ServingRSRP=-74.8397 BackhaulDlSnr=-999 BackhaulUlSnr=-999
TRACE HO_SUCCESS Time=34.6151 IMSI=63 TargetCell=3 Type=TN TargetRSRP=-96.6587 ServingRSRP=-64.0689 BackhaulDlSnr=-999 BackhaulUlSnr=-999
TRACE HO_SUCCESS Time=34.6151 IMSI=23 TargetCell=3 Type=TN TargetRSRP=-85.3188 ServingRSRP=-73.5005 BackhaulDlSnr=-999 BackhaulUlSnr=-999
TRACE HO_SUCCESS Time=34.6151 IMSI=39 TargetCell=4 Type=TN TargetRSRP=-107.534 ServingRSRP=-85.27 BackhaulDlSnr=-999 BackhaulUlSnr=-999
TRACE HO_SUCCESS Time=34.6151 IMSI=54 TargetCell=4 Type=TN TargetRSRP=-89.5165 ServingRSRP=-89.2126 BackhaulDlSnr=-999 BackhaulUlSnr=-999
UAV_AUTONOMY_XAPP Time=36.5 DeploymentMode=tn-uav UavIndex=0 UavCellId=5 BestDonorCellId=1 BestDonorDistanceM=143.511 XhaulConnected=1 XhaulChannelVariationDb=0 RawXhaulState=HEALTHY RawXhaulStateAgeSec=32 XhaulState=HEALTHY DonorUnavailableActive=0 SatBackhaulHealthy=0 UavSwitchingXappAvailable=0 UavSwitchingXappState=DISABLED AiPredictedBackhaulMode=RULE_BASED BackhaulMode=TN_DIRECT RicControlState=TN_E2 ActiveUavRic=LOCAL_UAV_AUTONOMY NormalUeHandoverAllowed=1 UavMode=TN_CONTROLLED_COVERAGE_EXTENSION
UAV_AUTONOMY_XAPP Time=36.5 DeploymentMode=tn-uav UavIndex=1 UavCellId=6 BestDonorCellId=1 BestDonorDistanceM=110.88 XhaulConnected=1 XhaulChannelVariationDb=0 RawXhaulState=HEALTHY RawXhaulStateAgeSec=32 XhaulState=HEALTHY DonorUnavailableActive=0 SatBackhaulHealthy=0 UavSwitchingXappAvailable=0 UavSwitchingXappState=DISABLED AiPredictedBackhaulMode=RULE_BASED BackhaulMode=TN_DIRECT RicControlState=TN_E2 ActiveUavRic=LOCAL_UAV_AUTONOMY NormalUeHandoverAllowed=1 UavMode=TN_CONTROLLED_COVERAGE_EXTENSION
UAV_AUTONOMY_XAPP Time=36.5 DeploymentMode=tn-uav UavIndex=2 UavCellId=7 BestDonorCellId=1 BestDonorDistanceM=133.08 XhaulConnected=1 XhaulChannelVariationDb=0 RawXhaulState=HEALTHY RawXhaulStateAgeSec=32 XhaulState=HEALTHY DonorUnavailableActive=0 SatBackhaulHealthy=0 UavSwitchingXappAvailable=0 UavSwitchingXappState=DISABLED AiPredictedBackhaulMode=RULE_BASED BackhaulMode=TN_DIRECT RicControlState=TN_E2 ActiveUavRic=LOCAL_UAV_AUTONOMY NormalUeHandoverAllowed=1 UavMode=TN_CONTROLLED_COVERAGE_EXTENSION
---- LOAD at t=36.5 ----
  cell 1 (TN) load=17/20
  cell 2 (TN) load=15/20
  cell 3 (TN) load=15/20
  cell 4 (TN) load=15/20
  cell 5 (NTN) load=6/15
  cell 6 (NTN) load=7/15
  cell 7 (NTN) load=4/15
UE 9 TTT_WAIT target=2 elapsed=0s need=2s
LM HO UE=11 rnti=140 4->1 type=TN servingRsrp=-105.164 targetRsrp=-96.0971 targetLoadReal=17/20 targetLoadEff=17/20
UE 13 TTT_WAIT target=4 elapsed=0s need=2s
UE 15 TTT_WAIT target=4 elapsed=0s need=2s
UE 16 TTT_WAIT target=2 elapsed=0s need=2s
LM HO UE=17 rnti=100 3->1 type=TN servingRsrp=-97.4118 targetRsrp=-62.6377 targetLoadReal=17/20 targetLoadEff=18/20
LM HO UE=19 rnti=148 4->3 type=TN servingRsrp=-84.7953 targetRsrp=-63.1815 targetLoadReal=15/20 targetLoadEff=15/20
UE 20 TTT_WAIT target=7 elapsed=0s need=2s
UE 22 TTT_WAIT target=4 elapsed=0s need=2s
UE 24 TTT_WAIT target=4 elapsed=0s need=2s
LM HO UE=28 rnti=68 7->3 type=TN servingRsrp=-113.043 targetRsrp=-82.1485 targetLoadReal=15/20 targetLoadEff=16/20
LM HO UE=29 rnti=92 3->4 type=TN servingRsrp=-95.5819 targetRsrp=-89.3641 targetLoadReal=15/20 targetLoadEff=15/20
LM HO UE=30 rnti=126 1->2 type=TN servingRsrp=-102.282 targetRsrp=-96.2899 targetLoadReal=15/20 targetLoadEff=15/20
UE 31 TTT_WAIT target=1 elapsed=0s need=2s
LM HO UE=33 rnti=110 3->1 type=TN servingRsrp=-96.2547 targetRsrp=-93.302 targetLoadReal=17/20 targetLoadEff=19/20
LM HO UE=34 rnti=127 1->2 type=TN servingRsrp=-110.661 targetRsrp=-95.6794 targetLoadReal=15/20 targetLoadEff=16/20
UE 35 TTT_WAIT target=2 elapsed=0s need=2s
UE 38 TTT_WAIT target=7 elapsed=0s need=2s
UE 40 TTT_WAIT target=6 elapsed=0s need=2s
UE 45 TTT_WAIT target=5 elapsed=0s need=2s
LM HO UE=46 rnti=75 1->4 type=TN servingRsrp=-100.914 targetRsrp=-77.7498 targetLoadReal=15/20 targetLoadEff=16/20
LM HO UE=50 rnti=104 3->2 type=TN servingRsrp=-95.0384 targetRsrp=-64.9295 targetLoadReal=15/20 targetLoadEff=17/20
LM HO UE=52 rnti=124 1->3 type=TN servingRsrp=-92.9476 targetRsrp=-81.6988 targetLoadReal=15/20 targetLoadEff=17/20
UE 54 TTT_WAIT target=7 elapsed=0s need=2s
UE 55 TTT_WAIT target=3 elapsed=0s need=2s
UE 61 TTT_WAIT target=3 elapsed=0s need=2s
UE 63 TTT_WAIT target=2 elapsed=0s need=2s
UE 64 TTT_WAIT target=4 elapsed=0s need=2s
UE 68 TTT_WAIT target=4 elapsed=0s need=2s
LM HO_FAIL_LOW_RSRP UE=69 currCell=4 candCell=2 candRsrp=-118.712 < min=-110
LM HO_FAIL_LOW_RSRP UE=70 currCell=2 candCell=5 candRsrp=-116.128 < min=-110
LM HO_FAIL_LOW_RSRP UE=71 currCell=2 candCell=6 candRsrp=-118.623 < min=-110
UE 72 TTT_WAIT target=6 elapsed=0s need=2s
LM HO_FAIL_LOW_RSRP UE=73 currCell=7 candCell=5 candRsrp=-111.302 < min=-110
UE 74 TTT_WAIT target=6 elapsed=0s need=2s
LM HO_FAIL_LOW_RSRP UE=75 currCell=1 candCell=2 candRsrp=-114.246 < min=-110
UE 77 TTT_WAIT target=4 elapsed=0s need=2s
UE 78 TTT_WAIT target=2 elapsed=0s need=2s
LM HO_FAIL_LOW_RSRP UE=80 currCell=3 candCell=6 candRsrp=-119.608 < min=-110
LM HO_FAIL_LOW_RSRP UE=81 currCell=2 candCell=6 candRsrp=-113.103 < min=-110
LM HO_FAIL_LOW_RSRP UE=83 currCell=5 candCell=6 candRsrp=-115.12 < min=-110
LM HO_FAIL_LOW_RSRP UE=87 currCell=2 candCell=7 candRsrp=-118.73 < min=-110
TRACE HO_SUCCESS Time=36.6151 IMSI=16 TargetCell=1 Type=TN TargetRSRP=-61.449 ServingRSRP=-74.388 BackhaulDlSnr=-999 BackhaulUlSnr=-999
TRACE HO_SUCCESS Time=36.6151 IMSI=32 TargetCell=1 Type=TN TargetRSRP=-103.199 ServingRSRP=-90.7689 BackhaulDlSnr=-999 BackhaulUlSnr=-999
TRACE HO_SUCCESS Time=36.6151 IMSI=10 TargetCell=1 Type=TN TargetRSRP=-103.96 ServingRSRP=-89.1373 BackhaulDlSnr=-999 BackhaulUlSnr=-999
TRACE HO_SUCCESS Time=36.6151 IMSI=33 TargetCell=2 Type=TN TargetRSRP=-90.0149 ServingRSRP=-105.537 BackhaulDlSnr=-999 BackhaulUlSnr=-999
TRACE HO_SUCCESS Time=36.6151 IMSI=29 TargetCell=2 Type=TN TargetRSRP=-94.5942 ServingRSRP=-99.8532 BackhaulDlSnr=-999 BackhaulUlSnr=-999
TRACE HO_SUCCESS Time=36.6151 IMSI=49 TargetCell=2 Type=TN TargetRSRP=-87.3277 ServingRSRP=-76.1434 BackhaulDlSnr=-999 BackhaulUlSnr=-999
TRACE HO_SUCCESS Time=36.6151 IMSI=51 TargetCell=3 Type=TN TargetRSRP=-70.4435 ServingRSRP=-83.5398 BackhaulDlSnr=-999 BackhaulUlSnr=-999
TRACE HO_SUCCESS Time=36.6151 IMSI=18 TargetCell=3 Type=TN TargetRSRP=-68.6334 ServingRSRP=-83.4972 BackhaulDlSnr=-999 BackhaulUlSnr=-999
TRACE HO_SUCCESS Time=36.6151 IMSI=27 TargetCell=3 Type=TN TargetRSRP=-98.8078 ServingRSRP=-99.3303 BackhaulDlSnr=-999 BackhaulUlSnr=-999
TRACE HO_SUCCESS Time=36.6151 IMSI=45 TargetCell=4 Type=TN TargetRSRP=-85.8398 ServingRSRP=-78.2555 BackhaulDlSnr=-999 BackhaulUlSnr=-999
TRACE HO_SUCCESS Time=36.6151 IMSI=28 TargetCell=4 Type=TN TargetRSRP=-101.749 ServingRSRP=-96.9127 BackhaulDlSnr=-999 BackhaulUlSnr=-999
UAV_AUTONOMY_XAPP Time=38.5 DeploymentMode=tn-uav UavIndex=0 UavCellId=5 BestDonorCellId=1 BestDonorDistanceM=143.511 XhaulConnected=1 XhaulChannelVariationDb=0 RawXhaulState=HEALTHY RawXhaulStateAgeSec=34 XhaulState=HEALTHY DonorUnavailableActive=0 SatBackhaulHealthy=0 UavSwitchingXappAvailable=0 UavSwitchingXappState=DISABLED AiPredictedBackhaulMode=RULE_BASED BackhaulMode=TN_DIRECT RicControlState=TN_E2 ActiveUavRic=LOCAL_UAV_AUTONOMY NormalUeHandoverAllowed=1 UavMode=TN_CONTROLLED_COVERAGE_EXTENSION
UAV_AUTONOMY_XAPP Time=38.5 DeploymentMode=tn-uav UavIndex=1 UavCellId=6 BestDonorCellId=1 BestDonorDistanceM=110.88 XhaulConnected=1 XhaulChannelVariationDb=0 RawXhaulState=HEALTHY RawXhaulStateAgeSec=34 XhaulState=HEALTHY DonorUnavailableActive=0 SatBackhaulHealthy=0 UavSwitchingXappAvailable=0 UavSwitchingXappState=DISABLED AiPredictedBackhaulMode=RULE_BASED BackhaulMode=TN_DIRECT RicControlState=TN_E2 ActiveUavRic=LOCAL_UAV_AUTONOMY NormalUeHandoverAllowed=1 UavMode=TN_CONTROLLED_COVERAGE_EXTENSION
UAV_AUTONOMY_XAPP Time=38.5 DeploymentMode=tn-uav UavIndex=2 UavCellId=7 BestDonorCellId=1 BestDonorDistanceM=133.08 XhaulConnected=1 XhaulChannelVariationDb=0 RawXhaulState=HEALTHY RawXhaulStateAgeSec=34 XhaulState=HEALTHY DonorUnavailableActive=0 SatBackhaulHealthy=0 UavSwitchingXappAvailable=0 UavSwitchingXappState=DISABLED AiPredictedBackhaulMode=RULE_BASED BackhaulMode=TN_DIRECT RicControlState=TN_E2 ActiveUavRic=LOCAL_UAV_AUTONOMY NormalUeHandoverAllowed=1 UavMode=TN_CONTROLLED_COVERAGE_EXTENSION
---- LOAD at t=38.5 ----
  cell 1 (TN) load=16/20
  cell 2 (TN) load=18/20
  cell 3 (TN) load=14/20
  cell 4 (TN) load=15/20
  cell 5 (NTN) load=6/15
  cell 6 (NTN) load=7/15
  cell 7 (NTN) load=3/15
UE 11 TTT_WAIT target=2 elapsed=0s need=2s
UE 12 TTT_WAIT target=3 elapsed=0s need=2s
LM HO UE=15 rnti=123 1->4 type=TN servingRsrp=-92.1999 targetRsrp=-85.2412 targetLoadReal=15/20 targetLoadEff=15/20
UE 16 TTT_WAIT target=3 elapsed=0s need=2s
UE 18 TTT_WAIT target=3 elapsed=0s need=2s
UE 20 TTT_WAIT target=1 elapsed=0s need=2s
UE 27 TTT_WAIT target=5 elapsed=0s need=2s
UE 29 TTT_WAIT target=1 elapsed=0s need=2s
UE 30 TTT_WAIT target=1 elapsed=0s need=2s
UE 31 TTT_WAIT target=7 elapsed=0s need=2s
UE 35 TTT_WAIT target=6 elapsed=0s need=2s
UE 40 TTT_WAIT target=1 elapsed=0s need=2s
UE 42 TTT_WAIT target=2 elapsed=0s need=2s
UE 43 TTT_WAIT target=1 elapsed=0s need=2s
UE 44 TTT_WAIT target=1 elapsed=0s need=2s
UE 45 TTT_WAIT target=2 elapsed=0s need=2s
UE 48 TTT_WAIT target=4 elapsed=0s need=2s
UE 50 TTT_WAIT target=1 elapsed=0s need=2s
UE 51 TTT_WAIT target=4 elapsed=0s need=2s
UE 56 TTT_WAIT target=4 elapsed=0s need=2s
UE 58 TTT_WAIT target=2 elapsed=0s need=2s
UE 60 TTT_WAIT target=2 elapsed=0s need=2s
LM HO UE=61 rnti=139 4->3 type=TN servingRsrp=-101.864 targetRsrp=-98.7915 targetLoadReal=14/20 targetLoadEff=14/20
UE 62 TTT_WAIT target=1 elapsed=0s need=2s
LM HO UE=63 rnti=84 1->2 type=TN servingRsrp=-77.2532 targetRsrp=-74.9805 targetLoadReal=18/20 targetLoadEff=18/20
LM HO UE=64 rnti=115 3->4 type=TN servingRsrp=-95.4702 targetRsrp=-75.3558 targetLoadReal=15/20 targetLoadEff=16/20
UE 66 TTT_WAIT target=5 elapsed=0s need=2s
LM HO_FAIL_LOW_RSRP UE=68 currCell=2 candCell=3 candRsrp=-115.644 < min=-110
LM HO_FAIL_LOW_RSRP UE=69 currCell=4 candCell=2 candRsrp=-117.042 < min=-110
UE 70 TTT_WAIT target=7 elapsed=0s need=2s
UE 71 TTT_WAIT target=1 elapsed=0s need=2s
UE 72 TTT_WAIT target=2 elapsed=0s need=2s
UE 74 TTT_WAIT target=7 elapsed=0s need=2s
UE 75 TTT_WAIT target=3 elapsed=0s need=2s
UE 77 TTT_WAIT target=1 elapsed=0s need=2s
LM HO_FAIL_LOW_RSRP UE=78 currCell=1 candCell=3 candRsrp=-111.505 < min=-110
UE 79 TTT_WAIT target=3 elapsed=0s need=2s
LM HO_FAIL_LOW_RSRP UE=80 currCell=3 candCell=6 candRsrp=-118.318 < min=-110
UE 83 TTT_WAIT target=6 elapsed=0s need=2s
UE 84 TTT_WAIT target=4 elapsed=0s need=2s
LM HO_FAIL_LOW_RSRP UE=85 currCell=5 candCell=6 candRsrp=-111.878 < min=-110
LM HO_FAIL_LOW_RSRP UE=86 currCell=7 candCell=6 candRsrp=-117.37 < min=-110
LM HO_FAIL_LOW_RSRP UE=87 currCell=2 candCell=7 candRsrp=-117.801 < min=-110
TRACE HO_SUCCESS Time=38.6151 IMSI=62 TargetCell=2 Type=TN TargetRSRP=-90.0566 ServingRSRP=-74.3706 BackhaulDlSnr=-999 BackhaulUlSnr=-999
TRACE HO_SUCCESS Time=38.6151 IMSI=60 TargetCell=3 Type=TN TargetRSRP=-103.993 ServingRSRP=-97.5423 BackhaulDlSnr=-999 BackhaulUlSnr=-999
TRACE HO_SUCCESS Time=38.6151 IMSI=14 TargetCell=4 Type=TN TargetRSRP=-73.6564 ServingRSRP=-93.6131 BackhaulDlSnr=-999 BackhaulUlSnr=-999
TRACE HO_SUCCESS Time=38.6151 IMSI=63 TargetCell=4 Type=TN TargetRSRP=-96.8365 ServingRSRP=-70.378 BackhaulDlSnr=-999 BackhaulUlSnr=-999
UAV_AUTONOMY_XAPP Time=40.5 DeploymentMode=tn-uav UavIndex=0 UavCellId=5 BestDonorCellId=1 BestDonorDistanceM=143.511 XhaulConnected=1 XhaulChannelVariationDb=0 RawXhaulState=HEALTHY RawXhaulStateAgeSec=36 XhaulState=HEALTHY DonorUnavailableActive=0 SatBackhaulHealthy=0 UavSwitchingXappAvailable=0 UavSwitchingXappState=DISABLED AiPredictedBackhaulMode=RULE_BASED BackhaulMode=TN_DIRECT RicControlState=TN_E2 ActiveUavRic=LOCAL_UAV_AUTONOMY NormalUeHandoverAllowed=1 UavMode=TN_CONTROLLED_COVERAGE_EXTENSION
UAV_AUTONOMY_XAPP Time=40.5 DeploymentMode=tn-uav UavIndex=1 UavCellId=6 BestDonorCellId=1 BestDonorDistanceM=110.88 XhaulConnected=1 XhaulChannelVariationDb=0 RawXhaulState=HEALTHY RawXhaulStateAgeSec=36 XhaulState=HEALTHY DonorUnavailableActive=0 SatBackhaulHealthy=0 UavSwitchingXappAvailable=0 UavSwitchingXappState=DISABLED AiPredictedBackhaulMode=RULE_BASED BackhaulMode=TN_DIRECT RicControlState=TN_E2 ActiveUavRic=LOCAL_UAV_AUTONOMY NormalUeHandoverAllowed=1 UavMode=TN_CONTROLLED_COVERAGE_EXTENSION
UAV_AUTONOMY_XAPP Time=40.5 DeploymentMode=tn-uav UavIndex=2 UavCellId=7 BestDonorCellId=1 BestDonorDistanceM=133.08 XhaulConnected=1 XhaulChannelVariationDb=0 RawXhaulState=HEALTHY RawXhaulStateAgeSec=36 XhaulState=HEALTHY DonorUnavailableActive=0 SatBackhaulHealthy=0 UavSwitchingXappAvailable=0 UavSwitchingXappState=DISABLED AiPredictedBackhaulMode=RULE_BASED BackhaulMode=TN_DIRECT RicControlState=TN_E2 ActiveUavRic=LOCAL_UAV_AUTONOMY NormalUeHandoverAllowed=1 UavMode=TN_CONTROLLED_COVERAGE_EXTENSION
---- LOAD at t=40.5 ----
  cell 1 (TN) load=14/20
  cell 2 (TN) load=19/20
  cell 3 (TN) load=14/20
  cell 4 (TN) load=16/20
  cell 5 (NTN) load=6/15
  cell 6 (NTN) load=7/15
  cell 7 (NTN) load=3/15
UE 8 TTT_WAIT target=3 elapsed=0s need=2s
UE 9 TTT_WAIT target=5 elapsed=0s need=2s
UE 11 TTT_WAIT target=4 elapsed=0s need=2s
UE 12 TTT_WAIT target=1 elapsed=0s need=2s
UE 15 TTT_WAIT target=1 elapsed=0s need=2s
LM HO UE=18 rnti=108 4->3 type=TN servingRsrp=-102.541 targetRsrp=-88.2498 targetLoadReal=14/20 targetLoadEff=14/20
UE 20 TTT_WAIT target=7 elapsed=0s need=2s
UE 21 TTT_WAIT target=7 elapsed=0s need=2s
UE 22 TTT_WAIT target=4 elapsed=0s need=2s
UE 27 TTT_WAIT target=2 elapsed=0s need=2s
LM HO UE=29 rnti=155 4->1 type=TN servingRsrp=-103.093 targetRsrp=-94.1445 targetLoadReal=14/20 targetLoadEff=14/20
UE 31 TTT_WAIT target=5 elapsed=0s need=2s
UE 32 TTT_WAIT target=2 elapsed=0s need=2s
UE 33 TTT_WAIT target=2 elapsed=0s need=2s
UE 35 TTT_WAIT target=2 elapsed=0s need=2s
LM HO UE=40 rnti=153 4->1 type=TN servingRsrp=-101.823 targetRsrp=-83.3531 targetLoadReal=14/20 targetLoadEff=15/20
LM HO UE=42 rnti=151 4->2 type=TN servingRsrp=-104.827 targetRsrp=-73.1479 targetLoadReal=19/20 targetLoadEff=19/20
UE 47 TTT_WAIT target=3 elapsed=0s need=2s
LM HO UE=48 rnti=103 3->4 type=TN servingRsrp=-99.5136 targetRsrp=-97.1352 targetLoadReal=16/20 targetLoadEff=16/20
LM HO UE=51 rnti=122 1->4 type=TN servingRsrp=-94.9727 targetRsrp=-73.5005 targetLoadReal=16/20 targetLoadEff=17/20
UE 52 TTT_WAIT target=6 elapsed=0s need=2s
UE 53 TTT_WAIT target=4 elapsed=0s need=2s
UE 55 TTT_WAIT target=3 elapsed=0s need=2s
LM HO UE=56 rnti=95 3->4 type=TN servingRsrp=-91.8809 targetRsrp=-84.2171 targetLoadReal=16/20 targetLoadEff=18/20
UE 57 TTT_WAIT target=1 elapsed=0s need=2s
UE 58 TTT_WAIT target=4 elapsed=0s need=2s
UE 59 TTT_WAIT target=1 elapsed=0s need=2s
UE 60 TTT_WAIT target=1 elapsed=0s need=2s
LM HO UE=62 rnti=48 2->1 type=TN servingRsrp=-100.231 targetRsrp=-97.5733 targetLoadReal=14/20 targetLoadEff=16/20
UE 64 TTT_WAIT target=3 elapsed=0s need=2s
UE 66 TTT_WAIT target=3 elapsed=0s need=2s
LM HO_FAIL_LOW_RSRP UE=68 currCell=2 candCell=4 candRsrp=-116.67 < min=-110
LM HO_FAIL_LOW_RSRP UE=69 currCell=4 candCell=1 candRsrp=-112.351 < min=-110
LM HO_FAIL_LOW_RSRP UE=70 currCell=2 candCell=7 candRsrp=-115.086 < min=-110
LM HO_FAIL_LOW_RSRP UE=71 currCell=2 candCell=3 candRsrp=-114.727 < min=-110
UE 72 TTT_WAIT target=6 elapsed=0s need=2s
UE 73 TTT_WAIT target=4 elapsed=0s need=2s
LM HO_FAIL_LOW_RSRP UE=75 currCell=1 candCell=6 candRsrp=-116.64 < min=-110
LM HO_FAIL_LOW_RSRP UE=78 currCell=1 candCell=6 candRsrp=-118.622 < min=-110
LM HO UE=79 rnti=56 5->3 type=TN servingRsrp=-116.92 targetRsrp=-92.8448 targetLoadReal=14/20 targetLoadEff=15/20
UE 80 TTT_WAIT target=6 elapsed=0s need=2s
UE 81 TTT_WAIT target=4 elapsed=0s need=2s
LM HO UE=83 rnti=51 5->6 type=NTN servingRsrp=-114.956 targetRsrp=-100.123 targetLoadReal=7/15 targetLoadEff=7/15
UE 84 TTT_WAIT target=3 elapsed=0s need=2s
UE 87 TTT_WAIT target=4 elapsed=0s need=2s
TRACE HO_SUCCESS Time=40.6151 IMSI=61 TargetCell=1 Type=TN TargetRSRP=-96.6496 ServingRSRP=-94.7485 BackhaulDlSnr=-999 BackhaulUlSnr=-999
TRACE HO_SUCCESS Time=40.6151 IMSI=28 TargetCell=1 Type=TN TargetRSRP=-109.462 ServingRSRP=-80.373 BackhaulDlSnr=-999 BackhaulUlSnr=-999
TRACE HO_SUCCESS Time=40.6151 IMSI=39 TargetCell=1 Type=TN TargetRSRP=-104.458 ServingRSRP=-80.4201 BackhaulDlSnr=-999 BackhaulUlSnr=-999
TRACE HO_SUCCESS Time=40.6151 IMSI=41 TargetCell=2 Type=TN TargetRSRP=-109.149 ServingRSRP=-87.076 BackhaulDlSnr=-999 BackhaulUlSnr=-999
TRACE HO_SUCCESS Time=40.6151 IMSI=17 TargetCell=3 Type=TN TargetRSRP=-100.79 ServingRSRP=-69.9266 BackhaulDlSnr=-999 BackhaulUlSnr=-999
TRACE HO_SUCCESS Time=40.6151 IMSI=78 TargetCell=3 Type=TN TargetRSRP=-119.354 ServingRSRP=-114.391 BackhaulDlSnr=-999 BackhaulUlSnr=-999
TRACE HO_SUCCESS Time=40.6151 IMSI=50 TargetCell=4 Type=TN TargetRSRP=-105.062 ServingRSRP=-90.9844 BackhaulDlSnr=-999 BackhaulUlSnr=-999
TRACE HO_SUCCESS Time=40.6151 IMSI=55 TargetCell=4 Type=TN TargetRSRP=-93.7383 ServingRSRP=-98.2075 BackhaulDlSnr=-999 BackhaulUlSnr=-999
TRACE HO_SUCCESS Time=40.6151 IMSI=47 TargetCell=4 Type=TN TargetRSRP=-98.2155 ServingRSRP=-82.4186 BackhaulDlSnr=-999 BackhaulUlSnr=-999
TRACE HO_SUCCESS Time=40.6151 IMSI=82 TargetCell=6 Type=NTN TargetRSRP=-120.486 ServingRSRP=-81.1353 BackhaulDlSnr=-999 BackhaulUlSnr=-999
UAV_AUTONOMY_XAPP Time=42.5 DeploymentMode=tn-uav UavIndex=0 UavCellId=5 BestDonorCellId=1 BestDonorDistanceM=143.511 XhaulConnected=1 XhaulChannelVariationDb=0 RawXhaulState=HEALTHY RawXhaulStateAgeSec=38 XhaulState=HEALTHY DonorUnavailableActive=0 SatBackhaulHealthy=0 UavSwitchingXappAvailable=0 UavSwitchingXappState=DISABLED AiPredictedBackhaulMode=RULE_BASED BackhaulMode=TN_DIRECT RicControlState=TN_E2 ActiveUavRic=LOCAL_UAV_AUTONOMY NormalUeHandoverAllowed=1 UavMode=TN_CONTROLLED_COVERAGE_EXTENSION
UAV_AUTONOMY_XAPP Time=42.5 DeploymentMode=tn-uav UavIndex=1 UavCellId=6 BestDonorCellId=1 BestDonorDistanceM=110.88 XhaulConnected=1 XhaulChannelVariationDb=0 RawXhaulState=HEALTHY RawXhaulStateAgeSec=38 XhaulState=HEALTHY DonorUnavailableActive=0 SatBackhaulHealthy=0 UavSwitchingXappAvailable=0 UavSwitchingXappState=DISABLED AiPredictedBackhaulMode=RULE_BASED BackhaulMode=TN_DIRECT RicControlState=TN_E2 ActiveUavRic=LOCAL_UAV_AUTONOMY NormalUeHandoverAllowed=1 UavMode=TN_CONTROLLED_COVERAGE_EXTENSION
UAV_AUTONOMY_XAPP Time=42.5 DeploymentMode=tn-uav UavIndex=2 UavCellId=7 BestDonorCellId=1 BestDonorDistanceM=133.08 XhaulConnected=1 XhaulChannelVariationDb=0 RawXhaulState=HEALTHY RawXhaulStateAgeSec=38 XhaulState=HEALTHY DonorUnavailableActive=0 SatBackhaulHealthy=0 UavSwitchingXappAvailable=0 UavSwitchingXappState=DISABLED AiPredictedBackhaulMode=RULE_BASED BackhaulMode=TN_DIRECT RicControlState=TN_E2 ActiveUavRic=LOCAL_UAV_AUTONOMY NormalUeHandoverAllowed=1 UavMode=TN_CONTROLLED_COVERAGE_EXTENSION
---- LOAD at t=42.5 ----
  cell 1 (TN) load=16/20
  cell 2 (TN) load=19/20
  cell 3 (TN) load=14/20
  cell 4 (TN) load=15/20
  cell 5 (NTN) load=4/15
  cell 6 (NTN) load=8/15
  cell 7 (NTN) load=3/15
UE 8 TTT_WAIT target=2 elapsed=0s need=2s
UE 10 TTT_WAIT target=1 elapsed=0s need=2s
UE 12 TTT_WAIT target=3 elapsed=0s need=2s
UE 18 TTT_WAIT target=4 elapsed=0s need=2s
UE 23 TTT_WAIT target=6 elapsed=0s need=2s
UE 24 TTT_WAIT target=4 elapsed=0s need=2s
UE 27 TTT_WAIT target=5 elapsed=0s need=2s
UE 29 TTT_WAIT target=3 elapsed=0s need=2s
UE 30 TTT_WAIT target=5 elapsed=0s need=2s
UE 31 TTT_WAIT target=4 elapsed=0s need=2s
LM HO UE=33 rnti=132 1->2 type=TN servingRsrp=-109.063 targetRsrp=-76.3901 targetLoadReal=19/20 targetLoadEff=19/20
UE 35 TTT_WAIT target=4 elapsed=0s need=2s
UE 37 TTT_WAIT target=1 elapsed=0s need=2s
UE 38 TTT_WAIT target=7 elapsed=0s need=2s
UE 40 TTT_WAIT target=6 elapsed=0s need=2s
UE 42 TTT_WAIT target=4 elapsed=0s need=2s
UE 43 TTT_WAIT target=1 elapsed=0s need=2s
UE 44 TTT_WAIT target=1 elapsed=0s need=2s
UE 45 TTT_WAIT target=4 elapsed=0s need=2s
UE 48 TTT_WAIT target=3 elapsed=0s need=2s
UE 49 TTT_WAIT target=1 elapsed=0s need=2s
UE 50 TTT_WAIT target=1 elapsed=0s need=2s
UE 51 TTT_WAIT target=1 elapsed=0s need=2s
UE 52 TTT_WAIT target=4 elapsed=0s need=2s
LM HO UE=53 rnti=129 1->4 type=TN servingRsrp=-103.246 targetRsrp=-74.685 targetLoadReal=15/20 targetLoadEff=15/20
UE 56 TTT_WAIT target=3 elapsed=0s need=2s
UE 60 TTT_WAIT target=4 elapsed=0s need=2s
UE 61 TTT_WAIT target=4 elapsed=0s need=2s
UE 62 TTT_WAIT target=4 elapsed=0s need=2s
UE 66 TTT_WAIT target=1 elapsed=0s need=2s
LM HO_FAIL_LOW_RSRP UE=68 currCell=2 candCell=3 candRsrp=-118.463 < min=-110
UE 69 TTT_WAIT target=7 elapsed=0s need=2s
LM HO_FAIL_LOW_RSRP UE=70 currCell=2 candCell=5 candRsrp=-114.684 < min=-110
LM HO_FAIL_LOW_RSRP UE=71 currCell=2 candCell=3 candRsrp=-114.705 < min=-110
LM HO_FAIL_LOW_RSRP UE=72 currCell=7 candCell=6 candRsrp=-115.709 < min=-110
LM HO_FAIL_LOW_RSRP UE=73 currCell=7 candCell=6 candRsrp=-114.111 < min=-110
UE 74 TTT_WAIT target=7 elapsed=0s need=2s
LM HO_FAIL_LOW_RSRP UE=75 currCell=1 candCell=6 candRsrp=-117.763 < min=-110
UE 77 TTT_WAIT target=5 elapsed=0s need=2s
UE 78 TTT_WAIT target=4 elapsed=0s need=2s
LM HO_FAIL_LOW_RSRP UE=79 currCell=3 candCell=4 candRsrp=-114.545 < min=-110
UE 80 TTT_WAIT target=4 elapsed=0s need=2s
LM HO_FAIL_LOW_RSRP UE=81 currCell=2 candCell=6 candRsrp=-113.169 < min=-110
UE 83 TTT_WAIT target=3 elapsed=0s need=2s
LM HO_FAIL_LOW_RSRP UE=87 currCell=2 candCell=7 candRsrp=-117.483 < min=-110
TRACE HO_SUCCESS Time=42.6151 IMSI=32 TargetCell=2 Type=TN TargetRSRP=-104.241 ServingRSRP=-71.4385 BackhaulDlSnr=-999 BackhaulUlSnr=-999
TRACE HO_SUCCESS Time=42.6151 IMSI=52 TargetCell=4 Type=TN TargetRSRP=-101.085 ServingRSRP=-97.2576 BackhaulDlSnr=-999 BackhaulUlSnr=-999
UAV_AUTONOMY_XAPP Time=44.5 DeploymentMode=tn-uav UavIndex=0 UavCellId=5 BestDonorCellId=1 BestDonorDistanceM=143.511 XhaulConnected=1 XhaulChannelVariationDb=0 RawXhaulState=HEALTHY RawXhaulStateAgeSec=40 XhaulState=HEALTHY DonorUnavailableActive=0 SatBackhaulHealthy=0 UavSwitchingXappAvailable=0 UavSwitchingXappState=DISABLED AiPredictedBackhaulMode=RULE_BASED BackhaulMode=TN_DIRECT RicControlState=TN_E2 ActiveUavRic=LOCAL_UAV_AUTONOMY NormalUeHandoverAllowed=1 UavMode=TN_CONTROLLED_COVERAGE_EXTENSION
UAV_AUTONOMY_XAPP Time=44.5 DeploymentMode=tn-uav UavIndex=1 UavCellId=6 BestDonorCellId=1 BestDonorDistanceM=110.88 XhaulConnected=1 XhaulChannelVariationDb=0 RawXhaulState=HEALTHY RawXhaulStateAgeSec=40 XhaulState=HEALTHY DonorUnavailableActive=0 SatBackhaulHealthy=0 UavSwitchingXappAvailable=0 UavSwitchingXappState=DISABLED AiPredictedBackhaulMode=RULE_BASED BackhaulMode=TN_DIRECT RicControlState=TN_E2 ActiveUavRic=LOCAL_UAV_AUTONOMY NormalUeHandoverAllowed=1 UavMode=TN_CONTROLLED_COVERAGE_EXTENSION
UAV_AUTONOMY_XAPP Time=44.5 DeploymentMode=tn-uav UavIndex=2 UavCellId=7 BestDonorCellId=1 BestDonorDistanceM=133.08 XhaulConnected=1 XhaulChannelVariationDb=0 RawXhaulState=HEALTHY RawXhaulStateAgeSec=40 XhaulState=HEALTHY DonorUnavailableActive=0 SatBackhaulHealthy=0 UavSwitchingXappAvailable=0 UavSwitchingXappState=DISABLED AiPredictedBackhaulMode=RULE_BASED BackhaulMode=TN_DIRECT RicControlState=TN_E2 ActiveUavRic=LOCAL_UAV_AUTONOMY NormalUeHandoverAllowed=1 UavMode=TN_CONTROLLED_COVERAGE_EXTENSION
---- LOAD at t=44.5 ----
  cell 1 (TN) load=14/20
  cell 2 (TN) load=20/20
  cell 3 (TN) load=14/20
  cell 4 (TN) load=16/20
  cell 5 (NTN) load=4/15
  cell 6 (NTN) load=8/15
  cell 7 (NTN) load=3/15
UE 10 TTT_WAIT target=3 elapsed=0s need=2s
UE 13 TTT_WAIT target=4 elapsed=0s need=2s
UE 15 TTT_WAIT target=5 elapsed=0s need=2s
UE 16 TTT_WAIT target=5 elapsed=0s need=2s
LM HO UE=18 rnti=120 3->4 type=TN servingRsrp=-104.761 targetRsrp=-102.077 targetLoadReal=16/20 targetLoadEff=16/20
UE 20 TTT_WAIT target=1 elapsed=0s need=2s
LM HO UE=24 rnti=114 3->4 type=TN servingRsrp=-104.751 targetRsrp=-98.7783 targetLoadReal=16/20 targetLoadEff=17/20
UE 29 TTT_WAIT target=4 elapsed=0s need=2s
UE 31 TTT_WAIT target=1 elapsed=0s need=2s
UE 32 TTT_WAIT target=6 elapsed=0s need=2s
UE 34 TTT_WAIT target=1 elapsed=0s need=2s
UE 35 TTT_WAIT target=6 elapsed=0s need=2s
UE 38 TTT_WAIT target=6 elapsed=0s need=2s
UE 40 TTT_WAIT target=4 elapsed=0s need=2s
UE 41 TTT_WAIT target=4 elapsed=0s need=2s
UE 42 TTT_WAIT target=1 elapsed=0s need=2s
UE 45 TTT_WAIT target=1 elapsed=0s need=2s
LM HO UE=48 rnti=159 4->3 type=TN servingRsrp=-100.548 targetRsrp=-97.422 targetLoadReal=14/20 targetLoadEff=14/20
UE 49 TTT_WAIT target=5 elapsed=0s need=2s
LM HO UE=51 rnti=160 4->1 type=TN servingRsrp=-103.866 targetRsrp=-96.571 targetLoadReal=14/20 targetLoadEff=14/20
UE 53 TTT_WAIT target=7 elapsed=0s need=2s
UE 55 TTT_WAIT target=6 elapsed=0s need=2s
UE 58 TTT_WAIT target=5 elapsed=0s need=2s
UE 59 TTT_WAIT target=3 elapsed=0s need=2s
UE 60 TTT_WAIT target=6 elapsed=0s need=2s
UE 64 TTT_WAIT target=1 elapsed=0s need=2s
UE 65 TTT_WAIT target=4 elapsed=0s need=2s
UE 67 TTT_WAIT target=1 elapsed=0s need=2s
LM HO_FAIL_LOW_RSRP UE=68 currCell=2 candCell=4 candRsrp=-114.421 < min=-110
LM HO_FAIL_LOW_RSRP UE=69 currCell=4 candCell=1 candRsrp=-114.511 < min=-110
UE 71 TTT_WAIT target=1 elapsed=0s need=2s
UE 72 TTT_WAIT target=6 elapsed=0s need=2s
UE 73 TTT_WAIT target=6 elapsed=0s need=2s
LM HO_FAIL_LOW_RSRP UE=74 currCell=4 candCell=3 candRsrp=-112.655 < min=-110
UE 75 TTT_WAIT target=3 elapsed=0s need=2s
UE 79 TTT_WAIT target=1 elapsed=0s need=2s
LM HO_FAIL_LOW_RSRP UE=80 currCell=3 candCell=6 candRsrp=-119.121 < min=-110
UE 81 TTT_WAIT target=3 elapsed=0s need=2s
LM HO_FAIL_LOW_RSRP UE=82 currCell=5 candCell=6 candRsrp=-112.549 < min=-110
LM HO UE=83 rnti=119 6->3 type=TN servingRsrp=-118.969 targetRsrp=-109.389 targetLoadReal=14/20 targetLoadEff=15/20
UE 84 TTT_WAIT target=1 elapsed=0s need=2s
UE 85 TTT_WAIT target=4 elapsed=0s need=2s
UE 86 TTT_WAIT target=3 elapsed=0s need=2s
LM HO_FAIL_LOW_RSRP UE=87 currCell=2 candCell=6 candRsrp=-114.779 < min=-110
TRACE HO_SUCCESS Time=44.6151 IMSI=50 TargetCell=1 Type=TN TargetRSRP=-95.6183 ServingRSRP=-83.9186 BackhaulDlSnr=-999 BackhaulUlSnr=-999
TRACE HO_SUCCESS Time=44.6151 IMSI=47 TargetCell=3 Type=TN TargetRSRP=-102.077 ServingRSRP=-83.9169 BackhaulDlSnr=-999 BackhaulUlSnr=-999
TRACE HO_SUCCESS Time=44.6151 IMSI=82 TargetCell=3 Type=TN TargetRSRP=-113.025 ServingRSRP=-112.358 BackhaulDlSnr=-999 BackhaulUlSnr=-999
TRACE HO_SUCCESS Time=44.6151 IMSI=23 TargetCell=4 Type=TN TargetRSRP=-108.3 ServingRSRP=-82.0092 BackhaulDlSnr=-999 BackhaulUlSnr=-999
TRACE HO_SUCCESS Time=44.6151 IMSI=17 TargetCell=4 Type=TN TargetRSRP=-94.2984 ServingRSRP=-100.81 BackhaulDlSnr=-999 BackhaulUlSnr=-999
UAV_AUTONOMY_XAPP Time=46.5 DeploymentMode=tn-uav UavIndex=0 UavCellId=5 BestDonorCellId=1 BestDonorDistanceM=143.511 XhaulConnected=1 XhaulChannelVariationDb=0 RawXhaulState=HEALTHY RawXhaulStateAgeSec=42 XhaulState=HEALTHY DonorUnavailableActive=0 SatBackhaulHealthy=0 UavSwitchingXappAvailable=0 UavSwitchingXappState=DISABLED AiPredictedBackhaulMode=RULE_BASED BackhaulMode=TN_DIRECT RicControlState=TN_E2 ActiveUavRic=LOCAL_UAV_AUTONOMY NormalUeHandoverAllowed=1 UavMode=TN_CONTROLLED_COVERAGE_EXTENSION
UAV_AUTONOMY_XAPP Time=46.5 DeploymentMode=tn-uav UavIndex=1 UavCellId=6 BestDonorCellId=1 BestDonorDistanceM=110.88 XhaulConnected=1 XhaulChannelVariationDb=0 RawXhaulState=HEALTHY RawXhaulStateAgeSec=42 XhaulState=HEALTHY DonorUnavailableActive=0 SatBackhaulHealthy=0 UavSwitchingXappAvailable=0 UavSwitchingXappState=DISABLED AiPredictedBackhaulMode=RULE_BASED BackhaulMode=TN_DIRECT RicControlState=TN_E2 ActiveUavRic=LOCAL_UAV_AUTONOMY NormalUeHandoverAllowed=1 UavMode=TN_CONTROLLED_COVERAGE_EXTENSION
UAV_AUTONOMY_XAPP Time=46.5 DeploymentMode=tn-uav UavIndex=2 UavCellId=7 BestDonorCellId=1 BestDonorDistanceM=133.08 XhaulConnected=1 XhaulChannelVariationDb=0 RawXhaulState=HEALTHY RawXhaulStateAgeSec=42 XhaulState=HEALTHY DonorUnavailableActive=0 SatBackhaulHealthy=0 UavSwitchingXappAvailable=0 UavSwitchingXappState=DISABLED AiPredictedBackhaulMode=RULE_BASED BackhaulMode=TN_DIRECT RicControlState=TN_E2 ActiveUavRic=LOCAL_UAV_AUTONOMY NormalUeHandoverAllowed=1 UavMode=TN_CONTROLLED_COVERAGE_EXTENSION
---- LOAD at t=46.5 ----
  cell 1 (TN) load=15/20
  cell 2 (TN) load=20/20
  cell 3 (TN) load=14/20
  cell 4 (TN) load=16/20
  cell 5 (NTN) load=4/15
  cell 6 (NTN) load=7/15
  cell 7 (NTN) load=3/15
UE 9 TTT_WAIT target=7 elapsed=0s need=2s
UE 10 TTT_WAIT target=7 elapsed=0s need=2s
UE 15 TTT_WAIT target=7 elapsed=0s need=2s
LM HO UE=20 rnti=101 2->1 type=TN servingRsrp=-109.974 targetRsrp=-93.6762 targetLoadReal=15/20 targetLoadEff=15/20
UE 24 TTT_WAIT target=1 elapsed=0s need=2s
UE 27 TTT_WAIT target=4 elapsed=0s need=2s
UE 30 TTT_WAIT target=7 elapsed=0s need=2s
UE 34 TTT_WAIT target=6 elapsed=0s need=2s
LM HO UE=35 rnti=109 1->6 type=NTN servingRsrp=-83.0048 targetRsrp=-78.055 targetLoadReal=7/15 targetLoadEff=7/15
UE 39 TTT_WAIT target=1 elapsed=0s need=2s
UE 40 TTT_WAIT target=7 elapsed=0s need=2s
UE 43 TTT_WAIT target=1 elapsed=0s need=2s
LM HO UE=45 rnti=75 6->1 type=TN servingRsrp=-103.992 targetRsrp=-82.2815 targetLoadReal=15/20 targetLoadEff=16/20
UE 48 TTT_WAIT target=4 elapsed=0s need=2s
UE 52 TTT_WAIT target=4 elapsed=0s need=2s
UE 53 TTT_WAIT target=3 elapsed=0s need=2s
UE 55 TTT_WAIT target=5 elapsed=0s need=2s
UE 61 TTT_WAIT target=4 elapsed=0s need=2s
UE 62 TTT_WAIT target=4 elapsed=0s need=2s
LM HO UE=64 rnti=158 4->1 type=TN servingRsrp=-98.8866 targetRsrp=-96.7436 targetLoadReal=15/20 targetLoadEff=17/20
UE 66 TTT_WAIT target=3 elapsed=0s need=2s
LM HO_FAIL_LOW_RSRP UE=68 currCell=2 candCell=1 candRsrp=-112.232 < min=-110
LM HO_FAIL_LOW_RSRP UE=69 currCell=4 candCell=6 candRsrp=-115.556 < min=-110
LM HO_FAIL_LOW_RSRP UE=70 currCell=2 candCell=6 candRsrp=-115.595 < min=-110
LM HO_FAIL_LOW_RSRP UE=71 currCell=2 candCell=3 candRsrp=-112.214 < min=-110
UE 72 TTT_WAIT target=1 elapsed=0s need=2s
UE 73 TTT_WAIT target=3 elapsed=0s need=2s
UE 74 TTT_WAIT target=3 elapsed=0s need=2s
LM HO_FAIL_LOW_RSRP UE=75 currCell=1 candCell=7 candRsrp=-118.41 < min=-110
LM HO_FAIL_LOW_RSRP UE=79 currCell=3 candCell=1 candRsrp=-116.512 < min=-110
UE 80 TTT_WAIT target=4 elapsed=0s need=2s
UE 81 TTT_WAIT target=7 elapsed=0s need=2s
UE 83 TTT_WAIT target=1 elapsed=0s need=2s
LM HO UE=85 rnti=43 5->4 type=TN servingRsrp=-113.084 targetRsrp=-104.377 targetLoadReal=16/20 targetLoadEff=16/20
LM HO UE=86 rnti=66 7->3 type=TN servingRsrp=-121.261 targetRsrp=-106.536 targetLoadReal=14/20 targetLoadEff=14/20
TRACE HO_SUCCESS Time=46.6151 IMSI=19 TargetCell=1 Type=TN TargetRSRP=-111.612 ServingRSRP=-88.8073 BackhaulDlSnr=-999 BackhaulUlSnr=-999
TRACE HO_SUCCESS Time=46.6151 IMSI=63 TargetCell=1 Type=TN TargetRSRP=-75.0244 ServingRSRP=-87.4602 BackhaulDlSnr=-999 BackhaulUlSnr=-999
TRACE HO_SUCCESS Time=46.6151 IMSI=44 TargetCell=1 Type=TN TargetRSRP=-87.4222 ServingRSRP=-75.1797 BackhaulDlSnr=-999 BackhaulUlSnr=-999
TRACE HO_SUCCESS Time=46.6151 IMSI=85 TargetCell=3 Type=TN TargetRSRP=-86.8984 ServingRSRP=-117.77 BackhaulDlSnr=-999 BackhaulUlSnr=-999
TRACE HO_SUCCESS Time=46.6151 IMSI=84 TargetCell=4 Type=TN TargetRSRP=-124.542 ServingRSRP=-114.098 BackhaulDlSnr=-999 BackhaulUlSnr=-999
TRACE HO_SUCCESS Time=46.6151 IMSI=34 TargetCell=6 Type=NTN TargetRSRP=-102.114 ServingRSRP=-80.5582 BackhaulDlSnr=-999 BackhaulUlSnr=-999
UAV_AUTONOMY_XAPP Time=48.5 DeploymentMode=tn-uav UavIndex=0 UavCellId=5 BestDonorCellId=1 BestDonorDistanceM=143.511 XhaulConnected=1 XhaulChannelVariationDb=0 RawXhaulState=HEALTHY RawXhaulStateAgeSec=44 XhaulState=HEALTHY DonorUnavailableActive=0 SatBackhaulHealthy=0 UavSwitchingXappAvailable=0 UavSwitchingXappState=DISABLED AiPredictedBackhaulMode=RULE_BASED BackhaulMode=TN_DIRECT RicControlState=TN_E2 ActiveUavRic=LOCAL_UAV_AUTONOMY NormalUeHandoverAllowed=1 UavMode=TN_CONTROLLED_COVERAGE_EXTENSION
UAV_AUTONOMY_XAPP Time=48.5 DeploymentMode=tn-uav UavIndex=1 UavCellId=6 BestDonorCellId=1 BestDonorDistanceM=110.88 XhaulConnected=1 XhaulChannelVariationDb=0 RawXhaulState=HEALTHY RawXhaulStateAgeSec=44 XhaulState=HEALTHY DonorUnavailableActive=0 SatBackhaulHealthy=0 UavSwitchingXappAvailable=0 UavSwitchingXappState=DISABLED AiPredictedBackhaulMode=RULE_BASED BackhaulMode=TN_DIRECT RicControlState=TN_E2 ActiveUavRic=LOCAL_UAV_AUTONOMY NormalUeHandoverAllowed=1 UavMode=TN_CONTROLLED_COVERAGE_EXTENSION
UAV_AUTONOMY_XAPP Time=48.5 DeploymentMode=tn-uav UavIndex=2 UavCellId=7 BestDonorCellId=1 BestDonorDistanceM=133.08 XhaulConnected=1 XhaulChannelVariationDb=0 RawXhaulState=HEALTHY RawXhaulStateAgeSec=44 XhaulState=HEALTHY DonorUnavailableActive=0 SatBackhaulHealthy=0 UavSwitchingXappAvailable=0 UavSwitchingXappState=DISABLED AiPredictedBackhaulMode=RULE_BASED BackhaulMode=TN_DIRECT RicControlState=TN_E2 ActiveUavRic=LOCAL_UAV_AUTONOMY NormalUeHandoverAllowed=1 UavMode=TN_CONTROLLED_COVERAGE_EXTENSION
---- LOAD at t=48.5 ----
  cell 1 (TN) load=17/20
  cell 2 (TN) load=19/20
  cell 3 (TN) load=15/20
  cell 4 (TN) load=16/20
  cell 5 (NTN) load=3/15
  cell 6 (NTN) load=7/15
  cell 7 (NTN) load=2/15
UE 9 TTT_WAIT target=2 elapsed=0s need=2s
LM HO UE=10 rnti=150 4->7 type=NTN servingRsrp=-104.855 targetRsrp=-83.2855 targetLoadReal=2/15 targetLoadEff=2/15
UE 12 TTT_WAIT target=1 elapsed=0s need=2s
UE 15 TTT_WAIT target=1 elapsed=0s need=2s
UE 20 TTT_WAIT target=3 elapsed=0s need=2s
UE 21 TTT_WAIT target=3 elapsed=0s need=2s
UE 22 TTT_WAIT target=2 elapsed=0s need=2s
UE 23 TTT_WAIT target=5 elapsed=0s need=2s
UE 26 TTT_WAIT target=2 elapsed=0s need=2s
UE 27 TTT_WAIT target=1 elapsed=0s need=2s
UE 29 TTT_WAIT target=4 elapsed=0s need=2s
UE 33 TTT_WAIT target=3 elapsed=0s need=2s
UE 35 TTT_WAIT target=7 elapsed=0s need=2s
UE 37 TTT_WAIT target=4 elapsed=0s need=2s
UE 40 TTT_WAIT target=5 elapsed=0s need=2s
UE 42 TTT_WAIT target=1 elapsed=0s need=2s
UE 43 TTT_WAIT target=4 elapsed=0s need=2s
UE 45 TTT_WAIT target=5 elapsed=0s need=2s
UE 46 TTT_WAIT target=2 elapsed=0s need=2s
UE 49 TTT_WAIT target=3 elapsed=0s need=2s
UE 51 TTT_WAIT target=7 elapsed=0s need=2s
UE 52 TTT_WAIT target=5 elapsed=0s need=2s
LM HO UE=53 rnti=162 4->3 type=TN servingRsrp=-102.471 targetRsrp=-85.4846 targetLoadReal=15/20 targetLoadEff=15/20
UE 55 TTT_WAIT target=3 elapsed=0s need=2s
UE 56 TTT_WAIT target=5 elapsed=0s need=2s
UE 58 TTT_WAIT target=4 elapsed=0s need=2s
LM HO UE=61 rnti=119 3->4 type=TN servingRsrp=-92.3415 targetRsrp=-82.8801 targetLoadReal=16/20 targetLoadEff=16/20
UE 65 TTT_WAIT target=4 elapsed=0s need=2s
LM HO UE=66 rnti=118 4->3 type=TN servingRsrp=-107.192 targetRsrp=-103.04 targetLoadReal=15/20 targetLoadEff=16/20
LM HO_FAIL_LOW_RSRP UE=68 currCell=2 candCell=1 candRsrp=-112.095 < min=-110
LM HO_FAIL_LOW_RSRP UE=71 currCell=2 candCell=4 candRsrp=-114.137 < min=-110
UE 72 TTT_WAIT target=2 elapsed=0s need=2s
LM HO_FAIL_LOW_RSRP UE=75 currCell=1 candCell=6 candRsrp=-116.755 < min=-110
LM HO_FAIL_LOW_RSRP UE=79 currCell=3 candCell=1 candRsrp=-110.985 < min=-110
LM HO_FAIL_LOW_RSRP UE=80 currCell=3 candCell=7 candRsrp=-112.929 < min=-110
LM HO UE=81 rnti=72 2->7 type=NTN servingRsrp=-109.984 targetRsrp=-91.4771 targetLoadReal=2/15 targetLoadEff=3/15
UE 82 TTT_WAIT target=1 elapsed=0s need=2s
UE 85 TTT_WAIT target=2 elapsed=0s need=2s
LM HO_FAIL_LOW_RSRP UE=86 currCell=3 candCell=6 candRsrp=-114.204 < min=-110
TRACE HO_SUCCESS Time=48.6151 IMSI=52 TargetCell=3 Type=TN TargetRSRP=-104.491 ServingRSRP=-93.369 BackhaulDlSnr=-999 BackhaulUlSnr=-999
TRACE HO_SUCCESS Time=48.6151 IMSI=65 TargetCell=3 Type=TN TargetRSRP=-110.229 ServingRSRP=-86.8761 BackhaulDlSnr=-999 BackhaulUlSnr=-999
TRACE HO_SUCCESS Time=48.6151 IMSI=60 TargetCell=4 Type=TN TargetRSRP=-110.026 ServingRSRP=-97.7124 BackhaulDlSnr=-999 BackhaulUlSnr=-999
TRACE HO_SUCCESS Time=48.6151 IMSI=80 TargetCell=7 Type=NTN TargetRSRP=-116.654 ServingRSRP=-108.767 BackhaulDlSnr=-999 BackhaulUlSnr=-999
TRACE HO_SUCCESS Time=48.6151 IMSI=9 TargetCell=7 Type=NTN TargetRSRP=-117.716 ServingRSRP=-103.948 BackhaulDlSnr=-999 BackhaulUlSnr=-999
UAV_AUTONOMY_XAPP Time=50.5 DeploymentMode=tn-uav UavIndex=0 UavCellId=5 BestDonorCellId=1 BestDonorDistanceM=143.511 XhaulConnected=1 XhaulChannelVariationDb=0 RawXhaulState=HEALTHY RawXhaulStateAgeSec=46 XhaulState=HEALTHY DonorUnavailableActive=0 SatBackhaulHealthy=0 UavSwitchingXappAvailable=0 UavSwitchingXappState=DISABLED AiPredictedBackhaulMode=RULE_BASED BackhaulMode=TN_DIRECT RicControlState=TN_E2 ActiveUavRic=LOCAL_UAV_AUTONOMY NormalUeHandoverAllowed=1 UavMode=TN_CONTROLLED_COVERAGE_EXTENSION
UAV_AUTONOMY_XAPP Time=50.5 DeploymentMode=tn-uav UavIndex=1 UavCellId=6 BestDonorCellId=1 BestDonorDistanceM=110.88 XhaulConnected=1 XhaulChannelVariationDb=0 RawXhaulState=HEALTHY RawXhaulStateAgeSec=46 XhaulState=HEALTHY DonorUnavailableActive=0 SatBackhaulHealthy=0 UavSwitchingXappAvailable=0 UavSwitchingXappState=DISABLED AiPredictedBackhaulMode=RULE_BASED BackhaulMode=TN_DIRECT RicControlState=TN_E2 ActiveUavRic=LOCAL_UAV_AUTONOMY NormalUeHandoverAllowed=1 UavMode=TN_CONTROLLED_COVERAGE_EXTENSION
UAV_AUTONOMY_XAPP Time=50.5 DeploymentMode=tn-uav UavIndex=2 UavCellId=7 BestDonorCellId=1 BestDonorDistanceM=133.08 XhaulConnected=1 XhaulChannelVariationDb=0 RawXhaulState=HEALTHY RawXhaulStateAgeSec=46 XhaulState=HEALTHY DonorUnavailableActive=0 SatBackhaulHealthy=0 UavSwitchingXappAvailable=0 UavSwitchingXappState=DISABLED AiPredictedBackhaulMode=RULE_BASED BackhaulMode=TN_DIRECT RicControlState=TN_E2 ActiveUavRic=LOCAL_UAV_AUTONOMY NormalUeHandoverAllowed=1 UavMode=TN_CONTROLLED_COVERAGE_EXTENSION
---- LOAD at t=50.5 ----
  cell 1 (TN) load=17/20
  cell 2 (TN) load=18/20
  cell 3 (TN) load=16/20
  cell 4 (TN) load=14/20
  cell 5 (NTN) load=3/15
  cell 6 (NTN) load=7/15
  cell 7 (NTN) load=4/15
UE 8 TTT_WAIT target=3 elapsed=0s need=2s
UE 10 TTT_WAIT target=1 elapsed=0s need=2s
UE 11 TTT_WAIT target=2 elapsed=0s need=2s
UE 12 TTT_WAIT target=4 elapsed=0s need=2s
UE 13 TTT_WAIT target=1 elapsed=0s need=2s
LM HO UE=15 rnti=157 4->1 type=TN servingRsrp=-103.07 targetRsrp=-96.3186 targetLoadReal=17/20 targetLoadEff=17/20
UE 16 TTT_WAIT target=7 elapsed=0s need=2s
UE 19 TTT_WAIT target=2 elapsed=0s need=2s
UE 20 TTT_WAIT target=6 elapsed=0s need=2s
LM HO UE=22 rnti=110 1->2 type=TN servingRsrp=-95.5086 targetRsrp=-80.8243 targetLoadReal=18/20 targetLoadEff=18/20
LM HO_FAIL_LOW_RSRP UE=24 currCell=4 candCell=6 candRsrp=-114.885 < min=-110
LM HO UE=26 rnti=73 1->2 type=TN servingRsrp=-95.1911 targetRsrp=-71.5646 targetLoadReal=18/20 targetLoadEff=19/20
UE 27 TTT_WAIT target=7 elapsed=0s need=2s
UE 28 TTT_WAIT target=4 elapsed=0s need=2s
LM HO UE=29 rnti=133 1->4 type=TN servingRsrp=-110.204 targetRsrp=-103.807 targetLoadReal=14/20 targetLoadEff=14/20
UE 30 TTT_WAIT target=7 elapsed=0s need=2s
LM HO UE=33 rnti=117 2->3 type=TN servingRsrp=-108.03 targetRsrp=-103.984 targetLoadReal=16/20 targetLoadEff=16/20
UE 35 TTT_WAIT target=1 elapsed=0s need=2s
LM HO UE=40 rnti=135 1->5 type=NTN servingRsrp=-80.6745 targetRsrp=-69.528 targetLoadReal=3/15 targetLoadEff=3/15
UE 41 TTT_WAIT target=6 elapsed=0s need=2s
LM HO UE=42 rnti=116 2->1 type=TN servingRsrp=-110.4 targetRsrp=-102.001 targetLoadReal=17/20 targetLoadEff=18/20
UE 45 TTT_WAIT target=3 elapsed=0s need=2s
UE 46 TTT_WAIT target=1 elapsed=0s need=2s
UE 47 TTT_WAIT target=6 elapsed=0s need=2s
UE 50 TTT_WAIT target=1 elapsed=0s need=2s
UE 53 TTT_WAIT target=1 elapsed=0s need=2s
UE 54 TTT_WAIT target=1 elapsed=0s need=2s
UE 55 TTT_WAIT target=7 elapsed=0s need=2s
UE 58 TTT_WAIT target=1 elapsed=0s need=2s
UE 59 TTT_WAIT target=3 elapsed=0s need=2s
UE 61 TTT_WAIT target=3 elapsed=0s need=2s
UE 62 TTT_WAIT target=3 elapsed=0s need=2s
UE 63 TTT_WAIT target=6 elapsed=0s need=2s
UE 64 TTT_WAIT target=4 elapsed=0s need=2s
UE 65 TTT_WAIT target=1 elapsed=0s need=2s
UE 66 TTT_WAIT target=4 elapsed=0s need=2s
UE 67 TTT_WAIT target=1 elapsed=0s need=2s
UE 68 TTT_WAIT target=4 elapsed=0s need=2s
LM HO_FAIL_LOW_RSRP UE=69 currCell=4 candCell=6 candRsrp=-117.407 < min=-110
LM HO_FAIL_LOW_RSRP UE=70 currCell=2 candCell=7 candRsrp=-114.864 < min=-110
UE 71 TTT_WAIT target=1 elapsed=0s need=2s
UE 72 TTT_WAIT target=1 elapsed=0s need=2s
LM HO_FAIL_LOW_RSRP UE=74 currCell=4 candCell=7 candRsrp=-118.101 < min=-110
LM HO_FAIL_LOW_RSRP UE=75 currCell=1 candCell=7 candRsrp=-113.713 < min=-110
LM HO_FAIL_LOW_RSRP UE=78 currCell=1 candCell=6 candRsrp=-114.997 < min=-110
LM HO_FAIL_LOW_RSRP UE=79 currCell=3 candCell=4 candRsrp=-117.142 < min=-110
LM HO_FAIL_LOW_RSRP UE=80 currCell=3 candCell=4 candRsrp=-112.854 < min=-110
UE 81 TTT_WAIT target=3 elapsed=0s need=2s
LM HO_FAIL_LOW_RSRP UE=82 currCell=5 candCell=6 candRsrp=-110.378 < min=-110
UE 83 TTT_WAIT target=4 elapsed=0s need=2s
LM HO_FAIL_LOW_RSRP UE=85 currCell=4 candCell=1 candRsrp=-116.27 < min=-110
UE 86 TTT_WAIT target=4 elapsed=0s need=2s
LM HO_FAIL_LOW_RSRP UE=87 currCell=2 candCell=6 candRsrp=-116.502 < min=-110
TRACE HO_SUCCESS Time=50.6151 IMSI=41 TargetCell=1 Type=TN TargetRSRP=-105.154 ServingRSRP=-109.195 BackhaulDlSnr=-999 BackhaulUlSnr=-999
TRACE HO_SUCCESS Time=50.6151 IMSI=14 TargetCell=1 Type=TN TargetRSRP=-99.1798 ServingRSRP=-101.389 BackhaulDlSnr=-999 BackhaulUlSnr=-999
TRACE HO_SUCCESS Time=50.6151 IMSI=25 TargetCell=2 Type=TN TargetRSRP=-96.4456 ServingRSRP=-95.6151 BackhaulDlSnr=-999 BackhaulUlSnr=-999
TRACE HO_SUCCESS Time=50.6151 IMSI=21 TargetCell=2 Type=TN TargetRSRP=-102.575 ServingRSRP=-88.1371 BackhaulDlSnr=-999 BackhaulUlSnr=-999
TRACE HO_SUCCESS Time=50.6151 IMSI=32 TargetCell=3 Type=TN TargetRSRP=-81.5937 ServingRSRP=-104.06 BackhaulDlSnr=-999 BackhaulUlSnr=-999
TRACE HO_SUCCESS Time=50.6151 IMSI=28 TargetCell=4 Type=TN TargetRSRP=-109.105 ServingRSRP=-105.243 BackhaulDlSnr=-999 BackhaulUlSnr=-999
TRACE HO_SUCCESS Time=50.6151 IMSI=39 TargetCell=5 Type=NTN TargetRSRP=-94.4883 ServingRSRP=-69.5619 BackhaulDlSnr=-999 BackhaulUlSnr=-999
UAV_AUTONOMY_XAPP Time=52.5 DeploymentMode=tn-uav UavIndex=0 UavCellId=5 BestDonorCellId=1 BestDonorDistanceM=143.511 XhaulConnected=1 XhaulChannelVariationDb=0 RawXhaulState=HEALTHY RawXhaulStateAgeSec=48 XhaulState=HEALTHY DonorUnavailableActive=0 SatBackhaulHealthy=0 UavSwitchingXappAvailable=0 UavSwitchingXappState=DISABLED AiPredictedBackhaulMode=RULE_BASED BackhaulMode=TN_DIRECT RicControlState=TN_E2 ActiveUavRic=LOCAL_UAV_AUTONOMY NormalUeHandoverAllowed=1 UavMode=TN_CONTROLLED_COVERAGE_EXTENSION
UAV_AUTONOMY_XAPP Time=52.5 DeploymentMode=tn-uav UavIndex=1 UavCellId=6 BestDonorCellId=1 BestDonorDistanceM=110.88 XhaulConnected=1 XhaulChannelVariationDb=0 RawXhaulState=HEALTHY RawXhaulStateAgeSec=48 XhaulState=HEALTHY DonorUnavailableActive=0 SatBackhaulHealthy=0 UavSwitchingXappAvailable=0 UavSwitchingXappState=DISABLED AiPredictedBackhaulMode=RULE_BASED BackhaulMode=TN_DIRECT RicControlState=TN_E2 ActiveUavRic=LOCAL_UAV_AUTONOMY NormalUeHandoverAllowed=1 UavMode=TN_CONTROLLED_COVERAGE_EXTENSION
UAV_AUTONOMY_XAPP Time=52.5 DeploymentMode=tn-uav UavIndex=2 UavCellId=7 BestDonorCellId=1 BestDonorDistanceM=133.08 XhaulConnected=1 XhaulChannelVariationDb=0 RawXhaulState=HEALTHY RawXhaulStateAgeSec=48 XhaulState=HEALTHY DonorUnavailableActive=0 SatBackhaulHealthy=0 UavSwitchingXappAvailable=0 UavSwitchingXappState=DISABLED AiPredictedBackhaulMode=RULE_BASED BackhaulMode=TN_DIRECT RicControlState=TN_E2 ActiveUavRic=LOCAL_UAV_AUTONOMY NormalUeHandoverAllowed=1 UavMode=TN_CONTROLLED_COVERAGE_EXTENSION
---- LOAD at t=52.5 ----
  cell 1 (TN) load=15/20
  cell 2 (TN) load=18/20
  cell 3 (TN) load=17/20
  cell 4 (TN) load=14/20
  cell 5 (NTN) load=4/15
  cell 6 (NTN) load=7/15
  cell 7 (NTN) load=4/15
LM HO UE=8 rnti=105 4->3 type=TN servingRsrp=-106.51 targetRsrp=-100.939 targetLoadReal=17/20 targetLoadEff=17/20
UE 9 TTT_WAIT target=6 elapsed=0s need=2s
UE 10 TTT_WAIT target=4 elapsed=0s need=2s
UE 13 TTT_WAIT target=4 elapsed=0s need=2s
UE 15 TTT_WAIT target=3 elapsed=0s need=2s
UE 16 TTT_WAIT target=5 elapsed=0s need=2s
UE 19 TTT_WAIT target=4 elapsed=0s need=2s
UE 20 TTT_WAIT target=4 elapsed=0s need=2s
UE 22 TTT_WAIT target=1 elapsed=0s need=2s
UE 23 TTT_WAIT target=3 elapsed=0s need=2s
UE 26 TTT_WAIT target=1 elapsed=0s need=2s
UE 28 TTT_WAIT target=7 elapsed=0s need=2s
UE 29 TTT_WAIT target=3 elapsed=0s need=2s
UE 31 TTT_WAIT target=1 elapsed=0s need=2s
UE 32 TTT_WAIT target=4 elapsed=0s need=2s
UE 34 TTT_WAIT target=5 elapsed=0s need=2s
LM HO UE=35 rnti=120 6->1 type=TN servingRsrp=-107.432 targetRsrp=-97.376 targetLoadReal=15/20 targetLoadEff=15/20
UE 38 TTT_WAIT target=1 elapsed=0s need=2s
UE 42 TTT_WAIT target=4 elapsed=0s need=2s
UE 43 TTT_WAIT target=1 elapsed=0s need=2s
UE 45 TTT_WAIT target=5 elapsed=0s need=2s
UE 46 TTT_WAIT target=6 elapsed=0s need=2s
UE 47 TTT_WAIT target=5 elapsed=0s need=2s
UE 48 TTT_WAIT target=4 elapsed=0s need=2s
UE 49 TTT_WAIT target=2 elapsed=0s need=2s
UE 50 TTT_WAIT target=3 elapsed=0s need=2s
UE 51 TTT_WAIT target=6 elapsed=0s need=2s
UE 52 TTT_WAIT target=4 elapsed=0s need=2s
UE 53 TTT_WAIT target=4 elapsed=0s need=2s
LM HO UE=54 rnti=54 5->1 type=TN servingRsrp=-100.649 targetRsrp=-90.7589 targetLoadReal=15/20 targetLoadEff=16/20
UE 56 TTT_WAIT target=2 elapsed=0s need=2s
UE 57 TTT_WAIT target=1 elapsed=0s need=2s
LM HO UE=58 rnti=107 3->1 type=TN servingRsrp=-104.539 targetRsrp=-99.0914 targetLoadReal=15/20 targetLoadEff=17/20
UE 59 TTT_WAIT target=1 elapsed=0s need=2s
LM HO UE=61 rnti=166 4->3 type=TN servingRsrp=-109.718 targetRsrp=-107.147 targetLoadReal=17/20 targetLoadEff=18/20
UE 62 TTT_WAIT target=5 elapsed=0s need=2s
UE 65 TTT_WAIT target=4 elapsed=0s need=2s
UE 68 TTT_WAIT target=3 elapsed=0s need=2s
LM HO_FAIL_LOW_RSRP UE=69 currCell=4 candCell=2 candRsrp=-115.053 < min=-110
LM HO_FAIL_LOW_RSRP UE=70 currCell=2 candCell=7 candRsrp=-114.547 < min=-110
UE 71 TTT_WAIT target=4 elapsed=0s need=2s
LM HO_FAIL_LOW_RSRP UE=75 currCell=1 candCell=5 candRsrp=-118.197 < min=-110
LM HO_FAIL_LOW_RSRP UE=78 currCell=1 candCell=6 candRsrp=-118.863 < min=-110
UE 79 TTT_WAIT target=6 elapsed=0s need=2s
UE 81 TTT_WAIT target=2 elapsed=0s need=2s
LM HO UE=83 rnti=123 3->4 type=TN servingRsrp=-112.551 targetRsrp=-106.467 targetLoadReal=14/20 targetLoadEff=14/20
UE 85 TTT_WAIT target=2 elapsed=0s need=2s
UE 86 TTT_WAIT target=7 elapsed=0s need=2s
LM HO_FAIL_LOW_RSRP UE=87 currCell=2 candCell=6 candRsrp=-115.187 < min=-110
TRACE HO_SUCCESS Time=52.6151 IMSI=57 TargetCell=1 Type=TN TargetRSRP=-108.217 ServingRSRP=-94.3349 BackhaulDlSnr=-999 BackhaulUlSnr=-999
TRACE HO_SUCCESS Time=52.6151 IMSI=53 TargetCell=1 Type=TN TargetRSRP=-118.038 ServingRSRP=-89.3358 BackhaulDlSnr=-999 BackhaulUlSnr=-999
TRACE HO_SUCCESS Time=52.6151 IMSI=34 TargetCell=1 Type=TN TargetRSRP=-81.6312 ServingRSRP=-85.9145 BackhaulDlSnr=-999 BackhaulUlSnr=-999
TRACE HO_SUCCESS Time=52.6151 IMSI=60 TargetCell=3 Type=TN TargetRSRP=-111.895 ServingRSRP=-84.8484 BackhaulDlSnr=-999 BackhaulUlSnr=-999
TRACE HO_SUCCESS Time=52.6151 IMSI=7 TargetCell=3 Type=TN TargetRSRP=-108.993 ServingRSRP=-106.905 BackhaulDlSnr=-999 BackhaulUlSnr=-999
TRACE HO_SUCCESS Time=52.6151 IMSI=82 TargetCell=4 Type=TN TargetRSRP=-89.4296 ServingRSRP=-106.176 BackhaulDlSnr=-999 BackhaulUlSnr=-999
UAV_AUTONOMY_XAPP Time=54.5 DeploymentMode=tn-uav UavIndex=0 UavCellId=5 BestDonorCellId=1 BestDonorDistanceM=143.511 XhaulConnected=1 XhaulChannelVariationDb=0 RawXhaulState=HEALTHY RawXhaulStateAgeSec=50 XhaulState=HEALTHY DonorUnavailableActive=0 SatBackhaulHealthy=0 UavSwitchingXappAvailable=0 UavSwitchingXappState=DISABLED AiPredictedBackhaulMode=RULE_BASED BackhaulMode=TN_DIRECT RicControlState=TN_E2 ActiveUavRic=LOCAL_UAV_AUTONOMY NormalUeHandoverAllowed=1 UavMode=TN_CONTROLLED_COVERAGE_EXTENSION
UAV_AUTONOMY_XAPP Time=54.5 DeploymentMode=tn-uav UavIndex=1 UavCellId=6 BestDonorCellId=1 BestDonorDistanceM=110.88 XhaulConnected=1 XhaulChannelVariationDb=0 RawXhaulState=HEALTHY RawXhaulStateAgeSec=50 XhaulState=HEALTHY DonorUnavailableActive=0 SatBackhaulHealthy=0 UavSwitchingXappAvailable=0 UavSwitchingXappState=DISABLED AiPredictedBackhaulMode=RULE_BASED BackhaulMode=TN_DIRECT RicControlState=TN_E2 ActiveUavRic=LOCAL_UAV_AUTONOMY NormalUeHandoverAllowed=1 UavMode=TN_CONTROLLED_COVERAGE_EXTENSION
UAV_AUTONOMY_XAPP Time=54.5 DeploymentMode=tn-uav UavIndex=2 UavCellId=7 BestDonorCellId=1 BestDonorDistanceM=133.08 XhaulConnected=1 XhaulChannelVariationDb=0 RawXhaulState=HEALTHY RawXhaulStateAgeSec=50 XhaulState=HEALTHY DonorUnavailableActive=0 SatBackhaulHealthy=0 UavSwitchingXappAvailable=0 UavSwitchingXappState=DISABLED AiPredictedBackhaulMode=RULE_BASED BackhaulMode=TN_DIRECT RicControlState=TN_E2 ActiveUavRic=LOCAL_UAV_AUTONOMY NormalUeHandoverAllowed=1 UavMode=TN_CONTROLLED_COVERAGE_EXTENSION
---- LOAD at t=54.5 ----
  cell 1 (TN) load=18/20
  cell 2 (TN) load=18/20
  cell 3 (TN) load=17/20
  cell 4 (TN) load=13/20
  cell 5 (NTN) load=4/15
  cell 6 (NTN) load=6/15
  cell 7 (NTN) load=4/15
UE 8 TTT_WAIT target=4 elapsed=0s need=2s
UE 10 TTT_WAIT target=1 elapsed=0s need=2s
UE 12 TTT_WAIT target=5 elapsed=0s need=2s
UE 13 TTT_WAIT target=1 elapsed=0s need=2s
UE 14 TTT_WAIT target=6 elapsed=0s need=2s
LM HO UE=15 rnti=140 1->3 type=TN servingRsrp=-102.838 targetRsrp=-74.2335 targetLoadReal=17/20 targetLoadEff=17/20
UE 16 TTT_WAIT target=7 elapsed=0s need=2s
UE 18 TTT_WAIT target=1 elapsed=0s need=2s
UE 20 TTT_WAIT target=2 elapsed=0s need=2s
LM HO UE=22 rnti=118 2->1 type=TN servingRsrp=-107.861 targetRsrp=-85.9015 targetLoadReal=18/20 targetLoadEff=18/20
UE 23 TTT_WAIT target=6 elapsed=0s need=2s
LM HO_FAIL_LOW_RSRP UE=24 currCell=4 candCell=6 candRsrp=-117.164 < min=-110
LM HO UE=26 rnti=119 2->1 type=TN servingRsrp=-101.5 targetRsrp=-96.6623 targetLoadReal=18/20 targetLoadEff=19/20
UE 27 TTT_WAIT target=5 elapsed=0s need=2s
LM HO UE=29 rnti=167 4->3 type=TN servingRsrp=-108.227 targetRsrp=-105.175 targetLoadReal=17/20 targetLoadEff=18/20
UE 33 TTT_WAIT target=4 elapsed=0s need=2s
LM HO_FAIL_LOW_RSRP UE=34 currCell=2 candCell=7 candRsrp=-110.243 < min=-110
UE 35 TTT_WAIT target=2 elapsed=0s need=2s
UE 39 TTT_WAIT target=4 elapsed=0s need=2s
UE 42 TTT_WAIT target=5 elapsed=0s need=2s
UE 43 TTT_WAIT target=4 elapsed=0s need=2s
UE 45 TTT_WAIT target=4 elapsed=0s need=2s
UE 47 TTT_WAIT target=3 elapsed=0s need=2s
UE 50 TTT_WAIT target=6 elapsed=0s need=2s
UE 51 TTT_WAIT target=3 elapsed=0s need=2s
UE 54 TTT_WAIT target=5 elapsed=0s need=2s
UE 57 TTT_WAIT target=2 elapsed=0s need=2s
UE 59 TTT_WAIT target=4 elapsed=0s need=2s
UE 61 TTT_WAIT target=4 elapsed=0s need=2s
UE 62 TTT_WAIT target=2 elapsed=0s need=2s
UE 64 TTT_WAIT target=3 elapsed=0s need=2s
LM HO UE=65 rnti=108 3->4 type=TN servingRsrp=-102.39 targetRsrp=-90.2526 targetLoadReal=13/20 targetLoadEff=13/20
UE 66 TTT_WAIT target=4 elapsed=0s need=2s
UE 67 TTT_WAIT target=5 elapsed=0s need=2s
LM HO_FAIL_LOW_RSRP UE=68 currCell=2 candCell=3 candRsrp=-115.067 < min=-110
UE 69 TTT_WAIT target=2 elapsed=0s need=2s
LM HO_FAIL_LOW_RSRP UE=70 currCell=2 candCell=5 candRsrp=-114.998 < min=-110
LM HO_FAIL_LOW_RSRP UE=71 currCell=2 candCell=3 candRsrp=-111.683 < min=-110
UE 72 TTT_WAIT target=5 elapsed=0s need=2s
LM HO_FAIL_LOW_RSRP UE=73 currCell=7 candCell=6 candRsrp=-112.377 < min=-110
LM HO_FAIL_LOW_RSRP UE=74 currCell=4 candCell=3 candRsrp=-110.431 < min=-110
UE 75 TTT_WAIT target=3 elapsed=0s need=2s
LM HO_FAIL_LOW_RSRP UE=78 currCell=1 candCell=6 candRsrp=-116.938 < min=-110
UE 79 TTT_WAIT target=2 elapsed=0s need=2s
LM HO_FAIL_LOW_RSRP UE=80 currCell=3 candCell=6 candRsrp=-116.627 < min=-110
UE 82 TTT_WAIT target=4 elapsed=0s need=2s
UE 84 TTT_WAIT target=2 elapsed=0s need=2s
UE 85 TTT_WAIT target=5 elapsed=0s need=2s
LM HO_FAIL_LOW_RSRP UE=86 currCell=3 candCell=6 candRsrp=-116.972 < min=-110
UE 87 TTT_WAIT target=4 elapsed=0s need=2s
TRACE HO_SUCCESS Time=54.6151 IMSI=25 TargetCell=1 Type=TN TargetRSRP=-95.9972 ServingRSRP=-101.739 BackhaulDlSnr=-999 BackhaulUlSnr=-999
TRACE HO_SUCCESS Time=54.6151 IMSI=21 TargetCell=1 Type=TN TargetRSRP=-107.072 ServingRSRP=-86.7497 BackhaulDlSnr=-999 BackhaulUlSnr=-999
TRACE HO_SUCCESS Time=54.6151 IMSI=14 TargetCell=3 Type=TN TargetRSRP=-106.714 ServingRSRP=-97.0692 BackhaulDlSnr=-999 BackhaulUlSnr=-999
TRACE HO_SUCCESS Time=54.6151 IMSI=28 TargetCell=3 Type=TN TargetRSRP=-108.556 ServingRSRP=-108.593 BackhaulDlSnr=-999 BackhaulUlSnr=-999
TRACE HO_SUCCESS Time=54.6151 IMSI=64 TargetCell=4 Type=TN TargetRSRP=-104.147 ServingRSRP=-95.0448 BackhaulDlSnr=-999 BackhaulUlSnr=-999
UAV_AUTONOMY_XAPP Time=56.5 DeploymentMode=tn-uav UavIndex=0 UavCellId=5 BestDonorCellId=1 BestDonorDistanceM=143.511 XhaulConnected=1 XhaulChannelVariationDb=0 RawXhaulState=HEALTHY RawXhaulStateAgeSec=52 XhaulState=HEALTHY DonorUnavailableActive=0 SatBackhaulHealthy=0 UavSwitchingXappAvailable=0 UavSwitchingXappState=DISABLED AiPredictedBackhaulMode=RULE_BASED BackhaulMode=TN_DIRECT RicControlState=TN_E2 ActiveUavRic=LOCAL_UAV_AUTONOMY NormalUeHandoverAllowed=1 UavMode=TN_CONTROLLED_COVERAGE_EXTENSION
UAV_AUTONOMY_XAPP Time=56.5 DeploymentMode=tn-uav UavIndex=1 UavCellId=6 BestDonorCellId=1 BestDonorDistanceM=110.88 XhaulConnected=1 XhaulChannelVariationDb=0 RawXhaulState=HEALTHY RawXhaulStateAgeSec=52 XhaulState=HEALTHY DonorUnavailableActive=0 SatBackhaulHealthy=0 UavSwitchingXappAvailable=0 UavSwitchingXappState=DISABLED AiPredictedBackhaulMode=RULE_BASED BackhaulMode=TN_DIRECT RicControlState=TN_E2 ActiveUavRic=LOCAL_UAV_AUTONOMY NormalUeHandoverAllowed=1 UavMode=TN_CONTROLLED_COVERAGE_EXTENSION
UAV_AUTONOMY_XAPP Time=56.5 DeploymentMode=tn-uav UavIndex=2 UavCellId=7 BestDonorCellId=1 BestDonorDistanceM=133.08 XhaulConnected=1 XhaulChannelVariationDb=0 RawXhaulState=HEALTHY RawXhaulStateAgeSec=52 XhaulState=HEALTHY DonorUnavailableActive=0 SatBackhaulHealthy=0 UavSwitchingXappAvailable=0 UavSwitchingXappState=DISABLED AiPredictedBackhaulMode=RULE_BASED BackhaulMode=TN_DIRECT RicControlState=TN_E2 ActiveUavRic=LOCAL_UAV_AUTONOMY NormalUeHandoverAllowed=1 UavMode=TN_CONTROLLED_COVERAGE_EXTENSION
---- LOAD at t=56.5 ----
  cell 1 (TN) load=19/20
  cell 2 (TN) load=16/20
  cell 3 (TN) load=18/20
  cell 4 (TN) load=13/20
  cell 5 (NTN) load=4/15
  cell 6 (NTN) load=6/15
  cell 7 (NTN) load=4/15
UE 9 TTT_WAIT target=2 elapsed=0s need=2s
UE 10 TTT_WAIT target=2 elapsed=0s need=2s
UE 11 TTT_WAIT target=2 elapsed=0s need=2s
UE 13 TTT_WAIT target=4 elapsed=0s need=2s
UE 15 TTT_WAIT target=1 elapsed=0s need=2s
UE 16 TTT_WAIT target=3 elapsed=0s need=2s
UE 19 TTT_WAIT target=4 elapsed=0s need=2s
LM HO UE=20 rnti=137 1->2 type=TN servingRsrp=-112.971 targetRsrp=-99.488 targetLoadReal=16/20 targetLoadEff=16/20
UE 21 TTT_WAIT target=5 elapsed=0s need=2s
UE 22 TTT_WAIT target=2 elapsed=0s need=2s
UE 23 TTT_WAIT target=3 elapsed=0s need=2s
LM HO_FAIL_LOW_RSRP UE=24 currCell=4 candCell=3 candRsrp=-112.253 < min=-110
UE 26 TTT_WAIT target=2 elapsed=0s need=2s
UE 27 TTT_WAIT target=2 elapsed=0s need=2s
UE 31 TTT_WAIT target=1 elapsed=0s need=2s
UE 32 TTT_WAIT target=1 elapsed=0s need=2s
UE 35 TTT_WAIT target=6 elapsed=0s need=2s
UE 37 TTT_WAIT target=3 elapsed=0s need=2s
UE 38 TTT_WAIT target=6 elapsed=0s need=2s
UE 41 TTT_WAIT target=2 elapsed=0s need=2s
UE 43 TTT_WAIT target=2 elapsed=0s need=2s
UE 45 TTT_WAIT target=2 elapsed=0s need=2s
UE 46 TTT_WAIT target=1 elapsed=0s need=2s
UE 48 TTT_WAIT target=7 elapsed=0s need=2s
UE 50 TTT_WAIT target=1 elapsed=0s need=2s
UE 51 TTT_WAIT target=5 elapsed=0s need=2s
UE 53 TTT_WAIT target=4 elapsed=0s need=2s
UE 54 TTT_WAIT target=7 elapsed=0s need=2s
UE 56 TTT_WAIT target=2 elapsed=0s need=2s
UE 58 TTT_WAIT target=4 elapsed=0s need=2s
UE 62 TTT_WAIT target=4 elapsed=0s need=2s
UE 66 TTT_WAIT target=1 elapsed=0s need=2s
UE 67 TTT_WAIT target=4 elapsed=0s need=2s
LM HO_FAIL_LOW_RSRP UE=68 currCell=2 candCell=3 candRsrp=-112.688 < min=-110
UE 69 TTT_WAIT target=3 elapsed=0s need=2s
UE 70 TTT_WAIT target=5 elapsed=0s need=2s
UE 71 TTT_WAIT target=1 elapsed=0s need=2s
UE 73 TTT_WAIT target=1 elapsed=0s need=2s
UE 74 TTT_WAIT target=2 elapsed=0s need=2s
UE 76 TTT_WAIT target=7 elapsed=0s need=2s
LM HO UE=79 rnti=121 3->2 type=TN servingRsrp=-120.822 targetRsrp=-101.022 targetLoadReal=16/20 targetLoadEff=17/20
UE 80 TTT_WAIT target=1 elapsed=0s need=2s
LM HO UE=82 rnti=53 5->4 type=TN servingRsrp=-117.437 targetRsrp=-85.6353 targetLoadReal=13/20 targetLoadEff=13/20
UE 85 TTT_WAIT target=2 elapsed=0s need=2s
UE 86 TTT_WAIT target=5 elapsed=0s need=2s
LM HO_FAIL_LOW_RSRP UE=87 currCell=2 candCell=6 candRsrp=-120.439 < min=-110
TRACE HO_SUCCESS Time=56.6151 IMSI=19 TargetCell=2 Type=TN TargetRSRP=-114.144 ServingRSRP=-114.274 BackhaulDlSnr=-999 BackhaulUlSnr=-999
TRACE HO_SUCCESS Time=56.6151 IMSI=78 TargetCell=2 Type=TN TargetRSRP=-116.834 ServingRSRP=-117.706 BackhaulDlSnr=-999 BackhaulUlSnr=-999
TRACE HO_SUCCESS Time=56.6151 IMSI=81 TargetCell=4 Type=TN TargetRSRP=-118.532 ServingRSRP=-111.571 BackhaulDlSnr=-999 BackhaulUlSnr=-999
UAV_AUTONOMY_XAPP Time=58.5 DeploymentMode=tn-uav UavIndex=0 UavCellId=5 BestDonorCellId=1 BestDonorDistanceM=143.511 XhaulConnected=1 XhaulChannelVariationDb=0 RawXhaulState=HEALTHY RawXhaulStateAgeSec=54 XhaulState=HEALTHY DonorUnavailableActive=0 SatBackhaulHealthy=0 UavSwitchingXappAvailable=0 UavSwitchingXappState=DISABLED AiPredictedBackhaulMode=RULE_BASED BackhaulMode=TN_DIRECT RicControlState=TN_E2 ActiveUavRic=LOCAL_UAV_AUTONOMY NormalUeHandoverAllowed=1 UavMode=TN_CONTROLLED_COVERAGE_EXTENSION
UAV_AUTONOMY_XAPP Time=58.5 DeploymentMode=tn-uav UavIndex=1 UavCellId=6 BestDonorCellId=1 BestDonorDistanceM=110.88 XhaulConnected=1 XhaulChannelVariationDb=0 RawXhaulState=HEALTHY RawXhaulStateAgeSec=54 XhaulState=HEALTHY DonorUnavailableActive=0 SatBackhaulHealthy=0 UavSwitchingXappAvailable=0 UavSwitchingXappState=DISABLED AiPredictedBackhaulMode=RULE_BASED BackhaulMode=TN_DIRECT RicControlState=TN_E2 ActiveUavRic=LOCAL_UAV_AUTONOMY NormalUeHandoverAllowed=1 UavMode=TN_CONTROLLED_COVERAGE_EXTENSION
UAV_AUTONOMY_XAPP Time=58.5 DeploymentMode=tn-uav UavIndex=2 UavCellId=7 BestDonorCellId=1 BestDonorDistanceM=133.08 XhaulConnected=1 XhaulChannelVariationDb=0 RawXhaulState=HEALTHY RawXhaulStateAgeSec=54 XhaulState=HEALTHY DonorUnavailableActive=0 SatBackhaulHealthy=0 UavSwitchingXappAvailable=0 UavSwitchingXappState=DISABLED AiPredictedBackhaulMode=RULE_BASED BackhaulMode=TN_DIRECT RicControlState=TN_E2 ActiveUavRic=LOCAL_UAV_AUTONOMY NormalUeHandoverAllowed=1 UavMode=TN_CONTROLLED_COVERAGE_EXTENSION
---- LOAD at t=58.5 ----
  cell 1 (TN) load=18/20
  cell 2 (TN) load=18/20
  cell 3 (TN) load=17/20
  cell 4 (TN) load=14/20
  cell 5 (NTN) load=3/15
  cell 6 (NTN) load=6/15
  cell 7 (NTN) load=4/15
UE 8 TTT_WAIT target=4 elapsed=0s need=2s
LM HO UE=9 rnti=64 1->2 type=TN servingRsrp=-103.918 targetRsrp=-81.053 targetLoadReal=18/20 targetLoadEff=18/20
UE 10 TTT_WAIT target=3 elapsed=0s need=2s
UE 11 TTT_WAIT target=6 elapsed=0s need=2s
UE 12 TTT_WAIT target=1 elapsed=0s need=2s
UE 13 TTT_WAIT target=7 elapsed=0s need=2s
UE 14 TTT_WAIT target=1 elapsed=0s need=2s
LM HO UE=15 rnti=130 3->1 type=TN servingRsrp=-106.032 targetRsrp=-101.835 targetLoadReal=18/20 targetLoadEff=18/20
UE 16 TTT_WAIT target=7 elapsed=0s need=2s
UE 18 TTT_WAIT target=3 elapsed=0s need=2s
LM HO UE=19 rnti=116 3->4 type=TN servingRsrp=-91.1884 targetRsrp=-72.7644 targetLoadReal=14/20 targetLoadEff=14/20
UE 20 TTT_WAIT target=1 elapsed=0s need=2s
LM HO UE=22 rnti=145 1->2 type=TN servingRsrp=-101.577 targetRsrp=-85.0483 targetLoadReal=18/20 targetLoadEff=19/20
UE 23 TTT_WAIT target=7 elapsed=0s need=2s
UE 25 TTT_WAIT target=4 elapsed=0s need=2s
UE 27 TTT_WAIT target=5 elapsed=0s need=2s
UE 29 TTT_WAIT target=4 elapsed=0s need=2s
LM HO UE=31 rnti=67 6->1 type=TN servingRsrp=-108.456 targetRsrp=-82.0067 targetLoadReal=18/20 targetLoadEff=19/20
UE 32 TTT_WAIT target=7 elapsed=0s need=2s
UE 33 TTT_WAIT target=6 elapsed=0s need=2s
UE 34 TTT_WAIT target=6 elapsed=0s need=2s
UE 35 TTT_WAIT target=4 elapsed=0s need=2s
UE 36 TTT_WAIT target=5 elapsed=0s need=2s
UE 37 TTT_WAIT target=4 elapsed=0s need=2s
UE 38 TTT_WAIT target=4 elapsed=0s need=2s
UE 43 TTT_WAIT target=7 elapsed=0s need=2s
UE 45 TTT_WAIT target=7 elapsed=0s need=2s
UE 47 TTT_WAIT target=5 elapsed=0s need=2s
UE 49 TTT_WAIT target=7 elapsed=0s need=2s
LM HO UE=51 rnti=136 1->5 type=NTN servingRsrp=-99.5447 targetRsrp=-87.6515 targetLoadReal=3/15 targetLoadEff=3/15
UE 54 TTT_WAIT target=4 elapsed=0s need=2s
UE 56 TTT_WAIT target=6 elapsed=0s need=2s
UE 57 TTT_WAIT target=7 elapsed=0s need=2s
LM HO UE=58 rnti=144 1->4 type=TN servingRsrp=-108.139 targetRsrp=-77.3695 targetLoadReal=14/20 targetLoadEff=15/20
UE 59 TTT_WAIT target=7 elapsed=0s need=2s
UE 60 TTT_WAIT target=5 elapsed=0s need=2s
UE 61 TTT_WAIT target=4 elapsed=0s need=2s
LM HO UE=62 rnti=134 1->4 type=TN servingRsrp=-108.231 targetRsrp=-76.9575 targetLoadReal=14/20 targetLoadEff=16/20
UE 64 TTT_WAIT target=4 elapsed=0s need=2s
UE 66 TTT_WAIT target=4 elapsed=0s need=2s
LM HO_FAIL_LOW_RSRP UE=67 currCell=2 candCell=5 candRsrp=-112.696 < min=-110
LM HO_FAIL_LOW_RSRP UE=68 currCell=2 candCell=3 candRsrp=-114.537 < min=-110
LM HO_FAIL_LOW_RSRP UE=69 currCell=4 candCell=3 candRsrp=-116.07 < min=-110
UE 70 TTT_WAIT target=3 elapsed=0s need=2s
LM HO_FAIL_LOW_RSRP UE=71 currCell=2 candCell=3 candRsrp=-114.59 < min=-110
UE 72 TTT_WAIT target=6 elapsed=0s need=2s
UE 73 TTT_WAIT target=3 elapsed=0s need=2s
LM HO_FAIL_LOW_RSRP UE=74 currCell=4 candCell=6 candRsrp=-119.568 < min=-110
LM HO_FAIL_LOW_RSRP UE=75 currCell=1 candCell=6 candRsrp=-112.407 < min=-110
LM HO_FAIL_LOW_RSRP UE=79 currCell=2 candCell=7 candRsrp=-115.758 < min=-110
UE 80 TTT_WAIT target=7 elapsed=0s need=2s
UE 82 TTT_WAIT target=5 elapsed=0s need=2s
UE 83 TTT_WAIT target=3 elapsed=0s need=2s
LM HO_FAIL_LOW_RSRP UE=85 currCell=4 candCell=5 candRsrp=-113.324 < min=-110
LM HO_FAIL_LOW_RSRP UE=86 currCell=3 candCell=4 candRsrp=-114.982 < min=-110
LM HO_FAIL_LOW_RSRP UE=87 currCell=2 candCell=5 candRsrp=-118.32 < min=-110
TRACE HO_SUCCESS Time=58.6151 IMSI=14 TargetCell=1 Type=TN TargetRSRP=-104.741 ServingRSRP=-102.794 BackhaulDlSnr=-999 BackhaulUlSnr=-999
TRACE HO_SUCCESS Time=58.6151 IMSI=30 TargetCell=1 Type=TN TargetRSRP=-108.66 ServingRSRP=-96.6304 BackhaulDlSnr=-999 BackhaulUlSnr=-999
TRACE HO_SUCCESS Time=58.6151 IMSI=8 TargetCell=2 Type=TN TargetRSRP=-106.914 ServingRSRP=-110.108 BackhaulDlSnr=-999 BackhaulUlSnr=-999
TRACE HO_SUCCESS Time=58.6151 IMSI=21 TargetCell=2 Type=TN TargetRSRP=-104.476 ServingRSRP=-72.6471 BackhaulDlSnr=-999 BackhaulUlSnr=-999
TRACE HO_SUCCESS Time=58.6151 IMSI=61 TargetCell=4 Type=TN TargetRSRP=-102.829 ServingRSRP=-103.104 BackhaulDlSnr=-999 BackhaulUlSnr=-999
TRACE HO_SUCCESS Time=58.6151 IMSI=57 TargetCell=4 Type=TN TargetRSRP=-102.287 ServingRSRP=-83.6215 BackhaulDlSnr=-999 BackhaulUlSnr=-999
TRACE HO_SUCCESS Time=58.6151 IMSI=18 TargetCell=4 Type=TN TargetRSRP=-104.282 ServingRSRP=-80.246 BackhaulDlSnr=-999 BackhaulUlSnr=-999
TRACE HO_SUCCESS Time=58.6151 IMSI=50 TargetCell=5 Type=NTN TargetRSRP=-93.332 ServingRSRP=-91.2733 BackhaulDlSnr=-999 BackhaulUlSnr=-999
UAV_AUTONOMY_XAPP Time=60.5 DeploymentMode=tn-uav UavIndex=0 UavCellId=5 BestDonorCellId=1 BestDonorDistanceM=143.511 XhaulConnected=1 XhaulChannelVariationDb=0 RawXhaulState=HEALTHY RawXhaulStateAgeSec=56 XhaulState=HEALTHY DonorUnavailableActive=0 SatBackhaulHealthy=0 UavSwitchingXappAvailable=0 UavSwitchingXappState=DISABLED AiPredictedBackhaulMode=RULE_BASED BackhaulMode=TN_DIRECT RicControlState=TN_E2 ActiveUavRic=LOCAL_UAV_AUTONOMY NormalUeHandoverAllowed=1 UavMode=TN_CONTROLLED_COVERAGE_EXTENSION
UAV_AUTONOMY_XAPP Time=60.5 DeploymentMode=tn-uav UavIndex=1 UavCellId=6 BestDonorCellId=1 BestDonorDistanceM=110.88 XhaulConnected=1 XhaulChannelVariationDb=0 RawXhaulState=HEALTHY RawXhaulStateAgeSec=56 XhaulState=HEALTHY DonorUnavailableActive=0 SatBackhaulHealthy=0 UavSwitchingXappAvailable=0 UavSwitchingXappState=DISABLED AiPredictedBackhaulMode=RULE_BASED BackhaulMode=TN_DIRECT RicControlState=TN_E2 ActiveUavRic=LOCAL_UAV_AUTONOMY NormalUeHandoverAllowed=1 UavMode=TN_CONTROLLED_COVERAGE_EXTENSION
UAV_AUTONOMY_XAPP Time=60.5 DeploymentMode=tn-uav UavIndex=2 UavCellId=7 BestDonorCellId=1 BestDonorDistanceM=133.08 XhaulConnected=1 XhaulChannelVariationDb=0 RawXhaulState=HEALTHY RawXhaulStateAgeSec=56 XhaulState=HEALTHY DonorUnavailableActive=0 SatBackhaulHealthy=0 UavSwitchingXappAvailable=0 UavSwitchingXappState=DISABLED AiPredictedBackhaulMode=RULE_BASED BackhaulMode=TN_DIRECT RicControlState=TN_E2 ActiveUavRic=LOCAL_UAV_AUTONOMY NormalUeHandoverAllowed=1 UavMode=TN_CONTROLLED_COVERAGE_EXTENSION
---- LOAD at t=60.5 ----
  cell 1 (TN) load=15/20
  cell 2 (TN) load=20/20
  cell 3 (TN) load=15/20
  cell 4 (TN) load=17/20
  cell 5 (NTN) load=4/15
  cell 6 (NTN) load=5/15
  cell 7 (NTN) load=4/15
LM HO UE=8 rnti=128 3->4 type=TN servingRsrp=-111.531 targetRsrp=-104.141 targetLoadReal=17/20 targetLoadEff=17/20
UE 9 TTT_WAIT target=1 elapsed=0s need=2s
UE 11 TTT_WAIT target=7 elapsed=0s need=2s
UE 13 TTT_WAIT target=4 elapsed=0s need=2s
UE 15 TTT_WAIT target=4 elapsed=0s need=2s
UE 16 TTT_WAIT target=3 elapsed=0s need=2s
UE 19 TTT_WAIT target=3 elapsed=0s need=2s
UE 20 TTT_WAIT target=6 elapsed=0s need=2s
UE 22 TTT_WAIT target=1 elapsed=0s need=2s
UE 23 TTT_WAIT target=4 elapsed=0s need=2s
UE 25 TTT_WAIT target=3 elapsed=0s need=2s
UE 27 TTT_WAIT target=4 elapsed=0s need=2s
UE 28 TTT_WAIT target=7 elapsed=0s need=2s
LM HO UE=29 rnti=131 3->4 type=TN servingRsrp=-112.166 targetRsrp=-109.235 targetLoadReal=17/20 targetLoadEff=18/20
UE 31 TTT_WAIT target=5 elapsed=0s need=2s
UE 32 TTT_WAIT target=1 elapsed=0s need=2s
UE 33 TTT_WAIT target=4 elapsed=0s need=2s
UE 35 TTT_WAIT target=7 elapsed=0s need=2s
LM HO UE=37 rnti=102 2->4 type=TN servingRsrp=-90.7726 targetRsrp=-78.0806 targetLoadReal=17/20 targetLoadEff=19/20
UE 38 TTT_WAIT target=7 elapsed=0s need=2s
UE 39 TTT_WAIT target=1 elapsed=0s need=2s
UE 40 TTT_WAIT target=6 elapsed=0s need=2s
UE 42 TTT_WAIT target=3 elapsed=0s need=2s
UE 43 TTT_WAIT target=1 elapsed=0s need=2s
UE 45 TTT_WAIT target=5 elapsed=0s need=2s
UE 48 TTT_WAIT target=6 elapsed=0s need=2s
LM HO_FAIL_LOW_RSRP UE=49 currCell=4 candCell=7 candRsrp=-111.993 < min=-110
UE 51 TTT_WAIT target=1 elapsed=0s need=2s
UE 52 TTT_WAIT target=7 elapsed=0s need=2s
UE 53 TTT_WAIT target=1 elapsed=0s need=2s
UE 54 TTT_WAIT target=5 elapsed=0s need=2s
UE 55 TTT_WAIT target=7 elapsed=0s need=2s
UE 56 TTT_WAIT target=3 elapsed=0s need=2s
UE 57 TTT_WAIT target=1 elapsed=0s need=2s
UE 60 TTT_WAIT target=1 elapsed=0s need=2s
UE 62 TTT_WAIT target=5 elapsed=0s need=2s
UE 63 TTT_WAIT target=3 elapsed=0s need=2s
UE 64 TTT_WAIT target=3 elapsed=0s need=2s
UE 65 TTT_WAIT target=3 elapsed=0s need=2s
UE 66 TTT_WAIT target=7 elapsed=0s need=2s
UE 67 TTT_WAIT target=6 elapsed=0s need=2s
LM HO_FAIL_LOW_RSRP UE=68 currCell=2 candCell=3 candRsrp=-113.193 < min=-110
LM HO_FAIL_LOW_RSRP UE=69 currCell=4 candCell=1 candRsrp=-114.393 < min=-110
LM HO_FAIL_LOW_RSRP UE=71 currCell=2 candCell=3 candRsrp=-110.208 < min=-110
UE 72 TTT_WAIT target=1 elapsed=0s need=2s
LM HO_FAIL_LOW_RSRP UE=73 currCell=7 candCell=5 candRsrp=-114.678 < min=-110
LM HO_FAIL_LOW_RSRP UE=75 currCell=1 candCell=3 candRsrp=-116.255 < min=-110
LM HO_FAIL_LOW_RSRP UE=78 currCell=1 candCell=5 candRsrp=-116.442 < min=-110
LM HO_FAIL_LOW_RSRP UE=79 currCell=2 candCell=1 candRsrp=-117.217 < min=-110
LM HO UE=80 rnti=106 3->7 type=NTN servingRsrp=-108.864 targetRsrp=-93.0232 targetLoadReal=4/15 targetLoadEff=4/15
LM HO_FAIL_LOW_RSRP UE=81 currCell=7 candCell=6 candRsrp=-115.847 < min=-110
LM HO_FAIL_LOW_RSRP UE=82 currCell=4 candCell=1 candRsrp=-112.184 < min=-110
LM HO UE=83 rnti=168 4->3 type=TN servingRsrp=-113.39 targetRsrp=-83.0474 targetLoadReal=15/20 targetLoadEff=15/20
UE 85 TTT_WAIT target=3 elapsed=0s need=2s
LM HO_FAIL_LOW_RSRP UE=86 currCell=3 candCell=5 candRsrp=-117.605 < min=-110
UE 87 TTT_WAIT target=7 elapsed=0s need=2s
TRACE HO_SUCCESS Time=60.6151 IMSI=82 TargetCell=3 Type=TN TargetRSRP=-108.367 ServingRSRP=-112.989 BackhaulDlSnr=-999 BackhaulUlSnr=-999
TRACE HO_SUCCESS Time=60.6151 IMSI=36 TargetCell=4 Type=TN TargetRSRP=-99.4026 ServingRSRP=-72.8843 BackhaulDlSnr=-999 BackhaulUlSnr=-999
TRACE HO_SUCCESS Time=60.6151 IMSI=7 TargetCell=4 Type=TN TargetRSRP=-107.782 ServingRSRP=-109.783 BackhaulDlSnr=-999 BackhaulUlSnr=-999
TRACE HO_SUCCESS Time=60.6151 IMSI=28 TargetCell=4 Type=TN TargetRSRP=-113.962 ServingRSRP=-98.1847 BackhaulDlSnr=-999 BackhaulUlSnr=-999
TRACE HO_SUCCESS Time=60.6151 IMSI=79 TargetCell=7 Type=NTN TargetRSRP=-120.985 ServingRSRP=-113.532 BackhaulDlSnr=-999 BackhaulUlSnr=-999
UAV_AUTONOMY_XAPP Time=62.5 DeploymentMode=tn-uav UavIndex=0 UavCellId=5 BestDonorCellId=1 BestDonorDistanceM=143.511 XhaulConnected=1 XhaulChannelVariationDb=0 RawXhaulState=HEALTHY RawXhaulStateAgeSec=58 XhaulState=HEALTHY DonorUnavailableActive=0 SatBackhaulHealthy=0 UavSwitchingXappAvailable=0 UavSwitchingXappState=DISABLED AiPredictedBackhaulMode=RULE_BASED BackhaulMode=TN_DIRECT RicControlState=TN_E2 ActiveUavRic=LOCAL_UAV_AUTONOMY NormalUeHandoverAllowed=1 UavMode=TN_CONTROLLED_COVERAGE_EXTENSION
UAV_AUTONOMY_XAPP Time=62.5 DeploymentMode=tn-uav UavIndex=1 UavCellId=6 BestDonorCellId=1 BestDonorDistanceM=110.88 XhaulConnected=1 XhaulChannelVariationDb=0 RawXhaulState=HEALTHY RawXhaulStateAgeSec=58 XhaulState=HEALTHY DonorUnavailableActive=0 SatBackhaulHealthy=0 UavSwitchingXappAvailable=0 UavSwitchingXappState=DISABLED AiPredictedBackhaulMode=RULE_BASED BackhaulMode=TN_DIRECT RicControlState=TN_E2 ActiveUavRic=LOCAL_UAV_AUTONOMY NormalUeHandoverAllowed=1 UavMode=TN_CONTROLLED_COVERAGE_EXTENSION
UAV_AUTONOMY_XAPP Time=62.5 DeploymentMode=tn-uav UavIndex=2 UavCellId=7 BestDonorCellId=1 BestDonorDistanceM=133.08 XhaulConnected=1 XhaulChannelVariationDb=0 RawXhaulState=HEALTHY RawXhaulStateAgeSec=58 XhaulState=HEALTHY DonorUnavailableActive=0 SatBackhaulHealthy=0 UavSwitchingXappAvailable=0 UavSwitchingXappState=DISABLED AiPredictedBackhaulMode=RULE_BASED BackhaulMode=TN_DIRECT RicControlState=TN_E2 ActiveUavRic=LOCAL_UAV_AUTONOMY NormalUeHandoverAllowed=1 UavMode=TN_CONTROLLED_COVERAGE_EXTENSION
---- LOAD at t=62.5 ----
  cell 1 (TN) load=15/20
  cell 2 (TN) load=19/20
  cell 3 (TN) load=13/20
  cell 4 (TN) load=19/20
  cell 5 (NTN) load=4/15
  cell 6 (NTN) load=5/15
  cell 7 (NTN) load=5/15
LM HO UE=9 rnti=122 2->1 type=TN servingRsrp=-106.128 targetRsrp=-78.0756 targetLoadReal=15/20 targetLoadEff=15/20
UE 10 TTT_WAIT target=4 elapsed=0s need=2s
UE 11 TTT_WAIT target=2 elapsed=0s need=2s
UE 13 TTT_WAIT target=7 elapsed=0s need=2s
UE 18 TTT_WAIT target=1 elapsed=0s need=2s
LM HO_FAIL_LOW_RSRP UE=20 currCell=2 candCell=7 candRsrp=-118.265 < min=-110
UE 22 TTT_WAIT target=3 elapsed=0s need=2s
LM HO_FAIL_LOW_RSRP UE=24 currCell=4 candCell=6 candRsrp=-116.836 < min=-110
UE 26 TTT_WAIT target=2 elapsed=0s need=2s
UE 27 TTT_WAIT target=5 elapsed=0s need=2s
UE 29 TTT_WAIT target=3 elapsed=0s need=2s
LM HO_FAIL_LOW_RSRP UE=31 currCell=1 candCell=4 candRsrp=-111.019 < min=-110
UE 32 TTT_WAIT target=6 elapsed=0s need=2s
UE 33 TTT_WAIT target=7 elapsed=0s need=2s
UE 35 TTT_WAIT target=2 elapsed=0s need=2s
UE 36 TTT_WAIT target=3 elapsed=0s need=2s
UE 37 TTT_WAIT target=2 elapsed=0s need=2s
LM HO UE=38 rnti=55 5->7 type=NTN servingRsrp=-106.878 targetRsrp=-85.8719 targetLoadReal=5/15 targetLoadEff=5/15
LM HO UE=42 rnti=141 1->3 type=TN servingRsrp=-108.193 targetRsrp=-82.2354 targetLoadReal=13/20 targetLoadEff=13/20
LM HO UE=43 rnti=74 6->1 type=TN servingRsrp=-112.201 targetRsrp=-104.266 targetLoadReal=15/20 targetLoadEff=16/20
UE 44 TTT_WAIT target=3 elapsed=0s need=2s
UE 45 TTT_WAIT target=7 elapsed=0s need=2s
UE 48 TTT_WAIT target=4 elapsed=0s need=2s
UE 50 TTT_WAIT target=3 elapsed=0s need=2s
UE 51 TTT_WAIT target=2 elapsed=0s need=2s
UE 53 TTT_WAIT target=7 elapsed=0s need=2s
LM HO_FAIL_LOW_RSRP UE=54 currCell=1 candCell=4 candRsrp=-110.885 < min=-110
UE 57 TTT_WAIT target=5 elapsed=0s need=2s
UE 59 TTT_WAIT target=5 elapsed=0s need=2s
UE 62 TTT_WAIT target=2 elapsed=0s need=2s
UE 63 TTT_WAIT target=1 elapsed=0s need=2s
UE 65 TTT_WAIT target=1 elapsed=0s need=2s
UE 66 TTT_WAIT target=4 elapsed=0s need=2s
UE 67 TTT_WAIT target=1 elapsed=0s need=2s
UE 68 TTT_WAIT target=4 elapsed=0s need=2s
UE 69 TTT_WAIT target=1 elapsed=0s need=2s
UE 71 TTT_WAIT target=1 elapsed=0s need=2s
LM HO UE=72 rnti=56 7->1 type=TN servingRsrp=-117.547 targetRsrp=-92.5123 targetLoadReal=15/20 targetLoadEff=17/20
UE 73 TTT_WAIT target=6 elapsed=0s need=2s
LM HO_FAIL_LOW_RSRP UE=74 currCell=4 candCell=6 candRsrp=-122.376 < min=-110
LM HO_FAIL_LOW_RSRP UE=75 currCell=1 candCell=6 candRsrp=-118.704 < min=-110
UE 76 TTT_WAIT target=3 elapsed=0s need=2s
UE 77 TTT_WAIT target=7 elapsed=0s need=2s
UE 78 TTT_WAIT target=2 elapsed=0s need=2s
UE 79 TTT_WAIT target=4 elapsed=0s need=2s
LM HO_FAIL_LOW_RSRP UE=80 currCell=7 candCell=6 candRsrp=-111.304 < min=-110
UE 81 TTT_WAIT target=2 elapsed=0s need=2s
UE 83 TTT_WAIT target=4 elapsed=0s need=2s
LM HO_FAIL_LOW_RSRP UE=85 currCell=4 candCell=2 candRsrp=-112.012 < min=-110
LM HO_FAIL_LOW_RSRP UE=86 currCell=3 candCell=6 candRsrp=-116.539 < min=-110
LM HO_FAIL_LOW_RSRP UE=87 currCell=2 candCell=7 candRsrp=-117.708 < min=-110
TRACE HO_SUCCESS Time=62.6151 IMSI=8 TargetCell=1 Type=TN TargetRSRP=-105.71 ServingRSRP=-90.823 BackhaulDlSnr=-999 BackhaulUlSnr=-999
TRACE HO_SUCCESS Time=62.6151 IMSI=42 TargetCell=1 Type=TN TargetRSRP=-107.286 ServingRSRP=-106.404 BackhaulDlSnr=-999 BackhaulUlSnr=-999
TRACE HO_SUCCESS Time=62.6151 IMSI=71 TargetCell=1 Type=TN TargetRSRP=-120.081 ServingRSRP=-101.367 BackhaulDlSnr=-999 BackhaulUlSnr=-999
TRACE HO_SUCCESS Time=62.6151 IMSI=41 TargetCell=3 Type=TN TargetRSRP=-114.755 ServingRSRP=-87.4022 BackhaulDlSnr=-999 BackhaulUlSnr=-999
TRACE HO_SUCCESS Time=62.6151 IMSI=37 TargetCell=7 Type=NTN TargetRSRP=-106.344 ServingRSRP=-94.4488 BackhaulDlSnr=-999 BackhaulUlSnr=-999
UAV_AUTONOMY_XAPP Time=64.5 DeploymentMode=tn-uav UavIndex=0 UavCellId=5 BestDonorCellId=1 BestDonorDistanceM=143.511 XhaulConnected=1 XhaulChannelVariationDb=0 RawXhaulState=HEALTHY RawXhaulStateAgeSec=60 XhaulState=HEALTHY DonorUnavailableActive=0 SatBackhaulHealthy=0 UavSwitchingXappAvailable=0 UavSwitchingXappState=DISABLED AiPredictedBackhaulMode=RULE_BASED BackhaulMode=TN_DIRECT RicControlState=TN_E2 ActiveUavRic=LOCAL_UAV_AUTONOMY NormalUeHandoverAllowed=1 UavMode=TN_CONTROLLED_COVERAGE_EXTENSION
UAV_AUTONOMY_XAPP Time=64.5 DeploymentMode=tn-uav UavIndex=1 UavCellId=6 BestDonorCellId=1 BestDonorDistanceM=110.88 XhaulConnected=1 XhaulChannelVariationDb=0 RawXhaulState=HEALTHY RawXhaulStateAgeSec=60 XhaulState=HEALTHY DonorUnavailableActive=0 SatBackhaulHealthy=0 UavSwitchingXappAvailable=0 UavSwitchingXappState=DISABLED AiPredictedBackhaulMode=RULE_BASED BackhaulMode=TN_DIRECT RicControlState=TN_E2 ActiveUavRic=LOCAL_UAV_AUTONOMY NormalUeHandoverAllowed=1 UavMode=TN_CONTROLLED_COVERAGE_EXTENSION
UAV_AUTONOMY_XAPP Time=64.5 DeploymentMode=tn-uav UavIndex=2 UavCellId=7 BestDonorCellId=1 BestDonorDistanceM=133.08 XhaulConnected=1 XhaulChannelVariationDb=0 RawXhaulState=HEALTHY RawXhaulStateAgeSec=60 XhaulState=HEALTHY DonorUnavailableActive=0 SatBackhaulHealthy=0 UavSwitchingXappAvailable=0 UavSwitchingXappState=DISABLED AiPredictedBackhaulMode=RULE_BASED BackhaulMode=TN_DIRECT RicControlState=TN_E2 ActiveUavRic=LOCAL_UAV_AUTONOMY NormalUeHandoverAllowed=1 UavMode=TN_CONTROLLED_COVERAGE_EXTENSION
---- LOAD at t=64.5 ----
  cell 1 (TN) load=17/20
  cell 2 (TN) load=18/20
  cell 3 (TN) load=14/20
  cell 4 (TN) load=19/20
  cell 5 (NTN) load=3/15
  cell 6 (NTN) load=4/15
  cell 7 (NTN) load=5/15
UE 8 TTT_WAIT target=7 elapsed=0s need=2s
UE 9 TTT_WAIT target=2 elapsed=0s need=2s
LM HO_FAIL_LOW_RSRP UE=10 currCell=7 candCell=6 candRsrp=-116.182 < min=-110
LM HO UE=11 rnti=130 1->2 type=TN servingRsrp=-110.483 targetRsrp=-86.492 targetLoadReal=18/20 targetLoadEff=18/20
UE 13 TTT_WAIT target=4 elapsed=0s need=2s
UE 14 TTT_WAIT target=5 elapsed=0s need=2s
UE 16 TTT_WAIT target=2 elapsed=0s need=2s
UE 19 TTT_WAIT target=3 elapsed=0s need=2s
LM HO_FAIL_LOW_RSRP UE=20 currCell=2 candCell=1 candRsrp=-111.836 < min=-110
UE 21 TTT_WAIT target=1 elapsed=0s need=2s
LM HO UE=22 rnti=123 2->3 type=TN servingRsrp=-105.365 targetRsrp=-100.848 targetLoadReal=14/20 targetLoadEff=14/20
UE 24 TTT_WAIT target=3 elapsed=0s need=2s
UE 27 TTT_WAIT target=4 elapsed=0s need=2s
UE 28 TTT_WAIT target=2 elapsed=0s need=2s
UE 29 TTT_WAIT target=2 elapsed=0s need=2s
UE 30 TTT_WAIT target=6 elapsed=0s need=2s
UE 31 TTT_WAIT target=7 elapsed=0s need=2s
UE 32 TTT_WAIT target=1 elapsed=0s need=2s
UE 33 TTT_WAIT target=4 elapsed=0s need=2s
UE 34 TTT_WAIT target=7 elapsed=0s need=2s
LM HO UE=37 rnti=175 4->2 type=TN servingRsrp=-100.507 targetRsrp=-75.3645 targetLoadReal=18/20 targetLoadEff=19/20
UE 38 TTT_WAIT target=6 elapsed=0s need=2s
UE 39 TTT_WAIT target=3 elapsed=0s need=2s
UE 42 TTT_WAIT target=5 elapsed=0s need=2s
UE 43 TTT_WAIT target=7 elapsed=0s need=2s
UE 44 TTT_WAIT target=1 elapsed=0s need=2s
UE 45 TTT_WAIT target=4 elapsed=0s need=2s
UE 46 TTT_WAIT target=3 elapsed=0s need=2s
LM HO UE=48 rnti=122 3->4 type=TN servingRsrp=-110.148 targetRsrp=-106.371 targetLoadReal=19/20 targetLoadEff=19/20
UE 51 TTT_WAIT target=1 elapsed=0s need=2s
UE 53 TTT_WAIT target=5 elapsed=0s need=2s
UE 54 TTT_WAIT target=5 elapsed=0s need=2s
UE 57 TTT_WAIT target=1 elapsed=0s need=2s
UE 58 TTT_WAIT target=1 elapsed=0s need=2s
UE 59 TTT_WAIT target=1 elapsed=0s need=2s
LM HO_FAIL_LOW_RSRP UE=60 currCell=3 candCell=5 candRsrp=-115.986 < min=-110
LM HO_FAIL_LOW_RSRP UE=61 currCell=3 candCell=7 candRsrp=-118.307 < min=-110
UE 62 TTT_WAIT target=3 elapsed=0s need=2s
UE 64 TTT_WAIT target=3 elapsed=0s need=2s
UE 65 TTT_WAIT target=3 elapsed=0s need=2s
LM HO_FAIL_LOW_RSRP UE=66 currCell=3 candCell=7 candRsrp=-110.873 < min=-110
LM HO_FAIL_LOW_RSRP UE=67 currCell=2 candCell=5 candRsrp=-113.726 < min=-110
UE 68 TTT_WAIT target=1 elapsed=0s need=2s
LM HO_FAIL_LOW_RSRP UE=69 currCell=4 candCell=3 candRsrp=-115.63 < min=-110
UE 70 TTT_WAIT target=1 elapsed=0s need=2s
LM HO_FAIL_LOW_RSRP UE=71 currCell=2 candCell=3 candRsrp=-111.162 < min=-110
LM HO_FAIL_LOW_RSRP UE=72 currCell=1 candCell=7 candRsrp=-118.019 < min=-110
UE 74 TTT_WAIT target=7 elapsed=0s need=2s
LM HO_FAIL_LOW_RSRP UE=77 currCell=6 candCell=7 candRsrp=-117.665 < min=-110
LM HO_FAIL_LOW_RSRP UE=78 currCell=1 candCell=5 candRsrp=-117.961 < min=-110
UE 79 TTT_WAIT target=3 elapsed=0s need=2s
UE 80 TTT_WAIT target=1 elapsed=0s need=2s
LM HO_FAIL_LOW_RSRP UE=81 currCell=7 candCell=6 candRsrp=-114.601 < min=-110
UE 82 TTT_WAIT target=1 elapsed=0s need=2s
LM HO_FAIL_LOW_RSRP UE=83 currCell=3 candCell=6 candRsrp=-115.782 < min=-110
LM HO_FAIL_LOW_RSRP UE=85 currCell=4 candCell=1 candRsrp=-113.24 < min=-110
LM HO_FAIL_LOW_RSRP UE=86 currCell=3 candCell=6 candRsrp=-118.629 < min=-110
UE 87 TTT_WAIT target=1 elapsed=0s need=2s
TRACE HO_SUCCESS Time=64.6151 IMSI=10 TargetCell=2 Type=TN TargetRSRP=-113.983 ServingRSRP=-106.957 BackhaulDlSnr=-999 BackhaulUlSnr=-999
TRACE HO_SUCCESS Time=64.6151 IMSI=36 TargetCell=2 Type=TN TargetRSRP=-96.6046 ServingRSRP=-95.0841 BackhaulDlSnr=-999 BackhaulUlSnr=-999
TRACE HO_SUCCESS Time=64.6151 IMSI=21 TargetCell=3 Type=TN TargetRSRP=-109.627 ServingRSRP=-73.7278 BackhaulDlSnr=-999 BackhaulUlSnr=-999
TRACE HO_SUCCESS Time=64.6151 IMSI=47 TargetCell=4 Type=TN TargetRSRP=-107.487 ServingRSRP=-93.8189 BackhaulDlSnr=-999 BackhaulUlSnr=-999
UAV_AUTONOMY_XAPP Time=66.5 DeploymentMode=tn-uav UavIndex=0 UavCellId=5 BestDonorCellId=1 BestDonorDistanceM=143.511 XhaulConnected=1 XhaulChannelVariationDb=0 RawXhaulState=HEALTHY RawXhaulStateAgeSec=62 XhaulState=HEALTHY DonorUnavailableActive=0 SatBackhaulHealthy=0 UavSwitchingXappAvailable=0 UavSwitchingXappState=DISABLED AiPredictedBackhaulMode=RULE_BASED BackhaulMode=TN_DIRECT RicControlState=TN_E2 ActiveUavRic=LOCAL_UAV_AUTONOMY NormalUeHandoverAllowed=1 UavMode=TN_CONTROLLED_COVERAGE_EXTENSION
UAV_AUTONOMY_XAPP Time=66.5 DeploymentMode=tn-uav UavIndex=1 UavCellId=6 BestDonorCellId=1 BestDonorDistanceM=110.88 XhaulConnected=1 XhaulChannelVariationDb=0 RawXhaulState=HEALTHY RawXhaulStateAgeSec=62 XhaulState=HEALTHY DonorUnavailableActive=0 SatBackhaulHealthy=0 UavSwitchingXappAvailable=0 UavSwitchingXappState=DISABLED AiPredictedBackhaulMode=RULE_BASED BackhaulMode=TN_DIRECT RicControlState=TN_E2 ActiveUavRic=LOCAL_UAV_AUTONOMY NormalUeHandoverAllowed=1 UavMode=TN_CONTROLLED_COVERAGE_EXTENSION
UAV_AUTONOMY_XAPP Time=66.5 DeploymentMode=tn-uav UavIndex=2 UavCellId=7 BestDonorCellId=1 BestDonorDistanceM=133.08 XhaulConnected=1 XhaulChannelVariationDb=0 RawXhaulState=HEALTHY RawXhaulStateAgeSec=62 XhaulState=HEALTHY DonorUnavailableActive=0 SatBackhaulHealthy=0 UavSwitchingXappAvailable=0 UavSwitchingXappState=DISABLED AiPredictedBackhaulMode=RULE_BASED BackhaulMode=TN_DIRECT RicControlState=TN_E2 ActiveUavRic=LOCAL_UAV_AUTONOMY NormalUeHandoverAllowed=1 UavMode=TN_CONTROLLED_COVERAGE_EXTENSION
---- LOAD at t=66.5 ----
  cell 1 (TN) load=16/20
  cell 2 (TN) load=19/20
  cell 3 (TN) load=14/20
  cell 4 (TN) load=19/20
  cell 5 (NTN) load=3/15
  cell 6 (NTN) load=4/15
  cell 7 (NTN) load=5/15
UE 8 TTT_WAIT target=6 elapsed=0s need=2s
UE 9 TTT_WAIT target=4 elapsed=0s need=2s
UE 10 TTT_WAIT target=2 elapsed=0s need=2s
UE 11 TTT_WAIT target=4 elapsed=0s need=2s
UE 12 TTT_WAIT target=5 elapsed=0s need=2s
UE 14 TTT_WAIT target=1 elapsed=0s need=2s
UE 15 TTT_WAIT target=5 elapsed=0s need=2s
LM HO UE=16 rnti=128 1->2 type=TN servingRsrp=-111.334 targetRsrp=-109.254 targetLoadReal=19/20 targetLoadEff=19/20
UE 18 TTT_WAIT target=5 elapsed=0s need=2s
LM HO UE=19 rnti=171 4->3 type=TN servingRsrp=-103.145 targetRsrp=-96.8911 targetLoadReal=14/20 targetLoadEff=14/20
LM HO_FAIL_LOW_RSRP UE=20 currCell=2 candCell=6 candRsrp=-117.405 < min=-110
UE 22 TTT_WAIT target=1 elapsed=0s need=2s
UE 23 TTT_WAIT target=5 elapsed=0s need=2s
UE 26 TTT_WAIT target=4 elapsed=0s need=2s
UE 27 TTT_WAIT target=7 elapsed=0s need=2s
UE 30 TTT_WAIT target=7 elapsed=0s need=2s
LM HO UE=31 rnti=148 1->7 type=NTN servingRsrp=-111.72 targetRsrp=-75.4967 targetLoadReal=5/15 targetLoadEff=5/15
UE 32 TTT_WAIT target=4 elapsed=0s need=2s
LM HO_FAIL_LOW_RSRP UE=34 currCell=2 candCell=7 candRsrp=-114.62 < min=-110
UE 35 TTT_WAIT target=6 elapsed=0s need=2s
UE 36 TTT_WAIT target=7 elapsed=0s need=2s
UE 37 TTT_WAIT target=4 elapsed=0s need=2s
UE 38 TTT_WAIT target=4 elapsed=0s need=2s
LM HO_FAIL_LOW_RSRP UE=39 currCell=2 candCell=5 candRsrp=-110.301 < min=-110
UE 41 TTT_WAIT target=4 elapsed=0s need=2s
UE 42 TTT_WAIT target=6 elapsed=0s need=2s
LM HO UE=43 rnti=150 1->7 type=NTN servingRsrp=-101.777 targetRsrp=-92.2278 targetLoadReal=5/15 targetLoadEff=6/15
LM HO UE=45 rnti=138 1->4 type=TN servingRsrp=-116.261 targetRsrp=-80.3687 targetLoadReal=19/20 targetLoadEff=19/20
UE 49 TTT_WAIT target=7 elapsed=0s need=2s
UE 50 TTT_WAIT target=7 elapsed=0s need=2s
LM HO UE=51 rnti=66 5->1 type=TN servingRsrp=-113.279 targetRsrp=-103.343 targetLoadReal=16/20 targetLoadEff=16/20
UE 52 TTT_WAIT target=6 elapsed=0s need=2s
LM HO_FAIL_LOW_RSRP UE=54 currCell=1 candCell=3 candRsrp=-114.361 < min=-110
UE 55 TTT_WAIT target=7 elapsed=0s need=2s
UE 57 TTT_WAIT target=5 elapsed=0s need=2s
UE 58 TTT_WAIT target=5 elapsed=0s need=2s
LM HO UE=59 rnti=82 2->1 type=TN servingRsrp=-115.199 targetRsrp=-106.315 targetLoadReal=16/20 targetLoadEff=17/20
UE 61 TTT_WAIT target=6 elapsed=0s need=2s
UE 62 TTT_WAIT target=1 elapsed=0s need=2s
UE 64 TTT_WAIT target=6 elapsed=0s need=2s
LM HO UE=65 rnti=169 4->3 type=TN servingRsrp=-111.692 targetRsrp=-108.051 targetLoadReal=14/20 targetLoadEff=15/20
UE 66 TTT_WAIT target=1 elapsed=0s need=2s
UE 67 TTT_WAIT target=1 elapsed=0s need=2s
UE 69 TTT_WAIT target=1 elapsed=0s need=2s
UE 70 TTT_WAIT target=3 elapsed=0s need=2s
LM HO_FAIL_LOW_RSRP UE=71 currCell=2 candCell=3 candRsrp=-111.409 < min=-110
LM HO_FAIL_LOW_RSRP UE=72 currCell=1 candCell=6 candRsrp=-117.419 < min=-110
LM HO_FAIL_LOW_RSRP UE=74 currCell=4 candCell=5 candRsrp=-118.377 < min=-110
UE 76 TTT_WAIT target=6 elapsed=0s need=2s
LM HO_FAIL_LOW_RSRP UE=78 currCell=1 candCell=7 candRsrp=-114.843 < min=-110
LM HO_FAIL_LOW_RSRP UE=79 currCell=2 candCell=1 candRsrp=-110.506 < min=-110
LM HO_FAIL_LOW_RSRP UE=80 currCell=7 candCell=5 candRsrp=-117.116 < min=-110
UE 82 TTT_WAIT target=3 elapsed=0s need=2s
UE 83 TTT_WAIT target=5 elapsed=0s need=2s
UE 85 TTT_WAIT target=1 elapsed=0s need=2s
UE 86 TTT_WAIT target=7 elapsed=0s need=2s
LM HO UE=87 rnti=111 2->1 type=TN servingRsrp=-88.8755 targetRsrp=-86.0692 targetLoadReal=16/20 targetLoadEff=18/20
TRACE HO_SUCCESS Time=66.6151 IMSI=58 TargetCell=1 Type=TN TargetRSRP=-116.109 ServingRSRP=-111.815 BackhaulDlSnr=-999 BackhaulUlSnr=-999
TRACE HO_SUCCESS Time=66.6151 IMSI=86 TargetCell=1 Type=TN TargetRSRP=-114.875 ServingRSRP=-113.377 BackhaulDlSnr=-999 BackhaulUlSnr=-999
TRACE HO_SUCCESS Time=66.6151 IMSI=50 TargetCell=1 Type=TN TargetRSRP=-108.329 ServingRSRP=-73.9021 BackhaulDlSnr=-999 BackhaulUlSnr=-999
TRACE HO_SUCCESS Time=66.6151 IMSI=15 TargetCell=2 Type=TN TargetRSRP=-109.338 ServingRSRP=-90.4801 BackhaulDlSnr=-999 BackhaulUlSnr=-999
TRACE HO_SUCCESS Time=66.6151 IMSI=18 TargetCell=3 Type=TN TargetRSRP=-84.1622 ServingRSRP=-104.56 BackhaulDlSnr=-999 BackhaulUlSnr=-999
TRACE HO_SUCCESS Time=66.6151 IMSI=64 TargetCell=3 Type=TN TargetRSRP=-107.305 ServingRSRP=-110.71 BackhaulDlSnr=-999 BackhaulUlSnr=-999
TRACE HO_SUCCESS Time=66.6151 IMSI=44 TargetCell=4 Type=TN TargetRSRP=-112.591 ServingRSRP=-98.149 BackhaulDlSnr=-999 BackhaulUlSnr=-999
TRACE HO_SUCCESS Time=66.6151 IMSI=30 TargetCell=7 Type=NTN TargetRSRP=-102.325 ServingRSRP=-94.736 BackhaulDlSnr=-999 BackhaulUlSnr=-999
TRACE HO_SUCCESS Time=66.6151 IMSI=42 TargetCell=7 Type=NTN TargetRSRP=-112.066 ServingRSRP=-106.475 BackhaulDlSnr=-999 BackhaulUlSnr=-999
UAV_AUTONOMY_XAPP Time=68.5 DeploymentMode=tn-uav UavIndex=0 UavCellId=5 BestDonorCellId=1 BestDonorDistanceM=143.511 XhaulConnected=1 XhaulChannelVariationDb=0 RawXhaulState=HEALTHY RawXhaulStateAgeSec=64 XhaulState=HEALTHY DonorUnavailableActive=0 SatBackhaulHealthy=0 UavSwitchingXappAvailable=0 UavSwitchingXappState=DISABLED AiPredictedBackhaulMode=RULE_BASED BackhaulMode=TN_DIRECT RicControlState=TN_E2 ActiveUavRic=LOCAL_UAV_AUTONOMY NormalUeHandoverAllowed=1 UavMode=TN_CONTROLLED_COVERAGE_EXTENSION
UAV_AUTONOMY_XAPP Time=68.5 DeploymentMode=tn-uav UavIndex=1 UavCellId=6 BestDonorCellId=1 BestDonorDistanceM=110.88 XhaulConnected=1 XhaulChannelVariationDb=0 RawXhaulState=HEALTHY RawXhaulStateAgeSec=64 XhaulState=HEALTHY DonorUnavailableActive=0 SatBackhaulHealthy=0 UavSwitchingXappAvailable=0 UavSwitchingXappState=DISABLED AiPredictedBackhaulMode=RULE_BASED BackhaulMode=TN_DIRECT RicControlState=TN_E2 ActiveUavRic=LOCAL_UAV_AUTONOMY NormalUeHandoverAllowed=1 UavMode=TN_CONTROLLED_COVERAGE_EXTENSION
UAV_AUTONOMY_XAPP Time=68.5 DeploymentMode=tn-uav UavIndex=2 UavCellId=7 BestDonorCellId=1 BestDonorDistanceM=133.08 XhaulConnected=1 XhaulChannelVariationDb=0 RawXhaulState=HEALTHY RawXhaulStateAgeSec=64 XhaulState=HEALTHY DonorUnavailableActive=0 SatBackhaulHealthy=0 UavSwitchingXappAvailable=0 UavSwitchingXappState=DISABLED AiPredictedBackhaulMode=RULE_BASED BackhaulMode=TN_DIRECT RicControlState=TN_E2 ActiveUavRic=LOCAL_UAV_AUTONOMY NormalUeHandoverAllowed=1 UavMode=TN_CONTROLLED_COVERAGE_EXTENSION
---- LOAD at t=68.5 ----
  cell 1 (TN) load=15/20
  cell 2 (TN) load=18/20
  cell 3 (TN) load=16/20
  cell 4 (TN) load=18/20
  cell 5 (NTN) load=2/15
  cell 6 (NTN) load=4/15
  cell 7 (NTN) load=7/15
LM HO_FAIL_LOW_RSRP UE=8 currCell=4 candCell=3 candRsrp=-110.269 < min=-110
UE 10 TTT_WAIT target=3 elapsed=0s need=2s
UE 11 TTT_WAIT target=5 elapsed=0s need=2s
UE 13 TTT_WAIT target=4 elapsed=0s need=2s
UE 15 TTT_WAIT target=3 elapsed=0s need=2s
UE 16 TTT_WAIT target=3 elapsed=0s need=2s
UE 17 TTT_WAIT target=2 elapsed=0s need=2s
UE 18 TTT_WAIT target=2 elapsed=0s need=2s
UE 19 TTT_WAIT target=4 elapsed=0s need=2s
UE 20 TTT_WAIT target=1 elapsed=0s need=2s
UE 21 TTT_WAIT target=1 elapsed=0s need=2s
LM HO UE=22 rnti=134 3->1 type=TN servingRsrp=-116.694 targetRsrp=-105.615 targetLoadReal=15/20 targetLoadEff=15/20
UE 25 TTT_WAIT target=2 elapsed=0s need=2s
UE 26 TTT_WAIT target=2 elapsed=0s need=2s
UE 27 TTT_WAIT target=4 elapsed=0s need=2s
UE 28 TTT_WAIT target=4 elapsed=0s need=2s
LM HO_FAIL_LOW_RSRP UE=29 currCell=4 candCell=3 candRsrp=-111.943 < min=-110
UE 30 TTT_WAIT target=4 elapsed=0s need=2s
UE 31 TTT_WAIT target=4 elapsed=0s need=2s
LM HO_FAIL_LOW_RSRP UE=34 currCell=2 candCell=5 candRsrp=-112.406 < min=-110
UE 35 TTT_WAIT target=4 elapsed=0s need=2s
UE 36 TTT_WAIT target=3 elapsed=0s need=2s
LM HO_FAIL_LOW_RSRP UE=42 currCell=3 candCell=6 candRsrp=-113.268 < min=-110
UE 44 TTT_WAIT target=3 elapsed=0s need=2s
UE 45 TTT_WAIT target=3 elapsed=0s need=2s
UE 46 TTT_WAIT target=1 elapsed=0s need=2s
UE 47 TTT_WAIT target=6 elapsed=0s need=2s
UE 48 TTT_WAIT target=3 elapsed=0s need=2s
UE 49 TTT_WAIT target=3 elapsed=0s need=2s
UE 51 TTT_WAIT target=3 elapsed=0s need=2s
LM HO UE=52 rnti=118 3->6 type=NTN servingRsrp=-95.4218 targetRsrp=-85.5861 targetLoadReal=4/15 targetLoadEff=4/15
UE 53 TTT_WAIT target=4 elapsed=0s need=2s
LM HO_FAIL_LOW_RSRP UE=54 currCell=1 candCell=4 candRsrp=-113.253 < min=-110
UE 55 TTT_WAIT target=6 elapsed=0s need=2s
UE 57 TTT_WAIT target=1 elapsed=0s need=2s
UE 58 TTT_WAIT target=7 elapsed=0s need=2s
UE 59 TTT_WAIT target=7 elapsed=0s need=2s
UE 60 TTT_WAIT target=7 elapsed=0s need=2s
UE 61 TTT_WAIT target=2 elapsed=0s need=2s
UE 62 TTT_WAIT target=3 elapsed=0s need=2s
UE 63 TTT_WAIT target=3 elapsed=0s need=2s
UE 64 TTT_WAIT target=4 elapsed=0s need=2s
UE 65 TTT_WAIT target=2 elapsed=0s need=2s
UE 66 TTT_WAIT target=7 elapsed=0s need=2s
LM HO UE=67 rnti=96 2->1 type=TN servingRsrp=-115.562 targetRsrp=-97.3165 targetLoadReal=15/20 targetLoadEff=16/20
LM HO_FAIL_LOW_RSRP UE=68 currCell=2 candCell=3 candRsrp=-115.052 < min=-110
LM HO_FAIL_LOW_RSRP UE=69 currCell=4 candCell=2 candRsrp=-111.646 < min=-110
UE 70 TTT_WAIT target=5 elapsed=0s need=2s
UE 71 TTT_WAIT target=1 elapsed=0s need=2s
LM HO_FAIL_LOW_RSRP UE=72 currCell=1 candCell=2 candRsrp=-114.946 < min=-110
UE 73 TTT_WAIT target=6 elapsed=0s need=2s
UE 74 TTT_WAIT target=3 elapsed=0s need=2s
LM HO_FAIL_LOW_RSRP UE=75 currCell=1 candCell=7 candRsrp=-118.681 < min=-110
UE 77 TTT_WAIT target=3 elapsed=0s need=2s
LM HO_FAIL_LOW_RSRP UE=78 currCell=1 candCell=6 candRsrp=-115.34 < min=-110
LM HO_FAIL_LOW_RSRP UE=79 currCell=2 candCell=6 candRsrp=-119.327 < min=-110
UE 80 TTT_WAIT target=1 elapsed=0s need=2s
UE 81 TTT_WAIT target=2 elapsed=0s need=2s
UE 82 TTT_WAIT target=1 elapsed=0s need=2s
LM HO_FAIL_LOW_RSRP UE=83 currCell=3 candCell=5 candRsrp=-116.081 < min=-110
LM HO_FAIL_LOW_RSRP UE=84 currCell=6 candCell=5 candRsrp=-119.736 < min=-110
LM HO_FAIL_LOW_RSRP UE=85 currCell=4 candCell=2 candRsrp=-113.946 < min=-110
LM HO_FAIL_LOW_RSRP UE=86 currCell=3 candCell=4 candRsrp=-113.102 < min=-110
UE 87 TTT_WAIT target=7 elapsed=0s need=2s
TRACE HO_SUCCESS Time=68.6151 IMSI=66 TargetCell=1 Type=TN TargetRSRP=-117.801 ServingRSRP=-96.0598 BackhaulDlSnr=-999 BackhaulUlSnr=-999
TRACE HO_SUCCESS Time=68.6151 IMSI=21 TargetCell=1 Type=TN TargetRSRP=-107.445 ServingRSRP=-99.3184 BackhaulDlSnr=-999 BackhaulUlSnr=-999
TRACE HO_SUCCESS Time=68.6151 IMSI=51 TargetCell=6 Type=NTN TargetRSRP=-111.278 ServingRSRP=-103.819 BackhaulDlSnr=-999 BackhaulUlSnr=-999
UAV_AUTONOMY_XAPP Time=70.5 DeploymentMode=tn-uav UavIndex=0 UavCellId=5 BestDonorCellId=1 BestDonorDistanceM=143.511 XhaulConnected=1 XhaulChannelVariationDb=0 RawXhaulState=HEALTHY RawXhaulStateAgeSec=66 XhaulState=HEALTHY DonorUnavailableActive=0 SatBackhaulHealthy=0 UavSwitchingXappAvailable=0 UavSwitchingXappState=DISABLED AiPredictedBackhaulMode=RULE_BASED BackhaulMode=TN_DIRECT RicControlState=TN_E2 ActiveUavRic=LOCAL_UAV_AUTONOMY NormalUeHandoverAllowed=1 UavMode=TN_CONTROLLED_COVERAGE_EXTENSION
UAV_AUTONOMY_XAPP Time=70.5 DeploymentMode=tn-uav UavIndex=1 UavCellId=6 BestDonorCellId=1 BestDonorDistanceM=110.88 XhaulConnected=1 XhaulChannelVariationDb=0 RawXhaulState=HEALTHY RawXhaulStateAgeSec=66 XhaulState=HEALTHY DonorUnavailableActive=0 SatBackhaulHealthy=0 UavSwitchingXappAvailable=0 UavSwitchingXappState=DISABLED AiPredictedBackhaulMode=RULE_BASED BackhaulMode=TN_DIRECT RicControlState=TN_E2 ActiveUavRic=LOCAL_UAV_AUTONOMY NormalUeHandoverAllowed=1 UavMode=TN_CONTROLLED_COVERAGE_EXTENSION
UAV_AUTONOMY_XAPP Time=70.5 DeploymentMode=tn-uav UavIndex=2 UavCellId=7 BestDonorCellId=1 BestDonorDistanceM=133.08 XhaulConnected=1 XhaulChannelVariationDb=0 RawXhaulState=HEALTHY RawXhaulStateAgeSec=66 XhaulState=HEALTHY DonorUnavailableActive=0 SatBackhaulHealthy=0 UavSwitchingXappAvailable=0 UavSwitchingXappState=DISABLED AiPredictedBackhaulMode=RULE_BASED BackhaulMode=TN_DIRECT RicControlState=TN_E2 ActiveUavRic=LOCAL_UAV_AUTONOMY NormalUeHandoverAllowed=1 UavMode=TN_CONTROLLED_COVERAGE_EXTENSION
---- LOAD at t=70.5 ----
  cell 1 (TN) load=17/20
  cell 2 (TN) load=17/20
  cell 3 (TN) load=14/20
  cell 4 (TN) load=18/20
  cell 5 (NTN) load=2/15
  cell 6 (NTN) load=5/15
  cell 7 (NTN) load=7/15
LM HO_FAIL_LOW_RSRP UE=8 currCell=4 candCell=5 candRsrp=-111.015 < min=-110
UE 9 TTT_WAIT target=4 elapsed=0s need=2s
UE 10 TTT_WAIT target=2 elapsed=0s need=2s
UE 11 TTT_WAIT target=3 elapsed=0s need=2s
UE 12 TTT_WAIT target=3 elapsed=0s need=2s
LM HO UE=13 rnti=102 3->4 type=TN servingRsrp=-104.386 targetRsrp=-97.4626 targetLoadReal=18/20 targetLoadEff=18/20
LM HO UE=17 rnti=131 1->2 type=TN servingRsrp=-105.797 targetRsrp=-86.5804 targetLoadReal=17/20 targetLoadEff=17/20
LM HO_FAIL_LOW_RSRP UE=18 currCell=4 candCell=1 candRsrp=-110.411 < min=-110
LM HO UE=19 rnti=135 3->4 type=TN servingRsrp=-90.4554 targetRsrp=-81.3241 targetLoadReal=18/20 targetLoadEff=19/20
LM HO UE=21 rnti=97 2->1 type=TN servingRsrp=-104.98 targetRsrp=-82.0466 targetLoadReal=17/20 targetLoadEff=17/20
UE 24 TTT_WAIT target=2 elapsed=0s need=2s
LM HO UE=25 rnti=67 1->2 type=TN servingRsrp=-103.703 targetRsrp=-77.9892 targetLoadReal=17/20 targetLoadEff=18/20
UE 27 TTT_WAIT target=3 elapsed=0s need=2s
LM HO_FAIL_LOW_RSRP UE=29 currCell=4 candCell=3 candRsrp=-110.79 < min=-110
UE 31 TTT_WAIT target=5 elapsed=0s need=2s
UE 33 TTT_WAIT target=1 elapsed=0s need=2s
UE 35 TTT_WAIT target=3 elapsed=0s need=2s
UE 37 TTT_WAIT target=3 elapsed=0s need=2s
UE 38 TTT_WAIT target=2 elapsed=0s need=2s
UE 39 TTT_WAIT target=1 elapsed=0s need=2s
UE 40 TTT_WAIT target=3 elapsed=0s need=2s
UE 43 TTT_WAIT target=1 elapsed=0s need=2s
UE 44 TTT_WAIT target=1 elapsed=0s need=2s
LM HO_FAIL_LOW_RSRP UE=45 currCell=4 candCell=1 candRsrp=-111.48 < min=-110
UE 46 TTT_WAIT target=6 elapsed=0s need=2s
UE 47 TTT_WAIT target=3 elapsed=0s need=2s
LM HO UE=48 rnti=177 4->3 type=TN servingRsrp=-110.843 targetRsrp=-107.086 targetLoadReal=14/20 targetLoadEff=14/20
UE 49 TTT_WAIT target=6 elapsed=0s need=2s
UE 50 TTT_WAIT target=5 elapsed=0s need=2s
UE 52 TTT_WAIT target=5 elapsed=0s need=2s
UE 53 TTT_WAIT target=1 elapsed=0s need=2s
UE 54 TTT_WAIT target=6 elapsed=0s need=2s
UE 56 TTT_WAIT target=3 elapsed=0s need=2s
UE 57 TTT_WAIT target=7 elapsed=0s need=2s
UE 58 TTT_WAIT target=2 elapsed=0s need=2s
LM HO_FAIL_LOW_RSRP UE=59 currCell=1 candCell=7 candRsrp=-118.164 < min=-110
UE 60 TTT_WAIT target=6 elapsed=0s need=2s
LM HO_FAIL_LOW_RSRP UE=61 currCell=3 candCell=6 candRsrp=-114.507 < min=-110
LM HO UE=62 rnti=173 4->3 type=TN servingRsrp=-94.4013 targetRsrp=-82.3365 targetLoadReal=14/20 targetLoadEff=15/20
UE 66 TTT_WAIT target=5 elapsed=0s need=2s
LM HO_FAIL_LOW_RSRP UE=67 currCell=1 candCell=7 candRsrp=-115.391 < min=-110
UE 68 TTT_WAIT target=3 elapsed=0s need=2s
UE 69 TTT_WAIT target=2 elapsed=0s need=2s
LM HO_FAIL_LOW_RSRP UE=70 currCell=2 candCell=1 candRsrp=-116.131 < min=-110
LM HO_FAIL_LOW_RSRP UE=71 currCell=2 candCell=3 candRsrp=-111.014 < min=-110
LM HO_FAIL_LOW_RSRP UE=72 currCell=1 candCell=2 candRsrp=-115.405 < min=-110
LM HO_FAIL_LOW_RSRP UE=74 currCell=4 candCell=5 candRsrp=-119.128 < min=-110
LM HO_FAIL_LOW_RSRP UE=75 currCell=1 candCell=2 candRsrp=-114.485 < min=-110
LM HO_FAIL_LOW_RSRP UE=78 currCell=1 candCell=2 candRsrp=-114.14 < min=-110
UE 80 TTT_WAIT target=3 elapsed=0s need=2s
LM HO_FAIL_LOW_RSRP UE=81 currCell=7 candCell=6 candRsrp=-111.074 < min=-110
LM HO_FAIL_LOW_RSRP UE=82 currCell=4 candCell=2 candRsrp=-114.595 < min=-110
LM HO_FAIL_LOW_RSRP UE=83 currCell=3 candCell=7 candRsrp=-116.654 < min=-110
UE 85 TTT_WAIT target=1 elapsed=0s need=2s
LM HO_FAIL_LOW_RSRP UE=86 currCell=3 candCell=5 candRsrp=-118.863 < min=-110
LM HO_FAIL_LOW_RSRP UE=87 currCell=1 candCell=6 candRsrp=-118.76 < min=-110
TRACE HO_SUCCESS Time=70.6151 IMSI=20 TargetCell=1 Type=TN TargetRSRP=-109.739 ServingRSRP=-104.624 BackhaulDlSnr=-999 BackhaulUlSnr=-999
TRACE HO_SUCCESS Time=70.6151 IMSI=24 TargetCell=2 Type=TN TargetRSRP=-105.051 ServingRSRP=-82.0862 BackhaulDlSnr=-999 BackhaulUlSnr=-999
TRACE HO_SUCCESS Time=70.6151 IMSI=16 TargetCell=2 Type=TN TargetRSRP=-100.022 ServingRSRP=-104.088 BackhaulDlSnr=-999 BackhaulUlSnr=-999
TRACE HO_SUCCESS Time=70.6151 IMSI=47 TargetCell=3 Type=TN TargetRSRP=-109.364 ServingRSRP=-92.3825 BackhaulDlSnr=-999 BackhaulUlSnr=-999
TRACE HO_SUCCESS Time=70.6151 IMSI=61 TargetCell=3 Type=TN TargetRSRP=-74.2763 ServingRSRP=-75.125 BackhaulDlSnr=-999 BackhaulUlSnr=-999
TRACE HO_SUCCESS Time=70.6151 IMSI=12 TargetCell=4 Type=TN TargetRSRP=-107.066 ServingRSRP=-103.529 BackhaulDlSnr=-999 BackhaulUlSnr=-999
TRACE HO_SUCCESS Time=70.6151 IMSI=18 TargetCell=4 Type=TN TargetRSRP=-89.6534 ServingRSRP=-88.3893 BackhaulDlSnr=-999 BackhaulUlSnr=-999
UAV_AUTONOMY_XAPP Time=72.5 DeploymentMode=tn-uav UavIndex=0 UavCellId=5 BestDonorCellId=1 BestDonorDistanceM=143.511 XhaulConnected=1 XhaulChannelVariationDb=0 RawXhaulState=HEALTHY RawXhaulStateAgeSec=68 XhaulState=HEALTHY DonorUnavailableActive=0 SatBackhaulHealthy=0 UavSwitchingXappAvailable=0 UavSwitchingXappState=DISABLED AiPredictedBackhaulMode=RULE_BASED BackhaulMode=TN_DIRECT RicControlState=TN_E2 ActiveUavRic=LOCAL_UAV_AUTONOMY NormalUeHandoverAllowed=1 UavMode=TN_CONTROLLED_COVERAGE_EXTENSION
UAV_AUTONOMY_XAPP Time=72.5 DeploymentMode=tn-uav UavIndex=1 UavCellId=6 BestDonorCellId=1 BestDonorDistanceM=110.88 XhaulConnected=1 XhaulChannelVariationDb=0 RawXhaulState=HEALTHY RawXhaulStateAgeSec=68 XhaulState=HEALTHY DonorUnavailableActive=0 SatBackhaulHealthy=0 UavSwitchingXappAvailable=0 UavSwitchingXappState=DISABLED AiPredictedBackhaulMode=RULE_BASED BackhaulMode=TN_DIRECT RicControlState=TN_E2 ActiveUavRic=LOCAL_UAV_AUTONOMY NormalUeHandoverAllowed=1 UavMode=TN_CONTROLLED_COVERAGE_EXTENSION
UAV_AUTONOMY_XAPP Time=72.5 DeploymentMode=tn-uav UavIndex=2 UavCellId=7 BestDonorCellId=1 BestDonorDistanceM=133.08 XhaulConnected=1 XhaulChannelVariationDb=0 RawXhaulState=HEALTHY RawXhaulStateAgeSec=68 XhaulState=HEALTHY DonorUnavailableActive=0 SatBackhaulHealthy=0 UavSwitchingXappAvailable=0 UavSwitchingXappState=DISABLED AiPredictedBackhaulMode=RULE_BASED BackhaulMode=TN_DIRECT RicControlState=TN_E2 ActiveUavRic=LOCAL_UAV_AUTONOMY NormalUeHandoverAllowed=1 UavMode=TN_CONTROLLED_COVERAGE_EXTENSION
---- LOAD at t=72.5 ----
  cell 1 (TN) load=16/20
  cell 2 (TN) load=18/20
  cell 3 (TN) load=14/20
  cell 4 (TN) load=18/20
  cell 5 (NTN) load=2/15
  cell 6 (NTN) load=5/15
  cell 7 (NTN) load=7/15
UE 8 TTT_WAIT target=3 elapsed=0s need=2s
UE 9 TTT_WAIT target=7 elapsed=0s need=2s
UE 10 TTT_WAIT target=5 elapsed=0s need=2s
UE 14 TTT_WAIT target=6 elapsed=0s need=2s
UE 15 TTT_WAIT target=5 elapsed=0s need=2s
UE 16 TTT_WAIT target=3 elapsed=0s need=2s
UE 17 TTT_WAIT target=1 elapsed=0s need=2s
UE 18 TTT_WAIT target=1 elapsed=0s need=2s
LM HO_FAIL_LOW_RSRP UE=20 currCell=2 candCell=1 candRsrp=-114.002 < min=-110
UE 21 TTT_WAIT target=2 elapsed=0s need=2s
UE 22 TTT_WAIT target=2 elapsed=0s need=2s
LM HO_FAIL_LOW_RSRP UE=24 currCell=4 candCell=6 candRsrp=-116.272 < min=-110
UE 26 TTT_WAIT target=4 elapsed=0s need=2s
UE 27 TTT_WAIT target=7 elapsed=0s need=2s
UE 28 TTT_WAIT target=4 elapsed=0s need=2s
LM HO_FAIL_LOW_RSRP UE=29 currCell=4 candCell=6 candRsrp=-111.635 < min=-110
UE 31 TTT_WAIT target=6 elapsed=0s need=2s
UE 32 TTT_WAIT target=4 elapsed=0s need=2s
LM HO_FAIL_LOW_RSRP UE=33 currCell=3 candCell=4 candRsrp=-111.088 < min=-110
LM HO_FAIL_LOW_RSRP UE=34 currCell=2 candCell=7 candRsrp=-118.447 < min=-110
UE 37 TTT_WAIT target=4 elapsed=0s need=2s
UE 38 TTT_WAIT target=6 elapsed=0s need=2s
LM HO_FAIL_LOW_RSRP UE=39 currCell=2 candCell=1 candRsrp=-111.231 < min=-110
UE 41 TTT_WAIT target=4 elapsed=0s need=2s
UE 43 TTT_WAIT target=3 elapsed=0s need=2s
LM HO_FAIL_LOW_RSRP UE=44 currCell=2 candCell=5 candRsrp=-113.039 < min=-110
UE 45 TTT_WAIT target=5 elapsed=0s need=2s
UE 46 TTT_WAIT target=3 elapsed=0s need=2s
UE 47 TTT_WAIT target=2 elapsed=0s need=2s
LM HO_FAIL_LOW_RSRP UE=48 currCell=3 candCell=4 candRsrp=-110.612 < min=-110
UE 49 TTT_WAIT target=5 elapsed=0s need=2s
UE 51 TTT_WAIT target=2 elapsed=0s need=2s
UE 52 TTT_WAIT target=1 elapsed=0s need=2s
LM HO UE=53 rnti=125 3->1 type=TN servingRsrp=-113.089 targetRsrp=-107.03 targetLoadReal=16/20 targetLoadEff=16/20
UE 54 TTT_WAIT target=3 elapsed=0s need=2s
UE 55 TTT_WAIT target=1 elapsed=0s need=2s
UE 57 TTT_WAIT target=1 elapsed=0s need=2s
UE 58 TTT_WAIT target=5 elapsed=0s need=2s
LM HO_FAIL_LOW_RSRP UE=59 currCell=1 candCell=2 candRsrp=-114.877 < min=-110
UE 60 TTT_WAIT target=4 elapsed=0s need=2s
UE 61 TTT_WAIT target=6 elapsed=0s need=2s
UE 62 TTT_WAIT target=2 elapsed=0s need=2s
UE 66 TTT_WAIT target=1 elapsed=0s need=2s
LM HO_FAIL_LOW_RSRP UE=67 currCell=1 candCell=6 candRsrp=-115.475 < min=-110
UE 68 TTT_WAIT target=4 elapsed=0s need=2s
LM HO_FAIL_LOW_RSRP UE=69 currCell=4 candCell=2 candRsrp=-112.334 < min=-110
UE 70 TTT_WAIT target=1 elapsed=0s need=2s
LM HO_FAIL_LOW_RSRP UE=71 currCell=2 candCell=3 candRsrp=-111.086 < min=-110
LM HO_FAIL_LOW_RSRP UE=72 currCell=1 candCell=4 candRsrp=-110.017 < min=-110
LM HO_FAIL_LOW_RSRP UE=75 currCell=1 candCell=5 candRsrp=-117.186 < min=-110
LM HO_FAIL_LOW_RSRP UE=76 currCell=5 candCell=7 candRsrp=-113.727 < min=-110
UE 77 TTT_WAIT target=3 elapsed=0s need=2s
UE 78 TTT_WAIT target=2 elapsed=0s need=2s
LM HO_FAIL_LOW_RSRP UE=79 currCell=2 candCell=7 candRsrp=-116.691 < min=-110
UE 80 TTT_WAIT target=4 elapsed=0s need=2s
UE 81 TTT_WAIT target=2 elapsed=0s need=2s
LM HO_FAIL_LOW_RSRP UE=82 currCell=4 candCell=2 candRsrp=-113.997 < min=-110
UE 83 TTT_WAIT target=1 elapsed=0s need=2s
LM HO UE=85 rnti=165 4->1 type=TN servingRsrp=-117.388 targetRsrp=-88.7401 targetLoadReal=16/20 targetLoadEff=17/20
LM HO_FAIL_LOW_RSRP UE=86 currCell=3 candCell=6 candRsrp=-117.367 < min=-110
LM HO_FAIL_LOW_RSRP UE=87 currCell=1 candCell=2 candRsrp=-110.057 < min=-110
TRACE HO_SUCCESS Time=72.6151 IMSI=52 TargetCell=1 Type=TN TargetRSRP=-111.32 ServingRSRP=-108.578 BackhaulDlSnr=-999 BackhaulUlSnr=-999
TRACE HO_SUCCESS Time=72.6151 IMSI=84 TargetCell=1 Type=TN TargetRSRP=-111.474 ServingRSRP=-86.9756 BackhaulDlSnr=-999 BackhaulUlSnr=-999
UAV_AUTONOMY_XAPP Time=74.5 DeploymentMode=tn-uav UavIndex=0 UavCellId=5 BestDonorCellId=1 BestDonorDistanceM=143.511 XhaulConnected=1 XhaulChannelVariationDb=0 RawXhaulState=HEALTHY RawXhaulStateAgeSec=70 XhaulState=HEALTHY DonorUnavailableActive=0 SatBackhaulHealthy=0 UavSwitchingXappAvailable=0 UavSwitchingXappState=DISABLED AiPredictedBackhaulMode=RULE_BASED BackhaulMode=TN_DIRECT RicControlState=TN_E2 ActiveUavRic=LOCAL_UAV_AUTONOMY NormalUeHandoverAllowed=1 UavMode=TN_CONTROLLED_COVERAGE_EXTENSION
UAV_AUTONOMY_XAPP Time=74.5 DeploymentMode=tn-uav UavIndex=1 UavCellId=6 BestDonorCellId=1 BestDonorDistanceM=110.88 XhaulConnected=1 XhaulChannelVariationDb=0 RawXhaulState=HEALTHY RawXhaulStateAgeSec=70 XhaulState=HEALTHY DonorUnavailableActive=0 SatBackhaulHealthy=0 UavSwitchingXappAvailable=0 UavSwitchingXappState=DISABLED AiPredictedBackhaulMode=RULE_BASED BackhaulMode=TN_DIRECT RicControlState=TN_E2 ActiveUavRic=LOCAL_UAV_AUTONOMY NormalUeHandoverAllowed=1 UavMode=TN_CONTROLLED_COVERAGE_EXTENSION
UAV_AUTONOMY_XAPP Time=74.5 DeploymentMode=tn-uav UavIndex=2 UavCellId=7 BestDonorCellId=1 BestDonorDistanceM=133.08 XhaulConnected=1 XhaulChannelVariationDb=0 RawXhaulState=HEALTHY RawXhaulStateAgeSec=70 XhaulState=HEALTHY DonorUnavailableActive=0 SatBackhaulHealthy=0 UavSwitchingXappAvailable=0 UavSwitchingXappState=DISABLED AiPredictedBackhaulMode=RULE_BASED BackhaulMode=TN_DIRECT RicControlState=TN_E2 ActiveUavRic=LOCAL_UAV_AUTONOMY NormalUeHandoverAllowed=1 UavMode=TN_CONTROLLED_COVERAGE_EXTENSION
---- LOAD at t=74.5 ----
  cell 1 (TN) load=18/20
  cell 2 (TN) load=18/20
  cell 3 (TN) load=13/20
  cell 4 (TN) load=17/20
  cell 5 (NTN) load=2/15
  cell 6 (NTN) load=5/15
  cell 7 (NTN) load=7/15
LM HO_FAIL_LOW_RSRP UE=8 currCell=4 candCell=5 candRsrp=-112.769 < min=-110
UE 9 TTT_WAIT target=4 elapsed=0s need=2s
UE 10 TTT_WAIT target=3 elapsed=0s need=2s
LM HO_FAIL_LOW_RSRP UE=11 currCell=2 candCell=5 candRsrp=-114.641 < min=-110
UE 13 TTT_WAIT target=3 elapsed=0s need=2s
UE 14 TTT_WAIT target=1 elapsed=0s need=2s
UE 15 TTT_WAIT target=4 elapsed=0s need=2s
LM HO_FAIL_LOW_RSRP UE=16 currCell=2 candCell=1 candRsrp=-110.786 < min=-110
UE 18 TTT_WAIT target=7 elapsed=0s need=2s
UE 20 TTT_WAIT target=3 elapsed=0s need=2s
UE 21 TTT_WAIT target=3 elapsed=0s need=2s
UE 25 TTT_WAIT target=1 elapsed=0s need=2s
UE 26 TTT_WAIT target=5 elapsed=0s need=2s
UE 27 TTT_WAIT target=5 elapsed=0s need=2s
UE 28 TTT_WAIT target=1 elapsed=0s need=2s
UE 29 TTT_WAIT target=6 elapsed=0s need=2s
UE 30 TTT_WAIT target=1 elapsed=0s need=2s
UE 31 TTT_WAIT target=4 elapsed=0s need=2s
UE 33 TTT_WAIT target=6 elapsed=0s need=2s
UE 34 TTT_WAIT target=5 elapsed=0s need=2s
UE 35 TTT_WAIT target=2 elapsed=0s need=2s
UE 38 TTT_WAIT target=5 elapsed=0s need=2s
LM HO_FAIL_LOW_RSRP UE=39 currCell=2 candCell=7 candRsrp=-117.774 < min=-110
UE 41 TTT_WAIT target=6 elapsed=0s need=2s
LM HO_FAIL_LOW_RSRP UE=42 currCell=3 candCell=1 candRsrp=-112.827 < min=-110
UE 43 TTT_WAIT target=2 elapsed=0s need=2s
UE 44 TTT_WAIT target=6 elapsed=0s need=2s
LM HO UE=45 rnti=178 4->5 type=NTN servingRsrp=-114.37 targetRsrp=-83.8393 targetLoadReal=2/15 targetLoadEff=2/15
LM HO UE=46 rnti=156 4->3 type=TN servingRsrp=-106.057 targetRsrp=-82.2418 targetLoadReal=13/20 targetLoadEff=13/20
UE 48 TTT_WAIT target=5 elapsed=0s need=2s
UE 50 TTT_WAIT target=6 elapsed=0s need=2s
LM HO UE=52 rnti=121 6->1 type=TN servingRsrp=-109.822 targetRsrp=-94.4129 targetLoadReal=18/20 targetLoadEff=18/20
UE 53 TTT_WAIT target=4 elapsed=0s need=2s
LM HO UE=54 rnti=143 1->3 type=TN servingRsrp=-106.937 targetRsrp=-98.0312 targetLoadReal=13/20 targetLoadEff=14/20
UE 55 TTT_WAIT target=6 elapsed=0s need=2s
UE 56 TTT_WAIT target=3 elapsed=0s need=2s
UE 57 TTT_WAIT target=2 elapsed=0s need=2s
LM HO UE=58 rnti=172 4->5 type=NTN servingRsrp=-110.67 targetRsrp=-93.1056 targetLoadReal=2/15 targetLoadEff=3/15
UE 59 TTT_WAIT target=7 elapsed=0s need=2s
LM HO_FAIL_LOW_RSRP UE=60 currCell=3 candCell=5 candRsrp=-114.774 < min=-110
LM HO_FAIL_LOW_RSRP UE=61 currCell=3 candCell=6 candRsrp=-120.027 < min=-110
UE 63 TTT_WAIT target=7 elapsed=0s need=2s
UE 64 TTT_WAIT target=2 elapsed=0s need=2s
LM HO_FAIL_LOW_RSRP UE=65 currCell=3 candCell=6 candRsrp=-113.232 < min=-110
UE 66 TTT_WAIT target=4 elapsed=0s need=2s
UE 67 TTT_WAIT target=4 elapsed=0s need=2s
LM HO_FAIL_LOW_RSRP UE=68 currCell=2 candCell=3 candRsrp=-112.317 < min=-110
LM HO_FAIL_LOW_RSRP UE=69 currCell=4 candCell=2 candRsrp=-111.081 < min=-110
LM HO_FAIL_LOW_RSRP UE=70 currCell=2 candCell=1 candRsrp=-111.389 < min=-110
LM HO_FAIL_LOW_RSRP UE=71 currCell=2 candCell=3 candRsrp=-111.279 < min=-110
UE 72 TTT_WAIT target=5 elapsed=0s need=2s
UE 73 TTT_WAIT target=3 elapsed=0s need=2s
LM HO_FAIL_LOW_RSRP UE=74 currCell=4 candCell=1 candRsrp=-114.84 < min=-110
LM HO_FAIL_LOW_RSRP UE=75 currCell=1 candCell=6 candRsrp=-115.107 < min=-110
UE 76 TTT_WAIT target=6 elapsed=0s need=2s
UE 77 TTT_WAIT target=7 elapsed=0s need=2s
LM HO_FAIL_LOW_RSRP UE=78 currCell=1 candCell=2 candRsrp=-114.651 < min=-110
UE 79 TTT_WAIT target=1 elapsed=0s need=2s
UE 82 TTT_WAIT target=1 elapsed=0s need=2s
UE 83 TTT_WAIT target=6 elapsed=0s need=2s
UE 84 TTT_WAIT target=3 elapsed=0s need=2s
LM HO_FAIL_LOW_RSRP UE=85 currCell=1 candCell=2 candRsrp=-112.898 < min=-110
LM HO_FAIL_LOW_RSRP UE=86 currCell=3 candCell=5 candRsrp=-121.656 < min=-110
LM HO_FAIL_LOW_RSRP UE=87 currCell=1 candCell=6 candRsrp=-117.883 < min=-110
TRACE HO_SUCCESS Time=74.6151 IMSI=51 TargetCell=1 Type=TN TargetRSRP=-113.026 ServingRSRP=-107.255 BackhaulDlSnr=-999 BackhaulUlSnr=-999
TRACE HO_SUCCESS Time=74.6151 IMSI=53 TargetCell=3 Type=TN TargetRSRP=-116.96 ServingRSRP=-81.8859 BackhaulDlSnr=-999 BackhaulUlSnr=-999
TRACE HO_SUCCESS Time=74.6151 IMSI=45 TargetCell=3 Type=TN TargetRSRP=-109.198 ServingRSRP=-107.819 BackhaulDlSnr=-999 BackhaulUlSnr=-999
TRACE HO_SUCCESS Time=74.6151 IMSI=44 TargetCell=5 Type=NTN TargetRSRP=-73.5028 ServingRSRP=-108.012 BackhaulDlSnr=-999 BackhaulUlSnr=-999
TRACE HO_SUCCESS Time=74.6151 IMSI=57 TargetCell=5 Type=NTN TargetRSRP=-111.857 ServingRSRP=-98.863 BackhaulDlSnr=-999 BackhaulUlSnr=-999
UAV_AUTONOMY_XAPP Time=76.5 DeploymentMode=tn-uav UavIndex=0 UavCellId=5 BestDonorCellId=1 BestDonorDistanceM=143.511 XhaulConnected=1 XhaulChannelVariationDb=0 RawXhaulState=HEALTHY RawXhaulStateAgeSec=72 XhaulState=HEALTHY DonorUnavailableActive=0 SatBackhaulHealthy=0 UavSwitchingXappAvailable=0 UavSwitchingXappState=DISABLED AiPredictedBackhaulMode=RULE_BASED BackhaulMode=TN_DIRECT RicControlState=TN_E2 ActiveUavRic=LOCAL_UAV_AUTONOMY NormalUeHandoverAllowed=1 UavMode=TN_CONTROLLED_COVERAGE_EXTENSION
UAV_AUTONOMY_XAPP Time=76.5 DeploymentMode=tn-uav UavIndex=1 UavCellId=6 BestDonorCellId=1 BestDonorDistanceM=110.88 XhaulConnected=1 XhaulChannelVariationDb=0 RawXhaulState=HEALTHY RawXhaulStateAgeSec=72 XhaulState=HEALTHY DonorUnavailableActive=0 SatBackhaulHealthy=0 UavSwitchingXappAvailable=0 UavSwitchingXappState=DISABLED AiPredictedBackhaulMode=RULE_BASED BackhaulMode=TN_DIRECT RicControlState=TN_E2 ActiveUavRic=LOCAL_UAV_AUTONOMY NormalUeHandoverAllowed=1 UavMode=TN_CONTROLLED_COVERAGE_EXTENSION
UAV_AUTONOMY_XAPP Time=76.5 DeploymentMode=tn-uav UavIndex=2 UavCellId=7 BestDonorCellId=1 BestDonorDistanceM=133.08 XhaulConnected=1 XhaulChannelVariationDb=0 RawXhaulState=HEALTHY RawXhaulStateAgeSec=72 XhaulState=HEALTHY DonorUnavailableActive=0 SatBackhaulHealthy=0 UavSwitchingXappAvailable=0 UavSwitchingXappState=DISABLED AiPredictedBackhaulMode=RULE_BASED BackhaulMode=TN_DIRECT RicControlState=TN_E2 ActiveUavRic=LOCAL_UAV_AUTONOMY NormalUeHandoverAllowed=1 UavMode=TN_CONTROLLED_COVERAGE_EXTENSION
---- LOAD at t=76.5 ----
  cell 1 (TN) load=18/20
  cell 2 (TN) load=18/20
  cell 3 (TN) load=15/20
  cell 4 (TN) load=14/20
  cell 5 (NTN) load=4/15
  cell 6 (NTN) load=4/15
  cell 7 (NTN) load=7/15
UE 8 TTT_WAIT target=6 elapsed=0s need=2s
UE 9 TTT_WAIT target=3 elapsed=0s need=2s
LM HO UE=10 rnti=69 7->3 type=TN servingRsrp=-121.19 targetRsrp=-94.3409 targetLoadReal=15/20 targetLoadEff=15/20
UE 12 TTT_WAIT target=1 elapsed=0s need=2s
LM HO UE=13 rnti=179 4->3 type=TN servingRsrp=-104.564 targetRsrp=-100.189 targetLoadReal=15/20 targetLoadEff=16/20
UE 15 TTT_WAIT target=2 elapsed=0s need=2s
LM HO_FAIL_LOW_RSRP UE=16 currCell=2 candCell=5 candRsrp=-115.422 < min=-110
UE 17 TTT_WAIT target=4 elapsed=0s need=2s
UE 18 TTT_WAIT target=5 elapsed=0s need=2s
UE 19 TTT_WAIT target=2 elapsed=0s need=2s
LM HO_FAIL_LOW_RSRP UE=20 currCell=2 candCell=6 candRsrp=-120.545 < min=-110
UE 21 TTT_WAIT target=2 elapsed=0s need=2s
UE 22 TTT_WAIT target=5 elapsed=0s need=2s
UE 23 TTT_WAIT target=7 elapsed=0s need=2s
LM HO_FAIL_LOW_RSRP UE=24 currCell=4 candCell=5 candRsrp=-116.723 < min=-110
UE 26 TTT_WAIT target=4 elapsed=0s need=2s
UE 29 TTT_WAIT target=1 elapsed=0s need=2s
UE 30 TTT_WAIT target=4 elapsed=0s need=2s
UE 31 TTT_WAIT target=6 elapsed=0s need=2s
LM HO_FAIL_LOW_RSRP UE=33 currCell=3 candCell=4 candRsrp=-113.612 < min=-110
LM HO UE=35 rnti=142 1->2 type=TN servingRsrp=-107.951 targetRsrp=-105.078 targetLoadReal=18/20 targetLoadEff=18/20
UE 37 TTT_WAIT target=4 elapsed=0s need=2s
LM HO_FAIL_LOW_RSRP UE=39 currCell=2 candCell=6 candRsrp=-118.05 < min=-110
LM HO_FAIL_LOW_RSRP UE=42 currCell=3 candCell=1 candRsrp=-112.516 < min=-110
LM HO UE=44 rnti=81 2->6 type=NTN servingRsrp=-111.123 targetRsrp=-95.6871 targetLoadReal=4/15 targetLoadEff=4/15
UE 46 TTT_WAIT target=2 elapsed=0s need=2s
UE 47 TTT_WAIT target=6 elapsed=0s need=2s
UE 52 TTT_WAIT target=3 elapsed=0s need=2s
UE 54 TTT_WAIT target=4 elapsed=0s need=2s
LM HO UE=56 rnti=161 4->3 type=TN servingRsrp=-109.131 targetRsrp=-106.005 targetLoadReal=15/20 targetLoadEff=17/20
UE 57 TTT_WAIT target=7 elapsed=0s need=2s
UE 58 TTT_WAIT target=3 elapsed=0s need=2s
LM HO_FAIL_LOW_RSRP UE=59 currCell=1 candCell=2 candRsrp=-113.637 < min=-110
UE 60 TTT_WAIT target=1 elapsed=0s need=2s
LM HO_FAIL_LOW_RSRP UE=61 currCell=3 candCell=4 candRsrp=-112.587 < min=-110
UE 64 TTT_WAIT target=3 elapsed=0s need=2s
UE 65 TTT_WAIT target=2 elapsed=0s need=2s
LM HO_FAIL_LOW_RSRP UE=66 currCell=3 candCell=4 candRsrp=-110.066 < min=-110
UE 68 TTT_WAIT target=4 elapsed=0s need=2s
UE 69 TTT_WAIT target=3 elapsed=0s need=2s
LM HO_FAIL_LOW_RSRP UE=70 currCell=2 candCell=1 candRsrp=-113.333 < min=-110
LM HO_FAIL_LOW_RSRP UE=71 currCell=2 candCell=3 candRsrp=-110.43 < min=-110
UE 72 TTT_WAIT target=2 elapsed=0s need=2s
UE 73 TTT_WAIT target=5 elapsed=0s need=2s
UE 74 TTT_WAIT target=1 elapsed=0s need=2s
UE 75 TTT_WAIT target=3 elapsed=0s need=2s
UE 78 TTT_WAIT target=4 elapsed=0s need=2s
LM HO_FAIL_LOW_RSRP UE=79 currCell=2 candCell=1 candRsrp=-114.996 < min=-110
LM HO_FAIL_LOW_RSRP UE=80 currCell=7 candCell=5 candRsrp=-117.669 < min=-110
UE 81 TTT_WAIT target=1 elapsed=0s need=2s
LM HO_FAIL_LOW_RSRP UE=82 currCell=4 candCell=1 candRsrp=-116.468 < min=-110
LM HO_FAIL_LOW_RSRP UE=83 currCell=3 candCell=7 candRsrp=-119.836 < min=-110
UE 84 TTT_WAIT target=7 elapsed=0s need=2s
LM HO_FAIL_LOW_RSRP UE=85 currCell=1 candCell=5 candRsrp=-110.136 < min=-110
UE 86 TTT_WAIT target=4 elapsed=0s need=2s
LM HO_FAIL_LOW_RSRP UE=87 currCell=1 candCell=7 candRsrp=-117.922 < min=-110
TRACE HO_SUCCESS Time=76.6151 IMSI=34 TargetCell=2 Type=TN TargetRSRP=-109.222 ServingRSRP=-98.8416 BackhaulDlSnr=-999 BackhaulUlSnr=-999
TRACE HO_SUCCESS Time=76.6151 IMSI=12 TargetCell=3 Type=TN TargetRSRP=-104.809 ServingRSRP=-89.5495 BackhaulDlSnr=-999 BackhaulUlSnr=-999
TRACE HO_SUCCESS Time=76.6151 IMSI=55 TargetCell=3 Type=TN TargetRSRP=-109.076 ServingRSRP=-93.777 BackhaulDlSnr=-999 BackhaulUlSnr=-999
TRACE HO_SUCCESS Time=76.6151 IMSI=9 TargetCell=3 Type=TN TargetRSRP=-111.784 ServingRSRP=-106.579 BackhaulDlSnr=-999 BackhaulUlSnr=-999
TRACE HO_SUCCESS Time=76.6151 IMSI=43 TargetCell=6 Type=NTN TargetRSRP=-115.921 ServingRSRP=-113.708 BackhaulDlSnr=-999 BackhaulUlSnr=-999
UAV_AUTONOMY_XAPP Time=78.5 DeploymentMode=tn-uav UavIndex=0 UavCellId=5 BestDonorCellId=1 BestDonorDistanceM=143.511 XhaulConnected=1 XhaulChannelVariationDb=0 RawXhaulState=HEALTHY RawXhaulStateAgeSec=74 XhaulState=HEALTHY DonorUnavailableActive=0 SatBackhaulHealthy=0 UavSwitchingXappAvailable=0 UavSwitchingXappState=DISABLED AiPredictedBackhaulMode=RULE_BASED BackhaulMode=TN_DIRECT RicControlState=TN_E2 ActiveUavRic=LOCAL_UAV_AUTONOMY NormalUeHandoverAllowed=1 UavMode=TN_CONTROLLED_COVERAGE_EXTENSION
UAV_AUTONOMY_XAPP Time=78.5 DeploymentMode=tn-uav UavIndex=1 UavCellId=6 BestDonorCellId=1 BestDonorDistanceM=110.88 XhaulConnected=1 XhaulChannelVariationDb=0 RawXhaulState=HEALTHY RawXhaulStateAgeSec=74 XhaulState=HEALTHY DonorUnavailableActive=0 SatBackhaulHealthy=0 UavSwitchingXappAvailable=0 UavSwitchingXappState=DISABLED AiPredictedBackhaulMode=RULE_BASED BackhaulMode=TN_DIRECT RicControlState=TN_E2 ActiveUavRic=LOCAL_UAV_AUTONOMY NormalUeHandoverAllowed=1 UavMode=TN_CONTROLLED_COVERAGE_EXTENSION
UAV_AUTONOMY_XAPP Time=78.5 DeploymentMode=tn-uav UavIndex=2 UavCellId=7 BestDonorCellId=1 BestDonorDistanceM=133.08 XhaulConnected=1 XhaulChannelVariationDb=0 RawXhaulState=HEALTHY RawXhaulStateAgeSec=74 XhaulState=HEALTHY DonorUnavailableActive=0 SatBackhaulHealthy=0 UavSwitchingXappAvailable=0 UavSwitchingXappState=DISABLED AiPredictedBackhaulMode=RULE_BASED BackhaulMode=TN_DIRECT RicControlState=TN_E2 ActiveUavRic=LOCAL_UAV_AUTONOMY NormalUeHandoverAllowed=1 UavMode=TN_CONTROLLED_COVERAGE_EXTENSION
---- LOAD at t=78.5 ----
  cell 1 (TN) load=17/20
  cell 2 (TN) load=18/20
  cell 3 (TN) load=18/20
  cell 4 (TN) load=12/20
  cell 5 (NTN) load=4/15
  cell 6 (NTN) load=5/15
  cell 7 (NTN) load=6/15
UE 8 TTT_WAIT target=5 elapsed=0s need=2s
LM HO_FAIL_LOW_RSRP UE=10 currCell=3 candCell=6 candRsrp=-117.31 < min=-110
LM HO_FAIL_LOW_RSRP UE=12 currCell=2 candCell=6 candRsrp=-116.555 < min=-110
UE 14 TTT_WAIT target=4 elapsed=0s need=2s
UE 15 TTT_WAIT target=4 elapsed=0s need=2s
UE 17 TTT_WAIT target=1 elapsed=0s need=2s
LM HO UE=18 rnti=163 4->5 type=NTN servingRsrp=-112.251 targetRsrp=-102.956 targetLoadReal=4/15 targetLoadEff=4/15
UE 20 TTT_WAIT target=1 elapsed=0s need=2s
LM HO UE=21 rnti=157 1->2 type=TN servingRsrp=-112.794 targetRsrp=-105.154 targetLoadReal=18/20 targetLoadEff=18/20
UE 22 TTT_WAIT target=2 elapsed=0s need=2s
UE 24 TTT_WAIT target=2 elapsed=0s need=2s
UE 25 TTT_WAIT target=1 elapsed=0s need=2s
UE 26 TTT_WAIT target=2 elapsed=0s need=2s
UE 27 TTT_WAIT target=7 elapsed=0s need=2s
UE 29 TTT_WAIT target=3 elapsed=0s need=2s
LM HO_FAIL_LOW_RSRP UE=30 currCell=2 candCell=7 candRsrp=-116.763 < min=-110
UE 33 TTT_WAIT target=4 elapsed=0s need=2s
LM HO_FAIL_LOW_RSRP UE=34 currCell=2 candCell=1 candRsrp=-110.865 < min=-110
UE 37 TTT_WAIT target=3 elapsed=0s need=2s
UE 38 TTT_WAIT target=5 elapsed=0s need=2s
UE 39 TTT_WAIT target=4 elapsed=0s need=2s
UE 40 TTT_WAIT target=7 elapsed=0s need=2s
UE 41 TTT_WAIT target=4 elapsed=0s need=2s
UE 43 TTT_WAIT target=1 elapsed=0s need=2s
UE 45 TTT_WAIT target=1 elapsed=0s need=2s
UE 46 TTT_WAIT target=4 elapsed=0s need=2s
LM HO_FAIL_LOW_RSRP UE=48 currCell=3 candCell=6 candRsrp=-117.398 < min=-110
UE 50 TTT_WAIT target=3 elapsed=0s need=2s
UE 51 TTT_WAIT target=4 elapsed=0s need=2s
UE 53 TTT_WAIT target=4 elapsed=0s need=2s
LM HO_FAIL_LOW_RSRP UE=54 currCell=3 candCell=7 candRsrp=-110.237 < min=-110
UE 55 TTT_WAIT target=2 elapsed=0s need=2s
UE 56 TTT_WAIT target=4 elapsed=0s need=2s
UE 57 TTT_WAIT target=5 elapsed=0s need=2s
UE 58 TTT_WAIT target=7 elapsed=0s need=2s
UE 59 TTT_WAIT target=3 elapsed=0s need=2s
LM HO UE=60 rnti=105 3->1 type=TN servingRsrp=-113.104 targetRsrp=-90.0353 targetLoadReal=17/20 targetLoadEff=17/20
LM HO_FAIL_LOW_RSRP UE=61 currCell=3 candCell=4 candRsrp=-111.174 < min=-110
UE 62 TTT_WAIT target=4 elapsed=0s need=2s
UE 64 TTT_WAIT target=7 elapsed=0s need=2s
UE 65 TTT_WAIT target=5 elapsed=0s need=2s
LM HO_FAIL_LOW_RSRP UE=68 currCell=2 candCell=1 candRsrp=-110.839 < min=-110
UE 71 TTT_WAIT target=3 elapsed=0s need=2s
LM HO_FAIL_LOW_RSRP UE=72 currCell=1 candCell=2 candRsrp=-114.26 < min=-110
UE 73 TTT_WAIT target=2 elapsed=0s need=2s
LM HO_FAIL_LOW_RSRP UE=74 currCell=4 candCell=7 candRsrp=-121.266 < min=-110
LM HO_FAIL_LOW_RSRP UE=78 currCell=1 candCell=5 candRsrp=-116.727 < min=-110
LM HO_FAIL_LOW_RSRP UE=79 currCell=2 candCell=1 candRsrp=-111.466 < min=-110
UE 81 TTT_WAIT target=5 elapsed=0s need=2s
LM HO_FAIL_LOW_RSRP UE=82 currCell=4 candCell=3 candRsrp=-112.056 < min=-110
LM HO_FAIL_LOW_RSRP UE=83 currCell=3 candCell=7 candRsrp=-117.355 < min=-110
LM HO_FAIL_LOW_RSRP UE=85 currCell=1 candCell=5 candRsrp=-111.216 < min=-110
LM HO_FAIL_LOW_RSRP UE=86 currCell=3 candCell=6 candRsrp=-118.079 < min=-110
LM HO_FAIL_LOW_RSRP UE=87 currCell=1 candCell=6 candRsrp=-115.291 < min=-110
TRACE HO_SUCCESS Time=78.6151 IMSI=59 TargetCell=1 Type=TN TargetRSRP=-118.803 ServingRSRP=-110.842 BackhaulDlSnr=-999 BackhaulUlSnr=-999
TRACE HO_SUCCESS Time=78.6151 IMSI=20 TargetCell=2 Type=TN TargetRSRP=-107.766 ServingRSRP=-82.5382 BackhaulDlSnr=-999 BackhaulUlSnr=-999
TRACE HO_SUCCESS Time=78.6151 IMSI=17 TargetCell=5 Type=NTN TargetRSRP=-117.869 ServingRSRP=-106.497 BackhaulDlSnr=-999 BackhaulUlSnr=-999
UAV_AUTONOMY_XAPP Time=80.5 DeploymentMode=tn-uav UavIndex=0 UavCellId=5 BestDonorCellId=1 BestDonorDistanceM=143.511 XhaulConnected=1 XhaulChannelVariationDb=0 RawXhaulState=HEALTHY RawXhaulStateAgeSec=76 XhaulState=HEALTHY DonorUnavailableActive=0 SatBackhaulHealthy=0 UavSwitchingXappAvailable=0 UavSwitchingXappState=DISABLED AiPredictedBackhaulMode=RULE_BASED BackhaulMode=TN_DIRECT RicControlState=TN_E2 ActiveUavRic=LOCAL_UAV_AUTONOMY NormalUeHandoverAllowed=1 UavMode=TN_CONTROLLED_COVERAGE_EXTENSION
UAV_AUTONOMY_XAPP Time=80.5 DeploymentMode=tn-uav UavIndex=1 UavCellId=6 BestDonorCellId=1 BestDonorDistanceM=110.88 XhaulConnected=1 XhaulChannelVariationDb=0 RawXhaulState=HEALTHY RawXhaulStateAgeSec=76 XhaulState=HEALTHY DonorUnavailableActive=0 SatBackhaulHealthy=0 UavSwitchingXappAvailable=0 UavSwitchingXappState=DISABLED AiPredictedBackhaulMode=RULE_BASED BackhaulMode=TN_DIRECT RicControlState=TN_E2 ActiveUavRic=LOCAL_UAV_AUTONOMY NormalUeHandoverAllowed=1 UavMode=TN_CONTROLLED_COVERAGE_EXTENSION
UAV_AUTONOMY_XAPP Time=80.5 DeploymentMode=tn-uav UavIndex=2 UavCellId=7 BestDonorCellId=1 BestDonorDistanceM=133.08 XhaulConnected=1 XhaulChannelVariationDb=0 RawXhaulState=HEALTHY RawXhaulStateAgeSec=76 XhaulState=HEALTHY DonorUnavailableActive=0 SatBackhaulHealthy=0 UavSwitchingXappAvailable=0 UavSwitchingXappState=DISABLED AiPredictedBackhaulMode=RULE_BASED BackhaulMode=TN_DIRECT RicControlState=TN_E2 ActiveUavRic=LOCAL_UAV_AUTONOMY NormalUeHandoverAllowed=1 UavMode=TN_CONTROLLED_COVERAGE_EXTENSION
---- LOAD at t=80.5 ----
  cell 1 (TN) load=17/20
  cell 2 (TN) load=19/20
  cell 3 (TN) load=17/20
  cell 4 (TN) load=11/20
  cell 5 (NTN) load=5/15
  cell 6 (NTN) load=5/15
  cell 7 (NTN) load=6/15
UE 8 TTT_WAIT target=3 elapsed=0s need=2s
LM HO_FAIL_LOW_RSRP UE=9 currCell=1 candCell=5 candRsrp=-112.622 < min=-110
UE 11 TTT_WAIT target=1 elapsed=0s need=2s
UE 15 TTT_WAIT target=2 elapsed=0s need=2s
LM HO_FAIL_LOW_RSRP UE=16 currCell=2 candCell=1 candRsrp=-111.226 < min=-110
UE 18 TTT_WAIT target=1 elapsed=0s need=2s
LM HO_FAIL_LOW_RSRP UE=21 currCell=2 candCell=5 candRsrp=-114.9 < min=-110
UE 23 TTT_WAIT target=2 elapsed=0s need=2s
LM HO_FAIL_LOW_RSRP UE=24 currCell=4 candCell=6 candRsrp=-117.376 < min=-110
UE 25 TTT_WAIT target=4 elapsed=0s need=2s
UE 26 TTT_WAIT target=6 elapsed=0s need=2s
LM HO_FAIL_LOW_RSRP UE=28 currCell=3 candCell=6 candRsrp=-116.633 < min=-110
LM HO_FAIL_LOW_RSRP UE=29 currCell=4 candCell=7 candRsrp=-119.356 < min=-110
UE 33 TTT_WAIT target=2 elapsed=0s need=2s
LM HO_FAIL_LOW_RSRP UE=34 currCell=2 candCell=1 candRsrp=-115.239 < min=-110
LM HO UE=38 rnti=72 7->5 type=NTN servingRsrp=-109.001 targetRsrp=-99.9565 targetLoadReal=5/15 targetLoadEff=5/15
LM HO_FAIL_LOW_RSRP UE=39 currCell=2 candCell=6 candRsrp=-118.858 < min=-110
UE 40 TTT_WAIT target=6 elapsed=0s need=2s
LM HO_FAIL_LOW_RSRP UE=42 currCell=3 candCell=2 candRsrp=-113.661 < min=-110
LM HO UE=43 rnti=74 7->1 type=TN servingRsrp=-113.068 targetRsrp=-85.0133 targetLoadReal=17/20 targetLoadEff=17/20
UE 45 TTT_WAIT target=6 elapsed=0s need=2s
UE 47 TTT_WAIT target=2 elapsed=0s need=2s
LM HO_FAIL_LOW_RSRP UE=48 currCell=3 candCell=6 candRsrp=-117.791 < min=-110
LM HO_FAIL_LOW_RSRP UE=49 currCell=4 candCell=3 candRsrp=-114.05 < min=-110
UE 53 TTT_WAIT target=7 elapsed=0s need=2s
LM HO_FAIL_LOW_RSRP UE=54 currCell=3 candCell=5 candRsrp=-110.566 < min=-110
UE 56 TTT_WAIT target=7 elapsed=0s need=2s
UE 57 TTT_WAIT target=1 elapsed=0s need=2s
UE 58 TTT_WAIT target=3 elapsed=0s need=2s
LM HO UE=59 rnti=153 1->3 type=TN servingRsrp=-111.456 targetRsrp=-101.076 targetLoadReal=17/20 targetLoadEff=17/20
LM HO_FAIL_LOW_RSRP UE=60 currCell=1 candCell=4 candRsrp=-113.853 < min=-110
LM HO_FAIL_LOW_RSRP UE=61 currCell=3 candCell=5 candRsrp=-115.808 < min=-110
UE 62 TTT_WAIT target=1 elapsed=0s need=2s
UE 63 TTT_WAIT target=1 elapsed=0s need=2s
LM HO_FAIL_LOW_RSRP UE=65 currCell=3 candCell=6 candRsrp=-118.712 < min=-110
LM HO_FAIL_LOW_RSRP UE=66 currCell=3 candCell=5 candRsrp=-114.342 < min=-110
LM HO_FAIL_LOW_RSRP UE=67 currCell=1 candCell=2 candRsrp=-114.827 < min=-110
LM HO_FAIL_LOW_RSRP UE=68 currCell=2 candCell=4 candRsrp=-111.694 < min=-110
LM HO_FAIL_LOW_RSRP UE=69 currCell=4 candCell=2 candRsrp=-110.816 < min=-110
UE 70 TTT_WAIT target=6 elapsed=0s need=2s
LM HO_FAIL_LOW_RSRP UE=71 currCell=2 candCell=3 candRsrp=-113.018 < min=-110
LM HO_FAIL_LOW_RSRP UE=72 currCell=1 candCell=6 candRsrp=-119.417 < min=-110
LM HO_FAIL_LOW_RSRP UE=74 currCell=4 candCell=3 candRsrp=-115.082 < min=-110
UE 76 TTT_WAIT target=2 elapsed=0s need=2s
UE 78 TTT_WAIT target=3 elapsed=0s need=2s
LM HO_FAIL_LOW_RSRP UE=83 currCell=3 candCell=6 candRsrp=-115.401 < min=-110
UE 85 TTT_WAIT target=6 elapsed=0s need=2s
LM HO_FAIL_LOW_RSRP UE=86 currCell=3 candCell=5 candRsrp=-119.164 < min=-110
LM HO_FAIL_LOW_RSRP UE=87 currCell=1 candCell=2 candRsrp=-111.878 < min=-110
TRACE HO_SUCCESS Time=80.6151 IMSI=42 TargetCell=1 Type=TN TargetRSRP=-112.724 ServingRSRP=-111.689 BackhaulDlSnr=-999 BackhaulUlSnr=-999
TRACE HO_SUCCESS Time=80.6151 IMSI=58 TargetCell=3 Type=TN TargetRSRP=-128.618 ServingRSRP=-79.8412 BackhaulDlSnr=-999 BackhaulUlSnr=-999
TRACE HO_SUCCESS Time=80.6151 IMSI=37 TargetCell=5 Type=NTN TargetRSRP=-108.553 ServingRSRP=-110.84 BackhaulDlSnr=-999 BackhaulUlSnr=-999
UAV_AUTONOMY_XAPP Time=82.5 DeploymentMode=tn-uav UavIndex=0 UavCellId=5 BestDonorCellId=1 BestDonorDistanceM=143.511 XhaulConnected=1 XhaulChannelVariationDb=0 RawXhaulState=HEALTHY RawXhaulStateAgeSec=78 XhaulState=HEALTHY DonorUnavailableActive=0 SatBackhaulHealthy=0 UavSwitchingXappAvailable=0 UavSwitchingXappState=DISABLED AiPredictedBackhaulMode=RULE_BASED BackhaulMode=TN_DIRECT RicControlState=TN_E2 ActiveUavRic=LOCAL_UAV_AUTONOMY NormalUeHandoverAllowed=1 UavMode=TN_CONTROLLED_COVERAGE_EXTENSION
UAV_AUTONOMY_XAPP Time=82.5 DeploymentMode=tn-uav UavIndex=1 UavCellId=6 BestDonorCellId=1 BestDonorDistanceM=110.88 XhaulConnected=1 XhaulChannelVariationDb=0 RawXhaulState=HEALTHY RawXhaulStateAgeSec=78 XhaulState=HEALTHY DonorUnavailableActive=0 SatBackhaulHealthy=0 UavSwitchingXappAvailable=0 UavSwitchingXappState=DISABLED AiPredictedBackhaulMode=RULE_BASED BackhaulMode=TN_DIRECT RicControlState=TN_E2 ActiveUavRic=LOCAL_UAV_AUTONOMY NormalUeHandoverAllowed=1 UavMode=TN_CONTROLLED_COVERAGE_EXTENSION
UAV_AUTONOMY_XAPP Time=82.5 DeploymentMode=tn-uav UavIndex=2 UavCellId=7 BestDonorCellId=1 BestDonorDistanceM=133.08 XhaulConnected=1 XhaulChannelVariationDb=0 RawXhaulState=HEALTHY RawXhaulStateAgeSec=78 XhaulState=HEALTHY DonorUnavailableActive=0 SatBackhaulHealthy=0 UavSwitchingXappAvailable=0 UavSwitchingXappState=DISABLED AiPredictedBackhaulMode=RULE_BASED BackhaulMode=TN_DIRECT RicControlState=TN_E2 ActiveUavRic=LOCAL_UAV_AUTONOMY NormalUeHandoverAllowed=1 UavMode=TN_CONTROLLED_COVERAGE_EXTENSION
---- LOAD at t=82.5 ----
  cell 1 (TN) load=17/20
  cell 2 (TN) load=19/20
  cell 3 (TN) load=18/20
  cell 4 (TN) load=11/20
  cell 5 (NTN) load=6/15
  cell 6 (NTN) load=5/15
  cell 7 (NTN) load=4/15
UE 8 TTT_WAIT target=7 elapsed=0s need=2s
LM HO_FAIL_LOW_RSRP UE=9 currCell=1 candCell=6 candRsrp=-110.781 < min=-110
UE 10 TTT_WAIT target=6 elapsed=0s need=2s
UE 11 TTT_WAIT target=5 elapsed=0s need=2s
LM HO_FAIL_LOW_RSRP UE=15 currCell=1 candCell=5 candRsrp=-111.925 < min=-110
LM HO_FAIL_LOW_RSRP UE=16 currCell=2 candCell=7 candRsrp=-112.131 < min=-110
UE 18 TTT_WAIT target=2 elapsed=0s need=2s
UE 20 TTT_WAIT target=6 elapsed=0s need=2s
LM HO_FAIL_LOW_RSRP UE=22 currCell=1 candCell=5 candRsrp=-111.339 < min=-110
UE 23 TTT_WAIT target=4 elapsed=0s need=2s
LM HO_FAIL_LOW_RSRP UE=24 currCell=4 candCell=7 candRsrp=-117.515 < min=-110
UE 26 TTT_WAIT target=5 elapsed=0s need=2s
UE 28 TTT_WAIT target=4 elapsed=0s need=2s
UE 29 TTT_WAIT target=3 elapsed=0s need=2s
LM HO_FAIL_LOW_RSRP UE=30 currCell=2 candCell=6 candRsrp=-115.773 < min=-110
UE 31 TTT_WAIT target=4 elapsed=0s need=2s
LM HO_FAIL_LOW_RSRP UE=32 currCell=3 candCell=6 candRsrp=-117.417 < min=-110
LM HO_FAIL_LOW_RSRP UE=33 currCell=3 candCell=2 candRsrp=-112.693 < min=-110
UE 34 TTT_WAIT target=1 elapsed=0s need=2s
UE 35 TTT_WAIT target=1 elapsed=0s need=2s
UE 36 TTT_WAIT target=6 elapsed=0s need=2s
UE 37 TTT_WAIT target=1 elapsed=0s need=2s
UE 39 TTT_WAIT target=5 elapsed=0s need=2s
UE 40 TTT_WAIT target=2 elapsed=0s need=2s
UE 41 TTT_WAIT target=4 elapsed=0s need=2s
UE 42 TTT_WAIT target=2 elapsed=0s need=2s
UE 44 TTT_WAIT target=5 elapsed=0s need=2s
UE 48 TTT_WAIT target=4 elapsed=0s need=2s
UE 49 TTT_WAIT target=1 elapsed=0s need=2s
UE 51 TTT_WAIT target=2 elapsed=0s need=2s
LM HO_FAIL_LOW_RSRP UE=52 currCell=1 candCell=3 candRsrp=-110.773 < min=-110
UE 53 TTT_WAIT target=3 elapsed=0s need=2s
UE 54 TTT_WAIT target=5 elapsed=0s need=2s
UE 55 TTT_WAIT target=1 elapsed=0s need=2s
LM HO_FAIL_LOW_RSRP UE=59 currCell=3 candCell=1 candRsrp=-112.37 < min=-110
LM HO_FAIL_LOW_RSRP UE=60 currCell=1 candCell=3 candRsrp=-115.484 < min=-110
LM HO_FAIL_LOW_RSRP UE=61 currCell=3 candCell=6 candRsrp=-118 < min=-110
LM HO_FAIL_LOW_RSRP UE=62 currCell=3 candCell=7 candRsrp=-110.816 < min=-110
UE 63 TTT_WAIT target=4 elapsed=0s need=2s
LM HO_FAIL_LOW_RSRP UE=66 currCell=3 candCell=4 candRsrp=-111.923 < min=-110
LM HO_FAIL_LOW_RSRP UE=67 currCell=1 candCell=7 candRsrp=-115.355 < min=-110
LM HO_FAIL_LOW_RSRP UE=68 currCell=2 candCell=3 candRsrp=-113.708 < min=-110
UE 69 TTT_WAIT target=2 elapsed=0s need=2s
LM HO_FAIL_LOW_RSRP UE=70 currCell=2 candCell=7 candRsrp=-116.735 < min=-110
LM HO_FAIL_LOW_RSRP UE=71 currCell=2 candCell=3 candRsrp=-114.737 < min=-110
UE 72 TTT_WAIT target=2 elapsed=0s need=2s
UE 73 TTT_WAIT target=5 elapsed=0s need=2s
LM HO_FAIL_LOW_RSRP UE=74 currCell=4 candCell=7 candRsrp=-122.431 < min=-110
LM HO_FAIL_LOW_RSRP UE=75 currCell=1 candCell=5 candRsrp=-118.469 < min=-110
UE 76 TTT_WAIT target=7 elapsed=0s need=2s
UE 77 TTT_WAIT target=4 elapsed=0s need=2s
UE 78 TTT_WAIT target=2 elapsed=0s need=2s
UE 79 TTT_WAIT target=6 elapsed=0s need=2s
UE 81 TTT_WAIT target=2 elapsed=0s need=2s
UE 82 TTT_WAIT target=1 elapsed=0s need=2s
LM HO_FAIL_LOW_RSRP UE=83 currCell=3 candCell=6 candRsrp=-117.934 < min=-110
UE 85 TTT_WAIT target=3 elapsed=0s need=2s
LM HO_FAIL_LOW_RSRP UE=86 currCell=3 candCell=6 candRsrp=-116.359 < min=-110
LM HO_FAIL_LOW_RSRP UE=87 currCell=1 candCell=2 candRsrp=-113.672 < min=-110
UAV_AUTONOMY_XAPP Time=84.5 DeploymentMode=tn-uav UavIndex=0 UavCellId=5 BestDonorCellId=1 BestDonorDistanceM=143.511 XhaulConnected=1 XhaulChannelVariationDb=0 RawXhaulState=HEALTHY RawXhaulStateAgeSec=80 XhaulState=HEALTHY DonorUnavailableActive=0 SatBackhaulHealthy=0 UavSwitchingXappAvailable=0 UavSwitchingXappState=DISABLED AiPredictedBackhaulMode=RULE_BASED BackhaulMode=TN_DIRECT RicControlState=TN_E2 ActiveUavRic=LOCAL_UAV_AUTONOMY NormalUeHandoverAllowed=1 UavMode=TN_CONTROLLED_COVERAGE_EXTENSION
UAV_AUTONOMY_XAPP Time=84.5 DeploymentMode=tn-uav UavIndex=1 UavCellId=6 BestDonorCellId=1 BestDonorDistanceM=110.88 XhaulConnected=1 XhaulChannelVariationDb=0 RawXhaulState=HEALTHY RawXhaulStateAgeSec=80 XhaulState=HEALTHY DonorUnavailableActive=0 SatBackhaulHealthy=0 UavSwitchingXappAvailable=0 UavSwitchingXappState=DISABLED AiPredictedBackhaulMode=RULE_BASED BackhaulMode=TN_DIRECT RicControlState=TN_E2 ActiveUavRic=LOCAL_UAV_AUTONOMY NormalUeHandoverAllowed=1 UavMode=TN_CONTROLLED_COVERAGE_EXTENSION
UAV_AUTONOMY_XAPP Time=84.5 DeploymentMode=tn-uav UavIndex=2 UavCellId=7 BestDonorCellId=1 BestDonorDistanceM=133.08 XhaulConnected=1 XhaulChannelVariationDb=0 RawXhaulState=HEALTHY RawXhaulStateAgeSec=80 XhaulState=HEALTHY DonorUnavailableActive=0 SatBackhaulHealthy=0 UavSwitchingXappAvailable=0 UavSwitchingXappState=DISABLED AiPredictedBackhaulMode=RULE_BASED BackhaulMode=TN_DIRECT RicControlState=TN_E2 ActiveUavRic=LOCAL_UAV_AUTONOMY NormalUeHandoverAllowed=1 UavMode=TN_CONTROLLED_COVERAGE_EXTENSION
---- LOAD at t=84.5 ----
  cell 1 (TN) load=17/20
  cell 2 (TN) load=19/20
  cell 3 (TN) load=18/20
  cell 4 (TN) load=11/20
  cell 5 (NTN) load=6/15
  cell 6 (NTN) load=5/15
  cell 7 (NTN) load=4/15
UE 8 TTT_WAIT target=6 elapsed=0s need=2s
UE 9 TTT_WAIT target=7 elapsed=0s need=2s
UE 10 TTT_WAIT target=2 elapsed=0s need=2s
LM HO_FAIL_LOW_RSRP UE=11 currCell=2 candCell=1 candRsrp=-111.907 < min=-110
UE 12 TTT_WAIT target=4 elapsed=0s need=2s
LM HO_FAIL_LOW_RSRP UE=16 currCell=2 candCell=3 candRsrp=-112.886 < min=-110
UE 18 TTT_WAIT target=7 elapsed=0s need=2s
UE 19 TTT_WAIT target=1 elapsed=0s need=2s
LM HO_FAIL_LOW_RSRP UE=20 currCell=2 candCell=6 candRsrp=-116.665 < min=-110
UE 22 TTT_WAIT target=3 elapsed=0s need=2s
UE 23 TTT_WAIT target=3 elapsed=0s need=2s
UE 24 TTT_WAIT target=7 elapsed=0s need=2s
UE 25 TTT_WAIT target=1 elapsed=0s need=2s
UE 27 TTT_WAIT target=3 elapsed=0s need=2s
UE 29 TTT_WAIT target=2 elapsed=0s need=2s
UE 31 TTT_WAIT target=1 elapsed=0s need=2s
UE 32 TTT_WAIT target=5 elapsed=0s need=2s
UE 33 TTT_WAIT target=7 elapsed=0s need=2s
UE 34 TTT_WAIT target=3 elapsed=0s need=2s
LM HO UE=35 rnti=129 2->1 type=TN servingRsrp=-112.437 targetRsrp=-109.401 targetLoadReal=17/20 targetLoadEff=17/20
UE 37 TTT_WAIT target=4 elapsed=0s need=2s
LM HO_FAIL_LOW_RSRP UE=38 currCell=5 candCell=7 candRsrp=-110.451 < min=-110
UE 41 TTT_WAIT target=1 elapsed=0s need=2s
UE 43 TTT_WAIT target=5 elapsed=0s need=2s
UE 44 TTT_WAIT target=4 elapsed=0s need=2s
UE 46 TTT_WAIT target=4 elapsed=0s need=2s
UE 47 TTT_WAIT target=3 elapsed=0s need=2s
LM HO_FAIL_LOW_RSRP UE=48 currCell=3 candCell=7 candRsrp=-119.928 < min=-110
LM HO_FAIL_LOW_RSRP UE=49 currCell=4 candCell=6 candRsrp=-114.885 < min=-110
UE 51 TTT_WAIT target=3 elapsed=0s need=2s
UE 52 TTT_WAIT target=3 elapsed=0s need=2s
LM HO_FAIL_LOW_RSRP UE=53 currCell=1 candCell=3 candRsrp=-110.012 < min=-110
LM HO_FAIL_LOW_RSRP UE=54 currCell=3 candCell=4 candRsrp=-111.029 < min=-110
LM HO UE=55 rnti=154 4->1 type=TN servingRsrp=-110.421 targetRsrp=-75.5093 targetLoadReal=17/20 targetLoadEff=18/20
UE 56 TTT_WAIT target=4 elapsed=0s need=2s
LM HO_FAIL_LOW_RSRP UE=59 currCell=3 candCell=2 candRsrp=-114.991 < min=-110
LM HO_FAIL_LOW_RSRP UE=60 currCell=1 candCell=4 candRsrp=-113.848 < min=-110
UE 61 TTT_WAIT target=4 elapsed=0s need=2s
UE 62 TTT_WAIT target=2 elapsed=0s need=2s
UE 63 TTT_WAIT target=1 elapsed=0s need=2s
UE 65 TTT_WAIT target=1 elapsed=0s need=2s
LM HO_FAIL_LOW_RSRP UE=66 currCell=3 candCell=4 candRsrp=-110.726 < min=-110
LM HO_FAIL_LOW_RSRP UE=67 currCell=1 candCell=5 candRsrp=-115.593 < min=-110
LM HO_FAIL_LOW_RSRP UE=68 currCell=2 candCell=3 candRsrp=-114.237 < min=-110
UE 69 TTT_WAIT target=1 elapsed=0s need=2s
LM HO_FAIL_LOW_RSRP UE=70 currCell=2 candCell=6 candRsrp=-112.079 < min=-110
LM HO_FAIL_LOW_RSRP UE=71 currCell=2 candCell=3 candRsrp=-113.913 < min=-110
LM HO UE=72 rnti=151 1->2 type=TN servingRsrp=-115.616 targetRsrp=-83.8505 targetLoadReal=19/20 targetLoadEff=19/20
LM HO_FAIL_LOW_RSRP UE=74 currCell=4 candCell=3 candRsrp=-115.675 < min=-110
LM HO_FAIL_LOW_RSRP UE=75 currCell=1 candCell=6 candRsrp=-117.812 < min=-110
UE 77 TTT_WAIT target=1 elapsed=0s need=2s
LM HO_FAIL_LOW_RSRP UE=78 currCell=1 candCell=5 candRsrp=-111.829 < min=-110
LM HO UE=79 rnti=121 2->6 type=NTN servingRsrp=-92.1988 targetRsrp=-85.8217 targetLoadReal=5/15 targetLoadEff=5/15
UE 80 TTT_WAIT target=4 elapsed=0s need=2s
LM HO UE=82 rnti=170 4->1 type=TN servingRsrp=-122.097 targetRsrp=-93.1085 targetLoadReal=17/20 targetLoadEff=19/20
LM HO_FAIL_LOW_RSRP UE=83 currCell=3 candCell=6 candRsrp=-117.169 < min=-110
LM HO_FAIL_LOW_RSRP UE=85 currCell=1 candCell=3 candRsrp=-115.685 < min=-110
LM HO_FAIL_LOW_RSRP UE=86 currCell=3 candCell=6 candRsrp=-115.573 < min=-110
UE 87 TTT_WAIT target=3 elapsed=0s need=2s
TRACE HO_SUCCESS Time=84.6151 IMSI=34 TargetCell=1 Type=TN TargetRSRP=-113.78 ServingRSRP=-90.1722 BackhaulDlSnr=-999 BackhaulUlSnr=-999
TRACE HO_SUCCESS Time=84.6151 IMSI=54 TargetCell=1 Type=TN TargetRSRP=-113.699 ServingRSRP=-107.677 BackhaulDlSnr=-999 BackhaulUlSnr=-999
TRACE HO_SUCCESS Time=84.6151 IMSI=81 TargetCell=1 Type=TN TargetRSRP=-120.291 ServingRSRP=-92.057 BackhaulDlSnr=-999 BackhaulUlSnr=-999
TRACE HO_SUCCESS Time=84.6151 IMSI=71 TargetCell=2 Type=TN TargetRSRP=-114.437 ServingRSRP=-115.702 BackhaulDlSnr=-999 BackhaulUlSnr=-999
TRACE HO_SUCCESS Time=84.6151 IMSI=78 TargetCell=6 Type=NTN TargetRSRP=-113.142 ServingRSRP=-93.487 BackhaulDlSnr=-999 BackhaulUlSnr=-999
UAV_AUTONOMY_XAPP Time=86.5 DeploymentMode=tn-uav UavIndex=0 UavCellId=5 BestDonorCellId=1 BestDonorDistanceM=143.511 XhaulConnected=1 XhaulChannelVariationDb=0 RawXhaulState=HEALTHY RawXhaulStateAgeSec=82 XhaulState=HEALTHY DonorUnavailableActive=0 SatBackhaulHealthy=0 UavSwitchingXappAvailable=0 UavSwitchingXappState=DISABLED AiPredictedBackhaulMode=RULE_BASED BackhaulMode=TN_DIRECT RicControlState=TN_E2 ActiveUavRic=LOCAL_UAV_AUTONOMY NormalUeHandoverAllowed=1 UavMode=TN_CONTROLLED_COVERAGE_EXTENSION
UAV_AUTONOMY_XAPP Time=86.5 DeploymentMode=tn-uav UavIndex=1 UavCellId=6 BestDonorCellId=1 BestDonorDistanceM=110.88 XhaulConnected=1 XhaulChannelVariationDb=0 RawXhaulState=HEALTHY RawXhaulStateAgeSec=82 XhaulState=HEALTHY DonorUnavailableActive=0 SatBackhaulHealthy=0 UavSwitchingXappAvailable=0 UavSwitchingXappState=DISABLED AiPredictedBackhaulMode=RULE_BASED BackhaulMode=TN_DIRECT RicControlState=TN_E2 ActiveUavRic=LOCAL_UAV_AUTONOMY NormalUeHandoverAllowed=1 UavMode=TN_CONTROLLED_COVERAGE_EXTENSION
UAV_AUTONOMY_XAPP Time=86.5 DeploymentMode=tn-uav UavIndex=2 UavCellId=7 BestDonorCellId=1 BestDonorDistanceM=133.08 XhaulConnected=1 XhaulChannelVariationDb=0 RawXhaulState=HEALTHY RawXhaulStateAgeSec=82 XhaulState=HEALTHY DonorUnavailableActive=0 SatBackhaulHealthy=0 UavSwitchingXappAvailable=0 UavSwitchingXappState=DISABLED AiPredictedBackhaulMode=RULE_BASED BackhaulMode=TN_DIRECT RicControlState=TN_E2 ActiveUavRic=LOCAL_UAV_AUTONOMY NormalUeHandoverAllowed=1 UavMode=TN_CONTROLLED_COVERAGE_EXTENSION
---- LOAD at t=86.5 ----
  cell 1 (TN) load=19/20
  cell 2 (TN) load=18/20
  cell 3 (TN) load=18/20
  cell 4 (TN) load=9/20
  cell 5 (NTN) load=6/15
  cell 6 (NTN) load=6/15
  cell 7 (NTN) load=4/15
UE 8 TTT_WAIT target=1 elapsed=0s need=2s
UE 9 TTT_WAIT target=6 elapsed=0s need=2s
LM HO_FAIL_LOW_RSRP UE=10 currCell=3 candCell=6 candRsrp=-116.394 < min=-110
UE 11 TTT_WAIT target=6 elapsed=0s need=2s
UE 12 TTT_WAIT target=5 elapsed=0s need=2s
UE 14 TTT_WAIT target=3 elapsed=0s need=2s
UE 15 TTT_WAIT target=4 elapsed=0s need=2s
LM HO_FAIL_LOW_RSRP UE=16 currCell=2 candCell=5 candRsrp=-113.312 < min=-110
UE 17 TTT_WAIT target=7 elapsed=0s need=2s
LM HO UE=18 rnti=69 5->7 type=NTN servingRsrp=-114.44 targetRsrp=-107.699 targetLoadReal=4/15 targetLoadEff=4/15
LM HO_FAIL_LOW_RSRP UE=20 currCell=2 candCell=6 candRsrp=-118.546 < min=-110
UE 21 TTT_WAIT target=5 elapsed=0s need=2s
UE 23 TTT_WAIT target=4 elapsed=0s need=2s
LM HO_FAIL_LOW_RSRP UE=24 currCell=4 candCell=7 candRsrp=-118.606 < min=-110
LM HO UE=25 rnti=128 2->1 type=TN servingRsrp=-104.452 targetRsrp=-95.4935 targetLoadReal=19/20 targetLoadEff=19/20
UE 27 TTT_WAIT target=5 elapsed=0s need=2s
LM HO_FAIL_LOW_RSRP UE=28 currCell=3 candCell=7 candRsrp=-113.746 < min=-110
LM HO_FAIL_LOW_RSRP UE=29 currCell=4 candCell=3 candRsrp=-114.676 < min=-110
UE 30 TTT_WAIT target=4 elapsed=0s need=2s
UE 32 TTT_WAIT target=4 elapsed=0s need=2s
LM HO_FAIL_LOW_RSRP UE=33 currCell=3 candCell=6 candRsrp=-118.866 < min=-110
UE 35 TTT_WAIT target=6 elapsed=0s need=2s
UE 36 TTT_WAIT target=3 elapsed=0s need=2s
UE 37 TTT_WAIT target=3 elapsed=0s need=2s
LM HO_FAIL_LOW_RSRP UE=38 currCell=5 candCell=7 candRsrp=-113.359 < min=-110
LM HO_FAIL_LOW_RSRP UE=39 currCell=2 candCell=5 candRsrp=-120.577 < min=-110
UE 41 TTT_WAIT target=2 elapsed=0s need=2s
UE 42 TTT_WAIT target=5 elapsed=0s need=2s
LM HO_FAIL_LOW_RSRP UE=43 currCell=1 candCell=2 candRsrp=-112.496 < min=-110
UE 45 TTT_WAIT target=2 elapsed=0s need=2s
LM HO UE=46 rnti=139 3->4 type=TN servingRsrp=-107.517 targetRsrp=-75.972 targetLoadReal=9/20 targetLoadEff=9/20
LM HO_FAIL_LOW_RSRP UE=47 currCell=4 candCell=3 candRsrp=-110.971 < min=-110
UE 48 TTT_WAIT target=4 elapsed=0s need=2s
LM HO_FAIL_LOW_RSRP UE=49 currCell=4 candCell=5 candRsrp=-117 < min=-110
UE 51 TTT_WAIT target=4 elapsed=0s need=2s
LM HO UE=52 rnti=160 1->3 type=TN servingRsrp=-113.351 targetRsrp=-109.322 targetLoadReal=18/20 targetLoadEff=18/20
UE 53 TTT_WAIT target=5 elapsed=0s need=2s
LM HO_FAIL_LOW_RSRP UE=54 currCell=3 candCell=4 candRsrp=-116.851 < min=-110
UE 55 TTT_WAIT target=4 elapsed=0s need=2s
LM HO UE=56 rnti=143 3->4 type=TN servingRsrp=-111.205 targetRsrp=-107.889 targetLoadReal=9/20 targetLoadEff=10/20
UE 57 TTT_WAIT target=4 elapsed=0s need=2s
UE 58 TTT_WAIT target=4 elapsed=0s need=2s
LM HO_FAIL_LOW_RSRP UE=59 currCell=3 candCell=2 candRsrp=-116.075 < min=-110
LM HO_FAIL_LOW_RSRP UE=61 currCell=3 candCell=4 candRsrp=-116.498 < min=-110
UE 62 TTT_WAIT target=4 elapsed=0s need=2s
UE 63 TTT_WAIT target=7 elapsed=0s need=2s
LM HO_FAIL_LOW_RSRP UE=65 currCell=3 candCell=6 candRsrp=-119.416 < min=-110
LM HO_FAIL_LOW_RSRP UE=66 currCell=3 candCell=7 candRsrp=-115.864 < min=-110
UE 67 TTT_WAIT target=2 elapsed=0s need=2s
LM HO_FAIL_LOW_RSRP UE=68 currCell=2 candCell=6 candRsrp=-118.906 < min=-110
LM HO_FAIL_LOW_RSRP UE=69 currCell=4 candCell=6 candRsrp=-115.138 < min=-110
UE 70 TTT_WAIT target=3 elapsed=0s need=2s
LM HO_FAIL_LOW_RSRP UE=71 currCell=2 candCell=4 candRsrp=-114.959 < min=-110
LM HO_FAIL_LOW_RSRP UE=72 currCell=2 candCell=6 candRsrp=-112.862 < min=-110
LM HO_FAIL_LOW_RSRP UE=73 currCell=7 candCell=5 candRsrp=-111.573 < min=-110
LM HO_FAIL_LOW_RSRP UE=74 currCell=4 candCell=7 candRsrp=-120.153 < min=-110
UE 75 TTT_WAIT target=3 elapsed=0s need=2s
UE 76 TTT_WAIT target=7 elapsed=0s need=2s
LM HO_FAIL_LOW_RSRP UE=77 currCell=6 candCell=7 candRsrp=-113.44 < min=-110
UE 80 TTT_WAIT target=3 elapsed=0s need=2s
UE 81 TTT_WAIT target=2 elapsed=0s need=2s
LM HO_FAIL_LOW_RSRP UE=83 currCell=3 candCell=6 candRsrp=-115.96 < min=-110
UE 84 TTT_WAIT target=2 elapsed=0s need=2s
UE 85 TTT_WAIT target=5 elapsed=0s need=2s
LM HO_FAIL_LOW_RSRP UE=86 currCell=3 candCell=7 candRsrp=-120.477 < min=-110
LM HO UE=87 rnti=154 1->3 type=TN servingRsrp=-117.503 targetRsrp=-96.1704 targetLoadReal=18/20 targetLoadEff=19/20
TRACE HO_SUCCESS Time=86.6151 IMSI=24 TargetCell=1 Type=TN TargetRSRP=-114.128 ServingRSRP=-107.274 BackhaulDlSnr=-999 BackhaulUlSnr=-999
TRACE HO_SUCCESS Time=86.6151 IMSI=86 TargetCell=3 Type=TN TargetRSRP=-120.594 ServingRSRP=-87.788 BackhaulDlSnr=-999 BackhaulUlSnr=-999
TRACE HO_SUCCESS Time=86.6151 IMSI=51 TargetCell=3 Type=TN TargetRSRP=-106.238 ServingRSRP=-103.502 BackhaulDlSnr=-999 BackhaulUlSnr=-999
TRACE HO_SUCCESS Time=86.6151 IMSI=45 TargetCell=4 Type=TN TargetRSRP=-110.319 ServingRSRP=-85.0998 BackhaulDlSnr=-999 BackhaulUlSnr=-999
TRACE HO_SUCCESS Time=86.6151 IMSI=55 TargetCell=4 Type=TN TargetRSRP=-114.975 ServingRSRP=-113.061 BackhaulDlSnr=-999 BackhaulUlSnr=-999
TRACE HO_SUCCESS Time=86.6151 IMSI=17 TargetCell=7 Type=NTN TargetRSRP=-111.56 ServingRSRP=-99.8361 BackhaulDlSnr=-999 BackhaulUlSnr=-999
UAV_AUTONOMY_XAPP Time=88.5 DeploymentMode=tn-uav UavIndex=0 UavCellId=5 BestDonorCellId=1 BestDonorDistanceM=143.511 XhaulConnected=1 XhaulChannelVariationDb=0 RawXhaulState=HEALTHY RawXhaulStateAgeSec=84 XhaulState=HEALTHY DonorUnavailableActive=0 SatBackhaulHealthy=0 UavSwitchingXappAvailable=0 UavSwitchingXappState=DISABLED AiPredictedBackhaulMode=RULE_BASED BackhaulMode=TN_DIRECT RicControlState=TN_E2 ActiveUavRic=LOCAL_UAV_AUTONOMY NormalUeHandoverAllowed=1 UavMode=TN_CONTROLLED_COVERAGE_EXTENSION
UAV_AUTONOMY_XAPP Time=88.5 DeploymentMode=tn-uav UavIndex=1 UavCellId=6 BestDonorCellId=1 BestDonorDistanceM=110.88 XhaulConnected=1 XhaulChannelVariationDb=0 RawXhaulState=HEALTHY RawXhaulStateAgeSec=84 XhaulState=HEALTHY DonorUnavailableActive=0 SatBackhaulHealthy=0 UavSwitchingXappAvailable=0 UavSwitchingXappState=DISABLED AiPredictedBackhaulMode=RULE_BASED BackhaulMode=TN_DIRECT RicControlState=TN_E2 ActiveUavRic=LOCAL_UAV_AUTONOMY NormalUeHandoverAllowed=1 UavMode=TN_CONTROLLED_COVERAGE_EXTENSION
UAV_AUTONOMY_XAPP Time=88.5 DeploymentMode=tn-uav UavIndex=2 UavCellId=7 BestDonorCellId=1 BestDonorDistanceM=133.08 XhaulConnected=1 XhaulChannelVariationDb=0 RawXhaulState=HEALTHY RawXhaulStateAgeSec=84 XhaulState=HEALTHY DonorUnavailableActive=0 SatBackhaulHealthy=0 UavSwitchingXappAvailable=0 UavSwitchingXappState=DISABLED AiPredictedBackhaulMode=RULE_BASED BackhaulMode=TN_DIRECT RicControlState=TN_E2 ActiveUavRic=LOCAL_UAV_AUTONOMY NormalUeHandoverAllowed=1 UavMode=TN_CONTROLLED_COVERAGE_EXTENSION
---- LOAD at t=88.5 ----
  cell 1 (TN) load=18/20
  cell 2 (TN) load=17/20
  cell 3 (TN) load=18/20
  cell 4 (TN) load=11/20
  cell 5 (NTN) load=5/15
  cell 6 (NTN) load=6/15
  cell 7 (NTN) load=5/15
LM HO_FAIL_LOW_RSRP UE=8 currCell=4 candCell=5 candRsrp=-111.42 < min=-110
LM HO UE=9 rnti=149 1->6 type=NTN servingRsrp=-111.173 targetRsrp=-87.2015 targetLoadReal=6/15 targetLoadEff=6/15
LM HO_FAIL_LOW_RSRP UE=10 currCell=3 candCell=4 candRsrp=-113.175 < min=-110
LM HO_FAIL_LOW_RSRP UE=11 currCell=2 candCell=1 candRsrp=-111.799 < min=-110
UE 12 TTT_WAIT target=3 elapsed=0s need=2s
LM HO_FAIL_LOW_RSRP UE=13 currCell=3 candCell=5 candRsrp=-112.444 < min=-110
LM HO UE=15 rnti=147 1->4 type=TN servingRsrp=-108.662 targetRsrp=-75.6326 targetLoadReal=11/20 targetLoadEff=11/20
LM HO_FAIL_LOW_RSRP UE=16 currCell=2 candCell=3 candRsrp=-113.879 < min=-110
UE 18 TTT_WAIT target=3 elapsed=0s need=2s
UE 19 TTT_WAIT target=3 elapsed=0s need=2s
UE 20 TTT_WAIT target=1 elapsed=0s need=2s
LM HO UE=21 rnti=130 2->5 type=NTN servingRsrp=-109.132 targetRsrp=-79.7328 targetLoadReal=5/15 targetLoadEff=5/15
UE 22 TTT_WAIT target=6 elapsed=0s need=2s
UE 24 TTT_WAIT target=3 elapsed=0s need=2s
UE 25 TTT_WAIT target=4 elapsed=0s need=2s
LM HO UE=27 rnti=65 6->5 type=NTN servingRsrp=-115.007 targetRsrp=-107.802 targetLoadReal=5/15 targetLoadEff=6/15
LM HO_FAIL_LOW_RSRP UE=28 currCell=3 candCell=7 candRsrp=-119.701 < min=-110
LM HO_FAIL_LOW_RSRP UE=29 currCell=4 candCell=3 candRsrp=-114.31 < min=-110
LM HO_FAIL_LOW_RSRP UE=31 currCell=7 candCell=5 candRsrp=-111.481 < min=-110
LM HO_FAIL_LOW_RSRP UE=33 currCell=3 candCell=6 candRsrp=-119.269 < min=-110
UE 34 TTT_WAIT target=1 elapsed=0s need=2s
LM HO UE=35 rnti=163 1->6 type=NTN servingRsrp=-110.042 targetRsrp=-91.35 targetLoadReal=6/15 targetLoadEff=7/15
UE 38 TTT_WAIT target=4 elapsed=0s need=2s
UE 39 TTT_WAIT target=3 elapsed=0s need=2s
UE 41 TTT_WAIT target=7 elapsed=0s need=2s
UE 42 TTT_WAIT target=1 elapsed=0s need=2s
LM HO_FAIL_LOW_RSRP UE=47 currCell=4 candCell=6 candRsrp=-116.699 < min=-110
LM HO_FAIL_LOW_RSRP UE=48 currCell=3 candCell=6 candRsrp=-118.173 < min=-110
LM HO_FAIL_LOW_RSRP UE=49 currCell=4 candCell=6 candRsrp=-118.089 < min=-110
UE 50 TTT_WAIT target=4 elapsed=0s need=2s
UE 52 TTT_WAIT target=2 elapsed=0s need=2s
UE 53 TTT_WAIT target=2 elapsed=0s need=2s
UE 54 TTT_WAIT target=5 elapsed=0s need=2s
LM HO UE=55 rnti=164 1->4 type=TN servingRsrp=-115.325 targetRsrp=-95.9007 targetLoadReal=11/20 targetLoadEff=12/20
LM HO_FAIL_LOW_RSRP UE=56 currCell=4 candCell=5 candRsrp=-114.539 < min=-110
UE 58 TTT_WAIT target=7 elapsed=0s need=2s
LM HO_FAIL_LOW_RSRP UE=59 currCell=3 candCell=2 candRsrp=-114.826 < min=-110
LM HO_FAIL_LOW_RSRP UE=60 currCell=1 candCell=3 candRsrp=-112.908 < min=-110
LM HO_FAIL_LOW_RSRP UE=61 currCell=3 candCell=2 candRsrp=-117.686 < min=-110
LM HO UE=63 rnti=115 2->7 type=NTN servingRsrp=-108.418 targetRsrp=-95.8753 targetLoadReal=5/15 targetLoadEff=5/15
UE 64 TTT_WAIT target=3 elapsed=0s need=2s
LM HO_FAIL_LOW_RSRP UE=65 currCell=3 candCell=6 candRsrp=-119.533 < min=-110
LM HO_FAIL_LOW_RSRP UE=66 currCell=3 candCell=1 candRsrp=-115.242 < min=-110
LM HO_FAIL_LOW_RSRP UE=67 currCell=1 candCell=2 candRsrp=-112 < min=-110
LM HO_FAIL_LOW_RSRP UE=68 currCell=2 candCell=6 candRsrp=-115.33 < min=-110
LM HO_FAIL_LOW_RSRP UE=69 currCell=4 candCell=2 candRsrp=-111.657 < min=-110
UE 70 TTT_WAIT target=1 elapsed=0s need=2s
UE 71 TTT_WAIT target=3 elapsed=0s need=2s
LM HO_FAIL_LOW_RSRP UE=74 currCell=4 candCell=6 candRsrp=-120.889 < min=-110
LM HO_FAIL_LOW_RSRP UE=75 currCell=1 candCell=7 candRsrp=-116.739 < min=-110
UE 76 TTT_WAIT target=4 elapsed=0s need=2s
LM HO_FAIL_LOW_RSRP UE=78 currCell=1 candCell=2 candRsrp=-116.623 < min=-110
UE 81 TTT_WAIT target=5 elapsed=0s need=2s
LM HO_FAIL_LOW_RSRP UE=82 currCell=1 candCell=4 candRsrp=-115.581 < min=-110
UE 83 TTT_WAIT target=6 elapsed=0s need=2s
UE 84 TTT_WAIT target=1 elapsed=0s need=2s
UE 85 TTT_WAIT target=2 elapsed=0s need=2s
LM HO_FAIL_LOW_RSRP UE=86 currCell=3 candCell=2 candRsrp=-112.133 < min=-110
TRACE HO_SUCCESS Time=88.6151 IMSI=14 TargetCell=4 Type=TN TargetRSRP=-112.766 ServingRSRP=-109.16 BackhaulDlSnr=-999 BackhaulUlSnr=-999
TRACE HO_SUCCESS Time=88.6151 IMSI=54 TargetCell=4 Type=TN TargetRSRP=-110.278 ServingRSRP=-90.8947 BackhaulDlSnr=-999 BackhaulUlSnr=-999
TRACE HO_SUCCESS Time=88.6151 IMSI=20 TargetCell=5 Type=NTN TargetRSRP=-122.338 ServingRSRP=-111.99 BackhaulDlSnr=-999 BackhaulUlSnr=-999
TRACE HO_SUCCESS Time=88.6151 IMSI=26 TargetCell=5 Type=NTN TargetRSRP=-114.393 ServingRSRP=-110.552 BackhaulDlSnr=-999 BackhaulUlSnr=-999
TRACE HO_SUCCESS Time=88.6151 IMSI=8 TargetCell=6 Type=NTN TargetRSRP=-122.385 ServingRSRP=-109.568 BackhaulDlSnr=-999 BackhaulUlSnr=-999
TRACE HO_SUCCESS Time=88.6151 IMSI=34 TargetCell=6 Type=NTN TargetRSRP=-111.321 ServingRSRP=-109.798 BackhaulDlSnr=-999 BackhaulUlSnr=-999
TRACE HO_SUCCESS Time=88.6151 IMSI=62 TargetCell=7 Type=NTN TargetRSRP=-116.632 ServingRSRP=-91.2615 BackhaulDlSnr=-999 BackhaulUlSnr=-999
