time,ueId,rnti,servingCell,servingRsrp,candidateCell,candidateRsrp,candidateLoad,candidateEffLoad,candidateCap,candidateIsNtn,backhaulDlSnr,backhaulUlSnr,finalChosenCell
6.5,38,8,6,-133.052,5,-136.211,2,2,10,1,-999,-999,0
6.5,38,8,6,-133.052,3,-152.171,0,0,20,0,-999,-999,0
6.5,38,8,6,-133.052,1,-154.277,0,0,20,0,-999,-999,0
6.5,38,8,6,-133.052,4,-158.566,0,0,20,0,-999,-999,0
6.5,38,8,6,-133.052,2,-159.32,0,0,20,0,-999,-999,0
6.5,38,8,6,-133.052,7,-169.775,1,1,10,1,-999,-999,0
6.5,50,8,5,-121.105,6,-95.6055,1,1,0,1,-999,-999,0
6.5,50,8,5,-121.105,2,-113.036,0,0,20,0,-999,-999,0
6.5,50,8,5,-121.105,3,-131.264,0,0,20,0,-999,-999,0
6.5,50,8,5,-121.105,1,-132.653,0,0,20,0,-999,-999,0
6.5,50,8,5,-121.105,4,-137.378,0,0,20,0,-999,-999,0
6.5,50,8,5,-121.105,7,-149.22,1,1,10,1,-999,-999,0
8.5,36,16,5,-129.501,7,-112.379,1,1,10,1,-999,-999,0
8.5,36,16,5,-129.501,6,-119.608,2,2,0,1,-999,-999,0
8.5,36,16,5,-129.501,4,-127.917,1,1,20,0,-999,-999,0
8.5,36,16,5,-129.501,1,-130.96,0,0,20,0,-999,-999,0
8.5,36,16,5,-129.501,2,-135.744,0,0,20,0,-999,-999,0
8.5,36,16,5,-129.501,3,-147.135,0,0,20,0,-999,-999,0
8.5,38,8,6,-131.174,5,-139.053,2,2,10,1,-999,-999,0
8.5,38,8,6,-131.174,7,-143.231,1,1,10,1,-999,-999,0
8.5,38,8,6,-131.174,1,-153.946,0,0,20,0,-999,-999,0
8.5,38,8,6,-131.174,3,-154.231,0,0,20,0,-999,-999,0
8.5,38,8,6,-131.174,4,-158.16,1,1,20,0,-999,-999,0
8.5,38,8,6,-131.174,2,-161.134,0,0,20,0,-999,-999,0
8.5,42,8,7,-77.0639,5,-104.121,2,2,10,1,-999,-999,0
8.5,42,8,7,-77.0639,4,-129.149,1,1,20,0,-999,-999,0
8.5,42,8,7,-77.0639,1,-139.7,0,0,20,0,-999,-999,0
8.5,42,8,7,-77.0639,2,-142.167,0,0,20,0,-999,-999,0
8.5,42,8,7,-77.0639,3,-151.576,0,0,20,0,-999,-999,0
8.5,42,8,7,-77.0639,6,-163.412,2,2,0,1,-999,-999,0
8.5,50,8,5,-99.824,2,-108.061,0,0,20,0,-999,-999,0
8.5,50,8,5,-99.824,7,-119.305,1,1,10,1,-999,-999,0
8.5,50,8,5,-99.824,3,-127.543,0,0,20,0,-999,-999,0
8.5,50,8,5,-99.824,6,-131.938,2,2,0,1,-999,-999,0
8.5,50,8,5,-99.824,1,-134.866,0,0,20,0,-999,-999,0
8.5,50,8,5,-99.824,4,-142.838,1,1,20,0,-999,-999,0
8.5,100,16,6,-138.519,4,-126.248,1,1,20,0,-999,-999,0
8.5,100,16,6,-138.519,7,-141.403,1,1,10,1,-999,-999,0
8.5,100,16,6,-138.519,5,-162.195,2,2,10,1,-999,-999,0
8.5,100,16,6,-138.519,3,-162.621,0,0,20,0,-999,-999,0
8.5,100,16,6,-138.519,1,-163.692,0,0,20,0,-999,-999,0
8.5,100,16,6,-138.519,2,-176.303,0,0,20,0,-999,-999,0
10.5,13,8,4,-91.0304,5,-129.832,2,2,10,1,-999,-999,0
10.5,13,8,4,-91.0304,2,-131.84,0,0,20,0,-999,-999,0
10.5,13,8,4,-91.0304,1,-132.28,0,0,20,0,-999,-999,0
10.5,13,8,4,-91.0304,7,-137.301,1,1,10,1,-999,-999,0
10.5,13,8,4,-91.0304,3,-141.127,0,0,20,0,-999,-999,0
10.5,13,8,4,-91.0304,6,-149.016,2,2,0,1,-999,-999,0
10.5,36,16,5,-129.714,4,-121.163,1,1,20,0,-999,-999,0
10.5,36,16,5,-129.714,2,-135.781,0,0,20,0,-999,-999,0
10.5,36,16,5,-129.714,1,-136.754,0,0,20,0,-999,-999,0
10.5,36,16,5,-129.714,6,-137.029,2,2,0,1,-999,-999,0
10.5,36,16,5,-129.714,7,-144.635,1,1,10,1,-999,-999,0
10.5,36,16,5,-129.714,3,-145.015,0,0,20,0,-999,-999,0
10.5,38,8,6,-127.058,7,-109.247,1,1,10,1,-999,-999,0
10.5,38,8,6,-127.058,5,-133.24,2,2,10,1,-999,-999,0
10.5,38,8,6,-127.058,4,-150.316,1,1,20,0,-999,-999,0
10.5,38,8,6,-127.058,3,-151.249,0,0,20,0,-999,-999,0
10.5,38,8,6,-127.058,1,-151.66,0,0,20,0,-999,-999,0
10.5,38,8,6,-127.058,2,-157.495,0,0,20,0,-999,-999,0
10.5,42,8,7,-111.305,5,-88.1676,2,2,10,1,-999,-999,0
10.5,42,8,7,-111.305,4,-126.974,1,1,20,0,-999,-999,0
10.5,42,8,7,-111.305,1,-138.891,0,0,20,0,-999,-999,0
10.5,42,8,7,-111.305,2,-142.438,0,0,20,0,-999,-999,0
10.5,42,8,7,-111.305,3,-151.521,0,0,20,0,-999,-999,0
10.5,42,8,7,-111.305,6,-163.64,2,2,0,1,-999,-999,0
10.5,50,8,5,-86.3352,6,-95.5103,2,2,0,1,-999,-999,0
10.5,50,8,5,-86.3352,7,-106.872,1,1,10,1,-999,-999,0
10.5,50,8,5,-86.3352,2,-110.483,0,0,20,0,-999,-999,0
10.5,50,8,5,-86.3352,3,-128.475,0,0,20,0,-999,-999,0
10.5,50,8,5,-86.3352,1,-133.56,0,0,20,0,-999,-999,0
10.5,50,8,5,-86.3352,4,-133.598,1,1,20,0,-999,-999,0
10.5,100,16,6,-147.85,7,-127.076,1,1,10,1,-999,-999,0
10.5,100,16,6,-147.85,4,-151.84,1,1,20,0,-999,-999,0
10.5,100,16,6,-147.85,5,-156.522,2,2,10,1,-999,-999,0
10.5,100,16,6,-147.85,3,-161.861,0,0,20,0,-999,-999,0
10.5,100,16,6,-147.85,1,-165.462,0,0,20,0,-999,-999,0
10.5,100,16,6,-147.85,2,-166.139,0,0,20,0,-999,-999,0
12.5,13,8,4,-109.311,2,-128.687,1,1,20,0,-999,-999,0
12.5,13,8,4,-109.311,5,-129.388,2,2,10,1,-999,-999,0
12.5,13,8,4,-109.311,1,-133.239,0,0,20,0,-999,-999,0
12.5,13,8,4,-109.311,7,-136.796,2,2,10,1,-999,-999,0
12.5,13,8,4,-109.311,3,-143.957,0,0,20,0,-999,-999,0
12.5,13,8,4,-109.311,6,-152.11,2,2,0,1,-999,-999,0
12.5,36,16,5,-121.858,6,-105.203,2,2,0,1,-999,-999,0
12.5,36,16,5,-121.858,4,-121.964,1,1,20,0,-999,-999,0
12.5,36,16,5,-121.858,2,-132.116,1,1,20,0,-999,-999,0
12.5,36,16,5,-121.858,1,-133.221,0,0,20,0,-999,-999,0
12.5,36,16,5,-121.858,3,-143.153,0,0,20,0,-999,-999,0
12.5,36,16,5,-121.858,7,-143.943,2,2,10,1,-999,-999,0
12.5,38,8,6,-132.487,7,-109.451,2,2,10,1,-999,-999,7
12.5,38,8,6,-132.487,5,-140.058,2,2,10,1,-999,-999,7
12.5,38,8,6,-132.487,4,-150.181,1,1,20,0,-999,-999,7
12.5,38,8,6,-132.487,3,-153.425,0,0,20,0,-999,-999,7
12.5,38,8,6,-132.487,1,-153.903,0,0,20,0,-999,-999,7
12.5,38,8,6,-132.487,2,-154.653,1,1,20,0,-999,-999,7
12.5,42,8,7,-122.291,5,-88.1218,2,2,10,1,-999,-999,5
12.5,42,8,7,-122.291,6,-126.014,2,2,0,1,-999,-999,5
12.5,42,8,7,-122.291,4,-131.064,1,1,20,0,-999,-999,5
12.5,42,8,7,-122.291,1,-139.657,0,0,20,0,-999,-999,5
12.5,42,8,7,-122.291,2,-142.776,1,1,20,0,-999,-999,5
12.5,42,8,7,-122.291,3,-153.46,0,0,20,0,-999,-999,5
12.5,50,8,5,-118.395,2,-110.94,1,1,20,0,-999,-999,0
12.5,50,8,5,-118.395,4,-128.227,1,1,20,0,-999,-999,0
12.5,50,8,5,-118.395,6,-131.282,2,2,0,1,-999,-999,0
12.5,50,8,5,-118.395,3,-131.314,0,0,20,0,-999,-999,0
12.5,50,8,5,-118.395,1,-136.897,0,0,20,0,-999,-999,0
12.5,50,8,5,-118.395,7,-140.315,2,3,10,1,-999,-999,0
12.5,98,16,7,-140.789,5,-97.526,2,3,10,1,-999,-999,0
12.5,98,16,7,-140.789,4,-131.764,1,1,20,0,-999,-999,0
12.5,98,16,7,-140.789,1,-140.402,0,0,20,0,-999,-999,0
12.5,98,16,7,-140.789,6,-150.885,2,2,0,1,-999,-999,0
12.5,98,16,7,-140.789,2,-151.278,1,1,20,0,-999,-999,0
12.5,98,16,7,-140.789,3,-156.016,0,0,20,0,-999,-999,0
12.5,100,16,6,-140.337,7,-126.448,2,3,10,1,-999,-999,0
12.5,100,16,6,-140.337,4,-148.771,1,1,20,0,-999,-999,0
12.5,100,16,6,-140.337,3,-158.45,0,0,20,0,-999,-999,0
12.5,100,16,6,-140.337,5,-159.816,2,3,10,1,-999,-999,0
12.5,100,16,6,-140.337,1,-165.436,0,0,20,0,-999,-999,0
12.5,100,16,6,-140.337,2,-165.452,1,1,20,0,-999,-999,0
14.5,13,8,4,-113.664,5,-121.459,3,3,10,1,-999,-999,0
14.5,13,8,4,-113.664,7,-122.428,2,2,10,1,-999,-999,0
14.5,13,8,4,-113.664,2,-127.085,1,1,20,0,-999,-999,0
14.5,13,8,4,-113.664,1,-133.245,0,0,20,0,-999,-999,0
14.5,13,8,4,-113.664,3,-142.35,0,0,20,0,-999,-999,0
14.5,13,8,4,-113.664,6,-147.225,1,1,0,1,-999,-999,0
14.5,32,8,2,-102.891,4,-86.4114,1,1,20,0,-999,-999,0
14.5,32,8,2,-102.891,5,-113.525,3,3,10,1,-999,-999,0
14.5,32,8,2,-102.891,6,-125.592,1,1,0,1,-999,-999,0
14.5,32,8,2,-102.891,7,-139.619,2,2,10,1,-999,-999,0
14.5,32,8,2,-102.891,1,-139.745,0,0,20,0,-999,-999,0
14.5,32,8,2,-102.891,3,-147.926,0,0,20,0,-999,-999,0
14.5,36,16,5,-99.5937,4,-93.1943,1,1,20,0,-999,-999,0
14.5,36,16,5,-99.5937,1,-111.307,0,0,20,0,-999,-999,0
14.5,36,16,5,-99.5937,2,-112.878,1,1,20,0,-999,-999,0
14.5,36,16,5,-99.5937,7,-142.482,2,2,10,1,-999,-999,0
14.5,36,16,5,-99.5937,6,-145.68,1,1,0,1,-999,-999,0
14.5,36,16,5,-99.5937,3,-147.048,0,0,20,0,-999,-999,0
14.5,38,17,7,-144.251,6,-95.081,1,1,0,1,-999,-999,0
14.5,38,17,7,-144.251,5,-125.306,3,3,10,1,-999,-999,0
14.5,38,17,7,-144.251,2,-126.16,1,1,20,0,-999,-999,0
14.5,38,17,7,-144.251,4,-144.012,1,1,20,0,-999,-999,0
14.5,38,17,7,-144.251,3,-156.126,0,0,20,0,-999,-999,0
14.5,38,17,7,-144.251,1,-157.144,0,0,20,0,-999,-999,0
14.5,42,17,5,-125.103,7,-99.3776,2,2,10,1,-999,-999,0
14.5,42,17,5,-125.103,2,-128.001,1,1,20,0,-999,-999,0
14.5,42,17,5,-125.103,4,-131.83,1,1,20,0,-999,-999,0
14.5,42,17,5,-125.103,1,-138.325,0,0,20,0,-999,-999,0
14.5,42,17,5,-125.103,6,-143.152,1,1,0,1,-999,-999,0
14.5,42,17,5,-125.103,3,-151.538,0,0,20,0,-999,-999,0
14.5,50,8,5,-106.714,2,-110.774,1,1,20,0,-999,-999,0
14.5,50,8,5,-106.714,7,-130.796,2,2,10,1,-999,-999,0
14.5,50,8,5,-106.714,3,-133.375,0,0,20,0,-999,-999,0
14.5,50,8,5,-106.714,1,-135.859,0,0,20,0,-999,-999,0
14.5,50,8,5,-106.714,6,-138.507,1,1,0,1,-999,-999,0
14.5,50,8,5,-106.714,4,-140.226,1,1,20,0,-999,-999,0
14.5,98,16,7,-108.959,2,-115.229,1,1,20,0,-999,-999,0
14.5,98,16,7,-108.959,4,-131.642,1,1,20,0,-999,-999,0
14.5,98,16,7,-108.959,5,-139.758,3,3,10,1,-999,-999,0
14.5,98,16,7,-108.959,1,-144.722,0,0,20,0,-999,-999,0
14.5,98,16,7,-108.959,6,-151.326,1,1,0,1,-999,-999,0
14.5,98,16,7,-108.959,3,-155.478,0,0,20,0,-999,-999,0
14.5,100,16,6,-134.963,7,-127.435,2,2,10,1,-999,-999,0
14.5,100,16,6,-134.963,5,-145.597,3,3,10,1,-999,-999,0
14.5,100,16,6,-134.963,4,-147.035,1,1,20,0,-999,-999,0
14.5,100,16,6,-134.963,2,-147.617,1,1,20,0,-999,-999,0
14.5,100,16,6,-134.963,3,-158.656,0,0,20,0,-999,-999,0
14.5,100,16,6,-134.963,1,-168.797,0,0,20,0,-999,-999,0
16.5,13,8,4,-107.999,2,-93.6557,1,1,20,0,-999,-999,0
16.5,13,8,4,-107.999,1,-126.122,0,0,20,0,-999,-999,0
16.5,13,8,4,-107.999,7,-133.129,3,3,10,1,-999,-999,0
16.5,13,8,4,-107.999,5,-135.182,3,3,10,1,-999,-999,0
16.5,13,8,4,-107.999,6,-142.895,1,1,0,1,-999,-999,0
16.5,13,8,4,-107.999,3,-146.837,0,0,20,0,-999,-999,0
16.5,32,8,2,-100.321,5,-95.3116,3,3,10,1,-999,-999,0
16.5,32,8,2,-100.321,7,-122.437,3,3,10,1,-999,-999,0
16.5,32,8,2,-100.321,4,-123.655,1,1,20,0,-999,-999,0
16.5,32,8,2,-100.321,1,-138.981,0,0,20,0,-999,-999,0
16.5,32,8,2,-100.321,3,-142.729,0,0,20,0,-999,-999,0
16.5,32,8,2,-100.321,6,-155.902,1,1,0,1,-999,-999,0
16.5,36,16,5,-80.2833,2,-122.8,1,1,20,0,-999,-999,0
16.5,36,16,5,-80.2833,4,-124.919,1,1,20,0,-999,-999,0
16.5,36,16,5,-80.2833,1,-133.576,0,0,20,0,-999,-999,0
16.5,36,16,5,-80.2833,7,-139.453,3,3,10,1,-999,-999,0
16.5,36,16,5,-80.2833,3,-145.069,0,0,20,0,-999,-999,0
16.5,36,16,5,-80.2833,6,-155.263,1,1,0,1,-999,-999,0
16.5,38,17,7,-149.892,4,-127.338,1,1,20,0,-999,-999,0
16.5,38,17,7,-149.892,6,-129.617,1,1,0,1,-999,-999,0
16.5,38,17,7,-149.892,2,-140.427,1,1,20,0,-999,-999,0
16.5,38,17,7,-149.892,5,-140.668,3,3,10,1,-999,-999,0
16.5,38,17,7,-149.892,3,-152.569,0,0,20,0,-999,-999,0
16.5,38,17,7,-149.892,1,-154.965,0,0,20,0,-999,-999,0
16.5,42,17,5,-89.7904,7,-79.279,3,3,10,1,-999,-999,7
16.5,42,17,5,-89.7904,4,-118.373,1,1,20,0,-999,-999,7
16.5,42,17,5,-89.7904,2,-135.203,1,1,20,0,-999,-999,7
16.5,42,17,5,-89.7904,1,-135.699,0,0,20,0,-999,-999,7
16.5,42,17,5,-89.7904,3,-148.659,0,0,20,0,-999,-999,7
16.5,42,17,5,-89.7904,6,-161.542,1,1,0,1,-999,-999,7
16.5,50,8,5,-84.9535,2,-87.5464,1,1,20,0,-999,-999,0
16.5,50,8,5,-84.9535,4,-113.355,1,1,20,0,-999,-999,0
16.5,50,8,5,-84.9535,3,-136.335,0,0,20,0,-999,-999,0
16.5,50,8,5,-84.9535,6,-139.07,1,1,0,1,-999,-999,0
16.5,50,8,5,-84.9535,1,-140.615,0,0,20,0,-999,-999,0
16.5,50,8,5,-84.9535,7,-142.233,3,4,10,1,-999,-999,0
16.5,98,16,7,-90.7679,4,-92.3915,1,1,20,0,-999,-999,0
16.5,98,16,7,-90.7679,6,-112.321,1,1,0,1,-999,-999,0
16.5,98,16,7,-90.7679,5,-131.504,3,3,10,1,-999,-999,0
16.5,98,16,7,-90.7679,2,-135.048,1,1,20,0,-999,-999,0
16.5,98,16,7,-90.7679,1,-141.699,0,0,20,0,-999,-999,0
16.5,98,16,7,-90.7679,3,-151.738,0,0,20,0,-999,-999,0
16.5,100,16,6,-138.34,5,-126.742,3,3,10,1,-999,-999,0
16.5,100,16,6,-138.34,7,-127.726,3,4,10,1,-999,-999,0
16.5,100,16,6,-138.34,4,-146.752,1,1,20,0,-999,-999,0
16.5,100,16,6,-138.34,2,-152.319,1,1,20,0,-999,-999,0
16.5,100,16,6,-138.34,3,-160.833,0,0,20,0,-999,-999,0
16.5,100,16,6,-138.34,1,-166.266,0,0,20,0,-999,-999,0
18.5,13,8,4,-103.571,7,-123.281,4,4,0,1,-999,-999,0
18.5,13,8,4,-103.571,2,-127.996,2,2,20,0,-999,-999,0
18.5,13,8,4,-103.571,5,-130.279,2,2,10,1,-999,-999,0
18.5,13,8,4,-103.571,1,-132.855,0,0,20,0,-999,-999,0
18.5,13,8,4,-103.571,3,-141.724,0,0,20,0,-999,-999,0
18.5,13,8,4,-103.571,6,-151.434,1,1,0,1,-999,-999,0
18.5,32,8,2,-107.494,5,-105.36,2,2,10,1,-999,-999,0
18.5,32,8,2,-107.494,4,-121,1,1,20,0,-999,-999,0
18.5,32,8,2,-107.494,6,-136.641,1,1,0,1,-999,-999,0
18.5,32,8,2,-107.494,1,-136.86,0,0,20,0,-999,-999,0
18.5,32,8,2,-107.494,7,-142.107,4,4,0,1,-999,-999,0
18.5,32,8,2,-107.494,3,-143.831,0,0,20,0,-999,-999,0
18.5,36,16,5,-79.1496,7,-108.903,4,4,0,1,-999,-999,0
18.5,36,16,5,-79.1496,2,-121.661,2,2,20,0,-999,-999,0
18.5,36,16,5,-79.1496,4,-123.088,1,1,20,0,-999,-999,0
18.5,36,16,5,-79.1496,1,-132.522,0,0,20,0,-999,-999,0
18.5,36,16,5,-79.1496,3,-145.732,0,0,20,0,-999,-999,0
18.5,36,16,5,-79.1496,6,-147.497,1,1,0,1,-999,-999,0
18.5,38,17,7,-142.092,6,-130.177,1,1,0,1,-999,-999,0
18.5,38,17,7,-142.092,2,-143.834,2,2,20,0,-999,-999,0
18.5,38,17,7,-142.092,5,-145.207,2,2,10,1,-999,-999,0
18.5,38,17,7,-142.092,4,-145.327,1,1,20,0,-999,-999,0
18.5,38,17,7,-142.092,1,-149.506,0,0,20,0,-999,-999,0
18.5,38,17,7,-142.092,3,-149.721,0,0,20,0,-999,-999,0
18.5,42,26,7,-94.9367,5,-91.1914,2,2,10,1,-999,-999,0
18.5,42,26,7,-94.9367,4,-130.008,1,1,20,0,-999,-999,0
18.5,42,26,7,-94.9367,1,-130.137,0,0,20,0,-999,-999,0
18.5,42,26,7,-94.9367,2,-134.361,2,2,20,0,-999,-999,0
18.5,42,26,7,-94.9367,3,-144.129,0,0,20,0,-999,-999,0
18.5,42,26,7,-94.9367,6,-156.261,1,1,0,1,-999,-999,0
18.5,50,8,5,-121.991,4,-96.2615,1,1,20,0,-999,-999,0
18.5,50,8,5,-121.991,2,-105.752,2,2,20,0,-999,-999,0
18.5,50,8,5,-121.991,7,-124.021,4,4,0,1,-999,-999,0
18.5,50,8,5,-121.991,3,-131.245,0,0,20,0,-999,-999,0
18.5,50,8,5,-121.991,1,-133.249,0,0,20,0,-999,-999,0
18.5,50,8,5,-121.991,6,-133.264,1,1,0,1,-999,-999,0
18.5,54,25,7,-117.326,2,-115.264,2,2,20,0,-999,-999,0
18.5,54,25,7,-117.326,4,-132.347,1,1,20,0,-999,-999,0
18.5,54,25,7,-117.326,6,-148.229,1,1,0,1,-999,-999,0
18.5,54,25,7,-117.326,5,-150.537,2,2,10,1,-999,-999,0
18.5,54,25,7,-117.326,1,-150.966,0,0,20,0,-999,-999,0
18.5,54,25,7,-117.326,3,-155.705,0,0,20,0,-999,-999,0
18.5,98,16,7,-132.289,2,-126.029,2,2,20,0,-999,-999,0
18.5,98,16,7,-132.289,4,-127.087,1,1,20,0,-999,-999,0
18.5,98,16,7,-132.289,5,-133.397,2,2,10,1,-999,-999,0
18.5,98,16,7,-132.289,1,-141.75,0,0,20,0,-999,-999,0
18.5,98,16,7,-132.289,6,-153.308,1,1,0,1,-999,-999,0
18.5,98,16,7,-132.289,3,-154.912,0,0,20,0,-999,-999,0
18.5,100,16,6,-137.273,2,-120.891,2,2,20,0,-999,-999,0
18.5,100,16,6,-137.273,5,-132.396,2,2,10,1,-999,-999,0
18.5,100,16,6,-137.273,4,-149.511,1,1,20,0,-999,-999,0
18.5,100,16,6,-137.273,7,-160.252,4,4,0,1,-999,-999,0
18.5,100,16,6,-137.273,3,-160.367,0,0,20,0,-999,-999,0
18.5,100,16,6,-137.273,1,-166.846,0,0,20,0,-999,-999,0
20.5,13,8,4,-102.722,2,-125.737,2,2,20,0,-999,-999,0
20.5,13,8,4,-102.722,1,-126.879,0,0,20,0,-999,-999,0
20.5,13,8,4,-102.722,5,-127.925,2,2,10,1,-999,-999,0
20.5,13,8,4,-102.722,6,-131.685,1,1,0,1,-999,-999,0
20.5,13,8,4,-102.722,7,-136.718,4,4,0,1,-999,-999,0
20.5,13,8,4,-102.722,3,-146.317,0,0,20,0,-999,-999,0
20.5,32,8,2,-89.7981,5,-114.944,2,2,10,1,-999,-999,0
20.5,32,8,2,-89.7981,4,-118.017,2,2,20,0,-999,-999,0
20.5,32,8,2,-89.7981,1,-139.887,0,0,20,0,-999,-999,0
20.5,32,8,2,-89.7981,3,-145.673,0,0,20,0,-999,-999,0
20.5,32,8,2,-89.7981,6,-147.202,1,1,0,1,-999,-999,0
20.5,32,8,2,-89.7981,7,-151.456,4,4,0,1,-999,-999,0
20.5,36,16,5,-94.8993,2,-118.384,2,2,20,0,-999,-999,0
20.5,36,16,5,-94.8993,4,-124.641,2,2,20,0,-999,-999,0
20.5,36,16,5,-94.8993,1,-131.037,0,0,20,0,-999,-999,0
20.5,36,16,5,-94.8993,6,-140.483,1,1,0,1,-999,-999,0
20.5,36,16,5,-94.8993,7,-141.299,4,4,0,1,-999,-999,0
20.5,36,16,5,-94.8993,3,-146.471,0,0,20,0,-999,-999,0
20.5,38,17,7,-134.895,6,-128.088,1,1,0,1,-999,-999,0
20.5,38,17,7,-134.895,5,-143.399,2,2,10,1,-999,-999,0
20.5,38,17,7,-134.895,2,-147.456,2,2,20,0,-999,-999,0
20.5,38,17,7,-134.895,4,-147.943,2,2,20,0,-999,-999,0
20.5,38,17,7,-134.895,3,-149.211,0,0,20,0,-999,-999,0
20.5,38,17,7,-134.895,1,-151.228,0,0,20,0,-999,-999,0
20.5,42,26,7,-113.848,2,-126.56,2,2,20,0,-999,-999,0
20.5,42,26,7,-113.848,4,-128.126,2,2,20,0,-999,-999,0
20.5,42,26,7,-113.848,5,-128.959,2,2,10,1,-999,-999,0
20.5,42,26,7,-113.848,1,-132.152,0,0,20,0,-999,-999,0
20.5,42,26,7,-113.848,3,-149.429,0,0,20,0,-999,-999,0
20.5,42,26,7,-113.848,6,-164.679,1,1,0,1,-999,-999,0
20.5,47,16,2,-89.5191,6,-129.526,1,1,0,1,-999,-999,0
20.5,47,16,2,-89.5191,4,-132.491,2,2,20,0,-999,-999,0
20.5,47,16,2,-89.5191,1,-137.808,0,0,20,0,-999,-999,0
20.5,47,16,2,-89.5191,7,-138.299,4,4,0,1,-999,-999,0
20.5,47,16,2,-89.5191,5,-138.955,2,2,10,1,-999,-999,0
20.5,47,16,2,-89.5191,3,-145.532,0,0,20,0,-999,-999,0
20.5,50,8,5,-123.177,2,-90.4545,2,2,20,0,-999,-999,0
20.5,50,8,5,-123.177,7,-106.076,4,4,0,1,-999,-999,0
20.5,50,8,5,-123.177,6,-128.69,1,1,0,1,-999,-999,0
20.5,50,8,5,-123.177,4,-130.779,2,2,20,0,-999,-999,0
20.5,50,8,5,-123.177,3,-132.371,0,0,20,0,-999,-999,0
20.5,50,8,5,-123.177,1,-136.881,0,0,20,0,-999,-999,0
20.5,54,25,7,-97.0382,5,-125.907,2,2,10,1,-999,-999,0
20.5,54,25,7,-97.0382,2,-133.352,2,2,20,0,-999,-999,0
20.5,54,25,7,-97.0382,4,-134.595,2,2,20,0,-999,-999,0
20.5,54,25,7,-97.0382,6,-135.46,1,1,0,1,-999,-999,0
20.5,54,25,7,-97.0382,1,-152.402,0,0,20,0,-999,-999,0
20.5,54,25,7,-97.0382,3,-157.844,0,0,20,0,-999,-999,0
20.5,98,16,7,-126.972,2,-130.246,2,2,20,0,-999,-999,0
20.5,98,16,7,-126.972,4,-137.263,2,2,20,0,-999,-999,0
20.5,98,16,7,-126.972,1,-138.076,0,0,20,0,-999,-999,0
20.5,98,16,7,-126.972,5,-138.662,2,2,10,1,-999,-999,0
20.5,98,16,7,-126.972,6,-145.96,1,1,0,1,-999,-999,0
20.5,98,16,7,-126.972,3,-154.162,0,0,20,0,-999,-999,0
20.5,100,16,6,-141.072,7,-132.508,4,4,0,1,-999,-999,0
20.5,100,16,6,-141.072,2,-139.676,2,2,20,0,-999,-999,0
20.5,100,16,6,-141.072,5,-141.599,2,2,10,1,-999,-999,0
20.5,100,16,6,-141.072,4,-151.026,2,2,20,0,-999,-999,0
20.5,100,16,6,-141.072,3,-163.698,0,0,20,0,-999,-999,0
20.5,100,16,6,-141.072,1,-166.336,0,0,20,0,-999,-999,0
22.5,13,8,4,-89.943,5,-93.6914,2,2,10,1,-999,-999,0
22.5,13,8,4,-89.943,1,-126.164,0,0,20,0,-999,-999,0
22.5,13,8,4,-89.943,7,-126.606,4,4,0,1,-999,-999,0
22.5,13,8,4,-89.943,2,-127.168,2,2,20,0,-999,-999,0
22.5,13,8,4,-89.943,3,-141.173,0,0,20,0,-999,-999,0
22.5,13,8,4,-89.943,6,-147.56,1,1,0,1,-999,-999,0
22.5,32,8,2,-111.641,4,-103.893,2,2,20,0,-999,-999,0
22.5,32,8,2,-111.641,5,-104.824,2,2,10,1,-999,-999,0
22.5,32,8,2,-111.641,1,-138.469,0,0,20,0,-999,-999,0
22.5,32,8,2,-111.641,3,-139.331,0,0,20,0,-999,-999,0
22.5,32,8,2,-111.641,6,-145.749,1,1,0,1,-999,-999,0
22.5,32,8,2,-111.641,7,-146.058,4,4,0,1,-999,-999,0
22.5,36,16,5,-79.0509,4,-123.883,2,2,20,0,-999,-999,0
22.5,36,16,5,-79.0509,2,-129.014,2,2,20,0,-999,-999,0
22.5,36,16,5,-79.0509,1,-135.141,0,0,20,0,-999,-999,0
22.5,36,16,5,-79.0509,3,-147.061,0,0,20,0,-999,-999,0
22.5,36,16,5,-79.0509,6,-148.465,1,1,0,1,-999,-999,0
22.5,36,16,5,-79.0509,7,-150.27,4,4,0,1,-999,-999,0
22.5,38,17,7,-112.407,6,-95.2811,1,1,0,1,-999,-999,0
22.5,38,17,7,-112.407,2,-136.476,2,2,20,0,-999,-999,0
22.5,38,17,7,-112.407,5,-140.419,2,2,10,1,-999,-999,0
22.5,38,17,7,-112.407,4,-143.199,2,2,20,0,-999,-999,0
22.5,38,17,7,-112.407,1,-154.853,0,0,20,0,-999,-999,0
22.5,38,17,7,-112.407,3,-156.851,0,0,20,0,-999,-999,0
22.5,42,26,7,-125.835,2,-110.239,2,2,20,0,-999,-999,0
22.5,42,26,7,-125.835,5,-126.844,2,2,10,1,-999,-999,0
22.5,42,26,7,-125.835,4,-132.296,2,2,20,0,-999,-999,0
22.5,42,26,7,-125.835,1,-136.645,0,0,20,0,-999,-999,0
22.5,42,26,7,-125.835,3,-154.551,0,0,20,0,-999,-999,0
22.5,42,26,7,-125.835,6,-168.235,1,1,0,1,-999,-999,0
22.5,46,16,4,-104.477,2,-101.606,2,2,20,0,-999,-999,0
22.5,46,16,4,-104.477,5,-125.521,2,2,10,1,-999,-999,0
22.5,46,16,4,-104.477,6,-139.791,1,1,0,1,-999,-999,0
22.5,46,16,4,-104.477,1,-140.643,0,0,20,0,-999,-999,0
22.5,46,16,4,-104.477,7,-143.701,4,4,0,1,-999,-999,0
22.5,46,16,4,-104.477,3,-151.41,0,0,20,0,-999,-999,0
22.5,47,16,2,-111.339,7,-107.354,4,4,0,1,-999,-999,0
22.5,47,16,2,-111.339,4,-131.824,2,2,20,0,-999,-999,0
22.5,47,16,2,-111.339,5,-131.939,2,2,10,1,-999,-999,0
22.5,47,16,2,-111.339,6,-139.683,1,1,0,1,-999,-999,0
22.5,47,16,2,-111.339,3,-140.884,0,0,20,0,-999,-999,0
22.5,47,16,2,-111.339,1,-143.866,0,0,20,0,-999,-999,0
22.5,50,8,5,-121.727,2,-109.241,2,2,20,0,-999,-999,2
22.5,50,8,5,-121.727,4,-130.006,2,2,20,0,-999,-999,2
22.5,50,8,5,-121.727,3,-133.149,0,0,20,0,-999,-999,2
22.5,50,8,5,-121.727,1,-134.913,0,0,20,0,-999,-999,2
22.5,50,8,5,-121.727,7,-135.309,4,4,0,1,-999,-999,2
22.5,50,8,5,-121.727,6,-138.584,1,1,0,1,-999,-999,2
22.5,54,25,7,-92.7422,5,-109.584,2,2,10,1,-999,-999,0
22.5,54,25,7,-92.7422,4,-117.612,2,2,20,0,-999,-999,0
22.5,54,25,7,-92.7422,2,-138.627,2,3,20,0,-999,-999,0
22.5,54,25,7,-92.7422,1,-158.095,0,0,20,0,-999,-999,0
22.5,54,25,7,-92.7422,6,-160.366,1,1,0,1,-999,-999,0
22.5,54,25,7,-92.7422,3,-160.862,0,0,20,0,-999,-999,0
22.5,98,16,7,-125.347,5,-97.6227,2,2,10,1,-999,-999,0
22.5,98,16,7,-125.347,2,-129.816,2,3,20,0,-999,-999,0
22.5,98,16,7,-125.347,4,-134.016,2,2,20,0,-999,-999,0
22.5,98,16,7,-125.347,1,-144.861,0,0,20,0,-999,-999,0
22.5,98,16,7,-125.347,6,-145.355,1,1,0,1,-999,-999,0
22.5,98,16,7,-125.347,3,-152.542,0,0,20,0,-999,-999,0
22.5,100,16,6,-99.7845,4,-149.529,2,2,20,0,-999,-999,0
22.5,100,16,6,-99.7845,2,-157.149,2,3,20,0,-999,-999,0
22.5,100,16,6,-99.7845,3,-160.01,0,0,20,0,-999,-999,0
22.5,100,16,6,-99.7845,1,-161.49,0,0,20,0,-999,-999,0
22.5,100,16,6,-99.7845,5,-165.35,2,2,10,1,-999,-999,0
22.5,100,16,6,-99.7845,7,-168.85,4,4,0,1,-999,-999,0
24.5,13,8,4,-117.579,2,-95.408,3,3,20,0,-999,-999,0
24.5,13,8,4,-117.579,6,-115.591,2,2,0,1,-999,-999,0
24.5,13,8,4,-117.579,1,-128.278,0,0,20,0,-999,-999,0
24.5,13,8,4,-117.579,5,-128.751,1,1,10,1,-999,-999,0
24.5,13,8,4,-117.579,7,-143.158,4,4,0,1,-999,-999,0
24.5,13,8,4,-117.579,3,-145.957,0,0,20,0,-999,-999,0
24.5,32,8,2,-106.777,5,-111.609,1,1,10,1,-999,-999,0
24.5,32,8,2,-106.777,4,-125.244,2,2,20,0,-999,-999,0
24.5,32,8,2,-106.777,1,-140.619,0,0,20,0,-999,-999,0
24.5,32,8,2,-106.777,6,-143.006,2,2,0,1,-999,-999,0
24.5,32,8,2,-106.777,3,-147.403,0,0,20,0,-999,-999,0
24.5,32,8,2,-106.777,7,-151.487,4,4,0,1,-999,-999,0
24.5,36,16,5,-123.408,4,-93.3451,2,2,20,0,-999,-999,0
24.5,36,16,5,-123.408,2,-121.04,3,3,20,0,-999,-999,0
24.5,36,16,5,-123.408,1,-129.137,0,0,20,0,-999,-999,0
24.5,36,16,5,-123.408,6,-142.758,2,2,0,1,-999,-999,0
24.5,36,16,5,-123.408,3,-145.39,0,0,20,0,-999,-999,0
24.5,36,16,5,-123.408,7,-146.544,4,4,0,1,-999,-999,0
24.5,38,17,7,-146.806,2,-133.579,3,3,20,0,-999,-999,0
24.5,38,17,7,-146.806,6,-134.59,2,2,0,1,-999,-999,0
24.5,38,17,7,-146.806,5,-136.541,1,1,10,1,-999,-999,0
24.5,38,17,7,-146.806,4,-145.06,2,2,20,0,-999,-999,0
24.5,38,17,7,-146.806,3,-153.621,0,0,20,0,-999,-999,0
24.5,38,17,7,-146.806,1,-155.902,0,0,20,0,-999,-999,0
24.5,42,26,7,-120.779,5,-125.56,1,1,10,1,-999,-999,0
24.5,42,26,7,-120.779,4,-128.162,2,2,20,0,-999,-999,0
24.5,42,26,7,-120.779,2,-132.142,3,3,20,0,-999,-999,0
24.5,42,26,7,-120.779,1,-137.271,0,0,20,0,-999,-999,0
24.5,42,26,7,-120.779,3,-151.362,0,0,20,0,-999,-999,0
24.5,42,26,7,-120.779,6,-167.572,2,2,0,1,-999,-999,0
24.5,46,16,4,-106.413,5,-90.6809,1,1,10,1,-999,-999,0
24.5,46,16,4,-106.413,6,-101.493,2,2,0,1,-999,-999,0
24.5,46,16,4,-106.413,7,-131.289,4,4,0,1,-999,-999,0
24.5,46,16,4,-106.413,2,-135.204,3,3,20,0,-999,-999,0
24.5,46,16,4,-106.413,1,-142.496,0,0,20,0,-999,-999,0
24.5,46,16,4,-106.413,3,-150.529,0,0,20,0,-999,-999,0
24.5,47,16,2,-77.644,6,-97.6888,2,2,0,1,-999,-999,0
24.5,47,16,2,-77.644,5,-99.0149,1,1,10,1,-999,-999,0
24.5,47,16,2,-77.644,7,-130.439,4,4,0,1,-999,-999,0
24.5,47,16,2,-77.644,4,-133.215,2,2,20,0,-999,-999,0
24.5,47,16,2,-77.644,3,-143.741,0,0,20,0,-999,-999,0
24.5,47,16,2,-77.644,1,-147.079,0,0,20,0,-999,-999,0
24.5,50,17,2,-108.97,6,-95.4132,2,2,0,1,-999,-999,0
24.5,50,17,2,-108.97,5,-114.681,1,1,10,1,-999,-999,0
24.5,50,17,2,-108.97,4,-128.896,2,2,20,0,-999,-999,0
24.5,50,17,2,-108.97,1,-135.622,0,0,20,0,-999,-999,0
24.5,50,17,2,-108.97,3,-140.203,0,0,20,0,-999,-999,0
24.5,50,17,2,-108.97,7,-144.328,4,4,0,1,-999,-999,0
24.5,54,25,7,-111.801,5,-114.966,1,1,10,1,-999,-999,0
24.5,54,25,7,-111.801,4,-135.961,2,2,20,0,-999,-999,0
24.5,54,25,7,-111.801,2,-147.027,3,3,20,0,-999,-999,0
24.5,54,25,7,-111.801,1,-151.879,0,0,20,0,-999,-999,0
24.5,54,25,7,-111.801,6,-155.898,2,2,0,1,-999,-999,0
24.5,54,25,7,-111.801,3,-165.745,0,0,20,0,-999,-999,0
24.5,98,16,7,-110.471,2,-96.9967,3,3,20,0,-999,-999,0
24.5,98,16,7,-110.471,4,-129.992,2,2,20,0,-999,-999,0
24.5,98,16,7,-110.471,5,-135.602,1,1,10,1,-999,-999,0
24.5,98,16,7,-110.471,1,-144.267,0,0,20,0,-999,-999,0
24.5,98,16,7,-110.471,6,-148.771,2,2,0,1,-999,-999,0
24.5,98,16,7,-110.471,3,-152.663,0,0,20,0,-999,-999,0
24.5,100,16,6,-146.752,4,-147.879,2,2,20,0,-999,-999,0
24.5,100,16,6,-146.752,7,-148.231,4,4,0,1,-999,-999,0
24.5,100,16,6,-146.752,5,-152.914,1,1,10,1,-999,-999,0
24.5,100,16,6,-146.752,3,-158.719,0,0,20,0,-999,-999,0
24.5,100,16,6,-146.752,2,-161.047,3,3,20,0,-999,-999,0
24.5,100,16,6,-146.752,1,-162.447,0,0,20,0,-999,-999,0
26.5,13,8,4,-110.811,2,-121.523,3,3,20,0,-999,-999,0
26.5,13,8,4,-110.811,1,-126.47,0,0,20,0,-999,-999,0
26.5,13,8,4,-110.811,5,-130.729,1,1,10,1,-999,-999,0
26.5,13,8,4,-110.811,6,-132.697,3,3,0,1,-999,-999,0
26.5,13,8,4,-110.811,7,-134.972,5,5,0,1,-999,-999,0
26.5,13,8,4,-110.811,3,-149.756,0,0,20,0,-999,-999,0
26.5,32,8,2,-113.314,5,-115.746,1,1,10,1,-999,-999,0
26.5,32,8,2,-113.314,4,-120.423,2,2,20,0,-999,-999,0
26.5,32,8,2,-113.314,6,-129.876,3,3,0,1,-999,-999,0
26.5,32,8,2,-113.314,1,-142.604,0,0,20,0,-999,-999,0
26.5,32,8,2,-113.314,3,-148.779,0,0,20,0,-999,-999,0
26.5,32,8,2,-113.314,7,-149.703,5,5,0,1,-999,-999,0
26.5,36,16,5,-80.5965,2,-115.869,3,3,20,0,-999,-999,0
26.5,36,16,5,-80.5965,4,-118.784,2,2,20,0,-999,-999,0
26.5,36,16,5,-80.5965,1,-132.964,0,0,20,0,-999,-999,0
26.5,36,16,5,-80.5965,7,-144.813,5,5,0,1,-999,-999,0
26.5,36,16,5,-80.5965,3,-146.644,0,0,20,0,-999,-999,0
26.5,36,16,5,-80.5965,6,-150.317,3,3,0,1,-999,-999,0
26.5,38,17,7,-147.697,5,-101.64,1,1,10,1,-999,-999,0
26.5,38,17,7,-147.697,6,-126.443,3,3,0,1,-999,-999,0
26.5,38,17,7,-147.697,2,-141.741,3,3,20,0,-999,-999,0
26.5,38,17,7,-147.697,4,-148.778,2,2,20,0,-999,-999,0
26.5,38,17,7,-147.697,3,-150.028,0,0,20,0,-999,-999,0
26.5,38,17,7,-147.697,1,-156.5,0,0,20,0,-999,-999,0
26.5,42,26,7,-118.099,5,-113.929,1,1,10,1,-999,-999,0
26.5,42,26,7,-118.099,2,-116.722,3,3,20,0,-999,-999,0
26.5,42,26,7,-118.099,4,-129.379,2,2,20,0,-999,-999,0
26.5,42,26,7,-118.099,1,-136.669,0,0,20,0,-999,-999,0
26.5,42,26,7,-118.099,3,-148.812,0,0,20,0,-999,-999,0
26.5,42,26,7,-118.099,6,-164.374,3,3,0,1,-999,-999,0
26.5,44,24,6,-81.4568,5,-105.18,1,1,10,1,-999,-999,0
26.5,44,24,6,-81.4568,7,-107.827,5,5,0,1,-999,-999,0
26.5,44,24,6,-81.4568,4,-111.968,2,2,20,0,-999,-999,0
26.5,44,24,6,-81.4568,2,-120.053,3,3,20,0,-999,-999,0
26.5,44,24,6,-81.4568,3,-139.656,0,0,20,0,-999,-999,0
26.5,44,24,6,-81.4568,1,-142.531,0,0,20,0,-999,-999,0
26.5,46,16,4,-110.671,5,-111.704,1,1,10,1,-999,-999,0
26.5,46,16,4,-110.671,7,-125.481,5,5,0,1,-999,-999,0
26.5,46,16,4,-110.671,2,-133.139,3,3,20,0,-999,-999,0
26.5,46,16,4,-110.671,6,-143.159,3,3,0,1,-999,-999,0
26.5,46,16,4,-110.671,1,-145.751,0,0,20,0,-999,-999,0
26.5,46,16,4,-110.671,3,-156.309,0,0,20,0,-999,-999,0
26.5,47,16,2,-117.362,5,-124.362,1,1,10,1,-999,-999,0
26.5,47,16,2,-117.362,4,-128.428,2,2,20,0,-999,-999,0
26.5,47,16,2,-117.362,7,-132.208,5,5,0,1,-999,-999,0
26.5,47,16,2,-117.362,6,-135.979,3,3,0,1,-999,-999,0
26.5,47,16,2,-117.362,1,-142.541,0,0,20,0,-999,-999,0
26.5,47,16,2,-117.362,3,-143.993,0,0,20,0,-999,-999,0
26.5,50,17,2,-108.806,5,-103.987,1,1,10,1,-999,-999,0
26.5,50,17,2,-108.806,6,-133.867,3,3,0,1,-999,-999,0
26.5,50,17,2,-108.806,4,-134.841,2,2,20,0,-999,-999,0
26.5,50,17,2,-108.806,3,-137.006,0,0,20,0,-999,-999,0
26.5,50,17,2,-108.806,1,-137.917,0,0,20,0,-999,-999,0
26.5,50,17,2,-108.806,7,-153.127,5,5,0,1,-999,-999,0
26.5,54,25,7,-132.478,5,-111.945,1,1,10,1,-999,-999,0
26.5,54,25,7,-132.478,4,-131.691,2,2,20,0,-999,-999,0
26.5,54,25,7,-132.478,2,-140.083,3,3,20,0,-999,-999,0
26.5,54,25,7,-132.478,1,-148.604,0,0,20,0,-999,-999,0
26.5,54,25,7,-132.478,6,-162.413,3,3,0,1,-999,-999,0
26.5,54,25,7,-132.478,3,-162.456,0,0,20,0,-999,-999,0
26.5,58,34,7,-98.944,5,-124.891,1,1,10,1,-999,-999,0
26.5,58,34,7,-98.944,4,-139.884,2,2,20,0,-999,-999,0
26.5,58,34,7,-98.944,6,-150.589,3,3,0,1,-999,-999,0
26.5,58,34,7,-98.944,2,-151.396,3,3,20,0,-999,-999,0
26.5,58,34,7,-98.944,1,-157.135,0,0,20,0,-999,-999,0
26.5,58,34,7,-98.944,3,-161.309,0,0,20,0,-999,-999,0
26.5,98,16,7,-132.066,5,-114.144,1,1,10,1,-999,-999,0
26.5,98,16,7,-132.066,4,-119.836,2,2,20,0,-999,-999,0
26.5,98,16,7,-132.066,2,-132.917,3,3,20,0,-999,-999,0
26.5,98,16,7,-132.066,6,-139.96,3,3,0,1,-999,-999,0
26.5,98,16,7,-132.066,1,-142.993,0,0,20,0,-999,-999,0
26.5,98,16,7,-132.066,3,-151.417,0,0,20,0,-999,-999,0
26.5,100,16,6,-117.358,4,-146.928,2,2,20,0,-999,-999,0
26.5,100,16,6,-117.358,5,-152.513,1,1,10,1,-999,-999,0
26.5,100,16,6,-117.358,2,-153.669,3,3,20,0,-999,-999,0
26.5,100,16,6,-117.358,3,-162.252,0,0,20,0,-999,-999,0
26.5,100,16,6,-117.358,7,-165.422,5,5,0,1,-999,-999,0
26.5,100,16,6,-117.358,1,-173.395,0,0,20,0,-999,-999,0
28.5,13,8,4,-98.5391,5,-103.371,1,1,10,1,-999,-999,0
28.5,13,8,4,-98.5391,6,-116.764,3,3,0,1,-999,-999,0
28.5,13,8,4,-98.5391,2,-122.079,3,3,20,0,-999,-999,0
28.5,13,8,4,-98.5391,1,-127.534,0,0,20,0,-999,-999,0
28.5,13,8,4,-98.5391,3,-139.325,0,0,20,0,-999,-999,0
28.5,13,8,4,-98.5391,7,-142.831,5,5,0,1,-999,-999,0
28.5,26,32,6,-123.862,7,-133.347,5,5,0,1,-999,-999,0
28.5,26,32,6,-123.862,3,-143.502,0,0,20,0,-999,-999,0
28.5,26,32,6,-123.862,2,-145.043,3,3,20,0,-999,-999,0
28.5,26,32,6,-123.862,1,-150.601,0,0,20,0,-999,-999,0
28.5,26,32,6,-123.862,4,-153.872,2,2,20,0,-999,-999,0
28.5,26,32,6,-123.862,5,-155.002,1,1,10,1,-999,-999,0
28.5,32,8,2,-74.9262,4,-105.958,2,2,20,0,-999,-999,0
28.5,32,8,2,-74.9262,5,-110.954,1,1,10,1,-999,-999,0
28.5,32,8,2,-74.9262,1,-137.554,0,0,20,0,-999,-999,0
28.5,32,8,2,-74.9262,3,-144.647,0,0,20,0,-999,-999,0
28.5,32,8,2,-74.9262,7,-144.956,5,5,0,1,-999,-999,0
28.5,32,8,2,-74.9262,6,-149.751,3,3,0,1,-999,-999,0
28.5,36,16,5,-121.106,6,-115.401,3,3,0,1,-999,-999,0
28.5,36,16,5,-121.106,2,-117.997,3,3,20,0,-999,-999,0
28.5,36,16,5,-121.106,4,-122.653,2,2,20,0,-999,-999,0
28.5,36,16,5,-121.106,1,-127.796,0,0,20,0,-999,-999,0
28.5,36,16,5,-121.106,3,-144.79,0,0,20,0,-999,-999,0
28.5,36,16,5,-121.106,7,-148.733,5,5,0,1,-999,-999,0
28.5,38,17,7,-144.122,6,-95.5748,3,3,0,1,-999,-999,5
28.5,38,17,7,-144.122,5,-101.446,1,1,10,1,-999,-999,5
28.5,38,17,7,-144.122,2,-148.15,3,3,20,0,-999,-999,5
28.5,38,17,7,-144.122,4,-151.455,2,2,20,0,-999,-999,5
28.5,38,17,7,-144.122,3,-151.788,0,0,20,0,-999,-999,5
28.5,38,17,7,-144.122,1,-155.699,0,0,20,0,-999,-999,5
28.5,42,26,7,-99.3247,5,-102.346,1,2,10,1,-999,-999,0
28.5,42,26,7,-99.3247,4,-125.743,2,2,20,0,-999,-999,0
28.5,42,26,7,-99.3247,2,-129.773,3,3,20,0,-999,-999,0
28.5,42,26,7,-99.3247,1,-134.996,0,0,20,0,-999,-999,0
28.5,42,26,7,-99.3247,3,-148.683,0,0,20,0,-999,-999,0
28.5,42,26,7,-99.3247,6,-165.163,3,3,0,1,-999,-999,0
28.5,44,24,6,-81.8778,2,-109.24,3,3,20,0,-999,-999,0
28.5,44,24,6,-81.8778,7,-116.354,5,5,0,1,-999,-999,0
28.5,44,24,6,-81.8778,4,-134.194,2,2,20,0,-999,-999,0
28.5,44,24,6,-81.8778,3,-136.414,0,0,20,0,-999,-999,0
28.5,44,24,6,-81.8778,5,-137.12,1,2,10,1,-999,-999,0
28.5,44,24,6,-81.8778,1,-149.429,0,0,20,0,-999,-999,0
28.5,46,16,4,-111.748,6,-102.114,3,3,0,1,-999,-999,0
28.5,46,16,4,-111.748,5,-125.026,1,2,10,1,-999,-999,0
28.5,46,16,4,-111.748,2,-133.877,3,3,20,0,-999,-999,0
28.5,46,16,4,-111.748,7,-140.732,5,5,0,1,-999,-999,0
28.5,46,16,4,-111.748,1,-145.32,0,0,20,0,-999,-999,0
28.5,46,16,4,-111.748,3,-157.306,0,0,20,0,-999,-999,0
28.5,47,16,2,-114.909,6,-97.4458,3,3,0,1,-999,-999,0
28.5,47,16,2,-114.909,4,-127.039,2,2,20,0,-999,-999,0
28.5,47,16,2,-114.909,5,-127.085,1,2,10,1,-999,-999,0
28.5,47,16,2,-114.909,7,-129.994,5,5,0,1,-999,-999,0
28.5,47,16,2,-114.909,1,-141.43,0,0,20,0,-999,-999,0
28.5,47,16,2,-114.909,3,-142.959,0,0,20,0,-999,-999,0
28.5,50,17,2,-107.606,7,-118.527,5,5,0,1,-999,-999,0
28.5,50,17,2,-107.606,5,-118.729,1,2,10,1,-999,-999,0
28.5,50,17,2,-107.606,4,-128.956,2,2,20,0,-999,-999,0
28.5,50,17,2,-107.606,6,-130.236,3,3,0,1,-999,-999,0
28.5,50,17,2,-107.606,3,-132.721,0,0,20,0,-999,-999,0
28.5,50,17,2,-107.606,1,-136.457,0,0,20,0,-999,-999,0
28.5,54,25,7,-108.501,6,-120.657,3,3,0,1,-999,-999,0
28.5,54,25,7,-108.501,4,-125.832,2,2,20,0,-999,-999,0
28.5,54,25,7,-108.501,2,-129.307,3,3,20,0,-999,-999,0
28.5,54,25,7,-108.501,5,-144.906,1,2,10,1,-999,-999,0
28.5,54,25,7,-108.501,1,-148.409,0,0,20,0,-999,-999,0
28.5,54,25,7,-108.501,3,-159.501,0,0,20,0,-999,-999,0
28.5,58,34,7,-136.477,6,-122.935,3,3,0,1,-999,-999,0
28.5,58,34,7,-136.477,5,-143.705,1,2,10,1,-999,-999,0
28.5,58,34,7,-136.477,4,-147.004,2,2,20,0,-999,-999,0
28.5,58,34,7,-136.477,2,-152.16,3,3,20,0,-999,-999,0
28.5,58,34,7,-136.477,1,-155.836,0,0,20,0,-999,-999,0
28.5,58,34,7,-136.477,3,-168.416,0,0,20,0,-999,-999,0
28.5,98,16,7,-106.127,5,-97.6014,1,2,10,1,-999,-999,0
28.5,98,16,7,-106.127,2,-131.405,3,3,20,0,-999,-999,0
28.5,98,16,7,-106.127,4,-131.501,2,2,20,0,-999,-999,0
28.5,98,16,7,-106.127,1,-141.415,0,0,20,0,-999,-999,0
28.5,98,16,7,-106.127,6,-147.794,3,3,0,1,-999,-999,0
28.5,98,16,7,-106.127,3,-150.596,0,0,20,0,-999,-999,0
28.5,100,16,6,-139.083,4,-149.328,2,2,20,0,-999,-999,0
28.5,100,16,6,-139.083,7,-157.061,5,5,0,1,-999,-999,0
28.5,100,16,6,-139.083,2,-157.78,3,3,20,0,-999,-999,0
28.5,100,16,6,-139.083,3,-158.942,0,0,20,0,-999,-999,0
28.5,100,16,6,-139.083,5,-161.345,1,2,10,1,-999,-999,0
28.5,100,16,6,-139.083,1,-169.379,0,0,20,0,-999,-999,0
30.5,13,8,4,-119.696,5,-124.936,2,2,10,1,-999,-999,0
30.5,13,8,4,-119.696,2,-128.155,3,3,20,0,-999,-999,0
30.5,13,8,4,-119.696,1,-131.219,0,0,20,0,-999,-999,0
30.5,13,8,4,-119.696,7,-141.051,4,4,0,1,-999,-999,0
30.5,13,8,4,-119.696,3,-145.931,0,0,20,0,-999,-999,0
30.5,13,8,4,-119.696,6,-156.568,3,3,0,1,-999,-999,0
30.5,26,32,6,-118.796,3,-142.018,0,0,20,0,-999,-999,0
30.5,26,32,6,-118.796,2,-146.423,3,3,20,0,-999,-999,0
30.5,26,32,6,-118.796,5,-148.493,2,2,10,1,-999,-999,0
30.5,26,32,6,-118.796,4,-150.273,2,2,20,0,-999,-999,0
30.5,26,32,6,-118.796,7,-151.857,4,4,0,1,-999,-999,0
30.5,26,32,6,-118.796,1,-152.638,0,0,20,0,-999,-999,0
30.5,32,8,2,-113.088,5,-87.8114,2,2,10,1,-999,-999,0
30.5,32,8,2,-113.088,4,-120.749,2,2,20,0,-999,-999,0
30.5,32,8,2,-113.088,1,-140.979,0,0,20,0,-999,-999,0
30.5,32,8,2,-113.088,3,-141.895,0,0,20,0,-999,-999,0
30.5,32,8,2,-113.088,6,-144.311,3,3,0,1,-999,-999,0
30.5,32,8,2,-113.088,7,-146.061,4,4,0,1,-999,-999,0
30.5,36,16,5,-118.803,4,-113.048,2,2,20,0,-999,-999,0
30.5,36,16,5,-118.803,2,-114.209,3,3,20,0,-999,-999,0
30.5,36,16,5,-118.803,1,-134.23,0,0,20,0,-999,-999,0
30.5,36,16,5,-118.803,3,-143.729,0,0,20,0,-999,-999,0
30.5,36,16,5,-118.803,7,-145.237,4,4,0,1,-999,-999,0
30.5,36,16,5,-118.803,6,-145.374,3,3,0,1,-999,-999,0
30.5,38,18,5,-141.04,2,-108.492,3,3,20,0,-999,-999,0
30.5,38,18,5,-141.04,6,-133.84,3,3,0,1,-999,-999,0
30.5,38,18,5,-141.04,7,-141.334,4,4,0,1,-999,-999,0
30.5,38,18,5,-141.04,4,-143.569,2,2,20,0,-999,-999,0
30.5,38,18,5,-141.04,3,-149.657,0,0,20,0,-999,-999,0
30.5,38,18,5,-141.04,1,-152.791,0,0,20,0,-999,-999,0
30.5,42,26,7,-122.758,4,-127.222,2,2,20,0,-999,-999,0
30.5,42,26,7,-122.758,1,-127.769,0,0,20,0,-999,-999,0
30.5,42,26,7,-122.758,2,-129.64,3,3,20,0,-999,-999,0
30.5,42,26,7,-122.758,5,-131.686,2,2,10,1,-999,-999,0
30.5,42,26,7,-122.758,3,-151.25,0,0,20,0,-999,-999,0
30.5,42,26,7,-122.758,6,-168.674,3,3,0,1,-999,-999,0
30.5,44,24,6,-118.447,2,-110.988,3,3,20,0,-999,-999,0
30.5,44,24,6,-118.447,5,-134.514,2,2,10,1,-999,-999,0
30.5,44,24,6,-118.447,3,-136.299,0,0,20,0,-999,-999,0
30.5,44,24,6,-118.447,7,-137.274,4,4,0,1,-999,-999,0
30.5,44,24,6,-118.447,1,-143.183,0,0,20,0,-999,-999,0
30.5,44,24,6,-118.447,4,-147.498,2,2,20,0,-999,-999,0
30.5,46,16,4,-114.446,7,-107.357,4,4,0,1,-999,-999,0
30.5,46,16,4,-114.446,5,-130.19,2,2,10,1,-999,-999,0
30.5,46,16,4,-114.446,2,-131.539,3,3,20,0,-999,-999,0
30.5,46,16,4,-114.446,1,-142.696,0,0,20,0,-999,-999,0
30.5,46,16,4,-114.446,3,-144.857,0,0,20,0,-999,-999,0
30.5,46,16,4,-114.446,6,-145.265,3,3,0,1,-999,-999,0
30.5,47,16,2,-79.423,6,-97.3619,3,3,0,1,-999,-999,0
30.5,47,16,2,-79.423,5,-127.752,2,2,10,1,-999,-999,0
30.5,47,16,2,-79.423,4,-134.232,2,2,20,0,-999,-999,0
30.5,47,16,2,-79.423,7,-134.68,4,4,0,1,-999,-999,0
30.5,47,16,2,-79.423,1,-140.373,0,0,20,0,-999,-999,0
30.5,47,16,2,-79.423,3,-144.443,0,0,20,0,-999,-999,0
30.5,50,17,2,-110.129,5,-119.711,2,2,10,1,-999,-999,0
30.5,50,17,2,-110.129,6,-126.224,3,3,0,1,-999,-999,0
30.5,50,17,2,-110.129,4,-134.23,2,2,20,0,-999,-999,0
30.5,50,17,2,-110.129,3,-134.93,0,0,20,0,-999,-999,0
30.5,50,17,2,-110.129,1,-140.468,0,0,20,0,-999,-999,0
30.5,50,17,2,-110.129,7,-141.731,4,4,0,1,-999,-999,0
30.5,54,25,7,-130.088,5,-114.905,2,2,10,1,-999,-999,0
30.5,54,25,7,-130.088,4,-116.029,2,2,20,0,-999,-999,0
30.5,54,25,7,-130.088,6,-126.085,3,3,0,1,-999,-999,0
30.5,54,25,7,-130.088,2,-140.396,3,3,20,0,-999,-999,0
30.5,54,25,7,-130.088,1,-148.918,0,0,20,0,-999,-999,0
30.5,54,25,7,-130.088,3,-164.502,0,0,20,0,-999,-999,0
30.5,58,34,7,-134.63,5,-140.154,2,2,10,1,-999,-999,0
30.5,58,34,7,-134.63,2,-140.586,3,3,20,0,-999,-999,0
30.5,58,34,7,-134.63,6,-148.211,3,3,0,1,-999,-999,0
30.5,58,34,7,-134.63,4,-151.689,2,2,20,0,-999,-999,0
30.5,58,34,7,-134.63,1,-156.081,0,0,20,0,-999,-999,0
30.5,58,34,7,-134.63,3,-161.933,0,0,20,0,-999,-999,0
30.5,98,16,7,-130.073,6,-113.455,3,3,0,1,-999,-999,0
30.5,98,16,7,-130.073,4,-127.857,2,2,20,0,-999,-999,0
30.5,98,16,7,-130.073,2,-133.48,3,3,20,0,-999,-999,0
30.5,98,16,7,-130.073,5,-135.694,2,2,10,1,-999,-999,0
30.5,98,16,7,-130.073,1,-141.835,0,0,20,0,-999,-999,0
30.5,98,16,7,-130.073,3,-151.936,0,0,20,0,-999,-999,0
30.5,100,16,6,-138.283,7,-129.763,4,4,0,1,-999,-999,0
30.5,100,16,6,-138.283,2,-144.305,3,3,20,0,-999,-999,0
30.5,100,16,6,-138.283,5,-145.458,2,2,10,1,-999,-999,0
30.5,100,16,6,-138.283,4,-153.608,2,2,20,0,-999,-999,0
30.5,100,16,6,-138.283,3,-164.875,0,0,20,0,-999,-999,0
30.5,100,16,6,-138.283,1,-169.854,0,0,20,0,-999,-999,0
32.5,13,8,4,-111.4,2,-101.029,3,3,20,0,-999,-999,0
32.5,13,8,4,-111.4,5,-106.904,2,2,10,1,-999,-999,0
32.5,13,8,4,-111.4,1,-130.386,0,0,20,0,-999,-999,0
32.5,13,8,4,-111.4,7,-138.36,4,4,0,1,-999,-999,0
32.5,13,8,4,-111.4,6,-141.405,3,3,0,1,-999,-999,0
32.5,13,8,4,-111.4,3,-142.778,0,0,20,0,-999,-999,0
32.5,26,32,6,-117.678,2,-125.961,3,3,20,0,-999,-999,0
32.5,26,32,6,-117.678,4,-126.186,2,2,20,0,-999,-999,0
32.5,26,32,6,-117.678,5,-132.805,2,2,10,1,-999,-999,0
32.5,26,32,6,-117.678,3,-141.421,0,0,20,0,-999,-999,0
32.5,26,32,6,-117.678,7,-152.867,4,4,0,1,-999,-999,0
32.5,26,32,6,-117.678,1,-153.936,0,0,20,0,-999,-999,0
32.5,32,8,2,-88.7196,5,-91.0906,2,2,10,1,-999,-999,0
32.5,32,8,2,-88.7196,4,-117.087,2,2,20,0,-999,-999,0
32.5,32,8,2,-88.7196,3,-140.699,0,0,20,0,-999,-999,0
32.5,32,8,2,-88.7196,6,-143.945,3,3,0,1,-999,-999,0
32.5,32,8,2,-88.7196,1,-144.895,0,0,20,0,-999,-999,0
32.5,32,8,2,-88.7196,7,-148.093,4,4,0,1,-999,-999,0
32.5,36,16,5,-123.08,2,-92.5351,3,3,20,0,-999,-999,0
32.5,36,16,5,-123.08,4,-94.8724,2,2,20,0,-999,-999,0
32.5,36,16,5,-123.08,1,-129.795,0,0,20,0,-999,-999,0
32.5,36,16,5,-123.08,6,-132.707,3,3,0,1,-999,-999,0
32.5,36,16,5,-123.08,7,-137.228,4,4,0,1,-999,-999,0
32.5,36,16,5,-123.08,3,-144.355,0,0,20,0,-999,-999,0
32.5,38,18,5,-139.955,6,-110.527,3,3,0,1,-999,-999,0
32.5,38,18,5,-139.955,2,-118.611,3,3,20,0,-999,-999,0
32.5,38,18,5,-139.955,4,-137.373,2,2,20,0,-999,-999,0
32.5,38,18,5,-139.955,7,-139.768,4,4,0,1,-999,-999,0
32.5,38,18,5,-139.955,3,-149.658,0,0,20,0,-999,-999,0
32.5,38,18,5,-139.955,1,-156.266,0,0,20,0,-999,-999,0
32.5,42,26,7,-100.163,4,-126.995,2,2,20,0,-999,-999,0
32.5,42,26,7,-100.163,2,-128.948,3,3,20,0,-999,-999,0
32.5,42,26,7,-100.163,5,-132.531,2,2,10,1,-999,-999,0
32.5,42,26,7,-100.163,1,-133.366,0,0,20,0,-999,-999,0
32.5,42,26,7,-100.163,3,-145.902,0,0,20,0,-999,-999,0
32.5,42,26,7,-100.163,6,-170.124,3,3,0,1,-999,-999,0
32.5,44,24,6,-82.103,4,-112.161,2,2,20,0,-999,-999,0
32.5,44,24,6,-82.103,7,-123.129,4,4,0,1,-999,-999,0
32.5,44,24,6,-82.103,2,-133.513,3,3,20,0,-999,-999,0
32.5,44,24,6,-82.103,3,-135.287,0,0,20,0,-999,-999,0
32.5,44,24,6,-82.103,5,-137.033,2,2,10,1,-999,-999,0
32.5,44,24,6,-82.103,1,-144.549,0,0,20,0,-999,-999,0
32.5,46,16,4,-105.921,5,-95.4458,2,2,10,1,-999,-999,0
32.5,46,16,4,-105.921,2,-112.104,3,3,20,0,-999,-999,0
32.5,46,16,4,-105.921,7,-138.868,4,4,0,1,-999,-999,0
32.5,46,16,4,-105.921,6,-144.208,3,3,0,1,-999,-999,0
32.5,46,16,4,-105.921,1,-146.144,0,0,20,0,-999,-999,0
32.5,46,16,4,-105.921,3,-154.146,0,0,20,0,-999,-999,0
32.5,47,16,2,-91.9831,5,-106.964,2,2,10,1,-999,-999,0
32.5,47,16,2,-91.9831,7,-108.266,4,4,0,1,-999,-999,0
32.5,47,16,2,-91.9831,4,-123.91,2,2,20,0,-999,-999,0
32.5,47,16,2,-91.9831,6,-131.261,3,3,0,1,-999,-999,0
32.5,47,16,2,-91.9831,1,-143.306,0,0,20,0,-999,-999,0
32.5,47,16,2,-91.9831,3,-143.897,0,0,20,0,-999,-999,0
32.5,50,17,2,-90.3022,5,-99.0243,2,2,10,1,-999,-999,0
32.5,50,17,2,-90.3022,7,-119.815,4,4,0,1,-999,-999,0
32.5,50,17,2,-90.3022,6,-122.959,3,3,0,1,-999,-999,0
32.5,50,17,2,-90.3022,4,-128.906,2,2,20,0,-999,-999,0
32.5,50,17,2,-90.3022,3,-134.913,0,0,20,0,-999,-999,0
32.5,50,17,2,-90.3022,1,-139.982,0,0,20,0,-999,-999,0
32.5,54,25,7,-90.8722,4,-118.833,2,2,20,0,-999,-999,0
32.5,54,25,7,-90.8722,6,-142.403,3,3,0,1,-999,-999,0
32.5,54,25,7,-90.8722,2,-147.14,3,3,20,0,-999,-999,0
32.5,54,25,7,-90.8722,5,-148.922,2,2,10,1,-999,-999,0
32.5,54,25,7,-90.8722,1,-152.07,0,0,20,0,-999,-999,0
32.5,54,25,7,-90.8722,3,-162.541,0,0,20,0,-999,-999,0
32.5,58,34,7,-119.883,2,-133.109,3,3,20,0,-999,-999,0
32.5,58,34,7,-119.883,4,-142.309,2,2,20,0,-999,-999,0
32.5,58,34,7,-119.883,5,-143.466,2,2,10,1,-999,-999,0
32.5,58,34,7,-119.883,6,-151.037,3,3,0,1,-999,-999,0
32.5,58,34,7,-119.883,1,-153.934,0,0,20,0,-999,-999,0
32.5,58,34,7,-119.883,3,-162.062,0,0,20,0,-999,-999,0
32.5,98,16,7,-128.466,5,-110.967,2,2,10,1,-999,-999,0
32.5,98,16,7,-128.466,4,-123.422,2,2,20,0,-999,-999,0
32.5,98,16,7,-128.466,6,-132.5,3,3,0,1,-999,-999,0
32.5,98,16,7,-128.466,2,-135.539,3,3,20,0,-999,-999,0
32.5,98,16,7,-128.466,1,-147.497,0,0,20,0,-999,-999,0
32.5,98,16,7,-128.466,3,-153.97,0,0,20,0,-999,-999,0
32.5,100,16,6,-137.533,7,-130.14,4,4,0,1,-999,-999,0
32.5,100,16,6,-137.533,5,-141.122,2,2,10,1,-999,-999,0
32.5,100,16,6,-137.533,2,-152.803,3,3,20,0,-999,-999,0
32.5,100,16,6,-137.533,4,-155.219,2,2,20,0,-999,-999,0
32.5,100,16,6,-137.533,3,-160.289,0,0,20,0,-999,-999,0
32.5,100,16,6,-137.533,1,-168.384,0,0,20,0,-999,-999,0
34.5,13,8,4,-112.978,6,-118.977,3,3,0,1,-999,-999,0
34.5,13,8,4,-112.978,2,-121.125,3,3,20,0,-999,-999,0
34.5,13,8,4,-112.978,5,-126.664,3,3,10,1,-999,-999,0
34.5,13,8,4,-112.978,1,-127.962,0,0,20,0,-999,-999,0
34.5,13,8,4,-112.978,7,-139.404,4,4,0,1,-999,-999,0
34.5,13,8,4,-112.978,3,-142.058,0,0,20,0,-999,-999,0
34.5,26,32,6,-119.523,2,-108.935,3,3,20,0,-999,-999,0
34.5,26,32,6,-119.523,3,-138.814,0,0,20,0,-999,-999,0
34.5,26,32,6,-119.523,5,-146.254,3,3,10,1,-999,-999,0
34.5,26,32,6,-119.523,1,-149.212,0,0,20,0,-999,-999,0
34.5,26,32,6,-119.523,7,-154.281,4,4,0,1,-999,-999,0
34.5,26,32,6,-119.523,4,-156.128,2,2,20,0,-999,-999,0
34.5,32,8,2,-70.9085,5,-96.6088,3,3,10,1,-999,-999,0
34.5,32,8,2,-70.9085,4,-119.698,2,2,20,0,-999,-999,0
34.5,32,8,2,-70.9085,1,-138.018,0,0,20,0,-999,-999,0
34.5,32,8,2,-70.9085,3,-142.005,0,0,20,0,-999,-999,0
34.5,32,8,2,-70.9085,6,-148.334,3,3,0,1,-999,-999,0
34.5,32,8,2,-70.9085,7,-150.643,4,4,0,1,-999,-999,0
34.5,36,16,5,-125.987,4,-111.291,2,2,20,0,-999,-999,0
34.5,36,16,5,-125.987,2,-112.073,3,3,20,0,-999,-999,0
34.5,36,16,5,-125.987,1,-128.88,0,0,20,0,-999,-999,0
34.5,36,16,5,-125.987,3,-146.172,0,0,20,0,-999,-999,0
34.5,36,16,5,-125.987,6,-146.818,3,3,0,1,-999,-999,0
34.5,36,16,5,-125.987,7,-153.659,4,4,0,1,-999,-999,0
34.5,38,18,5,-136.038,6,-95.3465,3,3,0,1,-999,-999,0
34.5,38,18,5,-136.038,2,-103.406,3,3,20,0,-999,-999,0
34.5,38,18,5,-136.038,4,-146.039,2,2,20,0,-999,-999,0
34.5,38,18,5,-136.038,1,-150.239,0,0,20,0,-999,-999,0
34.5,38,18,5,-136.038,3,-153.421,0,0,20,0,-999,-999,0
34.5,38,18,5,-136.038,7,-153.944,4,4,0,1,-999,-999,0
34.5,42,26,7,-121.326,2,-102.846,3,3,20,0,-999,-999,0
34.5,42,26,7,-121.326,4,-115.325,2,2,20,0,-999,-999,0
34.5,42,26,7,-121.326,5,-115.894,3,3,10,1,-999,-999,0
34.5,42,26,7,-121.326,1,-131.371,0,0,20,0,-999,-999,0
34.5,42,26,7,-121.326,3,-147.021,0,0,20,0,-999,-999,0
34.5,42,26,7,-121.326,6,-168.037,3,3,0,1,-999,-999,0
34.5,44,24,6,-120.324,2,-106.93,3,3,20,0,-999,-999,0
34.5,44,24,6,-120.324,4,-128.256,2,2,20,0,-999,-999,0
34.5,44,24,6,-120.324,5,-135.225,3,3,10,1,-999,-999,0
34.5,44,24,6,-120.324,3,-136.27,0,0,20,0,-999,-999,0
34.5,44,24,6,-120.324,7,-144.325,4,4,0,1,-999,-999,0
34.5,44,24,6,-120.324,1,-151.784,0,0,20,0,-999,-999,0
34.5,46,16,4,-109.638,2,-95.1751,3,3,20,0,-999,-999,0
34.5,46,16,4,-109.638,7,-132.028,4,4,0,1,-999,-999,0
34.5,46,16,4,-109.638,6,-141.223,3,3,0,1,-999,-999,0
34.5,46,16,4,-109.638,5,-143.851,3,3,10,1,-999,-999,0
34.5,46,16,4,-109.638,1,-144.028,0,0,20,0,-999,-999,0
34.5,46,16,4,-109.638,3,-152.829,0,0,20,0,-999,-999,0
34.5,47,16,2,-110.218,5,-124.325,3,3,10,1,-999,-999,0
34.5,47,16,2,-110.218,4,-130.073,2,2,20,0,-999,-999,0
34.5,47,16,2,-110.218,7,-130.921,4,4,0,1,-999,-999,0
34.5,47,16,2,-110.218,6,-138.803,3,3,0,1,-999,-999,0
34.5,47,16,2,-110.218,1,-140.586,0,0,20,0,-999,-999,0
34.5,47,16,2,-110.218,3,-144.896,0,0,20,0,-999,-999,0
34.5,50,17,2,-107.583,6,-97.487,3,3,0,1,-999,-999,0
34.5,50,17,2,-107.583,4,-125.278,2,2,20,0,-999,-999,0
34.5,50,17,2,-107.583,5,-125.596,3,3,10,1,-999,-999,0
34.5,50,17,2,-107.583,3,-138.754,0,0,20,0,-999,-999,0
34.5,50,17,2,-107.583,1,-139.029,0,0,20,0,-999,-999,0
34.5,50,17,2,-107.583,7,-143.562,4,4,0,1,-999,-999,0
34.5,54,25,7,-131.404,6,-123.506,3,3,0,1,-999,-999,0
34.5,54,25,7,-131.404,4,-133.761,2,2,20,0,-999,-999,0
34.5,54,25,7,-131.404,5,-139.009,3,3,10,1,-999,-999,0
34.5,54,25,7,-131.404,2,-145.431,3,3,20,0,-999,-999,0
34.5,54,25,7,-131.404,1,-150.235,0,0,20,0,-999,-999,0
34.5,54,25,7,-131.404,3,-155.679,0,0,20,0,-999,-999,0
34.5,58,34,7,-129.883,6,-126.2,3,3,0,1,-999,-999,0
34.5,58,34,7,-129.883,4,-131.482,2,2,20,0,-999,-999,0
34.5,58,34,7,-129.883,5,-138.574,3,3,10,1,-999,-999,0
34.5,58,34,7,-129.883,2,-154.17,3,3,20,0,-999,-999,0
34.5,58,34,7,-129.883,1,-160.439,0,0,20,0,-999,-999,0
34.5,58,34,7,-129.883,3,-165.416,0,0,20,0,-999,-999,0
34.5,98,16,7,-135.894,4,-114.19,2,2,20,0,-999,-999,0
34.5,98,16,7,-135.894,2,-130.743,3,3,20,0,-999,-999,0
34.5,98,16,7,-135.894,5,-132.335,3,3,10,1,-999,-999,0
34.5,98,16,7,-135.894,1,-144.591,0,0,20,0,-999,-999,0
34.5,98,16,7,-135.894,3,-147.967,0,0,20,0,-999,-999,0
34.5,98,16,7,-135.894,6,-148.18,3,3,0,1,-999,-999,0
34.5,100,16,6,-140.37,5,-129.108,3,3,10,1,-999,-999,0
34.5,100,16,6,-140.37,4,-145.947,2,2,20,0,-999,-999,0
34.5,100,16,6,-140.37,2,-157.527,3,3,20,0,-999,-999,0
34.5,100,16,6,-140.37,7,-159.061,4,4,0,1,-999,-999,0
34.5,100,16,6,-140.37,3,-165.608,0,0,20,0,-999,-999,0
34.5,100,16,6,-140.37,1,-167.262,0,0,20,0,-999,-999,0
36.5,13,8,4,-117.018,7,-118.486,4,4,0,1,-999,-999,0
36.5,13,8,4,-117.018,5,-124.573,3,3,10,1,-999,-999,0
36.5,13,8,4,-117.018,2,-124.815,3,3,20,0,-999,-999,0
36.5,13,8,4,-117.018,1,-134.97,0,0,20,0,-999,-999,0
36.5,13,8,4,-117.018,6,-138.658,4,4,0,1,-999,-999,0
36.5,13,8,4,-117.018,3,-142.274,0,0,20,0,-999,-999,0
36.5,26,32,6,-80.1094,4,-119.424,2,2,20,0,-999,-999,0
36.5,26,32,6,-80.1094,3,-140.856,0,0,20,0,-999,-999,0
36.5,26,32,6,-80.1094,2,-143.299,3,3,20,0,-999,-999,0
36.5,26,32,6,-80.1094,7,-149.41,4,4,0,1,-999,-999,0
36.5,26,32,6,-80.1094,5,-150.032,3,3,10,1,-999,-999,0
36.5,26,32,6,-80.1094,1,-153.263,0,0,20,0,-999,-999,0
36.5,32,8,2,-103.222,5,-93.315,3,3,10,1,-999,-999,0
36.5,32,8,2,-103.222,4,-125.418,2,2,20,0,-999,-999,0
36.5,32,8,2,-103.222,1,-140.582,0,0,20,0,-999,-999,0
36.5,32,8,2,-103.222,3,-145.197,0,0,20,0,-999,-999,0
36.5,32,8,2,-103.222,6,-146.804,4,4,0,1,-999,-999,0
36.5,32,8,2,-103.222,7,-154.053,4,4,0,1,-999,-999,0
36.5,36,16,5,-125.762,4,-77.5088,2,2,20,0,-999,-999,0
36.5,36,16,5,-125.762,2,-84.2906,3,3,20,0,-999,-999,0
36.5,36,16,5,-125.762,1,-137.856,0,0,20,0,-999,-999,0
36.5,36,16,5,-125.762,3,-141.282,0,0,20,0,-999,-999,0
36.5,36,16,5,-125.762,6,-143.058,4,4,0,1,-999,-999,0
36.5,36,16,5,-125.762,7,-150.48,4,4,0,1,-999,-999,0
36.5,38,18,5,-140.288,6,-95.5824,4,4,0,1,-999,-999,2
36.5,38,18,5,-140.288,2,-108.754,3,3,20,0,-999,-999,2
36.5,38,18,5,-140.288,7,-120.138,4,4,0,1,-999,-999,2
36.5,38,18,5,-140.288,4,-149.881,2,2,20,0,-999,-999,2
36.5,38,18,5,-140.288,1,-151.438,0,0,20,0,-999,-999,2
36.5,38,18,5,-140.288,3,-153.112,0,0,20,0,-999,-999,2
36.5,42,26,7,-126.59,2,-126.485,3,4,20,0,-999,-999,0
36.5,42,26,7,-126.59,4,-129.667,2,2,20,0,-999,-999,0
36.5,42,26,7,-126.59,5,-130.846,3,3,10,1,-999,-999,0
36.5,42,26,7,-126.59,1,-135.697,0,0,20,0,-999,-999,0
36.5,42,26,7,-126.59,3,-144.667,0,0,20,0,-999,-999,0
36.5,42,26,7,-126.59,6,-150.557,4,4,0,1,-999,-999,0
36.5,44,24,6,-122.916,7,-105.422,4,4,0,1,-999,-999,0
36.5,44,24,6,-122.916,5,-134.398,3,3,10,1,-999,-999,0
36.5,44,24,6,-122.916,2,-137.401,3,4,20,0,-999,-999,0
36.5,44,24,6,-122.916,4,-138.151,2,2,20,0,-999,-999,0
36.5,44,24,6,-122.916,3,-139.691,0,0,20,0,-999,-999,0
36.5,44,24,6,-122.916,1,-145.346,0,0,20,0,-999,-999,0
36.5,46,16,4,-114.388,5,-106.91,3,3,10,1,-999,-999,0
36.5,46,16,4,-114.388,7,-136.496,4,4,0,1,-999,-999,0
36.5,46,16,4,-114.388,6,-137.877,4,4,0,1,-999,-999,0
36.5,46,16,4,-114.388,1,-143.243,0,0,20,0,-999,-999,0
36.5,46,16,4,-114.388,2,-143.82,3,4,20,0,-999,-999,0
36.5,46,16,4,-114.388,3,-151.582,0,0,20,0,-999,-999,0
36.5,47,16,2,-107.819,4,-96.9641,2,2,20,0,-999,-999,0
36.5,47,16,2,-107.819,5,-124.534,3,3,10,1,-999,-999,0
36.5,47,16,2,-107.819,7,-125.756,4,4,0,1,-999,-999,0
36.5,47,16,2,-107.819,6,-134.141,4,4,0,1,-999,-999,0
36.5,47,16,2,-107.819,1,-138.446,0,0,20,0,-999,-999,0
36.5,47,16,2,-107.819,3,-143.431,0,0,20,0,-999,-999,0
36.5,50,17,2,-102.132,5,-88.2566,3,3,10,1,-999,-999,0
36.5,50,17,2,-102.132,7,-107.645,4,4,0,1,-999,-999,0
36.5,50,17,2,-102.132,4,-130.281,2,2,20,0,-999,-999,0
36.5,50,17,2,-102.132,6,-134.206,4,4,0,1,-999,-999,0
36.5,50,17,2,-102.132,3,-136.343,0,0,20,0,-999,-999,0
36.5,50,17,2,-102.132,1,-138.533,0,0,20,0,-999,-999,0
36.5,54,25,7,-135.985,4,-110.023,2,2,20,0,-999,-999,0
36.5,54,25,7,-135.985,2,-122.817,3,4,20,0,-999,-999,0
36.5,54,25,7,-135.985,5,-142.892,3,3,10,1,-999,-999,0
36.5,54,25,7,-135.985,6,-143.973,4,4,0,1,-999,-999,0
36.5,54,25,7,-135.985,1,-149.717,0,0,20,0,-999,-999,0
36.5,54,25,7,-135.985,3,-153.857,0,0,20,0,-999,-999,0
36.5,56,26,5,-125.243,2,-116.761,3,4,20,0,-999,-999,0
36.5,56,26,5,-125.243,4,-125.885,2,2,20,0,-999,-999,0
36.5,56,26,5,-125.243,3,-127.029,0,0,20,0,-999,-999,0
36.5,56,26,5,-125.243,6,-130.259,4,4,0,1,-999,-999,0
36.5,56,26,5,-125.243,1,-134.783,0,0,20,0,-999,-999,0
36.5,56,26,5,-125.243,7,-139.385,4,4,0,1,-999,-999,0
36.5,58,34,7,-133.374,5,-135.776,3,3,10,1,-999,-999,0
36.5,58,34,7,-133.374,6,-139.61,4,4,0,1,-999,-999,0
36.5,58,34,7,-133.374,4,-144.721,2,2,20,0,-999,-999,0
36.5,58,34,7,-133.374,2,-149.367,3,4,20,0,-999,-999,0
36.5,58,34,7,-133.374,1,-160.045,0,0,20,0,-999,-999,0
36.5,58,34,7,-133.374,3,-166.533,0,0,20,0,-999,-999,0
36.5,89,40,6,-134.094,4,-128.518,2,2,20,0,-999,-999,0
36.5,89,40,6,-134.094,2,-135.021,3,4,20,0,-999,-999,0
36.5,89,40,6,-134.094,7,-136.332,4,4,0,1,-999,-999,0
36.5,89,40,6,-134.094,3,-136.612,0,0,20,0,-999,-999,0
36.5,89,40,6,-134.094,5,-137.12,3,3,10,1,-999,-999,0
36.5,89,40,6,-134.094,1,-141.261,0,0,20,0,-999,-999,0
36.5,98,16,7,-91.6145,6,-113.784,4,4,0,1,-999,-999,0
36.5,98,16,7,-91.6145,4,-125.524,2,2,20,0,-999,-999,0
36.5,98,16,7,-91.6145,5,-127.493,3,3,10,1,-999,-999,0
36.5,98,16,7,-91.6145,2,-131.995,3,4,20,0,-999,-999,0
36.5,98,16,7,-91.6145,1,-139.635,0,0,20,0,-999,-999,0
36.5,98,16,7,-91.6145,3,-151.512,0,0,20,0,-999,-999,0
36.5,100,16,6,-138.566,5,-129.711,3,3,10,1,-999,-999,0
36.5,100,16,6,-138.566,7,-134.239,4,4,0,1,-999,-999,0
36.5,100,16,6,-138.566,4,-138.769,2,2,20,0,-999,-999,0
36.5,100,16,6,-138.566,2,-139.125,3,4,20,0,-999,-999,0
36.5,100,16,6,-138.566,3,-159.671,0,0,20,0,-999,-999,0
36.5,100,16,6,-138.566,1,-168.06,0,0,20,0,-999,-999,0
38.5,13,8,4,-112.561,5,-107.123,2,2,10,1,-999,-999,0
38.5,13,8,4,-112.561,2,-124.529,4,4,20,0,-999,-999,0
38.5,13,8,4,-112.561,1,-131.729,0,0,20,0,-999,-999,0
38.5,13,8,4,-112.561,3,-145.35,0,0,20,0,-999,-999,0
38.5,13,8,4,-112.561,7,-145.905,5,5,0,1,-999,-999,0
38.5,13,8,4,-112.561,6,-153.136,4,4,0,1,-999,-999,0
38.5,26,32,6,-119.029,2,-109.532,4,4,20,0,-999,-999,0
38.5,26,32,6,-119.029,4,-135.471,2,2,20,0,-999,-999,0
38.5,26,32,6,-119.029,3,-138.472,0,0,20,0,-999,-999,0
38.5,26,32,6,-119.029,1,-150.387,0,0,20,0,-999,-999,0
38.5,26,32,6,-119.029,5,-154.474,2,2,10,1,-999,-999,0
38.5,26,32,6,-119.029,7,-160.179,5,5,0,1,-999,-999,0
38.5,32,8,2,-75.7631,5,-86.6234,2,2,10,1,-999,-999,0
38.5,32,8,2,-75.7631,4,-89.858,2,2,20,0,-999,-999,0
38.5,32,8,2,-75.7631,7,-131.237,5,5,0,1,-999,-999,0
38.5,32,8,2,-75.7631,1,-137.316,0,0,20,0,-999,-999,0
38.5,32,8,2,-75.7631,3,-144.1,0,0,20,0,-999,-999,0
38.5,32,8,2,-75.7631,6,-149.571,4,4,0,1,-999,-999,0
38.5,36,16,5,-97.9713,4,-117.193,2,2,20,0,-999,-999,0
38.5,36,16,5,-97.9713,2,-118.622,4,4,20,0,-999,-999,0
38.5,36,16,5,-97.9713,1,-130.698,0,0,20,0,-999,-999,0
38.5,36,16,5,-97.9713,7,-141.258,5,5,0,1,-999,-999,0
38.5,36,16,5,-97.9713,3,-143.323,0,0,20,0,-999,-999,0
38.5,36,16,5,-97.9713,6,-161.184,4,4,0,1,-999,-999,0
38.5,38,18,2,-138.797,6,-126.948,4,4,0,1,-999,-999,0
38.5,38,18,2,-138.797,5,-137.314,2,2,10,1,-999,-999,0
38.5,38,18,2,-138.797,7,-148.54,5,5,0,1,-999,-999,0
38.5,38,18,2,-138.797,4,-149.239,2,2,20,0,-999,-999,0
38.5,38,18,2,-138.797,3,-152.976,0,0,20,0,-999,-999,0
38.5,38,18,2,-138.797,1,-154.228,0,0,20,0,-999,-999,0
38.5,42,26,7,-105.277,2,-123.904,4,4,20,0,-999,-999,0
38.5,42,26,7,-105.277,4,-126.888,2,2,20,0,-999,-999,0
38.5,42,26,7,-105.277,1,-135.164,0,0,20,0,-999,-999,0
38.5,42,26,7,-105.277,5,-144.196,2,2,10,1,-999,-999,0
38.5,42,26,7,-105.277,3,-149.599,0,0,20,0,-999,-999,0
38.5,42,26,7,-105.277,6,-156.539,4,4,0,1,-999,-999,0
38.5,44,24,6,-125.335,2,-107.847,4,4,20,0,-999,-999,0
38.5,44,24,6,-125.335,5,-118.907,2,2,10,1,-999,-999,0
38.5,44,24,6,-125.335,7,-123.666,5,5,0,1,-999,-999,0
38.5,44,24,6,-125.335,3,-134.74,0,0,20,0,-999,-999,0
38.5,44,24,6,-125.335,4,-140.27,2,2,20,0,-999,-999,0
38.5,44,24,6,-125.335,1,-144.044,0,0,20,0,-999,-999,0
38.5,46,16,4,-112.145,2,-126.723,4,4,20,0,-999,-999,0
38.5,46,16,4,-112.145,7,-136.348,5,5,0,1,-999,-999,0
38.5,46,16,4,-112.145,6,-142.359,4,4,0,1,-999,-999,0
38.5,46,16,4,-112.145,5,-144.813,2,2,10,1,-999,-999,0
38.5,46,16,4,-112.145,1,-147.689,0,0,20,0,-999,-999,0
38.5,46,16,4,-112.145,3,-150.517,0,0,20,0,-999,-999,0
38.5,47,16,2,-107.999,6,-101.671,4,4,0,1,-999,-999,0
38.5,47,16,2,-107.999,4,-121.646,2,2,20,0,-999,-999,0
38.5,47,16,2,-107.999,5,-127.012,2,2,10,1,-999,-999,0
38.5,47,16,2,-107.999,7,-129.885,5,5,0,1,-999,-999,0
38.5,47,16,2,-107.999,1,-138.687,0,0,20,0,-999,-999,0
38.5,47,16,2,-107.999,3,-142.311,0,0,20,0,-999,-999,0
38.5,50,17,2,-107.312,5,-122.35,2,2,10,1,-999,-999,0
38.5,50,17,2,-107.312,4,-122.638,2,2,20,0,-999,-999,0
38.5,50,17,2,-107.312,3,-135.826,0,0,20,0,-999,-999,0
38.5,50,17,2,-107.312,1,-139.11,0,0,20,0,-999,-999,0
38.5,50,17,2,-107.312,6,-139.331,4,4,0,1,-999,-999,0
38.5,50,17,2,-107.312,7,-144.01,5,5,0,1,-999,-999,0
38.5,54,25,7,-90.7167,4,-114.429,2,2,20,0,-999,-999,0
38.5,54,25,7,-90.7167,2,-136.409,4,4,20,0,-999,-999,0
38.5,54,25,7,-90.7167,5,-145.828,2,2,10,1,-999,-999,0
38.5,54,25,7,-90.7167,1,-152.474,0,0,20,0,-999,-999,0
38.5,54,25,7,-90.7167,6,-153.061,4,4,0,1,-999,-999,0
38.5,54,25,7,-90.7167,3,-161.523,0,0,20,0,-999,-999,0
38.5,56,26,5,-114.478,2,-112.915,4,4,20,0,-999,-999,0
38.5,56,26,5,-114.478,3,-127.247,0,0,20,0,-999,-999,0
38.5,56,26,5,-114.478,4,-131.991,2,2,20,0,-999,-999,0
38.5,56,26,5,-114.478,6,-142.958,4,4,0,1,-999,-999,0
38.5,56,26,5,-114.478,1,-143.356,0,0,20,0,-999,-999,0
38.5,56,26,5,-114.478,7,-148.111,5,5,0,1,-999,-999,0
38.5,58,34,7,-135.534,6,-129.5,4,4,0,1,-999,-999,0
38.5,58,34,7,-135.534,5,-137.107,2,2,10,1,-999,-999,0
38.5,58,34,7,-135.534,4,-144.879,2,2,20,0,-999,-999,0
38.5,58,34,7,-135.534,1,-158.69,0,0,20,0,-999,-999,0
38.5,58,34,7,-135.534,2,-160.193,4,4,20,0,-999,-999,0
38.5,58,34,7,-135.534,3,-162.195,0,0,20,0,-999,-999,0
38.5,89,40,6,-134.538,2,-120.195,4,4,20,0,-999,-999,0
38.5,89,40,6,-134.538,7,-120.776,5,5,0,1,-999,-999,0
38.5,89,40,6,-134.538,1,-123.244,0,0,20,0,-999,-999,0
38.5,89,40,6,-134.538,4,-140.217,2,2,20,0,-999,-999,0
38.5,89,40,6,-134.538,5,-140.437,2,2,10,1,-999,-999,0
38.5,89,40,6,-134.538,3,-142.697,0,0,20,0,-999,-999,0
38.5,98,16,7,-109.413,2,-129.425,4,4,20,0,-999,-999,0
38.5,98,16,7,-109.413,4,-134.844,2,2,20,0,-999,-999,0
38.5,98,16,7,-109.413,5,-136.641,2,2,10,1,-999,-999,0
38.5,98,16,7,-109.413,1,-141.586,0,0,20,0,-999,-999,0
38.5,98,16,7,-109.413,6,-147.023,4,4,0,1,-999,-999,0
38.5,98,16,7,-109.413,3,-155.291,0,0,20,0,-999,-999,0
38.5,100,16,6,-102.362,7,-131.308,5,5,0,1,-999,-999,0
38.5,100,16,6,-102.362,4,-139.252,2,2,20,0,-999,-999,0
38.5,100,16,6,-102.362,2,-140.999,4,4,20,0,-999,-999,0
38.5,100,16,6,-102.362,5,-156.28,2,2,10,1,-999,-999,0
38.5,100,16,6,-102.362,3,-161.835,0,0,20,0,-999,-999,0
38.5,100,16,6,-102.362,1,-163.67,0,0,20,0,-999,-999,0
40.5,13,8,4,-113.949,2,-101.394,4,4,20,0,-999,-999,0
40.5,13,8,4,-113.949,5,-122.45,2,2,10,1,-999,-999,0
40.5,13,8,4,-113.949,6,-122.726,4,4,0,1,-999,-999,0
40.5,13,8,4,-113.949,1,-128.109,0,0,20,0,-999,-999,0
40.5,13,8,4,-113.949,7,-139.696,5,5,0,1,-999,-999,0
40.5,13,8,4,-113.949,3,-147.871,0,0,20,0,-999,-999,0
40.5,26,32,6,-114.325,3,-135.227,0,0,20,0,-999,-999,0
40.5,26,32,6,-114.325,4,-138.303,2,2,20,0,-999,-999,0
40.5,26,32,6,-114.325,2,-146.448,4,4,20,0,-999,-999,0
40.5,26,32,6,-114.325,7,-147.02,5,5,0,1,-999,-999,0
40.5,26,32,6,-114.325,1,-156.748,0,0,20,0,-999,-999,0
40.5,26,32,6,-114.325,5,-157.32,2,2,10,1,-999,-999,0
40.5,29,42,7,-141.585,6,-115.712,4,4,0,1,-999,-999,0
40.5,29,42,7,-141.585,2,-150.619,4,4,20,0,-999,-999,0
40.5,29,42,7,-141.585,5,-151.513,2,2,10,1,-999,-999,0
40.5,29,42,7,-141.585,4,-151.82,2,2,20,0,-999,-999,0
40.5,29,42,7,-141.585,3,-164.292,0,0,20,0,-999,-999,0
40.5,29,42,7,-141.585,1,-164.6,0,0,20,0,-999,-999,0
40.5,32,8,2,-92.4223,5,-94.6062,2,2,10,1,-999,-999,0
40.5,32,8,2,-92.4223,4,-113.721,2,2,20,0,-999,-999,0
40.5,32,8,2,-92.4223,6,-124.915,4,4,0,1,-999,-999,0
40.5,32,8,2,-92.4223,3,-138.132,0,0,20,0,-999,-999,0
40.5,32,8,2,-92.4223,1,-138.829,0,0,20,0,-999,-999,0
40.5,32,8,2,-92.4223,7,-149.304,5,5,0,1,-999,-999,0
40.5,36,16,5,-120.365,4,-75.6176,2,2,20,0,-999,-999,0
40.5,36,16,5,-120.365,2,-119.705,4,4,20,0,-999,-999,0
40.5,36,16,5,-120.365,1,-131.762,0,0,20,0,-999,-999,0
40.5,36,16,5,-120.365,3,-143.798,0,0,20,0,-999,-999,0
40.5,36,16,5,-120.365,7,-146.676,5,5,0,1,-999,-999,0
40.5,36,16,5,-120.365,6,-159.108,4,4,0,1,-999,-999,0
40.5,38,18,2,-139.552,6,-129.969,4,4,0,1,-999,-999,0
40.5,38,18,2,-139.552,5,-138.633,2,2,10,1,-999,-999,0
40.5,38,18,2,-139.552,7,-142.281,5,5,0,1,-999,-999,0
40.5,38,18,2,-139.552,4,-148.002,2,2,20,0,-999,-999,0
40.5,38,18,2,-139.552,3,-153.872,0,0,20,0,-999,-999,0
40.5,38,18,2,-139.552,1,-157.229,0,0,20,0,-999,-999,0
40.5,42,26,7,-91.081,2,-116.027,4,4,20,0,-999,-999,0
40.5,42,26,7,-91.081,4,-127.825,2,2,20,0,-999,-999,0
40.5,42,26,7,-91.081,1,-133.61,0,0,20,0,-999,-999,0
40.5,42,26,7,-91.081,5,-134.746,2,2,10,1,-999,-999,0
40.5,42,26,7,-91.081,3,-151.278,0,0,20,0,-999,-999,0
40.5,42,26,7,-91.081,6,-165.376,4,4,0,1,-999,-999,0
40.5,44,24,6,-83.5787,5,-130.233,2,2,10,1,-999,-999,0
40.5,44,24,6,-83.5787,2,-131.379,4,4,20,0,-999,-999,0
40.5,44,24,6,-83.5787,7,-135.493,5,5,0,1,-999,-999,0
40.5,44,24,6,-83.5787,3,-137.702,0,0,20,0,-999,-999,0
40.5,44,24,6,-83.5787,4,-141.659,2,2,20,0,-999,-999,0
40.5,44,24,6,-83.5787,1,-144.108,0,0,20,0,-999,-999,0
40.5,46,16,4,-75.8707,2,-115.661,4,4,20,0,-999,-999,0
40.5,46,16,4,-75.8707,7,-133.574,5,5,0,1,-999,-999,0
40.5,46,16,4,-75.8707,5,-136.134,2,2,10,1,-999,-999,0
40.5,46,16,4,-75.8707,6,-141.689,4,4,0,1,-999,-999,0
40.5,46,16,4,-75.8707,1,-147.857,0,0,20,0,-999,-999,0
40.5,46,16,4,-75.8707,3,-155.571,0,0,20,0,-999,-999,0
40.5,47,16,2,-87.6461,5,-119.343,2,2,10,1,-999,-999,0
40.5,47,16,2,-87.6461,4,-127.779,2,2,20,0,-999,-999,0
40.5,47,16,2,-87.6461,7,-130.402,5,5,0,1,-999,-999,0
40.5,47,16,2,-87.6461,6,-135.498,4,4,0,1,-999,-999,0
40.5,47,16,2,-87.6461,3,-141.126,0,0,20,0,-999,-999,0
40.5,47,16,2,-87.6461,1,-143.86,0,0,20,0,-999,-999,0
40.5,50,17,2,-104.183,4,-93.3257,2,2,20,0,-999,-999,0
40.5,50,17,2,-104.183,6,-108.882,4,4,0,1,-999,-999,0
40.5,50,17,2,-104.183,5,-126.433,2,2,10,1,-999,-999,0
40.5,50,17,2,-104.183,3,-140.151,0,0,20,0,-999,-999,0
40.5,50,17,2,-104.183,1,-140.227,0,0,20,0,-999,-999,0
40.5,50,17,2,-104.183,7,-142.036,5,5,0,1,-999,-999,0
40.5,54,25,7,-125.967,4,-133.044,2,2,20,0,-999,-999,0
40.5,54,25,7,-125.967,2,-137.735,4,4,20,0,-999,-999,0
40.5,54,25,7,-125.967,5,-143.566,2,2,10,1,-999,-999,0
40.5,54,25,7,-125.967,1,-152.757,0,0,20,0,-999,-999,0
40.5,54,25,7,-125.967,3,-158.759,0,0,20,0,-999,-999,0
40.5,54,25,7,-125.967,6,-167.908,4,4,0,1,-999,-999,0
40.5,56,26,5,-121.099,2,-114.531,4,4,20,0,-999,-999,0
40.5,56,26,5,-121.099,6,-124.78,4,4,0,1,-999,-999,0
40.5,56,26,5,-121.099,4,-125.472,2,2,20,0,-999,-999,0
40.5,56,26,5,-121.099,3,-129.05,0,0,20,0,-999,-999,0
40.5,56,26,5,-121.099,1,-137.608,0,0,20,0,-999,-999,0
40.5,56,26,5,-121.099,7,-141.438,5,5,0,1,-999,-999,0
40.5,58,34,7,-101.123,2,-147.445,4,4,20,0,-999,-999,0
40.5,58,34,7,-101.123,5,-148.79,2,2,10,1,-999,-999,0
40.5,58,34,7,-101.123,4,-150.042,2,2,20,0,-999,-999,0
40.5,58,34,7,-101.123,6,-153.562,4,4,0,1,-999,-999,0
40.5,58,34,7,-101.123,1,-157.298,0,0,20,0,-999,-999,0
40.5,58,34,7,-101.123,3,-163.148,0,0,20,0,-999,-999,0
40.5,89,40,6,-102.826,5,-123.712,2,2,10,1,-999,-999,0
40.5,89,40,6,-102.826,7,-130.16,5,5,0,1,-999,-999,0
40.5,89,40,6,-102.826,4,-134.008,2,2,20,0,-999,-999,0
40.5,89,40,6,-102.826,3,-136.116,0,0,20,0,-999,-999,0
40.5,89,40,6,-102.826,1,-136.263,0,0,20,0,-999,-999,0
40.5,89,40,6,-102.826,2,-144.434,4,4,20,0,-999,-999,0
40.5,98,16,7,-126.059,5,-117.487,2,2,10,1,-999,-999,0
40.5,98,16,7,-126.059,6,-120.798,4,4,0,1,-999,-999,0
40.5,98,16,7,-126.059,4,-131.143,2,2,20,0,-999,-999,0
40.5,98,16,7,-126.059,2,-135.317,4,4,20,0,-999,-999,0
40.5,98,16,7,-126.059,1,-146.708,0,0,20,0,-999,-999,0
40.5,98,16,7,-126.059,3,-150.293,0,0,20,0,-999,-999,0
40.5,100,16,6,-145.177,7,-133.797,5,5,0,1,-999,-999,0
40.5,100,16,6,-145.177,5,-141.938,2,2,10,1,-999,-999,0
40.5,100,16,6,-145.177,2,-142.701,4,4,20,0,-999,-999,0
40.5,100,16,6,-145.177,4,-143.304,2,2,20,0,-999,-999,0
40.5,100,16,6,-145.177,3,-162.449,0,0,20,0,-999,-999,0
40.5,100,16,6,-145.177,1,-165.691,0,0,20,0,-999,-999,0
42.5,13,8,4,-114.674,2,-86.3385,4,4,20,0,-999,-999,2
42.5,13,8,4,-114.674,5,-117.506,3,3,10,1,-999,-999,2
42.5,13,8,4,-114.674,1,-125.768,0,0,20,0,-999,-999,2
42.5,13,8,4,-114.674,7,-134.694,5,5,0,1,-999,-999,2
42.5,13,8,4,-114.674,3,-145.221,0,0,20,0,-999,-999,2
42.5,13,8,4,-114.674,6,-160.385,4,4,0,1,-999,-999,2
42.5,26,32,6,-103.755,2,-113.239,4,5,20,0,-999,-999,0
42.5,26,32,6,-103.755,5,-120.64,3,3,10,1,-999,-999,0
42.5,26,32,6,-103.755,3,-138.388,0,0,20,0,-999,-999,0
42.5,26,32,6,-103.755,1,-149.786,0,0,20,0,-999,-999,0
42.5,26,32,6,-103.755,4,-154.84,2,2,20,0,-999,-999,0
42.5,26,32,6,-103.755,7,-156.282,5,5,0,1,-999,-999,0
42.5,29,42,7,-110.918,5,-143.49,3,3,10,1,-999,-999,0
42.5,29,42,7,-110.918,4,-148.598,2,2,20,0,-999,-999,0
42.5,29,42,7,-110.918,6,-152.897,4,4,0,1,-999,-999,0
42.5,29,42,7,-110.918,2,-154.605,4,5,20,0,-999,-999,0
42.5,29,42,7,-110.918,1,-165.38,0,0,20,0,-999,-999,0
42.5,29,42,7,-110.918,3,-171.258,0,0,20,0,-999,-999,0
42.5,32,8,2,-111.357,5,-111.716,3,3,10,1,-999,-999,0
42.5,32,8,2,-111.357,4,-129.033,2,2,20,0,-999,-999,0
42.5,32,8,2,-111.357,6,-130.316,4,4,0,1,-999,-999,0
42.5,32,8,2,-111.357,1,-140.08,0,0,20,0,-999,-999,0
42.5,32,8,2,-111.357,3,-148.672,0,0,20,0,-999,-999,0
42.5,32,8,2,-111.357,7,-152.217,5,5,0,1,-999,-999,0
42.5,36,16,5,-79.5142,4,-113.991,2,2,20,0,-999,-999,0
42.5,36,16,5,-79.5142,2,-118.278,4,5,20,0,-999,-999,0
42.5,36,16,5,-79.5142,1,-135.094,0,0,20,0,-999,-999,0
42.5,36,16,5,-79.5142,3,-143.514,0,0,20,0,-999,-999,0
42.5,36,16,5,-79.5142,7,-150.31,5,5,0,1,-999,-999,0
42.5,36,16,5,-79.5142,6,-155.625,4,4,0,1,-999,-999,0
42.5,38,18,2,-103.327,5,-101.985,3,3,10,1,-999,-999,0
42.5,38,18,2,-103.327,7,-122.237,5,5,0,1,-999,-999,0
42.5,38,18,2,-103.327,6,-129.507,4,4,0,1,-999,-999,0
42.5,38,18,2,-103.327,4,-150.784,2,2,20,0,-999,-999,0
42.5,38,18,2,-103.327,3,-151.558,0,0,20,0,-999,-999,0
42.5,38,18,2,-103.327,1,-152.433,0,0,20,0,-999,-999,0
42.5,42,26,7,-93.7621,4,-109.103,2,2,20,0,-999,-999,0
42.5,42,26,7,-93.7621,5,-128.98,3,3,10,1,-999,-999,0
42.5,42,26,7,-93.7621,2,-131.122,4,5,20,0,-999,-999,0
42.5,42,26,7,-93.7621,1,-136.387,0,0,20,0,-999,-999,0
42.5,42,26,7,-93.7621,6,-137.808,4,4,0,1,-999,-999,0
42.5,42,26,7,-93.7621,3,-144.213,0,0,20,0,-999,-999,0
42.5,44,24,6,-107.397,2,-134.789,4,5,20,0,-999,-999,0
42.5,44,24,6,-107.397,7,-134.839,5,5,0,1,-999,-999,0
42.5,44,24,6,-107.397,5,-135.855,3,3,10,1,-999,-999,0
42.5,44,24,6,-107.397,3,-136.124,0,0,20,0,-999,-999,0
42.5,44,24,6,-107.397,4,-140.108,2,2,20,0,-999,-999,0
42.5,44,24,6,-107.397,1,-143.929,0,0,20,0,-999,-999,0
42.5,46,16,4,-77.599,2,-127.307,4,5,20,0,-999,-999,0
42.5,46,16,4,-77.599,6,-129.255,4,4,0,1,-999,-999,0
42.5,46,16,4,-77.599,7,-133.42,5,5,0,1,-999,-999,0
42.5,46,16,4,-77.599,1,-141.819,0,0,20,0,-999,-999,0
42.5,46,16,4,-77.599,5,-144.894,3,3,10,1,-999,-999,0
42.5,46,16,4,-77.599,3,-157.95,0,0,20,0,-999,-999,0
42.5,47,16,2,-118.906,4,-98.3576,2,2,20,0,-999,-999,0
42.5,47,16,2,-118.906,6,-112.735,4,4,0,1,-999,-999,0
42.5,47,16,2,-118.906,5,-120.876,3,3,10,1,-999,-999,0
42.5,47,16,2,-118.906,7,-123.31,5,5,0,1,-999,-999,0
42.5,47,16,2,-118.906,3,-139.026,0,0,20,0,-999,-999,0
42.5,47,16,2,-118.906,1,-139.027,0,0,20,0,-999,-999,0
42.5,50,17,2,-100.217,5,-131.276,3,3,10,1,-999,-999,0
42.5,50,17,2,-100.217,4,-131.33,2,2,20,0,-999,-999,0
42.5,50,17,2,-100.217,3,-136.285,0,0,20,0,-999,-999,0
42.5,50,17,2,-100.217,6,-137.305,4,4,0,1,-999,-999,0
42.5,50,17,2,-100.217,1,-140.985,0,0,20,0,-999,-999,0
42.5,50,17,2,-100.217,7,-144.753,5,5,0,1,-999,-999,0
42.5,54,25,7,-124.37,2,-139.971,4,5,20,0,-999,-999,0
42.5,54,25,7,-124.37,4,-140.024,2,2,20,0,-999,-999,0
42.5,54,25,7,-124.37,5,-145.507,3,3,10,1,-999,-999,0
42.5,54,25,7,-124.37,1,-153.208,0,0,20,0,-999,-999,0
42.5,54,25,7,-124.37,3,-160.141,0,0,20,0,-999,-999,0
42.5,54,25,7,-124.37,6,-170.681,4,4,0,1,-999,-999,0
42.5,56,26,5,-113.658,7,-115.667,5,5,0,1,-999,-999,0
42.5,56,26,5,-113.658,2,-122.483,4,5,20,0,-999,-999,0
42.5,56,26,5,-113.658,4,-128.111,2,2,20,0,-999,-999,0
42.5,56,26,5,-113.658,3,-130.092,0,0,20,0,-999,-999,0
42.5,56,26,5,-113.658,1,-132.704,0,0,20,0,-999,-999,0
42.5,56,26,5,-113.658,6,-148.718,4,4,0,1,-999,-999,0
42.5,58,34,7,-104.587,4,-106.376,2,2,20,0,-999,-999,0
42.5,58,34,7,-104.587,2,-112.593,4,5,20,0,-999,-999,0
42.5,58,34,7,-104.587,6,-127.923,4,4,0,1,-999,-999,0
42.5,58,34,7,-104.587,5,-141.632,3,3,10,1,-999,-999,0
42.5,58,34,7,-104.587,1,-155.684,0,0,20,0,-999,-999,0
42.5,58,34,7,-104.587,3,-163.634,0,0,20,0,-999,-999,0
42.5,89,40,6,-132.756,2,-129.507,4,5,20,0,-999,-999,0
42.5,89,40,6,-132.756,7,-134.852,5,5,0,1,-999,-999,0
42.5,89,40,6,-132.756,4,-135.027,2,2,20,0,-999,-999,0
42.5,89,40,6,-132.756,3,-135.133,0,0,20,0,-999,-999,0
42.5,89,40,6,-132.756,1,-138.242,0,0,20,0,-999,-999,0
42.5,89,40,6,-132.756,5,-143.933,3,3,10,1,-999,-999,0
42.5,98,16,7,-126.258,5,-96.5369,3,3,10,1,-999,-999,0
42.5,98,16,7,-126.258,4,-132.579,2,2,20,0,-999,-999,0
42.5,98,16,7,-126.258,2,-133.107,4,5,20,0,-999,-999,0
42.5,98,16,7,-126.258,6,-134.78,4,4,0,1,-999,-999,0
42.5,98,16,7,-126.258,1,-147.355,0,0,20,0,-999,-999,0
42.5,98,16,7,-126.258,3,-149.95,0,0,20,0,-999,-999,0
42.5,100,16,6,-125.106,7,-141.312,5,5,0,1,-999,-999,0
42.5,100,16,6,-125.106,5,-146.005,3,3,10,1,-999,-999,0
42.5,100,16,6,-125.106,4,-148.172,2,2,20,0,-999,-999,0
42.5,100,16,6,-125.106,2,-159.239,4,5,20,0,-999,-999,0
42.5,100,16,6,-125.106,3,-159.994,0,0,20,0,-999,-999,0
42.5,100,16,6,-125.106,1,-165.82,0,0,20,0,-999,-999,0
42.5,107,34,5,-132.304,2,-126.394,4,5,20,0,-999,-999,0
42.5,107,34,5,-132.304,7,-128.16,5,5,0,1,-999,-999,0
42.5,107,34,5,-132.304,4,-130.073,2,2,20,0,-999,-999,0
42.5,107,34,5,-132.304,6,-144.845,4,4,0,1,-999,-999,0
42.5,107,34,5,-132.304,1,-154.302,0,0,20,0,-999,-999,0
42.5,107,34,5,-132.304,3,-154.521,0,0,20,0,-999,-999,0
44.5,13,19,2,-115.974,4,-96.8043,1,1,20,0,-999,-999,0
44.5,13,19,2,-115.974,1,-123.975,0,0,20,0,-999,-999,0
44.5,13,19,2,-115.974,5,-125.151,3,3,10,1,-999,-999,0
44.5,13,19,2,-115.974,7,-140.067,6,6,0,1,-999,-999,0
44.5,13,19,2,-115.974,3,-143.986,0,0,20,0,-999,-999,0
44.5,13,19,2,-115.974,6,-156.906,4,4,0,1,-999,-999,0
44.5,26,32,6,-66.069,2,-125.124,5,5,20,0,-999,-999,0
44.5,26,32,6,-66.069,3,-136.669,0,0,20,0,-999,-999,0
44.5,26,32,6,-66.069,7,-148.043,6,6,0,1,-999,-999,0
44.5,26,32,6,-66.069,5,-149.446,3,3,10,1,-999,-999,0
44.5,26,32,6,-66.069,4,-155.717,1,1,20,0,-999,-999,0
44.5,26,32,6,-66.069,1,-156.95,0,0,20,0,-999,-999,0
44.5,29,42,7,-139.632,4,-132.779,1,1,20,0,-999,-999,0
44.5,29,42,7,-139.632,5,-141.36,3,3,10,1,-999,-999,0
44.5,29,42,7,-139.632,6,-153.677,4,4,0,1,-999,-999,0
44.5,29,42,7,-139.632,2,-156.469,5,5,20,0,-999,-999,0
44.5,29,42,7,-139.632,1,-165.166,0,0,20,0,-999,-999,0
44.5,29,42,7,-139.632,3,-170.492,0,0,20,0,-999,-999,0
44.5,32,8,2,-112.322,5,-104.227,3,3,10,1,-999,-999,0
44.5,32,8,2,-112.322,4,-122.843,1,1,20,0,-999,-999,0
44.5,32,8,2,-112.322,1,-140.917,0,0,20,0,-999,-999,0
44.5,32,8,2,-112.322,6,-145.371,4,4,0,1,-999,-999,0
44.5,32,8,2,-112.322,3,-145.463,0,0,20,0,-999,-999,0
44.5,32,8,2,-112.322,7,-153.302,6,6,0,1,-999,-999,0
44.5,36,16,5,-114.616,2,-111.068,5,5,20,0,-999,-999,0
44.5,36,16,5,-114.616,4,-114.587,1,1,20,0,-999,-999,0
44.5,36,16,5,-114.616,1,-129.764,0,0,20,0,-999,-999,0
44.5,36,16,5,-114.616,6,-131.525,4,4,0,1,-999,-999,0
44.5,36,16,5,-114.616,3,-142.719,0,0,20,0,-999,-999,0
44.5,36,16,5,-114.616,7,-153.587,6,6,0,1,-999,-999,0
44.5,38,18,2,-102.983,6,-131.491,4,4,0,1,-999,-999,0
44.5,38,18,2,-102.983,4,-132.009,1,1,20,0,-999,-999,0
44.5,38,18,2,-102.983,5,-137.688,3,3,10,1,-999,-999,0
44.5,38,18,2,-102.983,7,-146.827,6,6,0,1,-999,-999,0
44.5,38,18,2,-102.983,1,-151.575,0,0,20,0,-999,-999,0
44.5,38,18,2,-102.983,3,-152.846,0,0,20,0,-999,-999,0
44.5,42,26,7,-100.109,2,-120.218,5,5,20,0,-999,-999,0
44.5,42,26,7,-100.109,4,-129.866,1,1,20,0,-999,-999,0
44.5,42,26,7,-100.109,1,-132.704,0,0,20,0,-999,-999,0
44.5,42,26,7,-100.109,5,-134.494,3,3,10,1,-999,-999,0
44.5,42,26,7,-100.109,3,-151.111,0,0,20,0,-999,-999,0
44.5,42,26,7,-100.109,6,-164.49,4,4,0,1,-999,-999,0
44.5,44,24,6,-121.988,2,-112.298,5,5,20,0,-999,-999,0
44.5,44,24,6,-121.988,4,-117.439,1,1,20,0,-999,-999,0
44.5,44,24,6,-121.988,5,-135.248,3,3,10,1,-999,-999,0
44.5,44,24,6,-121.988,3,-136.045,0,0,20,0,-999,-999,0
44.5,44,24,6,-121.988,7,-137.375,6,6,0,1,-999,-999,0
44.5,44,24,6,-121.988,1,-146.593,0,0,20,0,-999,-999,0
44.5,46,16,4,-115.213,5,-100.249,3,3,10,1,-999,-999,0
44.5,46,16,4,-115.213,6,-104.893,4,4,0,1,-999,-999,0
44.5,46,16,4,-115.213,2,-129.762,5,5,20,0,-999,-999,0
44.5,46,16,4,-115.213,7,-135.417,6,6,0,1,-999,-999,0
44.5,46,16,4,-115.213,1,-146.427,0,0,20,0,-999,-999,0
44.5,46,16,4,-115.213,3,-157.518,0,0,20,0,-999,-999,0
44.5,47,16,2,-84.2585,5,-123.522,3,3,10,1,-999,-999,0
44.5,47,16,2,-84.2585,4,-130.439,1,1,20,0,-999,-999,0
44.5,47,16,2,-84.2585,7,-130.632,6,6,0,1,-999,-999,0
44.5,47,16,2,-84.2585,6,-136.912,4,4,0,1,-999,-999,0
44.5,47,16,2,-84.2585,3,-137.259,0,0,20,0,-999,-999,0
44.5,47,16,2,-84.2585,1,-140.903,0,0,20,0,-999,-999,0
44.5,50,17,2,-104.357,5,-90.0133,3,3,10,1,-999,-999,0
44.5,50,17,2,-104.357,4,-130.019,1,1,20,0,-999,-999,0
44.5,50,17,2,-104.357,3,-135.648,0,0,20,0,-999,-999,0
44.5,50,17,2,-104.357,1,-138.454,0,0,20,0,-999,-999,0
44.5,50,17,2,-104.357,7,-140.42,6,6,0,1,-999,-999,0
44.5,50,17,2,-104.357,6,-146.744,4,4,0,1,-999,-999,0
44.5,54,25,7,-131.616,2,-120.53,5,5,20,0,-999,-999,0
44.5,54,25,7,-131.616,4,-126.91,1,1,20,0,-999,-999,0
44.5,54,25,7,-131.616,5,-146.885,3,3,10,1,-999,-999,0
44.5,54,25,7,-131.616,1,-153.251,0,0,20,0,-999,-999,0
44.5,54,25,7,-131.616,6,-160.933,4,4,0,1,-999,-999,0
44.5,54,25,7,-131.616,3,-165.125,0,0,20,0,-999,-999,0
44.5,56,26,5,-119.274,2,-78.2736,5,5,20,0,-999,-999,0
44.5,56,26,5,-119.274,4,-114.734,1,1,20,0,-999,-999,0
44.5,56,26,5,-119.274,6,-116.855,4,4,0,1,-999,-999,0
44.5,56,26,5,-119.274,3,-127.632,0,0,20,0,-999,-999,0
44.5,56,26,5,-119.274,1,-132.469,0,0,20,0,-999,-999,0
44.5,56,26,5,-119.274,7,-150.585,6,6,0,1,-999,-999,0
44.5,58,34,7,-98.3545,6,-131.234,4,4,0,1,-999,-999,0
44.5,58,34,7,-98.3545,5,-140.11,3,3,10,1,-999,-999,0
44.5,58,34,7,-98.3545,4,-141.347,1,1,20,0,-999,-999,0
44.5,58,34,7,-98.3545,2,-148.773,5,5,20,0,-999,-999,0
44.5,58,34,7,-98.3545,1,-157.672,0,0,20,0,-999,-999,0
44.5,58,34,7,-98.3545,3,-166.298,0,0,20,0,-999,-999,0
44.5,86,50,7,-141.309,5,-151.045,3,3,10,1,-999,-999,0
44.5,86,50,7,-141.309,4,-152.161,1,1,20,0,-999,-999,0
44.5,86,50,7,-141.309,6,-157.026,4,4,0,1,-999,-999,0
44.5,86,50,7,-141.309,2,-163.452,5,5,20,0,-999,-999,0
44.5,86,50,7,-141.309,1,-168.802,0,0,20,0,-999,-999,0
44.5,86,50,7,-141.309,3,-169.505,0,0,20,0,-999,-999,0
44.5,89,40,6,-131.661,4,-113.092,1,1,20,0,-999,-999,0
44.5,89,40,6,-131.661,5,-136.024,3,3,10,1,-999,-999,0
44.5,89,40,6,-131.661,1,-136.101,0,0,20,0,-999,-999,0
44.5,89,40,6,-131.661,2,-136.773,5,5,20,0,-999,-999,0
44.5,89,40,6,-131.661,7,-136.812,6,6,0,1,-999,-999,0
44.5,89,40,6,-131.661,3,-141.919,0,0,20,0,-999,-999,0
44.5,98,16,7,-117.727,5,-97.2272,3,3,10,1,-999,-999,5
44.5,98,16,7,-117.727,6,-113.752,4,4,0,1,-999,-999,5
44.5,98,16,7,-117.727,2,-123.475,5,5,20,0,-999,-999,5
44.5,98,16,7,-117.727,4,-129.327,1,1,20,0,-999,-999,5
44.5,98,16,7,-117.727,1,-143.158,0,0,20,0,-999,-999,5
44.5,98,16,7,-117.727,3,-153.082,0,0,20,0,-999,-999,5
44.5,100,16,6,-135.407,7,-131.885,6,6,0,1,-999,-999,0
44.5,100,16,6,-135.407,5,-149.223,3,4,10,1,-999,-999,0
44.5,100,16,6,-135.407,2,-150.272,5,5,20,0,-999,-999,0
44.5,100,16,6,-135.407,4,-151.172,1,1,20,0,-999,-999,0
44.5,100,16,6,-135.407,3,-164.716,0,0,20,0,-999,-999,0
44.5,100,16,6,-135.407,1,-166.051,0,0,20,0,-999,-999,0
44.5,107,34,5,-132.697,2,-118.688,5,5,20,0,-999,-999,0
44.5,107,34,5,-132.697,4,-124.628,1,1,20,0,-999,-999,0
44.5,107,34,5,-132.697,7,-139.683,6,6,0,1,-999,-999,0
44.5,107,34,5,-132.697,6,-141.802,4,4,0,1,-999,-999,0
44.5,107,34,5,-132.697,1,-144.978,0,0,20,0,-999,-999,0
44.5,107,34,5,-132.697,3,-151.322,0,0,20,0,-999,-999,0
46.5,13,19,2,-104.193,4,-75.5567,1,1,20,0,-999,-999,4
46.5,13,19,2,-104.193,5,-84.7009,4,4,10,1,-999,-999,4
46.5,13,19,2,-104.193,1,-129.104,0,0,20,0,-999,-999,4
46.5,13,19,2,-104.193,3,-143.924,0,0,20,0,-999,-999,4
46.5,13,19,2,-104.193,7,-145.398,5,5,0,1,-999,-999,4
46.5,13,19,2,-104.193,6,-159.081,4,4,0,1,-999,-999,4
46.5,26,32,6,-102.621,5,-118.409,4,4,10,1,-999,-999,0
46.5,26,32,6,-102.621,4,-120.041,1,2,20,0,-999,-999,0
46.5,26,32,6,-102.621,2,-133.751,5,5,20,0,-999,-999,0
46.5,26,32,6,-102.621,3,-139.656,0,0,20,0,-999,-999,0
46.5,26,32,6,-102.621,1,-154.485,0,0,20,0,-999,-999,0
46.5,26,32,6,-102.621,7,-157.838,5,5,0,1,-999,-999,0
46.5,29,42,7,-130.824,2,-115.547,5,5,20,0,-999,-999,0
46.5,29,42,7,-130.824,6,-128.812,4,4,0,1,-999,-999,0
46.5,29,42,7,-130.824,4,-142.512,1,2,20,0,-999,-999,0
46.5,29,42,7,-130.824,5,-145.755,4,4,10,1,-999,-999,0
46.5,29,42,7,-130.824,1,-168.853,0,0,20,0,-999,-999,0
46.5,29,42,7,-130.824,3,-172.674,0,0,20,0,-999,-999,0
46.5,32,8,2,-114.097,4,-108.408,1,2,20,0,-999,-999,0
46.5,32,8,2,-114.097,5,-116.11,4,4,10,1,-999,-999,0
46.5,32,8,2,-114.097,1,-137.27,0,0,20,0,-999,-999,0
46.5,32,8,2,-114.097,6,-142.898,4,4,0,1,-999,-999,0
46.5,32,8,2,-114.097,7,-147.517,5,5,0,1,-999,-999,0
46.5,32,8,2,-114.097,3,-147.766,0,0,20,0,-999,-999,0
46.5,36,16,5,-114.564,4,-104.068,1,2,20,0,-999,-999,0
46.5,36,16,5,-114.564,2,-117.174,5,5,20,0,-999,-999,0
46.5,36,16,5,-114.564,1,-134.152,0,0,20,0,-999,-999,0
46.5,36,16,5,-114.564,3,-140.859,0,0,20,0,-999,-999,0
46.5,36,16,5,-114.564,6,-147.686,4,4,0,1,-999,-999,0
46.5,36,16,5,-114.564,7,-148.217,5,5,0,1,-999,-999,0
46.5,38,18,2,-145.985,6,-95.9382,4,4,0,1,-999,-999,0
46.5,38,18,2,-145.985,5,-137.775,4,4,10,1,-999,-999,0
46.5,38,18,2,-145.985,4,-142.832,1,2,20,0,-999,-999,0
46.5,38,18,2,-145.985,7,-143.975,5,5,0,1,-999,-999,0
46.5,38,18,2,-145.985,3,-153.929,0,0,20,0,-999,-999,0
46.5,38,18,2,-145.985,1,-154.914,0,0,20,0,-999,-999,0
46.5,42,26,7,-103.37,1,-128.134,0,0,20,0,-999,-999,0
46.5,42,26,7,-103.37,2,-129.271,5,5,20,0,-999,-999,0
46.5,42,26,7,-103.37,4,-129.364,1,2,20,0,-999,-999,0
46.5,42,26,7,-103.37,5,-131.764,4,4,10,1,-999,-999,0
46.5,42,26,7,-103.37,3,-148.708,0,0,20,0,-999,-999,0
46.5,42,26,7,-103.37,6,-160.898,4,4,0,1,-999,-999,0
46.5,44,24,6,-115.565,7,-115.434,5,5,0,1,-999,-999,0
46.5,44,24,6,-115.565,2,-131.249,5,5,20,0,-999,-999,0
46.5,44,24,6,-115.565,4,-132.121,1,2,20,0,-999,-999,0
46.5,44,24,6,-115.565,3,-135.143,0,0,20,0,-999,-999,0
46.5,44,24,6,-115.565,5,-137.503,4,4,10,1,-999,-999,0
46.5,44,24,6,-115.565,1,-148.696,0,0,20,0,-999,-999,0
46.5,46,16,4,-120.588,6,-105.164,4,4,0,1,-999,-999,0
46.5,46,16,4,-120.588,7,-127.522,5,5,0,1,-999,-999,0
46.5,46,16,4,-120.588,2,-132.283,5,5,20,0,-999,-999,0
46.5,46,16,4,-120.588,5,-136.943,4,4,10,1,-999,-999,0
46.5,46,16,4,-120.588,1,-144.271,0,0,20,0,-999,-999,0
46.5,46,16,4,-120.588,3,-160.761,0,0,20,0,-999,-999,0
46.5,47,16,2,-71.8508,7,-106.238,5,5,0,1,-999,-999,0
46.5,47,16,2,-71.8508,4,-119.059,1,2,20,0,-999,-999,0
46.5,47,16,2,-71.8508,5,-120.747,4,4,10,1,-999,-999,0
46.5,47,16,2,-71.8508,6,-127.009,4,4,0,1,-999,-999,0
46.5,47,16,2,-71.8508,1,-139.76,0,0,20,0,-999,-999,0
46.5,47,16,2,-71.8508,3,-141.124,0,0,20,0,-999,-999,0
46.5,50,17,2,-63.6846,4,-112.15,1,2,20,0,-999,-999,0
46.5,50,17,2,-63.6846,5,-121.66,4,4,10,1,-999,-999,0
46.5,50,17,2,-63.6846,1,-139.142,0,0,20,0,-999,-999,0
46.5,50,17,2,-63.6846,3,-141.376,0,0,20,0,-999,-999,0
46.5,50,17,2,-63.6846,6,-142.504,4,4,0,1,-999,-999,0
46.5,50,17,2,-63.6846,7,-150.081,5,5,0,1,-999,-999,0
46.5,54,25,7,-116.249,4,-127.663,1,2,20,0,-999,-999,0
46.5,54,25,7,-116.249,2,-131.093,5,5,20,0,-999,-999,0
46.5,54,25,7,-116.249,5,-142.457,4,4,10,1,-999,-999,0
46.5,54,25,7,-116.249,1,-154.791,0,0,20,0,-999,-999,0
46.5,54,25,7,-116.249,6,-158.044,4,4,0,1,-999,-999,0
46.5,54,25,7,-116.249,3,-167.863,0,0,20,0,-999,-999,0
46.5,56,26,5,-124.467,2,-77.8436,5,5,20,0,-999,-999,2
46.5,56,26,5,-124.467,4,-126.727,1,2,20,0,-999,-999,2
46.5,56,26,5,-124.467,3,-128.23,0,0,20,0,-999,-999,2
46.5,56,26,5,-124.467,1,-134.068,0,0,20,0,-999,-999,2
46.5,56,26,5,-124.467,6,-144.449,4,4,0,1,-999,-999,2
46.5,56,26,5,-124.467,7,-151.419,5,5,0,1,-999,-999,2
46.5,58,34,7,-134.452,6,-139.645,4,4,0,1,-999,-999,0
46.5,58,34,7,-134.452,4,-143.323,1,2,20,0,-999,-999,0
46.5,58,34,7,-134.452,5,-144.908,4,4,10,1,-999,-999,0
46.5,58,34,7,-134.452,2,-146.894,5,6,20,0,-999,-999,0
46.5,58,34,7,-134.452,1,-157.67,0,0,20,0,-999,-999,0
46.5,58,34,7,-134.452,3,-167.411,0,0,20,0,-999,-999,0
46.5,86,50,7,-141.058,4,-127.168,1,2,20,0,-999,-999,0
46.5,86,50,7,-141.058,2,-135.497,5,6,20,0,-999,-999,0
46.5,86,50,7,-141.058,5,-146.577,4,4,10,1,-999,-999,0
46.5,86,50,7,-141.058,6,-149.941,4,4,0,1,-999,-999,0
46.5,86,50,7,-141.058,1,-167.402,0,0,20,0,-999,-999,0
46.5,86,50,7,-141.058,3,-168.009,0,0,20,0,-999,-999,0
46.5,89,40,6,-105.971,2,-118.541,5,6,20,0,-999,-999,0
46.5,89,40,6,-105.971,7,-133.383,5,5,0,1,-999,-999,0
46.5,89,40,6,-105.971,3,-135.823,0,0,20,0,-999,-999,0
46.5,89,40,6,-105.971,4,-137.421,1,2,20,0,-999,-999,0
46.5,89,40,6,-105.971,1,-139.078,0,0,20,0,-999,-999,0
46.5,89,40,6,-105.971,5,-143.218,4,4,10,1,-999,-999,0
46.5,98,35,5,-143.773,2,-96.5849,5,6,20,0,-999,-999,0
46.5,98,35,5,-143.773,4,-108.22,1,2,20,0,-999,-999,0
46.5,98,35,5,-143.773,7,-114.918,5,5,0,1,-999,-999,0
46.5,98,35,5,-143.773,1,-141.255,0,0,20,0,-999,-999,0
46.5,98,35,5,-143.773,6,-149.009,4,4,0,1,-999,-999,0
46.5,98,35,5,-143.773,3,-150.665,0,0,20,0,-999,-999,0
46.5,100,16,6,-109.851,7,-139.455,5,5,0,1,-999,-999,0
46.5,100,16,6,-109.851,5,-152.507,4,4,10,1,-999,-999,0
46.5,100,16,6,-109.851,2,-155.012,5,6,20,0,-999,-999,0
46.5,100,16,6,-109.851,4,-155.503,1,2,20,0,-999,-999,0
46.5,100,16,6,-109.851,1,-162.773,0,0,20,0,-999,-999,0
46.5,100,16,6,-109.851,3,-162.831,0,0,20,0,-999,-999,0
46.5,107,34,5,-132.97,7,-111.458,5,5,0,1,-999,-999,0
46.5,107,34,5,-132.97,6,-114.152,4,4,0,1,-999,-999,0
46.5,107,34,5,-132.97,4,-115.133,1,2,20,0,-999,-999,0
46.5,107,34,5,-132.97,2,-117.318,5,6,20,0,-999,-999,0
46.5,107,34,5,-132.97,1,-149.71,0,0,20,0,-999,-999,0
46.5,107,34,5,-132.97,3,-153.501,0,0,20,0,-999,-999,0
48.5,13,17,4,-112.536,2,-114.203,5,5,20,0,-999,-999,0
48.5,13,17,4,-112.536,7,-126.79,5,5,0,1,-999,-999,0
48.5,13,17,4,-112.536,5,-127.588,3,3,10,1,-999,-999,0
48.5,13,17,4,-112.536,1,-131.1,0,0,20,0,-999,-999,0
48.5,13,17,4,-112.536,3,-143.937,0,0,20,0,-999,-999,0
48.5,13,17,4,-112.536,6,-160.723,4,4,0,1,-999,-999,0
48.5,26,32,6,-112.428,5,-120.001,3,3,10,1,-999,-999,0
48.5,26,32,6,-112.428,7,-133.492,5,5,0,1,-999,-999,0
48.5,26,32,6,-112.428,3,-137.489,0,0,20,0,-999,-999,0
48.5,26,32,6,-112.428,2,-147.678,5,5,20,0,-999,-999,0
48.5,26,32,6,-112.428,1,-153.058,0,0,20,0,-999,-999,0
48.5,26,32,6,-112.428,4,-153.495,2,2,20,0,-999,-999,0
48.5,29,42,7,-106.777,4,-108.427,2,2,20,0,-999,-999,0
48.5,29,42,7,-106.777,5,-142.002,3,3,10,1,-999,-999,0
48.5,29,42,7,-106.777,6,-154.377,4,4,0,1,-999,-999,0
48.5,29,42,7,-106.777,2,-157.083,5,5,20,0,-999,-999,0
48.5,29,42,7,-106.777,1,-165.828,0,0,20,0,-999,-999,0
48.5,29,42,7,-106.777,3,-172.467,0,0,20,0,-999,-999,0
48.5,32,8,2,-113.216,5,-86.1888,3,3,10,1,-999,-999,0
48.5,32,8,2,-113.216,4,-119.51,2,2,20,0,-999,-999,0
48.5,32,8,2,-113.216,1,-137.217,0,0,20,0,-999,-999,0
48.5,32,8,2,-113.216,3,-145.533,0,0,20,0,-999,-999,0
48.5,32,8,2,-113.216,6,-150.036,4,4,0,1,-999,-999,0
48.5,32,8,2,-113.216,7,-152.882,5,5,0,1,-999,-999,0
48.5,36,16,5,-115.403,4,-107.897,2,2,20,0,-999,-999,4
48.5,36,16,5,-115.403,2,-119.721,5,5,20,0,-999,-999,4
48.5,36,16,5,-115.403,7,-127.129,5,5,0,1,-999,-999,4
48.5,36,16,5,-115.403,1,-131.454,0,0,20,0,-999,-999,4
48.5,36,16,5,-115.403,3,-145.639,0,0,20,0,-999,-999,4
48.5,36,16,5,-115.403,6,-153.286,4,4,0,1,-999,-999,4
48.5,38,18,2,-143.572,6,-132.229,4,4,0,1,-999,-999,0
48.5,38,18,2,-143.572,5,-136.138,3,3,10,1,-999,-999,0
48.5,38,18,2,-143.572,7,-144.596,5,5,0,1,-999,-999,0
48.5,38,18,2,-143.572,4,-151.248,2,3,20,0,-999,-999,0
48.5,38,18,2,-143.572,1,-153.363,0,0,20,0,-999,-999,0
48.5,38,18,2,-143.572,3,-154.572,0,0,20,0,-999,-999,0
48.5,42,26,7,-132.03,1,-120.019,0,0,20,0,-999,-999,0
48.5,42,26,7,-132.03,4,-130.018,2,3,20,0,-999,-999,0
48.5,42,26,7,-132.03,2,-133.445,5,5,20,0,-999,-999,0
48.5,42,26,7,-132.03,5,-134.423,3,3,10,1,-999,-999,0
48.5,42,26,7,-132.03,3,-153.861,0,0,20,0,-999,-999,0
48.5,42,26,7,-132.03,6,-163.792,4,4,0,1,-999,-999,0
48.5,44,24,6,-126.349,4,-107.192,2,3,20,0,-999,-999,0
48.5,44,24,6,-126.349,7,-136.176,5,5,0,1,-999,-999,0
48.5,44,24,6,-126.349,2,-139.156,5,5,20,0,-999,-999,0
48.5,44,24,6,-126.349,5,-141.431,3,3,10,1,-999,-999,0
48.5,44,24,6,-126.349,3,-141.906,0,0,20,0,-999,-999,0
48.5,44,24,6,-126.349,1,-149.183,0,0,20,0,-999,-999,0
48.5,46,16,4,-120.558,2,-125.771,5,5,20,0,-999,-999,0
48.5,46,16,4,-120.558,7,-133.056,5,5,0,1,-999,-999,0
48.5,46,16,4,-120.558,5,-133.585,3,3,10,1,-999,-999,0
48.5,46,16,4,-120.558,6,-143.39,4,4,0,1,-999,-999,0
48.5,46,16,4,-120.558,1,-145.502,0,0,20,0,-999,-999,0
48.5,46,16,4,-120.558,3,-157.45,0,0,20,0,-999,-999,0
48.5,47,16,2,-110.299,4,-98.7724,2,3,20,0,-999,-999,0
48.5,47,16,2,-110.299,5,-108.43,3,3,10,1,-999,-999,0
48.5,47,16,2,-110.299,6,-123.376,4,4,0,1,-999,-999,0
48.5,47,16,2,-110.299,7,-137.726,5,5,0,1,-999,-999,0
48.5,47,16,2,-110.299,1,-140.16,0,0,20,0,-999,-999,0
48.5,47,16,2,-110.299,3,-145.123,0,0,20,0,-999,-999,0
48.5,50,17,2,-98.3423,5,-98.3905,3,3,10,1,-999,-999,0
48.5,50,17,2,-98.3423,7,-115.598,5,5,0,1,-999,-999,0
48.5,50,17,2,-98.3423,4,-126.583,2,3,20,0,-999,-999,0
48.5,50,17,2,-98.3423,6,-130.862,4,4,0,1,-999,-999,0
48.5,50,17,2,-98.3423,3,-137.998,0,0,20,0,-999,-999,0
48.5,50,17,2,-98.3423,1,-143.501,0,0,20,0,-999,-999,0
48.5,54,25,7,-92.1024,4,-137.695,2,3,20,0,-999,-999,0
48.5,54,25,7,-92.1024,2,-139.478,5,5,20,0,-999,-999,0
48.5,54,25,7,-92.1024,6,-144.203,4,4,0,1,-999,-999,0
48.5,54,25,7,-92.1024,5,-148.105,3,3,10,1,-999,-999,0
48.5,54,25,7,-92.1024,1,-154.012,0,0,20,0,-999,-999,0
48.5,54,25,7,-92.1024,3,-167.687,0,0,20,0,-999,-999,0
48.5,56,20,2,-115.981,5,-121.673,3,3,10,1,-999,-999,0
48.5,56,20,2,-115.981,4,-129.571,2,3,20,0,-999,-999,0
48.5,56,20,2,-115.981,3,-134.388,0,0,20,0,-999,-999,0
48.5,56,20,2,-115.981,1,-135.121,0,0,20,0,-999,-999,0
48.5,56,20,2,-115.981,7,-141.873,5,5,0,1,-999,-999,0
48.5,56,20,2,-115.981,6,-148.03,4,4,0,1,-999,-999,0
48.5,58,34,7,-133.815,4,-140.33,2,3,20,0,-999,-999,0
48.5,58,34,7,-133.815,5,-141.065,3,3,10,1,-999,-999,0
48.5,58,34,7,-133.815,6,-146.302,4,4,0,1,-999,-999,0
48.5,58,34,7,-133.815,2,-153.241,5,5,20,0,-999,-999,0
48.5,58,34,7,-133.815,1,-161.866,0,0,20,0,-999,-999,0
48.5,58,34,7,-133.815,3,-162.575,0,0,20,0,-999,-999,0
48.5,86,50,7,-108.134,5,-132.159,3,3,10,1,-999,-999,0
48.5,86,50,7,-108.134,6,-151.049,4,4,0,1,-999,-999,0
48.5,86,50,7,-108.134,4,-154.62,2,3,20,0,-999,-999,0
48.5,86,50,7,-108.134,1,-162.602,0,0,20,0,-999,-999,0
48.5,86,50,7,-108.134,2,-166.243,5,5,20,0,-999,-999,0
48.5,86,50,7,-108.134,3,-172.233,0,0,20,0,-999,-999,0
48.5,89,40,6,-131.018,2,-106.126,5,5,20,0,-999,-999,0
48.5,89,40,6,-131.018,5,-130.629,3,3,10,1,-999,-999,0
48.5,89,40,6,-131.018,7,-133.891,5,5,0,1,-999,-999,0
48.5,89,40,6,-131.018,3,-135.157,0,0,20,0,-999,-999,0
48.5,89,40,6,-131.018,4,-136.367,2,3,20,0,-999,-999,0
48.5,89,40,6,-131.018,1,-137.361,0,0,20,0,-999,-999,0
48.5,98,35,5,-97.2006,6,-113.934,4,4,0,1,-999,-999,0
48.5,98,35,5,-97.2006,7,-124.963,5,5,0,1,-999,-999,0
48.5,98,35,5,-97.2006,4,-129.402,2,3,20,0,-999,-999,0
48.5,98,35,5,-97.2006,2,-132.919,5,5,20,0,-999,-999,0
48.5,98,35,5,-97.2006,1,-139.679,0,0,20,0,-999,-999,0
48.5,98,35,5,-97.2006,3,-152.092,0,0,20,0,-999,-999,0
48.5,100,16,6,-139.25,5,-141.531,3,3,10,1,-999,-999,0
48.5,100,16,6,-139.25,2,-149.819,5,5,20,0,-999,-999,0
48.5,100,16,6,-139.25,7,-158.131,5,5,0,1,-999,-999,0
48.5,100,16,6,-139.25,4,-160.104,2,3,20,0,-999,-999,0
48.5,100,16,6,-139.25,3,-164.621,0,0,20,0,-999,-999,0
48.5,100,16,6,-139.25,1,-167.19,0,0,20,0,-999,-999,0
48.5,107,34,5,-133.712,4,-91.7051,2,3,20,0,-999,-999,0
48.5,107,34,5,-133.712,2,-92.0923,5,5,20,0,-999,-999,0
48.5,107,34,5,-133.712,7,-139.783,5,5,0,1,-999,-999,0
48.5,107,34,5,-133.712,6,-142.405,4,4,0,1,-999,-999,0
48.5,107,34,5,-133.712,1,-151.259,0,0,20,0,-999,-999,0
48.5,107,34,5,-133.712,3,-151.683,0,0,20,0,-999,-999,0
50.5,13,17,4,-111.904,5,-121.656,2,2,10,1,-999,-999,0
50.5,13,17,4,-111.904,2,-122.158,5,5,20,0,-999,-999,0
50.5,13,17,4,-111.904,1,-131.505,0,0,20,0,-999,-999,0
50.5,13,17,4,-111.904,7,-143.653,5,5,0,1,-999,-999,0
50.5,13,17,4,-111.904,3,-146.053,0,0,20,0,-999,-999,0
50.5,13,17,4,-111.904,6,-161.821,5,5,0,1,-999,-999,0
50.5,26,32,6,-78.3888,5,-128.845,2,2,10,1,-999,-999,0
50.5,26,32,6,-78.3888,3,-139.886,0,0,20,0,-999,-999,0
50.5,26,32,6,-78.3888,2,-140.781,5,5,20,0,-999,-999,0
50.5,26,32,6,-78.3888,1,-149.453,0,0,20,0,-999,-999,0
50.5,26,32,6,-78.3888,4,-149.612,3,3,20,0,-999,-999,0
50.5,26,32,6,-78.3888,7,-154.865,5,5,0,1,-999,-999,0
50.5,29,42,7,-140.71,4,-117.993,3,3,20,0,-999,-999,0
50.5,29,42,7,-140.71,5,-152.602,2,2,10,1,-999,-999,0
50.5,29,42,7,-140.71,6,-152.684,5,5,0,1,-999,-999,0
50.5,29,42,7,-140.71,1,-160.198,0,0,20,0,-999,-999,0
50.5,29,42,7,-140.71,2,-161.872,5,5,20,0,-999,-999,0
50.5,29,42,7,-140.71,3,-172.849,0,0,20,0,-999,-999,0
50.5,32,8,2,-111.008,5,-85.9081,2,2,10,1,-999,-999,5
50.5,32,8,2,-111.008,4,-115.905,3,3,20,0,-999,-999,5
50.5,32,8,2,-111.008,1,-136.306,0,0,20,0,-999,-999,5
50.5,32,8,2,-111.008,3,-144.484,0,0,20,0,-999,-999,5
50.5,32,8,2,-111.008,7,-150.671,5,5,0,1,-999,-999,5
50.5,32,8,2,-111.008,6,-151.041,5,5,0,1,-999,-999,5
50.5,36,18,4,-110.628,5,-91.8322,2,3,10,1,-999,-999,0
50.5,36,18,4,-110.628,2,-105.949,5,5,20,0,-999,-999,0
50.5,36,18,4,-110.628,1,-127.342,0,0,20,0,-999,-999,0
50.5,36,18,4,-110.628,3,-139.605,0,0,20,0,-999,-999,0
50.5,36,18,4,-110.628,7,-151.586,5,5,0,1,-999,-999,0
50.5,36,18,4,-110.628,6,-158.934,5,5,0,1,-999,-999,0
50.5,38,18,2,-136.422,6,-134.486,5,5,0,1,-999,-999,0
50.5,38,18,2,-136.422,4,-136.79,3,3,20,0,-999,-999,0
50.5,38,18,2,-136.422,5,-137.645,2,3,10,1,-999,-999,0
50.5,38,18,2,-136.422,7,-142.639,5,5,0,1,-999,-999,0
50.5,38,18,2,-136.422,3,-148.65,0,0,20,0,-999,-999,0
50.5,38,18,2,-136.422,1,-157.574,0,0,20,0,-999,-999,0
50.5,42,26,7,-131.797,4,-104.71,3,3,20,0,-999,-999,0
50.5,42,26,7,-131.797,5,-129.593,2,3,10,1,-999,-999,0
50.5,42,26,7,-131.797,2,-131.253,5,5,20,0,-999,-999,0
50.5,42,26,7,-131.797,1,-132.009,0,0,20,0,-999,-999,0
50.5,42,26,7,-131.797,3,-145.064,0,0,20,0,-999,-999,0
50.5,42,26,7,-131.797,6,-159.326,5,5,0,1,-999,-999,0
50.5,44,24,6,-85.1816,4,-115.329,3,3,20,0,-999,-999,0
50.5,44,24,6,-85.1816,2,-138.679,5,5,20,0,-999,-999,0
50.5,44,24,6,-85.1816,5,-140.201,2,3,10,1,-999,-999,0
50.5,44,24,6,-85.1816,3,-142.134,0,0,20,0,-999,-999,0
50.5,44,24,6,-85.1816,7,-148.2,5,5,0,1,-999,-999,0
50.5,44,24,6,-85.1816,1,-148.21,0,0,20,0,-999,-999,0
50.5,46,16,4,-116.804,7,-120.048,5,5,0,1,-999,-999,0
50.5,46,16,4,-116.804,5,-121.529,2,3,10,1,-999,-999,0
50.5,46,16,4,-116.804,2,-128.079,5,5,20,0,-999,-999,0
50.5,46,16,4,-116.804,6,-141.617,5,5,0,1,-999,-999,0
50.5,46,16,4,-116.804,1,-145.119,0,0,20,0,-999,-999,0
50.5,46,16,4,-116.804,3,-159.06,0,0,20,0,-999,-999,0
50.5,47,16,2,-118.416,6,-99.1516,5,5,0,1,-999,-999,0
50.5,47,16,2,-118.416,5,-120.956,2,3,10,1,-999,-999,0
50.5,47,16,2,-118.416,7,-130.982,5,5,0,1,-999,-999,0
50.5,47,16,2,-118.416,4,-133.242,3,3,20,0,-999,-999,0
50.5,47,16,2,-118.416,1,-136.204,0,0,20,0,-999,-999,0
50.5,47,16,2,-118.416,3,-142.211,0,0,20,0,-999,-999,0
50.5,50,17,2,-83.498,4,-97.1889,3,3,20,0,-999,-999,0
50.5,50,17,2,-83.498,5,-107.608,2,3,10,1,-999,-999,0
50.5,50,17,2,-83.498,7,-132.886,5,5,0,1,-999,-999,0
50.5,50,17,2,-83.498,1,-139.304,0,0,20,0,-999,-999,0
50.5,50,17,2,-83.498,3,-141.093,0,0,20,0,-999,-999,0
50.5,50,17,2,-83.498,6,-147.903,5,5,0,1,-999,-999,0
50.5,54,25,7,-89.125,2,-124.685,5,5,20,0,-999,-999,0
50.5,54,25,7,-89.125,4,-136.587,3,3,20,0,-999,-999,0
50.5,54,25,7,-89.125,6,-139.366,5,5,0,1,-999,-999,0
50.5,54,25,7,-89.125,5,-146.617,2,3,10,1,-999,-999,0
50.5,54,25,7,-89.125,1,-153.869,0,0,20,0,-999,-999,0
50.5,54,25,7,-89.125,3,-162.301,0,0,20,0,-999,-999,0
50.5,56,20,2,-114.176,5,-120.477,2,3,10,1,-999,-999,0
50.5,56,20,2,-114.176,3,-126.676,0,0,20,0,-999,-999,0
50.5,56,20,2,-114.176,4,-129.575,3,3,20,0,-999,-999,0
50.5,56,20,2,-114.176,1,-132.236,0,0,20,0,-999,-999,0
50.5,56,20,2,-114.176,7,-145.389,5,5,0,1,-999,-999,0
50.5,56,20,2,-114.176,6,-150.922,5,5,0,1,-999,-999,0
50.5,58,34,7,-141.993,2,-112.858,5,5,20,0,-999,-999,0
50.5,58,34,7,-141.993,5,-115.631,2,3,10,1,-999,-999,0
50.5,58,34,7,-141.993,4,-135.128,3,3,20,0,-999,-999,0
50.5,58,34,7,-141.993,6,-154.782,5,5,0,1,-999,-999,0
50.5,58,34,7,-141.993,1,-159.376,0,0,20,0,-999,-999,0
50.5,58,34,7,-141.993,3,-164.319,0,0,20,0,-999,-999,0
50.5,70,48,6,-123.571,2,-133.403,5,5,20,0,-999,-999,0
50.5,70,48,6,-123.571,3,-134.979,0,0,20,0,-999,-999,0
50.5,70,48,6,-123.571,7,-138.154,5,5,0,1,-999,-999,0
50.5,70,48,6,-123.571,1,-146.971,0,0,20,0,-999,-999,0
50.5,70,48,6,-123.571,5,-148.89,2,3,10,1,-999,-999,0
50.5,70,48,6,-123.571,4,-152.639,3,3,20,0,-999,-999,0
50.5,86,50,7,-138.399,5,-109.164,2,3,10,1,-999,-999,0
50.5,86,50,7,-138.399,6,-151.644,5,5,0,1,-999,-999,0
50.5,86,50,7,-138.399,4,-156.453,3,3,20,0,-999,-999,0
50.5,86,50,7,-138.399,2,-161.764,5,5,20,0,-999,-999,0
50.5,86,50,7,-138.399,3,-170.871,0,0,20,0,-999,-999,0
50.5,86,50,7,-138.399,1,-173.985,0,0,20,0,-999,-999,0
50.5,89,40,6,-124.726,7,-120.172,5,5,0,1,-999,-999,0
50.5,89,40,6,-124.726,5,-120.479,2,3,10,1,-999,-999,0
50.5,89,40,6,-124.726,3,-134.825,0,0,20,0,-999,-999,0
50.5,89,40,6,-124.726,1,-135.165,0,0,20,0,-999,-999,0
50.5,89,40,6,-124.726,2,-139.74,5,5,20,0,-999,-999,0
50.5,89,40,6,-124.726,4,-143.896,3,3,20,0,-999,-999,0
50.5,98,35,5,-131.943,2,-113.677,5,5,20,0,-999,-999,0
50.5,98,35,5,-131.943,6,-116.979,5,5,0,1,-999,-999,0
50.5,98,35,5,-131.943,4,-126.853,3,3,20,0,-999,-999,0
50.5,98,35,5,-131.943,7,-129.793,5,5,0,1,-999,-999,0
50.5,98,35,5,-131.943,1,-142.953,0,0,20,0,-999,-999,0
50.5,98,35,5,-131.943,3,-150.042,0,0,20,0,-999,-999,0
50.5,100,16,6,-136.514,5,-133.593,2,3,10,1,-999,-999,0
50.5,100,16,6,-136.514,2,-141.061,5,5,20,0,-999,-999,0
50.5,100,16,6,-136.514,7,-148.09,5,5,0,1,-999,-999,0
50.5,100,16,6,-136.514,4,-152.605,3,3,20,0,-999,-999,0
50.5,100,16,6,-136.514,3,-161.831,0,0,20,0,-999,-999,0
50.5,100,16,6,-136.514,1,-172.499,0,0,20,0,-999,-999,0
50.5,107,34,5,-129.225,4,-91.8671,3,3,20,0,-999,-999,4
50.5,107,34,5,-129.225,2,-134.184,5,5,20,0,-999,-999,4
50.5,107,34,5,-129.225,7,-140.613,5,5,0,1,-999,-999,4
50.5,107,34,5,-129.225,6,-144.359,5,5,0,1,-999,-999,4
50.5,107,34,5,-129.225,3,-146.562,0,0,20,0,-999,-999,4
50.5,107,34,5,-129.225,1,-149.297,0,0,20,0,-999,-999,4
52.5,13,17,4,-110.985,5,-120.787,2,2,10,1,-999,-999,0
52.5,13,17,4,-110.985,2,-120.821,4,4,20,0,-999,-999,0
52.5,13,17,4,-110.985,1,-127.189,0,0,20,0,-999,-999,0
52.5,13,17,4,-110.985,3,-144.096,0,0,20,0,-999,-999,0
52.5,13,17,4,-110.985,7,-146.951,5,5,0,1,-999,-999,0
52.5,13,17,4,-110.985,6,-160.642,5,5,0,1,-999,-999,0
52.5,26,32,6,-95.3745,4,-123.437,4,4,20,0,-999,-999,0
52.5,26,32,6,-95.3745,3,-138.153,0,0,20,0,-999,-999,0
52.5,26,32,6,-95.3745,2,-145.875,4,4,20,0,-999,-999,0
52.5,26,32,6,-95.3745,1,-150.202,0,0,20,0,-999,-999,0
52.5,26,32,6,-95.3745,5,-150.914,2,2,10,1,-999,-999,0
52.5,26,32,6,-95.3745,7,-156.5,5,5,0,1,-999,-999,0
52.5,29,42,7,-109.377,6,-133.658,5,5,0,1,-999,-999,0
52.5,29,42,7,-109.377,5,-145.168,2,2,10,1,-999,-999,0
52.5,29,42,7,-109.377,4,-153.707,4,4,20,0,-999,-999,0
52.5,29,42,7,-109.377,2,-155.424,4,4,20,0,-999,-999,0
52.5,29,42,7,-109.377,1,-166.156,0,0,20,0,-999,-999,0
52.5,29,42,7,-109.377,3,-168.012,0,0,20,0,-999,-999,0
52.5,32,36,5,-89.3064,4,-79.3038,4,4,20,0,-999,-999,0
52.5,32,36,5,-89.3064,2,-108.745,4,4,20,0,-999,-999,0
52.5,32,36,5,-89.3064,1,-136.443,0,0,20,0,-999,-999,0
52.5,32,36,5,-89.3064,3,-146.361,0,0,20,0,-999,-999,0
52.5,32,36,5,-89.3064,6,-152.123,5,5,0,1,-999,-999,0
52.5,32,36,5,-89.3064,7,-152.409,5,5,0,1,-999,-999,0
52.5,36,18,4,-116.673,5,-80.6217,2,2,10,1,-999,-999,0
52.5,36,18,4,-116.673,2,-118.666,4,4,20,0,-999,-999,0
52.5,36,18,4,-116.673,1,-131.258,0,0,20,0,-999,-999,0
52.5,36,18,4,-116.673,6,-142.533,5,5,0,1,-999,-999,0
52.5,36,18,4,-116.673,3,-143.647,0,0,20,0,-999,-999,0
52.5,36,18,4,-116.673,7,-154.103,5,5,0,1,-999,-999,0
52.5,38,18,2,-119.016,6,-116.722,5,5,0,1,-999,-999,0
52.5,38,18,2,-119.016,7,-120.563,5,5,0,1,-999,-999,0
52.5,38,18,2,-119.016,5,-136.103,2,2,10,1,-999,-999,0
52.5,38,18,2,-119.016,4,-144.794,4,4,20,0,-999,-999,0
52.5,38,18,2,-119.016,3,-151.251,0,0,20,0,-999,-999,0
52.5,38,18,2,-119.016,1,-154.63,0,0,20,0,-999,-999,0
52.5,42,26,7,-131.655,5,-98.6193,2,2,10,1,-999,-999,0
52.5,42,26,7,-131.655,2,-116.171,4,4,20,0,-999,-999,0
52.5,42,26,7,-131.655,4,-125.006,4,4,20,0,-999,-999,0
52.5,42,26,7,-131.655,1,-135.293,0,0,20,0,-999,-999,0
52.5,42,26,7,-131.655,3,-148.423,0,0,20,0,-999,-999,0
52.5,42,26,7,-131.655,6,-155.736,5,5,0,1,-999,-999,0
52.5,44,24,6,-102.85,4,-110.523,4,4,20,0,-999,-999,0
52.5,44,24,6,-102.85,2,-135.074,4,4,20,0,-999,-999,0
52.5,44,24,6,-102.85,3,-136.926,0,0,20,0,-999,-999,0
52.5,44,24,6,-102.85,7,-138.489,5,5,0,1,-999,-999,0
52.5,44,24,6,-102.85,5,-139.132,2,2,10,1,-999,-999,0
52.5,44,24,6,-102.85,1,-148.693,0,0,20,0,-999,-999,0
52.5,46,16,4,-116.477,2,-126.258,4,4,20,0,-999,-999,0
52.5,46,16,4,-116.477,7,-132.918,5,5,0,1,-999,-999,0
52.5,46,16,4,-116.477,5,-134.723,2,2,10,1,-999,-999,0
52.5,46,16,4,-116.477,1,-145.574,0,0,20,0,-999,-999,0
52.5,46,16,4,-116.477,6,-145.71,5,5,0,1,-999,-999,0
52.5,46,16,4,-116.477,3,-156.916,0,0,20,0,-999,-999,0
52.5,47,16,2,-114.39,5,-83.7417,2,2,10,1,-999,-999,0
52.5,47,16,2,-114.39,4,-104.434,4,4,20,0,-999,-999,0
52.5,47,16,2,-114.39,6,-133.044,5,5,0,1,-999,-999,0
52.5,47,16,2,-114.39,7,-137.567,5,5,0,1,-999,-999,0
52.5,47,16,2,-114.39,1,-143.558,0,0,20,0,-999,-999,0
52.5,47,16,2,-114.39,3,-145.945,0,0,20,0,-999,-999,0
52.5,50,17,2,-67.1419,4,-90.5812,4,4,20,0,-999,-999,0
52.5,50,17,2,-67.1419,5,-102.749,2,2,10,1,-999,-999,0
52.5,50,17,2,-67.1419,1,-138.92,0,0,20,0,-999,-999,0
52.5,50,17,2,-67.1419,3,-139.068,0,0,20,0,-999,-999,0
52.5,50,17,2,-67.1419,6,-148.549,5,5,0,1,-999,-999,0
52.5,50,17,2,-67.1419,7,-150.026,5,5,0,1,-999,-999,0
52.5,54,25,7,-126.914,2,-122.735,4,4,20,0,-999,-999,0
52.5,54,25,7,-126.914,4,-136.13,4,4,20,0,-999,-999,0
52.5,54,25,7,-126.914,5,-142.293,2,2,10,1,-999,-999,0
52.5,54,25,7,-126.914,6,-153.061,5,5,0,1,-999,-999,0
52.5,54,25,7,-126.914,1,-156.431,0,0,20,0,-999,-999,0
52.5,54,25,7,-126.914,3,-158.87,0,0,20,0,-999,-999,0
52.5,56,20,2,-93.1413,1,-111.973,0,0,20,0,-999,-999,0
52.5,56,20,2,-93.1413,5,-121.161,2,2,10,1,-999,-999,0
52.5,56,20,2,-93.1413,3,-126.232,0,0,20,0,-999,-999,0
52.5,56,20,2,-93.1413,4,-127.224,4,4,20,0,-999,-999,0
52.5,56,20,2,-93.1413,6,-145.165,5,5,0,1,-999,-999,0
52.5,56,20,2,-93.1413,7,-153.548,5,5,0,1,-999,-999,0
52.5,58,34,7,-133.782,2,-126.988,4,4,20,0,-999,-999,0
52.5,58,34,7,-133.782,5,-140.783,2,2,10,1,-999,-999,0
52.5,58,34,7,-133.782,4,-144.277,4,4,20,0,-999,-999,0
52.5,58,34,7,-133.782,6,-144.774,5,5,0,1,-999,-999,0
52.5,58,34,7,-133.782,1,-158.117,0,0,20,0,-999,-999,0
52.5,58,34,7,-133.782,3,-159.325,0,0,20,0,-999,-999,0
52.5,70,48,6,-110.817,3,-128.306,0,0,20,0,-999,-999,0
52.5,70,48,6,-110.817,2,-130.716,4,4,20,0,-999,-999,0
52.5,70,48,6,-110.817,4,-141.718,4,4,20,0,-999,-999,0
52.5,70,48,6,-110.817,5,-144.903,2,2,10,1,-999,-999,0
52.5,70,48,6,-110.817,1,-150.182,0,0,20,0,-999,-999,0
52.5,70,48,6,-110.817,7,-151.713,5,5,0,1,-999,-999,0
52.5,86,50,7,-111.06,5,-108.946,2,2,10,1,-999,-999,5
52.5,86,50,7,-111.06,2,-144.188,4,4,20,0,-999,-999,5
52.5,86,50,7,-111.06,6,-147.182,5,5,0,1,-999,-999,5
52.5,86,50,7,-111.06,4,-154.152,4,4,20,0,-999,-999,5
52.5,86,50,7,-111.06,1,-170.904,0,0,20,0,-999,-999,5
52.5,86,50,7,-111.06,3,-175.742,0,0,20,0,-999,-999,5
52.5,89,40,6,-114.542,2,-131.237,4,4,20,0,-999,-999,0
52.5,89,40,6,-114.542,4,-131.273,4,4,20,0,-999,-999,0
52.5,89,40,6,-114.542,7,-136.046,5,5,0,1,-999,-999,0
52.5,89,40,6,-114.542,3,-136.533,0,0,20,0,-999,-999,0
52.5,89,40,6,-114.542,1,-138.62,0,0,20,0,-999,-999,0
52.5,89,40,6,-114.542,5,-146.164,2,3,10,1,-999,-999,0
52.5,98,35,5,-132.015,4,-95.5924,4,4,20,0,-999,-999,0
52.5,98,35,5,-132.015,7,-126.757,5,5,0,1,-999,-999,0
52.5,98,35,5,-132.015,2,-132.792,4,4,20,0,-999,-999,0
52.5,98,35,5,-132.015,1,-140.019,0,0,20,0,-999,-999,0
52.5,98,35,5,-132.015,6,-149.439,5,5,0,1,-999,-999,0
52.5,98,35,5,-132.015,3,-154.856,0,0,20,0,-999,-999,0
52.5,100,16,6,-116.969,2,-128.62,4,4,20,0,-999,-999,0
52.5,100,16,6,-116.969,5,-130.056,2,3,10,1,-999,-999,0
52.5,100,16,6,-116.969,4,-155.992,4,4,20,0,-999,-999,0
52.5,100,16,6,-116.969,7,-158.216,5,5,0,1,-999,-999,0
52.5,100,16,6,-116.969,3,-160.851,0,0,20,0,-999,-999,0
52.5,100,16,6,-116.969,1,-165.985,0,0,20,0,-999,-999,0
52.5,107,19,4,-129.159,2,-126.637,4,4,20,0,-999,-999,0
52.5,107,19,4,-129.159,5,-135.228,2,3,10,1,-999,-999,0
52.5,107,19,4,-129.159,7,-137.728,5,5,0,1,-999,-999,0
52.5,107,19,4,-129.159,6,-139.942,5,5,0,1,-999,-999,0
52.5,107,19,4,-129.159,1,-146.367,0,0,20,0,-999,-999,0
52.5,107,19,4,-129.159,3,-152.525,0,0,20,0,-999,-999,0
54.5,13,17,4,-119.985,2,-88.3725,4,4,20,0,-999,-999,0
54.5,13,17,4,-119.985,5,-121.999,3,3,10,1,-999,-999,0
54.5,13,17,4,-119.985,1,-128.695,0,0,20,0,-999,-999,0
54.5,13,17,4,-119.985,7,-135.226,4,4,0,1,-999,-999,0
54.5,13,17,4,-119.985,3,-143.585,0,0,20,0,-999,-999,0
54.5,13,17,4,-119.985,6,-162.529,5,5,0,1,-999,-999,0
54.5,26,32,6,-115.205,7,-133.288,4,4,0,1,-999,-999,0
54.5,26,32,6,-115.205,3,-141.901,0,0,20,0,-999,-999,0
54.5,26,32,6,-115.205,4,-143.183,4,4,20,0,-999,-999,0
54.5,26,32,6,-115.205,5,-146.113,3,3,10,1,-999,-999,0
54.5,26,32,6,-115.205,2,-147.856,4,4,20,0,-999,-999,0
54.5,26,32,6,-115.205,1,-155.582,0,0,20,0,-999,-999,0
54.5,29,42,7,-150.122,4,-129.887,4,4,20,0,-999,-999,0
54.5,29,42,7,-150.122,5,-142.151,3,3,10,1,-999,-999,0
54.5,29,42,7,-150.122,2,-149.568,4,4,20,0,-999,-999,0
54.5,29,42,7,-150.122,6,-154.144,5,5,0,1,-999,-999,0
54.5,29,42,7,-150.122,3,-164.112,0,0,20,0,-999,-999,0
54.5,29,42,7,-150.122,1,-167.556,0,0,20,0,-999,-999,0
54.5,32,36,5,-113.277,4,-100.302,4,4,20,0,-999,-999,4
54.5,32,36,5,-113.277,2,-110.95,4,4,20,0,-999,-999,4
54.5,32,36,5,-113.277,7,-115.665,4,4,0,1,-999,-999,4
54.5,32,36,5,-113.277,1,-139.869,0,0,20,0,-999,-999,4
54.5,32,36,5,-113.277,6,-140.448,5,5,0,1,-999,-999,4
54.5,32,36,5,-113.277,3,-144.38,0,0,20,0,-999,-999,4
54.5,36,18,4,-115.051,2,-116.429,4,4,20,0,-999,-999,0
54.5,36,18,4,-115.051,5,-118.117,3,3,10,1,-999,-999,0
54.5,36,18,4,-115.051,1,-128.341,0,0,20,0,-999,-999,0
54.5,36,18,4,-115.051,6,-130.184,5,5,0,1,-999,-999,0
54.5,36,18,4,-115.051,3,-143.917,0,0,20,0,-999,-999,0
54.5,36,18,4,-115.051,7,-152.997,4,4,0,1,-999,-999,0
54.5,38,18,2,-106.981,6,-98.7294,5,5,0,1,-999,-999,0
54.5,38,18,2,-106.981,5,-138.495,3,3,10,1,-999,-999,0
54.5,38,18,2,-106.981,1,-149.323,0,0,20,0,-999,-999,0
54.5,38,18,2,-106.981,4,-150.439,4,5,20,0,-999,-999,0
54.5,38,18,2,-106.981,3,-150.734,0,0,20,0,-999,-999,0
54.5,38,18,2,-106.981,7,-153.671,4,4,0,1,-999,-999,0
54.5,42,26,7,-127.437,4,-113.675,4,5,20,0,-999,-999,0
54.5,42,26,7,-127.437,2,-129.917,4,4,20,0,-999,-999,0
54.5,42,26,7,-127.437,5,-134.35,3,3,10,1,-999,-999,0
54.5,42,26,7,-127.437,1,-135.063,0,0,20,0,-999,-999,0
54.5,42,26,7,-127.437,3,-147.309,0,0,20,0,-999,-999,0
54.5,42,26,7,-127.437,6,-160.388,5,5,0,1,-999,-999,0
54.5,44,24,6,-122.098,4,-107.745,4,5,20,0,-999,-999,0
54.5,44,24,6,-122.098,5,-118.518,3,3,10,1,-999,-999,0
54.5,44,24,6,-122.098,7,-138.175,4,4,0,1,-999,-999,0
54.5,44,24,6,-122.098,2,-138.553,4,4,20,0,-999,-999,0
54.5,44,24,6,-122.098,3,-139.258,0,0,20,0,-999,-999,0
54.5,44,24,6,-122.098,1,-143.166,0,0,20,0,-999,-999,0
54.5,46,16,4,-118.18,2,-118.664,4,4,20,0,-999,-999,0
54.5,46,16,4,-118.18,7,-123.286,4,4,0,1,-999,-999,0
54.5,46,16,4,-118.18,5,-129.454,3,3,10,1,-999,-999,0
54.5,46,16,4,-118.18,1,-142.844,0,0,20,0,-999,-999,0
54.5,46,16,4,-118.18,6,-145.778,5,5,0,1,-999,-999,0
54.5,46,16,4,-118.18,3,-157.471,0,0,20,0,-999,-999,0
54.5,47,16,2,-106.875,5,-93.5328,3,3,10,1,-999,-999,0
54.5,47,16,2,-106.875,6,-102.668,5,5,0,1,-999,-999,0
54.5,47,16,2,-106.875,4,-123.757,4,5,20,0,-999,-999,0
54.5,47,16,2,-106.875,7,-132.211,4,4,0,1,-999,-999,0
54.5,47,16,2,-106.875,1,-136.63,0,0,20,0,-999,-999,0
54.5,47,16,2,-106.875,3,-145.435,0,0,20,0,-999,-999,0
54.5,50,17,2,-95.7047,4,-104.862,4,5,20,0,-999,-999,0
54.5,50,17,2,-95.7047,5,-105.388,3,3,10,1,-999,-999,0
54.5,50,17,2,-95.7047,3,-136.679,0,0,20,0,-999,-999,0
54.5,50,17,2,-95.7047,1,-144.936,0,0,20,0,-999,-999,0
54.5,50,17,2,-95.7047,7,-145.761,4,4,0,1,-999,-999,0
54.5,50,17,2,-95.7047,6,-149.983,5,5,0,1,-999,-999,0
54.5,54,25,7,-126.164,4,-145.393,4,5,20,0,-999,-999,0
54.5,54,25,7,-126.164,5,-146.542,3,3,10,1,-999,-999,0
54.5,54,25,7,-126.164,2,-150.077,4,4,20,0,-999,-999,0
54.5,54,25,7,-126.164,1,-155.966,0,0,20,0,-999,-999,0
54.5,54,25,7,-126.164,3,-165.747,0,0,20,0,-999,-999,0
54.5,54,25,7,-126.164,6,-170.194,5,5,0,1,-999,-999,0
54.5,56,20,2,-80.6983,4,-116.858,4,5,20,0,-999,-999,0
54.5,56,20,2,-80.6983,6,-117.724,5,5,0,1,-999,-999,0
54.5,56,20,2,-80.6983,7,-122.024,4,4,0,1,-999,-999,0
54.5,56,20,2,-80.6983,5,-123.19,3,3,10,1,-999,-999,0
54.5,56,20,2,-80.6983,1,-130.02,0,0,20,0,-999,-999,0
54.5,56,20,2,-80.6983,3,-131.248,0,0,20,0,-999,-999,0
54.5,58,34,7,-138.427,5,-114.054,3,3,10,1,-999,-999,0
54.5,58,34,7,-138.427,6,-141.264,5,5,0,1,-999,-999,0
54.5,58,34,7,-138.427,4,-141.426,4,5,20,0,-999,-999,0
54.5,58,34,7,-138.427,2,-149.864,4,4,20,0,-999,-999,0
54.5,58,34,7,-138.427,1,-156.825,0,0,20,0,-999,-999,0
54.5,58,34,7,-138.427,3,-166.436,0,0,20,0,-999,-999,0
54.5,70,48,6,-128.528,2,-107.959,4,4,20,0,-999,-999,0
54.5,70,48,6,-128.528,5,-109.414,3,3,10,1,-999,-999,0
54.5,70,48,6,-128.528,3,-128.469,0,0,20,0,-999,-999,0
54.5,70,48,6,-128.528,4,-132.242,4,5,20,0,-999,-999,0
54.5,70,48,6,-128.528,1,-149.06,0,0,20,0,-999,-999,0
54.5,70,48,6,-128.528,7,-155.028,4,4,0,1,-999,-999,0
54.5,86,37,5,-145.237,4,-114.859,4,5,20,0,-999,-999,0
54.5,86,37,5,-145.237,7,-143.44,4,4,0,1,-999,-999,0
54.5,86,37,5,-145.237,6,-150.323,5,5,0,1,-999,-999,0
54.5,86,37,5,-145.237,1,-159.128,0,0,20,0,-999,-999,0
54.5,86,37,5,-145.237,2,-162.343,4,4,20,0,-999,-999,0
54.5,86,37,5,-145.237,3,-170.672,0,0,20,0,-999,-999,0
54.5,89,40,6,-133.847,2,-131.692,4,4,20,0,-999,-999,0
54.5,89,40,6,-133.847,3,-134.496,0,0,20,0,-999,-999,0
54.5,89,40,6,-133.847,4,-134.776,4,5,20,0,-999,-999,0
54.5,89,40,6,-133.847,1,-135.009,0,0,20,0,-999,-999,0
54.5,89,40,6,-133.847,5,-141.778,3,3,10,1,-999,-999,0
54.5,89,40,6,-133.847,7,-141.789,4,4,0,1,-999,-999,0
54.5,98,35,5,-97.0931,4,-111.478,4,5,20,0,-999,-999,0
54.5,98,35,5,-97.0931,7,-129.363,4,4,0,1,-999,-999,0
54.5,98,35,5,-97.0931,2,-133.085,4,4,20,0,-999,-999,0
54.5,98,35,5,-97.0931,1,-136.257,0,0,20,0,-999,-999,0
54.5,98,35,5,-97.0931,6,-151.017,5,5,0,1,-999,-999,0
54.5,98,35,5,-97.0931,3,-153.961,0,0,20,0,-999,-999,0
54.5,100,16,6,-140.466,2,-132.699,4,4,20,0,-999,-999,0
54.5,100,16,6,-140.466,4,-141.388,4,5,20,0,-999,-999,0
54.5,100,16,6,-140.466,7,-146.361,4,4,0,1,-999,-999,0
54.5,100,16,6,-140.466,5,-148.326,3,3,10,1,-999,-999,0
54.5,100,16,6,-140.466,3,-164.611,0,0,20,0,-999,-999,0
54.5,100,16,6,-140.466,1,-169.27,0,0,20,0,-999,-999,0
54.5,107,19,4,-129.113,2,-132.071,4,4,20,0,-999,-999,0
54.5,107,19,4,-129.113,7,-137.886,4,4,0,1,-999,-999,0
54.5,107,19,4,-129.113,5,-138.433,3,3,10,1,-999,-999,0
54.5,107,19,4,-129.113,6,-141.831,5,5,0,1,-999,-999,0
54.5,107,19,4,-129.113,1,-154.519,0,0,20,0,-999,-999,0
54.5,107,19,4,-129.113,3,-155.142,0,0,20,0,-999,-999,0
56.5,13,17,4,-81.7101,5,-98.9558,2,2,10,1,-999,-999,0
56.5,13,17,4,-81.7101,2,-118.943,4,4,20,0,-999,-999,0
56.5,13,17,4,-81.7101,1,-127.108,0,0,20,0,-999,-999,0
56.5,13,17,4,-81.7101,7,-140.809,4,4,0,1,-999,-999,0
56.5,13,17,4,-81.7101,3,-143.331,0,0,20,0,-999,-999,0
56.5,13,17,4,-81.7101,6,-158.087,5,5,0,1,-999,-999,0
56.5,26,32,6,-84.2297,7,-118.854,4,4,0,1,-999,-999,0
56.5,26,32,6,-84.2297,4,-129.51,5,5,20,0,-999,-999,0
56.5,26,32,6,-84.2297,3,-137.641,0,0,20,0,-999,-999,0
56.5,26,32,6,-84.2297,2,-147.511,4,4,20,0,-999,-999,0
56.5,26,32,6,-84.2297,1,-149.679,0,0,20,0,-999,-999,0
56.5,26,32,6,-84.2297,5,-152.964,2,2,10,1,-999,-999,0
56.5,29,42,7,-144.507,4,-114.311,5,5,20,0,-999,-999,0
56.5,29,42,7,-144.507,5,-127.971,2,2,10,1,-999,-999,0
56.5,29,42,7,-144.507,6,-148.757,5,5,0,1,-999,-999,0
56.5,29,42,7,-144.507,2,-152.794,4,4,20,0,-999,-999,0
56.5,29,42,7,-144.507,1,-163.157,0,0,20,0,-999,-999,0
56.5,29,42,7,-144.507,3,-172.263,0,0,20,0,-999,-999,0
56.5,32,20,4,-121.223,5,-104.309,2,2,10,1,-999,-999,0
56.5,32,20,4,-121.223,2,-108.969,4,4,20,0,-999,-999,0
56.5,32,20,4,-121.223,1,-137.667,0,0,20,0,-999,-999,0
56.5,32,20,4,-121.223,3,-145.516,0,0,20,0,-999,-999,0
56.5,32,20,4,-121.223,6,-147.775,5,5,0,1,-999,-999,0
56.5,32,20,4,-121.223,7,-149.92,4,4,0,1,-999,-999,0
56.5,36,18,4,-82.1435,2,-110.391,4,4,20,0,-999,-999,0
56.5,36,18,4,-82.1435,5,-119.962,2,2,10,1,-999,-999,0
56.5,36,18,4,-82.1435,6,-131.913,5,5,0,1,-999,-999,0
56.5,36,18,4,-82.1435,1,-132.762,0,0,20,0,-999,-999,0
56.5,36,18,4,-82.1435,3,-142.698,0,0,20,0,-999,-999,0
56.5,36,18,4,-82.1435,7,-146.699,4,4,0,1,-999,-999,0
56.5,38,18,2,-147.081,6,-114.855,5,5,0,1,-999,-999,0
56.5,38,18,2,-147.081,5,-136.397,2,2,10,1,-999,-999,0
56.5,38,18,2,-147.081,4,-143.7,5,5,20,0,-999,-999,0
56.5,38,18,2,-147.081,7,-147.972,4,4,0,1,-999,-999,0
56.5,38,18,2,-147.081,1,-152.079,0,0,20,0,-999,-999,0
56.5,38,18,2,-147.081,3,-152.943,0,0,20,0,-999,-999,0
56.5,42,26,7,-130.063,5,-110.421,2,2,10,1,-999,-999,0
56.5,42,26,7,-130.063,6,-125.346,5,5,0,1,-999,-999,0
56.5,42,26,7,-130.063,4,-126.176,5,5,20,0,-999,-999,0
56.5,42,26,7,-130.063,2,-131.229,4,4,20,0,-999,-999,0
56.5,42,26,7,-130.063,1,-134.971,0,0,20,0,-999,-999,0
56.5,42,26,7,-130.063,3,-148.333,0,0,20,0,-999,-999,0
56.5,44,24,6,-130.135,4,-109.85,5,5,20,0,-999,-999,4
56.5,44,24,6,-130.135,5,-118.85,2,2,10,1,-999,-999,4
56.5,44,24,6,-130.135,3,-136.916,0,0,20,0,-999,-999,4
56.5,44,24,6,-130.135,2,-138.077,4,4,20,0,-999,-999,4
56.5,44,24,6,-130.135,7,-140.376,4,4,0,1,-999,-999,4
56.5,44,24,6,-130.135,1,-146.638,0,0,20,0,-999,-999,4
56.5,46,16,4,-93.1822,5,-92.8561,2,2,10,1,-999,-999,0
56.5,46,16,4,-93.1822,2,-126.592,4,4,20,0,-999,-999,0
56.5,46,16,4,-93.1822,7,-132.128,4,4,0,1,-999,-999,0
56.5,46,16,4,-93.1822,1,-142.68,0,0,20,0,-999,-999,0
56.5,46,16,4,-93.1822,6,-145.069,5,5,0,1,-999,-999,0
56.5,46,16,4,-93.1822,3,-155.661,0,0,20,0,-999,-999,0
56.5,47,16,2,-111.062,7,-98.7103,4,4,0,1,-999,-999,0
56.5,47,16,2,-111.062,5,-116.968,2,2,10,1,-999,-999,0
56.5,47,16,2,-111.062,4,-130.8,5,6,20,0,-999,-999,0
56.5,47,16,2,-111.062,1,-136.321,0,0,20,0,-999,-999,0
56.5,47,16,2,-111.062,6,-141.622,5,5,0,1,-999,-999,0
56.5,47,16,2,-111.062,3,-143.86,0,0,20,0,-999,-999,0
56.5,50,17,2,-65.3064,5,-79.2907,2,2,10,1,-999,-999,0
56.5,50,17,2,-65.3064,6,-120.704,5,5,0,1,-999,-999,0
56.5,50,17,2,-65.3064,7,-123.573,4,4,0,1,-999,-999,0
56.5,50,17,2,-65.3064,4,-124.483,5,6,20,0,-999,-999,0
56.5,50,17,2,-65.3064,1,-138.222,0,0,20,0,-999,-999,0
56.5,50,17,2,-65.3064,3,-144.453,0,0,20,0,-999,-999,0
56.5,54,25,7,-123.09,5,-132.408,2,2,10,1,-999,-999,0
56.5,54,25,7,-123.09,4,-137.111,5,6,20,0,-999,-999,0
56.5,54,25,7,-123.09,2,-142.184,4,4,20,0,-999,-999,0
56.5,54,25,7,-123.09,1,-155.422,0,0,20,0,-999,-999,0
56.5,54,25,7,-123.09,3,-160.535,0,0,20,0,-999,-999,0
56.5,54,25,7,-123.09,6,-166.806,5,5,0,1,-999,-999,0
56.5,56,20,2,-114.748,5,-123.856,2,2,10,1,-999,-999,0
56.5,56,20,2,-114.748,3,-126.036,0,0,20,0,-999,-999,0
56.5,56,20,2,-114.748,1,-130.566,0,0,20,0,-999,-999,0
56.5,56,20,2,-114.748,4,-131.791,5,6,20,0,-999,-999,0
56.5,56,20,2,-114.748,6,-143.758,5,5,0,1,-999,-999,0
56.5,56,20,2,-114.748,7,-146.948,4,4,0,1,-999,-999,0
56.5,58,34,7,-134.844,5,-141.749,2,2,10,1,-999,-999,0
56.5,58,34,7,-134.844,4,-143.71,5,6,20,0,-999,-999,0
56.5,58,34,7,-134.844,6,-149.817,5,5,0,1,-999,-999,0
56.5,58,34,7,-134.844,2,-150.098,4,4,20,0,-999,-999,0
56.5,58,34,7,-134.844,1,-157.693,0,0,20,0,-999,-999,0
56.5,58,34,7,-134.844,3,-166.536,0,0,20,0,-999,-999,0
56.5,70,48,6,-122.929,3,-125.684,0,0,20,0,-999,-999,0
56.5,70,48,6,-122.929,2,-139.071,4,4,20,0,-999,-999,0
56.5,70,48,6,-122.929,4,-141.267,5,6,20,0,-999,-999,0
56.5,70,48,6,-122.929,5,-142.598,2,2,10,1,-999,-999,0
56.5,70,48,6,-122.929,1,-149.198,0,0,20,0,-999,-999,0
56.5,70,48,6,-122.929,7,-157.36,4,4,0,1,-999,-999,0
56.5,86,37,5,-120.904,2,-122.506,4,4,20,0,-999,-999,0
56.5,86,37,5,-120.904,7,-144.213,4,4,0,1,-999,-999,0
56.5,86,37,5,-120.904,6,-151.554,5,5,0,1,-999,-999,0
56.5,86,37,5,-120.904,4,-153.566,5,6,20,0,-999,-999,0
56.5,86,37,5,-120.904,1,-169.092,0,0,20,0,-999,-999,0
56.5,86,37,5,-120.904,3,-171.488,0,0,20,0,-999,-999,0
56.5,89,40,6,-99.8104,7,-101.62,4,4,0,1,-999,-999,0
56.5,89,40,6,-99.8104,1,-134.067,0,0,20,0,-999,-999,0
56.5,89,40,6,-99.8104,4,-134.481,5,6,20,0,-999,-999,0
56.5,89,40,6,-99.8104,3,-136.638,0,0,20,0,-999,-999,0
56.5,89,40,6,-99.8104,2,-139.293,4,4,20,0,-999,-999,0
56.5,89,40,6,-99.8104,5,-141.195,2,2,10,1,-999,-999,0
56.5,98,35,5,-129.53,7,-91.0004,4,4,0,1,-999,-999,0
56.5,98,35,5,-129.53,4,-129.923,5,6,20,0,-999,-999,0
56.5,98,35,5,-129.53,2,-137.502,4,4,20,0,-999,-999,0
56.5,98,35,5,-129.53,1,-143.962,0,0,20,0,-999,-999,0
56.5,98,35,5,-129.53,3,-149.163,0,0,20,0,-999,-999,0
56.5,98,35,5,-129.53,6,-152.241,5,5,0,1,-999,-999,0
56.5,100,16,6,-97.7357,5,-147.743,2,2,10,1,-999,-999,0
56.5,100,16,6,-97.7357,4,-151.719,5,6,20,0,-999,-999,0
56.5,100,16,6,-97.7357,2,-155.374,4,4,20,0,-999,-999,0
56.5,100,16,6,-97.7357,3,-158.382,0,0,20,0,-999,-999,0
56.5,100,16,6,-97.7357,1,-162.43,0,0,20,0,-999,-999,0
56.5,100,16,6,-97.7357,7,-166.098,4,4,0,1,-999,-999,0
56.5,107,19,4,-121.628,6,-111.608,5,5,0,1,-999,-999,0
56.5,107,19,4,-121.628,5,-130.842,2,2,10,1,-999,-999,0
56.5,107,19,4,-121.628,2,-132.923,4,4,20,0,-999,-999,0
56.5,107,19,4,-121.628,7,-137.256,4,4,0,1,-999,-999,0
56.5,107,19,4,-121.628,1,-152.482,0,0,20,0,-999,-999,0
56.5,107,19,4,-121.628,3,-153.172,0,0,20,0,-999,-999,0
58.5,13,17,4,-114.94,5,-118.178,2,2,10,1,-999,-999,0
58.5,13,17,4,-114.94,2,-118.956,4,4,20,0,-999,-999,0
58.5,13,17,4,-114.94,1,-126.47,0,0,20,0,-999,-999,0
58.5,13,17,4,-114.94,7,-143.17,5,5,0,1,-999,-999,0
58.5,13,17,4,-114.94,3,-150.815,0,0,20,0,-999,-999,0
58.5,13,17,4,-114.94,6,-165.522,4,4,0,1,-999,-999,0
58.5,26,32,6,-109.116,7,-132.996,5,5,0,1,-999,-999,0
58.5,26,32,6,-109.116,3,-137.102,0,0,20,0,-999,-999,0
58.5,26,32,6,-109.116,1,-140.085,0,0,20,0,-999,-999,0
58.5,26,32,6,-109.116,2,-144.076,4,4,20,0,-999,-999,0
58.5,26,32,6,-109.116,5,-146.118,2,2,10,1,-999,-999,0
58.5,26,32,6,-109.116,4,-157.316,6,6,20,0,-999,-999,0
58.5,29,42,7,-141.249,4,-129.305,6,6,20,0,-999,-999,0
58.5,29,42,7,-141.249,5,-142.487,2,2,10,1,-999,-999,0
58.5,29,42,7,-141.249,2,-153.666,4,4,20,0,-999,-999,0
58.5,29,42,7,-141.249,6,-154.409,4,4,0,1,-999,-999,0
58.5,29,42,7,-141.249,3,-164.998,0,0,20,0,-999,-999,0
58.5,29,42,7,-141.249,1,-168.401,0,0,20,0,-999,-999,0
58.5,32,20,4,-94.8016,2,-107.308,4,4,20,0,-999,-999,0
58.5,32,20,4,-94.8016,5,-119.666,2,2,10,1,-999,-999,0
58.5,32,20,4,-94.8016,1,-139.002,0,0,20,0,-999,-999,0
58.5,32,20,4,-94.8016,7,-147.542,5,5,0,1,-999,-999,0
58.5,32,20,4,-94.8016,3,-148.083,0,0,20,0,-999,-999,0
58.5,32,20,4,-94.8016,6,-148.737,4,4,0,1,-999,-999,0
58.5,36,18,4,-89.3241,2,-99.056,4,4,20,0,-999,-999,0
58.5,36,18,4,-89.3241,5,-117.833,2,2,10,1,-999,-999,0
58.5,36,18,4,-89.3241,1,-131.799,0,0,20,0,-999,-999,0
58.5,36,18,4,-89.3241,6,-136.53,4,4,0,1,-999,-999,0
58.5,36,18,4,-89.3241,3,-137.753,0,0,20,0,-999,-999,0
58.5,36,18,4,-89.3241,7,-157.332,5,5,0,1,-999,-999,0
58.5,38,18,2,-141.492,4,-128.297,6,6,20,0,-999,-999,0
58.5,38,18,2,-141.492,6,-130.921,4,4,0,1,-999,-999,0
58.5,38,18,2,-141.492,5,-140.351,2,2,10,1,-999,-999,0
58.5,38,18,2,-141.492,7,-143.782,5,5,0,1,-999,-999,0
58.5,38,18,2,-141.492,3,-151.606,0,0,20,0,-999,-999,0
58.5,38,18,2,-141.492,1,-154.958,0,0,20,0,-999,-999,0
58.5,42,26,7,-123.619,4,-127.481,6,6,20,0,-999,-999,0
58.5,42,26,7,-123.619,5,-129.989,2,2,10,1,-999,-999,0
58.5,42,26,7,-123.619,2,-131.712,4,4,20,0,-999,-999,0
58.5,42,26,7,-123.619,1,-136.214,0,0,20,0,-999,-999,0
58.5,42,26,7,-123.619,3,-145.198,0,0,20,0,-999,-999,0
58.5,42,26,7,-123.619,6,-157.494,4,4,0,1,-999,-999,0
58.5,44,21,4,-139.579,6,-124.433,4,4,0,1,-999,-999,0
58.5,44,21,4,-139.579,7,-125.638,5,5,0,1,-999,-999,0
58.5,44,21,4,-139.579,3,-134.829,0,0,20,0,-999,-999,0
58.5,44,21,4,-139.579,2,-135.748,4,4,20,0,-999,-999,0
58.5,44,21,4,-139.579,5,-143.672,2,2,10,1,-999,-999,0
58.5,44,21,4,-139.579,1,-147.794,0,0,20,0,-999,-999,0
58.5,46,16,4,-118.576,5,-92.9415,2,2,10,1,-999,-999,0
58.5,46,16,4,-118.576,2,-106.57,4,4,20,0,-999,-999,0
58.5,46,16,4,-118.576,6,-127.738,4,4,0,1,-999,-999,0
58.5,46,16,4,-118.576,7,-142.502,5,5,0,1,-999,-999,0
58.5,46,16,4,-118.576,1,-146.828,0,0,20,0,-999,-999,0
58.5,46,16,4,-118.576,3,-154.063,0,0,20,0,-999,-999,0
58.5,47,16,2,-106.787,7,-100.151,5,5,0,1,-999,-999,0
58.5,47,16,2,-106.787,5,-119.183,2,2,10,1,-999,-999,0
58.5,47,16,2,-106.787,4,-122.838,6,6,20,0,-999,-999,0
58.5,47,16,2,-106.787,1,-139.488,0,0,20,0,-999,-999,0
58.5,47,16,2,-106.787,3,-140.135,0,0,20,0,-999,-999,0
58.5,47,16,2,-106.787,6,-143.034,4,4,0,1,-999,-999,0
58.5,50,17,2,-93.0487,5,-79.7875,2,2,10,1,-999,-999,0
58.5,50,17,2,-93.0487,6,-127.125,4,4,0,1,-999,-999,0
58.5,50,17,2,-93.0487,4,-130.594,6,6,20,0,-999,-999,0
58.5,50,17,2,-93.0487,3,-141.837,0,0,20,0,-999,-999,0
58.5,50,17,2,-93.0487,7,-142.447,5,5,0,1,-999,-999,0
58.5,50,17,2,-93.0487,1,-143.59,0,0,20,0,-999,-999,0
58.5,54,25,7,-126.423,2,-110.574,4,4,20,0,-999,-999,0
58.5,54,25,7,-126.423,4,-140.862,6,6,20,0,-999,-999,0
58.5,54,25,7,-126.423,6,-147.855,4,4,0,1,-999,-999,0
58.5,54,25,7,-126.423,5,-148.899,2,2,10,1,-999,-999,0
58.5,54,25,7,-126.423,1,-154.562,0,0,20,0,-999,-999,0
58.5,54,25,7,-126.423,3,-161.281,0,0,20,0,-999,-999,0
58.5,56,20,2,-101.782,5,-120.309,2,2,10,1,-999,-999,0
58.5,56,20,2,-101.782,3,-127.403,0,0,20,0,-999,-999,0
58.5,56,20,2,-101.782,1,-129.932,0,0,20,0,-999,-999,0
58.5,56,20,2,-101.782,4,-134.076,6,6,20,0,-999,-999,0
58.5,56,20,2,-101.782,6,-144.825,4,4,0,1,-999,-999,0
58.5,56,20,2,-101.782,7,-148.724,5,5,0,1,-999,-999,0
58.5,58,34,7,-138.336,4,-127.467,6,6,20,0,-999,-999,0
58.5,58,34,7,-138.336,2,-136.409,4,4,20,0,-999,-999,0
58.5,58,34,7,-138.336,5,-146.403,2,2,10,1,-999,-999,0
58.5,58,34,7,-138.336,6,-159.748,4,4,0,1,-999,-999,0
58.5,58,34,7,-138.336,3,-162.418,0,0,20,0,-999,-999,0
58.5,58,34,7,-138.336,1,-164.113,0,0,20,0,-999,-999,0
58.5,70,48,6,-110.723,3,-132.757,0,0,20,0,-999,-999,0
58.5,70,48,6,-110.723,7,-137.747,5,5,0,1,-999,-999,0
58.5,70,48,6,-110.723,2,-139.095,4,4,20,0,-999,-999,0
58.5,70,48,6,-110.723,5,-142.39,2,2,10,1,-999,-999,0
58.5,70,48,6,-110.723,4,-143.377,6,6,20,0,-999,-999,0
58.5,70,48,6,-110.723,1,-147.056,0,0,20,0,-999,-999,0
58.5,86,37,5,-109.41,7,-121.485,5,5,0,1,-999,-999,0
58.5,86,37,5,-109.41,6,-136.541,4,4,0,1,-999,-999,0
58.5,86,37,5,-109.41,2,-145.533,4,4,20,0,-999,-999,0
58.5,86,37,5,-109.41,4,-153.753,6,6,20,0,-999,-999,0
58.5,86,37,5,-109.41,1,-169.648,0,0,20,0,-999,-999,0
58.5,86,37,5,-109.41,3,-172.135,0,0,20,0,-999,-999,0
58.5,89,40,6,-132.267,2,-126.029,4,4,20,0,-999,-999,0
58.5,89,40,6,-132.267,1,-135.271,0,0,20,0,-999,-999,0
58.5,89,40,6,-132.267,4,-136.282,6,6,20,0,-999,-999,0
58.5,89,40,6,-132.267,3,-138.586,0,0,20,0,-999,-999,0
58.5,89,40,6,-132.267,7,-144.177,5,5,0,1,-999,-999,0
58.5,89,40,6,-132.267,5,-145.619,2,2,10,1,-999,-999,0
58.5,98,35,5,-132.741,4,-104.711,6,6,20,0,-999,-999,0
58.5,98,35,5,-132.741,7,-132.773,5,5,0,1,-999,-999,0
58.5,98,35,5,-132.741,2,-135.395,4,4,20,0,-999,-999,0
58.5,98,35,5,-132.741,1,-136.945,0,0,20,0,-999,-999,0
58.5,98,35,5,-132.741,3,-153.691,0,0,20,0,-999,-999,0
58.5,98,35,5,-132.741,6,-154.17,4,4,0,1,-999,-999,0
58.5,100,16,6,-137.944,5,-124.182,2,2,10,1,-999,-999,0
58.5,100,16,6,-137.944,4,-154.247,6,6,20,0,-999,-999,0
58.5,100,16,6,-137.944,7,-154.637,5,5,0,1,-999,-999,0
58.5,100,16,6,-137.944,2,-160.983,4,4,20,0,-999,-999,0
58.5,100,16,6,-137.944,3,-162.239,0,0,20,0,-999,-999,0
58.5,100,16,6,-137.944,1,-166.904,0,0,20,0,-999,-999,0
58.5,107,19,4,-108.666,5,-94.9601,2,2,10,1,-999,-999,0
58.5,107,19,4,-108.666,7,-135.264,5,5,0,1,-999,-999,0
58.5,107,19,4,-108.666,2,-135.922,4,4,20,0,-999,-999,0
58.5,107,19,4,-108.666,6,-141.336,4,4,0,1,-999,-999,0
58.5,107,19,4,-108.666,1,-151.58,0,0,20,0,-999,-999,0
58.5,107,19,4,-108.666,3,-154.042,0,0,20,0,-999,-999,0
60.5,13,17,4,-92.6412,2,-114.804,4,4,20,0,-999,-999,0
60.5,13,17,4,-92.6412,5,-124.724,3,3,10,1,-999,-999,0
60.5,13,17,4,-92.6412,1,-126.814,0,0,20,0,-999,-999,0
60.5,13,17,4,-92.6412,7,-137.54,5,5,0,1,-999,-999,0
60.5,13,17,4,-92.6412,3,-142.916,0,0,20,0,-999,-999,0
60.5,13,17,4,-92.6412,6,-163.164,5,5,0,1,-999,-999,0
60.5,22,58,7,-133.425,5,-123.788,3,3,10,1,-999,-999,0
60.5,22,58,7,-133.425,2,-131.539,4,4,20,0,-999,-999,0
60.5,22,58,7,-133.425,4,-132.487,6,6,20,0,-999,-999,0
60.5,22,58,7,-133.425,6,-150.071,5,5,0,1,-999,-999,0
60.5,22,58,7,-133.425,1,-153.328,0,0,20,0,-999,-999,0
60.5,22,58,7,-133.425,3,-154.055,0,0,20,0,-999,-999,0
60.5,26,32,6,-115.496,7,-123.987,5,5,0,1,-999,-999,0
60.5,26,32,6,-115.496,3,-134.962,0,0,20,0,-999,-999,0
60.5,26,32,6,-115.496,5,-147.267,3,3,10,1,-999,-999,0
60.5,26,32,6,-115.496,2,-149.445,4,4,20,0,-999,-999,0
60.5,26,32,6,-115.496,1,-158.766,0,0,20,0,-999,-999,0
60.5,26,32,6,-115.496,4,-159.283,6,6,20,0,-999,-999,0
60.5,29,42,7,-112.006,2,-119.899,4,4,20,0,-999,-999,0
60.5,29,42,7,-112.006,4,-141.345,6,6,20,0,-999,-999,0
60.5,29,42,7,-112.006,5,-146.882,3,3,10,1,-999,-999,0
60.5,29,42,7,-112.006,6,-152.65,5,5,0,1,-999,-999,0
60.5,29,42,7,-112.006,1,-165.845,0,0,20,0,-999,-999,0
60.5,29,42,7,-112.006,3,-169.246,0,0,20,0,-999,-999,0
60.5,32,20,4,-77.8305,2,-106.648,4,4,20,0,-999,-999,0
60.5,32,20,4,-77.8305,6,-112.09,5,5,0,1,-999,-999,0
60.5,32,20,4,-77.8305,5,-114.667,3,3,10,1,-999,-999,0
60.5,32,20,4,-77.8305,1,-136.4,0,0,20,0,-999,-999,0
60.5,32,20,4,-77.8305,7,-145.97,5,5,0,1,-999,-999,0
60.5,32,20,4,-77.8305,3,-149.586,0,0,20,0,-999,-999,0
60.5,36,18,4,-111.909,5,-96.7375,3,3,10,1,-999,-999,0
60.5,36,18,4,-111.909,2,-117.226,4,4,20,0,-999,-999,0
60.5,36,18,4,-111.909,1,-130.847,0,0,20,0,-999,-999,0
60.5,36,18,4,-111.909,3,-141.368,0,0,20,0,-999,-999,0
60.5,36,18,4,-111.909,7,-146.075,5,5,0,1,-999,-999,0
60.5,36,18,4,-111.909,6,-161.601,5,5,0,1,-999,-999,0
60.5,38,18,2,-106.588,6,-95.4726,5,5,0,1,-999,-999,0
60.5,38,18,2,-106.588,4,-109.013,6,6,20,0,-999,-999,0
60.5,38,18,2,-106.588,5,-127.175,3,3,10,1,-999,-999,0
60.5,38,18,2,-106.588,7,-146.826,5,5,0,1,-999,-999,0
60.5,38,18,2,-106.588,1,-152.7,0,0,20,0,-999,-999,0
60.5,38,18,2,-106.588,3,-155.799,0,0,20,0,-999,-999,0
60.5,42,26,7,-133.002,2,-93.1943,4,4,20,0,-999,-999,0
60.5,42,26,7,-133.002,4,-94.1529,6,6,20,0,-999,-999,0
60.5,42,26,7,-133.002,6,-116.71,5,5,0,1,-999,-999,0
60.5,42,26,7,-133.002,1,-133.606,0,0,20,0,-999,-999,0
60.5,42,26,7,-133.002,5,-142.53,3,3,10,1,-999,-999,0
60.5,42,26,7,-133.002,3,-151.23,0,0,20,0,-999,-999,0
60.5,44,21,4,-136.351,6,-86.5426,5,5,0,1,-999,-999,0
60.5,44,21,4,-136.351,2,-106.95,4,4,20,0,-999,-999,0
60.5,44,21,4,-136.351,3,-136.76,0,0,20,0,-999,-999,0
60.5,44,21,4,-136.351,7,-143.57,5,5,0,1,-999,-999,0
60.5,44,21,4,-136.351,1,-147.565,0,0,20,0,-999,-999,0
60.5,44,21,4,-136.351,5,-149.364,3,3,10,1,-999,-999,0
60.5,46,16,4,-126.506,5,-115.046,3,3,10,1,-999,-999,0
60.5,46,16,4,-126.506,2,-124.871,4,4,20,0,-999,-999,0
60.5,46,16,4,-126.506,7,-132.548,5,5,0,1,-999,-999,0
60.5,46,16,4,-126.506,1,-145.121,0,0,20,0,-999,-999,0
60.5,46,16,4,-126.506,6,-147.711,5,5,0,1,-999,-999,0
60.5,46,16,4,-126.506,3,-160.195,0,0,20,0,-999,-999,0
60.5,47,16,2,-103.718,6,-101.095,5,5,0,1,-999,-999,0
60.5,47,16,2,-103.718,5,-105.08,3,3,10,1,-999,-999,0
60.5,47,16,2,-103.718,7,-134.371,5,5,0,1,-999,-999,0
60.5,47,16,2,-103.718,4,-135.763,6,6,20,0,-999,-999,0
60.5,47,16,2,-103.718,1,-138.511,0,0,20,0,-999,-999,0
60.5,47,16,2,-103.718,3,-141.965,0,0,20,0,-999,-999,0
60.5,50,17,2,-96.6488,5,-82.8003,3,3,10,1,-999,-999,5
60.5,50,17,2,-96.6488,4,-126.423,6,6,20,0,-999,-999,5
60.5,50,17,2,-96.6488,3,-139.59,0,0,20,0,-999,-999,5
60.5,50,17,2,-96.6488,1,-143.725,0,0,20,0,-999,-999,5
60.5,50,17,2,-96.6488,6,-151.646,5,5,0,1,-999,-999,5
60.5,50,17,2,-96.6488,7,-154.598,5,5,0,1,-999,-999,5
60.5,54,25,7,-124.113,5,-109.776,3,4,10,1,-999,-999,0
60.5,54,25,7,-124.113,4,-138.07,6,6,20,0,-999,-999,0
60.5,54,25,7,-124.113,2,-141.656,4,4,20,0,-999,-999,0
60.5,54,25,7,-124.113,1,-155.09,0,0,20,0,-999,-999,0
60.5,54,25,7,-124.113,3,-166.04,0,0,20,0,-999,-999,0
60.5,54,25,7,-124.113,6,-173.612,5,5,0,1,-999,-999,0
60.5,56,20,2,-109.123,4,-99.1866,6,6,20,0,-999,-999,0
60.5,56,20,2,-109.123,5,-123.69,3,4,10,1,-999,-999,0
60.5,56,20,2,-109.123,1,-129.572,0,0,20,0,-999,-999,0
60.5,56,20,2,-109.123,3,-130.651,0,0,20,0,-999,-999,0
60.5,56,20,2,-109.123,7,-147.88,5,5,0,1,-999,-999,0
60.5,56,20,2,-109.123,6,-149.406,5,5,0,1,-999,-999,0
60.5,58,34,7,-126.802,5,-138.68,3,4,10,1,-999,-999,0
60.5,58,34,7,-126.802,4,-140.332,6,6,20,0,-999,-999,0
60.5,58,34,7,-126.802,6,-153.359,5,5,0,1,-999,-999,0
60.5,58,34,7,-126.802,1,-157.128,0,0,20,0,-999,-999,0
60.5,58,34,7,-126.802,2,-159.675,4,4,20,0,-999,-999,0
60.5,58,34,7,-126.802,3,-162.58,0,0,20,0,-999,-999,0
60.5,68,56,6,-90.1021,7,-127.819,5,5,0,1,-999,-999,0
60.5,68,56,6,-90.1021,2,-130.55,4,4,20,0,-999,-999,0
60.5,68,56,6,-90.1021,5,-133.545,3,4,10,1,-999,-999,0
60.5,68,56,6,-90.1021,1,-146.403,0,0,20,0,-999,-999,0
60.5,68,56,6,-90.1021,3,-148.991,0,0,20,0,-999,-999,0
60.5,68,56,6,-90.1021,4,-149.542,6,6,20,0,-999,-999,0
60.5,70,48,6,-125.589,5,-110.528,3,4,10,1,-999,-999,0
60.5,70,48,6,-125.589,3,-123.535,0,0,20,0,-999,-999,0
60.5,70,48,6,-125.589,4,-124.043,6,6,20,0,-999,-999,0
60.5,70,48,6,-125.589,2,-133.345,4,4,20,0,-999,-999,0
60.5,70,48,6,-125.589,1,-144.416,0,0,20,0,-999,-999,0
60.5,70,48,6,-125.589,7,-149.195,5,5,0,1,-999,-999,0
60.5,86,37,5,-149.206,7,-103.621,5,5,0,1,-999,-999,0
60.5,86,37,5,-149.206,4,-152.35,6,6,20,0,-999,-999,0
60.5,86,37,5,-149.206,6,-154.913,5,5,0,1,-999,-999,0
60.5,86,37,5,-149.206,2,-160.803,4,4,20,0,-999,-999,0
60.5,86,37,5,-149.206,1,-165.403,0,0,20,0,-999,-999,0
60.5,86,37,5,-149.206,3,-168.295,0,0,20,0,-999,-999,0
60.5,89,40,6,-137.515,2,-130.756,4,4,20,0,-999,-999,0
60.5,89,40,6,-137.515,3,-136.77,0,0,20,0,-999,-999,0
60.5,89,40,6,-137.515,4,-139.047,6,6,20,0,-999,-999,0
60.5,89,40,6,-137.515,1,-141.85,0,0,20,0,-999,-999,0
60.5,89,40,6,-137.515,5,-143.476,3,4,10,1,-999,-999,0
60.5,89,40,6,-137.515,7,-146.097,5,5,0,1,-999,-999,0
60.5,95,45,5,-142.764,4,-98.7675,6,6,20,0,-999,-999,0
60.5,95,45,5,-142.764,2,-131.377,4,4,20,0,-999,-999,0
60.5,95,45,5,-142.764,6,-140.189,5,5,0,1,-999,-999,0
60.5,95,45,5,-142.764,7,-141.521,5,5,0,1,-999,-999,0
60.5,95,45,5,-142.764,3,-146.992,0,0,20,0,-999,-999,0
60.5,95,45,5,-142.764,1,-154.437,0,0,20,0,-999,-999,0
60.5,98,35,5,-119.962,4,-92.1151,6,6,20,0,-999,-999,4
60.5,98,35,5,-119.962,2,-131.019,4,4,20,0,-999,-999,4
60.5,98,35,5,-119.962,7,-132.783,5,5,0,1,-999,-999,4
60.5,98,35,5,-119.962,1,-137.217,0,0,20,0,-999,-999,4
60.5,98,35,5,-119.962,6,-143.075,5,5,0,1,-999,-999,4
60.5,98,35,5,-119.962,3,-153.498,0,0,20,0,-999,-999,4
60.5,100,16,6,-139.451,4,-126.744,6,7,20,0,-999,-999,0
60.5,100,16,6,-139.451,5,-157.033,3,4,10,1,-999,-999,0
60.5,100,16,6,-139.451,2,-157.895,4,4,20,0,-999,-999,0
60.5,100,16,6,-139.451,7,-159.371,5,5,0,1,-999,-999,0
60.5,100,16,6,-139.451,3,-162.202,0,0,20,0,-999,-999,0
60.5,100,16,6,-139.451,1,-168.5,0,0,20,0,-999,-999,0
60.5,107,19,4,-131.893,2,-92.0168,4,4,20,0,-999,-999,0
60.5,107,19,4,-131.893,5,-118.041,3,4,10,1,-999,-999,0
60.5,107,19,4,-131.893,7,-137.631,5,5,0,1,-999,-999,0
60.5,107,19,4,-131.893,6,-143.812,5,5,0,1,-999,-999,0
60.5,107,19,4,-131.893,1,-153.163,0,0,20,0,-999,-999,0
60.5,107,19,4,-131.893,3,-158.628,0,0,20,0,-999,-999,0
62.5,13,17,4,-91.7614,2,-83.2984,3,3,20,0,-999,-999,0
62.5,13,17,4,-91.7614,5,-99.6789,3,3,10,1,-999,-999,0
62.5,13,17,4,-91.7614,1,-117.52,1,1,20,0,-999,-999,0
62.5,13,17,4,-91.7614,3,-139.782,0,0,20,0,-999,-999,0
62.5,13,17,4,-91.7614,7,-143.317,5,5,0,1,-999,-999,0
62.5,13,17,4,-91.7614,6,-163.732,5,5,0,1,-999,-999,0
62.5,22,58,7,-126.211,4,-114.776,7,7,20,0,-999,-999,0
62.5,22,58,7,-126.211,1,-135.139,1,1,20,0,-999,-999,0
62.5,22,58,7,-126.211,2,-136.095,3,3,20,0,-999,-999,0
62.5,22,58,7,-126.211,5,-145.53,3,3,10,1,-999,-999,0
62.5,22,58,7,-126.211,6,-148.976,5,5,0,1,-999,-999,0
62.5,22,58,7,-126.211,3,-160.156,0,0,20,0,-999,-999,0
62.5,26,32,6,-101.883,7,-123.91,5,5,0,1,-999,-999,0
62.5,26,32,6,-101.883,4,-132.014,7,7,20,0,-999,-999,0
62.5,26,32,6,-101.883,3,-138.277,0,0,20,0,-999,-999,0
62.5,26,32,6,-101.883,1,-138.932,1,1,20,0,-999,-999,0
62.5,26,32,6,-101.883,2,-142.589,3,3,20,0,-999,-999,0
62.5,26,32,6,-101.883,5,-149.001,3,3,10,1,-999,-999,0
62.5,29,42,7,-140.467,6,-114.444,5,5,0,1,-999,-999,0
62.5,29,42,7,-140.467,4,-126.976,7,7,20,0,-999,-999,0
62.5,29,42,7,-140.467,5,-142.093,3,3,10,1,-999,-999,0
62.5,29,42,7,-140.467,1,-145.922,1,1,20,0,-999,-999,0
62.5,29,42,7,-140.467,2,-161.201,3,3,20,0,-999,-999,0
62.5,29,42,7,-140.467,3,-166.386,0,0,20,0,-999,-999,0
62.5,32,20,4,-114.335,2,-112.838,3,3,20,0,-999,-999,0
62.5,32,20,4,-114.335,5,-115.209,3,3,10,1,-999,-999,0
62.5,32,20,4,-114.335,1,-128.526,1,1,20,0,-999,-999,0
62.5,32,20,4,-114.335,6,-135.583,5,5,0,1,-999,-999,0
62.5,32,20,4,-114.335,3,-144.247,0,0,20,0,-999,-999,0
62.5,32,20,4,-114.335,7,-148.187,5,5,0,1,-999,-999,0
62.5,36,18,4,-117.724,5,-105.161,3,3,10,1,-999,-999,5
62.5,36,18,4,-117.724,2,-115.843,3,3,20,0,-999,-999,5
62.5,36,18,4,-117.724,1,-122.834,1,1,20,0,-999,-999,5
62.5,36,18,4,-117.724,3,-142.716,0,0,20,0,-999,-999,5
62.5,36,18,4,-117.724,6,-148.813,5,5,0,1,-999,-999,5
62.5,36,18,4,-117.724,7,-155.367,5,5,0,1,-999,-999,5
62.5,38,18,2,-140.963,6,-121.751,5,5,0,1,-999,-999,0
62.5,38,18,2,-140.963,1,-130.647,1,1,20,0,-999,-999,0
62.5,38,18,2,-140.963,5,-138.458,3,4,10,1,-999,-999,0
62.5,38,18,2,-140.963,4,-143.041,7,7,20,0,-999,-999,0
62.5,38,18,2,-140.963,7,-145.012,5,5,0,1,-999,-999,0
62.5,38,18,2,-140.963,3,-155.078,0,0,20,0,-999,-999,0
62.5,42,26,7,-96.2743,4,-94.3931,7,7,20,0,-999,-999,0
62.5,42,26,7,-96.2743,5,-112.337,3,4,10,1,-999,-999,0
62.5,42,26,7,-96.2743,2,-125.23,3,3,20,0,-999,-999,0
62.5,42,26,7,-96.2743,1,-127.986,1,1,20,0,-999,-999,0
62.5,42,26,7,-96.2743,3,-145.635,0,0,20,0,-999,-999,0
62.5,42,26,7,-96.2743,6,-155.357,5,5,0,1,-999,-999,0
62.5,44,21,4,-134.798,5,-110.406,3,4,10,1,-999,-999,0
62.5,44,21,4,-134.798,6,-125.16,5,5,0,1,-999,-999,0
62.5,44,21,4,-134.798,1,-129.832,1,1,20,0,-999,-999,0
62.5,44,21,4,-134.798,3,-134.057,0,0,20,0,-999,-999,0
62.5,44,21,4,-134.798,2,-137.594,3,3,20,0,-999,-999,0
62.5,44,21,4,-134.798,7,-140.673,5,5,0,1,-999,-999,0
62.5,46,16,4,-78.9688,5,-128.781,3,4,10,1,-999,-999,0
62.5,46,16,4,-78.9688,2,-128.909,3,3,20,0,-999,-999,0
62.5,46,16,4,-78.9688,1,-132.956,1,1,20,0,-999,-999,0
62.5,46,16,4,-78.9688,7,-137.613,5,5,0,1,-999,-999,0
62.5,46,16,4,-78.9688,6,-146.513,5,5,0,1,-999,-999,0
62.5,46,16,4,-78.9688,3,-157.1,0,0,20,0,-999,-999,0
62.5,47,16,2,-106.462,5,-84.5033,3,4,10,1,-999,-999,0
62.5,47,16,2,-106.462,1,-90.0586,1,1,20,0,-999,-999,0
62.5,47,16,2,-106.462,6,-126.151,5,5,0,1,-999,-999,0
62.5,47,16,2,-106.462,4,-133.826,7,7,20,0,-999,-999,0
62.5,47,16,2,-106.462,7,-142.582,5,5,0,1,-999,-999,0
62.5,47,16,2,-106.462,3,-142.736,0,0,20,0,-999,-999,0
62.5,50,46,5,-122.091,2,-92.0668,3,3,20,0,-999,-999,0
62.5,50,46,5,-122.091,4,-129.91,7,7,20,0,-999,-999,0
62.5,50,46,5,-122.091,1,-135.856,1,1,20,0,-999,-999,0
62.5,50,46,5,-122.091,3,-139.719,0,0,20,0,-999,-999,0
62.5,50,46,5,-122.091,6,-150.923,5,5,0,1,-999,-999,0
62.5,50,46,5,-122.091,7,-153.552,5,5,0,1,-999,-999,0
62.5,54,25,7,-131.648,1,-105.045,1,1,20,0,-999,-999,0
62.5,54,25,7,-131.648,2,-109.344,3,3,20,0,-999,-999,0
62.5,54,25,7,-131.648,4,-140.521,7,7,20,0,-999,-999,0
62.5,54,25,7,-131.648,5,-149.942,3,4,10,1,-999,-999,0
62.5,54,25,7,-131.648,3,-163.09,0,0,20,0,-999,-999,0
62.5,54,25,7,-131.648,6,-173.424,5,5,0,1,-999,-999,0
62.5,56,20,2,-118.246,1,-95.9482,1,1,20,0,-999,-999,0
62.5,56,20,2,-118.246,5,-100.035,3,4,10,1,-999,-999,0
62.5,56,20,2,-118.246,7,-116.228,5,5,0,1,-999,-999,0
62.5,56,20,2,-118.246,4,-118.25,7,7,20,0,-999,-999,0
62.5,56,20,2,-118.246,3,-133.848,0,0,20,0,-999,-999,0
62.5,56,20,2,-118.246,6,-153.761,5,5,0,1,-999,-999,0
62.5,58,34,7,-98.9686,2,-112.968,3,3,20,0,-999,-999,0
62.5,58,34,7,-98.9686,5,-137.389,3,4,10,1,-999,-999,0
62.5,58,34,7,-98.9686,4,-144.225,7,7,20,0,-999,-999,0
62.5,58,34,7,-98.9686,1,-152.951,1,1,20,0,-999,-999,0
62.5,58,34,7,-98.9686,6,-157.568,5,5,0,1,-999,-999,0
62.5,58,34,7,-98.9686,3,-166.857,0,0,20,0,-999,-999,0
62.5,68,56,6,-124.368,1,-113.407,1,1,20,0,-999,-999,0
62.5,68,56,6,-124.368,5,-116.087,3,4,10,1,-999,-999,0
62.5,68,56,6,-124.368,4,-132.688,7,7,20,0,-999,-999,0
62.5,68,56,6,-124.368,2,-137.83,3,3,20,0,-999,-999,0
62.5,68,56,6,-124.368,3,-143.015,0,0,20,0,-999,-999,0
62.5,68,56,6,-124.368,7,-151.316,5,5,0,1,-999,-999,0
62.5,70,48,6,-123.432,3,-127.33,0,0,20,0,-999,-999,0
62.5,70,48,6,-123.432,4,-133.632,7,7,20,0,-999,-999,0
62.5,70,48,6,-123.432,1,-137.652,1,1,20,0,-999,-999,0
62.5,70,48,6,-123.432,2,-138.637,3,3,20,0,-999,-999,0
62.5,70,48,6,-123.432,5,-148.438,3,4,10,1,-999,-999,0
62.5,70,48,6,-123.432,7,-149.069,5,5,0,1,-999,-999,0
62.5,80,8,1,-110.674,5,-94.2014,3,4,10,1,-999,-999,0
62.5,80,8,1,-110.674,4,-104.131,7,7,20,0,-999,-999,0
62.5,80,8,1,-110.674,6,-108.124,5,5,0,1,-999,-999,0
62.5,80,8,1,-110.674,2,-119.67,3,3,20,0,-999,-999,0
62.5,80,8,1,-110.674,3,-136.297,0,0,20,0,-999,-999,0
62.5,80,8,1,-110.674,7,-139.935,5,5,0,1,-999,-999,0
62.5,86,37,5,-149.676,7,-142.942,5,5,0,1,-999,-999,0
62.5,86,37,5,-149.676,6,-148.401,5,5,0,1,-999,-999,0
62.5,86,37,5,-149.676,1,-149.403,1,1,20,0,-999,-999,0
62.5,86,37,5,-149.676,4,-158.237,7,7,20,0,-999,-999,0
62.5,86,37,5,-149.676,2,-165.765,3,3,20,0,-999,-999,0
62.5,86,37,5,-149.676,3,-171.347,0,0,20,0,-999,-999,0
62.5,89,40,6,-129.284,4,-122.792,7,7,20,0,-999,-999,0
62.5,89,40,6,-129.284,1,-123.935,1,1,20,0,-999,-999,0
62.5,89,40,6,-129.284,5,-127.7,3,4,10,1,-999,-999,0
62.5,89,40,6,-129.284,7,-133.231,5,5,0,1,-999,-999,0
62.5,89,40,6,-129.284,3,-138.244,0,0,20,0,-999,-999,0
62.5,89,40,6,-129.284,2,-141.674,3,3,20,0,-999,-999,0
62.5,95,45,5,-139.538,4,-108.529,7,7,20,0,-999,-999,4
62.5,95,45,5,-139.538,2,-129.848,3,3,20,0,-999,-999,4
62.5,95,45,5,-139.538,1,-133.559,1,1,20,0,-999,-999,4
62.5,95,45,5,-139.538,7,-136.909,5,5,0,1,-999,-999,4
62.5,95,45,5,-139.538,6,-140.634,5,5,0,1,-999,-999,4
62.5,95,45,5,-139.538,3,-141.532,0,0,20,0,-999,-999,4
62.5,98,22,4,-115.264,6,-113.621,5,5,0,1,-999,-999,0
62.5,98,22,4,-115.264,5,-118.142,3,4,10,1,-999,-999,0
62.5,98,22,4,-115.264,1,-128.016,1,1,20,0,-999,-999,0
62.5,98,22,4,-115.264,7,-129.214,5,5,0,1,-999,-999,0
62.5,98,22,4,-115.264,2,-130.888,3,3,20,0,-999,-999,0
62.5,98,22,4,-115.264,3,-155.068,0,0,20,0,-999,-999,0
62.5,100,16,6,-133.51,7,-146.447,5,5,0,1,-999,-999,0
62.5,100,16,6,-133.51,5,-150.083,3,4,10,1,-999,-999,0
62.5,100,16,6,-133.51,2,-151.831,3,3,20,0,-999,-999,0
62.5,100,16,6,-133.51,4,-152.558,7,8,20,0,-999,-999,0
62.5,100,16,6,-133.51,1,-156.568,1,1,20,0,-999,-999,0
62.5,100,16,6,-133.51,3,-158.651,0,0,20,0,-999,-999,0
62.5,107,19,4,-130.839,1,-100.824,1,1,20,0,-999,-999,0
62.5,107,19,4,-130.839,5,-108.319,3,4,10,1,-999,-999,0
62.5,107,19,4,-130.839,2,-126.718,3,3,20,0,-999,-999,0
62.5,107,19,4,-130.839,6,-138.274,5,5,0,1,-999,-999,0
62.5,107,19,4,-130.839,7,-145.192,5,5,0,1,-999,-999,0
62.5,107,19,4,-130.839,3,-155.685,0,0,20,0,-999,-999,0
64.5,13,17,4,-109.614,1,-101.848,1,1,20,0,-999,-999,0
64.5,13,17,4,-109.614,5,-121.057,3,3,10,1,-999,-999,0
64.5,13,17,4,-109.614,2,-122.201,3,3,20,0,-999,-999,0
64.5,13,17,4,-109.614,7,-134.271,5,5,0,1,-999,-999,0
64.5,13,17,4,-109.614,3,-145.358,0,0,20,0,-999,-999,0
64.5,13,17,4,-109.614,6,-160.88,5,5,0,1,-999,-999,0
64.5,22,58,7,-128.789,2,-120.545,3,3,20,0,-999,-999,0
64.5,22,58,7,-128.789,4,-130.705,7,7,20,0,-999,-999,0
64.5,22,58,7,-128.789,5,-137.681,3,3,10,1,-999,-999,0
64.5,22,58,7,-128.789,1,-138.942,1,1,20,0,-999,-999,0
64.5,22,58,7,-128.789,6,-153.724,5,5,0,1,-999,-999,0
64.5,22,58,7,-128.789,3,-160.402,0,0,20,0,-999,-999,0
64.5,26,32,6,-109.97,4,-117.182,7,7,20,0,-999,-999,0
64.5,26,32,6,-109.97,2,-125.846,3,3,20,0,-999,-999,0
64.5,26,32,6,-109.97,5,-129.169,3,3,10,1,-999,-999,0
64.5,26,32,6,-109.97,1,-136.76,1,1,20,0,-999,-999,0
64.5,26,32,6,-109.97,3,-140.23,0,0,20,0,-999,-999,0
64.5,26,32,6,-109.97,7,-155.24,5,5,0,1,-999,-999,0
64.5,29,42,7,-144.917,1,-130.646,1,1,20,0,-999,-999,0
64.5,29,42,7,-144.917,5,-140.653,3,3,10,1,-999,-999,0
64.5,29,42,7,-144.917,4,-143.684,7,7,20,0,-999,-999,0
64.5,29,42,7,-144.917,2,-156.167,3,3,20,0,-999,-999,0
64.5,29,42,7,-144.917,6,-158.647,5,5,0,1,-999,-999,0
64.5,29,42,7,-144.917,3,-167.739,0,0,20,0,-999,-999,0
64.5,32,20,4,-80.7753,2,-86.7321,3,3,20,0,-999,-999,0
64.5,32,20,4,-80.7753,1,-117.239,1,1,20,0,-999,-999,0
64.5,32,20,4,-80.7753,5,-122.137,3,3,10,1,-999,-999,0
64.5,32,20,4,-80.7753,7,-136.549,5,5,0,1,-999,-999,0
64.5,32,20,4,-80.7753,3,-148.415,0,0,20,0,-999,-999,0
64.5,32,20,4,-80.7753,6,-150.886,5,5,0,1,-999,-999,0
64.5,36,47,5,-104.703,2,-100.177,3,3,20,0,-999,-999,0
64.5,36,47,5,-104.703,4,-117.083,7,7,20,0,-999,-999,0
64.5,36,47,5,-104.703,1,-125.759,1,1,20,0,-999,-999,0
64.5,36,47,5,-104.703,3,-140.43,0,0,20,0,-999,-999,0
64.5,36,47,5,-104.703,6,-146.272,5,5,0,1,-999,-999,0
64.5,36,47,5,-104.703,7,-153.827,5,5,0,1,-999,-999,0
64.5,38,18,2,-136.091,6,-117.558,5,5,0,1,-999,-999,0
64.5,38,18,2,-136.091,1,-137.001,1,1,20,0,-999,-999,0
64.5,38,18,2,-136.091,4,-145.133,7,7,20,0,-999,-999,0
64.5,38,18,2,-136.091,5,-146.887,3,3,10,1,-999,-999,0
64.5,38,18,2,-136.091,7,-147.977,5,5,0,1,-999,-999,0
64.5,38,18,2,-136.091,3,-151.858,0,0,20,0,-999,-999,0
64.5,42,26,7,-115.879,1,-120.335,1,1,20,0,-999,-999,0
64.5,42,26,7,-115.879,2,-126.264,3,3,20,0,-999,-999,0
64.5,42,26,7,-115.879,4,-128.757,7,7,20,0,-999,-999,0
64.5,42,26,7,-115.879,5,-135.589,3,3,10,1,-999,-999,0
64.5,42,26,7,-115.879,3,-146.324,0,0,20,0,-999,-999,0
64.5,42,26,7,-115.879,6,-160.984,5,5,0,1,-999,-999,0
64.5,44,21,4,-136.839,6,-114.67,5,5,0,1,-999,-999,0
64.5,44,21,4,-136.839,5,-121.925,3,3,10,1,-999,-999,0
64.5,44,21,4,-136.839,1,-124.35,1,1,20,0,-999,-999,0
64.5,44,21,4,-136.839,2,-131.129,3,3,20,0,-999,-999,0
64.5,44,21,4,-136.839,3,-138.111,0,0,20,0,-999,-999,0
64.5,44,21,4,-136.839,7,-139.875,5,5,0,1,-999,-999,0
64.5,46,16,4,-79.7408,5,-112.313,3,3,10,1,-999,-999,0
64.5,46,16,4,-79.7408,6,-121.095,5,5,0,1,-999,-999,0
64.5,46,16,4,-79.7408,2,-130.267,3,3,20,0,-999,-999,0
64.5,46,16,4,-79.7408,7,-135.416,5,5,0,1,-999,-999,0
64.5,46,16,4,-79.7408,1,-136.161,1,1,20,0,-999,-999,0
64.5,46,16,4,-79.7408,3,-155.016,0,0,20,0,-999,-999,0
64.5,47,16,2,-93.789,5,-105.082,3,3,10,1,-999,-999,0
64.5,47,16,2,-93.789,4,-108.851,7,7,20,0,-999,-999,0
64.5,47,16,2,-93.789,1,-124.185,1,1,20,0,-999,-999,0
64.5,47,16,2,-93.789,7,-137.202,5,5,0,1,-999,-999,0
64.5,47,16,2,-93.789,6,-139.656,5,5,0,1,-999,-999,0
64.5,47,16,2,-93.789,3,-144.052,0,0,20,0,-999,-999,0
64.5,50,46,5,-116.628,2,-78.3981,3,3,20,0,-999,-999,2
64.5,50,46,5,-116.628,4,-127.644,7,7,20,0,-999,-999,2
64.5,50,46,5,-116.628,3,-140.085,0,0,20,0,-999,-999,2
64.5,50,46,5,-116.628,1,-140.94,1,1,20,0,-999,-999,2
64.5,50,46,5,-116.628,6,-151.304,5,5,0,1,-999,-999,2
64.5,50,46,5,-116.628,7,-159.021,5,5,0,1,-999,-999,2
64.5,54,25,7,-114.984,2,-109.176,3,4,20,0,-999,-999,0
64.5,54,25,7,-114.984,1,-121.863,1,1,20,0,-999,-999,0
64.5,54,25,7,-114.984,4,-136.844,7,7,20,0,-999,-999,0
64.5,54,25,7,-114.984,5,-140.742,3,3,10,1,-999,-999,0
64.5,54,25,7,-114.984,3,-163.845,0,0,20,0,-999,-999,0
64.5,54,25,7,-114.984,6,-175.964,5,5,0,1,-999,-999,0
64.5,56,20,2,-114.715,5,-106.092,3,3,10,1,-999,-999,1
64.5,56,20,2,-114.715,1,-106.749,1,1,20,0,-999,-999,1
64.5,56,20,2,-114.715,6,-118.482,5,5,0,1,-999,-999,1
64.5,56,20,2,-114.715,3,-129.255,0,0,20,0,-999,-999,1
64.5,56,20,2,-114.715,4,-133.109,7,7,20,0,-999,-999,1
64.5,56,20,2,-114.715,7,-148.553,5,5,0,1,-999,-999,1
64.5,58,34,7,-117.982,1,-130.85,1,2,20,0,-999,-999,0
64.5,58,34,7,-117.982,5,-141.112,3,3,10,1,-999,-999,0
64.5,58,34,7,-117.982,4,-144.016,7,7,20,0,-999,-999,0
64.5,58,34,7,-117.982,2,-150.812,3,4,20,0,-999,-999,0
64.5,58,34,7,-117.982,6,-153.531,5,5,0,1,-999,-999,0
64.5,58,34,7,-117.982,3,-162.904,0,0,20,0,-999,-999,0
64.5,68,56,6,-130.311,5,-100.116,3,3,10,1,-999,-999,0
64.5,68,56,6,-130.311,4,-109.874,7,7,20,0,-999,-999,0
64.5,68,56,6,-130.311,1,-126.406,1,2,20,0,-999,-999,0
64.5,68,56,6,-130.311,2,-130.997,3,4,20,0,-999,-999,0
64.5,68,56,6,-130.311,7,-140.584,5,5,0,1,-999,-999,0
64.5,68,56,6,-130.311,3,-144.012,0,0,20,0,-999,-999,0
64.5,70,48,6,-103.773,3,-127.636,0,0,20,0,-999,-999,0
64.5,70,48,6,-103.773,7,-137.391,5,5,0,1,-999,-999,0
64.5,70,48,6,-103.773,2,-138.031,3,4,20,0,-999,-999,0
64.5,70,48,6,-103.773,1,-144.606,1,2,20,0,-999,-999,0
64.5,70,48,6,-103.773,4,-147.881,7,7,20,0,-999,-999,0
64.5,70,48,6,-103.773,5,-148.476,3,3,10,1,-999,-999,0
64.5,80,8,1,-100.093,4,-126.372,7,7,20,0,-999,-999,0
64.5,80,8,1,-100.093,2,-126.585,3,4,20,0,-999,-999,0
64.5,80,8,1,-100.093,5,-128.502,3,3,10,1,-999,-999,0
64.5,80,8,1,-100.093,3,-139.301,0,0,20,0,-999,-999,0
64.5,80,8,1,-100.093,7,-139.907,5,5,0,1,-999,-999,0
64.5,80,8,1,-100.093,6,-145.39,5,5,0,1,-999,-999,0
64.5,86,37,5,-146.791,7,-120.702,5,5,0,1,-999,-999,0
64.5,86,37,5,-146.791,2,-142.398,3,4,20,0,-999,-999,0
64.5,86,37,5,-146.791,6,-152.636,5,5,0,1,-999,-999,0
64.5,86,37,5,-146.791,1,-153.613,1,2,20,0,-999,-999,0
64.5,86,37,5,-146.791,4,-157.52,7,7,20,0,-999,-999,0
64.5,86,37,5,-146.791,3,-170.448,0,0,20,0,-999,-999,0
64.5,89,40,6,-105.558,1,-83.4642,1,2,20,0,-999,-999,0
64.5,89,40,6,-105.558,5,-129.015,3,3,10,1,-999,-999,0
64.5,89,40,6,-105.558,2,-129.199,3,4,20,0,-999,-999,0
64.5,89,40,6,-105.558,3,-130.753,0,0,20,0,-999,-999,0
64.5,89,40,6,-105.558,7,-140.253,5,5,0,1,-999,-999,0
64.5,89,40,6,-105.558,4,-142.79,7,7,20,0,-999,-999,0
64.5,95,23,4,-137.575,5,-109.486,3,3,10,1,-999,-999,0
64.5,95,23,4,-137.575,2,-126.374,3,4,20,0,-999,-999,0
64.5,95,23,4,-137.575,7,-139.507,5,5,0,1,-999,-999,0
64.5,95,23,4,-137.575,1,-141.79,1,2,20,0,-999,-999,0
64.5,95,23,4,-137.575,3,-145.375,0,0,20,0,-999,-999,0
64.5,95,23,4,-137.575,6,-146.094,5,5,0,1,-999,-999,0
64.5,98,22,4,-125.616,1,-110.773,1,2,20,0,-999,-999,0
64.5,98,22,4,-125.616,6,-114.258,5,5,0,1,-999,-999,0
64.5,98,22,4,-125.616,7,-126.158,5,5,0,1,-999,-999,0
64.5,98,22,4,-125.616,2,-127.38,3,4,20,0,-999,-999,0
64.5,98,22,4,-125.616,5,-133.583,3,3,10,1,-999,-999,0
64.5,98,22,4,-125.616,3,-140.392,0,0,20,0,-999,-999,0
64.5,100,16,6,-132.425,2,-138.861,3,4,20,0,-999,-999,0
64.5,100,16,6,-132.425,1,-140.764,1,2,20,0,-999,-999,0
64.5,100,16,6,-132.425,5,-150.222,3,3,10,1,-999,-999,0
64.5,100,16,6,-132.425,4,-152.073,7,7,20,0,-999,-999,0
64.5,100,16,6,-132.425,7,-152.618,5,5,0,1,-999,-999,0
64.5,100,16,6,-132.425,3,-162.551,0,0,20,0,-999,-999,0
64.5,107,19,4,-134.305,1,-120.017,1,2,20,0,-999,-999,0
64.5,107,19,4,-134.305,7,-121.388,5,5,0,1,-999,-999,0
64.5,107,19,4,-134.305,2,-136.351,3,4,20,0,-999,-999,0
64.5,107,19,4,-134.305,6,-140.381,5,5,0,1,-999,-999,0
64.5,107,19,4,-134.305,5,-140.389,3,3,10,1,-999,-999,0
64.5,107,19,4,-134.305,3,-154.921,0,0,20,0,-999,-999,0
66.5,13,17,4,-77.8858,1,-83.2825,2,2,20,0,-999,-999,0
66.5,13,17,4,-77.8858,2,-115.685,3,3,20,0,-999,-999,0
66.5,13,17,4,-77.8858,5,-122.141,2,2,10,1,-999,-999,0
66.5,13,17,4,-77.8858,7,-142.675,5,5,0,1,-999,-999,0
66.5,13,17,4,-77.8858,3,-143.153,0,0,20,0,-999,-999,0
66.5,13,17,4,-77.8858,6,-155.646,5,5,0,1,-999,-999,0
66.5,22,58,7,-90.9621,1,-109.172,2,2,20,0,-999,-999,0
66.5,22,58,7,-90.9621,4,-129.426,7,7,20,0,-999,-999,0
66.5,22,58,7,-90.9621,5,-138.791,2,2,10,1,-999,-999,0
66.5,22,58,7,-90.9621,2,-139.941,3,3,20,0,-999,-999,0
66.5,22,58,7,-90.9621,3,-155.177,0,0,20,0,-999,-999,0
66.5,22,58,7,-90.9621,6,-157.375,5,5,0,1,-999,-999,0
66.5,26,32,6,-123.584,2,-114.382,3,3,20,0,-999,-999,0
66.5,26,32,6,-123.584,7,-126.54,5,5,0,1,-999,-999,0
66.5,26,32,6,-123.584,5,-134.802,2,2,10,1,-999,-999,0
66.5,26,32,6,-123.584,1,-134.844,2,2,20,0,-999,-999,0
66.5,26,32,6,-123.584,3,-142.685,0,0,20,0,-999,-999,0
66.5,26,32,6,-123.584,4,-150.512,7,7,20,0,-999,-999,0
66.5,29,42,7,-106.687,5,-136.128,2,2,10,1,-999,-999,0
66.5,29,42,7,-106.687,4,-144.945,7,7,20,0,-999,-999,0
66.5,29,42,7,-106.687,1,-149.073,2,2,20,0,-999,-999,0
66.5,29,42,7,-106.687,2,-151.234,3,3,20,0,-999,-999,0
66.5,29,42,7,-106.687,6,-155.191,5,5,0,1,-999,-999,0
66.5,29,42,7,-106.687,3,-168.222,0,0,20,0,-999,-999,0
66.5,32,20,4,-123.573,1,-94.1445,2,2,20,0,-999,-999,0
66.5,32,20,4,-123.573,2,-110.252,3,3,20,0,-999,-999,0
66.5,32,20,4,-123.573,5,-119.825,2,2,10,1,-999,-999,0
66.5,32,20,4,-123.573,7,-124.223,5,5,0,1,-999,-999,0
66.5,32,20,4,-123.573,3,-144.582,0,0,20,0,-999,-999,0
66.5,32,20,4,-123.573,6,-148.583,5,5,0,1,-999,-999,0
66.5,36,47,5,-116.841,2,-115.723,3,3,20,0,-999,-999,0
66.5,36,47,5,-116.841,1,-120.557,2,2,20,0,-999,-999,0
66.5,36,47,5,-116.841,4,-122.486,7,7,20,0,-999,-999,0
66.5,36,47,5,-116.841,7,-138.862,5,5,0,1,-999,-999,0
66.5,36,47,5,-116.841,3,-141.739,0,0,20,0,-999,-999,0
66.5,36,47,5,-116.841,6,-161.491,5,5,0,1,-999,-999,0
66.5,38,18,2,-137.896,6,-137.783,5,5,0,1,-999,-999,0
66.5,38,18,2,-137.896,1,-142.02,2,2,20,0,-999,-999,0
66.5,38,18,2,-137.896,4,-142.94,7,7,20,0,-999,-999,0
66.5,38,18,2,-137.896,5,-144.074,2,2,10,1,-999,-999,0
66.5,38,18,2,-137.896,3,-147.712,0,0,20,0,-999,-999,0
66.5,38,18,2,-137.896,7,-148.704,5,5,0,1,-999,-999,0
66.5,42,26,7,-130.799,2,-104.424,3,3,20,0,-999,-999,0
66.5,42,26,7,-130.799,1,-121.729,2,2,20,0,-999,-999,0
66.5,42,26,7,-130.799,4,-129.668,7,7,20,0,-999,-999,0
66.5,42,26,7,-130.799,5,-138.738,2,2,10,1,-999,-999,0
66.5,42,26,7,-130.799,3,-143.43,0,0,20,0,-999,-999,0
66.5,42,26,7,-130.799,6,-154.341,5,5,0,1,-999,-999,0
66.5,44,21,4,-139.486,1,-89.1721,2,2,20,0,-999,-999,0
66.5,44,21,4,-139.486,6,-90.1706,5,5,0,1,-999,-999,0
66.5,44,21,4,-139.486,2,-133.016,3,3,20,0,-999,-999,0
66.5,44,21,4,-139.486,3,-134.263,0,0,20,0,-999,-999,0
66.5,44,21,4,-139.486,5,-136.258,2,2,10,1,-999,-999,0
66.5,44,21,4,-139.486,7,-140.351,5,5,0,1,-999,-999,0
66.5,46,16,4,-111.33,5,-119.277,2,2,10,1,-999,-999,0
66.5,46,16,4,-111.33,2,-126.651,3,3,20,0,-999,-999,0
66.5,46,16,4,-111.33,7,-134.504,5,5,0,1,-999,-999,0
66.5,46,16,4,-111.33,1,-136.951,2,2,20,0,-999,-999,0
66.5,46,16,4,-111.33,6,-148.815,5,5,0,1,-999,-999,0
66.5,46,16,4,-111.33,3,-152.795,0,0,20,0,-999,-999,0
66.5,47,16,2,-110.09,6,-105.009,5,5,0,1,-999,-999,0
66.5,47,16,2,-110.09,7,-105.902,5,5,0,1,-999,-999,0
66.5,47,16,2,-110.09,5,-115.5,2,2,10,1,-999,-999,0
66.5,47,16,2,-110.09,1,-125.6,2,2,20,0,-999,-999,0
66.5,47,16,2,-110.09,4,-131.174,7,7,20,0,-999,-999,0
66.5,47,16,2,-110.09,3,-144.161,0,0,20,0,-999,-999,0
66.5,50,21,2,-75.1361,5,-86.9368,2,2,10,1,-999,-999,0
66.5,50,21,2,-75.1361,4,-120.418,7,7,20,0,-999,-999,0
66.5,50,21,2,-75.1361,6,-122.967,5,5,0,1,-999,-999,0
66.5,50,21,2,-75.1361,7,-130.635,5,5,0,1,-999,-999,0
66.5,50,21,2,-75.1361,3,-140.245,0,0,20,0,-999,-999,0
66.5,50,21,2,-75.1361,1,-145.499,2,2,20,0,-999,-999,0
66.5,54,25,7,-91.8804,5,-110.424,2,2,10,1,-999,-999,0
66.5,54,25,7,-91.8804,4,-119.525,7,7,20,0,-999,-999,0
66.5,54,25,7,-91.8804,1,-141.2,2,2,20,0,-999,-999,0
66.5,54,25,7,-91.8804,2,-144.376,3,3,20,0,-999,-999,0
66.5,54,25,7,-91.8804,3,-165.442,0,0,20,0,-999,-999,0
66.5,54,25,7,-91.8804,6,-172.725,5,5,0,1,-999,-999,0
66.5,56,9,1,-99.8968,2,-83.3522,3,3,20,0,-999,-999,0
66.5,56,9,1,-99.8968,4,-117.622,7,7,20,0,-999,-999,0
66.5,56,9,1,-99.8968,7,-118.732,5,5,0,1,-999,-999,0
66.5,56,9,1,-99.8968,5,-122.346,2,2,10,1,-999,-999,0
66.5,56,9,1,-99.8968,3,-129.136,0,0,20,0,-999,-999,0
66.5,56,9,1,-99.8968,6,-157.634,5,5,0,1,-999,-999,0
66.5,58,34,7,-139.449,1,-112.503,2,2,20,0,-999,-999,0
66.5,58,34,7,-139.449,2,-113.064,3,3,20,0,-999,-999,0
66.5,58,34,7,-139.449,5,-139.125,2,2,10,1,-999,-999,0
66.5,58,34,7,-139.449,4,-139.44,7,7,20,0,-999,-999,0
66.5,58,34,7,-139.449,6,-153.435,5,5,0,1,-999,-999,0
66.5,58,34,7,-139.449,3,-170.702,0,0,20,0,-999,-999,0
66.5,68,56,6,-93.3287,2,-103.988,3,3,20,0,-999,-999,0
66.5,68,56,6,-93.3287,5,-134.375,2,2,10,1,-999,-999,0
66.5,68,56,6,-93.3287,1,-134.675,2,2,20,0,-999,-999,0
66.5,68,56,6,-93.3287,4,-142.433,7,7,20,0,-999,-999,0
66.5,68,56,6,-93.3287,7,-146.311,5,5,0,1,-999,-999,0
66.5,68,56,6,-93.3287,3,-147.704,0,0,20,0,-999,-999,0
66.5,70,48,6,-131.341,5,-123.59,2,2,10,1,-999,-999,0
66.5,70,48,6,-131.341,3,-128.892,0,0,20,0,-999,-999,0
66.5,70,48,6,-131.341,1,-140.773,2,2,20,0,-999,-999,0
66.5,70,48,6,-131.341,2,-143.016,3,3,20,0,-999,-999,0
66.5,70,48,6,-131.341,4,-144.417,7,7,20,0,-999,-999,0
66.5,70,48,6,-131.341,7,-154.882,5,5,0,1,-999,-999,0
66.5,80,8,1,-74.7312,4,-108.875,7,7,20,0,-999,-999,0
66.5,80,8,1,-74.7312,2,-124.369,3,3,20,0,-999,-999,0
66.5,80,8,1,-74.7312,5,-132.615,2,2,10,1,-999,-999,0
66.5,80,8,1,-74.7312,3,-137.881,0,0,20,0,-999,-999,0
66.5,80,8,1,-74.7312,6,-144.844,5,5,0,1,-999,-999,0
66.5,80,8,1,-74.7312,7,-148.201,5,5,0,1,-999,-999,0
66.5,86,37,5,-109.198,1,-116.549,2,2,20,0,-999,-999,0
66.5,86,37,5,-109.198,7,-139.922,5,5,0,1,-999,-999,0
66.5,86,37,5,-109.198,6,-146.07,5,5,0,1,-999,-999,0
66.5,86,37,5,-109.198,4,-150.608,7,7,20,0,-999,-999,0
66.5,86,37,5,-109.198,2,-160.437,3,3,20,0,-999,-999,0
66.5,86,37,5,-109.198,3,-172.177,0,0,20,0,-999,-999,0
66.5,89,40,6,-136.916,7,-103.797,5,5,0,1,-999,-999,0
66.5,89,40,6,-136.916,1,-120.218,2,2,20,0,-999,-999,0
66.5,89,40,6,-136.916,4,-122.058,7,7,20,0,-999,-999,0
66.5,89,40,6,-136.916,3,-135.358,0,0,20,0,-999,-999,0
66.5,89,40,6,-136.916,2,-140.19,3,3,20,0,-999,-999,0
66.5,89,40,6,-136.916,5,-151.794,2,2,10,1,-999,-999,0
66.5,95,23,4,-116.33,2,-127.281,3,3,20,0,-999,-999,0
66.5,95,23,4,-116.33,5,-141.473,2,2,10,1,-999,-999,0
66.5,95,23,4,-116.33,7,-142.138,5,5,0,1,-999,-999,0
66.5,95,23,4,-116.33,1,-144.152,2,2,20,0,-999,-999,0
66.5,95,23,4,-116.33,6,-144.546,5,5,0,1,-999,-999,0
66.5,95,23,4,-116.33,3,-151.129,0,0,20,0,-999,-999,0
66.5,98,22,4,-132.889,6,-116.376,5,5,0,1,-999,-999,0
66.5,98,22,4,-132.889,7,-125.689,5,5,0,1,-999,-999,0
66.5,98,22,4,-132.889,1,-125.976,2,2,20,0,-999,-999,0
66.5,98,22,4,-132.889,2,-130.26,3,3,20,0,-999,-999,0
66.5,98,22,4,-132.889,5,-134.272,2,2,10,1,-999,-999,0
66.5,98,22,4,-132.889,3,-148.692,0,0,20,0,-999,-999,0
66.5,100,16,6,-97.4517,2,-131.698,3,3,20,0,-999,-999,0
66.5,100,16,6,-97.4517,5,-143.457,2,2,10,1,-999,-999,0
66.5,100,16,6,-97.4517,4,-150.603,7,7,20,0,-999,-999,0
66.5,100,16,6,-97.4517,1,-156.983,2,2,20,0,-999,-999,0
66.5,100,16,6,-97.4517,3,-160.815,0,0,20,0,-999,-999,0
66.5,100,16,6,-97.4517,7,-160.824,5,5,0,1,-999,-999,0
66.5,107,19,4,-127.041,2,-128.473,3,3,20,0,-999,-999,0
66.5,107,19,4,-127.041,5,-130.717,2,2,10,1,-999,-999,0
66.5,107,19,4,-127.041,1,-137.526,2,2,20,0,-999,-999,0
66.5,107,19,4,-127.041,7,-138.497,5,5,0,1,-999,-999,0
66.5,107,19,4,-127.041,6,-143.252,5,5,0,1,-999,-999,0
66.5,107,19,4,-127.041,3,-156.605,0,0,20,0,-999,-999,0
68.5,13,17,4,-114.125,2,-83.9486,3,3,20,0,-999,-999,0
68.5,13,17,4,-114.125,5,-110.533,2,2,10,1,-999,-999,0
68.5,13,17,4,-114.125,1,-119.291,2,2,20,0,-999,-999,0
68.5,13,17,4,-114.125,7,-124.661,5,5,0,1,-999,-999,0
68.5,13,17,4,-114.125,6,-133.822,5,5,0,1,-999,-999,0
68.5,13,17,4,-114.125,3,-139.557,0,0,20,0,-999,-999,0
68.5,22,58,7,-131.413,4,-93.3671,7,7,20,0,-999,-999,0
68.5,22,58,7,-131.413,1,-107.566,2,2,20,0,-999,-999,0
68.5,22,58,7,-131.413,5,-139.742,2,2,10,1,-999,-999,0
68.5,22,58,7,-131.413,2,-143.785,3,3,20,0,-999,-999,0
68.5,22,58,7,-131.413,6,-153.117,5,5,0,1,-999,-999,0
68.5,22,58,7,-131.413,3,-158.078,0,0,20,0,-999,-999,0
68.5,26,32,6,-113.229,1,-103.089,2,2,20,0,-999,-999,0
68.5,26,32,6,-113.229,2,-140.445,3,3,20,0,-999,-999,0
68.5,26,32,6,-113.229,3,-141.847,0,0,20,0,-999,-999,0
68.5,26,32,6,-113.229,5,-143.923,2,2,10,1,-999,-999,0
68.5,26,32,6,-113.229,7,-144.391,5,5,0,1,-999,-999,0
68.5,26,32,6,-113.229,4,-147.891,7,7,20,0,-999,-999,0
68.5,29,42,7,-139.688,2,-115.489,3,3,20,0,-999,-999,0
68.5,29,42,7,-139.688,5,-131.447,2,2,10,1,-999,-999,0
68.5,29,42,7,-139.688,6,-132.865,5,5,0,1,-999,-999,0
68.5,29,42,7,-139.688,4,-144.473,7,7,20,0,-999,-999,0
68.5,29,42,7,-139.688,1,-152.988,2,2,20,0,-999,-999,0
68.5,29,42,7,-139.688,3,-170.628,0,0,20,0,-999,-999,0
68.5,32,20,4,-122.705,2,-70.6142,3,3,20,0,-999,-999,0
68.5,32,20,4,-122.705,5,-105.17,2,2,10,1,-999,-999,0
68.5,32,20,4,-122.705,6,-129.658,5,5,0,1,-999,-999,0
68.5,32,20,4,-122.705,1,-132.751,2,2,20,0,-999,-999,0
68.5,32,20,4,-122.705,3,-144.749,0,0,20,0,-999,-999,0
68.5,32,20,4,-122.705,7,-151.311,5,5,0,1,-999,-999,0
68.5,36,47,5,-81.7205,4,-113.358,7,7,20,0,-999,-999,0
68.5,36,47,5,-81.7205,2,-116.097,3,3,20,0,-999,-999,0
68.5,36,47,5,-81.7205,1,-125.857,2,2,20,0,-999,-999,0
68.5,36,47,5,-81.7205,3,-140.154,0,0,20,0,-999,-999,0
68.5,36,47,5,-81.7205,6,-142.523,5,5,0,1,-999,-999,0
68.5,36,47,5,-81.7205,7,-151.346,5,5,0,1,-999,-999,0
68.5,38,18,2,-102.641,1,-101.525,2,2,20,0,-999,-999,0
68.5,38,18,2,-102.641,7,-122.177,5,5,0,1,-999,-999,0
68.5,38,18,2,-102.641,6,-131.254,5,5,0,1,-999,-999,0
68.5,38,18,2,-102.641,4,-141.218,7,7,20,0,-999,-999,0
68.5,38,18,2,-102.641,5,-146.346,2,2,10,1,-999,-999,0
68.5,38,18,2,-102.641,3,-146.642,0,0,20,0,-999,-999,0
68.5,42,26,7,-94.3694,4,-102.69,7,7,20,0,-999,-999,0
68.5,42,26,7,-94.3694,1,-123.058,2,2,20,0,-999,-999,0
68.5,42,26,7,-94.3694,5,-125.94,2,2,10,1,-999,-999,0
68.5,42,26,7,-94.3694,2,-129.29,3,3,20,0,-999,-999,0
68.5,42,26,7,-94.3694,6,-130.153,5,5,0,1,-999,-999,0
68.5,42,26,7,-94.3694,3,-146.97,0,0,20,0,-999,-999,0
68.5,44,21,4,-135.864,6,-105.003,5,5,0,1,-999,-999,0
68.5,44,21,4,-135.864,1,-127.249,2,2,20,0,-999,-999,0
68.5,44,21,4,-135.864,2,-132.833,3,3,20,0,-999,-999,0
68.5,44,21,4,-135.864,5,-139.449,2,2,10,1,-999,-999,0
68.5,44,21,4,-135.864,7,-139.996,5,5,0,1,-999,-999,0
68.5,44,21,4,-135.864,3,-140.398,0,0,20,0,-999,-999,0
68.5,46,16,4,-106.933,2,-123.815,3,3,20,0,-999,-999,0
68.5,46,16,4,-106.933,1,-131.731,2,2,20,0,-999,-999,0
68.5,46,16,4,-106.933,5,-135.549,2,2,10,1,-999,-999,0
68.5,46,16,4,-106.933,7,-140.128,5,5,0,1,-999,-999,0
68.5,46,16,4,-106.933,6,-153.981,5,5,0,1,-999,-999,0
68.5,46,16,4,-106.933,3,-160.939,0,0,20,0,-999,-999,0
68.5,47,16,2,-109.263,5,-97.1232,2,2,10,1,-999,-999,0
68.5,47,16,2,-109.263,7,-109.777,5,5,0,1,-999,-999,0
68.5,47,16,2,-109.263,4,-114.715,7,7,20,0,-999,-999,0
68.5,47,16,2,-109.263,6,-124.926,5,5,0,1,-999,-999,0
68.5,47,16,2,-109.263,1,-126.96,2,2,20,0,-999,-999,0
68.5,47,16,2,-109.263,3,-144.331,0,0,20,0,-999,-999,0
68.5,50,21,2,-83.1433,5,-91.3957,2,2,10,1,-999,-999,0
68.5,50,21,2,-83.1433,4,-135.737,7,7,20,0,-999,-999,0
68.5,50,21,2,-83.1433,1,-136.325,2,2,20,0,-999,-999,0
68.5,50,21,2,-83.1433,7,-137.646,5,5,0,1,-999,-999,0
68.5,50,21,2,-83.1433,3,-139.218,0,0,20,0,-999,-999,0
68.5,50,21,2,-83.1433,6,-145.653,5,5,0,1,-999,-999,0
68.5,54,25,7,-130.014,4,-102.566,7,7,20,0,-999,-999,0
68.5,54,25,7,-130.014,1,-135.117,2,2,20,0,-999,-999,0
68.5,54,25,7,-130.014,2,-142.205,3,3,20,0,-999,-999,0
68.5,54,25,7,-130.014,5,-148.906,2,2,10,1,-999,-999,0
68.5,54,25,7,-130.014,3,-158.681,0,0,20,0,-999,-999,0
68.5,54,25,7,-130.014,6,-172.892,5,5,0,1,-999,-999,0
68.5,56,9,1,-124.542,2,-76.9773,3,3,20,0,-999,-999,2
68.5,56,9,1,-124.542,5,-85.6483,2,2,10,1,-999,-999,2
68.5,56,9,1,-124.542,3,-129.054,0,0,20,0,-999,-999,2
68.5,56,9,1,-124.542,4,-130.446,7,7,20,0,-999,-999,2
68.5,56,9,1,-124.542,6,-137.559,5,5,0,1,-999,-999,2
68.5,56,9,1,-124.542,7,-142.884,5,5,0,1,-999,-999,2
68.5,58,34,7,-130.246,5,-128.218,2,2,10,1,-999,-999,0
68.5,58,34,7,-130.246,4,-142.198,7,7,20,0,-999,-999,0
68.5,58,34,7,-130.246,6,-147.973,5,5,0,1,-999,-999,0
68.5,58,34,7,-130.246,1,-152.2,2,2,20,0,-999,-999,0
68.5,58,34,7,-130.246,2,-154.139,3,4,20,0,-999,-999,0
68.5,58,34,7,-130.246,3,-169.263,0,0,20,0,-999,-999,0
68.5,68,56,6,-126.414,1,-109.698,2,2,20,0,-999,-999,0
68.5,68,56,6,-126.414,5,-122.643,2,2,10,1,-999,-999,0
68.5,68,56,6,-126.414,4,-136.917,7,7,20,0,-999,-999,0
68.5,68,56,6,-126.414,2,-137.801,3,4,20,0,-999,-999,0
68.5,68,56,6,-126.414,7,-147.522,5,5,0,1,-999,-999,0
68.5,68,56,6,-126.414,3,-149.333,0,0,20,0,-999,-999,0
68.5,70,48,6,-108.621,4,-125.562,7,7,20,0,-999,-999,0
68.5,70,48,6,-108.621,3,-130.177,0,0,20,0,-999,-999,0
68.5,70,48,6,-108.621,5,-135.936,2,2,10,1,-999,-999,0
68.5,70,48,6,-108.621,2,-139.154,3,4,20,0,-999,-999,0
68.5,70,48,6,-108.621,1,-146.243,2,2,20,0,-999,-999,0
68.5,70,48,6,-108.621,7,-157.159,5,5,0,1,-999,-999,0
68.5,80,8,1,-107.887,5,-126.787,2,2,10,1,-999,-999,0
68.5,80,8,1,-107.887,4,-127.547,7,7,20,0,-999,-999,0
68.5,80,8,1,-107.887,2,-129.036,3,4,20,0,-999,-999,0
68.5,80,8,1,-107.887,3,-139.963,0,0,20,0,-999,-999,0
68.5,80,8,1,-107.887,7,-143.169,5,5,0,1,-999,-999,0
68.5,80,8,1,-107.887,6,-146.45,5,5,0,1,-999,-999,0
68.5,86,37,5,-109.334,4,-118.906,7,7,20,0,-999,-999,0
68.5,86,37,5,-109.334,6,-134.247,5,5,0,1,-999,-999,0
68.5,86,37,5,-109.334,7,-144.551,5,5,0,1,-999,-999,0
68.5,86,37,5,-109.334,1,-148.987,2,2,20,0,-999,-999,0
68.5,86,37,5,-109.334,2,-163.837,3,4,20,0,-999,-999,0
68.5,86,37,5,-109.334,3,-171.494,0,0,20,0,-999,-999,0
68.5,89,40,6,-115.416,4,-108.134,7,7,20,0,-999,-999,0
68.5,89,40,6,-115.416,1,-119.473,2,2,20,0,-999,-999,0
68.5,89,40,6,-115.416,7,-131.37,5,5,0,1,-999,-999,0
68.5,89,40,6,-115.416,5,-133.47,2,2,10,1,-999,-999,0
68.5,89,40,6,-115.416,3,-137.435,0,0,20,0,-999,-999,0
68.5,89,40,6,-115.416,2,-140.55,3,4,20,0,-999,-999,0
68.5,95,23,4,-134.059,5,-122.14,2,2,10,1,-999,-999,0
68.5,95,23,4,-134.059,6,-122.967,5,5,0,1,-999,-999,0
68.5,95,23,4,-134.059,2,-130.437,3,4,20,0,-999,-999,0
68.5,95,23,4,-134.059,1,-139.469,2,2,20,0,-999,-999,0
68.5,95,23,4,-134.059,7,-141.005,5,5,0,1,-999,-999,0
68.5,95,23,4,-134.059,3,-149.033,0,0,20,0,-999,-999,0
68.5,98,22,4,-130.355,7,-90.5233,5,5,0,1,-999,-999,0
68.5,98,22,4,-130.355,1,-124.36,2,2,20,0,-999,-999,0
68.5,98,22,4,-130.355,2,-131.631,3,4,20,0,-999,-999,0
68.5,98,22,4,-130.355,5,-137.754,2,2,10,1,-999,-999,0
68.5,98,22,4,-130.355,6,-148.366,5,5,0,1,-999,-999,0
68.5,98,22,4,-130.355,3,-151.129,0,0,20,0,-999,-999,0
68.5,100,16,6,-97.2623,1,-122.753,2,2,20,0,-999,-999,0
68.5,100,16,6,-97.2623,5,-143.363,2,2,10,1,-999,-999,0
68.5,100,16,6,-97.2623,2,-152.791,3,4,20,0,-999,-999,0
68.5,100,16,6,-97.2623,3,-156.379,0,0,20,0,-999,-999,0
68.5,100,16,6,-97.2623,4,-157.591,7,7,20,0,-999,-999,0
68.5,100,16,6,-97.2623,7,-159.769,5,5,0,1,-999,-999,0
68.5,107,19,4,-132.415,5,-94.9147,2,2,10,1,-999,-999,0
68.5,107,19,4,-132.415,7,-110.93,5,5,0,1,-999,-999,0
68.5,107,19,4,-132.415,6,-129.886,5,5,0,1,-999,-999,0
68.5,107,19,4,-132.415,2,-133.12,3,4,20,0,-999,-999,0
68.5,107,19,4,-132.415,1,-133.166,2,2,20,0,-999,-999,0
68.5,107,19,4,-132.415,3,-156.054,0,0,20,0,-999,-999,0
70.5,13,17,4,-115.35,2,-120.368,4,4,20,0,-999,-999,0
70.5,13,17,4,-115.35,1,-121.18,1,1,20,0,-999,-999,0
70.5,13,17,4,-115.35,5,-128.904,2,2,10,1,-999,-999,0
70.5,13,17,4,-115.35,7,-129.351,6,6,0,1,-999,-999,0
70.5,13,17,4,-115.35,3,-143.045,0,0,20,0,-999,-999,0
70.5,13,17,4,-115.35,6,-159.676,5,5,0,1,-999,-999,0
70.5,22,58,7,-113.112,4,-93.3819,7,7,20,0,-999,-999,4
70.5,22,58,7,-113.112,6,-122.575,5,5,0,1,-999,-999,4
70.5,22,58,7,-113.112,1,-134.705,1,1,20,0,-999,-999,4
70.5,22,58,7,-113.112,2,-138.33,4,4,20,0,-999,-999,4
70.5,22,58,7,-113.112,5,-140.876,2,2,10,1,-999,-999,4
70.5,22,58,7,-113.112,3,-161.879,0,0,20,0,-999,-999,4
70.5,26,32,6,-130.317,4,-120.955,7,8,20,0,-999,-999,0
70.5,26,32,6,-130.317,1,-133.461,1,1,20,0,-999,-999,0
70.5,26,32,6,-130.317,3,-141.902,0,0,20,0,-999,-999,0
70.5,26,32,6,-130.317,7,-145.35,6,6,0,1,-999,-999,0
70.5,26,32,6,-130.317,5,-147.777,2,2,10,1,-999,-999,0
70.5,26,32,6,-130.317,2,-152.916,4,4,20,0,-999,-999,0
70.5,29,42,7,-145.089,5,-107.7,2,2,10,1,-999,-999,0
70.5,29,42,7,-145.089,3,-119.727,0,0,20,0,-999,-999,0
70.5,29,42,7,-145.089,1,-129.425,1,1,20,0,-999,-999,0
70.5,29,42,7,-145.089,2,-133.668,4,4,20,0,-999,-999,0
70.5,29,42,7,-145.089,4,-145.142,7,8,20,0,-999,-999,0
70.5,29,42,7,-145.089,6,-150.371,5,5,0,1,-999,-999,0
70.5,32,20,4,-85.1658,2,-87.9782,4,4,20,0,-999,-999,0
70.5,32,20,4,-85.1658,5,-124.88,2,2,10,1,-999,-999,0
70.5,32,20,4,-85.1658,1,-126.647,1,1,20,0,-999,-999,0
70.5,32,20,4,-85.1658,3,-143.806,0,0,20,0,-999,-999,0
70.5,32,20,4,-85.1658,6,-148.696,5,5,0,1,-999,-999,0
70.5,32,20,4,-85.1658,7,-152.51,6,6,0,1,-999,-999,0
70.5,36,47,5,-121.688,4,-111.621,7,8,20,0,-999,-999,0
70.5,36,47,5,-121.688,2,-115.444,4,4,20,0,-999,-999,0
70.5,36,47,5,-121.688,1,-120.741,1,1,20,0,-999,-999,0
70.5,36,47,5,-121.688,6,-132.959,5,5,0,1,-999,-999,0
70.5,36,47,5,-121.688,3,-140.555,0,0,20,0,-999,-999,0
70.5,36,47,5,-121.688,7,-155.611,6,6,0,1,-999,-999,0
70.5,38,18,2,-120.809,6,-101.656,5,5,0,1,-999,-999,0
70.5,38,18,2,-120.809,1,-116.182,1,1,20,0,-999,-999,0
70.5,38,18,2,-120.809,5,-135.537,2,2,10,1,-999,-999,0
70.5,38,18,2,-120.809,7,-147.919,6,6,0,1,-999,-999,0
70.5,38,18,2,-120.809,4,-150.426,7,8,20,0,-999,-999,0
70.5,38,18,2,-120.809,3,-155.921,0,0,20,0,-999,-999,0
70.5,42,26,7,-115.088,2,-112.527,4,4,20,0,-999,-999,0
70.5,42,26,7,-115.088,1,-124.629,1,1,20,0,-999,-999,0
70.5,42,26,7,-115.088,4,-127.538,7,8,20,0,-999,-999,0
70.5,42,26,7,-115.088,5,-139.81,2,2,10,1,-999,-999,0
70.5,42,26,7,-115.088,3,-151.174,0,0,20,0,-999,-999,0
70.5,42,26,7,-115.088,6,-156.805,5,5,0,1,-999,-999,0
70.5,44,21,4,-142.486,5,-107.674,2,2,10,1,-999,-999,0
70.5,44,21,4,-142.486,1,-109.74,1,1,20,0,-999,-999,0
70.5,44,21,4,-142.486,6,-128.303,5,5,0,1,-999,-999,0
70.5,44,21,4,-142.486,3,-133.061,0,0,20,0,-999,-999,0
70.5,44,21,4,-142.486,2,-134.554,4,4,20,0,-999,-999,0
70.5,44,21,4,-142.486,7,-136.627,6,6,0,1,-999,-999,0
70.5,46,16,4,-74.7018,5,-91.6664,2,2,10,1,-999,-999,0
70.5,46,16,4,-74.7018,1,-117.066,1,1,20,0,-999,-999,0
70.5,46,16,4,-74.7018,6,-119.307,5,5,0,1,-999,-999,0
70.5,46,16,4,-74.7018,7,-119.967,6,6,0,1,-999,-999,0
70.5,46,16,4,-74.7018,2,-128.23,4,4,20,0,-999,-999,0
70.5,46,16,4,-74.7018,3,-160.992,0,0,20,0,-999,-999,0
70.5,47,16,2,-109.273,5,-113.067,2,2,10,1,-999,-999,0
70.5,47,16,2,-109.273,7,-116.661,6,6,0,1,-999,-999,0
70.5,47,16,2,-109.273,1,-124.806,1,1,20,0,-999,-999,0
70.5,47,16,2,-109.273,4,-130.742,7,8,20,0,-999,-999,0
70.5,47,16,2,-109.273,3,-137.612,0,0,20,0,-999,-999,0
70.5,47,16,2,-109.273,6,-139.834,5,5,0,1,-999,-999,0
70.5,50,21,2,-83.3849,4,-103.704,7,8,20,0,-999,-999,0
70.5,50,21,2,-83.3849,5,-111.58,2,2,10,1,-999,-999,0
70.5,50,21,2,-83.3849,3,-135.062,0,0,20,0,-999,-999,0
70.5,50,21,2,-83.3849,1,-139.731,1,1,20,0,-999,-999,0
70.5,50,21,2,-83.3849,7,-145.753,6,6,0,1,-999,-999,0
70.5,50,21,2,-83.3849,6,-150.816,5,5,0,1,-999,-999,0
70.5,54,25,7,-125.73,1,-123.137,1,1,20,0,-999,-999,0
70.5,54,25,7,-125.73,4,-143.139,7,8,20,0,-999,-999,0
70.5,54,25,7,-125.73,2,-144.797,4,4,20,0,-999,-999,0
70.5,54,25,7,-125.73,5,-148.025,2,2,10,1,-999,-999,0
70.5,54,25,7,-125.73,3,-163.303,0,0,20,0,-999,-999,0
70.5,54,25,7,-125.73,6,-170.64,5,5,0,1,-999,-999,0
70.5,56,22,2,-110.001,5,-125.87,2,2,10,1,-999,-999,0
70.5,56,22,2,-110.001,7,-130.073,6,6,0,1,-999,-999,0
70.5,56,22,2,-110.001,3,-131.182,0,0,20,0,-999,-999,0
70.5,56,22,2,-110.001,4,-132.477,7,8,20,0,-999,-999,0
70.5,56,22,2,-110.001,1,-132.93,1,1,20,0,-999,-999,0
70.5,56,22,2,-110.001,6,-160.186,5,5,0,1,-999,-999,0
70.5,58,34,7,-116.737,5,-104.85,2,2,10,1,-999,-999,0
70.5,58,34,7,-116.737,1,-128.663,1,1,20,0,-999,-999,0
70.5,58,34,7,-116.737,2,-132.492,4,4,20,0,-999,-999,0
70.5,58,34,7,-116.737,4,-142.626,7,8,20,0,-999,-999,0
70.5,58,34,7,-116.737,6,-150.873,5,5,0,1,-999,-999,0
70.5,58,34,7,-116.737,3,-164.772,0,0,20,0,-999,-999,0
70.5,68,56,6,-132.32,5,-99.5233,2,2,10,1,-999,-999,0
70.5,68,56,6,-132.32,1,-137.252,1,1,20,0,-999,-999,0
70.5,68,56,6,-132.32,4,-141.202,7,8,20,0,-999,-999,0
70.5,68,56,6,-132.32,2,-142.691,4,4,20,0,-999,-999,0
70.5,68,56,6,-132.32,3,-147.113,0,0,20,0,-999,-999,0
70.5,68,56,6,-132.32,7,-152.527,6,6,0,1,-999,-999,0
70.5,70,48,6,-129.995,4,-125.505,7,8,20,0,-999,-999,0
70.5,70,48,6,-129.995,3,-126.374,0,0,20,0,-999,-999,0
70.5,70,48,6,-129.995,1,-134.781,1,1,20,0,-999,-999,0
70.5,70,48,6,-129.995,2,-139.753,4,4,20,0,-999,-999,0
70.5,70,48,6,-129.995,5,-142.005,2,2,10,1,-999,-999,0
70.5,70,48,6,-129.995,7,-155.338,6,6,0,1,-999,-999,0
70.5,80,8,1,-112.964,2,-122.063,4,4,20,0,-999,-999,0
70.5,80,8,1,-112.964,4,-124.709,7,8,20,0,-999,-999,0
70.5,80,8,1,-112.964,5,-131.308,2,2,10,1,-999,-999,0
70.5,80,8,1,-112.964,7,-136.15,6,6,0,1,-999,-999,0
70.5,80,8,1,-112.964,6,-138.126,5,5,0,1,-999,-999,0
70.5,80,8,1,-112.964,3,-141.821,0,0,20,0,-999,-999,0
70.5,86,37,5,-150.52,6,-120.653,5,5,0,1,-999,-999,0
70.5,86,37,5,-150.52,1,-134.413,1,1,20,0,-999,-999,0
70.5,86,37,5,-150.52,2,-136.257,4,4,20,0,-999,-999,0
70.5,86,37,5,-150.52,7,-142.577,6,6,0,1,-999,-999,0
70.5,86,37,5,-150.52,4,-149.642,7,8,20,0,-999,-999,0
70.5,86,37,5,-150.52,3,-173.45,0,0,20,0,-999,-999,0
70.5,89,40,6,-130.348,4,-104.494,7,8,20,0,-999,-999,4
70.5,89,40,6,-130.348,5,-106.51,2,2,10,1,-999,-999,4
70.5,89,40,6,-130.348,1,-120.972,1,1,20,0,-999,-999,4
70.5,89,40,6,-130.348,2,-133.194,4,4,20,0,-999,-999,4
70.5,89,40,6,-130.348,3,-136.491,0,0,20,0,-999,-999,4
70.5,89,40,6,-130.348,7,-141.755,6,6,0,1,-999,-999,4
70.5,95,23,4,-132.432,2,-130.654,4,4,20,0,-999,-999,0
70.5,95,23,4,-132.432,5,-133.467,2,2,10,1,-999,-999,0
70.5,95,23,4,-132.432,1,-136.104,1,1,20,0,-999,-999,0
70.5,95,23,4,-132.432,6,-139.917,5,5,0,1,-999,-999,0
70.5,95,23,4,-132.432,7,-140.831,6,6,0,1,-999,-999,0
70.5,95,23,4,-132.432,3,-146.058,0,0,20,0,-999,-999,0
70.5,98,22,4,-100.104,7,-104.387,6,6,0,1,-999,-999,0
70.5,98,22,4,-100.104,5,-130.725,2,2,10,1,-999,-999,0
70.5,98,22,4,-100.104,2,-131.947,4,4,20,0,-999,-999,0
70.5,98,22,4,-100.104,1,-138.859,1,1,20,0,-999,-999,0
70.5,98,22,4,-100.104,6,-151.822,5,5,0,1,-999,-999,0
70.5,98,22,4,-100.104,3,-152.16,0,0,20,0,-999,-999,0
70.5,100,16,6,-127.22,5,-120.464,2,2,10,1,-999,-999,0
70.5,100,16,6,-127.22,4,-123.609,7,9,20,0,-999,-999,0
70.5,100,16,6,-127.22,2,-124.2,4,4,20,0,-999,-999,0
70.5,100,16,6,-127.22,7,-156.072,6,6,0,1,-999,-999,0
70.5,100,16,6,-127.22,1,-156.511,1,1,20,0,-999,-999,0
70.5,100,16,6,-127.22,3,-157.135,0,0,20,0,-999,-999,0
70.5,107,19,4,-102.487,2,-122.408,4,4,20,0,-999,-999,0
70.5,107,19,4,-102.487,1,-126.242,1,1,20,0,-999,-999,0
70.5,107,19,4,-102.487,5,-134.286,2,2,10,1,-999,-999,0
70.5,107,19,4,-102.487,7,-138.3,6,6,0,1,-999,-999,0
70.5,107,19,4,-102.487,6,-144.877,5,5,0,1,-999,-999,0
70.5,107,19,4,-102.487,3,-154.089,0,0,20,0,-999,-999,0
72.5,13,17,4,-87.4469,2,-114.828,4,4,20,0,-999,-999,0
72.5,13,17,4,-87.4469,1,-116.083,1,1,20,0,-999,-999,0
72.5,13,17,4,-87.4469,5,-130.268,2,2,10,1,-999,-999,0
72.5,13,17,4,-87.4469,7,-139.36,5,5,0,1,-999,-999,0
72.5,13,17,4,-87.4469,3,-146.184,0,0,20,0,-999,-999,0
72.5,13,17,4,-87.4469,6,-161.572,5,5,0,1,-999,-999,0
72.5,22,24,4,-117.147,7,-101.278,5,5,0,1,-999,-999,0
72.5,22,24,4,-117.147,5,-139.293,2,2,10,1,-999,-999,0
72.5,22,24,4,-117.147,2,-139.68,4,4,20,0,-999,-999,0
72.5,22,24,4,-117.147,1,-142.408,1,1,20,0,-999,-999,0
72.5,22,24,4,-117.147,3,-157.45,0,0,20,0,-999,-999,0
72.5,22,24,4,-117.147,6,-160.664,5,5,0,1,-999,-999,0
72.5,26,32,6,-132.071,5,-109.647,2,2,10,1,-999,-999,0
72.5,26,32,6,-132.071,7,-120.828,5,5,0,1,-999,-999,0
72.5,26,32,6,-132.071,1,-134.68,1,1,20,0,-999,-999,0
72.5,26,32,6,-132.071,4,-137.159,9,9,20,0,-999,-999,0
72.5,26,32,6,-132.071,3,-139.086,0,0,20,0,-999,-999,0
72.5,26,32,6,-132.071,2,-142.828,4,4,20,0,-999,-999,0
72.5,29,42,7,-155.537,4,-142.124,9,9,20,0,-999,-999,0
72.5,29,42,7,-155.537,5,-143.125,2,2,10,1,-999,-999,0
72.5,29,42,7,-155.537,1,-144.423,1,1,20,0,-999,-999,0
72.5,29,42,7,-155.537,6,-153.633,5,5,0,1,-999,-999,0
72.5,29,42,7,-155.537,2,-154.914,4,4,20,0,-999,-999,0
72.5,29,42,7,-155.537,3,-169.432,0,0,20,0,-999,-999,0
72.5,31,66,7,-136.132,1,-139.311,1,1,20,0,-999,-999,0
72.5,31,66,7,-136.132,4,-140.585,9,9,20,0,-999,-999,0
72.5,31,66,7,-136.132,6,-150.306,5,5,0,1,-999,-999,0
72.5,31,66,7,-136.132,2,-156.063,4,4,20,0,-999,-999,0
72.5,31,66,7,-136.132,3,-158.165,0,0,20,0,-999,-999,0
72.5,31,66,7,-136.132,5,-159.562,2,2,10,1,-999,-999,0
72.5,32,20,4,-118.325,2,-111.61,4,4,20,0,-999,-999,0
72.5,32,20,4,-118.325,5,-117.915,2,2,10,1,-999,-999,0
72.5,32,20,4,-118.325,1,-139.941,1,1,20,0,-999,-999,0
72.5,32,20,4,-118.325,3,-145.112,0,0,20,0,-999,-999,0
72.5,32,20,4,-118.325,6,-145.559,5,5,0,1,-999,-999,0
72.5,32,20,4,-118.325,7,-148.627,5,5,0,1,-999,-999,0
72.5,36,47,5,-114.028,1,-118.232,1,1,20,0,-999,-999,0
72.5,36,47,5,-114.028,4,-118.405,9,9,20,0,-999,-999,0
72.5,36,47,5,-114.028,2,-121.7,4,4,20,0,-999,-999,0
72.5,36,47,5,-114.028,3,-140.441,0,0,20,0,-999,-999,0
72.5,36,47,5,-114.028,7,-145.683,5,5,0,1,-999,-999,0
72.5,36,47,5,-114.028,6,-157.368,5,5,0,1,-999,-999,0
72.5,38,18,2,-107.225,6,-104.606,5,5,0,1,-999,-999,0
72.5,38,18,2,-107.225,4,-131.292,9,9,20,0,-999,-999,0
72.5,38,18,2,-107.225,1,-136.019,1,1,20,0,-999,-999,0
72.5,38,18,2,-107.225,5,-144.044,2,2,10,1,-999,-999,0
72.5,38,18,2,-107.225,7,-147.407,5,5,0,1,-999,-999,0
72.5,38,18,2,-107.225,3,-153.602,0,0,20,0,-999,-999,0
72.5,42,26,7,-131.75,1,-119.426,1,1,20,0,-999,-999,0
72.5,42,26,7,-131.75,5,-121.423,2,2,10,1,-999,-999,0
72.5,42,26,7,-131.75,4,-125.937,9,9,20,0,-999,-999,0
72.5,42,26,7,-131.75,2,-130.905,4,4,20,0,-999,-999,0
72.5,42,26,7,-131.75,3,-148.237,0,0,20,0,-999,-999,0
72.5,42,26,7,-131.75,6,-157.405,5,5,0,1,-999,-999,0
72.5,44,21,4,-137.124,5,-118.696,2,2,10,1,-999,-999,0
72.5,44,21,4,-137.124,6,-122.477,5,5,0,1,-999,-999,0
72.5,44,21,4,-137.124,1,-129.347,1,1,20,0,-999,-999,0
72.5,44,21,4,-137.124,2,-132.797,4,4,20,0,-999,-999,0
72.5,44,21,4,-137.124,3,-134.107,0,0,20,0,-999,-999,0
72.5,44,21,4,-137.124,7,-143.096,5,5,0,1,-999,-999,0
72.5,46,16,4,-113.493,5,-91.146,2,2,10,1,-999,-999,0
72.5,46,16,4,-113.493,2,-117.577,4,4,20,0,-999,-999,0
72.5,46,16,4,-113.493,7,-129.505,5,5,0,1,-999,-999,0
72.5,46,16,4,-113.493,1,-136.158,1,1,20,0,-999,-999,0
72.5,46,16,4,-113.493,6,-153.515,5,5,0,1,-999,-999,0
72.5,46,16,4,-113.493,3,-155.552,0,0,20,0,-999,-999,0
72.5,47,16,2,-72.5706,1,-88.44,1,1,20,0,-999,-999,0
72.5,47,16,2,-72.5706,5,-92.776,2,2,10,1,-999,-999,0
72.5,47,16,2,-72.5706,6,-112.102,5,5,0,1,-999,-999,0
72.5,47,16,2,-72.5706,3,-122.099,0,0,20,0,-999,-999,0
72.5,47,16,2,-72.5706,4,-130.638,9,9,20,0,-999,-999,0
72.5,47,16,2,-72.5706,7,-135.847,5,5,0,1,-999,-999,0
72.5,50,21,2,-68.7745,5,-102.954,2,2,10,1,-999,-999,0
72.5,50,21,2,-68.7745,1,-110.561,1,1,20,0,-999,-999,0
72.5,50,21,2,-68.7745,4,-127.173,9,9,20,0,-999,-999,0
72.5,50,21,2,-68.7745,3,-135.729,0,0,20,0,-999,-999,0
72.5,50,21,2,-68.7745,7,-136.371,5,5,0,1,-999,-999,0
72.5,50,21,2,-68.7745,6,-152.906,5,5,0,1,-999,-999,0
72.5,54,25,7,-115.273,4,-110.94,9,9,20,0,-999,-999,0
72.5,54,25,7,-115.273,5,-121.848,2,2,10,1,-999,-999,0
72.5,54,25,7,-115.273,1,-138.095,1,1,20,0,-999,-999,0
72.5,54,25,7,-115.273,2,-142.769,4,4,20,0,-999,-999,0
72.5,54,25,7,-115.273,3,-161.028,0,0,20,0,-999,-999,0
72.5,54,25,7,-115.273,6,-172.322,5,5,0,1,-999,-999,0
72.5,56,22,2,-115.68,5,-122.862,2,2,10,1,-999,-999,0
72.5,56,22,2,-115.68,1,-125.136,1,1,20,0,-999,-999,0
72.5,56,22,2,-115.68,3,-131.431,0,0,20,0,-999,-999,0
72.5,56,22,2,-115.68,4,-137.143,9,9,20,0,-999,-999,0
72.5,56,22,2,-115.68,7,-149.866,5,5,0,1,-999,-999,0
72.5,56,22,2,-115.68,6,-161.96,5,5,0,1,-999,-999,0
72.5,58,34,7,-127.751,5,-118.53,2,2,10,1,-999,-999,0
72.5,58,34,7,-127.751,4,-143.525,9,9,20,0,-999,-999,0
72.5,58,34,7,-127.751,1,-147.354,1,1,20,0,-999,-999,0
72.5,58,34,7,-127.751,2,-149.336,4,4,20,0,-999,-999,0
72.5,58,34,7,-127.751,6,-156.259,5,5,0,1,-999,-999,0
72.5,58,34,7,-127.751,3,-163.262,0,0,20,0,-999,-999,0
72.5,68,56,6,-97.0473,4,-130.657,9,9,20,0,-999,-999,0
72.5,68,56,6,-97.0473,2,-132.325,4,4,20,0,-999,-999,0
72.5,68,56,6,-97.0473,5,-137.842,2,2,10,1,-999,-999,0
72.5,68,56,6,-97.0473,1,-137.927,1,1,20,0,-999,-999,0
72.5,68,56,6,-97.0473,3,-146.674,0,0,20,0,-999,-999,0
72.5,68,56,6,-97.0473,7,-147.823,5,5,0,1,-999,-999,0
72.5,70,48,6,-128.356,3,-124.749,0,0,20,0,-999,-999,0
72.5,70,48,6,-128.356,5,-126.589,2,2,10,1,-999,-999,0
72.5,70,48,6,-128.356,1,-138.293,1,1,20,0,-999,-999,0
72.5,70,48,6,-128.356,7,-143.037,5,5,0,1,-999,-999,0
72.5,70,48,6,-128.356,2,-144.102,4,4,20,0,-999,-999,0
72.5,70,48,6,-128.356,4,-149.88,9,9,20,0,-999,-999,0
72.5,77,64,6,-130.743,1,-108.204,1,1,20,0,-999,-999,0
72.5,77,64,6,-130.743,5,-134.838,2,2,10,1,-999,-999,0
72.5,77,64,6,-130.743,4,-140.141,9,9,20,0,-999,-999,0
72.5,77,64,6,-130.743,2,-145.562,4,4,20,0,-999,-999,0
72.5,77,64,6,-130.743,7,-155.673,5,5,0,1,-999,-999,0
72.5,77,64,6,-130.743,3,-160.305,0,0,20,0,-999,-999,0
72.5,80,8,1,-118.163,2,-91.3188,4,4,20,0,-999,-999,0
72.5,80,8,1,-118.163,4,-100.32,9,9,20,0,-999,-999,0
72.5,80,8,1,-118.163,5,-106.031,2,2,10,1,-999,-999,0
72.5,80,8,1,-118.163,3,-137.179,0,0,20,0,-999,-999,0
72.5,80,8,1,-118.163,7,-144.22,5,5,0,1,-999,-999,0
72.5,80,8,1,-118.163,6,-145.184,5,5,0,1,-999,-999,0
72.5,86,37,5,-121.617,4,-126.992,9,9,20,0,-999,-999,0
72.5,86,37,5,-121.617,7,-143.533,5,5,0,1,-999,-999,0
72.5,86,37,5,-121.617,1,-149.695,1,1,20,0,-999,-999,0
72.5,86,37,5,-121.617,6,-150.24,5,5,0,1,-999,-999,0
72.5,86,37,5,-121.617,2,-159.237,4,4,20,0,-999,-999,0
72.5,86,37,5,-121.617,3,-174.706,0,0,20,0,-999,-999,0
72.5,89,25,4,-134.501,6,-101.214,5,5,0,1,-999,-999,0
72.5,89,25,4,-134.501,1,-121.579,1,1,20,0,-999,-999,0
72.5,89,25,4,-134.501,7,-126.112,5,5,0,1,-999,-999,0
72.5,89,25,4,-134.501,5,-126.871,2,2,10,1,-999,-999,0
72.5,89,25,4,-134.501,2,-134.219,4,4,20,0,-999,-999,0
72.5,89,25,4,-134.501,3,-137.846,0,0,20,0,-999,-999,0
72.5,95,23,4,-141.066,2,-97.4858,4,4,20,0,-999,-999,0
72.5,95,23,4,-141.066,5,-126.114,2,2,10,1,-999,-999,0
72.5,95,23,4,-141.066,6,-138.758,5,5,0,1,-999,-999,0
72.5,95,23,4,-141.066,1,-138.768,1,1,20,0,-999,-999,0
72.5,95,23,4,-141.066,7,-140.326,5,5,0,1,-999,-999,0
72.5,95,23,4,-141.066,3,-146.899,0,0,20,0,-999,-999,0
72.5,98,22,4,-92.0782,7,-97.654,5,5,0,1,-999,-999,0
72.5,98,22,4,-92.0782,2,-97.7293,4,4,20,0,-999,-999,0
72.5,98,22,4,-92.0782,5,-109.788,2,2,10,1,-999,-999,0
72.5,98,22,4,-92.0782,6,-120.357,5,5,0,1,-999,-999,0
72.5,98,22,4,-92.0782,1,-133.955,1,1,20,0,-999,-999,0
72.5,98,22,4,-92.0782,3,-148.649,0,0,20,0,-999,-999,0
72.5,100,16,6,-103.258,2,-126.44,4,4,20,0,-999,-999,0
72.5,100,16,6,-103.258,5,-149.07,2,2,10,1,-999,-999,0
72.5,100,16,6,-103.258,4,-152.759,9,9,20,0,-999,-999,0
72.5,100,16,6,-103.258,1,-156.468,1,1,20,0,-999,-999,0
72.5,100,16,6,-103.258,3,-161.314,0,0,20,0,-999,-999,0
72.5,100,16,6,-103.258,7,-162.856,5,5,0,1,-999,-999,0
72.5,107,19,4,-125.785,1,-101.381,1,1,20,0,-999,-999,0
72.5,107,19,4,-125.785,6,-110.882,5,5,0,1,-999,-999,0
72.5,107,19,4,-125.785,7,-111.654,5,5,0,1,-999,-999,0
72.5,107,19,4,-125.785,2,-132.612,4,4,20,0,-999,-999,0
72.5,107,19,4,-125.785,5,-137.139,2,2,10,1,-999,-999,0
72.5,107,19,4,-125.785,3,-156.65,0,0,20,0,-999,-999,0
74.5,13,17,4,-110.801,1,-82.97,1,1,20,0,-999,-999,0
74.5,13,17,4,-110.801,5,-96.031,2,2,10,1,-999,-999,0
74.5,13,17,4,-110.801,2,-115.439,4,4,20,0,-999,-999,0
74.5,13,17,4,-110.801,3,-142.659,0,0,20,0,-999,-999,0
74.5,13,17,4,-110.801,7,-147.441,7,7,0,1,-999,-999,0
74.5,13,17,4,-110.801,6,-151.547,5,5,0,1,-999,-999,0
74.5,22,24,4,-93.3111,7,-95.5445,7,7,0,1,-999,-999,0
74.5,22,24,4,-93.3111,5,-103.781,2,2,10,1,-999,-999,0
74.5,22,24,4,-93.3111,2,-106.268,4,4,20,0,-999,-999,0
74.5,22,24,4,-93.3111,1,-141.21,1,1,20,0,-999,-999,0
74.5,22,24,4,-93.3111,6,-147.898,5,5,0,1,-999,-999,0
74.5,22,24,4,-93.3111,3,-155.709,0,0,20,0,-999,-999,0
74.5,26,32,6,-95.5109,2,-106.092,4,4,20,0,-999,-999,0
74.5,26,32,6,-95.5109,4,-126.893,9,9,20,0,-999,-999,0
74.5,26,32,6,-95.5109,1,-138.068,1,1,20,0,-999,-999,0
74.5,26,32,6,-95.5109,3,-138.659,0,0,20,0,-999,-999,0
74.5,26,32,6,-95.5109,5,-148.328,2,2,10,1,-999,-999,0
74.5,26,32,6,-95.5109,7,-150.897,7,7,0,1,-999,-999,0
74.5,29,42,7,-143.089,5,-107.557,2,2,10,1,-999,-999,0
74.5,29,42,7,-143.089,2,-116.262,4,4,20,0,-999,-999,0
74.5,29,42,7,-143.089,4,-143.839,9,9,20,0,-999,-999,0
74.5,29,42,7,-143.089,1,-146.99,1,1,20,0,-999,-999,0
74.5,29,42,7,-143.089,6,-153.849,5,5,0,1,-999,-999,0
74.5,29,42,7,-143.089,3,-169.991,0,0,20,0,-999,-999,0
74.5,31,66,7,-126.258,2,-123.933,4,4,20,0,-999,-999,0
74.5,31,66,7,-126.258,1,-135.678,1,1,20,0,-999,-999,0
74.5,31,66,7,-126.258,4,-139.002,9,9,20,0,-999,-999,0
74.5,31,66,7,-126.258,5,-143.567,2,2,10,1,-999,-999,0
74.5,31,66,7,-126.258,3,-155.118,0,0,20,0,-999,-999,0
74.5,31,66,7,-126.258,6,-164.872,5,5,0,1,-999,-999,0
74.5,32,20,4,-121.414,2,-102.19,4,4,20,0,-999,-999,0
74.5,32,20,4,-121.414,5,-110.671,2,2,10,1,-999,-999,0
74.5,32,20,4,-121.414,1,-139.86,1,1,20,0,-999,-999,0
74.5,32,20,4,-121.414,6,-145.686,5,5,0,1,-999,-999,0
74.5,32,20,4,-121.414,3,-145.725,0,0,20,0,-999,-999,0
74.5,32,20,4,-121.414,7,-150.09,7,7,0,1,-999,-999,0
74.5,36,47,5,-119.141,4,-113.252,9,9,20,0,-999,-999,0
74.5,36,47,5,-119.141,2,-117.304,4,4,20,0,-999,-999,0
74.5,36,47,5,-119.141,1,-124.25,1,1,20,0,-999,-999,0
74.5,36,47,5,-119.141,3,-141.249,0,0,20,0,-999,-999,0
74.5,36,47,5,-119.141,6,-144.059,5,5,0,1,-999,-999,0
74.5,36,47,5,-119.141,7,-159.009,7,7,0,1,-999,-999,0
74.5,38,18,2,-136.7,4,-118.575,9,9,20,0,-999,-999,0
74.5,38,18,2,-136.7,5,-126.435,2,2,10,1,-999,-999,0
74.5,38,18,2,-136.7,6,-133.097,5,5,0,1,-999,-999,0
74.5,38,18,2,-136.7,1,-136.645,1,1,20,0,-999,-999,0
74.5,38,18,2,-136.7,7,-146.268,7,7,0,1,-999,-999,0
74.5,38,18,2,-136.7,3,-153.427,0,0,20,0,-999,-999,0
74.5,42,26,7,-101.64,4,-103.034,9,9,20,0,-999,-999,0
74.5,42,26,7,-101.64,1,-104.112,1,1,20,0,-999,-999,0
74.5,42,26,7,-101.64,2,-125.51,4,4,20,0,-999,-999,0
74.5,42,26,7,-101.64,5,-132.401,2,2,10,1,-999,-999,0
74.5,42,26,7,-101.64,3,-144.971,0,0,20,0,-999,-999,0
74.5,42,26,7,-101.64,6,-156.717,5,5,0,1,-999,-999,0
74.5,44,21,4,-145.746,6,-126.031,5,5,0,1,-999,-999,0
74.5,44,21,4,-145.746,1,-131.807,1,1,20,0,-999,-999,0
74.5,44,21,4,-145.746,5,-134.149,2,2,10,1,-999,-999,0
74.5,44,21,4,-145.746,3,-134.798,0,0,20,0,-999,-999,0
74.5,44,21,4,-145.746,2,-137.077,4,4,20,0,-999,-999,0
74.5,44,21,4,-145.746,7,-138.33,7,7,0,1,-999,-999,0
74.5,46,16,4,-112.596,2,-87.5791,4,4,20,0,-999,-999,0
74.5,46,16,4,-112.596,5,-106.472,2,2,10,1,-999,-999,0
74.5,46,16,4,-112.596,1,-130.949,1,1,20,0,-999,-999,0
74.5,46,16,4,-112.596,7,-133.305,7,7,0,1,-999,-999,0
74.5,46,16,4,-112.596,6,-136.318,5,5,0,1,-999,-999,0
74.5,46,16,4,-112.596,3,-156.668,0,0,20,0,-999,-999,0
74.5,47,16,2,-109.039,5,-84.4568,2,2,10,1,-999,-999,0
74.5,47,16,2,-109.039,7,-114.191,7,7,0,1,-999,-999,0
74.5,47,16,2,-109.039,1,-128.671,1,1,20,0,-999,-999,0
74.5,47,16,2,-109.039,4,-130.27,9,9,20,0,-999,-999,0
74.5,47,16,2,-109.039,6,-140.511,5,5,0,1,-999,-999,0
74.5,47,16,2,-109.039,3,-141.367,0,0,20,0,-999,-999,0
74.5,50,21,2,-65.4493,5,-97.4515,2,2,10,1,-999,-999,0
74.5,50,21,2,-65.4493,4,-129.314,9,9,20,0,-999,-999,0
74.5,50,21,2,-65.4493,1,-133.977,1,1,20,0,-999,-999,0
74.5,50,21,2,-65.4493,3,-137.022,0,0,20,0,-999,-999,0
74.5,50,21,2,-65.4493,6,-156.606,5,5,0,1,-999,-999,0
74.5,50,21,2,-65.4493,7,-161.284,7,7,0,1,-999,-999,0
74.5,54,25,7,-119.398,1,-133.268,1,1,20,0,-999,-999,0
74.5,54,25,7,-119.398,5,-136.358,2,2,10,1,-999,-999,0
74.5,54,25,7,-119.398,4,-142.291,9,9,20,0,-999,-999,0
74.5,54,25,7,-119.398,2,-154.229,4,4,20,0,-999,-999,0
74.5,54,25,7,-119.398,3,-160.678,0,0,20,0,-999,-999,0
74.5,54,25,7,-119.398,6,-176.223,5,5,0,1,-999,-999,0
74.5,56,22,2,-113.704,4,-111.306,9,9,20,0,-999,-999,0
74.5,56,22,2,-113.704,1,-120.43,1,1,20,0,-999,-999,0
74.5,56,22,2,-113.704,5,-123.126,2,2,10,1,-999,-999,0
74.5,56,22,2,-113.704,3,-130.354,0,0,20,0,-999,-999,0
74.5,56,22,2,-113.704,6,-142.125,5,5,0,1,-999,-999,0
74.5,56,22,2,-113.704,7,-147.337,7,7,0,1,-999,-999,0
74.5,58,34,7,-132.838,2,-113.331,4,4,20,0,-999,-999,0
74.5,58,34,7,-132.838,5,-139.124,2,2,10,1,-999,-999,0
74.5,58,34,7,-132.838,4,-144.928,9,9,20,0,-999,-999,0
74.5,58,34,7,-132.838,1,-152.184,1,1,20,0,-999,-999,0
74.5,58,34,7,-132.838,3,-163.311,0,0,20,0,-999,-999,0
74.5,58,34,7,-132.838,6,-165.014,5,5,0,1,-999,-999,0
74.5,68,56,6,-131.004,5,-126.385,2,2,10,1,-999,-999,0
74.5,68,56,6,-131.004,2,-134.718,4,4,20,0,-999,-999,0
74.5,68,56,6,-131.004,4,-135.791,9,9,20,0,-999,-999,0
74.5,68,56,6,-131.004,1,-136.227,1,1,20,0,-999,-999,0
74.5,68,56,6,-131.004,3,-148.16,0,0,20,0,-999,-999,0
74.5,68,56,6,-131.004,7,-157.022,7,7,0,1,-999,-999,0
74.5,70,48,6,-116.255,4,-114.991,9,9,20,0,-999,-999,0
74.5,70,48,6,-116.255,1,-116.106,1,1,20,0,-999,-999,0
74.5,70,48,6,-116.255,3,-130.807,0,0,20,0,-999,-999,0
74.5,70,48,6,-116.255,5,-131.844,2,2,10,1,-999,-999,0
74.5,70,48,6,-116.255,2,-138.248,4,4,20,0,-999,-999,0
74.5,70,48,6,-116.255,7,-148.738,7,7,0,1,-999,-999,0
74.5,77,64,6,-93.8207,1,-108.196,1,1,20,0,-999,-999,0
74.5,77,64,6,-93.8207,2,-112.741,4,4,20,0,-999,-999,0
74.5,77,64,6,-93.8207,4,-117.766,9,9,20,0,-999,-999,0
74.5,77,64,6,-93.8207,5,-131.174,2,2,10,1,-999,-999,0
74.5,77,64,6,-93.8207,7,-148.017,7,7,0,1,-999,-999,0
74.5,77,64,6,-93.8207,3,-154.985,0,0,20,0,-999,-999,0
74.5,80,8,1,-113.412,6,-123.822,5,5,0,1,-999,-999,0
74.5,80,8,1,-113.412,4,-125.644,9,9,20,0,-999,-999,0
74.5,80,8,1,-113.412,2,-127.002,4,4,20,0,-999,-999,0
74.5,80,8,1,-113.412,5,-129.038,2,2,10,1,-999,-999,0
74.5,80,8,1,-113.412,3,-138.834,0,0,20,0,-999,-999,0
74.5,80,8,1,-113.412,7,-141.054,7,7,0,1,-999,-999,0
74.5,86,37,5,-109.959,7,-108.662,7,7,0,1,-999,-999,0
74.5,86,37,5,-109.959,6,-134.147,5,5,0,1,-999,-999,0
74.5,86,37,5,-109.959,4,-154.783,9,9,20,0,-999,-999,0
74.5,86,37,5,-109.959,1,-157.552,1,1,20,0,-999,-999,0
74.5,86,37,5,-109.959,2,-159.923,4,4,20,0,-999,-999,0
74.5,86,37,5,-109.959,3,-177.983,0,0,20,0,-999,-999,0
74.5,89,25,4,-128.642,1,-120.021,1,1,20,0,-999,-999,0
74.5,89,25,4,-128.642,6,-137.377,5,5,0,1,-999,-999,0
74.5,89,25,4,-128.642,2,-137.895,4,4,20,0,-999,-999,0
74.5,89,25,4,-128.642,3,-140.528,0,0,20,0,-999,-999,0
74.5,89,25,4,-128.642,7,-141.848,7,7,0,1,-999,-999,0
74.5,89,25,4,-128.642,5,-148.146,2,2,10,1,-999,-999,0
74.5,95,23,4,-132.323,1,-134.605,1,1,20,0,-999,-999,0
74.5,95,23,4,-132.323,5,-134.627,2,2,10,1,-999,-999,0
74.5,95,23,4,-132.323,2,-135.279,4,4,20,0,-999,-999,0
74.5,95,23,4,-132.323,7,-139.484,7,7,0,1,-999,-999,0
74.5,95,23,4,-132.323,6,-141.592,5,5,0,1,-999,-999,0
74.5,95,23,4,-132.323,3,-146.146,0,0,20,0,-999,-999,0
74.5,98,22,4,-92.3764,1,-93.6274,1,1,20,0,-999,-999,0
74.5,98,22,4,-92.3764,2,-93.9045,4,4,20,0,-999,-999,0
74.5,98,22,4,-92.3764,7,-124.951,7,7,0,1,-999,-999,0
74.5,98,22,4,-92.3764,5,-132.88,2,2,10,1,-999,-999,0
74.5,98,22,4,-92.3764,6,-149.884,5,5,0,1,-999,-999,0
74.5,98,22,4,-92.3764,3,-152.886,0,0,20,0,-999,-999,0
74.5,100,16,6,-141.802,5,-130.587,2,2,10,1,-999,-999,0
74.5,100,16,6,-141.802,4,-146.015,9,9,20,0,-999,-999,0
74.5,100,16,6,-141.802,2,-150.636,4,4,20,0,-999,-999,0
74.5,100,16,6,-141.802,1,-152.869,1,1,20,0,-999,-999,0
74.5,100,16,6,-141.802,7,-157.047,7,7,0,1,-999,-999,0
74.5,100,16,6,-141.802,3,-163.196,0,0,20,0,-999,-999,0
74.5,107,19,4,-137.29,5,-106.57,2,2,10,1,-999,-999,0
74.5,107,19,4,-137.29,7,-109.399,7,7,0,1,-999,-999,0
74.5,107,19,4,-137.29,2,-130.286,4,4,20,0,-999,-999,0
74.5,107,19,4,-137.29,1,-135.394,1,1,20,0,-999,-999,0
74.5,107,19,4,-137.29,6,-151.265,5,5,0,1,-999,-999,0
74.5,107,19,4,-137.29,3,-154.359,0,0,20,0,-999,-999,0
76.5,13,17,4,-112.32,1,-101.516,1,1,20,0,-999,-999,1
76.5,13,17,4,-112.32,2,-103.307,4,4,20,0,-999,-999,1
76.5,13,17,4,-112.32,5,-126.034,2,2,10,1,-999,-999,1
76.5,13,17,4,-112.32,7,-129.768,7,7,0,1,-999,-999,1
76.5,13,17,4,-112.32,3,-141.631,0,0,20,0,-999,-999,1
76.5,13,17,4,-112.32,6,-158.437,5,5,0,1,-999,-999,1
76.5,22,24,4,-129.333,7,-90.4255,7,7,0,1,-999,-999,0
76.5,22,24,4,-129.333,1,-133.984,1,2,20,0,-999,-999,0
76.5,22,24,4,-129.333,5,-135.274,2,2,10,1,-999,-999,0
76.5,22,24,4,-129.333,2,-135.443,4,4,20,0,-999,-999,0
76.5,22,24,4,-129.333,3,-153.368,0,0,20,0,-999,-999,0
76.5,22,24,4,-129.333,6,-154.377,5,5,0,1,-999,-999,0
76.5,26,32,6,-128.129,1,-119.305,1,2,20,0,-999,-999,0
76.5,26,32,6,-128.129,2,-137.168,4,4,20,0,-999,-999,0
76.5,26,32,6,-128.129,7,-141.479,7,7,0,1,-999,-999,0
76.5,26,32,6,-128.129,5,-142.481,2,2,10,1,-999,-999,0
76.5,26,32,6,-128.129,3,-143.373,0,0,20,0,-999,-999,0
76.5,26,32,6,-128.129,4,-144.192,9,9,20,0,-999,-999,0
76.5,29,42,7,-118.672,1,-130.591,1,2,20,0,-999,-999,0
76.5,29,42,7,-118.672,4,-143.757,9,9,20,0,-999,-999,0
76.5,29,42,7,-118.672,5,-145.759,2,2,10,1,-999,-999,0
76.5,29,42,7,-118.672,2,-153.317,4,4,20,0,-999,-999,0
76.5,29,42,7,-118.672,6,-157.891,5,5,0,1,-999,-999,0
76.5,29,42,7,-118.672,3,-172.727,0,0,20,0,-999,-999,0
76.5,31,66,7,-112.957,1,-122.508,1,2,20,0,-999,-999,0
76.5,31,66,7,-112.957,6,-125.421,5,5,0,1,-999,-999,0
76.5,31,66,7,-112.957,4,-136.07,9,9,20,0,-999,-999,0
76.5,31,66,7,-112.957,2,-154.799,4,4,20,0,-999,-999,0
76.5,31,66,7,-112.957,3,-158.95,0,0,20,0,-999,-999,0
76.5,31,66,7,-112.957,5,-158.95,2,2,10,1,-999,-999,0
76.5,32,20,4,-116.279,2,-88.0332,4,4,20,0,-999,-999,2
76.5,32,20,4,-116.279,5,-122.462,2,2,10,1,-999,-999,2
76.5,32,20,4,-116.279,6,-124.696,5,5,0,1,-999,-999,2
76.5,32,20,4,-116.279,1,-129.686,1,2,20,0,-999,-999,2
76.5,32,20,4,-116.279,7,-139.47,7,7,0,1,-999,-999,2
76.5,32,20,4,-116.279,3,-150.247,0,0,20,0,-999,-999,2
76.5,36,47,5,-121.638,1,-103.114,1,2,20,0,-999,-999,0
76.5,36,47,5,-121.638,4,-113.949,9,9,20,0,-999,-999,0
76.5,36,47,5,-121.638,2,-119.839,4,5,20,0,-999,-999,0
76.5,36,47,5,-121.638,3,-140.932,0,0,20,0,-999,-999,0
76.5,36,47,5,-121.638,6,-151.28,5,5,0,1,-999,-999,0
76.5,36,47,5,-121.638,7,-155.811,7,7,0,1,-999,-999,0
76.5,38,18,2,-137.812,1,-101.5,1,2,20,0,-999,-999,0
76.5,38,18,2,-137.812,6,-129.962,5,5,0,1,-999,-999,0
76.5,38,18,2,-137.812,5,-143.402,2,2,10,1,-999,-999,0
76.5,38,18,2,-137.812,4,-143.624,9,9,20,0,-999,-999,0
76.5,38,18,2,-137.812,7,-147.218,7,7,0,1,-999,-999,0
76.5,38,18,2,-137.812,3,-151.314,0,0,20,0,-999,-999,0
76.5,42,26,7,-109.365,5,-98.9825,2,2,10,1,-999,-999,0
76.5,42,26,7,-109.365,1,-123.5,1,2,20,0,-999,-999,0
76.5,42,26,7,-109.365,4,-127.077,9,9,20,0,-999,-999,0
76.5,42,26,7,-109.365,2,-133.449,4,5,20,0,-999,-999,0
76.5,42,26,7,-109.365,6,-151.707,5,5,0,1,-999,-999,0
76.5,42,26,7,-109.365,3,-152.236,0,0,20,0,-999,-999,0
76.5,43,81,7,-134.221,2,-138.003,4,5,20,0,-999,-999,0
76.5,43,81,7,-134.221,1,-138.591,1,2,20,0,-999,-999,0
76.5,43,81,7,-134.221,4,-145.853,9,9,20,0,-999,-999,0
76.5,43,81,7,-134.221,6,-149.553,5,5,0,1,-999,-999,0
76.5,43,81,7,-134.221,5,-152.943,2,2,10,1,-999,-999,0
76.5,43,81,7,-134.221,3,-173.362,0,0,20,0,-999,-999,0
76.5,44,21,4,-136.814,1,-110.591,1,2,20,0,-999,-999,0
76.5,44,21,4,-136.814,2,-122.044,4,5,20,0,-999,-999,0
76.5,44,21,4,-136.814,6,-127.948,5,5,0,1,-999,-999,0
76.5,44,21,4,-136.814,3,-134.722,0,0,20,0,-999,-999,0
76.5,44,21,4,-136.814,5,-138.468,2,2,10,1,-999,-999,0
76.5,44,21,4,-136.814,7,-141.592,7,7,0,1,-999,-999,0
76.5,46,16,4,-111.327,5,-91.6362,2,2,10,1,-999,-999,0
76.5,46,16,4,-111.327,6,-115.702,5,5,0,1,-999,-999,0
76.5,46,16,4,-111.327,7,-119.812,7,7,0,1,-999,-999,0
76.5,46,16,4,-111.327,2,-125.318,4,5,20,0,-999,-999,0
76.5,46,16,4,-111.327,1,-144.266,1,2,20,0,-999,-999,0
76.5,46,16,4,-111.327,3,-154.905,0,0,20,0,-999,-999,0
76.5,47,16,2,-112.261,5,-87.3559,2,2,10,1,-999,-999,0
76.5,47,16,2,-112.261,1,-88.4742,1,2,20,0,-999,-999,0
76.5,47,16,2,-112.261,4,-132.178,9,9,20,0,-999,-999,0
76.5,47,16,2,-112.261,7,-138.783,7,7,0,1,-999,-999,0
76.5,47,16,2,-112.261,6,-143.687,5,5,0,1,-999,-999,0
76.5,47,16,2,-112.261,3,-144.856,0,0,20,0,-999,-999,0
76.5,50,21,2,-76.9033,5,-80.9899,2,2,10,1,-999,-999,0
76.5,50,21,2,-76.9033,4,-130.101,9,9,20,0,-999,-999,0
76.5,50,21,2,-76.9033,1,-132.554,1,2,20,0,-999,-999,0
76.5,50,21,2,-76.9033,3,-135.411,0,0,20,0,-999,-999,0
76.5,50,21,2,-76.9033,6,-153.154,5,5,0,1,-999,-999,0
76.5,50,21,2,-76.9033,7,-162.991,7,7,0,1,-999,-999,0
76.5,53,82,7,-138.434,5,-106.978,2,2,10,1,-999,-999,0
76.5,53,82,7,-138.434,4,-108.631,9,9,20,0,-999,-999,0
76.5,53,82,7,-138.434,6,-114.298,5,5,0,1,-999,-999,0
76.5,53,82,7,-138.434,1,-144.468,1,2,20,0,-999,-999,0
76.5,53,82,7,-138.434,2,-151.076,4,5,20,0,-999,-999,0
76.5,53,82,7,-138.434,3,-167.425,0,0,20,0,-999,-999,0
76.5,54,25,7,-127.43,4,-135.17,9,9,20,0,-999,-999,0
76.5,54,25,7,-127.43,2,-140.224,4,5,20,0,-999,-999,0
76.5,54,25,7,-127.43,5,-140.551,2,2,10,1,-999,-999,0
76.5,54,25,7,-127.43,1,-144.17,1,2,20,0,-999,-999,0
76.5,54,25,7,-127.43,6,-151.161,5,5,0,1,-999,-999,0
76.5,54,25,7,-127.43,3,-155.551,0,0,20,0,-999,-999,0
76.5,56,22,2,-112.552,5,-122.84,2,2,10,1,-999,-999,0
76.5,56,22,2,-112.552,4,-127.444,9,9,20,0,-999,-999,0
76.5,56,22,2,-112.552,1,-129.176,1,2,20,0,-999,-999,0
76.5,56,22,2,-112.552,3,-130.81,0,0,20,0,-999,-999,0
76.5,56,22,2,-112.552,7,-135.321,7,7,0,1,-999,-999,0
76.5,56,22,2,-112.552,6,-151.197,5,5,0,1,-999,-999,0
76.5,58,34,7,-141.106,5,-138.81,2,2,10,1,-999,-999,0
76.5,58,34,7,-141.106,4,-141.973,9,9,20,0,-999,-999,0
76.5,58,34,7,-141.106,1,-147.97,1,2,20,0,-999,-999,0
76.5,58,34,7,-141.106,2,-149.669,4,5,20,0,-999,-999,0
76.5,58,34,7,-141.106,6,-158.741,5,5,0,1,-999,-999,0
76.5,58,34,7,-141.106,3,-162.279,0,0,20,0,-999,-999,0
76.5,68,56,6,-128.925,2,-114.128,4,5,20,0,-999,-999,0
76.5,68,56,6,-128.925,1,-120.73,1,2,20,0,-999,-999,0
76.5,68,56,6,-128.925,5,-135.964,2,2,10,1,-999,-999,0
76.5,68,56,6,-128.925,7,-138.38,7,7,0,1,-999,-999,0
76.5,68,56,6,-128.925,3,-145.347,0,0,20,0,-999,-999,0
76.5,68,56,6,-128.925,4,-148.358,9,9,20,0,-999,-999,0
76.5,70,48,6,-129.066,5,-118.857,2,2,10,1,-999,-999,0
76.5,70,48,6,-129.066,2,-128.044,4,5,20,0,-999,-999,0
76.5,70,48,6,-129.066,3,-128.673,0,0,20,0,-999,-999,0
76.5,70,48,6,-129.066,1,-138.729,1,2,20,0,-999,-999,0
76.5,70,48,6,-129.066,7,-150.932,7,7,0,1,-999,-999,0
76.5,70,48,6,-129.066,4,-151.962,9,9,20,0,-999,-999,0
76.5,77,64,6,-132.648,5,-110.294,2,2,10,1,-999,-999,0
76.5,77,64,6,-132.648,7,-125.115,7,7,0,1,-999,-999,0
76.5,77,64,6,-132.648,1,-127.344,1,2,20,0,-999,-999,0
76.5,77,64,6,-132.648,2,-154.209,4,5,20,0,-999,-999,0
76.5,77,64,6,-132.648,4,-155.395,9,9,20,0,-999,-999,0
76.5,77,64,6,-132.648,3,-157.285,0,0,20,0,-999,-999,0
76.5,80,8,1,-106.7,2,-123.813,4,5,20,0,-999,-999,0
76.5,80,8,1,-106.7,4,-123.983,9,9,20,0,-999,-999,0
76.5,80,8,1,-106.7,7,-126.797,7,7,0,1,-999,-999,0
76.5,80,8,1,-106.7,5,-132.188,2,2,10,1,-999,-999,0
76.5,80,8,1,-106.7,3,-138.957,0,0,20,0,-999,-999,0
76.5,80,8,1,-106.7,6,-148.857,5,5,0,1,-999,-999,0
76.5,86,37,5,-155.89,7,-124.154,7,7,0,1,-999,-999,0
76.5,86,37,5,-155.89,6,-150.028,5,5,0,1,-999,-999,0
76.5,86,37,5,-155.89,4,-150.921,9,9,20,0,-999,-999,0
76.5,86,37,5,-155.89,1,-156.987,1,2,20,0,-999,-999,0
76.5,86,37,5,-155.89,2,-159.463,4,5,20,0,-999,-999,0
76.5,86,37,5,-155.89,3,-171.801,0,0,20,0,-999,-999,0
76.5,89,25,4,-105.248,1,-103.132,1,2,20,0,-999,-999,0
76.5,89,25,4,-105.248,2,-119.56,4,5,20,0,-999,-999,0
76.5,89,25,4,-105.248,3,-134.605,0,0,20,0,-999,-999,0
76.5,89,25,4,-105.248,5,-140,2,2,10,1,-999,-999,0
76.5,89,25,4,-105.248,6,-140.083,5,5,0,1,-999,-999,0
76.5,89,25,4,-105.248,7,-147.178,7,7,0,1,-999,-999,0
76.5,95,23,4,-98.6938,6,-108.373,5,5,0,1,-999,-999,0
76.5,95,23,4,-98.6938,5,-131.555,2,2,10,1,-999,-999,0
76.5,95,23,4,-98.6938,1,-137.547,1,2,20,0,-999,-999,0
76.5,95,23,4,-98.6938,2,-142.746,4,5,20,0,-999,-999,0
76.5,95,23,4,-98.6938,3,-148.789,0,0,20,0,-999,-999,0
76.5,95,23,4,-98.6938,7,-149.928,7,7,0,1,-999,-999,0
76.5,98,22,4,-94.2247,7,-104.777,7,7,0,1,-999,-999,0
76.5,98,22,4,-94.2247,1,-127.29,1,2,20,0,-999,-999,0
76.5,98,22,4,-94.2247,2,-129.383,4,5,20,0,-999,-999,0
76.5,98,22,4,-94.2247,5,-140.136,2,2,10,1,-999,-999,0
76.5,98,22,4,-94.2247,6,-146.102,5,5,0,1,-999,-999,0
76.5,98,22,4,-94.2247,3,-153.316,0,0,20,0,-999,-999,0
76.5,100,16,6,-96.9146,2,-133.426,4,5,20,0,-999,-999,0
76.5,100,16,6,-96.9146,4,-148.144,9,9,20,0,-999,-999,0
76.5,100,16,6,-96.9146,5,-153.422,2,2,10,1,-999,-999,0
76.5,100,16,6,-96.9146,1,-155.659,1,2,20,0,-999,-999,0
76.5,100,16,6,-96.9146,3,-161.387,0,0,20,0,-999,-999,0
76.5,100,16,6,-96.9146,7,-161.875,7,7,0,1,-999,-999,0
76.5,107,19,4,-130.287,7,-105.191,7,7,0,1,-999,-999,0
76.5,107,19,4,-130.287,2,-110.178,4,5,20,0,-999,-999,0
76.5,107,19,4,-130.287,1,-116.854,1,2,20,0,-999,-999,0
76.5,107,19,4,-130.287,5,-129.955,2,2,10,1,-999,-999,0
76.5,107,19,4,-130.287,6,-141.115,5,5,0,1,-999,-999,0
76.5,107,19,4,-130.287,3,-159.938,0,0,20,0,-999,-999,0
78.5,13,10,1,-120.762,2,-94.0213,5,5,20,0,-999,-999,0
78.5,13,10,1,-120.762,4,-94.134,7,7,20,0,-999,-999,0
78.5,13,10,1,-120.762,5,-97.5518,2,2,10,1,-999,-999,0
78.5,13,10,1,-120.762,7,-121.423,7,7,0,1,-999,-999,0
78.5,13,10,1,-120.762,3,-145.872,0,0,20,0,-999,-999,0
78.5,13,10,1,-120.762,6,-159.363,5,5,0,1,-999,-999,0
78.5,22,24,4,-124.728,7,-123.482,7,7,0,1,-999,-999,0
78.5,22,24,4,-124.728,1,-132.319,2,2,20,0,-999,-999,0
78.5,22,24,4,-124.728,2,-133.703,5,5,20,0,-999,-999,0
78.5,22,24,4,-124.728,5,-142.31,2,2,10,1,-999,-999,0
78.5,22,24,4,-124.728,6,-145.927,5,5,0,1,-999,-999,0
78.5,22,24,4,-124.728,3,-160.379,0,0,20,0,-999,-999,0
78.5,26,32,6,-102.726,3,-103.483,0,0,20,0,-999,-999,0
78.5,26,32,6,-102.726,5,-108.256,2,2,10,1,-999,-999,0
78.5,26,32,6,-102.726,2,-113.829,5,5,20,0,-999,-999,0
78.5,26,32,6,-102.726,1,-130.361,2,2,20,0,-999,-999,0
78.5,26,32,6,-102.726,7,-139.677,7,7,0,1,-999,-999,0
78.5,26,32,6,-102.726,4,-143.886,7,7,20,0,-999,-999,0
78.5,29,42,7,-141.971,6,-141.729,5,5,0,1,-999,-999,0
78.5,29,42,7,-141.971,5,-143.861,2,2,10,1,-999,-999,0
78.5,29,42,7,-141.971,4,-146.643,7,7,20,0,-999,-999,0
78.5,29,42,7,-141.971,1,-150.912,2,2,20,0,-999,-999,0
78.5,29,42,7,-141.971,2,-152.742,5,5,20,0,-999,-999,0
78.5,29,42,7,-141.971,3,-165.87,0,0,20,0,-999,-999,0
78.5,31,66,7,-133.015,2,-124.39,5,5,20,0,-999,-999,0
78.5,31,66,7,-133.015,4,-132.158,7,7,20,0,-999,-999,0
78.5,31,66,7,-133.015,6,-144.613,5,5,0,1,-999,-999,0
78.5,31,66,7,-133.015,1,-144.7,2,2,20,0,-999,-999,0
78.5,31,66,7,-133.015,5,-159.224,2,2,10,1,-999,-999,0
78.5,31,66,7,-133.015,3,-164.346,0,0,20,0,-999,-999,0
78.5,32,23,2,-102.009,4,-96.68,7,7,20,0,-999,-999,0
78.5,32,23,2,-102.009,5,-105.569,2,2,10,1,-999,-999,0
78.5,32,23,2,-102.009,1,-131.779,2,2,20,0,-999,-999,0
78.5,32,23,2,-102.009,7,-146.001,7,7,0,1,-999,-999,0
78.5,32,23,2,-102.009,3,-147.298,0,0,20,0,-999,-999,0
78.5,32,23,2,-102.009,6,-148.306,5,5,0,1,-999,-999,0
78.5,36,47,5,-113.095,4,-98.1615,7,7,20,0,-999,-999,0
78.5,36,47,5,-113.095,2,-118.339,5,5,20,0,-999,-999,0
78.5,36,47,5,-113.095,1,-122.602,2,2,20,0,-999,-999,0
78.5,36,47,5,-113.095,3,-142.173,0,0,20,0,-999,-999,0
78.5,36,47,5,-113.095,7,-153.329,7,7,0,1,-999,-999,0
78.5,36,47,5,-113.095,6,-164.074,5,5,0,1,-999,-999,0
78.5,38,18,2,-139.206,1,-100.593,2,2,20,0,-999,-999,1
78.5,38,18,2,-139.206,6,-130.529,5,5,0,1,-999,-999,1
78.5,38,18,2,-139.206,5,-137.867,2,2,10,1,-999,-999,1
78.5,38,18,2,-139.206,3,-148.53,0,0,20,0,-999,-999,1
78.5,38,18,2,-139.206,7,-148.9,7,7,0,1,-999,-999,1
78.5,38,18,2,-139.206,4,-150.854,7,7,20,0,-999,-999,1
78.5,42,26,7,-132.622,1,-100.281,2,3,20,0,-999,-999,0
78.5,42,26,7,-132.622,5,-111.829,2,2,10,1,-999,-999,0
78.5,42,26,7,-132.622,4,-126.703,7,7,20,0,-999,-999,0
78.5,42,26,7,-132.622,2,-128.857,5,5,20,0,-999,-999,0
78.5,42,26,7,-132.622,6,-136.141,5,5,0,1,-999,-999,0
78.5,42,26,7,-132.622,3,-145.808,0,0,20,0,-999,-999,0
78.5,43,81,7,-138.842,4,-132.494,7,7,20,0,-999,-999,0
78.5,43,81,7,-138.842,6,-134.713,5,5,0,1,-999,-999,0
78.5,43,81,7,-138.842,5,-143.585,2,2,10,1,-999,-999,0
78.5,43,81,7,-138.842,2,-152.637,5,5,20,0,-999,-999,0
78.5,43,81,7,-138.842,1,-154.439,2,3,20,0,-999,-999,0
78.5,43,81,7,-138.842,3,-166.58,0,0,20,0,-999,-999,0
78.5,44,21,4,-125.978,1,-125.772,2,3,20,0,-999,-999,0
78.5,44,21,4,-125.978,6,-126.938,5,5,0,1,-999,-999,0
78.5,44,21,4,-125.978,5,-136.961,2,2,10,1,-999,-999,0
78.5,44,21,4,-125.978,3,-137.048,0,0,20,0,-999,-999,0
78.5,44,21,4,-125.978,2,-138.365,5,5,20,0,-999,-999,0
78.5,44,21,4,-125.978,7,-143.807,7,7,0,1,-999,-999,0
78.5,46,16,4,-110.348,2,-87.3397,5,5,20,0,-999,-999,0
78.5,46,16,4,-110.348,1,-99.7091,2,3,20,0,-999,-999,0
78.5,46,16,4,-110.348,5,-117.796,2,2,10,1,-999,-999,0
78.5,46,16,4,-110.348,7,-131.717,7,7,0,1,-999,-999,0
78.5,46,16,4,-110.348,6,-151.892,5,5,0,1,-999,-999,0
78.5,46,16,4,-110.348,3,-154.963,0,0,20,0,-999,-999,0
78.5,47,16,2,-109.337,1,-88.4107,2,3,20,0,-999,-999,1
78.5,47,16,2,-109.337,5,-106.971,2,2,10,1,-999,-999,1
78.5,47,16,2,-109.337,7,-111.499,7,7,0,1,-999,-999,1
78.5,47,16,2,-109.337,4,-132.277,7,7,20,0,-999,-999,1
78.5,47,16,2,-109.337,6,-138.752,5,5,0,1,-999,-999,1
78.5,47,16,2,-109.337,3,-144.674,0,0,20,0,-999,-999,1
78.5,50,21,2,-77.902,5,-108.971,2,2,10,1,-999,-999,0
78.5,50,21,2,-77.902,1,-129.977,2,4,20,0,-999,-999,0
78.5,50,21,2,-77.902,4,-136.567,7,7,20,0,-999,-999,0
78.5,50,21,2,-77.902,3,-139.198,0,0,20,0,-999,-999,0
78.5,50,21,2,-77.902,6,-147.706,5,5,0,1,-999,-999,0
78.5,50,21,2,-77.902,7,-160.028,7,7,0,1,-999,-999,0
78.5,53,82,7,-133.557,6,-130.164,5,5,0,1,-999,-999,0
78.5,53,82,7,-133.557,5,-131.732,2,2,10,1,-999,-999,0
78.5,53,82,7,-133.557,4,-147.213,7,7,20,0,-999,-999,0
78.5,53,82,7,-133.557,1,-147.552,2,4,20,0,-999,-999,0
78.5,53,82,7,-133.557,2,-156.235,5,5,20,0,-999,-999,0
78.5,53,82,7,-133.557,3,-167.912,0,0,20,0,-999,-999,0
78.5,54,25,7,-132.836,4,-138.333,7,7,20,0,-999,-999,0
78.5,54,25,7,-132.836,1,-142.473,2,4,20,0,-999,-999,0
78.5,54,25,7,-132.836,2,-145.288,5,5,20,0,-999,-999,0
78.5,54,25,7,-132.836,5,-150.441,2,2,10,1,-999,-999,0
78.5,54,25,7,-132.836,3,-162.648,0,0,20,0,-999,-999,0
78.5,54,25,7,-132.836,6,-176.45,5,5,0,1,-999,-999,0
78.5,56,22,2,-105.714,5,-119.711,2,2,10,1,-999,-999,0
78.5,56,22,2,-105.714,1,-120.783,2,4,20,0,-999,-999,0
78.5,56,22,2,-105.714,3,-126.007,0,0,20,0,-999,-999,0
78.5,56,22,2,-105.714,4,-126.283,7,7,20,0,-999,-999,0
78.5,56,22,2,-105.714,6,-145.027,5,5,0,1,-999,-999,0
78.5,56,22,2,-105.714,7,-151.779,7,7,0,1,-999,-999,0
78.5,58,34,7,-140.045,5,-138.769,2,2,10,1,-999,-999,0
78.5,58,34,7,-140.045,6,-141.321,5,5,0,1,-999,-999,0
78.5,58,34,7,-140.045,4,-143.155,7,7,20,0,-999,-999,0
78.5,58,34,7,-140.045,1,-146.456,2,4,20,0,-999,-999,0
78.5,58,34,7,-140.045,2,-161.247,5,5,20,0,-999,-999,0
78.5,58,34,7,-140.045,3,-165.419,0,0,20,0,-999,-999,0
78.5,68,56,6,-132.289,5,-132.047,2,2,10,1,-999,-999,0
78.5,68,56,6,-132.289,2,-135.602,5,5,20,0,-999,-999,0
78.5,68,56,6,-132.289,4,-141.546,7,7,20,0,-999,-999,0
78.5,68,56,6,-132.289,3,-143.067,0,0,20,0,-999,-999,0
78.5,68,56,6,-132.289,1,-143.336,2,4,20,0,-999,-999,0
78.5,68,56,6,-132.289,7,-150.453,7,7,0,1,-999,-999,0
78.5,70,48,6,-91.0331,1,-111.757,2,4,20,0,-999,-999,0
78.5,70,48,6,-91.0331,2,-118.637,5,5,20,0,-999,-999,0
78.5,70,48,6,-91.0331,3,-123.738,0,0,20,0,-999,-999,0
78.5,70,48,6,-91.0331,4,-143.418,7,7,20,0,-999,-999,0
78.5,70,48,6,-91.0331,5,-147.037,2,2,10,1,-999,-999,0
78.5,70,48,6,-91.0331,7,-153.722,7,7,0,1,-999,-999,0
78.5,77,64,6,-133.653,7,-110.64,7,7,0,1,-999,-999,0
78.5,77,64,6,-133.653,4,-134.454,7,7,20,0,-999,-999,0
78.5,77,64,6,-133.653,2,-143.887,5,5,20,0,-999,-999,0
78.5,77,64,6,-133.653,1,-145.774,2,4,20,0,-999,-999,0
78.5,77,64,6,-133.653,5,-147.86,2,2,10,1,-999,-999,0
78.5,77,64,6,-133.653,3,-157.495,0,0,20,0,-999,-999,0
78.5,80,8,1,-73.7552,6,-119.003,5,5,0,1,-999,-999,0
78.5,80,8,1,-73.7552,2,-124.009,5,5,20,0,-999,-999,0
78.5,80,8,1,-73.7552,4,-124.027,7,7,20,0,-999,-999,0
78.5,80,8,1,-73.7552,5,-133.212,2,2,10,1,-999,-999,0
78.5,80,8,1,-73.7552,3,-141.162,0,0,20,0,-999,-999,0
78.5,80,8,1,-73.7552,7,-146.956,7,7,0,1,-999,-999,0
78.5,86,37,5,-134.894,1,-116.653,2,4,20,0,-999,-999,0
78.5,86,37,5,-134.894,7,-137.151,7,7,0,1,-999,-999,0
78.5,86,37,5,-134.894,2,-147.273,5,5,20,0,-999,-999,0
78.5,86,37,5,-134.894,6,-160.618,5,5,0,1,-999,-999,0
78.5,86,37,5,-134.894,4,-162.901,7,7,20,0,-999,-999,0
78.5,86,37,5,-134.894,3,-171.191,0,0,20,0,-999,-999,0
78.5,89,25,4,-122.551,2,-112.097,5,5,20,0,-999,-999,0
78.5,89,25,4,-122.551,1,-129.403,2,4,20,0,-999,-999,0
78.5,89,25,4,-122.551,7,-132.073,7,7,0,1,-999,-999,0
78.5,89,25,4,-122.551,3,-133.345,0,0,20,0,-999,-999,0
78.5,89,25,4,-122.551,6,-143.241,5,5,0,1,-999,-999,0
78.5,89,25,4,-122.551,5,-143.84,2,2,10,1,-999,-999,0
78.5,95,23,4,-116.513,5,-133.416,2,2,10,1,-999,-999,0
78.5,95,23,4,-116.513,2,-139.002,5,5,20,0,-999,-999,0
78.5,95,23,4,-116.513,1,-140.879,2,4,20,0,-999,-999,0
78.5,95,23,4,-116.513,7,-141.768,7,7,0,1,-999,-999,0
78.5,95,23,4,-116.513,6,-145.647,5,5,0,1,-999,-999,0
78.5,95,23,4,-116.513,3,-147.187,0,0,20,0,-999,-999,0
78.5,98,22,4,-133.636,5,-108.416,2,2,10,1,-999,-999,0
78.5,98,22,4,-133.636,1,-127.586,2,4,20,0,-999,-999,0
78.5,98,22,4,-133.636,2,-130.449,5,5,20,0,-999,-999,0
78.5,98,22,4,-133.636,7,-132.728,7,7,0,1,-999,-999,0
78.5,98,22,4,-133.636,6,-147.679,5,5,0,1,-999,-999,0
78.5,98,22,4,-133.636,3,-153.469,0,0,20,0,-999,-999,0
78.5,100,16,6,-138.902,4,-139.32,7,7,20,0,-999,-999,0
78.5,100,16,6,-138.902,2,-142.088,5,5,20,0,-999,-999,0
78.5,100,16,6,-138.902,1,-149.889,2,4,20,0,-999,-999,0
78.5,100,16,6,-138.902,5,-151.716,2,2,10,1,-999,-999,0
78.5,100,16,6,-138.902,3,-158.34,0,0,20,0,-999,-999,0
78.5,100,16,6,-138.902,7,-158.715,7,7,0,1,-999,-999,0
78.5,107,19,4,-133.55,7,-105.013,7,7,0,1,-999,-999,0
78.5,107,19,4,-133.55,5,-118.309,2,2,10,1,-999,-999,0
78.5,107,19,4,-133.55,2,-133.465,5,5,20,0,-999,-999,0
78.5,107,19,4,-133.55,6,-144.617,5,5,0,1,-999,-999,0
78.5,107,19,4,-133.55,1,-149.885,2,4,20,0,-999,-999,0
78.5,107,19,4,-133.55,3,-153.678,0,0,20,0,-999,-999,0
80.5,13,10,1,-82.671,4,-116.321,7,7,20,0,-999,-999,0
80.5,13,10,1,-82.671,5,-123.312,3,3,10,1,-999,-999,0
80.5,13,10,1,-82.671,2,-125.934,3,3,20,0,-999,-999,0
80.5,13,10,1,-82.671,6,-129.965,5,5,0,1,-999,-999,0
80.5,13,10,1,-82.671,7,-142.534,7,7,0,1,-999,-999,0
80.5,13,10,1,-82.671,3,-145.586,0,0,20,0,-999,-999,0
80.5,22,24,4,-130.878,5,-114.037,3,3,10,1,-999,-999,0
80.5,22,24,4,-130.878,7,-117.482,7,7,0,1,-999,-999,0
80.5,22,24,4,-130.878,1,-132.903,4,4,20,0,-999,-999,0
80.5,22,24,4,-130.878,2,-134.976,3,3,20,0,-999,-999,0
80.5,22,24,4,-130.878,6,-143.886,5,5,0,1,-999,-999,0
80.5,22,24,4,-130.878,3,-160.614,0,0,20,0,-999,-999,0
80.5,26,32,6,-98.9096,7,-122.878,7,7,0,1,-999,-999,0
80.5,26,32,6,-98.9096,1,-131.214,4,4,20,0,-999,-999,0
80.5,26,32,6,-98.9096,3,-137.792,0,0,20,0,-999,-999,0
80.5,26,32,6,-98.9096,4,-141.713,7,7,20,0,-999,-999,0
80.5,26,32,6,-98.9096,2,-142.531,3,3,20,0,-999,-999,0
80.5,26,32,6,-98.9096,5,-154.975,3,3,10,1,-999,-999,0
80.5,29,42,7,-143.15,1,-111.142,4,4,20,0,-999,-999,0
80.5,29,42,7,-143.15,6,-116.299,5,5,0,1,-999,-999,0
80.5,29,42,7,-143.15,2,-141.961,3,3,20,0,-999,-999,0
80.5,29,42,7,-143.15,5,-143.904,3,3,10,1,-999,-999,0
80.5,29,42,7,-143.15,4,-153.027,7,7,20,0,-999,-999,0
80.5,29,42,7,-143.15,3,-167.292,0,0,20,0,-999,-999,0
80.5,31,66,7,-130.251,1,-134.285,4,4,20,0,-999,-999,0
80.5,31,66,7,-130.251,4,-138.671,7,7,20,0,-999,-999,0
80.5,31,66,7,-130.251,2,-150.552,3,3,20,0,-999,-999,0
80.5,31,66,7,-130.251,3,-158.321,0,0,20,0,-999,-999,0
80.5,31,66,7,-130.251,5,-159.359,3,3,10,1,-999,-999,0
80.5,31,66,7,-130.251,6,-160.298,5,5,0,1,-999,-999,0
80.5,32,23,2,-114.502,1,-98.6396,4,4,20,0,-999,-999,0
80.5,32,23,2,-114.502,5,-103.821,3,3,10,1,-999,-999,0
80.5,32,23,2,-114.502,4,-119.325,7,7,20,0,-999,-999,0
80.5,32,23,2,-114.502,7,-131.487,7,7,0,1,-999,-999,0
80.5,32,23,2,-114.502,6,-145.7,5,5,0,1,-999,-999,0
80.5,32,23,2,-114.502,3,-151.206,0,0,20,0,-999,-999,0
80.5,36,47,5,-117.377,1,-115.427,4,4,20,0,-999,-999,0
80.5,36,47,5,-117.377,2,-116.383,3,3,20,0,-999,-999,0
80.5,36,47,5,-117.377,4,-119.636,7,7,20,0,-999,-999,0
80.5,36,47,5,-117.377,3,-137.614,0,0,20,0,-999,-999,0
80.5,36,47,5,-117.377,7,-156.451,7,7,0,1,-999,-999,0
80.5,36,47,5,-117.377,6,-160.808,5,5,0,1,-999,-999,0
80.5,38,11,1,-134.483,2,-127.672,3,3,20,0,-999,-999,0
80.5,38,11,1,-134.483,7,-133.054,7,7,0,1,-999,-999,0
80.5,38,11,1,-134.483,6,-134.796,5,5,0,1,-999,-999,0
80.5,38,11,1,-134.483,5,-140.43,3,3,10,1,-999,-999,0
80.5,38,11,1,-134.483,4,-148.05,7,7,20,0,-999,-999,0
80.5,38,11,1,-134.483,3,-149.797,0,0,20,0,-999,-999,0
80.5,42,26,7,-132.817,1,-98.3359,4,4,20,0,-999,-999,1
80.5,42,26,7,-132.817,4,-124.202,7,7,20,0,-999,-999,1
80.5,42,26,7,-132.817,2,-130.915,3,3,20,0,-999,-999,1
80.5,42,26,7,-132.817,5,-138.837,3,3,10,1,-999,-999,1
80.5,42,26,7,-132.817,6,-148.742,5,5,0,1,-999,-999,1
80.5,42,26,7,-132.817,3,-152.108,0,0,20,0,-999,-999,1
80.5,43,81,7,-121.016,4,-146.884,7,7,20,0,-999,-999,0
80.5,43,81,7,-121.016,5,-149.645,3,3,10,1,-999,-999,0
80.5,43,81,7,-121.016,6,-153.101,5,5,0,1,-999,-999,0
80.5,43,81,7,-121.016,1,-155.62,4,5,20,0,-999,-999,0
80.5,43,81,7,-121.016,2,-159.365,3,3,20,0,-999,-999,0
80.5,43,81,7,-121.016,3,-170.155,0,0,20,0,-999,-999,0
80.5,44,21,4,-111.39,6,-89.0581,5,5,0,1,-999,-999,0
80.5,44,21,4,-111.39,5,-114.814,3,3,10,1,-999,-999,0
80.5,44,21,4,-111.39,1,-121.253,4,5,20,0,-999,-999,0
80.5,44,21,4,-111.39,2,-129.471,3,3,20,0,-999,-999,0
80.5,44,21,4,-111.39,3,-135.973,0,0,20,0,-999,-999,0
80.5,44,21,4,-111.39,7,-140.903,7,7,0,1,-999,-999,0
80.5,46,16,4,-77.1398,7,-119.407,7,7,0,1,-999,-999,0
80.5,46,16,4,-77.1398,2,-123.101,3,3,20,0,-999,-999,0
80.5,46,16,4,-77.1398,1,-132.64,4,5,20,0,-999,-999,0
80.5,46,16,4,-77.1398,5,-134.972,3,3,10,1,-999,-999,0
80.5,46,16,4,-77.1398,6,-145.01,5,5,0,1,-999,-999,0
80.5,46,16,4,-77.1398,3,-156.974,0,0,20,0,-999,-999,0
80.5,47,12,1,-88.2412,2,-100.836,3,3,20,0,-999,-999,0
80.5,47,12,1,-88.2412,5,-111.542,3,3,10,1,-999,-999,0
80.5,47,12,1,-88.2412,7,-113.404,7,7,0,1,-999,-999,0
80.5,47,12,1,-88.2412,4,-129.527,7,7,20,0,-999,-999,0
80.5,47,12,1,-88.2412,6,-140.135,5,5,0,1,-999,-999,0
80.5,47,12,1,-88.2412,3,-141.621,0,0,20,0,-999,-999,0
80.5,50,21,2,-63.4725,5,-109.325,3,3,10,1,-999,-999,0
80.5,50,21,2,-63.4725,1,-125.499,4,5,20,0,-999,-999,0
80.5,50,21,2,-63.4725,3,-136.09,0,0,20,0,-999,-999,0
80.5,50,21,2,-63.4725,4,-138.1,7,7,20,0,-999,-999,0
80.5,50,21,2,-63.4725,6,-141.782,5,5,0,1,-999,-999,0
80.5,50,21,2,-63.4725,7,-159.734,7,7,0,1,-999,-999,0
80.5,53,82,7,-126.647,1,-110.112,4,5,20,0,-999,-999,0
80.5,53,82,7,-126.647,4,-111.502,7,7,20,0,-999,-999,0
80.5,53,82,7,-126.647,2,-125.659,3,3,20,0,-999,-999,0
80.5,53,82,7,-126.647,5,-150.379,3,3,10,1,-999,-999,0
80.5,53,82,7,-126.647,6,-153.992,5,5,0,1,-999,-999,0
80.5,53,82,7,-126.647,3,-169.136,0,0,20,0,-999,-999,0
80.5,54,25,7,-124.794,1,-141.223,4,5,20,0,-999,-999,0
80.5,54,25,7,-124.794,5,-142.244,3,3,10,1,-999,-999,0
80.5,54,25,7,-124.794,2,-144.09,3,3,20,0,-999,-999,0
80.5,54,25,7,-124.794,4,-144.487,7,7,20,0,-999,-999,0
80.5,54,25,7,-124.794,3,-161.757,0,0,20,0,-999,-999,0
80.5,54,25,7,-124.794,6,-178.835,5,5,0,1,-999,-999,0
80.5,56,22,2,-89.5163,5,-98.2657,3,3,10,1,-999,-999,0
80.5,56,22,2,-89.5163,1,-116.866,4,5,20,0,-999,-999,0
80.5,56,22,2,-89.5163,7,-126.694,7,7,0,1,-999,-999,0
80.5,56,22,2,-89.5163,4,-128.929,7,7,20,0,-999,-999,0
80.5,56,22,2,-89.5163,3,-129.773,0,0,20,0,-999,-999,0
80.5,56,22,2,-89.5163,6,-157.444,5,5,0,1,-999,-999,0
80.5,58,34,7,-136.175,5,-141.692,3,3,10,1,-999,-999,0
80.5,58,34,7,-136.175,4,-142.872,7,7,20,0,-999,-999,0
80.5,58,34,7,-136.175,2,-143.033,3,3,20,0,-999,-999,0
80.5,58,34,7,-136.175,1,-144.637,4,5,20,0,-999,-999,0
80.5,58,34,7,-136.175,6,-160.5,5,5,0,1,-999,-999,0
80.5,58,34,7,-136.175,3,-164.744,0,0,20,0,-999,-999,0
80.5,68,56,6,-129.675,2,-133.55,3,3,20,0,-999,-999,0
80.5,68,56,6,-129.675,5,-138.212,3,3,10,1,-999,-999,0
80.5,68,56,6,-129.675,1,-141.101,4,5,20,0,-999,-999,0
80.5,68,56,6,-129.675,3,-143.873,0,0,20,0,-999,-999,0
80.5,68,56,6,-129.675,7,-147.004,7,7,0,1,-999,-999,0
80.5,68,56,6,-129.675,4,-147.088,7,7,20,0,-999,-999,0
80.5,70,48,6,-129.747,2,-107.573,3,3,20,0,-999,-999,0
80.5,70,48,6,-129.747,1,-108.693,4,5,20,0,-999,-999,0
80.5,70,48,6,-129.747,3,-133.936,0,0,20,0,-999,-999,0
80.5,70,48,6,-129.747,4,-137.86,7,7,20,0,-999,-999,0
80.5,70,48,6,-129.747,5,-145.602,3,3,10,1,-999,-999,0
80.5,70,48,6,-129.747,7,-154.534,7,7,0,1,-999,-999,0
80.5,73,55,5,-124.588,4,-99.3766,7,7,20,0,-999,-999,0
80.5,73,55,5,-124.588,2,-124.172,3,3,20,0,-999,-999,0
80.5,73,55,5,-124.588,1,-128.448,4,5,20,0,-999,-999,0
80.5,73,55,5,-124.588,6,-131.823,5,5,0,1,-999,-999,0
80.5,73,55,5,-124.588,7,-137.553,7,7,0,1,-999,-999,0
80.5,73,55,5,-124.588,3,-143.3,0,0,20,0,-999,-999,0
80.5,77,64,6,-130.801,3,-113.699,0,0,20,0,-999,-999,0
80.5,77,64,6,-130.801,2,-123.23,3,3,20,0,-999,-999,0
80.5,77,64,6,-130.801,5,-130.857,3,3,10,1,-999,-999,0
80.5,77,64,6,-130.801,7,-133.165,7,7,0,1,-999,-999,0
80.5,77,64,6,-130.801,4,-157.175,7,7,20,0,-999,-999,0
80.5,77,64,6,-130.801,1,-161.548,4,5,20,0,-999,-999,0
80.5,80,8,1,-73.7839,2,-98.1481,3,3,20,0,-999,-999,0
80.5,80,8,1,-73.7839,4,-113.064,7,7,20,0,-999,-999,0
80.5,80,8,1,-73.7839,7,-113.893,7,7,0,1,-999,-999,0
80.5,80,8,1,-73.7839,5,-133.461,3,3,10,1,-999,-999,0
80.5,80,8,1,-73.7839,6,-135.902,5,5,0,1,-999,-999,0
80.5,80,8,1,-73.7839,3,-137.173,0,0,20,0,-999,-999,0
80.5,86,37,5,-147.242,2,-121.4,3,3,20,0,-999,-999,0
80.5,86,37,5,-147.242,7,-126.599,7,7,0,1,-999,-999,0
80.5,86,37,5,-147.242,6,-151.341,5,5,0,1,-999,-999,0
80.5,86,37,5,-147.242,4,-151.868,7,7,20,0,-999,-999,0
80.5,86,37,5,-147.242,1,-155.302,4,5,20,0,-999,-999,0
80.5,86,37,5,-147.242,3,-175.998,0,0,20,0,-999,-999,0
80.5,89,25,4,-105.303,6,-94.7059,5,5,0,1,-999,-999,0
80.5,89,25,4,-105.303,5,-115.486,3,3,10,1,-999,-999,0
80.5,89,25,4,-105.303,1,-117.712,4,5,20,0,-999,-999,0
80.5,89,25,4,-105.303,2,-131.201,3,3,20,0,-999,-999,0
80.5,89,25,4,-105.303,7,-137.987,7,7,0,1,-999,-999,0
80.5,89,25,4,-105.303,3,-139.559,0,0,20,0,-999,-999,0
80.5,95,23,4,-134.41,1,-100.866,4,5,20,0,-999,-999,0
80.5,95,23,4,-134.41,7,-105.239,7,7,0,1,-999,-999,0
80.5,95,23,4,-134.41,5,-121.554,3,3,10,1,-999,-999,0
80.5,95,23,4,-134.41,2,-129.985,3,3,20,0,-999,-999,0
80.5,95,23,4,-134.41,6,-139.323,5,5,0,1,-999,-999,0
80.5,95,23,4,-134.41,3,-147.976,0,0,20,0,-999,-999,0
80.5,98,22,4,-127.025,7,-103.127,7,7,0,1,-999,-999,0
80.5,98,22,4,-127.025,1,-125.361,4,5,20,0,-999,-999,0
80.5,98,22,4,-127.025,2,-127.303,3,3,20,0,-999,-999,0
80.5,98,22,4,-127.025,5,-136.52,3,3,10,1,-999,-999,0
80.5,98,22,4,-127.025,3,-149.016,0,0,20,0,-999,-999,0
80.5,98,22,4,-127.025,6,-150.225,5,5,0,1,-999,-999,0
80.5,100,16,6,-105.218,4,-145.803,7,7,20,0,-999,-999,0
80.5,100,16,6,-105.218,5,-150.762,3,3,10,1,-999,-999,0
80.5,100,16,6,-105.218,7,-151.282,7,7,0,1,-999,-999,0
80.5,100,16,6,-105.218,2,-152.699,3,3,20,0,-999,-999,0
80.5,100,16,6,-105.218,1,-153.886,4,5,20,0,-999,-999,0
80.5,100,16,6,-105.218,3,-160.434,0,0,20,0,-999,-999,0
80.5,107,19,4,-135.065,5,-108.355,3,3,10,1,-999,-999,0
80.5,107,19,4,-135.065,7,-126.314,7,7,0,1,-999,-999,0
80.5,107,19,4,-135.065,2,-132.91,3,3,20,0,-999,-999,0
80.5,107,19,4,-135.065,1,-136.161,4,5,20,0,-999,-999,0
80.5,107,19,4,-135.065,6,-145.464,5,5,0,1,-999,-999,0
80.5,107,19,4,-135.065,3,-152.87,0,0,20,0,-999,-999,0
82.5,13,10,1,-120.801,4,-77.1478,7,7,20,0,-999,-999,0
82.5,13,10,1,-120.801,5,-117.4,3,3,10,1,-999,-999,0
82.5,13,10,1,-120.801,7,-119.682,6,6,0,1,-999,-999,0
82.5,13,10,1,-120.801,2,-129.124,3,3,20,0,-999,-999,0
82.5,13,10,1,-120.801,3,-148.07,0,0,20,0,-999,-999,0
82.5,13,10,1,-120.801,6,-161.153,5,5,0,1,-999,-999,0
82.5,22,24,4,-130.644,7,-95.4676,6,6,0,1,-999,-999,0
82.5,22,24,4,-130.644,2,-105.736,3,3,20,0,-999,-999,0
82.5,22,24,4,-130.644,1,-139.859,5,5,20,0,-999,-999,0
82.5,22,24,4,-130.644,5,-150.234,3,3,10,1,-999,-999,0
82.5,22,24,4,-130.644,6,-154.715,5,5,0,1,-999,-999,0
82.5,22,24,4,-130.644,3,-162.579,0,0,20,0,-999,-999,0
82.5,26,32,6,-131.51,2,-106.855,3,3,20,0,-999,-999,0
82.5,26,32,6,-131.51,1,-132.833,5,5,20,0,-999,-999,0
82.5,26,32,6,-131.51,4,-138.31,7,7,20,0,-999,-999,0
82.5,26,32,6,-131.51,3,-141.377,0,0,20,0,-999,-999,0
82.5,26,32,6,-131.51,5,-143.812,3,3,10,1,-999,-999,0
82.5,26,32,6,-131.51,7,-150.854,6,6,0,1,-999,-999,0
82.5,29,42,7,-135.433,5,-108.242,3,3,10,1,-999,-999,0
82.5,29,42,7,-135.433,4,-147.032,7,7,20,0,-999,-999,0
82.5,29,42,7,-135.433,6,-151.744,5,5,0,1,-999,-999,0
82.5,29,42,7,-135.433,2,-157.12,3,3,20,0,-999,-999,0
82.5,29,42,7,-135.433,1,-157.973,5,5,20,0,-999,-999,0
82.5,29,42,7,-135.433,3,-165.302,0,0,20,0,-999,-999,0
82.5,31,66,7,-128.808,4,-116.493,7,7,20,0,-999,-999,0
82.5,31,66,7,-128.808,1,-117.472,5,5,20,0,-999,-999,0
82.5,31,66,7,-128.808,6,-156.337,5,5,0,1,-999,-999,0
82.5,31,66,7,-128.808,2,-158.778,3,3,20,0,-999,-999,0
82.5,31,66,7,-128.808,5,-161.637,3,3,10,1,-999,-999,0
82.5,31,66,7,-128.808,3,-161.69,0,0,20,0,-999,-999,0
82.5,32,23,2,-70.3214,5,-99.3681,3,3,10,1,-999,-999,0
82.5,32,23,2,-70.3214,4,-119.207,7,7,20,0,-999,-999,0
82.5,32,23,2,-70.3214,1,-131.167,5,5,20,0,-999,-999,0
82.5,32,23,2,-70.3214,6,-145.97,5,5,0,1,-999,-999,0
82.5,32,23,2,-70.3214,7,-148.747,6,6,0,1,-999,-999,0
82.5,32,23,2,-70.3214,3,-149.006,0,0,20,0,-999,-999,0
82.5,36,47,5,-121.979,1,-102.9,5,5,20,0,-999,-999,0
82.5,36,47,5,-121.979,2,-118.911,3,3,20,0,-999,-999,0
82.5,36,47,5,-121.979,4,-120.389,7,7,20,0,-999,-999,0
82.5,36,47,5,-121.979,6,-138.315,5,5,0,1,-999,-999,0
82.5,36,47,5,-121.979,3,-139.677,0,0,20,0,-999,-999,0
82.5,36,47,5,-121.979,7,-153.509,6,6,0,1,-999,-999,0
82.5,38,11,1,-120.064,6,-98.4793,5,5,0,1,-999,-999,0
82.5,38,11,1,-120.064,7,-122.262,6,6,0,1,-999,-999,0
82.5,38,11,1,-120.064,4,-134.654,7,7,20,0,-999,-999,0
82.5,38,11,1,-120.064,5,-138.162,3,3,10,1,-999,-999,0
82.5,38,11,1,-120.064,2,-146.47,3,3,20,0,-999,-999,0
82.5,38,11,1,-120.064,3,-155.223,0,0,20,0,-999,-999,0
82.5,42,13,1,-111.483,4,-129.259,7,7,20,0,-999,-999,0
82.5,42,13,1,-111.483,2,-129.386,3,3,20,0,-999,-999,0
82.5,42,13,1,-111.483,5,-133.421,3,3,10,1,-999,-999,0
82.5,42,13,1,-111.483,7,-136.914,6,6,0,1,-999,-999,0
82.5,42,13,1,-111.483,3,-148.091,0,0,20,0,-999,-999,0
82.5,42,13,1,-111.483,6,-155.315,5,5,0,1,-999,-999,0
82.5,43,81,7,-132.648,4,-109.517,7,7,20,0,-999,-999,0
82.5,43,81,7,-132.648,2,-118.873,3,3,20,0,-999,-999,0
82.5,43,81,7,-132.648,6,-130.796,5,5,0,1,-999,-999,0
82.5,43,81,7,-132.648,1,-148.584,5,5,20,0,-999,-999,0
82.5,43,81,7,-132.648,5,-154.333,3,3,10,1,-999,-999,0
82.5,43,81,7,-132.648,3,-168.808,0,0,20,0,-999,-999,0
82.5,44,21,4,-131.588,2,-104.263,3,3,20,0,-999,-999,0
82.5,44,21,4,-131.588,1,-125.426,5,5,20,0,-999,-999,0
82.5,44,21,4,-131.588,6,-134.162,5,5,0,1,-999,-999,0
82.5,44,21,4,-131.588,3,-134.807,0,0,20,0,-999,-999,0
82.5,44,21,4,-131.588,5,-137.796,3,3,10,1,-999,-999,0
82.5,44,21,4,-131.588,7,-140.453,6,6,0,1,-999,-999,0
82.5,46,16,4,-72.2405,2,-87.241,3,3,20,0,-999,-999,0
82.5,46,16,4,-72.2405,5,-128.903,3,3,10,1,-999,-999,0
82.5,46,16,4,-72.2405,7,-131.814,6,6,0,1,-999,-999,0
82.5,46,16,4,-72.2405,1,-137.552,5,5,20,0,-999,-999,0
82.5,46,16,4,-72.2405,3,-154.303,0,0,20,0,-999,-999,0
82.5,46,16,4,-72.2405,6,-154.537,5,5,0,1,-999,-999,0
82.5,47,12,1,-127.801,2,-111.125,3,3,20,0,-999,-999,0
82.5,47,12,1,-127.801,5,-113.682,3,3,10,1,-999,-999,0
82.5,47,12,1,-127.801,7,-118.634,6,6,0,1,-999,-999,0
82.5,47,12,1,-127.801,4,-119.877,7,7,20,0,-999,-999,0
82.5,47,12,1,-127.801,6,-140.2,5,5,0,1,-999,-999,0
82.5,47,12,1,-127.801,3,-144.066,0,0,20,0,-999,-999,0
82.5,50,21,2,-78.197,5,-74.8666,3,3,10,1,-999,-999,0
82.5,50,21,2,-78.197,6,-118.924,5,5,0,1,-999,-999,0
82.5,50,21,2,-78.197,4,-135.494,7,7,20,0,-999,-999,0
82.5,50,21,2,-78.197,3,-135.707,0,0,20,0,-999,-999,0
82.5,50,21,2,-78.197,1,-135.891,5,5,20,0,-999,-999,0
82.5,50,21,2,-78.197,7,-162.484,6,6,0,1,-999,-999,0
82.5,53,82,7,-141.588,1,-110.107,5,5,20,0,-999,-999,0
82.5,53,82,7,-141.588,2,-113.477,3,3,20,0,-999,-999,0
82.5,53,82,7,-141.588,6,-114.671,5,5,0,1,-999,-999,0
82.5,53,82,7,-141.588,4,-145.492,7,7,20,0,-999,-999,0
82.5,53,82,7,-141.588,5,-147.779,3,3,10,1,-999,-999,0
82.5,53,82,7,-141.588,3,-168.266,0,0,20,0,-999,-999,0
82.5,54,25,7,-102.335,4,-136.519,7,7,20,0,-999,-999,0
82.5,54,25,7,-102.335,6,-143.834,5,5,0,1,-999,-999,0
82.5,54,25,7,-102.335,5,-145.907,3,3,10,1,-999,-999,0
82.5,54,25,7,-102.335,2,-147.407,3,3,20,0,-999,-999,0
82.5,54,25,7,-102.335,1,-152.948,5,5,20,0,-999,-999,0
82.5,54,25,7,-102.335,3,-156.104,0,0,20,0,-999,-999,0
82.5,56,22,2,-115.977,5,-86.1613,3,3,10,1,-999,-999,0
82.5,56,22,2,-115.977,1,-114.511,5,5,20,0,-999,-999,0
82.5,56,22,2,-115.977,7,-126.823,6,6,0,1,-999,-999,0
82.5,56,22,2,-115.977,3,-129.35,0,0,20,0,-999,-999,0
82.5,56,22,2,-115.977,4,-138.87,7,7,20,0,-999,-999,0
82.5,56,22,2,-115.977,6,-162.271,5,5,0,1,-999,-999,0
82.5,58,34,7,-106.396,5,-143.963,3,3,10,1,-999,-999,0
82.5,58,34,7,-106.396,4,-146.005,7,7,20,0,-999,-999,0
82.5,58,34,7,-106.396,1,-147.29,5,5,20,0,-999,-999,0
82.5,58,34,7,-106.396,6,-153.6,5,5,0,1,-999,-999,0
82.5,58,34,7,-106.396,2,-154.581,3,3,20,0,-999,-999,0
82.5,58,34,7,-106.396,3,-165.504,0,0,20,0,-999,-999,0
82.5,68,56,6,-119.228,4,-133.854,7,7,20,0,-999,-999,0
82.5,68,56,6,-119.228,5,-134.714,3,3,10,1,-999,-999,0
82.5,68,56,6,-119.228,2,-135.029,3,3,20,0,-999,-999,0
82.5,68,56,6,-119.228,1,-141.429,5,5,20,0,-999,-999,0
82.5,68,56,6,-119.228,3,-143.33,0,0,20,0,-999,-999,0
82.5,68,56,6,-119.228,7,-148.575,6,6,0,1,-999,-999,0
82.5,70,48,6,-91.0711,4,-118.312,7,7,20,0,-999,-999,0
82.5,70,48,6,-91.0711,7,-126.465,6,6,0,1,-999,-999,0
82.5,70,48,6,-91.0711,3,-128.651,0,0,20,0,-999,-999,0
82.5,70,48,6,-91.0711,1,-138.553,5,5,20,0,-999,-999,0
82.5,70,48,6,-91.0711,5,-141.367,3,3,10,1,-999,-999,0
82.5,70,48,6,-91.0711,2,-144.408,3,3,20,0,-999,-999,0
82.5,73,55,5,-129.808,2,-87.3197,3,3,20,0,-999,-999,0
82.5,73,55,5,-129.808,1,-98.1365,5,5,20,0,-999,-999,0
82.5,73,55,5,-129.808,4,-136.758,7,7,20,0,-999,-999,0
82.5,73,55,5,-129.808,3,-137.913,0,0,20,0,-999,-999,0
82.5,73,55,5,-129.808,6,-141.902,5,5,0,1,-999,-999,0
82.5,73,55,5,-129.808,7,-143.824,6,6,0,1,-999,-999,0
82.5,77,64,6,-133.973,1,-108.113,5,5,20,0,-999,-999,0
82.5,77,64,6,-133.973,5,-142.893,3,3,10,1,-999,-999,0
82.5,77,64,6,-133.973,7,-143.863,6,6,0,1,-999,-999,0
82.5,77,64,6,-133.973,3,-150.937,0,0,20,0,-999,-999,0
82.5,77,64,6,-133.973,4,-157.802,7,7,20,0,-999,-999,0
82.5,77,64,6,-133.973,2,-162.215,3,3,20,0,-999,-999,0
82.5,80,8,1,-108.877,6,-113.013,5,5,0,1,-999,-999,0
82.5,80,8,1,-108.877,2,-128.171,3,3,20,0,-999,-999,0
82.5,80,8,1,-108.877,4,-129.206,7,7,20,0,-999,-999,0
82.5,80,8,1,-108.877,5,-131.261,3,3,10,1,-999,-999,0
82.5,80,8,1,-108.877,3,-140.261,0,0,20,0,-999,-999,0
82.5,80,8,1,-108.877,7,-141.595,6,6,0,1,-999,-999,0
82.5,86,37,5,-153.843,7,-137.36,6,6,0,1,-999,-999,0
82.5,86,37,5,-153.843,4,-152.774,7,7,20,0,-999,-999,0
82.5,86,37,5,-153.843,1,-155.27,5,5,20,0,-999,-999,0
82.5,86,37,5,-153.843,6,-156.842,5,5,0,1,-999,-999,0
82.5,86,37,5,-153.843,2,-159.034,3,3,20,0,-999,-999,0
82.5,86,37,5,-153.843,3,-172.746,0,0,20,0,-999,-999,0
82.5,89,25,4,-104.247,1,-103.731,5,5,20,0,-999,-999,0
82.5,89,25,4,-104.247,6,-133.073,5,5,0,1,-999,-999,0
82.5,89,25,4,-104.247,2,-136.187,3,3,20,0,-999,-999,0
82.5,89,25,4,-104.247,7,-138.837,6,6,0,1,-999,-999,0
82.5,89,25,4,-104.247,3,-139.458,0,0,20,0,-999,-999,0
82.5,89,25,4,-104.247,5,-139.669,3,3,10,1,-999,-999,0
82.5,95,23,4,-135.842,5,-133.334,3,3,10,1,-999,-999,0
82.5,95,23,4,-135.842,6,-134.063,5,5,0,1,-999,-999,0
82.5,95,23,4,-135.842,1,-134.887,5,5,20,0,-999,-999,0
82.5,95,23,4,-135.842,2,-135.087,3,3,20,0,-999,-999,0
82.5,95,23,4,-135.842,3,-143.871,0,0,20,0,-999,-999,0
82.5,95,23,4,-135.842,7,-146.052,6,6,0,1,-999,-999,0
82.5,98,22,4,-92.5927,7,-90.1411,6,6,0,1,-999,-999,0
82.5,98,22,4,-92.5927,1,-108.071,5,5,20,0,-999,-999,0
82.5,98,22,4,-92.5927,2,-128.48,3,3,20,0,-999,-999,0
82.5,98,22,4,-92.5927,5,-130.365,3,3,10,1,-999,-999,0
82.5,98,22,4,-92.5927,6,-143.556,5,5,0,1,-999,-999,0
82.5,98,22,4,-92.5927,3,-150.186,0,0,20,0,-999,-999,0
82.5,100,16,6,-131.409,2,-123.559,3,3,20,0,-999,-999,0
82.5,100,16,6,-131.409,1,-125.64,5,5,20,0,-999,-999,0
82.5,100,16,6,-131.409,4,-150.999,7,7,20,0,-999,-999,0
82.5,100,16,6,-131.409,5,-157.712,3,3,10,1,-999,-999,0
82.5,100,16,6,-131.409,3,-160.533,0,0,20,0,-999,-999,0
82.5,100,16,6,-131.409,7,-163.594,6,6,0,1,-999,-999,0
82.5,107,19,4,-132.409,5,-94.975,3,3,10,1,-999,-999,0
82.5,107,19,4,-132.409,1,-102.308,5,5,20,0,-999,-999,0
82.5,107,19,4,-132.409,7,-110.791,6,6,0,1,-999,-999,0
82.5,107,19,4,-132.409,2,-130.869,3,3,20,0,-999,-999,0
82.5,107,19,4,-132.409,6,-151.155,5,5,0,1,-999,-999,0
82.5,107,19,4,-132.409,3,-156.299,0,0,20,0,-999,-999,0
84.5,13,10,1,-118.025,5,-112.286,3,3,10,1,-999,-999,0
84.5,13,10,1,-118.025,4,-116.905,7,7,20,0,-999,-999,0
84.5,13,10,1,-118.025,2,-117.321,3,3,20,0,-999,-999,0
84.5,13,10,1,-118.025,7,-144.181,6,6,0,1,-999,-999,0
84.5,13,10,1,-118.025,6,-146.132,6,6,0,1,-999,-999,0
84.5,13,10,1,-118.025,3,-146.246,0,0,20,0,-999,-999,0
84.5,22,24,4,-134.515,7,-109.058,6,6,0,1,-999,-999,0
84.5,22,24,4,-134.515,2,-120.761,3,3,20,0,-999,-999,0
84.5,22,24,4,-134.515,5,-123.185,3,3,10,1,-999,-999,0
84.5,22,24,4,-134.515,6,-131.734,6,6,0,1,-999,-999,0
84.5,22,24,4,-134.515,1,-137.838,5,5,20,0,-999,-999,0
84.5,22,24,4,-134.515,3,-156.577,0,0,20,0,-999,-999,0
84.5,26,32,6,-87.7571,7,-105.318,6,6,0,1,-999,-999,0
84.5,26,32,6,-87.7571,4,-131.96,7,7,20,0,-999,-999,0
84.5,26,32,6,-87.7571,1,-133.836,5,5,20,0,-999,-999,0
84.5,26,32,6,-87.7571,3,-138.096,0,0,20,0,-999,-999,0
84.5,26,32,6,-87.7571,2,-139.734,3,3,20,0,-999,-999,0
84.5,26,32,6,-87.7571,5,-141.979,3,3,10,1,-999,-999,0
84.5,29,42,7,-147.206,4,-108.853,7,7,20,0,-999,-999,0
84.5,29,42,7,-147.206,2,-115.477,3,3,20,0,-999,-999,0
84.5,29,42,7,-147.206,5,-130.757,3,3,10,1,-999,-999,0
84.5,29,42,7,-147.206,1,-146.351,5,5,20,0,-999,-999,0
84.5,29,42,7,-147.206,6,-158.233,6,6,0,1,-999,-999,0
84.5,29,42,7,-147.206,3,-163.368,0,0,20,0,-999,-999,0
84.5,31,66,7,-128.237,1,-105.158,5,5,20,0,-999,-999,0
84.5,31,66,7,-128.237,4,-136.654,7,7,20,0,-999,-999,0
84.5,31,66,7,-128.237,5,-137.264,3,3,10,1,-999,-999,0
84.5,31,66,7,-128.237,2,-145.932,3,3,20,0,-999,-999,0
84.5,31,66,7,-128.237,3,-155.608,0,0,20,0,-999,-999,0
84.5,31,66,7,-128.237,6,-162.983,6,6,0,1,-999,-999,0
84.5,32,23,2,-112.901,4,-90.3986,7,7,20,0,-999,-999,0
84.5,32,23,2,-112.901,5,-119.411,3,3,10,1,-999,-999,0
84.5,32,23,2,-112.901,7,-129.654,6,6,0,1,-999,-999,0
84.5,32,23,2,-112.901,1,-135.876,5,5,20,0,-999,-999,0
84.5,32,23,2,-112.901,6,-149.849,6,6,0,1,-999,-999,0
84.5,32,23,2,-112.901,3,-150.745,0,0,20,0,-999,-999,0
84.5,36,47,5,-94.1844,4,-100.873,7,7,20,0,-999,-999,0
84.5,36,47,5,-94.1844,1,-116.209,5,5,20,0,-999,-999,0
84.5,36,47,5,-94.1844,2,-118.165,3,3,20,0,-999,-999,0
84.5,36,47,5,-94.1844,3,-138.896,0,0,20,0,-999,-999,0
84.5,36,47,5,-94.1844,6,-142.881,6,6,0,1,-999,-999,0
84.5,36,47,5,-94.1844,7,-159.703,6,6,0,1,-999,-999,0
84.5,38,11,1,-125.177,6,-113.861,6,6,0,1,-999,-999,0
84.5,38,11,1,-125.177,5,-119.058,3,3,10,1,-999,-999,0
84.5,38,11,1,-125.177,2,-123.434,3,3,20,0,-999,-999,0
84.5,38,11,1,-125.177,7,-132.69,6,6,0,1,-999,-999,0
84.5,38,11,1,-125.177,4,-144.705,7,7,20,0,-999,-999,0
84.5,38,11,1,-125.177,3,-152.61,0,0,20,0,-999,-999,0
84.5,42,13,1,-127.345,4,-112.924,7,7,20,0,-999,-999,0
84.5,42,13,1,-127.345,7,-113.357,6,6,0,1,-999,-999,0
84.5,42,13,1,-127.345,2,-117.382,3,3,20,0,-999,-999,0
84.5,42,13,1,-127.345,6,-132.878,6,6,0,1,-999,-999,0
84.5,42,13,1,-127.345,5,-140.635,3,3,10,1,-999,-999,0
84.5,42,13,1,-127.345,3,-149.19,0,0,20,0,-999,-999,0
84.5,43,81,7,-134.841,1,-117.962,5,5,20,0,-999,-999,0
84.5,43,81,7,-134.841,2,-133.692,3,3,20,0,-999,-999,0
84.5,43,81,7,-134.841,5,-144.388,3,3,10,1,-999,-999,0
84.5,43,81,7,-134.841,4,-149.699,7,7,20,0,-999,-999,0
84.5,43,81,7,-134.841,6,-157.204,6,6,0,1,-999,-999,0
84.5,43,81,7,-134.841,3,-171.007,0,0,20,0,-999,-999,0
84.5,44,21,4,-122.02,1,-87.9474,5,5,20,0,-999,-999,0
84.5,44,21,4,-122.02,7,-101.726,6,6,0,1,-999,-999,0
84.5,44,21,4,-122.02,5,-118.05,3,3,10,1,-999,-999,0
84.5,44,21,4,-122.02,6,-133.614,6,6,0,1,-999,-999,0
84.5,44,21,4,-122.02,3,-135.454,0,0,20,0,-999,-999,0
84.5,44,21,4,-122.02,2,-135.478,3,3,20,0,-999,-999,0
84.5,46,16,4,-119.452,7,-122.302,6,6,0,1,-999,-999,0
84.5,46,16,4,-119.452,2,-124.18,3,3,20,0,-999,-999,0
84.5,46,16,4,-119.452,5,-131.209,3,3,10,1,-999,-999,0
84.5,46,16,4,-119.452,1,-132.11,5,5,20,0,-999,-999,0
84.5,46,16,4,-119.452,6,-158.783,6,6,0,1,-999,-999,0
84.5,46,16,4,-119.452,3,-162.136,0,0,20,0,-999,-999,0
84.5,47,12,1,-122.699,5,-102.439,3,3,10,1,-999,-999,0
84.5,47,12,1,-122.699,2,-109.479,3,3,20,0,-999,-999,0
84.5,47,12,1,-122.699,7,-127.296,6,6,0,1,-999,-999,0
84.5,47,12,1,-122.699,6,-129.301,6,6,0,1,-999,-999,0
84.5,47,12,1,-122.699,4,-130.016,7,7,20,0,-999,-999,0
84.5,47,12,1,-122.699,3,-138.291,0,0,20,0,-999,-999,0
84.5,50,21,2,-65.0881,5,-87.6046,3,3,10,1,-999,-999,0
84.5,50,21,2,-65.0881,4,-111.22,7,7,20,0,-999,-999,0
84.5,50,21,2,-65.0881,1,-119.44,5,5,20,0,-999,-999,0
84.5,50,21,2,-65.0881,3,-135.11,0,0,20,0,-999,-999,0
84.5,50,21,2,-65.0881,6,-152.596,6,6,0,1,-999,-999,0
84.5,50,21,2,-65.0881,7,-162.003,6,6,0,1,-999,-999,0
84.5,53,82,7,-98.6568,2,-136.651,3,3,20,0,-999,-999,0
84.5,53,82,7,-98.6568,4,-144.385,7,7,20,0,-999,-999,0
84.5,53,82,7,-98.6568,5,-150.245,3,3,10,1,-999,-999,0
84.5,53,82,7,-98.6568,1,-151.682,5,5,20,0,-999,-999,0
84.5,53,82,7,-98.6568,6,-155.017,6,6,0,1,-999,-999,0
84.5,53,82,7,-98.6568,3,-166.312,0,0,20,0,-999,-999,0
84.5,54,25,7,-109.988,4,-120.189,7,7,20,0,-999,-999,0
84.5,54,25,7,-109.988,5,-134.483,3,3,10,1,-999,-999,0
84.5,54,25,7,-109.988,1,-144.528,5,5,20,0,-999,-999,0
84.5,54,25,7,-109.988,2,-145.321,3,3,20,0,-999,-999,0
84.5,54,25,7,-109.988,6,-161.324,6,6,0,1,-999,-999,0
84.5,54,25,7,-109.988,3,-164.057,0,0,20,0,-999,-999,0
84.5,56,22,2,-99.0911,1,-119.22,5,5,20,0,-999,-999,0
84.5,56,22,2,-99.0911,7,-121.451,6,6,0,1,-999,-999,0
84.5,56,22,2,-99.0911,5,-123.161,3,3,10,1,-999,-999,0
84.5,56,22,2,-99.0911,4,-123.906,7,7,20,0,-999,-999,0
84.5,56,22,2,-99.0911,6,-126.844,6,6,0,1,-999,-999,0
84.5,56,22,2,-99.0911,3,-134.046,0,0,20,0,-999,-999,0
84.5,58,34,7,-132.136,4,-130.431,7,7,20,0,-999,-999,0
84.5,58,34,7,-132.136,5,-139.103,3,3,10,1,-999,-999,0
84.5,58,34,7,-132.136,2,-147.041,3,3,20,0,-999,-999,0
84.5,58,34,7,-132.136,1,-151.568,5,5,20,0,-999,-999,0
84.5,58,34,7,-132.136,6,-157.058,6,6,0,1,-999,-999,0
84.5,58,34,7,-132.136,3,-166.208,0,0,20,0,-999,-999,0
84.5,60,72,6,-112.719,2,-121.726,3,3,20,0,-999,-999,0
84.5,60,72,6,-112.719,1,-142.552,5,5,20,0,-999,-999,0
84.5,60,72,6,-112.719,3,-146.378,0,0,20,0,-999,-999,0
84.5,60,72,6,-112.719,4,-150.871,7,7,20,0,-999,-999,0
84.5,60,72,6,-112.719,5,-160.838,3,3,10,1,-999,-999,0
84.5,60,72,6,-112.719,7,-174.113,6,6,0,1,-999,-999,0
84.5,68,56,6,-132.472,4,-124.671,7,7,20,0,-999,-999,0
84.5,68,56,6,-132.472,2,-131.784,3,3,20,0,-999,-999,0
84.5,68,56,6,-132.472,5,-135.635,3,3,10,1,-999,-999,0
84.5,68,56,6,-132.472,1,-135.689,5,5,20,0,-999,-999,0
84.5,68,56,6,-132.472,3,-149.565,0,0,20,0,-999,-999,0
84.5,68,56,6,-132.472,7,-150.22,6,6,0,1,-999,-999,0
84.5,70,48,6,-133.265,3,-124.691,0,0,20,0,-999,-999,0
84.5,70,48,6,-133.265,4,-138.08,7,7,20,0,-999,-999,0
84.5,70,48,6,-133.265,1,-141.73,5,5,20,0,-999,-999,0
84.5,70,48,6,-133.265,2,-144.406,3,3,20,0,-999,-999,0
84.5,70,48,6,-133.265,5,-149.353,3,3,10,1,-999,-999,0
84.5,70,48,6,-133.265,7,-153.393,6,6,0,1,-999,-999,0
84.5,73,55,5,-113.33,2,-118.342,3,3,20,0,-999,-999,0
84.5,73,55,5,-113.33,6,-118.493,6,6,0,1,-999,-999,0
84.5,73,55,5,-113.33,7,-120.567,6,6,0,1,-999,-999,0
84.5,73,55,5,-113.33,4,-131.114,7,7,20,0,-999,-999,0
84.5,73,55,5,-113.33,1,-138.526,5,5,20,0,-999,-999,0
84.5,73,55,5,-113.33,3,-142.205,0,0,20,0,-999,-999,0
84.5,77,64,6,-130.373,5,-125.611,3,3,10,1,-999,-999,0
84.5,77,64,6,-130.373,1,-147.108,5,5,20,0,-999,-999,0
84.5,77,64,6,-130.373,2,-147.42,3,3,20,0,-999,-999,0
84.5,77,64,6,-130.373,7,-149.146,6,6,0,1,-999,-999,0
84.5,77,64,6,-130.373,3,-155.803,0,0,20,0,-999,-999,0
84.5,77,64,6,-130.373,4,-159.28,7,7,20,0,-999,-999,0
84.5,80,8,1,-117.917,2,-111.217,3,3,20,0,-999,-999,0
84.5,80,8,1,-117.917,4,-124.862,7,7,20,0,-999,-999,0
84.5,80,8,1,-117.917,6,-124.967,6,6,0,1,-999,-999,0
84.5,80,8,1,-117.917,5,-137.652,3,3,10,1,-999,-999,0
84.5,80,8,1,-117.917,7,-141.509,6,6,0,1,-999,-999,0
84.5,80,8,1,-117.917,3,-143.588,0,0,20,0,-999,-999,0
84.5,86,37,5,-109.258,7,-141.413,6,6,0,1,-999,-999,0
84.5,86,37,5,-109.258,6,-148.081,6,6,0,1,-999,-999,0
84.5,86,37,5,-109.258,4,-152.755,7,7,20,0,-999,-999,0
84.5,86,37,5,-109.258,1,-155.624,5,5,20,0,-999,-999,0
84.5,86,37,5,-109.258,2,-159.259,3,3,20,0,-999,-999,0
84.5,86,37,5,-109.258,3,-170.956,0,0,20,0,-999,-999,0
84.5,89,25,4,-133.524,1,-83.4079,5,5,20,0,-999,-999,0
84.5,89,25,4,-133.524,2,-115.743,3,3,20,0,-999,-999,0
84.5,89,25,4,-133.524,3,-137.903,0,0,20,0,-999,-999,0
84.5,89,25,4,-133.524,7,-138.362,6,6,0,1,-999,-999,0
84.5,89,25,4,-133.524,6,-138.788,6,6,0,1,-999,-999,0
84.5,89,25,4,-133.524,5,-140.538,3,3,10,1,-999,-999,0
84.5,95,23,4,-111.164,2,-118.16,3,3,20,0,-999,-999,0
84.5,95,23,4,-111.164,6,-119.593,6,6,0,1,-999,-999,0
84.5,95,23,4,-111.164,7,-119.855,6,6,0,1,-999,-999,0
84.5,95,23,4,-111.164,5,-134.095,3,3,10,1,-999,-999,0
84.5,95,23,4,-111.164,1,-145.67,5,5,20,0,-999,-999,0
84.5,95,23,4,-111.164,3,-149.48,0,0,20,0,-999,-999,0
84.5,98,22,4,-103.323,2,-93.5681,3,3,20,0,-999,-999,0
84.5,98,22,4,-103.323,7,-130.908,6,6,0,1,-999,-999,0
84.5,98,22,4,-103.323,1,-135.511,5,5,20,0,-999,-999,0
84.5,98,22,4,-103.323,5,-137.528,3,3,10,1,-999,-999,0
84.5,98,22,4,-103.323,6,-146.558,6,6,0,1,-999,-999,0
84.5,98,22,4,-103.323,3,-157.403,0,0,20,0,-999,-999,0
84.5,100,16,6,-140.308,5,-127.828,3,3,10,1,-999,-999,0
84.5,100,16,6,-140.308,2,-135.824,3,3,20,0,-999,-999,0
84.5,100,16,6,-140.308,4,-151.212,7,7,20,0,-999,-999,0
84.5,100,16,6,-140.308,7,-159.242,6,6,0,1,-999,-999,0
84.5,100,16,6,-140.308,1,-160.779,5,5,20,0,-999,-999,0
84.5,100,16,6,-140.308,3,-163.237,0,0,20,0,-999,-999,0
84.5,107,19,4,-113.758,1,-102.118,5,5,20,0,-999,-999,1
84.5,107,19,4,-113.758,2,-128.781,3,3,20,0,-999,-999,1
84.5,107,19,4,-113.758,7,-138.241,6,6,0,1,-999,-999,1
84.5,107,19,4,-113.758,6,-143.573,6,6,0,1,-999,-999,1
84.5,107,19,4,-113.758,5,-146.332,3,3,10,1,-999,-999,1
84.5,107,19,4,-113.758,3,-154.146,0,0,20,0,-999,-999,1
86.5,13,10,1,-91.7978,2,-85.8628,3,3,20,0,-999,-999,0
86.5,13,10,1,-91.7978,4,-113.114,6,6,20,0,-999,-999,0
86.5,13,10,1,-91.7978,7,-121.117,6,6,0,1,-999,-999,0
86.5,13,10,1,-91.7978,5,-126.247,4,4,10,1,-999,-999,0
86.5,13,10,1,-91.7978,6,-130.398,6,6,0,1,-999,-999,0
86.5,13,10,1,-91.7978,3,-140.586,0,0,20,0,-999,-999,0
86.5,22,24,4,-92.9249,7,-91.916,6,6,0,1,-999,-999,0
86.5,22,24,4,-92.9249,2,-111.42,3,3,20,0,-999,-999,0
86.5,22,24,4,-92.9249,5,-111.647,4,4,10,1,-999,-999,0
86.5,22,24,4,-92.9249,1,-143.645,6,6,20,0,-999,-999,0
86.5,22,24,4,-92.9249,6,-153.6,6,6,0,1,-999,-999,0
86.5,22,24,4,-92.9249,3,-154.921,0,0,20,0,-999,-999,0
86.5,26,32,6,-91.902,1,-94.0701,6,6,20,0,-999,-999,0
86.5,26,32,6,-91.902,5,-134.853,4,4,10,1,-999,-999,0
86.5,26,32,6,-91.902,3,-139.023,0,0,20,0,-999,-999,0
86.5,26,32,6,-91.902,2,-140.674,3,3,20,0,-999,-999,0
86.5,26,32,6,-91.902,4,-142.843,6,6,20,0,-999,-999,0
86.5,26,32,6,-91.902,7,-143.82,6,6,0,1,-999,-999,0
86.5,29,42,7,-106.149,2,-120.479,3,3,20,0,-999,-999,0
86.5,29,42,7,-106.149,5,-135.987,4,4,10,1,-999,-999,0
86.5,29,42,7,-106.149,1,-147.376,6,6,20,0,-999,-999,0
86.5,29,42,7,-106.149,6,-158.303,6,6,0,1,-999,-999,0
86.5,29,42,7,-106.149,3,-163.202,0,0,20,0,-999,-999,0
86.5,29,42,7,-106.149,4,-163.28,6,6,20,0,-999,-999,0
86.5,31,66,7,-125.108,1,-105.226,6,6,20,0,-999,-999,1
86.5,31,66,7,-125.108,2,-129.389,3,3,20,0,-999,-999,1
86.5,31,66,7,-125.108,5,-133.675,4,4,10,1,-999,-999,1
86.5,31,66,7,-125.108,4,-140.604,6,6,20,0,-999,-999,1
86.5,31,66,7,-125.108,3,-154.084,0,0,20,0,-999,-999,1
86.5,31,66,7,-125.108,6,-157.212,6,6,0,1,-999,-999,1
86.5,32,23,2,-109.058,4,-114.57,6,6,20,0,-999,-999,0
86.5,32,23,2,-109.058,7,-119.277,6,6,0,1,-999,-999,0
86.5,32,23,2,-109.058,5,-122.931,4,4,10,1,-999,-999,0
86.5,32,23,2,-109.058,6,-125.461,6,6,0,1,-999,-999,0
86.5,32,23,2,-109.058,1,-133.223,6,7,20,0,-999,-999,0
86.5,32,23,2,-109.058,3,-151.5,0,0,20,0,-999,-999,0
86.5,36,47,5,-126.354,4,-79.5832,6,6,20,0,-999,-999,0
86.5,36,47,5,-126.354,2,-119.222,3,3,20,0,-999,-999,0
86.5,36,47,5,-126.354,1,-123.555,6,7,20,0,-999,-999,0
86.5,36,47,5,-126.354,3,-138.452,0,0,20,0,-999,-999,0
86.5,36,47,5,-126.354,6,-139.132,6,6,0,1,-999,-999,0
86.5,36,47,5,-126.354,7,-156.441,6,6,0,1,-999,-999,0
86.5,38,11,1,-139.923,6,-131.005,6,6,0,1,-999,-999,0
86.5,38,11,1,-139.923,5,-137.448,4,4,10,1,-999,-999,0
86.5,38,11,1,-139.923,2,-141.226,3,3,20,0,-999,-999,0
86.5,38,11,1,-139.923,7,-147.368,6,6,0,1,-999,-999,0
86.5,38,11,1,-139.923,4,-149.155,6,6,20,0,-999,-999,0
86.5,38,11,1,-139.923,3,-154.882,0,0,20,0,-999,-999,0
86.5,42,13,1,-134.114,4,-114.114,6,6,20,0,-999,-999,0
86.5,42,13,1,-134.114,2,-130.643,3,3,20,0,-999,-999,0
86.5,42,13,1,-134.114,5,-132.638,4,4,10,1,-999,-999,0
86.5,42,13,1,-134.114,7,-135.802,6,6,0,1,-999,-999,0
86.5,42,13,1,-134.114,3,-148.075,0,0,20,0,-999,-999,0
86.5,42,13,1,-134.114,6,-153.592,6,6,0,1,-999,-999,0
86.5,43,81,7,-100.078,2,-123.489,3,3,20,0,-999,-999,0
86.5,43,81,7,-100.078,5,-132.135,4,4,10,1,-999,-999,0
86.5,43,81,7,-100.078,4,-151.509,6,6,20,0,-999,-999,0
86.5,43,81,7,-100.078,1,-153.215,6,7,20,0,-999,-999,0
86.5,43,81,7,-100.078,6,-157.9,6,6,0,1,-999,-999,0
86.5,43,81,7,-100.078,3,-170.579,0,0,20,0,-999,-999,0
86.5,44,21,4,-139.587,6,-89.8703,6,6,0,1,-999,-999,0
86.5,44,21,4,-139.587,1,-125.402,6,7,20,0,-999,-999,0
86.5,44,21,4,-139.587,5,-126.974,4,4,10,1,-999,-999,0
86.5,44,21,4,-139.587,2,-132.524,3,3,20,0,-999,-999,0
86.5,44,21,4,-139.587,3,-133.547,0,0,20,0,-999,-999,0
86.5,44,21,4,-139.587,7,-139.677,6,6,0,1,-999,-999,0
86.5,46,16,4,-71.8028,1,-98.9425,6,7,20,0,-999,-999,0
86.5,46,16,4,-71.8028,2,-126.321,3,3,20,0,-999,-999,0
86.5,46,16,4,-71.8028,5,-128.857,4,4,10,1,-999,-999,0
86.5,46,16,4,-71.8028,7,-135.399,6,6,0,1,-999,-999,0
86.5,46,16,4,-71.8028,6,-158.398,6,6,0,1,-999,-999,0
86.5,46,16,4,-71.8028,3,-158.561,0,0,20,0,-999,-999,0
86.5,47,12,1,-128.879,5,-109,4,4,10,1,-999,-999,0
86.5,47,12,1,-128.879,2,-110.331,3,3,20,0,-999,-999,0
86.5,47,12,1,-128.879,4,-111.383,6,6,20,0,-999,-999,0
86.5,47,12,1,-128.879,3,-140.121,0,0,20,0,-999,-999,0
86.5,47,12,1,-128.879,6,-144.613,6,6,0,1,-999,-999,0
86.5,47,12,1,-128.879,7,-148.115,6,6,0,1,-999,-999,0
86.5,50,21,2,-50.6649,5,-74.495,4,4,10,1,-999,-999,0
86.5,50,21,2,-50.6649,4,-97.3714,6,6,20,0,-999,-999,0
86.5,50,21,2,-50.6649,1,-130.344,6,7,20,0,-999,-999,0
86.5,50,21,2,-50.6649,3,-142.238,0,0,20,0,-999,-999,0
86.5,50,21,2,-50.6649,6,-157.993,6,6,0,1,-999,-999,0
86.5,50,21,2,-50.6649,7,-162.692,6,6,0,1,-999,-999,0
86.5,53,82,7,-140.152,4,-107.077,6,6,20,0,-999,-999,0
86.5,53,82,7,-140.152,1,-109.971,6,7,20,0,-999,-999,0
86.5,53,82,7,-140.152,2,-113.361,3,3,20,0,-999,-999,0
86.5,53,82,7,-140.152,6,-119.688,6,6,0,1,-999,-999,0
86.5,53,82,7,-140.152,5,-136.005,4,4,10,1,-999,-999,0
86.5,53,82,7,-140.152,3,-169.501,0,0,20,0,-999,-999,0
86.5,54,25,7,-89.7047,1,-136.383,6,7,20,0,-999,-999,0
86.5,54,25,7,-89.7047,4,-137.417,6,6,20,0,-999,-999,0
86.5,54,25,7,-89.7047,2,-145.866,3,3,20,0,-999,-999,0
86.5,54,25,7,-89.7047,5,-147.679,4,4,10,1,-999,-999,0
86.5,54,25,7,-89.7047,3,-158.451,0,0,20,0,-999,-999,0
86.5,54,25,7,-89.7047,6,-172.247,6,6,0,1,-999,-999,0
86.5,56,22,2,-82.4582,1,-121.121,6,7,20,0,-999,-999,0
86.5,56,22,2,-82.4582,5,-126.842,4,4,10,1,-999,-999,0
86.5,56,22,2,-82.4582,4,-127.663,6,6,20,0,-999,-999,0
86.5,56,22,2,-82.4582,3,-129.918,0,0,20,0,-999,-999,0
86.5,56,22,2,-82.4582,7,-151.126,6,6,0,1,-999,-999,0
86.5,56,22,2,-82.4582,6,-157.211,6,6,0,1,-999,-999,0
86.5,58,34,7,-133.866,6,-131.406,6,6,0,1,-999,-999,0
86.5,58,34,7,-133.866,5,-136.47,4,4,10,1,-999,-999,0
86.5,58,34,7,-133.866,1,-144.516,6,7,20,0,-999,-999,0
86.5,58,34,7,-133.866,4,-144.982,6,6,20,0,-999,-999,0
86.5,58,34,7,-133.866,2,-149.676,3,3,20,0,-999,-999,0
86.5,58,34,7,-133.866,3,-164.729,0,0,20,0,-999,-999,0
86.5,60,72,6,-125.734,4,-120.918,6,6,20,0,-999,-999,0
86.5,60,72,6,-125.734,2,-126.429,3,3,20,0,-999,-999,0
86.5,60,72,6,-125.734,1,-146.096,6,7,20,0,-999,-999,0
86.5,60,72,6,-125.734,3,-149.235,0,0,20,0,-999,-999,0
86.5,60,72,6,-125.734,5,-152.016,4,4,10,1,-999,-999,0
86.5,60,72,6,-125.734,7,-174.337,6,6,0,1,-999,-999,0
86.5,68,56,6,-128.365,5,-125.103,4,4,10,1,-999,-999,0
86.5,68,56,6,-128.365,2,-134.669,3,3,20,0,-999,-999,0
86.5,68,56,6,-128.365,1,-139.191,6,7,20,0,-999,-999,0
86.5,68,56,6,-128.365,4,-139.746,6,6,20,0,-999,-999,0
86.5,68,56,6,-128.365,7,-152.432,6,6,0,1,-999,-999,0
86.5,68,56,6,-128.365,3,-152.838,0,0,20,0,-999,-999,0
86.5,70,48,6,-128.92,4,-108.975,6,6,20,0,-999,-999,0
86.5,70,48,6,-128.92,2,-109.547,3,3,20,0,-999,-999,0
86.5,70,48,6,-128.92,3,-134.613,0,0,20,0,-999,-999,0
86.5,70,48,6,-128.92,1,-138.1,6,7,20,0,-999,-999,0
86.5,70,48,6,-128.92,5,-143.005,4,4,10,1,-999,-999,0
86.5,70,48,6,-128.92,7,-155.478,6,6,0,1,-999,-999,0
86.5,73,55,5,-102.118,1,-98.6978,6,7,20,0,-999,-999,0
86.5,73,55,5,-102.118,2,-126.345,3,3,20,0,-999,-999,0
86.5,73,55,5,-102.118,4,-131.112,6,6,20,0,-999,-999,0
86.5,73,55,5,-102.118,3,-136.108,0,0,20,0,-999,-999,0
86.5,73,55,5,-102.118,7,-137.427,6,6,0,1,-999,-999,0
86.5,73,55,5,-102.118,6,-142.35,6,6,0,1,-999,-999,0
86.5,77,64,6,-135.077,7,-142.898,6,6,0,1,-999,-999,0
86.5,77,64,6,-135.077,5,-143.346,4,4,10,1,-999,-999,0
86.5,77,64,6,-135.077,2,-153.212,3,3,20,0,-999,-999,0
86.5,77,64,6,-135.077,4,-153.805,6,6,20,0,-999,-999,0
86.5,77,64,6,-135.077,1,-156.392,6,7,20,0,-999,-999,0
86.5,77,64,6,-135.077,3,-160.348,0,0,20,0,-999,-999,0
86.5,80,8,1,-112.607,7,-116.704,6,6,0,1,-999,-999,0
86.5,80,8,1,-112.607,4,-124.991,6,6,20,0,-999,-999,0
86.5,80,8,1,-112.607,5,-130.441,4,4,10,1,-999,-999,0
86.5,80,8,1,-112.607,2,-130.752,3,3,20,0,-999,-999,0
86.5,80,8,1,-112.607,3,-137.848,0,0,20,0,-999,-999,0
86.5,80,8,1,-112.607,6,-145.144,6,6,0,1,-999,-999,0
86.5,86,37,5,-119.614,1,-116.775,6,7,20,0,-999,-999,0
86.5,86,37,5,-119.614,7,-140.59,6,6,0,1,-999,-999,0
86.5,86,37,5,-119.614,6,-152.368,6,6,0,1,-999,-999,0
86.5,86,37,5,-119.614,4,-154.89,6,6,20,0,-999,-999,0
86.5,86,37,5,-119.614,2,-162.798,3,3,20,0,-999,-999,0
86.5,86,37,5,-119.614,3,-172.993,0,0,20,0,-999,-999,0
86.5,89,25,4,-139.176,1,-83.3799,6,7,20,0,-999,-999,1
86.5,89,25,4,-139.176,2,-104.79,3,3,20,0,-999,-999,1
86.5,89,25,4,-139.176,5,-130.909,4,4,10,1,-999,-999,1
86.5,89,25,4,-139.176,7,-133.605,6,6,0,1,-999,-999,1
86.5,89,25,4,-139.176,6,-137.855,6,6,0,1,-999,-999,1
86.5,89,25,4,-139.176,3,-139.14,0,0,20,0,-999,-999,1
86.5,95,23,4,-132.342,2,-129.251,3,3,20,0,-999,-999,0
86.5,95,23,4,-132.342,6,-134.012,6,6,0,1,-999,-999,0
86.5,95,23,4,-132.342,1,-138.48,6,8,20,0,-999,-999,0
86.5,95,23,4,-132.342,5,-138.587,4,4,10,1,-999,-999,0
86.5,95,23,4,-132.342,7,-146.034,6,6,0,1,-999,-999,0
86.5,95,23,4,-132.342,3,-148.42,0,0,20,0,-999,-999,0
86.5,98,22,4,-127.949,6,-119.398,6,6,0,1,-999,-999,0
86.5,98,22,4,-127.949,1,-122.374,6,8,20,0,-999,-999,0
86.5,98,22,4,-127.949,5,-122.54,4,4,10,1,-999,-999,0
86.5,98,22,4,-127.949,7,-130.144,6,6,0,1,-999,-999,0
86.5,98,22,4,-127.949,2,-133.208,3,3,20,0,-999,-999,0
86.5,98,22,4,-127.949,3,-148.279,0,0,20,0,-999,-999,0
86.5,100,16,6,-131.058,4,-119.663,6,6,20,0,-999,-999,0
86.5,100,16,6,-131.058,2,-124.52,3,3,20,0,-999,-999,0
86.5,100,16,6,-131.058,1,-126.051,6,8,20,0,-999,-999,0
86.5,100,16,6,-131.058,5,-127.562,4,4,10,1,-999,-999,0
86.5,100,16,6,-131.058,7,-139.18,6,6,0,1,-999,-999,0
86.5,100,16,6,-131.058,3,-158.062,0,0,20,0,-999,-999,0
86.5,107,14,1,-153.354,7,-108.233,6,6,0,1,-999,-999,0
86.5,107,14,1,-153.354,5,-123.205,4,4,10,1,-999,-999,0
86.5,107,14,1,-153.354,2,-125.299,3,3,20,0,-999,-999,0
86.5,107,14,1,-153.354,4,-132.198,6,6,20,0,-999,-999,0
86.5,107,14,1,-153.354,6,-141.489,6,6,0,1,-999,-999,0
86.5,107,14,1,-153.354,3,-157.766,0,0,20,0,-999,-999,0
88.5,13,10,1,-82.6007,5,-86.2965,4,4,10,1,-999,-999,0
88.5,13,10,1,-82.6007,4,-117.143,5,5,20,0,-999,-999,0
88.5,13,10,1,-82.6007,2,-120.884,3,3,20,0,-999,-999,0
88.5,13,10,1,-82.6007,6,-139.798,6,6,0,1,-999,-999,0
88.5,13,10,1,-82.6007,3,-141.97,0,0,20,0,-999,-999,0
88.5,13,10,1,-82.6007,7,-145.109,5,5,0,1,-999,-999,0
88.5,22,24,4,-113.851,7,-125.525,5,5,0,1,-999,-999,0
88.5,22,24,4,-113.851,2,-133.125,3,3,20,0,-999,-999,0
88.5,22,24,4,-113.851,5,-138.692,4,4,10,1,-999,-999,0
88.5,22,24,4,-113.851,1,-140.295,8,8,20,0,-999,-999,0
88.5,22,24,4,-113.851,6,-141.696,6,6,0,1,-999,-999,0
88.5,22,24,4,-113.851,3,-155.462,0,0,20,0,-999,-999,0
88.5,26,32,6,-114.155,2,-133.382,3,3,20,0,-999,-999,0
88.5,26,32,6,-114.155,4,-135.37,5,5,20,0,-999,-999,0
88.5,26,32,6,-114.155,3,-138.026,0,0,20,0,-999,-999,0
88.5,26,32,6,-114.155,5,-141.129,4,4,10,1,-999,-999,0
88.5,26,32,6,-114.155,7,-142.484,5,5,0,1,-999,-999,0
88.5,26,32,6,-114.155,1,-143.243,8,8,20,0,-999,-999,0
88.5,29,42,7,-137.883,5,-109.024,4,4,10,1,-999,-999,0
88.5,29,42,7,-137.883,2,-115.304,3,3,20,0,-999,-999,0
88.5,29,42,7,-137.883,4,-137.909,5,5,20,0,-999,-999,0
88.5,29,42,7,-137.883,6,-141.254,6,6,0,1,-999,-999,0
88.5,29,42,7,-137.883,1,-145.737,8,8,20,0,-999,-999,0
88.5,29,42,7,-137.883,3,-166.972,0,0,20,0,-999,-999,0
88.5,31,15,1,-148.977,7,-120.678,5,5,0,1,-999,-999,0
88.5,31,15,1,-148.977,6,-137.437,6,6,0,1,-999,-999,0
88.5,31,15,1,-148.977,4,-144.661,5,5,20,0,-999,-999,0
88.5,31,15,1,-148.977,2,-154.391,3,3,20,0,-999,-999,0
88.5,31,15,1,-148.977,3,-155.127,0,0,20,0,-999,-999,0
88.5,31,15,1,-148.977,5,-158.102,4,4,10,1,-999,-999,0
88.5,32,23,2,-70.8567,1,-105.628,8,8,20,0,-999,-999,0
88.5,32,23,2,-70.8567,4,-116.665,5,5,20,0,-999,-999,0
88.5,32,23,2,-70.8567,7,-123.185,5,5,0,1,-999,-999,0
88.5,32,23,2,-70.8567,5,-126.403,4,4,10,1,-999,-999,0
88.5,32,23,2,-70.8567,6,-145.423,6,6,0,1,-999,-999,0
88.5,32,23,2,-70.8567,3,-147.408,0,0,20,0,-999,-999,0
88.5,36,47,5,-121.592,2,-111.706,3,3,20,0,-999,-999,0
88.5,36,47,5,-121.592,4,-120.01,5,5,20,0,-999,-999,0
88.5,36,47,5,-121.592,1,-126.511,8,8,20,0,-999,-999,0
88.5,36,47,5,-121.592,6,-138.503,6,6,0,1,-999,-999,0
88.5,36,47,5,-121.592,3,-143.574,0,0,20,0,-999,-999,0
88.5,36,47,5,-121.592,7,-159.88,5,5,0,1,-999,-999,0
88.5,38,11,1,-141.169,6,-133.394,6,6,0,1,-999,-999,0
88.5,38,11,1,-141.169,5,-138.05,4,4,10,1,-999,-999,0
88.5,38,11,1,-141.169,4,-142.176,5,5,20,0,-999,-999,0
88.5,38,11,1,-141.169,2,-149.813,3,3,20,0,-999,-999,0
88.5,38,11,1,-141.169,7,-152.263,5,5,0,1,-999,-999,0
88.5,38,11,1,-141.169,3,-152.804,0,0,20,0,-999,-999,0
88.5,41,63,5,-129.193,1,-98.2778,8,8,20,0,-999,-999,0
88.5,41,63,5,-129.193,6,-117.057,6,6,0,1,-999,-999,0
88.5,41,63,5,-129.193,7,-131.722,5,5,0,1,-999,-999,0
88.5,41,63,5,-129.193,2,-132.947,3,3,20,0,-999,-999,0
88.5,41,63,5,-129.193,4,-133.099,5,5,20,0,-999,-999,0
88.5,41,63,5,-129.193,3,-147.54,0,0,20,0,-999,-999,0
88.5,42,13,1,-122.807,6,-112.1,6,6,0,1,-999,-999,0
88.5,42,13,1,-122.807,4,-113.133,5,5,20,0,-999,-999,0
88.5,42,13,1,-122.807,7,-127.994,5,5,0,1,-999,-999,0
88.5,42,13,1,-122.807,2,-132.06,3,3,20,0,-999,-999,0
88.5,42,13,1,-122.807,5,-135.573,4,4,10,1,-999,-999,0
88.5,42,13,1,-122.807,3,-145.105,0,0,20,0,-999,-999,0
88.5,43,81,7,-134.531,5,-107.245,4,4,10,1,-999,-999,0
88.5,43,81,7,-134.531,4,-146.817,5,5,20,0,-999,-999,0
88.5,43,81,7,-134.531,2,-149.717,3,3,20,0,-999,-999,0
88.5,43,81,7,-134.531,1,-152.415,8,8,20,0,-999,-999,0
88.5,43,81,7,-134.531,6,-153.381,6,6,0,1,-999,-999,0
88.5,43,81,7,-134.531,3,-164.936,0,0,20,0,-999,-999,0
88.5,44,21,4,-137.825,2,-104.713,3,3,20,0,-999,-999,0
88.5,44,21,4,-137.825,5,-107.973,4,4,10,1,-999,-999,0
88.5,44,21,4,-137.825,6,-130.416,6,6,0,1,-999,-999,0
88.5,44,21,4,-137.825,3,-139.749,0,0,20,0,-999,-999,0
88.5,44,21,4,-137.825,7,-139.82,5,5,0,1,-999,-999,0
88.5,44,21,4,-137.825,1,-141.453,8,8,20,0,-999,-999,0
88.5,46,16,4,-71.7261,2,-129.557,3,3,20,0,-999,-999,0
88.5,46,16,4,-71.7261,5,-130.287,4,4,10,1,-999,-999,0
88.5,46,16,4,-71.7261,7,-130.618,5,5,0,1,-999,-999,0
88.5,46,16,4,-71.7261,1,-134.357,8,8,20,0,-999,-999,0
88.5,46,16,4,-71.7261,6,-149.644,6,6,0,1,-999,-999,0
88.5,46,16,4,-71.7261,3,-154.06,0,0,20,0,-999,-999,0
88.5,47,12,1,-118.852,2,-77.6634,3,3,20,0,-999,-999,0
88.5,47,12,1,-118.852,5,-115.625,4,4,10,1,-999,-999,0
88.5,47,12,1,-118.852,4,-120.384,5,5,20,0,-999,-999,0
88.5,47,12,1,-118.852,6,-120.495,6,6,0,1,-999,-999,0
88.5,47,12,1,-118.852,3,-137.562,0,0,20,0,-999,-999,0
88.5,47,12,1,-118.852,7,-138.09,5,5,0,1,-999,-999,0
88.5,50,21,2,-50.1438,1,-91.3805,8,8,20,0,-999,-999,0
88.5,50,21,2,-50.1438,4,-109.484,5,5,20,0,-999,-999,0
88.5,50,21,2,-50.1438,5,-110.374,4,4,10,1,-999,-999,0
88.5,50,21,2,-50.1438,3,-134.732,0,0,20,0,-999,-999,0
88.5,50,21,2,-50.1438,6,-147.797,6,6,0,1,-999,-999,0
88.5,50,21,2,-50.1438,7,-161.46,5,5,0,1,-999,-999,0
88.5,53,82,7,-136.455,5,-106.835,4,4,10,1,-999,-999,0
88.5,53,82,7,-136.455,2,-118.658,3,3,20,0,-999,-999,0
88.5,53,82,7,-136.455,4,-124.271,5,5,20,0,-999,-999,0
88.5,53,82,7,-136.455,6,-143.405,6,6,0,1,-999,-999,0
88.5,53,82,7,-136.455,1,-148.724,8,8,20,0,-999,-999,0
88.5,53,82,7,-136.455,3,-169.424,0,0,20,0,-999,-999,0
88.5,54,25,7,-121.419,2,-115.997,3,3,20,0,-999,-999,0
88.5,54,25,7,-121.419,4,-127.25,5,5,20,0,-999,-999,0
88.5,54,25,7,-121.419,1,-142.144,8,8,20,0,-999,-999,0
88.5,54,25,7,-121.419,5,-153.038,4,4,10,1,-999,-999,0
88.5,54,25,7,-121.419,3,-159.169,0,0,20,0,-999,-999,0
88.5,54,25,7,-121.419,6,-162.585,6,6,0,1,-999,-999,0
88.5,56,22,2,-83.9097,1,-101.663,8,8,20,0,-999,-999,0
88.5,56,22,2,-83.9097,4,-118.95,5,5,20,0,-999,-999,0
88.5,56,22,2,-83.9097,5,-121.235,4,4,10,1,-999,-999,0
88.5,56,22,2,-83.9097,3,-134.074,0,0,20,0,-999,-999,0
88.5,56,22,2,-83.9097,7,-147.712,5,5,0,1,-999,-999,0
88.5,56,22,2,-83.9097,6,-160.424,6,6,0,1,-999,-999,0
88.5,58,34,7,-128.127,4,-140.77,5,5,20,0,-999,-999,0
88.5,58,34,7,-128.127,5,-142.954,4,4,10,1,-999,-999,0
88.5,58,34,7,-128.127,1,-148.948,8,8,20,0,-999,-999,0
88.5,58,34,7,-128.127,2,-151.845,3,3,20,0,-999,-999,0
88.5,58,34,7,-128.127,6,-153.071,6,6,0,1,-999,-999,0
88.5,58,34,7,-128.127,3,-165.783,0,0,20,0,-999,-999,0
88.5,60,72,6,-137.551,5,-118.893,4,4,10,1,-999,-999,0
88.5,60,72,6,-137.551,1,-127.458,8,8,20,0,-999,-999,0
88.5,60,72,6,-137.551,3,-150.868,0,0,20,0,-999,-999,0
88.5,60,72,6,-137.551,2,-150.998,3,3,20,0,-999,-999,0
88.5,60,72,6,-137.551,4,-155.504,5,5,20,0,-999,-999,0
88.5,60,72,6,-137.551,7,-172.292,5,5,0,1,-999,-999,0
88.5,68,56,6,-101.722,1,-102.18,8,8,20,0,-999,-999,0
88.5,68,56,6,-101.722,4,-117.653,5,5,20,0,-999,-999,0
88.5,68,56,6,-101.722,5,-131.795,4,4,10,1,-999,-999,0
88.5,68,56,6,-101.722,2,-135.637,3,3,20,0,-999,-999,0
88.5,68,56,6,-101.722,3,-145.158,0,0,20,0,-999,-999,0
88.5,68,56,6,-101.722,7,-151.176,5,5,0,1,-999,-999,0
88.5,70,48,6,-132.131,3,-137.592,0,0,20,0,-999,-999,0
88.5,70,48,6,-132.131,2,-141.239,3,3,20,0,-999,-999,0
88.5,70,48,6,-132.131,1,-142.487,8,8,20,0,-999,-999,0
88.5,70,48,6,-132.131,4,-144.668,5,5,20,0,-999,-999,0
88.5,70,48,6,-132.131,5,-147.591,4,4,10,1,-999,-999,0
88.5,70,48,6,-132.131,7,-156.443,5,5,0,1,-999,-999,0
88.5,73,55,5,-132.164,2,-87.2632,3,3,20,0,-999,-999,0
88.5,73,55,5,-132.164,7,-104.334,5,5,0,1,-999,-999,0
88.5,73,55,5,-132.164,4,-126.701,5,5,20,0,-999,-999,0
88.5,73,55,5,-132.164,1,-136.147,8,8,20,0,-999,-999,0
88.5,73,55,5,-132.164,6,-137.066,6,6,0,1,-999,-999,0
88.5,73,55,5,-132.164,3,-143.169,0,0,20,0,-999,-999,0
88.5,77,64,6,-117.233,1,-144.848,8,8,20,0,-999,-999,0
88.5,77,64,6,-117.233,4,-145.695,5,5,20,0,-999,-999,0
88.5,77,64,6,-117.233,2,-145.848,3,3,20,0,-999,-999,0
88.5,77,64,6,-117.233,5,-147.456,4,4,10,1,-999,-999,0
88.5,77,64,6,-117.233,7,-150.247,5,5,0,1,-999,-999,0
88.5,77,64,6,-117.233,3,-157.647,0,0,20,0,-999,-999,0
88.5,80,8,1,-109.856,7,-117.217,5,5,0,1,-999,-999,0
88.5,80,8,1,-109.856,4,-126.639,5,5,20,0,-999,-999,0
88.5,80,8,1,-109.856,2,-128.658,3,3,20,0,-999,-999,0
88.5,80,8,1,-109.856,5,-132.08,4,4,10,1,-999,-999,0
88.5,80,8,1,-109.856,3,-136.693,0,0,20,0,-999,-999,0
88.5,80,8,1,-109.856,6,-147.223,6,6,0,1,-999,-999,0
88.5,86,37,5,-109.092,6,-124.996,6,6,0,1,-999,-999,0
88.5,86,37,5,-109.092,4,-127.77,5,5,20,0,-999,-999,0
88.5,86,37,5,-109.092,7,-143.167,5,5,0,1,-999,-999,0
88.5,86,37,5,-109.092,1,-152.942,8,8,20,0,-999,-999,0
88.5,86,37,5,-109.092,2,-164.163,3,3,20,0,-999,-999,0
88.5,86,37,5,-109.092,3,-168.06,0,0,20,0,-999,-999,0
88.5,89,16,1,-123.757,4,-124.451,5,5,20,0,-999,-999,0
88.5,89,16,1,-123.757,7,-131.874,5,5,0,1,-999,-999,0
88.5,89,16,1,-123.757,2,-133.192,3,3,20,0,-999,-999,0
88.5,89,16,1,-123.757,6,-134.018,6,6,0,1,-999,-999,0
88.5,89,16,1,-123.757,3,-138.99,0,0,20,0,-999,-999,0
88.5,89,16,1,-123.757,5,-140.273,4,4,10,1,-999,-999,0
88.5,95,23,4,-122.99,2,-98.2959,3,3,20,0,-999,-999,0
88.5,95,23,4,-122.99,6,-114.887,6,6,0,1,-999,-999,0
88.5,95,23,4,-122.99,7,-115.398,5,5,0,1,-999,-999,0
88.5,95,23,4,-122.99,5,-131.898,4,4,10,1,-999,-999,0
88.5,95,23,4,-122.99,1,-141.876,8,8,20,0,-999,-999,0
88.5,95,23,4,-122.99,3,-146.327,0,0,20,0,-999,-999,0
88.5,98,22,4,-126.464,2,-92.9972,3,3,20,0,-999,-999,0
88.5,98,22,4,-126.464,5,-96.2209,4,4,10,1,-999,-999,0
88.5,98,22,4,-126.464,7,-99.4446,5,5,0,1,-999,-999,0
88.5,98,22,4,-126.464,1,-121.956,8,8,20,0,-999,-999,0
88.5,98,22,4,-126.464,6,-124.341,6,6,0,1,-999,-999,0
88.5,98,22,4,-126.464,3,-152.962,0,0,20,0,-999,-999,0
88.5,100,16,6,-120.588,1,-126.063,8,8,20,0,-999,-999,0
88.5,100,16,6,-120.588,2,-144.656,3,3,20,0,-999,-999,0
88.5,100,16,6,-120.588,5,-148.635,4,4,10,1,-999,-999,0
88.5,100,16,6,-120.588,4,-154.757,5,5,20,0,-999,-999,0
88.5,100,16,6,-120.588,3,-156.903,0,0,20,0,-999,-999,0
88.5,100,16,6,-120.588,7,-162.133,5,5,0,1,-999,-999,0
88.5,107,14,1,-137.591,6,-105.646,6,6,0,1,-999,-999,0
88.5,107,14,1,-137.591,2,-123.727,3,3,20,0,-999,-999,0
88.5,107,14,1,-137.591,4,-128.296,5,5,20,0,-999,-999,0
88.5,107,14,1,-137.591,5,-134.463,4,4,10,1,-999,-999,0
88.5,107,14,1,-137.591,7,-145.245,5,5,0,1,-999,-999,0
88.5,107,14,1,-137.591,3,-154.087,0,0,20,0,-999,-999,0
90.5,13,10,1,-114.852,2,-99.8002,3,3,20,0,-999,-999,0
90.5,13,10,1,-114.852,4,-110.825,5,5,20,0,-999,-999,0
90.5,13,10,1,-114.852,5,-119.242,4,4,10,1,-999,-999,0
90.5,13,10,1,-114.852,7,-146.793,5,5,0,1,-999,-999,0
90.5,13,10,1,-114.852,6,-146.796,6,6,0,1,-999,-999,0
90.5,13,10,1,-114.852,3,-147.353,0,0,20,0,-999,-999,0
90.5,22,24,4,-104.694,5,-118.945,4,4,10,1,-999,-999,0
90.5,22,24,4,-104.694,7,-127.117,5,5,0,1,-999,-999,0
90.5,22,24,4,-104.694,1,-134.189,8,8,20,0,-999,-999,0
90.5,22,24,4,-104.694,2,-136.147,3,3,20,0,-999,-999,0
90.5,22,24,4,-104.694,3,-153.725,0,0,20,0,-999,-999,0
90.5,22,24,4,-104.694,6,-155.309,6,6,0,1,-999,-999,0
90.5,26,32,6,-126.669,5,-121.225,4,4,10,1,-999,-999,0
90.5,26,32,6,-126.669,2,-126.878,3,3,20,0,-999,-999,0
90.5,26,32,6,-126.669,1,-134.775,8,8,20,0,-999,-999,0
90.5,26,32,6,-126.669,4,-135.887,5,5,20,0,-999,-999,0
90.5,26,32,6,-126.669,3,-137.58,0,0,20,0,-999,-999,0
90.5,26,32,6,-126.669,7,-139.025,5,5,0,1,-999,-999,0
90.5,29,42,7,-146.762,6,-138.132,6,6,0,1,-999,-999,0
90.5,29,42,7,-146.762,2,-143.193,3,3,20,0,-999,-999,0
90.5,29,42,7,-146.762,4,-147.348,5,5,20,0,-999,-999,0
90.5,29,42,7,-146.762,1,-151.88,8,8,20,0,-999,-999,0
90.5,29,42,7,-146.762,5,-153.974,4,4,10,1,-999,-999,0
90.5,29,42,7,-146.762,3,-170.23,0,0,20,0,-999,-999,0
90.5,31,15,1,-144.3,7,-112.881,5,5,0,1,-999,-999,0
90.5,31,15,1,-144.3,4,-131.036,5,5,20,0,-999,-999,0
90.5,31,15,1,-144.3,6,-137.329,6,6,0,1,-999,-999,0
90.5,31,15,1,-144.3,2,-150.181,3,3,20,0,-999,-999,0
90.5,31,15,1,-144.3,5,-157.933,4,4,10,1,-999,-999,0
90.5,31,15,1,-144.3,3,-161.805,0,0,20,0,-999,-999,0
90.5,32,23,2,-96.4013,1,-108.942,8,8,20,0,-999,-999,0
90.5,32,23,2,-96.4013,7,-115.365,5,5,0,1,-999,-999,0
90.5,32,23,2,-96.4013,4,-118.234,5,5,20,0,-999,-999,0
90.5,32,23,2,-96.4013,5,-124.081,4,4,10,1,-999,-999,0
90.5,32,23,2,-96.4013,3,-150.621,0,0,20,0,-999,-999,0
90.5,32,23,2,-96.4013,6,-150.633,6,6,0,1,-999,-999,0
90.5,36,47,5,-123.031,4,-89.2974,5,5,20,0,-999,-999,0
90.5,36,47,5,-123.031,2,-95.8603,3,3,20,0,-999,-999,0
90.5,36,47,5,-123.031,1,-100.398,8,8,20,0,-999,-999,0
90.5,36,47,5,-123.031,3,-138.442,0,0,20,0,-999,-999,0
90.5,36,47,5,-123.031,7,-143.466,5,5,0,1,-999,-999,0
90.5,36,47,5,-123.031,6,-147.845,6,6,0,1,-999,-999,0
90.5,38,11,1,-138.048,4,-114.526,5,5,20,0,-999,-999,0
90.5,38,11,1,-138.048,2,-120.214,3,3,20,0,-999,-999,0
90.5,38,11,1,-138.048,6,-120.853,6,6,0,1,-999,-999,0
90.5,38,11,1,-138.048,7,-129.006,5,5,0,1,-999,-999,0
90.5,38,11,1,-138.048,5,-144.697,4,4,10,1,-999,-999,0
90.5,38,11,1,-138.048,3,-155.716,0,0,20,0,-999,-999,0
90.5,41,63,5,-135.331,4,-101.164,5,5,20,0,-999,-999,0
90.5,41,63,5,-135.331,6,-119.994,6,6,0,1,-999,-999,0
90.5,41,63,5,-135.331,2,-129.643,3,3,20,0,-999,-999,0
90.5,41,63,5,-135.331,1,-138.471,8,8,20,0,-999,-999,0
90.5,41,63,5,-135.331,7,-141.045,5,5,0,1,-999,-999,0
90.5,41,63,5,-135.331,3,-147.838,0,0,20,0,-999,-999,0
90.5,42,13,1,-130.258,5,-99.1519,4,4,10,1,-999,-999,0
90.5,42,13,1,-130.258,2,-111.568,3,3,20,0,-999,-999,0
90.5,42,13,1,-130.258,7,-113.617,5,5,0,1,-999,-999,0
90.5,42,13,1,-130.258,4,-127.774,5,5,20,0,-999,-999,0
90.5,42,13,1,-130.258,3,-146.544,0,0,20,0,-999,-999,0
90.5,42,13,1,-130.258,6,-153.115,6,6,0,1,-999,-999,0
90.5,43,81,7,-136.639,4,-109.448,5,5,20,0,-999,-999,0
90.5,43,81,7,-136.639,5,-129.918,4,4,10,1,-999,-999,0
90.5,43,81,7,-136.639,2,-137.329,3,3,20,0,-999,-999,0
90.5,43,81,7,-136.639,1,-148.531,8,8,20,0,-999,-999,0
90.5,43,81,7,-136.639,6,-152.47,6,6,0,1,-999,-999,0
90.5,43,81,7,-136.639,3,-168.249,0,0,20,0,-999,-999,0
90.5,44,21,4,-141.907,7,-118.299,5,5,0,1,-999,-999,0
90.5,44,21,4,-141.907,6,-125.334,6,6,0,1,-999,-999,0
90.5,44,21,4,-141.907,3,-132.969,0,0,20,0,-999,-999,0
90.5,44,21,4,-141.907,1,-133.665,8,8,20,0,-999,-999,0
90.5,44,21,4,-141.907,2,-134.594,3,3,20,0,-999,-999,0
90.5,44,21,4,-141.907,5,-138.408,4,4,10,1,-999,-999,0
90.5,46,16,4,-113.989,2,-122.958,3,3,20,0,-999,-999,0
90.5,46,16,4,-113.989,5,-129.993,4,4,10,1,-999,-999,0
90.5,46,16,4,-113.989,7,-133.884,5,5,0,1,-999,-999,0
90.5,46,16,4,-113.989,1,-134.624,8,8,20,0,-999,-999,0
90.5,46,16,4,-113.989,3,-156.843,0,0,20,0,-999,-999,0
90.5,46,16,4,-113.989,6,-157.528,6,6,0,1,-999,-999,0
90.5,47,12,1,-87.6733,5,-89.2656,4,4,10,1,-999,-999,0
90.5,47,12,1,-87.6733,2,-109.062,3,3,20,0,-999,-999,0
90.5,47,12,1,-87.6733,6,-124.548,6,6,0,1,-999,-999,0
90.5,47,12,1,-87.6733,4,-136.267,5,5,20,0,-999,-999,0
90.5,47,12,1,-87.6733,3,-138.614,0,0,20,0,-999,-999,0
90.5,47,12,1,-87.6733,7,-147.31,5,5,0,1,-999,-999,0
90.5,50,21,2,-52.4499,5,-95.1967,4,4,10,1,-999,-999,0
90.5,50,21,2,-52.4499,1,-109.115,8,8,20,0,-999,-999,0
90.5,50,21,2,-52.4499,4,-131.148,5,5,20,0,-999,-999,0
90.5,50,21,2,-52.4499,3,-136.126,0,0,20,0,-999,-999,0
90.5,50,21,2,-52.4499,6,-149.408,6,6,0,1,-999,-999,0
90.5,50,21,2,-52.4499,7,-162.758,5,5,0,1,-999,-999,0
90.5,53,82,7,-134.166,4,-115.025,5,5,20,0,-999,-999,0
90.5,53,82,7,-134.166,6,-131.4,6,6,0,1,-999,-999,0
90.5,53,82,7,-134.166,5,-146.6,4,4,10,1,-999,-999,0
90.5,53,82,7,-134.166,1,-148.462,8,8,20,0,-999,-999,0
90.5,53,82,7,-134.166,2,-158.716,3,3,20,0,-999,-999,0
90.5,53,82,7,-134.166,3,-167.081,0,0,20,0,-999,-999,0
90.5,54,25,7,-112.616,2,-112.366,3,3,20,0,-999,-999,0
90.5,54,25,7,-112.616,4,-112.916,5,5,20,0,-999,-999,0
90.5,54,25,7,-112.616,6,-138.497,6,6,0,1,-999,-999,0
90.5,54,25,7,-112.616,5,-142.256,4,4,10,1,-999,-999,0
90.5,54,25,7,-112.616,1,-150.088,8,8,20,0,-999,-999,0
90.5,54,25,7,-112.616,3,-164.043,0,0,20,0,-999,-999,0
90.5,56,22,2,-95.8299,5,-108.572,4,4,10,1,-999,-999,0
90.5,56,22,2,-95.8299,1,-118.704,8,8,20,0,-999,-999,0
90.5,56,22,2,-95.8299,4,-127.827,5,5,20,0,-999,-999,0
90.5,56,22,2,-95.8299,3,-133.547,0,0,20,0,-999,-999,0
90.5,56,22,2,-95.8299,7,-159.023,5,5,0,1,-999,-999,0
90.5,56,22,2,-95.8299,6,-160.943,6,6,0,1,-999,-999,0
90.5,58,34,7,-119.633,4,-114.403,5,5,20,0,-999,-999,0
90.5,58,34,7,-119.633,2,-129.238,3,3,20,0,-999,-999,0
90.5,58,34,7,-119.633,1,-142.756,8,8,20,0,-999,-999,0
90.5,58,34,7,-119.633,5,-142.843,4,4,10,1,-999,-999,0
90.5,58,34,7,-119.633,6,-149.441,6,6,0,1,-999,-999,0
90.5,58,34,7,-119.633,3,-164.495,0,0,20,0,-999,-999,0
90.5,60,72,6,-144.975,4,-128.2,5,5,20,0,-999,-999,0
90.5,60,72,6,-144.975,1,-136.697,8,8,20,0,-999,-999,0
90.5,60,72,6,-144.975,5,-137.327,4,4,10,1,-999,-999,0
90.5,60,72,6,-144.975,2,-141.302,3,3,20,0,-999,-999,0
90.5,60,72,6,-144.975,3,-146.479,0,0,20,0,-999,-999,0
90.5,60,72,6,-144.975,7,-169.453,5,5,0,1,-999,-999,0
90.5,68,56,6,-125.332,1,-131.983,8,8,20,0,-999,-999,0
90.5,68,56,6,-125.332,5,-132.036,4,4,10,1,-999,-999,0
90.5,68,56,6,-125.332,2,-132.683,3,3,20,0,-999,-999,0
90.5,68,56,6,-125.332,3,-141.804,0,0,20,0,-999,-999,0
90.5,68,56,6,-125.332,4,-144.504,5,5,20,0,-999,-999,0
90.5,68,56,6,-125.332,7,-150.289,5,5,0,1,-999,-999,0
90.5,70,48,6,-126.705,3,-110.658,0,0,20,0,-999,-999,0
90.5,70,48,6,-126.705,1,-120.651,8,8,20,0,-999,-999,0
90.5,70,48,6,-126.705,2,-141.968,3,3,20,0,-999,-999,0
90.5,70,48,6,-126.705,4,-143.594,5,5,20,0,-999,-999,0
90.5,70,48,6,-126.705,5,-151.008,4,4,10,1,-999,-999,0
90.5,70,48,6,-126.705,7,-152.137,5,5,0,1,-999,-999,0
90.5,73,55,5,-127.621,4,-105.91,5,5,20,0,-999,-999,0
90.5,73,55,5,-127.621,7,-119.948,5,5,0,1,-999,-999,0
90.5,73,55,5,-127.621,2,-123.891,3,3,20,0,-999,-999,0
90.5,73,55,5,-127.621,6,-135.35,6,6,0,1,-999,-999,0
90.5,73,55,5,-127.621,1,-137.256,8,8,20,0,-999,-999,0
90.5,73,55,5,-127.621,3,-145.182,0,0,20,0,-999,-999,0
90.5,77,64,6,-134.762,5,-123.85,4,4,10,1,-999,-999,0
90.5,77,64,6,-134.762,2,-129.195,3,3,20,0,-999,-999,0
90.5,77,64,6,-134.762,1,-145.89,8,8,20,0,-999,-999,0
90.5,77,64,6,-134.762,7,-149.347,5,5,0,1,-999,-999,0
90.5,77,64,6,-134.762,4,-157.221,5,5,20,0,-999,-999,0
90.5,77,64,6,-134.762,3,-158.655,0,0,20,0,-999,-999,0
90.5,80,8,1,-113.146,7,-124.561,5,5,0,1,-999,-999,0
90.5,80,8,1,-113.146,4,-128.274,5,5,20,0,-999,-999,0
90.5,80,8,1,-113.146,2,-129.033,3,3,20,0,-999,-999,0
90.5,80,8,1,-113.146,5,-132.881,4,4,10,1,-999,-999,0
90.5,80,8,1,-113.146,3,-138.568,0,0,20,0,-999,-999,0
90.5,80,8,1,-113.146,6,-144.242,6,6,0,1,-999,-999,0
90.5,86,37,5,-132.753,1,-117.314,8,8,20,0,-999,-999,0
90.5,86,37,5,-132.753,7,-124.869,5,5,0,1,-999,-999,0
90.5,86,37,5,-132.753,4,-141.587,5,5,20,0,-999,-999,0
90.5,86,37,5,-132.753,2,-148.131,3,3,20,0,-999,-999,0
90.5,86,37,5,-132.753,6,-151.245,6,6,0,1,-999,-999,0
90.5,86,37,5,-132.753,3,-166.506,0,0,20,0,-999,-999,0
90.5,89,16,1,-102.024,6,-109.432,6,6,0,1,-999,-999,0
90.5,89,16,1,-102.024,2,-125.063,3,3,20,0,-999,-999,0
90.5,89,16,1,-102.024,7,-125.825,5,5,0,1,-999,-999,0
90.5,89,16,1,-102.024,4,-135.08,5,5,20,0,-999,-999,0
90.5,89,16,1,-102.024,3,-138.61,0,0,20,0,-999,-999,0
90.5,89,16,1,-102.024,5,-139.095,4,4,10,1,-999,-999,0
90.5,95,23,4,-106.158,6,-104.291,6,6,0,1,-999,-999,0
90.5,95,23,4,-106.158,2,-107.454,3,3,20,0,-999,-999,0
90.5,95,23,4,-106.158,7,-127.583,5,5,0,1,-999,-999,0
90.5,95,23,4,-106.158,5,-133.154,4,4,10,1,-999,-999,0
90.5,95,23,4,-106.158,1,-134.609,8,8,20,0,-999,-999,0
90.5,95,23,4,-106.158,3,-145.733,0,0,20,0,-999,-999,0
90.5,98,22,4,-121.054,7,-90.1361,5,5,0,1,-999,-999,2
90.5,98,22,4,-121.054,2,-92.9874,3,3,20,0,-999,-999,2
90.5,98,22,4,-121.054,1,-133.176,8,8,20,0,-999,-999,2
90.5,98,22,4,-121.054,5,-134.103,4,4,10,1,-999,-999,2
90.5,98,22,4,-121.054,6,-140.409,6,6,0,1,-999,-999,2
90.5,98,22,4,-121.054,3,-149.035,0,0,20,0,-999,-999,2
90.5,100,16,6,-96.5692,1,-145.956,8,8,20,0,-999,-999,0
90.5,100,16,6,-96.5692,2,-149.552,3,4,20,0,-999,-999,0
90.5,100,16,6,-96.5692,5,-149.856,4,4,10,1,-999,-999,0
90.5,100,16,6,-96.5692,4,-153.579,5,5,20,0,-999,-999,0
90.5,100,16,6,-96.5692,3,-158.368,0,0,20,0,-999,-999,0
90.5,100,16,6,-96.5692,7,-164.676,5,5,0,1,-999,-999,0
90.5,107,14,1,-138.754,7,-105.897,5,5,0,1,-999,-999,0
90.5,107,14,1,-138.754,4,-129.974,5,5,20,0,-999,-999,0
90.5,107,14,1,-138.754,2,-131.304,3,4,20,0,-999,-999,0
90.5,107,14,1,-138.754,5,-136.388,4,4,10,1,-999,-999,0
90.5,107,14,1,-138.754,6,-144.123,6,6,0,1,-999,-999,0
90.5,107,14,1,-138.754,3,-153.199,0,0,20,0,-999,-999,0
92.5,13,10,1,-113.735,2,-113.577,4,4,20,0,-999,-999,0
92.5,13,10,1,-113.735,4,-114.702,4,4,20,0,-999,-999,0
92.5,13,10,1,-113.735,5,-118.456,4,4,10,1,-999,-999,0
92.5,13,10,1,-113.735,6,-128.504,6,6,0,1,-999,-999,0
92.5,13,10,1,-113.735,3,-144.126,0,0,20,0,-999,-999,0
92.5,13,10,1,-113.735,7,-148.666,5,5,0,1,-999,-999,0
92.5,22,24,4,-103.31,2,-103.714,4,4,20,0,-999,-999,0
92.5,22,24,4,-103.31,6,-117.982,6,6,0,1,-999,-999,0
92.5,22,24,4,-103.31,7,-130.987,5,5,0,1,-999,-999,0
92.5,22,24,4,-103.31,5,-138.16,4,4,10,1,-999,-999,0
92.5,22,24,4,-103.31,1,-139.496,8,8,20,0,-999,-999,0
92.5,22,24,4,-103.31,3,-156.511,0,0,20,0,-999,-999,0
92.5,26,32,6,-129.201,2,-131.975,4,4,20,0,-999,-999,0
92.5,26,32,6,-129.201,5,-135.173,4,4,10,1,-999,-999,0
92.5,26,32,6,-129.201,3,-138.676,0,0,20,0,-999,-999,0
92.5,26,32,6,-129.201,4,-143.584,4,4,20,0,-999,-999,0
92.5,26,32,6,-129.201,1,-145.42,8,8,20,0,-999,-999,0
92.5,26,32,6,-129.201,7,-149.845,5,5,0,1,-999,-999,0
92.5,29,42,7,-152.406,1,-110.827,8,8,20,0,-999,-999,0
92.5,29,42,7,-152.406,4,-140.153,4,4,20,0,-999,-999,0
92.5,29,42,7,-152.406,5,-148.626,4,4,10,1,-999,-999,0
92.5,29,42,7,-152.406,2,-152.422,4,4,20,0,-999,-999,0
92.5,29,42,7,-152.406,6,-157.253,6,6,0,1,-999,-999,0
92.5,29,42,7,-152.406,3,-168.708,0,0,20,0,-999,-999,0
92.5,31,15,1,-141.813,2,-125.239,4,4,20,0,-999,-999,0
92.5,31,15,1,-141.813,7,-126.2,5,5,0,1,-999,-999,0
92.5,31,15,1,-141.813,4,-135.043,4,4,20,0,-999,-999,0
92.5,31,15,1,-141.813,5,-158.395,4,4,10,1,-999,-999,0
92.5,31,15,1,-141.813,6,-158.878,6,6,0,1,-999,-999,0
92.5,31,15,1,-141.813,3,-168.986,0,0,20,0,-999,-999,0
92.5,32,23,2,-85.7708,4,-101.73,4,4,20,0,-999,-999,0
92.5,32,23,2,-85.7708,5,-114.912,4,4,10,1,-999,-999,0
92.5,32,23,2,-85.7708,1,-138.098,8,8,20,0,-999,-999,0
92.5,32,23,2,-85.7708,3,-147.923,0,0,20,0,-999,-999,0
92.5,32,23,2,-85.7708,7,-149.645,5,5,0,1,-999,-999,0
92.5,32,23,2,-85.7708,6,-150.458,6,6,0,1,-999,-999,0
92.5,36,47,5,-89.7802,4,-100.397,4,4,20,0,-999,-999,0
92.5,36,47,5,-89.7802,2,-114.945,4,4,20,0,-999,-999,0
92.5,36,47,5,-89.7802,1,-122.409,8,8,20,0,-999,-999,0
92.5,36,47,5,-89.7802,6,-136.526,6,6,0,1,-999,-999,0
92.5,36,47,5,-89.7802,3,-139.346,0,0,20,0,-999,-999,0
92.5,36,47,5,-89.7802,7,-142.689,5,5,0,1,-999,-999,0
92.5,38,11,1,-134.146,7,-121.897,5,5,0,1,-999,-999,0
92.5,38,11,1,-134.146,2,-135.379,4,4,20,0,-999,-999,0
92.5,38,11,1,-134.146,6,-137.127,6,6,0,1,-999,-999,0
92.5,38,11,1,-134.146,5,-142.291,4,4,10,1,-999,-999,0
92.5,38,11,1,-134.146,4,-146.352,4,4,20,0,-999,-999,0
92.5,38,11,1,-134.146,3,-151.122,0,0,20,0,-999,-999,0
92.5,41,63,5,-110.346,1,-130.914,8,8,20,0,-999,-999,0
92.5,41,63,5,-110.346,2,-131.147,4,4,20,0,-999,-999,0
92.5,41,63,5,-110.346,7,-136.788,5,5,0,1,-999,-999,0
92.5,41,63,5,-110.346,4,-142.667,4,4,20,0,-999,-999,0
92.5,41,63,5,-110.346,6,-146.192,6,6,0,1,-999,-999,0
92.5,41,63,5,-110.346,3,-148.76,0,0,20,0,-999,-999,0
92.5,42,13,1,-97.4235,2,-95.8934,4,4,20,0,-999,-999,0
92.5,42,13,1,-97.4235,4,-126.373,4,4,20,0,-999,-999,0
92.5,42,13,1,-97.4235,5,-132.089,4,4,10,1,-999,-999,0
92.5,42,13,1,-97.4235,7,-142.89,5,5,0,1,-999,-999,0
92.5,42,13,1,-97.4235,3,-144.757,0,0,20,0,-999,-999,0
92.5,42,13,1,-97.4235,6,-148.514,6,6,0,1,-999,-999,0
92.5,43,81,7,-143.61,4,-119.912,4,4,20,0,-999,-999,0
92.5,43,81,7,-143.61,5,-146.714,4,4,10,1,-999,-999,0
92.5,43,81,7,-143.61,1,-151.894,8,8,20,0,-999,-999,0
92.5,43,81,7,-143.61,2,-154.234,4,4,20,0,-999,-999,0
92.5,43,81,7,-143.61,6,-154.915,6,6,0,1,-999,-999,0
92.5,43,81,7,-143.61,3,-165.494,0,0,20,0,-999,-999,0
92.5,44,21,4,-139.198,6,-125.526,6,6,0,1,-999,-999,0
92.5,44,21,4,-139.198,1,-126.313,8,8,20,0,-999,-999,0
92.5,44,21,4,-139.198,5,-135.178,4,4,10,1,-999,-999,0
92.5,44,21,4,-139.198,3,-136.849,0,0,20,0,-999,-999,0
92.5,44,21,4,-139.198,2,-138.615,4,4,20,0,-999,-999,0
92.5,44,21,4,-139.198,7,-141.625,5,5,0,1,-999,-999,0
92.5,46,16,4,-110.442,5,-97.1238,4,4,10,1,-999,-999,0
92.5,46,16,4,-110.442,2,-129.935,4,4,20,0,-999,-999,0
92.5,46,16,4,-110.442,1,-133.233,8,8,20,0,-999,-999,0
92.5,46,16,4,-110.442,7,-136.142,5,5,0,1,-999,-999,0
92.5,46,16,4,-110.442,3,-157.987,0,0,20,0,-999,-999,0
92.5,46,16,4,-110.442,6,-158.783,6,6,0,1,-999,-999,0
92.5,47,12,1,-89.5218,5,-98.6065,4,4,10,1,-999,-999,0
92.5,47,12,1,-89.5218,2,-110.01,4,4,20,0,-999,-999,0
92.5,47,12,1,-89.5218,6,-114.188,6,6,0,1,-999,-999,0
92.5,47,12,1,-89.5218,4,-118.354,4,4,20,0,-999,-999,0
92.5,47,12,1,-89.5218,7,-130.013,5,5,0,1,-999,-999,0
92.5,47,12,1,-89.5218,3,-141.517,0,0,20,0,-999,-999,0
92.5,50,21,2,-59.8066,1,-91.489,8,8,20,0,-999,-999,0
92.5,50,21,2,-59.8066,4,-107.914,4,4,20,0,-999,-999,0
92.5,50,21,2,-59.8066,5,-112.022,4,4,10,1,-999,-999,0
92.5,50,21,2,-59.8066,3,-136.995,0,0,20,0,-999,-999,0
92.5,50,21,2,-59.8066,6,-158.462,6,6,0,1,-999,-999,0
92.5,50,21,2,-59.8066,7,-158.482,5,5,0,1,-999,-999,0
92.5,53,82,7,-134.981,4,-142,4,4,20,0,-999,-999,0
92.5,53,82,7,-134.981,1,-146.717,8,8,20,0,-999,-999,0
92.5,53,82,7,-134.981,5,-147.225,4,4,10,1,-999,-999,0
92.5,53,82,7,-134.981,6,-151.695,6,6,0,1,-999,-999,0
92.5,53,82,7,-134.981,2,-152.925,4,4,20,0,-999,-999,0
92.5,53,82,7,-134.981,3,-172.383,0,0,20,0,-999,-999,0
92.5,54,25,7,-124.136,6,-137.548,6,6,0,1,-999,-999,0
92.5,54,25,7,-124.136,1,-140.422,8,8,20,0,-999,-999,0
92.5,54,25,7,-124.136,4,-140.655,4,4,20,0,-999,-999,0
92.5,54,25,7,-124.136,2,-140.932,4,4,20,0,-999,-999,0
92.5,54,25,7,-124.136,5,-148.51,4,4,10,1,-999,-999,0
92.5,54,25,7,-124.136,3,-161.377,0,0,20,0,-999,-999,0
92.5,56,22,2,-114.706,5,-93.5468,4,4,10,1,-999,-999,0
92.5,56,22,2,-114.706,4,-120.159,4,4,20,0,-999,-999,0
92.5,56,22,2,-114.706,1,-120.504,8,8,20,0,-999,-999,0
92.5,56,22,2,-114.706,3,-130.426,0,0,20,0,-999,-999,0
92.5,56,22,2,-114.706,7,-151.512,5,5,0,1,-999,-999,0
92.5,56,22,2,-114.706,6,-162.455,6,6,0,1,-999,-999,0
92.5,58,34,7,-133.961,5,-131.917,4,4,10,1,-999,-999,0
92.5,58,34,7,-133.961,4,-140.921,4,4,20,0,-999,-999,0
92.5,58,34,7,-133.961,1,-146.92,8,8,20,0,-999,-999,0
92.5,58,34,7,-133.961,2,-149.159,4,4,20,0,-999,-999,0
92.5,58,34,7,-133.961,6,-155.229,6,6,0,1,-999,-999,0
92.5,58,34,7,-133.961,3,-160.369,0,0,20,0,-999,-999,0
92.5,60,72,6,-94.5401,2,-122.371,4,4,20,0,-999,-999,0
92.5,60,72,6,-94.5401,4,-130.02,4,4,20,0,-999,-999,0
92.5,60,72,6,-94.5401,1,-140.882,8,8,20,0,-999,-999,0
92.5,60,72,6,-94.5401,5,-143.097,4,4,10,1,-999,-999,0
92.5,60,72,6,-94.5401,3,-145.977,0,0,20,0,-999,-999,0
92.5,60,72,6,-94.5401,7,-147.463,5,5,0,1,-999,-999,0
92.5,68,56,6,-91.536,5,-125.691,4,4,10,1,-999,-999,0
92.5,68,56,6,-91.536,4,-130.302,4,4,20,0,-999,-999,0
92.5,68,56,6,-91.536,2,-135.487,4,4,20,0,-999,-999,0
92.5,68,56,6,-91.536,1,-137.256,8,8,20,0,-999,-999,0
92.5,68,56,6,-91.536,3,-145.901,0,0,20,0,-999,-999,0
92.5,68,56,6,-91.536,7,-146.234,5,5,0,1,-999,-999,0
92.5,70,48,6,-136.843,3,-125.41,0,0,20,0,-999,-999,0
92.5,70,48,6,-136.843,4,-128.868,4,4,20,0,-999,-999,0
92.5,70,48,6,-136.843,1,-135.432,8,8,20,0,-999,-999,0
92.5,70,48,6,-136.843,2,-139.644,4,4,20,0,-999,-999,0
92.5,70,48,6,-136.843,5,-152.182,4,4,10,1,-999,-999,0
92.5,70,48,6,-136.843,7,-152.538,5,5,0,1,-999,-999,0
92.5,73,55,5,-90.1118,4,-103.597,4,4,20,0,-999,-999,0
92.5,73,55,5,-90.1118,7,-105.411,5,5,0,1,-999,-999,0
92.5,73,55,5,-90.1118,2,-132.134,4,4,20,0,-999,-999,0
92.5,73,55,5,-90.1118,6,-139.97,6,6,0,1,-999,-999,0
92.5,73,55,5,-90.1118,1,-141.182,8,8,20,0,-999,-999,0
92.5,73,55,5,-90.1118,3,-151.617,0,0,20,0,-999,-999,0
92.5,77,64,6,-129.598,1,-110.669,8,8,20,0,-999,-999,0
92.5,77,64,6,-129.598,2,-143.877,4,4,20,0,-999,-999,0
92.5,77,64,6,-129.598,4,-144.596,4,4,20,0,-999,-999,0
92.5,77,64,6,-129.598,5,-147.67,4,4,10,1,-999,-999,0
92.5,77,64,6,-129.598,7,-153.183,5,5,0,1,-999,-999,0
92.5,77,64,6,-129.598,3,-160.238,0,0,20,0,-999,-999,0
92.5,80,8,1,-113.594,2,-88.1112,4,4,20,0,-999,-999,0
92.5,80,8,1,-113.594,5,-101.931,4,4,10,1,-999,-999,0
92.5,80,8,1,-113.594,4,-122.721,4,4,20,0,-999,-999,0
92.5,80,8,1,-113.594,3,-137.179,0,0,20,0,-999,-999,0
92.5,80,8,1,-113.594,7,-145.553,5,5,0,1,-999,-999,0
92.5,80,8,1,-113.594,6,-146.926,6,6,0,1,-999,-999,0
92.5,86,37,5,-110.329,7,-144.333,5,5,0,1,-999,-999,0
92.5,86,37,5,-110.329,4,-151.102,4,4,20,0,-999,-999,0
92.5,86,37,5,-110.329,1,-154.352,8,8,20,0,-999,-999,0
92.5,86,37,5,-110.329,6,-155.002,6,6,0,1,-999,-999,0
92.5,86,37,5,-110.329,2,-159.409,4,4,20,0,-999,-999,0
92.5,86,37,5,-110.329,3,-172.572,0,0,20,0,-999,-999,0
92.5,89,16,1,-85.0473,6,-95.6782,6,6,0,1,-999,-999,0
92.5,89,16,1,-85.0473,7,-100.639,5,5,0,1,-999,-999,0
92.5,89,16,1,-85.0473,4,-104.509,4,4,20,0,-999,-999,0
92.5,89,16,1,-85.0473,2,-134.559,4,4,20,0,-999,-999,0
92.5,89,16,1,-85.0473,3,-135.05,0,0,20,0,-999,-999,0
92.5,89,16,1,-85.0473,5,-143.448,4,4,10,1,-999,-999,0
92.5,95,23,4,-96.9713,7,-105.791,5,5,0,1,-999,-999,0
92.5,95,23,4,-96.9713,1,-110.103,8,8,20,0,-999,-999,0
92.5,95,23,4,-96.9713,5,-131.352,4,4,10,1,-999,-999,0
92.5,95,23,4,-96.9713,2,-133.002,4,4,20,0,-999,-999,0
92.5,95,23,4,-96.9713,6,-142.513,6,6,0,1,-999,-999,0
92.5,95,23,4,-96.9713,3,-151.91,0,0,20,0,-999,-999,0
92.5,98,24,2,-92.4445,7,-90.2089,5,5,0,1,-999,-999,0
92.5,98,24,2,-92.4445,1,-91.4932,8,8,20,0,-999,-999,0
92.5,98,24,2,-92.4445,4,-103.968,4,4,20,0,-999,-999,0
92.5,98,24,2,-92.4445,5,-130.758,4,4,10,1,-999,-999,0
92.5,98,24,2,-92.4445,6,-148.926,6,6,0,1,-999,-999,0
92.5,98,24,2,-92.4445,3,-153.305,0,0,20,0,-999,-999,0
92.5,100,16,6,-135.752,2,-119.306,4,4,20,0,-999,-999,0
92.5,100,16,6,-135.752,5,-149.802,4,4,10,1,-999,-999,0
92.5,100,16,6,-135.752,4,-151.946,4,4,20,0,-999,-999,0
92.5,100,16,6,-135.752,1,-156.999,8,8,20,0,-999,-999,0
92.5,100,16,6,-135.752,3,-158.352,0,0,20,0,-999,-999,0
92.5,100,16,6,-135.752,7,-158.499,5,5,0,1,-999,-999,0
92.5,107,14,1,-143.099,5,-102.055,4,4,10,1,-999,-999,0
92.5,107,14,1,-143.099,6,-105.858,6,6,0,1,-999,-999,0
92.5,107,14,1,-143.099,2,-129.078,4,4,20,0,-999,-999,0
92.5,107,14,1,-143.099,4,-129.834,4,4,20,0,-999,-999,0
92.5,107,14,1,-143.099,7,-145.396,5,5,0,1,-999,-999,0
92.5,107,14,1,-143.099,3,-154.544,0,0,20,0,-999,-999,0
94.5,13,10,1,-118.056,2,-80.4549,4,4,20,0,-999,-999,0
94.5,13,10,1,-118.056,4,-118.862,4,4,20,0,-999,-999,0
94.5,13,10,1,-118.056,5,-122.849,4,4,10,1,-999,-999,0
94.5,13,10,1,-118.056,7,-138.857,5,5,0,1,-999,-999,0
94.5,13,10,1,-118.056,3,-147.404,0,0,20,0,-999,-999,0
94.5,13,10,1,-118.056,6,-161.545,6,6,0,1,-999,-999,0
94.5,22,24,4,-132.145,7,-102.336,5,5,0,1,-999,-999,0
94.5,22,24,4,-132.145,1,-111.402,8,8,20,0,-999,-999,0
94.5,22,24,4,-132.145,2,-114.388,4,4,20,0,-999,-999,0
94.5,22,24,4,-132.145,5,-135.502,4,4,10,1,-999,-999,0
94.5,22,24,4,-132.145,3,-154.933,0,0,20,0,-999,-999,0
94.5,22,24,4,-132.145,6,-156.506,6,6,0,1,-999,-999,0
94.5,26,32,6,-107.211,2,-126.36,4,4,20,0,-999,-999,0
94.5,26,32,6,-107.211,3,-140.679,0,0,20,0,-999,-999,0
94.5,26,32,6,-107.211,1,-142.05,8,8,20,0,-999,-999,0
94.5,26,32,6,-107.211,7,-143.988,5,5,0,1,-999,-999,0
94.5,26,32,6,-107.211,4,-144.528,4,4,20,0,-999,-999,0
94.5,26,32,6,-107.211,5,-146.958,4,4,10,1,-999,-999,0
94.5,29,42,7,-144.892,4,-140.226,4,4,20,0,-999,-999,0
94.5,29,42,7,-144.892,2,-149.481,4,4,20,0,-999,-999,0
94.5,29,42,7,-144.892,5,-149.762,4,4,10,1,-999,-999,0
94.5,29,42,7,-144.892,1,-159.119,8,8,20,0,-999,-999,0
94.5,29,42,7,-144.892,6,-161.841,6,6,0,1,-999,-999,0
94.5,29,42,7,-144.892,3,-174.436,0,0,20,0,-999,-999,0
94.5,31,15,1,-138.671,7,-114.845,5,5,0,1,-999,-999,0
94.5,31,15,1,-138.671,4,-135.558,4,4,20,0,-999,-999,0
94.5,31,15,1,-138.671,6,-138.896,6,6,0,1,-999,-999,0
94.5,31,15,1,-138.671,2,-150.413,4,4,20,0,-999,-999,0
94.5,31,15,1,-138.671,3,-154.769,0,0,20,0,-999,-999,0
94.5,31,15,1,-138.671,5,-158.835,4,4,10,1,-999,-999,0
94.5,32,23,2,-83.7397,5,-123.714,4,4,10,1,-999,-999,0
94.5,32,23,2,-83.7397,4,-125.867,4,4,20,0,-999,-999,0
94.5,32,23,2,-83.7397,1,-127.366,8,8,20,0,-999,-999,0
94.5,32,23,2,-83.7397,7,-127.758,5,5,0,1,-999,-999,0
94.5,32,23,2,-83.7397,6,-145.424,6,6,0,1,-999,-999,0
94.5,32,23,2,-83.7397,3,-150.02,0,0,20,0,-999,-999,0
94.5,36,47,5,-117.845,1,-85.5263,8,8,20,0,-999,-999,0
94.5,36,47,5,-117.845,4,-117.077,4,4,20,0,-999,-999,0
94.5,36,47,5,-117.845,2,-119.051,4,4,20,0,-999,-999,0
94.5,36,47,5,-117.845,3,-141.361,0,0,20,0,-999,-999,0
94.5,36,47,5,-117.845,6,-146.838,6,6,0,1,-999,-999,0
94.5,36,47,5,-117.845,7,-154.973,5,5,0,1,-999,-999,0
94.5,38,11,1,-131.045,2,-114.953,4,4,20,0,-999,-999,0
94.5,38,11,1,-131.045,5,-135.012,4,4,10,1,-999,-999,0
94.5,38,11,1,-131.045,6,-139.746,6,6,0,1,-999,-999,0
94.5,38,11,1,-131.045,7,-148.068,5,5,0,1,-999,-999,0
94.5,38,11,1,-131.045,4,-149.3,4,4,20,0,-999,-999,0
94.5,38,11,1,-131.045,3,-151.925,0,0,20,0,-999,-999,0
94.5,41,63,5,-96.826,4,-127.354,4,4,20,0,-999,-999,0
94.5,41,63,5,-96.826,2,-133.848,4,4,20,0,-999,-999,0
94.5,41,63,5,-96.826,1,-135.288,8,8,20,0,-999,-999,0
94.5,41,63,5,-96.826,7,-140.123,5,5,0,1,-999,-999,0
94.5,41,63,5,-96.826,6,-140.621,6,6,0,1,-999,-999,0
94.5,41,63,5,-96.826,3,-148.23,0,0,20,0,-999,-999,0
94.5,42,13,1,-121.988,7,-111.715,5,5,0,1,-999,-999,0
94.5,42,13,1,-121.988,4,-126.859,4,4,20,0,-999,-999,0
94.5,42,13,1,-121.988,5,-133.112,4,4,10,1,-999,-999,0
94.5,42,13,1,-121.988,2,-134.283,4,4,20,0,-999,-999,0
94.5,42,13,1,-121.988,3,-146.036,0,0,20,0,-999,-999,0
94.5,42,13,1,-121.988,6,-157.741,6,6,0,1,-999,-999,0
94.5,43,81,7,-140.562,2,-119.172,4,4,20,0,-999,-999,0
94.5,43,81,7,-140.562,5,-144.556,4,4,10,1,-999,-999,0
94.5,43,81,7,-140.562,4,-144.854,4,4,20,0,-999,-999,0
94.5,43,81,7,-140.562,6,-145.012,6,6,0,1,-999,-999,0
94.5,43,81,7,-140.562,1,-160.138,8,8,20,0,-999,-999,0
94.5,43,81,7,-140.562,3,-168.216,0,0,20,0,-999,-999,0
94.5,44,21,4,-115.904,1,-92.1777,8,8,20,0,-999,-999,0
94.5,44,21,4,-115.904,6,-108.05,6,6,0,1,-999,-999,0
94.5,44,21,4,-115.904,2,-122.583,4,4,20,0,-999,-999,0
94.5,44,21,4,-115.904,3,-133.121,0,0,20,0,-999,-999,0
94.5,44,21,4,-115.904,7,-140.272,5,5,0,1,-999,-999,0
94.5,44,21,4,-115.904,5,-141.98,4,4,10,1,-999,-999,0
94.5,46,16,4,-113.075,2,-128.138,4,4,20,0,-999,-999,0
94.5,46,16,4,-113.075,5,-130.36,4,4,10,1,-999,-999,0
94.5,46,16,4,-113.075,1,-132.281,8,8,20,0,-999,-999,0
94.5,46,16,4,-113.075,7,-132.86,5,5,0,1,-999,-999,0
94.5,46,16,4,-113.075,3,-157.622,0,0,20,0,-999,-999,0
94.5,46,16,4,-113.075,6,-158.692,6,6,0,1,-999,-999,0
94.5,47,12,1,-117.839,5,-97.8813,4,4,10,1,-999,-999,0
94.5,47,12,1,-117.839,2,-115.645,4,4,20,0,-999,-999,0
94.5,47,12,1,-117.839,6,-115.68,6,6,0,1,-999,-999,0
94.5,47,12,1,-117.839,4,-133.534,4,4,20,0,-999,-999,0
94.5,47,12,1,-117.839,7,-137.123,5,5,0,1,-999,-999,0
94.5,47,12,1,-117.839,3,-141.574,0,0,20,0,-999,-999,0
94.5,50,21,2,-65.4971,1,-92.5457,8,8,20,0,-999,-999,0
94.5,50,21,2,-65.4971,5,-111.501,4,4,10,1,-999,-999,0
94.5,50,21,2,-65.4971,4,-134.897,4,4,20,0,-999,-999,0
94.5,50,21,2,-65.4971,3,-137.398,0,0,20,0,-999,-999,0
94.5,50,21,2,-65.4971,6,-154.176,6,6,0,1,-999,-999,0
94.5,50,21,2,-65.4971,7,-163.013,5,5,0,1,-999,-999,0
94.5,53,82,7,-133.583,1,-112.619,8,8,20,0,-999,-999,0
94.5,53,82,7,-133.583,2,-136.521,4,4,20,0,-999,-999,0
94.5,53,82,7,-133.583,5,-146.209,4,4,10,1,-999,-999,0
94.5,53,82,7,-133.583,4,-147.007,4,4,20,0,-999,-999,0
94.5,53,82,7,-133.583,6,-149.216,6,6,0,1,-999,-999,0
94.5,53,82,7,-133.583,3,-166.099,0,0,20,0,-999,-999,0
94.5,54,25,7,-115.575,6,-136.75,6,6,0,1,-999,-999,0
94.5,54,25,7,-115.575,1,-137.298,8,8,20,0,-999,-999,0
94.5,54,25,7,-115.575,5,-138.146,4,4,10,1,-999,-999,0
94.5,54,25,7,-115.575,4,-142.916,4,4,20,0,-999,-999,0
94.5,54,25,7,-115.575,2,-147.57,4,4,20,0,-999,-999,0
94.5,54,25,7,-115.575,3,-161.272,0,0,20,0,-999,-999,0
94.5,56,22,2,-87.2845,4,-106.166,4,4,20,0,-999,-999,0
94.5,56,22,2,-87.2845,5,-120.145,4,4,10,1,-999,-999,0
94.5,56,22,2,-87.2845,1,-128.069,8,8,20,0,-999,-999,0
94.5,56,22,2,-87.2845,3,-133.905,0,0,20,0,-999,-999,0
94.5,56,22,2,-87.2845,7,-147.002,5,5,0,1,-999,-999,0
94.5,56,22,2,-87.2845,6,-156.024,6,6,0,1,-999,-999,0
94.5,58,34,7,-118.074,4,-114.267,4,4,20,0,-999,-999,0
94.5,58,34,7,-118.074,6,-137.215,6,6,0,1,-999,-999,0
94.5,58,34,7,-118.074,5,-137.601,4,4,10,1,-999,-999,0
94.5,58,34,7,-118.074,1,-145.441,8,8,20,0,-999,-999,0
94.5,58,34,7,-118.074,2,-153.446,4,4,20,0,-999,-999,0
94.5,58,34,7,-118.074,3,-161.505,0,0,20,0,-999,-999,0
94.5,60,72,6,-134.631,5,-118.915,4,4,10,1,-999,-999,0
94.5,60,72,6,-134.631,4,-145.878,4,4,20,0,-999,-999,0
94.5,60,72,6,-134.631,1,-146.178,8,8,20,0,-999,-999,0
94.5,60,72,6,-134.631,3,-149.378,0,0,20,0,-999,-999,0
94.5,60,72,6,-134.631,2,-150.086,4,4,20,0,-999,-999,0
94.5,60,72,6,-134.631,7,-177.574,5,5,0,1,-999,-999,0
94.5,68,56,6,-127.095,2,-133.247,4,4,20,0,-999,-999,0
94.5,68,56,6,-127.095,1,-133.9,8,8,20,0,-999,-999,0
94.5,68,56,6,-127.095,5,-137.396,4,4,10,1,-999,-999,0
94.5,68,56,6,-127.095,3,-145.89,0,0,20,0,-999,-999,0
94.5,68,56,6,-127.095,4,-150.003,4,4,20,0,-999,-999,0
94.5,68,56,6,-127.095,7,-156.672,5,5,0,1,-999,-999,0
94.5,70,48,6,-114.33,1,-104.196,8,8,20,0,-999,-999,0
94.5,70,48,6,-114.33,2,-110.937,4,4,20,0,-999,-999,0
94.5,70,48,6,-114.33,5,-113.378,4,4,10,1,-999,-999,0
94.5,70,48,6,-114.33,4,-133.48,4,4,20,0,-999,-999,0
94.5,70,48,6,-114.33,3,-133.482,0,0,20,0,-999,-999,0
94.5,70,48,6,-114.33,7,-151.391,5,5,0,1,-999,-999,0
94.5,73,55,5,-125.988,1,-98.7578,8,8,20,0,-999,-999,0
94.5,73,55,5,-125.988,2,-125.269,4,4,20,0,-999,-999,0
94.5,73,55,5,-125.988,4,-126.196,4,4,20,0,-999,-999,0
94.5,73,55,5,-125.988,6,-135.876,6,6,0,1,-999,-999,0
94.5,73,55,5,-125.988,3,-140.85,0,0,20,0,-999,-999,0
94.5,73,55,5,-125.988,7,-142.56,5,5,0,1,-999,-999,0
94.5,77,64,6,-112.647,1,-143.111,8,8,20,0,-999,-999,0
94.5,77,64,6,-112.647,5,-147.328,4,4,10,1,-999,-999,0
94.5,77,64,6,-112.647,4,-147.835,4,4,20,0,-999,-999,0
94.5,77,64,6,-112.647,2,-149.637,4,4,20,0,-999,-999,0
94.5,77,64,6,-112.647,7,-149.906,5,5,0,1,-999,-999,0
94.5,77,64,6,-112.647,3,-160.179,0,0,20,0,-999,-999,0
94.5,80,8,1,-118.689,2,-114.042,4,4,20,0,-999,-999,0
94.5,80,8,1,-118.689,4,-126.219,4,4,20,0,-999,-999,0
94.5,80,8,1,-118.689,5,-134.671,4,4,10,1,-999,-999,0
94.5,80,8,1,-118.689,6,-139.805,6,6,0,1,-999,-999,0
94.5,80,8,1,-118.689,3,-141.526,0,0,20,0,-999,-999,0
94.5,80,8,1,-118.689,7,-148.635,5,5,0,1,-999,-999,0
94.5,86,37,5,-147.809,7,-117.262,5,5,0,1,-999,-999,0
94.5,86,37,5,-147.809,2,-149.952,4,4,20,0,-999,-999,0
94.5,86,37,5,-147.809,6,-151.428,6,6,0,1,-999,-999,0
94.5,86,37,5,-147.809,4,-157.626,4,4,20,0,-999,-999,0
94.5,86,37,5,-147.809,1,-157.943,8,8,20,0,-999,-999,0
94.5,86,37,5,-147.809,3,-176.576,0,0,20,0,-999,-999,0
94.5,89,16,1,-118.72,7,-115.691,5,5,0,1,-999,-999,0
94.5,89,16,1,-118.72,4,-125.376,4,4,20,0,-999,-999,0
94.5,89,16,1,-118.72,2,-130.746,4,4,20,0,-999,-999,0
94.5,89,16,1,-118.72,6,-134.927,6,6,0,1,-999,-999,0
94.5,89,16,1,-118.72,3,-136.992,0,0,20,0,-999,-999,0
94.5,89,16,1,-118.72,5,-140.816,4,4,10,1,-999,-999,0
94.5,95,23,4,-96.295,5,-96.0579,4,4,10,1,-999,-999,0
94.5,95,23,4,-96.295,2,-105.32,4,4,20,0,-999,-999,0
94.5,95,23,4,-96.295,7,-119.186,5,5,0,1,-999,-999,0
94.5,95,23,4,-96.295,1,-138.271,8,8,20,0,-999,-999,0
94.5,95,23,4,-96.295,6,-148.193,6,6,0,1,-999,-999,0
94.5,95,23,4,-96.295,3,-150.118,0,0,20,0,-999,-999,0
94.5,98,24,2,-125.388,7,-122.736,5,5,0,1,-999,-999,0
94.5,98,24,2,-125.388,4,-122.769,4,4,20,0,-999,-999,0
94.5,98,24,2,-125.388,1,-124.02,8,8,20,0,-999,-999,0
94.5,98,24,2,-125.388,6,-132.009,6,6,0,1,-999,-999,0
94.5,98,24,2,-125.388,5,-137.958,4,4,10,1,-999,-999,0
94.5,98,24,2,-125.388,3,-150.293,0,0,20,0,-999,-999,0
94.5,100,16,6,-110.415,5,-116.801,4,4,10,1,-999,-999,0
94.5,100,16,6,-110.415,1,-129.263,8,8,20,0,-999,-999,0
94.5,100,16,6,-110.415,4,-151.548,4,4,20,0,-999,-999,0
94.5,100,16,6,-110.415,2,-153.618,4,4,20,0,-999,-999,0
94.5,100,16,6,-110.415,7,-159.394,5,5,0,1,-999,-999,0
94.5,100,16,6,-110.415,3,-163.241,0,0,20,0,-999,-999,0
94.5,107,14,1,-134.908,4,-125.884,4,4,20,0,-999,-999,0
94.5,107,14,1,-134.908,2,-131.084,4,4,20,0,-999,-999,0
94.5,107,14,1,-134.908,5,-134.183,4,4,10,1,-999,-999,0
94.5,107,14,1,-134.908,7,-143.288,5,5,0,1,-999,-999,0
94.5,107,14,1,-134.908,6,-145.304,6,6,0,1,-999,-999,0
94.5,107,14,1,-134.908,3,-153.972,0,0,20,0,-999,-999,0
96.5,13,10,1,-81.8708,4,-77.1125,4,4,20,0,-999,-999,0
96.5,13,10,1,-81.8708,5,-100.526,4,4,10,1,-999,-999,0
96.5,13,10,1,-81.8708,7,-116.836,6,6,0,1,-999,-999,0
96.5,13,10,1,-81.8708,2,-122.952,4,4,20,0,-999,-999,0
96.5,13,10,1,-81.8708,3,-142.194,0,0,20,0,-999,-999,0
96.5,13,10,1,-81.8708,6,-149.949,6,6,0,1,-999,-999,0
96.5,22,24,4,-128.746,7,-122.746,6,6,0,1,-999,-999,0
96.5,22,24,4,-128.746,1,-123.503,8,8,20,0,-999,-999,0
96.5,22,24,4,-128.746,2,-127.273,4,4,20,0,-999,-999,0
96.5,22,24,4,-128.746,5,-134.383,4,4,10,1,-999,-999,0
96.5,22,24,4,-128.746,3,-153.409,0,0,20,0,-999,-999,0
96.5,22,24,4,-128.746,6,-153.857,6,6,0,1,-999,-999,0
96.5,26,32,6,-117.956,2,-112.838,4,4,20,0,-999,-999,0
96.5,26,32,6,-117.956,1,-113.989,8,8,20,0,-999,-999,0
96.5,26,32,6,-117.956,3,-135.657,0,0,20,0,-999,-999,0
96.5,26,32,6,-117.956,7,-145.411,6,6,0,1,-999,-999,0
96.5,26,32,6,-117.956,5,-146.058,4,4,10,1,-999,-999,0
96.5,26,32,6,-117.956,4,-148.333,4,4,20,0,-999,-999,0
96.5,29,42,7,-138.96,6,-114.15,6,6,0,1,-999,-999,0
96.5,29,42,7,-138.96,4,-126.031,4,4,20,0,-999,-999,0
96.5,29,42,7,-138.96,5,-147.528,4,4,10,1,-999,-999,0
96.5,29,42,7,-138.96,1,-148.327,8,8,20,0,-999,-999,0
96.5,29,42,7,-138.96,2,-161.317,4,4,20,0,-999,-999,0
96.5,29,42,7,-138.96,3,-167.016,0,0,20,0,-999,-999,0
96.5,31,15,1,-143.742,7,-101.991,6,6,0,1,-999,-999,0
96.5,31,15,1,-143.742,6,-132.174,6,6,0,1,-999,-999,0
96.5,31,15,1,-143.742,4,-145.038,4,4,20,0,-999,-999,0
96.5,31,15,1,-143.742,2,-150.164,4,4,20,0,-999,-999,0
96.5,31,15,1,-143.742,3,-156.789,0,0,20,0,-999,-999,0
96.5,31,15,1,-143.742,5,-157.942,4,4,10,1,-999,-999,0
96.5,32,23,2,-106.204,5,-104.372,4,4,10,1,-999,-999,0
96.5,32,23,2,-106.204,4,-116.189,4,4,20,0,-999,-999,0
96.5,32,23,2,-106.204,1,-136.757,8,8,20,0,-999,-999,0
96.5,32,23,2,-106.204,6,-147.771,6,6,0,1,-999,-999,0
96.5,32,23,2,-106.204,3,-153.386,0,0,20,0,-999,-999,0
96.5,32,23,2,-106.204,7,-154.175,6,6,0,1,-999,-999,0
96.5,36,47,5,-97.0688,2,-83.9419,4,4,20,0,-999,-999,0
96.5,36,47,5,-97.0688,1,-101.379,8,8,20,0,-999,-999,0
96.5,36,47,5,-97.0688,4,-115.014,4,4,20,0,-999,-999,0
96.5,36,47,5,-97.0688,3,-142.783,0,0,20,0,-999,-999,0
96.5,36,47,5,-97.0688,7,-155.87,6,6,0,1,-999,-999,0
96.5,36,47,5,-97.0688,6,-162.923,6,6,0,1,-999,-999,0
96.5,38,11,1,-117.51,6,-102.376,6,6,0,1,-999,-999,0
96.5,38,11,1,-117.51,4,-121.536,4,4,20,0,-999,-999,0
96.5,38,11,1,-117.51,5,-138.833,4,4,10,1,-999,-999,0
96.5,38,11,1,-117.51,2,-142.29,4,4,20,0,-999,-999,0
96.5,38,11,1,-117.51,7,-145.794,6,6,0,1,-999,-999,0
96.5,38,11,1,-117.51,3,-152.742,0,0,20,0,-999,-999,0
96.5,41,63,5,-136.864,4,-107.673,4,4,20,0,-999,-999,0
96.5,41,63,5,-136.864,2,-129.955,4,4,20,0,-999,-999,0
96.5,41,63,5,-136.864,6,-135.27,6,6,0,1,-999,-999,0
96.5,41,63,5,-136.864,7,-141.63,6,6,0,1,-999,-999,0
96.5,41,63,5,-136.864,1,-142.098,8,8,20,0,-999,-999,0
96.5,41,63,5,-136.864,3,-150.94,0,0,20,0,-999,-999,0
96.5,42,13,1,-109.61,4,-105.037,4,4,20,0,-999,-999,0
96.5,42,13,1,-109.61,6,-118.44,6,6,0,1,-999,-999,0
96.5,42,13,1,-109.61,2,-120.888,4,4,20,0,-999,-999,0
96.5,42,13,1,-109.61,5,-122.981,4,4,10,1,-999,-999,0
96.5,42,13,1,-109.61,7,-140.172,6,6,0,1,-999,-999,0
96.5,42,13,1,-109.61,3,-148.082,0,0,20,0,-999,-999,0
96.5,43,81,7,-130.838,5,-144.402,4,4,10,1,-999,-999,0
96.5,43,81,7,-130.838,4,-144.859,4,4,20,0,-999,-999,0
96.5,43,81,7,-130.838,6,-151.63,6,6,0,1,-999,-999,0
96.5,43,81,7,-130.838,1,-154.675,8,8,20,0,-999,-999,0
96.5,43,81,7,-130.838,2,-158.931,4,4,20,0,-999,-999,0
96.5,43,81,7,-130.838,3,-168.103,0,0,20,0,-999,-999,0
96.5,44,21,4,-122.399,2,-110.465,4,4,20,0,-999,-999,0
96.5,44,21,4,-122.399,1,-130.26,8,8,20,0,-999,-999,0
96.5,44,21,4,-122.399,6,-131.563,6,6,0,1,-999,-999,0
96.5,44,21,4,-122.399,3,-135.423,0,0,20,0,-999,-999,0
96.5,44,21,4,-122.399,7,-135.997,6,6,0,1,-999,-999,0
96.5,44,21,4,-122.399,5,-138.028,4,4,10,1,-999,-999,0
96.5,46,16,4,-92.1824,2,-88.3492,4,4,20,0,-999,-999,0
96.5,46,16,4,-92.1824,1,-117.362,8,8,20,0,-999,-999,0
96.5,46,16,4,-92.1824,6,-127.307,6,6,0,1,-999,-999,0
96.5,46,16,4,-92.1824,5,-138.205,4,4,10,1,-999,-999,0
96.5,46,16,4,-92.1824,7,-139.093,6,6,0,1,-999,-999,0
96.5,46,16,4,-92.1824,3,-151.183,0,0,20,0,-999,-999,0
96.5,47,12,1,-138.334,2,-81.0856,4,4,20,0,-999,-999,0
96.5,47,12,1,-138.334,5,-99.8849,4,4,10,1,-999,-999,0
96.5,47,12,1,-138.334,6,-112.838,6,6,0,1,-999,-999,0
96.5,47,12,1,-138.334,4,-131.169,4,4,20,0,-999,-999,0
96.5,47,12,1,-138.334,3,-137.75,0,0,20,0,-999,-999,0
96.5,47,12,1,-138.334,7,-148.869,6,6,0,1,-999,-999,0
96.5,50,21,2,-64.7918,5,-89.9114,4,4,10,1,-999,-999,0
96.5,50,21,2,-64.7918,1,-91.7757,8,8,20,0,-999,-999,0
96.5,50,21,2,-64.7918,4,-109.825,4,4,20,0,-999,-999,0
96.5,50,21,2,-64.7918,3,-139.169,0,0,20,0,-999,-999,0
96.5,50,21,2,-64.7918,6,-148.557,6,6,0,1,-999,-999,0
96.5,50,21,2,-64.7918,7,-162.543,6,6,0,1,-999,-999,0
96.5,53,82,7,-107.169,1,-110.627,8,8,20,0,-999,-999,0
96.5,53,82,7,-107.169,6,-115.852,6,6,0,1,-999,-999,0
96.5,53,82,7,-107.169,5,-121.871,4,4,10,1,-999,-999,0
96.5,53,82,7,-107.169,4,-125.521,4,4,20,0,-999,-999,0
96.5,53,82,7,-107.169,2,-152.872,4,4,20,0,-999,-999,0
96.5,53,82,7,-107.169,3,-164.601,0,0,20,0,-999,-999,0
96.5,54,25,7,-126.844,4,-130.916,4,4,20,0,-999,-999,0
96.5,54,25,7,-126.844,2,-139.396,4,4,20,0,-999,-999,0
96.5,54,25,7,-126.844,1,-140.371,8,8,20,0,-999,-999,0
96.5,54,25,7,-126.844,5,-149.998,4,4,10,1,-999,-999,0
96.5,54,25,7,-126.844,3,-169.014,0,0,20,0,-999,-999,0
96.5,54,25,7,-126.844,6,-176.91,6,6,0,1,-999,-999,0
96.5,56,22,2,-77.7901,5,-87.3868,4,4,10,1,-999,-999,0
96.5,56,22,2,-77.7901,1,-111.111,8,8,20,0,-999,-999,0
96.5,56,22,2,-77.7901,4,-116.531,4,4,20,0,-999,-999,0
96.5,56,22,2,-77.7901,7,-127.927,6,6,0,1,-999,-999,0
96.5,56,22,2,-77.7901,3,-132.872,0,0,20,0,-999,-999,0
96.5,56,22,2,-77.7901,6,-136.267,6,6,0,1,-999,-999,0
96.5,58,34,7,-133.027,4,-123.371,4,4,20,0,-999,-999,0
96.5,58,34,7,-133.027,5,-126.865,4,4,10,1,-999,-999,0
96.5,58,34,7,-133.027,1,-129.834,8,8,20,0,-999,-999,0
96.5,58,34,7,-133.027,6,-132.385,6,6,0,1,-999,-999,0
96.5,58,34,7,-133.027,2,-142.796,4,4,20,0,-999,-999,0
96.5,58,34,7,-133.027,3,-170.077,0,0,20,0,-999,-999,0
96.5,60,72,6,-94.2898,4,-136.78,4,4,20,0,-999,-999,0
96.5,60,72,6,-94.2898,3,-144.393,0,0,20,0,-999,-999,0
96.5,60,72,6,-94.2898,7,-146.475,6,6,0,1,-999,-999,0
96.5,60,72,6,-94.2898,1,-149.541,8,8,20,0,-999,-999,0
96.5,60,72,6,-94.2898,2,-151.236,4,4,20,0,-999,-999,0
96.5,60,72,6,-94.2898,5,-158.43,4,4,10,1,-999,-999,0
96.5,68,56,6,-129.729,2,-105.345,4,4,20,0,-999,-999,0
96.5,68,56,6,-129.729,4,-121.08,4,4,20,0,-999,-999,0
96.5,68,56,6,-129.729,1,-121.452,8,8,20,0,-999,-999,0
96.5,68,56,6,-129.729,5,-135.247,4,4,10,1,-999,-999,0
96.5,68,56,6,-129.729,3,-144.701,0,0,20,0,-999,-999,0
96.5,68,56,6,-129.729,7,-146.723,6,6,0,1,-999,-999,0
96.5,70,48,6,-98.3172,2,-100.652,4,4,20,0,-999,-999,0
96.5,70,48,6,-98.3172,4,-123.012,4,4,20,0,-999,-999,0
96.5,70,48,6,-98.3172,3,-135.529,0,0,20,0,-999,-999,0
96.5,70,48,6,-98.3172,5,-136.957,4,4,10,1,-999,-999,0
96.5,70,48,6,-98.3172,7,-137.555,6,6,0,1,-999,-999,0
96.5,70,48,6,-98.3172,1,-140.862,8,8,20,0,-999,-999,0
96.5,72,89,7,-132.17,2,-127.781,4,4,20,0,-999,-999,0
96.5,72,89,7,-132.17,1,-129.904,8,8,20,0,-999,-999,0
96.5,72,89,7,-132.17,5,-134.313,4,4,10,1,-999,-999,0
96.5,72,89,7,-132.17,4,-144.11,4,4,20,0,-999,-999,0
96.5,72,89,7,-132.17,6,-155.606,6,6,0,1,-999,-999,0
96.5,72,89,7,-132.17,3,-168.852,0,0,20,0,-999,-999,0
96.5,73,55,5,-111.193,2,-111.594,4,4,20,0,-999,-999,0
96.5,73,55,5,-111.193,7,-113.536,6,6,0,1,-999,-999,0
96.5,73,55,5,-111.193,4,-114.75,4,4,20,0,-999,-999,0
96.5,73,55,5,-111.193,6,-131.526,6,6,0,1,-999,-999,0
96.5,73,55,5,-111.193,1,-133.91,8,8,20,0,-999,-999,0
96.5,73,55,5,-111.193,3,-142.444,0,0,20,0,-999,-999,0
96.5,77,64,6,-127.365,2,-119.848,4,4,20,0,-999,-999,0
96.5,77,64,6,-127.365,1,-129.163,8,8,20,0,-999,-999,0
96.5,77,64,6,-127.365,7,-137.323,6,6,0,1,-999,-999,0
96.5,77,64,6,-127.365,5,-139.684,4,4,10,1,-999,-999,0
96.5,77,64,6,-127.365,3,-158.209,0,0,20,0,-999,-999,0
96.5,77,64,6,-127.365,4,-162.297,4,4,20,0,-999,-999,0
96.5,80,8,1,-108.001,4,-109.17,4,4,20,0,-999,-999,0
96.5,80,8,1,-108.001,6,-120.49,6,6,0,1,-999,-999,0
96.5,80,8,1,-108.001,2,-126.146,4,4,20,0,-999,-999,0
96.5,80,8,1,-108.001,5,-129.442,4,4,10,1,-999,-999,0
96.5,80,8,1,-108.001,3,-142.067,0,0,20,0,-999,-999,0
96.5,80,8,1,-108.001,7,-144.771,6,6,0,1,-999,-999,0
96.5,86,37,5,-121.788,7,-114.238,6,6,0,1,-999,-999,0
96.5,86,37,5,-121.788,4,-151.103,4,4,20,0,-999,-999,0
96.5,86,37,5,-121.788,1,-155.4,8,8,20,0,-999,-999,0
96.5,86,37,5,-121.788,6,-156.083,6,6,0,1,-999,-999,0
96.5,86,37,5,-121.788,2,-159.926,4,4,20,0,-999,-999,0
96.5,86,37,5,-121.788,3,-172.187,0,0,20,0,-999,-999,0
96.5,89,16,1,-130.708,2,-122.8,4,4,20,0,-999,-999,0
96.5,89,16,1,-130.708,6,-132.392,6,6,0,1,-999,-999,0
96.5,89,16,1,-130.708,3,-133.819,0,0,20,0,-999,-999,0
96.5,89,16,1,-130.708,4,-134.562,4,4,20,0,-999,-999,0
96.5,89,16,1,-130.708,7,-139.093,6,6,0,1,-999,-999,0
96.5,89,16,1,-130.708,5,-141.472,4,4,10,1,-999,-999,0
96.5,95,23,4,-119.723,1,-117.799,8,8,20,0,-999,-999,0
96.5,95,23,4,-119.723,2,-130.287,4,4,20,0,-999,-999,0
96.5,95,23,4,-119.723,5,-133.436,4,4,10,1,-999,-999,0
96.5,95,23,4,-119.723,6,-137.653,6,6,0,1,-999,-999,0
96.5,95,23,4,-119.723,3,-147.505,0,0,20,0,-999,-999,0
96.5,95,23,4,-119.723,7,-148.212,6,6,0,1,-999,-999,0
96.5,98,24,2,-124.55,1,-106.484,8,8,20,0,-999,-999,0
96.5,98,24,2,-124.55,6,-124.695,6,6,0,1,-999,-999,0
96.5,98,24,2,-124.55,7,-126.877,6,6,0,1,-999,-999,0
96.5,98,24,2,-124.55,4,-129.506,4,4,20,0,-999,-999,0
96.5,98,24,2,-124.55,5,-132.827,4,4,10,1,-999,-999,0
96.5,98,24,2,-124.55,3,-146.951,0,0,20,0,-999,-999,0
96.5,100,16,6,-135.036,5,-138.321,4,4,10,1,-999,-999,0
96.5,100,16,6,-135.036,2,-149.066,4,4,20,0,-999,-999,0
96.5,100,16,6,-135.036,4,-153.368,4,4,20,0,-999,-999,0
96.5,100,16,6,-135.036,1,-157.017,8,8,20,0,-999,-999,0
96.5,100,16,6,-135.036,7,-159.745,6,6,0,1,-999,-999,0
96.5,100,16,6,-135.036,3,-160.145,0,0,20,0,-999,-999,0
96.5,107,14,1,-124.323,6,-106.311,6,6,0,1,-999,-999,0
96.5,107,14,1,-124.323,5,-116.684,4,4,10,1,-999,-999,0
96.5,107,14,1,-124.323,7,-127.436,6,6,0,1,-999,-999,0
96.5,107,14,1,-124.323,4,-127.673,4,4,20,0,-999,-999,0
96.5,107,14,1,-124.323,2,-131.206,4,4,20,0,-999,-999,0
96.5,107,14,1,-124.323,3,-156.349,0,0,20,0,-999,-999,0
98.5,13,10,1,-117.083,2,-114.578,4,4,20,0,-999,-999,0
98.5,13,10,1,-117.083,4,-115.865,4,4,20,0,-999,-999,0
98.5,13,10,1,-117.083,5,-118.25,4,4,10,1,-999,-999,0
98.5,13,10,1,-117.083,3,-146.826,0,0,20,0,-999,-999,0
98.5,13,10,1,-117.083,6,-149.336,6,6,0,1,-999,-999,0
98.5,13,10,1,-117.083,7,-150.714,7,7,0,1,-999,-999,0
98.5,22,24,4,-125.302,7,-94.3774,7,7,0,1,-999,-999,0
98.5,22,24,4,-125.302,1,-140.279,8,8,20,0,-999,-999,0
98.5,22,24,4,-125.302,5,-143.76,4,4,10,1,-999,-999,0
98.5,22,24,4,-125.302,2,-143.876,4,4,20,0,-999,-999,0
98.5,22,24,4,-125.302,6,-151.781,6,6,0,1,-999,-999,0
98.5,22,24,4,-125.302,3,-163.715,0,0,20,0,-999,-999,0
98.5,26,32,6,-122.219,3,-135.379,0,0,20,0,-999,-999,0
98.5,26,32,6,-122.219,1,-135.555,8,8,20,0,-999,-999,0
98.5,26,32,6,-122.219,2,-137.379,4,4,20,0,-999,-999,0
98.5,26,32,6,-122.219,4,-138.292,4,4,20,0,-999,-999,0
98.5,26,32,6,-122.219,5,-138.912,4,4,10,1,-999,-999,0
98.5,26,32,6,-122.219,7,-143.619,7,7,0,1,-999,-999,0
98.5,29,42,7,-143.948,4,-109.188,4,4,20,0,-999,-999,0
98.5,29,42,7,-143.948,5,-115.915,4,4,10,1,-999,-999,0
98.5,29,42,7,-143.948,1,-152.613,8,8,20,0,-999,-999,0
98.5,29,42,7,-143.948,6,-153.27,6,6,0,1,-999,-999,0
98.5,29,42,7,-143.948,2,-157.786,4,4,20,0,-999,-999,0
98.5,29,42,7,-143.948,3,-168.022,0,0,20,0,-999,-999,0
98.5,31,15,1,-136.689,7,-92.1879,7,7,0,1,-999,-999,0
98.5,31,15,1,-136.689,4,-140.792,4,4,20,0,-999,-999,0
98.5,31,15,1,-136.689,2,-150.853,4,4,20,0,-999,-999,0
98.5,31,15,1,-136.689,3,-153.678,0,0,20,0,-999,-999,0
98.5,31,15,1,-136.689,6,-157.436,6,6,0,1,-999,-999,0
98.5,31,15,1,-136.689,5,-159.868,4,4,10,1,-999,-999,0
98.5,32,23,2,-109.041,1,-111.77,8,8,20,0,-999,-999,0
98.5,32,23,2,-109.041,4,-118.862,4,4,20,0,-999,-999,0
98.5,32,23,2,-109.041,5,-122.33,4,4,10,1,-999,-999,0
98.5,32,23,2,-109.041,6,-143.715,6,6,0,1,-999,-999,0
98.5,32,23,2,-109.041,3,-146.008,0,0,20,0,-999,-999,0
98.5,32,23,2,-109.041,7,-148.978,7,7,0,1,-999,-999,0
98.5,36,47,5,-107.632,2,-114.244,4,4,20,0,-999,-999,0
98.5,36,47,5,-107.632,4,-117.84,4,4,20,0,-999,-999,0
98.5,36,47,5,-107.632,1,-126.625,8,8,20,0,-999,-999,0
98.5,36,47,5,-107.632,3,-142.347,0,0,20,0,-999,-999,0
98.5,36,47,5,-107.632,7,-162.942,7,7,0,1,-999,-999,0
98.5,36,47,5,-107.632,6,-167.235,6,6,0,1,-999,-999,0
98.5,38,11,1,-132.566,5,-108.907,4,4,10,1,-999,-999,0
98.5,38,11,1,-132.566,7,-125.488,7,7,0,1,-999,-999,0
98.5,38,11,1,-132.566,2,-133.183,4,4,20,0,-999,-999,0
98.5,38,11,1,-132.566,6,-135.193,6,6,0,1,-999,-999,0
98.5,38,11,1,-132.566,4,-147.288,4,4,20,0,-999,-999,0
98.5,38,11,1,-132.566,3,-151.056,0,0,20,0,-999,-999,0
98.5,41,63,5,-104.161,2,-93.699,4,4,20,0,-999,-999,0
98.5,41,63,5,-104.161,1,-98.4825,8,8,20,0,-999,-999,0
98.5,41,63,5,-104.161,6,-114.444,6,6,0,1,-999,-999,0
98.5,41,63,5,-104.161,4,-130.923,4,4,20,0,-999,-999,0
98.5,41,63,5,-104.161,7,-135.953,7,7,0,1,-999,-999,0
98.5,41,63,5,-104.161,3,-150.324,0,0,20,0,-999,-999,0
98.5,42,13,1,-121.985,5,-98.5323,4,4,10,1,-999,-999,0
98.5,42,13,1,-121.985,7,-106.173,7,7,0,1,-999,-999,0
98.5,42,13,1,-121.985,2,-126.573,4,4,20,0,-999,-999,0
98.5,42,13,1,-121.985,4,-129.044,4,4,20,0,-999,-999,0
98.5,42,13,1,-121.985,6,-149.439,6,6,0,1,-999,-999,0
98.5,42,13,1,-121.985,3,-150.08,0,0,20,0,-999,-999,0
98.5,43,81,7,-145.523,1,-117.163,8,8,20,0,-999,-999,0
98.5,43,81,7,-145.523,5,-135.723,4,4,10,1,-999,-999,0
98.5,43,81,7,-145.523,6,-137.733,6,6,0,1,-999,-999,0
98.5,43,81,7,-145.523,4,-146.018,4,4,20,0,-999,-999,0
98.5,43,81,7,-145.523,2,-157.086,4,4,20,0,-999,-999,0
98.5,43,81,7,-145.523,3,-167.983,0,0,20,0,-999,-999,0
98.5,44,21,4,-139.69,2,-103.72,4,4,20,0,-999,-999,0
98.5,44,21,4,-139.69,1,-123.266,8,8,20,0,-999,-999,0
98.5,44,21,4,-139.69,6,-129.686,6,6,0,1,-999,-999,0
98.5,44,21,4,-139.69,5,-135.9,4,4,10,1,-999,-999,0
98.5,44,21,4,-139.69,3,-138.174,0,0,20,0,-999,-999,0
98.5,44,21,4,-139.69,7,-142.623,7,7,0,1,-999,-999,0
98.5,46,16,4,-108.865,2,-87.307,4,4,20,0,-999,-999,2
98.5,46,16,4,-108.865,5,-124.813,4,4,10,1,-999,-999,2
98.5,46,16,4,-108.865,1,-137.115,8,8,20,0,-999,-999,2
98.5,46,16,4,-108.865,7,-140.111,7,7,0,1,-999,-999,2
98.5,46,16,4,-108.865,3,-148.11,0,0,20,0,-999,-999,2
98.5,46,16,4,-108.865,6,-168.991,6,6,0,1,-999,-999,2
98.5,47,12,1,-118.168,2,-73.0288,4,5,20,0,-999,-999,2
98.5,47,12,1,-118.168,5,-120.171,4,4,10,1,-999,-999,2
98.5,47,12,1,-118.168,4,-135.037,4,4,20,0,-999,-999,2
98.5,47,12,1,-118.168,3,-136.778,0,0,20,0,-999,-999,2
98.5,47,12,1,-118.168,7,-144.367,7,7,0,1,-999,-999,2
98.5,47,12,1,-118.168,6,-148.762,6,6,0,1,-999,-999,2
98.5,50,21,2,-63.3825,5,-105.755,4,4,10,1,-999,-999,0
98.5,50,21,2,-63.3825,1,-129.362,8,8,20,0,-999,-999,0
98.5,50,21,2,-63.3825,4,-130.552,4,4,20,0,-999,-999,0
98.5,50,21,2,-63.3825,3,-140.373,0,0,20,0,-999,-999,0
98.5,50,21,2,-63.3825,6,-158.472,6,6,0,1,-999,-999,0
98.5,50,21,2,-63.3825,7,-165.807,7,7,0,1,-999,-999,0
98.5,53,82,7,-104.302,1,-110.842,8,8,20,0,-999,-999,0
98.5,53,82,7,-104.302,4,-141.35,4,4,20,0,-999,-999,0
98.5,53,82,7,-104.302,5,-146.606,4,4,10,1,-999,-999,0
98.5,53,82,7,-104.302,6,-151.489,6,6,0,1,-999,-999,0
98.5,53,82,7,-104.302,2,-156.912,4,6,20,0,-999,-999,0
98.5,53,82,7,-104.302,3,-168.455,0,0,20,0,-999,-999,0
98.5,54,25,7,-122.596,4,-111.395,4,4,20,0,-999,-999,0
98.5,54,25,7,-122.596,1,-141.083,8,8,20,0,-999,-999,0
98.5,54,25,7,-122.596,5,-143.81,4,4,10,1,-999,-999,0
98.5,54,25,7,-122.596,2,-149.979,4,6,20,0,-999,-999,0
98.5,54,25,7,-122.596,3,-155.806,0,0,20,0,-999,-999,0
98.5,54,25,7,-122.596,6,-166.595,6,6,0,1,-999,-999,0
98.5,56,22,2,-116.825,1,-121.128,8,8,20,0,-999,-999,0
98.5,56,22,2,-116.825,5,-129.981,4,4,10,1,-999,-999,0
98.5,56,22,2,-116.825,3,-132.025,0,0,20,0,-999,-999,0
98.5,56,22,2,-116.825,4,-133.246,4,4,20,0,-999,-999,0
98.5,56,22,2,-116.825,7,-138.326,7,7,0,1,-999,-999,0
98.5,56,22,2,-116.825,6,-154.381,6,6,0,1,-999,-999,0
98.5,58,34,7,-139.366,5,-137.316,4,4,10,1,-999,-999,0
98.5,58,34,7,-139.366,4,-139.834,4,4,20,0,-999,-999,0
98.5,58,34,7,-139.366,1,-148.88,8,8,20,0,-999,-999,0
98.5,58,34,7,-139.366,6,-149.226,6,6,0,1,-999,-999,0
98.5,58,34,7,-139.366,2,-150.864,4,6,20,0,-999,-999,0
98.5,58,34,7,-139.366,3,-161.351,0,0,20,0,-999,-999,0
98.5,60,72,6,-134.47,2,-122.79,4,6,20,0,-999,-999,0
98.5,60,72,6,-134.47,1,-128.437,8,8,20,0,-999,-999,0
98.5,60,72,6,-134.47,3,-146.865,0,0,20,0,-999,-999,0
98.5,60,72,6,-134.47,4,-154.979,4,4,20,0,-999,-999,0
98.5,60,72,6,-134.47,5,-158.668,4,4,10,1,-999,-999,0
98.5,60,72,6,-134.47,7,-171.826,7,7,0,1,-999,-999,0
98.5,68,56,6,-130.326,5,-105.31,4,4,10,1,-999,-999,0
98.5,68,56,6,-130.326,7,-127.406,7,7,0,1,-999,-999,0
98.5,68,56,6,-130.326,2,-136.223,4,6,20,0,-999,-999,0
98.5,68,56,6,-130.326,1,-136.933,8,8,20,0,-999,-999,0
98.5,68,56,6,-130.326,4,-139.107,4,4,20,0,-999,-999,0
98.5,68,56,6,-130.326,3,-148.199,0,0,20,0,-999,-999,0
98.5,70,48,6,-134.412,3,-135.529,0,0,20,0,-999,-999,0
98.5,70,48,6,-134.412,1,-138.38,8,8,20,0,-999,-999,0
98.5,70,48,6,-134.412,2,-139.207,4,6,20,0,-999,-999,0
98.5,70,48,6,-134.412,4,-141.461,4,4,20,0,-999,-999,0
98.5,70,48,6,-134.412,5,-142.897,4,4,10,1,-999,-999,0
98.5,70,48,6,-134.412,7,-150.218,7,7,0,1,-999,-999,0
98.5,72,89,7,-134.398,1,-108.433,8,8,20,0,-999,-999,0
98.5,72,89,7,-134.398,4,-117.044,4,4,20,0,-999,-999,0
98.5,72,89,7,-134.398,2,-153.582,4,6,20,0,-999,-999,0
98.5,72,89,7,-134.398,6,-157.226,6,6,0,1,-999,-999,0
98.5,72,89,7,-134.398,5,-158.604,4,4,10,1,-999,-999,0
98.5,72,89,7,-134.398,3,-168.13,0,0,20,0,-999,-999,0
98.5,73,55,5,-103.184,4,-97.7537,4,4,20,0,-999,-999,0
98.5,73,55,5,-103.184,1,-99.3987,8,8,20,0,-999,-999,0
98.5,73,55,5,-103.184,6,-104.046,6,6,0,1,-999,-999,0
98.5,73,55,5,-103.184,2,-126.282,4,6,20,0,-999,-999,0
98.5,73,55,5,-103.184,7,-138.811,7,7,0,1,-999,-999,0
98.5,73,55,5,-103.184,3,-143.868,0,0,20,0,-999,-999,0
98.5,77,64,6,-129.82,4,-119.747,4,4,20,0,-999,-999,0
98.5,77,64,6,-129.82,5,-138.149,4,4,10,1,-999,-999,0
98.5,77,64,6,-129.82,1,-146.12,8,8,20,0,-999,-999,0
98.5,77,64,6,-129.82,2,-149.065,4,6,20,0,-999,-999,0
98.5,77,64,6,-129.82,7,-150.95,7,7,0,1,-999,-999,0
98.5,77,64,6,-129.82,3,-158.443,0,0,20,0,-999,-999,0
98.5,80,8,1,-107.864,2,-88.3966,4,6,20,0,-999,-999,0
98.5,80,8,1,-107.864,4,-123.03,4,4,20,0,-999,-999,0
98.5,80,8,1,-107.864,5,-129.583,4,4,10,1,-999,-999,0
98.5,80,8,1,-107.864,3,-136.553,0,0,20,0,-999,-999,0
98.5,80,8,1,-107.864,7,-140.936,7,7,0,1,-999,-999,0
98.5,80,8,1,-107.864,6,-144.995,6,6,0,1,-999,-999,0
98.5,86,37,5,-116.48,7,-109.777,7,7,0,1,-999,-999,0
98.5,86,37,5,-116.48,4,-118.1,4,4,20,0,-999,-999,0
98.5,86,37,5,-116.48,6,-120.649,6,6,0,1,-999,-999,0
98.5,86,37,5,-116.48,2,-121.901,4,6,20,0,-999,-999,0
98.5,86,37,5,-116.48,1,-158.477,8,8,20,0,-999,-999,0
98.5,86,37,5,-116.48,3,-168.47,0,0,20,0,-999,-999,0
98.5,89,16,1,-122.974,7,-131.971,7,7,0,1,-999,-999,0
98.5,89,16,1,-122.974,4,-133.571,4,4,20,0,-999,-999,0
98.5,89,16,1,-122.974,2,-134.22,4,6,20,0,-999,-999,0
98.5,89,16,1,-122.974,5,-135.231,4,4,10,1,-999,-999,0
98.5,89,16,1,-122.974,6,-135.955,6,6,0,1,-999,-999,0
98.5,89,16,1,-122.974,3,-136.625,0,0,20,0,-999,-999,0
98.5,95,23,4,-100.351,3,-120.378,0,0,20,0,-999,-999,0
98.5,95,23,4,-100.351,5,-130.321,4,4,10,1,-999,-999,0
98.5,95,23,4,-100.351,2,-133.818,4,6,20,0,-999,-999,0
98.5,95,23,4,-100.351,1,-134.253,8,8,20,0,-999,-999,0
98.5,95,23,4,-100.351,6,-135.575,6,6,0,1,-999,-999,0
98.5,95,23,4,-100.351,7,-140.621,7,7,0,1,-999,-999,0
98.5,98,24,2,-129.834,5,-104.174,4,4,10,1,-999,-999,0
98.5,98,24,2,-129.834,7,-126.777,7,7,0,1,-999,-999,0
98.5,98,24,2,-129.834,1,-128.987,8,8,20,0,-999,-999,0
98.5,98,24,2,-129.834,4,-133.063,4,4,20,0,-999,-999,0
98.5,98,24,2,-129.834,6,-145.321,6,6,0,1,-999,-999,0
98.5,98,24,2,-129.834,3,-156.16,0,0,20,0,-999,-999,0
98.5,100,16,6,-139.077,2,-117.528,4,6,20,0,-999,-999,0
98.5,100,16,6,-139.077,4,-123.379,4,4,20,0,-999,-999,0
98.5,100,16,6,-139.077,5,-125.206,4,4,10,1,-999,-999,0
98.5,100,16,6,-139.077,1,-155.459,8,8,20,0,-999,-999,0
98.5,100,16,6,-139.077,7,-160.857,7,7,0,1,-999,-999,0
98.5,100,16,6,-139.077,3,-161.596,0,0,20,0,-999,-999,0
98.5,107,14,1,-139.359,4,-125.961,4,4,20,0,-999,-999,0
98.5,107,14,1,-139.359,2,-127.729,4,6,20,0,-999,-999,0
98.5,107,14,1,-139.359,5,-137.259,4,4,10,1,-999,-999,0
98.5,107,14,1,-139.359,7,-137.383,7,7,0,1,-999,-999,0
98.5,107,14,1,-139.359,6,-144.507,6,6,0,1,-999,-999,0
98.5,107,14,1,-139.359,3,-154.69,0,0,20,0,-999,-999,0
100.5,13,10,1,-107.559,4,-114.741,3,3,20,0,-999,-999,0
100.5,13,10,1,-107.559,5,-125.305,4,4,10,1,-999,-999,0
100.5,13,10,1,-107.559,2,-125.734,6,6,20,0,-999,-999,0
100.5,13,10,1,-107.559,7,-135.949,7,7,0,1,-999,-999,0
100.5,13,10,1,-107.559,3,-144.155,0,0,20,0,-999,-999,0
100.5,13,10,1,-107.559,6,-154.438,6,6,0,1,-999,-999,0
100.5,22,24,4,-127.745,5,-100.42,4,4,10,1,-999,-999,0
100.5,22,24,4,-127.745,1,-117.815,7,7,20,0,-999,-999,0
100.5,22,24,4,-127.745,7,-123.86,7,7,0,1,-999,-999,0
100.5,22,24,4,-127.745,2,-137.926,6,6,20,0,-999,-999,0
100.5,22,24,4,-127.745,3,-152.646,0,0,20,0,-999,-999,0
100.5,22,24,4,-127.745,6,-155.124,6,6,0,1,-999,-999,0
100.5,26,32,6,-108.596,4,-120.273,3,3,20,0,-999,-999,0
100.5,26,32,6,-108.596,1,-133.88,7,7,20,0,-999,-999,0
100.5,26,32,6,-108.596,2,-135.465,6,6,20,0,-999,-999,0
100.5,26,32,6,-108.596,3,-136.52,0,0,20,0,-999,-999,0
100.5,26,32,6,-108.596,5,-137.492,4,4,10,1,-999,-999,0
100.5,26,32,6,-108.596,7,-138.747,7,7,0,1,-999,-999,0
100.5,29,42,7,-104.211,4,-109.326,3,3,20,0,-999,-999,0
100.5,29,42,7,-104.211,6,-131.693,6,6,0,1,-999,-999,0
100.5,29,42,7,-104.211,5,-139.753,4,4,10,1,-999,-999,0
100.5,29,42,7,-104.211,1,-149.862,7,7,20,0,-999,-999,0
100.5,29,42,7,-104.211,2,-156.298,6,6,20,0,-999,-999,0
100.5,29,42,7,-104.211,3,-168.818,0,0,20,0,-999,-999,0
100.5,31,15,1,-130.103,4,-115.689,3,3,20,0,-999,-999,0
100.5,31,15,1,-130.103,5,-125.174,4,4,10,1,-999,-999,0
100.5,31,15,1,-130.103,7,-127.356,7,7,0,1,-999,-999,0
100.5,31,15,1,-130.103,6,-144.465,6,6,0,1,-999,-999,0
100.5,31,15,1,-130.103,2,-144.78,6,6,20,0,-999,-999,0
100.5,31,15,1,-130.103,3,-159.597,0,0,20,0,-999,-999,0
100.5,32,23,2,-112.49,4,-114.925,3,3,20,0,-999,-999,0
100.5,32,23,2,-112.49,1,-117.346,7,7,20,0,-999,-999,0
100.5,32,23,2,-112.49,5,-126.511,4,4,10,1,-999,-999,0
100.5,32,23,2,-112.49,7,-129.984,7,7,0,1,-999,-999,0
100.5,32,23,2,-112.49,6,-131.658,6,6,0,1,-999,-999,0
100.5,32,23,2,-112.49,3,-147.496,0,0,20,0,-999,-999,0
100.5,36,47,5,-115.354,2,-82.6378,6,6,20,0,-999,-999,0
100.5,36,47,5,-115.354,1,-93.5277,7,7,20,0,-999,-999,0
100.5,36,47,5,-115.354,4,-113.101,3,3,20,0,-999,-999,0
100.5,36,47,5,-115.354,3,-141.473,0,0,20,0,-999,-999,0
100.5,36,47,5,-115.354,7,-153.659,7,7,0,1,-999,-999,0
100.5,36,47,5,-115.354,6,-159.759,6,6,0,1,-999,-999,0
100.5,38,11,1,-125.659,6,-133.472,6,6,0,1,-999,-999,0
100.5,38,11,1,-125.659,2,-133.676,6,6,20,0,-999,-999,0
100.5,38,11,1,-125.659,7,-134.368,7,7,0,1,-999,-999,0
100.5,38,11,1,-125.659,5,-140.075,4,4,10,1,-999,-999,0
100.5,38,11,1,-125.659,4,-145.665,3,3,20,0,-999,-999,0
100.5,38,11,1,-125.659,3,-149.27,0,0,20,0,-999,-999,0
100.5,41,63,5,-132.346,4,-102.105,3,3,20,0,-999,-999,0
100.5,41,63,5,-132.346,2,-111.819,6,6,20,0,-999,-999,0
100.5,41,63,5,-132.346,6,-122.804,6,6,0,1,-999,-999,0
100.5,41,63,5,-132.346,1,-134.029,7,7,20,0,-999,-999,0
100.5,41,63,5,-132.346,7,-139.968,7,7,0,1,-999,-999,0
100.5,41,63,5,-132.346,3,-151.662,0,0,20,0,-999,-999,0
100.5,42,13,1,-127.944,5,-98.6959,4,4,10,1,-999,-999,5
100.5,42,13,1,-127.944,7,-99.0153,7,7,0,1,-999,-999,5
100.5,42,13,1,-127.944,4,-127.294,3,3,20,0,-999,-999,5
100.5,42,13,1,-127.944,2,-128.082,6,6,20,0,-999,-999,5
100.5,42,13,1,-127.944,6,-134.651,6,6,0,1,-999,-999,5
100.5,42,13,1,-127.944,3,-149.095,0,0,20,0,-999,-999,5
100.5,43,81,7,-137.278,4,-109.623,3,3,20,0,-999,-999,0
100.5,43,81,7,-137.278,5,-138.888,4,5,10,1,-999,-999,0
100.5,43,81,7,-137.278,6,-144.631,6,6,0,1,-999,-999,0
100.5,43,81,7,-137.278,1,-154.447,7,7,20,0,-999,-999,0
100.5,43,81,7,-137.278,2,-159.723,6,6,20,0,-999,-999,0
100.5,43,81,7,-137.278,3,-168.042,0,0,20,0,-999,-999,0
100.5,44,21,4,-143.906,1,-126.46,7,7,20,0,-999,-999,0
100.5,44,21,4,-143.906,6,-130.343,6,6,0,1,-999,-999,0
100.5,44,21,4,-143.906,2,-133.881,6,6,20,0,-999,-999,0
100.5,44,21,4,-143.906,3,-138.495,0,0,20,0,-999,-999,0
100.5,44,21,4,-143.906,7,-139.769,7,7,0,1,-999,-999,0
100.5,44,21,4,-143.906,5,-140.456,4,5,10,1,-999,-999,0
100.5,46,25,2,-136.811,4,-71.6052,3,3,20,0,-999,-999,0
100.5,46,25,2,-136.811,7,-119.447,7,7,0,1,-999,-999,0
100.5,46,25,2,-136.811,5,-128.728,4,5,10,1,-999,-999,0
100.5,46,25,2,-136.811,1,-135.872,7,7,20,0,-999,-999,0
100.5,46,25,2,-136.811,6,-146.136,6,6,0,1,-999,-999,0
100.5,46,25,2,-136.811,3,-151.843,0,0,20,0,-999,-999,0
100.5,47,26,2,-73.006,1,-96.1135,7,7,20,0,-999,-999,0
100.5,47,26,2,-73.006,5,-113.564,4,5,10,1,-999,-999,0
100.5,47,26,2,-73.006,4,-132.641,3,3,20,0,-999,-999,0
100.5,47,26,2,-73.006,7,-137.742,7,7,0,1,-999,-999,0
100.5,47,26,2,-73.006,3,-142.051,0,0,20,0,-999,-999,0
100.5,47,26,2,-73.006,6,-143.969,6,6,0,1,-999,-999,0
100.5,50,21,2,-63.3276,5,-104.593,4,5,10,1,-999,-999,0
100.5,50,21,2,-63.3276,1,-132.682,7,7,20,0,-999,-999,0
100.5,50,21,2,-63.3276,4,-134.114,3,3,20,0,-999,-999,0
100.5,50,21,2,-63.3276,6,-140.817,6,6,0,1,-999,-999,0
100.5,50,21,2,-63.3276,3,-141.21,0,0,20,0,-999,-999,0
100.5,50,21,2,-63.3276,7,-161.016,7,7,0,1,-999,-999,0
100.5,51,98,7,-131.984,4,-138.483,3,3,20,0,-999,-999,0
100.5,51,98,7,-131.984,5,-143.016,4,5,10,1,-999,-999,0
100.5,51,98,7,-131.984,1,-145.528,7,7,20,0,-999,-999,0
100.5,51,98,7,-131.984,2,-147.558,6,6,20,0,-999,-999,0
100.5,51,98,7,-131.984,6,-151.707,6,6,0,1,-999,-999,0
100.5,51,98,7,-131.984,3,-161.027,0,0,20,0,-999,-999,0
100.5,53,82,7,-113.909,1,-141.255,7,7,20,0,-999,-999,0
100.5,53,82,7,-113.909,4,-146.49,3,3,20,0,-999,-999,0
100.5,53,82,7,-113.909,6,-148.567,6,6,0,1,-999,-999,0
100.5,53,82,7,-113.909,5,-150.351,4,5,10,1,-999,-999,0
100.5,53,82,7,-113.909,2,-153.646,6,6,20,0,-999,-999,0
100.5,53,82,7,-113.909,3,-166.873,0,0,20,0,-999,-999,0
100.5,54,25,7,-102.119,5,-125.396,4,5,10,1,-999,-999,0
100.5,54,25,7,-102.119,4,-138.716,3,3,20,0,-999,-999,0
100.5,54,25,7,-102.119,1,-139.463,7,7,20,0,-999,-999,0
100.5,54,25,7,-102.119,2,-152.978,6,6,20,0,-999,-999,0
100.5,54,25,7,-102.119,3,-156.338,0,0,20,0,-999,-999,0
100.5,54,25,7,-102.119,6,-171.772,6,6,0,1,-999,-999,0
100.5,56,22,2,-116.518,5,-86.4514,4,5,10,1,-999,-999,0
100.5,56,22,2,-116.518,1,-117.778,7,7,20,0,-999,-999,0
100.5,56,22,2,-116.518,4,-122.671,3,3,20,0,-999,-999,0
100.5,56,22,2,-116.518,3,-132.571,0,0,20,0,-999,-999,0
100.5,56,22,2,-116.518,7,-153.456,7,7,0,1,-999,-999,0
100.5,56,22,2,-116.518,6,-159.859,6,6,0,1,-999,-999,0
100.5,58,34,7,-134.91,2,-133.315,6,6,20,0,-999,-999,0
100.5,58,34,7,-134.91,1,-143.798,7,7,20,0,-999,-999,0
100.5,58,34,7,-134.91,4,-145.586,3,3,20,0,-999,-999,0
100.5,58,34,7,-134.91,5,-145.739,4,5,10,1,-999,-999,0
100.5,58,34,7,-134.91,3,-159.474,0,0,20,0,-999,-999,0
100.5,58,34,7,-134.91,6,-160.272,6,6,0,1,-999,-999,0
100.5,60,72,6,-130.423,1,-123.269,7,7,20,0,-999,-999,0
100.5,60,72,6,-130.423,3,-142.767,0,0,20,0,-999,-999,0
100.5,60,72,6,-130.423,2,-151.094,6,6,20,0,-999,-999,0
100.5,60,72,6,-130.423,5,-152.027,4,5,10,1,-999,-999,0
100.5,60,72,6,-130.423,4,-156.468,3,3,20,0,-999,-999,0
100.5,60,72,6,-130.423,7,-172.617,7,7,0,1,-999,-999,0
100.5,68,56,6,-115.314,1,-124.565,7,7,20,0,-999,-999,0
100.5,68,56,6,-115.314,4,-128.586,3,3,20,0,-999,-999,0
100.5,68,56,6,-115.314,5,-133.029,4,5,10,1,-999,-999,0
100.5,68,56,6,-115.314,3,-148.9,0,0,20,0,-999,-999,0
100.5,68,56,6,-115.314,7,-149.204,7,7,0,1,-999,-999,0
100.5,68,56,6,-115.314,2,-149.387,6,6,20,0,-999,-999,0
100.5,70,48,6,-91.6647,4,-115.916,3,3,20,0,-999,-999,0
100.5,70,48,6,-91.6647,3,-130.521,0,0,20,0,-999,-999,0
100.5,70,48,6,-91.6647,1,-135.491,7,7,20,0,-999,-999,0
100.5,70,48,6,-91.6647,2,-139.071,6,6,20,0,-999,-999,0
100.5,70,48,6,-91.6647,5,-142.751,4,5,10,1,-999,-999,0
100.5,70,48,6,-91.6647,7,-150.762,7,7,0,1,-999,-999,0
100.5,72,89,7,-135.964,6,-130.708,6,6,0,1,-999,-999,0
100.5,72,89,7,-135.964,4,-140.771,3,3,20,0,-999,-999,0
100.5,72,89,7,-135.964,1,-145.719,7,7,20,0,-999,-999,0
100.5,72,89,7,-135.964,2,-153.796,6,6,20,0,-999,-999,0
100.5,72,89,7,-135.964,5,-168.793,4,5,10,1,-999,-999,0
100.5,72,89,7,-135.964,3,-169.288,0,0,20,0,-999,-999,0
100.5,73,55,5,-127.031,4,-94.4268,3,3,20,0,-999,-999,4
100.5,73,55,5,-127.031,2,-107.718,6,6,20,0,-999,-999,4
100.5,73,55,5,-127.031,7,-122.068,7,7,0,1,-999,-999,4
100.5,73,55,5,-127.031,1,-136.229,7,7,20,0,-999,-999,4
100.5,73,55,5,-127.031,6,-137.51,6,6,0,1,-999,-999,4
100.5,73,55,5,-127.031,3,-144.436,0,0,20,0,-999,-999,4
100.5,77,64,6,-126.309,7,-131.297,7,7,0,1,-999,-999,0
100.5,77,64,6,-126.309,1,-135.923,7,7,20,0,-999,-999,0
100.5,77,64,6,-126.309,5,-145.698,4,5,10,1,-999,-999,0
100.5,77,64,6,-126.309,2,-147.241,6,6,20,0,-999,-999,0
100.5,77,64,6,-126.309,4,-152.154,3,4,20,0,-999,-999,0
100.5,77,64,6,-126.309,3,-158.487,0,0,20,0,-999,-999,0
100.5,80,8,1,-84.4985,2,-105.858,6,6,20,0,-999,-999,0
100.5,80,8,1,-84.4985,5,-126.638,4,5,10,1,-999,-999,0
100.5,80,8,1,-84.4985,4,-127.302,3,4,20,0,-999,-999,0
100.5,80,8,1,-84.4985,3,-138.229,0,0,20,0,-999,-999,0
100.5,80,8,1,-84.4985,7,-145.808,7,7,0,1,-999,-999,0
100.5,80,8,1,-84.4985,6,-149.633,6,6,0,1,-999,-999,0
100.5,86,37,5,-109.696,7,-139.91,7,7,0,1,-999,-999,0
100.5,86,37,5,-109.696,6,-140.123,6,6,0,1,-999,-999,0
100.5,86,37,5,-109.696,2,-156.306,6,6,20,0,-999,-999,0
100.5,86,37,5,-109.696,4,-158.496,3,4,20,0,-999,-999,0
100.5,86,37,5,-109.696,1,-158.532,7,7,20,0,-999,-999,0
100.5,86,37,5,-109.696,3,-166.365,0,0,20,0,-999,-999,0
100.5,89,16,1,-123.471,5,-105.386,4,5,10,1,-999,-999,0
100.5,89,16,1,-123.471,6,-118.6,6,6,0,1,-999,-999,0
100.5,89,16,1,-123.471,7,-120.661,7,7,0,1,-999,-999,0
100.5,89,16,1,-123.471,4,-130.995,3,4,20,0,-999,-999,0
100.5,89,16,1,-123.471,2,-136.978,6,6,20,0,-999,-999,0
100.5,89,16,1,-123.471,3,-139.068,0,0,20,0,-999,-999,0
100.5,95,23,4,-105.826,5,-95.9932,4,5,10,1,-999,-999,0
100.5,95,23,4,-105.826,1,-111.441,7,7,20,0,-999,-999,0
100.5,95,23,4,-105.826,2,-115.436,6,6,20,0,-999,-999,0
100.5,95,23,4,-105.826,6,-126.979,6,6,0,1,-999,-999,0
100.5,95,23,4,-105.826,7,-144.388,7,7,0,1,-999,-999,0
100.5,95,23,4,-105.826,3,-147.84,0,0,20,0,-999,-999,0
100.5,98,24,2,-129.885,1,-97.8099,7,7,20,0,-999,-999,0
100.5,98,24,2,-129.885,4,-121.18,3,4,20,0,-999,-999,0
100.5,98,24,2,-129.885,7,-131.571,7,7,0,1,-999,-999,0
100.5,98,24,2,-129.885,5,-137.64,4,5,10,1,-999,-999,0
100.5,98,24,2,-129.885,3,-149.398,0,0,20,0,-999,-999,0
100.5,98,24,2,-129.885,6,-149.984,6,6,0,1,-999,-999,0
100.5,100,16,6,-117.134,2,-148.53,6,6,20,0,-999,-999,0
100.5,100,16,6,-117.134,4,-154.352,3,4,20,0,-999,-999,0
100.5,100,16,6,-117.134,5,-154.952,4,5,10,1,-999,-999,0
100.5,100,16,6,-117.134,1,-154.995,7,7,20,0,-999,-999,0
100.5,100,16,6,-117.134,7,-158.411,7,7,0,1,-999,-999,0
100.5,100,16,6,-117.134,3,-161.996,0,0,20,0,-999,-999,0
100.5,107,14,1,-129.913,5,-94.8191,4,5,10,1,-999,-999,0
100.5,107,14,1,-129.913,7,-119.007,7,7,0,1,-999,-999,0
100.5,107,14,1,-129.913,6,-126.333,6,6,0,1,-999,-999,0
100.5,107,14,1,-129.913,4,-130.066,3,4,20,0,-999,-999,0
100.5,107,14,1,-129.913,2,-138.707,6,6,20,0,-999,-999,0
100.5,107,14,1,-129.913,3,-153.42,0,0,20,0,-999,-999,0
102.5,13,10,1,-115.456,2,-80.0295,6,6,20,0,-999,-999,0
102.5,13,10,1,-115.456,4,-117.409,4,4,20,0,-999,-999,0
102.5,13,10,1,-115.456,5,-129.726,4,4,10,1,-999,-999,0
102.5,13,10,1,-115.456,3,-141.055,0,0,20,0,-999,-999,0
102.5,13,10,1,-115.456,7,-145.094,7,7,0,1,-999,-999,0
102.5,13,10,1,-115.456,6,-157.218,6,6,0,1,-999,-999,0
102.5,22,24,4,-91.6803,1,-116.796,6,6,20,0,-999,-999,0
102.5,22,24,4,-91.6803,7,-122.676,7,7,0,1,-999,-999,0
102.5,22,24,4,-91.6803,5,-128.94,4,4,10,1,-999,-999,0
102.5,22,24,4,-91.6803,2,-136.93,6,6,20,0,-999,-999,0
102.5,22,24,4,-91.6803,3,-154.219,0,0,20,0,-999,-999,0
102.5,22,24,4,-91.6803,6,-154.274,6,6,0,1,-999,-999,0
102.5,26,32,6,-123.745,7,-104.214,7,7,0,1,-999,-999,0
102.5,26,32,6,-123.745,1,-122.011,6,6,20,0,-999,-999,0
102.5,26,32,6,-123.745,4,-125.998,4,4,20,0,-999,-999,0
102.5,26,32,6,-123.745,2,-135.365,6,6,20,0,-999,-999,0
102.5,26,32,6,-123.745,3,-137.101,0,0,20,0,-999,-999,0
102.5,26,32,6,-123.745,5,-144.011,4,4,10,1,-999,-999,0
102.5,29,42,7,-141.927,1,-121.369,6,6,20,0,-999,-999,0
102.5,29,42,7,-141.927,5,-143.677,4,4,10,1,-999,-999,0
102.5,29,42,7,-141.927,4,-147.756,4,4,20,0,-999,-999,0
102.5,29,42,7,-141.927,6,-153.545,6,6,0,1,-999,-999,0
102.5,29,42,7,-141.927,2,-157.696,6,6,20,0,-999,-999,0
102.5,29,42,7,-141.927,3,-165.566,0,0,20,0,-999,-999,0
102.5,31,15,1,-135.673,4,-119.646,4,4,20,0,-999,-999,0
102.5,31,15,1,-135.673,2,-130.043,6,6,20,0,-999,-999,0
102.5,31,15,1,-135.673,7,-133.859,7,7,0,1,-999,-999,0
102.5,31,15,1,-135.673,3,-154.591,0,0,20,0,-999,-999,0
102.5,31,15,1,-135.673,5,-160.094,4,4,10,1,-999,-999,0
102.5,31,15,1,-135.673,6,-164.915,6,6,0,1,-999,-999,0
102.5,32,23,2,-117.572,5,-96.006,4,4,10,1,-999,-999,0
102.5,32,23,2,-117.572,7,-114.06,7,7,0,1,-999,-999,0
102.5,32,23,2,-117.572,4,-115.117,4,4,20,0,-999,-999,0
102.5,32,23,2,-117.572,6,-115.444,6,6,0,1,-999,-999,0
102.5,32,23,2,-117.572,1,-138.041,6,6,20,0,-999,-999,0
102.5,32,23,2,-117.572,3,-139.437,0,0,20,0,-999,-999,0
102.5,36,47,5,-119.617,2,-112.394,6,6,20,0,-999,-999,0
102.5,36,47,5,-119.617,4,-114.148,4,4,20,0,-999,-999,0
102.5,36,47,5,-119.617,1,-121.503,6,6,20,0,-999,-999,0
102.5,36,47,5,-119.617,3,-139.246,0,0,20,0,-999,-999,0
102.5,36,47,5,-119.617,7,-157.999,7,7,0,1,-999,-999,0
102.5,36,47,5,-119.617,6,-165.312,6,6,0,1,-999,-999,0
102.5,38,11,1,-143.416,5,-135.988,4,4,10,1,-999,-999,0
102.5,38,11,1,-143.416,2,-137.966,6,6,20,0,-999,-999,0
102.5,38,11,1,-143.416,6,-139.963,6,6,0,1,-999,-999,0
102.5,38,11,1,-143.416,7,-145.94,7,7,0,1,-999,-999,0
102.5,38,11,1,-143.416,4,-150.987,4,4,20,0,-999,-999,0
102.5,38,11,1,-143.416,3,-151.423,0,0,20,0,-999,-999,0
102.5,41,63,5,-131.855,1,-106.974,6,6,20,0,-999,-999,0
102.5,41,63,5,-131.855,4,-115.794,4,4,20,0,-999,-999,0
102.5,41,63,5,-131.855,2,-133.983,6,6,20,0,-999,-999,0
102.5,41,63,5,-131.855,6,-140.298,6,6,0,1,-999,-999,0
102.5,41,63,5,-131.855,7,-145.164,7,7,0,1,-999,-999,0
102.5,41,63,5,-131.855,3,-157.111,0,0,20,0,-999,-999,0
102.5,42,64,5,-102.839,1,-100.334,6,6,20,0,-999,-999,0
102.5,42,64,5,-102.839,4,-111.788,4,4,20,0,-999,-999,0
102.5,42,64,5,-102.839,6,-113.374,6,6,0,1,-999,-999,0
102.5,42,64,5,-102.839,2,-127.309,6,6,20,0,-999,-999,0
102.5,42,64,5,-102.839,7,-141.994,7,7,0,1,-999,-999,0
102.5,42,64,5,-102.839,3,-148.895,0,0,20,0,-999,-999,0
102.5,43,81,7,-138.11,5,-112.937,4,4,10,1,-999,-999,0
102.5,43,81,7,-138.11,2,-122.168,6,6,20,0,-999,-999,0
102.5,43,81,7,-138.11,4,-136.841,4,4,20,0,-999,-999,0
102.5,43,81,7,-138.11,1,-139.481,6,6,20,0,-999,-999,0
102.5,43,81,7,-138.11,6,-142.965,6,6,0,1,-999,-999,0
102.5,43,81,7,-138.11,3,-168.753,0,0,20,0,-999,-999,0
102.5,44,21,4,-118.829,2,-104.725,6,6,20,0,-999,-999,0
102.5,44,21,4,-118.829,7,-105.098,7,7,0,1,-999,-999,0
102.5,44,21,4,-118.829,1,-121.457,6,6,20,0,-999,-999,0
102.5,44,21,4,-118.829,6,-127.865,6,6,0,1,-999,-999,0
102.5,44,21,4,-118.829,3,-135.666,0,0,20,0,-999,-999,0
102.5,44,21,4,-118.829,5,-142.37,4,4,10,1,-999,-999,0
102.5,46,25,2,-90.5666,4,-87.8981,4,4,20,0,-999,-999,4
102.5,46,25,2,-90.5666,5,-90.6534,4,4,10,1,-999,-999,4
102.5,46,25,2,-90.5666,7,-110.617,7,7,0,1,-999,-999,4
102.5,46,25,2,-90.5666,1,-126.049,6,6,20,0,-999,-999,4
102.5,46,25,2,-90.5666,3,-156.475,0,0,20,0,-999,-999,4
102.5,46,25,2,-90.5666,6,-168.888,6,6,0,1,-999,-999,4
102.5,47,26,2,-74.4705,5,-112.145,4,4,10,1,-999,-999,0
102.5,47,26,2,-74.4705,4,-130.98,4,5,20,0,-999,-999,0
102.5,47,26,2,-74.4705,1,-131.925,6,6,20,0,-999,-999,0
102.5,47,26,2,-74.4705,3,-142.029,0,0,20,0,-999,-999,0
102.5,47,26,2,-74.4705,6,-146.321,6,6,0,1,-999,-999,0
102.5,47,26,2,-74.4705,7,-154.66,7,7,0,1,-999,-999,0
102.5,50,21,2,-55.1505,5,-115.688,4,4,10,1,-999,-999,0
102.5,50,21,2,-55.1505,6,-119.439,6,6,0,1,-999,-999,0
102.5,50,21,2,-55.1505,1,-126.139,6,6,20,0,-999,-999,0
102.5,50,21,2,-55.1505,4,-133.859,4,5,20,0,-999,-999,0
102.5,50,21,2,-55.1505,3,-142.901,0,0,20,0,-999,-999,0
102.5,50,21,2,-55.1505,7,-145.028,7,7,0,1,-999,-999,0
102.5,51,98,7,-132.2,2,-111.56,6,6,20,0,-999,-999,0
102.5,51,98,7,-132.2,1,-141.648,6,6,20,0,-999,-999,0
102.5,51,98,7,-132.2,5,-143.899,4,4,10,1,-999,-999,0
102.5,51,98,7,-132.2,4,-149.953,4,5,20,0,-999,-999,0
102.5,51,98,7,-132.2,6,-156.055,6,6,0,1,-999,-999,0
102.5,51,98,7,-132.2,3,-163.632,0,0,20,0,-999,-999,0
102.5,53,82,7,-138.845,5,-107.149,4,4,10,1,-999,-999,0
102.5,53,82,7,-138.845,1,-142.434,6,6,20,0,-999,-999,0
102.5,53,82,7,-138.845,4,-146.334,4,5,20,0,-999,-999,0
102.5,53,82,7,-138.845,2,-151.105,6,6,20,0,-999,-999,0
102.5,53,82,7,-138.845,6,-157.679,6,6,0,1,-999,-999,0
102.5,53,82,7,-138.845,3,-171.293,0,0,20,0,-999,-999,0
102.5,54,25,7,-121.971,4,-121.759,4,5,20,0,-999,-999,0
102.5,54,25,7,-121.971,1,-145.429,6,6,20,0,-999,-999,0
102.5,54,25,7,-121.971,2,-147.671,6,6,20,0,-999,-999,0
102.5,54,25,7,-121.971,5,-150.25,4,4,10,1,-999,-999,0
102.5,54,25,7,-121.971,6,-156.127,6,6,0,1,-999,-999,0
102.5,54,25,7,-121.971,3,-160.164,0,0,20,0,-999,-999,0
102.5,56,22,2,-115.993,1,-102.159,6,6,20,0,-999,-999,0
102.5,56,22,2,-115.993,5,-124.001,4,4,10,1,-999,-999,0
102.5,56,22,2,-115.993,3,-129.995,0,0,20,0,-999,-999,0
102.5,56,22,2,-115.993,4,-131.022,4,5,20,0,-999,-999,0
102.5,56,22,2,-115.993,7,-147.888,7,7,0,1,-999,-999,0
102.5,56,22,2,-115.993,6,-154.387,6,6,0,1,-999,-999,0
102.5,58,34,7,-141.206,5,-109.478,4,4,10,1,-999,-999,0
102.5,58,34,7,-141.206,4,-128.111,4,5,20,0,-999,-999,0
102.5,58,34,7,-141.206,1,-141.115,6,6,20,0,-999,-999,0
102.5,58,34,7,-141.206,2,-147.502,6,6,20,0,-999,-999,0
102.5,58,34,7,-141.206,6,-154.492,6,6,0,1,-999,-999,0
102.5,58,34,7,-141.206,3,-164.59,0,0,20,0,-999,-999,0
102.5,60,72,6,-128.944,5,-122.123,4,4,10,1,-999,-999,0
102.5,60,72,6,-128.944,4,-132.498,4,5,20,0,-999,-999,0
102.5,60,72,6,-128.944,1,-141.836,6,6,20,0,-999,-999,0
102.5,60,72,6,-128.944,7,-145.117,7,7,0,1,-999,-999,0
102.5,60,72,6,-128.944,3,-146.55,0,0,20,0,-999,-999,0
102.5,60,72,6,-128.944,2,-151.67,6,6,20,0,-999,-999,0
102.5,68,56,6,-124.198,5,-102.09,4,4,10,1,-999,-999,0
102.5,68,56,6,-124.198,4,-115.659,4,5,20,0,-999,-999,0
102.5,68,56,6,-124.198,2,-136.039,6,6,20,0,-999,-999,0
102.5,68,56,6,-124.198,1,-136.836,6,6,20,0,-999,-999,0
102.5,68,56,6,-124.198,3,-145.49,0,0,20,0,-999,-999,0
102.5,68,56,6,-124.198,7,-146.337,7,7,0,1,-999,-999,0
102.5,70,48,6,-128.949,3,-130.029,0,0,20,0,-999,-999,0
102.5,70,48,6,-128.949,1,-137.143,6,6,20,0,-999,-999,0
102.5,70,48,6,-128.949,7,-137.454,7,7,0,1,-999,-999,0
102.5,70,48,6,-128.949,5,-138.651,4,4,10,1,-999,-999,0
102.5,70,48,6,-128.949,2,-139.806,6,6,20,0,-999,-999,0
102.5,70,48,6,-128.949,4,-141.756,4,5,20,0,-999,-999,0
102.5,72,89,7,-140.25,4,-128.124,4,5,20,0,-999,-999,0
102.5,72,89,7,-140.25,6,-133.984,6,6,0,1,-999,-999,0
102.5,72,89,7,-140.25,1,-138.553,6,6,20,0,-999,-999,0
102.5,72,89,7,-140.25,2,-157.266,6,6,20,0,-999,-999,0
102.5,72,89,7,-140.25,5,-157.861,4,4,10,1,-999,-999,0
102.5,72,89,7,-140.25,3,-167.337,0,0,20,0,-999,-999,0
102.5,73,26,4,-109.057,2,-90.5653,6,6,20,0,-999,-999,0
102.5,73,26,4,-109.057,6,-102.635,6,6,0,1,-999,-999,0
102.5,73,26,4,-109.057,7,-108.462,7,7,0,1,-999,-999,0
102.5,73,26,4,-109.057,5,-126.996,4,4,10,1,-999,-999,0
102.5,73,26,4,-109.057,1,-132.703,6,6,20,0,-999,-999,0
102.5,73,26,4,-109.057,3,-139.203,0,0,20,0,-999,-999,0
102.5,77,64,6,-130.843,2,-110.302,6,6,20,0,-999,-999,0
102.5,77,64,6,-130.843,5,-114.089,4,4,10,1,-999,-999,0
102.5,77,64,6,-130.843,4,-129.45,4,5,20,0,-999,-999,0
102.5,77,64,6,-130.843,1,-136.756,6,6,20,0,-999,-999,0
102.5,77,64,6,-130.843,7,-146.488,7,7,0,1,-999,-999,0
102.5,77,64,6,-130.843,3,-160.192,0,0,20,0,-999,-999,0
102.5,80,8,1,-82.1594,4,-111.045,4,5,20,0,-999,-999,0
102.5,80,8,1,-82.1594,2,-121.972,6,6,20,0,-999,-999,0
102.5,80,8,1,-82.1594,5,-132.478,4,4,10,1,-999,-999,0
102.5,80,8,1,-82.1594,3,-143.824,0,0,20,0,-999,-999,0
102.5,80,8,1,-82.1594,7,-144.757,7,7,0,1,-999,-999,0
102.5,80,8,1,-82.1594,6,-146.531,6,6,0,1,-999,-999,0
102.5,86,37,5,-147.418,1,-125.853,6,6,20,0,-999,-999,0
102.5,86,37,5,-147.418,7,-134.702,7,7,0,1,-999,-999,0
102.5,86,37,5,-147.418,4,-148.438,4,5,20,0,-999,-999,0
102.5,86,37,5,-147.418,6,-150.841,6,6,0,1,-999,-999,0
102.5,86,37,5,-147.418,2,-163.434,6,6,20,0,-999,-999,0
102.5,86,37,5,-147.418,3,-174.005,0,0,20,0,-999,-999,0
102.5,89,16,1,-109.895,2,-99.572,6,6,20,0,-999,-999,0
102.5,89,16,1,-109.895,4,-131.891,4,5,20,0,-999,-999,0
102.5,89,16,1,-109.895,6,-133.416,6,6,0,1,-999,-999,0
102.5,89,16,1,-109.895,3,-137.342,0,0,20,0,-999,-999,0
102.5,89,16,1,-109.895,5,-146.654,4,4,10,1,-999,-999,0
102.5,89,16,1,-109.895,7,-150.401,7,7,0,1,-999,-999,0
102.5,95,23,4,-134.013,2,-96.3675,6,6,20,0,-999,-999,0
102.5,95,23,4,-134.013,1,-129.718,6,6,20,0,-999,-999,0
102.5,95,23,4,-134.013,5,-137.379,4,4,10,1,-999,-999,0
102.5,95,23,4,-134.013,6,-140.358,6,6,0,1,-999,-999,0
102.5,95,23,4,-134.013,7,-141.356,7,7,0,1,-999,-999,0
102.5,95,23,4,-134.013,3,-146.591,0,0,20,0,-999,-999,0
102.5,98,24,2,-143.019,4,-116.887,4,5,20,0,-999,-999,0
102.5,98,24,2,-143.019,1,-130.31,6,6,20,0,-999,-999,0
102.5,98,24,2,-143.019,7,-133.23,7,7,0,1,-999,-999,0
102.5,98,24,2,-143.019,5,-134.257,4,4,10,1,-999,-999,0
102.5,98,24,2,-143.019,6,-146.482,6,6,0,1,-999,-999,0
102.5,98,24,2,-143.019,3,-149.396,0,0,20,0,-999,-999,0
102.5,100,16,6,-128.285,2,-118.043,6,6,20,0,-999,-999,0
102.5,100,16,6,-128.285,4,-130.557,4,5,20,0,-999,-999,0
102.5,100,16,6,-128.285,7,-133.771,7,7,0,1,-999,-999,0
102.5,100,16,6,-128.285,5,-153.577,4,4,10,1,-999,-999,0
102.5,100,16,6,-128.285,3,-157.391,0,0,20,0,-999,-999,0
102.5,100,16,6,-128.285,1,-160.86,6,6,20,0,-999,-999,0
102.5,107,14,1,-140.206,4,-127.366,4,5,20,0,-999,-999,0
102.5,107,14,1,-140.206,2,-129.892,6,6,20,0,-999,-999,0
102.5,107,14,1,-140.206,5,-133.014,4,4,10,1,-999,-999,0
102.5,107,14,1,-140.206,6,-143.356,6,6,0,1,-999,-999,0
102.5,107,14,1,-140.206,7,-151.156,7,7,0,1,-999,-999,0
102.5,107,14,1,-140.206,3,-155.572,0,0,20,0,-999,-999,0
104.5,13,10,1,-121.97,2,-85.7521,5,5,20,0,-999,-999,2
104.5,13,10,1,-121.97,4,-110.412,5,5,20,0,-999,-999,2
104.5,13,10,1,-121.97,5,-129.635,4,4,10,1,-999,-999,2
104.5,13,10,1,-121.97,3,-139.58,0,0,20,0,-999,-999,2
104.5,13,10,1,-121.97,6,-142.598,6,6,0,1,-999,-999,2
104.5,13,10,1,-121.97,7,-143.757,7,7,0,1,-999,-999,2
104.5,22,24,4,-135.464,7,-127.691,7,7,0,1,-999,-999,0
104.5,22,24,4,-135.464,2,-133.217,5,6,20,0,-999,-999,0
104.5,22,24,4,-135.464,5,-134.236,4,4,10,1,-999,-999,0
104.5,22,24,4,-135.464,1,-135.954,6,6,20,0,-999,-999,0
104.5,22,24,4,-135.464,6,-152.942,6,6,0,1,-999,-999,0
104.5,22,24,4,-135.464,3,-156.268,0,0,20,0,-999,-999,0
104.5,26,32,6,-130.651,5,-124.349,4,4,10,1,-999,-999,0
104.5,26,32,6,-130.651,1,-131.717,6,6,20,0,-999,-999,0
104.5,26,32,6,-130.651,3,-137.388,0,0,20,0,-999,-999,0
104.5,26,32,6,-130.651,2,-137.79,5,6,20,0,-999,-999,0
104.5,26,32,6,-130.651,4,-146.031,5,5,20,0,-999,-999,0
104.5,26,32,6,-130.651,7,-146.904,7,7,0,1,-999,-999,0
104.5,29,42,7,-144.874,6,-114.265,6,6,0,1,-999,-999,0
104.5,29,42,7,-144.874,2,-121.847,5,6,20,0,-999,-999,0
104.5,29,42,7,-144.874,5,-133.591,4,4,10,1,-999,-999,0
104.5,29,42,7,-144.874,4,-141.625,5,5,20,0,-999,-999,0
104.5,29,42,7,-144.874,1,-147.323,6,6,20,0,-999,-999,0
104.5,29,42,7,-144.874,3,-163.699,0,0,20,0,-999,-999,0
104.5,31,15,1,-133.56,2,-132.598,5,6,20,0,-999,-999,0
104.5,31,15,1,-133.56,7,-132.804,7,7,0,1,-999,-999,0
104.5,31,15,1,-133.56,4,-134.21,5,5,20,0,-999,-999,0
104.5,31,15,1,-133.56,5,-156.763,4,4,10,1,-999,-999,0
104.5,31,15,1,-133.56,3,-159.055,0,0,20,0,-999,-999,0
104.5,31,15,1,-133.56,6,-165.139,6,6,0,1,-999,-999,0
104.5,32,23,2,-104.314,4,-77.8655,5,5,20,0,-999,-999,0
104.5,32,23,2,-104.314,6,-112.36,6,6,0,1,-999,-999,0
104.5,32,23,2,-104.314,5,-123.458,4,4,10,1,-999,-999,0
104.5,32,23,2,-104.314,1,-136.73,6,6,20,0,-999,-999,0
104.5,32,23,2,-104.314,3,-146.029,0,0,20,0,-999,-999,0
104.5,32,23,2,-104.314,7,-148.06,7,7,0,1,-999,-999,0
104.5,36,47,5,-119.388,4,-112.225,5,5,20,0,-999,-999,0
104.5,36,47,5,-119.388,1,-116.763,6,6,20,0,-999,-999,0
104.5,36,47,5,-119.388,2,-118.064,5,6,20,0,-999,-999,0
104.5,36,47,5,-119.388,3,-139.246,0,0,20,0,-999,-999,0
104.5,36,47,5,-119.388,6,-143.455,6,6,0,1,-999,-999,0
104.5,36,47,5,-119.388,7,-146.665,7,7,0,1,-999,-999,0
104.5,38,11,1,-130.955,2,-107.871,5,6,20,0,-999,-999,0
104.5,38,11,1,-130.955,5,-128.21,4,4,10,1,-999,-999,0
104.5,38,11,1,-130.955,6,-132.287,6,6,0,1,-999,-999,0
104.5,38,11,1,-130.955,7,-143.604,7,7,0,1,-999,-999,0
104.5,38,11,1,-130.955,4,-147.414,5,5,20,0,-999,-999,0
104.5,38,11,1,-130.955,3,-150.236,0,0,20,0,-999,-999,0
104.5,41,63,5,-131.611,4,-120.324,5,5,20,0,-999,-999,0
104.5,41,63,5,-131.611,7,-128.01,7,7,0,1,-999,-999,0
104.5,41,63,5,-131.611,2,-133.697,5,6,20,0,-999,-999,0
104.5,41,63,5,-131.611,1,-140.238,6,6,20,0,-999,-999,0
104.5,41,63,5,-131.611,6,-147.044,6,6,0,1,-999,-999,0
104.5,41,63,5,-131.611,3,-156.772,0,0,20,0,-999,-999,0
104.5,42,64,5,-108.795,4,-93.4338,5,5,20,0,-999,-999,0
104.5,42,64,5,-108.795,1,-93.5018,6,6,20,0,-999,-999,0
104.5,42,64,5,-108.795,7,-107.743,7,7,0,1,-999,-999,0
104.5,42,64,5,-108.795,2,-130.261,5,6,20,0,-999,-999,0
104.5,42,64,5,-108.795,3,-149.211,0,0,20,0,-999,-999,0
104.5,42,64,5,-108.795,6,-150.742,6,6,0,1,-999,-999,0
104.5,43,81,7,-139.06,4,-114.647,5,5,20,0,-999,-999,0
104.5,43,81,7,-139.06,5,-133.986,4,4,10,1,-999,-999,0
104.5,43,81,7,-139.06,1,-148.861,6,6,20,0,-999,-999,0
104.5,43,81,7,-139.06,6,-150.019,6,6,0,1,-999,-999,0
104.5,43,81,7,-139.06,2,-159.098,5,6,20,0,-999,-999,0
104.5,43,81,7,-139.06,3,-170.09,0,0,20,0,-999,-999,0
104.5,44,21,4,-139.82,1,-89.6321,6,6,20,0,-999,-999,0
104.5,44,21,4,-139.82,7,-114.624,7,7,0,1,-999,-999,0
104.5,44,21,4,-139.82,3,-132.179,0,0,20,0,-999,-999,0
104.5,44,21,4,-139.82,6,-135.527,6,6,0,1,-999,-999,0
104.5,44,21,4,-139.82,2,-135.643,5,6,20,0,-999,-999,0
104.5,44,21,4,-139.82,5,-141.557,4,4,10,1,-999,-999,0
104.5,46,27,4,-106.834,2,-94.0263,5,6,20,0,-999,-999,0
104.5,46,27,4,-106.834,5,-133.814,4,4,10,1,-999,-999,0
104.5,46,27,4,-106.834,1,-133.978,6,6,20,0,-999,-999,0
104.5,46,27,4,-106.834,6,-137.343,6,6,0,1,-999,-999,0
104.5,46,27,4,-106.834,7,-139.372,7,7,0,1,-999,-999,0
104.5,46,27,4,-106.834,3,-158.948,0,0,20,0,-999,-999,0
104.5,47,26,2,-107.844,4,-111.606,5,5,20,0,-999,-999,0
104.5,47,26,2,-107.844,5,-114.566,4,4,10,1,-999,-999,0
104.5,47,26,2,-107.844,1,-121.355,6,6,20,0,-999,-999,0
104.5,47,26,2,-107.844,6,-132.985,6,6,0,1,-999,-999,0
104.5,47,26,2,-107.844,3,-137.389,0,0,20,0,-999,-999,0
104.5,47,26,2,-107.844,7,-146.763,7,7,0,1,-999,-999,0
104.5,50,21,2,-64.9328,5,-115.801,4,4,10,1,-999,-999,0
104.5,50,21,2,-64.9328,4,-124.844,5,5,20,0,-999,-999,0
104.5,50,21,2,-64.9328,1,-126.787,6,6,20,0,-999,-999,0
104.5,50,21,2,-64.9328,3,-140.092,0,0,20,0,-999,-999,0
104.5,50,21,2,-64.9328,6,-151.155,6,6,0,1,-999,-999,0
104.5,50,21,2,-64.9328,7,-165.057,7,7,0,1,-999,-999,0
104.5,51,98,7,-135.511,5,-116.987,4,4,10,1,-999,-999,0
104.5,51,98,7,-135.511,4,-136.462,5,5,20,0,-999,-999,0
104.5,51,98,7,-135.511,1,-147.228,6,6,20,0,-999,-999,0
104.5,51,98,7,-135.511,2,-147.406,5,6,20,0,-999,-999,0
104.5,51,98,7,-135.511,6,-152.559,6,6,0,1,-999,-999,0
104.5,51,98,7,-135.511,3,-162.336,0,0,20,0,-999,-999,0
104.5,53,82,7,-133.165,5,-106.902,4,4,10,1,-999,-999,5
104.5,53,82,7,-133.165,4,-139.564,5,5,20,0,-999,-999,5
104.5,53,82,7,-133.165,6,-140.029,6,6,0,1,-999,-999,5
104.5,53,82,7,-133.165,1,-143.951,6,6,20,0,-999,-999,5
104.5,53,82,7,-133.165,2,-158.271,5,6,20,0,-999,-999,5
104.5,53,82,7,-133.165,3,-164.856,0,0,20,0,-999,-999,5
104.5,54,25,7,-127.607,4,-139.183,5,5,20,0,-999,-999,0
104.5,54,25,7,-127.607,2,-140.299,5,6,20,0,-999,-999,0
104.5,54,25,7,-127.607,1,-140.486,6,6,20,0,-999,-999,0
104.5,54,25,7,-127.607,6,-144.231,6,6,0,1,-999,-999,0
104.5,54,25,7,-127.607,5,-152.74,4,5,10,1,-999,-999,0
104.5,54,25,7,-127.607,3,-156.47,0,0,20,0,-999,-999,0
104.5,56,22,2,-116.886,1,-94.8872,6,6,20,0,-999,-999,1
104.5,56,22,2,-116.886,6,-124.017,6,6,0,1,-999,-999,1
104.5,56,22,2,-116.886,4,-126.152,5,5,20,0,-999,-999,1
104.5,56,22,2,-116.886,7,-126.47,7,7,0,1,-999,-999,1
104.5,56,22,2,-116.886,5,-127.441,4,5,10,1,-999,-999,1
104.5,56,22,2,-116.886,3,-136.212,0,0,20,0,-999,-999,1
104.5,58,34,7,-127.907,2,-116.367,5,6,20,0,-999,-999,0
104.5,58,34,7,-127.907,5,-116.638,4,5,10,1,-999,-999,0
104.5,58,34,7,-127.907,6,-124.916,6,6,0,1,-999,-999,0
104.5,58,34,7,-127.907,4,-146.426,5,5,20,0,-999,-999,0
104.5,58,34,7,-127.907,1,-147.602,6,7,20,0,-999,-999,0
104.5,58,34,7,-127.907,3,-165.658,0,0,20,0,-999,-999,0
104.5,60,72,6,-138.434,1,-143.63,6,7,20,0,-999,-999,0
104.5,60,72,6,-138.434,4,-147.341,5,5,20,0,-999,-999,0
104.5,60,72,6,-138.434,3,-148.345,0,0,20,0,-999,-999,0
104.5,60,72,6,-138.434,5,-149.533,4,5,10,1,-999,-999,0
104.5,60,72,6,-138.434,2,-152.636,5,6,20,0,-999,-999,0
104.5,60,72,6,-138.434,7,-173.978,7,7,0,1,-999,-999,0
104.5,68,56,6,-138.876,2,-103.136,5,6,20,0,-999,-999,0
104.5,68,56,6,-138.876,5,-109.579,4,5,10,1,-999,-999,0
104.5,68,56,6,-138.876,4,-134.516,5,5,20,0,-999,-999,0
104.5,68,56,6,-138.876,1,-136.041,6,7,20,0,-999,-999,0
104.5,68,56,6,-138.876,3,-142.968,0,0,20,0,-999,-999,0
104.5,68,56,6,-138.876,7,-143.039,7,7,0,1,-999,-999,0
104.5,70,48,6,-121.989,1,-99.278,6,7,20,0,-999,-999,0
104.5,70,48,6,-121.989,3,-128.128,0,0,20,0,-999,-999,0
104.5,70,48,6,-121.989,2,-135.699,5,6,20,0,-999,-999,0
104.5,70,48,6,-121.989,4,-141.591,5,5,20,0,-999,-999,0
104.5,70,48,6,-121.989,5,-144.925,4,5,10,1,-999,-999,0
104.5,70,48,6,-121.989,7,-147.436,7,7,0,1,-999,-999,0
104.5,72,89,7,-135.773,4,-146.672,5,5,20,0,-999,-999,0
104.5,72,89,7,-135.773,1,-147.224,6,7,20,0,-999,-999,0
104.5,72,89,7,-135.773,2,-155.154,5,6,20,0,-999,-999,0
104.5,72,89,7,-135.773,6,-155.792,6,6,0,1,-999,-999,0
104.5,72,89,7,-135.773,5,-157.879,4,5,10,1,-999,-999,0
104.5,72,89,7,-135.773,3,-170.896,0,0,20,0,-999,-999,0
104.5,73,26,4,-94.0769,5,-90.3986,4,5,10,1,-999,-999,0
104.5,73,26,4,-94.0769,2,-92.9349,5,6,20,0,-999,-999,0
104.5,73,26,4,-94.0769,1,-98.9345,6,7,20,0,-999,-999,0
104.5,73,26,4,-94.0769,6,-113.503,6,6,0,1,-999,-999,0
104.5,73,26,4,-94.0769,3,-141.223,0,0,20,0,-999,-999,0
104.5,73,26,4,-94.0769,7,-143.395,7,7,0,1,-999,-999,0
104.5,77,64,6,-129.626,7,-134.1,7,7,0,1,-999,-999,0
104.5,77,64,6,-129.626,1,-144.279,6,7,20,0,-999,-999,0
104.5,77,64,6,-129.626,5,-147.593,4,5,10,1,-999,-999,0
104.5,77,64,6,-129.626,4,-152.295,5,5,20,0,-999,-999,0
104.5,77,64,6,-129.626,2,-152.432,5,6,20,0,-999,-999,0
104.5,77,64,6,-129.626,3,-156.74,0,0,20,0,-999,-999,0
104.5,80,8,1,-116.48,2,-88.2478,5,6,20,0,-999,-999,0
104.5,80,8,1,-116.48,7,-117.856,7,7,0,1,-999,-999,0
104.5,80,8,1,-116.48,4,-120.107,5,5,20,0,-999,-999,0
104.5,80,8,1,-116.48,6,-132.528,6,6,0,1,-999,-999,0
104.5,80,8,1,-116.48,5,-144.921,4,5,10,1,-999,-999,0
104.5,80,8,1,-116.48,3,-146.474,0,0,20,0,-999,-999,0
104.5,86,37,5,-143.414,7,-134.087,7,7,0,1,-999,-999,0
104.5,86,37,5,-143.414,6,-139.527,6,6,0,1,-999,-999,0
104.5,86,37,5,-143.414,4,-144.97,5,5,20,0,-999,-999,0
104.5,86,37,5,-143.414,1,-152.09,6,7,20,0,-999,-999,0
104.5,86,37,5,-143.414,2,-161.803,5,6,20,0,-999,-999,0
104.5,86,37,5,-143.414,3,-171.535,0,0,20,0,-999,-999,0
104.5,89,16,1,-83.3206,6,-96.2732,6,6,0,1,-999,-999,0
104.5,89,16,1,-83.3206,5,-116.117,4,5,10,1,-999,-999,0
104.5,89,16,1,-83.3206,4,-128.464,5,5,20,0,-999,-999,0
104.5,89,16,1,-83.3206,7,-130.1,7,7,0,1,-999,-999,0
104.5,89,16,1,-83.3206,3,-136.413,0,0,20,0,-999,-999,0
104.5,89,16,1,-83.3206,2,-138.187,5,6,20,0,-999,-999,0
104.5,95,23,4,-136.546,1,-101.324,6,7,20,0,-999,-999,0
104.5,95,23,4,-136.546,7,-133.497,7,7,0,1,-999,-999,0
104.5,95,23,4,-136.546,2,-135.781,5,6,20,0,-999,-999,0
104.5,95,23,4,-136.546,5,-138.484,4,5,10,1,-999,-999,0
104.5,95,23,4,-136.546,6,-142.512,6,6,0,1,-999,-999,0
104.5,95,23,4,-136.546,3,-153.174,0,0,20,0,-999,-999,0
104.5,98,24,2,-99.7149,1,-124.976,6,7,20,0,-999,-999,0
104.5,98,24,2,-99.7149,7,-128.662,7,7,0,1,-999,-999,0
104.5,98,24,2,-99.7149,5,-130.819,4,5,10,1,-999,-999,0
104.5,98,24,2,-99.7149,4,-133.314,5,5,20,0,-999,-999,0
104.5,98,24,2,-99.7149,6,-141.378,6,6,0,1,-999,-999,0
104.5,98,24,2,-99.7149,3,-150.658,0,0,20,0,-999,-999,0
104.5,100,16,6,-138.121,2,-150.089,5,6,20,0,-999,-999,0
104.5,100,16,6,-138.121,5,-153.918,4,5,10,1,-999,-999,0
104.5,100,16,6,-138.121,1,-153.995,6,7,20,0,-999,-999,0
104.5,100,16,6,-138.121,3,-155.428,0,0,20,0,-999,-999,0
104.5,100,16,6,-138.121,4,-155.792,5,5,20,0,-999,-999,0
104.5,100,16,6,-138.121,7,-161.248,7,7,0,1,-999,-999,0
104.5,107,14,1,-139.792,2,-97.5386,5,6,20,0,-999,-999,0
104.5,107,14,1,-139.792,4,-99.5892,5,5,20,0,-999,-999,0
104.5,107,14,1,-139.792,6,-108.004,6,6,0,1,-999,-999,0
104.5,107,14,1,-139.792,5,-108.601,4,5,10,1,-999,-999,0
104.5,107,14,1,-139.792,7,-141.344,7,7,0,1,-999,-999,0
104.5,107,14,1,-139.792,3,-151.14,0,0,20,0,-999,-999,0
106.5,13,27,2,-80.3032,4,-77.9926,5,5,20,0,-999,-999,0
106.5,13,27,2,-80.3032,5,-88.7041,5,5,10,1,-999,-999,0
106.5,13,27,2,-80.3032,1,-120.755,6,6,20,0,-999,-999,0
106.5,13,27,2,-80.3032,3,-141.784,0,0,20,0,-999,-999,0
106.5,13,27,2,-80.3032,7,-145.789,6,6,0,1,-999,-999,0
106.5,13,27,2,-80.3032,6,-150.693,6,6,0,1,-999,-999,0
106.5,22,24,4,-127.308,7,-103.859,6,6,0,1,-999,-999,0
106.5,22,24,4,-127.308,1,-123.469,6,6,20,0,-999,-999,0
106.5,22,24,4,-127.308,5,-131.155,5,5,10,1,-999,-999,0
106.5,22,24,4,-127.308,2,-131.864,5,5,20,0,-999,-999,0
106.5,22,24,4,-127.308,6,-140.664,6,6,0,1,-999,-999,0
106.5,22,24,4,-127.308,3,-157.275,0,0,20,0,-999,-999,0
106.5,26,32,6,-132.169,1,-114.605,6,6,20,0,-999,-999,0
106.5,26,32,6,-132.169,2,-120.09,5,5,20,0,-999,-999,0
106.5,26,32,6,-132.169,3,-122.234,0,0,20,0,-999,-999,0
106.5,26,32,6,-132.169,7,-128.895,6,6,0,1,-999,-999,0
106.5,26,32,6,-132.169,5,-139.249,5,5,10,1,-999,-999,0
106.5,26,32,6,-132.169,4,-142.466,5,5,20,0,-999,-999,0
106.5,29,42,7,-140.899,1,-130.825,6,6,20,0,-999,-999,0
106.5,29,42,7,-140.899,5,-144.838,5,5,10,1,-999,-999,0
106.5,29,42,7,-140.899,4,-147.826,5,5,20,0,-999,-999,0
106.5,29,42,7,-140.899,2,-151.871,5,5,20,0,-999,-999,0
106.5,29,42,7,-140.899,6,-155.081,6,6,0,1,-999,-999,0
106.5,29,42,7,-140.899,3,-168.048,0,0,20,0,-999,-999,0
106.5,31,15,1,-118.855,7,-130.335,6,6,0,1,-999,-999,0
106.5,31,15,1,-118.855,4,-131.293,5,5,20,0,-999,-999,0
106.5,31,15,1,-118.855,6,-135.935,6,6,0,1,-999,-999,0
106.5,31,15,1,-118.855,2,-146.982,5,5,20,0,-999,-999,0
106.5,31,15,1,-118.855,5,-156.324,5,5,10,1,-999,-999,0
106.5,31,15,1,-118.855,3,-159.642,0,0,20,0,-999,-999,0
106.5,32,23,2,-114.459,4,-115.938,5,5,20,0,-999,-999,0
106.5,32,23,2,-114.459,1,-117.46,6,6,20,0,-999,-999,0
106.5,32,23,2,-114.459,5,-124.249,5,5,10,1,-999,-999,0
106.5,32,23,2,-114.459,6,-135.123,6,6,0,1,-999,-999,0
106.5,32,23,2,-114.459,7,-145.02,6,6,0,1,-999,-999,0
106.5,32,23,2,-114.459,3,-146.245,0,0,20,0,-999,-999,0
106.5,36,47,5,-107.995,2,-96.6369,5,5,20,0,-999,-999,0
106.5,36,47,5,-107.995,4,-112.727,5,5,20,0,-999,-999,0
106.5,36,47,5,-107.995,1,-120.906,6,6,20,0,-999,-999,0
106.5,36,47,5,-107.995,7,-140.971,6,6,0,1,-999,-999,0
106.5,36,47,5,-107.995,3,-146.764,0,0,20,0,-999,-999,0
106.5,36,47,5,-107.995,6,-168.379,6,6,0,1,-999,-999,0
106.5,38,11,1,-138.397,5,-130.935,5,5,10,1,-999,-999,0
106.5,38,11,1,-138.397,6,-134.35,6,6,0,1,-999,-999,0
106.5,38,11,1,-138.397,2,-137.781,5,5,20,0,-999,-999,0
106.5,38,11,1,-138.397,4,-148.55,5,5,20,0,-999,-999,0
106.5,38,11,1,-138.397,7,-152.335,6,6,0,1,-999,-999,0
106.5,38,11,1,-138.397,3,-153.757,0,0,20,0,-999,-999,0
106.5,41,63,5,-105.713,2,-119.642,5,5,20,0,-999,-999,0
106.5,41,63,5,-105.713,4,-126.453,5,5,20,0,-999,-999,0
106.5,41,63,5,-105.713,7,-131.784,6,6,0,1,-999,-999,0
106.5,41,63,5,-105.713,1,-136.134,6,6,20,0,-999,-999,0
106.5,41,63,5,-105.713,6,-144.773,6,6,0,1,-999,-999,0
106.5,41,63,5,-105.713,3,-153.797,0,0,20,0,-999,-999,0
106.5,42,64,5,-133.054,1,-94.1112,6,6,20,0,-999,-999,0
106.5,42,64,5,-133.054,4,-102.797,5,5,20,0,-999,-999,0
106.5,42,64,5,-133.054,2,-115.035,5,5,20,0,-999,-999,0
106.5,42,64,5,-133.054,7,-137.604,6,6,0,1,-999,-999,0
106.5,42,64,5,-133.054,3,-152.276,0,0,20,0,-999,-999,0
106.5,42,64,5,-133.054,6,-155.005,6,6,0,1,-999,-999,0
106.5,43,81,7,-133.947,5,-132.616,5,5,10,1,-999,-999,0
106.5,43,81,7,-133.947,4,-147.367,5,5,20,0,-999,-999,0
106.5,43,81,7,-133.947,1,-150.759,6,6,20,0,-999,-999,0
106.5,43,81,7,-133.947,6,-156.312,6,6,0,1,-999,-999,0
106.5,43,81,7,-133.947,2,-163.23,5,5,20,0,-999,-999,0
106.5,43,81,7,-133.947,3,-168.43,0,0,20,0,-999,-999,0
106.5,44,21,4,-149.571,1,-108.187,6,6,20,0,-999,-999,1
106.5,44,21,4,-149.571,7,-114.204,6,6,0,1,-999,-999,1
106.5,44,21,4,-149.571,5,-115.863,5,5,10,1,-999,-999,1
106.5,44,21,4,-149.571,6,-132.176,6,6,0,1,-999,-999,1
106.5,44,21,4,-149.571,2,-132.571,5,5,20,0,-999,-999,1
106.5,44,21,4,-149.571,3,-133.281,0,0,20,0,-999,-999,1
106.5,46,27,4,-100.984,2,-110.627,5,5,20,0,-999,-999,0
106.5,46,27,4,-100.984,1,-118.573,6,7,20,0,-999,-999,0
106.5,46,27,4,-100.984,7,-119.405,6,6,0,1,-999,-999,0
106.5,46,27,4,-100.984,5,-135.739,5,5,10,1,-999,-999,0
106.5,46,27,4,-100.984,6,-146.647,6,6,0,1,-999,-999,0
106.5,46,27,4,-100.984,3,-158.791,0,0,20,0,-999,-999,0
106.5,47,26,2,-89.9348,5,-110.821,5,5,10,1,-999,-999,0
106.5,47,26,2,-89.9348,1,-118.393,6,7,20,0,-999,-999,0
106.5,47,26,2,-89.9348,4,-130.686,5,5,20,0,-999,-999,0
106.5,47,26,2,-89.9348,6,-133.889,6,6,0,1,-999,-999,0
106.5,47,26,2,-89.9348,3,-138.462,0,0,20,0,-999,-999,0
106.5,47,26,2,-89.9348,7,-141.818,6,6,0,1,-999,-999,0
106.5,50,21,2,-67.5559,5,-100.522,5,5,10,1,-999,-999,0
106.5,50,21,2,-67.5559,1,-108.085,6,7,20,0,-999,-999,0
106.5,50,21,2,-67.5559,3,-136.318,0,0,20,0,-999,-999,0
106.5,50,21,2,-67.5559,4,-137.349,5,5,20,0,-999,-999,0
106.5,50,21,2,-67.5559,7,-149.551,6,6,0,1,-999,-999,0
106.5,50,21,2,-67.5559,6,-152.673,6,6,0,1,-999,-999,0
106.5,51,98,7,-109.682,5,-115.963,5,5,10,1,-999,-999,0
106.5,51,98,7,-109.682,1,-131.356,6,7,20,0,-999,-999,0
106.5,51,98,7,-109.682,4,-142.197,5,5,20,0,-999,-999,0
106.5,51,98,7,-109.682,2,-151.246,5,5,20,0,-999,-999,0
106.5,51,98,7,-109.682,6,-156.357,6,6,0,1,-999,-999,0
106.5,51,98,7,-109.682,3,-160.086,0,0,20,0,-999,-999,0
106.5,53,65,5,-148.244,2,-113.618,5,5,20,0,-999,-999,0
106.5,53,65,5,-148.244,1,-127.783,6,7,20,0,-999,-999,0
106.5,53,65,5,-148.244,6,-130.267,6,6,0,1,-999,-999,0
106.5,53,65,5,-148.244,7,-134.001,6,6,0,1,-999,-999,0
106.5,53,65,5,-148.244,4,-147.037,5,5,20,0,-999,-999,0
106.5,53,65,5,-148.244,3,-165.383,0,0,20,0,-999,-999,0
106.5,54,25,7,-123.538,4,-137.565,5,5,20,0,-999,-999,0
106.5,54,25,7,-123.538,2,-138.739,5,5,20,0,-999,-999,0
106.5,54,25,7,-123.538,1,-150.818,6,7,20,0,-999,-999,0
106.5,54,25,7,-123.538,5,-151.003,5,5,10,1,-999,-999,0
106.5,54,25,7,-123.538,3,-165.288,0,0,20,0,-999,-999,0
106.5,54,25,7,-123.538,6,-168.838,6,6,0,1,-999,-999,0
106.5,56,17,1,-93.8146,2,-99.3708,5,5,20,0,-999,-999,0
106.5,56,17,1,-93.8146,5,-121.809,5,5,10,1,-999,-999,0
106.5,56,17,1,-93.8146,4,-130.294,5,5,20,0,-999,-999,0
106.5,56,17,1,-93.8146,3,-132.99,0,0,20,0,-999,-999,0
106.5,56,17,1,-93.8146,7,-145.888,6,6,0,1,-999,-999,0
106.5,56,17,1,-93.8146,6,-160.776,6,6,0,1,-999,-999,0
106.5,58,34,7,-97.382,5,-137.636,5,5,10,1,-999,-999,0
106.5,58,34,7,-97.382,4,-138.04,5,5,20,0,-999,-999,0
106.5,58,34,7,-97.382,2,-148.642,5,5,20,0,-999,-999,0
106.5,58,34,7,-97.382,1,-156.652,6,7,20,0,-999,-999,0
106.5,58,34,7,-97.382,6,-158.748,6,6,0,1,-999,-999,0
106.5,58,34,7,-97.382,3,-161.667,0,0,20,0,-999,-999,0
106.5,60,72,6,-103.158,1,-133.51,6,7,20,0,-999,-999,0
106.5,60,72,6,-103.158,2,-134.537,5,5,20,0,-999,-999,0
106.5,60,72,6,-103.158,3,-144.108,0,0,20,0,-999,-999,0
106.5,60,72,6,-103.158,4,-156.162,5,5,20,0,-999,-999,0
106.5,60,72,6,-103.158,5,-157.948,5,5,10,1,-999,-999,0
106.5,60,72,6,-103.158,7,-176.959,6,6,0,1,-999,-999,0
106.5,68,56,6,-127.894,5,-107.226,5,5,10,1,-999,-999,0
106.5,68,56,6,-127.894,2,-116.34,5,5,20,0,-999,-999,0
106.5,68,56,6,-127.894,1,-135.467,6,7,20,0,-999,-999,0
106.5,68,56,6,-127.894,4,-143.04,5,5,20,0,-999,-999,0
106.5,68,56,6,-127.894,3,-145.791,0,0,20,0,-999,-999,0
106.5,68,56,6,-127.894,7,-149.206,6,6,0,1,-999,-999,0
106.5,70,48,6,-130.999,2,-99.5877,5,5,20,0,-999,-999,0
106.5,70,48,6,-130.999,3,-124.352,0,0,20,0,-999,-999,0
106.5,70,48,6,-130.999,5,-136.608,5,5,10,1,-999,-999,0
106.5,70,48,6,-130.999,4,-139.166,5,5,20,0,-999,-999,0
106.5,70,48,6,-130.999,1,-139.708,6,7,20,0,-999,-999,0
106.5,70,48,6,-130.999,7,-150.635,6,6,0,1,-999,-999,0
106.5,72,89,7,-141.869,1,-109.021,6,7,20,0,-999,-999,0
106.5,72,89,7,-141.869,6,-141.886,6,6,0,1,-999,-999,0
106.5,72,89,7,-141.869,2,-142.689,5,5,20,0,-999,-999,0
106.5,72,89,7,-141.869,4,-146.618,5,5,20,0,-999,-999,0
106.5,72,89,7,-141.869,5,-162.403,5,5,10,1,-999,-999,0
106.5,72,89,7,-141.869,3,-170.282,0,0,20,0,-999,-999,0
106.5,73,26,4,-127.034,5,-127.624,5,5,10,1,-999,-999,0
106.5,73,26,4,-127.034,2,-130.601,5,5,20,0,-999,-999,0
106.5,73,26,4,-127.034,1,-134.94,6,7,20,0,-999,-999,0
106.5,73,26,4,-127.034,7,-141.259,6,6,0,1,-999,-999,0
106.5,73,26,4,-127.034,3,-141.714,0,0,20,0,-999,-999,0
106.5,73,26,4,-127.034,6,-141.747,6,6,0,1,-999,-999,0
106.5,77,64,6,-128.631,5,-107.844,5,5,10,1,-999,-999,0
106.5,77,64,6,-128.631,1,-126.896,6,7,20,0,-999,-999,0
106.5,77,64,6,-128.631,2,-128.78,5,5,20,0,-999,-999,0
106.5,77,64,6,-128.631,7,-131.81,6,6,0,1,-999,-999,0
106.5,77,64,6,-128.631,4,-150.825,5,5,20,0,-999,-999,0
106.5,77,64,6,-128.631,3,-156.617,0,0,20,0,-999,-999,0
106.5,80,8,1,-107.606,2,-101.658,5,5,20,0,-999,-999,2
106.5,80,8,1,-107.606,4,-122.114,5,5,20,0,-999,-999,2
106.5,80,8,1,-107.606,5,-128.25,5,5,10,1,-999,-999,2
106.5,80,8,1,-107.606,6,-137.281,6,6,0,1,-999,-999,2
106.5,80,8,1,-107.606,3,-138.071,0,0,20,0,-999,-999,2
106.5,80,8,1,-107.606,7,-145.962,6,6,0,1,-999,-999,2
106.5,86,37,5,-146.961,7,-117.772,6,6,0,1,-999,-999,0
106.5,86,37,5,-146.961,6,-127.828,6,6,0,1,-999,-999,0
106.5,86,37,5,-146.961,2,-143.061,5,6,20,0,-999,-999,0
106.5,86,37,5,-146.961,4,-151.192,5,5,20,0,-999,-999,0
106.5,86,37,5,-146.961,1,-151.927,6,7,20,0,-999,-999,0
106.5,86,37,5,-146.961,3,-177.551,0,0,20,0,-999,-999,0
106.5,89,16,1,-127.572,6,-110.357,6,6,0,1,-999,-999,0
106.5,89,16,1,-127.572,7,-114.501,6,6,0,1,-999,-999,0
106.5,89,16,1,-127.572,5,-130.184,5,5,10,1,-999,-999,0
106.5,89,16,1,-127.572,2,-136.763,5,6,20,0,-999,-999,0
106.5,89,16,1,-127.572,3,-137.749,0,0,20,0,-999,-999,0
106.5,89,16,1,-127.572,4,-141.37,5,5,20,0,-999,-999,0
106.5,95,23,4,-134.909,5,-134.964,5,5,10,1,-999,-999,0
106.5,95,23,4,-134.909,2,-135.326,5,6,20,0,-999,-999,0
106.5,95,23,4,-134.909,6,-139.74,6,6,0,1,-999,-999,0
106.5,95,23,4,-134.909,1,-143.301,6,7,20,0,-999,-999,0
106.5,95,23,4,-134.909,7,-143.494,6,6,0,1,-999,-999,0
106.5,95,23,4,-134.909,3,-150.185,0,0,20,0,-999,-999,0
106.5,98,24,2,-115.101,1,-103.814,6,7,20,0,-999,-999,0
106.5,98,24,2,-115.101,7,-115.397,6,6,0,1,-999,-999,0
106.5,98,24,2,-115.101,5,-133.22,5,5,10,1,-999,-999,0
106.5,98,24,2,-115.101,4,-133.983,5,5,20,0,-999,-999,0
106.5,98,24,2,-115.101,3,-149.202,0,0,20,0,-999,-999,0
106.5,98,24,2,-115.101,6,-154.964,6,6,0,1,-999,-999,0
106.5,100,16,6,-107.521,5,-143.5,5,5,10,1,-999,-999,0
106.5,100,16,6,-107.521,2,-154.352,5,6,20,0,-999,-999,0
106.5,100,16,6,-107.521,4,-157.376,5,5,20,0,-999,-999,0
106.5,100,16,6,-107.521,1,-160.227,6,7,20,0,-999,-999,0
106.5,100,16,6,-107.521,7,-161.107,6,6,0,1,-999,-999,0
106.5,100,16,6,-107.521,3,-162.426,0,0,20,0,-999,-999,0
106.5,107,14,1,-104.495,4,-102.507,5,5,20,0,-999,-999,0
106.5,107,14,1,-104.495,2,-110.233,5,6,20,0,-999,-999,0
106.5,107,14,1,-104.495,5,-134.991,5,5,10,1,-999,-999,0
106.5,107,14,1,-104.495,7,-139.357,6,6,0,1,-999,-999,0
106.5,107,14,1,-104.495,6,-146.689,6,6,0,1,-999,-999,0
106.5,107,14,1,-104.495,3,-157.295,0,0,20,0,-999,-999,0
108.5,13,27,2,-123.05,1,-116.697,6,6,20,0,-999,-999,0
108.5,13,27,2,-123.05,4,-119.441,4,4,20,0,-999,-999,0
108.5,13,27,2,-123.05,5,-129.881,5,5,10,1,-999,-999,0
108.5,13,27,2,-123.05,6,-140.748,6,6,0,1,-999,-999,0
108.5,13,27,2,-123.05,3,-140.916,0,0,20,0,-999,-999,0
108.5,13,27,2,-123.05,7,-146.83,7,7,0,1,-999,-999,0
108.5,22,24,4,-132.059,7,-90.1747,7,7,0,1,-999,-999,0
108.5,22,24,4,-132.059,5,-99.2714,5,5,10,1,-999,-999,0
108.5,22,24,4,-132.059,1,-133.52,6,6,20,0,-999,-999,0
108.5,22,24,4,-132.059,2,-134.374,6,6,20,0,-999,-999,0
108.5,22,24,4,-132.059,3,-155.476,0,0,20,0,-999,-999,0
108.5,22,24,4,-132.059,6,-157.564,6,6,0,1,-999,-999,0
108.5,26,32,6,-127.337,5,-115.599,5,5,10,1,-999,-999,0
108.5,26,32,6,-127.337,1,-122.708,6,6,20,0,-999,-999,0
108.5,26,32,6,-127.337,2,-139.015,6,6,20,0,-999,-999,0
108.5,26,32,6,-127.337,3,-139.679,0,0,20,0,-999,-999,0
108.5,26,32,6,-127.337,4,-145.812,4,4,20,0,-999,-999,0
108.5,26,32,6,-127.337,7,-145.934,7,7,0,1,-999,-999,0
108.5,29,42,7,-145.119,5,-109.692,5,5,10,1,-999,-999,0
108.5,29,42,7,-145.119,1,-110.842,6,6,20,0,-999,-999,0
108.5,29,42,7,-145.119,2,-115.982,6,6,20,0,-999,-999,0
108.5,29,42,7,-145.119,4,-145.089,4,4,20,0,-999,-999,0
108.5,29,42,7,-145.119,6,-150.486,6,6,0,1,-999,-999,0
108.5,29,42,7,-145.119,3,-167.16,0,0,20,0,-999,-999,0
108.5,31,15,1,-129.25,7,-126.618,7,7,0,1,-999,-999,0
108.5,31,15,1,-129.25,2,-127.069,6,6,20,0,-999,-999,0
108.5,31,15,1,-129.25,6,-130.146,6,6,0,1,-999,-999,0
108.5,31,15,1,-129.25,4,-137.177,4,4,20,0,-999,-999,0
108.5,31,15,1,-129.25,3,-159.207,0,0,20,0,-999,-999,0
108.5,31,15,1,-129.25,5,-159.693,5,5,10,1,-999,-999,0
108.5,32,23,2,-75.3108,4,-102.81,4,4,20,0,-999,-999,0
108.5,32,23,2,-75.3108,6,-114.151,6,6,0,1,-999,-999,0
108.5,32,23,2,-75.3108,5,-122.127,5,5,10,1,-999,-999,0
108.5,32,23,2,-75.3108,1,-131.845,6,6,20,0,-999,-999,0
108.5,32,23,2,-75.3108,7,-149.556,7,7,0,1,-999,-999,0
108.5,32,23,2,-75.3108,3,-150.089,0,0,20,0,-999,-999,0
108.5,36,47,5,-115.492,4,-110.091,4,4,20,0,-999,-999,0
108.5,36,47,5,-115.492,2,-114.084,6,6,20,0,-999,-999,0
108.5,36,47,5,-115.492,1,-124.741,6,6,20,0,-999,-999,0
108.5,36,47,5,-115.492,3,-145.695,0,0,20,0,-999,-999,0
108.5,36,47,5,-115.492,7,-159.404,7,7,0,1,-999,-999,0
108.5,36,47,5,-115.492,6,-170.3,6,6,0,1,-999,-999,0
108.5,38,11,1,-100.269,2,-101.501,6,6,20,0,-999,-999,0
108.5,38,11,1,-100.269,6,-132.126,6,6,0,1,-999,-999,0
108.5,38,11,1,-100.269,5,-140.15,5,5,10,1,-999,-999,0
108.5,38,11,1,-100.269,4,-140.818,4,4,20,0,-999,-999,0
108.5,38,11,1,-100.269,3,-150.89,0,0,20,0,-999,-999,0
108.5,38,11,1,-100.269,7,-151.095,7,7,0,1,-999,-999,0
108.5,41,63,5,-93.1699,2,-93.7115,6,6,20,0,-999,-999,0
108.5,41,63,5,-93.1699,4,-102.118,4,4,20,0,-999,-999,0
108.5,41,63,5,-93.1699,1,-134.287,6,6,20,0,-999,-999,0
108.5,41,63,5,-93.1699,7,-137.94,7,7,0,1,-999,-999,0
108.5,41,63,5,-93.1699,6,-146.174,6,6,0,1,-999,-999,0
108.5,41,63,5,-93.1699,3,-152.8,0,0,20,0,-999,-999,0
108.5,42,64,5,-99.3882,6,-113.608,6,6,0,1,-999,-999,0
108.5,42,64,5,-99.3882,1,-123.71,6,6,20,0,-999,-999,0
108.5,42,64,5,-99.3882,2,-127.756,6,6,20,0,-999,-999,0
108.5,42,64,5,-99.3882,4,-130.417,4,4,20,0,-999,-999,0
108.5,42,64,5,-99.3882,7,-137.881,7,7,0,1,-999,-999,0
108.5,42,64,5,-99.3882,3,-147.658,0,0,20,0,-999,-999,0
108.5,43,81,7,-96.4486,5,-107.953,5,5,10,1,-999,-999,0
108.5,43,81,7,-96.4486,1,-150.551,6,6,20,0,-999,-999,0
108.5,43,81,7,-96.4486,4,-151.255,4,4,20,0,-999,-999,0
108.5,43,81,7,-96.4486,2,-156.083,6,6,20,0,-999,-999,0
108.5,43,81,7,-96.4486,6,-156.638,6,6,0,1,-999,-999,0
108.5,43,81,7,-96.4486,3,-167.564,0,0,20,0,-999,-999,0
108.5,44,18,1,-132.218,6,-132.881,6,6,0,1,-999,-999,0
108.5,44,18,1,-132.218,2,-133.521,6,6,20,0,-999,-999,0
108.5,44,18,1,-132.218,5,-134.036,5,5,10,1,-999,-999,0
108.5,44,18,1,-132.218,4,-134.846,4,4,20,0,-999,-999,0
108.5,44,18,1,-132.218,3,-137.521,0,0,20,0,-999,-999,0
108.5,44,18,1,-132.218,7,-143.139,7,7,0,1,-999,-999,0
108.5,46,27,4,-93.7371,5,-90.741,5,5,10,1,-999,-999,0
108.5,46,27,4,-93.7371,1,-103.182,6,6,20,0,-999,-999,0
108.5,46,27,4,-93.7371,2,-125.036,6,6,20,0,-999,-999,0
108.5,46,27,4,-93.7371,7,-137.912,7,7,0,1,-999,-999,0
108.5,46,27,4,-93.7371,3,-152.094,0,0,20,0,-999,-999,0
108.5,46,27,4,-93.7371,6,-175.379,6,6,0,1,-999,-999,0
108.5,47,26,2,-112.074,5,-96.1521,5,5,10,1,-999,-999,0
108.5,47,26,2,-112.074,4,-113.522,4,4,20,0,-999,-999,0
108.5,47,26,2,-112.074,1,-126.726,6,6,20,0,-999,-999,0
108.5,47,26,2,-112.074,3,-141.191,0,0,20,0,-999,-999,0
108.5,47,26,2,-112.074,6,-143.83,6,6,0,1,-999,-999,0
108.5,47,26,2,-112.074,7,-145.151,7,7,0,1,-999,-999,0
108.5,50,21,2,-88.9839,5,-114.262,5,5,10,1,-999,-999,0
108.5,50,21,2,-88.9839,4,-133.024,4,4,20,0,-999,-999,0
108.5,50,21,2,-88.9839,1,-136.129,6,6,20,0,-999,-999,0
108.5,50,21,2,-88.9839,3,-136.896,0,0,20,0,-999,-999,0
108.5,50,21,2,-88.9839,7,-153.132,7,7,0,1,-999,-999,0
108.5,50,21,2,-88.9839,6,-161.228,6,6,0,1,-999,-999,0
108.5,51,98,7,-134.448,2,-112.104,6,6,20,0,-999,-999,0
108.5,51,98,7,-134.448,4,-132.177,4,4,20,0,-999,-999,0
108.5,51,98,7,-134.448,1,-144.794,6,6,20,0,-999,-999,0
108.5,51,98,7,-134.448,5,-145.687,5,5,10,1,-999,-999,0
108.5,51,98,7,-134.448,6,-154.884,6,6,0,1,-999,-999,0
108.5,51,98,7,-134.448,3,-164.548,0,0,20,0,-999,-999,0
108.5,53,65,5,-149.294,7,-99.3046,7,7,0,1,-999,-999,0
108.5,53,65,5,-149.294,2,-113.425,6,6,20,0,-999,-999,0
108.5,53,65,5,-149.294,6,-120.189,6,6,0,1,-999,-999,0
108.5,53,65,5,-149.294,1,-145.785,6,6,20,0,-999,-999,0
108.5,53,65,5,-149.294,4,-154.077,4,4,20,0,-999,-999,0
108.5,53,65,5,-149.294,3,-166.161,0,0,20,0,-999,-999,0
108.5,54,25,7,-120.39,2,-118.16,6,6,20,0,-999,-999,0
108.5,54,25,7,-120.39,4,-135.244,4,4,20,0,-999,-999,0
108.5,54,25,7,-120.39,1,-143.768,6,6,20,0,-999,-999,0
108.5,54,25,7,-120.39,5,-151.068,5,5,10,1,-999,-999,0
108.5,54,25,7,-120.39,3,-161.05,0,0,20,0,-999,-999,0
108.5,54,25,7,-120.39,6,-167.305,6,6,0,1,-999,-999,0
108.5,56,17,1,-96.2841,2,-118.564,6,6,20,0,-999,-999,0
108.5,56,17,1,-96.2841,5,-122.593,5,5,10,1,-999,-999,0
108.5,56,17,1,-96.2841,4,-129.541,4,4,20,0,-999,-999,0
108.5,56,17,1,-96.2841,3,-129.834,0,0,20,0,-999,-999,0
108.5,56,17,1,-96.2841,7,-147.462,7,7,0,1,-999,-999,0
108.5,56,17,1,-96.2841,6,-157.776,6,6,0,1,-999,-999,0
108.5,58,34,7,-132.98,5,-106.423,5,5,10,1,-999,-999,0
108.5,58,34,7,-132.98,4,-143.946,4,4,20,0,-999,-999,0
108.5,58,34,7,-132.98,1,-146.638,6,6,20,0,-999,-999,0
108.5,58,34,7,-132.98,6,-149.237,6,6,0,1,-999,-999,0
108.5,58,34,7,-132.98,2,-154.916,6,6,20,0,-999,-999,0
108.5,58,34,7,-132.98,3,-162.212,0,0,20,0,-999,-999,0
108.5,60,72,6,-131.657,2,-123.678,6,6,20,0,-999,-999,0
108.5,60,72,6,-131.657,1,-137.895,6,6,20,0,-999,-999,0
108.5,60,72,6,-131.657,3,-146.257,0,0,20,0,-999,-999,0
108.5,60,72,6,-131.657,4,-149.63,4,4,20,0,-999,-999,0
108.5,60,72,6,-131.657,5,-157.092,5,5,10,1,-999,-999,0
108.5,60,72,6,-131.657,7,-177.132,7,7,0,1,-999,-999,0
108.5,68,56,6,-129.637,5,-98.4266,5,5,10,1,-999,-999,5
108.5,68,56,6,-129.637,2,-135.26,6,6,20,0,-999,-999,5
108.5,68,56,6,-129.637,1,-138.56,6,6,20,0,-999,-999,5
108.5,68,56,6,-129.637,4,-140.109,4,4,20,0,-999,-999,5
108.5,68,56,6,-129.637,3,-148.719,0,0,20,0,-999,-999,5
108.5,68,56,6,-129.637,7,-154.413,7,7,0,1,-999,-999,5
108.5,70,48,6,-92.2751,1,-98.3636,6,6,20,0,-999,-999,0
108.5,70,48,6,-92.2751,3,-130.59,0,0,20,0,-999,-999,0
108.5,70,48,6,-92.2751,2,-133.632,6,6,20,0,-999,-999,0
108.5,70,48,6,-92.2751,5,-141.501,5,6,10,1,-999,-999,0
108.5,70,48,6,-92.2751,4,-144.875,4,4,20,0,-999,-999,0
108.5,70,48,6,-92.2751,7,-148.286,7,7,0,1,-999,-999,0
108.5,72,89,7,-135.734,1,-111.984,6,6,20,0,-999,-999,0
108.5,72,89,7,-135.734,4,-124.946,4,4,20,0,-999,-999,0
108.5,72,89,7,-135.734,6,-136.79,6,6,0,1,-999,-999,0
108.5,72,89,7,-135.734,2,-152.94,6,6,20,0,-999,-999,0
108.5,72,89,7,-135.734,5,-157.142,5,6,10,1,-999,-999,0
108.5,72,89,7,-135.734,3,-175.18,0,0,20,0,-999,-999,0
108.5,73,26,4,-131.835,2,-87.9041,6,6,20,0,-999,-999,0
108.5,73,26,4,-131.835,5,-90.4394,5,6,10,1,-999,-999,0
108.5,73,26,4,-131.835,1,-135.104,6,6,20,0,-999,-999,0
108.5,73,26,4,-131.835,6,-135.654,6,6,0,1,-999,-999,0
108.5,73,26,4,-131.835,3,-137.04,0,0,20,0,-999,-999,0
108.5,73,26,4,-131.835,7,-142.432,7,7,0,1,-999,-999,0
108.5,77,64,6,-92.4743,5,-108.236,5,6,10,1,-999,-999,0
108.5,77,64,6,-92.4743,7,-108.942,7,7,0,1,-999,-999,0
108.5,77,64,6,-92.4743,1,-142.092,6,6,20,0,-999,-999,0
108.5,77,64,6,-92.4743,2,-147.859,6,6,20,0,-999,-999,0
108.5,77,64,6,-92.4743,4,-153.31,4,4,20,0,-999,-999,0
108.5,77,64,6,-92.4743,3,-163.579,0,0,20,0,-999,-999,0
108.5,80,28,2,-87.6465,4,-97.2882,4,4,20,0,-999,-999,0
108.5,80,28,2,-87.6465,1,-103.854,6,6,20,0,-999,-999,0
108.5,80,28,2,-87.6465,7,-110.775,7,7,0,1,-999,-999,0
108.5,80,28,2,-87.6465,6,-114.569,6,6,0,1,-999,-999,0
108.5,80,28,2,-87.6465,5,-129.981,5,6,10,1,-999,-999,0
108.5,80,28,2,-87.6465,3,-140.724,0,0,20,0,-999,-999,0
108.5,82,106,7,-144.857,2,-106.945,6,6,20,0,-999,-999,0
108.5,82,106,7,-144.857,3,-119.868,0,0,20,0,-999,-999,0
108.5,82,106,7,-144.857,4,-128.509,4,4,20,0,-999,-999,0
108.5,82,106,7,-144.857,5,-137.021,5,6,10,1,-999,-999,0
108.5,82,106,7,-144.857,1,-139.587,6,6,20,0,-999,-999,0
108.5,82,106,7,-144.857,6,-148.357,6,6,0,1,-999,-999,0
108.5,86,37,5,-147.08,7,-137.918,7,7,0,1,-999,-999,0
108.5,86,37,5,-147.08,6,-152.372,6,6,0,1,-999,-999,0
108.5,86,37,5,-147.08,1,-152.504,6,6,20,0,-999,-999,0
108.5,86,37,5,-147.08,4,-153.028,4,4,20,0,-999,-999,0
108.5,86,37,5,-147.08,2,-160.692,6,6,20,0,-999,-999,0
108.5,86,37,5,-147.08,3,-174.925,0,0,20,0,-999,-999,0
108.5,89,16,1,-85.7564,2,-129.706,6,6,20,0,-999,-999,0
108.5,89,16,1,-85.7564,4,-134.856,4,4,20,0,-999,-999,0
108.5,89,16,1,-85.7564,3,-136.968,0,0,20,0,-999,-999,0
108.5,89,16,1,-85.7564,6,-137.986,6,6,0,1,-999,-999,0
108.5,89,16,1,-85.7564,7,-138.44,7,7,0,1,-999,-999,0
108.5,89,16,1,-85.7564,5,-140.66,5,6,10,1,-999,-999,0
108.5,95,23,4,-97.0877,5,-96.2901,5,6,10,1,-999,-999,0
108.5,95,23,4,-97.0877,1,-104.508,6,6,20,0,-999,-999,0
108.5,95,23,4,-97.0877,6,-107.652,6,6,0,1,-999,-999,0
108.5,95,23,4,-97.0877,7,-110.08,7,7,0,1,-999,-999,0
108.5,95,23,4,-97.0877,2,-127.094,6,6,20,0,-999,-999,0
108.5,95,23,4,-97.0877,3,-146.14,0,0,20,0,-999,-999,0
108.5,98,24,2,-128.877,1,-91.0748,6,6,20,0,-999,-999,1
108.5,98,24,2,-128.877,7,-93.5519,7,7,0,1,-999,-999,1
108.5,98,24,2,-128.877,4,-124.86,4,4,20,0,-999,-999,1
108.5,98,24,2,-128.877,5,-129.701,5,6,10,1,-999,-999,1
108.5,98,24,2,-128.877,6,-145.392,6,6,0,1,-999,-999,1
108.5,98,24,2,-128.877,3,-154.194,0,0,20,0,-999,-999,1
108.5,100,16,6,-96.4225,4,-128.9,4,4,20,0,-999,-999,0
108.5,100,16,6,-96.4225,2,-152.786,6,6,20,0,-999,-999,0
108.5,100,16,6,-96.4225,5,-156.512,5,6,10,1,-999,-999,0
108.5,100,16,6,-96.4225,3,-157.196,0,0,20,0,-999,-999,0
108.5,100,16,6,-96.4225,1,-163.02,6,7,20,0,-999,-999,0
108.5,100,16,6,-96.4225,7,-165.901,7,7,0,1,-999,-999,0
108.5,107,14,1,-139.961,4,-104.327,4,4,20,0,-999,-999,0
108.5,107,14,1,-139.961,5,-131.162,5,6,10,1,-999,-999,0
108.5,107,14,1,-139.961,2,-137.142,6,6,20,0,-999,-999,0
108.5,107,14,1,-139.961,7,-138.432,7,7,0,1,-999,-999,0
108.5,107,14,1,-139.961,6,-148.362,6,6,0,1,-999,-999,0
108.5,107,14,1,-139.961,3,-155.019,0,0,20,0,-999,-999,0
110.5,13,27,2,-88.1999,5,-106.72,6,6,10,1,-999,-999,0
110.5,13,27,2,-88.1999,4,-113.305,4,4,20,0,-999,-999,0
110.5,13,27,2,-88.1999,1,-116.277,7,7,20,0,-999,-999,0
110.5,13,27,2,-88.1999,3,-145.54,0,0,20,0,-999,-999,0
110.5,13,27,2,-88.1999,7,-148.589,7,7,0,1,-999,-999,0
110.5,13,27,2,-88.1999,6,-153.692,5,5,0,1,-999,-999,0
110.5,22,24,4,-113.416,5,-112.718,6,6,10,1,-999,-999,0
110.5,22,24,4,-113.416,7,-122.824,7,7,0,1,-999,-999,0
110.5,22,24,4,-113.416,2,-126.531,5,5,20,0,-999,-999,0
110.5,22,24,4,-113.416,1,-141.532,7,7,20,0,-999,-999,0
110.5,22,24,4,-113.416,6,-153.052,5,5,0,1,-999,-999,0
110.5,22,24,4,-113.416,3,-155.897,0,0,20,0,-999,-999,0
110.5,26,32,6,-126.938,2,-121.95,5,5,20,0,-999,-999,0
110.5,26,32,6,-126.938,1,-128.528,7,7,20,0,-999,-999,0
110.5,26,32,6,-126.938,5,-138.37,6,6,10,1,-999,-999,0
110.5,26,32,6,-126.938,3,-139.36,0,0,20,0,-999,-999,0
110.5,26,32,6,-126.938,4,-145.084,4,4,20,0,-999,-999,0
110.5,26,32,6,-126.938,7,-148.361,7,7,0,1,-999,-999,0
110.5,29,42,7,-144.878,6,-134.551,5,5,0,1,-999,-999,0
110.5,29,42,7,-144.878,2,-146.159,5,5,20,0,-999,-999,0
110.5,29,42,7,-144.878,5,-148.572,6,6,10,1,-999,-999,0
110.5,29,42,7,-144.878,4,-149.842,4,4,20,0,-999,-999,0
110.5,29,42,7,-144.878,1,-151.354,7,7,20,0,-999,-999,0
110.5,29,42,7,-144.878,3,-170.626,0,0,20,0,-999,-999,0
110.5,31,15,1,-105.883,7,-128.694,7,7,0,1,-999,-999,0
110.5,31,15,1,-105.883,5,-136.778,6,6,10,1,-999,-999,0
110.5,31,15,1,-105.883,4,-142.875,4,4,20,0,-999,-999,0
110.5,31,15,1,-105.883,2,-153.742,5,5,20,0,-999,-999,0
110.5,31,15,1,-105.883,3,-157.463,0,0,20,0,-999,-999,0
110.5,31,15,1,-105.883,6,-159.306,5,5,0,1,-999,-999,0
110.5,32,23,2,-114.986,4,-103.446,4,4,20,0,-999,-999,0
110.5,32,23,2,-114.986,3,-115.853,0,0,20,0,-999,-999,0
110.5,32,23,2,-114.986,5,-122.649,6,6,10,1,-999,-999,0
110.5,32,23,2,-114.986,1,-131.158,7,7,20,0,-999,-999,0
110.5,32,23,2,-114.986,7,-149.615,7,7,0,1,-999,-999,0
110.5,32,23,2,-114.986,6,-152.206,5,5,0,1,-999,-999,0
110.5,36,47,5,-123.607,4,-97.1675,4,4,20,0,-999,-999,0
110.5,36,47,5,-123.607,1,-115.787,7,7,20,0,-999,-999,0
110.5,36,47,5,-123.607,2,-118.646,5,5,20,0,-999,-999,0
110.5,36,47,5,-123.607,3,-139.671,0,0,20,0,-999,-999,0
110.5,36,47,5,-123.607,7,-146.089,7,7,0,1,-999,-999,0
110.5,36,47,5,-123.607,6,-162.337,5,5,0,1,-999,-999,0
110.5,38,11,1,-142.79,2,-131.166,5,5,20,0,-999,-999,0
110.5,38,11,1,-142.79,6,-135.368,5,5,0,1,-999,-999,0
110.5,38,11,1,-142.79,5,-137.22,6,6,10,1,-999,-999,0
110.5,38,11,1,-142.79,4,-140.258,4,4,20,0,-999,-999,0
110.5,38,11,1,-142.79,7,-143.834,7,7,0,1,-999,-999,0
110.5,38,11,1,-142.79,3,-157.261,0,0,20,0,-999,-999,0
110.5,41,63,5,-135.848,4,-113.301,4,4,20,0,-999,-999,0
110.5,41,63,5,-135.848,7,-117.223,7,7,0,1,-999,-999,0
110.5,41,63,5,-135.848,2,-124.916,5,5,20,0,-999,-999,0
110.5,41,63,5,-135.848,6,-127.445,5,5,0,1,-999,-999,0
110.5,41,63,5,-135.848,1,-135.51,7,7,20,0,-999,-999,0
110.5,41,63,5,-135.848,3,-153.044,0,0,20,0,-999,-999,0
110.5,42,64,5,-133.208,7,-113.835,7,7,0,1,-999,-999,0
110.5,42,64,5,-133.208,2,-116.149,5,5,20,0,-999,-999,0
110.5,42,64,5,-133.208,4,-123.578,4,4,20,0,-999,-999,0
110.5,42,64,5,-133.208,1,-123.847,7,7,20,0,-999,-999,0
110.5,42,64,5,-133.208,6,-128.915,5,5,0,1,-999,-999,0
110.5,42,64,5,-133.208,3,-148.438,0,0,20,0,-999,-999,0
110.5,43,81,7,-130.161,5,-145.229,6,6,10,1,-999,-999,0
110.5,43,81,7,-130.161,4,-146.644,4,4,20,0,-999,-999,0
110.5,43,81,7,-130.161,6,-150.534,5,5,0,1,-999,-999,0
110.5,43,81,7,-130.161,1,-154.343,7,7,20,0,-999,-999,0
110.5,43,81,7,-130.161,2,-158.644,5,5,20,0,-999,-999,0
110.5,43,81,7,-130.161,3,-167.667,0,0,20,0,-999,-999,0
110.5,44,18,1,-130.727,6,-110.417,5,5,0,1,-999,-999,0
110.5,44,18,1,-130.727,2,-126.38,5,5,20,0,-999,-999,0
110.5,44,18,1,-130.727,7,-127.056,7,7,0,1,-999,-999,0
110.5,44,18,1,-130.727,5,-133.252,6,6,10,1,-999,-999,0
110.5,44,18,1,-130.727,3,-136.4,0,0,20,0,-999,-999,0
110.5,44,18,1,-130.727,4,-140.491,4,4,20,0,-999,-999,0
110.5,46,27,4,-93.6821,2,-87.6234,5,5,20,0,-999,-999,0
110.5,46,27,4,-93.6821,1,-100.346,7,7,20,0,-999,-999,0
110.5,46,27,4,-93.6821,5,-110.891,6,6,10,1,-999,-999,0
110.5,46,27,4,-93.6821,7,-117.986,7,7,0,1,-999,-999,0
110.5,46,27,4,-93.6821,3,-159.36,0,0,20,0,-999,-999,0
110.5,46,27,4,-93.6821,6,-172.617,5,5,0,1,-999,-999,0
110.5,47,26,2,-106.889,5,-87.5039,6,6,10,1,-999,-999,5
110.5,47,26,2,-106.889,1,-121.423,7,7,20,0,-999,-999,5
110.5,47,26,2,-106.889,4,-125.696,4,4,20,0,-999,-999,5
110.5,47,26,2,-106.889,3,-135.743,0,0,20,0,-999,-999,5
110.5,47,26,2,-106.889,7,-137.347,7,7,0,1,-999,-999,5
110.5,47,26,2,-106.889,6,-151.117,5,5,0,1,-999,-999,5
110.5,50,21,2,-86.4201,5,-89.7077,6,7,10,1,-999,-999,0
110.5,50,21,2,-86.4201,1,-91.9701,7,7,20,0,-999,-999,0
110.5,50,21,2,-86.4201,4,-134.016,4,4,20,0,-999,-999,0
110.5,50,21,2,-86.4201,6,-138.246,5,5,0,1,-999,-999,0
110.5,50,21,2,-86.4201,3,-141.86,0,0,20,0,-999,-999,0
110.5,50,21,2,-86.4201,7,-164.782,7,7,0,1,-999,-999,0
110.5,51,98,7,-129.25,5,-128.578,6,7,10,1,-999,-999,0
110.5,51,98,7,-129.25,4,-139.032,4,4,20,0,-999,-999,0
110.5,51,98,7,-129.25,1,-142.215,7,7,20,0,-999,-999,0
110.5,51,98,7,-129.25,2,-151.08,5,5,20,0,-999,-999,0
110.5,51,98,7,-129.25,6,-152.772,5,5,0,1,-999,-999,0
110.5,51,98,7,-129.25,3,-164.569,0,0,20,0,-999,-999,0
110.5,53,65,5,-142.891,1,-111.944,7,7,20,0,-999,-999,0
110.5,53,65,5,-142.891,7,-122.044,7,7,0,1,-999,-999,0
110.5,53,65,5,-142.891,6,-134.199,5,5,0,1,-999,-999,0
110.5,53,65,5,-142.891,4,-146.629,4,4,20,0,-999,-999,0
110.5,53,65,5,-142.891,2,-151.888,5,5,20,0,-999,-999,0
110.5,53,65,5,-142.891,3,-171.668,0,0,20,0,-999,-999,0
110.5,54,25,7,-123.634,4,-140.547,4,4,20,0,-999,-999,0
110.5,54,25,7,-123.634,1,-145.686,7,7,20,0,-999,-999,0
110.5,54,25,7,-123.634,5,-150.357,6,7,10,1,-999,-999,0
110.5,54,25,7,-123.634,2,-150.363,5,5,20,0,-999,-999,0
110.5,54,25,7,-123.634,3,-157.279,0,0,20,0,-999,-999,0
110.5,54,25,7,-123.634,6,-172.694,5,5,0,1,-999,-999,0
110.5,56,17,1,-115.156,5,-86.8434,6,7,10,1,-999,-999,0
110.5,56,17,1,-115.156,2,-86.9519,5,5,20,0,-999,-999,0
110.5,56,17,1,-115.156,3,-137.204,0,0,20,0,-999,-999,0
110.5,56,17,1,-115.156,4,-139.834,4,4,20,0,-999,-999,0
110.5,56,17,1,-115.156,7,-154.278,7,7,0,1,-999,-999,0
110.5,56,17,1,-115.156,6,-157.488,5,5,0,1,-999,-999,0
110.5,58,34,7,-129.718,2,-115.471,5,5,20,0,-999,-999,0
110.5,58,34,7,-129.718,4,-142.019,4,4,20,0,-999,-999,0
110.5,58,34,7,-129.718,5,-144.82,6,7,10,1,-999,-999,0
110.5,58,34,7,-129.718,1,-145.036,7,7,20,0,-999,-999,0
110.5,58,34,7,-129.718,3,-164.163,0,0,20,0,-999,-999,0
110.5,58,34,7,-129.718,6,-165.717,5,5,0,1,-999,-999,0
110.5,60,72,6,-136.485,5,-131.762,6,7,10,1,-999,-999,0
110.5,60,72,6,-136.485,1,-143.267,7,7,20,0,-999,-999,0
110.5,60,72,6,-136.485,3,-144.946,0,0,20,0,-999,-999,0
110.5,60,72,6,-136.485,2,-154.741,5,5,20,0,-999,-999,0
110.5,60,72,6,-136.485,4,-156.394,4,4,20,0,-999,-999,0
110.5,60,72,6,-136.485,7,-172.436,7,7,0,1,-999,-999,0
110.5,68,66,5,-115.851,6,-126.782,5,5,0,1,-999,-999,0
110.5,68,66,5,-115.851,1,-133.851,7,7,20,0,-999,-999,0
110.5,68,66,5,-115.851,2,-134.371,5,5,20,0,-999,-999,0
110.5,68,66,5,-115.851,4,-138.239,4,4,20,0,-999,-999,0
110.5,68,66,5,-115.851,3,-141.467,0,0,20,0,-999,-999,0
110.5,68,66,5,-115.851,7,-153.054,7,7,0,1,-999,-999,0
110.5,70,48,6,-132.062,3,-123.202,0,0,20,0,-999,-999,0
110.5,70,48,6,-132.062,2,-129.442,5,5,20,0,-999,-999,0
110.5,70,48,6,-132.062,4,-133.128,4,4,20,0,-999,-999,0
110.5,70,48,6,-132.062,1,-133.561,7,7,20,0,-999,-999,0
110.5,70,48,6,-132.062,5,-135.402,6,7,10,1,-999,-999,0
110.5,70,48,6,-132.062,7,-140.057,7,7,0,1,-999,-999,0
110.5,72,89,7,-139.29,4,-130.687,4,4,20,0,-999,-999,0
110.5,72,89,7,-139.29,1,-146.418,7,7,20,0,-999,-999,0
110.5,72,89,7,-139.29,2,-160.438,5,5,20,0,-999,-999,0
110.5,72,89,7,-139.29,5,-160.495,6,7,10,1,-999,-999,0
110.5,72,89,7,-139.29,6,-160.902,5,5,0,1,-999,-999,0
110.5,72,89,7,-139.29,3,-168.967,0,0,20,0,-999,-999,0
110.5,73,26,4,-108.078,2,-115.629,5,5,20,0,-999,-999,0
110.5,73,26,4,-108.078,6,-122.073,5,5,0,1,-999,-999,0
110.5,73,26,4,-108.078,5,-128.399,6,7,10,1,-999,-999,0
110.5,73,26,4,-108.078,1,-135.269,7,7,20,0,-999,-999,0
110.5,73,26,4,-108.078,3,-140.964,0,0,20,0,-999,-999,0
110.5,73,26,4,-108.078,7,-141.124,7,7,0,1,-999,-999,0
110.5,77,64,6,-126.35,4,-128.618,4,4,20,0,-999,-999,0
110.5,77,64,6,-126.35,5,-129.277,6,7,10,1,-999,-999,0
110.5,77,64,6,-126.35,1,-142.885,7,7,20,0,-999,-999,0
110.5,77,64,6,-126.35,2,-145.795,5,5,20,0,-999,-999,0
110.5,77,64,6,-126.35,7,-150.561,7,7,0,1,-999,-999,0
110.5,77,64,6,-126.35,3,-157.563,0,0,20,0,-999,-999,0
110.5,80,28,2,-123.054,1,-106.384,7,7,20,0,-999,-999,0
110.5,80,28,2,-123.054,7,-110.865,7,7,0,1,-999,-999,0
110.5,80,28,2,-123.054,4,-117.798,4,4,20,0,-999,-999,0
110.5,80,28,2,-123.054,6,-129.458,5,5,0,1,-999,-999,0
110.5,80,28,2,-123.054,5,-134.902,6,7,10,1,-999,-999,0
110.5,80,28,2,-123.054,3,-139.206,0,0,20,0,-999,-999,0
110.5,82,106,7,-133.768,5,-128.081,6,7,10,1,-999,-999,0
110.5,82,106,7,-133.768,4,-137.091,4,4,20,0,-999,-999,0
110.5,82,106,7,-133.768,1,-138.774,7,7,20,0,-999,-999,0
110.5,82,106,7,-133.768,6,-140.194,5,5,0,1,-999,-999,0
110.5,82,106,7,-133.768,2,-146.138,5,5,20,0,-999,-999,0
110.5,82,106,7,-133.768,3,-162.613,0,0,20,0,-999,-999,0
110.5,86,37,5,-149.694,7,-127.009,7,7,0,1,-999,-999,0
110.5,86,37,5,-149.694,6,-135.59,5,5,0,1,-999,-999,0
110.5,86,37,5,-149.694,4,-154.226,4,4,20,0,-999,-999,0
110.5,86,37,5,-149.694,1,-154.694,7,7,20,0,-999,-999,0
110.5,86,37,5,-149.694,2,-158.762,5,5,20,0,-999,-999,0
110.5,86,37,5,-149.694,3,-168.338,0,0,20,0,-999,-999,0
110.5,89,16,1,-83.5943,5,-125.267,6,7,10,1,-999,-999,0
110.5,89,16,1,-83.5943,4,-126.787,4,4,20,0,-999,-999,0
110.5,89,16,1,-83.5943,2,-132.984,5,5,20,0,-999,-999,0
110.5,89,16,1,-83.5943,3,-133.981,0,0,20,0,-999,-999,0
110.5,89,16,1,-83.5943,7,-136.641,7,7,0,1,-999,-999,0
110.5,89,16,1,-83.5943,6,-143.181,5,5,0,1,-999,-999,0
110.5,95,23,4,-119.863,6,-125.341,5,5,0,1,-999,-999,0
110.5,95,23,4,-119.863,2,-131.711,5,5,20,0,-999,-999,0
110.5,95,23,4,-119.863,5,-134.118,6,7,10,1,-999,-999,0
110.5,95,23,4,-119.863,1,-134.31,7,7,20,0,-999,-999,0
110.5,95,23,4,-119.863,7,-140.126,7,7,0,1,-999,-999,0
110.5,95,23,4,-119.863,3,-143.486,0,0,20,0,-999,-999,0
110.5,98,19,1,-89.7859,4,-124.891,4,4,20,0,-999,-999,0
110.5,98,19,1,-89.7859,2,-124.975,5,5,20,0,-999,-999,0
110.5,98,19,1,-89.7859,7,-126.296,7,7,0,1,-999,-999,0
110.5,98,19,1,-89.7859,5,-132.369,6,7,10,1,-999,-999,0
110.5,98,19,1,-89.7859,6,-135.777,5,5,0,1,-999,-999,0
110.5,98,19,1,-89.7859,3,-149.108,0,0,20,0,-999,-999,0
110.5,100,16,6,-118.422,4,-142.051,4,4,20,0,-999,-999,0
110.5,100,16,6,-118.422,2,-145.887,5,5,20,0,-999,-999,0
110.5,100,16,6,-118.422,5,-152.488,6,7,10,1,-999,-999,0
110.5,100,16,6,-118.422,3,-155.453,0,0,20,0,-999,-999,0
110.5,100,16,6,-118.422,1,-160.177,7,7,20,0,-999,-999,0
110.5,100,16,6,-118.422,7,-165.587,7,7,0,1,-999,-999,0
110.5,107,14,1,-141.28,2,-101.643,5,5,20,0,-999,-999,0
110.5,107,14,1,-141.28,5,-118.319,6,7,10,1,-999,-999,0
110.5,107,14,1,-141.28,6,-125.74,5,5,0,1,-999,-999,0
110.5,107,14,1,-141.28,4,-136.928,4,4,20,0,-999,-999,0
110.5,107,14,1,-141.28,7,-138.485,7,7,0,1,-999,-999,0
110.5,107,14,1,-141.28,3,-154.248,0,0,20,0,-999,-999,0
112.5,13,27,2,-114.099,4,-114.742,4,4,20,0,-999,-999,0
112.5,13,27,2,-114.099,7,-115.412,7,7,0,1,-999,-999,0
112.5,13,27,2,-114.099,5,-120.423,7,7,10,1,-999,-999,0
112.5,13,27,2,-114.099,1,-123.594,7,7,20,0,-999,-999,0
112.5,13,27,2,-114.099,3,-144.415,0,0,20,0,-999,-999,0
112.5,13,27,2,-114.099,6,-165.75,5,5,0,1,-999,-999,0
112.5,22,24,4,-91.2172,7,-95.72,7,7,0,1,-999,-999,0
112.5,22,24,4,-91.2172,1,-126.607,7,7,20,0,-999,-999,0
112.5,22,24,4,-91.2172,5,-134.135,7,7,10,1,-999,-999,0
112.5,22,24,4,-91.2172,2,-141.117,4,4,20,0,-999,-999,0
112.5,22,24,4,-91.2172,3,-155.322,0,0,20,0,-999,-999,0
112.5,22,24,4,-91.2172,6,-155.396,5,5,0,1,-999,-999,0
112.5,26,32,6,-126.475,5,-117.972,7,7,10,1,-999,-999,0
112.5,26,32,6,-126.475,2,-127.313,4,4,20,0,-999,-999,0
112.5,26,32,6,-126.475,1,-131.12,7,7,20,0,-999,-999,0
112.5,26,32,6,-126.475,7,-141.171,7,7,0,1,-999,-999,0
112.5,26,32,6,-126.475,4,-143.872,4,4,20,0,-999,-999,0
112.5,26,32,6,-126.475,3,-144.023,0,0,20,0,-999,-999,0
112.5,29,42,7,-129.269,2,-127.652,4,4,20,0,-999,-999,0
112.5,29,42,7,-129.269,4,-143.335,4,4,20,0,-999,-999,0
112.5,29,42,7,-129.269,5,-150.258,7,7,10,1,-999,-999,0
112.5,29,42,7,-129.269,1,-154.986,7,7,20,0,-999,-999,0
112.5,29,42,7,-129.269,6,-156.287,5,5,0,1,-999,-999,0
112.5,29,42,7,-129.269,3,-167.044,0,0,20,0,-999,-999,0
112.5,31,15,1,-123.268,7,-126.304,7,7,0,1,-999,-999,0
112.5,31,15,1,-123.268,4,-138.037,4,4,20,0,-999,-999,0
112.5,31,15,1,-123.268,2,-151.555,4,4,20,0,-999,-999,0
112.5,31,15,1,-123.268,5,-153.368,7,7,10,1,-999,-999,0
112.5,31,15,1,-123.268,6,-157.84,5,5,0,1,-999,-999,0
112.5,31,15,1,-123.268,3,-159.657,0,0,20,0,-999,-999,0
112.5,32,23,2,-113.363,1,-98.9361,7,7,20,0,-999,-999,0
112.5,32,23,2,-113.363,4,-111.705,4,4,20,0,-999,-999,0
112.5,32,23,2,-113.363,5,-128.167,7,7,10,1,-999,-999,0
112.5,32,23,2,-113.363,3,-146.112,0,0,20,0,-999,-999,0
112.5,32,23,2,-113.363,6,-146.797,5,5,0,1,-999,-999,0
112.5,32,23,2,-113.363,7,-150.314,7,7,0,1,-999,-999,0
112.5,36,47,5,-112.423,2,-101.3,4,4,20,0,-999,-999,0
112.5,36,47,5,-112.423,4,-120.625,4,4,20,0,-999,-999,0
112.5,36,47,5,-112.423,1,-127.378,7,7,20,0,-999,-999,0
112.5,36,47,5,-112.423,7,-139.932,7,7,0,1,-999,-999,0
112.5,36,47,5,-112.423,3,-141.059,0,0,20,0,-999,-999,0
112.5,36,47,5,-112.423,6,-162.671,5,5,0,1,-999,-999,0
112.5,38,11,1,-131.437,6,-99.0487,5,5,0,1,-999,-999,0
112.5,38,11,1,-131.437,2,-113.086,4,4,20,0,-999,-999,0
112.5,38,11,1,-131.437,7,-128.408,7,7,0,1,-999,-999,0
112.5,38,11,1,-131.437,5,-141.345,7,7,10,1,-999,-999,0
112.5,38,11,1,-131.437,4,-142.683,4,4,20,0,-999,-999,0
112.5,38,11,1,-131.437,3,-148.23,0,0,20,0,-999,-999,0
112.5,41,63,5,-132.034,7,-102.754,7,7,0,1,-999,-999,0
112.5,41,63,5,-132.034,2,-105.753,4,4,20,0,-999,-999,0
112.5,41,63,5,-132.034,4,-127.033,4,4,20,0,-999,-999,0
112.5,41,63,5,-132.034,1,-134.57,7,7,20,0,-999,-999,0
112.5,41,63,5,-132.034,6,-142.694,5,5,0,1,-999,-999,0
112.5,41,63,5,-132.034,3,-158.706,0,0,20,0,-999,-999,0
112.5,42,64,5,-135.409,2,-104.616,4,4,20,0,-999,-999,0
112.5,42,64,5,-135.409,1,-106.631,7,7,20,0,-999,-999,0
112.5,42,64,5,-135.409,6,-110.691,5,5,0,1,-999,-999,0
112.5,42,64,5,-135.409,4,-127.583,4,4,20,0,-999,-999,0
112.5,42,64,5,-135.409,7,-136.29,7,7,0,1,-999,-999,0
112.5,42,64,5,-135.409,3,-146.66,0,0,20,0,-999,-999,0
112.5,43,81,7,-141.444,2,-119.96,4,4,20,0,-999,-999,0
112.5,43,81,7,-141.444,1,-140.155,7,7,20,0,-999,-999,0
112.5,43,81,7,-141.444,5,-146.754,7,7,10,1,-999,-999,0
112.5,43,81,7,-141.444,4,-158.094,4,4,20,0,-999,-999,0
112.5,43,81,7,-141.444,6,-160.319,5,5,0,1,-999,-999,0
112.5,43,81,7,-141.444,3,-170.783,0,0,20,0,-999,-999,0
112.5,44,18,1,-126.459,6,-95.4548,5,5,0,1,-999,-999,0
112.5,44,18,1,-126.459,2,-137.202,4,4,20,0,-999,-999,0
112.5,44,18,1,-126.459,4,-138.365,4,4,20,0,-999,-999,0
112.5,44,18,1,-126.459,3,-140.445,0,0,20,0,-999,-999,0
112.5,44,18,1,-126.459,5,-140.553,7,7,10,1,-999,-999,0
112.5,44,18,1,-126.459,7,-141.598,7,7,0,1,-999,-999,0
112.5,46,27,4,-111.377,2,-122.823,4,4,20,0,-999,-999,0
112.5,46,27,4,-111.377,1,-123.909,7,7,20,0,-999,-999,0
112.5,46,27,4,-111.377,7,-139.151,7,7,0,1,-999,-999,0
112.5,46,27,4,-111.377,5,-143.263,7,7,10,1,-999,-999,0
112.5,46,27,4,-111.377,3,-157.847,0,0,20,0,-999,-999,0
112.5,46,27,4,-111.377,6,-179.745,5,5,0,1,-999,-999,0
112.5,47,67,5,-88.9965,2,-111.574,4,4,20,0,-999,-999,0
112.5,47,67,5,-88.9965,1,-124.118,7,7,20,0,-999,-999,0
112.5,47,67,5,-88.9965,4,-131.567,4,4,20,0,-999,-999,0
112.5,47,67,5,-88.9965,6,-141.641,5,5,0,1,-999,-999,0
112.5,47,67,5,-88.9965,7,-143.138,7,7,0,1,-999,-999,0
112.5,47,67,5,-88.9965,3,-145.892,0,0,20,0,-999,-999,0
112.5,50,21,2,-71.8584,4,-99.8128,4,4,20,0,-999,-999,0
112.5,50,21,2,-71.8584,1,-103.97,7,7,20,0,-999,-999,0
112.5,50,21,2,-71.8584,5,-108.267,7,7,10,1,-999,-999,0
112.5,50,21,2,-71.8584,3,-135.542,0,0,20,0,-999,-999,0
112.5,50,21,2,-71.8584,6,-157.083,5,5,0,1,-999,-999,0
112.5,50,21,2,-71.8584,7,-160.291,7,7,0,1,-999,-999,0
112.5,51,98,7,-145.795,6,-124.755,5,5,0,1,-999,-999,0
112.5,51,98,7,-145.795,4,-139.766,4,4,20,0,-999,-999,0
112.5,51,98,7,-145.795,2,-145.441,4,4,20,0,-999,-999,0
112.5,51,98,7,-145.795,5,-149.164,7,7,10,1,-999,-999,0
112.5,51,98,7,-145.795,1,-162.639,7,7,20,0,-999,-999,0
112.5,51,98,7,-145.795,3,-163.214,0,0,20,0,-999,-999,0
112.5,53,65,5,-148.638,7,-133.146,7,7,0,1,-999,-999,0
112.5,53,65,5,-148.638,4,-149.914,4,4,20,0,-999,-999,0
112.5,53,65,5,-148.638,1,-151.008,7,7,20,0,-999,-999,0
112.5,53,65,5,-148.638,2,-151.506,4,4,20,0,-999,-999,0
112.5,53,65,5,-148.638,6,-153.724,5,5,0,1,-999,-999,0
112.5,53,65,5,-148.638,3,-171.643,0,0,20,0,-999,-999,0
112.5,54,25,7,-113.34,4,-141.763,4,4,20,0,-999,-999,0
112.5,54,25,7,-113.34,1,-144.438,7,7,20,0,-999,-999,0
112.5,54,25,7,-113.34,5,-148.363,7,7,10,1,-999,-999,0
112.5,54,25,7,-113.34,2,-149.554,4,4,20,0,-999,-999,0
112.5,54,25,7,-113.34,3,-161.311,0,0,20,0,-999,-999,0
112.5,54,25,7,-113.34,6,-172.462,5,5,0,1,-999,-999,0
112.5,56,17,1,-116.069,2,-107.014,4,4,20,0,-999,-999,2
112.5,56,17,1,-116.069,5,-120.858,7,7,10,1,-999,-999,2
112.5,56,17,1,-116.069,3,-128.087,0,0,20,0,-999,-999,2
112.5,56,17,1,-116.069,4,-128.66,4,4,20,0,-999,-999,2
112.5,56,17,1,-116.069,7,-133.242,7,7,0,1,-999,-999,2
112.5,56,17,1,-116.069,6,-150.882,5,5,0,1,-999,-999,2
112.5,58,34,7,-138.029,4,-106.511,4,4,20,0,-999,-999,0
112.5,58,34,7,-138.029,5,-110.74,7,7,10,1,-999,-999,0
112.5,58,34,7,-138.029,3,-134.614,0,0,20,0,-999,-999,0
112.5,58,34,7,-138.029,1,-141.12,7,7,20,0,-999,-999,0
112.5,58,34,7,-138.029,2,-152.101,4,5,20,0,-999,-999,0
112.5,58,34,7,-138.029,6,-154.471,5,5,0,1,-999,-999,0
112.5,60,72,6,-132.623,2,-133.687,4,5,20,0,-999,-999,0
112.5,60,72,6,-132.623,3,-141.206,0,0,20,0,-999,-999,0
112.5,60,72,6,-132.623,1,-143.069,7,7,20,0,-999,-999,0
112.5,60,72,6,-132.623,5,-151.773,7,7,10,1,-999,-999,0
112.5,60,72,6,-132.623,7,-152.762,7,7,0,1,-999,-999,0
112.5,60,72,6,-132.623,4,-154.959,4,4,20,0,-999,-999,0
112.5,68,66,5,-103.437,1,-97.1812,7,7,20,0,-999,-999,0
112.5,68,66,5,-103.437,2,-121.119,4,5,20,0,-999,-999,0
112.5,68,66,5,-103.437,6,-129.261,5,5,0,1,-999,-999,0
112.5,68,66,5,-103.437,4,-137.797,4,4,20,0,-999,-999,0
112.5,68,66,5,-103.437,3,-147.52,0,0,20,0,-999,-999,0
112.5,68,66,5,-103.437,7,-160.041,7,7,0,1,-999,-999,0
112.5,70,48,6,-100.88,5,-110.269,7,7,10,1,-999,-999,0
112.5,70,48,6,-100.88,1,-121.013,7,7,20,0,-999,-999,0
112.5,70,48,6,-100.88,3,-132.148,0,0,20,0,-999,-999,0
112.5,70,48,6,-100.88,2,-133.508,4,5,20,0,-999,-999,0
112.5,70,48,6,-100.88,4,-140.749,4,4,20,0,-999,-999,0
112.5,70,48,6,-100.88,7,-146.133,7,7,0,1,-999,-999,0
112.5,72,89,7,-140.908,1,-146.321,7,7,20,0,-999,-999,0
112.5,72,89,7,-140.908,4,-148.69,4,4,20,0,-999,-999,0
112.5,72,89,7,-140.908,5,-152.53,7,7,10,1,-999,-999,0
112.5,72,89,7,-140.908,2,-153.122,4,5,20,0,-999,-999,0
112.5,72,89,7,-140.908,6,-162.291,5,5,0,1,-999,-999,0
112.5,72,89,7,-140.908,3,-171.978,0,0,20,0,-999,-999,0
112.5,73,26,4,-130.318,2,-122.455,4,5,20,0,-999,-999,0
112.5,73,26,4,-130.318,5,-123.931,7,7,10,1,-999,-999,0
112.5,73,26,4,-130.318,6,-133.505,5,5,0,1,-999,-999,0
112.5,73,26,4,-130.318,1,-136.741,7,7,20,0,-999,-999,0
112.5,73,26,4,-130.318,7,-136.838,7,7,0,1,-999,-999,0
112.5,73,26,4,-130.318,3,-141.222,0,0,20,0,-999,-999,0
112.5,77,64,6,-92.6982,7,-109.172,7,7,0,1,-999,-999,0
112.5,77,64,6,-92.6982,5,-143.083,7,7,10,1,-999,-999,0
112.5,77,64,6,-92.6982,1,-145.44,7,7,20,0,-999,-999,0
112.5,77,64,6,-92.6982,2,-146.736,4,5,20,0,-999,-999,0
112.5,77,64,6,-92.6982,4,-152.967,4,4,20,0,-999,-999,0
112.5,77,64,6,-92.6982,3,-160.845,0,0,20,0,-999,-999,0
112.5,80,28,2,-124.013,5,-107.064,7,7,10,1,-999,-999,1
112.5,80,28,2,-124.013,1,-109.944,7,7,20,0,-999,-999,1
112.5,80,28,2,-124.013,4,-124.146,4,4,20,0,-999,-999,1
112.5,80,28,2,-124.013,3,-141.284,0,0,20,0,-999,-999,1
112.5,80,28,2,-124.013,7,-147.793,7,7,0,1,-999,-999,1
112.5,80,28,2,-124.013,6,-149.531,5,5,0,1,-999,-999,1
112.5,82,106,7,-131.954,4,-102.332,4,4,20,0,-999,-999,0
112.5,82,106,7,-131.954,2,-106.624,4,5,20,0,-999,-999,0
112.5,82,106,7,-131.954,5,-135.701,7,7,10,1,-999,-999,0
112.5,82,106,7,-131.954,1,-137.689,7,8,20,0,-999,-999,0
112.5,82,106,7,-131.954,6,-157.34,5,5,0,1,-999,-999,0
112.5,82,106,7,-131.954,3,-163.259,0,0,20,0,-999,-999,0
112.5,86,37,5,-146.219,4,-114.159,4,4,20,0,-999,-999,0
112.5,86,37,5,-146.219,7,-138.212,7,7,0,1,-999,-999,0
112.5,86,37,5,-146.219,2,-146.483,4,5,20,0,-999,-999,0
112.5,86,37,5,-146.219,1,-154.735,7,8,20,0,-999,-999,0
112.5,86,37,5,-146.219,6,-157.492,5,5,0,1,-999,-999,0
112.5,86,37,5,-146.219,3,-173.368,0,0,20,0,-999,-999,0
112.5,89,16,1,-104.842,6,-100.187,5,5,0,1,-999,-999,0
112.5,89,16,1,-104.842,4,-104.597,4,4,20,0,-999,-999,0
112.5,89,16,1,-104.842,5,-105.937,7,7,10,1,-999,-999,0
112.5,89,16,1,-104.842,2,-131.519,4,5,20,0,-999,-999,0
112.5,89,16,1,-104.842,7,-133.26,7,7,0,1,-999,-999,0
112.5,89,16,1,-104.842,3,-139.183,0,0,20,0,-999,-999,0
112.5,95,23,4,-130.881,5,-101.501,7,7,10,1,-999,-999,0
112.5,95,23,4,-130.881,6,-106.927,5,5,0,1,-999,-999,0
112.5,95,23,4,-130.881,1,-117.577,7,8,20,0,-999,-999,0
112.5,95,23,4,-130.881,2,-135.88,4,5,20,0,-999,-999,0
112.5,95,23,4,-130.881,7,-137.888,7,7,0,1,-999,-999,0
112.5,95,23,4,-130.881,3,-142.9,0,0,20,0,-999,-999,0
112.5,98,19,1,-127.878,2,-115.654,4,5,20,0,-999,-999,0
112.5,98,19,1,-127.878,7,-127.174,7,7,0,1,-999,-999,0
112.5,98,19,1,-127.878,4,-128.512,4,4,20,0,-999,-999,0
112.5,98,19,1,-127.878,5,-140.619,7,7,10,1,-999,-999,0
112.5,98,19,1,-127.878,6,-147.91,5,5,0,1,-999,-999,0
112.5,98,19,1,-127.878,3,-150.965,0,0,20,0,-999,-999,0
112.5,100,16,6,-136.831,7,-130.29,7,7,0,1,-999,-999,0
112.5,100,16,6,-136.831,2,-149.788,4,5,20,0,-999,-999,0
112.5,100,16,6,-136.831,4,-152.553,4,4,20,0,-999,-999,0
112.5,100,16,6,-136.831,1,-154.601,7,8,20,0,-999,-999,0
112.5,100,16,6,-136.831,5,-155.969,7,7,10,1,-999,-999,0
112.5,100,16,6,-136.831,3,-163.493,0,0,20,0,-999,-999,0
112.5,107,14,1,-118.155,4,-127.396,4,4,20,0,-999,-999,0
112.5,107,14,1,-118.155,5,-133.49,7,7,10,1,-999,-999,0
112.5,107,14,1,-118.155,2,-134.348,4,5,20,0,-999,-999,0
112.5,107,14,1,-118.155,7,-141.01,7,7,0,1,-999,-999,0
112.5,107,14,1,-118.155,6,-142.547,5,5,0,1,-999,-999,0
112.5,107,14,1,-118.155,3,-156.562,0,0,20,0,-999,-999,0
114.5,13,27,2,-114.398,1,-95.2337,7,7,20,0,-999,-999,0
114.5,13,27,2,-114.398,5,-106.9,7,7,10,1,-999,-999,0
114.5,13,27,2,-114.398,4,-115.001,4,4,20,0,-999,-999,0
114.5,13,27,2,-114.398,3,-143.767,0,0,20,0,-999,-999,0
114.5,13,27,2,-114.398,7,-154.134,7,7,0,1,-999,-999,0
114.5,13,27,2,-114.398,6,-162.832,5,5,0,1,-999,-999,0
114.5,22,24,4,-132.794,7,-89.6751,7,7,0,1,-999,-999,0
114.5,22,24,4,-132.794,6,-116.991,5,5,0,1,-999,-999,0
114.5,22,24,4,-132.794,1,-133.762,7,7,20,0,-999,-999,0
114.5,22,24,4,-132.794,2,-137.033,4,4,20,0,-999,-999,0
114.5,22,24,4,-132.794,5,-141.1,7,7,10,1,-999,-999,0
114.5,22,24,4,-132.794,3,-154.371,0,0,20,0,-999,-999,0
114.5,26,32,6,-128.003,2,-125.656,4,4,20,0,-999,-999,0
114.5,26,32,6,-128.003,1,-126.058,7,7,20,0,-999,-999,0
114.5,26,32,6,-128.003,5,-128.258,7,7,10,1,-999,-999,0
114.5,26,32,6,-128.003,3,-134.859,0,0,20,0,-999,-999,0
114.5,26,32,6,-128.003,4,-145.496,4,4,20,0,-999,-999,0
114.5,26,32,6,-128.003,7,-148.215,7,7,0,1,-999,-999,0
114.5,29,42,7,-105.638,4,-123.978,4,4,20,0,-999,-999,0
114.5,29,42,7,-105.638,1,-143.274,7,7,20,0,-999,-999,0
114.5,29,42,7,-105.638,5,-145.045,7,7,10,1,-999,-999,0
114.5,29,42,7,-105.638,2,-152.854,4,4,20,0,-999,-999,0
114.5,29,42,7,-105.638,6,-154.277,5,5,0,1,-999,-999,0
114.5,29,42,7,-105.638,3,-165.599,0,0,20,0,-999,-999,0
114.5,31,15,1,-140.724,4,-125.625,4,4,20,0,-999,-999,0
114.5,31,15,1,-140.724,7,-131.143,7,7,0,1,-999,-999,0
114.5,31,15,1,-140.724,6,-134.154,5,5,0,1,-999,-999,0
114.5,31,15,1,-140.724,5,-138.67,7,7,10,1,-999,-999,0
114.5,31,15,1,-140.724,2,-144.839,4,4,20,0,-999,-999,0
114.5,31,15,1,-140.724,3,-158.527,0,0,20,0,-999,-999,0
114.5,32,23,2,-123.471,4,-115.888,4,4,20,0,-999,-999,0
114.5,32,23,2,-123.471,5,-124.95,7,7,10,1,-999,-999,0
114.5,32,23,2,-123.471,1,-130.917,7,7,20,0,-999,-999,0
114.5,32,23,2,-123.471,6,-147.418,5,5,0,1,-999,-999,0
114.5,32,23,2,-123.471,3,-148.635,0,0,20,0,-999,-999,0
114.5,32,23,2,-123.471,7,-149.034,7,7,0,1,-999,-999,0
114.5,36,47,5,-97.1055,4,-95.6456,4,4,20,0,-999,-999,0
114.5,36,47,5,-97.1055,2,-115.847,4,4,20,0,-999,-999,0
114.5,36,47,5,-97.1055,1,-131.128,7,7,20,0,-999,-999,0
114.5,36,47,5,-97.1055,3,-139.721,0,0,20,0,-999,-999,0
114.5,36,47,5,-97.1055,7,-141.516,7,7,0,1,-999,-999,0
114.5,36,47,5,-97.1055,6,-168.14,5,5,0,1,-999,-999,0
114.5,38,11,1,-129.962,4,-105.168,4,4,20,0,-999,-999,0
114.5,38,11,1,-129.962,2,-121.591,4,4,20,0,-999,-999,0
114.5,38,11,1,-129.962,6,-124.32,5,5,0,1,-999,-999,0
114.5,38,11,1,-129.962,5,-135.768,7,7,10,1,-999,-999,0
114.5,38,11,1,-129.962,7,-148.565,7,7,0,1,-999,-999,0
114.5,38,11,1,-129.962,3,-148.99,0,0,20,0,-999,-999,0
114.5,41,63,5,-133.488,4,-105.122,4,4,20,0,-999,-999,0
114.5,41,63,5,-133.488,2,-129.598,4,4,20,0,-999,-999,0
114.5,41,63,5,-133.488,1,-133.516,7,7,20,0,-999,-999,0
114.5,41,63,5,-133.488,7,-140.658,7,7,0,1,-999,-999,0
114.5,41,63,5,-133.488,6,-149.485,5,5,0,1,-999,-999,0
114.5,41,63,5,-133.488,3,-153.328,0,0,20,0,-999,-999,0
114.5,42,64,5,-143.5,1,-92.4133,7,7,20,0,-999,-999,0
114.5,42,64,5,-143.5,2,-105.724,4,4,20,0,-999,-999,0
114.5,42,64,5,-143.5,4,-119.177,4,4,20,0,-999,-999,0
114.5,42,64,5,-143.5,7,-135.271,7,7,0,1,-999,-999,0
114.5,42,64,5,-143.5,3,-145.014,0,0,20,0,-999,-999,0
114.5,42,64,5,-143.5,6,-148.446,5,5,0,1,-999,-999,0
114.5,43,81,7,-129.455,5,-128.33,7,7,10,1,-999,-999,0
114.5,43,81,7,-129.455,4,-140.4,4,4,20,0,-999,-999,0
114.5,43,81,7,-129.455,1,-149.456,7,7,20,0,-999,-999,0
114.5,43,81,7,-129.455,6,-152.057,5,5,0,1,-999,-999,0
114.5,43,81,7,-129.455,2,-161.894,4,4,20,0,-999,-999,0
114.5,43,81,7,-129.455,3,-169.07,0,0,20,0,-999,-999,0
114.5,44,18,1,-129.381,7,-105.632,7,7,0,1,-999,-999,0
114.5,44,18,1,-129.381,3,-131.624,0,0,20,0,-999,-999,0
114.5,44,18,1,-129.381,6,-132.203,5,5,0,1,-999,-999,0
114.5,44,18,1,-129.381,2,-132.986,4,4,20,0,-999,-999,0
114.5,44,18,1,-129.381,5,-140.819,7,7,10,1,-999,-999,0
114.5,44,18,1,-129.381,4,-141.116,4,4,20,0,-999,-999,0
114.5,46,27,4,-108.32,5,-127.23,7,7,10,1,-999,-999,0
114.5,46,27,4,-108.32,2,-134.524,4,4,20,0,-999,-999,0
114.5,46,27,4,-108.32,1,-135.565,7,7,20,0,-999,-999,0
114.5,46,27,4,-108.32,7,-139.61,7,7,0,1,-999,-999,0
114.5,46,27,4,-108.32,6,-152.722,5,5,0,1,-999,-999,0
114.5,46,27,4,-108.32,3,-155.128,0,0,20,0,-999,-999,0
114.5,47,67,5,-99.582,2,-116.114,4,4,20,0,-999,-999,0
114.5,47,67,5,-99.582,1,-126.295,7,7,20,0,-999,-999,0
114.5,47,67,5,-99.582,4,-131.013,4,4,20,0,-999,-999,0
114.5,47,67,5,-99.582,3,-142.561,0,0,20,0,-999,-999,0
114.5,47,67,5,-99.582,7,-147.126,7,7,0,1,-999,-999,0
114.5,47,67,5,-99.582,6,-147.822,5,5,0,1,-999,-999,0
114.5,50,21,2,-85.2132,1,-89.409,7,7,20,0,-999,-999,0
114.5,50,21,2,-85.2132,5,-107.935,7,7,10,1,-999,-999,0
114.5,50,21,2,-85.2132,4,-122.057,4,4,20,0,-999,-999,0
114.5,50,21,2,-85.2132,3,-137.917,0,0,20,0,-999,-999,0
114.5,50,21,2,-85.2132,7,-152.13,7,7,0,1,-999,-999,0
114.5,50,21,2,-85.2132,6,-154.064,5,5,0,1,-999,-999,0
114.5,51,98,7,-98.6263,5,-106.814,7,7,10,1,-999,-999,0
114.5,51,98,7,-98.6263,4,-114.217,4,4,20,0,-999,-999,0
114.5,51,98,7,-98.6263,1,-117.113,7,7,20,0,-999,-999,0
114.5,51,98,7,-98.6263,2,-147.93,4,4,20,0,-999,-999,0
114.5,51,98,7,-98.6263,3,-158.192,0,0,20,0,-999,-999,0
114.5,51,98,7,-98.6263,6,-163.579,5,5,0,1,-999,-999,0
114.5,53,65,5,-146.498,4,-106.863,4,4,20,0,-999,-999,0
114.5,53,65,5,-146.498,7,-133.824,7,7,0,1,-999,-999,0
114.5,53,65,5,-146.498,1,-149.988,7,7,20,0,-999,-999,0
114.5,53,65,5,-146.498,2,-152.863,4,4,20,0,-999,-999,0
114.5,53,65,5,-146.498,6,-153.902,5,5,0,1,-999,-999,0
114.5,53,65,5,-146.498,3,-166.642,0,0,20,0,-999,-999,0
114.5,54,25,7,-118.31,1,-116.792,7,7,20,0,-999,-999,0
114.5,54,25,7,-118.31,4,-123.981,4,4,20,0,-999,-999,0
114.5,54,25,7,-118.31,2,-130.103,4,4,20,0,-999,-999,0
114.5,54,25,7,-118.31,5,-132.075,7,7,10,1,-999,-999,0
114.5,54,25,7,-118.31,6,-133.551,5,5,0,1,-999,-999,0
114.5,54,25,7,-118.31,3,-165.883,0,0,20,0,-999,-999,0
114.5,56,29,2,-93.5715,1,-91.1216,7,7,20,0,-999,-999,0
114.5,56,29,2,-93.5715,4,-112.169,4,4,20,0,-999,-999,0
114.5,56,29,2,-93.5715,5,-124.708,7,7,10,1,-999,-999,0
114.5,56,29,2,-93.5715,3,-131.948,0,0,20,0,-999,-999,0
114.5,56,29,2,-93.5715,7,-132.752,7,7,0,1,-999,-999,0
114.5,56,29,2,-93.5715,6,-154.507,5,5,0,1,-999,-999,0
114.5,58,34,7,-134.031,1,-117.98,7,7,20,0,-999,-999,0
114.5,58,34,7,-134.031,4,-134.225,4,4,20,0,-999,-999,0
114.5,58,34,7,-134.031,6,-146.8,5,5,0,1,-999,-999,0
114.5,58,34,7,-134.031,2,-148.781,4,4,20,0,-999,-999,0
114.5,58,34,7,-134.031,5,-149.85,7,7,10,1,-999,-999,0
114.5,58,34,7,-134.031,3,-164.43,0,0,20,0,-999,-999,0
114.5,60,72,6,-132.314,5,-133.946,7,7,10,1,-999,-999,0
114.5,60,72,6,-132.314,1,-142.322,7,7,20,0,-999,-999,0
114.5,60,72,6,-132.314,7,-143.146,7,7,0,1,-999,-999,0
114.5,60,72,6,-132.314,3,-143.916,0,0,20,0,-999,-999,0
114.5,60,72,6,-132.314,2,-150.314,4,4,20,0,-999,-999,0
114.5,60,72,6,-132.314,4,-154.107,4,4,20,0,-999,-999,0
114.5,68,66,5,-133.893,1,-97.3346,7,7,20,0,-999,-999,1
114.5,68,66,5,-133.893,6,-128.672,5,5,0,1,-999,-999,1
114.5,68,66,5,-133.893,2,-130.882,4,4,20,0,-999,-999,1
114.5,68,66,5,-133.893,4,-139.298,4,4,20,0,-999,-999,1
114.5,68,66,5,-133.893,3,-146.402,0,0,20,0,-999,-999,1
114.5,68,66,5,-133.893,7,-147.1,7,7,0,1,-999,-999,1
114.5,70,48,6,-122.356,2,-110.826,4,4,20,0,-999,-999,0
114.5,70,48,6,-122.356,3,-126.215,0,0,20,0,-999,-999,0
114.5,70,48,6,-122.356,1,-133.442,7,8,20,0,-999,-999,0
114.5,70,48,6,-122.356,4,-141.306,4,4,20,0,-999,-999,0
114.5,70,48,6,-122.356,5,-145.423,7,7,10,1,-999,-999,0
114.5,70,48,6,-122.356,7,-153.986,7,7,0,1,-999,-999,0
114.5,72,89,7,-133.862,4,-134.252,4,4,20,0,-999,-999,0
114.5,72,89,7,-133.862,6,-143.291,5,5,0,1,-999,-999,0
114.5,72,89,7,-133.862,1,-145.635,7,8,20,0,-999,-999,0
114.5,72,89,7,-133.862,2,-151.022,4,4,20,0,-999,-999,0
114.5,72,89,7,-133.862,5,-153.732,7,7,10,1,-999,-999,0
114.5,72,89,7,-133.862,3,-169.854,0,0,20,0,-999,-999,0
114.5,73,26,4,-108.523,1,-97.7244,7,8,20,0,-999,-999,0
114.5,73,26,4,-108.523,2,-129.785,4,4,20,0,-999,-999,0
114.5,73,26,4,-108.523,5,-132.792,7,7,10,1,-999,-999,0
114.5,73,26,4,-108.523,6,-138.476,5,5,0,1,-999,-999,0
114.5,73,26,4,-108.523,3,-142.745,0,0,20,0,-999,-999,0
114.5,73,26,4,-108.523,7,-146.075,7,7,0,1,-999,-999,0
114.5,77,64,6,-130.639,1,-143.45,7,8,20,0,-999,-999,0
114.5,77,64,6,-130.639,5,-145.326,7,7,10,1,-999,-999,0
114.5,77,64,6,-130.639,2,-146.793,4,4,20,0,-999,-999,0
114.5,77,64,6,-130.639,4,-151.881,4,4,20,0,-999,-999,0
114.5,77,64,6,-130.639,7,-155.119,7,7,0,1,-999,-999,0
114.5,77,64,6,-130.639,3,-161.366,0,0,20,0,-999,-999,0
114.5,80,20,1,-73.5131,2,-103.935,4,4,20,0,-999,-999,0
114.5,80,20,1,-73.5131,6,-113.722,5,5,0,1,-999,-999,0
114.5,80,20,1,-73.5131,4,-125.227,4,4,20,0,-999,-999,0
114.5,80,20,1,-73.5131,5,-136.727,7,7,10,1,-999,-999,0
114.5,80,20,1,-73.5131,3,-138.467,0,0,20,0,-999,-999,0
114.5,80,20,1,-73.5131,7,-145.809,7,7,0,1,-999,-999,0
114.5,82,106,7,-143.153,4,-125.216,4,4,20,0,-999,-999,0
114.5,82,106,7,-143.153,2,-127.118,4,4,20,0,-999,-999,0
114.5,82,106,7,-143.153,5,-142.661,7,7,10,1,-999,-999,0
114.5,82,106,7,-143.153,1,-148.007,7,8,20,0,-999,-999,0
114.5,82,106,7,-143.153,6,-157.204,5,5,0,1,-999,-999,0
114.5,82,106,7,-143.153,3,-164.867,0,0,20,0,-999,-999,0
114.5,86,37,5,-129.038,7,-101.397,7,7,0,1,-999,-999,0
114.5,86,37,5,-129.038,1,-151.53,7,8,20,0,-999,-999,0
114.5,86,37,5,-129.038,6,-152.319,5,5,0,1,-999,-999,0
114.5,86,37,5,-129.038,4,-153.174,4,4,20,0,-999,-999,0
114.5,86,37,5,-129.038,2,-162.993,4,4,20,0,-999,-999,0
114.5,86,37,5,-129.038,3,-170.916,0,0,20,0,-999,-999,0
114.5,89,16,1,-116.778,5,-121.093,7,7,10,1,-999,-999,0
114.5,89,16,1,-116.778,3,-134.48,0,0,20,0,-999,-999,0
114.5,89,16,1,-116.778,4,-135.171,4,4,20,0,-999,-999,0
114.5,89,16,1,-116.778,2,-135.22,4,4,20,0,-999,-999,0
114.5,89,16,1,-116.778,6,-139.472,5,5,0,1,-999,-999,0
114.5,89,16,1,-116.778,7,-145.513,7,7,0,1,-999,-999,0
114.5,95,23,4,-138.015,2,-127.326,4,4,20,0,-999,-999,0
114.5,95,23,4,-138.015,6,-133.608,5,5,0,1,-999,-999,0
114.5,95,23,4,-138.015,5,-133.757,7,7,10,1,-999,-999,0
114.5,95,23,4,-138.015,1,-137.558,7,8,20,0,-999,-999,0
114.5,95,23,4,-138.015,7,-141.388,7,7,0,1,-999,-999,0
114.5,95,23,4,-138.015,3,-150.167,0,0,20,0,-999,-999,0
114.5,98,19,1,-86.9363,7,-94.7018,7,7,0,1,-999,-999,0
114.5,98,19,1,-86.9363,4,-108.339,4,4,20,0,-999,-999,0
114.5,98,19,1,-86.9363,2,-115.8,4,4,20,0,-999,-999,0
114.5,98,19,1,-86.9363,6,-135.078,5,5,0,1,-999,-999,0
114.5,98,19,1,-86.9363,5,-151.839,7,7,10,1,-999,-999,0
114.5,98,19,1,-86.9363,3,-156.178,0,0,20,0,-999,-999,0
114.5,100,16,6,-129.172,7,-131.47,7,7,0,1,-999,-999,0
114.5,100,16,6,-129.172,5,-133.368,7,7,10,1,-999,-999,0
114.5,100,16,6,-129.172,2,-150.809,4,4,20,0,-999,-999,0
114.5,100,16,6,-129.172,4,-151.603,4,4,20,0,-999,-999,0
114.5,100,16,6,-129.172,3,-152.436,0,0,20,0,-999,-999,0
114.5,100,16,6,-129.172,1,-158.532,7,8,20,0,-999,-999,0
114.5,107,14,1,-102.166,4,-132.174,4,4,20,0,-999,-999,0
114.5,107,14,1,-102.166,2,-132.256,4,4,20,0,-999,-999,0
114.5,107,14,1,-102.166,7,-135.731,7,7,0,1,-999,-999,0
114.5,107,14,1,-102.166,5,-141.718,7,7,10,1,-999,-999,0
114.5,107,14,1,-102.166,6,-146.768,5,5,0,1,-999,-999,0
114.5,107,14,1,-102.166,3,-157.985,0,0,20,0,-999,-999,0
116.5,13,27,2,-79.6109,4,-88.0334,4,4,20,0,-999,-999,0
116.5,13,27,2,-79.6109,1,-89.8997,8,8,20,0,-999,-999,0
116.5,13,27,2,-79.6109,5,-125.314,6,6,10,1,-999,-999,0
116.5,13,27,2,-79.6109,7,-133.546,7,7,0,1,-999,-999,0
116.5,13,27,2,-79.6109,3,-146.389,0,0,20,0,-999,-999,0
116.5,13,27,2,-79.6109,6,-154.888,5,5,0,1,-999,-999,0
116.5,22,24,4,-118.653,7,-93.1648,7,7,0,1,-999,-999,0
116.5,22,24,4,-118.653,2,-98.5749,4,4,20,0,-999,-999,0
116.5,22,24,4,-118.653,1,-130.06,8,8,20,0,-999,-999,0
116.5,22,24,4,-118.653,5,-137.336,6,6,10,1,-999,-999,0
116.5,22,24,4,-118.653,6,-145.984,5,5,0,1,-999,-999,0
116.5,22,24,4,-118.653,3,-162.559,0,0,20,0,-999,-999,0
116.5,26,32,6,-127.275,1,-128.018,8,8,20,0,-999,-999,0
116.5,26,32,6,-127.275,3,-136.849,0,0,20,0,-999,-999,0
116.5,26,32,6,-127.275,5,-139.604,6,6,10,1,-999,-999,0
116.5,26,32,6,-127.275,7,-140.591,7,7,0,1,-999,-999,0
116.5,26,32,6,-127.275,2,-141.622,4,4,20,0,-999,-999,0
116.5,26,32,6,-127.275,4,-146.289,4,4,20,0,-999,-999,0
116.5,29,42,7,-142.105,5,-109.888,6,6,10,1,-999,-999,0
116.5,29,42,7,-142.105,1,-138.961,8,8,20,0,-999,-999,0
116.5,29,42,7,-142.105,4,-148.406,4,4,20,0,-999,-999,0
116.5,29,42,7,-142.105,6,-150.114,5,5,0,1,-999,-999,0
116.5,29,42,7,-142.105,2,-154.518,4,4,20,0,-999,-999,0
116.5,29,42,7,-142.105,3,-170.602,0,0,20,0,-999,-999,0
116.5,31,15,1,-139.673,2,-128.489,4,4,20,0,-999,-999,0
116.5,31,15,1,-139.673,4,-130.659,4,4,20,0,-999,-999,0
116.5,31,15,1,-139.673,7,-135.08,7,7,0,1,-999,-999,0
116.5,31,15,1,-139.673,5,-156.152,6,6,10,1,-999,-999,0
116.5,31,15,1,-139.673,3,-159.611,0,0,20,0,-999,-999,0
116.5,31,15,1,-139.673,6,-163.904,5,5,0,1,-999,-999,0
116.5,32,23,2,-117.621,4,-122.743,4,4,20,0,-999,-999,0
116.5,32,23,2,-117.621,5,-129.606,6,6,10,1,-999,-999,0
116.5,32,23,2,-117.621,1,-138.595,8,8,20,0,-999,-999,0
116.5,32,23,2,-117.621,3,-148.877,0,0,20,0,-999,-999,0
116.5,32,23,2,-117.621,7,-149.76,7,7,0,1,-999,-999,0
116.5,32,23,2,-117.621,6,-150.688,5,5,0,1,-999,-999,0
116.5,36,47,5,-80.1406,4,-108.144,4,4,20,0,-999,-999,0
116.5,36,47,5,-80.1406,1,-116.933,8,8,20,0,-999,-999,0
116.5,36,47,5,-80.1406,2,-117.165,4,4,20,0,-999,-999,0
116.5,36,47,5,-80.1406,3,-143.543,0,0,20,0,-999,-999,0
116.5,36,47,5,-80.1406,7,-159.981,7,7,0,1,-999,-999,0
116.5,36,47,5,-80.1406,6,-165.309,5,5,0,1,-999,-999,0
116.5,38,11,1,-145.565,6,-117.153,5,5,0,1,-999,-999,0
116.5,38,11,1,-145.565,7,-133.411,7,7,0,1,-999,-999,0
116.5,38,11,1,-145.565,5,-136.055,6,6,10,1,-999,-999,0
116.5,38,11,1,-145.565,2,-140.618,4,4,20,0,-999,-999,0
116.5,38,11,1,-145.565,4,-144.253,4,4,20,0,-999,-999,0
116.5,38,11,1,-145.565,3,-149.817,0,0,20,0,-999,-999,0
116.5,41,63,5,-96.6482,2,-93.6998,4,4,20,0,-999,-999,0
116.5,41,63,5,-96.6482,1,-124.691,8,8,20,0,-999,-999,0
116.5,41,63,5,-96.6482,4,-134.164,4,4,20,0,-999,-999,0
116.5,41,63,5,-96.6482,7,-137.978,7,7,0,1,-999,-999,0
116.5,41,63,5,-96.6482,6,-140.524,5,5,0,1,-999,-999,0
116.5,41,63,5,-96.6482,3,-150.919,0,0,20,0,-999,-999,0
116.5,42,64,5,-131.039,4,-101.121,4,4,20,0,-999,-999,0
116.5,42,64,5,-131.039,1,-122.776,8,8,20,0,-999,-999,0
116.5,42,64,5,-131.039,7,-123.59,7,7,0,1,-999,-999,0
116.5,42,64,5,-131.039,2,-128.659,4,4,20,0,-999,-999,0
116.5,42,64,5,-131.039,3,-144.274,0,0,20,0,-999,-999,0
116.5,42,64,5,-131.039,6,-154.544,5,5,0,1,-999,-999,0
116.5,43,81,7,-133.704,5,-108.603,6,6,10,1,-999,-999,0
116.5,43,81,7,-133.704,6,-133.444,5,5,0,1,-999,-999,0
116.5,43,81,7,-133.704,1,-152.075,8,8,20,0,-999,-999,0
116.5,43,81,7,-133.704,4,-155.375,4,4,20,0,-999,-999,0
116.5,43,81,7,-133.704,2,-161.097,4,4,20,0,-999,-999,0
116.5,43,81,7,-133.704,3,-166.097,0,0,20,0,-999,-999,0
116.5,44,18,1,-120.618,5,-114.032,6,6,10,1,-999,-999,0
116.5,44,18,1,-120.618,4,-118.507,4,4,20,0,-999,-999,0
116.5,44,18,1,-120.618,2,-131.34,4,4,20,0,-999,-999,0
116.5,44,18,1,-120.618,3,-134.805,0,0,20,0,-999,-999,0
116.5,44,18,1,-120.618,6,-135.331,5,5,0,1,-999,-999,0
116.5,44,18,1,-120.618,7,-141.881,7,7,0,1,-999,-999,0
116.5,46,27,4,-110.242,5,-90.7842,6,6,10,1,-999,-999,0
116.5,46,27,4,-110.242,2,-126.453,4,4,20,0,-999,-999,0
116.5,46,27,4,-110.242,1,-133.017,8,8,20,0,-999,-999,0
116.5,46,27,4,-110.242,7,-140.105,7,7,0,1,-999,-999,0
116.5,46,27,4,-110.242,3,-153.431,0,0,20,0,-999,-999,0
116.5,46,27,4,-110.242,6,-175.913,5,5,0,1,-999,-999,0
116.5,47,67,5,-86.9574,2,-72.3203,4,4,20,0,-999,-999,0
116.5,47,67,5,-86.9574,1,-131.202,8,8,20,0,-999,-999,0
116.5,47,67,5,-86.9574,4,-131.753,4,4,20,0,-999,-999,0
116.5,47,67,5,-86.9574,3,-141.145,0,0,20,0,-999,-999,0
116.5,47,67,5,-86.9574,7,-144.054,7,7,0,1,-999,-999,0
116.5,47,67,5,-86.9574,6,-149.407,5,5,0,1,-999,-999,0
116.5,50,21,2,-92.6041,5,-76.5519,6,6,10,1,-999,-999,0
116.5,50,21,2,-92.6041,1,-125.191,8,8,20,0,-999,-999,0
116.5,50,21,2,-92.6041,4,-129.827,4,4,20,0,-999,-999,0
116.5,50,21,2,-92.6041,3,-136.971,0,0,20,0,-999,-999,0
116.5,50,21,2,-92.6041,7,-155.89,7,7,0,1,-999,-999,0
116.5,50,21,2,-92.6041,6,-156.019,5,5,0,1,-999,-999,0
116.5,51,98,7,-113.39,4,-139.465,4,4,20,0,-999,-999,0
116.5,51,98,7,-113.39,5,-141.223,6,6,10,1,-999,-999,0
116.5,51,98,7,-113.39,1,-144.524,8,8,20,0,-999,-999,0
116.5,51,98,7,-113.39,2,-151.361,4,4,20,0,-999,-999,0
116.5,51,98,7,-113.39,6,-160.156,5,5,0,1,-999,-999,0
116.5,51,98,7,-113.39,3,-164.314,0,0,20,0,-999,-999,0
116.5,53,65,5,-143.83,7,-130.354,7,7,0,1,-999,-999,0
116.5,53,65,5,-143.83,4,-133.13,4,4,20,0,-999,-999,0
116.5,53,65,5,-143.83,2,-147.663,4,4,20,0,-999,-999,0
116.5,53,65,5,-143.83,1,-147.724,8,8,20,0,-999,-999,0
116.5,53,65,5,-143.83,6,-147.918,5,5,0,1,-999,-999,0
116.5,53,65,5,-143.83,3,-167.407,0,0,20,0,-999,-999,0
116.5,54,25,7,-123.53,2,-120.3,4,4,20,0,-999,-999,0
116.5,54,25,7,-123.53,4,-138.586,4,4,20,0,-999,-999,0
116.5,54,25,7,-123.53,6,-143.359,5,5,0,1,-999,-999,0
116.5,54,25,7,-123.53,1,-147.942,8,8,20,0,-999,-999,0
116.5,54,25,7,-123.53,5,-149.813,6,6,10,1,-999,-999,0
116.5,54,25,7,-123.53,3,-154.009,0,0,20,0,-999,-999,0
116.5,56,29,2,-95.7736,1,-116.92,8,8,20,0,-999,-999,0
116.5,56,29,2,-95.7736,5,-131.396,6,6,10,1,-999,-999,0
116.5,56,29,2,-95.7736,4,-131.997,4,4,20,0,-999,-999,0
116.5,56,29,2,-95.7736,7,-138.384,7,7,0,1,-999,-999,0
116.5,56,29,2,-95.7736,3,-138.816,0,0,20,0,-999,-999,0
116.5,56,29,2,-95.7736,6,-151.768,5,5,0,1,-999,-999,0
116.5,58,34,7,-119.946,6,-123.896,5,5,0,1,-999,-999,0
116.5,58,34,7,-119.946,4,-137.175,4,4,20,0,-999,-999,0
116.5,58,34,7,-119.946,5,-140.271,6,6,10,1,-999,-999,0
116.5,58,34,7,-119.946,1,-143.316,8,8,20,0,-999,-999,0
116.5,58,34,7,-119.946,2,-150.014,4,4,20,0,-999,-999,0
116.5,58,34,7,-119.946,3,-163.401,0,0,20,0,-999,-999,0
116.5,60,72,6,-112.637,2,-123.935,4,4,20,0,-999,-999,0
116.5,60,72,6,-112.637,1,-146.978,8,8,20,0,-999,-999,0
116.5,60,72,6,-112.637,3,-147.381,0,0,20,0,-999,-999,0
116.5,60,72,6,-112.637,5,-151.196,6,6,10,1,-999,-999,0
116.5,60,72,6,-112.637,4,-155.3,4,4,20,0,-999,-999,0
116.5,60,72,6,-112.637,7,-162,7,7,0,1,-999,-999,0
116.5,68,21,1,-132.264,6,-110.232,5,5,0,1,-999,-999,0
116.5,68,21,1,-132.264,5,-131.393,6,6,10,1,-999,-999,0
116.5,68,21,1,-132.264,2,-133.481,4,4,20,0,-999,-999,0
116.5,68,21,1,-132.264,4,-140.819,4,4,20,0,-999,-999,0
116.5,68,21,1,-132.264,3,-142.218,0,0,20,0,-999,-999,0
116.5,68,21,1,-132.264,7,-148.999,7,7,0,1,-999,-999,0
116.5,70,48,6,-131.481,1,-128.251,8,8,20,0,-999,-999,0
116.5,70,48,6,-131.481,3,-129.942,0,0,20,0,-999,-999,0
116.5,70,48,6,-131.481,2,-133.039,4,4,20,0,-999,-999,0
116.5,70,48,6,-131.481,4,-145.158,4,4,20,0,-999,-999,0
116.5,70,48,6,-131.481,5,-145.637,6,6,10,1,-999,-999,0
116.5,70,48,6,-131.481,7,-149.612,7,7,0,1,-999,-999,0
116.5,72,89,7,-114.699,4,-141.002,4,4,20,0,-999,-999,0
116.5,72,89,7,-114.699,1,-147.575,8,8,20,0,-999,-999,0
116.5,72,89,7,-114.699,2,-159.816,4,4,20,0,-999,-999,0
116.5,72,89,7,-114.699,5,-161.888,6,6,10,1,-999,-999,0
116.5,72,89,7,-114.699,3,-166.874,0,0,20,0,-999,-999,0
116.5,72,89,7,-114.699,6,-167.404,5,5,0,1,-999,-999,0
116.5,73,26,4,-104.577,5,-89.929,6,6,10,1,-999,-999,0
116.5,73,26,4,-104.577,1,-106.851,8,8,20,0,-999,-999,0
116.5,73,26,4,-104.577,2,-125.858,4,4,20,0,-999,-999,0
116.5,73,26,4,-104.577,6,-136.409,5,5,0,1,-999,-999,0
116.5,73,26,4,-104.577,3,-137.868,0,0,20,0,-999,-999,0
116.5,73,26,4,-104.577,7,-144.956,7,7,0,1,-999,-999,0
116.5,77,64,6,-102.878,2,-109.648,4,4,20,0,-999,-999,0
116.5,77,64,6,-102.878,1,-119.097,8,8,20,0,-999,-999,0
116.5,77,64,6,-102.878,4,-126.618,4,4,20,0,-999,-999,0
116.5,77,64,6,-102.878,7,-128.486,7,7,0,1,-999,-999,0
116.5,77,64,6,-102.878,5,-145.457,6,6,10,1,-999,-999,0
116.5,77,64,6,-102.878,3,-156.395,0,0,20,0,-999,-999,0
116.5,80,20,1,-111.191,5,-94.6476,6,6,10,1,-999,-999,0
116.5,80,20,1,-111.191,2,-120.401,4,4,20,0,-999,-999,0
116.5,80,20,1,-111.191,4,-132.846,4,4,20,0,-999,-999,0
116.5,80,20,1,-111.191,3,-138.205,0,0,20,0,-999,-999,0
116.5,80,20,1,-111.191,7,-145.4,7,7,0,1,-999,-999,0
116.5,80,20,1,-111.191,6,-148.863,5,5,0,1,-999,-999,0
116.5,82,106,7,-132.316,2,-106.75,4,4,20,0,-999,-999,0
116.5,82,106,7,-132.316,1,-138.633,8,8,20,0,-999,-999,0
116.5,82,106,7,-132.316,4,-139.365,4,4,20,0,-999,-999,0
116.5,82,106,7,-132.316,5,-142.522,6,6,10,1,-999,-999,0
116.5,82,106,7,-132.316,6,-155.115,5,5,0,1,-999,-999,0
116.5,82,106,7,-132.316,3,-165.167,0,0,20,0,-999,-999,0
116.5,86,37,5,-142.93,7,-144.049,7,7,0,1,-999,-999,0
116.5,86,37,5,-142.93,4,-150.194,4,4,20,0,-999,-999,0
116.5,86,37,5,-142.93,1,-152.511,8,8,20,0,-999,-999,0
116.5,86,37,5,-142.93,6,-159.5,5,5,0,1,-999,-999,0
116.5,86,37,5,-142.93,2,-159.67,4,4,20,0,-999,-999,0
116.5,86,37,5,-142.93,3,-173.801,0,0,20,0,-999,-999,0
116.5,89,16,1,-83.436,2,-99.6845,4,4,20,0,-999,-999,0
116.5,89,16,1,-83.436,7,-118.942,7,7,0,1,-999,-999,0
116.5,89,16,1,-83.436,4,-126.343,4,4,20,0,-999,-999,0
116.5,89,16,1,-83.436,3,-141.204,0,0,20,0,-999,-999,0
116.5,89,16,1,-83.436,6,-141.724,5,5,0,1,-999,-999,0
116.5,89,16,1,-83.436,5,-142.032,6,6,10,1,-999,-999,0
116.5,95,23,4,-135.949,2,-128.225,4,4,20,0,-999,-999,0
116.5,95,23,4,-135.949,5,-135.315,6,6,10,1,-999,-999,0
116.5,95,23,4,-135.949,6,-141.049,5,5,0,1,-999,-999,0
116.5,95,23,4,-135.949,1,-141.469,8,8,20,0,-999,-999,0
116.5,95,23,4,-135.949,3,-144.619,0,0,20,0,-999,-999,0
116.5,95,23,4,-135.949,7,-146.687,7,7,0,1,-999,-999,0
116.5,98,19,1,-135.449,7,-110.311,7,7,0,1,-999,-999,0
116.5,98,19,1,-135.449,2,-130.217,4,4,20,0,-999,-999,0
116.5,98,19,1,-135.449,4,-131.195,4,4,20,0,-999,-999,0
116.5,98,19,1,-135.449,5,-135.535,6,6,10,1,-999,-999,0
116.5,98,19,1,-135.449,6,-141.96,5,5,0,1,-999,-999,0
116.5,98,19,1,-135.449,3,-153.365,0,0,20,0,-999,-999,0
116.5,100,16,6,-131.884,7,-129.349,7,7,0,1,-999,-999,0
116.5,100,16,6,-131.884,2,-152.863,4,4,20,0,-999,-999,0
116.5,100,16,6,-131.884,5,-153.793,6,6,10,1,-999,-999,0
116.5,100,16,6,-131.884,1,-154.341,8,8,20,0,-999,-999,0
116.5,100,16,6,-131.884,3,-156.174,0,0,20,0,-999,-999,0
116.5,100,16,6,-131.884,4,-156.621,4,4,20,0,-999,-999,0
116.5,107,14,1,-110.524,7,-118.389,7,7,0,1,-999,-999,0
116.5,107,14,1,-110.524,2,-127.994,4,4,20,0,-999,-999,0
116.5,107,14,1,-110.524,5,-134.193,6,6,10,1,-999,-999,0
116.5,107,14,1,-110.524,4,-134.887,4,4,20,0,-999,-999,0
116.5,107,14,1,-110.524,6,-141.576,5,5,0,1,-999,-999,0
116.5,107,14,1,-110.524,3,-153.376,0,0,20,0,-999,-999,0
118.5,13,27,2,-118.096,1,-104.099,8,8,20,0,-999,-999,0
118.5,13,27,2,-118.096,4,-119.019,4,4,20,0,-999,-999,0
118.5,13,27,2,-118.096,5,-126.603,6,6,10,1,-999,-999,0
118.5,13,27,2,-118.096,3,-141.894,0,0,20,0,-999,-999,0
118.5,13,27,2,-118.096,6,-149.961,5,5,0,1,-999,-999,0
118.5,13,27,2,-118.096,7,-150.529,7,7,0,1,-999,-999,0
118.5,22,24,4,-94.0476,7,-123.149,7,7,0,1,-999,-999,0
118.5,22,24,4,-94.0476,1,-134.368,8,8,20,0,-999,-999,0
118.5,22,24,4,-94.0476,5,-136.747,6,6,10,1,-999,-999,0
118.5,22,24,4,-94.0476,2,-139.479,4,4,20,0,-999,-999,0
118.5,22,24,4,-94.0476,6,-150.691,5,5,0,1,-999,-999,0
118.5,22,24,4,-94.0476,3,-157.917,0,0,20,0,-999,-999,0
118.5,26,32,6,-125.442,1,-126.965,8,8,20,0,-999,-999,0
118.5,26,32,6,-125.442,4,-134.342,4,4,20,0,-999,-999,0
118.5,26,32,6,-125.442,3,-136.858,0,0,20,0,-999,-999,0
118.5,26,32,6,-125.442,7,-138.285,7,7,0,1,-999,-999,0
118.5,26,32,6,-125.442,5,-141.36,6,6,10,1,-999,-999,0
118.5,26,32,6,-125.442,2,-142.637,4,4,20,0,-999,-999,0
118.5,29,42,7,-143.743,1,-143.377,8,8,20,0,-999,-999,0
118.5,29,42,7,-143.743,4,-143.482,4,4,20,0,-999,-999,0
118.5,29,42,7,-143.743,5,-148.233,6,6,10,1,-999,-999,0
118.5,29,42,7,-143.743,2,-152.945,4,4,20,0,-999,-999,0
118.5,29,42,7,-143.743,6,-154.186,5,5,0,1,-999,-999,0
118.5,29,42,7,-143.743,3,-169.395,0,0,20,0,-999,-999,0
118.5,31,15,1,-134.774,7,-130.171,7,7,0,1,-999,-999,0
118.5,31,15,1,-134.774,6,-130.543,5,5,0,1,-999,-999,0
118.5,31,15,1,-134.774,4,-135.993,4,4,20,0,-999,-999,0
118.5,31,15,1,-134.774,2,-149.994,4,4,20,0,-999,-999,0
118.5,31,15,1,-134.774,3,-159.505,0,0,20,0,-999,-999,0
118.5,31,15,1,-134.774,5,-162.697,6,6,10,1,-999,-999,0
118.5,32,23,2,-87.8659,6,-111.419,5,5,0,1,-999,-999,0
118.5,32,23,2,-87.8659,4,-113.432,4,4,20,0,-999,-999,0
118.5,32,23,2,-87.8659,1,-124.84,8,8,20,0,-999,-999,0
118.5,32,23,2,-87.8659,5,-125.212,6,6,10,1,-999,-999,0
118.5,32,23,2,-87.8659,7,-141.219,7,7,0,1,-999,-999,0
118.5,32,23,2,-87.8659,3,-148.743,0,0,20,0,-999,-999,0
118.5,36,47,5,-120.432,2,-88.521,4,4,20,0,-999,-999,0
118.5,36,47,5,-120.432,4,-116.696,4,4,20,0,-999,-999,0
118.5,36,47,5,-120.432,1,-120.945,8,8,20,0,-999,-999,0
118.5,36,47,5,-120.432,7,-141.467,7,7,0,1,-999,-999,0
118.5,36,47,5,-120.432,3,-142.585,0,0,20,0,-999,-999,0
118.5,36,47,5,-120.432,6,-165.54,5,5,0,1,-999,-999,0
118.5,38,11,1,-140.023,6,-128.84,5,5,0,1,-999,-999,0
118.5,38,11,1,-140.023,2,-139.76,4,4,20,0,-999,-999,0
118.5,38,11,1,-140.023,5,-145.045,6,6,10,1,-999,-999,0
118.5,38,11,1,-140.023,4,-146.856,4,4,20,0,-999,-999,0
118.5,38,11,1,-140.023,3,-148.52,0,0,20,0,-999,-999,0
118.5,38,11,1,-140.023,7,-152.276,7,7,0,1,-999,-999,0
118.5,41,63,5,-134.342,4,-92.0048,4,4,20,0,-999,-999,0
118.5,41,63,5,-134.342,2,-99.5732,4,4,20,0,-999,-999,0
118.5,41,63,5,-134.342,7,-109.567,7,7,0,1,-999,-999,0
118.5,41,63,5,-134.342,1,-110.022,8,8,20,0,-999,-999,0
118.5,41,63,5,-134.342,6,-146.141,5,5,0,1,-999,-999,0
118.5,41,63,5,-134.342,3,-150.77,0,0,20,0,-999,-999,0
118.5,42,64,5,-116.838,2,-115.739,4,4,20,0,-999,-999,0
118.5,42,64,5,-116.838,1,-115.872,8,8,20,0,-999,-999,0
118.5,42,64,5,-116.838,4,-126.21,4,4,20,0,-999,-999,0
118.5,42,64,5,-116.838,7,-138.813,7,7,0,1,-999,-999,0
118.5,42,64,5,-116.838,3,-144.666,0,0,20,0,-999,-999,0
118.5,42,64,5,-116.838,6,-147.698,5,5,0,1,-999,-999,0
118.5,43,81,7,-102.413,5,-146.167,6,6,10,1,-999,-999,0
118.5,43,81,7,-102.413,4,-147.036,4,4,20,0,-999,-999,0
118.5,43,81,7,-102.413,2,-154.888,4,4,20,0,-999,-999,0
118.5,43,81,7,-102.413,1,-155.169,8,8,20,0,-999,-999,0
118.5,43,81,7,-102.413,6,-166.125,5,5,0,1,-999,-999,0
118.5,43,81,7,-102.413,3,-170.397,0,0,20,0,-999,-999,0
118.5,44,18,1,-131.94,5,-120.023,6,6,10,1,-999,-999,0
118.5,44,18,1,-131.94,6,-130.165,5,5,0,1,-999,-999,0
118.5,44,18,1,-131.94,2,-134.782,4,4,20,0,-999,-999,0
118.5,44,18,1,-131.94,4,-135.499,4,4,20,0,-999,-999,0
118.5,44,18,1,-131.94,3,-139.303,0,0,20,0,-999,-999,0
118.5,44,18,1,-131.94,7,-141.067,7,7,0,1,-999,-999,0
118.5,46,27,4,-111.864,2,-95.0328,4,4,20,0,-999,-999,0
118.5,46,27,4,-111.864,5,-115.682,6,6,10,1,-999,-999,0
118.5,46,27,4,-111.864,1,-135.032,8,8,20,0,-999,-999,0
118.5,46,27,4,-111.864,7,-142.279,7,7,0,1,-999,-999,0
118.5,46,27,4,-111.864,3,-159.116,0,0,20,0,-999,-999,0
118.5,46,27,4,-111.864,6,-168.056,5,5,0,1,-999,-999,0
118.5,47,67,5,-96.3421,2,-80.805,4,4,20,0,-999,-999,2
118.5,47,67,5,-96.3421,1,-99.839,8,8,20,0,-999,-999,2
118.5,47,67,5,-96.3421,4,-108.227,4,4,20,0,-999,-999,2
118.5,47,67,5,-96.3421,7,-126.094,7,7,0,1,-999,-999,2
118.5,47,67,5,-96.3421,3,-148.139,0,0,20,0,-999,-999,2
118.5,47,67,5,-96.3421,6,-149.684,5,5,0,1,-999,-999,2
118.5,50,21,2,-79.9758,5,-93.2111,6,6,10,1,-999,-999,0
118.5,50,21,2,-79.9758,6,-126.053,5,5,0,1