UAV_AUTONOMY_XAPP Time=4.5 DeploymentMode=tn-uav UavIndex=0 UavCellId=5 BestDonorCellId=1 BestDonorDistanceM=143.511 XhaulConnected=1 XhaulChannelVariationDb=0 RawXhaulState=HEALTHY RawXhaulStateAgeSec=0 XhaulState=HEALTHY DonorUnavailableActive=0 SatBackhaulHealthy=0 UavSwitchingXappAvailable=0 UavSwitchingXappState=DISABLED AiPredictedBackhaulMode=RULE_BASED BackhaulMode=TN_DIRECT RicControlState=TN_E2 ActiveUavRic=LOCAL_UAV_AUTONOMY NormalUeHandoverAllowed=1 UavMode=TN_CONTROLLED_COVERAGE_EXTENSION
UAV_AUTONOMY_XAPP Time=4.5 DeploymentMode=tn-uav UavIndex=1 UavCellId=6 BestDonorCellId=1 BestDonorDistanceM=110.88 XhaulConnected=1 XhaulChannelVariationDb=0 RawXhaulState=HEALTHY RawXhaulStateAgeSec=0 XhaulState=HEALTHY DonorUnavailableActive=0 SatBackhaulHealthy=0 UavSwitchingXappAvailable=0 UavSwitchingXappState=DISABLED AiPredictedBackhaulMode=RULE_BASED BackhaulMode=TN_DIRECT RicControlState=TN_E2 ActiveUavRic=LOCAL_UAV_AUTONOMY NormalUeHandoverAllowed=1 UavMode=TN_CONTROLLED_COVERAGE_EXTENSION
UAV_AUTONOMY_XAPP Time=4.5 DeploymentMode=tn-uav UavIndex=2 UavCellId=7 BestDonorCellId=1 BestDonorDistanceM=133.08 XhaulConnected=1 XhaulChannelVariationDb=0 RawXhaulState=HEALTHY RawXhaulStateAgeSec=0 XhaulState=HEALTHY DonorUnavailableActive=0 SatBackhaulHealthy=0 UavSwitchingXappAvailable=0 UavSwitchingXappState=DISABLED AiPredictedBackhaulMode=RULE_BASED BackhaulMode=TN_DIRECT RicControlState=TN_E2 ActiveUavRic=LOCAL_UAV_AUTONOMY NormalUeHandoverAllowed=1 UavMode=TN_CONTROLLED_COVERAGE_EXTENSION
Could not find NR UE cell info for E2 Node ID = 8
Could not find NR UE cell info for E2 Node ID = 9
Could not find NR UE cell info for E2 Node ID = 10
Could not find NR UE cell info for E2 Node ID = 11
Could not find NR UE cell info for E2 Node ID = 12
Could not find NR UE cell info for E2 Node ID = 13
Could not find NR UE cell info for E2 Node ID = 14
Could not find NR UE cell info for E2 Node ID = 15
Could not find NR UE cell info for E2 Node ID = 16
Could not find NR UE cell info for E2 Node ID = 17
Could not find NR UE cell info for E2 Node ID = 18
Could not find NR UE cell info for E2 Node ID = 19
Could not find NR UE cell info for E2 Node ID = 20
Could not find NR UE cell info for E2 Node ID = 21
Could not find NR UE cell info for E2 Node ID = 22
Could not find NR UE cell info for E2 Node ID = 23
Could not find NR UE cell info for E2 Node ID = 24
Could not find NR UE cell info for E2 Node ID = 25
Could not find NR UE cell info for E2 Node ID = 26
Could not find NR UE cell info for E2 Node ID = 27
Could not find NR UE cell info for E2 Node ID = 28
Could not find NR UE cell info for E2 Node ID = 29
Could not find NR UE cell info for E2 Node ID = 30
Could not find NR UE cell info for E2 Node ID = 31
Could not find NR UE cell info for E2 Node ID = 32
Could not find NR UE cell info for E2 Node ID = 33
Could not find NR UE cell info for E2 Node ID = 34
Could not find NR UE cell info for E2 Node ID = 35
Could not find NR UE cell info for E2 Node ID = 36
Could not find NR UE cell info for E2 Node ID = 37
Could not find NR UE cell info for E2 Node ID = 38
Could not find NR UE cell info for E2 Node ID = 39
Could not find NR UE cell info for E2 Node ID = 40
Could not find NR UE cell info for E2 Node ID = 41
Could not find NR UE cell info for E2 Node ID = 42
Could not find NR UE cell info for E2 Node ID = 43
Could not find NR UE cell info for E2 Node ID = 44
Could not find NR UE cell info for E2 Node ID = 45
Could not find NR UE cell info for E2 Node ID = 46
Could not find NR UE cell info for E2 Node ID = 47
Could not find NR UE cell info for E2 Node ID = 48
Could not find NR UE cell info for E2 Node ID = 49
Could not find NR UE cell info for E2 Node ID = 50
Could not find NR UE cell info for E2 Node ID = 51
Could not find NR UE cell info for E2 Node ID = 52
Could not find NR UE cell info for E2 Node ID = 53
Could not find NR UE cell info for E2 Node ID = 54
Could not find NR UE cell info for E2 Node ID = 55
Could not find NR UE cell info for E2 Node ID = 56
Could not find NR UE cell info for E2 Node ID = 57
Could not find NR UE cell info for E2 Node ID = 58
Could not find NR UE cell info for E2 Node ID = 59
Could not find NR UE cell info for E2 Node ID = 60
Could not find NR UE cell info for E2 Node ID = 61
Could not find NR UE cell info for E2 Node ID = 62
Could not find NR UE cell info for E2 Node ID = 63
Could not find NR UE cell info for E2 Node ID = 64
Could not find NR UE cell info for E2 Node ID = 65
Could not find NR UE cell info for E2 Node ID = 66
Could not find NR UE cell info for E2 Node ID = 67
Could not find NR gNB location for E2 Node ID = 1
Could not find NR gNB location for E2 Node ID = 2
Could not find NR gNB location for E2 Node ID = 3
Could not find NR gNB location for E2 Node ID = 4
Could not find NR gNB location for E2 Node ID = 5
Could not find NR gNB location for E2 Node ID = 6
Could not find NR gNB location for E2 Node ID = 7
---- LOAD at t=4.5 ----
UAV_AUTONOMY_XAPP Time=6.5 DeploymentMode=tn-uav UavIndex=0 UavCellId=5 BestDonorCellId=1 BestDonorDistanceM=143.511 XhaulConnected=1 XhaulChannelVariationDb=0 RawXhaulState=HEALTHY RawXhaulStateAgeSec=2 XhaulState=HEALTHY DonorUnavailableActive=0 SatBackhaulHealthy=0 UavSwitchingXappAvailable=0 UavSwitchingXappState=DISABLED AiPredictedBackhaulMode=RULE_BASED BackhaulMode=TN_DIRECT RicControlState=TN_E2 ActiveUavRic=LOCAL_UAV_AUTONOMY NormalUeHandoverAllowed=1 UavMode=TN_CONTROLLED_COVERAGE_EXTENSION
UAV_AUTONOMY_XAPP Time=6.5 DeploymentMode=tn-uav UavIndex=1 UavCellId=6 BestDonorCellId=1 BestDonorDistanceM=110.88 XhaulConnected=1 XhaulChannelVariationDb=0 RawXhaulState=HEALTHY RawXhaulStateAgeSec=2 XhaulState=HEALTHY DonorUnavailableActive=0 SatBackhaulHealthy=0 UavSwitchingXappAvailable=0 UavSwitchingXappState=DISABLED AiPredictedBackhaulMode=RULE_BASED BackhaulMode=TN_DIRECT RicControlState=TN_E2 ActiveUavRic=LOCAL_UAV_AUTONOMY NormalUeHandoverAllowed=1 UavMode=TN_CONTROLLED_COVERAGE_EXTENSION
UAV_AUTONOMY_XAPP Time=6.5 DeploymentMode=tn-uav UavIndex=2 UavCellId=7 BestDonorCellId=1 BestDonorDistanceM=133.08 XhaulConnected=1 XhaulChannelVariationDb=0 RawXhaulState=HEALTHY RawXhaulStateAgeSec=2 XhaulState=HEALTHY DonorUnavailableActive=0 SatBackhaulHealthy=0 UavSwitchingXappAvailable=0 UavSwitchingXappState=DISABLED AiPredictedBackhaulMode=RULE_BASED BackhaulMode=TN_DIRECT RicControlState=TN_E2 ActiveUavRic=LOCAL_UAV_AUTONOMY NormalUeHandoverAllowed=1 UavMode=TN_CONTROLLED_COVERAGE_EXTENSION
---- LOAD at t=6.5 ----
  cell 1 (TN) load=9/20
  cell 2 (TN) load=7/20
  cell 3 (TN) load=11/20
  cell 4 (TN) load=13/20
  cell 5 (NTN) load=4/15
  cell 6 (NTN) load=11/15
  cell 7 (NTN) load=5/15
UE 11 TTT_WAIT target=4 elapsed=0s need=2s
UE 14 TTT_WAIT target=1 elapsed=0s need=2s
UE 16 TTT_WAIT target=1 elapsed=0s need=2s
UE 18 TTT_WAIT target=3 elapsed=0s need=2s
UE 20 TTT_WAIT target=7 elapsed=0s need=2s
UE 21 TTT_WAIT target=7 elapsed=0s need=2s
UE 23 TTT_WAIT target=2 elapsed=0s need=2s
UE 24 TTT_WAIT target=5 elapsed=0s need=2s
UE 26 TTT_WAIT target=4 elapsed=0s need=2s
UE 33 TTT_WAIT target=1 elapsed=0s need=2s
UE 39 TTT_WAIT target=1 elapsed=0s need=2s
UE 44 TTT_WAIT target=2 elapsed=0s need=2s
UE 47 TTT_WAIT target=1 elapsed=0s need=2s
UE 49 TTT_WAIT target=2 elapsed=0s need=2s
UE 53 TTT_WAIT target=1 elapsed=0s need=2s
UE 57 TTT_WAIT target=4 elapsed=0s need=2s
UE 63 TTT_WAIT target=4 elapsed=0s need=2s
UAV_AUTONOMY_XAPP Time=8.5 DeploymentMode=tn-uav UavIndex=0 UavCellId=5 BestDonorCellId=1 BestDonorDistanceM=143.511 XhaulConnected=1 XhaulChannelVariationDb=0 RawXhaulState=HEALTHY RawXhaulStateAgeSec=4 XhaulState=HEALTHY DonorUnavailableActive=0 SatBackhaulHealthy=0 UavSwitchingXappAvailable=0 UavSwitchingXappState=DISABLED AiPredictedBackhaulMode=RULE_BASED BackhaulMode=TN_DIRECT RicControlState=TN_E2 ActiveUavRic=LOCAL_UAV_AUTONOMY NormalUeHandoverAllowed=1 UavMode=TN_CONTROLLED_COVERAGE_EXTENSION
UAV_AUTONOMY_XAPP Time=8.5 DeploymentMode=tn-uav UavIndex=1 UavCellId=6 BestDonorCellId=1 BestDonorDistanceM=110.88 XhaulConnected=1 XhaulChannelVariationDb=0 RawXhaulState=HEALTHY RawXhaulStateAgeSec=4 XhaulState=HEALTHY DonorUnavailableActive=0 SatBackhaulHealthy=0 UavSwitchingXappAvailable=0 UavSwitchingXappState=DISABLED AiPredictedBackhaulMode=RULE_BASED BackhaulMode=TN_DIRECT RicControlState=TN_E2 ActiveUavRic=LOCAL_UAV_AUTONOMY NormalUeHandoverAllowed=1 UavMode=TN_CONTROLLED_COVERAGE_EXTENSION
UAV_AUTONOMY_XAPP Time=8.5 DeploymentMode=tn-uav UavIndex=2 UavCellId=7 BestDonorCellId=1 BestDonorDistanceM=133.08 XhaulConnected=1 XhaulChannelVariationDb=0 RawXhaulState=HEALTHY RawXhaulStateAgeSec=4 XhaulState=HEALTHY DonorUnavailableActive=0 SatBackhaulHealthy=0 UavSwitchingXappAvailable=0 UavSwitchingXappState=DISABLED AiPredictedBackhaulMode=RULE_BASED BackhaulMode=TN_DIRECT RicControlState=TN_E2 ActiveUavRic=LOCAL_UAV_AUTONOMY NormalUeHandoverAllowed=1 UavMode=TN_CONTROLLED_COVERAGE_EXTENSION
---- LOAD at t=8.5 ----
  cell 1 (TN) load=10/20
  cell 2 (TN) load=9/20
  cell 3 (TN) load=12/20
  cell 4 (TN) load=13/20
  cell 5 (NTN) load=5/15
  cell 6 (NTN) load=14/15
  cell 7 (NTN) load=7/15
UE 11 TTT_WAIT target=2 elapsed=0s need=2s
UE 12 TTT_WAIT target=1 elapsed=0s need=2s
LM HO UE=14 rnti=43 2->1 type=TN servingRsrp=-66.3893 targetRsrp=-60.6942 targetLoadReal=10/20 targetLoadEff=10/20
LM HO UE=16 rnti=107 4->1 type=TN servingRsrp=-92.9553 targetRsrp=-77.1963 targetLoadReal=10/20 targetLoadEff=11/20
UE 24 TTT_WAIT target=4 elapsed=0s need=2s
UE 28 TTT_WAIT target=4 elapsed=0s need=2s
UE 34 TTT_WAIT target=1 elapsed=0s need=2s
LM HO UE=39 rnti=111 4->1 type=TN servingRsrp=-85.2394 targetRsrp=-72.4471 targetLoadReal=10/20 targetLoadEff=12/20
UE 41 TTT_WAIT target=4 elapsed=0s need=2s
LM HO UE=47 rnti=38 7->1 type=TN servingRsrp=-86.6427 targetRsrp=-73.0874 targetLoadReal=10/20 targetLoadEff=13/20
UE 49 TTT_WAIT target=7 elapsed=0s need=2s
UE 52 TTT_WAIT target=5 elapsed=0s need=2s
LM HO UE=53 rnti=47 2->1 type=TN servingRsrp=-79.8076 targetRsrp=-59.5592 targetLoadReal=10/20 targetLoadEff=14/20
UE 54 TTT_WAIT target=6 elapsed=0s need=2s
UE 58 TTT_WAIT target=4 elapsed=0s need=2s
UE 63 TTT_WAIT target=1 elapsed=0s need=2s
UE 67 TTT_WAIT target=2 elapsed=0s need=2s
LM HO_FAIL_LOW_RSRP UE=76 currCell=2 candCell=1 candRsrp=-111.827 < min=-110
UE 82 TTT_WAIT target=7 elapsed=0s need=2s
UE 83 TTT_WAIT target=3 elapsed=0s need=2s
UE 86 TTT_WAIT target=4 elapsed=0s need=2s
UE 90 TTT_WAIT target=1 elapsed=0s need=2s
UE 92 TTT_WAIT target=4 elapsed=0s need=2s
LM HO_FAIL_LOW_RSRP UE=97 currCell=3 candCell=2 candRsrp=-114.641 < min=-110
TRACE HO_SUCCESS Time=8.61507 IMSI=13 TargetCell=1 Type=TN TargetRSRP=-66.876 ServingRSRP=-89.4106 BackhaulDlSnr=-999 BackhaulUlSnr=-999
TRACE HO_SUCCESS Time=8.61507 IMSI=52 TargetCell=1 Type=TN TargetRSRP=-71.0988 ServingRSRP=-73.9852 BackhaulDlSnr=-999 BackhaulUlSnr=-999
TRACE HO_SUCCESS Time=8.61507 IMSI=15 TargetCell=1 Type=TN TargetRSRP=-61.0849 ServingRSRP=-77.8598 BackhaulDlSnr=-999 BackhaulUlSnr=-999
TRACE HO_SUCCESS Time=8.61507 IMSI=38 TargetCell=1 Type=TN TargetRSRP=-69.8244 ServingRSRP=-75.4488 BackhaulDlSnr=-999 BackhaulUlSnr=-999
TRACE HO_SUCCESS Time=8.61507 IMSI=46 TargetCell=1 Type=TN TargetRSRP=-82.006 ServingRSRP=-74.967 BackhaulDlSnr=-999 BackhaulUlSnr=-999
UAV_AUTONOMY_XAPP Time=10.5 DeploymentMode=tn-uav UavIndex=0 UavCellId=5 BestDonorCellId=1 BestDonorDistanceM=143.511 XhaulConnected=1 XhaulChannelVariationDb=0 RawXhaulState=HEALTHY RawXhaulStateAgeSec=6 XhaulState=HEALTHY DonorUnavailableActive=0 SatBackhaulHealthy=0 UavSwitchingXappAvailable=0 UavSwitchingXappState=DISABLED AiPredictedBackhaulMode=RULE_BASED BackhaulMode=TN_DIRECT RicControlState=TN_E2 ActiveUavRic=LOCAL_UAV_AUTONOMY NormalUeHandoverAllowed=1 UavMode=TN_CONTROLLED_COVERAGE_EXTENSION
UAV_AUTONOMY_XAPP Time=10.5 DeploymentMode=tn-uav UavIndex=1 UavCellId=6 BestDonorCellId=1 BestDonorDistanceM=110.88 XhaulConnected=1 XhaulChannelVariationDb=0 RawXhaulState=HEALTHY RawXhaulStateAgeSec=6 XhaulState=HEALTHY DonorUnavailableActive=0 SatBackhaulHealthy=0 UavSwitchingXappAvailable=0 UavSwitchingXappState=DISABLED AiPredictedBackhaulMode=RULE_BASED BackhaulMode=TN_DIRECT RicControlState=TN_E2 ActiveUavRic=LOCAL_UAV_AUTONOMY NormalUeHandoverAllowed=1 UavMode=TN_CONTROLLED_COVERAGE_EXTENSION
UAV_AUTONOMY_XAPP Time=10.5 DeploymentMode=tn-uav UavIndex=2 UavCellId=7 BestDonorCellId=1 BestDonorDistanceM=133.08 XhaulConnected=1 XhaulChannelVariationDb=0 RawXhaulState=HEALTHY RawXhaulStateAgeSec=6 XhaulState=HEALTHY DonorUnavailableActive=0 SatBackhaulHealthy=0 UavSwitchingXappAvailable=0 UavSwitchingXappState=DISABLED AiPredictedBackhaulMode=RULE_BASED BackhaulMode=TN_DIRECT RicControlState=TN_E2 ActiveUavRic=LOCAL_UAV_AUTONOMY NormalUeHandoverAllowed=1 UavMode=TN_CONTROLLED_COVERAGE_EXTENSION
---- LOAD at t=10.5 ----
  cell 1 (TN) load=15/20
  cell 2 (TN) load=10/20
  cell 3 (TN) load=12/20
  cell 4 (TN) load=11/20
  cell 5 (NTN) load=6/15
  cell 6 (NTN) load=14/15
  cell 7 (NTN) load=6/15
UE 11 TTT_WAIT target=1 elapsed=0s need=2s
LM HO UE=12 rnti=106 4->1 type=TN servingRsrp=-75.3197 targetRsrp=-66.4793 targetLoadReal=15/20 targetLoadEff=15/20
UE 13 TTT_WAIT target=4 elapsed=0s need=2s
UE 17 TTT_WAIT target=4 elapsed=0s need=2s
UE 18 TTT_WAIT target=3 elapsed=0s need=2s
UE 22 TTT_WAIT target=1 elapsed=0s need=2s
UE 27 TTT_WAIT target=7 elapsed=0s need=2s
UE 33 TTT_WAIT target=1 elapsed=0s need=2s
LM HO UE=34 rnti=31 5->1 type=TN servingRsrp=-94.0159 targetRsrp=-86.0066 targetLoadReal=15/20 targetLoadEff=16/20
UE 35 TTT_WAIT target=1 elapsed=0s need=2s
UE 38 TTT_WAIT target=5 elapsed=0s need=2s
UE 40 TTT_WAIT target=1 elapsed=0s need=2s
LM HO UE=41 rnti=37 7->4 type=TN servingRsrp=-81.9169 targetRsrp=-76.6882 targetLoadReal=11/20 targetLoadEff=11/20
UE 47 TTT_WAIT target=5 elapsed=0s need=2s
UE 49 TTT_WAIT target=5 elapsed=0s need=2s
UE 57 TTT_WAIT target=4 elapsed=0s need=2s
LM HO UE=67 rnti=77 1->2 type=TN servingRsrp=-89.1585 targetRsrp=-86.6116 targetLoadReal=10/20 targetLoadEff=10/20
UE 71 TTT_WAIT target=1 elapsed=0s need=2s
UE 73 TTT_WAIT target=2 elapsed=0s need=2s
LM HO_FAIL_LOW_RSRP UE=76 currCell=2 candCell=1 candRsrp=-111.457 < min=-110
UE 79 TTT_WAIT target=3 elapsed=0s need=2s
LM HO UE=82 rnti=40 5->7 type=NTN servingRsrp=-111.617 targetRsrp=-82.0057 targetLoadReal=6/15 targetLoadEff=6/15
LM HO UE=83 rnti=116 6->3 type=TN servingRsrp=-114.222 targetRsrp=-101.338 targetLoadReal=12/20 targetLoadEff=12/20
UE 86 TTT_WAIT target=6 elapsed=0s need=2s
UE 87 TTT_WAIT target=1 elapsed=0s need=2s
LM HO UE=90 rnti=56 7->1 type=TN servingRsrp=-116.897 targetRsrp=-108.915 targetLoadReal=15/20 targetLoadEff=17/20
UE 91 TTT_WAIT target=5 elapsed=0s need=2s
LM HO_FAIL_LOW_RSRP UE=97 currCell=3 candCell=1 candRsrp=-112.823 < min=-110
TRACE HO_SUCCESS Time=10.6151 IMSI=11 TargetCell=1 Type=TN TargetRSRP=-74.0118 ServingRSRP=-82.9023 BackhaulDlSnr=-999 BackhaulUlSnr=-999
TRACE HO_SUCCESS Time=10.6151 IMSI=33 TargetCell=1 Type=TN TargetRSRP=-87.4473 ServingRSRP=-87.4909 BackhaulDlSnr=-999 BackhaulUlSnr=-999
TRACE HO_SUCCESS Time=10.6151 IMSI=89 TargetCell=1 Type=TN TargetRSRP=-118.923 ServingRSRP=-97.3528 BackhaulDlSnr=-999 BackhaulUlSnr=-999
TRACE HO_SUCCESS Time=10.6151 IMSI=66 TargetCell=2 Type=TN TargetRSRP=-92.3092 ServingRSRP=-71.732 BackhaulDlSnr=-999 BackhaulUlSnr=-999
TRACE HO_SUCCESS Time=10.6151 IMSI=82 TargetCell=3 Type=TN TargetRSRP=-116.041 ServingRSRP=-115.542 BackhaulDlSnr=-999 BackhaulUlSnr=-999
TRACE HO_SUCCESS Time=10.6151 IMSI=40 TargetCell=4 Type=TN TargetRSRP=-84.0014 ServingRSRP=-85.4392 BackhaulDlSnr=-999 BackhaulUlSnr=-999
TRACE HO_SUCCESS Time=10.6151 IMSI=81 TargetCell=7 Type=NTN TargetRSRP=-114.561 ServingRSRP=-93.1274 BackhaulDlSnr=-999 BackhaulUlSnr=-999
UAV_AUTONOMY_XAPP Time=12.5 DeploymentMode=tn-uav UavIndex=0 UavCellId=5 BestDonorCellId=1 BestDonorDistanceM=143.511 XhaulConnected=1 XhaulChannelVariationDb=0 RawXhaulState=HEALTHY RawXhaulStateAgeSec=8 XhaulState=HEALTHY DonorUnavailableActive=0 SatBackhaulHealthy=0 UavSwitchingXappAvailable=0 UavSwitchingXappState=DISABLED AiPredictedBackhaulMode=RULE_BASED BackhaulMode=TN_DIRECT RicControlState=TN_E2 ActiveUavRic=LOCAL_UAV_AUTONOMY NormalUeHandoverAllowed=1 UavMode=TN_CONTROLLED_COVERAGE_EXTENSION
UAV_AUTONOMY_XAPP Time=12.5 DeploymentMode=tn-uav UavIndex=1 UavCellId=6 BestDonorCellId=1 BestDonorDistanceM=110.88 XhaulConnected=1 XhaulChannelVariationDb=0 RawXhaulState=HEALTHY RawXhaulStateAgeSec=8 XhaulState=HEALTHY DonorUnavailableActive=0 SatBackhaulHealthy=0 UavSwitchingXappAvailable=0 UavSwitchingXappState=DISABLED AiPredictedBackhaulMode=RULE_BASED BackhaulMode=TN_DIRECT RicControlState=TN_E2 ActiveUavRic=LOCAL_UAV_AUTONOMY NormalUeHandoverAllowed=1 UavMode=TN_CONTROLLED_COVERAGE_EXTENSION
UAV_AUTONOMY_XAPP Time=12.5 DeploymentMode=tn-uav UavIndex=2 UavCellId=7 BestDonorCellId=1 BestDonorDistanceM=133.08 XhaulConnected=1 XhaulChannelVariationDb=0 RawXhaulState=HEALTHY RawXhaulStateAgeSec=8 XhaulState=HEALTHY DonorUnavailableActive=0 SatBackhaulHealthy=0 UavSwitchingXappAvailable=0 UavSwitchingXappState=DISABLED AiPredictedBackhaulMode=RULE_BASED BackhaulMode=TN_DIRECT RicControlState=TN_E2 ActiveUavRic=LOCAL_UAV_AUTONOMY NormalUeHandoverAllowed=1 UavMode=TN_CONTROLLED_COVERAGE_EXTENSION
---- LOAD at t=12.5 ----
  cell 1 (TN) load=18/20
  cell 2 (TN) load=12/20
  cell 3 (TN) load=13/20
  cell 4 (TN) load=11/20
  cell 5 (NTN) load=4/15
  cell 6 (NTN) load=15/15
  cell 7 (NTN) load=5/15
UE 11 TTT_WAIT target=4 elapsed=0s need=2s
UE 16 TTT_WAIT target=3 elapsed=0s need=2s
UE 18 TTT_WAIT target=1 elapsed=0s need=2s
UE 19 TTT_WAIT target=7 elapsed=0s need=2s
UE 28 TTT_WAIT target=3 elapsed=0s need=2s
UE 34 TTT_WAIT target=2 elapsed=0s need=2s
LM HO UE=35 rnti=32 5->1 type=TN servingRsrp=-78.0912 targetRsrp=-61.5317 targetLoadReal=18/20 targetLoadEff=18/20
LM HO UE=40 rnti=73 6->1 type=TN servingRsrp=-63.7672 targetRsrp=-51.2416 targetLoadReal=18/20 targetLoadEff=19/20
UE 41 TTT_WAIT target=5 elapsed=0s need=2s
UE 44 TTT_WAIT target=2 elapsed=0s need=2s
UE 47 TTT_WAIT target=7 elapsed=0s need=2s
UE 49 TTT_WAIT target=4 elapsed=0s need=2s
UE 50 TTT_WAIT target=2 elapsed=0s need=2s
UE 52 TTT_WAIT target=5 elapsed=0s need=2s
UE 54 TTT_WAIT target=5 elapsed=0s need=2s
UE 58 TTT_WAIT target=4 elapsed=0s need=2s
UE 59 TTT_WAIT target=2 elapsed=0s need=2s
UE 64 TTT_WAIT target=2 elapsed=0s need=2s
UE 66 TTT_WAIT target=3 elapsed=0s need=2s
UE 68 TTT_WAIT target=7 elapsed=0s need=2s
UE 69 TTT_WAIT target=3 elapsed=0s need=2s
LM HO_FAIL_LOW_RSRP UE=70 currCell=2 candCell=5 candRsrp=-110.898 < min=-110
UE 71 TTT_WAIT target=3 elapsed=0s need=2s
LM HO_FAIL_LOW_RSRP UE=73 currCell=1 candCell=5 candRsrp=-115.436 < min=-110
LM HO_FAIL_LOW_RSRP UE=76 currCell=2 candCell=7 candRsrp=-117.607 < min=-110
LM HO_FAIL_LOW_RSRP UE=79 currCell=2 candCell=5 candRsrp=-120.127 < min=-110
UE 82 TTT_WAIT target=5 elapsed=0s need=2s
UE 83 TTT_WAIT target=5 elapsed=0s need=2s
LM HO_FAIL_LOW_RSRP UE=87 currCell=2 candCell=5 candRsrp=-118.196 < min=-110
UE 91 TTT_WAIT target=7 elapsed=0s need=2s
UE 93 TTT_WAIT target=4 elapsed=0s need=2s
LM HO_FAIL_LOW_RSRP UE=97 currCell=3 candCell=2 candRsrp=-116.513 < min=-110
TRACE HO_SUCCESS Time=12.6151 IMSI=34 TargetCell=1 Type=TN TargetRSRP=-70.6607 ServingRSRP=-68.0406 BackhaulDlSnr=-999 BackhaulUlSnr=-999
TRACE HO_SUCCESS Time=12.6151 IMSI=39 TargetCell=1 Type=TN TargetRSRP=-53.9373 ServingRSRP=-64.784 BackhaulDlSnr=-999 BackhaulUlSnr=-999
UAV_AUTONOMY_XAPP Time=14.5 DeploymentMode=tn-uav UavIndex=0 UavCellId=5 BestDonorCellId=1 BestDonorDistanceM=143.511 XhaulConnected=1 XhaulChannelVariationDb=0 RawXhaulState=HEALTHY RawXhaulStateAgeSec=10 XhaulState=HEALTHY DonorUnavailableActive=0 SatBackhaulHealthy=0 UavSwitchingXappAvailable=0 UavSwitchingXappState=DISABLED AiPredictedBackhaulMode=RULE_BASED BackhaulMode=TN_DIRECT RicControlState=TN_E2 ActiveUavRic=LOCAL_UAV_AUTONOMY NormalUeHandoverAllowed=1 UavMode=TN_CONTROLLED_COVERAGE_EXTENSION
UAV_AUTONOMY_XAPP Time=14.5 DeploymentMode=tn-uav UavIndex=1 UavCellId=6 BestDonorCellId=1 BestDonorDistanceM=110.88 XhaulConnected=1 XhaulChannelVariationDb=0 RawXhaulState=HEALTHY RawXhaulStateAgeSec=10 XhaulState=HEALTHY DonorUnavailableActive=0 SatBackhaulHealthy=0 UavSwitchingXappAvailable=0 UavSwitchingXappState=DISABLED AiPredictedBackhaulMode=RULE_BASED BackhaulMode=TN_DIRECT RicControlState=TN_E2 ActiveUavRic=LOCAL_UAV_AUTONOMY NormalUeHandoverAllowed=1 UavMode=TN_CONTROLLED_COVERAGE_EXTENSION
UAV_AUTONOMY_XAPP Time=14.5 DeploymentMode=tn-uav UavIndex=2 UavCellId=7 BestDonorCellId=1 BestDonorDistanceM=133.08 XhaulConnected=1 XhaulChannelVariationDb=0 RawXhaulState=HEALTHY RawXhaulStateAgeSec=10 XhaulState=HEALTHY DonorUnavailableActive=0 SatBackhaulHealthy=0 UavSwitchingXappAvailable=0 UavSwitchingXappState=DISABLED AiPredictedBackhaulMode=RULE_BASED BackhaulMode=TN_DIRECT RicControlState=TN_E2 ActiveUavRic=LOCAL_UAV_AUTONOMY NormalUeHandoverAllowed=1 UavMode=TN_CONTROLLED_COVERAGE_EXTENSION
---- LOAD at t=14.5 ----
  cell 1 (TN) load=20/20
  cell 2 (TN) load=12/20
  cell 3 (TN) load=13/20
  cell 4 (TN) load=11/20
  cell 5 (NTN) load=4/15
  cell 6 (NTN) load=14/15
  cell 7 (NTN) load=5/15
UE 10 TTT_WAIT target=4 elapsed=0s need=2s
UE 11 TTT_WAIT target=2 elapsed=0s need=2s
UE 13 TTT_WAIT target=4 elapsed=0s need=2s
UE 14 TTT_WAIT target=2 elapsed=0s need=2s
UE 20 TTT_WAIT target=7 elapsed=0s need=2s
UE 21 TTT_WAIT target=7 elapsed=0s need=2s
UE 22 TTT_WAIT target=2 elapsed=0s need=2s
LM HO UE=28 rnti=66 6->3 type=TN servingRsrp=-76.6977 targetRsrp=-66.8403 targetLoadReal=13/20 targetLoadEff=13/20
UE 33 TTT_WAIT target=3 elapsed=0s need=2s
LM HO UE=34 rnti=92 1->2 type=TN servingRsrp=-102.202 targetRsrp=-84.4659 targetLoadReal=12/20 targetLoadEff=12/20
UE 38 TTT_WAIT target=5 elapsed=0s need=2s
UE 39 TTT_WAIT target=2 elapsed=0s need=2s
LM HO UE=44 rnti=74 1->2 type=TN servingRsrp=-66.5147 targetRsrp=-62.5024 targetLoadReal=12/20 targetLoadEff=13/20
LM HO UE=47 rnti=88 1->7 type=NTN servingRsrp=-80.0508 targetRsrp=-76.89 targetLoadReal=5/15 targetLoadEff=5/15
LM HO UE=49 rnti=91 6->4 type=TN servingRsrp=-107.678 targetRsrp=-87.1772 targetLoadReal=11/20 targetLoadEff=11/20
LM HO UE=58 rnti=96 3->4 type=TN servingRsrp=-69.7151 targetRsrp=-57.628 targetLoadReal=11/20 targetLoadEff=12/20
UE 60 TTT_WAIT target=7 elapsed=0s need=2s
UE 65 TTT_WAIT target=3 elapsed=0s need=2s
LM HO_FAIL_LOW_RSRP UE=68 currCell=6 candCell=5 candRsrp=-111.554 < min=-110
UE 70 TTT_WAIT target=3 elapsed=0s need=2s
UE 71 TTT_WAIT target=4 elapsed=0s need=2s
LM HO_FAIL_LOW_RSRP UE=73 currCell=1 candCell=5 candRsrp=-116.018 < min=-110
LM HO_FAIL_LOW_RSRP UE=76 currCell=2 candCell=6 candRsrp=-114.726 < min=-110
UE 77 TTT_WAIT target=6 elapsed=0s need=2s
UE 79 TTT_WAIT target=5 elapsed=0s need=2s
LM HO UE=82 rnti=57 7->5 type=NTN servingRsrp=-112.954 targetRsrp=-83.3808 targetLoadReal=4/15 targetLoadEff=4/15
LM HO_FAIL_LOW_RSRP UE=83 currCell=3 candCell=5 candRsrp=-115.388 < min=-110
UE 86 TTT_WAIT target=6 elapsed=0s need=2s
LM HO_FAIL_LOW_RSRP UE=87 currCell=2 candCell=6 candRsrp=-113.669 < min=-110
LM HO_FAIL_LOW_RSRP UE=90 currCell=1 candCell=7 candRsrp=-114.366 < min=-110
LM HO_FAIL_LOW_RSRP UE=91 currCell=2 candCell=6 candRsrp=-118.837 < min=-110
UE 93 TTT_WAIT target=5 elapsed=0s need=2s
TRACE HO_SUCCESS Time=14.6151 IMSI=43 TargetCell=2 Type=TN TargetRSRP=-61.4925 ServingRSRP=-63.0816 BackhaulDlSnr=-999 BackhaulUlSnr=-999
TRACE HO_SUCCESS Time=14.6151 IMSI=33 TargetCell=2 Type=TN TargetRSRP=-88.431 ServingRSRP=-83.0161 BackhaulDlSnr=-999 BackhaulUlSnr=-999
TRACE HO_SUCCESS Time=14.6151 IMSI=27 TargetCell=3 Type=TN TargetRSRP=-66.1149 ServingRSRP=-78.9459 BackhaulDlSnr=-999 BackhaulUlSnr=-999
TRACE HO_SUCCESS Time=14.6151 IMSI=57 TargetCell=4 Type=TN TargetRSRP=-61.568 ServingRSRP=-72.6606 BackhaulDlSnr=-999 BackhaulUlSnr=-999
TRACE HO_SUCCESS Time=14.6151 IMSI=48 TargetCell=4 Type=TN TargetRSRP=-103.354 ServingRSRP=-103.72 BackhaulDlSnr=-999 BackhaulUlSnr=-999
TRACE HO_SUCCESS Time=14.6151 IMSI=81 TargetCell=5 Type=NTN TargetRSRP=-113.885 ServingRSRP=-82.7778 BackhaulDlSnr=-999 BackhaulUlSnr=-999
TRACE HO_SUCCESS Time=14.6151 IMSI=46 TargetCell=7 Type=NTN TargetRSRP=-78.5724 ServingRSRP=-76.8894 BackhaulDlSnr=-999 BackhaulUlSnr=-999
UAV_AUTONOMY_XAPP Time=16.5 DeploymentMode=tn-uav UavIndex=0 UavCellId=5 BestDonorCellId=1 BestDonorDistanceM=143.511 XhaulConnected=1 XhaulChannelVariationDb=0 RawXhaulState=HEALTHY RawXhaulStateAgeSec=12 XhaulState=HEALTHY DonorUnavailableActive=0 SatBackhaulHealthy=0 UavSwitchingXappAvailable=0 UavSwitchingXappState=DISABLED AiPredictedBackhaulMode=RULE_BASED BackhaulMode=TN_DIRECT RicControlState=TN_E2 ActiveUavRic=LOCAL_UAV_AUTONOMY NormalUeHandoverAllowed=1 UavMode=TN_CONTROLLED_COVERAGE_EXTENSION
UAV_AUTONOMY_XAPP Time=16.5 DeploymentMode=tn-uav UavIndex=1 UavCellId=6 BestDonorCellId=1 BestDonorDistanceM=110.88 XhaulConnected=1 XhaulChannelVariationDb=0 RawXhaulState=HEALTHY RawXhaulStateAgeSec=12 XhaulState=HEALTHY DonorUnavailableActive=0 SatBackhaulHealthy=0 UavSwitchingXappAvailable=0 UavSwitchingXappState=DISABLED AiPredictedBackhaulMode=RULE_BASED BackhaulMode=TN_DIRECT RicControlState=TN_E2 ActiveUavRic=LOCAL_UAV_AUTONOMY NormalUeHandoverAllowed=1 UavMode=TN_CONTROLLED_COVERAGE_EXTENSION
UAV_AUTONOMY_XAPP Time=16.5 DeploymentMode=tn-uav UavIndex=2 UavCellId=7 BestDonorCellId=1 BestDonorDistanceM=133.08 XhaulConnected=1 XhaulChannelVariationDb=0 RawXhaulState=HEALTHY RawXhaulStateAgeSec=12 XhaulState=HEALTHY DonorUnavailableActive=0 SatBackhaulHealthy=0 UavSwitchingXappAvailable=0 UavSwitchingXappState=DISABLED AiPredictedBackhaulMode=RULE_BASED BackhaulMode=TN_DIRECT RicControlState=TN_E2 ActiveUavRic=LOCAL_UAV_AUTONOMY NormalUeHandoverAllowed=1 UavMode=TN_CONTROLLED_COVERAGE_EXTENSION
---- LOAD at t=16.5 ----
  cell 1 (TN) load=17/20
  cell 2 (TN) load=14/20
  cell 3 (TN) load=13/20
  cell 4 (TN) load=13/20
  cell 5 (NTN) load=5/15
  cell 6 (NTN) load=14/15
  cell 7 (NTN) load=5/15
UE 8 TTT_WAIT target=3 elapsed=0s need=2s
LM HO UE=11 rnti=79 3->2 type=TN servingRsrp=-87.3769 targetRsrp=-72.7313 targetLoadReal=14/20 targetLoadEff=14/20
LM HO UE=14 rnti=86 1->2 type=TN servingRsrp=-72.2581 targetRsrp=-59.1988 targetLoadReal=14/20 targetLoadEff=15/20
UE 15 TTT_WAIT target=1 elapsed=0s need=2s
LM HO UE=20 rnti=29 5->7 type=NTN servingRsrp=-94.4319 targetRsrp=-79.8889 targetLoadReal=5/15 targetLoadEff=5/15
UE 21 TTT_WAIT target=1 elapsed=0s need=2s
UE 22 TTT_WAIT target=1 elapsed=0s need=2s
UE 27 TTT_WAIT target=4 elapsed=0s need=2s
UE 31 TTT_WAIT target=7 elapsed=0s need=2s
UE 33 TTT_WAIT target=1 elapsed=0s need=2s
UE 35 TTT_WAIT target=5 elapsed=0s need=2s
UE 42 TTT_WAIT target=1 elapsed=0s need=2s
UE 49 TTT_WAIT target=5 elapsed=0s need=2s
UE 50 TTT_WAIT target=1 elapsed=0s need=2s
UE 51 TTT_WAIT target=1 elapsed=0s need=2s
UE 54 TTT_WAIT target=5 elapsed=0s need=2s
UE 62 TTT_WAIT target=1 elapsed=0s need=2s
UE 66 TTT_WAIT target=3 elapsed=0s need=2s
UE 68 TTT_WAIT target=3 elapsed=0s need=2s
LM HO_FAIL_LOW_RSRP UE=70 currCell=2 candCell=5 candRsrp=-115.104 < min=-110
UE 73 TTT_WAIT target=2 elapsed=0s need=2s
LM HO_FAIL_LOW_RSRP UE=76 currCell=2 candCell=4 candRsrp=-113.846 < min=-110
UE 79 TTT_WAIT target=1 elapsed=0s need=2s
LM HO_FAIL_LOW_RSRP UE=82 currCell=5 candCell=7 candRsrp=-112.303 < min=-110
LM HO_FAIL_LOW_RSRP UE=83 currCell=3 candCell=6 candRsrp=-113.489 < min=-110
LM HO_FAIL_LOW_RSRP UE=87 currCell=2 candCell=7 candRsrp=-117.045 < min=-110
LM HO_FAIL_LOW_RSRP UE=91 currCell=2 candCell=7 candRsrp=-114.904 < min=-110
LM HO_FAIL_LOW_RSRP UE=92 currCell=6 candCell=5 candRsrp=-116.318 < min=-110
UE 93 TTT_WAIT target=7 elapsed=0s need=2s
UE 96 TTT_WAIT target=5 elapsed=0s need=2s
LM HO_FAIL_LOW_RSRP UE=97 currCell=3 candCell=1 candRsrp=-113.688 < min=-110
TRACE HO_SUCCESS Time=16.6151 IMSI=13 TargetCell=2 Type=TN TargetRSRP=-60.0345 ServingRSRP=-67.36 BackhaulDlSnr=-999 BackhaulUlSnr=-999
TRACE HO_SUCCESS Time=16.6151 IMSI=10 TargetCell=2 Type=TN TargetRSRP=-95.7011 ServingRSRP=-85.009 BackhaulDlSnr=-999 BackhaulUlSnr=-999
TRACE HO_SUCCESS Time=16.6151 IMSI=19 TargetCell=7 Type=NTN TargetRSRP=-79.2669 ServingRSRP=-99.9407 BackhaulDlSnr=-999 BackhaulUlSnr=-999
UAV_AUTONOMY_XAPP Time=18.5 DeploymentMode=tn-uav UavIndex=0 UavCellId=5 BestDonorCellId=1 BestDonorDistanceM=143.511 XhaulConnected=1 XhaulChannelVariationDb=0 RawXhaulState=HEALTHY RawXhaulStateAgeSec=14 XhaulState=HEALTHY DonorUnavailableActive=0 SatBackhaulHealthy=0 UavSwitchingXappAvailable=0 UavSwitchingXappState=DISABLED AiPredictedBackhaulMode=RULE_BASED BackhaulMode=TN_DIRECT RicControlState=TN_E2 ActiveUavRic=LOCAL_UAV_AUTONOMY NormalUeHandoverAllowed=1 UavMode=TN_CONTROLLED_COVERAGE_EXTENSION
UAV_AUTONOMY_XAPP Time=18.5 DeploymentMode=tn-uav UavIndex=1 UavCellId=6 BestDonorCellId=1 BestDonorDistanceM=110.88 XhaulConnected=1 XhaulChannelVariationDb=0 RawXhaulState=HEALTHY RawXhaulStateAgeSec=14 XhaulState=HEALTHY DonorUnavailableActive=0 SatBackhaulHealthy=0 UavSwitchingXappAvailable=0 UavSwitchingXappState=DISABLED AiPredictedBackhaulMode=RULE_BASED BackhaulMode=TN_DIRECT RicControlState=TN_E2 ActiveUavRic=LOCAL_UAV_AUTONOMY NormalUeHandoverAllowed=1 UavMode=TN_CONTROLLED_COVERAGE_EXTENSION
UAV_AUTONOMY_XAPP Time=18.5 DeploymentMode=tn-uav UavIndex=2 UavCellId=7 BestDonorCellId=1 BestDonorDistanceM=133.08 XhaulConnected=1 XhaulChannelVariationDb=0 RawXhaulState=HEALTHY RawXhaulStateAgeSec=14 XhaulState=HEALTHY DonorUnavailableActive=0 SatBackhaulHealthy=0 UavSwitchingXappAvailable=0 UavSwitchingXappState=DISABLED AiPredictedBackhaulMode=RULE_BASED BackhaulMode=TN_DIRECT RicControlState=TN_E2 ActiveUavRic=LOCAL_UAV_AUTONOMY NormalUeHandoverAllowed=1 UavMode=TN_CONTROLLED_COVERAGE_EXTENSION
---- LOAD at t=18.5 ----
  cell 1 (TN) load=17/20
  cell 2 (TN) load=16/20
  cell 3 (TN) load=12/20
  cell 4 (TN) load=13/20
  cell 5 (NTN) load=4/15
  cell 6 (NTN) load=14/15
  cell 7 (NTN) load=6/15
UE 12 TTT_WAIT target=3 elapsed=0s need=2s
LM HO UE=15 rnti=44 2->1 type=TN servingRsrp=-85.4341 targetRsrp=-60.7748 targetLoadReal=17/20 targetLoadEff=17/20
UE 16 TTT_WAIT target=3 elapsed=0s need=2s
LM HO UE=21 rnti=30 5->1 type=TN servingRsrp=-99.5015 targetRsrp=-58.559 targetLoadReal=17/20 targetLoadEff=18/20
LM HO UE=22 rnti=91 3->1 type=TN servingRsrp=-99.4669 targetRsrp=-67.6253 targetLoadReal=17/20 targetLoadEff=19/20
UE 23 TTT_WAIT target=2 elapsed=0s need=2s
UE 28 TTT_WAIT target=6 elapsed=0s need=2s
UE 32 TTT_WAIT target=3 elapsed=0s need=2s
UE 33 TTT_WAIT target=3 elapsed=0s need=2s
UE 34 TTT_WAIT target=5 elapsed=0s need=2s
UE 38 TTT_WAIT target=5 elapsed=0s need=2s
UE 39 TTT_WAIT target=2 elapsed=0s need=2s
UE 42 TTT_WAIT target=3 elapsed=0s need=2s
UE 45 TTT_WAIT target=4 elapsed=0s need=2s
UE 47 TTT_WAIT target=6 elapsed=0s need=2s
UE 58 TTT_WAIT target=3 elapsed=0s need=2s
UE 60 TTT_WAIT target=3 elapsed=0s need=2s
UE 61 TTT_WAIT target=3 elapsed=0s need=2s
LM HO UE=66 rnti=118 4->3 type=TN servingRsrp=-83.9641 targetRsrp=-71.9722 targetLoadReal=12/20 targetLoadEff=12/20
LM HO_FAIL_LOW_RSRP UE=70 currCell=2 candCell=6 candRsrp=-116.074 < min=-110
UE 71 TTT_WAIT target=4 elapsed=0s need=2s
LM HO_FAIL_LOW_RSRP UE=73 currCell=1 candCell=7 candRsrp=-115.367 < min=-110
UE 76 TTT_WAIT target=4 elapsed=0s need=2s
UE 77 TTT_WAIT target=6 elapsed=0s need=2s
LM HO_FAIL_LOW_RSRP UE=79 currCell=2 candCell=7 candRsrp=-110.758 < min=-110
UE 83 TTT_WAIT target=2 elapsed=0s need=2s
LM HO_FAIL_LOW_RSRP UE=85 currCell=1 candCell=5 candRsrp=-113.53 < min=-110
LM HO_FAIL_LOW_RSRP UE=86 currCell=7 candCell=6 candRsrp=-118.737 < min=-110
LM HO_FAIL_LOW_RSRP UE=90 currCell=1 candCell=2 candRsrp=-115.399 < min=-110
UE 91 TTT_WAIT target=6 elapsed=0s need=2s
UE 92 TTT_WAIT target=3 elapsed=0s need=2s
UE 93 TTT_WAIT target=2 elapsed=0s need=2s
UE 97 TTT_WAIT target=4 elapsed=0s need=2s
TRACE HO_SUCCESS Time=18.6151 IMSI=14 TargetCell=1 Type=TN TargetRSRP=-57.037 ServingRSRP=-63.6005 BackhaulDlSnr=-999 BackhaulUlSnr=-999
TRACE HO_SUCCESS Time=18.6151 IMSI=21 TargetCell=1 Type=TN TargetRSRP=-66.2391 ServingRSRP=-68.7388 BackhaulDlSnr=-999 BackhaulUlSnr=-999
TRACE HO_SUCCESS Time=18.6151 IMSI=20 TargetCell=1 Type=TN TargetRSRP=-60.565 ServingRSRP=-67.452 BackhaulDlSnr=-999 BackhaulUlSnr=-999
TRACE HO_SUCCESS Time=18.6151 IMSI=65 TargetCell=3 Type=TN TargetRSRP=-97.4302 ServingRSRP=-90.9103 BackhaulDlSnr=-999 BackhaulUlSnr=-999
UAV_AUTONOMY_XAPP Time=20.5 DeploymentMode=tn-uav UavIndex=0 UavCellId=5 BestDonorCellId=1 BestDonorDistanceM=143.511 XhaulConnected=1 XhaulChannelVariationDb=0 RawXhaulState=HEALTHY RawXhaulStateAgeSec=16 XhaulState=HEALTHY DonorUnavailableActive=0 SatBackhaulHealthy=0 UavSwitchingXappAvailable=0 UavSwitchingXappState=DISABLED AiPredictedBackhaulMode=RULE_BASED BackhaulMode=TN_DIRECT RicControlState=TN_E2 ActiveUavRic=LOCAL_UAV_AUTONOMY NormalUeHandoverAllowed=1 UavMode=TN_CONTROLLED_COVERAGE_EXTENSION
UAV_AUTONOMY_XAPP Time=20.5 DeploymentMode=tn-uav UavIndex=1 UavCellId=6 BestDonorCellId=1 BestDonorDistanceM=110.88 XhaulConnected=1 XhaulChannelVariationDb=0 RawXhaulState=HEALTHY RawXhaulStateAgeSec=16 XhaulState=HEALTHY DonorUnavailableActive=0 SatBackhaulHealthy=0 UavSwitchingXappAvailable=0 UavSwitchingXappState=DISABLED AiPredictedBackhaulMode=RULE_BASED BackhaulMode=TN_DIRECT RicControlState=TN_E2 ActiveUavRic=LOCAL_UAV_AUTONOMY NormalUeHandoverAllowed=1 UavMode=TN_CONTROLLED_COVERAGE_EXTENSION
UAV_AUTONOMY_XAPP Time=20.5 DeploymentMode=tn-uav UavIndex=2 UavCellId=7 BestDonorCellId=1 BestDonorDistanceM=133.08 XhaulConnected=1 XhaulChannelVariationDb=0 RawXhaulState=HEALTHY RawXhaulStateAgeSec=16 XhaulState=HEALTHY DonorUnavailableActive=0 SatBackhaulHealthy=0 UavSwitchingXappAvailable=0 UavSwitchingXappState=DISABLED AiPredictedBackhaulMode=RULE_BASED BackhaulMode=TN_DIRECT RicControlState=TN_E2 ActiveUavRic=LOCAL_UAV_AUTONOMY NormalUeHandoverAllowed=1 UavMode=TN_CONTROLLED_COVERAGE_EXTENSION
---- LOAD at t=20.5 ----
  cell 1 (TN) load=20/20
  cell 2 (TN) load=15/20
  cell 3 (TN) load=12/20
  cell 4 (TN) load=12/20
  cell 5 (NTN) load=3/15
  cell 6 (NTN) load=14/15
  cell 7 (NTN) load=6/15
UE 8 TTT_WAIT target=3 elapsed=0s need=2s
UE 11 TTT_WAIT target=5 elapsed=0s need=2s
UE 12 TTT_WAIT target=2 elapsed=0s need=2s
UE 18 TTT_WAIT target=2 elapsed=0s need=2s
UE 27 TTT_WAIT target=4 elapsed=0s need=2s
LM HO UE=28 rnti=107 3->6 type=NTN servingRsrp=-88.1541 targetRsrp=-72.8465 targetLoadReal=14/15 targetLoadEff=14/15
UE 31 TTT_WAIT target=4 elapsed=0s need=2s
LM HO UE=33 rnti=109 4->3 type=TN servingRsrp=-70.2579 targetRsrp=-66.823 targetLoadReal=12/20 targetLoadEff=12/20
LM HO UE=34 rnti=106 2->5 type=NTN servingRsrp=-97.3826 targetRsrp=-91.3568 targetLoadReal=3/15 targetLoadEff=3/15
UE 37 TTT_WAIT target=2 elapsed=0s need=2s
UE 45 TTT_WAIT target=3 elapsed=0s need=2s
UE 46 TTT_WAIT target=3 elapsed=0s need=2s
UE 47 TTT_WAIT target=5 elapsed=0s need=2s
UE 49 TTT_WAIT target=3 elapsed=0s need=2s
UE 50 TTT_WAIT target=2 elapsed=0s need=2s
UE 51 TTT_WAIT target=2 elapsed=0s need=2s
UE 54 TTT_WAIT target=5 elapsed=0s need=2s
UE 55 TTT_WAIT target=4 elapsed=0s need=2s
LM HO UE=60 rnti=77 6->3 type=TN servingRsrp=-101.181 targetRsrp=-87.6722 targetLoadReal=12/20 targetLoadEff=13/20
UE 66 TTT_WAIT target=4 elapsed=0s need=2s
UE 69 TTT_WAIT target=2 elapsed=0s need=2s
LM HO_FAIL_LOW_RSRP UE=70 currCell=2 candCell=5 candRsrp=-111.983 < min=-110
LM HO UE=71 rnti=48 5->4 type=TN servingRsrp=-117.894 targetRsrp=-79.1961 targetLoadReal=12/20 targetLoadEff=12/20
UE 72 TTT_WAIT target=4 elapsed=0s need=2s
LM HO_FAIL_LOW_RSRP UE=73 currCell=1 candCell=2 candRsrp=-114.225 < min=-110
LM HO_FAIL_LOW_RSRP UE=76 currCell=2 candCell=5 candRsrp=-115.823 < min=-110
LM HO_FAIL_LOW_RSRP UE=79 currCell=2 candCell=7 candRsrp=-114.487 < min=-110
UE 80 TTT_WAIT target=4 elapsed=0s need=2s
LM HO_FAIL_LOW_RSRP UE=81 currCell=6 candCell=7 candRsrp=-118.705 < min=-110
UE 85 TTT_WAIT target=5 elapsed=0s need=2s
LM HO_FAIL_LOW_RSRP UE=87 currCell=2 candCell=7 candRsrp=-117.747 < min=-110
LM HO_FAIL_LOW_RSRP UE=90 currCell=1 candCell=5 candRsrp=-115.581 < min=-110
UE 91 TTT_WAIT target=3 elapsed=0s need=2s
UE 92 TTT_WAIT target=4 elapsed=0s need=2s
UE 93 TTT_WAIT target=4 elapsed=0s need=2s
UE 96 TTT_WAIT target=5 elapsed=0s need=2s
LM HO_FAIL_LOW_RSRP UE=97 currCell=3 candCell=4 candRsrp=-116.39 < min=-110
TRACE HO_SUCCESS Time=20.6151 IMSI=32 TargetCell=3 Type=TN TargetRSRP=-95.591 ServingRSRP=-87.9183 BackhaulDlSnr=-999 BackhaulUlSnr=-999
TRACE HO_SUCCESS Time=20.6151 IMSI=59 TargetCell=3 Type=TN TargetRSRP=-91.7351 ServingRSRP=-96.5564 BackhaulDlSnr=-999 BackhaulUlSnr=-999
TRACE HO_SUCCESS Time=20.6151 IMSI=70 TargetCell=4 Type=TN TargetRSRP=-113.853 ServingRSRP=-90.7 BackhaulDlSnr=-999 BackhaulUlSnr=-999
TRACE HO_SUCCESS Time=20.6151 IMSI=33 TargetCell=5 Type=NTN TargetRSRP=-111.615 ServingRSRP=-86.6546 BackhaulDlSnr=-999 BackhaulUlSnr=-999
TRACE HO_SUCCESS Time=20.6151 IMSI=27 TargetCell=6 Type=NTN TargetRSRP=-97.1036 ServingRSRP=-83.384 BackhaulDlSnr=-999 BackhaulUlSnr=-999
UAV_AUTONOMY_XAPP Time=22.5 DeploymentMode=tn-uav UavIndex=0 UavCellId=5 BestDonorCellId=1 BestDonorDistanceM=143.511 XhaulConnected=1 XhaulChannelVariationDb=0 RawXhaulState=HEALTHY RawXhaulStateAgeSec=18 XhaulState=HEALTHY DonorUnavailableActive=0 SatBackhaulHealthy=0 UavSwitchingXappAvailable=0 UavSwitchingXappState=DISABLED AiPredictedBackhaulMode=RULE_BASED BackhaulMode=TN_DIRECT RicControlState=TN_E2 ActiveUavRic=LOCAL_UAV_AUTONOMY NormalUeHandoverAllowed=1 UavMode=TN_CONTROLLED_COVERAGE_EXTENSION
UAV_AUTONOMY_XAPP Time=22.5 DeploymentMode=tn-uav UavIndex=1 UavCellId=6 BestDonorCellId=1 BestDonorDistanceM=110.88 XhaulConnected=1 XhaulChannelVariationDb=0 RawXhaulState=HEALTHY RawXhaulStateAgeSec=18 XhaulState=HEALTHY DonorUnavailableActive=0 SatBackhaulHealthy=0 UavSwitchingXappAvailable=0 UavSwitchingXappState=DISABLED AiPredictedBackhaulMode=RULE_BASED BackhaulMode=TN_DIRECT RicControlState=TN_E2 ActiveUavRic=LOCAL_UAV_AUTONOMY NormalUeHandoverAllowed=1 UavMode=TN_CONTROLLED_COVERAGE_EXTENSION
UAV_AUTONOMY_XAPP Time=22.5 DeploymentMode=tn-uav UavIndex=2 UavCellId=7 BestDonorCellId=1 BestDonorDistanceM=133.08 XhaulConnected=1 XhaulChannelVariationDb=0 RawXhaulState=HEALTHY RawXhaulStateAgeSec=18 XhaulState=HEALTHY DonorUnavailableActive=0 SatBackhaulHealthy=0 UavSwitchingXappAvailable=0 UavSwitchingXappState=DISABLED AiPredictedBackhaulMode=RULE_BASED BackhaulMode=TN_DIRECT RicControlState=TN_E2 ActiveUavRic=LOCAL_UAV_AUTONOMY NormalUeHandoverAllowed=1 UavMode=TN_CONTROLLED_COVERAGE_EXTENSION
---- LOAD at t=22.5 ----
  cell 1 (TN) load=20/20
  cell 2 (TN) load=15/20
  cell 3 (TN) load=13/20
  cell 4 (TN) load=12/20
  cell 5 (NTN) load=3/15
  cell 6 (NTN) load=15/15
  cell 7 (NTN) load=6/15
UE 11 TTT_WAIT target=4 elapsed=0s need=2s
UE 12 TTT_WAIT target=3 elapsed=0s need=2s
UE 16 TTT_WAIT target=2 elapsed=0s need=2s
UE 24 TTT_WAIT target=4 elapsed=0s need=2s
UE 28 TTT_WAIT target=3 elapsed=0s need=2s
UE 29 TTT_WAIT target=4 elapsed=0s need=2s
UE 31 TTT_WAIT target=5 elapsed=0s need=2s
UE 38 TTT_WAIT target=5 elapsed=0s need=2s
UE 39 TTT_WAIT target=2 elapsed=0s need=2s
UE 42 TTT_WAIT target=3 elapsed=0s need=2s
UE 45 TTT_WAIT target=5 elapsed=0s need=2s
UE 46 TTT_WAIT target=4 elapsed=0s need=2s
LM HO UE=47 rnti=58 7->5 type=NTN servingRsrp=-77.3052 targetRsrp=-66.2568 targetLoadReal=3/15 targetLoadEff=3/15
LM HO UE=50 rnti=93 3->2 type=TN servingRsrp=-90.8828 targetRsrp=-63.7653 targetLoadReal=15/20 targetLoadEff=15/20
LM HO UE=55 rnti=94 3->4 type=TN servingRsrp=-61.7748 targetRsrp=-57.1354 targetLoadReal=12/20 targetLoadEff=12/20
UE 60 TTT_WAIT target=7 elapsed=0s need=2s
UE 61 TTT_WAIT target=3 elapsed=0s need=2s
LM HO UE=66 rnti=108 3->4 type=TN servingRsrp=-99.795 targetRsrp=-95.7513 targetLoadReal=12/20 targetLoadEff=13/20
UE 67 TTT_WAIT target=3 elapsed=0s need=2s
LM HO_FAIL_LOW_RSRP UE=70 currCell=2 candCell=5 candRsrp=-115.531 < min=-110
UE 71 TTT_WAIT target=5 elapsed=0s need=2s
UE 73 TTT_WAIT target=3 elapsed=0s need=2s
UE 74 TTT_WAIT target=4 elapsed=0s need=2s
LM HO_FAIL_LOW_RSRP UE=76 currCell=2 candCell=7 candRsrp=-113.747 < min=-110
LM HO_FAIL_LOW_RSRP UE=79 currCell=2 candCell=5 candRsrp=-114.522 < min=-110
UE 82 TTT_WAIT target=4 elapsed=0s need=2s
UE 85 TTT_WAIT target=3 elapsed=0s need=2s
UE 86 TTT_WAIT target=5 elapsed=0s need=2s
LM HO_FAIL_LOW_RSRP UE=87 currCell=2 candCell=5 candRsrp=-116.677 < min=-110
LM HO_FAIL_LOW_RSRP UE=90 currCell=1 candCell=7 candRsrp=-116.911 < min=-110
UE 91 TTT_WAIT target=7 elapsed=0s need=2s
LM HO_FAIL_LOW_RSRP UE=92 currCell=6 candCell=7 candRsrp=-116.519 < min=-110
UE 93 TTT_WAIT target=5 elapsed=0s need=2s
UE 94 TTT_WAIT target=5 elapsed=0s need=2s
UE 96 TTT_WAIT target=4 elapsed=0s need=2s
LM HO_FAIL_LOW_RSRP UE=97 currCell=3 candCell=2 candRsrp=-115.821 < min=-110
TRACE HO_SUCCESS Time=22.6151 IMSI=49 TargetCell=2 Type=TN TargetRSRP=-94.3167 ServingRSRP=-77.7768 BackhaulDlSnr=-999 BackhaulUlSnr=-999
TRACE HO_SUCCESS Time=22.6151 IMSI=54 TargetCell=4 Type=TN TargetRSRP=-58.6418 ServingRSRP=-59.9136 BackhaulDlSnr=-999 BackhaulUlSnr=-999
TRACE HO_SUCCESS Time=22.6151 IMSI=65 TargetCell=4 Type=TN TargetRSRP=-98.0403 ServingRSRP=-94.0984 BackhaulDlSnr=-999 BackhaulUlSnr=-999
TRACE HO_SUCCESS Time=22.6151 IMSI=46 TargetCell=5 Type=NTN TargetRSRP=-83.8259 ServingRSRP=-86.3857 BackhaulDlSnr=-999 BackhaulUlSnr=-999
UAV_AUTONOMY_XAPP Time=24.5 DeploymentMode=tn-uav UavIndex=0 UavCellId=5 BestDonorCellId=1 BestDonorDistanceM=143.511 XhaulConnected=1 XhaulChannelVariationDb=0 RawXhaulState=HEALTHY RawXhaulStateAgeSec=20 XhaulState=HEALTHY DonorUnavailableActive=0 SatBackhaulHealthy=0 UavSwitchingXappAvailable=0 UavSwitchingXappState=DISABLED AiPredictedBackhaulMode=RULE_BASED BackhaulMode=TN_DIRECT RicControlState=TN_E2 ActiveUavRic=LOCAL_UAV_AUTONOMY NormalUeHandoverAllowed=1 UavMode=TN_CONTROLLED_COVERAGE_EXTENSION
UAV_AUTONOMY_XAPP Time=24.5 DeploymentMode=tn-uav UavIndex=1 UavCellId=6 BestDonorCellId=1 BestDonorDistanceM=110.88 XhaulConnected=1 XhaulChannelVariationDb=0 RawXhaulState=HEALTHY RawXhaulStateAgeSec=20 XhaulState=HEALTHY DonorUnavailableActive=0 SatBackhaulHealthy=0 UavSwitchingXappAvailable=0 UavSwitchingXappState=DISABLED AiPredictedBackhaulMode=RULE_BASED BackhaulMode=TN_DIRECT RicControlState=TN_E2 ActiveUavRic=LOCAL_UAV_AUTONOMY NormalUeHandoverAllowed=1 UavMode=TN_CONTROLLED_COVERAGE_EXTENSION
UAV_AUTONOMY_XAPP Time=24.5 DeploymentMode=tn-uav UavIndex=2 UavCellId=7 BestDonorCellId=1 BestDonorDistanceM=133.08 XhaulConnected=1 XhaulChannelVariationDb=0 RawXhaulState=HEALTHY RawXhaulStateAgeSec=20 XhaulState=HEALTHY DonorUnavailableActive=0 SatBackhaulHealthy=0 UavSwitchingXappAvailable=0 UavSwitchingXappState=DISABLED AiPredictedBackhaulMode=RULE_BASED BackhaulMode=TN_DIRECT RicControlState=TN_E2 ActiveUavRic=LOCAL_UAV_AUTONOMY NormalUeHandoverAllowed=1 UavMode=TN_CONTROLLED_COVERAGE_EXTENSION
---- LOAD at t=24.5 ----
  cell 1 (TN) load=20/20
  cell 2 (TN) load=17/20
  cell 3 (TN) load=10/20
  cell 4 (TN) load=14/20
  cell 5 (NTN) load=4/15
  cell 6 (NTN) load=15/15
  cell 7 (NTN) load=5/15
UE 8 TTT_WAIT target=3 elapsed=0s need=2s
UE 9 TTT_WAIT target=2 elapsed=0s need=2s
UE 12 TTT_WAIT target=2 elapsed=0s need=2s
UE 19 TTT_WAIT target=4 elapsed=0s need=2s
UE 20 TTT_WAIT target=5 elapsed=0s need=2s
LM HO UE=24 rnti=64 6->4 type=TN servingRsrp=-111.721 targetRsrp=-80.4489 targetLoadReal=14/20 targetLoadEff=14/20
UE 25 TTT_WAIT target=2 elapsed=0s need=2s
LM HO UE=28 rnti=150 6->3 type=TN servingRsrp=-101.285 targetRsrp=-84.9213 targetLoadReal=10/20 targetLoadEff=10/20
LM HO UE=29 rnti=92 3->4 type=TN servingRsrp=-91.1779 targetRsrp=-78.7005 targetLoadReal=14/20 targetLoadEff=15/20
UE 31 TTT_WAIT target=4 elapsed=0s need=2s
UE 32 TTT_WAIT target=4 elapsed=0s need=2s
UE 33 TTT_WAIT target=4 elapsed=0s need=2s
UE 34 TTT_WAIT target=2 elapsed=0s need=2s
UE 35 TTT_WAIT target=2 elapsed=0s need=2s
UE 40 TTT_WAIT target=2 elapsed=0s need=2s
LM HO UE=42 rnti=112 4->3 type=TN servingRsrp=-96.1565 targetRsrp=-80.3671 targetLoadReal=10/20 targetLoadEff=11/20
LM HO UE=45 rnti=75 6->5 type=NTN servingRsrp=-90.0552 targetRsrp=-82.4099 targetLoadReal=4/15 targetLoadEff=4/15
UE 49 TTT_WAIT target=3 elapsed=0s need=2s
UE 50 TTT_WAIT target=3 elapsed=0s need=2s
UE 51 TTT_WAIT target=3 elapsed=0s need=2s
UE 52 TTT_WAIT target=3 elapsed=0s need=2s
UE 53 TTT_WAIT target=3 elapsed=0s need=2s
UE 54 TTT_WAIT target=5 elapsed=0s need=2s
UE 56 TTT_WAIT target=4 elapsed=0s need=2s
UE 58 TTT_WAIT target=3 elapsed=0s need=2s
UE 59 TTT_WAIT target=2 elapsed=0s need=2s
UE 60 TTT_WAIT target=5 elapsed=0s need=2s
UE 66 TTT_WAIT target=3 elapsed=0s need=2s
LM HO_FAIL_LOW_RSRP UE=68 currCell=6 candCell=7 candRsrp=-118.25 < min=-110
LM HO_FAIL_LOW_RSRP UE=70 currCell=2 candCell=5 candRsrp=-117.202 < min=-110
LM HO_FAIL_LOW_RSRP UE=71 currCell=4 candCell=7 candRsrp=-118.322 < min=-110
LM HO_FAIL_LOW_RSRP UE=73 currCell=1 candCell=5 candRsrp=-116.015 < min=-110
LM HO_FAIL_LOW_RSRP UE=74 currCell=2 candCell=3 candRsrp=-114.837 < min=-110
UE 76 TTT_WAIT target=3 elapsed=0s need=2s
UE 79 TTT_WAIT target=4 elapsed=0s need=2s
LM HO_FAIL_LOW_RSRP UE=82 currCell=5 candCell=7 candRsrp=-112.511 < min=-110
LM HO_FAIL_LOW_RSRP UE=83 currCell=3 candCell=5 candRsrp=-114.993 < min=-110
LM HO_FAIL_LOW_RSRP UE=85 currCell=1 candCell=5 candRsrp=-116.012 < min=-110
LM HO_FAIL_LOW_RSRP UE=87 currCell=2 candCell=7 candRsrp=-119.774 < min=-110
UE 88 TTT_WAIT target=7 elapsed=0s need=2s
LM HO_FAIL_LOW_RSRP UE=90 currCell=1 candCell=7 candRsrp=-116.12 < min=-110
LM HO UE=91 rnti=96 2->7 type=NTN servingRsrp=-112.603 targetRsrp=-87.9986 targetLoadReal=5/15 targetLoadEff=5/15
LM HO_FAIL_LOW_RSRP UE=93 currCell=1 candCell=5 candRsrp=-119.223 < min=-110
LM HO_FAIL_LOW_RSRP UE=94 currCell=6 candCell=5 candRsrp=-112.436 < min=-110
LM HO_FAIL_LOW_RSRP UE=96 currCell=2 candCell=5 candRsrp=-117.926 < min=-110
LM HO_FAIL_LOW_RSRP UE=97 currCell=3 candCell=2 candRsrp=-114.547 < min=-110
TRACE HO_SUCCESS Time=24.6151 IMSI=41 TargetCell=3 Type=TN TargetRSRP=-104.647 ServingRSRP=-74.892 BackhaulDlSnr=-999 BackhaulUlSnr=-999
TRACE HO_SUCCESS Time=24.6151 IMSI=27 TargetCell=3 Type=TN TargetRSRP=-84.2968 ServingRSRP=-92.1393 BackhaulDlSnr=-999 BackhaulUlSnr=-999
TRACE HO_SUCCESS Time=24.6151 IMSI=28 TargetCell=4 Type=TN TargetRSRP=-67.6003 ServingRSRP=-95.7085 BackhaulDlSnr=-999 BackhaulUlSnr=-999
TRACE HO_SUCCESS Time=24.6151 IMSI=23 TargetCell=4 Type=TN TargetRSRP=-93.2483 ServingRSRP=-99.978 BackhaulDlSnr=-999 BackhaulUlSnr=-999
TRACE HO_SUCCESS Time=24.6151 IMSI=44 TargetCell=5 Type=NTN TargetRSRP=-77.3072 ServingRSRP=-86.6292 BackhaulDlSnr=-999 BackhaulUlSnr=-999
TRACE HO_SUCCESS Time=24.6151 IMSI=90 TargetCell=7 Type=NTN TargetRSRP=-112.115 ServingRSRP=-109.935 BackhaulDlSnr=-999 BackhaulUlSnr=-999
UAV_AUTONOMY_XAPP Time=26.5 DeploymentMode=tn-uav UavIndex=0 UavCellId=5 BestDonorCellId=1 BestDonorDistanceM=143.511 XhaulConnected=1 XhaulChannelVariationDb=0 RawXhaulState=HEALTHY RawXhaulStateAgeSec=22 XhaulState=HEALTHY DonorUnavailableActive=0 SatBackhaulHealthy=0 UavSwitchingXappAvailable=0 UavSwitchingXappState=DISABLED AiPredictedBackhaulMode=RULE_BASED BackhaulMode=TN_DIRECT RicControlState=TN_E2 ActiveUavRic=LOCAL_UAV_AUTONOMY NormalUeHandoverAllowed=1 UavMode=TN_CONTROLLED_COVERAGE_EXTENSION
UAV_AUTONOMY_XAPP Time=26.5 DeploymentMode=tn-uav UavIndex=1 UavCellId=6 BestDonorCellId=1 BestDonorDistanceM=110.88 XhaulConnected=1 XhaulChannelVariationDb=0 RawXhaulState=HEALTHY RawXhaulStateAgeSec=22 XhaulState=HEALTHY DonorUnavailableActive=0 SatBackhaulHealthy=0 UavSwitchingXappAvailable=0 UavSwitchingXappState=DISABLED AiPredictedBackhaulMode=RULE_BASED BackhaulMode=TN_DIRECT RicControlState=TN_E2 ActiveUavRic=LOCAL_UAV_AUTONOMY NormalUeHandoverAllowed=1 UavMode=TN_CONTROLLED_COVERAGE_EXTENSION
UAV_AUTONOMY_XAPP Time=26.5 DeploymentMode=tn-uav UavIndex=2 UavCellId=7 BestDonorCellId=1 BestDonorDistanceM=133.08 XhaulConnected=1 XhaulChannelVariationDb=0 RawXhaulState=HEALTHY RawXhaulStateAgeSec=22 XhaulState=HEALTHY DonorUnavailableActive=0 SatBackhaulHealthy=0 UavSwitchingXappAvailable=0 UavSwitchingXappState=DISABLED AiPredictedBackhaulMode=RULE_BASED BackhaulMode=TN_DIRECT RicControlState=TN_E2 ActiveUavRic=LOCAL_UAV_AUTONOMY NormalUeHandoverAllowed=1 UavMode=TN_CONTROLLED_COVERAGE_EXTENSION
---- LOAD at t=26.5 ----
  cell 1 (TN) load=20/20
  cell 2 (TN) load=16/20
  cell 3 (TN) load=11/20
  cell 4 (TN) load=15/20
  cell 5 (NTN) load=5/15
  cell 6 (NTN) load=14/15
  cell 7 (NTN) load=7/15
UE 17 TTT_WAIT target=6 elapsed=0s need=2s
LM HO UE=19 rnti=65 1->4 type=TN servingRsrp=-98.2002 targetRsrp=-63.2461 targetLoadReal=15/20 targetLoadEff=15/20
UE 24 TTT_WAIT target=3 elapsed=0s need=2s
UE 28 TTT_WAIT target=6 elapsed=0s need=2s
UE 29 TTT_WAIT target=5 elapsed=0s need=2s
UE 32 TTT_WAIT target=3 elapsed=0s need=2s
LM HO UE=34 rnti=58 5->2 type=TN servingRsrp=-99.0589 targetRsrp=-78.8656 targetLoadReal=16/20 targetLoadEff=16/20
UE 36 TTT_WAIT target=3 elapsed=0s need=2s
UE 40 TTT_WAIT target=5 elapsed=0s need=2s
UE 42 TTT_WAIT target=4 elapsed=0s need=2s
UE 45 TTT_WAIT target=6 elapsed=0s need=2s
UE 46 TTT_WAIT target=4 elapsed=0s need=2s
UE 51 TTT_WAIT target=5 elapsed=0s need=2s
UE 52 TTT_WAIT target=5 elapsed=0s need=2s
UE 53 TTT_WAIT target=2 elapsed=0s need=2s
LM HO UE=59 rnti=76 1->2 type=TN servingRsrp=-98.2458 targetRsrp=-71.0163 targetLoadReal=16/20 targetLoadEff=17/20
UE 64 TTT_WAIT target=4 elapsed=0s need=2s
UE 67 TTT_WAIT target=4 elapsed=0s need=2s
UE 70 TTT_WAIT target=7 elapsed=0s need=2s
UE 71 TTT_WAIT target=7 elapsed=0s need=2s
UE 72 TTT_WAIT target=2 elapsed=0s need=2s
LM HO_FAIL_LOW_RSRP UE=74 currCell=2 candCell=3 candRsrp=-115.027 < min=-110
LM HO_FAIL_LOW_RSRP UE=75 currCell=6 candCell=7 candRsrp=-115.152 < min=-110
UE 76 TTT_WAIT target=7 elapsed=0s need=2s
UE 80 TTT_WAIT target=3 elapsed=0s need=2s
LM HO_FAIL_LOW_RSRP UE=82 currCell=5 candCell=6 candRsrp=-113.894 < min=-110
LM HO_FAIL_LOW_RSRP UE=83 currCell=3 candCell=6 candRsrp=-116.847 < min=-110
LM HO_FAIL_LOW_RSRP UE=85 currCell=1 candCell=2 candRsrp=-111.75 < min=-110
UE 86 TTT_WAIT target=2 elapsed=0s need=2s
UE 87 TTT_WAIT target=5 elapsed=0s need=2s
LM HO_FAIL_LOW_RSRP UE=88 currCell=2 candCell=5 candRsrp=-110.92 < min=-110
LM HO_FAIL_LOW_RSRP UE=90 currCell=1 candCell=6 candRsrp=-114.292 < min=-110
UE 93 TTT_WAIT target=2 elapsed=0s need=2s
LM HO_FAIL_LOW_RSRP UE=94 currCell=6 candCell=5 candRsrp=-114.213 < min=-110
UE 95 TTT_WAIT target=4 elapsed=0s need=2s
LM HO_FAIL_LOW_RSRP UE=97 currCell=3 candCell=2 candRsrp=-116.995 < min=-110
TRACE HO_SUCCESS Time=26.6151 IMSI=58 TargetCell=2 Type=TN TargetRSRP=-94.1508 ServingRSRP=-74.2116 BackhaulDlSnr=-999 BackhaulUlSnr=-999
TRACE HO_SUCCESS Time=26.6151 IMSI=33 TargetCell=2 Type=TN TargetRSRP=-94.1041 ServingRSRP=-85.3756 BackhaulDlSnr=-999 BackhaulUlSnr=-999
TRACE HO_SUCCESS Time=26.6151 IMSI=18 TargetCell=4 Type=TN TargetRSRP=-88.8117 ServingRSRP=-85.0918 BackhaulDlSnr=-999 BackhaulUlSnr=-999
UAV_AUTONOMY_XAPP Time=28.5 DeploymentMode=tn-uav UavIndex=0 UavCellId=5 BestDonorCellId=1 BestDonorDistanceM=143.511 XhaulConnected=1 XhaulChannelVariationDb=0 RawXhaulState=HEALTHY RawXhaulStateAgeSec=24 XhaulState=HEALTHY DonorUnavailableActive=0 SatBackhaulHealthy=0 UavSwitchingXappAvailable=0 UavSwitchingXappState=DISABLED AiPredictedBackhaulMode=RULE_BASED BackhaulMode=TN_DIRECT RicControlState=TN_E2 ActiveUavRic=LOCAL_UAV_AUTONOMY NormalUeHandoverAllowed=1 UavMode=TN_CONTROLLED_COVERAGE_EXTENSION
UAV_AUTONOMY_XAPP Time=28.5 DeploymentMode=tn-uav UavIndex=1 UavCellId=6 BestDonorCellId=1 BestDonorDistanceM=110.88 XhaulConnected=1 XhaulChannelVariationDb=0 RawXhaulState=HEALTHY RawXhaulStateAgeSec=24 XhaulState=HEALTHY DonorUnavailableActive=0 SatBackhaulHealthy=0 UavSwitchingXappAvailable=0 UavSwitchingXappState=DISABLED AiPredictedBackhaulMode=RULE_BASED BackhaulMode=TN_DIRECT RicControlState=TN_E2 ActiveUavRic=LOCAL_UAV_AUTONOMY NormalUeHandoverAllowed=1 UavMode=TN_CONTROLLED_COVERAGE_EXTENSION
UAV_AUTONOMY_XAPP Time=28.5 DeploymentMode=tn-uav UavIndex=2 UavCellId=7 BestDonorCellId=1 BestDonorDistanceM=133.08 XhaulConnected=1 XhaulChannelVariationDb=0 RawXhaulState=HEALTHY RawXhaulStateAgeSec=24 XhaulState=HEALTHY DonorUnavailableActive=0 SatBackhaulHealthy=0 UavSwitchingXappAvailable=0 UavSwitchingXappState=DISABLED AiPredictedBackhaulMode=RULE_BASED BackhaulMode=TN_DIRECT RicControlState=TN_E2 ActiveUavRic=LOCAL_UAV_AUTONOMY NormalUeHandoverAllowed=1 UavMode=TN_CONTROLLED_COVERAGE_EXTENSION
---- LOAD at t=28.5 ----
  cell 1 (TN) load=19/20
  cell 2 (TN) load=18/20
  cell 3 (TN) load=12/20
  cell 4 (TN) load=16/20
  cell 5 (NTN) load=4/15
  cell 6 (NTN) load=14/15
  cell 7 (NTN) load=7/15
UE 8 TTT_WAIT target=1 elapsed=0s need=2s
UE 11 TTT_WAIT target=1 elapsed=0s need=2s
UE 12 TTT_WAIT target=3 elapsed=0s need=2s
UE 16 TTT_WAIT target=3 elapsed=0s need=2s
UE 17 TTT_WAIT target=2 elapsed=0s need=2s
UE 18 TTT_WAIT target=7 elapsed=0s need=2s
UE 21 TTT_WAIT target=2 elapsed=0s need=2s
UE 27 TTT_WAIT target=4 elapsed=0s need=2s
UE 28 TTT_WAIT target=7 elapsed=0s need=2s
UE 30 TTT_WAIT target=3 elapsed=0s need=2s
UE 31 TTT_WAIT target=3 elapsed=0s need=2s
LM HO UE=32 rnti=46 2->3 type=TN servingRsrp=-93.7517 targetRsrp=-70.7554 targetLoadReal=12/20 targetLoadEff=12/20
UE 33 TTT_WAIT target=1 elapsed=0s need=2s
LM HO UE=36 rnti=110 4->3 type=TN servingRsrp=-91.5945 targetRsrp=-77.3828 targetLoadReal=12/20 targetLoadEff=13/20
UE 37 TTT_WAIT target=1 elapsed=0s need=2s
UE 38 TTT_WAIT target=5 elapsed=0s need=2s
UE 42 TTT_WAIT target=2 elapsed=0s need=2s
UE 44 TTT_WAIT target=5 elapsed=0s need=2s
LM HO UE=45 rnti=60 5->6 type=NTN servingRsrp=-91.0494 targetRsrp=-72.7985 targetLoadReal=14/15 targetLoadEff=14/15
LM HO UE=46 rnti=75 1->4 type=TN servingRsrp=-92.7746 targetRsrp=-66.3512 targetLoadReal=16/20 targetLoadEff=16/20
UE 50 TTT_WAIT target=1 elapsed=0s need=2s
UE 51 TTT_WAIT target=1 elapsed=0s need=2s
UE 54 TTT_WAIT target=5 elapsed=0s need=2s
UE 57 TTT_WAIT target=1 elapsed=0s need=2s
UE 62 TTT_WAIT target=1 elapsed=0s need=2s
LM HO UE=64 rnti=97 3->4 type=TN servingRsrp=-86.4206 targetRsrp=-64.4468 targetLoadReal=16/20 targetLoadEff=17/20
UE 66 TTT_WAIT target=3 elapsed=0s need=2s
UE 68 TTT_WAIT target=4 elapsed=0s need=2s
LM HO_FAIL_LOW_RSRP UE=70 currCell=2 candCell=7 candRsrp=-114.719 < min=-110
LM HO_FAIL_LOW_RSRP UE=71 currCell=4 candCell=3 candRsrp=-113.457 < min=-110
UE 72 TTT_WAIT target=1 elapsed=0s need=2s
UE 73 TTT_WAIT target=3 elapsed=0s need=2s
UE 74 TTT_WAIT target=3 elapsed=0s need=2s
UE 75 TTT_WAIT target=5 elapsed=0s need=2s
LM HO_FAIL_LOW_RSRP UE=76 currCell=2 candCell=5 candRsrp=-115.645 < min=-110
UE 78 TTT_WAIT target=2 elapsed=0s need=2s
LM HO_FAIL_LOW_RSRP UE=79 currCell=2 candCell=5 candRsrp=-110.9 < min=-110
LM HO_FAIL_LOW_RSRP UE=82 currCell=5 candCell=7 candRsrp=-111.757 < min=-110
LM HO_FAIL_LOW_RSRP UE=83 currCell=3 candCell=2 candRsrp=-115.447 < min=-110
LM HO_FAIL_LOW_RSRP UE=84 currCell=1 candCell=7 candRsrp=-113.367 < min=-110
UE 85 TTT_WAIT target=3 elapsed=0s need=2s
UE 86 TTT_WAIT target=5 elapsed=0s need=2s
LM HO_FAIL_LOW_RSRP UE=88 currCell=2 candCell=1 candRsrp=-110.022 < min=-110
LM HO_FAIL_LOW_RSRP UE=90 currCell=1 candCell=2 candRsrp=-114.933 < min=-110
UE 91 TTT_WAIT target=2 elapsed=0s need=2s
LM HO_FAIL_LOW_RSRP UE=93 currCell=1 candCell=2 candRsrp=-111.3 < min=-110
UE 94 TTT_WAIT target=7 elapsed=0s need=2s
UE 95 TTT_WAIT target=1 elapsed=0s need=2s
LM HO_FAIL_LOW_RSRP UE=97 currCell=3 candCell=7 candRsrp=-116.625 < min=-110
TRACE HO_SUCCESS Time=28.6151 IMSI=31 TargetCell=3 Type=TN TargetRSRP=-88.638 ServingRSRP=-87.5319 BackhaulDlSnr=-999 BackhaulUlSnr=-999
TRACE HO_SUCCESS Time=28.6151 IMSI=35 TargetCell=3 Type=TN TargetRSRP=-92.6364 ServingRSRP=-69.4696 BackhaulDlSnr=-999 BackhaulUlSnr=-999
TRACE HO_SUCCESS Time=28.6151 IMSI=45 TargetCell=4 Type=TN TargetRSRP=-90.9907 ServingRSRP=-80.1678 BackhaulDlSnr=-999 BackhaulUlSnr=-999
TRACE HO_SUCCESS Time=28.6151 IMSI=63 TargetCell=4 Type=TN TargetRSRP=-87.3867 ServingRSRP=-71.5005 BackhaulDlSnr=-999 BackhaulUlSnr=-999
TRACE HO_SUCCESS Time=28.6151 IMSI=44 TargetCell=6 Type=NTN TargetRSRP=-102.585 ServingRSRP=-80.9026 BackhaulDlSnr=-999 BackhaulUlSnr=-999
UAV_AUTONOMY_XAPP Time=30.5 DeploymentMode=tn-uav UavIndex=0 UavCellId=5 BestDonorCellId=1 BestDonorDistanceM=143.511 XhaulConnected=1 XhaulChannelVariationDb=0 RawXhaulState=HEALTHY RawXhaulStateAgeSec=26 XhaulState=HEALTHY DonorUnavailableActive=0 SatBackhaulHealthy=0 UavSwitchingXappAvailable=0 UavSwitchingXappState=DISABLED AiPredictedBackhaulMode=RULE_BASED BackhaulMode=TN_DIRECT RicControlState=TN_E2 ActiveUavRic=LOCAL_UAV_AUTONOMY NormalUeHandoverAllowed=1 UavMode=TN_CONTROLLED_COVERAGE_EXTENSION
UAV_AUTONOMY_XAPP Time=30.5 DeploymentMode=tn-uav UavIndex=1 UavCellId=6 BestDonorCellId=1 BestDonorDistanceM=110.88 XhaulConnected=1 XhaulChannelVariationDb=0 RawXhaulState=HEALTHY RawXhaulStateAgeSec=26 XhaulState=HEALTHY DonorUnavailableActive=0 SatBackhaulHealthy=0 UavSwitchingXappAvailable=0 UavSwitchingXappState=DISABLED AiPredictedBackhaulMode=RULE_BASED BackhaulMode=TN_DIRECT RicControlState=TN_E2 ActiveUavRic=LOCAL_UAV_AUTONOMY NormalUeHandoverAllowed=1 UavMode=TN_CONTROLLED_COVERAGE_EXTENSION
UAV_AUTONOMY_XAPP Time=30.5 DeploymentMode=tn-uav UavIndex=2 UavCellId=7 BestDonorCellId=1 BestDonorDistanceM=133.08 XhaulConnected=1 XhaulChannelVariationDb=0 RawXhaulState=HEALTHY RawXhaulStateAgeSec=26 XhaulState=HEALTHY DonorUnavailableActive=0 SatBackhaulHealthy=0 UavSwitchingXappAvailable=0 UavSwitchingXappState=DISABLED AiPredictedBackhaulMode=RULE_BASED BackhaulMode=TN_DIRECT RicControlState=TN_E2 ActiveUavRic=LOCAL_UAV_AUTONOMY NormalUeHandoverAllowed=1 UavMode=TN_CONTROLLED_COVERAGE_EXTENSION
---- LOAD at t=30.5 ----
  cell 1 (TN) load=18/20
  cell 2 (TN) load=17/20
  cell 3 (TN) load=13/20
  cell 4 (TN) load=17/20
  cell 5 (NTN) load=3/15
  cell 6 (NTN) load=15/15
  cell 7 (NTN) load=7/15
UE 8 TTT_WAIT target=2 elapsed=0s need=2s
UE 9 TTT_WAIT target=2 elapsed=0s need=2s
UE 11 TTT_WAIT target=4 elapsed=0s need=2s
UE 12 TTT_WAIT target=4 elapsed=0s need=2s
UE 20 TTT_WAIT target=1 elapsed=0s need=2s
LM HO UE=21 rnti=113 1->2 type=TN servingRsrp=-81.819 targetRsrp=-65.6232 targetLoadReal=17/20 targetLoadEff=17/20
UE 22 TTT_WAIT target=4 elapsed=0s need=2s
LM HO UE=27 rnti=65 6->4 type=TN servingRsrp=-96.6794 targetRsrp=-88.8992 targetLoadReal=17/20 targetLoadEff=17/20
UE 31 TTT_WAIT target=7 elapsed=0s need=2s
LM HO UE=33 rnti=109 3->1 type=TN servingRsrp=-90.0066 targetRsrp=-85.6481 targetLoadReal=18/20 targetLoadEff=18/20
UE 34 TTT_WAIT target=1 elapsed=0s need=2s
UE 36 TTT_WAIT target=4 elapsed=0s need=2s
LM HO UE=37 rnti=90 6->1 type=TN servingRsrp=-74.9913 targetRsrp=-58.5076 targetLoadReal=18/20 targetLoadEff=19/20
LM HO UE=38 rnti=36 7->5 type=NTN servingRsrp=-74.1522 targetRsrp=-69.1091 targetLoadReal=3/15 targetLoadEff=3/15
UE 39 TTT_WAIT target=4 elapsed=0s need=2s
UE 40 TTT_WAIT target=5 elapsed=0s need=2s
UE 41 TTT_WAIT target=3 elapsed=0s need=2s
UE 42 TTT_WAIT target=7 elapsed=0s need=2s
UE 47 TTT_WAIT target=4 elapsed=0s need=2s
UE 48 TTT_WAIT target=3 elapsed=0s need=2s
UE 51 TTT_WAIT target=2 elapsed=0s need=2s
UE 52 TTT_WAIT target=2 elapsed=0s need=2s
UE 53 TTT_WAIT target=4 elapsed=0s need=2s
LM HO UE=54 rnti=40 7->5 type=NTN servingRsrp=-75.7964 targetRsrp=-73.4793 targetLoadReal=3/15 targetLoadEff=4/15
UE 55 TTT_WAIT target=3 elapsed=0s need=2s
UE 62 TTT_WAIT target=4 elapsed=0s need=2s
UE 64 TTT_WAIT target=3 elapsed=0s need=2s
UE 67 TTT_WAIT target=3 elapsed=0s need=2s
UE 68 TTT_WAIT target=5 elapsed=0s need=2s
UE 69 TTT_WAIT target=3 elapsed=0s need=2s
LM HO_FAIL_LOW_RSRP UE=70 currCell=2 candCell=3 candRsrp=-117.213 < min=-110
LM HO_FAIL_LOW_RSRP UE=71 currCell=4 candCell=5 candRsrp=-117.822 < min=-110
LM HO_FAIL_LOW_RSRP UE=73 currCell=1 candCell=5 candRsrp=-111.954 < min=-110
LM HO_FAIL_LOW_RSRP UE=74 currCell=2 candCell=3 candRsrp=-111.087 < min=-110
UE 75 TTT_WAIT target=3 elapsed=0s need=2s
LM HO_FAIL_LOW_RSRP UE=76 currCell=2 candCell=7 candRsrp=-115.369 < min=-110
LM HO UE=78 rnti=174 6->2 type=TN servingRsrp=-119.538 targetRsrp=-109.247 targetLoadReal=17/20 targetLoadEff=18/20
LM HO_FAIL_LOW_RSRP UE=79 currCell=2 candCell=5 candRsrp=-116.459 < min=-110
LM HO_FAIL_LOW_RSRP UE=81 currCell=6 candCell=7 candRsrp=-116.437 < min=-110
LM HO_FAIL_LOW_RSRP UE=83 currCell=3 candCell=5 candRsrp=-115.88 < min=-110
LM HO_FAIL_LOW_RSRP UE=85 currCell=1 candCell=5 candRsrp=-113.517 < min=-110
LM HO UE=86 rnti=55 7->5 type=NTN servingRsrp=-120.41 targetRsrp=-101.086 targetLoadReal=3/15 targetLoadEff=5/15
UE 88 TTT_WAIT target=5 elapsed=0s need=2s
UE 89 TTT_WAIT target=4 elapsed=0s need=2s
LM HO_FAIL_LOW_RSRP UE=90 currCell=1 candCell=2 candRsrp=-112.765 < min=-110
LM HO UE=91 rnti=60 7->2 type=TN servingRsrp=-113.69 targetRsrp=-85.9475 targetLoadReal=17/20 targetLoadEff=19/20
UE 93 TTT_WAIT target=3 elapsed=0s need=2s
LM HO_FAIL_LOW_RSRP UE=94 currCell=6 candCell=5 candRsrp=-113.452 < min=-110
LM HO_FAIL_LOW_RSRP UE=95 currCell=7 candCell=5 candRsrp=-117.64 < min=-110
UE 96 TTT_WAIT target=4 elapsed=0s need=2s
LM HO_FAIL_LOW_RSRP UE=97 currCell=3 candCell=7 candRsrp=-117.584 < min=-110
TRACE HO_SUCCESS Time=30.6151 IMSI=32 TargetCell=1 Type=TN TargetRSRP=-104.987 ServingRSRP=-84.7744 BackhaulDlSnr=-999 BackhaulUlSnr=-999
TRACE HO_SUCCESS Time=30.6151 IMSI=36 TargetCell=1 Type=TN TargetRSRP=-55.6549 ServingRSRP=-86.9739 BackhaulDlSnr=-999 BackhaulUlSnr=-999
TRACE HO_SUCCESS Time=30.6151 IMSI=20 TargetCell=2 Type=TN TargetRSRP=-62.8632 ServingRSRP=-77.7103 BackhaulDlSnr=-999 BackhaulUlSnr=-999
TRACE HO_SUCCESS Time=30.6151 IMSI=77 TargetCell=2 Type=TN TargetRSRP=-122.278 ServingRSRP=-80.4443 BackhaulDlSnr=-999 BackhaulUlSnr=-999
TRACE HO_SUCCESS Time=30.6151 IMSI=90 TargetCell=2 Type=TN TargetRSRP=-109.565 ServingRSRP=-99.7914 BackhaulDlSnr=-999 BackhaulUlSnr=-999
TRACE HO_SUCCESS Time=30.6151 IMSI=26 TargetCell=4 Type=TN TargetRSRP=-86.3581 ServingRSRP=-68.7256 BackhaulDlSnr=-999 BackhaulUlSnr=-999
TRACE HO_SUCCESS Time=30.6151 IMSI=37 TargetCell=5 Type=NTN TargetRSRP=-91.5796 ServingRSRP=-89.9424 BackhaulDlSnr=-999 BackhaulUlSnr=-999
TRACE HO_SUCCESS Time=30.6151 IMSI=53 TargetCell=5 Type=NTN TargetRSRP=-99.4402 ServingRSRP=-99.4601 BackhaulDlSnr=-999 BackhaulUlSnr=-999
TRACE HO_SUCCESS Time=30.6151 IMSI=85 TargetCell=5 Type=NTN TargetRSRP=-117.591 ServingRSRP=-116.616 BackhaulDlSnr=-999 BackhaulUlSnr=-999
UAV_AUTONOMY_XAPP Time=32.5 DeploymentMode=tn-uav UavIndex=0 UavCellId=5 BestDonorCellId=1 BestDonorDistanceM=143.511 XhaulConnected=1 XhaulChannelVariationDb=0 RawXhaulState=HEALTHY RawXhaulStateAgeSec=28 XhaulState=HEALTHY DonorUnavailableActive=0 SatBackhaulHealthy=0 UavSwitchingXappAvailable=0 UavSwitchingXappState=DISABLED AiPredictedBackhaulMode=RULE_BASED BackhaulMode=TN_DIRECT RicControlState=TN_E2 ActiveUavRic=LOCAL_UAV_AUTONOMY NormalUeHandoverAllowed=1 UavMode=TN_CONTROLLED_COVERAGE_EXTENSION
UAV_AUTONOMY_XAPP Time=32.5 DeploymentMode=tn-uav UavIndex=1 UavCellId=6 BestDonorCellId=1 BestDonorDistanceM=110.88 XhaulConnected=1 XhaulChannelVariationDb=0 RawXhaulState=HEALTHY RawXhaulStateAgeSec=28 XhaulState=HEALTHY DonorUnavailableActive=0 SatBackhaulHealthy=0 UavSwitchingXappAvailable=0 UavSwitchingXappState=DISABLED AiPredictedBackhaulMode=RULE_BASED BackhaulMode=TN_DIRECT RicControlState=TN_E2 ActiveUavRic=LOCAL_UAV_AUTONOMY NormalUeHandoverAllowed=1 UavMode=TN_CONTROLLED_COVERAGE_EXTENSION
UAV_AUTONOMY_XAPP Time=32.5 DeploymentMode=tn-uav UavIndex=2 UavCellId=7 BestDonorCellId=1 BestDonorDistanceM=133.08 XhaulConnected=1 XhaulChannelVariationDb=0 RawXhaulState=HEALTHY RawXhaulStateAgeSec=28 XhaulState=HEALTHY DonorUnavailableActive=0 SatBackhaulHealthy=0 UavSwitchingXappAvailable=0 UavSwitchingXappState=DISABLED AiPredictedBackhaulMode=RULE_BASED BackhaulMode=TN_DIRECT RicControlState=TN_E2 ActiveUavRic=LOCAL_UAV_AUTONOMY NormalUeHandoverAllowed=1 UavMode=TN_CONTROLLED_COVERAGE_EXTENSION
---- LOAD at t=32.5 ----
  cell 1 (TN) load=19/20
  cell 2 (TN) load=20/20
  cell 3 (TN) load=12/20
  cell 4 (TN) load=18/20
  cell 5 (NTN) load=6/15
  cell 6 (NTN) load=12/15
  cell 7 (NTN) load=3/15
UE 11 TTT_WAIT target=1 elapsed=0s need=2s
UE 12 TTT_WAIT target=6 elapsed=0s need=2s
UE 18 TTT_WAIT target=5 elapsed=0s need=2s
UE 19 TTT_WAIT target=3 elapsed=0s need=2s
UE 27 TTT_WAIT target=7 elapsed=0s need=2s
UE 29 TTT_WAIT target=1 elapsed=0s need=2s
UE 30 TTT_WAIT target=1 elapsed=0s need=2s
UE 32 TTT_WAIT target=4 elapsed=0s need=2s
UE 33 TTT_WAIT target=3 elapsed=0s need=2s
UE 38 TTT_WAIT target=7 elapsed=0s need=2s
UE 39 TTT_WAIT target=6 elapsed=0s need=2s
UE 40 TTT_WAIT target=6 elapsed=0s need=2s
LM HO UE=41 rnti=119 4->3 type=TN servingRsrp=-72.5399 targetRsrp=-51.2523 targetLoadReal=12/20 targetLoadEff=12/20
UE 42 TTT_WAIT target=1 elapsed=0s need=2s
UE 43 TTT_WAIT target=1 elapsed=0s need=2s
UE 46 TTT_WAIT target=3 elapsed=0s need=2s
LM HO UE=47 rnti=59 5->4 type=TN servingRsrp=-95.95 targetRsrp=-74.7537 targetLoadReal=18/20 targetLoadEff=18/20
UE 49 TTT_WAIT target=6 elapsed=0s need=2s
UE 51 TTT_WAIT target=3 elapsed=0s need=2s
LM HO UE=53 rnti=89 1->4 type=TN servingRsrp=-98.002 targetRsrp=-90.7597 targetLoadReal=18/20 targetLoadEff=19/20
UE 57 TTT_WAIT target=1 elapsed=0s need=2s
UE 60 TTT_WAIT target=1 elapsed=0s need=2s
UE 65 TTT_WAIT target=3 elapsed=0s need=2s
UE 67 TTT_WAIT target=1 elapsed=0s need=2s
LM HO_FAIL_LOW_RSRP UE=68 currCell=6 candCell=7 candRsrp=-117.668 < min=-110
UE 70 TTT_WAIT target=3 elapsed=0s need=2s
LM HO_FAIL_LOW_RSRP UE=73 currCell=1 candCell=5 candRsrp=-114.771 < min=-110
LM HO_FAIL_LOW_RSRP UE=74 currCell=2 candCell=1 candRsrp=-116.107 < min=-110
LM HO_FAIL_LOW_RSRP UE=76 currCell=2 candCell=6 candRsrp=-117.588 < min=-110
UE 78 TTT_WAIT target=5 elapsed=0s need=2s
LM HO_FAIL_LOW_RSRP UE=79 currCell=2 candCell=5 candRsrp=-112.242 < min=-110
LM HO_FAIL_LOW_RSRP UE=83 currCell=3 candCell=6 candRsrp=-114.81 < min=-110
UE 86 TTT_WAIT target=1 elapsed=0s need=2s
LM HO_FAIL_LOW_RSRP UE=87 currCell=2 candCell=5 candRsrp=-121.025 < min=-110
LM HO_FAIL_LOW_RSRP UE=89 currCell=3 candCell=6 candRsrp=-118.975 < min=-110
UE 91 TTT_WAIT target=5 elapsed=0s need=2s
LM HO_FAIL_LOW_RSRP UE=93 currCell=1 candCell=7 candRsrp=-116.195 < min=-110
UE 94 TTT_WAIT target=7 elapsed=0s need=2s
UE 95 TTT_WAIT target=5 elapsed=0s need=2s
LM HO_FAIL_LOW_RSRP UE=96 currCell=2 candCell=7 candRsrp=-114.076 < min=-110
LM HO_FAIL_LOW_RSRP UE=97 currCell=3 candCell=1 candRsrp=-116.957 < min=-110
TRACE HO_SUCCESS Time=32.6151 IMSI=40 TargetCell=3 Type=TN TargetRSRP=-53.8165 ServingRSRP=-89.5089 BackhaulDlSnr=-999 BackhaulUlSnr=-999
TRACE HO_SUCCESS Time=32.6151 IMSI=52 TargetCell=4 Type=TN TargetRSRP=-86.4473 ServingRSRP=-98.0962 BackhaulDlSnr=-999 BackhaulUlSnr=-999
TRACE HO_SUCCESS Time=32.6151 IMSI=46 TargetCell=4 Type=TN TargetRSRP=-82.2804 ServingRSRP=-84.7224 BackhaulDlSnr=-999 BackhaulUlSnr=-999
UAV_AUTONOMY_XAPP Time=34.5 DeploymentMode=tn-uav UavIndex=0 UavCellId=5 BestDonorCellId=1 BestDonorDistanceM=143.511 XhaulConnected=1 XhaulChannelVariationDb=0 RawXhaulState=HEALTHY RawXhaulStateAgeSec=30 XhaulState=HEALTHY DonorUnavailableActive=0 SatBackhaulHealthy=0 UavSwitchingXappAvailable=0 UavSwitchingXappState=DISABLED AiPredictedBackhaulMode=RULE_BASED BackhaulMode=TN_DIRECT RicControlState=TN_E2 ActiveUavRic=LOCAL_UAV_AUTONOMY NormalUeHandoverAllowed=1 UavMode=TN_CONTROLLED_COVERAGE_EXTENSION
UAV_AUTONOMY_XAPP Time=34.5 DeploymentMode=tn-uav UavIndex=1 UavCellId=6 BestDonorCellId=1 BestDonorDistanceM=110.88 XhaulConnected=1 XhaulChannelVariationDb=0 RawXhaulState=HEALTHY RawXhaulStateAgeSec=30 XhaulState=HEALTHY DonorUnavailableActive=0 SatBackhaulHealthy=0 UavSwitchingXappAvailable=0 UavSwitchingXappState=DISABLED AiPredictedBackhaulMode=RULE_BASED BackhaulMode=TN_DIRECT RicControlState=TN_E2 ActiveUavRic=LOCAL_UAV_AUTONOMY NormalUeHandoverAllowed=1 UavMode=TN_CONTROLLED_COVERAGE_EXTENSION
UAV_AUTONOMY_XAPP Time=34.5 DeploymentMode=tn-uav UavIndex=2 UavCellId=7 BestDonorCellId=1 BestDonorDistanceM=133.08 XhaulConnected=1 XhaulChannelVariationDb=0 RawXhaulState=HEALTHY RawXhaulStateAgeSec=30 XhaulState=HEALTHY DonorUnavailableActive=0 SatBackhaulHealthy=0 UavSwitchingXappAvailable=0 UavSwitchingXappState=DISABLED AiPredictedBackhaulMode=RULE_BASED BackhaulMode=TN_DIRECT RicControlState=TN_E2 ActiveUavRic=LOCAL_UAV_AUTONOMY NormalUeHandoverAllowed=1 UavMode=TN_CONTROLLED_COVERAGE_EXTENSION
---- LOAD at t=34.5 ----
  cell 1 (TN) load=18/20
  cell 2 (TN) load=20/20
  cell 3 (TN) load=13/20
  cell 4 (TN) load=19/20
  cell 5 (NTN) load=5/15
  cell 6 (NTN) load=12/15
  cell 7 (NTN) load=3/15
UE 8 TTT_WAIT target=3 elapsed=0s need=2s
UE 9 TTT_WAIT target=3 elapsed=0s need=2s
UE 10 TTT_WAIT target=4 elapsed=0s need=2s
UE 11 TTT_WAIT target=7 elapsed=0s need=2s
UE 12 TTT_WAIT target=7 elapsed=0s need=2s
UE 13 TTT_WAIT target=4 elapsed=0s need=2s
UE 16 TTT_WAIT target=5 elapsed=0s need=2s
UE 17 TTT_WAIT target=1 elapsed=0s need=2s
LM HO UE=19 rnti=127 4->3 type=TN servingRsrp=-88.5879 targetRsrp=-66.2118 targetLoadReal=13/20 targetLoadEff=13/20
UE 20 TTT_WAIT target=1 elapsed=0s need=2s
UE 21 TTT_WAIT target=1 elapsed=0s need=2s
UE 28 TTT_WAIT target=7 elapsed=0s need=2s
UE 29 TTT_WAIT target=3 elapsed=0s need=2s
LM HO UE=33 rnti=123 1->3 type=TN servingRsrp=-96.6716 targetRsrp=-86.5338 targetLoadReal=13/20 targetLoadEff=14/20
UE 34 TTT_WAIT target=1 elapsed=0s need=2s
UE 36 TTT_WAIT target=4 elapsed=0s need=2s
UE 40 TTT_WAIT target=3 elapsed=0s need=2s
UE 42 TTT_WAIT target=4 elapsed=0s need=2s
LM HO UE=43 rnti=74 6->1 type=TN servingRsrp=-97.3895 targetRsrp=-78.4071 targetLoadReal=18/20 targetLoadEff=18/20
UE 44 TTT_WAIT target=1 elapsed=0s need=2s
UE 45 TTT_WAIT target=7 elapsed=0s need=2s
UE 46 TTT_WAIT target=1 elapsed=0s need=2s
UE 48 TTT_WAIT target=3 elapsed=0s need=2s
UE 49 TTT_WAIT target=1 elapsed=0s need=2s
UE 50 TTT_WAIT target=1 elapsed=0s need=2s
UE 51 TTT_WAIT target=1 elapsed=0s need=2s
UE 52 TTT_WAIT target=3 elapsed=0s need=2s
UE 53 TTT_WAIT target=5 elapsed=0s need=2s
UE 56 TTT_WAIT target=4 elapsed=0s need=2s
UE 61 TTT_WAIT target=3 elapsed=0s need=2s
UE 62 TTT_WAIT target=1 elapsed=0s need=2s
UE 64 TTT_WAIT target=1 elapsed=0s need=2s
LM HO UE=65 rnti=116 4->3 type=TN servingRsrp=-96.7235 targetRsrp=-74.298 targetLoadReal=13/20 targetLoadEff=15/20
UE 68 TTT_WAIT target=5 elapsed=0s need=2s
LM HO_FAIL_LOW_RSRP UE=69 currCell=6 candCell=5 candRsrp=-113.381 < min=-110
LM HO_FAIL_LOW_RSRP UE=70 currCell=2 candCell=4 candRsrp=-113.002 < min=-110
LM HO_FAIL_LOW_RSRP UE=72 currCell=6 candCell=7 candRsrp=-114.159 < min=-110
UE 73 TTT_WAIT target=7 elapsed=0s need=2s
LM HO_FAIL_LOW_RSRP UE=74 currCell=2 candCell=4 candRsrp=-112.47 < min=-110
UE 75 TTT_WAIT target=3 elapsed=0s need=2s
LM HO_FAIL_LOW_RSRP UE=76 currCell=2 candCell=7 candRsrp=-116.521 < min=-110
UE 77 TTT_WAIT target=3 elapsed=0s need=2s
UE 78 TTT_WAIT target=7 elapsed=0s need=2s
LM HO_FAIL_LOW_RSRP UE=79 currCell=2 candCell=3 candRsrp=-111.05 < min=-110
LM HO_FAIL_LOW_RSRP UE=83 currCell=3 candCell=6 candRsrp=-117 < min=-110
UE 85 TTT_WAIT target=3 elapsed=0s need=2s
UE 86 TTT_WAIT target=4 elapsed=0s need=2s
LM HO_FAIL_LOW_RSRP UE=87 currCell=2 candCell=6 candRsrp=-118.202 < min=-110
UE 88 TTT_WAIT target=1 elapsed=0s need=2s
LM HO_FAIL_LOW_RSRP UE=89 currCell=3 candCell=5 candRsrp=-116.206 < min=-110
LM HO UE=91 rnti=131 2->5 type=NTN servingRsrp=-111.857 targetRsrp=-108.231 targetLoadReal=5/15 targetLoadEff=5/15
LM HO_FAIL_LOW_RSRP UE=93 currCell=1 candCell=6 candRsrp=-114.581 < min=-110
UE 95 TTT_WAIT target=3 elapsed=0s need=2s
LM HO_FAIL_LOW_RSRP UE=96 currCell=2 candCell=6 candRsrp=-116.644 < min=-110
LM HO_FAIL_LOW_RSRP UE=97 currCell=3 candCell=1 candRsrp=-118.361 < min=-110
TRACE HO_SUCCESS Time=34.6151 IMSI=42 TargetCell=1 Type=TN TargetRSRP=-76.2645 ServingRSRP=-97.7713 BackhaulDlSnr=-999 BackhaulUlSnr=-999
TRACE HO_SUCCESS Time=34.6151 IMSI=32 TargetCell=3 Type=TN TargetRSRP=-99.0697 ServingRSRP=-93.8382 BackhaulDlSnr=-999 BackhaulUlSnr=-999
TRACE HO_SUCCESS Time=34.6151 IMSI=18 TargetCell=3 Type=TN TargetRSRP=-66.8209 ServingRSRP=-83.7429 BackhaulDlSnr=-999 BackhaulUlSnr=-999
TRACE HO_SUCCESS Time=34.6151 IMSI=64 TargetCell=3 Type=TN TargetRSRP=-97.1192 ServingRSRP=-71.882 BackhaulDlSnr=-999 BackhaulUlSnr=-999
TRACE HO_SUCCESS Time=34.6151 IMSI=90 TargetCell=5 Type=NTN TargetRSRP=-113.668 ServingRSRP=-107.353 BackhaulDlSnr=-999 BackhaulUlSnr=-999
UAV_AUTONOMY_XAPP Time=36.5 DeploymentMode=tn-uav UavIndex=0 UavCellId=5 BestDonorCellId=1 BestDonorDistanceM=143.511 XhaulConnected=1 XhaulChannelVariationDb=0 RawXhaulState=HEALTHY RawXhaulStateAgeSec=32 XhaulState=HEALTHY DonorUnavailableActive=0 SatBackhaulHealthy=0 UavSwitchingXappAvailable=0 UavSwitchingXappState=DISABLED AiPredictedBackhaulMode=RULE_BASED BackhaulMode=TN_DIRECT RicControlState=TN_E2 ActiveUavRic=LOCAL_UAV_AUTONOMY NormalUeHandoverAllowed=1 UavMode=TN_CONTROLLED_COVERAGE_EXTENSION
UAV_AUTONOMY_XAPP Time=36.5 DeploymentMode=tn-uav UavIndex=1 UavCellId=6 BestDonorCellId=1 BestDonorDistanceM=110.88 XhaulConnected=1 XhaulChannelVariationDb=0 RawXhaulState=HEALTHY RawXhaulStateAgeSec=32 XhaulState=HEALTHY DonorUnavailableActive=0 SatBackhaulHealthy=0 UavSwitchingXappAvailable=0 UavSwitchingXappState=DISABLED AiPredictedBackhaulMode=RULE_BASED BackhaulMode=TN_DIRECT RicControlState=TN_E2 ActiveUavRic=LOCAL_UAV_AUTONOMY NormalUeHandoverAllowed=1 UavMode=TN_CONTROLLED_COVERAGE_EXTENSION
UAV_AUTONOMY_XAPP Time=36.5 DeploymentMode=tn-uav UavIndex=2 UavCellId=7 BestDonorCellId=1 BestDonorDistanceM=133.08 XhaulConnected=1 XhaulChannelVariationDb=0 RawXhaulState=HEALTHY RawXhaulStateAgeSec=32 XhaulState=HEALTHY DonorUnavailableActive=0 SatBackhaulHealthy=0 UavSwitchingXappAvailable=0 UavSwitchingXappState=DISABLED AiPredictedBackhaulMode=RULE_BASED BackhaulMode=TN_DIRECT RicControlState=TN_E2 ActiveUavRic=LOCAL_UAV_AUTONOMY NormalUeHandoverAllowed=1 UavMode=TN_CONTROLLED_COVERAGE_EXTENSION
---- LOAD at t=36.5 ----
  cell 1 (TN) load=18/20
  cell 2 (TN) load=19/20
  cell 3 (TN) load=16/20
  cell 4 (TN) load=17/20
  cell 5 (NTN) load=6/15
  cell 6 (NTN) load=11/15
  cell 7 (NTN) load=3/15
UE 8 TTT_WAIT target=2 elapsed=0s need=2s
UE 9 TTT_WAIT target=2 elapsed=0s need=2s
UE 11 TTT_WAIT target=1 elapsed=0s need=2s
UE 12 TTT_WAIT target=2 elapsed=0s need=2s
UE 15 TTT_WAIT target=4 elapsed=0s need=2s
LM HO UE=16 rnti=87 1->5 type=NTN servingRsrp=-102.029 targetRsrp=-87.3958 targetLoadReal=6/15 targetLoadEff=6/15
LM HO UE=17 rnti=90 3->1 type=TN servingRsrp=-79.2793 targetRsrp=-60.7136 targetLoadReal=18/20 targetLoadEff=18/20
UE 18 TTT_WAIT target=2 elapsed=0s need=2s
LM HO UE=20 rnti=59 7->1 type=TN servingRsrp=-107.582 targetRsrp=-97.8463 targetLoadReal=18/20 targetLoadEff=19/20
UE 21 TTT_WAIT target=7 elapsed=0s need=2s
UE 24 TTT_WAIT target=3 elapsed=0s need=2s
UE 27 TTT_WAIT target=7 elapsed=0s need=2s
LM HO UE=29 rnti=126 4->3 type=TN servingRsrp=-105.515 targetRsrp=-90.1384 targetLoadReal=16/20 targetLoadEff=16/20
UE 31 TTT_WAIT target=5 elapsed=0s need=2s
UE 32 TTT_WAIT target=4 elapsed=0s need=2s
UE 33 TTT_WAIT target=4 elapsed=0s need=2s
UE 34 TTT_WAIT target=6 elapsed=0s need=2s
UE 35 TTT_WAIT target=2 elapsed=0s need=2s
UE 38 TTT_WAIT target=7 elapsed=0s need=2s
UE 39 TTT_WAIT target=4 elapsed=0s need=2s
UE 40 TTT_WAIT target=6 elapsed=0s need=2s
LM HO UE=42 rnti=112 3->4 type=TN servingRsrp=-107.845 targetRsrp=-101.95 targetLoadReal=17/20 targetLoadEff=17/20
UE 43 TTT_WAIT target=6 elapsed=0s need=2s
LM HO UE=45 rnti=175 6->7 type=NTN servingRsrp=-87.2928 targetRsrp=-71.6067 targetLoadReal=3/15 targetLoadEff=3/15
LM HO UE=48 rnti=113 4->3 type=TN servingRsrp=-94.3682 targetRsrp=-68.4149 targetLoadReal=16/20 targetLoadEff=17/20
UE 49 TTT_WAIT target=6 elapsed=0s need=2s
UE 51 TTT_WAIT target=2 elapsed=0s need=2s
LM HO UE=52 rnti=39 7->3 type=TN servingRsrp=-104.865 targetRsrp=-73.0843 targetLoadReal=16/20 targetLoadEff=18/20
UE 53 TTT_WAIT target=2 elapsed=0s need=2s
UE 57 TTT_WAIT target=4 elapsed=0s need=2s
UE 58 TTT_WAIT target=7 elapsed=0s need=2s
UE 66 TTT_WAIT target=5 elapsed=0s need=2s
UE 67 TTT_WAIT target=6 elapsed=0s need=2s
LM HO_FAIL_LOW_RSRP UE=69 currCell=6 candCell=7 candRsrp=-118.3 < min=-110
LM HO_FAIL_LOW_RSRP UE=70 currCell=2 candCell=6 candRsrp=-115.377 < min=-110
LM HO_FAIL_LOW_RSRP UE=71 currCell=4 candCell=3 candRsrp=-111.797 < min=-110
LM HO_FAIL_LOW_RSRP UE=73 currCell=1 candCell=5 candRsrp=-114.007 < min=-110
UE 74 TTT_WAIT target=3 elapsed=0s need=2s
LM HO_FAIL_LOW_RSRP UE=77 currCell=5 candCell=7 candRsrp=-118.862 < min=-110
LM HO_FAIL_LOW_RSRP UE=78 currCell=2 candCell=6 candRsrp=-115.215 < min=-110
UE 82 TTT_WAIT target=4 elapsed=0s need=2s
LM HO_FAIL_LOW_RSRP UE=84 currCell=1 candCell=2 candRsrp=-110.035 < min=-110
LM HO UE=85 rnti=111 1->3 type=TN servingRsrp=-117.264 targetRsrp=-94.431 targetLoadReal=16/20 targetLoadEff=19/20
LM HO_FAIL_LOW_RSRP UE=87 currCell=2 candCell=6 candRsrp=-119.374 < min=-110
LM HO_FAIL_LOW_RSRP UE=88 currCell=2 candCell=5 candRsrp=-113.786 < min=-110
UE 89 TTT_WAIT target=4 elapsed=0s need=2s
UE 90 TTT_WAIT target=2 elapsed=0s need=2s
UE 91 TTT_WAIT target=2 elapsed=0s need=2s
LM HO_FAIL_LOW_RSRP UE=93 currCell=1 candCell=2 candRsrp=-110.398 < min=-110
LM HO_FAIL_LOW_RSRP UE=94 currCell=6 candCell=5 candRsrp=-110.188 < min=-110
UE 95 TTT_WAIT target=6 elapsed=0s need=2s
TRACE HO_SUCCESS Time=36.6151 IMSI=16 TargetCell=1 Type=TN TargetRSRP=-61.1632 ServingRSRP=-74.9688 BackhaulDlSnr=-999 BackhaulUlSnr=-999
TRACE HO_SUCCESS Time=36.6151 IMSI=19 TargetCell=1 Type=TN TargetRSRP=-110.881 ServingRSRP=-98.5619 BackhaulDlSnr=-999 BackhaulUlSnr=-999
TRACE HO_SUCCESS Time=36.6151 IMSI=84 TargetCell=3 Type=TN TargetRSRP=-119.29 ServingRSRP=-114.74 BackhaulDlSnr=-999 BackhaulUlSnr=-999
TRACE HO_SUCCESS Time=36.6151 IMSI=28 TargetCell=3 Type=TN TargetRSRP=-100.501 ServingRSRP=-101.443 BackhaulDlSnr=-999 BackhaulUlSnr=-999
TRACE HO_SUCCESS Time=36.6151 IMSI=47 TargetCell=3 Type=TN TargetRSRP=-93.7832 ServingRSRP=-94.4401 BackhaulDlSnr=-999 BackhaulUlSnr=-999
TRACE HO_SUCCESS Time=36.6151 IMSI=51 TargetCell=3 Type=TN TargetRSRP=-72.0021 ServingRSRP=-77.6377 BackhaulDlSnr=-999 BackhaulUlSnr=-999
TRACE HO_SUCCESS Time=36.6151 IMSI=41 TargetCell=4 Type=TN TargetRSRP=-106.125 ServingRSRP=-92.4315 BackhaulDlSnr=-999 BackhaulUlSnr=-999
TRACE HO_SUCCESS Time=36.6151 IMSI=15 TargetCell=5 Type=NTN TargetRSRP=-92.645 ServingRSRP=-100.922 BackhaulDlSnr=-999 BackhaulUlSnr=-999
TRACE HO_SUCCESS Time=36.6151 IMSI=44 TargetCell=7 Type=NTN TargetRSRP=-103.016 ServingRSRP=-86.1015 BackhaulDlSnr=-999 BackhaulUlSnr=-999
UAV_AUTONOMY_XAPP Time=38.5 DeploymentMode=tn-uav UavIndex=0 UavCellId=5 BestDonorCellId=1 BestDonorDistanceM=143.511 XhaulConnected=1 XhaulChannelVariationDb=0 RawXhaulState=HEALTHY RawXhaulStateAgeSec=34 XhaulState=HEALTHY DonorUnavailableActive=0 SatBackhaulHealthy=0 UavSwitchingXappAvailable=0 UavSwitchingXappState=DISABLED AiPredictedBackhaulMode=RULE_BASED BackhaulMode=TN_DIRECT RicControlState=TN_E2 ActiveUavRic=LOCAL_UAV_AUTONOMY NormalUeHandoverAllowed=1 UavMode=TN_CONTROLLED_COVERAGE_EXTENSION
UAV_AUTONOMY_XAPP Time=38.5 DeploymentMode=tn-uav UavIndex=1 UavCellId=6 BestDonorCellId=1 BestDonorDistanceM=110.88 XhaulConnected=1 XhaulChannelVariationDb=0 RawXhaulState=HEALTHY RawXhaulStateAgeSec=34 XhaulState=HEALTHY DonorUnavailableActive=0 SatBackhaulHealthy=0 UavSwitchingXappAvailable=0 UavSwitchingXappState=DISABLED AiPredictedBackhaulMode=RULE_BASED BackhaulMode=TN_DIRECT RicControlState=TN_E2 ActiveUavRic=LOCAL_UAV_AUTONOMY NormalUeHandoverAllowed=1 UavMode=TN_CONTROLLED_COVERAGE_EXTENSION
UAV_AUTONOMY_XAPP Time=38.5 DeploymentMode=tn-uav UavIndex=2 UavCellId=7 BestDonorCellId=1 BestDonorDistanceM=133.08 XhaulConnected=1 XhaulChannelVariationDb=0 RawXhaulState=HEALTHY RawXhaulStateAgeSec=34 XhaulState=HEALTHY DonorUnavailableActive=0 SatBackhaulHealthy=0 UavSwitchingXappAvailable=0 UavSwitchingXappState=DISABLED AiPredictedBackhaulMode=RULE_BASED BackhaulMode=TN_DIRECT RicControlState=TN_E2 ActiveUavRic=LOCAL_UAV_AUTONOMY NormalUeHandoverAllowed=1 UavMode=TN_CONTROLLED_COVERAGE_EXTENSION
---- LOAD at t=38.5 ----
  cell 1 (TN) load=18/20
  cell 2 (TN) load=19/20
  cell 3 (TN) load=18/20
  cell 4 (TN) load=16/20
  cell 5 (NTN) load=7/15
  cell 6 (NTN) load=10/15
  cell 7 (NTN) load=2/15
UE 8 TTT_WAIT target=6 elapsed=0s need=2s
LM HO UE=9 rnti=64 1->2 type=TN servingRsrp=-98.9613 targetRsrp=-92.2311 targetLoadReal=19/20 targetLoadEff=19/20
UE 11 TTT_WAIT target=3 elapsed=0s need=2s
UE 13 TTT_WAIT target=4 elapsed=0s need=2s
LM HO UE=15 rnti=112 1->4 type=TN servingRsrp=-88.1679 targetRsrp=-65.939 targetLoadReal=16/20 targetLoadEff=16/20
UE 18 TTT_WAIT target=7 elapsed=0s need=2s
UE 20 TTT_WAIT target=5 elapsed=0s need=2s
LM HO UE=24 rnti=125 4->3 type=TN servingRsrp=-103.258 targetRsrp=-80.2699 targetLoadReal=18/20 targetLoadEff=18/20
UE 27 TTT_WAIT target=6 elapsed=0s need=2s
UE 32 TTT_WAIT target=1 elapsed=0s need=2s
UE 34 TTT_WAIT target=7 elapsed=0s need=2s
UE 35 TTT_WAIT target=6 elapsed=0s need=2s
UE 36 TTT_WAIT target=4 elapsed=0s need=2s
LM HO UE=39 rnti=90 1->4 type=TN servingRsrp=-94.0942 targetRsrp=-76.3078 targetLoadReal=16/20 targetLoadEff=17/20
UE 40 TTT_WAIT target=7 elapsed=0s need=2s
UE 42 TTT_WAIT target=3 elapsed=0s need=2s
LM HO UE=43 rnti=125 1->6 type=NTN servingRsrp=-93.1176 targetRsrp=-77.5093 targetLoadReal=10/15 targetLoadEff=10/15
UE 49 TTT_WAIT target=1 elapsed=0s need=2s
UE 51 TTT_WAIT target=1 elapsed=0s need=2s
UE 52 TTT_WAIT target=6 elapsed=0s need=2s
UE 53 TTT_WAIT target=5 elapsed=0s need=2s
UE 54 TTT_WAIT target=7 elapsed=0s need=2s
UE 56 TTT_WAIT target=4 elapsed=0s need=2s
UE 61 TTT_WAIT target=3 elapsed=0s need=2s
UE 62 TTT_WAIT target=1 elapsed=0s need=2s
UE 64 TTT_WAIT target=3 elapsed=0s need=2s
UE 67 TTT_WAIT target=1 elapsed=0s need=2s
UE 70 TTT_WAIT target=3 elapsed=0s need=2s
UE 73 TTT_WAIT target=7 elapsed=0s need=2s
UE 74 TTT_WAIT target=4 elapsed=0s need=2s
LM HO_FAIL_LOW_RSRP UE=76 currCell=2 candCell=5 candRsrp=-115.586 < min=-110
UE 77 TTT_WAIT target=3 elapsed=0s need=2s
LM HO_FAIL_LOW_RSRP UE=78 currCell=2 candCell=6 candRsrp=-113.684 < min=-110
LM HO_FAIL_LOW_RSRP UE=80 currCell=6 candCell=7 candRsrp=-116.866 < min=-110
UE 82 TTT_WAIT target=3 elapsed=0s need=2s
UE 83 TTT_WAIT target=6 elapsed=0s need=2s
LM HO_FAIL_LOW_RSRP UE=84 currCell=1 candCell=6 candRsrp=-116.006 < min=-110
LM HO_FAIL_LOW_RSRP UE=85 currCell=3 candCell=1 candRsrp=-114.474 < min=-110
LM HO_FAIL_LOW_RSRP UE=87 currCell=2 candCell=7 candRsrp=-120.159 < min=-110
UE 88 TTT_WAIT target=1 elapsed=0s need=2s
UE 90 TTT_WAIT target=6 elapsed=0s need=2s
UE 91 TTT_WAIT target=1 elapsed=0s need=2s
UE 93 TTT_WAIT target=3 elapsed=0s need=2s
UE 94 TTT_WAIT target=1 elapsed=0s need=2s
LM HO_FAIL_LOW_RSRP UE=96 currCell=2 candCell=5 candRsrp=-118.922 < min=-110
LM HO_FAIL_LOW_RSRP UE=97 currCell=3 candCell=4 candRsrp=-116.085 < min=-110
TRACE HO_SUCCESS Time=38.6151 IMSI=8 TargetCell=2 Type=TN TargetRSRP=-100.187 ServingRSRP=-80.5553 BackhaulDlSnr=-999 BackhaulUlSnr=-999
TRACE HO_SUCCESS Time=38.6151 IMSI=23 TargetCell=3 Type=TN TargetRSRP=-104.472 ServingRSRP=-77.9248 BackhaulDlSnr=-999 BackhaulUlSnr=-999
TRACE HO_SUCCESS Time=38.6151 IMSI=38 TargetCell=4 Type=TN TargetRSRP=-117.471 ServingRSRP=-80.8239 BackhaulDlSnr=-999 BackhaulUlSnr=-999
TRACE HO_SUCCESS Time=38.6151 IMSI=14 TargetCell=4 Type=TN TargetRSRP=-70.5447 ServingRSRP=-97.4371 BackhaulDlSnr=-999 BackhaulUlSnr=-999
TRACE HO_SUCCESS Time=38.6151 IMSI=42 TargetCell=6 Type=NTN TargetRSRP=-100.658 ServingRSRP=-79.8977 BackhaulDlSnr=-999 BackhaulUlSnr=-999
UAV_AUTONOMY_XAPP Time=40.5 DeploymentMode=tn-uav UavIndex=0 UavCellId=5 BestDonorCellId=1 BestDonorDistanceM=143.511 XhaulConnected=1 XhaulChannelVariationDb=0 RawXhaulState=HEALTHY RawXhaulStateAgeSec=36 XhaulState=HEALTHY DonorUnavailableActive=0 SatBackhaulHealthy=0 UavSwitchingXappAvailable=0 UavSwitchingXappState=DISABLED AiPredictedBackhaulMode=RULE_BASED BackhaulMode=TN_DIRECT RicControlState=TN_E2 ActiveUavRic=LOCAL_UAV_AUTONOMY NormalUeHandoverAllowed=1 UavMode=TN_CONTROLLED_COVERAGE_EXTENSION
UAV_AUTONOMY_XAPP Time=40.5 DeploymentMode=tn-uav UavIndex=1 UavCellId=6 BestDonorCellId=1 BestDonorDistanceM=110.88 XhaulConnected=1 XhaulChannelVariationDb=0 RawXhaulState=HEALTHY RawXhaulStateAgeSec=36 XhaulState=HEALTHY DonorUnavailableActive=0 SatBackhaulHealthy=0 UavSwitchingXappAvailable=0 UavSwitchingXappState=DISABLED AiPredictedBackhaulMode=RULE_BASED BackhaulMode=TN_DIRECT RicControlState=TN_E2 ActiveUavRic=LOCAL_UAV_AUTONOMY NormalUeHandoverAllowed=1 UavMode=TN_CONTROLLED_COVERAGE_EXTENSION
UAV_AUTONOMY_XAPP Time=40.5 DeploymentMode=tn-uav UavIndex=2 UavCellId=7 BestDonorCellId=1 BestDonorDistanceM=133.08 XhaulConnected=1 XhaulChannelVariationDb=0 RawXhaulState=HEALTHY RawXhaulStateAgeSec=36 XhaulState=HEALTHY DonorUnavailableActive=0 SatBackhaulHealthy=0 UavSwitchingXappAvailable=0 UavSwitchingXappState=DISABLED AiPredictedBackhaulMode=RULE_BASED BackhaulMode=TN_DIRECT RicControlState=TN_E2 ActiveUavRic=LOCAL_UAV_AUTONOMY NormalUeHandoverAllowed=1 UavMode=TN_CONTROLLED_COVERAGE_EXTENSION
---- LOAD at t=40.5 ----
  cell 1 (TN) load=14/20
  cell 2 (TN) load=20/20
  cell 3 (TN) load=19/20
  cell 4 (TN) load=17/20
  cell 5 (NTN) load=7/15
  cell 6 (NTN) load=11/15
  cell 7 (NTN) load=2/15
UE 8 TTT_WAIT target=1 elapsed=0s need=2s
UE 11 TTT_WAIT target=1 elapsed=0s need=2s
UE 12 TTT_WAIT target=4 elapsed=0s need=2s
UE 13 TTT_WAIT target=7 elapsed=0s need=2s
UE 18 TTT_WAIT target=1 elapsed=0s need=2s
UE 20 TTT_WAIT target=3 elapsed=0s need=2s
UE 22 TTT_WAIT target=5 elapsed=0s need=2s
UE 27 TTT_WAIT target=5 elapsed=0s need=2s
UE 28 TTT_WAIT target=1 elapsed=0s need=2s
UE 30 TTT_WAIT target=5 elapsed=0s need=2s
UE 31 TTT_WAIT target=1 elapsed=0s need=2s
UE 33 TTT_WAIT target=1 elapsed=0s need=2s
UE 34 TTT_WAIT target=6 elapsed=0s need=2s
UE 39 TTT_WAIT target=1 elapsed=0s need=2s
UE 40 TTT_WAIT target=5 elapsed=0s need=2s
UE 42 TTT_WAIT target=1 elapsed=0s need=2s
UE 43 TTT_WAIT target=7 elapsed=0s need=2s
UE 52 TTT_WAIT target=1 elapsed=0s need=2s
UE 57 TTT_WAIT target=1 elapsed=0s need=2s
UE 58 TTT_WAIT target=3 elapsed=0s need=2s
UE 59 TTT_WAIT target=3 elapsed=0s need=2s
LM HO UE=61 rnti=115 4->3 type=TN servingRsrp=-96.9837 targetRsrp=-79.5029 targetLoadReal=19/20 targetLoadEff=19/20
UE 65 TTT_WAIT target=4 elapsed=0s need=2s
UE 66 TTT_WAIT target=1 elapsed=0s need=2s
LM HO UE=67 rnti=97 2->1 type=TN servingRsrp=-101.17 targetRsrp=-87.7742 targetLoadReal=14/20 targetLoadEff=14/20
UE 68 TTT_WAIT target=7 elapsed=0s need=2s
UE 70 TTT_WAIT target=6 elapsed=0s need=2s
LM HO_FAIL_LOW_RSRP UE=71 currCell=4 candCell=6 candRsrp=-117.004 < min=-110
LM HO UE=73 rnti=85 1->7 type=NTN servingRsrp=-114.963 targetRsrp=-80.2301 targetLoadReal=2/15 targetLoadEff=2/15
LM HO_FAIL_LOW_RSRP UE=74 currCell=2 candCell=4 candRsrp=-110.805 < min=-110
UE 76 TTT_WAIT target=6 elapsed=0s need=2s
UE 77 TTT_WAIT target=1 elapsed=0s need=2s
UE 79 TTT_WAIT target=7 elapsed=0s need=2s
UE 80 TTT_WAIT target=4 elapsed=0s need=2s
UE 84 TTT_WAIT target=7 elapsed=0s need=2s
LM HO_FAIL_LOW_RSRP UE=85 currCell=3 candCell=4 candRsrp=-115.621 < min=-110
UE 87 TTT_WAIT target=1 elapsed=0s need=2s
LM HO_FAIL_LOW_RSRP UE=89 currCell=3 candCell=6 candRsrp=-114.557 < min=-110
LM HO_FAIL_LOW_RSRP UE=90 currCell=1 candCell=6 candRsrp=-113.325 < min=-110
LM HO UE=91 rnti=64 5->1 type=TN servingRsrp=-115.21 targetRsrp=-108.629 targetLoadReal=14/20 targetLoadEff=15/20
UE 93 TTT_WAIT target=6 elapsed=0s need=2s
LM HO_FAIL_LOW_RSRP UE=94 currCell=6 candCell=7 candRsrp=-112.691 < min=-110
LM HO_FAIL_LOW_RSRP UE=96 currCell=2 candCell=6 candRsrp=-115.828 < min=-110
LM HO_FAIL_LOW_RSRP UE=97 currCell=3 candCell=1 candRsrp=-114.162 < min=-110
TRACE HO_SUCCESS Time=40.6151 IMSI=66 TargetCell=1 Type=TN TargetRSRP=-78.3797 ServingRSRP=-81.7005 BackhaulDlSnr=-999 BackhaulUlSnr=-999
TRACE HO_SUCCESS Time=40.6151 IMSI=90 TargetCell=1 Type=TN TargetRSRP=-110.51 ServingRSRP=-109.886 BackhaulDlSnr=-999 BackhaulUlSnr=-999
TRACE HO_SUCCESS Time=40.6151 IMSI=60 TargetCell=3 Type=TN TargetRSRP=-104.362 ServingRSRP=-106.364 BackhaulDlSnr=-999 BackhaulUlSnr=-999
TRACE HO_SUCCESS Time=40.6151 IMSI=72 TargetCell=7 Type=NTN TargetRSRP=-113.981 ServingRSRP=-115.373 BackhaulDlSnr=-999 BackhaulUlSnr=-999
UAV_AUTONOMY_XAPP Time=42.5 DeploymentMode=tn-uav UavIndex=0 UavCellId=5 BestDonorCellId=1 BestDonorDistanceM=143.511 XhaulConnected=1 XhaulChannelVariationDb=0 RawXhaulState=HEALTHY RawXhaulStateAgeSec=38 XhaulState=HEALTHY DonorUnavailableActive=0 SatBackhaulHealthy=0 UavSwitchingXappAvailable=0 UavSwitchingXappState=DISABLED AiPredictedBackhaulMode=RULE_BASED BackhaulMode=TN_DIRECT RicControlState=TN_E2 ActiveUavRic=LOCAL_UAV_AUTONOMY NormalUeHandoverAllowed=1 UavMode=TN_CONTROLLED_COVERAGE_EXTENSION
UAV_AUTONOMY_XAPP Time=42.5 DeploymentMode=tn-uav UavIndex=1 UavCellId=6 BestDonorCellId=1 BestDonorDistanceM=110.88 XhaulConnected=1 XhaulChannelVariationDb=0 RawXhaulState=HEALTHY RawXhaulStateAgeSec=38 XhaulState=HEALTHY DonorUnavailableActive=0 SatBackhaulHealthy=0 UavSwitchingXappAvailable=0 UavSwitchingXappState=DISABLED AiPredictedBackhaulMode=RULE_BASED BackhaulMode=TN_DIRECT RicControlState=TN_E2 ActiveUavRic=LOCAL_UAV_AUTONOMY NormalUeHandoverAllowed=1 UavMode=TN_CONTROLLED_COVERAGE_EXTENSION
UAV_AUTONOMY_XAPP Time=42.5 DeploymentMode=tn-uav UavIndex=2 UavCellId=7 BestDonorCellId=1 BestDonorDistanceM=133.08 XhaulConnected=1 XhaulChannelVariationDb=0 RawXhaulState=HEALTHY RawXhaulStateAgeSec=38 XhaulState=HEALTHY DonorUnavailableActive=0 SatBackhaulHealthy=0 UavSwitchingXappAvailable=0 UavSwitchingXappState=DISABLED AiPredictedBackhaulMode=RULE_BASED BackhaulMode=TN_DIRECT RicControlState=TN_E2 ActiveUavRic=LOCAL_UAV_AUTONOMY NormalUeHandoverAllowed=1 UavMode=TN_CONTROLLED_COVERAGE_EXTENSION
---- LOAD at t=42.5 ----
  cell 1 (TN) load=15/20
  cell 2 (TN) load=19/20
  cell 3 (TN) load=20/20
  cell 4 (TN) load=16/20
  cell 5 (NTN) load=6/15
  cell 6 (NTN) load=11/15
  cell 7 (NTN) load=3/15
UE 8 TTT_WAIT target=5 elapsed=0s need=2s
UE 9 TTT_WAIT target=1 elapsed=0s need=2s
UE 10 TTT_WAIT target=1 elapsed=0s need=2s
LM HO UE=11 rnti=108 2->1 type=TN servingRsrp=-106.735 targetRsrp=-101.515 targetLoadReal=15/20 targetLoadEff=15/20
UE 12 TTT_WAIT target=2 elapsed=0s need=2s
UE 14 TTT_WAIT target=1 elapsed=0s need=2s
UE 18 TTT_WAIT target=6 elapsed=0s need=2s
UE 20 TTT_WAIT target=2 elapsed=0s need=2s
UE 21 TTT_WAIT target=1 elapsed=0s need=2s
UE 22 TTT_WAIT target=7 elapsed=0s need=2s
UE 23 TTT_WAIT target=6 elapsed=0s need=2s
UE 24 TTT_WAIT target=4 elapsed=0s need=2s
UE 26 TTT_WAIT target=2 elapsed=0s need=2s
UE 27 TTT_WAIT target=7 elapsed=0s need=2s
UE 29 TTT_WAIT target=1 elapsed=0s need=2s
UE 30 TTT_WAIT target=1 elapsed=0s need=2s
UE 31 TTT_WAIT target=7 elapsed=0s need=2s
UE 32 TTT_WAIT target=1 elapsed=0s need=2s
UE 33 TTT_WAIT target=6 elapsed=0s need=2s
UE 34 TTT_WAIT target=7 elapsed=0s need=2s
UE 36 TTT_WAIT target=2 elapsed=0s need=2s
UE 39 TTT_WAIT target=2 elapsed=0s need=2s
LM HO UE=40 rnti=103 1->5 type=NTN servingRsrp=-91.1374 targetRsrp=-79.8193 targetLoadReal=6/15 targetLoadEff=6/15
UE 41 TTT_WAIT target=7 elapsed=0s need=2s
LM HO UE=42 rnti=133 4->1 type=TN servingRsrp=-106.983 targetRsrp=-70.3052 targetLoadReal=15/20 targetLoadEff=16/20
UE 43 TTT_WAIT target=2 elapsed=0s need=2s
UE 45 TTT_WAIT target=1 elapsed=0s need=2s
UE 51 TTT_WAIT target=2 elapsed=0s need=2s
UE 60 TTT_WAIT target=4 elapsed=0s need=2s
UE 62 TTT_WAIT target=4 elapsed=0s need=2s
UE 64 TTT_WAIT target=2 elapsed=0s need=2s
UE 66 TTT_WAIT target=2 elapsed=0s need=2s
LM HO_FAIL_LOW_RSRP UE=70 currCell=2 candCell=7 candRsrp=-114.037 < min=-110
UE 71 TTT_WAIT target=7 elapsed=0s need=2s
UE 73 TTT_WAIT target=1 elapsed=0s need=2s
LM HO_FAIL_LOW_RSRP UE=74 currCell=2 candCell=4 candRsrp=-115.016 < min=-110
LM HO_FAIL_LOW_RSRP UE=76 currCell=2 candCell=5 candRsrp=-118 < min=-110
LM HO UE=77 rnti=56 5->1 type=TN servingRsrp=-120.239 targetRsrp=-105.228 targetLoadReal=15/20 targetLoadEff=17/20
LM HO_FAIL_LOW_RSRP UE=78 currCell=2 candCell=6 candRsrp=-118.391 < min=-110
LM HO UE=79 rnti=95 2->7 type=NTN servingRsrp=-103.313 targetRsrp=-92.4653 targetLoadReal=3/15 targetLoadEff=3/15
LM HO_FAIL_LOW_RSRP UE=80 currCell=6 candCell=7 candRsrp=-115.773 < min=-110
UE 81 TTT_WAIT target=5 elapsed=0s need=2s
UE 82 TTT_WAIT target=4 elapsed=0s need=2s
UE 83 TTT_WAIT target=6 elapsed=0s need=2s
LM HO_FAIL_LOW_RSRP UE=84 currCell=1 candCell=5 candRsrp=-114.149 < min=-110
UE 85 TTT_WAIT target=2 elapsed=0s need=2s
LM HO_FAIL_LOW_RSRP UE=86 currCell=5 candCell=6 candRsrp=-114.379 < min=-110
UE 87 TTT_WAIT target=5 elapsed=0s need=2s
UE 88 TTT_WAIT target=5 elapsed=0s need=2s
UE 89 TTT_WAIT target=1 elapsed=0s need=2s
UE 93 TTT_WAIT target=2 elapsed=0s need=2s
LM HO_FAIL_LOW_RSRP UE=94 currCell=6 candCell=5 candRsrp=-110.053 < min=-110
UE 95 TTT_WAIT target=1 elapsed=0s need=2s
UE 96 TTT_WAIT target=1 elapsed=0s need=2s
LM HO_FAIL_LOW_RSRP UE=97 currCell=3 candCell=1 candRsrp=-115.866 < min=-110
TRACE HO_SUCCESS Time=42.6151 IMSI=10 TargetCell=1 Type=TN TargetRSRP=-102.907 ServingRSRP=-94.4742 BackhaulDlSnr=-999 BackhaulUlSnr=-999
TRACE HO_SUCCESS Time=42.6151 IMSI=41 TargetCell=1 Type=TN TargetRSRP=-101.436 ServingRSRP=-104.899 BackhaulDlSnr=-999 BackhaulUlSnr=-999
TRACE HO_SUCCESS Time=42.6151 IMSI=76 TargetCell=1 Type=TN TargetRSRP=-120.839 ServingRSRP=-117.54 BackhaulDlSnr=-999 BackhaulUlSnr=-999
TRACE HO_SUCCESS Time=42.6151 IMSI=39 TargetCell=5 Type=NTN TargetRSRP=-82.3504 ServingRSRP=-98.2056 BackhaulDlSnr=-999 BackhaulUlSnr=-999
TRACE HO_SUCCESS Time=42.6151 IMSI=78 TargetCell=7 Type=NTN TargetRSRP=-113.464 ServingRSRP=-114.285 BackhaulDlSnr=-999 BackhaulUlSnr=-999
UAV_AUTONOMY_XAPP Time=44.5 DeploymentMode=tn-uav UavIndex=0 UavCellId=5 BestDonorCellId=1 BestDonorDistanceM=143.511 XhaulConnected=1 XhaulChannelVariationDb=0 RawXhaulState=HEALTHY RawXhaulStateAgeSec=40 XhaulState=HEALTHY DonorUnavailableActive=0 SatBackhaulHealthy=0 UavSwitchingXappAvailable=0 UavSwitchingXappState=DISABLED AiPredictedBackhaulMode=RULE_BASED BackhaulMode=TN_DIRECT RicControlState=TN_E2 ActiveUavRic=LOCAL_UAV_AUTONOMY NormalUeHandoverAllowed=1 UavMode=TN_CONTROLLED_COVERAGE_EXTENSION
UAV_AUTONOMY_XAPP Time=44.5 DeploymentMode=tn-uav UavIndex=1 UavCellId=6 BestDonorCellId=1 BestDonorDistanceM=110.88 XhaulConnected=1 XhaulChannelVariationDb=0 RawXhaulState=HEALTHY RawXhaulStateAgeSec=40 XhaulState=HEALTHY DonorUnavailableActive=0 SatBackhaulHealthy=0 UavSwitchingXappAvailable=0 UavSwitchingXappState=DISABLED AiPredictedBackhaulMode=RULE_BASED BackhaulMode=TN_DIRECT RicControlState=TN_E2 ActiveUavRic=LOCAL_UAV_AUTONOMY NormalUeHandoverAllowed=1 UavMode=TN_CONTROLLED_COVERAGE_EXTENSION
UAV_AUTONOMY_XAPP Time=44.5 DeploymentMode=tn-uav UavIndex=2 UavCellId=7 BestDonorCellId=1 BestDonorDistanceM=133.08 XhaulConnected=1 XhaulChannelVariationDb=0 RawXhaulState=HEALTHY RawXhaulStateAgeSec=40 XhaulState=HEALTHY DonorUnavailableActive=0 SatBackhaulHealthy=0 UavSwitchingXappAvailable=0 UavSwitchingXappState=DISABLED AiPredictedBackhaulMode=RULE_BASED BackhaulMode=TN_DIRECT RicControlState=TN_E2 ActiveUavRic=LOCAL_UAV_AUTONOMY NormalUeHandoverAllowed=1 UavMode=TN_CONTROLLED_COVERAGE_EXTENSION
---- LOAD at t=44.5 ----
  cell 1 (TN) load=17/20
  cell 2 (TN) load=17/20
  cell 3 (TN) load=20/20
  cell 4 (TN) load=15/20
  cell 5 (NTN) load=6/15
  cell 6 (NTN) load=11/15
  cell 7 (NTN) load=4/15
UE 8 TTT_WAIT target=7 elapsed=0s need=2s
LM HO UE=9 rnti=132 2->1 type=TN servingRsrp=-102.678 targetRsrp=-97.815 targetLoadReal=17/20 targetLoadEff=17/20
UE 11 TTT_WAIT target=2 elapsed=0s need=2s
LM HO UE=12 rnti=91 1->2 type=TN servingRsrp=-104.415 targetRsrp=-98.0007 targetLoadReal=17/20 targetLoadEff=17/20
UE 15 TTT_WAIT target=1 elapsed=0s need=2s
UE 16 TTT_WAIT target=6 elapsed=0s need=2s
UE 18 TTT_WAIT target=2 elapsed=0s need=2s
LM HO UE=20 rnti=127 1->2 type=TN servingRsrp=-109.814 targetRsrp=-105.118 targetLoadReal=17/20 targetLoadEff=18/20
UE 23 TTT_WAIT target=2 elapsed=0s need=2s
UE 27 TTT_WAIT target=2 elapsed=0s need=2s
UE 29 TTT_WAIT target=6 elapsed=0s need=2s
UE 31 TTT_WAIT target=1 elapsed=0s need=2s
UE 32 TTT_WAIT target=2 elapsed=0s need=2s
UE 34 TTT_WAIT target=5 elapsed=0s need=2s
UE 37 TTT_WAIT target=6 elapsed=0s need=2s
LM HO UE=39 rnti=135 4->2 type=TN servingRsrp=-94.5568 targetRsrp=-69.734 targetLoadReal=17/20 targetLoadEff=19/20
UE 40 TTT_WAIT target=7 elapsed=0s need=2s
UE 43 TTT_WAIT target=1 elapsed=0s need=2s
UE 44 TTT_WAIT target=1 elapsed=0s need=2s
UE 49 TTT_WAIT target=6 elapsed=0s need=2s
UE 51 TTT_WAIT target=1 elapsed=0s need=2s
UE 53 TTT_WAIT target=1 elapsed=0s need=2s
UE 54 TTT_WAIT target=1 elapsed=0s need=2s
UE 58 TTT_WAIT target=1 elapsed=0s need=2s
UE 59 TTT_WAIT target=6 elapsed=0s need=2s
UE 61 TTT_WAIT target=7 elapsed=0s need=2s
UE 62 TTT_WAIT target=1 elapsed=0s need=2s
UE 63 TTT_WAIT target=1 elapsed=0s need=2s
UE 64 TTT_WAIT target=1 elapsed=0s need=2s
UE 65 TTT_WAIT target=4 elapsed=0s need=2s
UE 66 TTT_WAIT target=5 elapsed=0s need=2s
UE 67 TTT_WAIT target=6 elapsed=0s need=2s
UE 70 TTT_WAIT target=4 elapsed=0s need=2s
UE 71 TTT_WAIT target=6 elapsed=0s need=2s
UE 74 TTT_WAIT target=4 elapsed=0s need=2s
LM HO_FAIL_LOW_RSRP UE=75 currCell=6 candCell=5 candRsrp=-118.24 < min=-110
UE 76 TTT_WAIT target=6 elapsed=0s need=2s
LM HO_FAIL_LOW_RSRP UE=77 currCell=1 candCell=4 candRsrp=-115.388 < min=-110
LM HO_FAIL_LOW_RSRP UE=80 currCell=6 candCell=7 candRsrp=-113.998 < min=-110
UE 82 TTT_WAIT target=7 elapsed=0s need=2s
LM HO_FAIL_LOW_RSRP UE=84 currCell=1 candCell=6 candRsrp=-114.035 < min=-110
LM HO_FAIL_LOW_RSRP UE=85 currCell=3 candCell=1 candRsrp=-111.24 < min=-110
UE 87 TTT_WAIT target=1 elapsed=0s need=2s
LM HO_FAIL_LOW_RSRP UE=88 currCell=2 candCell=5 candRsrp=-112.05 < min=-110
UE 89 TTT_WAIT target=6 elapsed=0s need=2s
LM HO_FAIL_LOW_RSRP UE=90 currCell=1 candCell=6 candRsrp=-113.912 < min=-110
UE 91 TTT_WAIT target=6 elapsed=0s need=2s
UE 92 TTT_WAIT target=4 elapsed=0s need=2s
UE 93 TTT_WAIT target=5 elapsed=0s need=2s
LM HO_FAIL_LOW_RSRP UE=94 currCell=6 candCell=5 candRsrp=-110.006 < min=-110
UE 95 TTT_WAIT target=4 elapsed=0s need=2s
LM HO_FAIL_LOW_RSRP UE=96 currCell=2 candCell=7 candRsrp=-116.262 < min=-110
TRACE HO_SUCCESS Time=44.6151 IMSI=8 TargetCell=1 Type=TN TargetRSRP=-99.393 ServingRSRP=-99.3036 BackhaulDlSnr=-999 BackhaulUlSnr=-999
TRACE HO_SUCCESS Time=44.6151 IMSI=11 TargetCell=2 Type=TN TargetRSRP=-75.1203 ServingRSRP=-71.5671 BackhaulDlSnr=-999 BackhaulUlSnr=-999
TRACE HO_SUCCESS Time=44.6151 IMSI=19 TargetCell=2 Type=TN TargetRSRP=-109.524 ServingRSRP=-92.3402 BackhaulDlSnr=-999 BackhaulUlSnr=-999
TRACE HO_SUCCESS Time=44.6151 IMSI=38 TargetCell=2 Type=TN TargetRSRP=-96.7028 ServingRSRP=-92.3475 BackhaulDlSnr=-999 BackhaulUlSnr=-999
UAV_AUTONOMY_XAPP Time=46.5 DeploymentMode=tn-uav UavIndex=0 UavCellId=5 BestDonorCellId=1 BestDonorDistanceM=143.511 XhaulConnected=1 XhaulChannelVariationDb=0 RawXhaulState=HEALTHY RawXhaulStateAgeSec=42 XhaulState=HEALTHY DonorUnavailableActive=0 SatBackhaulHealthy=0 UavSwitchingXappAvailable=0 UavSwitchingXappState=DISABLED AiPredictedBackhaulMode=RULE_BASED BackhaulMode=TN_DIRECT RicControlState=TN_E2 ActiveUavRic=LOCAL_UAV_AUTONOMY NormalUeHandoverAllowed=1 UavMode=TN_CONTROLLED_COVERAGE_EXTENSION
UAV_AUTONOMY_XAPP Time=46.5 DeploymentMode=tn-uav UavIndex=1 UavCellId=6 BestDonorCellId=1 BestDonorDistanceM=110.88 XhaulConnected=1 XhaulChannelVariationDb=0 RawXhaulState=HEALTHY RawXhaulStateAgeSec=42 XhaulState=HEALTHY DonorUnavailableActive=0 SatBackhaulHealthy=0 UavSwitchingXappAvailable=0 UavSwitchingXappState=DISABLED AiPredictedBackhaulMode=RULE_BASED BackhaulMode=TN_DIRECT RicControlState=TN_E2 ActiveUavRic=LOCAL_UAV_AUTONOMY NormalUeHandoverAllowed=1 UavMode=TN_CONTROLLED_COVERAGE_EXTENSION
UAV_AUTONOMY_XAPP Time=46.5 DeploymentMode=tn-uav UavIndex=2 UavCellId=7 BestDonorCellId=1 BestDonorDistanceM=133.08 XhaulConnected=1 XhaulChannelVariationDb=0 RawXhaulState=HEALTHY RawXhaulStateAgeSec=42 XhaulState=HEALTHY DonorUnavailableActive=0 SatBackhaulHealthy=0 UavSwitchingXappAvailable=0 UavSwitchingXappState=DISABLED AiPredictedBackhaulMode=RULE_BASED BackhaulMode=TN_DIRECT RicControlState=TN_E2 ActiveUavRic=LOCAL_UAV_AUTONOMY NormalUeHandoverAllowed=1 UavMode=TN_CONTROLLED_COVERAGE_EXTENSION
---- LOAD at t=46.5 ----
  cell 1 (TN) load=16/20
  cell 2 (TN) load=19/20
  cell 3 (TN) load=20/20
  cell 4 (TN) load=14/20
  cell 5 (NTN) load=6/15
  cell 6 (NTN) load=11/15
  cell 7 (NTN) load=4/15
UE 9 TTT_WAIT target=4 elapsed=0s need=2s
UE 11 TTT_WAIT target=6 elapsed=0s need=2s
UE 13 TTT_WAIT target=4 elapsed=0s need=2s
LM HO UE=15 rnti=134 4->1 type=TN servingRsrp=-97.4032 targetRsrp=-75.6927 targetLoadReal=16/20 targetLoadEff=16/20
LM HO UE=23 rnti=66 1->2 type=TN servingRsrp=-89.2612 targetRsrp=-79.568 targetLoadReal=19/20 targetLoadEff=19/20
UE 24 TTT_WAIT target=1 elapsed=0s need=2s
UE 27 TTT_WAIT target=5 elapsed=0s need=2s
UE 28 TTT_WAIT target=6 elapsed=0s need=2s
UE 29 TTT_WAIT target=5 elapsed=0s need=2s
UE 31 TTT_WAIT target=7 elapsed=0s need=2s
UE 32 TTT_WAIT target=4 elapsed=0s need=2s
UE 39 TTT_WAIT target=6 elapsed=0s need=2s
UE 42 TTT_WAIT target=7 elapsed=0s need=2s
LM HO UE=43 rnti=176 6->1 type=TN servingRsrp=-103.66 targetRsrp=-78.3264 targetLoadReal=16/20 targetLoadEff=17/20
UE 45 TTT_WAIT target=5 elapsed=0s need=2s
LM HO UE=51 rnti=114 4->1 type=TN servingRsrp=-104.222 targetRsrp=-98.859 targetLoadReal=16/20 targetLoadEff=18/20
UE 53 TTT_WAIT target=5 elapsed=0s need=2s
UE 56 TTT_WAIT target=6 elapsed=0s need=2s
UE 57 TTT_WAIT target=5 elapsed=0s need=2s
UE 58 TTT_WAIT target=6 elapsed=0s need=2s
UE 61 TTT_WAIT target=1 elapsed=0s need=2s
UE 62 TTT_WAIT target=4 elapsed=0s need=2s
LM HO UE=64 rnti=129 4->1 type=TN servingRsrp=-99.4977 targetRsrp=-96.9722 targetLoadReal=16/20 targetLoadEff=19/20
LM HO UE=65 rnti=126 3->4 type=TN servingRsrp=-92.8773 targetRsrp=-82.9239 targetLoadReal=14/20 targetLoadEff=14/20
UE 66 TTT_WAIT target=6 elapsed=0s need=2s
UE 68 TTT_WAIT target=5 elapsed=0s need=2s
LM HO_FAIL_LOW_RSRP UE=71 currCell=4 candCell=5 candRsrp=-116.747 < min=-110
LM HO UE=74 rnti=117 2->4 type=TN servingRsrp=-119.601 targetRsrp=-95.1166 targetLoadReal=14/20 targetLoadEff=15/20
LM HO_FAIL_LOW_RSRP UE=75 currCell=6 candCell=7 candRsrp=-116.097 < min=-110
UE 76 TTT_WAIT target=5 elapsed=0s need=2s
LM HO_FAIL_LOW_RSRP UE=77 currCell=1 candCell=4 candRsrp=-114.948 < min=-110
UE 78 TTT_WAIT target=5 elapsed=0s need=2s
UE 80 TTT_WAIT target=5 elapsed=0s need=2s
UE 81 TTT_WAIT target=4 elapsed=0s need=2s
UE 83 TTT_WAIT target=5 elapsed=0s need=2s
LM HO_FAIL_LOW_RSRP UE=84 currCell=1 candCell=6 candRsrp=-115.391 < min=-110
LM HO_FAIL_LOW_RSRP UE=85 currCell=3 candCell=4 candRsrp=-119.312 < min=-110
UE 87 TTT_WAIT target=5 elapsed=0s need=2s
UE 88 TTT_WAIT target=7 elapsed=0s need=2s
LM HO_FAIL_LOW_RSRP UE=89 currCell=3 candCell=5 candRsrp=-122.467 < min=-110
UE 90 TTT_WAIT target=6 elapsed=0s need=2s
LM HO UE=91 rnti=129 1->6 type=NTN servingRsrp=-100.057 targetRsrp=-80.9175 targetLoadReal=11/15 targetLoadEff=11/15
UE 94 TTT_WAIT target=4 elapsed=0s need=2s
LM HO_FAIL_LOW_RSRP UE=95 currCell=7 candCell=6 candRsrp=-117.727 < min=-110
LM HO_FAIL_LOW_RSRP UE=96 currCell=2 candCell=6 candRsrp=-115.548 < min=-110
UE 97 TTT_WAIT target=7 elapsed=0s need=2s
TRACE HO_SUCCESS Time=46.6151 IMSI=14 TargetCell=1 Type=TN TargetRSRP=-99.2397 ServingRSRP=-92.68 BackhaulDlSnr=-999 BackhaulUlSnr=-999
TRACE HO_SUCCESS Time=46.6151 IMSI=63 TargetCell=1 Type=TN TargetRSRP=-79.0875 ServingRSRP=-93.6131 BackhaulDlSnr=-999 BackhaulUlSnr=-999
TRACE HO_SUCCESS Time=46.6151 IMSI=50 TargetCell=1 Type=TN TargetRSRP=-86.9712 ServingRSRP=-87.0615 BackhaulDlSnr=-999 BackhaulUlSnr=-999
TRACE HO_SUCCESS Time=46.6151 IMSI=42 TargetCell=1 Type=TN TargetRSRP=-100.367 ServingRSRP=-101.193 BackhaulDlSnr=-999 BackhaulUlSnr=-999
TRACE HO_SUCCESS Time=46.6151 IMSI=22 TargetCell=2 Type=TN TargetRSRP=-100.433 ServingRSRP=-66.0049 BackhaulDlSnr=-999 BackhaulUlSnr=-999
TRACE HO_SUCCESS Time=46.6151 IMSI=73 TargetCell=4 Type=TN TargetRSRP=-110.603 ServingRSRP=-98.8978 BackhaulDlSnr=-999 BackhaulUlSnr=-999
TRACE HO_SUCCESS Time=46.6151 IMSI=64 TargetCell=4 Type=TN TargetRSRP=-101.475 ServingRSRP=-99.0708 BackhaulDlSnr=-999 BackhaulUlSnr=-999
TRACE HO_SUCCESS Time=46.6151 IMSI=90 TargetCell=6 Type=NTN TargetRSRP=-114.985 ServingRSRP=-110.727 BackhaulDlSnr=-999 BackhaulUlSnr=-999
UAV_AUTONOMY_XAPP Time=48.5 DeploymentMode=tn-uav UavIndex=0 UavCellId=5 BestDonorCellId=1 BestDonorDistanceM=143.511 XhaulConnected=1 XhaulChannelVariationDb=0 RawXhaulState=HEALTHY RawXhaulStateAgeSec=44 XhaulState=HEALTHY DonorUnavailableActive=0 SatBackhaulHealthy=0 UavSwitchingXappAvailable=0 UavSwitchingXappState=DISABLED AiPredictedBackhaulMode=RULE_BASED BackhaulMode=TN_DIRECT RicControlState=TN_E2 ActiveUavRic=LOCAL_UAV_AUTONOMY NormalUeHandoverAllowed=1 UavMode=TN_CONTROLLED_COVERAGE_EXTENSION
UAV_AUTONOMY_XAPP Time=48.5 DeploymentMode=tn-uav UavIndex=1 UavCellId=6 BestDonorCellId=1 BestDonorDistanceM=110.88 XhaulConnected=1 XhaulChannelVariationDb=0 RawXhaulState=HEALTHY RawXhaulStateAgeSec=44 XhaulState=HEALTHY DonorUnavailableActive=0 SatBackhaulHealthy=0 UavSwitchingXappAvailable=0 UavSwitchingXappState=DISABLED AiPredictedBackhaulMode=RULE_BASED BackhaulMode=TN_DIRECT RicControlState=TN_E2 ActiveUavRic=LOCAL_UAV_AUTONOMY NormalUeHandoverAllowed=1 UavMode=TN_CONTROLLED_COVERAGE_EXTENSION
UAV_AUTONOMY_XAPP Time=48.5 DeploymentMode=tn-uav UavIndex=2 UavCellId=7 BestDonorCellId=1 BestDonorDistanceM=133.08 XhaulConnected=1 XhaulChannelVariationDb=0 RawXhaulState=HEALTHY RawXhaulStateAgeSec=44 XhaulState=HEALTHY DonorUnavailableActive=0 SatBackhaulHealthy=0 UavSwitchingXappAvailable=0 UavSwitchingXappState=DISABLED AiPredictedBackhaulMode=RULE_BASED BackhaulMode=TN_DIRECT RicControlState=TN_E2 ActiveUavRic=LOCAL_UAV_AUTONOMY NormalUeHandoverAllowed=1 UavMode=TN_CONTROLLED_COVERAGE_EXTENSION
---- LOAD at t=48.5 ----
  cell 1 (TN) load=18/20
  cell 2 (TN) load=19/20
  cell 3 (TN) load=19/20
  cell 4 (TN) load=13/20
  cell 5 (NTN) load=6/15
  cell 6 (NTN) load=11/15
  cell 7 (NTN) load=4/15
UE 9 TTT_WAIT target=3 elapsed=0s need=2s
UE 10 TTT_WAIT target=4 elapsed=0s need=2s
UE 11 TTT_WAIT target=2 elapsed=0s need=2s
UE 15 TTT_WAIT target=4 elapsed=0s need=2s
UE 16 TTT_WAIT target=1 elapsed=0s need=2s
UE 18 TTT_WAIT target=2 elapsed=0s need=2s
UE 20 TTT_WAIT target=7 elapsed=0s need=2s
UE 21 TTT_WAIT target=1 elapsed=0s need=2s
UE 22 TTT_WAIT target=3 elapsed=0s need=2s
UE 23 TTT_WAIT target=3 elapsed=0s need=2s
UE 26 TTT_WAIT target=2 elapsed=0s need=2s
UE 27 TTT_WAIT target=7 elapsed=0s need=2s
UE 28 TTT_WAIT target=4 elapsed=0s need=2s
LM HO UE=31 rnti=67 6->7 type=NTN servingRsrp=-106.883 targetRsrp=-67.4782 targetLoadReal=4/15 targetLoadEff=4/15
UE 32 TTT_WAIT target=1 elapsed=0s need=2s
UE 35 TTT_WAIT target=2 elapsed=0s need=2s
LM HO_FAIL_LOW_RSRP UE=36 currCell=3 candCell=4 candRsrp=-110.404 < min=-110
UE 37 TTT_WAIT target=2 elapsed=0s need=2s
UE 38 TTT_WAIT target=7 elapsed=0s need=2s
UE 39 TTT_WAIT target=3 elapsed=0s need=2s
UE 40 TTT_WAIT target=7 elapsed=0s need=2s
UE 41 TTT_WAIT target=4 elapsed=0s need=2s
UE 43 TTT_WAIT target=2 elapsed=0s need=2s
UE 44 TTT_WAIT target=6 elapsed=0s need=2s
LM HO UE=45 rnti=69 7->5 type=NTN servingRsrp=-96.6144 targetRsrp=-92.236 targetLoadReal=6/15 targetLoadEff=6/15
UE 51 TTT_WAIT target=3 elapsed=0s need=2s
UE 52 TTT_WAIT target=1 elapsed=0s need=2s
UE 53 TTT_WAIT target=1 elapsed=0s need=2s
UE 54 TTT_WAIT target=7 elapsed=0s need=2s
UE 58 TTT_WAIT target=3 elapsed=0s need=2s
UE 59 TTT_WAIT target=1 elapsed=0s need=2s
UE 62 TTT_WAIT target=7 elapsed=0s need=2s
UE 64 TTT_WAIT target=3 elapsed=0s need=2s
UE 65 TTT_WAIT target=3 elapsed=0s need=2s
UE 67 TTT_WAIT target=2 elapsed=0s need=2s
LM HO_FAIL_LOW_RSRP UE=68 currCell=6 candCell=5 candRsrp=-111.089 < min=-110
LM HO_FAIL_LOW_RSRP UE=70 currCell=2 candCell=4 candRsrp=-112.876 < min=-110
UE 71 TTT_WAIT target=3 elapsed=0s need=2s
UE 73 TTT_WAIT target=1 elapsed=0s need=2s
LM HO_FAIL_LOW_RSRP UE=74 currCell=4 candCell=3 candRsrp=-110.134 < min=-110
UE 76 TTT_WAIT target=1 elapsed=0s need=2s
LM HO_FAIL_LOW_RSRP UE=77 currCell=1 candCell=3 candRsrp=-115.796 < min=-110
UE 79 TTT_WAIT target=2 elapsed=0s need=2s
LM HO_FAIL_LOW_RSRP UE=82 currCell=5 candCell=6 candRsrp=-111.005 < min=-110
UE 83 TTT_WAIT target=1 elapsed=0s need=2s
UE 84 TTT_WAIT target=3 elapsed=0s need=2s
UE 85 TTT_WAIT target=1 elapsed=0s need=2s
UE 86 TTT_WAIT target=1 elapsed=0s need=2s
UE 87 TTT_WAIT target=7 elapsed=0s need=2s
UE 88 TTT_WAIT target=1 elapsed=0s need=2s
LM HO_FAIL_LOW_RSRP UE=89 currCell=3 candCell=6 candRsrp=-118.004 < min=-110
LM HO_FAIL_LOW_RSRP UE=90 currCell=1 candCell=6 candRsrp=-112.322 < min=-110
UE 91 TTT_WAIT target=1 elapsed=0s need=2s
LM HO_FAIL_LOW_RSRP UE=93 currCell=1 candCell=2 candRsrp=-111.629 < min=-110
LM HO UE=94 rnti=158 6->4 type=TN servingRsrp=-113.705 targetRsrp=-89.395 targetLoadReal=13/20 targetLoadEff=13/20
UE 95 TTT_WAIT target=4 elapsed=0s need=2s
LM HO_FAIL_LOW_RSRP UE=96 currCell=2 candCell=6 candRsrp=-117.251 < min=-110
LM HO_FAIL_LOW_RSRP UE=97 currCell=3 candCell=2 candRsrp=-116.027 < min=-110
TRACE HO_SUCCESS Time=48.6151 IMSI=93 TargetCell=4 Type=TN TargetRSRP=-117.252 ServingRSRP=-113.045 BackhaulDlSnr=-999 BackhaulUlSnr=-999
TRACE HO_SUCCESS Time=48.6151 IMSI=44 TargetCell=5 Type=NTN TargetRSRP=-101.413 ServingRSRP=-77.3702 BackhaulDlSnr=-999 BackhaulUlSnr=-999
TRACE HO_SUCCESS Time=48.6151 IMSI=30 TargetCell=7 Type=NTN TargetRSRP=-97.7398 ServingRSRP=-97.9148 BackhaulDlSnr=-999 BackhaulUlSnr=-999
UAV_AUTONOMY_XAPP Time=50.5 DeploymentMode=tn-uav UavIndex=0 UavCellId=5 BestDonorCellId=1 BestDonorDistanceM=143.511 XhaulConnected=1 XhaulChannelVariationDb=0 RawXhaulState=HEALTHY RawXhaulStateAgeSec=46 XhaulState=HEALTHY DonorUnavailableActive=0 SatBackhaulHealthy=0 UavSwitchingXappAvailable=0 UavSwitchingXappState=DISABLED AiPredictedBackhaulMode=RULE_BASED BackhaulMode=TN_DIRECT RicControlState=TN_E2 ActiveUavRic=LOCAL_UAV_AUTONOMY NormalUeHandoverAllowed=1 UavMode=TN_CONTROLLED_COVERAGE_EXTENSION
UAV_AUTONOMY_XAPP Time=50.5 DeploymentMode=tn-uav UavIndex=1 UavCellId=6 BestDonorCellId=1 BestDonorDistanceM=110.88 XhaulConnected=1 XhaulChannelVariationDb=0 RawXhaulState=HEALTHY RawXhaulStateAgeSec=46 XhaulState=HEALTHY DonorUnavailableActive=0 SatBackhaulHealthy=0 UavSwitchingXappAvailable=0 UavSwitchingXappState=DISABLED AiPredictedBackhaulMode=RULE_BASED BackhaulMode=TN_DIRECT RicControlState=TN_E2 ActiveUavRic=LOCAL_UAV_AUTONOMY NormalUeHandoverAllowed=1 UavMode=TN_CONTROLLED_COVERAGE_EXTENSION
UAV_AUTONOMY_XAPP Time=50.5 DeploymentMode=tn-uav UavIndex=2 UavCellId=7 BestDonorCellId=1 BestDonorDistanceM=133.08 XhaulConnected=1 XhaulChannelVariationDb=0 RawXhaulState=HEALTHY RawXhaulStateAgeSec=46 XhaulState=HEALTHY DonorUnavailableActive=0 SatBackhaulHealthy=0 UavSwitchingXappAvailable=0 UavSwitchingXappState=DISABLED AiPredictedBackhaulMode=RULE_BASED BackhaulMode=TN_DIRECT RicControlState=TN_E2 ActiveUavRic=LOCAL_UAV_AUTONOMY NormalUeHandoverAllowed=1 UavMode=TN_CONTROLLED_COVERAGE_EXTENSION
---- LOAD at t=50.5 ----
  cell 1 (TN) load=18/20
  cell 2 (TN) load=19/20
  cell 3 (TN) load=19/20
  cell 4 (TN) load=14/20
  cell 5 (NTN) load=7/15
  cell 6 (NTN) load=9/15
  cell 7 (NTN) load=4/15
UE 8 TTT_WAIT target=7 elapsed=0s need=2s
LM HO UE=9 rnti=133 1->3 type=TN servingRsrp=-99.2321 targetRsrp=-81.2814 targetLoadReal=19/20 targetLoadEff=19/20
LM HO UE=10 rnti=78 3->4 type=TN servingRsrp=-105.368 targetRsrp=-91.5131 targetLoadReal=14/20 targetLoadEff=14/20
UE 11 TTT_WAIT target=5 elapsed=0s need=2s
UE 16 TTT_WAIT target=7 elapsed=0s need=2s
UE 19 TTT_WAIT target=4 elapsed=0s need=2s
LM HO_FAIL_LOW_RSRP UE=20 currCell=2 candCell=1 candRsrp=-112.865 < min=-110
UE 22 TTT_WAIT target=2 elapsed=0s need=2s
UE 23 TTT_WAIT target=4 elapsed=0s need=2s
UE 27 TTT_WAIT target=2 elapsed=0s need=2s
LM HO UE=28 rnti=111 3->4 type=TN servingRsrp=-103.902 targetRsrp=-90.6892 targetLoadReal=14/20 targetLoadEff=15/20
UE 30 TTT_WAIT target=4 elapsed=0s need=2s
UE 33 TTT_WAIT target=1 elapsed=0s need=2s
UE 34 TTT_WAIT target=1 elapsed=0s need=2s
UE 35 TTT_WAIT target=5 elapsed=0s need=2s
UE 36 TTT_WAIT target=4 elapsed=0s need=2s
LM HO UE=37 rnti=124 1->2 type=TN servingRsrp=-93.282 targetRsrp=-90.2826 targetLoadReal=19/20 targetLoadEff=19/20
UE 40 TTT_WAIT target=1 elapsed=0s need=2s
UE 43 TTT_WAIT target=4 elapsed=0s need=2s
UE 46 TTT_WAIT target=1 elapsed=0s need=2s
UE 48 TTT_WAIT target=4 elapsed=0s need=2s
UE 57 TTT_WAIT target=1 elapsed=0s need=2s
UE 58 TTT_WAIT target=5 elapsed=0s need=2s
LM HO UE=59 rnti=128 2->1 type=TN servingRsrp=-104.907 targetRsrp=-83.1352 targetLoadReal=18/20 targetLoadEff=18/20
UE 60 TTT_WAIT target=4 elapsed=0s need=2s
UE 61 TTT_WAIT target=4 elapsed=0s need=2s
UE 64 TTT_WAIT target=7 elapsed=0s need=2s
UE 65 TTT_WAIT target=6 elapsed=0s need=2s
UE 67 TTT_WAIT target=5 elapsed=0s need=2s
UE 69 TTT_WAIT target=7 elapsed=0s need=2s
UE 70 TTT_WAIT target=1 elapsed=0s need=2s
UE 71 TTT_WAIT target=5 elapsed=0s need=2s
LM HO_FAIL_LOW_RSRP UE=74 currCell=4 candCell=6 candRsrp=-120.972 < min=-110
LM HO_FAIL_LOW_RSRP UE=76 currCell=2 candCell=5 candRsrp=-115.507 < min=-110
UE 77 TTT_WAIT target=4 elapsed=0s need=2s
LM HO_FAIL_LOW_RSRP UE=78 currCell=2 candCell=6 candRsrp=-117.397 < min=-110
UE 82 TTT_WAIT target=1 elapsed=0s need=2s
UE 84 TTT_WAIT target=4 elapsed=0s need=2s
UE 85 TTT_WAIT target=4 elapsed=0s need=2s
LM HO_FAIL_LOW_RSRP UE=86 currCell=5 candCell=6 candRsrp=-115.625 < min=-110
LM HO_FAIL_LOW_RSRP UE=87 currCell=2 candCell=5 candRsrp=-117.119 < min=-110
LM HO_FAIL_LOW_RSRP UE=88 currCell=2 candCell=5 candRsrp=-114.337 < min=-110
LM HO_FAIL_LOW_RSRP UE=89 currCell=3 candCell=6 candRsrp=-118.244 < min=-110
LM HO_FAIL_LOW_RSRP UE=90 currCell=1 candCell=6 candRsrp=-118.465 < min=-110
LM HO_FAIL_LOW_RSRP UE=93 currCell=1 candCell=5 candRsrp=-119.333 < min=-110
LM HO_FAIL_LOW_RSRP UE=94 currCell=4 candCell=1 candRsrp=-113.375 < min=-110
LM HO_FAIL_LOW_RSRP UE=96 currCell=2 candCell=5 candRsrp=-120.54 < min=-110
LM HO_FAIL_LOW_RSRP UE=97 currCell=3 candCell=1 candRsrp=-118.077 < min=-110
TRACE HO_SUCCESS Time=50.6151 IMSI=58 TargetCell=1 Type=TN TargetRSRP=-111.093 ServingRSRP=-110.762 BackhaulDlSnr=-999 BackhaulUlSnr=-999
TRACE HO_SUCCESS Time=50.6151 IMSI=36 TargetCell=2 Type=TN TargetRSRP=-90.6976 ServingRSRP=-68.3414 BackhaulDlSnr=-999 BackhaulUlSnr=-999
TRACE HO_SUCCESS Time=50.6151 IMSI=8 TargetCell=3 Type=TN TargetRSRP=-111.169 ServingRSRP=-99.2936 BackhaulDlSnr=-999 BackhaulUlSnr=-999
TRACE HO_SUCCESS Time=50.6151 IMSI=9 TargetCell=4 Type=TN TargetRSRP=-109.263 ServingRSRP=-100.776 BackhaulDlSnr=-999 BackhaulUlSnr=-999
TRACE HO_SUCCESS Time=50.6151 IMSI=27 TargetCell=4 Type=TN TargetRSRP=-105.34 ServingRSRP=-105.193 BackhaulDlSnr=-999 BackhaulUlSnr=-999
UAV_AUTONOMY_XAPP Time=52.5 DeploymentMode=tn-uav UavIndex=0 UavCellId=5 BestDonorCellId=1 BestDonorDistanceM=143.511 XhaulConnected=1 XhaulChannelVariationDb=0 RawXhaulState=HEALTHY RawXhaulStateAgeSec=48 XhaulState=HEALTHY DonorUnavailableActive=0 SatBackhaulHealthy=0 UavSwitchingXappAvailable=0 UavSwitchingXappState=DISABLED AiPredictedBackhaulMode=RULE_BASED BackhaulMode=TN_DIRECT RicControlState=TN_E2 ActiveUavRic=LOCAL_UAV_AUTONOMY NormalUeHandoverAllowed=1 UavMode=TN_CONTROLLED_COVERAGE_EXTENSION
UAV_AUTONOMY_XAPP Time=52.5 DeploymentMode=tn-uav UavIndex=1 UavCellId=6 BestDonorCellId=1 BestDonorDistanceM=110.88 XhaulConnected=1 XhaulChannelVariationDb=0 RawXhaulState=HEALTHY RawXhaulStateAgeSec=48 XhaulState=HEALTHY DonorUnavailableActive=0 SatBackhaulHealthy=0 UavSwitchingXappAvailable=0 UavSwitchingXappState=DISABLED AiPredictedBackhaulMode=RULE_BASED BackhaulMode=TN_DIRECT RicControlState=TN_E2 ActiveUavRic=LOCAL_UAV_AUTONOMY NormalUeHandoverAllowed=1 UavMode=TN_CONTROLLED_COVERAGE_EXTENSION
UAV_AUTONOMY_XAPP Time=52.5 DeploymentMode=tn-uav UavIndex=2 UavCellId=7 BestDonorCellId=1 BestDonorDistanceM=133.08 XhaulConnected=1 XhaulChannelVariationDb=0 RawXhaulState=HEALTHY RawXhaulStateAgeSec=48 XhaulState=HEALTHY DonorUnavailableActive=0 SatBackhaulHealthy=0 UavSwitchingXappAvailable=0 UavSwitchingXappState=DISABLED AiPredictedBackhaulMode=RULE_BASED BackhaulMode=TN_DIRECT RicControlState=TN_E2 ActiveUavRic=LOCAL_UAV_AUTONOMY NormalUeHandoverAllowed=1 UavMode=TN_CONTROLLED_COVERAGE_EXTENSION
---- LOAD at t=52.5 ----
  cell 1 (TN) load=17/20
  cell 2 (TN) load=19/20
  cell 3 (TN) load=18/20
  cell 4 (TN) load=16/20
  cell 5 (NTN) load=7/15
  cell 6 (NTN) load=9/15
  cell 7 (NTN) load=4/15
UE 9 TTT_WAIT target=1 elapsed=0s need=2s
UE 12 TTT_WAIT target=6 elapsed=0s need=2s
UE 13 TTT_WAIT target=4 elapsed=0s need=2s
UE 15 TTT_WAIT target=4 elapsed=0s need=2s
UE 18 TTT_WAIT target=7 elapsed=0s need=2s
LM HO_FAIL_LOW_RSRP UE=20 currCell=2 candCell=6 candRsrp=-116.715 < min=-110
UE 21 TTT_WAIT target=6 elapsed=0s need=2s
UE 22 TTT_WAIT target=6 elapsed=0s need=2s
UE 23 TTT_WAIT target=1 elapsed=0s need=2s
UE 27 TTT_WAIT target=7 elapsed=0s need=2s
UE 31 TTT_WAIT target=5 elapsed=0s need=2s
UE 32 TTT_WAIT target=2 elapsed=0s need=2s
LM HO UE=33 rnti=125 3->1 type=TN servingRsrp=-105.713 targetRsrp=-81.066 targetLoadReal=17/20 targetLoadEff=17/20
UE 35 TTT_WAIT target=2 elapsed=0s need=2s
UE 36 TTT_WAIT target=6 elapsed=0s need=2s
UE 37 TTT_WAIT target=6 elapsed=0s need=2s
UE 38 TTT_WAIT target=1 elapsed=0s need=2s
UE 42 TTT_WAIT target=6 elapsed=0s need=2s
UE 43 TTT_WAIT target=3 elapsed=0s need=2s
UE 49 TTT_WAIT target=7 elapsed=0s need=2s
UE 50 TTT_WAIT target=4 elapsed=0s need=2s
UE 51 TTT_WAIT target=2 elapsed=0s need=2s
UE 53 TTT_WAIT target=1 elapsed=0s need=2s
UE 54 TTT_WAIT target=3 elapsed=0s need=2s
UE 55 TTT_WAIT target=1 elapsed=0s need=2s
UE 56 TTT_WAIT target=6 elapsed=0s need=2s
LM HO UE=57 rnti=76 6->1 type=TN servingRsrp=-96.5935 targetRsrp=-76.4812 targetLoadReal=17/20 targetLoadEff=18/20
UE 59 TTT_WAIT target=2 elapsed=0s need=2s
LM HO UE=60 rnti=110 3->4 type=TN servingRsrp=-105.639 targetRsrp=-86.6323 targetLoadReal=16/20 targetLoadEff=16/20
LM HO_FAIL_LOW_RSRP UE=61 currCell=3 candCell=6 candRsrp=-114.739 < min=-110
UE 62 TTT_WAIT target=1 elapsed=0s need=2s
UE 64 TTT_WAIT target=4 elapsed=0s need=2s
UE 65 TTT_WAIT target=1 elapsed=0s need=2s
UE 66 TTT_WAIT target=7 elapsed=0s need=2s
UE 67 TTT_WAIT target=4 elapsed=0s need=2s
UE 68 TTT_WAIT target=3 elapsed=0s need=2s
LM HO_FAIL_LOW_RSRP UE=70 currCell=2 candCell=1 candRsrp=-116.008 < min=-110
UE 71 TTT_WAIT target=3 elapsed=0s need=2s
UE 72 TTT_WAIT target=5 elapsed=0s need=2s
LM HO_FAIL_LOW_RSRP UE=74 currCell=4 candCell=3 candRsrp=-110.679 < min=-110
UE 76 TTT_WAIT target=6 elapsed=0s need=2s
LM HO_FAIL_LOW_RSRP UE=77 currCell=1 candCell=4 candRsrp=-115.933 < min=-110
UE 78 TTT_WAIT target=1 elapsed=0s need=2s
UE 79 TTT_WAIT target=3 elapsed=0s need=2s
UE 80 TTT_WAIT target=4 elapsed=0s need=2s
LM HO_FAIL_LOW_RSRP UE=83 currCell=3 candCell=7 candRsrp=-118.455 < min=-110
UE 84 TTT_WAIT target=3 elapsed=0s need=2s
LM HO_FAIL_LOW_RSRP UE=85 currCell=3 candCell=6 candRsrp=-113.956 < min=-110
LM HO_FAIL_LOW_RSRP UE=86 currCell=5 candCell=7 candRsrp=-119.681 < min=-110
LM HO_FAIL_LOW_RSRP UE=87 currCell=2 candCell=7 candRsrp=-118.47 < min=-110
UE 88 TTT_WAIT target=5 elapsed=0s need=2s
LM HO_FAIL_LOW_RSRP UE=89 currCell=3 candCell=4 candRsrp=-116.469 < min=-110
LM HO_FAIL_LOW_RSRP UE=90 currCell=1 candCell=2 candRsrp=-112.812 < min=-110
UE 91 TTT_WAIT target=2 elapsed=0s need=2s
LM HO_FAIL_LOW_RSRP UE=93 currCell=1 candCell=5 candRsrp=-116.488 < min=-110
LM HO_FAIL_LOW_RSRP UE=94 currCell=4 candCell=2 candRsrp=-112.417 < min=-110
UE 95 TTT_WAIT target=4 elapsed=0s need=2s
LM HO_FAIL_LOW_RSRP UE=96 currCell=2 candCell=5 candRsrp=-117.927 < min=-110
LM HO_FAIL_LOW_RSRP UE=97 currCell=3 candCell=2 candRsrp=-113.311 < min=-110
TRACE HO_SUCCESS Time=52.6151 IMSI=32 TargetCell=1 Type=TN TargetRSRP=-112.768 ServingRSRP=-72.6161 BackhaulDlSnr=-999 BackhaulUlSnr=-999
TRACE HO_SUCCESS Time=52.6151 IMSI=56 TargetCell=1 Type=TN TargetRSRP=-102.082 ServingRSRP=-87.0461 BackhaulDlSnr=-999 BackhaulUlSnr=-999
TRACE HO_SUCCESS Time=52.6151 IMSI=59 TargetCell=4 Type=TN TargetRSRP=-83.2006 ServingRSRP=-76.4232 BackhaulDlSnr=-999 BackhaulUlSnr=-999
UAV_AUTONOMY_XAPP Time=54.5 DeploymentMode=tn-uav UavIndex=0 UavCellId=5 BestDonorCellId=1 BestDonorDistanceM=143.511 XhaulConnected=1 XhaulChannelVariationDb=0 RawXhaulState=HEALTHY RawXhaulStateAgeSec=50 XhaulState=HEALTHY DonorUnavailableActive=0 SatBackhaulHealthy=0 UavSwitchingXappAvailable=0 UavSwitchingXappState=DISABLED AiPredictedBackhaulMode=RULE_BASED BackhaulMode=TN_DIRECT RicControlState=TN_E2 ActiveUavRic=LOCAL_UAV_AUTONOMY NormalUeHandoverAllowed=1 UavMode=TN_CONTROLLED_COVERAGE_EXTENSION
UAV_AUTONOMY_XAPP Time=54.5 DeploymentMode=tn-uav UavIndex=1 UavCellId=6 BestDonorCellId=1 BestDonorDistanceM=110.88 XhaulConnected=1 XhaulChannelVariationDb=0 RawXhaulState=HEALTHY RawXhaulStateAgeSec=50 XhaulState=HEALTHY DonorUnavailableActive=0 SatBackhaulHealthy=0 UavSwitchingXappAvailable=0 UavSwitchingXappState=DISABLED AiPredictedBackhaulMode=RULE_BASED BackhaulMode=TN_DIRECT RicControlState=TN_E2 ActiveUavRic=LOCAL_UAV_AUTONOMY NormalUeHandoverAllowed=1 UavMode=TN_CONTROLLED_COVERAGE_EXTENSION
UAV_AUTONOMY_XAPP Time=54.5 DeploymentMode=tn-uav UavIndex=2 UavCellId=7 BestDonorCellId=1 BestDonorDistanceM=133.08 XhaulConnected=1 XhaulChannelVariationDb=0 RawXhaulState=HEALTHY RawXhaulStateAgeSec=50 XhaulState=HEALTHY DonorUnavailableActive=0 SatBackhaulHealthy=0 UavSwitchingXappAvailable=0 UavSwitchingXappState=DISABLED AiPredictedBackhaulMode=RULE_BASED BackhaulMode=TN_DIRECT RicControlState=TN_E2 ActiveUavRic=LOCAL_UAV_AUTONOMY NormalUeHandoverAllowed=1 UavMode=TN_CONTROLLED_COVERAGE_EXTENSION
---- LOAD at t=54.5 ----
  cell 1 (TN) load=19/20
  cell 2 (TN) load=19/20
  cell 3 (TN) load=16/20
  cell 4 (TN) load=17/20
  cell 5 (NTN) load=7/15
  cell 6 (NTN) load=8/15
  cell 7 (NTN) load=4/15
UE 9 TTT_WAIT target=2 elapsed=0s need=2s
LM HO_FAIL_LOW_RSRP UE=10 currCell=4 candCell=7 candRsrp=-113.082 < min=-110
LM HO UE=13 rnti=89 3->4 type=TN servingRsrp=-95.6198 targetRsrp=-70.3359 targetLoadReal=17/20 targetLoadEff=17/20
UE 14 TTT_WAIT target=1 elapsed=0s need=2s
UE 16 TTT_WAIT target=7 elapsed=0s need=2s
UE 18 TTT_WAIT target=1 elapsed=0s need=2s
UE 19 TTT_WAIT target=4 elapsed=0s need=2s
UE 21 TTT_WAIT target=1 elapsed=0s need=2s
UE 22 TTT_WAIT target=5 elapsed=0s need=2s
LM HO UE=23 rnti=136 2->1 type=TN servingRsrp=-107.516 targetRsrp=-71.7085 targetLoadReal=19/20 targetLoadEff=19/20
UE 26 TTT_WAIT target=5 elapsed=0s need=2s
UE 27 TTT_WAIT target=2 elapsed=0s need=2s
UE 28 TTT_WAIT target=3 elapsed=0s need=2s
UE 29 TTT_WAIT target=6 elapsed=0s need=2s
LM HO UE=32 rnti=121 3->2 type=TN servingRsrp=-99.7474 targetRsrp=-74.9818 targetLoadReal=19/20 targetLoadEff=19/20
UE 33 TTT_WAIT target=6 elapsed=0s need=2s
LM HO_FAIL_LOW_RSRP UE=36 currCell=3 candCell=6 candRsrp=-119.65 < min=-110
UE 37 TTT_WAIT target=4 elapsed=0s need=2s
UE 38 TTT_WAIT target=4 elapsed=0s need=2s
UE 40 TTT_WAIT target=6 elapsed=0s need=2s
UE 41 TTT_WAIT target=5 elapsed=0s need=2s
UE 45 TTT_WAIT target=4 elapsed=0s need=2s
UE 49 TTT_WAIT target=5 elapsed=0s need=2s
UE 50 TTT_WAIT target=3 elapsed=0s need=2s
UE 51 TTT_WAIT target=5 elapsed=0s need=2s
UE 53 TTT_WAIT target=7 elapsed=0s need=2s
UE 55 TTT_WAIT target=3 elapsed=0s need=2s
UE 57 TTT_WAIT target=7 elapsed=0s need=2s
UE 60 TTT_WAIT target=3 elapsed=0s need=2s
UE 61 TTT_WAIT target=6 elapsed=0s need=2s
UE 62 TTT_WAIT target=5 elapsed=0s need=2s
UE 64 TTT_WAIT target=3 elapsed=0s need=2s
UE 66 TTT_WAIT target=3 elapsed=0s need=2s
LM HO_FAIL_LOW_RSRP UE=70 currCell=2 candCell=7 candRsrp=-114.549 < min=-110
LM HO UE=72 rnti=133 6->5 type=NTN servingRsrp=-116.054 targetRsrp=-81.2605 targetLoadReal=7/15 targetLoadEff=7/15
LM HO_FAIL_LOW_RSRP UE=73 currCell=7 candCell=5 candRsrp=-116.191 < min=-110
LM HO UE=76 rnti=72 2->6 type=NTN servingRsrp=-114.597 targetRsrp=-86.8961 targetLoadReal=8/15 targetLoadEff=8/15
LM HO_FAIL_LOW_RSRP UE=77 currCell=1 candCell=4 candRsrp=-113.762 < min=-110
LM HO_FAIL_LOW_RSRP UE=78 currCell=2 candCell=7 candRsrp=-118.59 < min=-110
LM HO_FAIL_LOW_RSRP UE=79 currCell=7 candCell=5 candRsrp=-119.806 < min=-110
LM HO_FAIL_LOW_RSRP UE=80 currCell=6 candCell=5 candRsrp=-117.268 < min=-110
LM HO_FAIL_LOW_RSRP UE=82 currCell=5 candCell=7 candRsrp=-111.509 < min=-110
LM HO_FAIL_LOW_RSRP UE=83 currCell=3 candCell=7 candRsrp=-119.525 < min=-110
UE 84 TTT_WAIT target=5 elapsed=0s need=2s
LM HO_FAIL_LOW_RSRP UE=85 currCell=3 candCell=5 candRsrp=-116.489 < min=-110
LM HO_FAIL_LOW_RSRP UE=87 currCell=2 candCell=6 candRsrp=-115.059 < min=-110
LM HO_FAIL_LOW_RSRP UE=88 currCell=2 candCell=5 candRsrp=-114.915 < min=-110
UE 89 TTT_WAIT target=7 elapsed=0s need=2s
LM HO_FAIL_LOW_RSRP UE=90 currCell=1 candCell=7 candRsrp=-115.706 < min=-110
UE 92 TTT_WAIT target=7 elapsed=0s need=2s
LM HO_FAIL_LOW_RSRP UE=93 currCell=1 candCell=6 candRsrp=-116.967 < min=-110
LM HO_FAIL_LOW_RSRP UE=96 currCell=2 candCell=7 candRsrp=-119.042 < min=-110
LM HO_FAIL_LOW_RSRP UE=97 currCell=3 candCell=6 candRsrp=-118.394 < min=-110
TRACE HO_SUCCESS Time=54.6151 IMSI=22 TargetCell=1 Type=TN TargetRSRP=-102.23 ServingRSRP=-88.7118 BackhaulDlSnr=-999 BackhaulUlSnr=-999
TRACE HO_SUCCESS Time=54.6151 IMSI=31 TargetCell=2 Type=TN TargetRSRP=-113.573 ServingRSRP=-102.195 BackhaulDlSnr=-999 BackhaulUlSnr=-999
TRACE HO_SUCCESS Time=54.6151 IMSI=12 TargetCell=4 Type=TN TargetRSRP=-101.059 ServingRSRP=-96.7497 BackhaulDlSnr=-999 BackhaulUlSnr=-999
TRACE HO_SUCCESS Time=54.6151 IMSI=71 TargetCell=5 Type=NTN TargetRSRP=-87.2763 ServingRSRP=-84.1492 BackhaulDlSnr=-999 BackhaulUlSnr=-999
TRACE HO_SUCCESS Time=54.6151 IMSI=75 TargetCell=6 Type=NTN TargetRSRP=-117.827 ServingRSRP=-95.1776 BackhaulDlSnr=-999 BackhaulUlSnr=-999
UAV_AUTONOMY_XAPP Time=56.5 DeploymentMode=tn-uav UavIndex=0 UavCellId=5 BestDonorCellId=1 BestDonorDistanceM=143.511 XhaulConnected=1 XhaulChannelVariationDb=0 RawXhaulState=HEALTHY RawXhaulStateAgeSec=52 XhaulState=HEALTHY DonorUnavailableActive=0 SatBackhaulHealthy=0 UavSwitchingXappAvailable=0 UavSwitchingXappState=DISABLED AiPredictedBackhaulMode=RULE_BASED BackhaulMode=TN_DIRECT RicControlState=TN_E2 ActiveUavRic=LOCAL_UAV_AUTONOMY NormalUeHandoverAllowed=1 UavMode=TN_CONTROLLED_COVERAGE_EXTENSION
UAV_AUTONOMY_XAPP Time=56.5 DeploymentMode=tn-uav UavIndex=1 UavCellId=6 BestDonorCellId=1 BestDonorDistanceM=110.88 XhaulConnected=1 XhaulChannelVariationDb=0 RawXhaulState=HEALTHY RawXhaulStateAgeSec=52 XhaulState=HEALTHY DonorUnavailableActive=0 SatBackhaulHealthy=0 UavSwitchingXappAvailable=0 UavSwitchingXappState=DISABLED AiPredictedBackhaulMode=RULE_BASED BackhaulMode=TN_DIRECT RicControlState=TN_E2 ActiveUavRic=LOCAL_UAV_AUTONOMY NormalUeHandoverAllowed=1 UavMode=TN_CONTROLLED_COVERAGE_EXTENSION
UAV_AUTONOMY_XAPP Time=56.5 DeploymentMode=tn-uav UavIndex=2 UavCellId=7 BestDonorCellId=1 BestDonorDistanceM=133.08 XhaulConnected=1 XhaulChannelVariationDb=0 RawXhaulState=HEALTHY RawXhaulStateAgeSec=52 XhaulState=HEALTHY DonorUnavailableActive=0 SatBackhaulHealthy=0 UavSwitchingXappAvailable=0 UavSwitchingXappState=DISABLED AiPredictedBackhaulMode=RULE_BASED BackhaulMode=TN_DIRECT RicControlState=TN_E2 ActiveUavRic=LOCAL_UAV_AUTONOMY NormalUeHandoverAllowed=1 UavMode=TN_CONTROLLED_COVERAGE_EXTENSION
---- LOAD at t=56.5 ----
  cell 1 (TN) load=20/20
  cell 2 (TN) load=18/20
  cell 3 (TN) load=14/20
  cell 4 (TN) load=18/20
  cell 5 (NTN) load=8/15
  cell 6 (NTN) load=8/15
  cell 7 (NTN) load=4/15
UE 8 TTT_WAIT target=3 elapsed=0s need=2s
UE 9 TTT_WAIT target=6 elapsed=0s need=2s
UE 10 TTT_WAIT target=3 elapsed=0s need=2s
UE 13 TTT_WAIT target=3 elapsed=0s need=2s
UE 14 TTT_WAIT target=7 elapsed=0s need=2s
LM HO UE=16 rnti=65 5->7 type=NTN servingRsrp=-109.312 targetRsrp=-107.197 targetLoadReal=4/15 targetLoadEff=4/15
LM HO UE=19 rnti=124 3->4 type=TN servingRsrp=-83.221 targetRsrp=-75.3789 targetLoadReal=18/20 targetLoadEff=18/20
UE 20 TTT_WAIT target=7 elapsed=0s need=2s
UE 22 TTT_WAIT target=2 elapsed=0s need=2s
UE 24 TTT_WAIT target=4 elapsed=0s need=2s
UE 27 TTT_WAIT target=3 elapsed=0s need=2s
UE 28 TTT_WAIT target=7 elapsed=0s need=2s
UE 29 TTT_WAIT target=4 elapsed=0s need=2s
UE 30 TTT_WAIT target=3 elapsed=0s need=2s
UE 33 TTT_WAIT target=3 elapsed=0s need=2s
UE 34 TTT_WAIT target=7 elapsed=0s need=2s
UE 35 TTT_WAIT target=2 elapsed=0s need=2s
UE 39 TTT_WAIT target=5 elapsed=0s need=2s
UE 41 TTT_WAIT target=6 elapsed=0s need=2s
UE 45 TTT_WAIT target=7 elapsed=0s need=2s
UE 48 TTT_WAIT target=6 elapsed=0s need=2s
LM HO UE=49 rnti=120 4->5 type=NTN servingRsrp=-110.968 targetRsrp=-93.8276 targetLoadReal=8/15 targetLoadEff=8/15
UE 50 TTT_WAIT target=4 elapsed=0s need=2s
UE 51 TTT_WAIT target=3 elapsed=0s need=2s
UE 54 TTT_WAIT target=6 elapsed=0s need=2s
UE 55 TTT_WAIT target=7 elapsed=0s need=2s
UE 56 TTT_WAIT target=6 elapsed=0s need=2s
UE 57 TTT_WAIT target=2 elapsed=0s need=2s
UE 59 TTT_WAIT target=2 elapsed=0s need=2s
UE 61 TTT_WAIT target=4 elapsed=0s need=2s
UE 62 TTT_WAIT target=4 elapsed=0s need=2s
UE 64 TTT_WAIT target=4 elapsed=0s need=2s
UE 65 TTT_WAIT target=3 elapsed=0s need=2s
UE 66 TTT_WAIT target=5 elapsed=0s need=2s
UE 68 TTT_WAIT target=5 elapsed=0s need=2s
UE 69 TTT_WAIT target=4 elapsed=0s need=2s
LM HO_FAIL_LOW_RSRP UE=70 currCell=2 candCell=5 candRsrp=-117.84 < min=-110
LM HO_FAIL_LOW_RSRP UE=71 currCell=4 candCell=6 candRsrp=-114.295 < min=-110
LM HO_FAIL_LOW_RSRP UE=72 currCell=5 candCell=6 candRsrp=-117.166 < min=-110
LM HO_FAIL_LOW_RSRP UE=73 currCell=7 candCell=5 candRsrp=-116.949 < min=-110
UE 74 TTT_WAIT target=3 elapsed=0s need=2s
LM HO_FAIL_LOW_RSRP UE=77 currCell=1 candCell=3 candRsrp=-114.009 < min=-110
UE 78 TTT_WAIT target=4 elapsed=0s need=2s
LM HO_FAIL_LOW_RSRP UE=80 currCell=6 candCell=7 candRsrp=-118.721 < min=-110
UE 81 TTT_WAIT target=5 elapsed=0s need=2s
LM HO_FAIL_LOW_RSRP UE=82 currCell=5 candCell=6 candRsrp=-113.564 < min=-110
LM HO_FAIL_LOW_RSRP UE=83 currCell=3 candCell=6 candRsrp=-116.315 < min=-110
LM HO_FAIL_LOW_RSRP UE=84 currCell=1 candCell=6 candRsrp=-116.538 < min=-110
LM HO_FAIL_LOW_RSRP UE=85 currCell=3 candCell=7 candRsrp=-114.352 < min=-110
UE 86 TTT_WAIT target=3 elapsed=0s need=2s
UE 87 TTT_WAIT target=3 elapsed=0s need=2s
UE 88 TTT_WAIT target=5 elapsed=0s need=2s
LM HO_FAIL_LOW_RSRP UE=89 currCell=3 candCell=6 candRsrp=-120.518 < min=-110
LM HO_FAIL_LOW_RSRP UE=90 currCell=1 candCell=2 candRsrp=-113.936 < min=-110
UE 92 TTT_WAIT target=4 elapsed=0s need=2s
UE 94 TTT_WAIT target=6 elapsed=0s need=2s
UE 95 TTT_WAIT target=6 elapsed=0s need=2s
LM HO_FAIL_LOW_RSRP UE=96 currCell=2 candCell=6 candRsrp=-117.592 < min=-110
LM HO_FAIL_LOW_RSRP UE=97 currCell=3 candCell=2 candRsrp=-116.178 < min=-110
TRACE HO_SUCCESS Time=56.6151 IMSI=18 TargetCell=4 Type=TN TargetRSRP=-86.791 ServingRSRP=-80.604 BackhaulDlSnr=-999 BackhaulUlSnr=-999
TRACE HO_SUCCESS Time=56.6151 IMSI=48 TargetCell=5 Type=NTN TargetRSRP=-114.666 ServingRSRP=-112.194 BackhaulDlSnr=-999 BackhaulUlSnr=-999
TRACE HO_SUCCESS Time=56.6151 IMSI=15 TargetCell=7 Type=NTN TargetRSRP=-90.2981 ServingRSRP=-86.9994 BackhaulDlSnr=-999 BackhaulUlSnr=-999
UAV_AUTONOMY_XAPP Time=58.5 DeploymentMode=tn-uav UavIndex=0 UavCellId=5 BestDonorCellId=1 BestDonorDistanceM=143.511 XhaulConnected=1 XhaulChannelVariationDb=0 RawXhaulState=HEALTHY RawXhaulStateAgeSec=54 XhaulState=HEALTHY DonorUnavailableActive=0 SatBackhaulHealthy=0 UavSwitchingXappAvailable=0 UavSwitchingXappState=DISABLED AiPredictedBackhaulMode=RULE_BASED BackhaulMode=TN_DIRECT RicControlState=TN_E2 ActiveUavRic=LOCAL_UAV_AUTONOMY NormalUeHandoverAllowed=1 UavMode=TN_CONTROLLED_COVERAGE_EXTENSION
UAV_AUTONOMY_XAPP Time=58.5 DeploymentMode=tn-uav UavIndex=1 UavCellId=6 BestDonorCellId=1 BestDonorDistanceM=110.88 XhaulConnected=1 XhaulChannelVariationDb=0 RawXhaulState=HEALTHY RawXhaulStateAgeSec=54 XhaulState=HEALTHY DonorUnavailableActive=0 SatBackhaulHealthy=0 UavSwitchingXappAvailable=0 UavSwitchingXappState=DISABLED AiPredictedBackhaulMode=RULE_BASED BackhaulMode=TN_DIRECT RicControlState=TN_E2 ActiveUavRic=LOCAL_UAV_AUTONOMY NormalUeHandoverAllowed=1 UavMode=TN_CONTROLLED_COVERAGE_EXTENSION
UAV_AUTONOMY_XAPP Time=58.5 DeploymentMode=tn-uav UavIndex=2 UavCellId=7 BestDonorCellId=1 BestDonorDistanceM=133.08 XhaulConnected=1 XhaulChannelVariationDb=0 RawXhaulState=HEALTHY RawXhaulStateAgeSec=54 XhaulState=HEALTHY DonorUnavailableActive=0 SatBackhaulHealthy=0 UavSwitchingXappAvailable=0 UavSwitchingXappState=DISABLED AiPredictedBackhaulMode=RULE_BASED BackhaulMode=TN_DIRECT RicControlState=TN_E2 ActiveUavRic=LOCAL_UAV_AUTONOMY NormalUeHandoverAllowed=1 UavMode=TN_CONTROLLED_COVERAGE_EXTENSION
---- LOAD at t=58.5 ----
  cell 1 (TN) load=20/20
  cell 2 (TN) load=18/20
  cell 3 (TN) load=13/20
  cell 4 (TN) load=18/20
  cell 5 (NTN) load=8/15
  cell 6 (NTN) load=8/15
  cell 7 (NTN) load=5/15
UE 8 TTT_WAIT target=5 elapsed=0s need=2s
UE 9 TTT_WAIT target=2 elapsed=0s need=2s
UE 14 TTT_WAIT target=6 elapsed=0s need=2s
UE 15 TTT_WAIT target=4 elapsed=0s need=2s
UE 16 TTT_WAIT target=4 elapsed=0s need=2s
UE 20 TTT_WAIT target=4 elapsed=0s need=2s
UE 22 TTT_WAIT target=4 elapsed=0s need=2s
UE 23 TTT_WAIT target=4 elapsed=0s need=2s
LM HO_FAIL_LOW_RSRP UE=24 currCell=3 candCell=6 candRsrp=-116.332 < min=-110
UE 25 TTT_WAIT target=4 elapsed=0s need=2s
UE 26 TTT_WAIT target=3 elapsed=0s need=2s
UE 27 TTT_WAIT target=5 elapsed=0s need=2s
UE 31 TTT_WAIT target=3 elapsed=0s need=2s
UE 32 TTT_WAIT target=3 elapsed=0s need=2s
LM HO UE=33 rnti=139 1->3 type=TN servingRsrp=-112.831 targetRsrp=-103.62 targetLoadReal=13/20 targetLoadEff=13/20
UE 34 TTT_WAIT target=4 elapsed=0s need=2s
LM HO UE=35 rnti=102 1->2 type=TN servingRsrp=-84.3528 targetRsrp=-71.5752 targetLoadReal=18/20 targetLoadEff=18/20
LM HO_FAIL_LOW_RSRP UE=36 currCell=3 candCell=4 candRsrp=-111.956 < min=-110
UE 37 TTT_WAIT target=6 elapsed=0s need=2s
UE 40 TTT_WAIT target=7 elapsed=0s need=2s
UE 42 TTT_WAIT target=6 elapsed=0s need=2s
UE 45 TTT_WAIT target=4 elapsed=0s need=2s
UE 46 TTT_WAIT target=7 elapsed=0s need=2s
UE 48 TTT_WAIT target=2 elapsed=0s need=2s
LM HO UE=51 rnti=136 1->3 type=TN servingRsrp=-100.163 targetRsrp=-81.2774 targetLoadReal=13/20 targetLoadEff=14/20
UE 55 TTT_WAIT target=3 elapsed=0s need=2s
UE 57 TTT_WAIT target=6 elapsed=0s need=2s
UE 58 TTT_WAIT target=2 elapsed=0s need=2s
UE 60 TTT_WAIT target=3 elapsed=0s need=2s
LM HO_FAIL_LOW_RSRP UE=61 currCell=3 candCell=5 candRsrp=-113.003 < min=-110
LM HO UE=62 rnti=48 2->4 type=TN servingRsrp=-109.066 targetRsrp=-70.6052 targetLoadReal=18/20 targetLoadEff=18/20
UE 64 TTT_WAIT target=2 elapsed=0s need=2s
UE 66 TTT_WAIT target=3 elapsed=0s need=2s
UE 68 TTT_WAIT target=4 elapsed=0s need=2s
UE 70 TTT_WAIT target=6 elapsed=0s need=2s
UE 72 TTT_WAIT target=2 elapsed=0s need=2s
LM HO UE=74 rnti=137 4->3 type=TN servingRsrp=-114.673 targetRsrp=-90.7796 targetLoadReal=13/20 targetLoadEff=15/20
LM HO_FAIL_LOW_RSRP UE=76 currCell=6 candCell=7 candRsrp=-115.767 < min=-110
LM HO_FAIL_LOW_RSRP UE=77 currCell=1 candCell=4 candRsrp=-114.357 < min=-110
LM HO_FAIL_LOW_RSRP UE=78 currCell=2 candCell=5 candRsrp=-116.859 < min=-110
UE 79 TTT_WAIT target=3 elapsed=0s need=2s
UE 80 TTT_WAIT target=2 elapsed=0s need=2s
UE 82 TTT_WAIT target=7 elapsed=0s need=2s
UE 83 TTT_WAIT target=4 elapsed=0s need=2s
UE 84 TTT_WAIT target=2 elapsed=0s need=2s
LM HO_FAIL_LOW_RSRP UE=85 currCell=3 candCell=2 candRsrp=-110.847 < min=-110
LM HO_FAIL_LOW_RSRP UE=86 currCell=5 candCell=6 candRsrp=-116.71 < min=-110
LM HO_FAIL_LOW_RSRP UE=87 currCell=2 candCell=6 candRsrp=-115.379 < min=-110
LM HO UE=88 rnti=126 2->5 type=NTN servingRsrp=-96.5015 targetRsrp=-88.1303 targetLoadReal=8/15 targetLoadEff=8/15
LM HO_FAIL_LOW_RSRP UE=89 currCell=3 candCell=7 candRsrp=-120.386 < min=-110
LM HO_FAIL_LOW_RSRP UE=90 currCell=1 candCell=2 candRsrp=-113.385 < min=-110
UE 94 TTT_WAIT target=7 elapsed=0s need=2s
LM HO_FAIL_LOW_RSRP UE=95 currCell=7 candCell=6 candRsrp=-117.59 < min=-110
UE 96 TTT_WAIT target=6 elapsed=0s need=2s
UE 97 TTT_WAIT target=2 elapsed=0s need=2s
TRACE HO_SUCCESS Time=58.6151 IMSI=34 TargetCell=2 Type=TN TargetRSRP=-105.37 ServingRSRP=-104.381 BackhaulDlSnr=-999 BackhaulUlSnr=-999
TRACE HO_SUCCESS Time=58.6151 IMSI=50 TargetCell=3 Type=TN TargetRSRP=-105.338 ServingRSRP=-87.4184 BackhaulDlSnr=-999 BackhaulUlSnr=-999
TRACE HO_SUCCESS Time=58.6151 IMSI=32 TargetCell=3 Type=TN TargetRSRP=-113.202 ServingRSRP=-107.344 BackhaulDlSnr=-999 BackhaulUlSnr=-999
TRACE HO_SUCCESS Time=58.6151 IMSI=73 TargetCell=3 Type=TN TargetRSRP=-116.605 ServingRSRP=-114.462 BackhaulDlSnr=-999 BackhaulUlSnr=-999
TRACE HO_SUCCESS Time=58.6151 IMSI=61 TargetCell=4 Type=TN TargetRSRP=-110.457 ServingRSRP=-97.3749 BackhaulDlSnr=-999 BackhaulUlSnr=-999
TRACE HO_SUCCESS Time=58.6151 IMSI=87 TargetCell=5 Type=NTN TargetRSRP=-115.523 ServingRSRP=-112.958 BackhaulDlSnr=-999 BackhaulUlSnr=-999
UAV_AUTONOMY_XAPP Time=60.5 DeploymentMode=tn-uav UavIndex=0 UavCellId=5 BestDonorCellId=1 BestDonorDistanceM=143.511 XhaulConnected=1 XhaulChannelVariationDb=0 RawXhaulState=HEALTHY RawXhaulStateAgeSec=56 XhaulState=HEALTHY DonorUnavailableActive=0 SatBackhaulHealthy=0 UavSwitchingXappAvailable=0 UavSwitchingXappState=DISABLED AiPredictedBackhaulMode=RULE_BASED BackhaulMode=TN_DIRECT RicControlState=TN_E2 ActiveUavRic=LOCAL_UAV_AUTONOMY NormalUeHandoverAllowed=1 UavMode=TN_CONTROLLED_COVERAGE_EXTENSION
UAV_AUTONOMY_XAPP Time=60.5 DeploymentMode=tn-uav UavIndex=1 UavCellId=6 BestDonorCellId=1 BestDonorDistanceM=110.88 XhaulConnected=1 XhaulChannelVariationDb=0 RawXhaulState=HEALTHY RawXhaulStateAgeSec=56 XhaulState=HEALTHY DonorUnavailableActive=0 SatBackhaulHealthy=0 UavSwitchingXappAvailable=0 UavSwitchingXappState=DISABLED AiPredictedBackhaulMode=RULE_BASED BackhaulMode=TN_DIRECT RicControlState=TN_E2 ActiveUavRic=LOCAL_UAV_AUTONOMY NormalUeHandoverAllowed=1 UavMode=TN_CONTROLLED_COVERAGE_EXTENSION
UAV_AUTONOMY_XAPP Time=60.5 DeploymentMode=tn-uav UavIndex=2 UavCellId=7 BestDonorCellId=1 BestDonorDistanceM=133.08 XhaulConnected=1 XhaulChannelVariationDb=0 RawXhaulState=HEALTHY RawXhaulStateAgeSec=56 XhaulState=HEALTHY DonorUnavailableActive=0 SatBackhaulHealthy=0 UavSwitchingXappAvailable=0 UavSwitchingXappState=DISABLED AiPredictedBackhaulMode=RULE_BASED BackhaulMode=TN_DIRECT RicControlState=TN_E2 ActiveUavRic=LOCAL_UAV_AUTONOMY NormalUeHandoverAllowed=1 UavMode=TN_CONTROLLED_COVERAGE_EXTENSION
---- LOAD at t=60.5 ----
  cell 1 (TN) load=17/20
  cell 2 (TN) load=17/20
  cell 3 (TN) load=16/20
  cell 4 (TN) load=18/20
  cell 5 (NTN) load=9/15
  cell 6 (NTN) load=8/15
  cell 7 (NTN) load=5/15
UE 8 TTT_WAIT target=7 elapsed=0s need=2s
LM HO UE=9 rnti=133 3->2 type=TN servingRsrp=-108.307 targetRsrp=-105.122 targetLoadReal=17/20 targetLoadEff=17/20
UE 14 TTT_WAIT target=4 elapsed=0s need=2s
UE 15 TTT_WAIT target=3 elapsed=0s need=2s
UE 16 TTT_WAIT target=2 elapsed=0s need=2s
UE 17 TTT_WAIT target=2 elapsed=0s need=2s
UE 18 TTT_WAIT target=2 elapsed=0s need=2s
UE 19 TTT_WAIT target=5 elapsed=0s need=2s
LM HO UE=20 rnti=135 2->4 type=TN servingRsrp=-113.505 targetRsrp=-95.495 targetLoadReal=18/20 targetLoadEff=18/20
UE 22 TTT_WAIT target=2 elapsed=0s need=2s
UE 23 TTT_WAIT target=3 elapsed=0s need=2s
UE 24 TTT_WAIT target=4 elapsed=0s need=2s
UE 27 TTT_WAIT target=7 elapsed=0s need=2s
UE 28 TTT_WAIT target=3 elapsed=0s need=2s
UE 31 TTT_WAIT target=1 elapsed=0s need=2s
UE 32 TTT_WAIT target=1 elapsed=0s need=2s
UE 33 TTT_WAIT target=4 elapsed=0s need=2s
UE 34 TTT_WAIT target=3 elapsed=0s need=2s
UE 36 TTT_WAIT target=1 elapsed=0s need=2s
UE 38 TTT_WAIT target=2 elapsed=0s need=2s
LM HO_FAIL_LOW_RSRP UE=42 currCell=1 candCell=5 candRsrp=-110.066 < min=-110
UE 43 TTT_WAIT target=4 elapsed=0s need=2s
UE 49 TTT_WAIT target=6 elapsed=0s need=2s
UE 50 TTT_WAIT target=3 elapsed=0s need=2s
UE 51 TTT_WAIT target=4 elapsed=0s need=2s
UE 52 TTT_WAIT target=4 elapsed=0s need=2s
UE 53 TTT_WAIT target=1 elapsed=0s need=2s
UE 54 TTT_WAIT target=6 elapsed=0s need=2s
UE 56 TTT_WAIT target=5 elapsed=0s need=2s
UE 59 TTT_WAIT target=4 elapsed=0s need=2s
LM HO UE=60 rnti=141 4->3 type=TN servingRsrp=-108.496 targetRsrp=-104.407 targetLoadReal=16/20 targetLoadEff=16/20
UE 61 TTT_WAIT target=1 elapsed=0s need=2s
UE 62 TTT_WAIT target=1 elapsed=0s need=2s
UE 63 TTT_WAIT target=1 elapsed=0s need=2s
LM HO UE=64 rnti=137 1->2 type=TN servingRsrp=-102.136 targetRsrp=-83.3448 targetLoadReal=17/20 targetLoadEff=18/20
UE 65 TTT_WAIT target=1 elapsed=0s need=2s
UE 66 TTT_WAIT target=1 elapsed=0s need=2s
LM HO_FAIL_LOW_RSRP UE=67 currCell=1 candCell=6 candRsrp=-112.874 < min=-110
UE 68 TTT_WAIT target=1 elapsed=0s need=2s
UE 69 TTT_WAIT target=2 elapsed=0s need=2s
LM HO_FAIL_LOW_RSRP UE=70 currCell=2 candCell=1 candRsrp=-115.611 < min=-110
UE 71 TTT_WAIT target=3 elapsed=0s need=2s
LM HO_FAIL_LOW_RSRP UE=72 currCell=5 candCell=7 candRsrp=-115.919 < min=-110
LM HO_FAIL_LOW_RSRP UE=74 currCell=3 candCell=6 candRsrp=-119.799 < min=-110
UE 75 TTT_WAIT target=1 elapsed=0s need=2s
UE 76 TTT_WAIT target=4 elapsed=0s need=2s
LM HO_FAIL_LOW_RSRP UE=77 currCell=1 candCell=3 candRsrp=-114.29 < min=-110
LM HO_FAIL_LOW_RSRP UE=78 currCell=2 candCell=5 candRsrp=-116.981 < min=-110
UE 83 TTT_WAIT target=5 elapsed=0s need=2s
LM HO_FAIL_LOW_RSRP UE=84 currCell=1 candCell=2 candRsrp=-113.667 < min=-110
LM HO_FAIL_LOW_RSRP UE=85 currCell=3 candCell=1 candRsrp=-110.462 < min=-110
UE 88 TTT_WAIT target=2 elapsed=0s need=2s
LM HO_FAIL_LOW_RSRP UE=89 currCell=3 candCell=6 candRsrp=-117.854 < min=-110
LM HO_FAIL_LOW_RSRP UE=90 currCell=1 candCell=2 candRsrp=-113.724 < min=-110
UE 91 TTT_WAIT target=1 elapsed=0s need=2s
UE 93 TTT_WAIT target=2 elapsed=0s need=2s
UE 94 TTT_WAIT target=1 elapsed=0s need=2s
LM HO_FAIL_LOW_RSRP UE=96 currCell=2 candCell=6 candRsrp=-120.044 < min=-110
LM HO_FAIL_LOW_RSRP UE=97 currCell=3 candCell=5 candRsrp=-118.099 < min=-110
TRACE HO_SUCCESS Time=60.6151 IMSI=63 TargetCell=2 Type=TN TargetRSRP=-108.308 ServingRSRP=-97.0762 BackhaulDlSnr=-999 BackhaulUlSnr=-999
TRACE HO_SUCCESS Time=60.6151 IMSI=8 TargetCell=2 Type=TN TargetRSRP=-104.225 ServingRSRP=-106.354 BackhaulDlSnr=-999 BackhaulUlSnr=-999
TRACE HO_SUCCESS Time=60.6151 IMSI=59 TargetCell=3 Type=TN TargetRSRP=-109.086 ServingRSRP=-75.9164 BackhaulDlSnr=-999 BackhaulUlSnr=-999
TRACE HO_SUCCESS Time=60.6151 IMSI=19 TargetCell=4 Type=TN TargetRSRP=-125.019 ServingRSRP=-110.993 BackhaulDlSnr=-999 BackhaulUlSnr=-999
UAV_AUTONOMY_XAPP Time=62.5 DeploymentMode=tn-uav UavIndex=0 UavCellId=5 BestDonorCellId=1 BestDonorDistanceM=143.511 XhaulConnected=1 XhaulChannelVariationDb=0 RawXhaulState=HEALTHY RawXhaulStateAgeSec=58 XhaulState=HEALTHY DonorUnavailableActive=0 SatBackhaulHealthy=0 UavSwitchingXappAvailable=0 UavSwitchingXappState=DISABLED AiPredictedBackhaulMode=RULE_BASED BackhaulMode=TN_DIRECT RicControlState=TN_E2 ActiveUavRic=LOCAL_UAV_AUTONOMY NormalUeHandoverAllowed=1 UavMode=TN_CONTROLLED_COVERAGE_EXTENSION
UAV_AUTONOMY_XAPP Time=62.5 DeploymentMode=tn-uav UavIndex=1 UavCellId=6 BestDonorCellId=1 BestDonorDistanceM=110.88 XhaulConnected=1 XhaulChannelVariationDb=0 RawXhaulState=HEALTHY RawXhaulStateAgeSec=58 XhaulState=HEALTHY DonorUnavailableActive=0 SatBackhaulHealthy=0 UavSwitchingXappAvailable=0 UavSwitchingXappState=DISABLED AiPredictedBackhaulMode=RULE_BASED BackhaulMode=TN_DIRECT RicControlState=TN_E2 ActiveUavRic=LOCAL_UAV_AUTONOMY NormalUeHandoverAllowed=1 UavMode=TN_CONTROLLED_COVERAGE_EXTENSION
UAV_AUTONOMY_XAPP Time=62.5 DeploymentMode=tn-uav UavIndex=2 UavCellId=7 BestDonorCellId=1 BestDonorDistanceM=133.08 XhaulConnected=1 XhaulChannelVariationDb=0 RawXhaulState=HEALTHY RawXhaulStateAgeSec=58 XhaulState=HEALTHY DonorUnavailableActive=0 SatBackhaulHealthy=0 UavSwitchingXappAvailable=0 UavSwitchingXappState=DISABLED AiPredictedBackhaulMode=RULE_BASED BackhaulMode=TN_DIRECT RicControlState=TN_E2 ActiveUavRic=LOCAL_UAV_AUTONOMY NormalUeHandoverAllowed=1 UavMode=TN_CONTROLLED_COVERAGE_EXTENSION
---- LOAD at t=62.5 ----
  cell 1 (TN) load=16/20
  cell 2 (TN) load=18/20
  cell 3 (TN) load=16/20
  cell 4 (TN) load=18/20
  cell 5 (NTN) load=9/15
  cell 6 (NTN) load=8/15
  cell 7 (NTN) load=5/15
UE 9 TTT_WAIT target=7 elapsed=0s need=2s
UE 10 TTT_WAIT target=3 elapsed=0s need=2s
UE 11 TTT_WAIT target=7 elapsed=0s need=2s
UE 12 TTT_WAIT target=7 elapsed=0s need=2s
UE 14 TTT_WAIT target=3 elapsed=0s need=2s
UE 15 TTT_WAIT target=4 elapsed=0s need=2s
UE 18 TTT_WAIT target=5 elapsed=0s need=2s
LM HO_FAIL_LOW_RSRP UE=20 currCell=4 candCell=2 candRsrp=-112.171 < min=-110
UE 21 TTT_WAIT target=3 elapsed=0s need=2s
UE 22 TTT_WAIT target=3 elapsed=0s need=2s
LM HO UE=24 rnti=131 3->4 type=TN servingRsrp=-111.604 targetRsrp=-107.889 targetLoadReal=18/20 targetLoadEff=18/20
UE 27 TTT_WAIT target=2 elapsed=0s need=2s
UE 28 TTT_WAIT target=1 elapsed=0s need=2s
LM HO_FAIL_LOW_RSRP UE=29 currCell=3 candCell=6 candRsrp=-112.66 < min=-110
UE 31 TTT_WAIT target=6 elapsed=0s need=2s
UE 32 TTT_WAIT target=3 elapsed=0s need=2s
UE 33 TTT_WAIT target=2 elapsed=0s need=2s
UE 34 TTT_WAIT target=6 elapsed=0s need=2s
UE 36 TTT_WAIT target=4 elapsed=0s need=2s
UE 40 TTT_WAIT target=7 elapsed=0s need=2s
UE 43 TTT_WAIT target=2 elapsed=0s need=2s
UE 44 TTT_WAIT target=1 elapsed=0s need=2s
UE 49 TTT_WAIT target=3 elapsed=0s need=2s
UE 51 TTT_WAIT target=1 elapsed=0s need=2s
UE 54 TTT_WAIT target=1 elapsed=0s need=2s
UE 55 TTT_WAIT target=2 elapsed=0s need=2s
UE 56 TTT_WAIT target=4 elapsed=0s need=2s
UE 57 TTT_WAIT target=3 elapsed=0s need=2s
UE 58 TTT_WAIT target=2 elapsed=0s need=2s
LM HO_FAIL_LOW_RSRP UE=59 currCell=1 candCell=2 candRsrp=-112.734 < min=-110
UE 60 TTT_WAIT target=6 elapsed=0s need=2s
UE 61 TTT_WAIT target=2 elapsed=0s need=2s
LM HO UE=62 rnti=144 4->1 type=TN servingRsrp=-106.893 targetRsrp=-97.733 targetLoadReal=16/20 targetLoadEff=16/20
UE 64 TTT_WAIT target=1 elapsed=0s need=2s
UE 65 TTT_WAIT target=2 elapsed=0s need=2s
LM HO UE=66 rnti=124 4->1 type=TN servingRsrp=-112.38 targetRsrp=-81.8678 targetLoadReal=16/20 targetLoadEff=17/20
UE 67 TTT_WAIT target=2 elapsed=0s need=2s
LM HO UE=69 rnti=115 6->2 type=TN servingRsrp=-113.687 targetRsrp=-107.397 targetLoadReal=18/20 targetLoadEff=18/20
LM HO_FAIL_LOW_RSRP UE=70 currCell=2 candCell=6 candRsrp=-117.157 < min=-110
LM HO UE=71 rnti=122 4->3 type=TN servingRsrp=-113.384 targetRsrp=-108.321 targetLoadReal=16/20 targetLoadEff=16/20
UE 72 TTT_WAIT target=7 elapsed=0s need=2s
UE 73 TTT_WAIT target=2 elapsed=0s need=2s
LM HO_FAIL_LOW_RSRP UE=74 currCell=3 candCell=6 candRsrp=-117.344 < min=-110
UE 75 TTT_WAIT target=4 elapsed=0s need=2s
LM HO UE=76 rnti=178 6->4 type=TN servingRsrp=-120.167 targetRsrp=-91.782 targetLoadReal=18/20 targetLoadEff=19/20
LM HO_FAIL_LOW_RSRP UE=77 currCell=1 candCell=7 candRsrp=-116.316 < min=-110
LM HO_FAIL_LOW_RSRP UE=78 currCell=2 candCell=1 candRsrp=-116.435 < min=-110
UE 80 TTT_WAIT target=7 elapsed=0s need=2s
LM HO_FAIL_LOW_RSRP UE=81 currCell=6 candCell=7 candRsrp=-116.547 < min=-110
UE 82 TTT_WAIT target=1 elapsed=0s need=2s
UE 83 TTT_WAIT target=6 elapsed=0s need=2s
UE 84 TTT_WAIT target=6 elapsed=0s need=2s
UE 85 TTT_WAIT target=1 elapsed=0s need=2s
LM HO_FAIL_LOW_RSRP UE=86 currCell=5 candCell=7 candRsrp=-116.835 < min=-110
LM HO_FAIL_LOW_RSRP UE=87 currCell=2 candCell=7 candRsrp=-116.289 < min=-110
UE 88 TTT_WAIT target=7 elapsed=0s need=2s
UE 89 TTT_WAIT target=6 elapsed=0s need=2s
UE 91 TTT_WAIT target=2 elapsed=0s need=2s
LM HO_FAIL_LOW_RSRP UE=93 currCell=1 candCell=6 candRsrp=-117.158 < min=-110
LM HO_FAIL_LOW_RSRP UE=94 currCell=4 candCell=2 candRsrp=-113.403 < min=-110
UE 95 TTT_WAIT target=3 elapsed=0s need=2s
LM HO_FAIL_LOW_RSRP UE=96 currCell=2 candCell=6 candRsrp=-116.599 < min=-110
LM HO_FAIL_LOW_RSRP UE=97 currCell=3 candCell=2 candRsrp=-117.56 < min=-110
TRACE HO_SUCCESS Time=62.6151 IMSI=61 TargetCell=1 Type=TN TargetRSRP=-107.095 ServingRSRP=-105.393 BackhaulDlSnr=-999 BackhaulUlSnr=-999
TRACE HO_SUCCESS Time=62.6151 IMSI=65 TargetCell=1 Type=TN TargetRSRP=-114.986 ServingRSRP=-109.945 BackhaulDlSnr=-999 BackhaulUlSnr=-999
TRACE HO_SUCCESS Time=62.6151 IMSI=68 TargetCell=2 Type=TN TargetRSRP=-113.143 ServingRSRP=-91.3621 BackhaulDlSnr=-999 BackhaulUlSnr=-999
TRACE HO_SUCCESS Time=62.6151 IMSI=70 TargetCell=3 Type=TN TargetRSRP=-86.1591 ServingRSRP=-89.3587 BackhaulDlSnr=-999 BackhaulUlSnr=-999
TRACE HO_SUCCESS Time=62.6151 IMSI=23 TargetCell=4 Type=TN TargetRSRP=-115.829 ServingRSRP=-90.0708 BackhaulDlSnr=-999 BackhaulUlSnr=-999
TRACE HO_SUCCESS Time=62.6151 IMSI=75 TargetCell=4 Type=TN TargetRSRP=-121.471 ServingRSRP=-115.786 BackhaulDlSnr=-999 BackhaulUlSnr=-999
UAV_AUTONOMY_XAPP Time=64.5 DeploymentMode=tn-uav UavIndex=0 UavCellId=5 BestDonorCellId=1 BestDonorDistanceM=143.511 XhaulConnected=1 XhaulChannelVariationDb=0 RawXhaulState=HEALTHY RawXhaulStateAgeSec=60 XhaulState=HEALTHY DonorUnavailableActive=0 SatBackhaulHealthy=0 UavSwitchingXappAvailable=0 UavSwitchingXappState=DISABLED AiPredictedBackhaulMode=RULE_BASED BackhaulMode=TN_DIRECT RicControlState=TN_E2 ActiveUavRic=LOCAL_UAV_AUTONOMY NormalUeHandoverAllowed=1 UavMode=TN_CONTROLLED_COVERAGE_EXTENSION
UAV_AUTONOMY_XAPP Time=64.5 DeploymentMode=tn-uav UavIndex=1 UavCellId=6 BestDonorCellId=1 BestDonorDistanceM=110.88 XhaulConnected=1 XhaulChannelVariationDb=0 RawXhaulState=HEALTHY RawXhaulStateAgeSec=60 XhaulState=HEALTHY DonorUnavailableActive=0 SatBackhaulHealthy=0 UavSwitchingXappAvailable=0 UavSwitchingXappState=DISABLED AiPredictedBackhaulMode=RULE_BASED BackhaulMode=TN_DIRECT RicControlState=TN_E2 ActiveUavRic=LOCAL_UAV_AUTONOMY NormalUeHandoverAllowed=1 UavMode=TN_CONTROLLED_COVERAGE_EXTENSION
UAV_AUTONOMY_XAPP Time=64.5 DeploymentMode=tn-uav UavIndex=2 UavCellId=7 BestDonorCellId=1 BestDonorDistanceM=133.08 XhaulConnected=1 XhaulChannelVariationDb=0 RawXhaulState=HEALTHY RawXhaulStateAgeSec=60 XhaulState=HEALTHY DonorUnavailableActive=0 SatBackhaulHealthy=0 UavSwitchingXappAvailable=0 UavSwitchingXappState=DISABLED AiPredictedBackhaulMode=RULE_BASED BackhaulMode=TN_DIRECT RicControlState=TN_E2 ActiveUavRic=LOCAL_UAV_AUTONOMY NormalUeHandoverAllowed=1 UavMode=TN_CONTROLLED_COVERAGE_EXTENSION
---- LOAD at t=64.5 ----
  cell 1 (TN) load=18/20
  cell 2 (TN) load=19/20
  cell 3 (TN) load=16/20
  cell 4 (TN) load=17/20
  cell 5 (NTN) load=9/15
  cell 6 (NTN) load=6/15
  cell 7 (NTN) load=5/15
UE 9 TTT_WAIT target=1 elapsed=0s need=2s
LM HO UE=10 rnti=139 4->3 type=TN servingRsrp=-112.823 targetRsrp=-95.3131 targetLoadReal=16/20 targetLoadEff=16/20
UE 12 TTT_WAIT target=4 elapsed=0s need=2s
UE 14 TTT_WAIT target=1 elapsed=0s need=2s
UE 18 TTT_WAIT target=2 elapsed=0s need=2s
UE 19 TTT_WAIT target=3 elapsed=0s need=2s
UE 20 TTT_WAIT target=2 elapsed=0s need=2s
UE 26 TTT_WAIT target=2 elapsed=0s need=2s
UE 27 TTT_WAIT target=5 elapsed=0s need=2s
LM HO UE=28 rnti=140 4->1 type=TN servingRsrp=-107.183 targetRsrp=-91.6909 targetLoadReal=18/20 targetLoadEff=18/20
UE 32 TTT_WAIT target=4 elapsed=0s need=2s
UE 34 TTT_WAIT target=1 elapsed=0s need=2s
UE 35 TTT_WAIT target=1 elapsed=0s need=2s
LM HO UE=36 rnti=122 3->4 type=TN servingRsrp=-108.451 targetRsrp=-105.226 targetLoadReal=17/20 targetLoadEff=17/20
UE 38 TTT_WAIT target=1 elapsed=0s need=2s
UE 39 TTT_WAIT target=1 elapsed=0s need=2s
LM HO UE=40 rnti=66 5->7 type=NTN servingRsrp=-94.7397 targetRsrp=-69.5063 targetLoadReal=5/15 targetLoadEff=5/15
UE 42 TTT_WAIT target=3 elapsed=0s need=2s
LM HO UE=43 rnti=135 1->2 type=TN servingRsrp=-107.208 targetRsrp=-104.554 targetLoadReal=19/20 targetLoadEff=19/20
LM HO_FAIL_LOW_RSRP UE=44 currCell=2 candCell=6 candRsrp=-114.404 < min=-110
UE 45 TTT_WAIT target=7 elapsed=0s need=2s
UE 46 TTT_WAIT target=3 elapsed=0s need=2s
LM HO UE=51 rnti=136 3->1 type=TN servingRsrp=-96.8953 targetRsrp=-90.9835 targetLoadReal=18/20 targetLoadEff=19/20
UE 53 TTT_WAIT target=3 elapsed=0s need=2s
UE 55 TTT_WAIT target=3 elapsed=0s need=2s
UE 59 TTT_WAIT target=6 elapsed=0s need=2s
LM HO_FAIL_LOW_RSRP UE=60 currCell=3 candCell=4 candRsrp=-110.649 < min=-110
UE 62 TTT_WAIT target=4 elapsed=0s need=2s
UE 64 TTT_WAIT target=3 elapsed=0s need=2s
UE 65 TTT_WAIT target=3 elapsed=0s need=2s
UE 67 TTT_WAIT target=7 elapsed=0s need=2s
UE 69 TTT_WAIT target=7 elapsed=0s need=2s
UE 70 TTT_WAIT target=7 elapsed=0s need=2s
UE 72 TTT_WAIT target=3 elapsed=0s need=2s
LM HO_FAIL_LOW_RSRP UE=74 currCell=3 candCell=4 candRsrp=-112.345 < min=-110
LM HO_FAIL_LOW_RSRP UE=76 currCell=4 candCell=5 candRsrp=-112.889 < min=-110
LM HO_FAIL_LOW_RSRP UE=77 currCell=1 candCell=3 candRsrp=-114.151 < min=-110
UE 78 TTT_WAIT target=4 elapsed=0s need=2s
UE 82 TTT_WAIT target=4 elapsed=0s need=2s
LM HO_FAIL_LOW_RSRP UE=85 currCell=3 candCell=4 candRsrp=-114.104 < min=-110
LM HO_FAIL_LOW_RSRP UE=86 currCell=5 candCell=7 candRsrp=-118.335 < min=-110
LM HO_FAIL_LOW_RSRP UE=87 currCell=2 candCell=6 candRsrp=-114.885 < min=-110
UE 92 TTT_WAIT target=3 elapsed=0s need=2s
UE 93 TTT_WAIT target=6 elapsed=0s need=2s
LM HO_FAIL_LOW_RSRP UE=94 currCell=4 candCell=7 candRsrp=-112.281 < min=-110
LM HO_FAIL_LOW_RSRP UE=95 currCell=7 candCell=6 candRsrp=-115.071 < min=-110
LM HO_FAIL_LOW_RSRP UE=96 currCell=2 candCell=7 candRsrp=-119.043 < min=-110
LM HO_FAIL_LOW_RSRP UE=97 currCell=3 candCell=5 candRsrp=-121.457 < min=-110
TRACE HO_SUCCESS Time=64.6151 IMSI=50 TargetCell=1 Type=TN TargetRSRP=-100.905 ServingRSRP=-100.054 BackhaulDlSnr=-999 BackhaulUlSnr=-999
TRACE HO_SUCCESS Time=64.6151 IMSI=27 TargetCell=1 Type=TN TargetRSRP=-114.85 ServingRSRP=-94.6529 BackhaulDlSnr=-999 BackhaulUlSnr=-999
TRACE HO_SUCCESS Time=64.6151 IMSI=42 TargetCell=2 Type=TN TargetRSRP=-105.142 ServingRSRP=-108.424 BackhaulDlSnr=-999 BackhaulUlSnr=-999
TRACE HO_SUCCESS Time=64.6151 IMSI=9 TargetCell=3 Type=TN TargetRSRP=-114.429 ServingRSRP=-89.5204 BackhaulDlSnr=-999 BackhaulUlSnr=-999
TRACE HO_SUCCESS Time=64.6151 IMSI=35 TargetCell=4 Type=TN TargetRSRP=-110.787 ServingRSRP=-103.969 BackhaulDlSnr=-999 BackhaulUlSnr=-999
TRACE HO_SUCCESS Time=64.6151 IMSI=39 TargetCell=7 Type=NTN TargetRSRP=-107.706 ServingRSRP=-92.1022 BackhaulDlSnr=-999 BackhaulUlSnr=-999
UAV_AUTONOMY_XAPP Time=66.5 DeploymentMode=tn-uav UavIndex=0 UavCellId=5 BestDonorCellId=1 BestDonorDistanceM=143.511 XhaulConnected=1 XhaulChannelVariationDb=0 RawXhaulState=HEALTHY RawXhaulStateAgeSec=62 XhaulState=HEALTHY DonorUnavailableActive=0 SatBackhaulHealthy=0 UavSwitchingXappAvailable=0 UavSwitchingXappState=DISABLED AiPredictedBackhaulMode=RULE_BASED BackhaulMode=TN_DIRECT RicControlState=TN_E2 ActiveUavRic=LOCAL_UAV_AUTONOMY NormalUeHandoverAllowed=1 UavMode=TN_CONTROLLED_COVERAGE_EXTENSION
UAV_AUTONOMY_XAPP Time=66.5 DeploymentMode=tn-uav UavIndex=1 UavCellId=6 BestDonorCellId=1 BestDonorDistanceM=110.88 XhaulConnected=1 XhaulChannelVariationDb=0 RawXhaulState=HEALTHY RawXhaulStateAgeSec=62 XhaulState=HEALTHY DonorUnavailableActive=0 SatBackhaulHealthy=0 UavSwitchingXappAvailable=0 UavSwitchingXappState=DISABLED AiPredictedBackhaulMode=RULE_BASED BackhaulMode=TN_DIRECT RicControlState=TN_E2 ActiveUavRic=LOCAL_UAV_AUTONOMY NormalUeHandoverAllowed=1 UavMode=TN_CONTROLLED_COVERAGE_EXTENSION
UAV_AUTONOMY_XAPP Time=66.5 DeploymentMode=tn-uav UavIndex=2 UavCellId=7 BestDonorCellId=1 BestDonorDistanceM=133.08 XhaulConnected=1 XhaulChannelVariationDb=0 RawXhaulState=HEALTHY RawXhaulStateAgeSec=62 XhaulState=HEALTHY DonorUnavailableActive=0 SatBackhaulHealthy=0 UavSwitchingXappAvailable=0 UavSwitchingXappState=DISABLED AiPredictedBackhaulMode=RULE_BASED BackhaulMode=TN_DIRECT RicControlState=TN_E2 ActiveUavRic=LOCAL_UAV_AUTONOMY NormalUeHandoverAllowed=1 UavMode=TN_CONTROLLED_COVERAGE_EXTENSION
---- LOAD at t=66.5 ----
  cell 1 (TN) load=19/20
  cell 2 (TN) load=20/20
  cell 3 (TN) load=15/20
  cell 4 (TN) load=16/20
  cell 5 (NTN) load=8/15
  cell 6 (NTN) load=6/15
  cell 7 (NTN) load=6/15
UE 8 TTT_WAIT target=6 elapsed=0s need=2s
LM HO UE=9 rnti=140 2->1 type=TN servingRsrp=-106.522 targetRsrp=-104.115 targetLoadReal=19/20 targetLoadEff=19/20
LM HO_FAIL_LOW_RSRP UE=10 currCell=3 candCell=6 candRsrp=-112.019 < min=-110
UE 13 TTT_WAIT target=3 elapsed=0s need=2s
UE 15 TTT_WAIT target=4 elapsed=0s need=2s
UE 16 TTT_WAIT target=5 elapsed=0s need=2s
LM HO UE=19 rnti=143 4->3 type=TN servingRsrp=-100.005 targetRsrp=-75.8115 targetLoadReal=15/20 targetLoadEff=15/20
LM HO_FAIL_LOW_RSRP UE=20 currCell=4 candCell=3 candRsrp=-122.81 < min=-110
UE 21 TTT_WAIT target=4 elapsed=0s need=2s
UE 23 TTT_WAIT target=4 elapsed=0s need=2s
LM HO_FAIL_LOW_RSRP UE=24 currCell=4 candCell=6 candRsrp=-116.299 < min=-110
UE 28 TTT_WAIT target=3 elapsed=0s need=2s
UE 30 TTT_WAIT target=7 elapsed=0s need=2s
UE 31 TTT_WAIT target=6 elapsed=0s need=2s
LM HO UE=32 rnti=138 2->4 type=TN servingRsrp=-112.091 targetRsrp=-84.8526 targetLoadReal=16/20 targetLoadEff=16/20
UE 33 TTT_WAIT target=4 elapsed=0s need=2s
UE 34 TTT_WAIT target=6 elapsed=0s need=2s
UE 35 TTT_WAIT target=4 elapsed=0s need=2s
UE 36 TTT_WAIT target=7 elapsed=0s need=2s
UE 37 TTT_WAIT target=3 elapsed=0s need=2s
UE 40 TTT_WAIT target=4 elapsed=0s need=2s
LM HO_FAIL_LOW_RSRP UE=42 currCell=1 candCell=5 candRsrp=-112.06 < min=-110
UE 48 TTT_WAIT target=5 elapsed=0s need=2s
UE 51 TTT_WAIT target=3 elapsed=0s need=2s
UE 53 TTT_WAIT target=5 elapsed=0s need=2s
UE 54 TTT_WAIT target=6 elapsed=0s need=2s
UE 57 TTT_WAIT target=5 elapsed=0s need=2s
LM HO_FAIL_LOW_RSRP UE=59 currCell=1 candCell=5 candRsrp=-117.203 < min=-110
LM HO_FAIL_LOW_RSRP UE=60 currCell=3 candCell=6 candRsrp=-115.672 < min=-110
LM HO_FAIL_LOW_RSRP UE=61 currCell=3 candCell=4 candRsrp=-113.035 < min=-110
LM HO UE=64 rnti=141 2->3 type=TN servingRsrp=-108.302 targetRsrp=-105.736 targetLoadReal=15/20 targetLoadEff=16/20
LM HO_FAIL_LOW_RSRP UE=65 currCell=4 candCell=6 candRsrp=-116.508 < min=-110
UE 66 TTT_WAIT target=4 elapsed=0s need=2s
LM HO UE=67 rnti=128 1->7 type=NTN servingRsrp=-110.303 targetRsrp=-95.5461 targetLoadReal=6/15 targetLoadEff=6/15
UE 68 TTT_WAIT target=4 elapsed=0s need=2s
UE 69 TTT_WAIT target=5 elapsed=0s need=2s
LM HO_FAIL_LOW_RSRP UE=70 currCell=2 candCell=6 candRsrp=-118.369 < min=-110
UE 71 TTT_WAIT target=6 elapsed=0s need=2s
UE 72 TTT_WAIT target=7 elapsed=0s need=2s
UE 74 TTT_WAIT target=6 elapsed=0s need=2s
UE 75 TTT_WAIT target=5 elapsed=0s need=2s
UE 76 TTT_WAIT target=5 elapsed=0s need=2s
LM HO_FAIL_LOW_RSRP UE=77 currCell=1 candCell=4 candRsrp=-113.187 < min=-110
LM HO_FAIL_LOW_RSRP UE=78 currCell=2 candCell=6 candRsrp=-117.409 < min=-110
LM HO_FAIL_LOW_RSRP UE=81 currCell=6 candCell=7 candRsrp=-115.62 < min=-110
UE 82 TTT_WAIT target=6 elapsed=0s need=2s
LM HO_FAIL_LOW_RSRP UE=83 currCell=3 candCell=6 candRsrp=-117.734 < min=-110
LM HO_FAIL_LOW_RSRP UE=84 currCell=1 candCell=5 candRsrp=-115.89 < min=-110
LM HO_FAIL_LOW_RSRP UE=87 currCell=2 candCell=7 candRsrp=-117.208 < min=-110
LM HO_FAIL_LOW_RSRP UE=89 currCell=3 candCell=6 candRsrp=-119.992 < min=-110
LM HO_FAIL_LOW_RSRP UE=90 currCell=1 candCell=5 candRsrp=-117.134 < min=-110
UE 92 TTT_WAIT target=5 elapsed=0s need=2s
LM HO_FAIL_LOW_RSRP UE=93 currCell=1 candCell=6 candRsrp=-119.283 < min=-110
UE 94 TTT_WAIT target=7 elapsed=0s need=2s
UE 95 TTT_WAIT target=4 elapsed=0s need=2s
UE 96 TTT_WAIT target=3 elapsed=0s need=2s
LM HO_FAIL_LOW_RSRP UE=97 currCell=3 candCell=5 candRsrp=-111.318 < min=-110
TRACE HO_SUCCESS Time=66.6151 IMSI=8 TargetCell=1 Type=TN TargetRSRP=-109.039 ServingRSRP=-110.221 BackhaulDlSnr=-999 BackhaulUlSnr=-999
TRACE HO_SUCCESS Time=66.6151 IMSI=63 TargetCell=3 Type=TN TargetRSRP=-109.969 ServingRSRP=-99.4794 BackhaulDlSnr=-999 BackhaulUlSnr=-999
TRACE HO_SUCCESS Time=66.6151 IMSI=18 TargetCell=3 Type=TN TargetRSRP=-102.409 ServingRSRP=-99.2934 BackhaulDlSnr=-999 BackhaulUlSnr=-999
TRACE HO_SUCCESS Time=66.6151 IMSI=31 TargetCell=4 Type=TN TargetRSRP=-107.664 ServingRSRP=-79.7537 BackhaulDlSnr=-999 BackhaulUlSnr=-999
TRACE HO_SUCCESS Time=66.6151 IMSI=66 TargetCell=7 Type=NTN TargetRSRP=-118.747 ServingRSRP=-84.1314 BackhaulDlSnr=-999 BackhaulUlSnr=-999
UAV_AUTONOMY_XAPP Time=68.5 DeploymentMode=tn-uav UavIndex=0 UavCellId=5 BestDonorCellId=1 BestDonorDistanceM=143.511 XhaulConnected=1 XhaulChannelVariationDb=0 RawXhaulState=HEALTHY RawXhaulStateAgeSec=64 XhaulState=HEALTHY DonorUnavailableActive=0 SatBackhaulHealthy=0 UavSwitchingXappAvailable=0 UavSwitchingXappState=DISABLED AiPredictedBackhaulMode=RULE_BASED BackhaulMode=TN_DIRECT RicControlState=TN_E2 ActiveUavRic=LOCAL_UAV_AUTONOMY NormalUeHandoverAllowed=1 UavMode=TN_CONTROLLED_COVERAGE_EXTENSION
UAV_AUTONOMY_XAPP Time=68.5 DeploymentMode=tn-uav UavIndex=1 UavCellId=6 BestDonorCellId=1 BestDonorDistanceM=110.88 XhaulConnected=1 XhaulChannelVariationDb=0 RawXhaulState=HEALTHY RawXhaulStateAgeSec=64 XhaulState=HEALTHY DonorUnavailableActive=0 SatBackhaulHealthy=0 UavSwitchingXappAvailable=0 UavSwitchingXappState=DISABLED AiPredictedBackhaulMode=RULE_BASED BackhaulMode=TN_DIRECT RicControlState=TN_E2 ActiveUavRic=LOCAL_UAV_AUTONOMY NormalUeHandoverAllowed=1 UavMode=TN_CONTROLLED_COVERAGE_EXTENSION
UAV_AUTONOMY_XAPP Time=68.5 DeploymentMode=tn-uav UavIndex=2 UavCellId=7 BestDonorCellId=1 BestDonorDistanceM=133.08 XhaulConnected=1 XhaulChannelVariationDb=0 RawXhaulState=HEALTHY RawXhaulStateAgeSec=64 XhaulState=HEALTHY DonorUnavailableActive=0 SatBackhaulHealthy=0 UavSwitchingXappAvailable=0 UavSwitchingXappState=DISABLED AiPredictedBackhaulMode=RULE_BASED BackhaulMode=TN_DIRECT RicControlState=TN_E2 ActiveUavRic=LOCAL_UAV_AUTONOMY NormalUeHandoverAllowed=1 UavMode=TN_CONTROLLED_COVERAGE_EXTENSION
---- LOAD at t=68.5 ----
  cell 1 (TN) load=19/20
  cell 2 (TN) load=17/20
  cell 3 (TN) load=17/20
  cell 4 (TN) load=16/20
  cell 5 (NTN) load=8/15
  cell 6 (NTN) load=6/15
  cell 7 (NTN) load=7/15
UE 11 TTT_WAIT target=4 elapsed=0s need=2s
UE 12 TTT_WAIT target=1 elapsed=0s need=2s
LM HO UE=13 rnti=142 4->3 type=TN servingRsrp=-106.4 targetRsrp=-87.7766 targetLoadReal=17/20 targetLoadEff=17/20
UE 15 TTT_WAIT target=2 elapsed=0s need=2s
UE 16 TTT_WAIT target=4 elapsed=0s need=2s
UE 18 TTT_WAIT target=5 elapsed=0s need=2s
UE 20 TTT_WAIT target=2 elapsed=0s need=2s
UE 22 TTT_WAIT target=2 elapsed=0s need=2s
LM HO UE=23 rnti=141 1->4 type=TN servingRsrp=-106.633 targetRsrp=-93.5675 targetLoadReal=16/20 targetLoadEff=16/20
UE 24 TTT_WAIT target=3 elapsed=0s need=2s
UE 25 TTT_WAIT target=2 elapsed=0s need=2s
UE 26 TTT_WAIT target=5 elapsed=0s need=2s
UE 27 TTT_WAIT target=1 elapsed=0s need=2s
LM HO UE=28 rnti=144 1->3 type=TN servingRsrp=-117.306 targetRsrp=-106.4 targetLoadReal=17/20 targetLoadEff=18/20
UE 29 TTT_WAIT target=4 elapsed=0s need=2s
UE 31 TTT_WAIT target=3 elapsed=0s need=2s
UE 35 TTT_WAIT target=3 elapsed=0s need=2s
UE 37 TTT_WAIT target=1 elapsed=0s need=2s
LM HO_FAIL_LOW_RSRP UE=39 currCell=2 candCell=5 candRsrp=-116.224 < min=-110
UE 40 TTT_WAIT target=3 elapsed=0s need=2s
LM HO_FAIL_LOW_RSRP UE=42 currCell=1 candCell=3 candRsrp=-110.083 < min=-110
UE 43 TTT_WAIT target=1 elapsed=0s need=2s
UE 46 TTT_WAIT target=1 elapsed=0s need=2s
UE 48 TTT_WAIT target=1 elapsed=0s need=2s
UE 49 TTT_WAIT target=3 elapsed=0s need=2s
UE 53 TTT_WAIT target=1 elapsed=0s need=2s
UE 58 TTT_WAIT target=2 elapsed=0s need=2s
LM HO_FAIL_LOW_RSRP UE=59 currCell=1 candCell=2 candRsrp=-115.729 < min=-110
LM HO_FAIL_LOW_RSRP UE=60 currCell=3 candCell=6 candRsrp=-115.253 < min=-110
LM HO_FAIL_LOW_RSRP UE=61 currCell=3 candCell=5 candRsrp=-119.573 < min=-110
UE 62 TTT_WAIT target=2 elapsed=0s need=2s
UE 64 TTT_WAIT target=1 elapsed=0s need=2s
UE 65 TTT_WAIT target=5 elapsed=0s need=2s
UE 66 TTT_WAIT target=5 elapsed=0s need=2s
UE 67 TTT_WAIT target=3 elapsed=0s need=2s
UE 69 TTT_WAIT target=7 elapsed=0s need=2s
UE 70 TTT_WAIT target=3 elapsed=0s need=2s
LM HO_FAIL_LOW_RSRP UE=71 currCell=3 candCell=6 candRsrp=-115.441 < min=-110
UE 72 TTT_WAIT target=3 elapsed=0s need=2s
UE 73 TTT_WAIT target=2 elapsed=0s need=2s
UE 74 TTT_WAIT target=4 elapsed=0s need=2s
LM HO_FAIL_LOW_RSRP UE=76 currCell=4 candCell=1 candRsrp=-111.25 < min=-110
LM HO_FAIL_LOW_RSRP UE=78 currCell=2 candCell=7 candRsrp=-114.866 < min=-110
UE 80 TTT_WAIT target=3 elapsed=0s need=2s
LM HO_FAIL_LOW_RSRP UE=81 currCell=6 candCell=7 candRsrp=-116.721 < min=-110
UE 83 TTT_WAIT target=1 elapsed=0s need=2s
LM HO_FAIL_LOW_RSRP UE=84 currCell=1 candCell=2 candRsrp=-114.866 < min=-110
UE 85 TTT_WAIT target=1 elapsed=0s need=2s
LM HO_FAIL_LOW_RSRP UE=86 currCell=5 candCell=6 candRsrp=-117.342 < min=-110
LM HO_FAIL_LOW_RSRP UE=87 currCell=2 candCell=6 candRsrp=-121.368 < min=-110
UE 88 TTT_WAIT target=1 elapsed=0s need=2s
UE 89 TTT_WAIT target=2 elapsed=0s need=2s
UE 90 TTT_WAIT target=2 elapsed=0s need=2s
UE 92 TTT_WAIT target=4 elapsed=0s need=2s
UE 93 TTT_WAIT target=5 elapsed=0s need=2s
LM HO_FAIL_LOW_RSRP UE=94 currCell=4 candCell=1 candRsrp=-113.581 < min=-110
UE 95 TTT_WAIT target=1 elapsed=0s need=2s
UE 96 TTT_WAIT target=4 elapsed=0s need=2s
LM HO_FAIL_LOW_RSRP UE=97 currCell=3 candCell=2 candRsrp=-114.741 < min=-110
TRACE HO_SUCCESS Time=68.6151 IMSI=27 TargetCell=3 Type=TN TargetRSRP=-106.507 ServingRSRP=-111.467 BackhaulDlSnr=-999 BackhaulUlSnr=-999
TRACE HO_SUCCESS Time=68.6151 IMSI=12 TargetCell=3 Type=TN TargetRSRP=-103.78 ServingRSRP=-87.2745 BackhaulDlSnr=-999 BackhaulUlSnr=-999
TRACE HO_SUCCESS Time=68.6151 IMSI=22 TargetCell=4 Type=TN TargetRSRP=-101.27 ServingRSRP=-89.9307 BackhaulDlSnr=-999 BackhaulUlSnr=-999
UAV_AUTONOMY_XAPP Time=70.5 DeploymentMode=tn-uav UavIndex=0 UavCellId=5 BestDonorCellId=1 BestDonorDistanceM=143.511 XhaulConnected=1 XhaulChannelVariationDb=0 RawXhaulState=HEALTHY RawXhaulStateAgeSec=66 XhaulState=HEALTHY DonorUnavailableActive=0 SatBackhaulHealthy=0 UavSwitchingXappAvailable=0 UavSwitchingXappState=DISABLED AiPredictedBackhaulMode=RULE_BASED BackhaulMode=TN_DIRECT RicControlState=TN_E2 ActiveUavRic=LOCAL_UAV_AUTONOMY NormalUeHandoverAllowed=1 UavMode=TN_CONTROLLED_COVERAGE_EXTENSION
UAV_AUTONOMY_XAPP Time=70.5 DeploymentMode=tn-uav UavIndex=1 UavCellId=6 BestDonorCellId=1 BestDonorDistanceM=110.88 XhaulConnected=1 XhaulChannelVariationDb=0 RawXhaulState=HEALTHY RawXhaulStateAgeSec=66 XhaulState=HEALTHY DonorUnavailableActive=0 SatBackhaulHealthy=0 UavSwitchingXappAvailable=0 UavSwitchingXappState=DISABLED AiPredictedBackhaulMode=RULE_BASED BackhaulMode=TN_DIRECT RicControlState=TN_E2 ActiveUavRic=LOCAL_UAV_AUTONOMY NormalUeHandoverAllowed=1 UavMode=TN_CONTROLLED_COVERAGE_EXTENSION
UAV_AUTONOMY_XAPP Time=70.5 DeploymentMode=tn-uav UavIndex=2 UavCellId=7 BestDonorCellId=1 BestDonorDistanceM=133.08 XhaulConnected=1 XhaulChannelVariationDb=0 RawXhaulState=HEALTHY RawXhaulStateAgeSec=66 XhaulState=HEALTHY DonorUnavailableActive=0 SatBackhaulHealthy=0 UavSwitchingXappAvailable=0 UavSwitchingXappState=DISABLED AiPredictedBackhaulMode=RULE_BASED BackhaulMode=TN_DIRECT RicControlState=TN_E2 ActiveUavRic=LOCAL_UAV_AUTONOMY NormalUeHandoverAllowed=1 UavMode=TN_CONTROLLED_COVERAGE_EXTENSION
---- LOAD at t=70.5 ----
  cell 1 (TN) load=17/20
  cell 2 (TN) load=17/20
  cell 3 (TN) load=19/20
  cell 4 (TN) load=16/20
  cell 5 (NTN) load=8/15
  cell 6 (NTN) load=6/15
  cell 7 (NTN) load=7/15
UE 11 TTT_WAIT target=7 elapsed=0s need=2s
UE 12 TTT_WAIT target=4 elapsed=0s need=2s
UE 16 TTT_WAIT target=5 elapsed=0s need=2s
UE 17 TTT_WAIT target=4 elapsed=0s need=2s
UE 18 TTT_WAIT target=3 elapsed=0s need=2s
UE 19 TTT_WAIT target=4 elapsed=0s need=2s
LM HO_FAIL_LOW_RSRP UE=20 currCell=4 candCell=6 candRsrp=-114.783 < min=-110
UE 21 TTT_WAIT target=1 elapsed=0s need=2s
UE 22 TTT_WAIT target=5 elapsed=0s need=2s
UE 24 TTT_WAIT target=2 elapsed=0s need=2s
LM HO UE=25 rnti=67 1->2 type=TN servingRsrp=-83.4545 targetRsrp=-76.5122 targetLoadReal=17/20 targetLoadEff=17/20
UE 26 TTT_WAIT target=4 elapsed=0s need=2s
UE 27 TTT_WAIT target=5 elapsed=0s need=2s
UE 28 TTT_WAIT target=7 elapsed=0s need=2s
LM HO UE=29 rnti=127 3->4 type=TN servingRsrp=-113.142 targetRsrp=-94.0188 targetLoadReal=16/20 targetLoadEff=16/20
UE 31 TTT_WAIT target=2 elapsed=0s need=2s
LM HO_FAIL_LOW_RSRP UE=33 currCell=3 candCell=1 candRsrp=-110.741 < min=-110
UE 34 TTT_WAIT target=3 elapsed=0s need=2s
UE 35 TTT_WAIT target=7 elapsed=0s need=2s
UE 37 TTT_WAIT target=3 elapsed=0s need=2s
UE 38 TTT_WAIT target=2 elapsed=0s need=2s
UE 39 TTT_WAIT target=5 elapsed=0s need=2s
UE 40 TTT_WAIT target=5 elapsed=0s need=2s
UE 42 TTT_WAIT target=2 elapsed=0s need=2s
UE 45 TTT_WAIT target=3 elapsed=0s need=2s
LM HO UE=46 rnti=128 4->1 type=TN servingRsrp=-103.597 targetRsrp=-73.951 targetLoadReal=17/20 targetLoadEff=17/20
UE 48 TTT_WAIT target=4 elapsed=0s need=2s
LM HO_FAIL_LOW_RSRP UE=49 currCell=5 candCell=6 candRsrp=-115.263 < min=-110
UE 52 TTT_WAIT target=4 elapsed=0s need=2s
LM HO UE=53 rnti=132 4->1 type=TN servingRsrp=-108.933 targetRsrp=-73.7057 targetLoadReal=17/20 targetLoadEff=18/20
UE 54 TTT_WAIT target=2 elapsed=0s need=2s
UE 58 TTT_WAIT target=3 elapsed=0s need=2s
UE 59 TTT_WAIT target=6 elapsed=0s need=2s
UE 60 TTT_WAIT target=2 elapsed=0s need=2s
LM HO_FAIL_LOW_RSRP UE=61 currCell=3 candCell=5 candRsrp=-119.026 < min=-110
UE 62 TTT_WAIT target=4 elapsed=0s need=2s
UE 66 TTT_WAIT target=4 elapsed=0s need=2s
LM HO UE=67 rnti=75 7->3 type=TN servingRsrp=-120.408 targetRsrp=-94.1798 targetLoadReal=19/20 targetLoadEff=19/20
UE 68 TTT_WAIT target=4 elapsed=0s need=2s
LM HO_FAIL_LOW_RSRP UE=69 currCell=2 candCell=5 candRsrp=-116.144 < min=-110
UE 70 TTT_WAIT target=4 elapsed=0s need=2s
UE 71 TTT_WAIT target=4 elapsed=0s need=2s
UE 73 TTT_WAIT target=5 elapsed=0s need=2s
UE 74 TTT_WAIT target=1 elapsed=0s need=2s
UE 75 TTT_WAIT target=1 elapsed=0s need=2s
LM HO_FAIL_LOW_RSRP UE=76 currCell=4 candCell=1 candRsrp=-114.948 < min=-110
UE 77 TTT_WAIT target=7 elapsed=0s need=2s
UE 78 TTT_WAIT target=6 elapsed=0s need=2s
LM HO_FAIL_LOW_RSRP UE=80 currCell=6 candCell=7 candRsrp=-118.141 < min=-110
UE 81 TTT_WAIT target=7 elapsed=0s need=2s
UE 83 TTT_WAIT target=6 elapsed=0s need=2s
LM HO_FAIL_LOW_RSRP UE=84 currCell=1 candCell=2 candRsrp=-116.485 < min=-110
UE 85 TTT_WAIT target=4 elapsed=0s need=2s
UE 86 TTT_WAIT target=4 elapsed=0s need=2s
LM HO_FAIL_LOW_RSRP UE=87 currCell=2 candCell=5 candRsrp=-116.248 < min=-110
UE 88 TTT_WAIT target=6 elapsed=0s need=2s
LM HO_FAIL_LOW_RSRP UE=90 currCell=1 candCell=7 candRsrp=-118.713 < min=-110
UE 93 TTT_WAIT target=2 elapsed=0s need=2s
LM HO_FAIL_LOW_RSRP UE=94 currCell=4 candCell=1 candRsrp=-112.285 < min=-110
LM HO_FAIL_LOW_RSRP UE=95 currCell=7 candCell=6 candRsrp=-117.708 < min=-110
LM HO_FAIL_LOW_RSRP UE=96 currCell=2 candCell=6 candRsrp=-121.777 < min=-110
LM HO_FAIL_LOW_RSRP UE=97 currCell=3 candCell=1 candRsrp=-115.958 < min=-110
TRACE HO_SUCCESS Time=70.6151 IMSI=52 TargetCell=1 Type=TN TargetRSRP=-113.862 ServingRSRP=-107.966 BackhaulDlSnr=-999 BackhaulUlSnr=-999
TRACE HO_SUCCESS Time=70.6151 IMSI=45 TargetCell=1 Type=TN TargetRSRP=-115.566 ServingRSRP=-104.378 BackhaulDlSnr=-999 BackhaulUlSnr=-999
TRACE HO_SUCCESS Time=70.6151 IMSI=24 TargetCell=2 Type=TN TargetRSRP=-98.5396 ServingRSRP=-102.203 BackhaulDlSnr=-999 BackhaulUlSnr=-999
TRACE HO_SUCCESS Time=70.6151 IMSI=66 TargetCell=3 Type=TN TargetRSRP=-119.974 ServingRSRP=-108.537 BackhaulDlSnr=-999 BackhaulUlSnr=-999
TRACE HO_SUCCESS Time=70.6151 IMSI=28 TargetCell=4 Type=TN TargetRSRP=-115.608 ServingRSRP=-91.8216 BackhaulDlSnr=-999 BackhaulUlSnr=-999
UAV_AUTONOMY_XAPP Time=72.5 DeploymentMode=tn-uav UavIndex=0 UavCellId=5 BestDonorCellId=1 BestDonorDistanceM=143.511 XhaulConnected=1 XhaulChannelVariationDb=0 RawXhaulState=HEALTHY RawXhaulStateAgeSec=68 XhaulState=HEALTHY DonorUnavailableActive=0 SatBackhaulHealthy=0 UavSwitchingXappAvailable=0 UavSwitchingXappState=DISABLED AiPredictedBackhaulMode=RULE_BASED BackhaulMode=TN_DIRECT RicControlState=TN_E2 ActiveUavRic=LOCAL_UAV_AUTONOMY NormalUeHandoverAllowed=1 UavMode=TN_CONTROLLED_COVERAGE_EXTENSION
UAV_AUTONOMY_XAPP Time=72.5 DeploymentMode=tn-uav UavIndex=1 UavCellId=6 BestDonorCellId=1 BestDonorDistanceM=110.88 XhaulConnected=1 XhaulChannelVariationDb=0 RawXhaulState=HEALTHY RawXhaulStateAgeSec=68 XhaulState=HEALTHY DonorUnavailableActive=0 SatBackhaulHealthy=0 UavSwitchingXappAvailable=0 UavSwitchingXappState=DISABLED AiPredictedBackhaulMode=RULE_BASED BackhaulMode=TN_DIRECT RicControlState=TN_E2 ActiveUavRic=LOCAL_UAV_AUTONOMY NormalUeHandoverAllowed=1 UavMode=TN_CONTROLLED_COVERAGE_EXTENSION
UAV_AUTONOMY_XAPP Time=72.5 DeploymentMode=tn-uav UavIndex=2 UavCellId=7 BestDonorCellId=1 BestDonorDistanceM=133.08 XhaulConnected=1 XhaulChannelVariationDb=0 RawXhaulState=HEALTHY RawXhaulStateAgeSec=68 XhaulState=HEALTHY DonorUnavailableActive=0 SatBackhaulHealthy=0 UavSwitchingXappAvailable=0 UavSwitchingXappState=DISABLED AiPredictedBackhaulMode=RULE_BASED BackhaulMode=TN_DIRECT RicControlState=TN_E2 ActiveUavRic=LOCAL_UAV_AUTONOMY NormalUeHandoverAllowed=1 UavMode=TN_CONTROLLED_COVERAGE_EXTENSION
---- LOAD at t=72.5 ----
  cell 1 (TN) load=18/20
  cell 2 (TN) load=18/20
  cell 3 (TN) load=19/20
  cell 4 (TN) load=15/20
  cell 5 (NTN) load=8/15
  cell 6 (NTN) load=6/15
  cell 7 (NTN) load=6/15
UE 8 TTT_WAIT target=1 elapsed=0s need=2s
UE 13 TTT_WAIT target=5 elapsed=0s need=2s
UE 18 TTT_WAIT target=2 elapsed=0s need=2s
LM HO_FAIL_LOW_RSRP UE=20 currCell=4 candCell=2 candRsrp=-112.444 < min=-110
LM HO UE=21 rnti=129 2->1 type=TN servingRsrp=-107.902 targetRsrp=-102.27 targetLoadReal=18/20 targetLoadEff=18/20
UE 22 TTT_WAIT target=7 elapsed=0s need=2s
UE 24 TTT_WAIT target=3 elapsed=0s need=2s
UE 27 TTT_WAIT target=7 elapsed=0s need=2s
UE 29 TTT_WAIT target=3 elapsed=0s need=2s
UE 30 TTT_WAIT target=1 elapsed=0s need=2s
UE 31 TTT_WAIT target=1 elapsed=0s need=2s
UE 32 TTT_WAIT target=1 elapsed=0s need=2s
LM HO_FAIL_LOW_RSRP UE=33 currCell=3 candCell=6 candRsrp=-115.924 < min=-110
UE 34 TTT_WAIT target=5 elapsed=0s need=2s
UE 35 TTT_WAIT target=1 elapsed=0s need=2s
LM HO UE=37 rnti=137 2->3 type=TN servingRsrp=-102.965 targetRsrp=-93.8346 targetLoadReal=19/20 targetLoadEff=19/20
UE 38 TTT_WAIT target=6 elapsed=0s need=2s
LM HO_FAIL_LOW_RSRP UE=39 currCell=2 candCell=7 candRsrp=-120.487 < min=-110
UE 40 TTT_WAIT target=6 elapsed=0s need=2s
LM HO_FAIL_LOW_RSRP UE=42 currCell=1 candCell=7 candRsrp=-113.323 < min=-110
UE 43 TTT_WAIT target=6 elapsed=0s need=2s
UE 46 TTT_WAIT target=4 elapsed=0s need=2s
UE 47 TTT_WAIT target=1 elapsed=0s need=2s
UE 48 TTT_WAIT target=1 elapsed=0s need=2s
UE 50 TTT_WAIT target=7 elapsed=0s need=2s
UE 51 TTT_WAIT target=5 elapsed=0s need=2s
UE 52 TTT_WAIT target=2 elapsed=0s need=2s
UE 53 TTT_WAIT target=4 elapsed=0s need=2s
UE 56 TTT_WAIT target=7 elapsed=0s need=2s
UE 57 TTT_WAIT target=7 elapsed=0s need=2s
UE 58 TTT_WAIT target=7 elapsed=0s need=2s
LM HO_FAIL_LOW_RSRP UE=59 currCell=1 candCell=2 candRsrp=-113.626 < min=-110
LM HO UE=60 rnti=137 3->2 type=TN servingRsrp=-88.6152 targetRsrp=-83.1227 targetLoadReal=18/20 targetLoadEff=18/20
LM HO_FAIL_LOW_RSRP UE=61 currCell=3 candCell=7 candRsrp=-118.885 < min=-110
LM HO UE=62 rnti=142 1->4 type=TN servingRsrp=-112.13 targetRsrp=-95.0446 targetLoadReal=15/20 targetLoadEff=15/20
UE 63 TTT_WAIT target=1 elapsed=0s need=2s
UE 64 TTT_WAIT target=7 elapsed=0s need=2s
UE 67 TTT_WAIT target=4 elapsed=0s need=2s
UE 68 TTT_WAIT target=1 elapsed=0s need=2s
UE 69 TTT_WAIT target=1 elapsed=0s need=2s
UE 71 TTT_WAIT target=2 elapsed=0s need=2s
UE 72 TTT_WAIT target=2 elapsed=0s need=2s
LM HO_FAIL_LOW_RSRP UE=74 currCell=3 candCell=1 candRsrp=-110.476 < min=-110
UE 75 TTT_WAIT target=5 elapsed=0s need=2s
LM HO_FAIL_LOW_RSRP UE=76 currCell=4 candCell=2 candRsrp=-113.478 < min=-110
LM HO_FAIL_LOW_RSRP UE=78 currCell=2 candCell=6 candRsrp=-120.01 < min=-110
UE 79 TTT_WAIT target=2 elapsed=0s need=2s
UE 80 TTT_WAIT target=2 elapsed=0s need=2s
LM HO_FAIL_LOW_RSRP UE=83 currCell=3 candCell=6 candRsrp=-114.04 < min=-110
LM HO_FAIL_LOW_RSRP UE=84 currCell=1 candCell=7 candRsrp=-119.452 < min=-110
UE 86 TTT_WAIT target=1 elapsed=0s need=2s
UE 87 TTT_WAIT target=4 elapsed=0s need=2s
LM HO UE=88 rnti=70 5->6 type=NTN servingRsrp=-118.01 targetRsrp=-103.972 targetLoadReal=6/15 targetLoadEff=6/15
LM HO_FAIL_LOW_RSRP UE=89 currCell=3 candCell=2 candRsrp=-115.455 < min=-110
LM HO_FAIL_LOW_RSRP UE=90 currCell=1 candCell=2 candRsrp=-117.444 < min=-110
UE 91 TTT_WAIT target=1 elapsed=0s need=2s
UE 93 TTT_WAIT target=7 elapsed=0s need=2s
LM HO_FAIL_LOW_RSRP UE=94 currCell=4 candCell=1 candRsrp=-113.041 < min=-110
LM HO_FAIL_LOW_RSRP UE=96 currCell=2 candCell=6 candRsrp=-120.215 < min=-110
LM HO_FAIL_LOW_RSRP UE=97 currCell=3 candCell=2 candRsrp=-113.132 < min=-110
TRACE HO_SUCCESS Time=72.6151 IMSI=20 TargetCell=1 Type=TN TargetRSRP=-98.2842 ServingRSRP=-103.323 BackhaulDlSnr=-999 BackhaulUlSnr=-999
TRACE HO_SUCCESS Time=72.6151 IMSI=59 TargetCell=2 Type=TN TargetRSRP=-116.814 ServingRSRP=-104.86 BackhaulDlSnr=-999 BackhaulUlSnr=-999
TRACE HO_SUCCESS Time=72.6151 IMSI=36 TargetCell=3 Type=TN TargetRSRP=-94.8591 ServingRSRP=-99.5735 BackhaulDlSnr=-999 BackhaulUlSnr=-999
TRACE HO_SUCCESS Time=72.6151 IMSI=61 TargetCell=4 Type=TN TargetRSRP=-81.1283 ServingRSRP=-82.2581 BackhaulDlSnr=-999 BackhaulUlSnr=-999
TRACE HO_SUCCESS Time=72.6151 IMSI=87 TargetCell=6 Type=NTN TargetRSRP=-115.329 ServingRSRP=-114.239 BackhaulDlSnr=-999 BackhaulUlSnr=-999
UAV_AUTONOMY_XAPP Time=74.5 DeploymentMode=tn-uav UavIndex=0 UavCellId=5 BestDonorCellId=1 BestDonorDistanceM=143.511 XhaulConnected=1 XhaulChannelVariationDb=0 RawXhaulState=HEALTHY RawXhaulStateAgeSec=70 XhaulState=HEALTHY DonorUnavailableActive=0 SatBackhaulHealthy=0 UavSwitchingXappAvailable=0 UavSwitchingXappState=DISABLED AiPredictedBackhaulMode=RULE_BASED BackhaulMode=TN_DIRECT RicControlState=TN_E2 ActiveUavRic=LOCAL_UAV_AUTONOMY NormalUeHandoverAllowed=1 UavMode=TN_CONTROLLED_COVERAGE_EXTENSION
UAV_AUTONOMY_XAPP Time=74.5 DeploymentMode=tn-uav UavIndex=1 UavCellId=6 BestDonorCellId=1 BestDonorDistanceM=110.88 XhaulConnected=1 XhaulChannelVariationDb=0 RawXhaulState=HEALTHY RawXhaulStateAgeSec=70 XhaulState=HEALTHY DonorUnavailableActive=0 SatBackhaulHealthy=0 UavSwitchingXappAvailable=0 UavSwitchingXappState=DISABLED AiPredictedBackhaulMode=RULE_BASED BackhaulMode=TN_DIRECT RicControlState=TN_E2 ActiveUavRic=LOCAL_UAV_AUTONOMY NormalUeHandoverAllowed=1 UavMode=TN_CONTROLLED_COVERAGE_EXTENSION
UAV_AUTONOMY_XAPP Time=74.5 DeploymentMode=tn-uav UavIndex=2 UavCellId=7 BestDonorCellId=1 BestDonorDistanceM=133.08 XhaulConnected=1 XhaulChannelVariationDb=0 RawXhaulState=HEALTHY RawXhaulStateAgeSec=70 XhaulState=HEALTHY DonorUnavailableActive=0 SatBackhaulHealthy=0 UavSwitchingXappAvailable=0 UavSwitchingXappState=DISABLED AiPredictedBackhaulMode=RULE_BASED BackhaulMode=TN_DIRECT RicControlState=TN_E2 ActiveUavRic=LOCAL_UAV_AUTONOMY NormalUeHandoverAllowed=1 UavMode=TN_CONTROLLED_COVERAGE_EXTENSION
---- LOAD at t=74.5 ----
  cell 1 (TN) load=18/20
  cell 2 (TN) load=17/20
  cell 3 (TN) load=19/20
  cell 4 (TN) load=16/20
  cell 5 (NTN) load=7/15
  cell 6 (NTN) load=7/15
  cell 7 (NTN) load=6/15
LM HO_FAIL_LOW_RSRP UE=8 currCell=4 candCell=6 candRsrp=-115.112 < min=-110
LM HO_FAIL_LOW_RSRP UE=10 currCell=3 candCell=6 candRsrp=-117.596 < min=-110
UE 13 TTT_WAIT target=2 elapsed=0s need=2s
UE 14 TTT_WAIT target=4 elapsed=0s need=2s
UE 15 TTT_WAIT target=2 elapsed=0s need=2s
UE 16 TTT_WAIT target=3 elapsed=0s need=2s
UE 17 TTT_WAIT target=2 elapsed=0s need=2s
UE 18 TTT_WAIT target=7 elapsed=0s need=2s
UE 19 TTT_WAIT target=4 elapsed=0s need=2s
LM HO_FAIL_LOW_RSRP UE=20 currCell=4 candCell=2 candRsrp=-112.734 < min=-110
UE 21 TTT_WAIT target=2 elapsed=0s need=2s
UE 23 TTT_WAIT target=7 elapsed=0s need=2s
UE 24 TTT_WAIT target=2 elapsed=0s need=2s
UE 27 TTT_WAIT target=3 elapsed=0s need=2s
UE 28 TTT_WAIT target=1 elapsed=0s need=2s
LM HO_FAIL_LOW_RSRP UE=29 currCell=4 candCell=3 candRsrp=-112.358 < min=-110
LM HO UE=30 rnti=45 2->1 type=TN servingRsrp=-99.3707 targetRsrp=-88.0911 targetLoadReal=18/20 targetLoadEff=18/20
UE 31 TTT_WAIT target=4 elapsed=0s need=2s
LM HO UE=32 rnti=149 4->1 type=TN servingRsrp=-107.464 targetRsrp=-95.6357 targetLoadReal=18/20 targetLoadEff=19/20
UE 33 TTT_WAIT target=2 elapsed=0s need=2s
UE 34 TTT_WAIT target=6 elapsed=0s need=2s
UE 36 TTT_WAIT target=5 elapsed=0s need=2s
UE 37 TTT_WAIT target=4 elapsed=0s need=2s
UE 38 TTT_WAIT target=7 elapsed=0s need=2s
LM HO_FAIL_LOW_RSRP UE=39 currCell=2 candCell=5 candRsrp=-115.702 < min=-110
LM HO UE=40 rnti=74 7->6 type=NTN servingRsrp=-105.667 targetRsrp=-100.337 targetLoadReal=7/15 targetLoadEff=7/15
UE 41 TTT_WAIT target=4 elapsed=0s need=2s
UE 42 TTT_WAIT target=5 elapsed=0s need=2s
UE 43 TTT_WAIT target=4 elapsed=0s need=2s
LM HO_FAIL_LOW_RSRP UE=44 currCell=2 candCell=7 candRsrp=-114.827 < min=-110
UE 46 TTT_WAIT target=2 elapsed=0s need=2s
UE 47 TTT_WAIT target=3 elapsed=0s need=2s
LM HO_FAIL_LOW_RSRP UE=48 currCell=3 candCell=6 candRsrp=-117.142 < min=-110
UE 52 TTT_WAIT target=6 elapsed=0s need=2s
LM HO UE=53 rnti=148 1->4 type=TN servingRsrp=-108.874 targetRsrp=-104.661 targetLoadReal=16/20 targetLoadEff=16/20
UE 55 TTT_WAIT target=6 elapsed=0s need=2s
UE 56 TTT_WAIT target=4 elapsed=0s need=2s
LM HO UE=57 rnti=140 1->7 type=NTN servingRsrp=-86.5463 targetRsrp=-76.7844 targetLoadReal=6/15 targetLoadEff=6/15
LM HO_FAIL_LOW_RSRP UE=58 currCell=4 candCell=7 candRsrp=-111.997 < min=-110
UE 59 TTT_WAIT target=5 elapsed=0s need=2s
LM HO_FAIL_LOW_RSRP UE=60 currCell=2 candCell=4 candRsrp=-113.14 < min=-110
LM HO_FAIL_LOW_RSRP UE=61 currCell=3 candCell=5 candRsrp=-119.779 < min=-110
UE 64 TTT_WAIT target=4 elapsed=0s need=2s
UE 65 TTT_WAIT target=3 elapsed=0s need=2s
LM HO_FAIL_LOW_RSRP UE=67 currCell=3 candCell=2 candRsrp=-111.497 < min=-110
UE 68 TTT_WAIT target=4 elapsed=0s need=2s
UE 69 TTT_WAIT target=3 elapsed=0s need=2s
UE 70 TTT_WAIT target=4 elapsed=0s need=2s
UE 72 TTT_WAIT target=3 elapsed=0s need=2s
UE 74 TTT_WAIT target=2 elapsed=0s need=2s
UE 75 TTT_WAIT target=7 elapsed=0s need=2s
LM HO_FAIL_LOW_RSRP UE=76 currCell=4 candCell=2 candRsrp=-115.99 < min=-110
LM HO_FAIL_LOW_RSRP UE=77 currCell=1 candCell=3 candRsrp=-113.526 < min=-110
LM HO_FAIL_LOW_RSRP UE=78 currCell=2 candCell=6 candRsrp=-119.501 < min=-110
LM HO_FAIL_LOW_RSRP UE=79 currCell=7 candCell=6 candRsrp=-117.021 < min=-110
LM HO_FAIL_LOW_RSRP UE=81 currCell=6 candCell=7 candRsrp=-115.338 < min=-110
LM HO_FAIL_LOW_RSRP UE=83 currCell=3 candCell=7 candRsrp=-117.236 < min=-110
LM HO_FAIL_LOW_RSRP UE=84 currCell=1 candCell=6 candRsrp=-116.515 < min=-110
LM HO_FAIL_LOW_RSRP UE=85 currCell=3 candCell=2 candRsrp=-114.9 < min=-110
LM HO_FAIL_LOW_RSRP UE=86 currCell=5 candCell=6 candRsrp=-118.895 < min=-110
UE 87 TTT_WAIT target=6 elapsed=0s need=2s
UE 88 TTT_WAIT target=5 elapsed=0s need=2s
LM HO_FAIL_LOW_RSRP UE=89 currCell=3 candCell=6 candRsrp=-121.819 < min=-110
LM HO_FAIL_LOW_RSRP UE=90 currCell=1 candCell=6 candRsrp=-116.223 < min=-110
LM HO_FAIL_LOW_RSRP UE=91 currCell=6 candCell=7 candRsrp=-117.247 < min=-110
LM HO_FAIL_LOW_RSRP UE=92 currCell=6 candCell=7 candRsrp=-110.548 < min=-110
LM HO_FAIL_LOW_RSRP UE=94 currCell=4 candCell=7 candRsrp=-110.843 < min=-110
LM HO_FAIL_LOW_RSRP UE=95 currCell=7 candCell=5 candRsrp=-118.39 < min=-110
LM HO_FAIL_LOW_RSRP UE=96 currCell=2 candCell=6 candRsrp=-117.799 < min=-110
LM HO_FAIL_LOW_RSRP UE=97 currCell=3 candCell=2 candRsrp=-114.488 < min=-110
TRACE HO_SUCCESS Time=74.6151 IMSI=29 TargetCell=1 Type=TN TargetRSRP=-115.679 ServingRSRP=-108.999 BackhaulDlSnr=-999 BackhaulUlSnr=-999
TRACE HO_SUCCESS Time=74.6151 IMSI=31 TargetCell=1 Type=TN TargetRSRP=-90.9077 ServingRSRP=-82.2771 BackhaulDlSnr=-999 BackhaulUlSnr=-999
TRACE HO_SUCCESS Time=74.6151 IMSI=52 TargetCell=4 Type=TN TargetRSRP=-109.588 ServingRSRP=-109.138 BackhaulDlSnr=-999 BackhaulUlSnr=-999
TRACE HO_SUCCESS Time=74.6151 IMSI=39 TargetCell=6 Type=NTN TargetRSRP=-109.216 ServingRSRP=-98.5275 BackhaulDlSnr=-999 BackhaulUlSnr=-999
TRACE HO_SUCCESS Time=74.6151 IMSI=56 TargetCell=7 Type=NTN TargetRSRP=-76.464 ServingRSRP=-88.6647 BackhaulDlSnr=-999 BackhaulUlSnr=-999
UAV_AUTONOMY_XAPP Time=76.5 DeploymentMode=tn-uav UavIndex=0 UavCellId=5 BestDonorCellId=1 BestDonorDistanceM=143.511 XhaulConnected=1 XhaulChannelVariationDb=0 RawXhaulState=HEALTHY RawXhaulStateAgeSec=72 XhaulState=HEALTHY DonorUnavailableActive=0 SatBackhaulHealthy=0 UavSwitchingXappAvailable=0 UavSwitchingXappState=DISABLED AiPredictedBackhaulMode=RULE_BASED BackhaulMode=TN_DIRECT RicControlState=TN_E2 ActiveUavRic=LOCAL_UAV_AUTONOMY NormalUeHandoverAllowed=1 UavMode=TN_CONTROLLED_COVERAGE_EXTENSION
UAV_AUTONOMY_XAPP Time=76.5 DeploymentMode=tn-uav UavIndex=1 UavCellId=6 BestDonorCellId=1 BestDonorDistanceM=110.88 XhaulConnected=1 XhaulChannelVariationDb=0 RawXhaulState=HEALTHY RawXhaulStateAgeSec=72 XhaulState=HEALTHY DonorUnavailableActive=0 SatBackhaulHealthy=0 UavSwitchingXappAvailable=0 UavSwitchingXappState=DISABLED AiPredictedBackhaulMode=RULE_BASED BackhaulMode=TN_DIRECT RicControlState=TN_E2 ActiveUavRic=LOCAL_UAV_AUTONOMY NormalUeHandoverAllowed=1 UavMode=TN_CONTROLLED_COVERAGE_EXTENSION
UAV_AUTONOMY_XAPP Time=76.5 DeploymentMode=tn-uav UavIndex=2 UavCellId=7 BestDonorCellId=1 BestDonorDistanceM=133.08 XhaulConnected=1 XhaulChannelVariationDb=0 RawXhaulState=HEALTHY RawXhaulStateAgeSec=72 XhaulState=HEALTHY DonorUnavailableActive=0 SatBackhaulHealthy=0 UavSwitchingXappAvailable=0 UavSwitchingXappState=DISABLED AiPredictedBackhaulMode=RULE_BASED BackhaulMode=TN_DIRECT RicControlState=TN_E2 ActiveUavRic=LOCAL_UAV_AUTONOMY NormalUeHandoverAllowed=1 UavMode=TN_CONTROLLED_COVERAGE_EXTENSION
---- LOAD at t=76.5 ----
  cell 1 (TN) load=18/20
  cell 2 (TN) load=16/20
  cell 3 (TN) load=19/20
  cell 4 (TN) load=16/20
  cell 5 (NTN) load=7/15
  cell 6 (NTN) load=8/15
  cell 7 (NTN) load=6/15
LM HO_FAIL_LOW_RSRP UE=8 currCell=4 candCell=5 candRsrp=-111.987 < min=-110
UE 9 TTT_WAIT target=4 elapsed=0s need=2s
LM HO_FAIL_LOW_RSRP UE=10 currCell=3 candCell=7 candRsrp=-118.305 < min=-110
LM HO_FAIL_LOW_RSRP UE=11 currCell=1 candCell=6 candRsrp=-111.908 < min=-110
UE 13 TTT_WAIT target=6 elapsed=0s need=2s
UE 14 TTT_WAIT target=1 elapsed=0s need=2s
LM HO_FAIL_LOW_RSRP UE=16 currCell=7 candCell=5 candRsrp=-112.3 < min=-110
LM HO UE=17 rnti=126 1->2 type=TN servingRsrp=-109.833 targetRsrp=-102.834 targetLoadReal=16/20 targetLoadEff=16/20
UE 18 TTT_WAIT target=2 elapsed=0s need=2s
LM HO_FAIL_LOW_RSRP UE=20 currCell=4 candCell=2 candRsrp=-115.054 < min=-110
UE 22 TTT_WAIT target=6 elapsed=0s need=2s
LM HO UE=23 rnti=150 4->7 type=NTN servingRsrp=-109.815 targetRsrp=-90.485 targetLoadReal=6/15 targetLoadEff=6/15
LM HO UE=24 rnti=146 4->2 type=TN servingRsrp=-115.544 targetRsrp=-93.8449 targetLoadReal=16/20 targetLoadEff=17/20
UE 27 TTT_WAIT target=7 elapsed=0s need=2s
UE 28 TTT_WAIT target=5 elapsed=0s need=2s
UE 29 TTT_WAIT target=3 elapsed=0s need=2s
UE 31 TTT_WAIT target=1 elapsed=0s need=2s
UE 32 TTT_WAIT target=3 elapsed=0s need=2s
UE 33 TTT_WAIT target=1 elapsed=0s need=2s
LM HO_FAIL_LOW_RSRP UE=34 currCell=2 candCell=7 candRsrp=-116.626 < min=-110
UE 35 TTT_WAIT target=5 elapsed=0s need=2s
UE 36 TTT_WAIT target=3 elapsed=0s need=2s
UE 37 TTT_WAIT target=1 elapsed=0s need=2s
LM HO UE=38 rnti=61 5->7 type=NTN servingRsrp=-110.704 targetRsrp=-106.036 targetLoadReal=6/15 targetLoadEff=7/15
UE 39 TTT_WAIT target=1 elapsed=0s need=2s
UE 40 TTT_WAIT target=5 elapsed=0s need=2s
UE 41 TTT_WAIT target=7 elapsed=0s need=2s
UE 43 TTT_WAIT target=5 elapsed=0s need=2s
LM HO_FAIL_LOW_RSRP UE=44 currCell=2 candCell=6 candRsrp=-112.65 < min=-110
UE 45 TTT_WAIT target=2 elapsed=0s need=2s
UE 46 TTT_WAIT target=4 elapsed=0s need=2s
UE 47 TTT_WAIT target=6 elapsed=0s need=2s
LM HO_FAIL_LOW_RSRP UE=48 currCell=3 candCell=5 candRsrp=-118.005 < min=-110
UE 49 TTT_WAIT target=4 elapsed=0s need=2s
UE 50 TTT_WAIT target=1 elapsed=0s need=2s
UE 52 TTT_WAIT target=4 elapsed=0s need=2s
UE 53 TTT_WAIT target=6 elapsed=0s need=2s
UE 57 TTT_WAIT target=1 elapsed=0s need=2s
UE 58 TTT_WAIT target=3 elapsed=0s need=2s
LM HO_FAIL_LOW_RSRP UE=59 currCell=1 candCell=5 candRsrp=-119.086 < min=-110
LM HO_FAIL_LOW_RSRP UE=60 currCell=2 candCell=6 candRsrp=-115.21 < min=-110
LM HO_FAIL_LOW_RSRP UE=61 currCell=3 candCell=6 candRsrp=-118.749 < min=-110
UE 62 TTT_WAIT target=1 elapsed=0s need=2s
UE 63 TTT_WAIT target=1 elapsed=0s need=2s
UE 64 TTT_WAIT target=6 elapsed=0s need=2s
LM HO_FAIL_LOW_RSRP UE=65 currCell=4 candCell=6 candRsrp=-118.403 < min=-110
LM HO_FAIL_LOW_RSRP UE=66 currCell=1 candCell=3 candRsrp=-112.464 < min=-110
UE 67 TTT_WAIT target=2 elapsed=0s need=2s
UE 68 TTT_WAIT target=7 elapsed=0s need=2s
UE 69 TTT_WAIT target=1 elapsed=0s need=2s
LM HO_FAIL_LOW_RSRP UE=70 currCell=2 candCell=7 candRsrp=-118.081 < min=-110
UE 71 TTT_WAIT target=1 elapsed=0s need=2s
UE 72 TTT_WAIT target=2 elapsed=0s need=2s
LM HO_FAIL_LOW_RSRP UE=73 currCell=7 candCell=5 candRsrp=-115.126 < min=-110
LM HO_FAIL_LOW_RSRP UE=74 currCell=3 candCell=7 candRsrp=-120.74 < min=-110
UE 76 TTT_WAIT target=1 elapsed=0s need=2s
LM HO_FAIL_LOW_RSRP UE=77 currCell=1 candCell=3 candRsrp=-112.188 < min=-110
UE 79 TTT_WAIT target=1 elapsed=0s need=2s
UE 81 TTT_WAIT target=2 elapsed=0s need=2s
UE 83 TTT_WAIT target=6 elapsed=0s need=2s
UE 84 TTT_WAIT target=6 elapsed=0s need=2s
UE 85 TTT_WAIT target=1 elapsed=0s need=2s
LM HO_FAIL_LOW_RSRP UE=87 currCell=2 candCell=5 candRsrp=-115.778 < min=-110
LM HO_FAIL_LOW_RSRP UE=88 currCell=6 candCell=5 candRsrp=-117.353 < min=-110
LM HO_FAIL_LOW_RSRP UE=89 currCell=3 candCell=6 candRsrp=-120.378 < min=-110
UE 90 TTT_WAIT target=2 elapsed=0s need=2s
UE 91 TTT_WAIT target=5 elapsed=0s need=2s
UE 93 TTT_WAIT target=4 elapsed=0s need=2s
LM HO_FAIL_LOW_RSRP UE=94 currCell=4 candCell=2 candRsrp=-110.447 < min=-110
LM HO_FAIL_LOW_RSRP UE=96 currCell=2 candCell=7 candRsrp=-117.839 < min=-110
UE 97 TTT_WAIT target=4 elapsed=0s need=2s
TRACE HO_SUCCESS Time=76.6151 IMSI=16 TargetCell=2 Type=TN TargetRSRP=-106.341 ServingRSRP=-107.912 BackhaulDlSnr=-999 BackhaulUlSnr=-999
TRACE HO_SUCCESS Time=76.6151 IMSI=23 TargetCell=2 Type=TN TargetRSRP=-124.515 ServingRSRP=-113.884 BackhaulDlSnr=-999 BackhaulUlSnr=-999
TRACE HO_SUCCESS Time=76.6151 IMSI=22 TargetCell=7 Type=NTN TargetRSRP=-109.536 ServingRSRP=-107.315 BackhaulDlSnr=-999 BackhaulUlSnr=-999
TRACE HO_SUCCESS Time=76.6151 IMSI=37 TargetCell=7 Type=NTN TargetRSRP=-116.237 ServingRSRP=-88.2694 BackhaulDlSnr=-999 BackhaulUlSnr=-999
UAV_AUTONOMY_XAPP Time=78.5 DeploymentMode=tn-uav UavIndex=0 UavCellId=5 BestDonorCellId=1 BestDonorDistanceM=143.511 XhaulConnected=1 XhaulChannelVariationDb=0 RawXhaulState=HEALTHY RawXhaulStateAgeSec=74 XhaulState=HEALTHY DonorUnavailableActive=0 SatBackhaulHealthy=0 UavSwitchingXappAvailable=0 UavSwitchingXappState=DISABLED AiPredictedBackhaulMode=RULE_BASED BackhaulMode=TN_DIRECT RicControlState=TN_E2 ActiveUavRic=LOCAL_UAV_AUTONOMY NormalUeHandoverAllowed=1 UavMode=TN_CONTROLLED_COVERAGE_EXTENSION
UAV_AUTONOMY_XAPP Time=78.5 DeploymentMode=tn-uav UavIndex=1 UavCellId=6 BestDonorCellId=1 BestDonorDistanceM=110.88 XhaulConnected=1 XhaulChannelVariationDb=0 RawXhaulState=HEALTHY RawXhaulStateAgeSec=74 XhaulState=HEALTHY DonorUnavailableActive=0 SatBackhaulHealthy=0 UavSwitchingXappAvailable=0 UavSwitchingXappState=DISABLED AiPredictedBackhaulMode=RULE_BASED BackhaulMode=TN_DIRECT RicControlState=TN_E2 ActiveUavRic=LOCAL_UAV_AUTONOMY NormalUeHandoverAllowed=1 UavMode=TN_CONTROLLED_COVERAGE_EXTENSION
UAV_AUTONOMY_XAPP Time=78.5 DeploymentMode=tn-uav UavIndex=2 UavCellId=7 BestDonorCellId=1 BestDonorDistanceM=133.08 XhaulConnected=1 XhaulChannelVariationDb=0 RawXhaulState=HEALTHY RawXhaulStateAgeSec=74 XhaulState=HEALTHY DonorUnavailableActive=0 SatBackhaulHealthy=0 UavSwitchingXappAvailable=0 UavSwitchingXappState=DISABLED AiPredictedBackhaulMode=RULE_BASED BackhaulMode=TN_DIRECT RicControlState=TN_E2 ActiveUavRic=LOCAL_UAV_AUTONOMY NormalUeHandoverAllowed=1 UavMode=TN_CONTROLLED_COVERAGE_EXTENSION
---- LOAD at t=78.5 ----
  cell 1 (TN) load=17/20
  cell 2 (TN) load=18/20
  cell 3 (TN) load=19/20
  cell 4 (TN) load=14/20
  cell 5 (NTN) load=6/15
  cell 6 (NTN) load=8/15
  cell 7 (NTN) load=8/15
UE 8 TTT_WAIT target=1 elapsed=0s need=2s
UE 9 TTT_WAIT target=2 elapsed=0s need=2s
LM HO_FAIL_LOW_RSRP UE=10 currCell=3 candCell=6 candRsrp=-118.404 < min=-110
UE 11 TTT_WAIT target=4 elapsed=0s need=2s
LM HO_FAIL_LOW_RSRP UE=12 currCell=2 candCell=6 candRsrp=-115.993 < min=-110
LM HO UE=14 rnti=109 2->1 type=TN servingRsrp=-104.19 targetRsrp=-72.8287 targetLoadReal=17/20 targetLoadEff=17/20
UE 16 TTT_WAIT target=1 elapsed=0s need=2s
UE 18 TTT_WAIT target=5 elapsed=0s need=2s
UE 20 TTT_WAIT target=2 elapsed=0s need=2s
UE 21 TTT_WAIT target=2 elapsed=0s need=2s
UE 24 TTT_WAIT target=3 elapsed=0s need=2s
UE 25 TTT_WAIT target=1 elapsed=0s need=2s
UE 26 TTT_WAIT target=2 elapsed=0s need=2s
UE 28 TTT_WAIT target=4 elapsed=0s need=2s
LM HO_FAIL_LOW_RSRP UE=29 currCell=4 candCell=5 candRsrp=-116.876 < min=-110
LM HO_FAIL_LOW_RSRP UE=30 currCell=1 candCell=2 candRsrp=-111.382 < min=-110
UE 31 TTT_WAIT target=5 elapsed=0s need=2s
LM HO UE=32 rnti=151 1->3 type=TN servingRsrp=-120.043 targetRsrp=-107.364 targetLoadReal=19/20 targetLoadEff=19/20
LM HO_FAIL_LOW_RSRP UE=33 currCell=3 candCell=6 candRsrp=-117.472 < min=-110
UE 35 TTT_WAIT target=4 elapsed=0s need=2s
UE 37 TTT_WAIT target=6 elapsed=0s need=2s
UE 38 TTT_WAIT target=5 elapsed=0s need=2s
UE 40 TTT_WAIT target=7 elapsed=0s need=2s
UE 42 TTT_WAIT target=5 elapsed=0s need=2s
UE 43 TTT_WAIT target=4 elapsed=0s need=2s
UE 45 TTT_WAIT target=4 elapsed=0s need=2s
LM HO UE=46 rnti=147 1->4 type=TN servingRsrp=-118.229 targetRsrp=-107.094 targetLoadReal=14/20 targetLoadEff=14/20
UE 48 TTT_WAIT target=4 elapsed=0s need=2s
UE 49 TTT_WAIT target=6 elapsed=0s need=2s
UE 52 TTT_WAIT target=1 elapsed=0s need=2s
UE 54 TTT_WAIT target=2 elapsed=0s need=2s
UE 57 TTT_WAIT target=5 elapsed=0s need=2s
LM HO_FAIL_LOW_RSRP UE=58 currCell=4 candCell=1 candRsrp=-110.104 < min=-110
UE 59 TTT_WAIT target=2 elapsed=0s need=2s
LM HO_FAIL_LOW_RSRP UE=60 currCell=2 candCell=4 candRsrp=-116.212 < min=-110
LM HO_FAIL_LOW_RSRP UE=61 currCell=3 candCell=2 candRsrp=-113.098 < min=-110
LM HO UE=62 rnti=152 4->1 type=TN servingRsrp=-112.34 targetRsrp=-73.985 targetLoadReal=17/20 targetLoadEff=18/20
UE 64 TTT_WAIT target=1 elapsed=0s need=2s
LM HO_FAIL_LOW_RSRP UE=65 currCell=4 candCell=1 candRsrp=-111.298 < min=-110
LM HO_FAIL_LOW_RSRP UE=66 currCell=1 candCell=6 candRsrp=-112.426 < min=-110
LM HO_FAIL_LOW_RSRP UE=67 currCell=3 candCell=1 candRsrp=-113.606 < min=-110
UE 70 TTT_WAIT target=1 elapsed=0s need=2s
LM HO UE=72 rnti=68 5->2 type=TN servingRsrp=-117.676 targetRsrp=-86.5704 targetLoadReal=18/20 targetLoadEff=18/20
LM HO_FAIL_LOW_RSRP UE=76 currCell=4 candCell=1 candRsrp=-112.737 < min=-110
UE 77 TTT_WAIT target=4 elapsed=0s need=2s
LM HO_FAIL_LOW_RSRP UE=78 currCell=2 candCell=7 candRsrp=-119.204 < min=-110
UE 79 TTT_WAIT target=5 elapsed=0s need=2s
LM HO UE=81 rnti=149 6->2 type=TN servingRsrp=-116.335 targetRsrp=-108.185 targetLoadReal=18/20 targetLoadEff=19/20
UE 82 TTT_WAIT target=6 elapsed=0s need=2s
LM HO_FAIL_LOW_RSRP UE=83 currCell=3 candCell=4 candRsrp=-112.129 < min=-110
UE 84 TTT_WAIT target=7 elapsed=0s need=2s
UE 85 TTT_WAIT target=4 elapsed=0s need=2s
LM HO_FAIL_LOW_RSRP UE=86 currCell=5 candCell=6 candRsrp=-119.691 < min=-110
UE 87 TTT_WAIT target=1 elapsed=0s need=2s
LM HO_FAIL_LOW_RSRP UE=88 currCell=6 candCell=7 candRsrp=-113.449 < min=-110
LM HO_FAIL_LOW_RSRP UE=89 currCell=3 candCell=7 candRsrp=-120.844 < min=-110
UE 90 TTT_WAIT target=7 elapsed=0s need=2s
LM HO_FAIL_LOW_RSRP UE=93 currCell=1 candCell=6 candRsrp=-117.934 < min=-110
LM HO_FAIL_LOW_RSRP UE=94 currCell=4 candCell=1 candRsrp=-113.348 < min=-110
LM HO_FAIL_LOW_RSRP UE=96 currCell=2 candCell=6 candRsrp=-117.424 < min=-110
LM HO UE=97 rnti=105 3->4 type=TN servingRsrp=-120.791 targetRsrp=-109.372 targetLoadReal=14/20 targetLoadEff=15/20
TRACE HO_SUCCESS Time=78.6151 IMSI=13 TargetCell=1 Type=TN TargetRSRP=-105.776 ServingRSRP=-97.1786 BackhaulDlSnr=-999 BackhaulUlSnr=-999
TRACE HO_SUCCESS Time=78.6151 IMSI=61 TargetCell=1 Type=TN TargetRSRP=-111.551 ServingRSRP=-99.8125 BackhaulDlSnr=-999 BackhaulUlSnr=-999
TRACE HO_SUCCESS Time=78.6151 IMSI=71 TargetCell=2 Type=TN TargetRSRP=-118.896 ServingRSRP=-117.835 BackhaulDlSnr=-999 BackhaulUlSnr=-999
TRACE HO_SUCCESS Time=78.6151 IMSI=80 TargetCell=2 Type=TN TargetRSRP=-120.36 ServingRSRP=-94.3 BackhaulDlSnr=-999 BackhaulUlSnr=-999
TRACE HO_SUCCESS Time=78.6151 IMSI=31 TargetCell=3 Type=TN TargetRSRP=-109.437 ServingRSRP=-114.623 BackhaulDlSnr=-999 BackhaulUlSnr=-999
TRACE HO_SUCCESS Time=78.6151 IMSI=45 TargetCell=4 Type=TN TargetRSRP=-111.909 ServingRSRP=-109.013 BackhaulDlSnr=-999 BackhaulUlSnr=-999
TRACE HO_SUCCESS Time=78.6151 IMSI=96 TargetCell=4 Type=TN TargetRSRP=-119.98 ServingRSRP=-83.1413 BackhaulDlSnr=-999 BackhaulUlSnr=-999
UAV_AUTONOMY_XAPP Time=80.5 DeploymentMode=tn-uav UavIndex=0 UavCellId=5 BestDonorCellId=1 BestDonorDistanceM=143.511 XhaulConnected=1 XhaulChannelVariationDb=0 RawXhaulState=HEALTHY RawXhaulStateAgeSec=76 XhaulState=HEALTHY DonorUnavailableActive=0 SatBackhaulHealthy=0 UavSwitchingXappAvailable=0 UavSwitchingXappState=DISABLED AiPredictedBackhaulMode=RULE_BASED BackhaulMode=TN_DIRECT RicControlState=TN_E2 ActiveUavRic=LOCAL_UAV_AUTONOMY NormalUeHandoverAllowed=1 UavMode=TN_CONTROLLED_COVERAGE_EXTENSION
UAV_AUTONOMY_XAPP Time=80.5 DeploymentMode=tn-uav UavIndex=1 UavCellId=6 BestDonorCellId=1 BestDonorDistanceM=110.88 XhaulConnected=1 XhaulChannelVariationDb=0 RawXhaulState=HEALTHY RawXhaulStateAgeSec=76 XhaulState=HEALTHY DonorUnavailableActive=0 SatBackhaulHealthy=0 UavSwitchingXappAvailable=0 UavSwitchingXappState=DISABLED AiPredictedBackhaulMode=RULE_BASED BackhaulMode=TN_DIRECT RicControlState=TN_E2 ActiveUavRic=LOCAL_UAV_AUTONOMY NormalUeHandoverAllowed=1 UavMode=TN_CONTROLLED_COVERAGE_EXTENSION
UAV_AUTONOMY_XAPP Time=80.5 DeploymentMode=tn-uav UavIndex=2 UavCellId=7 BestDonorCellId=1 BestDonorDistanceM=133.08 XhaulConnected=1 XhaulChannelVariationDb=0 RawXhaulState=HEALTHY RawXhaulStateAgeSec=76 XhaulState=HEALTHY DonorUnavailableActive=0 SatBackhaulHealthy=0 UavSwitchingXappAvailable=0 UavSwitchingXappState=DISABLED AiPredictedBackhaulMode=RULE_BASED BackhaulMode=TN_DIRECT RicControlState=TN_E2 ActiveUavRic=LOCAL_UAV_AUTONOMY NormalUeHandoverAllowed=1 UavMode=TN_CONTROLLED_COVERAGE_EXTENSION
---- LOAD at t=80.5 ----
  cell 1 (TN) load=17/20
  cell 2 (TN) load=19/20
  cell 3 (TN) load=19/20
  cell 4 (TN) load=15/20
  cell 5 (NTN) load=5/15
  cell 6 (NTN) load=7/15
  cell 7 (NTN) load=8/15
UE 8 TTT_WAIT target=6 elapsed=0s need=2s
LM HO UE=9 rnti=146 1->2 type=TN servingRsrp=-113.543 targetRsrp=-109.015 targetLoadReal=19/20 targetLoadEff=19/20
LM HO_FAIL_LOW_RSRP UE=10 currCell=3 candCell=5 candRsrp=-117.313 < min=-110
UE 11 TTT_WAIT target=3 elapsed=0s need=2s
LM HO_FAIL_LOW_RSRP UE=12 currCell=2 candCell=6 candRsrp=-114.954 < min=-110
UE 14 TTT_WAIT target=6 elapsed=0s need=2s
UE 15 TTT_WAIT target=4 elapsed=0s need=2s
LM HO_FAIL_LOW_RSRP UE=16 currCell=7 candCell=5 candRsrp=-110.868 < min=-110
UE 18 TTT_WAIT target=3 elapsed=0s need=2s
UE 19 TTT_WAIT target=4 elapsed=0s need=2s
LM HO_FAIL_LOW_RSRP UE=20 currCell=4 candCell=1 candRsrp=-118.569 < min=-110
LM HO_FAIL_LOW_RSRP UE=21 currCell=1 candCell=6 candRsrp=-112.521 < min=-110
UE 22 TTT_WAIT target=7 elapsed=0s need=2s
UE 23 TTT_WAIT target=6 elapsed=0s need=2s
LM HO_FAIL_LOW_RSRP UE=24 currCell=2 candCell=4 candRsrp=-117.088 < min=-110
UE 28 TTT_WAIT target=1 elapsed=0s need=2s
LM HO_FAIL_LOW_RSRP UE=29 currCell=4 candCell=6 candRsrp=-115.74 < min=-110
LM HO_FAIL_LOW_RSRP UE=30 currCell=1 candCell=5 candRsrp=-116.524 < min=-110
UE 32 TTT_WAIT target=6 elapsed=0s need=2s
UE 33 TTT_WAIT target=1 elapsed=0s need=2s
LM HO_FAIL_LOW_RSRP UE=34 currCell=2 candCell=5 candRsrp=-116.86 < min=-110
UE 35 TTT_WAIT target=3 elapsed=0s need=2s
UE 38 TTT_WAIT target=3 elapsed=0s need=2s
UE 39 TTT_WAIT target=7 elapsed=0s need=2s
UE 40 TTT_WAIT target=1 elapsed=0s need=2s
LM HO UE=42 rnti=131 1->5 type=NTN servingRsrp=-113.921 targetRsrp=-80.9105 targetLoadReal=5/15 targetLoadEff=5/15
LM HO_FAIL_LOW_RSRP UE=43 currCell=2 candCell=5 candRsrp=-111.434 < min=-110
UE 45 TTT_WAIT target=1 elapsed=0s need=2s
UE 47 TTT_WAIT target=3 elapsed=0s need=2s
LM HO UE=48 rnti=130 3->4 type=TN servingRsrp=-110.823 targetRsrp=-96.6734 targetLoadReal=15/20 targetLoadEff=15/20
LM HO_FAIL_LOW_RSRP UE=49 currCell=5 candCell=6 candRsrp=-117.475 < min=-110
UE 53 TTT_WAIT target=3 elapsed=0s need=2s
UE 54 TTT_WAIT target=4 elapsed=0s need=2s
UE 55 TTT_WAIT target=7 elapsed=0s need=2s
UE 56 TTT_WAIT target=4 elapsed=0s need=2s
LM HO UE=57 rnti=76 7->5 type=NTN servingRsrp=-106.861 targetRsrp=-78.7866 targetLoadReal=5/15 targetLoadEff=6/15
UE 59 TTT_WAIT target=7 elapsed=0s need=2s
LM HO_FAIL_LOW_RSRP UE=60 currCell=2 candCell=3 candRsrp=-110.961 < min=-110
UE 61 TTT_WAIT target=4 elapsed=0s need=2s
UE 62 TTT_WAIT target=5 elapsed=0s need=2s
LM HO_FAIL_LOW_RSRP UE=65 currCell=4 candCell=6 candRsrp=-117.188 < min=-110
LM HO_FAIL_LOW_RSRP UE=66 currCell=1 candCell=4 candRsrp=-111.447 < min=-110
LM HO_FAIL_LOW_RSRP UE=67 currCell=3 candCell=1 candRsrp=-115.007 < min=-110
UE 68 TTT_WAIT target=3 elapsed=0s need=2s
LM HO_FAIL_LOW_RSRP UE=69 currCell=2 candCell=6 candRsrp=-114.121 < min=-110
LM HO_FAIL_LOW_RSRP UE=70 currCell=2 candCell=7 candRsrp=-115.469 < min=-110
UE 71 TTT_WAIT target=7 elapsed=0s need=2s
LM HO_FAIL_LOW_RSRP UE=72 currCell=2 candCell=6 candRsrp=-118.388 < min=-110
LM HO_FAIL_LOW_RSRP UE=73 currCell=7 candCell=6 candRsrp=-114.207 < min=-110
UE 74 TTT_WAIT target=7 elapsed=0s need=2s
LM HO_FAIL_LOW_RSRP UE=76 currCell=4 candCell=3 candRsrp=-116.009 < min=-110
LM HO_FAIL_LOW_RSRP UE=77 currCell=1 candCell=3 candRsrp=-112.339 < min=-110
LM HO_FAIL_LOW_RSRP UE=78 currCell=2 candCell=1 candRsrp=-110.681 < min=-110
UE 79 TTT_WAIT target=3 elapsed=0s need=2s
LM HO_FAIL_LOW_RSRP UE=80 currCell=6 candCell=5 candRsrp=-115.548 < min=-110
LM HO_FAIL_LOW_RSRP UE=81 currCell=2 candCell=7 candRsrp=-118.85 < min=-110
LM HO_FAIL_LOW_RSRP UE=83 currCell=3 candCell=4 candRsrp=-110.932 < min=-110
UE 84 TTT_WAIT target=3 elapsed=0s need=2s
LM HO_FAIL_LOW_RSRP UE=85 currCell=3 candCell=1 candRsrp=-112.482 < min=-110
LM HO_FAIL_LOW_RSRP UE=86 currCell=5 candCell=6 candRsrp=-118.458 < min=-110
UE 87 TTT_WAIT target=4 elapsed=0s need=2s
UE 88 TTT_WAIT target=1 elapsed=0s need=2s
UE 89 TTT_WAIT target=1 elapsed=0s need=2s
LM HO_FAIL_LOW_RSRP UE=90 currCell=1 candCell=7 candRsrp=-119.714 < min=-110
LM HO_FAIL_LOW_RSRP UE=91 currCell=6 candCell=7 candRsrp=-114.728 < min=-110
LM HO_FAIL_LOW_RSRP UE=93 currCell=1 candCell=3 candRsrp=-118.218 < min=-110
UE 94 TTT_WAIT target=7 elapsed=0s need=2s
UE 95 TTT_WAIT target=6 elapsed=0s need=2s
UE 96 TTT_WAIT target=4 elapsed=0s need=2s
LM HO_FAIL_LOW_RSRP UE=97 currCell=4 candCell=3 candRsrp=-113.735 < min=-110
TRACE HO_SUCCESS Time=80.6151 IMSI=8 TargetCell=2 Type=TN TargetRSRP=-113.266 ServingRSRP=-107.873 BackhaulDlSnr=-999 BackhaulUlSnr=-999
TRACE HO_SUCCESS Time=80.6151 IMSI=47 TargetCell=4 Type=TN TargetRSRP=-111.776 ServingRSRP=-114.255 BackhaulDlSnr=-999 BackhaulUlSnr=-999
TRACE HO_SUCCESS Time=80.6151 IMSI=41 TargetCell=5 Type=NTN TargetRSRP=-111.728 ServingRSRP=-111.654 BackhaulDlSnr=-999 BackhaulUlSnr=-999
TRACE HO_SUCCESS Time=80.6151 IMSI=56 TargetCell=5 Type=NTN TargetRSRP=-117.413 ServingRSRP=-76.5128 BackhaulDlSnr=-999 BackhaulUlSnr=-999
UAV_AUTONOMY_XAPP Time=82.5 DeploymentMode=tn-uav UavIndex=0 UavCellId=5 BestDonorCellId=1 BestDonorDistanceM=143.511 XhaulConnected=1 XhaulChannelVariationDb=0 RawXhaulState=HEALTHY RawXhaulStateAgeSec=78 XhaulState=HEALTHY DonorUnavailableActive=0 SatBackhaulHealthy=0 UavSwitchingXappAvailable=0 UavSwitchingXappState=DISABLED AiPredictedBackhaulMode=RULE_BASED BackhaulMode=TN_DIRECT RicControlState=TN_E2 ActiveUavRic=LOCAL_UAV_AUTONOMY NormalUeHandoverAllowed=1 UavMode=TN_CONTROLLED_COVERAGE_EXTENSION
UAV_AUTONOMY_XAPP Time=82.5 DeploymentMode=tn-uav UavIndex=1 UavCellId=6 BestDonorCellId=1 BestDonorDistanceM=110.88 XhaulConnected=1 XhaulChannelVariationDb=0 RawXhaulState=HEALTHY RawXhaulStateAgeSec=78 XhaulState=HEALTHY DonorUnavailableActive=0 SatBackhaulHealthy=0 UavSwitchingXappAvailable=0 UavSwitchingXappState=DISABLED AiPredictedBackhaulMode=RULE_BASED BackhaulMode=TN_DIRECT RicControlState=TN_E2 ActiveUavRic=LOCAL_UAV_AUTONOMY NormalUeHandoverAllowed=1 UavMode=TN_CONTROLLED_COVERAGE_EXTENSION
UAV_AUTONOMY_XAPP Time=82.5 DeploymentMode=tn-uav UavIndex=2 UavCellId=7 BestDonorCellId=1 BestDonorDistanceM=133.08 XhaulConnected=1 XhaulChannelVariationDb=0 RawXhaulState=HEALTHY RawXhaulStateAgeSec=78 XhaulState=HEALTHY DonorUnavailableActive=0 SatBackhaulHealthy=0 UavSwitchingXappAvailable=0 UavSwitchingXappState=DISABLED AiPredictedBackhaulMode=RULE_BASED BackhaulMode=TN_DIRECT RicControlState=TN_E2 ActiveUavRic=LOCAL_UAV_AUTONOMY NormalUeHandoverAllowed=1 UavMode=TN_CONTROLLED_COVERAGE_EXTENSION
---- LOAD at t=82.5 ----
  cell 1 (TN) load=15/20
  cell 2 (TN) load=20/20
  cell 3 (TN) load=18/20
  cell 4 (TN) load=16/20
  cell 5 (NTN) load=7/15
  cell 6 (NTN) load=7/15
  cell 7 (NTN) load=7/15
UE 8 TTT_WAIT target=3 elapsed=0s need=2s
UE 9 TTT_WAIT target=7 elapsed=0s need=2s
LM HO_FAIL_LOW_RSRP UE=10 currCell=3 candCell=5 candRsrp=-122.185 < min=-110
LM HO_FAIL_LOW_RSRP UE=12 currCell=2 candCell=6 candRsrp=-115.056 < min=-110
UE 15 TTT_WAIT target=5 elapsed=0s need=2s
LM HO_FAIL_LOW_RSRP UE=16 currCell=7 candCell=5 candRsrp=-110.777 < min=-110
UE 17 TTT_WAIT target=1 elapsed=0s need=2s
UE 18 TTT_WAIT target=7 elapsed=0s need=2s
LM HO UE=19 rnti=140 3->4 type=TN servingRsrp=-109.814 targetRsrp=-107.298 targetLoadReal=16/20 targetLoadEff=16/20
UE 20 TTT_WAIT target=3 elapsed=0s need=2s
UE 21 TTT_WAIT target=4 elapsed=0s need=2s
LM HO UE=22 rnti=114 1->7 type=NTN servingRsrp=-107.768 targetRsrp=-88.2821 targetLoadReal=7/15 targetLoadEff=7/15
UE 23 TTT_WAIT target=1 elapsed=0s need=2s
LM HO_FAIL_LOW_RSRP UE=24 currCell=2 candCell=4 candRsrp=-117.11 < min=-110
LM HO_FAIL_LOW_RSRP UE=27 currCell=4 candCell=1 candRsrp=-112.669 < min=-110
LM HO_FAIL_LOW_RSRP UE=28 currCell=3 candCell=6 candRsrp=-116.4 < min=-110
LM HO_FAIL_LOW_RSRP UE=30 currCell=1 candCell=6 candRsrp=-116.886 < min=-110
UE 31 TTT_WAIT target=5 elapsed=0s need=2s
UE 34 TTT_WAIT target=1 elapsed=0s need=2s
UE 35 TTT_WAIT target=5 elapsed=0s need=2s
UE 37 TTT_WAIT target=1 elapsed=0s need=2s
UE 38 TTT_WAIT target=4 elapsed=0s need=2s
LM HO_FAIL_LOW_RSRP UE=39 currCell=2 candCell=5 candRsrp=-118.799 < min=-110
UE 40 TTT_WAIT target=7 elapsed=0s need=2s
UE 41 TTT_WAIT target=7 elapsed=0s need=2s
UE 43 TTT_WAIT target=5 elapsed=0s need=2s
UE 44 TTT_WAIT target=4 elapsed=0s need=2s
UE 45 TTT_WAIT target=3 elapsed=0s need=2s
UE 46 TTT_WAIT target=5 elapsed=0s need=2s
LM HO_FAIL_LOW_RSRP UE=47 currCell=4 candCell=6 candRsrp=-115.435 < min=-110
UE 48 TTT_WAIT target=7 elapsed=0s need=2s
UE 49 TTT_WAIT target=1 elapsed=0s need=2s
UE 51 TTT_WAIT target=7 elapsed=0s need=2s
UE 53 TTT_WAIT target=7 elapsed=0s need=2s
LM HO UE=54 rnti=62 5->4 type=TN servingRsrp=-109.653 targetRsrp=-96.1499 targetLoadReal=16/20 targetLoadEff=17/20
LM HO UE=56 rnti=95 3->4 type=TN servingRsrp=-113.57 targetRsrp=-105.66 targetLoadReal=16/20 targetLoadEff=18/20
UE 57 TTT_WAIT target=7 elapsed=0s need=2s
UE 58 TTT_WAIT target=3 elapsed=0s need=2s
LM HO_FAIL_LOW_RSRP UE=59 currCell=1 candCell=7 candRsrp=-119.296 < min=-110
LM HO_FAIL_LOW_RSRP UE=60 currCell=2 candCell=3 candRsrp=-116.809 < min=-110
LM HO_FAIL_LOW_RSRP UE=61 currCell=3 candCell=5 candRsrp=-122.103 < min=-110
UE 64 TTT_WAIT target=1 elapsed=0s need=2s
UE 65 TTT_WAIT target=3 elapsed=0s need=2s
LM HO_FAIL_LOW_RSRP UE=66 currCell=1 candCell=4 candRsrp=-113.898 < min=-110
LM HO_FAIL_LOW_RSRP UE=67 currCell=3 candCell=5 candRsrp=-115.58 < min=-110
UE 69 TTT_WAIT target=5 elapsed=0s need=2s
LM HO_FAIL_LOW_RSRP UE=70 currCell=2 candCell=1 candRsrp=-112.949 < min=-110
UE 71 TTT_WAIT target=4 elapsed=0s need=2s
UE 72 TTT_WAIT target=1 elapsed=0s need=2s
LM HO_FAIL_LOW_RSRP UE=73 currCell=7 candCell=5 candRsrp=-114.977 < min=-110
LM HO_FAIL_LOW_RSRP UE=74 currCell=3 candCell=5 candRsrp=-121.421 < min=-110
LM HO_FAIL_LOW_RSRP UE=76 currCell=4 candCell=1 candRsrp=-116.57 < min=-110
UE 77 TTT_WAIT target=4 elapsed=0s need=2s
LM HO_FAIL_LOW_RSRP UE=78 currCell=2 candCell=6 candRsrp=-118.557 < min=-110
UE 80 TTT_WAIT target=3 elapsed=0s need=2s
LM HO_FAIL_LOW_RSRP UE=81 currCell=2 candCell=6 candRsrp=-116.614 < min=-110
UE 82 TTT_WAIT target=1 elapsed=0s need=2s
UE 83 TTT_WAIT target=1 elapsed=0s need=2s
LM HO_FAIL_LOW_RSRP UE=85 currCell=3 candCell=1 candRsrp=-112.752 < min=-110
LM HO_FAIL_LOW_RSRP UE=86 currCell=5 candCell=6 candRsrp=-118.439 < min=-110
UE 87 TTT_WAIT target=7 elapsed=0s need=2s
LM HO UE=88 rnti=179 6->1 type=TN servingRsrp=-117.83 targetRsrp=-96.1594 targetLoadReal=15/20 targetLoadEff=15/20
LM HO_FAIL_LOW_RSRP UE=90 currCell=1 candCell=6 candRsrp=-116.863 < min=-110
UE 91 TTT_WAIT target=5 elapsed=0s need=2s
UE 92 TTT_WAIT target=4 elapsed=0s need=2s
LM HO_FAIL_LOW_RSRP UE=93 currCell=1 candCell=6 candRsrp=-119.369 < min=-110
LM HO_FAIL_LOW_RSRP UE=94 currCell=4 candCell=1 candRsrp=-112.643 < min=-110
LM HO_FAIL_LOW_RSRP UE=95 currCell=7 candCell=5 candRsrp=-117.817 < min=-110
LM HO_FAIL_LOW_RSRP UE=96 currCell=2 candCell=6 candRsrp=-117.797 < min=-110
LM HO_FAIL_LOW_RSRP UE=97 currCell=4 candCell=5 candRsrp=-116.853 < min=-110
TRACE HO_SUCCESS Time=82.6151 IMSI=87 TargetCell=1 Type=TN TargetRSRP=-118.587 ServingRSRP=-92.861 BackhaulDlSnr=-999 BackhaulUlSnr=-999
TRACE HO_SUCCESS Time=82.6151 IMSI=55 TargetCell=4 Type=TN TargetRSRP=-109.213 ServingRSRP=-108.986 BackhaulDlSnr=-999 BackhaulUlSnr=-999
TRACE HO_SUCCESS Time=82.6151 IMSI=18 TargetCell=4 Type=TN TargetRSRP=-108.646 ServingRSRP=-113.335 BackhaulDlSnr=-999 BackhaulUlSnr=-999
TRACE HO_SUCCESS Time=82.6151 IMSI=53 TargetCell=4 Type=TN TargetRSRP=-119.551 ServingRSRP=-94.5056 BackhaulDlSnr=-999 BackhaulUlSnr=-999
TRACE HO_SUCCESS Time=82.6151 IMSI=21 TargetCell=7 Type=NTN TargetRSRP=-114.687 ServingRSRP=-109.705 BackhaulDlSnr=-999 BackhaulUlSnr=-999
UAV_AUTONOMY_XAPP Time=84.5 DeploymentMode=tn-uav UavIndex=0 UavCellId=5 BestDonorCellId=1 BestDonorDistanceM=143.511 XhaulConnected=1 XhaulChannelVariationDb=0 RawXhaulState=HEALTHY RawXhaulStateAgeSec=80 XhaulState=HEALTHY DonorUnavailableActive=0 SatBackhaulHealthy=0 UavSwitchingXappAvailable=0 UavSwitchingXappState=DISABLED AiPredictedBackhaulMode=RULE_BASED BackhaulMode=TN_DIRECT RicControlState=TN_E2 ActiveUavRic=LOCAL_UAV_AUTONOMY NormalUeHandoverAllowed=1 UavMode=TN_CONTROLLED_COVERAGE_EXTENSION
UAV_AUTONOMY_XAPP Time=84.5 DeploymentMode=tn-uav UavIndex=1 UavCellId=6 BestDonorCellId=1 BestDonorDistanceM=110.88 XhaulConnected=1 XhaulChannelVariationDb=0 RawXhaulState=HEALTHY RawXhaulStateAgeSec=80 XhaulState=HEALTHY DonorUnavailableActive=0 SatBackhaulHealthy=0 UavSwitchingXappAvailable=0 UavSwitchingXappState=DISABLED AiPredictedBackhaulMode=RULE_BASED BackhaulMode=TN_DIRECT RicControlState=TN_E2 ActiveUavRic=LOCAL_UAV_AUTONOMY NormalUeHandoverAllowed=1 UavMode=TN_CONTROLLED_COVERAGE_EXTENSION
UAV_AUTONOMY_XAPP Time=84.5 DeploymentMode=tn-uav UavIndex=2 UavCellId=7 BestDonorCellId=1 BestDonorDistanceM=133.08 XhaulConnected=1 XhaulChannelVariationDb=0 RawXhaulState=HEALTHY RawXhaulStateAgeSec=80 XhaulState=HEALTHY DonorUnavailableActive=0 SatBackhaulHealthy=0 UavSwitchingXappAvailable=0 UavSwitchingXappState=DISABLED AiPredictedBackhaulMode=RULE_BASED BackhaulMode=TN_DIRECT RicControlState=TN_E2 ActiveUavRic=LOCAL_UAV_AUTONOMY NormalUeHandoverAllowed=1 UavMode=TN_CONTROLLED_COVERAGE_EXTENSION
---- LOAD at t=84.5 ----
  cell 1 (TN) load=15/20
  cell 2 (TN) load=20/20
  cell 3 (TN) load=16/20
  cell 4 (TN) load=19/20
  cell 5 (NTN) load=6/15
  cell 6 (NTN) load=6/15
  cell 7 (NTN) load=8/15
LM HO_FAIL_LOW_RSRP UE=8 currCell=4 candCell=5 candRsrp=-112.316 < min=-110
LM HO_FAIL_LOW_RSRP UE=9 currCell=2 candCell=7 candRsrp=-113.311 < min=-110
LM HO_FAIL_LOW_RSRP UE=10 currCell=3 candCell=6 candRsrp=-116.21 < min=-110
UE 11 TTT_WAIT target=4 elapsed=0s need=2s
UE 12 TTT_WAIT target=1 elapsed=0s need=2s
UE 14 TTT_WAIT target=5 elapsed=0s need=2s
UE 15 TTT_WAIT target=4 elapsed=0s need=2s
UE 18 TTT_WAIT target=3 elapsed=0s need=2s
UE 19 TTT_WAIT target=3 elapsed=0s need=2s
LM HO UE=20 rnti=145 4->3 type=TN servingRsrp=-125.213 targetRsrp=-104.476 targetLoadReal=16/20 targetLoadEff=16/20
LM HO_FAIL_LOW_RSRP UE=21 currCell=1 candCell=6 candRsrp=-114.389 < min=-110
UE 22 TTT_WAIT target=4 elapsed=0s need=2s
LM HO UE=23 rnti=77 7->1 type=TN servingRsrp=-110.232 targetRsrp=-82.9248 targetLoadReal=15/20 targetLoadEff=15/20
LM HO_FAIL_LOW_RSRP UE=24 currCell=2 candCell=4 candRsrp=-117.565 < min=-110
UE 26 TTT_WAIT target=4 elapsed=0s need=2s
UE 27 TTT_WAIT target=1 elapsed=0s need=2s
LM HO_FAIL_LOW_RSRP UE=29 currCell=4 candCell=6 candRsrp=-120.386 < min=-110
UE 30 TTT_WAIT target=3 elapsed=0s need=2s
LM HO_FAIL_LOW_RSRP UE=33 currCell=3 candCell=4 candRsrp=-113.344 < min=-110
LM HO UE=34 rnti=127 2->1 type=TN servingRsrp=-116.176 targetRsrp=-107.513 targetLoadReal=15/20 targetLoadEff=16/20
UE 35 TTT_WAIT target=4 elapsed=0s need=2s
UE 37 TTT_WAIT target=4 elapsed=0s need=2s
LM HO_FAIL_LOW_RSRP UE=38 currCell=7 candCell=5 candRsrp=-111.107 < min=-110
LM HO_FAIL_LOW_RSRP UE=39 currCell=2 candCell=7 candRsrp=-122.16 < min=-110
UE 40 TTT_WAIT target=1 elapsed=0s need=2s
LM HO UE=41 rnti=123 3->7 type=NTN servingRsrp=-105.677 targetRsrp=-78.4201 targetLoadReal=8/15 targetLoadEff=8/15
LM HO_FAIL_LOW_RSRP UE=42 currCell=5 candCell=7 candRsrp=-112.28 < min=-110
LM HO_FAIL_LOW_RSRP UE=43 currCell=2 candCell=5 candRsrp=-114.152 < min=-110
UE 46 TTT_WAIT target=6 elapsed=0s need=2s
UE 47 TTT_WAIT target=3 elapsed=0s need=2s
LM HO_FAIL_LOW_RSRP UE=48 currCell=4 candCell=6 candRsrp=-115.562 < min=-110
UE 51 TTT_WAIT target=4 elapsed=0s need=2s
UE 52 TTT_WAIT target=5 elapsed=0s need=2s
LM HO UE=53 rnti=153 4->7 type=NTN servingRsrp=-112.255 targetRsrp=-109.78 targetLoadReal=8/15 targetLoadEff=9/15
UE 55 TTT_WAIT target=7 elapsed=0s need=2s
LM HO_FAIL_LOW_RSRP UE=56 currCell=4 candCell=7 candRsrp=-113.931 < min=-110
UE 57 TTT_WAIT target=1 elapsed=0s need=2s
UE 58 TTT_WAIT target=6 elapsed=0s need=2s
UE 59 TTT_WAIT target=5 elapsed=0s need=2s
LM HO_FAIL_LOW_RSRP UE=61 currCell=3 candCell=6 candRsrp=-120.878 < min=-110
UE 63 TTT_WAIT target=1 elapsed=0s need=2s
UE 64 TTT_WAIT target=4 elapsed=0s need=2s
LM HO_FAIL_LOW_RSRP UE=65 currCell=4 candCell=7 candRsrp=-116.362 < min=-110
LM HO_FAIL_LOW_RSRP UE=67 currCell=3 candCell=5 candRsrp=-113.026 < min=-110
UE 69 TTT_WAIT target=4 elapsed=0s need=2s
LM HO_FAIL_LOW_RSRP UE=70 currCell=2 candCell=1 candRsrp=-110.865 < min=-110
UE 71 TTT_WAIT target=1 elapsed=0s need=2s
UE 72 TTT_WAIT target=5 elapsed=0s need=2s
LM HO_FAIL_LOW_RSRP UE=73 currCell=7 candCell=6 candRsrp=-114.992 < min=-110
LM HO_FAIL_LOW_RSRP UE=74 currCell=3 candCell=6 candRsrp=-116.886 < min=-110
UE 76 TTT_WAIT target=1 elapsed=0s need=2s
LM HO_FAIL_LOW_RSRP UE=77 currCell=1 candCell=4 candRsrp=-112.472 < min=-110
UE 79 TTT_WAIT target=4 elapsed=0s need=2s
UE 81 TTT_WAIT target=3 elapsed=0s need=2s
LM HO_FAIL_LOW_RSRP UE=83 currCell=3 candCell=6 candRsrp=-115.498 < min=-110
LM HO_FAIL_LOW_RSRP UE=84 currCell=1 candCell=6 candRsrp=-114.972 < min=-110
LM HO_FAIL_LOW_RSRP UE=85 currCell=3 candCell=1 candRsrp=-114.104 < min=-110
LM HO_FAIL_LOW_RSRP UE=86 currCell=5 candCell=7 candRsrp=-117.866 < min=-110
UE 87 TTT_WAIT target=6 elapsed=0s need=2s
UE 88 TTT_WAIT target=5 elapsed=0s need=2s
LM HO_FAIL_LOW_RSRP UE=89 currCell=3 candCell=4 candRsrp=-115.027 < min=-110
LM HO_FAIL_LOW_RSRP UE=90 currCell=1 candCell=6 candRsrp=-119.448 < min=-110
LM HO_FAIL_LOW_RSRP UE=91 currCell=6 candCell=7 candRsrp=-115.381 < min=-110
LM HO_FAIL_LOW_RSRP UE=92 currCell=6 candCell=5 candRsrp=-120.485 < min=-110
LM HO_FAIL_LOW_RSRP UE=93 currCell=1 candCell=4 candRsrp=-116.785 < min=-110
LM HO_FAIL_LOW_RSRP UE=94 currCell=4 candCell=1 candRsrp=-112.009 < min=-110
UE 96 TTT_WAIT target=3 elapsed=0s need=2s
LM HO_FAIL_LOW_RSRP UE=97 currCell=4 candCell=6 candRsrp=-118.784 < min=-110
TRACE HO_SUCCESS Time=84.6151 IMSI=33 TargetCell=1 Type=TN TargetRSRP=-121.808 ServingRSRP=-114.365 BackhaulDlSnr=-999 BackhaulUlSnr=-999
TRACE HO_SUCCESS Time=84.6151 IMSI=22 TargetCell=1 Type=TN TargetRSRP=-102.086 ServingRSRP=-110.403 BackhaulDlSnr=-999 BackhaulUlSnr=-999
TRACE HO_SUCCESS Time=84.6151 IMSI=19 TargetCell=3 Type=TN TargetRSRP=-123.624 ServingRSRP=-93.8896 BackhaulDlSnr=-999 BackhaulUlSnr=-999
TRACE HO_SUCCESS Time=84.6151 IMSI=40 TargetCell=7 Type=NTN TargetRSRP=-117.46 ServingRSRP=-95.4795 BackhaulDlSnr=-999 BackhaulUlSnr=-999
TRACE HO_SUCCESS Time=84.6151 IMSI=52 TargetCell=7 Type=NTN TargetRSRP=-111.214 ServingRSRP=-78.9188 BackhaulDlSnr=-999 BackhaulUlSnr=-999
UAV_AUTONOMY_XAPP Time=86.5 DeploymentMode=tn-uav UavIndex=0 UavCellId=5 BestDonorCellId=1 BestDonorDistanceM=143.511 XhaulConnected=1 XhaulChannelVariationDb=0 RawXhaulState=HEALTHY RawXhaulStateAgeSec=82 XhaulState=HEALTHY DonorUnavailableActive=0 SatBackhaulHealthy=0 UavSwitchingXappAvailable=0 UavSwitchingXappState=DISABLED AiPredictedBackhaulMode=RULE_BASED BackhaulMode=TN_DIRECT RicControlState=TN_E2 ActiveUavRic=LOCAL_UAV_AUTONOMY NormalUeHandoverAllowed=1 UavMode=TN_CONTROLLED_COVERAGE_EXTENSION
UAV_AUTONOMY_XAPP Time=86.5 DeploymentMode=tn-uav UavIndex=1 UavCellId=6 BestDonorCellId=1 BestDonorDistanceM=110.88 XhaulConnected=1 XhaulChannelVariationDb=0 RawXhaulState=HEALTHY RawXhaulStateAgeSec=82 XhaulState=HEALTHY DonorUnavailableActive=0 SatBackhaulHealthy=0 UavSwitchingXappAvailable=0 UavSwitchingXappState=DISABLED AiPredictedBackhaulMode=RULE_BASED BackhaulMode=TN_DIRECT RicControlState=TN_E2 ActiveUavRic=LOCAL_UAV_AUTONOMY NormalUeHandoverAllowed=1 UavMode=TN_CONTROLLED_COVERAGE_EXTENSION
UAV_AUTONOMY_XAPP Time=86.5 DeploymentMode=tn-uav UavIndex=2 UavCellId=7 BestDonorCellId=1 BestDonorDistanceM=133.08 XhaulConnected=1 XhaulChannelVariationDb=0 RawXhaulState=HEALTHY RawXhaulStateAgeSec=82 XhaulState=HEALTHY DonorUnavailableActive=0 SatBackhaulHealthy=0 UavSwitchingXappAvailable=0 UavSwitchingXappState=DISABLED AiPredictedBackhaulMode=RULE_BASED BackhaulMode=TN_DIRECT RicControlState=TN_E2 ActiveUavRic=LOCAL_UAV_AUTONOMY NormalUeHandoverAllowed=1 UavMode=TN_CONTROLLED_COVERAGE_EXTENSION
---- LOAD at t=86.5 ----
  cell 1 (TN) load=17/20
  cell 2 (TN) load=19/20
  cell 3 (TN) load=16/20
  cell 4 (TN) load=17/20
  cell 5 (NTN) load=6/15
  cell 6 (NTN) load=6/15
  cell 7 (NTN) load=9/15
UE 8 TTT_WAIT target=5 elapsed=0s need=2s
UE 9 TTT_WAIT target=5 elapsed=0s need=2s
UE 10 TTT_WAIT target=6 elapsed=0s need=2s
LM HO_FAIL_LOW_RSRP UE=11 currCell=1 candCell=2 candRsrp=-113.569 < min=-110
UE 12 TTT_WAIT target=4 elapsed=0s need=2s
LM HO_FAIL_LOW_RSRP UE=14 currCell=1 candCell=7 candRsrp=-115.027 < min=-110
LM HO_FAIL_LOW_RSRP UE=15 currCell=1 candCell=4 candRsrp=-110.803 < min=-110
UE 16 TTT_WAIT target=1 elapsed=0s need=2s
UE 17 TTT_WAIT target=6 elapsed=0s need=2s
LM HO_FAIL_LOW_RSRP UE=18 currCell=4 candCell=5 candRsrp=-112.656 < min=-110
LM HO UE=19 rnti=157 4->3 type=TN servingRsrp=-112.988 targetRsrp=-78.2617 targetLoadReal=16/20 targetLoadEff=16/20
UE 20 TTT_WAIT target=2 elapsed=0s need=2s
UE 21 TTT_WAIT target=5 elapsed=0s need=2s
LM HO UE=22 rnti=79 7->4 type=TN servingRsrp=-108.64 targetRsrp=-81.829 targetLoadReal=17/20 targetLoadEff=17/20
UE 23 TTT_WAIT target=3 elapsed=0s need=2s
UE 24 TTT_WAIT target=1 elapsed=0s need=2s
UE 27 TTT_WAIT target=6 elapsed=0s need=2s
UE 28 TTT_WAIT target=5 elapsed=0s need=2s
LM HO_FAIL_LOW_RSRP UE=29 currCell=4 candCell=3 candRsrp=-113.899 < min=-110
LM HO UE=30 rnti=150 1->3 type=TN servingRsrp=-117.209 targetRsrp=-85.4856 targetLoadReal=16/20 targetLoadEff=17/20
UE 31 TTT_WAIT target=1 elapsed=0s need=2s
UE 33 TTT_WAIT target=1 elapsed=0s need=2s
UE 34 TTT_WAIT target=5 elapsed=0s need=2s
UE 36 TTT_WAIT target=3 elapsed=0s need=2s
UE 37 TTT_WAIT target=1 elapsed=0s need=2s
UE 38 TTT_WAIT target=5 elapsed=0s need=2s
LM HO_FAIL_LOW_RSRP UE=39 currCell=2 candCell=7 candRsrp=-121.731 < min=-110
UE 40 TTT_WAIT target=3 elapsed=0s need=2s
UE 41 TTT_WAIT target=2 elapsed=0s need=2s
LM HO_FAIL_LOW_RSRP UE=42 currCell=5 candCell=7 candRsrp=-110.547 < min=-110
UE 43 TTT_WAIT target=1 elapsed=0s need=2s
LM HO_FAIL_LOW_RSRP UE=44 currCell=2 candCell=6 candRsrp=-112.821 < min=-110
UE 46 TTT_WAIT target=3 elapsed=0s need=2s
LM HO_FAIL_LOW_RSRP UE=47 currCell=4 candCell=6 candRsrp=-111.921 < min=-110
LM HO_FAIL_LOW_RSRP UE=48 currCell=4 candCell=3 candRsrp=-111.921 < min=-110
LM HO UE=51 rnti=145 1->4 type=TN servingRsrp=-102.557 targetRsrp=-73.3583 targetLoadReal=17/20 targetLoadEff=18/20
LM HO_FAIL_LOW_RSRP UE=54 currCell=4 candCell=5 candRsrp=-111.301 < min=-110
UE 55 TTT_WAIT target=3 elapsed=0s need=2s
LM HO_FAIL_LOW_RSRP UE=56 currCell=4 candCell=7 candRsrp=-113.492 < min=-110
UE 57 TTT_WAIT target=3 elapsed=0s need=2s
UE 58 TTT_WAIT target=1 elapsed=0s need=2s
UE 59 TTT_WAIT target=4 elapsed=0s need=2s
UE 60 TTT_WAIT target=1 elapsed=0s need=2s
UE 62 TTT_WAIT target=4 elapsed=0s need=2s
UE 65 TTT_WAIT target=3 elapsed=0s need=2s
LM HO_FAIL_LOW_RSRP UE=66 currCell=1 candCell=5 candRsrp=-113.529 < min=-110
LM HO_FAIL_LOW_RSRP UE=67 currCell=3 candCell=2 candRsrp=-115.628 < min=-110
UE 68 TTT_WAIT target=3 elapsed=0s need=2s
LM HO UE=69 rnti=142 2->4 type=TN servingRsrp=-102.068 targetRsrp=-84.8274 targetLoadReal=17/20 targetLoadEff=19/20
LM HO_FAIL_LOW_RSRP UE=70 currCell=2 candCell=5 candRsrp=-117.107 < min=-110
LM HO_FAIL_LOW_RSRP UE=71 currCell=3 candCell=6 candRsrp=-116.132 < min=-110
LM HO_FAIL_LOW_RSRP UE=73 currCell=7 candCell=5 candRsrp=-118.03 < min=-110
UE 74 TTT_WAIT target=6 elapsed=0s need=2s
LM HO UE=76 rnti=147 4->1 type=TN servingRsrp=-119.183 targetRsrp=-82.0451 targetLoadReal=17/20 targetLoadEff=17/20
LM HO_FAIL_LOW_RSRP UE=77 currCell=1 candCell=3 candRsrp=-111.757 < min=-110
UE 80 TTT_WAIT target=1 elapsed=0s need=2s
UE 81 TTT_WAIT target=6 elapsed=0s need=2s
LM HO_FAIL_LOW_RSRP UE=83 currCell=3 candCell=6 candRsrp=-118.495 < min=-110
UE 84 TTT_WAIT target=2 elapsed=0s need=2s
LM HO_FAIL_LOW_RSRP UE=86 currCell=5 candCell=6 candRsrp=-119.388 < min=-110
LM HO_FAIL_LOW_RSRP UE=87 currCell=2 candCell=6 candRsrp=-111.736 < min=-110
LM HO_FAIL_LOW_RSRP UE=89 currCell=3 candCell=6 candRsrp=-117.749 < min=-110
LM HO_FAIL_LOW_RSRP UE=90 currCell=1 candCell=2 candRsrp=-118.486 < min=-110
UE 91 TTT_WAIT target=2 elapsed=0s need=2s
UE 93 TTT_WAIT target=2 elapsed=0s need=2s
LM HO_FAIL_LOW_RSRP UE=94 currCell=4 candCell=1 candRsrp=-111.965 < min=-110
LM HO_FAIL_LOW_RSRP UE=95 currCell=7 candCell=5 candRsrp=-115.087 < min=-110
LM HO_FAIL_LOW_RSRP UE=96 currCell=2 candCell=6 candRsrp=-117.871 < min=-110
LM HO_FAIL_LOW_RSRP UE=97 currCell=4 candCell=5 candRsrp=-117.333 < min=-110
TRACE HO_SUCCESS Time=86.6151 IMSI=75 TargetCell=1 Type=TN TargetRSRP=-116.224 ServingRSRP=-87.6655 BackhaulDlSnr=-999 BackhaulUlSnr=-999
TRACE HO_SUCCESS Time=86.6151 IMSI=29 TargetCell=3 Type=TN TargetRSRP=-124.796 ServingRSRP=-95.5967 BackhaulDlSnr=-999 BackhaulUlSnr=-999
TRACE HO_SUCCESS Time=86.6151 IMSI=18 TargetCell=3 Type=TN TargetRSRP=-82.7799 ServingRSRP=-110.328 BackhaulDlSnr=-999 BackhaulUlSnr=-999
TRACE HO_SUCCESS Time=86.6151 IMSI=50 TargetCell=4 Type=TN TargetRSRP=-113.012 ServingRSRP=-88.3785 BackhaulDlSnr=-999 BackhaulUlSnr=-999
TRACE HO_SUCCESS Time=86.6151 IMSI=68 TargetCell=4 Type=TN TargetRSRP=-119.238 ServingRSRP=-112.571 BackhaulDlSnr=-999 BackhaulUlSnr=-999
TRACE HO_SUCCESS Time=86.6151 IMSI=21 TargetCell=4 Type=TN TargetRSRP=-117.412 ServingRSRP=-112.619 BackhaulDlSnr=-999 BackhaulUlSnr=-999
UAV_AUTONOMY_XAPP Time=88.5 DeploymentMode=tn-uav UavIndex=0 UavCellId=5 BestDonorCellId=1 BestDonorDistanceM=143.511 XhaulConnected=1 XhaulChannelVariationDb=0 RawXhaulState=HEALTHY RawXhaulStateAgeSec=84 XhaulState=HEALTHY DonorUnavailableActive=0 SatBackhaulHealthy=0 UavSwitchingXappAvailable=0 UavSwitchingXappState=DISABLED AiPredictedBackhaulMode=RULE_BASED BackhaulMode=TN_DIRECT RicControlState=TN_E2 ActiveUavRic=LOCAL_UAV_AUTONOMY NormalUeHandoverAllowed=1 UavMode=TN_CONTROLLED_COVERAGE_EXTENSION
UAV_AUTONOMY_XAPP Time=88.5 DeploymentMode=tn-uav UavIndex=1 UavCellId=6 BestDonorCellId=1 BestDonorDistanceM=110.88 XhaulConnected=1 XhaulChannelVariationDb=0 RawXhaulState=HEALTHY RawXhaulStateAgeSec=84 XhaulState=HEALTHY DonorUnavailableActive=0 SatBackhaulHealthy=0 UavSwitchingXappAvailable=0 UavSwitchingXappState=DISABLED AiPredictedBackhaulMode=RULE_BASED BackhaulMode=TN_DIRECT RicControlState=TN_E2 ActiveUavRic=LOCAL_UAV_AUTONOMY NormalUeHandoverAllowed=1 UavMode=TN_CONTROLLED_COVERAGE_EXTENSION
UAV_AUTONOMY_XAPP Time=88.5 DeploymentMode=tn-uav UavIndex=2 UavCellId=7 BestDonorCellId=1 BestDonorDistanceM=133.08 XhaulConnected=1 XhaulChannelVariationDb=0 RawXhaulState=HEALTHY RawXhaulStateAgeSec=84 XhaulState=HEALTHY DonorUnavailableActive=0 SatBackhaulHealthy=0 UavSwitchingXappAvailable=0 UavSwitchingXappState=DISABLED AiPredictedBackhaulMode=RULE_BASED BackhaulMode=TN_DIRECT RicControlState=TN_E2 ActiveUavRic=LOCAL_UAV_AUTONOMY NormalUeHandoverAllowed=1 UavMode=TN_CONTROLLED_COVERAGE_EXTENSION
---- LOAD at t=88.5 ----
  cell 1 (TN) load=16/20
  cell 2 (TN) load=18/20
  cell 3 (TN) load=18/20
  cell 4 (TN) load=18/20
  cell 5 (NTN) load=6/15
  cell 6 (NTN) load=6/15
  cell 7 (NTN) load=8/15
LM HO UE=8 rnti=105 4->5 type=NTN servingRsrp=-109.794 targetRsrp=-84.1676 targetLoadReal=6/15 targetLoadEff=6/15
UE 9 TTT_WAIT target=4 elapsed=0s need=2s
LM HO_FAIL_LOW_RSRP UE=12 currCell=2 candCell=5 candRsrp=-118.175 < min=-110
UE 13 TTT_WAIT target=5 elapsed=0s need=2s
LM HO_FAIL_LOW_RSRP UE=14 currCell=1 candCell=5 candRsrp=-116.895 < min=-110
UE 15 TTT_WAIT target=7 elapsed=0s need=2s
UE 17 TTT_WAIT target=1 elapsed=0s need=2s
LM HO_FAIL_LOW_RSRP UE=19 currCell=3 candCell=4 candRsrp=-110.454 < min=-110
UE 20 TTT_WAIT target=1 elapsed=0s need=2s
LM HO_FAIL_LOW_RSRP UE=21 currCell=1 candCell=2 candRsrp=-110.355 < min=-110
UE 22 TTT_WAIT target=2 elapsed=0s need=2s
LM HO_FAIL_LOW_RSRP UE=24 currCell=2 candCell=3 candRsrp=-117.276 < min=-110
UE 26 TTT_WAIT target=4 elapsed=0s need=2s
UE 27 TTT_WAIT target=7 elapsed=0s need=2s
LM HO_FAIL_LOW_RSRP UE=28 currCell=3 candCell=4 candRsrp=-110.42 < min=-110
LM HO_FAIL_LOW_RSRP UE=29 currCell=4 candCell=3 candRsrp=-112.462 < min=-110
UE 30 TTT_WAIT target=2 elapsed=0s need=2s
UE 31 TTT_WAIT target=2 elapsed=0s need=2s
LM HO_FAIL_LOW_RSRP UE=33 currCell=3 candCell=6 candRsrp=-116.536 < min=-110
UE 34 TTT_WAIT target=2 elapsed=0s need=2s
UE 35 TTT_WAIT target=5 elapsed=0s need=2s
UE 38 TTT_WAIT target=3 elapsed=0s need=2s
LM HO_FAIL_LOW_RSRP UE=39 currCell=2 candCell=3 candRsrp=-113.422 < min=-110
UE 41 TTT_WAIT target=1 elapsed=0s need=2s
LM HO_FAIL_LOW_RSRP UE=43 currCell=2 candCell=5 candRsrp=-114.084 < min=-110
UE 46 TTT_WAIT target=1 elapsed=0s need=2s
LM HO_FAIL_LOW_RSRP UE=49 currCell=5 candCell=6 candRsrp=-117.992 < min=-110
UE 52 TTT_WAIT target=7 elapsed=0s need=2s
LM HO_FAIL_LOW_RSRP UE=54 currCell=4 candCell=5 candRsrp=-111.335 < min=-110
UE 57 TTT_WAIT target=2 elapsed=0s need=2s
LM HO_FAIL_LOW_RSRP UE=60 currCell=2 candCell=4 candRsrp=-114.966 < min=-110
LM HO_FAIL_LOW_RSRP UE=61 currCell=3 candCell=4 candRsrp=-116.936 < min=-110
LM HO_FAIL_LOW_RSRP UE=62 currCell=1 candCell=5 candRsrp=-110.791 < min=-110
UE 63 TTT_WAIT target=1 elapsed=0s need=2s
UE 64 TTT_WAIT target=5 elapsed=0s need=2s
LM HO UE=65 rnti=136 4->3 type=TN servingRsrp=-115.502 targetRsrp=-109.816 targetLoadReal=18/20 targetLoadEff=18/20
UE 66 TTT_WAIT target=4 elapsed=0s need=2s
LM HO_FAIL_LOW_RSRP UE=67 currCell=3 candCell=4 candRsrp=-118.072 < min=-110
LM HO_FAIL_LOW_RSRP UE=69 currCell=4 candCell=2 candRsrp=-116.116 < min=-110
UE 70 TTT_WAIT target=3 elapsed=0s need=2s
LM HO_FAIL_LOW_RSRP UE=71 currCell=3 candCell=4 candRsrp=-111.323 < min=-110
LM HO_FAIL_LOW_RSRP UE=72 currCell=2 candCell=6 candRsrp=-117.987 < min=-110
UE 73 TTT_WAIT target=6 elapsed=0s need=2s
LM HO UE=74 rnti=135 3->6 type=NTN servingRsrp=-93.7028 targetRsrp=-84.0149 targetLoadReal=6/15 targetLoadEff=6/15
UE 76 TTT_WAIT target=2 elapsed=0s need=2s
UE 77 TTT_WAIT target=4 elapsed=0s need=2s
LM HO_FAIL_LOW_RSRP UE=78 currCell=2 candCell=6 candRsrp=-118.754 < min=-110
LM HO_FAIL_LOW_RSRP UE=79 currCell=7 candCell=5 candRsrp=-110.887 < min=-110
UE 83 TTT_WAIT target=7 elapsed=0s need=2s
LM HO_FAIL_LOW_RSRP UE=84 currCell=1 candCell=2 candRsrp=-110.602 < min=-110
UE 85 TTT_WAIT target=4 elapsed=0s need=2s
UE 87 TTT_WAIT target=1 elapsed=0s need=2s
LM HO_FAIL_LOW_RSRP UE=88 currCell=1 candCell=6 candRsrp=-117.424 < min=-110
LM HO_FAIL_LOW_RSRP UE=90 currCell=1 candCell=2 candRsrp=-118.267 < min=-110
UE 91 TTT_WAIT target=7 elapsed=0s need=2s
UE 92 TTT_WAIT target=1 elapsed=0s need=2s
UE 94 TTT_WAIT target=6 elapsed=0s need=2s
UE 96 TTT_WAIT target=7 elapsed=0s need=2s
LM HO_FAIL_LOW_RSRP UE=97 currCell=4 candCell=2 candRsrp=-113.399 < min=-110
TRACE HO_SUCCESS Time=88.6151 IMSI=64 TargetCell=3 Type=TN TargetRSRP=-119.401 ServingRSRP=-117.789 BackhaulDlSnr=-999 BackhaulUlSnr=-999
TRACE HO_SUCCESS Time=88.6151 IMSI=7 TargetCell=5 Type=NTN TargetRSRP=-116.629 ServingRSRP=-112.946 BackhaulDlSnr=-999 BackhaulUlSnr=-999
TRACE HO_SUCCESS Time=88.6151 IMSI=73 TargetCell=6 Type=NTN TargetRSRP=-123.963 ServingRSRP=-120.922 BackhaulDlSnr=-999 BackhaulUlSnr=-999
