UAV_AUTONOMY_XAPP Time=4.5 DeploymentMode=tn-uav UavIndex=0 UavCellId=5 BestDonorCellId=1 BestDonorDistanceM=758.585 XhaulConnected=1 XhaulChannelVariationDb=0 XhaulState=HEALTHY DonorUnavailableActive=0 SatBackhaulHealthy=0 UavSwitchingXappAvailable=1 UavSwitchingXappState=STANDBY BackhaulMode=TN_DIRECT RicControlState=TN_E2 ActiveUavRic=TN_NEAR_RT_RIC NormalUeHandoverAllowed=1 UavMode=TN_CONTROLLED_COVERAGE_EXTENSION
UAV_AUTONOMY_XAPP Time=4.5 DeploymentMode=tn-uav UavIndex=1 UavCellId=6 BestDonorCellId=3 BestDonorDistanceM=1836.25 XhaulConnected=1 XhaulChannelVariationDb=0 XhaulState=HEALTHY DonorUnavailableActive=0 SatBackhaulHealthy=0 UavSwitchingXappAvailable=1 UavSwitchingXappState=STANDBY BackhaulMode=TN_DIRECT RicControlState=TN_E2 ActiveUavRic=TN_NEAR_RT_RIC NormalUeHandoverAllowed=1 UavMode=TN_CONTROLLED_COVERAGE_EXTENSION
UAV_AUTONOMY_XAPP Time=4.5 DeploymentMode=tn-uav UavIndex=2 UavCellId=7 BestDonorCellId=4 BestDonorDistanceM=1236.37 XhaulConnected=1 XhaulChannelVariationDb=0 XhaulState=HEALTHY DonorUnavailableActive=0 SatBackhaulHealthy=0 UavSwitchingXappAvailable=1 UavSwitchingXappState=STANDBY BackhaulMode=TN_DIRECT RicControlState=TN_E2 ActiveUavRic=TN_NEAR_RT_RIC NormalUeHandoverAllowed=1 UavMode=TN_CONTROLLED_COVERAGE_EXTENSION
Could not find NR UE cell info for E2 Node ID = 8
Could not find NR UE cell info for E2 Node ID = 9
Could not find NR UE cell info for E2 Node ID = 10
Could not find NR UE cell info for E2 Node ID = 11
Could not find NR UE cell info for E2 Node ID = 12
Could not find NR UE cell info for E2 Node ID = 13
Could not find NR UE cell info for E2 Node ID = 14
Could not find NR UE cell info for E2 Node ID = 15
Could not find NR UE cell info for E2 Node ID = 16
Could not find NR UE cell info for E2 Node ID = 17
Could not find NR UE cell info for E2 Node ID = 18
Could not find NR UE cell info for E2 Node ID = 19
Could not find NR UE cell info for E2 Node ID = 20
Could not find NR UE cell info for E2 Node ID = 21
Could not find NR UE cell info for E2 Node ID = 22
Could not find NR UE cell info for E2 Node ID = 23
Could not find NR UE cell info for E2 Node ID = 24
Could not find NR UE cell info for E2 Node ID = 25
Could not find NR UE cell info for E2 Node ID = 26
Could not find NR UE cell info for E2 Node ID = 27
Could not find NR UE cell info for E2 Node ID = 28
Could not find NR UE cell info for E2 Node ID = 29
Could not find NR UE cell info for E2 Node ID = 30
Could not find NR UE cell info for E2 Node ID = 31
Could not find NR UE cell info for E2 Node ID = 32
Could not find NR UE cell info for E2 Node ID = 33
Could not find NR UE cell info for E2 Node ID = 34
Could not find NR UE cell info for E2 Node ID = 35
Could not find NR UE cell info for E2 Node ID = 36
Could not find NR UE cell info for E2 Node ID = 37
Could not find NR UE cell info for E2 Node ID = 38
Could not find NR UE cell info for E2 Node ID = 39
Could not find NR UE cell info for E2 Node ID = 40
Could not find NR UE cell info for E2 Node ID = 41
Could not find NR UE cell info for E2 Node ID = 42
Could not find NR UE cell info for E2 Node ID = 43
Could not find NR UE cell info for E2 Node ID = 44
Could not find NR UE cell info for E2 Node ID = 45
Could not find NR UE cell info for E2 Node ID = 46
Could not find NR UE cell info for E2 Node ID = 47
Could not find NR UE cell info for E2 Node ID = 48
Could not find NR UE cell info for E2 Node ID = 49
Could not find NR UE cell info for E2 Node ID = 50
Could not find NR UE cell info for E2 Node ID = 51
Could not find NR UE cell info for E2 Node ID = 52
Could not find NR UE cell info for E2 Node ID = 53
Could not find NR UE cell info for E2 Node ID = 54
Could not find NR UE cell info for E2 Node ID = 55
Could not find NR UE cell info for E2 Node ID = 56
Could not find NR UE cell info for E2 Node ID = 57
Could not find NR gNB location for E2 Node ID = 1
Could not find NR gNB location for E2 Node ID = 2
Could not find NR gNB location for E2 Node ID = 3
Could not find NR gNB location for E2 Node ID = 4
Could not find NR gNB location for E2 Node ID = 5
Could not find NR gNB location for E2 Node ID = 6
Could not find NR gNB location for E2 Node ID = 7
---- LOAD at t=4.5 ----
UAV_AUTONOMY_XAPP Time=6.5 DeploymentMode=tn-uav UavIndex=0 UavCellId=5 BestDonorCellId=1 BestDonorDistanceM=758.585 XhaulConnected=1 XhaulChannelVariationDb=0 XhaulState=HEALTHY DonorUnavailableActive=0 SatBackhaulHealthy=0 UavSwitchingXappAvailable=1 UavSwitchingXappState=STANDBY BackhaulMode=TN_DIRECT RicControlState=TN_E2 ActiveUavRic=TN_NEAR_RT_RIC NormalUeHandoverAllowed=1 UavMode=TN_CONTROLLED_COVERAGE_EXTENSION
UAV_AUTONOMY_XAPP Time=6.5 DeploymentMode=tn-uav UavIndex=1 UavCellId=6 BestDonorCellId=3 BestDonorDistanceM=1836.25 XhaulConnected=1 XhaulChannelVariationDb=0 XhaulState=HEALTHY DonorUnavailableActive=0 SatBackhaulHealthy=0 UavSwitchingXappAvailable=1 UavSwitchingXappState=STANDBY BackhaulMode=TN_DIRECT RicControlState=TN_E2 ActiveUavRic=TN_NEAR_RT_RIC NormalUeHandoverAllowed=1 UavMode=TN_CONTROLLED_COVERAGE_EXTENSION
UAV_AUTONOMY_XAPP Time=6.5 DeploymentMode=tn-uav UavIndex=2 UavCellId=7 BestDonorCellId=4 BestDonorDistanceM=1236.37 XhaulConnected=1 XhaulChannelVariationDb=0 XhaulState=HEALTHY DonorUnavailableActive=0 SatBackhaulHealthy=0 UavSwitchingXappAvailable=1 UavSwitchingXappState=STANDBY BackhaulMode=TN_DIRECT RicControlState=TN_E2 ActiveUavRic=TN_NEAR_RT_RIC NormalUeHandoverAllowed=1 UavMode=TN_CONTROLLED_COVERAGE_EXTENSION
---- LOAD at t=6.5 ----
  cell 1 (TN) load=5/20
  cell 2 (TN) load=5/20
  cell 3 (TN) load=6/20
  cell 4 (TN) load=9/20
  cell 5 (NTN) load=10/10
  cell 6 (NTN) load=5/10
  cell 7 (NTN) load=10/10
UE 9 TTT_WAIT target=2 elapsed=0s need=2s
UE 10 TTT_WAIT target=2 elapsed=0s need=2s
UE 14 TTT_WAIT target=3 elapsed=0s need=2s
UE 16 TTT_WAIT target=6 elapsed=0s need=2s
UE 17 TTT_WAIT target=4 elapsed=0s need=2s
UE 18 TTT_WAIT target=2 elapsed=0s need=2s
UE 26 TTT_WAIT target=3 elapsed=0s need=2s
UE 28 TTT_WAIT target=4 elapsed=0s need=2s
UE 33 TTT_WAIT target=2 elapsed=0s need=2s
UE 34 TTT_WAIT target=2 elapsed=0s need=2s
UE 35 TTT_WAIT target=2 elapsed=0s need=2s
UE 37 TTT_WAIT target=6 elapsed=0s need=2s
UE 38 TTT_WAIT target=3 elapsed=0s need=2s
UE 42 TTT_WAIT target=2 elapsed=0s need=2s
UE 50 TTT_WAIT target=1 elapsed=0s need=2s
LM HO_FAIL_LOW_RSRP UE=53 currCell=4 candCell=6 candRsrp=-160.756 < min=-120
UE 56 TTT_WAIT target=1 elapsed=0s need=2s
LM HO_FAIL_LOW_RSRP UE=57 currCell=4 candCell=6 candRsrp=-161.246 < min=-120
UAV_AUTONOMY_XAPP Time=8.5 DeploymentMode=tn-uav UavIndex=0 UavCellId=5 BestDonorCellId=1 BestDonorDistanceM=758.585 XhaulConnected=1 XhaulChannelVariationDb=0 XhaulState=HEALTHY DonorUnavailableActive=0 SatBackhaulHealthy=0 UavSwitchingXappAvailable=1 UavSwitchingXappState=STANDBY BackhaulMode=TN_DIRECT RicControlState=TN_E2 ActiveUavRic=TN_NEAR_RT_RIC NormalUeHandoverAllowed=1 UavMode=TN_CONTROLLED_COVERAGE_EXTENSION
UAV_AUTONOMY_XAPP Time=8.5 DeploymentMode=tn-uav UavIndex=1 UavCellId=6 BestDonorCellId=3 BestDonorDistanceM=1825.53 XhaulConnected=1 XhaulChannelVariationDb=0 XhaulState=HEALTHY DonorUnavailableActive=0 SatBackhaulHealthy=0 UavSwitchingXappAvailable=1 UavSwitchingXappState=STANDBY BackhaulMode=TN_DIRECT RicControlState=TN_E2 ActiveUavRic=TN_NEAR_RT_RIC NormalUeHandoverAllowed=1 UavMode=TN_CONTROLLED_COVERAGE_EXTENSION
UAV_AUTONOMY_XAPP Time=8.5 DeploymentMode=tn-uav UavIndex=2 UavCellId=7 BestDonorCellId=4 BestDonorDistanceM=1236.37 XhaulConnected=1 XhaulChannelVariationDb=0 XhaulState=HEALTHY DonorUnavailableActive=0 SatBackhaulHealthy=0 UavSwitchingXappAvailable=1 UavSwitchingXappState=STANDBY BackhaulMode=TN_DIRECT RicControlState=TN_E2 ActiveUavRic=TN_NEAR_RT_RIC NormalUeHandoverAllowed=1 UavMode=TN_CONTROLLED_COVERAGE_EXTENSION
---- LOAD at t=8.5 ----
  cell 1 (TN) load=18/20
  cell 2 (TN) load=16/20
  cell 3 (TN) load=16/20
  cell 4 (TN) load=20/20
  cell 5 (NTN) load=10/10
  cell 6 (NTN) load=8/10
  cell 7 (NTN) load=10/10
UE 10 TTT_WAIT target=1 elapsed=0s need=2s
LM HO UE=14 rnti=36 6->3 type=TN servingRsrp=-94.4161 targetRsrp=-83.6919 targetLoadReal=16/20 targetLoadEff=16/20
UE 27 TTT_WAIT target=6 elapsed=0s need=2s
UE 28 TTT_WAIT target=1 elapsed=0s need=2s
UE 31 TTT_WAIT target=1 elapsed=0s need=2s
LM HO_FAIL_LOW_RSRP UE=33 currCell=1 candCell=6 candRsrp=-142.411 < min=-120
UE 38 TTT_WAIT target=1 elapsed=0s need=2s
UE 41 TTT_WAIT target=3 elapsed=0s need=2s
UE 43 TTT_WAIT target=2 elapsed=0s need=2s
UE 46 TTT_WAIT target=1 elapsed=0s need=2s
LM HO UE=50 rnti=87 5->1 type=TN servingRsrp=-112.607 targetRsrp=-86.7223 targetLoadReal=18/20 targetLoadEff=18/20
UE 51 TTT_WAIT target=2 elapsed=0s need=2s
LM HO_FAIL_LOW_RSRP UE=53 currCell=4 candCell=6 candRsrp=-149.614 < min=-120
LM HO_FAIL_LOW_RSRP UE=54 currCell=4 candCell=6 candRsrp=-152.397 < min=-120
LM HO UE=56 rnti=40 2->1 type=TN servingRsrp=-113.52 targetRsrp=-85.7765 targetLoadReal=18/20 targetLoadEff=19/20
UE 57 TTT_WAIT target=2 elapsed=0s need=2s
LM HO_FAIL_LOW_RSRP UE=58 currCell=1 candCell=6 candRsrp=-126.026 < min=-120
UE 60 TTT_WAIT target=2 elapsed=0s need=2s
UE 61 TTT_WAIT target=3 elapsed=0s need=2s
UE 62 TTT_WAIT target=2 elapsed=0s need=2s
UE 66 TTT_WAIT target=2 elapsed=0s need=2s
UE 67 TTT_WAIT target=3 elapsed=0s need=2s
UE 68 TTT_WAIT target=3 elapsed=0s need=2s
LM HO_FAIL_LOW_RSRP UE=69 currCell=4 candCell=6 candRsrp=-143.389 < min=-120
UE 71 TTT_WAIT target=2 elapsed=0s need=2s
UE 76 TTT_WAIT target=6 elapsed=0s need=2s
LM HO_FAIL_LOW_RSRP UE=78 currCell=4 candCell=6 candRsrp=-148.956 < min=-120
LM HO_FAIL_LOW_RSRP UE=81 currCell=4 candCell=6 candRsrp=-146.637 < min=-120
LM HO_FAIL_LOW_RSRP UE=82 currCell=1 candCell=6 candRsrp=-133.969 < min=-120
UE 84 TTT_WAIT target=2 elapsed=0s need=2s
LM HO_FAIL_LOW_RSRP UE=88 currCell=1 candCell=6 candRsrp=-137.093 < min=-120
UE 90 TTT_WAIT target=6 elapsed=0s need=2s
UE 92 TTT_WAIT target=6 elapsed=0s need=2s
LM HO_FAIL_LOW_RSRP UE=96 currCell=2 candCell=6 candRsrp=-154.81 < min=-120
UE 98 TTT_WAIT target=2 elapsed=0s need=2s
UE 103 TTT_WAIT target=2 elapsed=0s need=2s
UE 105 TTT_WAIT target=3 elapsed=0s need=2s
LM HO_FAIL_LOW_RSRP UE=107 currCell=2 candCell=6 candRsrp=-129.873 < min=-120
TRACE HO_SUCCESS Time=8.61507 IMSI=55 TargetCell=1 Type=TN TargetRSRP=-115.149 ServingRSRP=-113.491 BackhaulDlSnr=-999 BackhaulUlSnr=-999
TRACE HO_SUCCESS Time=8.61507 IMSI=49 TargetCell=1 Type=TN TargetRSRP=-116.288 ServingRSRP=-111.033 BackhaulDlSnr=-999 BackhaulUlSnr=-999
TRACE HO_SUCCESS Time=8.61507 IMSI=13 TargetCell=3 Type=TN TargetRSRP=-120.264 ServingRSRP=-112.988 BackhaulDlSnr=-999 BackhaulUlSnr=-999
UAV_AUTONOMY_XAPP Time=10.5 DeploymentMode=tn-uav UavIndex=0 UavCellId=5 BestDonorCellId=1 BestDonorDistanceM=761.918 XhaulConnected=1 XhaulChannelVariationDb=0 XhaulState=HEALTHY DonorUnavailableActive=0 SatBackhaulHealthy=0 UavSwitchingXappAvailable=1 UavSwitchingXappState=STANDBY BackhaulMode=TN_DIRECT RicControlState=TN_E2 ActiveUavRic=TN_NEAR_RT_RIC NormalUeHandoverAllowed=1 UavMode=TN_CONTROLLED_COVERAGE_EXTENSION
UAV_AUTONOMY_XAPP Time=10.5 DeploymentMode=tn-uav UavIndex=1 UavCellId=6 BestDonorCellId=3 BestDonorDistanceM=1814.7 XhaulConnected=1 XhaulChannelVariationDb=0 XhaulState=HEALTHY DonorUnavailableActive=0 SatBackhaulHealthy=0 UavSwitchingXappAvailable=1 UavSwitchingXappState=STANDBY BackhaulMode=TN_DIRECT RicControlState=TN_E2 ActiveUavRic=TN_NEAR_RT_RIC NormalUeHandoverAllowed=1 UavMode=TN_CONTROLLED_COVERAGE_EXTENSION
UAV_AUTONOMY_XAPP Time=10.5 DeploymentMode=tn-uav UavIndex=2 UavCellId=7 BestDonorCellId=4 BestDonorDistanceM=1236.37 XhaulConnected=1 XhaulChannelVariationDb=0 XhaulState=HEALTHY DonorUnavailableActive=0 SatBackhaulHealthy=0 UavSwitchingXappAvailable=1 UavSwitchingXappState=STANDBY BackhaulMode=TN_DIRECT RicControlState=TN_E2 ActiveUavRic=TN_NEAR_RT_RIC NormalUeHandoverAllowed=1 UavMode=TN_CONTROLLED_COVERAGE_EXTENSION
---- LOAD at t=10.5 ----
  cell 1 (TN) load=20/20
  cell 2 (TN) load=15/20
  cell 3 (TN) load=17/20
  cell 4 (TN) load=20/20
  cell 5 (NTN) load=10/10
  cell 6 (NTN) load=7/10
  cell 7 (NTN) load=10/10
LM HO_FAIL_LOW_RSRP UE=10 currCell=3 candCell=6 candRsrp=-134.201 < min=-120
UE 16 TTT_WAIT target=2 elapsed=0s need=2s
LM HO_FAIL_LOW_RSRP UE=19 currCell=4 candCell=6 candRsrp=-150.183 < min=-120
UE 20 TTT_WAIT target=2 elapsed=0s need=2s
LM HO_FAIL_LOW_RSRP UE=27 currCell=3 candCell=2 candRsrp=-121.607 < min=-120
LM HO_FAIL_LOW_RSRP UE=28 currCell=2 candCell=6 candRsrp=-146.978 < min=-120
LM HO_FAIL_LOW_RSRP UE=33 currCell=1 candCell=6 candRsrp=-145.263 < min=-120
UE 35 TTT_WAIT target=2 elapsed=0s need=2s
UE 39 TTT_WAIT target=2 elapsed=0s need=2s
UE 40 TTT_WAIT target=2 elapsed=0s need=2s
UE 41 TTT_WAIT target=6 elapsed=0s need=2s
UE 45 TTT_WAIT target=6 elapsed=0s need=2s
LM HO_FAIL_LOW_RSRP UE=53 currCell=4 candCell=6 candRsrp=-153.518 < min=-120
UE 56 TTT_WAIT target=2 elapsed=0s need=2s
LM HO_FAIL_LOW_RSRP UE=57 currCell=4 candCell=6 candRsrp=-134.327 < min=-120
UE 58 TTT_WAIT target=6 elapsed=0s need=2s
UE 59 TTT_WAIT target=3 elapsed=0s need=2s
UE 60 TTT_WAIT target=6 elapsed=0s need=2s
LM HO_FAIL_LOW_RSRP UE=61 currCell=2 candCell=6 candRsrp=-147.541 < min=-120
LM HO UE=62 rnti=110 3->2 type=TN servingRsrp=-103.209 targetRsrp=-82.5034 targetLoadReal=15/20 targetLoadEff=15/20
UE 64 TTT_WAIT target=6 elapsed=0s need=2s
UE 66 TTT_WAIT target=3 elapsed=0s need=2s
LM HO UE=68 rnti=146 1->3 type=TN servingRsrp=-114.996 targetRsrp=-96.7421 targetLoadReal=17/20 targetLoadEff=17/20
UE 69 TTT_WAIT target=3 elapsed=0s need=2s
LM HO_FAIL_LOW_RSRP UE=70 currCell=2 candCell=6 candRsrp=-132.191 < min=-120
UE 72 TTT_WAIT target=2 elapsed=0s need=2s
UE 77 TTT_WAIT target=6 elapsed=0s need=2s
LM HO_FAIL_LOW_RSRP UE=79 currCell=2 candCell=6 candRsrp=-139.49 < min=-120
LM HO_FAIL_LOW_RSRP UE=82 currCell=1 candCell=6 candRsrp=-140.842 < min=-120
UE 88 TTT_WAIT target=6 elapsed=0s need=2s
LM HO_FAIL_LOW_RSRP UE=89 currCell=1 candCell=6 candRsrp=-135.388 < min=-120
LM HO UE=90 rnti=153 1->6 type=NTN servingRsrp=-121.114 targetRsrp=-111.097 targetLoadReal=7/10 targetLoadEff=7/10
UE 91 TTT_WAIT target=3 elapsed=0s need=2s
UE 92 TTT_WAIT target=3 elapsed=0s need=2s
LM HO_FAIL_LOW_RSRP UE=95 currCell=2 candCell=6 candRsrp=-140.187 < min=-120
LM HO_FAIL_LOW_RSRP UE=96 currCell=2 candCell=6 candRsrp=-150.308 < min=-120
LM HO UE=98 rnti=120 1->2 type=TN servingRsrp=-107.802 targetRsrp=-97.3469 targetLoadReal=15/20 targetLoadEff=16/20
LM HO UE=103 rnti=121 1->2 type=TN servingRsrp=-118.877 targetRsrp=-112.842 targetLoadReal=15/20 targetLoadEff=17/20
UE 104 TTT_WAIT target=3 elapsed=0s need=2s
LM HO_FAIL_LOW_RSRP UE=105 currCell=2 candCell=6 candRsrp=-144.367 < min=-120
LM HO_FAIL_LOW_RSRP UE=107 currCell=2 candCell=6 candRsrp=-139.399 < min=-120
TRACE HO_SUCCESS Time=10.6151 IMSI=97 TargetCell=2 Type=TN TargetRSRP=-129.541 ServingRSRP=-110.617 BackhaulDlSnr=-999 BackhaulUlSnr=-999
TRACE HO_SUCCESS Time=10.6151 IMSI=102 TargetCell=2 Type=TN TargetRSRP=-138.365 ServingRSRP=-101.002 BackhaulDlSnr=-999 BackhaulUlSnr=-999
TRACE HO_SUCCESS Time=10.6151 IMSI=61 TargetCell=2 Type=TN TargetRSRP=-127.991 ServingRSRP=-102.845 BackhaulDlSnr=-999 BackhaulUlSnr=-999
TRACE HO_SUCCESS Time=10.6151 IMSI=67 TargetCell=3 Type=TN TargetRSRP=-99.4009 ServingRSRP=-114.142 BackhaulDlSnr=-999 BackhaulUlSnr=-999
TRACE HO_SUCCESS Time=10.6151 IMSI=89 TargetCell=6 Type=NTN TargetRSRP=-128.668 ServingRSRP=-120.098 BackhaulDlSnr=-999 BackhaulUlSnr=-999
UAV_AUTONOMY_XAPP Time=12.5 DeploymentMode=tn-uav UavIndex=0 UavCellId=5 BestDonorCellId=1 BestDonorDistanceM=762.802 XhaulConnected=1 XhaulChannelVariationDb=0 XhaulState=HEALTHY DonorUnavailableActive=0 SatBackhaulHealthy=0 UavSwitchingXappAvailable=1 UavSwitchingXappState=STANDBY BackhaulMode=TN_DIRECT RicControlState=TN_E2 ActiveUavRic=TN_NEAR_RT_RIC NormalUeHandoverAllowed=1 UavMode=TN_CONTROLLED_COVERAGE_EXTENSION
UAV_AUTONOMY_XAPP Time=12.5 DeploymentMode=tn-uav UavIndex=1 UavCellId=6 BestDonorCellId=3 BestDonorDistanceM=1802.83 XhaulConnected=1 XhaulChannelVariationDb=0 XhaulState=HEALTHY DonorUnavailableActive=0 SatBackhaulHealthy=0 UavSwitchingXappAvailable=1 UavSwitchingXappState=STANDBY BackhaulMode=TN_DIRECT RicControlState=TN_E2 ActiveUavRic=TN_NEAR_RT_RIC NormalUeHandoverAllowed=1 UavMode=TN_CONTROLLED_COVERAGE_EXTENSION
UAV_AUTONOMY_XAPP Time=12.5 DeploymentMode=tn-uav UavIndex=2 UavCellId=7 BestDonorCellId=4 BestDonorDistanceM=1236.37 XhaulConnected=1 XhaulChannelVariationDb=0 XhaulState=HEALTHY DonorUnavailableActive=0 SatBackhaulHealthy=0 UavSwitchingXappAvailable=1 UavSwitchingXappState=STANDBY BackhaulMode=TN_DIRECT RicControlState=TN_E2 ActiveUavRic=TN_NEAR_RT_RIC NormalUeHandoverAllowed=1 UavMode=TN_CONTROLLED_COVERAGE_EXTENSION
---- LOAD at t=12.5 ----
  cell 1 (TN) load=17/20
  cell 2 (TN) load=18/20
  cell 3 (TN) load=17/20
  cell 4 (TN) load=20/20
  cell 5 (NTN) load=10/10
  cell 6 (NTN) load=8/10
  cell 7 (NTN) load=10/10
UE 9 TTT_WAIT target=6 elapsed=0s need=2s
LM HO_FAIL_LOW_RSRP UE=10 currCell=3 candCell=6 candRsrp=-137.535 < min=-120
UE 17 TTT_WAIT target=2 elapsed=0s need=2s
UE 19 TTT_WAIT target=2 elapsed=0s need=2s
LM HO_FAIL_LOW_RSRP UE=27 currCell=3 candCell=6 candRsrp=-135.517 < min=-120
UE 30 TTT_WAIT target=1 elapsed=0s need=2s
UE 40 TTT_WAIT target=1 elapsed=0s need=2s
LM HO_FAIL_LOW_RSRP UE=41 currCell=2 candCell=6 candRsrp=-139.527 < min=-120
UE 43 TTT_WAIT target=2 elapsed=0s need=2s
UE 44 TTT_WAIT target=1 elapsed=0s need=2s
UE 47 TTT_WAIT target=2 elapsed=0s need=2s
UE 48 TTT_WAIT target=6 elapsed=0s need=2s
UE 50 TTT_WAIT target=2 elapsed=0s need=2s
LM HO_FAIL_LOW_RSRP UE=59 currCell=2 candCell=6 candRsrp=-135.699 < min=-120
UE 60 TTT_WAIT target=2 elapsed=0s need=2s
LM HO_FAIL_LOW_RSRP UE=61 currCell=2 candCell=6 candRsrp=-134.587 < min=-120
UE 62 TTT_WAIT target=3 elapsed=0s need=2s
LM HO_FAIL_LOW_RSRP UE=64 currCell=3 candCell=6 candRsrp=-125.106 < min=-120
UE 66 TTT_WAIT target=2 elapsed=0s need=2s
UE 67 TTT_WAIT target=1 elapsed=0s need=2s
UE 68 TTT_WAIT target=1 elapsed=0s need=2s
LM HO_FAIL_LOW_RSRP UE=69 currCell=4 candCell=6 candRsrp=-142.107 < min=-120
LM HO_FAIL_LOW_RSRP UE=72 currCell=4 candCell=6 candRsrp=-154.83 < min=-120
LM HO_FAIL_LOW_RSRP UE=74 currCell=1 candCell=6 candRsrp=-156.403 < min=-120
UE 76 TTT_WAIT target=6 elapsed=0s need=2s
LM HO_FAIL_LOW_RSRP UE=78 currCell=4 candCell=6 candRsrp=-156.103 < min=-120
LM HO_FAIL_LOW_RSRP UE=82 currCell=1 candCell=6 candRsrp=-141.756 < min=-120
LM HO_FAIL_LOW_RSRP UE=84 currCell=4 candCell=6 candRsrp=-143.634 < min=-120
UE 86 TTT_WAIT target=2 elapsed=0s need=2s
UE 90 TTT_WAIT target=1 elapsed=0s need=2s
LM HO_FAIL_LOW_RSRP UE=92 currCell=1 candCell=3 candRsrp=-126.284 < min=-120
LM HO_FAIL_LOW_RSRP UE=93 currCell=1 candCell=6 candRsrp=-137.639 < min=-120
UE 94 TTT_WAIT target=3 elapsed=0s need=2s
UE 95 TTT_WAIT target=6 elapsed=0s need=2s
LM HO_FAIL_LOW_RSRP UE=96 currCell=2 candCell=6 candRsrp=-142.249 < min=-120
UE 97 TTT_WAIT target=6 elapsed=0s need=2s
UE 98 TTT_WAIT target=1 elapsed=0s need=2s
UE 102 TTT_WAIT target=3 elapsed=0s need=2s
UE 103 TTT_WAIT target=1 elapsed=0s need=2s
UE 105 TTT_WAIT target=3 elapsed=0s need=2s
UAV_AUTONOMY_XAPP Time=14.5 DeploymentMode=tn-uav UavIndex=0 UavCellId=5 BestDonorCellId=1 BestDonorDistanceM=762.802 XhaulConnected=1 XhaulChannelVariationDb=0 XhaulState=HEALTHY DonorUnavailableActive=0 SatBackhaulHealthy=0 UavSwitchingXappAvailable=1 UavSwitchingXappState=STANDBY BackhaulMode=TN_DIRECT RicControlState=TN_E2 ActiveUavRic=TN_NEAR_RT_RIC NormalUeHandoverAllowed=1 UavMode=TN_CONTROLLED_COVERAGE_EXTENSION
UAV_AUTONOMY_XAPP Time=14.5 DeploymentMode=tn-uav UavIndex=1 UavCellId=6 BestDonorCellId=3 BestDonorDistanceM=1790.76 XhaulConnected=1 XhaulChannelVariationDb=0 XhaulState=HEALTHY DonorUnavailableActive=0 SatBackhaulHealthy=0 UavSwitchingXappAvailable=1 UavSwitchingXappState=STANDBY BackhaulMode=TN_DIRECT RicControlState=TN_E2 ActiveUavRic=TN_NEAR_RT_RIC NormalUeHandoverAllowed=1 UavMode=TN_CONTROLLED_COVERAGE_EXTENSION
UAV_AUTONOMY_XAPP Time=14.5 DeploymentMode=tn-uav UavIndex=2 UavCellId=7 BestDonorCellId=4 BestDonorDistanceM=1236.37 XhaulConnected=1 XhaulChannelVariationDb=0 XhaulState=HEALTHY DonorUnavailableActive=0 SatBackhaulHealthy=0 UavSwitchingXappAvailable=1 UavSwitchingXappState=STANDBY BackhaulMode=TN_DIRECT RicControlState=TN_E2 ActiveUavRic=TN_NEAR_RT_RIC NormalUeHandoverAllowed=1 UavMode=TN_CONTROLLED_COVERAGE_EXTENSION
---- LOAD at t=14.5 ----
  cell 1 (TN) load=17/20
  cell 2 (TN) load=18/20
  cell 3 (TN) load=17/20
  cell 4 (TN) load=20/20
  cell 5 (NTN) load=10/10
  cell 6 (NTN) load=8/10
  cell 7 (NTN) load=10/10
UE 14 TTT_WAIT target=1 elapsed=0s need=2s
LM HO_FAIL_LOW_RSRP UE=15 currCell=1 candCell=6 candRsrp=-142.632 < min=-120
LM HO UE=17 rnti=72 7->2 type=TN servingRsrp=-119.706 targetRsrp=-106.33 targetLoadReal=18/20 targetLoadEff=18/20
UE 22 TTT_WAIT target=2 elapsed=0s need=2s
UE 30 TTT_WAIT target=2 elapsed=0s need=2s
UE 39 TTT_WAIT target=2 elapsed=0s need=2s
LM HO UE=44 rnti=84 5->1 type=TN servingRsrp=-109.798 targetRsrp=-99.8957 targetLoadReal=17/20 targetLoadEff=17/20
LM HO_FAIL_LOW_RSRP UE=50 currCell=1 candCell=6 candRsrp=-134.512 < min=-120
LM HO_FAIL_LOW_RSRP UE=51 currCell=1 candCell=6 candRsrp=-138.651 < min=-120
LM HO_FAIL_LOW_RSRP UE=53 currCell=4 candCell=6 candRsrp=-151.218 < min=-120
LM HO_FAIL_LOW_RSRP UE=54 currCell=4 candCell=6 candRsrp=-150.658 < min=-120
LM HO_FAIL_LOW_RSRP UE=56 currCell=1 candCell=6 candRsrp=-145.088 < min=-120
LM HO_FAIL_LOW_RSRP UE=57 currCell=4 candCell=6 candRsrp=-161.081 < min=-120
LM HO_FAIL_LOW_RSRP UE=58 currCell=1 candCell=3 candRsrp=-120.624 < min=-120
UE 59 TTT_WAIT target=3 elapsed=0s need=2s
LM HO UE=60 rnti=109 3->2 type=TN servingRsrp=-124.925 targetRsrp=-111.605 targetLoadReal=18/20 targetLoadEff=19/20
LM HO_FAIL_LOW_RSRP UE=61 currCell=2 candCell=6 candRsrp=-125.566 < min=-120
LM HO UE=62 rnti=129 2->3 type=TN servingRsrp=-95.7196 targetRsrp=-86.0991 targetLoadReal=17/20 targetLoadEff=17/20
UE 64 TTT_WAIT target=1 elapsed=0s need=2s
LM HO_FAIL_LOW_RSRP UE=66 currCell=4 candCell=6 candRsrp=-157.59 < min=-120
LM HO_FAIL_LOW_RSRP UE=67 currCell=4 candCell=6 candRsrp=-127.615 < min=-120
LM HO UE=68 rnti=130 3->1 type=TN servingRsrp=-122.318 targetRsrp=-88.9444 targetLoadReal=17/20 targetLoadEff=18/20
LM HO_FAIL_LOW_RSRP UE=69 currCell=4 candCell=6 candRsrp=-133.148 < min=-120
LM HO_FAIL_LOW_RSRP UE=72 currCell=4 candCell=6 candRsrp=-127.521 < min=-120
LM HO_FAIL_LOW_RSRP UE=74 currCell=1 candCell=6 candRsrp=-154.377 < min=-120
LM HO_FAIL_LOW_RSRP UE=77 currCell=3 candCell=6 candRsrp=-120.228 < min=-120
UE 79 TTT_WAIT target=1 elapsed=0s need=2s
LM HO_FAIL_LOW_RSRP UE=82 currCell=1 candCell=6 candRsrp=-134.474 < min=-120
LM HO_FAIL_LOW_RSRP UE=86 currCell=4 candCell=6 candRsrp=-134.826 < min=-120
LM HO_FAIL_LOW_RSRP UE=91 currCell=5 candCell=6 candRsrp=-143.865 < min=-120
LM HO_FAIL_LOW_RSRP UE=92 currCell=1 candCell=6 candRsrp=-131.911 < min=-120
LM HO_FAIL_LOW_RSRP UE=93 currCell=1 candCell=6 candRsrp=-124.147 < min=-120
UE 95 TTT_WAIT target=3 elapsed=0s need=2s
LM HO_FAIL_LOW_RSRP UE=96 currCell=2 candCell=3 candRsrp=-121.024 < min=-120
LM HO_FAIL_LOW_RSRP UE=97 currCell=2 candCell=6 candRsrp=-133.302 < min=-120
LM HO UE=98 rnti=130 2->1 type=TN servingRsrp=-133.102 targetRsrp=-81.9191 targetLoadReal=17/20 targetLoadEff=19/20
LM HO_FAIL_LOW_RSRP UE=99 currCell=3 candCell=6 candRsrp=-132.449 < min=-120
LM HO_FAIL_LOW_RSRP UE=103 currCell=2 candCell=3 candRsrp=-124.184 < min=-120
LM HO_FAIL_LOW_RSRP UE=107 currCell=2 candCell=6 candRsrp=-137.45 < min=-120
TRACE HO_SUCCESS Time=14.6151 IMSI=97 TargetCell=1 Type=TN TargetRSRP=-109.989 ServingRSRP=-113.098 BackhaulDlSnr=-999 BackhaulUlSnr=-999
TRACE HO_SUCCESS Time=14.6151 IMSI=67 TargetCell=1 Type=TN TargetRSRP=-86.8665 ServingRSRP=-121.345 BackhaulDlSnr=-999 BackhaulUlSnr=-999
TRACE HO_SUCCESS Time=14.6151 IMSI=43 TargetCell=1 Type=TN TargetRSRP=-105.669 ServingRSRP=-87.9382 BackhaulDlSnr=-999 BackhaulUlSnr=-999
TRACE HO_SUCCESS Time=14.6151 IMSI=59 TargetCell=2 Type=TN TargetRSRP=-124.297 ServingRSRP=-119.296 BackhaulDlSnr=-999 BackhaulUlSnr=-999
TRACE HO_SUCCESS Time=14.6151 IMSI=16 TargetCell=2 Type=TN TargetRSRP=-129.338 ServingRSRP=-85.8303 BackhaulDlSnr=-999 BackhaulUlSnr=-999
TRACE HO_SUCCESS Time=14.6151 IMSI=61 TargetCell=3 Type=TN TargetRSRP=-104.001 ServingRSRP=-100.841 BackhaulDlSnr=-999 BackhaulUlSnr=-999
UAV_AUTONOMY_XAPP Time=16.5 DeploymentMode=tn-uav UavIndex=0 UavCellId=5 BestDonorCellId=1 BestDonorDistanceM=778.6 XhaulConnected=1 XhaulChannelVariationDb=0 XhaulState=HEALTHY DonorUnavailableActive=0 SatBackhaulHealthy=0 UavSwitchingXappAvailable=1 UavSwitchingXappState=STANDBY BackhaulMode=TN_DIRECT RicControlState=TN_E2 ActiveUavRic=TN_NEAR_RT_RIC NormalUeHandoverAllowed=1 UavMode=TN_CONTROLLED_COVERAGE_EXTENSION
UAV_AUTONOMY_XAPP Time=16.5 DeploymentMode=tn-uav UavIndex=1 UavCellId=6 BestDonorCellId=3 BestDonorDistanceM=1772.56 XhaulConnected=1 XhaulChannelVariationDb=0 XhaulState=HEALTHY DonorUnavailableActive=0 SatBackhaulHealthy=0 UavSwitchingXappAvailable=1 UavSwitchingXappState=STANDBY BackhaulMode=TN_DIRECT RicControlState=TN_E2 ActiveUavRic=TN_NEAR_RT_RIC NormalUeHandoverAllowed=1 UavMode=TN_CONTROLLED_COVERAGE_EXTENSION
UAV_AUTONOMY_XAPP Time=16.5 DeploymentMode=tn-uav UavIndex=2 UavCellId=7 BestDonorCellId=4 BestDonorDistanceM=1244.64 XhaulConnected=1 XhaulChannelVariationDb=0 XhaulState=HEALTHY DonorUnavailableActive=0 SatBackhaulHealthy=0 UavSwitchingXappAvailable=1 UavSwitchingXappState=STANDBY BackhaulMode=TN_DIRECT RicControlState=TN_E2 ActiveUavRic=TN_NEAR_RT_RIC NormalUeHandoverAllowed=1 UavMode=TN_CONTROLLED_COVERAGE_EXTENSION
---- LOAD at t=16.5 ----
  cell 1 (TN) load=20/20
  cell 2 (TN) load=18/20
  cell 3 (TN) load=16/20
  cell 4 (TN) load=20/20
  cell 5 (NTN) load=9/10
  cell 6 (NTN) load=8/10
  cell 7 (NTN) load=9/10
LM HO_FAIL_LOW_RSRP UE=9 currCell=4 candCell=5 candRsrp=-125.86 < min=-120
UE 10 TTT_WAIT target=6 elapsed=0s need=2s
UE 14 TTT_WAIT target=6 elapsed=0s need=2s
UE 15 TTT_WAIT target=7 elapsed=0s need=2s
UE 16 TTT_WAIT target=5 elapsed=0s need=2s
LM HO_FAIL_LOW_RSRP UE=17 currCell=2 candCell=3 candRsrp=-128.68 < min=-120
UE 18 TTT_WAIT target=2 elapsed=0s need=2s
UE 19 TTT_WAIT target=2 elapsed=0s need=2s
UE 22 TTT_WAIT target=5 elapsed=0s need=2s
UE 26 TTT_WAIT target=6 elapsed=0s need=2s
UE 27 TTT_WAIT target=2 elapsed=0s need=2s
UE 28 TTT_WAIT target=6 elapsed=0s need=2s
UE 33 TTT_WAIT target=5 elapsed=0s need=2s
UE 35 TTT_WAIT target=2 elapsed=0s need=2s
LM HO UE=39 rnti=74 4->2 type=TN servingRsrp=-107.902 targetRsrp=-97.5106 targetLoadReal=18/20 targetLoadEff=18/20
UE 46 TTT_WAIT target=2 elapsed=0s need=2s
LM HO_FAIL_LOW_RSRP UE=51 currCell=1 candCell=5 candRsrp=-127.37 < min=-120
UE 53 TTT_WAIT target=7 elapsed=0s need=2s
UE 56 TTT_WAIT target=2 elapsed=0s need=2s
UE 57 TTT_WAIT target=7 elapsed=0s need=2s
UE 58 TTT_WAIT target=2 elapsed=0s need=2s
LM HO UE=59 rnti=107 2->3 type=TN servingRsrp=-120.627 targetRsrp=-114.251 targetLoadReal=16/20 targetLoadEff=16/20
LM HO_FAIL_LOW_RSRP UE=60 currCell=2 candCell=3 candRsrp=-123.826 < min=-120
UE 61 TTT_WAIT target=3 elapsed=0s need=2s
UE 63 TTT_WAIT target=5 elapsed=0s need=2s
UE 66 TTT_WAIT target=2 elapsed=0s need=2s
UE 68 TTT_WAIT target=2 elapsed=0s need=2s
UE 70 TTT_WAIT target=5 elapsed=0s need=2s
LM HO_FAIL_LOW_RSRP UE=72 currCell=4 candCell=5 candRsrp=-134.214 < min=-120
LM HO_FAIL_LOW_RSRP UE=74 currCell=1 candCell=5 candRsrp=-131.198 < min=-120
LM HO_FAIL_LOW_RSRP UE=76 currCell=3 candCell=6 candRsrp=-129.018 < min=-120
UE 78 TTT_WAIT target=2 elapsed=0s need=2s
LM HO_FAIL_LOW_RSRP UE=79 currCell=2 candCell=6 candRsrp=-137.177 < min=-120
UE 80 TTT_WAIT target=5 elapsed=0s need=2s
UE 81 TTT_WAIT target=2 elapsed=0s need=2s
LM HO_FAIL_LOW_RSRP UE=83 currCell=3 candCell=5 candRsrp=-136.271 < min=-120
UE 84 TTT_WAIT target=7 elapsed=0s need=2s
UE 86 TTT_WAIT target=7 elapsed=0s need=2s
LM HO_FAIL_LOW_RSRP UE=88 currCell=1 candCell=2 candRsrp=-127.12 < min=-120
LM HO_FAIL_LOW_RSRP UE=90 currCell=6 candCell=7 candRsrp=-130.669 < min=-120
LM HO_FAIL_LOW_RSRP UE=91 currCell=5 candCell=7 candRsrp=-125.424 < min=-120
LM HO_FAIL_LOW_RSRP UE=92 currCell=1 candCell=2 candRsrp=-123.958 < min=-120
UE 93 TTT_WAIT target=6 elapsed=0s need=2s
LM HO UE=95 rnti=113 2->3 type=TN servingRsrp=-113.612 targetRsrp=-86.96 targetLoadReal=16/20 targetLoadEff=17/20
UE 96 TTT_WAIT target=3 elapsed=0s need=2s
UE 97 TTT_WAIT target=6 elapsed=0s need=2s
LM HO_FAIL_LOW_RSRP UE=98 currCell=1 candCell=5 candRsrp=-128.816 < min=-120
UE 102 TTT_WAIT target=3 elapsed=0s need=2s
UE 103 TTT_WAIT target=7 elapsed=0s need=2s
UE 104 TTT_WAIT target=5 elapsed=0s need=2s
UE 105 TTT_WAIT target=5 elapsed=0s need=2s
TRACE HO_SUCCESS Time=16.6151 IMSI=38 TargetCell=2 Type=TN TargetRSRP=-101.495 ServingRSRP=-81.7336 BackhaulDlSnr=-999 BackhaulUlSnr=-999
TRACE HO_SUCCESS Time=16.6151 IMSI=58 TargetCell=3 Type=TN TargetRSRP=-112.63 ServingRSRP=-118.168 BackhaulDlSnr=-999 BackhaulUlSnr=-999
TRACE HO_SUCCESS Time=16.6151 IMSI=94 TargetCell=3 Type=TN TargetRSRP=-120.121 ServingRSRP=-98.4918 BackhaulDlSnr=-999 BackhaulUlSnr=-999
UAV_AUTONOMY_XAPP Time=18.5 DeploymentMode=tn-uav UavIndex=0 UavCellId=5 BestDonorCellId=1 BestDonorDistanceM=795.096 XhaulConnected=1 XhaulChannelVariationDb=0 XhaulState=HEALTHY DonorUnavailableActive=0 SatBackhaulHealthy=0 UavSwitchingXappAvailable=1 UavSwitchingXappState=STANDBY BackhaulMode=TN_DIRECT RicControlState=TN_E2 ActiveUavRic=TN_NEAR_RT_RIC NormalUeHandoverAllowed=1 UavMode=TN_CONTROLLED_COVERAGE_EXTENSION
UAV_AUTONOMY_XAPP Time=18.5 DeploymentMode=tn-uav UavIndex=1 UavCellId=6 BestDonorCellId=3 BestDonorDistanceM=1752.72 XhaulConnected=1 XhaulChannelVariationDb=0 XhaulState=HEALTHY DonorUnavailableActive=0 SatBackhaulHealthy=0 UavSwitchingXappAvailable=1 UavSwitchingXappState=STANDBY BackhaulMode=TN_DIRECT RicControlState=TN_E2 ActiveUavRic=TN_NEAR_RT_RIC NormalUeHandoverAllowed=1 UavMode=TN_CONTROLLED_COVERAGE_EXTENSION
UAV_AUTONOMY_XAPP Time=18.5 DeploymentMode=tn-uav UavIndex=2 UavCellId=7 BestDonorCellId=4 BestDonorDistanceM=1262.61 XhaulConnected=1 XhaulChannelVariationDb=0 XhaulState=HEALTHY DonorUnavailableActive=0 SatBackhaulHealthy=0 UavSwitchingXappAvailable=1 UavSwitchingXappState=STANDBY BackhaulMode=TN_DIRECT RicControlState=TN_E2 ActiveUavRic=TN_NEAR_RT_RIC NormalUeHandoverAllowed=1 UavMode=TN_CONTROLLED_COVERAGE_EXTENSION
---- LOAD at t=18.5 ----
  cell 1 (TN) load=20/20
  cell 2 (TN) load=17/20
  cell 3 (TN) load=18/20
  cell 4 (TN) load=19/20
  cell 5 (NTN) load=9/10
  cell 6 (NTN) load=8/10
  cell 7 (NTN) load=9/10
UE 12 TTT_WAIT target=2 elapsed=0s need=2s
LM HO UE=14 rnti=129 3->6 type=NTN servingRsrp=-120.549 targetRsrp=-108.646 targetLoadReal=8/10 targetLoadEff=8/10
LM HO_FAIL_LOW_RSRP UE=15 currCell=1 candCell=5 candRsrp=-123.25 < min=-120
UE 17 TTT_WAIT target=4 elapsed=0s need=2s
LM HO UE=18 rnti=81 7->2 type=TN servingRsrp=-119.632 targetRsrp=-103.65 targetLoadReal=17/20 targetLoadEff=17/20
UE 21 TTT_WAIT target=3 elapsed=0s need=2s
LM HO UE=22 rnti=82 7->5 type=NTN servingRsrp=-120.929 targetRsrp=-100.172 targetLoadReal=9/10 targetLoadEff=9/10
UE 26 TTT_WAIT target=2 elapsed=0s need=2s
UE 27 TTT_WAIT target=4 elapsed=0s need=2s
UE 33 TTT_WAIT target=2 elapsed=0s need=2s
LM HO UE=35 rnti=47 3->2 type=TN servingRsrp=-114.335 targetRsrp=-101.454 targetLoadReal=17/20 targetLoadEff=18/20
UE 37 TTT_WAIT target=4 elapsed=0s need=2s
UE 39 TTT_WAIT target=4 elapsed=0s need=2s
UE 43 TTT_WAIT target=2 elapsed=0s need=2s
UE 44 TTT_WAIT target=4 elapsed=0s need=2s
UE 46 TTT_WAIT target=4 elapsed=0s need=2s
UE 49 TTT_WAIT target=3 elapsed=0s need=2s
UE 50 TTT_WAIT target=2 elapsed=0s need=2s
LM HO_FAIL_LOW_RSRP UE=51 currCell=1 candCell=7 candRsrp=-132.818 < min=-120
UE 53 TTT_WAIT target=2 elapsed=0s need=2s
UE 56 TTT_WAIT target=4 elapsed=0s need=2s
LM HO UE=57 rnti=77 4->7 type=NTN servingRsrp=-119.873 targetRsrp=-111.484 targetLoadReal=9/10 targetLoadEff=9/10
UE 58 TTT_WAIT target=3 elapsed=0s need=2s
LM HO_FAIL_LOW_RSRP UE=59 currCell=3 candCell=6 candRsrp=-132.198 < min=-120
UE 60 TTT_WAIT target=6 elapsed=0s need=2s
LM HO UE=61 rnti=108 2->3 type=TN servingRsrp=-92.2252 targetRsrp=-86.6276 targetLoadReal=18/20 targetLoadEff=18/20
UE 64 TTT_WAIT target=2 elapsed=0s need=2s
UE 66 TTT_WAIT target=3 elapsed=0s need=2s
LM HO_FAIL_LOW_RSRP UE=70 currCell=2 candCell=6 candRsrp=-141.07 < min=-120
UE 71 TTT_WAIT target=3 elapsed=0s need=2s
UE 76 TTT_WAIT target=6 elapsed=0s need=2s
UE 79 TTT_WAIT target=3 elapsed=0s need=2s
LM HO_FAIL_LOW_RSRP UE=82 currCell=1 candCell=6 candRsrp=-143.495 < min=-120
LM HO_FAIL_LOW_RSRP UE=86 currCell=4 candCell=6 candRsrp=-147.036 < min=-120
UE 89 TTT_WAIT target=3 elapsed=0s need=2s
UE 91 TTT_WAIT target=4 elapsed=0s need=2s
UE 92 TTT_WAIT target=4 elapsed=0s need=2s
LM HO_FAIL_LOW_RSRP UE=93 currCell=1 candCell=4 candRsrp=-124.804 < min=-120
UE 95 TTT_WAIT target=4 elapsed=0s need=2s
LM HO UE=96 rnti=114 2->3 type=TN servingRsrp=-127.148 targetRsrp=-101.215 targetLoadReal=18/20 targetLoadEff=19/20
LM HO_FAIL_LOW_RSRP UE=97 currCell=2 candCell=6 candRsrp=-142.227 < min=-120
UE 99 TTT_WAIT target=4 elapsed=0s need=2s
LM HO_FAIL_LOW_RSRP UE=103 currCell=2 candCell=4 candRsrp=-124.702 < min=-120
LM HO_FAIL_LOW_RSRP UE=104 currCell=1 candCell=6 candRsrp=-144.069 < min=-120
UE 107 TTT_WAIT target=4 elapsed=0s need=2s
TRACE HO_SUCCESS Time=18.6151 IMSI=34 TargetCell=2 Type=TN TargetRSRP=-125.463 ServingRSRP=-72.7057 BackhaulDlSnr=-999 BackhaulUlSnr=-999
TRACE HO_SUCCESS Time=18.6151 IMSI=17 TargetCell=2 Type=TN TargetRSRP=-129.705 ServingRSRP=-109.205 BackhaulDlSnr=-999 BackhaulUlSnr=-999
TRACE HO_SUCCESS Time=18.6151 IMSI=60 TargetCell=3 Type=TN TargetRSRP=-88.0646 ServingRSRP=-90.2064 BackhaulDlSnr=-999 BackhaulUlSnr=-999
TRACE HO_SUCCESS Time=18.6151 IMSI=95 TargetCell=3 Type=TN TargetRSRP=-101.767 ServingRSRP=-88.6374 BackhaulDlSnr=-999 BackhaulUlSnr=-999
TRACE HO_SUCCESS Time=18.6151 IMSI=21 TargetCell=5 Type=NTN TargetRSRP=-118.252 ServingRSRP=-103.944 BackhaulDlSnr=-999 BackhaulUlSnr=-999
TRACE HO_SUCCESS Time=18.6151 IMSI=13 TargetCell=6 Type=NTN TargetRSRP=-118.149 ServingRSRP=-119.939 BackhaulDlSnr=-999 BackhaulUlSnr=-999
TRACE HO_SUCCESS Time=18.6151 IMSI=56 TargetCell=7 Type=NTN TargetRSRP=-113.918 ServingRSRP=-96.5043 BackhaulDlSnr=-999 BackhaulUlSnr=-999
UAV_AUTONOMY_XAPP Time=20.5 DeploymentMode=tn-uav UavIndex=0 UavCellId=5 BestDonorCellId=1 BestDonorDistanceM=798.252 XhaulConnected=1 XhaulChannelVariationDb=0 XhaulState=HEALTHY DonorUnavailableActive=0 SatBackhaulHealthy=0 UavSwitchingXappAvailable=1 UavSwitchingXappState=STANDBY BackhaulMode=TN_DIRECT RicControlState=TN_E2 ActiveUavRic=TN_NEAR_RT_RIC NormalUeHandoverAllowed=1 UavMode=TN_CONTROLLED_COVERAGE_EXTENSION
UAV_AUTONOMY_XAPP Time=20.5 DeploymentMode=tn-uav UavIndex=1 UavCellId=6 BestDonorCellId=3 BestDonorDistanceM=1733.65 XhaulConnected=1 XhaulChannelVariationDb=0 XhaulState=HEALTHY DonorUnavailableActive=0 SatBackhaulHealthy=0 UavSwitchingXappAvailable=1 UavSwitchingXappState=STANDBY BackhaulMode=TN_DIRECT RicControlState=TN_E2 ActiveUavRic=TN_NEAR_RT_RIC NormalUeHandoverAllowed=1 UavMode=TN_CONTROLLED_COVERAGE_EXTENSION
UAV_AUTONOMY_XAPP Time=20.5 DeploymentMode=tn-uav UavIndex=2 UavCellId=7 BestDonorCellId=4 BestDonorDistanceM=1256.95 XhaulConnected=1 XhaulChannelVariationDb=0 XhaulState=HEALTHY DonorUnavailableActive=0 SatBackhaulHealthy=0 UavSwitchingXappAvailable=1 UavSwitchingXappState=STANDBY BackhaulMode=TN_DIRECT RicControlState=TN_E2 ActiveUavRic=TN_NEAR_RT_RIC NormalUeHandoverAllowed=1 UavMode=TN_CONTROLLED_COVERAGE_EXTENSION
---- LOAD at t=20.5 ----
  cell 1 (TN) load=20/20
  cell 2 (TN) load=17/20
  cell 3 (TN) load=18/20
  cell 4 (TN) load=18/20
  cell 5 (NTN) load=10/10
  cell 6 (NTN) load=9/10
  cell 7 (NTN) load=8/10
UE 9 TTT_WAIT target=2 elapsed=0s need=2s
UE 10 TTT_WAIT target=6 elapsed=0s need=2s
UE 14 TTT_WAIT target=3 elapsed=0s need=2s
LM HO UE=17 rnti=132 2->4 type=TN servingRsrp=-131.138 targetRsrp=-119.603 targetLoadReal=18/20 targetLoadEff=18/20
UE 18 TTT_WAIT target=3 elapsed=0s need=2s
UE 19 TTT_WAIT target=2 elapsed=0s need=2s
UE 22 TTT_WAIT target=7 elapsed=0s need=2s
UE 26 TTT_WAIT target=4 elapsed=0s need=2s
UE 27 TTT_WAIT target=2 elapsed=0s need=2s
UE 30 TTT_WAIT target=4 elapsed=0s need=2s
UE 35 TTT_WAIT target=3 elapsed=0s need=2s
LM HO_FAIL_LOW_RSRP UE=37 currCell=3 candCell=6 candRsrp=-126.381 < min=-120
UE 38 TTT_WAIT target=3 elapsed=0s need=2s
LM HO UE=39 rnti=134 2->4 type=TN servingRsrp=-116.184 targetRsrp=-112.769 targetLoadReal=18/20 targetLoadEff=19/20
UE 40 TTT_WAIT target=7 elapsed=0s need=2s
UE 41 TTT_WAIT target=6 elapsed=0s need=2s
UE 44 TTT_WAIT target=7 elapsed=0s need=2s
UE 45 TTT_WAIT target=2 elapsed=0s need=2s
UE 46 TTT_WAIT target=6 elapsed=0s need=2s
LM HO_FAIL_LOW_RSRP UE=49 currCell=1 candCell=7 candRsrp=-135.179 < min=-120
LM HO_FAIL_LOW_RSRP UE=50 currCell=1 candCell=6 candRsrp=-138.175 < min=-120
UE 53 TTT_WAIT target=7 elapsed=0s need=2s
UE 54 TTT_WAIT target=7 elapsed=0s need=2s
UE 56 TTT_WAIT target=2 elapsed=0s need=2s
UE 59 TTT_WAIT target=2 elapsed=0s need=2s
UE 60 TTT_WAIT target=3 elapsed=0s need=2s
UE 61 TTT_WAIT target=2 elapsed=0s need=2s
UE 66 TTT_WAIT target=2 elapsed=0s need=2s
UE 68 TTT_WAIT target=3 elapsed=0s need=2s
LM HO_FAIL_LOW_RSRP UE=69 currCell=4 candCell=7 candRsrp=-131.031 < min=-120
LM HO_FAIL_LOW_RSRP UE=70 currCell=2 candCell=6 candRsrp=-136.017 < min=-120
LM HO_FAIL_LOW_RSRP UE=72 currCell=4 candCell=7 candRsrp=-137.143 < min=-120
UE 74 TTT_WAIT target=7 elapsed=0s need=2s
LM HO_FAIL_LOW_RSRP UE=76 currCell=3 candCell=6 candRsrp=-128.255 < min=-120
LM HO UE=79 rnti=112 2->3 type=TN servingRsrp=-114.62 targetRsrp=-98.7592 targetLoadReal=18/20 targetLoadEff=18/20
UE 81 TTT_WAIT target=3 elapsed=0s need=2s
UE 82 TTT_WAIT target=2 elapsed=0s need=2s
UE 83 TTT_WAIT target=2 elapsed=0s need=2s
UE 86 TTT_WAIT target=7 elapsed=0s need=2s
UE 88 TTT_WAIT target=3 elapsed=0s need=2s
LM HO_FAIL_LOW_RSRP UE=89 currCell=1 candCell=7 candRsrp=-135.722 < min=-120
UE 91 TTT_WAIT target=7 elapsed=0s need=2s
UE 93 TTT_WAIT target=2 elapsed=0s need=2s
UE 95 TTT_WAIT target=2 elapsed=0s need=2s
LM HO_FAIL_LOW_RSRP UE=96 currCell=3 candCell=7 candRsrp=-132.74 < min=-120
UE 98 TTT_WAIT target=2 elapsed=0s need=2s
UE 101 TTT_WAIT target=6 elapsed=0s need=2s
UE 102 TTT_WAIT target=2 elapsed=0s need=2s
UE 103 TTT_WAIT target=7 elapsed=0s need=2s
UE 104 TTT_WAIT target=3 elapsed=0s need=2s
UE 107 TTT_WAIT target=7 elapsed=0s need=2s
TRACE HO_SUCCESS Time=20.6151 IMSI=78 TargetCell=3 Type=TN TargetRSRP=-125.54 ServingRSRP=-111.903 BackhaulDlSnr=-999 BackhaulUlSnr=-999
TRACE HO_SUCCESS Time=20.6151 IMSI=16 TargetCell=4 Type=TN TargetRSRP=-125.409 ServingRSRP=-125.799 BackhaulDlSnr=-999 BackhaulUlSnr=-999
TRACE HO_SUCCESS Time=20.6151 IMSI=38 TargetCell=4 Type=TN TargetRSRP=-101.958 ServingRSRP=-81.7076 BackhaulDlSnr=-999 BackhaulUlSnr=-999
UAV_AUTONOMY_XAPP Time=22.5 DeploymentMode=tn-uav UavIndex=0 UavCellId=5 BestDonorCellId=1 BestDonorDistanceM=798.252 XhaulConnected=1 XhaulChannelVariationDb=0 XhaulState=HEALTHY DonorUnavailableActive=0 SatBackhaulHealthy=0 UavSwitchingXappAvailable=1 UavSwitchingXappState=STANDBY BackhaulMode=TN_DIRECT RicControlState=TN_E2 ActiveUavRic=TN_NEAR_RT_RIC NormalUeHandoverAllowed=1 UavMode=TN_CONTROLLED_COVERAGE_EXTENSION
UAV_AUTONOMY_XAPP Time=22.5 DeploymentMode=tn-uav UavIndex=1 UavCellId=6 BestDonorCellId=3 BestDonorDistanceM=1715.32 XhaulConnected=1 XhaulChannelVariationDb=0 XhaulState=HEALTHY DonorUnavailableActive=0 SatBackhaulHealthy=0 UavSwitchingXappAvailable=1 UavSwitchingXappState=STANDBY BackhaulMode=TN_DIRECT RicControlState=TN_E2 ActiveUavRic=TN_NEAR_RT_RIC NormalUeHandoverAllowed=1 UavMode=TN_CONTROLLED_COVERAGE_EXTENSION
UAV_AUTONOMY_XAPP Time=22.5 DeploymentMode=tn-uav UavIndex=2 UavCellId=7 BestDonorCellId=4 BestDonorDistanceM=1267.96 XhaulConnected=1 XhaulChannelVariationDb=0 XhaulState=HEALTHY DonorUnavailableActive=0 SatBackhaulHealthy=0 UavSwitchingXappAvailable=1 UavSwitchingXappState=STANDBY BackhaulMode=TN_DIRECT RicControlState=TN_E2 ActiveUavRic=TN_NEAR_RT_RIC NormalUeHandoverAllowed=1 UavMode=TN_CONTROLLED_COVERAGE_EXTENSION
---- LOAD at t=22.5 ----
  cell 1 (TN) load=20/20
  cell 2 (TN) load=14/20
  cell 3 (TN) load=19/20
  cell 4 (TN) load=20/20
  cell 5 (NTN) load=10/10
  cell 6 (NTN) load=9/10
  cell 7 (NTN) load=8/10
UE 12 TTT_WAIT target=6 elapsed=0s need=2s
UE 17 TTT_WAIT target=7 elapsed=0s need=2s
UE 20 TTT_WAIT target=2 elapsed=0s need=2s
UE 26 TTT_WAIT target=3 elapsed=0s need=2s
LM HO_FAIL_LOW_RSRP UE=27 currCell=3 candCell=2 candRsrp=-120.079 < min=-120
LM HO_FAIL_LOW_RSRP UE=28 currCell=2 candCell=6 candRsrp=-128.616 < min=-120
UE 30 TTT_WAIT target=2 elapsed=0s need=2s
UE 33 TTT_WAIT target=2 elapsed=0s need=2s
LM HO UE=35 rnti=136 2->3 type=TN servingRsrp=-135.062 targetRsrp=-112.689 targetLoadReal=19/20 targetLoadEff=19/20
UE 39 TTT_WAIT target=2 elapsed=0s need=2s
LM HO_FAIL_LOW_RSRP UE=40 currCell=6 candCell=7 candRsrp=-129.852 < min=-120
LM HO_FAIL_LOW_RSRP UE=41 currCell=2 candCell=7 candRsrp=-128.034 < min=-120
LM HO UE=44 rnti=164 1->7 type=NTN servingRsrp=-133.61 targetRsrp=-105.836 targetLoadReal=8/10 targetLoadEff=8/10
UE 48 TTT_WAIT target=2 elapsed=0s need=2s
LM HO_FAIL_LOW_RSRP UE=51 currCell=1 candCell=7 candRsrp=-135.953 < min=-120
UE 53 TTT_WAIT target=2 elapsed=0s need=2s
LM HO UE=54 rnti=76 4->7 type=NTN servingRsrp=-117.088 targetRsrp=-106.888 targetLoadReal=8/10 targetLoadEff=9/10
LM HO UE=56 rnti=155 1->2 type=TN servingRsrp=-117.618 targetRsrp=-114.018 targetLoadReal=14/20 targetLoadEff=14/20
UE 60 TTT_WAIT target=6 elapsed=0s need=2s
LM HO UE=61 rnti=134 3->2 type=TN servingRsrp=-102.537 targetRsrp=-80.9015 targetLoadReal=14/20 targetLoadEff=15/20
UE 65 TTT_WAIT target=6 elapsed=0s need=2s
UE 67 TTT_WAIT target=2 elapsed=0s need=2s
LM HO_FAIL_LOW_RSRP UE=69 currCell=4 candCell=6 candRsrp=-143.085 < min=-120
LM HO_FAIL_LOW_RSRP UE=70 currCell=2 candCell=6 candRsrp=-130.202 < min=-120
LM HO_FAIL_LOW_RSRP UE=72 currCell=4 candCell=6 candRsrp=-133.146 < min=-120
LM HO_FAIL_LOW_RSRP UE=78 currCell=4 candCell=6 candRsrp=-147.765 < min=-120
UE 79 TTT_WAIT target=2 elapsed=0s need=2s
LM HO_FAIL_LOW_RSRP UE=81 currCell=4 candCell=6 candRsrp=-146.481 < min=-120
LM HO_FAIL_LOW_RSRP UE=82 currCell=1 candCell=6 candRsrp=-137.591 < min=-120
LM HO_FAIL_LOW_RSRP UE=84 currCell=4 candCell=6 candRsrp=-133.025 < min=-120
UE 88 TTT_WAIT target=2 elapsed=0s need=2s
LM HO_FAIL_LOW_RSRP UE=93 currCell=1 candCell=6 candRsrp=-139.055 < min=-120
LM HO UE=95 rnti=133 3->2 type=TN servingRsrp=-119.287 targetRsrp=-115.637 targetLoadReal=14/20 targetLoadEff=16/20
LM HO_FAIL_LOW_RSRP UE=96 currCell=3 candCell=2 candRsrp=-124.59 < min=-120
UE 97 TTT_WAIT target=6 elapsed=0s need=2s
LM HO_FAIL_LOW_RSRP UE=103 currCell=2 candCell=6 candRsrp=-153.698 < min=-120
UE 104 TTT_WAIT target=2 elapsed=0s need=2s
TRACE HO_SUCCESS Time=22.6151 IMSI=55 TargetCell=2 Type=TN TargetRSRP=-115.768 ServingRSRP=-80.6385 BackhaulDlSnr=-999 BackhaulUlSnr=-999
TRACE HO_SUCCESS Time=22.6151 IMSI=60 TargetCell=2 Type=TN TargetRSRP=-113.64 ServingRSRP=-97.7609 BackhaulDlSnr=-999 BackhaulUlSnr=-999
TRACE HO_SUCCESS Time=22.6151 IMSI=94 TargetCell=2 Type=TN TargetRSRP=-125.288 ServingRSRP=-92.8454 BackhaulDlSnr=-999 BackhaulUlSnr=-999
TRACE HO_SUCCESS Time=22.6151 IMSI=34 TargetCell=3 Type=TN TargetRSRP=-111.709 ServingRSRP=-126.501 BackhaulDlSnr=-999 BackhaulUlSnr=-999
TRACE HO_SUCCESS Time=22.6151 IMSI=43 TargetCell=7 Type=NTN TargetRSRP=-131.259 ServingRSRP=-83.0669 BackhaulDlSnr=-999 BackhaulUlSnr=-999
TRACE HO_SUCCESS Time=22.6151 IMSI=53 TargetCell=7 Type=NTN TargetRSRP=-114.553 ServingRSRP=-79.7703 BackhaulDlSnr=-999 BackhaulUlSnr=-999
UAV_AUTONOMY_XAPP Time=24.5 DeploymentMode=tn-uav UavIndex=0 UavCellId=5 BestDonorCellId=1 BestDonorDistanceM=798.252 XhaulConnected=1 XhaulChannelVariationDb=0 XhaulState=HEALTHY DonorUnavailableActive=0 SatBackhaulHealthy=0 UavSwitchingXappAvailable=1 UavSwitchingXappState=STANDBY BackhaulMode=TN_DIRECT RicControlState=TN_E2 ActiveUavRic=TN_NEAR_RT_RIC NormalUeHandoverAllowed=1 UavMode=TN_CONTROLLED_COVERAGE_EXTENSION
UAV_AUTONOMY_XAPP Time=24.5 DeploymentMode=tn-uav UavIndex=1 UavCellId=6 BestDonorCellId=3 BestDonorDistanceM=1702.41 XhaulConnected=1 XhaulChannelVariationDb=0 XhaulState=HEALTHY DonorUnavailableActive=0 SatBackhaulHealthy=0 UavSwitchingXappAvailable=1 UavSwitchingXappState=STANDBY BackhaulMode=TN_DIRECT RicControlState=TN_E2 ActiveUavRic=TN_NEAR_RT_RIC NormalUeHandoverAllowed=1 UavMode=TN_CONTROLLED_COVERAGE_EXTENSION
UAV_AUTONOMY_XAPP Time=24.5 DeploymentMode=tn-uav UavIndex=2 UavCellId=7 BestDonorCellId=4 BestDonorDistanceM=1271.32 XhaulConnected=1 XhaulChannelVariationDb=0 XhaulState=HEALTHY DonorUnavailableActive=0 SatBackhaulHealthy=0 UavSwitchingXappAvailable=1 UavSwitchingXappState=STANDBY BackhaulMode=TN_DIRECT RicControlState=TN_E2 ActiveUavRic=TN_NEAR_RT_RIC NormalUeHandoverAllowed=1 UavMode=TN_CONTROLLED_COVERAGE_EXTENSION
---- LOAD at t=24.5 ----
  cell 1 (TN) load=18/20
  cell 2 (TN) load=16/20
  cell 3 (TN) load=18/20
  cell 4 (TN) load=19/20
  cell 5 (NTN) load=10/10
  cell 6 (NTN) load=9/10
  cell 7 (NTN) load=10/10
UE 10 TTT_WAIT target=2 elapsed=0s need=2s
UE 15 TTT_WAIT target=3 elapsed=0s need=2s
UE 16 TTT_WAIT target=1 elapsed=0s need=2s
UE 17 TTT_WAIT target=2 elapsed=0s need=2s
UE 18 TTT_WAIT target=1 elapsed=0s need=2s
UE 19 TTT_WAIT target=2 elapsed=0s need=2s
UE 23 TTT_WAIT target=1 elapsed=0s need=2s
UE 28 TTT_WAIT target=6 elapsed=0s need=2s
LM HO_FAIL_LOW_RSRP UE=35 currCell=3 candCell=6 candRsrp=-135.293 < min=-120
UE 40 TTT_WAIT target=1 elapsed=0s need=2s
UE 41 TTT_WAIT target=6 elapsed=0s need=2s
UE 43 TTT_WAIT target=6 elapsed=0s need=2s
UE 44 TTT_WAIT target=1 elapsed=0s need=2s
UE 45 TTT_WAIT target=3 elapsed=0s need=2s
LM HO_FAIL_LOW_RSRP UE=51 currCell=1 candCell=6 candRsrp=-137.025 < min=-120
UE 53 TTT_WAIT target=3 elapsed=0s need=2s
UE 54 TTT_WAIT target=1 elapsed=0s need=2s
UE 56 TTT_WAIT target=4 elapsed=0s need=2s
UE 57 TTT_WAIT target=2 elapsed=0s need=2s
LM HO_FAIL_LOW_RSRP UE=59 currCell=3 candCell=6 candRsrp=-136.379 < min=-120
UE 61 TTT_WAIT target=4 elapsed=0s need=2s
LM HO_FAIL_LOW_RSRP UE=62 currCell=3 candCell=6 candRsrp=-139.463 < min=-120
LM HO_FAIL_LOW_RSRP UE=64 currCell=3 candCell=6 candRsrp=-127.851 < min=-120
LM HO_FAIL_LOW_RSRP UE=67 currCell=4 candCell=6 candRsrp=-150.206 < min=-120
LM HO_FAIL_LOW_RSRP UE=70 currCell=2 candCell=6 candRsrp=-130.907 < min=-120
UE 71 TTT_WAIT target=4 elapsed=0s need=2s
UE 72 TTT_WAIT target=3 elapsed=0s need=2s
LM HO_FAIL_LOW_RSRP UE=74 currCell=1 candCell=6 candRsrp=-152.688 < min=-120
LM HO_FAIL_LOW_RSRP UE=76 currCell=3 candCell=6 candRsrp=-127.36 < min=-120
UE 79 TTT_WAIT target=4 elapsed=0s need=2s
UE 82 TTT_WAIT target=4 elapsed=0s need=2s
UE 86 TTT_WAIT target=3 elapsed=0s need=2s
LM HO UE=88 rnti=151 1->2 type=TN servingRsrp=-128.78 targetRsrp=-97.2423 targetLoadReal=16/20 targetLoadEff=16/20
LM HO_FAIL_LOW_RSRP UE=89 currCell=1 candCell=6 candRsrp=-138.876 < min=-120
UE 91 TTT_WAIT target=1 elapsed=0s need=2s
UE 93 TTT_WAIT target=2 elapsed=0s need=2s
UE 95 TTT_WAIT target=4 elapsed=0s need=2s
UE 96 TTT_WAIT target=2 elapsed=0s need=2s
UE 97 TTT_WAIT target=4 elapsed=0s need=2s
LM HO_FAIL_LOW_RSRP UE=101 currCell=3 candCell=6 candRsrp=-136.775 < min=-120
UE 103 TTT_WAIT target=3 elapsed=0s need=2s
UE 105 TTT_WAIT target=4 elapsed=0s need=2s
UE 107 TTT_WAIT target=4 elapsed=0s need=2s
TRACE HO_SUCCESS Time=24.6151 IMSI=87 TargetCell=2 Type=TN TargetRSRP=-134.651 ServingRSRP=-110.636 BackhaulDlSnr=-999 BackhaulUlSnr=-999
UAV_AUTONOMY_XAPP Time=26.5 DeploymentMode=tn-uav UavIndex=0 UavCellId=5 BestDonorCellId=1 BestDonorDistanceM=798.252 XhaulConnected=1 XhaulChannelVariationDb=0 XhaulState=HEALTHY DonorUnavailableActive=0 SatBackhaulHealthy=0 UavSwitchingXappAvailable=1 UavSwitchingXappState=STANDBY BackhaulMode=TN_DIRECT RicControlState=TN_E2 ActiveUavRic=TN_NEAR_RT_RIC NormalUeHandoverAllowed=1 UavMode=TN_CONTROLLED_COVERAGE_EXTENSION
UAV_AUTONOMY_XAPP Time=26.5 DeploymentMode=tn-uav UavIndex=1 UavCellId=6 BestDonorCellId=3 BestDonorDistanceM=1690.49 XhaulConnected=1 XhaulChannelVariationDb=0 XhaulState=HEALTHY DonorUnavailableActive=0 SatBackhaulHealthy=0 UavSwitchingXappAvailable=1 UavSwitchingXappState=STANDBY BackhaulMode=TN_DIRECT RicControlState=TN_E2 ActiveUavRic=TN_NEAR_RT_RIC NormalUeHandoverAllowed=1 UavMode=TN_CONTROLLED_COVERAGE_EXTENSION
UAV_AUTONOMY_XAPP Time=26.5 DeploymentMode=tn-uav UavIndex=2 UavCellId=7 BestDonorCellId=4 BestDonorDistanceM=1271.32 XhaulConnected=1 XhaulChannelVariationDb=0 XhaulState=HEALTHY DonorUnavailableActive=0 SatBackhaulHealthy=0 UavSwitchingXappAvailable=1 UavSwitchingXappState=STANDBY BackhaulMode=TN_DIRECT RicControlState=TN_E2 ActiveUavRic=TN_NEAR_RT_RIC NormalUeHandoverAllowed=1 UavMode=TN_CONTROLLED_COVERAGE_EXTENSION
---- LOAD at t=26.5 ----
  cell 1 (TN) load=17/20
  cell 2 (TN) load=17/20
  cell 3 (TN) load=18/20
  cell 4 (TN) load=19/20
  cell 5 (NTN) load=10/10
  cell 6 (NTN) load=9/10
  cell 7 (NTN) load=10/10
LM HO_FAIL_LOW_RSRP UE=10 currCell=3 candCell=6 candRsrp=-123.908 < min=-120
LM HO UE=15 rnti=36 1->3 type=TN servingRsrp=-107.344 targetRsrp=-103.77 targetLoadReal=18/20 targetLoadEff=18/20
UE 16 TTT_WAIT target=2 elapsed=0s need=2s
UE 17 TTT_WAIT target=1 elapsed=0s need=2s
UE 18 TTT_WAIT target=4 elapsed=0s need=2s
UE 26 TTT_WAIT target=3 elapsed=0s need=2s
UE 27 TTT_WAIT target=2 elapsed=0s need=2s
LM HO_FAIL_LOW_RSRP UE=33 currCell=1 candCell=6 candRsrp=-148.019 < min=-120
LM HO_FAIL_LOW_RSRP UE=35 currCell=3 candCell=6 candRsrp=-134.763 < min=-120
UE 38 TTT_WAIT target=1 elapsed=0s need=2s
LM HO UE=40 rnti=38 6->1 type=TN servingRsrp=-112.837 targetRsrp=-90.9849 targetLoadReal=17/20 targetLoadEff=17/20
UE 45 TTT_WAIT target=4 elapsed=0s need=2s
UE 47 TTT_WAIT target=2 elapsed=0s need=2s
UE 48 TTT_WAIT target=1 elapsed=0s need=2s
UE 50 TTT_WAIT target=2 elapsed=0s need=2s
LM HO_FAIL_LOW_RSRP UE=51 currCell=1 candCell=6 candRsrp=-124.351 < min=-120
UE 52 TTT_WAIT target=3 elapsed=0s need=2s
UE 54 TTT_WAIT target=2 elapsed=0s need=2s
UE 56 TTT_WAIT target=1 elapsed=0s need=2s
UE 57 TTT_WAIT target=4 elapsed=0s need=2s
UE 60 TTT_WAIT target=1 elapsed=0s need=2s
LM HO UE=61 rnti=138 2->4 type=TN servingRsrp=-117.52 targetRsrp=-93.9845 targetLoadReal=19/20 targetLoadEff=19/20
UE 64 TTT_WAIT target=2 elapsed=0s need=2s
LM HO_FAIL_LOW_RSRP UE=66 currCell=4 candCell=6 candRsrp=-158.899 < min=-120
UE 68 TTT_WAIT target=3 elapsed=0s need=2s
UE 69 TTT_WAIT target=1 elapsed=0s need=2s
LM HO_FAIL_LOW_RSRP UE=70 currCell=2 candCell=6 candRsrp=-137.584 < min=-120
LM HO_FAIL_LOW_RSRP UE=71 currCell=1 candCell=6 candRsrp=-142.331 < min=-120
LM HO UE=72 rnti=148 4->3 type=TN servingRsrp=-114.548 targetRsrp=-110.384 targetLoadReal=18/20 targetLoadEff=19/20
LM HO_FAIL_LOW_RSRP UE=74 currCell=1 candCell=6 candRsrp=-131.948 < min=-120
LM HO_FAIL_LOW_RSRP UE=76 currCell=3 candCell=6 candRsrp=-129.142 < min=-120
LM HO_FAIL_LOW_RSRP UE=81 currCell=4 candCell=6 candRsrp=-142.474 < min=-120
UE 82 TTT_WAIT target=2 elapsed=0s need=2s
UE 88 TTT_WAIT target=1 elapsed=0s need=2s
UE 90 TTT_WAIT target=1 elapsed=0s need=2s
UE 92 TTT_WAIT target=2 elapsed=0s need=2s
LM HO_FAIL_LOW_RSRP UE=96 currCell=3 candCell=2 candRsrp=-131.114 < min=-120
LM HO_FAIL_LOW_RSRP UE=97 currCell=2 candCell=6 candRsrp=-142.852 < min=-120
UE 99 TTT_WAIT target=1 elapsed=0s need=2s
UE 102 TTT_WAIT target=2 elapsed=0s need=2s
UE 103 TTT_WAIT target=1 elapsed=0s need=2s
UE 105 TTT_WAIT target=1 elapsed=0s need=2s
LM HO_FAIL_LOW_RSRP UE=107 currCell=2 candCell=6 candRsrp=-125.801 < min=-120
TRACE HO_SUCCESS Time=26.6151 IMSI=39 TargetCell=1 Type=TN TargetRSRP=-123.039 ServingRSRP=-107.87 BackhaulDlSnr=-999 BackhaulUlSnr=-999
TRACE HO_SUCCESS Time=26.6151 IMSI=14 TargetCell=3 Type=TN TargetRSRP=-137.399 ServingRSRP=-95.7822 BackhaulDlSnr=-999 BackhaulUlSnr=-999
TRACE HO_SUCCESS Time=26.6151 IMSI=71 TargetCell=3 Type=TN TargetRSRP=-143.8 ServingRSRP=-102.575 BackhaulDlSnr=-999 BackhaulUlSnr=-999
TRACE HO_SUCCESS Time=26.6151 IMSI=60 TargetCell=4 Type=TN TargetRSRP=-118.082 ServingRSRP=-115.899 BackhaulDlSnr=-999 BackhaulUlSnr=-999
UAV_AUTONOMY_XAPP Time=28.5 DeploymentMode=tn-uav UavIndex=0 UavCellId=5 BestDonorCellId=1 BestDonorDistanceM=798.252 XhaulConnected=1 XhaulChannelVariationDb=0 XhaulState=HEALTHY DonorUnavailableActive=0 SatBackhaulHealthy=0 UavSwitchingXappAvailable=1 UavSwitchingXappState=STANDBY BackhaulMode=TN_DIRECT RicControlState=TN_E2 ActiveUavRic=TN_NEAR_RT_RIC NormalUeHandoverAllowed=1 UavMode=TN_CONTROLLED_COVERAGE_EXTENSION
UAV_AUTONOMY_XAPP Time=28.5 DeploymentMode=tn-uav UavIndex=1 UavCellId=6 BestDonorCellId=3 BestDonorDistanceM=1679.82 XhaulConnected=1 XhaulChannelVariationDb=0 XhaulState=HEALTHY DonorUnavailableActive=0 SatBackhaulHealthy=0 UavSwitchingXappAvailable=1 UavSwitchingXappState=STANDBY BackhaulMode=TN_DIRECT RicControlState=TN_E2 ActiveUavRic=TN_NEAR_RT_RIC NormalUeHandoverAllowed=1 UavMode=TN_CONTROLLED_COVERAGE_EXTENSION
UAV_AUTONOMY_XAPP Time=28.5 DeploymentMode=tn-uav UavIndex=2 UavCellId=7 BestDonorCellId=4 BestDonorDistanceM=1271.32 XhaulConnected=1 XhaulChannelVariationDb=0 XhaulState=HEALTHY DonorUnavailableActive=0 SatBackhaulHealthy=0 UavSwitchingXappAvailable=1 UavSwitchingXappState=STANDBY BackhaulMode=TN_DIRECT RicControlState=TN_E2 ActiveUavRic=TN_NEAR_RT_RIC NormalUeHandoverAllowed=1 UavMode=TN_CONTROLLED_COVERAGE_EXTENSION
---- LOAD at t=28.5 ----
  cell 1 (TN) load=17/20
  cell 2 (TN) load=16/20
  cell 3 (TN) load=20/20
  cell 4 (TN) load=19/20
  cell 5 (NTN) load=10/10
  cell 6 (NTN) load=8/10
  cell 7 (NTN) load=10/10
UE 9 TTT_WAIT target=1 elapsed=0s need=2s
UE 10 TTT_WAIT target=6 elapsed=0s need=2s
UE 15 TTT_WAIT target=1 elapsed=0s need=2s
UE 17 TTT_WAIT target=2 elapsed=0s need=2s
LM HO UE=18 rnti=135 2->4 type=TN servingRsrp=-107.265 targetRsrp=-92.8432 targetLoadReal=19/20 targetLoadEff=19/20
LM HO_FAIL_LOW_RSRP UE=19 currCell=4 candCell=6 candRsrp=-144.522 < min=-120
UE 26 TTT_WAIT target=1 elapsed=0s need=2s
LM HO UE=27 rnti=46 3->2 type=TN servingRsrp=-115.809 targetRsrp=-98.7783 targetLoadReal=16/20 targetLoadEff=16/20
UE 29 TTT_WAIT target=1 elapsed=0s need=2s
UE 39 TTT_WAIT target=6 elapsed=0s need=2s
UE 40 TTT_WAIT target=6 elapsed=0s need=2s
LM HO UE=47 rnti=86 5->2 type=TN servingRsrp=-108.268 targetRsrp=-88.5416 targetLoadReal=16/20 targetLoadEff=17/20
LM HO UE=48 rnti=88 7->1 type=TN servingRsrp=-112.42 targetRsrp=-91.5272 targetLoadReal=17/20 targetLoadEff=17/20
LM HO UE=50 rnti=154 1->2 type=TN servingRsrp=-123.247 targetRsrp=-104.016 targetLoadReal=16/20 targetLoadEff=18/20
UE 51 TTT_WAIT target=6 elapsed=0s need=2s
UE 53 TTT_WAIT target=2 elapsed=0s need=2s
LM HO UE=56 rnti=137 2->1 type=TN servingRsrp=-116.243 targetRsrp=-113.345 targetLoadReal=17/20 targetLoadEff=18/20
UE 58 TTT_WAIT target=2 elapsed=0s need=2s
UE 59 TTT_WAIT target=2 elapsed=0s need=2s
UE 60 TTT_WAIT target=6 elapsed=0s need=2s
LM HO_FAIL_LOW_RSRP UE=62 currCell=3 candCell=6 candRsrp=-123.055 < min=-120
LM HO_FAIL_LOW_RSRP UE=63 currCell=2 candCell=6 candRsrp=-141.981 < min=-120
LM HO_FAIL_LOW_RSRP UE=66 currCell=4 candCell=6 candRsrp=-130.145 < min=-120
UE 67 TTT_WAIT target=1 elapsed=0s need=2s
LM HO_FAIL_LOW_RSRP UE=68 currCell=1 candCell=6 candRsrp=-136.654 < min=-120
LM HO_FAIL_LOW_RSRP UE=69 currCell=4 candCell=6 candRsrp=-134.995 < min=-120
UE 71 TTT_WAIT target=6 elapsed=0s need=2s
UE 72 TTT_WAIT target=1 elapsed=0s need=2s
UE 74 TTT_WAIT target=2 elapsed=0s need=2s
LM HO_FAIL_LOW_RSRP UE=76 currCell=3 candCell=6 candRsrp=-124.588 < min=-120
LM HO_FAIL_LOW_RSRP UE=77 currCell=3 candCell=6 candRsrp=-120.808 < min=-120
UE 79 TTT_WAIT target=2 elapsed=0s need=2s
LM HO_FAIL_LOW_RSRP UE=82 currCell=1 candCell=6 candRsrp=-143.569 < min=-120
UE 84 TTT_WAIT target=2 elapsed=0s need=2s
LM HO_FAIL_LOW_RSRP UE=89 currCell=1 candCell=6 candRsrp=-135.768 < min=-120
LM HO UE=90 rnti=65 6->1 type=TN servingRsrp=-108.054 targetRsrp=-86.8496 targetLoadReal=17/20 targetLoadEff=19/20
LM HO_FAIL_LOW_RSRP UE=91 currCell=5 candCell=6 candRsrp=-146.756 < min=-120
LM HO_FAIL_LOW_RSRP UE=93 currCell=1 candCell=6 candRsrp=-138.833 < min=-120
LM HO_FAIL_LOW_RSRP UE=95 currCell=2 candCell=6 candRsrp=-142.168 < min=-120
UE 96 TTT_WAIT target=2 elapsed=0s need=2s
LM HO_FAIL_LOW_RSRP UE=97 currCell=2 candCell=6 candRsrp=-136.558 < min=-120
UE 98 TTT_WAIT target=2 elapsed=0s need=2s
UE 99 TTT_WAIT target=6 elapsed=0s need=2s
UE 101 TTT_WAIT target=6 elapsed=0s need=2s
UE 103 TTT_WAIT target=6 elapsed=0s need=2s
TRACE HO_SUCCESS Time=28.6151 IMSI=55 TargetCell=1 Type=TN TargetRSRP=-117.96 ServingRSRP=-108.466 BackhaulDlSnr=-999 BackhaulUlSnr=-999
TRACE HO_SUCCESS Time=28.6151 IMSI=89 TargetCell=1 Type=TN TargetRSRP=-85.236 ServingRSRP=-111.604 BackhaulDlSnr=-999 BackhaulUlSnr=-999
TRACE HO_SUCCESS Time=28.6151 IMSI=47 TargetCell=1 Type=TN TargetRSRP=-93.5402 ServingRSRP=-118.038 BackhaulDlSnr=-999 BackhaulUlSnr=-999
TRACE HO_SUCCESS Time=28.6151 IMSI=49 TargetCell=2 Type=TN TargetRSRP=-126.289 ServingRSRP=-91.8688 BackhaulDlSnr=-999 BackhaulUlSnr=-999
TRACE HO_SUCCESS Time=28.6151 IMSI=26 TargetCell=2 Type=TN TargetRSRP=-118.552 ServingRSRP=-95.1735 BackhaulDlSnr=-999 BackhaulUlSnr=-999
TRACE HO_SUCCESS Time=28.6151 IMSI=46 TargetCell=2 Type=TN TargetRSRP=-87.9789 ServingRSRP=-112.577 BackhaulDlSnr=-999 BackhaulUlSnr=-999
TRACE HO_SUCCESS Time=28.6151 IMSI=17 TargetCell=4 Type=TN TargetRSRP=-125.43 ServingRSRP=-93.7991 BackhaulDlSnr=-999 BackhaulUlSnr=-999
UAV_AUTONOMY_XAPP Time=30.5 DeploymentMode=tn-uav UavIndex=0 UavCellId=5 BestDonorCellId=1 BestDonorDistanceM=800.196 XhaulConnected=1 XhaulChannelVariationDb=0 XhaulState=HEALTHY DonorUnavailableActive=0 SatBackhaulHealthy=0 UavSwitchingXappAvailable=1 UavSwitchingXappState=STANDBY BackhaulMode=TN_DIRECT RicControlState=TN_E2 ActiveUavRic=TN_NEAR_RT_RIC NormalUeHandoverAllowed=1 UavMode=TN_CONTROLLED_COVERAGE_EXTENSION
UAV_AUTONOMY_XAPP Time=30.5 DeploymentMode=tn-uav UavIndex=1 UavCellId=6 BestDonorCellId=3 BestDonorDistanceM=1663.21 XhaulConnected=1 XhaulChannelVariationDb=0 XhaulState=HEALTHY DonorUnavailableActive=0 SatBackhaulHealthy=0 UavSwitchingXappAvailable=1 UavSwitchingXappState=STANDBY BackhaulMode=TN_DIRECT RicControlState=TN_E2 ActiveUavRic=TN_NEAR_RT_RIC NormalUeHandoverAllowed=1 UavMode=TN_CONTROLLED_COVERAGE_EXTENSION
UAV_AUTONOMY_XAPP Time=30.5 DeploymentMode=tn-uav UavIndex=2 UavCellId=7 BestDonorCellId=4 BestDonorDistanceM=1284.15 XhaulConnected=1 XhaulChannelVariationDb=0 XhaulState=HEALTHY DonorUnavailableActive=0 SatBackhaulHealthy=0 UavSwitchingXappAvailable=1 UavSwitchingXappState=STANDBY BackhaulMode=TN_DIRECT RicControlState=TN_E2 ActiveUavRic=TN_NEAR_RT_RIC NormalUeHandoverAllowed=1 UavMode=TN_CONTROLLED_COVERAGE_EXTENSION
---- LOAD at t=30.5 ----
  cell 1 (TN) load=19/20
  cell 2 (TN) load=17/20
  cell 3 (TN) load=19/20
  cell 4 (TN) load=20/20
  cell 5 (NTN) load=9/10
  cell 6 (NTN) load=7/10
  cell 7 (NTN) load=9/10
UE 10 TTT_WAIT target=7 elapsed=0s need=2s
UE 15 TTT_WAIT target=2 elapsed=0s need=2s
UE 16 TTT_WAIT target=2 elapsed=0s need=2s
UE 18 TTT_WAIT target=2 elapsed=0s need=2s
UE 21 TTT_WAIT target=3 elapsed=0s need=2s
UE 22 TTT_WAIT target=7 elapsed=0s need=2s
UE 26 TTT_WAIT target=3 elapsed=0s need=2s
UE 27 TTT_WAIT target=3 elapsed=0s need=2s
UE 29 TTT_WAIT target=5 elapsed=0s need=2s
UE 33 TTT_WAIT target=3 elapsed=0s need=2s
UE 34 TTT_WAIT target=2 elapsed=0s need=2s
UE 35 TTT_WAIT target=2 elapsed=0s need=2s
LM HO_FAIL_LOW_RSRP UE=39 currCell=4 candCell=5 candRsrp=-136.76 < min=-120
UE 40 TTT_WAIT target=2 elapsed=0s need=2s
LM HO_FAIL_LOW_RSRP UE=41 currCell=2 candCell=7 candRsrp=-133.528 < min=-120
UE 43 TTT_WAIT target=1 elapsed=0s need=2s
UE 44 TTT_WAIT target=1 elapsed=0s need=2s
LM HO_FAIL_LOW_RSRP UE=48 currCell=1 candCell=6 candRsrp=-121.042 < min=-120
UE 50 TTT_WAIT target=5 elapsed=0s need=2s
UE 51 TTT_WAIT target=7 elapsed=0s need=2s
LM HO UE=53 rnti=75 4->2 type=TN servingRsrp=-121.188 targetRsrp=-106.819 targetLoadReal=17/20 targetLoadEff=17/20
UE 54 TTT_WAIT target=1 elapsed=0s need=2s
UE 56 TTT_WAIT target=2 elapsed=0s need=2s
UE 58 TTT_WAIT target=3 elapsed=0s need=2s
LM HO UE=59 rnti=132 3->2 type=TN servingRsrp=-118.096 targetRsrp=-107.602 targetLoadReal=17/20 targetLoadEff=18/20
LM HO_FAIL_LOW_RSRP UE=60 currCell=2 candCell=3 candRsrp=-120.847 < min=-120
UE 67 TTT_WAIT target=7 elapsed=0s need=2s
UE 68 TTT_WAIT target=6 elapsed=0s need=2s
UE 71 TTT_WAIT target=3 elapsed=0s need=2s
LM HO_FAIL_LOW_RSRP UE=72 currCell=3 candCell=2 candRsrp=-129.774 < min=-120
UE 78 TTT_WAIT target=7 elapsed=0s need=2s
LM HO UE=79 rnti=136 3->2 type=TN servingRsrp=-126.734 targetRsrp=-84.3029 targetLoadReal=17/20 targetLoadEff=19/20
UE 82 TTT_WAIT target=5 elapsed=0s need=2s
LM HO_FAIL_LOW_RSRP UE=86 currCell=4 candCell=7 candRsrp=-121.02 < min=-120
UE 88 TTT_WAIT target=3 elapsed=0s need=2s
LM HO_FAIL_LOW_RSRP UE=90 currCell=1 candCell=3 candRsrp=-121.602 < min=-120
LM HO_FAIL_LOW_RSRP UE=91 currCell=5 candCell=7 candRsrp=-126.326 < min=-120
UE 93 TTT_WAIT target=5 elapsed=0s need=2s
LM HO_FAIL_LOW_RSRP UE=95 currCell=2 candCell=7 candRsrp=-128.795 < min=-120
UE 97 TTT_WAIT target=3 elapsed=0s need=2s
UE 98 TTT_WAIT target=5 elapsed=0s need=2s
LM HO_FAIL_LOW_RSRP UE=103 currCell=2 candCell=1 candRsrp=-121.118 < min=-120
UE 104 TTT_WAIT target=5 elapsed=0s need=2s
UE 105 TTT_WAIT target=7 elapsed=0s need=2s
TRACE HO_SUCCESS Time=30.6151 IMSI=78 TargetCell=2 Type=TN TargetRSRP=-116.558 ServingRSRP=-111.755 BackhaulDlSnr=-999 BackhaulUlSnr=-999
TRACE HO_SUCCESS Time=30.6151 IMSI=58 TargetCell=2 Type=TN TargetRSRP=-116.192 ServingRSRP=-94.2414 BackhaulDlSnr=-999 BackhaulUlSnr=-999
TRACE HO_SUCCESS Time=30.6151 IMSI=52 TargetCell=2 Type=TN TargetRSRP=-138.452 ServingRSRP=-85.6811 BackhaulDlSnr=-999 BackhaulUlSnr=-999
UAV_AUTONOMY_XAPP Time=32.5 DeploymentMode=tn-uav UavIndex=0 UavCellId=5 BestDonorCellId=1 BestDonorDistanceM=790.642 XhaulConnected=1 XhaulChannelVariationDb=0 XhaulState=HEALTHY DonorUnavailableActive=0 SatBackhaulHealthy=0 UavSwitchingXappAvailable=1 UavSwitchingXappState=STANDBY BackhaulMode=TN_DIRECT RicControlState=TN_E2 ActiveUavRic=TN_NEAR_RT_RIC NormalUeHandoverAllowed=1 UavMode=TN_CONTROLLED_COVERAGE_EXTENSION
UAV_AUTONOMY_XAPP Time=32.5 DeploymentMode=tn-uav UavIndex=1 UavCellId=6 BestDonorCellId=3 BestDonorDistanceM=1644.11 XhaulConnected=1 XhaulChannelVariationDb=0 XhaulState=HEALTHY DonorUnavailableActive=0 SatBackhaulHealthy=0 UavSwitchingXappAvailable=1 UavSwitchingXappState=STANDBY BackhaulMode=TN_DIRECT RicControlState=TN_E2 ActiveUavRic=TN_NEAR_RT_RIC NormalUeHandoverAllowed=1 UavMode=TN_CONTROLLED_COVERAGE_EXTENSION
UAV_AUTONOMY_XAPP Time=32.5 DeploymentMode=tn-uav UavIndex=2 UavCellId=7 BestDonorCellId=4 BestDonorDistanceM=1301.82 XhaulConnected=1 XhaulChannelVariationDb=0 XhaulState=HEALTHY DonorUnavailableActive=0 SatBackhaulHealthy=0 UavSwitchingXappAvailable=1 UavSwitchingXappState=STANDBY BackhaulMode=TN_DIRECT RicControlState=TN_E2 ActiveUavRic=TN_NEAR_RT_RIC NormalUeHandoverAllowed=1 UavMode=TN_CONTROLLED_COVERAGE_EXTENSION
---- LOAD at t=32.5 ----
  cell 1 (TN) load=19/20
  cell 2 (TN) load=20/20
  cell 3 (TN) load=17/20
  cell 4 (TN) load=19/20
  cell 5 (NTN) load=9/10
  cell 6 (NTN) load=7/10
  cell 7 (NTN) load=9/10
UE 15 TTT_WAIT target=1 elapsed=0s need=2s
UE 16 TTT_WAIT target=5 elapsed=0s need=2s
UE 18 TTT_WAIT target=1 elapsed=0s need=2s
UE 23 TTT_WAIT target=4 elapsed=0s need=2s
UE 26 TTT_WAIT target=4 elapsed=0s need=2s
LM HO UE=27 rnti=141 2->3 type=TN servingRsrp=-121.359 targetRsrp=-85.6988 targetLoadReal=17/20 targetLoadEff=17/20
LM HO_FAIL_LOW_RSRP UE=28 currCell=2 candCell=5 candRsrp=-123.088 < min=-120
UE 31 TTT_WAIT target=5 elapsed=0s need=2s
UE 33 TTT_WAIT target=5 elapsed=0s need=2s
UE 38 TTT_WAIT target=3 elapsed=0s need=2s
UE 40 TTT_WAIT target=5 elapsed=0s need=2s
LM HO_FAIL_LOW_RSRP UE=41 currCell=2 candCell=5 candRsrp=-122.51 < min=-120
UE 44 TTT_WAIT target=5 elapsed=0s need=2s
UE 45 TTT_WAIT target=3 elapsed=0s need=2s
UE 47 TTT_WAIT target=4 elapsed=0s need=2s
LM HO_FAIL_LOW_RSRP UE=48 currCell=1 candCell=7 candRsrp=-126.97 < min=-120
UE 49 TTT_WAIT target=7 elapsed=0s need=2s
UE 50 TTT_WAIT target=4 elapsed=0s need=2s
LM HO_FAIL_LOW_RSRP UE=51 currCell=1 candCell=7 candRsrp=-131.456 < min=-120
UE 53 TTT_WAIT target=7 elapsed=0s need=2s
LM HO UE=54 rnti=91 7->1 type=TN servingRsrp=-123.258 targetRsrp=-106.727 targetLoadReal=19/20 targetLoadEff=19/20
UE 59 TTT_WAIT target=3 elapsed=0s need=2s
UE 60 TTT_WAIT target=4 elapsed=0s need=2s
UE 61 TTT_WAIT target=3 elapsed=0s need=2s
UE 64 TTT_WAIT target=6 elapsed=0s need=2s
LM HO_FAIL_LOW_RSRP UE=67 currCell=4 candCell=5 candRsrp=-123.74 < min=-120
LM HO_FAIL_LOW_RSRP UE=68 currCell=1 candCell=5 candRsrp=-120.649 < min=-120
UE 70 TTT_WAIT target=3 elapsed=0s need=2s
UE 72 TTT_WAIT target=4 elapsed=0s need=2s
LM HO_FAIL_LOW_RSRP UE=74 currCell=1 candCell=5 candRsrp=-125.018 < min=-120
UE 79 TTT_WAIT target=5 elapsed=0s need=2s
LM HO_FAIL_LOW_RSRP UE=82 currCell=1 candCell=7 candRsrp=-130.393 < min=-120
LM HO_FAIL_LOW_RSRP UE=84 currCell=4 candCell=5 candRsrp=-131.681 < min=-120
LM HO_FAIL_LOW_RSRP UE=86 currCell=4 candCell=7 candRsrp=-124.635 < min=-120
LM HO_FAIL_LOW_RSRP UE=88 currCell=2 candCell=3 candRsrp=-122.401 < min=-120
UE 90 TTT_WAIT target=3 elapsed=0s need=2s
LM HO_FAIL_LOW_RSRP UE=91 currCell=5 candCell=7 candRsrp=-126.46 < min=-120
LM HO_FAIL_LOW_RSRP UE=92 currCell=1 candCell=7 candRsrp=-127.241 < min=-120
UE 93 TTT_WAIT target=4 elapsed=0s need=2s
UE 96 TTT_WAIT target=4 elapsed=0s need=2s
UE 97 TTT_WAIT target=4 elapsed=0s need=2s
UE 103 TTT_WAIT target=4 elapsed=0s need=2s
LM HO_FAIL_LOW_RSRP UE=104 currCell=1 candCell=7 candRsrp=-129.075 < min=-120
UE 105 TTT_WAIT target=4 elapsed=0s need=2s
LM HO_FAIL_LOW_RSRP UE=107 currCell=2 candCell=6 candRsrp=-126.438 < min=-120
TRACE HO_SUCCESS Time=32.6151 IMSI=53 TargetCell=1 Type=TN TargetRSRP=-126.886 ServingRSRP=-93.0277 BackhaulDlSnr=-999 BackhaulUlSnr=-999
TRACE HO_SUCCESS Time=32.6151 IMSI=26 TargetCell=3 Type=TN TargetRSRP=-129.099 ServingRSRP=-86.8936 BackhaulDlSnr=-999 BackhaulUlSnr=-999
UAV_AUTONOMY_XAPP Time=34.5 DeploymentMode=tn-uav UavIndex=0 UavCellId=5 BestDonorCellId=1 BestDonorDistanceM=803.145 XhaulConnected=1 XhaulChannelVariationDb=0 XhaulState=HEALTHY DonorUnavailableActive=0 SatBackhaulHealthy=0 UavSwitchingXappAvailable=1 UavSwitchingXappState=STANDBY BackhaulMode=TN_DIRECT RicControlState=TN_E2 ActiveUavRic=TN_NEAR_RT_RIC NormalUeHandoverAllowed=1 UavMode=TN_CONTROLLED_COVERAGE_EXTENSION
UAV_AUTONOMY_XAPP Time=34.5 DeploymentMode=tn-uav UavIndex=1 UavCellId=6 BestDonorCellId=3 BestDonorDistanceM=1625.71 XhaulConnected=1 XhaulChannelVariationDb=0 XhaulState=HEALTHY DonorUnavailableActive=0 SatBackhaulHealthy=0 UavSwitchingXappAvailable=1 UavSwitchingXappState=STANDBY BackhaulMode=TN_DIRECT RicControlState=TN_E2 ActiveUavRic=TN_NEAR_RT_RIC NormalUeHandoverAllowed=1 UavMode=TN_CONTROLLED_COVERAGE_EXTENSION
UAV_AUTONOMY_XAPP Time=34.5 DeploymentMode=tn-uav UavIndex=2 UavCellId=7 BestDonorCellId=4 BestDonorDistanceM=1321.21 XhaulConnected=1 XhaulChannelVariationDb=0 XhaulState=HEALTHY DonorUnavailableActive=0 SatBackhaulHealthy=0 UavSwitchingXappAvailable=1 UavSwitchingXappState=STANDBY BackhaulMode=TN_DIRECT RicControlState=TN_E2 ActiveUavRic=TN_NEAR_RT_RIC NormalUeHandoverAllowed=1 UavMode=TN_CONTROLLED_COVERAGE_EXTENSION
---- LOAD at t=34.5 ----
  cell 1 (TN) load=20/20
  cell 2 (TN) load=19/20
  cell 3 (TN) load=18/20
  cell 4 (TN) load=19/20
  cell 5 (NTN) load=9/10
  cell 6 (NTN) load=7/10
  cell 7 (NTN) load=8/10
UE 10 TTT_WAIT target=7 elapsed=0s need=2s
LM HO_FAIL_LOW_RSRP UE=15 currCell=3 candCell=4 candRsrp=-122.209 < min=-120
LM HO UE=16 rnti=71 7->5 type=NTN servingRsrp=-123.064 targetRsrp=-116.507 targetLoadReal=9/10 targetLoadEff=9/10
LM HO_FAIL_LOW_RSRP UE=17 currCell=4 candCell=3 candRsrp=-122.784 < min=-120
UE 19 TTT_WAIT target=2 elapsed=0s need=2s
UE 22 TTT_WAIT target=7 elapsed=0s need=2s
LM HO UE=23 rnti=83 7->4 type=TN servingRsrp=-98.7952 targetRsrp=-92.1603 targetLoadReal=19/20 targetLoadEff=19/20
UE 27 TTT_WAIT target=2 elapsed=0s need=2s
LM HO_FAIL_LOW_RSRP UE=28 currCell=2 candCell=6 candRsrp=-137.327 < min=-120
UE 31 TTT_WAIT target=2 elapsed=0s need=2s
UE 37 TTT_WAIT target=6 elapsed=0s need=2s
UE 38 TTT_WAIT target=2 elapsed=0s need=2s
UE 39 TTT_WAIT target=2 elapsed=0s need=2s
UE 40 TTT_WAIT target=3 elapsed=0s need=2s
UE 41 TTT_WAIT target=3 elapsed=0s need=2s
UE 42 TTT_WAIT target=2 elapsed=0s need=2s
UE 44 TTT_WAIT target=3 elapsed=0s need=2s
UE 45 TTT_WAIT target=2 elapsed=0s need=2s
UE 51 TTT_WAIT target=6 elapsed=0s need=2s
UE 53 TTT_WAIT target=3 elapsed=0s need=2s
UE 54 TTT_WAIT target=7 elapsed=0s need=2s
LM HO_FAIL_LOW_RSRP UE=58 currCell=1 candCell=7 candRsrp=-121.564 < min=-120
UE 60 TTT_WAIT target=3 elapsed=0s need=2s
UE 61 TTT_WAIT target=2 elapsed=0s need=2s
UE 62 TTT_WAIT target=2 elapsed=0s need=2s
UE 64 TTT_WAIT target=2 elapsed=0s need=2s
LM HO_FAIL_LOW_RSRP UE=65 currCell=4 candCell=7 candRsrp=-129.838 < min=-120
UE 66 TTT_WAIT target=3 elapsed=0s need=2s
LM HO_FAIL_LOW_RSRP UE=70 currCell=2 candCell=6 candRsrp=-126.185 < min=-120
UE 71 TTT_WAIT target=2 elapsed=0s need=2s
UE 72 TTT_WAIT target=2 elapsed=0s need=2s
UE 74 TTT_WAIT target=6 elapsed=0s need=2s
UE 77 TTT_WAIT target=2 elapsed=0s need=2s
LM HO_FAIL_LOW_RSRP UE=79 currCell=2 candCell=7 candRsrp=-130.698 < min=-120
LM HO_FAIL_LOW_RSRP UE=81 currCell=4 candCell=7 candRsrp=-120.55 < min=-120
LM HO_FAIL_LOW_RSRP UE=82 currCell=1 candCell=7 candRsrp=-135.201 < min=-120
UE 84 TTT_WAIT target=3 elapsed=0s need=2s
UE 86 TTT_WAIT target=7 elapsed=0s need=2s
LM HO_FAIL_LOW_RSRP UE=88 currCell=2 candCell=7 candRsrp=-135.44 < min=-120
UE 90 TTT_WAIT target=2 elapsed=0s need=2s
UE 91 TTT_WAIT target=6 elapsed=0s need=2s
UE 93 TTT_WAIT target=6 elapsed=0s need=2s
LM HO_FAIL_LOW_RSRP UE=95 currCell=2 candCell=7 candRsrp=-135.128 < min=-120
UE 97 TTT_WAIT target=3 elapsed=0s need=2s
UE 101 TTT_WAIT target=6 elapsed=0s need=2s
UE 102 TTT_WAIT target=3 elapsed=0s need=2s
LM HO_FAIL_LOW_RSRP UE=103 currCell=2 candCell=7 candRsrp=-121.15 < min=-120
UE 104 TTT_WAIT target=7 elapsed=0s need=2s
LM HO_FAIL_LOW_RSRP UE=105 currCell=2 candCell=7 candRsrp=-141.096 < min=-120
LM HO_FAIL_LOW_RSRP UE=107 currCell=2 candCell=6 candRsrp=-140.691 < min=-120
TRACE HO_SUCCESS Time=34.6151 IMSI=22 TargetCell=4 Type=TN TargetRSRP=-116.356 ServingRSRP=-93.4602 BackhaulDlSnr=-999 BackhaulUlSnr=-999
TRACE HO_SUCCESS Time=34.6151 IMSI=15 TargetCell=5 Type=NTN TargetRSRP=-92.3109 ServingRSRP=-104.412 BackhaulDlSnr=-999 BackhaulUlSnr=-999
UAV_AUTONOMY_XAPP Time=36.5 DeploymentMode=tn-uav UavIndex=0 UavCellId=5 BestDonorCellId=1 BestDonorDistanceM=806.899 XhaulConnected=1 XhaulChannelVariationDb=0 XhaulState=HEALTHY DonorUnavailableActive=0 SatBackhaulHealthy=0 UavSwitchingXappAvailable=1 UavSwitchingXappState=STANDBY BackhaulMode=TN_DIRECT RicControlState=TN_E2 ActiveUavRic=TN_NEAR_RT_RIC NormalUeHandoverAllowed=1 UavMode=TN_CONTROLLED_COVERAGE_EXTENSION
UAV_AUTONOMY_XAPP Time=36.5 DeploymentMode=tn-uav UavIndex=1 UavCellId=6 BestDonorCellId=3 BestDonorDistanceM=1608.4 XhaulConnected=1 XhaulChannelVariationDb=0 XhaulState=HEALTHY DonorUnavailableActive=0 SatBackhaulHealthy=0 UavSwitchingXappAvailable=1 UavSwitchingXappState=STANDBY BackhaulMode=TN_DIRECT RicControlState=TN_E2 ActiveUavRic=TN_NEAR_RT_RIC NormalUeHandoverAllowed=1 UavMode=TN_CONTROLLED_COVERAGE_EXTENSION
UAV_AUTONOMY_XAPP Time=36.5 DeploymentMode=tn-uav UavIndex=2 UavCellId=7 BestDonorCellId=4 BestDonorDistanceM=1330.21 XhaulConnected=1 XhaulChannelVariationDb=0 XhaulState=HEALTHY DonorUnavailableActive=0 SatBackhaulHealthy=0 UavSwitchingXappAvailable=1 UavSwitchingXappState=STANDBY BackhaulMode=TN_DIRECT RicControlState=TN_E2 ActiveUavRic=TN_NEAR_RT_RIC NormalUeHandoverAllowed=1 UavMode=TN_CONTROLLED_COVERAGE_EXTENSION
---- LOAD at t=36.5 ----
  cell 1 (TN) load=20/20
  cell 2 (TN) load=19/20
  cell 3 (TN) load=18/20
  cell 4 (TN) load=20/20
  cell 5 (NTN) load=10/10
  cell 6 (NTN) load=7/10
  cell 7 (NTN) load=6/10
UE 9 TTT_WAIT target=3 elapsed=0s need=2s
LM HO UE=10 rnti=43 3->7 type=NTN servingRsrp=-108.509 targetRsrp=-103.841 targetLoadReal=6/10 targetLoadEff=6/10
LM HO_FAIL_LOW_RSRP UE=15 currCell=3 candCell=2 candRsrp=-126.593 < min=-120
UE 17 TTT_WAIT target=7 elapsed=0s need=2s
UE 18 TTT_WAIT target=3 elapsed=0s need=2s
UE 21 TTT_WAIT target=7 elapsed=0s need=2s
UE 23 TTT_WAIT target=7 elapsed=0s need=2s
LM HO_FAIL_LOW_RSRP UE=27 currCell=3 candCell=6 candRsrp=-136.832 < min=-120
UE 29 TTT_WAIT target=3 elapsed=0s need=2s
UE 31 TTT_WAIT target=7 elapsed=0s need=2s
LM HO_FAIL_LOW_RSRP UE=35 currCell=3 candCell=6 candRsrp=-137.977 < min=-120
LM HO_FAIL_LOW_RSRP UE=39 currCell=4 candCell=7 candRsrp=-137.356 < min=-120
UE 40 TTT_WAIT target=2 elapsed=0s need=2s
UE 45 TTT_WAIT target=3 elapsed=0s need=2s
UE 46 TTT_WAIT target=6 elapsed=0s need=2s
UE 48 TTT_WAIT target=7 elapsed=0s need=2s
UE 52 TTT_WAIT target=3 elapsed=0s need=2s
UE 60 TTT_WAIT target=6 elapsed=0s need=2s
LM HO UE=61 rnti=168 4->2 type=TN servingRsrp=-125.563 targetRsrp=-117.304 targetLoadReal=19/20 targetLoadEff=19/20
LM HO_FAIL_LOW_RSRP UE=64 currCell=3 candCell=6 candRsrp=-133.23 < min=-120
LM HO_FAIL_LOW_RSRP UE=66 currCell=4 candCell=7 candRsrp=-122.177 < min=-120
UE 68 TTT_WAIT target=7 elapsed=0s need=2s
LM HO_FAIL_LOW_RSRP UE=69 currCell=4 candCell=7 candRsrp=-139.256 < min=-120
LM HO_FAIL_LOW_RSRP UE=70 currCell=2 candCell=6 candRsrp=-130.392 < min=-120
UE 71 TTT_WAIT target=6 elapsed=0s need=2s
LM HO_FAIL_LOW_RSRP UE=72 currCell=3 candCell=7 candRsrp=-139.705 < min=-120
UE 76 TTT_WAIT target=6 elapsed=0s need=2s
LM HO_FAIL_LOW_RSRP UE=78 currCell=4 candCell=7 candRsrp=-123.823 < min=-120
UE 79 TTT_WAIT target=7 elapsed=0s need=2s
UE 82 TTT_WAIT target=3 elapsed=0s need=2s
LM HO_FAIL_LOW_RSRP UE=84 currCell=4 candCell=7 candRsrp=-142.228 < min=-120
UE 86 TTT_WAIT target=3 elapsed=0s need=2s
LM HO_FAIL_LOW_RSRP UE=88 currCell=2 candCell=6 candRsrp=-134.43 < min=-120
LM HO_FAIL_LOW_RSRP UE=91 currCell=5 candCell=7 candRsrp=-127.047 < min=-120
UE 92 TTT_WAIT target=7 elapsed=0s need=2s
UE 93 TTT_WAIT target=3 elapsed=0s need=2s
LM HO_FAIL_LOW_RSRP UE=95 currCell=2 candCell=7 candRsrp=-136.635 < min=-120
LM HO_FAIL_LOW_RSRP UE=97 currCell=2 candCell=6 candRsrp=-126.753 < min=-120
LM HO_FAIL_LOW_RSRP UE=101 currCell=3 candCell=6 candRsrp=-128.368 < min=-120
LM HO_FAIL_LOW_RSRP UE=103 currCell=2 candCell=7 candRsrp=-124.685 < min=-120
LM HO_FAIL_LOW_RSRP UE=104 currCell=1 candCell=7 candRsrp=-126.908 < min=-120
UE 105 TTT_WAIT target=7 elapsed=0s need=2s
UE 107 TTT_WAIT target=3 elapsed=0s need=2s
TRACE HO_SUCCESS Time=36.6151 IMSI=60 TargetCell=2 Type=TN TargetRSRP=-122.508 ServingRSRP=-93.1263 BackhaulDlSnr=-999 BackhaulUlSnr=-999
TRACE HO_SUCCESS Time=36.6151 IMSI=9 TargetCell=7 Type=NTN TargetRSRP=-147.8 ServingRSRP=-72.9453 BackhaulDlSnr=-999 BackhaulUlSnr=-999
UAV_AUTONOMY_XAPP Time=38.5 DeploymentMode=tn-uav UavIndex=0 UavCellId=5 BestDonorCellId=1 BestDonorDistanceM=806.899 XhaulConnected=1 XhaulChannelVariationDb=0 XhaulState=HEALTHY DonorUnavailableActive=0 SatBackhaulHealthy=0 UavSwitchingXappAvailable=1 UavSwitchingXappState=STANDBY BackhaulMode=TN_DIRECT RicControlState=TN_E2 ActiveUavRic=TN_NEAR_RT_RIC NormalUeHandoverAllowed=1 UavMode=TN_CONTROLLED_COVERAGE_EXTENSION
UAV_AUTONOMY_XAPP Time=38.5 DeploymentMode=tn-uav UavIndex=1 UavCellId=6 BestDonorCellId=3 BestDonorDistanceM=1590.42 XhaulConnected=1 XhaulChannelVariationDb=0 XhaulState=HEALTHY DonorUnavailableActive=0 SatBackhaulHealthy=0 UavSwitchingXappAvailable=1 UavSwitchingXappState=STANDBY BackhaulMode=TN_DIRECT RicControlState=TN_E2 ActiveUavRic=TN_NEAR_RT_RIC NormalUeHandoverAllowed=1 UavMode=TN_CONTROLLED_COVERAGE_EXTENSION
UAV_AUTONOMY_XAPP Time=38.5 DeploymentMode=tn-uav UavIndex=2 UavCellId=7 BestDonorCellId=4 BestDonorDistanceM=1325.22 XhaulConnected=1 XhaulChannelVariationDb=0 XhaulState=HEALTHY DonorUnavailableActive=0 SatBackhaulHealthy=0 UavSwitchingXappAvailable=1 UavSwitchingXappState=STANDBY BackhaulMode=TN_DIRECT RicControlState=TN_E2 ActiveUavRic=TN_NEAR_RT_RIC NormalUeHandoverAllowed=1 UavMode=TN_CONTROLLED_COVERAGE_EXTENSION
---- LOAD at t=38.5 ----
  cell 1 (TN) load=20/20
  cell 2 (TN) load=20/20
  cell 3 (TN) load=17/20
  cell 4 (TN) load=19/20
  cell 5 (NTN) load=10/10
  cell 6 (NTN) load=7/10
  cell 7 (NTN) load=7/10
UE 8 TTT_WAIT target=4 elapsed=0s need=2s
UE 10 TTT_WAIT target=4 elapsed=0s need=2s
LM HO_FAIL_LOW_RSRP UE=15 currCell=3 candCell=4 candRsrp=-128.575 < min=-120
LM HO UE=17 rnti=166 4->7 type=NTN servingRsrp=-128.817 targetRsrp=-81.5938 targetLoadReal=7/10 targetLoadEff=7/10
UE 18 TTT_WAIT target=7 elapsed=0s need=2s
UE 19 TTT_WAIT target=7 elapsed=0s need=2s
UE 21 TTT_WAIT target=4 elapsed=0s need=2s
LM HO_FAIL_LOW_RSRP UE=22 currCell=5 candCell=7 candRsrp=-120.858 < min=-120
LM HO_FAIL_LOW_RSRP UE=27 currCell=3 candCell=4 candRsrp=-121.007 < min=-120
LM HO_FAIL_LOW_RSRP UE=28 currCell=2 candCell=6 candRsrp=-142.628 < min=-120
UE 34 TTT_WAIT target=4 elapsed=0s need=2s
LM HO_FAIL_LOW_RSRP UE=35 currCell=3 candCell=7 candRsrp=-127.498 < min=-120
UE 37 TTT_WAIT target=6 elapsed=0s need=2s
UE 38 TTT_WAIT target=4 elapsed=0s need=2s
LM HO_FAIL_LOW_RSRP UE=41 currCell=2 candCell=7 candRsrp=-131.584 < min=-120
UE 44 TTT_WAIT target=3 elapsed=0s need=2s
UE 46 TTT_WAIT target=4 elapsed=0s need=2s
LM HO_FAIL_LOW_RSRP UE=47 currCell=2 candCell=6 candRsrp=-136.345 < min=-120
UE 48 TTT_WAIT target=4 elapsed=0s need=2s
UE 53 TTT_WAIT target=4 elapsed=0s need=2s
UE 54 TTT_WAIT target=7 elapsed=0s need=2s
LM HO UE=60 rnti=133 2->6 type=NTN servingRsrp=-124.353 targetRsrp=-112.724 targetLoadReal=7/10 targetLoadEff=7/10
UE 61 TTT_WAIT target=3 elapsed=0s need=2s
UE 62 TTT_WAIT target=6 elapsed=0s need=2s
UE 63 TTT_WAIT target=4 elapsed=0s need=2s
UE 64 TTT_WAIT target=6 elapsed=0s need=2s
UE 65 TTT_WAIT target=6 elapsed=0s need=2s
LM HO_FAIL_LOW_RSRP UE=68 currCell=1 candCell=6 candRsrp=-125.818 < min=-120
LM HO_FAIL_LOW_RSRP UE=71 currCell=1 candCell=7 candRsrp=-129.807 < min=-120
UE 72 TTT_WAIT target=4 elapsed=0s need=2s
UE 79 TTT_WAIT target=3 elapsed=0s need=2s
LM HO_FAIL_LOW_RSRP UE=84 currCell=4 candCell=7 candRsrp=-121.386 < min=-120
UE 88 TTT_WAIT target=3 elapsed=0s need=2s
UE 89 TTT_WAIT target=6 elapsed=0s need=2s
UE 90 TTT_WAIT target=4 elapsed=0s need=2s
UE 91 TTT_WAIT target=7 elapsed=0s need=2s
LM HO_FAIL_LOW_RSRP UE=92 currCell=1 candCell=7 candRsrp=-133.563 < min=-120
UE 95 TTT_WAIT target=7 elapsed=0s need=2s
UE 97 TTT_WAIT target=3 elapsed=0s need=2s
UE 98 TTT_WAIT target=7 elapsed=0s need=2s
LM HO_FAIL_LOW_RSRP UE=103 currCell=2 candCell=4 candRsrp=-125.644 < min=-120
LM HO_FAIL_LOW_RSRP UE=104 currCell=1 candCell=7 candRsrp=-128.591 < min=-120
UE 105 TTT_WAIT target=4 elapsed=0s need=2s
LM HO_FAIL_LOW_RSRP UE=107 currCell=2 candCell=7 candRsrp=-134.829 < min=-120
TRACE HO_SUCCESS Time=38.6151 IMSI=59 TargetCell=6 Type=NTN TargetRSRP=-141.888 ServingRSRP=-96.1059 BackhaulDlSnr=-999 BackhaulUlSnr=-999
TRACE HO_SUCCESS Time=38.6151 IMSI=16 TargetCell=7 Type=NTN TargetRSRP=-121.378 ServingRSRP=-94.9143 BackhaulDlSnr=-999 BackhaulUlSnr=-999
UAV_AUTONOMY_XAPP Time=40.5 DeploymentMode=tn-uav UavIndex=0 UavCellId=5 BestDonorCellId=1 BestDonorDistanceM=806.899 XhaulConnected=1 XhaulChannelVariationDb=0 XhaulState=HEALTHY DonorUnavailableActive=0 SatBackhaulHealthy=0 UavSwitchingXappAvailable=1 UavSwitchingXappState=STANDBY BackhaulMode=TN_DIRECT RicControlState=TN_E2 ActiveUavRic=TN_NEAR_RT_RIC NormalUeHandoverAllowed=1 UavMode=TN_CONTROLLED_COVERAGE_EXTENSION
UAV_AUTONOMY_XAPP Time=40.5 DeploymentMode=tn-uav UavIndex=1 UavCellId=6 BestDonorCellId=3 BestDonorDistanceM=1573.19 XhaulConnected=1 XhaulChannelVariationDb=0 XhaulState=HEALTHY DonorUnavailableActive=0 SatBackhaulHealthy=0 UavSwitchingXappAvailable=1 UavSwitchingXappState=STANDBY BackhaulMode=TN_DIRECT RicControlState=TN_E2 ActiveUavRic=TN_NEAR_RT_RIC NormalUeHandoverAllowed=1 UavMode=TN_CONTROLLED_COVERAGE_EXTENSION
UAV_AUTONOMY_XAPP Time=40.5 DeploymentMode=tn-uav UavIndex=2 UavCellId=7 BestDonorCellId=4 BestDonorDistanceM=1314.57 XhaulConnected=1 XhaulChannelVariationDb=0 XhaulState=HEALTHY DonorUnavailableActive=0 SatBackhaulHealthy=0 UavSwitchingXappAvailable=1 UavSwitchingXappState=STANDBY BackhaulMode=TN_DIRECT RicControlState=TN_E2 ActiveUavRic=TN_NEAR_RT_RIC NormalUeHandoverAllowed=1 UavMode=TN_CONTROLLED_COVERAGE_EXTENSION
---- LOAD at t=40.5 ----
  cell 1 (TN) load=20/20
  cell 2 (TN) load=19/20
  cell 3 (TN) load=17/20
  cell 4 (TN) load=18/20
  cell 5 (NTN) load=10/10
  cell 6 (NTN) load=8/10
  cell 7 (NTN) load=8/10
LM HO_FAIL_LOW_RSRP UE=10 currCell=7 candCell=6 candRsrp=-136.094 < min=-120
UE 15 TTT_WAIT target=4 elapsed=0s need=2s
UE 16 TTT_WAIT target=7 elapsed=0s need=2s
UE 17 TTT_WAIT target=4 elapsed=0s need=2s
UE 18 TTT_WAIT target=2 elapsed=0s need=2s
LM HO_FAIL_LOW_RSRP UE=27 currCell=3 candCell=6 candRsrp=-138.912 < min=-120
UE 28 TTT_WAIT target=4 elapsed=0s need=2s
UE 30 TTT_WAIT target=3 elapsed=0s need=2s
UE 31 TTT_WAIT target=7 elapsed=0s need=2s
LM HO_FAIL_LOW_RSRP UE=33 currCell=1 candCell=7 candRsrp=-131.989 < min=-120
UE 38 TTT_WAIT target=2 elapsed=0s need=2s
UE 39 TTT_WAIT target=2 elapsed=0s need=2s
LM HO_FAIL_LOW_RSRP UE=40 currCell=1 candCell=4 candRsrp=-120.605 < min=-120
LM HO_FAIL_LOW_RSRP UE=41 currCell=2 candCell=6 candRsrp=-133.661 < min=-120
UE 42 TTT_WAIT target=7 elapsed=0s need=2s
LM HO UE=46 rnti=85 5->4 type=TN servingRsrp=-123.565 targetRsrp=-91.2428 targetLoadReal=18/20 targetLoadEff=18/20
UE 51 TTT_WAIT target=2 elapsed=0s need=2s
UE 53 TTT_WAIT target=7 elapsed=0s need=2s
UE 57 TTT_WAIT target=4 elapsed=0s need=2s
UE 58 TTT_WAIT target=4 elapsed=0s need=2s
LM HO UE=61 rnti=147 2->3 type=TN servingRsrp=-115.118 targetRsrp=-83.9104 targetLoadReal=17/20 targetLoadEff=17/20
LM HO_FAIL_LOW_RSRP UE=62 currCell=3 candCell=6 candRsrp=-125.772 < min=-120
LM HO UE=64 rnti=111 3->6 type=NTN servingRsrp=-107.645 targetRsrp=-93.7193 targetLoadReal=8/10 targetLoadEff=8/10
LM HO_FAIL_LOW_RSRP UE=66 currCell=4 candCell=7 candRsrp=-129.972 < min=-120
UE 70 TTT_WAIT target=3 elapsed=0s need=2s
UE 71 TTT_WAIT target=3 elapsed=0s need=2s
LM HO UE=72 rnti=139 3->4 type=TN servingRsrp=-140.618 targetRsrp=-115.815 targetLoadReal=18/20 targetLoadEff=19/20
LM HO_FAIL_LOW_RSRP UE=74 currCell=1 candCell=7 candRsrp=-131.066 < min=-120
LM HO_FAIL_LOW_RSRP UE=77 currCell=3 candCell=6 candRsrp=-120.942 < min=-120
LM HO UE=79 rnti=146 2->3 type=TN servingRsrp=-114.099 targetRsrp=-106.087 targetLoadReal=17/20 targetLoadEff=18/20
UE 81 TTT_WAIT target=2 elapsed=0s need=2s
UE 82 TTT_WAIT target=6 elapsed=0s need=2s
UE 84 TTT_WAIT target=2 elapsed=0s need=2s
LM HO UE=91 rnti=95 5->7 type=NTN servingRsrp=-148.874 targetRsrp=-95.0803 targetLoadReal=8/10 targetLoadEff=8/10
LM HO_FAIL_LOW_RSRP UE=92 currCell=1 candCell=3 candRsrp=-120.64 < min=-120
UE 95 TTT_WAIT target=3 elapsed=0s need=2s
UE 96 TTT_WAIT target=2 elapsed=0s need=2s
UE 97 TTT_WAIT target=7 elapsed=0s need=2s
UE 98 TTT_WAIT target=6 elapsed=0s need=2s
LM HO_FAIL_LOW_RSRP UE=103 currCell=2 candCell=3 candRsrp=-124.96 < min=-120
LM HO_FAIL_LOW_RSRP UE=104 currCell=1 candCell=7 candRsrp=-133.259 < min=-120
UE 105 TTT_WAIT target=3 elapsed=0s need=2s
LM HO_FAIL_LOW_RSRP UE=107 currCell=2 candCell=7 candRsrp=-135.754 < min=-120
TRACE HO_SUCCESS Time=40.6151 IMSI=78 TargetCell=3 Type=TN TargetRSRP=-108.557 ServingRSRP=-100.246 BackhaulDlSnr=-999 BackhaulUlSnr=-999
TRACE HO_SUCCESS Time=40.6151 IMSI=60 TargetCell=3 Type=TN TargetRSRP=-102.207 ServingRSRP=-102.943 BackhaulDlSnr=-999 BackhaulUlSnr=-999
TRACE HO_SUCCESS Time=40.6151 IMSI=71 TargetCell=4 Type=TN TargetRSRP=-98.705 ServingRSRP=-104.797 BackhaulDlSnr=-999 BackhaulUlSnr=-999
TRACE HO_SUCCESS Time=40.6151 IMSI=45 TargetCell=4 Type=TN TargetRSRP=-127.299 ServingRSRP=-95.6943 BackhaulDlSnr=-999 BackhaulUlSnr=-999
TRACE HO_SUCCESS Time=40.6151 IMSI=63 TargetCell=6 Type=NTN TargetRSRP=-129.909 ServingRSRP=-92.0654 BackhaulDlSnr=-999 BackhaulUlSnr=-999
TRACE HO_SUCCESS Time=40.6151 IMSI=90 TargetCell=7 Type=NTN TargetRSRP=-127.132 ServingRSRP=-112.756 BackhaulDlSnr=-999 BackhaulUlSnr=-999
UAV_AUTONOMY_XAPP Time=42.5 DeploymentMode=tn-uav UavIndex=0 UavCellId=5 BestDonorCellId=1 BestDonorDistanceM=797.668 XhaulConnected=1 XhaulChannelVariationDb=0 XhaulState=HEALTHY DonorUnavailableActive=0 SatBackhaulHealthy=0 UavSwitchingXappAvailable=1 UavSwitchingXappState=STANDBY BackhaulMode=TN_DIRECT RicControlState=TN_E2 ActiveUavRic=TN_NEAR_RT_RIC NormalUeHandoverAllowed=1 UavMode=TN_CONTROLLED_COVERAGE_EXTENSION
UAV_AUTONOMY_XAPP Time=42.5 DeploymentMode=tn-uav UavIndex=1 UavCellId=6 BestDonorCellId=3 BestDonorDistanceM=1554.75 XhaulConnected=1 XhaulChannelVariationDb=0 XhaulState=HEALTHY DonorUnavailableActive=0 SatBackhaulHealthy=0 UavSwitchingXappAvailable=1 UavSwitchingXappState=STANDBY BackhaulMode=TN_DIRECT RicControlState=TN_E2 ActiveUavRic=TN_NEAR_RT_RIC NormalUeHandoverAllowed=1 UavMode=TN_CONTROLLED_COVERAGE_EXTENSION
UAV_AUTONOMY_XAPP Time=42.5 DeploymentMode=tn-uav UavIndex=2 UavCellId=7 BestDonorCellId=4 BestDonorDistanceM=1326.33 XhaulConnected=1 XhaulChannelVariationDb=0 XhaulState=HEALTHY DonorUnavailableActive=0 SatBackhaulHealthy=0 UavSwitchingXappAvailable=1 UavSwitchingXappState=STANDBY BackhaulMode=TN_DIRECT RicControlState=TN_E2 ActiveUavRic=TN_NEAR_RT_RIC NormalUeHandoverAllowed=1 UavMode=TN_CONTROLLED_COVERAGE_EXTENSION
---- LOAD at t=42.5 ----
  cell 1 (TN) load=20/20
  cell 2 (TN) load=17/20
  cell 3 (TN) load=17/20
  cell 4 (TN) load=20/20
  cell 5 (NTN) load=8/10
  cell 6 (NTN) load=9/10
  cell 7 (NTN) load=9/10
UE 9 TTT_WAIT target=3 elapsed=0s need=2s
UE 10 TTT_WAIT target=3 elapsed=0s need=2s
UE 26 TTT_WAIT target=7 elapsed=0s need=2s
UE 27 TTT_WAIT target=5 elapsed=0s need=2s
LM HO_FAIL_LOW_RSRP UE=28 currCell=2 candCell=7 candRsrp=-120.113 < min=-120
UE 29 TTT_WAIT target=5 elapsed=0s need=2s
UE 30 TTT_WAIT target=5 elapsed=0s need=2s
LM HO UE=31 rnti=73 4->7 type=NTN servingRsrp=-110.569 targetRsrp=-90.7778 targetLoadReal=9/10 targetLoadEff=9/10
UE 32 TTT_WAIT target=2 elapsed=0s need=2s
UE 34 TTT_WAIT target=2 elapsed=0s need=2s
LM HO_FAIL_LOW_RSRP UE=35 currCell=3 candCell=5 candRsrp=-133.862 < min=-120
UE 37 TTT_WAIT target=2 elapsed=0s need=2s
LM HO UE=39 rnti=167 4->2 type=TN servingRsrp=-111.175 targetRsrp=-80.8343 targetLoadReal=17/20 targetLoadEff=17/20
UE 40 TTT_WAIT target=3 elapsed=0s need=2s
UE 43 TTT_WAIT target=5 elapsed=0s need=2s
UE 44 TTT_WAIT target=5 elapsed=0s need=2s
UE 45 TTT_WAIT target=2 elapsed=0s need=2s
LM HO_FAIL_LOW_RSRP UE=46 currCell=4 candCell=5 candRsrp=-129.882 < min=-120
LM HO_FAIL_LOW_RSRP UE=47 currCell=2 candCell=5 candRsrp=-120.952 < min=-120
UE 50 TTT_WAIT target=5 elapsed=0s need=2s
UE 52 TTT_WAIT target=3 elapsed=0s need=2s
LM HO_FAIL_LOW_RSRP UE=53 currCell=2 candCell=5 candRsrp=-136.569 < min=-120
UE 54 TTT_WAIT target=2 elapsed=0s need=2s
UE 56 TTT_WAIT target=2 elapsed=0s need=2s
LM HO_FAIL_LOW_RSRP UE=58 currCell=1 candCell=5 candRsrp=-130.473 < min=-120
UE 59 TTT_WAIT target=3 elapsed=0s need=2s
LM HO_FAIL_LOW_RSRP UE=60 currCell=6 candCell=5 candRsrp=-132.122 < min=-120
UE 61 TTT_WAIT target=2 elapsed=0s need=2s
UE 63 TTT_WAIT target=5 elapsed=0s need=2s
UE 64 TTT_WAIT target=3 elapsed=0s need=2s
UE 65 TTT_WAIT target=5 elapsed=0s need=2s
UE 66 TTT_WAIT target=5 elapsed=0s need=2s
UE 67 TTT_WAIT target=5 elapsed=0s need=2s
UE 68 TTT_WAIT target=2 elapsed=0s need=2s
LM HO_FAIL_LOW_RSRP UE=70 currCell=2 candCell=5 candRsrp=-134.242 < min=-120
UE 79 TTT_WAIT target=2 elapsed=0s need=2s
LM HO UE=81 rnti=150 4->2 type=TN servingRsrp=-126.099 targetRsrp=-115.524 targetLoadReal=17/20 targetLoadEff=18/20
UE 84 TTT_WAIT target=5 elapsed=0s need=2s
LM HO_FAIL_LOW_RSRP UE=86 currCell=4 candCell=5 candRsrp=-134.043 < min=-120
UE 88 TTT_WAIT target=3 elapsed=0s need=2s
LM HO_FAIL_LOW_RSRP UE=89 currCell=1 candCell=5 candRsrp=-131.652 < min=-120
LM HO_FAIL_LOW_RSRP UE=90 currCell=1 candCell=5 candRsrp=-131.955 < min=-120
UE 93 TTT_WAIT target=3 elapsed=0s need=2s
LM HO_FAIL_LOW_RSRP UE=96 currCell=3 candCell=2 candRsrp=-130.466 < min=-120
LM HO_FAIL_LOW_RSRP UE=97 currCell=2 candCell=6 candRsrp=-139.403 < min=-120
UE 98 TTT_WAIT target=2 elapsed=0s need=2s
LM HO_FAIL_LOW_RSRP UE=103 currCell=2 candCell=5 candRsrp=-126.628 < min=-120
UE 104 TTT_WAIT target=3 elapsed=0s need=2s
UE 105 TTT_WAIT target=5 elapsed=0s need=2s
LM HO_FAIL_LOW_RSRP UE=107 currCell=2 candCell=6 candRsrp=-139.215 < min=-120
TRACE HO_SUCCESS Time=42.6151 IMSI=38 TargetCell=2 Type=TN TargetRSRP=-118.907 ServingRSRP=-108.371 BackhaulDlSnr=-999 BackhaulUlSnr=-999
TRACE HO_SUCCESS Time=42.6151 IMSI=80 TargetCell=2 Type=TN TargetRSRP=-131.222 ServingRSRP=-88.9401 BackhaulDlSnr=-999 BackhaulUlSnr=-999
TRACE HO_SUCCESS Time=42.6151 IMSI=30 TargetCell=7 Type=NTN TargetRSRP=-108.324 ServingRSRP=-104.981 BackhaulDlSnr=-999 BackhaulUlSnr=-999
UAV_AUTONOMY_XAPP Time=44.5 DeploymentMode=tn-uav UavIndex=0 UavCellId=5 BestDonorCellId=1 BestDonorDistanceM=799.124 XhaulConnected=1 XhaulChannelVariationDb=0 XhaulState=HEALTHY DonorUnavailableActive=0 SatBackhaulHealthy=0 UavSwitchingXappAvailable=1 UavSwitchingXappState=STANDBY BackhaulMode=TN_DIRECT RicControlState=TN_E2 ActiveUavRic=TN_NEAR_RT_RIC NormalUeHandoverAllowed=1 UavMode=TN_CONTROLLED_COVERAGE_EXTENSION
UAV_AUTONOMY_XAPP Time=44.5 DeploymentMode=tn-uav UavIndex=1 UavCellId=6 BestDonorCellId=3 BestDonorDistanceM=1544.95 XhaulConnected=1 XhaulChannelVariationDb=0 XhaulState=HEALTHY DonorUnavailableActive=0 SatBackhaulHealthy=0 UavSwitchingXappAvailable=1 UavSwitchingXappState=STANDBY BackhaulMode=TN_DIRECT RicControlState=TN_E2 ActiveUavRic=TN_NEAR_RT_RIC NormalUeHandoverAllowed=1 UavMode=TN_CONTROLLED_COVERAGE_EXTENSION
UAV_AUTONOMY_XAPP Time=44.5 DeploymentMode=tn-uav UavIndex=2 UavCellId=7 BestDonorCellId=4 BestDonorDistanceM=1329.84 XhaulConnected=1 XhaulChannelVariationDb=0 XhaulState=HEALTHY DonorUnavailableActive=0 SatBackhaulHealthy=0 UavSwitchingXappAvailable=1 UavSwitchingXappState=STANDBY BackhaulMode=TN_DIRECT RicControlState=TN_E2 ActiveUavRic=TN_NEAR_RT_RIC NormalUeHandoverAllowed=1 UavMode=TN_CONTROLLED_COVERAGE_EXTENSION
---- LOAD at t=44.5 ----
  cell 1 (TN) load=20/20
  cell 2 (TN) load=19/20
  cell 3 (TN) load=17/20
  cell 4 (TN) load=17/20
  cell 5 (NTN) load=8/10
  cell 6 (NTN) load=9/10
  cell 7 (NTN) load=10/10
UE 8 TTT_WAIT target=4 elapsed=0s need=2s
LM HO UE=10 rnti=92 7->3 type=TN servingRsrp=-141.269 targetRsrp=-103.67 targetLoadReal=17/20 targetLoadEff=17/20
UE 12 TTT_WAIT target=2 elapsed=0s need=2s
UE 14 TTT_WAIT target=3 elapsed=0s need=2s
LM HO_FAIL_LOW_RSRP UE=15 currCell=3 candCell=2 candRsrp=-120.595 < min=-120
UE 17 TTT_WAIT target=2 elapsed=0s need=2s
UE 22 TTT_WAIT target=3 elapsed=0s need=2s
UE 26 TTT_WAIT target=4 elapsed=0s need=2s
LM HO_FAIL_LOW_RSRP UE=27 currCell=3 candCell=2 candRsrp=-120.149 < min=-120
UE 31 TTT_WAIT target=4 elapsed=0s need=2s
LM HO_FAIL_LOW_RSRP UE=33 currCell=1 candCell=5 candRsrp=-131.64 < min=-120
UE 37 TTT_WAIT target=5 elapsed=0s need=2s
UE 39 TTT_WAIT target=4 elapsed=0s need=2s
UE 41 TTT_WAIT target=5 elapsed=0s need=2s
UE 44 TTT_WAIT target=6 elapsed=0s need=2s
UE 46 TTT_WAIT target=3 elapsed=0s need=2s
UE 48 TTT_WAIT target=3 elapsed=0s need=2s
UE 51 TTT_WAIT target=4 elapsed=0s need=2s
UE 56 TTT_WAIT target=5 elapsed=0s need=2s
UE 57 TTT_WAIT target=6 elapsed=0s need=2s
UE 58 TTT_WAIT target=3 elapsed=0s need=2s
UE 59 TTT_WAIT target=5 elapsed=0s need=2s
LM HO_FAIL_LOW_RSRP UE=60 currCell=6 candCell=5 candRsrp=-132.756 < min=-120
LM HO UE=61 rnti=141 3->2 type=TN servingRsrp=-122.15 targetRsrp=-105.081 targetLoadReal=19/20 targetLoadEff=19/20
UE 63 TTT_WAIT target=4 elapsed=0s need=2s
LM HO_FAIL_LOW_RSRP UE=68 currCell=1 candCell=6 candRsrp=-131.247 < min=-120
UE 70 TTT_WAIT target=4 elapsed=0s need=2s
LM HO_FAIL_LOW_RSRP UE=71 currCell=1 candCell=5 candRsrp=-122.912 < min=-120
UE 72 TTT_WAIT target=3 elapsed=0s need=2s
LM HO_FAIL_LOW_RSRP UE=78 currCell=4 candCell=5 candRsrp=-135.46 < min=-120
UE 80 TTT_WAIT target=4 elapsed=0s need=2s
UE 82 TTT_WAIT target=5 elapsed=0s need=2s
UE 88 TTT_WAIT target=6 elapsed=0s need=2s
UE 90 TTT_WAIT target=6 elapsed=0s need=2s
UE 91 TTT_WAIT target=4 elapsed=0s need=2s
UE 93 TTT_WAIT target=4 elapsed=0s need=2s
UE 95 TTT_WAIT target=5 elapsed=0s need=2s
UE 96 TTT_WAIT target=4 elapsed=0s need=2s
UE 98 TTT_WAIT target=3 elapsed=0s need=2s
LM HO_FAIL_LOW_RSRP UE=103 currCell=2 candCell=4 candRsrp=-130.541 < min=-120
LM HO_FAIL_LOW_RSRP UE=104 currCell=1 candCell=5 candRsrp=-127.439 < min=-120
UE 105 TTT_WAIT target=4 elapsed=0s need=2s
TRACE HO_SUCCESS Time=44.6151 IMSI=60 TargetCell=2 Type=TN TargetRSRP=-112.039 ServingRSRP=-100.265 BackhaulDlSnr=-999 BackhaulUlSnr=-999
TRACE HO_SUCCESS Time=44.6151 IMSI=9 TargetCell=3 Type=TN TargetRSRP=-111.617 ServingRSRP=-99.9115 BackhaulDlSnr=-999 BackhaulUlSnr=-999
UAV_AUTONOMY_XAPP Time=46.5 DeploymentMode=tn-uav UavIndex=0 UavCellId=5 BestDonorCellId=1 BestDonorDistanceM=813.861 XhaulConnected=1 XhaulChannelVariationDb=0 XhaulState=HEALTHY DonorUnavailableActive=0 SatBackhaulHealthy=0 UavSwitchingXappAvailable=1 UavSwitchingXappState=STANDBY BackhaulMode=TN_DIRECT RicControlState=TN_E2 ActiveUavRic=TN_NEAR_RT_RIC NormalUeHandoverAllowed=1 UavMode=TN_CONTROLLED_COVERAGE_EXTENSION
UAV_AUTONOMY_XAPP Time=46.5 DeploymentMode=tn-uav UavIndex=1 UavCellId=6 BestDonorCellId=3 BestDonorDistanceM=1529.75 XhaulConnected=1 XhaulChannelVariationDb=0 XhaulState=HEALTHY DonorUnavailableActive=0 SatBackhaulHealthy=0 UavSwitchingXappAvailable=1 UavSwitchingXappState=STANDBY BackhaulMode=TN_DIRECT RicControlState=TN_E2 ActiveUavRic=TN_NEAR_RT_RIC NormalUeHandoverAllowed=1 UavMode=TN_CONTROLLED_COVERAGE_EXTENSION
UAV_AUTONOMY_XAPP Time=46.5 DeploymentMode=tn-uav UavIndex=2 UavCellId=7 BestDonorCellId=4 BestDonorDistanceM=1345.76 XhaulConnected=1 XhaulChannelVariationDb=0 XhaulState=HEALTHY DonorUnavailableActive=0 SatBackhaulHealthy=0 UavSwitchingXappAvailable=1 UavSwitchingXappState=STANDBY BackhaulMode=TN_DIRECT RicControlState=TN_E2 ActiveUavRic=TN_NEAR_RT_RIC NormalUeHandoverAllowed=1 UavMode=TN_CONTROLLED_COVERAGE_EXTENSION
---- LOAD at t=46.5 ----
  cell 1 (TN) load=20/20
  cell 2 (TN) load=20/20
  cell 3 (TN) load=17/20
  cell 4 (TN) load=17/20
  cell 5 (NTN) load=8/10
  cell 6 (NTN) load=9/10
  cell 7 (NTN) load=9/10
LM HO UE=8 rnti=36 2->4 type=TN servingRsrp=-104.805 targetRsrp=-101.41 targetLoadReal=17/20 targetLoadEff=17/20
UE 16 TTT_WAIT target=4 elapsed=0s need=2s
UE 17 TTT_WAIT target=4 elapsed=0s need=2s
UE 18 TTT_WAIT target=7 elapsed=0s need=2s
UE 20 TTT_WAIT target=7 elapsed=0s need=2s
UE 27 TTT_WAIT target=4 elapsed=0s need=2s
UE 28 TTT_WAIT target=4 elapsed=0s need=2s
UE 30 TTT_WAIT target=4 elapsed=0s need=2s
LM HO UE=31 rnti=95 7->4 type=TN servingRsrp=-126.546 targetRsrp=-83.1081 targetLoadReal=17/20 targetLoadEff=18/20
UE 32 TTT_WAIT target=6 elapsed=0s need=2s
LM HO_FAIL_LOW_RSRP UE=33 currCell=1 candCell=5 candRsrp=-129.791 < min=-120
UE 35 TTT_WAIT target=7 elapsed=0s need=2s
LM HO UE=39 rnti=148 2->4 type=TN servingRsrp=-120.61 targetRsrp=-69.304 targetLoadReal=17/20 targetLoadEff=19/20
UE 40 TTT_WAIT target=6 elapsed=0s need=2s
LM HO_FAIL_LOW_RSRP UE=41 currCell=2 candCell=6 candRsrp=-125.947 < min=-120
LM HO UE=44 rnti=90 7->6 type=NTN servingRsrp=-133.347 targetRsrp=-103.447 targetLoadReal=9/10 targetLoadEff=9/10
LM HO_FAIL_LOW_RSRP UE=45 currCell=7 candCell=5 candRsrp=-120.209 < min=-120
UE 47 TTT_WAIT target=5 elapsed=0s need=2s
UE 50 TTT_WAIT target=5 elapsed=0s need=2s
LM HO_FAIL_LOW_RSRP UE=51 currCell=1 candCell=7 candRsrp=-131.337 < min=-120
UE 53 TTT_WAIT target=3 elapsed=0s need=2s
UE 54 TTT_WAIT target=7 elapsed=0s need=2s
UE 56 TTT_WAIT target=3 elapsed=0s need=2s
UE 59 TTT_WAIT target=3 elapsed=0s need=2s
UE 60 TTT_WAIT target=5 elapsed=0s need=2s
UE 64 TTT_WAIT target=3 elapsed=0s need=2s
UE 65 TTT_WAIT target=7 elapsed=0s need=2s
LM HO_FAIL_LOW_RSRP UE=69 currCell=4 candCell=5 candRsrp=-133.049 < min=-120
UE 70 TTT_WAIT target=7 elapsed=0s need=2s
UE 71 TTT_WAIT target=5 elapsed=0s need=2s
LM HO UE=72 rnti=172 4->3 type=TN servingRsrp=-116.341 targetRsrp=-108.368 targetLoadReal=17/20 targetLoadEff=17/20
UE 74 TTT_WAIT target=5 elapsed=0s need=2s
LM HO_FAIL_LOW_RSRP UE=76 currCell=3 candCell=5 candRsrp=-139.375 < min=-120
UE 78 TTT_WAIT target=3 elapsed=0s need=2s
LM HO_FAIL_LOW_RSRP UE=79 currCell=3 candCell=5 candRsrp=-133.523 < min=-120
UE 80 TTT_WAIT target=5 elapsed=0s need=2s
UE 81 TTT_WAIT target=7 elapsed=0s need=2s
UE 82 TTT_WAIT target=3 elapsed=0s need=2s
LM HO_FAIL_LOW_RSRP UE=86 currCell=4 candCell=7 candRsrp=-125.907 < min=-120
UE 88 TTT_WAIT target=3 elapsed=0s need=2s
UE 92 TTT_WAIT target=7 elapsed=0s need=2s
LM HO_FAIL_LOW_RSRP UE=93 currCell=1 candCell=7 candRsrp=-133.823 < min=-120
LM HO_FAIL_LOW_RSRP UE=96 currCell=3 candCell=7 candRsrp=-132.885 < min=-120
UE 97 TTT_WAIT target=3 elapsed=0s need=2s
LM HO_FAIL_LOW_RSRP UE=103 currCell=2 candCell=3 candRsrp=-135.642 < min=-120
UE 104 TTT_WAIT target=7 elapsed=0s need=2s
LM HO_FAIL_LOW_RSRP UE=105 currCell=2 candCell=7 candRsrp=-131.718 < min=-120
UE 106 TTT_WAIT target=7 elapsed=0s need=2s
UE 107 TTT_WAIT target=7 elapsed=0s need=2s
TRACE HO_SUCCESS Time=46.6151 IMSI=71 TargetCell=3 Type=TN TargetRSRP=-139.639 ServingRSRP=-100.525 BackhaulDlSnr=-999 BackhaulUlSnr=-999
TRACE HO_SUCCESS Time=46.6151 IMSI=7 TargetCell=4 Type=TN TargetRSRP=-116.852 ServingRSRP=-102.287 BackhaulDlSnr=-999 BackhaulUlSnr=-999
TRACE HO_SUCCESS Time=46.6151 IMSI=38 TargetCell=4 Type=TN TargetRSRP=-106.983 ServingRSRP=-112.683 BackhaulDlSnr=-999 BackhaulUlSnr=-999
TRACE HO_SUCCESS Time=46.6151 IMSI=30 TargetCell=4 Type=TN TargetRSRP=-103.003 ServingRSRP=-100.122 BackhaulDlSnr=-999 BackhaulUlSnr=-999
TRACE HO_SUCCESS Time=46.6151 IMSI=43 TargetCell=6 Type=NTN TargetRSRP=-145.11 ServingRSRP=-105.411 BackhaulDlSnr=-999 BackhaulUlSnr=-999
UAV_AUTONOMY_XAPP Time=48.5 DeploymentMode=tn-uav UavIndex=0 UavCellId=5 BestDonorCellId=1 BestDonorDistanceM=818.775 XhaulConnected=1 XhaulChannelVariationDb=0 XhaulState=HEALTHY DonorUnavailableActive=0 SatBackhaulHealthy=0 UavSwitchingXappAvailable=1 UavSwitchingXappState=STANDBY BackhaulMode=TN_DIRECT RicControlState=TN_E2 ActiveUavRic=TN_NEAR_RT_RIC NormalUeHandoverAllowed=1 UavMode=TN_CONTROLLED_COVERAGE_EXTENSION
UAV_AUTONOMY_XAPP Time=48.5 DeploymentMode=tn-uav UavIndex=1 UavCellId=6 BestDonorCellId=3 BestDonorDistanceM=1526.34 XhaulConnected=1 XhaulChannelVariationDb=0 XhaulState=HEALTHY DonorUnavailableActive=0 SatBackhaulHealthy=0 UavSwitchingXappAvailable=1 UavSwitchingXappState=STANDBY BackhaulMode=TN_DIRECT RicControlState=TN_E2 ActiveUavRic=TN_NEAR_RT_RIC NormalUeHandoverAllowed=1 UavMode=TN_CONTROLLED_COVERAGE_EXTENSION
UAV_AUTONOMY_XAPP Time=48.5 DeploymentMode=tn-uav UavIndex=2 UavCellId=7 BestDonorCellId=4 BestDonorDistanceM=1365.61 XhaulConnected=1 XhaulChannelVariationDb=0 XhaulState=HEALTHY DonorUnavailableActive=0 SatBackhaulHealthy=0 UavSwitchingXappAvailable=1 UavSwitchingXappState=STANDBY BackhaulMode=TN_DIRECT RicControlState=TN_E2 ActiveUavRic=TN_NEAR_RT_RIC NormalUeHandoverAllowed=1 UavMode=TN_CONTROLLED_COVERAGE_EXTENSION
---- LOAD at t=48.5 ----
  cell 1 (TN) load=20/20
  cell 2 (TN) load=18/20
  cell 3 (TN) load=18/20
  cell 4 (TN) load=19/20
  cell 5 (NTN) load=8/10
  cell 6 (NTN) load=10/10
  cell 7 (NTN) load=7/10
UE 10 TTT_WAIT target=5 elapsed=0s need=2s
LM HO_FAIL_LOW_RSRP UE=15 currCell=3 candCell=2 candRsrp=-123.88 < min=-120
UE 16 TTT_WAIT target=3 elapsed=0s need=2s
LM HO UE=18 rnti=169 4->7 type=NTN servingRsrp=-121.161 targetRsrp=-111.337 targetLoadReal=7/10 targetLoadEff=7/10
LM HO UE=20 rnti=66 4->7 type=NTN servingRsrp=-108.26 targetRsrp=-99.5463 targetLoadReal=7/10 targetLoadEff=8/10
UE 21 TTT_WAIT target=5 elapsed=0s need=2s
UE 23 TTT_WAIT target=7 elapsed=0s need=2s
UE 26 TTT_WAIT target=4 elapsed=0s need=2s
UE 27 TTT_WAIT target=2 elapsed=0s need=2s
LM HO_FAIL_LOW_RSRP UE=28 currCell=2 candCell=5 candRsrp=-134.838 < min=-120
LM HO UE=30 rnti=85 7->4 type=TN servingRsrp=-114.858 targetRsrp=-91.49 targetLoadReal=19/20 targetLoadEff=19/20
LM HO_FAIL_LOW_RSRP UE=33 currCell=1 candCell=7 candRsrp=-123.801 < min=-120
UE 37 TTT_WAIT target=5 elapsed=0s need=2s
UE 41 TTT_WAIT target=3 elapsed=0s need=2s
LM HO_FAIL_LOW_RSRP UE=44 currCell=6 candCell=5 candRsrp=-126.942 < min=-120
UE 45 TTT_WAIT target=2 elapsed=0s need=2s
UE 46 TTT_WAIT target=2 elapsed=0s need=2s
LM HO UE=47 rnti=142 2->5 type=NTN servingRsrp=-106.392 targetRsrp=-79.2916 targetLoadReal=8/10 targetLoadEff=8/10
UE 48 TTT_WAIT target=2 elapsed=0s need=2s
LM HO UE=50 rnti=143 2->5 type=NTN servingRsrp=-129.039 targetRsrp=-107.572 targetLoadReal=8/10 targetLoadEff=9/10
LM HO_FAIL_LOW_RSRP UE=51 currCell=1 candCell=7 candRsrp=-132.768 < min=-120
UE 53 TTT_WAIT target=7 elapsed=0s need=2s
LM HO UE=54 rnti=171 1->7 type=NTN servingRsrp=-125.394 targetRsrp=-85.1193 targetLoadReal=7/10 targetLoadEff=9/10
LM HO UE=56 rnti=169 1->3 type=TN servingRsrp=-112.929 targetRsrp=-106.29 targetLoadReal=18/20 targetLoadEff=18/20
LM HO UE=64 rnti=68 6->3 type=TN servingRsrp=-125.543 targetRsrp=-88.8857 targetLoadReal=18/20 targetLoadEff=19/20
UE 69 TTT_WAIT target=2 elapsed=0s need=2s
LM HO_FAIL_LOW_RSRP UE=72 currCell=3 candCell=2 candRsrp=-129.622 < min=-120
UE 79 TTT_WAIT target=2 elapsed=0s need=2s
UE 82 TTT_WAIT target=2 elapsed=0s need=2s
UE 84 TTT_WAIT target=2 elapsed=0s need=2s
UE 90 TTT_WAIT target=2 elapsed=0s need=2s
UE 91 TTT_WAIT target=2 elapsed=0s need=2s
UE 96 TTT_WAIT target=2 elapsed=0s need=2s
TRACE HO_SUCCESS Time=48.6151 IMSI=55 TargetCell=3 Type=TN TargetRSRP=-114.875 ServingRSRP=-106.513 BackhaulDlSnr=-999 BackhaulUlSnr=-999
TRACE HO_SUCCESS Time=48.6151 IMSI=63 TargetCell=3 Type=TN TargetRSRP=-85.7257 ServingRSRP=-112.406 BackhaulDlSnr=-999 BackhaulUlSnr=-999
TRACE HO_SUCCESS Time=48.6151 IMSI=29 TargetCell=4 Type=TN TargetRSRP=-124.286 ServingRSRP=-115.706 BackhaulDlSnr=-999 BackhaulUlSnr=-999
TRACE HO_SUCCESS Time=48.6151 IMSI=49 TargetCell=5 Type=NTN TargetRSRP=-104.354 ServingRSRP=-117.358 BackhaulDlSnr=-999 BackhaulUlSnr=-999
TRACE HO_SUCCESS Time=48.6151 IMSI=46 TargetCell=5 Type=NTN TargetRSRP=-117.436 ServingRSRP=-101.619 BackhaulDlSnr=-999 BackhaulUlSnr=-999
TRACE HO_SUCCESS Time=48.6151 IMSI=53 TargetCell=7 Type=NTN TargetRSRP=-123.07 ServingRSRP=-110.42 BackhaulDlSnr=-999 BackhaulUlSnr=-999
TRACE HO_SUCCESS Time=48.6151 IMSI=17 TargetCell=7 Type=NTN TargetRSRP=-120.833 ServingRSRP=-115.896 BackhaulDlSnr=-999 BackhaulUlSnr=-999
TRACE HO_SUCCESS Time=48.6151 IMSI=19 TargetCell=7 Type=NTN TargetRSRP=-88.9269 ServingRSRP=-72.4658 BackhaulDlSnr=-999 BackhaulUlSnr=-999
UAV_AUTONOMY_XAPP Time=50.5 DeploymentMode=tn-uav UavIndex=0 UavCellId=5 BestDonorCellId=1 BestDonorDistanceM=819.189 XhaulConnected=1 XhaulChannelVariationDb=0 XhaulState=HEALTHY DonorUnavailableActive=0 SatBackhaulHealthy=0 UavSwitchingXappAvailable=1 UavSwitchingXappState=STANDBY BackhaulMode=TN_DIRECT RicControlState=TN_E2 ActiveUavRic=TN_NEAR_RT_RIC NormalUeHandoverAllowed=1 UavMode=TN_CONTROLLED_COVERAGE_EXTENSION
UAV_AUTONOMY_XAPP Time=50.5 DeploymentMode=tn-uav UavIndex=1 UavCellId=6 BestDonorCellId=3 BestDonorDistanceM=1514.13 XhaulConnected=1 XhaulChannelVariationDb=0 XhaulState=HEALTHY DonorUnavailableActive=0 SatBackhaulHealthy=0 UavSwitchingXappAvailable=1 UavSwitchingXappState=STANDBY BackhaulMode=TN_DIRECT RicControlState=TN_E2 ActiveUavRic=TN_NEAR_RT_RIC NormalUeHandoverAllowed=1 UavMode=TN_CONTROLLED_COVERAGE_EXTENSION
UAV_AUTONOMY_XAPP Time=50.5 DeploymentMode=tn-uav UavIndex=2 UavCellId=7 BestDonorCellId=4 BestDonorDistanceM=1385.37 XhaulConnected=1 XhaulChannelVariationDb=0 XhaulState=HEALTHY DonorUnavailableActive=0 SatBackhaulHealthy=0 UavSwitchingXappAvailable=1 UavSwitchingXappState=STANDBY BackhaulMode=TN_DIRECT RicControlState=TN_E2 ActiveUavRic=TN_NEAR_RT_RIC NormalUeHandoverAllowed=1 UavMode=TN_CONTROLLED_COVERAGE_EXTENSION
---- LOAD at t=50.5 ----
  cell 1 (TN) load=18/20
  cell 2 (TN) load=16/20
  cell 3 (TN) load=20/20
  cell 4 (TN) load=18/20
  cell 5 (NTN) load=10/10
  cell 6 (NTN) load=9/10
  cell 7 (NTN) load=9/10
UE 8 TTT_WAIT target=2 elapsed=0s need=2s
UE 9 TTT_WAIT target=1 elapsed=0s need=2s
UE 10 TTT_WAIT target=1 elapsed=0s need=2s
UE 15 TTT_WAIT target=1 elapsed=0s need=2s
UE 16 TTT_WAIT target=1 elapsed=0s need=2s
UE 21 TTT_WAIT target=2 elapsed=0s need=2s
UE 22 TTT_WAIT target=7 elapsed=0s need=2s
UE 26 TTT_WAIT target=6 elapsed=0s need=2s
LM HO UE=27 rnti=140 3->2 type=TN servingRsrp=-105.84 targetRsrp=-98.9132 targetLoadReal=16/20 targetLoadEff=16/20
UE 29 TTT_WAIT target=2 elapsed=0s need=2s
UE 30 TTT_WAIT target=7 elapsed=0s need=2s
UE 31 TTT_WAIT target=2 elapsed=0s need=2s
LM HO_FAIL_LOW_RSRP UE=33 currCell=1 candCell=7 candRsrp=-126.803 < min=-120
UE 41 TTT_WAIT target=6 elapsed=0s need=2s
UE 43 TTT_WAIT target=2 elapsed=0s need=2s
LM HO UE=46 rnti=171 4->2 type=TN servingRsrp=-97.6483 targetRsrp=-94.2962 targetLoadReal=16/20 targetLoadEff=17/20
UE 48 TTT_WAIT target=4 elapsed=0s need=2s
LM HO_FAIL_LOW_RSRP UE=51 currCell=1 candCell=7 candRsrp=-135.006 < min=-120
UE 53 TTT_WAIT target=4 elapsed=0s need=2s
UE 56 TTT_WAIT target=1 elapsed=0s need=2s
LM HO_FAIL_LOW_RSRP UE=58 currCell=1 candCell=7 candRsrp=-125.563 < min=-120
LM HO_FAIL_LOW_RSRP UE=59 currCell=2 candCell=6 candRsrp=-133.171 < min=-120
UE 60 TTT_WAIT target=4 elapsed=0s need=2s
UE 62 TTT_WAIT target=2 elapsed=0s need=2s
UE 66 TTT_WAIT target=2 elapsed=0s need=2s
LM HO_FAIL_LOW_RSRP UE=67 currCell=4 candCell=7 candRsrp=-127.466 < min=-120
LM HO_FAIL_LOW_RSRP UE=71 currCell=1 candCell=7 candRsrp=-131.93 < min=-120
UE 72 TTT_WAIT target=4 elapsed=0s need=2s
LM HO_FAIL_LOW_RSRP UE=76 currCell=3 candCell=6 candRsrp=-128.05 < min=-120
UE 77 TTT_WAIT target=7 elapsed=0s need=2s
LM HO_FAIL_LOW_RSRP UE=78 currCell=4 candCell=7 candRsrp=-123.669 < min=-120
LM HO UE=79 rnti=142 3->2 type=TN servingRsrp=-126.114 targetRsrp=-89.6122 targetLoadReal=16/20 targetLoadEff=18/20
UE 81 TTT_WAIT target=4 elapsed=0s need=2s
UE 82 TTT_WAIT target=7 elapsed=0s need=2s
UE 83 TTT_WAIT target=6 elapsed=0s need=2s
LM HO_FAIL_LOW_RSRP UE=84 currCell=4 candCell=7 candRsrp=-137.666 < min=-120
LM HO_FAIL_LOW_RSRP UE=86 currCell=4 candCell=7 candRsrp=-121.254 < min=-120
UE 88 TTT_WAIT target=4 elapsed=0s need=2s
UE 89 TTT_WAIT target=4 elapsed=0s need=2s
LM HO UE=90 rnti=170 1->2 type=TN servingRsrp=-124.159 targetRsrp=-119.58 targetLoadReal=16/20 targetLoadEff=19/20
UE 91 TTT_WAIT target=1 elapsed=0s need=2s
LM HO_FAIL_LOW_RSRP UE=92 currCell=1 candCell=7 candRsrp=-128.692 < min=-120
UE 95 TTT_WAIT target=1 elapsed=0s need=2s
UE 96 TTT_WAIT target=4 elapsed=0s need=2s
LM HO_FAIL_LOW_RSRP UE=101 currCell=3 candCell=6 candRsrp=-130.237 < min=-120
UE 103 TTT_WAIT target=4 elapsed=0s need=2s
UE 104 TTT_WAIT target=4 elapsed=0s need=2s
UE 105 TTT_WAIT target=4 elapsed=0s need=2s
UE 107 TTT_WAIT target=4 elapsed=0s need=2s
TRACE HO_SUCCESS Time=50.6151 IMSI=89 TargetCell=2 Type=TN TargetRSRP=-118.74 ServingRSRP=-113.768 BackhaulDlSnr=-999 BackhaulUlSnr=-999
TRACE HO_SUCCESS Time=50.6151 IMSI=78 TargetCell=2 Type=TN TargetRSRP=-111.95 ServingRSRP=-122.26 BackhaulDlSnr=-999 BackhaulUlSnr=-999
TRACE HO_SUCCESS Time=50.6151 IMSI=26 TargetCell=2 Type=TN TargetRSRP=-118.886 ServingRSRP=-96.2986 BackhaulDlSnr=-999 BackhaulUlSnr=-999
TRACE HO_SUCCESS Time=50.6151 IMSI=45 TargetCell=2 Type=TN TargetRSRP=-129.41 ServingRSRP=-101.952 BackhaulDlSnr=-999 BackhaulUlSnr=-999
UAV_AUTONOMY_XAPP Time=52.5 DeploymentMode=tn-uav UavIndex=0 UavCellId=5 BestDonorCellId=1 BestDonorDistanceM=819.189 XhaulConnected=1 XhaulChannelVariationDb=0 XhaulState=HEALTHY DonorUnavailableActive=0 SatBackhaulHealthy=0 UavSwitchingXappAvailable=1 UavSwitchingXappState=STANDBY BackhaulMode=TN_DIRECT RicControlState=TN_E2 ActiveUavRic=TN_NEAR_RT_RIC NormalUeHandoverAllowed=1 UavMode=TN_CONTROLLED_COVERAGE_EXTENSION
UAV_AUTONOMY_XAPP Time=52.5 DeploymentMode=tn-uav UavIndex=1 UavCellId=6 BestDonorCellId=3 BestDonorDistanceM=1498.42 XhaulConnected=1 XhaulChannelVariationDb=0 XhaulState=HEALTHY DonorUnavailableActive=0 SatBackhaulHealthy=0 UavSwitchingXappAvailable=1 UavSwitchingXappState=STANDBY BackhaulMode=TN_DIRECT RicControlState=TN_E2 ActiveUavRic=TN_NEAR_RT_RIC NormalUeHandoverAllowed=1 UavMode=TN_CONTROLLED_COVERAGE_EXTENSION
UAV_AUTONOMY_XAPP Time=52.5 DeploymentMode=tn-uav UavIndex=2 UavCellId=7 BestDonorCellId=4 BestDonorDistanceM=1397.97 XhaulConnected=1 XhaulChannelVariationDb=0 XhaulState=HEALTHY DonorUnavailableActive=0 SatBackhaulHealthy=0 UavSwitchingXappAvailable=1 UavSwitchingXappState=STANDBY BackhaulMode=TN_DIRECT RicControlState=TN_E2 ActiveUavRic=TN_NEAR_RT_RIC NormalUeHandoverAllowed=1 UavMode=TN_CONTROLLED_COVERAGE_EXTENSION
---- LOAD at t=52.5 ----
  cell 1 (TN) load=17/20
  cell 2 (TN) load=20/20
  cell 3 (TN) load=18/20
  cell 4 (TN) load=17/20
  cell 5 (NTN) load=10/10
  cell 6 (NTN) load=9/10
  cell 7 (NTN) load=9/10
LM HO UE=15 rnti=138 3->1 type=TN servingRsrp=-129.794 targetRsrp=-112.811 targetLoadReal=17/20 targetLoadEff=17/20
UE 16 TTT_WAIT target=3 elapsed=0s need=2s
UE 20 TTT_WAIT target=4 elapsed=0s need=2s
LM HO UE=22 rnti=96 5->7 type=NTN servingRsrp=-114.051 targetRsrp=-103.884 targetLoadReal=9/10 targetLoadEff=9/10
LM HO UE=26 rnti=72 5->6 type=NTN servingRsrp=-124.587 targetRsrp=-102.873 targetLoadReal=9/10 targetLoadEff=9/10
UE 27 TTT_WAIT target=3 elapsed=0s need=2s
UE 29 TTT_WAIT target=1 elapsed=0s need=2s
UE 34 TTT_WAIT target=4 elapsed=0s need=2s
UE 39 TTT_WAIT target=1 elapsed=0s need=2s
UE 44 TTT_WAIT target=3 elapsed=0s need=2s
UE 46 TTT_WAIT target=1 elapsed=0s need=2s
UE 47 TTT_WAIT target=1 elapsed=0s need=2s
LM HO UE=53 rnti=144 2->4 type=TN servingRsrp=-132.186 targetRsrp=-118.224 targetLoadReal=17/20 targetLoadEff=17/20
UE 54 TTT_WAIT target=1 elapsed=0s need=2s
LM HO UE=56 rnti=145 3->1 type=TN servingRsrp=-131.812 targetRsrp=-109.396 targetLoadReal=17/20 targetLoadEff=18/20
UE 59 TTT_WAIT target=4 elapsed=0s need=2s
LM HO UE=72 rnti=144 3->4 type=TN servingRsrp=-142.337 targetRsrp=-99.2415 targetLoadReal=17/20 targetLoadEff=18/20
UE 73 TTT_WAIT target=1 elapsed=0s need=2s
LM HO_FAIL_LOW_RSRP UE=81 currCell=2 candCell=4 candRsrp=-121.365 < min=-120
UE 88 TTT_WAIT target=3 elapsed=0s need=2s
LM HO_FAIL_LOW_RSRP UE=90 currCell=2 candCell=1 candRsrp=-126.319 < min=-120
UE 92 TTT_WAIT target=3 elapsed=0s need=2s
UE 93 TTT_WAIT target=4 elapsed=0s need=2s
UE 95 TTT_WAIT target=3 elapsed=0s need=2s
LM HO UE=96 rnti=135 3->4 type=TN servingRsrp=-132.966 targetRsrp=-84.4899 targetLoadReal=17/20 targetLoadEff=19/20
UE 103 TTT_WAIT target=1 elapsed=0s need=2s
TRACE HO_SUCCESS Time=52.6151 IMSI=55 TargetCell=1 Type=TN TargetRSRP=-115.061 ServingRSRP=-93.7108 BackhaulDlSnr=-999 BackhaulUlSnr=-999
TRACE HO_SUCCESS Time=52.6151 IMSI=14 TargetCell=1 Type=TN TargetRSRP=-69.5009 ServingRSRP=-90.3008 BackhaulDlSnr=-999 BackhaulUlSnr=-999
TRACE HO_SUCCESS Time=52.6151 IMSI=52 TargetCell=4 Type=TN TargetRSRP=-82.2224 ServingRSRP=-97.9974 BackhaulDlSnr=-999 BackhaulUlSnr=-999
TRACE HO_SUCCESS Time=52.6151 IMSI=95 TargetCell=4 Type=TN TargetRSRP=-101.255 ServingRSRP=-114.632 BackhaulDlSnr=-999 BackhaulUlSnr=-999
TRACE HO_SUCCESS Time=52.6151 IMSI=71 TargetCell=4 Type=TN TargetRSRP=-112.638 ServingRSRP=-103.563 BackhaulDlSnr=-999 BackhaulUlSnr=-999
TRACE HO_SUCCESS Time=52.6151 IMSI=25 TargetCell=6 Type=NTN TargetRSRP=-134.343 ServingRSRP=-113.74 BackhaulDlSnr=-999 BackhaulUlSnr=-999
TRACE HO_SUCCESS Time=52.6151 IMSI=21 TargetCell=7 Type=NTN TargetRSRP=-125.825 ServingRSRP=-102.608 BackhaulDlSnr=-999 BackhaulUlSnr=-999
UAV_AUTONOMY_XAPP Time=54.5 DeploymentMode=tn-uav UavIndex=0 UavCellId=5 BestDonorCellId=1 BestDonorDistanceM=819.775 XhaulConnected=1 XhaulChannelVariationDb=0 XhaulState=HEALTHY DonorUnavailableActive=0 SatBackhaulHealthy=0 UavSwitchingXappAvailable=1 UavSwitchingXappState=STANDBY BackhaulMode=TN_DIRECT RicControlState=TN_E2 ActiveUavRic=TN_NEAR_RT_RIC NormalUeHandoverAllowed=1 UavMode=TN_CONTROLLED_COVERAGE_EXTENSION
UAV_AUTONOMY_XAPP Time=54.5 DeploymentMode=tn-uav UavIndex=1 UavCellId=6 BestDonorCellId=3 BestDonorDistanceM=1495.26 XhaulConnected=1 XhaulChannelVariationDb=0 XhaulState=HEALTHY DonorUnavailableActive=0 SatBackhaulHealthy=0 UavSwitchingXappAvailable=1 UavSwitchingXappState=STANDBY BackhaulMode=TN_DIRECT RicControlState=TN_E2 ActiveUavRic=TN_NEAR_RT_RIC NormalUeHandoverAllowed=1 UavMode=TN_CONTROLLED_COVERAGE_EXTENSION
UAV_AUTONOMY_XAPP Time=54.5 DeploymentMode=tn-uav UavIndex=2 UavCellId=7 BestDonorCellId=4 BestDonorDistanceM=1400.15 XhaulConnected=1 XhaulChannelVariationDb=0 XhaulState=HEALTHY DonorUnavailableActive=0 SatBackhaulHealthy=0 UavSwitchingXappAvailable=1 UavSwitchingXappState=STANDBY BackhaulMode=TN_DIRECT RicControlState=TN_E2 ActiveUavRic=TN_NEAR_RT_RIC NormalUeHandoverAllowed=1 UavMode=TN_CONTROLLED_COVERAGE_EXTENSION
---- LOAD at t=54.5 ----
  cell 1 (TN) load=19/20
  cell 2 (TN) load=19/20
  cell 3 (TN) load=14/20
  cell 4 (TN) load=20/20
  cell 5 (NTN) load=8/10
  cell 6 (NTN) load=10/10
  cell 7 (NTN) load=10/10
UE 8 TTT_WAIT target=2 elapsed=0s need=2s
UE 16 TTT_WAIT target=1 elapsed=0s need=2s
UE 18 TTT_WAIT target=1 elapsed=0s need=2s
UE 20 TTT_WAIT target=1 elapsed=0s need=2s
UE 23 TTT_WAIT target=1 elapsed=0s need=2s
LM HO UE=27 rnti=151 2->3 type=TN servingRsrp=-124.766 targetRsrp=-92.066 targetLoadReal=14/20 targetLoadEff=14/20
LM HO UE=29 rnti=84 7->1 type=TN servingRsrp=-121.582 targetRsrp=-101.14 targetLoadReal=19/20 targetLoadEff=19/20
LM HO_FAIL_LOW_RSRP UE=30 currCell=4 candCell=5 candRsrp=-138.413 < min=-120
UE 33 TTT_WAIT target=2 elapsed=0s need=2s
LM HO_FAIL_LOW_RSRP UE=35 currCell=3 candCell=5 candRsrp=-139.214 < min=-120
LM HO_FAIL_LOW_RSRP UE=41 currCell=2 candCell=5 candRsrp=-133.264 < min=-120
LM HO_FAIL_LOW_RSRP UE=44 currCell=6 candCell=5 candRsrp=-124.33 < min=-120
UE 45 TTT_WAIT target=3 elapsed=0s need=2s
UE 46 TTT_WAIT target=5 elapsed=0s need=2s
UE 47 TTT_WAIT target=2 elapsed=0s need=2s
UE 48 TTT_WAIT target=2 elapsed=0s need=2s
UE 58 TTT_WAIT target=2 elapsed=0s need=2s
UE 60 TTT_WAIT target=2 elapsed=0s need=2s
LM HO_FAIL_LOW_RSRP UE=67 currCell=4 candCell=5 candRsrp=-138.502 < min=-120
UE 68 TTT_WAIT target=3 elapsed=0s need=2s
UE 69 TTT_WAIT target=5 elapsed=0s need=2s
UE 71 TTT_WAIT target=3 elapsed=0s need=2s
UE 72 TTT_WAIT target=2 elapsed=0s need=2s
LM HO_FAIL_LOW_RSRP UE=78 currCell=4 candCell=5 candRsrp=-140.274 < min=-120
LM HO_FAIL_LOW_RSRP UE=82 currCell=1 candCell=5 candRsrp=-126.316 < min=-120
UE 84 TTT_WAIT target=5 elapsed=0s need=2s
LM HO_FAIL_LOW_RSRP UE=86 currCell=4 candCell=5 candRsrp=-141.048 < min=-120
LM HO_FAIL_LOW_RSRP UE=88 currCell=2 candCell=5 candRsrp=-128.996 < min=-120
LM HO_FAIL_LOW_RSRP UE=92 currCell=1 candCell=5 candRsrp=-131.388 < min=-120
LM HO_FAIL_LOW_RSRP UE=93 currCell=1 candCell=5 candRsrp=-136.348 < min=-120
LM HO_FAIL_LOW_RSRP UE=97 currCell=2 candCell=5 candRsrp=-136.338 < min=-120
LM HO_FAIL_LOW_RSRP UE=98 currCell=1 candCell=5 candRsrp=-130.072 < min=-120
UE 102 TTT_WAIT target=5 elapsed=0s need=2s
LM HO_FAIL_LOW_RSRP UE=103 currCell=2 candCell=5 candRsrp=-127.895 < min=-120
UE 104 TTT_WAIT target=3 elapsed=0s need=2s
UE 105 TTT_WAIT target=3 elapsed=0s need=2s
TRACE HO_SUCCESS Time=54.6151 IMSI=28 TargetCell=1 Type=TN TargetRSRP=-94.6673 ServingRSRP=-102.824 BackhaulDlSnr=-999 BackhaulUlSnr=-999
TRACE HO_SUCCESS Time=54.6151 IMSI=26 TargetCell=3 Type=TN TargetRSRP=-127.304 ServingRSRP=-110.922 BackhaulDlSnr=-999 BackhaulUlSnr=-999
UAV_AUTONOMY_XAPP Time=56.5 DeploymentMode=tn-uav UavIndex=0 UavCellId=5 BestDonorCellId=1 BestDonorDistanceM=821.24 XhaulConnected=1 XhaulChannelVariationDb=0 XhaulState=HEALTHY DonorUnavailableActive=0 SatBackhaulHealthy=0 UavSwitchingXappAvailable=1 UavSwitchingXappState=STANDBY BackhaulMode=TN_DIRECT RicControlState=TN_E2 ActiveUavRic=TN_NEAR_RT_RIC NormalUeHandoverAllowed=1 UavMode=TN_CONTROLLED_COVERAGE_EXTENSION
UAV_AUTONOMY_XAPP Time=56.5 DeploymentMode=tn-uav UavIndex=1 UavCellId=6 BestDonorCellId=3 BestDonorDistanceM=1495.26 XhaulConnected=1 XhaulChannelVariationDb=0 XhaulState=HEALTHY DonorUnavailableActive=0 SatBackhaulHealthy=0 UavSwitchingXappAvailable=1 UavSwitchingXappState=STANDBY BackhaulMode=TN_DIRECT RicControlState=TN_E2 ActiveUavRic=TN_NEAR_RT_RIC NormalUeHandoverAllowed=1 UavMode=TN_CONTROLLED_COVERAGE_EXTENSION
UAV_AUTONOMY_XAPP Time=56.5 DeploymentMode=tn-uav UavIndex=2 UavCellId=7 BestDonorCellId=4 BestDonorDistanceM=1412.73 XhaulConnected=1 XhaulChannelVariationDb=0 XhaulState=HEALTHY DonorUnavailableActive=0 SatBackhaulHealthy=0 UavSwitchingXappAvailable=1 UavSwitchingXappState=STANDBY BackhaulMode=TN_DIRECT RicControlState=TN_E2 ActiveUavRic=TN_NEAR_RT_RIC NormalUeHandoverAllowed=1 UavMode=TN_CONTROLLED_COVERAGE_EXTENSION
---- LOAD at t=56.5 ----
  cell 1 (TN) load=20/20
  cell 2 (TN) load=18/20
  cell 3 (TN) load=15/20
  cell 4 (TN) load=20/20
  cell 5 (NTN) load=8/10
  cell 6 (NTN) load=10/10
  cell 7 (NTN) load=9/10
LM HO UE=8 rnti=173 4->2 type=TN servingRsrp=-118.924 targetRsrp=-99.7764 targetLoadReal=18/20 targetLoadEff=18/20
UE 16 TTT_WAIT target=3 elapsed=0s need=2s
UE 18 TTT_WAIT target=2 elapsed=0s need=2s
UE 20 TTT_WAIT target=2 elapsed=0s need=2s
UE 26 TTT_WAIT target=3 elapsed=0s need=2s
LM HO_FAIL_LOW_RSRP UE=27 currCell=3 candCell=2 candRsrp=-121.093 < min=-120
LM HO_FAIL_LOW_RSRP UE=28 currCell=2 candCell=5 candRsrp=-137.68 < min=-120
UE 30 TTT_WAIT target=2 elapsed=0s need=2s
UE 34 TTT_WAIT target=2 elapsed=0s need=2s
LM HO_FAIL_LOW_RSRP UE=40 currCell=1 candCell=5 candRsrp=-133.572 < min=-120
UE 41 TTT_WAIT target=3 elapsed=0s need=2s
LM HO_FAIL_LOW_RSRP UE=44 currCell=6 candCell=5 candRsrp=-126.817 < min=-120
LM HO UE=48 rnti=168 1->2 type=TN servingRsrp=-119.607 targetRsrp=-111.127 targetLoadReal=18/20 targetLoadEff=19/20
LM HO_FAIL_LOW_RSRP UE=51 currCell=1 candCell=7 candRsrp=-121.78 < min=-120
UE 52 TTT_WAIT target=7 elapsed=0s need=2s
UE 53 TTT_WAIT target=7 elapsed=0s need=2s
UE 58 TTT_WAIT target=7 elapsed=0s need=2s
UE 59 TTT_WAIT target=7 elapsed=0s need=2s
UE 60 TTT_WAIT target=5 elapsed=0s need=2s
UE 61 TTT_WAIT target=7 elapsed=0s need=2s
LM HO_FAIL_LOW_RSRP UE=64 currCell=3 candCell=7 candRsrp=-122.354 < min=-120
LM HO_FAIL_LOW_RSRP UE=66 currCell=4 candCell=5 candRsrp=-126.484 < min=-120
UE 68 TTT_WAIT target=7 elapsed=0s need=2s
LM HO_FAIL_LOW_RSRP UE=70 currCell=2 candCell=5 candRsrp=-131.452 < min=-120
LM HO_FAIL_LOW_RSRP UE=72 currCell=4 candCell=7 candRsrp=-132.93 < min=-120
UE 74 TTT_WAIT target=5 elapsed=0s need=2s
LM HO_FAIL_LOW_RSRP UE=77 currCell=3 candCell=5 candRsrp=-136.611 < min=-120
UE 78 TTT_WAIT target=3 elapsed=0s need=2s
UE 81 TTT_WAIT target=7 elapsed=0s need=2s
UE 82 TTT_WAIT target=7 elapsed=0s need=2s
LM HO_FAIL_LOW_RSRP UE=84 currCell=4 candCell=5 candRsrp=-132.63 < min=-120
UE 86 TTT_WAIT target=3 elapsed=0s need=2s
UE 92 TTT_WAIT target=5 elapsed=0s need=2s
UE 93 TTT_WAIT target=5 elapsed=0s need=2s
LM HO_FAIL_LOW_RSRP UE=96 currCell=4 candCell=7 candRsrp=-134.098 < min=-120
LM HO_FAIL_LOW_RSRP UE=97 currCell=2 candCell=7 candRsrp=-131.639 < min=-120
UE 98 TTT_WAIT target=5 elapsed=0s need=2s
UE 103 TTT_WAIT target=7 elapsed=0s need=2s
UE 104 TTT_WAIT target=5 elapsed=0s need=2s
LM HO_FAIL_LOW_RSRP UE=105 currCell=2 candCell=7 candRsrp=-138.126 < min=-120
UE 106 TTT_WAIT target=3 elapsed=0s need=2s
UE 107 TTT_WAIT target=7 elapsed=0s need=2s
TRACE HO_SUCCESS Time=56.6151 IMSI=47 TargetCell=2 Type=TN TargetRSRP=-133.981 ServingRSRP=-105.039 BackhaulDlSnr=-999 BackhaulUlSnr=-999
TRACE HO_SUCCESS Time=56.6151 IMSI=7 TargetCell=2 Type=TN TargetRSRP=-100.949 ServingRSRP=-110.14 BackhaulDlSnr=-999 BackhaulUlSnr=-999
UAV_AUTONOMY_XAPP Time=58.5 DeploymentMode=tn-uav UavIndex=0 UavCellId=5 BestDonorCellId=1 BestDonorDistanceM=828.618 XhaulConnected=1 XhaulChannelVariationDb=0 XhaulState=HEALTHY DonorUnavailableActive=0 SatBackhaulHealthy=0 UavSwitchingXappAvailable=1 UavSwitchingXappState=STANDBY BackhaulMode=TN_DIRECT RicControlState=TN_E2 ActiveUavRic=TN_NEAR_RT_RIC NormalUeHandoverAllowed=1 UavMode=TN_CONTROLLED_COVERAGE_EXTENSION
UAV_AUTONOMY_XAPP Time=58.5 DeploymentMode=tn-uav UavIndex=1 UavCellId=6 BestDonorCellId=3 BestDonorDistanceM=1495.26 XhaulConnected=1 XhaulChannelVariationDb=0 XhaulState=HEALTHY DonorUnavailableActive=0 SatBackhaulHealthy=0 UavSwitchingXappAvailable=1 UavSwitchingXappState=STANDBY BackhaulMode=TN_DIRECT RicControlState=TN_E2 ActiveUavRic=TN_NEAR_RT_RIC NormalUeHandoverAllowed=1 UavMode=TN_CONTROLLED_COVERAGE_EXTENSION
UAV_AUTONOMY_XAPP Time=58.5 DeploymentMode=tn-uav UavIndex=2 UavCellId=7 BestDonorCellId=4 BestDonorDistanceM=1400.42 XhaulConnected=1 XhaulChannelVariationDb=0 XhaulState=HEALTHY DonorUnavailableActive=0 SatBackhaulHealthy=0 UavSwitchingXappAvailable=1 UavSwitchingXappState=STANDBY BackhaulMode=TN_DIRECT RicControlState=TN_E2 ActiveUavRic=TN_NEAR_RT_RIC NormalUeHandoverAllowed=1 UavMode=TN_CONTROLLED_COVERAGE_EXTENSION
---- LOAD at t=58.5 ----
  cell 1 (TN) load=19/20
  cell 2 (TN) load=20/20
  cell 3 (TN) load=15/20
  cell 4 (TN) load=19/20
  cell 5 (NTN) load=8/10
  cell 6 (NTN) load=10/10
  cell 7 (NTN) load=9/10
LM HO_FAIL_LOW_RSRP UE=12 currCell=3 candCell=5 candRsrp=-134.374 < min=-120
UE 15 TTT_WAIT target=4 elapsed=0s need=2s
UE 17 TTT_WAIT target=5 elapsed=0s need=2s
UE 22 TTT_WAIT target=4 elapsed=0s need=2s
LM HO_FAIL_LOW_RSRP UE=26 currCell=6 candCell=5 candRsrp=-124.698 < min=-120
UE 27 TTT_WAIT target=5 elapsed=0s need=2s
UE 28 TTT_WAIT target=5 elapsed=0s need=2s
UE 29 TTT_WAIT target=4 elapsed=0s need=2s
UE 30 TTT_WAIT target=1 elapsed=0s need=2s
UE 33 TTT_WAIT target=7 elapsed=0s need=2s
UE 34 TTT_WAIT target=4 elapsed=0s need=2s
UE 38 TTT_WAIT target=7 elapsed=0s need=2s
LM HO_FAIL_LOW_RSRP UE=39 currCell=4 candCell=7 candRsrp=-132.091 < min=-120
UE 40 TTT_WAIT target=3 elapsed=0s need=2s
UE 43 TTT_WAIT target=4 elapsed=0s need=2s
UE 44 TTT_WAIT target=3 elapsed=0s need=2s
UE 45 TTT_WAIT target=4 elapsed=0s need=2s
LM HO_FAIL_LOW_RSRP UE=46 currCell=2 candCell=1 candRsrp=-122.775 < min=-120
UE 47 TTT_WAIT target=4 elapsed=0s need=2s
UE 48 TTT_WAIT target=1 elapsed=0s need=2s
UE 49 TTT_WAIT target=7 elapsed=0s need=2s
UE 51 TTT_WAIT target=7 elapsed=0s need=2s
LM HO UE=53 rnti=177 4->7 type=NTN servingRsrp=-122.494 targetRsrp=-117.33 targetLoadReal=9/10 targetLoadEff=9/10
UE 58 TTT_WAIT target=5 elapsed=0s need=2s
UE 59 TTT_WAIT target=3 elapsed=0s need=2s
UE 60 TTT_WAIT target=1 elapsed=0s need=2s
UE 63 TTT_WAIT target=4 elapsed=0s need=2s
UE 66 TTT_WAIT target=1 elapsed=0s need=2s
UE 67 TTT_WAIT target=1 elapsed=0s need=2s
LM HO_FAIL_LOW_RSRP UE=68 currCell=1 candCell=5 candRsrp=-139.307 < min=-120
UE 69 TTT_WAIT target=1 elapsed=0s need=2s
LM HO_FAIL_LOW_RSRP UE=72 currCell=4 candCell=5 candRsrp=-125.948 < min=-120
LM HO UE=74 rnti=148 1->5 type=NTN servingRsrp=-109.028 targetRsrp=-91.3376 targetLoadReal=8/10 targetLoadEff=8/10
LM HO_FAIL_LOW_RSRP UE=78 currCell=4 candCell=5 candRsrp=-150.091 < min=-120
UE 79 TTT_WAIT target=4 elapsed=0s need=2s
UE 80 TTT_WAIT target=4 elapsed=0s need=2s
UE 81 TTT_WAIT target=4 elapsed=0s need=2s
LM HO_FAIL_LOW_RSRP UE=82 currCell=1 candCell=5 candRsrp=-125.551 < min=-120
LM HO_FAIL_LOW_RSRP UE=84 currCell=4 candCell=5 candRsrp=-127.341 < min=-120
UE 86 TTT_WAIT target=5 elapsed=0s need=2s
UE 88 TTT_WAIT target=1 elapsed=0s need=2s
UE 90 TTT_WAIT target=3 elapsed=0s need=2s
LM HO_FAIL_LOW_RSRP UE=93 currCell=1 candCell=5 candRsrp=-137.125 < min=-120
UE 95 TTT_WAIT target=3 elapsed=0s need=2s
LM HO_FAIL_LOW_RSRP UE=96 currCell=4 candCell=5 candRsrp=-154.701 < min=-120
UE 102 TTT_WAIT target=5 elapsed=0s need=2s
UE 103 TTT_WAIT target=1 elapsed=0s need=2s
LM HO UE=104 rnti=122 1->5 type=NTN servingRsrp=-117.171 targetRsrp=-91.3568 targetLoadReal=8/10 targetLoadEff=9/10
UE 105 TTT_WAIT target=4 elapsed=0s need=2s
UE 107 TTT_WAIT target=4 elapsed=0s need=2s
TRACE HO_SUCCESS Time=58.6151 IMSI=73 TargetCell=5 Type=NTN TargetRSRP=-124.284 ServingRSRP=-87.8388 BackhaulDlSnr=-999 BackhaulUlSnr=-999
TRACE HO_SUCCESS Time=58.6151 IMSI=103 TargetCell=5 Type=NTN TargetRSRP=-124.466 ServingRSRP=-92.9139 BackhaulDlSnr=-999 BackhaulUlSnr=-999
TRACE HO_SUCCESS Time=58.6151 IMSI=52 TargetCell=7 Type=NTN TargetRSRP=-89.8941 ServingRSRP=-103.961 BackhaulDlSnr=-999 BackhaulUlSnr=-999
UAV_AUTONOMY_XAPP Time=60.5 DeploymentMode=tn-uav UavIndex=0 UavCellId=5 BestDonorCellId=1 BestDonorDistanceM=830.41 XhaulConnected=1 XhaulChannelVariationDb=0 XhaulState=HEALTHY DonorUnavailableActive=0 SatBackhaulHealthy=0 UavSwitchingXappAvailable=1 UavSwitchingXappState=STANDBY BackhaulMode=TN_DIRECT RicControlState=TN_E2 ActiveUavRic=TN_NEAR_RT_RIC NormalUeHandoverAllowed=1 UavMode=TN_CONTROLLED_COVERAGE_EXTENSION
UAV_AUTONOMY_XAPP Time=60.5 DeploymentMode=tn-uav UavIndex=1 UavCellId=6 BestDonorCellId=3 BestDonorDistanceM=1495.26 XhaulConnected=1 XhaulChannelVariationDb=0 XhaulState=HEALTHY DonorUnavailableActive=0 SatBackhaulHealthy=0 UavSwitchingXappAvailable=1 UavSwitchingXappState=STANDBY BackhaulMode=TN_DIRECT RicControlState=TN_E2 ActiveUavRic=TN_NEAR_RT_RIC NormalUeHandoverAllowed=1 UavMode=TN_CONTROLLED_COVERAGE_EXTENSION
UAV_AUTONOMY_XAPP Time=60.5 DeploymentMode=tn-uav UavIndex=2 UavCellId=7 BestDonorCellId=4 BestDonorDistanceM=1396.56 XhaulConnected=1 XhaulChannelVariationDb=0 XhaulState=HEALTHY DonorUnavailableActive=0 SatBackhaulHealthy=0 UavSwitchingXappAvailable=1 UavSwitchingXappState=STANDBY BackhaulMode=TN_DIRECT RicControlState=TN_E2 ActiveUavRic=TN_NEAR_RT_RIC NormalUeHandoverAllowed=1 UavMode=TN_CONTROLLED_COVERAGE_EXTENSION
---- LOAD at t=60.5 ----
  cell 1 (TN) load=17/20
  cell 2 (TN) load=20/20
  cell 3 (TN) load=15/20
  cell 4 (TN) load=18/20
  cell 5 (NTN) load=10/10
  cell 6 (NTN) load=10/10
  cell 7 (NTN) load=10/10
UE 18 TTT_WAIT target=4 elapsed=0s need=2s
UE 20 TTT_WAIT target=4 elapsed=0s need=2s
UE 26 TTT_WAIT target=4 elapsed=0s need=2s
UE 27 TTT_WAIT target=4 elapsed=0s need=2s
LM HO_FAIL_LOW_RSRP UE=29 currCell=1 candCell=4 candRsrp=-132.369 < min=-120
UE 32 TTT_WAIT target=1 elapsed=0s need=2s
UE 35 TTT_WAIT target=4 elapsed=0s need=2s
UE 38 TTT_WAIT target=1 elapsed=0s need=2s
UE 40 TTT_WAIT target=4 elapsed=0s need=2s
UE 41 TTT_WAIT target=4 elapsed=0s need=2s
LM HO UE=43 rnti=86 7->4 type=TN servingRsrp=-102.179 targetRsrp=-86.116 targetLoadReal=18/20 targetLoadEff=18/20
LM HO UE=44 rnti=69 6->3 type=TN servingRsrp=-141.254 targetRsrp=-82.9367 targetLoadReal=15/20 targetLoadEff=15/20
UE 46 TTT_WAIT target=3 elapsed=0s need=2s
UE 54 TTT_WAIT target=4 elapsed=0s need=2s
UE 56 TTT_WAIT target=3 elapsed=0s need=2s
UE 57 TTT_WAIT target=4 elapsed=0s need=2s
LM HO UE=59 rnti=145 2->3 type=TN servingRsrp=-84.4708 targetRsrp=-80.1659 targetLoadReal=15/20 targetLoadEff=16/20
UE 61 TTT_WAIT target=4 elapsed=0s need=2s
LM HO UE=66 rnti=145 4->1 type=TN servingRsrp=-109.281 targetRsrp=-106.304 targetLoadReal=17/20 targetLoadEff=17/20
LM HO UE=67 rnti=146 4->1 type=TN servingRsrp=-109.15 targetRsrp=-96.5469 targetLoadReal=17/20 targetLoadEff=18/20
UE 71 TTT_WAIT target=3 elapsed=0s need=2s
UE 72 TTT_WAIT target=1 elapsed=0s need=2s
UE 74 TTT_WAIT target=1 elapsed=0s need=2s
LM HO_FAIL_LOW_RSRP UE=81 currCell=2 candCell=1 candRsrp=-120.497 < min=-120
LM HO_FAIL_LOW_RSRP UE=88 currCell=2 candCell=1 candRsrp=-122.783 < min=-120
LM HO_FAIL_LOW_RSRP UE=90 currCell=2 candCell=4 candRsrp=-120.95 < min=-120
UE 91 TTT_WAIT target=4 elapsed=0s need=2s
LM HO_FAIL_LOW_RSRP UE=92 currCell=1 candCell=4 candRsrp=-131.068 < min=-120
UE 97 TTT_WAIT target=4 elapsed=0s need=2s
LM HO UE=103 rnti=131 2->1 type=TN servingRsrp=-134.151 targetRsrp=-111.588 targetLoadReal=17/20 targetLoadEff=19/20
LM HO UE=105 rnti=116 2->4 type=TN servingRsrp=-92.6472 targetRsrp=-89.9347 targetLoadReal=18/20 targetLoadEff=19/20
TRACE HO_SUCCESS Time=60.6151 IMSI=102 TargetCell=1 Type=TN TargetRSRP=-119.261 ServingRSRP=-119.782 BackhaulDlSnr=-999 BackhaulUlSnr=-999
TRACE HO_SUCCESS Time=60.6151 IMSI=65 TargetCell=1 Type=TN TargetRSRP=-132.687 ServingRSRP=-112.93 BackhaulDlSnr=-999 BackhaulUlSnr=-999
TRACE HO_SUCCESS Time=60.6151 IMSI=66 TargetCell=1 Type=TN TargetRSRP=-86.4791 ServingRSRP=-111.276 BackhaulDlSnr=-999 BackhaulUlSnr=-999
TRACE HO_SUCCESS Time=60.6151 IMSI=58 TargetCell=3 Type=TN TargetRSRP=-107.723 ServingRSRP=-116.359 BackhaulDlSnr=-999 BackhaulUlSnr=-999
TRACE HO_SUCCESS Time=60.6151 IMSI=43 TargetCell=3 Type=TN TargetRSRP=-125.667 ServingRSRP=-90.436 BackhaulDlSnr=-999 BackhaulUlSnr=-999
TRACE HO_SUCCESS Time=60.6151 IMSI=104 TargetCell=4 Type=TN TargetRSRP=-87.4977 ServingRSRP=-127.615 BackhaulDlSnr=-999 BackhaulUlSnr=-999
TRACE HO_SUCCESS Time=60.6151 IMSI=42 TargetCell=4 Type=TN TargetRSRP=-122.399 ServingRSRP=-124.895 BackhaulDlSnr=-999 BackhaulUlSnr=-999
UAV_AUTONOMY_XAPP Time=62.5 DeploymentMode=tn-uav UavIndex=0 UavCellId=5 BestDonorCellId=1 BestDonorDistanceM=830.41 XhaulConnected=1 XhaulChannelVariationDb=0 XhaulState=HEALTHY DonorUnavailableActive=0 SatBackhaulHealthy=0 UavSwitchingXappAvailable=1 UavSwitchingXappState=STANDBY BackhaulMode=TN_DIRECT RicControlState=TN_E2 ActiveUavRic=TN_NEAR_RT_RIC NormalUeHandoverAllowed=1 UavMode=TN_CONTROLLED_COVERAGE_EXTENSION
UAV_AUTONOMY_XAPP Time=62.5 DeploymentMode=tn-uav UavIndex=1 UavCellId=6 BestDonorCellId=3 BestDonorDistanceM=1483.34 XhaulConnected=1 XhaulChannelVariationDb=0 XhaulState=HEALTHY DonorUnavailableActive=0 SatBackhaulHealthy=0 UavSwitchingXappAvailable=1 UavSwitchingXappState=STANDBY BackhaulMode=TN_DIRECT RicControlState=TN_E2 ActiveUavRic=TN_NEAR_RT_RIC NormalUeHandoverAllowed=1 UavMode=TN_CONTROLLED_COVERAGE_EXTENSION
UAV_AUTONOMY_XAPP Time=62.5 DeploymentMode=tn-uav UavIndex=2 UavCellId=7 BestDonorCellId=4 BestDonorDistanceM=1412.4 XhaulConnected=1 XhaulChannelVariationDb=0 XhaulState=HEALTHY DonorUnavailableActive=0 SatBackhaulHealthy=0 UavSwitchingXappAvailable=1 UavSwitchingXappState=STANDBY BackhaulMode=TN_DIRECT RicControlState=TN_E2 ActiveUavRic=TN_NEAR_RT_RIC NormalUeHandoverAllowed=1 UavMode=TN_CONTROLLED_COVERAGE_EXTENSION
---- LOAD at t=62.5 ----
  cell 1 (TN) load=20/20
  cell 2 (TN) load=17/20
  cell 3 (TN) load=17/20
  cell 4 (TN) load=18/20
  cell 5 (NTN) load=10/10
  cell 6 (NTN) load=9/10
  cell 7 (NTN) load=9/10
UE 12 TTT_WAIT target=2 elapsed=0s need=2s
LM HO UE=20 rnti=98 7->4 type=TN servingRsrp=-122.93 targetRsrp=-108.698 targetLoadReal=18/20 targetLoadEff=18/20
UE 21 TTT_WAIT target=4 elapsed=0s need=2s
UE 26 TTT_WAIT target=3 elapsed=0s need=2s
UE 27 TTT_WAIT target=2 elapsed=0s need=2s
UE 30 TTT_WAIT target=2 elapsed=0s need=2s
UE 33 TTT_WAIT target=7 elapsed=0s need=2s
UE 38 TTT_WAIT target=4 elapsed=0s need=2s
UE 39 TTT_WAIT target=2 elapsed=0s need=2s
LM HO UE=40 rnti=167 1->4 type=TN servingRsrp=-116.792 targetRsrp=-106.098 targetLoadReal=18/20 targetLoadEff=19/20
UE 41 TTT_WAIT target=7 elapsed=0s need=2s
UE 43 TTT_WAIT target=2 elapsed=0s need=2s
LM HO_FAIL_LOW_RSRP UE=48 currCell=2 candCell=7 candRsrp=-126.478 < min=-120
UE 51 TTT_WAIT target=3 elapsed=0s need=2s
UE 52 TTT_WAIT target=7 elapsed=0s need=2s
UE 56 TTT_WAIT target=2 elapsed=0s need=2s
UE 57 TTT_WAIT target=6 elapsed=0s need=2s
LM HO_FAIL_LOW_RSRP UE=58 currCell=1 candCell=6 candRsrp=-122.104 < min=-120
LM HO_FAIL_LOW_RSRP UE=61 currCell=2 candCell=7 candRsrp=-130.54 < min=-120
UE 64 TTT_WAIT target=6 elapsed=0s need=2s
UE 65 TTT_WAIT target=2 elapsed=0s need=2s
LM HO_FAIL_LOW_RSRP UE=66 currCell=1 candCell=2 candRsrp=-120.981 < min=-120
UE 68 TTT_WAIT target=6 elapsed=0s need=2s
LM HO_FAIL_LOW_RSRP UE=69 currCell=4 candCell=7 candRsrp=-136.93 < min=-120
LM HO_FAIL_LOW_RSRP UE=71 currCell=1 candCell=7 candRsrp=-126.354 < min=-120
LM HO_FAIL_LOW_RSRP UE=72 currCell=4 candCell=7 candRsrp=-138.12 < min=-120
LM HO_FAIL_LOW_RSRP UE=76 currCell=3 candCell=6 candRsrp=-125.17 < min=-120
LM HO_FAIL_LOW_RSRP UE=77 currCell=3 candCell=6 candRsrp=-120.623 < min=-120
UE 81 TTT_WAIT target=7 elapsed=0s need=2s
UE 82 TTT_WAIT target=7 elapsed=0s need=2s
UE 84 TTT_WAIT target=2 elapsed=0s need=2s
UE 86 TTT_WAIT target=3 elapsed=0s need=2s
LM HO_FAIL_LOW_RSRP UE=88 currCell=2 candCell=7 candRsrp=-132.499 < min=-120
UE 91 TTT_WAIT target=3 elapsed=0s need=2s
LM HO_FAIL_LOW_RSRP UE=92 currCell=1 candCell=7 candRsrp=-121.911 < min=-120
LM HO_FAIL_LOW_RSRP UE=95 currCell=2 candCell=7 candRsrp=-136.871 < min=-120
UE 96 TTT_WAIT target=2 elapsed=0s need=2s
LM HO_FAIL_LOW_RSRP UE=97 currCell=2 candCell=7 candRsrp=-138.456 < min=-120
UE 98 TTT_WAIT target=7 elapsed=0s need=2s
UE 104 TTT_WAIT target=7 elapsed=0s need=2s
TRACE HO_SUCCESS Time=62.6151 IMSI=39 TargetCell=4 Type=TN TargetRSRP=-131.015 ServingRSRP=-98.5029 BackhaulDlSnr=-999 BackhaulUlSnr=-999
TRACE HO_SUCCESS Time=62.6151 IMSI=19 TargetCell=4 Type=TN TargetRSRP=-117.76 ServingRSRP=-129.517 BackhaulDlSnr=-999 BackhaulUlSnr=-999
UAV_AUTONOMY_XAPP Time=64.5 DeploymentMode=tn-uav UavIndex=0 UavCellId=5 BestDonorCellId=1 BestDonorDistanceM=830.41 XhaulConnected=1 XhaulChannelVariationDb=0 XhaulState=HEALTHY DonorUnavailableActive=0 SatBackhaulHealthy=0 UavSwitchingXappAvailable=1 UavSwitchingXappState=STANDBY BackhaulMode=TN_DIRECT RicControlState=TN_E2 ActiveUavRic=TN_NEAR_RT_RIC NormalUeHandoverAllowed=1 UavMode=TN_CONTROLLED_COVERAGE_EXTENSION
UAV_AUTONOMY_XAPP Time=64.5 DeploymentMode=tn-uav UavIndex=1 UavCellId=6 BestDonorCellId=3 BestDonorDistanceM=1466.57 XhaulConnected=1 XhaulChannelVariationDb=0 XhaulState=HEALTHY DonorUnavailableActive=0 SatBackhaulHealthy=0 UavSwitchingXappAvailable=1 UavSwitchingXappState=STANDBY BackhaulMode=TN_DIRECT RicControlState=TN_E2 ActiveUavRic=TN_NEAR_RT_RIC NormalUeHandoverAllowed=1 UavMode=TN_CONTROLLED_COVERAGE_EXTENSION
UAV_AUTONOMY_XAPP Time=64.5 DeploymentMode=tn-uav UavIndex=2 UavCellId=7 BestDonorCellId=4 BestDonorDistanceM=1432.24 XhaulConnected=1 XhaulChannelVariationDb=0 XhaulState=HEALTHY DonorUnavailableActive=0 SatBackhaulHealthy=0 UavSwitchingXappAvailable=1 UavSwitchingXappState=STANDBY BackhaulMode=TN_DIRECT RicControlState=TN_E2 ActiveUavRic=TN_NEAR_RT_RIC NormalUeHandoverAllowed=1 UavMode=TN_CONTROLLED_COVERAGE_EXTENSION
---- LOAD at t=64.5 ----
  cell 1 (TN) load=19/20
  cell 2 (TN) load=17/20
  cell 3 (TN) load=17/20
  cell 4 (TN) load=20/20
  cell 5 (NTN) load=10/10
  cell 6 (NTN) load=9/10
  cell 7 (NTN) load=8/10
UE 9 TTT_WAIT target=2 elapsed=0s need=2s
UE 16 TTT_WAIT target=1 elapsed=0s need=2s
UE 20 TTT_WAIT target=7 elapsed=0s need=2s
UE 23 TTT_WAIT target=2 elapsed=0s need=2s
UE 29 TTT_WAIT target=7 elapsed=0s need=2s
LM HO UE=30 rnti=176 4->2 type=TN servingRsrp=-113.903 targetRsrp=-90.7991 targetLoadReal=17/20 targetLoadEff=17/20
UE 31 TTT_WAIT target=1 elapsed=0s need=2s
UE 33 TTT_WAIT target=3 elapsed=0s need=2s
UE 37 TTT_WAIT target=6 elapsed=0s need=2s
UE 38 TTT_WAIT target=7 elapsed=0s need=2s
UE 40 TTT_WAIT target=2 elapsed=0s need=2s
UE 41 TTT_WAIT target=1 elapsed=0s need=2s
UE 44 TTT_WAIT target=2 elapsed=0s need=2s
UE 45 TTT_WAIT target=3 elapsed=0s need=2s
UE 46 TTT_WAIT target=1 elapsed=0s need=2s
UE 48 TTT_WAIT target=1 elapsed=0s need=2s
LM HO_FAIL_LOW_RSRP UE=56 currCell=1 candCell=7 candRsrp=-135.834 < min=-120
LM HO_FAIL_LOW_RSRP UE=58 currCell=1 candCell=7 candRsrp=-120.035 < min=-120
UE 65 TTT_WAIT target=3 elapsed=0s need=2s
LM HO_FAIL_LOW_RSRP UE=66 currCell=1 candCell=7 candRsrp=-120.794 < min=-120
UE 67 TTT_WAIT target=7 elapsed=0s need=2s
UE 68 TTT_WAIT target=3 elapsed=0s need=2s
UE 69 TTT_WAIT target=2 elapsed=0s need=2s
LM HO_FAIL_LOW_RSRP UE=70 currCell=2 candCell=6 candRsrp=-138.369 < min=-120
UE 72 TTT_WAIT target=7 elapsed=0s need=2s
UE 74 TTT_WAIT target=1 elapsed=0s need=2s
LM HO_FAIL_LOW_RSRP UE=78 currCell=4 candCell=7 candRsrp=-128.32 < min=-120
LM HO_FAIL_LOW_RSRP UE=81 currCell=2 candCell=1 candRsrp=-130.079 < min=-120
LM HO UE=84 rnti=151 4->2 type=TN servingRsrp=-120.547 targetRsrp=-94.1054 targetLoadReal=17/20 targetLoadEff=18/20
UE 88 TTT_WAIT target=3 elapsed=0s need=2s
LM HO_FAIL_LOW_RSRP UE=89 currCell=1 candCell=7 candRsrp=-134.725 < min=-120
UE 90 TTT_WAIT target=3 elapsed=0s need=2s
UE 98 TTT_WAIT target=2 elapsed=0s need=2s
UE 103 TTT_WAIT target=7 elapsed=0s need=2s
UE 104 TTT_WAIT target=1 elapsed=0s need=2s
UE 106 TTT_WAIT target=3 elapsed=0s need=2s
UE 107 TTT_WAIT target=7 elapsed=0s need=2s
TRACE HO_SUCCESS Time=64.6151 IMSI=83 TargetCell=2 Type=TN TargetRSRP=-117.961 ServingRSRP=-77.4589 BackhaulDlSnr=-999 BackhaulUlSnr=-999
TRACE HO_SUCCESS Time=64.6151 IMSI=29 TargetCell=2 Type=TN TargetRSRP=-124.198 ServingRSRP=-97.1753 BackhaulDlSnr=-999 BackhaulUlSnr=-999
UAV_AUTONOMY_XAPP Time=66.5 DeploymentMode=tn-uav UavIndex=0 UavCellId=5 BestDonorCellId=1 BestDonorDistanceM=830.41 XhaulConnected=1 XhaulChannelVariationDb=0 XhaulState=HEALTHY DonorUnavailableActive=0 SatBackhaulHealthy=0 UavSwitchingXappAvailable=1 UavSwitchingXappState=STANDBY BackhaulMode=TN_DIRECT RicControlState=TN_E2 ActiveUavRic=TN_NEAR_RT_RIC NormalUeHandoverAllowed=1 UavMode=TN_CONTROLLED_COVERAGE_EXTENSION
UAV_AUTONOMY_XAPP Time=66.5 DeploymentMode=tn-uav UavIndex=1 UavCellId=6 BestDonorCellId=3 BestDonorDistanceM=1451.02 XhaulConnected=1 XhaulChannelVariationDb=0 XhaulState=HEALTHY DonorUnavailableActive=0 SatBackhaulHealthy=0 UavSwitchingXappAvailable=1 UavSwitchingXappState=STANDBY BackhaulMode=TN_DIRECT RicControlState=TN_E2 ActiveUavRic=TN_NEAR_RT_RIC NormalUeHandoverAllowed=1 UavMode=TN_CONTROLLED_COVERAGE_EXTENSION
UAV_AUTONOMY_XAPP Time=66.5 DeploymentMode=tn-uav UavIndex=2 UavCellId=7 BestDonorCellId=4 BestDonorDistanceM=1451.76 XhaulConnected=1 XhaulChannelVariationDb=0 XhaulState=HEALTHY DonorUnavailableActive=0 SatBackhaulHealthy=0 UavSwitchingXappAvailable=1 UavSwitchingXappState=STANDBY BackhaulMode=TN_DIRECT RicControlState=TN_E2 ActiveUavRic=TN_NEAR_RT_RIC NormalUeHandoverAllowed=1 UavMode=TN_CONTROLLED_COVERAGE_EXTENSION
---- LOAD at t=66.5 ----
  cell 1 (TN) load=19/20
  cell 2 (TN) load=19/20
  cell 3 (TN) load=17/20
  cell 4 (TN) load=18/20
  cell 5 (NTN) load=10/10
  cell 6 (NTN) load=9/10
  cell 7 (NTN) load=8/10
LM HO UE=9 rnti=64 4->2 type=TN servingRsrp=-103.95 targetRsrp=-85.7771 targetLoadReal=19/20 targetLoadEff=19/20
UE 17 TTT_WAIT target=4 elapsed=0s need=2s
UE 20 TTT_WAIT target=1 elapsed=0s need=2s
UE 26 TTT_WAIT target=4 elapsed=0s need=2s
UE 27 TTT_WAIT target=6 elapsed=0s need=2s
LM HO_FAIL_LOW_RSRP UE=28 currCell=2 candCell=6 candRsrp=-135.397 < min=-120
LM HO UE=29 rnti=174 1->7 type=NTN servingRsrp=-113.176 targetRsrp=-93.9279 targetLoadReal=8/10 targetLoadEff=8/10
UE 30 TTT_WAIT target=1 elapsed=0s need=2s
UE 32 TTT_WAIT target=4 elapsed=0s need=2s
LM HO_FAIL_LOW_RSRP UE=40 currCell=4 candCell=6 candRsrp=-127.075 < min=-120
LM HO UE=41 rnti=39 2->1 type=TN servingRsrp=-127.669 targetRsrp=-116.262 targetLoadReal=19/20 targetLoadEff=19/20
UE 43 TTT_WAIT target=7 elapsed=0s need=2s
UE 44 TTT_WAIT target=4 elapsed=0s need=2s
LM HO_FAIL_LOW_RSRP UE=48 currCell=2 candCell=4 candRsrp=-124.433 < min=-120
UE 52 TTT_WAIT target=4 elapsed=0s need=2s
UE 54 TTT_WAIT target=4 elapsed=0s need=2s
LM HO_FAIL_LOW_RSRP UE=56 currCell=1 candCell=7 candRsrp=-138.333 < min=-120
UE 57 TTT_WAIT target=4 elapsed=0s need=2s
UE 58 TTT_WAIT target=3 elapsed=0s need=2s
UE 59 TTT_WAIT target=6 elapsed=0s need=2s
LM HO UE=65 rnti=144 4->3 type=TN servingRsrp=-113.923 targetRsrp=-103.461 targetLoadReal=17/20 targetLoadEff=17/20
UE 66 TTT_WAIT target=4 elapsed=0s need=2s
UE 67 TTT_WAIT target=4 elapsed=0s need=2s
UE 68 TTT_WAIT target=6 elapsed=0s need=2s
UE 71 TTT_WAIT target=7 elapsed=0s need=2s
LM HO_FAIL_LOW_RSRP UE=72 currCell=4 candCell=7 candRsrp=-136.574 < min=-120
UE 76 TTT_WAIT target=6 elapsed=0s need=2s
UE 78 TTT_WAIT target=7 elapsed=0s need=2s
UE 79 TTT_WAIT target=6 elapsed=0s need=2s
LM HO_FAIL_LOW_RSRP UE=81 currCell=2 candCell=3 candRsrp=-122.299 < min=-120
UE 82 TTT_WAIT target=3 elapsed=0s need=2s
UE 86 TTT_WAIT target=6 elapsed=0s need=2s
LM HO UE=88 rnti=140 2->3 type=TN servingRsrp=-130.914 targetRsrp=-106.956 targetLoadReal=17/20 targetLoadEff=18/20
UE 90 TTT_WAIT target=4 elapsed=0s need=2s
UE 91 TTT_WAIT target=3 elapsed=0s need=2s
UE 92 TTT_WAIT target=7 elapsed=0s need=2s
LM HO_FAIL_LOW_RSRP UE=93 currCell=1 candCell=7 candRsrp=-122.774 < min=-120
UE 95 TTT_WAIT target=6 elapsed=0s need=2s
UE 97 TTT_WAIT target=4 elapsed=0s need=2s
UE 103 TTT_WAIT target=4 elapsed=0s need=2s
UE 107 TTT_WAIT target=4 elapsed=0s need=2s
TRACE HO_SUCCESS Time=66.6151 IMSI=40 TargetCell=1 Type=TN TargetRSRP=-120.165 ServingRSRP=-103.215 BackhaulDlSnr=-999 BackhaulUlSnr=-999
TRACE HO_SUCCESS Time=66.6151 IMSI=8 TargetCell=2 Type=TN TargetRSRP=-93.8743 ServingRSRP=-102.726 BackhaulDlSnr=-999 BackhaulUlSnr=-999
TRACE HO_SUCCESS Time=66.6151 IMSI=87 TargetCell=3 Type=TN TargetRSRP=-142.244 ServingRSRP=-120.012 BackhaulDlSnr=-999 BackhaulUlSnr=-999
TRACE HO_SUCCESS Time=66.6151 IMSI=64 TargetCell=3 Type=TN TargetRSRP=-144.681 ServingRSRP=-125.319 BackhaulDlSnr=-999 BackhaulUlSnr=-999
TRACE HO_SUCCESS Time=66.6151 IMSI=28 TargetCell=7 Type=NTN TargetRSRP=-119.78 ServingRSRP=-125.811 BackhaulDlSnr=-999 BackhaulUlSnr=-999
UAV_AUTONOMY_XAPP Time=68.5 DeploymentMode=tn-uav UavIndex=0 UavCellId=5 BestDonorCellId=1 BestDonorDistanceM=830.41 XhaulConnected=1 XhaulChannelVariationDb=0 XhaulState=HEALTHY DonorUnavailableActive=0 SatBackhaulHealthy=0 UavSwitchingXappAvailable=1 UavSwitchingXappState=STANDBY BackhaulMode=TN_DIRECT RicControlState=TN_E2 ActiveUavRic=TN_NEAR_RT_RIC NormalUeHandoverAllowed=1 UavMode=TN_CONTROLLED_COVERAGE_EXTENSION
UAV_AUTONOMY_XAPP Time=68.5 DeploymentMode=tn-uav UavIndex=1 UavCellId=6 BestDonorCellId=3 BestDonorDistanceM=1436.15 XhaulConnected=1 XhaulChannelVariationDb=0 XhaulState=HEALTHY DonorUnavailableActive=0 SatBackhaulHealthy=0 UavSwitchingXappAvailable=1 UavSwitchingXappState=STANDBY BackhaulMode=TN_DIRECT RicControlState=TN_E2 ActiveUavRic=TN_NEAR_RT_RIC NormalUeHandoverAllowed=1 UavMode=TN_CONTROLLED_COVERAGE_EXTENSION
UAV_AUTONOMY_XAPP Time=68.5 DeploymentMode=tn-uav UavIndex=2 UavCellId=7 BestDonorCellId=4 BestDonorDistanceM=1454.93 XhaulConnected=1 XhaulChannelVariationDb=0 XhaulState=HEALTHY DonorUnavailableActive=0 SatBackhaulHealthy=0 UavSwitchingXappAvailable=1 UavSwitchingXappState=STANDBY BackhaulMode=TN_DIRECT RicControlState=TN_E2 ActiveUavRic=TN_NEAR_RT_RIC NormalUeHandoverAllowed=1 UavMode=TN_CONTROLLED_COVERAGE_EXTENSION
---- LOAD at t=68.5 ----
  cell 1 (TN) load=19/20
  cell 2 (TN) load=18/20
  cell 3 (TN) load=19/20
  cell 4 (TN) load=16/20
  cell 5 (NTN) load=10/10
  cell 6 (NTN) load=9/10
  cell 7 (NTN) load=9/10
UE 9 TTT_WAIT target=4 elapsed=0s need=2s
UE 15 TTT_WAIT target=4 elapsed=0s need=2s
UE 16 TTT_WAIT target=7 elapsed=0s need=2s
UE 17 TTT_WAIT target=2 elapsed=0s need=2s
LM HO UE=20 rnti=182 4->1 type=TN servingRsrp=-105.285 targetRsrp=-99.8521 targetLoadReal=19/20 targetLoadEff=19/20
UE 23 TTT_WAIT target=2 elapsed=0s need=2s
UE 26 TTT_WAIT target=3 elapsed=0s need=2s
UE 27 TTT_WAIT target=2 elapsed=0s need=2s
LM HO_FAIL_LOW_RSRP UE=28 currCell=2 candCell=6 candRsrp=-147.791 < min=-120
UE 30 TTT_WAIT target=7 elapsed=0s need=2s
UE 32 TTT_WAIT target=3 elapsed=0s need=2s
UE 40 TTT_WAIT target=3 elapsed=0s need=2s
UE 41 TTT_WAIT target=3 elapsed=0s need=2s
LM HO UE=43 rnti=180 4->7 type=NTN servingRsrp=-127.436 targetRsrp=-80.6672 targetLoadReal=9/10 targetLoadEff=9/10
LM HO_FAIL_LOW_RSRP UE=48 currCell=2 candCell=4 candRsrp=-126.246 < min=-120
UE 51 TTT_WAIT target=6 elapsed=0s need=2s
LM HO UE=54 rnti=97 7->4 type=TN servingRsrp=-120.57 targetRsrp=-73.0709 targetLoadReal=16/20 targetLoadEff=16/20
UE 56 TTT_WAIT target=3 elapsed=0s need=2s
LM HO UE=57 rnti=89 7->4 type=TN servingRsrp=-128.562 targetRsrp=-83.518 targetLoadReal=16/20 targetLoadEff=17/20
UE 58 TTT_WAIT target=4 elapsed=0s need=2s
UE 60 TTT_WAIT target=4 elapsed=0s need=2s
LM HO_FAIL_LOW_RSRP UE=61 currCell=2 candCell=6 candRsrp=-138.098 < min=-120
UE 63 TTT_WAIT target=4 elapsed=0s need=2s
UE 64 TTT_WAIT target=6 elapsed=0s need=2s
UE 65 TTT_WAIT target=2 elapsed=0s need=2s
LM HO UE=66 rnti=175 1->4 type=TN servingRsrp=-137.665 targetRsrp=-113.667 targetLoadReal=16/20 targetLoadEff=18/20
LM HO UE=67 rnti=177 1->4 type=TN servingRsrp=-121.358 targetRsrp=-113.614 targetLoadReal=16/20 targetLoadEff=19/20
LM HO UE=68 rnti=165 1->6 type=NTN servingRsrp=-116.63 targetRsrp=-108.95 targetLoadReal=9/10 targetLoadEff=9/10
UE 70 TTT_WAIT target=3 elapsed=0s need=2s
UE 71 TTT_WAIT target=2 elapsed=0s need=2s
UE 72 TTT_WAIT target=2 elapsed=0s need=2s
UE 80 TTT_WAIT target=2 elapsed=0s need=2s
LM HO_FAIL_LOW_RSRP UE=88 currCell=3 candCell=2 candRsrp=-128.175 < min=-120
UE 93 TTT_WAIT target=2 elapsed=0s need=2s
UE 96 TTT_WAIT target=3 elapsed=0s need=2s
UE 103 TTT_WAIT target=3 elapsed=0s need=2s
TRACE HO_SUCCESS Time=68.6151 IMSI=19 TargetCell=1 Type=TN TargetRSRP=-131.08 ServingRSRP=-107.449 BackhaulDlSnr=-999 BackhaulUlSnr=-999
TRACE HO_SUCCESS Time=68.6151 IMSI=65 TargetCell=4 Type=TN TargetRSRP=-115.617 ServingRSRP=-127.519 BackhaulDlSnr=-999 BackhaulUlSnr=-999
TRACE HO_SUCCESS Time=68.6151 IMSI=66 TargetCell=4 Type=TN TargetRSRP=-75.1046 ServingRSRP=-95.6977 BackhaulDlSnr=-999 BackhaulUlSnr=-999
TRACE HO_SUCCESS Time=68.6151 IMSI=53 TargetCell=4 Type=TN TargetRSRP=-109.582 ServingRSRP=-115.555 BackhaulDlSnr=-999 BackhaulUlSnr=-999
TRACE HO_SUCCESS Time=68.6151 IMSI=56 TargetCell=4 Type=TN TargetRSRP=-86.6353 ServingRSRP=-104.037 BackhaulDlSnr=-999 BackhaulUlSnr=-999
TRACE HO_SUCCESS Time=68.6151 IMSI=67 TargetCell=6 Type=NTN TargetRSRP=-127.267 ServingRSRP=-96.2591 BackhaulDlSnr=-999 BackhaulUlSnr=-999
TRACE HO_SUCCESS Time=68.6151 IMSI=42 TargetCell=7 Type=NTN TargetRSRP=-109.49 ServingRSRP=-98.4003 BackhaulDlSnr=-999 BackhaulUlSnr=-999
UAV_AUTONOMY_XAPP Time=70.5 DeploymentMode=tn-uav UavIndex=0 UavCellId=5 BestDonorCellId=1 BestDonorDistanceM=830.41 XhaulConnected=1 XhaulChannelVariationDb=0 XhaulState=HEALTHY DonorUnavailableActive=0 SatBackhaulHealthy=0 UavSwitchingXappAvailable=1 UavSwitchingXappState=STANDBY BackhaulMode=TN_DIRECT RicControlState=TN_E2 ActiveUavRic=TN_NEAR_RT_RIC NormalUeHandoverAllowed=1 UavMode=TN_CONTROLLED_COVERAGE_EXTENSION
UAV_AUTONOMY_XAPP Time=70.5 DeploymentMode=tn-uav UavIndex=1 UavCellId=6 BestDonorCellId=3 BestDonorDistanceM=1433.2 XhaulConnected=1 XhaulChannelVariationDb=0 XhaulState=HEALTHY DonorUnavailableActive=0 SatBackhaulHealthy=0 UavSwitchingXappAvailable=1 UavSwitchingXappState=STANDBY BackhaulMode=TN_DIRECT RicControlState=TN_E2 ActiveUavRic=TN_NEAR_RT_RIC NormalUeHandoverAllowed=1 UavMode=TN_CONTROLLED_COVERAGE_EXTENSION
UAV_AUTONOMY_XAPP Time=70.5 DeploymentMode=tn-uav UavIndex=2 UavCellId=7 BestDonorCellId=4 BestDonorDistanceM=1446.26 XhaulConnected=1 XhaulChannelVariationDb=0 XhaulState=HEALTHY DonorUnavailableActive=0 SatBackhaulHealthy=0 UavSwitchingXappAvailable=1 UavSwitchingXappState=STANDBY BackhaulMode=TN_DIRECT RicControlState=TN_E2 ActiveUavRic=TN_NEAR_RT_RIC NormalUeHandoverAllowed=1 UavMode=TN_CONTROLLED_COVERAGE_EXTENSION
---- LOAD at t=70.5 ----
  cell 1 (TN) load=17/20
  cell 2 (TN) load=18/20
  cell 3 (TN) load=19/20
  cell 4 (TN) load=18/20
  cell 5 (NTN) load=10/10
  cell 6 (NTN) load=10/10
  cell 7 (NTN) load=8/10
LM HO UE=9 rnti=159 2->4 type=TN servingRsrp=-122.9 targetRsrp=-102.152 targetLoadReal=18/20 targetLoadEff=18/20
UE 12 TTT_WAIT target=2 elapsed=0s need=2s
UE 13 TTT_WAIT target=4 elapsed=0s need=2s
UE 15 TTT_WAIT target=7 elapsed=0s need=2s
UE 18 TTT_WAIT target=1 elapsed=0s need=2s
UE 19 TTT_WAIT target=7 elapsed=0s need=2s
UE 20 TTT_WAIT target=4 elapsed=0s need=2s
LM HO UE=26 rnti=70 6->3 type=TN servingRsrp=-109.454 targetRsrp=-95.1681 targetLoadReal=19/20 targetLoadEff=19/20
LM HO_FAIL_LOW_RSRP UE=27 currCell=3 candCell=4 candRsrp=-124 < min=-120
LM HO_FAIL_LOW_RSRP UE=28 currCell=2 candCell=7 candRsrp=-145.174 < min=-120
UE 29 TTT_WAIT target=4 elapsed=0s need=2s
UE 30 TTT_WAIT target=1 elapsed=0s need=2s
UE 31 TTT_WAIT target=2 elapsed=0s need=2s
UE 32 TTT_WAIT target=2 elapsed=0s need=2s
UE 40 TTT_WAIT target=1 elapsed=0s need=2s
UE 41 TTT_WAIT target=4 elapsed=0s need=2s
UE 43 TTT_WAIT target=2 elapsed=0s need=2s
UE 44 TTT_WAIT target=1 elapsed=0s need=2s
LM HO_FAIL_LOW_RSRP UE=46 currCell=2 candCell=7 candRsrp=-120.05 < min=-120
UE 48 TTT_WAIT target=1 elapsed=0s need=2s
UE 52 TTT_WAIT target=2 elapsed=0s need=2s
UE 54 TTT_WAIT target=7 elapsed=0s need=2s
UE 57 TTT_WAIT target=7 elapsed=0s need=2s
UE 58 TTT_WAIT target=7 elapsed=0s need=2s
LM HO_FAIL_LOW_RSRP UE=59 currCell=3 candCell=7 candRsrp=-145.086 < min=-120
UE 60 TTT_WAIT target=2 elapsed=0s need=2s
LM HO UE=63 rnti=109 2->4 type=TN servingRsrp=-106.445 targetRsrp=-77.9536 targetLoadReal=18/20 targetLoadEff=19/20
LM HO UE=65 rnti=150 3->2 type=TN servingRsrp=-138.992 targetRsrp=-95.5107 targetLoadReal=18/20 targetLoadEff=18/20
UE 68 TTT_WAIT target=2 elapsed=0s need=2s
LM HO_FAIL_LOW_RSRP UE=70 currCell=2 candCell=7 candRsrp=-135.22 < min=-120
UE 71 TTT_WAIT target=7 elapsed=0s need=2s
UE 74 TTT_WAIT target=1 elapsed=0s need=2s
UE 75 TTT_WAIT target=1 elapsed=0s need=2s
LM HO_FAIL_LOW_RSRP UE=76 currCell=3 candCell=7 candRsrp=-152.17 < min=-120
LM HO_FAIL_LOW_RSRP UE=78 currCell=4 candCell=7 candRsrp=-122.289 < min=-120
UE 81 TTT_WAIT target=7 elapsed=0s need=2s
UE 82 TTT_WAIT target=2 elapsed=0s need=2s
UE 84 TTT_WAIT target=7 elapsed=0s need=2s
UE 88 TTT_WAIT target=1 elapsed=0s need=2s
LM HO_FAIL_LOW_RSRP UE=90 currCell=2 candCell=1 candRsrp=-130.037 < min=-120
UE 92 TTT_WAIT target=7 elapsed=0s need=2s
LM HO_FAIL_LOW_RSRP UE=93 currCell=1 candCell=7 candRsrp=-128.62 < min=-120
UE 95 TTT_WAIT target=7 elapsed=0s need=2s
LM HO_FAIL_LOW_RSRP UE=97 currCell=2 candCell=7 candRsrp=-135.171 < min=-120
LM HO_FAIL_LOW_RSRP UE=98 currCell=1 candCell=7 candRsrp=-129.509 < min=-120
UE 103 TTT_WAIT target=7 elapsed=0s need=2s
UE 107 TTT_WAIT target=1 elapsed=0s need=2s
TRACE HO_SUCCESS Time=70.6151 IMSI=64 TargetCell=2 Type=TN TargetRSRP=-92.9071 ServingRSRP=-103.206 BackhaulDlSnr=-999 BackhaulUlSnr=-999
TRACE HO_SUCCESS Time=70.6151 IMSI=25 TargetCell=3 Type=TN TargetRSRP=-91.0197 ServingRSRP=-121.432 BackhaulDlSnr=-999 BackhaulUlSnr=-999
TRACE HO_SUCCESS Time=70.6151 IMSI=62 TargetCell=4 Type=TN TargetRSRP=-78.0571 ServingRSRP=-105.103 BackhaulDlSnr=-999 BackhaulUlSnr=-999
TRACE HO_SUCCESS Time=70.6151 IMSI=8 TargetCell=4 Type=TN TargetRSRP=-82.2166 ServingRSRP=-88.9763 BackhaulDlSnr=-999 BackhaulUlSnr=-999
UAV_AUTONOMY_XAPP Time=72.5 DeploymentMode=tn-uav UavIndex=0 UavCellId=5 BestDonorCellId=1 BestDonorDistanceM=830.41 XhaulConnected=1 XhaulChannelVariationDb=0 XhaulState=HEALTHY DonorUnavailableActive=0 SatBackhaulHealthy=0 UavSwitchingXappAvailable=1 UavSwitchingXappState=STANDBY BackhaulMode=TN_DIRECT RicControlState=TN_E2 ActiveUavRic=TN_NEAR_RT_RIC NormalUeHandoverAllowed=1 UavMode=TN_CONTROLLED_COVERAGE_EXTENSION
UAV_AUTONOMY_XAPP Time=72.5 DeploymentMode=tn-uav UavIndex=1 UavCellId=6 BestDonorCellId=3 BestDonorDistanceM=1420.91 XhaulConnected=1 XhaulChannelVariationDb=0 XhaulState=HEALTHY DonorUnavailableActive=0 SatBackhaulHealthy=0 UavSwitchingXappAvailable=1 UavSwitchingXappState=STANDBY BackhaulMode=TN_DIRECT RicControlState=TN_E2 ActiveUavRic=TN_NEAR_RT_RIC NormalUeHandoverAllowed=1 UavMode=TN_CONTROLLED_COVERAGE_EXTENSION
UAV_AUTONOMY_XAPP Time=72.5 DeploymentMode=tn-uav UavIndex=2 UavCellId=7 BestDonorCellId=4 BestDonorDistanceM=1428.66 XhaulConnected=1 XhaulChannelVariationDb=0 XhaulState=HEALTHY DonorUnavailableActive=0 SatBackhaulHealthy=0 UavSwitchingXappAvailable=1 UavSwitchingXappState=STANDBY BackhaulMode=TN_DIRECT RicControlState=TN_E2 ActiveUavRic=TN_NEAR_RT_RIC NormalUeHandoverAllowed=1 UavMode=TN_CONTROLLED_COVERAGE_EXTENSION
---- LOAD at t=72.5 ----
  cell 1 (TN) load=17/20
  cell 2 (TN) load=17/20
  cell 3 (TN) load=19/20
  cell 4 (TN) load=20/20
  cell 5 (NTN) load=10/10
  cell 6 (NTN) load=9/10
  cell 7 (NTN) load=8/10
LM HO UE=12 rnti=44 3->2 type=TN servingRsrp=-113.462 targetRsrp=-95.0297 targetLoadReal=17/20 targetLoadEff=17/20
LM HO_FAIL_LOW_RSRP UE=20 currCell=1 candCell=2 candRsrp=-133.797 < min=-120
UE 27 TTT_WAIT target=2 elapsed=0s need=2s
LM HO UE=30 rnti=157 2->1 type=TN servingRsrp=-132.704 targetRsrp=-113.173 targetLoadReal=17/20 targetLoadEff=17/20
LM HO_FAIL_LOW_RSRP UE=33 currCell=1 candCell=7 candRsrp=-126.624 < min=-120
UE 37 TTT_WAIT target=2 elapsed=0s need=2s
UE 38 TTT_WAIT target=7 elapsed=0s need=2s
LM HO UE=40 rnti=183 4->1 type=TN servingRsrp=-133.098 targetRsrp=-118.849 targetLoadReal=17/20 targetLoadEff=18/20
LM HO_FAIL_LOW_RSRP UE=41 currCell=1 candCell=7 candRsrp=-134.244 < min=-120
UE 46 TTT_WAIT target=3 elapsed=0s need=2s
LM HO UE=48 rnti=156 2->1 type=TN servingRsrp=-135.507 targetRsrp=-108.236 targetLoadReal=17/20 targetLoadEff=19/20
UE 56 TTT_WAIT target=3 elapsed=0s need=2s
UE 61 TTT_WAIT target=7 elapsed=0s need=2s
UE 62 TTT_WAIT target=6 elapsed=0s need=2s
UE 63 TTT_WAIT target=2 elapsed=0s need=2s
LM HO_FAIL_LOW_RSRP UE=64 currCell=3 candCell=6 candRsrp=-124.437 < min=-120
LM HO_FAIL_LOW_RSRP UE=65 currCell=2 candCell=7 candRsrp=-125.072 < min=-120
LM HO_FAIL_LOW_RSRP UE=66 currCell=4 candCell=7 candRsrp=-128.495 < min=-120
UE 67 TTT_WAIT target=6 elapsed=0s need=2s
UE 70 TTT_WAIT target=3 elapsed=0s need=2s
UE 71 TTT_WAIT target=6 elapsed=0s need=2s
UE 72 TTT_WAIT target=3 elapsed=0s need=2s
UE 74 TTT_WAIT target=7 elapsed=0s need=2s
UE 77 TTT_WAIT target=2 elapsed=0s need=2s
LM HO_FAIL_LOW_RSRP UE=79 currCell=2 candCell=7 candRsrp=-140.551 < min=-120
UE 80 TTT_WAIT target=2 elapsed=0s need=2s
LM HO UE=81 rnti=149 2->7 type=NTN servingRsrp=-135.196 targetRsrp=-90.7276 targetLoadReal=8/10 targetLoadEff=8/10
LM HO_FAIL_LOW_RSRP UE=82 currCell=1 candCell=7 candRsrp=-127.063 < min=-120
UE 84 TTT_WAIT target=6 elapsed=0s need=2s
UE 86 TTT_WAIT target=7 elapsed=0s need=2s
UE 88 TTT_WAIT target=2 elapsed=0s need=2s
UE 91 TTT_WAIT target=3 elapsed=0s need=2s
LM HO_FAIL_LOW_RSRP UE=93 currCell=1 candCell=7 candRsrp=-133.223 < min=-120
UE 96 TTT_WAIT target=2 elapsed=0s need=2s
UE 98 TTT_WAIT target=3 elapsed=0s need=2s
LM HO_FAIL_LOW_RSRP UE=103 currCell=1 candCell=7 candRsrp=-120.426 < min=-120
LM HO_FAIL_LOW_RSRP UE=107 currCell=2 candCell=7 candRsrp=-139.566 < min=-120
TRACE HO_SUCCESS Time=72.6151 IMSI=47 TargetCell=1 Type=TN TargetRSRP=-107.99 ServingRSRP=-87.2459 BackhaulDlSnr=-999 BackhaulUlSnr=-999
TRACE HO_SUCCESS Time=72.6151 IMSI=29 TargetCell=1 Type=TN TargetRSRP=-113.484 ServingRSRP=-114.957 BackhaulDlSnr=-999 BackhaulUlSnr=-999
TRACE HO_SUCCESS Time=72.6151 IMSI=39 TargetCell=1 Type=TN TargetRSRP=-115.719 ServingRSRP=-86.5582 BackhaulDlSnr=-999 BackhaulUlSnr=-999
TRACE HO_SUCCESS Time=72.6151 IMSI=11 TargetCell=2 Type=TN TargetRSRP=-119.513 ServingRSRP=-102.969 BackhaulDlSnr=-999 BackhaulUlSnr=-999
TRACE HO_SUCCESS Time=72.6151 IMSI=80 TargetCell=7 Type=NTN TargetRSRP=-123.084 ServingRSRP=-104.501 BackhaulDlSnr=-999 BackhaulUlSnr=-999
UAV_AUTONOMY_XAPP Time=74.5 DeploymentMode=tn-uav UavIndex=0 UavCellId=5 BestDonorCellId=1 BestDonorDistanceM=830.41 XhaulConnected=1 XhaulChannelVariationDb=0 XhaulState=HEALTHY DonorUnavailableActive=0 SatBackhaulHealthy=0 UavSwitchingXappAvailable=1 UavSwitchingXappState=STANDBY BackhaulMode=TN_DIRECT RicControlState=TN_E2 ActiveUavRic=TN_NEAR_RT_RIC NormalUeHandoverAllowed=1 UavMode=TN_CONTROLLED_COVERAGE_EXTENSION
UAV_AUTONOMY_XAPP Time=74.5 DeploymentMode=tn-uav UavIndex=1 UavCellId=6 BestDonorCellId=3 BestDonorDistanceM=1404.29 XhaulConnected=1 XhaulChannelVariationDb=0 XhaulState=HEALTHY DonorUnavailableActive=0 SatBackhaulHealthy=0 UavSwitchingXappAvailable=1 UavSwitchingXappState=STANDBY BackhaulMode=TN_DIRECT RicControlState=TN_E2 ActiveUavRic=TN_NEAR_RT_RIC NormalUeHandoverAllowed=1 UavMode=TN_CONTROLLED_COVERAGE_EXTENSION
UAV_AUTONOMY_XAPP Time=74.5 DeploymentMode=tn-uav UavIndex=2 UavCellId=7 BestDonorCellId=4 BestDonorDistanceM=1414.75 XhaulConnected=1 XhaulChannelVariationDb=0 XhaulState=HEALTHY DonorUnavailableActive=0 SatBackhaulHealthy=0 UavSwitchingXappAvailable=1 UavSwitchingXappState=STANDBY BackhaulMode=TN_DIRECT RicControlState=TN_E2 ActiveUavRic=TN_NEAR_RT_RIC NormalUeHandoverAllowed=1 UavMode=TN_CONTROLLED_COVERAGE_EXTENSION
---- LOAD at t=74.5 ----
  cell 1 (TN) load=20/20
  cell 2 (TN) load=15/20
  cell 3 (TN) load=18/20
  cell 4 (TN) load=19/20
  cell 5 (NTN) load=10/10
  cell 6 (NTN) load=9/10
  cell 7 (NTN) load=9/10
UE 16 TTT_WAIT target=7 elapsed=0s need=2s
UE 19 TTT_WAIT target=2 elapsed=0s need=2s
UE 20 TTT_WAIT target=2 elapsed=0s need=2s
UE 27 TTT_WAIT target=4 elapsed=0s need=2s
LM HO_FAIL_LOW_RSRP UE=30 currCell=1 candCell=4 candRsrp=-121.682 < min=-120
UE 32 TTT_WAIT target=6 elapsed=0s need=2s
UE 34 TTT_WAIT target=4 elapsed=0s need=2s
UE 35 TTT_WAIT target=6 elapsed=0s need=2s
LM HO UE=37 rnti=48 3->2 type=TN servingRsrp=-110.246 targetRsrp=-106.2 targetLoadReal=15/20 targetLoadEff=15/20
UE 40 TTT_WAIT target=6 elapsed=0s need=2s
UE 41 TTT_WAIT target=2 elapsed=0s need=2s
UE 43 TTT_WAIT target=2 elapsed=0s need=2s
UE 44 TTT_WAIT target=2 elapsed=0s need=2s
UE 45 TTT_WAIT target=4 elapsed=0s need=2s
LM HO_FAIL_LOW_RSRP UE=46 currCell=2 candCell=4 candRsrp=-124.657 < min=-120
UE 51 TTT_WAIT target=4 elapsed=0s need=2s
UE 57 TTT_WAIT target=2 elapsed=0s need=2s
UE 58 TTT_WAIT target=2 elapsed=0s need=2s
UE 61 TTT_WAIT target=4 elapsed=0s need=2s
LM HO UE=63 rnti=189 4->2 type=TN servingRsrp=-121.344 targetRsrp=-105.673 targetLoadReal=15/20 targetLoadEff=16/20
LM HO_FAIL_LOW_RSRP UE=64 currCell=3 candCell=6 candRsrp=-125.865 < min=-120
UE 65 TTT_WAIT target=6 elapsed=0s need=2s
LM HO_FAIL_LOW_RSRP UE=66 currCell=4 candCell=7 candRsrp=-121.303 < min=-120
LM HO_FAIL_LOW_RSRP UE=68 currCell=6 candCell=7 candRsrp=-131.508 < min=-120
LM HO_FAIL_LOW_RSRP UE=71 currCell=1 candCell=7 candRsrp=-131.499 < min=-120
UE 72 TTT_WAIT target=2 elapsed=0s need=2s
LM HO_FAIL_LOW_RSRP UE=78 currCell=4 candCell=7 candRsrp=-127.741 < min=-120
UE 79 TTT_WAIT target=7 elapsed=0s need=2s
UE 82 TTT_WAIT target=3 elapsed=0s need=2s
UE 83 TTT_WAIT target=2 elapsed=0s need=2s
LM HO_FAIL_LOW_RSRP UE=84 currCell=2 candCell=6 candRsrp=-142.634 < min=-120
LM HO UE=86 rnti=153 4->7 type=NTN servingRsrp=-119.464 targetRsrp=-115.503 targetLoadReal=9/10 targetLoadEff=9/10
LM HO UE=88 rnti=151 3->2 type=TN servingRsrp=-133.337 targetRsrp=-116.084 targetLoadReal=15/20 targetLoadEff=17/20
UE 90 TTT_WAIT target=4 elapsed=0s need=2s
UE 93 TTT_WAIT target=3 elapsed=0s need=2s
UE 95 TTT_WAIT target=4 elapsed=0s need=2s
UE 96 TTT_WAIT target=3 elapsed=0s need=2s
LM HO_FAIL_LOW_RSRP UE=97 currCell=2 candCell=6 candRsrp=-138.421 < min=-120
UE 98 TTT_WAIT target=4 elapsed=0s need=2s
UE 101 TTT_WAIT target=6 elapsed=0s need=2s
LM HO_FAIL_LOW_RSRP UE=103 currCell=1 candCell=6 candRsrp=-152.193 < min=-120
UE 105 TTT_WAIT target=2 elapsed=0s need=2s
UE 107 TTT_WAIT target=4 elapsed=0s need=2s
TRACE HO_SUCCESS Time=74.6151 IMSI=87 TargetCell=2 Type=TN TargetRSRP=-108.992 ServingRSRP=-97.4057 BackhaulDlSnr=-999 BackhaulUlSnr=-999
TRACE HO_SUCCESS Time=74.6151 IMSI=36 TargetCell=2 Type=TN TargetRSRP=-105.845 ServingRSRP=-71.5696 BackhaulDlSnr=-999 BackhaulUlSnr=-999
TRACE HO_SUCCESS Time=74.6151 IMSI=62 TargetCell=2 Type=TN TargetRSRP=-110.066 ServingRSRP=-113.264 BackhaulDlSnr=-999 BackhaulUlSnr=-999
TRACE HO_SUCCESS Time=74.6151 IMSI=85 TargetCell=7 Type=NTN TargetRSRP=-126.6 ServingRSRP=-103.669 BackhaulDlSnr=-999 BackhaulUlSnr=-999
UAV_AUTONOMY_XAPP Time=76.5 DeploymentMode=tn-uav UavIndex=0 UavCellId=5 BestDonorCellId=1 BestDonorDistanceM=830.41 XhaulConnected=1 XhaulChannelVariationDb=0 XhaulState=HEALTHY DonorUnavailableActive=0 SatBackhaulHealthy=0 UavSwitchingXappAvailable=1 UavSwitchingXappState=STANDBY BackhaulMode=TN_DIRECT RicControlState=TN_E2 ActiveUavRic=TN_NEAR_RT_RIC NormalUeHandoverAllowed=1 UavMode=TN_CONTROLLED_COVERAGE_EXTENSION
UAV_AUTONOMY_XAPP Time=76.5 DeploymentMode=tn-uav UavIndex=1 UavCellId=6 BestDonorCellId=3 BestDonorDistanceM=1394.93 XhaulConnected=1 XhaulChannelVariationDb=0 XhaulState=HEALTHY DonorUnavailableActive=0 SatBackhaulHealthy=0 UavSwitchingXappAvailable=1 UavSwitchingXappState=STANDBY BackhaulMode=TN_DIRECT RicControlState=TN_E2 ActiveUavRic=TN_NEAR_RT_RIC NormalUeHandoverAllowed=1 UavMode=TN_CONTROLLED_COVERAGE_EXTENSION
UAV_AUTONOMY_XAPP Time=76.5 DeploymentMode=tn-uav UavIndex=2 UavCellId=7 BestDonorCellId=4 BestDonorDistanceM=1412.26 XhaulConnected=1 XhaulChannelVariationDb=0 XhaulState=HEALTHY DonorUnavailableActive=0 SatBackhaulHealthy=0 UavSwitchingXappAvailable=1 UavSwitchingXappState=STANDBY BackhaulMode=TN_DIRECT RicControlState=TN_E2 ActiveUavRic=TN_NEAR_RT_RIC NormalUeHandoverAllowed=1 UavMode=TN_CONTROLLED_COVERAGE_EXTENSION
---- LOAD at t=76.5 ----
  cell 1 (TN) load=20/20
  cell 2 (TN) load=18/20
  cell 3 (TN) load=16/20
  cell 4 (TN) load=17/20
  cell 5 (NTN) load=10/10
  cell 6 (NTN) load=9/10
  cell 7 (NTN) load=10/10
UE 12 TTT_WAIT target=3 elapsed=0s need=2s
UE 15 TTT_WAIT target=2 elapsed=0s need=2s
UE 20 TTT_WAIT target=4 elapsed=0s need=2s
UE 26 TTT_WAIT target=4 elapsed=0s need=2s
LM HO UE=27 rnti=147 3->4 type=TN servingRsrp=-135.431 targetRsrp=-107.299 targetLoadReal=17/20 targetLoadEff=17/20
UE 33 TTT_WAIT target=6 elapsed=0s need=2s
UE 37 TTT_WAIT target=3 elapsed=0s need=2s
UE 40 TTT_WAIT target=4 elapsed=0s need=2s
LM HO_FAIL_LOW_RSRP UE=41 currCell=1 candCell=4 candRsrp=-120.441 < min=-120
UE 44 TTT_WAIT target=4 elapsed=0s need=2s
LM HO UE=45 rnti=87 7->4 type=TN servingRsrp=-122.807 targetRsrp=-99.9622 targetLoadReal=17/20 targetLoadEff=18/20
UE 47 TTT_WAIT target=2 elapsed=0s need=2s
LM HO_FAIL_LOW_RSRP UE=48 currCell=1 candCell=4 candRsrp=-120.361 < min=-120
LM HO UE=51 rnti=40 1->4 type=TN servingRsrp=-118.974 targetRsrp=-104.043 targetLoadReal=17/20 targetLoadEff=19/20
UE 52 TTT_WAIT target=2 elapsed=0s need=2s
UE 56 TTT_WAIT target=6 elapsed=0s need=2s
UE 58 TTT_WAIT target=3 elapsed=0s need=2s
UE 59 TTT_WAIT target=2 elapsed=0s need=2s
UE 60 TTT_WAIT target=2 elapsed=0s need=2s
UE 64 TTT_WAIT target=2 elapsed=0s need=2s
LM HO_FAIL_LOW_RSRP UE=65 currCell=2 candCell=6 candRsrp=-138.141 < min=-120
LM HO_FAIL_LOW_RSRP UE=66 currCell=4 candCell=6 candRsrp=-158.786 < min=-120
UE 68 TTT_WAIT target=2 elapsed=0s need=2s
UE 74 TTT_WAIT target=2 elapsed=0s need=2s
UE 75 TTT_WAIT target=6 elapsed=0s need=2s
UE 81 TTT_WAIT target=6 elapsed=0s need=2s
LM HO UE=82 rnti=150 1->3 type=TN servingRsrp=-121.056 targetRsrp=-110.014 targetLoadReal=16/20 targetLoadEff=16/20
LM HO_FAIL_LOW_RSRP UE=84 currCell=2 candCell=6 candRsrp=-156.041 < min=-120
UE 86 TTT_WAIT target=6 elapsed=0s need=2s
LM HO_FAIL_LOW_RSRP UE=88 currCell=2 candCell=6 candRsrp=-134.375 < min=-120
UE 90 TTT_WAIT target=3 elapsed=0s need=2s
UE 91 TTT_WAIT target=3 elapsed=0s need=2s
LM HO_FAIL_LOW_RSRP UE=95 currCell=2 candCell=3 candRsrp=-122.146 < min=-120
LM HO UE=96 rnti=179 4->3 type=TN servingRsrp=-125.069 targetRsrp=-114.877 targetLoadReal=16/20 targetLoadEff=17/20
LM HO_FAIL_LOW_RSRP UE=98 currCell=1 candCell=6 candRsrp=-140.135 < min=-120
UE 102 TTT_WAIT target=3 elapsed=0s need=2s
UE 103 TTT_WAIT target=6 elapsed=0s need=2s
LM HO UE=105 rnti=181 4->2 type=TN servingRsrp=-118.301 targetRsrp=-114.036 targetLoadReal=18/20 targetLoadEff=18/20
UE 107 TTT_WAIT target=3 elapsed=0s need=2s
TRACE HO_SUCCESS Time=76.6151 IMSI=104 TargetCell=2 Type=TN TargetRSRP=-127.174 ServingRSRP=-114.309 BackhaulDlSnr=-999 BackhaulUlSnr=-999
TRACE HO_SUCCESS Time=76.6151 IMSI=81 TargetCell=3 Type=TN TargetRSRP=-135.425 ServingRSRP=-105.804 BackhaulDlSnr=-999 BackhaulUlSnr=-999
TRACE HO_SUCCESS Time=76.6151 IMSI=95 TargetCell=3 Type=TN TargetRSRP=-135.765 ServingRSRP=-84.5155 BackhaulDlSnr=-999 BackhaulUlSnr=-999
TRACE HO_SUCCESS Time=76.6151 IMSI=50 TargetCell=4 Type=TN TargetRSRP=-143.497 ServingRSRP=-97.6664 BackhaulDlSnr=-999 BackhaulUlSnr=-999
TRACE HO_SUCCESS Time=76.6151 IMSI=26 TargetCell=4 Type=TN TargetRSRP=-129.787 ServingRSRP=-105.411 BackhaulDlSnr=-999 BackhaulUlSnr=-999
TRACE HO_SUCCESS Time=76.6151 IMSI=44 TargetCell=4 Type=TN TargetRSRP=-114.235 ServingRSRP=-114.697 BackhaulDlSnr=-999 BackhaulUlSnr=-999
UAV_AUTONOMY_XAPP Time=78.5 DeploymentMode=tn-uav UavIndex=0 UavCellId=5 BestDonorCellId=1 BestDonorDistanceM=830.41 XhaulConnected=1 XhaulChannelVariationDb=0 XhaulState=HEALTHY DonorUnavailableActive=0 SatBackhaulHealthy=0 UavSwitchingXappAvailable=1 UavSwitchingXappState=STANDBY BackhaulMode=TN_DIRECT RicControlState=TN_E2 ActiveUavRic=TN_NEAR_RT_RIC NormalUeHandoverAllowed=1 UavMode=TN_CONTROLLED_COVERAGE_EXTENSION
UAV_AUTONOMY_XAPP Time=78.5 DeploymentMode=tn-uav UavIndex=1 UavCellId=6 BestDonorCellId=3 BestDonorDistanceM=1380.49 XhaulConnected=1 XhaulChannelVariationDb=0 XhaulState=HEALTHY DonorUnavailableActive=0 SatBackhaulHealthy=0 UavSwitchingXappAvailable=1 UavSwitchingXappState=STANDBY BackhaulMode=TN_DIRECT RicControlState=TN_E2 ActiveUavRic=TN_NEAR_RT_RIC NormalUeHandoverAllowed=1 UavMode=TN_CONTROLLED_COVERAGE_EXTENSION
UAV_AUTONOMY_XAPP Time=78.5 DeploymentMode=tn-uav UavIndex=2 UavCellId=7 BestDonorCellId=4 BestDonorDistanceM=1410.66 XhaulConnected=1 XhaulChannelVariationDb=0 XhaulState=HEALTHY DonorUnavailableActive=0 SatBackhaulHealthy=0 UavSwitchingXappAvailable=1 UavSwitchingXappState=STANDBY BackhaulMode=TN_DIRECT RicControlState=TN_E2 ActiveUavRic=TN_NEAR_RT_RIC NormalUeHandoverAllowed=1 UavMode=TN_CONTROLLED_COVERAGE_EXTENSION
---- LOAD at t=78.5 ----
  cell 1 (TN) load=18/20
  cell 2 (TN) load=19/20
  cell 3 (TN) load=17/20
  cell 4 (TN) load=18/20
  cell 5 (NTN) load=10/10
  cell 6 (NTN) load=9/10
  cell 7 (NTN) load=9/10
LM HO UE=12 rnti=161 2->3 type=TN servingRsrp=-128.076 targetRsrp=-74.6937 targetLoadReal=17/20 targetLoadEff=17/20
UE 13 TTT_WAIT target=1 elapsed=0s need=2s
UE 15 TTT_WAIT target=4 elapsed=0s need=2s
UE 16 TTT_WAIT target=2 elapsed=0s need=2s
UE 17 TTT_WAIT target=2 elapsed=0s need=2s
UE 18 TTT_WAIT target=4 elapsed=0s need=2s
LM HO UE=20 rnti=179 1->4 type=TN servingRsrp=-130.081 targetRsrp=-112.442 targetLoadReal=18/20 targetLoadEff=18/20
UE 22 TTT_WAIT target=1 elapsed=0s need=2s
UE 23 TTT_WAIT target=1 elapsed=0s need=2s
UE 26 TTT_WAIT target=1 elapsed=0s need=2s
UE 27 TTT_WAIT target=7 elapsed=0s need=2s
UE 30 TTT_WAIT target=4 elapsed=0s need=2s
UE 35 TTT_WAIT target=2 elapsed=0s need=2s
LM HO UE=37 rnti=162 2->3 type=TN servingRsrp=-123.379 targetRsrp=-109.383 targetLoadReal=17/20 targetLoadEff=18/20
UE 41 TTT_WAIT target=2 elapsed=0s need=2s
UE 45 TTT_WAIT target=7 elapsed=0s need=2s
UE 46 TTT_WAIT target=1 elapsed=0s need=2s
LM HO_FAIL_LOW_RSRP UE=48 currCell=1 candCell=4 candRsrp=-123.34 < min=-120
UE 51 TTT_WAIT target=3 elapsed=0s need=2s
LM HO UE=60 rnti=67 6->2 type=TN servingRsrp=-133.294 targetRsrp=-94.7803 targetLoadReal=19/20 targetLoadEff=19/20
LM HO_FAIL_LOW_RSRP UE=61 currCell=2 candCell=7 candRsrp=-134.642 < min=-120
UE 63 TTT_WAIT target=4 elapsed=0s need=2s
UE 66 TTT_WAIT target=7 elapsed=0s need=2s
UE 72 TTT_WAIT target=7 elapsed=0s need=2s
UE 74 TTT_WAIT target=1 elapsed=0s need=2s
UE 79 TTT_WAIT target=1 elapsed=0s need=2s
UE 80 TTT_WAIT target=4 elapsed=0s need=2s
UE 81 TTT_WAIT target=4 elapsed=0s need=2s
UE 82 TTT_WAIT target=1 elapsed=0s need=2s
LM HO_FAIL_LOW_RSRP UE=84 currCell=2 candCell=6 candRsrp=-127.883 < min=-120
UE 85 TTT_WAIT target=1 elapsed=0s need=2s
UE 88 TTT_WAIT target=1 elapsed=0s need=2s
UE 90 TTT_WAIT target=4 elapsed=0s need=2s
LM HO UE=91 rnti=94 7->3 type=TN servingRsrp=-126.356 targetRsrp=-109.637 targetLoadReal=17/20 targetLoadEff=19/20
LM HO_FAIL_LOW_RSRP UE=92 currCell=1 candCell=4 candRsrp=-130.472 < min=-120
UE 93 TTT_WAIT target=7 elapsed=0s need=2s
UE 95 TTT_WAIT target=4 elapsed=0s need=2s
UE 97 TTT_WAIT target=4 elapsed=0s need=2s
UE 98 TTT_WAIT target=7 elapsed=0s need=2s
UE 105 TTT_WAIT target=4 elapsed=0s need=2s
UE 107 TTT_WAIT target=4 elapsed=0s need=2s
TRACE HO_SUCCESS Time=78.6151 IMSI=59 TargetCell=2 Type=TN TargetRSRP=-121.749 ServingRSRP=-99.1824 BackhaulDlSnr=-999 BackhaulUlSnr=-999
TRACE HO_SUCCESS Time=78.6151 IMSI=11 TargetCell=3 Type=TN TargetRSRP=-79.9571 ServingRSRP=-119.696 BackhaulDlSnr=-999 BackhaulUlSnr=-999
TRACE HO_SUCCESS Time=78.6151 IMSI=36 TargetCell=3 Type=TN TargetRSRP=-79.3227 ServingRSRP=-119.312 BackhaulDlSnr=-999 BackhaulUlSnr=-999
TRACE HO_SUCCESS Time=78.6151 IMSI=90 TargetCell=3 Type=TN TargetRSRP=-139.638 ServingRSRP=-106.833 BackhaulDlSnr=-999 BackhaulUlSnr=-999
TRACE HO_SUCCESS Time=78.6151 IMSI=19 TargetCell=4 Type=TN TargetRSRP=-110.494 ServingRSRP=-85.5376 BackhaulDlSnr=-999 BackhaulUlSnr=-999
UAV_AUTONOMY_XAPP Time=80.5 DeploymentMode=tn-uav UavIndex=0 UavCellId=5 BestDonorCellId=1 BestDonorDistanceM=830.41 XhaulConnected=1 XhaulChannelVariationDb=0 XhaulState=HEALTHY DonorUnavailableActive=0 SatBackhaulHealthy=0 UavSwitchingXappAvailable=1 UavSwitchingXappState=STANDBY BackhaulMode=TN_DIRECT RicControlState=TN_E2 ActiveUavRic=TN_NEAR_RT_RIC NormalUeHandoverAllowed=1 UavMode=TN_CONTROLLED_COVERAGE_EXTENSION
UAV_AUTONOMY_XAPP Time=80.5 DeploymentMode=tn-uav UavIndex=1 UavCellId=6 BestDonorCellId=3 BestDonorDistanceM=1366.66 XhaulConnected=1 XhaulChannelVariationDb=0 XhaulState=HEALTHY DonorUnavailableActive=0 SatBackhaulHealthy=0 UavSwitchingXappAvailable=1 UavSwitchingXappState=STANDBY BackhaulMode=TN_DIRECT RicControlState=TN_E2 ActiveUavRic=TN_NEAR_RT_RIC NormalUeHandoverAllowed=1 UavMode=TN_CONTROLLED_COVERAGE_EXTENSION
UAV_AUTONOMY_XAPP Time=80.5 DeploymentMode=tn-uav UavIndex=2 UavCellId=7 BestDonorCellId=4 BestDonorDistanceM=1425.13 XhaulConnected=1 XhaulChannelVariationDb=0 XhaulState=HEALTHY DonorUnavailableActive=0 SatBackhaulHealthy=0 UavSwitchingXappAvailable=1 UavSwitchingXappState=STANDBY BackhaulMode=TN_DIRECT RicControlState=TN_E2 ActiveUavRic=TN_NEAR_RT_RIC NormalUeHandoverAllowed=1 UavMode=TN_CONTROLLED_COVERAGE_EXTENSION
---- LOAD at t=80.5 ----
  cell 1 (TN) load=17/20
  cell 2 (TN) load=18/20
  cell 3 (TN) load=20/20
  cell 4 (TN) load=19/20
  cell 5 (NTN) load=10/10
  cell 6 (NTN) load=8/10
  cell 7 (NTN) load=8/10
UE 8 TTT_WAIT target=1 elapsed=0s need=2s
UE 16 TTT_WAIT target=1 elapsed=0s need=2s
UE 17 TTT_WAIT target=4 elapsed=0s need=2s
UE 18 TTT_WAIT target=2 elapsed=0s need=2s
UE 24 TTT_WAIT target=4 elapsed=0s need=2s
LM HO_FAIL_LOW_RSRP UE=26 currCell=3 candCell=7 candRsrp=-126.397 < min=-120
UE 27 TTT_WAIT target=1 elapsed=0s need=2s
UE 29 TTT_WAIT target=1 elapsed=0s need=2s
LM HO UE=30 rnti=180 1->4 type=TN servingRsrp=-122.028 targetRsrp=-86.6309 targetLoadReal=19/20 targetLoadEff=19/20
UE 33 TTT_WAIT target=2 elapsed=0s need=2s
LM HO UE=35 rnti=137 3->2 type=TN servingRsrp=-113.93 targetRsrp=-91.2206 targetLoadReal=18/20 targetLoadEff=18/20
LM HO UE=41 rnti=178 1->2 type=TN servingRsrp=-132.667 targetRsrp=-84.5553 targetLoadReal=18/20 targetLoadEff=19/20
LM HO UE=45 rnti=191 4->7 type=NTN servingRsrp=-127.472 targetRsrp=-107.23 targetLoadReal=8/10 targetLoadEff=8/10
LM HO_FAIL_LOW_RSRP UE=46 currCell=2 candCell=7 candRsrp=-137.638 < min=-120
UE 48 TTT_WAIT target=7 elapsed=0s need=2s
LM HO_FAIL_LOW_RSRP UE=51 currCell=4 candCell=1 candRsrp=-130.07 < min=-120
UE 57 TTT_WAIT target=1 elapsed=0s need=2s
UE 58 TTT_WAIT target=6 elapsed=0s need=2s
UE 59 TTT_WAIT target=6 elapsed=0s need=2s
UE 60 TTT_WAIT target=1 elapsed=0s need=2s
UE 61 TTT_WAIT target=7 elapsed=0s need=2s
LM HO_FAIL_LOW_RSRP UE=62 currCell=3 candCell=6 candRsrp=-122.873 < min=-120
UE 63 TTT_WAIT target=1 elapsed=0s need=2s
LM HO_FAIL_LOW_RSRP UE=65 currCell=2 candCell=1 candRsrp=-121.94 < min=-120
UE 66 TTT_WAIT target=1 elapsed=0s need=2s
UE 67 TTT_WAIT target=1 elapsed=0s need=2s
UE 68 TTT_WAIT target=1 elapsed=0s need=2s
LM HO_FAIL_LOW_RSRP UE=70 currCell=2 candCell=6 candRsrp=-135.316 < min=-120
UE 71 TTT_WAIT target=7 elapsed=0s need=2s
LM HO UE=74 rnti=100 5->1 type=TN servingRsrp=-132.568 targetRsrp=-100.465 targetLoadReal=17/20 targetLoadEff=17/20
LM HO_FAIL_LOW_RSRP UE=77 currCell=3 candCell=6 candRsrp=-121.092 < min=-120
LM HO_FAIL_LOW_RSRP UE=78 currCell=4 candCell=7 candRsrp=-124.893 < min=-120
UE 81 TTT_WAIT target=1 elapsed=0s need=2s
LM HO UE=82 rnti=153 3->1 type=TN servingRsrp=-133.836 targetRsrp=-116.842 targetLoadReal=17/20 targetLoadEff=18/20
LM HO UE=88 rnti=164 2->1 type=TN servingRsrp=-130.593 targetRsrp=-113.27 targetLoadReal=17/20 targetLoadEff=19/20
UE 90 TTT_WAIT target=7 elapsed=0s need=2s
UE 91 TTT_WAIT target=7 elapsed=0s need=2s
LM HO_FAIL_LOW_RSRP UE=96 currCell=3 candCell=7 candRsrp=-136.935 < min=-120
LM HO_FAIL_LOW_RSRP UE=97 currCell=2 candCell=7 candRsrp=-122.569 < min=-120
UE 104 TTT_WAIT target=7 elapsed=0s need=2s
LM HO_FAIL_LOW_RSRP UE=105 currCell=2 candCell=6 candRsrp=-124.098 < min=-120
TRACE HO_SUCCESS Time=80.6151 IMSI=87 TargetCell=1 Type=TN TargetRSRP=-130.418 ServingRSRP=-98.2926 BackhaulDlSnr=-999 BackhaulUlSnr=-999
TRACE HO_SUCCESS Time=80.6151 IMSI=81 TargetCell=1 Type=TN TargetRSRP=-107.93 ServingRSRP=-97.7546 BackhaulDlSnr=-999 BackhaulUlSnr=-999
TRACE HO_SUCCESS Time=80.6151 IMSI=73 TargetCell=1 Type=TN TargetRSRP=-100.117 ServingRSRP=-116.985 BackhaulDlSnr=-999 BackhaulUlSnr=-999
TRACE HO_SUCCESS Time=80.6151 IMSI=40 TargetCell=2 Type=TN TargetRSRP=-85.9766 ServingRSRP=-98.7549 BackhaulDlSnr=-999 BackhaulUlSnr=-999
TRACE HO_SUCCESS Time=80.6151 IMSI=34 TargetCell=2 Type=TN TargetRSRP=-128.802 ServingRSRP=-108.602 BackhaulDlSnr=-999 BackhaulUlSnr=-999
TRACE HO_SUCCESS Time=80.6151 IMSI=29 TargetCell=4 Type=TN TargetRSRP=-125.145 ServingRSRP=-92.2809 BackhaulDlSnr=-999 BackhaulUlSnr=-999
TRACE HO_SUCCESS Time=80.6151 IMSI=44 TargetCell=7 Type=NTN TargetRSRP=-105.388 ServingRSRP=-125.754 BackhaulDlSnr=-999 BackhaulUlSnr=-999
UAV_AUTONOMY_XAPP Time=82.5 DeploymentMode=tn-uav UavIndex=0 UavCellId=5 BestDonorCellId=1 BestDonorDistanceM=833.006 XhaulConnected=1 XhaulChannelVariationDb=0 XhaulState=HEALTHY DonorUnavailableActive=0 SatBackhaulHealthy=0 UavSwitchingXappAvailable=1 UavSwitchingXappState=STANDBY BackhaulMode=TN_DIRECT RicControlState=TN_E2 ActiveUavRic=TN_NEAR_RT_RIC NormalUeHandoverAllowed=1 UavMode=TN_CONTROLLED_COVERAGE_EXTENSION
UAV_AUTONOMY_XAPP Time=82.5 DeploymentMode=tn-uav UavIndex=1 UavCellId=6 BestDonorCellId=3 BestDonorDistanceM=1350.25 XhaulConnected=1 XhaulChannelVariationDb=0 XhaulState=HEALTHY DonorUnavailableActive=0 SatBackhaulHealthy=0 UavSwitchingXappAvailable=1 UavSwitchingXappState=STANDBY BackhaulMode=TN_DIRECT RicControlState=TN_E2 ActiveUavRic=TN_NEAR_RT_RIC NormalUeHandoverAllowed=1 UavMode=TN_CONTROLLED_COVERAGE_EXTENSION
UAV_AUTONOMY_XAPP Time=82.5 DeploymentMode=tn-uav UavIndex=2 UavCellId=7 BestDonorCellId=4 BestDonorDistanceM=1437.83 XhaulConnected=1 XhaulChannelVariationDb=0 XhaulState=HEALTHY DonorUnavailableActive=0 SatBackhaulHealthy=0 UavSwitchingXappAvailable=1 UavSwitchingXappState=STANDBY BackhaulMode=TN_DIRECT RicControlState=TN_E2 ActiveUavRic=TN_NEAR_RT_RIC NormalUeHandoverAllowed=1 UavMode=TN_CONTROLLED_COVERAGE_EXTENSION
---- LOAD at t=82.5 ----
  cell 1 (TN) load=18/20
  cell 2 (TN) load=19/20
  cell 3 (TN) load=18/20
  cell 4 (TN) load=19/20
  cell 5 (NTN) load=9/10
  cell 6 (NTN) load=8/10
  cell 7 (NTN) load=9/10
LM HO UE=8 rnti=155 2->1 type=TN servingRsrp=-98.0603 targetRsrp=-86.3492 targetLoadReal=18/20 targetLoadEff=18/20
UE 9 TTT_WAIT target=2 elapsed=0s need=2s
UE 10 TTT_WAIT target=4 elapsed=0s need=2s
UE 13 TTT_WAIT target=1 elapsed=0s need=2s
UE 15 TTT_WAIT target=2 elapsed=0s need=2s
LM HO UE=16 rnti=97 5->1 type=TN servingRsrp=-108.55 targetRsrp=-73.3248 targetLoadReal=18/20 targetLoadEff=19/20
UE 23 TTT_WAIT target=7 elapsed=0s need=2s
UE 27 TTT_WAIT target=3 elapsed=0s need=2s
UE 30 TTT_WAIT target=3 elapsed=0s need=2s
UE 32 TTT_WAIT target=4 elapsed=0s need=2s
UE 33 TTT_WAIT target=5 elapsed=0s need=2s
UE 40 TTT_WAIT target=5 elapsed=0s need=2s
UE 41 TTT_WAIT target=3 elapsed=0s need=2s
UE 44 TTT_WAIT target=2 elapsed=0s need=2s
LM HO_FAIL_LOW_RSRP UE=46 currCell=2 candCell=4 candRsrp=-120.265 < min=-120
UE 48 TTT_WAIT target=4 elapsed=0s need=2s
LM HO_FAIL_LOW_RSRP UE=51 currCell=4 candCell=2 candRsrp=-127.978 < min=-120
UE 52 TTT_WAIT target=4 elapsed=0s need=2s
UE 53 TTT_WAIT target=4 elapsed=0s need=2s
UE 56 TTT_WAIT target=2 elapsed=0s need=2s
UE 58 TTT_WAIT target=4 elapsed=0s need=2s
LM HO UE=59 rnti=149 3->6 type=NTN servingRsrp=-114.737 targetRsrp=-111.524 targetLoadReal=8/10 targetLoadEff=8/10
UE 62 TTT_WAIT target=6 elapsed=0s need=2s
UE 63 TTT_WAIT target=4 elapsed=0s need=2s
UE 66 TTT_WAIT target=2 elapsed=0s need=2s
UE 68 TTT_WAIT target=2 elapsed=0s need=2s
LM HO_FAIL_LOW_RSRP UE=70 currCell=2 candCell=5 candRsrp=-128.606 < min=-120
UE 72 TTT_WAIT target=2 elapsed=0s need=2s
UE 76 TTT_WAIT target=6 elapsed=0s need=2s
UE 77 TTT_WAIT target=2 elapsed=0s need=2s
LM HO_FAIL_LOW_RSRP UE=78 currCell=4 candCell=7 candRsrp=-126.288 < min=-120
UE 79 TTT_WAIT target=6 elapsed=0s need=2s
UE 80 TTT_WAIT target=2 elapsed=0s need=2s
UE 84 TTT_WAIT target=4 elapsed=0s need=2s
UE 88 TTT_WAIT target=4 elapsed=0s need=2s
LM HO_FAIL_LOW_RSRP UE=90 currCell=2 candCell=4 candRsrp=-130.323 < min=-120
UE 91 TTT_WAIT target=2 elapsed=0s need=2s
UE 92 TTT_WAIT target=3 elapsed=0s need=2s
UE 95 TTT_WAIT target=4 elapsed=0s need=2s
UE 96 TTT_WAIT target=4 elapsed=0s need=2s
LM HO_FAIL_LOW_RSRP UE=101 currCell=3 candCell=6 candRsrp=-129.067 < min=-120
UE 103 TTT_WAIT target=7 elapsed=0s need=2s
LM HO UE=104 rnti=101 5->7 type=NTN servingRsrp=-104.87 targetRsrp=-99.3817 targetLoadReal=9/10 targetLoadEff=9/10
UE 105 TTT_WAIT target=4 elapsed=0s need=2s
UE 106 TTT_WAIT target=3 elapsed=0s need=2s
UE 107 TTT_WAIT target=3 elapsed=0s need=2s
TRACE HO_SUCCESS Time=82.6151 IMSI=7 TargetCell=1 Type=TN TargetRSRP=-90.3189 ServingRSRP=-87.2003 BackhaulDlSnr=-999 BackhaulUlSnr=-999
TRACE HO_SUCCESS Time=82.6151 IMSI=15 TargetCell=1 Type=TN TargetRSRP=-73.0462 ServingRSRP=-93.032 BackhaulDlSnr=-999 BackhaulUlSnr=-999
TRACE HO_SUCCESS Time=82.6151 IMSI=58 TargetCell=6 Type=NTN TargetRSRP=-132.302 ServingRSRP=-102.771 BackhaulDlSnr=-999 BackhaulUlSnr=-999
TRACE HO_SUCCESS Time=82.6151 IMSI=103 TargetCell=7 Type=NTN TargetRSRP=-92.4441 ServingRSRP=-103.81 BackhaulDlSnr=-999 BackhaulUlSnr=-999
UAV_AUTONOMY_XAPP Time=84.5 DeploymentMode=tn-uav UavIndex=0 UavCellId=5 BestDonorCellId=1 BestDonorDistanceM=841.576 XhaulConnected=1 XhaulChannelVariationDb=0 XhaulState=HEALTHY DonorUnavailableActive=0 SatBackhaulHealthy=0 UavSwitchingXappAvailable=1 UavSwitchingXappState=STANDBY BackhaulMode=TN_DIRECT RicControlState=TN_E2 ActiveUavRic=TN_NEAR_RT_RIC NormalUeHandoverAllowed=1 UavMode=TN_CONTROLLED_COVERAGE_EXTENSION
UAV_AUTONOMY_XAPP Time=84.5 DeploymentMode=tn-uav UavIndex=1 UavCellId=6 BestDonorCellId=3 BestDonorDistanceM=1342.76 XhaulConnected=1 XhaulChannelVariationDb=0 XhaulState=HEALTHY DonorUnavailableActive=0 SatBackhaulHealthy=0 UavSwitchingXappAvailable=1 UavSwitchingXappState=STANDBY BackhaulMode=TN_DIRECT RicControlState=TN_E2 ActiveUavRic=TN_NEAR_RT_RIC NormalUeHandoverAllowed=1 UavMode=TN_CONTROLLED_COVERAGE_EXTENSION
UAV_AUTONOMY_XAPP Time=84.5 DeploymentMode=tn-uav UavIndex=2 UavCellId=7 BestDonorCellId=4 BestDonorDistanceM=1440.1 XhaulConnected=1 XhaulChannelVariationDb=0 XhaulState=HEALTHY DonorUnavailableActive=0 SatBackhaulHealthy=0 UavSwitchingXappAvailable=1 UavSwitchingXappState=STANDBY BackhaulMode=TN_DIRECT RicControlState=TN_E2 ActiveUavRic=TN_NEAR_RT_RIC NormalUeHandoverAllowed=1 UavMode=TN_CONTROLLED_COVERAGE_EXTENSION
---- LOAD at t=84.5 ----
  cell 1 (TN) load=20/20
  cell 2 (TN) load=18/20
  cell 3 (TN) load=17/20
  cell 4 (TN) load=19/20
  cell 5 (NTN) load=7/10
  cell 6 (NTN) load=9/10
  cell 7 (NTN) load=10/10
UE 8 TTT_WAIT target=2 elapsed=0s need=2s
UE 10 TTT_WAIT target=2 elapsed=0s need=2s
UE 18 TTT_WAIT target=4 elapsed=0s need=2s
UE 22 TTT_WAIT target=5 elapsed=0s need=2s
UE 26 TTT_WAIT target=2 elapsed=0s need=2s
UE 27 TTT_WAIT target=2 elapsed=0s need=2s
UE 28 TTT_WAIT target=3 elapsed=0s need=2s
LM HO_FAIL_LOW_RSRP UE=30 currCell=4 candCell=5 candRsrp=-133.608 < min=-120
UE 31 TTT_WAIT target=5 elapsed=0s need=2s
UE 32 TTT_WAIT target=2 elapsed=0s need=2s
UE 33 TTT_WAIT target=2 elapsed=0s need=2s
UE 37 TTT_WAIT target=6 elapsed=0s need=2s
UE 41 TTT_WAIT target=5 elapsed=0s need=2s
UE 44 TTT_WAIT target=4 elapsed=0s need=2s
UE 46 TTT_WAIT target=4 elapsed=0s need=2s
UE 47 TTT_WAIT target=2 elapsed=0s need=2s
LM HO_FAIL_LOW_RSRP UE=48 currCell=1 candCell=4 candRsrp=-125.372 < min=-120
LM HO_FAIL_LOW_RSRP UE=51 currCell=4 candCell=5 candRsrp=-124.584 < min=-120
UE 53 TTT_WAIT target=5 elapsed=0s need=2s
LM HO_FAIL_LOW_RSRP UE=54 currCell=4 candCell=6 candRsrp=-134.853 < min=-120
UE 56 TTT_WAIT target=5 elapsed=0s need=2s
LM HO UE=58 rnti=145 1->4 type=TN servingRsrp=-110.683 targetRsrp=-97.9275 targetLoadReal=19/20 targetLoadEff=19/20
LM HO_FAIL_LOW_RSRP UE=59 currCell=6 candCell=5 candRsrp=-135.942 < min=-120
LM HO_FAIL_LOW_RSRP UE=60 currCell=2 candCell=5 candRsrp=-132.545 < min=-120
LM HO UE=62 rnti=131 3->6 type=NTN servingRsrp=-110.466 targetRsrp=-100.003 targetLoadReal=9/10 targetLoadEff=9/10
UE 63 TTT_WAIT target=5 elapsed=0s need=2s
LM HO_FAIL_LOW_RSRP UE=65 currCell=2 candCell=5 candRsrp=-129.118 < min=-120
UE 70 TTT_WAIT target=3 elapsed=0s need=2s
LM HO_FAIL_LOW_RSRP UE=72 currCell=4 candCell=5 candRsrp=-137.338 < min=-120
LM HO_FAIL_LOW_RSRP UE=77 currCell=3 candCell=5 candRsrp=-134.743 < min=-120
UE 82 TTT_WAIT target=2 elapsed=0s need=2s
UE 86 TTT_WAIT target=2 elapsed=0s need=2s
UE 88 TTT_WAIT target=2 elapsed=0s need=2s
LM HO_FAIL_LOW_RSRP UE=90 currCell=2 candCell=3 candRsrp=-121.942 < min=-120
LM HO_FAIL_LOW_RSRP UE=91 currCell=3 candCell=2 candRsrp=-133.203 < min=-120
LM HO_FAIL_LOW_RSRP UE=95 currCell=2 candCell=5 candRsrp=-134.542 < min=-120
UE 96 TTT_WAIT target=2 elapsed=0s need=2s
LM HO_FAIL_LOW_RSRP UE=98 currCell=1 candCell=5 candRsrp=-133.392 < min=-120
LM HO_FAIL_LOW_RSRP UE=101 currCell=3 candCell=5 candRsrp=-130.768 < min=-120
LM HO_FAIL_LOW_RSRP UE=103 currCell=1 candCell=5 candRsrp=-129.45 < min=-120
TRACE HO_SUCCESS Time=84.6151 IMSI=57 TargetCell=4 Type=TN TargetRSRP=-127.628 ServingRSRP=-104.991 BackhaulDlSnr=-999 BackhaulUlSnr=-999
TRACE HO_SUCCESS Time=84.6151 IMSI=61 TargetCell=6 Type=NTN TargetRSRP=-121.796 ServingRSRP=-106.868 BackhaulDlSnr=-999 BackhaulUlSnr=-999
UAV_AUTONOMY_XAPP Time=86.5 DeploymentMode=tn-uav UavIndex=0 UavCellId=5 BestDonorCellId=1 BestDonorDistanceM=842.672 XhaulConnected=1 XhaulChannelVariationDb=0 XhaulState=HEALTHY DonorUnavailableActive=0 SatBackhaulHealthy=0 UavSwitchingXappAvailable=1 UavSwitchingXappState=STANDBY BackhaulMode=TN_DIRECT RicControlState=TN_E2 ActiveUavRic=TN_NEAR_RT_RIC NormalUeHandoverAllowed=1 UavMode=TN_CONTROLLED_COVERAGE_EXTENSION
UAV_AUTONOMY_XAPP Time=86.5 DeploymentMode=tn-uav UavIndex=1 UavCellId=6 BestDonorCellId=3 BestDonorDistanceM=1341.77 XhaulConnected=1 XhaulChannelVariationDb=0 XhaulState=HEALTHY DonorUnavailableActive=0 SatBackhaulHealthy=0 UavSwitchingXappAvailable=1 UavSwitchingXappState=STANDBY BackhaulMode=TN_DIRECT RicControlState=TN_E2 ActiveUavRic=TN_NEAR_RT_RIC NormalUeHandoverAllowed=1 UavMode=TN_CONTROLLED_COVERAGE_EXTENSION
UAV_AUTONOMY_XAPP Time=86.5 DeploymentMode=tn-uav UavIndex=2 UavCellId=7 BestDonorCellId=4 BestDonorDistanceM=1440.1 XhaulConnected=1 XhaulChannelVariationDb=0 XhaulState=HEALTHY DonorUnavailableActive=0 SatBackhaulHealthy=0 UavSwitchingXappAvailable=1 UavSwitchingXappState=STANDBY BackhaulMode=TN_DIRECT RicControlState=TN_E2 ActiveUavRic=TN_NEAR_RT_RIC NormalUeHandoverAllowed=1 UavMode=TN_CONTROLLED_COVERAGE_EXTENSION
---- LOAD at t=86.5 ----
  cell 1 (TN) load=19/20
  cell 2 (TN) load=18/20
  cell 3 (TN) load=16/20
  cell 4 (TN) load=20/20
  cell 5 (NTN) load=7/10
  cell 6 (NTN) load=10/10
  cell 7 (NTN) load=10/10
LM HO UE=8 rnti=186 1->2 type=TN servingRsrp=-105.21 targetRsrp=-96.3754 targetLoadReal=18/20 targetLoadEff=18/20
UE 9 TTT_WAIT target=2 elapsed=0s need=2s
UE 16 TTT_WAIT target=3 elapsed=0s need=2s
LM HO_FAIL_LOW_RSRP UE=20 currCell=4 candCell=5 candRsrp=-131.709 < min=-120
UE 22 TTT_WAIT target=1 elapsed=0s need=2s
LM HO_FAIL_LOW_RSRP UE=25 currCell=4 candCell=5 candRsrp=-133.736 < min=-120
LM HO UE=26 rnti=152 3->2 type=TN servingRsrp=-125.783 targetRsrp=-113.1 targetLoadReal=18/20 targetLoadEff=19/20
UE 27 TTT_WAIT target=3 elapsed=0s need=2s
UE 29 TTT_WAIT target=1 elapsed=0s need=2s
UE 30 TTT_WAIT target=1 elapsed=0s need=2s
UE 32 TTT_WAIT target=1 elapsed=0s need=2s
UE 35 TTT_WAIT target=3 elapsed=0s need=2s
LM HO_FAIL_LOW_RSRP UE=40 currCell=1 candCell=5 candRsrp=-137.584 < min=-120
UE 41 TTT_WAIT target=1 elapsed=0s need=2s
LM HO_FAIL_LOW_RSRP UE=44 currCell=3 candCell=5 candRsrp=-122.531 < min=-120
UE 48 TTT_WAIT target=3 elapsed=0s need=2s
UE 51 TTT_WAIT target=1 elapsed=0s need=2s
UE 52 TTT_WAIT target=3 elapsed=0s need=2s
LM HO UE=56 rnti=173 1->5 type=NTN servingRsrp=-112.873 targetRsrp=-113.421 targetLoadReal=7/10 targetLoadEff=7/10
LM HO_FAIL_LOW_RSRP UE=57 currCell=4 candCell=5 candRsrp=-129.843 < min=-120
UE 59 TTT_WAIT target=3 elapsed=0s need=2s
UE 60 TTT_WAIT target=3 elapsed=0s need=2s
LM HO_FAIL_LOW_RSRP UE=63 currCell=2 candCell=5 candRsrp=-131.11 < min=-120
LM HO_FAIL_LOW_RSRP UE=64 currCell=3 candCell=5 candRsrp=-146.163 < min=-120
UE 65 TTT_WAIT target=1 elapsed=0s need=2s
UE 66 TTT_WAIT target=5 elapsed=0s need=2s
LM HO_FAIL_LOW_RSRP UE=67 currCell=4 candCell=5 candRsrp=-140.676 < min=-120
LM HO_FAIL_LOW_RSRP UE=72 currCell=4 candCell=5 candRsrp=-139.898 < min=-120
UE 78 TTT_WAIT target=5 elapsed=0s need=2s
LM HO_FAIL_LOW_RSRP UE=79 currCell=2 candCell=5 candRsrp=-141.103 < min=-120
LM HO_FAIL_LOW_RSRP UE=82 currCell=1 candCell=5 candRsrp=-123.625 < min=-120
UE 84 TTT_WAIT target=5 elapsed=0s need=2s
LM HO_FAIL_LOW_RSRP UE=90 currCell=2 candCell=5 candRsrp=-143.959 < min=-120
UE 91 TTT_WAIT target=1 elapsed=0s need=2s
UE 92 TTT_WAIT target=3 elapsed=0s need=2s
LM HO_FAIL_LOW_RSRP UE=93 currCell=1 candCell=5 candRsrp=-133.752 < min=-120
UE 96 TTT_WAIT target=1 elapsed=0s need=2s
LM HO_FAIL_LOW_RSRP UE=101 currCell=3 candCell=5 candRsrp=-123.265 < min=-120
UE 102 TTT_WAIT target=3 elapsed=0s need=2s
UE 104 TTT_WAIT target=5 elapsed=0s need=2s
LM HO_FAIL_LOW_RSRP UE=105 currCell=2 candCell=5 candRsrp=-128.52 < min=-120
UE 106 TTT_WAIT target=5 elapsed=0s need=2s
LM HO_FAIL_LOW_RSRP UE=107 currCell=2 candCell=5 candRsrp=-127.892 < min=-120
TRACE HO_SUCCESS Time=86.6151 IMSI=7 TargetCell=2 Type=TN TargetRSRP=-95.1291 ServingRSRP=-95.8877 BackhaulDlSnr=-999 BackhaulUlSnr=-999
TRACE HO_SUCCESS Time=86.6151 IMSI=25 TargetCell=2 Type=TN TargetRSRP=-113.875 ServingRSRP=-93.1938 BackhaulDlSnr=-999 BackhaulUlSnr=-999
TRACE HO_SUCCESS Time=86.6151 IMSI=55 TargetCell=5 Type=NTN TargetRSRP=-89.51 ServingRSRP=-82.9056 BackhaulDlSnr=-999 BackhaulUlSnr=-999
UAV_AUTONOMY_XAPP Time=88.5 DeploymentMode=tn-uav UavIndex=0 UavCellId=5 BestDonorCellId=1 BestDonorDistanceM=834.988 XhaulConnected=1 XhaulChannelVariationDb=0 XhaulState=HEALTHY DonorUnavailableActive=0 SatBackhaulHealthy=0 UavSwitchingXappAvailable=1 UavSwitchingXappState=STANDBY BackhaulMode=TN_DIRECT RicControlState=TN_E2 ActiveUavRic=TN_NEAR_RT_RIC NormalUeHandoverAllowed=1 UavMode=TN_CONTROLLED_COVERAGE_EXTENSION
UAV_AUTONOMY_XAPP Time=88.5 DeploymentMode=tn-uav UavIndex=1 UavCellId=6 BestDonorCellId=3 BestDonorDistanceM=1341.77 XhaulConnected=1 XhaulChannelVariationDb=0 XhaulState=HEALTHY DonorUnavailableActive=0 SatBackhaulHealthy=0 UavSwitchingXappAvailable=1 UavSwitchingXappState=STANDBY BackhaulMode=TN_DIRECT RicControlState=TN_E2 ActiveUavRic=TN_NEAR_RT_RIC NormalUeHandoverAllowed=1 UavMode=TN_CONTROLLED_COVERAGE_EXTENSION
UAV_AUTONOMY_XAPP Time=88.5 DeploymentMode=tn-uav UavIndex=2 UavCellId=7 BestDonorCellId=4 BestDonorDistanceM=1440.1 XhaulConnected=1 XhaulChannelVariationDb=0 XhaulState=HEALTHY DonorUnavailableActive=0 SatBackhaulHealthy=0 UavSwitchingXappAvailable=1 UavSwitchingXappState=STANDBY BackhaulMode=TN_DIRECT RicControlState=TN_E2 ActiveUavRic=TN_NEAR_RT_RIC NormalUeHandoverAllowed=1 UavMode=TN_CONTROLLED_COVERAGE_EXTENSION
---- LOAD at t=88.5 ----
  cell 1 (TN) load=17/20
  cell 2 (TN) load=20/20
  cell 3 (TN) load=15/20
  cell 4 (TN) load=20/20
  cell 5 (NTN) load=8/10
  cell 6 (NTN) load=10/10
  cell 7 (NTN) load=10/10
UE 13 TTT_WAIT target=1 elapsed=0s need=2s
UE 15 TTT_WAIT target=5 elapsed=0s need=2s
UE 17 TTT_WAIT target=1 elapsed=0s need=2s
UE 20 TTT_WAIT target=1 elapsed=0s need=2s
UE 22 TTT_WAIT target=3 elapsed=0s need=2s
UE 26 TTT_WAIT target=1 elapsed=0s need=2s
UE 27 TTT_WAIT target=1 elapsed=0s need=2s
LM HO_FAIL_LOW_RSRP UE=30 currCell=4 candCell=1 candRsrp=-121.25 < min=-120
UE 32 TTT_WAIT target=3 elapsed=0s need=2s
LM HO_FAIL_LOW_RSRP UE=33 currCell=1 candCell=5 candRsrp=-129.674 < min=-120
UE 34 TTT_WAIT target=1 elapsed=0s need=2s
LM HO UE=35 rnti=167 2->3 type=TN servingRsrp=-125.031 targetRsrp=-113.393 targetLoadReal=15/20 targetLoadEff=15/20
LM HO_FAIL_LOW_RSRP UE=37 currCell=3 candCell=5 candRsrp=-134.58 < min=-120
UE 38 TTT_WAIT target=5 elapsed=0s need=2s
LM HO_FAIL_LOW_RSRP UE=40 currCell=1 candCell=5 candRsrp=-135.845 < min=-120
LM HO_FAIL_LOW_RSRP UE=41 currCell=2 candCell=5 candRsrp=-138.25 < min=-120
UE 45 TTT_WAIT target=5 elapsed=0s need=2s
UE 46 TTT_WAIT target=1 elapsed=0s need=2s
UE 48 TTT_WAIT target=5 elapsed=0s need=2s
UE 51 TTT_WAIT target=3 elapsed=0s need=2s
UE 53 TTT_WAIT target=3 elapsed=0s need=2s
LM HO_FAIL_LOW_RSRP UE=54 currCell=4 candCell=5 candRsrp=-144.674 < min=-120
UE 57 TTT_WAIT target=1 elapsed=0s need=2s
UE 58 TTT_WAIT target=3 elapsed=0s need=2s
LM HO UE=59 rnti=72 6->3 type=TN servingRsrp=-119.175 targetRsrp=-83.4545 targetLoadReal=15/20 targetLoadEff=16/20
LM HO_FAIL_LOW_RSRP UE=60 currCell=2 candCell=5 candRsrp=-131.552 < min=-120
UE 64 TTT_WAIT target=5 elapsed=0s need=2s
LM HO_FAIL_LOW_RSRP UE=65 currCell=2 candCell=5 candRsrp=-135.878 < min=-120
LM HO_FAIL_LOW_RSRP UE=66 currCell=4 candCell=5 candRsrp=-149.539 < min=-120
UE 68 TTT_WAIT target=3 elapsed=0s need=2s
UE 74 TTT_WAIT target=5 elapsed=0s need=2s
LM HO_FAIL_LOW_RSRP UE=77 currCell=3 candCell=5 candRsrp=-139.262 < min=-120
UE 78 TTT_WAIT target=1 elapsed=0s need=2s
UE 79 TTT_WAIT target=5 elapsed=0s need=2s
LM HO_FAIL_LOW_RSRP UE=82 currCell=1 candCell=5 candRsrp=-126.353 < min=-120
UE 84 TTT_WAIT target=1 elapsed=0s need=2s
UE 86 TTT_WAIT target=1 elapsed=0s need=2s
UE 87 TTT_WAIT target=5 elapsed=0s need=2s
UE 90 TTT_WAIT target=1 elapsed=0s need=2s
LM HO UE=91 rnti=156 3->1 type=TN servingRsrp=-135.606 targetRsrp=-102.067 targetLoadReal=17/20 targetLoadEff=17/20
LM HO_FAIL_LOW_RSRP UE=93 currCell=1 candCell=5 candRsrp=-147.749 < min=-120
UE 95 TTT_WAIT target=1 elapsed=0s need=2s
LM HO_FAIL_LOW_RSRP UE=96 currCell=3 candCell=1 candRsrp=-130.016 < min=-120
UE 97 TTT_WAIT target=5 elapsed=0s need=2s
LM HO_FAIL_LOW_RSRP UE=98 currCell=1 candCell=5 candRsrp=-134.639 < min=-120
LM HO_FAIL_LOW_RSRP UE=101 currCell=3 candCell=5 candRsrp=-137.092 < min=-120
UE 104 TTT_WAIT target=3 elapsed=0s need=2s
UE 106 TTT_WAIT target=3 elapsed=0s need=2s
UE 107 TTT_WAIT target=5 elapsed=0s need=2s
TRACE HO_SUCCESS Time=88.6151 IMSI=90 TargetCell=1 Type=TN TargetRSRP=-128.306 ServingRSRP=-121.037 BackhaulDlSnr=-999 BackhaulUlSnr=-999
TRACE HO_SUCCESS Time=88.6151 IMSI=34 TargetCell=3 Type=TN TargetRSRP=-106.176 ServingRSRP=-112.116 BackhaulDlSnr=-999 BackhaulUlSnr=-999
TRACE HO_SUCCESS Time=88.6151 IMSI=58 TargetCell=3 Type=TN TargetRSRP=-112.728 ServingRSRP=-120.024 BackhaulDlSnr=-999 BackhaulUlSnr=-999
UAV_AUTONOMY_XAPP Time=90.5 DeploymentMode=tn-uav UavIndex=0 UavCellId=5 BestDonorCellId=1 BestDonorDistanceM=838.193 XhaulConnected=1 XhaulChannelVariationDb=0 XhaulState=HEALTHY DonorUnavailableActive=0 SatBackhaulHealthy=0 UavSwitchingXappAvailable=1 UavSwitchingXappState=STANDBY BackhaulMode=TN_DIRECT RicControlState=TN_E2 ActiveUavRic=TN_NEAR_RT_RIC NormalUeHandoverAllowed=1 UavMode=TN_CONTROLLED_COVERAGE_EXTENSION
UAV_AUTONOMY_XAPP Time=90.5 DeploymentMode=tn-uav UavIndex=1 UavCellId=6 BestDonorCellId=3 BestDonorDistanceM=1338.02 XhaulConnected=1 XhaulChannelVariationDb=0 XhaulState=HEALTHY DonorUnavailableActive=0 SatBackhaulHealthy=0 UavSwitchingXappAvailable=1 UavSwitchingXappState=STANDBY BackhaulMode=TN_DIRECT RicControlState=TN_E2 ActiveUavRic=TN_NEAR_RT_RIC NormalUeHandoverAllowed=1 UavMode=TN_CONTROLLED_COVERAGE_EXTENSION
UAV_AUTONOMY_XAPP Time=90.5 DeploymentMode=tn-uav UavIndex=2 UavCellId=7 BestDonorCellId=4 BestDonorDistanceM=1440.1 XhaulConnected=1 XhaulChannelVariationDb=0 XhaulState=HEALTHY DonorUnavailableActive=0 SatBackhaulHealthy=0 UavSwitchingXappAvailable=1 UavSwitchingXappState=STANDBY BackhaulMode=TN_DIRECT RicControlState=TN_E2 ActiveUavRic=TN_NEAR_RT_RIC NormalUeHandoverAllowed=1 UavMode=TN_CONTROLLED_COVERAGE_EXTENSION
---- LOAD at t=90.5 ----
  cell 1 (TN) load=18/20
  cell 2 (TN) load=19/20
  cell 3 (TN) load=16/20
  cell 4 (TN) load=20/20
  cell 5 (NTN) load=8/10
  cell 6 (NTN) load=9/10
  cell 7 (NTN) load=10/10
UE 11 TTT_WAIT target=5 elapsed=0s need=2s
LM HO UE=13 rnti=71 5->1 type=TN servingRsrp=-102.107 targetRsrp=-78.5799 targetLoadReal=18/20 targetLoadEff=18/20
LM HO UE=15 rnti=172 1->5 type=NTN servingRsrp=-110.18 targetRsrp=-92.2202 targetLoadReal=8/10 targetLoadEff=8/10
UE 16 TTT_WAIT target=2 elapsed=0s need=2s
LM HO_FAIL_LOW_RSRP UE=20 currCell=4 candCell=6 candRsrp=-134.63 < min=-120
UE 22 TTT_WAIT target=2 elapsed=0s need=2s
UE 23 TTT_WAIT target=1 elapsed=0s need=2s
UE 25 TTT_WAIT target=1 elapsed=0s need=2s
LM HO UE=26 rnti=170 2->1 type=TN servingRsrp=-121.226 targetRsrp=-102.976 targetLoadReal=18/20 targetLoadEff=19/20
LM HO_FAIL_LOW_RSRP UE=27 currCell=4 candCell=3 candRsrp=-121.569 < min=-120
LM HO_FAIL_LOW_RSRP UE=37 currCell=3 candCell=6 candRsrp=-122.642 < min=-120
UE 40 TTT_WAIT target=6 elapsed=0s need=2s
UE 46 TTT_WAIT target=5 elapsed=0s need=2s
LM HO_FAIL_LOW_RSRP UE=48 currCell=1 candCell=2 candRsrp=-123.979 < min=-120
LM HO UE=51 rnti=192 4->3 type=TN servingRsrp=-113.009 targetRsrp=-110.26 targetLoadReal=16/20 targetLoadEff=16/20
UE 52 TTT_WAIT target=2 elapsed=0s need=2s
UE 53 TTT_WAIT target=2 elapsed=0s need=2s
UE 58 TTT_WAIT target=6 elapsed=0s need=2s
UE 60 TTT_WAIT target=5 elapsed=0s need=2s
UE 61 TTT_WAIT target=3 elapsed=0s need=2s
UE 64 TTT_WAIT target=6 elapsed=0s need=2s
UE 66 TTT_WAIT target=3 elapsed=0s need=2s
UE 71 TTT_WAIT target=6 elapsed=0s need=2s
UE 72 TTT_WAIT target=5 elapsed=0s need=2s
LM HO_FAIL_LOW_RSRP UE=77 currCell=3 candCell=6 candRsrp=-121.701 < min=-120
LM HO_FAIL_LOW_RSRP UE=82 currCell=1 candCell=5 candRsrp=-128.966 < min=-120
LM HO_FAIL_LOW_RSRP UE=84 currCell=2 candCell=5 candRsrp=-131.833 < min=-120
LM HO_FAIL_LOW_RSRP UE=86 currCell=7 candCell=6 candRsrp=-123.086 < min=-120
LM HO UE=87 rnti=154 4->5 type=NTN servingRsrp=-99.564 targetRsrp=-93.7942 targetLoadReal=8/10 targetLoadEff=9/10
UE 88 TTT_WAIT target=3 elapsed=0s need=2s
LM HO_FAIL_LOW_RSRP UE=90 currCell=2 candCell=3 candRsrp=-138.862 < min=-120
LM HO_FAIL_LOW_RSRP UE=91 currCell=1 candCell=6 candRsrp=-149.858 < min=-120
UE 92 TTT_WAIT target=2 elapsed=0s need=2s
UE 93 TTT_WAIT target=6 elapsed=0s need=2s
UE 95 TTT_WAIT target=3 elapsed=0s need=2s
UE 96 TTT_WAIT target=2 elapsed=0s need=2s
LM HO_FAIL_LOW_RSRP UE=97 currCell=2 candCell=6 candRsrp=-141.269 < min=-120
UE 99 TTT_WAIT target=2 elapsed=0s need=2s
LM HO_FAIL_LOW_RSRP UE=101 currCell=3 candCell=6 candRsrp=-123.335 < min=-120
LM HO_FAIL_LOW_RSRP UE=103 currCell=1 candCell=6 candRsrp=-135.647 < min=-120
LM HO_FAIL_LOW_RSRP UE=107 currCell=2 candCell=6 candRsrp=-136.067 < min=-120
TRACE HO_SUCCESS Time=90.6151 IMSI=25 TargetCell=1 Type=TN TargetRSRP=-137.394 ServingRSRP=-105.909 BackhaulDlSnr=-999 BackhaulUlSnr=-999
TRACE HO_SUCCESS Time=90.6151 IMSI=12 TargetCell=1 Type=TN TargetRSRP=-107.229 ServingRSRP=-96.6953 BackhaulDlSnr=-999 BackhaulUlSnr=-999
TRACE HO_SUCCESS Time=90.6151 IMSI=50 TargetCell=3 Type=TN TargetRSRP=-118.297 ServingRSRP=-105.26 BackhaulDlSnr=-999 BackhaulUlSnr=-999
TRACE HO_SUCCESS Time=90.6151 IMSI=14 TargetCell=5 Type=NTN TargetRSRP=-123.571 ServingRSRP=-95.1971 BackhaulDlSnr=-999 BackhaulUlSnr=-999
TRACE HO_SUCCESS Time=90.6151 IMSI=86 TargetCell=5 Type=NTN TargetRSRP=-110.955 ServingRSRP=-78.4379 BackhaulDlSnr=-999 BackhaulUlSnr=-999
UAV_AUTONOMY_XAPP Time=92.5 DeploymentMode=tn-uav UavIndex=0 UavCellId=5 BestDonorCellId=1 BestDonorDistanceM=843.12 XhaulConnected=1 XhaulChannelVariationDb=0 XhaulState=HEALTHY DonorUnavailableActive=0 SatBackhaulHealthy=0 UavSwitchingXappAvailable=1 UavSwitchingXappState=STANDBY BackhaulMode=TN_DIRECT RicControlState=TN_E2 ActiveUavRic=TN_NEAR_RT_RIC NormalUeHandoverAllowed=1 UavMode=TN_CONTROLLED_COVERAGE_EXTENSION
UAV_AUTONOMY_XAPP Time=92.5 DeploymentMode=tn-uav UavIndex=1 UavCellId=6 BestDonorCellId=3 BestDonorDistanceM=1333.7 XhaulConnected=1 XhaulChannelVariationDb=0 XhaulState=HEALTHY DonorUnavailableActive=0 SatBackhaulHealthy=0 UavSwitchingXappAvailable=1 UavSwitchingXappState=STANDBY BackhaulMode=TN_DIRECT RicControlState=TN_E2 ActiveUavRic=TN_NEAR_RT_RIC NormalUeHandoverAllowed=1 UavMode=TN_CONTROLLED_COVERAGE_EXTENSION
UAV_AUTONOMY_XAPP Time=92.5 DeploymentMode=tn-uav UavIndex=2 UavCellId=7 BestDonorCellId=4 BestDonorDistanceM=1440.1 XhaulConnected=1 XhaulChannelVariationDb=0 XhaulState=HEALTHY DonorUnavailableActive=0 SatBackhaulHealthy=0 UavSwitchingXappAvailable=1 UavSwitchingXappState=STANDBY BackhaulMode=TN_DIRECT RicControlState=TN_E2 ActiveUavRic=TN_NEAR_RT_RIC NormalUeHandoverAllowed=1 UavMode=TN_CONTROLLED_COVERAGE_EXTENSION
---- LOAD at t=92.5 ----
  cell 1 (TN) load=19/20
  cell 2 (TN) load=18/20
  cell 3 (TN) load=17/20
  cell 4 (TN) load=18/20
  cell 5 (NTN) load=9/10
  cell 6 (NTN) load=9/10
  cell 7 (NTN) load=10/10
UE 12 TTT_WAIT target=6 elapsed=0s need=2s
UE 13 TTT_WAIT target=2 elapsed=0s need=2s
UE 15 TTT_WAIT target=1 elapsed=0s need=2s
UE 20 TTT_WAIT target=1 elapsed=0s need=2s
UE 26 TTT_WAIT target=4 elapsed=0s need=2s
UE 27 TTT_WAIT target=2 elapsed=0s need=2s
LM HO_FAIL_LOW_RSRP UE=30 currCell=4 candCell=1 candRsrp=-124.846 < min=-120
UE 32 TTT_WAIT target=1 elapsed=0s need=2s
LM HO_FAIL_LOW_RSRP UE=33 currCell=1 candCell=5 candRsrp=-126.622 < min=-120
UE 35 TTT_WAIT target=2 elapsed=0s need=2s
UE 37 TTT_WAIT target=6 elapsed=0s need=2s
UE 40 TTT_WAIT target=3 elapsed=0s need=2s
UE 41 TTT_WAIT target=4 elapsed=0s need=2s
UE 44 TTT_WAIT target=2 elapsed=0s need=2s
LM HO_FAIL_LOW_RSRP UE=46 currCell=2 candCell=5 candRsrp=-124.815 < min=-120
UE 47 TTT_WAIT target=2 elapsed=0s need=2s
LM HO_FAIL_LOW_RSRP UE=48 currCell=1 candCell=4 candRsrp=-121.21 < min=-120
UE 51 TTT_WAIT target=4 elapsed=0s need=2s
LM HO UE=53 rnti=100 7->2 type=TN servingRsrp=-106.192 targetRsrp=-97.704 targetLoadReal=18/20 targetLoadEff=18/20
UE 56 TTT_WAIT target=2 elapsed=0s need=2s
UE 57 TTT_WAIT target=1 elapsed=0s need=2s
UE 58 TTT_WAIT target=1 elapsed=0s need=2s
UE 59 TTT_WAIT target=2 elapsed=0s need=2s
UE 60 TTT_WAIT target=1 elapsed=0s need=2s
LM HO UE=61 rnti=150 2->3 type=TN servingRsrp=-114.544 targetRsrp=-96.7692 targetLoadReal=17/20 targetLoadEff=17/20
UE 62 TTT_WAIT target=3 elapsed=0s need=2s
UE 63 TTT_WAIT target=5 elapsed=0s need=2s
LM HO_FAIL_LOW_RSRP UE=64 currCell=3 candCell=6 candRsrp=-128.292 < min=-120
UE 65 TTT_WAIT target=1 elapsed=0s need=2s
UE 67 TTT_WAIT target=1 elapsed=0s need=2s
UE 68 TTT_WAIT target=1 elapsed=0s need=2s
LM HO_FAIL_LOW_RSRP UE=72 currCell=4 candCell=5 candRsrp=-133.855 < min=-120
UE 78 TTT_WAIT target=5 elapsed=0s need=2s
LM HO_FAIL_LOW_RSRP UE=79 currCell=2 candCell=5 candRsrp=-130.918 < min=-120
UE 80 TTT_WAIT target=4 elapsed=0s need=2s
UE 82 TTT_WAIT target=2 elapsed=0s need=2s
LM HO_FAIL_LOW_RSRP UE=84 currCell=2 candCell=5 candRsrp=-123.694 < min=-120
UE 85 TTT_WAIT target=2 elapsed=0s need=2s
UE 86 TTT_WAIT target=2 elapsed=0s need=2s
UE 87 TTT_WAIT target=4 elapsed=0s need=2s
UE 88 TTT_WAIT target=5 elapsed=0s need=2s
UE 89 TTT_WAIT target=2 elapsed=0s need=2s
UE 91 TTT_WAIT target=2 elapsed=0s need=2s
LM HO UE=92 rnti=119 1->2 type=TN servingRsrp=-122.489 targetRsrp=-104.358 targetLoadReal=18/20 targetLoadEff=19/20
UE 93 TTT_WAIT target=4 elapsed=0s need=2s
LM HO_FAIL_LOW_RSRP UE=95 currCell=2 candCell=5 candRsrp=-131.025 < min=-120
LM HO_FAIL_LOW_RSRP UE=96 currCell=3 candCell=4 candRsrp=-120.529 < min=-120
UE 98 TTT_WAIT target=4 elapsed=0s need=2s
UE 102 TTT_WAIT target=3 elapsed=0s need=2s
UE 104 TTT_WAIT target=6 elapsed=0s need=2s
UE 106 TTT_WAIT target=3 elapsed=0s need=2s
UE 107 TTT_WAIT target=3 elapsed=0s need=2s
TRACE HO_SUCCESS Time=92.6151 IMSI=91 TargetCell=2 Type=TN TargetRSRP=-133.442 ServingRSRP=-104.307 BackhaulDlSnr=-999 BackhaulUlSnr=-999
TRACE HO_SUCCESS Time=92.6151 IMSI=52 TargetCell=2 Type=TN TargetRSRP=-126.493 ServingRSRP=-84.0287 BackhaulDlSnr=-999 BackhaulUlSnr=-999
TRACE HO_SUCCESS Time=92.6151 IMSI=60 TargetCell=3 Type=TN TargetRSRP=-106.877 ServingRSRP=-101.643 BackhaulDlSnr=-999 BackhaulUlSnr=-999
UAV_AUTONOMY_XAPP Time=94.5 DeploymentMode=tn-uav UavIndex=0 UavCellId=5 BestDonorCellId=1 BestDonorDistanceM=849.566 XhaulConnected=1 XhaulChannelVariationDb=0 XhaulState=HEALTHY DonorUnavailableActive=0 SatBackhaulHealthy=0 UavSwitchingXappAvailable=1 UavSwitchingXappState=STANDBY BackhaulMode=TN_DIRECT RicControlState=TN_E2 ActiveUavRic=TN_NEAR_RT_RIC NormalUeHandoverAllowed=1 UavMode=TN_CONTROLLED_COVERAGE_EXTENSION
UAV_AUTONOMY_XAPP Time=94.5 DeploymentMode=tn-uav UavIndex=1 UavCellId=6 BestDonorCellId=3 BestDonorDistanceM=1331.75 XhaulConnected=1 XhaulChannelVariationDb=0 XhaulState=HEALTHY DonorUnavailableActive=0 SatBackhaulHealthy=0 UavSwitchingXappAvailable=1 UavSwitchingXappState=STANDBY BackhaulMode=TN_DIRECT RicControlState=TN_E2 ActiveUavRic=TN_NEAR_RT_RIC NormalUeHandoverAllowed=1 UavMode=TN_CONTROLLED_COVERAGE_EXTENSION
UAV_AUTONOMY_XAPP Time=94.5 DeploymentMode=tn-uav UavIndex=2 UavCellId=7 BestDonorCellId=4 BestDonorDistanceM=1424.94 XhaulConnected=1 XhaulChannelVariationDb=0 XhaulState=HEALTHY DonorUnavailableActive=0 SatBackhaulHealthy=0 UavSwitchingXappAvailable=1 UavSwitchingXappState=STANDBY BackhaulMode=TN_DIRECT RicControlState=TN_E2 ActiveUavRic=TN_NEAR_RT_RIC NormalUeHandoverAllowed=1 UavMode=TN_CONTROLLED_COVERAGE_EXTENSION
---- LOAD at t=94.5 ----
  cell 1 (TN) load=18/20
  cell 2 (TN) load=19/20
  cell 3 (TN) load=18/20
  cell 4 (TN) load=18/20
  cell 5 (NTN) load=9/10
  cell 6 (NTN) load=9/10
  cell 7 (NTN) load=9/10
UE 11 TTT_WAIT target=4 elapsed=0s need=2s
UE 13 TTT_WAIT target=5 elapsed=0s need=2s
LM HO UE=15 rnti=103 5->1 type=TN servingRsrp=-101.263 targetRsrp=-83.0672 targetLoadReal=18/20 targetLoadEff=18/20
UE 16 TTT_WAIT target=2 elapsed=0s need=2s
UE 17 TTT_WAIT target=2 elapsed=0s need=2s
UE 23 TTT_WAIT target=7 elapsed=0s need=2s
UE 26 TTT_WAIT target=2 elapsed=0s need=2s
UE 28 TTT_WAIT target=5 elapsed=0s need=2s
UE 29 TTT_WAIT target=1 elapsed=0s need=2s
UE 30 TTT_WAIT target=1 elapsed=0s need=2s
UE 31 TTT_WAIT target=1 elapsed=0s need=2s
UE 32 TTT_WAIT target=3 elapsed=0s need=2s
LM HO_FAIL_LOW_RSRP UE=33 currCell=1 candCell=7 candRsrp=-129.19 < min=-120
UE 34 TTT_WAIT target=2 elapsed=0s need=2s
UE 37 TTT_WAIT target=2 elapsed=0s need=2s
UE 38 TTT_WAIT target=1 elapsed=0s need=2s
LM HO_FAIL_LOW_RSRP UE=40 currCell=1 candCell=6 candRsrp=-126.392 < min=-120
LM HO_FAIL_LOW_RSRP UE=41 currCell=2 candCell=7 candRsrp=-136.929 < min=-120
UE 45 TTT_WAIT target=2 elapsed=0s need=2s
UE 46 TTT_WAIT target=4 elapsed=0s need=2s
LM HO_FAIL_LOW_RSRP UE=48 currCell=1 candCell=4 candRsrp=-123.575 < min=-120
LM HO_FAIL_LOW_RSRP UE=51 currCell=3 candCell=2 candRsrp=-125.983 < min=-120
UE 53 TTT_WAIT target=4 elapsed=0s need=2s
UE 54 TTT_WAIT target=7 elapsed=0s need=2s
UE 56 TTT_WAIT target=4 elapsed=0s need=2s
UE 57 TTT_WAIT target=3 elapsed=0s need=2s
LM HO UE=58 rnti=195 4->1 type=TN servingRsrp=-130.263 targetRsrp=-93.5539 targetLoadReal=18/20 targetLoadEff=19/20
UE 59 TTT_WAIT target=7 elapsed=0s need=2s
LM HO_FAIL_LOW_RSRP UE=60 currCell=2 candCell=6 candRsrp=-129.802 < min=-120
LM HO UE=62 rnti=73 6->3 type=TN servingRsrp=-104.047 targetRsrp=-71.4782 targetLoadReal=18/20 targetLoadEff=18/20
UE 64 TTT_WAIT target=2 elapsed=0s need=2s
LM HO_FAIL_LOW_RSRP UE=65 currCell=2 candCell=4 candRsrp=-122.282 < min=-120
LM HO_FAIL_LOW_RSRP UE=66 currCell=4 candCell=7 candRsrp=-120.042 < min=-120
UE 67 TTT_WAIT target=7 elapsed=0s need=2s
UE 69 TTT_WAIT target=7 elapsed=0s need=2s
UE 71 TTT_WAIT target=2 elapsed=0s need=2s
UE 72 TTT_WAIT target=6 elapsed=0s need=2s
UE 76 TTT_WAIT target=2 elapsed=0s need=2s
UE 77 TTT_WAIT target=6 elapsed=0s need=2s
LM HO_FAIL_LOW_RSRP UE=78 currCell=4 candCell=7 candRsrp=-129.59 < min=-120
UE 84 TTT_WAIT target=7 elapsed=0s need=2s
UE 86 TTT_WAIT target=4 elapsed=0s need=2s
LM HO UE=87 rnti=104 5->4 type=TN servingRsrp=-130.981 targetRsrp=-96.4479 targetLoadReal=18/20 targetLoadEff=18/20
UE 88 TTT_WAIT target=3 elapsed=0s need=2s
LM HO UE=89 rnti=152 1->2 type=TN servingRsrp=-103.242 targetRsrp=-96.0228 targetLoadReal=19/20 targetLoadEff=19/20
UE 90 TTT_WAIT target=3 elapsed=0s need=2s
LM HO_FAIL_LOW_RSRP UE=91 currCell=1 candCell=7 candRsrp=-126.07 < min=-120
UE 92 TTT_WAIT target=3 elapsed=0s need=2s
LM HO_FAIL_LOW_RSRP UE=93 currCell=1 candCell=7 candRsrp=-126.275 < min=-120
LM HO_FAIL_LOW_RSRP UE=96 currCell=3 candCell=4 candRsrp=-122.506 < min=-120
LM HO_FAIL_LOW_RSRP UE=98 currCell=1 candCell=5 candRsrp=-128.914 < min=-120
UE 101 TTT_WAIT target=6 elapsed=0s need=2s
LM HO UE=102 rnti=60 6->3 type=TN servingRsrp=-109.302 targetRsrp=-82.1969 targetLoadReal=18/20 targetLoadEff=19/20
UE 103 TTT_WAIT target=4 elapsed=0s need=2s
LM HO UE=104 rnti=106 7->6 type=NTN servingRsrp=-126.473 targetRsrp=-103.116 targetLoadReal=9/10 targetLoadEff=9/10
UE 105 TTT_WAIT target=4 elapsed=0s need=2s
UE 107 TTT_WAIT target=4 elapsed=0s need=2s
TRACE HO_SUCCESS Time=94.6151 IMSI=57 TargetCell=1 Type=TN TargetRSRP=-119.605 ServingRSRP=-102.012 BackhaulDlSnr=-999 BackhaulUlSnr=-999
TRACE HO_SUCCESS Time=94.6151 IMSI=14 TargetCell=1 Type=TN TargetRSRP=-106.134 ServingRSRP=-97.648 BackhaulDlSnr=-999 BackhaulUlSnr=-999
TRACE HO_SUCCESS Time=94.6151 IMSI=88 TargetCell=2 Type=TN TargetRSRP=-98.2987 ServingRSRP=-74.2985 BackhaulDlSnr=-999 BackhaulUlSnr=-999
TRACE HO_SUCCESS Time=94.6151 IMSI=61 TargetCell=3 Type=TN TargetRSRP=-117.006 ServingRSRP=-101.541 BackhaulDlSnr=-999 BackhaulUlSnr=-999
TRACE HO_SUCCESS Time=94.6151 IMSI=101 TargetCell=3 Type=TN TargetRSRP=-117.218 ServingRSRP=-103.601 BackhaulDlSnr=-999 BackhaulUlSnr=-999
TRACE HO_SUCCESS Time=94.6151 IMSI=86 TargetCell=4 Type=TN TargetRSRP=-109.596 ServingRSRP=-112.327 BackhaulDlSnr=-999 BackhaulUlSnr=-999
TRACE HO_SUCCESS Time=94.6151 IMSI=103 TargetCell=6 Type=NTN TargetRSRP=-115.175 ServingRSRP=-114.892 BackhaulDlSnr=-999 BackhaulUlSnr=-999
UAV_AUTONOMY_XAPP Time=96.5 DeploymentMode=tn-uav UavIndex=0 UavCellId=5 BestDonorCellId=1 BestDonorDistanceM=859.168 XhaulConnected=1 XhaulChannelVariationDb=0 XhaulState=HEALTHY DonorUnavailableActive=0 SatBackhaulHealthy=0 UavSwitchingXappAvailable=1 UavSwitchingXappState=STANDBY BackhaulMode=TN_DIRECT RicControlState=TN_E2 ActiveUavRic=TN_NEAR_RT_RIC NormalUeHandoverAllowed=1 UavMode=TN_CONTROLLED_COVERAGE_EXTENSION
UAV_AUTONOMY_XAPP Time=96.5 DeploymentMode=tn-uav UavIndex=1 UavCellId=6 BestDonorCellId=3 BestDonorDistanceM=1330.66 XhaulConnected=1 XhaulChannelVariationDb=0 XhaulState=HEALTHY DonorUnavailableActive=0 SatBackhaulHealthy=0 UavSwitchingXappAvailable=1 UavSwitchingXappState=STANDBY BackhaulMode=TN_DIRECT RicControlState=TN_E2 ActiveUavRic=TN_NEAR_RT_RIC NormalUeHandoverAllowed=1 UavMode=TN_CONTROLLED_COVERAGE_EXTENSION
UAV_AUTONOMY_XAPP Time=96.5 DeploymentMode=tn-uav UavIndex=2 UavCellId=7 BestDonorCellId=4 BestDonorDistanceM=1407.22 XhaulConnected=1 XhaulChannelVariationDb=0 XhaulState=HEALTHY DonorUnavailableActive=0 SatBackhaulHealthy=0 UavSwitchingXappAvailable=1 UavSwitchingXappState=STANDBY BackhaulMode=TN_DIRECT RicControlState=TN_E2 ActiveUavRic=TN_NEAR_RT_RIC NormalUeHandoverAllowed=1 UavMode=TN_CONTROLLED_COVERAGE_EXTENSION
---- LOAD at t=96.5 ----
  cell 1 (TN) load=19/20
  cell 2 (TN) load=20/20
  cell 3 (TN) load=20/20
  cell 4 (TN) load=18/20
  cell 5 (NTN) load=7/10
  cell 6 (NTN) load=8/10
  cell 7 (NTN) load=8/10
UE 13 TTT_WAIT target=4 elapsed=0s need=2s
LM HO_FAIL_LOW_RSRP UE=20 currCell=4 candCell=7 candRsrp=-124.562 < min=-120
LM HO UE=23 rnti=170 4->7 type=NTN servingRsrp=-110.337 targetRsrp=-119.182 targetLoadReal=8/10 targetLoadEff=8/10
UE 26 TTT_WAIT target=5 elapsed=0s need=2s
UE 27 TTT_WAIT target=5 elapsed=0s need=2s
LM HO_FAIL_LOW_RSRP UE=30 currCell=4 candCell=1 candRsrp=-123.391 < min=-120
UE 32 TTT_WAIT target=4 elapsed=0s need=2s
UE 33 TTT_WAIT target=6 elapsed=0s need=2s
LM HO_FAIL_LOW_RSRP UE=38 currCell=6 candCell=7 candRsrp=-122.689 < min=-120
LM HO_FAIL_LOW_RSRP UE=40 currCell=1 candCell=4 candRsrp=-122.048 < min=-120
UE 41 TTT_WAIT target=4 elapsed=0s need=2s
UE 43 TTT_WAIT target=1 elapsed=0s need=2s
LM HO_FAIL_LOW_RSRP UE=44 currCell=3 candCell=4 candRsrp=-122.637 < min=-120
LM HO UE=46 rnti=152 2->4 type=TN servingRsrp=-116.18 targetRsrp=-108.198 targetLoadReal=18/20 targetLoadEff=18/20
UE 51 TTT_WAIT target=1 elapsed=0s need=2s
LM HO UE=53 rnti=171 2->4 type=TN servingRsrp=-122.253 targetRsrp=-101.129 targetLoadReal=18/20 targetLoadEff=19/20
UE 56 TTT_WAIT target=1 elapsed=0s need=2s
UE 57 TTT_WAIT target=1 elapsed=0s need=2s
LM HO_FAIL_LOW_RSRP UE=58 currCell=1 candCell=5 candRsrp=-122.78 < min=-120
UE 59 TTT_WAIT target=1 elapsed=0s need=2s
UE 61 TTT_WAIT target=1 elapsed=0s need=2s
UE 63 TTT_WAIT target=5 elapsed=0s need=2s
LM HO_FAIL_LOW_RSRP UE=65 currCell=2 candCell=7 candRsrp=-131.454 < min=-120
UE 70 TTT_WAIT target=1 elapsed=0s need=2s
UE 71 TTT_WAIT target=7 elapsed=0s need=2s
UE 75 TTT_WAIT target=1 elapsed=0s need=2s
LM HO UE=77 rnti=114 3->6 type=NTN servingRsrp=-113.053 targetRsrp=-84.9046 targetLoadReal=8/10 targetLoadEff=8/10
UE 78 TTT_WAIT target=5 elapsed=0s need=2s
UE 79 TTT_WAIT target=5 elapsed=0s need=2s
UE 80 TTT_WAIT target=5 elapsed=0s need=2s
UE 84 TTT_WAIT target=6 elapsed=0s need=2s
UE 87 TTT_WAIT target=6 elapsed=0s need=2s
UE 88 TTT_WAIT target=5 elapsed=0s need=2s
UE 89 TTT_WAIT target=1 elapsed=0s need=2s
UE 90 TTT_WAIT target=1 elapsed=0s need=2s
UE 91 TTT_WAIT target=7 elapsed=0s need=2s
UE 92 TTT_WAIT target=1 elapsed=0s need=2s
LM HO_FAIL_LOW_RSRP UE=93 currCell=1 candCell=5 candRsrp=-124.313 < min=-120
UE 95 TTT_WAIT target=5 elapsed=0s need=2s
UE 96 TTT_WAIT target=7 elapsed=0s need=2s
UE 98 TTT_WAIT target=6 elapsed=0s need=2s
UE 100 TTT_WAIT target=1 elapsed=0s need=2s
LM HO UE=101 rnti=118 3->6 type=NTN servingRsrp=-106.981 targetRsrp=-95.9479 targetLoadReal=8/10 targetLoadEff=9/10
LM HO_FAIL_LOW_RSRP UE=102 currCell=3 candCell=7 candRsrp=-136.105 < min=-120
UE 103 TTT_WAIT target=7 elapsed=0s need=2s
UE 104 TTT_WAIT target=7 elapsed=0s need=2s
UE 105 TTT_WAIT target=1 elapsed=0s need=2s
LM HO_FAIL_LOW_RSRP UE=107 currCell=2 candCell=5 candRsrp=-130.946 < min=-120
TRACE HO_SUCCESS Time=96.6151 IMSI=45 TargetCell=4 Type=TN TargetRSRP=-111.421 ServingRSRP=-104.035 BackhaulDlSnr=-999 BackhaulUlSnr=-999
TRACE HO_SUCCESS Time=96.6151 IMSI=52 TargetCell=4 Type=TN TargetRSRP=-119.217 ServingRSRP=-123.994 BackhaulDlSnr=-999 BackhaulUlSnr=-999
TRACE HO_SUCCESS Time=96.6151 IMSI=76 TargetCell=6 Type=NTN TargetRSRP=-84.4871 ServingRSRP=-86.3461 BackhaulDlSnr=-999 BackhaulUlSnr=-999
TRACE HO_SUCCESS Time=96.6151 IMSI=100 TargetCell=6 Type=NTN TargetRSRP=-124.617 ServingRSRP=-90.1972 BackhaulDlSnr=-999 BackhaulUlSnr=-999
TRACE HO_SUCCESS Time=96.6151 IMSI=22 TargetCell=7 Type=NTN TargetRSRP=-121.352 ServingRSRP=-87.061 BackhaulDlSnr=-999 BackhaulUlSnr=-999
UAV_AUTONOMY_XAPP Time=98.5 DeploymentMode=tn-uav UavIndex=0 UavCellId=5 BestDonorCellId=1 BestDonorDistanceM=868.602 XhaulConnected=1 XhaulChannelVariationDb=0 XhaulState=HEALTHY DonorUnavailableActive=0 SatBackhaulHealthy=0 UavSwitchingXappAvailable=1 UavSwitchingXappState=STANDBY BackhaulMode=TN_DIRECT RicControlState=TN_E2 ActiveUavRic=TN_NEAR_RT_RIC NormalUeHandoverAllowed=1 UavMode=TN_CONTROLLED_COVERAGE_EXTENSION
UAV_AUTONOMY_XAPP Time=98.5 DeploymentMode=tn-uav UavIndex=1 UavCellId=6 BestDonorCellId=3 BestDonorDistanceM=1330.48 XhaulConnected=1 XhaulChannelVariationDb=0 XhaulState=HEALTHY DonorUnavailableActive=0 SatBackhaulHealthy=0 UavSwitchingXappAvailable=1 UavSwitchingXappState=STANDBY BackhaulMode=TN_DIRECT RicControlState=TN_E2 ActiveUavRic=TN_NEAR_RT_RIC NormalUeHandoverAllowed=1 UavMode=TN_CONTROLLED_COVERAGE_EXTENSION
UAV_AUTONOMY_XAPP Time=98.5 DeploymentMode=tn-uav UavIndex=2 UavCellId=7 BestDonorCellId=4 BestDonorDistanceM=1387.87 XhaulConnected=1 XhaulChannelVariationDb=0 XhaulState=HEALTHY DonorUnavailableActive=0 SatBackhaulHealthy=0 UavSwitchingXappAvailable=1 UavSwitchingXappState=STANDBY BackhaulMode=TN_DIRECT RicControlState=TN_E2 ActiveUavRic=TN_NEAR_RT_RIC NormalUeHandoverAllowed=1 UavMode=TN_CONTROLLED_COVERAGE_EXTENSION
---- LOAD at t=98.5 ----
  cell 1 (TN) load=19/20
  cell 2 (TN) load=18/20
  cell 3 (TN) load=18/20
  cell 4 (TN) load=19/20
  cell 5 (NTN) load=7/10
  cell 6 (NTN) load=10/10
  cell 7 (NTN) load=9/10
UE 11 TTT_WAIT target=4 elapsed=0s need=2s
UE 12 TTT_WAIT target=2 elapsed=0s need=2s
UE 13 TTT_WAIT target=2 elapsed=0s need=2s
LM HO_FAIL_LOW_RSRP UE=15 currCell=1 candCell=7 candRsrp=-121.485 < min=-120
LM HO_FAIL_LOW_RSRP UE=16 currCell=1 candCell=7 candRsrp=-123.523 < min=-120
UE 17 TTT_WAIT target=2 elapsed=0s need=2s
UE 18 TTT_WAIT target=1 elapsed=0s need=2s
LM HO_FAIL_LOW_RSRP UE=20 currCell=4 candCell=7 candRsrp=-122.02 < min=-120
UE 23 TTT_WAIT target=1 elapsed=0s need=2s
UE 24 TTT_WAIT target=4 elapsed=0s need=2s
UE 26 TTT_WAIT target=4 elapsed=0s need=2s
UE 27 TTT_WAIT target=2 elapsed=0s need=2s
UE 30 TTT_WAIT target=2 elapsed=0s need=2s
UE 33 TTT_WAIT target=4 elapsed=0s need=2s
UE 35 TTT_WAIT target=5 elapsed=0s need=2s
UE 36 TTT_WAIT target=1 elapsed=0s need=2s
UE 40 TTT_WAIT target=2 elapsed=0s need=2s
LM HO UE=41 rnti=168 2->4 type=TN servingRsrp=-95.5227 targetRsrp=-75.7528 targetLoadReal=19/20 targetLoadEff=19/20
UE 43 TTT_WAIT target=2 elapsed=0s need=2s
UE 44 TTT_WAIT target=7 elapsed=0s need=2s
UE 46 TTT_WAIT target=1 elapsed=0s need=2s
UE 47 TTT_WAIT target=1 elapsed=0s need=2s
UE 48 TTT_WAIT target=7 elapsed=0s need=2s
LM HO UE=51 rnti=160 3->1 type=TN servingRsrp=-117.238 targetRsrp=-93.4865 targetLoadReal=19/20 targetLoadEff=19/20
UE 53 TTT_WAIT target=7 elapsed=0s need=2s
UE 56 TTT_WAIT target=2 elapsed=0s need=2s
UE 57 TTT_WAIT target=7 elapsed=0s need=2s
UE 58 TTT_WAIT target=5 elapsed=0s need=2s
UE 60 TTT_WAIT target=5 elapsed=0s need=2s
UE 61 TTT_WAIT target=2 elapsed=0s need=2s
LM HO_FAIL_LOW_RSRP UE=63 currCell=2 candCell=5 candRsrp=-131.643 < min=-120
UE 65 TTT_WAIT target=3 elapsed=0s need=2s
LM HO_FAIL_LOW_RSRP UE=66 currCell=4 candCell=7 candRsrp=-122.712 < min=-120
UE 68 TTT_WAIT target=5 elapsed=0s need=2s
UE 71 TTT_WAIT target=3 elapsed=0s need=2s
UE 72 TTT_WAIT target=5 elapsed=0s need=2s
UE 76 TTT_WAIT target=5 elapsed=0s need=2s
UE 78 TTT_WAIT target=7 elapsed=0s need=2s
LM HO UE=79 rnti=154 2->5 type=NTN servingRsrp=-115.197 targetRsrp=-97.8187 targetLoadReal=7/10 targetLoadEff=7/10
LM HO UE=80 rnti=149 1->5 type=NTN servingRsrp=-83.5013 targetRsrp=-80.1367 targetLoadReal=7/10 targetLoadEff=8/10
LM HO_FAIL_LOW_RSRP UE=84 currCell=2 candCell=7 candRsrp=-132.581 < min=-120
UE 86 TTT_WAIT target=2 elapsed=0s need=2s
LM HO_FAIL_LOW_RSRP UE=88 currCell=1 candCell=7 candRsrp=-120.946 < min=-120
UE 89 TTT_WAIT target=7 elapsed=0s need=2s
UE 90 TTT_WAIT target=7 elapsed=0s need=2s
LM HO_FAIL_LOW_RSRP UE=91 currCell=1 candCell=7 candRsrp=-128.372 < min=-120
UE 92 TTT_WAIT target=3 elapsed=0s need=2s
LM HO_FAIL_LOW_RSRP UE=93 currCell=1 candCell=7 candRsrp=-127.934 < min=-120
UE 95 TTT_WAIT target=3 elapsed=0s need=2s
UE 96 TTT_WAIT target=2 elapsed=0s need=2s
LM HO_FAIL_LOW_RSRP UE=99 currCell=3 candCell=7 candRsrp=-121.921 < min=-120
LM HO_FAIL_LOW_RSRP UE=102 currCell=3 candCell=5 candRsrp=-142.516 < min=-120
UE 103 TTT_WAIT target=5 elapsed=0s need=2s
UE 104 TTT_WAIT target=5 elapsed=0s need=2s
LM HO_FAIL_LOW_RSRP UE=105 currCell=2 candCell=7 candRsrp=-137.46 < min=-120
UE 106 TTT_WAIT target=3 elapsed=0s need=2s
LM HO_FAIL_LOW_RSRP UE=107 currCell=2 candCell=5 candRsrp=-131.318 < min=-120
TRACE HO_SUCCESS Time=98.6151 IMSI=50 TargetCell=1 Type=TN TargetRSRP=-123.583 ServingRSRP=-115.984 BackhaulDlSnr=-999 BackhaulUlSnr=-999
TRACE HO_SUCCESS Time=98.6151 IMSI=40 TargetCell=4 Type=TN TargetRSRP=-119.957 ServingRSRP=-98.9645 BackhaulDlSnr=-999 BackhaulUlSnr=-999
TRACE HO_SUCCESS Time=98.6151 IMSI=79 TargetCell=5 Type=NTN TargetRSRP=-80.2223 ServingRSRP=-86.0221 BackhaulDlSnr=-999 BackhaulUlSnr=-999
TRACE HO_SUCCESS Time=98.6151 IMSI=78 TargetCell=5 Type=NTN TargetRSRP=-127.545 ServingRSRP=-86.1845 BackhaulDlSnr=-999 BackhaulUlSnr=-999
UAV_AUTONOMY_XAPP Time=100.5 DeploymentMode=tn-uav UavIndex=0 UavCellId=5 BestDonorCellId=1 BestDonorDistanceM=873.373 XhaulConnected=1 XhaulChannelVariationDb=0 XhaulState=HEALTHY DonorUnavailableActive=0 SatBackhaulHealthy=0 UavSwitchingXappAvailable=1 UavSwitchingXappState=STANDBY BackhaulMode=TN_DIRECT RicControlState=TN_E2 ActiveUavRic=TN_NEAR_RT_RIC NormalUeHandoverAllowed=1 UavMode=TN_CONTROLLED_COVERAGE_EXTENSION
UAV_AUTONOMY_XAPP Time=100.5 DeploymentMode=tn-uav UavIndex=1 UavCellId=6 BestDonorCellId=3 BestDonorDistanceM=1330.48 XhaulConnected=1 XhaulChannelVariationDb=0 XhaulState=HEALTHY DonorUnavailableActive=0 SatBackhaulHealthy=0 UavSwitchingXappAvailable=1 UavSwitchingXappState=STANDBY BackhaulMode=TN_DIRECT RicControlState=TN_E2 ActiveUavRic=TN_NEAR_RT_RIC NormalUeHandoverAllowed=1 UavMode=TN_CONTROLLED_COVERAGE_EXTENSION
UAV_AUTONOMY_XAPP Time=100.5 DeploymentMode=tn-uav UavIndex=2 UavCellId=7 BestDonorCellId=4 BestDonorDistanceM=1397.92 XhaulConnected=1 XhaulChannelVariationDb=0 XhaulState=HEALTHY DonorUnavailableActive=0 SatBackhaulHealthy=0 UavSwitchingXappAvailable=1 UavSwitchingXappState=STANDBY BackhaulMode=TN_DIRECT RicControlState=TN_E2 ActiveUavRic=TN_NEAR_RT_RIC NormalUeHandoverAllowed=1 UavMode=TN_CONTROLLED_COVERAGE_EXTENSION
---- LOAD at t=100.5 ----
  cell 1 (TN) load=19/20
  cell 2 (TN) load=16/20
  cell 3 (TN) load=17/20
  cell 4 (TN) load=20/20
  cell 5 (NTN) load=9/10
  cell 6 (NTN) load=10/10
  cell 7 (NTN) load=9/10
UE 13 TTT_WAIT target=5 elapsed=0s need=2s
UE 20 TTT_WAIT target=3 elapsed=0s need=2s
UE 22 TTT_WAIT target=5 elapsed=0s need=2s
UE 24 TTT_WAIT target=2 elapsed=0s need=2s
UE 25 TTT_WAIT target=5 elapsed=0s need=2s
LM HO_FAIL_LOW_RSRP UE=26 currCell=1 candCell=3 candRsrp=-120.602 < min=-120
LM HO UE=27 rnti=190 4->2 type=TN servingRsrp=-129.03 targetRsrp=-106.336 targetLoadReal=16/20 targetLoadEff=16/20
UE 30 TTT_WAIT target=1 elapsed=0s need=2s
UE 31 TTT_WAIT target=7 elapsed=0s need=2s
UE 32 TTT_WAIT target=2 elapsed=0s need=2s
UE 33 TTT_WAIT target=2 elapsed=0s need=2s
LM HO UE=36 rnti=82 5->1 type=TN servingRsrp=-107.753 targetRsrp=-85.8747 targetLoadReal=19/20 targetLoadEff=19/20
UE 38 TTT_WAIT target=2 elapsed=0s need=2s
UE 41 TTT_WAIT target=5 elapsed=0s need=2s
UE 45 TTT_WAIT target=5 elapsed=0s need=2s
UE 46 TTT_WAIT target=3 elapsed=0s need=2s
UE 47 TTT_WAIT target=2 elapsed=0s need=2s
LM HO_FAIL_LOW_RSRP UE=48 currCell=1 candCell=3 candRsrp=-123.19 < min=-120
UE 51 TTT_WAIT target=3 elapsed=0s need=2s
LM HO_FAIL_LOW_RSRP UE=53 currCell=4 candCell=7 candRsrp=-120.53 < min=-120
LM HO_FAIL_LOW_RSRP UE=57 currCell=4 candCell=7 candRsrp=-128.938 < min=-120
LM HO_FAIL_LOW_RSRP UE=60 currCell=2 candCell=5 candRsrp=-129.136 < min=-120
LM HO UE=61 rnti=161 3->2 type=TN servingRsrp=-118.527 targetRsrp=-110.972 targetLoadReal=16/20 targetLoadEff=17/20
LM HO_FAIL_LOW_RSRP UE=64 currCell=3 candCell=7 candRsrp=-143.235 < min=-120
UE 65 TTT_WAIT target=5 elapsed=0s need=2s
LM HO UE=71 rnti=147 1->3 type=TN servingRsrp=-121.906 targetRsrp=-113.987 targetLoadReal=17/20 targetLoadEff=17/20
UE 77 TTT_WAIT target=3 elapsed=0s need=2s
UE 82 TTT_WAIT target=2 elapsed=0s need=2s
UE 84 TTT_WAIT target=7 elapsed=0s need=2s
UE 88 TTT_WAIT target=5 elapsed=0s need=2s
UE 89 TTT_WAIT target=5 elapsed=0s need=2s
LM HO_FAIL_LOW_RSRP UE=90 currCell=2 candCell=3 candRsrp=-131.755 < min=-120
LM HO_FAIL_LOW_RSRP UE=92 currCell=2 candCell=3 candRsrp=-127.074 < min=-120
LM HO UE=95 rnti=139 2->3 type=TN servingRsrp=-109.43 targetRsrp=-103.834 targetLoadReal=17/20 targetLoadEff=18/20
LM HO UE=96 rnti=154 3->2 type=TN servingRsrp=-99.2219 targetRsrp=-87.4994 targetLoadReal=16/20 targetLoadEff=18/20
UE 101 TTT_WAIT target=3 elapsed=0s need=2s
LM HO_FAIL_LOW_RSRP UE=102 currCell=3 candCell=2 candRsrp=-120.263 < min=-120
LM HO_FAIL_LOW_RSRP UE=103 currCell=1 candCell=7 candRsrp=-123.16 < min=-120
UE 104 TTT_WAIT target=7 elapsed=0s need=2s
UE 106 TTT_WAIT target=5 elapsed=0s need=2s
UE 107 TTT_WAIT target=5 elapsed=0s need=2s
TRACE HO_SUCCESS Time=100.615 IMSI=35 TargetCell=1 Type=TN TargetRSRP=-119.988 ServingRSRP=-78.1789 BackhaulDlSnr=-999 BackhaulUlSnr=-999
TRACE HO_SUCCESS Time=100.615 IMSI=60 TargetCell=2 Type=TN TargetRSRP=-69.277 ServingRSRP=-104.482 BackhaulDlSnr=-999 BackhaulUlSnr=-999
TRACE HO_SUCCESS Time=100.615 IMSI=95 TargetCell=2 Type=TN TargetRSRP=-99.1892 ServingRSRP=-109.565 BackhaulDlSnr=-999 BackhaulUlSnr=-999
TRACE HO_SUCCESS Time=100.615 IMSI=26 TargetCell=2 Type=TN TargetRSRP=-109.023 ServingRSRP=-102.238 BackhaulDlSnr=-999 BackhaulUlSnr=-999
TRACE HO_SUCCESS Time=100.615 IMSI=70 TargetCell=3 Type=TN TargetRSRP=-134.29 ServingRSRP=-106.676 BackhaulDlSnr=-999 BackhaulUlSnr=-999
TRACE HO_SUCCESS Time=100.615 IMSI=94 TargetCell=3 Type=TN TargetRSRP=-93.1658 ServingRSRP=-110.891 BackhaulDlSnr=-999 BackhaulUlSnr=-999
UAV_AUTONOMY_XAPP Time=102.5 DeploymentMode=tn-uav UavIndex=0 UavCellId=5 BestDonorCellId=1 BestDonorDistanceM=880.654 XhaulConnected=1 XhaulChannelVariationDb=0 XhaulState=HEALTHY DonorUnavailableActive=0 SatBackhaulHealthy=0 UavSwitchingXappAvailable=1 UavSwitchingXappState=STANDBY BackhaulMode=TN_DIRECT RicControlState=TN_E2 ActiveUavRic=TN_NEAR_RT_RIC NormalUeHandoverAllowed=1 UavMode=TN_CONTROLLED_COVERAGE_EXTENSION
UAV_AUTONOMY_XAPP Time=102.5 DeploymentMode=tn-uav UavIndex=1 UavCellId=6 BestDonorCellId=3 BestDonorDistanceM=1330.48 XhaulConnected=1 XhaulChannelVariationDb=0 XhaulState=HEALTHY DonorUnavailableActive=0 SatBackhaulHealthy=0 UavSwitchingXappAvailable=1 UavSwitchingXappState=STANDBY BackhaulMode=TN_DIRECT RicControlState=TN_E2 ActiveUavRic=TN_NEAR_RT_RIC NormalUeHandoverAllowed=1 UavMode=TN_CONTROLLED_COVERAGE_EXTENSION
UAV_AUTONOMY_XAPP Time=102.5 DeploymentMode=tn-uav UavIndex=2 UavCellId=7 BestDonorCellId=4 BestDonorDistanceM=1390.05 XhaulConnected=1 XhaulChannelVariationDb=0 XhaulState=HEALTHY DonorUnavailableActive=0 SatBackhaulHealthy=0 UavSwitchingXappAvailable=1 UavSwitchingXappState=STANDBY BackhaulMode=TN_DIRECT RicControlState=TN_E2 ActiveUavRic=TN_NEAR_RT_RIC NormalUeHandoverAllowed=1 UavMode=TN_CONTROLLED_COVERAGE_EXTENSION
---- LOAD at t=102.5 ----
  cell 1 (TN) load=19/20
  cell 2 (TN) load=18/20
  cell 3 (TN) load=17/20
  cell 4 (TN) load=19/20
  cell 5 (NTN) load=8/10
  cell 6 (NTN) load=10/10
  cell 7 (NTN) load=9/10
LM HO_FAIL_LOW_RSRP UE=12 currCell=3 candCell=7 candRsrp=-132.013 < min=-120
LM HO UE=13 rnti=189 1->5 type=NTN servingRsrp=-115.191 targetRsrp=-85.2965 targetLoadReal=8/10 targetLoadEff=8/10
LM HO_FAIL_LOW_RSRP UE=15 currCell=1 candCell=7 candRsrp=-122.422 < min=-120
LM HO UE=22 rnti=99 7->5 type=NTN servingRsrp=-120.273 targetRsrp=-96.0593 targetLoadReal=8/10 targetLoadEff=9/10
UE 23 TTT_WAIT target=4 elapsed=0s need=2s
UE 26 TTT_WAIT target=4 elapsed=0s need=2s
UE 27 TTT_WAIT target=1 elapsed=0s need=2s
LM HO UE=30 rnti=194 4->1 type=TN servingRsrp=-132.735 targetRsrp=-90.543 targetLoadReal=19/20 targetLoadEff=19/20
LM HO UE=32 rnti=73 5->2 type=TN servingRsrp=-119.014 targetRsrp=-92.8203 targetLoadReal=18/20 targetLoadEff=18/20
UE 33 TTT_WAIT target=4 elapsed=0s need=2s
UE 35 TTT_WAIT target=2 elapsed=0s need=2s
LM HO_FAIL_LOW_RSRP UE=36 currCell=1 candCell=7 candRsrp=-130.854 < min=-120
LM HO_FAIL_LOW_RSRP UE=37 currCell=3 candCell=7 candRsrp=-141.173 < min=-120
UE 40 TTT_WAIT target=2 elapsed=0s need=2s
LM HO_FAIL_LOW_RSRP UE=41 currCell=4 candCell=7 candRsrp=-120.152 < min=-120
UE 44 TTT_WAIT target=2 elapsed=0s need=2s
UE 45 TTT_WAIT target=2 elapsed=0s need=2s
UE 46 TTT_WAIT target=2 elapsed=0s need=2s
LM HO UE=47 rnti=98 5->2 type=TN servingRsrp=-114.826 targetRsrp=-88.6618 targetLoadReal=18/20 targetLoadEff=19/20
UE 48 TTT_WAIT target=7 elapsed=0s need=2s
UE 54 TTT_WAIT target=7 elapsed=0s need=2s
UE 58 TTT_WAIT target=3 elapsed=0s need=2s
LM HO_FAIL_LOW_RSRP UE=59 currCell=3 candCell=7 candRsrp=-145.578 < min=-120
UE 65 TTT_WAIT target=3 elapsed=0s need=2s
UE 67 TTT_WAIT target=7 elapsed=0s need=2s
UE 68 TTT_WAIT target=7 elapsed=0s need=2s
UE 70 TTT_WAIT target=4 elapsed=0s need=2s
LM HO_FAIL_LOW_RSRP UE=72 currCell=4 candCell=7 candRsrp=-133.896 < min=-120
LM HO_FAIL_LOW_RSRP UE=76 currCell=3 candCell=7 candRsrp=-145.051 < min=-120
UE 80 TTT_WAIT target=4 elapsed=0s need=2s
UE 82 TTT_WAIT target=4 elapsed=0s need=2s
UE 84 TTT_WAIT target=4 elapsed=0s need=2s
LM HO_FAIL_LOW_RSRP UE=89 currCell=2 candCell=7 candRsrp=-140.313 < min=-120
UE 90 TTT_WAIT target=3 elapsed=0s need=2s
UE 91 TTT_WAIT target=3 elapsed=0s need=2s
LM HO_FAIL_LOW_RSRP UE=93 currCell=1 candCell=7 candRsrp=-131.347 < min=-120
UE 95 TTT_WAIT target=7 elapsed=0s need=2s
UE 97 TTT_WAIT target=4 elapsed=0s need=2s
LM HO_FAIL_LOW_RSRP UE=102 currCell=3 candCell=7 candRsrp=-144.611 < min=-120
UE 103 TTT_WAIT target=4 elapsed=0s need=2s
LM HO UE=104 rnti=74 6->7 type=NTN servingRsrp=-134.048 targetRsrp=-90.0968 targetLoadReal=9/10 targetLoadEff=9/10
UE 105 TTT_WAIT target=3 elapsed=0s need=2s
UE 107 TTT_WAIT target=4 elapsed=0s need=2s
TRACE HO_SUCCESS Time=102.615 IMSI=29 TargetCell=1 Type=TN TargetRSRP=-119.237 ServingRSRP=-86.6436 BackhaulDlSnr=-999 BackhaulUlSnr=-999
TRACE HO_SUCCESS Time=102.615 IMSI=46 TargetCell=2 Type=TN TargetRSRP=-120.843 ServingRSRP=-104.098 BackhaulDlSnr=-999 BackhaulUlSnr=-999
TRACE HO_SUCCESS Time=102.615 IMSI=31 TargetCell=2 Type=TN TargetRSRP=-90.8263 ServingRSRP=-101.141 BackhaulDlSnr=-999 BackhaulUlSnr=-999
TRACE HO_SUCCESS Time=102.615 IMSI=12 TargetCell=5 Type=NTN TargetRSRP=-76.3974 ServingRSRP=-104.391 BackhaulDlSnr=-999 BackhaulUlSnr=-999
TRACE HO_SUCCESS Time=102.615 IMSI=21 TargetCell=5 Type=NTN TargetRSRP=-125.166 ServingRSRP=-101.328 BackhaulDlSnr=-999 BackhaulUlSnr=-999
TRACE HO_SUCCESS Time=102.615 IMSI=103 TargetCell=7 Type=NTN TargetRSRP=-118.583 ServingRSRP=-91.8793 BackhaulDlSnr=-999 BackhaulUlSnr=-999
UAV_AUTONOMY_XAPP Time=104.5 DeploymentMode=tn-uav UavIndex=0 UavCellId=5 BestDonorCellId=1 BestDonorDistanceM=869.586 XhaulConnected=1 XhaulChannelVariationDb=0 XhaulState=HEALTHY DonorUnavailableActive=0 SatBackhaulHealthy=0 UavSwitchingXappAvailable=1 UavSwitchingXappState=STANDBY BackhaulMode=TN_DIRECT RicControlState=TN_E2 ActiveUavRic=TN_NEAR_RT_RIC NormalUeHandoverAllowed=1 UavMode=TN_CONTROLLED_COVERAGE_EXTENSION
UAV_AUTONOMY_XAPP Time=104.5 DeploymentMode=tn-uav UavIndex=1 UavCellId=6 BestDonorCellId=3 BestDonorDistanceM=1317.07 XhaulConnected=1 XhaulChannelVariationDb=0 XhaulState=HEALTHY DonorUnavailableActive=0 SatBackhaulHealthy=0 UavSwitchingXappAvailable=1 UavSwitchingXappState=STANDBY BackhaulMode=TN_DIRECT RicControlState=TN_E2 ActiveUavRic=TN_NEAR_RT_RIC NormalUeHandoverAllowed=1 UavMode=TN_CONTROLLED_COVERAGE_EXTENSION
UAV_AUTONOMY_XAPP Time=104.5 DeploymentMode=tn-uav UavIndex=2 UavCellId=7 BestDonorCellId=4 BestDonorDistanceM=1373.03 XhaulConnected=1 XhaulChannelVariationDb=0 XhaulState=HEALTHY DonorUnavailableActive=0 SatBackhaulHealthy=0 UavSwitchingXappAvailable=1 UavSwitchingXappState=STANDBY BackhaulMode=TN_DIRECT RicControlState=TN_E2 ActiveUavRic=TN_NEAR_RT_RIC NormalUeHandoverAllowed=1 UavMode=TN_CONTROLLED_COVERAGE_EXTENSION
---- LOAD at t=104.5 ----
  cell 1 (TN) load=19/20
  cell 2 (TN) load=20/20
  cell 3 (TN) load=17/20
  cell 4 (TN) load=18/20
  cell 5 (NTN) load=8/10
  cell 6 (NTN) load=9/10
  cell 7 (NTN) load=9/10
UE 8 TTT_WAIT target=5 elapsed=0s need=2s
UE 15 TTT_WAIT target=5 elapsed=0s need=2s
UE 16 TTT_WAIT target=7 elapsed=0s need=2s
UE 20 TTT_WAIT target=7 elapsed=0s need=2s
UE 22 TTT_WAIT target=3 elapsed=0s need=2s
LM HO UE=26 rnti=190 1->4 type=TN servingRsrp=-128.689 targetRsrp=-111.262 targetLoadReal=18/20 targetLoadEff=18/20
UE 30 TTT_WAIT target=4 elapsed=0s need=2s
LM HO UE=33 rnti=38 1->4 type=TN servingRsrp=-125.966 targetRsrp=-107.632 targetLoadReal=18/20 targetLoadEff=19/20
UE 34 TTT_WAIT target=1 elapsed=0s need=2s
UE 36 TTT_WAIT target=5 elapsed=0s need=2s
UE 38 TTT_WAIT target=5 elapsed=0s need=2s
LM HO_FAIL_LOW_RSRP UE=40 currCell=1 candCell=6 candRsrp=-123.45 < min=-120
LM HO_FAIL_LOW_RSRP UE=44 currCell=3 candCell=5 candRsrp=-123.933 < min=-120
UE 45 TTT_WAIT target=3 elapsed=0s need=2s
UE 46 TTT_WAIT target=3 elapsed=0s need=2s
LM HO_FAIL_LOW_RSRP UE=48 currCell=1 candCell=7 candRsrp=-120.671 < min=-120
UE 50 TTT_WAIT target=1 elapsed=0s need=2s
UE 51 TTT_WAIT target=5 elapsed=0s need=2s
UE 53 TTT_WAIT target=3 elapsed=0s need=2s
UE 56 TTT_WAIT target=1 elapsed=0s need=2s
LM HO_FAIL_LOW_RSRP UE=57 currCell=4 candCell=7 candRsrp=-130.311 < min=-120
LM HO_FAIL_LOW_RSRP UE=58 currCell=1 candCell=7 candRsrp=-124.077 < min=-120
LM HO_FAIL_LOW_RSRP UE=59 currCell=3 candCell=6 candRsrp=-125.902 < min=-120
UE 60 TTT_WAIT target=3 elapsed=0s need=2s
UE 61 TTT_WAIT target=7 elapsed=0s need=2s
UE 63 TTT_WAIT target=5 elapsed=0s need=2s
LM HO_FAIL_LOW_RSRP UE=65 currCell=2 candCell=7 candRsrp=-134.865 < min=-120
LM HO UE=67 rnti=187 4->7 type=NTN servingRsrp=-114.916 targetRsrp=-91.001 targetLoadReal=9/10 targetLoadEff=9/10
UE 68 TTT_WAIT target=1 elapsed=0s need=2s
UE 70 TTT_WAIT target=1 elapsed=0s need=2s
LM HO_FAIL_LOW_RSRP UE=71 currCell=3 candCell=1 candRsrp=-121.657 < min=-120
LM HO_FAIL_LOW_RSRP UE=72 currCell=4 candCell=5 candRsrp=-127.413 < min=-120
UE 76 TTT_WAIT target=1 elapsed=0s need=2s
UE 77 TTT_WAIT target=3 elapsed=0s need=2s
UE 78 TTT_WAIT target=1 elapsed=0s need=2s
UE 80 TTT_WAIT target=1 elapsed=0s need=2s
LM HO_FAIL_LOW_RSRP UE=82 currCell=1 candCell=6 candRsrp=-124.172 < min=-120
LM HO_FAIL_LOW_RSRP UE=84 currCell=2 candCell=5 candRsrp=-129.431 < min=-120
UE 86 TTT_WAIT target=1 elapsed=0s need=2s
UE 88 TTT_WAIT target=3 elapsed=0s need=2s
UE 89 TTT_WAIT target=1 elapsed=0s need=2s
LM HO_FAIL_LOW_RSRP UE=90 currCell=2 candCell=1 candRsrp=-125.321 < min=-120
LM HO_FAIL_LOW_RSRP UE=91 currCell=1 candCell=5 candRsrp=-145.616 < min=-120
UE 92 TTT_WAIT target=1 elapsed=0s need=2s
UE 93 TTT_WAIT target=3 elapsed=0s need=2s
LM HO_FAIL_LOW_RSRP UE=95 currCell=3 candCell=5 candRsrp=-136.315 < min=-120
LM HO_FAIL_LOW_RSRP UE=97 currCell=2 candCell=5 candRsrp=-129.099 < min=-120
UE 101 TTT_WAIT target=1 elapsed=0s need=2s
LM HO_FAIL_LOW_RSRP UE=105 currCell=2 candCell=6 candRsrp=-135.742 < min=-120
UE 107 TTT_WAIT target=1 elapsed=0s need=2s
TRACE HO_SUCCESS Time=104.615 IMSI=32 TargetCell=4 Type=TN TargetRSRP=-127.462 ServingRSRP=-104.664 BackhaulDlSnr=-999 BackhaulUlSnr=-999
TRACE HO_SUCCESS Time=104.615 IMSI=25 TargetCell=4 Type=TN TargetRSRP=-91.6577 ServingRSRP=-91.4471 BackhaulDlSnr=-999 BackhaulUlSnr=-999
TRACE HO_SUCCESS Time=104.615 IMSI=66 TargetCell=7 Type=NTN TargetRSRP=-111.031 ServingRSRP=-88.8365 BackhaulDlSnr=-999 BackhaulUlSnr=-999
UAV_AUTONOMY_XAPP Time=106.5 DeploymentMode=tn-uav UavIndex=0 UavCellId=5 BestDonorCellId=1 BestDonorDistanceM=872.107 XhaulConnected=1 XhaulChannelVariationDb=0 XhaulState=HEALTHY DonorUnavailableActive=0 SatBackhaulHealthy=0 UavSwitchingXappAvailable=1 UavSwitchingXappState=STANDBY BackhaulMode=TN_DIRECT RicControlState=TN_E2 ActiveUavRic=TN_NEAR_RT_RIC NormalUeHandoverAllowed=1 UavMode=TN_CONTROLLED_COVERAGE_EXTENSION
UAV_AUTONOMY_XAPP Time=106.5 DeploymentMode=tn-uav UavIndex=1 UavCellId=6 BestDonorCellId=3 BestDonorDistanceM=1311.21 XhaulConnected=1 XhaulChannelVariationDb=0 XhaulState=HEALTHY DonorUnavailableActive=0 SatBackhaulHealthy=0 UavSwitchingXappAvailable=1 UavSwitchingXappState=STANDBY BackhaulMode=TN_DIRECT RicControlState=TN_E2 ActiveUavRic=TN_NEAR_RT_RIC NormalUeHandoverAllowed=1 UavMode=TN_CONTROLLED_COVERAGE_EXTENSION
UAV_AUTONOMY_XAPP Time=106.5 DeploymentMode=tn-uav UavIndex=2 UavCellId=7 BestDonorCellId=4 BestDonorDistanceM=1369.49 XhaulConnected=1 XhaulChannelVariationDb=0 XhaulState=HEALTHY DonorUnavailableActive=0 SatBackhaulHealthy=0 UavSwitchingXappAvailable=1 UavSwitchingXappState=STANDBY BackhaulMode=TN_DIRECT RicControlState=TN_E2 ActiveUavRic=TN_NEAR_RT_RIC NormalUeHandoverAllowed=1 UavMode=TN_CONTROLLED_COVERAGE_EXTENSION
---- LOAD at t=106.5 ----
  cell 1 (TN) load=17/20
  cell 2 (TN) load=20/20
  cell 3 (TN) load=17/20
  cell 4 (TN) load=19/20
  cell 5 (NTN) load=8/10
  cell 6 (NTN) load=9/10
  cell 7 (NTN) load=10/10
UE 13 TTT_WAIT target=1 elapsed=0s need=2s
UE 15 TTT_WAIT target=3 elapsed=0s need=2s
UE 16 TTT_WAIT target=4 elapsed=0s need=2s
UE 22 TTT_WAIT target=4 elapsed=0s need=2s
UE 23 TTT_WAIT target=4 elapsed=0s need=2s
UE 26 TTT_WAIT target=3 elapsed=0s need=2s
LM HO_FAIL_LOW_RSRP UE=27 currCell=2 candCell=5 candRsrp=-126.668 < min=-120
UE 30 TTT_WAIT target=3 elapsed=0s need=2s
UE 32 TTT_WAIT target=1 elapsed=0s need=2s
UE 33 TTT_WAIT target=1 elapsed=0s need=2s
LM HO UE=34 rnti=81 5->1 type=TN servingRsrp=-109.839 targetRsrp=-92.1062 targetLoadReal=17/20 targetLoadEff=17/20
LM HO UE=36 rnti=194 1->5 type=NTN servingRsrp=-128.449 targetRsrp=-104.568 targetLoadReal=8/10 targetLoadEff=8/10
LM HO_FAIL_LOW_RSRP UE=37 currCell=3 candCell=6 candRsrp=-123.547 < min=-120
UE 41 TTT_WAIT target=1 elapsed=0s need=2s
LM HO UE=46 rnti=197 4->3 type=TN servingRsrp=-121.841 targetRsrp=-104.723 targetLoadReal=17/20 targetLoadEff=17/20
UE 47 TTT_WAIT target=4 elapsed=0s need=2s
LM HO_FAIL_LOW_RSRP UE=48 currCell=1 candCell=4 candRsrp=-120.056 < min=-120
LM HO UE=50 rnti=99 5->1 type=TN servingRsrp=-108.343 targetRsrp=-91.5882 targetLoadReal=17/20 targetLoadEff=18/20
LM HO UE=51 rnti=193 1->5 type=NTN servingRsrp=-125.31 targetRsrp=-96.4963 targetLoadReal=8/10 targetLoadEff=9/10
UE 52 TTT_WAIT target=4 elapsed=0s need=2s
LM HO_FAIL_LOW_RSRP UE=53 currCell=4 candCell=6 candRsrp=-147.449 < min=-120
LM HO UE=56 rnti=102 5->1 type=TN servingRsrp=-116.255 targetRsrp=-104.965 targetLoadReal=17/20 targetLoadEff=19/20
UE 57 TTT_WAIT target=6 elapsed=0s need=2s
UE 65 TTT_WAIT target=4 elapsed=0s need=2s
UE 67 TTT_WAIT target=4 elapsed=0s need=2s
LM HO_FAIL_LOW_RSRP UE=71 currCell=3 candCell=4 candRsrp=-136.339 < min=-120
LM HO_FAIL_LOW_RSRP UE=72 currCell=4 candCell=6 candRsrp=-125 < min=-120
UE 76 TTT_WAIT target=6 elapsed=0s need=2s
LM HO UE=77 rnti=75 6->3 type=TN servingRsrp=-122.027 targetRsrp=-108.965 targetLoadReal=17/20 targetLoadEff=18/20
LM HO_FAIL_LOW_RSRP UE=78 currCell=4 candCell=6 candRsrp=-158.056 < min=-120
UE 79 TTT_WAIT target=6 elapsed=0s need=2s
LM HO_FAIL_LOW_RSRP UE=84 currCell=2 candCell=6 candRsrp=-144.027 < min=-120
LM HO UE=88 rnti=185 1->3 type=TN servingRsrp=-123.175 targetRsrp=-111.204 targetLoadReal=17/20 targetLoadEff=19/20
LM HO_FAIL_LOW_RSRP UE=89 currCell=2 candCell=6 candRsrp=-150.298 < min=-120
LM HO_FAIL_LOW_RSRP UE=91 currCell=1 candCell=4 candRsrp=-129.01 < min=-120
LM HO_FAIL_LOW_RSRP UE=92 currCell=2 candCell=4 candRsrp=-130.289 < min=-120
UE 93 TTT_WAIT target=4 elapsed=0s need=2s
UE 95 TTT_WAIT target=4 elapsed=0s need=2s
UE 96 TTT_WAIT target=4 elapsed=0s need=2s
LM HO_FAIL_LOW_RSRP UE=97 currCell=2 candCell=6 candRsrp=-142.854 < min=-120
UE 102 TTT_WAIT target=4 elapsed=0s need=2s
UE 104 TTT_WAIT target=4 elapsed=0s need=2s
UE 105 TTT_WAIT target=4 elapsed=0s need=2s
UE 106 TTT_WAIT target=4 elapsed=0s need=2s
UE 107 TTT_WAIT target=4 elapsed=0s need=2s
TRACE HO_SUCCESS Time=106.615 IMSI=55 TargetCell=1 Type=TN TargetRSRP=-108.888 ServingRSRP=-88.3861 BackhaulDlSnr=-999 BackhaulUlSnr=-999
TRACE HO_SUCCESS Time=106.615 IMSI=49 TargetCell=1 Type=TN TargetRSRP=-126.75 ServingRSRP=-106.549 BackhaulDlSnr=-999 BackhaulUlSnr=-999
TRACE HO_SUCCESS Time=106.615 IMSI=33 TargetCell=1 Type=TN TargetRSRP=-99.1467 ServingRSRP=-85.3659 BackhaulDlSnr=-999 BackhaulUlSnr=-999
TRACE HO_SUCCESS Time=106.615 IMSI=87 TargetCell=3 Type=TN TargetRSRP=-122.842 ServingRSRP=-99.7432 BackhaulDlSnr=-999 BackhaulUlSnr=-999
TRACE HO_SUCCESS Time=106.615 IMSI=45 TargetCell=3 Type=TN TargetRSRP=-129.624 ServingRSRP=-107.898 BackhaulDlSnr=-999 BackhaulUlSnr=-999
TRACE HO_SUCCESS Time=106.615 IMSI=76 TargetCell=3 Type=TN TargetRSRP=-94.3649 ServingRSRP=-84.2434 BackhaulDlSnr=-999 BackhaulUlSnr=-999
TRACE HO_SUCCESS Time=106.615 IMSI=50 TargetCell=5 Type=NTN TargetRSRP=-130.58 ServingRSRP=-114.692 BackhaulDlSnr=-999 BackhaulUlSnr=-999
TRACE HO_SUCCESS Time=106.615 IMSI=35 TargetCell=5 Type=NTN TargetRSRP=-88.3586 ServingRSRP=-76.5572 BackhaulDlSnr=-999 BackhaulUlSnr=-999
UAV_AUTONOMY_XAPP Time=108.5 DeploymentMode=tn-uav UavIndex=0 UavCellId=5 BestDonorCellId=1 BestDonorDistanceM=882.516 XhaulConnected=1 XhaulChannelVariationDb=0 XhaulState=HEALTHY DonorUnavailableActive=0 SatBackhaulHealthy=0 UavSwitchingXappAvailable=1 UavSwitchingXappState=STANDBY BackhaulMode=TN_DIRECT RicControlState=TN_E2 ActiveUavRic=TN_NEAR_RT_RIC NormalUeHandoverAllowed=1 UavMode=TN_CONTROLLED_COVERAGE_EXTENSION
UAV_AUTONOMY_XAPP Time=108.5 DeploymentMode=tn-uav UavIndex=1 UavCellId=6 BestDonorCellId=3 BestDonorDistanceM=1307.98 XhaulConnected=1 XhaulChannelVariationDb=0 XhaulState=HEALTHY DonorUnavailableActive=0 SatBackhaulHealthy=0 UavSwitchingXappAvailable=1 UavSwitchingXappState=STANDBY BackhaulMode=TN_DIRECT RicControlState=TN_E2 ActiveUavRic=TN_NEAR_RT_RIC NormalUeHandoverAllowed=1 UavMode=TN_CONTROLLED_COVERAGE_EXTENSION
UAV_AUTONOMY_XAPP Time=108.5 DeploymentMode=tn-uav UavIndex=2 UavCellId=7 BestDonorCellId=4 BestDonorDistanceM=1369.49 XhaulConnected=1 XhaulChannelVariationDb=0 XhaulState=HEALTHY DonorUnavailableActive=0 SatBackhaulHealthy=0 UavSwitchingXappAvailable=1 UavSwitchingXappState=STANDBY BackhaulMode=TN_DIRECT RicControlState=TN_E2 ActiveUavRic=TN_NEAR_RT_RIC NormalUeHandoverAllowed=1 UavMode=TN_CONTROLLED_COVERAGE_EXTENSION
---- LOAD at t=108.5 ----
  cell 1 (TN) load=17/20
  cell 2 (TN) load=20/20
  cell 3 (TN) load=20/20
  cell 4 (TN) load=18/20
  cell 5 (NTN) load=7/10
  cell 6 (NTN) load=8/10
  cell 7 (NTN) load=10/10
UE 12 TTT_WAIT target=1 elapsed=0s need=2s
UE 17 TTT_WAIT target=4 elapsed=0s need=2s
UE 20 TTT_WAIT target=1 elapsed=0s need=2s
LM HO UE=23 rnti=107 7->4 type=TN servingRsrp=-117.215 targetRsrp=-109.629 targetLoadReal=18/20 targetLoadEff=18/20
UE 26 TTT_WAIT target=5 elapsed=0s need=2s
LM HO_FAIL_LOW_RSRP UE=27 currCell=2 candCell=6 candRsrp=-122.644 < min=-120
UE 30 TTT_WAIT target=4 elapsed=0s need=2s
LM HO UE=32 rnti=177 2->1 type=TN servingRsrp=-122.075 targetRsrp=-97.1476 targetLoadReal=17/20 targetLoadEff=17/20
LM HO UE=33 rnti=201 4->1 type=TN servingRsrp=-125.928 targetRsrp=-119.324 targetLoadReal=17/20 targetLoadEff=18/20
UE 34 TTT_WAIT target=5 elapsed=0s need=2s
UE 40 TTT_WAIT target=4 elapsed=0s need=2s
LM HO_FAIL_LOW_RSRP UE=41 currCell=4 candCell=6 candRsrp=-130.504 < min=-120
LM HO_FAIL_LOW_RSRP UE=44 currCell=3 candCell=5 candRsrp=-122.7 < min=-120
UE 46 TTT_WAIT target=1 elapsed=0s need=2s
LM HO UE=47 rnti=178 2->4 type=TN servingRsrp=-122.261 targetRsrp=-111.376 targetLoadReal=18/20 targetLoadEff=19/20
LM HO_FAIL_LOW_RSRP UE=48 currCell=1 candCell=5 candRsrp=-120.557 < min=-120
UE 50 TTT_WAIT target=5 elapsed=0s need=2s
UE 51 TTT_WAIT target=1 elapsed=0s need=2s
UE 57 TTT_WAIT target=1 elapsed=0s need=2s
LM HO_FAIL_LOW_RSRP UE=59 currCell=3 candCell=5 candRsrp=-129.064 < min=-120
UE 60 TTT_WAIT target=5 elapsed=0s need=2s
UE 61 TTT_WAIT target=5 elapsed=0s need=2s
UE 65 TTT_WAIT target=1 elapsed=0s need=2s
LM HO_FAIL_LOW_RSRP UE=68 currCell=6 candCell=5 candRsrp=-121.327 < min=-120
UE 70 TTT_WAIT target=5 elapsed=0s need=2s
UE 71 TTT_WAIT target=1 elapsed=0s need=2s
LM HO_FAIL_LOW_RSRP UE=78 currCell=4 candCell=5 candRsrp=-142.502 < min=-120
UE 84 TTT_WAIT target=1 elapsed=0s need=2s
UE 86 TTT_WAIT target=1 elapsed=0s need=2s
LM HO_FAIL_LOW_RSRP UE=88 currCell=3 candCell=1 candRsrp=-124.249 < min=-120
UE 89 TTT_WAIT target=1 elapsed=0s need=2s
UE 91 TTT_WAIT target=5 elapsed=0s need=2s
LM HO_FAIL_LOW_RSRP UE=92 currCell=2 candCell=1 candRsrp=-137.424 < min=-120
UE 93 TTT_WAIT target=5 elapsed=0s need=2s
LM HO_FAIL_LOW_RSRP UE=95 currCell=3 candCell=5 candRsrp=-132.605 < min=-120
UE 96 TTT_WAIT target=5 elapsed=0s need=2s
UE 103 TTT_WAIT target=5 elapsed=0s need=2s
UE 105 TTT_WAIT target=1 elapsed=0s need=2s
UE 106 TTT_WAIT target=5 elapsed=0s need=2s
TRACE HO_SUCCESS Time=108.615 IMSI=31 TargetCell=1 Type=TN TargetRSRP=-83.8192 ServingRSRP=-112.887 BackhaulDlSnr=-999 BackhaulUlSnr=-999
TRACE HO_SUCCESS Time=108.615 IMSI=32 TargetCell=1 Type=TN TargetRSRP=-138.207 ServingRSRP=-99.9017 BackhaulDlSnr=-999 BackhaulUlSnr=-999
TRACE HO_SUCCESS Time=108.615 IMSI=46 TargetCell=4 Type=TN TargetRSRP=-131.336 ServingRSRP=-89.9925 BackhaulDlSnr=-999 BackhaulUlSnr=-999
TRACE HO_SUCCESS Time=108.615 IMSI=22 TargetCell=4 Type=TN TargetRSRP=-89.4212 ServingRSRP=-94.8218 BackhaulDlSnr=-999 BackhaulUlSnr=-999
UAV_AUTONOMY_XAPP Time=110.5 DeploymentMode=tn-uav UavIndex=0 UavCellId=5 BestDonorCellId=1 BestDonorDistanceM=893.626 XhaulConnected=1 XhaulChannelVariationDb=0 XhaulState=HEALTHY DonorUnavailableActive=0 SatBackhaulHealthy=0 UavSwitchingXappAvailable=1 UavSwitchingXappState=STANDBY BackhaulMode=TN_DIRECT RicControlState=TN_E2 ActiveUavRic=TN_NEAR_RT_RIC NormalUeHandoverAllowed=1 UavMode=TN_CONTROLLED_COVERAGE_EXTENSION
UAV_AUTONOMY_XAPP Time=110.5 DeploymentMode=tn-uav UavIndex=1 UavCellId=6 BestDonorCellId=3 BestDonorDistanceM=1306.86 XhaulConnected=1 XhaulChannelVariationDb=0 XhaulState=HEALTHY DonorUnavailableActive=0 SatBackhaulHealthy=0 UavSwitchingXappAvailable=1 UavSwitchingXappState=STANDBY BackhaulMode=TN_DIRECT RicControlState=TN_E2 ActiveUavRic=TN_NEAR_RT_RIC NormalUeHandoverAllowed=1 UavMode=TN_CONTROLLED_COVERAGE_EXTENSION
UAV_AUTONOMY_XAPP Time=110.5 DeploymentMode=tn-uav UavIndex=2 UavCellId=7 BestDonorCellId=4 BestDonorDistanceM=1353.64 XhaulConnected=1 XhaulChannelVariationDb=0 XhaulState=HEALTHY DonorUnavailableActive=0 SatBackhaulHealthy=0 UavSwitchingXappAvailable=1 UavSwitchingXappState=STANDBY BackhaulMode=TN_DIRECT RicControlState=TN_E2 ActiveUavRic=TN_NEAR_RT_RIC NormalUeHandoverAllowed=1 UavMode=TN_CONTROLLED_COVERAGE_EXTENSION
---- LOAD at t=110.5 ----
  cell 1 (TN) load=19/20
  cell 2 (TN) load=18/20
  cell 3 (TN) load=20/20
  cell 4 (TN) load=19/20
  cell 5 (NTN) load=7/10
  cell 6 (NTN) load=8/10
  cell 7 (NTN) load=9/10
UE 13 TTT_WAIT target=2 elapsed=0s need=2s
UE 16 TTT_WAIT target=5 elapsed=0s need=2s
LM HO UE=17 rnti=93 7->4 type=TN servingRsrp=-114.913 targetRsrp=-108.775 targetLoadReal=19/20 targetLoadEff=19/20
LM HO UE=20 rnti=193 4->1 type=TN servingRsrp=-111.563 targetRsrp=-100.761 targetLoadReal=19/20 targetLoadEff=19/20
UE 24 TTT_WAIT target=2 elapsed=0s need=2s
UE 26 TTT_WAIT target=2 elapsed=0s need=2s
UE 27 TTT_WAIT target=5 elapsed=0s need=2s
UE 30 TTT_WAIT target=5 elapsed=0s need=2s
UE 31 TTT_WAIT target=2 elapsed=0s need=2s
UE 32 TTT_WAIT target=2 elapsed=0s need=2s
UE 33 TTT_WAIT target=7 elapsed=0s need=2s
UE 40 TTT_WAIT target=2 elapsed=0s need=2s
UE 44 TTT_WAIT target=5 elapsed=0s need=2s
UE 45 TTT_WAIT target=5 elapsed=0s need=2s
UE 46 TTT_WAIT target=2 elapsed=0s need=2s
UE 47 TTT_WAIT target=2 elapsed=0s need=2s
LM HO_FAIL_LOW_RSRP UE=48 currCell=1 candCell=7 candRsrp=-123.544 < min=-120
LM HO_FAIL_LOW_RSRP UE=50 currCell=1 candCell=5 candRsrp=-126.479 < min=-120
UE 52 TTT_WAIT target=2 elapsed=0s need=2s
UE 54 TTT_WAIT target=2 elapsed=0s need=2s
UE 56 TTT_WAIT target=5 elapsed=0s need=2s
UE 58 TTT_WAIT target=6 elapsed=0s need=2s
UE 59 TTT_WAIT target=2 elapsed=0s need=2s
LM HO_FAIL_LOW_RSRP UE=60 currCell=2 candCell=5 candRsrp=-123.566 < min=-120
UE 62 TTT_WAIT target=6 elapsed=0s need=2s
LM HO_FAIL_LOW_RSRP UE=65 currCell=2 candCell=7 candRsrp=-133.191 < min=-120
UE 66 TTT_WAIT target=7 elapsed=0s need=2s
UE 69 TTT_WAIT target=2 elapsed=0s need=2s
UE 71 TTT_WAIT target=6 elapsed=0s need=2s
UE 72 TTT_WAIT target=6 elapsed=0s need=2s
LM HO_FAIL_LOW_RSRP UE=75 currCell=3 candCell=7 candRsrp=-124.892 < min=-120
LM HO_FAIL_LOW_RSRP UE=78 currCell=4 candCell=7 candRsrp=-125.115 < min=-120
UE 79 TTT_WAIT target=2 elapsed=0s need=2s
UE 86 TTT_WAIT target=5 elapsed=0s need=2s
UE 87 TTT_WAIT target=2 elapsed=0s need=2s
UE 88 TTT_WAIT target=2 elapsed=0s need=2s
LM HO_FAIL_LOW_RSRP UE=89 currCell=2 candCell=7 candRsrp=-125.062 < min=-120
UE 90 TTT_WAIT target=7 elapsed=0s need=2s
LM HO UE=91 rnti=188 1->5 type=NTN servingRsrp=-129.583 targetRsrp=-117.602 targetLoadReal=7/10 targetLoadEff=7/10
UE 92 TTT_WAIT target=5 elapsed=0s need=2s
UE 93 TTT_WAIT target=2 elapsed=0s need=2s
UE 95 TTT_WAIT target=7 elapsed=0s need=2s
LM HO_FAIL_LOW_RSRP UE=96 currCell=2 candCell=7 candRsrp=-133.709 < min=-120
UE 102 TTT_WAIT target=6 elapsed=0s need=2s
LM HO_FAIL_LOW_RSRP UE=105 currCell=2 candCell=7 candRsrp=-135.83 < min=-120
UE 107 TTT_WAIT target=7 elapsed=0s need=2s
TRACE HO_SUCCESS Time=110.615 IMSI=19 TargetCell=1 Type=TN TargetRSRP=-132.633 ServingRSRP=-90.2574 BackhaulDlSnr=-999 BackhaulUlSnr=-999
TRACE HO_SUCCESS Time=110.615 IMSI=16 TargetCell=4 Type=TN TargetRSRP=-119.288 ServingRSRP=-95.5713 BackhaulDlSnr=-999 BackhaulUlSnr=-999
TRACE HO_SUCCESS Time=110.615 IMSI=90 TargetCell=5 Type=NTN TargetRSRP=-138.1 ServingRSRP=-108.104 BackhaulDlSnr=-999 BackhaulUlSnr=-999
UAV_AUTONOMY_XAPP Time=112.5 DeploymentMode=tn-uav UavIndex=0 UavCellId=5 BestDonorCellId=1 BestDonorDistanceM=910.671 XhaulConnected=1 XhaulChannelVariationDb=0 XhaulState=HEALTHY DonorUnavailableActive=0 SatBackhaulHealthy=0 UavSwitchingXappAvailable=1 UavSwitchingXappState=STANDBY BackhaulMode=TN_DIRECT RicControlState=TN_E2 ActiveUavRic=TN_NEAR_RT_RIC NormalUeHandoverAllowed=1 UavMode=TN_CONTROLLED_COVERAGE_EXTENSION
UAV_AUTONOMY_XAPP Time=112.5 DeploymentMode=tn-uav UavIndex=1 UavCellId=6 BestDonorCellId=3 BestDonorDistanceM=1305.57 XhaulConnected=1 XhaulChannelVariationDb=0 XhaulState=HEALTHY DonorUnavailableActive=0 SatBackhaulHealthy=0 UavSwitchingXappAvailable=1 UavSwitchingXappState=STANDBY BackhaulMode=TN_DIRECT RicControlState=TN_E2 ActiveUavRic=TN_NEAR_RT_RIC NormalUeHandoverAllowed=1 UavMode=TN_CONTROLLED_COVERAGE_EXTENSION
UAV_AUTONOMY_XAPP Time=112.5 DeploymentMode=tn-uav UavIndex=2 UavCellId=7 BestDonorCellId=4 BestDonorDistanceM=1352.79 XhaulConnected=1 XhaulChannelVariationDb=0 XhaulState=HEALTHY DonorUnavailableActive=0 SatBackhaulHealthy=0 UavSwitchingXappAvailable=1 UavSwitchingXappState=STANDBY BackhaulMode=TN_DIRECT RicControlState=TN_E2 ActiveUavRic=TN_NEAR_RT_RIC NormalUeHandoverAllowed=1 UavMode=TN_CONTROLLED_COVERAGE_EXTENSION
---- LOAD at t=112.5 ----
  cell 1 (TN) load=19/20
  cell 2 (TN) load=18/20
  cell 3 (TN) load=20/20
  cell 4 (TN) load=19/20
  cell 5 (NTN) load=8/10
  cell 6 (NTN) load=8/10
  cell 7 (NTN) load=8/10
UE 12 TTT_WAIT target=6 elapsed=0s need=2s
LM HO UE=13 rnti=107 5->2 type=TN servingRsrp=-112.078 targetRsrp=-92.7524 targetLoadReal=18/20 targetLoadEff=18/20
UE 16 TTT_WAIT target=4 elapsed=0s need=2s
UE 17 TTT_WAIT target=1 elapsed=0s need=2s
UE 18 TTT_WAIT target=2 elapsed=0s need=2s
UE 20 TTT_WAIT target=4 elapsed=0s need=2s
UE 26 TTT_WAIT target=5 elapsed=0s need=2s
LM HO_FAIL_LOW_RSRP UE=27 currCell=2 candCell=5 candRsrp=-125.845 < min=-120
UE 29 TTT_WAIT target=1 elapsed=0s need=2s
UE 30 TTT_WAIT target=2 elapsed=0s need=2s
UE 31 TTT_WAIT target=1 elapsed=0s need=2s
LM HO UE=32 rnti=199 1->2 type=TN servingRsrp=-118.021 targetRsrp=-91.4444 targetLoadReal=18/20 targetLoadEff=19/20
UE 33 TTT_WAIT target=5 elapsed=0s need=2s
UE 34 TTT_WAIT target=5 elapsed=0s need=2s
UE 43 TTT_WAIT target=6 elapsed=0s need=2s
UE 44 TTT_WAIT target=7 elapsed=0s need=2s
UE 45 TTT_WAIT target=4 elapsed=0s need=2s
UE 47 TTT_WAIT target=1 elapsed=0s need=2s
UE 48 TTT_WAIT target=4 elapsed=0s need=2s
UE 50 TTT_WAIT target=4 elapsed=0s need=2s
UE 52 TTT_WAIT target=5 elapsed=0s need=2s
UE 53 TTT_WAIT target=1 elapsed=0s need=2s
UE 54 TTT_WAIT target=1 elapsed=0s need=2s
LM HO_FAIL_LOW_RSRP UE=58 currCell=1 candCell=7 candRsrp=-132.051 < min=-120
LM HO_FAIL_LOW_RSRP UE=59 currCell=3 candCell=7 candRsrp=-128.217 < min=-120
LM HO_FAIL_LOW_RSRP UE=60 currCell=2 candCell=5 candRsrp=-126.04 < min=-120
LM HO UE=62 rnti=162 3->6 type=NTN servingRsrp=-110.499 targetRsrp=-118.414 targetLoadReal=8/10 targetLoadEff=8/10
LM HO_FAIL_LOW_RSRP UE=65 currCell=2 candCell=5 candRsrp=-134.72 < min=-120
UE 67 TTT_WAIT target=1 elapsed=0s need=2s
LM HO_FAIL_LOW_RSRP UE=70 currCell=2 candCell=5 candRsrp=-125.656 < min=-120
UE 71 TTT_WAIT target=1 elapsed=0s need=2s
UE 72 TTT_WAIT target=7 elapsed=0s need=2s
UE 77 TTT_WAIT target=5 elapsed=0s need=2s
UE 78 TTT_WAIT target=1 elapsed=0s need=2s
LM HO_FAIL_LOW_RSRP UE=79 currCell=5 candCell=7 candRsrp=-133.143 < min=-120
UE 80 TTT_WAIT target=4 elapsed=0s need=2s
UE 81 TTT_WAIT target=4 elapsed=0s need=2s
UE 84 TTT_WAIT target=1 elapsed=0s need=2s
UE 86 TTT_WAIT target=6 elapsed=0s need=2s
LM HO_FAIL_LOW_RSRP UE=88 currCell=3 candCell=1 candRsrp=-125.569 < min=-120
UE 89 TTT_WAIT target=4 elapsed=0s need=2s
UE 91 TTT_WAIT target=7 elapsed=0s need=2s
UE 92 TTT_WAIT target=7 elapsed=0s need=2s
UE 93 TTT_WAIT target=4 elapsed=0s need=2s
UE 95 TTT_WAIT target=4 elapsed=0s need=2s
UE 96 TTT_WAIT target=1 elapsed=0s need=2s
UE 97 TTT_WAIT target=1 elapsed=0s need=2s
UE 98 TTT_WAIT target=7 elapsed=0s need=2s
UE 99 TTT_WAIT target=4 elapsed=0s need=2s
UE 100 TTT_WAIT target=5 elapsed=0s need=2s
UE 101 TTT_WAIT target=4 elapsed=0s need=2s
LM HO UE=102 rnti=163 3->6 type=NTN servingRsrp=-107.198 targetRsrp=-78.6077 targetLoadReal=8/10 targetLoadEff=9/10
UE 104 TTT_WAIT target=1 elapsed=0s need=2s
TRACE HO_SUCCESS Time=112.615 IMSI=31 TargetCell=2 Type=TN TargetRSRP=-93.3927 ServingRSRP=-94.5218 BackhaulDlSnr=-999 BackhaulUlSnr=-999
TRACE HO_SUCCESS Time=112.615 IMSI=12 TargetCell=2 Type=TN TargetRSRP=-113.729 ServingRSRP=-77.1681 BackhaulDlSnr=-999 BackhaulUlSnr=-999
TRACE HO_SUCCESS Time=112.615 IMSI=61 TargetCell=6 Type=NTN TargetRSRP=-122.325 ServingRSRP=-75.314 BackhaulDlSnr=-999 BackhaulUlSnr=-999
TRACE HO_SUCCESS Time=112.615 IMSI=101 TargetCell=6 Type=NTN TargetRSRP=-80.8269 ServingRSRP=-85.7386 BackhaulDlSnr=-999 BackhaulUlSnr=-999
UAV_AUTONOMY_XAPP Time=114.5 DeploymentMode=tn-uav UavIndex=0 UavCellId=5 BestDonorCellId=1 BestDonorDistanceM=925.962 XhaulConnected=1 XhaulChannelVariationDb=0 XhaulState=HEALTHY DonorUnavailableActive=0 SatBackhaulHealthy=0 UavSwitchingXappAvailable=1 UavSwitchingXappState=STANDBY BackhaulMode=TN_DIRECT RicControlState=TN_E2 ActiveUavRic=TN_NEAR_RT_RIC NormalUeHandoverAllowed=1 UavMode=TN_CONTROLLED_COVERAGE_EXTENSION
UAV_AUTONOMY_XAPP Time=114.5 DeploymentMode=tn-uav UavIndex=1 UavCellId=6 BestDonorCellId=3 BestDonorDistanceM=1305.3 XhaulConnected=1 XhaulChannelVariationDb=0 XhaulState=HEALTHY DonorUnavailableActive=0 SatBackhaulHealthy=0 UavSwitchingXappAvailable=1 UavSwitchingXappState=STANDBY BackhaulMode=TN_DIRECT RicControlState=TN_E2 ActiveUavRic=TN_NEAR_RT_RIC NormalUeHandoverAllowed=1 UavMode=TN_CONTROLLED_COVERAGE_EXTENSION
UAV_AUTONOMY_XAPP Time=114.5 DeploymentMode=tn-uav UavIndex=2 UavCellId=7 BestDonorCellId=4 BestDonorDistanceM=1354.97 XhaulConnected=1 XhaulChannelVariationDb=0 XhaulState=HEALTHY DonorUnavailableActive=0 SatBackhaulHealthy=0 UavSwitchingXappAvailable=1 UavSwitchingXappState=STANDBY BackhaulMode=TN_DIRECT RicControlState=TN_E2 ActiveUavRic=TN_NEAR_RT_RIC NormalUeHandoverAllowed=1 UavMode=TN_CONTROLLED_COVERAGE_EXTENSION
---- LOAD at t=114.5 ----
  cell 1 (TN) load=18/20
  cell 2 (TN) load=20/20
  cell 3 (TN) load=18/20
  cell 4 (TN) load=19/20
  cell 5 (NTN) load=7/10
  cell 6 (NTN) load=10/10
  cell 7 (NTN) load=8/10
UE 13 TTT_WAIT target=1 elapsed=0s need=2s
UE 15 TTT_WAIT target=7 elapsed=0s need=2s
LM HO_FAIL_LOW_RSRP UE=17 currCell=4 candCell=5 candRsrp=-122.133 < min=-120
LM HO UE=20 rnti=201 1->4 type=TN servingRsrp=-118.863 targetRsrp=-115.603 targetLoadReal=19/20 targetLoadEff=19/20
UE 27 TTT_WAIT target=3 elapsed=0s need=2s
LM HO_FAIL_LOW_RSRP UE=30 currCell=1 candCell=3 candRsrp=-123.142 < min=-120
UE 33 TTT_WAIT target=7 elapsed=0s need=2s
LM HO UE=34 rnti=196 1->5 type=NTN servingRsrp=-114.021 targetRsrp=-93.1651 targetLoadReal=7/10 targetLoadEff=7/10
UE 36 TTT_WAIT target=1 elapsed=0s need=2s
UE 40 TTT_WAIT target=7 elapsed=0s need=2s
UE 41 TTT_WAIT target=5 elapsed=0s need=2s
LM HO_FAIL_LOW_RSRP UE=44 currCell=3 candCell=5 candRsrp=-120.719 < min=-120
UE 45 TTT_WAIT target=3 elapsed=0s need=2s
UE 46 TTT_WAIT target=1 elapsed=0s need=2s
UE 47 TTT_WAIT target=5 elapsed=0s need=2s
UE 48 TTT_WAIT target=7 elapsed=0s need=2s
UE 50 TTT_WAIT target=3 elapsed=0s need=2s
UE 58 TTT_WAIT target=7 elapsed=0s need=2s
UE 60 TTT_WAIT target=3 elapsed=0s need=2s
UE 62 TTT_WAIT target=3 elapsed=0s need=2s
LM HO_FAIL_LOW_RSRP UE=63 currCell=2 candCell=5 candRsrp=-135.4 < min=-120
UE 68 TTT_WAIT target=3 elapsed=0s need=2s
LM HO UE=71 rnti=164 3->1 type=TN servingRsrp=-117.883 targetRsrp=-82.5499 targetLoadReal=18/20 targetLoadEff=18/20
UE 78 TTT_WAIT target=7 elapsed=0s need=2s
UE 80 TTT_WAIT target=1 elapsed=0s need=2s
LM HO_FAIL_LOW_RSRP UE=82 currCell=1 candCell=5 candRsrp=-125.946 < min=-120
LM HO_FAIL_LOW_RSRP UE=84 currCell=2 candCell=5 candRsrp=-129.155 < min=-120
UE 88 TTT_WAIT target=1 elapsed=0s need=2s
UE 89 TTT_WAIT target=1 elapsed=0s need=2s
UE 90 TTT_WAIT target=3 elapsed=0s need=2s
LM HO_FAIL_LOW_RSRP UE=91 currCell=5 candCell=7 candRsrp=-127.612 < min=-120
UE 92 TTT_WAIT target=3 elapsed=0s need=2s
LM HO_FAIL_LOW_RSRP UE=95 currCell=3 candCell=5 candRsrp=-136.862 < min=-120
UE 96 TTT_WAIT target=7 elapsed=0s need=2s
UE 97 TTT_WAIT target=3 elapsed=0s need=2s
LM HO_FAIL_LOW_RSRP UE=103 currCell=1 candCell=5 candRsrp=-122.13 < min=-120
LM HO_FAIL_LOW_RSRP UE=105 currCell=2 candCell=7 candRsrp=-137.94 < min=-120
LM HO_FAIL_LOW_RSRP UE=107 currCell=2 candCell=5 candRsrp=-131.564 < min=-120
TRACE HO_SUCCESS Time=114.615 IMSI=70 TargetCell=1 Type=TN TargetRSRP=-124.827 ServingRSRP=-97.8767 BackhaulDlSnr=-999 BackhaulUlSnr=-999
TRACE HO_SUCCESS Time=114.615 IMSI=19 TargetCell=4 Type=TN TargetRSRP=-112.993 ServingRSRP=-118.769 BackhaulDlSnr=-999 BackhaulUlSnr=-999
TRACE HO_SUCCESS Time=114.615 IMSI=33 TargetCell=5 Type=NTN TargetRSRP=-75.1066 ServingRSRP=-87.336 BackhaulDlSnr=-999 BackhaulUlSnr=-999
UAV_AUTONOMY_XAPP Time=116.5 DeploymentMode=tn-uav UavIndex=0 UavCellId=5 BestDonorCellId=1 BestDonorDistanceM=941.873 XhaulConnected=1 XhaulChannelVariationDb=0 XhaulState=HEALTHY DonorUnavailableActive=0 SatBackhaulHealthy=0 UavSwitchingXappAvailable=1 UavSwitchingXappState=STANDBY BackhaulMode=TN_DIRECT RicControlState=TN_E2 ActiveUavRic=TN_NEAR_RT_RIC NormalUeHandoverAllowed=1 UavMode=TN_CONTROLLED_COVERAGE_EXTENSION
UAV_AUTONOMY_XAPP Time=116.5 DeploymentMode=tn-uav UavIndex=1 UavCellId=6 BestDonorCellId=3 BestDonorDistanceM=1305.3 XhaulConnected=1 XhaulChannelVariationDb=0 XhaulState=HEALTHY DonorUnavailableActive=0 SatBackhaulHealthy=0 UavSwitchingXappAvailable=1 UavSwitchingXappState=STANDBY BackhaulMode=TN_DIRECT RicControlState=TN_E2 ActiveUavRic=TN_NEAR_RT_RIC NormalUeHandoverAllowed=1 UavMode=TN_CONTROLLED_COVERAGE_EXTENSION
UAV_AUTONOMY_XAPP Time=116.5 DeploymentMode=tn-uav UavIndex=2 UavCellId=7 BestDonorCellId=4 BestDonorDistanceM=1360.27 XhaulConnected=1 XhaulChannelVariationDb=0 XhaulState=HEALTHY DonorUnavailableActive=0 SatBackhaulHealthy=0 UavSwitchingXappAvailable=1 UavSwitchingXappState=STANDBY BackhaulMode=TN_DIRECT RicControlState=TN_E2 ActiveUavRic=TN_NEAR_RT_RIC NormalUeHandoverAllowed=1 UavMode=TN_CONTROLLED_COVERAGE_EXTENSION
---- LOAD at t=116.5 ----
  cell 1 (TN) load=17/20
  cell 2 (TN) load=20/20
  cell 3 (TN) load=17/20
  cell 4 (TN) load=20/20
  cell 5 (NTN) load=8/10
  cell 6 (NTN) load=10/10
  cell 7 (NTN) load=8/10
LM HO UE=13 rnti=179 2->1 type=TN servingRsrp=-118.219 targetRsrp=-108.564 targetLoadReal=17/20 targetLoadEff=17/20
UE 20 TTT_WAIT target=5 elapsed=0s need=2s
UE 22 TTT_WAIT target=1 elapsed=0s need=2s
LM HO_FAIL_LOW_RSRP UE=26 currCell=4 candCell=1 candRsrp=-123.61 < min=-120
LM HO_FAIL_LOW_RSRP UE=27 currCell=2 candCell=7 candRsrp=-127.517 < min=-120
UE 30 TTT_WAIT target=7 elapsed=0s need=2s
UE 31 TTT_WAIT target=3 elapsed=0s need=2s
UE 32 TTT_WAIT target=1 elapsed=0s need=2s
UE 33 TTT_WAIT target=5 elapsed=0s need=2s
UE 34 TTT_WAIT target=1 elapsed=0s need=2s
UE 38 TTT_WAIT target=1 elapsed=0s need=2s
LM HO_FAIL_LOW_RSRP UE=40 currCell=1 candCell=5 candRsrp=-132.016 < min=-120
UE 41 TTT_WAIT target=7 elapsed=0s need=2s
UE 44 TTT_WAIT target=5 elapsed=0s need=2s
UE 46 TTT_WAIT target=5 elapsed=0s need=2s
LM HO UE=47 rnti=203 4->5 type=NTN servingRsrp=-122.797 targetRsrp=-79.0185 targetLoadReal=8/10 targetLoadEff=8/10
LM HO UE=48 rnti=182 1->7 type=NTN servingRsrp=-129.178 targetRsrp=-105.601 targetLoadReal=8/10 targetLoadEff=8/10
UE 50 TTT_WAIT target=5 elapsed=0s need=2s
LM HO_FAIL_LOW_RSRP UE=53 currCell=4 candCell=7 candRsrp=-120.48 < min=-120
LM HO UE=58 rnti=192 1->7 type=NTN servingRsrp=-118.576 targetRsrp=-95.6369 targetLoadReal=8/10 targetLoadEff=9/10
LM HO_FAIL_LOW_RSRP UE=59 currCell=3 candCell=5 candRsrp=-138.837 < min=-120
UE 60 TTT_WAIT target=5 elapsed=0s need=2s
LM HO_FAIL_LOW_RSRP UE=63 currCell=2 candCell=5 candRsrp=-136.7 < min=-120
UE 66 TTT_WAIT target=3 elapsed=0s need=2s
UE 68 TTT_WAIT target=1 elapsed=0s need=2s
LM HO_FAIL_LOW_RSRP UE=71 currCell=1 candCell=5 candRsrp=-133.734 < min=-120
LM HO_FAIL_LOW_RSRP UE=76 currCell=3 candCell=5 candRsrp=-130.481 < min=-120
LM HO_FAIL_LOW_RSRP UE=77 currCell=3 candCell=5 candRsrp=-137.289 < min=-120
LM HO UE=80 rnti=106 5->1 type=TN servingRsrp=-119.318 targetRsrp=-68.2293 targetLoadReal=17/20 targetLoadEff=18/20
UE 82 TTT_WAIT target=5 elapsed=0s need=2s
UE 84 TTT_WAIT target=1 elapsed=0s need=2s
UE 86 TTT_WAIT target=1 elapsed=0s need=2s
UE 87 TTT_WAIT target=5 elapsed=0s need=2s
LM HO_FAIL_LOW_RSRP UE=88 currCell=3 candCell=1 candRsrp=-124.547 < min=-120
LM HO UE=89 rnti=173 2->1 type=TN servingRsrp=-125.252 targetRsrp=-74.4458 targetLoadReal=17/20 targetLoadEff=19/20
LM HO UE=90 rnti=153 2->3 type=TN servingRsrp=-135.119 targetRsrp=-119.25 targetLoadReal=17/20 targetLoadEff=17/20
LM HO_FAIL_LOW_RSRP UE=92 currCell=2 candCell=5 candRsrp=-127.12 < min=-120
LM HO_FAIL_LOW_RSRP UE=93 currCell=1 candCell=5 candRsrp=-136.992 < min=-120
UE 95 TTT_WAIT target=5 elapsed=0s need=2s
LM HO_FAIL_LOW_RSRP UE=96 currCell=2 candCell=5 candRsrp=-142.677 < min=-120
LM HO_FAIL_LOW_RSRP UE=97 currCell=2 candCell=5 candRsrp=-135.998 < min=-120
UE 101 TTT_WAIT target=3 elapsed=0s need=2s
UE 106 TTT_WAIT target=5 elapsed=0s need=2s
LM HO_FAIL_LOW_RSRP UE=107 currCell=2 candCell=5 candRsrp=-132.606 < min=-120
TRACE HO_SUCCESS Time=116.615 IMSI=88 TargetCell=1 Type=TN TargetRSRP=-68.7774 ServingRSRP=-117.644 BackhaulDlSnr=-999 BackhaulUlSnr=-999
TRACE HO_SUCCESS Time=116.615 IMSI=12 TargetCell=1 Type=TN TargetRSRP=-105.767 ServingRSRP=-86.0579 BackhaulDlSnr=-999 BackhaulUlSnr=-999
TRACE HO_SUCCESS Time=116.615 IMSI=79 TargetCell=1 Type=TN TargetRSRP=-72.3683 ServingRSRP=-116.862 BackhaulDlSnr=-999 BackhaulUlSnr=-999
TRACE HO_SUCCESS Time=116.615 IMSI=89 TargetCell=3 Type=TN TargetRSRP=-134.625 ServingRSRP=-106.025 BackhaulDlSnr=-999 BackhaulUlSnr=-999
TRACE HO_SUCCESS Time=116.615 IMSI=46 TargetCell=5 Type=NTN TargetRSRP=-114.024 ServingRSRP=-92.2087 BackhaulDlSnr=-999 BackhaulUlSnr=-999
TRACE HO_SUCCESS Time=116.615 IMSI=47 TargetCell=7 Type=NTN TargetRSRP=-100.169 ServingRSRP=-123.972 BackhaulDlSnr=-999 BackhaulUlSnr=-999
TRACE HO_SUCCESS Time=116.615 IMSI=57 TargetCell=7 Type=NTN TargetRSRP=-95.471 ServingRSRP=-97.7619 BackhaulDlSnr=-999 BackhaulUlSnr=-999
UAV_AUTONOMY_XAPP Time=118.5 DeploymentMode=tn-uav UavIndex=0 UavCellId=5 BestDonorCellId=1 BestDonorDistanceM=940.07 XhaulConnected=1 XhaulChannelVariationDb=0 XhaulState=HEALTHY DonorUnavailableActive=0 SatBackhaulHealthy=0 UavSwitchingXappAvailable=1 UavSwitchingXappState=STANDBY BackhaulMode=TN_DIRECT RicControlState=TN_E2 ActiveUavRic=TN_NEAR_RT_RIC NormalUeHandoverAllowed=1 UavMode=TN_CONTROLLED_COVERAGE_EXTENSION
UAV_AUTONOMY_XAPP Time=118.5 DeploymentMode=tn-uav UavIndex=1 UavCellId=6 BestDonorCellId=3 BestDonorDistanceM=1305.3 XhaulConnected=1 XhaulChannelVariationDb=0 XhaulState=HEALTHY DonorUnavailableActive=0 SatBackhaulHealthy=0 UavSwitchingXappAvailable=1 UavSwitchingXappState=STANDBY BackhaulMode=TN_DIRECT RicControlState=TN_E2 ActiveUavRic=TN_NEAR_RT_RIC NormalUeHandoverAllowed=1 UavMode=TN_CONTROLLED_COVERAGE_EXTENSION
UAV_AUTONOMY_XAPP Time=118.5 DeploymentMode=tn-uav UavIndex=2 UavCellId=7 BestDonorCellId=4 BestDonorDistanceM=1361.52 XhaulConnected=1 XhaulChannelVariationDb=0 XhaulState=HEALTHY DonorUnavailableActive=0 SatBackhaulHealthy=0 UavSwitchingXappAvailable=1 UavSwitchingXappState=STANDBY BackhaulMode=TN_DIRECT RicControlState=TN_E2 ActiveUavRic=TN_NEAR_RT_RIC NormalUeHandoverAllowed=1 UavMode=TN_CONTROLLED_COVERAGE_EXTENSION
---- LOAD at t=118.5 ----
  cell 1 (TN) load=18/20
  cell 2 (TN) load=17/20
  cell 3 (TN) load=18/20
  cell 4 (TN) load=19/20
  cell 5 (NTN) load=8/10
  cell 6 (NTN) load=10/10
  cell 7 (NTN) load=10/10
UE 11 TTT_WAIT target=1 elapsed=0s need=2s
UE 12 TTT_WAIT target=5 elapsed=0s need=2s
UE 15 TTT_WAIT target=5 elapsed=0s need=2s
UE 16 TTT_WAIT target=5 elapsed=0s need=2s
UE 20 TTT_WAIT target=1 elapsed=0s need=2s
UE 22 TTT_WAIT target=2 elapsed=0s need=2s
UE 24 TTT_WAIT target=1 elapsed=0s need=2s
UE 25 TTT_WAIT target=2 elapsed=0s need=2s
LM HO_FAIL_LOW_RSRP UE=30 currCell=1 candCell=5 candRsrp=-127.536 < min=-120
UE 32 TTT_WAIT target=5 elapsed=0s need=2s
LM HO_FAIL_LOW_RSRP UE=33 currCell=1 candCell=2 candRsrp=-123.687 < min=-120
UE 38 TTT_WAIT target=5 elapsed=0s need=2s
UE 40 TTT_WAIT target=3 elapsed=0s need=2s
UE 41 TTT_WAIT target=5 elapsed=0s need=2s
LM HO UE=44 rnti=148 3->5 type=NTN servingRsrp=-123.652 targetRsrp=-99.0966 targetLoadReal=8/10 targetLoadEff=8/10
LM HO_FAIL_LOW_RSRP UE=50 currCell=1 candCell=4 candRsrp=-121.66 < min=-120
UE 51 TTT_WAIT target=1 elapsed=0s need=2s
UE 53 TTT_WAIT target=2 elapsed=0s need=2s
UE 56 TTT_WAIT target=4 elapsed=0s need=2s
UE 57 TTT_WAIT target=2 elapsed=0s need=2s
UE 60 TTT_WAIT target=3 elapsed=0s need=2s
LM HO_FAIL_LOW_RSRP UE=61 currCell=2 candCell=5 candRsrp=-131.136 < min=-120
UE 62 TTT_WAIT target=3 elapsed=0s need=2s
UE 63 TTT_WAIT target=4 elapsed=0s need=2s
UE 65 TTT_WAIT target=4 elapsed=0s need=2s
LM HO UE=66 rnti=185 4->3 type=TN servingRsrp=-112.726 targetRsrp=-110.413 targetLoadReal=18/20 targetLoadEff=18/20
UE 67 TTT_WAIT target=4 elapsed=0s need=2s
UE 68 TTT_WAIT target=3 elapsed=0s need=2s
UE 70 TTT_WAIT target=1 elapsed=0s need=2s
LM HO_FAIL_LOW_RSRP UE=76 currCell=3 candCell=5 candRsrp=-129.894 < min=-120
UE 78 TTT_WAIT target=3 elapsed=0s need=2s
UE 79 TTT_WAIT target=2 elapsed=0s need=2s
LM HO UE=82 rnti=184 1->5 type=NTN servingRsrp=-115.102 targetRsrp=-110.726 targetLoadReal=8/10 targetLoadEff=9/10
UE 86 TTT_WAIT target=4 elapsed=0s need=2s
UE 90 TTT_WAIT target=1 elapsed=0s need=2s
UE 91 TTT_WAIT target=2 elapsed=0s need=2s
UE 92 TTT_WAIT target=4 elapsed=0s need=2s
UE 95 TTT_WAIT target=2 elapsed=0s need=2s
LM HO UE=101 rnti=76 6->3 type=TN servingRsrp=-93.08 targetRsrp=-78.0825 targetLoadReal=18/20 targetLoadEff=19/20
UE 102 TTT_WAIT target=1 elapsed=0s need=2s
UE 104 TTT_WAIT target=1 elapsed=0s need=2s
UE 105 TTT_WAIT target=4 elapsed=0s need=2s
UE 107 TTT_WAIT target=4 elapsed=0s need=2s
TRACE HO_SUCCESS Time=118.615 IMSI=65 TargetCell=3 Type=TN TargetRSRP=-106.111 ServingRSRP=-105.418 BackhaulDlSnr=-999 BackhaulUlSnr=-999
TRACE HO_SUCCESS Time=118.615 IMSI=100 TargetCell=3 Type=TN TargetRSRP=-122.639 ServingRSRP=-117.358 BackhaulDlSnr=-999 BackhaulUlSnr=-999
TRACE HO_SUCCESS Time=118.615 IMSI=81 TargetCell=5 Type=NTN TargetRSRP=-93.5492 ServingRSRP=-112.638 BackhaulDlSnr=-999 BackhaulUlSnr=-999
TRACE HO_SUCCESS Time=118.615 IMSI=43 TargetCell=5 Type=NTN TargetRSRP=-119.662 ServingRSRP=-96.4727 BackhaulDlSnr=-999 BackhaulUlSnr=-999
