Time,UE,Dir,Delay,Jitter,Throughput,PDR
4,0,DL,0,0,0,0
4,0,UL,0,0,0,0
4,1,DL,0,0,0,0
4,1,UL,0,0,0,0
4,2,DL,0,0,0,0
4,2,UL,0,0,0,0
4,3,DL,0,0,0,0
4,3,UL,0,0,0,0
4,4,DL,0,0,0,0
4,4,UL,0,0,0,0
4,5,DL,0,0,0,0
4,5,UL,0,0,0,0
4,6,DL,0,0,0,0
4,6,UL,0,0,0,0
4,7,DL,0,0,0,0
4,7,UL,0,0,0,0
4,8,DL,0,0,0,0
4,8,UL,0,0,0,0
4,9,DL,0,0,0,0
4,9,UL,0,0,0,0
4,10,DL,0,0,0,0
4,10,UL,0,0,0,0
4,11,DL,0,0,0,0
4,11,UL,0,0,0,0
4,12,DL,0,0,0,0
4,12,UL,0,0,0,0
4,13,DL,0,0,0,0
4,13,UL,0,0,0,0
4,14,DL,0,0,0,0
4,14,UL,0,0,0,0
4,15,DL,0,0,0,0
4,15,UL,0,0,0,0
4,16,DL,0,0,0,0
4,16,UL,0,0,0,0
4,17,DL,0,0,0,0
4,17,UL,0,0,0,0
4,18,DL,0,0,0,0
4,18,UL,0,0,0,0
4,19,DL,0,0,0,0
4,19,UL,0,0,0,0
4,20,DL,0,0,0,0
4,20,UL,0,0,0,0
4,21,DL,0,0,0,0
4,21,UL,0,0,0,0
4,22,DL,0,0,0,0
4,22,UL,0,0,0,0
4,23,DL,0,0,0,0
4,23,UL,0,0,0,0
4,24,DL,0,0,0,0
4,24,UL,0,0,0,0
4,25,DL,0,0,0,0
4,25,UL,0,0,0,0
4,26,DL,0,0,0,0
4,26,UL,0,0,0,0
4,27,DL,0,0,0,0
4,27,UL,0,0,0,0
4,28,DL,0,0,0,0
4,28,UL,0,0,0,0
4,29,DL,0,0,0,0
4,29,UL,0,0,0,0
4,30,DL,0,0,0,0
4,30,UL,0,0,0,0
4,31,DL,0,0,0,0
4,31,UL,0,0,0,0
4,32,DL,0,0,0,0
4,32,UL,0,0,0,0
4,33,DL,0,0,0,0
4,33,UL,0,0,0,0
4,34,DL,0,0,0,0
4,34,UL,0,0,0,0
4,35,DL,0,0,0,0
4,35,UL,0,0,0,0
4,36,DL,0,0,0,0
4,36,UL,0,0,0,0
4,37,DL,0,0,0,0
4,37,UL,0,0,0,0
4,38,DL,0,0,0,0
4,38,UL,0,0,0,0
4,39,DL,0,0,0,0
4,39,UL,0,0,0,0
4,40,DL,0,0,0,0
4,40,UL,0,0,0,0
4,41,DL,0,0,0,0
4,41,UL,0,0,0,0
4,42,DL,0,0,0,0
4,42,UL,0,0,0,0
4,43,DL,0,0,0,0
4,43,UL,0,0,0,0
4,44,DL,0,0,0,0
4,44,UL,0,0,0,0
4,45,DL,0,0,0,0
4,45,UL,0,0,0,0
4,46,DL,0,0,0,0
4,46,UL,0,0,0,0
4,47,DL,0,0,0,0
4,47,UL,0,0,0,0
4,48,DL,0,0,0,0
4,48,UL,0,0,0,0
4,49,DL,0,0,0,0
4,49,UL,0,0,0,0
4,50,DL,0,0,0,0
4,50,UL,0,0,0,0
4,51,DL,0,0,0,0
4,51,UL,0,0,0,0
4,52,DL,0,0,0,0
4,52,UL,0,0,0,0
4,53,DL,0,0,0,0
4,53,UL,0,0,0,0
4,54,DL,0,0,0,0
4,54,UL,0,0,0,0
4,55,DL,0,0,0,0
4,55,UL,0,0,0,0
4,56,DL,0,0,0,0
4,56,UL,0,0,0,0
4,57,DL,0,0,0,0
4,57,UL,0,0,0,0
4,58,DL,0,0,0,0
4,58,UL,0,0,0,0
4,59,DL,0,0,0,0
4,59,UL,0,0,0,0
4,60,DL,0,0,0,0
4,60,UL,0,0,0,0
4,61,DL,0,0,0,0
4,61,UL,0,0,0,0
4,62,DL,0,0,0,0
4,62,UL,0,0,0,0
4,63,DL,0,0,0,0
4,63,UL,0,0,0,0
4,64,DL,0,0,0,0
4,64,UL,0,0,0,0
4,65,DL,0,0,0,0
4,65,UL,0,0,0,0
4,66,DL,0,0,0,0
4,66,UL,0,0,0,0
4,67,DL,0,0,0,0
4,67,UL,0,0,0,0
4,68,DL,0,0,0,0
4,68,UL,0,0,0,0
4,69,DL,0,0,0,0
4,69,UL,0,0,0,0
4,70,DL,0,0,0,0
4,70,UL,0,0,0,0
4,71,DL,0,0,0,0
4,71,UL,0,0,0,0
4,72,DL,0,0,0,0
4,72,UL,0,0,0,0
4,73,DL,0,0,0,0
4,73,UL,0,0,0,0
4,74,DL,0,0,0,0
4,74,UL,0,0,0,0
4,75,DL,0,0,0,0
4,75,UL,0,0,0,0
4,76,DL,0,0,0,0
4,76,UL,0,0,0,0
4,77,DL,0,0,0,0
4,77,UL,0,0,0,0
4,78,DL,0,0,0,0
4,78,UL,0,0,0,0
4,79,DL,0,0,0,0
4,79,UL,0,0,0,0
6,0,DL,0,0,0,0
6,0,UL,0,0,0,0
6,1,DL,0,0,0,0
6,1,UL,0,0,0,0
6,2,DL,0.02092,0.01738,0.196075,100
6,2,UL,0.0380304,0,0.00392151,10
6,3,DL,0,0,0,0
6,3,UL,0,0,0,0
6,4,DL,0,0,0,0
6,4,UL,0,0,0,0
6,5,DL,0,0,0,0
6,5,UL,0,0,0,0
6,6,DL,0,0,0,0
6,6,UL,0,0,0,0
6,7,DL,0.0166,0.0113571,0.0549011,28
6,7,UL,0,0,0,0
6,8,DL,0,0,0,0
6,8,UL,0,0,0,0
6,9,DL,0,0,0,0
6,9,UL,0,0,0,0
6,10,DL,0,0,0,0
6,10,UL,0,0,0,0
6,11,DL,0,0,0,0
6,11,UL,0,0,0,0
6,12,DL,0,0,0,0
6,12,UL,0,0,0,0
6,13,DL,0,0,0,0
6,13,UL,0,0,0,0
6,14,DL,0,0,0,0
6,14,UL,0,0,0,0
6,15,DL,0.0244333,0.0196667,0.0117645,6
6,15,UL,0,0,0,0
6,16,DL,0.0256957,0.0236383,0.184311,94
6,16,UL,0.0380308,4.28e-07,0.00784302,20
6,17,DL,0,0,0,0
6,17,UL,0,0,0,0
6,18,DL,0,0,0,0
6,18,UL,0,0,0,0
6,19,DL,0,0,0,0
6,19,UL,0,0,0,0
6,20,DL,0,0,0,0
6,20,UL,0,0,0,0
6,21,DL,0,0,0,0
6,21,UL,0,0,0,0
6,22,DL,0,0,0,0
6,22,UL,0,0,0,0
6,23,DL,0,0,0,0
6,23,UL,0,0,0,0
6,24,DL,0.0421667,0.0246222,0.176468,90
6,24,UL,0,0,0,0
6,25,DL,0.0353,0.0294,0.0196075,10
6,25,UL,0,0,0,0
6,26,DL,0,0,0,0
6,26,UL,0,0,0,0
6,27,DL,0,0,0,0
6,27,UL,0,0,0,0
6,28,DL,0.01495,0.01425,0.0784302,40
6,28,UL,0,0,0,0
6,29,DL,0,0,0,0
6,29,UL,0,0,0,0
6,30,DL,0,0,0,0
6,30,UL,0,0,0,0
6,31,DL,0,0,0,0
6,31,UL,0,0,0,0
6,32,DL,0,0,0,0
6,32,UL,0,0,0,0
6,33,DL,0,0,0,0
6,33,UL,0,0,0,0
6,34,DL,0.0259,0.024,0.0196075,10
6,34,UL,0,0,0,0
6,35,DL,0,0,0,0
6,35,UL,0,0,0,0
6,36,DL,0,0,0,0
6,36,UL,0,0,0,0
6,37,DL,0,0,0,0
6,37,UL,0,0,0,0
6,38,DL,0.1581,0.0285455,0.0431366,22
6,38,UL,0,0,0,0
6,39,DL,0,0,0,0
6,39,UL,0,0,0,0
6,40,DL,0,0,0,0
6,40,UL,0,0,0,0
6,41,DL,0,0,0,0
6,41,UL,0,0,0,0
6,42,DL,0,0,0,0
6,42,UL,0,0,0,0
6,43,DL,0,0,0,0
6,43,UL,0,0,0,0
6,44,DL,0,0,0,0
6,44,UL,0,0,0,0
6,45,DL,0,0,0,0
6,45,UL,0,0,0,0
6,46,DL,0,0,0,0
6,46,UL,0,0,0,0
6,47,DL,0,0,0,0
6,47,UL,0,0,0,0
6,48,DL,0,0,0,0
6,48,UL,0,0,0,0
6,49,DL,0,0,0,0
6,49,UL,0,0,0,0
6,50,DL,0,0,0,0
6,50,UL,0,0,0,0
6,51,DL,0,0,0,0
6,51,UL,0,0,0,0
6,52,DL,0,0,0,0
6,52,UL,0,0,0,0
6,53,DL,0,0,0,0
6,53,UL,0,0,0,0
6,54,DL,0,0,0,0
6,54,UL,0,0,0,0
6,55,DL,0,0,0,0
6,55,UL,0,0,0,0
6,56,DL,0,0,0,0
6,56,UL,0,0,0,0
6,57,DL,0,0,0,0
6,57,UL,0,0,0,0
6,58,DL,0,0,0,0
6,58,UL,0,0,0,0
6,59,DL,0,0,0,0
6,59,UL,0,0,0,0
6,60,DL,0,0,0,0
6,60,UL,0,0,0,0
6,61,DL,0,0,0,0
6,61,UL,0,0,0,0
6,62,DL,0,0,0,0
6,62,UL,0,0,0,0
6,63,DL,0,0,0,0
6,63,UL,0,0,0,0
6,64,DL,0,0,0,0
6,64,UL,0,0,0,0
6,65,DL,0,0,0,0
6,65,UL,0,0,0,0
6,66,DL,0,0,0,0
6,66,UL,0,0,0,0
6,67,DL,0,0,0,0
6,67,UL,0,0,0,0
6,68,DL,0,0,0,0
6,68,UL,0,0,0,0
6,69,DL,0,0,0,0
6,69,UL,0,0,0,0
6,70,DL,0,0,0,0
6,70,UL,0,0,0,0
6,71,DL,0,0,0,0
6,71,UL,0,0,0,0
6,72,DL,0.0376862,0.0286207,0.113724,58
6,72,UL,0,0,0,0
6,73,DL,0,0,0,0
6,73,UL,0,0,0,0
6,74,DL,0,0,0,0
6,74,UL,0,0,0,0
6,75,DL,0,0,0,0
6,75,UL,0,0,0,0
6,76,DL,0,0,0,0
6,76,UL,0,0,0,0
6,77,DL,0,0,0,0
6,77,UL,0,0,0,0
6,78,DL,0,0,0,0
6,78,UL,0,0,0,0
6,79,DL,0.02066,0.0216,0.196075,100
6,79,UL,0,0,0,0
8,0,DL,0,0,0,0
8,0,UL,0,0,0,0
8,1,DL,0,0,0,0
8,1,UL,0,0,0,0
8,2,DL,0.0428755,0.0445714,0.192154,98
8,2,UL,0,0,0,0
8,3,DL,0,0,0,0
8,3,UL,0,0,0,0
8,4,DL,0,0,0,0
8,4,UL,0,0,0,0
8,5,DL,0,0,0,0
8,5,UL,0,0,0,0
8,6,DL,0,0,0,0
8,6,UL,0,0,0,0
8,7,DL,0,0,0,0
8,7,UL,0,0,0,0
8,8,DL,0,0,0,0
8,8,UL,0,0,0,0
8,9,DL,0,0,0,0
8,9,UL,0,0,0,0
8,10,DL,0,0,0,0
8,10,UL,0,0,0,0
8,11,DL,0,0,0,0
8,11,UL,0,0,0,0
8,12,DL,0,0,0,0
8,12,UL,0,0,0,0
8,13,DL,0,0,0,0
8,13,UL,0,0,0,0
8,14,DL,0,0,0,0
8,14,UL,0,0,0,0
8,15,DL,0,0,0,0
8,15,UL,0,0,0,0
8,16,DL,0,0,0,0
8,16,UL,0,0,0,0
8,17,DL,0,0,0,0
8,17,UL,0,0,0,0
8,18,DL,0,0,0,0
8,18,UL,0,0,0,0
8,19,DL,0,0,0,0
8,19,UL,0,0,0,0
8,20,DL,0,0,0,0
8,20,UL,0,0,0,0
8,21,DL,0,0,0,0
8,21,UL,0,0,0,0
8,22,DL,0,0,0,0
8,22,UL,0,0,0,0
8,23,DL,0.0156,0.01225,0.015686,8
8,23,UL,0,0,0,0
8,24,DL,0.136397,0.0655405,0.145096,74
8,24,UL,0,0,0,0
8,25,DL,0,0,0,0
8,25,UL,0,0,0,0
8,26,DL,0,0,0,0
8,26,UL,0,0,0,0
8,27,DL,0,0,0,0
8,27,UL,0,0,0,0
8,28,DL,0,0,0,0
8,28,UL,0,0,0,0
8,29,DL,0,0,0,0
8,29,UL,0,0,0,0
8,30,DL,0,0,0,0
8,30,UL,0,0,0,0
8,31,DL,0,0,0,0
8,31,UL,0,0,0,0
8,32,DL,0,0,0,0
8,32,UL,0,0,0,0
8,33,DL,0,0,0,0
8,33,UL,0,0,0,0
8,34,DL,0,0,0,0
8,34,UL,0,0,0,0
8,35,DL,0,0,0,0
8,35,UL,0,0,0,0
8,36,DL,0,0,0,0
8,36,UL,0,0,0,0
8,37,DL,0,0,0,0
8,37,UL,0,0,0,0
8,38,DL,0,0,0,0
8,38,UL,0,0,0,0
8,39,DL,0,0,0,0
8,39,UL,0,0,0,0
8,40,DL,0,0,0,0
8,40,UL,0,0,0,0
8,41,DL,0,0,0,0
8,41,UL,0,0,0,0
8,42,DL,0,0,0,0
8,42,UL,0,0,0,0
8,43,DL,0,0,0,0
8,43,UL,0,0,0,0
8,44,DL,0,0,0,0
8,44,UL,0,0,0,0
8,45,DL,0,0,0,0
8,45,UL,0,0,0,0
8,46,DL,0,0,0,0
8,46,UL,0,0,0,0
8,47,DL,0,0,0,0
8,47,UL,0,0,0,0
8,48,DL,0,0,0,0
8,48,UL,0,0,0,0
8,49,DL,0,0,0,0
8,49,UL,0,0,0,0
8,50,DL,0,0,0,0
8,50,UL,0,0,0,0
8,51,DL,0,0,0,0
8,51,UL,0,0,0,0
8,52,DL,0,0,0,0
8,52,UL,0,0,0,0
8,53,DL,0,0,0,0
8,53,UL,0,0,0,0
8,54,DL,0,0,0,0
8,54,UL,0,0,0,0
8,55,DL,0,0,0,0
8,55,UL,0,0,0,0
8,56,DL,0,0,0,0
8,56,UL,0,0,0,0
8,57,DL,0,0,0,0
8,57,UL,0,0,0,0
8,58,DL,0,0,0,0
8,58,UL,0,0,0,0
8,59,DL,0,0,0,0
8,59,UL,0,0,0,0
8,60,DL,0,0,0,0
8,60,UL,0,0,0,0
8,61,DL,0,0,0,0
8,61,UL,0,0,0,0
8,62,DL,0,0,0,0
8,62,UL,0,0,0,0
8,63,DL,0,0,0,0
8,63,UL,0,0,0,0
8,64,DL,0,0,0,0
8,64,UL,0,0,0,0
8,65,DL,0,0,0,0
8,65,UL,0,0,0,0
8,66,DL,0,0,0,0
8,66,UL,0,0,0,0
8,67,DL,0,0,0,0
8,67,UL,0,0,0,0
8,68,DL,0,0,0,0
8,68,UL,0,0,0,0
8,69,DL,0,0,0,0
8,69,UL,0,0,0,0
8,70,DL,0,0,0,0
8,70,UL,0,0,0,0
8,71,DL,0,0,0,0
8,71,UL,0,0,0,0
8,72,DL,0,0,0,0
8,72,UL,0,0,0,0
8,73,DL,0,0,0,0
8,73,UL,0,0,0,0
8,74,DL,0,0,0,0
8,74,UL,0,0,0,0
8,75,DL,0,0,0,0
8,75,UL,0,0,0,0
8,76,DL,0,0,0,0
8,76,UL,0,0,0,0
8,77,DL,0.0371,0.0382727,0.0862732,44
8,77,UL,0,0,0,0
8,78,DL,0,0,0,0
8,78,UL,0,0,0,0
8,79,DL,0.0501435,0.0497609,0.180389,92
8,79,UL,0,0,0,0
10,0,DL,0,0,0,0
10,0,UL,0,0,0,0
10,1,DL,0,0,0,0
10,1,UL,0,0,0,0
10,2,DL,0.08702,0.05876,0.196075,100
10,2,UL,0,0,0,0
10,3,DL,0.0206957,0.0230213,0.184311,94
10,3,UL,0,0,0,0
10,4,DL,0,0,0,0
10,4,UL,0,0,0,0
10,5,DL,0,0,0,0
10,5,UL,0,0,0,0
10,6,DL,0,0,0,0
10,6,UL,0,0,0,0
10,7,DL,0,0,0,0
10,7,UL,0,0,0,0
10,8,DL,0,0,0,0
10,8,UL,0,0,0,0
10,9,DL,0,0,0,0
10,9,UL,0,0,0,0
10,10,DL,0,0,0,0
10,10,UL,0,0,0,0
10,11,DL,0,0,0,0
10,11,UL,0,0,0,0
10,12,DL,0,0,0,0
10,12,UL,0,0,0,0
10,13,DL,0,0,0,0
10,13,UL,0,0,0,0
10,14,DL,0,0,0,0
10,14,UL,0,0,0,0
10,15,DL,0,0,0,0
10,15,UL,0,0,0,0
10,16,DL,0,0,0,0
10,16,UL,0,0,0,0
10,17,DL,0,0,0,0
10,17,UL,0,0,0,0
10,18,DL,0,0,0,0
10,18,UL,0,0,0,0
10,19,DL,0,0,0,0
10,19,UL,0,0,0,0
10,20,DL,0,0,0,0
10,20,UL,0,0,0,0
10,21,DL,0,0,0,0
10,21,UL,0,0,0,0
10,22,DL,0,0,0,0
10,22,UL,0,0,0,0
10,23,DL,0,0,0,0
10,23,UL,0,0,0,0
10,24,DL,0,0,0,0
10,24,UL,0,0,0,0
10,25,DL,0,0,0,0
10,25,UL,0,0,0,0
10,26,DL,0,0,0,0
10,26,UL,0,0,0,0
10,27,DL,0,0,0,0
10,27,UL,0,0,0,0
10,28,DL,0,0,0,0
10,28,UL,0,0,0,0
10,29,DL,0,0,0,0
10,29,UL,0,0,0,0
10,30,DL,0,0,0,0
10,30,UL,0,0,0,0
10,31,DL,0,0,0,0
10,31,UL,0,0,0,0
10,32,DL,0,0,0,0
10,32,UL,0,0,0,0
10,33,DL,0,0,0,0
10,33,UL,0,0,0,0
10,34,DL,0,0,0,0
10,34,UL,0,0,0,0
10,35,DL,0,0,0,0
10,35,UL,0,0,0,0
10,36,DL,0,0,0,0
10,36,UL,0,0,0,0
10,37,DL,0,0,0,0
10,37,UL,0,0,0,0
10,38,DL,0,0,0,0
10,38,UL,0,0,0,0
10,39,DL,0,0,0,0
10,39,UL,0,0,0,0
10,40,DL,0,0,0,0
10,40,UL,0,0,0,0
10,41,DL,0,0,0,0
10,41,UL,0,0,0,0
10,42,DL,0,0,0,0
10,42,UL,0,0,0,0
10,43,DL,0,0,0,0
10,43,UL,0,0,0,0
10,44,DL,0,0,0,0
10,44,UL,0,0,0,0
10,45,DL,0,0,0,0
10,45,UL,0,0,0,0
10,46,DL,0,0,0,0
10,46,UL,0,0,0,0
10,47,DL,0,0,0,0
10,47,UL,0,0,0,0
10,48,DL,0.0272667,0.0283333,0.0235291,12
10,48,UL,0,0,0,0
10,49,DL,0,0,0,0
10,49,UL,0,0,0,0
10,50,DL,0,0,0,0
10,50,UL,0,0,0,0
10,51,DL,0,0,0,0
10,51,UL,0,0,0,0
10,52,DL,0,0,0,0
10,52,UL,0,0,0,0
10,53,DL,0,0,0,0
10,53,UL,0,0,0,0
10,54,DL,0,0,0,0
10,54,UL,0,0,0,0
10,55,DL,0,0,0,0
10,55,UL,0,0,0,0
10,56,DL,0,0,0,0
10,56,UL,0,0,0,0
10,57,DL,0,0,0,0
10,57,UL,0,0,0,0
10,58,DL,0,0,0,0
10,58,UL,0,0,0,0
10,59,DL,0,0,0,0
10,59,UL,0,0,0,0
10,60,DL,0,0,0,0
10,60,UL,0,0,0,0
10,61,DL,0,0,0,0
10,61,UL,0,0,0,0
10,62,DL,0,0,0,0
10,62,UL,0,0,0,0
10,63,DL,0,0,0,0
10,63,UL,0,0,0,0
10,64,DL,0,0,0,0
10,64,UL,0,0,0,0
10,65,DL,0,0,0,0
10,65,UL,0,0,0,0
10,66,DL,0,0,0,0
10,66,UL,0,0,0,0
10,67,DL,0,0,0,0
10,67,UL,0,0,0,0
10,68,DL,0,0,0,0
10,68,UL,0,0,0,0
10,69,DL,0,0,0,0
10,69,UL,0,0,0,0
10,70,DL,0.0219571,0.02,0.0274506,14
10,70,UL,0,0,0,0
10,71,DL,0,0,0,0
10,71,UL,0,0,0,0
10,72,DL,0,0,0,0
10,72,UL,0,0,0,0
10,73,DL,0,0,0,0
10,73,UL,0,0,0,0
10,74,DL,0,0,0,0
10,74,UL,0,0,0,0
10,75,DL,0.0258,0.0228,0.15686,80
10,75,UL,0.0380304,0,0.00392151,7.69231
10,76,DL,0,0,0,0
10,76,UL,0,0,0,0
10,77,DL,0,0,0,0
10,77,UL,0,0,0,0
10,78,DL,0,0,0,0
10,78,UL,0,0,0,0
10,79,DL,0.0866,0.0597037,0.211761,108
10,79,UL,0,0,0,0
12,0,DL,0,0,0,0
12,0,UL,0,0,0,0
12,1,DL,0,0,0,0
12,1,UL,0,0,0,0
12,2,DL,0.0581,0.056,0.015686,8
12,2,UL,0,0,0,0
12,3,DL,0.0413708,0.0466875,0.188232,96
12,3,UL,0,0,0,0
12,4,DL,0,0,0,0
12,4,UL,0,0,0,0
12,5,DL,0,0,0,0
12,5,UL,0,0,0,0
12,6,DL,0,0,0,0
12,6,UL,0,0,0,0
12,7,DL,0,0,0,0
12,7,UL,0,0,0,0
12,8,DL,0,0,0,0
12,8,UL,0,0,0,0
12,9,DL,0,0,0,0
12,9,UL,0,0,0,0
12,10,DL,0,0,0,0
12,10,UL,0,0,0,0
12,11,DL,0,0,0,0
12,11,UL,0,0,0,0
12,12,DL,0,0,0,0
12,12,UL,0,0,0,0
12,13,DL,0,0,0,0
12,13,UL,0,0,0,0
12,14,DL,0,0,0,0
12,14,UL,0,0,0,0
12,15,DL,0,0,0,0
12,15,UL,0,0,0,0
12,16,DL,0,0,0,0
12,16,UL,0,0,0,0
12,17,DL,0,0,0,0
12,17,UL,0,0,0,0
12,18,DL,0,0,0,0
12,18,UL,0,0,0,0
12,19,DL,0,0,0,0
12,19,UL,0,0,0,0
12,20,DL,0,0,0,0
12,20,UL,0,0,0,0
12,21,DL,0,0,0,0
12,21,UL,0,0,0,0
12,22,DL,0,0,0,0
12,22,UL,0,0,0,0
12,23,DL,0,0,0,0
12,23,UL,0,0,0,0
12,24,DL,0,0,0,0
12,24,UL,0,0,0,0
12,25,DL,0,0,0,0
12,25,UL,0,0,0,0
12,26,DL,0,0,0,0
12,26,UL,0,0,0,0
12,27,DL,0,0,0,0
12,27,UL,0,0,0,0
12,28,DL,0,0,0,0
12,28,UL,0,0,0,0
12,29,DL,0,0,0,0
12,29,UL,0,0,0,0
12,30,DL,0,0,0,0
12,30,UL,0,0,0,0
12,31,DL,0,0,0,0
12,31,UL,0,0,0,0
12,32,DL,0,0,0,0
12,32,UL,0,0,0,0
12,33,DL,0,0,0,0
12,33,UL,0,0,0,0
12,34,DL,0,0,0,0
12,34,UL,0,0,0,0
12,35,DL,0,0,0,0
12,35,UL,0,0,0,0
12,36,DL,0,0,0,0
12,36,UL,0,0,0,0
12,37,DL,0,0,0,0
12,37,UL,0,0,0,0
12,38,DL,0,0,0,0
12,38,UL,0,0,0,0
12,39,DL,0,0,0,0
12,39,UL,0,0,0,0
12,40,DL,0,0,0,0
12,40,UL,0,0,0,0
12,41,DL,0,0,0,0
12,41,UL,0,0,0,0
12,42,DL,0,0,0,0
12,42,UL,0,0,0,0
12,43,DL,0,0,0,0
12,43,UL,0,0,0,0
12,44,DL,0,0,0,0
12,44,UL,0,0,0,0
12,45,DL,0,0,0,0
12,45,UL,0,0,0,0
12,46,DL,0,0,0,0
12,46,UL,0,0,0,0
12,47,DL,0,0,0,0
12,47,UL,0,0,0,0
12,48,DL,0,0,0,0
12,48,UL,0,0,0,0
12,49,DL,0,0,0,0
12,49,UL,0,0,0,0
12,50,DL,0,0,0,0
12,50,UL,0,0,0,0
12,51,DL,0,0,0,0
12,51,UL,0,0,0,0
12,52,DL,0,0,0,0
12,52,UL,0,0,0,0
12,53,DL,0,0,0,0
12,53,UL,0,0,0,0
12,54,DL,0,0,0,0
12,54,UL,0,0,0,0
12,55,DL,0,0,0,0
12,55,UL,0,0,0,0
12,56,DL,0,0,0,0
12,56,UL,0,0,0,0
12,57,DL,0,0,0,0
12,57,UL,0,0,0,0
12,58,DL,0,0,0,0
12,58,UL,0,0,0,0
12,59,DL,0,0,0,0
12,59,UL,0,0,0,0
12,60,DL,0,0,0,0
12,60,UL,0,0,0,0
12,61,DL,0,0,0,0
12,61,UL,0,0,0,0
12,62,DL,0,0,0,0
12,62,UL,0,0,0,0
12,63,DL,0,0,0,0
12,63,UL,0,0,0,0
12,64,DL,0,0,0,0
12,64,UL,0,0,0,0
12,65,DL,0,0,0,0
12,65,UL,0,0,0,0
12,66,DL,0,0,0,0
12,66,UL,0,0,0,0
12,67,DL,0,0,0,0
12,67,UL,0,0,0,0
12,68,DL,0,0,0,0
12,68,UL,0,0,0,0
12,69,DL,0,0,0,0
12,69,UL,0,0,0,0
12,70,DL,0,0,0,0
12,70,UL,0,0,0,0
12,71,DL,0,0,0,0
12,71,UL,0,0,0,0
12,72,DL,0,0,0,0
12,72,UL,0,0,0,0
12,73,DL,0,0,0,0
12,73,UL,0,0,0,0
12,74,DL,0,0,0,0
12,74,UL,0,0,0,0
12,75,DL,0.18565,0.0657,0.0784302,40
12,75,UL,0,0,0,0
12,76,DL,0,0,0,0
12,76,UL,0,0,0,0
12,77,DL,0,0,0,0
12,77,UL,0,0,0,0
12,78,DL,0,0,0,0
12,78,UL,0,0,0,0
12,79,DL,0.146167,0.0698667,0.0588226,30
12,79,UL,0,0,0,0
14,0,DL,0,0,0,0
14,0,UL,0,0,0,0
14,1,DL,0,0,0,0
14,1,UL,0,0,0,0
14,2,DL,0,0,0,0
14,2,UL,0,0,0,0
14,3,DL,0.109705,0.0626013,0.168625,86
14,3,UL,0,0,0,0
14,4,DL,0,0,0,0
14,4,UL,0,0,0,0
14,5,DL,0.0111,0,0.00392151,2
14,5,UL,0,0,0,0
14,6,DL,0,0,0,0
14,6,UL,0,0,0,0
14,7,DL,0,0,0,0
14,7,UL,0,0,0,0
14,8,DL,0,0,0,0
14,8,UL,0,0,0,0
14,9,DL,0,0,0,0
14,9,UL,0,0,0,0
14,10,DL,0,0,0,0
14,10,UL,0,0,0,0
14,11,DL,0,0,0,0
14,11,UL,0,0,0,0
14,12,DL,0,0,0,0
14,12,UL,0,0,0,0
14,13,DL,0,0,0,0
14,13,UL,0,0,0,0
14,14,DL,0,0,0,0
14,14,UL,0,0,0,0
14,15,DL,0,0,0,0
14,15,UL,0,0,0,0
14,16,DL,0,0,0,0
14,16,UL,0,0,0,0
14,17,DL,0,0,0,0
14,17,UL,0,0,0,0
14,18,DL,0,0,0,0
14,18,UL,0,0,0,0
14,19,DL,0,0,0,0
14,19,UL,0,0,0,0
14,20,DL,0,0,0,0
14,20,UL,0,0,0,0
14,21,DL,0,0,0,0
14,21,UL,0,0,0,0
14,22,DL,0,0,0,0
14,22,UL,0,0,0,0
14,23,DL,0,0,0,0
14,23,UL,0,0,0,0
14,24,DL,0,0,0,0
14,24,UL,0,0,0,0
14,25,DL,0,0,0,0
14,25,UL,0,0,0,0
14,26,DL,0,0,0,0
14,26,UL,0,0,0,0
14,27,DL,0,0,0,0
14,27,UL,0,0,0,0
14,28,DL,0,0,0,0
14,28,UL,0,0,0,0
14,29,DL,0,0,0,0
14,29,UL,0,0,0,0
14,30,DL,0,0,0,0
14,30,UL,0,0,0,0
14,31,DL,0,0,0,0
14,31,UL,0,0,0,0
14,32,DL,0,0,0,0
14,32,UL,0,0,0,0
14,33,DL,0,0,0,0
14,33,UL,0,0,0,0
14,34,DL,0,0,0,0
14,34,UL,0,0,0,0
14,35,DL,0,0,0,0
14,35,UL,0,0,0,0
14,36,DL,0,0,0,0
14,36,UL,0,0,0,0
14,37,DL,0,0,0,0
14,37,UL,0,0,0,0
14,38,DL,0,0,0,0
14,38,UL,0,0,0,0
14,39,DL,0,0,0,0
14,39,UL,0,0,0,0
14,40,DL,0,0,0,0
14,40,UL,0,0,0,0
14,41,DL,0,0,0,0
14,41,UL,0,0,0,0
14,42,DL,0,0,0,0
14,42,UL,0,0,0,0
14,43,DL,0,0,0,0
14,43,UL,0,0,0,0
14,44,DL,0,0,0,0
14,44,UL,0,0,0,0
14,45,DL,0,0,0,0
14,45,UL,0,0,0,0
14,46,DL,0,0,0,0
14,46,UL,0,0,0,0
14,47,DL,0,0,0,0
14,47,UL,0,0,0,0
14,48,DL,0,0,0,0
14,48,UL,0,0,0,0
14,49,DL,0,0,0,0
14,49,UL,0,0,0,0
14,50,DL,0,0,0,0
14,50,UL,0,0,0,0
14,51,DL,0,0,0,0
14,51,UL,0,0,0,0
14,52,DL,0,0,0,0
14,52,UL,0,0,0,0
14,53,DL,0,0,0,0
14,53,UL,0,0,0,0
14,54,DL,0,0,0,0
14,54,UL,0,0,0,0
14,55,DL,0,0,0,0
14,55,UL,0,0,0,0
14,56,DL,0,0,0,0
14,56,UL,0,0,0,0
14,57,DL,0,0,0,0
14,57,UL,0,0,0,0
14,58,DL,0,0,0,0
14,58,UL,0,0,0,0
14,59,DL,0,0,0,0
14,59,UL,0,0,0,0
14,60,DL,0,0,0,0
14,60,UL,0,0,0,0
14,61,DL,0,0,0,0
14,61,UL,0,0,0,0
14,62,DL,0,0,0,0
14,62,UL,0,0,0,0
14,63,DL,0,0,0,0
14,63,UL,0,0,0,0
14,64,DL,0,0,0,0
14,64,UL,0,0,0,0
14,65,DL,0,0,0,0
14,65,UL,0,0,0,0
14,66,DL,0,0,0,0
14,66,UL,0,0,0,0
14,67,DL,0,0,0,0
14,67,UL,0,0,0,0
14,68,DL,0,0,0,0
14,68,UL,0,0,0,0
14,69,DL,0,0,0,0
14,69,UL,0,0,0,0
14,70,DL,0,0,0,0
14,70,UL,0,0,0,0
14,71,DL,0,0,0,0
14,71,UL,0,0,0,0
14,72,DL,0,0,0,0
14,72,UL,0,0,0,0
14,73,DL,0,0,0,0
14,73,UL,0,0,0,0
14,74,DL,0,0,0,0
14,74,UL,0,0,0,0
14,75,DL,0,0,0,0
14,75,UL,0,0,0,0
14,76,DL,0,0,0,0
14,76,UL,0,0,0,0
14,77,DL,0,0,0,0
14,77,UL,0,0,0,0
14,78,DL,0,0,0,0
14,78,UL,0,0,0,0
14,79,DL,0,0,0,0
14,79,UL,0,0,0,0
16,0,DL,0,0,0,0
16,0,UL,0,0,0,0
16,1,DL,0.0610615,0.0431923,0.101959,52
16,1,UL,0.0480321,0,0.00392151,8.33333
16,2,DL,0,0,0,0
16,2,UL,0,0,0,0
16,3,DL,0,0,0,0
16,3,UL,0,0,0,0
16,4,DL,0,0,0,0
16,4,UL,0,0,0,0
16,5,DL,0,0,0,0
16,5,UL,0,0,0,0
16,6,DL,0,0,0,0
16,6,UL,0,0,0,0
16,7,DL,0,0,0,0
16,7,UL,0,0,0,0
16,8,DL,0,0,0,0
16,8,UL,0,0,0,0
16,9,DL,0,0,0,0
16,9,UL,0,0,0,0
16,10,DL,0,0,0,0
16,10,UL,0,0,0,0
16,11,DL,0,0,0,0
16,11,UL,0,0,0,0
16,12,DL,0,0,0,0
16,12,UL,0,0,0,0
16,13,DL,0,0,0,0
16,13,UL,0,0,0,0
16,14,DL,0,0,0,0
16,14,UL,0,0,0,0
16,15,DL,0,0,0,0
16,15,UL,0,0,0,0
16,16,DL,0,0,0,0
16,16,UL,0,0,0,0
16,17,DL,0,0,0,0
16,17,UL,0,0,0,0
16,18,DL,0,0,0,0
16,18,UL,0,0,0,0
16,19,DL,0,0,0,0
16,19,UL,0,0,0,0
16,20,DL,0,0,0,0
16,20,UL,0,0,0,0
16,21,DL,0,0,0,0
16,21,UL,0,0,0,0
16,22,DL,0,0,0,0
16,22,UL,0,0,0,0
16,23,DL,0,0,0,0
16,23,UL,0,0,0,0
16,24,DL,0,0,0,0
16,24,UL,0,0,0,0
16,25,DL,0,0,0,0
16,25,UL,0,0,0,0
16,26,DL,0,0,0,0
16,26,UL,0,0,0,0
16,27,DL,0,0,0,0
16,27,UL,0,0,0,0
16,28,DL,0,0,0,0
16,28,UL,0,0,0,0
16,29,DL,0,0,0,0
16,29,UL,0,0,0,0
16,30,DL,0,0,0,0
16,30,UL,0,0,0,0
16,31,DL,0,0,0,0
16,31,UL,0,0,0,0
16,32,DL,0,0,0,0
16,32,UL,0,0,0,0
16,33,DL,0,0,0,0
16,33,UL,0,0,0,0
16,34,DL,0,0,0,0
16,34,UL,0,0,0,0
16,35,DL,0,0,0,0
16,35,UL,0,0,0,0
16,36,DL,0,0,0,0
16,36,UL,0,0,0,0
16,37,DL,0,0,0,0
16,37,UL,0,0,0,0
16,38,DL,0,0,0,0
16,38,UL,0,0,0,0
16,39,DL,0,0,0,0
16,39,UL,0,0,0,0
16,40,DL,0,0,0,0
16,40,UL,0,0,0,0
16,41,DL,0,0,0,0
16,41,UL,0,0,0,0
16,42,DL,0,0,0,0
16,42,UL,0,0,0,0
16,43,DL,0,0,0,0
16,43,UL,0,0,0,0
16,44,DL,0,0,0,0
16,44,UL,0,0,0,0
16,45,DL,0,0,0,0
16,45,UL,0,0,0,0
16,46,DL,0,0,0,0
16,46,UL,0,0,0,0
16,47,DL,0,0,0,0
16,47,UL,0,0,0,0
16,48,DL,0,0,0,0
16,48,UL,0,0,0,0
16,49,DL,0,0,0,0
16,49,UL,0,0,0,0
16,50,DL,0,0,0,0
16,50,UL,0,0,0,0
16,51,DL,0,0,0,0
16,51,UL,0,0,0,0
16,52,DL,0.0111,0,0.00392151,2
16,52,UL,0.0480312,0,0.00392151,8.33333
16,53,DL,0,0,0,0
16,53,UL,0,0,0,0
16,54,DL,0,0,0,0
16,54,UL,0,0,0,0
16,55,DL,0,0,0,0
16,55,UL,0,0,0,0
16,56,DL,0,0,0,0
16,56,UL,0,0,0,0
16,57,DL,0,0,0,0
16,57,UL,0,0,0,0
16,58,DL,0,0,0,0
16,58,UL,0,0,0,0
16,59,DL,0,0,0,0
16,59,UL,0,0,0,0
16,60,DL,0,0,0,0
16,60,UL,0,0,0,0
16,61,DL,0.00847499,0.007125,0.0313721,16
16,61,UL,0.0480304,0,0.00392151,8.33333
16,62,DL,0,0,0,0
16,62,UL,0,0,0,0
16,63,DL,0,0,0,0
16,63,UL,0,0,0,0
16,64,DL,0,0,0,0
16,64,UL,0,0,0,0
16,65,DL,0,0,0,0
16,65,UL,0,0,0,0
16,66,DL,0,0,0,0
16,66,UL,0,0,0,0
16,67,DL,0,0,0,0
16,67,UL,0,0,0,0
16,68,DL,0,0,0,0
16,68,UL,0,0,0,0
16,69,DL,0,0,0,0
16,69,UL,0,0,0,0
16,70,DL,0,0,0,0
16,70,UL,0,0,0,0
16,71,DL,0,0,0,0
16,71,UL,0,0,0,0
16,72,DL,0,0,0,0
16,72,UL,0,0,0,0
16,73,DL,0,0,0,0
16,73,UL,0,0,0,0
16,74,DL,0,0,0,0
16,74,UL,0,0,0,0
16,75,DL,0,0,0,0
16,75,UL,0,0,0,0
16,76,DL,0,0,0,0
16,76,UL,0,0,0,0
16,77,DL,0,0,0,0
16,77,UL,0,0,0,0
16,78,DL,0,0,0,0
16,78,UL,0,0,0,0
16,79,DL,0,0,0,0
16,79,UL,0,0,0,0
18,0,DL,0,0,0,0
18,0,UL,0,0,0,0
18,1,DL,0,0,0,0
18,1,UL,0,0,0,0
18,2,DL,0,0,0,0
18,2,UL,0,0,0,0
18,3,DL,0,0,0,0
18,3,UL,0,0,0,0
18,4,DL,0,0,0,0
18,4,UL,0,0,0,0
18,5,DL,0,0,0,0
18,5,UL,0,0,0,0
18,6,DL,0,0,0,0
18,6,UL,0,0,0,0
18,7,DL,0,0,0,0
18,7,UL,0,0,0,0
18,8,DL,0,0,0,0
18,8,UL,0,0,0,0
18,9,DL,0,0,0,0
18,9,UL,0,0,0,0
18,10,DL,0,0,0,0
18,10,UL,0,0,0,0
18,11,DL,0,0,0,0
18,11,UL,0,0,0,0
18,12,DL,0,0,0,0
18,12,UL,0,0,0,0
18,13,DL,0,0,0,0
18,13,UL,0,0,0,0
18,14,DL,0,0,0,0
18,14,UL,0,0,0,0
18,15,DL,0,0,0,0
18,15,UL,0,0,0,0
18,16,DL,0,0,0,0
18,16,UL,0,0,0,0
18,17,DL,0,0,0,0
18,17,UL,0,0,0,0
18,18,DL,0,0,0,0
18,18,UL,0,0,0,0
18,19,DL,0,0,0,0
18,19,UL,0,0,0,0
18,20,DL,0,0,0,0
18,20,UL,0,0,0,0
18,21,DL,0,0,0,0
18,21,UL,0,0,0,0
18,22,DL,0,0,0,0
18,22,UL,0,0,0,0
18,23,DL,0,0,0,0
18,23,UL,0,0,0,0
18,24,DL,0,0,0,0
18,24,UL,0,0,0,0
18,25,DL,0,0,0,0
18,25,UL,0,0,0,0
18,26,DL,0,0,0,0
18,26,UL,0,0,0,0
18,27,DL,0,0,0,0
18,27,UL,0,0,0,0
18,28,DL,0,0,0,0
18,28,UL,0,0,0,0
18,29,DL,0,0,0,0
18,29,UL,0,0,0,0
18,30,DL,0,0,0,0
18,30,UL,0,0,0,0
18,31,DL,0,0,0,0
18,31,UL,0,0,0,0
18,32,DL,0,0,0,0
18,32,UL,0,0,0,0
18,33,DL,0,0,0,0
18,33,UL,0,0,0,0
18,34,DL,0,0,0,0
18,34,UL,0,0,0,0
18,35,DL,0,0,0,0
18,35,UL,0,0,0,0
18,36,DL,0,0,0,0
18,36,UL,0,0,0,0
18,37,DL,0,0,0,0
18,37,UL,0,0,0,0
18,38,DL,0,0,0,0
18,38,UL,0,0,0,0
18,39,DL,0,0,0,0
18,39,UL,0,0,0,0
18,40,DL,0,0,0,0
18,40,UL,0,0,0,0
18,41,DL,0,0,0,0
18,41,UL,0,0,0,0
18,42,DL,0,0,0,0
18,42,UL,0,0,0,0
18,43,DL,0,0,0,0
18,43,UL,0,0,0,0
18,44,DL,0,0,0,0
18,44,UL,0,0,0,0
18,45,DL,0,0,0,0
18,45,UL,0,0,0,0
18,46,DL,0,0,0,0
18,46,UL,0,0,0,0
18,47,DL,0,0,0,0
18,47,UL,0,0,0,0
18,48,DL,0,0,0,0
18,48,UL,0,0,0,0
18,49,DL,0,0,0,0
18,49,UL,0,0,0,0
18,50,DL,0,0,0,0
18,50,UL,0,0,0,0
18,51,DL,0,0,0,0
18,51,UL,0,0,0,0
18,52,DL,0,0,0,0
18,52,UL,0,0,0,0
18,53,DL,0,0,0,0
18,53,UL,0,0,0,0
18,54,DL,0,0,0,0
18,54,UL,0,0,0,0
18,55,DL,0,0,0,0
18,55,UL,0,0,0,0
18,56,DL,0,0,0,0
18,56,UL,0,0,0,0
18,57,DL,0,0,0,0
18,57,UL,0,0,0,0
18,58,DL,0,0,0,0
18,58,UL,0,0,0,0
18,59,DL,0,0,0,0
18,59,UL,0,0,0,0
18,60,DL,0,0,0,0
18,60,UL,0,0,0,0
18,61,DL,0,0,0,0
18,61,UL,0,0,0,0
18,62,DL,0,0,0,0
18,62,UL,0,0,0,0
18,63,DL,0,0,0,0
18,63,UL,0,0,0,0
18,64,DL,0,0,0,0
18,64,UL,0,0,0,0
18,65,DL,0,0,0,0
18,65,UL,0,0,0,0
18,66,DL,0,0,0,0
18,66,UL,0,0,0,0
18,67,DL,0,0,0,0
18,67,UL,0,0,0,0
18,68,DL,0,0,0,0
18,68,UL,0,0,0,0
18,69,DL,0,0,0,0
18,69,UL,0,0,0,0
18,70,DL,0,0,0,0
18,70,UL,0,0,0,0
18,71,DL,0,0,0,0
18,71,UL,0,0,0,0
18,72,DL,0,0,0,0
18,72,UL,0,0,0,0
18,73,DL,0,0,0,0
18,73,UL,0,0,0,0
18,74,DL,0,0,0,0
18,74,UL,0,0,0,0
18,75,DL,0,0,0,0
18,75,UL,0,0,0,0
18,76,DL,0,0,0,0
18,76,UL,0,0,0,0
18,77,DL,0,0,0,0
18,77,UL,0,0,0,0
18,78,DL,0,0,0,0
18,78,UL,0,0,0,0
18,79,DL,0,0,0,0
18,79,UL,0,0,0,0
20,0,DL,0,0,0,0
20,0,UL,0,0,0,0
20,1,DL,0,0,0,0
20,1,UL,0,0,0,0
20,2,DL,0,0,0,0
20,2,UL,0,0,0,0
20,3,DL,0,0,0,0
20,3,UL,0,0,0,0
20,4,DL,0,0,0,0
20,4,UL,0,0,0,0
20,5,DL,0,0,0,0
20,5,UL,0,0,0,0
20,6,DL,0,0,0,0
20,6,UL,0,0,0,0
20,7,DL,0,0,0,0
20,7,UL,0,0,0,0
20,8,DL,0,0,0,0
20,8,UL,0,0,0,0
20,9,DL,0,0,0,0
20,9,UL,0,0,0,0
20,10,DL,0,0,0,0
20,10,UL,0,0,0,0
20,11,DL,0,0,0,0
20,11,UL,0,0,0,0
20,12,DL,0,0,0,0
20,12,UL,0,0,0,0
20,13,DL,0,0,0,0
20,13,UL,0,0,0,0
20,14,DL,0,0,0,0
20,14,UL,0,0,0,0
20,15,DL,0,0,0,0
20,15,UL,0,0,0,0
20,16,DL,0,0,0,0
20,16,UL,0,0,0,0
20,17,DL,0,0,0,0
20,17,UL,0,0,0,0
20,18,DL,0,0,0,0
20,18,UL,0,0,0,0
20,19,DL,0,0,0,0
20,19,UL,0,0,0,0
20,20,DL,0,0,0,0
20,20,UL,0,0,0,0
20,21,DL,0,0,0,0
20,21,UL,0,0,0,0
20,22,DL,0,0,0,0
20,22,UL,0,0,0,0
20,23,DL,0,0,0,0
20,23,UL,0,0,0,0
20,24,DL,0,0,0,0
20,24,UL,0,0,0,0
20,25,DL,0,0,0,0
20,25,UL,0,0,0,0
20,26,DL,0,0,0,0
20,26,UL,0,0,0,0
20,27,DL,0,0,0,0
20,27,UL,0,0,0,0
20,28,DL,0,0,0,0
20,28,UL,0,0,0,0
20,29,DL,0,0,0,0
20,29,UL,0,0,0,0
20,30,DL,0,0,0,0
20,30,UL,0,0,0,0
20,31,DL,0,0,0,0
20,31,UL,0,0,0,0
20,32,DL,0,0,0,0
20,32,UL,0,0,0,0
20,33,DL,0,0,0,0
20,33,UL,0,0,0,0
20,34,DL,0,0,0,0
20,34,UL,0,0,0,0
20,35,DL,0,0,0,0
20,35,UL,0,0,0,0
20,36,DL,0,0,0,0
20,36,UL,0,0,0,0
20,37,DL,0,0,0,0
20,37,UL,0,0,0,0
20,38,DL,0,0,0,0
20,38,UL,0,0,0,0
20,39,DL,0,0,0,0
20,39,UL,0,0,0,0
20,40,DL,0,0,0,0
20,40,UL,0,0,0,0
20,41,DL,0,0,0,0
20,41,UL,0,0,0,0
20,42,DL,0,0,0,0
20,42,UL,0,0,0,0
20,43,DL,0,0,0,0
20,43,UL,0,0,0,0
20,44,DL,0,0,0,0
20,44,UL,0,0,0,0
20,45,DL,0,0,0,0
20,45,UL,0,0,0,0
20,46,DL,0,0,0,0
20,46,UL,0,0,0,0
20,47,DL,0,0,0,0
20,47,UL,0,0,0,0
20,48,DL,0,0,0,0
20,48,UL,0,0,0,0
20,49,DL,0,0,0,0
20,49,UL,0,0,0,0
20,50,DL,0,0,0,0
20,50,UL,0,0,0,0
20,51,DL,0,0,0,0
20,51,UL,0,0,0,0
20,52,DL,0,0,0,0
20,52,UL,0,0,0,0
20,53,DL,0,0,0,0
20,53,UL,0,0,0,0
20,54,DL,0,0,0,0
20,54,UL,0,0,0,0
20,55,DL,0,0,0,0
20,55,UL,0,0,0,0
20,56,DL,0,0,0,0
20,56,UL,0,0,0,0
20,57,DL,0,0,0,0
20,57,UL,0,0,0,0
20,58,DL,0,0,0,0
20,58,UL,0,0,0,0
20,59,DL,0,0,0,0
20,59,UL,0,0,0,0
20,60,DL,0,0,0,0
20,60,UL,0,0,0,0
20,61,DL,0,0,0,0
20,61,UL,0,0,0,0
20,62,DL,0,0,0,0
20,62,UL,0,0,0,0
20,63,DL,0,0,0,0
20,63,UL,0,0,0,0
20,64,DL,0,0,0,0
20,64,UL,0,0,0,0
20,65,DL,0,0,0,0
20,65,UL,0,0,0,0
20,66,DL,0,0,0,0
20,66,UL,0,0,0,0
20,67,DL,0,0,0,0
20,67,UL,0,0,0,0
20,68,DL,0,0,0,0
20,68,UL,0,0,0,0
20,69,DL,0,0,0,0
20,69,UL,0,0,0,0
20,70,DL,0,0,0,0
20,70,UL,0,0,0,0
20,71,DL,0.0181,0.013,0.00784302,4
20,71,UL,0.0480304,0,0.00392151,8.33333
20,72,DL,0,0,0,0
20,72,UL,0,0,0,0
20,73,DL,0,0,0,0
20,73,UL,0,0,0,0
20,74,DL,0,0,0,0
20,74,UL,0,0,0,0
20,75,DL,0,0,0,0
20,75,UL,0,0,0,0
20,76,DL,0,0,0,0
20,76,UL,0,0,0,0
20,77,DL,0,0,0,0
20,77,UL,0,0,0,0
20,78,DL,0,0,0,0
20,78,UL,0,0,0,0
20,79,DL,0,0,0,0
20,79,UL,0,0,0,0
22,0,DL,0,0,0,0
22,0,UL,0,0,0,0
22,1,DL,0,0,0,0
22,1,UL,0,0,0,0
22,2,DL,0,0,0,0
22,2,UL,0,0,0,0
22,3,DL,0,0,0,0
22,3,UL,0,0,0,0
22,4,DL,0,0,0,0
22,4,UL,0,0,0,0
22,5,DL,0,0,0,0
22,5,UL,0,0,0,0
22,6,DL,0,0,0,0
22,6,UL,0,0,0,0
22,7,DL,0,0,0,0
22,7,UL,0,0,0,0
22,8,DL,0,0,0,0
22,8,UL,0,0,0,0
22,9,DL,0,0,0,0
22,9,UL,0,0,0,0
22,10,DL,0,0,0,0
22,10,UL,0,0,0,0
22,11,DL,0,0,0,0
22,11,UL,0,0,0,0
22,12,DL,0,0,0,0
22,12,UL,0,0,0,0
22,13,DL,0,0,0,0
22,13,UL,0,0,0,0
22,14,DL,0,0,0,0
22,14,UL,0,0,0,0
22,15,DL,0,0,0,0
22,15,UL,0,0,0,0
22,16,DL,0,0,0,0
22,16,UL,0,0,0,0
22,17,DL,0,0,0,0
22,17,UL,0,0,0,0
22,18,DL,0,0,0,0
22,18,UL,0,0,0,0
22,19,DL,0,0,0,0
22,19,UL,0,0,0,0
22,20,DL,0,0,0,0
22,20,UL,0,0,0,0
22,21,DL,0,0,0,0
22,21,UL,0,0,0,0
22,22,DL,0,0,0,0
22,22,UL,0,0,0,0
22,23,DL,0,0,0,0
22,23,UL,0,0,0,0
22,24,DL,0,0,0,0
22,24,UL,0,0,0,0
22,25,DL,0,0,0,0
22,25,UL,0,0,0,0
22,26,DL,0,0,0,0
22,26,UL,0,0,0,0
22,27,DL,0,0,0,0
22,27,UL,0,0,0,0
22,28,DL,0,0,0,0
22,28,UL,0,0,0,0
22,29,DL,0,0,0,0
22,29,UL,0,0,0,0
22,30,DL,0,0,0,0
22,30,UL,0,0,0,0
22,31,DL,0,0,0,0
22,31,UL,0,0,0,0
22,32,DL,0,0,0,0
22,32,UL,0,0,0,0
22,33,DL,0,0,0,0
22,33,UL,0,0,0,0
22,34,DL,0,0,0,0
22,34,UL,0,0,0,0
22,35,DL,0,0,0,0
22,35,UL,0,0,0,0
22,36,DL,0,0,0,0
22,36,UL,0,0,0,0
22,37,DL,0,0,0,0
22,37,UL,0,0,0,0
22,38,DL,0,0,0,0
22,38,UL,0,0,0,0
22,39,DL,0,0,0,0
22,39,UL,0,0,0,0
22,40,DL,0,0,0,0
22,40,UL,0,0,0,0
22,41,DL,0,0,0,0
22,41,UL,0,0,0,0
22,42,DL,0,0,0,0
22,42,UL,0,0,0,0
22,43,DL,0,0,0,0
22,43,UL,0,0,0,0
22,44,DL,0,0,0,0
22,44,UL,0,0,0,0
22,45,DL,0,0,0,0
22,45,UL,0,0,0,0
22,46,DL,0,0,0,0
22,46,UL,0,0,0,0
22,47,DL,0,0,0,0
22,47,UL,0,0,0,0
22,48,DL,0,0,0,0
22,48,UL,0,0,0,0
22,49,DL,0,0,0,0
22,49,UL,0,0,0,0
22,50,DL,0,0,0,0
22,50,UL,0,0,0,0
22,51,DL,0,0,0,0
22,51,UL,0,0,0,0
22,52,DL,0,0,0,0
22,52,UL,0,0,0,0
22,53,DL,0,0,0,0
22,53,UL,0,0,0,0
22,54,DL,0,0,0,0
22,54,UL,0,0,0,0
22,55,DL,0,0,0,0
22,55,UL,0,0,0,0
22,56,DL,0,0,0,0
22,56,UL,0,0,0,0
22,57,DL,0,0,0,0
22,57,UL,0,0,0,0
22,58,DL,0,0,0,0
22,58,UL,0,0,0,0
22,59,DL,0.00859999,0.0025,0.00784302,4
22,59,UL,0,0,0,0
22,60,DL,0,0,0,0
22,60,UL,0,0,0,0
22,61,DL,0,0,0,0
22,61,UL,0,0,0,0
22,62,DL,0,0,0,0
22,62,UL,0,0,0,0
22,63,DL,0,0,0,0
22,63,UL,0,0,0,0
22,64,DL,0,0,0,0
22,64,UL,0,0,0,0
22,65,DL,0,0,0,0
22,65,UL,0,0,0,0
22,66,DL,0,0,0,0
22,66,UL,0,0,0,0
22,67,DL,0,0,0,0
22,67,UL,0,0,0,0
22,68,DL,0,0,0,0
22,68,UL,0,0,0,0
22,69,DL,0,0,0,0
22,69,UL,0,0,0,0
22,70,DL,0,0,0,0
22,70,UL,0,0,0,0
22,71,DL,0,0,0,0
22,71,UL,0,0,0,0
22,72,DL,0,0,0,0
22,72,UL,0,0,0,0
22,73,DL,0,0,0,0
22,73,UL,0,0,0,0
22,74,DL,0,0,0,0
22,74,UL,0,0,0,0
22,75,DL,0,0,0,0
22,75,UL,0,0,0,0
22,76,DL,0,0,0,0
22,76,UL,0,0,0,0
22,77,DL,0,0,0,0
22,77,UL,0,0,0,0
22,78,DL,0,0,0,0
22,78,UL,0,0,0,0
22,79,DL,0,0,0,0
22,79,UL,0,0,0,0
24,0,DL,0,0,0,0
24,0,UL,0,0,0,0
24,1,DL,0,0,0,0
24,1,UL,0,0,0,0
24,2,DL,0,0,0,0
24,2,UL,0,0,0,0
24,3,DL,0,0,0,0
24,3,UL,0,0,0,0
24,4,DL,0,0,0,0
24,4,UL,0,0,0,0
24,5,DL,0,0,0,0
24,5,UL,0,0,0,0
24,6,DL,0,0,0,0
24,6,UL,0,0,0,0
24,7,DL,0,0,0,0
24,7,UL,0,0,0,0
24,8,DL,0.00759999,0.0035,0.00784302,4
24,8,UL,0.0480312,0,0.00392151,8.33333
24,9,DL,0,0,0,0
24,9,UL,0,0,0,0
24,10,DL,0,0,0,0
24,10,UL,0,0,0,0
24,11,DL,0,0,0,0
24,11,UL,0,0,0,0
24,12,DL,0,0,0,0
24,12,UL,0,0,0,0
24,13,DL,0.0191,0.0223333,0.0470581,24
24,13,UL,0.0480304,0,0.00392151,8.33333
24,14,DL,0,0,0,0
24,14,UL,0,0,0,0
24,15,DL,0,0,0,0
24,15,UL,0,0,0,0
24,16,DL,0,0,0,0
24,16,UL,0,0,0,0
24,17,DL,0,0,0,0
24,17,UL,0,0,0,0
24,18,DL,0,0,0,0
24,18,UL,0,0,0,0
24,19,DL,0,0,0,0
24,19,UL,0,0,0,0
24,20,DL,0,0,0,0
24,20,UL,0,0,0,0
24,21,DL,0,0,0,0
24,21,UL,0,0,0,0
24,22,DL,0,0,0,0
24,22,UL,0,0,0,0
24,23,DL,0,0,0,0
24,23,UL,0,0,0,0
24,24,DL,0,0,0,0
24,24,UL,0,0,0,0
24,25,DL,0,0,0,0
24,25,UL,0,0,0,0
24,26,DL,0,0,0,0
24,26,UL,0,0,0,0
24,27,DL,0,0,0,0
24,27,UL,0,0,0,0
24,28,DL,0,0,0,0
24,28,UL,0,0,0,0
24,29,DL,0,0,0,0
24,29,UL,0,0,0,0
24,30,DL,0,0,0,0
24,30,UL,0,0,0,0
24,31,DL,0,0,0,0
24,31,UL,0,0,0,0
24,32,DL,0,0,0,0
24,32,UL,0,0,0,0
24,33,DL,0,0,0,0
24,33,UL,0,0,0,0
24,34,DL,0,0,0,0
24,34,UL,0,0,0,0
24,35,DL,0,0,0,0
24,35,UL,0,0,0,0
24,36,DL,0,0,0,0
24,36,UL,0,0,0,0
24,37,DL,0,0,0,0
24,37,UL,0,0,0,0
24,38,DL,0,0,0,0
24,38,UL,0,0,0,0
24,39,DL,0,0,0,0
24,39,UL,0,0,0,0
24,40,DL,0,0,0,0
24,40,UL,0,0,0,0
24,41,DL,0,0,0,0
24,41,UL,0,0,0,0
24,42,DL,0,0,0,0
24,42,UL,0,0,0,0
24,43,DL,0,0,0,0
24,43,UL,0,0,0,0
24,44,DL,0,0,0,0
24,44,UL,0,0,0,0
24,45,DL,0,0,0,0
24,45,UL,0,0,0,0
24,46,DL,0,0,0,0
24,46,UL,0,0,0,0
24,47,DL,0,0,0,0
24,47,UL,0,0,0,0
24,48,DL,0,0,0,0
24,48,UL,0,0,0,0
24,49,DL,0,0,0,0
24,49,UL,0,0,0,0
24,50,DL,0,0,0,0
24,50,UL,0,0,0,0
24,51,DL,0,0,0,0
24,51,UL,0,0,0,0
24,52,DL,0,0,0,0
24,52,UL,0,0,0,0
24,53,DL,0,0,0,0
24,53,UL,0,0,0,0
24,54,DL,0,0,0,0
24,54,UL,0,0,0,0
24,55,DL,0,0,0,0
24,55,UL,0,0,0,0
24,56,DL,0,0,0,0
24,56,UL,0,0,0,0
24,57,DL,0,0,0,0
24,57,UL,0,0,0,0
24,58,DL,0,0,0,0
24,58,UL,0,0,0,0
24,59,DL,0,0,0,0
24,59,UL,0,0,0,0
24,60,DL,0,0,0,0
24,60,UL,0,0,0,0
24,61,DL,0,0,0,0
24,61,UL,0,0,0,0
24,62,DL,0,0,0,0
24,62,UL,0,0,0,0
24,63,DL,0,0,0,0
24,63,UL,0,0,0,0
24,64,DL,0,0,0,0
24,64,UL,0,0,0,0
24,65,DL,0,0,0,0
24,65,UL,0,0,0,0
24,66,DL,0,0,0,0
24,66,UL,0,0,0,0
24,67,DL,0,0,0,0
24,67,UL,0,0,0,0
24,68,DL,0,0,0,0
24,68,UL,0,0,0,0
24,69,DL,0,0,0,0
24,69,UL,0,0,0,0
24,70,DL,0,0,0,0
24,70,UL,0,0,0,0
24,71,DL,0,0,0,0
24,71,UL,0,0,0,0
24,72,DL,0,0,0,0
24,72,UL,0,0,0,0
24,73,DL,0,0,0,0
24,73,UL,0,0,0,0
24,74,DL,0,0,0,0
24,74,UL,0,0,0,0
24,75,DL,0,0,0,0
24,75,UL,0,0,0,0
24,76,DL,0,0,0,0
24,76,UL,0,0,0,0
24,77,DL,0,0,0,0
24,77,UL,0,0,0,0
24,78,DL,0,0,0,0
24,78,UL,0,0,0,0
24,79,DL,0,0,0,0
24,79,UL,0,0,0,0
26,0,DL,0,0,0,0
26,0,UL,0,0,0,0
26,1,DL,0,0,0,0
26,1,UL,0,0,0,0
26,2,DL,0,0,0,0
26,2,UL,0,0,0,0
26,3,DL,0,0,0,0
26,3,UL,0,0,0,0
26,4,DL,0,0,0,0
26,4,UL,0,0,0,0
26,5,DL,0,0,0,0
26,5,UL,0,0,0,0
26,6,DL,0,0,0,0
26,6,UL,0,0,0,0
26,7,DL,0,0,0,0
26,7,UL,0,0,0,0
26,8,DL,0,0,0,0
26,8,UL,0,0,0,0
26,9,DL,0,0,0,0
26,9,UL,0,0,0,0
26,10,DL,0,0,0,0
26,10,UL,0,0,0,0
26,11,DL,0,0,0,0
26,11,UL,0,0,0,0
26,12,DL,0,0,0,0
26,12,UL,0,0,0,0
26,13,DL,0,0,0,0
26,13,UL,0,0,0,0
26,14,DL,0,0,0,0
26,14,UL,0,0,0,0
26,15,DL,0,0,0,0
26,15,UL,0,0,0,0
26,16,DL,0,0,0,0
26,16,UL,0,0,0,0
26,17,DL,0,0,0,0
26,17,UL,0,0,0,0
26,18,DL,0,0,0,0
26,18,UL,0,0,0,0
26,19,DL,0,0,0,0
26,19,UL,0,0,0,0
26,20,DL,0,0,0,0
26,20,UL,0,0,0,0
26,21,DL,0,0,0,0
26,21,UL,0,0,0,0
26,22,DL,0,0,0,0
26,22,UL,0,0,0,0
26,23,DL,0,0,0,0
26,23,UL,0,0,0,0
26,24,DL,0,0,0,0
26,24,UL,0,0,0,0
26,25,DL,0,0,0,0
26,25,UL,0,0,0,0
26,26,DL,0,0,0,0
26,26,UL,0,0,0,0
26,27,DL,0,0,0,0
26,27,UL,0,0,0,0
26,28,DL,0,0,0,0
26,28,UL,0,0,0,0
26,29,DL,0,0,0,0
26,29,UL,0,0,0,0
26,30,DL,0,0,0,0
26,30,UL,0,0,0,0
26,31,DL,0,0,0,0
26,31,UL,0,0,0,0
26,32,DL,0,0,0,0
26,32,UL,0,0,0,0
26,33,DL,0,0,0,0
26,33,UL,0,0,0,0
26,34,DL,0,0,0,0
26,34,UL,0,0,0,0
26,35,DL,0,0,0,0
26,35,UL,0,0,0,0
26,36,DL,0,0,0,0
26,36,UL,0,0,0,0
26,37,DL,0,0,0,0
26,37,UL,0,0,0,0
26,38,DL,0,0,0,0
26,38,UL,0,0,0,0
26,39,DL,0,0,0,0
26,39,UL,0,0,0,0
26,40,DL,0,0,0,0
26,40,UL,0,0,0,0
26,41,DL,0,0,0,0
26,41,UL,0,0,0,0
26,42,DL,0,0,0,0
26,42,UL,0,0,0,0
26,43,DL,0,0,0,0
26,43,UL,0,0,0,0
26,44,DL,0,0,0,0
26,44,UL,0,0,0,0
26,45,DL,0,0,0,0
26,45,UL,0,0,0,0
26,46,DL,0,0,0,0
26,46,UL,0,0,0,0
26,47,DL,0,0,0,0
26,47,UL,0,0,0,0
26,48,DL,0,0,0,0
26,48,UL,0,0,0,0
26,49,DL,0,0,0,0
26,49,UL,0,0,0,0
26,50,DL,0,0,0,0
26,50,UL,0,0,0,0
26,51,DL,0,0,0,0
26,51,UL,0,0,0,0
26,52,DL,0,0,0,0
26,52,UL,0,0,0,0
26,53,DL,0,0,0,0
26,53,UL,0,0,0,0
26,54,DL,0,0,0,0
26,54,UL,0,0,0,0
26,55,DL,0,0,0,0
26,55,UL,0,0,0,0
26,56,DL,0,0,0,0
26,56,UL,0,0,0,0
26,57,DL,0,0,0,0
26,57,UL,0,0,0,0
26,58,DL,0,0,0,0
26,58,UL,0,0,0,0
26,59,DL,0,0,0,0
26,59,UL,0,0,0,0
26,60,DL,0,0,0,0
26,60,UL,0,0,0,0
26,61,DL,0,0,0,0
26,61,UL,0,0,0,0
26,62,DL,0,0,0,0
26,62,UL,0,0,0,0
26,63,DL,0,0,0,0
26,63,UL,0,0,0,0
26,64,DL,0,0,0,0
26,64,UL,0,0,0,0
26,65,DL,0,0,0,0
26,65,UL,0,0,0,0
26,66,DL,0,0,0,0
26,66,UL,0,0,0,0
26,67,DL,0,0,0,0
26,67,UL,0,0,0,0
26,68,DL,0,0,0,0
26,68,UL,0,0,0,0
26,69,DL,0,0,0,0
26,69,UL,0,0,0,0
26,70,DL,0,0,0,0
26,70,UL,0,0,0,0
26,71,DL,0,0,0,0
26,71,UL,0,0,0,0
26,72,DL,0,0,0,0
26,72,UL,0,0,0,0
26,73,DL,0,0,0,0
26,73,UL,0,0,0,0
26,74,DL,0,0,0,0
26,74,UL,0,0,0,0
26,75,DL,0,0,0,0
26,75,UL,0,0,0,0
26,76,DL,0,0,0,0
26,76,UL,0,0,0,0
26,77,DL,0,0,0,0
26,77,UL,0,0,0,0
26,78,DL,0,0,0,0
26,78,UL,0,0,0,0
26,79,DL,0,0,0,0
26,79,UL,0,0,0,0
28,0,DL,0,0,0,0
28,0,UL,0,0,0,0
28,1,DL,0,0,0,0
28,1,UL,0,0,0,0
28,2,DL,0,0,0,0
28,2,UL,0,0,0,0
28,3,DL,0,0,0,0
28,3,UL,0,0,0,0
28,4,DL,0,0,0,0
28,4,UL,0,0,0,0
28,5,DL,0,0,0,0
28,5,UL,0,0,0,0
28,6,DL,0,0,0,0
28,6,UL,0,0,0,0
28,7,DL,0,0,0,0
28,7,UL,0,0,0,0
28,8,DL,0,0,0,0
28,8,UL,0,0,0,0
28,9,DL,0,0,0,0
28,9,UL,0,0,0,0
28,10,DL,0,0,0,0
28,10,UL,0,0,0,0
28,11,DL,0,0,0,0
28,11,UL,0,0,0,0
28,12,DL,0,0,0,0
28,12,UL,0,0,0,0
28,13,DL,0,0,0,0
28,13,UL,0,0,0,0
28,14,DL,0,0,0,0
28,14,UL,0,0,0,0
28,15,DL,0,0,0,0
28,15,UL,0,0,0,0
28,16,DL,0,0,0,0
28,16,UL,0,0,0,0
28,17,DL,0,0,0,0
28,17,UL,0,0,0,0
28,18,DL,0,0,0,0
28,18,UL,0,0,0,0
28,19,DL,0,0,0,0
28,19,UL,0,0,0,0
28,20,DL,0,0,0,0
28,20,UL,0,0,0,0
28,21,DL,0,0,0,0
28,21,UL,0,0,0,0
28,22,DL,0,0,0,0
28,22,UL,0,0,0,0
28,23,DL,0,0,0,0
28,23,UL,0,0,0,0
28,24,DL,0,0,0,0
28,24,UL,0,0,0,0
28,25,DL,0,0,0,0
28,25,UL,0,0,0,0
28,26,DL,0,0,0,0
28,26,UL,0,0,0,0
28,27,DL,0,0,0,0
28,27,UL,0,0,0,0
28,28,DL,0,0,0,0
28,28,UL,0,0,0,0
28,29,DL,0,0,0,0
28,29,UL,0,0,0,0
28,30,DL,0,0,0,0
28,30,UL,0,0,0,0
28,31,DL,0,0,0,0
28,31,UL,0,0,0,0
28,32,DL,0,0,0,0
28,32,UL,0,0,0,0
28,33,DL,0,0,0,0
28,33,UL,0,0,0,0
28,34,DL,0,0,0,0
28,34,UL,0,0,0,0
28,35,DL,0,0,0,0
28,35,UL,0,0,0,0
28,36,DL,0,0,0,0
28,36,UL,0,0,0,0
28,37,DL,0,0,0,0
28,37,UL,0,0,0,0
28,38,DL,0,0,0,0
28,38,UL,0,0,0,0
28,39,DL,0,0,0,0
28,39,UL,0,0,0,0
28,40,DL,0,0,0,0
28,40,UL,0,0,0,0
28,41,DL,0,0,0,0
28,41,UL,0,0,0,0
28,42,DL,0,0,0,0
28,42,UL,0,0,0,0
28,43,DL,0,0,0,0
28,43,UL,0,0,0,0
28,44,DL,0,0,0,0
28,44,UL,0,0,0,0
28,45,DL,0,0,0,0
28,45,UL,0,0,0,0
28,46,DL,0,0,0,0
28,46,UL,0,0,0,0
28,47,DL,0,0,0,0
28,47,UL,0,0,0,0
28,48,DL,0,0,0,0
28,48,UL,0,0,0,0
28,49,DL,0,0,0,0
28,49,UL,0,0,0,0
28,50,DL,0,0,0,0
28,50,UL,0,0,0,0
28,51,DL,0,0,0,0
28,51,UL,0,0,0,0
28,52,DL,0,0,0,0
28,52,UL,0,0,0,0
28,53,DL,0,0,0,0
28,53,UL,0,0,0,0
28,54,DL,0,0,0,0
28,54,UL,0,0,0,0
28,55,DL,0,0,0,0
28,55,UL,0,0,0,0
28,56,DL,0,0,0,0
28,56,UL,0,0,0,0
28,57,DL,0,0,0,0
28,57,UL,0,0,0,0
28,58,DL,0,0,0,0
28,58,UL,0,0,0,0
28,59,DL,0,0,0,0
28,59,UL,0,0,0,0
28,60,DL,0,0,0,0
28,60,UL,0,0,0,0
28,61,DL,0,0,0,0
28,61,UL,0,0,0,0
28,62,DL,0,0,0,0
28,62,UL,0,0,0,0
28,63,DL,0,0,0,0
28,63,UL,0,0,0,0
28,64,DL,0,0,0,0
28,64,UL,0,0,0,0
28,65,DL,0,0,0,0
28,65,UL,0,0,0,0
28,66,DL,0,0,0,0
28,66,UL,0,0,0,0
28,67,DL,0.154671,0.065,0.0274506,14
28,67,UL,0,0,0,0
28,68,DL,0,0,0,0
28,68,UL,0,0,0,0
28,69,DL,0,0,0,0
28,69,UL,0,0,0,0
28,70,DL,0,0,0,0
28,70,UL,0,0,0,0
28,71,DL,0,0,0,0
28,71,UL,0,0,0,0
28,72,DL,0,0,0,0
28,72,UL,0,0,0,0
28,73,DL,0,0,0,0
28,73,UL,0,0,0,0
28,74,DL,0,0,0,0
28,74,UL,0,0,0,0
28,75,DL,0,0,0,0
28,75,UL,0,0,0,0
28,76,DL,0,0,0,0
28,76,UL,0,0,0,0
28,77,DL,0,0,0,0
28,77,UL,0,0,0,0
28,78,DL,0,0,0,0
28,78,UL,0,0,0,0
28,79,DL,0,0,0,0
28,79,UL,0,0,0,0
30,0,DL,0,0,0,0
30,0,UL,0,0,0,0
30,1,DL,0,0,0,0
30,1,UL,0,0,0,0
30,2,DL,0,0,0,0
30,2,UL,0,0,0,0
30,3,DL,0,0,0,0
30,3,UL,0,0,0,0
30,4,DL,0,0,0,0
30,4,UL,0,0,0,0
30,5,DL,0,0,0,0
30,5,UL,0,0,0,0
30,6,DL,0,0,0,0
30,6,UL,0,0,0,0
30,7,DL,0,0,0,0
30,7,UL,0,0,0,0
30,8,DL,0,0,0,0
30,8,UL,0,0,0,0
30,9,DL,0,0,0,0
30,9,UL,0,0,0,0
30,10,DL,0,0,0,0
30,10,UL,0,0,0,0
30,11,DL,0,0,0,0
30,11,UL,0,0,0,0
30,12,DL,0,0,0,0
30,12,UL,0,0,0,0
30,13,DL,0,0,0,0
30,13,UL,0,0,0,0
30,14,DL,0,0,0,0
30,14,UL,0,0,0,0
30,15,DL,0,0,0,0
30,15,UL,0,0,0,0
30,16,DL,0,0,0,0
30,16,UL,0,0,0,0
30,17,DL,0,0,0,0
30,17,UL,0,0,0,0
30,18,DL,0,0,0,0
30,18,UL,0,0,0,0
30,19,DL,0,0,0,0
30,19,UL,0,0,0,0
30,20,DL,0,0,0,0
30,20,UL,0,0,0,0
30,21,DL,0,0,0,0
30,21,UL,0,0,0,0
30,22,DL,0,0,0,0
30,22,UL,0,0,0,0
30,23,DL,0,0,0,0
30,23,UL,0,0,0,0
30,24,DL,0,0,0,0
30,24,UL,0,0,0,0
30,25,DL,0,0,0,0
30,25,UL,0,0,0,0
30,26,DL,0,0,0,0
30,26,UL,0,0,0,0
30,27,DL,0,0,0,0
30,27,UL,0,0,0,0
30,28,DL,0,0,0,0
30,28,UL,0,0,0,0
30,29,DL,0,0,0,0
30,29,UL,0,0,0,0
30,30,DL,0,0,0,0
30,30,UL,0,0,0,0
30,31,DL,0,0,0,0
30,31,UL,0,0,0,0
30,32,DL,0,0,0,0
30,32,UL,0,0,0,0
30,33,DL,0,0,0,0
30,33,UL,0,0,0,0
30,34,DL,0,0,0,0
30,34,UL,0,0,0,0
30,35,DL,0,0,0,0
30,35,UL,0,0,0,0
30,36,DL,0,0,0,0
30,36,UL,0,0,0,0
30,37,DL,0,0,0,0
30,37,UL,0,0,0,0
30,38,DL,0,0,0,0
30,38,UL,0,0,0,0
30,39,DL,0,0,0,0
30,39,UL,0,0,0,0
30,40,DL,0,0,0,0
30,40,UL,0,0,0,0
30,41,DL,0,0,0,0
30,41,UL,0,0,0,0
30,42,DL,0,0,0,0
30,42,UL,0,0,0,0
30,43,DL,0,0,0,0
30,43,UL,0,0,0,0
30,44,DL,0,0,0,0
30,44,UL,0,0,0,0
30,45,DL,0,0,0,0
30,45,UL,0,0,0,0
30,46,DL,0,0,0,0
30,46,UL,0,0,0,0
30,47,DL,0,0,0,0
30,47,UL,0,0,0,0
30,48,DL,0,0,0,0
30,48,UL,0,0,0,0
30,49,DL,0,0,0,0
30,49,UL,0,0,0,0
30,50,DL,0,0,0,0
30,50,UL,0,0,0,0
30,51,DL,0,0,0,0
30,51,UL,0,0,0,0
30,52,DL,0,0,0,0
30,52,UL,0,0,0,0
30,53,DL,0,0,0,0
30,53,UL,0,0,0,0
30,54,DL,0,0,0,0
30,54,UL,0,0,0,0
30,55,DL,0,0,0,0
30,55,UL,0,0,0,0
30,56,DL,0,0,0,0
30,56,UL,0,0,0,0
30,57,DL,0,0,0,0
30,57,UL,0,0,0,0
30,58,DL,0,0,0,0
30,58,UL,0,0,0,0
30,59,DL,0,0,0,0
30,59,UL,0,0,0,0
30,60,DL,0,0,0,0
30,60,UL,0,0,0,0
30,61,DL,0,0,0,0
30,61,UL,0,0,0,0
30,62,DL,0,0,0,0
30,62,UL,0,0,0,0
30,63,DL,0,0,0,0
30,63,UL,0,0,0,0
30,64,DL,0,0,0,0
30,64,UL,0,0,0,0
30,65,DL,0,0,0,0
30,65,UL,0,0,0,0
30,66,DL,0,0,0,0
30,66,UL,0,0,0,0
30,67,DL,0,0,0,0
30,67,UL,0,0,0,0
30,68,DL,0,0,0,0
30,68,UL,0,0,0,0
30,69,DL,0,0,0,0
30,69,UL,0,0,0,0
30,70,DL,0,0,0,0
30,70,UL,0,0,0,0
30,71,DL,0,0,0,0
30,71,UL,0,0,0,0
30,72,DL,0,0,0,0
30,72,UL,0,0,0,0
30,73,DL,0,0,0,0
30,73,UL,0,0,0,0
30,74,DL,0,0,0,0
30,74,UL,0,0,0,0
30,75,DL,0,0,0,0
30,75,UL,0,0,0,0
30,76,DL,0,0,0,0
30,76,UL,0,0,0,0
30,77,DL,0,0,0,0
30,77,UL,0,0,0,0
30,78,DL,0,0,0,0
30,78,UL,0,0,0,0
30,79,DL,0,0,0,0
30,79,UL,0,0,0,0
32,0,DL,0,0,0,0
32,0,UL,0,0,0,0
32,1,DL,0,0,0,0
32,1,UL,0,0,0,0
32,2,DL,0,0,0,0
32,2,UL,0,0,0,0
32,3,DL,0,0,0,0
32,3,UL,0,0,0,0
32,4,DL,0,0,0,0
32,4,UL,0,0,0,0
32,5,DL,0,0,0,0
32,5,UL,0,0,0,0
32,6,DL,0,0,0,0
32,6,UL,0,0,0,0
32,7,DL,0,0,0,0
32,7,UL,0,0,0,0
32,8,DL,0,0,0,0
32,8,UL,0,0,0,0
32,9,DL,0,0,0,0
32,9,UL,0,0,0,0
32,10,DL,0,0,0,0
32,10,UL,0,0,0,0
32,11,DL,0,0,0,0
32,11,UL,0,0,0,0
32,12,DL,0,0,0,0
32,12,UL,0,0,0,0
32,13,DL,0,0,0,0
32,13,UL,0,0,0,0
32,14,DL,0,0,0,0
32,14,UL,0,0,0,0
32,15,DL,0,0,0,0
32,15,UL,0,0,0,0
32,16,DL,0,0,0,0
32,16,UL,0,0,0,0
32,17,DL,0,0,0,0
32,17,UL,0,0,0,0
32,18,DL,0,0,0,0
32,18,UL,0,0,0,0
32,19,DL,0,0,0,0
32,19,UL,0,0,0,0
32,20,DL,0,0,0,0
32,20,UL,0,0,0,0
32,21,DL,0,0,0,0
32,21,UL,0,0,0,0
32,22,DL,0,0,0,0
32,22,UL,0,0,0,0
32,23,DL,0,0,0,0
32,23,UL,0,0,0,0
32,24,DL,0,0,0,0
32,24,UL,0,0,0,0
32,25,DL,0,0,0,0
32,25,UL,0,0,0,0
32,26,DL,0,0,0,0
32,26,UL,0,0,0,0
32,27,DL,0,0,0,0
32,27,UL,0,0,0,0
32,28,DL,0,0,0,0
32,28,UL,0,0,0,0
32,29,DL,0,0,0,0
32,29,UL,0,0,0,0
32,30,DL,0,0,0,0
32,30,UL,0,0,0,0
32,31,DL,0,0,0,0
32,31,UL,0,0,0,0
32,32,DL,0,0,0,0
32,32,UL,0,0,0,0
32,33,DL,0,0,0,0
32,33,UL,0,0,0,0
32,34,DL,0,0,0,0
32,34,UL,0,0,0,0
32,35,DL,0,0,0,0
32,35,UL,0,0,0,0
32,36,DL,0,0,0,0
32,36,UL,0,0,0,0
32,37,DL,0,0,0,0
32,37,UL,0,0,0,0
32,38,DL,0,0,0,0
32,38,UL,0,0,0,0
32,39,DL,0,0,0,0
32,39,UL,0,0,0,0
32,40,DL,0,0,0,0
32,40,UL,0,0,0,0
32,41,DL,0,0,0,0
32,41,UL,0,0,0,0
32,42,DL,0,0,0,0
32,42,UL,0,0,0,0
32,43,DL,0,0,0,0
32,43,UL,0,0,0,0
32,44,DL,0,0,0,0
32,44,UL,0,0,0,0
32,45,DL,0,0,0,0
32,45,UL,0,0,0,0
32,46,DL,0,0,0,0
32,46,UL,0,0,0,0
32,47,DL,0,0,0,0
32,47,UL,0,0,0,0
32,48,DL,0,0,0,0
32,48,UL,0,0,0,0
32,49,DL,0,0,0,0
32,49,UL,0,0,0,0
32,50,DL,0,0,0,0
32,50,UL,0,0,0,0
32,51,DL,0,0,0,0
32,51,UL,0,0,0,0
32,52,DL,0,0,0,0
32,52,UL,0,0,0,0
32,53,DL,0.0361,0.0226667,0.0117645,6
32,53,UL,0,0,0,0
32,54,DL,0,0,0,0
32,54,UL,0,0,0,0
32,55,DL,0,0,0,0
32,55,UL,0,0,0,0
32,56,DL,0,0,0,0
32,56,UL,0,0,0,0
32,57,DL,0,0,0,0
32,57,UL,0,0,0,0
32,58,DL,0,0,0,0
32,58,UL,0,0,0,0
32,59,DL,0,0,0,0
32,59,UL,0,0,0,0
32,60,DL,0,0,0,0
32,60,UL,0,0,0,0
32,61,DL,0,0,0,0
32,61,UL,0,0,0,0
32,62,DL,0,0,0,0
32,62,UL,0,0,0,0
32,63,DL,0,0,0,0
32,63,UL,0,0,0,0
32,64,DL,0,0,0,0
32,64,UL,0,0,0,0
32,65,DL,0.0476454,0.034,0.12941,66
32,65,UL,0.0480304,0,0.00392151,8.33333
32,66,DL,0,0,0,0
32,66,UL,0,0,0,0
32,67,DL,0,0,0,0
32,67,UL,0,0,0,0
32,68,DL,0,0,0,0
32,68,UL,0,0,0,0
32,69,DL,0,0,0,0
32,69,UL,0,0,0,0
32,70,DL,0,0,0,0
32,70,UL,0,0,0,0
32,71,DL,0,0,0,0
32,71,UL,0,0,0,0
32,72,DL,0,0,0,0
32,72,UL,0,0,0,0
32,73,DL,0,0,0,0
32,73,UL,0,0,0,0
32,74,DL,0,0,0,0
32,74,UL,0,0,0,0
32,75,DL,0,0,0,0
32,75,UL,0,0,0,0
32,76,DL,0,0,0,0
32,76,UL,0,0,0,0
32,77,DL,0,0,0,0
32,77,UL,0,0,0,0
32,78,DL,0,0,0,0
32,78,UL,0,0,0,0
32,79,DL,0,0,0,0
32,79,UL,0,0,0,0
34,0,DL,0.00759999,0.006125,0.0313721,16
34,0,UL,0,0,0,0
34,1,DL,0,0,0,0
34,1,UL,0,0,0,0
34,2,DL,0,0,0,0
34,2,UL,0,0,0,0
34,3,DL,0,0,0,0
34,3,UL,0,0,0,0
34,4,DL,0,0,0,0
34,4,UL,0,0,0,0
34,5,DL,0,0,0,0
34,5,UL,0,0,0,0
34,6,DL,0,0,0,0
34,6,UL,0,0,0,0
34,7,DL,0,0,0,0
34,7,UL,0,0,0,0
34,8,DL,0,0,0,0
34,8,UL,0,0,0,0
34,9,DL,0,0,0,0
34,9,UL,0,0,0,0
34,10,DL,0,0,0,0
34,10,UL,0,0,0,0
34,11,DL,0,0,0,0
34,11,UL,0,0,0,0
34,12,DL,0,0,0,0
34,12,UL,0,0,0,0
34,13,DL,0,0,0,0
34,13,UL,0,0,0,0
34,14,DL,0,0,0,0
34,14,UL,0,0,0,0
34,15,DL,0,0,0,0
34,15,UL,0,0,0,0
34,16,DL,0,0,0,0
34,16,UL,0,0,0,0
34,17,DL,0,0,0,0
34,17,UL,0,0,0,0
34,18,DL,0,0,0,0
34,18,UL,0,0,0,0
34,19,DL,0,0,0,0
34,19,UL,0,0,0,0
34,20,DL,0,0,0,0
34,20,UL,0,0,0,0
34,21,DL,0,0,0,0
34,21,UL,0,0,0,0
34,22,DL,0,0,0,0
34,22,UL,0,0,0,0
34,23,DL,0,0,0,0
34,23,UL,0,0,0,0
34,24,DL,0,0,0,0
34,24,UL,0,0,0,0
34,25,DL,0,0,0,0
34,25,UL,0,0,0,0
34,26,DL,0,0,0,0
34,26,UL,0,0,0,0
34,27,DL,0,0,0,0
34,27,UL,0,0,0,0
34,28,DL,0,0,0,0
34,28,UL,0,0,0,0
34,29,DL,0,0,0,0
34,29,UL,0,0,0,0
34,30,DL,0,0,0,0
34,30,UL,0,0,0,0
34,31,DL,0,0,0,0
34,31,UL,0,0,0,0
34,32,DL,0,0,0,0
34,32,UL,0,0,0,0
34,33,DL,0,0,0,0
34,33,UL,0,0,0,0
34,34,DL,0,0,0,0
34,34,UL,0,0,0,0
34,35,DL,0,0,0,0
34,35,UL,0,0,0,0
34,36,DL,0.00609999,0.002,0.015686,8
34,36,UL,0,0,0,0
34,37,DL,0,0,0,0
34,37,UL,0,0,0,0
34,38,DL,0,0,0,0
34,38,UL,0,0,0,0
34,39,DL,0,0,0,0
34,39,UL,0,0,0,0
34,40,DL,0,0,0,0
34,40,UL,0,0,0,0
34,41,DL,0,0,0,0
34,41,UL,0,0,0,0
34,42,DL,0,0,0,0
34,42,UL,0,0,0,0
34,43,DL,0,0,0,0
34,43,UL,0,0,0,0
34,44,DL,0,0,0,0
34,44,UL,0,0,0,0
34,45,DL,0,0,0,0
34,45,UL,0,0,0,0
34,46,DL,0,0,0,0
34,46,UL,0,0,0,0
34,47,DL,0,0,0,0
34,47,UL,0,0,0,0
34,48,DL,0,0,0,0
34,48,UL,0,0,0,0
34,49,DL,0,0,0,0
34,49,UL,0,0,0,0
34,50,DL,0,0,0,0
34,50,UL,0,0,0,0
34,51,DL,0,0,0,0
34,51,UL,0,0,0,0
34,52,DL,0,0,0,0
34,52,UL,0,0,0,0
34,53,DL,0,0,0,0
34,53,UL,0,0,0,0
34,54,DL,0,0,0,0
34,54,UL,0,0,0,0
34,55,DL,0,0,0,0
34,55,UL,0,0,0,0
34,56,DL,0,0,0,0
34,56,UL,0,0,0,0
34,57,DL,0,0,0,0
34,57,UL,0,0,0,0
34,58,DL,0,0,0,0
34,58,UL,0,0,0,0
34,59,DL,0,0,0,0
34,59,UL,0,0,0,0
34,60,DL,0,0,0,0
34,60,UL,0,0,0,0
34,61,DL,0,0,0,0
34,61,UL,0,0,0,0
34,62,DL,0,0,0,0
34,62,UL,0,0,0,0
34,63,DL,0,0,0,0
34,63,UL,0,0,0,0
34,64,DL,0,0,0,0
34,64,UL,0,0,0,0
34,65,DL,0.492792,0.0804615,0.0509796,26
34,65,UL,0,0,0,0
34,66,DL,0,0,0,0
34,66,UL,0,0,0,0
34,67,DL,0,0,0,0
34,67,UL,0,0,0,0
34,68,DL,0,0,0,0
34,68,UL,0,0,0,0
34,69,DL,0,0,0,0
34,69,UL,0,0,0,0
34,70,DL,0,0,0,0
34,70,UL,0,0,0,0
34,71,DL,0,0,0,0
34,71,UL,0,0,0,0
34,72,DL,0,0,0,0
34,72,UL,0,0,0,0
34,73,DL,0,0,0,0
34,73,UL,0,0,0,0
34,74,DL,0,0,0,0
34,74,UL,0,0,0,0
34,75,DL,0,0,0,0
34,75,UL,0,0,0,0
34,76,DL,0,0,0,0
34,76,UL,0,0,0,0
34,77,DL,0,0,0,0
34,77,UL,0,0,0,0
34,78,DL,0,0,0,0
34,78,UL,0,0,0,0
34,79,DL,0,0,0,0
34,79,UL,0,0,0,0
36,0,DL,0,0,0,0
36,0,UL,0,0,0,0
36,1,DL,0,0,0,0
36,1,UL,0,0,0,0
36,2,DL,0,0,0,0
36,2,UL,0,0,0,0
36,3,DL,0,0,0,0
36,3,UL,0,0,0,0
36,4,DL,0,0,0,0
36,4,UL,0,0,0,0
36,5,DL,0,0,0,0
36,5,UL,0,0,0,0
36,6,DL,0,0,0,0
36,6,UL,0,0,0,0
36,7,DL,0,0,0,0
36,7,UL,0,0,0,0
36,8,DL,0,0,0,0
36,8,UL,0,0,0,0
36,9,DL,0,0,0,0
36,9,UL,0,0,0,0
36,10,DL,0,0,0,0
36,10,UL,0,0,0,0
36,11,DL,0,0,0,0
36,11,UL,0,0,0,0
36,12,DL,0,0,0,0
36,12,UL,0,0,0,0
36,13,DL,0,0,0,0
36,13,UL,0,0,0,0
36,14,DL,0,0,0,0
36,14,UL,0,0,0,0
36,15,DL,0,0,0,0
36,15,UL,0,0,0,0
36,16,DL,0,0,0,0
36,16,UL,0,0,0,0
36,17,DL,0,0,0,0
36,17,UL,0,0,0,0
36,18,DL,0,0,0,0
36,18,UL,0,0,0,0
36,19,DL,0,0,0,0
36,19,UL,0,0,0,0
36,20,DL,0,0,0,0
36,20,UL,0,0,0,0
36,21,DL,0,0,0,0
36,21,UL,0,0,0,0
36,22,DL,0,0,0,0
36,22,UL,0,0,0,0
36,23,DL,0,0,0,0
36,23,UL,0,0,0,0
36,24,DL,0,0,0,0
36,24,UL,0,0,0,0
36,25,DL,0,0,0,0
36,25,UL,0,0,0,0
36,26,DL,0,0,0,0
36,26,UL,0,0,0,0
36,27,DL,0,0,0,0
36,27,UL,0,0,0,0
36,28,DL,0,0,0,0
36,28,UL,0,0,0,0
36,29,DL,0,0,0,0
36,29,UL,0,0,0,0
36,30,DL,0,0,0,0
36,30,UL,0,0,0,0
36,31,DL,0,0,0,0
36,31,UL,0,0,0,0
36,32,DL,0,0,0,0
36,32,UL,0,0,0,0
36,33,DL,0,0,0,0
36,33,UL,0,0,0,0
36,34,DL,0,0,0,0
36,34,UL,0,0,0,0
36,35,DL,0,0,0,0
36,35,UL,0,0,0,0
36,36,DL,0,0,0,0
36,36,UL,0,0,0,0
36,37,DL,0,0,0,0
36,37,UL,0,0,0,0
36,38,DL,0,0,0,0
36,38,UL,0,0,0,0
36,39,DL,0,0,0,0
36,39,UL,0,0,0,0
36,40,DL,0,0,0,0
36,40,UL,0,0,0,0
36,41,DL,0,0,0,0
36,41,UL,0,0,0,0
36,42,DL,0,0,0,0
36,42,UL,0,0,0,0
36,43,DL,0,0,0,0
36,43,UL,0,0,0,0
36,44,DL,0,0,0,0
36,44,UL,0,0,0,0
36,45,DL,0,0,0,0
36,45,UL,0,0,0,0
36,46,DL,0,0,0,0
36,46,UL,0,0,0,0
36,47,DL,0,0,0,0
36,47,UL,0,0,0,0
36,48,DL,0,0,0,0
36,48,UL,0,0,0,0
36,49,DL,0,0,0,0
36,49,UL,0,0,0,0
36,50,DL,0,0,0,0
36,50,UL,0,0,0,0
36,51,DL,0,0,0,0
36,51,UL,0,0,0,0
36,52,DL,0,0,0,0
36,52,UL,0,0,0,0
36,53,DL,0,0,0,0
36,53,UL,0,0,0,0
36,54,DL,0,0,0,0
36,54,UL,0,0,0,0
36,55,DL,0,0,0,0
36,55,UL,0,0,0,0
36,56,DL,0,0,0,0
36,56,UL,0,0,0,0
36,57,DL,0,0,0,0
36,57,UL,0,0,0,0
36,58,DL,0,0,0,0
36,58,UL,0,0,0,0
36,59,DL,0,0,0,0
36,59,UL,0,0,0,0
36,60,DL,0,0,0,0
36,60,UL,0,0,0,0
36,61,DL,0,0,0,0
36,61,UL,0,0,0,0
36,62,DL,0,0,0,0
36,62,UL,0,0,0,0
36,63,DL,0,0,0,0
36,63,UL,0,0,0,0
36,64,DL,0,0,0,0
36,64,UL,0,0,0,0
36,65,DL,0,0,0,0
36,65,UL,0,0,0,0
36,66,DL,0,0,0,0
36,66,UL,0,0,0,0
36,67,DL,0,0,0,0
36,67,UL,0,0,0,0
36,68,DL,0,0,0,0
36,68,UL,0,0,0,0
36,69,DL,0,0,0,0
36,69,UL,0,0,0,0
36,70,DL,0,0,0,0
36,70,UL,0,0,0,0
36,71,DL,0,0,0,0
36,71,UL,0,0,0,0
36,72,DL,0,0,0,0
36,72,UL,0,0,0,0
36,73,DL,0,0,0,0
36,73,UL,0,0,0,0
36,74,DL,0,0,0,0
36,74,UL,0,0,0,0
36,75,DL,0,0,0,0
36,75,UL,0,0,0,0
36,76,DL,0,0,0,0
36,76,UL,0,0,0,0
36,77,DL,0,0,0,0
36,77,UL,0,0,0,0
36,78,DL,0,0,0,0
36,78,UL,0,0,0,0
36,79,DL,0,0,0,0
36,79,UL,0,0,0,0
38,0,DL,0,0,0,0
38,0,UL,0,0,0,0
38,1,DL,0,0,0,0
38,1,UL,0,0,0,0
38,2,DL,0,0,0,0
38,2,UL,0,0,0,0
38,3,DL,0,0,0,0
38,3,UL,0,0,0,0
38,4,DL,0,0,0,0
38,4,UL,0,0,0,0
38,5,DL,0,0,0,0
38,5,UL,0,0,0,0
38,6,DL,0,0,0,0
38,6,UL,0,0,0,0
38,7,DL,0,0,0,0
38,7,UL,0,0,0,0
38,8,DL,0,0,0,0
38,8,UL,0,0,0,0
38,9,DL,0,0,0,0
38,9,UL,0,0,0,0
38,10,DL,0,0,0,0
38,10,UL,0,0,0,0
38,11,DL,0,0,0,0
38,11,UL,0,0,0,0
38,12,DL,0,0,0,0
38,12,UL,0,0,0,0
38,13,DL,0,0,0,0
38,13,UL,0,0,0,0
38,14,DL,0,0,0,0
38,14,UL,0,0,0,0
38,15,DL,0,0,0,0
38,15,UL,0,0,0,0
38,16,DL,0,0,0,0
38,16,UL,0,0,0,0
38,17,DL,0,0,0,0
38,17,UL,0,0,0,0
38,18,DL,0,0,0,0
38,18,UL,0,0,0,0
38,19,DL,0,0,0,0
38,19,UL,0,0,0,0
38,20,DL,0,0,0,0
38,20,UL,0,0,0,0
38,21,DL,0,0,0,0
38,21,UL,0,0,0,0
38,22,DL,0,0,0,0
38,22,UL,0,0,0,0
38,23,DL,0,0,0,0
38,23,UL,0,0,0,0
38,24,DL,0,0,0,0
38,24,UL,0,0,0,0
38,25,DL,0,0,0,0
38,25,UL,0,0,0,0
38,26,DL,0,0,0,0
38,26,UL,0,0,0,0
38,27,DL,0.228736,0.169909,0.0431366,22
38,27,UL,0,0,0,0
38,28,DL,0,0,0,0
38,28,UL,0,0,0,0
38,29,DL,0,0,0,0
38,29,UL,0,0,0,0
38,30,DL,0,0,0,0
38,30,UL,0,0,0,0
38,31,DL,0,0,0,0
38,31,UL,0,0,0,0
38,32,DL,0,0,0,0
38,32,UL,0,0,0,0
38,33,DL,0,0,0,0
38,33,UL,0,0,0,0
38,34,DL,0,0,0,0
38,34,UL,0,0,0,0
38,35,DL,0,0,0,0
38,35,UL,0,0,0,0
38,36,DL,0,0,0,0
38,36,UL,0,0,0,0
38,37,DL,0,0,0,0
38,37,UL,0,0,0,0
38,38,DL,0,0,0,0
38,38,UL,0,0,0,0
38,39,DL,0,0,0,0
38,39,UL,0,0,0,0
38,40,DL,0,0,0,0
38,40,UL,0,0,0,0
38,41,DL,0,0,0,0
38,41,UL,0,0,0,0
38,42,DL,0,0,0,0
38,42,UL,0,0,0,0
38,43,DL,0,0,0,0
38,43,UL,0,0,0,0
38,44,DL,0,0,0,0
38,44,UL,0,0,0,0
38,45,DL,0,0,0,0
38,45,UL,0,0,0,0
38,46,DL,0,0,0,0
38,46,UL,0,0,0,0
38,47,DL,0,0,0,0
38,47,UL,0,0,0,0
38,48,DL,0,0,0,0
38,48,UL,0,0,0,0
38,49,DL,0,0,0,0
38,49,UL,0,0,0,0
38,50,DL,0,0,0,0
38,50,UL,0,0,0,0
38,51,DL,0,0,0,0
38,51,UL,0,0,0,0
38,52,DL,0,0,0,0
38,52,UL,0,0,0,0
38,53,DL,0,0,0,0
38,53,UL,0,0,0,0
38,54,DL,0,0,0,0
38,54,UL,0,0,0,0
38,55,DL,0,0,0,0
38,55,UL,0,0,0,0
38,56,DL,0,0,0,0
38,56,UL,0,0,0,0
38,57,DL,0,0,0,0
38,57,UL,0,0,0,0
38,58,DL,0,0,0,0
38,58,UL,0,0,0,0
38,59,DL,0,0,0,0
38,59,UL,0,0,0,0
38,60,DL,0,0,0,0
38,60,UL,0,0,0,0
38,61,DL,0,0,0,0
38,61,UL,0,0,0,0
38,62,DL,0,0,0,0
38,62,UL,0,0,0,0
38,63,DL,0,0,0,0
38,63,UL,0,0,0,0
38,64,DL,0,0,0,0
38,64,UL,0,0,0,0
38,65,DL,0,0,0,0
38,65,UL,0,0,0,0
38,66,DL,0,0,0,0
38,66,UL,0,0,0,0
38,67,DL,0,0,0,0
38,67,UL,0,0,0,0
38,68,DL,0,0,0,0
38,68,UL,0,0,0,0
38,69,DL,0,0,0,0
38,69,UL,0,0,0,0
38,70,DL,0,0,0,0
38,70,UL,0,0,0,0
38,71,DL,0,0,0,0
38,71,UL,0,0,0,0
38,72,DL,0,0,0,0
38,72,UL,0,0,0,0
38,73,DL,0,0,0,0
38,73,UL,0,0,0,0
38,74,DL,0,0,0,0
38,74,UL,0,0,0,0
38,75,DL,0,0,0,0
38,75,UL,0,0,0,0
38,76,DL,0,0,0,0
38,76,UL,0,0,0,0
38,77,DL,0,0,0,0
38,77,UL,0,0,0,0
38,78,DL,0,0,0,0
38,78,UL,0,0,0,0
38,79,DL,0,0,0,0
38,79,UL,0,0,0,0
40,0,DL,0,0,0,0
40,0,UL,0,0,0,0
40,1,DL,0,0,0,0
40,1,UL,0,0,0,0
40,2,DL,0,0,0,0
40,2,UL,0,0,0,0
40,3,DL,0,0,0,0
40,3,UL,0,0,0,0
40,4,DL,0,0,0,0
40,4,UL,0,0,0,0
40,5,DL,0,0,0,0
40,5,UL,0,0,0,0
40,6,DL,0,0,0,0
40,6,UL,0,0,0,0
40,7,DL,0,0,0,0
40,7,UL,0,0,0,0
40,8,DL,0,0,0,0
40,8,UL,0,0,0,0
40,9,DL,0,0,0,0
40,9,UL,0,0,0,0
40,10,DL,0,0,0,0
40,10,UL,0,0,0,0
40,11,DL,0,0,0,0
40,11,UL,0,0,0,0
40,12,DL,0,0,0,0
40,12,UL,0,0,0,0
40,13,DL,0,0,0,0
40,13,UL,0,0,0,0
40,14,DL,0,0,0,0
40,14,UL,0,0,0,0
40,15,DL,0,0,0,0
40,15,UL,0,0,0,0
40,16,DL,0,0,0,0
40,16,UL,0,0,0,0
40,17,DL,0,0,0,0
40,17,UL,0,0,0,0
40,18,DL,0,0,0,0
40,18,UL,0,0,0,0
40,19,DL,0,0,0,0
40,19,UL,0,0,0,0
40,20,DL,0,0,0,0
40,20,UL,0,0,0,0
40,21,DL,0,0,0,0
40,21,UL,0,0,0,0
40,22,DL,0,0,0,0
40,22,UL,0,0,0,0
40,23,DL,0,0,0,0
40,23,UL,0,0,0,0
40,24,DL,0,0,0,0
40,24,UL,0,0,0,0
40,25,DL,0,0,0,0
40,25,UL,0,0,0,0
40,26,DL,0.308567,0.0784,0.0588226,30
40,26,UL,0,0,0,0
40,27,DL,0,0,0,0
40,27,UL,0,0,0,0
40,28,DL,0,0,0,0
40,28,UL,0,0,0,0
40,29,DL,0,0,0,0
40,29,UL,0,0,0,0
40,30,DL,0,0,0,0
40,30,UL,0,0,0,0
40,31,DL,0,0,0,0
40,31,UL,0,0,0,0
40,32,DL,0,0,0,0
40,32,UL,0,0,0,0
40,33,DL,0,0,0,0
40,33,UL,0,0,0,0
40,34,DL,0,0,0,0
40,34,UL,0,0,0,0
40,35,DL,0,0,0,0
40,35,UL,0,0,0,0
40,36,DL,0,0,0,0
40,36,UL,0,0,0,0
40,37,DL,0,0,0,0
40,37,UL,0,0,0,0
40,38,DL,0,0,0,0
40,38,UL,0,0,0,0
40,39,DL,0,0,0,0
40,39,UL,0,0,0,0
40,40,DL,0,0,0,0
40,40,UL,0,0,0,0
40,41,DL,0,0,0,0
40,41,UL,0,0,0,0
40,42,DL,0,0,0,0
40,42,UL,0,0,0,0
40,43,DL,0,0,0,0
40,43,UL,0,0,0,0
40,44,DL,0,0,0,0
40,44,UL,0,0,0,0
40,45,DL,0,0,0,0
40,45,UL,0,0,0,0
40,46,DL,0,0,0,0
40,46,UL,0,0,0,0
40,47,DL,0,0,0,0
40,47,UL,0,0,0,0
40,48,DL,0,0,0,0
40,48,UL,0,0,0,0
40,49,DL,0,0,0,0
40,49,UL,0,0,0,0
40,50,DL,0,0,0,0
40,50,UL,0,0,0,0
40,51,DL,0,0,0,0
40,51,UL,0,0,0,0
40,52,DL,0,0,0,0
40,52,UL,0,0,0,0
40,53,DL,0,0,0,0
40,53,UL,0,0,0,0
40,54,DL,0,0,0,0
40,54,UL,0,0,0,0
40,55,DL,0,0,0,0
40,55,UL,0,0,0,0
40,56,DL,0,0,0,0
40,56,UL,0,0,0,0
40,57,DL,0,0,0,0
40,57,UL,0,0,0,0
40,58,DL,0,0,0,0
40,58,UL,0,0,0,0
40,59,DL,0,0,0,0
40,59,UL,0,0,0,0
40,60,DL,0,0,0,0
40,60,UL,0,0,0,0
40,61,DL,0,0,0,0
40,61,UL,0,0,0,0
40,62,DL,0,0,0,0
40,62,UL,0,0,0,0
40,63,DL,0,0,0,0
40,63,UL,0,0,0,0
40,64,DL,0,0,0,0
40,64,UL,0,0,0,0
40,65,DL,0,0,0,0
40,65,UL,0,0,0,0
40,66,DL,0,0,0,0
40,66,UL,0,0,0,0
40,67,DL,0,0,0,0
40,67,UL,0,0,0,0
40,68,DL,0,0,0,0
40,68,UL,0,0,0,0
40,69,DL,0,0,0,0
40,69,UL,0,0,0,0
40,70,DL,0,0,0,0
40,70,UL,0,0,0,0
40,71,DL,0,0,0,0
40,71,UL,0,0,0,0
40,72,DL,0.0598778,0.0501111,0.0352936,18
40,72,UL,0,0,0,0
40,73,DL,0,0,0,0
40,73,UL,0,0,0,0
40,74,DL,0,0,0,0
40,74,UL,0,0,0,0
40,75,DL,0,0,0,0
40,75,UL,0,0,0,0
40,76,DL,0,0,0,0
40,76,UL,0,0,0,0
40,77,DL,0,0,0,0
40,77,UL,0,0,0,0
40,78,DL,0,0,0,0
40,78,UL,0,0,0,0
40,79,DL,0,0,0,0
40,79,UL,0,0,0,0
42,0,DL,0,0,0,0
42,0,UL,0,0,0,0
42,1,DL,0,0,0,0
42,1,UL,0,0,0,0
42,2,DL,0,0,0,0
42,2,UL,0,0,0,0
42,3,DL,0,0,0,0
42,3,UL,0,0,0,0
42,4,DL,0,0,0,0
42,4,UL,0,0,0,0
42,5,DL,0,0,0,0
42,5,UL,0,0,0,0
42,6,DL,0,0,0,0
42,6,UL,0,0,0,0
42,7,DL,0,0,0,0
42,7,UL,0,0,0,0
42,8,DL,0,0,0,0
42,8,UL,0,0,0,0
42,9,DL,0,0,0,0
42,9,UL,0,0,0,0
42,10,DL,0,0,0,0
42,10,UL,0,0,0,0
42,11,DL,0,0,0,0
42,11,UL,0,0,0,0
42,12,DL,0,0,0,0
42,12,UL,0,0,0,0
42,13,DL,0,0,0,0
42,13,UL,0,0,0,0
42,14,DL,0,0,0,0
42,14,UL,0,0,0,0
42,15,DL,0,0,0,0
42,15,UL,0,0,0,0
42,16,DL,0,0,0,0
42,16,UL,0,0,0,0
42,17,DL,0,0,0,0
42,17,UL,0,0,0,0
42,18,DL,0,0,0,0
42,18,UL,0,0,0,0
42,19,DL,0,0,0,0
42,19,UL,0,0,0,0
42,20,DL,0,0,0,0
42,20,UL,0,0,0,0
42,21,DL,0,0,0,0
42,21,UL,0,0,0,0
42,22,DL,0,0,0,0
42,22,UL,0,0,0,0
42,23,DL,0,0,0,0
42,23,UL,0,0,0,0
42,24,DL,0,0,0,0
42,24,UL,0,0,0,0
42,25,DL,0,0,0,0
42,25,UL,0,0,0,0
42,26,DL,0,0,0,0
42,26,UL,0,0,0,0
42,27,DL,0,0,0,0
42,27,UL,0,0,0,0
42,28,DL,0,0,0,0
42,28,UL,0,0,0,0
42,29,DL,0,0,0,0
42,29,UL,0,0,0,0
42,30,DL,0,0,0,0
42,30,UL,0,0,0,0
42,31,DL,0,0,0,0
42,31,UL,0,0,0,0
42,32,DL,0,0,0,0
42,32,UL,0,0,0,0
42,33,DL,0,0,0,0
42,33,UL,0,0,0,0
42,34,DL,0,0,0,0
42,34,UL,0,0,0,0
42,35,DL,0,0,0,0
42,35,UL,0,0,0,0
42,36,DL,0,0,0,0
42,36,UL,0,0,0,0
42,37,DL,0,0,0,0
42,37,UL,0,0,0,0
42,38,DL,0,0,0,0
42,38,UL,0,0,0,0
42,39,DL,0,0,0,0
42,39,UL,0,0,0,0
42,40,DL,0,0,0,0
42,40,UL,0,0,0,0
42,41,DL,0,0,0,0
42,41,UL,0,0,0,0
42,42,DL,0,0,0,0
42,42,UL,0,0,0,0
42,43,DL,0,0,0,0
42,43,UL,0,0,0,0
42,44,DL,0,0,0,0
42,44,UL,0,0,0,0
42,45,DL,0,0,0,0
42,45,UL,0,0,0,0
42,46,DL,0,0,0,0
42,46,UL,0,0,0,0
42,47,DL,0,0,0,0
42,47,UL,0,0,0,0
42,48,DL,0,0,0,0
42,48,UL,0,0,0,0
42,49,DL,0,0,0,0
42,49,UL,0,0,0,0
42,50,DL,0,0,0,0
42,50,UL,0,0,0,0
42,51,DL,0,0,0,0
42,51,UL,0,0,0,0
42,52,DL,0,0,0,0
42,52,UL,0,0,0,0
42,53,DL,0,0,0,0
42,53,UL,0,0,0,0
42,54,DL,0,0,0,0
42,54,UL,0,0,0,0
42,55,DL,0,0,0,0
42,55,UL,0,0,0,0
42,56,DL,0,0,0,0
42,56,UL,0,0,0,0
42,57,DL,0,0,0,0
42,57,UL,0,0,0,0
42,58,DL,0,0,0,0
42,58,UL,0,0,0,0
42,59,DL,0,0,0,0
42,59,UL,0,0,0,0
42,60,DL,0,0,0,0
42,60,UL,0,0,0,0
42,61,DL,0,0,0,0
42,61,UL,0,0,0,0
42,62,DL,0,0,0,0
42,62,UL,0,0,0,0
42,63,DL,0,0,0,0
42,63,UL,0,0,0,0
42,64,DL,0,0,0,0
42,64,UL,0,0,0,0
42,65,DL,0,0,0,0
42,65,UL,0,0,0,0
42,66,DL,0.0211,0.0105,0.015686,8
42,66,UL,0,0,0,0
42,67,DL,0,0,0,0
42,67,UL,0,0,0,0
42,68,DL,0,0,0,0
42,68,UL,0,0,0,0
42,69,DL,0,0,0,0
42,69,UL,0,0,0,0
42,70,DL,0,0,0,0
42,70,UL,0,0,0,0
42,71,DL,0,0,0,0
42,71,UL,0,0,0,0
42,72,DL,0,0,0,0
42,72,UL,0,0,0,0
42,73,DL,0,0,0,0
42,73,UL,0,0,0,0
42,74,DL,0,0,0,0
42,74,UL,0,0,0,0
42,75,DL,0,0,0,0
42,75,UL,0,0,0,0
42,76,DL,0,0,0,0
42,76,UL,0,0,0,0
42,77,DL,0,0,0,0
42,77,UL,0,0,0,0
42,78,DL,0,0,0,0
42,78,UL,0,0,0,0
42,79,DL,0,0,0,0
42,79,UL,0,0,0,0
44,0,DL,0,0,0,0
44,0,UL,0,0,0,0
44,1,DL,0,0,0,0
44,1,UL,0,0,0,0
44,2,DL,0,0,0,0
44,2,UL,0,0,0,0
44,3,DL,0,0,0,0
44,3,UL,0,0,0,0
44,4,DL,0,0,0,0
44,4,UL,0,0,0,0
44,5,DL,0,0,0,0
44,5,UL,0,0,0,0
44,6,DL,0,0,0,0
44,6,UL,0,0,0,0
44,7,DL,0,0,0,0
44,7,UL,0,0,0,0
44,8,DL,0,0,0,0
44,8,UL,0,0,0,0
44,9,DL,0,0,0,0
44,9,UL,0,0,0,0
44,10,DL,0,0,0,0
44,10,UL,0,0,0,0
44,11,DL,0,0,0,0
44,11,UL,0,0,0,0
44,12,DL,0,0,0,0
44,12,UL,0,0,0,0
44,13,DL,0,0,0,0
44,13,UL,0,0,0,0
44,14,DL,0,0,0,0
44,14,UL,0,0,0,0
44,15,DL,0,0,0,0
44,15,UL,0,0,0,0
44,16,DL,0,0,0,0
44,16,UL,0,0,0,0
44,17,DL,0,0,0,0
44,17,UL,0,0,0,0
44,18,DL,0.278715,0.0629231,0.0509796,26
44,18,UL,0,0,0,0
44,19,DL,0,0,0,0
44,19,UL,0,0,0,0
44,20,DL,0,0,0,0
44,20,UL,0,0,0,0
44,21,DL,0,0,0,0
44,21,UL,0,0,0,0
44,22,DL,0,0,0,0
44,22,UL,0,0,0,0
44,23,DL,0,0,0,0
44,23,UL,0,0,0,0
44,24,DL,0,0,0,0
44,24,UL,0,0,0,0
44,25,DL,0,0,0,0
44,25,UL,0,0,0,0
44,26,DL,0,0,0,0
44,26,UL,0,0,0,0
44,27,DL,0,0,0,0
44,27,UL,0,0,0,0
44,28,DL,0,0,0,0
44,28,UL,0,0,0,0
44,29,DL,0,0,0,0
44,29,UL,0,0,0,0
44,30,DL,0,0,0,0
44,30,UL,0,0,0,0
44,31,DL,0,0,0,0
44,31,UL,0,0,0,0
44,32,DL,0,0,0,0
44,32,UL,0,0,0,0
44,33,DL,0,0,0,0
44,33,UL,0,0,0,0
44,34,DL,0,0,0,0
44,34,UL,0,0,0,0
44,35,DL,0,0,0,0
44,35,UL,0,0,0,0
44,36,DL,0,0,0,0
44,36,UL,0,0,0,0
44,37,DL,0,0,0,0
44,37,UL,0,0,0,0
44,38,DL,0,0,0,0
44,38,UL,0,0,0,0
44,39,DL,0,0,0,0
44,39,UL,0,0,0,0
44,40,DL,0,0,0,0
44,40,UL,0,0,0,0
44,41,DL,0.0136,0.00775,0.015686,8
44,41,UL,0,0,0,0
44,42,DL,0,0,0,0
44,42,UL,0,0,0,0
44,43,DL,0,0,0,0
44,43,UL,0,0,0,0
44,44,DL,0,0,0,0
44,44,UL,0,0,0,0
44,45,DL,0,0,0,0
44,45,UL,0,0,0,0
44,46,DL,0,0,0,0
44,46,UL,0,0,0,0
44,47,DL,0,0,0,0
44,47,UL,0,0,0,0
44,48,DL,0,0,0,0
44,48,UL,0,0,0,0
44,49,DL,0,0,0,0
44,49,UL,0,0,0,0
44,50,DL,0,0,0,0
44,50,UL,0,0,0,0
44,51,DL,0,0,0,0
44,51,UL,0,0,0,0
44,52,DL,0,0,0,0
44,52,UL,0,0,0,0
44,53,DL,0,0,0,0
44,53,UL,0,0,0,0
44,54,DL,0,0,0,0
44,54,UL,0,0,0,0
44,55,DL,0,0,0,0
44,55,UL,0,0,0,0
44,56,DL,0,0,0,0
44,56,UL,0,0,0,0
44,57,DL,0.0204571,0.0155,0.00784302,4
44,57,UL,0,0,0,0
44,58,DL,0,0,0,0
44,58,UL,0,0,0,0
44,59,DL,0,0,0,0
44,59,UL,0,0,0,0
44,60,DL,0,0,0,0
44,60,UL,0,0,0,0
44,61,DL,0,0,0,0
44,61,UL,0,0,0,0
44,62,DL,0,0,0,0
44,62,UL,0,0,0,0
44,63,DL,0,0,0,0
44,63,UL,0,0,0,0
44,64,DL,0,0,0,0
44,64,UL,0,0,0,0
44,65,DL,0,0,0,0
44,65,UL,0,0,0,0
44,66,DL,0,0,0,0
44,66,UL,0,0,0,0
44,67,DL,0,0,0,0
44,67,UL,0,0,0,0
44,68,DL,0,0,0,0
44,68,UL,0,0,0,0
44,69,DL,0,0,0,0
44,69,UL,0,0,0,0
44,70,DL,0,0,0,0
44,70,UL,0,0,0,0
44,71,DL,0,0,0,0
44,71,UL,0,0,0,0
44,72,DL,0,0,0,0
44,72,UL,0,0,0,0
44,73,DL,0,0,0,0
44,73,UL,0,0,0,0
44,74,DL,0,0,0,0
44,74,UL,0,0,0,0
44,75,DL,0,0,0,0
44,75,UL,0,0,0,0
44,76,DL,0,0,0,0
44,76,UL,0,0,0,0
44,77,DL,0,0,0,0
44,77,UL,0,0,0,0
44,78,DL,0,0,0,0
44,78,UL,0,0,0,0
44,79,DL,0,0,0,0
44,79,UL,0,0,0,0
46,0,DL,0,0,0,0
46,0,UL,0,0,0,0
46,1,DL,0,0,0,0
46,1,UL,0,0,0,0
46,2,DL,0,0,0,0
46,2,UL,0,0,0,0
46,3,DL,0,0,0,0
46,3,UL,0,0,0,0
46,4,DL,0,0,0,0
46,4,UL,0,0,0,0
46,5,DL,0,0,0,0
46,5,UL,0,0,0,0
46,6,DL,0,0,0,0
46,6,UL,0,0,0,0
46,7,DL,0,0,0,0
46,7,UL,0,0,0,0
46,8,DL,0,0,0,0
46,8,UL,0,0,0,0
46,9,DL,0,0,0,0
46,9,UL,0,0,0,0
46,10,DL,0,0,0,0
46,10,UL,0,0,0,0
46,11,DL,0,0,0,0
46,11,UL,0,0,0,0
46,12,DL,0,0,0,0
46,12,UL,0,0,0,0
46,13,DL,0,0,0,0
46,13,UL,0,0,0,0
46,14,DL,0,0,0,0
46,14,UL,0,0,0,0
46,15,DL,0,0,0,0
46,15,UL,0,0,0,0
46,16,DL,0,0,0,0
46,16,UL,0,0,0,0
46,17,DL,0,0,0,0
46,17,UL,0,0,0,0
46,18,DL,0,0,0,0
46,18,UL,0,0,0,0
46,19,DL,0,0,0,0
46,19,UL,0,0,0,0
46,20,DL,0,0,0,0
46,20,UL,0,0,0,0
46,21,DL,0,0,0,0
46,21,UL,0,0,0,0
46,22,DL,0,0,0,0
46,22,UL,0,0,0,0
46,23,DL,0,0,0,0
46,23,UL,0,0,0,0
46,24,DL,0,0,0,0
46,24,UL,0,0,0,0
46,25,DL,0,0,0,0
46,25,UL,0,0,0,0
46,26,DL,0,0,0,0
46,26,UL,0,0,0,0
46,27,DL,0,0,0,0
46,27,UL,0,0,0,0
46,28,DL,0,0,0,0
46,28,UL,0,0,0,0
46,29,DL,0,0,0,0
46,29,UL,0,0,0,0
46,30,DL,0,0,0,0
46,30,UL,0,0,0,0
46,31,DL,0,0,0,0
46,31,UL,0,0,0,0
46,32,DL,0,0,0,0
46,32,UL,0,0,0,0
46,33,DL,0.0111,0,0.00392151,2
46,33,UL,0,0,0,0
46,34,DL,0,0,0,0
46,34,UL,0,0,0,0
46,35,DL,0,0,0,0
46,35,UL,0,0,0,0
46,36,DL,0,0,0,0
46,36,UL,0,0,0,0
46,37,DL,0,0,0,0
46,37,UL,0,0,0,0
46,38,DL,0,0,0,0
46,38,UL,0,0,0,0
46,39,DL,0,0,0,0
46,39,UL,0,0,0,0
46,40,DL,0,0,0,0
46,40,UL,0,0,0,0
46,41,DL,0,0,0,0
46,41,UL,0,0,0,0
46,42,DL,0,0,0,0
46,42,UL,0,0,0,0
46,43,DL,0,0,0,0
46,43,UL,0,0,0,0
46,44,DL,0,0,0,0
46,44,UL,0,0,0,0
46,45,DL,0,0,0,0
46,45,UL,0,0,0,0
46,46,DL,0,0,0,0
46,46,UL,0,0,0,0
46,47,DL,0,0,0,0
46,47,UL,0,0,0,0
46,48,DL,0,0,0,0
46,48,UL,0,0,0,0
46,49,DL,0,0,0,0
46,49,UL,0,0,0,0
46,50,DL,0,0,0,0
46,50,UL,0,0,0,0
46,51,DL,0,0,0,0
46,51,UL,0,0,0,0
46,52,DL,0,0,0,0
46,52,UL,0,0,0,0
46,53,DL,0,0,0,0
46,53,UL,0,0,0,0
46,54,DL,0,0,0,0
46,54,UL,0,0,0,0
46,55,DL,0,0,0,0
46,55,UL,0,0,0,0
46,56,DL,0,0,0,0
46,56,UL,0,0,0,0
46,57,DL,0,0,0,0
46,57,UL,0,0,0,0
46,58,DL,0,0,0,0
46,58,UL,0,0,0,0
46,59,DL,0,0,0,0
46,59,UL,0,0,0,0
46,60,DL,0,0,0,0
46,60,UL,0,0,0,0
46,61,DL,0,0,0,0
46,61,UL,0,0,0,0
46,62,DL,0,0,0,0
46,62,UL,0,0,0,0
46,63,DL,0,0,0,0
46,63,UL,0,0,0,0
46,64,DL,0,0,0,0
46,64,UL,0,0,0,0
46,65,DL,0,0,0,0
46,65,UL,0,0,0,0
46,66,DL,0,0,0,0
46,66,UL,0,0,0,0
46,67,DL,0,0,0,0
46,67,UL,0,0,0,0
46,68,DL,0,0,0,0
46,68,UL,0,0,0,0
46,69,DL,0,0,0,0
46,69,UL,0,0,0,0
46,70,DL,0,0,0,0
46,70,UL,0,0,0,0
46,71,DL,0,0,0,0
46,71,UL,0,0,0,0
46,72,DL,0,0,0,0
46,72,UL,0,0,0,0
46,73,DL,0,0,0,0
46,73,UL,0,0,0,0
46,74,DL,0,0,0,0
46,74,UL,0,0,0,0
46,75,DL,0,0,0,0
46,75,UL,0,0,0,0
46,76,DL,0,0,0,0
46,76,UL,0,0,0,0
46,77,DL,0,0,0,0
46,77,UL,0,0,0,0
46,78,DL,0,0,0,0
46,78,UL,0,0,0,0
46,79,DL,0,0,0,0
46,79,UL,0,0,0,0
48,0,DL,0,0,0,0
48,0,UL,0,0,0,0
48,1,DL,0,0,0,0
48,1,UL,0,0,0,0
48,2,DL,0,0,0,0
48,2,UL,0,0,0,0
48,3,DL,0,0,0,0
48,3,UL,0,0,0,0
48,4,DL,0,0,0,0
48,4,UL,0,0,0,0
48,5,DL,0,0,0,0
48,5,UL,0,0,0,0
48,6,DL,0,0,0,0
48,6,UL,0,0,0,0
48,7,DL,0,0,0,0
48,7,UL,0,0,0,0
48,8,DL,0,0,0,0
48,8,UL,0,0,0,0
48,9,DL,0,0,0,0
48,9,UL,0,0,0,0
48,10,DL,0,0,0,0
48,10,UL,0,0,0,0
48,11,DL,0,0,0,0
48,11,UL,0,0,0,0
48,12,DL,0,0,0,0
48,12,UL,0,0,0,0
48,13,DL,0,0,0,0
48,13,UL,0,0,0,0
48,14,DL,0,0,0,0
48,14,UL,0,0,0,0
48,15,DL,0,0,0,0
48,15,UL,0,0,0,0
48,16,DL,0,0,0,0
48,16,UL,0,0,0,0
48,17,DL,0,0,0,0
48,17,UL,0,0,0,0
48,18,DL,0,0,0,0
48,18,UL,0,0,0,0
48,19,DL,0,0,0,0
48,19,UL,0,0,0,0
48,20,DL,0,0,0,0
48,20,UL,0,0,0,0
48,21,DL,0,0,0,0
48,21,UL,0,0,0,0
48,22,DL,0,0,0,0
48,22,UL,0,0,0,0
48,23,DL,0,0,0,0
48,23,UL,0,0,0,0
48,24,DL,0,0,0,0
48,24,UL,0,0,0,0
48,25,DL,0,0,0,0
48,25,UL,0,0,0,0
48,26,DL,0,0,0,0
48,26,UL,0,0,0,0
48,27,DL,0,0,0,0
48,27,UL,0,0,0,0
48,28,DL,0,0,0,0
48,28,UL,0,0,0,0
48,29,DL,0,0,0,0
48,29,UL,0,0,0,0
48,30,DL,0,0,0,0
48,30,UL,0,0,0,0
48,31,DL,0,0,0,0
48,31,UL,0,0,0,0
48,32,DL,0,0,0,0
48,32,UL,0,0,0,0
48,33,DL,0,0,0,0
48,33,UL,0,0,0,0
48,34,DL,0,0,0,0
48,34,UL,0,0,0,0
48,35,DL,0,0,0,0
48,35,UL,0,0,0,0
48,36,DL,0,0,0,0
48,36,UL,0,0,0,0
48,37,DL,0,0,0,0
48,37,UL,0,0,0,0
48,38,DL,0,0,0,0
48,38,UL,0,0,0,0
48,39,DL,0,0,0,0
48,39,UL,0,0,0,0
48,40,DL,0,0,0,0
48,40,UL,0,0,0,0
48,41,DL,0,0,0,0
48,41,UL,0,0,0,0
48,42,DL,0,0,0,0
48,42,UL,0,0,0,0
48,43,DL,0,0,0,0
48,43,UL,0,0,0,0
48,44,DL,0,0,0,0
48,44,UL,0,0,0,0
48,45,DL,0,0,0,0
48,45,UL,0,0,0,0
48,46,DL,0,0,0,0
48,46,UL,0,0,0,0
48,47,DL,0,0,0,0
48,47,UL,0,0,0,0
48,48,DL,0,0,0,0
48,48,UL,0,0,0,0
48,49,DL,0,0,0,0
48,49,UL,0,0,0,0
48,50,DL,0,0,0,0
48,50,UL,0,0,0,0
48,51,DL,0,0,0,0
48,51,UL,0,0,0,0
48,52,DL,0,0,0,0
48,52,UL,0,0,0,0
48,53,DL,0,0,0,0
48,53,UL,0,0,0,0
48,54,DL,0,0,0,0
48,54,UL,0,0,0,0
48,55,DL,0,0,0,0
48,55,UL,0,0,0,0
48,56,DL,0,0,0,0
48,56,UL,0,0,0,0
48,57,DL,0,0,0,0
48,57,UL,0,0,0,0
48,58,DL,0,0,0,0
48,58,UL,0,0,0,0
48,59,DL,0,0,0,0
48,59,UL,0,0,0,0
48,60,DL,0,0,0,0
48,60,UL,0,0,0,0
48,61,DL,0,0,0,0
48,61,UL,0,0,0,0
48,62,DL,0,0,0,0
48,62,UL,0,0,0,0
48,63,DL,0,0,0,0
48,63,UL,0,0,0,0
48,64,DL,0,0,0,0
48,64,UL,0,0,0,0
48,65,DL,0,0,0,0
48,65,UL,0,0,0,0
48,66,DL,0,0,0,0
48,66,UL,0,0,0,0
48,67,DL,0,0,0,0
48,67,UL,0,0,0,0
48,68,DL,0,0,0,0
48,68,UL,0,0,0,0
48,69,DL,0,0,0,0
48,69,UL,0,0,0,0
48,70,DL,0,0,0,0
48,70,UL,0,0,0,0
48,71,DL,0,0,0,0
48,71,UL,0,0,0,0
48,72,DL,0,0,0,0
48,72,UL,0,0,0,0
48,73,DL,0,0,0,0
48,73,UL,0,0,0,0
48,74,DL,0,0,0,0
48,74,UL,0,0,0,0
48,75,DL,0,0,0,0
48,75,UL,0,0,0,0
48,76,DL,0,0,0,0
48,76,UL,0,0,0,0
48,77,DL,0,0,0,0
48,77,UL,0,0,0,0
48,78,DL,0,0,0,0
48,78,UL,0,0,0,0
48,79,DL,0,0,0,0
48,79,UL,0,0,0,0
50,0,DL,0,0,0,0
50,0,UL,0,0,0,0
50,1,DL,0,0,0,0
50,1,UL,0,0,0,0
50,2,DL,0,0,0,0
50,2,UL,0,0,0,0
50,3,DL,0,0,0,0
50,3,UL,0,0,0,0
50,4,DL,0,0,0,0
50,4,UL,0,0,0,0
50,5,DL,0,0,0,0
50,5,UL,0,0,0,0
50,6,DL,0,0,0,0
50,6,UL,0,0,0,0
50,7,DL,0,0,0,0
50,7,UL,0,0,0,0
50,8,DL,0,0,0,0
50,8,UL,0,0,0,0
50,9,DL,0,0,0,0
50,9,UL,0,0,0,0
50,10,DL,0,0,0,0
50,10,UL,0,0,0,0
50,11,DL,0,0,0,0
50,11,UL,0,0,0,0
50,12,DL,0,0,0,0
50,12,UL,0,0,0,0
50,13,DL,0,0,0,0
50,13,UL,0,0,0,0
50,14,DL,0,0,0,0
50,14,UL,0,0,0,0
50,15,DL,0,0,0,0
50,15,UL,0,0,0,0
50,16,DL,0,0,0,0
50,16,UL,0,0,0,0
50,17,DL,0,0,0,0
50,17,UL,0,0,0,0
50,18,DL,0,0,0,0
50,18,UL,0,0,0,0
50,19,DL,0,0,0,0
50,19,UL,0,0,0,0
50,20,DL,0,0,0,0
50,20,UL,0,0,0,0
50,21,DL,0,0,0,0
50,21,UL,0,0,0,0
50,22,DL,0,0,0,0
50,22,UL,0,0,0,0
50,23,DL,0,0,0,0
50,23,UL,0,0,0,0
50,24,DL,0,0,0,0
50,24,UL,0,0,0,0
50,25,DL,0,0,0,0
50,25,UL,0,0,0,0
50,26,DL,0,0,0,0
50,26,UL,0,0,0,0
50,27,DL,0,0,0,0
50,27,UL,0,0,0,0
50,28,DL,0,0,0,0
50,28,UL,0,0,0,0
50,29,DL,0,0,0,0
50,29,UL,0,0,0,0
50,30,DL,0,0,0,0
50,30,UL,0,0,0,0
50,31,DL,0.0121,0,0.00392151,2
50,31,UL,0,0,0,0
50,32,DL,0,0,0,0
50,32,UL,0,0,0,0
50,33,DL,0.2541,0.073,0.0509796,26
50,33,UL,0,0,0,0
50,34,DL,0,0,0,0
50,34,UL,0,0,0,0
50,35,DL,0,0,0,0
50,35,UL,0,0,0,0
50,36,DL,0,0,0,0
50,36,UL,0,0,0,0
50,37,DL,0,0,0,0
50,37,UL,0,0,0,0
50,38,DL,0,0,0,0
50,38,UL,0,0,0,0
50,39,DL,0,0,0,0
50,39,UL,0,0,0,0
50,40,DL,0,0,0,0
50,40,UL,0,0,0,0
50,41,DL,0,0,0,0
50,41,UL,0,0,0,0
50,42,DL,0,0,0,0
50,42,UL,0,0,0,0
50,43,DL,0,0,0,0
50,43,UL,0,0,0,0
50,44,DL,0,0,0,0
50,44,UL,0,0,0,0
50,45,DL,0,0,0,0
50,45,UL,0,0,0,0
50,46,DL,0.0121,0,0.00392151,2
50,46,UL,0,0,0,0
50,47,DL,0,0,0,0
50,47,UL,0,0,0,0
50,48,DL,0,0,0,0
50,48,UL,0,0,0,0
50,49,DL,0,0,0,0
50,49,UL,0,0,0,0
50,50,DL,0,0,0,0
50,50,UL,0,0,0,0
50,51,DL,0,0,0,0
50,51,UL,0,0,0,0
50,52,DL,0,0,0,0
50,52,UL,0,0,0,0
50,53,DL,0,0,0,0
50,53,UL,0,0,0,0
50,54,DL,0,0,0,0
50,54,UL,0,0,0,0
50,55,DL,0,0,0,0
50,55,UL,0,0,0,0
50,56,DL,0,0,0,0
50,56,UL,0,0,0,0
50,57,DL,0,0,0,0
50,57,UL,0,0,0,0
50,58,DL,0,0,0,0
50,58,UL,0,0,0,0
50,59,DL,0,0,0,0
50,59,UL,0,0,0,0
50,60,DL,0,0,0,0
50,60,UL,0,0,0,0
50,61,DL,0,0,0,0
50,61,UL,0,0,0,0
50,62,DL,0,0,0,0
50,62,UL,0,0,0,0
50,63,DL,0,0,0,0
50,63,UL,0,0,0,0
50,64,DL,0,0,0,0
50,64,UL,0,0,0,0
50,65,DL,0,0,0,0
50,65,UL,0,0,0,0
50,66,DL,0,0,0,0
50,66,UL,0,0,0,0
50,67,DL,0,0,0,0
50,67,UL,0,0,0,0
50,68,DL,0,0,0,0
50,68,UL,0,0,0,0
50,69,DL,0,0,0,0
50,69,UL,0,0,0,0
50,70,DL,0,0,0,0
50,70,UL,0,0,0,0
50,71,DL,0,0,0,0
50,71,UL,0,0,0,0
50,72,DL,0,0,0,0
50,72,UL,0,0,0,0
50,73,DL,0,0,0,0
50,73,UL,0,0,0,0
50,74,DL,0,0,0,0
50,74,UL,0,0,0,0
50,75,DL,0,0,0,0
50,75,UL,0,0,0,0
50,76,DL,0,0,0,0
50,76,UL,0,0,0,0
50,77,DL,0,0,0,0
50,77,UL,0,0,0,0
50,78,DL,0,0,0,0
50,78,UL,0,0,0,0
50,79,DL,0,0,0,0
50,79,UL,0,0,0,0
52,0,DL,0,0,0,0
52,0,UL,0,0,0,0
52,1,DL,0,0,0,0
52,1,UL,0,0,0,0
52,2,DL,0,0,0,0
52,2,UL,0,0,0,0
52,3,DL,0,0,0,0
52,3,UL,0,0,0,0
52,4,DL,0,0,0,0
52,4,UL,0,0,0,0
52,5,DL,0,0,0,0
52,5,UL,0,0,0,0
52,6,DL,0,0,0,0
52,6,UL,0,0,0,0
52,7,DL,0,0,0,0
52,7,UL,0,0,0,0
52,8,DL,0,0,0,0
52,8,UL,0,0,0,0
52,9,DL,0,0,0,0
52,9,UL,0,0,0,0
52,10,DL,0,0,0,0
52,10,UL,0,0,0,0
52,11,DL,0,0,0,0
52,11,UL,0,0,0,0
52,12,DL,0.0111,0,0.00392151,2
52,12,UL,0.0480304,0,0.00392151,8.33333
52,13,DL,0,0,0,0
52,13,UL,0,0,0,0
52,14,DL,0,0,0,0
52,14,UL,0,0,0,0
52,15,DL,0,0,0,0
52,15,UL,0,0,0,0
52,16,DL,0,0,0,0
52,16,UL,0,0,0,0
52,17,DL,0,0,0,0
52,17,UL,0,0,0,0
52,18,DL,0,0,0,0
52,18,UL,0,0,0,0
52,19,DL,0,0,0,0
52,19,UL,0,0,0,0
52,20,DL,0,0,0,0
52,20,UL,0,0,0,0
52,21,DL,0,0,0,0
52,21,UL,0,0,0,0
52,22,DL,0,0,0,0
52,22,UL,0,0,0,0
52,23,DL,0,0,0,0
52,23,UL,0,0,0,0
52,24,DL,0,0,0,0
52,24,UL,0,0,0,0
52,25,DL,0,0,0,0
52,25,UL,0,0,0,0
52,26,DL,0,0,0,0
52,26,UL,0,0,0,0
52,27,DL,0,0,0,0
52,27,UL,0,0,0,0
52,28,DL,0,0,0,0
52,28,UL,0,0,0,0
52,29,DL,0,0,0,0
52,29,UL,0,0,0,0
52,30,DL,0,0,0,0
52,30,UL,0,0,0,0
52,31,DL,0,0,0,0
52,31,UL,0,0,0,0
52,32,DL,0,0,0,0
52,32,UL,0,0,0,0
52,33,DL,0,0,0,0
52,33,UL,0,0,0,0
52,34,DL,0,0,0,0
52,34,UL,0,0,0,0
52,35,DL,0,0,0,0
52,35,UL,0.269047,0,0.00392151,8.33333
52,36,DL,0,0,0,0
52,36,UL,0,0,0,0
52,37,DL,0,0,0,0
52,37,UL,0,0,0,0
52,38,DL,0,0,0,0
52,38,UL,0,0,0,0
52,39,DL,0,0,0,0
52,39,UL,0,0,0,0
52,40,DL,0,0,0,0
52,40,UL,0,0,0,0
52,41,DL,0,0,0,0
52,41,UL,0,0,0,0
52,42,DL,0,0,0,0
52,42,UL,0,0,0,0
52,43,DL,0,0,0,0
52,43,UL,0,0,0,0
52,44,DL,0,0,0,0
52,44,UL,0,0,0,0
52,45,DL,0,0,0,0
52,45,UL,0,0,0,0
52,46,DL,0,0,0,0
52,46,UL,0,0,0,0
52,47,DL,0,0,0,0
52,47,UL,0,0,0,0
52,48,DL,0,0,0,0
52,48,UL,0,0,0,0
52,49,DL,0,0,0,0
52,49,UL,0,0,0,0
52,50,DL,0,0,0,0
52,50,UL,0,0,0,0
52,51,DL,0,0,0,0
52,51,UL,0,0,0,0
52,52,DL,0,0,0,0
52,52,UL,0,0,0,0
52,53,DL,0,0,0,0
52,53,UL,0,0,0,0
52,54,DL,0,0,0,0
52,54,UL,0,0,0,0
52,55,DL,0,0,0,0
52,55,UL,0,0,0,0
52,56,DL,0,0,0,0
52,56,UL,0,0,0,0
52,57,DL,0,0,0,0
52,57,UL,0,0,0,0
52,58,DL,0,0,0,0
52,58,UL,0,0,0,0
52,59,DL,0,0,0,0
52,59,UL,0,0,0,0
52,60,DL,0,0,0,0
52,60,UL,0,0,0,0
52,61,DL,0,0,0,0
52,61,UL,0,0,0,0
52,62,DL,0,0,0,0
52,62,UL,0,0,0,0
52,63,DL,0,0,0,0
52,63,UL,0,0,0,0
52,64,DL,0,0,0,0
52,64,UL,0,0,0,0
52,65,DL,0,0,0,0
52,65,UL,0,0,0,0
52,66,DL,0,0,0,0
52,66,UL,0,0,0,0
52,67,DL,0,0,0,0
52,67,UL,0,0,0,0
52,68,DL,0,0,0,0
52,68,UL,0,0,0,0
52,69,DL,0,0,0,0
52,69,UL,0,0,0,0
52,70,DL,0,0,0,0
52,70,UL,0,0,0,0
52,71,DL,0,0,0,0
52,71,UL,0,0,0,0
52,72,DL,0,0,0,0
52,72,UL,0,0,0,0
52,73,DL,0,0,0,0
52,73,UL,0,0,0,0
52,74,DL,0,0,0,0
52,74,UL,0,0,0,0
52,75,DL,0,0,0,0
52,75,UL,0,0,0,0
52,76,DL,0,0,0,0
52,76,UL,0,0,0,0
52,77,DL,0,0,0,0
52,77,UL,0,0,0,0
52,78,DL,0,0,0,0
52,78,UL,0,0,0,0
52,79,DL,0,0,0,0
52,79,UL,0,0,0,0
54,0,DL,0,0,0,0
54,0,UL,0,0,0,0
54,1,DL,0,0,0,0
54,1,UL,0,0,0,0
54,2,DL,0,0,0,0
54,2,UL,0,0,0,0
54,3,DL,0,0,0,0
54,3,UL,0,0,0,0
54,4,DL,0,0,0,0
54,4,UL,0,0,0,0
54,5,DL,0,0,0,0
54,5,UL,0,0,0,0
54,6,DL,0,0,0,0
54,6,UL,0,0,0,0
54,7,DL,0,0,0,0
54,7,UL,0,0,0,0
54,8,DL,0,0,0,0
54,8,UL,0,0,0,0
54,9,DL,0,0,0,0
54,9,UL,0,0,0,0
54,10,DL,0,0,0,0
54,10,UL,0,0,0,0
54,11,DL,0,0,0,0
54,11,UL,0,0,0,0
54,12,DL,0,0,0,0
54,12,UL,0,0,0,0
54,13,DL,0,0,0,0
54,13,UL,0,0,0,0
54,14,DL,0,0,0,0
54,14,UL,0,0,0,0
54,15,DL,0,0,0,0
54,15,UL,0,0,0,0
54,16,DL,0,0,0,0
54,16,UL,0,0,0,0
54,17,DL,0,0,0,0
54,17,UL,0,0,0,0
54,18,DL,0,0,0,0
54,18,UL,0,0,0,0
54,19,DL,0,0,0,0
54,19,UL,0,0,0,0
54,20,DL,0,0,0,0
54,20,UL,0,0,0,0
54,21,DL,0,0,0,0
54,21,UL,0,0,0,0
54,22,DL,0,0,0,0
54,22,UL,0,0,0,0
54,23,DL,0,0,0,0
54,23,UL,0,0,0,0
54,24,DL,0,0,0,0
54,24,UL,0,0,0,0
54,25,DL,0,0,0,0
54,25,UL,0,0,0,0
54,26,DL,0,0,0,0
54,26,UL,0,0,0,0
54,27,DL,0,0,0,0
54,27,UL,0,0,0,0
54,28,DL,0,0,0,0
54,28,UL,0,0,0,0
54,29,DL,0.00759999,0.0035,0.00784302,4
54,29,UL,0,0,0,0
54,30,DL,0,0,0,0
54,30,UL,0,0,0,0
54,31,DL,0,0,0,0
54,31,UL,0,0,0,0
54,32,DL,0,0,0,0
54,32,UL,0,0,0,0
54,33,DL,0,0,0,0
54,33,UL,0,0,0,0
54,34,DL,0,0,0,0
54,34,UL,0,0,0,0
54,35,DL,0,0,0,0
54,35,UL,0,0,0,0
54,36,DL,0,0,0,0
54,36,UL,0,0,0,0
54,37,DL,0,0,0,0
54,37,UL,0,0,0,0
54,38,DL,0,0,0,0
54,38,UL,0,0,0,0
54,39,DL,0,0,0,0
54,39,UL,0,0,0,0
54,40,DL,0,0,0,0
54,40,UL,0,0,0,0
54,41,DL,0,0,0,0
54,41,UL,0,0,0,0
54,42,DL,0,0,0,0
54,42,UL,0,0,0,0
54,43,DL,0,0,0,0
54,43,UL,0,0,0,0
54,44,DL,0,0,0,0
54,44,UL,0,0,0,0
54,45,DL,0,0,0,0
54,45,UL,0,0,0,0
54,46,DL,0,0,0,0
54,46,UL,0,0,0,0
54,47,DL,0,0,0,0
54,47,UL,0,0,0,0
54,48,DL,0,0,0,0
54,48,UL,0,0,0,0
54,49,DL,0,0,0,0
54,49,UL,0,0,0,0
54,50,DL,0,0,0,0
54,50,UL,0,0,0,0
54,51,DL,0,0,0,0
54,51,UL,0,0,0,0
54,52,DL,0,0,0,0
54,52,UL,0,0,0,0
54,53,DL,0,0,0,0
54,53,UL,0,0,0,0
54,54,DL,0,0,0,0
54,54,UL,0,0,0,0
54,55,DL,0,0,0,0
54,55,UL,0,0,0,0
54,56,DL,0,0,0,0
54,56,UL,0,0,0,0
54,57,DL,0,0,0,0
54,57,UL,0,0,0,0
54,58,DL,0,0,0,0
54,58,UL,0,0,0,0
54,59,DL,0,0,0,0
54,59,UL,0,0,0,0
54,60,DL,0,0,0,0
54,60,UL,0,0,0,0
54,61,DL,0,0,0,0
54,61,UL,0,0,0,0
54,62,DL,0,0,0,0
54,62,UL,0,0,0,0
54,63,DL,0,0,0,0
54,63,UL,0,0,0,0
54,64,DL,0,0,0,0
54,64,UL,0,0,0,0
54,65,DL,0,0,0,0
54,65,UL,0,0,0,0
54,66,DL,0,0,0,0
54,66,UL,0,0,0,0
54,67,DL,0,0,0,0
54,67,UL,0,0,0,0
54,68,DL,0,0,0,0
54,68,UL,0,0,0,0
54,69,DL,0,0,0,0
54,69,UL,0,0,0,0
54,70,DL,0,0,0,0
54,70,UL,0,0,0,0
54,71,DL,0,0,0,0
54,71,UL,0,0,0,0
54,72,DL,0.0513253,0.0393462,0.0509796,26
54,72,UL,0,0,0,0
54,73,DL,0,0,0,0
54,73,UL,0,0,0,0
54,74,DL,0,0,0,0
54,74,UL,0,0,0,0
54,75,DL,0,0,0,0
54,75,UL,0,0,0,0
54,76,DL,0,0,0,0
54,76,UL,0,0,0,0
54,77,DL,0,0,0,0
54,77,UL,0,0,0,0
54,78,DL,0,0,0,0
54,78,UL,0,0,0,0
54,79,DL,0,0,0,0
54,79,UL,0,0,0,0
56,0,DL,0,0,0,0
56,0,UL,0,0,0,0
56,1,DL,0,0,0,0
56,1,UL,0,0,0,0
56,2,DL,0,0,0,0
56,2,UL,0,0,0,0
56,3,DL,0,0,0,0
56,3,UL,0,0,0,0
56,4,DL,0,0,0,0
56,4,UL,0,0,0,0
56,5,DL,0,0,0,0
56,5,UL,0,0,0,0
56,6,DL,0,0,0,0
56,6,UL,0,0,0,0
56,7,DL,0,0,0,0
56,7,UL,0,0,0,0
56,8,DL,0,0,0,0
56,8,UL,0,0,0,0
56,9,DL,0,0,0,0
56,9,UL,0,0,0,0
56,10,DL,0,0,0,0
56,10,UL,0,0,0,0
56,11,DL,0,0,0,0
56,11,UL,0,0,0,0
56,12,DL,0,0,0,0
56,12,UL,0,0,0,0
56,13,DL,0,0,0,0
56,13,UL,0,0,0,0
56,14,DL,0,0,0,0
56,14,UL,0,0,0,0
56,15,DL,0,0,0,0
56,15,UL,0,0,0,0
56,16,DL,0,0,0,0
56,16,UL,0,0,0,0
56,17,DL,0,0,0,0
56,17,UL,0,0,0,0
56,18,DL,0,0,0,0
56,18,UL,0,0,0,0
56,19,DL,0,0,0,0
56,19,UL,0,0,0,0
56,20,DL,0,0,0,0
56,20,UL,0,0,0,0
56,21,DL,0,0,0,0
56,21,UL,0,0,0,0
56,22,DL,0,0,0,0
56,22,UL,0,0,0,0
56,23,DL,0,0,0,0
56,23,UL,0,0,0,0
56,24,DL,0,0,0,0
56,24,UL,0,0,0,0
56,25,DL,0,0,0,0
56,25,UL,0,0,0,0
56,26,DL,0,0,0,0
56,26,UL,0,0,0,0
56,27,DL,0.0139571,0.0101786,0.00784302,4
56,27,UL,0,0,0,0
56,28,DL,0,0,0,0
56,28,UL,0,0,0,0
56,29,DL,0,0,0,0
56,29,UL,0,0,0,0
56,30,DL,0,0,0,0
56,30,UL,0,0,0,0
56,31,DL,0,0,0,0
56,31,UL,0,0,0,0
56,32,DL,0,0,0,0
56,32,UL,0,0,0,0
56,33,DL,0,0,0,0
56,33,UL,0,0,0,0
56,34,DL,0,0,0,0
56,34,UL,0,0,0,0
56,35,DL,0,0,0,0
56,35,UL,0,0,0,0
56,36,DL,0,0,0,0
56,36,UL,0,0,0,0
56,37,DL,0,0,0,0
56,37,UL,0,0,0,0
56,38,DL,0,0,0,0
56,38,UL,0,0,0,0
56,39,DL,0,0,0,0
56,39,UL,0,0,0,0
56,40,DL,0,0,0,0
56,40,UL,0,0,0,0
56,41,DL,0,0,0,0
56,41,UL,0,0,0,0
56,42,DL,0,0,0,0
56,42,UL,0,0,0,0
56,43,DL,0,0,0,0
56,43,UL,0,0,0,0
56,44,DL,0,0,0,0
56,44,UL,0,0,0,0
56,45,DL,0,0,0,0
56,45,UL,0,0,0,0
56,46,DL,0,0,0,0
56,46,UL,0,0,0,0
56,47,DL,0,0,0,0
56,47,UL,0,0,0,0
56,48,DL,0,0,0,0
56,48,UL,0,0,0,0
56,49,DL,0,0,0,0
56,49,UL,0,0,0,0
56,50,DL,0,0,0,0
56,50,UL,0,0,0,0
56,51,DL,0,0,0,0
56,51,UL,0,0,0,0
56,52,DL,0,0,0,0
56,52,UL,0,0,0,0
56,53,DL,0,0,0,0
56,53,UL,0,0,0,0
56,54,DL,0,0,0,0
56,54,UL,0,0,0,0
56,55,DL,0,0,0,0
56,55,UL,0,0,0,0
56,56,DL,0,0,0,0
56,56,UL,0,0,0,0
56,57,DL,0,0,0,0
56,57,UL,0,0,0,0
56,58,DL,0,0,0,0
56,58,UL,0,0,0,0
56,59,DL,0,0,0,0
56,59,UL,0,0,0,0
56,60,DL,0,0,0,0
56,60,UL,0,0,0,0
56,61,DL,0,0,0,0
56,61,UL,0,0,0,0
56,62,DL,0,0,0,0
56,62,UL,0,0,0,0
56,63,DL,0,0,0,0
56,63,UL,0,0,0,0
56,64,DL,0,0,0,0
56,64,UL,0,0,0,0
56,65,DL,0,0,0,0
56,65,UL,0,0,0,0
56,66,DL,0,0,0,0
56,66,UL,0,0,0,0
56,67,DL,0,0,0,0
56,67,UL,0,0,0,0
56,68,DL,0,0,0,0
56,68,UL,0,0,0,0
56,69,DL,0,0,0,0
56,69,UL,0,0,0,0
56,70,DL,0,0,0,0
56,70,UL,0,0,0,0
56,71,DL,0,0,0,0
56,71,UL,0,0,0,0
56,72,DL,0,0,0,0
56,72,UL,0,0,0,0
56,73,DL,0,0,0,0
56,73,UL,0,0,0,0
56,74,DL,0,0,0,0
56,74,UL,0,0,0,0
56,75,DL,0,0,0,0
56,75,UL,0,0,0,0
56,76,DL,0,0,0,0
56,76,UL,0,0,0,0
56,77,DL,0,0,0,0
56,77,UL,0,0,0,0
56,78,DL,0,0,0,0
56,78,UL,0,0,0,0
56,79,DL,0,0,0,0
56,79,UL,0,0,0,0
58,0,DL,0,0,0,0
58,0,UL,0,0,0,0
58,1,DL,0,0,0,0
58,1,UL,0,0,0,0
58,2,DL,0,0,0,0
58,2,UL,0,0,0,0
58,3,DL,0,0,0,0
58,3,UL,0,0,0,0
58,4,DL,0,0,0,0
58,4,UL,0,0,0,0
58,5,DL,0,0,0,0
58,5,UL,0,0,0,0
58,6,DL,0,0,0,0
58,6,UL,0,0,0,0
58,7,DL,0,0,0,0
58,7,UL,0,0,0,0
58,8,DL,0,0,0,0
58,8,UL,0,0,0,0
58,9,DL,0,0,0,0
58,9,UL,0,0,0,0
58,10,DL,0,0,0,0
58,10,UL,0,0,0,0
58,11,DL,0.0500167,0.0335,0.0470581,24
58,11,UL,0,0,0,0
58,12,DL,0,0,0,0
58,12,UL,0,0,0,0
58,13,DL,0,0,0,0
58,13,UL,0,0,0,0
58,14,DL,0,0,0,0
58,14,UL,0,0,0,0
58,15,DL,0,0,0,0
58,15,UL,0,0,0,0
58,16,DL,0,0,0,0
58,16,UL,0,0,0,0
58,17,DL,0,0,0,0
58,17,UL,0,0,0,0
58,18,DL,0,0,0,0
58,18,UL,0,0,0,0
58,19,DL,0,0,0,0
58,19,UL,0,0,0,0
58,20,DL,0,0,0,0
58,20,UL,0,0,0,0
58,21,DL,0,0,0,0
58,21,UL,0,0,0,0
58,22,DL,0,0,0,0
58,22,UL,0,0,0,0
58,23,DL,0,0,0,0
58,23,UL,0,0,0,0
58,24,DL,0,0,0,0
58,24,UL,0,0,0,0
58,25,DL,0,0,0,0
58,25,UL,0,0,0,0
58,26,DL,0,0,0,0
58,26,UL,0,0,0,0
58,27,DL,0,0,0,0
58,27,UL,0,0,0,0
58,28,DL,0,0,0,0
58,28,UL,0,0,0,0
58,29,DL,0,0,0,0
58,29,UL,0,0,0,0
58,30,DL,0,0,0,0
58,30,UL,0,0,0,0
58,31,DL,0,0,0,0
58,31,UL,0,0,0,0
58,32,DL,0,0,0,0
58,32,UL,0,0,0,0
58,33,DL,0,0,0,0
58,33,UL,0,0,0,0
58,34,DL,0,0,0,0
58,34,UL,0,0,0,0
58,35,DL,0,0,0,0
58,35,UL,0,0,0,0
58,36,DL,0,0,0,0
58,36,UL,0,0,0,0
58,37,DL,0,0,0,0
58,37,UL,0,0,0,0
58,38,DL,0,0,0,0
58,38,UL,0,0,0,0
58,39,DL,0,0,0,0
58,39,UL,0,0,0,0
58,40,DL,0,0,0,0
58,40,UL,0,0,0,0
58,41,DL,0,0,0,0
58,41,UL,0,0,0,0
58,42,DL,0,0,0,0
58,42,UL,0,0,0,0
58,43,DL,0,0,0,0
58,43,UL,0,0,0,0
58,44,DL,0,0,0,0
58,44,UL,0,0,0,0
58,45,DL,0,0,0,0
58,45,UL,0,0,0,0
58,46,DL,0,0,0,0
58,46,UL,0,0,0,0
58,47,DL,0,0,0,0
58,47,UL,0,0,0,0
58,48,DL,0,0,0,0
58,48,UL,0,0,0,0
58,49,DL,0,0,0,0
58,49,UL,0,0,0,0
58,50,DL,0,0,0,0
58,50,UL,0,0,0,0
58,51,DL,0,0,0,0
58,51,UL,0,0,0,0
58,52,DL,0,0,0,0
58,52,UL,0,0,0,0
58,53,DL,0,0,0,0
58,53,UL,0,0,0,0
58,54,DL,0,0,0,0
58,54,UL,0,0,0,0
58,55,DL,0,0,0,0
58,55,UL,0,0,0,0
58,56,DL,0,0,0,0
58,56,UL,0,0,0,0
58,57,DL,0,0,0,0
58,57,UL,0,0,0,0
58,58,DL,0,0,0,0
58,58,UL,0,0,0,0
58,59,DL,0,0,0,0
58,59,UL,0,0,0,0
58,60,DL,0,0,0,0
58,60,UL,0,0,0,0
58,61,DL,0,0,0,0
58,61,UL,0,0,0,0
58,62,DL,0,0,0,0
58,62,UL,0,0,0,0
58,63,DL,0,0,0,0
58,63,UL,0,0,0,0
58,64,DL,0,0,0,0
58,64,UL,0,0,0,0
58,65,DL,0,0,0,0
58,65,UL,0,0,0,0
58,66,DL,0,0,0,0
58,66,UL,0,0,0,0
58,67,DL,0,0,0,0
58,67,UL,0,0,0,0
58,68,DL,0,0,0,0
58,68,UL,0,0,0,0
58,69,DL,0,0,0,0
58,69,UL,0,0,0,0
58,70,DL,0,0,0,0
58,70,UL,0,0,0,0
58,71,DL,0,0,0,0
58,71,UL,0,0,0,0
58,72,DL,0,0,0,0
58,72,UL,0,0,0,0
58,73,DL,0,0,0,0
58,73,UL,0,0,0,0
58,74,DL,0,0,0,0
58,74,UL,0,0,0,0
58,75,DL,0,0,0,0
58,75,UL,0,0,0,0
58,76,DL,0,0,0,0
58,76,UL,0,0,0,0
58,77,DL,0,0,0,0
58,77,UL,0,0,0,0
58,78,DL,0,0,0,0
58,78,UL,0,0,0,0
58,79,DL,0.183656,0.0684444,0.0352936,18
58,79,UL,0,0,0,0
60,0,DL,0,0,0,0
60,0,UL,0,0,0,0
60,1,DL,0,0,0,0
60,1,UL,0,0,0,0
60,2,DL,0,0,0,0
60,2,UL,0,0,0,0
60,3,DL,0,0,0,0
60,3,UL,0,0,0,0
60,4,DL,0,0,0,0
60,4,UL,0,0,0,0
60,5,DL,0,0,0,0
60,5,UL,0,0,0,0
60,6,DL,0,0,0,0
60,6,UL,0,0,0,0
60,7,DL,0,0,0,0
60,7,UL,0,0,0,0
60,8,DL,0,0,0,0
60,8,UL,0,0,0,0
60,9,DL,0,0,0,0
60,9,UL,0,0,0,0
60,10,DL,0,0,0,0
60,10,UL,0,0,0,0
60,11,DL,0,0,0,0
60,11,UL,0,0,0,0
60,12,DL,0,0,0,0
60,12,UL,0,0,0,0
60,13,DL,0.0235286,0.0287143,0.0196075,10
60,13,UL,0,0,0,0
60,14,DL,0,0,0,0
60,14,UL,0,0,0,0
60,15,DL,0,0,0,0
60,15,UL,0,0,0,0
60,16,DL,0,0,0,0
60,16,UL,0,0,0,0
60,17,DL,0,0,0,0
60,17,UL,0,0,0,0
60,18,DL,0,0,0,0
60,18,UL,0,0,0,0
60,19,DL,0,0,0,0
60,19,UL,0,0,0,0
60,20,DL,0,0,0,0
60,20,UL,0,0,0,0
60,21,DL,0,0,0,0
60,21,UL,0,0,0,0
60,22,DL,0,0,0,0
60,22,UL,0,0,0,0
60,23,DL,0,0,0,0
60,23,UL,0,0,0,0
60,24,DL,0,0,0,0
60,24,UL,0,0,0,0
60,25,DL,0,0,0,0
60,25,UL,0,0,0,0
60,26,DL,0,0,0,0
60,26,UL,0,0,0,0
60,27,DL,0,0,0,0
60,27,UL,0,0,0,0
60,28,DL,0,0,0,0
60,28,UL,0,0,0,0
60,29,DL,0,0,0,0
60,29,UL,0,0,0,0
60,30,DL,0,0,0,0
60,30,UL,0,0,0,0
60,31,DL,0,0,0,0
60,31,UL,0,0,0,0
60,32,DL,0,0,0,0
60,32,UL,0,0,0,0
60,33,DL,0,0,0,0
60,33,UL,0,0,0,0
60,34,DL,0,0,0,0
60,34,UL,0,0,0,0
60,35,DL,0,0,0,0
60,35,UL,0,0,0,0
60,36,DL,0,0,0,0
60,36,UL,0,0,0,0
60,37,DL,0,0,0,0
60,37,UL,0,0,0,0
60,38,DL,0,0,0,0
60,38,UL,0,0,0,0
60,39,DL,0,0,0,0
60,39,UL,0,0,0,0
60,40,DL,0,0,0,0
60,40,UL,0,0,0,0
60,41,DL,0,0,0,0
60,41,UL,0,0,0,0
60,42,DL,0,0,0,0
60,42,UL,0,0,0,0
60,43,DL,0,0,0,0
60,43,UL,0,0,0,0
60,44,DL,0,0,0,0
60,44,UL,0,0,0,0
60,45,DL,0,0,0,0
60,45,UL,0,0,0,0
60,46,DL,0,0,0,0
60,46,UL,0,0,0,0
60,47,DL,0,0,0,0
60,47,UL,0,0,0,0
60,48,DL,0,0,0,0
60,48,UL,0,0,0,0
60,49,DL,0,0,0,0
60,49,UL,0,0,0,0
60,50,DL,0,0,0,0
60,50,UL,0,0,0,0
60,51,DL,0,0,0,0
60,51,UL,0,0,0,0
60,52,DL,0,0,0,0
60,52,UL,0,0,0,0
60,53,DL,0,0,0,0
60,53,UL,0,0,0,0
60,54,DL,0,0,0,0
60,54,UL,0,0,0,0
60,55,DL,0,0,0,0
60,55,UL,0,0,0,0
60,56,DL,0,0,0,0
60,56,UL,0,0,0,0
60,57,DL,0,0,0,0
60,57,UL,0,0,0,0
60,58,DL,0,0,0,0
60,58,UL,0,0,0,0
60,59,DL,0,0,0,0
60,59,UL,0,0,0,0
60,60,DL,0,0,0,0
60,60,UL,0,0,0,0
60,61,DL,0.2151,0.0710833,0.0470581,24
60,61,UL,0,0,0,0
60,62,DL,0,0,0,0
60,62,UL,0,0,0,0
60,63,DL,0,0,0,0
60,63,UL,0,0,0,0
60,64,DL,0,0,0,0
60,64,UL,0,0,0,0
60,65,DL,0,0,0,0
60,65,UL,0,0,0,0
60,66,DL,0,0,0,0
60,66,UL,0,0,0,0
60,67,DL,0,0,0,0
60,67,UL,0,0,0,0
60,68,DL,0,0,0,0
60,68,UL,0,0,0,0
60,69,DL,0,0,0,0
60,69,UL,0,0,0,0
60,70,DL,0,0,0,0
60,70,UL,0,0,0,0
60,71,DL,0,0,0,0
60,71,UL,0,0,0,0
60,72,DL,0,0,0,0
60,72,UL,0,0,0,0
60,73,DL,0,0,0,0
60,73,UL,0,0,0,0
60,74,DL,0,0,0,0
60,74,UL,0,0,0,0
60,75,DL,0,0,0,0
60,75,UL,0,0,0,0
60,76,DL,0,0,0,0
60,76,UL,0,0,0,0
60,77,DL,0,0,0,0
60,77,UL,0,0,0,0
60,78,DL,0,0,0,0
60,78,UL,0,0,0,0
60,79,DL,1.2521,1.14,0.00392151,2
60,79,UL,0,0,0,0
62,0,DL,0,0,0,0
62,0,UL,0,0,0,0
62,1,DL,0,0,0,0
62,1,UL,0,0,0,0
62,2,DL,0,0,0,0
62,2,UL,0,0,0,0
62,3,DL,0,0,0,0
62,3,UL,0,0,0,0
62,4,DL,0,0,0,0
62,4,UL,0,0,0,0
62,5,DL,0,0,0,0
62,5,UL,0,0,0,0
62,6,DL,0,0,0,0
62,6,UL,0,0,0,0
62,7,DL,0,0,0,0
62,7,UL,0,0,0,0
62,8,DL,0,0,0,0
62,8,UL,0,0,0,0
62,9,DL,0,0,0,0
62,9,UL,0,0,0,0
62,10,DL,0,0,0,0
62,10,UL,0,0,0,0
62,11,DL,0,0,0,0
62,11,UL,0,0,0,0
62,12,DL,0,0,0,0
62,12,UL,0,0,0,0
62,13,DL,0,0,0,0
62,13,UL,0,0,0,0
62,14,DL,0,0,0,0
62,14,UL,0,0,0,0
62,15,DL,0,0,0,0
62,15,UL,0,0,0,0
62,16,DL,0,0,0,0
62,16,UL,0,0,0,0
62,17,DL,0,0,0,0
62,17,UL,0,0,0,0
62,18,DL,0,0,0,0
62,18,UL,0,0,0,0
62,19,DL,0,0,0,0
62,19,UL,0,0,0,0
62,20,DL,0,0,0,0
62,20,UL,0,0,0,0
62,21,DL,0,0,0,0
62,21,UL,0,0,0,0
62,22,DL,0,0,0,0
62,22,UL,0,0,0,0
62,23,DL,0,0,0,0
62,23,UL,0,0,0,0
62,24,DL,0,0,0,0
62,24,UL,0,0,0,0
62,25,DL,0,0,0,0
62,25,UL,0,0,0,0
62,26,DL,0,0,0,0
62,26,UL,0,0,0,0
62,27,DL,0,0,0,0
62,27,UL,0,0,0,0
62,28,DL,0,0,0,0
62,28,UL,0,0,0,0
62,29,DL,0,0,0,0
62,29,UL,0,0,0,0
62,30,DL,0,0,0,0
62,30,UL,0,0,0,0
62,31,DL,0,0,0,0
62,31,UL,0,0,0,0
62,32,DL,0,0,0,0
62,32,UL,0,0,0,0
62,33,DL,0,0,0,0
62,33,UL,0,0,0,0
62,34,DL,0,0,0,0
62,34,UL,0,0,0,0
62,35,DL,0,0,0,0
62,35,UL,0,0,0,0
62,36,DL,0,0,0,0
62,36,UL,0,0,0,0
62,37,DL,0,0,0,0
62,37,UL,0,0,0,0
62,38,DL,0,0,0,0
62,38,UL,0,0,0,0
62,39,DL,0,0,0,0
62,39,UL,0,0,0,0
62,40,DL,0,0,0,0
62,40,UL,0,0,0,0
62,41,DL,0,0,0,0
62,41,UL,0,0,0,0
62,42,DL,0,0,0,0
62,42,UL,0,0,0,0
62,43,DL,0,0,0,0
62,43,UL,0,0,0,0
62,44,DL,0,0,0,0
62,44,UL,0,0,0,0
62,45,DL,0,0,0,0
62,45,UL,0,0,0,0
62,46,DL,0,0,0,0
62,46,UL,0,0,0,0
62,47,DL,0,0,0,0
62,47,UL,0,0,0,0
62,48,DL,0,0,0,0
62,48,UL,0,0,0,0
62,49,DL,0,0,0,0
62,49,UL,0,0,0,0
62,50,DL,0,0,0,0
62,50,UL,0,0,0,0
62,51,DL,0,0,0,0
62,51,UL,0,0,0,0
62,52,DL,0,0,0,0
62,52,UL,0,0,0,0
62,53,DL,0,0,0,0
62,53,UL,0,0,0,0
62,54,DL,0,0,0,0
62,54,UL,0,0,0,0
62,55,DL,0,0,0,0
62,55,UL,0,0,0,0
62,56,DL,0,0,0,0
62,56,UL,0,0,0,0
62,57,DL,0,0,0,0
62,57,UL,0,0,0,0
62,58,DL,0,0,0,0
62,58,UL,0,0,0,0
62,59,DL,0,0,0,0
62,59,UL,0,0,0,0
62,60,DL,0,0,0,0
62,60,UL,0,0,0,0
62,61,DL,0,0,0,0
62,61,UL,0,0,0,0
62,62,DL,0,0,0,0
62,62,UL,0,0,0,0
62,63,DL,0,0,0,0
62,63,UL,0,0,0,0
62,64,DL,0,0,0,0
62,64,UL,0,0,0,0
62,65,DL,0,0,0,0
62,65,UL,0,0,0,0
62,66,DL,0,0,0,0
62,66,UL,0,0,0,0
62,67,DL,0,0,0,0
62,67,UL,0,0,0,0
62,68,DL,0,0,0,0
62,68,UL,0,0,0,0
62,69,DL,0,0,0,0
62,69,UL,0,0,0,0
62,70,DL,0,0,0,0
62,70,UL,0,0,0,0
62,71,DL,0,0,0,0
62,71,UL,0,0,0,0
62,72,DL,0,0,0,0
62,72,UL,0,0,0,0
62,73,DL,0,0,0,0
62,73,UL,0,0,0,0
62,74,DL,0,0,0,0
62,74,UL,0,0,0,0
62,75,DL,0,0,0,0
62,75,UL,0,0,0,0
62,76,DL,0,0,0,0
62,76,UL,0,0,0,0
62,77,DL,0,0,0,0
62,77,UL,0,0,0,0
62,78,DL,0,0,0,0
62,78,UL,0,0,0,0
62,79,DL,0,0,0,0
62,79,UL,0,0,0,0
64,0,DL,0,0,0,0
64,0,UL,0,0,0,0
64,1,DL,0,0,0,0
64,1,UL,0,0,0,0
64,2,DL,0,0,0,0
64,2,UL,0,0,0,0
64,3,DL,0,0,0,0
64,3,UL,0,0,0,0
64,4,DL,0,0,0,0
64,4,UL,0,0,0,0
64,5,DL,0,0,0,0
64,5,UL,0,0,0,0
64,6,DL,0,0,0,0
64,6,UL,0,0,0,0
64,7,DL,0,0,0,0
64,7,UL,0,0,0,0
64,8,DL,0,0,0,0
64,8,UL,0,0,0,0
64,9,DL,0,0,0,0
64,9,UL,0,0,0,0
64,10,DL,0,0,0,0
64,10,UL,0,0,0,0
64,11,DL,0,0,0,0
64,11,UL,0,0,0,0
64,12,DL,0,0,0,0
64,12,UL,0,0,0,0
64,13,DL,0,0,0,0
64,13,UL,0,0,0,0
64,14,DL,0,0,0,0
64,14,UL,0,0,0,0
64,15,DL,0,0,0,0
64,15,UL,0,0,0,0
64,16,DL,0,0,0,0
64,16,UL,0,0,0,0
64,17,DL,0,0,0,0
64,17,UL,0,0,0,0
64,18,DL,0,0,0,0
64,18,UL,0,0,0,0
64,19,DL,0,0,0,0
64,19,UL,0,0,0,0
64,20,DL,0,0,0,0
64,20,UL,0,0,0,0
64,21,DL,0,0,0,0
64,21,UL,0,0,0,0
64,22,DL,0,0,0,0
64,22,UL,0,0,0,0
64,23,DL,0,0,0,0
64,23,UL,0,0,0,0
64,24,DL,0,0,0,0
64,24,UL,0,0,0,0
64,25,DL,0,0,0,0
64,25,UL,0,0,0,0
64,26,DL,0,0,0,0
64,26,UL,0,0,0,0
64,27,DL,0,0,0,0
64,27,UL,0,0,0,0
64,28,DL,0,0,0,0
64,28,UL,0,0,0,0
64,29,DL,0,0,0,0
64,29,UL,0,0,0,0
64,30,DL,0,0,0,0
64,30,UL,0,0,0,0
64,31,DL,0,0,0,0
64,31,UL,0,0,0,0
64,32,DL,0,0,0,0
64,32,UL,0,0,0,0
64,33,DL,0,0,0,0
64,33,UL,0,0,0,0
64,34,DL,0,0,0,0
64,34,UL,0,0,0,0
64,35,DL,0,0,0,0
64,35,UL,0,0,0,0
64,36,DL,0,0,0,0
64,36,UL,0,0,0,0
64,37,DL,0,0,0,0
64,37,UL,0,0,0,0
64,38,DL,0,0,0,0
64,38,UL,0,0,0,0
64,39,DL,0,0,0,0
64,39,UL,0,0,0,0
64,40,DL,0,0,0,0
64,40,UL,0,0,0,0
64,41,DL,0,0,0,0
64,41,UL,0,0,0,0
64,42,DL,0,0,0,0
64,42,UL,0,0,0,0
64,43,DL,0,0,0,0
64,43,UL,0,0,0,0
64,44,DL,0,0,0,0
64,44,UL,0,0,0,0
64,45,DL,0,0,0,0
64,45,UL,0,0,0,0
64,46,DL,0,0,0,0
64,46,UL,0,0,0,0
64,47,DL,0,0,0,0
64,47,UL,0,0,0,0
64,48,DL,0,0,0,0
64,48,UL,0,0,0,0
64,49,DL,0,0,0,0
64,49,UL,0,0,0,0
64,50,DL,0,0,0,0
64,50,UL,0,0,0,0
64,51,DL,0,0,0,0
64,51,UL,0,0,0,0
64,52,DL,0,0,0,0
64,52,UL,0,0,0,0
64,53,DL,0,0,0,0
64,53,UL,0,0,0,0
64,54,DL,0,0,0,0
64,54,UL,0,0,0,0
64,55,DL,0,0,0,0
64,55,UL,0,0,0,0
64,56,DL,0,0,0,0
64,56,UL,0,0,0,0
64,57,DL,0,0,0,0
64,57,UL,0,0,0,0
64,58,DL,0,0,0,0
64,58,UL,0,0,0,0
64,59,DL,0,0,0,0
64,59,UL,0,0,0,0
64,60,DL,0,0,0,0
64,60,UL,0,0,0,0
64,61,DL,0,0,0,0
64,61,UL,0,0,0,0
64,62,DL,0,0,0,0
64,62,UL,0,0,0,0
64,63,DL,0,0,0,0
64,63,UL,0,0,0,0
64,64,DL,0,0,0,0
64,64,UL,0,0,0,0
64,65,DL,0,0,0,0
64,65,UL,0,0,0,0
64,66,DL,0,0,0,0
64,66,UL,0,0,0,0
64,67,DL,0,0,0,0
64,67,UL,0,0,0,0
64,68,DL,0,0,0,0
64,68,UL,0,0,0,0
64,69,DL,0,0,0,0
64,69,UL,0,0,0,0
64,70,DL,0,0,0,0
64,70,UL,0,0,0,0
64,71,DL,0,0,0,0
64,71,UL,0,0,0,0
64,72,DL,0,0,0,0
64,72,UL,0,0,0,0
64,73,DL,0,0,0,0
64,73,UL,0,0,0,0
64,74,DL,0,0,0,0
64,74,UL,0,0,0,0
64,75,DL,0,0,0,0
64,75,UL,0,0,0,0
64,76,DL,0,0,0,0
64,76,UL,0,0,0,0
64,77,DL,0,0,0,0
64,77,UL,0,0,0,0
64,78,DL,0,0,0,0
64,78,UL,0,0,0,0
64,79,DL,0,0,0,0
64,79,UL,0,0,0,0
66,0,DL,0,0,0,0
66,0,UL,0,0,0,0
66,1,DL,0,0,0,0
66,1,UL,0,0,0,0
66,2,DL,0,0,0,0
66,2,UL,0,0,0,0
66,3,DL,0,0,0,0
66,3,UL,0,0,0,0
66,4,DL,0,0,0,0
66,4,UL,0,0,0,0
66,5,DL,0,0,0,0
66,5,UL,0,0,0,0
66,6,DL,0,0,0,0
66,6,UL,0,0,0,0
66,7,DL,0,0,0,0
66,7,UL,0,0,0,0
66,8,DL,0,0,0,0
66,8,UL,0,0,0,0
66,9,DL,0,0,0,0
66,9,UL,0,0,0,0
66,10,DL,0,0,0,0
66,10,UL,0,0,0,0
66,11,DL,0,0,0,0
66,11,UL,0,0,0,0
66,12,DL,0,0,0,0
66,12,UL,0,0,0,0
66,13,DL,0,0,0,0
66,13,UL,0,0,0,0
66,14,DL,0,0,0,0
66,14,UL,0,0,0,0
66,15,DL,0,0,0,0
66,15,UL,0,0,0,0
66,16,DL,0,0,0,0
66,16,UL,0,0,0,0
66,17,DL,0.0211,0.006,0.00784302,4
66,17,UL,0,0,0,0
66,18,DL,0,0,0,0
66,18,UL,0,0,0,0
66,19,DL,0,0,0,0
66,19,UL,0,0,0,0
66,20,DL,0,0,0,0
66,20,UL,0,0,0,0
66,21,DL,0,0,0,0
66,21,UL,0,0,0,0
66,22,DL,0,0,0,0
66,22,UL,0,0,0,0
66,23,DL,0,0,0,0
66,23,UL,0,0,0,0
66,24,DL,0,0,0,0
66,24,UL,0,0,0,0
66,25,DL,0,0,0,0
66,25,UL,0,0,0,0
66,26,DL,0,0,0,0
66,26,UL,0,0,0,0
66,27,DL,0,0,0,0
66,27,UL,0,0,0,0
66,28,DL,0,0,0,0
66,28,UL,0,0,0,0
66,29,DL,0,0,0,0
66,29,UL,0,0,0,0
66,30,DL,0,0,0,0
66,30,UL,0,0,0,0
66,31,DL,0,0,0,0
66,31,UL,0,0,0,0
66,32,DL,0,0,0,0
66,32,UL,0,0,0,0
66,33,DL,0,0,0,0
66,33,UL,0,0,0,0
66,34,DL,0,0,0,0
66,34,UL,0,0,0,0
66,35,DL,0,0,0,0
66,35,UL,0,0,0,0
66,36,DL,0,0,0,0
66,36,UL,0,0,0,0
66,37,DL,0,0,0,0
66,37,UL,0,0,0,0
66,38,DL,0,0,0,0
66,38,UL,0,0,0,0
66,39,DL,0,0,0,0
66,39,UL,0,0,0,0
66,40,DL,0,0,0,0
66,40,UL,0,0,0,0
66,41,DL,0,0,0,0
66,41,UL,0,0,0,0
66,42,DL,0,0,0,0
66,42,UL,0,0,0,0
66,43,DL,0,0,0,0
66,43,UL,0,0,0,0
66,44,DL,0,0,0,0
66,44,UL,0,0,0,0
66,45,DL,0,0,0,0
66,45,UL,0,0,0,0
66,46,DL,0,0,0,0
66,46,UL,0,0,0,0
66,47,DL,0,0,0,0
66,47,UL,0,0,0,0
66,48,DL,0,0,0,0
66,48,UL,0,0,0,0
66,49,DL,0,0,0,0
66,49,UL,0,0,0,0
66,50,DL,0,0,0,0
66,50,UL,0,0,0,0
66,51,DL,0,0,0,0
66,51,UL,0,0,0,0
66,52,DL,0,0,0,0
66,52,UL,0,0,0,0
66,53,DL,0,0,0,0
66,53,UL,0,0,0,0
66,54,DL,0,0,0,0
66,54,UL,0,0,0,0
66,55,DL,0,0,0,0
66,55,UL,0,0,0,0
66,56,DL,0,0,0,0
66,56,UL,0,0,0,0
66,57,DL,0,0,0,0
66,57,UL,0,0,0,0
66,58,DL,0,0,0,0
66,58,UL,0,0,0,0
66,59,DL,0,0,0,0
66,59,UL,0,0,0,0
66,60,DL,0,0,0,0
66,60,UL,0,0,0,0
66,61,DL,0,0,0,0
66,61,UL,0,0,0,0
66,62,DL,0,0,0,0
66,62,UL,0,0,0,0
66,63,DL,0,0,0,0
66,63,UL,0,0,0,0
66,64,DL,0,0,0,0
66,64,UL,0,0,0,0
66,65,DL,0,0,0,0
66,65,UL,0,0,0,0
66,66,DL,0,0,0,0
66,66,UL,0,0,0,0
66,67,DL,0,0,0,0
66,67,UL,0,0,0,0
66,68,DL,0,0,0,0
66,68,UL,0,0,0,0
66,69,DL,0,0,0,0
66,69,UL,0,0,0,0
66,70,DL,0,0,0,0
66,70,UL,0,0,0,0
66,71,DL,0,0,0,0
66,71,UL,0,0,0,0
66,72,DL,0,0,0,0
66,72,UL,0,0,0,0
66,73,DL,0,0,0,0
66,73,UL,0,0,0,0
66,74,DL,0,0,0,0
66,74,UL,0,0,0,0
66,75,DL,0,0,0,0
66,75,UL,0,0,0,0
66,76,DL,0,0,0,0
66,76,UL,0,0,0,0
66,77,DL,0,0,0,0
66,77,UL,0,0,0,0
66,78,DL,0,0,0,0
66,78,UL,0,0,0,0
66,79,DL,0,0,0,0
66,79,UL,0,0,0,0
68,0,DL,0,0,0,0
68,0,UL,0,0,0,0
68,1,DL,0,0,0,0
68,1,UL,0,0,0,0
68,2,DL,0,0,0,0
68,2,UL,0,0,0,0
68,3,DL,0,0,0,0
68,3,UL,0,0,0,0
68,4,DL,0,0,0,0
68,4,UL,0,0,0,0
68,5,DL,0,0,0,0
68,5,UL,0,0,0,0
68,6,DL,0,0,0,0
68,6,UL,0,0,0,0
68,7,DL,0,0,0,0
68,7,UL,0,0,0,0
68,8,DL,0,0,0,0
68,8,UL,0,0,0,0
68,9,DL,0,0,0,0
68,9,UL,0,0,0,0
68,10,DL,0,0,0,0
68,10,UL,0,0,0,0
68,11,DL,0,0,0,0
68,11,UL,0,0,0,0
68,12,DL,0,0,0,0
68,12,UL,0,0,0,0
68,13,DL,0,0,0,0
68,13,UL,0,0,0,0
68,14,DL,0,0,0,0
68,14,UL,0,0,0,0
68,15,DL,0,0,0,0
68,15,UL,0,0,0,0
68,16,DL,0,0,0,0
68,16,UL,0,0,0,0
68,17,DL,0,0,0,0
68,17,UL,0,0,0,0
68,18,DL,0,0,0,0
68,18,UL,0,0,0,0
68,19,DL,0,0,0,0
68,19,UL,0,0,0,0
68,20,DL,0,0,0,0
68,20,UL,0,0,0,0
68,21,DL,0,0,0,0
68,21,UL,0,0,0,0
68,22,DL,0,0,0,0
68,22,UL,0,0,0,0
68,23,DL,0,0,0,0
68,23,UL,0,0,0,0
68,24,DL,0,0,0,0
68,24,UL,0,0,0,0
68,25,DL,0,0,0,0
68,25,UL,0,0,0,0
68,26,DL,0,0,0,0
68,26,UL,0,0,0,0
68,27,DL,0,0,0,0
68,27,UL,0,0,0,0
68,28,DL,0,0,0,0
68,28,UL,0,0,0,0
68,29,DL,0,0,0,0
68,29,UL,0,0,0,0
68,30,DL,0,0,0,0
68,30,UL,0,0,0,0
68,31,DL,0,0,0,0
68,31,UL,0,0,0,0
68,32,DL,0,0,0,0
68,32,UL,0,0,0,0
68,33,DL,0,0,0,0
68,33,UL,0,0,0,0
68,34,DL,0,0,0,0
68,34,UL,0,0,0,0
68,35,DL,0,0,0,0
68,35,UL,0,0,0,0
68,36,DL,0,0,0,0
68,36,UL,0,0,0,0
68,37,DL,0,0,0,0
68,37,UL,0,0,0,0
68,38,DL,0,0,0,0
68,38,UL,0,0,0,0
68,39,DL,0,0,0,0
68,39,UL,0,0,0,0
68,40,DL,0,0,0,0
68,40,UL,0,0,0,0
68,41,DL,0,0,0,0
68,41,UL,0,0,0,0
68,42,DL,0,0,0,0
68,42,UL,0,0,0,0
68,43,DL,0,0,0,0
68,43,UL,0,0,0,0
68,44,DL,0,0,0,0
68,44,UL,0,0,0,0
68,45,DL,0,0,0,0
68,45,UL,0,0,0,0
68,46,DL,0,0,0,0
68,46,UL,0,0,0,0
68,47,DL,0,0,0,0
68,47,UL,0,0,0,0
68,48,DL,0,0,0,0
68,48,UL,0,0,0,0
68,49,DL,0,0,0,0
68,49,UL,0,0,0,0
68,50,DL,0,0,0,0
68,50,UL,0,0,0,0
68,51,DL,0,0,0,0
68,51,UL,0,0,0,0
68,52,DL,0,0,0,0
68,52,UL,0,0,0,0
68,53,DL,0,0,0,0
68,53,UL,0,0,0,0
68,54,DL,0,0,0,0
68,54,UL,0,0,0,0
68,55,DL,0,0,0,0
68,55,UL,0,0,0,0
68,56,DL,0,0,0,0
68,56,UL,0,0,0,0
68,57,DL,0,0,0,0
68,57,UL,0,0,0,0
68,58,DL,0,0,0,0
68,58,UL,0,0,0,0
68,59,DL,0,0,0,0
68,59,UL,0,0,0,0
68,60,DL,0,0,0,0
68,60,UL,0,0,0,0
68,61,DL,0,0,0,0
68,61,UL,0,0,0,0
68,62,DL,0,0,0,0
68,62,UL,0,0,0,0
68,63,DL,0,0,0,0
68,63,UL,0,0,0,0
68,64,DL,0,0,0,0
68,64,UL,0,0,0,0
68,65,DL,0,0,0,0
68,65,UL,0,0,0,0
68,66,DL,0,0,0,0
68,66,UL,0,0,0,0
68,67,DL,0,0,0,0
68,67,UL,0,0,0,0
68,68,DL,0,0,0,0
68,68,UL,0,0,0,0
68,69,DL,0,0,0,0
68,69,UL,0,0,0,0
68,70,DL,0,0,0,0
68,70,UL,0,0,0,0
68,71,DL,0,0,0,0
68,71,UL,0,0,0,0
68,72,DL,0,0,0,0
68,72,UL,0,0,0,0
68,73,DL,0,0,0,0
68,73,UL,0,0,0,0
68,74,DL,0,0,0,0
68,74,UL,0,0,0,0
68,75,DL,0,0,0,0
68,75,UL,0,0,0,0
68,76,DL,0,0,0,0
68,76,UL,0,0,0,0
68,77,DL,0,0,0,0
68,77,UL,0,0,0,0
68,78,DL,0,0,0,0
68,78,UL,0,0,0,0
68,79,DL,0,0,0,0
68,79,UL,0,0,0,0
70,0,DL,0,0,0,0
70,0,UL,0,0,0,0
70,1,DL,0,0,0,0
70,1,UL,0,0,0,0
70,2,DL,0,0,0,0
70,2,UL,0,0,0,0
70,3,DL,0,0,0,0
70,3,UL,0,0,0,0
70,4,DL,0,0,0,0
70,4,UL,0,0,0,0
70,5,DL,0,0,0,0
70,5,UL,0,0,0,0
70,6,DL,0,0,0,0
70,6,UL,0,0,0,0
70,7,DL,0,0,0,0
70,7,UL,0,0,0,0
70,8,DL,0,0,0,0
70,8,UL,0,0,0,0
70,9,DL,0,0,0,0
70,9,UL,0,0,0,0
70,10,DL,0,0,0,0
70,10,UL,0,0,0,0
70,11,DL,0,0,0,0
70,11,UL,0,0,0,0
70,12,DL,0,0,0,0
70,12,UL,0,0,0,0
70,13,DL,0,0,0,0
70,13,UL,0,0,0,0
70,14,DL,0,0,0,0
70,14,UL,0,0,0,0
70,15,DL,0,0,0,0
70,15,UL,0,0,0,0
70,16,DL,0,0,0,0
70,16,UL,0,0,0,0
70,17,DL,0,0,0,0
70,17,UL,0,0,0,0
70,18,DL,0,0,0,0
70,18,UL,0,0,0,0
70,19,DL,0,0,0,0
70,19,UL,0,0,0,0
70,20,DL,0,0,0,0
70,20,UL,0,0,0,0
70,21,DL,0,0,0,0
70,21,UL,0,0,0,0
70,22,DL,0,0,0,0
70,22,UL,0,0,0,0
70,23,DL,0,0,0,0
70,23,UL,0,0,0,0
70,24,DL,0,0,0,0
70,24,UL,0,0,0,0
70,25,DL,0,0,0,0
70,25,UL,0,0,0,0
70,26,DL,0.0176,0.121833,0.0117645,6
70,26,UL,0,0,0,0
70,27,DL,0,0,0,0
70,27,UL,0,0,0,0
70,28,DL,0,0,0,0
70,28,UL,0,0,0,0
70,29,DL,0,0,0,0
70,29,UL,0,0,0,0
70,30,DL,0,0,0,0
70,30,UL,0,0,0,0
70,31,DL,0,0,0,0
70,31,UL,0,0,0,0
70,32,DL,0,0,0,0
70,32,UL,0,0,0,0
70,33,DL,0,0,0,0
70,33,UL,0,0,0,0
70,34,DL,0,0,0,0
70,34,UL,0,0,0,0
70,35,DL,0,0,0,0
70,35,UL,0,0,0,0
70,36,DL,0,0,0,0
70,36,UL,0,0,0,0
70,37,DL,0,0,0,0
70,37,UL,0,0,0,0
70,38,DL,0,0,0,0
70,38,UL,0,0,0,0
70,39,DL,0,0,0,0
70,39,UL,0,0,0,0
70,40,DL,0,0,0,0
70,40,UL,0,0,0,0
70,41,DL,0,0,0,0
70,41,UL,0,0,0,0
70,42,DL,0,0,0,0
70,42,UL,0,0,0,0
70,43,DL,0,0,0,0
70,43,UL,0,0,0,0
70,44,DL,0,0,0,0
70,44,UL,0,0,0,0
70,45,DL,0,0,0,0
70,45,UL,0,0,0,0
70,46,DL,0,0,0,0
70,46,UL,0,0,0,0
70,47,DL,0,0,0,0
70,47,UL,0,0,0,0
70,48,DL,0,0,0,0
70,48,UL,0,0,0,0
70,49,DL,0,0,0,0
70,49,UL,0,0,0,0
70,50,DL,0,0,0,0
70,50,UL,0,0,0,0
70,51,DL,0,0,0,0
70,51,UL,0,0,0,0
70,52,DL,0,0,0,0
70,52,UL,0,0,0,0
70,53,DL,0,0,0,0
70,53,UL,0,0,0,0
70,54,DL,0,0,0,0
70,54,UL,0,0,0,0
70,55,DL,0,0,0,0
70,55,UL,0,0,0,0
70,56,DL,0,0,0,0
70,56,UL,0,0,0,0
70,57,DL,0,0,0,0
70,57,UL,0,0,0,0
70,58,DL,0,0,0,0
70,58,UL,0,0,0,0
70,59,DL,0,0,0,0
70,59,UL,0,0,0,0
70,60,DL,0,0,0,0
70,60,UL,0,0,0,0
70,61,DL,0,0,0,0
70,61,UL,0,0,0,0
70,62,DL,0,0,0,0
70,62,UL,0,0,0,0
70,63,DL,0,0,0,0
70,63,UL,0,0,0,0
70,64,DL,0,0,0,0
70,64,UL,0,0,0,0
70,65,DL,0,0,0,0
70,65,UL,0,0,0,0
70,66,DL,0,0,0,0
70,66,UL,0,0,0,0
70,67,DL,0,0,0,0
70,67,UL,0,0,0,0
70,68,DL,0,0,0,0
70,68,UL,0,0,0,0
70,69,DL,0.0241,0.028,0.0196075,10
70,69,UL,0,0,0,0
70,70,DL,0,0,0,0
70,70,UL,0,0,0,0
70,71,DL,0,0,0,0
70,71,UL,0,0,0,0
70,72,DL,0,0,0,0
70,72,UL,0,0,0,0
70,73,DL,0,0,0,0
70,73,UL,0,0,0,0
70,74,DL,0,0,0,0
70,74,UL,0,0,0,0
70,75,DL,0,0,0,0
70,75,UL,0,0,0,0
70,76,DL,0,0,0,0
70,76,UL,0,0,0,0
70,77,DL,0,0,0,0
70,77,UL,0,0,0,0
70,78,DL,0,0,0,0
70,78,UL,0,0,0,0
70,79,DL,0,0,0,0
70,79,UL,0,0,0,0
72,0,DL,0,0,0,0
72,0,UL,0,0,0,0
72,1,DL,0,0,0,0
72,1,UL,0,0,0,0
72,2,DL,0,0,0,0
72,2,UL,0,0,0,0
72,3,DL,0,0,0,0
72,3,UL,0,0,0,0
72,4,DL,0,0,0,0
72,4,UL,0,0,0,0
72,5,DL,0,0,0,0
72,5,UL,0,0,0,0
72,6,DL,0,0,0,0
72,6,UL,0,0,0,0
72,7,DL,0,0,0,0
72,7,UL,0,0,0,0
72,8,DL,0,0,0,0
72,8,UL,0,0,0,0
72,9,DL,0,0,0,0
72,9,UL,0,0,0,0
72,10,DL,0,0,0,0
72,10,UL,0,0,0,0
72,11,DL,0,0,0,0
72,11,UL,0,0,0,0
72,12,DL,0,0,0,0
72,12,UL,0,0,0,0
72,13,DL,0,0,0,0
72,13,UL,0,0,0,0
72,14,DL,0,0,0,0
72,14,UL,0,0,0,0
72,15,DL,0,0,0,0
72,15,UL,0,0,0,0
72,16,DL,0,0,0,0
72,16,UL,0,0,0,0
72,17,DL,0,0,0,0
72,17,UL,0,0,0,0
72,18,DL,0,0,0,0
72,18,UL,0,0,0,0
72,19,DL,0,0,0,0
72,19,UL,0,0,0,0
72,20,DL,0,0,0,0
72,20,UL,0,0,0,0
72,21,DL,0,0,0,0
72,21,UL,0,0,0,0
72,22,DL,0,0,0,0
72,22,UL,0,0,0,0
72,23,DL,0,0,0,0
72,23,UL,0,0,0,0
72,24,DL,0,0,0,0
72,24,UL,0,0,0,0
72,25,DL,0,0,0,0
72,25,UL,0,0,0,0
72,26,DL,0,0,0,0
72,26,UL,0,0,0,0
72,27,DL,0,0,0,0
72,27,UL,0,0,0,0
72,28,DL,0,0,0,0
72,28,UL,0,0,0,0
72,29,DL,0,0,0,0
72,29,UL,0,0,0,0
72,30,DL,0,0,0,0
72,30,UL,0,0,0,0
72,31,DL,0,0,0,0
72,31,UL,0,0,0,0
72,32,DL,0,0,0,0
72,32,UL,0,0,0,0
72,33,DL,0,0,0,0
72,33,UL,0,0,0,0
72,34,DL,0,0,0,0
72,34,UL,0,0,0,0
72,35,DL,0,0,0,0
72,35,UL,0,0,0,0
72,36,DL,0,0,0,0
72,36,UL,0,0,0,0
72,37,DL,0,0,0,0
72,37,UL,0,0,0,0
72,38,DL,0,0,0,0
72,38,UL,0,0,0,0
72,39,DL,0,0,0,0
72,39,UL,0,0,0,0
72,40,DL,0,0,0,0
72,40,UL,0,0,0,0
72,41,DL,0,0,0,0
72,41,UL,0,0,0,0
72,42,DL,0,0,0,0
72,42,UL,0,0,0,0
72,43,DL,0,0,0,0
72,43,UL,0,0,0,0
72,44,DL,0,0,0,0
72,44,UL,0,0,0,0
72,45,DL,0,0,0,0
72,45,UL,0,0,0,0
72,46,DL,0,0,0,0
72,46,UL,0,0,0,0
72,47,DL,0,0,0,0
72,47,UL,0,0,0,0
72,48,DL,0,0,0,0
72,48,UL,0,0,0,0
72,49,DL,0,0,0,0
72,49,UL,0,0,0,0
72,50,DL,0,0,0,0
72,50,UL,0,0,0,0
72,51,DL,0,0,0,0
72,51,UL,0,0,0,0
72,52,DL,0,0,0,0
72,52,UL,0,0,0,0
72,53,DL,0,0,0,0
72,53,UL,0,0,0,0
72,54,DL,0,0,0,0
72,54,UL,0,0,0,0
72,55,DL,0,0,0,0
72,55,UL,0,0,0,0
72,56,DL,0,0,0,0
72,56,UL,0,0,0,0
72,57,DL,0,0,0,0
72,57,UL,0,0,0,0
72,58,DL,0,0,0,0
72,58,UL,0,0,0,0
72,59,DL,0,0,0,0
72,59,UL,0,0,0,0
72,60,DL,0,0,0,0
72,60,UL,0,0,0,0
72,61,DL,0,0,0,0
72,61,UL,0,0,0,0
72,62,DL,0,0,0,0
72,62,UL,0,0,0,0
72,63,DL,0,0,0,0
72,63,UL,0,0,0,0
72,64,DL,0,0,0,0
72,64,UL,0,0,0,0
72,65,DL,0,0,0,0
72,65,UL,0,0,0,0
72,66,DL,0,0,0,0
72,66,UL,0,0,0,0
72,67,DL,0,0,0,0
72,67,UL,0,0,0,0
72,68,DL,0,0,0,0
72,68,UL,0,0,0,0
72,69,DL,0,0,0,0
72,69,UL,0,0,0,0
72,70,DL,0,0,0,0
72,70,UL,0,0,0,0
72,71,DL,0,0,0,0
72,71,UL,0,0,0,0
72,72,DL,0,0,0,0
72,72,UL,0,0,0,0
72,73,DL,0,0,0,0
72,73,UL,0,0,0,0
72,74,DL,0,0,0,0
72,74,UL,0,0,0,0
72,75,DL,0,0,0,0
72,75,UL,0,0,0,0
72,76,DL,0,0,0,0
72,76,UL,0,0,0,0
72,77,DL,0,0,0,0
72,77,UL,0,0,0,0
72,78,DL,0,0,0,0
72,78,UL,0,0,0,0
72,79,DL,0,0,0,0
72,79,UL,0,0,0,0
74,0,DL,0,0,0,0
74,0,UL,0,0,0,0
74,1,DL,0,0,0,0
74,1,UL,0,0,0,0
74,2,DL,0,0,0,0
74,2,UL,0,0,0,0
74,3,DL,0,0,0,0
74,3,UL,0,0,0,0
74,4,DL,0,0,0,0
74,4,UL,0,0,0,0
74,5,DL,0,0,0,0
74,5,UL,0,0,0,0
74,6,DL,0,0,0,0
74,6,UL,0,0,0,0
74,7,DL,0,0,0,0
74,7,UL,0,0,0,0
74,8,DL,0,0,0,0
74,8,UL,0,0,0,0
74,9,DL,0,0,0,0
74,9,UL,0,0,0,0
74,10,DL,0,0,0,0
74,10,UL,0,0,0,0
74,11,DL,0,0,0,0
74,11,UL,0,0,0,0
74,12,DL,0,0,0,0
74,12,UL,0,0,0,0
74,13,DL,0,0,0,0
74,13,UL,0,0,0,0
74,14,DL,0,0,0,0
74,14,UL,0,0,0,0
74,15,DL,0,0,0,0
74,15,UL,0,0,0,0
74,16,DL,0,0,0,0
74,16,UL,0,0,0,0
74,17,DL,0,0,0,0
74,17,UL,0,0,0,0
74,18,DL,0,0,0,0
74,18,UL,0,0,0,0
74,19,DL,0,0,0,0
74,19,UL,0,0,0,0
74,20,DL,0,0,0,0
74,20,UL,0,0,0,0
74,21,DL,0,0,0,0
74,21,UL,0,0,0,0
74,22,DL,0,0,0,0
74,22,UL,0,0,0,0
74,23,DL,0,0,0,0
74,23,UL,0,0,0,0
74,24,DL,0,0,0,0
74,24,UL,0,0,0,0
74,25,DL,0,0,0,0
74,25,UL,0,0,0,0
74,26,DL,0,0,0,0
74,26,UL,0,0,0,0
74,27,DL,0,0,0,0
74,27,UL,0,0,0,0
74,28,DL,0,0,0,0
74,28,UL,0,0,0,0
74,29,DL,0,0,0,0
74,29,UL,0,0,0,0
74,30,DL,0,0,0,0
74,30,UL,0,0,0,0
74,31,DL,0,0,0,0
74,31,UL,0,0,0,0
74,32,DL,0,0,0,0
74,32,UL,0,0,0,0
74,33,DL,0,0,0,0
74,33,UL,0,0,0,0
74,34,DL,0,0,0,0
74,34,UL,0,0,0,0
74,35,DL,0,0,0,0
74,35,UL,0,0,0,0
74,36,DL,0,0,0,0
74,36,UL,0,0,0,0
74,37,DL,0,0,0,0
74,37,UL,0,0,0,0
74,38,DL,0,0,0,0
74,38,UL,0,0,0,0
74,39,DL,0,0,0,0
74,39,UL,0,0,0,0
74,40,DL,0,0,0,0
74,40,UL,0,0,0,0
74,41,DL,0,0,0,0
74,41,UL,0,0,0,0
74,42,DL,0,0,0,0
74,42,UL,0,0,0,0
74,43,DL,0,0,0,0
74,43,UL,0,0,0,0
74,44,DL,0,0,0,0
74,44,UL,0,0,0,0
74,45,DL,0,0,0,0
74,45,UL,0,0,0,0
74,46,DL,0,0,0,0
74,46,UL,0,0,0,0
74,47,DL,0,0,0,0
74,47,UL,0,0,0,0
74,48,DL,0,0,0,0
74,48,UL,0,0,0,0
74,49,DL,0,0,0,0
74,49,UL,0,0,0,0
74,50,DL,0,0,0,0
74,50,UL,0,0,0,0
74,51,DL,0,0,0,0
74,51,UL,0,0,0,0
74,52,DL,0,0,0,0
74,52,UL,0,0,0,0
74,53,DL,0,0,0,0
74,53,UL,0,0,0,0
74,54,DL,0,0,0,0
74,54,UL,0,0,0,0
74,55,DL,0,0,0,0
74,55,UL,0,0,0,0
74,56,DL,0,0,0,0
74,56,UL,0,0,0,0
74,57,DL,0,0,0,0
74,57,UL,0,0,0,0
74,58,DL,0,0,0,0
74,58,UL,0,0,0,0
74,59,DL,0,0,0,0
74,59,UL,0,0,0,0
74,60,DL,0,0,0,0
74,60,UL,0,0,0,0
74,61,DL,0,0,0,0
74,61,UL,0,0,0,0
74,62,DL,0,0,0,0
74,62,UL,0,0,0,0
74,63,DL,0,0,0,0
74,63,UL,0,0,0,0
74,64,DL,0,0,0,0
74,64,UL,0,0,0,0
74,65,DL,0,0,0,0
74,65,UL,0,0,0,0
74,66,DL,0,0,0,0
74,66,UL,0,0,0,0
74,67,DL,0,0,0,0
74,67,UL,0,0,0,0
74,68,DL,0,0,0,0
74,68,UL,0,0,0,0
74,69,DL,0,0,0,0
74,69,UL,0,0,0,0
74,70,DL,0,0,0,0
74,70,UL,0,0,0,0
74,71,DL,0,0,0,0
74,71,UL,0,0,0,0
74,72,DL,0,0,0,0
74,72,UL,0,0,0,0
74,73,DL,0,0,0,0
74,73,UL,0,0,0,0
74,74,DL,0,0,0,0
74,74,UL,0,0,0,0
74,75,DL,0,0,0,0
74,75,UL,0,0,0,0
74,76,DL,0,0,0,0
74,76,UL,0,0,0,0
74,77,DL,0,0,0,0
74,77,UL,0,0,0,0
74,78,DL,0,0,0,0
74,78,UL,0,0,0,0
74,79,DL,0,0,0,0
74,79,UL,0,0,0,0
76,0,DL,0,0,0,0
76,0,UL,0,0,0,0
76,1,DL,0,0,0,0
76,1,UL,0,0,0,0
76,2,DL,0,0,0,0
76,2,UL,0,0,0,0
76,3,DL,0,0,0,0
76,3,UL,0,0,0,0
76,4,DL,0,0,0,0
76,4,UL,0,0,0,0
76,5,DL,0,0,0,0
76,5,UL,0,0,0,0
76,6,DL,0,0,0,0
76,6,UL,0,0,0,0
76,7,DL,0,0,0,0
76,7,UL,0,0,0,0
76,8,DL,0,0,0,0
76,8,UL,0,0,0,0
76,9,DL,0,0,0,0
76,9,UL,0,0,0,0
76,10,DL,0,0,0,0
76,10,UL,0,0,0,0
76,11,DL,0,0,0,0
76,11,UL,0,0,0,0
76,12,DL,0,0,0,0
76,12,UL,0,0,0,0
76,13,DL,0,0,0,0
76,13,UL,0,0,0,0
76,14,DL,0,0,0,0
76,14,UL,0,0,0,0
76,15,DL,0,0,0,0
76,15,UL,0,0,0,0
76,16,DL,0,0,0,0
76,16,UL,0,0,0,0
76,17,DL,0,0,0,0
76,17,UL,0,0,0,0
76,18,DL,0,0,0,0
76,18,UL,0,0,0,0
76,19,DL,0,0,0,0
76,19,UL,0,0,0,0
76,20,DL,1.03068,0.155417,0.0470581,24
76,20,UL,0,0,0,0
76,21,DL,0,0,0,0
76,21,UL,0,0,0,0
76,22,DL,0,0,0,0
76,22,UL,0,0,0,0
76,23,DL,0,0,0,0
76,23,UL,0,0,0,0
76,24,DL,0,0,0,0
76,24,UL,0,0,0,0
76,25,DL,0,0,0,0
76,25,UL,0,0,0,0
76,26,DL,0,0,0,0
76,26,UL,0,0,0,0
76,27,DL,0,0,0,0
76,27,UL,0,0,0,0
76,28,DL,0,0,0,0
76,28,UL,0,0,0,0
76,29,DL,0,0,0,0
76,29,UL,0,0,0,0
76,30,DL,0,0,0,0
76,30,UL,0,0,0,0
76,31,DL,0,0,0,0
76,31,UL,0,0,0,0
76,32,DL,0,0,0,0
76,32,UL,0,0,0,0
76,33,DL,0,0,0,0
76,33,UL,0,0,0,0
76,34,DL,0,0,0,0
76,34,UL,0,0,0,0
76,35,DL,0,0,0,0
76,35,UL,0,0,0,0
76,36,DL,0,0,0,0
76,36,UL,0,0,0,0
76,37,DL,0.552767,0.301667,0.0117645,6
76,37,UL,0,0,0,0
76,38,DL,0,0,0,0
76,38,UL,0,0,0,0
76,39,DL,0,0,0,0
76,39,UL,0,0,0,0
76,40,DL,0,0,0,0
76,40,UL,0,0,0,0
76,41,DL,0,0,0,0
76,41,UL,0,0,0,0
76,42,DL,0,0,0,0
76,42,UL,0,0,0,0
76,43,DL,0,0,0,0
76,43,UL,0,0,0,0
76,44,DL,0,0,0,0
76,44,UL,0,0,0,0
76,45,DL,0,0,0,0
76,45,UL,0,0,0,0
76,46,DL,0,0,0,0
76,46,UL,0,0,0,0
76,47,DL,0,0,0,0
76,47,UL,0,0,0,0
76,48,DL,0,0,0,0
76,48,UL,0,0,0,0
76,49,DL,0,0,0,0
76,49,UL,0,0,0,0
76,50,DL,0,0,0,0
76,50,UL,0,0,0,0
76,51,DL,0,0,0,0
76,51,UL,0,0,0,0
76,52,DL,0,0,0,0
76,52,UL,0,0,0,0
76,53,DL,0,0,0,0
76,53,UL,0,0,0,0
76,54,DL,0,0,0,0
76,54,UL,0,0,0,0
76,55,DL,0,0,0,0
76,55,UL,0,0,0,0
76,56,DL,0,0,0,0
76,56,UL,0,0,0,0
76,57,DL,0,0,0,0
76,57,UL,0,0,0,0
76,58,DL,0,0,0,0
76,58,UL,0,0,0,0
76,59,DL,0,0,0,0
76,59,UL,0,0,0,0
76,60,DL,0,0,0,0
76,60,UL,0,0,0,0
76,61,DL,0,0,0,0
76,61,UL,0,0,0,0
76,62,DL,0,0,0,0
76,62,UL,0,0,0,0
76,63,DL,0,0,0,0
76,63,UL,0,0,0,0
76,64,DL,0,0,0,0
76,64,UL,0,0,0,0
76,65,DL,0,0,0,0
76,65,UL,0,0,0,0
76,66,DL,0,0,0,0
76,66,UL,0,0,0,0
76,67,DL,0,0,0,0
76,67,UL,0,0,0,0
76,68,DL,0,0,0,0
76,68,UL,0,0,0,0
76,69,DL,0,0,0,0
76,69,UL,0,0,0,0
76,70,DL,0,0,0,0
76,70,UL,0,0,0,0
76,71,DL,0,0,0,0
76,71,UL,0,0,0,0
76,72,DL,0,0,0,0
76,72,UL,0,0,0,0
76,73,DL,0,0,0,0
76,73,UL,0,0,0,0
76,74,DL,0,0,0,0
76,74,UL,0,0,0,0
76,75,DL,0,0,0,0
76,75,UL,0,0,0,0
76,76,DL,0,0,0,0
76,76,UL,0,0,0,0
76,77,DL,0,0,0,0
76,77,UL,0,0,0,0
76,78,DL,0,0,0,0
76,78,UL,0,0,0,0
76,79,DL,0,0,0,0
76,79,UL,0,0,0,0
