NR: trying ns3::NrMacSchedulerOfdmaPF
NR: using ns3::NrMacSchedulerOfdmaPF
Could not find NR UE cell info for E2 Node ID = 15
Could not find NR UE cell info for E2 Node ID = 16
Could not find NR UE cell info for E2 Node ID = 17
Could not find NR UE cell info for E2 Node ID = 18
Could not find NR UE cell info for E2 Node ID = 19
Could not find NR UE cell info for E2 Node ID = 20
Could not find NR UE cell info for E2 Node ID = 21
Could not find NR UE cell info for E2 Node ID = 22
Could not find NR UE cell info for E2 Node ID = 23
Could not find NR UE cell info for E2 Node ID = 24
Could not find NR UE cell info for E2 Node ID = 25
Could not find NR UE cell info for E2 Node ID = 26
Could not find NR UE cell info for E2 Node ID = 27
Could not find NR UE cell info for E2 Node ID = 28
Could not find NR UE cell info for E2 Node ID = 29
Could not find NR UE cell info for E2 Node ID = 30
Could not find NR UE cell info for E2 Node ID = 31
Could not find NR UE cell info for E2 Node ID = 32
Could not find NR UE cell info for E2 Node ID = 33
Could not find NR UE cell info for E2 Node ID = 34
Could not find NR UE cell info for E2 Node ID = 35
Could not find NR UE cell info for E2 Node ID = 36
Could not find NR UE cell info for E2 Node ID = 37
Could not find NR UE cell info for E2 Node ID = 38
Could not find NR UE cell info for E2 Node ID = 39
Could not find NR UE cell info for E2 Node ID = 40
Could not find NR UE cell info for E2 Node ID = 41
Could not find NR UE cell info for E2 Node ID = 42
Could not find NR UE cell info for E2 Node ID = 43
Could not find NR UE cell info for E2 Node ID = 44
Could not find NR UE cell info for E2 Node ID = 45
Could not find NR UE cell info for E2 Node ID = 46
Could not find NR UE cell info for E2 Node ID = 47
Could not find NR UE cell info for E2 Node ID = 48
Could not find NR UE cell info for E2 Node ID = 49
Could not find NR UE cell info for E2 Node ID = 50
Could not find NR UE cell info for E2 Node ID = 51
Could not find NR UE cell info for E2 Node ID = 52
Could not find NR UE cell info for E2 Node ID = 53
Could not find NR UE cell info for E2 Node ID = 54
Could not find NR UE cell info for E2 Node ID = 55
Could not find NR UE cell info for E2 Node ID = 56
Could not find NR UE cell info for E2 Node ID = 57
Could not find NR UE cell info for E2 Node ID = 58
Could not find NR UE cell info for E2 Node ID = 59
Could not find NR UE cell info for E2 Node ID = 60
Could not find NR UE cell info for E2 Node ID = 61
Could not find NR UE cell info for E2 Node ID = 62
Could not find NR UE cell info for E2 Node ID = 63
Could not find NR UE cell info for E2 Node ID = 64
Could not find NR UE cell info for E2 Node ID = 65
Could not find NR UE cell info for E2 Node ID = 66
Could not find NR UE cell info for E2 Node ID = 67
Could not find NR UE cell info for E2 Node ID = 68
Could not find NR UE cell info for E2 Node ID = 69
Could not find NR UE cell info for E2 Node ID = 70
Could not find NR UE cell info for E2 Node ID = 71
Could not find NR UE cell info for E2 Node ID = 72
Could not find NR UE cell info for E2 Node ID = 73
Could not find NR UE cell info for E2 Node ID = 74
Could not find NR UE cell info for E2 Node ID = 75
Could not find NR UE cell info for E2 Node ID = 76
Could not find NR UE cell info for E2 Node ID = 77
Could not find NR UE cell info for E2 Node ID = 78
Could not find NR UE cell info for E2 Node ID = 79
Could not find NR UE cell info for E2 Node ID = 80
Could not find NR UE cell info for E2 Node ID = 81
Could not find NR UE cell info for E2 Node ID = 82
Could not find NR UE cell info for E2 Node ID = 83
Could not find NR UE cell info for E2 Node ID = 84
Could not find NR UE cell info for E2 Node ID = 85
Could not find NR UE cell info for E2 Node ID = 86
Could not find NR UE cell info for E2 Node ID = 87
Could not find NR UE cell info for E2 Node ID = 88
Could not find NR UE cell info for E2 Node ID = 89
Could not find NR UE cell info for E2 Node ID = 90
Could not find NR UE cell info for E2 Node ID = 91
Could not find NR UE cell info for E2 Node ID = 92
Could not find NR UE cell info for E2 Node ID = 93
Could not find NR UE cell info for E2 Node ID = 94
Could not find NR UE cell info for E2 Node ID = 95
Could not find NR UE cell info for E2 Node ID = 96
Could not find NR UE cell info for E2 Node ID = 97
Could not find NR UE cell info for E2 Node ID = 98
Could not find NR UE cell info for E2 Node ID = 99
Could not find NR UE cell info for E2 Node ID = 100
Could not find NR UE cell info for E2 Node ID = 101
Could not find NR UE cell info for E2 Node ID = 102
Could not find NR UE cell info for E2 Node ID = 103
Could not find NR UE cell info for E2 Node ID = 104
Could not find NR UE cell info for E2 Node ID = 105
Could not find NR UE cell info for E2 Node ID = 106
Could not find NR UE cell info for E2 Node ID = 107
Could not find NR UE cell info for E2 Node ID = 108
Could not find NR UE cell info for E2 Node ID = 109
Could not find NR UE cell info for E2 Node ID = 110
Could not find NR UE cell info for E2 Node ID = 111
Could not find NR UE cell info for E2 Node ID = 112
Could not find NR UE cell info for E2 Node ID = 113
Could not find NR UE cell info for E2 Node ID = 114
Could not find NR UE cell info for E2 Node ID = 115
Could not find NR UE cell info for E2 Node ID = 116
Could not find NR UE cell info for E2 Node ID = 117
Could not find NR UE cell info for E2 Node ID = 118
Could not find NR UE cell info for E2 Node ID = 119
Could not find NR UE cell info for E2 Node ID = 120
Could not find NR UE cell info for E2 Node ID = 121
Could not find NR UE cell info for E2 Node ID = 122
Could not find NR UE cell info for E2 Node ID = 123
Could not find NR UE cell info for E2 Node ID = 124
Could not find NR UE cell info for E2 Node ID = 125
Could not find NR UE cell info for E2 Node ID = 126
Could not find NR UE cell info for E2 Node ID = 127
Could not find NR UE cell info for E2 Node ID = 128
Could not find NR UE cell info for E2 Node ID = 129
Could not find NR UE cell info for E2 Node ID = 130
Could not find NR UE cell info for E2 Node ID = 131
Could not find NR UE cell info for E2 Node ID = 132
Could not find NR UE cell info for E2 Node ID = 133
Could not find NR UE cell info for E2 Node ID = 134
Could not find NR UE cell info for E2 Node ID = 135
Could not find NR UE cell info for E2 Node ID = 136
Could not find NR UE cell info for E2 Node ID = 137
Could not find NR UE cell info for E2 Node ID = 138
Could not find NR UE cell info for E2 Node ID = 139
Could not find NR UE cell info for E2 Node ID = 140
Could not find NR UE cell info for E2 Node ID = 141
Could not find NR UE cell info for E2 Node ID = 142
Could not find NR UE cell info for E2 Node ID = 143
Could not find NR UE cell info for E2 Node ID = 144
Could not find NR UE cell info for E2 Node ID = 145
Could not find NR UE cell info for E2 Node ID = 146
Could not find NR UE cell info for E2 Node ID = 147
Could not find NR UE cell info for E2 Node ID = 148
Could not find NR UE cell info for E2 Node ID = 149
Could not find NR UE cell info for E2 Node ID = 150
Could not find NR UE cell info for E2 Node ID = 151
Could not find NR UE cell info for E2 Node ID = 152
Could not find NR UE cell info for E2 Node ID = 153
Could not find NR UE cell info for E2 Node ID = 154
Could not find NR UE cell info for E2 Node ID = 155
Could not find NR UE cell info for E2 Node ID = 156
Could not find NR UE cell info for E2 Node ID = 157
Could not find NR UE cell info for E2 Node ID = 158
Could not find NR UE cell info for E2 Node ID = 159
Could not find NR UE cell info for E2 Node ID = 160
Could not find NR UE cell info for E2 Node ID = 161
Could not find NR UE cell info for E2 Node ID = 162
Could not find NR UE cell info for E2 Node ID = 163
Could not find NR UE cell info for E2 Node ID = 164
Could not find NR UE cell info for E2 Node ID = 165
Could not find NR UE cell info for E2 Node ID = 166
Could not find NR UE cell info for E2 Node ID = 167
Could not find NR UE cell info for E2 Node ID = 168
Could not find NR UE cell info for E2 Node ID = 169
Could not find NR UE cell info for E2 Node ID = 170
Could not find NR UE cell info for E2 Node ID = 171
Could not find NR UE cell info for E2 Node ID = 172
Could not find NR UE cell info for E2 Node ID = 173
Could not find NR UE cell info for E2 Node ID = 174
Could not find NR UE cell info for E2 Node ID = 175
Could not find NR UE cell info for E2 Node ID = 176
Could not find NR UE cell info for E2 Node ID = 177
Could not find NR UE cell info for E2 Node ID = 178
Could not find NR UE cell info for E2 Node ID = 179
Could not find NR UE cell info for E2 Node ID = 180
Could not find NR UE cell info for E2 Node ID = 181
Could not find NR UE cell info for E2 Node ID = 182
Could not find NR UE cell info for E2 Node ID = 183
Could not find NR UE cell info for E2 Node ID = 184
Could not find NR UE cell info for E2 Node ID = 185
Could not find NR UE cell info for E2 Node ID = 186
Could not find NR UE cell info for E2 Node ID = 187
Could not find NR UE cell info for E2 Node ID = 188
Could not find NR UE cell info for E2 Node ID = 189
Could not find NR UE cell info for E2 Node ID = 190
Could not find NR UE cell info for E2 Node ID = 191
Could not find NR UE cell info for E2 Node ID = 192
Could not find NR UE cell info for E2 Node ID = 193
Could not find NR UE cell info for E2 Node ID = 194
Could not find NR UE cell info for E2 Node ID = 195
Could not find NR UE cell info for E2 Node ID = 196
Could not find NR UE cell info for E2 Node ID = 197
Could not find NR UE cell info for E2 Node ID = 198
Could not find NR UE cell info for E2 Node ID = 199
Could not find NR UE cell info for E2 Node ID = 200
Could not find NR UE cell info for E2 Node ID = 201
Could not find NR UE cell info for E2 Node ID = 202
Could not find NR UE cell info for E2 Node ID = 203
Could not find NR UE cell info for E2 Node ID = 204
Could not find NR UE cell info for E2 Node ID = 205
Could not find NR UE cell info for E2 Node ID = 206
Could not find NR UE cell info for E2 Node ID = 207
Could not find NR UE cell info for E2 Node ID = 208
Could not find NR UE cell info for E2 Node ID = 209
Could not find NR UE cell info for E2 Node ID = 210
Could not find NR UE cell info for E2 Node ID = 211
Could not find NR UE cell info for E2 Node ID = 212
Could not find NR UE cell info for E2 Node ID = 213
Could not find NR UE cell info for E2 Node ID = 214
Could not find NR UE cell info for E2 Node ID = 215
Could not find NR UE cell info for E2 Node ID = 216
Could not find NR UE cell info for E2 Node ID = 217
Could not find NR UE cell info for E2 Node ID = 218
Could not find NR UE cell info for E2 Node ID = 219
Could not find NR UE cell info for E2 Node ID = 220
Could not find NR UE cell info for E2 Node ID = 221
Could not find NR UE cell info for E2 Node ID = 222
Could not find NR UE cell info for E2 Node ID = 223
Could not find NR UE cell info for E2 Node ID = 224
Could not find NR UE cell info for E2 Node ID = 225
Could not find NR UE cell info for E2 Node ID = 226
Could not find NR UE cell info for E2 Node ID = 227
Could not find NR UE cell info for E2 Node ID = 228
Could not find NR UE cell info for E2 Node ID = 229
Could not find NR UE cell info for E2 Node ID = 230
Could not find NR UE cell info for E2 Node ID = 231
Could not find NR UE cell info for E2 Node ID = 232
Could not find NR UE cell info for E2 Node ID = 233
Could not find NR UE cell info for E2 Node ID = 234
Could not find NR UE cell info for E2 Node ID = 235
Could not find NR UE cell info for E2 Node ID = 236
Could not find NR UE cell info for E2 Node ID = 237
Could not find NR UE cell info for E2 Node ID = 238
Could not find NR UE cell info for E2 Node ID = 239
Could not find NR UE cell info for E2 Node ID = 240
Could not find NR UE cell info for E2 Node ID = 241
Could not find NR UE cell info for E2 Node ID = 242
Could not find NR UE cell info for E2 Node ID = 243
Could not find NR UE cell info for E2 Node ID = 244
Could not find NR gNB location for E2 Node ID = 1
Could not find NR gNB location for E2 Node ID = 2
Could not find NR gNB location for E2 Node ID = 3
Could not find NR gNB location for E2 Node ID = 4
Could not find NR gNB location for E2 Node ID = 5
Could not find NR gNB location for E2 Node ID = 6
Could not find NR gNB location for E2 Node ID = 7
Could not find NR gNB location for E2 Node ID = 8
Could not find NR gNB location for E2 Node ID = 9
Could not find NR gNB location for E2 Node ID = 10
Could not find NR gNB location for E2 Node ID = 11
Could not find NR gNB location for E2 Node ID = 12
Could not find NR gNB location for E2 Node ID = 13
Could not find NR gNB location for E2 Node ID = 14
---- LOAD at t=7.5 ----
---- LOAD at t=12.5 ----
  cell 1 (TN) load=11/20
  cell 2 (TN) load=6/20
  cell 3 (TN) load=7/20
  cell 4 (TN) load=2/20
  cell 5 (TN) load=7/20
  cell 6 (TN) load=5/20
  cell 7 (TN) load=10/20
  cell 8 (TN) load=9/20
  cell 9 (NTN) load=10/10
  cell 10 (NTN) load=10/10
  cell 11 (NTN) load=10/10
  cell 12 (NTN) load=10/10
  cell 13 (NTN) load=10/10
  cell 14 (NTN) load=10/10
UE 16 TTT_WAIT target=3 elapsed=0s need=2s
UE 19 TTT_WAIT target=5 elapsed=0s need=2s
UE 23 TTT_WAIT target=1 elapsed=0s need=2s
UE 33 TTT_WAIT target=2 elapsed=0s need=2s
UE 40 TTT_WAIT target=8 elapsed=0s need=2s
UE 41 TTT_WAIT target=8 elapsed=0s need=2s
UE 45 TTT_WAIT target=7 elapsed=0s need=2s
UE 48 TTT_WAIT target=4 elapsed=0s need=2s
UE 54 TTT_WAIT target=3 elapsed=0s need=2s
UE 62 TTT_WAIT target=4 elapsed=0s need=2s
UE 63 TTT_WAIT target=2 elapsed=0s need=2s
UE 68 TTT_WAIT target=5 elapsed=0s need=2s
UE 70 TTT_WAIT target=4 elapsed=0s need=2s
UE 76 TTT_WAIT target=5 elapsed=0s need=2s
UE 80 TTT_WAIT target=6 elapsed=0s need=2s
UE 91 TTT_WAIT target=8 elapsed=0s need=2s
UE 94 TTT_WAIT target=7 elapsed=0s need=2s
UE 95 TTT_WAIT target=4 elapsed=0s need=2s
UE 97 TTT_WAIT target=1 elapsed=0s need=2s
UE 99 TTT_WAIT target=6 elapsed=0s need=2s
UE 101 TTT_WAIT target=4 elapsed=0s need=2s
UE 104 TTT_WAIT target=2 elapsed=0s need=2s
UE 125 TTT_WAIT target=4 elapsed=0s need=2s
UE 131 TTT_WAIT target=7 elapsed=0s need=2s
UE 137 TTT_WAIT target=5 elapsed=0s need=2s
UE 140 TTT_WAIT target=2 elapsed=0s need=2s
UE 143 TTT_WAIT target=6 elapsed=0s need=2s
UE 146 TTT_WAIT target=1 elapsed=0s need=2s
UE 150 TTT_WAIT target=6 elapsed=0s need=2s
UE 157 TTT_WAIT target=2 elapsed=0s need=2s
UE 158 TTT_WAIT target=2 elapsed=0s need=2s
UE 159 TTT_WAIT target=4 elapsed=0s need=2s
UE 162 TTT_WAIT target=4 elapsed=0s need=2s
UE 164 TTT_WAIT target=6 elapsed=0s need=2s
UE 165 TTT_WAIT target=6 elapsed=0s need=2s
UE 168 TTT_WAIT target=1 elapsed=0s need=2s
UE 175 TTT_WAIT target=5 elapsed=0s need=2s
UE 176 TTT_WAIT target=7 elapsed=0s need=2s
UE 179 TTT_WAIT target=8 elapsed=0s need=2s
UE 186 TTT_WAIT target=1 elapsed=0s need=2s
UE 188 TTT_WAIT target=8 elapsed=0s need=2s
UE 193 TTT_WAIT target=8 elapsed=0s need=2s
UE 196 TTT_WAIT target=4 elapsed=0s need=2s
UE 204 TTT_WAIT target=4 elapsed=0s need=2s
UE 209 TTT_WAIT target=4 elapsed=0s need=2s
UE 210 TTT_WAIT target=4 elapsed=0s need=2s
UE 217 TTT_WAIT target=4 elapsed=0s need=2s
UE 218 TTT_WAIT target=4 elapsed=0s need=2s
UE 219 TTT_WAIT target=2 elapsed=0s need=2s
UE 220 TTT_WAIT target=3 elapsed=0s need=2s
UE 222 TTT_WAIT target=8 elapsed=0s need=2s
UE 223 TTT_WAIT target=6 elapsed=0s need=2s
UE 224 TTT_WAIT target=6 elapsed=0s need=2s
UE 226 TTT_WAIT target=8 elapsed=0s need=2s
UE 229 TTT_WAIT target=3 elapsed=0s need=2s
UE 230 TTT_WAIT target=1 elapsed=0s need=2s
UE 231 TTT_WAIT target=1 elapsed=0s need=2s
UE 233 TTT_WAIT target=3 elapsed=0s need=2s
UE 239 TTT_WAIT target=3 elapsed=0s need=2s
UE 240 TTT_WAIT target=4 elapsed=0s need=2s
UE 241 TTT_WAIT target=7 elapsed=0s need=2s
UE 243 TTT_WAIT target=8 elapsed=0s need=2s
---- LOAD at t=17.5 ----
  cell 1 (TN) load=11/20
  cell 2 (TN) load=6/20
  cell 3 (TN) load=8/20
  cell 4 (TN) load=2/20
  cell 5 (TN) load=8/20
  cell 6 (TN) load=5/20
  cell 7 (TN) load=11/20
  cell 8 (TN) load=9/20
  cell 9 (NTN) load=10/10
  cell 10 (NTN) load=10/10
  cell 11 (NTN) load=10/10
  cell 12 (NTN) load=10/10
  cell 13 (NTN) load=10/10
  cell 14 (NTN) load=10/10
UE 16 TTT_WAIT target=1 elapsed=0s need=2s
UE 18 TTT_WAIT target=7 elapsed=0s need=2s
UE 19 TTT_WAIT target=3 elapsed=0s need=2s
UE 23 TTT_WAIT target=2 elapsed=0s need=2s
UE 33 TTT_WAIT target=8 elapsed=0s need=2s
UE 49 TTT_WAIT target=3 elapsed=0s need=2s
UE 53 TTT_WAIT target=4 elapsed=0s need=2s
LM HO UE=54 rnti=80 13->3 type=TN servingRsrp=-76.9967 targetRsrp=-70.7381 targetLoadReal=8/20 targetLoadEff=8/20
UE 63 TTT_WAIT target=3 elapsed=0s need=2s
UE 68 TTT_WAIT target=7 elapsed=0s need=2s
UE 70 TTT_WAIT target=6 elapsed=0s need=2s
UE 76 TTT_WAIT target=1 elapsed=0s need=2s
UE 80 TTT_WAIT target=5 elapsed=0s need=2s
UE 91 TTT_WAIT target=5 elapsed=0s need=2s
UE 94 TTT_WAIT target=8 elapsed=0s need=2s
LM HO UE=95 rnti=36 8->4 type=TN servingRsrp=-92.4431 targetRsrp=-75.1519 targetLoadReal=2/20 targetLoadEff=2/20
UE 96 TTT_WAIT target=8 elapsed=0s need=2s
UE 101 TTT_WAIT target=3 elapsed=0s need=2s
UE 103 TTT_WAIT target=5 elapsed=0s need=2s
UE 112 TTT_WAIT target=2 elapsed=0s need=2s
LM HO UE=125 rnti=34 7->4 type=TN servingRsrp=-114.235 targetRsrp=-82.0462 targetLoadReal=2/20 targetLoadEff=3/20
UE 130 TTT_WAIT target=1 elapsed=0s need=2s
UE 133 TTT_WAIT target=6 elapsed=0s need=2s
UE 140 TTT_WAIT target=3 elapsed=0s need=2s
UE 145 TTT_WAIT target=5 elapsed=0s need=2s
UE 146 TTT_WAIT target=7 elapsed=0s need=2s
UE 148 TTT_WAIT target=5 elapsed=0s need=2s
LM HO UE=150 rnti=78 12->6 type=TN servingRsrp=-126.977 targetRsrp=-78.762 targetLoadReal=5/20 targetLoadEff=5/20
UE 157 TTT_WAIT target=8 elapsed=0s need=2s
UE 158 TTT_WAIT target=1 elapsed=0s need=2s
UE 159 TTT_WAIT target=3 elapsed=0s need=2s
UE 161 TTT_WAIT target=1 elapsed=0s need=2s
UE 162 TTT_WAIT target=3 elapsed=0s need=2s
UE 164 TTT_WAIT target=7 elapsed=0s need=2s
UE 165 TTT_WAIT target=8 elapsed=0s need=2s
UE 168 TTT_WAIT target=5 elapsed=0s need=2s
UE 173 TTT_WAIT target=4 elapsed=0s need=2s
UE 174 TTT_WAIT target=8 elapsed=0s need=2s
UE 175 TTT_WAIT target=8 elapsed=0s need=2s
UE 179 TTT_WAIT target=1 elapsed=0s need=2s
UE 180 TTT_WAIT target=7 elapsed=0s need=2s
UE 185 TTT_WAIT target=5 elapsed=0s need=2s
UE 186 TTT_WAIT target=2 elapsed=0s need=2s
UE 193 TTT_WAIT target=5 elapsed=0s need=2s
UE 194 TTT_WAIT target=1 elapsed=0s need=2s
UE 195 TTT_WAIT target=2 elapsed=0s need=2s
UE 204 TTT_WAIT target=2 elapsed=0s need=2s
UE 209 TTT_WAIT target=3 elapsed=0s need=2s
UE 210 TTT_WAIT target=3 elapsed=0s need=2s
UE 212 TTT_WAIT target=6 elapsed=0s need=2s
UE 216 TTT_WAIT target=5 elapsed=0s need=2s
UE 217 TTT_WAIT target=6 elapsed=0s need=2s
UE 218 TTT_WAIT target=5 elapsed=0s need=2s
UE 223 TTT_WAIT target=2 elapsed=0s need=2s
UE 226 TTT_WAIT target=4 elapsed=0s need=2s
UE 233 TTT_WAIT target=1 elapsed=0s need=2s
UE 239 TTT_WAIT target=5 elapsed=0s need=2s
UE 241 TTT_WAIT target=3 elapsed=0s need=2s
UE 243 TTT_WAIT target=4 elapsed=0s need=2s
---- LOAD at t=22.5 ----
  cell 1 (TN) load=12/20
  cell 2 (TN) load=6/20
  cell 3 (TN) load=9/20
  cell 4 (TN) load=4/20
  cell 5 (TN) load=9/20
  cell 6 (TN) load=7/20
  cell 7 (TN) load=11/20
  cell 8 (TN) load=9/20
  cell 9 (NTN) load=10/10
  cell 10 (NTN) load=10/10
  cell 11 (NTN) load=10/10
  cell 12 (NTN) load=10/10
  cell 13 (NTN) load=10/10
  cell 14 (NTN) load=10/10
LM HO UE=16 rnti=56 12->1 type=TN servingRsrp=-120.533 targetRsrp=-99.9985 targetLoadReal=12/20 targetLoadEff=12/20
UE 20 TTT_WAIT target=4 elapsed=0s need=2s
UE 29 TTT_WAIT target=3 elapsed=0s need=2s
UE 32 TTT_WAIT target=8 elapsed=0s need=2s
UE 33 TTT_WAIT target=2 elapsed=0s need=2s
UE 46 TTT_WAIT target=8 elapsed=0s need=2s
UE 48 TTT_WAIT target=8 elapsed=0s need=2s
UE 53 TTT_WAIT target=7 elapsed=0s need=2s
UE 54 TTT_WAIT target=8 elapsed=0s need=2s
UE 61 TTT_WAIT target=3 elapsed=0s need=2s
UE 63 TTT_WAIT target=5 elapsed=0s need=2s
UE 68 TTT_WAIT target=5 elapsed=0s need=2s
UE 71 TTT_WAIT target=6 elapsed=0s need=2s
UE 76 TTT_WAIT target=4 elapsed=0s need=2s
UE 90 TTT_WAIT target=7 elapsed=0s need=2s
LM HO UE=91 rnti=87 1->5 type=TN servingRsrp=-117.952 targetRsrp=-93.2617 targetLoadReal=9/20 targetLoadEff=9/20
UE 92 TTT_WAIT target=5 elapsed=0s need=2s
UE 95 TTT_WAIT target=8 elapsed=0s need=2s
UE 96 TTT_WAIT target=6 elapsed=0s need=2s
UE 103 TTT_WAIT target=2 elapsed=0s need=2s
UE 104 TTT_WAIT target=6 elapsed=0s need=2s
UE 109 TTT_WAIT target=6 elapsed=0s need=2s
UE 111 TTT_WAIT target=1 elapsed=0s need=2s
UE 112 TTT_WAIT target=6 elapsed=0s need=2s
UE 125 TTT_WAIT target=5 elapsed=0s need=2s
UE 128 TTT_WAIT target=5 elapsed=0s need=2s
UE 138 TTT_WAIT target=4 elapsed=0s need=2s
UE 144 TTT_WAIT target=8 elapsed=0s need=2s
UE 145 TTT_WAIT target=3 elapsed=0s need=2s
UE 146 TTT_WAIT target=8 elapsed=0s need=2s
UE 150 TTT_WAIT target=1 elapsed=0s need=2s
UE 151 TTT_WAIT target=2 elapsed=0s need=2s
UE 153 TTT_WAIT target=8 elapsed=0s need=2s
UE 156 TTT_WAIT target=3 elapsed=0s need=2s
UE 157 TTT_WAIT target=6 elapsed=0s need=2s
UE 159 TTT_WAIT target=5 elapsed=0s need=2s
UE 161 TTT_WAIT target=6 elapsed=0s need=2s
UE 164 TTT_WAIT target=4 elapsed=0s need=2s
LM HO UE=165 rnti=31 9->8 type=TN servingRsrp=-118.65 targetRsrp=-83.4073 targetLoadReal=9/20 targetLoadEff=9/20
UE 168 TTT_WAIT target=4 elapsed=0s need=2s
UE 173 TTT_WAIT target=1 elapsed=0s need=2s
UE 175 TTT_WAIT target=5 elapsed=0s need=2s
UE 179 TTT_WAIT target=8 elapsed=0s need=2s
LM HO UE=180 rnti=56 9->7 type=TN servingRsrp=-122.789 targetRsrp=-108.392 targetLoadReal=11/20 targetLoadEff=11/20
UE 182 TTT_WAIT target=4 elapsed=0s need=2s
UE 184 TTT_WAIT target=3 elapsed=0s need=2s
UE 186 TTT_WAIT target=6 elapsed=0s need=2s
LM HO UE=193 rnti=15 13->5 type=TN servingRsrp=-134.672 targetRsrp=-74.8207 targetLoadReal=9/20 targetLoadEff=10/20
UE 194 TTT_WAIT target=7 elapsed=0s need=2s
UE 196 TTT_WAIT target=6 elapsed=0s need=2s
UE 206 TTT_WAIT target=3 elapsed=0s need=2s
UE 210 TTT_WAIT target=5 elapsed=0s need=2s
LM HO UE=212 rnti=31 14->6 type=TN servingRsrp=-125.519 targetRsrp=-80.4783 targetLoadReal=7/20 targetLoadEff=7/20
LM HO UE=216 rnti=23 3->5 type=TN servingRsrp=-103.763 targetRsrp=-97.5143 targetLoadReal=9/20 targetLoadEff=11/20
LM HO UE=217 rnti=79 10->6 type=TN servingRsrp=-124.296 targetRsrp=-100.724 targetLoadReal=7/20 targetLoadEff=8/20
LM HO UE=218 rnti=80 11->5 type=TN servingRsrp=-123.059 targetRsrp=-76.5372 targetLoadReal=9/20 targetLoadEff=12/20
UE 219 TTT_WAIT target=2 elapsed=0s need=2s
UE 223 TTT_WAIT target=6 elapsed=0s need=2s
UE 224 TTT_WAIT target=6 elapsed=0s need=2s
UE 229 TTT_WAIT target=3 elapsed=0s need=2s
UE 230 TTT_WAIT target=3 elapsed=0s need=2s
UE 233 TTT_WAIT target=3 elapsed=0s need=2s
UE 239 TTT_WAIT target=1 elapsed=0s need=2s
UE 240 TTT_WAIT target=4 elapsed=0s need=2s
LM HO UE=241 rnti=63 13->3 type=TN servingRsrp=-121.996 targetRsrp=-87.0666 targetLoadReal=9/20 targetLoadEff=9/20
UE 243 TTT_WAIT target=8 elapsed=0s need=2s
---- LOAD at t=27.5 ----
  cell 1 (TN) load=12/20
  cell 2 (TN) load=6/20
  cell 3 (TN) load=9/20
  cell 4 (TN) load=4/20
  cell 5 (TN) load=14/20
  cell 6 (TN) load=9/20
  cell 7 (TN) load=13/20
  cell 8 (TN) load=10/20
  cell 9 (NTN) load=8/10
  cell 10 (NTN) load=10/10
  cell 11 (NTN) load=10/10
  cell 12 (NTN) load=9/10
  cell 13 (NTN) load=8/10
  cell 14 (NTN) load=9/10
UE 15 TTT_WAIT target=6 elapsed=0s need=2s
UE 16 TTT_WAIT target=4 elapsed=0s need=2s
UE 18 TTT_WAIT target=2 elapsed=0s need=2s
UE 19 TTT_WAIT target=3 elapsed=0s need=2s
UE 20 TTT_WAIT target=1 elapsed=0s need=2s
UE 26 TTT_WAIT target=3 elapsed=0s need=2s
UE 27 TTT_WAIT target=2 elapsed=0s need=2s
UE 29 TTT_WAIT target=2 elapsed=0s need=2s
LM HO UE=32 rnti=48 10->8 type=TN servingRsrp=-121.684 targetRsrp=-91.8526 targetLoadReal=10/20 targetLoadEff=10/20
LM HO UE=33 rnti=40 6->2 type=TN servingRsrp=-108.142 targetRsrp=-69.467 targetLoadReal=6/20 targetLoadEff=6/20
UE 40 TTT_WAIT target=6 elapsed=0s need=2s
UE 48 TTT_WAIT target=6 elapsed=0s need=2s
LM HO UE=54 rnti=65 3->8 type=TN servingRsrp=-102.845 targetRsrp=-85.5645 targetLoadReal=10/20 targetLoadEff=11/20
UE 61 TTT_WAIT target=2 elapsed=0s need=2s
UE 62 TTT_WAIT target=4 elapsed=0s need=2s
UE 67 TTT_WAIT target=8 elapsed=0s need=2s
UE 68 TTT_WAIT target=4 elapsed=0s need=2s
UE 71 TTT_WAIT target=7 elapsed=0s need=2s
UE 76 TTT_WAIT target=6 elapsed=0s need=2s
UE 80 TTT_WAIT target=8 elapsed=0s need=2s
UE 84 TTT_WAIT target=2 elapsed=0s need=2s
UE 90 TTT_WAIT target=6 elapsed=0s need=2s
UE 91 TTT_WAIT target=4 elapsed=0s need=2s
LM HO UE=92 rnti=56 3->5 type=TN servingRsrp=-118.797 targetRsrp=-67.5593 targetLoadReal=14/20 targetLoadEff=14/20
UE 95 TTT_WAIT target=6 elapsed=0s need=2s
UE 96 TTT_WAIT target=2 elapsed=0s need=2s
UE 97 TTT_WAIT target=1 elapsed=0s need=2s
UE 101 TTT_WAIT target=6 elapsed=0s need=2s
LM HO UE=104 rnti=80 10->6 type=TN servingRsrp=-117.208 targetRsrp=-96.2952 targetLoadReal=9/20 targetLoadEff=9/20
UE 109 TTT_WAIT target=2 elapsed=0s need=2s
UE 111 TTT_WAIT target=6 elapsed=0s need=2s
UE 112 TTT_WAIT target=8 elapsed=0s need=2s
UE 115 TTT_WAIT target=5 elapsed=0s need=2s
UE 125 TTT_WAIT target=7 elapsed=0s need=2s
UE 131 TTT_WAIT target=13 elapsed=0s need=2s
UE 132 TTT_WAIT target=1 elapsed=0s need=2s
UE 137 TTT_WAIT target=5 elapsed=0s need=2s
UE 146 TTT_WAIT target=1 elapsed=0s need=2s
UE 148 TTT_WAIT target=2 elapsed=0s need=2s
UE 150 TTT_WAIT target=2 elapsed=0s need=2s
UE 151 TTT_WAIT target=9 elapsed=0s need=2s
UE 156 TTT_WAIT target=5 elapsed=0s need=2s
UE 157 TTT_WAIT target=8 elapsed=0s need=2s
UE 158 TTT_WAIT target=7 elapsed=0s need=2s
UE 159 TTT_WAIT target=8 elapsed=0s need=2s
UE 161 TTT_WAIT target=3 elapsed=0s need=2s
UE 162 TTT_WAIT target=13 elapsed=0s need=2s
UE 165 TTT_WAIT target=6 elapsed=0s need=2s
UE 168 TTT_WAIT target=3 elapsed=0s need=2s
UE 180 TTT_WAIT target=6 elapsed=0s need=2s
UE 182 TTT_WAIT target=8 elapsed=0s need=2s
UE 185 TTT_WAIT target=4 elapsed=0s need=2s
UE 186 TTT_WAIT target=4 elapsed=0s need=2s
UE 188 TTT_WAIT target=6 elapsed=0s need=2s
UE 194 TTT_WAIT target=4 elapsed=0s need=2s
UE 196 TTT_WAIT target=13 elapsed=0s need=2s
UE 204 TTT_WAIT target=2 elapsed=0s need=2s
UE 209 TTT_WAIT target=8 elapsed=0s need=2s
UE 210 TTT_WAIT target=7 elapsed=0s need=2s
UE 212 TTT_WAIT target=4 elapsed=0s need=2s
UE 216 TTT_WAIT target=3 elapsed=0s need=2s
UE 218 TTT_WAIT target=14 elapsed=0s need=2s
UE 219 TTT_WAIT target=1 elapsed=0s need=2s
UE 220 TTT_WAIT target=3 elapsed=0s need=2s
LM HO UE=223 rnti=40 7->6 type=TN servingRsrp=-113.971 targetRsrp=-94.0939 targetLoadReal=9/20 targetLoadEff=10/20
UE 226 TTT_WAIT target=3 elapsed=0s need=2s
UE 229 TTT_WAIT target=2 elapsed=0s need=2s
UE 230 TTT_WAIT target=13 elapsed=0s need=2s
LM HO UE=233 rnti=47 10->3 type=TN servingRsrp=-127.189 targetRsrp=-109.786 targetLoadReal=9/20 targetLoadEff=9/20
UE 234 TTT_WAIT target=3 elapsed=0s need=2s
UE 239 TTT_WAIT target=9 elapsed=0s need=2s
UE 240 TTT_WAIT target=12 elapsed=0s need=2s
UE 241 TTT_WAIT target=4 elapsed=0s need=2s
LM HO UE=243 rnti=39 5->8 type=TN servingRsrp=-111.596 targetRsrp=-88.1578 targetLoadReal=10/20 targetLoadEff=12/20
UE 244 TTT_WAIT target=1 elapsed=0s need=2s
---- LOAD at t=32.5 ----
  cell 1 (TN) load=13/20
  cell 2 (TN) load=8/20
  cell 3 (TN) load=8/20
  cell 4 (TN) load=4/20
  cell 5 (TN) load=16/20
  cell 6 (TN) load=11/20
  cell 7 (TN) load=13/20
  cell 8 (TN) load=13/20
  cell 9 (NTN) load=9/10
  cell 10 (NTN) load=10/10
  cell 11 (NTN) load=10/10
  cell 12 (NTN) load=9/10
  cell 13 (NTN) load=9/10
  cell 14 (NTN) load=10/10
UE 15 TTT_WAIT target=1 elapsed=0s need=2s
UE 16 TTT_WAIT target=8 elapsed=0s need=2s
UE 18 TTT_WAIT target=6 elapsed=0s need=2s
UE 19 TTT_WAIT target=8 elapsed=0s need=2s
UE 23 TTT_WAIT target=2 elapsed=0s need=2s
UE 26 TTT_WAIT target=1 elapsed=0s need=2s
UE 29 TTT_WAIT target=3 elapsed=0s need=2s
UE 32 TTT_WAIT target=7 elapsed=0s need=2s
UE 40 TTT_WAIT target=5 elapsed=0s need=2s
UE 46 TTT_WAIT target=4 elapsed=0s need=2s
UE 48 TTT_WAIT target=3 elapsed=0s need=2s
UE 49 TTT_WAIT target=3 elapsed=0s need=2s
UE 52 TTT_WAIT target=4 elapsed=0s need=2s
UE 53 TTT_WAIT target=5 elapsed=0s need=2s
UE 54 TTT_WAIT target=7 elapsed=0s need=2s
UE 62 TTT_WAIT target=7 elapsed=0s need=2s
UE 63 TTT_WAIT target=2 elapsed=0s need=2s
UE 67 TTT_WAIT target=3 elapsed=0s need=2s
LM HO UE=68 rnti=32 3->4 type=TN servingRsrp=-123.659 targetRsrp=-87.0043 targetLoadReal=4/20 targetLoadEff=4/20
UE 70 TTT_WAIT target=8 elapsed=0s need=2s
UE 76 TTT_WAIT target=5 elapsed=0s need=2s
UE 80 TTT_WAIT target=4 elapsed=0s need=2s
UE 84 TTT_WAIT target=3 elapsed=0s need=2s
UE 91 TTT_WAIT target=3 elapsed=0s need=2s
UE 94 TTT_WAIT target=7 elapsed=0s need=2s
UE 95 TTT_WAIT target=8 elapsed=0s need=2s
UE 99 TTT_WAIT target=3 elapsed=0s need=2s
UE 103 TTT_WAIT target=4 elapsed=0s need=2s
UE 104 TTT_WAIT target=4 elapsed=0s need=2s
UE 109 TTT_WAIT target=4 elapsed=0s need=2s
LM HO UE=111 rnti=72 5->6 type=TN servingRsrp=-128.063 targetRsrp=-116.704 targetLoadReal=11/20 targetLoadEff=11/20
UE 114 TTT_WAIT target=1 elapsed=0s need=2s
LM HO UE=115 rnti=88 12->5 type=TN servingRsrp=-117.919 targetRsrp=-80.9279 targetLoadReal=16/20 targetLoadEff=16/20
LM HO UE=125 rnti=18 4->7 type=TN servingRsrp=-114.843 targetRsrp=-111.928 targetLoadReal=13/20 targetLoadEff=13/20
UE 128 TTT_WAIT target=5 elapsed=0s need=2s
UE 130 TTT_WAIT target=2 elapsed=0s need=2s
UE 132 TTT_WAIT target=2 elapsed=0s need=2s
UE 133 TTT_WAIT target=3 elapsed=0s need=2s
UE 135 TTT_WAIT target=6 elapsed=0s need=2s
UE 137 TTT_WAIT target=6 elapsed=0s need=2s
UE 143 TTT_WAIT target=2 elapsed=0s need=2s
UE 144 TTT_WAIT target=4 elapsed=0s need=2s
UE 145 TTT_WAIT target=12 elapsed=0s need=2s
UE 146 TTT_WAIT target=9 elapsed=0s need=2s
UE 148 TTT_WAIT target=4 elapsed=0s need=2s
LM HO UE=150 rnti=41 6->2 type=TN servingRsrp=-118.016 targetRsrp=-82.9911 targetLoadReal=8/20 targetLoadEff=8/20
LM HO UE=151 rnti=80 7->9 type=NTN servingRsrp=-104.773 targetRsrp=-100.372 targetLoadReal=9/10 targetLoadEff=9/10
UE 155 TTT_WAIT target=8 elapsed=0s need=2s
UE 156 TTT_WAIT target=13 elapsed=0s need=2s
UE 157 TTT_WAIT target=5 elapsed=0s need=2s
UE 158 TTT_WAIT target=1 elapsed=0s need=2s
LM HO_FAIL_LOW_RSRP UE=159 currCell=7 candCell=8 candRsrp=-120.557 < min=-120
UE 161 TTT_WAIT target=2 elapsed=0s need=2s
UE 162 TTT_WAIT target=8 elapsed=0s need=2s
UE 164 TTT_WAIT target=8 elapsed=0s need=2s
UE 165 TTT_WAIT target=4 elapsed=0s need=2s
LM HO UE=168 rnti=61 13->3 type=TN servingRsrp=-89.6056 targetRsrp=-82.6122 targetLoadReal=8/20 targetLoadEff=8/20
UE 173 TTT_WAIT target=4 elapsed=0s need=2s
UE 174 TTT_WAIT target=3 elapsed=0s need=2s
UE 175 TTT_WAIT target=5 elapsed=0s need=2s
UE 180 TTT_WAIT target=1 elapsed=0s need=2s
UE 182 TTT_WAIT target=7 elapsed=0s need=2s
UE 184 TTT_WAIT target=3 elapsed=0s need=2s
LM HO UE=185 rnti=71 8->4 type=TN servingRsrp=-102.928 targetRsrp=-90.4465 targetLoadReal=4/20 targetLoadEff=5/20
UE 186 TTT_WAIT target=1 elapsed=0s need=2s
UE 188 TTT_WAIT target=13 elapsed=0s need=2s
UE 193 TTT_WAIT target=3 elapsed=0s need=2s
UE 194 TTT_WAIT target=3 elapsed=0s need=2s
UE 196 TTT_WAIT target=4 elapsed=0s need=2s
UE 204 TTT_WAIT target=6 elapsed=0s need=2s
LM HO_FAIL_LOW_RSRP UE=205 currCell=5 candCell=12 candRsrp=-128.356 < min=-120
LM HO UE=209 rnti=38 5->8 type=TN servingRsrp=-106.515 targetRsrp=-93.6479 targetLoadReal=13/20 targetLoadEff=13/20
LM HO UE=210 rnti=79 14->7 type=TN servingRsrp=-114.36 targetRsrp=-106.045 targetLoadReal=13/20 targetLoadEff=14/20
LM HO UE=212 rnti=50 6->4 type=TN servingRsrp=-120.476 targetRsrp=-75.2664 targetLoadReal=4/20 targetLoadEff=6/20
UE 216 TTT_WAIT target=6 elapsed=0s need=2s
UE 217 TTT_WAIT target=2 elapsed=0s need=2s
UE 218 TTT_WAIT target=7 elapsed=0s need=2s
LM HO UE=220 rnti=56 8->3 type=TN servingRsrp=-114.371 targetRsrp=-103.532 targetLoadReal=8/20 targetLoadEff=9/20
UE 223 TTT_WAIT target=1 elapsed=0s need=2s
UE 224 TTT_WAIT target=6 elapsed=0s need=2s
UE 230 TTT_WAIT target=3 elapsed=0s need=2s
UE 233 TTT_WAIT target=7 elapsed=0s need=2s
UE 234 TTT_WAIT target=5 elapsed=0s need=2s
UE 236 TTT_WAIT target=3 elapsed=0s need=2s
UE 239 TTT_WAIT target=3 elapsed=0s need=2s
UE 240 TTT_WAIT target=3 elapsed=0s need=2s
UE 241 TTT_WAIT target=6 elapsed=0s need=2s
---- LOAD at t=37.5 ----
  cell 1 (TN) load=14/20
  cell 2 (TN) load=9/20
  cell 3 (TN) load=9/20
  cell 4 (TN) load=7/20
  cell 5 (TN) load=16/20
  cell 6 (TN) load=10/20
  cell 7 (TN) load=16/20
  cell 8 (TN) load=12/20
  cell 9 (NTN) load=10/10
  cell 10 (NTN) load=10/10
  cell 11 (NTN) load=10/10
  cell 12 (NTN) load=9/10
  cell 13 (NTN) load=8/10
  cell 14 (NTN) load=10/10
UE 15 TTT_WAIT target=7 elapsed=0s need=2s
LM HO_FAIL_LOW_RSRP UE=16 currCell=1 candCell=5 candRsrp=-122.566 < min=-120
UE 18 TTT_WAIT target=5 elapsed=0s need=2s
UE 20 TTT_WAIT target=13 elapsed=0s need=2s
UE 23 TTT_WAIT target=1 elapsed=0s need=2s
UE 26 TTT_WAIT target=8 elapsed=0s need=2s
UE 27 TTT_WAIT target=8 elapsed=0s need=2s
UE 29 TTT_WAIT target=6 elapsed=0s need=2s
UE 32 TTT_WAIT target=1 elapsed=0s need=2s
UE 33 TTT_WAIT target=3 elapsed=0s need=2s
UE 43 TTT_WAIT target=5 elapsed=0s need=2s
UE 44 TTT_WAIT target=1 elapsed=0s need=2s
UE 47 TTT_WAIT target=3 elapsed=0s need=2s
UE 48 TTT_WAIT target=5 elapsed=0s need=2s
LM HO UE=49 rnti=64 5->3 type=TN servingRsrp=-117.113 targetRsrp=-94.1547 targetLoadReal=9/20 targetLoadEff=9/20
UE 52 TTT_WAIT target=3 elapsed=0s need=2s
UE 53 TTT_WAIT target=8 elapsed=0s need=2s
UE 54 TTT_WAIT target=3 elapsed=0s need=2s
UE 56 TTT_WAIT target=8 elapsed=0s need=2s
UE 61 TTT_WAIT target=2 elapsed=0s need=2s
UE 63 TTT_WAIT target=5 elapsed=0s need=2s
UE 70 TTT_WAIT target=7 elapsed=0s need=2s
UE 72 TTT_WAIT target=7 elapsed=0s need=2s
UE 76 TTT_WAIT target=1 elapsed=0s need=2s
UE 78 TTT_WAIT target=3 elapsed=0s need=2s
UE 79 TTT_WAIT target=7 elapsed=0s need=2s
LM HO UE=80 rnti=48 12->4 type=TN servingRsrp=-123.011 targetRsrp=-91.2149 targetLoadReal=7/20 targetLoadEff=7/20
UE 84 TTT_WAIT target=7 elapsed=0s need=2s
LM HO_FAIL_LOW_RSRP UE=86 currCell=7 candCell=12 candRsrp=-131.649 < min=-120
UE 90 TTT_WAIT target=5 elapsed=0s need=2s
UE 91 TTT_WAIT target=4 elapsed=0s need=2s
UE 92 TTT_WAIT target=3 elapsed=0s need=2s
UE 93 TTT_WAIT target=7 elapsed=0s need=2s
LM HO UE=95 rnti=17 4->8 type=TN servingRsrp=-110.349 targetRsrp=-64.3513 targetLoadReal=12/20 targetLoadEff=12/20
UE 96 TTT_WAIT target=8 elapsed=0s need=2s
UE 99 TTT_WAIT target=2 elapsed=0s need=2s
LM HO UE=103 rnti=48 3->4 type=TN servingRsrp=-111.744 targetRsrp=-78.9023 targetLoadReal=7/20 targetLoadEff=8/20
UE 104 TTT_WAIT target=2 elapsed=0s need=2s
UE 105 TTT_WAIT target=4 elapsed=0s need=2s
UE 108 TTT_WAIT target=6 elapsed=0s need=2s
UE 111 TTT_WAIT target=3 elapsed=0s need=2s
UE 128 TTT_WAIT target=13 elapsed=0s need=2s
UE 131 TTT_WAIT target=5 elapsed=0s need=2s
UE 132 TTT_WAIT target=1 elapsed=0s need=2s
LM HO UE=135 rnti=88 9->6 type=TN servingRsrp=-116.173 targetRsrp=-82.0937 targetLoadReal=10/20 targetLoadEff=10/20
UE 138 TTT_WAIT target=7 elapsed=0s need=2s
UE 140 TTT_WAIT target=4 elapsed=0s need=2s
LM HO UE=144 rnti=46 10->4 type=TN servingRsrp=-119.464 targetRsrp=-77.2016 targetLoadReal=7/20 targetLoadEff=9/20
UE 145 TTT_WAIT target=5 elapsed=0s need=2s
UE 146 TTT_WAIT target=2 elapsed=0s need=2s
LM HO UE=148 rnti=55 8->4 type=TN servingRsrp=-117.395 targetRsrp=-89.0325 targetLoadReal=7/20 targetLoadEff=10/20
UE 150 TTT_WAIT target=6 elapsed=0s need=2s
UE 151 TTT_WAIT target=12 elapsed=0s need=2s
LM HO UE=155 rnti=88 10->8 type=TN servingRsrp=-119.293 targetRsrp=-87.9376 targetLoadReal=12/20 targetLoadEff=13/20
LM HO UE=156 rnti=22 11->13 type=NTN servingRsrp=-129.548 targetRsrp=-95.5618 targetLoadReal=8/10 targetLoadEff=8/10
UE 158 TTT_WAIT target=6 elapsed=0s need=2s
UE 159 TTT_WAIT target=8 elapsed=0s need=2s
UE 161 TTT_WAIT target=6 elapsed=0s need=2s
UE 162 TTT_WAIT target=3 elapsed=0s need=2s
UE 164 TTT_WAIT target=1 elapsed=0s need=2s
UE 165 TTT_WAIT target=2 elapsed=0s need=2s
UE 168 TTT_WAIT target=8 elapsed=0s need=2s
UE 170 TTT_WAIT target=4 elapsed=0s need=2s
UE 174 TTT_WAIT target=13 elapsed=0s need=2s
LM HO UE=175 rnti=23 11->5 type=TN servingRsrp=-122.874 targetRsrp=-67.5513 targetLoadReal=16/20 targetLoadEff=16/20
UE 177 TTT_WAIT target=4 elapsed=0s need=2s
UE 179 TTT_WAIT target=6 elapsed=0s need=2s
LM HO UE=180 rnti=97 7->1 type=TN servingRsrp=-99.9339 targetRsrp=-86.7879 targetLoadReal=14/20 targetLoadEff=14/20
UE 182 TTT_WAIT target=1 elapsed=0s need=2s
UE 184 TTT_WAIT target=7 elapsed=0s need=2s
UE 185 TTT_WAIT target=3 elapsed=0s need=2s
UE 186 TTT_WAIT target=7 elapsed=0s need=2s
UE 188 TTT_WAIT target=6 elapsed=0s need=2s
UE 193 TTT_WAIT target=8 elapsed=0s need=2s
UE 194 TTT_WAIT target=7 elapsed=0s need=2s
LM HO UE=196 rnti=15 8->4 type=TN servingRsrp=-97.6514 targetRsrp=-71.7944 targetLoadReal=7/20 targetLoadEff=11/20
UE 199 TTT_WAIT target=6 elapsed=0s need=2s
UE 200 TTT_WAIT target=7 elapsed=0s need=2s
LM HO_FAIL_LOW_RSRP UE=204 currCell=1 candCell=2 candRsrp=-120.919 < min=-120
UE 210 TTT_WAIT target=3 elapsed=0s need=2s
UE 216 TTT_WAIT target=3 elapsed=0s need=2s
LM HO UE=217 rnti=51 6->2 type=TN servingRsrp=-137.653 targetRsrp=-103.875 targetLoadReal=9/20 targetLoadEff=9/20
UE 218 TTT_WAIT target=2 elapsed=0s need=2s
UE 220 TTT_WAIT target=5 elapsed=0s need=2s
UE 222 TTT_WAIT target=2 elapsed=0s need=2s
UE 223 TTT_WAIT target=7 elapsed=0s need=2s
UE 224 TTT_WAIT target=7 elapsed=0s need=2s
UE 227 TTT_WAIT target=12 elapsed=0s need=2s
UE 229 TTT_WAIT target=1 elapsed=0s need=2s
UE 230 TTT_WAIT target=13 elapsed=0s need=2s
UE 231 TTT_WAIT target=8 elapsed=0s need=2s
LM HO UE=234 rnti=72 8->5 type=TN servingRsrp=-117.651 targetRsrp=-103.791 targetLoadReal=16/20 targetLoadEff=17/20
LM HO UE=239 rnti=16 13->3 type=TN servingRsrp=-126.483 targetRsrp=-87.7453 targetLoadReal=9/20 targetLoadEff=10/20
UE 241 TTT_WAIT target=8 elapsed=0s need=2s
UE 243 TTT_WAIT target=5 elapsed=0s need=2s
UE 244 TTT_WAIT target=13 elapsed=0s need=2s
---- LOAD at t=42.5 ----
  cell 1 (TN) load=15/20
  cell 2 (TN) load=10/20
  cell 3 (TN) load=11/20
  cell 4 (TN) load=12/20
  cell 5 (TN) load=17/20
  cell 6 (TN) load=10/20
  cell 7 (TN) load=17/20
  cell 8 (TN) load=12/20
  cell 9 (NTN) load=9/10
  cell 10 (NTN) load=10/10
  cell 11 (NTN) load=10/10
  cell 12 (NTN) load=8/10
  cell 13 (NTN) load=8/10
  cell 14 (NTN) load=10/10
UE 15 TTT_WAIT target=6 elapsed=0s need=2s
UE 16 TTT_WAIT target=4 elapsed=0s need=2s
UE 17 TTT_WAIT target=3 elapsed=0s need=2s
UE 18 TTT_WAIT target=7 elapsed=0s need=2s
UE 19 TTT_WAIT target=5 elapsed=0s need=2s
UE 23 TTT_WAIT target=2 elapsed=0s need=2s
UE 27 TTT_WAIT target=4 elapsed=0s need=2s
UE 29 TTT_WAIT target=8 elapsed=0s need=2s
UE 33 TTT_WAIT target=7 elapsed=0s need=2s
UE 41 TTT_WAIT target=1 elapsed=0s need=2s
UE 43 TTT_WAIT target=3 elapsed=0s need=2s
UE 47 TTT_WAIT target=6 elapsed=0s need=2s
LM HO UE=48 rnti=51 14->5 type=TN servingRsrp=-124.654 targetRsrp=-96.4607 targetLoadReal=17/20 targetLoadEff=17/20
UE 49 TTT_WAIT target=5 elapsed=0s need=2s
UE 51 TTT_WAIT target=4 elapsed=0s need=2s
UE 52 TTT_WAIT target=6 elapsed=0s need=2s
UE 53 TTT_WAIT target=7 elapsed=0s need=2s
UE 54 TTT_WAIT target=7 elapsed=0s need=2s
UE 56 TTT_WAIT target=2 elapsed=0s need=2s
UE 62 TTT_WAIT target=1 elapsed=0s need=2s
UE 63 TTT_WAIT target=9 elapsed=0s need=2s
UE 67 TTT_WAIT target=3 elapsed=0s need=2s
UE 68 TTT_WAIT target=8 elapsed=0s need=2s
UE 70 TTT_WAIT target=6 elapsed=0s need=2s
UE 71 TTT_WAIT target=4 elapsed=0s need=2s
UE 72 TTT_WAIT target=1 elapsed=0s need=2s
UE 75 TTT_WAIT target=8 elapsed=0s need=2s
UE 78 TTT_WAIT target=2 elapsed=0s need=2s
UE 80 TTT_WAIT target=6 elapsed=0s need=2s
UE 84 TTT_WAIT target=6 elapsed=0s need=2s
UE 86 TTT_WAIT target=2 elapsed=0s need=2s
UE 90 TTT_WAIT target=6 elapsed=0s need=2s
UE 91 TTT_WAIT target=2 elapsed=0s need=2s
UE 93 TTT_WAIT target=2 elapsed=0s need=2s
UE 95 TTT_WAIT target=6 elapsed=0s need=2s
UE 96 TTT_WAIT target=4 elapsed=0s need=2s
UE 101 TTT_WAIT target=4 elapsed=0s need=2s
UE 103 TTT_WAIT target=8 elapsed=0s need=2s
UE 104 TTT_WAIT target=8 elapsed=0s need=2s
UE 105 TTT_WAIT target=3 elapsed=0s need=2s
LM HO UE=108 rnti=96 14->6 type=TN servingRsrp=-132.249 targetRsrp=-87.2406 targetLoadReal=10/20 targetLoadEff=10/20
UE 109 TTT_WAIT target=3 elapsed=0s need=2s
UE 111 TTT_WAIT target=7 elapsed=0s need=2s
UE 115 TTT_WAIT target=6 elapsed=0s need=2s
UE 127 TTT_WAIT target=5 elapsed=0s need=2s
UE 128 TTT_WAIT target=5 elapsed=0s need=2s
UE 131 TTT_WAIT target=8 elapsed=0s need=2s
LM HO UE=132 rnti=96 7->1 type=TN servingRsrp=-120.716 targetRsrp=-102.907 targetLoadReal=15/20 targetLoadEff=15/20
UE 133 TTT_WAIT target=3 elapsed=0s need=2s
UE 135 TTT_WAIT target=2 elapsed=0s need=2s
UE 139 TTT_WAIT target=6 elapsed=0s need=2s
UE 140 TTT_WAIT target=2 elapsed=0s need=2s
UE 144 TTT_WAIT target=8 elapsed=0s need=2s
UE 145 TTT_WAIT target=6 elapsed=0s need=2s
UE 146 TTT_WAIT target=1 elapsed=0s need=2s
UE 148 TTT_WAIT target=1 elapsed=0s need=2s
UE 150 TTT_WAIT target=4 elapsed=0s need=2s
UE 155 TTT_WAIT target=1 elapsed=0s need=2s
UE 156 TTT_WAIT target=5 elapsed=0s need=2s
UE 157 TTT_WAIT target=5 elapsed=0s need=2s
UE 159 TTT_WAIT target=5 elapsed=0s need=2s
LM HO UE=161 rnti=56 5->6 type=TN servingRsrp=-120.897 targetRsrp=-88.9319 targetLoadReal=10/20 targetLoadEff=11/20
LM HO UE=164 rnti=78 10->1 type=TN servingRsrp=-84.5405 targetRsrp=-77.2441 targetLoadReal=15/20 targetLoadEff=16/20
UE 165 TTT_WAIT target=7 elapsed=0s need=2s
UE 167 TTT_WAIT target=6 elapsed=0s need=2s
UE 168 TTT_WAIT target=2 elapsed=0s need=2s
UE 170 TTT_WAIT target=1 elapsed=0s need=2s
UE 172 TTT_WAIT target=8 elapsed=0s need=2s
UE 173 TTT_WAIT target=2 elapsed=0s need=2s
UE 174 TTT_WAIT target=8 elapsed=0s need=2s
LM HO_FAIL_LOW_RSRP UE=177 currCell=10 candCell=9 candRsrp=-126.634 < min=-120
UE 179 TTT_WAIT target=4 elapsed=0s need=2s
UE 180 TTT_WAIT target=7 elapsed=0s need=2s
UE 182 TTT_WAIT target=3 elapsed=0s need=2s
UE 184 TTT_WAIT target=5 elapsed=0s need=2s
LM HO UE=185 rnti=20 4->3 type=TN servingRsrp=-96.0307 targetRsrp=-87.3125 targetLoadReal=11/20 targetLoadEff=11/20
LM HO UE=186 rnti=64 9->7 type=TN servingRsrp=-129.158 targetRsrp=-82.7629 targetLoadReal=17/20 targetLoadEff=17/20
UE 188 TTT_WAIT target=5 elapsed=0s need=2s
UE 193 TTT_WAIT target=3 elapsed=0s need=2s
LM HO UE=194 rnti=62 13->7 type=TN servingRsrp=-88.0056 targetRsrp=-76.4527 targetLoadReal=17/20 targetLoadEff=18/20
UE 199 TTT_WAIT target=3 elapsed=0s need=2s
LM HO UE=200 rnti=57 2->7 type=TN servingRsrp=-97.9336 targetRsrp=-80.9072 targetLoadReal=17/20 targetLoadEff=19/20
UE 204 TTT_WAIT target=6 elapsed=0s need=2s
UE 205 TTT_WAIT target=13 elapsed=0s need=2s
UE 209 TTT_WAIT target=3 elapsed=0s need=2s
LM HO UE=210 rnti=114 7->3 type=TN servingRsrp=-144.57 targetRsrp=-82.6541 targetLoadReal=11/20 targetLoadEff=12/20
UE 211 TTT_WAIT target=8 elapsed=0s need=2s
LM HO UE=216 rnti=75 5->3 type=TN servingRsrp=-122.58 targetRsrp=-106.892 targetLoadReal=11/20 targetLoadEff=13/20
UE 217 TTT_WAIT target=3 elapsed=0s need=2s
UE 218 TTT_WAIT target=3 elapsed=0s need=2s
UE 219 TTT_WAIT target=6 elapsed=0s need=2s
UE 222 TTT_WAIT target=3 elapsed=0s need=2s
UE 223 TTT_WAIT target=8 elapsed=0s need=2s
UE 224 TTT_WAIT target=2 elapsed=0s need=2s
UE 226 TTT_WAIT target=3 elapsed=0s need=2s
UE 230 TTT_WAIT target=3 elapsed=0s need=2s
UE 231 TTT_WAIT target=4 elapsed=0s need=2s
UE 233 TTT_WAIT target=5 elapsed=0s need=2s
UE 234 TTT_WAIT target=4 elapsed=0s need=2s
UE 236 TTT_WAIT target=1 elapsed=0s need=2s
UE 239 TTT_WAIT target=6 elapsed=0s need=2s
UE 241 TTT_WAIT target=1 elapsed=0s need=2s
LM HO UE=243 rnti=84 8->5 type=TN servingRsrp=-121.966 targetRsrp=-73.9305 targetLoadReal=17/20 targetLoadEff=18/20
---- LOAD at t=47.5 ----
  cell 1 (TN) load=17/20
  cell 2 (TN) load=9/20
  cell 3 (TN) load=14/20
  cell 4 (TN) load=11/20
  cell 5 (TN) load=17/20
  cell 6 (TN) load=12/20
  cell 7 (TN) load=19/20
  cell 8 (TN) load=11/20
  cell 9 (NTN) load=10/10
  cell 10 (NTN) load=10/10
  cell 11 (NTN) load=10/10
  cell 12 (NTN) load=8/10
  cell 13 (NTN) load=7/10
  cell 14 (NTN) load=10/10
UE 15 TTT_WAIT target=5 elapsed=0s need=2s
UE 16 TTT_WAIT target=3 elapsed=0s need=2s
UE 17 TTT_WAIT target=8 elapsed=0s need=2s
UE 18 TTT_WAIT target=2 elapsed=0s need=2s
UE 23 TTT_WAIT target=4 elapsed=0s need=2s
UE 24 TTT_WAIT target=4 elapsed=0s need=2s
UE 26 TTT_WAIT target=5 elapsed=0s need=2s
UE 27 TTT_WAIT target=13 elapsed=0s need=2s
UE 29 TTT_WAIT target=3 elapsed=0s need=2s
UE 32 TTT_WAIT target=7 elapsed=0s need=2s
UE 34 TTT_WAIT target=7 elapsed=0s need=2s
UE 39 TTT_WAIT target=6 elapsed=0s need=2s
UE 41 TTT_WAIT target=5 elapsed=0s need=2s
UE 44 TTT_WAIT target=4 elapsed=0s need=2s
UE 47 TTT_WAIT target=7 elapsed=0s need=2s
UE 49 TTT_WAIT target=4 elapsed=0s need=2s
UE 51 TTT_WAIT target=5 elapsed=0s need=2s
UE 52 TTT_WAIT target=3 elapsed=0s need=2s
UE 53 TTT_WAIT target=8 elapsed=0s need=2s
UE 54 TTT_WAIT target=13 elapsed=0s need=2s
LM HO UE=56 rnti=61 6->2 type=TN servingRsrp=-112.394 targetRsrp=-109.707 targetLoadReal=9/20 targetLoadEff=9/20
UE 61 TTT_WAIT target=5 elapsed=0s need=2s
LM HO UE=62 rnti=30 2->1 type=TN servingRsrp=-101.061 targetRsrp=-74.8979 targetLoadReal=17/20 targetLoadEff=17/20
UE 67 TTT_WAIT target=5 elapsed=0s need=2s
UE 68 TTT_WAIT target=3 elapsed=0s need=2s
UE 70 TTT_WAIT target=7 elapsed=0s need=2s
UE 72 TTT_WAIT target=6 elapsed=0s need=2s
UE 78 TTT_WAIT target=1 elapsed=0s need=2s
LM HO UE=80 rnti=30 4->6 type=TN servingRsrp=-121.656 targetRsrp=-76.78 targetLoadReal=12/20 targetLoadEff=12/20
UE 82 TTT_WAIT target=7 elapsed=0s need=2s
LM HO UE=90 rnti=48 2->6 type=TN servingRsrp=-122.646 targetRsrp=-112.726 targetLoadReal=12/20 targetLoadEff=13/20
UE 91 TTT_WAIT target=7 elapsed=0s need=2s
UE 93 TTT_WAIT target=7 elapsed=0s need=2s
UE 94 TTT_WAIT target=1 elapsed=0s need=2s
UE 95 TTT_WAIT target=4 elapsed=0s need=2s
UE 97 TTT_WAIT target=1 elapsed=0s need=2s
UE 99 TTT_WAIT target=2 elapsed=0s need=2s
UE 101 TTT_WAIT target=3 elapsed=0s need=2s
UE 103 TTT_WAIT target=2 elapsed=0s need=2s
UE 104 TTT_WAIT target=7 elapsed=0s need=2s
UE 105 TTT_WAIT target=6 elapsed=0s need=2s
LM HO_FAIL_LOW_RSRP UE=108 currCell=6 candCell=8 candRsrp=-123.203 < min=-120
LM HO UE=109 rnti=30 13->3 type=TN servingRsrp=-118.153 targetRsrp=-86.7176 targetLoadReal=14/20 targetLoadEff=14/20
UE 110 TTT_WAIT target=2 elapsed=0s need=2s
UE 111 TTT_WAIT target=8 elapsed=0s need=2s
UE 112 TTT_WAIT target=12 elapsed=0s need=2s
UE 128 TTT_WAIT target=4 elapsed=0s need=2s
UE 131 TTT_WAIT target=12 elapsed=0s need=2s
UE 135 TTT_WAIT target=3 elapsed=0s need=2s
UE 137 TTT_WAIT target=13 elapsed=0s need=2s
UE 139 TTT_WAIT target=5 elapsed=0s need=2s
LM HO UE=140 rnti=85 1->2 type=TN servingRsrp=-108.869 targetRsrp=-79.1075 targetLoadReal=9/20 targetLoadEff=10/20
UE 141 TTT_WAIT target=5 elapsed=0s need=2s
UE 143 TTT_WAIT target=2 elapsed=0s need=2s
UE 144 TTT_WAIT target=5 elapsed=0s need=2s
UE 145 TTT_WAIT target=5 elapsed=0s need=2s
UE 146 TTT_WAIT target=2 elapsed=0s need=2s
UE 148 TTT_WAIT target=6 elapsed=0s need=2s
UE 150 TTT_WAIT target=8 elapsed=0s need=2s
UE 151 TTT_WAIT target=7 elapsed=0s need=2s
UE 153 TTT_WAIT target=4 elapsed=0s need=2s
LM HO_FAIL_LOW_RSRP UE=157 currCell=14 candCell=12 candRsrp=-126.328 < min=-120
UE 158 TTT_WAIT target=2 elapsed=0s need=2s
LM HO UE=159 rnti=48 7->5 type=TN servingRsrp=-137.15 targetRsrp=-90.2375 targetLoadReal=17/20 targetLoadEff=17/20
UE 161 TTT_WAIT target=5 elapsed=0s need=2s
UE 162 TTT_WAIT target=2 elapsed=0s need=2s
UE 165 TTT_WAIT target=6 elapsed=0s need=2s
UE 167 TTT_WAIT target=12 elapsed=0s need=2s
UE 174 TTT_WAIT target=5 elapsed=0s need=2s
UE 175 TTT_WAIT target=8 elapsed=0s need=2s
UE 177 TTT_WAIT target=6 elapsed=0s need=2s
UE 178 TTT_WAIT target=2 elapsed=0s need=2s
UE 179 TTT_WAIT target=6 elapsed=0s need=2s
UE 180 TTT_WAIT target=2 elapsed=0s need=2s
LM HO UE=182 rnti=49 6->3 type=TN servingRsrp=-119.268 targetRsrp=-90.3692 targetLoadReal=14/20 targetLoadEff=15/20
UE 184 TTT_WAIT target=3 elapsed=0s need=2s
UE 185 TTT_WAIT target=8 elapsed=0s need=2s
UE 186 TTT_WAIT target=6 elapsed=0s need=2s
UE 187 TTT_WAIT target=8 elapsed=0s need=2s
UE 193 TTT_WAIT target=8 elapsed=0s need=2s
UE 194 TTT_WAIT target=1 elapsed=0s need=2s
UE 195 TTT_WAIT target=2 elapsed=0s need=2s
UE 199 TTT_WAIT target=6 elapsed=0s need=2s
UE 200 TTT_WAIT target=8 elapsed=0s need=2s
LM HO UE=204 rnti=51 1->6 type=TN servingRsrp=-125.154 targetRsrp=-86.4836 targetLoadReal=12/20 targetLoadEff=14/20
UE 205 TTT_WAIT target=12 elapsed=0s need=2s
UE 206 TTT_WAIT target=6 elapsed=0s need=2s
UE 207 TTT_WAIT target=13 elapsed=0s need=2s
LM HO UE=209 rnti=85 8->3 type=TN servingRsrp=-125.082 targetRsrp=-97.8599 targetLoadReal=14/20 targetLoadEff=16/20
UE 210 TTT_WAIT target=4 elapsed=0s need=2s
LM HO UE=211 rnti=79 3->8 type=TN servingRsrp=-107.907 targetRsrp=-104.999 targetLoadReal=11/20 targetLoadEff=11/20
UE 212 TTT_WAIT target=8 elapsed=0s need=2s
UE 216 TTT_WAIT target=4 elapsed=0s need=2s
LM HO UE=217 rnti=59 2->3 type=TN servingRsrp=-141.931 targetRsrp=-110.275 targetLoadReal=14/20 targetLoadEff=17/20
UE 219 TTT_WAIT target=2 elapsed=0s need=2s
UE 220 TTT_WAIT target=1 elapsed=0s need=2s
UE 223 TTT_WAIT target=3 elapsed=0s need=2s
LM HO UE=224 rnti=24 3->2 type=TN servingRsrp=-124.531 targetRsrp=-86.3033 targetLoadReal=9/20 targetLoadEff=11/20
UE 230 TTT_WAIT target=1 elapsed=0s need=2s
LM HO UE=231 rnti=8 7->4 type=TN servingRsrp=-106.452 targetRsrp=-84.2835 targetLoadReal=11/20 targetLoadEff=11/20
UE 234 TTT_WAIT target=7 elapsed=0s need=2s
UE 236 TTT_WAIT target=5 elapsed=0s need=2s
UE 239 TTT_WAIT target=5 elapsed=0s need=2s
UE 241 TTT_WAIT target=13 elapsed=0s need=2s
UE 243 TTT_WAIT target=6 elapsed=0s need=2s
UE 244 TTT_WAIT target=8 elapsed=0s need=2s
---- LOAD at t=52.5 ----
  cell 1 (TN) load=16/20
  cell 2 (TN) load=9/20
  cell 3 (TN) load=17/20
  cell 4 (TN) load=11/20
  cell 5 (TN) load=19/20
  cell 6 (TN) load=13/20
  cell 7 (TN) load=17/20
  cell 8 (TN) load=11/20
  cell 9 (NTN) load=10/10
  cell 10 (NTN) load=10/10
  cell 11 (NTN) load=10/10
  cell 12 (NTN) load=10/10
  cell 13 (NTN) load=6/10
  cell 14 (NTN) load=10/10
UE 15 TTT_WAIT target=3 elapsed=0s need=2s
UE 16 TTT_WAIT target=6 elapsed=0s need=2s
LM HO UE=17 rnti=110 5->8 type=TN servingRsrp=-120.622 targetRsrp=-88.684 targetLoadReal=11/20 targetLoadEff=11/20
LM HO_FAIL_LOW_RSRP UE=18 currCell=1 candCell=13 candRsrp=-143.713 < min=-120
UE 20 TTT_WAIT target=6 elapsed=0s need=2s
UE 24 TTT_WAIT target=3 elapsed=0s need=2s
UE 26 TTT_WAIT target=2 elapsed=0s need=2s
UE 27 TTT_WAIT target=4 elapsed=0s need=2s
LM HO UE=32 rnti=82 8->7 type=TN servingRsrp=-129.338 targetRsrp=-115.071 targetLoadReal=17/20 targetLoadEff=17/20
UE 36 TTT_WAIT target=6 elapsed=0s need=2s
UE 39 TTT_WAIT target=3 elapsed=0s need=2s
LM HO_FAIL_LOW_RSRP UE=40 currCell=3 candCell=13 candRsrp=-122.035 < min=-120
UE 41 TTT_WAIT target=7 elapsed=0s need=2s
UE 45 TTT_WAIT target=5 elapsed=0s need=2s
UE 47 TTT_WAIT target=8 elapsed=0s need=2s
UE 49 TTT_WAIT target=8 elapsed=0s need=2s
UE 51 TTT_WAIT target=4 elapsed=0s need=2s
UE 52 TTT_WAIT target=6 elapsed=0s need=2s
LM HO UE=53 rnti=64 13->8 type=TN servingRsrp=-122.713 targetRsrp=-87.6521 targetLoadReal=11/20 targetLoadEff=12/20
UE 54 TTT_WAIT target=4 elapsed=0s need=2s
UE 56 TTT_WAIT target=1 elapsed=0s need=2s
UE 62 TTT_WAIT target=2 elapsed=0s need=2s
UE 63 TTT_WAIT target=5 elapsed=0s need=2s
UE 67 TTT_WAIT target=3 elapsed=0s need=2s
UE 71 TTT_WAIT target=2 elapsed=0s need=2s
LM HO UE=72 rnti=29 4->6 type=TN servingRsrp=-83.0732 targetRsrp=-75.9049 targetLoadReal=13/20 targetLoadEff=13/20
UE 75 TTT_WAIT target=13 elapsed=0s need=2s
UE 79 TTT_WAIT target=4 elapsed=0s need=2s
UE 82 TTT_WAIT target=3 elapsed=0s need=2s
UE 84 TTT_WAIT target=6 elapsed=0s need=2s
UE 87 TTT_WAIT target=8 elapsed=0s need=2s
UE 90 TTT_WAIT target=2 elapsed=0s need=2s
UE 91 TTT_WAIT target=4 elapsed=0s need=2s
UE 92 TTT_WAIT target=13 elapsed=0s need=2s
UE 96 TTT_WAIT target=5 elapsed=0s need=2s
UE 99 TTT_WAIT target=6 elapsed=0s need=2s
UE 101 TTT_WAIT target=6 elapsed=0s need=2s
LM HO UE=103 rnti=31 4->2 type=TN servingRsrp=-111.376 targetRsrp=-93.869 targetLoadReal=9/20 targetLoadEff=9/20
LM HO UE=104 rnti=52 6->7 type=TN servingRsrp=-116.941 targetRsrp=-102.732 targetLoadReal=17/20 targetLoadEff=18/20
UE 108 TTT_WAIT target=3 elapsed=0s need=2s
UE 109 TTT_WAIT target=2 elapsed=0s need=2s
UE 110 TTT_WAIT target=5 elapsed=0s need=2s
UE 111 TTT_WAIT target=1 elapsed=0s need=2s
UE 115 TTT_WAIT target=4 elapsed=0s need=2s
UE 125 TTT_WAIT target=6 elapsed=0s need=2s
UE 127 TTT_WAIT target=5 elapsed=0s need=2s
UE 130 TTT_WAIT target=7 elapsed=0s need=2s
UE 131 TTT_WAIT target=5 elapsed=0s need=2s
UE 132 TTT_WAIT target=7 elapsed=0s need=2s
UE 133 TTT_WAIT target=6 elapsed=0s need=2s
UE 135 TTT_WAIT target=5 elapsed=0s need=2s
UE 137 TTT_WAIT target=4 elapsed=0s need=2s
UE 139 TTT_WAIT target=13 elapsed=0s need=2s
UE 140 TTT_WAIT target=1 elapsed=0s need=2s
UE 146 TTT_WAIT target=1 elapsed=0s need=2s
UE 147 TTT_WAIT target=5 elapsed=0s need=2s
UE 149 TTT_WAIT target=6 elapsed=0s need=2s
LM HO UE=150 rnti=58 2->8 type=TN servingRsrp=-117.919 targetRsrp=-90.6852 targetLoadReal=11/20 targetLoadEff=13/20
LM HO UE=151 rnti=89 9->7 type=TN servingRsrp=-127.684 targetRsrp=-107.058 targetLoadReal=17/20 targetLoadEff=19/20
UE 155 TTT_WAIT target=6 elapsed=0s need=2s
UE 157 TTT_WAIT target=5 elapsed=0s need=2s
UE 158 TTT_WAIT target=4 elapsed=0s need=2s
UE 159 TTT_WAIT target=1 elapsed=0s need=2s
LM HO UE=161 rnti=65 6->5 type=TN servingRsrp=-124.391 targetRsrp=-107.708 targetLoadReal=19/20 targetLoadEff=19/20
UE 165 TTT_WAIT target=4 elapsed=0s need=2s
UE 167 TTT_WAIT target=8 elapsed=0s need=2s
LM HO_FAIL_LOW_RSRP UE=168 currCell=3 candCell=13 candRsrp=-130.961 < min=-120
UE 170 TTT_WAIT target=1 elapsed=0s need=2s
LM HO UE=175 rnti=111 5->8 type=TN servingRsrp=-114.068 targetRsrp=-89.3224 targetLoadReal=11/20 targetLoadEff=14/20
UE 177 TTT_WAIT target=8 elapsed=0s need=2s
UE 179 TTT_WAIT target=1 elapsed=0s need=2s
UE 180 TTT_WAIT target=4 elapsed=0s need=2s
UE 185 TTT_WAIT target=2 elapsed=0s need=2s
UE 188 TTT_WAIT target=1 elapsed=0s need=2s
UE 190 TTT_WAIT target=8 elapsed=0s need=2s
LM HO UE=193 rnti=74 5->8 type=TN servingRsrp=-114.791 targetRsrp=-88.6076 targetLoadReal=11/20 targetLoadEff=15/20
UE 194 TTT_WAIT target=4 elapsed=0s need=2s
UE 196 TTT_WAIT target=6 elapsed=0s need=2s
UE 199 TTT_WAIT target=1 elapsed=0s need=2s
LM HO UE=200 rnti=149 7->8 type=TN servingRsrp=-121.23 targetRsrp=-88.5831 targetLoadReal=11/20 targetLoadEff=16/20
UE 204 TTT_WAIT target=1 elapsed=0s need=2s
UE 205 TTT_WAIT target=8 elapsed=0s need=2s
UE 210 TTT_WAIT target=8 elapsed=0s need=2s
LM HO UE=212 rnti=21 4->8 type=TN servingRsrp=-116.017 targetRsrp=-87.7762 targetLoadReal=11/20 targetLoadEff=17/20
UE 217 TTT_WAIT target=8 elapsed=0s need=2s
UE 219 TTT_WAIT target=6 elapsed=0s need=2s
UE 220 TTT_WAIT target=4 elapsed=0s need=2s
UE 222 TTT_WAIT target=2 elapsed=0s need=2s
UE 223 TTT_WAIT target=1 elapsed=0s need=2s
UE 231 TTT_WAIT target=8 elapsed=0s need=2s
UE 234 TTT_WAIT target=8 elapsed=0s need=2s
LM HO_FAIL_LOW_RSRP UE=236 currCell=7 candCell=13 candRsrp=-134.069 < min=-120
UE 239 TTT_WAIT target=4 elapsed=0s need=2s
UE 240 TTT_WAIT target=1 elapsed=0s need=2s
UE 241 TTT_WAIT target=6 elapsed=0s need=2s
UE 244 TTT_WAIT target=3 elapsed=0s need=2s
---- LOAD at t=57.5 ----
  cell 1 (TN) load=16/20
  cell 2 (TN) load=10/20
  cell 3 (TN) load=17/20
  cell 4 (TN) load=8/20
  cell 5 (TN) load=18/20
  cell 6 (TN) load=12/20
  cell 7 (TN) load=20/20
  cell 8 (TN) load=17/20
  cell 9 (NTN) load=10/10
  cell 10 (NTN) load=10/10
  cell 11 (NTN) load=10/10
  cell 12 (NTN) load=10/10
  cell 13 (NTN) load=5/10
  cell 14 (NTN) load=10/10
UE 15 TTT_WAIT target=2 elapsed=0s need=2s
LM HO UE=16 rnti=97 1->6 type=TN servingRsrp=-102.845 targetRsrp=-91.828 targetLoadReal=12/20 targetLoadEff=12/20
UE 17 TTT_WAIT target=5 elapsed=0s need=2s
UE 19 TTT_WAIT target=8 elapsed=0s need=2s
UE 20 TTT_WAIT target=13 elapsed=0s need=2s
UE 23 TTT_WAIT target=2 elapsed=0s need=2s
UE 24 TTT_WAIT target=1 elapsed=0s need=2s
UE 26 TTT_WAIT target=1 elapsed=0s need=2s
UE 31 TTT_WAIT target=4 elapsed=0s need=2s
UE 32 TTT_WAIT target=1 elapsed=0s need=2s
UE 34 TTT_WAIT target=1 elapsed=0s need=2s
UE 36 TTT_WAIT target=2 elapsed=0s need=2s
UE 41 TTT_WAIT target=13 elapsed=0s need=2s
UE 44 TTT_WAIT target=1 elapsed=0s need=2s
UE 45 TTT_WAIT target=8 elapsed=0s need=2s
UE 46 TTT_WAIT target=3 elapsed=0s need=2s
UE 47 TTT_WAIT target=2 elapsed=0s need=2s
UE 49 TTT_WAIT target=4 elapsed=0s need=2s
UE 52 TTT_WAIT target=4 elapsed=0s need=2s
UE 54 TTT_WAIT target=3 elapsed=0s need=2s
UE 61 TTT_WAIT target=2 elapsed=0s need=2s
UE 62 TTT_WAIT target=4 elapsed=0s need=2s
UE 64 TTT_WAIT target=13 elapsed=0s need=2s
UE 67 TTT_WAIT target=5 elapsed=0s need=2s
UE 68 TTT_WAIT target=5 elapsed=0s need=2s
UE 70 TTT_WAIT target=2 elapsed=0s need=2s
UE 71 TTT_WAIT target=5 elapsed=0s need=2s
UE 72 TTT_WAIT target=4 elapsed=0s need=2s
LM HO UE=75 rnti=54 1->13 type=NTN servingRsrp=-101.646 targetRsrp=-91.7798 targetLoadReal=5/10 targetLoadEff=5/10
LM HO_FAIL_LOW_RSRP UE=84 currCell=1 candCell=13 candRsrp=-132.89 < min=-120
UE 86 TTT_WAIT target=6 elapsed=0s need=2s
UE 91 TTT_WAIT target=2 elapsed=0s need=2s
UE 92 TTT_WAIT target=8 elapsed=0s need=2s
UE 93 TTT_WAIT target=6 elapsed=0s need=2s
UE 97 TTT_WAIT target=6 elapsed=0s need=2s
LM HO UE=101 rnti=37 8->6 type=TN servingRsrp=-107.654 targetRsrp=-93.1759 targetLoadReal=12/20 targetLoadEff=13/20
UE 103 TTT_WAIT target=5 elapsed=0s need=2s
UE 104 TTT_WAIT target=4 elapsed=0s need=2s
UE 105 TTT_WAIT target=13 elapsed=0s need=2s
UE 107 TTT_WAIT target=1 elapsed=0s need=2s
UE 108 TTT_WAIT target=5 elapsed=0s need=2s
UE 109 TTT_WAIT target=5 elapsed=0s need=2s
LM HO_FAIL_LOW_RSRP UE=125 currCell=7 candCell=13 candRsrp=-139.564 < min=-120
UE 127 TTT_WAIT target=2 elapsed=0s need=2s
UE 130 TTT_WAIT target=4 elapsed=0s need=2s
UE 131 TTT_WAIT target=2 elapsed=0s need=2s
UE 132 TTT_WAIT target=2 elapsed=0s need=2s
UE 135 TTT_WAIT target=2 elapsed=0s need=2s
UE 137 TTT_WAIT target=5 elapsed=0s need=2s
UE 138 TTT_WAIT target=8 elapsed=0s need=2s
UE 139 TTT_WAIT target=6 elapsed=0s need=2s
UE 140 TTT_WAIT target=5 elapsed=0s need=2s
UE 142 TTT_WAIT target=13 elapsed=0s need=2s
UE 145 TTT_WAIT target=3 elapsed=0s need=2s
LM HO UE=146 rnti=29 12->1 type=TN servingRsrp=-149.338 targetRsrp=-82.5949 targetLoadReal=16/20 targetLoadEff=16/20
UE 148 TTT_WAIT target=1 elapsed=0s need=2s
UE 150 TTT_WAIT target=13 elapsed=0s need=2s
UE 153 TTT_WAIT target=8 elapsed=0s need=2s
UE 155 TTT_WAIT target=3 elapsed=0s need=2s
LM HO UE=157 rnti=29 14->5 type=TN servingRsrp=-104.29 targetRsrp=-86.0932 targetLoadReal=18/20 targetLoadEff=18/20
UE 158 TTT_WAIT target=6 elapsed=0s need=2s
UE 159 TTT_WAIT target=8 elapsed=0s need=2s
UE 162 TTT_WAIT target=3 elapsed=0s need=2s
UE 164 TTT_WAIT target=6 elapsed=0s need=2s
UE 165 TTT_WAIT target=5 elapsed=0s need=2s
UE 168 TTT_WAIT target=1 elapsed=0s need=2s
UE 172 TTT_WAIT target=6 elapsed=0s need=2s
UE 173 TTT_WAIT target=1 elapsed=0s need=2s
UE 174 TTT_WAIT target=5 elapsed=0s need=2s
UE 175 TTT_WAIT target=4 elapsed=0s need=2s
UE 177 TTT_WAIT target=6 elapsed=0s need=2s
UE 180 TTT_WAIT target=6 elapsed=0s need=2s
UE 182 TTT_WAIT target=1 elapsed=0s need=2s
UE 185 TTT_WAIT target=8 elapsed=0s need=2s
LM HO_FAIL_LOW_RSRP UE=186 currCell=7 candCell=13 candRsrp=-135.154 < min=-120
UE 187 TTT_WAIT target=4 elapsed=0s need=2s
UE 190 TTT_WAIT target=5 elapsed=0s need=2s
UE 193 TTT_WAIT target=5 elapsed=0s need=2s
UE 194 TTT_WAIT target=6 elapsed=0s need=2s
UE 204 TTT_WAIT target=8 elapsed=0s need=2s
UE 207 TTT_WAIT target=5 elapsed=0s need=2s
UE 208 TTT_WAIT target=3 elapsed=0s need=2s
UE 209 TTT_WAIT target=5 elapsed=0s need=2s
UE 210 TTT_WAIT target=13 elapsed=0s need=2s
UE 211 TTT_WAIT target=3 elapsed=0s need=2s
UE 212 TTT_WAIT target=5 elapsed=0s need=2s
UE 219 TTT_WAIT target=1 elapsed=0s need=2s
UE 220 TTT_WAIT target=5 elapsed=0s need=2s
UE 223 TTT_WAIT target=3 elapsed=0s need=2s
UE 224 TTT_WAIT target=5 elapsed=0s need=2s
UE 225 TTT_WAIT target=1 elapsed=0s need=2s
UE 226 TTT_WAIT target=1 elapsed=0s need=2s
UE 228 TTT_WAIT target=1 elapsed=0s need=2s
UE 229 TTT_WAIT target=1 elapsed=0s need=2s
UE 231 TTT_WAIT target=2 elapsed=0s need=2s
UE 233 TTT_WAIT target=4 elapsed=0s need=2s
LM HO UE=234 rnti=112 5->8 type=TN servingRsrp=-117.929 targetRsrp=-81.8066 targetLoadReal=17/20 targetLoadEff=17/20
LM HO_FAIL_LOW_RSRP UE=236 currCell=7 candCell=13 candRsrp=-134.206 < min=-120
UE 239 TTT_WAIT target=8 elapsed=0s need=2s
UE 240 TTT_WAIT target=3 elapsed=0s need=2s
LM HO UE=241 rnti=66 3->6 type=TN servingRsrp=-116.926 targetRsrp=-89.2385 targetLoadReal=12/20 targetLoadEff=14/20
UE 243 TTT_WAIT target=8 elapsed=0s need=2s
---- LOAD at t=62.5 ----
  cell 1 (TN) load=15/20
  cell 2 (TN) load=10/20
  cell 3 (TN) load=16/20
  cell 4 (TN) load=8/20
  cell 5 (TN) load=19/20
  cell 6 (TN) load=16/20
  cell 7 (TN) load=20/20
  cell 8 (TN) load=17/20
  cell 9 (NTN) load=10/10
  cell 10 (NTN) load=10/10
  cell 11 (NTN) load=10/10
  cell 12 (NTN) load=9/10
  cell 13 (NTN) load=7/10
  cell 14 (NTN) load=9/10
LM HO UE=15 rnti=80 8->2 type=TN servingRsrp=-124.731 targetRsrp=-102.422 targetLoadReal=10/20 targetLoadEff=10/20
UE 16 TTT_WAIT target=1 elapsed=0s need=2s
UE 18 TTT_WAIT target=2 elapsed=0s need=2s
UE 20 TTT_WAIT target=4 elapsed=0s need=2s
UE 23 TTT_WAIT target=1 elapsed=0s need=2s
UE 24 TTT_WAIT target=3 elapsed=0s need=2s
UE 26 TTT_WAIT target=4 elapsed=0s need=2s
UE 27 TTT_WAIT target=4 elapsed=0s need=2s
UE 29 TTT_WAIT target=3 elapsed=0s need=2s
UE 32 TTT_WAIT target=2 elapsed=0s need=2s
UE 33 TTT_WAIT target=3 elapsed=0s need=2s
UE 36 TTT_WAIT target=4 elapsed=0s need=2s
UE 39 TTT_WAIT target=6 elapsed=0s need=2s
UE 40 TTT_WAIT target=8 elapsed=0s need=2s
UE 41 TTT_WAIT target=5 elapsed=0s need=2s
UE 43 TTT_WAIT target=5 elapsed=0s need=2s
UE 44 TTT_WAIT target=4 elapsed=0s need=2s
LM HO UE=46 rnti=40 5->3 type=TN servingRsrp=-102.228 targetRsrp=-78.0124 targetLoadReal=16/20 targetLoadEff=16/20
UE 47 TTT_WAIT target=6 elapsed=0s need=2s
UE 52 TTT_WAIT target=3 elapsed=0s need=2s
UE 53 TTT_WAIT target=13 elapsed=0s need=2s
UE 54 TTT_WAIT target=4 elapsed=0s need=2s
UE 56 TTT_WAIT target=14 elapsed=0s need=2s
UE 61 TTT_WAIT target=12 elapsed=0s need=2s
LM HO UE=62 rnti=117 1->4 type=TN servingRsrp=-105.955 targetRsrp=-82.0317 targetLoadReal=8/20 targetLoadEff=8/20
UE 64 TTT_WAIT target=4 elapsed=0s need=2s
UE 68 TTT_WAIT target=3 elapsed=0s need=2s
LM HO UE=70 rnti=53 1->2 type=TN servingRsrp=-111.677 targetRsrp=-80.0848 targetLoadReal=10/20 targetLoadEff=11/20
UE 71 TTT_WAIT target=2 elapsed=0s need=2s
LM HO UE=72 rnti=69 6->4 type=TN servingRsrp=-119.031 targetRsrp=-83.0485 targetLoadReal=8/20 targetLoadEff=9/20
UE 75 TTT_WAIT target=1 elapsed=0s need=2s
UE 76 TTT_WAIT target=6 elapsed=0s need=2s
UE 78 TTT_WAIT target=6 elapsed=0s need=2s
UE 82 TTT_WAIT target=6 elapsed=0s need=2s
UE 84 TTT_WAIT target=4 elapsed=0s need=2s
LM HO UE=86 rnti=130 7->6 type=TN servingRsrp=-113.119 targetRsrp=-90.0279 targetLoadReal=16/20 targetLoadEff=16/20
UE 91 TTT_WAIT target=4 elapsed=0s need=2s
UE 93 TTT_WAIT target=2 elapsed=0s need=2s
UE 95 TTT_WAIT target=14 elapsed=0s need=2s
UE 96 TTT_WAIT target=6 elapsed=0s need=2s
UE 97 TTT_WAIT target=1 elapsed=0s need=2s
UE 99 TTT_WAIT target=6 elapsed=0s need=2s
UE 101 TTT_WAIT target=8 elapsed=0s need=2s
UE 103 TTT_WAIT target=8 elapsed=0s need=2s
UE 105 TTT_WAIT target=14 elapsed=0s need=2s
UE 107 TTT_WAIT target=2 elapsed=0s need=2s
UE 109 TTT_WAIT target=4 elapsed=0s need=2s
UE 112 TTT_WAIT target=6 elapsed=0s need=2s
UE 115 TTT_WAIT target=4 elapsed=0s need=2s
UE 125 TTT_WAIT target=1 elapsed=0s need=2s
UE 127 TTT_WAIT target=1 elapsed=0s need=2s
UE 128 TTT_WAIT target=3 elapsed=0s need=2s
UE 130 TTT_WAIT target=1 elapsed=0s need=2s
LM HO_FAIL_LOW_RSRP UE=131 currCell=3 candCell=13 candRsrp=-126.129 < min=-120
UE 133 TTT_WAIT target=13 elapsed=0s need=2s
LM HO UE=135 rnti=63 6->2 type=TN servingRsrp=-116.142 targetRsrp=-75.0208 targetLoadReal=10/20 targetLoadEff=12/20
UE 139 TTT_WAIT target=14 elapsed=0s need=2s
UE 140 TTT_WAIT target=1 elapsed=0s need=2s
UE 142 TTT_WAIT target=5 elapsed=0s need=2s
UE 144 TTT_WAIT target=8 elapsed=0s need=2s
UE 145 TTT_WAIT target=8 elapsed=0s need=2s
LM HO UE=148 rnti=33 4->1 type=TN servingRsrp=-117.952 targetRsrp=-97.1336 targetLoadReal=15/20 targetLoadEff=15/20
UE 149 TTT_WAIT target=8 elapsed=0s need=2s
UE 150 TTT_WAIT target=1 elapsed=0s need=2s
LM HO_FAIL_LOW_RSRP UE=151 currCell=7 candCell=12 candRsrp=-139.739 < min=-120
UE 157 TTT_WAIT target=2 elapsed=0s need=2s
UE 158 TTT_WAIT target=2 elapsed=0s need=2s
LM HO UE=159 rnti=115 5->8 type=TN servingRsrp=-90.8179 targetRsrp=-84.6024 targetLoadReal=17/20 targetLoadEff=17/20
LM HO UE=162 rnti=80 9->3 type=TN servingRsrp=-126.276 targetRsrp=-107.395 targetLoadReal=16/20 targetLoadEff=17/20
UE 164 TTT_WAIT target=4 elapsed=0s need=2s
UE 166 TTT_WAIT target=12 elapsed=0s need=2s
UE 168 TTT_WAIT target=8 elapsed=0s need=2s
UE 172 TTT_WAIT target=1 elapsed=0s need=2s
LM HO UE=175 rnti=102 8->4 type=TN servingRsrp=-134.736 targetRsrp=-83.4062 targetLoadReal=8/20 targetLoadEff=10/20
UE 176 TTT_WAIT target=4 elapsed=0s need=2s
LM HO UE=177 rnti=112 10->6 type=TN servingRsrp=-134.456 targetRsrp=-95.5786 targetLoadReal=16/20 targetLoadEff=17/20
UE 178 TTT_WAIT target=14 elapsed=0s need=2s
UE 179 TTT_WAIT target=6 elapsed=0s need=2s
UE 180 TTT_WAIT target=8 elapsed=0s need=2s
UE 182 TTT_WAIT target=4 elapsed=0s need=2s
UE 184 TTT_WAIT target=5 elapsed=0s need=2s
LM HO UE=185 rnti=80 3->8 type=TN servingRsrp=-126.204 targetRsrp=-67.6907 targetLoadReal=17/20 targetLoadEff=18/20
UE 186 TTT_WAIT target=1 elapsed=0s need=2s
UE 188 TTT_WAIT target=8 elapsed=0s need=2s
UE 190 TTT_WAIT target=3 elapsed=0s need=2s
UE 191 TTT_WAIT target=2 elapsed=0s need=2s
UE 199 TTT_WAIT target=1 elapsed=0s need=2s
UE 200 TTT_WAIT target=2 elapsed=0s need=2s
UE 204 TTT_WAIT target=1 elapsed=0s need=2s
LM HO_FAIL_LOW_RSRP UE=205 currCell=5 candCell=14 candRsrp=-120.779 < min=-120
UE 206 TTT_WAIT target=6 elapsed=0s need=2s
LM HO UE=208 rnti=123 5->3 type=TN servingRsrp=-106.377 targetRsrp=-81.2151 targetLoadReal=16/20 targetLoadEff=18/20
LM HO UE=209 rnti=85 3->5 type=TN servingRsrp=-113.864 targetRsrp=-103.985 targetLoadReal=19/20 targetLoadEff=19/20
UE 210 TTT_WAIT target=4 elapsed=0s need=2s
LM HO_FAIL_LOW_RSRP UE=211 currCell=8 candCell=3 candRsrp=-120.216 < min=-120
UE 212 TTT_WAIT target=4 elapsed=0s need=2s
UE 217 TTT_WAIT target=2 elapsed=0s need=2s
UE 218 TTT_WAIT target=4 elapsed=0s need=2s
UE 220 TTT_WAIT target=8 elapsed=0s need=2s
UE 222 TTT_WAIT target=1 elapsed=0s need=2s
UE 223 TTT_WAIT target=2 elapsed=0s need=2s
LM HO_FAIL_LOW_RSRP UE=224 currCell=2 candCell=4 candRsrp=-120.489 < min=-120
UE 228 TTT_WAIT target=2 elapsed=0s need=2s
LM HO_FAIL_LOW_RSRP UE=229 currCell=11 candCell=13 candRsrp=-130.293 < min=-120
UE 230 TTT_WAIT target=6 elapsed=0s need=2s
LM HO UE=231 rnti=43 4->2 type=TN servingRsrp=-124.262 targetRsrp=-93.0282 targetLoadReal=10/20 targetLoadEff=13/20
UE 234 TTT_WAIT target=1 elapsed=0s need=2s
UE 236 TTT_WAIT target=2 elapsed=0s need=2s
LM HO UE=239 rnti=71 3->8 type=TN servingRsrp=-128.387 targetRsrp=-91.7234 targetLoadReal=17/20 targetLoadEff=19/20
UE 241 TTT_WAIT target=3 elapsed=0s need=2s
UE 243 TTT_WAIT target=2 elapsed=0s need=2s
UE 244 TTT_WAIT target=4 elapsed=0s need=2s
---- LOAD at t=67.5 ----
  cell 1 (TN) load=14/20
  cell 2 (TN) load=15/20
  cell 3 (TN) load=16/20
  cell 4 (TN) load=9/20
  cell 5 (TN) load=17/20
  cell 6 (TN) load=16/20
  cell 7 (TN) load=19/20
  cell 8 (TN) load=18/20
  cell 9 (NTN) load=9/10
  cell 10 (NTN) load=9/10
  cell 11 (NTN) load=10/10
  cell 12 (NTN) load=9/10
  cell 13 (NTN) load=7/10
  cell 14 (NTN) load=9/10
UE 16 TTT_WAIT target=8 elapsed=0s need=2s
UE 17 TTT_WAIT target=4 elapsed=0s need=2s
UE 18 TTT_WAIT target=13 elapsed=0s need=2s
UE 23 TTT_WAIT target=9 elapsed=0s need=2s
LM HO UE=24 rnti=97 9->3 type=TN servingRsrp=-132.497 targetRsrp=-84.2059 targetLoadReal=16/20 targetLoadEff=16/20
LM HO UE=29 rnti=48 5->3 type=TN servingRsrp=-117.654 targetRsrp=-79.8999 targetLoadReal=16/20 targetLoadEff=17/20
UE 32 TTT_WAIT target=8 elapsed=0s need=2s
UE 33 TTT_WAIT target=8 elapsed=0s need=2s
UE 34 TTT_WAIT target=1 elapsed=0s need=2s
UE 36 TTT_WAIT target=5 elapsed=0s need=2s
UE 39 TTT_WAIT target=8 elapsed=0s need=2s
UE 40 TTT_WAIT target=5 elapsed=0s need=2s
UE 41 TTT_WAIT target=3 elapsed=0s need=2s
UE 44 TTT_WAIT target=8 elapsed=0s need=2s
UE 46 TTT_WAIT target=4 elapsed=0s need=2s
UE 47 TTT_WAIT target=4 elapsed=0s need=2s
UE 49 TTT_WAIT target=13 elapsed=0s need=2s
UE 51 TTT_WAIT target=10 elapsed=0s need=2s
UE 52 TTT_WAIT target=12 elapsed=0s need=2s
UE 53 TTT_WAIT target=4 elapsed=0s need=2s
LM HO UE=54 rnti=83 8->4 type=TN servingRsrp=-117.185 targetRsrp=-79.0506 targetLoadReal=9/20 targetLoadEff=9/20
UE 56 TTT_WAIT target=4 elapsed=0s need=2s
UE 61 TTT_WAIT target=7 elapsed=0s need=2s
UE 62 TTT_WAIT target=2 elapsed=0s need=2s
UE 63 TTT_WAIT target=8 elapsed=0s need=2s
UE 67 TTT_WAIT target=14 elapsed=0s need=2s
UE 68 TTT_WAIT target=1 elapsed=0s need=2s
UE 72 TTT_WAIT target=3 elapsed=0s need=2s
UE 75 TTT_WAIT target=4 elapsed=0s need=2s
UE 78 TTT_WAIT target=8 elapsed=0s need=2s
UE 82 TTT_WAIT target=8 elapsed=0s need=2s
UE 84 TTT_WAIT target=5 elapsed=0s need=2s
UE 86 TTT_WAIT target=7 elapsed=0s need=2s
LM HO UE=91 rnti=73 5->4 type=TN servingRsrp=-119.058 targetRsrp=-107.265 targetLoadReal=9/20 targetLoadEff=10/20
LM HO UE=93 rnti=105 1->2 type=TN servingRsrp=-82.3179 targetRsrp=-79.9953 targetLoadReal=15/20 targetLoadEff=15/20
UE 96 TTT_WAIT target=3 elapsed=0s need=2s
UE 99 TTT_WAIT target=2 elapsed=0s need=2s
UE 101 TTT_WAIT target=4 elapsed=0s need=2s
UE 103 TTT_WAIT target=4 elapsed=0s need=2s
UE 105 TTT_WAIT target=4 elapsed=0s need=2s
LM HO UE=107 rnti=168 7->2 type=TN servingRsrp=-120.172 targetRsrp=-86.3436 targetLoadReal=15/20 targetLoadEff=16/20
UE 108 TTT_WAIT target=8 elapsed=0s need=2s
UE 110 TTT_WAIT target=7 elapsed=0s need=2s
UE 111 TTT_WAIT target=3 elapsed=0s need=2s
UE 112 TTT_WAIT target=3 elapsed=0s need=2s
LM HO UE=115 rnti=102 5->4 type=TN servingRsrp=-113.138 targetRsrp=-105.235 targetLoadReal=9/20 targetLoadEff=11/20
UE 125 TTT_WAIT target=2 elapsed=0s need=2s
UE 128 TTT_WAIT target=5 elapsed=0s need=2s
UE 129 TTT_WAIT target=12 elapsed=0s need=2s
UE 131 TTT_WAIT target=4 elapsed=0s need=2s
UE 132 TTT_WAIT target=7 elapsed=0s need=2s
UE 133 TTT_WAIT target=6 elapsed=0s need=2s
UE 135 TTT_WAIT target=5 elapsed=0s need=2s
UE 138 TTT_WAIT target=1 elapsed=0s need=2s
UE 139 TTT_WAIT target=7 elapsed=0s need=2s
UE 140 TTT_WAIT target=5 elapsed=0s need=2s
UE 141 TTT_WAIT target=1 elapsed=0s need=2s
LM HO UE=142 rnti=112 12->5 type=TN servingRsrp=-127.736 targetRsrp=-97.3304 targetLoadReal=17/20 targetLoadEff=17/20
UE 145 TTT_WAIT target=5 elapsed=0s need=2s
UE 146 TTT_WAIT target=6 elapsed=0s need=2s
UE 147 TTT_WAIT target=5 elapsed=0s need=2s
UE 148 TTT_WAIT target=8 elapsed=0s need=2s
LM HO UE=150 rnti=99 8->1 type=TN servingRsrp=-123.665 targetRsrp=-115.574 targetLoadReal=14/20 targetLoadEff=14/20
UE 151 TTT_WAIT target=6 elapsed=0s need=2s
UE 155 TTT_WAIT target=1 elapsed=0s need=2s
UE 156 TTT_WAIT target=8 elapsed=0s need=2s
LM HO UE=157 rnti=133 5->2 type=TN servingRsrp=-118.47 targetRsrp=-99.3169 targetLoadReal=15/20 targetLoadEff=17/20
UE 158 TTT_WAIT target=1 elapsed=0s need=2s
UE 161 TTT_WAIT target=2 elapsed=0s need=2s
UE 164 TTT_WAIT target=6 elapsed=0s need=2s
UE 166 TTT_WAIT target=3 elapsed=0s need=2s
UE 167 TTT_WAIT target=7 elapsed=0s need=2s
UE 168 TTT_WAIT target=2 elapsed=0s need=2s
UE 170 TTT_WAIT target=1 elapsed=0s need=2s
UE 174 TTT_WAIT target=3 elapsed=0s need=2s
UE 175 TTT_WAIT target=5 elapsed=0s need=2s
UE 176 TTT_WAIT target=8 elapsed=0s need=2s
UE 179 TTT_WAIT target=4 elapsed=0s need=2s
UE 180 TTT_WAIT target=6 elapsed=0s need=2s
UE 182 TTT_WAIT target=6 elapsed=0s need=2s
UE 184 TTT_WAIT target=6 elapsed=0s need=2s
UE 186 TTT_WAIT target=2 elapsed=0s need=2s
UE 190 TTT_WAIT target=5 elapsed=0s need=2s
UE 191 TTT_WAIT target=14 elapsed=0s need=2s
UE 193 TTT_WAIT target=7 elapsed=0s need=2s
UE 196 TTT_WAIT target=8 elapsed=0s need=2s
UE 199 TTT_WAIT target=6 elapsed=0s need=2s
LM HO UE=200 rnti=100 8->2 type=TN servingRsrp=-119.092 targetRsrp=-66.8971 targetLoadReal=15/20 targetLoadEff=18/20
UE 204 TTT_WAIT target=3 elapsed=0s need=2s
UE 205 TTT_WAIT target=14 elapsed=0s need=2s
UE 208 TTT_WAIT target=5 elapsed=0s need=2s
UE 211 TTT_WAIT target=3 elapsed=0s need=2s
UE 212 TTT_WAIT target=6 elapsed=0s need=2s
UE 216 TTT_WAIT target=1 elapsed=0s need=2s
UE 217 TTT_WAIT target=5 elapsed=0s need=2s
UE 218 TTT_WAIT target=2 elapsed=0s need=2s
UE 219 TTT_WAIT target=6 elapsed=0s need=2s
LM HO UE=222 rnti=72 7->1 type=TN servingRsrp=-106.727 targetRsrp=-99.419 targetLoadReal=14/20 targetLoadEff=15/20
UE 223 TTT_WAIT target=8 elapsed=0s need=2s
UE 224 TTT_WAIT target=13 elapsed=0s need=2s
UE 225 TTT_WAIT target=8 elapsed=0s need=2s
UE 228 TTT_WAIT target=10 elapsed=0s need=2s
UE 229 TTT_WAIT target=5 elapsed=0s need=2s
UE 230 TTT_WAIT target=13 elapsed=0s need=2s
UE 231 TTT_WAIT target=7 elapsed=0s need=2s
UE 233 TTT_WAIT target=5 elapsed=0s need=2s
LM HO UE=234 rnti=104 8->1 type=TN servingRsrp=-113.345 targetRsrp=-108.683 targetLoadReal=14/20 targetLoadEff=16/20
UE 236 TTT_WAIT target=5 elapsed=0s need=2s
UE 237 TTT_WAIT target=12 elapsed=0s need=2s
UE 239 TTT_WAIT target=5 elapsed=0s need=2s
UE 240 TTT_WAIT target=4 elapsed=0s need=2s
LM HO_FAIL_LOW_RSRP UE=241 currCell=6 candCell=5 candRsrp=-120.81 < min=-120
LM HO UE=243 rnti=114 5->2 type=TN servingRsrp=-106.015 targetRsrp=-102.674 targetLoadReal=15/20 targetLoadEff=19/20
---- LOAD at t=72.5 ----
  cell 1 (TN) load=16/20
  cell 2 (TN) load=20/20
  cell 3 (TN) load=18/20
  cell 4 (TN) load=13/20
  cell 5 (TN) load=13/20
  cell 6 (TN) load=16/20
  cell 7 (TN) load=17/20
  cell 8 (TN) load=14/20
  cell 9 (NTN) load=8/10
  cell 10 (NTN) load=10/10
  cell 11 (NTN) load=10/10
  cell 12 (NTN) load=9/10
  cell 13 (NTN) load=8/10
  cell 14 (NTN) load=9/10
UE 16 TTT_WAIT target=3 elapsed=0s need=2s
UE 17 TTT_WAIT target=6 elapsed=0s need=2s
UE 19 TTT_WAIT target=3 elapsed=0s need=2s
UE 25 TTT_WAIT target=7 elapsed=0s need=2s
UE 27 TTT_WAIT target=4 elapsed=0s need=2s
UE 29 TTT_WAIT target=6 elapsed=0s need=2s
UE 31 TTT_WAIT target=4 elapsed=0s need=2s
UE 32 TTT_WAIT target=6 elapsed=0s need=2s
LM HO UE=34 rnti=127 10->1 type=TN servingRsrp=-117.098 targetRsrp=-108.222 targetLoadReal=16/20 targetLoadEff=16/20
UE 36 TTT_WAIT target=13 elapsed=0s need=2s
UE 38 TTT_WAIT target=9 elapsed=0s need=2s
UE 40 TTT_WAIT target=8 elapsed=0s need=2s
LM HO UE=41 rnti=79 12->3 type=TN servingRsrp=-119.523 targetRsrp=-101.673 targetLoadReal=18/20 targetLoadEff=18/20
UE 43 TTT_WAIT target=12 elapsed=0s need=2s
UE 44 TTT_WAIT target=13 elapsed=0s need=2s
UE 45 TTT_WAIT target=8 elapsed=0s need=2s
UE 46 TTT_WAIT target=5 elapsed=0s need=2s
LM HO UE=47 rnti=113 1->4 type=TN servingRsrp=-122.702 targetRsrp=-87.9876 targetLoadReal=13/20 targetLoadEff=13/20
UE 49 TTT_WAIT target=5 elapsed=0s need=2s
UE 51 TTT_WAIT target=9 elapsed=0s need=2s
UE 52 TTT_WAIT target=13 elapsed=0s need=2s
LM HO UE=53 rnti=98 8->4 type=TN servingRsrp=-129.302 targetRsrp=-72.1597 targetLoadReal=13/20 targetLoadEff=14/20
UE 54 TTT_WAIT target=13 elapsed=0s need=2s
UE 56 TTT_WAIT target=1 elapsed=0s need=2s
UE 62 TTT_WAIT target=6 elapsed=0s need=2s
UE 64 TTT_WAIT target=5 elapsed=0s need=2s
UE 67 TTT_WAIT target=7 elapsed=0s need=2s
UE 68 TTT_WAIT target=7 elapsed=0s need=2s
UE 70 TTT_WAIT target=9 elapsed=0s need=2s
UE 71 TTT_WAIT target=4 elapsed=0s need=2s
UE 72 TTT_WAIT target=6 elapsed=0s need=2s
UE 75 TTT_WAIT target=3 elapsed=0s need=2s
UE 76 TTT_WAIT target=3 elapsed=0s need=2s
UE 78 TTT_WAIT target=5 elapsed=0s need=2s
UE 80 TTT_WAIT target=8 elapsed=0s need=2s
UE 84 TTT_WAIT target=7 elapsed=0s need=2s
LM HO UE=86 rnti=81 6->7 type=TN servingRsrp=-121.868 targetRsrp=-114.055 targetLoadReal=17/20 targetLoadEff=17/20
UE 90 TTT_WAIT target=8 elapsed=0s need=2s
UE 92 TTT_WAIT target=3 elapsed=0s need=2s
UE 93 TTT_WAIT target=6 elapsed=0s need=2s
UE 99 TTT_WAIT target=4 elapsed=0s need=2s
UE 101 TTT_WAIT target=8 elapsed=0s need=2s
UE 102 TTT_WAIT target=3 elapsed=0s need=2s
UE 103 TTT_WAIT target=8 elapsed=0s need=2s
UE 104 TTT_WAIT target=4 elapsed=0s need=2s
UE 105 TTT_WAIT target=3 elapsed=0s need=2s
UE 108 TTT_WAIT target=4 elapsed=0s need=2s
UE 110 TTT_WAIT target=1 elapsed=0s need=2s
UE 111 TTT_WAIT target=7 elapsed=0s need=2s
LM HO UE=112 rnti=56 1->3 type=TN servingRsrp=-111.195 targetRsrp=-98.3551 targetLoadReal=18/20 targetLoadEff=19/20
UE 115 TTT_WAIT target=8 elapsed=0s need=2s
UE 121 TTT_WAIT target=12 elapsed=0s need=2s
UE 125 TTT_WAIT target=4 elapsed=0s need=2s
UE 127 TTT_WAIT target=6 elapsed=0s need=2s
LM HO UE=128 rnti=64 11->5 type=TN servingRsrp=-123.774 targetRsrp=-86.3937 targetLoadReal=13/20 targetLoadEff=13/20
UE 130 TTT_WAIT target=1 elapsed=0s need=2s
UE 131 TTT_WAIT target=5 elapsed=0s need=2s
LM HO UE=132 rnti=115 1->7 type=TN servingRsrp=-124.989 targetRsrp=-108.026 targetLoadReal=17/20 targetLoadEff=18/20
LM HO UE=133 rnti=29 9->6 type=TN servingRsrp=-107.755 targetRsrp=-79.4005 targetLoadReal=16/20 targetLoadEff=16/20
LM HO UE=135 rnti=74 2->5 type=TN servingRsrp=-110.845 targetRsrp=-91.7236 targetLoadReal=13/20 targetLoadEff=14/20
UE 137 TTT_WAIT target=5 elapsed=0s need=2s
LM HO UE=138 rnti=23 6->1 type=TN servingRsrp=-102.876 targetRsrp=-85.8276 targetLoadReal=16/20 targetLoadEff=17/20
UE 139 TTT_WAIT target=12 elapsed=0s need=2s
LM HO UE=140 rnti=61 2->5 type=TN servingRsrp=-111.558 targetRsrp=-92.3479 targetLoadReal=13/20 targetLoadEff=15/20
LM HO UE=141 rnti=103 11->1 type=TN servingRsrp=-113.11 targetRsrp=-105.322 targetLoadReal=16/20 targetLoadEff=18/20
UE 142 TTT_WAIT target=12 elapsed=0s need=2s
UE 143 TTT_WAIT target=4 elapsed=0s need=2s
UE 145 TTT_WAIT target=8 elapsed=0s need=2s
UE 146 TTT_WAIT target=4 elapsed=0s need=2s
LM HO_FAIL_LOW_RSRP UE=147 currCell=3 candCell=13 candRsrp=-124.091 < min=-120
UE 148 TTT_WAIT target=4 elapsed=0s need=2s
UE 149 TTT_WAIT target=9 elapsed=0s need=2s
UE 150 TTT_WAIT target=6 elapsed=0s need=2s
UE 153 TTT_WAIT target=7 elapsed=0s need=2s
UE 155 TTT_WAIT target=5 elapsed=0s need=2s
UE 156 TTT_WAIT target=5 elapsed=0s need=2s
UE 157 TTT_WAIT target=4 elapsed=0s need=2s
LM HO UE=158 rnti=23 10->1 type=TN servingRsrp=-118.636 targetRsrp=-78.509 targetLoadReal=16/20 targetLoadEff=19/20
UE 159 TTT_WAIT target=6 elapsed=0s need=2s
UE 161 TTT_WAIT target=6 elapsed=0s need=2s
UE 162 TTT_WAIT target=5 elapsed=0s need=2s
UE 163 TTT_WAIT target=8 elapsed=0s need=2s
UE 165 TTT_WAIT target=4 elapsed=0s need=2s
UE 166 TTT_WAIT target=9 elapsed=0s need=2s
UE 167 TTT_WAIT target=8 elapsed=0s need=2s
UE 168 TTT_WAIT target=14 elapsed=0s need=2s
UE 170 TTT_WAIT target=8 elapsed=0s need=2s
UE 174 TTT_WAIT target=8 elapsed=0s need=2s
UE 175 TTT_WAIT target=8 elapsed=0s need=2s
UE 177 TTT_WAIT target=8 elapsed=0s need=2s
LM HO UE=179 rnti=39 7->4 type=TN servingRsrp=-110.821 targetRsrp=-89.2776 targetLoadReal=13/20 targetLoadEff=15/20
LM HO UE=180 rnti=114 1->6 type=TN servingRsrp=-85.1722 targetRsrp=-82.2191 targetLoadReal=16/20 targetLoadEff=17/20
UE 182 TTT_WAIT target=12 elapsed=0s need=2s
UE 184 TTT_WAIT target=5 elapsed=0s need=2s
UE 186 TTT_WAIT target=6 elapsed=0s need=2s
UE 188 TTT_WAIT target=5 elapsed=0s need=2s
LM HO UE=191 rnti=47 12->14 type=NTN servingRsrp=-106.202 targetRsrp=-86.7404 targetLoadReal=9/10 targetLoadEff=9/10
LM HO UE=193 rnti=103 8->7 type=TN servingRsrp=-127.715 targetRsrp=-103.207 targetLoadReal=17/20 targetLoadEff=19/20
UE 194 TTT_WAIT target=4 elapsed=0s need=2s
UE 195 TTT_WAIT target=6 elapsed=0s need=2s
UE 196 TTT_WAIT target=6 elapsed=0s need=2s
UE 198 TTT_WAIT target=6 elapsed=0s need=2s
UE 200 TTT_WAIT target=8 elapsed=0s need=2s
UE 204 TTT_WAIT target=13 elapsed=0s need=2s
UE 205 TTT_WAIT target=12 elapsed=0s need=2s
UE 207 TTT_WAIT target=9 elapsed=0s need=2s
LM HO UE=208 rnti=96 3->5 type=TN servingRsrp=-122.946 targetRsrp=-65.571 targetLoadReal=13/20 targetLoadEff=16/20
UE 210 TTT_WAIT target=4 elapsed=0s need=2s
UE 211 TTT_WAIT target=5 elapsed=0s need=2s
LM HO UE=212 rnti=101 8->6 type=TN servingRsrp=-123.015 targetRsrp=-118.874 targetLoadReal=16/20 targetLoadEff=18/20
UE 214 TTT_WAIT target=8 elapsed=0s need=2s
UE 216 TTT_WAIT target=4 elapsed=0s need=2s
UE 217 TTT_WAIT target=12 elapsed=0s need=2s
UE 219 TTT_WAIT target=12 elapsed=0s need=2s
UE 222 TTT_WAIT target=13 elapsed=0s need=2s
UE 224 TTT_WAIT target=6 elapsed=0s need=2s
UE 225 TTT_WAIT target=5 elapsed=0s need=2s
LM HO UE=229 rnti=43 11->5 type=TN servingRsrp=-130.002 targetRsrp=-85.1992 targetLoadReal=13/20 targetLoadEff=17/20
UE 230 TTT_WAIT target=4 elapsed=0s need=2s
UE 233 TTT_WAIT target=4 elapsed=0s need=2s
UE 234 TTT_WAIT target=4 elapsed=0s need=2s
LM HO_FAIL_LOW_RSRP UE=236 currCell=7 candCell=12 candRsrp=-146.139 < min=-120
UE 241 TTT_WAIT target=5 elapsed=0s need=2s
UE 242 TTT_WAIT target=8 elapsed=0s need=2s
UE 243 TTT_WAIT target=6 elapsed=0s need=2s
---- LOAD at t=77.5 ----
  cell 1 (TN) load=16/20
  cell 2 (TN) load=18/20
  cell 3 (TN) load=19/20
  cell 4 (TN) load=16/20
  cell 5 (TN) load=19/20
  cell 6 (TN) load=17/20
  cell 7 (TN) load=19/20
  cell 8 (TN) load=11/20
  cell 9 (NTN) load=7/10
  cell 10 (NTN) load=9/10
  cell 11 (NTN) load=8/10
  cell 12 (NTN) load=8/10
  cell 13 (NTN) load=8/10
  cell 14 (NTN) load=10/10
LM HO_FAIL_LOW_RSRP UE=15 currCell=2 candCell=7 candRsrp=-120.93 < min=-120
UE 16 TTT_WAIT target=7 elapsed=0s need=2s
UE 17 TTT_WAIT target=3 elapsed=0s need=2s
UE 18 TTT_WAIT target=2 elapsed=0s need=2s
LM HO UE=19 rnti=63 11->3 type=TN servingRsrp=-123.475 targetRsrp=-85.8929 targetLoadReal=19/20 targetLoadEff=19/20
UE 20 TTT_WAIT target=8 elapsed=0s need=2s
UE 23 TTT_WAIT target=7 elapsed=0s need=2s
UE 24 TTT_WAIT target=5 elapsed=0s need=2s
UE 25 TTT_WAIT target=8 elapsed=0s need=2s
UE 26 TTT_WAIT target=6 elapsed=0s need=2s
UE 29 TTT_WAIT target=4 elapsed=0s need=2s
UE 31 TTT_WAIT target=1 elapsed=0s need=2s
UE 32 TTT_WAIT target=8 elapsed=0s need=2s
UE 34 TTT_WAIT target=7 elapsed=0s need=2s
UE 38 TTT_WAIT target=5 elapsed=0s need=2s
UE 39 TTT_WAIT target=8 elapsed=0s need=2s
UE 40 TTT_WAIT target=6 elapsed=0s need=2s
UE 41 TTT_WAIT target=7 elapsed=0s need=2s
UE 43 TTT_WAIT target=5 elapsed=0s need=2s
UE 44 TTT_WAIT target=1 elapsed=0s need=2s
UE 45 TTT_WAIT target=2 elapsed=0s need=2s
LM HO UE=46 rnti=94 3->5 type=TN servingRsrp=-84.5271 targetRsrp=-70.8892 targetLoadReal=19/20 targetLoadEff=19/20
UE 47 TTT_WAIT target=6 elapsed=0s need=2s
UE 50 TTT_WAIT target=7 elapsed=0s need=2s
UE 51 TTT_WAIT target=7 elapsed=0s need=2s
UE 53 TTT_WAIT target=8 elapsed=0s need=2s
UE 54 TTT_WAIT target=8 elapsed=0s need=2s
UE 58 TTT_WAIT target=4 elapsed=0s need=2s
UE 62 TTT_WAIT target=2 elapsed=0s need=2s
UE 63 TTT_WAIT target=6 elapsed=0s need=2s
UE 67 TTT_WAIT target=4 elapsed=0s need=2s
UE 70 TTT_WAIT target=1 elapsed=0s need=2s
UE 71 TTT_WAIT target=8 elapsed=0s need=2s
UE 72 TTT_WAIT target=1 elapsed=0s need=2s
UE 75 TTT_WAIT target=4 elapsed=0s need=2s
UE 76 TTT_WAIT target=11 elapsed=0s need=2s
UE 77 TTT_WAIT target=9 elapsed=0s need=2s
UE 78 TTT_WAIT target=9 elapsed=0s need=2s
UE 86 TTT_WAIT target=12 elapsed=0s need=2s
UE 90 TTT_WAIT target=1 elapsed=0s need=2s
UE 91 TTT_WAIT target=1 elapsed=0s need=2s
UE 93 TTT_WAIT target=1 elapsed=0s need=2s
UE 95 TTT_WAIT target=13 elapsed=0s need=2s
UE 96 TTT_WAIT target=6 elapsed=0s need=2s
LM HO_FAIL_LOW_RSRP UE=97 currCell=2 candCell=9 candRsrp=-123.264 < min=-120
UE 99 TTT_WAIT target=8 elapsed=0s need=2s
UE 101 TTT_WAIT target=4 elapsed=0s need=2s
LM HO UE=103 rnti=63 2->8 type=TN servingRsrp=-131.44 targetRsrp=-104.976 targetLoadReal=11/20 targetLoadEff=11/20
LM HO UE=104 rnti=159 7->4 type=TN servingRsrp=-132.932 targetRsrp=-77.0293 targetLoadReal=16/20 targetLoadEff=16/20
UE 105 TTT_WAIT target=13 elapsed=0s need=2s
UE 106 TTT_WAIT target=8 elapsed=0s need=2s
UE 108 TTT_WAIT target=10 elapsed=0s need=2s
UE 109 TTT_WAIT target=6 elapsed=0s need=2s
UE 110 TTT_WAIT target=2 elapsed=0s need=2s
UE 111 TTT_WAIT target=2 elapsed=0s need=2s
UE 112 TTT_WAIT target=2 elapsed=0s need=2s
UE 115 TTT_WAIT target=10 elapsed=0s need=2s
UE 121 TTT_WAIT target=1 elapsed=0s need=2s
UE 128 TTT_WAIT target=8 elapsed=0s need=2s
UE 130 TTT_WAIT target=7 elapsed=0s need=2s
UE 131 TTT_WAIT target=8 elapsed=0s need=2s
UE 133 TTT_WAIT target=1 elapsed=0s need=2s
UE 135 TTT_WAIT target=9 elapsed=0s need=2s
LM HO_FAIL_LOW_RSRP UE=137 currCell=12 candCell=11 candRsrp=-120.447 < min=-120
UE 138 TTT_WAIT target=2 elapsed=0s need=2s
UE 139 TTT_WAIT target=6 elapsed=0s need=2s
UE 140 TTT_WAIT target=2 elapsed=0s need=2s
LM HO_FAIL_LOW_RSRP UE=141 currCell=1 candCell=8 candRsrp=-138.59 < min=-120
UE 142 TTT_WAIT target=2 elapsed=0s need=2s
LM HO_FAIL_LOW_RSRP UE=143 currCell=9 candCell=13 candRsrp=-124.293 < min=-120
UE 144 TTT_WAIT target=6 elapsed=0s need=2s
LM HO_FAIL_LOW_RSRP UE=145 currCell=14 candCell=11 candRsrp=-126.828 < min=-120
UE 148 TTT_WAIT target=8 elapsed=0s need=2s
UE 150 TTT_WAIT target=2 elapsed=0s need=2s
UE 151 TTT_WAIT target=6 elapsed=0s need=2s
UE 153 TTT_WAIT target=2 elapsed=0s need=2s
UE 155 TTT_WAIT target=4 elapsed=0s need=2s
UE 156 TTT_WAIT target=10 elapsed=0s need=2s
UE 159 TTT_WAIT target=4 elapsed=0s need=2s
LM HO_FAIL_LOW_RSRP UE=161 currCell=5 candCell=11 candRsrp=-126.249 < min=-120
UE 163 TTT_WAIT target=1 elapsed=0s need=2s
LM HO UE=165 rnti=81 8->4 type=TN servingRsrp=-84.1327 targetRsrp=-74.6934 targetLoadReal=16/20 targetLoadEff=17/20
UE 166 TTT_WAIT target=8 elapsed=0s need=2s
UE 168 TTT_WAIT target=4 elapsed=0s need=2s
LM HO UE=170 rnti=104 10->8 type=TN servingRsrp=-128.657 targetRsrp=-96.1476 targetLoadReal=11/20 targetLoadEff=12/20
UE 172 TTT_WAIT target=8 elapsed=0s need=2s
LM HO UE=174 rnti=30 14->8 type=TN servingRsrp=-113.277 targetRsrp=-107.086 targetLoadReal=11/20 targetLoadEff=13/20
UE 176 TTT_WAIT target=8 elapsed=0s need=2s
UE 177 TTT_WAIT target=7 elapsed=0s need=2s
UE 179 TTT_WAIT target=7 elapsed=0s need=2s
UE 180 TTT_WAIT target=1 elapsed=0s need=2s
UE 184 TTT_WAIT target=8 elapsed=0s need=2s
UE 186 TTT_WAIT target=1 elapsed=0s need=2s
UE 188 TTT_WAIT target=4 elapsed=0s need=2s
UE 190 TTT_WAIT target=9 elapsed=0s need=2s
UE 193 TTT_WAIT target=8 elapsed=0s need=2s
LM HO UE=194 rnti=148 7->4 type=TN servingRsrp=-121.102 targetRsrp=-118.061 targetLoadReal=16/20 targetLoadEff=18/20
UE 195 TTT_WAIT target=7 elapsed=0s need=2s
UE 196 TTT_WAIT target=8 elapsed=0s need=2s
UE 198 TTT_WAIT target=1 elapsed=0s need=2s
UE 199 TTT_WAIT target=11 elapsed=0s need=2s
UE 200 TTT_WAIT target=1 elapsed=0s need=2s
UE 202 TTT_WAIT target=11 elapsed=0s need=2s
UE 204 TTT_WAIT target=1 elapsed=0s need=2s
UE 206 TTT_WAIT target=4 elapsed=0s need=2s
UE 207 TTT_WAIT target=6 elapsed=0s need=2s
UE 209 TTT_WAIT target=8 elapsed=0s need=2s
UE 210 TTT_WAIT target=2 elapsed=0s need=2s
UE 211 TTT_WAIT target=1 elapsed=0s need=2s
UE 212 TTT_WAIT target=7 elapsed=0s need=2s
UE 214 TTT_WAIT target=7 elapsed=0s need=2s
UE 216 TTT_WAIT target=6 elapsed=0s need=2s
UE 217 TTT_WAIT target=4 elapsed=0s need=2s
UE 218 TTT_WAIT target=1 elapsed=0s need=2s
UE 219 TTT_WAIT target=8 elapsed=0s need=2s
UE 221 TTT_WAIT target=1 elapsed=0s need=2s
UE 222 TTT_WAIT target=7 elapsed=0s need=2s
UE 223 TTT_WAIT target=10 elapsed=0s need=2s
LM HO UE=224 rnti=62 2->6 type=TN servingRsrp=-115.878 targetRsrp=-86.2761 targetLoadReal=17/20 targetLoadEff=17/20
UE 225 TTT_WAIT target=4 elapsed=0s need=2s
UE 228 TTT_WAIT target=4 elapsed=0s need=2s
UE 229 TTT_WAIT target=2 elapsed=0s need=2s
UE 230 TTT_WAIT target=8 elapsed=0s need=2s
UE 231 TTT_WAIT target=7 elapsed=0s need=2s
UE 233 TTT_WAIT target=13 elapsed=0s need=2s
UE 234 TTT_WAIT target=10 elapsed=0s need=2s
UE 236 TTT_WAIT target=10 elapsed=0s need=2s
UE 239 TTT_WAIT target=4 elapsed=0s need=2s
UE 241 TTT_WAIT target=2 elapsed=0s need=2s
LM HO UE=243 rnti=88 2->6 type=TN servingRsrp=-138.097 targetRsrp=-110.632 targetLoadReal=17/20 targetLoadEff=18/20
UE 244 TTT_WAIT target=8 elapsed=0s need=2s
---- LOAD at t=82.5 ----
  cell 1 (TN) load=16/20
  cell 2 (TN) load=15/20
  cell 3 (TN) load=19/20
  cell 4 (TN) load=19/20
  cell 5 (TN) load=20/20
  cell 6 (TN) load=19/20
  cell 7 (TN) load=17/20
  cell 8 (TN) load=13/20
  cell 9 (NTN) load=7/10
  cell 10 (NTN) load=9/10
  cell 11 (NTN) load=10/10
  cell 12 (NTN) load=8/10
  cell 13 (NTN) load=9/10
  cell 14 (NTN) load=10/10
UE 15 TTT_WAIT target=4 elapsed=0s need=2s
UE 16 TTT_WAIT target=8 elapsed=0s need=2s
UE 17 TTT_WAIT target=4 elapsed=0s need=2s
LM HO UE=18 rnti=86 1->2 type=TN servingRsrp=-108.816 targetRsrp=-73.8744 targetLoadReal=15/20 targetLoadEff=15/20
LM HO UE=20 rnti=64 3->8 type=TN servingRsrp=-115.981 targetRsrp=-87.4287 targetLoadReal=13/20 targetLoadEff=13/20
UE 23 TTT_WAIT target=1 elapsed=0s need=2s
UE 24 TTT_WAIT target=2 elapsed=0s need=2s
UE 25 TTT_WAIT target=1 elapsed=0s need=2s
UE 26 TTT_WAIT target=4 elapsed=0s need=2s
UE 29 TTT_WAIT target=6 elapsed=0s need=2s
UE 31 TTT_WAIT target=7 elapsed=0s need=2s
UE 32 TTT_WAIT target=10 elapsed=0s need=2s
UE 33 TTT_WAIT target=6 elapsed=0s need=2s
UE 34 TTT_WAIT target=4 elapsed=0s need=2s
UE 36 TTT_WAIT target=3 elapsed=0s need=2s
UE 38 TTT_WAIT target=6 elapsed=0s need=2s
UE 39 TTT_WAIT target=3 elapsed=0s need=2s
UE 40 TTT_WAIT target=7 elapsed=0s need=2s
UE 43 TTT_WAIT target=9 elapsed=0s need=2s
LM HO UE=45 rnti=32 6->2 type=TN servingRsrp=-99.9606 targetRsrp=-81.0827 targetLoadReal=15/20 targetLoadEff=16/20
UE 46 TTT_WAIT target=4 elapsed=0s need=2s
UE 47 TTT_WAIT target=7 elapsed=0s need=2s
UE 48 TTT_WAIT target=3 elapsed=0s need=2s
UE 49 TTT_WAIT target=9 elapsed=0s need=2s
UE 50 TTT_WAIT target=4 elapsed=0s need=2s
UE 52 TTT_WAIT target=2 elapsed=0s need=2s
UE 56 TTT_WAIT target=6 elapsed=0s need=2s
UE 58 TTT_WAIT target=6 elapsed=0s need=2s
UE 63 TTT_WAIT target=3 elapsed=0s need=2s
UE 64 TTT_WAIT target=1 elapsed=0s need=2s
UE 67 TTT_WAIT target=3 elapsed=0s need=2s
UE 68 TTT_WAIT target=2 elapsed=0s need=2s
UE 71 TTT_WAIT target=9 elapsed=0s need=2s
UE 72 TTT_WAIT target=6 elapsed=0s need=2s
UE 75 TTT_WAIT target=6 elapsed=0s need=2s
UE 76 TTT_WAIT target=6 elapsed=0s need=2s
UE 77 TTT_WAIT target=2 elapsed=0s need=2s
UE 82 TTT_WAIT target=8 elapsed=0s need=2s
UE 84 TTT_WAIT target=7 elapsed=0s need=2s
LM HO_FAIL_LOW_RSRP UE=86 currCell=7 candCell=9 candRsrp=-129.235 < min=-120
UE 87 TTT_WAIT target=10 elapsed=0s need=2s
LM HO UE=91 rnti=48 4->1 type=TN servingRsrp=-116.241 targetRsrp=-84.4669 targetLoadReal=16/20 targetLoadEff=16/20
UE 93 TTT_WAIT target=7 elapsed=0s need=2s
UE 94 TTT_WAIT target=6 elapsed=0s need=2s
UE 95 TTT_WAIT target=4 elapsed=0s need=2s
UE 96 TTT_WAIT target=2 elapsed=0s need=2s
UE 99 TTT_WAIT target=4 elapsed=0s need=2s
LM HO UE=101 rnti=71 6->4 type=TN servingRsrp=-120.742 targetRsrp=-69.9225 targetLoadReal=19/20 targetLoadEff=19/20
UE 102 TTT_WAIT target=13 elapsed=0s need=2s
UE 103 TTT_WAIT target=1 elapsed=0s need=2s
UE 105 TTT_WAIT target=3 elapsed=0s need=2s
UE 107 TTT_WAIT target=7 elapsed=0s need=2s
LM HO UE=111 rnti=62 6->2 type=TN servingRsrp=-113.432 targetRsrp=-82.5664 targetLoadReal=15/20 targetLoadEff=17/20
UE 112 TTT_WAIT target=8 elapsed=0s need=2s
UE 113 TTT_WAIT target=10 elapsed=0s need=2s
UE 115 TTT_WAIT target=3 elapsed=0s need=2s
UE 121 TTT_WAIT target=8 elapsed=0s need=2s
UE 123 TTT_WAIT target=3 elapsed=0s need=2s
UE 126 TTT_WAIT target=3 elapsed=0s need=2s
UE 128 TTT_WAIT target=6 elapsed=0s need=2s
UE 130 TTT_WAIT target=2 elapsed=0s need=2s
UE 132 TTT_WAIT target=2 elapsed=0s need=2s
UE 133 TTT_WAIT target=3 elapsed=0s need=2s
UE 135 TTT_WAIT target=2 elapsed=0s need=2s
UE 138 TTT_WAIT target=6 elapsed=0s need=2s
UE 140 TTT_WAIT target=1 elapsed=0s need=2s
UE 141 TTT_WAIT target=3 elapsed=0s need=2s
UE 142 TTT_WAIT target=8 elapsed=0s need=2s
UE 143 TTT_WAIT target=10 elapsed=0s need=2s
LM HO UE=144 rnti=32 4->6 type=TN servingRsrp=-104.774 targetRsrp=-91.0098 targetLoadReal=19/20 targetLoadEff=19/20
LM HO_FAIL_LOW_RSRP UE=145 currCell=14 candCell=12 candRsrp=-129.965 < min=-120
UE 146 TTT_WAIT target=2 elapsed=0s need=2s
LM HO_FAIL_LOW_RSRP UE=147 currCell=3 candCell=13 candRsrp=-121.247 < min=-120
LM HO UE=148 rnti=119 1->8 type=TN servingRsrp=-108.956 targetRsrp=-67.335 targetLoadReal=13/20 targetLoadEff=14/20
UE 149 TTT_WAIT target=8 elapsed=0s need=2s
UE 150 TTT_WAIT target=13 elapsed=0s need=2s
UE 151 TTT_WAIT target=1 elapsed=0s need=2s
UE 155 TTT_WAIT target=1 elapsed=0s need=2s
UE 156 TTT_WAIT target=3 elapsed=0s need=2s
UE 157 TTT_WAIT target=1 elapsed=0s need=2s
UE 159 TTT_WAIT target=9 elapsed=0s need=2s
UE 163 TTT_WAIT target=7 elapsed=0s need=2s
UE 165 TTT_WAIT target=8 elapsed=0s need=2s
UE 168 TTT_WAIT target=8 elapsed=0s need=2s
UE 170 TTT_WAIT target=7 elapsed=0s need=2s
UE 172 TTT_WAIT target=13 elapsed=0s need=2s
UE 174 TTT_WAIT target=2 elapsed=0s need=2s
UE 175 TTT_WAIT target=3 elapsed=0s need=2s
UE 179 TTT_WAIT target=1 elapsed=0s need=2s
UE 181 TTT_WAIT target=3 elapsed=0s need=2s
UE 182 TTT_WAIT target=1 elapsed=0s need=2s
UE 186 TTT_WAIT target=2 elapsed=0s need=2s
UE 187 TTT_WAIT target=1 elapsed=0s need=2s
UE 188 TTT_WAIT target=3 elapsed=0s need=2s
UE 190 TTT_WAIT target=3 elapsed=0s need=2s
UE 191 TTT_WAIT target=1 elapsed=0s need=2s
UE 193 TTT_WAIT target=1 elapsed=0s need=2s
UE 194 TTT_WAIT target=8 elapsed=0s need=2s
UE 195 TTT_WAIT target=9 elapsed=0s need=2s
LM HO UE=198 rnti=32 9->1 type=TN servingRsrp=-106.198 targetRsrp=-88.7807 targetLoadReal=16/20 targetLoadEff=17/20
UE 199 TTT_WAIT target=2 elapsed=0s need=2s
UE 204 TTT_WAIT target=3 elapsed=0s need=2s
UE 205 TTT_WAIT target=13 elapsed=0s need=2s
UE 206 TTT_WAIT target=1 elapsed=0s need=2s
UE 210 TTT_WAIT target=8 elapsed=0s need=2s
UE 211 TTT_WAIT target=3 elapsed=0s need=2s
UE 212 TTT_WAIT target=8 elapsed=0s need=2s
UE 213 TTT_WAIT target=2 elapsed=0s need=2s
UE 218 TTT_WAIT target=12 elapsed=0s need=2s
UE 219 TTT_WAIT target=3 elapsed=0s need=2s
UE 222 TTT_WAIT target=2 elapsed=0s need=2s
UE 223 TTT_WAIT target=7 elapsed=0s need=2s
UE 224 TTT_WAIT target=13 elapsed=0s need=2s
LM HO_FAIL_LOW_RSRP UE=225 currCell=9 candCell=13 candRsrp=-123.8 < min=-120
UE 229 TTT_WAIT target=1 elapsed=0s need=2s
UE 230 TTT_WAIT target=3 elapsed=0s need=2s
LM HO UE=231 rnti=75 2->7 type=TN servingRsrp=-128.301 targetRsrp=-74.7724 targetLoadReal=17/20 targetLoadEff=17/20
UE 234 TTT_WAIT target=3 elapsed=0s need=2s
LM HO UE=236 rnti=112 7->10 type=NTN servingRsrp=-96.2222 targetRsrp=-87.838 targetLoadReal=9/10 targetLoadEff=9/10
UE 242 TTT_WAIT target=8 elapsed=0s need=2s
UE 243 TTT_WAIT target=8 elapsed=0s need=2s
UE 244 TTT_WAIT target=7 elapsed=0s need=2s
---- LOAD at t=87.5 ----
  cell 1 (TN) load=16/20
  cell 2 (TN) load=18/20
  cell 3 (TN) load=18/20
  cell 4 (TN) load=18/20
  cell 5 (TN) load=20/20
  cell 6 (TN) load=17/20
  cell 7 (TN) load=18/20
  cell 8 (TN) load=15/20
  cell 9 (NTN) load=6/10
  cell 10 (NTN) load=10/10
  cell 11 (NTN) load=10/10
  cell 12 (NTN) load=8/10
  cell 13 (NTN) load=9/10
  cell 14 (NTN) load=10/10
UE 15 TTT_WAIT target=6 elapsed=0s need=2s
UE 16 TTT_WAIT target=12 elapsed=0s need=2s
UE 17 TTT_WAIT target=3 elapsed=0s need=2s
UE 18 TTT_WAIT target=7 elapsed=0s need=2s
UE 19 TTT_WAIT target=8 elapsed=0s need=2s
UE 20 TTT_WAIT target=3 elapsed=0s need=2s
LM HO UE=24 rnti=97 3->2 type=TN servingRsrp=-110.622 targetRsrp=-92.9023 targetLoadReal=18/20 targetLoadEff=18/20
UE 26 TTT_WAIT target=2 elapsed=0s need=2s
UE 27 TTT_WAIT target=4 elapsed=0s need=2s
LM HO UE=29 rnti=98 3->6 type=TN servingRsrp=-118.43 targetRsrp=-86.8329 targetLoadReal=17/20 targetLoadEff=17/20
UE 32 TTT_WAIT target=4 elapsed=0s need=2s
LM HO UE=33 rnti=49 2->6 type=TN servingRsrp=-95.4645 targetRsrp=-74.3813 targetLoadReal=17/20 targetLoadEff=18/20
UE 34 TTT_WAIT target=7 elapsed=0s need=2s
UE 36 TTT_WAIT target=6 elapsed=0s need=2s
UE 41 TTT_WAIT target=12 elapsed=0s need=2s
UE 44 TTT_WAIT target=1 elapsed=0s need=2s
UE 47 TTT_WAIT target=2 elapsed=0s need=2s
UE 49 TTT_WAIT target=4 elapsed=0s need=2s
UE 50 TTT_WAIT target=2 elapsed=0s need=2s
UE 52 TTT_WAIT target=1 elapsed=0s need=2s
UE 53 TTT_WAIT target=3 elapsed=0s need=2s
UE 54 TTT_WAIT target=7 elapsed=0s need=2s
UE 56 TTT_WAIT target=4 elapsed=0s need=2s
UE 62 TTT_WAIT target=7 elapsed=0s need=2s
UE 63 TTT_WAIT target=12 elapsed=0s need=2s
LM HO UE=64 rnti=105 9->1 type=TN servingRsrp=-122.675 targetRsrp=-89.1037 targetLoadReal=16/20 targetLoadEff=16/20
UE 66 TTT_WAIT target=12 elapsed=0s need=2s
UE 67 TTT_WAIT target=4 elapsed=0s need=2s
UE 68 TTT_WAIT target=3 elapsed=0s need=2s
UE 70 TTT_WAIT target=1 elapsed=0s need=2s
UE 71 TTT_WAIT target=6 elapsed=0s need=2s
UE 72 TTT_WAIT target=8 elapsed=0s need=2s
LM HO UE=75 rnti=98 13->6 type=TN servingRsrp=-126.701 targetRsrp=-99.8849 targetLoadReal=17/20 targetLoadEff=19/20
UE 77 TTT_WAIT target=9 elapsed=0s need=2s
UE 78 TTT_WAIT target=9 elapsed=0s need=2s
UE 84 TTT_WAIT target=2 elapsed=0s need=2s
UE 90 TTT_WAIT target=3 elapsed=0s need=2s
UE 91 TTT_WAIT target=8 elapsed=0s need=2s
UE 92 TTT_WAIT target=13 elapsed=0s need=2s
LM HO UE=93 rnti=84 2->7 type=TN servingRsrp=-114.212 targetRsrp=-86.168 targetLoadReal=18/20 targetLoadEff=18/20
UE 96 TTT_WAIT target=3 elapsed=0s need=2s
UE 97 TTT_WAIT target=1 elapsed=0s need=2s
UE 98 TTT_WAIT target=8 elapsed=0s need=2s
UE 103 TTT_WAIT target=4 elapsed=0s need=2s
UE 105 TTT_WAIT target=13 elapsed=0s need=2s
UE 109 TTT_WAIT target=4 elapsed=0s need=2s
UE 110 TTT_WAIT target=2 elapsed=0s need=2s
UE 112 TTT_WAIT target=7 elapsed=0s need=2s
UE 113 TTT_WAIT target=8 elapsed=0s need=2s
UE 114 TTT_WAIT target=12 elapsed=0s need=2s
LM HO UE=115 rnti=49 4->3 type=TN servingRsrp=-129.28 targetRsrp=-80.6087 targetLoadReal=18/20 targetLoadEff=18/20
UE 121 TTT_WAIT target=3 elapsed=0s need=2s
LM HO UE=130 rnti=22 6->2 type=TN servingRsrp=-105.015 targetRsrp=-70.7435 targetLoadReal=18/20 targetLoadEff=19/20
UE 131 TTT_WAIT target=4 elapsed=0s need=2s
LM HO UE=133 rnti=83 6->3 type=TN servingRsrp=-115.86 targetRsrp=-82.3911 targetLoadReal=18/20 targetLoadEff=19/20
UE 134 TTT_WAIT target=1 elapsed=0s need=2s
UE 135 TTT_WAIT target=1 elapsed=0s need=2s
UE 139 TTT_WAIT target=8 elapsed=0s need=2s
LM HO UE=140 rnti=148 5->1 type=TN servingRsrp=-131.106 targetRsrp=-119.58 targetLoadReal=16/20 targetLoadEff=17/20
LM HO_FAIL_LOW_RSRP UE=141 currCell=1 candCell=12 candRsrp=-132.902 < min=-120
UE 142 TTT_WAIT target=12 elapsed=0s need=2s
UE 143 TTT_WAIT target=13 elapsed=0s need=2s
UE 144 TTT_WAIT target=4 elapsed=0s need=2s
UE 145 TTT_WAIT target=12 elapsed=0s need=2s
UE 146 TTT_WAIT target=4 elapsed=0s need=2s
UE 147 TTT_WAIT target=8 elapsed=0s need=2s
UE 150 TTT_WAIT target=8 elapsed=0s need=2s
LM HO_FAIL_LOW_RSRP UE=151 currCell=7 candCell=9 candRsrp=-130.163 < min=-120
UE 153 TTT_WAIT target=12 elapsed=0s need=2s
LM HO UE=155 rnti=87 8->1 type=TN servingRsrp=-97.2015 targetRsrp=-94.7906 targetLoadReal=16/20 targetLoadEff=18/20
LM HO_FAIL_LOW_RSRP UE=156 currCell=13 candCell=12 candRsrp=-121.441 < min=-120
UE 157 TTT_WAIT target=4 elapsed=0s need=2s
UE 159 TTT_WAIT target=7 elapsed=0s need=2s
UE 160 TTT_WAIT target=12 elapsed=0s need=2s
UE 161 TTT_WAIT target=7 elapsed=0s need=2s
UE 163 TTT_WAIT target=13 elapsed=0s need=2s
LM HO_FAIL_LOW_RSRP UE=164 currCell=1 candCell=9 candRsrp=-133.827 < min=-120
UE 165 TTT_WAIT target=1 elapsed=0s need=2s
LM HO_FAIL_LOW_RSRP UE=166 currCell=5 candCell=12 candRsrp=-126.212 < min=-120
LM HO_FAIL_LOW_RSRP UE=167 currCell=4 candCell=13 candRsrp=-123.993 < min=-120
UE 168 TTT_WAIT target=4 elapsed=0s need=2s
LM HO UE=170 rnti=109 8->7 type=TN servingRsrp=-140.287 targetRsrp=-112.741 targetLoadReal=18/20 targetLoadEff=19/20
UE 172 TTT_WAIT target=4 elapsed=0s need=2s
UE 173 TTT_WAIT target=4 elapsed=0s need=2s
UE 174 TTT_WAIT target=4 elapsed=0s need=2s
UE 176 TTT_WAIT target=9 elapsed=0s need=2s
LM HO_FAIL_LOW_RSRP UE=177 currCell=6 candCell=1 candRsrp=-129.967 < min=-120
UE 179 TTT_WAIT target=8 elapsed=0s need=2s
LM HO_FAIL_LOW_RSRP UE=180 currCell=6 candCell=9 candRsrp=-120.526 < min=-120
UE 181 TTT_WAIT target=1 elapsed=0s need=2s
UE 182 TTT_WAIT target=8 elapsed=0s need=2s
UE 184 TTT_WAIT target=4 elapsed=0s need=2s
UE 186 TTT_WAIT target=1 elapsed=0s need=2s
LM HO_FAIL_LOW_RSRP UE=193 currCell=7 candCell=8 candRsrp=-128.428 < min=-120
UE 194 TTT_WAIT target=1 elapsed=0s need=2s
UE 198 TTT_WAIT target=8 elapsed=0s need=2s
LM HO_FAIL_LOW_RSRP UE=204 currCell=6 candCell=9 candRsrp=-124.398 < min=-120
UE 210 TTT_WAIT target=12 elapsed=0s need=2s
UE 211 TTT_WAIT target=1 elapsed=0s need=2s
UE 213 TTT_WAIT target=8 elapsed=0s need=2s
LM HO_FAIL_LOW_RSRP UE=216 currCell=3 candCell=13 candRsrp=-120.685 < min=-120
UE 217 TTT_WAIT target=1 elapsed=0s need=2s
UE 218 TTT_WAIT target=1 elapsed=0s need=2s
UE 220 TTT_WAIT target=4 elapsed=0s need=2s
UE 221 TTT_WAIT target=1 elapsed=0s need=2s
UE 225 TTT_WAIT target=4 elapsed=0s need=2s
UE 229 TTT_WAIT target=13 elapsed=0s need=2s
UE 230 TTT_WAIT target=8 elapsed=0s need=2s
LM HO_FAIL_LOW_RSRP UE=234 currCell=1 candCell=8 candRsrp=-120.351 < min=-120
UE 239 TTT_WAIT target=4 elapsed=0s need=2s
UE 241 TTT_WAIT target=8 elapsed=0s need=2s
LM HO_FAIL_LOW_RSRP UE=243 currCell=6 candCell=8 candRsrp=-123.246 < min=-120
UE 244 TTT_WAIT target=1 elapsed=0s need=2s
---- LOAD at t=92.5 ----
  cell 1 (TN) load=19/20
  cell 2 (TN) load=18/20
  cell 3 (TN) load=18/20
  cell 4 (TN) load=17/20
  cell 5 (TN) load=20/20
  cell 6 (TN) load=18/20
  cell 7 (TN) load=20/20
  cell 8 (TN) load=13/20
  cell 9 (NTN) load=5/10
  cell 10 (NTN) load=10/10
  cell 11 (NTN) load=10/10
  cell 12 (NTN) load=9/10
  cell 13 (NTN) load=9/10
  cell 14 (NTN) load=10/10
UE 16 TTT_WAIT target=3 elapsed=0s need=2s
LM HO UE=17 rnti=97 8->3 type=TN servingRsrp=-124.236 targetRsrp=-118.293 targetLoadReal=18/20 targetLoadEff=18/20
UE 19 TTT_WAIT target=6 elapsed=0s need=2s
LM HO UE=20 rnti=111 8->3 type=TN servingRsrp=-126.444 targetRsrp=-115.244 targetLoadReal=18/20 targetLoadEff=19/20
UE 23 TTT_WAIT target=12 elapsed=0s need=2s
UE 24 TTT_WAIT target=4 elapsed=0s need=2s
UE 25 TTT_WAIT target=1 elapsed=0s need=2s
UE 26 TTT_WAIT target=4 elapsed=0s need=2s
UE 27 TTT_WAIT target=8 elapsed=0s need=2s
UE 29 TTT_WAIT target=8 elapsed=0s need=2s
UE 31 TTT_WAIT target=9 elapsed=0s need=2s
UE 32 TTT_WAIT target=8 elapsed=0s need=2s
UE 34 TTT_WAIT target=2 elapsed=0s need=2s
UE 36 TTT_WAIT target=1 elapsed=0s need=2s
UE 38 TTT_WAIT target=6 elapsed=0s need=2s
UE 39 TTT_WAIT target=8 elapsed=0s need=2s
UE 40 TTT_WAIT target=6 elapsed=0s need=2s
UE 43 TTT_WAIT target=2 elapsed=0s need=2s
UE 44 TTT_WAIT target=8 elapsed=0s need=2s
UE 47 TTT_WAIT target=1 elapsed=0s need=2s
UE 51 TTT_WAIT target=4 elapsed=0s need=2s
UE 54 TTT_WAIT target=8 elapsed=0s need=2s
UE 55 TTT_WAIT target=6 elapsed=0s need=2s
LM HO UE=56 rnti=60 2->4 type=TN servingRsrp=-117.268 targetRsrp=-87.0127 targetLoadReal=17/20 targetLoadEff=17/20
UE 62 TTT_WAIT target=6 elapsed=0s need=2s
UE 64 TTT_WAIT target=2 elapsed=0s need=2s
UE 65 TTT_WAIT target=8 elapsed=0s need=2s
LM HO UE=67 rnti=88 11->4 type=TN servingRsrp=-119.747 targetRsrp=-94.6911 targetLoadReal=17/20 targetLoadEff=18/20
UE 69 TTT_WAIT target=1 elapsed=0s need=2s
LM HO_FAIL_LOW_RSRP UE=70 currCell=2 candCell=1 candRsrp=-121.226 < min=-120
LM HO UE=72 rnti=45 4->8 type=TN servingRsrp=-118.143 targetRsrp=-87.6896 targetLoadReal=13/20 targetLoadEff=13/20
UE 75 TTT_WAIT target=2 elapsed=0s need=2s
UE 77 TTT_WAIT target=8 elapsed=0s need=2s
UE 84 TTT_WAIT target=6 elapsed=0s need=2s
UE 86 TTT_WAIT target=6 elapsed=0s need=2s
LM HO UE=92 rnti=85 5->13 type=NTN servingRsrp=-110.561 targetRsrp=-116.785 targetLoadReal=9/10 targetLoadEff=9/10
UE 93 TTT_WAIT target=2 elapsed=0s need=2s
UE 94 TTT_WAIT target=9 elapsed=0s need=2s
UE 96 TTT_WAIT target=8 elapsed=0s need=2s
LM HO UE=97 rnti=31 2->1 type=TN servingRsrp=-117.269 targetRsrp=-112.512 targetLoadReal=19/20 targetLoadEff=19/20
UE 99 TTT_WAIT target=4 elapsed=0s need=2s
UE 102 TTT_WAIT target=12 elapsed=0s need=2s
UE 104 TTT_WAIT target=8 elapsed=0s need=2s
UE 105 TTT_WAIT target=4 elapsed=0s need=2s
UE 106 TTT_WAIT target=8 elapsed=0s need=2s
UE 107 TTT_WAIT target=6 elapsed=0s need=2s
UE 108 TTT_WAIT target=8 elapsed=0s need=2s
UE 109 TTT_WAIT target=6 elapsed=0s need=2s
UE 110 TTT_WAIT target=6 elapsed=0s need=2s
UE 111 TTT_WAIT target=6 elapsed=0s need=2s
UE 112 TTT_WAIT target=6 elapsed=0s need=2s
UE 115 TTT_WAIT target=6 elapsed=0s need=2s
UE 117 TTT_WAIT target=8 elapsed=0s need=2s
UE 121 TTT_WAIT target=12 elapsed=0s need=2s
UE 123 TTT_WAIT target=9 elapsed=0s need=2s
UE 125 TTT_WAIT target=4 elapsed=0s need=2s
UE 126 TTT_WAIT target=2 elapsed=0s need=2s
UE 127 TTT_WAIT target=9 elapsed=0s need=2s
UE 128 TTT_WAIT target=2 elapsed=0s need=2s
UE 130 TTT_WAIT target=8 elapsed=0s need=2s
UE 131 TTT_WAIT target=6 elapsed=0s need=2s
UE 132 TTT_WAIT target=2 elapsed=0s need=2s
UE 133 TTT_WAIT target=2 elapsed=0s need=2s
UE 135 TTT_WAIT target=2 elapsed=0s need=2s
UE 140 TTT_WAIT target=6 elapsed=0s need=2s
LM HO_FAIL_LOW_RSRP UE=141 currCell=1 candCell=4 candRsrp=-142.501 < min=-120
LM HO UE=142 rnti=143 5->12 type=NTN servingRsrp=-124.582 targetRsrp=-85.1928 targetLoadReal=9/10 targetLoadEff=9/10
UE 145 TTT_WAIT target=8 elapsed=0s need=2s
UE 146 TTT_WAIT target=6 elapsed=0s need=2s
UE 148 TTT_WAIT target=2 elapsed=0s need=2s
UE 150 TTT_WAIT target=6 elapsed=0s need=2s
UE 151 TTT_WAIT target=6 elapsed=0s need=2s
UE 155 TTT_WAIT target=6 elapsed=0s need=2s
UE 159 TTT_WAIT target=4 elapsed=0s need=2s
UE 160 TTT_WAIT target=2 elapsed=0s need=2s
LM HO_FAIL_LOW_RSRP UE=161 currCell=5 candCell=9 candRsrp=-143.298 < min=-120
UE 162 TTT_WAIT target=6 elapsed=0s need=2s
UE 163 TTT_WAIT target=4 elapsed=0s need=2s
UE 164 TTT_WAIT target=6 elapsed=0s need=2s
UE 166 TTT_WAIT target=8 elapsed=0s need=2s
UE 168 TTT_WAIT target=8 elapsed=0s need=2s
UE 170 TTT_WAIT target=8 elapsed=0s need=2s
UE 173 TTT_WAIT target=6 elapsed=0s need=2s
UE 174 TTT_WAIT target=2 elapsed=0s need=2s
UE 175 TTT_WAIT target=9 elapsed=0s need=2s
UE 176 TTT_WAIT target=8 elapsed=0s need=2s
UE 177 TTT_WAIT target=4 elapsed=0s need=2s
LM HO UE=179 rnti=60 4->8 type=TN servingRsrp=-128.912 targetRsrp=-94.9681 targetLoadReal=13/20 targetLoadEff=14/20
UE 181 TTT_WAIT target=4 elapsed=0s need=2s
LM HO UE=182 rnti=84 3->8 type=TN servingRsrp=-132.759 targetRsrp=-90.0062 targetLoadReal=13/20 targetLoadEff=15/20
UE 183 TTT_WAIT target=4 elapsed=0s need=2s
UE 184 TTT_WAIT target=8 elapsed=0s need=2s
UE 185 TTT_WAIT target=4 elapsed=0s need=2s
UE 186 TTT_WAIT target=6 elapsed=0s need=2s
LM HO_FAIL_LOW_RSRP UE=188 currCell=2 candCell=9 candRsrp=-133.772 < min=-120
UE 190 TTT_WAIT target=8 elapsed=0s need=2s
UE 193 TTT_WAIT target=4 elapsed=0s need=2s
UE 194 TTT_WAIT target=6 elapsed=0s need=2s
UE 195 TTT_WAIT target=2 elapsed=0s need=2s
UE 198 TTT_WAIT target=2 elapsed=0s need=2s
UE 199 TTT_WAIT target=9 elapsed=0s need=2s
UE 204 TTT_WAIT target=9 elapsed=0s need=2s
UE 206 TTT_WAIT target=8 elapsed=0s need=2s
UE 209 TTT_WAIT target=4 elapsed=0s need=2s
UE 211 TTT_WAIT target=2 elapsed=0s need=2s
UE 212 TTT_WAIT target=4 elapsed=0s need=2s
LM HO_FAIL_LOW_RSRP UE=213 currCell=5 candCell=9 candRsrp=-141.573 < min=-120
UE 216 TTT_WAIT target=9 elapsed=0s need=2s
UE 217 TTT_WAIT target=9 elapsed=0s need=2s
UE 218 TTT_WAIT target=9 elapsed=0s need=2s
LM HO_FAIL_LOW_RSRP UE=219 currCell=7 candCell=9 candRsrp=-122.397 < min=-120
LM HO_FAIL_LOW_RSRP UE=220 currCell=3 candCell=9 candRsrp=-138.96 < min=-120
UE 222 TTT_WAIT target=6 elapsed=0s need=2s
LM HO_FAIL_LOW_RSRP UE=223 currCell=6 candCell=9 candRsrp=-136.73 < min=-120
UE 224 TTT_WAIT target=4 elapsed=0s need=2s
UE 225 TTT_WAIT target=8 elapsed=0s need=2s
UE 228 TTT_WAIT target=4 elapsed=0s need=2s
UE 230 TTT_WAIT target=6 elapsed=0s need=2s
UE 231 TTT_WAIT target=6 elapsed=0s need=2s
UE 235 TTT_WAIT target=9 elapsed=0s need=2s
LM HO_FAIL_LOW_RSRP UE=236 currCell=10 candCell=9 candRsrp=-121.699 < min=-120
UE 237 TTT_WAIT target=4 elapsed=0s need=2s
LM HO UE=239 rnti=107 8->4 type=TN servingRsrp=-123.045 targetRsrp=-92.3408 targetLoadReal=17/20 targetLoadEff=19/20
UE 241 TTT_WAIT target=2 elapsed=0s need=2s
UE 242 TTT_WAIT target=8 elapsed=0s need=2s
LM HO_FAIL_LOW_RSRP UE=243 currCell=6 candCell=8 candRsrp=-121.306 < min=-120
---- LOAD at t=97.5 ----
  cell 1 (TN) load=20/20
  cell 2 (TN) load=16/20
  cell 3 (TN) load=19/20
  cell 4 (TN) load=18/20
  cell 5 (TN) load=18/20
  cell 6 (TN) load=18/20
  cell 7 (TN) load=20/20
  cell 8 (TN) load=13/20
  cell 9 (NTN) load=5/10
  cell 10 (NTN) load=10/10
  cell 11 (NTN) load=9/10
  cell 12 (NTN) load=10/10
  cell 13 (NTN) load=10/10
  cell 14 (NTN) load=10/10
LM HO_FAIL_LOW_RSRP UE=15 currCell=2 candCell=8 candRsrp=-126.123 < min=-120
UE 16 TTT_WAIT target=8 elapsed=0s need=2s
UE 17 TTT_WAIT target=5 elapsed=0s need=2s
UE 18 TTT_WAIT target=8 elapsed=0s need=2s
UE 19 TTT_WAIT target=5 elapsed=0s need=2s
UE 20 TTT_WAIT target=4 elapsed=0s need=2s
LM HO_FAIL_LOW_RSRP UE=23 currCell=8 candCell=9 candRsrp=-135.591 < min=-120
LM HO UE=24 rnti=100 2->4 type=TN servingRsrp=-133.132 targetRsrp=-83.3585 targetLoadReal=18/20 targetLoadEff=18/20
UE 27 TTT_WAIT target=2 elapsed=0s need=2s
UE 29 TTT_WAIT target=4 elapsed=0s need=2s
LM HO UE=31 rnti=71 2->9 type=NTN servingRsrp=-104.698 targetRsrp=-77.0569 targetLoadReal=5/10 targetLoadEff=5/10
UE 32 TTT_WAIT target=4 elapsed=0s need=2s
UE 33 TTT_WAIT target=5 elapsed=0s need=2s
UE 34 TTT_WAIT target=4 elapsed=0s need=2s
UE 36 TTT_WAIT target=5 elapsed=0s need=2s
LM HO UE=38 rnti=106 13->6 type=TN servingRsrp=-126.567 targetRsrp=-73.894 targetLoadReal=18/20 targetLoadEff=18/20
UE 39 TTT_WAIT target=3 elapsed=0s need=2s
LM HO_FAIL_LOW_RSRP UE=40 currCell=3 candCell=11 candRsrp=-136.956 < min=-120
UE 41 TTT_WAIT target=5 elapsed=0s need=2s
UE 43 TTT_WAIT target=3 elapsed=0s need=2s
UE 44 TTT_WAIT target=4 elapsed=0s need=2s
UE 45 TTT_WAIT target=5 elapsed=0s need=2s
UE 47 TTT_WAIT target=8 elapsed=0s need=2s
UE 49 TTT_WAIT target=8 elapsed=0s need=2s
UE 52 TTT_WAIT target=6 elapsed=0s need=2s
UE 54 TTT_WAIT target=11 elapsed=0s need=2s
UE 55 TTT_WAIT target=11 elapsed=0s need=2s
UE 56 TTT_WAIT target=9 elapsed=0s need=2s
UE 58 TTT_WAIT target=6 elapsed=0s need=2s
LM HO UE=62 rnti=44 4->6 type=TN servingRsrp=-118.495 targetRsrp=-72.7897 targetLoadReal=18/20 targetLoadEff=19/20
UE 63 TTT_WAIT target=3 elapsed=0s need=2s
UE 64 TTT_WAIT target=11 elapsed=0s need=2s
UE 70 TTT_WAIT target=8 elapsed=0s need=2s
UE 72 TTT_WAIT target=3 elapsed=0s need=2s
UE 75 TTT_WAIT target=3 elapsed=0s need=2s
LM HO UE=77 rnti=152 10->8 type=TN servingRsrp=-133.845 targetRsrp=-95.4679 targetLoadReal=13/20 targetLoadEff=13/20
UE 79 TTT_WAIT target=2 elapsed=0s need=2s
UE 82 TTT_WAIT target=8 elapsed=0s need=2s
UE 84 TTT_WAIT target=2 elapsed=0s need=2s
UE 86 TTT_WAIT target=8 elapsed=0s need=2s
UE 90 TTT_WAIT target=4 elapsed=0s need=2s
UE 91 TTT_WAIT target=4 elapsed=0s need=2s
UE 92 TTT_WAIT target=8 elapsed=0s need=2s
UE 93 TTT_WAIT target=4 elapsed=0s need=2s
UE 96 TTT_WAIT target=5 elapsed=0s need=2s
UE 97 TTT_WAIT target=2 elapsed=0s need=2s
UE 98 TTT_WAIT target=5 elapsed=0s need=2s
UE 101 TTT_WAIT target=9 elapsed=0s need=2s
UE 102 TTT_WAIT target=3 elapsed=0s need=2s
UE 103 TTT_WAIT target=4 elapsed=0s need=2s
UE 104 TTT_WAIT target=2 elapsed=0s need=2s
LM HO_FAIL_LOW_RSRP UE=107 currCell=2 candCell=8 candRsrp=-127.089 < min=-120
UE 108 TTT_WAIT target=2 elapsed=0s need=2s
UE 109 TTT_WAIT target=5 elapsed=0s need=2s
UE 111 TTT_WAIT target=4 elapsed=0s need=2s
UE 112 TTT_WAIT target=2 elapsed=0s need=2s
UE 113 TTT_WAIT target=8 elapsed=0s need=2s
UE 114 TTT_WAIT target=8 elapsed=0s need=2s
UE 115 TTT_WAIT target=8 elapsed=0s need=2s
LM HO_FAIL_LOW_RSRP UE=117 currCell=4 candCell=8 candRsrp=-126.243 < min=-120
UE 123 TTT_WAIT target=5 elapsed=0s need=2s
LM HO_FAIL_LOW_RSRP UE=125 currCell=7 candCell=9 candRsrp=-130.713 < min=-120
UE 126 TTT_WAIT target=3 elapsed=0s need=2s
LM HO_FAIL_LOW_RSRP UE=132 currCell=7 candCell=9 candRsrp=-125.253 < min=-120
UE 133 TTT_WAIT target=11 elapsed=0s need=2s
UE 138 TTT_WAIT target=3 elapsed=0s need=2s
UE 139 TTT_WAIT target=9 elapsed=0s need=2s
UE 140 TTT_WAIT target=2 elapsed=0s need=2s
LM HO_FAIL_LOW_RSRP UE=141 currCell=1 candCell=5 candRsrp=-132.263 < min=-120
UE 142 TTT_WAIT target=3 elapsed=0s need=2s
UE 144 TTT_WAIT target=8 elapsed=0s need=2s
LM HO UE=145 rnti=78 14->8 type=TN servingRsrp=-129.593 targetRsrp=-102.238 targetLoadReal=13/20 targetLoadEff=14/20
UE 146 TTT_WAIT target=4 elapsed=0s need=2s
UE 147 TTT_WAIT target=4 elapsed=0s need=2s
UE 148 TTT_WAIT target=5 elapsed=0s need=2s
LM HO_FAIL_LOW_RSRP UE=149 currCell=4 candCell=9 candRsrp=-130.875 < min=-120
LM HO_FAIL_LOW_RSRP UE=150 currCell=1 candCell=9 candRsrp=-129.274 < min=-120
UE 151 TTT_WAIT target=2 elapsed=0s need=2s
UE 155 TTT_WAIT target=8 elapsed=0s need=2s
UE 156 TTT_WAIT target=5 elapsed=0s need=2s
UE 157 TTT_WAIT target=3 elapsed=0s need=2s
UE 158 TTT_WAIT target=8 elapsed=0s need=2s
UE 159 TTT_WAIT target=3 elapsed=0s need=2s
UE 160 TTT_WAIT target=5 elapsed=0s need=2s
UE 161 TTT_WAIT target=11 elapsed=0s need=2s
UE 162 TTT_WAIT target=8 elapsed=0s need=2s
UE 164 TTT_WAIT target=2 elapsed=0s need=2s
UE 165 TTT_WAIT target=3 elapsed=0s need=2s
UE 166 TTT_WAIT target=3 elapsed=0s need=2s
LM HO UE=168 rnti=68 3->8 type=TN servingRsrp=-123.488 targetRsrp=-89.9582 targetLoadReal=13/20 targetLoadEff=15/20
UE 169 TTT_WAIT target=3 elapsed=0s need=2s
LM HO UE=170 rnti=182 7->8 type=TN servingRsrp=-121.975 targetRsrp=-95.7222 targetLoadReal=13/20 targetLoadEff=16/20
UE 172 TTT_WAIT target=4 elapsed=0s need=2s
UE 173 TTT_WAIT target=2 elapsed=0s need=2s
LM HO_FAIL_LOW_RSRP UE=174 currCell=8 candCell=5 candRsrp=-126.273 < min=-120
UE 175 TTT_WAIT target=5 elapsed=0s need=2s
UE 176 TTT_WAIT target=4 elapsed=0s need=2s
UE 177 TTT_WAIT target=5 elapsed=0s need=2s
UE 179 TTT_WAIT target=4 elapsed=0s need=2s
UE 180 TTT_WAIT target=9 elapsed=0s need=2s
UE 181 TTT_WAIT target=5 elapsed=0s need=2s
UE 182 TTT_WAIT target=4 elapsed=0s need=2s
LM HO_FAIL_LOW_RSRP UE=183 currCell=7 candCell=9 candRsrp=-134.256 < min=-120
UE 186 TTT_WAIT target=4 elapsed=0s need=2s
UE 190 TTT_WAIT target=5 elapsed=0s need=2s
UE 191 TTT_WAIT target=5 elapsed=0s need=2s
UE 193 TTT_WAIT target=3 elapsed=0s need=2s
UE 195 TTT_WAIT target=8 elapsed=0s need=2s
LM HO UE=198 rnti=128 1->2 type=TN servingRsrp=-118.077 targetRsrp=-88.9901 targetLoadReal=16/20 targetLoadEff=16/20
UE 202 TTT_WAIT target=11 elapsed=0s need=2s
UE 204 TTT_WAIT target=2 elapsed=0s need=2s
UE 210 TTT_WAIT target=8 elapsed=0s need=2s
UE 212 TTT_WAIT target=3 elapsed=0s need=2s
UE 213 TTT_WAIT target=4 elapsed=0s need=2s
UE 216 TTT_WAIT target=4 elapsed=0s need=2s
UE 219 TTT_WAIT target=8 elapsed=0s need=2s
UE 221 TTT_WAIT target=4 elapsed=0s need=2s
UE 222 TTT_WAIT target=4 elapsed=0s need=2s
UE 223 TTT_WAIT target=3 elapsed=0s need=2s
UE 224 TTT_WAIT target=9 elapsed=0s need=2s
UE 225 TTT_WAIT target=4 elapsed=0s need=2s
UE 229 TTT_WAIT target=11 elapsed=0s need=2s
UE 230 TTT_WAIT target=4 elapsed=0s need=2s
LM HO_FAIL_LOW_RSRP UE=231 currCell=7 candCell=9 candRsrp=-137.631 < min=-120
UE 234 TTT_WAIT target=4 elapsed=0s need=2s
UE 235 TTT_WAIT target=2 elapsed=0s need=2s
UE 236 TTT_WAIT target=2 elapsed=0s need=2s
UE 240 TTT_WAIT target=4 elapsed=0s need=2s
UE 241 TTT_WAIT target=3 elapsed=0s need=2s
UE 243 TTT_WAIT target=8 elapsed=0s need=2s
UE 244 TTT_WAIT target=4 elapsed=0s need=2s
---- LOAD at t=102.5 ----
  cell 1 (TN) load=20/20
  cell 2 (TN) load=15/20
  cell 3 (TN) load=18/20
  cell 4 (TN) load=18/20
  cell 5 (TN) load=18/20
  cell 6 (TN) load=20/20
  cell 7 (TN) load=19/20
  cell 8 (TN) load=17/20
  cell 9 (NTN) load=7/10
  cell 10 (NTN) load=10/10
  cell 11 (NTN) load=9/10
  cell 12 (NTN) load=10/10
  cell 13 (NTN) load=9/10
  cell 14 (NTN) load=9/10
LM HO_FAIL_LOW_RSRP UE=16 currCell=6 candCell=14 candRsrp=-123.405 < min=-120
LM HO UE=17 rnti=104 3->5 type=TN servingRsrp=-118.803 targetRsrp=-75.9268 targetLoadReal=18/20 targetLoadEff=18/20
LM HO UE=19 rnti=101 3->5 type=TN servingRsrp=-126.496 targetRsrp=-78.0582 targetLoadReal=18/20 targetLoadEff=19/20
UE 20 TTT_WAIT target=8 elapsed=0s need=2s
UE 24 TTT_WAIT target=3 elapsed=0s need=2s
UE 26 TTT_WAIT target=8 elapsed=0s need=2s
UE 29 TTT_WAIT target=3 elapsed=0s need=2s
UE 32 TTT_WAIT target=8 elapsed=0s need=2s
UE 33 TTT_WAIT target=4 elapsed=0s need=2s
UE 36 TTT_WAIT target=2 elapsed=0s need=2s
UE 38 TTT_WAIT target=9 elapsed=0s need=2s
UE 39 TTT_WAIT target=7 elapsed=0s need=2s
UE 40 TTT_WAIT target=9 elapsed=0s need=2s
LM HO_FAIL_LOW_RSRP UE=41 currCell=3 candCell=8 candRsrp=-129.46 < min=-120
UE 43 TTT_WAIT target=14 elapsed=0s need=2s
UE 44 TTT_WAIT target=2 elapsed=0s need=2s
UE 45 TTT_WAIT target=7 elapsed=0s need=2s
UE 47 TTT_WAIT target=9 elapsed=0s need=2s
UE 49 TTT_WAIT target=13 elapsed=0s need=2s
UE 50 TTT_WAIT target=7 elapsed=0s need=2s
UE 53 TTT_WAIT target=7 elapsed=0s need=2s
UE 55 TTT_WAIT target=8 elapsed=0s need=2s
UE 56 TTT_WAIT target=2 elapsed=0s need=2s
UE 58 TTT_WAIT target=7 elapsed=0s need=2s
UE 62 TTT_WAIT target=3 elapsed=0s need=2s
UE 64 TTT_WAIT target=2 elapsed=0s need=2s
UE 65 TTT_WAIT target=4 elapsed=0s need=2s
UE 67 TTT_WAIT target=11 elapsed=0s need=2s
UE 68 TTT_WAIT target=3 elapsed=0s need=2s
LM HO UE=70 rnti=73 2->8 type=TN servingRsrp=-114.401 targetRsrp=-98.2696 targetLoadReal=17/20 targetLoadEff=17/20
UE 71 TTT_WAIT target=7 elapsed=0s need=2s
LM HO UE=72 rnti=113 8->3 type=TN servingRsrp=-128.023 targetRsrp=-116.33 targetLoadReal=18/20 targetLoadEff=18/20
UE 75 TTT_WAIT target=2 elapsed=0s need=2s
UE 76 TTT_WAIT target=3 elapsed=0s need=2s
UE 77 TTT_WAIT target=2 elapsed=0s need=2s
LM HO UE=84 rnti=96 1->2 type=TN servingRsrp=-123.192 targetRsrp=-117.677 targetLoadReal=15/20 targetLoadEff=15/20
LM HO UE=86 rnti=169 7->8 type=TN servingRsrp=-117.437 targetRsrp=-102.219 targetLoadReal=17/20 targetLoadEff=18/20
UE 91 TTT_WAIT target=3 elapsed=0s need=2s
UE 92 TTT_WAIT target=3 elapsed=0s need=2s
LM HO_FAIL_LOW_RSRP UE=93 currCell=7 candCell=4 candRsrp=-120.648 < min=-120
UE 94 TTT_WAIT target=7 elapsed=0s need=2s
UE 96 TTT_WAIT target=14 elapsed=0s need=2s
LM HO UE=97 rnti=132 1->2 type=TN servingRsrp=-110.981 targetRsrp=-86.923 targetLoadReal=15/20 targetLoadEff=16/20
UE 99 TTT_WAIT target=8 elapsed=0s need=2s
LM HO UE=102 rnti=141 5->3 type=TN servingRsrp=-112.823 targetRsrp=-83.0407 targetLoadReal=18/20 targetLoadEff=19/20
LM HO UE=103 rnti=108 8->4 type=TN servingRsrp=-93.5137 targetRsrp=-78.6126 targetLoadReal=18/20 targetLoadEff=18/20
UE 106 TTT_WAIT target=8 elapsed=0s need=2s
UE 107 TTT_WAIT target=8 elapsed=0s need=2s
UE 108 TTT_WAIT target=4 elapsed=0s need=2s
UE 109 TTT_WAIT target=2 elapsed=0s need=2s
UE 111 TTT_WAIT target=7 elapsed=0s need=2s
UE 112 TTT_WAIT target=9 elapsed=0s need=2s
UE 113 TTT_WAIT target=7 elapsed=0s need=2s
UE 115 TTT_WAIT target=4 elapsed=0s need=2s
UE 117 TTT_WAIT target=7 elapsed=0s need=2s
UE 125 TTT_WAIT target=4 elapsed=0s need=2s
UE 126 TTT_WAIT target=14 elapsed=0s need=2s
LM HO_FAIL_LOW_RSRP UE=127 currCell=8 candCell=13 candRsrp=-125.804 < min=-120
UE 128 TTT_WAIT target=4 elapsed=0s need=2s
UE 130 TTT_WAIT target=7 elapsed=0s need=2s
UE 131 TTT_WAIT target=14 elapsed=0s need=2s
UE 133 TTT_WAIT target=9 elapsed=0s need=2s
UE 135 TTT_WAIT target=2 elapsed=0s need=2s
UE 137 TTT_WAIT target=13 elapsed=0s need=2s
UE 138 TTT_WAIT target=2 elapsed=0s need=2s
UE 140 TTT_WAIT target=4 elapsed=0s need=2s
LM HO_FAIL_LOW_RSRP UE=141 currCell=1 candCell=8 candRsrp=-127.502 < min=-120
UE 143 TTT_WAIT target=2 elapsed=0s need=2s
LM HO_FAIL_LOW_RSRP UE=145 currCell=8 candCell=11 candRsrp=-130.114 < min=-120
UE 146 TTT_WAIT target=7 elapsed=0s need=2s
LM HO UE=147 rnti=93 3->4 type=TN servingRsrp=-110.936 targetRsrp=-94.6854 targetLoadReal=18/20 targetLoadEff=19/20
UE 148 TTT_WAIT target=13 elapsed=0s need=2s
UE 150 TTT_WAIT target=14 elapsed=0s need=2s
UE 151 TTT_WAIT target=9 elapsed=0s need=2s
LM HO UE=155 rnti=131 1->8 type=TN servingRsrp=-134.867 targetRsrp=-94.8052 targetLoadReal=17/20 targetLoadEff=19/20
UE 156 TTT_WAIT target=11 elapsed=0s need=2s
UE 158 TTT_WAIT target=9 elapsed=0s need=2s
UE 159 TTT_WAIT target=9 elapsed=0s need=2s
LM HO_FAIL_LOW_RSRP UE=161 currCell=5 candCell=14 candRsrp=-128.407 < min=-120
UE 162 TTT_WAIT target=2 elapsed=0s need=2s
UE 163 TTT_WAIT target=9 elapsed=0s need=2s
LM HO UE=164 rnti=116 1->2 type=TN servingRsrp=-71.9599 targetRsrp=-66.7303 targetLoadReal=15/20 targetLoadEff=17/20
UE 165 TTT_WAIT target=2 elapsed=0s need=2s
UE 167 TTT_WAIT target=14 elapsed=0s need=2s
UE 168 TTT_WAIT target=13 elapsed=0s need=2s
UE 169 TTT_WAIT target=14 elapsed=0s need=2s
UE 170 TTT_WAIT target=7 elapsed=0s need=2s
UE 174 TTT_WAIT target=14 elapsed=0s need=2s
UE 175 TTT_WAIT target=14 elapsed=0s need=2s
UE 176 TTT_WAIT target=7 elapsed=0s need=2s
LM HO_FAIL_LOW_RSRP UE=177 currCell=6 candCell=7 candRsrp=-120.539 < min=-120
LM HO_FAIL_LOW_RSRP UE=179 currCell=8 candCell=7 candRsrp=-122.495 < min=-120
LM HO_FAIL_LOW_RSRP UE=182 currCell=8 candCell=9 candRsrp=-124.069 < min=-120
UE 184 TTT_WAIT target=9 elapsed=0s need=2s
UE 186 TTT_WAIT target=2 elapsed=0s need=2s
UE 188 TTT_WAIT target=9 elapsed=0s need=2s
UE 190 TTT_WAIT target=9 elapsed=0s need=2s
LM HO_FAIL_LOW_RSRP UE=193 currCell=7 candCell=2 candRsrp=-128.832 < min=-120
UE 195 TTT_WAIT target=14 elapsed=0s need=2s
UE 198 TTT_WAIT target=9 elapsed=0s need=2s
UE 200 TTT_WAIT target=9 elapsed=0s need=2s
UE 206 TTT_WAIT target=7 elapsed=0s need=2s
UE 208 TTT_WAIT target=11 elapsed=0s need=2s
UE 210 TTT_WAIT target=7 elapsed=0s need=2s
UE 211 TTT_WAIT target=2 elapsed=0s need=2s
UE 212 TTT_WAIT target=14 elapsed=0s need=2s
UE 216 TTT_WAIT target=13 elapsed=0s need=2s
UE 217 TTT_WAIT target=14 elapsed=0s need=2s
UE 218 TTT_WAIT target=7 elapsed=0s need=2s
UE 220 TTT_WAIT target=2 elapsed=0s need=2s
UE 225 TTT_WAIT target=7 elapsed=0s need=2s
UE 230 TTT_WAIT target=2 elapsed=0s need=2s
UE 231 TTT_WAIT target=13 elapsed=0s need=2s
UE 233 TTT_WAIT target=7 elapsed=0s need=2s
UE 234 TTT_WAIT target=14 elapsed=0s need=2s
LM HO UE=235 rnti=160 10->2 type=TN servingRsrp=-120.731 targetRsrp=-101.368 targetLoadReal=15/20 targetLoadEff=18/20
LM HO_FAIL_LOW_RSRP UE=239 currCell=4 candCell=11 candRsrp=-122.653 < min=-120
UE 240 TTT_WAIT target=11 elapsed=0s need=2s
UE 241 TTT_WAIT target=13 elapsed=0s need=2s
UE 243 TTT_WAIT target=13 elapsed=0s need=2s
UE 244 TTT_WAIT target=7 elapsed=0s need=2s
---- LOAD at t=107.5 ----
  cell 1 (TN) load=16/20
  cell 2 (TN) load=18/20
  cell 3 (TN) load=17/20
  cell 4 (TN) load=20/20
  cell 5 (TN) load=19/20
  cell 6 (TN) load=20/20
  cell 7 (TN) load=19/20
  cell 8 (TN) load=18/20
  cell 9 (NTN) load=7/10
  cell 10 (NTN) load=9/10
  cell 11 (NTN) load=10/10
  cell 12 (NTN) load=10/10
  cell 13 (NTN) load=9/10
  cell 14 (NTN) load=9/10
UE 15 TTT_WAIT target=8 elapsed=0s need=2s
UE 16 TTT_WAIT target=3 elapsed=0s need=2s
UE 17 TTT_WAIT target=3 elapsed=0s need=2s
UE 18 TTT_WAIT target=8 elapsed=0s need=2s
LM HO_FAIL_LOW_RSRP UE=19 currCell=5 candCell=13 candRsrp=-129.862 < min=-120
UE 23 TTT_WAIT target=2 elapsed=0s need=2s
UE 26 TTT_WAIT target=1 elapsed=0s need=2s
UE 27 TTT_WAIT target=8 elapsed=0s need=2s
UE 28 TTT_WAIT target=2 elapsed=0s need=2s
UE 32 TTT_WAIT target=10 elapsed=0s need=2s
UE 33 TTT_WAIT target=2 elapsed=0s need=2s
UE 34 TTT_WAIT target=2 elapsed=0s need=2s
UE 36 TTT_WAIT target=3 elapsed=0s need=2s
UE 38 TTT_WAIT target=8 elapsed=0s need=2s
UE 40 TTT_WAIT target=5 elapsed=0s need=2s
UE 41 TTT_WAIT target=5 elapsed=0s need=2s
UE 47 TTT_WAIT target=2 elapsed=0s need=2s
UE 49 TTT_WAIT target=5 elapsed=0s need=2s
UE 50 TTT_WAIT target=2 elapsed=0s need=2s
UE 53 TTT_WAIT target=1 elapsed=0s need=2s
UE 55 TTT_WAIT target=1 elapsed=0s need=2s
UE 56 TTT_WAIT target=1 elapsed=0s need=2s
UE 58 TTT_WAIT target=13 elapsed=0s need=2s
UE 59 TTT_WAIT target=7 elapsed=0s need=2s
UE 61 TTT_WAIT target=10 elapsed=0s need=2s
UE 62 TTT_WAIT target=1 elapsed=0s need=2s
UE 63 TTT_WAIT target=5 elapsed=0s need=2s
UE 64 TTT_WAIT target=8 elapsed=0s need=2s
UE 65 TTT_WAIT target=2 elapsed=0s need=2s
UE 67 TTT_WAIT target=1 elapsed=0s need=2s
UE 68 TTT_WAIT target=8 elapsed=0s need=2s
UE 70 TTT_WAIT target=1 elapsed=0s need=2s
UE 71 TTT_WAIT target=5 elapsed=0s need=2s
UE 72 TTT_WAIT target=2 elapsed=0s need=2s
LM HO UE=75 rnti=91 6->2 type=TN servingRsrp=-125.238 targetRsrp=-83.9869 targetLoadReal=18/20 targetLoadEff=18/20
UE 76 TTT_WAIT target=1 elapsed=0s need=2s
UE 77 TTT_WAIT target=7 elapsed=0s need=2s
UE 78 TTT_WAIT target=5 elapsed=0s need=2s
UE 79 TTT_WAIT target=2 elapsed=0s need=2s
UE 82 TTT_WAIT target=7 elapsed=0s need=2s
UE 83 TTT_WAIT target=5 elapsed=0s need=2s
UE 84 TTT_WAIT target=14 elapsed=0s need=2s
UE 86 TTT_WAIT target=2 elapsed=0s need=2s
UE 87 TTT_WAIT target=10 elapsed=0s need=2s
UE 88 TTT_WAIT target=10 elapsed=0s need=2s
UE 90 TTT_WAIT target=7 elapsed=0s need=2s
UE 91 TTT_WAIT target=8 elapsed=0s need=2s
UE 92 TTT_WAIT target=5 elapsed=0s need=2s
UE 93 TTT_WAIT target=2 elapsed=0s need=2s
UE 95 TTT_WAIT target=14 elapsed=0s need=2s
UE 96 TTT_WAIT target=8 elapsed=0s need=2s
UE 98 TTT_WAIT target=8 elapsed=0s need=2s
UE 99 TTT_WAIT target=2 elapsed=0s need=2s
UE 102 TTT_WAIT target=5 elapsed=0s need=2s
UE 103 TTT_WAIT target=8 elapsed=0s need=2s
UE 105 TTT_WAIT target=3 elapsed=0s need=2s
UE 107 TTT_WAIT target=1 elapsed=0s need=2s
UE 108 TTT_WAIT target=1 elapsed=0s need=2s
UE 109 TTT_WAIT target=13 elapsed=0s need=2s
UE 110 TTT_WAIT target=7 elapsed=0s need=2s
UE 111 TTT_WAIT target=5 elapsed=0s need=2s
LM HO UE=113 rnti=122 13->7 type=TN servingRsrp=-120.565 targetRsrp=-97.7423 targetLoadReal=19/20 targetLoadEff=19/20
UE 114 TTT_WAIT target=1 elapsed=0s need=2s
UE 115 TTT_WAIT target=8 elapsed=0s need=2s
UE 117 TTT_WAIT target=5 elapsed=0s need=2s
UE 121 TTT_WAIT target=8 elapsed=0s need=2s
UE 126 TTT_WAIT target=5 elapsed=0s need=2s
UE 127 TTT_WAIT target=3 elapsed=0s need=2s
LM HO_FAIL_LOW_RSRP UE=128 currCell=5 candCell=13 candRsrp=-128.674 < min=-120
UE 130 TTT_WAIT target=8 elapsed=0s need=2s
UE 131 TTT_WAIT target=5 elapsed=0s need=2s
UE 134 TTT_WAIT target=8 elapsed=0s need=2s
UE 135 TTT_WAIT target=3 elapsed=0s need=2s
UE 138 TTT_WAIT target=3 elapsed=0s need=2s
UE 140 TTT_WAIT target=2 elapsed=0s need=2s
LM HO_FAIL_LOW_RSRP UE=141 currCell=1 candCell=5 candRsrp=-127.656 < min=-120
UE 142 TTT_WAIT target=3 elapsed=0s need=2s
UE 144 TTT_WAIT target=2 elapsed=0s need=2s
UE 145 TTT_WAIT target=5 elapsed=0s need=2s
UE 146 TTT_WAIT target=5 elapsed=0s need=2s
UE 150 TTT_WAIT target=9 elapsed=0s need=2s
UE 153 TTT_WAIT target=10 elapsed=0s need=2s
UE 156 TTT_WAIT target=14 elapsed=0s need=2s
UE 157 TTT_WAIT target=5 elapsed=0s need=2s
UE 158 TTT_WAIT target=8 elapsed=0s need=2s
LM HO_FAIL_LOW_RSRP UE=159 currCell=8 candCell=10 candRsrp=-131.17 < min=-120
UE 161 TTT_WAIT target=1 elapsed=0s need=2s
UE 163 TTT_WAIT target=8 elapsed=0s need=2s
UE 165 TTT_WAIT target=1 elapsed=0s need=2s
UE 166 TTT_WAIT target=9 elapsed=0s need=2s
UE 167 TTT_WAIT target=13 elapsed=0s need=2s
UE 168 TTT_WAIT target=5 elapsed=0s need=2s
UE 169 TTT_WAIT target=3 elapsed=0s need=2s
UE 170 TTT_WAIT target=10 elapsed=0s need=2s
UE 172 TTT_WAIT target=8 elapsed=0s need=2s
UE 173 TTT_WAIT target=2 elapsed=0s need=2s
UE 174 TTT_WAIT target=5 elapsed=0s need=2s
UE 177 TTT_WAIT target=5 elapsed=0s need=2s
UE 179 TTT_WAIT target=10 elapsed=0s need=2s
UE 180 TTT_WAIT target=13 elapsed=0s need=2s
UE 182 TTT_WAIT target=2 elapsed=0s need=2s
UE 184 TTT_WAIT target=5 elapsed=0s need=2s
UE 186 TTT_WAIT target=8 elapsed=0s need=2s
UE 188 TTT_WAIT target=5 elapsed=0s need=2s
UE 190 TTT_WAIT target=5 elapsed=0s need=2s
UE 193 TTT_WAIT target=5 elapsed=0s need=2s
UE 198 TTT_WAIT target=1 elapsed=0s need=2s
UE 202 TTT_WAIT target=1 elapsed=0s need=2s
UE 204 TTT_WAIT target=5 elapsed=0s need=2s
UE 205 TTT_WAIT target=8 elapsed=0s need=2s
UE 210 TTT_WAIT target=14 elapsed=0s need=2s
LM HO UE=211 rnti=96 8->2 type=TN servingRsrp=-123.64 targetRsrp=-105.26 targetLoadReal=18/20 targetLoadEff=19/20
UE 212 TTT_WAIT target=3 elapsed=0s need=2s
UE 213 TTT_WAIT target=13 elapsed=0s need=2s
UE 215 TTT_WAIT target=5 elapsed=0s need=2s
UE 216 TTT_WAIT target=14 elapsed=0s need=2s
UE 217 TTT_WAIT target=9 elapsed=0s need=2s
UE 219 TTT_WAIT target=5 elapsed=0s need=2s
UE 223 TTT_WAIT target=1 elapsed=0s need=2s
UE 224 TTT_WAIT target=8 elapsed=0s need=2s
UE 225 TTT_WAIT target=8 elapsed=0s need=2s
UE 226 TTT_WAIT target=9 elapsed=0s need=2s
UE 228 TTT_WAIT target=1 elapsed=0s need=2s
LM HO_FAIL_LOW_RSRP UE=229 currCell=5 candCell=13 candRsrp=-135.835 < min=-120
UE 230 TTT_WAIT target=8 elapsed=0s need=2s
UE 231 TTT_WAIT target=1 elapsed=0s need=2s
UE 234 TTT_WAIT target=8 elapsed=0s need=2s
UE 235 TTT_WAIT target=10 elapsed=0s need=2s
UE 237 TTT_WAIT target=8 elapsed=0s need=2s
UE 239 TTT_WAIT target=1 elapsed=0s need=2s
UE 240 TTT_WAIT target=1 elapsed=0s need=2s
UE 241 TTT_WAIT target=1 elapsed=0s need=2s
UE 242 TTT_WAIT target=8 elapsed=0s need=2s
UE 243 TTT_WAIT target=5 elapsed=0s need=2s
---- LOAD at t=112.5 ----
  cell 1 (TN) load=16/20
  cell 2 (TN) load=20/20
  cell 3 (TN) load=17/20
  cell 4 (TN) load=20/20
  cell 5 (TN) load=19/20
  cell 6 (TN) load=19/20
  cell 7 (TN) load=20/20
  cell 8 (TN) load=17/20
  cell 9 (NTN) load=7/10
  cell 10 (NTN) load=10/10
  cell 11 (NTN) load=10/10
  cell 12 (NTN) load=10/10
  cell 13 (NTN) load=8/10
  cell 14 (NTN) load=9/10
LM HO UE=15 rnti=72 2->8 type=TN servingRsrp=-135.903 targetRsrp=-80.2171 targetLoadReal=17/20 targetLoadEff=17/20
LM HO UE=16 rnti=70 6->3 type=TN servingRsrp=-124.088 targetRsrp=-96.3641 targetLoadReal=17/20 targetLoadEff=17/20
LM HO UE=17 rnti=166 5->3 type=TN servingRsrp=-116.221 targetRsrp=-78.3999 targetLoadReal=17/20 targetLoadEff=18/20
UE 19 TTT_WAIT target=1 elapsed=0s need=2s
UE 20 TTT_WAIT target=5 elapsed=0s need=2s
UE 24 TTT_WAIT target=3 elapsed=0s need=2s
UE 26 TTT_WAIT target=8 elapsed=0s need=2s
UE 28 TTT_WAIT target=1 elapsed=0s need=2s
UE 29 TTT_WAIT target=1 elapsed=0s need=2s
UE 31 TTT_WAIT target=1 elapsed=0s need=2s
UE 32 TTT_WAIT target=1 elapsed=0s need=2s
UE 34 TTT_WAIT target=3 elapsed=0s need=2s
UE 36 TTT_WAIT target=8 elapsed=0s need=2s
UE 39 TTT_WAIT target=8 elapsed=0s need=2s
UE 41 TTT_WAIT target=1 elapsed=0s need=2s
UE 43 TTT_WAIT target=14 elapsed=0s need=2s
UE 46 TTT_WAIT target=6 elapsed=0s need=2s
UE 47 TTT_WAIT target=8 elapsed=0s need=2s
UE 49 TTT_WAIT target=8 elapsed=0s need=2s
UE 50 TTT_WAIT target=3 elapsed=0s need=2s
UE 51 TTT_WAIT target=3 elapsed=0s need=2s
UE 52 TTT_WAIT target=6 elapsed=0s need=2s
UE 53 TTT_WAIT target=8 elapsed=0s need=2s
UE 54 TTT_WAIT target=8 elapsed=0s need=2s
UE 56 TTT_WAIT target=6 elapsed=0s need=2s
UE 62 TTT_WAIT target=3 elapsed=0s need=2s
UE 63 TTT_WAIT target=13 elapsed=0s need=2s
UE 64 TTT_WAIT target=6 elapsed=0s need=2s
UE 65 TTT_WAIT target=3 elapsed=0s need=2s
UE 66 TTT_WAIT target=13 elapsed=0s need=2s
UE 67 TTT_WAIT target=6 elapsed=0s need=2s
UE 69 TTT_WAIT target=6 elapsed=0s need=2s
LM HO UE=70 rnti=120 8->1 type=TN servingRsrp=-132.388 targetRsrp=-76.884 targetLoadReal=16/20 targetLoadEff=16/20
UE 77 TTT_WAIT target=5 elapsed=0s need=2s
UE 78 TTT_WAIT target=3 elapsed=0s need=2s
UE 79 TTT_WAIT target=14 elapsed=0s need=2s
UE 82 TTT_WAIT target=9 elapsed=0s need=2s
UE 83 TTT_WAIT target=8 elapsed=0s need=2s
UE 84 TTT_WAIT target=6 elapsed=0s need=2s
UE 86 TTT_WAIT target=1 elapsed=0s need=2s
UE 87 TTT_WAIT target=1 elapsed=0s need=2s
UE 88 TTT_WAIT target=8 elapsed=0s need=2s
UE 90 TTT_WAIT target=13 elapsed=0s need=2s
LM HO UE=91 rnti=127 1->8 type=TN servingRsrp=-134.417 targetRsrp=-80.9887 targetLoadReal=17/20 targetLoadEff=18/20
LM HO UE=92 rnti=131 13->5 type=TN servingRsrp=-118.603 targetRsrp=-66.5753 targetLoadReal=19/20 targetLoadEff=19/20
UE 93 TTT_WAIT target=6 elapsed=0s need=2s
UE 94 TTT_WAIT target=6 elapsed=0s need=2s
LM HO UE=95 rnti=86 8->14 type=NTN servingRsrp=-112.044 targetRsrp=-97.456 targetLoadReal=9/10 targetLoadEff=9/10
LM HO UE=96 rnti=29 13->8 type=TN servingRsrp=-122.766 targetRsrp=-89.7983 targetLoadReal=17/20 targetLoadEff=19/20
UE 97 TTT_WAIT target=1 elapsed=0s need=2s
UE 98 TTT_WAIT target=3 elapsed=0s need=2s
UE 102 TTT_WAIT target=6 elapsed=0s need=2s
UE 106 TTT_WAIT target=3 elapsed=0s need=2s
UE 108 TTT_WAIT target=3 elapsed=0s need=2s
LM HO UE=109 rnti=83 3->13 type=NTN servingRsrp=-114.682 targetRsrp=-82.4506 targetLoadReal=8/10 targetLoadEff=8/10
UE 111 TTT_WAIT target=6 elapsed=0s need=2s
UE 112 TTT_WAIT target=1 elapsed=0s need=2s
LM HO_FAIL_LOW_RSRP UE=113 currCell=7 candCell=3 candRsrp=-128.438 < min=-120
LM HO UE=114 rnti=32 2->1 type=TN servingRsrp=-108.969 targetRsrp=-88.7293 targetLoadReal=16/20 targetLoadEff=17/20
LM HO_FAIL_LOW_RSRP UE=115 currCell=3 candCell=13 candRsrp=-121.367 < min=-120
UE 117 TTT_WAIT target=3 elapsed=0s need=2s
UE 121 TTT_WAIT target=1 elapsed=0s need=2s
UE 123 TTT_WAIT target=6 elapsed=0s need=2s
UE 124 TTT_WAIT target=6 elapsed=0s need=2s
UE 125 TTT_WAIT target=1 elapsed=0s need=2s
UE 127 TTT_WAIT target=1 elapsed=0s need=2s
UE 128 TTT_WAIT target=3 elapsed=0s need=2s
UE 130 TTT_WAIT target=6 elapsed=0s need=2s
UE 131 TTT_WAIT target=6 elapsed=0s need=2s
UE 135 TTT_WAIT target=6 elapsed=0s need=2s
UE 137 TTT_WAIT target=3 elapsed=0s need=2s
UE 139 TTT_WAIT target=1 elapsed=0s need=2s
UE 140 TTT_WAIT target=6 elapsed=0s need=2s
LM HO_FAIL_LOW_RSRP UE=141 currCell=1 candCell=3 candRsrp=-136.732 < min=-120
UE 143 TTT_WAIT target=3 elapsed=0s need=2s
UE 144 TTT_WAIT target=3 elapsed=0s need=2s
UE 145 TTT_WAIT target=3 elapsed=0s need=2s
UE 146 TTT_WAIT target=13 elapsed=0s need=2s
UE 147 TTT_WAIT target=3 elapsed=0s need=2s
UE 149 TTT_WAIT target=6 elapsed=0s need=2s
UE 150 TTT_WAIT target=6 elapsed=0s need=2s
UE 151 TTT_WAIT target=6 elapsed=0s need=2s
UE 153 TTT_WAIT target=3 elapsed=0s need=2s
UE 155 TTT_WAIT target=3 elapsed=0s need=2s
LM HO_FAIL_LOW_RSRP UE=157 currCell=2 candCell=13 candRsrp=-122.659 < min=-120
UE 158 TTT_WAIT target=9 elapsed=0s need=2s
UE 159 TTT_WAIT target=9 elapsed=0s need=2s
UE 160 TTT_WAIT target=9 elapsed=0s need=2s
UE 161 TTT_WAIT target=13 elapsed=0s need=2s
UE 163 TTT_WAIT target=9 elapsed=0s need=2s
UE 165 TTT_WAIT target=3 elapsed=0s need=2s
LM HO_FAIL_LOW_RSRP UE=168 currCell=8 candCell=6 candRsrp=-123.563 < min=-120
UE 169 TTT_WAIT target=9 elapsed=0s need=2s
UE 170 TTT_WAIT target=13 elapsed=0s need=2s
UE 172 TTT_WAIT target=1 elapsed=0s need=2s
UE 174 TTT_WAIT target=13 elapsed=0s need=2s
UE 176 TTT_WAIT target=9 elapsed=0s need=2s
UE 177 TTT_WAIT target=3 elapsed=0s need=2s
LM HO_FAIL_LOW_RSRP UE=179 currCell=8 candCell=6 candRsrp=-121.661 < min=-120
UE 181 TTT_WAIT target=13 elapsed=0s need=2s
LM HO_FAIL_LOW_RSRP UE=182 currCell=8 candCell=9 candRsrp=-122.897 < min=-120
UE 183 TTT_WAIT target=6 elapsed=0s need=2s
UE 184 TTT_WAIT target=3 elapsed=0s need=2s
UE 190 TTT_WAIT target=1 elapsed=0s need=2s
UE 193 TTT_WAIT target=6 elapsed=0s need=2s
UE 194 TTT_WAIT target=1 elapsed=0s need=2s
UE 195 TTT_WAIT target=13 elapsed=0s need=2s
UE 198 TTT_WAIT target=6 elapsed=0s need=2s
UE 204 TTT_WAIT target=3 elapsed=0s need=2s
UE 205 TTT_WAIT target=13 elapsed=0s need=2s
UE 206 TTT_WAIT target=6 elapsed=0s need=2s
UE 207 TTT_WAIT target=9 elapsed=0s need=2s
UE 210 TTT_WAIT target=1 elapsed=0s need=2s
UE 211 TTT_WAIT target=3 elapsed=0s need=2s
UE 212 TTT_WAIT target=9 elapsed=0s need=2s
UE 213 TTT_WAIT target=3 elapsed=0s need=2s
UE 216 TTT_WAIT target=1 elapsed=0s need=2s
UE 218 TTT_WAIT target=1 elapsed=0s need=2s
UE 219 TTT_WAIT target=6 elapsed=0s need=2s
UE 220 TTT_WAIT target=1 elapsed=0s need=2s
UE 221 TTT_WAIT target=9 elapsed=0s need=2s
UE 222 TTT_WAIT target=6 elapsed=0s need=2s
LM HO_FAIL_LOW_RSRP UE=223 currCell=6 candCell=1 candRsrp=-124.747 < min=-120
UE 224 TTT_WAIT target=1 elapsed=0s need=2s
UE 225 TTT_WAIT target=3 elapsed=0s need=2s
LM HO UE=228 rnti=146 7->1 type=TN servingRsrp=-103.03 targetRsrp=-95.7442 targetLoadReal=16/20 targetLoadEff=18/20
UE 230 TTT_WAIT target=13 elapsed=0s need=2s
UE 231 TTT_WAIT target=3 elapsed=0s need=2s
LM HO_FAIL_LOW_RSRP UE=234 currCell=1 candCell=3 candRsrp=-124.417 < min=-120
UE 236 TTT_WAIT target=13 elapsed=0s need=2s
UE 239 TTT_WAIT target=3 elapsed=0s need=2s
UE 241 TTT_WAIT target=3 elapsed=0s need=2s
UE 242 TTT_WAIT target=1 elapsed=0s need=2s
UE 243 TTT_WAIT target=3 elapsed=0s need=2s
---- LOAD at t=117.5 ----
  cell 1 (TN) load=18/20
  cell 2 (TN) load=18/20
  cell 3 (TN) load=18/20
  cell 4 (TN) load=20/20
  cell 5 (TN) load=19/20
  cell 6 (TN) load=18/20
  cell 7 (TN) load=19/20
  cell 8 (TN) load=18/20
  cell 9 (NTN) load=7/10
  cell 10 (NTN) load=10/10
  cell 11 (NTN) load=10/10
  cell 12 (NTN) load=10/10
  cell 13 (NTN) load=7/10
  cell 14 (NTN) load=10/10
UE 15 TTT_WAIT target=7 elapsed=0s need=2s
UE 16 TTT_WAIT target=6 elapsed=0s need=2s
LM HO UE=20 rnti=105 3->5 type=TN servingRsrp=-113.293 targetRsrp=-95.8017 targetLoadReal=19/20 targetLoadEff=19/20
UE 23 TTT_WAIT target=2 elapsed=0s need=2s
UE 26 TTT_WAIT target=2 elapsed=0s need=2s
UE 27 TTT_WAIT target=8 elapsed=0s need=2s
UE 31 TTT_WAIT target=3 elapsed=0s need=2s
UE 34 TTT_WAIT target=9 elapsed=0s need=2s
LM HO_FAIL_LOW_RSRP UE=41 currCell=3 candCell=13 candRsrp=-125.898 < min=-120
UE 44 TTT_WAIT target=1 elapsed=0s need=2s
UE 45 TTT_WAIT target=6 elapsed=0s need=2s
LM HO UE=46 rnti=157 5->6 type=TN servingRsrp=-104.796 targetRsrp=-87.8536 targetLoadReal=18/20 targetLoadEff=18/20
UE 50 TTT_WAIT target=7 elapsed=0s need=2s
UE 52 TTT_WAIT target=9 elapsed=0s need=2s
UE 53 TTT_WAIT target=7 elapsed=0s need=2s
UE 54 TTT_WAIT target=13 elapsed=0s need=2s
UE 55 TTT_WAIT target=3 elapsed=0s need=2s
LM HO UE=56 rnti=65 4->6 type=TN servingRsrp=-123.486 targetRsrp=-79.6164 targetLoadReal=18/20 targetLoadEff=19/20
UE 58 TTT_WAIT target=8 elapsed=0s need=2s
UE 59 TTT_WAIT target=7 elapsed=0s need=2s
UE 61 TTT_WAIT target=2 elapsed=0s need=2s
UE 63 TTT_WAIT target=3 elapsed=0s need=2s
UE 64 TTT_WAIT target=8 elapsed=0s need=2s
LM HO_FAIL_LOW_RSRP UE=65 currCell=12 candCell=13 candRsrp=-130.717 < min=-120
UE 66 TTT_WAIT target=3 elapsed=0s need=2s
UE 67 TTT_WAIT target=1 elapsed=0s need=2s
UE 68 TTT_WAIT target=3 elapsed=0s need=2s
UE 69 TTT_WAIT target=1 elapsed=0s need=2s
UE 70 TTT_WAIT target=7 elapsed=0s need=2s
UE 71 TTT_WAIT target=2 elapsed=0s need=2s
UE 72 TTT_WAIT target=2 elapsed=0s need=2s
UE 75 TTT_WAIT target=1 elapsed=0s need=2s
UE 76 TTT_WAIT target=7 elapsed=0s need=2s
LM HO UE=78 rnti=96 12->3 type=TN servingRsrp=-123.485 targetRsrp=-100.048 targetLoadReal=18/20 targetLoadEff=18/20
UE 79 TTT_WAIT target=7 elapsed=0s need=2s
UE 83 TTT_WAIT target=7 elapsed=0s need=2s
UE 84 TTT_WAIT target=7 elapsed=0s need=2s
UE 86 TTT_WAIT target=7 elapsed=0s need=2s
UE 90 TTT_WAIT target=7 elapsed=0s need=2s
UE 91 TTT_WAIT target=3 elapsed=0s need=2s
UE 92 TTT_WAIT target=8 elapsed=0s need=2s
UE 95 TTT_WAIT target=8 elapsed=0s need=2s
UE 96 TTT_WAIT target=3 elapsed=0s need=2s
LM HO UE=97 rnti=105 2->1 type=TN servingRsrp=-119.87 targetRsrp=-96.1759 targetLoadReal=18/20 targetLoadEff=18/20
UE 99 TTT_WAIT target=7 elapsed=0s need=2s
UE 102 TTT_WAIT target=7 elapsed=0s need=2s
UE 103 TTT_WAIT target=8 elapsed=0s need=2s
UE 104 TTT_WAIT target=9 elapsed=0s need=2s
UE 105 TTT_WAIT target=13 elapsed=0s need=2s
UE 106 TTT_WAIT target=9 elapsed=0s need=2s
UE 107 TTT_WAIT target=1 elapsed=0s need=2s
UE 108 TTT_WAIT target=1 elapsed=0s need=2s
UE 109 TTT_WAIT target=2 elapsed=0s need=2s
UE 110 TTT_WAIT target=3 elapsed=0s need=2s
UE 111 TTT_WAIT target=1 elapsed=0s need=2s
LM HO UE=112 rnti=100 3->1 type=TN servingRsrp=-128.888 targetRsrp=-73.4257 targetLoadReal=18/20 targetLoadEff=19/20
UE 113 TTT_WAIT target=3 elapsed=0s need=2s
UE 114 TTT_WAIT target=2 elapsed=0s need=2s
LM HO UE=117 rnti=57 4->3 type=TN servingRsrp=-113.284 targetRsrp=-88.8821 targetLoadReal=18/20 targetLoadEff=19/20
LM HO_FAIL_LOW_RSRP UE=121 currCell=11 candCell=13 candRsrp=-121.252 < min=-120
UE 123 TTT_WAIT target=13 elapsed=0s need=2s
UE 124 TTT_WAIT target=8 elapsed=0s need=2s
UE 125 TTT_WAIT target=2 elapsed=0s need=2s
UE 126 TTT_WAIT target=8 elapsed=0s need=2s
LM HO_FAIL_LOW_RSRP UE=127 currCell=8 candCell=13 candRsrp=-128.466 < min=-120
UE 131 TTT_WAIT target=13 elapsed=0s need=2s
UE 132 TTT_WAIT target=2 elapsed=0s need=2s
UE 133 TTT_WAIT target=2 elapsed=0s need=2s
UE 134 TTT_WAIT target=8 elapsed=0s need=2s
UE 135 TTT_WAIT target=8 elapsed=0s need=2s
UE 138 TTT_WAIT target=2 elapsed=0s need=2s
UE 139 TTT_WAIT target=7 elapsed=0s need=2s
UE 141 TTT_WAIT target=8 elapsed=0s need=2s
LM HO_FAIL_LOW_RSRP UE=142 currCell=12 candCell=9 candRsrp=-121.494 < min=-120
UE 143 TTT_WAIT target=2 elapsed=0s need=2s
UE 144 TTT_WAIT target=9 elapsed=0s need=2s
LM HO_FAIL_LOW_RSRP UE=145 currCell=8 candCell=7 candRsrp=-123.831 < min=-120
UE 147 TTT_WAIT target=7 elapsed=0s need=2s
LM HO_FAIL_LOW_RSRP UE=150 currCell=1 candCell=9 candRsrp=-127.384 < min=-120
UE 155 TTT_WAIT target=2 elapsed=0s need=2s
UE 156 TTT_WAIT target=9 elapsed=0s need=2s
UE 157 TTT_WAIT target=8 elapsed=0s need=2s
UE 158 TTT_WAIT target=2 elapsed=0s need=2s
UE 167 TTT_WAIT target=7 elapsed=0s need=2s
UE 168 TTT_WAIT target=13 elapsed=0s need=2s
UE 169 TTT_WAIT target=13 elapsed=0s need=2s
UE 170 TTT_WAIT target=7 elapsed=0s need=2s
LM HO_FAIL_LOW_RSRP UE=174 currCell=8 candCell=13 candRsrp=-129.587 < min=-120
UE 177 TTT_WAIT target=7 elapsed=0s need=2s
UE 179 TTT_WAIT target=7 elapsed=0s need=2s
UE 180 TTT_WAIT target=2 elapsed=0s need=2s
UE 181 TTT_WAIT target=7 elapsed=0s need=2s
LM HO_FAIL_LOW_RSRP UE=182 currCell=8 candCell=9 candRsrp=-129.863 < min=-120
LM HO_FAIL_LOW_RSRP UE=183 currCell=7 candCell=9 candRsrp=-132.846 < min=-120
UE 186 TTT_WAIT target=2 elapsed=0s need=2s
UE 188 TTT_WAIT target=8 elapsed=0s need=2s
UE 190 TTT_WAIT target=13 elapsed=0s need=2s
UE 193 TTT_WAIT target=8 elapsed=0s need=2s
UE 194 TTT_WAIT target=8 elapsed=0s need=2s
UE 195 TTT_WAIT target=8 elapsed=0s need=2s
UE 198 TTT_WAIT target=7 elapsed=0s need=2s
UE 202 TTT_WAIT target=8 elapsed=0s need=2s
UE 204 TTT_WAIT target=9 elapsed=0s need=2s
UE 205 TTT_WAIT target=8 elapsed=0s need=2s
UE 206 TTT_WAIT target=7 elapsed=0s need=2s
UE 211 TTT_WAIT target=8 elapsed=0s need=2s
UE 213 TTT_WAIT target=8 elapsed=0s need=2s
UE 217 TTT_WAIT target=7 elapsed=0s need=2s
UE 218 TTT_WAIT target=7 elapsed=0s need=2s
UE 221 TTT_WAIT target=7 elapsed=0s need=2s
UE 223 TTT_WAIT target=7 elapsed=0s need=2s
LM HO_FAIL_LOW_RSRP UE=224 currCell=6 candCell=13 candRsrp=-128.799 < min=-120
UE 225 TTT_WAIT target=8 elapsed=0s need=2s
UE 228 TTT_WAIT target=2 elapsed=0s need=2s
UE 230 TTT_WAIT target=8 elapsed=0s need=2s
LM HO_FAIL_LOW_RSRP UE=234 currCell=1 candCell=8 candRsrp=-122.31 < min=-120
UE 236 TTT_WAIT target=2 elapsed=0s need=2s
UE 239 TTT_WAIT target=7 elapsed=0s need=2s
UE 240 TTT_WAIT target=2 elapsed=0s need=2s
LM HO_FAIL_LOW_RSRP UE=241 currCell=6 candCell=8 candRsrp=-127.099 < min=-120
UE 243 TTT_WAIT target=7 elapsed=0s need=2s
