NR: trying ns3::NrMacSchedulerOfdmaPF
NR: using ns3::NrMacSchedulerOfdmaPF
---- INIT_ATTACH t=0 UE(imsi)=14 ----
  candOK0 cell=6 rsrp=-117.028 occ=0/20 -> OK
  SELECT cell=6 rsrp=-117.028 occ(afterReserve)=1/20
  INIT_ATTACH_OK: UE(imsi)=14 -> cell=6
---- INIT_ATTACH t=0 UE(imsi)=15 ----
  candOK0 cell=3 rsrp=-116.739 occ=0/20 -> OK
  SELECT cell=3 rsrp=-116.739 occ(afterReserve)=1/20
  INIT_ATTACH_OK: UE(imsi)=15 -> cell=3
---- INIT_ATTACH t=0 UE(imsi)=16 ----
  INIT_ATTACH_FAIL_ALL_LOW_RSRP: UE(imsi)=16 bestRsrp=-128.194 < min=-120 (all cells below threshold) retryIn=2s
---- INIT_ATTACH t=0 UE(imsi)=17 ----
  candOK0 cell=9 rsrp=-119.866 occ=0/10 -> OK
  SELECT cell=9 rsrp=-119.866 occ(afterReserve)=1/10
  INIT_ATTACH_OK: UE(imsi)=17 -> cell=9
---- INIT_ATTACH t=0 UE(imsi)=18 ----
  INIT_ATTACH_FAIL_ALL_LOW_RSRP: UE(imsi)=18 bestRsrp=-121.659 < min=-120 (all cells below threshold) retryIn=2s
---- INIT_ATTACH t=0 UE(imsi)=19 ----
  INIT_ATTACH_FAIL_ALL_LOW_RSRP: UE(imsi)=19 bestRsrp=-136.196 < min=-120 (all cells below threshold) retryIn=2s
---- INIT_ATTACH t=0 UE(imsi)=20 ----
  INIT_ATTACH_FAIL_ALL_LOW_RSRP: UE(imsi)=20 bestRsrp=-152.658 < min=-120 (all cells below threshold) retryIn=2s
---- INIT_ATTACH t=0 UE(imsi)=21 ----
  candOK0 cell=12 rsrp=-118.848 occ=0/10 -> OK
  SELECT cell=12 rsrp=-118.848 occ(afterReserve)=1/10
  INIT_ATTACH_OK: UE(imsi)=21 -> cell=12
---- INIT_ATTACH t=0 UE(imsi)=22 ----
  candOK0 cell=6 rsrp=-106.339 occ=1/20 -> OK
  SELECT cell=6 rsrp=-106.339 occ(afterReserve)=2/20
  INIT_ATTACH_OK: UE(imsi)=22 -> cell=6
---- INIT_ATTACH t=0 UE(imsi)=23 ----
  INIT_ATTACH_FAIL_ALL_LOW_RSRP: UE(imsi)=23 bestRsrp=-147.401 < min=-120 (all cells below threshold) retryIn=2s
---- INIT_ATTACH t=0 UE(imsi)=24 ----
  INIT_ATTACH_FAIL_ALL_LOW_RSRP: UE(imsi)=24 bestRsrp=-129.943 < min=-120 (all cells below threshold) retryIn=2s
---- INIT_ATTACH t=0 UE(imsi)=25 ----
  INIT_ATTACH_FAIL_ALL_LOW_RSRP: UE(imsi)=25 bestRsrp=-139.253 < min=-120 (all cells below threshold) retryIn=2s
---- INIT_ATTACH t=0 UE(imsi)=26 ----
  INIT_ATTACH_FAIL_ALL_LOW_RSRP: UE(imsi)=26 bestRsrp=-146.619 < min=-120 (all cells below threshold) retryIn=2s
---- INIT_ATTACH t=0 UE(imsi)=27 ----
  candOK0 cell=9 rsrp=-88.9263 occ=1/10 -> OK
  SELECT cell=9 rsrp=-88.9263 occ(afterReserve)=2/10
  INIT_ATTACH_OK: UE(imsi)=27 -> cell=9
---- INIT_ATTACH t=0 UE(imsi)=28 ----
  INIT_ATTACH_FAIL_ALL_LOW_RSRP: UE(imsi)=28 bestRsrp=-136.111 < min=-120 (all cells below threshold) retryIn=2s
---- INIT_ATTACH t=0 UE(imsi)=29 ----
  INIT_ATTACH_FAIL_ALL_LOW_RSRP: UE(imsi)=29 bestRsrp=-153.394 < min=-120 (all cells below threshold) retryIn=2s
---- INIT_ATTACH t=0 UE(imsi)=30 ----
  INIT_ATTACH_FAIL_ALL_LOW_RSRP: UE(imsi)=30 bestRsrp=-130.591 < min=-120 (all cells below threshold) retryIn=2s
---- INIT_ATTACH t=0 UE(imsi)=31 ----
  INIT_ATTACH_FAIL_ALL_LOW_RSRP: UE(imsi)=31 bestRsrp=-126.847 < min=-120 (all cells below threshold) retryIn=2s
---- INIT_ATTACH t=0 UE(imsi)=32 ----
  INIT_ATTACH_FAIL_ALL_LOW_RSRP: UE(imsi)=32 bestRsrp=-133.756 < min=-120 (all cells below threshold) retryIn=2s
---- INIT_ATTACH t=0 UE(imsi)=33 ----
  candOK0 cell=4 rsrp=-89.5163 occ=0/20 -> OK
  SELECT cell=4 rsrp=-89.5163 occ(afterReserve)=1/20
  INIT_ATTACH_OK: UE(imsi)=33 -> cell=4
---- INIT_ATTACH t=0 UE(imsi)=34 ----
  INIT_ATTACH_FAIL_ALL_LOW_RSRP: UE(imsi)=34 bestRsrp=-122.343 < min=-120 (all cells below threshold) retryIn=2s
---- INIT_ATTACH t=0 UE(imsi)=35 ----
  INIT_ATTACH_FAIL_ALL_LOW_RSRP: UE(imsi)=35 bestRsrp=-132.775 < min=-120 (all cells below threshold) retryIn=2s
---- INIT_ATTACH t=0 UE(imsi)=36 ----
  INIT_ATTACH_FAIL_ALL_LOW_RSRP: UE(imsi)=36 bestRsrp=-141.828 < min=-120 (all cells below threshold) retryIn=2s
---- INIT_ATTACH t=0 UE(imsi)=37 ----
  INIT_ATTACH_FAIL_ALL_LOW_RSRP: UE(imsi)=37 bestRsrp=-122.165 < min=-120 (all cells below threshold) retryIn=2s
---- INIT_ATTACH t=0 UE(imsi)=38 ----
  INIT_ATTACH_FAIL_ALL_LOW_RSRP: UE(imsi)=38 bestRsrp=-150.95 < min=-120 (all cells below threshold) retryIn=2s
---- INIT_ATTACH t=0 UE(imsi)=39 ----
  INIT_ATTACH_FAIL_ALL_LOW_RSRP: UE(imsi)=39 bestRsrp=-131.771 < min=-120 (all cells below threshold) retryIn=2s
---- INIT_ATTACH t=0 UE(imsi)=40 ----
  candOK0 cell=11 rsrp=-113.738 occ=0/10 -> OK
  SELECT cell=11 rsrp=-113.738 occ(afterReserve)=1/10
  INIT_ATTACH_OK: UE(imsi)=40 -> cell=11
---- INIT_ATTACH t=0 UE(imsi)=41 ----
  candOK0 cell=14 rsrp=-102.223 occ=0/10 -> OK
  SELECT cell=14 rsrp=-102.223 occ(afterReserve)=1/10
  INIT_ATTACH_OK: UE(imsi)=41 -> cell=14
---- INIT_ATTACH t=0 UE(imsi)=42 ----
  INIT_ATTACH_FAIL_ALL_LOW_RSRP: UE(imsi)=42 bestRsrp=-123.834 < min=-120 (all cells below threshold) retryIn=2s
---- INIT_ATTACH t=0 UE(imsi)=43 ----
  INIT_ATTACH_FAIL_ALL_LOW_RSRP: UE(imsi)=43 bestRsrp=-134.517 < min=-120 (all cells below threshold) retryIn=2s
---- INIT_ATTACH t=0 UE(imsi)=44 ----
  INIT_ATTACH_FAIL_ALL_LOW_RSRP: UE(imsi)=44 bestRsrp=-137.762 < min=-120 (all cells below threshold) retryIn=2s
---- INIT_ATTACH t=0 UE(imsi)=45 ----
  INIT_ATTACH_FAIL_ALL_LOW_RSRP: UE(imsi)=45 bestRsrp=-122.31 < min=-120 (all cells below threshold) retryIn=2s
---- INIT_ATTACH t=0 UE(imsi)=46 ----
  INIT_ATTACH_FAIL_ALL_LOW_RSRP: UE(imsi)=46 bestRsrp=-138.395 < min=-120 (all cells below threshold) retryIn=2s
---- INIT_ATTACH t=0 UE(imsi)=47 ----
  INIT_ATTACH_FAIL_ALL_LOW_RSRP: UE(imsi)=47 bestRsrp=-138.731 < min=-120 (all cells below threshold) retryIn=2s
---- INIT_ATTACH t=0 UE(imsi)=48 ----
  INIT_ATTACH_FAIL_ALL_LOW_RSRP: UE(imsi)=48 bestRsrp=-141.452 < min=-120 (all cells below threshold) retryIn=2s
---- INIT_ATTACH t=0 UE(imsi)=49 ----
  candOK0 cell=9 rsrp=-100.441 occ=2/10 -> OK
  SELECT cell=9 rsrp=-100.441 occ(afterReserve)=3/10
  INIT_ATTACH_OK: UE(imsi)=49 -> cell=9
---- INIT_ATTACH t=0 UE(imsi)=50 ----
  INIT_ATTACH_FAIL_ALL_LOW_RSRP: UE(imsi)=50 bestRsrp=-129.682 < min=-120 (all cells below threshold) retryIn=2s
---- INIT_ATTACH t=0 UE(imsi)=51 ----
  candOK0 cell=4 rsrp=-117.968 occ=1/20 -> OK
  SELECT cell=4 rsrp=-117.968 occ(afterReserve)=2/20
  INIT_ATTACH_OK: UE(imsi)=51 -> cell=4
---- INIT_ATTACH t=0 UE(imsi)=52 ----
  INIT_ATTACH_FAIL_ALL_LOW_RSRP: UE(imsi)=52 bestRsrp=-125.498 < min=-120 (all cells below threshold) retryIn=2s
---- INIT_ATTACH t=0 UE(imsi)=53 ----
  INIT_ATTACH_FAIL_ALL_LOW_RSRP: UE(imsi)=53 bestRsrp=-143.193 < min=-120 (all cells below threshold) retryIn=2s
---- INIT_ATTACH t=0 UE(imsi)=54 ----
  INIT_ATTACH_FAIL_ALL_LOW_RSRP: UE(imsi)=54 bestRsrp=-146.106 < min=-120 (all cells below threshold) retryIn=2s
---- INIT_ATTACH t=0 UE(imsi)=55 ----
  INIT_ATTACH_FAIL_ALL_LOW_RSRP: UE(imsi)=55 bestRsrp=-156.228 < min=-120 (all cells below threshold) retryIn=2s
---- INIT_ATTACH t=0 UE(imsi)=56 ----
  candOK0 cell=10 rsrp=-86.4294 occ=0/10 -> OK
  SELECT cell=10 rsrp=-86.4294 occ(afterReserve)=1/10
  INIT_ATTACH_OK: UE(imsi)=56 -> cell=10
---- INIT_ATTACH t=0 UE(imsi)=57 ----
  INIT_ATTACH_FAIL_ALL_LOW_RSRP: UE(imsi)=57 bestRsrp=-132.499 < min=-120 (all cells below threshold) retryIn=2s
---- INIT_ATTACH t=0 UE(imsi)=58 ----
  candOK0 cell=14 rsrp=-97.7548 occ=1/10 -> OK
  SELECT cell=14 rsrp=-97.7548 occ(afterReserve)=2/10
  INIT_ATTACH_OK: UE(imsi)=58 -> cell=14
---- INIT_ATTACH t=0 UE(imsi)=59 ----
  candOK0 cell=11 rsrp=-101.107 occ=1/10 -> OK
  candOK1 cell=5 rsrp=-102.696 occ=0/20 -> OK
  SELECT cell=11 rsrp=-101.107 occ(afterReserve)=2/10
  INIT_ATTACH_OK: UE(imsi)=59 -> cell=11
---- INIT_ATTACH t=0 UE(imsi)=60 ----
  candOK0 cell=6 rsrp=-115.367 occ=2/20 -> OK
  candOK1 cell=9 rsrp=-115.719 occ=3/10 -> OK
  SELECT cell=6 rsrp=-115.367 occ(afterReserve)=3/20
  INIT_ATTACH_OK: UE(imsi)=60 -> cell=6
---- INIT_ATTACH t=0 UE(imsi)=61 ----
  INIT_ATTACH_FAIL_ALL_LOW_RSRP: UE(imsi)=61 bestRsrp=-144.093 < min=-120 (all cells below threshold) retryIn=2s
---- INIT_ATTACH t=0 UE(imsi)=62 ----
  INIT_ATTACH_FAIL_ALL_LOW_RSRP: UE(imsi)=62 bestRsrp=-131.773 < min=-120 (all cells below threshold) retryIn=2s
---- INIT_ATTACH t=0 UE(imsi)=63 ----
  INIT_ATTACH_FAIL_ALL_LOW_RSRP: UE(imsi)=63 bestRsrp=-138.289 < min=-120 (all cells below threshold) retryIn=2s
---- INIT_ATTACH t=0 UE(imsi)=64 ----
  INIT_ATTACH_FAIL_ALL_LOW_RSRP: UE(imsi)=64 bestRsrp=-123.841 < min=-120 (all cells below threshold) retryIn=2s
---- INIT_ATTACH t=0 UE(imsi)=65 ----
  candOK0 cell=11 rsrp=-118.59 occ=2/10 -> OK
  SELECT cell=11 rsrp=-118.59 occ(afterReserve)=3/10
  INIT_ATTACH_OK: UE(imsi)=65 -> cell=11
---- INIT_ATTACH t=0 UE(imsi)=66 ----
  INIT_ATTACH_FAIL_ALL_LOW_RSRP: UE(imsi)=66 bestRsrp=-124.181 < min=-120 (all cells below threshold) retryIn=2s
---- INIT_ATTACH t=0 UE(imsi)=67 ----
  INIT_ATTACH_FAIL_ALL_LOW_RSRP: UE(imsi)=67 bestRsrp=-140.745 < min=-120 (all cells below threshold) retryIn=2s
---- INIT_ATTACH t=0 UE(imsi)=68 ----
  INIT_ATTACH_FAIL_ALL_LOW_RSRP: UE(imsi)=68 bestRsrp=-139.517 < min=-120 (all cells below threshold) retryIn=2s
---- INIT_ATTACH t=0 UE(imsi)=69 ----
  INIT_ATTACH_FAIL_ALL_LOW_RSRP: UE(imsi)=69 bestRsrp=-127.52 < min=-120 (all cells below threshold) retryIn=2s
---- INIT_ATTACH t=0 UE(imsi)=70 ----
  INIT_ATTACH_FAIL_ALL_LOW_RSRP: UE(imsi)=70 bestRsrp=-131.221 < min=-120 (all cells below threshold) retryIn=2s
---- INIT_ATTACH t=0 UE(imsi)=71 ----
  INIT_ATTACH_FAIL_ALL_LOW_RSRP: UE(imsi)=71 bestRsrp=-129.512 < min=-120 (all cells below threshold) retryIn=2s
---- INIT_ATTACH t=0 UE(imsi)=72 ----
  INIT_ATTACH_FAIL_ALL_LOW_RSRP: UE(imsi)=72 bestRsrp=-138.806 < min=-120 (all cells below threshold) retryIn=2s
---- INIT_ATTACH t=0 UE(imsi)=73 ----
  INIT_ATTACH_FAIL_ALL_LOW_RSRP: UE(imsi)=73 bestRsrp=-146.819 < min=-120 (all cells below threshold) retryIn=2s
---- INIT_ATTACH t=0 UE(imsi)=74 ----
  INIT_ATTACH_FAIL_ALL_LOW_RSRP: UE(imsi)=74 bestRsrp=-146.039 < min=-120 (all cells below threshold) retryIn=2s
---- INIT_ATTACH t=0 UE(imsi)=75 ----
  INIT_ATTACH_FAIL_ALL_LOW_RSRP: UE(imsi)=75 bestRsrp=-124.521 < min=-120 (all cells below threshold) retryIn=2s
---- INIT_ATTACH t=0 UE(imsi)=76 ----
  INIT_ATTACH_FAIL_ALL_LOW_RSRP: UE(imsi)=76 bestRsrp=-144.273 < min=-120 (all cells below threshold) retryIn=2s
---- INIT_ATTACH t=0 UE(imsi)=77 ----
  candOK0 cell=13 rsrp=-113.651 occ=0/10 -> OK
  SELECT cell=13 rsrp=-113.651 occ(afterReserve)=1/10
  INIT_ATTACH_OK: UE(imsi)=77 -> cell=13
---- INIT_ATTACH t=0 UE(imsi)=78 ----
  INIT_ATTACH_FAIL_ALL_LOW_RSRP: UE(imsi)=78 bestRsrp=-128.303 < min=-120 (all cells below threshold) retryIn=2s
---- INIT_ATTACH t=0 UE(imsi)=79 ----
  candOK0 cell=1 rsrp=-92.7384 occ=0/20 -> OK
  SELECT cell=1 rsrp=-92.7384 occ(afterReserve)=1/20
  INIT_ATTACH_OK: UE(imsi)=79 -> cell=1
---- INIT_ATTACH t=0 UE(imsi)=80 ----
  candOK0 cell=8 rsrp=-117.271 occ=0/20 -> OK
  SELECT cell=8 rsrp=-117.271 occ(afterReserve)=1/20
  INIT_ATTACH_OK: UE(imsi)=80 -> cell=8
---- INIT_ATTACH t=0 UE(imsi)=81 ----
  INIT_ATTACH_FAIL_ALL_LOW_RSRP: UE(imsi)=81 bestRsrp=-140.852 < min=-120 (all cells below threshold) retryIn=2s
---- INIT_ATTACH t=0 UE(imsi)=82 ----
  candOK0 cell=9 rsrp=-95.8365 occ=3/10 -> OK
  SELECT cell=9 rsrp=-95.8365 occ(afterReserve)=4/10
  INIT_ATTACH_OK: UE(imsi)=82 -> cell=9
---- INIT_ATTACH t=0 UE(imsi)=83 ----
  INIT_ATTACH_FAIL_ALL_LOW_RSRP: UE(imsi)=83 bestRsrp=-124.627 < min=-120 (all cells below threshold) retryIn=2s
---- INIT_ATTACH t=0 UE(imsi)=84 ----
  INIT_ATTACH_FAIL_ALL_LOW_RSRP: UE(imsi)=84 bestRsrp=-128.504 < min=-120 (all cells below threshold) retryIn=2s
---- INIT_ATTACH t=0 UE(imsi)=85 ----
  INIT_ATTACH_FAIL_ALL_LOW_RSRP: UE(imsi)=85 bestRsrp=-145.979 < min=-120 (all cells below threshold) retryIn=2s
---- INIT_ATTACH t=0 UE(imsi)=86 ----
  INIT_ATTACH_FAIL_ALL_LOW_RSRP: UE(imsi)=86 bestRsrp=-132.356 < min=-120 (all cells below threshold) retryIn=2s
---- INIT_ATTACH t=0 UE(imsi)=87 ----
  INIT_ATTACH_FAIL_ALL_LOW_RSRP: UE(imsi)=87 bestRsrp=-140.368 < min=-120 (all cells below threshold) retryIn=2s
---- INIT_ATTACH t=0 UE(imsi)=88 ----
  INIT_ATTACH_FAIL_ALL_LOW_RSRP: UE(imsi)=88 bestRsrp=-130.568 < min=-120 (all cells below threshold) retryIn=2s
---- INIT_ATTACH t=0 UE(imsi)=89 ----
  INIT_ATTACH_FAIL_ALL_LOW_RSRP: UE(imsi)=89 bestRsrp=-127.285 < min=-120 (all cells below threshold) retryIn=2s
---- INIT_ATTACH t=0 UE(imsi)=90 ----
  candOK0 cell=5 rsrp=-84.6214 occ=0/20 -> OK
  SELECT cell=5 rsrp=-84.6214 occ(afterReserve)=1/20
  INIT_ATTACH_OK: UE(imsi)=90 -> cell=5
---- INIT_ATTACH t=0 UE(imsi)=91 ----
  candOK0 cell=12 rsrp=-117.156 occ=1/10 -> OK
  SELECT cell=12 rsrp=-117.156 occ(afterReserve)=2/10
  INIT_ATTACH_OK: UE(imsi)=91 -> cell=12
---- INIT_ATTACH t=0 UE(imsi)=92 ----
  INIT_ATTACH_FAIL_ALL_LOW_RSRP: UE(imsi)=92 bestRsrp=-135.289 < min=-120 (all cells below threshold) retryIn=2s
---- INIT_ATTACH t=0 UE(imsi)=93 ----
  INIT_ATTACH_FAIL_ALL_LOW_RSRP: UE(imsi)=93 bestRsrp=-127.384 < min=-120 (all cells below threshold) retryIn=2s
---- INIT_ATTACH t=0 UE(imsi)=94 ----
  INIT_ATTACH_FAIL_ALL_LOW_RSRP: UE(imsi)=94 bestRsrp=-131.616 < min=-120 (all cells below threshold) retryIn=2s
---- INIT_ATTACH t=0 UE(imsi)=95 ----
  INIT_ATTACH_FAIL_ALL_LOW_RSRP: UE(imsi)=95 bestRsrp=-141.674 < min=-120 (all cells below threshold) retryIn=2s
---- INIT_ATTACH t=0 UE(imsi)=96 ----
  candOK0 cell=14 rsrp=-107.407 occ=2/10 -> OK
  SELECT cell=14 rsrp=-107.407 occ(afterReserve)=3/10
  INIT_ATTACH_OK: UE(imsi)=96 -> cell=14
---- INIT_ATTACH t=0 UE(imsi)=97 ----
  INIT_ATTACH_FAIL_ALL_LOW_RSRP: UE(imsi)=97 bestRsrp=-146.352 < min=-120 (all cells below threshold) retryIn=2s
---- INIT_ATTACH t=0 UE(imsi)=98 ----
  INIT_ATTACH_FAIL_ALL_LOW_RSRP: UE(imsi)=98 bestRsrp=-132.844 < min=-120 (all cells below threshold) retryIn=2s
---- INIT_ATTACH t=0 UE(imsi)=99 ----
  INIT_ATTACH_FAIL_ALL_LOW_RSRP: UE(imsi)=99 bestRsrp=-128.011 < min=-120 (all cells below threshold) retryIn=2s
---- INIT_ATTACH t=0 UE(imsi)=100 ----
  candOK0 cell=3 rsrp=-92.0157 occ=1/20 -> OK
  SELECT cell=3 rsrp=-92.0157 occ(afterReserve)=2/20
  INIT_ATTACH_OK: UE(imsi)=100 -> cell=3
---- INIT_ATTACH t=0 UE(imsi)=101 ----
  INIT_ATTACH_FAIL_ALL_LOW_RSRP: UE(imsi)=101 bestRsrp=-131.977 < min=-120 (all cells below threshold) retryIn=2s
---- INIT_ATTACH t=0 UE(imsi)=102 ----
  INIT_ATTACH_FAIL_ALL_LOW_RSRP: UE(imsi)=102 bestRsrp=-128.221 < min=-120 (all cells below threshold) retryIn=2s
---- INIT_ATTACH t=0 UE(imsi)=103 ----
  INIT_ATTACH_FAIL_ALL_LOW_RSRP: UE(imsi)=103 bestRsrp=-125.194 < min=-120 (all cells below threshold) retryIn=2s
---- INIT_ATTACH t=0 UE(imsi)=104 ----
  INIT_ATTACH_FAIL_ALL_LOW_RSRP: UE(imsi)=104 bestRsrp=-122.669 < min=-120 (all cells below threshold) retryIn=2s
---- INIT_ATTACH t=0 UE(imsi)=105 ----
  candOK0 cell=10 rsrp=-105.874 occ=1/10 -> OK
  SELECT cell=10 rsrp=-105.874 occ(afterReserve)=2/10
  INIT_ATTACH_OK: UE(imsi)=105 -> cell=10
---- INIT_ATTACH t=0 UE(imsi)=106 ----
  INIT_ATTACH_FAIL_ALL_LOW_RSRP: UE(imsi)=106 bestRsrp=-123.166 < min=-120 (all cells below threshold) retryIn=2s
---- INIT_ATTACH t=0 UE(imsi)=107 ----
  INIT_ATTACH_FAIL_ALL_LOW_RSRP: UE(imsi)=107 bestRsrp=-130.269 < min=-120 (all cells below threshold) retryIn=2s
---- INIT_ATTACH t=0 UE(imsi)=108 ----
  candOK0 cell=3 rsrp=-115.841 occ=2/20 -> OK
  SELECT cell=3 rsrp=-115.841 occ(afterReserve)=3/20
  INIT_ATTACH_OK: UE(imsi)=108 -> cell=3
---- INIT_ATTACH t=0 UE(imsi)=109 ----
  INIT_ATTACH_FAIL_ALL_LOW_RSRP: UE(imsi)=109 bestRsrp=-133.179 < min=-120 (all cells below threshold) retryIn=2s
---- INIT_ATTACH t=0 UE(imsi)=110 ----
  INIT_ATTACH_FAIL_ALL_LOW_RSRP: UE(imsi)=110 bestRsrp=-127.846 < min=-120 (all cells below threshold) retryIn=2s
---- INIT_ATTACH t=0 UE(imsi)=111 ----
  INIT_ATTACH_FAIL_ALL_LOW_RSRP: UE(imsi)=111 bestRsrp=-122.158 < min=-120 (all cells below threshold) retryIn=2s
---- INIT_ATTACH t=0 UE(imsi)=112 ----
  INIT_ATTACH_FAIL_ALL_LOW_RSRP: UE(imsi)=112 bestRsrp=-122.072 < min=-120 (all cells below threshold) retryIn=2s
---- INIT_ATTACH t=0 UE(imsi)=113 ----
  INIT_ATTACH_FAIL_ALL_LOW_RSRP: UE(imsi)=113 bestRsrp=-142.94 < min=-120 (all cells below threshold) retryIn=2s
---- INIT_ATTACH t=0 UE(imsi)=114 ----
  INIT_ATTACH_FAIL_ALL_LOW_RSRP: UE(imsi)=114 bestRsrp=-134.475 < min=-120 (all cells below threshold) retryIn=2s
---- INIT_ATTACH t=0 UE(imsi)=115 ----
  candOK0 cell=7 rsrp=-109.509 occ=0/20 -> OK
  SELECT cell=7 rsrp=-109.509 occ(afterReserve)=1/20
  INIT_ATTACH_OK: UE(imsi)=115 -> cell=7
---- INIT_ATTACH t=0 UE(imsi)=116 ----
  INIT_ATTACH_FAIL_ALL_LOW_RSRP: UE(imsi)=116 bestRsrp=-152.6 < min=-120 (all cells below threshold) retryIn=2s
---- INIT_ATTACH t=0 UE(imsi)=117 ----
  INIT_ATTACH_FAIL_ALL_LOW_RSRP: UE(imsi)=117 bestRsrp=-123.97 < min=-120 (all cells below threshold) retryIn=2s
---- INIT_ATTACH t=0 UE(imsi)=118 ----
  INIT_ATTACH_FAIL_ALL_LOW_RSRP: UE(imsi)=118 bestRsrp=-121.796 < min=-120 (all cells below threshold) retryIn=2s
---- INIT_ATTACH t=0 UE(imsi)=119 ----
  INIT_ATTACH_FAIL_ALL_LOW_RSRP: UE(imsi)=119 bestRsrp=-142.573 < min=-120 (all cells below threshold) retryIn=2s
---- INIT_ATTACH t=0 UE(imsi)=120 ----
  INIT_ATTACH_FAIL_ALL_LOW_RSRP: UE(imsi)=120 bestRsrp=-141.575 < min=-120 (all cells below threshold) retryIn=2s
---- INIT_ATTACH t=0 UE(imsi)=121 ----
  candOK0 cell=14 rsrp=-115.119 occ=3/10 -> OK
  SELECT cell=14 rsrp=-115.119 occ(afterReserve)=4/10
  INIT_ATTACH_OK: UE(imsi)=121 -> cell=14
---- INIT_ATTACH t=0 UE(imsi)=122 ----
  INIT_ATTACH_FAIL_ALL_LOW_RSRP: UE(imsi)=122 bestRsrp=-140.397 < min=-120 (all cells below threshold) retryIn=2s
---- INIT_ATTACH t=0 UE(imsi)=123 ----
  candOK0 cell=13 rsrp=-119.012 occ=1/10 -> OK
  SELECT cell=13 rsrp=-119.012 occ(afterReserve)=2/10
  INIT_ATTACH_OK: UE(imsi)=123 -> cell=13
---- INIT_ATTACH t=0 UE(imsi)=124 ----
  candOK0 cell=8 rsrp=-90.744 occ=1/20 -> OK
  SELECT cell=8 rsrp=-90.744 occ(afterReserve)=2/20
  INIT_ATTACH_OK: UE(imsi)=124 -> cell=8
---- INIT_ATTACH t=0 UE(imsi)=125 ----
  INIT_ATTACH_FAIL_ALL_LOW_RSRP: UE(imsi)=125 bestRsrp=-142.162 < min=-120 (all cells below threshold) retryIn=2s
---- INIT_ATTACH t=0 UE(imsi)=126 ----
  INIT_ATTACH_FAIL_ALL_LOW_RSRP: UE(imsi)=126 bestRsrp=-120.27 < min=-120 (all cells below threshold) retryIn=2s
---- INIT_ATTACH t=0 UE(imsi)=127 ----
  INIT_ATTACH_FAIL_ALL_LOW_RSRP: UE(imsi)=127 bestRsrp=-133.64 < min=-120 (all cells below threshold) retryIn=2s
---- INIT_ATTACH t=0 UE(imsi)=128 ----
  candOK0 cell=5 rsrp=-113.283 occ=1/20 -> OK
  SELECT cell=5 rsrp=-113.283 occ(afterReserve)=2/20
  INIT_ATTACH_OK: UE(imsi)=128 -> cell=5
---- INIT_ATTACH t=2 UE(imsi)=16 ----
  INIT_ATTACH_FAIL_ALL_LOW_RSRP: UE(imsi)=16 bestRsrp=-128.026 < min=-120 (all cells below threshold) retryIn=2s
---- INIT_ATTACH t=2 UE(imsi)=18 ----
  INIT_ATTACH_FAIL_ALL_LOW_RSRP: UE(imsi)=18 bestRsrp=-121.007 < min=-120 (all cells below threshold) retryIn=2s
---- INIT_ATTACH t=2 UE(imsi)=19 ----
  INIT_ATTACH_FAIL_ALL_LOW_RSRP: UE(imsi)=19 bestRsrp=-135.748 < min=-120 (all cells below threshold) retryIn=2s
---- INIT_ATTACH t=2 UE(imsi)=20 ----
  INIT_ATTACH_FAIL_ALL_LOW_RSRP: UE(imsi)=20 bestRsrp=-151.985 < min=-120 (all cells below threshold) retryIn=2s
---- INIT_ATTACH t=2 UE(imsi)=23 ----
  INIT_ATTACH_FAIL_ALL_LOW_RSRP: UE(imsi)=23 bestRsrp=-142.575 < min=-120 (all cells below threshold) retryIn=2s
---- INIT_ATTACH t=2 UE(imsi)=24 ----
  INIT_ATTACH_FAIL_ALL_LOW_RSRP: UE(imsi)=24 bestRsrp=-134.179 < min=-120 (all cells below threshold) retryIn=2s
---- INIT_ATTACH t=2 UE(imsi)=25 ----
  INIT_ATTACH_FAIL_ALL_LOW_RSRP: UE(imsi)=25 bestRsrp=-136.992 < min=-120 (all cells below threshold) retryIn=2s
---- INIT_ATTACH t=2 UE(imsi)=26 ----
  INIT_ATTACH_FAIL_ALL_LOW_RSRP: UE(imsi)=26 bestRsrp=-148.103 < min=-120 (all cells below threshold) retryIn=2s
---- INIT_ATTACH t=2 UE(imsi)=28 ----
  INIT_ATTACH_FAIL_ALL_LOW_RSRP: UE(imsi)=28 bestRsrp=-134.93 < min=-120 (all cells below threshold) retryIn=2s
---- INIT_ATTACH t=2 UE(imsi)=29 ----
  INIT_ATTACH_FAIL_ALL_LOW_RSRP: UE(imsi)=29 bestRsrp=-154.222 < min=-120 (all cells below threshold) retryIn=2s
---- INIT_ATTACH t=2 UE(imsi)=30 ----
  candOK0 cell=12 rsrp=-111.159 occ=2/10 -> OK
  SELECT cell=12 rsrp=-111.159 occ(afterReserve)=3/10
  INIT_ATTACH_OK: UE(imsi)=30 -> cell=12
---- INIT_ATTACH t=2 UE(imsi)=31 ----
  INIT_ATTACH_FAIL_ALL_LOW_RSRP: UE(imsi)=31 bestRsrp=-126.471 < min=-120 (all cells below threshold) retryIn=2s
---- INIT_ATTACH t=2 UE(imsi)=32 ----
  INIT_ATTACH_FAIL_ALL_LOW_RSRP: UE(imsi)=32 bestRsrp=-133.069 < min=-120 (all cells below threshold) retryIn=2s
---- INIT_ATTACH t=2 UE(imsi)=34 ----
  INIT_ATTACH_FAIL_ALL_LOW_RSRP: UE(imsi)=34 bestRsrp=-122.972 < min=-120 (all cells below threshold) retryIn=2s
---- INIT_ATTACH t=2 UE(imsi)=35 ----
  INIT_ATTACH_FAIL_ALL_LOW_RSRP: UE(imsi)=35 bestRsrp=-133.032 < min=-120 (all cells below threshold) retryIn=2s
---- INIT_ATTACH t=2 UE(imsi)=36 ----
  INIT_ATTACH_FAIL_ALL_LOW_RSRP: UE(imsi)=36 bestRsrp=-140.581 < min=-120 (all cells below threshold) retryIn=2s
---- INIT_ATTACH t=2 UE(imsi)=37 ----
  INIT_ATTACH_FAIL_ALL_LOW_RSRP: UE(imsi)=37 bestRsrp=-120.884 < min=-120 (all cells below threshold) retryIn=2s
---- INIT_ATTACH t=2 UE(imsi)=38 ----
  INIT_ATTACH_FAIL_ALL_LOW_RSRP: UE(imsi)=38 bestRsrp=-148.789 < min=-120 (all cells below threshold) retryIn=2s
---- INIT_ATTACH t=2 UE(imsi)=39 ----
  INIT_ATTACH_FAIL_ALL_LOW_RSRP: UE(imsi)=39 bestRsrp=-135.895 < min=-120 (all cells below threshold) retryIn=2s
---- INIT_ATTACH t=2 UE(imsi)=42 ----
  candOK0 cell=10 rsrp=-101.447 occ=2/10 -> OK
  SELECT cell=10 rsrp=-101.447 occ(afterReserve)=3/10
  INIT_ATTACH_OK: UE(imsi)=42 -> cell=10
---- INIT_ATTACH t=2 UE(imsi)=43 ----
  INIT_ATTACH_FAIL_ALL_LOW_RSRP: UE(imsi)=43 bestRsrp=-132.621 < min=-120 (all cells below threshold) retryIn=2s
---- INIT_ATTACH t=2 UE(imsi)=44 ----
  INIT_ATTACH_FAIL_ALL_LOW_RSRP: UE(imsi)=44 bestRsrp=-138.654 < min=-120 (all cells below threshold) retryIn=2s
---- INIT_ATTACH t=2 UE(imsi)=45 ----
  INIT_ATTACH_FAIL_ALL_LOW_RSRP: UE(imsi)=45 bestRsrp=-129.339 < min=-120 (all cells below threshold) retryIn=2s
---- INIT_ATTACH t=2 UE(imsi)=46 ----
  INIT_ATTACH_FAIL_ALL_LOW_RSRP: UE(imsi)=46 bestRsrp=-138.101 < min=-120 (all cells below threshold) retryIn=2s
---- INIT_ATTACH t=2 UE(imsi)=47 ----
  INIT_ATTACH_FAIL_ALL_LOW_RSRP: UE(imsi)=47 bestRsrp=-136.224 < min=-120 (all cells below threshold) retryIn=2s
---- INIT_ATTACH t=2 UE(imsi)=48 ----
  INIT_ATTACH_FAIL_ALL_LOW_RSRP: UE(imsi)=48 bestRsrp=-136.123 < min=-120 (all cells below threshold) retryIn=2s
---- INIT_ATTACH t=2 UE(imsi)=50 ----
  INIT_ATTACH_FAIL_ALL_LOW_RSRP: UE(imsi)=50 bestRsrp=-124.52 < min=-120 (all cells below threshold) retryIn=2s
---- INIT_ATTACH t=2 UE(imsi)=52 ----
  INIT_ATTACH_FAIL_ALL_LOW_RSRP: UE(imsi)=52 bestRsrp=-122.349 < min=-120 (all cells below threshold) retryIn=2s
---- INIT_ATTACH t=2 UE(imsi)=53 ----
  INIT_ATTACH_FAIL_ALL_LOW_RSRP: UE(imsi)=53 bestRsrp=-142.541 < min=-120 (all cells below threshold) retryIn=2s
---- INIT_ATTACH t=2 UE(imsi)=54 ----
  INIT_ATTACH_FAIL_ALL_LOW_RSRP: UE(imsi)=54 bestRsrp=-144.466 < min=-120 (all cells below threshold) retryIn=2s
---- INIT_ATTACH t=2 UE(imsi)=55 ----
  INIT_ATTACH_FAIL_ALL_LOW_RSRP: UE(imsi)=55 bestRsrp=-157.076 < min=-120 (all cells below threshold) retryIn=2s
---- INIT_ATTACH t=2 UE(imsi)=57 ----
  INIT_ATTACH_FAIL_ALL_LOW_RSRP: UE(imsi)=57 bestRsrp=-131.983 < min=-120 (all cells below threshold) retryIn=2s
---- INIT_ATTACH t=2 UE(imsi)=61 ----
  INIT_ATTACH_FAIL_ALL_LOW_RSRP: UE(imsi)=61 bestRsrp=-143.843 < min=-120 (all cells below threshold) retryIn=2s
---- INIT_ATTACH t=2 UE(imsi)=62 ----
  INIT_ATTACH_FAIL_ALL_LOW_RSRP: UE(imsi)=62 bestRsrp=-134.315 < min=-120 (all cells below threshold) retryIn=2s
---- INIT_ATTACH t=2 UE(imsi)=63 ----
  candOK0 cell=7 rsrp=-117.84 occ=1/20 -> OK
  SELECT cell=7 rsrp=-117.84 occ(afterReserve)=2/20
  INIT_ATTACH_OK: UE(imsi)=63 -> cell=7
---- INIT_ATTACH t=2 UE(imsi)=64 ----
  INIT_ATTACH_FAIL_ALL_LOW_RSRP: UE(imsi)=64 bestRsrp=-126.058 < min=-120 (all cells below threshold) retryIn=2s
---- INIT_ATTACH t=2 UE(imsi)=66 ----
  INIT_ATTACH_FAIL_ALL_LOW_RSRP: UE(imsi)=66 bestRsrp=-124.656 < min=-120 (all cells below threshold) retryIn=2s
---- INIT_ATTACH t=2 UE(imsi)=67 ----
  INIT_ATTACH_FAIL_ALL_LOW_RSRP: UE(imsi)=67 bestRsrp=-140.872 < min=-120 (all cells below threshold) retryIn=2s
---- INIT_ATTACH t=2 UE(imsi)=68 ----
  INIT_ATTACH_FAIL_ALL_LOW_RSRP: UE(imsi)=68 bestRsrp=-140.622 < min=-120 (all cells below threshold) retryIn=2s
---- INIT_ATTACH t=2 UE(imsi)=69 ----
  INIT_ATTACH_FAIL_ALL_LOW_RSRP: UE(imsi)=69 bestRsrp=-128.855 < min=-120 (all cells below threshold) retryIn=2s
---- INIT_ATTACH t=2 UE(imsi)=70 ----
  INIT_ATTACH_FAIL_ALL_LOW_RSRP: UE(imsi)=70 bestRsrp=-130.867 < min=-120 (all cells below threshold) retryIn=2s
---- INIT_ATTACH t=2 UE(imsi)=71 ----
  INIT_ATTACH_FAIL_ALL_LOW_RSRP: UE(imsi)=71 bestRsrp=-129.779 < min=-120 (all cells below threshold) retryIn=2s
---- INIT_ATTACH t=2 UE(imsi)=72 ----
  candOK0 cell=2 rsrp=-119.021 occ=0/20 -> OK
  SELECT cell=2 rsrp=-119.021 occ(afterReserve)=1/20
  INIT_ATTACH_OK: UE(imsi)=72 -> cell=2
---- INIT_ATTACH t=2 UE(imsi)=73 ----
  INIT_ATTACH_FAIL_ALL_LOW_RSRP: UE(imsi)=73 bestRsrp=-145.087 < min=-120 (all cells below threshold) retryIn=2s
---- INIT_ATTACH t=2 UE(imsi)=74 ----
  INIT_ATTACH_FAIL_ALL_LOW_RSRP: UE(imsi)=74 bestRsrp=-146.454 < min=-120 (all cells below threshold) retryIn=2s
---- INIT_ATTACH t=2 UE(imsi)=75 ----
  INIT_ATTACH_FAIL_ALL_LOW_RSRP: UE(imsi)=75 bestRsrp=-122.916 < min=-120 (all cells below threshold) retryIn=2s
---- INIT_ATTACH t=2 UE(imsi)=76 ----
  INIT_ATTACH_FAIL_ALL_LOW_RSRP: UE(imsi)=76 bestRsrp=-142.814 < min=-120 (all cells below threshold) retryIn=2s
---- INIT_ATTACH t=2 UE(imsi)=78 ----
  INIT_ATTACH_FAIL_ALL_LOW_RSRP: UE(imsi)=78 bestRsrp=-127.205 < min=-120 (all cells below threshold) retryIn=2s
---- INIT_ATTACH t=2 UE(imsi)=81 ----
  INIT_ATTACH_FAIL_ALL_LOW_RSRP: UE(imsi)=81 bestRsrp=-141.355 < min=-120 (all cells below threshold) retryIn=2s
---- INIT_ATTACH t=2 UE(imsi)=83 ----
  INIT_ATTACH_FAIL_ALL_LOW_RSRP: UE(imsi)=83 bestRsrp=-126.321 < min=-120 (all cells below threshold) retryIn=2s
---- INIT_ATTACH t=2 UE(imsi)=84 ----
  INIT_ATTACH_FAIL_ALL_LOW_RSRP: UE(imsi)=84 bestRsrp=-124.128 < min=-120 (all cells below threshold) retryIn=2s
---- INIT_ATTACH t=2 UE(imsi)=85 ----
  INIT_ATTACH_FAIL_ALL_LOW_RSRP: UE(imsi)=85 bestRsrp=-145.921 < min=-120 (all cells below threshold) retryIn=2s
---- INIT_ATTACH t=2 UE(imsi)=86 ----
  INIT_ATTACH_FAIL_ALL_LOW_RSRP: UE(imsi)=86 bestRsrp=-121.186 < min=-120 (all cells below threshold) retryIn=2s
---- INIT_ATTACH t=2 UE(imsi)=87 ----
  INIT_ATTACH_FAIL_ALL_LOW_RSRP: UE(imsi)=87 bestRsrp=-141.517 < min=-120 (all cells below threshold) retryIn=2s
---- INIT_ATTACH t=2 UE(imsi)=88 ----
  candOK0 cell=1 rsrp=-107.854 occ=1/20 -> OK
  candOK1 cell=12 rsrp=-112.235 occ=3/10 -> OK
  SELECT cell=1 rsrp=-107.854 occ(afterReserve)=2/20
  INIT_ATTACH_OK: UE(imsi)=88 -> cell=1
---- INIT_ATTACH t=2 UE(imsi)=89 ----
  INIT_ATTACH_FAIL_ALL_LOW_RSRP: UE(imsi)=89 bestRsrp=-127.516 < min=-120 (all cells below threshold) retryIn=2s
---- INIT_ATTACH t=2 UE(imsi)=92 ----
  INIT_ATTACH_FAIL_ALL_LOW_RSRP: UE(imsi)=92 bestRsrp=-136.421 < min=-120 (all cells below threshold) retryIn=2s
---- INIT_ATTACH t=2 UE(imsi)=93 ----
  candOK0 cell=5 rsrp=-99.0964 occ=2/20 -> OK
  SELECT cell=5 rsrp=-99.0964 occ(afterReserve)=3/20
  INIT_ATTACH_OK: UE(imsi)=93 -> cell=5
---- INIT_ATTACH t=2 UE(imsi)=94 ----
  INIT_ATTACH_FAIL_ALL_LOW_RSRP: UE(imsi)=94 bestRsrp=-133.157 < min=-120 (all cells below threshold) retryIn=2s
---- INIT_ATTACH t=2 UE(imsi)=95 ----
  INIT_ATTACH_FAIL_ALL_LOW_RSRP: UE(imsi)=95 bestRsrp=-140.962 < min=-120 (all cells below threshold) retryIn=2s
---- INIT_ATTACH t=2 UE(imsi)=97 ----
  INIT_ATTACH_FAIL_ALL_LOW_RSRP: UE(imsi)=97 bestRsrp=-146.363 < min=-120 (all cells below threshold) retryIn=2s
---- INIT_ATTACH t=2 UE(imsi)=98 ----
  INIT_ATTACH_FAIL_ALL_LOW_RSRP: UE(imsi)=98 bestRsrp=-132.13 < min=-120 (all cells below threshold) retryIn=2s
---- INIT_ATTACH t=2 UE(imsi)=99 ----
  INIT_ATTACH_FAIL_ALL_LOW_RSRP: UE(imsi)=99 bestRsrp=-125.869 < min=-120 (all cells below threshold) retryIn=2s
---- INIT_ATTACH t=2 UE(imsi)=101 ----
  INIT_ATTACH_FAIL_ALL_LOW_RSRP: UE(imsi)=101 bestRsrp=-132.363 < min=-120 (all cells below threshold) retryIn=2s
---- INIT_ATTACH t=2 UE(imsi)=102 ----
  INIT_ATTACH_FAIL_ALL_LOW_RSRP: UE(imsi)=102 bestRsrp=-128.042 < min=-120 (all cells below threshold) retryIn=2s
---- INIT_ATTACH t=2 UE(imsi)=103 ----
  INIT_ATTACH_FAIL_ALL_LOW_RSRP: UE(imsi)=103 bestRsrp=-121.815 < min=-120 (all cells below threshold) retryIn=2s
---- INIT_ATTACH t=2 UE(imsi)=104 ----
  INIT_ATTACH_FAIL_ALL_LOW_RSRP: UE(imsi)=104 bestRsrp=-127.571 < min=-120 (all cells below threshold) retryIn=2s
---- INIT_ATTACH t=2 UE(imsi)=106 ----
  INIT_ATTACH_FAIL_ALL_LOW_RSRP: UE(imsi)=106 bestRsrp=-123.972 < min=-120 (all cells below threshold) retryIn=2s
---- INIT_ATTACH t=2 UE(imsi)=107 ----
  candOK0 cell=7 rsrp=-115.766 occ=2/20 -> OK
  SELECT cell=7 rsrp=-115.766 occ(afterReserve)=3/20
  INIT_ATTACH_OK: UE(imsi)=107 -> cell=7
---- INIT_ATTACH t=2 UE(imsi)=109 ----
  INIT_ATTACH_FAIL_ALL_LOW_RSRP: UE(imsi)=109 bestRsrp=-134.64 < min=-120 (all cells below threshold) retryIn=2s
---- INIT_ATTACH t=2 UE(imsi)=110 ----
  candOK0 cell=7 rsrp=-109.979 occ=3/20 -> OK
  SELECT cell=7 rsrp=-109.979 occ(afterReserve)=4/20
  INIT_ATTACH_OK: UE(imsi)=110 -> cell=7
---- INIT_ATTACH t=2 UE(imsi)=111 ----
  INIT_ATTACH_FAIL_ALL_LOW_RSRP: UE(imsi)=111 bestRsrp=-122.668 < min=-120 (all cells below threshold) retryIn=2s
---- INIT_ATTACH t=2 UE(imsi)=112 ----
  INIT_ATTACH_FAIL_ALL_LOW_RSRP: UE(imsi)=112 bestRsrp=-122.972 < min=-120 (all cells below threshold) retryIn=2s
---- INIT_ATTACH t=2 UE(imsi)=113 ----
  candOK0 cell=11 rsrp=-111.437 occ=3/10 -> OK
  SELECT cell=11 rsrp=-111.437 occ(afterReserve)=4/10
  INIT_ATTACH_OK: UE(imsi)=113 -> cell=11
---- INIT_ATTACH t=2 UE(imsi)=114 ----
  candOK0 cell=12 rsrp=-114.989 occ=3/10 -> OK
  SELECT cell=12 rsrp=-114.989 occ(afterReserve)=4/10
  INIT_ATTACH_OK: UE(imsi)=114 -> cell=12
---- INIT_ATTACH t=2 UE(imsi)=116 ----
  INIT_ATTACH_FAIL_ALL_LOW_RSRP: UE(imsi)=116 bestRsrp=-152.831 < min=-120 (all cells below threshold) retryIn=2s
---- INIT_ATTACH t=2 UE(imsi)=117 ----
  INIT_ATTACH_FAIL_ALL_LOW_RSRP: UE(imsi)=117 bestRsrp=-126.277 < min=-120 (all cells below threshold) retryIn=2s
---- INIT_ATTACH t=2 UE(imsi)=118 ----
  INIT_ATTACH_FAIL_ALL_LOW_RSRP: UE(imsi)=118 bestRsrp=-127.8 < min=-120 (all cells below threshold) retryIn=2s
---- INIT_ATTACH t=2 UE(imsi)=119 ----
  INIT_ATTACH_FAIL_ALL_LOW_RSRP: UE(imsi)=119 bestRsrp=-142.491 < min=-120 (all cells below threshold) retryIn=2s
---- INIT_ATTACH t=2 UE(imsi)=120 ----
  INIT_ATTACH_FAIL_ALL_LOW_RSRP: UE(imsi)=120 bestRsrp=-139.026 < min=-120 (all cells below threshold) retryIn=2s
---- INIT_ATTACH t=2 UE(imsi)=122 ----
  INIT_ATTACH_FAIL_ALL_LOW_RSRP: UE(imsi)=122 bestRsrp=-143.798 < min=-120 (all cells below threshold) retryIn=2s
---- INIT_ATTACH t=2 UE(imsi)=125 ----
  INIT_ATTACH_FAIL_ALL_LOW_RSRP: UE(imsi)=125 bestRsrp=-139.988 < min=-120 (all cells below threshold) retryIn=2s
---- INIT_ATTACH t=2 UE(imsi)=126 ----
  INIT_ATTACH_FAIL_ALL_LOW_RSRP: UE(imsi)=126 bestRsrp=-121.567 < min=-120 (all cells below threshold) retryIn=2s
---- INIT_ATTACH t=2 UE(imsi)=127 ----
  candOK0 cell=5 rsrp=-105.067 occ=3/20 -> OK
  SELECT cell=5 rsrp=-105.067 occ(afterReserve)=4/20
  INIT_ATTACH_OK: UE(imsi)=127 -> cell=5
---- INIT_ATTACH t=2 UE(imsi)=129 ----
  INIT_ATTACH_FAIL_ALL_LOW_RSRP: UE(imsi)=129 bestRsrp=-141.61 < min=-120 (all cells below threshold) retryIn=2s
---- INIT_ATTACH t=2 UE(imsi)=130 ----
  INIT_ATTACH_FAIL_ALL_LOW_RSRP: UE(imsi)=130 bestRsrp=-137.731 < min=-120 (all cells below threshold) retryIn=2s
---- INIT_ATTACH t=2 UE(imsi)=131 ----
  INIT_ATTACH_FAIL_ALL_LOW_RSRP: UE(imsi)=131 bestRsrp=-121.823 < min=-120 (all cells below threshold) retryIn=2s
---- INIT_ATTACH t=2 UE(imsi)=132 ----
  INIT_ATTACH_FAIL_ALL_LOW_RSRP: UE(imsi)=132 bestRsrp=-122.207 < min=-120 (all cells below threshold) retryIn=2s
---- INIT_ATTACH t=2 UE(imsi)=133 ----
  INIT_ATTACH_FAIL_ALL_LOW_RSRP: UE(imsi)=133 bestRsrp=-141.602 < min=-120 (all cells below threshold) retryIn=2s
---- INIT_ATTACH t=2 UE(imsi)=134 ----
  INIT_ATTACH_FAIL_ALL_LOW_RSRP: UE(imsi)=134 bestRsrp=-125.001 < min=-120 (all cells below threshold) retryIn=2s
---- INIT_ATTACH t=2 UE(imsi)=135 ----
  INIT_ATTACH_FAIL_ALL_LOW_RSRP: UE(imsi)=135 bestRsrp=-133.505 < min=-120 (all cells below threshold) retryIn=2s
---- INIT_ATTACH t=2 UE(imsi)=136 ----
  INIT_ATTACH_FAIL_ALL_LOW_RSRP: UE(imsi)=136 bestRsrp=-145.409 < min=-120 (all cells below threshold) retryIn=2s
---- INIT_ATTACH t=2 UE(imsi)=137 ----
  candOK0 cell=8 rsrp=-108.015 occ=2/20 -> OK
  SELECT cell=8 rsrp=-108.015 occ(afterReserve)=3/20
  INIT_ATTACH_OK: UE(imsi)=137 -> cell=8
---- INIT_ATTACH t=2 UE(imsi)=138 ----
  INIT_ATTACH_FAIL_ALL_LOW_RSRP: UE(imsi)=138 bestRsrp=-147.736 < min=-120 (all cells below threshold) retryIn=2s
---- INIT_ATTACH t=2 UE(imsi)=139 ----
  INIT_ATTACH_FAIL_ALL_LOW_RSRP: UE(imsi)=139 bestRsrp=-131.576 < min=-120 (all cells below threshold) retryIn=2s
---- INIT_ATTACH t=2 UE(imsi)=140 ----
  INIT_ATTACH_FAIL_ALL_LOW_RSRP: UE(imsi)=140 bestRsrp=-139.384 < min=-120 (all cells below threshold) retryIn=2s
---- INIT_ATTACH t=2 UE(imsi)=141 ----
  INIT_ATTACH_FAIL_ALL_LOW_RSRP: UE(imsi)=141 bestRsrp=-128.153 < min=-120 (all cells below threshold) retryIn=2s
---- INIT_ATTACH t=2 UE(imsi)=142 ----
  INIT_ATTACH_FAIL_ALL_LOW_RSRP: UE(imsi)=142 bestRsrp=-140.936 < min=-120 (all cells below threshold) retryIn=2s
---- INIT_ATTACH t=2 UE(imsi)=143 ----
  INIT_ATTACH_FAIL_ALL_LOW_RSRP: UE(imsi)=143 bestRsrp=-138.264 < min=-120 (all cells below threshold) retryIn=2s
---- INIT_ATTACH t=2 UE(imsi)=144 ----
  INIT_ATTACH_FAIL_ALL_LOW_RSRP: UE(imsi)=144 bestRsrp=-149.468 < min=-120 (all cells below threshold) retryIn=2s
---- INIT_ATTACH t=2 UE(imsi)=145 ----
  INIT_ATTACH_FAIL_ALL_LOW_RSRP: UE(imsi)=145 bestRsrp=-124.292 < min=-120 (all cells below threshold) retryIn=2s
---- INIT_ATTACH t=2 UE(imsi)=146 ----
  INIT_ATTACH_FAIL_ALL_LOW_RSRP: UE(imsi)=146 bestRsrp=-136.836 < min=-120 (all cells below threshold) retryIn=2s
---- INIT_ATTACH t=2 UE(imsi)=147 ----
  INIT_ATTACH_FAIL_ALL_LOW_RSRP: UE(imsi)=147 bestRsrp=-135.025 < min=-120 (all cells below threshold) retryIn=2s
---- INIT_ATTACH t=2 UE(imsi)=148 ----
  INIT_ATTACH_FAIL_ALL_LOW_RSRP: UE(imsi)=148 bestRsrp=-138.497 < min=-120 (all cells below threshold) retryIn=2s
---- INIT_ATTACH t=2 UE(imsi)=149 ----
  INIT_ATTACH_FAIL_ALL_LOW_RSRP: UE(imsi)=149 bestRsrp=-151.339 < min=-120 (all cells below threshold) retryIn=2s
---- INIT_ATTACH t=2 UE(imsi)=150 ----
  INIT_ATTACH_FAIL_ALL_LOW_RSRP: UE(imsi)=150 bestRsrp=-145.841 < min=-120 (all cells below threshold) retryIn=2s
---- INIT_ATTACH t=2 UE(imsi)=151 ----
  INIT_ATTACH_FAIL_ALL_LOW_RSRP: UE(imsi)=151 bestRsrp=-150.042 < min=-120 (all cells below threshold) retryIn=2s
---- INIT_ATTACH t=2 UE(imsi)=152 ----
  INIT_ATTACH_FAIL_ALL_LOW_RSRP: UE(imsi)=152 bestRsrp=-136.889 < min=-120 (all cells below threshold) retryIn=2s
---- INIT_ATTACH t=2 UE(imsi)=153 ----
  INIT_ATTACH_FAIL_ALL_LOW_RSRP: UE(imsi)=153 bestRsrp=-129.213 < min=-120 (all cells below threshold) retryIn=2s
---- INIT_ATTACH t=2 UE(imsi)=154 ----
  INIT_ATTACH_FAIL_ALL_LOW_RSRP: UE(imsi)=154 bestRsrp=-129.73 < min=-120 (all cells below threshold) retryIn=2s
---- INIT_ATTACH t=2 UE(imsi)=155 ----
  INIT_ATTACH_FAIL_ALL_LOW_RSRP: UE(imsi)=155 bestRsrp=-138.4 < min=-120 (all cells below threshold) retryIn=2s
---- INIT_ATTACH t=2 UE(imsi)=156 ----
  INIT_ATTACH_FAIL_ALL_LOW_RSRP: UE(imsi)=156 bestRsrp=-149.894 < min=-120 (all cells below threshold) retryIn=2s
---- INIT_ATTACH t=2 UE(imsi)=157 ----
  INIT_ATTACH_FAIL_ALL_LOW_RSRP: UE(imsi)=157 bestRsrp=-142.823 < min=-120 (all cells below threshold) retryIn=2s
---- INIT_ATTACH t=2 UE(imsi)=158 ----
  INIT_ATTACH_FAIL_ALL_LOW_RSRP: UE(imsi)=158 bestRsrp=-126.055 < min=-120 (all cells below threshold) retryIn=2s
---- INIT_ATTACH t=2 UE(imsi)=159 ----
  candOK0 cell=6 rsrp=-112.878 occ=3/20 -> OK
  SELECT cell=6 rsrp=-112.878 occ(afterReserve)=4/20
  INIT_ATTACH_OK: UE(imsi)=159 -> cell=6
---- INIT_ATTACH t=2 UE(imsi)=160 ----
  candOK0 cell=5 rsrp=-112.11 occ=4/20 -> OK
  SELECT cell=5 rsrp=-112.11 occ(afterReserve)=5/20
  INIT_ATTACH_OK: UE(imsi)=160 -> cell=5
---- INIT_ATTACH t=2 UE(imsi)=161 ----
  INIT_ATTACH_FAIL_ALL_LOW_RSRP: UE(imsi)=161 bestRsrp=-144.508 < min=-120 (all cells below threshold) retryIn=2s
---- INIT_ATTACH t=2 UE(imsi)=162 ----
  candOK0 cell=14 rsrp=-105.204 occ=4/10 -> OK
  SELECT cell=14 rsrp=-105.204 occ(afterReserve)=5/10
  INIT_ATTACH_OK: UE(imsi)=162 -> cell=14
---- INIT_ATTACH t=2 UE(imsi)=163 ----
  INIT_ATTACH_FAIL_ALL_LOW_RSRP: UE(imsi)=163 bestRsrp=-128.725 < min=-120 (all cells below threshold) retryIn=2s
---- INIT_ATTACH t=2 UE(imsi)=164 ----
  INIT_ATTACH_FAIL_ALL_LOW_RSRP: UE(imsi)=164 bestRsrp=-135.708 < min=-120 (all cells below threshold) retryIn=2s
---- INIT_ATTACH t=2 UE(imsi)=165 ----
  INIT_ATTACH_FAIL_ALL_LOW_RSRP: UE(imsi)=165 bestRsrp=-144.64 < min=-120 (all cells below threshold) retryIn=2s
---- INIT_ATTACH t=2 UE(imsi)=166 ----
  INIT_ATTACH_FAIL_ALL_LOW_RSRP: UE(imsi)=166 bestRsrp=-132.069 < min=-120 (all cells below threshold) retryIn=2s
---- INIT_ATTACH t=2 UE(imsi)=167 ----
  INIT_ATTACH_FAIL_ALL_LOW_RSRP: UE(imsi)=167 bestRsrp=-126.799 < min=-120 (all cells below threshold) retryIn=2s
---- INIT_ATTACH t=2 UE(imsi)=168 ----
  INIT_ATTACH_FAIL_ALL_LOW_RSRP: UE(imsi)=168 bestRsrp=-127.131 < min=-120 (all cells below threshold) retryIn=2s
---- INIT_ATTACH t=2 UE(imsi)=169 ----
  INIT_ATTACH_FAIL_ALL_LOW_RSRP: UE(imsi)=169 bestRsrp=-145.471 < min=-120 (all cells below threshold) retryIn=2s
---- INIT_ATTACH t=2 UE(imsi)=170 ----
  INIT_ATTACH_FAIL_ALL_LOW_RSRP: UE(imsi)=170 bestRsrp=-145.161 < min=-120 (all cells below threshold) retryIn=2s
---- INIT_ATTACH t=2 UE(imsi)=171 ----
  INIT_ATTACH_FAIL_ALL_LOW_RSRP: UE(imsi)=171 bestRsrp=-149.915 < min=-120 (all cells below threshold) retryIn=2s
---- INIT_ATTACH t=2 UE(imsi)=172 ----
  candOK0 cell=9 rsrp=-113.843 occ=4/10 -> OK
  candOK1 cell=6 rsrp=-118.404 occ=4/20 -> OK
  SELECT cell=9 rsrp=-113.843 occ(afterReserve)=5/10
  INIT_ATTACH_OK: UE(imsi)=172 -> cell=9
---- INIT_ATTACH t=2 UE(imsi)=173 ----
  INIT_ATTACH_FAIL_ALL_LOW_RSRP: UE(imsi)=173 bestRsrp=-138.197 < min=-120 (all cells below threshold) retryIn=2s
---- INIT_ATTACH t=2 UE(imsi)=174 ----
  INIT_ATTACH_FAIL_ALL_LOW_RSRP: UE(imsi)=174 bestRsrp=-142.537 < min=-120 (all cells below threshold) retryIn=2s
---- INIT_ATTACH t=2 UE(imsi)=175 ----
  candOK0 cell=1 rsrp=-103.982 occ=2/20 -> OK
  SELECT cell=1 rsrp=-103.982 occ(afterReserve)=3/20
  INIT_ATTACH_OK: UE(imsi)=175 -> cell=1
---- INIT_ATTACH t=2 UE(imsi)=176 ----
  candOK0 cell=2 rsrp=-119.239 occ=1/20 -> OK
  SELECT cell=2 rsrp=-119.239 occ(afterReserve)=2/20
  INIT_ATTACH_OK: UE(imsi)=176 -> cell=2
---- INIT_ATTACH t=2 UE(imsi)=177 ----
  candOK0 cell=11 rsrp=-102.413 occ=4/10 -> OK
  SELECT cell=11 rsrp=-102.413 occ(afterReserve)=5/10
  INIT_ATTACH_OK: UE(imsi)=177 -> cell=11
---- INIT_ATTACH t=2 UE(imsi)=178 ----
  INIT_ATTACH_FAIL_ALL_LOW_RSRP: UE(imsi)=178 bestRsrp=-139.573 < min=-120 (all cells below threshold) retryIn=2s
---- INIT_ATTACH t=2 UE(imsi)=179 ----
  INIT_ATTACH_FAIL_ALL_LOW_RSRP: UE(imsi)=179 bestRsrp=-136.256 < min=-120 (all cells below threshold) retryIn=2s
---- INIT_ATTACH t=2 UE(imsi)=180 ----
  candOK0 cell=14 rsrp=-89.7456 occ=5/10 -> OK
  SELECT cell=14 rsrp=-89.7456 occ(afterReserve)=6/10
  INIT_ATTACH_OK: UE(imsi)=180 -> cell=14
---- INIT_ATTACH t=2 UE(imsi)=181 ----
  INIT_ATTACH_FAIL_ALL_LOW_RSRP: UE(imsi)=181 bestRsrp=-145.25 < min=-120 (all cells below threshold) retryIn=2s
---- INIT_ATTACH t=2 UE(imsi)=182 ----
  candOK0 cell=3 rsrp=-116.789 occ=3/20 -> OK
  SELECT cell=3 rsrp=-116.789 occ(afterReserve)=4/20
  INIT_ATTACH_OK: UE(imsi)=182 -> cell=3
---- INIT_ATTACH t=2 UE(imsi)=183 ----
  INIT_ATTACH_FAIL_ALL_LOW_RSRP: UE(imsi)=183 bestRsrp=-145.018 < min=-120 (all cells below threshold) retryIn=2s
---- INIT_ATTACH t=2 UE(imsi)=184 ----
  candOK0 cell=1 rsrp=-110.833 occ=3/20 -> OK
  candOK1 cell=9 rsrp=-111.25 occ=5/10 -> OK
  SELECT cell=1 rsrp=-110.833 occ(afterReserve)=4/20
  INIT_ATTACH_OK: UE(imsi)=184 -> cell=1
---- INIT_ATTACH t=2 UE(imsi)=185 ----
  INIT_ATTACH_FAIL_ALL_LOW_RSRP: UE(imsi)=185 bestRsrp=-144.603 < min=-120 (all cells below threshold) retryIn=2s
---- INIT_ATTACH t=2 UE(imsi)=186 ----
  INIT_ATTACH_FAIL_ALL_LOW_RSRP: UE(imsi)=186 bestRsrp=-129.216 < min=-120 (all cells below threshold) retryIn=2s
---- INIT_ATTACH t=2 UE(imsi)=187 ----
  INIT_ATTACH_FAIL_ALL_LOW_RSRP: UE(imsi)=187 bestRsrp=-135.661 < min=-120 (all cells below threshold) retryIn=2s
---- INIT_ATTACH t=2 UE(imsi)=188 ----
  INIT_ATTACH_FAIL_ALL_LOW_RSRP: UE(imsi)=188 bestRsrp=-145.666 < min=-120 (all cells below threshold) retryIn=2s
---- INIT_ATTACH t=2 UE(imsi)=189 ----
  candOK0 cell=1 rsrp=-100.413 occ=4/20 -> OK
  SELECT cell=1 rsrp=-100.413 occ(afterReserve)=5/20
  INIT_ATTACH_OK: UE(imsi)=189 -> cell=1
---- INIT_ATTACH t=2 UE(imsi)=190 ----
  candOK0 cell=9 rsrp=-100.505 occ=5/10 -> OK
  SELECT cell=9 rsrp=-100.505 occ(afterReserve)=6/10
  INIT_ATTACH_OK: UE(imsi)=190 -> cell=9
---- INIT_ATTACH t=2 UE(imsi)=191 ----
  INIT_ATTACH_FAIL_ALL_LOW_RSRP: UE(imsi)=191 bestRsrp=-146.75 < min=-120 (all cells below threshold) retryIn=2s
---- INIT_ATTACH t=2 UE(imsi)=192 ----
  INIT_ATTACH_FAIL_ALL_LOW_RSRP: UE(imsi)=192 bestRsrp=-154.734 < min=-120 (all cells below threshold) retryIn=2s
---- INIT_ATTACH t=2 UE(imsi)=193 ----
  candOK0 cell=1 rsrp=-105.615 occ=5/20 -> OK
  SELECT cell=1 rsrp=-105.615 occ(afterReserve)=6/20
  INIT_ATTACH_OK: UE(imsi)=193 -> cell=1
---- INIT_ATTACH t=2 UE(imsi)=194 ----
  INIT_ATTACH_FAIL_ALL_LOW_RSRP: UE(imsi)=194 bestRsrp=-130.396 < min=-120 (all cells below threshold) retryIn=2s
---- INIT_ATTACH t=2 UE(imsi)=195 ----
  INIT_ATTACH_FAIL_ALL_LOW_RSRP: UE(imsi)=195 bestRsrp=-140.665 < min=-120 (all cells below threshold) retryIn=2s
---- INIT_ATTACH t=2 UE(imsi)=196 ----
  INIT_ATTACH_FAIL_ALL_LOW_RSRP: UE(imsi)=196 bestRsrp=-133.469 < min=-120 (all cells below threshold) retryIn=2s
---- INIT_ATTACH t=2 UE(imsi)=197 ----
  INIT_ATTACH_FAIL_ALL_LOW_RSRP: UE(imsi)=197 bestRsrp=-148.108 < min=-120 (all cells below threshold) retryIn=2s
---- INIT_ATTACH t=2 UE(imsi)=198 ----
  INIT_ATTACH_FAIL_ALL_LOW_RSRP: UE(imsi)=198 bestRsrp=-133.154 < min=-120 (all cells below threshold) retryIn=2s
---- INIT_ATTACH t=2 UE(imsi)=199 ----
  INIT_ATTACH_FAIL_ALL_LOW_RSRP: UE(imsi)=199 bestRsrp=-144.98 < min=-120 (all cells below threshold) retryIn=2s
---- INIT_ATTACH t=2 UE(imsi)=200 ----
  INIT_ATTACH_FAIL_ALL_LOW_RSRP: UE(imsi)=200 bestRsrp=-147.591 < min=-120 (all cells below threshold) retryIn=2s
---- INIT_ATTACH t=2 UE(imsi)=201 ----
  INIT_ATTACH_FAIL_ALL_LOW_RSRP: UE(imsi)=201 bestRsrp=-127.667 < min=-120 (all cells below threshold) retryIn=2s
---- INIT_ATTACH t=2 UE(imsi)=202 ----
  INIT_ATTACH_FAIL_ALL_LOW_RSRP: UE(imsi)=202 bestRsrp=-149.685 < min=-120 (all cells below threshold) retryIn=2s
---- INIT_ATTACH t=2 UE(imsi)=203 ----
  INIT_ATTACH_FAIL_ALL_LOW_RSRP: UE(imsi)=203 bestRsrp=-150.284 < min=-120 (all cells below threshold) retryIn=2s
---- INIT_ATTACH t=2 UE(imsi)=204 ----
  INIT_ATTACH_FAIL_ALL_LOW_RSRP: UE(imsi)=204 bestRsrp=-142.663 < min=-120 (all cells below threshold) retryIn=2s
---- INIT_ATTACH t=2 UE(imsi)=205 ----
  INIT_ATTACH_FAIL_ALL_LOW_RSRP: UE(imsi)=205 bestRsrp=-136.592 < min=-120 (all cells below threshold) retryIn=2s
---- INIT_ATTACH t=2 UE(imsi)=206 ----
  INIT_ATTACH_FAIL_ALL_LOW_RSRP: UE(imsi)=206 bestRsrp=-122.263 < min=-120 (all cells below threshold) retryIn=2s
---- INIT_ATTACH t=2 UE(imsi)=207 ----
  INIT_ATTACH_FAIL_ALL_LOW_RSRP: UE(imsi)=207 bestRsrp=-144.289 < min=-120 (all cells below threshold) retryIn=2s
---- INIT_ATTACH t=2 UE(imsi)=208 ----
  INIT_ATTACH_FAIL_ALL_LOW_RSRP: UE(imsi)=208 bestRsrp=-123.777 < min=-120 (all cells below threshold) retryIn=2s
---- INIT_ATTACH t=2 UE(imsi)=209 ----
  candOK0 cell=8 rsrp=-109.405 occ=3/20 -> OK
  SELECT cell=8 rsrp=-109.405 occ(afterReserve)=4/20
  INIT_ATTACH_OK: UE(imsi)=209 -> cell=8
---- INIT_ATTACH t=2 UE(imsi)=210 ----
  candOK0 cell=13 rsrp=-105.166 occ=2/10 -> OK
  SELECT cell=13 rsrp=-105.166 occ(afterReserve)=3/10
  INIT_ATTACH_OK: UE(imsi)=210 -> cell=13
---- INIT_ATTACH t=2 UE(imsi)=211 ----
  candOK0 cell=2 rsrp=-87.9389 occ=2/20 -> OK
  candOK1 cell=10 rsrp=-106.524 occ=3/10 -> OK
  candOK2 cell=1 rsrp=-107.192 occ=6/20 -> OK
  SELECT cell=2 rsrp=-87.9389 occ(afterReserve)=3/20
  INIT_ATTACH_OK: UE(imsi)=211 -> cell=2
---- INIT_ATTACH t=2 UE(imsi)=212 ----
  INIT_ATTACH_FAIL_ALL_LOW_RSRP: UE(imsi)=212 bestRsrp=-140.197 < min=-120 (all cells below threshold) retryIn=2s
---- INIT_ATTACH t=2 UE(imsi)=213 ----
  INIT_ATTACH_FAIL_ALL_LOW_RSRP: UE(imsi)=213 bestRsrp=-138.661 < min=-120 (all cells below threshold) retryIn=2s
---- INIT_ATTACH t=2 UE(imsi)=214 ----
  INIT_ATTACH_FAIL_ALL_LOW_RSRP: UE(imsi)=214 bestRsrp=-132.597 < min=-120 (all cells below threshold) retryIn=2s
---- INIT_ATTACH t=2 UE(imsi)=215 ----
  candOK0 cell=8 rsrp=-99.8537 occ=4/20 -> OK
  candOK1 cell=13 rsrp=-115.508 occ=3/10 -> OK
  SELECT cell=8 rsrp=-99.8537 occ(afterReserve)=5/20
  INIT_ATTACH_OK: UE(imsi)=215 -> cell=8
---- INIT_ATTACH t=2 UE(imsi)=216 ----
  INIT_ATTACH_FAIL_ALL_LOW_RSRP: UE(imsi)=216 bestRsrp=-143.33 < min=-120 (all cells below threshold) retryIn=2s
---- INIT_ATTACH t=2 UE(imsi)=217 ----
  INIT_ATTACH_FAIL_ALL_LOW_RSRP: UE(imsi)=217 bestRsrp=-129.38 < min=-120 (all cells below threshold) retryIn=2s
---- INIT_ATTACH t=2 UE(imsi)=218 ----
  INIT_ATTACH_FAIL_ALL_LOW_RSRP: UE(imsi)=218 bestRsrp=-129.596 < min=-120 (all cells below threshold) retryIn=2s
---- INIT_ATTACH t=2 UE(imsi)=219 ----
  INIT_ATTACH_FAIL_ALL_LOW_RSRP: UE(imsi)=219 bestRsrp=-138.029 < min=-120 (all cells below threshold) retryIn=2s
---- INIT_ATTACH t=2 UE(imsi)=220 ----
  INIT_ATTACH_FAIL_ALL_LOW_RSRP: UE(imsi)=220 bestRsrp=-150.876 < min=-120 (all cells below threshold) retryIn=2s
---- INIT_ATTACH t=2 UE(imsi)=221 ----
  INIT_ATTACH_FAIL_ALL_LOW_RSRP: UE(imsi)=221 bestRsrp=-133.052 < min=-120 (all cells below threshold) retryIn=2s
---- INIT_ATTACH t=2 UE(imsi)=222 ----
  INIT_ATTACH_FAIL_ALL_LOW_RSRP: UE(imsi)=222 bestRsrp=-139.64 < min=-120 (all cells below threshold) retryIn=2s
---- INIT_ATTACH t=2 UE(imsi)=223 ----
  candOK0 cell=13 rsrp=-113.819 occ=3/10 -> OK
  SELECT cell=13 rsrp=-113.819 occ(afterReserve)=4/10
  INIT_ATTACH_OK: UE(imsi)=223 -> cell=13
---- INIT_ATTACH t=2 UE(imsi)=224 ----
  INIT_ATTACH_FAIL_ALL_LOW_RSRP: UE(imsi)=224 bestRsrp=-157.566 < min=-120 (all cells below threshold) retryIn=2s
---- INIT_ATTACH t=2 UE(imsi)=225 ----
  INIT_ATTACH_FAIL_ALL_LOW_RSRP: UE(imsi)=225 bestRsrp=-134.157 < min=-120 (all cells below threshold) retryIn=2s
---- INIT_ATTACH t=2 UE(imsi)=226 ----
  candOK0 cell=1 rsrp=-93.2206 occ=6/20 -> OK
  SELECT cell=1 rsrp=-93.2206 occ(afterReserve)=7/20
  INIT_ATTACH_OK: UE(imsi)=226 -> cell=1
---- INIT_ATTACH t=2 UE(imsi)=227 ----
  INIT_ATTACH_FAIL_ALL_LOW_RSRP: UE(imsi)=227 bestRsrp=-136.884 < min=-120 (all cells below threshold) retryIn=2s
---- INIT_ATTACH t=2 UE(imsi)=228 ----
  candOK0 cell=2 rsrp=-78.6992 occ=3/20 -> OK
  candOK1 cell=1 rsrp=-118.511 occ=7/20 -> OK
  SELECT cell=2 rsrp=-78.6992 occ(afterReserve)=4/20
  INIT_ATTACH_OK: UE(imsi)=228 -> cell=2
---- INIT_ATTACH t=2 UE(imsi)=229 ----
  INIT_ATTACH_FAIL_ALL_LOW_RSRP: UE(imsi)=229 bestRsrp=-127.909 < min=-120 (all cells below threshold) retryIn=2s
---- INIT_ATTACH t=2 UE(imsi)=230 ----
  INIT_ATTACH_FAIL_ALL_LOW_RSRP: UE(imsi)=230 bestRsrp=-142.747 < min=-120 (all cells below threshold) retryIn=2s
---- INIT_ATTACH t=2 UE(imsi)=231 ----
  INIT_ATTACH_FAIL_ALL_LOW_RSRP: UE(imsi)=231 bestRsrp=-134.747 < min=-120 (all cells below threshold) retryIn=2s
---- INIT_ATTACH t=2 UE(imsi)=232 ----
  INIT_ATTACH_FAIL_ALL_LOW_RSRP: UE(imsi)=232 bestRsrp=-144.324 < min=-120 (all cells below threshold) retryIn=2s
---- INIT_ATTACH t=2 UE(imsi)=233 ----
  INIT_ATTACH_FAIL_ALL_LOW_RSRP: UE(imsi)=233 bestRsrp=-148.68 < min=-120 (all cells below threshold) retryIn=2s
---- INIT_ATTACH t=2 UE(imsi)=234 ----
  INIT_ATTACH_FAIL_ALL_LOW_RSRP: UE(imsi)=234 bestRsrp=-122.757 < min=-120 (all cells below threshold) retryIn=2s
---- INIT_ATTACH t=2 UE(imsi)=235 ----
  candOK0 cell=11 rsrp=-88.5063 occ=5/10 -> OK
  SELECT cell=11 rsrp=-88.5063 occ(afterReserve)=6/10
  INIT_ATTACH_OK: UE(imsi)=235 -> cell=11
---- INIT_ATTACH t=2 UE(imsi)=236 ----
  INIT_ATTACH_FAIL_ALL_LOW_RSRP: UE(imsi)=236 bestRsrp=-124.776 < min=-120 (all cells below threshold) retryIn=2s
---- INIT_ATTACH t=2 UE(imsi)=237 ----
  INIT_ATTACH_FAIL_ALL_LOW_RSRP: UE(imsi)=237 bestRsrp=-128.486 < min=-120 (all cells below threshold) retryIn=2s
---- INIT_ATTACH t=2 UE(imsi)=238 ----
  INIT_ATTACH_FAIL_ALL_LOW_RSRP: UE(imsi)=238 bestRsrp=-140.937 < min=-120 (all cells below threshold) retryIn=2s
---- INIT_ATTACH t=2 UE(imsi)=239 ----
  candOK0 cell=7 rsrp=-99.5868 occ=4/20 -> OK
  SELECT cell=7 rsrp=-99.5868 occ(afterReserve)=5/20
  INIT_ATTACH_OK: UE(imsi)=239 -> cell=7
---- INIT_ATTACH t=2 UE(imsi)=240 ----
  INIT_ATTACH_FAIL_ALL_LOW_RSRP: UE(imsi)=240 bestRsrp=-143.085 < min=-120 (all cells below threshold) retryIn=2s
---- INIT_ATTACH t=2 UE(imsi)=241 ----
  INIT_ATTACH_FAIL_ALL_LOW_RSRP: UE(imsi)=241 bestRsrp=-138.765 < min=-120 (all cells below threshold) retryIn=2s
---- INIT_ATTACH t=2 UE(imsi)=242 ----
  INIT_ATTACH_FAIL_ALL_LOW_RSRP: UE(imsi)=242 bestRsrp=-154.039 < min=-120 (all cells below threshold) retryIn=2s
---- INIT_ATTACH t=2 UE(imsi)=243 ----
  candOK0 cell=14 rsrp=-92.0489 occ=6/10 -> OK
  SELECT cell=14 rsrp=-92.0489 occ(afterReserve)=7/10
  INIT_ATTACH_OK: UE(imsi)=243 -> cell=14
---- INIT_ATTACH t=4 UE(imsi)=16 ----
  INIT_ATTACH_FAIL_ALL_LOW_RSRP: UE(imsi)=16 bestRsrp=-127.702 < min=-120 (all cells below threshold) retryIn=2s
---- INIT_ATTACH t=4 UE(imsi)=18 ----
  candOK0 cell=10 rsrp=-119.608 occ=3/10 -> OK
  SELECT cell=10 rsrp=-119.608 occ(afterReserve)=4/10
  INIT_ATTACH_OK: UE(imsi)=18 -> cell=10
---- INIT_ATTACH t=4 UE(imsi)=19 ----
  candOK0 cell=9 rsrp=-101.698 occ=6/10 -> OK
  SELECT cell=9 rsrp=-101.698 occ(afterReserve)=7/10
  INIT_ATTACH_OK: UE(imsi)=19 -> cell=9
---- INIT_ATTACH t=4 UE(imsi)=20 ----
  INIT_ATTACH_FAIL_ALL_LOW_RSRP: UE(imsi)=20 bestRsrp=-152.934 < min=-120 (all cells below threshold) retryIn=2s
---- INIT_ATTACH t=4 UE(imsi)=23 ----
  INIT_ATTACH_FAIL_ALL_LOW_RSRP: UE(imsi)=23 bestRsrp=-145.237 < min=-120 (all cells below threshold) retryIn=2s
---- INIT_ATTACH t=4 UE(imsi)=24 ----
  INIT_ATTACH_FAIL_ALL_LOW_RSRP: UE(imsi)=24 bestRsrp=-132.597 < min=-120 (all cells below threshold) retryIn=2s
---- INIT_ATTACH t=4 UE(imsi)=25 ----
  INIT_ATTACH_FAIL_ALL_LOW_RSRP: UE(imsi)=25 bestRsrp=-139.475 < min=-120 (all cells below threshold) retryIn=2s
---- INIT_ATTACH t=4 UE(imsi)=26 ----
  INIT_ATTACH_FAIL_ALL_LOW_RSRP: UE(imsi)=26 bestRsrp=-145.44 < min=-120 (all cells below threshold) retryIn=2s
---- INIT_ATTACH t=4 UE(imsi)=28 ----
  candOK0 cell=11 rsrp=-115.764 occ=6/10 -> OK
  SELECT cell=11 rsrp=-115.764 occ(afterReserve)=7/10
  INIT_ATTACH_OK: UE(imsi)=28 -> cell=11
---- INIT_ATTACH t=4 UE(imsi)=29 ----
  INIT_ATTACH_FAIL_ALL_LOW_RSRP: UE(imsi)=29 bestRsrp=-136.461 < min=-120 (all cells below threshold) retryIn=2s
---- INIT_ATTACH t=4 UE(imsi)=31 ----
  INIT_ATTACH_FAIL_ALL_LOW_RSRP: UE(imsi)=31 bestRsrp=-125.465 < min=-120 (all cells below threshold) retryIn=2s
---- INIT_ATTACH t=4 UE(imsi)=32 ----
  INIT_ATTACH_FAIL_ALL_LOW_RSRP: UE(imsi)=32 bestRsrp=-133.221 < min=-120 (all cells below threshold) retryIn=2s
---- INIT_ATTACH t=4 UE(imsi)=34 ----
  INIT_ATTACH_FAIL_ALL_LOW_RSRP: UE(imsi)=34 bestRsrp=-122.479 < min=-120 (all cells below threshold) retryIn=2s
---- INIT_ATTACH t=4 UE(imsi)=35 ----
  INIT_ATTACH_FAIL_ALL_LOW_RSRP: UE(imsi)=35 bestRsrp=-132.485 < min=-120 (all cells below threshold) retryIn=2s
---- INIT_ATTACH t=4 UE(imsi)=36 ----
  INIT_ATTACH_FAIL_ALL_LOW_RSRP: UE(imsi)=36 bestRsrp=-140.39 < min=-120 (all cells below threshold) retryIn=2s
---- INIT_ATTACH t=4 UE(imsi)=37 ----
  INIT_ATTACH_FAIL_ALL_LOW_RSRP: UE(imsi)=37 bestRsrp=-121.447 < min=-120 (all cells below threshold) retryIn=2s
---- INIT_ATTACH t=4 UE(imsi)=38 ----
  INIT_ATTACH_FAIL_ALL_LOW_RSRP: UE(imsi)=38 bestRsrp=-144.814 < min=-120 (all cells below threshold) retryIn=2s
---- INIT_ATTACH t=4 UE(imsi)=39 ----
  candOK0 cell=10 rsrp=-102.627 occ=4/10 -> OK
  SELECT cell=10 rsrp=-102.627 occ(afterReserve)=5/10
  INIT_ATTACH_OK: UE(imsi)=39 -> cell=10
---- INIT_ATTACH t=4 UE(imsi)=43 ----
  candOK0 cell=9 rsrp=-109.69 occ=7/10 -> OK
  SELECT cell=9 rsrp=-109.69 occ(afterReserve)=8/10
  INIT_ATTACH_OK: UE(imsi)=43 -> cell=9
---- INIT_ATTACH t=4 UE(imsi)=44 ----
  INIT_ATTACH_FAIL_ALL_LOW_RSRP: UE(imsi)=44 bestRsrp=-140.342 < min=-120 (all cells below threshold) retryIn=2s
---- INIT_ATTACH t=4 UE(imsi)=45 ----
  INIT_ATTACH_FAIL_ALL_LOW_RSRP: UE(imsi)=45 bestRsrp=-132.162 < min=-120 (all cells below threshold) retryIn=2s
---- INIT_ATTACH t=4 UE(imsi)=46 ----
  INIT_ATTACH_FAIL_ALL_LOW_RSRP: UE(imsi)=46 bestRsrp=-139.673 < min=-120 (all cells below threshold) retryIn=2s
---- INIT_ATTACH t=4 UE(imsi)=47 ----
  INIT_ATTACH_FAIL_ALL_LOW_RSRP: UE(imsi)=47 bestRsrp=-138.379 < min=-120 (all cells below threshold) retryIn=2s
---- INIT_ATTACH t=4 UE(imsi)=48 ----
  INIT_ATTACH_FAIL_ALL_LOW_RSRP: UE(imsi)=48 bestRsrp=-138.855 < min=-120 (all cells below threshold) retryIn=2s
---- INIT_ATTACH t=4 UE(imsi)=50 ----
  INIT_ATTACH_FAIL_ALL_LOW_RSRP: UE(imsi)=50 bestRsrp=-127.816 < min=-120 (all cells below threshold) retryIn=2s
---- INIT_ATTACH t=4 UE(imsi)=52 ----
  candOK0 cell=11 rsrp=-99.8202 occ=7/10 -> OK
  candOK1 cell=14 rsrp=-117.533 occ=7/10 -> OK
  SELECT cell=11 rsrp=-99.8202 occ(afterReserve)=8/10
  INIT_ATTACH_OK: UE(imsi)=52 -> cell=11
---- INIT_ATTACH t=4 UE(imsi)=53 ----
  INIT_ATTACH_FAIL_ALL_LOW_RSRP: UE(imsi)=53 bestRsrp=-142.147 < min=-120 (all cells below threshold) retryIn=2s
---- INIT_ATTACH t=4 UE(imsi)=54 ----
  INIT_ATTACH_FAIL_ALL_LOW_RSRP: UE(imsi)=54 bestRsrp=-145.202 < min=-120 (all cells below threshold) retryIn=2s
---- INIT_ATTACH t=4 UE(imsi)=55 ----
  INIT_ATTACH_FAIL_ALL_LOW_RSRP: UE(imsi)=55 bestRsrp=-154.199 < min=-120 (all cells below threshold) retryIn=2s
---- INIT_ATTACH t=4 UE(imsi)=57 ----
  INIT_ATTACH_FAIL_ALL_LOW_RSRP: UE(imsi)=57 bestRsrp=-132.906 < min=-120 (all cells below threshold) retryIn=2s
---- INIT_ATTACH t=4 UE(imsi)=61 ----
  INIT_ATTACH_FAIL_ALL_LOW_RSRP: UE(imsi)=61 bestRsrp=-143.814 < min=-120 (all cells below threshold) retryIn=2s
---- INIT_ATTACH t=4 UE(imsi)=62 ----
  INIT_ATTACH_FAIL_ALL_LOW_RSRP: UE(imsi)=62 bestRsrp=-136.938 < min=-120 (all cells below threshold) retryIn=2s
---- INIT_ATTACH t=4 UE(imsi)=64 ----
  candOK0 cell=10 rsrp=-100.809 occ=5/10 -> OK
  SELECT cell=10 rsrp=-100.809 occ(afterReserve)=6/10
  INIT_ATTACH_OK: UE(imsi)=64 -> cell=10
---- INIT_ATTACH t=4 UE(imsi)=66 ----
  INIT_ATTACH_FAIL_ALL_LOW_RSRP: UE(imsi)=66 bestRsrp=-123.719 < min=-120 (all cells below threshold) retryIn=2s
---- INIT_ATTACH t=4 UE(imsi)=67 ----
  INIT_ATTACH_FAIL_ALL_LOW_RSRP: UE(imsi)=67 bestRsrp=-130.819 < min=-120 (all cells below threshold) retryIn=2s
---- INIT_ATTACH t=4 UE(imsi)=68 ----
  INIT_ATTACH_FAIL_ALL_LOW_RSRP: UE(imsi)=68 bestRsrp=-137.179 < min=-120 (all cells below threshold) retryIn=2s
---- INIT_ATTACH t=4 UE(imsi)=69 ----
  INIT_ATTACH_FAIL_ALL_LOW_RSRP: UE(imsi)=69 bestRsrp=-126.457 < min=-120 (all cells below threshold) retryIn=2s
---- INIT_ATTACH t=4 UE(imsi)=70 ----
  INIT_ATTACH_FAIL_ALL_LOW_RSRP: UE(imsi)=70 bestRsrp=-131.529 < min=-120 (all cells below threshold) retryIn=2s
---- INIT_ATTACH t=4 UE(imsi)=71 ----
  INIT_ATTACH_FAIL_ALL_LOW_RSRP: UE(imsi)=71 bestRsrp=-130.302 < min=-120 (all cells below threshold) retryIn=2s
---- INIT_ATTACH t=4 UE(imsi)=73 ----
  INIT_ATTACH_FAIL_ALL_LOW_RSRP: UE(imsi)=73 bestRsrp=-147.406 < min=-120 (all cells below threshold) retryIn=2s
---- INIT_ATTACH t=4 UE(imsi)=74 ----
  INIT_ATTACH_FAIL_ALL_LOW_RSRP: UE(imsi)=74 bestRsrp=-145.49 < min=-120 (all cells below threshold) retryIn=2s
---- INIT_ATTACH t=4 UE(imsi)=75 ----
  candOK0 cell=12 rsrp=-95.0339 occ=4/10 -> OK
  SELECT cell=12 rsrp=-95.0339 occ(afterReserve)=5/10
  INIT_ATTACH_OK: UE(imsi)=75 -> cell=12
---- INIT_ATTACH t=4 UE(imsi)=76 ----
  INIT_ATTACH_FAIL_ALL_LOW_RSRP: UE(imsi)=76 bestRsrp=-144.224 < min=-120 (all cells below threshold) retryIn=2s
---- INIT_ATTACH t=4 UE(imsi)=78 ----
  INIT_ATTACH_FAIL_ALL_LOW_RSRP: UE(imsi)=78 bestRsrp=-127.109 < min=-120 (all cells below threshold) retryIn=2s
---- INIT_ATTACH t=4 UE(imsi)=81 ----
  INIT_ATTACH_FAIL_ALL_LOW_RSRP: UE(imsi)=81 bestRsrp=-140.894 < min=-120 (all cells below threshold) retryIn=2s
---- INIT_ATTACH t=4 UE(imsi)=83 ----
  candOK0 cell=11 rsrp=-95.8079 occ=8/10 -> OK
  SELECT cell=11 rsrp=-95.8079 occ(afterReserve)=9/10
  INIT_ATTACH_OK: UE(imsi)=83 -> cell=11
---- INIT_ATTACH t=4 UE(imsi)=84 ----
  INIT_ATTACH_FAIL_ALL_LOW_RSRP: UE(imsi)=84 bestRsrp=-122.103 < min=-120 (all cells below threshold) retryIn=2s
---- INIT_ATTACH t=4 UE(imsi)=85 ----
  INIT_ATTACH_FAIL_ALL_LOW_RSRP: UE(imsi)=85 bestRsrp=-143.928 < min=-120 (all cells below threshold) retryIn=2s
---- INIT_ATTACH t=4 UE(imsi)=86 ----
  INIT_ATTACH_FAIL_ALL_LOW_RSRP: UE(imsi)=86 bestRsrp=-129.879 < min=-120 (all cells below threshold) retryIn=2s
---- INIT_ATTACH t=4 UE(imsi)=87 ----
  INIT_ATTACH_FAIL_ALL_LOW_RSRP: UE(imsi)=87 bestRsrp=-139.958 < min=-120 (all cells below threshold) retryIn=2s
---- INIT_ATTACH t=4 UE(imsi)=89 ----
  INIT_ATTACH_FAIL_ALL_LOW_RSRP: UE(imsi)=89 bestRsrp=-128.859 < min=-120 (all cells below threshold) retryIn=2s
---- INIT_ATTACH t=4 UE(imsi)=92 ----
  INIT_ATTACH_FAIL_ALL_LOW_RSRP: UE(imsi)=92 bestRsrp=-136.759 < min=-120 (all cells below threshold) retryIn=2s
---- INIT_ATTACH t=4 UE(imsi)=94 ----
  candOK0 cell=4 rsrp=-111.341 occ=2/20 -> OK
  SELECT cell=4 rsrp=-111.341 occ(afterReserve)=3/20
  INIT_ATTACH_OK: UE(imsi)=94 -> cell=4
---- INIT_ATTACH t=4 UE(imsi)=95 ----
  INIT_ATTACH_FAIL_ALL_LOW_RSRP: UE(imsi)=95 bestRsrp=-137.475 < min=-120 (all cells below threshold) retryIn=2s
---- INIT_ATTACH t=4 UE(imsi)=97 ----
  INIT_ATTACH_FAIL_ALL_LOW_RSRP: UE(imsi)=97 bestRsrp=-146.467 < min=-120 (all cells below threshold) retryIn=2s
---- INIT_ATTACH t=4 UE(imsi)=98 ----
  INIT_ATTACH_FAIL_ALL_LOW_RSRP: UE(imsi)=98 bestRsrp=-134.026 < min=-120 (all cells below threshold) retryIn=2s
---- INIT_ATTACH t=4 UE(imsi)=99 ----
  INIT_ATTACH_FAIL_ALL_LOW_RSRP: UE(imsi)=99 bestRsrp=-128.127 < min=-120 (all cells below threshold) retryIn=2s
---- INIT_ATTACH t=4 UE(imsi)=101 ----
  candOK0 cell=12 rsrp=-109.884 occ=5/10 -> OK
  SELECT cell=12 rsrp=-109.884 occ(afterReserve)=6/10
  INIT_ATTACH_OK: UE(imsi)=101 -> cell=12
---- INIT_ATTACH t=4 UE(imsi)=102 ----
  INIT_ATTACH_FAIL_ALL_LOW_RSRP: UE(imsi)=102 bestRsrp=-128.961 < min=-120 (all cells below threshold) retryIn=2s
---- INIT_ATTACH t=4 UE(imsi)=103 ----
  INIT_ATTACH_FAIL_ALL_LOW_RSRP: UE(imsi)=103 bestRsrp=-123.619 < min=-120 (all cells below threshold) retryIn=2s
---- INIT_ATTACH t=4 UE(imsi)=104 ----
  INIT_ATTACH_FAIL_ALL_LOW_RSRP: UE(imsi)=104 bestRsrp=-124.669 < min=-120 (all cells below threshold) retryIn=2s
---- INIT_ATTACH t=4 UE(imsi)=106 ----
  INIT_ATTACH_FAIL_ALL_LOW_RSRP: UE(imsi)=106 bestRsrp=-124.393 < min=-120 (all cells below threshold) retryIn=2s
---- INIT_ATTACH t=4 UE(imsi)=109 ----
  INIT_ATTACH_FAIL_ALL_LOW_RSRP: UE(imsi)=109 bestRsrp=-132.844 < min=-120 (all cells below threshold) retryIn=2s
---- INIT_ATTACH t=4 UE(imsi)=111 ----
  INIT_ATTACH_FAIL_ALL_LOW_RSRP: UE(imsi)=111 bestRsrp=-123.821 < min=-120 (all cells below threshold) retryIn=2s
---- INIT_ATTACH t=4 UE(imsi)=112 ----
  INIT_ATTACH_FAIL_ALL_LOW_RSRP: UE(imsi)=112 bestRsrp=-124.049 < min=-120 (all cells below threshold) retryIn=2s
---- INIT_ATTACH t=4 UE(imsi)=116 ----
  INIT_ATTACH_FAIL_ALL_LOW_RSRP: UE(imsi)=116 bestRsrp=-153.599 < min=-120 (all cells below threshold) retryIn=2s
---- INIT_ATTACH t=4 UE(imsi)=117 ----
  candOK0 cell=11 rsrp=-107.189 occ=9/10 -> OK
  SELECT cell=11 rsrp=-107.189 occ(afterReserve)=10/10
  INIT_ATTACH_OK: UE(imsi)=117 -> cell=11
---- INIT_ATTACH t=4 UE(imsi)=118 ----
  candOK0 cell=8 rsrp=-118.228 occ=5/20 -> OK
  SELECT cell=8 rsrp=-118.228 occ(afterReserve)=6/20
  INIT_ATTACH_OK: UE(imsi)=118 -> cell=8
---- INIT_ATTACH t=4 UE(imsi)=119 ----
  INIT_ATTACH_FAIL_ALL_LOW_RSRP: UE(imsi)=119 bestRsrp=-143.707 < min=-120 (all cells below threshold) retryIn=2s
---- INIT_ATTACH t=4 UE(imsi)=120 ----
  INIT_ATTACH_FAIL_ALL_LOW_RSRP: UE(imsi)=120 bestRsrp=-141.222 < min=-120 (all cells below threshold) retryIn=2s
---- INIT_ATTACH t=4 UE(imsi)=122 ----
  INIT_ATTACH_FAIL_ALL_LOW_RSRP: UE(imsi)=122 bestRsrp=-141.524 < min=-120 (all cells below threshold) retryIn=2s
---- INIT_ATTACH t=4 UE(imsi)=125 ----
  candOK0 cell=14 rsrp=-112.782 occ=7/10 -> OK
  SELECT cell=14 rsrp=-112.782 occ(afterReserve)=8/10
  INIT_ATTACH_OK: UE(imsi)=125 -> cell=14
---- INIT_ATTACH t=4 UE(imsi)=126 ----
  candOK0 cell=10 rsrp=-110.608 occ=6/10 -> OK
  SELECT cell=10 rsrp=-110.608 occ(afterReserve)=7/10
  INIT_ATTACH_OK: UE(imsi)=126 -> cell=10
---- INIT_ATTACH t=4 UE(imsi)=129 ----
  INIT_ATTACH_FAIL_ALL_LOW_RSRP: UE(imsi)=129 bestRsrp=-142.491 < min=-120 (all cells below threshold) retryIn=2s
---- INIT_ATTACH t=4 UE(imsi)=130 ----
  INIT_ATTACH_FAIL_ALL_LOW_RSRP: UE(imsi)=130 bestRsrp=-136.17 < min=-120 (all cells below threshold) retryIn=2s
---- INIT_ATTACH t=4 UE(imsi)=131 ----
  INIT_ATTACH_FAIL_ALL_LOW_RSRP: UE(imsi)=131 bestRsrp=-138.621 < min=-120 (all cells below threshold) retryIn=2s
---- INIT_ATTACH t=4 UE(imsi)=132 ----
  INIT_ATTACH_FAIL_ALL_LOW_RSRP: UE(imsi)=132 bestRsrp=-141.096 < min=-120 (all cells below threshold) retryIn=2s
---- INIT_ATTACH t=4 UE(imsi)=133 ----
  candOK0 cell=12 rsrp=-110.364 occ=6/10 -> OK
  SELECT cell=12 rsrp=-110.364 occ(afterReserve)=7/10
  INIT_ATTACH_OK: UE(imsi)=133 -> cell=12
---- INIT_ATTACH t=4 UE(imsi)=134 ----
  INIT_ATTACH_FAIL_ALL_LOW_RSRP: UE(imsi)=134 bestRsrp=-125.007 < min=-120 (all cells below threshold) retryIn=2s
---- INIT_ATTACH t=4 UE(imsi)=135 ----
  INIT_ATTACH_FAIL_ALL_LOW_RSRP: UE(imsi)=135 bestRsrp=-134.142 < min=-120 (all cells below threshold) retryIn=2s
---- INIT_ATTACH t=4 UE(imsi)=136 ----
  INIT_ATTACH_FAIL_ALL_LOW_RSRP: UE(imsi)=136 bestRsrp=-145.017 < min=-120 (all cells below threshold) retryIn=2s
---- INIT_ATTACH t=4 UE(imsi)=138 ----
  INIT_ATTACH_FAIL_ALL_LOW_RSRP: UE(imsi)=138 bestRsrp=-146.579 < min=-120 (all cells below threshold) retryIn=2s
---- INIT_ATTACH t=4 UE(imsi)=139 ----
  INIT_ATTACH_FAIL_ALL_LOW_RSRP: UE(imsi)=139 bestRsrp=-130.636 < min=-120 (all cells below threshold) retryIn=2s
---- INIT_ATTACH t=4 UE(imsi)=140 ----
  INIT_ATTACH_FAIL_ALL_LOW_RSRP: UE(imsi)=140 bestRsrp=-126.127 < min=-120 (all cells below threshold) retryIn=2s
---- INIT_ATTACH t=4 UE(imsi)=141 ----
  INIT_ATTACH_FAIL_ALL_LOW_RSRP: UE(imsi)=141 bestRsrp=-143.699 < min=-120 (all cells below threshold) retryIn=2s
---- INIT_ATTACH t=4 UE(imsi)=142 ----
  INIT_ATTACH_FAIL_ALL_LOW_RSRP: UE(imsi)=142 bestRsrp=-140.798 < min=-120 (all cells below threshold) retryIn=2s
---- INIT_ATTACH t=4 UE(imsi)=143 ----
  INIT_ATTACH_FAIL_ALL_LOW_RSRP: UE(imsi)=143 bestRsrp=-135.773 < min=-120 (all cells below threshold) retryIn=2s
---- INIT_ATTACH t=4 UE(imsi)=144 ----
  INIT_ATTACH_FAIL_ALL_LOW_RSRP: UE(imsi)=144 bestRsrp=-152.277 < min=-120 (all cells below threshold) retryIn=2s
---- INIT_ATTACH t=4 UE(imsi)=145 ----
  INIT_ATTACH_FAIL_ALL_LOW_RSRP: UE(imsi)=145 bestRsrp=-135.003 < min=-120 (all cells below threshold) retryIn=2s
---- INIT_ATTACH t=4 UE(imsi)=146 ----
  INIT_ATTACH_FAIL_ALL_LOW_RSRP: UE(imsi)=146 bestRsrp=-137.159 < min=-120 (all cells below threshold) retryIn=2s
---- INIT_ATTACH t=4 UE(imsi)=147 ----
  INIT_ATTACH_FAIL_ALL_LOW_RSRP: UE(imsi)=147 bestRsrp=-135.603 < min=-120 (all cells below threshold) retryIn=2s
---- INIT_ATTACH t=4 UE(imsi)=148 ----
  INIT_ATTACH_FAIL_ALL_LOW_RSRP: UE(imsi)=148 bestRsrp=-140.141 < min=-120 (all cells below threshold) retryIn=2s
---- INIT_ATTACH t=4 UE(imsi)=149 ----
  INIT_ATTACH_FAIL_ALL_LOW_RSRP: UE(imsi)=149 bestRsrp=-151.39 < min=-120 (all cells below threshold) retryIn=2s
---- INIT_ATTACH t=4 UE(imsi)=150 ----
  INIT_ATTACH_FAIL_ALL_LOW_RSRP: UE(imsi)=150 bestRsrp=-147.958 < min=-120 (all cells below threshold) retryIn=2s
---- INIT_ATTACH t=4 UE(imsi)=151 ----
  INIT_ATTACH_FAIL_ALL_LOW_RSRP: UE(imsi)=151 bestRsrp=-148.964 < min=-120 (all cells below threshold) retryIn=2s
---- INIT_ATTACH t=4 UE(imsi)=152 ----
  INIT_ATTACH_FAIL_ALL_LOW_RSRP: UE(imsi)=152 bestRsrp=-138.4 < min=-120 (all cells below threshold) retryIn=2s
---- INIT_ATTACH t=4 UE(imsi)=153 ----
  INIT_ATTACH_FAIL_ALL_LOW_RSRP: UE(imsi)=153 bestRsrp=-126.79 < min=-120 (all cells below threshold) retryIn=2s
---- INIT_ATTACH t=4 UE(imsi)=154 ----
  INIT_ATTACH_FAIL_ALL_LOW_RSRP: UE(imsi)=154 bestRsrp=-125.556 < min=-120 (all cells below threshold) retryIn=2s
---- INIT_ATTACH t=4 UE(imsi)=155 ----
  INIT_ATTACH_FAIL_ALL_LOW_RSRP: UE(imsi)=155 bestRsrp=-135.459 < min=-120 (all cells below threshold) retryIn=2s
---- INIT_ATTACH t=4 UE(imsi)=156 ----
  INIT_ATTACH_FAIL_ALL_LOW_RSRP: UE(imsi)=156 bestRsrp=-152.534 < min=-120 (all cells below threshold) retryIn=2s
---- INIT_ATTACH t=4 UE(imsi)=157 ----
  INIT_ATTACH_FAIL_ALL_LOW_RSRP: UE(imsi)=157 bestRsrp=-141.428 < min=-120 (all cells below threshold) retryIn=2s
---- INIT_ATTACH t=4 UE(imsi)=158 ----
  INIT_ATTACH_FAIL_ALL_LOW_RSRP: UE(imsi)=158 bestRsrp=-127.978 < min=-120 (all cells below threshold) retryIn=2s
---- INIT_ATTACH t=4 UE(imsi)=161 ----
  INIT_ATTACH_FAIL_ALL_LOW_RSRP: UE(imsi)=161 bestRsrp=-140.639 < min=-120 (all cells below threshold) retryIn=2s
---- INIT_ATTACH t=4 UE(imsi)=163 ----
  INIT_ATTACH_FAIL_ALL_LOW_RSRP: UE(imsi)=163 bestRsrp=-127.66 < min=-120 (all cells below threshold) retryIn=2s
---- INIT_ATTACH t=4 UE(imsi)=164 ----
  INIT_ATTACH_FAIL_ALL_LOW_RSRP: UE(imsi)=164 bestRsrp=-137.075 < min=-120 (all cells below threshold) retryIn=2s
---- INIT_ATTACH t=4 UE(imsi)=165 ----
  INIT_ATTACH_FAIL_ALL_LOW_RSRP: UE(imsi)=165 bestRsrp=-148.444 < min=-120 (all cells below threshold) retryIn=2s
---- INIT_ATTACH t=4 UE(imsi)=166 ----
  INIT_ATTACH_FAIL_ALL_LOW_RSRP: UE(imsi)=166 bestRsrp=-130.557 < min=-120 (all cells below threshold) retryIn=2s
---- INIT_ATTACH t=4 UE(imsi)=167 ----
  candOK0 cell=14 rsrp=-113.894 occ=8/10 -> OK
  SELECT cell=14 rsrp=-113.894 occ(afterReserve)=9/10
  INIT_ATTACH_OK: UE(imsi)=167 -> cell=14
---- INIT_ATTACH t=4 UE(imsi)=168 ----
  candOK0 cell=13 rsrp=-98.6642 occ=4/10 -> OK
  SELECT cell=13 rsrp=-98.6642 occ(afterReserve)=5/10
  INIT_ATTACH_OK: UE(imsi)=168 -> cell=13
---- INIT_ATTACH t=4 UE(imsi)=169 ----
  INIT_ATTACH_FAIL_ALL_LOW_RSRP: UE(imsi)=169 bestRsrp=-145.635 < min=-120 (all cells below threshold) retryIn=2s
---- INIT_ATTACH t=4 UE(imsi)=170 ----
  INIT_ATTACH_FAIL_ALL_LOW_RSRP: UE(imsi)=170 bestRsrp=-146.93 < min=-120 (all cells below threshold) retryIn=2s
---- INIT_ATTACH t=4 UE(imsi)=171 ----
  INIT_ATTACH_FAIL_ALL_LOW_RSRP: UE(imsi)=171 bestRsrp=-149.443 < min=-120 (all cells below threshold) retryIn=2s
---- INIT_ATTACH t=4 UE(imsi)=173 ----
  INIT_ATTACH_FAIL_ALL_LOW_RSRP: UE(imsi)=173 bestRsrp=-138.173 < min=-120 (all cells below threshold) retryIn=2s
---- INIT_ATTACH t=4 UE(imsi)=174 ----
  INIT_ATTACH_FAIL_ALL_LOW_RSRP: UE(imsi)=174 bestRsrp=-142.326 < min=-120 (all cells below threshold) retryIn=2s
---- INIT_ATTACH t=4 UE(imsi)=178 ----
  INIT_ATTACH_FAIL_ALL_LOW_RSRP: UE(imsi)=178 bestRsrp=-139.736 < min=-120 (all cells below threshold) retryIn=2s
---- INIT_ATTACH t=4 UE(imsi)=179 ----
  INIT_ATTACH_FAIL_ALL_LOW_RSRP: UE(imsi)=179 bestRsrp=-147.086 < min=-120 (all cells below threshold) retryIn=2s
---- INIT_ATTACH t=4 UE(imsi)=181 ----
  INIT_ATTACH_FAIL_ALL_LOW_RSRP: UE(imsi)=181 bestRsrp=-147.283 < min=-120 (all cells below threshold) retryIn=2s
---- INIT_ATTACH t=4 UE(imsi)=183 ----
  INIT_ATTACH_FAIL_ALL_LOW_RSRP: UE(imsi)=183 bestRsrp=-143.54 < min=-120 (all cells below threshold) retryIn=2s
---- INIT_ATTACH t=4 UE(imsi)=185 ----
  INIT_ATTACH_FAIL_ALL_LOW_RSRP: UE(imsi)=185 bestRsrp=-145.185 < min=-120 (all cells below threshold) retryIn=2s
---- INIT_ATTACH t=4 UE(imsi)=186 ----
  INIT_ATTACH_FAIL_ALL_LOW_RSRP: UE(imsi)=186 bestRsrp=-129.059 < min=-120 (all cells below threshold) retryIn=2s
---- INIT_ATTACH t=4 UE(imsi)=187 ----
  INIT_ATTACH_FAIL_ALL_LOW_RSRP: UE(imsi)=187 bestRsrp=-133.565 < min=-120 (all cells below threshold) retryIn=2s
---- INIT_ATTACH t=4 UE(imsi)=188 ----
  INIT_ATTACH_FAIL_ALL_LOW_RSRP: UE(imsi)=188 bestRsrp=-144.472 < min=-120 (all cells below threshold) retryIn=2s
---- INIT_ATTACH t=4 UE(imsi)=191 ----
  candOK0 cell=7 rsrp=-116.14 occ=5/20 -> OK
  SELECT cell=7 rsrp=-116.14 occ(afterReserve)=6/20
  INIT_ATTACH_OK: UE(imsi)=191 -> cell=7
---- INIT_ATTACH t=4 UE(imsi)=192 ----
  INIT_ATTACH_FAIL_ALL_LOW_RSRP: UE(imsi)=192 bestRsrp=-155.179 < min=-120 (all cells below threshold) retryIn=2s
---- INIT_ATTACH t=4 UE(imsi)=194 ----
  candOK0 cell=13 rsrp=-113.056 occ=5/10 -> OK
  SELECT cell=13 rsrp=-113.056 occ(afterReserve)=6/10
  INIT_ATTACH_OK: UE(imsi)=194 -> cell=13
---- INIT_ATTACH t=4 UE(imsi)=195 ----
  INIT_ATTACH_FAIL_ALL_LOW_RSRP: UE(imsi)=195 bestRsrp=-141.864 < min=-120 (all cells below threshold) retryIn=2s
---- INIT_ATTACH t=4 UE(imsi)=196 ----
  INIT_ATTACH_FAIL_ALL_LOW_RSRP: UE(imsi)=196 bestRsrp=-134.314 < min=-120 (all cells below threshold) retryIn=2s
---- INIT_ATTACH t=4 UE(imsi)=197 ----
  INIT_ATTACH_FAIL_ALL_LOW_RSRP: UE(imsi)=197 bestRsrp=-145.868 < min=-120 (all cells below threshold) retryIn=2s
---- INIT_ATTACH t=4 UE(imsi)=198 ----
  INIT_ATTACH_FAIL_ALL_LOW_RSRP: UE(imsi)=198 bestRsrp=-131.84 < min=-120 (all cells below threshold) retryIn=2s
---- INIT_ATTACH t=4 UE(imsi)=199 ----
  INIT_ATTACH_FAIL_ALL_LOW_RSRP: UE(imsi)=199 bestRsrp=-143.593 < min=-120 (all cells below threshold) retryIn=2s
---- INIT_ATTACH t=4 UE(imsi)=200 ----
  INIT_ATTACH_FAIL_ALL_LOW_RSRP: UE(imsi)=200 bestRsrp=-148.641 < min=-120 (all cells below threshold) retryIn=2s
---- INIT_ATTACH t=4 UE(imsi)=201 ----
  INIT_ATTACH_FAIL_ALL_LOW_RSRP: UE(imsi)=201 bestRsrp=-129.327 < min=-120 (all cells below threshold) retryIn=2s
---- INIT_ATTACH t=4 UE(imsi)=202 ----
  INIT_ATTACH_FAIL_ALL_LOW_RSRP: UE(imsi)=202 bestRsrp=-149.191 < min=-120 (all cells below threshold) retryIn=2s
---- INIT_ATTACH t=4 UE(imsi)=203 ----
  INIT_ATTACH_FAIL_ALL_LOW_RSRP: UE(imsi)=203 bestRsrp=-153.061 < min=-120 (all cells below threshold) retryIn=2s
---- INIT_ATTACH t=4 UE(imsi)=204 ----
  INIT_ATTACH_FAIL_ALL_LOW_RSRP: UE(imsi)=204 bestRsrp=-140.928 < min=-120 (all cells below threshold) retryIn=2s
---- INIT_ATTACH t=4 UE(imsi)=205 ----
  INIT_ATTACH_FAIL_ALL_LOW_RSRP: UE(imsi)=205 bestRsrp=-138.779 < min=-120 (all cells below threshold) retryIn=2s
---- INIT_ATTACH t=4 UE(imsi)=206 ----
  INIT_ATTACH_FAIL_ALL_LOW_RSRP: UE(imsi)=206 bestRsrp=-124.928 < min=-120 (all cells below threshold) retryIn=2s
---- INIT_ATTACH t=4 UE(imsi)=207 ----
  INIT_ATTACH_FAIL_ALL_LOW_RSRP: UE(imsi)=207 bestRsrp=-143.525 < min=-120 (all cells below threshold) retryIn=2s
---- INIT_ATTACH t=4 UE(imsi)=208 ----
  INIT_ATTACH_FAIL_ALL_LOW_RSRP: UE(imsi)=208 bestRsrp=-122.882 < min=-120 (all cells below threshold) retryIn=2s
---- INIT_ATTACH t=4 UE(imsi)=212 ----
  INIT_ATTACH_FAIL_ALL_LOW_RSRP: UE(imsi)=212 bestRsrp=-138.967 < min=-120 (all cells below threshold) retryIn=2s
---- INIT_ATTACH t=4 UE(imsi)=213 ----
  INIT_ATTACH_FAIL_ALL_LOW_RSRP: UE(imsi)=213 bestRsrp=-137.395 < min=-120 (all cells below threshold) retryIn=2s
---- INIT_ATTACH t=4 UE(imsi)=214 ----
  INIT_ATTACH_FAIL_ALL_LOW_RSRP: UE(imsi)=214 bestRsrp=-145.147 < min=-120 (all cells below threshold) retryIn=2s
---- INIT_ATTACH t=4 UE(imsi)=216 ----
  INIT_ATTACH_FAIL_ALL_LOW_RSRP: UE(imsi)=216 bestRsrp=-145.031 < min=-120 (all cells below threshold) retryIn=2s
---- INIT_ATTACH t=4 UE(imsi)=217 ----
  INIT_ATTACH_FAIL_ALL_LOW_RSRP: UE(imsi)=217 bestRsrp=-127.261 < min=-120 (all cells below threshold) retryIn=2s
---- INIT_ATTACH t=4 UE(imsi)=218 ----
  INIT_ATTACH_FAIL_ALL_LOW_RSRP: UE(imsi)=218 bestRsrp=-129.274 < min=-120 (all cells below threshold) retryIn=2s
---- INIT_ATTACH t=4 UE(imsi)=219 ----
  INIT_ATTACH_FAIL_ALL_LOW_RSRP: UE(imsi)=219 bestRsrp=-136.305 < min=-120 (all cells below threshold) retryIn=2s
---- INIT_ATTACH t=4 UE(imsi)=220 ----
  INIT_ATTACH_FAIL_ALL_LOW_RSRP: UE(imsi)=220 bestRsrp=-151.997 < min=-120 (all cells below threshold) retryIn=2s
---- INIT_ATTACH t=4 UE(imsi)=221 ----
  INIT_ATTACH_FAIL_ALL_LOW_RSRP: UE(imsi)=221 bestRsrp=-136.024 < min=-120 (all cells below threshold) retryIn=2s
---- INIT_ATTACH t=4 UE(imsi)=222 ----
  INIT_ATTACH_FAIL_ALL_LOW_RSRP: UE(imsi)=222 bestRsrp=-140.362 < min=-120 (all cells below threshold) retryIn=2s
---- INIT_ATTACH t=4 UE(imsi)=224 ----
  INIT_ATTACH_FAIL_ALL_LOW_RSRP: UE(imsi)=224 bestRsrp=-157.463 < min=-120 (all cells below threshold) retryIn=2s
---- INIT_ATTACH t=4 UE(imsi)=225 ----
  INIT_ATTACH_FAIL_ALL_LOW_RSRP: UE(imsi)=225 bestRsrp=-135.602 < min=-120 (all cells below threshold) retryIn=2s
---- INIT_ATTACH t=4 UE(imsi)=227 ----
  INIT_ATTACH_FAIL_ALL_LOW_RSRP: UE(imsi)=227 bestRsrp=-137.75 < min=-120 (all cells below threshold) retryIn=2s
---- INIT_ATTACH t=4 UE(imsi)=229 ----
  INIT_ATTACH_FAIL_ALL_LOW_RSRP: UE(imsi)=229 bestRsrp=-129.13 < min=-120 (all cells below threshold) retryIn=2s
---- INIT_ATTACH t=4 UE(imsi)=230 ----
  INIT_ATTACH_FAIL_ALL_LOW_RSRP: UE(imsi)=230 bestRsrp=-144.578 < min=-120 (all cells below threshold) retryIn=2s
---- INIT_ATTACH t=4 UE(imsi)=231 ----
  INIT_ATTACH_FAIL_ALL_LOW_RSRP: UE(imsi)=231 bestRsrp=-126.382 < min=-120 (all cells below threshold) retryIn=2s
---- INIT_ATTACH t=4 UE(imsi)=232 ----
  INIT_ATTACH_FAIL_ALL_LOW_RSRP: UE(imsi)=232 bestRsrp=-141.86 < min=-120 (all cells below threshold) retryIn=2s
---- INIT_ATTACH t=4 UE(imsi)=233 ----
  INIT_ATTACH_FAIL_ALL_LOW_RSRP: UE(imsi)=233 bestRsrp=-147.28 < min=-120 (all cells below threshold) retryIn=2s
---- INIT_ATTACH t=4 UE(imsi)=234 ----
  candOK0 cell=13 rsrp=-113.571 occ=6/10 -> OK
  SELECT cell=13 rsrp=-113.571 occ(afterReserve)=7/10
  INIT_ATTACH_OK: UE(imsi)=234 -> cell=13
---- INIT_ATTACH t=4 UE(imsi)=236 ----
  INIT_ATTACH_FAIL_ALL_LOW_RSRP: UE(imsi)=236 bestRsrp=-126.604 < min=-120 (all cells below threshold) retryIn=2s
---- INIT_ATTACH t=4 UE(imsi)=237 ----
  INIT_ATTACH_FAIL_ALL_LOW_RSRP: UE(imsi)=237 bestRsrp=-145.167 < min=-120 (all cells below threshold) retryIn=2s
---- INIT_ATTACH t=4 UE(imsi)=238 ----
  INIT_ATTACH_FAIL_ALL_LOW_RSRP: UE(imsi)=238 bestRsrp=-121.146 < min=-120 (all cells below threshold) retryIn=2s
---- INIT_ATTACH t=4 UE(imsi)=240 ----
  INIT_ATTACH_FAIL_ALL_LOW_RSRP: UE(imsi)=240 bestRsrp=-143.591 < min=-120 (all cells below threshold) retryIn=2s
---- INIT_ATTACH t=4 UE(imsi)=241 ----
  INIT_ATTACH_FAIL_ALL_LOW_RSRP: UE(imsi)=241 bestRsrp=-138.388 < min=-120 (all cells below threshold) retryIn=2s
---- INIT_ATTACH t=4 UE(imsi)=242 ----
  candOK0 cell=12 rsrp=-117.721 occ=7/10 -> OK
  SELECT cell=12 rsrp=-117.721 occ(afterReserve)=8/10
  INIT_ATTACH_OK: UE(imsi)=242 -> cell=12
---- INIT_ATTACH t=6 UE(imsi)=16 ----
  INIT_ATTACH_FAIL_ALL_LOW_RSRP: UE(imsi)=16 bestRsrp=-128.811 < min=-120 (all cells below threshold) retryIn=2s
---- INIT_ATTACH t=6 UE(imsi)=20 ----
  INIT_ATTACH_FAIL_ALL_LOW_RSRP: UE(imsi)=20 bestRsrp=-151.533 < min=-120 (all cells below threshold) retryIn=2s
---- INIT_ATTACH t=6 UE(imsi)=23 ----
  INIT_ATTACH_FAIL_ALL_LOW_RSRP: UE(imsi)=23 bestRsrp=-147.266 < min=-120 (all cells below threshold) retryIn=2s
---- INIT_ATTACH t=6 UE(imsi)=24 ----
  candOK0 cell=1 rsrp=-108.651 occ=7/20 -> OK
  SELECT cell=1 rsrp=-108.651 occ(afterReserve)=8/20
  INIT_ATTACH_OK: UE(imsi)=24 -> cell=1
---- INIT_ATTACH t=6 UE(imsi)=25 ----
  INIT_ATTACH_FAIL_ALL_LOW_RSRP: UE(imsi)=25 bestRsrp=-139.044 < min=-120 (all cells below threshold) retryIn=2s
---- INIT_ATTACH t=6 UE(imsi)=26 ----
  INIT_ATTACH_FAIL_ALL_LOW_RSRP: UE(imsi)=26 bestRsrp=-148.081 < min=-120 (all cells below threshold) retryIn=2s
---- INIT_ATTACH t=6 UE(imsi)=29 ----
  INIT_ATTACH_FAIL_ALL_LOW_RSRP: UE(imsi)=29 bestRsrp=-153.826 < min=-120 (all cells below threshold) retryIn=2s
---- INIT_ATTACH t=6 UE(imsi)=31 ----
  INIT_ATTACH_FAIL_ALL_LOW_RSRP: UE(imsi)=31 bestRsrp=-125.112 < min=-120 (all cells below threshold) retryIn=2s
---- INIT_ATTACH t=6 UE(imsi)=32 ----
  INIT_ATTACH_FAIL_ALL_LOW_RSRP: UE(imsi)=32 bestRsrp=-131.892 < min=-120 (all cells below threshold) retryIn=2s
---- INIT_ATTACH t=6 UE(imsi)=34 ----
  INIT_ATTACH_FAIL_ALL_LOW_RSRP: UE(imsi)=34 bestRsrp=-121.201 < min=-120 (all cells below threshold) retryIn=2s
---- INIT_ATTACH t=6 UE(imsi)=35 ----
  INIT_ATTACH_FAIL_ALL_LOW_RSRP: UE(imsi)=35 bestRsrp=-131.541 < min=-120 (all cells below threshold) retryIn=2s
---- INIT_ATTACH t=6 UE(imsi)=36 ----
  INIT_ATTACH_FAIL_ALL_LOW_RSRP: UE(imsi)=36 bestRsrp=-139.013 < min=-120 (all cells below threshold) retryIn=2s
---- INIT_ATTACH t=6 UE(imsi)=37 ----
  candOK0 cell=13 rsrp=-95.774 occ=7/10 -> OK
  SELECT cell=13 rsrp=-95.774 occ(afterReserve)=8/10
  INIT_ATTACH_OK: UE(imsi)=37 -> cell=13
---- INIT_ATTACH t=6 UE(imsi)=38 ----
  INIT_ATTACH_FAIL_ALL_LOW_RSRP: UE(imsi)=38 bestRsrp=-147.082 < min=-120 (all cells below threshold) retryIn=2s
---- INIT_ATTACH t=6 UE(imsi)=44 ----
  INIT_ATTACH_FAIL_ALL_LOW_RSRP: UE(imsi)=44 bestRsrp=-137.07 < min=-120 (all cells below threshold) retryIn=2s
---- INIT_ATTACH t=6 UE(imsi)=45 ----
  INIT_ATTACH_FAIL_ALL_LOW_RSRP: UE(imsi)=45 bestRsrp=-127.446 < min=-120 (all cells below threshold) retryIn=2s
---- INIT_ATTACH t=6 UE(imsi)=46 ----
  INIT_ATTACH_FAIL_ALL_LOW_RSRP: UE(imsi)=46 bestRsrp=-140.802 < min=-120 (all cells below threshold) retryIn=2s
---- INIT_ATTACH t=6 UE(imsi)=47 ----
  INIT_ATTACH_FAIL_ALL_LOW_RSRP: UE(imsi)=47 bestRsrp=-137.154 < min=-120 (all cells below threshold) retryIn=2s
---- INIT_ATTACH t=6 UE(imsi)=48 ----
  INIT_ATTACH_FAIL_ALL_LOW_RSRP: UE(imsi)=48 bestRsrp=-139.668 < min=-120 (all cells below threshold) retryIn=2s
---- INIT_ATTACH t=6 UE(imsi)=50 ----
  INIT_ATTACH_FAIL_ALL_LOW_RSRP: UE(imsi)=50 bestRsrp=-130.242 < min=-120 (all cells below threshold) retryIn=2s
---- INIT_ATTACH t=6 UE(imsi)=53 ----
  INIT_ATTACH_FAIL_ALL_LOW_RSRP: UE(imsi)=53 bestRsrp=-142.787 < min=-120 (all cells below threshold) retryIn=2s
---- INIT_ATTACH t=6 UE(imsi)=54 ----
  INIT_ATTACH_FAIL_ALL_LOW_RSRP: UE(imsi)=54 bestRsrp=-143.652 < min=-120 (all cells below threshold) retryIn=2s
---- INIT_ATTACH t=6 UE(imsi)=55 ----
  INIT_ATTACH_FAIL_ALL_LOW_RSRP: UE(imsi)=55 bestRsrp=-156.618 < min=-120 (all cells below threshold) retryIn=2s
---- INIT_ATTACH t=6 UE(imsi)=57 ----
  INIT_ATTACH_FAIL_ALL_LOW_RSRP: UE(imsi)=57 bestRsrp=-133.752 < min=-120 (all cells below threshold) retryIn=2s
---- INIT_ATTACH t=6 UE(imsi)=61 ----
  INIT_ATTACH_FAIL_ALL_LOW_RSRP: UE(imsi)=61 bestRsrp=-143.213 < min=-120 (all cells below threshold) retryIn=2s
---- INIT_ATTACH t=6 UE(imsi)=62 ----
  INIT_ATTACH_FAIL_ALL_LOW_RSRP: UE(imsi)=62 bestRsrp=-134.277 < min=-120 (all cells below threshold) retryIn=2s
---- INIT_ATTACH t=6 UE(imsi)=66 ----
  INIT_ATTACH_FAIL_ALL_LOW_RSRP: UE(imsi)=66 bestRsrp=-128.396 < min=-120 (all cells below threshold) retryIn=2s
---- INIT_ATTACH t=6 UE(imsi)=67 ----
  INIT_ATTACH_FAIL_ALL_LOW_RSRP: UE(imsi)=67 bestRsrp=-141.481 < min=-120 (all cells below threshold) retryIn=2s
---- INIT_ATTACH t=6 UE(imsi)=68 ----
  INIT_ATTACH_FAIL_ALL_LOW_RSRP: UE(imsi)=68 bestRsrp=-140.495 < min=-120 (all cells below threshold) retryIn=2s
---- INIT_ATTACH t=6 UE(imsi)=69 ----
  INIT_ATTACH_FAIL_ALL_LOW_RSRP: UE(imsi)=69 bestRsrp=-128.509 < min=-120 (all cells below threshold) retryIn=2s
---- INIT_ATTACH t=6 UE(imsi)=70 ----
  INIT_ATTACH_FAIL_ALL_LOW_RSRP: UE(imsi)=70 bestRsrp=-130.27 < min=-120 (all cells below threshold) retryIn=2s
---- INIT_ATTACH t=6 UE(imsi)=71 ----
  INIT_ATTACH_FAIL_ALL_LOW_RSRP: UE(imsi)=71 bestRsrp=-128.76 < min=-120 (all cells below threshold) retryIn=2s
---- INIT_ATTACH t=6 UE(imsi)=73 ----
  INIT_ATTACH_FAIL_ALL_LOW_RSRP: UE(imsi)=73 bestRsrp=-147.417 < min=-120 (all cells below threshold) retryIn=2s
---- INIT_ATTACH t=6 UE(imsi)=74 ----
  INIT_ATTACH_FAIL_ALL_LOW_RSRP: UE(imsi)=74 bestRsrp=-146.966 < min=-120 (all cells below threshold) retryIn=2s
---- INIT_ATTACH t=6 UE(imsi)=76 ----
  INIT_ATTACH_FAIL_ALL_LOW_RSRP: UE(imsi)=76 bestRsrp=-142.788 < min=-120 (all cells below threshold) retryIn=2s
---- INIT_ATTACH t=6 UE(imsi)=78 ----
  candOK0 cell=9 rsrp=-107.949 occ=8/10 -> OK
  SELECT cell=9 rsrp=-107.949 occ(afterReserve)=9/10
  INIT_ATTACH_OK: UE(imsi)=78 -> cell=9
---- INIT_ATTACH t=6 UE(imsi)=81 ----
  INIT_ATTACH_FAIL_ALL_LOW_RSRP: UE(imsi)=81 bestRsrp=-139.831 < min=-120 (all cells below threshold) retryIn=2s
---- INIT_ATTACH t=6 UE(imsi)=84 ----
  candOK0 cell=2 rsrp=-94.378 occ=4/20 -> OK
  candOK1 cell=1 rsrp=-105.383 occ=8/20 -> OK
  SELECT cell=2 rsrp=-94.378 occ(afterReserve)=5/20
  INIT_ATTACH_OK: UE(imsi)=84 -> cell=2
---- INIT_ATTACH t=6 UE(imsi)=85 ----
  INIT_ATTACH_FAIL_ALL_LOW_RSRP: UE(imsi)=85 bestRsrp=-147.608 < min=-120 (all cells below threshold) retryIn=2s
---- INIT_ATTACH t=6 UE(imsi)=86 ----
  INIT_ATTACH_FAIL_ALL_LOW_RSRP: UE(imsi)=86 bestRsrp=-129.714 < min=-120 (all cells below threshold) retryIn=2s
---- INIT_ATTACH t=6 UE(imsi)=87 ----
  INIT_ATTACH_FAIL_ALL_LOW_RSRP: UE(imsi)=87 bestRsrp=-140.155 < min=-120 (all cells below threshold) retryIn=2s
---- INIT_ATTACH t=6 UE(imsi)=89 ----
  candOK0 cell=13 rsrp=-109.052 occ=8/10 -> OK
  SELECT cell=13 rsrp=-109.052 occ(afterReserve)=9/10
  INIT_ATTACH_OK: UE(imsi)=89 -> cell=13
---- INIT_ATTACH t=6 UE(imsi)=92 ----
  INIT_ATTACH_FAIL_ALL_LOW_RSRP: UE(imsi)=92 bestRsrp=-135.292 < min=-120 (all cells below threshold) retryIn=2s
---- INIT_ATTACH t=6 UE(imsi)=95 ----
  INIT_ATTACH_FAIL_ALL_LOW_RSRP: UE(imsi)=95 bestRsrp=-138.963 < min=-120 (all cells below threshold) retryIn=2s
---- INIT_ATTACH t=6 UE(imsi)=97 ----
  INIT_ATTACH_FAIL_ALL_LOW_RSRP: UE(imsi)=97 bestRsrp=-146.536 < min=-120 (all cells below threshold) retryIn=2s
---- INIT_ATTACH t=6 UE(imsi)=98 ----
  INIT_ATTACH_FAIL_ALL_LOW_RSRP: UE(imsi)=98 bestRsrp=-131.802 < min=-120 (all cells below threshold) retryIn=2s
---- INIT_ATTACH t=6 UE(imsi)=99 ----
  INIT_ATTACH_FAIL_ALL_LOW_RSRP: UE(imsi)=99 bestRsrp=-125.838 < min=-120 (all cells below threshold) retryIn=2s
---- INIT_ATTACH t=6 UE(imsi)=102 ----
  INIT_ATTACH_FAIL_ALL_LOW_RSRP: UE(imsi)=102 bestRsrp=-128.639 < min=-120 (all cells below threshold) retryIn=2s
---- INIT_ATTACH t=6 UE(imsi)=103 ----
  INIT_ATTACH_FAIL_ALL_LOW_RSRP: UE(imsi)=103 bestRsrp=-123.236 < min=-120 (all cells below threshold) retryIn=2s
---- INIT_ATTACH t=6 UE(imsi)=104 ----
  INIT_ATTACH_FAIL_ALL_LOW_RSRP: UE(imsi)=104 bestRsrp=-123.943 < min=-120 (all cells below threshold) retryIn=2s
---- INIT_ATTACH t=6 UE(imsi)=106 ----
  INIT_ATTACH_FAIL_ALL_LOW_RSRP: UE(imsi)=106 bestRsrp=-123.159 < min=-120 (all cells below threshold) retryIn=2s
---- INIT_ATTACH t=6 UE(imsi)=109 ----
  candOK0 cell=11 rsrp=-99.9514 occ=10/10 -> SKIP_FULL
  INIT_ATTACH_FAIL_ALL_FULL: UE(imsi)=109 rsrpOk=1 (all RSRP>=min but full or invalid) retryIn=2s
---- INIT_ATTACH t=6 UE(imsi)=111 ----
  candOK0 cell=14 rsrp=-119.272 occ=9/10 -> OK
  SELECT cell=14 rsrp=-119.272 occ(afterReserve)=10/10
  INIT_ATTACH_OK: UE(imsi)=111 -> cell=14
---- INIT_ATTACH t=6 UE(imsi)=112 ----
  INIT_ATTACH_FAIL_ALL_LOW_RSRP: UE(imsi)=112 bestRsrp=-125.923 < min=-120 (all cells below threshold) retryIn=2s
---- INIT_ATTACH t=6 UE(imsi)=116 ----
  INIT_ATTACH_FAIL_ALL_LOW_RSRP: UE(imsi)=116 bestRsrp=-154.254 < min=-120 (all cells below threshold) retryIn=2s
---- INIT_ATTACH t=6 UE(imsi)=119 ----
  INIT_ATTACH_FAIL_ALL_LOW_RSRP: UE(imsi)=119 bestRsrp=-143.799 < min=-120 (all cells below threshold) retryIn=2s
---- INIT_ATTACH t=6 UE(imsi)=120 ----
  INIT_ATTACH_FAIL_ALL_LOW_RSRP: UE(imsi)=120 bestRsrp=-141.296 < min=-120 (all cells below threshold) retryIn=2s
---- INIT_ATTACH t=6 UE(imsi)=122 ----
  INIT_ATTACH_FAIL_ALL_LOW_RSRP: UE(imsi)=122 bestRsrp=-140.139 < min=-120 (all cells below threshold) retryIn=2s
---- INIT_ATTACH t=6 UE(imsi)=129 ----
  INIT_ATTACH_FAIL_ALL_LOW_RSRP: UE(imsi)=129 bestRsrp=-139.307 < min=-120 (all cells below threshold) retryIn=2s
---- INIT_ATTACH t=6 UE(imsi)=130 ----
  INIT_ATTACH_FAIL_ALL_LOW_RSRP: UE(imsi)=130 bestRsrp=-136.825 < min=-120 (all cells below threshold) retryIn=2s
---- INIT_ATTACH t=6 UE(imsi)=131 ----
  INIT_ATTACH_FAIL_ALL_LOW_RSRP: UE(imsi)=131 bestRsrp=-139.113 < min=-120 (all cells below threshold) retryIn=2s
---- INIT_ATTACH t=6 UE(imsi)=132 ----
  INIT_ATTACH_FAIL_ALL_LOW_RSRP: UE(imsi)=132 bestRsrp=-142.59 < min=-120 (all cells below threshold) retryIn=2s
---- INIT_ATTACH t=6 UE(imsi)=134 ----
  INIT_ATTACH_FAIL_ALL_LOW_RSRP: UE(imsi)=134 bestRsrp=-125.954 < min=-120 (all cells below threshold) retryIn=2s
---- INIT_ATTACH t=6 UE(imsi)=135 ----
  INIT_ATTACH_FAIL_ALL_LOW_RSRP: UE(imsi)=135 bestRsrp=-133.739 < min=-120 (all cells below threshold) retryIn=2s
---- INIT_ATTACH t=6 UE(imsi)=136 ----
  INIT_ATTACH_FAIL_ALL_LOW_RSRP: UE(imsi)=136 bestRsrp=-146.418 < min=-120 (all cells below threshold) retryIn=2s
---- INIT_ATTACH t=6 UE(imsi)=138 ----
  INIT_ATTACH_FAIL_ALL_LOW_RSRP: UE(imsi)=138 bestRsrp=-146.26 < min=-120 (all cells below threshold) retryIn=2s
---- INIT_ATTACH t=6 UE(imsi)=139 ----
  INIT_ATTACH_FAIL_ALL_LOW_RSRP: UE(imsi)=139 bestRsrp=-129.694 < min=-120 (all cells below threshold) retryIn=2s
---- INIT_ATTACH t=6 UE(imsi)=140 ----
  INIT_ATTACH_FAIL_ALL_LOW_RSRP: UE(imsi)=140 bestRsrp=-140.883 < min=-120 (all cells below threshold) retryIn=2s
---- INIT_ATTACH t=6 UE(imsi)=141 ----
  INIT_ATTACH_FAIL_ALL_LOW_RSRP: UE(imsi)=141 bestRsrp=-143.86 < min=-120 (all cells below threshold) retryIn=2s
---- INIT_ATTACH t=6 UE(imsi)=142 ----
  INIT_ATTACH_FAIL_ALL_LOW_RSRP: UE(imsi)=142 bestRsrp=-138.594 < min=-120 (all cells below threshold) retryIn=2s
---- INIT_ATTACH t=6 UE(imsi)=143 ----
  candOK0 cell=3 rsrp=-109.934 occ=4/20 -> OK
  SELECT cell=3 rsrp=-109.934 occ(afterReserve)=5/20
  INIT_ATTACH_OK: UE(imsi)=143 -> cell=3
---- INIT_ATTACH t=6 UE(imsi)=144 ----
  INIT_ATTACH_FAIL_ALL_LOW_RSRP: UE(imsi)=144 bestRsrp=-151.882 < min=-120 (all cells below threshold) retryIn=2s
---- INIT_ATTACH t=6 UE(imsi)=145 ----
  candOK0 cell=13 rsrp=-113.952 occ=9/10 -> OK
  SELECT cell=13 rsrp=-113.952 occ(afterReserve)=10/10
  INIT_ATTACH_OK: UE(imsi)=145 -> cell=13
---- INIT_ATTACH t=6 UE(imsi)=146 ----
  INIT_ATTACH_FAIL_ALL_LOW_RSRP: UE(imsi)=146 bestRsrp=-133.831 < min=-120 (all cells below threshold) retryIn=2s
---- INIT_ATTACH t=6 UE(imsi)=147 ----
  INIT_ATTACH_FAIL_ALL_LOW_RSRP: UE(imsi)=147 bestRsrp=-134.516 < min=-120 (all cells below threshold) retryIn=2s
---- INIT_ATTACH t=6 UE(imsi)=148 ----
  INIT_ATTACH_FAIL_ALL_LOW_RSRP: UE(imsi)=148 bestRsrp=-143.416 < min=-120 (all cells below threshold) retryIn=2s
---- INIT_ATTACH t=6 UE(imsi)=149 ----
  INIT_ATTACH_FAIL_ALL_LOW_RSRP: UE(imsi)=149 bestRsrp=-151.798 < min=-120 (all cells below threshold) retryIn=2s
---- INIT_ATTACH t=6 UE(imsi)=150 ----
  INIT_ATTACH_FAIL_ALL_LOW_RSRP: UE(imsi)=150 bestRsrp=-147.403 < min=-120 (all cells below threshold) retryIn=2s
---- INIT_ATTACH t=6 UE(imsi)=151 ----
  INIT_ATTACH_FAIL_ALL_LOW_RSRP: UE(imsi)=151 bestRsrp=-150.211 < min=-120 (all cells below threshold) retryIn=2s
---- INIT_ATTACH t=6 UE(imsi)=152 ----
  INIT_ATTACH_FAIL_ALL_LOW_RSRP: UE(imsi)=152 bestRsrp=-126.835 < min=-120 (all cells below threshold) retryIn=2s
---- INIT_ATTACH t=6 UE(imsi)=153 ----
  candOK0 cell=3 rsrp=-99.1628 occ=5/20 -> OK
  SELECT cell=3 rsrp=-99.1628 occ(afterReserve)=6/20
  INIT_ATTACH_OK: UE(imsi)=153 -> cell=3
---- INIT_ATTACH t=6 UE(imsi)=154 ----
  INIT_ATTACH_FAIL_ALL_LOW_RSRP: UE(imsi)=154 bestRsrp=-129.092 < min=-120 (all cells below threshold) retryIn=2s
---- INIT_ATTACH t=6 UE(imsi)=155 ----
  INIT_ATTACH_FAIL_ALL_LOW_RSRP: UE(imsi)=155 bestRsrp=-136.499 < min=-120 (all cells below threshold) retryIn=2s
---- INIT_ATTACH t=6 UE(imsi)=156 ----
  INIT_ATTACH_FAIL_ALL_LOW_RSRP: UE(imsi)=156 bestRsrp=-151.71 < min=-120 (all cells below threshold) retryIn=2s
---- INIT_ATTACH t=6 UE(imsi)=157 ----
  INIT_ATTACH_FAIL_ALL_LOW_RSRP: UE(imsi)=157 bestRsrp=-142.277 < min=-120 (all cells below threshold) retryIn=2s
---- INIT_ATTACH t=6 UE(imsi)=158 ----
  INIT_ATTACH_FAIL_ALL_LOW_RSRP: UE(imsi)=158 bestRsrp=-126.33 < min=-120 (all cells below threshold) retryIn=2s
---- INIT_ATTACH t=6 UE(imsi)=161 ----
  INIT_ATTACH_FAIL_ALL_LOW_RSRP: UE(imsi)=161 bestRsrp=-142.735 < min=-120 (all cells below threshold) retryIn=2s
---- INIT_ATTACH t=6 UE(imsi)=163 ----
  INIT_ATTACH_FAIL_ALL_LOW_RSRP: UE(imsi)=163 bestRsrp=-129.012 < min=-120 (all cells below threshold) retryIn=2s
---- INIT_ATTACH t=6 UE(imsi)=164 ----
  INIT_ATTACH_FAIL_ALL_LOW_RSRP: UE(imsi)=164 bestRsrp=-138.053 < min=-120 (all cells below threshold) retryIn=2s
---- INIT_ATTACH t=6 UE(imsi)=165 ----
  INIT_ATTACH_FAIL_ALL_LOW_RSRP: UE(imsi)=165 bestRsrp=-145.07 < min=-120 (all cells below threshold) retryIn=2s
---- INIT_ATTACH t=6 UE(imsi)=166 ----
  candOK0 cell=9 rsrp=-100.303 occ=9/10 -> OK
  SELECT cell=9 rsrp=-100.303 occ(afterReserve)=10/10
  INIT_ATTACH_OK: UE(imsi)=166 -> cell=9
---- INIT_ATTACH t=6 UE(imsi)=169 ----
  INIT_ATTACH_FAIL_ALL_LOW_RSRP: UE(imsi)=169 bestRsrp=-141.747 < min=-120 (all cells below threshold) retryIn=2s
---- INIT_ATTACH t=6 UE(imsi)=170 ----
  candOK0 cell=2 rsrp=-115.756 occ=5/20 -> OK
  SELECT cell=2 rsrp=-115.756 occ(afterReserve)=6/20
  INIT_ATTACH_OK: UE(imsi)=170 -> cell=2
---- INIT_ATTACH t=6 UE(imsi)=171 ----
  INIT_ATTACH_FAIL_ALL_LOW_RSRP: UE(imsi)=171 bestRsrp=-148.438 < min=-120 (all cells below threshold) retryIn=2s
---- INIT_ATTACH t=6 UE(imsi)=173 ----
  INIT_ATTACH_FAIL_ALL_LOW_RSRP: UE(imsi)=173 bestRsrp=-137.234 < min=-120 (all cells below threshold) retryIn=2s
---- INIT_ATTACH t=6 UE(imsi)=174 ----
  INIT_ATTACH_FAIL_ALL_LOW_RSRP: UE(imsi)=174 bestRsrp=-141.582 < min=-120 (all cells below threshold) retryIn=2s
---- INIT_ATTACH t=6 UE(imsi)=178 ----
  INIT_ATTACH_FAIL_ALL_LOW_RSRP: UE(imsi)=178 bestRsrp=-140.02 < min=-120 (all cells below threshold) retryIn=2s
---- INIT_ATTACH t=6 UE(imsi)=179 ----
  INIT_ATTACH_FAIL_ALL_LOW_RSRP: UE(imsi)=179 bestRsrp=-135.901 < min=-120 (all cells below threshold) retryIn=2s
---- INIT_ATTACH t=6 UE(imsi)=181 ----
  INIT_ATTACH_FAIL_ALL_LOW_RSRP: UE(imsi)=181 bestRsrp=-145.96 < min=-120 (all cells below threshold) retryIn=2s
---- INIT_ATTACH t=6 UE(imsi)=183 ----
  INIT_ATTACH_FAIL_ALL_LOW_RSRP: UE(imsi)=183 bestRsrp=-141.146 < min=-120 (all cells below threshold) retryIn=2s
---- INIT_ATTACH t=6 UE(imsi)=185 ----
  INIT_ATTACH_FAIL_ALL_LOW_RSRP: UE(imsi)=185 bestRsrp=-145.534 < min=-120 (all cells below threshold) retryIn=2s
---- INIT_ATTACH t=6 UE(imsi)=186 ----
  INIT_ATTACH_FAIL_ALL_LOW_RSRP: UE(imsi)=186 bestRsrp=-130.892 < min=-120 (all cells below threshold) retryIn=2s
---- INIT_ATTACH t=6 UE(imsi)=187 ----
  INIT_ATTACH_FAIL_ALL_LOW_RSRP: UE(imsi)=187 bestRsrp=-135.289 < min=-120 (all cells below threshold) retryIn=2s
---- INIT_ATTACH t=6 UE(imsi)=188 ----
  candOK0 cell=10 rsrp=-112.255 occ=7/10 -> OK
  SELECT cell=10 rsrp=-112.255 occ(afterReserve)=8/10
  INIT_ATTACH_OK: UE(imsi)=188 -> cell=10
---- INIT_ATTACH t=6 UE(imsi)=192 ----
  INIT_ATTACH_FAIL_ALL_LOW_RSRP: UE(imsi)=192 bestRsrp=-153.608 < min=-120 (all cells below threshold) retryIn=2s
---- INIT_ATTACH t=6 UE(imsi)=195 ----
  INIT_ATTACH_FAIL_ALL_LOW_RSRP: UE(imsi)=195 bestRsrp=-132.047 < min=-120 (all cells below threshold) retryIn=2s
---- INIT_ATTACH t=6 UE(imsi)=196 ----
  INIT_ATTACH_FAIL_ALL_LOW_RSRP: UE(imsi)=196 bestRsrp=-134.007 < min=-120 (all cells below threshold) retryIn=2s
---- INIT_ATTACH t=6 UE(imsi)=197 ----
  INIT_ATTACH_FAIL_ALL_LOW_RSRP: UE(imsi)=197 bestRsrp=-147.79 < min=-120 (all cells below threshold) retryIn=2s
---- INIT_ATTACH t=6 UE(imsi)=198 ----
  INIT_ATTACH_FAIL_ALL_LOW_RSRP: UE(imsi)=198 bestRsrp=-131.583 < min=-120 (all cells below threshold) retryIn=2s
---- INIT_ATTACH t=6 UE(imsi)=199 ----
  INIT_ATTACH_FAIL_ALL_LOW_RSRP: UE(imsi)=199 bestRsrp=-144.216 < min=-120 (all cells below threshold) retryIn=2s
---- INIT_ATTACH t=6 UE(imsi)=200 ----
  INIT_ATTACH_FAIL_ALL_LOW_RSRP: UE(imsi)=200 bestRsrp=-148.846 < min=-120 (all cells below threshold) retryIn=2s
---- INIT_ATTACH t=6 UE(imsi)=201 ----
  INIT_ATTACH_FAIL_ALL_LOW_RSRP: UE(imsi)=201 bestRsrp=-130.457 < min=-120 (all cells below threshold) retryIn=2s
---- INIT_ATTACH t=6 UE(imsi)=202 ----
  INIT_ATTACH_FAIL_ALL_LOW_RSRP: UE(imsi)=202 bestRsrp=-149.55 < min=-120 (all cells below threshold) retryIn=2s
---- INIT_ATTACH t=6 UE(imsi)=203 ----
  INIT_ATTACH_FAIL_ALL_LOW_RSRP: UE(imsi)=203 bestRsrp=-151.785 < min=-120 (all cells below threshold) retryIn=2s
---- INIT_ATTACH t=6 UE(imsi)=204 ----
  INIT_ATTACH_FAIL_ALL_LOW_RSRP: UE(imsi)=204 bestRsrp=-143.008 < min=-120 (all cells below threshold) retryIn=2s
---- INIT_ATTACH t=6 UE(imsi)=205 ----
  INIT_ATTACH_FAIL_ALL_LOW_RSRP: UE(imsi)=205 bestRsrp=-138.719 < min=-120 (all cells below threshold) retryIn=2s
---- INIT_ATTACH t=6 UE(imsi)=206 ----
  INIT_ATTACH_FAIL_ALL_LOW_RSRP: UE(imsi)=206 bestRsrp=-126.988 < min=-120 (all cells below threshold) retryIn=2s
---- INIT_ATTACH t=6 UE(imsi)=207 ----
  candOK0 cell=6 rsrp=-116.482 occ=4/20 -> OK
  SELECT cell=6 rsrp=-116.482 occ(afterReserve)=5/20
  INIT_ATTACH_OK: UE(imsi)=207 -> cell=6
---- INIT_ATTACH t=6 UE(imsi)=208 ----
  INIT_ATTACH_FAIL_ALL_LOW_RSRP: UE(imsi)=208 bestRsrp=-124.969 < min=-120 (all cells below threshold) retryIn=2s
---- INIT_ATTACH t=6 UE(imsi)=212 ----
  INIT_ATTACH_FAIL_ALL_LOW_RSRP: UE(imsi)=212 bestRsrp=-139.477 < min=-120 (all cells below threshold) retryIn=2s
---- INIT_ATTACH t=6 UE(imsi)=213 ----
  INIT_ATTACH_FAIL_ALL_LOW_RSRP: UE(imsi)=213 bestRsrp=-138.519 < min=-120 (all cells below threshold) retryIn=2s
---- INIT_ATTACH t=6 UE(imsi)=214 ----
  INIT_ATTACH_FAIL_ALL_LOW_RSRP: UE(imsi)=214 bestRsrp=-144.401 < min=-120 (all cells below threshold) retryIn=2s
---- INIT_ATTACH t=6 UE(imsi)=216 ----
  INIT_ATTACH_FAIL_ALL_LOW_RSRP: UE(imsi)=216 bestRsrp=-144.65 < min=-120 (all cells below threshold) retryIn=2s
---- INIT_ATTACH t=6 UE(imsi)=217 ----
  INIT_ATTACH_FAIL_ALL_LOW_RSRP: UE(imsi)=217 bestRsrp=-126.176 < min=-120 (all cells below threshold) retryIn=2s
---- INIT_ATTACH t=6 UE(imsi)=218 ----
  INIT_ATTACH_FAIL_ALL_LOW_RSRP: UE(imsi)=218 bestRsrp=-130.791 < min=-120 (all cells below threshold) retryIn=2s
---- INIT_ATTACH t=6 UE(imsi)=219 ----
  INIT_ATTACH_FAIL_ALL_LOW_RSRP: UE(imsi)=219 bestRsrp=-138.645 < min=-120 (all cells below threshold) retryIn=2s
---- INIT_ATTACH t=6 UE(imsi)=220 ----
  INIT_ATTACH_FAIL_ALL_LOW_RSRP: UE(imsi)=220 bestRsrp=-147.762 < min=-120 (all cells below threshold) retryIn=2s
---- INIT_ATTACH t=6 UE(imsi)=221 ----
  INIT_ATTACH_FAIL_ALL_LOW_RSRP: UE(imsi)=221 bestRsrp=-133.935 < min=-120 (all cells below threshold) retryIn=2s
---- INIT_ATTACH t=6 UE(imsi)=222 ----
  INIT_ATTACH_FAIL_ALL_LOW_RSRP: UE(imsi)=222 bestRsrp=-128.351 < min=-120 (all cells below threshold) retryIn=2s
---- INIT_ATTACH t=6 UE(imsi)=224 ----
  INIT_ATTACH_FAIL_ALL_LOW_RSRP: UE(imsi)=224 bestRsrp=-155.678 < min=-120 (all cells below threshold) retryIn=2s
---- INIT_ATTACH t=6 UE(imsi)=225 ----
  candOK0 cell=14 rsrp=-106.393 occ=10/10 -> SKIP_FULL
  INIT_ATTACH_FAIL_ALL_FULL: UE(imsi)=225 rsrpOk=1 (all RSRP>=min but full or invalid) retryIn=2s
---- INIT_ATTACH t=6 UE(imsi)=227 ----
  INIT_ATTACH_FAIL_ALL_LOW_RSRP: UE(imsi)=227 bestRsrp=-137.122 < min=-120 (all cells below threshold) retryIn=2s
---- INIT_ATTACH t=6 UE(imsi)=229 ----
  INIT_ATTACH_FAIL_ALL_LOW_RSRP: UE(imsi)=229 bestRsrp=-129.022 < min=-120 (all cells below threshold) retryIn=2s
---- INIT_ATTACH t=6 UE(imsi)=230 ----
  INIT_ATTACH_FAIL_ALL_LOW_RSRP: UE(imsi)=230 bestRsrp=-144.461 < min=-120 (all cells below threshold) retryIn=2s
---- INIT_ATTACH t=6 UE(imsi)=231 ----
  INIT_ATTACH_FAIL_ALL_LOW_RSRP: UE(imsi)=231 bestRsrp=-137.122 < min=-120 (all cells below threshold) retryIn=2s
---- INIT_ATTACH t=6 UE(imsi)=232 ----
  INIT_ATTACH_FAIL_ALL_LOW_RSRP: UE(imsi)=232 bestRsrp=-141.621 < min=-120 (all cells below threshold) retryIn=2s
---- INIT_ATTACH t=6 UE(imsi)=233 ----
  INIT_ATTACH_FAIL_ALL_LOW_RSRP: UE(imsi)=233 bestRsrp=-148.25 < min=-120 (all cells below threshold) retryIn=2s
---- INIT_ATTACH t=6 UE(imsi)=236 ----
  INIT_ATTACH_FAIL_ALL_LOW_RSRP: UE(imsi)=236 bestRsrp=-124.41 < min=-120 (all cells below threshold) retryIn=2s
---- INIT_ATTACH t=6 UE(imsi)=237 ----
  INIT_ATTACH_FAIL_ALL_LOW_RSRP: UE(imsi)=237 bestRsrp=-147.114 < min=-120 (all cells below threshold) retryIn=2s
---- INIT_ATTACH t=6 UE(imsi)=238 ----
  INIT_ATTACH_FAIL_ALL_LOW_RSRP: UE(imsi)=238 bestRsrp=-139.596 < min=-120 (all cells below threshold) retryIn=2s
---- INIT_ATTACH t=6 UE(imsi)=240 ----
  INIT_ATTACH_FAIL_ALL_LOW_RSRP: UE(imsi)=240 bestRsrp=-144.949 < min=-120 (all cells below threshold) retryIn=2s
---- INIT_ATTACH t=6 UE(imsi)=241 ----
  INIT_ATTACH_FAIL_ALL_LOW_RSRP: UE(imsi)=241 bestRsrp=-139.484 < min=-120 (all cells below threshold) retryIn=2s
Could not find NR UE cell info for E2 Node ID = 15
Could not find NR UE cell info for E2 Node ID = 16
Could not find NR UE cell info for E2 Node ID = 17
Could not find NR UE cell info for E2 Node ID = 18
Could not find NR UE cell info for E2 Node ID = 19
Could not find NR UE cell info for E2 Node ID = 20
Could not find NR UE cell info for E2 Node ID = 21
Could not find NR UE cell info for E2 Node ID = 22
Could not find NR UE cell info for E2 Node ID = 23
Could not find NR UE cell info for E2 Node ID = 24
Could not find NR UE cell info for E2 Node ID = 25
Could not find NR UE cell info for E2 Node ID = 26
Could not find NR UE cell info for E2 Node ID = 27
Could not find NR UE cell info for E2 Node ID = 28
Could not find NR UE cell info for E2 Node ID = 29
Could not find NR UE cell info for E2 Node ID = 30
Could not find NR UE cell info for E2 Node ID = 31
Could not find NR UE cell info for E2 Node ID = 32
Could not find NR UE cell info for E2 Node ID = 33
Could not find NR UE cell info for E2 Node ID = 34
Could not find NR UE cell info for E2 Node ID = 35
Could not find NR UE cell info for E2 Node ID = 36
Could not find NR UE cell info for E2 Node ID = 37
Could not find NR UE cell info for E2 Node ID = 38
Could not find NR UE cell info for E2 Node ID = 39
Could not find NR UE cell info for E2 Node ID = 40
Could not find NR UE cell info for E2 Node ID = 41
Could not find NR UE cell info for E2 Node ID = 42
Could not find NR UE cell info for E2 Node ID = 43
Could not find NR UE cell info for E2 Node ID = 44
Could not find NR UE cell info for E2 Node ID = 45
Could not find NR UE cell info for E2 Node ID = 46
Could not find NR UE cell info for E2 Node ID = 47
Could not find NR UE cell info for E2 Node ID = 48
Could not find NR UE cell info for E2 Node ID = 49
Could not find NR UE cell info for E2 Node ID = 50
Could not find NR UE cell info for E2 Node ID = 51
Could not find NR UE cell info for E2 Node ID = 52
Could not find NR UE cell info for E2 Node ID = 53
Could not find NR UE cell info for E2 Node ID = 54
Could not find NR UE cell info for E2 Node ID = 55
Could not find NR UE cell info for E2 Node ID = 56
Could not find NR UE cell info for E2 Node ID = 57
Could not find NR UE cell info for E2 Node ID = 58
Could not find NR UE cell info for E2 Node ID = 59
Could not find NR UE cell info for E2 Node ID = 60
Could not find NR UE cell info for E2 Node ID = 61
Could not find NR UE cell info for E2 Node ID = 62
Could not find NR UE cell info for E2 Node ID = 63
Could not find NR UE cell info for E2 Node ID = 64
Could not find NR UE cell info for E2 Node ID = 65
Could not find NR UE cell info for E2 Node ID = 66
Could not find NR UE cell info for E2 Node ID = 67
Could not find NR UE cell info for E2 Node ID = 68
Could not find NR UE cell info for E2 Node ID = 69
Could not find NR UE cell info for E2 Node ID = 70
Could not find NR UE cell info for E2 Node ID = 71
Could not find NR UE cell info for E2 Node ID = 72
Could not find NR UE cell info for E2 Node ID = 73
Could not find NR UE cell info for E2 Node ID = 74
Could not find NR UE cell info for E2 Node ID = 75
Could not find NR UE cell info for E2 Node ID = 76
Could not find NR UE cell info for E2 Node ID = 77
Could not find NR UE cell info for E2 Node ID = 78
Could not find NR UE cell info for E2 Node ID = 79
Could not find NR UE cell info for E2 Node ID = 80
Could not find NR UE cell info for E2 Node ID = 81
Could not find NR UE cell info for E2 Node ID = 82
Could not find NR UE cell info for E2 Node ID = 83
Could not find NR UE cell info for E2 Node ID = 84
Could not find NR UE cell info for E2 Node ID = 85
Could not find NR UE cell info for E2 Node ID = 86
Could not find NR UE cell info for E2 Node ID = 87
Could not find NR UE cell info for E2 Node ID = 88
Could not find NR UE cell info for E2 Node ID = 89
Could not find NR UE cell info for E2 Node ID = 90
Could not find NR UE cell info for E2 Node ID = 91
Could not find NR UE cell info for E2 Node ID = 92
Could not find NR UE cell info for E2 Node ID = 93
Could not find NR UE cell info for E2 Node ID = 94
Could not find NR UE cell info for E2 Node ID = 95
Could not find NR UE cell info for E2 Node ID = 96
Could not find NR UE cell info for E2 Node ID = 97
Could not find NR UE cell info for E2 Node ID = 98
Could not find NR UE cell info for E2 Node ID = 99
Could not find NR UE cell info for E2 Node ID = 100
Could not find NR UE cell info for E2 Node ID = 101
Could not find NR UE cell info for E2 Node ID = 102
Could not find NR UE cell info for E2 Node ID = 103
Could not find NR UE cell info for E2 Node ID = 104
Could not find NR UE cell info for E2 Node ID = 105
Could not find NR UE cell info for E2 Node ID = 106
Could not find NR UE cell info for E2 Node ID = 107
Could not find NR UE cell info for E2 Node ID = 108
Could not find NR UE cell info for E2 Node ID = 109
Could not find NR UE cell info for E2 Node ID = 110
Could not find NR UE cell info for E2 Node ID = 111
Could not find NR UE cell info for E2 Node ID = 112
Could not find NR UE cell info for E2 Node ID = 113
Could not find NR UE cell info for E2 Node ID = 114
Could not find NR UE cell info for E2 Node ID = 115
Could not find NR UE cell info for E2 Node ID = 116
Could not find NR UE cell info for E2 Node ID = 117
Could not find NR UE cell info for E2 Node ID = 118
Could not find NR UE cell info for E2 Node ID = 119
Could not find NR UE cell info for E2 Node ID = 120
Could not find NR UE cell info for E2 Node ID = 121
Could not find NR UE cell info for E2 Node ID = 122
Could not find NR UE cell info for E2 Node ID = 123
Could not find NR UE cell info for E2 Node ID = 124
Could not find NR UE cell info for E2 Node ID = 125
Could not find NR UE cell info for E2 Node ID = 126
Could not find NR UE cell info for E2 Node ID = 127
Could not find NR UE cell info for E2 Node ID = 128
Could not find NR UE cell info for E2 Node ID = 129
Could not find NR UE cell info for E2 Node ID = 130
Could not find NR UE cell info for E2 Node ID = 131
Could not find NR UE cell info for E2 Node ID = 132
Could not find NR UE cell info for E2 Node ID = 133
Could not find NR UE cell info for E2 Node ID = 134
Could not find NR UE cell info for E2 Node ID = 135
Could not find NR UE cell info for E2 Node ID = 136
Could not find NR UE cell info for E2 Node ID = 137
Could not find NR UE cell info for E2 Node ID = 138
Could not find NR UE cell info for E2 Node ID = 139
Could not find NR UE cell info for E2 Node ID = 140
Could not find NR UE cell info for E2 Node ID = 141
Could not find NR UE cell info for E2 Node ID = 142
Could not find NR UE cell info for E2 Node ID = 143
Could not find NR UE cell info for E2 Node ID = 144
Could not find NR UE cell info for E2 Node ID = 145
Could not find NR UE cell info for E2 Node ID = 146
Could not find NR UE cell info for E2 Node ID = 147
Could not find NR UE cell info for E2 Node ID = 148
Could not find NR UE cell info for E2 Node ID = 149
Could not find NR UE cell info for E2 Node ID = 150
Could not find NR UE cell info for E2 Node ID = 151
Could not find NR UE cell info for E2 Node ID = 152
Could not find NR UE cell info for E2 Node ID = 153
Could not find NR UE cell info for E2 Node ID = 154
Could not find NR UE cell info for E2 Node ID = 155
Could not find NR UE cell info for E2 Node ID = 156
Could not find NR UE cell info for E2 Node ID = 157
Could not find NR UE cell info for E2 Node ID = 158
Could not find NR UE cell info for E2 Node ID = 159
Could not find NR UE cell info for E2 Node ID = 160
Could not find NR UE cell info for E2 Node ID = 161
Could not find NR UE cell info for E2 Node ID = 162
Could not find NR UE cell info for E2 Node ID = 163
Could not find NR UE cell info for E2 Node ID = 164
Could not find NR UE cell info for E2 Node ID = 165
Could not find NR UE cell info for E2 Node ID = 166
Could not find NR UE cell info for E2 Node ID = 167
Could not find NR UE cell info for E2 Node ID = 168
Could not find NR UE cell info for E2 Node ID = 169
Could not find NR UE cell info for E2 Node ID = 170
Could not find NR UE cell info for E2 Node ID = 171
Could not find NR UE cell info for E2 Node ID = 172
Could not find NR UE cell info for E2 Node ID = 173
Could not find NR UE cell info for E2 Node ID = 174
Could not find NR UE cell info for E2 Node ID = 175
Could not find NR UE cell info for E2 Node ID = 176
Could not find NR UE cell info for E2 Node ID = 177
Could not find NR UE cell info for E2 Node ID = 178
Could not find NR UE cell info for E2 Node ID = 179
Could not find NR UE cell info for E2 Node ID = 180
Could not find NR UE cell info for E2 Node ID = 181
Could not find NR UE cell info for E2 Node ID = 182
Could not find NR UE cell info for E2 Node ID = 183
Could not find NR UE cell info for E2 Node ID = 184
Could not find NR UE cell info for E2 Node ID = 185
Could not find NR UE cell info for E2 Node ID = 186
Could not find NR UE cell info for E2 Node ID = 187
Could not find NR UE cell info for E2 Node ID = 188
Could not find NR UE cell info for E2 Node ID = 189
Could not find NR UE cell info for E2 Node ID = 190
Could not find NR UE cell info for E2 Node ID = 191
Could not find NR UE cell info for E2 Node ID = 192
Could not find NR UE cell info for E2 Node ID = 193
Could not find NR UE cell info for E2 Node ID = 194
Could not find NR UE cell info for E2 Node ID = 195
Could not find NR UE cell info for E2 Node ID = 196
Could not find NR UE cell info for E2 Node ID = 197
Could not find NR UE cell info for E2 Node ID = 198
Could not find NR UE cell info for E2 Node ID = 199
Could not find NR UE cell info for E2 Node ID = 200
Could not find NR UE cell info for E2 Node ID = 201
Could not find NR UE cell info for E2 Node ID = 202
Could not find NR UE cell info for E2 Node ID = 203
Could not find NR UE cell info for E2 Node ID = 204
Could not find NR UE cell info for E2 Node ID = 205
Could not find NR UE cell info for E2 Node ID = 206
Could not find NR UE cell info for E2 Node ID = 207
Could not find NR UE cell info for E2 Node ID = 208
Could not find NR UE cell info for E2 Node ID = 209
Could not find NR UE cell info for E2 Node ID = 210
Could not find NR UE cell info for E2 Node ID = 211
Could not find NR UE cell info for E2 Node ID = 212
Could not find NR UE cell info for E2 Node ID = 213
Could not find NR UE cell info for E2 Node ID = 214
Could not find NR UE cell info for E2 Node ID = 215
Could not find NR UE cell info for E2 Node ID = 216
Could not find NR UE cell info for E2 Node ID = 217
Could not find NR UE cell info for E2 Node ID = 218
Could not find NR UE cell info for E2 Node ID = 219
Could not find NR UE cell info for E2 Node ID = 220
Could not find NR UE cell info for E2 Node ID = 221
Could not find NR UE cell info for E2 Node ID = 222
Could not find NR UE cell info for E2 Node ID = 223
Could not find NR UE cell info for E2 Node ID = 224
Could not find NR UE cell info for E2 Node ID = 225
Could not find NR UE cell info for E2 Node ID = 226
Could not find NR UE cell info for E2 Node ID = 227
Could not find NR UE cell info for E2 Node ID = 228
Could not find NR UE cell info for E2 Node ID = 229
Could not find NR UE cell info for E2 Node ID = 230
Could not find NR UE cell info for E2 Node ID = 231
Could not find NR UE cell info for E2 Node ID = 232
Could not find NR UE cell info for E2 Node ID = 233
Could not find NR UE cell info for E2 Node ID = 234
Could not find NR UE cell info for E2 Node ID = 235
Could not find NR UE cell info for E2 Node ID = 236
Could not find NR UE cell info for E2 Node ID = 237
Could not find NR UE cell info for E2 Node ID = 238
Could not find NR UE cell info for E2 Node ID = 239
Could not find NR UE cell info for E2 Node ID = 240
Could not find NR UE cell info for E2 Node ID = 241
Could not find NR UE cell info for E2 Node ID = 242
Could not find NR UE cell info for E2 Node ID = 243
Could not find NR UE cell info for E2 Node ID = 244
Could not find NR gNB location for E2 Node ID = 1
Could not find NR gNB location for E2 Node ID = 2
Could not find NR gNB location for E2 Node ID = 3
Could not find NR gNB location for E2 Node ID = 4
Could not find NR gNB location for E2 Node ID = 5
Could not find NR gNB location for E2 Node ID = 6
Could not find NR gNB location for E2 Node ID = 7
Could not find NR gNB location for E2 Node ID = 8
Could not find NR gNB location for E2 Node ID = 9
Could not find NR gNB location for E2 Node ID = 10
Could not find NR gNB location for E2 Node ID = 11
Could not find NR gNB location for E2 Node ID = 12
Could not find NR gNB location for E2 Node ID = 13
Could not find NR gNB location for E2 Node ID = 14
---- LOAD at t=7.5 ----
---- INIT_ATTACH t=8 UE(imsi)=16 ----
  INIT_ATTACH_FAIL_ALL_LOW_RSRP: UE(imsi)=16 bestRsrp=-128.47 < min=-120 (all cells below threshold) retryIn=2s
---- INIT_ATTACH t=8 UE(imsi)=20 ----
  candOK0 cell=14 rsrp=-116.94 occ=10/10 -> SKIP_FULL
  INIT_ATTACH_FAIL_ALL_FULL: UE(imsi)=20 rsrpOk=1 (all RSRP>=min but full or invalid) retryIn=2s
---- INIT_ATTACH t=8 UE(imsi)=23 ----
  INIT_ATTACH_FAIL_ALL_LOW_RSRP: UE(imsi)=23 bestRsrp=-146.058 < min=-120 (all cells below threshold) retryIn=2s
---- INIT_ATTACH t=8 UE(imsi)=25 ----
  INIT_ATTACH_FAIL_ALL_LOW_RSRP: UE(imsi)=25 bestRsrp=-137.864 < min=-120 (all cells below threshold) retryIn=2s
---- INIT_ATTACH t=8 UE(imsi)=26 ----
  INIT_ATTACH_FAIL_ALL_LOW_RSRP: UE(imsi)=26 bestRsrp=-147.074 < min=-120 (all cells below threshold) retryIn=2s
---- INIT_ATTACH t=8 UE(imsi)=29 ----
  INIT_ATTACH_FAIL_ALL_LOW_RSRP: UE(imsi)=29 bestRsrp=-154.319 < min=-120 (all cells below threshold) retryIn=2s
---- INIT_ATTACH t=8 UE(imsi)=31 ----
  INIT_ATTACH_FAIL_ALL_LOW_RSRP: UE(imsi)=31 bestRsrp=-129.623 < min=-120 (all cells below threshold) retryIn=2s
---- INIT_ATTACH t=8 UE(imsi)=32 ----
  INIT_ATTACH_FAIL_ALL_LOW_RSRP: UE(imsi)=32 bestRsrp=-132.691 < min=-120 (all cells below threshold) retryIn=2s
---- INIT_ATTACH t=8 UE(imsi)=34 ----
  candOK0 cell=8 rsrp=-109.521 occ=6/20 -> OK
  SELECT cell=8 rsrp=-109.521 occ(afterReserve)=7/20
  INIT_ATTACH_OK: UE(imsi)=34 -> cell=8
---- INIT_ATTACH t=8 UE(imsi)=35 ----
  INIT_ATTACH_FAIL_ALL_LOW_RSRP: UE(imsi)=35 bestRsrp=-132.471 < min=-120 (all cells below threshold) retryIn=2s
---- INIT_ATTACH t=8 UE(imsi)=36 ----
  INIT_ATTACH_FAIL_ALL_LOW_RSRP: UE(imsi)=36 bestRsrp=-141.45 < min=-120 (all cells below threshold) retryIn=2s
---- INIT_ATTACH t=8 UE(imsi)=38 ----
  INIT_ATTACH_FAIL_ALL_LOW_RSRP: UE(imsi)=38 bestRsrp=-149.189 < min=-120 (all cells below threshold) retryIn=2s
---- INIT_ATTACH t=8 UE(imsi)=44 ----
  INIT_ATTACH_FAIL_ALL_LOW_RSRP: UE(imsi)=44 bestRsrp=-140.011 < min=-120 (all cells below threshold) retryIn=2s
---- INIT_ATTACH t=8 UE(imsi)=45 ----
  INIT_ATTACH_FAIL_ALL_LOW_RSRP: UE(imsi)=45 bestRsrp=-130.221 < min=-120 (all cells below threshold) retryIn=2s
---- INIT_ATTACH t=8 UE(imsi)=46 ----
  INIT_ATTACH_FAIL_ALL_LOW_RSRP: UE(imsi)=46 bestRsrp=-137.744 < min=-120 (all cells below threshold) retryIn=2s
---- INIT_ATTACH t=8 UE(imsi)=47 ----
  INIT_ATTACH_FAIL_ALL_LOW_RSRP: UE(imsi)=47 bestRsrp=-137.73 < min=-120 (all cells below threshold) retryIn=2s
---- INIT_ATTACH t=8 UE(imsi)=48 ----
  INIT_ATTACH_FAIL_ALL_LOW_RSRP: UE(imsi)=48 bestRsrp=-138.18 < min=-120 (all cells below threshold) retryIn=2s
---- INIT_ATTACH t=8 UE(imsi)=50 ----
  INIT_ATTACH_FAIL_ALL_LOW_RSRP: UE(imsi)=50 bestRsrp=-128.219 < min=-120 (all cells below threshold) retryIn=2s
---- INIT_ATTACH t=8 UE(imsi)=53 ----
  INIT_ATTACH_FAIL_ALL_LOW_RSRP: UE(imsi)=53 bestRsrp=-142.442 < min=-120 (all cells below threshold) retryIn=2s
---- INIT_ATTACH t=8 UE(imsi)=54 ----
  INIT_ATTACH_FAIL_ALL_LOW_RSRP: UE(imsi)=54 bestRsrp=-145.37 < min=-120 (all cells below threshold) retryIn=2s
---- INIT_ATTACH t=8 UE(imsi)=55 ----
  INIT_ATTACH_FAIL_ALL_LOW_RSRP: UE(imsi)=55 bestRsrp=-155 < min=-120 (all cells below threshold) retryIn=2s
---- INIT_ATTACH t=8 UE(imsi)=57 ----
  INIT_ATTACH_FAIL_ALL_LOW_RSRP: UE(imsi)=57 bestRsrp=-131.842 < min=-120 (all cells below threshold) retryIn=2s
---- INIT_ATTACH t=8 UE(imsi)=61 ----
  INIT_ATTACH_FAIL_ALL_LOW_RSRP: UE(imsi)=61 bestRsrp=-139.783 < min=-120 (all cells below threshold) retryIn=2s
---- INIT_ATTACH t=8 UE(imsi)=62 ----
  INIT_ATTACH_FAIL_ALL_LOW_RSRP: UE(imsi)=62 bestRsrp=-133.504 < min=-120 (all cells below threshold) retryIn=2s
---- INIT_ATTACH t=8 UE(imsi)=66 ----
  INIT_ATTACH_FAIL_ALL_LOW_RSRP: UE(imsi)=66 bestRsrp=-129.27 < min=-120 (all cells below threshold) retryIn=2s
---- INIT_ATTACH t=8 UE(imsi)=67 ----
  INIT_ATTACH_FAIL_ALL_LOW_RSRP: UE(imsi)=67 bestRsrp=-140.778 < min=-120 (all cells below threshold) retryIn=2s
---- INIT_ATTACH t=8 UE(imsi)=68 ----
  INIT_ATTACH_FAIL_ALL_LOW_RSRP: UE(imsi)=68 bestRsrp=-139.351 < min=-120 (all cells below threshold) retryIn=2s
---- INIT_ATTACH t=8 UE(imsi)=69 ----
  candOK0 cell=8 rsrp=-94.783 occ=7/20 -> OK
  SELECT cell=8 rsrp=-94.783 occ(afterReserve)=8/20
  INIT_ATTACH_OK: UE(imsi)=69 -> cell=8
---- INIT_ATTACH t=8 UE(imsi)=70 ----
  INIT_ATTACH_FAIL_ALL_LOW_RSRP: UE(imsi)=70 bestRsrp=-130.441 < min=-120 (all cells below threshold) retryIn=2s
---- INIT_ATTACH t=8 UE(imsi)=71 ----
  INIT_ATTACH_FAIL_ALL_LOW_RSRP: UE(imsi)=71 bestRsrp=-128.373 < min=-120 (all cells below threshold) retryIn=2s
---- INIT_ATTACH t=8 UE(imsi)=73 ----
  INIT_ATTACH_FAIL_ALL_LOW_RSRP: UE(imsi)=73 bestRsrp=-145.927 < min=-120 (all cells below threshold) retryIn=2s
---- INIT_ATTACH t=8 UE(imsi)=74 ----
  INIT_ATTACH_FAIL_ALL_LOW_RSRP: UE(imsi)=74 bestRsrp=-144.151 < min=-120 (all cells below threshold) retryIn=2s
---- INIT_ATTACH t=8 UE(imsi)=76 ----
  INIT_ATTACH_FAIL_ALL_LOW_RSRP: UE(imsi)=76 bestRsrp=-142.163 < min=-120 (all cells below threshold) retryIn=2s
---- INIT_ATTACH t=8 UE(imsi)=81 ----
  INIT_ATTACH_FAIL_ALL_LOW_RSRP: UE(imsi)=81 bestRsrp=-140.5 < min=-120 (all cells below threshold) retryIn=2s
---- INIT_ATTACH t=8 UE(imsi)=85 ----
  INIT_ATTACH_FAIL_ALL_LOW_RSRP: UE(imsi)=85 bestRsrp=-146.799 < min=-120 (all cells below threshold) retryIn=2s
---- INIT_ATTACH t=8 UE(imsi)=86 ----
  candOK0 cell=13 rsrp=-114.664 occ=10/10 -> SKIP_FULL
  INIT_ATTACH_FAIL_ALL_FULL: UE(imsi)=86 rsrpOk=1 (all RSRP>=min but full or invalid) retryIn=2s
---- INIT_ATTACH t=8 UE(imsi)=87 ----
  INIT_ATTACH_FAIL_ALL_LOW_RSRP: UE(imsi)=87 bestRsrp=-140.028 < min=-120 (all cells below threshold) retryIn=2s
---- INIT_ATTACH t=8 UE(imsi)=92 ----
  INIT_ATTACH_FAIL_ALL_LOW_RSRP: UE(imsi)=92 bestRsrp=-134.753 < min=-120 (all cells below threshold) retryIn=2s
---- INIT_ATTACH t=8 UE(imsi)=95 ----
  INIT_ATTACH_FAIL_ALL_LOW_RSRP: UE(imsi)=95 bestRsrp=-129.623 < min=-120 (all cells below threshold) retryIn=2s
---- INIT_ATTACH t=8 UE(imsi)=97 ----
  INIT_ATTACH_FAIL_ALL_LOW_RSRP: UE(imsi)=97 bestRsrp=-145.404 < min=-120 (all cells below threshold) retryIn=2s
---- INIT_ATTACH t=8 UE(imsi)=98 ----
  INIT_ATTACH_FAIL_ALL_LOW_RSRP: UE(imsi)=98 bestRsrp=-130.693 < min=-120 (all cells below threshold) retryIn=2s
---- INIT_ATTACH t=8 UE(imsi)=99 ----
  INIT_ATTACH_FAIL_ALL_LOW_RSRP: UE(imsi)=99 bestRsrp=-123.753 < min=-120 (all cells below threshold) retryIn=2s
---- INIT_ATTACH t=8 UE(imsi)=102 ----
  INIT_ATTACH_FAIL_ALL_LOW_RSRP: UE(imsi)=102 bestRsrp=-128.403 < min=-120 (all cells below threshold) retryIn=2s
---- INIT_ATTACH t=8 UE(imsi)=103 ----
  INIT_ATTACH_FAIL_ALL_LOW_RSRP: UE(imsi)=103 bestRsrp=-123.865 < min=-120 (all cells below threshold) retryIn=2s
---- INIT_ATTACH t=8 UE(imsi)=104 ----
  INIT_ATTACH_FAIL_ALL_LOW_RSRP: UE(imsi)=104 bestRsrp=-126.551 < min=-120 (all cells below threshold) retryIn=2s
---- INIT_ATTACH t=8 UE(imsi)=106 ----
  INIT_ATTACH_FAIL_ALL_LOW_RSRP: UE(imsi)=106 bestRsrp=-123.404 < min=-120 (all cells below threshold) retryIn=2s
---- INIT_ATTACH t=8 UE(imsi)=109 ----
  INIT_ATTACH_FAIL_ALL_LOW_RSRP: UE(imsi)=109 bestRsrp=-131.742 < min=-120 (all cells below threshold) retryIn=2s
---- INIT_ATTACH t=8 UE(imsi)=112 ----
  INIT_ATTACH_FAIL_ALL_LOW_RSRP: UE(imsi)=112 bestRsrp=-121.308 < min=-120 (all cells below threshold) retryIn=2s
---- INIT_ATTACH t=8 UE(imsi)=116 ----
  INIT_ATTACH_FAIL_ALL_LOW_RSRP: UE(imsi)=116 bestRsrp=-152.775 < min=-120 (all cells below threshold) retryIn=2s
---- INIT_ATTACH t=8 UE(imsi)=119 ----
  INIT_ATTACH_FAIL_ALL_LOW_RSRP: UE(imsi)=119 bestRsrp=-143.239 < min=-120 (all cells below threshold) retryIn=2s
---- INIT_ATTACH t=8 UE(imsi)=120 ----
  INIT_ATTACH_FAIL_ALL_LOW_RSRP: UE(imsi)=120 bestRsrp=-140.21 < min=-120 (all cells below threshold) retryIn=2s
---- INIT_ATTACH t=8 UE(imsi)=122 ----
  INIT_ATTACH_FAIL_ALL_LOW_RSRP: UE(imsi)=122 bestRsrp=-140.203 < min=-120 (all cells below threshold) retryIn=2s
---- INIT_ATTACH t=8 UE(imsi)=129 ----
  INIT_ATTACH_FAIL_ALL_LOW_RSRP: UE(imsi)=129 bestRsrp=-139.433 < min=-120 (all cells below threshold) retryIn=2s
---- INIT_ATTACH t=8 UE(imsi)=130 ----
  INIT_ATTACH_FAIL_ALL_LOW_RSRP: UE(imsi)=130 bestRsrp=-136.336 < min=-120 (all cells below threshold) retryIn=2s
---- INIT_ATTACH t=8 UE(imsi)=131 ----
  INIT_ATTACH_FAIL_ALL_LOW_RSRP: UE(imsi)=131 bestRsrp=-136.876 < min=-120 (all cells below threshold) retryIn=2s
---- INIT_ATTACH t=8 UE(imsi)=132 ----
  INIT_ATTACH_FAIL_ALL_LOW_RSRP: UE(imsi)=132 bestRsrp=-141.324 < min=-120 (all cells below threshold) retryIn=2s
---- INIT_ATTACH t=8 UE(imsi)=134 ----
  INIT_ATTACH_FAIL_ALL_LOW_RSRP: UE(imsi)=134 bestRsrp=-126.039 < min=-120 (all cells below threshold) retryIn=2s
---- INIT_ATTACH t=8 UE(imsi)=135 ----
  INIT_ATTACH_FAIL_ALL_LOW_RSRP: UE(imsi)=135 bestRsrp=-134.801 < min=-120 (all cells below threshold) retryIn=2s
---- INIT_ATTACH t=8 UE(imsi)=136 ----
  INIT_ATTACH_FAIL_ALL_LOW_RSRP: UE(imsi)=136 bestRsrp=-146.884 < min=-120 (all cells below threshold) retryIn=2s
---- INIT_ATTACH t=8 UE(imsi)=138 ----
  INIT_ATTACH_FAIL_ALL_LOW_RSRP: UE(imsi)=138 bestRsrp=-143.879 < min=-120 (all cells below threshold) retryIn=2s
---- INIT_ATTACH t=8 UE(imsi)=139 ----
  candOK0 cell=6 rsrp=-103.403 occ=5/20 -> OK
  SELECT cell=6 rsrp=-103.403 occ(afterReserve)=6/20
  INIT_ATTACH_OK: UE(imsi)=139 -> cell=6
---- INIT_ATTACH t=8 UE(imsi)=140 ----
  INIT_ATTACH_FAIL_ALL_LOW_RSRP: UE(imsi)=140 bestRsrp=-141.866 < min=-120 (all cells below threshold) retryIn=2s
---- INIT_ATTACH t=8 UE(imsi)=141 ----
  INIT_ATTACH_FAIL_ALL_LOW_RSRP: UE(imsi)=141 bestRsrp=-144.643 < min=-120 (all cells below threshold) retryIn=2s
---- INIT_ATTACH t=8 UE(imsi)=142 ----
  INIT_ATTACH_FAIL_ALL_LOW_RSRP: UE(imsi)=142 bestRsrp=-125.551 < min=-120 (all cells below threshold) retryIn=2s
---- INIT_ATTACH t=8 UE(imsi)=144 ----
  INIT_ATTACH_FAIL_ALL_LOW_RSRP: UE(imsi)=144 bestRsrp=-149.383 < min=-120 (all cells below threshold) retryIn=2s
---- INIT_ATTACH t=8 UE(imsi)=146 ----
  INIT_ATTACH_FAIL_ALL_LOW_RSRP: UE(imsi)=146 bestRsrp=-137.209 < min=-120 (all cells below threshold) retryIn=2s
---- INIT_ATTACH t=8 UE(imsi)=147 ----
  INIT_ATTACH_FAIL_ALL_LOW_RSRP: UE(imsi)=147 bestRsrp=-130.499 < min=-120 (all cells below threshold) retryIn=2s
---- INIT_ATTACH t=8 UE(imsi)=148 ----
  INIT_ATTACH_FAIL_ALL_LOW_RSRP: UE(imsi)=148 bestRsrp=-140.177 < min=-120 (all cells below threshold) retryIn=2s
---- INIT_ATTACH t=8 UE(imsi)=149 ----
  INIT_ATTACH_FAIL_ALL_LOW_RSRP: UE(imsi)=149 bestRsrp=-149.345 < min=-120 (all cells below threshold) retryIn=2s
---- INIT_ATTACH t=8 UE(imsi)=150 ----
  INIT_ATTACH_FAIL_ALL_LOW_RSRP: UE(imsi)=150 bestRsrp=-145.6 < min=-120 (all cells below threshold) retryIn=2s
---- INIT_ATTACH t=8 UE(imsi)=151 ----
  INIT_ATTACH_FAIL_ALL_LOW_RSRP: UE(imsi)=151 bestRsrp=-148.932 < min=-120 (all cells below threshold) retryIn=2s
---- INIT_ATTACH t=8 UE(imsi)=152 ----
  candOK0 cell=12 rsrp=-102.07 occ=8/10 -> OK
  SELECT cell=12 rsrp=-102.07 occ(afterReserve)=9/10
  INIT_ATTACH_OK: UE(imsi)=152 -> cell=12
---- INIT_ATTACH t=8 UE(imsi)=154 ----
  candOK0 cell=11 rsrp=-104.797 occ=10/10 -> SKIP_FULL
  INIT_ATTACH_FAIL_ALL_FULL: UE(imsi)=154 rsrpOk=1 (all RSRP>=min but full or invalid) retryIn=2s
---- INIT_ATTACH t=8 UE(imsi)=155 ----
  INIT_ATTACH_FAIL_ALL_LOW_RSRP: UE(imsi)=155 bestRsrp=-137.736 < min=-120 (all cells below threshold) retryIn=2s
---- INIT_ATTACH t=8 UE(imsi)=156 ----
  INIT_ATTACH_FAIL_ALL_LOW_RSRP: UE(imsi)=156 bestRsrp=-151.676 < min=-120 (all cells below threshold) retryIn=2s
---- INIT_ATTACH t=8 UE(imsi)=157 ----
  INIT_ATTACH_FAIL_ALL_LOW_RSRP: UE(imsi)=157 bestRsrp=-139.601 < min=-120 (all cells below threshold) retryIn=2s
---- INIT_ATTACH t=8 UE(imsi)=158 ----
  INIT_ATTACH_FAIL_ALL_LOW_RSRP: UE(imsi)=158 bestRsrp=-126.435 < min=-120 (all cells below threshold) retryIn=2s
---- INIT_ATTACH t=8 UE(imsi)=161 ----
  INIT_ATTACH_FAIL_ALL_LOW_RSRP: UE(imsi)=161 bestRsrp=-138.352 < min=-120 (all cells below threshold) retryIn=2s
---- INIT_ATTACH t=8 UE(imsi)=163 ----
  INIT_ATTACH_FAIL_ALL_LOW_RSRP: UE(imsi)=163 bestRsrp=-127.347 < min=-120 (all cells below threshold) retryIn=2s
---- INIT_ATTACH t=8 UE(imsi)=164 ----
  INIT_ATTACH_FAIL_ALL_LOW_RSRP: UE(imsi)=164 bestRsrp=-137.394 < min=-120 (all cells below threshold) retryIn=2s
---- INIT_ATTACH t=8 UE(imsi)=165 ----
  INIT_ATTACH_FAIL_ALL_LOW_RSRP: UE(imsi)=165 bestRsrp=-146.502 < min=-120 (all cells below threshold) retryIn=2s
---- INIT_ATTACH t=8 UE(imsi)=169 ----
  INIT_ATTACH_FAIL_ALL_LOW_RSRP: UE(imsi)=169 bestRsrp=-143.981 < min=-120 (all cells below threshold) retryIn=2s
---- INIT_ATTACH t=8 UE(imsi)=171 ----
  INIT_ATTACH_FAIL_ALL_LOW_RSRP: UE(imsi)=171 bestRsrp=-147.929 < min=-120 (all cells below threshold) retryIn=2s
---- INIT_ATTACH t=8 UE(imsi)=173 ----
  INIT_ATTACH_FAIL_ALL_LOW_RSRP: UE(imsi)=173 bestRsrp=-139.731 < min=-120 (all cells below threshold) retryIn=2s
---- INIT_ATTACH t=8 UE(imsi)=174 ----
  INIT_ATTACH_FAIL_ALL_LOW_RSRP: UE(imsi)=174 bestRsrp=-142.959 < min=-120 (all cells below threshold) retryIn=2s
---- INIT_ATTACH t=8 UE(imsi)=178 ----
  INIT_ATTACH_FAIL_ALL_LOW_RSRP: UE(imsi)=178 bestRsrp=-139.951 < min=-120 (all cells below threshold) retryIn=2s
---- INIT_ATTACH t=8 UE(imsi)=179 ----
  INIT_ATTACH_FAIL_ALL_LOW_RSRP: UE(imsi)=179 bestRsrp=-146.934 < min=-120 (all cells below threshold) retryIn=2s
---- INIT_ATTACH t=8 UE(imsi)=181 ----
  INIT_ATTACH_FAIL_ALL_LOW_RSRP: UE(imsi)=181 bestRsrp=-146.896 < min=-120 (all cells below threshold) retryIn=2s
---- INIT_ATTACH t=8 UE(imsi)=183 ----
  INIT_ATTACH_FAIL_ALL_LOW_RSRP: UE(imsi)=183 bestRsrp=-139.14 < min=-120 (all cells below threshold) retryIn=2s
---- INIT_ATTACH t=8 UE(imsi)=185 ----
  INIT_ATTACH_FAIL_ALL_LOW_RSRP: UE(imsi)=185 bestRsrp=-144.36 < min=-120 (all cells below threshold) retryIn=2s
---- INIT_ATTACH t=8 UE(imsi)=186 ----
  INIT_ATTACH_FAIL_ALL_LOW_RSRP: UE(imsi)=186 bestRsrp=-129.369 < min=-120 (all cells below threshold) retryIn=2s
---- INIT_ATTACH t=8 UE(imsi)=187 ----
  INIT_ATTACH_FAIL_ALL_LOW_RSRP: UE(imsi)=187 bestRsrp=-123.471 < min=-120 (all cells below threshold) retryIn=2s
---- INIT_ATTACH t=8 UE(imsi)=192 ----
  INIT_ATTACH_FAIL_ALL_LOW_RSRP: UE(imsi)=192 bestRsrp=-154.987 < min=-120 (all cells below threshold) retryIn=2s
---- INIT_ATTACH t=8 UE(imsi)=195 ----
  INIT_ATTACH_FAIL_ALL_LOW_RSRP: UE(imsi)=195 bestRsrp=-139.254 < min=-120 (all cells below threshold) retryIn=2s
---- INIT_ATTACH t=8 UE(imsi)=196 ----
  INIT_ATTACH_FAIL_ALL_LOW_RSRP: UE(imsi)=196 bestRsrp=-130.625 < min=-120 (all cells below threshold) retryIn=2s
---- INIT_ATTACH t=8 UE(imsi)=197 ----
  INIT_ATTACH_FAIL_ALL_LOW_RSRP: UE(imsi)=197 bestRsrp=-146.94 < min=-120 (all cells below threshold) retryIn=2s
---- INIT_ATTACH t=8 UE(imsi)=198 ----
  INIT_ATTACH_FAIL_ALL_LOW_RSRP: UE(imsi)=198 bestRsrp=-131.114 < min=-120 (all cells below threshold) retryIn=2s
---- INIT_ATTACH t=8 UE(imsi)=199 ----
  INIT_ATTACH_FAIL_ALL_LOW_RSRP: UE(imsi)=199 bestRsrp=-140.991 < min=-120 (all cells below threshold) retryIn=2s
---- INIT_ATTACH t=8 UE(imsi)=200 ----
  INIT_ATTACH_FAIL_ALL_LOW_RSRP: UE(imsi)=200 bestRsrp=-146.413 < min=-120 (all cells below threshold) retryIn=2s
---- INIT_ATTACH t=8 UE(imsi)=201 ----
  INIT_ATTACH_FAIL_ALL_LOW_RSRP: UE(imsi)=201 bestRsrp=-128.613 < min=-120 (all cells below threshold) retryIn=2s
---- INIT_ATTACH t=8 UE(imsi)=202 ----
  INIT_ATTACH_FAIL_ALL_LOW_RSRP: UE(imsi)=202 bestRsrp=-151.054 < min=-120 (all cells below threshold) retryIn=2s
---- INIT_ATTACH t=8 UE(imsi)=203 ----
  INIT_ATTACH_FAIL_ALL_LOW_RSRP: UE(imsi)=203 bestRsrp=-151.411 < min=-120 (all cells below threshold) retryIn=2s
---- INIT_ATTACH t=8 UE(imsi)=204 ----
  INIT_ATTACH_FAIL_ALL_LOW_RSRP: UE(imsi)=204 bestRsrp=-142.755 < min=-120 (all cells below threshold) retryIn=2s
---- INIT_ATTACH t=8 UE(imsi)=205 ----
  candOK0 cell=8 rsrp=-105.697 occ=8/20 -> OK
  SELECT cell=8 rsrp=-105.697 occ(afterReserve)=9/20
  INIT_ATTACH_OK: UE(imsi)=205 -> cell=8
---- INIT_ATTACH t=8 UE(imsi)=206 ----
  INIT_ATTACH_FAIL_ALL_LOW_RSRP: UE(imsi)=206 bestRsrp=-123.623 < min=-120 (all cells below threshold) retryIn=2s
---- INIT_ATTACH t=8 UE(imsi)=208 ----
  INIT_ATTACH_FAIL_ALL_LOW_RSRP: UE(imsi)=208 bestRsrp=-121.258 < min=-120 (all cells below threshold) retryIn=2s
---- INIT_ATTACH t=8 UE(imsi)=212 ----
  INIT_ATTACH_FAIL_ALL_LOW_RSRP: UE(imsi)=212 bestRsrp=-138.348 < min=-120 (all cells below threshold) retryIn=2s
---- INIT_ATTACH t=8 UE(imsi)=213 ----
  INIT_ATTACH_FAIL_ALL_LOW_RSRP: UE(imsi)=213 bestRsrp=-139.714 < min=-120 (all cells below threshold) retryIn=2s
---- INIT_ATTACH t=8 UE(imsi)=214 ----
  INIT_ATTACH_FAIL_ALL_LOW_RSRP: UE(imsi)=214 bestRsrp=-142.348 < min=-120 (all cells below threshold) retryIn=2s
---- INIT_ATTACH t=8 UE(imsi)=216 ----
  INIT_ATTACH_FAIL_ALL_LOW_RSRP: UE(imsi)=216 bestRsrp=-144.694 < min=-120 (all cells below threshold) retryIn=2s
---- INIT_ATTACH t=8 UE(imsi)=217 ----
  INIT_ATTACH_FAIL_ALL_LOW_RSRP: UE(imsi)=217 bestRsrp=-125.372 < min=-120 (all cells below threshold) retryIn=2s
---- INIT_ATTACH t=8 UE(imsi)=218 ----
  INIT_ATTACH_FAIL_ALL_LOW_RSRP: UE(imsi)=218 bestRsrp=-130.805 < min=-120 (all cells below threshold) retryIn=2s
---- INIT_ATTACH t=8 UE(imsi)=219 ----
  INIT_ATTACH_FAIL_ALL_LOW_RSRP: UE(imsi)=219 bestRsrp=-137.548 < min=-120 (all cells below threshold) retryIn=2s
---- INIT_ATTACH t=8 UE(imsi)=220 ----
  INIT_ATTACH_FAIL_ALL_LOW_RSRP: UE(imsi)=220 bestRsrp=-150.804 < min=-120 (all cells below threshold) retryIn=2s
---- INIT_ATTACH t=8 UE(imsi)=221 ----
  INIT_ATTACH_FAIL_ALL_LOW_RSRP: UE(imsi)=221 bestRsrp=-132.97 < min=-120 (all cells below threshold) retryIn=2s
---- INIT_ATTACH t=8 UE(imsi)=222 ----
  INIT_ATTACH_FAIL_ALL_LOW_RSRP: UE(imsi)=222 bestRsrp=-140.445 < min=-120 (all cells below threshold) retryIn=2s
---- INIT_ATTACH t=8 UE(imsi)=224 ----
  INIT_ATTACH_FAIL_ALL_LOW_RSRP: UE(imsi)=224 bestRsrp=-154.456 < min=-120 (all cells below threshold) retryIn=2s
---- INIT_ATTACH t=8 UE(imsi)=225 ----
  INIT_ATTACH_FAIL_ALL_LOW_RSRP: UE(imsi)=225 bestRsrp=-134.534 < min=-120 (all cells below threshold) retryIn=2s
---- INIT_ATTACH t=8 UE(imsi)=227 ----
  INIT_ATTACH_FAIL_ALL_LOW_RSRP: UE(imsi)=227 bestRsrp=-133.287 < min=-120 (all cells below threshold) retryIn=2s
---- INIT_ATTACH t=8 UE(imsi)=229 ----
  INIT_ATTACH_FAIL_ALL_LOW_RSRP: UE(imsi)=229 bestRsrp=-125.976 < min=-120 (all cells below threshold) retryIn=2s
---- INIT_ATTACH t=8 UE(imsi)=230 ----
  INIT_ATTACH_FAIL_ALL_LOW_RSRP: UE(imsi)=230 bestRsrp=-144.893 < min=-120 (all cells below threshold) retryIn=2s
---- INIT_ATTACH t=8 UE(imsi)=231 ----
  INIT_ATTACH_FAIL_ALL_LOW_RSRP: UE(imsi)=231 bestRsrp=-137.316 < min=-120 (all cells below threshold) retryIn=2s
---- INIT_ATTACH t=8 UE(imsi)=232 ----
  INIT_ATTACH_FAIL_ALL_LOW_RSRP: UE(imsi)=232 bestRsrp=-143.001 < min=-120 (all cells below threshold) retryIn=2s
---- INIT_ATTACH t=8 UE(imsi)=233 ----
  INIT_ATTACH_FAIL_ALL_LOW_RSRP: UE(imsi)=233 bestRsrp=-146.618 < min=-120 (all cells below threshold) retryIn=2s
---- INIT_ATTACH t=8 UE(imsi)=236 ----
  INIT_ATTACH_FAIL_ALL_LOW_RSRP: UE(imsi)=236 bestRsrp=-123.792 < min=-120 (all cells below threshold) retryIn=2s
---- INIT_ATTACH t=8 UE(imsi)=237 ----
  INIT_ATTACH_FAIL_ALL_LOW_RSRP: UE(imsi)=237 bestRsrp=-147.85 < min=-120 (all cells below threshold) retryIn=2s
---- INIT_ATTACH t=8 UE(imsi)=238 ----
  INIT_ATTACH_FAIL_ALL_LOW_RSRP: UE(imsi)=238 bestRsrp=-139.675 < min=-120 (all cells below threshold) retryIn=2s
---- INIT_ATTACH t=8 UE(imsi)=240 ----
  INIT_ATTACH_FAIL_ALL_LOW_RSRP: UE(imsi)=240 bestRsrp=-141.959 < min=-120 (all cells below threshold) retryIn=2s
---- INIT_ATTACH t=8 UE(imsi)=241 ----
  INIT_ATTACH_FAIL_ALL_LOW_RSRP: UE(imsi)=241 bestRsrp=-138.79 < min=-120 (all cells below threshold) retryIn=2s
---- INIT_ATTACH t=10 UE(imsi)=16 ----
  INIT_ATTACH_FAIL_ALL_LOW_RSRP: UE(imsi)=16 bestRsrp=-127.96 < min=-120 (all cells below threshold) retryIn=2s
---- INIT_ATTACH t=10 UE(imsi)=20 ----
  INIT_ATTACH_FAIL_ALL_LOW_RSRP: UE(imsi)=20 bestRsrp=-150.942 < min=-120 (all cells below threshold) retryIn=2s
---- INIT_ATTACH t=10 UE(imsi)=23 ----
  INIT_ATTACH_FAIL_ALL_LOW_RSRP: UE(imsi)=23 bestRsrp=-145.889 < min=-120 (all cells below threshold) retryIn=2s
---- INIT_ATTACH t=10 UE(imsi)=25 ----
  INIT_ATTACH_FAIL_ALL_LOW_RSRP: UE(imsi)=25 bestRsrp=-138.13 < min=-120 (all cells below threshold) retryIn=2s
---- INIT_ATTACH t=10 UE(imsi)=26 ----
  INIT_ATTACH_FAIL_ALL_LOW_RSRP: UE(imsi)=26 bestRsrp=-147.871 < min=-120 (all cells below threshold) retryIn=2s
---- INIT_ATTACH t=10 UE(imsi)=29 ----
  INIT_ATTACH_FAIL_ALL_LOW_RSRP: UE(imsi)=29 bestRsrp=-140.364 < min=-120 (all cells below threshold) retryIn=2s
---- INIT_ATTACH t=10 UE(imsi)=31 ----
  INIT_ATTACH_FAIL_ALL_LOW_RSRP: UE(imsi)=31 bestRsrp=-127.895 < min=-120 (all cells below threshold) retryIn=2s
---- INIT_ATTACH t=10 UE(imsi)=32 ----
  INIT_ATTACH_FAIL_ALL_LOW_RSRP: UE(imsi)=32 bestRsrp=-131.555 < min=-120 (all cells below threshold) retryIn=2s
---- INIT_ATTACH t=10 UE(imsi)=35 ----
  INIT_ATTACH_FAIL_ALL_LOW_RSRP: UE(imsi)=35 bestRsrp=-131.796 < min=-120 (all cells below threshold) retryIn=2s
---- INIT_ATTACH t=10 UE(imsi)=36 ----
  INIT_ATTACH_FAIL_ALL_LOW_RSRP: UE(imsi)=36 bestRsrp=-140.418 < min=-120 (all cells below threshold) retryIn=2s
---- INIT_ATTACH t=10 UE(imsi)=38 ----
  INIT_ATTACH_FAIL_ALL_LOW_RSRP: UE(imsi)=38 bestRsrp=-148.545 < min=-120 (all cells below threshold) retryIn=2s
---- INIT_ATTACH t=10 UE(imsi)=44 ----
  INIT_ATTACH_FAIL_ALL_LOW_RSRP: UE(imsi)=44 bestRsrp=-138.623 < min=-120 (all cells below threshold) retryIn=2s
---- INIT_ATTACH t=10 UE(imsi)=45 ----
  INIT_ATTACH_FAIL_ALL_LOW_RSRP: UE(imsi)=45 bestRsrp=-127.378 < min=-120 (all cells below threshold) retryIn=2s
---- INIT_ATTACH t=10 UE(imsi)=46 ----
  INIT_ATTACH_FAIL_ALL_LOW_RSRP: UE(imsi)=46 bestRsrp=-137.923 < min=-120 (all cells below threshold) retryIn=2s
---- INIT_ATTACH t=10 UE(imsi)=47 ----
  INIT_ATTACH_FAIL_ALL_LOW_RSRP: UE(imsi)=47 bestRsrp=-137.033 < min=-120 (all cells below threshold) retryIn=2s
---- INIT_ATTACH t=10 UE(imsi)=48 ----
  INIT_ATTACH_FAIL_ALL_LOW_RSRP: UE(imsi)=48 bestRsrp=-137.336 < min=-120 (all cells below threshold) retryIn=2s
---- INIT_ATTACH t=10 UE(imsi)=50 ----
  INIT_ATTACH_FAIL_ALL_LOW_RSRP: UE(imsi)=50 bestRsrp=-131.198 < min=-120 (all cells below threshold) retryIn=2s
---- INIT_ATTACH t=10 UE(imsi)=53 ----
  INIT_ATTACH_FAIL_ALL_LOW_RSRP: UE(imsi)=53 bestRsrp=-142.297 < min=-120 (all cells below threshold) retryIn=2s
---- INIT_ATTACH t=10 UE(imsi)=54 ----
  INIT_ATTACH_FAIL_ALL_LOW_RSRP: UE(imsi)=54 bestRsrp=-142.214 < min=-120 (all cells below threshold) retryIn=2s
---- INIT_ATTACH t=10 UE(imsi)=55 ----
  INIT_ATTACH_FAIL_ALL_LOW_RSRP: UE(imsi)=55 bestRsrp=-155.647 < min=-120 (all cells below threshold) retryIn=2s
---- INIT_ATTACH t=10 UE(imsi)=57 ----
  INIT_ATTACH_FAIL_ALL_LOW_RSRP: UE(imsi)=57 bestRsrp=-131.196 < min=-120 (all cells below threshold) retryIn=2s
---- INIT_ATTACH t=10 UE(imsi)=61 ----
  INIT_ATTACH_FAIL_ALL_LOW_RSRP: UE(imsi)=61 bestRsrp=-140.043 < min=-120 (all cells below threshold) retryIn=2s
---- INIT_ATTACH t=10 UE(imsi)=62 ----
  INIT_ATTACH_FAIL_ALL_LOW_RSRP: UE(imsi)=62 bestRsrp=-134 < min=-120 (all cells below threshold) retryIn=2s
---- INIT_ATTACH t=10 UE(imsi)=66 ----
  INIT_ATTACH_FAIL_ALL_LOW_RSRP: UE(imsi)=66 bestRsrp=-128.782 < min=-120 (all cells below threshold) retryIn=2s
---- INIT_ATTACH t=10 UE(imsi)=67 ----
  INIT_ATTACH_FAIL_ALL_LOW_RSRP: UE(imsi)=67 bestRsrp=-142.136 < min=-120 (all cells below threshold) retryIn=2s
---- INIT_ATTACH t=10 UE(imsi)=68 ----
  INIT_ATTACH_FAIL_ALL_LOW_RSRP: UE(imsi)=68 bestRsrp=-136.823 < min=-120 (all cells below threshold) retryIn=2s
---- INIT_ATTACH t=10 UE(imsi)=70 ----
  INIT_ATTACH_FAIL_ALL_LOW_RSRP: UE(imsi)=70 bestRsrp=-129.835 < min=-120 (all cells below threshold) retryIn=2s
---- INIT_ATTACH t=10 UE(imsi)=71 ----
  INIT_ATTACH_FAIL_ALL_LOW_RSRP: UE(imsi)=71 bestRsrp=-127.295 < min=-120 (all cells below threshold) retryIn=2s
---- INIT_ATTACH t=10 UE(imsi)=73 ----
  INIT_ATTACH_FAIL_ALL_LOW_RSRP: UE(imsi)=73 bestRsrp=-144.556 < min=-120 (all cells below threshold) retryIn=2s
---- INIT_ATTACH t=10 UE(imsi)=74 ----
  INIT_ATTACH_FAIL_ALL_LOW_RSRP: UE(imsi)=74 bestRsrp=-143.474 < min=-120 (all cells below threshold) retryIn=2s
---- INIT_ATTACH t=10 UE(imsi)=76 ----
  INIT_ATTACH_FAIL_ALL_LOW_RSRP: UE(imsi)=76 bestRsrp=-141.981 < min=-120 (all cells below threshold) retryIn=2s
---- INIT_ATTACH t=10 UE(imsi)=81 ----
  INIT_ATTACH_FAIL_ALL_LOW_RSRP: UE(imsi)=81 bestRsrp=-140.906 < min=-120 (all cells below threshold) retryIn=2s
---- INIT_ATTACH t=10 UE(imsi)=85 ----
  INIT_ATTACH_FAIL_ALL_LOW_RSRP: UE(imsi)=85 bestRsrp=-143.695 < min=-120 (all cells below threshold) retryIn=2s
---- INIT_ATTACH t=10 UE(imsi)=86 ----
  INIT_ATTACH_FAIL_ALL_LOW_RSRP: UE(imsi)=86 bestRsrp=-130.035 < min=-120 (all cells below threshold) retryIn=2s
---- INIT_ATTACH t=10 UE(imsi)=87 ----
  INIT_ATTACH_FAIL_ALL_LOW_RSRP: UE(imsi)=87 bestRsrp=-140.393 < min=-120 (all cells below threshold) retryIn=2s
---- INIT_ATTACH t=10 UE(imsi)=92 ----
  INIT_ATTACH_FAIL_ALL_LOW_RSRP: UE(imsi)=92 bestRsrp=-137.255 < min=-120 (all cells below threshold) retryIn=2s
---- INIT_ATTACH t=10 UE(imsi)=95 ----
  INIT_ATTACH_FAIL_ALL_LOW_RSRP: UE(imsi)=95 bestRsrp=-141.573 < min=-120 (all cells below threshold) retryIn=2s
---- INIT_ATTACH t=10 UE(imsi)=97 ----
  INIT_ATTACH_FAIL_ALL_LOW_RSRP: UE(imsi)=97 bestRsrp=-147.209 < min=-120 (all cells below threshold) retryIn=2s
---- INIT_ATTACH t=10 UE(imsi)=98 ----
  INIT_ATTACH_FAIL_ALL_LOW_RSRP: UE(imsi)=98 bestRsrp=-131.789 < min=-120 (all cells below threshold) retryIn=2s
---- INIT_ATTACH t=10 UE(imsi)=99 ----
  INIT_ATTACH_FAIL_ALL_LOW_RSRP: UE(imsi)=99 bestRsrp=-127.598 < min=-120 (all cells below threshold) retryIn=2s
---- INIT_ATTACH t=10 UE(imsi)=102 ----
  INIT_ATTACH_FAIL_ALL_LOW_RSRP: UE(imsi)=102 bestRsrp=-126.601 < min=-120 (all cells below threshold) retryIn=2s
---- INIT_ATTACH t=10 UE(imsi)=103 ----
  candOK0 cell=7 rsrp=-97.9051 occ=6/20 -> OK
  SELECT cell=7 rsrp=-97.9051 occ(afterReserve)=7/20
  INIT_ATTACH_OK: UE(imsi)=103 -> cell=7
---- INIT_ATTACH t=10 UE(imsi)=104 ----
  candOK0 cell=13 rsrp=-101.404 occ=10/10 -> SKIP_FULL
  INIT_ATTACH_FAIL_ALL_FULL: UE(imsi)=104 rsrpOk=1 (all RSRP>=min but full or invalid) retryIn=2s
---- INIT_ATTACH t=10 UE(imsi)=106 ----
  INIT_ATTACH_FAIL_ALL_LOW_RSRP: UE(imsi)=106 bestRsrp=-123.505 < min=-120 (all cells below threshold) retryIn=2s
---- INIT_ATTACH t=10 UE(imsi)=109 ----
  INIT_ATTACH_FAIL_ALL_LOW_RSRP: UE(imsi)=109 bestRsrp=-134.555 < min=-120 (all cells below threshold) retryIn=2s
---- INIT_ATTACH t=10 UE(imsi)=112 ----
  INIT_ATTACH_FAIL_ALL_LOW_RSRP: UE(imsi)=112 bestRsrp=-124.758 < min=-120 (all cells below threshold) retryIn=2s
---- INIT_ATTACH t=10 UE(imsi)=116 ----
  INIT_ATTACH_FAIL_ALL_LOW_RSRP: UE(imsi)=116 bestRsrp=-155.134 < min=-120 (all cells below threshold) retryIn=2s
---- INIT_ATTACH t=10 UE(imsi)=119 ----
  INIT_ATTACH_FAIL_ALL_LOW_RSRP: UE(imsi)=119 bestRsrp=-141.442 < min=-120 (all cells below threshold) retryIn=2s
---- INIT_ATTACH t=10 UE(imsi)=120 ----
  INIT_ATTACH_FAIL_ALL_LOW_RSRP: UE(imsi)=120 bestRsrp=-142.293 < min=-120 (all cells below threshold) retryIn=2s
---- INIT_ATTACH t=10 UE(imsi)=122 ----
  INIT_ATTACH_FAIL_ALL_LOW_RSRP: UE(imsi)=122 bestRsrp=-144.243 < min=-120 (all cells below threshold) retryIn=2s
---- INIT_ATTACH t=10 UE(imsi)=129 ----
  INIT_ATTACH_FAIL_ALL_LOW_RSRP: UE(imsi)=129 bestRsrp=-142.69 < min=-120 (all cells below threshold) retryIn=2s
---- INIT_ATTACH t=10 UE(imsi)=130 ----
  INIT_ATTACH_FAIL_ALL_LOW_RSRP: UE(imsi)=130 bestRsrp=-135.638 < min=-120 (all cells below threshold) retryIn=2s
---- INIT_ATTACH t=10 UE(imsi)=131 ----
  INIT_ATTACH_FAIL_ALL_LOW_RSRP: UE(imsi)=131 bestRsrp=-136.859 < min=-120 (all cells below threshold) retryIn=2s
---- INIT_ATTACH t=10 UE(imsi)=132 ----
  INIT_ATTACH_FAIL_ALL_LOW_RSRP: UE(imsi)=132 bestRsrp=-142.962 < min=-120 (all cells below threshold) retryIn=2s
---- INIT_ATTACH t=10 UE(imsi)=134 ----
  INIT_ATTACH_FAIL_ALL_LOW_RSRP: UE(imsi)=134 bestRsrp=-126.174 < min=-120 (all cells below threshold) retryIn=2s
---- INIT_ATTACH t=10 UE(imsi)=135 ----
  INIT_ATTACH_FAIL_ALL_LOW_RSRP: UE(imsi)=135 bestRsrp=-137.276 < min=-120 (all cells below threshold) retryIn=2s
---- INIT_ATTACH t=10 UE(imsi)=136 ----
  INIT_ATTACH_FAIL_ALL_LOW_RSRP: UE(imsi)=136 bestRsrp=-144.86 < min=-120 (all cells below threshold) retryIn=2s
---- INIT_ATTACH t=10 UE(imsi)=138 ----
  INIT_ATTACH_FAIL_ALL_LOW_RSRP: UE(imsi)=138 bestRsrp=-145.629 < min=-120 (all cells below threshold) retryIn=2s
---- INIT_ATTACH t=10 UE(imsi)=140 ----
  INIT_ATTACH_FAIL_ALL_LOW_RSRP: UE(imsi)=140 bestRsrp=-139.768 < min=-120 (all cells below threshold) retryIn=2s
---- INIT_ATTACH t=10 UE(imsi)=141 ----
  INIT_ATTACH_FAIL_ALL_LOW_RSRP: UE(imsi)=141 bestRsrp=-143.776 < min=-120 (all cells below threshold) retryIn=2s
---- INIT_ATTACH t=10 UE(imsi)=142 ----
  INIT_ATTACH_FAIL_ALL_LOW_RSRP: UE(imsi)=142 bestRsrp=-139.166 < min=-120 (all cells below threshold) retryIn=2s
---- INIT_ATTACH t=10 UE(imsi)=144 ----
  INIT_ATTACH_FAIL_ALL_LOW_RSRP: UE(imsi)=144 bestRsrp=-149.253 < min=-120 (all cells below threshold) retryIn=2s
---- INIT_ATTACH t=10 UE(imsi)=146 ----
  INIT_ATTACH_FAIL_ALL_LOW_RSRP: UE(imsi)=146 bestRsrp=-133.775 < min=-120 (all cells below threshold) retryIn=2s
---- INIT_ATTACH t=10 UE(imsi)=147 ----
  INIT_ATTACH_FAIL_ALL_LOW_RSRP: UE(imsi)=147 bestRsrp=-132.504 < min=-120 (all cells below threshold) retryIn=2s
---- INIT_ATTACH t=10 UE(imsi)=148 ----
  INIT_ATTACH_FAIL_ALL_LOW_RSRP: UE(imsi)=148 bestRsrp=-141.189 < min=-120 (all cells below threshold) retryIn=2s
---- INIT_ATTACH t=10 UE(imsi)=149 ----
  candOK0 cell=12 rsrp=-119.265 occ=9/10 -> OK
  SELECT cell=12 rsrp=-119.265 occ(afterReserve)=10/10
  INIT_ATTACH_OK: UE(imsi)=149 -> cell=12
---- INIT_ATTACH t=10 UE(imsi)=150 ----
  INIT_ATTACH_FAIL_ALL_LOW_RSRP: UE(imsi)=150 bestRsrp=-145.592 < min=-120 (all cells below threshold) retryIn=2s
---- INIT_ATTACH t=10 UE(imsi)=151 ----
  INIT_ATTACH_FAIL_ALL_LOW_RSRP: UE(imsi)=151 bestRsrp=-129.513 < min=-120 (all cells below threshold) retryIn=2s
---- INIT_ATTACH t=10 UE(imsi)=154 ----
  INIT_ATTACH_FAIL_ALL_LOW_RSRP: UE(imsi)=154 bestRsrp=-130.408 < min=-120 (all cells below threshold) retryIn=2s
---- INIT_ATTACH t=10 UE(imsi)=155 ----
  INIT_ATTACH_FAIL_ALL_LOW_RSRP: UE(imsi)=155 bestRsrp=-138.835 < min=-120 (all cells below threshold) retryIn=2s
---- INIT_ATTACH t=10 UE(imsi)=156 ----
  candOK0 cell=14 rsrp=-119.422 occ=10/10 -> SKIP_FULL
  INIT_ATTACH_FAIL_ALL_FULL: UE(imsi)=156 rsrpOk=1 (all RSRP>=min but full or invalid) retryIn=2s
---- INIT_ATTACH t=10 UE(imsi)=157 ----
  INIT_ATTACH_FAIL_ALL_LOW_RSRP: UE(imsi)=157 bestRsrp=-141.741 < min=-120 (all cells below threshold) retryIn=2s
---- INIT_ATTACH t=10 UE(imsi)=158 ----
  INIT_ATTACH_FAIL_ALL_LOW_RSRP: UE(imsi)=158 bestRsrp=-120.972 < min=-120 (all cells below threshold) retryIn=2s
---- INIT_ATTACH t=10 UE(imsi)=161 ----
  INIT_ATTACH_FAIL_ALL_LOW_RSRP: UE(imsi)=161 bestRsrp=-145.877 < min=-120 (all cells below threshold) retryIn=2s
---- INIT_ATTACH t=10 UE(imsi)=163 ----
  INIT_ATTACH_FAIL_ALL_LOW_RSRP: UE(imsi)=163 bestRsrp=-127.811 < min=-120 (all cells below threshold) retryIn=2s
---- INIT_ATTACH t=10 UE(imsi)=164 ----
  INIT_ATTACH_FAIL_ALL_LOW_RSRP: UE(imsi)=164 bestRsrp=-140.785 < min=-120 (all cells below threshold) retryIn=2s
---- INIT_ATTACH t=10 UE(imsi)=165 ----
  INIT_ATTACH_FAIL_ALL_LOW_RSRP: UE(imsi)=165 bestRsrp=-147.747 < min=-120 (all cells below threshold) retryIn=2s
---- INIT_ATTACH t=10 UE(imsi)=169 ----
  INIT_ATTACH_FAIL_ALL_LOW_RSRP: UE(imsi)=169 bestRsrp=-142.653 < min=-120 (all cells below threshold) retryIn=2s
---- INIT_ATTACH t=10 UE(imsi)=171 ----
  INIT_ATTACH_FAIL_ALL_LOW_RSRP: UE(imsi)=171 bestRsrp=-148.376 < min=-120 (all cells below threshold) retryIn=2s
---- INIT_ATTACH t=10 UE(imsi)=173 ----
  INIT_ATTACH_FAIL_ALL_LOW_RSRP: UE(imsi)=173 bestRsrp=-139.25 < min=-120 (all cells below threshold) retryIn=2s
---- INIT_ATTACH t=10 UE(imsi)=174 ----
  INIT_ATTACH_FAIL_ALL_LOW_RSRP: UE(imsi)=174 bestRsrp=-142.722 < min=-120 (all cells below threshold) retryIn=2s
---- INIT_ATTACH t=10 UE(imsi)=178 ----
  INIT_ATTACH_FAIL_ALL_LOW_RSRP: UE(imsi)=178 bestRsrp=-136.785 < min=-120 (all cells below threshold) retryIn=2s
---- INIT_ATTACH t=10 UE(imsi)=179 ----
  INIT_ATTACH_FAIL_ALL_LOW_RSRP: UE(imsi)=179 bestRsrp=-148.48 < min=-120 (all cells below threshold) retryIn=2s
---- INIT_ATTACH t=10 UE(imsi)=181 ----
  INIT_ATTACH_FAIL_ALL_LOW_RSRP: UE(imsi)=181 bestRsrp=-145.601 < min=-120 (all cells below threshold) retryIn=2s
---- INIT_ATTACH t=10 UE(imsi)=183 ----
  INIT_ATTACH_FAIL_ALL_LOW_RSRP: UE(imsi)=183 bestRsrp=-143.477 < min=-120 (all cells below threshold) retryIn=2s
---- INIT_ATTACH t=10 UE(imsi)=185 ----
  INIT_ATTACH_FAIL_ALL_LOW_RSRP: UE(imsi)=185 bestRsrp=-147.92 < min=-120 (all cells below threshold) retryIn=2s
---- INIT_ATTACH t=10 UE(imsi)=186 ----
  candOK0 cell=11 rsrp=-112.768 occ=10/10 -> SKIP_FULL
  INIT_ATTACH_FAIL_ALL_FULL: UE(imsi)=186 rsrpOk=1 (all RSRP>=min but full or invalid) retryIn=2s
---- INIT_ATTACH t=10 UE(imsi)=187 ----
  INIT_ATTACH_FAIL_ALL_LOW_RSRP: UE(imsi)=187 bestRsrp=-132.551 < min=-120 (all cells below threshold) retryIn=2s
---- INIT_ATTACH t=10 UE(imsi)=192 ----
  INIT_ATTACH_FAIL_ALL_LOW_RSRP: UE(imsi)=192 bestRsrp=-153.922 < min=-120 (all cells below threshold) retryIn=2s
---- INIT_ATTACH t=10 UE(imsi)=195 ----
  INIT_ATTACH_FAIL_ALL_LOW_RSRP: UE(imsi)=195 bestRsrp=-141.664 < min=-120 (all cells below threshold) retryIn=2s
---- INIT_ATTACH t=10 UE(imsi)=196 ----
  INIT_ATTACH_FAIL_ALL_LOW_RSRP: UE(imsi)=196 bestRsrp=-132.905 < min=-120 (all cells below threshold) retryIn=2s
---- INIT_ATTACH t=10 UE(imsi)=197 ----
  INIT_ATTACH_FAIL_ALL_LOW_RSRP: UE(imsi)=197 bestRsrp=-122.194 < min=-120 (all cells below threshold) retryIn=2s
---- INIT_ATTACH t=10 UE(imsi)=198 ----
  INIT_ATTACH_FAIL_ALL_LOW_RSRP: UE(imsi)=198 bestRsrp=-130.979 < min=-120 (all cells below threshold) retryIn=2s
---- INIT_ATTACH t=10 UE(imsi)=199 ----
  INIT_ATTACH_FAIL_ALL_LOW_RSRP: UE(imsi)=199 bestRsrp=-143.336 < min=-120 (all cells below threshold) retryIn=2s
---- INIT_ATTACH t=10 UE(imsi)=200 ----
  INIT_ATTACH_FAIL_ALL_LOW_RSRP: UE(imsi)=200 bestRsrp=-147.178 < min=-120 (all cells below threshold) retryIn=2s
---- INIT_ATTACH t=10 UE(imsi)=201 ----
  INIT_ATTACH_FAIL_ALL_LOW_RSRP: UE(imsi)=201 bestRsrp=-127.132 < min=-120 (all cells below threshold) retryIn=2s
---- INIT_ATTACH t=10 UE(imsi)=202 ----
  INIT_ATTACH_FAIL_ALL_LOW_RSRP: UE(imsi)=202 bestRsrp=-149.952 < min=-120 (all cells below threshold) retryIn=2s
---- INIT_ATTACH t=10 UE(imsi)=203 ----
  INIT_ATTACH_FAIL_ALL_LOW_RSRP: UE(imsi)=203 bestRsrp=-151.007 < min=-120 (all cells below threshold) retryIn=2s
---- INIT_ATTACH t=10 UE(imsi)=204 ----
  candOK0 cell=14 rsrp=-113.261 occ=10/10 -> SKIP_FULL
  INIT_ATTACH_FAIL_ALL_FULL: UE(imsi)=204 rsrpOk=1 (all RSRP>=min but full or invalid) retryIn=2s
---- INIT_ATTACH t=10 UE(imsi)=206 ----
  INIT_ATTACH_FAIL_ALL_LOW_RSRP: UE(imsi)=206 bestRsrp=-124.228 < min=-120 (all cells below threshold) retryIn=2s
---- INIT_ATTACH t=10 UE(imsi)=208 ----
  candOK0 cell=2 rsrp=-118.69 occ=6/20 -> OK
  SELECT cell=2 rsrp=-118.69 occ(afterReserve)=7/20
  INIT_ATTACH_OK: UE(imsi)=208 -> cell=2
---- INIT_ATTACH t=10 UE(imsi)=212 ----
  INIT_ATTACH_FAIL_ALL_LOW_RSRP: UE(imsi)=212 bestRsrp=-139.631 < min=-120 (all cells below threshold) retryIn=2s
---- INIT_ATTACH t=10 UE(imsi)=213 ----
  INIT_ATTACH_FAIL_ALL_LOW_RSRP: UE(imsi)=213 bestRsrp=-136.406 < min=-120 (all cells below threshold) retryIn=2s
---- INIT_ATTACH t=10 UE(imsi)=214 ----
  INIT_ATTACH_FAIL_ALL_LOW_RSRP: UE(imsi)=214 bestRsrp=-143.8 < min=-120 (all cells below threshold) retryIn=2s
---- INIT_ATTACH t=10 UE(imsi)=216 ----
  INIT_ATTACH_FAIL_ALL_LOW_RSRP: UE(imsi)=216 bestRsrp=-144.125 < min=-120 (all cells below threshold) retryIn=2s
---- INIT_ATTACH t=10 UE(imsi)=217 ----
  INIT_ATTACH_FAIL_ALL_LOW_RSRP: UE(imsi)=217 bestRsrp=-126.209 < min=-120 (all cells below threshold) retryIn=2s
---- INIT_ATTACH t=10 UE(imsi)=218 ----
  INIT_ATTACH_FAIL_ALL_LOW_RSRP: UE(imsi)=218 bestRsrp=-133.041 < min=-120 (all cells below threshold) retryIn=2s
---- INIT_ATTACH t=10 UE(imsi)=219 ----
  INIT_ATTACH_FAIL_ALL_LOW_RSRP: UE(imsi)=219 bestRsrp=-134.089 < min=-120 (all cells below threshold) retryIn=2s
---- INIT_ATTACH t=10 UE(imsi)=220 ----
  INIT_ATTACH_FAIL_ALL_LOW_RSRP: UE(imsi)=220 bestRsrp=-153.118 < min=-120 (all cells below threshold) retryIn=2s
---- INIT_ATTACH t=10 UE(imsi)=221 ----
  INIT_ATTACH_FAIL_ALL_LOW_RSRP: UE(imsi)=221 bestRsrp=-135.998 < min=-120 (all cells below threshold) retryIn=2s
---- INIT_ATTACH t=10 UE(imsi)=222 ----
  INIT_ATTACH_FAIL_ALL_LOW_RSRP: UE(imsi)=222 bestRsrp=-140.923 < min=-120 (all cells below threshold) retryIn=2s
---- INIT_ATTACH t=10 UE(imsi)=224 ----
  INIT_ATTACH_FAIL_ALL_LOW_RSRP: UE(imsi)=224 bestRsrp=-156.286 < min=-120 (all cells below threshold) retryIn=2s
---- INIT_ATTACH t=10 UE(imsi)=225 ----
  candOK0 cell=9 rsrp=-102.063 occ=10/10 -> SKIP_FULL
  INIT_ATTACH_FAIL_ALL_FULL: UE(imsi)=225 rsrpOk=1 (all RSRP>=min but full or invalid) retryIn=2s
---- INIT_ATTACH t=10 UE(imsi)=227 ----
  INIT_ATTACH_FAIL_ALL_LOW_RSRP: UE(imsi)=227 bestRsrp=-137.976 < min=-120 (all cells below threshold) retryIn=2s
---- INIT_ATTACH t=10 UE(imsi)=229 ----
  INIT_ATTACH_FAIL_ALL_LOW_RSRP: UE(imsi)=229 bestRsrp=-126.692 < min=-120 (all cells below threshold) retryIn=2s
---- INIT_ATTACH t=10 UE(imsi)=230 ----
  INIT_ATTACH_FAIL_ALL_LOW_RSRP: UE(imsi)=230 bestRsrp=-144.641 < min=-120 (all cells below threshold) retryIn=2s
---- INIT_ATTACH t=10 UE(imsi)=231 ----
  INIT_ATTACH_FAIL_ALL_LOW_RSRP: UE(imsi)=231 bestRsrp=-137.266 < min=-120 (all cells below threshold) retryIn=2s
---- INIT_ATTACH t=10 UE(imsi)=232 ----
  INIT_ATTACH_FAIL_ALL_LOW_RSRP: UE(imsi)=232 bestRsrp=-141.927 < min=-120 (all cells below threshold) retryIn=2s
---- INIT_ATTACH t=10 UE(imsi)=233 ----
  INIT_ATTACH_FAIL_ALL_LOW_RSRP: UE(imsi)=233 bestRsrp=-146.625 < min=-120 (all cells below threshold) retryIn=2s
---- INIT_ATTACH t=10 UE(imsi)=236 ----
  INIT_ATTACH_FAIL_ALL_LOW_RSRP: UE(imsi)=236 bestRsrp=-126.053 < min=-120 (all cells below threshold) retryIn=2s
---- INIT_ATTACH t=10 UE(imsi)=237 ----
  INIT_ATTACH_FAIL_ALL_LOW_RSRP: UE(imsi)=237 bestRsrp=-126.173 < min=-120 (all cells below threshold) retryIn=2s
---- INIT_ATTACH t=10 UE(imsi)=238 ----
  INIT_ATTACH_FAIL_ALL_LOW_RSRP: UE(imsi)=238 bestRsrp=-139.567 < min=-120 (all cells below threshold) retryIn=2s
---- INIT_ATTACH t=10 UE(imsi)=240 ----
  INIT_ATTACH_FAIL_ALL_LOW_RSRP: UE(imsi)=240 bestRsrp=-142.818 < min=-120 (all cells below threshold) retryIn=2s
---- INIT_ATTACH t=10 UE(imsi)=241 ----
  INIT_ATTACH_FAIL_ALL_LOW_RSRP: UE(imsi)=241 bestRsrp=-140.551 < min=-120 (all cells below threshold) retryIn=2s
---- INIT_ATTACH t=12 UE(imsi)=16 ----
  INIT_ATTACH_FAIL_ALL_LOW_RSRP: UE(imsi)=16 bestRsrp=-130.662 < min=-120 (all cells below threshold) retryIn=2s
---- INIT_ATTACH t=12 UE(imsi)=20 ----
  INIT_ATTACH_FAIL_ALL_LOW_RSRP: UE(imsi)=20 bestRsrp=-152.438 < min=-120 (all cells below threshold) retryIn=2s
---- INIT_ATTACH t=12 UE(imsi)=23 ----
  INIT_ATTACH_FAIL_ALL_LOW_RSRP: UE(imsi)=23 bestRsrp=-124.821 < min=-120 (all cells below threshold) retryIn=2s
---- INIT_ATTACH t=12 UE(imsi)=25 ----
  INIT_ATTACH_FAIL_ALL_LOW_RSRP: UE(imsi)=25 bestRsrp=-136.411 < min=-120 (all cells below threshold) retryIn=2s
---- INIT_ATTACH t=12 UE(imsi)=26 ----
  INIT_ATTACH_FAIL_ALL_LOW_RSRP: UE(imsi)=26 bestRsrp=-147.955 < min=-120 (all cells below threshold) retryIn=2s
---- INIT_ATTACH t=12 UE(imsi)=29 ----
  INIT_ATTACH_FAIL_ALL_LOW_RSRP: UE(imsi)=29 bestRsrp=-154.947 < min=-120 (all cells below threshold) retryIn=2s
---- INIT_ATTACH t=12 UE(imsi)=31 ----
  INIT_ATTACH_FAIL_ALL_LOW_RSRP: UE(imsi)=31 bestRsrp=-127.145 < min=-120 (all cells below threshold) retryIn=2s
---- INIT_ATTACH t=12 UE(imsi)=32 ----
  INIT_ATTACH_FAIL_ALL_LOW_RSRP: UE(imsi)=32 bestRsrp=-130.751 < min=-120 (all cells below threshold) retryIn=2s
---- INIT_ATTACH t=12 UE(imsi)=35 ----
  INIT_ATTACH_FAIL_ALL_LOW_RSRP: UE(imsi)=35 bestRsrp=-131.513 < min=-120 (all cells below threshold) retryIn=2s
---- INIT_ATTACH t=12 UE(imsi)=36 ----
  INIT_ATTACH_FAIL_ALL_LOW_RSRP: UE(imsi)=36 bestRsrp=-140.393 < min=-120 (all cells below threshold) retryIn=2s
---- INIT_ATTACH t=12 UE(imsi)=38 ----
  INIT_ATTACH_FAIL_ALL_LOW_RSRP: UE(imsi)=38 bestRsrp=-148.469 < min=-120 (all cells below threshold) retryIn=2s
---- INIT_ATTACH t=12 UE(imsi)=44 ----
  INIT_ATTACH_FAIL_ALL_LOW_RSRP: UE(imsi)=44 bestRsrp=-137.035 < min=-120 (all cells below threshold) retryIn=2s
---- INIT_ATTACH t=12 UE(imsi)=45 ----
  INIT_ATTACH_FAIL_ALL_LOW_RSRP: UE(imsi)=45 bestRsrp=-129.609 < min=-120 (all cells below threshold) retryIn=2s
---- INIT_ATTACH t=12 UE(imsi)=46 ----
  INIT_ATTACH_FAIL_ALL_LOW_RSRP: UE(imsi)=46 bestRsrp=-139.149 < min=-120 (all cells below threshold) retryIn=2s
---- INIT_ATTACH t=12 UE(imsi)=47 ----
  INIT_ATTACH_FAIL_ALL_LOW_RSRP: UE(imsi)=47 bestRsrp=-139.067 < min=-120 (all cells below threshold) retryIn=2s
---- INIT_ATTACH t=12 UE(imsi)=48 ----
  INIT_ATTACH_FAIL_ALL_LOW_RSRP: UE(imsi)=48 bestRsrp=-136.71 < min=-120 (all cells below threshold) retryIn=2s
---- INIT_ATTACH t=12 UE(imsi)=50 ----
  INIT_ATTACH_FAIL_ALL_LOW_RSRP: UE(imsi)=50 bestRsrp=-129.712 < min=-120 (all cells below threshold) retryIn=2s
---- INIT_ATTACH t=12 UE(imsi)=53 ----
  INIT_ATTACH_FAIL_ALL_LOW_RSRP: UE(imsi)=53 bestRsrp=-141.867 < min=-120 (all cells below threshold) retryIn=2s
---- INIT_ATTACH t=12 UE(imsi)=54 ----
  INIT_ATTACH_FAIL_ALL_LOW_RSRP: UE(imsi)=54 bestRsrp=-142.415 < min=-120 (all cells below threshold) retryIn=2s
---- INIT_ATTACH t=12 UE(imsi)=55 ----
  INIT_ATTACH_FAIL_ALL_LOW_RSRP: UE(imsi)=55 bestRsrp=-155.702 < min=-120 (all cells below threshold) retryIn=2s
---- INIT_ATTACH t=12 UE(imsi)=57 ----
  INIT_ATTACH_FAIL_ALL_LOW_RSRP: UE(imsi)=57 bestRsrp=-130.766 < min=-120 (all cells below threshold) retryIn=2s
---- INIT_ATTACH t=12 UE(imsi)=61 ----
  INIT_ATTACH_FAIL_ALL_LOW_RSRP: UE(imsi)=61 bestRsrp=-135.478 < min=-120 (all cells below threshold) retryIn=2s
---- INIT_ATTACH t=12 UE(imsi)=62 ----
  INIT_ATTACH_FAIL_ALL_LOW_RSRP: UE(imsi)=62 bestRsrp=-135.468 < min=-120 (all cells below threshold) retryIn=2s
---- INIT_ATTACH t=12 UE(imsi)=66 ----
  INIT_ATTACH_FAIL_ALL_LOW_RSRP: UE(imsi)=66 bestRsrp=-128.211 < min=-120 (all cells below threshold) retryIn=2s
---- INIT_ATTACH t=12 UE(imsi)=67 ----
  INIT_ATTACH_FAIL_ALL_LOW_RSRP: UE(imsi)=67 bestRsrp=-139.683 < min=-120 (all cells below threshold) retryIn=2s
---- INIT_ATTACH t=12 UE(imsi)=68 ----
  INIT_ATTACH_FAIL_ALL_LOW_RSRP: UE(imsi)=68 bestRsrp=-140.212 < min=-120 (all cells below threshold) retryIn=2s
---- INIT_ATTACH t=12 UE(imsi)=70 ----
  INIT_ATTACH_FAIL_ALL_LOW_RSRP: UE(imsi)=70 bestRsrp=-133.017 < min=-120 (all cells below threshold) retryIn=2s
---- INIT_ATTACH t=12 UE(imsi)=71 ----
  candOK0 cell=10 rsrp=-114.702 occ=8/10 -> OK
  SELECT cell=10 rsrp=-114.702 occ(afterReserve)=9/10
  INIT_ATTACH_OK: UE(imsi)=71 -> cell=10
---- INIT_ATTACH t=12 UE(imsi)=73 ----
  candOK0 cell=14 rsrp=-117.619 occ=10/10 -> SKIP_FULL
  INIT_ATTACH_FAIL_ALL_FULL: UE(imsi)=73 rsrpOk=1 (all RSRP>=min but full or invalid) retryIn=2s
---- INIT_ATTACH t=12 UE(imsi)=74 ----
  INIT_ATTACH_FAIL_ALL_LOW_RSRP: UE(imsi)=74 bestRsrp=-145.681 < min=-120 (all cells below threshold) retryIn=2s
---- INIT_ATTACH t=12 UE(imsi)=76 ----
  INIT_ATTACH_FAIL_ALL_LOW_RSRP: UE(imsi)=76 bestRsrp=-143.351 < min=-120 (all cells below threshold) retryIn=2s
---- INIT_ATTACH t=12 UE(imsi)=81 ----
  INIT_ATTACH_FAIL_ALL_LOW_RSRP: UE(imsi)=81 bestRsrp=-141.683 < min=-120 (all cells below threshold) retryIn=2s
---- INIT_ATTACH t=12 UE(imsi)=85 ----
  INIT_ATTACH_FAIL_ALL_LOW_RSRP: UE(imsi)=85 bestRsrp=-143.861 < min=-120 (all cells below threshold) retryIn=2s
---- INIT_ATTACH t=12 UE(imsi)=86 ----
  INIT_ATTACH_FAIL_ALL_LOW_RSRP: UE(imsi)=86 bestRsrp=-129.248 < min=-120 (all cells below threshold) retryIn=2s
---- INIT_ATTACH t=12 UE(imsi)=87 ----
  INIT_ATTACH_FAIL_ALL_LOW_RSRP: UE(imsi)=87 bestRsrp=-139.22 < min=-120 (all cells below threshold) retryIn=2s
---- INIT_ATTACH t=12 UE(imsi)=92 ----
  INIT_ATTACH_FAIL_ALL_LOW_RSRP: UE(imsi)=92 bestRsrp=-136.277 < min=-120 (all cells below threshold) retryIn=2s
---- INIT_ATTACH t=12 UE(imsi)=95 ----
  candOK0 cell=14 rsrp=-112.168 occ=10/10 -> SKIP_FULL
  INIT_ATTACH_FAIL_ALL_FULL: UE(imsi)=95 rsrpOk=1 (all RSRP>=min but full or invalid) retryIn=2s
---- INIT_ATTACH t=12 UE(imsi)=97 ----
  INIT_ATTACH_FAIL_ALL_LOW_RSRP: UE(imsi)=97 bestRsrp=-145.695 < min=-120 (all cells below threshold) retryIn=2s
---- INIT_ATTACH t=12 UE(imsi)=98 ----
  INIT_ATTACH_FAIL_ALL_LOW_RSRP: UE(imsi)=98 bestRsrp=-133.342 < min=-120 (all cells below threshold) retryIn=2s
---- INIT_ATTACH t=12 UE(imsi)=99 ----
  candOK0 cell=5 rsrp=-109.039 occ=5/20 -> OK
  SELECT cell=5 rsrp=-109.039 occ(afterReserve)=6/20
  INIT_ATTACH_OK: UE(imsi)=99 -> cell=5
---- INIT_ATTACH t=12 UE(imsi)=102 ----
  INIT_ATTACH_FAIL_ALL_LOW_RSRP: UE(imsi)=102 bestRsrp=-127.129 < min=-120 (all cells below threshold) retryIn=2s
---- INIT_ATTACH t=12 UE(imsi)=104 ----
  candOK0 cell=3 rsrp=-95.2374 occ=6/20 -> OK
  SELECT cell=3 rsrp=-95.2374 occ(afterReserve)=7/20
  INIT_ATTACH_OK: UE(imsi)=104 -> cell=3
---- INIT_ATTACH t=12 UE(imsi)=106 ----
  INIT_ATTACH_FAIL_ALL_LOW_RSRP: UE(imsi)=106 bestRsrp=-123.811 < min=-120 (all cells below threshold) retryIn=2s
---- INIT_ATTACH t=12 UE(imsi)=109 ----
  INIT_ATTACH_FAIL_ALL_LOW_RSRP: UE(imsi)=109 bestRsrp=-134.625 < min=-120 (all cells below threshold) retryIn=2s
---- INIT_ATTACH t=12 UE(imsi)=112 ----
  INIT_ATTACH_FAIL_ALL_LOW_RSRP: UE(imsi)=112 bestRsrp=-123.663 < min=-120 (all cells below threshold) retryIn=2s
---- INIT_ATTACH t=12 UE(imsi)=116 ----
  INIT_ATTACH_FAIL_ALL_LOW_RSRP: UE(imsi)=116 bestRsrp=-154.083 < min=-120 (all cells below threshold) retryIn=2s
---- INIT_ATTACH t=12 UE(imsi)=119 ----
  INIT_ATTACH_FAIL_ALL_LOW_RSRP: UE(imsi)=119 bestRsrp=-142.137 < min=-120 (all cells below threshold) retryIn=2s
---- INIT_ATTACH t=12 UE(imsi)=120 ----
  INIT_ATTACH_FAIL_ALL_LOW_RSRP: UE(imsi)=120 bestRsrp=-143.1 < min=-120 (all cells below threshold) retryIn=2s
---- INIT_ATTACH t=12 UE(imsi)=122 ----
  INIT_ATTACH_FAIL_ALL_LOW_RSRP: UE(imsi)=122 bestRsrp=-144.926 < min=-120 (all cells below threshold) retryIn=2s
---- INIT_ATTACH t=12 UE(imsi)=129 ----
  INIT_ATTACH_FAIL_ALL_LOW_RSRP: UE(imsi)=129 bestRsrp=-142.085 < min=-120 (all cells below threshold) retryIn=2s
---- INIT_ATTACH t=12 UE(imsi)=130 ----
  INIT_ATTACH_FAIL_ALL_LOW_RSRP: UE(imsi)=130 bestRsrp=-139.587 < min=-120 (all cells below threshold) retryIn=2s
---- INIT_ATTACH t=12 UE(imsi)=131 ----
  INIT_ATTACH_FAIL_ALL_LOW_RSRP: UE(imsi)=131 bestRsrp=-135.194 < min=-120 (all cells below threshold) retryIn=2s
---- INIT_ATTACH t=12 UE(imsi)=132 ----
  INIT_ATTACH_FAIL_ALL_LOW_RSRP: UE(imsi)=132 bestRsrp=-141.067 < min=-120 (all cells below threshold) retryIn=2s
---- INIT_ATTACH t=12 UE(imsi)=134 ----
  INIT_ATTACH_FAIL_ALL_LOW_RSRP: UE(imsi)=134 bestRsrp=-125.643 < min=-120 (all cells below threshold) retryIn=2s
---- INIT_ATTACH t=12 UE(imsi)=135 ----
  INIT_ATTACH_FAIL_ALL_LOW_RSRP: UE(imsi)=135 bestRsrp=-135.172 < min=-120 (all cells below threshold) retryIn=2s
---- INIT_ATTACH t=12 UE(imsi)=136 ----
  INIT_ATTACH_FAIL_ALL_LOW_RSRP: UE(imsi)=136 bestRsrp=-143.571 < min=-120 (all cells below threshold) retryIn=2s
---- INIT_ATTACH t=12 UE(imsi)=138 ----
  INIT_ATTACH_FAIL_ALL_LOW_RSRP: UE(imsi)=138 bestRsrp=-144.138 < min=-120 (all cells below threshold) retryIn=2s
---- INIT_ATTACH t=12 UE(imsi)=140 ----
  INIT_ATTACH_FAIL_ALL_LOW_RSRP: UE(imsi)=140 bestRsrp=-142.676 < min=-120 (all cells below threshold) retryIn=2s
---- INIT_ATTACH t=12 UE(imsi)=141 ----
  candOK0 cell=7 rsrp=-117.525 occ=7/20 -> OK
  SELECT cell=7 rsrp=-117.525 occ(afterReserve)=8/20
  INIT_ATTACH_OK: UE(imsi)=141 -> cell=7
---- INIT_ATTACH t=12 UE(imsi)=142 ----
  INIT_ATTACH_FAIL_ALL_LOW_RSRP: UE(imsi)=142 bestRsrp=-135.035 < min=-120 (all cells below threshold) retryIn=2s
---- INIT_ATTACH t=12 UE(imsi)=144 ----
  INIT_ATTACH_FAIL_ALL_LOW_RSRP: UE(imsi)=144 bestRsrp=-138.889 < min=-120 (all cells below threshold) retryIn=2s
---- INIT_ATTACH t=12 UE(imsi)=146 ----
  INIT_ATTACH_FAIL_ALL_LOW_RSRP: UE(imsi)=146 bestRsrp=-136.263 < min=-120 (all cells below threshold) retryIn=2s
---- INIT_ATTACH t=12 UE(imsi)=147 ----
  INIT_ATTACH_FAIL_ALL_LOW_RSRP: UE(imsi)=147 bestRsrp=-131.948 < min=-120 (all cells below threshold) retryIn=2s
---- INIT_ATTACH t=12 UE(imsi)=148 ----
  INIT_ATTACH_FAIL_ALL_LOW_RSRP: UE(imsi)=148 bestRsrp=-120.193 < min=-120 (all cells below threshold) retryIn=2s
---- INIT_ATTACH t=12 UE(imsi)=150 ----
  INIT_ATTACH_FAIL_ALL_LOW_RSRP: UE(imsi)=150 bestRsrp=-147.61 < min=-120 (all cells below threshold) retryIn=2s
---- INIT_ATTACH t=12 UE(imsi)=151 ----
  INIT_ATTACH_FAIL_ALL_LOW_RSRP: UE(imsi)=151 bestRsrp=-147.009 < min=-120 (all cells below threshold) retryIn=2s
---- INIT_ATTACH t=12 UE(imsi)=154 ----
  INIT_ATTACH_FAIL_ALL_LOW_RSRP: UE(imsi)=154 bestRsrp=-131.605 < min=-120 (all cells below threshold) retryIn=2s
---- INIT_ATTACH t=12 UE(imsi)=155 ----
  INIT_ATTACH_FAIL_ALL_LOW_RSRP: UE(imsi)=155 bestRsrp=-138.381 < min=-120 (all cells below threshold) retryIn=2s
---- INIT_ATTACH t=12 UE(imsi)=156 ----
  INIT_ATTACH_FAIL_ALL_LOW_RSRP: UE(imsi)=156 bestRsrp=-152.198 < min=-120 (all cells below threshold) retryIn=2s
---- INIT_ATTACH t=12 UE(imsi)=157 ----
  INIT_ATTACH_FAIL_ALL_LOW_RSRP: UE(imsi)=157 bestRsrp=-138.917 < min=-120 (all cells below threshold) retryIn=2s
---- INIT_ATTACH t=12 UE(imsi)=158 ----
  INIT_ATTACH_FAIL_ALL_LOW_RSRP: UE(imsi)=158 bestRsrp=-128.152 < min=-120 (all cells below threshold) retryIn=2s
---- INIT_ATTACH t=12 UE(imsi)=161 ----
  INIT_ATTACH_FAIL_ALL_LOW_RSRP: UE(imsi)=161 bestRsrp=-144.099 < min=-120 (all cells below threshold) retryIn=2s
---- INIT_ATTACH t=12 UE(imsi)=163 ----
  INIT_ATTACH_FAIL_ALL_LOW_RSRP: UE(imsi)=163 bestRsrp=-127.782 < min=-120 (all cells below threshold) retryIn=2s
---- INIT_ATTACH t=12 UE(imsi)=164 ----
  INIT_ATTACH_FAIL_ALL_LOW_RSRP: UE(imsi)=164 bestRsrp=-140.29 < min=-120 (all cells below threshold) retryIn=2s
---- INIT_ATTACH t=12 UE(imsi)=165 ----
  INIT_ATTACH_FAIL_ALL_LOW_RSRP: UE(imsi)=165 bestRsrp=-146.052 < min=-120 (all cells below threshold) retryIn=2s
---- INIT_ATTACH t=12 UE(imsi)=169 ----
  INIT_ATTACH_FAIL_ALL_LOW_RSRP: UE(imsi)=169 bestRsrp=-140.697 < min=-120 (all cells below threshold) retryIn=2s
---- INIT_ATTACH t=12 UE(imsi)=171 ----
  INIT_ATTACH_FAIL_ALL_LOW_RSRP: UE(imsi)=171 bestRsrp=-147.382 < min=-120 (all cells below threshold) retryIn=2s
---- INIT_ATTACH t=12 UE(imsi)=173 ----
  INIT_ATTACH_FAIL_ALL_LOW_RSRP: UE(imsi)=173 bestRsrp=-140.641 < min=-120 (all cells below threshold) retryIn=2s
---- INIT_ATTACH t=12 UE(imsi)=174 ----
  INIT_ATTACH_FAIL_ALL_LOW_RSRP: UE(imsi)=174 bestRsrp=-142.168 < min=-120 (all cells below threshold) retryIn=2s
---- INIT_ATTACH t=12 UE(imsi)=178 ----
  candOK0 cell=2 rsrp=-114.494 occ=7/20 -> OK
  SELECT cell=2 rsrp=-114.494 occ(afterReserve)=8/20
  INIT_ATTACH_OK: UE(imsi)=178 -> cell=2
---- INIT_ATTACH t=12 UE(imsi)=179 ----
  INIT_ATTACH_FAIL_ALL_LOW_RSRP: UE(imsi)=179 bestRsrp=-146.841 < min=-120 (all cells below threshold) retryIn=2s
---- INIT_ATTACH t=12 UE(imsi)=181 ----
  INIT_ATTACH_FAIL_ALL_LOW_RSRP: UE(imsi)=181 bestRsrp=-146.057 < min=-120 (all cells below threshold) retryIn=2s
---- INIT_ATTACH t=12 UE(imsi)=183 ----
  INIT_ATTACH_FAIL_ALL_LOW_RSRP: UE(imsi)=183 bestRsrp=-137.265 < min=-120 (all cells below threshold) retryIn=2s
---- INIT_ATTACH t=12 UE(imsi)=185 ----
  INIT_ATTACH_FAIL_ALL_LOW_RSRP: UE(imsi)=185 bestRsrp=-143.059 < min=-120 (all cells below threshold) retryIn=2s
---- INIT_ATTACH t=12 UE(imsi)=186 ----
  INIT_ATTACH_FAIL_ALL_LOW_RSRP: UE(imsi)=186 bestRsrp=-131.244 < min=-120 (all cells below threshold) retryIn=2s
---- INIT_ATTACH t=12 UE(imsi)=187 ----
  INIT_ATTACH_FAIL_ALL_LOW_RSRP: UE(imsi)=187 bestRsrp=-134.193 < min=-120 (all cells below threshold) retryIn=2s
---- INIT_ATTACH t=12 UE(imsi)=192 ----
  INIT_ATTACH_FAIL_ALL_LOW_RSRP: UE(imsi)=192 bestRsrp=-140.215 < min=-120 (all cells below threshold) retryIn=2s
---- INIT_ATTACH t=12 UE(imsi)=195 ----
  INIT_ATTACH_FAIL_ALL_LOW_RSRP: UE(imsi)=195 bestRsrp=-141.171 < min=-120 (all cells below threshold) retryIn=2s
---- INIT_ATTACH t=12 UE(imsi)=196 ----
  INIT_ATTACH_FAIL_ALL_LOW_RSRP: UE(imsi)=196 bestRsrp=-134.412 < min=-120 (all cells below threshold) retryIn=2s
---- INIT_ATTACH t=12 UE(imsi)=197 ----
  INIT_ATTACH_FAIL_ALL_LOW_RSRP: UE(imsi)=197 bestRsrp=-143.932 < min=-120 (all cells below threshold) retryIn=2s
---- INIT_ATTACH t=12 UE(imsi)=198 ----
  INIT_ATTACH_FAIL_ALL_LOW_RSRP: UE(imsi)=198 bestRsrp=-127.268 < min=-120 (all cells below threshold) retryIn=2s
---- INIT_ATTACH t=12 UE(imsi)=199 ----
  INIT_ATTACH_FAIL_ALL_LOW_RSRP: UE(imsi)=199 bestRsrp=-144.314 < min=-120 (all cells below threshold) retryIn=2s
---- INIT_ATTACH t=12 UE(imsi)=200 ----
  INIT_ATTACH_FAIL_ALL_LOW_RSRP: UE(imsi)=200 bestRsrp=-149.045 < min=-120 (all cells below threshold) retryIn=2s
---- INIT_ATTACH t=12 UE(imsi)=201 ----
  INIT_ATTACH_FAIL_ALL_LOW_RSRP: UE(imsi)=201 bestRsrp=-126.587 < min=-120 (all cells below threshold) retryIn=2s
---- INIT_ATTACH t=12 UE(imsi)=202 ----
  INIT_ATTACH_FAIL_ALL_LOW_RSRP: UE(imsi)=202 bestRsrp=-149.369 < min=-120 (all cells below threshold) retryIn=2s
---- INIT_ATTACH t=12 UE(imsi)=203 ----
  INIT_ATTACH_FAIL_ALL_LOW_RSRP: UE(imsi)=203 bestRsrp=-152.095 < min=-120 (all cells below threshold) retryIn=2s
---- INIT_ATTACH t=12 UE(imsi)=204 ----
  INIT_ATTACH_FAIL_ALL_LOW_RSRP: UE(imsi)=204 bestRsrp=-140.17 < min=-120 (all cells below threshold) retryIn=2s
---- INIT_ATTACH t=12 UE(imsi)=206 ----
  INIT_ATTACH_FAIL_ALL_LOW_RSRP: UE(imsi)=206 bestRsrp=-122.34 < min=-120 (all cells below threshold) retryIn=2s
---- INIT_ATTACH t=12 UE(imsi)=212 ----
  INIT_ATTACH_FAIL_ALL_LOW_RSRP: UE(imsi)=212 bestRsrp=-137.5 < min=-120 (all cells below threshold) retryIn=2s
---- INIT_ATTACH t=12 UE(imsi)=213 ----
  INIT_ATTACH_FAIL_ALL_LOW_RSRP: UE(imsi)=213 bestRsrp=-139.303 < min=-120 (all cells below threshold) retryIn=2s
---- INIT_ATTACH t=12 UE(imsi)=214 ----
  INIT_ATTACH_FAIL_ALL_LOW_RSRP: UE(imsi)=214 bestRsrp=-142.516 < min=-120 (all cells below threshold) retryIn=2s
---- INIT_ATTACH t=12 UE(imsi)=216 ----
  INIT_ATTACH_FAIL_ALL_LOW_RSRP: UE(imsi)=216 bestRsrp=-120.537 < min=-120 (all cells below threshold) retryIn=2s
---- INIT_ATTACH t=12 UE(imsi)=217 ----
  INIT_ATTACH_FAIL_ALL_LOW_RSRP: UE(imsi)=217 bestRsrp=-126.987 < min=-120 (all cells below threshold) retryIn=2s
---- INIT_ATTACH t=12 UE(imsi)=218 ----
  INIT_ATTACH_FAIL_ALL_LOW_RSRP: UE(imsi)=218 bestRsrp=-132.121 < min=-120 (all cells below threshold) retryIn=2s
---- INIT_ATTACH t=12 UE(imsi)=219 ----
  INIT_ATTACH_FAIL_ALL_LOW_RSRP: UE(imsi)=219 bestRsrp=-137.238 < min=-120 (all cells below threshold) retryIn=2s
---- INIT_ATTACH t=12 UE(imsi)=220 ----
  INIT_ATTACH_FAIL_ALL_LOW_RSRP: UE(imsi)=220 bestRsrp=-152.664 < min=-120 (all cells below threshold) retryIn=2s
---- INIT_ATTACH t=12 UE(imsi)=221 ----
  INIT_ATTACH_FAIL_ALL_LOW_RSRP: UE(imsi)=221 bestRsrp=-134.476 < min=-120 (all cells below threshold) retryIn=2s
---- INIT_ATTACH t=12 UE(imsi)=222 ----
  INIT_ATTACH_FAIL_ALL_LOW_RSRP: UE(imsi)=222 bestRsrp=-141.521 < min=-120 (all cells below threshold) retryIn=2s
---- INIT_ATTACH t=12 UE(imsi)=224 ----
  INIT_ATTACH_FAIL_ALL_LOW_RSRP: UE(imsi)=224 bestRsrp=-154.508 < min=-120 (all cells below threshold) retryIn=2s
---- INIT_ATTACH t=12 UE(imsi)=225 ----
  INIT_ATTACH_FAIL_ALL_LOW_RSRP: UE(imsi)=225 bestRsrp=-134.988 < min=-120 (all cells below threshold) retryIn=2s
---- INIT_ATTACH t=12 UE(imsi)=227 ----
  INIT_ATTACH_FAIL_ALL_LOW_RSRP: UE(imsi)=227 bestRsrp=-135.009 < min=-120 (all cells below threshold) retryIn=2s
---- INIT_ATTACH t=12 UE(imsi)=229 ----
  candOK0 cell=11 rsrp=-103.599 occ=10/10 -> SKIP_FULL
  INIT_ATTACH_FAIL_ALL_FULL: UE(imsi)=229 rsrpOk=1 (all RSRP>=min but full or invalid) retryIn=2s
---- INIT_ATTACH t=12 UE(imsi)=230 ----
  INIT_ATTACH_FAIL_ALL_LOW_RSRP: UE(imsi)=230 bestRsrp=-143.182 < min=-120 (all cells below threshold) retryIn=2s
---- INIT_ATTACH t=12 UE(imsi)=231 ----
  INIT_ATTACH_FAIL_ALL_LOW_RSRP: UE(imsi)=231 bestRsrp=-137.872 < min=-120 (all cells below threshold) retryIn=2s
---- INIT_ATTACH t=12 UE(imsi)=232 ----
  INIT_ATTACH_FAIL_ALL_LOW_RSRP: UE(imsi)=232 bestRsrp=-143.36 < min=-120 (all cells below threshold) retryIn=2s
---- INIT_ATTACH t=12 UE(imsi)=233 ----
  INIT_ATTACH_FAIL_ALL_LOW_RSRP: UE(imsi)=233 bestRsrp=-146.925 < min=-120 (all cells below threshold) retryIn=2s
---- INIT_ATTACH t=12 UE(imsi)=236 ----
  INIT_ATTACH_FAIL_ALL_LOW_RSRP: UE(imsi)=236 bestRsrp=-125.947 < min=-120 (all cells below threshold) retryIn=2s
---- INIT_ATTACH t=12 UE(imsi)=237 ----
  INIT_ATTACH_FAIL_ALL_LOW_RSRP: UE(imsi)=237 bestRsrp=-147.653 < min=-120 (all cells below threshold) retryIn=2s
---- INIT_ATTACH t=12 UE(imsi)=238 ----
  INIT_ATTACH_FAIL_ALL_LOW_RSRP: UE(imsi)=238 bestRsrp=-137.629 < min=-120 (all cells below threshold) retryIn=2s
---- INIT_ATTACH t=12 UE(imsi)=240 ----
  INIT_ATTACH_FAIL_ALL_LOW_RSRP: UE(imsi)=240 bestRsrp=-144.589 < min=-120 (all cells below threshold) retryIn=2s
---- INIT_ATTACH t=12 UE(imsi)=241 ----
  INIT_ATTACH_FAIL_ALL_LOW_RSRP: UE(imsi)=241 bestRsrp=-138.63 < min=-120 (all cells below threshold) retryIn=2s
---- LOAD at t=12.5 ----
  cell 1 (TN) load=8/20
  cell 2 (TN) load=8/20
  cell 3 (TN) load=7/20
  cell 4 (TN) load=3/20
  cell 5 (TN) load=6/20
  cell 6 (TN) load=6/20
  cell 7 (TN) load=8/20
  cell 8 (TN) load=9/20
  cell 9 (NTN) load=10/10
  cell 10 (NTN) load=9/10
  cell 11 (NTN) load=10/10
  cell 12 (NTN) load=10/10
  cell 13 (NTN) load=10/10
  cell 14 (NTN) load=10/10
UE 29 TTT_WAIT target=6 elapsed=0s need=2s
UE 31 TTT_WAIT target=5 elapsed=0s need=2s
UE 35 TTT_WAIT target=5 elapsed=0s need=2s
UE 48 TTT_WAIT target=4 elapsed=0s need=2s
UE 52 TTT_WAIT target=5 elapsed=0s need=2s
UE 53 TTT_WAIT target=2 elapsed=0s need=2s
UE 54 TTT_WAIT target=8 elapsed=0s need=2s
UE 61 TTT_WAIT target=2 elapsed=0s need=2s
UE 63 TTT_WAIT target=10 elapsed=0s need=2s
UE 68 TTT_WAIT target=8 elapsed=0s need=2s
UE 70 TTT_WAIT target=7 elapsed=0s need=2s
UE 76 TTT_WAIT target=6 elapsed=0s need=2s
UE 80 TTT_WAIT target=6 elapsed=0s need=2s
UE 93 TTT_WAIT target=1 elapsed=0s need=2s
UE 97 TTT_WAIT target=1 elapsed=0s need=2s
UE 109 TTT_WAIT target=3 elapsed=0s need=2s
UE 120 TTT_WAIT target=3 elapsed=0s need=2s
UE 130 TTT_WAIT target=1 elapsed=0s need=2s
UE 131 TTT_WAIT target=8 elapsed=0s need=2s
UE 135 TTT_WAIT target=7 elapsed=0s need=2s
UE 137 TTT_WAIT target=5 elapsed=0s need=2s
UE 140 TTT_WAIT target=6 elapsed=0s need=2s
UE 144 TTT_WAIT target=4 elapsed=0s need=2s
UE 146 TTT_WAIT target=1 elapsed=0s need=2s
UE 149 TTT_WAIT target=2 elapsed=0s need=2s
UE 150 TTT_WAIT target=6 elapsed=0s need=2s
UE 155 TTT_WAIT target=7 elapsed=0s need=2s
UE 156 TTT_WAIT target=5 elapsed=0s need=2s
UE 165 TTT_WAIT target=7 elapsed=0s need=2s
UE 174 TTT_WAIT target=3 elapsed=0s need=2s
UE 175 TTT_WAIT target=3 elapsed=0s need=2s
UE 179 TTT_WAIT target=10 elapsed=0s need=2s
UE 180 TTT_WAIT target=2 elapsed=0s need=2s
UE 188 TTT_WAIT target=5 elapsed=0s need=2s
UE 194 TTT_WAIT target=6 elapsed=0s need=2s
UE 200 TTT_WAIT target=4 elapsed=0s need=2s
UE 204 TTT_WAIT target=6 elapsed=0s need=2s
UE 210 TTT_WAIT target=3 elapsed=0s need=2s
UE 224 TTT_WAIT target=2 elapsed=0s need=2s
UE 226 TTT_WAIT target=4 elapsed=0s need=2s
UE 229 TTT_WAIT target=1 elapsed=0s need=2s
UE 230 TTT_WAIT target=5 elapsed=0s need=2s
UE 233 TTT_WAIT target=3 elapsed=0s need=2s
UE 234 TTT_WAIT target=7 elapsed=0s need=2s
UE 239 TTT_WAIT target=1 elapsed=0s need=2s
UE 240 TTT_WAIT target=3 elapsed=0s need=2s
UE 241 TTT_WAIT target=5 elapsed=0s need=2s
UE 242 TTT_WAIT target=1 elapsed=0s need=2s
UE 243 TTT_WAIT target=8 elapsed=0s need=2s
---- INIT_ATTACH t=14 UE(imsi)=16 ----
  INIT_ATTACH_FAIL_ALL_LOW_RSRP: UE(imsi)=16 bestRsrp=-130.195 < min=-120 (all cells below threshold) retryIn=2s
---- INIT_ATTACH t=14 UE(imsi)=20 ----
  INIT_ATTACH_FAIL_ALL_LOW_RSRP: UE(imsi)=20 bestRsrp=-152.695 < min=-120 (all cells below threshold) retryIn=2s
---- INIT_ATTACH t=14 UE(imsi)=23 ----
  INIT_ATTACH_FAIL_ALL_LOW_RSRP: UE(imsi)=23 bestRsrp=-144.789 < min=-120 (all cells below threshold) retryIn=2s
---- INIT_ATTACH t=14 UE(imsi)=25 ----
  INIT_ATTACH_FAIL_ALL_LOW_RSRP: UE(imsi)=25 bestRsrp=-136.71 < min=-120 (all cells below threshold) retryIn=2s
---- INIT_ATTACH t=14 UE(imsi)=26 ----
  INIT_ATTACH_FAIL_ALL_LOW_RSRP: UE(imsi)=26 bestRsrp=-146.253 < min=-120 (all cells below threshold) retryIn=2s
---- INIT_ATTACH t=14 UE(imsi)=29 ----
  INIT_ATTACH_FAIL_ALL_LOW_RSRP: UE(imsi)=29 bestRsrp=-152.648 < min=-120 (all cells below threshold) retryIn=2s
---- INIT_ATTACH t=14 UE(imsi)=31 ----
  INIT_ATTACH_FAIL_ALL_LOW_RSRP: UE(imsi)=31 bestRsrp=-128.067 < min=-120 (all cells below threshold) retryIn=2s
---- INIT_ATTACH t=14 UE(imsi)=32 ----
  candOK0 cell=8 rsrp=-98.6296 occ=9/20 -> OK
  SELECT cell=8 rsrp=-98.6296 occ(afterReserve)=10/20
  INIT_ATTACH_OK: UE(imsi)=32 -> cell=8
---- INIT_ATTACH t=14 UE(imsi)=35 ----
  INIT_ATTACH_FAIL_ALL_LOW_RSRP: UE(imsi)=35 bestRsrp=-133.523 < min=-120 (all cells below threshold) retryIn=2s
---- INIT_ATTACH t=14 UE(imsi)=36 ----
  INIT_ATTACH_FAIL_ALL_LOW_RSRP: UE(imsi)=36 bestRsrp=-138.579 < min=-120 (all cells below threshold) retryIn=2s
---- INIT_ATTACH t=14 UE(imsi)=38 ----
  INIT_ATTACH_FAIL_ALL_LOW_RSRP: UE(imsi)=38 bestRsrp=-148.138 < min=-120 (all cells below threshold) retryIn=2s
---- INIT_ATTACH t=14 UE(imsi)=44 ----
  INIT_ATTACH_FAIL_ALL_LOW_RSRP: UE(imsi)=44 bestRsrp=-139.677 < min=-120 (all cells below threshold) retryIn=2s
---- INIT_ATTACH t=14 UE(imsi)=45 ----
  INIT_ATTACH_FAIL_ALL_LOW_RSRP: UE(imsi)=45 bestRsrp=-129.939 < min=-120 (all cells below threshold) retryIn=2s
---- INIT_ATTACH t=14 UE(imsi)=46 ----
  INIT_ATTACH_FAIL_ALL_LOW_RSRP: UE(imsi)=46 bestRsrp=-139.662 < min=-120 (all cells below threshold) retryIn=2s
---- INIT_ATTACH t=14 UE(imsi)=47 ----
  INIT_ATTACH_FAIL_ALL_LOW_RSRP: UE(imsi)=47 bestRsrp=-135.953 < min=-120 (all cells below threshold) retryIn=2s
---- INIT_ATTACH t=14 UE(imsi)=48 ----
  INIT_ATTACH_FAIL_ALL_LOW_RSRP: UE(imsi)=48 bestRsrp=-137.211 < min=-120 (all cells below threshold) retryIn=2s
---- INIT_ATTACH t=14 UE(imsi)=50 ----
  INIT_ATTACH_FAIL_ALL_LOW_RSRP: UE(imsi)=50 bestRsrp=-128.714 < min=-120 (all cells below threshold) retryIn=2s
---- INIT_ATTACH t=14 UE(imsi)=53 ----
  INIT_ATTACH_FAIL_ALL_LOW_RSRP: UE(imsi)=53 bestRsrp=-139.724 < min=-120 (all cells below threshold) retryIn=2s
---- INIT_ATTACH t=14 UE(imsi)=54 ----
  INIT_ATTACH_FAIL_ALL_LOW_RSRP: UE(imsi)=54 bestRsrp=-143.258 < min=-120 (all cells below threshold) retryIn=2s
---- INIT_ATTACH t=14 UE(imsi)=55 ----
  INIT_ATTACH_FAIL_ALL_LOW_RSRP: UE(imsi)=55 bestRsrp=-157.504 < min=-120 (all cells below threshold) retryIn=2s
---- INIT_ATTACH t=14 UE(imsi)=57 ----
  INIT_ATTACH_FAIL_ALL_LOW_RSRP: UE(imsi)=57 bestRsrp=-128.874 < min=-120 (all cells below threshold) retryIn=2s
---- INIT_ATTACH t=14 UE(imsi)=61 ----
  INIT_ATTACH_FAIL_ALL_LOW_RSRP: UE(imsi)=61 bestRsrp=-141.052 < min=-120 (all cells below threshold) retryIn=2s
---- INIT_ATTACH t=14 UE(imsi)=62 ----
  INIT_ATTACH_FAIL_ALL_LOW_RSRP: UE(imsi)=62 bestRsrp=-135.238 < min=-120 (all cells below threshold) retryIn=2s
---- INIT_ATTACH t=14 UE(imsi)=66 ----
  INIT_ATTACH_FAIL_ALL_LOW_RSRP: UE(imsi)=66 bestRsrp=-125.374 < min=-120 (all cells below threshold) retryIn=2s
---- INIT_ATTACH t=14 UE(imsi)=67 ----
  INIT_ATTACH_FAIL_ALL_LOW_RSRP: UE(imsi)=67 bestRsrp=-140.635 < min=-120 (all cells below threshold) retryIn=2s
---- INIT_ATTACH t=14 UE(imsi)=68 ----
  INIT_ATTACH_FAIL_ALL_LOW_RSRP: UE(imsi)=68 bestRsrp=-137.674 < min=-120 (all cells below threshold) retryIn=2s
---- INIT_ATTACH t=14 UE(imsi)=70 ----
  INIT_ATTACH_FAIL_ALL_LOW_RSRP: UE(imsi)=70 bestRsrp=-131.997 < min=-120 (all cells below threshold) retryIn=2s
---- INIT_ATTACH t=14 UE(imsi)=73 ----
  INIT_ATTACH_FAIL_ALL_LOW_RSRP: UE(imsi)=73 bestRsrp=-146.065 < min=-120 (all cells below threshold) retryIn=2s
---- INIT_ATTACH t=14 UE(imsi)=74 ----
  INIT_ATTACH_FAIL_ALL_LOW_RSRP: UE(imsi)=74 bestRsrp=-143.075 < min=-120 (all cells below threshold) retryIn=2s
---- INIT_ATTACH t=14 UE(imsi)=76 ----
  INIT_ATTACH_FAIL_ALL_LOW_RSRP: UE(imsi)=76 bestRsrp=-132.54 < min=-120 (all cells below threshold) retryIn=2s
---- INIT_ATTACH t=14 UE(imsi)=81 ----
  INIT_ATTACH_FAIL_ALL_LOW_RSRP: UE(imsi)=81 bestRsrp=-139.843 < min=-120 (all cells below threshold) retryIn=2s
---- INIT_ATTACH t=14 UE(imsi)=85 ----
  INIT_ATTACH_FAIL_ALL_LOW_RSRP: UE(imsi)=85 bestRsrp=-147.009 < min=-120 (all cells below threshold) retryIn=2s
---- INIT_ATTACH t=14 UE(imsi)=86 ----
  INIT_ATTACH_FAIL_ALL_LOW_RSRP: UE(imsi)=86 bestRsrp=-128.016 < min=-120 (all cells below threshold) retryIn=2s
---- INIT_ATTACH t=14 UE(imsi)=87 ----
  INIT_ATTACH_FAIL_ALL_LOW_RSRP: UE(imsi)=87 bestRsrp=-139.051 < min=-120 (all cells below threshold) retryIn=2s
---- INIT_ATTACH t=14 UE(imsi)=92 ----
  INIT_ATTACH_FAIL_ALL_LOW_RSRP: UE(imsi)=92 bestRsrp=-133.833 < min=-120 (all cells below threshold) retryIn=2s
---- INIT_ATTACH t=14 UE(imsi)=95 ----
  INIT_ATTACH_FAIL_ALL_LOW_RSRP: UE(imsi)=95 bestRsrp=-140.369 < min=-120 (all cells below threshold) retryIn=2s
---- INIT_ATTACH t=14 UE(imsi)=97 ----
  INIT_ATTACH_FAIL_ALL_LOW_RSRP: UE(imsi)=97 bestRsrp=-146.526 < min=-120 (all cells below threshold) retryIn=2s
---- INIT_ATTACH t=14 UE(imsi)=98 ----
  INIT_ATTACH_FAIL_ALL_LOW_RSRP: UE(imsi)=98 bestRsrp=-132.087 < min=-120 (all cells below threshold) retryIn=2s
---- INIT_ATTACH t=14 UE(imsi)=102 ----
  INIT_ATTACH_FAIL_ALL_LOW_RSRP: UE(imsi)=102 bestRsrp=-126.666 < min=-120 (all cells below threshold) retryIn=2s
---- INIT_ATTACH t=14 UE(imsi)=106 ----
  INIT_ATTACH_FAIL_ALL_LOW_RSRP: UE(imsi)=106 bestRsrp=-124.138 < min=-120 (all cells below threshold) retryIn=2s
---- INIT_ATTACH t=14 UE(imsi)=109 ----
  INIT_ATTACH_FAIL_ALL_LOW_RSRP: UE(imsi)=109 bestRsrp=-132.515 < min=-120 (all cells below threshold) retryIn=2s
---- INIT_ATTACH t=14 UE(imsi)=112 ----
  INIT_ATTACH_FAIL_ALL_LOW_RSRP: UE(imsi)=112 bestRsrp=-122.904 < min=-120 (all cells below threshold) retryIn=2s
---- INIT_ATTACH t=14 UE(imsi)=116 ----
  INIT_ATTACH_FAIL_ALL_LOW_RSRP: UE(imsi)=116 bestRsrp=-153.262 < min=-120 (all cells below threshold) retryIn=2s
---- INIT_ATTACH t=14 UE(imsi)=119 ----
  INIT_ATTACH_FAIL_ALL_LOW_RSRP: UE(imsi)=119 bestRsrp=-143.667 < min=-120 (all cells below threshold) retryIn=2s
---- INIT_ATTACH t=14 UE(imsi)=120 ----
  INIT_ATTACH_FAIL_ALL_LOW_RSRP: UE(imsi)=120 bestRsrp=-140.706 < min=-120 (all cells below threshold) retryIn=2s
---- INIT_ATTACH t=14 UE(imsi)=122 ----
  INIT_ATTACH_FAIL_ALL_LOW_RSRP: UE(imsi)=122 bestRsrp=-141.664 < min=-120 (all cells below threshold) retryIn=2s
---- INIT_ATTACH t=14 UE(imsi)=129 ----
  INIT_ATTACH_FAIL_ALL_LOW_RSRP: UE(imsi)=129 bestRsrp=-140.855 < min=-120 (all cells below threshold) retryIn=2s
---- INIT_ATTACH t=14 UE(imsi)=130 ----
  candOK0 cell=12 rsrp=-101.227 occ=10/10 -> SKIP_FULL
  candOK1 cell=9 rsrp=-104.066 occ=10/10 -> SKIP_FULL
  INIT_ATTACH_FAIL_ALL_FULL: UE(imsi)=130 rsrpOk=2 (all RSRP>=min but full or invalid) retryIn=2s
---- INIT_ATTACH t=14 UE(imsi)=131 ----
  INIT_ATTACH_FAIL_ALL_LOW_RSRP: UE(imsi)=131 bestRsrp=-137.965 < min=-120 (all cells below threshold) retryIn=2s
---- INIT_ATTACH t=14 UE(imsi)=132 ----
  INIT_ATTACH_FAIL_ALL_LOW_RSRP: UE(imsi)=132 bestRsrp=-140.023 < min=-120 (all cells below threshold) retryIn=2s
---- INIT_ATTACH t=14 UE(imsi)=134 ----
  INIT_ATTACH_FAIL_ALL_LOW_RSRP: UE(imsi)=134 bestRsrp=-126.136 < min=-120 (all cells below threshold) retryIn=2s
---- INIT_ATTACH t=14 UE(imsi)=135 ----
  INIT_ATTACH_FAIL_ALL_LOW_RSRP: UE(imsi)=135 bestRsrp=-133.437 < min=-120 (all cells below threshold) retryIn=2s
---- INIT_ATTACH t=14 UE(imsi)=136 ----
  INIT_ATTACH_FAIL_ALL_LOW_RSRP: UE(imsi)=136 bestRsrp=-143.525 < min=-120 (all cells below threshold) retryIn=2s
---- INIT_ATTACH t=14 UE(imsi)=138 ----
  INIT_ATTACH_FAIL_ALL_LOW_RSRP: UE(imsi)=138 bestRsrp=-145.648 < min=-120 (all cells below threshold) retryIn=2s
---- INIT_ATTACH t=14 UE(imsi)=140 ----
  INIT_ATTACH_FAIL_ALL_LOW_RSRP: UE(imsi)=140 bestRsrp=-142.129 < min=-120 (all cells below threshold) retryIn=2s
---- INIT_ATTACH t=14 UE(imsi)=142 ----
  INIT_ATTACH_FAIL_ALL_LOW_RSRP: UE(imsi)=142 bestRsrp=-139.244 < min=-120 (all cells below threshold) retryIn=2s
---- INIT_ATTACH t=14 UE(imsi)=144 ----
  INIT_ATTACH_FAIL_ALL_LOW_RSRP: UE(imsi)=144 bestRsrp=-150.755 < min=-120 (all cells below threshold) retryIn=2s
---- INIT_ATTACH t=14 UE(imsi)=146 ----
  INIT_ATTACH_FAIL_ALL_LOW_RSRP: UE(imsi)=146 bestRsrp=-136.892 < min=-120 (all cells below threshold) retryIn=2s
---- INIT_ATTACH t=14 UE(imsi)=147 ----
  INIT_ATTACH_FAIL_ALL_LOW_RSRP: UE(imsi)=147 bestRsrp=-132.018 < min=-120 (all cells below threshold) retryIn=2s
---- INIT_ATTACH t=14 UE(imsi)=148 ----
  INIT_ATTACH_FAIL_ALL_LOW_RSRP: UE(imsi)=148 bestRsrp=-138.51 < min=-120 (all cells below threshold) retryIn=2s
---- INIT_ATTACH t=14 UE(imsi)=150 ----
  INIT_ATTACH_FAIL_ALL_LOW_RSRP: UE(imsi)=150 bestRsrp=-146.438 < min=-120 (all cells below threshold) retryIn=2s
---- INIT_ATTACH t=14 UE(imsi)=151 ----
  INIT_ATTACH_FAIL_ALL_LOW_RSRP: UE(imsi)=151 bestRsrp=-148.347 < min=-120 (all cells below threshold) retryIn=2s
---- INIT_ATTACH t=14 UE(imsi)=154 ----
  INIT_ATTACH_FAIL_ALL_LOW_RSRP: UE(imsi)=154 bestRsrp=-129.737 < min=-120 (all cells below threshold) retryIn=2s
---- INIT_ATTACH t=14 UE(imsi)=155 ----
  INIT_ATTACH_FAIL_ALL_LOW_RSRP: UE(imsi)=155 bestRsrp=-136.679 < min=-120 (all cells below threshold) retryIn=2s
---- INIT_ATTACH t=14 UE(imsi)=156 ----
  INIT_ATTACH_FAIL_ALL_LOW_RSRP: UE(imsi)=156 bestRsrp=-153.289 < min=-120 (all cells below threshold) retryIn=2s
---- INIT_ATTACH t=14 UE(imsi)=157 ----
  INIT_ATTACH_FAIL_ALL_LOW_RSRP: UE(imsi)=157 bestRsrp=-139.147 < min=-120 (all cells below threshold) retryIn=2s
---- INIT_ATTACH t=14 UE(imsi)=158 ----
  INIT_ATTACH_FAIL_ALL_LOW_RSRP: UE(imsi)=158 bestRsrp=-126.337 < min=-120 (all cells below threshold) retryIn=2s
---- INIT_ATTACH t=14 UE(imsi)=161 ----
  INIT_ATTACH_FAIL_ALL_LOW_RSRP: UE(imsi)=161 bestRsrp=-141.8 < min=-120 (all cells below threshold) retryIn=2s
---- INIT_ATTACH t=14 UE(imsi)=163 ----
  INIT_ATTACH_FAIL_ALL_LOW_RSRP: UE(imsi)=163 bestRsrp=-130.124 < min=-120 (all cells below threshold) retryIn=2s
---- INIT_ATTACH t=14 UE(imsi)=164 ----
  INIT_ATTACH_FAIL_ALL_LOW_RSRP: UE(imsi)=164 bestRsrp=-138.924 < min=-120 (all cells below threshold) retryIn=2s
---- INIT_ATTACH t=14 UE(imsi)=165 ----
  INIT_ATTACH_FAIL_ALL_LOW_RSRP: UE(imsi)=165 bestRsrp=-146.541 < min=-120 (all cells below threshold) retryIn=2s
---- INIT_ATTACH t=14 UE(imsi)=169 ----
  INIT_ATTACH_FAIL_ALL_LOW_RSRP: UE(imsi)=169 bestRsrp=-141.426 < min=-120 (all cells below threshold) retryIn=2s
---- INIT_ATTACH t=14 UE(imsi)=171 ----
  INIT_ATTACH_FAIL_ALL_LOW_RSRP: UE(imsi)=171 bestRsrp=-145.39 < min=-120 (all cells below threshold) retryIn=2s
---- INIT_ATTACH t=14 UE(imsi)=173 ----
  INIT_ATTACH_FAIL_ALL_LOW_RSRP: UE(imsi)=173 bestRsrp=-137.703 < min=-120 (all cells below threshold) retryIn=2s
---- INIT_ATTACH t=14 UE(imsi)=174 ----
  INIT_ATTACH_FAIL_ALL_LOW_RSRP: UE(imsi)=174 bestRsrp=-142.492 < min=-120 (all cells below threshold) retryIn=2s
---- INIT_ATTACH t=14 UE(imsi)=179 ----
  INIT_ATTACH_FAIL_ALL_LOW_RSRP: UE(imsi)=179 bestRsrp=-148.636 < min=-120 (all cells below threshold) retryIn=2s
---- INIT_ATTACH t=14 UE(imsi)=181 ----
  INIT_ATTACH_FAIL_ALL_LOW_RSRP: UE(imsi)=181 bestRsrp=-148.271 < min=-120 (all cells below threshold) retryIn=2s
---- INIT_ATTACH t=14 UE(imsi)=183 ----
  INIT_ATTACH_FAIL_ALL_LOW_RSRP: UE(imsi)=183 bestRsrp=-142.047 < min=-120 (all cells below threshold) retryIn=2s
---- INIT_ATTACH t=14 UE(imsi)=185 ----
  INIT_ATTACH_FAIL_ALL_LOW_RSRP: UE(imsi)=185 bestRsrp=-143.399 < min=-120 (all cells below threshold) retryIn=2s
---- INIT_ATTACH t=14 UE(imsi)=186 ----
  candOK0 cell=14 rsrp=-106.783 occ=10/10 -> SKIP_FULL
  candOK1 cell=2 rsrp=-118.237 occ=8/20 -> OK
  SELECT cell=2 rsrp=-118.237 occ(afterReserve)=9/20
  INIT_ATTACH_OK: UE(imsi)=186 -> cell=2
---- INIT_ATTACH t=14 UE(imsi)=187 ----
  INIT_ATTACH_FAIL_ALL_LOW_RSRP: UE(imsi)=187 bestRsrp=-134.17 < min=-120 (all cells below threshold) retryIn=2s
---- INIT_ATTACH t=14 UE(imsi)=192 ----
  INIT_ATTACH_FAIL_ALL_LOW_RSRP: UE(imsi)=192 bestRsrp=-154.057 < min=-120 (all cells below threshold) retryIn=2s
---- INIT_ATTACH t=14 UE(imsi)=195 ----
  candOK0 cell=11 rsrp=-119.709 occ=10/10 -> SKIP_FULL
  INIT_ATTACH_FAIL_ALL_FULL: UE(imsi)=195 rsrpOk=1 (all RSRP>=min but full or invalid) retryIn=2s
---- INIT_ATTACH t=14 UE(imsi)=196 ----
  INIT_ATTACH_FAIL_ALL_LOW_RSRP: UE(imsi)=196 bestRsrp=-131.33 < min=-120 (all cells below threshold) retryIn=2s
---- INIT_ATTACH t=14 UE(imsi)=197 ----
  INIT_ATTACH_FAIL_ALL_LOW_RSRP: UE(imsi)=197 bestRsrp=-132.85 < min=-120 (all cells below threshold) retryIn=2s
---- INIT_ATTACH t=14 UE(imsi)=198 ----
  INIT_ATTACH_FAIL_ALL_LOW_RSRP: UE(imsi)=198 bestRsrp=-131.076 < min=-120 (all cells below threshold) retryIn=2s
---- INIT_ATTACH t=14 UE(imsi)=199 ----
  INIT_ATTACH_FAIL_ALL_LOW_RSRP: UE(imsi)=199 bestRsrp=-142.974 < min=-120 (all cells below threshold) retryIn=2s
---- INIT_ATTACH t=14 UE(imsi)=200 ----
  INIT_ATTACH_FAIL_ALL_LOW_RSRP: UE(imsi)=200 bestRsrp=-147.934 < min=-120 (all cells below threshold) retryIn=2s
---- INIT_ATTACH t=14 UE(imsi)=201 ----
  INIT_ATTACH_FAIL_ALL_LOW_RSRP: UE(imsi)=201 bestRsrp=-127.82 < min=-120 (all cells below threshold) retryIn=2s
---- INIT_ATTACH t=14 UE(imsi)=202 ----
  INIT_ATTACH_FAIL_ALL_LOW_RSRP: UE(imsi)=202 bestRsrp=-148.647 < min=-120 (all cells below threshold) retryIn=2s
---- INIT_ATTACH t=14 UE(imsi)=203 ----
  INIT_ATTACH_FAIL_ALL_LOW_RSRP: UE(imsi)=203 bestRsrp=-150.987 < min=-120 (all cells below threshold) retryIn=2s
---- INIT_ATTACH t=14 UE(imsi)=204 ----
  INIT_ATTACH_FAIL_ALL_LOW_RSRP: UE(imsi)=204 bestRsrp=-142.505 < min=-120 (all cells below threshold) retryIn=2s
---- INIT_ATTACH t=14 UE(imsi)=206 ----
  INIT_ATTACH_FAIL_ALL_LOW_RSRP: UE(imsi)=206 bestRsrp=-123.181 < min=-120 (all cells below threshold) retryIn=2s
---- INIT_ATTACH t=14 UE(imsi)=212 ----
  INIT_ATTACH_FAIL_ALL_LOW_RSRP: UE(imsi)=212 bestRsrp=-137.803 < min=-120 (all cells below threshold) retryIn=2s
---- INIT_ATTACH t=14 UE(imsi)=213 ----
  INIT_ATTACH_FAIL_ALL_LOW_RSRP: UE(imsi)=213 bestRsrp=-135.041 < min=-120 (all cells below threshold) retryIn=2s
---- INIT_ATTACH t=14 UE(imsi)=214 ----
  INIT_ATTACH_FAIL_ALL_LOW_RSRP: UE(imsi)=214 bestRsrp=-142.858 < min=-120 (all cells below threshold) retryIn=2s
---- INIT_ATTACH t=14 UE(imsi)=216 ----
  INIT_ATTACH_FAIL_ALL_LOW_RSRP: UE(imsi)=216 bestRsrp=-143.454 < min=-120 (all cells below threshold) retryIn=2s
---- INIT_ATTACH t=14 UE(imsi)=217 ----
  INIT_ATTACH_FAIL_ALL_LOW_RSRP: UE(imsi)=217 bestRsrp=-125.454 < min=-120 (all cells below threshold) retryIn=2s
---- INIT_ATTACH t=14 UE(imsi)=218 ----
  INIT_ATTACH_FAIL_ALL_LOW_RSRP: UE(imsi)=218 bestRsrp=-131.444 < min=-120 (all cells below threshold) retryIn=2s
---- INIT_ATTACH t=14 UE(imsi)=219 ----
  INIT_ATTACH_FAIL_ALL_LOW_RSRP: UE(imsi)=219 bestRsrp=-138.543 < min=-120 (all cells below threshold) retryIn=2s
---- INIT_ATTACH t=14 UE(imsi)=220 ----
  INIT_ATTACH_FAIL_ALL_LOW_RSRP: UE(imsi)=220 bestRsrp=-149.844 < min=-120 (all cells below threshold) retryIn=2s
---- INIT_ATTACH t=14 UE(imsi)=221 ----
  INIT_ATTACH_FAIL_ALL_LOW_RSRP: UE(imsi)=221 bestRsrp=-134.581 < min=-120 (all cells below threshold) retryIn=2s
---- INIT_ATTACH t=14 UE(imsi)=222 ----
  INIT_ATTACH_FAIL_ALL_LOW_RSRP: UE(imsi)=222 bestRsrp=-142.146 < min=-120 (all cells below threshold) retryIn=2s
---- INIT_ATTACH t=14 UE(imsi)=224 ----
  INIT_ATTACH_FAIL_ALL_LOW_RSRP: UE(imsi)=224 bestRsrp=-154.819 < min=-120 (all cells below threshold) retryIn=2s
---- INIT_ATTACH t=14 UE(imsi)=225 ----
  INIT_ATTACH_FAIL_ALL_LOW_RSRP: UE(imsi)=225 bestRsrp=-133.528 < min=-120 (all cells below threshold) retryIn=2s
---- INIT_ATTACH t=14 UE(imsi)=227 ----
  INIT_ATTACH_FAIL_ALL_LOW_RSRP: UE(imsi)=227 bestRsrp=-134.738 < min=-120 (all cells below threshold) retryIn=2s
---- INIT_ATTACH t=14 UE(imsi)=229 ----
  candOK0 cell=5 rsrp=-97.1639 occ=6/20 -> OK
  SELECT cell=5 rsrp=-97.1639 occ(afterReserve)=7/20
  INIT_ATTACH_OK: UE(imsi)=229 -> cell=5
---- INIT_ATTACH t=14 UE(imsi)=230 ----
  INIT_ATTACH_FAIL_ALL_LOW_RSRP: UE(imsi)=230 bestRsrp=-145.126 < min=-120 (all cells below threshold) retryIn=2s
---- INIT_ATTACH t=14 UE(imsi)=231 ----
  INIT_ATTACH_FAIL_ALL_LOW_RSRP: UE(imsi)=231 bestRsrp=-137.954 < min=-120 (all cells below threshold) retryIn=2s
---- INIT_ATTACH t=14 UE(imsi)=232 ----
  INIT_ATTACH_FAIL_ALL_LOW_RSRP: UE(imsi)=232 bestRsrp=-141.502 < min=-120 (all cells below threshold) retryIn=2s
---- INIT_ATTACH t=14 UE(imsi)=233 ----
  INIT_ATTACH_FAIL_ALL_LOW_RSRP: UE(imsi)=233 bestRsrp=-144.915 < min=-120 (all cells below threshold) retryIn=2s
---- INIT_ATTACH t=14 UE(imsi)=236 ----
  INIT_ATTACH_FAIL_ALL_LOW_RSRP: UE(imsi)=236 bestRsrp=-126.241 < min=-120 (all cells below threshold) retryIn=2s
---- INIT_ATTACH t=14 UE(imsi)=237 ----
  candOK0 cell=12 rsrp=-118.689 occ=10/10 -> SKIP_FULL
  INIT_ATTACH_FAIL_ALL_FULL: UE(imsi)=237 rsrpOk=1 (all RSRP>=min but full or invalid) retryIn=2s
---- INIT_ATTACH t=14 UE(imsi)=238 ----
  INIT_ATTACH_FAIL_ALL_LOW_RSRP: UE(imsi)=238 bestRsrp=-140.122 < min=-120 (all cells below threshold) retryIn=2s
---- INIT_ATTACH t=14 UE(imsi)=240 ----
  INIT_ATTACH_FAIL_ALL_LOW_RSRP: UE(imsi)=240 bestRsrp=-141.453 < min=-120 (all cells below threshold) retryIn=2s
---- INIT_ATTACH t=14 UE(imsi)=241 ----
  candOK0 cell=10 rsrp=-115.328 occ=9/10 -> OK
  SELECT cell=10 rsrp=-115.328 occ(afterReserve)=10/10
  INIT_ATTACH_OK: UE(imsi)=241 -> cell=10
---- INIT_ATTACH t=16 UE(imsi)=16 ----
  INIT_ATTACH_FAIL_ALL_LOW_RSRP: UE(imsi)=16 bestRsrp=-128.108 < min=-120 (all cells below threshold) retryIn=2s
---- INIT_ATTACH t=16 UE(imsi)=20 ----
  INIT_ATTACH_FAIL_ALL_LOW_RSRP: UE(imsi)=20 bestRsrp=-151.696 < min=-120 (all cells below threshold) retryIn=2s
---- INIT_ATTACH t=16 UE(imsi)=23 ----
  INIT_ATTACH_FAIL_ALL_LOW_RSRP: UE(imsi)=23 bestRsrp=-144.371 < min=-120 (all cells below threshold) retryIn=2s
---- INIT_ATTACH t=16 UE(imsi)=25 ----
  INIT_ATTACH_FAIL_ALL_LOW_RSRP: UE(imsi)=25 bestRsrp=-133.954 < min=-120 (all cells below threshold) retryIn=2s
---- INIT_ATTACH t=16 UE(imsi)=26 ----
  INIT_ATTACH_FAIL_ALL_LOW_RSRP: UE(imsi)=26 bestRsrp=-148.594 < min=-120 (all cells below threshold) retryIn=2s
---- INIT_ATTACH t=16 UE(imsi)=29 ----
  INIT_ATTACH_FAIL_ALL_LOW_RSRP: UE(imsi)=29 bestRsrp=-154.902 < min=-120 (all cells below threshold) retryIn=2s
---- INIT_ATTACH t=16 UE(imsi)=31 ----
  INIT_ATTACH_FAIL_ALL_LOW_RSRP: UE(imsi)=31 bestRsrp=-124.336 < min=-120 (all cells below threshold) retryIn=2s
---- INIT_ATTACH t=16 UE(imsi)=35 ----
  INIT_ATTACH_FAIL_ALL_LOW_RSRP: UE(imsi)=35 bestRsrp=-133.504 < min=-120 (all cells below threshold) retryIn=2s
---- INIT_ATTACH t=16 UE(imsi)=36 ----
  INIT_ATTACH_FAIL_ALL_LOW_RSRP: UE(imsi)=36 bestRsrp=-140.865 < min=-120 (all cells below threshold) retryIn=2s
---- INIT_ATTACH t=16 UE(imsi)=38 ----
  INIT_ATTACH_FAIL_ALL_LOW_RSRP: UE(imsi)=38 bestRsrp=-149.148 < min=-120 (all cells below threshold) retryIn=2s
---- INIT_ATTACH t=16 UE(imsi)=44 ----
  INIT_ATTACH_FAIL_ALL_LOW_RSRP: UE(imsi)=44 bestRsrp=-139.488 < min=-120 (all cells below threshold) retryIn=2s
---- INIT_ATTACH t=16 UE(imsi)=45 ----
  INIT_ATTACH_FAIL_ALL_LOW_RSRP: UE(imsi)=45 bestRsrp=-129.198 < min=-120 (all cells below threshold) retryIn=2s
---- INIT_ATTACH t=16 UE(imsi)=46 ----
  INIT_ATTACH_FAIL_ALL_LOW_RSRP: UE(imsi)=46 bestRsrp=-140.312 < min=-120 (all cells below threshold) retryIn=2s
---- INIT_ATTACH t=16 UE(imsi)=47 ----
  INIT_ATTACH_FAIL_ALL_LOW_RSRP: UE(imsi)=47 bestRsrp=-137.95 < min=-120 (all cells below threshold) retryIn=2s
---- INIT_ATTACH t=16 UE(imsi)=48 ----
  INIT_ATTACH_FAIL_ALL_LOW_RSRP: UE(imsi)=48 bestRsrp=-138.137 < min=-120 (all cells below threshold) retryIn=2s
---- INIT_ATTACH t=16 UE(imsi)=50 ----
  INIT_ATTACH_FAIL_ALL_LOW_RSRP: UE(imsi)=50 bestRsrp=-129.72 < min=-120 (all cells below threshold) retryIn=2s
---- INIT_ATTACH t=16 UE(imsi)=53 ----
  INIT_ATTACH_FAIL_ALL_LOW_RSRP: UE(imsi)=53 bestRsrp=-141.571 < min=-120 (all cells below threshold) retryIn=2s
---- INIT_ATTACH t=16 UE(imsi)=54 ----
  INIT_ATTACH_FAIL_ALL_LOW_RSRP: UE(imsi)=54 bestRsrp=-144.553 < min=-120 (all cells below threshold) retryIn=2s
---- INIT_ATTACH t=16 UE(imsi)=55 ----
  INIT_ATTACH_FAIL_ALL_LOW_RSRP: UE(imsi)=55 bestRsrp=-159.211 < min=-120 (all cells below threshold) retryIn=2s
---- INIT_ATTACH t=16 UE(imsi)=57 ----
  INIT_ATTACH_FAIL_ALL_LOW_RSRP: UE(imsi)=57 bestRsrp=-130.073 < min=-120 (all cells below threshold) retryIn=2s
---- INIT_ATTACH t=16 UE(imsi)=61 ----
  INIT_ATTACH_FAIL_ALL_LOW_RSRP: UE(imsi)=61 bestRsrp=-142.287 < min=-120 (all cells below threshold) retryIn=2s
---- INIT_ATTACH t=16 UE(imsi)=62 ----
  INIT_ATTACH_FAIL_ALL_LOW_RSRP: UE(imsi)=62 bestRsrp=-132.117 < min=-120 (all cells below threshold) retryIn=2s
---- INIT_ATTACH t=16 UE(imsi)=66 ----
  INIT_ATTACH_FAIL_ALL_LOW_RSRP: UE(imsi)=66 bestRsrp=-130.066 < min=-120 (all cells below threshold) retryIn=2s
---- INIT_ATTACH t=16 UE(imsi)=67 ----
  INIT_ATTACH_FAIL_ALL_LOW_RSRP: UE(imsi)=67 bestRsrp=-141.411 < min=-120 (all cells below threshold) retryIn=2s
---- INIT_ATTACH t=16 UE(imsi)=68 ----
  INIT_ATTACH_FAIL_ALL_LOW_RSRP: UE(imsi)=68 bestRsrp=-140.56 < min=-120 (all cells below threshold) retryIn=2s
---- INIT_ATTACH t=16 UE(imsi)=70 ----
  INIT_ATTACH_FAIL_ALL_LOW_RSRP: UE(imsi)=70 bestRsrp=-131.28 < min=-120 (all cells below threshold) retryIn=2s
---- INIT_ATTACH t=16 UE(imsi)=73 ----
  INIT_ATTACH_FAIL_ALL_LOW_RSRP: UE(imsi)=73 bestRsrp=-145.624 < min=-120 (all cells below threshold) retryIn=2s
---- INIT_ATTACH t=16 UE(imsi)=74 ----
  INIT_ATTACH_FAIL_ALL_LOW_RSRP: UE(imsi)=74 bestRsrp=-145.671 < min=-120 (all cells below threshold) retryIn=2s
---- INIT_ATTACH t=16 UE(imsi)=76 ----
  INIT_ATTACH_FAIL_ALL_LOW_RSRP: UE(imsi)=76 bestRsrp=-143.143 < min=-120 (all cells below threshold) retryIn=2s
---- INIT_ATTACH t=16 UE(imsi)=81 ----
  INIT_ATTACH_FAIL_ALL_LOW_RSRP: UE(imsi)=81 bestRsrp=-139.515 < min=-120 (all cells below threshold) retryIn=2s
---- INIT_ATTACH t=16 UE(imsi)=85 ----
  INIT_ATTACH_FAIL_ALL_LOW_RSRP: UE(imsi)=85 bestRsrp=-143.592 < min=-120 (all cells below threshold) retryIn=2s
---- INIT_ATTACH t=16 UE(imsi)=86 ----
  INIT_ATTACH_FAIL_ALL_LOW_RSRP: UE(imsi)=86 bestRsrp=-129.177 < min=-120 (all cells below threshold) retryIn=2s
---- INIT_ATTACH t=16 UE(imsi)=87 ----
  INIT_ATTACH_FAIL_ALL_LOW_RSRP: UE(imsi)=87 bestRsrp=-139.305 < min=-120 (all cells below threshold) retryIn=2s
---- INIT_ATTACH t=16 UE(imsi)=92 ----
  INIT_ATTACH_FAIL_ALL_LOW_RSRP: UE(imsi)=92 bestRsrp=-131.695 < min=-120 (all cells below threshold) retryIn=2s
---- INIT_ATTACH t=16 UE(imsi)=95 ----
  INIT_ATTACH_FAIL_ALL_LOW_RSRP: UE(imsi)=95 bestRsrp=-138.233 < min=-120 (all cells below threshold) retryIn=2s
---- INIT_ATTACH t=16 UE(imsi)=97 ----
  INIT_ATTACH_FAIL_ALL_LOW_RSRP: UE(imsi)=97 bestRsrp=-144.236 < min=-120 (all cells below threshold) retryIn=2s
---- INIT_ATTACH t=16 UE(imsi)=98 ----
  INIT_ATTACH_FAIL_ALL_LOW_RSRP: UE(imsi)=98 bestRsrp=-131.611 < min=-120 (all cells below threshold) retryIn=2s
---- INIT_ATTACH t=16 UE(imsi)=102 ----
  INIT_ATTACH_FAIL_ALL_LOW_RSRP: UE(imsi)=102 bestRsrp=-125.472 < min=-120 (all cells below threshold) retryIn=2s
---- INIT_ATTACH t=16 UE(imsi)=106 ----
  INIT_ATTACH_FAIL_ALL_LOW_RSRP: UE(imsi)=106 bestRsrp=-121.348 < min=-120 (all cells below threshold) retryIn=2s
---- INIT_ATTACH t=16 UE(imsi)=109 ----
  INIT_ATTACH_FAIL_ALL_LOW_RSRP: UE(imsi)=109 bestRsrp=-134.165 < min=-120 (all cells below threshold) retryIn=2s
---- INIT_ATTACH t=16 UE(imsi)=112 ----
  INIT_ATTACH_FAIL_ALL_LOW_RSRP: UE(imsi)=112 bestRsrp=-121.897 < min=-120 (all cells below threshold) retryIn=2s
---- INIT_ATTACH t=16 UE(imsi)=116 ----
  INIT_ATTACH_FAIL_ALL_LOW_RSRP: UE(imsi)=116 bestRsrp=-152.174 < min=-120 (all cells below threshold) retryIn=2s
---- INIT_ATTACH t=16 UE(imsi)=119 ----
  INIT_ATTACH_FAIL_ALL_LOW_RSRP: UE(imsi)=119 bestRsrp=-142.14 < min=-120 (all cells below threshold) retryIn=2s
---- INIT_ATTACH t=16 UE(imsi)=120 ----
  INIT_ATTACH_FAIL_ALL_LOW_RSRP: UE(imsi)=120 bestRsrp=-143.635 < min=-120 (all cells below threshold) retryIn=2s
---- INIT_ATTACH t=16 UE(imsi)=122 ----
  INIT_ATTACH_FAIL_ALL_LOW_RSRP: UE(imsi)=122 bestRsrp=-143.352 < min=-120 (all cells below threshold) retryIn=2s
---- INIT_ATTACH t=16 UE(imsi)=129 ----
  INIT_ATTACH_FAIL_ALL_LOW_RSRP: UE(imsi)=129 bestRsrp=-138.861 < min=-120 (all cells below threshold) retryIn=2s
---- INIT_ATTACH t=16 UE(imsi)=130 ----
  INIT_ATTACH_FAIL_ALL_LOW_RSRP: UE(imsi)=130 bestRsrp=-136.395 < min=-120 (all cells below threshold) retryIn=2s
---- INIT_ATTACH t=16 UE(imsi)=131 ----
  INIT_ATTACH_FAIL_ALL_LOW_RSRP: UE(imsi)=131 bestRsrp=-136.48 < min=-120 (all cells below threshold) retryIn=2s
---- INIT_ATTACH t=16 UE(imsi)=132 ----
  INIT_ATTACH_FAIL_ALL_LOW_RSRP: UE(imsi)=132 bestRsrp=-140.551 < min=-120 (all cells below threshold) retryIn=2s
---- INIT_ATTACH t=16 UE(imsi)=134 ----
  candOK0 cell=9 rsrp=-97.4237 occ=10/10 -> SKIP_FULL
  INIT_ATTACH_FAIL_ALL_FULL: UE(imsi)=134 rsrpOk=1 (all RSRP>=min but full or invalid) retryIn=2s
---- INIT_ATTACH t=16 UE(imsi)=135 ----
  INIT_ATTACH_FAIL_ALL_LOW_RSRP: UE(imsi)=135 bestRsrp=-124.515 < min=-120 (all cells below threshold) retryIn=2s
---- INIT_ATTACH t=16 UE(imsi)=136 ----
  INIT_ATTACH_FAIL_ALL_LOW_RSRP: UE(imsi)=136 bestRsrp=-145.634 < min=-120 (all cells below threshold) retryIn=2s
---- INIT_ATTACH t=16 UE(imsi)=138 ----
  INIT_ATTACH_FAIL_ALL_LOW_RSRP: UE(imsi)=138 bestRsrp=-143.728 < min=-120 (all cells below threshold) retryIn=2s
---- INIT_ATTACH t=16 UE(imsi)=140 ----
  INIT_ATTACH_FAIL_ALL_LOW_RSRP: UE(imsi)=140 bestRsrp=-140.066 < min=-120 (all cells below threshold) retryIn=2s
---- INIT_ATTACH t=16 UE(imsi)=142 ----
  INIT_ATTACH_FAIL_ALL_LOW_RSRP: UE(imsi)=142 bestRsrp=-135.245 < min=-120 (all cells below threshold) retryIn=2s
---- INIT_ATTACH t=16 UE(imsi)=144 ----
  INIT_ATTACH_FAIL_ALL_LOW_RSRP: UE(imsi)=144 bestRsrp=-148.708 < min=-120 (all cells below threshold) retryIn=2s
---- INIT_ATTACH t=16 UE(imsi)=146 ----
  INIT_ATTACH_FAIL_ALL_LOW_RSRP: UE(imsi)=146 bestRsrp=-135.596 < min=-120 (all cells below threshold) retryIn=2s
---- INIT_ATTACH t=16 UE(imsi)=147 ----
  INIT_ATTACH_FAIL_ALL_LOW_RSRP: UE(imsi)=147 bestRsrp=-133.131 < min=-120 (all cells below threshold) retryIn=2s
---- INIT_ATTACH t=16 UE(imsi)=148 ----
  INIT_ATTACH_FAIL_ALL_LOW_RSRP: UE(imsi)=148 bestRsrp=-138.107 < min=-120 (all cells below threshold) retryIn=2s
---- INIT_ATTACH t=16 UE(imsi)=150 ----
  candOK0 cell=14 rsrp=-117.973 occ=10/10 -> SKIP_FULL
  INIT_ATTACH_FAIL_ALL_FULL: UE(imsi)=150 rsrpOk=1 (all RSRP>=min but full or invalid) retryIn=2s
---- INIT_ATTACH t=16 UE(imsi)=151 ----
  INIT_ATTACH_FAIL_ALL_LOW_RSRP: UE(imsi)=151 bestRsrp=-145.056 < min=-120 (all cells below threshold) retryIn=2s
---- INIT_ATTACH t=16 UE(imsi)=154 ----
  INIT_ATTACH_FAIL_ALL_LOW_RSRP: UE(imsi)=154 bestRsrp=-130.719 < min=-120 (all cells below threshold) retryIn=2s
---- INIT_ATTACH t=16 UE(imsi)=155 ----
  INIT_ATTACH_FAIL_ALL_LOW_RSRP: UE(imsi)=155 bestRsrp=-135.147 < min=-120 (all cells below threshold) retryIn=2s
---- INIT_ATTACH t=16 UE(imsi)=156 ----
  INIT_ATTACH_FAIL_ALL_LOW_RSRP: UE(imsi)=156 bestRsrp=-152.852 < min=-120 (all cells below threshold) retryIn=2s
---- INIT_ATTACH t=16 UE(imsi)=157 ----
  INIT_ATTACH_FAIL_ALL_LOW_RSRP: UE(imsi)=157 bestRsrp=-141.718 < min=-120 (all cells below threshold) retryIn=2s
---- INIT_ATTACH t=16 UE(imsi)=158 ----
  candOK0 cell=9 rsrp=-115.728 occ=10/10 -> SKIP_FULL
  INIT_ATTACH_FAIL_ALL_FULL: UE(imsi)=158 rsrpOk=1 (all RSRP>=min but full or invalid) retryIn=2s
---- INIT_ATTACH t=16 UE(imsi)=161 ----
  INIT_ATTACH_FAIL_ALL_LOW_RSRP: UE(imsi)=161 bestRsrp=-134.359 < min=-120 (all cells below threshold) retryIn=2s
---- INIT_ATTACH t=16 UE(imsi)=163 ----
  INIT_ATTACH_FAIL_ALL_LOW_RSRP: UE(imsi)=163 bestRsrp=-124.928 < min=-120 (all cells below threshold) retryIn=2s
---- INIT_ATTACH t=16 UE(imsi)=164 ----
  INIT_ATTACH_FAIL_ALL_LOW_RSRP: UE(imsi)=164 bestRsrp=-141.015 < min=-120 (all cells below threshold) retryIn=2s
---- INIT_ATTACH t=16 UE(imsi)=165 ----
  INIT_ATTACH_FAIL_ALL_LOW_RSRP: UE(imsi)=165 bestRsrp=-150.122 < min=-120 (all cells below threshold) retryIn=2s
---- INIT_ATTACH t=16 UE(imsi)=169 ----
  INIT_ATTACH_FAIL_ALL_LOW_RSRP: UE(imsi)=169 bestRsrp=-143.32 < min=-120 (all cells below threshold) retryIn=2s
---- INIT_ATTACH t=16 UE(imsi)=171 ----
  INIT_ATTACH_FAIL_ALL_LOW_RSRP: UE(imsi)=171 bestRsrp=-149.345 < min=-120 (all cells below threshold) retryIn=2s
---- INIT_ATTACH t=16 UE(imsi)=173 ----
  INIT_ATTACH_FAIL_ALL_LOW_RSRP: UE(imsi)=173 bestRsrp=-137.26 < min=-120 (all cells below threshold) retryIn=2s
---- INIT_ATTACH t=16 UE(imsi)=174 ----
  INIT_ATTACH_FAIL_ALL_LOW_RSRP: UE(imsi)=174 bestRsrp=-140.984 < min=-120 (all cells below threshold) retryIn=2s
---- INIT_ATTACH t=16 UE(imsi)=179 ----
  INIT_ATTACH_FAIL_ALL_LOW_RSRP: UE(imsi)=179 bestRsrp=-146.556 < min=-120 (all cells below threshold) retryIn=2s
---- INIT_ATTACH t=16 UE(imsi)=181 ----
  INIT_ATTACH_FAIL_ALL_LOW_RSRP: UE(imsi)=181 bestRsrp=-146.401 < min=-120 (all cells below threshold) retryIn=2s
---- INIT_ATTACH t=16 UE(imsi)=183 ----
  INIT_ATTACH_FAIL_ALL_LOW_RSRP: UE(imsi)=183 bestRsrp=-141.129 < min=-120 (all cells below threshold) retryIn=2s
---- INIT_ATTACH t=16 UE(imsi)=185 ----
  INIT_ATTACH_FAIL_ALL_LOW_RSRP: UE(imsi)=185 bestRsrp=-144.987 < min=-120 (all cells below threshold) retryIn=2s
---- INIT_ATTACH t=16 UE(imsi)=187 ----
  INIT_ATTACH_FAIL_ALL_LOW_RSRP: UE(imsi)=187 bestRsrp=-120.617 < min=-120 (all cells below threshold) retryIn=2s
---- INIT_ATTACH t=16 UE(imsi)=192 ----
  INIT_ATTACH_FAIL_ALL_LOW_RSRP: UE(imsi)=192 bestRsrp=-152.073 < min=-120 (all cells below threshold) retryIn=2s
---- INIT_ATTACH t=16 UE(imsi)=195 ----
  INIT_ATTACH_FAIL_ALL_LOW_RSRP: UE(imsi)=195 bestRsrp=-141.507 < min=-120 (all cells below threshold) retryIn=2s
---- INIT_ATTACH t=16 UE(imsi)=196 ----
  INIT_ATTACH_FAIL_ALL_LOW_RSRP: UE(imsi)=196 bestRsrp=-131.684 < min=-120 (all cells below threshold) retryIn=2s
---- INIT_ATTACH t=16 UE(imsi)=197 ----
  INIT_ATTACH_FAIL_ALL_LOW_RSRP: UE(imsi)=197 bestRsrp=-147.164 < min=-120 (all cells below threshold) retryIn=2s
---- INIT_ATTACH t=16 UE(imsi)=198 ----
  INIT_ATTACH_FAIL_ALL_LOW_RSRP: UE(imsi)=198 bestRsrp=-131.598 < min=-120 (all cells below threshold) retryIn=2s
---- INIT_ATTACH t=16 UE(imsi)=199 ----
  INIT_ATTACH_FAIL_ALL_LOW_RSRP: UE(imsi)=199 bestRsrp=-142.787 < min=-120 (all cells below threshold) retryIn=2s
---- INIT_ATTACH t=16 UE(imsi)=200 ----
  INIT_ATTACH_FAIL_ALL_LOW_RSRP: UE(imsi)=200 bestRsrp=-145.183 < min=-120 (all cells below threshold) retryIn=2s
---- INIT_ATTACH t=16 UE(imsi)=201 ----
  INIT_ATTACH_FAIL_ALL_LOW_RSRP: UE(imsi)=201 bestRsrp=-127.018 < min=-120 (all cells below threshold) retryIn=2s
---- INIT_ATTACH t=16 UE(imsi)=202 ----
  INIT_ATTACH_FAIL_ALL_LOW_RSRP: UE(imsi)=202 bestRsrp=-147.356 < min=-120 (all cells below threshold) retryIn=2s
---- INIT_ATTACH t=16 UE(imsi)=203 ----
  INIT_ATTACH_FAIL_ALL_LOW_RSRP: UE(imsi)=203 bestRsrp=-152.354 < min=-120 (all cells below threshold) retryIn=2s
---- INIT_ATTACH t=16 UE(imsi)=204 ----
  INIT_ATTACH_FAIL_ALL_LOW_RSRP: UE(imsi)=204 bestRsrp=-143.644 < min=-120 (all cells below threshold) retryIn=2s
---- INIT_ATTACH t=16 UE(imsi)=206 ----
  INIT_ATTACH_FAIL_ALL_LOW_RSRP: UE(imsi)=206 bestRsrp=-122.332 < min=-120 (all cells below threshold) retryIn=2s
---- INIT_ATTACH t=16 UE(imsi)=212 ----
  INIT_ATTACH_FAIL_ALL_LOW_RSRP: UE(imsi)=212 bestRsrp=-138.881 < min=-120 (all cells below threshold) retryIn=2s
---- INIT_ATTACH t=16 UE(imsi)=213 ----
  candOK0 cell=1 rsrp=-116.023 occ=8/20 -> OK
  SELECT cell=1 rsrp=-116.023 occ(afterReserve)=9/20
  INIT_ATTACH_OK: UE(imsi)=213 -> cell=1
---- INIT_ATTACH t=16 UE(imsi)=214 ----
  INIT_ATTACH_FAIL_ALL_LOW_RSRP: UE(imsi)=214 bestRsrp=-138.679 < min=-120 (all cells below threshold) retryIn=2s
---- INIT_ATTACH t=16 UE(imsi)=216 ----
  INIT_ATTACH_FAIL_ALL_LOW_RSRP: UE(imsi)=216 bestRsrp=-141.726 < min=-120 (all cells below threshold) retryIn=2s
---- INIT_ATTACH t=16 UE(imsi)=217 ----
  INIT_ATTACH_FAIL_ALL_LOW_RSRP: UE(imsi)=217 bestRsrp=-125.553 < min=-120 (all cells below threshold) retryIn=2s
---- INIT_ATTACH t=16 UE(imsi)=218 ----
  INIT_ATTACH_FAIL_ALL_LOW_RSRP: UE(imsi)=218 bestRsrp=-131.109 < min=-120 (all cells below threshold) retryIn=2s
---- INIT_ATTACH t=16 UE(imsi)=219 ----
  candOK0 cell=5 rsrp=-108.512 occ=7/20 -> OK
  SELECT cell=5 rsrp=-108.512 occ(afterReserve)=8/20
  INIT_ATTACH_OK: UE(imsi)=219 -> cell=5
---- INIT_ATTACH t=16 UE(imsi)=220 ----
  INIT_ATTACH_FAIL_ALL_LOW_RSRP: UE(imsi)=220 bestRsrp=-151.708 < min=-120 (all cells below threshold) retryIn=2s
---- INIT_ATTACH t=16 UE(imsi)=221 ----
  INIT_ATTACH_FAIL_ALL_LOW_RSRP: UE(imsi)=221 bestRsrp=-132.52 < min=-120 (all cells below threshold) retryIn=2s
---- INIT_ATTACH t=16 UE(imsi)=222 ----
  INIT_ATTACH_FAIL_ALL_LOW_RSRP: UE(imsi)=222 bestRsrp=-143.299 < min=-120 (all cells below threshold) retryIn=2s
---- INIT_ATTACH t=16 UE(imsi)=224 ----
  INIT_ATTACH_FAIL_ALL_LOW_RSRP: UE(imsi)=224 bestRsrp=-155.428 < min=-120 (all cells below threshold) retryIn=2s
---- INIT_ATTACH t=16 UE(imsi)=225 ----
  INIT_ATTACH_FAIL_ALL_LOW_RSRP: UE(imsi)=225 bestRsrp=-133.996 < min=-120 (all cells below threshold) retryIn=2s
---- INIT_ATTACH t=16 UE(imsi)=227 ----
  INIT_ATTACH_FAIL_ALL_LOW_RSRP: UE(imsi)=227 bestRsrp=-136.72 < min=-120 (all cells below threshold) retryIn=2s
---- INIT_ATTACH t=16 UE(imsi)=230 ----
  INIT_ATTACH_FAIL_ALL_LOW_RSRP: UE(imsi)=230 bestRsrp=-141.888 < min=-120 (all cells below threshold) retryIn=2s
---- INIT_ATTACH t=16 UE(imsi)=231 ----
  INIT_ATTACH_FAIL_ALL_LOW_RSRP: UE(imsi)=231 bestRsrp=-138.027 < min=-120 (all cells below threshold) retryIn=2s
---- INIT_ATTACH t=16 UE(imsi)=232 ----
  INIT_ATTACH_FAIL_ALL_LOW_RSRP: UE(imsi)=232 bestRsrp=-142.412 < min=-120 (all cells below threshold) retryIn=2s
---- INIT_ATTACH t=16 UE(imsi)=233 ----
  INIT_ATTACH_FAIL_ALL_LOW_RSRP: UE(imsi)=233 bestRsrp=-145.156 < min=-120 (all cells below threshold) retryIn=2s
---- INIT_ATTACH t=16 UE(imsi)=236 ----
  INIT_ATTACH_FAIL_ALL_LOW_RSRP: UE(imsi)=236 bestRsrp=-127.002 < min=-120 (all cells below threshold) retryIn=2s
---- INIT_ATTACH t=16 UE(imsi)=237 ----
  INIT_ATTACH_FAIL_ALL_LOW_RSRP: UE(imsi)=237 bestRsrp=-145.955 < min=-120 (all cells below threshold) retryIn=2s
---- INIT_ATTACH t=16 UE(imsi)=238 ----
  INIT_ATTACH_FAIL_ALL_LOW_RSRP: UE(imsi)=238 bestRsrp=-138.696 < min=-120 (all cells below threshold) retryIn=2s
---- INIT_ATTACH t=16 UE(imsi)=240 ----
  INIT_ATTACH_FAIL_ALL_LOW_RSRP: UE(imsi)=240 bestRsrp=-142.43 < min=-120 (all cells below threshold) retryIn=2s
---- LOAD at t=17.5 ----
  cell 1 (TN) load=9/20
  cell 2 (TN) load=9/20
  cell 3 (TN) load=7/20
  cell 4 (TN) load=3/20
  cell 5 (TN) load=8/20
  cell 6 (TN) load=6/20
  cell 7 (TN) load=8/20
  cell 8 (TN) load=10/20
  cell 9 (NTN) load=10/10
  cell 10 (NTN) load=10/10
  cell 11 (NTN) load=10/10
  cell 12 (NTN) load=10/10
  cell 13 (NTN) load=10/10
  cell 14 (NTN) load=10/10
UE 23 TTT_WAIT target=4 elapsed=0s need=2s
UE 31 TTT_WAIT target=8 elapsed=0s need=2s
LM HO UE=35 rnti=80 12->5 type=TN servingRsrp=-130.252 targetRsrp=-98.5698 targetLoadReal=8/20 targetLoadEff=8/20
UE 39 TTT_WAIT target=7 elapsed=0s need=2s
UE 46 TTT_WAIT target=3 elapsed=0s need=2s
UE 48 TTT_WAIT target=5 elapsed=0s need=2s
UE 52 TTT_WAIT target=3 elapsed=0s need=2s
UE 53 TTT_WAIT target=4 elapsed=0s need=2s
UE 54 TTT_WAIT target=3 elapsed=0s need=2s
UE 61 TTT_WAIT target=3 elapsed=0s need=2s
UE 63 TTT_WAIT target=6 elapsed=0s need=2s
UE 64 TTT_WAIT target=1 elapsed=0s need=2s
UE 70 TTT_WAIT target=8 elapsed=0s need=2s
UE 72 TTT_WAIT target=3 elapsed=0s need=2s
UE 76 TTT_WAIT target=1 elapsed=0s need=2s
UE 77 TTT_WAIT target=1 elapsed=0s need=2s
LM HO UE=80 rnti=55 13->6 type=TN servingRsrp=-123.269 targetRsrp=-66.889 targetLoadReal=6/20 targetLoadEff=6/20
UE 93 TTT_WAIT target=5 elapsed=0s need=2s
UE 94 TTT_WAIT target=7 elapsed=0s need=2s
UE 96 TTT_WAIT target=3 elapsed=0s need=2s
UE 99 TTT_WAIT target=3 elapsed=0s need=2s
UE 101 TTT_WAIT target=5 elapsed=0s need=2s
UE 105 TTT_WAIT target=3 elapsed=0s need=2s
UE 115 TTT_WAIT target=3 elapsed=0s need=2s
UE 125 TTT_WAIT target=4 elapsed=0s need=2s
UE 127 TTT_WAIT target=7 elapsed=0s need=2s
UE 128 TTT_WAIT target=5 elapsed=0s need=2s
LM HO UE=130 rnti=22 6->1 type=TN servingRsrp=-100.914 targetRsrp=-76.1334 targetLoadReal=9/20 targetLoadEff=9/20
LM HO UE=131 rnti=22 3->8 type=TN servingRsrp=-100.432 targetRsrp=-95.8497 targetLoadReal=10/20 targetLoadEff=10/20
LM HO UE=135 rnti=63 9->7 type=TN servingRsrp=-121.95 targetRsrp=-86.9457 targetLoadReal=8/20 targetLoadEff=8/20
UE 144 TTT_WAIT target=3 elapsed=0s need=2s
UE 146 TTT_WAIT target=7 elapsed=0s need=2s
UE 148 TTT_WAIT target=5 elapsed=0s need=2s
UE 149 TTT_WAIT target=8 elapsed=0s need=2s
UE 150 TTT_WAIT target=1 elapsed=0s need=2s
UE 158 TTT_WAIT target=1 elapsed=0s need=2s
UE 174 TTT_WAIT target=8 elapsed=0s need=2s
UE 175 TTT_WAIT target=5 elapsed=0s need=2s
UE 179 TTT_WAIT target=1 elapsed=0s need=2s
UE 185 TTT_WAIT target=1 elapsed=0s need=2s
UE 187 TTT_WAIT target=7 elapsed=0s need=2s
UE 188 TTT_WAIT target=7 elapsed=0s need=2s
UE 193 TTT_WAIT target=3 elapsed=0s need=2s
UE 194 TTT_WAIT target=7 elapsed=0s need=2s
UE 196 TTT_WAIT target=6 elapsed=0s need=2s
UE 200 TTT_WAIT target=7 elapsed=0s need=2s
UE 204 TTT_WAIT target=5 elapsed=0s need=2s
UE 210 TTT_WAIT target=1 elapsed=0s need=2s
UE 212 TTT_WAIT target=6 elapsed=0s need=2s
UE 215 TTT_WAIT target=6 elapsed=0s need=2s
UE 217 TTT_WAIT target=3 elapsed=0s need=2s
UE 219 TTT_WAIT target=6 elapsed=0s need=2s
LM HO UE=224 rnti=24 3->2 type=TN servingRsrp=-117.605 targetRsrp=-115.517 targetLoadReal=9/20 targetLoadEff=9/20
UE 229 TTT_WAIT target=5 elapsed=0s need=2s
UE 230 TTT_WAIT target=4 elapsed=0s need=2s
UE 231 TTT_WAIT target=2 elapsed=0s need=2s
UE 239 TTT_WAIT target=4 elapsed=0s need=2s
UE 240 TTT_WAIT target=4 elapsed=0s need=2s
UE 241 TTT_WAIT target=3 elapsed=0s need=2s
UE 242 TTT_WAIT target=8 elapsed=0s need=2s
LM HO UE=243 rnti=39 5->8 type=TN servingRsrp=-110.26 targetRsrp=-88.3383 targetLoadReal=10/20 targetLoadEff=11/20
UE 244 TTT_WAIT target=3 elapsed=0s need=2s
---- INIT_ATTACH t=18 UE(imsi)=16 ----
  INIT_ATTACH_FAIL_ALL_LOW_RSRP: UE(imsi)=16 bestRsrp=-130.916 < min=-120 (all cells below threshold) retryIn=2s
---- INIT_ATTACH t=18 UE(imsi)=20 ----
  INIT_ATTACH_FAIL_ALL_LOW_RSRP: UE(imsi)=20 bestRsrp=-151.54 < min=-120 (all cells below threshold) retryIn=2s
---- INIT_ATTACH t=18 UE(imsi)=23 ----
  INIT_ATTACH_FAIL_ALL_LOW_RSRP: UE(imsi)=23 bestRsrp=-143.621 < min=-120 (all cells below threshold) retryIn=2s
---- INIT_ATTACH t=18 UE(imsi)=25 ----
  INIT_ATTACH_FAIL_ALL_LOW_RSRP: UE(imsi)=25 bestRsrp=-137.643 < min=-120 (all cells below threshold) retryIn=2s
---- INIT_ATTACH t=18 UE(imsi)=26 ----
  INIT_ATTACH_FAIL_ALL_LOW_RSRP: UE(imsi)=26 bestRsrp=-146.204 < min=-120 (all cells below threshold) retryIn=2s
---- INIT_ATTACH t=18 UE(imsi)=29 ----
  INIT_ATTACH_FAIL_ALL_LOW_RSRP: UE(imsi)=29 bestRsrp=-153.96 < min=-120 (all cells below threshold) retryIn=2s
---- INIT_ATTACH t=18 UE(imsi)=31 ----
  candOK0 cell=14 rsrp=-111.574 occ=10/10 -> SKIP_FULL
  INIT_ATTACH_FAIL_ALL_FULL: UE(imsi)=31 rsrpOk=1 (all RSRP>=min but full or invalid) retryIn=2s
---- INIT_ATTACH t=18 UE(imsi)=35 ----
  INIT_ATTACH_FAIL_ALL_LOW_RSRP: UE(imsi)=35 bestRsrp=-133.463 < min=-120 (all cells below threshold) retryIn=2s
---- INIT_ATTACH t=18 UE(imsi)=36 ----
  INIT_ATTACH_FAIL_ALL_LOW_RSRP: UE(imsi)=36 bestRsrp=-138.287 < min=-120 (all cells below threshold) retryIn=2s
---- INIT_ATTACH t=18 UE(imsi)=38 ----
  INIT_ATTACH_FAIL_ALL_LOW_RSRP: UE(imsi)=38 bestRsrp=-148.446 < min=-120 (all cells below threshold) retryIn=2s
---- INIT_ATTACH t=18 UE(imsi)=44 ----
  INIT_ATTACH_FAIL_ALL_LOW_RSRP: UE(imsi)=44 bestRsrp=-135.154 < min=-120 (all cells below threshold) retryIn=2s
---- INIT_ATTACH t=18 UE(imsi)=45 ----
  INIT_ATTACH_FAIL_ALL_LOW_RSRP: UE(imsi)=45 bestRsrp=-128.743 < min=-120 (all cells below threshold) retryIn=2s
---- INIT_ATTACH t=18 UE(imsi)=46 ----
  candOK0 cell=13 rsrp=-105.279 occ=9/10 -> OK
  SELECT cell=13 rsrp=-105.279 occ(afterReserve)=10/10
  INIT_ATTACH_OK: UE(imsi)=46 -> cell=13
---- INIT_ATTACH t=18 UE(imsi)=47 ----
  INIT_ATTACH_FAIL_ALL_LOW_RSRP: UE(imsi)=47 bestRsrp=-135.122 < min=-120 (all cells below threshold) retryIn=2s
---- INIT_ATTACH t=18 UE(imsi)=48 ----
  INIT_ATTACH_FAIL_ALL_LOW_RSRP: UE(imsi)=48 bestRsrp=-138.588 < min=-120 (all cells below threshold) retryIn=2s
---- INIT_ATTACH t=18 UE(imsi)=50 ----
  INIT_ATTACH_FAIL_ALL_LOW_RSRP: UE(imsi)=50 bestRsrp=-127.116 < min=-120 (all cells below threshold) retryIn=2s
---- INIT_ATTACH t=18 UE(imsi)=53 ----
  INIT_ATTACH_FAIL_ALL_LOW_RSRP: UE(imsi)=53 bestRsrp=-140.175 < min=-120 (all cells below threshold) retryIn=2s
---- INIT_ATTACH t=18 UE(imsi)=54 ----
  INIT_ATTACH_FAIL_ALL_LOW_RSRP: UE(imsi)=54 bestRsrp=-145.64 < min=-120 (all cells below threshold) retryIn=2s
---- INIT_ATTACH t=18 UE(imsi)=55 ----
  INIT_ATTACH_FAIL_ALL_LOW_RSRP: UE(imsi)=55 bestRsrp=-155.447 < min=-120 (all cells below threshold) retryIn=2s
---- INIT_ATTACH t=18 UE(imsi)=57 ----
  INIT_ATTACH_FAIL_ALL_LOW_RSRP: UE(imsi)=57 bestRsrp=-129.537 < min=-120 (all cells below threshold) retryIn=2s
---- INIT_ATTACH t=18 UE(imsi)=61 ----
  INIT_ATTACH_FAIL_ALL_LOW_RSRP: UE(imsi)=61 bestRsrp=-123.197 < min=-120 (all cells below threshold) retryIn=2s
---- INIT_ATTACH t=18 UE(imsi)=62 ----
  INIT_ATTACH_FAIL_ALL_LOW_RSRP: UE(imsi)=62 bestRsrp=-133.788 < min=-120 (all cells below threshold) retryIn=2s
---- INIT_ATTACH t=18 UE(imsi)=66 ----
  candOK0 cell=4 rsrp=-105.665 occ=3/20 -> OK
  SELECT cell=4 rsrp=-105.665 occ(afterReserve)=4/20
  INIT_ATTACH_OK: UE(imsi)=66 -> cell=4
---- INIT_ATTACH t=18 UE(imsi)=67 ----
  INIT_ATTACH_FAIL_ALL_LOW_RSRP: UE(imsi)=67 bestRsrp=-138.552 < min=-120 (all cells below threshold) retryIn=2s
---- INIT_ATTACH t=18 UE(imsi)=68 ----
  INIT_ATTACH_FAIL_ALL_LOW_RSRP: UE(imsi)=68 bestRsrp=-138.76 < min=-120 (all cells below threshold) retryIn=2s
---- INIT_ATTACH t=18 UE(imsi)=70 ----
  INIT_ATTACH_FAIL_ALL_LOW_RSRP: UE(imsi)=70 bestRsrp=-129.632 < min=-120 (all cells below threshold) retryIn=2s
---- INIT_ATTACH t=18 UE(imsi)=73 ----
  INIT_ATTACH_FAIL_ALL_LOW_RSRP: UE(imsi)=73 bestRsrp=-145.164 < min=-120 (all cells below threshold) retryIn=2s
---- INIT_ATTACH t=18 UE(imsi)=74 ----
  INIT_ATTACH_FAIL_ALL_LOW_RSRP: UE(imsi)=74 bestRsrp=-142.658 < min=-120 (all cells below threshold) retryIn=2s
---- INIT_ATTACH t=18 UE(imsi)=76 ----
  INIT_ATTACH_FAIL_ALL_LOW_RSRP: UE(imsi)=76 bestRsrp=-132.69 < min=-120 (all cells below threshold) retryIn=2s
---- INIT_ATTACH t=18 UE(imsi)=81 ----
  INIT_ATTACH_FAIL_ALL_LOW_RSRP: UE(imsi)=81 bestRsrp=-138.546 < min=-120 (all cells below threshold) retryIn=2s
---- INIT_ATTACH t=18 UE(imsi)=85 ----
  INIT_ATTACH_FAIL_ALL_LOW_RSRP: UE(imsi)=85 bestRsrp=-146.741 < min=-120 (all cells below threshold) retryIn=2s
---- INIT_ATTACH t=18 UE(imsi)=86 ----
  INIT_ATTACH_FAIL_ALL_LOW_RSRP: UE(imsi)=86 bestRsrp=-128.428 < min=-120 (all cells below threshold) retryIn=2s
---- INIT_ATTACH t=18 UE(imsi)=87 ----
  INIT_ATTACH_FAIL_ALL_LOW_RSRP: UE(imsi)=87 bestRsrp=-138.597 < min=-120 (all cells below threshold) retryIn=2s
---- INIT_ATTACH t=18 UE(imsi)=92 ----
  INIT_ATTACH_FAIL_ALL_LOW_RSRP: UE(imsi)=92 bestRsrp=-135.465 < min=-120 (all cells below threshold) retryIn=2s
---- INIT_ATTACH t=18 UE(imsi)=95 ----
  candOK0 cell=12 rsrp=-114.68 occ=9/10 -> OK
  SELECT cell=12 rsrp=-114.68 occ(afterReserve)=10/10
  INIT_ATTACH_OK: UE(imsi)=95 -> cell=12
---- INIT_ATTACH t=18 UE(imsi)=97 ----
  INIT_ATTACH_FAIL_ALL_LOW_RSRP: UE(imsi)=97 bestRsrp=-146.322 < min=-120 (all cells below threshold) retryIn=2s
---- INIT_ATTACH t=18 UE(imsi)=98 ----
  INIT_ATTACH_FAIL_ALL_LOW_RSRP: UE(imsi)=98 bestRsrp=-130.87 < min=-120 (all cells below threshold) retryIn=2s
---- INIT_ATTACH t=18 UE(imsi)=102 ----
  INIT_ATTACH_FAIL_ALL_LOW_RSRP: UE(imsi)=102 bestRsrp=-123.947 < min=-120 (all cells below threshold) retryIn=2s
---- INIT_ATTACH t=18 UE(imsi)=106 ----
  INIT_ATTACH_FAIL_ALL_LOW_RSRP: UE(imsi)=106 bestRsrp=-125.317 < min=-120 (all cells below threshold) retryIn=2s
---- INIT_ATTACH t=18 UE(imsi)=109 ----
  INIT_ATTACH_FAIL_ALL_LOW_RSRP: UE(imsi)=109 bestRsrp=-132.87 < min=-120 (all cells below threshold) retryIn=2s
---- INIT_ATTACH t=18 UE(imsi)=112 ----
  INIT_ATTACH_FAIL_ALL_LOW_RSRP: UE(imsi)=112 bestRsrp=-122.956 < min=-120 (all cells below threshold) retryIn=2s
---- INIT_ATTACH t=18 UE(imsi)=116 ----
  INIT_ATTACH_FAIL_ALL_LOW_RSRP: UE(imsi)=116 bestRsrp=-149.954 < min=-120 (all cells below threshold) retryIn=2s
---- INIT_ATTACH t=18 UE(imsi)=119 ----
  INIT_ATTACH_FAIL_ALL_LOW_RSRP: UE(imsi)=119 bestRsrp=-142.51 < min=-120 (all cells below threshold) retryIn=2s
---- INIT_ATTACH t=18 UE(imsi)=120 ----
  INIT_ATTACH_FAIL_ALL_LOW_RSRP: UE(imsi)=120 bestRsrp=-140.816 < min=-120 (all cells below threshold) retryIn=2s
---- INIT_ATTACH t=18 UE(imsi)=122 ----
  INIT_ATTACH_FAIL_ALL_LOW_RSRP: UE(imsi)=122 bestRsrp=-143.418 < min=-120 (all cells below threshold) retryIn=2s
---- INIT_ATTACH t=18 UE(imsi)=129 ----
  INIT_ATTACH_FAIL_ALL_LOW_RSRP: UE(imsi)=129 bestRsrp=-139.614 < min=-120 (all cells below threshold) retryIn=2s
---- INIT_ATTACH t=18 UE(imsi)=130 ----
  INIT_ATTACH_FAIL_ALL_LOW_RSRP: UE(imsi)=130 bestRsrp=-137.163 < min=-120 (all cells below threshold) retryIn=2s
---- INIT_ATTACH t=18 UE(imsi)=131 ----
  INIT_ATTACH_FAIL_ALL_LOW_RSRP: UE(imsi)=131 bestRsrp=-137.112 < min=-120 (all cells below threshold) retryIn=2s
---- INIT_ATTACH t=18 UE(imsi)=132 ----
  INIT_ATTACH_FAIL_ALL_LOW_RSRP: UE(imsi)=132 bestRsrp=-140.976 < min=-120 (all cells below threshold) retryIn=2s
---- INIT_ATTACH t=18 UE(imsi)=134 ----
  INIT_ATTACH_FAIL_ALL_LOW_RSRP: UE(imsi)=134 bestRsrp=-127.311 < min=-120 (all cells below threshold) retryIn=2s
---- INIT_ATTACH t=18 UE(imsi)=135 ----
  INIT_ATTACH_FAIL_ALL_LOW_RSRP: UE(imsi)=135 bestRsrp=-132.623 < min=-120 (all cells below threshold) retryIn=2s
---- INIT_ATTACH t=18 UE(imsi)=136 ----
  INIT_ATTACH_FAIL_ALL_LOW_RSRP: UE(imsi)=136 bestRsrp=-143.566 < min=-120 (all cells below threshold) retryIn=2s
---- INIT_ATTACH t=18 UE(imsi)=138 ----
  INIT_ATTACH_FAIL_ALL_LOW_RSRP: UE(imsi)=138 bestRsrp=-144.535 < min=-120 (all cells below threshold) retryIn=2s
---- INIT_ATTACH t=18 UE(imsi)=140 ----
  INIT_ATTACH_FAIL_ALL_LOW_RSRP: UE(imsi)=140 bestRsrp=-140.972 < min=-120 (all cells below threshold) retryIn=2s
---- INIT_ATTACH t=18 UE(imsi)=142 ----
  INIT_ATTACH_FAIL_ALL_LOW_RSRP: UE(imsi)=142 bestRsrp=-137.795 < min=-120 (all cells below threshold) retryIn=2s
---- INIT_ATTACH t=18 UE(imsi)=144 ----
  INIT_ATTACH_FAIL_ALL_LOW_RSRP: UE(imsi)=144 bestRsrp=-151.467 < min=-120 (all cells below threshold) retryIn=2s
---- INIT_ATTACH t=18 UE(imsi)=146 ----
  INIT_ATTACH_FAIL_ALL_LOW_RSRP: UE(imsi)=146 bestRsrp=-135.733 < min=-120 (all cells below threshold) retryIn=2s
---- INIT_ATTACH t=18 UE(imsi)=147 ----
  INIT_ATTACH_FAIL_ALL_LOW_RSRP: UE(imsi)=147 bestRsrp=-133.562 < min=-120 (all cells below threshold) retryIn=2s
---- INIT_ATTACH t=18 UE(imsi)=148 ----
  INIT_ATTACH_FAIL_ALL_LOW_RSRP: UE(imsi)=148 bestRsrp=-137.817 < min=-120 (all cells below threshold) retryIn=2s
---- INIT_ATTACH t=18 UE(imsi)=150 ----
  INIT_ATTACH_FAIL_ALL_LOW_RSRP: UE(imsi)=150 bestRsrp=-147.25 < min=-120 (all cells below threshold) retryIn=2s
---- INIT_ATTACH t=18 UE(imsi)=151 ----
  INIT_ATTACH_FAIL_ALL_LOW_RSRP: UE(imsi)=151 bestRsrp=-148.426 < min=-120 (all cells below threshold) retryIn=2s
---- INIT_ATTACH t=18 UE(imsi)=154 ----
  INIT_ATTACH_FAIL_ALL_LOW_RSRP: UE(imsi)=154 bestRsrp=-129.592 < min=-120 (all cells below threshold) retryIn=2s
---- INIT_ATTACH t=18 UE(imsi)=155 ----
  INIT_ATTACH_FAIL_ALL_LOW_RSRP: UE(imsi)=155 bestRsrp=-137.028 < min=-120 (all cells below threshold) retryIn=2s
---- INIT_ATTACH t=18 UE(imsi)=156 ----
  candOK0 cell=11 rsrp=-116.193 occ=10/10 -> SKIP_FULL
  INIT_ATTACH_FAIL_ALL_FULL: UE(imsi)=156 rsrpOk=1 (all RSRP>=min but full or invalid) retryIn=2s
---- INIT_ATTACH t=18 UE(imsi)=157 ----
  INIT_ATTACH_FAIL_ALL_LOW_RSRP: UE(imsi)=157 bestRsrp=-138.734 < min=-120 (all cells below threshold) retryIn=2s
---- INIT_ATTACH t=18 UE(imsi)=158 ----
  INIT_ATTACH_FAIL_ALL_LOW_RSRP: UE(imsi)=158 bestRsrp=-127.498 < min=-120 (all cells below threshold) retryIn=2s
---- INIT_ATTACH t=18 UE(imsi)=161 ----
  INIT_ATTACH_FAIL_ALL_LOW_RSRP: UE(imsi)=161 bestRsrp=-142.724 < min=-120 (all cells below threshold) retryIn=2s
---- INIT_ATTACH t=18 UE(imsi)=163 ----
  INIT_ATTACH_FAIL_ALL_LOW_RSRP: UE(imsi)=163 bestRsrp=-131.018 < min=-120 (all cells below threshold) retryIn=2s
---- INIT_ATTACH t=18 UE(imsi)=164 ----
  INIT_ATTACH_FAIL_ALL_LOW_RSRP: UE(imsi)=164 bestRsrp=-140.26 < min=-120 (all cells below threshold) retryIn=2s
---- INIT_ATTACH t=18 UE(imsi)=165 ----
  INIT_ATTACH_FAIL_ALL_LOW_RSRP: UE(imsi)=165 bestRsrp=-148.352 < min=-120 (all cells below threshold) retryIn=2s
---- INIT_ATTACH t=18 UE(imsi)=169 ----
  INIT_ATTACH_FAIL_ALL_LOW_RSRP: UE(imsi)=169 bestRsrp=-132.567 < min=-120 (all cells below threshold) retryIn=2s
---- INIT_ATTACH t=18 UE(imsi)=171 ----
  INIT_ATTACH_FAIL_ALL_LOW_RSRP: UE(imsi)=171 bestRsrp=-148.53 < min=-120 (all cells below threshold) retryIn=2s
---- INIT_ATTACH t=18 UE(imsi)=173 ----
  INIT_ATTACH_FAIL_ALL_LOW_RSRP: UE(imsi)=173 bestRsrp=-137.873 < min=-120 (all cells below threshold) retryIn=2s
---- INIT_ATTACH t=18 UE(imsi)=174 ----
  INIT_ATTACH_FAIL_ALL_LOW_RSRP: UE(imsi)=174 bestRsrp=-140.101 < min=-120 (all cells below threshold) retryIn=2s
---- INIT_ATTACH t=18 UE(imsi)=179 ----
  INIT_ATTACH_FAIL_ALL_LOW_RSRP: UE(imsi)=179 bestRsrp=-147.945 < min=-120 (all cells below threshold) retryIn=2s
---- INIT_ATTACH t=18 UE(imsi)=181 ----
  INIT_ATTACH_FAIL_ALL_LOW_RSRP: UE(imsi)=181 bestRsrp=-146.904 < min=-120 (all cells below threshold) retryIn=2s
---- INIT_ATTACH t=18 UE(imsi)=183 ----
  INIT_ATTACH_FAIL_ALL_LOW_RSRP: UE(imsi)=183 bestRsrp=-143.257 < min=-120 (all cells below threshold) retryIn=2s
---- INIT_ATTACH t=18 UE(imsi)=185 ----
  INIT_ATTACH_FAIL_ALL_LOW_RSRP: UE(imsi)=185 bestRsrp=-145.492 < min=-120 (all cells below threshold) retryIn=2s
---- INIT_ATTACH t=18 UE(imsi)=187 ----
  INIT_ATTACH_FAIL_ALL_LOW_RSRP: UE(imsi)=187 bestRsrp=-134.248 < min=-120 (all cells below threshold) retryIn=2s
---- INIT_ATTACH t=18 UE(imsi)=192 ----
  INIT_ATTACH_FAIL_ALL_LOW_RSRP: UE(imsi)=192 bestRsrp=-152.417 < min=-120 (all cells below threshold) retryIn=2s
---- INIT_ATTACH t=18 UE(imsi)=195 ----
  INIT_ATTACH_FAIL_ALL_LOW_RSRP: UE(imsi)=195 bestRsrp=-141.09 < min=-120 (all cells below threshold) retryIn=2s
---- INIT_ATTACH t=18 UE(imsi)=196 ----
  INIT_ATTACH_FAIL_ALL_LOW_RSRP: UE(imsi)=196 bestRsrp=-131.259 < min=-120 (all cells below threshold) retryIn=2s
---- INIT_ATTACH t=18 UE(imsi)=197 ----
  INIT_ATTACH_FAIL_ALL_LOW_RSRP: UE(imsi)=197 bestRsrp=-146.8 < min=-120 (all cells below threshold) retryIn=2s
---- INIT_ATTACH t=18 UE(imsi)=198 ----
  INIT_ATTACH_FAIL_ALL_LOW_RSRP: UE(imsi)=198 bestRsrp=-132.419 < min=-120 (all cells below threshold) retryIn=2s
---- INIT_ATTACH t=18 UE(imsi)=199 ----
  INIT_ATTACH_FAIL_ALL_LOW_RSRP: UE(imsi)=199 bestRsrp=-143.796 < min=-120 (all cells below threshold) retryIn=2s
---- INIT_ATTACH t=18 UE(imsi)=200 ----
  INIT_ATTACH_FAIL_ALL_LOW_RSRP: UE(imsi)=200 bestRsrp=-145.89 < min=-120 (all cells below threshold) retryIn=2s
---- INIT_ATTACH t=18 UE(imsi)=201 ----
  INIT_ATTACH_FAIL_ALL_LOW_RSRP: UE(imsi)=201 bestRsrp=-128.873 < min=-120 (all cells below threshold) retryIn=2s
---- INIT_ATTACH t=18 UE(imsi)=202 ----
  INIT_ATTACH_FAIL_ALL_LOW_RSRP: UE(imsi)=202 bestRsrp=-148.827 < min=-120 (all cells below threshold) retryIn=2s
---- INIT_ATTACH t=18 UE(imsi)=203 ----
  INIT_ATTACH_FAIL_ALL_LOW_RSRP: UE(imsi)=203 bestRsrp=-153.516 < min=-120 (all cells below threshold) retryIn=2s
---- INIT_ATTACH t=18 UE(imsi)=204 ----
  INIT_ATTACH_FAIL_ALL_LOW_RSRP: UE(imsi)=204 bestRsrp=-141.329 < min=-120 (all cells below threshold) retryIn=2s
---- INIT_ATTACH t=18 UE(imsi)=206 ----
  candOK0 cell=3 rsrp=-117.686 occ=5/20 -> OK
  SELECT cell=3 rsrp=-117.686 occ(afterReserve)=6/20
  INIT_ATTACH_OK: UE(imsi)=206 -> cell=3
---- INIT_ATTACH t=18 UE(imsi)=212 ----
  INIT_ATTACH_FAIL_ALL_LOW_RSRP: UE(imsi)=212 bestRsrp=-137.03 < min=-120 (all cells below threshold) retryIn=2s
---- INIT_ATTACH t=18 UE(imsi)=214 ----
  INIT_ATTACH_FAIL_ALL_LOW_RSRP: UE(imsi)=214 bestRsrp=-142.662 < min=-120 (all cells below threshold) retryIn=2s
---- INIT_ATTACH t=18 UE(imsi)=216 ----
  INIT_ATTACH_FAIL_ALL_LOW_RSRP: UE(imsi)=216 bestRsrp=-141.901 < min=-120 (all cells below threshold) retryIn=2s
---- INIT_ATTACH t=18 UE(imsi)=217 ----
  INIT_ATTACH_FAIL_ALL_LOW_RSRP: UE(imsi)=217 bestRsrp=-124.717 < min=-120 (all cells below threshold) retryIn=2s
---- INIT_ATTACH t=18 UE(imsi)=218 ----
  INIT_ATTACH_FAIL_ALL_LOW_RSRP: UE(imsi)=218 bestRsrp=-130.796 < min=-120 (all cells below threshold) retryIn=2s
---- INIT_ATTACH t=18 UE(imsi)=220 ----
  INIT_ATTACH_FAIL_ALL_LOW_RSRP: UE(imsi)=220 bestRsrp=-151.368 < min=-120 (all cells below threshold) retryIn=2s
---- INIT_ATTACH t=18 UE(imsi)=221 ----
  INIT_ATTACH_FAIL_ALL_LOW_RSRP: UE(imsi)=221 bestRsrp=-134.513 < min=-120 (all cells below threshold) retryIn=2s
---- INIT_ATTACH t=18 UE(imsi)=222 ----
  INIT_ATTACH_FAIL_ALL_LOW_RSRP: UE(imsi)=222 bestRsrp=-140.676 < min=-120 (all cells below threshold) retryIn=2s
---- INIT_ATTACH t=18 UE(imsi)=224 ----
  INIT_ATTACH_FAIL_ALL_LOW_RSRP: UE(imsi)=224 bestRsrp=-156.37 < min=-120 (all cells below threshold) retryIn=2s
---- INIT_ATTACH t=18 UE(imsi)=225 ----
  INIT_ATTACH_FAIL_ALL_LOW_RSRP: UE(imsi)=225 bestRsrp=-135.376 < min=-120 (all cells below threshold) retryIn=2s
---- INIT_ATTACH t=18 UE(imsi)=227 ----
  INIT_ATTACH_FAIL_ALL_LOW_RSRP: UE(imsi)=227 bestRsrp=-135.783 < min=-120 (all cells below threshold) retryIn=2s
---- INIT_ATTACH t=18 UE(imsi)=230 ----
  INIT_ATTACH_FAIL_ALL_LOW_RSRP: UE(imsi)=230 bestRsrp=-143.951 < min=-120 (all cells below threshold) retryIn=2s
---- INIT_ATTACH t=18 UE(imsi)=231 ----
  INIT_ATTACH_FAIL_ALL_LOW_RSRP: UE(imsi)=231 bestRsrp=-138.997 < min=-120 (all cells below threshold) retryIn=2s
---- INIT_ATTACH t=18 UE(imsi)=232 ----
  INIT_ATTACH_FAIL_ALL_LOW_RSRP: UE(imsi)=232 bestRsrp=-142.28 < min=-120 (all cells below threshold) retryIn=2s
---- INIT_ATTACH t=18 UE(imsi)=233 ----
  INIT_ATTACH_FAIL_ALL_LOW_RSRP: UE(imsi)=233 bestRsrp=-129.857 < min=-120 (all cells below threshold) retryIn=2s
---- INIT_ATTACH t=18 UE(imsi)=236 ----
  INIT_ATTACH_FAIL_ALL_LOW_RSRP: UE(imsi)=236 bestRsrp=-124.688 < min=-120 (all cells below threshold) retryIn=2s
---- INIT_ATTACH t=18 UE(imsi)=237 ----
  INIT_ATTACH_FAIL_ALL_LOW_RSRP: UE(imsi)=237 bestRsrp=-145.905 < min=-120 (all cells below threshold) retryIn=2s
---- INIT_ATTACH t=18 UE(imsi)=238 ----
  INIT_ATTACH_FAIL_ALL_LOW_RSRP: UE(imsi)=238 bestRsrp=-139.606 < min=-120 (all cells below threshold) retryIn=2s
---- INIT_ATTACH t=18 UE(imsi)=240 ----
  INIT_ATTACH_FAIL_ALL_LOW_RSRP: UE(imsi)=240 bestRsrp=-143.255 < min=-120 (all cells below threshold) retryIn=2s
---- INIT_ATTACH t=20 UE(imsi)=16 ----
  INIT_ATTACH_FAIL_ALL_LOW_RSRP: UE(imsi)=16 bestRsrp=-130.367 < min=-120 (all cells below threshold) retryIn=2s
---- INIT_ATTACH t=20 UE(imsi)=20 ----
  INIT_ATTACH_FAIL_ALL_LOW_RSRP: UE(imsi)=20 bestRsrp=-150.813 < min=-120 (all cells below threshold) retryIn=2s
---- INIT_ATTACH t=20 UE(imsi)=23 ----
  INIT_ATTACH_FAIL_ALL_LOW_RSRP: UE(imsi)=23 bestRsrp=-142.333 < min=-120 (all cells below threshold) retryIn=2s
---- INIT_ATTACH t=20 UE(imsi)=25 ----
  INIT_ATTACH_FAIL_ALL_LOW_RSRP: UE(imsi)=25 bestRsrp=-134.683 < min=-120 (all cells below threshold) retryIn=2s
---- INIT_ATTACH t=20 UE(imsi)=26 ----
  INIT_ATTACH_FAIL_ALL_LOW_RSRP: UE(imsi)=26 bestRsrp=-145.071 < min=-120 (all cells below threshold) retryIn=2s
---- INIT_ATTACH t=20 UE(imsi)=29 ----
  INIT_ATTACH_FAIL_ALL_LOW_RSRP: UE(imsi)=29 bestRsrp=-151.352 < min=-120 (all cells below threshold) retryIn=2s
---- INIT_ATTACH t=20 UE(imsi)=31 ----
  INIT_ATTACH_FAIL_ALL_LOW_RSRP: UE(imsi)=31 bestRsrp=-129.048 < min=-120 (all cells below threshold) retryIn=2s
---- INIT_ATTACH t=20 UE(imsi)=35 ----
  INIT_ATTACH_FAIL_ALL_LOW_RSRP: UE(imsi)=35 bestRsrp=-132.389 < min=-120 (all cells below threshold) retryIn=2s
---- INIT_ATTACH t=20 UE(imsi)=36 ----
  INIT_ATTACH_FAIL_ALL_LOW_RSRP: UE(imsi)=36 bestRsrp=-139.278 < min=-120 (all cells below threshold) retryIn=2s
---- INIT_ATTACH t=20 UE(imsi)=38 ----
  INIT_ATTACH_FAIL_ALL_LOW_RSRP: UE(imsi)=38 bestRsrp=-149.284 < min=-120 (all cells below threshold) retryIn=2s
---- INIT_ATTACH t=20 UE(imsi)=44 ----
  INIT_ATTACH_FAIL_ALL_LOW_RSRP: UE(imsi)=44 bestRsrp=-138.367 < min=-120 (all cells below threshold) retryIn=2s
---- INIT_ATTACH t=20 UE(imsi)=45 ----
  INIT_ATTACH_FAIL_ALL_LOW_RSRP: UE(imsi)=45 bestRsrp=-131.514 < min=-120 (all cells below threshold) retryIn=2s
---- INIT_ATTACH t=20 UE(imsi)=47 ----
  INIT_ATTACH_FAIL_ALL_LOW_RSRP: UE(imsi)=47 bestRsrp=-135.835 < min=-120 (all cells below threshold) retryIn=2s
---- INIT_ATTACH t=20 UE(imsi)=48 ----
  INIT_ATTACH_FAIL_ALL_LOW_RSRP: UE(imsi)=48 bestRsrp=-134.634 < min=-120 (all cells below threshold) retryIn=2s
---- INIT_ATTACH t=20 UE(imsi)=50 ----
  INIT_ATTACH_FAIL_ALL_LOW_RSRP: UE(imsi)=50 bestRsrp=-127.633 < min=-120 (all cells below threshold) retryIn=2s
---- INIT_ATTACH t=20 UE(imsi)=53 ----
  INIT_ATTACH_FAIL_ALL_LOW_RSRP: UE(imsi)=53 bestRsrp=-139.803 < min=-120 (all cells below threshold) retryIn=2s
---- INIT_ATTACH t=20 UE(imsi)=54 ----
  INIT_ATTACH_FAIL_ALL_LOW_RSRP: UE(imsi)=54 bestRsrp=-140.423 < min=-120 (all cells below threshold) retryIn=2s
---- INIT_ATTACH t=20 UE(imsi)=55 ----
  INIT_ATTACH_FAIL_ALL_LOW_RSRP: UE(imsi)=55 bestRsrp=-154.575 < min=-120 (all cells below threshold) retryIn=2s
---- INIT_ATTACH t=20 UE(imsi)=57 ----
  INIT_ATTACH_FAIL_ALL_LOW_RSRP: UE(imsi)=57 bestRsrp=-129.614 < min=-120 (all cells below threshold) retryIn=2s
---- INIT_ATTACH t=20 UE(imsi)=61 ----
  INIT_ATTACH_FAIL_ALL_LOW_RSRP: UE(imsi)=61 bestRsrp=-141.814 < min=-120 (all cells below threshold) retryIn=2s
---- INIT_ATTACH t=20 UE(imsi)=62 ----
  INIT_ATTACH_FAIL_ALL_LOW_RSRP: UE(imsi)=62 bestRsrp=-129.53 < min=-120 (all cells below threshold) retryIn=2s
---- INIT_ATTACH t=20 UE(imsi)=67 ----
  INIT_ATTACH_FAIL_ALL_LOW_RSRP: UE(imsi)=67 bestRsrp=-141.725 < min=-120 (all cells below threshold) retryIn=2s
---- INIT_ATTACH t=20 UE(imsi)=68 ----
  INIT_ATTACH_FAIL_ALL_LOW_RSRP: UE(imsi)=68 bestRsrp=-139.235 < min=-120 (all cells below threshold) retryIn=2s
---- INIT_ATTACH t=20 UE(imsi)=70 ----
  INIT_ATTACH_FAIL_ALL_LOW_RSRP: UE(imsi)=70 bestRsrp=-132.795 < min=-120 (all cells below threshold) retryIn=2s
---- INIT_ATTACH t=20 UE(imsi)=73 ----
  INIT_ATTACH_FAIL_ALL_LOW_RSRP: UE(imsi)=73 bestRsrp=-144.669 < min=-120 (all cells below threshold) retryIn=2s
---- INIT_ATTACH t=20 UE(imsi)=74 ----
  INIT_ATTACH_FAIL_ALL_LOW_RSRP: UE(imsi)=74 bestRsrp=-144.283 < min=-120 (all cells below threshold) retryIn=2s
---- INIT_ATTACH t=20 UE(imsi)=76 ----
  INIT_ATTACH_FAIL_ALL_LOW_RSRP: UE(imsi)=76 bestRsrp=-144.478 < min=-120 (all cells below threshold) retryIn=2s
---- INIT_ATTACH t=20 UE(imsi)=81 ----
  INIT_ATTACH_FAIL_ALL_LOW_RSRP: UE(imsi)=81 bestRsrp=-140.498 < min=-120 (all cells below threshold) retryIn=2s
---- INIT_ATTACH t=20 UE(imsi)=85 ----
  INIT_ATTACH_FAIL_ALL_LOW_RSRP: UE(imsi)=85 bestRsrp=-146.041 < min=-120 (all cells below threshold) retryIn=2s
---- INIT_ATTACH t=20 UE(imsi)=86 ----
  INIT_ATTACH_FAIL_ALL_LOW_RSRP: UE(imsi)=86 bestRsrp=-129.07 < min=-120 (all cells below threshold) retryIn=2s
---- INIT_ATTACH t=20 UE(imsi)=87 ----
  INIT_ATTACH_FAIL_ALL_LOW_RSRP: UE(imsi)=87 bestRsrp=-139.521 < min=-120 (all cells below threshold) retryIn=2s
---- INIT_ATTACH t=20 UE(imsi)=92 ----
  INIT_ATTACH_FAIL_ALL_LOW_RSRP: UE(imsi)=92 bestRsrp=-131.973 < min=-120 (all cells below threshold) retryIn=2s
---- INIT_ATTACH t=20 UE(imsi)=97 ----
  INIT_ATTACH_FAIL_ALL_LOW_RSRP: UE(imsi)=97 bestRsrp=-146.452 < min=-120 (all cells below threshold) retryIn=2s
---- INIT_ATTACH t=20 UE(imsi)=98 ----
  INIT_ATTACH_FAIL_ALL_LOW_RSRP: UE(imsi)=98 bestRsrp=-127.307 < min=-120 (all cells below threshold) retryIn=2s
---- INIT_ATTACH t=20 UE(imsi)=102 ----
  INIT_ATTACH_FAIL_ALL_LOW_RSRP: UE(imsi)=102 bestRsrp=-124.952 < min=-120 (all cells below threshold) retryIn=2s
---- INIT_ATTACH t=20 UE(imsi)=106 ----
  INIT_ATTACH_FAIL_ALL_LOW_RSRP: UE(imsi)=106 bestRsrp=-124.525 < min=-120 (all cells below threshold) retryIn=2s
---- INIT_ATTACH t=20 UE(imsi)=109 ----
  INIT_ATTACH_FAIL_ALL_LOW_RSRP: UE(imsi)=109 bestRsrp=-130.685 < min=-120 (all cells below threshold) retryIn=2s
---- INIT_ATTACH t=20 UE(imsi)=112 ----
  candOK0 cell=7 rsrp=-100.816 occ=9/20 -> OK
  SELECT cell=7 rsrp=-100.816 occ(afterReserve)=10/20
  INIT_ATTACH_OK: UE(imsi)=112 -> cell=7
---- INIT_ATTACH t=20 UE(imsi)=116 ----
  INIT_ATTACH_FAIL_ALL_LOW_RSRP: UE(imsi)=116 bestRsrp=-124.949 < min=-120 (all cells below threshold) retryIn=2s
---- INIT_ATTACH t=20 UE(imsi)=119 ----
  INIT_ATTACH_FAIL_ALL_LOW_RSRP: UE(imsi)=119 bestRsrp=-141.676 < min=-120 (all cells below threshold) retryIn=2s
---- INIT_ATTACH t=20 UE(imsi)=120 ----
  INIT_ATTACH_FAIL_ALL_LOW_RSRP: UE(imsi)=120 bestRsrp=-141.474 < min=-120 (all cells below threshold) retryIn=2s
---- INIT_ATTACH t=20 UE(imsi)=122 ----
  INIT_ATTACH_FAIL_ALL_LOW_RSRP: UE(imsi)=122 bestRsrp=-125.973 < min=-120 (all cells below threshold) retryIn=2s
---- INIT_ATTACH t=20 UE(imsi)=129 ----
  INIT_ATTACH_FAIL_ALL_LOW_RSRP: UE(imsi)=129 bestRsrp=-140.083 < min=-120 (all cells below threshold) retryIn=2s
---- INIT_ATTACH t=20 UE(imsi)=130 ----
  INIT_ATTACH_FAIL_ALL_LOW_RSRP: UE(imsi)=130 bestRsrp=-136.718 < min=-120 (all cells below threshold) retryIn=2s
---- INIT_ATTACH t=20 UE(imsi)=131 ----
  INIT_ATTACH_FAIL_ALL_LOW_RSRP: UE(imsi)=131 bestRsrp=-136.151 < min=-120 (all cells below threshold) retryIn=2s
---- INIT_ATTACH t=20 UE(imsi)=132 ----
  INIT_ATTACH_FAIL_ALL_LOW_RSRP: UE(imsi)=132 bestRsrp=-140.946 < min=-120 (all cells below threshold) retryIn=2s
---- INIT_ATTACH t=20 UE(imsi)=134 ----
  INIT_ATTACH_FAIL_ALL_LOW_RSRP: UE(imsi)=134 bestRsrp=-124.962 < min=-120 (all cells below threshold) retryIn=2s
---- INIT_ATTACH t=20 UE(imsi)=135 ----
  INIT_ATTACH_FAIL_ALL_LOW_RSRP: UE(imsi)=135 bestRsrp=-132.916 < min=-120 (all cells below threshold) retryIn=2s
---- INIT_ATTACH t=20 UE(imsi)=136 ----
  INIT_ATTACH_FAIL_ALL_LOW_RSRP: UE(imsi)=136 bestRsrp=-146.015 < min=-120 (all cells below threshold) retryIn=2s
---- INIT_ATTACH t=20 UE(imsi)=138 ----
  INIT_ATTACH_FAIL_ALL_LOW_RSRP: UE(imsi)=138 bestRsrp=-143.816 < min=-120 (all cells below threshold) retryIn=2s
---- INIT_ATTACH t=20 UE(imsi)=140 ----
  INIT_ATTACH_FAIL_ALL_LOW_RSRP: UE(imsi)=140 bestRsrp=-141.824 < min=-120 (all cells below threshold) retryIn=2s
---- INIT_ATTACH t=20 UE(imsi)=142 ----
  INIT_ATTACH_FAIL_ALL_LOW_RSRP: UE(imsi)=142 bestRsrp=-138.79 < min=-120 (all cells below threshold) retryIn=2s
---- INIT_ATTACH t=20 UE(imsi)=144 ----
  INIT_ATTACH_FAIL_ALL_LOW_RSRP: UE(imsi)=144 bestRsrp=-149.677 < min=-120 (all cells below threshold) retryIn=2s
---- INIT_ATTACH t=20 UE(imsi)=146 ----
  INIT_ATTACH_FAIL_ALL_LOW_RSRP: UE(imsi)=146 bestRsrp=-135.523 < min=-120 (all cells below threshold) retryIn=2s
---- INIT_ATTACH t=20 UE(imsi)=147 ----
  INIT_ATTACH_FAIL_ALL_LOW_RSRP: UE(imsi)=147 bestRsrp=-132.571 < min=-120 (all cells below threshold) retryIn=2s
---- INIT_ATTACH t=20 UE(imsi)=148 ----
  INIT_ATTACH_FAIL_ALL_LOW_RSRP: UE(imsi)=148 bestRsrp=-138.288 < min=-120 (all cells below threshold) retryIn=2s
---- INIT_ATTACH t=20 UE(imsi)=150 ----
  INIT_ATTACH_FAIL_ALL_LOW_RSRP: UE(imsi)=150 bestRsrp=-147.144 < min=-120 (all cells below threshold) retryIn=2s
---- INIT_ATTACH t=20 UE(imsi)=151 ----
  INIT_ATTACH_FAIL_ALL_LOW_RSRP: UE(imsi)=151 bestRsrp=-143.299 < min=-120 (all cells below threshold) retryIn=2s
---- INIT_ATTACH t=20 UE(imsi)=154 ----
  INIT_ATTACH_FAIL_ALL_LOW_RSRP: UE(imsi)=154 bestRsrp=-132.541 < min=-120 (all cells below threshold) retryIn=2s
---- INIT_ATTACH t=20 UE(imsi)=155 ----
  INIT_ATTACH_FAIL_ALL_LOW_RSRP: UE(imsi)=155 bestRsrp=-137.085 < min=-120 (all cells below threshold) retryIn=2s
---- INIT_ATTACH t=20 UE(imsi)=156 ----
  INIT_ATTACH_FAIL_ALL_LOW_RSRP: UE(imsi)=156 bestRsrp=-152.473 < min=-120 (all cells below threshold) retryIn=2s
---- INIT_ATTACH t=20 UE(imsi)=157 ----
  INIT_ATTACH_FAIL_ALL_LOW_RSRP: UE(imsi)=157 bestRsrp=-126.015 < min=-120 (all cells below threshold) retryIn=2s
---- INIT_ATTACH t=20 UE(imsi)=158 ----
  INIT_ATTACH_FAIL_ALL_LOW_RSRP: UE(imsi)=158 bestRsrp=-128.829 < min=-120 (all cells below threshold) retryIn=2s
---- INIT_ATTACH t=20 UE(imsi)=161 ----
  INIT_ATTACH_FAIL_ALL_LOW_RSRP: UE(imsi)=161 bestRsrp=-142.994 < min=-120 (all cells below threshold) retryIn=2s
---- INIT_ATTACH t=20 UE(imsi)=163 ----
  candOK0 cell=14 rsrp=-110.441 occ=10/10 -> SKIP_FULL
  INIT_ATTACH_FAIL_ALL_FULL: UE(imsi)=163 rsrpOk=1 (all RSRP>=min but full or invalid) retryIn=2s
---- INIT_ATTACH t=20 UE(imsi)=164 ----
  INIT_ATTACH_FAIL_ALL_LOW_RSRP: UE(imsi)=164 bestRsrp=-140.92 < min=-120 (all cells below threshold) retryIn=2s
---- INIT_ATTACH t=20 UE(imsi)=165 ----
  INIT_ATTACH_FAIL_ALL_LOW_RSRP: UE(imsi)=165 bestRsrp=-146.908 < min=-120 (all cells below threshold) retryIn=2s
---- INIT_ATTACH t=20 UE(imsi)=169 ----
  INIT_ATTACH_FAIL_ALL_LOW_RSRP: UE(imsi)=169 bestRsrp=-141.262 < min=-120 (all cells below threshold) retryIn=2s
---- INIT_ATTACH t=20 UE(imsi)=171 ----
  INIT_ATTACH_FAIL_ALL_LOW_RSRP: UE(imsi)=171 bestRsrp=-148.767 < min=-120 (all cells below threshold) retryIn=2s
---- INIT_ATTACH t=20 UE(imsi)=173 ----
  INIT_ATTACH_FAIL_ALL_LOW_RSRP: UE(imsi)=173 bestRsrp=-138.37 < min=-120 (all cells below threshold) retryIn=2s
---- INIT_ATTACH t=20 UE(imsi)=174 ----
  INIT_ATTACH_FAIL_ALL_LOW_RSRP: UE(imsi)=174 bestRsrp=-143.233 < min=-120 (all cells below threshold) retryIn=2s
---- INIT_ATTACH t=20 UE(imsi)=179 ----
  INIT_ATTACH_FAIL_ALL_LOW_RSRP: UE(imsi)=179 bestRsrp=-140.197 < min=-120 (all cells below threshold) retryIn=2s
---- INIT_ATTACH t=20 UE(imsi)=181 ----
  INIT_ATTACH_FAIL_ALL_LOW_RSRP: UE(imsi)=181 bestRsrp=-129.345 < min=-120 (all cells below threshold) retryIn=2s
---- INIT_ATTACH t=20 UE(imsi)=183 ----
  INIT_ATTACH_FAIL_ALL_LOW_RSRP: UE(imsi)=183 bestRsrp=-144.806 < min=-120 (all cells below threshold) retryIn=2s
---- INIT_ATTACH t=20 UE(imsi)=185 ----
  INIT_ATTACH_FAIL_ALL_LOW_RSRP: UE(imsi)=185 bestRsrp=-143.711 < min=-120 (all cells below threshold) retryIn=2s
---- INIT_ATTACH t=20 UE(imsi)=187 ----
  INIT_ATTACH_FAIL_ALL_LOW_RSRP: UE(imsi)=187 bestRsrp=-129.666 < min=-120 (all cells below threshold) retryIn=2s
---- INIT_ATTACH t=20 UE(imsi)=192 ----
  INIT_ATTACH_FAIL_ALL_LOW_RSRP: UE(imsi)=192 bestRsrp=-153.677 < min=-120 (all cells below threshold) retryIn=2s
---- INIT_ATTACH t=20 UE(imsi)=195 ----
  INIT_ATTACH_FAIL_ALL_LOW_RSRP: UE(imsi)=195 bestRsrp=-141.688 < min=-120 (all cells below threshold) retryIn=2s
---- INIT_ATTACH t=20 UE(imsi)=196 ----
  INIT_ATTACH_FAIL_ALL_LOW_RSRP: UE(imsi)=196 bestRsrp=-131.59 < min=-120 (all cells below threshold) retryIn=2s
---- INIT_ATTACH t=20 UE(imsi)=197 ----
  INIT_ATTACH_FAIL_ALL_LOW_RSRP: UE(imsi)=197 bestRsrp=-145.435 < min=-120 (all cells below threshold) retryIn=2s
---- INIT_ATTACH t=20 UE(imsi)=198 ----
  INIT_ATTACH_FAIL_ALL_LOW_RSRP: UE(imsi)=198 bestRsrp=-131.203 < min=-120 (all cells below threshold) retryIn=2s
---- INIT_ATTACH t=20 UE(imsi)=199 ----
  INIT_ATTACH_FAIL_ALL_LOW_RSRP: UE(imsi)=199 bestRsrp=-144.137 < min=-120 (all cells below threshold) retryIn=2s
---- INIT_ATTACH t=20 UE(imsi)=200 ----
  INIT_ATTACH_FAIL_ALL_LOW_RSRP: UE(imsi)=200 bestRsrp=-134.141 < min=-120 (all cells below threshold) retryIn=2s
---- INIT_ATTACH t=20 UE(imsi)=201 ----
  INIT_ATTACH_FAIL_ALL_LOW_RSRP: UE(imsi)=201 bestRsrp=-126.283 < min=-120 (all cells below threshold) retryIn=2s
---- INIT_ATTACH t=20 UE(imsi)=202 ----
  INIT_ATTACH_FAIL_ALL_LOW_RSRP: UE(imsi)=202 bestRsrp=-147.547 < min=-120 (all cells below threshold) retryIn=2s
---- INIT_ATTACH t=20 UE(imsi)=203 ----
  INIT_ATTACH_FAIL_ALL_LOW_RSRP: UE(imsi)=203 bestRsrp=-153.374 < min=-120 (all cells below threshold) retryIn=2s
---- INIT_ATTACH t=20 UE(imsi)=204 ----
  INIT_ATTACH_FAIL_ALL_LOW_RSRP: UE(imsi)=204 bestRsrp=-145.006 < min=-120 (all cells below threshold) retryIn=2s
---- INIT_ATTACH t=20 UE(imsi)=212 ----
  INIT_ATTACH_FAIL_ALL_LOW_RSRP: UE(imsi)=212 bestRsrp=-124.514 < min=-120 (all cells below threshold) retryIn=2s
---- INIT_ATTACH t=20 UE(imsi)=214 ----
  INIT_ATTACH_FAIL_ALL_LOW_RSRP: UE(imsi)=214 bestRsrp=-141.442 < min=-120 (all cells below threshold) retryIn=2s
---- INIT_ATTACH t=20 UE(imsi)=216 ----
  INIT_ATTACH_FAIL_ALL_LOW_RSRP: UE(imsi)=216 bestRsrp=-143.997 < min=-120 (all cells below threshold) retryIn=2s
---- INIT_ATTACH t=20 UE(imsi)=217 ----
  candOK0 cell=13 rsrp=-97.9452 occ=10/10 -> SKIP_FULL
  INIT_ATTACH_FAIL_ALL_FULL: UE(imsi)=217 rsrpOk=1 (all RSRP>=min but full or invalid) retryIn=2s
---- INIT_ATTACH t=20 UE(imsi)=218 ----
  INIT_ATTACH_FAIL_ALL_LOW_RSRP: UE(imsi)=218 bestRsrp=-131.6 < min=-120 (all cells below threshold) retryIn=2s
---- INIT_ATTACH t=20 UE(imsi)=220 ----
  INIT_ATTACH_FAIL_ALL_LOW_RSRP: UE(imsi)=220 bestRsrp=-149.612 < min=-120 (all cells below threshold) retryIn=2s
---- INIT_ATTACH t=20 UE(imsi)=221 ----
  INIT_ATTACH_FAIL_ALL_LOW_RSRP: UE(imsi)=221 bestRsrp=-133.772 < min=-120 (all cells below threshold) retryIn=2s
---- INIT_ATTACH t=20 UE(imsi)=222 ----
  INIT_ATTACH_FAIL_ALL_LOW_RSRP: UE(imsi)=222 bestRsrp=-141.88 < min=-120 (all cells below threshold) retryIn=2s
---- INIT_ATTACH t=20 UE(imsi)=224 ----
  INIT_ATTACH_FAIL_ALL_LOW_RSRP: UE(imsi)=224 bestRsrp=-156.071 < min=-120 (all cells below threshold) retryIn=2s
---- INIT_ATTACH t=20 UE(imsi)=225 ----
  INIT_ATTACH_FAIL_ALL_LOW_RSRP: UE(imsi)=225 bestRsrp=-133.296 < min=-120 (all cells below threshold) retryIn=2s
---- INIT_ATTACH t=20 UE(imsi)=227 ----
  INIT_ATTACH_FAIL_ALL_LOW_RSRP: UE(imsi)=227 bestRsrp=-133.671 < min=-120 (all cells below threshold) retryIn=2s
---- INIT_ATTACH t=20 UE(imsi)=230 ----
  INIT_ATTACH_FAIL_ALL_LOW_RSRP: UE(imsi)=230 bestRsrp=-137.09 < min=-120 (all cells below threshold) retryIn=2s
---- INIT_ATTACH t=20 UE(imsi)=231 ----
  INIT_ATTACH_FAIL_ALL_LOW_RSRP: UE(imsi)=231 bestRsrp=-136.174 < min=-120 (all cells below threshold) retryIn=2s
---- INIT_ATTACH t=20 UE(imsi)=232 ----
  INIT_ATTACH_FAIL_ALL_LOW_RSRP: UE(imsi)=232 bestRsrp=-142.824 < min=-120 (all cells below threshold) retryIn=2s
---- INIT_ATTACH t=20 UE(imsi)=233 ----
  INIT_ATTACH_FAIL_ALL_LOW_RSRP: UE(imsi)=233 bestRsrp=-147.448 < min=-120 (all cells below threshold) retryIn=2s
---- INIT_ATTACH t=20 UE(imsi)=236 ----
  INIT_ATTACH_FAIL_ALL_LOW_RSRP: UE(imsi)=236 bestRsrp=-126.588 < min=-120 (all cells below threshold) retryIn=2s
---- INIT_ATTACH t=20 UE(imsi)=237 ----
  INIT_ATTACH_FAIL_ALL_LOW_RSRP: UE(imsi)=237 bestRsrp=-147.709 < min=-120 (all cells below threshold) retryIn=2s
---- INIT_ATTACH t=20 UE(imsi)=238 ----
  INIT_ATTACH_FAIL_ALL_LOW_RSRP: UE(imsi)=238 bestRsrp=-139.94 < min=-120 (all cells below threshold) retryIn=2s
---- INIT_ATTACH t=20 UE(imsi)=240 ----
  INIT_ATTACH_FAIL_ALL_LOW_RSRP: UE(imsi)=240 bestRsrp=-132.251 < min=-120 (all cells below threshold) retryIn=2s
---- INIT_ATTACH t=22 UE(imsi)=16 ----
  INIT_ATTACH_FAIL_ALL_LOW_RSRP: UE(imsi)=16 bestRsrp=-129.472 < min=-120 (all cells below threshold) retryIn=2s
---- INIT_ATTACH t=22 UE(imsi)=20 ----
  INIT_ATTACH_FAIL_ALL_LOW_RSRP: UE(imsi)=20 bestRsrp=-151.105 < min=-120 (all cells below threshold) retryIn=2s
---- INIT_ATTACH t=22 UE(imsi)=23 ----
  INIT_ATTACH_FAIL_ALL_LOW_RSRP: UE(imsi)=23 bestRsrp=-146.238 < min=-120 (all cells below threshold) retryIn=2s
---- INIT_ATTACH t=22 UE(imsi)=25 ----
  INIT_ATTACH_FAIL_ALL_LOW_RSRP: UE(imsi)=25 bestRsrp=-137.398 < min=-120 (all cells below threshold) retryIn=2s
---- INIT_ATTACH t=22 UE(imsi)=26 ----
  INIT_ATTACH_FAIL_ALL_LOW_RSRP: UE(imsi)=26 bestRsrp=-148.667 < min=-120 (all cells below threshold) retryIn=2s
---- INIT_ATTACH t=22 UE(imsi)=29 ----
  INIT_ATTACH_FAIL_ALL_LOW_RSRP: UE(imsi)=29 bestRsrp=-152.237 < min=-120 (all cells below threshold) retryIn=2s
---- INIT_ATTACH t=22 UE(imsi)=31 ----
  INIT_ATTACH_FAIL_ALL_LOW_RSRP: UE(imsi)=31 bestRsrp=-126.002 < min=-120 (all cells below threshold) retryIn=2s
---- INIT_ATTACH t=22 UE(imsi)=35 ----
  INIT_ATTACH_FAIL_ALL_LOW_RSRP: UE(imsi)=35 bestRsrp=-130.289 < min=-120 (all cells below threshold) retryIn=2s
---- INIT_ATTACH t=22 UE(imsi)=36 ----
  candOK0 cell=11 rsrp=-111.109 occ=10/10 -> SKIP_FULL
  INIT_ATTACH_FAIL_ALL_FULL: UE(imsi)=36 rsrpOk=1 (all RSRP>=min but full or invalid) retryIn=2s
---- INIT_ATTACH t=22 UE(imsi)=38 ----
  INIT_ATTACH_FAIL_ALL_LOW_RSRP: UE(imsi)=38 bestRsrp=-148.313 < min=-120 (all cells below threshold) retryIn=2s
---- INIT_ATTACH t=22 UE(imsi)=44 ----
  INIT_ATTACH_FAIL_ALL_LOW_RSRP: UE(imsi)=44 bestRsrp=-136.736 < min=-120 (all cells below threshold) retryIn=2s
---- INIT_ATTACH t=22 UE(imsi)=45 ----
  INIT_ATTACH_FAIL_ALL_LOW_RSRP: UE(imsi)=45 bestRsrp=-130.597 < min=-120 (all cells below threshold) retryIn=2s
---- INIT_ATTACH t=22 UE(imsi)=47 ----
  INIT_ATTACH_FAIL_ALL_LOW_RSRP: UE(imsi)=47 bestRsrp=-136.617 < min=-120 (all cells below threshold) retryIn=2s
---- INIT_ATTACH t=22 UE(imsi)=48 ----
  INIT_ATTACH_FAIL_ALL_LOW_RSRP: UE(imsi)=48 bestRsrp=-136.897 < min=-120 (all cells below threshold) retryIn=2s
---- INIT_ATTACH t=22 UE(imsi)=50 ----
  INIT_ATTACH_FAIL_ALL_LOW_RSRP: UE(imsi)=50 bestRsrp=-130.051 < min=-120 (all cells below threshold) retryIn=2s
---- INIT_ATTACH t=22 UE(imsi)=53 ----
  INIT_ATTACH_FAIL_ALL_LOW_RSRP: UE(imsi)=53 bestRsrp=-140.626 < min=-120 (all cells below threshold) retryIn=2s
---- INIT_ATTACH t=22 UE(imsi)=54 ----
  INIT_ATTACH_FAIL_ALL_LOW_RSRP: UE(imsi)=54 bestRsrp=-142.723 < min=-120 (all cells below threshold) retryIn=2s
---- INIT_ATTACH t=22 UE(imsi)=55 ----
  INIT_ATTACH_FAIL_ALL_LOW_RSRP: UE(imsi)=55 bestRsrp=-156.022 < min=-120 (all cells below threshold) retryIn=2s
---- INIT_ATTACH t=22 UE(imsi)=57 ----
  INIT_ATTACH_FAIL_ALL_LOW_RSRP: UE(imsi)=57 bestRsrp=-129.977 < min=-120 (all cells below threshold) retryIn=2s
---- INIT_ATTACH t=22 UE(imsi)=61 ----
  INIT_ATTACH_FAIL_ALL_LOW_RSRP: UE(imsi)=61 bestRsrp=-141.895 < min=-120 (all cells below threshold) retryIn=2s
---- INIT_ATTACH t=22 UE(imsi)=62 ----
  INIT_ATTACH_FAIL_ALL_LOW_RSRP: UE(imsi)=62 bestRsrp=-133.498 < min=-120 (all cells below threshold) retryIn=2s
---- INIT_ATTACH t=22 UE(imsi)=67 ----
  INIT_ATTACH_FAIL_ALL_LOW_RSRP: UE(imsi)=67 bestRsrp=-138.669 < min=-120 (all cells below threshold) retryIn=2s
---- INIT_ATTACH t=22 UE(imsi)=68 ----
  INIT_ATTACH_FAIL_ALL_LOW_RSRP: UE(imsi)=68 bestRsrp=-138.906 < min=-120 (all cells below threshold) retryIn=2s
---- INIT_ATTACH t=22 UE(imsi)=70 ----
  INIT_ATTACH_FAIL_ALL_LOW_RSRP: UE(imsi)=70 bestRsrp=-131.355 < min=-120 (all cells below threshold) retryIn=2s
---- INIT_ATTACH t=22 UE(imsi)=73 ----
  INIT_ATTACH_FAIL_ALL_LOW_RSRP: UE(imsi)=73 bestRsrp=-142.941 < min=-120 (all cells below threshold) retryIn=2s
---- INIT_ATTACH t=22 UE(imsi)=74 ----
  INIT_ATTACH_FAIL_ALL_LOW_RSRP: UE(imsi)=74 bestRsrp=-144.36 < min=-120 (all cells below threshold) retryIn=2s
---- INIT_ATTACH t=22 UE(imsi)=76 ----
  INIT_ATTACH_FAIL_ALL_LOW_RSRP: UE(imsi)=76 bestRsrp=-139.922 < min=-120 (all cells below threshold) retryIn=2s
---- INIT_ATTACH t=22 UE(imsi)=81 ----
  INIT_ATTACH_FAIL_ALL_LOW_RSRP: UE(imsi)=81 bestRsrp=-141.633 < min=-120 (all cells below threshold) retryIn=2s
---- INIT_ATTACH t=22 UE(imsi)=85 ----
  INIT_ATTACH_FAIL_ALL_LOW_RSRP: UE(imsi)=85 bestRsrp=-143.428 < min=-120 (all cells below threshold) retryIn=2s
---- INIT_ATTACH t=22 UE(imsi)=86 ----
  INIT_ATTACH_FAIL_ALL_LOW_RSRP: UE(imsi)=86 bestRsrp=-127.842 < min=-120 (all cells below threshold) retryIn=2s
---- INIT_ATTACH t=22 UE(imsi)=87 ----
  INIT_ATTACH_FAIL_ALL_LOW_RSRP: UE(imsi)=87 bestRsrp=-137.964 < min=-120 (all cells below threshold) retryIn=2s
---- INIT_ATTACH t=22 UE(imsi)=92 ----
  INIT_ATTACH_FAIL_ALL_LOW_RSRP: UE(imsi)=92 bestRsrp=-136.364 < min=-120 (all cells below threshold) retryIn=2s
---- INIT_ATTACH t=22 UE(imsi)=97 ----
  INIT_ATTACH_FAIL_ALL_LOW_RSRP: UE(imsi)=97 bestRsrp=-143.814 < min=-120 (all cells below threshold) retryIn=2s
---- INIT_ATTACH t=22 UE(imsi)=98 ----
  INIT_ATTACH_FAIL_ALL_LOW_RSRP: UE(imsi)=98 bestRsrp=-132.454 < min=-120 (all cells below threshold) retryIn=2s
---- INIT_ATTACH t=22 UE(imsi)=102 ----
  INIT_ATTACH_FAIL_ALL_LOW_RSRP: UE(imsi)=102 bestRsrp=-125.505 < min=-120 (all cells below threshold) retryIn=2s
---- INIT_ATTACH t=22 UE(imsi)=106 ----
  INIT_ATTACH_FAIL_ALL_LOW_RSRP: UE(imsi)=106 bestRsrp=-123.939 < min=-120 (all cells below threshold) retryIn=2s
---- INIT_ATTACH t=22 UE(imsi)=109 ----
  INIT_ATTACH_FAIL_ALL_LOW_RSRP: UE(imsi)=109 bestRsrp=-130.525 < min=-120 (all cells below threshold) retryIn=2s
---- INIT_ATTACH t=22 UE(imsi)=116 ----
  INIT_ATTACH_FAIL_ALL_LOW_RSRP: UE(imsi)=116 bestRsrp=-150.665 < min=-120 (all cells below threshold) retryIn=2s
---- INIT_ATTACH t=22 UE(imsi)=119 ----
  INIT_ATTACH_FAIL_ALL_LOW_RSRP: UE(imsi)=119 bestRsrp=-123.176 < min=-120 (all cells below threshold) retryIn=2s
---- INIT_ATTACH t=22 UE(imsi)=120 ----
  INIT_ATTACH_FAIL_ALL_LOW_RSRP: UE(imsi)=120 bestRsrp=-141.806 < min=-120 (all cells below threshold) retryIn=2s
---- INIT_ATTACH t=22 UE(imsi)=122 ----
  INIT_ATTACH_FAIL_ALL_LOW_RSRP: UE(imsi)=122 bestRsrp=-143.143 < min=-120 (all cells below threshold) retryIn=2s
---- INIT_ATTACH t=22 UE(imsi)=129 ----
  candOK0 cell=8 rsrp=-111.285 occ=12/20 -> OK
  candOK1 cell=11 rsrp=-118.393 occ=10/10 -> SKIP_FULL
  SELECT cell=8 rsrp=-111.285 occ(afterReserve)=13/20
  INIT_ATTACH_OK: UE(imsi)=129 -> cell=8
---- INIT_ATTACH t=22 UE(imsi)=130 ----
  INIT_ATTACH_FAIL_ALL_LOW_RSRP: UE(imsi)=130 bestRsrp=-136.77 < min=-120 (all cells below threshold) retryIn=2s
---- INIT_ATTACH t=22 UE(imsi)=131 ----
  candOK0 cell=9 rsrp=-111.66 occ=9/10 -> OK
  SELECT cell=9 rsrp=-111.66 occ(afterReserve)=10/10
  INIT_ATTACH_OK: UE(imsi)=131 -> cell=9
---- INIT_ATTACH t=22 UE(imsi)=132 ----
  INIT_ATTACH_FAIL_ALL_LOW_RSRP: UE(imsi)=132 bestRsrp=-140.72 < min=-120 (all cells below threshold) retryIn=2s
---- INIT_ATTACH t=22 UE(imsi)=134 ----
  INIT_ATTACH_FAIL_ALL_LOW_RSRP: UE(imsi)=134 bestRsrp=-130.875 < min=-120 (all cells below threshold) retryIn=2s
---- INIT_ATTACH t=22 UE(imsi)=135 ----
  INIT_ATTACH_FAIL_ALL_LOW_RSRP: UE(imsi)=135 bestRsrp=-134.019 < min=-120 (all cells below threshold) retryIn=2s
---- INIT_ATTACH t=22 UE(imsi)=136 ----
  INIT_ATTACH_FAIL_ALL_LOW_RSRP: UE(imsi)=136 bestRsrp=-144.743 < min=-120 (all cells below threshold) retryIn=2s
---- INIT_ATTACH t=22 UE(imsi)=138 ----
  INIT_ATTACH_FAIL_ALL_LOW_RSRP: UE(imsi)=138 bestRsrp=-143.469 < min=-120 (all cells below threshold) retryIn=2s
---- INIT_ATTACH t=22 UE(imsi)=140 ----
  INIT_ATTACH_FAIL_ALL_LOW_RSRP: UE(imsi)=140 bestRsrp=-141.266 < min=-120 (all cells below threshold) retryIn=2s
---- INIT_ATTACH t=22 UE(imsi)=142 ----
  INIT_ATTACH_FAIL_ALL_LOW_RSRP: UE(imsi)=142 bestRsrp=-137.097 < min=-120 (all cells below threshold) retryIn=2s
---- INIT_ATTACH t=22 UE(imsi)=144 ----
  INIT_ATTACH_FAIL_ALL_LOW_RSRP: UE(imsi)=144 bestRsrp=-150.349 < min=-120 (all cells below threshold) retryIn=2s
---- INIT_ATTACH t=22 UE(imsi)=146 ----
  INIT_ATTACH_FAIL_ALL_LOW_RSRP: UE(imsi)=146 bestRsrp=-133.074 < min=-120 (all cells below threshold) retryIn=2s
---- INIT_ATTACH t=22 UE(imsi)=147 ----
  INIT_ATTACH_FAIL_ALL_LOW_RSRP: UE(imsi)=147 bestRsrp=-132.166 < min=-120 (all cells below threshold) retryIn=2s
---- INIT_ATTACH t=22 UE(imsi)=148 ----
  INIT_ATTACH_FAIL_ALL_LOW_RSRP: UE(imsi)=148 bestRsrp=-140.743 < min=-120 (all cells below threshold) retryIn=2s
---- INIT_ATTACH t=22 UE(imsi)=150 ----
  INIT_ATTACH_FAIL_ALL_LOW_RSRP: UE(imsi)=150 bestRsrp=-146.607 < min=-120 (all cells below threshold) retryIn=2s
---- INIT_ATTACH t=22 UE(imsi)=151 ----
  INIT_ATTACH_FAIL_ALL_LOW_RSRP: UE(imsi)=151 bestRsrp=-147.186 < min=-120 (all cells below threshold) retryIn=2s
---- INIT_ATTACH t=22 UE(imsi)=154 ----
  INIT_ATTACH_FAIL_ALL_LOW_RSRP: UE(imsi)=154 bestRsrp=-129.425 < min=-120 (all cells below threshold) retryIn=2s
---- INIT_ATTACH t=22 UE(imsi)=155 ----
  INIT_ATTACH_FAIL_ALL_LOW_RSRP: UE(imsi)=155 bestRsrp=-136.778 < min=-120 (all cells below threshold) retryIn=2s
---- INIT_ATTACH t=22 UE(imsi)=156 ----
  INIT_ATTACH_FAIL_ALL_LOW_RSRP: UE(imsi)=156 bestRsrp=-131.609 < min=-120 (all cells below threshold) retryIn=2s
---- INIT_ATTACH t=22 UE(imsi)=157 ----
  INIT_ATTACH_FAIL_ALL_LOW_RSRP: UE(imsi)=157 bestRsrp=-140.717 < min=-120 (all cells below threshold) retryIn=2s
---- INIT_ATTACH t=22 UE(imsi)=158 ----
  INIT_ATTACH_FAIL_ALL_LOW_RSRP: UE(imsi)=158 bestRsrp=-126.268 < min=-120 (all cells below threshold) retryIn=2s
---- INIT_ATTACH t=22 UE(imsi)=161 ----
  INIT_ATTACH_FAIL_ALL_LOW_RSRP: UE(imsi)=161 bestRsrp=-142.815 < min=-120 (all cells below threshold) retryIn=2s
---- INIT_ATTACH t=22 UE(imsi)=163 ----
  INIT_ATTACH_FAIL_ALL_LOW_RSRP: UE(imsi)=163 bestRsrp=-130.214 < min=-120 (all cells below threshold) retryIn=2s
---- INIT_ATTACH t=22 UE(imsi)=164 ----
  INIT_ATTACH_FAIL_ALL_LOW_RSRP: UE(imsi)=164 bestRsrp=-138.802 < min=-120 (all cells below threshold) retryIn=2s
---- INIT_ATTACH t=22 UE(imsi)=165 ----
  INIT_ATTACH_FAIL_ALL_LOW_RSRP: UE(imsi)=165 bestRsrp=-148.234 < min=-120 (all cells below threshold) retryIn=2s
---- INIT_ATTACH t=22 UE(imsi)=169 ----
  INIT_ATTACH_FAIL_ALL_LOW_RSRP: UE(imsi)=169 bestRsrp=-143.165 < min=-120 (all cells below threshold) retryIn=2s
---- INIT_ATTACH t=22 UE(imsi)=171 ----
  INIT_ATTACH_FAIL_ALL_LOW_RSRP: UE(imsi)=171 bestRsrp=-149.243 < min=-120 (all cells below threshold) retryIn=2s
---- INIT_ATTACH t=22 UE(imsi)=173 ----
  INIT_ATTACH_FAIL_ALL_LOW_RSRP: UE(imsi)=173 bestRsrp=-137.788 < min=-120 (all cells below threshold) retryIn=2s
---- INIT_ATTACH t=22 UE(imsi)=174 ----
  INIT_ATTACH_FAIL_ALL_LOW_RSRP: UE(imsi)=174 bestRsrp=-141.017 < min=-120 (all cells below threshold) retryIn=2s
---- INIT_ATTACH t=22 UE(imsi)=179 ----
  INIT_ATTACH_FAIL_ALL_LOW_RSRP: UE(imsi)=179 bestRsrp=-149.173 < min=-120 (all cells below threshold) retryIn=2s
---- INIT_ATTACH t=22 UE(imsi)=181 ----
  INIT_ATTACH_FAIL_ALL_LOW_RSRP: UE(imsi)=181 bestRsrp=-146.184 < min=-120 (all cells below threshold) retryIn=2s
---- INIT_ATTACH t=22 UE(imsi)=183 ----
  INIT_ATTACH_FAIL_ALL_LOW_RSRP: UE(imsi)=183 bestRsrp=-134.827 < min=-120 (all cells below threshold) retryIn=2s
---- INIT_ATTACH t=22 UE(imsi)=185 ----
  INIT_ATTACH_FAIL_ALL_LOW_RSRP: UE(imsi)=185 bestRsrp=-144.4 < min=-120 (all cells below threshold) retryIn=2s
---- INIT_ATTACH t=22 UE(imsi)=187 ----
  INIT_ATTACH_FAIL_ALL_LOW_RSRP: UE(imsi)=187 bestRsrp=-130.942 < min=-120 (all cells below threshold) retryIn=2s
---- INIT_ATTACH t=22 UE(imsi)=192 ----
  INIT_ATTACH_FAIL_ALL_LOW_RSRP: UE(imsi)=192 bestRsrp=-152.549 < min=-120 (all cells below threshold) retryIn=2s
---- INIT_ATTACH t=22 UE(imsi)=195 ----
  INIT_ATTACH_FAIL_ALL_LOW_RSRP: UE(imsi)=195 bestRsrp=-143.234 < min=-120 (all cells below threshold) retryIn=2s
---- INIT_ATTACH t=22 UE(imsi)=196 ----
  candOK0 cell=7 rsrp=-116.706 occ=10/20 -> OK
  SELECT cell=7 rsrp=-116.706 occ(afterReserve)=11/20
  INIT_ATTACH_OK: UE(imsi)=196 -> cell=7
---- INIT_ATTACH t=22 UE(imsi)=197 ----
  INIT_ATTACH_FAIL_ALL_LOW_RSRP: UE(imsi)=197 bestRsrp=-145.187 < min=-120 (all cells below threshold) retryIn=2s
---- INIT_ATTACH t=22 UE(imsi)=198 ----
  INIT_ATTACH_FAIL_ALL_LOW_RSRP: UE(imsi)=198 bestRsrp=-131.068 < min=-120 (all cells below threshold) retryIn=2s
---- INIT_ATTACH t=22 UE(imsi)=199 ----
  INIT_ATTACH_FAIL_ALL_LOW_RSRP: UE(imsi)=199 bestRsrp=-142.523 < min=-120 (all cells below threshold) retryIn=2s
---- INIT_ATTACH t=22 UE(imsi)=200 ----
  INIT_ATTACH_FAIL_ALL_LOW_RSRP: UE(imsi)=200 bestRsrp=-146.138 < min=-120 (all cells below threshold) retryIn=2s
---- INIT_ATTACH t=22 UE(imsi)=201 ----
  INIT_ATTACH_FAIL_ALL_LOW_RSRP: UE(imsi)=201 bestRsrp=-128.401 < min=-120 (all cells below threshold) retryIn=2s
---- INIT_ATTACH t=22 UE(imsi)=202 ----
  INIT_ATTACH_FAIL_ALL_LOW_RSRP: UE(imsi)=202 bestRsrp=-148.399 < min=-120 (all cells below threshold) retryIn=2s
---- INIT_ATTACH t=22 UE(imsi)=203 ----
  INIT_ATTACH_FAIL_ALL_LOW_RSRP: UE(imsi)=203 bestRsrp=-151.286 < min=-120 (all cells below threshold) retryIn=2s
---- INIT_ATTACH t=22 UE(imsi)=204 ----
  INIT_ATTACH_FAIL_ALL_LOW_RSRP: UE(imsi)=204 bestRsrp=-141.301 < min=-120 (all cells below threshold) retryIn=2s
---- INIT_ATTACH t=22 UE(imsi)=212 ----
  INIT_ATTACH_FAIL_ALL_LOW_RSRP: UE(imsi)=212 bestRsrp=-137.728 < min=-120 (all cells below threshold) retryIn=2s
---- INIT_ATTACH t=22 UE(imsi)=214 ----
  INIT_ATTACH_FAIL_ALL_LOW_RSRP: UE(imsi)=214 bestRsrp=-141.984 < min=-120 (all cells below threshold) retryIn=2s
---- INIT_ATTACH t=22 UE(imsi)=216 ----
  INIT_ATTACH_FAIL_ALL_LOW_RSRP: UE(imsi)=216 bestRsrp=-140.236 < min=-120 (all cells below threshold) retryIn=2s
---- INIT_ATTACH t=22 UE(imsi)=217 ----
  INIT_ATTACH_FAIL_ALL_LOW_RSRP: UE(imsi)=217 bestRsrp=-123.325 < min=-120 (all cells below threshold) retryIn=2s
---- INIT_ATTACH t=22 UE(imsi)=218 ----
  INIT_ATTACH_FAIL_ALL_LOW_RSRP: UE(imsi)=218 bestRsrp=-131.555 < min=-120 (all cells below threshold) retryIn=2s
---- INIT_ATTACH t=22 UE(imsi)=220 ----
  INIT_ATTACH_FAIL_ALL_LOW_RSRP: UE(imsi)=220 bestRsrp=-152.02 < min=-120 (all cells below threshold) retryIn=2s
---- INIT_ATTACH t=22 UE(imsi)=221 ----
  INIT_ATTACH_FAIL_ALL_LOW_RSRP: UE(imsi)=221 bestRsrp=-132.521 < min=-120 (all cells below threshold) retryIn=2s
---- INIT_ATTACH t=22 UE(imsi)=222 ----
  INIT_ATTACH_FAIL_ALL_LOW_RSRP: UE(imsi)=222 bestRsrp=-140.986 < min=-120 (all cells below threshold) retryIn=2s
---- INIT_ATTACH t=22 UE(imsi)=224 ----
  INIT_ATTACH_FAIL_ALL_LOW_RSRP: UE(imsi)=224 bestRsrp=-155.503 < min=-120 (all cells below threshold) retryIn=2s
---- INIT_ATTACH t=22 UE(imsi)=225 ----
  INIT_ATTACH_FAIL_ALL_LOW_RSRP: UE(imsi)=225 bestRsrp=-134.439 < min=-120 (all cells below threshold) retryIn=2s
---- INIT_ATTACH t=22 UE(imsi)=227 ----
  INIT_ATTACH_FAIL_ALL_LOW_RSRP: UE(imsi)=227 bestRsrp=-135.33 < min=-120 (all cells below threshold) retryIn=2s
---- INIT_ATTACH t=22 UE(imsi)=230 ----
  INIT_ATTACH_FAIL_ALL_LOW_RSRP: UE(imsi)=230 bestRsrp=-143.569 < min=-120 (all cells below threshold) retryIn=2s
---- INIT_ATTACH t=22 UE(imsi)=231 ----
  INIT_ATTACH_FAIL_ALL_LOW_RSRP: UE(imsi)=231 bestRsrp=-137.268 < min=-120 (all cells below threshold) retryIn=2s
---- INIT_ATTACH t=22 UE(imsi)=232 ----
  INIT_ATTACH_FAIL_ALL_LOW_RSRP: UE(imsi)=232 bestRsrp=-143.959 < min=-120 (all cells below threshold) retryIn=2s
---- INIT_ATTACH t=22 UE(imsi)=233 ----
  INIT_ATTACH_FAIL_ALL_LOW_RSRP: UE(imsi)=233 bestRsrp=-145.661 < min=-120 (all cells below threshold) retryIn=2s
---- INIT_ATTACH t=22 UE(imsi)=236 ----
  INIT_ATTACH_FAIL_ALL_LOW_RSRP: UE(imsi)=236 bestRsrp=-128.024 < min=-120 (all cells below threshold) retryIn=2s
---- INIT_ATTACH t=22 UE(imsi)=237 ----
  INIT_ATTACH_FAIL_ALL_LOW_RSRP: UE(imsi)=237 bestRsrp=-144.449 < min=-120 (all cells below threshold) retryIn=2s
---- INIT_ATTACH t=22 UE(imsi)=238 ----
  INIT_ATTACH_FAIL_ALL_LOW_RSRP: UE(imsi)=238 bestRsrp=-129.627 < min=-120 (all cells below threshold) retryIn=2s
---- INIT_ATTACH t=22 UE(imsi)=240 ----
  INIT_ATTACH_FAIL_ALL_LOW_RSRP: UE(imsi)=240 bestRsrp=-141.749 < min=-120 (all cells below threshold) retryIn=2s
---- LOAD at t=22.5 ----
  cell 1 (TN) load=10/20
  cell 2 (TN) load=10/20
  cell 3 (TN) load=6/20
  cell 4 (TN) load=4/20
  cell 5 (TN) load=8/20
  cell 6 (TN) load=6/20
  cell 7 (TN) load=11/20
  cell 8 (TN) load=13/20
  cell 9 (NTN) load=10/10
  cell 10 (NTN) load=10/10
  cell 11 (NTN) load=10/10
  cell 12 (NTN) load=10/10
  cell 13 (NTN) load=10/10
  cell 14 (NTN) load=10/10
UE 19 TTT_WAIT target=4 elapsed=0s need=2s
UE 29 TTT_WAIT target=5 elapsed=0s need=2s
UE 31 TTT_WAIT target=7 elapsed=0s need=2s
UE 39 TTT_WAIT target=8 elapsed=0s need=2s
UE 45 TTT_WAIT target=7 elapsed=0s need=2s
LM HO UE=48 rnti=51 14->5 type=TN servingRsrp=-118.474 targetRsrp=-102.693 targetLoadReal=8/20 targetLoadEff=8/20
UE 53 TTT_WAIT target=1 elapsed=0s need=2s
LM HO UE=54 rnti=54 13->3 type=TN servingRsrp=-110.055 targetRsrp=-103.894 targetLoadReal=6/20 targetLoadEff=6/20
UE 56 TTT_WAIT target=8 elapsed=0s need=2s
LM HO UE=64 rnti=64 2->1 type=TN servingRsrp=-110.893 targetRsrp=-76.2676 targetLoadReal=10/20 targetLoadEff=10/20
UE 68 TTT_WAIT target=8 elapsed=0s need=2s
UE 70 TTT_WAIT target=2 elapsed=0s need=2s
UE 74 TTT_WAIT target=7 elapsed=0s need=2s
UE 76 TTT_WAIT target=6 elapsed=0s need=2s
UE 77 TTT_WAIT target=2 elapsed=0s need=2s
UE 80 TTT_WAIT target=1 elapsed=0s need=2s
UE 91 TTT_WAIT target=3 elapsed=0s need=2s
UE 92 TTT_WAIT target=5 elapsed=0s need=2s
UE 93 TTT_WAIT target=2 elapsed=0s need=2s
UE 97 TTT_WAIT target=1 elapsed=0s need=2s
UE 99 TTT_WAIT target=4 elapsed=0s need=2s
UE 105 TTT_WAIT target=1 elapsed=0s need=2s
UE 112 TTT_WAIT target=2 elapsed=0s need=2s
UE 120 TTT_WAIT target=4 elapsed=0s need=2s
UE 127 TTT_WAIT target=5 elapsed=0s need=2s
UE 128 TTT_WAIT target=6 elapsed=0s need=2s
UE 130 TTT_WAIT target=6 elapsed=0s need=2s
UE 131 TTT_WAIT target=3 elapsed=0s need=2s
UE 135 TTT_WAIT target=2 elapsed=0s need=2s
UE 137 TTT_WAIT target=3 elapsed=0s need=2s
UE 140 TTT_WAIT target=6 elapsed=0s need=2s
UE 144 TTT_WAIT target=8 elapsed=0s need=2s
UE 146 TTT_WAIT target=1 elapsed=0s need=2s
UE 150 TTT_WAIT target=6 elapsed=0s need=2s
UE 153 TTT_WAIT target=4 elapsed=0s need=2s
UE 155 TTT_WAIT target=6 elapsed=0s need=2s
UE 162 TTT_WAIT target=8 elapsed=0s need=2s
UE 165 TTT_WAIT target=6 elapsed=0s need=2s
LM HO UE=175 rnti=23 11->5 type=TN servingRsrp=-121.058 targetRsrp=-100.24 targetLoadReal=8/20 targetLoadEff=9/20
LM HO_FAIL_LOW_RSRP UE=179 currCell=7 candCell=4 candRsrp=-121.027 < min=-120
UE 182 TTT_WAIT target=1 elapsed=0s need=2s
LM HO UE=188 rnti=29 2->7 type=TN servingRsrp=-118.039 targetRsrp=-102.237 targetLoadReal=11/20 targetLoadEff=11/20
UE 193 TTT_WAIT target=5 elapsed=0s need=2s
UE 194 TTT_WAIT target=4 elapsed=0s need=2s
UE 200 TTT_WAIT target=1 elapsed=0s need=2s
UE 204 TTT_WAIT target=6 elapsed=0s need=2s
UE 210 TTT_WAIT target=3 elapsed=0s need=2s
UE 211 TTT_WAIT target=6 elapsed=0s need=2s
UE 215 TTT_WAIT target=2 elapsed=0s need=2s
UE 217 TTT_WAIT target=4 elapsed=0s need=2s
UE 224 TTT_WAIT target=6 elapsed=0s need=2s
UE 226 TTT_WAIT target=4 elapsed=0s need=2s
UE 230 TTT_WAIT target=5 elapsed=0s need=2s
UE 233 TTT_WAIT target=4 elapsed=0s need=2s
UE 239 TTT_WAIT target=5 elapsed=0s need=2s
UE 241 TTT_WAIT target=8 elapsed=0s need=2s
UE 242 TTT_WAIT target=4 elapsed=0s need=2s
UE 243 TTT_WAIT target=4 elapsed=0s need=2s
UE 244 TTT_WAIT target=6 elapsed=0s need=2s
---- INIT_ATTACH t=24 UE(imsi)=16 ----
  INIT_ATTACH_FAIL_ALL_LOW_RSRP: UE(imsi)=16 bestRsrp=-129.121 < min=-120 (all cells below threshold) retryIn=2s
---- INIT_ATTACH t=24 UE(imsi)=20 ----
  INIT_ATTACH_FAIL_ALL_LOW_RSRP: UE(imsi)=20 bestRsrp=-150.724 < min=-120 (all cells below threshold) retryIn=2s
---- INIT_ATTACH t=24 UE(imsi)=23 ----
  INIT_ATTACH_FAIL_ALL_LOW_RSRP: UE(imsi)=23 bestRsrp=-143.648 < min=-120 (all cells below threshold) retryIn=2s
---- INIT_ATTACH t=24 UE(imsi)=25 ----
  INIT_ATTACH_FAIL_ALL_LOW_RSRP: UE(imsi)=25 bestRsrp=-135.39 < min=-120 (all cells below threshold) retryIn=2s
---- INIT_ATTACH t=24 UE(imsi)=26 ----
  INIT_ATTACH_FAIL_ALL_LOW_RSRP: UE(imsi)=26 bestRsrp=-148.245 < min=-120 (all cells below threshold) retryIn=2s
---- INIT_ATTACH t=24 UE(imsi)=29 ----
  INIT_ATTACH_FAIL_ALL_LOW_RSRP: UE(imsi)=29 bestRsrp=-148.769 < min=-120 (all cells below threshold) retryIn=2s
---- INIT_ATTACH t=24 UE(imsi)=31 ----
  INIT_ATTACH_FAIL_ALL_LOW_RSRP: UE(imsi)=31 bestRsrp=-128.341 < min=-120 (all cells below threshold) retryIn=2s
---- INIT_ATTACH t=24 UE(imsi)=35 ----
  INIT_ATTACH_FAIL_ALL_LOW_RSRP: UE(imsi)=35 bestRsrp=-131.596 < min=-120 (all cells below threshold) retryIn=2s
---- INIT_ATTACH t=24 UE(imsi)=36 ----
  INIT_ATTACH_FAIL_ALL_LOW_RSRP: UE(imsi)=36 bestRsrp=-129.529 < min=-120 (all cells below threshold) retryIn=2s
---- INIT_ATTACH t=24 UE(imsi)=38 ----
  INIT_ATTACH_FAIL_ALL_LOW_RSRP: UE(imsi)=38 bestRsrp=-146.788 < min=-120 (all cells below threshold) retryIn=2s
---- INIT_ATTACH t=24 UE(imsi)=44 ----
  INIT_ATTACH_FAIL_ALL_LOW_RSRP: UE(imsi)=44 bestRsrp=-136.492 < min=-120 (all cells below threshold) retryIn=2s
---- INIT_ATTACH t=24 UE(imsi)=45 ----
  INIT_ATTACH_FAIL_ALL_LOW_RSRP: UE(imsi)=45 bestRsrp=-127.973 < min=-120 (all cells below threshold) retryIn=2s
---- INIT_ATTACH t=24 UE(imsi)=47 ----
  INIT_ATTACH_FAIL_ALL_LOW_RSRP: UE(imsi)=47 bestRsrp=-137.9 < min=-120 (all cells below threshold) retryIn=2s
---- INIT_ATTACH t=24 UE(imsi)=48 ----
  INIT_ATTACH_FAIL_ALL_LOW_RSRP: UE(imsi)=48 bestRsrp=-137.889 < min=-120 (all cells below threshold) retryIn=2s
---- INIT_ATTACH t=24 UE(imsi)=50 ----
  INIT_ATTACH_FAIL_ALL_LOW_RSRP: UE(imsi)=50 bestRsrp=-128.578 < min=-120 (all cells below threshold) retryIn=2s
---- INIT_ATTACH t=24 UE(imsi)=53 ----
  INIT_ATTACH_FAIL_ALL_LOW_RSRP: UE(imsi)=53 bestRsrp=-139.928 < min=-120 (all cells below threshold) retryIn=2s
---- INIT_ATTACH t=24 UE(imsi)=54 ----
  INIT_ATTACH_FAIL_ALL_LOW_RSRP: UE(imsi)=54 bestRsrp=-143.526 < min=-120 (all cells below threshold) retryIn=2s
---- INIT_ATTACH t=24 UE(imsi)=55 ----
  INIT_ATTACH_FAIL_ALL_LOW_RSRP: UE(imsi)=55 bestRsrp=-153.828 < min=-120 (all cells below threshold) retryIn=2s
---- INIT_ATTACH t=24 UE(imsi)=57 ----
  INIT_ATTACH_FAIL_ALL_LOW_RSRP: UE(imsi)=57 bestRsrp=-128.778 < min=-120 (all cells below threshold) retryIn=2s
---- INIT_ATTACH t=24 UE(imsi)=61 ----
  INIT_ATTACH_FAIL_ALL_LOW_RSRP: UE(imsi)=61 bestRsrp=-142.054 < min=-120 (all cells below threshold) retryIn=2s
---- INIT_ATTACH t=24 UE(imsi)=62 ----
  INIT_ATTACH_FAIL_ALL_LOW_RSRP: UE(imsi)=62 bestRsrp=-134.091 < min=-120 (all cells below threshold) retryIn=2s
---- INIT_ATTACH t=24 UE(imsi)=67 ----
  INIT_ATTACH_FAIL_ALL_LOW_RSRP: UE(imsi)=67 bestRsrp=-140.769 < min=-120 (all cells below threshold) retryIn=2s
---- INIT_ATTACH t=24 UE(imsi)=68 ----
  INIT_ATTACH_FAIL_ALL_LOW_RSRP: UE(imsi)=68 bestRsrp=-136.784 < min=-120 (all cells below threshold) retryIn=2s
---- INIT_ATTACH t=24 UE(imsi)=70 ----
  INIT_ATTACH_FAIL_ALL_LOW_RSRP: UE(imsi)=70 bestRsrp=-129.666 < min=-120 (all cells below threshold) retryIn=2s
---- INIT_ATTACH t=24 UE(imsi)=73 ----
  INIT_ATTACH_FAIL_ALL_LOW_RSRP: UE(imsi)=73 bestRsrp=-146.059 < min=-120 (all cells below threshold) retryIn=2s
---- INIT_ATTACH t=24 UE(imsi)=74 ----
  INIT_ATTACH_FAIL_ALL_LOW_RSRP: UE(imsi)=74 bestRsrp=-143.205 < min=-120 (all cells below threshold) retryIn=2s
---- INIT_ATTACH t=24 UE(imsi)=76 ----
  INIT_ATTACH_FAIL_ALL_LOW_RSRP: UE(imsi)=76 bestRsrp=-140.379 < min=-120 (all cells below threshold) retryIn=2s
---- INIT_ATTACH t=24 UE(imsi)=81 ----
  INIT_ATTACH_FAIL_ALL_LOW_RSRP: UE(imsi)=81 bestRsrp=-138.933 < min=-120 (all cells below threshold) retryIn=2s
---- INIT_ATTACH t=24 UE(imsi)=85 ----
  INIT_ATTACH_FAIL_ALL_LOW_RSRP: UE(imsi)=85 bestRsrp=-147.268 < min=-120 (all cells below threshold) retryIn=2s
---- INIT_ATTACH t=24 UE(imsi)=86 ----
  INIT_ATTACH_FAIL_ALL_LOW_RSRP: UE(imsi)=86 bestRsrp=-128.694 < min=-120 (all cells below threshold) retryIn=2s
---- INIT_ATTACH t=24 UE(imsi)=87 ----
  INIT_ATTACH_FAIL_ALL_LOW_RSRP: UE(imsi)=87 bestRsrp=-137.407 < min=-120 (all cells below threshold) retryIn=2s
---- INIT_ATTACH t=24 UE(imsi)=92 ----
  INIT_ATTACH_FAIL_ALL_LOW_RSRP: UE(imsi)=92 bestRsrp=-134.693 < min=-120 (all cells below threshold) retryIn=2s
---- INIT_ATTACH t=24 UE(imsi)=97 ----
  INIT_ATTACH_FAIL_ALL_LOW_RSRP: UE(imsi)=97 bestRsrp=-144.748 < min=-120 (all cells below threshold) retryIn=2s
---- INIT_ATTACH t=24 UE(imsi)=98 ----
  INIT_ATTACH_FAIL_ALL_LOW_RSRP: UE(imsi)=98 bestRsrp=-129.4 < min=-120 (all cells below threshold) retryIn=2s
---- INIT_ATTACH t=24 UE(imsi)=102 ----
  INIT_ATTACH_FAIL_ALL_LOW_RSRP: UE(imsi)=102 bestRsrp=-125.847 < min=-120 (all cells below threshold) retryIn=2s
---- INIT_ATTACH t=24 UE(imsi)=106 ----
  INIT_ATTACH_FAIL_ALL_LOW_RSRP: UE(imsi)=106 bestRsrp=-126.263 < min=-120 (all cells below threshold) retryIn=2s
---- INIT_ATTACH t=24 UE(imsi)=109 ----
  INIT_ATTACH_FAIL_ALL_LOW_RSRP: UE(imsi)=109 bestRsrp=-130.865 < min=-120 (all cells below threshold) retryIn=2s
---- INIT_ATTACH t=24 UE(imsi)=116 ----
  INIT_ATTACH_FAIL_ALL_LOW_RSRP: UE(imsi)=116 bestRsrp=-151.415 < min=-120 (all cells below threshold) retryIn=2s
---- INIT_ATTACH t=24 UE(imsi)=119 ----
  INIT_ATTACH_FAIL_ALL_LOW_RSRP: UE(imsi)=119 bestRsrp=-140.594 < min=-120 (all cells below threshold) retryIn=2s
---- INIT_ATTACH t=24 UE(imsi)=120 ----
  INIT_ATTACH_FAIL_ALL_LOW_RSRP: UE(imsi)=120 bestRsrp=-140.554 < min=-120 (all cells below threshold) retryIn=2s
---- INIT_ATTACH t=24 UE(imsi)=122 ----
  INIT_ATTACH_FAIL_ALL_LOW_RSRP: UE(imsi)=122 bestRsrp=-143.124 < min=-120 (all cells below threshold) retryIn=2s
---- INIT_ATTACH t=24 UE(imsi)=130 ----
  candOK0 cell=6 rsrp=-114.372 occ=6/20 -> OK
  SELECT cell=6 rsrp=-114.372 occ(afterReserve)=7/20
  INIT_ATTACH_OK: UE(imsi)=130 -> cell=6
---- INIT_ATTACH t=24 UE(imsi)=132 ----
  candOK0 cell=2 rsrp=-114.378 occ=8/20 -> OK
  SELECT cell=2 rsrp=-114.378 occ(afterReserve)=9/20
  INIT_ATTACH_OK: UE(imsi)=132 -> cell=2
---- INIT_ATTACH t=24 UE(imsi)=134 ----
  INIT_ATTACH_FAIL_ALL_LOW_RSRP: UE(imsi)=134 bestRsrp=-128.172 < min=-120 (all cells below threshold) retryIn=2s
---- INIT_ATTACH t=24 UE(imsi)=135 ----
  INIT_ATTACH_FAIL_ALL_LOW_RSRP: UE(imsi)=135 bestRsrp=-133.746 < min=-120 (all cells below threshold) retryIn=2s
---- INIT_ATTACH t=24 UE(imsi)=136 ----
  INIT_ATTACH_FAIL_ALL_LOW_RSRP: UE(imsi)=136 bestRsrp=-145.572 < min=-120 (all cells below threshold) retryIn=2s
---- INIT_ATTACH t=24 UE(imsi)=138 ----
  INIT_ATTACH_FAIL_ALL_LOW_RSRP: UE(imsi)=138 bestRsrp=-144.305 < min=-120 (all cells below threshold) retryIn=2s
---- INIT_ATTACH t=24 UE(imsi)=140 ----
  INIT_ATTACH_FAIL_ALL_LOW_RSRP: UE(imsi)=140 bestRsrp=-138.336 < min=-120 (all cells below threshold) retryIn=2s
---- INIT_ATTACH t=24 UE(imsi)=142 ----
  INIT_ATTACH_FAIL_ALL_LOW_RSRP: UE(imsi)=142 bestRsrp=-136.686 < min=-120 (all cells below threshold) retryIn=2s
---- INIT_ATTACH t=24 UE(imsi)=144 ----
  INIT_ATTACH_FAIL_ALL_LOW_RSRP: UE(imsi)=144 bestRsrp=-148.011 < min=-120 (all cells below threshold) retryIn=2s
---- INIT_ATTACH t=24 UE(imsi)=146 ----
  INIT_ATTACH_FAIL_ALL_LOW_RSRP: UE(imsi)=146 bestRsrp=-133.939 < min=-120 (all cells below threshold) retryIn=2s
---- INIT_ATTACH t=24 UE(imsi)=147 ----
  candOK0 cell=7 rsrp=-118.128 occ=12/20 -> OK
  SELECT cell=7 rsrp=-118.128 occ(afterReserve)=13/20
  INIT_ATTACH_OK: UE(imsi)=147 -> cell=7
---- INIT_ATTACH t=24 UE(imsi)=148 ----
  INIT_ATTACH_FAIL_ALL_LOW_RSRP: UE(imsi)=148 bestRsrp=-135.659 < min=-120 (all cells below threshold) retryIn=2s
---- INIT_ATTACH t=24 UE(imsi)=150 ----
  INIT_ATTACH_FAIL_ALL_LOW_RSRP: UE(imsi)=150 bestRsrp=-124.265 < min=-120 (all cells below threshold) retryIn=2s
---- INIT_ATTACH t=24 UE(imsi)=151 ----
  INIT_ATTACH_FAIL_ALL_LOW_RSRP: UE(imsi)=151 bestRsrp=-148.048 < min=-120 (all cells below threshold) retryIn=2s
---- INIT_ATTACH t=24 UE(imsi)=154 ----
  INIT_ATTACH_FAIL_ALL_LOW_RSRP: UE(imsi)=154 bestRsrp=-130.563 < min=-120 (all cells below threshold) retryIn=2s
---- INIT_ATTACH t=24 UE(imsi)=155 ----
  INIT_ATTACH_FAIL_ALL_LOW_RSRP: UE(imsi)=155 bestRsrp=-135.365 < min=-120 (all cells below threshold) retryIn=2s
---- INIT_ATTACH t=24 UE(imsi)=156 ----
  candOK0 cell=11 rsrp=-115.685 occ=9/10 -> OK
  SELECT cell=11 rsrp=-115.685 occ(afterReserve)=10/10
  INIT_ATTACH_OK: UE(imsi)=156 -> cell=11
---- INIT_ATTACH t=24 UE(imsi)=157 ----
  INIT_ATTACH_FAIL_ALL_LOW_RSRP: UE(imsi)=157 bestRsrp=-140.403 < min=-120 (all cells below threshold) retryIn=2s
---- INIT_ATTACH t=24 UE(imsi)=158 ----
  INIT_ATTACH_FAIL_ALL_LOW_RSRP: UE(imsi)=158 bestRsrp=-128.828 < min=-120 (all cells below threshold) retryIn=2s
---- INIT_ATTACH t=24 UE(imsi)=161 ----
  INIT_ATTACH_FAIL_ALL_LOW_RSRP: UE(imsi)=161 bestRsrp=-141.864 < min=-120 (all cells below threshold) retryIn=2s
---- INIT_ATTACH t=24 UE(imsi)=163 ----
  candOK0 cell=14 rsrp=-107.69 occ=9/10 -> OK
  SELECT cell=14 rsrp=-107.69 occ(afterReserve)=10/10
  INIT_ATTACH_OK: UE(imsi)=163 -> cell=14
---- INIT_ATTACH t=24 UE(imsi)=164 ----
  INIT_ATTACH_FAIL_ALL_LOW_RSRP: UE(imsi)=164 bestRsrp=-139.529 < min=-120 (all cells below threshold) retryIn=2s
---- INIT_ATTACH t=24 UE(imsi)=165 ----
  INIT_ATTACH_FAIL_ALL_LOW_RSRP: UE(imsi)=165 bestRsrp=-143.287 < min=-120 (all cells below threshold) retryIn=2s
---- INIT_ATTACH t=24 UE(imsi)=169 ----
  INIT_ATTACH_FAIL_ALL_LOW_RSRP: UE(imsi)=169 bestRsrp=-142.535 < min=-120 (all cells below threshold) retryIn=2s
---- INIT_ATTACH t=24 UE(imsi)=171 ----
  INIT_ATTACH_FAIL_ALL_LOW_RSRP: UE(imsi)=171 bestRsrp=-143.739 < min=-120 (all cells below threshold) retryIn=2s
---- INIT_ATTACH t=24 UE(imsi)=173 ----
  INIT_ATTACH_FAIL_ALL_LOW_RSRP: UE(imsi)=173 bestRsrp=-137.972 < min=-120 (all cells below threshold) retryIn=2s
---- INIT_ATTACH t=24 UE(imsi)=174 ----
  INIT_ATTACH_FAIL_ALL_LOW_RSRP: UE(imsi)=174 bestRsrp=-138.576 < min=-120 (all cells below threshold) retryIn=2s
---- INIT_ATTACH t=24 UE(imsi)=179 ----
  INIT_ATTACH_FAIL_ALL_LOW_RSRP: UE(imsi)=179 bestRsrp=-146.281 < min=-120 (all cells below threshold) retryIn=2s
---- INIT_ATTACH t=24 UE(imsi)=181 ----
  INIT_ATTACH_FAIL_ALL_LOW_RSRP: UE(imsi)=181 bestRsrp=-144.92 < min=-120 (all cells below threshold) retryIn=2s
---- INIT_ATTACH t=24 UE(imsi)=183 ----
  INIT_ATTACH_FAIL_ALL_LOW_RSRP: UE(imsi)=183 bestRsrp=-120.2 < min=-120 (all cells below threshold) retryIn=2s
---- INIT_ATTACH t=24 UE(imsi)=185 ----
  INIT_ATTACH_FAIL_ALL_LOW_RSRP: UE(imsi)=185 bestRsrp=-142.852 < min=-120 (all cells below threshold) retryIn=2s
---- INIT_ATTACH t=24 UE(imsi)=187 ----
  INIT_ATTACH_FAIL_ALL_LOW_RSRP: UE(imsi)=187 bestRsrp=-132.329 < min=-120 (all cells below threshold) retryIn=2s
---- INIT_ATTACH t=24 UE(imsi)=192 ----
  INIT_ATTACH_FAIL_ALL_LOW_RSRP: UE(imsi)=192 bestRsrp=-153.398 < min=-120 (all cells below threshold) retryIn=2s
---- INIT_ATTACH t=24 UE(imsi)=195 ----
  INIT_ATTACH_FAIL_ALL_LOW_RSRP: UE(imsi)=195 bestRsrp=-143.3 < min=-120 (all cells below threshold) retryIn=2s
---- INIT_ATTACH t=24 UE(imsi)=197 ----
  INIT_ATTACH_FAIL_ALL_LOW_RSRP: UE(imsi)=197 bestRsrp=-144.949 < min=-120 (all cells below threshold) retryIn=2s
---- INIT_ATTACH t=24 UE(imsi)=198 ----
  INIT_ATTACH_FAIL_ALL_LOW_RSRP: UE(imsi)=198 bestRsrp=-130.083 < min=-120 (all cells below threshold) retryIn=2s
---- INIT_ATTACH t=24 UE(imsi)=199 ----
  INIT_ATTACH_FAIL_ALL_LOW_RSRP: UE(imsi)=199 bestRsrp=-142.623 < min=-120 (all cells below threshold) retryIn=2s
---- INIT_ATTACH t=24 UE(imsi)=200 ----
  INIT_ATTACH_FAIL_ALL_LOW_RSRP: UE(imsi)=200 bestRsrp=-146.413 < min=-120 (all cells below threshold) retryIn=2s
---- INIT_ATTACH t=24 UE(imsi)=201 ----
  INIT_ATTACH_FAIL_ALL_LOW_RSRP: UE(imsi)=201 bestRsrp=-126.536 < min=-120 (all cells below threshold) retryIn=2s
---- INIT_ATTACH t=24 UE(imsi)=202 ----
  INIT_ATTACH_FAIL_ALL_LOW_RSRP: UE(imsi)=202 bestRsrp=-146.862 < min=-120 (all cells below threshold) retryIn=2s
---- INIT_ATTACH t=24 UE(imsi)=203 ----
  INIT_ATTACH_FAIL_ALL_LOW_RSRP: UE(imsi)=203 bestRsrp=-152.011 < min=-120 (all cells below threshold) retryIn=2s
---- INIT_ATTACH t=24 UE(imsi)=204 ----
  INIT_ATTACH_FAIL_ALL_LOW_RSRP: UE(imsi)=204 bestRsrp=-142.473 < min=-120 (all cells below threshold) retryIn=2s
---- INIT_ATTACH t=24 UE(imsi)=212 ----
  INIT_ATTACH_FAIL_ALL_LOW_RSRP: UE(imsi)=212 bestRsrp=-136.526 < min=-120 (all cells below threshold) retryIn=2s
---- INIT_ATTACH t=24 UE(imsi)=214 ----
  INIT_ATTACH_FAIL_ALL_LOW_RSRP: UE(imsi)=214 bestRsrp=-142.347 < min=-120 (all cells below threshold) retryIn=2s
---- INIT_ATTACH t=24 UE(imsi)=216 ----
  INIT_ATTACH_FAIL_ALL_LOW_RSRP: UE(imsi)=216 bestRsrp=-141.314 < min=-120 (all cells below threshold) retryIn=2s
---- INIT_ATTACH t=24 UE(imsi)=217 ----
  INIT_ATTACH_FAIL_ALL_LOW_RSRP: UE(imsi)=217 bestRsrp=-125.686 < min=-120 (all cells below threshold) retryIn=2s
---- INIT_ATTACH t=24 UE(imsi)=218 ----
  INIT_ATTACH_FAIL_ALL_LOW_RSRP: UE(imsi)=218 bestRsrp=-132.441 < min=-120 (all cells below threshold) retryIn=2s
---- INIT_ATTACH t=24 UE(imsi)=220 ----
  INIT_ATTACH_FAIL_ALL_LOW_RSRP: UE(imsi)=220 bestRsrp=-121.911 < min=-120 (all cells below threshold) retryIn=2s
---- INIT_ATTACH t=24 UE(imsi)=221 ----
  INIT_ATTACH_FAIL_ALL_LOW_RSRP: UE(imsi)=221 bestRsrp=-134.521 < min=-120 (all cells below threshold) retryIn=2s
---- INIT_ATTACH t=24 UE(imsi)=222 ----
  INIT_ATTACH_FAIL_ALL_LOW_RSRP: UE(imsi)=222 bestRsrp=-139.241 < min=-120 (all cells below threshold) retryIn=2s
---- INIT_ATTACH t=24 UE(imsi)=224 ----
  INIT_ATTACH_FAIL_ALL_LOW_RSRP: UE(imsi)=224 bestRsrp=-156.851 < min=-120 (all cells below threshold) retryIn=2s
---- INIT_ATTACH t=24 UE(imsi)=225 ----
  INIT_ATTACH_FAIL_ALL_LOW_RSRP: UE(imsi)=225 bestRsrp=-133.697 < min=-120 (all cells below threshold) retryIn=2s
---- INIT_ATTACH t=24 UE(imsi)=227 ----
  INIT_ATTACH_FAIL_ALL_LOW_RSRP: UE(imsi)=227 bestRsrp=-134.711 < min=-120 (all cells below threshold) retryIn=2s
---- INIT_ATTACH t=24 UE(imsi)=230 ----
  INIT_ATTACH_FAIL_ALL_LOW_RSRP: UE(imsi)=230 bestRsrp=-143.082 < min=-120 (all cells below threshold) retryIn=2s
---- INIT_ATTACH t=24 UE(imsi)=231 ----
  INIT_ATTACH_FAIL_ALL_LOW_RSRP: UE(imsi)=231 bestRsrp=-138.011 < min=-120 (all cells below threshold) retryIn=2s
---- INIT_ATTACH t=24 UE(imsi)=232 ----
  INIT_ATTACH_FAIL_ALL_LOW_RSRP: UE(imsi)=232 bestRsrp=-141.662 < min=-120 (all cells below threshold) retryIn=2s
---- INIT_ATTACH t=24 UE(imsi)=233 ----
  INIT_ATTACH_FAIL_ALL_LOW_RSRP: UE(imsi)=233 bestRsrp=-146.336 < min=-120 (all cells below threshold) retryIn=2s
---- INIT_ATTACH t=24 UE(imsi)=236 ----
  candOK0 cell=11 rsrp=-99.7825 occ=10/10 -> SKIP_FULL
  INIT_ATTACH_FAIL_ALL_FULL: UE(imsi)=236 rsrpOk=1 (all RSRP>=min but full or invalid) retryIn=2s
---- INIT_ATTACH t=24 UE(imsi)=237 ----
  INIT_ATTACH_FAIL_ALL_LOW_RSRP: UE(imsi)=237 bestRsrp=-124.749 < min=-120 (all cells below threshold) retryIn=2s
---- INIT_ATTACH t=24 UE(imsi)=238 ----
  INIT_ATTACH_FAIL_ALL_LOW_RSRP: UE(imsi)=238 bestRsrp=-140.545 < min=-120 (all cells below threshold) retryIn=2s
---- INIT_ATTACH t=24 UE(imsi)=240 ----
  INIT_ATTACH_FAIL_ALL_LOW_RSRP: UE(imsi)=240 bestRsrp=-140.623 < min=-120 (all cells below threshold) retryIn=2s
---- INIT_ATTACH t=26 UE(imsi)=16 ----
  INIT_ATTACH_FAIL_ALL_LOW_RSRP: UE(imsi)=16 bestRsrp=-129.495 < min=-120 (all cells below threshold) retryIn=2s
---- INIT_ATTACH t=26 UE(imsi)=20 ----
  INIT_ATTACH_FAIL_ALL_LOW_RSRP: UE(imsi)=20 bestRsrp=-152.846 < min=-120 (all cells below threshold) retryIn=2s
---- INIT_ATTACH t=26 UE(imsi)=23 ----
  INIT_ATTACH_FAIL_ALL_LOW_RSRP: UE(imsi)=23 bestRsrp=-142.21 < min=-120 (all cells below threshold) retryIn=2s
---- INIT_ATTACH t=26 UE(imsi)=25 ----
  INIT_ATTACH_FAIL_ALL_LOW_RSRP: UE(imsi)=25 bestRsrp=-137.127 < min=-120 (all cells below threshold) retryIn=2s
---- INIT_ATTACH t=26 UE(imsi)=26 ----
  INIT_ATTACH_FAIL_ALL_LOW_RSRP: UE(imsi)=26 bestRsrp=-140.447 < min=-120 (all cells below threshold) retryIn=2s
---- INIT_ATTACH t=26 UE(imsi)=29 ----
  INIT_ATTACH_FAIL_ALL_LOW_RSRP: UE(imsi)=29 bestRsrp=-152.164 < min=-120 (all cells below threshold) retryIn=2s
---- INIT_ATTACH t=26 UE(imsi)=31 ----
  candOK0 cell=11 rsrp=-95.5416 occ=10/10 -> SKIP_FULL
  INIT_ATTACH_FAIL_ALL_FULL: UE(imsi)=31 rsrpOk=1 (all RSRP>=min but full or invalid) retryIn=2s
---- INIT_ATTACH t=26 UE(imsi)=35 ----
  candOK0 cell=7 rsrp=-113.853 occ=13/20 -> OK
  SELECT cell=7 rsrp=-113.853 occ(afterReserve)=14/20
  INIT_ATTACH_OK: UE(imsi)=35 -> cell=7
---- INIT_ATTACH t=26 UE(imsi)=36 ----
  INIT_ATTACH_FAIL_ALL_LOW_RSRP: UE(imsi)=36 bestRsrp=-138.921 < min=-120 (all cells below threshold) retryIn=2s
---- INIT_ATTACH t=26 UE(imsi)=38 ----
  INIT_ATTACH_FAIL_ALL_LOW_RSRP: UE(imsi)=38 bestRsrp=-145.685 < min=-120 (all cells below threshold) retryIn=2s
---- INIT_ATTACH t=26 UE(imsi)=44 ----
  INIT_ATTACH_FAIL_ALL_LOW_RSRP: UE(imsi)=44 bestRsrp=-134.584 < min=-120 (all cells below threshold) retryIn=2s
---- INIT_ATTACH t=26 UE(imsi)=45 ----
  INIT_ATTACH_FAIL_ALL_LOW_RSRP: UE(imsi)=45 bestRsrp=-128.133 < min=-120 (all cells below threshold) retryIn=2s
---- INIT_ATTACH t=26 UE(imsi)=47 ----
  INIT_ATTACH_FAIL_ALL_LOW_RSRP: UE(imsi)=47 bestRsrp=-135.023 < min=-120 (all cells below threshold) retryIn=2s
---- INIT_ATTACH t=26 UE(imsi)=48 ----
  INIT_ATTACH_FAIL_ALL_LOW_RSRP: UE(imsi)=48 bestRsrp=-138.822 < min=-120 (all cells below threshold) retryIn=2s
---- INIT_ATTACH t=26 UE(imsi)=50 ----
  INIT_ATTACH_FAIL_ALL_LOW_RSRP: UE(imsi)=50 bestRsrp=-130.439 < min=-120 (all cells below threshold) retryIn=2s
---- INIT_ATTACH t=26 UE(imsi)=53 ----
  INIT_ATTACH_FAIL_ALL_LOW_RSRP: UE(imsi)=53 bestRsrp=-139.963 < min=-120 (all cells below threshold) retryIn=2s
---- INIT_ATTACH t=26 UE(imsi)=54 ----
  INIT_ATTACH_FAIL_ALL_LOW_RSRP: UE(imsi)=54 bestRsrp=-144.221 < min=-120 (all cells below threshold) retryIn=2s
---- INIT_ATTACH t=26 UE(imsi)=55 ----
  INIT_ATTACH_FAIL_ALL_LOW_RSRP: UE(imsi)=55 bestRsrp=-155.787 < min=-120 (all cells below threshold) retryIn=2s
---- INIT_ATTACH t=26 UE(imsi)=57 ----
  INIT_ATTACH_FAIL_ALL_LOW_RSRP: UE(imsi)=57 bestRsrp=-129.112 < min=-120 (all cells below threshold) retryIn=2s
---- INIT_ATTACH t=26 UE(imsi)=61 ----
  INIT_ATTACH_FAIL_ALL_LOW_RSRP: UE(imsi)=61 bestRsrp=-141.302 < min=-120 (all cells below threshold) retryIn=2s
---- INIT_ATTACH t=26 UE(imsi)=62 ----
  INIT_ATTACH_FAIL_ALL_LOW_RSRP: UE(imsi)=62 bestRsrp=-125.626 < min=-120 (all cells below threshold) retryIn=2s
---- INIT_ATTACH t=26 UE(imsi)=67 ----
  INIT_ATTACH_FAIL_ALL_LOW_RSRP: UE(imsi)=67 bestRsrp=-139.271 < min=-120 (all cells below threshold) retryIn=2s
---- INIT_ATTACH t=26 UE(imsi)=68 ----
  INIT_ATTACH_FAIL_ALL_LOW_RSRP: UE(imsi)=68 bestRsrp=-136.757 < min=-120 (all cells below threshold) retryIn=2s
---- INIT_ATTACH t=26 UE(imsi)=70 ----
  INIT_ATTACH_FAIL_ALL_LOW_RSRP: UE(imsi)=70 bestRsrp=-129.682 < min=-120 (all cells below threshold) retryIn=2s
---- INIT_ATTACH t=26 UE(imsi)=73 ----
  INIT_ATTACH_FAIL_ALL_LOW_RSRP: UE(imsi)=73 bestRsrp=-145.797 < min=-120 (all cells below threshold) retryIn=2s
---- INIT_ATTACH t=26 UE(imsi)=74 ----
  INIT_ATTACH_FAIL_ALL_LOW_RSRP: UE(imsi)=74 bestRsrp=-145.367 < min=-120 (all cells below threshold) retryIn=2s
---- INIT_ATTACH t=26 UE(imsi)=76 ----
  INIT_ATTACH_FAIL_ALL_LOW_RSRP: UE(imsi)=76 bestRsrp=-144.202 < min=-120 (all cells below threshold) retryIn=2s
---- INIT_ATTACH t=26 UE(imsi)=81 ----
  INIT_ATTACH_FAIL_ALL_LOW_RSRP: UE(imsi)=81 bestRsrp=-136.447 < min=-120 (all cells below threshold) retryIn=2s
---- INIT_ATTACH t=26 UE(imsi)=85 ----
  INIT_ATTACH_FAIL_ALL_LOW_RSRP: UE(imsi)=85 bestRsrp=-146.065 < min=-120 (all cells below threshold) retryIn=2s
---- INIT_ATTACH t=26 UE(imsi)=86 ----
  INIT_ATTACH_FAIL_ALL_LOW_RSRP: UE(imsi)=86 bestRsrp=-126.801 < min=-120 (all cells below threshold) retryIn=2s
---- INIT_ATTACH t=26 UE(imsi)=87 ----
  INIT_ATTACH_FAIL_ALL_LOW_RSRP: UE(imsi)=87 bestRsrp=-136.619 < min=-120 (all cells below threshold) retryIn=2s
---- INIT_ATTACH t=26 UE(imsi)=92 ----
  INIT_ATTACH_FAIL_ALL_LOW_RSRP: UE(imsi)=92 bestRsrp=-133.418 < min=-120 (all cells below threshold) retryIn=2s
---- INIT_ATTACH t=26 UE(imsi)=97 ----
  INIT_ATTACH_FAIL_ALL_LOW_RSRP: UE(imsi)=97 bestRsrp=-145.052 < min=-120 (all cells below threshold) retryIn=2s
---- INIT_ATTACH t=26 UE(imsi)=98 ----
  INIT_ATTACH_FAIL_ALL_LOW_RSRP: UE(imsi)=98 bestRsrp=-129.317 < min=-120 (all cells below threshold) retryIn=2s
---- INIT_ATTACH t=26 UE(imsi)=102 ----
  candOK0 cell=14 rsrp=-95.9827 occ=10/10 -> SKIP_FULL
  INIT_ATTACH_FAIL_ALL_FULL: UE(imsi)=102 rsrpOk=1 (all RSRP>=min but full or invalid) retryIn=2s
---- INIT_ATTACH t=26 UE(imsi)=106 ----
  INIT_ATTACH_FAIL_ALL_LOW_RSRP: UE(imsi)=106 bestRsrp=-127.874 < min=-120 (all cells below threshold) retryIn=2s
---- INIT_ATTACH t=26 UE(imsi)=109 ----
  INIT_ATTACH_FAIL_ALL_LOW_RSRP: UE(imsi)=109 bestRsrp=-132.417 < min=-120 (all cells below threshold) retryIn=2s
---- INIT_ATTACH t=26 UE(imsi)=116 ----
  INIT_ATTACH_FAIL_ALL_LOW_RSRP: UE(imsi)=116 bestRsrp=-150.781 < min=-120 (all cells below threshold) retryIn=2s
---- INIT_ATTACH t=26 UE(imsi)=119 ----
  INIT_ATTACH_FAIL_ALL_LOW_RSRP: UE(imsi)=119 bestRsrp=-140.467 < min=-120 (all cells below threshold) retryIn=2s
---- INIT_ATTACH t=26 UE(imsi)=120 ----
  INIT_ATTACH_FAIL_ALL_LOW_RSRP: UE(imsi)=120 bestRsrp=-140.288 < min=-120 (all cells below threshold) retryIn=2s
---- INIT_ATTACH t=26 UE(imsi)=122 ----
  INIT_ATTACH_FAIL_ALL_LOW_RSRP: UE(imsi)=122 bestRsrp=-142.642 < min=-120 (all cells below threshold) retryIn=2s
---- INIT_ATTACH t=26 UE(imsi)=134 ----
  INIT_ATTACH_FAIL_ALL_LOW_RSRP: UE(imsi)=134 bestRsrp=-129.137 < min=-120 (all cells below threshold) retryIn=2s
---- INIT_ATTACH t=26 UE(imsi)=135 ----
  INIT_ATTACH_FAIL_ALL_LOW_RSRP: UE(imsi)=135 bestRsrp=-133.633 < min=-120 (all cells below threshold) retryIn=2s
---- INIT_ATTACH t=26 UE(imsi)=136 ----
  INIT_ATTACH_FAIL_ALL_LOW_RSRP: UE(imsi)=136 bestRsrp=-145.079 < min=-120 (all cells below threshold) retryIn=2s
---- INIT_ATTACH t=26 UE(imsi)=138 ----
  INIT_ATTACH_FAIL_ALL_LOW_RSRP: UE(imsi)=138 bestRsrp=-145.387 < min=-120 (all cells below threshold) retryIn=2s
---- INIT_ATTACH t=26 UE(imsi)=140 ----
  INIT_ATTACH_FAIL_ALL_LOW_RSRP: UE(imsi)=140 bestRsrp=-139.613 < min=-120 (all cells below threshold) retryIn=2s
---- INIT_ATTACH t=26 UE(imsi)=142 ----
  INIT_ATTACH_FAIL_ALL_LOW_RSRP: UE(imsi)=142 bestRsrp=-138.391 < min=-120 (all cells below threshold) retryIn=2s
---- INIT_ATTACH t=26 UE(imsi)=144 ----
  INIT_ATTACH_FAIL_ALL_LOW_RSRP: UE(imsi)=144 bestRsrp=-148.179 < min=-120 (all cells below threshold) retryIn=2s
---- INIT_ATTACH t=26 UE(imsi)=146 ----
  INIT_ATTACH_FAIL_ALL_LOW_RSRP: UE(imsi)=146 bestRsrp=-134.13 < min=-120 (all cells below threshold) retryIn=2s
---- INIT_ATTACH t=26 UE(imsi)=148 ----
  INIT_ATTACH_FAIL_ALL_LOW_RSRP: UE(imsi)=148 bestRsrp=-140.062 < min=-120 (all cells below threshold) retryIn=2s
---- INIT_ATTACH t=26 UE(imsi)=150 ----
  INIT_ATTACH_FAIL_ALL_LOW_RSRP: UE(imsi)=150 bestRsrp=-144.718 < min=-120 (all cells below threshold) retryIn=2s
---- INIT_ATTACH t=26 UE(imsi)=151 ----
  INIT_ATTACH_FAIL_ALL_LOW_RSRP: UE(imsi)=151 bestRsrp=-147.009 < min=-120 (all cells below threshold) retryIn=2s
---- INIT_ATTACH t=26 UE(imsi)=154 ----
  INIT_ATTACH_FAIL_ALL_LOW_RSRP: UE(imsi)=154 bestRsrp=-130.206 < min=-120 (all cells below threshold) retryIn=2s
---- INIT_ATTACH t=26 UE(imsi)=155 ----
  INIT_ATTACH_FAIL_ALL_LOW_RSRP: UE(imsi)=155 bestRsrp=-135.838 < min=-120 (all cells below threshold) retryIn=2s
---- INIT_ATTACH t=26 UE(imsi)=157 ----
  candOK0 cell=12 rsrp=-107.299 occ=10/10 -> SKIP_FULL
  INIT_ATTACH_FAIL_ALL_FULL: UE(imsi)=157 rsrpOk=1 (all RSRP>=min but full or invalid) retryIn=2s
---- INIT_ATTACH t=26 UE(imsi)=158 ----
  INIT_ATTACH_FAIL_ALL_LOW_RSRP: UE(imsi)=158 bestRsrp=-126.823 < min=-120 (all cells below threshold) retryIn=2s
---- INIT_ATTACH t=26 UE(imsi)=161 ----
  INIT_ATTACH_FAIL_ALL_LOW_RSRP: UE(imsi)=161 bestRsrp=-144.535 < min=-120 (all cells below threshold) retryIn=2s
---- INIT_ATTACH t=26 UE(imsi)=164 ----
  INIT_ATTACH_FAIL_ALL_LOW_RSRP: UE(imsi)=164 bestRsrp=-140.185 < min=-120 (all cells below threshold) retryIn=2s
---- INIT_ATTACH t=26 UE(imsi)=165 ----
  INIT_ATTACH_FAIL_ALL_LOW_RSRP: UE(imsi)=165 bestRsrp=-146.749 < min=-120 (all cells below threshold) retryIn=2s
---- INIT_ATTACH t=26 UE(imsi)=169 ----
  INIT_ATTACH_FAIL_ALL_LOW_RSRP: UE(imsi)=169 bestRsrp=-141.965 < min=-120 (all cells below threshold) retryIn=2s
---- INIT_ATTACH t=26 UE(imsi)=171 ----
  candOK0 cell=11 rsrp=-115.179 occ=10/10 -> SKIP_FULL
  INIT_ATTACH_FAIL_ALL_FULL: UE(imsi)=171 rsrpOk=1 (all RSRP>=min but full or invalid) retryIn=2s
---- INIT_ATTACH t=26 UE(imsi)=173 ----
  INIT_ATTACH_FAIL_ALL_LOW_RSRP: UE(imsi)=173 bestRsrp=-136.857 < min=-120 (all cells below threshold) retryIn=2s
---- INIT_ATTACH t=26 UE(imsi)=174 ----
  INIT_ATTACH_FAIL_ALL_LOW_RSRP: UE(imsi)=174 bestRsrp=-140.793 < min=-120 (all cells below threshold) retryIn=2s
---- INIT_ATTACH t=26 UE(imsi)=179 ----
  INIT_ATTACH_FAIL_ALL_LOW_RSRP: UE(imsi)=179 bestRsrp=-145.62 < min=-120 (all cells below threshold) retryIn=2s
---- INIT_ATTACH t=26 UE(imsi)=181 ----
  INIT_ATTACH_FAIL_ALL_LOW_RSRP: UE(imsi)=181 bestRsrp=-133.716 < min=-120 (all cells below threshold) retryIn=2s
---- INIT_ATTACH t=26 UE(imsi)=183 ----
  INIT_ATTACH_FAIL_ALL_LOW_RSRP: UE(imsi)=183 bestRsrp=-142.637 < min=-120 (all cells below threshold) retryIn=2s
---- INIT_ATTACH t=26 UE(imsi)=185 ----
  INIT_ATTACH_FAIL_ALL_LOW_RSRP: UE(imsi)=185 bestRsrp=-144.809 < min=-120 (all cells below threshold) retryIn=2s
---- INIT_ATTACH t=26 UE(imsi)=187 ----
  INIT_ATTACH_FAIL_ALL_LOW_RSRP: UE(imsi)=187 bestRsrp=-131.448 < min=-120 (all cells below threshold) retryIn=2s
---- INIT_ATTACH t=26 UE(imsi)=192 ----
  INIT_ATTACH_FAIL_ALL_LOW_RSRP: UE(imsi)=192 bestRsrp=-149.226 < min=-120 (all cells below threshold) retryIn=2s
---- INIT_ATTACH t=26 UE(imsi)=195 ----
  INIT_ATTACH_FAIL_ALL_LOW_RSRP: UE(imsi)=195 bestRsrp=-141.094 < min=-120 (all cells below threshold) retryIn=2s
---- INIT_ATTACH t=26 UE(imsi)=197 ----
  INIT_ATTACH_FAIL_ALL_LOW_RSRP: UE(imsi)=197 bestRsrp=-142.874 < min=-120 (all cells below threshold) retryIn=2s
---- INIT_ATTACH t=26 UE(imsi)=198 ----
  INIT_ATTACH_FAIL_ALL_LOW_RSRP: UE(imsi)=198 bestRsrp=-132.125 < min=-120 (all cells below threshold) retryIn=2s
---- INIT_ATTACH t=26 UE(imsi)=199 ----
  INIT_ATTACH_FAIL_ALL_LOW_RSRP: UE(imsi)=199 bestRsrp=-142.401 < min=-120 (all cells below threshold) retryIn=2s
---- INIT_ATTACH t=26 UE(imsi)=200 ----
  INIT_ATTACH_FAIL_ALL_LOW_RSRP: UE(imsi)=200 bestRsrp=-145.519 < min=-120 (all cells below threshold) retryIn=2s
---- INIT_ATTACH t=26 UE(imsi)=201 ----
  INIT_ATTACH_FAIL_ALL_LOW_RSRP: UE(imsi)=201 bestRsrp=-123.126 < min=-120 (all cells below threshold) retryIn=2s
---- INIT_ATTACH t=26 UE(imsi)=202 ----
  candOK0 cell=11 rsrp=-110.224 occ=10/10 -> SKIP_FULL
  INIT_ATTACH_FAIL_ALL_FULL: UE(imsi)=202 rsrpOk=1 (all RSRP>=min but full or invalid) retryIn=2s
---- INIT_ATTACH t=26 UE(imsi)=203 ----
  INIT_ATTACH_FAIL_ALL_LOW_RSRP: UE(imsi)=203 bestRsrp=-151.027 < min=-120 (all cells below threshold) retryIn=2s
---- INIT_ATTACH t=26 UE(imsi)=204 ----
  INIT_ATTACH_FAIL_ALL_LOW_RSRP: UE(imsi)=204 bestRsrp=-142.306 < min=-120 (all cells below threshold) retryIn=2s
---- INIT_ATTACH t=26 UE(imsi)=212 ----
  INIT_ATTACH_FAIL_ALL_LOW_RSRP: UE(imsi)=212 bestRsrp=-137.356 < min=-120 (all cells below threshold) retryIn=2s
---- INIT_ATTACH t=26 UE(imsi)=214 ----
  INIT_ATTACH_FAIL_ALL_LOW_RSRP: UE(imsi)=214 bestRsrp=-143.656 < min=-120 (all cells below threshold) retryIn=2s
---- INIT_ATTACH t=26 UE(imsi)=216 ----
  INIT_ATTACH_FAIL_ALL_LOW_RSRP: UE(imsi)=216 bestRsrp=-143.664 < min=-120 (all cells below threshold) retryIn=2s
---- INIT_ATTACH t=26 UE(imsi)=217 ----
  INIT_ATTACH_FAIL_ALL_LOW_RSRP: UE(imsi)=217 bestRsrp=-122.682 < min=-120 (all cells below threshold) retryIn=2s
---- INIT_ATTACH t=26 UE(imsi)=218 ----
  INIT_ATTACH_FAIL_ALL_LOW_RSRP: UE(imsi)=218 bestRsrp=-130.28 < min=-120 (all cells below threshold) retryIn=2s
---- INIT_ATTACH t=26 UE(imsi)=220 ----
  INIT_ATTACH_FAIL_ALL_LOW_RSRP: UE(imsi)=220 bestRsrp=-149.485 < min=-120 (all cells below threshold) retryIn=2s
---- INIT_ATTACH t=26 UE(imsi)=221 ----
  INIT_ATTACH_FAIL_ALL_LOW_RSRP: UE(imsi)=221 bestRsrp=-132.497 < min=-120 (all cells below threshold) retryIn=2s
---- INIT_ATTACH t=26 UE(imsi)=222 ----
  INIT_ATTACH_FAIL_ALL_LOW_RSRP: UE(imsi)=222 bestRsrp=-143.02 < min=-120 (all cells below threshold) retryIn=2s
---- INIT_ATTACH t=26 UE(imsi)=224 ----
  INIT_ATTACH_FAIL_ALL_LOW_RSRP: UE(imsi)=224 bestRsrp=-157.068 < min=-120 (all cells below threshold) retryIn=2s
---- INIT_ATTACH t=26 UE(imsi)=225 ----
  INIT_ATTACH_FAIL_ALL_LOW_RSRP: UE(imsi)=225 bestRsrp=-133.014 < min=-120 (all cells below threshold) retryIn=2s
---- INIT_ATTACH t=26 UE(imsi)=227 ----
  INIT_ATTACH_FAIL_ALL_LOW_RSRP: UE(imsi)=227 bestRsrp=-133.587 < min=-120 (all cells below threshold) retryIn=2s
---- INIT_ATTACH t=26 UE(imsi)=230 ----
  INIT_ATTACH_FAIL_ALL_LOW_RSRP: UE(imsi)=230 bestRsrp=-143.543 < min=-120 (all cells below threshold) retryIn=2s
---- INIT_ATTACH t=26 UE(imsi)=231 ----
  INIT_ATTACH_FAIL_ALL_LOW_RSRP: UE(imsi)=231 bestRsrp=-136.899 < min=-120 (all cells below threshold) retryIn=2s
---- INIT_ATTACH t=26 UE(imsi)=232 ----
  INIT_ATTACH_FAIL_ALL_LOW_RSRP: UE(imsi)=232 bestRsrp=-135.866 < min=-120 (all cells below threshold) retryIn=2s
---- INIT_ATTACH t=26 UE(imsi)=233 ----
  INIT_ATTACH_FAIL_ALL_LOW_RSRP: UE(imsi)=233 bestRsrp=-145.017 < min=-120 (all cells below threshold) retryIn=2s
---- INIT_ATTACH t=26 UE(imsi)=236 ----
  INIT_ATTACH_FAIL_ALL_LOW_RSRP: UE(imsi)=236 bestRsrp=-126.705 < min=-120 (all cells below threshold) retryIn=2s
---- INIT_ATTACH t=26 UE(imsi)=237 ----
  INIT_ATTACH_FAIL_ALL_LOW_RSRP: UE(imsi)=237 bestRsrp=-145.8 < min=-120 (all cells below threshold) retryIn=2s
---- INIT_ATTACH t=26 UE(imsi)=238 ----
  INIT_ATTACH_FAIL_ALL_LOW_RSRP: UE(imsi)=238 bestRsrp=-139.404 < min=-120 (all cells below threshold) retryIn=2s
---- INIT_ATTACH t=26 UE(imsi)=240 ----
  INIT_ATTACH_FAIL_ALL_LOW_RSRP: UE(imsi)=240 bestRsrp=-141.668 < min=-120 (all cells below threshold) retryIn=2s
---- LOAD at t=27.5 ----
  cell 1 (TN) load=11/20
  cell 2 (TN) load=9/20
  cell 3 (TN) load=7/20
  cell 4 (TN) load=4/20
  cell 5 (TN) load=10/20
  cell 6 (TN) load=7/20
  cell 7 (TN) load=14/20
  cell 8 (TN) load=13/20
  cell 9 (NTN) load=10/10
  cell 10 (NTN) load=10/10
  cell 11 (NTN) load=10/10
  cell 12 (NTN) load=10/10
  cell 13 (NTN) load=9/10
  cell 14 (NTN) load=10/10
UE 15 TTT_WAIT target=7 elapsed=0s need=2s
UE 17 TTT_WAIT target=5 elapsed=0s need=2s
UE 18 TTT_WAIT target=1 elapsed=0s need=2s
UE 23 TTT_WAIT target=3 elapsed=0s need=2s
UE 27 TTT_WAIT target=8 elapsed=0s need=2s
UE 29 TTT_WAIT target=8 elapsed=0s need=2s
LM HO UE=31 rnti=80 13->7 type=TN servingRsrp=-123.874 targetRsrp=-85.0105 targetLoadReal=14/20 targetLoadEff=14/20
UE 39 TTT_WAIT target=7 elapsed=0s need=2s
UE 42 TTT_WAIT target=3 elapsed=0s need=2s
UE 45 TTT_WAIT target=1 elapsed=0s need=2s
UE 53 TTT_WAIT target=7 elapsed=0s need=2s
UE 54 TTT_WAIT target=13 elapsed=0s need=2s
UE 56 TTT_WAIT target=6 elapsed=0s need=2s
UE 61 TTT_WAIT target=2 elapsed=0s need=2s
UE 63 TTT_WAIT target=5 elapsed=0s need=2s
LM HO UE=70 rnti=53 1->2 type=TN servingRsrp=-119.115 targetRsrp=-80.3745 targetLoadReal=9/20 targetLoadEff=9/20
UE 72 TTT_WAIT target=6 elapsed=0s need=2s
UE 77 TTT_WAIT target=1 elapsed=0s need=2s
UE 82 TTT_WAIT target=2 elapsed=0s need=2s
LM HO_FAIL_LOW_RSRP UE=91 currCell=8 candCell=13 candRsrp=-130.155 < min=-120
UE 92 TTT_WAIT target=8 elapsed=0s need=2s
UE 93 TTT_WAIT target=4 elapsed=0s need=2s
UE 95 TTT_WAIT target=4 elapsed=0s need=2s
LM HO UE=97 rnti=31 2->1 type=TN servingRsrp=-95.1201 targetRsrp=-72.5034 targetLoadReal=11/20 targetLoadEff=11/20
UE 99 TTT_WAIT target=2 elapsed=0s need=2s
UE 101 TTT_WAIT target=4 elapsed=0s need=2s
UE 109 TTT_WAIT target=2 elapsed=0s need=2s
UE 112 TTT_WAIT target=6 elapsed=0s need=2s
UE 120 TTT_WAIT target=5 elapsed=0s need=2s
UE 125 TTT_WAIT target=6 elapsed=0s need=2s
UE 130 TTT_WAIT target=2 elapsed=0s need=2s
UE 131 TTT_WAIT target=5 elapsed=0s need=2s
LM HO UE=135 rnti=65 7->2 type=TN servingRsrp=-121.532 targetRsrp=-109.077 targetLoadReal=9/20 targetLoadEff=10/20
UE 137 TTT_WAIT target=5 elapsed=0s need=2s
LM HO UE=140 rnti=64 1->6 type=TN servingRsrp=-108.801 targetRsrp=-83.5888 targetLoadReal=7/20 targetLoadEff=7/20
UE 144 TTT_WAIT target=1 elapsed=0s need=2s
UE 148 TTT_WAIT target=3 elapsed=0s need=2s
UE 150 TTT_WAIT target=2 elapsed=0s need=2s
UE 151 TTT_WAIT target=1 elapsed=0s need=2s
UE 155 TTT_WAIT target=8 elapsed=0s need=2s
UE 156 TTT_WAIT target=5 elapsed=0s need=2s
UE 157 TTT_WAIT target=2 elapsed=0s need=2s
UE 158 TTT_WAIT target=2 elapsed=0s need=2s
LM HO_FAIL_LOW_RSRP UE=159 currCell=9 candCell=13 candRsrp=-122.871 < min=-120
UE 162 TTT_WAIT target=3 elapsed=0s need=2s
UE 179 TTT_WAIT target=2 elapsed=0s need=2s
UE 180 TTT_WAIT target=7 elapsed=0s need=2s
UE 182 TTT_WAIT target=5 elapsed=0s need=2s
UE 185 TTT_WAIT target=3 elapsed=0s need=2s
UE 187 TTT_WAIT target=1 elapsed=0s need=2s
UE 188 TTT_WAIT target=5 elapsed=0s need=2s
UE 193 TTT_WAIT target=4 elapsed=0s need=2s
UE 194 TTT_WAIT target=6 elapsed=0s need=2s
UE 195 TTT_WAIT target=7 elapsed=0s need=2s
UE 196 TTT_WAIT target=4 elapsed=0s need=2s
UE 200 TTT_WAIT target=8 elapsed=0s need=2s
UE 204 TTT_WAIT target=2 elapsed=0s need=2s
UE 205 TTT_WAIT target=4 elapsed=0s need=2s
UE 207 TTT_WAIT target=8 elapsed=0s need=2s
UE 209 TTT_WAIT target=3 elapsed=0s need=2s
UE 210 TTT_WAIT target=6 elapsed=0s need=2s
UE 211 TTT_WAIT target=5 elapsed=0s need=2s
UE 212 TTT_WAIT target=4 elapsed=0s need=2s
UE 216 TTT_WAIT target=13 elapsed=0s need=2s
UE 217 TTT_WAIT target=8 elapsed=0s need=2s
UE 219 TTT_WAIT target=8 elapsed=0s need=2s
UE 220 TTT_WAIT target=8 elapsed=0s need=2s
UE 223 TTT_WAIT target=5 elapsed=0s need=2s
UE 224 TTT_WAIT target=8 elapsed=0s need=2s
UE 228 TTT_WAIT target=2 elapsed=0s need=2s
UE 234 TTT_WAIT target=3 elapsed=0s need=2s
LM HO UE=239 rnti=16 13->5 type=TN servingRsrp=-132.062 targetRsrp=-83.9673 targetLoadReal=10/20 targetLoadEff=10/20
UE 240 TTT_WAIT target=5 elapsed=0s need=2s
UE 241 TTT_WAIT target=3 elapsed=0s need=2s
UE 242 TTT_WAIT target=7 elapsed=0s need=2s
UE 243 TTT_WAIT target=1 elapsed=0s need=2s
---- INIT_ATTACH t=28 UE(imsi)=16 ----
  INIT_ATTACH_FAIL_ALL_LOW_RSRP: UE(imsi)=16 bestRsrp=-131.559 < min=-120 (all cells below threshold) retryIn=2s
---- INIT_ATTACH t=28 UE(imsi)=20 ----
  INIT_ATTACH_FAIL_ALL_LOW_RSRP: UE(imsi)=20 bestRsrp=-151.952 < min=-120 (all cells below threshold) retryIn=2s
---- INIT_ATTACH t=28 UE(imsi)=23 ----
  INIT_ATTACH_FAIL_ALL_LOW_RSRP: UE(imsi)=23 bestRsrp=-145.267 < min=-120 (all cells below threshold) retryIn=2s
---- INIT_ATTACH t=28 UE(imsi)=25 ----
  INIT_ATTACH_FAIL_ALL_LOW_RSRP: UE(imsi)=25 bestRsrp=-135.917 < min=-120 (all cells below threshold) retryIn=2s
---- INIT_ATTACH t=28 UE(imsi)=26 ----
  INIT_ATTACH_FAIL_ALL_LOW_RSRP: UE(imsi)=26 bestRsrp=-145.934 < min=-120 (all cells below threshold) retryIn=2s
---- INIT_ATTACH t=28 UE(imsi)=29 ----
  INIT_ATTACH_FAIL_ALL_LOW_RSRP: UE(imsi)=29 bestRsrp=-152.406 < min=-120 (all cells below threshold) retryIn=2s
---- INIT_ATTACH t=28 UE(imsi)=31 ----
  INIT_ATTACH_FAIL_ALL_LOW_RSRP: UE(imsi)=31 bestRsrp=-127.905 < min=-120 (all cells below threshold) retryIn=2s
---- INIT_ATTACH t=28 UE(imsi)=36 ----
  candOK0 cell=11 rsrp=-109.068 occ=10/10 -> SKIP_FULL
  INIT_ATTACH_FAIL_ALL_FULL: UE(imsi)=36 rsrpOk=1 (all RSRP>=min but full or invalid) retryIn=2s
---- INIT_ATTACH t=28 UE(imsi)=38 ----
  INIT_ATTACH_FAIL_ALL_LOW_RSRP: UE(imsi)=38 bestRsrp=-149.329 < min=-120 (all cells below threshold) retryIn=2s
---- INIT_ATTACH t=28 UE(imsi)=44 ----
  INIT_ATTACH_FAIL_ALL_LOW_RSRP: UE(imsi)=44 bestRsrp=-136.629 < min=-120 (all cells below threshold) retryIn=2s
---- INIT_ATTACH t=28 UE(imsi)=45 ----
  candOK0 cell=12 rsrp=-107.66 occ=10/10 -> SKIP_FULL
  INIT_ATTACH_FAIL_ALL_FULL: UE(imsi)=45 rsrpOk=1 (all RSRP>=min but full or invalid) retryIn=2s
---- INIT_ATTACH t=28 UE(imsi)=47 ----
  INIT_ATTACH_FAIL_ALL_LOW_RSRP: UE(imsi)=47 bestRsrp=-134.634 < min=-120 (all cells below threshold) retryIn=2s
---- INIT_ATTACH t=28 UE(imsi)=48 ----
  INIT_ATTACH_FAIL_ALL_LOW_RSRP: UE(imsi)=48 bestRsrp=-120.947 < min=-120 (all cells below threshold) retryIn=2s
---- INIT_ATTACH t=28 UE(imsi)=50 ----
  INIT_ATTACH_FAIL_ALL_LOW_RSRP: UE(imsi)=50 bestRsrp=-130.4 < min=-120 (all cells below threshold) retryIn=2s
---- INIT_ATTACH t=28 UE(imsi)=53 ----
  INIT_ATTACH_FAIL_ALL_LOW_RSRP: UE(imsi)=53 bestRsrp=-141.539 < min=-120 (all cells below threshold) retryIn=2s
---- INIT_ATTACH t=28 UE(imsi)=54 ----
  INIT_ATTACH_FAIL_ALL_LOW_RSRP: UE(imsi)=54 bestRsrp=-143.454 < min=-120 (all cells below threshold) retryIn=2s
---- INIT_ATTACH t=28 UE(imsi)=55 ----
  INIT_ATTACH_FAIL_ALL_LOW_RSRP: UE(imsi)=55 bestRsrp=-151.954 < min=-120 (all cells below threshold) retryIn=2s
---- INIT_ATTACH t=28 UE(imsi)=57 ----
  INIT_ATTACH_FAIL_ALL_LOW_RSRP: UE(imsi)=57 bestRsrp=-128.64 < min=-120 (all cells below threshold) retryIn=2s
---- INIT_ATTACH t=28 UE(imsi)=61 ----
  INIT_ATTACH_FAIL_ALL_LOW_RSRP: UE(imsi)=61 bestRsrp=-141.205 < min=-120 (all cells below threshold) retryIn=2s
---- INIT_ATTACH t=28 UE(imsi)=62 ----
  INIT_ATTACH_FAIL_ALL_LOW_RSRP: UE(imsi)=62 bestRsrp=-134.116 < min=-120 (all cells below threshold) retryIn=2s
---- INIT_ATTACH t=28 UE(imsi)=67 ----
  INIT_ATTACH_FAIL_ALL_LOW_RSRP: UE(imsi)=67 bestRsrp=-138.741 < min=-120 (all cells below threshold) retryIn=2s
---- INIT_ATTACH t=28 UE(imsi)=68 ----
  INIT_ATTACH_FAIL_ALL_LOW_RSRP: UE(imsi)=68 bestRsrp=-136.433 < min=-120 (all cells below threshold) retryIn=2s
---- INIT_ATTACH t=28 UE(imsi)=70 ----
  INIT_ATTACH_FAIL_ALL_LOW_RSRP: UE(imsi)=70 bestRsrp=-130.956 < min=-120 (all cells below threshold) retryIn=2s
---- INIT_ATTACH t=28 UE(imsi)=73 ----
  INIT_ATTACH_FAIL_ALL_LOW_RSRP: UE(imsi)=73 bestRsrp=-142.91 < min=-120 (all cells below threshold) retryIn=2s
---- INIT_ATTACH t=28 UE(imsi)=74 ----
  INIT_ATTACH_FAIL_ALL_LOW_RSRP: UE(imsi)=74 bestRsrp=-121.315 < min=-120 (all cells below threshold) retryIn=2s
---- INIT_ATTACH t=28 UE(imsi)=76 ----
  INIT_ATTACH_FAIL_ALL_LOW_RSRP: UE(imsi)=76 bestRsrp=-142.577 < min=-120 (all cells below threshold) retryIn=2s
---- INIT_ATTACH t=28 UE(imsi)=81 ----
  INIT_ATTACH_FAIL_ALL_LOW_RSRP: UE(imsi)=81 bestRsrp=-139.076 < min=-120 (all cells below threshold) retryIn=2s
---- INIT_ATTACH t=28 UE(imsi)=85 ----
  INIT_ATTACH_FAIL_ALL_LOW_RSRP: UE(imsi)=85 bestRsrp=-146.005 < min=-120 (all cells below threshold) retryIn=2s
---- INIT_ATTACH t=28 UE(imsi)=86 ----
  INIT_ATTACH_FAIL_ALL_LOW_RSRP: UE(imsi)=86 bestRsrp=-127.634 < min=-120 (all cells below threshold) retryIn=2s
---- INIT_ATTACH t=28 UE(imsi)=87 ----
  INIT_ATTACH_FAIL_ALL_LOW_RSRP: UE(imsi)=87 bestRsrp=-138.136 < min=-120 (all cells below threshold) retryIn=2s
---- INIT_ATTACH t=28 UE(imsi)=92 ----
  INIT_ATTACH_FAIL_ALL_LOW_RSRP: UE(imsi)=92 bestRsrp=-134.882 < min=-120 (all cells below threshold) retryIn=2s
---- INIT_ATTACH t=28 UE(imsi)=97 ----
  INIT_ATTACH_FAIL_ALL_LOW_RSRP: UE(imsi)=97 bestRsrp=-142.439 < min=-120 (all cells below threshold) retryIn=2s
---- INIT_ATTACH t=28 UE(imsi)=98 ----
  INIT_ATTACH_FAIL_ALL_LOW_RSRP: UE(imsi)=98 bestRsrp=-128.27 < min=-120 (all cells below threshold) retryIn=2s
---- INIT_ATTACH t=28 UE(imsi)=102 ----
  candOK0 cell=14 rsrp=-93.1591 occ=10/10 -> SKIP_FULL
  INIT_ATTACH_FAIL_ALL_FULL: UE(imsi)=102 rsrpOk=1 (all RSRP>=min but full or invalid) retryIn=2s
---- INIT_ATTACH t=28 UE(imsi)=106 ----
  INIT_ATTACH_FAIL_ALL_LOW_RSRP: UE(imsi)=106 bestRsrp=-123.947 < min=-120 (all cells below threshold) retryIn=2s
---- INIT_ATTACH t=28 UE(imsi)=109 ----
  INIT_ATTACH_FAIL_ALL_LOW_RSRP: UE(imsi)=109 bestRsrp=-129.904 < min=-120 (all cells below threshold) retryIn=2s
---- INIT_ATTACH t=28 UE(imsi)=116 ----
  INIT_ATTACH_FAIL_ALL_LOW_RSRP: UE(imsi)=116 bestRsrp=-151.088 < min=-120 (all cells below threshold) retryIn=2s
---- INIT_ATTACH t=28 UE(imsi)=119 ----
  INIT_ATTACH_FAIL_ALL_LOW_RSRP: UE(imsi)=119 bestRsrp=-138.823 < min=-120 (all cells below threshold) retryIn=2s
---- INIT_ATTACH t=28 UE(imsi)=120 ----
  INIT_ATTACH_FAIL_ALL_LOW_RSRP: UE(imsi)=120 bestRsrp=-142.599 < min=-120 (all cells below threshold) retryIn=2s
---- INIT_ATTACH t=28 UE(imsi)=122 ----
  INIT_ATTACH_FAIL_ALL_LOW_RSRP: UE(imsi)=122 bestRsrp=-124.715 < min=-120 (all cells below threshold) retryIn=2s
---- INIT_ATTACH t=28 UE(imsi)=134 ----
  INIT_ATTACH_FAIL_ALL_LOW_RSRP: UE(imsi)=134 bestRsrp=-128.159 < min=-120 (all cells below threshold) retryIn=2s
---- INIT_ATTACH t=28 UE(imsi)=135 ----
  INIT_ATTACH_FAIL_ALL_LOW_RSRP: UE(imsi)=135 bestRsrp=-131.174 < min=-120 (all cells below threshold) retryIn=2s
---- INIT_ATTACH t=28 UE(imsi)=136 ----
  INIT_ATTACH_FAIL_ALL_LOW_RSRP: UE(imsi)=136 bestRsrp=-145.272 < min=-120 (all cells below threshold) retryIn=2s
---- INIT_ATTACH t=28 UE(imsi)=138 ----
  INIT_ATTACH_FAIL_ALL_LOW_RSRP: UE(imsi)=138 bestRsrp=-145.086 < min=-120 (all cells below threshold) retryIn=2s
---- INIT_ATTACH t=28 UE(imsi)=140 ----
  INIT_ATTACH_FAIL_ALL_LOW_RSRP: UE(imsi)=140 bestRsrp=-139.992 < min=-120 (all cells below threshold) retryIn=2s
---- INIT_ATTACH t=28 UE(imsi)=142 ----
  INIT_ATTACH_FAIL_ALL_LOW_RSRP: UE(imsi)=142 bestRsrp=-136.645 < min=-120 (all cells below threshold) retryIn=2s
---- INIT_ATTACH t=28 UE(imsi)=144 ----
  INIT_ATTACH_FAIL_ALL_LOW_RSRP: UE(imsi)=144 bestRsrp=-148.892 < min=-120 (all cells below threshold) retryIn=2s
---- INIT_ATTACH t=28 UE(imsi)=146 ----
  INIT_ATTACH_FAIL_ALL_LOW_RSRP: UE(imsi)=146 bestRsrp=-121.626 < min=-120 (all cells below threshold) retryIn=2s
---- INIT_ATTACH t=28 UE(imsi)=148 ----
  INIT_ATTACH_FAIL_ALL_LOW_RSRP: UE(imsi)=148 bestRsrp=-138.012 < min=-120 (all cells below threshold) retryIn=2s
---- INIT_ATTACH t=28 UE(imsi)=150 ----
  INIT_ATTACH_FAIL_ALL_LOW_RSRP: UE(imsi)=150 bestRsrp=-148.356 < min=-120 (all cells below threshold) retryIn=2s
---- INIT_ATTACH t=28 UE(imsi)=151 ----
  INIT_ATTACH_FAIL_ALL_LOW_RSRP: UE(imsi)=151 bestRsrp=-148.554 < min=-120 (all cells below threshold) retryIn=2s
---- INIT_ATTACH t=28 UE(imsi)=154 ----
  INIT_ATTACH_FAIL_ALL_LOW_RSRP: UE(imsi)=154 bestRsrp=-128.226 < min=-120 (all cells below threshold) retryIn=2s
---- INIT_ATTACH t=28 UE(imsi)=155 ----
  INIT_ATTACH_FAIL_ALL_LOW_RSRP: UE(imsi)=155 bestRsrp=-135.716 < min=-120 (all cells below threshold) retryIn=2s
---- INIT_ATTACH t=28 UE(imsi)=157 ----
  INIT_ATTACH_FAIL_ALL_LOW_RSRP: UE(imsi)=157 bestRsrp=-140.642 < min=-120 (all cells below threshold) retryIn=2s
---- INIT_ATTACH t=28 UE(imsi)=158 ----
  INIT_ATTACH_FAIL_ALL_LOW_RSRP: UE(imsi)=158 bestRsrp=-125.533 < min=-120 (all cells below threshold) retryIn=2s
---- INIT_ATTACH t=28 UE(imsi)=161 ----
  INIT_ATTACH_FAIL_ALL_LOW_RSRP: UE(imsi)=161 bestRsrp=-143.233 < min=-120 (all cells below threshold) retryIn=2s
---- INIT_ATTACH t=28 UE(imsi)=164 ----
  INIT_ATTACH_FAIL_ALL_LOW_RSRP: UE(imsi)=164 bestRsrp=-140.108 < min=-120 (all cells below threshold) retryIn=2s
---- INIT_ATTACH t=28 UE(imsi)=165 ----
  INIT_ATTACH_FAIL_ALL_LOW_RSRP: UE(imsi)=165 bestRsrp=-144.842 < min=-120 (all cells below threshold) retryIn=2s
---- INIT_ATTACH t=28 UE(imsi)=169 ----
  INIT_ATTACH_FAIL_ALL_LOW_RSRP: UE(imsi)=169 bestRsrp=-144.5 < min=-120 (all cells below threshold) retryIn=2s
---- INIT_ATTACH t=28 UE(imsi)=171 ----
  INIT_ATTACH_FAIL_ALL_LOW_RSRP: UE(imsi)=171 bestRsrp=-147.76 < min=-120 (all cells below threshold) retryIn=2s
---- INIT_ATTACH t=28 UE(imsi)=173 ----
  INIT_ATTACH_FAIL_ALL_LOW_RSRP: UE(imsi)=173 bestRsrp=-137.006 < min=-120 (all cells below threshold) retryIn=2s
---- INIT_ATTACH t=28 UE(imsi)=174 ----
  INIT_ATTACH_FAIL_ALL_LOW_RSRP: UE(imsi)=174 bestRsrp=-142.043 < min=-120 (all cells below threshold) retryIn=2s
---- INIT_ATTACH t=28 UE(imsi)=179 ----
  INIT_ATTACH_FAIL_ALL_LOW_RSRP: UE(imsi)=179 bestRsrp=-146.537 < min=-120 (all cells below threshold) retryIn=2s
---- INIT_ATTACH t=28 UE(imsi)=181 ----
  INIT_ATTACH_FAIL_ALL_LOW_RSRP: UE(imsi)=181 bestRsrp=-145.676 < min=-120 (all cells below threshold) retryIn=2s
---- INIT_ATTACH t=28 UE(imsi)=183 ----
  INIT_ATTACH_FAIL_ALL_LOW_RSRP: UE(imsi)=183 bestRsrp=-142.758 < min=-120 (all cells below threshold) retryIn=2s
---- INIT_ATTACH t=28 UE(imsi)=185 ----
  INIT_ATTACH_FAIL_ALL_LOW_RSRP: UE(imsi)=185 bestRsrp=-143.604 < min=-120 (all cells below threshold) retryIn=2s
---- INIT_ATTACH t=28 UE(imsi)=187 ----
  candOK0 cell=11 rsrp=-99.5134 occ=10/10 -> SKIP_FULL
  INIT_ATTACH_FAIL_ALL_FULL: UE(imsi)=187 rsrpOk=1 (all RSRP>=min but full or invalid) retryIn=2s
---- INIT_ATTACH t=28 UE(imsi)=192 ----
  INIT_ATTACH_FAIL_ALL_LOW_RSRP: UE(imsi)=192 bestRsrp=-150.679 < min=-120 (all cells below threshold) retryIn=2s
---- INIT_ATTACH t=28 UE(imsi)=195 ----
  INIT_ATTACH_FAIL_ALL_LOW_RSRP: UE(imsi)=195 bestRsrp=-142.796 < min=-120 (all cells below threshold) retryIn=2s
---- INIT_ATTACH t=28 UE(imsi)=197 ----
  INIT_ATTACH_FAIL_ALL_LOW_RSRP: UE(imsi)=197 bestRsrp=-146.962 < min=-120 (all cells below threshold) retryIn=2s
---- INIT_ATTACH t=28 UE(imsi)=198 ----
  INIT_ATTACH_FAIL_ALL_LOW_RSRP: UE(imsi)=198 bestRsrp=-130.436 < min=-120 (all cells below threshold) retryIn=2s
---- INIT_ATTACH t=28 UE(imsi)=199 ----
  INIT_ATTACH_FAIL_ALL_LOW_RSRP: UE(imsi)=199 bestRsrp=-143.552 < min=-120 (all cells below threshold) retryIn=2s
---- INIT_ATTACH t=28 UE(imsi)=200 ----
  INIT_ATTACH_FAIL_ALL_LOW_RSRP: UE(imsi)=200 bestRsrp=-146.783 < min=-120 (all cells below threshold) retryIn=2s
---- INIT_ATTACH t=28 UE(imsi)=201 ----
  INIT_ATTACH_FAIL_ALL_LOW_RSRP: UE(imsi)=201 bestRsrp=-126.634 < min=-120 (all cells below threshold) retryIn=2s
---- INIT_ATTACH t=28 UE(imsi)=202 ----
  INIT_ATTACH_FAIL_ALL_LOW_RSRP: UE(imsi)=202 bestRsrp=-150.21 < min=-120 (all cells below threshold) retryIn=2s
---- INIT_ATTACH t=28 UE(imsi)=203 ----
  INIT_ATTACH_FAIL_ALL_LOW_RSRP: UE(imsi)=203 bestRsrp=-151.669 < min=-120 (all cells below threshold) retryIn=2s
---- INIT_ATTACH t=28 UE(imsi)=204 ----
  INIT_ATTACH_FAIL_ALL_LOW_RSRP: UE(imsi)=204 bestRsrp=-143.451 < min=-120 (all cells below threshold) retryIn=2s
---- INIT_ATTACH t=28 UE(imsi)=212 ----
  INIT_ATTACH_FAIL_ALL_LOW_RSRP: UE(imsi)=212 bestRsrp=-136.012 < min=-120 (all cells below threshold) retryIn=2s
---- INIT_ATTACH t=28 UE(imsi)=214 ----
  INIT_ATTACH_FAIL_ALL_LOW_RSRP: UE(imsi)=214 bestRsrp=-142.642 < min=-120 (all cells below threshold) retryIn=2s
---- INIT_ATTACH t=28 UE(imsi)=216 ----
  INIT_ATTACH_FAIL_ALL_LOW_RSRP: UE(imsi)=216 bestRsrp=-143.177 < min=-120 (all cells below threshold) retryIn=2s
---- INIT_ATTACH t=28 UE(imsi)=217 ----
  INIT_ATTACH_FAIL_ALL_LOW_RSRP: UE(imsi)=217 bestRsrp=-124.972 < min=-120 (all cells below threshold) retryIn=2s
---- INIT_ATTACH t=28 UE(imsi)=218 ----
  candOK0 cell=10 rsrp=-102.346 occ=10/10 -> SKIP_FULL
  INIT_ATTACH_FAIL_ALL_FULL: UE(imsi)=218 rsrpOk=1 (all RSRP>=min but full or invalid) retryIn=2s
---- INIT_ATTACH t=28 UE(imsi)=220 ----
  INIT_ATTACH_FAIL_ALL_LOW_RSRP: UE(imsi)=220 bestRsrp=-150.217 < min=-120 (all cells below threshold) retryIn=2s
---- INIT_ATTACH t=28 UE(imsi)=221 ----
  INIT_ATTACH_FAIL_ALL_LOW_RSRP: UE(imsi)=221 bestRsrp=-133.577 < min=-120 (all cells below threshold) retryIn=2s
---- INIT_ATTACH t=28 UE(imsi)=222 ----
  INIT_ATTACH_FAIL_ALL_LOW_RSRP: UE(imsi)=222 bestRsrp=-139.842 < min=-120 (all cells below threshold) retryIn=2s
---- INIT_ATTACH t=28 UE(imsi)=224 ----
  INIT_ATTACH_FAIL_ALL_LOW_RSRP: UE(imsi)=224 bestRsrp=-144.268 < min=-120 (all cells below threshold) retryIn=2s
---- INIT_ATTACH t=28 UE(imsi)=225 ----
  INIT_ATTACH_FAIL_ALL_LOW_RSRP: UE(imsi)=225 bestRsrp=-135.393 < min=-120 (all cells below threshold) retryIn=2s
---- INIT_ATTACH t=28 UE(imsi)=227 ----
  INIT_ATTACH_FAIL_ALL_LOW_RSRP: UE(imsi)=227 bestRsrp=-134.364 < min=-120 (all cells below threshold) retryIn=2s
---- INIT_ATTACH t=28 UE(imsi)=230 ----
  INIT_ATTACH_FAIL_ALL_LOW_RSRP: UE(imsi)=230 bestRsrp=-142.293 < min=-120 (all cells below threshold) retryIn=2s
---- INIT_ATTACH t=28 UE(imsi)=231 ----
  INIT_ATTACH_FAIL_ALL_LOW_RSRP: UE(imsi)=231 bestRsrp=-138.48 < min=-120 (all cells below threshold) retryIn=2s
---- INIT_ATTACH t=28 UE(imsi)=232 ----
  INIT_ATTACH_FAIL_ALL_LOW_RSRP: UE(imsi)=232 bestRsrp=-142.624 < min=-120 (all cells below threshold) retryIn=2s
---- INIT_ATTACH t=28 UE(imsi)=233 ----
  INIT_ATTACH_FAIL_ALL_LOW_RSRP: UE(imsi)=233 bestRsrp=-144.103 < min=-120 (all cells below threshold) retryIn=2s
---- INIT_ATTACH t=28 UE(imsi)=236 ----
  INIT_ATTACH_FAIL_ALL_LOW_RSRP: UE(imsi)=236 bestRsrp=-126.732 < min=-120 (all cells below threshold) retryIn=2s
---- INIT_ATTACH t=28 UE(imsi)=237 ----
  INIT_ATTACH_FAIL_ALL_LOW_RSRP: UE(imsi)=237 bestRsrp=-143.667 < min=-120 (all cells below threshold) retryIn=2s
---- INIT_ATTACH t=28 UE(imsi)=238 ----
  INIT_ATTACH_FAIL_ALL_LOW_RSRP: UE(imsi)=238 bestRsrp=-140.606 < min=-120 (all cells below threshold) retryIn=2s
---- INIT_ATTACH t=28 UE(imsi)=240 ----
  INIT_ATTACH_FAIL_ALL_LOW_RSRP: UE(imsi)=240 bestRsrp=-141.826 < min=-120 (all cells below threshold) retryIn=2s
---- INIT_ATTACH t=30 UE(imsi)=16 ----
  INIT_ATTACH_FAIL_ALL_LOW_RSRP: UE(imsi)=16 bestRsrp=-128.711 < min=-120 (all cells below threshold) retryIn=2s
---- INIT_ATTACH t=30 UE(imsi)=20 ----
  INIT_ATTACH_FAIL_ALL_LOW_RSRP: UE(imsi)=20 bestRsrp=-150.729 < min=-120 (all cells below threshold) retryIn=2s
---- INIT_ATTACH t=30 UE(imsi)=23 ----
  INIT_ATTACH_FAIL_ALL_LOW_RSRP: UE(imsi)=23 bestRsrp=-143.207 < min=-120 (all cells below threshold) retryIn=2s
---- INIT_ATTACH t=30 UE(imsi)=25 ----
  INIT_ATTACH_FAIL_ALL_LOW_RSRP: UE(imsi)=25 bestRsrp=-134.219 < min=-120 (all cells below threshold) retryIn=2s
---- INIT_ATTACH t=30 UE(imsi)=26 ----
  INIT_ATTACH_FAIL_ALL_LOW_RSRP: UE(imsi)=26 bestRsrp=-147.362 < min=-120 (all cells below threshold) retryIn=2s
---- INIT_ATTACH t=30 UE(imsi)=29 ----
  INIT_ATTACH_FAIL_ALL_LOW_RSRP: UE(imsi)=29 bestRsrp=-153.118 < min=-120 (all cells below threshold) retryIn=2s
---- INIT_ATTACH t=30 UE(imsi)=31 ----
  INIT_ATTACH_FAIL_ALL_LOW_RSRP: UE(imsi)=31 bestRsrp=-126.383 < min=-120 (all cells below threshold) retryIn=2s
---- INIT_ATTACH t=30 UE(imsi)=36 ----
  candOK0 cell=11 rsrp=-108.141 occ=10/10 -> SKIP_FULL
  INIT_ATTACH_FAIL_ALL_FULL: UE(imsi)=36 rsrpOk=1 (all RSRP>=min but full or invalid) retryIn=2s
---- INIT_ATTACH t=30 UE(imsi)=38 ----
  INIT_ATTACH_FAIL_ALL_LOW_RSRP: UE(imsi)=38 bestRsrp=-147.789 < min=-120 (all cells below threshold) retryIn=2s
---- INIT_ATTACH t=30 UE(imsi)=44 ----
  INIT_ATTACH_FAIL_ALL_LOW_RSRP: UE(imsi)=44 bestRsrp=-136.337 < min=-120 (all cells below threshold) retryIn=2s
---- INIT_ATTACH t=30 UE(imsi)=45 ----
  INIT_ATTACH_FAIL_ALL_LOW_RSRP: UE(imsi)=45 bestRsrp=-127.43 < min=-120 (all cells below threshold) retryIn=2s
---- INIT_ATTACH t=30 UE(imsi)=47 ----
  candOK0 cell=6 rsrp=-103.437 occ=8/20 -> OK
  SELECT cell=6 rsrp=-103.437 occ(afterReserve)=9/20
  INIT_ATTACH_OK: UE(imsi)=47 -> cell=6
---- INIT_ATTACH t=30 UE(imsi)=48 ----
  candOK0 cell=10 rsrp=-108.485 occ=10/10 -> SKIP_FULL
  INIT_ATTACH_FAIL_ALL_FULL: UE(imsi)=48 rsrpOk=1 (all RSRP>=min but full or invalid) retryIn=2s
---- INIT_ATTACH t=30 UE(imsi)=50 ----
  candOK0 cell=5 rsrp=-112.907 occ=11/20 -> OK
  SELECT cell=5 rsrp=-112.907 occ(afterReserve)=12/20
  INIT_ATTACH_OK: UE(imsi)=50 -> cell=5
---- INIT_ATTACH t=30 UE(imsi)=53 ----
  INIT_ATTACH_FAIL_ALL_LOW_RSRP: UE(imsi)=53 bestRsrp=-139.367 < min=-120 (all cells below threshold) retryIn=2s
---- INIT_ATTACH t=30 UE(imsi)=54 ----
  INIT_ATTACH_FAIL_ALL_LOW_RSRP: UE(imsi)=54 bestRsrp=-142.427 < min=-120 (all cells below threshold) retryIn=2s
---- INIT_ATTACH t=30 UE(imsi)=55 ----
  INIT_ATTACH_FAIL_ALL_LOW_RSRP: UE(imsi)=55 bestRsrp=-156.849 < min=-120 (all cells below threshold) retryIn=2s
---- INIT_ATTACH t=30 UE(imsi)=57 ----
  INIT_ATTACH_FAIL_ALL_LOW_RSRP: UE(imsi)=57 bestRsrp=-126.613 < min=-120 (all cells below threshold) retryIn=2s
---- INIT_ATTACH t=30 UE(imsi)=61 ----
  INIT_ATTACH_FAIL_ALL_LOW_RSRP: UE(imsi)=61 bestRsrp=-140.373 < min=-120 (all cells below threshold) retryIn=2s
---- INIT_ATTACH t=30 UE(imsi)=62 ----
  INIT_ATTACH_FAIL_ALL_LOW_RSRP: UE(imsi)=62 bestRsrp=-132.874 < min=-120 (all cells below threshold) retryIn=2s
---- INIT_ATTACH t=30 UE(imsi)=67 ----
  INIT_ATTACH_FAIL_ALL_LOW_RSRP: UE(imsi)=67 bestRsrp=-138.913 < min=-120 (all cells below threshold) retryIn=2s
---- INIT_ATTACH t=30 UE(imsi)=68 ----
  INIT_ATTACH_FAIL_ALL_LOW_RSRP: UE(imsi)=68 bestRsrp=-136.453 < min=-120 (all cells below threshold) retryIn=2s
---- INIT_ATTACH t=30 UE(imsi)=70 ----
  INIT_ATTACH_FAIL_ALL_LOW_RSRP: UE(imsi)=70 bestRsrp=-129.565 < min=-120 (all cells below threshold) retryIn=2s
---- INIT_ATTACH t=30 UE(imsi)=73 ----
  candOK0 cell=11 rsrp=-111.105 occ=10/10 -> SKIP_FULL
  INIT_ATTACH_FAIL_ALL_FULL: UE(imsi)=73 rsrpOk=1 (all RSRP>=min but full or invalid) retryIn=2s
---- INIT_ATTACH t=30 UE(imsi)=74 ----
  INIT_ATTACH_FAIL_ALL_LOW_RSRP: UE(imsi)=74 bestRsrp=-143.851 < min=-120 (all cells below threshold) retryIn=2s
---- INIT_ATTACH t=30 UE(imsi)=76 ----
  INIT_ATTACH_FAIL_ALL_LOW_RSRP: UE(imsi)=76 bestRsrp=-142.841 < min=-120 (all cells below threshold) retryIn=2s
---- INIT_ATTACH t=30 UE(imsi)=81 ----
  INIT_ATTACH_FAIL_ALL_LOW_RSRP: UE(imsi)=81 bestRsrp=-140.214 < min=-120 (all cells below threshold) retryIn=2s
---- INIT_ATTACH t=30 UE(imsi)=85 ----
  INIT_ATTACH_FAIL_ALL_LOW_RSRP: UE(imsi)=85 bestRsrp=-143.259 < min=-120 (all cells below threshold) retryIn=2s
---- INIT_ATTACH t=30 UE(imsi)=86 ----
  INIT_ATTACH_FAIL_ALL_LOW_RSRP: UE(imsi)=86 bestRsrp=-127.788 < min=-120 (all cells below threshold) retryIn=2s
---- INIT_ATTACH t=30 UE(imsi)=87 ----
  INIT_ATTACH_FAIL_ALL_LOW_RSRP: UE(imsi)=87 bestRsrp=-133.576 < min=-120 (all cells below threshold) retryIn=2s
---- INIT_ATTACH t=30 UE(imsi)=92 ----
  INIT_ATTACH_FAIL_ALL_LOW_RSRP: UE(imsi)=92 bestRsrp=-133.856 < min=-120 (all cells below threshold) retryIn=2s
---- INIT_ATTACH t=30 UE(imsi)=97 ----
  INIT_ATTACH_FAIL_ALL_LOW_RSRP: UE(imsi)=97 bestRsrp=-144.193 < min=-120 (all cells below threshold) retryIn=2s
---- INIT_ATTACH t=30 UE(imsi)=98 ----
  INIT_ATTACH_FAIL_ALL_LOW_RSRP: UE(imsi)=98 bestRsrp=-131.202 < min=-120 (all cells below threshold) retryIn=2s
---- INIT_ATTACH t=30 UE(imsi)=102 ----
  INIT_ATTACH_FAIL_ALL_LOW_RSRP: UE(imsi)=102 bestRsrp=-121.614 < min=-120 (all cells below threshold) retryIn=2s
---- INIT_ATTACH t=30 UE(imsi)=106 ----
  INIT_ATTACH_FAIL_ALL_LOW_RSRP: UE(imsi)=106 bestRsrp=-125.889 < min=-120 (all cells below threshold) retryIn=2s
---- INIT_ATTACH t=30 UE(imsi)=109 ----
  INIT_ATTACH_FAIL_ALL_LOW_RSRP: UE(imsi)=109 bestRsrp=-131.364 < min=-120 (all cells below threshold) retryIn=2s
---- INIT_ATTACH t=30 UE(imsi)=116 ----
  INIT_ATTACH_FAIL_ALL_LOW_RSRP: UE(imsi)=116 bestRsrp=-151.241 < min=-120 (all cells below threshold) retryIn=2s
---- INIT_ATTACH t=30 UE(imsi)=119 ----
  INIT_ATTACH_FAIL_ALL_LOW_RSRP: UE(imsi)=119 bestRsrp=-140.659 < min=-120 (all cells below threshold) retryIn=2s
---- INIT_ATTACH t=30 UE(imsi)=120 ----
  INIT_ATTACH_FAIL_ALL_LOW_RSRP: UE(imsi)=120 bestRsrp=-134.683 < min=-120 (all cells below threshold) retryIn=2s
---- INIT_ATTACH t=30 UE(imsi)=122 ----
  INIT_ATTACH_FAIL_ALL_LOW_RSRP: UE(imsi)=122 bestRsrp=-143.749 < min=-120 (all cells below threshold) retryIn=2s
---- INIT_ATTACH t=30 UE(imsi)=134 ----
  INIT_ATTACH_FAIL_ALL_LOW_RSRP: UE(imsi)=134 bestRsrp=-129.021 < min=-120 (all cells below threshold) retryIn=2s
---- INIT_ATTACH t=30 UE(imsi)=135 ----
  INIT_ATTACH_FAIL_ALL_LOW_RSRP: UE(imsi)=135 bestRsrp=-130.577 < min=-120 (all cells below threshold) retryIn=2s
---- INIT_ATTACH t=30 UE(imsi)=136 ----
  INIT_ATTACH_FAIL_ALL_LOW_RSRP: UE(imsi)=136 bestRsrp=-144.459 < min=-120 (all cells below threshold) retryIn=2s
---- INIT_ATTACH t=30 UE(imsi)=138 ----
  INIT_ATTACH_FAIL_ALL_LOW_RSRP: UE(imsi)=138 bestRsrp=-142.154 < min=-120 (all cells below threshold) retryIn=2s
---- INIT_ATTACH t=30 UE(imsi)=140 ----
  INIT_ATTACH_FAIL_ALL_LOW_RSRP: UE(imsi)=140 bestRsrp=-141.041 < min=-120 (all cells below threshold) retryIn=2s
---- INIT_ATTACH t=30 UE(imsi)=142 ----
  INIT_ATTACH_FAIL_ALL_LOW_RSRP: UE(imsi)=142 bestRsrp=-136.246 < min=-120 (all cells below threshold) retryIn=2s
---- INIT_ATTACH t=30 UE(imsi)=144 ----
  INIT_ATTACH_FAIL_ALL_LOW_RSRP: UE(imsi)=144 bestRsrp=-150.259 < min=-120 (all cells below threshold) retryIn=2s
---- INIT_ATTACH t=30 UE(imsi)=146 ----
  INIT_ATTACH_FAIL_ALL_LOW_RSRP: UE(imsi)=146 bestRsrp=-134.556 < min=-120 (all cells below threshold) retryIn=2s
---- INIT_ATTACH t=30 UE(imsi)=148 ----
  INIT_ATTACH_FAIL_ALL_LOW_RSRP: UE(imsi)=148 bestRsrp=-138.452 < min=-120 (all cells below threshold) retryIn=2s
---- INIT_ATTACH t=30 UE(imsi)=150 ----
  INIT_ATTACH_FAIL_ALL_LOW_RSRP: UE(imsi)=150 bestRsrp=-147.666 < min=-120 (all cells below threshold) retryIn=2s
---- INIT_ATTACH t=30 UE(imsi)=151 ----
  INIT_ATTACH_FAIL_ALL_LOW_RSRP: UE(imsi)=151 bestRsrp=-148.193 < min=-120 (all cells below threshold) retryIn=2s
---- INIT_ATTACH t=30 UE(imsi)=154 ----
  candOK0 cell=13 rsrp=-102.333 occ=7/10 -> OK
  SELECT cell=13 rsrp=-102.333 occ(afterReserve)=8/10
  INIT_ATTACH_OK: UE(imsi)=154 -> cell=13
---- INIT_ATTACH t=30 UE(imsi)=155 ----
  INIT_ATTACH_FAIL_ALL_LOW_RSRP: UE(imsi)=155 bestRsrp=-137.526 < min=-120 (all cells below threshold) retryIn=2s
---- INIT_ATTACH t=30 UE(imsi)=157 ----
  INIT_ATTACH_FAIL_ALL_LOW_RSRP: UE(imsi)=157 bestRsrp=-140.359 < min=-120 (all cells below threshold) retryIn=2s
---- INIT_ATTACH t=30 UE(imsi)=158 ----
  INIT_ATTACH_FAIL_ALL_LOW_RSRP: UE(imsi)=158 bestRsrp=-128.299 < min=-120 (all cells below threshold) retryIn=2s
---- INIT_ATTACH t=30 UE(imsi)=161 ----
  INIT_ATTACH_FAIL_ALL_LOW_RSRP: UE(imsi)=161 bestRsrp=-143.742 < min=-120 (all cells below threshold) retryIn=2s
---- INIT_ATTACH t=30 UE(imsi)=164 ----
  INIT_ATTACH_FAIL_ALL_LOW_RSRP: UE(imsi)=164 bestRsrp=-138.425 < min=-120 (all cells below threshold) retryIn=2s
---- INIT_ATTACH t=30 UE(imsi)=165 ----
  INIT_ATTACH_FAIL_ALL_LOW_RSRP: UE(imsi)=165 bestRsrp=-144.116 < min=-120 (all cells below threshold) retryIn=2s
---- INIT_ATTACH t=30 UE(imsi)=169 ----
  INIT_ATTACH_FAIL_ALL_LOW_RSRP: UE(imsi)=169 bestRsrp=-144.136 < min=-120 (all cells below threshold) retryIn=2s
---- INIT_ATTACH t=30 UE(imsi)=171 ----
  INIT_ATTACH_FAIL_ALL_LOW_RSRP: UE(imsi)=171 bestRsrp=-147.917 < min=-120 (all cells below threshold) retryIn=2s
---- INIT_ATTACH t=30 UE(imsi)=173 ----
  INIT_ATTACH_FAIL_ALL_LOW_RSRP: UE(imsi)=173 bestRsrp=-136.727 < min=-120 (all cells below threshold) retryIn=2s
---- INIT_ATTACH t=30 UE(imsi)=174 ----
  INIT_ATTACH_FAIL_ALL_LOW_RSRP: UE(imsi)=174 bestRsrp=-139.759 < min=-120 (all cells below threshold) retryIn=2s
---- INIT_ATTACH t=30 UE(imsi)=179 ----
  INIT_ATTACH_FAIL_ALL_LOW_RSRP: UE(imsi)=179 bestRsrp=-147.063 < min=-120 (all cells below threshold) retryIn=2s
---- INIT_ATTACH t=30 UE(imsi)=181 ----
  INIT_ATTACH_FAIL_ALL_LOW_RSRP: UE(imsi)=181 bestRsrp=-146.7 < min=-120 (all cells below threshold) retryIn=2s
---- INIT_ATTACH t=30 UE(imsi)=183 ----
  INIT_ATTACH_FAIL_ALL_LOW_RSRP: UE(imsi)=183 bestRsrp=-120.789 < min=-120 (all cells below threshold) retryIn=2s
---- INIT_ATTACH t=30 UE(imsi)=185 ----
  INIT_ATTACH_FAIL_ALL_LOW_RSRP: UE(imsi)=185 bestRsrp=-144.037 < min=-120 (all cells below threshold) retryIn=2s
---- INIT_ATTACH t=30 UE(imsi)=187 ----
  INIT_ATTACH_FAIL_ALL_LOW_RSRP: UE(imsi)=187 bestRsrp=-130.996 < min=-120 (all cells below threshold) retryIn=2s
---- INIT_ATTACH t=30 UE(imsi)=192 ----
  INIT_ATTACH_FAIL_ALL_LOW_RSRP: UE(imsi)=192 bestRsrp=-152.006 < min=-120 (all cells below threshold) retryIn=2s
---- INIT_ATTACH t=30 UE(imsi)=195 ----
  INIT_ATTACH_FAIL_ALL_LOW_RSRP: UE(imsi)=195 bestRsrp=-141.241 < min=-120 (all cells below threshold) retryIn=2s
---- INIT_ATTACH t=30 UE(imsi)=197 ----
  INIT_ATTACH_FAIL_ALL_LOW_RSRP: UE(imsi)=197 bestRsrp=-142.53 < min=-120 (all cells below threshold) retryIn=2s
---- INIT_ATTACH t=30 UE(imsi)=198 ----
  INIT_ATTACH_FAIL_ALL_LOW_RSRP: UE(imsi)=198 bestRsrp=-129.971 < min=-120 (all cells below threshold) retryIn=2s
---- INIT_ATTACH t=30 UE(imsi)=199 ----
  INIT_ATTACH_FAIL_ALL_LOW_RSRP: UE(imsi)=199 bestRsrp=-141.931 < min=-120 (all cells below threshold) retryIn=2s
---- INIT_ATTACH t=30 UE(imsi)=200 ----
  INIT_ATTACH_FAIL_ALL_LOW_RSRP: UE(imsi)=200 bestRsrp=-145.951 < min=-120 (all cells below threshold) retryIn=2s
---- INIT_ATTACH t=30 UE(imsi)=201 ----
  INIT_ATTACH_FAIL_ALL_LOW_RSRP: UE(imsi)=201 bestRsrp=-123.403 < min=-120 (all cells below threshold) retryIn=2s
---- INIT_ATTACH t=30 UE(imsi)=202 ----
  INIT_ATTACH_FAIL_ALL_LOW_RSRP: UE(imsi)=202 bestRsrp=-148.41 < min=-120 (all cells below threshold) retryIn=2s
---- INIT_ATTACH t=30 UE(imsi)=203 ----
  INIT_ATTACH_FAIL_ALL_LOW_RSRP: UE(imsi)=203 bestRsrp=-150.087 < min=-120 (all cells below threshold) retryIn=2s
---- INIT_ATTACH t=30 UE(imsi)=204 ----
  INIT_ATTACH_FAIL_ALL_LOW_RSRP: UE(imsi)=204 bestRsrp=-142.644 < min=-120 (all cells below threshold) retryIn=2s
---- INIT_ATTACH t=30 UE(imsi)=212 ----
  INIT_ATTACH_FAIL_ALL_LOW_RSRP: UE(imsi)=212 bestRsrp=-137.858 < min=-120 (all cells below threshold) retryIn=2s
---- INIT_ATTACH t=30 UE(imsi)=214 ----
  INIT_ATTACH_FAIL_ALL_LOW_RSRP: UE(imsi)=214 bestRsrp=-141.962 < min=-120 (all cells below threshold) retryIn=2s
---- INIT_ATTACH t=30 UE(imsi)=216 ----
  INIT_ATTACH_FAIL_ALL_LOW_RSRP: UE(imsi)=216 bestRsrp=-140.267 < min=-120 (all cells below threshold) retryIn=2s
---- INIT_ATTACH t=30 UE(imsi)=217 ----
  INIT_ATTACH_FAIL_ALL_LOW_RSRP: UE(imsi)=217 bestRsrp=-124.629 < min=-120 (all cells below threshold) retryIn=2s
---- INIT_ATTACH t=30 UE(imsi)=218 ----
  INIT_ATTACH_FAIL_ALL_LOW_RSRP: UE(imsi)=218 bestRsrp=-130.86 < min=-120 (all cells below threshold) retryIn=2s
---- INIT_ATTACH t=30 UE(imsi)=220 ----
  INIT_ATTACH_FAIL_ALL_LOW_RSRP: UE(imsi)=220 bestRsrp=-150.484 < min=-120 (all cells below threshold) retryIn=2s
---- INIT_ATTACH t=30 UE(imsi)=221 ----
  INIT_ATTACH_FAIL_ALL_LOW_RSRP: UE(imsi)=221 bestRsrp=-131.883 < min=-120 (all cells below threshold) retryIn=2s
---- INIT_ATTACH t=30 UE(imsi)=222 ----
  INIT_ATTACH_FAIL_ALL_LOW_RSRP: UE(imsi)=222 bestRsrp=-140.204 < min=-120 (all cells below threshold) retryIn=2s
---- INIT_ATTACH t=30 UE(imsi)=224 ----
  candOK0 cell=12 rsrp=-116.993 occ=10/10 -> SKIP_FULL
  INIT_ATTACH_FAIL_ALL_FULL: UE(imsi)=224 rsrpOk=1 (all RSRP>=min but full or invalid) retryIn=2s
---- INIT_ATTACH t=30 UE(imsi)=225 ----
  INIT_ATTACH_FAIL_ALL_LOW_RSRP: UE(imsi)=225 bestRsrp=-135.679 < min=-120 (all cells below threshold) retryIn=2s
---- INIT_ATTACH t=30 UE(imsi)=227 ----
  INIT_ATTACH_FAIL_ALL_LOW_RSRP: UE(imsi)=227 bestRsrp=-135.343 < min=-120 (all cells below threshold) retryIn=2s
---- INIT_ATTACH t=30 UE(imsi)=230 ----
  INIT_ATTACH_FAIL_ALL_LOW_RSRP: UE(imsi)=230 bestRsrp=-142.768 < min=-120 (all cells below threshold) retryIn=2s
---- INIT_ATTACH t=30 UE(imsi)=231 ----
  INIT_ATTACH_FAIL_ALL_LOW_RSRP: UE(imsi)=231 bestRsrp=-137.594 < min=-120 (all cells below threshold) retryIn=2s
---- INIT_ATTACH t=30 UE(imsi)=232 ----
  INIT_ATTACH_FAIL_ALL_LOW_RSRP: UE(imsi)=232 bestRsrp=-143.432 < min=-120 (all cells below threshold) retryIn=2s
---- INIT_ATTACH t=30 UE(imsi)=233 ----
  INIT_ATTACH_FAIL_ALL_LOW_RSRP: UE(imsi)=233 bestRsrp=-146.507 < min=-120 (all cells below threshold) retryIn=2s
---- INIT_ATTACH t=30 UE(imsi)=236 ----
  INIT_ATTACH_FAIL_ALL_LOW_RSRP: UE(imsi)=236 bestRsrp=-126.446 < min=-120 (all cells below threshold) retryIn=2s
---- INIT_ATTACH t=30 UE(imsi)=237 ----
  INIT_ATTACH_FAIL_ALL_LOW_RSRP: UE(imsi)=237 bestRsrp=-145.534 < min=-120 (all cells below threshold) retryIn=2s
---- INIT_ATTACH t=30 UE(imsi)=238 ----
  INIT_ATTACH_FAIL_ALL_LOW_RSRP: UE(imsi)=238 bestRsrp=-140.046 < min=-120 (all cells below threshold) retryIn=2s
---- INIT_ATTACH t=30 UE(imsi)=240 ----
  INIT_ATTACH_FAIL_ALL_LOW_RSRP: UE(imsi)=240 bestRsrp=-130.764 < min=-120 (all cells below threshold) retryIn=2s
---- INIT_ATTACH t=32 UE(imsi)=16 ----
  INIT_ATTACH_FAIL_ALL_LOW_RSRP: UE(imsi)=16 bestRsrp=-130.053 < min=-120 (all cells below threshold) retryIn=2s
---- INIT_ATTACH t=32 UE(imsi)=20 ----
  candOK0 cell=11 rsrp=-116.364 occ=10/10 -> SKIP_FULL
  INIT_ATTACH_FAIL_ALL_FULL: UE(imsi)=20 rsrpOk=1 (all RSRP>=min but full or invalid) retryIn=2s
---- INIT_ATTACH t=32 UE(imsi)=23 ----
  INIT_ATTACH_FAIL_ALL_LOW_RSRP: UE(imsi)=23 bestRsrp=-143.779 < min=-120 (all cells below threshold) retryIn=2s
---- INIT_ATTACH t=32 UE(imsi)=25 ----
  INIT_ATTACH_FAIL_ALL_LOW_RSRP: UE(imsi)=25 bestRsrp=-129.148 < min=-120 (all cells below threshold) retryIn=2s
---- INIT_ATTACH t=32 UE(imsi)=26 ----
  INIT_ATTACH_FAIL_ALL_LOW_RSRP: UE(imsi)=26 bestRsrp=-147.389 < min=-120 (all cells below threshold) retryIn=2s
---- INIT_ATTACH t=32 UE(imsi)=29 ----
  INIT_ATTACH_FAIL_ALL_LOW_RSRP: UE(imsi)=29 bestRsrp=-151.672 < min=-120 (all cells below threshold) retryIn=2s
---- INIT_ATTACH t=32 UE(imsi)=31 ----
  INIT_ATTACH_FAIL_ALL_LOW_RSRP: UE(imsi)=31 bestRsrp=-130.965 < min=-120 (all cells below threshold) retryIn=2s
---- INIT_ATTACH t=32 UE(imsi)=36 ----
  INIT_ATTACH_FAIL_ALL_LOW_RSRP: UE(imsi)=36 bestRsrp=-141.067 < min=-120 (all cells below threshold) retryIn=2s
---- INIT_ATTACH t=32 UE(imsi)=38 ----
  INIT_ATTACH_FAIL_ALL_LOW_RSRP: UE(imsi)=38 bestRsrp=-149.011 < min=-120 (all cells below threshold) retryIn=2s
---- INIT_ATTACH t=32 UE(imsi)=44 ----
  INIT_ATTACH_FAIL_ALL_LOW_RSRP: UE(imsi)=44 bestRsrp=-136.61 < min=-120 (all cells below threshold) retryIn=2s
---- INIT_ATTACH t=32 UE(imsi)=45 ----
  INIT_ATTACH_FAIL_ALL_LOW_RSRP: UE(imsi)=45 bestRsrp=-128.97 < min=-120 (all cells below threshold) retryIn=2s
---- INIT_ATTACH t=32 UE(imsi)=48 ----
  INIT_ATTACH_FAIL_ALL_LOW_RSRP: UE(imsi)=48 bestRsrp=-132.968 < min=-120 (all cells below threshold) retryIn=2s
---- INIT_ATTACH t=32 UE(imsi)=53 ----
  INIT_ATTACH_FAIL_ALL_LOW_RSRP: UE(imsi)=53 bestRsrp=-141.596 < min=-120 (all cells below threshold) retryIn=2s
---- INIT_ATTACH t=32 UE(imsi)=54 ----
  INIT_ATTACH_FAIL_ALL_LOW_RSRP: UE(imsi)=54 bestRsrp=-141.452 < min=-120 (all cells below threshold) retryIn=2s
---- INIT_ATTACH t=32 UE(imsi)=55 ----
  INIT_ATTACH_FAIL_ALL_LOW_RSRP: UE(imsi)=55 bestRsrp=-155.034 < min=-120 (all cells below threshold) retryIn=2s
---- INIT_ATTACH t=32 UE(imsi)=57 ----
  INIT_ATTACH_FAIL_ALL_LOW_RSRP: UE(imsi)=57 bestRsrp=-128.32 < min=-120 (all cells below threshold) retryIn=2s
---- INIT_ATTACH t=32 UE(imsi)=61 ----
  INIT_ATTACH_FAIL_ALL_LOW_RSRP: UE(imsi)=61 bestRsrp=-138.509 < min=-120 (all cells below threshold) retryIn=2s
---- INIT_ATTACH t=32 UE(imsi)=62 ----
  INIT_ATTACH_FAIL_ALL_LOW_RSRP: UE(imsi)=62 bestRsrp=-134.107 < min=-120 (all cells below threshold) retryIn=2s
---- INIT_ATTACH t=32 UE(imsi)=67 ----
  INIT_ATTACH_FAIL_ALL_LOW_RSRP: UE(imsi)=67 bestRsrp=-141.752 < min=-120 (all cells below threshold) retryIn=2s
---- INIT_ATTACH t=32 UE(imsi)=68 ----
  INIT_ATTACH_FAIL_ALL_LOW_RSRP: UE(imsi)=68 bestRsrp=-137.838 < min=-120 (all cells below threshold) retryIn=2s
---- INIT_ATTACH t=32 UE(imsi)=70 ----
  INIT_ATTACH_FAIL_ALL_LOW_RSRP: UE(imsi)=70 bestRsrp=-127.945 < min=-120 (all cells below threshold) retryIn=2s
---- INIT_ATTACH t=32 UE(imsi)=73 ----
  INIT_ATTACH_FAIL_ALL_LOW_RSRP: UE(imsi)=73 bestRsrp=-145.807 < min=-120 (all cells below threshold) retryIn=2s
---- INIT_ATTACH t=32 UE(imsi)=74 ----
  INIT_ATTACH_FAIL_ALL_LOW_RSRP: UE(imsi)=74 bestRsrp=-143.296 < min=-120 (all cells below threshold) retryIn=2s
---- INIT_ATTACH t=32 UE(imsi)=76 ----
  INIT_ATTACH_FAIL_ALL_LOW_RSRP: UE(imsi)=76 bestRsrp=-141.561 < min=-120 (all cells below threshold) retryIn=2s
---- INIT_ATTACH t=32 UE(imsi)=81 ----
  INIT_ATTACH_FAIL_ALL_LOW_RSRP: UE(imsi)=81 bestRsrp=-141.226 < min=-120 (all cells below threshold) retryIn=2s
---- INIT_ATTACH t=32 UE(imsi)=85 ----
  INIT_ATTACH_FAIL_ALL_LOW_RSRP: UE(imsi)=85 bestRsrp=-141.075 < min=-120 (all cells below threshold) retryIn=2s
---- INIT_ATTACH t=32 UE(imsi)=86 ----
  INIT_ATTACH_FAIL_ALL_LOW_RSRP: UE(imsi)=86 bestRsrp=-126.972 < min=-120 (all cells below threshold) retryIn=2s
---- INIT_ATTACH t=32 UE(imsi)=87 ----
  INIT_ATTACH_FAIL_ALL_LOW_RSRP: UE(imsi)=87 bestRsrp=-136.836 < min=-120 (all cells below threshold) retryIn=2s
---- INIT_ATTACH t=32 UE(imsi)=92 ----
  INIT_ATTACH_FAIL_ALL_LOW_RSRP: UE(imsi)=92 bestRsrp=-131.963 < min=-120 (all cells below threshold) retryIn=2s
---- INIT_ATTACH t=32 UE(imsi)=97 ----
  INIT_ATTACH_FAIL_ALL_LOW_RSRP: UE(imsi)=97 bestRsrp=-145.45 < min=-120 (all cells below threshold) retryIn=2s
---- INIT_ATTACH t=32 UE(imsi)=98 ----
  INIT_ATTACH_FAIL_ALL_LOW_RSRP: UE(imsi)=98 bestRsrp=-130.169 < min=-120 (all cells below threshold) retryIn=2s
---- INIT_ATTACH t=32 UE(imsi)=102 ----
  INIT_ATTACH_FAIL_ALL_LOW_RSRP: UE(imsi)=102 bestRsrp=-123.413 < min=-120 (all cells below threshold) retryIn=2s
---- INIT_ATTACH t=32 UE(imsi)=106 ----
  INIT_ATTACH_FAIL_ALL_LOW_RSRP: UE(imsi)=106 bestRsrp=-125.896 < min=-120 (all cells below threshold) retryIn=2s
---- INIT_ATTACH t=32 UE(imsi)=109 ----
  INIT_ATTACH_FAIL_ALL_LOW_RSRP: UE(imsi)=109 bestRsrp=-131.324 < min=-120 (all cells below threshold) retryIn=2s
---- INIT_ATTACH t=32 UE(imsi)=116 ----
  INIT_ATTACH_FAIL_ALL_LOW_RSRP: UE(imsi)=116 bestRsrp=-153.076 < min=-120 (all cells below threshold) retryIn=2s
---- INIT_ATTACH t=32 UE(imsi)=119 ----
  INIT_ATTACH_FAIL_ALL_LOW_RSRP: UE(imsi)=119 bestRsrp=-139.267 < min=-120 (all cells below threshold) retryIn=2s
---- INIT_ATTACH t=32 UE(imsi)=120 ----
  INIT_ATTACH_FAIL_ALL_LOW_RSRP: UE(imsi)=120 bestRsrp=-142.377 < min=-120 (all cells below threshold) retryIn=2s
---- INIT_ATTACH t=32 UE(imsi)=122 ----
  INIT_ATTACH_FAIL_ALL_LOW_RSRP: UE(imsi)=122 bestRsrp=-126.302 < min=-120 (all cells below threshold) retryIn=2s
---- INIT_ATTACH t=32 UE(imsi)=134 ----
  INIT_ATTACH_FAIL_ALL_LOW_RSRP: UE(imsi)=134 bestRsrp=-129.474 < min=-120 (all cells below threshold) retryIn=2s
---- INIT_ATTACH t=32 UE(imsi)=135 ----
  INIT_ATTACH_FAIL_ALL_LOW_RSRP: UE(imsi)=135 bestRsrp=-131.136 < min=-120 (all cells below threshold) retryIn=2s
---- INIT_ATTACH t=32 UE(imsi)=136 ----
  INIT_ATTACH_FAIL_ALL_LOW_RSRP: UE(imsi)=136 bestRsrp=-144.034 < min=-120 (all cells below threshold) retryIn=2s
---- INIT_ATTACH t=32 UE(imsi)=138 ----
  INIT_ATTACH_FAIL_ALL_LOW_RSRP: UE(imsi)=138 bestRsrp=-143.544 < min=-120 (all cells below threshold) retryIn=2s
---- INIT_ATTACH t=32 UE(imsi)=140 ----
  INIT_ATTACH_FAIL_ALL_LOW_RSRP: UE(imsi)=140 bestRsrp=-141.121 < min=-120 (all cells below threshold) retryIn=2s
---- INIT_ATTACH t=32 UE(imsi)=142 ----
  INIT_ATTACH_FAIL_ALL_LOW_RSRP: UE(imsi)=142 bestRsrp=-139.22 < min=-120 (all cells below threshold) retryIn=2s
---- INIT_ATTACH t=32 UE(imsi)=144 ----
  INIT_ATTACH_FAIL_ALL_LOW_RSRP: UE(imsi)=144 bestRsrp=-149.175 < min=-120 (all cells below threshold) retryIn=2s
---- INIT_ATTACH t=32 UE(imsi)=146 ----
  INIT_ATTACH_FAIL_ALL_LOW_RSRP: UE(imsi)=146 bestRsrp=-134.722 < min=-120 (all cells below threshold) retryIn=2s
---- INIT_ATTACH t=32 UE(imsi)=148 ----
  INIT_ATTACH_FAIL_ALL_LOW_RSRP: UE(imsi)=148 bestRsrp=-137.227 < min=-120 (all cells below threshold) retryIn=2s
---- INIT_ATTACH t=32 UE(imsi)=150 ----
  INIT_ATTACH_FAIL_ALL_LOW_RSRP: UE(imsi)=150 bestRsrp=-146.914 < min=-120 (all cells below threshold) retryIn=2s
---- INIT_ATTACH t=32 UE(imsi)=151 ----
  INIT_ATTACH_FAIL_ALL_LOW_RSRP: UE(imsi)=151 bestRsrp=-146.735 < min=-120 (all cells below threshold) retryIn=2s
---- INIT_ATTACH t=32 UE(imsi)=155 ----
  candOK0 cell=12 rsrp=-115.824 occ=10/10 -> SKIP_FULL
  INIT_ATTACH_FAIL_ALL_FULL: UE(imsi)=155 rsrpOk=1 (all RSRP>=min but full or invalid) retryIn=2s
---- INIT_ATTACH t=32 UE(imsi)=157 ----
  INIT_ATTACH_FAIL_ALL_LOW_RSRP: UE(imsi)=157 bestRsrp=-138.834 < min=-120 (all cells below threshold) retryIn=2s
---- INIT_ATTACH t=32 UE(imsi)=158 ----
  candOK0 cell=10 rsrp=-96.4366 occ=10/10 -> SKIP_FULL
  INIT_ATTACH_FAIL_ALL_FULL: UE(imsi)=158 rsrpOk=1 (all RSRP>=min but full or invalid) retryIn=2s
---- INIT_ATTACH t=32 UE(imsi)=161 ----
  INIT_ATTACH_FAIL_ALL_LOW_RSRP: UE(imsi)=161 bestRsrp=-140.384 < min=-120 (all cells below threshold) retryIn=2s
---- INIT_ATTACH t=32 UE(imsi)=164 ----
  INIT_ATTACH_FAIL_ALL_LOW_RSRP: UE(imsi)=164 bestRsrp=-139.161 < min=-120 (all cells below threshold) retryIn=2s
---- INIT_ATTACH t=32 UE(imsi)=165 ----
  INIT_ATTACH_FAIL_ALL_LOW_RSRP: UE(imsi)=165 bestRsrp=-146.664 < min=-120 (all cells below threshold) retryIn=2s
---- INIT_ATTACH t=32 UE(imsi)=169 ----
  INIT_ATTACH_FAIL_ALL_LOW_RSRP: UE(imsi)=169 bestRsrp=-144.145 < min=-120 (all cells below threshold) retryIn=2s
---- INIT_ATTACH t=32 UE(imsi)=171 ----
  INIT_ATTACH_FAIL_ALL_LOW_RSRP: UE(imsi)=171 bestRsrp=-148.897 < min=-120 (all cells below threshold) retryIn=2s
---- INIT_ATTACH t=32 UE(imsi)=173 ----
  INIT_ATTACH_FAIL_ALL_LOW_RSRP: UE(imsi)=173 bestRsrp=-136.463 < min=-120 (all cells below threshold) retryIn=2s
---- INIT_ATTACH t=32 UE(imsi)=174 ----
  INIT_ATTACH_FAIL_ALL_LOW_RSRP: UE(imsi)=174 bestRsrp=-140.792 < min=-120 (all cells below threshold) retryIn=2s
---- INIT_ATTACH t=32 UE(imsi)=179 ----
  INIT_ATTACH_FAIL_ALL_LOW_RSRP: UE(imsi)=179 bestRsrp=-146.424 < min=-120 (all cells below threshold) retryIn=2s
---- INIT_ATTACH t=32 UE(imsi)=181 ----
  INIT_ATTACH_FAIL_ALL_LOW_RSRP: UE(imsi)=181 bestRsrp=-143.838 < min=-120 (all cells below threshold) retryIn=2s
---- INIT_ATTACH t=32 UE(imsi)=183 ----
  INIT_ATTACH_FAIL_ALL_LOW_RSRP: UE(imsi)=183 bestRsrp=-135.157 < min=-120 (all cells below threshold) retryIn=2s
---- INIT_ATTACH t=32 UE(imsi)=185 ----
  INIT_ATTACH_FAIL_ALL_LOW_RSRP: UE(imsi)=185 bestRsrp=-145.974 < min=-120 (all cells below threshold) retryIn=2s
---- INIT_ATTACH t=32 UE(imsi)=187 ----
  INIT_ATTACH_FAIL_ALL_LOW_RSRP: UE(imsi)=187 bestRsrp=-131.423 < min=-120 (all cells below threshold) retryIn=2s
---- INIT_ATTACH t=32 UE(imsi)=192 ----
  INIT_ATTACH_FAIL_ALL_LOW_RSRP: UE(imsi)=192 bestRsrp=-152.185 < min=-120 (all cells below threshold) retryIn=2s
---- INIT_ATTACH t=32 UE(imsi)=195 ----
  INIT_ATTACH_FAIL_ALL_LOW_RSRP: UE(imsi)=195 bestRsrp=-142.729 < min=-120 (all cells below threshold) retryIn=2s
---- INIT_ATTACH t=32 UE(imsi)=197 ----
  INIT_ATTACH_FAIL_ALL_LOW_RSRP: UE(imsi)=197 bestRsrp=-147.044 < min=-120 (all cells below threshold) retryIn=2s
---- INIT_ATTACH t=32 UE(imsi)=198 ----
  INIT_ATTACH_FAIL_ALL_LOW_RSRP: UE(imsi)=198 bestRsrp=-131.032 < min=-120 (all cells below threshold) retryIn=2s
---- INIT_ATTACH t=32 UE(imsi)=199 ----
  INIT_ATTACH_FAIL_ALL_LOW_RSRP: UE(imsi)=199 bestRsrp=-142.192 < min=-120 (all cells below threshold) retryIn=2s
---- INIT_ATTACH t=32 UE(imsi)=200 ----
  INIT_ATTACH_FAIL_ALL_LOW_RSRP: UE(imsi)=200 bestRsrp=-145.32 < min=-120 (all cells below threshold) retryIn=2s
---- INIT_ATTACH t=32 UE(imsi)=201 ----
  INIT_ATTACH_FAIL_ALL_LOW_RSRP: UE(imsi)=201 bestRsrp=-123.995 < min=-120 (all cells below threshold) retryIn=2s
---- INIT_ATTACH t=32 UE(imsi)=202 ----
  INIT_ATTACH_FAIL_ALL_LOW_RSRP: UE(imsi)=202 bestRsrp=-145.795 < min=-120 (all cells below threshold) retryIn=2s
---- INIT_ATTACH t=32 UE(imsi)=203 ----
  INIT_ATTACH_FAIL_ALL_LOW_RSRP: UE(imsi)=203 bestRsrp=-148.631 < min=-120 (all cells below threshold) retryIn=2s
---- INIT_ATTACH t=32 UE(imsi)=204 ----
  INIT_ATTACH_FAIL_ALL_LOW_RSRP: UE(imsi)=204 bestRsrp=-144.06 < min=-120 (all cells below threshold) retryIn=2s
---- INIT_ATTACH t=32 UE(imsi)=212 ----
  INIT_ATTACH_FAIL_ALL_LOW_RSRP: UE(imsi)=212 bestRsrp=-136.47 < min=-120 (all cells below threshold) retryIn=2s
---- INIT_ATTACH t=32 UE(imsi)=214 ----
  INIT_ATTACH_FAIL_ALL_LOW_RSRP: UE(imsi)=214 bestRsrp=-143.129 < min=-120 (all cells below threshold) retryIn=2s
---- INIT_ATTACH t=32 UE(imsi)=216 ----
  INIT_ATTACH_FAIL_ALL_LOW_RSRP: UE(imsi)=216 bestRsrp=-144.674 < min=-120 (all cells below threshold) retryIn=2s
---- INIT_ATTACH t=32 UE(imsi)=217 ----
  candOK0 cell=5 rsrp=-117.282 occ=12/20 -> OK
  SELECT cell=5 rsrp=-117.282 occ(afterReserve)=13/20
  INIT_ATTACH_OK: UE(imsi)=217 -> cell=5
---- INIT_ATTACH t=32 UE(imsi)=218 ----
  candOK0 cell=7 rsrp=-114.051 occ=14/20 -> OK
  SELECT cell=7 rsrp=-114.051 occ(afterReserve)=15/20
  INIT_ATTACH_OK: UE(imsi)=218 -> cell=7
---- INIT_ATTACH t=32 UE(imsi)=220 ----
  INIT_ATTACH_FAIL_ALL_LOW_RSRP: UE(imsi)=220 bestRsrp=-147.53 < min=-120 (all cells below threshold) retryIn=2s
---- INIT_ATTACH t=32 UE(imsi)=221 ----
  INIT_ATTACH_FAIL_ALL_LOW_RSRP: UE(imsi)=221 bestRsrp=-132.443 < min=-120 (all cells below threshold) retryIn=2s
---- INIT_ATTACH t=32 UE(imsi)=222 ----
  INIT_ATTACH_FAIL_ALL_LOW_RSRP: UE(imsi)=222 bestRsrp=-141.153 < min=-120 (all cells below threshold) retryIn=2s
---- INIT_ATTACH t=32 UE(imsi)=224 ----
  INIT_ATTACH_FAIL_ALL_LOW_RSRP: UE(imsi)=224 bestRsrp=-155.447 < min=-120 (all cells below threshold) retryIn=2s
---- INIT_ATTACH t=32 UE(imsi)=225 ----
  INIT_ATTACH_FAIL_ALL_LOW_RSRP: UE(imsi)=225 bestRsrp=-133.878 < min=-120 (all cells below threshold) retryIn=2s
---- INIT_ATTACH t=32 UE(imsi)=227 ----
  INIT_ATTACH_FAIL_ALL_LOW_RSRP: UE(imsi)=227 bestRsrp=-135.535 < min=-120 (all cells below threshold) retryIn=2s
---- INIT_ATTACH t=32 UE(imsi)=230 ----
  INIT_ATTACH_FAIL_ALL_LOW_RSRP: UE(imsi)=230 bestRsrp=-141.156 < min=-120 (all cells below threshold) retryIn=2s
---- INIT_ATTACH t=32 UE(imsi)=231 ----
  INIT_ATTACH_FAIL_ALL_LOW_RSRP: UE(imsi)=231 bestRsrp=-136.763 < min=-120 (all cells below threshold) retryIn=2s
---- INIT_ATTACH t=32 UE(imsi)=232 ----
  INIT_ATTACH_FAIL_ALL_LOW_RSRP: UE(imsi)=232 bestRsrp=-142.125 < min=-120 (all cells below threshold) retryIn=2s
---- INIT_ATTACH t=32 UE(imsi)=233 ----
  INIT_ATTACH_FAIL_ALL_LOW_RSRP: UE(imsi)=233 bestRsrp=-144.039 < min=-120 (all cells below threshold) retryIn=2s
---- INIT_ATTACH t=32 UE(imsi)=236 ----
  INIT_ATTACH_FAIL_ALL_LOW_RSRP: UE(imsi)=236 bestRsrp=-126.149 < min=-120 (all cells below threshold) retryIn=2s
---- INIT_ATTACH t=32 UE(imsi)=237 ----
  INIT_ATTACH_FAIL_ALL_LOW_RSRP: UE(imsi)=237 bestRsrp=-147.29 < min=-120 (all cells below threshold) retryIn=2s
---- INIT_ATTACH t=32 UE(imsi)=238 ----
  INIT_ATTACH_FAIL_ALL_LOW_RSRP: UE(imsi)=238 bestRsrp=-140.74 < min=-120 (all cells below threshold) retryIn=2s
---- INIT_ATTACH t=32 UE(imsi)=240 ----
  INIT_ATTACH_FAIL_ALL_LOW_RSRP: UE(imsi)=240 bestRsrp=-141.25 < min=-120 (all cells below threshold) retryIn=2s
---- LOAD at t=32.5 ----
  cell 1 (TN) load=10/20
  cell 2 (TN) load=10/20
  cell 3 (TN) load=7/20
  cell 4 (TN) load=4/20
  cell 5 (TN) load=13/20
  cell 6 (TN) load=9/20
  cell 7 (TN) load=15/20
  cell 8 (TN) load=13/20
  cell 9 (NTN) load=10/10
  cell 10 (NTN) load=10/10
  cell 11 (NTN) load=10/10
  cell 12 (NTN) load=10/10
  cell 13 (NTN) load=8/10
  cell 14 (NTN) load=10/10
UE 15 TTT_WAIT target=5 elapsed=0s need=2s
UE 16 TTT_WAIT target=7 elapsed=0s need=2s
UE 19 TTT_WAIT target=3 elapsed=0s need=2s
UE 25 TTT_WAIT target=7 elapsed=0s need=2s
UE 31 TTT_WAIT target=6 elapsed=0s need=2s
UE 33 TTT_WAIT target=8 elapsed=0s need=2s
UE 35 TTT_WAIT target=8 elapsed=0s need=2s
UE 38 TTT_WAIT target=5 elapsed=0s need=2s
UE 39 TTT_WAIT target=4 elapsed=0s need=2s
UE 40 TTT_WAIT target=6 elapsed=0s need=2s
UE 42 TTT_WAIT target=5 elapsed=0s need=2s
UE 46 TTT_WAIT target=3 elapsed=0s need=2s
UE 52 TTT_WAIT target=5 elapsed=0s need=2s
UE 53 TTT_WAIT target=6 elapsed=0s need=2s
LM HO UE=54 rnti=65 3->13 type=NTN servingRsrp=-108.028 targetRsrp=-81.8386 targetLoadReal=8/10 targetLoadEff=8/10
UE 61 TTT_WAIT target=3 elapsed=0s need=2s
UE 62 TTT_WAIT target=8 elapsed=0s need=2s
UE 64 TTT_WAIT target=6 elapsed=0s need=2s
UE 68 TTT_WAIT target=1 elapsed=0s need=2s
UE 70 TTT_WAIT target=1 elapsed=0s need=2s
UE 72 TTT_WAIT target=1 elapsed=0s need=2s
UE 74 TTT_WAIT target=7 elapsed=0s need=2s
UE 76 TTT_WAIT target=5 elapsed=0s need=2s
UE 79 TTT_WAIT target=2 elapsed=0s need=2s
UE 80 TTT_WAIT target=4 elapsed=0s need=2s
LM HO_FAIL_LOW_RSRP UE=82 currCell=7 candCell=13 candRsrp=-141.72 < min=-120
LM HO UE=92 rnti=64 3->8 type=TN servingRsrp=-113.992 targetRsrp=-86.3822 targetLoadReal=13/20 targetLoadEff=13/20
UE 93 TTT_WAIT target=2 elapsed=0s need=2s
UE 96 TTT_WAIT target=1 elapsed=0s need=2s
UE 97 TTT_WAIT target=2 elapsed=0s need=2s
UE 101 TTT_WAIT target=6 elapsed=0s need=2s
UE 105 TTT_WAIT target=8 elapsed=0s need=2s
UE 120 TTT_WAIT target=1 elapsed=0s need=2s
UE 127 TTT_WAIT target=2 elapsed=0s need=2s
UE 130 TTT_WAIT target=7 elapsed=0s need=2s
UE 131 TTT_WAIT target=13 elapsed=0s need=2s
UE 133 TTT_WAIT target=13 elapsed=0s need=2s
UE 135 TTT_WAIT target=6 elapsed=0s need=2s
UE 138 TTT_WAIT target=8 elapsed=0s need=2s
UE 140 TTT_WAIT target=1 elapsed=0s need=2s
UE 144 TTT_WAIT target=8 elapsed=0s need=2s
UE 146 TTT_WAIT target=2 elapsed=0s need=2s
UE 148 TTT_WAIT target=7 elapsed=0s need=2s
UE 149 TTT_WAIT target=8 elapsed=0s need=2s
UE 150 TTT_WAIT target=6 elapsed=0s need=2s
UE 156 TTT_WAIT target=4 elapsed=0s need=2s
UE 157 TTT_WAIT target=1 elapsed=0s need=2s
UE 162 TTT_WAIT target=6 elapsed=0s need=2s
UE 163 TTT_WAIT target=2 elapsed=0s need=2s
UE 165 TTT_WAIT target=8 elapsed=0s need=2s
UE 166 TTT_WAIT target=13 elapsed=0s need=2s
UE 167 TTT_WAIT target=3 elapsed=0s need=2s
UE 174 TTT_WAIT target=8 elapsed=0s need=2s
LM HO UE=179 rnti=39 7->2 type=TN servingRsrp=-113.176 targetRsrp=-86.2535 targetLoadReal=10/20 targetLoadEff=10/20
LM HO UE=180 rnti=55 10->7 type=TN servingRsrp=-118.231 targetRsrp=-82.7132 targetLoadReal=15/20 targetLoadEff=15/20
UE 182 TTT_WAIT target=3 elapsed=0s need=2s
UE 187 TTT_WAIT target=7 elapsed=0s need=2s
UE 188 TTT_WAIT target=2 elapsed=0s need=2s
UE 193 TTT_WAIT target=6 elapsed=0s need=2s
LM HO UE=194 rnti=79 9->6 type=TN servingRsrp=-84.8303 targetRsrp=-79.2654 targetLoadReal=9/20 targetLoadEff=9/20
UE 200 TTT_WAIT target=1 elapsed=0s need=2s
UE 207 TTT_WAIT target=4 elapsed=0s need=2s
UE 210 TTT_WAIT target=8 elapsed=0s need=2s
UE 211 TTT_WAIT target=3 elapsed=0s need=2s
UE 212 TTT_WAIT target=8 elapsed=0s need=2s
UE 215 TTT_WAIT target=8 elapsed=0s need=2s
UE 217 TTT_WAIT target=6 elapsed=0s need=2s
LM HO UE=220 rnti=56 3->8 type=TN servingRsrp=-102.716 targetRsrp=-82.5716 targetLoadReal=13/20 targetLoadEff=14/20
UE 223 TTT_WAIT target=3 elapsed=0s need=2s
UE 224 TTT_WAIT target=6 elapsed=0s need=2s
UE 226 TTT_WAIT target=3 elapsed=0s need=2s
UE 230 TTT_WAIT target=13 elapsed=0s need=2s
UE 231 TTT_WAIT target=1 elapsed=0s need=2s
UE 233 TTT_WAIT target=7 elapsed=0s need=2s
LM HO UE=234 rnti=48 8->3 type=TN servingRsrp=-119.302 targetRsrp=-87.2325 targetLoadReal=7/20 targetLoadEff=7/20
UE 241 TTT_WAIT target=8 elapsed=0s need=2s
LM HO UE=242 rnti=56 10->7 type=TN servingRsrp=-122.023 targetRsrp=-87.7341 targetLoadReal=15/20 targetLoadEff=16/20
UE 243 TTT_WAIT target=7 elapsed=0s need=2s
UE 244 TTT_WAIT target=3 elapsed=0s need=2s
---- INIT_ATTACH t=34 UE(imsi)=16 ----
  INIT_ATTACH_FAIL_ALL_LOW_RSRP: UE(imsi)=16 bestRsrp=-131.551 < min=-120 (all cells below threshold) retryIn=2s
---- INIT_ATTACH t=34 UE(imsi)=20 ----
  INIT_ATTACH_FAIL_ALL_LOW_RSRP: UE(imsi)=20 bestRsrp=-151.251 < min=-120 (all cells below threshold) retryIn=2s
---- INIT_ATTACH t=34 UE(imsi)=23 ----
  INIT_ATTACH_FAIL_ALL_LOW_RSRP: UE(imsi)=23 bestRsrp=-144.459 < min=-120 (all cells below threshold) retryIn=2s
---- INIT_ATTACH t=34 UE(imsi)=25 ----
  INIT_ATTACH_FAIL_ALL_LOW_RSRP: UE(imsi)=25 bestRsrp=-121.574 < min=-120 (all cells below threshold) retryIn=2s
---- INIT_ATTACH t=34 UE(imsi)=26 ----
  INIT_ATTACH_FAIL_ALL_LOW_RSRP: UE(imsi)=26 bestRsrp=-147.596 < min=-120 (all cells below threshold) retryIn=2s
---- INIT_ATTACH t=34 UE(imsi)=29 ----
  INIT_ATTACH_FAIL_ALL_LOW_RSRP: UE(imsi)=29 bestRsrp=-151.05 < min=-120 (all cells below threshold) retryIn=2s
---- INIT_ATTACH t=34 UE(imsi)=31 ----
  INIT_ATTACH_FAIL_ALL_LOW_RSRP: UE(imsi)=31 bestRsrp=-130.997 < min=-120 (all cells below threshold) retryIn=2s
---- INIT_ATTACH t=34 UE(imsi)=36 ----
  INIT_ATTACH_FAIL_ALL_LOW_RSRP: UE(imsi)=36 bestRsrp=-140.386 < min=-120 (all cells below threshold) retryIn=2s
---- INIT_ATTACH t=34 UE(imsi)=38 ----
  INIT_ATTACH_FAIL_ALL_LOW_RSRP: UE(imsi)=38 bestRsrp=-145.898 < min=-120 (all cells below threshold) retryIn=2s
---- INIT_ATTACH t=34 UE(imsi)=44 ----
  INIT_ATTACH_FAIL_ALL_LOW_RSRP: UE(imsi)=44 bestRsrp=-135.894 < min=-120 (all cells below threshold) retryIn=2s
---- INIT_ATTACH t=34 UE(imsi)=45 ----
  INIT_ATTACH_FAIL_ALL_LOW_RSRP: UE(imsi)=45 bestRsrp=-128.13 < min=-120 (all cells below threshold) retryIn=2s
---- INIT_ATTACH t=34 UE(imsi)=48 ----
  INIT_ATTACH_FAIL_ALL_LOW_RSRP: UE(imsi)=48 bestRsrp=-134.544 < min=-120 (all cells below threshold) retryIn=2s
---- INIT_ATTACH t=34 UE(imsi)=53 ----
  INIT_ATTACH_FAIL_ALL_LOW_RSRP: UE(imsi)=53 bestRsrp=-141.534 < min=-120 (all cells below threshold) retryIn=2s
---- INIT_ATTACH t=34 UE(imsi)=54 ----
  INIT_ATTACH_FAIL_ALL_LOW_RSRP: UE(imsi)=54 bestRsrp=-141.664 < min=-120 (all cells below threshold) retryIn=2s
---- INIT_ATTACH t=34 UE(imsi)=55 ----
  INIT_ATTACH_FAIL_ALL_LOW_RSRP: UE(imsi)=55 bestRsrp=-155.259 < min=-120 (all cells below threshold) retryIn=2s
---- INIT_ATTACH t=34 UE(imsi)=57 ----
  INIT_ATTACH_FAIL_ALL_LOW_RSRP: UE(imsi)=57 bestRsrp=-127.382 < min=-120 (all cells below threshold) retryIn=2s
---- INIT_ATTACH t=34 UE(imsi)=61 ----
  INIT_ATTACH_FAIL_ALL_LOW_RSRP: UE(imsi)=61 bestRsrp=-137.752 < min=-120 (all cells below threshold) retryIn=2s
---- INIT_ATTACH t=34 UE(imsi)=62 ----
  INIT_ATTACH_FAIL_ALL_LOW_RSRP: UE(imsi)=62 bestRsrp=-132.82 < min=-120 (all cells below threshold) retryIn=2s
---- INIT_ATTACH t=34 UE(imsi)=67 ----
  INIT_ATTACH_FAIL_ALL_LOW_RSRP: UE(imsi)=67 bestRsrp=-139.98 < min=-120 (all cells below threshold) retryIn=2s
---- INIT_ATTACH t=34 UE(imsi)=68 ----
  INIT_ATTACH_FAIL_ALL_LOW_RSRP: UE(imsi)=68 bestRsrp=-136.424 < min=-120 (all cells below threshold) retryIn=2s
---- INIT_ATTACH t=34 UE(imsi)=70 ----
  candOK0 cell=12 rsrp=-119.664 occ=10/10 -> SKIP_FULL
  INIT_ATTACH_FAIL_ALL_FULL: UE(imsi)=70 rsrpOk=1 (all RSRP>=min but full or invalid) retryIn=2s
---- INIT_ATTACH t=34 UE(imsi)=73 ----
  INIT_ATTACH_FAIL_ALL_LOW_RSRP: UE(imsi)=73 bestRsrp=-144.171 < min=-120 (all cells below threshold) retryIn=2s
---- INIT_ATTACH t=34 UE(imsi)=74 ----
  INIT_ATTACH_FAIL_ALL_LOW_RSRP: UE(imsi)=74 bestRsrp=-146.008 < min=-120 (all cells below threshold) retryIn=2s
---- INIT_ATTACH t=34 UE(imsi)=76 ----
  INIT_ATTACH_FAIL_ALL_LOW_RSRP: UE(imsi)=76 bestRsrp=-140.684 < min=-120 (all cells below threshold) retryIn=2s
---- INIT_ATTACH t=34 UE(imsi)=81 ----
  INIT_ATTACH_FAIL_ALL_LOW_RSRP: UE(imsi)=81 bestRsrp=-138.393 < min=-120 (all cells below threshold) retryIn=2s
---- INIT_ATTACH t=34 UE(imsi)=85 ----
  INIT_ATTACH_FAIL_ALL_LOW_RSRP: UE(imsi)=85 bestRsrp=-142.552 < min=-120 (all cells below threshold) retryIn=2s
---- INIT_ATTACH t=34 UE(imsi)=86 ----
  INIT_ATTACH_FAIL_ALL_LOW_RSRP: UE(imsi)=86 bestRsrp=-126.074 < min=-120 (all cells below threshold) retryIn=2s
---- INIT_ATTACH t=34 UE(imsi)=87 ----
  INIT_ATTACH_FAIL_ALL_LOW_RSRP: UE(imsi)=87 bestRsrp=-137.698 < min=-120 (all cells below threshold) retryIn=2s
---- INIT_ATTACH t=34 UE(imsi)=92 ----
  candOK0 cell=11 rsrp=-101.744 occ=10/10 -> SKIP_FULL
  INIT_ATTACH_FAIL_ALL_FULL: UE(imsi)=92 rsrpOk=1 (all RSRP>=min but full or invalid) retryIn=2s
---- INIT_ATTACH t=34 UE(imsi)=97 ----
  INIT_ATTACH_FAIL_ALL_LOW_RSRP: UE(imsi)=97 bestRsrp=-144.818 < min=-120 (all cells below threshold) retryIn=2s
---- INIT_ATTACH t=34 UE(imsi)=98 ----
  INIT_ATTACH_FAIL_ALL_LOW_RSRP: UE(imsi)=98 bestRsrp=-132.605 < min=-120 (all cells below threshold) retryIn=2s
---- INIT_ATTACH t=34 UE(imsi)=102 ----
  INIT_ATTACH_FAIL_ALL_LOW_RSRP: UE(imsi)=102 bestRsrp=-122.093 < min=-120 (all cells below threshold) retryIn=2s
---- INIT_ATTACH t=34 UE(imsi)=106 ----
  INIT_ATTACH_FAIL_ALL_LOW_RSRP: UE(imsi)=106 bestRsrp=-126.115 < min=-120 (all cells below threshold) retryIn=2s
---- INIT_ATTACH t=34 UE(imsi)=109 ----
  INIT_ATTACH_FAIL_ALL_LOW_RSRP: UE(imsi)=109 bestRsrp=-130.867 < min=-120 (all cells below threshold) retryIn=2s
---- INIT_ATTACH t=34 UE(imsi)=116 ----
  INIT_ATTACH_FAIL_ALL_LOW_RSRP: UE(imsi)=116 bestRsrp=-152.114 < min=-120 (all cells below threshold) retryIn=2s
---- INIT_ATTACH t=34 UE(imsi)=119 ----
  INIT_ATTACH_FAIL_ALL_LOW_RSRP: UE(imsi)=119 bestRsrp=-140.931 < min=-120 (all cells below threshold) retryIn=2s
---- INIT_ATTACH t=34 UE(imsi)=120 ----
  INIT_ATTACH_FAIL_ALL_LOW_RSRP: UE(imsi)=120 bestRsrp=-140.548 < min=-120 (all cells below threshold) retryIn=2s
---- INIT_ATTACH t=34 UE(imsi)=122 ----
  INIT_ATTACH_FAIL_ALL_LOW_RSRP: UE(imsi)=122 bestRsrp=-145.877 < min=-120 (all cells below threshold) retryIn=2s
---- INIT_ATTACH t=34 UE(imsi)=134 ----
  candOK0 cell=6 rsrp=-105.653 occ=10/20 -> OK
  SELECT cell=6 rsrp=-105.653 occ(afterReserve)=11/20
  INIT_ATTACH_OK: UE(imsi)=134 -> cell=6
---- INIT_ATTACH t=34 UE(imsi)=135 ----
  INIT_ATTACH_FAIL_ALL_LOW_RSRP: UE(imsi)=135 bestRsrp=-132.302 < min=-120 (all cells below threshold) retryIn=2s
---- INIT_ATTACH t=34 UE(imsi)=136 ----
  INIT_ATTACH_FAIL_ALL_LOW_RSRP: UE(imsi)=136 bestRsrp=-142.688 < min=-120 (all cells below threshold) retryIn=2s
---- INIT_ATTACH t=34 UE(imsi)=138 ----
  INIT_ATTACH_FAIL_ALL_LOW_RSRP: UE(imsi)=138 bestRsrp=-145.813 < min=-120 (all cells below threshold) retryIn=2s
---- INIT_ATTACH t=34 UE(imsi)=140 ----
  INIT_ATTACH_FAIL_ALL_LOW_RSRP: UE(imsi)=140 bestRsrp=-139.742 < min=-120 (all cells below threshold) retryIn=2s
---- INIT_ATTACH t=34 UE(imsi)=142 ----
  INIT_ATTACH_FAIL_ALL_LOW_RSRP: UE(imsi)=142 bestRsrp=-138.383 < min=-120 (all cells below threshold) retryIn=2s
---- INIT_ATTACH t=34 UE(imsi)=144 ----
  INIT_ATTACH_FAIL_ALL_LOW_RSRP: UE(imsi)=144 bestRsrp=-147.935 < min=-120 (all cells below threshold) retryIn=2s
---- INIT_ATTACH t=34 UE(imsi)=146 ----
  INIT_ATTACH_FAIL_ALL_LOW_RSRP: UE(imsi)=146 bestRsrp=-132.376 < min=-120 (all cells below threshold) retryIn=2s
---- INIT_ATTACH t=34 UE(imsi)=148 ----
  INIT_ATTACH_FAIL_ALL_LOW_RSRP: UE(imsi)=148 bestRsrp=-135.457 < min=-120 (all cells below threshold) retryIn=2s
---- INIT_ATTACH t=34 UE(imsi)=150 ----
  INIT_ATTACH_FAIL_ALL_LOW_RSRP: UE(imsi)=150 bestRsrp=-145.272 < min=-120 (all cells below threshold) retryIn=2s
---- INIT_ATTACH t=34 UE(imsi)=151 ----
  INIT_ATTACH_FAIL_ALL_LOW_RSRP: UE(imsi)=151 bestRsrp=-145.873 < min=-120 (all cells below threshold) retryIn=2s
---- INIT_ATTACH t=34 UE(imsi)=155 ----
  INIT_ATTACH_FAIL_ALL_LOW_RSRP: UE(imsi)=155 bestRsrp=-136.43 < min=-120 (all cells below threshold) retryIn=2s
---- INIT_ATTACH t=34 UE(imsi)=157 ----
  candOK0 cell=5 rsrp=-114.518 occ=13/20 -> OK
  SELECT cell=5 rsrp=-114.518 occ(afterReserve)=14/20
  INIT_ATTACH_OK: UE(imsi)=157 -> cell=5
---- INIT_ATTACH t=34 UE(imsi)=158 ----
  INIT_ATTACH_FAIL_ALL_LOW_RSRP: UE(imsi)=158 bestRsrp=-127.115 < min=-120 (all cells below threshold) retryIn=2s
---- INIT_ATTACH t=34 UE(imsi)=161 ----
  candOK0 cell=1 rsrp=-118.442 occ=10/20 -> OK
  SELECT cell=1 rsrp=-118.442 occ(afterReserve)=11/20
  INIT_ATTACH_OK: UE(imsi)=161 -> cell=1
---- INIT_ATTACH t=34 UE(imsi)=164 ----
  candOK0 cell=12 rsrp=-104.623 occ=10/10 -> SKIP_FULL
  INIT_ATTACH_FAIL_ALL_FULL: UE(imsi)=164 rsrpOk=1 (all RSRP>=min but full or invalid) retryIn=2s
---- INIT_ATTACH t=34 UE(imsi)=165 ----
  INIT_ATTACH_FAIL_ALL_LOW_RSRP: UE(imsi)=165 bestRsrp=-146.646 < min=-120 (all cells below threshold) retryIn=2s
---- INIT_ATTACH t=34 UE(imsi)=169 ----
  INIT_ATTACH_FAIL_ALL_LOW_RSRP: UE(imsi)=169 bestRsrp=-141.899 < min=-120 (all cells below threshold) retryIn=2s
---- INIT_ATTACH t=34 UE(imsi)=171 ----
  INIT_ATTACH_FAIL_ALL_LOW_RSRP: UE(imsi)=171 bestRsrp=-147.492 < min=-120 (all cells below threshold) retryIn=2s
---- INIT_ATTACH t=34 UE(imsi)=173 ----
  INIT_ATTACH_FAIL_ALL_LOW_RSRP: UE(imsi)=173 bestRsrp=-134.654 < min=-120 (all cells below threshold) retryIn=2s
---- INIT_ATTACH t=34 UE(imsi)=174 ----
  INIT_ATTACH_FAIL_ALL_LOW_RSRP: UE(imsi)=174 bestRsrp=-140.354 < min=-120 (all cells below threshold) retryIn=2s
---- INIT_ATTACH t=34 UE(imsi)=179 ----
  INIT_ATTACH_FAIL_ALL_LOW_RSRP: UE(imsi)=179 bestRsrp=-148.186 < min=-120 (all cells below threshold) retryIn=2s
---- INIT_ATTACH t=34 UE(imsi)=181 ----
  INIT_ATTACH_FAIL_ALL_LOW_RSRP: UE(imsi)=181 bestRsrp=-144.935 < min=-120 (all cells below threshold) retryIn=2s
---- INIT_ATTACH t=34 UE(imsi)=183 ----
  INIT_ATTACH_FAIL_ALL_LOW_RSRP: UE(imsi)=183 bestRsrp=-140.304 < min=-120 (all cells below threshold) retryIn=2s
---- INIT_ATTACH t=34 UE(imsi)=185 ----
  INIT_ATTACH_FAIL_ALL_LOW_RSRP: UE(imsi)=185 bestRsrp=-143.385 < min=-120 (all cells below threshold) retryIn=2s
---- INIT_ATTACH t=34 UE(imsi)=187 ----
  INIT_ATTACH_FAIL_ALL_LOW_RSRP: UE(imsi)=187 bestRsrp=-130.59 < min=-120 (all cells below threshold) retryIn=2s
---- INIT_ATTACH t=34 UE(imsi)=192 ----
  INIT_ATTACH_FAIL_ALL_LOW_RSRP: UE(imsi)=192 bestRsrp=-153.617 < min=-120 (all cells below threshold) retryIn=2s
---- INIT_ATTACH t=34 UE(imsi)=195 ----
  INIT_ATTACH_FAIL_ALL_LOW_RSRP: UE(imsi)=195 bestRsrp=-140.19 < min=-120 (all cells below threshold) retryIn=2s
---- INIT_ATTACH t=34 UE(imsi)=197 ----
  INIT_ATTACH_FAIL_ALL_LOW_RSRP: UE(imsi)=197 bestRsrp=-143.318 < min=-120 (all cells below threshold) retryIn=2s
---- INIT_ATTACH t=34 UE(imsi)=198 ----
  INIT_ATTACH_FAIL_ALL_LOW_RSRP: UE(imsi)=198 bestRsrp=-129.622 < min=-120 (all cells below threshold) retryIn=2s
---- INIT_ATTACH t=34 UE(imsi)=199 ----
  INIT_ATTACH_FAIL_ALL_LOW_RSRP: UE(imsi)=199 bestRsrp=-144.755 < min=-120 (all cells below threshold) retryIn=2s
---- INIT_ATTACH t=34 UE(imsi)=200 ----
  INIT_ATTACH_FAIL_ALL_LOW_RSRP: UE(imsi)=200 bestRsrp=-145.328 < min=-120 (all cells below threshold) retryIn=2s
---- INIT_ATTACH t=34 UE(imsi)=201 ----
  INIT_ATTACH_FAIL_ALL_LOW_RSRP: UE(imsi)=201 bestRsrp=-123.772 < min=-120 (all cells below threshold) retryIn=2s
---- INIT_ATTACH t=34 UE(imsi)=202 ----
  INIT_ATTACH_FAIL_ALL_LOW_RSRP: UE(imsi)=202 bestRsrp=-147.026 < min=-120 (all cells below threshold) retryIn=2s
---- INIT_ATTACH t=34 UE(imsi)=203 ----
  INIT_ATTACH_FAIL_ALL_LOW_RSRP: UE(imsi)=203 bestRsrp=-150.332 < min=-120 (all cells below threshold) retryIn=2s
---- INIT_ATTACH t=34 UE(imsi)=204 ----
  INIT_ATTACH_FAIL_ALL_LOW_RSRP: UE(imsi)=204 bestRsrp=-142.513 < min=-120 (all cells below threshold) retryIn=2s
---- INIT_ATTACH t=34 UE(imsi)=212 ----
  INIT_ATTACH_FAIL_ALL_LOW_RSRP: UE(imsi)=212 bestRsrp=-136.436 < min=-120 (all cells below threshold) retryIn=2s
---- INIT_ATTACH t=34 UE(imsi)=214 ----
  INIT_ATTACH_FAIL_ALL_LOW_RSRP: UE(imsi)=214 bestRsrp=-141.196 < min=-120 (all cells below threshold) retryIn=2s
---- INIT_ATTACH t=34 UE(imsi)=216 ----
  INIT_ATTACH_FAIL_ALL_LOW_RSRP: UE(imsi)=216 bestRsrp=-143.643 < min=-120 (all cells below threshold) retryIn=2s
---- INIT_ATTACH t=34 UE(imsi)=220 ----
  INIT_ATTACH_FAIL_ALL_LOW_RSRP: UE(imsi)=220 bestRsrp=-151.885 < min=-120 (all cells below threshold) retryIn=2s
---- INIT_ATTACH t=34 UE(imsi)=221 ----
  INIT_ATTACH_FAIL_ALL_LOW_RSRP: UE(imsi)=221 bestRsrp=-133.18 < min=-120 (all cells below threshold) retryIn=2s
---- INIT_ATTACH t=34 UE(imsi)=222 ----
  INIT_ATTACH_FAIL_ALL_LOW_RSRP: UE(imsi)=222 bestRsrp=-140.851 < min=-120 (all cells below threshold) retryIn=2s
---- INIT_ATTACH t=34 UE(imsi)=224 ----
  INIT_ATTACH_FAIL_ALL_LOW_RSRP: UE(imsi)=224 bestRsrp=-155.062 < min=-120 (all cells below threshold) retryIn=2s
---- INIT_ATTACH t=34 UE(imsi)=225 ----
  candOK0 cell=10 rsrp=-112.806 occ=8/10 -> OK
  SELECT cell=10 rsrp=-112.806 occ(afterReserve)=9/10
  INIT_ATTACH_OK: UE(imsi)=225 -> cell=10
---- INIT_ATTACH t=34 UE(imsi)=227 ----
  INIT_ATTACH_FAIL_ALL_LOW_RSRP: UE(imsi)=227 bestRsrp=-132.675 < min=-120 (all cells below threshold) retryIn=2s
---- INIT_ATTACH t=34 UE(imsi)=230 ----
  INIT_ATTACH_FAIL_ALL_LOW_RSRP: UE(imsi)=230 bestRsrp=-142.067 < min=-120 (all cells below threshold) retryIn=2s
---- INIT_ATTACH t=34 UE(imsi)=231 ----
  INIT_ATTACH_FAIL_ALL_LOW_RSRP: UE(imsi)=231 bestRsrp=-136.431 < min=-120 (all cells below threshold) retryIn=2s
---- INIT_ATTACH t=34 UE(imsi)=232 ----
  INIT_ATTACH_FAIL_ALL_LOW_RSRP: UE(imsi)=232 bestRsrp=-142.407 < min=-120 (all cells below threshold) retryIn=2s
---- INIT_ATTACH t=34 UE(imsi)=233 ----
  INIT_ATTACH_FAIL_ALL_LOW_RSRP: UE(imsi)=233 bestRsrp=-147.692 < min=-120 (all cells below threshold) retryIn=2s
---- INIT_ATTACH t=34 UE(imsi)=236 ----
  INIT_ATTACH_FAIL_ALL_LOW_RSRP: UE(imsi)=236 bestRsrp=-127.076 < min=-120 (all cells below threshold) retryIn=2s
---- INIT_ATTACH t=34 UE(imsi)=237 ----
  INIT_ATTACH_FAIL_ALL_LOW_RSRP: UE(imsi)=237 bestRsrp=-146.403 < min=-120 (all cells below threshold) retryIn=2s
---- INIT_ATTACH t=34 UE(imsi)=238 ----
  INIT_ATTACH_FAIL_ALL_LOW_RSRP: UE(imsi)=238 bestRsrp=-138.023 < min=-120 (all cells below threshold) retryIn=2s
---- INIT_ATTACH t=34 UE(imsi)=240 ----
  INIT_ATTACH_FAIL_ALL_LOW_RSRP: UE(imsi)=240 bestRsrp=-142.425 < min=-120 (all cells below threshold) retryIn=2s
---- INIT_ATTACH t=36 UE(imsi)=16 ----
  INIT_ATTACH_FAIL_ALL_LOW_RSRP: UE(imsi)=16 bestRsrp=-130.46 < min=-120 (all cells below threshold) retryIn=2s
---- INIT_ATTACH t=36 UE(imsi)=20 ----
  INIT_ATTACH_FAIL_ALL_LOW_RSRP: UE(imsi)=20 bestRsrp=-148.733 < min=-120 (all cells below threshold) retryIn=2s
---- INIT_ATTACH t=36 UE(imsi)=23 ----
  INIT_ATTACH_FAIL_ALL_LOW_RSRP: UE(imsi)=23 bestRsrp=-144.691 < min=-120 (all cells below threshold) retryIn=2s
---- INIT_ATTACH t=36 UE(imsi)=25 ----
  INIT_ATTACH_FAIL_ALL_LOW_RSRP: UE(imsi)=25 bestRsrp=-133.912 < min=-120 (all cells below threshold) retryIn=2s
---- INIT_ATTACH t=36 UE(imsi)=26 ----
  INIT_ATTACH_FAIL_ALL_LOW_RSRP: UE(imsi)=26 bestRsrp=-145.814 < min=-120 (all cells below threshold) retryIn=2s
---- INIT_ATTACH t=36 UE(imsi)=29 ----
  INIT_ATTACH_FAIL_ALL_LOW_RSRP: UE(imsi)=29 bestRsrp=-151.721 < min=-120 (all cells below threshold) retryIn=2s
---- INIT_ATTACH t=36 UE(imsi)=31 ----
  INIT_ATTACH_FAIL_ALL_LOW_RSRP: UE(imsi)=31 bestRsrp=-129.359 < min=-120 (all cells below threshold) retryIn=2s
---- INIT_ATTACH t=36 UE(imsi)=36 ----
  INIT_ATTACH_FAIL_ALL_LOW_RSRP: UE(imsi)=36 bestRsrp=-138.802 < min=-120 (all cells below threshold) retryIn=2s
---- INIT_ATTACH t=36 UE(imsi)=38 ----
  INIT_ATTACH_FAIL_ALL_LOW_RSRP: UE(imsi)=38 bestRsrp=-146.987 < min=-120 (all cells below threshold) retryIn=2s
---- INIT_ATTACH t=36 UE(imsi)=44 ----
  INIT_ATTACH_FAIL_ALL_LOW_RSRP: UE(imsi)=44 bestRsrp=-136.498 < min=-120 (all cells below threshold) retryIn=2s
---- INIT_ATTACH t=36 UE(imsi)=45 ----
  INIT_ATTACH_FAIL_ALL_LOW_RSRP: UE(imsi)=45 bestRsrp=-127.935 < min=-120 (all cells below threshold) retryIn=2s
---- INIT_ATTACH t=36 UE(imsi)=48 ----
  INIT_ATTACH_FAIL_ALL_LOW_RSRP: UE(imsi)=48 bestRsrp=-136.103 < min=-120 (all cells below threshold) retryIn=2s
---- INIT_ATTACH t=36 UE(imsi)=53 ----
  INIT_ATTACH_FAIL_ALL_LOW_RSRP: UE(imsi)=53 bestRsrp=-138.412 < min=-120 (all cells below threshold) retryIn=2s
---- INIT_ATTACH t=36 UE(imsi)=54 ----
  INIT_ATTACH_FAIL_ALL_LOW_RSRP: UE(imsi)=54 bestRsrp=-141.82 < min=-120 (all cells below threshold) retryIn=2s
---- INIT_ATTACH t=36 UE(imsi)=55 ----
  INIT_ATTACH_FAIL_ALL_LOW_RSRP: UE(imsi)=55 bestRsrp=-155.138 < min=-120 (all cells below threshold) retryIn=2s
---- INIT_ATTACH t=36 UE(imsi)=57 ----
  INIT_ATTACH_FAIL_ALL_LOW_RSRP: UE(imsi)=57 bestRsrp=-126.359 < min=-120 (all cells below threshold) retryIn=2s
---- INIT_ATTACH t=36 UE(imsi)=61 ----
  INIT_ATTACH_FAIL_ALL_LOW_RSRP: UE(imsi)=61 bestRsrp=-140.592 < min=-120 (all cells below threshold) retryIn=2s
---- INIT_ATTACH t=36 UE(imsi)=62 ----
  INIT_ATTACH_FAIL_ALL_LOW_RSRP: UE(imsi)=62 bestRsrp=-132.236 < min=-120 (all cells below threshold) retryIn=2s
---- INIT_ATTACH t=36 UE(imsi)=67 ----
  INIT_ATTACH_FAIL_ALL_LOW_RSRP: UE(imsi)=67 bestRsrp=-138.904 < min=-120 (all cells below threshold) retryIn=2s
---- INIT_ATTACH t=36 UE(imsi)=68 ----
  INIT_ATTACH_FAIL_ALL_LOW_RSRP: UE(imsi)=68 bestRsrp=-137.011 < min=-120 (all cells below threshold) retryIn=2s
---- INIT_ATTACH t=36 UE(imsi)=70 ----
  INIT_ATTACH_FAIL_ALL_LOW_RSRP: UE(imsi)=70 bestRsrp=-129.486 < min=-120 (all cells below threshold) retryIn=2s
---- INIT_ATTACH t=36 UE(imsi)=73 ----
  INIT_ATTACH_FAIL_ALL_LOW_RSRP: UE(imsi)=73 bestRsrp=-142.778 < min=-120 (all cells below threshold) retryIn=2s
---- INIT_ATTACH t=36 UE(imsi)=74 ----
  INIT_ATTACH_FAIL_ALL_LOW_RSRP: UE(imsi)=74 bestRsrp=-144.145 < min=-120 (all cells below threshold) retryIn=2s
---- INIT_ATTACH t=36 UE(imsi)=76 ----
  INIT_ATTACH_FAIL_ALL_LOW_RSRP: UE(imsi)=76 bestRsrp=-141.976 < min=-120 (all cells below threshold) retryIn=2s
---- INIT_ATTACH t=36 UE(imsi)=81 ----
  candOK0 cell=11 rsrp=-119.241 occ=10/10 -> SKIP_FULL
  INIT_ATTACH_FAIL_ALL_FULL: UE(imsi)=81 rsrpOk=1 (all RSRP>=min but full or invalid) retryIn=2s
---- INIT_ATTACH t=36 UE(imsi)=85 ----
  INIT_ATTACH_FAIL_ALL_LOW_RSRP: UE(imsi)=85 bestRsrp=-123.672 < min=-120 (all cells below threshold) retryIn=2s
---- INIT_ATTACH t=36 UE(imsi)=86 ----
  INIT_ATTACH_FAIL_ALL_LOW_RSRP: UE(imsi)=86 bestRsrp=-125.247 < min=-120 (all cells below threshold) retryIn=2s
---- INIT_ATTACH t=36 UE(imsi)=87 ----
  INIT_ATTACH_FAIL_ALL_LOW_RSRP: UE(imsi)=87 bestRsrp=-137.346 < min=-120 (all cells below threshold) retryIn=2s
---- INIT_ATTACH t=36 UE(imsi)=92 ----
  INIT_ATTACH_FAIL_ALL_LOW_RSRP: UE(imsi)=92 bestRsrp=-131.894 < min=-120 (all cells below threshold) retryIn=2s
---- INIT_ATTACH t=36 UE(imsi)=97 ----
  INIT_ATTACH_FAIL_ALL_LOW_RSRP: UE(imsi)=97 bestRsrp=-144.663 < min=-120 (all cells below threshold) retryIn=2s
---- INIT_ATTACH t=36 UE(imsi)=98 ----
  INIT_ATTACH_FAIL_ALL_LOW_RSRP: UE(imsi)=98 bestRsrp=-133.009 < min=-120 (all cells below threshold) retryIn=2s
---- INIT_ATTACH t=36 UE(imsi)=102 ----
  INIT_ATTACH_FAIL_ALL_LOW_RSRP: UE(imsi)=102 bestRsrp=-122.448 < min=-120 (all cells below threshold) retryIn=2s
---- INIT_ATTACH t=36 UE(imsi)=106 ----
  INIT_ATTACH_FAIL_ALL_LOW_RSRP: UE(imsi)=106 bestRsrp=-126.798 < min=-120 (all cells below threshold) retryIn=2s
---- INIT_ATTACH t=36 UE(imsi)=109 ----
  INIT_ATTACH_FAIL_ALL_LOW_RSRP: UE(imsi)=109 bestRsrp=-129.694 < min=-120 (all cells below threshold) retryIn=2s
---- INIT_ATTACH t=36 UE(imsi)=116 ----
  INIT_ATTACH_FAIL_ALL_LOW_RSRP: UE(imsi)=116 bestRsrp=-152.02 < min=-120 (all cells below threshold) retryIn=2s
---- INIT_ATTACH t=36 UE(imsi)=119 ----
  INIT_ATTACH_FAIL_ALL_LOW_RSRP: UE(imsi)=119 bestRsrp=-122.202 < min=-120 (all cells below threshold) retryIn=2s
---- INIT_ATTACH t=36 UE(imsi)=120 ----
  INIT_ATTACH_FAIL_ALL_LOW_RSRP: UE(imsi)=120 bestRsrp=-140.931 < min=-120 (all cells below threshold) retryIn=2s
---- INIT_ATTACH t=36 UE(imsi)=122 ----
  INIT_ATTACH_FAIL_ALL_LOW_RSRP: UE(imsi)=122 bestRsrp=-132.739 < min=-120 (all cells below threshold) retryIn=2s
---- INIT_ATTACH t=36 UE(imsi)=135 ----
  INIT_ATTACH_FAIL_ALL_LOW_RSRP: UE(imsi)=135 bestRsrp=-133.138 < min=-120 (all cells below threshold) retryIn=2s
---- INIT_ATTACH t=36 UE(imsi)=136 ----
  INIT_ATTACH_FAIL_ALL_LOW_RSRP: UE(imsi)=136 bestRsrp=-144.861 < min=-120 (all cells below threshold) retryIn=2s
---- INIT_ATTACH t=36 UE(imsi)=138 ----
  INIT_ATTACH_FAIL_ALL_LOW_RSRP: UE(imsi)=138 bestRsrp=-143.985 < min=-120 (all cells below threshold) retryIn=2s
---- INIT_ATTACH t=36 UE(imsi)=140 ----
  INIT_ATTACH_FAIL_ALL_LOW_RSRP: UE(imsi)=140 bestRsrp=-140.509 < min=-120 (all cells below threshold) retryIn=2s
---- INIT_ATTACH t=36 UE(imsi)=142 ----
  INIT_ATTACH_FAIL_ALL_LOW_RSRP: UE(imsi)=142 bestRsrp=-136.872 < min=-120 (all cells below threshold) retryIn=2s
---- INIT_ATTACH t=36 UE(imsi)=144 ----
  INIT_ATTACH_FAIL_ALL_LOW_RSRP: UE(imsi)=144 bestRsrp=-149.685 < min=-120 (all cells below threshold) retryIn=2s
---- INIT_ATTACH t=36 UE(imsi)=146 ----
  INIT_ATTACH_FAIL_ALL_LOW_RSRP: UE(imsi)=146 bestRsrp=-133.869 < min=-120 (all cells below threshold) retryIn=2s
---- INIT_ATTACH t=36 UE(imsi)=148 ----
  candOK0 cell=1 rsrp=-114.731 occ=11/20 -> OK
  SELECT cell=1 rsrp=-114.731 occ(afterReserve)=12/20
  INIT_ATTACH_OK: UE(imsi)=148 -> cell=1
---- INIT_ATTACH t=36 UE(imsi)=150 ----
  INIT_ATTACH_FAIL_ALL_LOW_RSRP: UE(imsi)=150 bestRsrp=-146.124 < min=-120 (all cells below threshold) retryIn=2s
---- INIT_ATTACH t=36 UE(imsi)=151 ----
  INIT_ATTACH_FAIL_ALL_LOW_RSRP: UE(imsi)=151 bestRsrp=-147.577 < min=-120 (all cells below threshold) retryIn=2s
---- INIT_ATTACH t=36 UE(imsi)=155 ----
  INIT_ATTACH_FAIL_ALL_LOW_RSRP: UE(imsi)=155 bestRsrp=-135.753 < min=-120 (all cells below threshold) retryIn=2s
---- INIT_ATTACH t=36 UE(imsi)=158 ----
  INIT_ATTACH_FAIL_ALL_LOW_RSRP: UE(imsi)=158 bestRsrp=-129.293 < min=-120 (all cells below threshold) retryIn=2s
---- INIT_ATTACH t=36 UE(imsi)=164 ----
  INIT_ATTACH_FAIL_ALL_LOW_RSRP: UE(imsi)=164 bestRsrp=-140.8 < min=-120 (all cells below threshold) retryIn=2s
---- INIT_ATTACH t=36 UE(imsi)=165 ----
  INIT_ATTACH_FAIL_ALL_LOW_RSRP: UE(imsi)=165 bestRsrp=-144.509 < min=-120 (all cells below threshold) retryIn=2s
---- INIT_ATTACH t=36 UE(imsi)=169 ----
  INIT_ATTACH_FAIL_ALL_LOW_RSRP: UE(imsi)=169 bestRsrp=-139.726 < min=-120 (all cells below threshold) retryIn=2s
---- INIT_ATTACH t=36 UE(imsi)=171 ----
  INIT_ATTACH_FAIL_ALL_LOW_RSRP: UE(imsi)=171 bestRsrp=-147.966 < min=-120 (all cells below threshold) retryIn=2s
---- INIT_ATTACH t=36 UE(imsi)=173 ----
  INIT_ATTACH_FAIL_ALL_LOW_RSRP: UE(imsi)=173 bestRsrp=-133.65 < min=-120 (all cells below threshold) retryIn=2s
---- INIT_ATTACH t=36 UE(imsi)=174 ----
  INIT_ATTACH_FAIL_ALL_LOW_RSRP: UE(imsi)=174 bestRsrp=-141.953 < min=-120 (all cells below threshold) retryIn=2s
---- INIT_ATTACH t=36 UE(imsi)=179 ----
  INIT_ATTACH_FAIL_ALL_LOW_RSRP: UE(imsi)=179 bestRsrp=-147.545 < min=-120 (all cells below threshold) retryIn=2s
---- INIT_ATTACH t=36 UE(imsi)=181 ----
  INIT_ATTACH_FAIL_ALL_LOW_RSRP: UE(imsi)=181 bestRsrp=-143.993 < min=-120 (all cells below threshold) retryIn=2s
---- INIT_ATTACH t=36 UE(imsi)=183 ----
  INIT_ATTACH_FAIL_ALL_LOW_RSRP: UE(imsi)=183 bestRsrp=-142.456 < min=-120 (all cells below threshold) retryIn=2s
---- INIT_ATTACH t=36 UE(imsi)=185 ----
  INIT_ATTACH_FAIL_ALL_LOW_RSRP: UE(imsi)=185 bestRsrp=-141.142 < min=-120 (all cells below threshold) retryIn=2s
---- INIT_ATTACH t=36 UE(imsi)=187 ----
  candOK0 cell=11 rsrp=-98.8755 occ=10/10 -> SKIP_FULL
  INIT_ATTACH_FAIL_ALL_FULL: UE(imsi)=187 rsrpOk=1 (all RSRP>=min but full or invalid) retryIn=2s
---- INIT_ATTACH t=36 UE(imsi)=192 ----
  INIT_ATTACH_FAIL_ALL_LOW_RSRP: UE(imsi)=192 bestRsrp=-151.201 < min=-120 (all cells below threshold) retryIn=2s
---- INIT_ATTACH t=36 UE(imsi)=195 ----
  INIT_ATTACH_FAIL_ALL_LOW_RSRP: UE(imsi)=195 bestRsrp=-142.634 < min=-120 (all cells below threshold) retryIn=2s
---- INIT_ATTACH t=36 UE(imsi)=197 ----
  INIT_ATTACH_FAIL_ALL_LOW_RSRP: UE(imsi)=197 bestRsrp=-143.526 < min=-120 (all cells below threshold) retryIn=2s
---- INIT_ATTACH t=36 UE(imsi)=198 ----
  INIT_ATTACH_FAIL_ALL_LOW_RSRP: UE(imsi)=198 bestRsrp=-128.653 < min=-120 (all cells below threshold) retryIn=2s
---- INIT_ATTACH t=36 UE(imsi)=199 ----
  INIT_ATTACH_FAIL_ALL_LOW_RSRP: UE(imsi)=199 bestRsrp=-141.199 < min=-120 (all cells below threshold) retryIn=2s
---- INIT_ATTACH t=36 UE(imsi)=200 ----
  INIT_ATTACH_FAIL_ALL_LOW_RSRP: UE(imsi)=200 bestRsrp=-145.308 < min=-120 (all cells below threshold) retryIn=2s
---- INIT_ATTACH t=36 UE(imsi)=201 ----
  INIT_ATTACH_FAIL_ALL_LOW_RSRP: UE(imsi)=201 bestRsrp=-124.33 < min=-120 (all cells below threshold) retryIn=2s
---- INIT_ATTACH t=36 UE(imsi)=202 ----
  candOK0 cell=11 rsrp=-109.419 occ=10/10 -> SKIP_FULL
  INIT_ATTACH_FAIL_ALL_FULL: UE(imsi)=202 rsrpOk=1 (all RSRP>=min but full or invalid) retryIn=2s
---- INIT_ATTACH t=36 UE(imsi)=203 ----
  INIT_ATTACH_FAIL_ALL_LOW_RSRP: UE(imsi)=203 bestRsrp=-148.909 < min=-120 (all cells below threshold) retryIn=2s
---- INIT_ATTACH t=36 UE(imsi)=204 ----
  INIT_ATTACH_FAIL_ALL_LOW_RSRP: UE(imsi)=204 bestRsrp=-142.801 < min=-120 (all cells below threshold) retryIn=2s
---- INIT_ATTACH t=36 UE(imsi)=212 ----
  INIT_ATTACH_FAIL_ALL_LOW_RSRP: UE(imsi)=212 bestRsrp=-135.774 < min=-120 (all cells below threshold) retryIn=2s
---- INIT_ATTACH t=36 UE(imsi)=214 ----
  INIT_ATTACH_FAIL_ALL_LOW_RSRP: UE(imsi)=214 bestRsrp=-142.422 < min=-120 (all cells below threshold) retryIn=2s
---- INIT_ATTACH t=36 UE(imsi)=216 ----
  candOK0 cell=13 rsrp=-119.688 occ=9/10 -> OK
  SELECT cell=13 rsrp=-119.688 occ(afterReserve)=10/10
  INIT_ATTACH_OK: UE(imsi)=216 -> cell=13
---- INIT_ATTACH t=36 UE(imsi)=220 ----
  INIT_ATTACH_FAIL_ALL_LOW_RSRP: UE(imsi)=220 bestRsrp=-150.802 < min=-120 (all cells below threshold) retryIn=2s
---- INIT_ATTACH t=36 UE(imsi)=221 ----
  INIT_ATTACH_FAIL_ALL_LOW_RSRP: UE(imsi)=221 bestRsrp=-131.499 < min=-120 (all cells below threshold) retryIn=2s
---- INIT_ATTACH t=36 UE(imsi)=222 ----
  INIT_ATTACH_FAIL_ALL_LOW_RSRP: UE(imsi)=222 bestRsrp=-141.123 < min=-120 (all cells below threshold) retryIn=2s
---- INIT_ATTACH t=36 UE(imsi)=224 ----
  INIT_ATTACH_FAIL_ALL_LOW_RSRP: UE(imsi)=224 bestRsrp=-155.193 < min=-120 (all cells below threshold) retryIn=2s
---- INIT_ATTACH t=36 UE(imsi)=227 ----
  INIT_ATTACH_FAIL_ALL_LOW_RSRP: UE(imsi)=227 bestRsrp=-133.439 < min=-120 (all cells below threshold) retryIn=2s
---- INIT_ATTACH t=36 UE(imsi)=230 ----
  INIT_ATTACH_FAIL_ALL_LOW_RSRP: UE(imsi)=230 bestRsrp=-141.137 < min=-120 (all cells below threshold) retryIn=2s
---- INIT_ATTACH t=36 UE(imsi)=231 ----
  INIT_ATTACH_FAIL_ALL_LOW_RSRP: UE(imsi)=231 bestRsrp=-137.411 < min=-120 (all cells below threshold) retryIn=2s
---- INIT_ATTACH t=36 UE(imsi)=232 ----
  INIT_ATTACH_FAIL_ALL_LOW_RSRP: UE(imsi)=232 bestRsrp=-141.52 < min=-120 (all cells below threshold) retryIn=2s
---- INIT_ATTACH t=36 UE(imsi)=233 ----
  INIT_ATTACH_FAIL_ALL_LOW_RSRP: UE(imsi)=233 bestRsrp=-144.925 < min=-120 (all cells below threshold) retryIn=2s
---- INIT_ATTACH t=36 UE(imsi)=236 ----
  INIT_ATTACH_FAIL_ALL_LOW_RSRP: UE(imsi)=236 bestRsrp=-126.915 < min=-120 (all cells below threshold) retryIn=2s
---- INIT_ATTACH t=36 UE(imsi)=237 ----
  INIT_ATTACH_FAIL_ALL_LOW_RSRP: UE(imsi)=237 bestRsrp=-146.361 < min=-120 (all cells below threshold) retryIn=2s
---- INIT_ATTACH t=36 UE(imsi)=238 ----
  INIT_ATTACH_FAIL_ALL_LOW_RSRP: UE(imsi)=238 bestRsrp=-138.853 < min=-120 (all cells below threshold) retryIn=2s
---- INIT_ATTACH t=36 UE(imsi)=240 ----
  INIT_ATTACH_FAIL_ALL_LOW_RSRP: UE(imsi)=240 bestRsrp=-142.869 < min=-120 (all cells below threshold) retryIn=2s
---- LOAD at t=37.5 ----
  cell 1 (TN) load=12/20
  cell 2 (TN) load=11/20
  cell 3 (TN) load=5/20
  cell 4 (TN) load=4/20
  cell 5 (TN) load=14/20
  cell 6 (TN) load=11/20
  cell 7 (TN) load=16/20
  cell 8 (TN) load=14/20
  cell 9 (NTN) load=9/10
  cell 10 (NTN) load=9/10
  cell 11 (NTN) load=10/10
  cell 12 (NTN) load=10/10
  cell 13 (NTN) load=10/10
  cell 14 (NTN) load=10/10
UE 18 TTT_WAIT target=7 elapsed=0s need=2s
UE 19 TTT_WAIT target=4 elapsed=0s need=2s
UE 23 TTT_WAIT target=1 elapsed=0s need=2s
UE 25 TTT_WAIT target=1 elapsed=0s need=2s
LM HO_FAIL_LOW_RSRP UE=29 currCell=3 candCell=9 candRsrp=-126.987 < min=-120
LM HO UE=31 rnti=99 7->6 type=TN servingRsrp=-84.8651 targetRsrp=-72.4399 targetLoadReal=11/20 targetLoadEff=11/20
UE 33 TTT_WAIT target=2 elapsed=0s need=2s
UE 34 TTT_WAIT target=7 elapsed=0s need=2s
UE 35 TTT_WAIT target=6 elapsed=0s need=2s
UE 38 TTT_WAIT target=2 elapsed=0s need=2s
UE 43 TTT_WAIT target=4 elapsed=0s need=2s
UE 45 TTT_WAIT target=3 elapsed=0s need=2s
UE 47 TTT_WAIT target=4 elapsed=0s need=2s
UE 48 TTT_WAIT target=4 elapsed=0s need=2s
UE 49 TTT_WAIT target=5 elapsed=0s need=2s
UE 52 TTT_WAIT target=1 elapsed=0s need=2s
UE 54 TTT_WAIT target=3 elapsed=0s need=2s
UE 61 TTT_WAIT target=2 elapsed=0s need=2s
UE 63 TTT_WAIT target=8 elapsed=0s need=2s
UE 64 TTT_WAIT target=4 elapsed=0s need=2s
UE 68 TTT_WAIT target=6 elapsed=0s need=2s
UE 70 TTT_WAIT target=6 elapsed=0s need=2s
UE 72 TTT_WAIT target=6 elapsed=0s need=2s
LM HO UE=74 rnti=64 10->7 type=TN servingRsrp=-132.416 targetRsrp=-96.6389 targetLoadReal=16/20 targetLoadEff=16/20
UE 76 TTT_WAIT target=1 elapsed=0s need=2s
UE 77 TTT_WAIT target=1 elapsed=0s need=2s
UE 82 TTT_WAIT target=2 elapsed=0s need=2s
UE 91 TTT_WAIT target=3 elapsed=0s need=2s
UE 92 TTT_WAIT target=5 elapsed=0s need=2s
UE 93 TTT_WAIT target=7 elapsed=0s need=2s
UE 95 TTT_WAIT target=6 elapsed=0s need=2s
UE 96 TTT_WAIT target=3 elapsed=0s need=2s
UE 97 TTT_WAIT target=7 elapsed=0s need=2s
UE 99 TTT_WAIT target=4 elapsed=0s need=2s
UE 101 TTT_WAIT target=3 elapsed=0s need=2s
UE 102 TTT_WAIT target=1 elapsed=0s need=2s
UE 103 TTT_WAIT target=4 elapsed=0s need=2s
UE 104 TTT_WAIT target=6 elapsed=0s need=2s
UE 105 TTT_WAIT target=2 elapsed=0s need=2s
UE 109 TTT_WAIT target=3 elapsed=0s need=2s
UE 111 TTT_WAIT target=1 elapsed=0s need=2s
UE 112 TTT_WAIT target=6 elapsed=0s need=2s
UE 120 TTT_WAIT target=8 elapsed=0s need=2s
UE 125 TTT_WAIT target=8 elapsed=0s need=2s
UE 130 TTT_WAIT target=6 elapsed=0s need=2s
UE 133 TTT_WAIT target=6 elapsed=0s need=2s
LM HO UE=135 rnti=83 2->6 type=TN servingRsrp=-104.874 targetRsrp=-79.2578 targetLoadReal=11/20 targetLoadEff=12/20
UE 138 TTT_WAIT target=4 elapsed=0s need=2s
UE 140 TTT_WAIT target=9 elapsed=0s need=2s
UE 143 TTT_WAIT target=4 elapsed=0s need=2s
LM HO UE=146 rnti=29 12->2 type=TN servingRsrp=-102.847 targetRsrp=-80.4015 targetLoadReal=11/20 targetLoadEff=11/20
UE 149 TTT_WAIT target=7 elapsed=0s need=2s
UE 156 TTT_WAIT target=10 elapsed=0s need=2s
UE 157 TTT_WAIT target=4 elapsed=0s need=2s
UE 158 TTT_WAIT target=1 elapsed=0s need=2s
UE 159 TTT_WAIT target=4 elapsed=0s need=2s
UE 162 TTT_WAIT target=2 elapsed=0s need=2s
UE 163 TTT_WAIT target=1 elapsed=0s need=2s
UE 165 TTT_WAIT target=1 elapsed=0s need=2s
UE 166 TTT_WAIT target=4 elapsed=0s need=2s
UE 179 TTT_WAIT target=4 elapsed=0s need=2s
UE 182 TTT_WAIT target=8 elapsed=0s need=2s
UE 185 TTT_WAIT target=3 elapsed=0s need=2s
UE 187 TTT_WAIT target=6 elapsed=0s need=2s
UE 188 TTT_WAIT target=6 elapsed=0s need=2s
UE 193 TTT_WAIT target=3 elapsed=0s need=2s
UE 194 TTT_WAIT target=7 elapsed=0s need=2s
UE 196 TTT_WAIT target=2 elapsed=0s need=2s
UE 204 TTT_WAIT target=6 elapsed=0s need=2s
UE 210 TTT_WAIT target=3 elapsed=0s need=2s
LM HO UE=211 rnti=88 12->3 type=TN servingRsrp=-126.65 targetRsrp=-79.5802 targetLoadReal=5/20 targetLoadEff=5/20
UE 212 TTT_WAIT target=9 elapsed=0s need=2s
LM HO_FAIL_LOW_RSRP UE=215 currCell=5 candCell=9 candRsrp=-134.752 < min=-120
UE 216 TTT_WAIT target=8 elapsed=0s need=2s
UE 217 TTT_WAIT target=8 elapsed=0s need=2s
UE 219 TTT_WAIT target=9 elapsed=0s need=2s
UE 220 TTT_WAIT target=3 elapsed=0s need=2s
UE 223 TTT_WAIT target=1 elapsed=0s need=2s
UE 229 TTT_WAIT target=3 elapsed=0s need=2s
UE 230 TTT_WAIT target=5 elapsed=0s need=2s
UE 233 TTT_WAIT target=3 elapsed=0s need=2s
UE 239 TTT_WAIT target=7 elapsed=0s need=2s
UE 240 TTT_WAIT target=3 elapsed=0s need=2s
UE 241 TTT_WAIT target=5 elapsed=0s need=2s
UE 243 TTT_WAIT target=5 elapsed=0s need=2s
---- INIT_ATTACH t=38 UE(imsi)=16 ----
  INIT_ATTACH_FAIL_ALL_LOW_RSRP: UE(imsi)=16 bestRsrp=-131.173 < min=-120 (all cells below threshold) retryIn=2s
---- INIT_ATTACH t=38 UE(imsi)=20 ----
  INIT_ATTACH_FAIL_ALL_LOW_RSRP: UE(imsi)=20 bestRsrp=-147.533 < min=-120 (all cells below threshold) retryIn=2s
---- INIT_ATTACH t=38 UE(imsi)=23 ----
  INIT_ATTACH_FAIL_ALL_LOW_RSRP: UE(imsi)=23 bestRsrp=-143.034 < min=-120 (all cells below threshold) retryIn=2s
---- INIT_ATTACH t=38 UE(imsi)=25 ----
  INIT_ATTACH_FAIL_ALL_LOW_RSRP: UE(imsi)=25 bestRsrp=-134.152 < min=-120 (all cells below threshold) retryIn=2s
---- INIT_ATTACH t=38 UE(imsi)=26 ----
  INIT_ATTACH_FAIL_ALL_LOW_RSRP: UE(imsi)=26 bestRsrp=-148.028 < min=-120 (all cells below threshold) retryIn=2s
---- INIT_ATTACH t=38 UE(imsi)=29 ----
  INIT_ATTACH_FAIL_ALL_LOW_RSRP: UE(imsi)=29 bestRsrp=-152.369 < min=-120 (all cells below threshold) retryIn=2s
---- INIT_ATTACH t=38 UE(imsi)=31 ----
  INIT_ATTACH_FAIL_ALL_LOW_RSRP: UE(imsi)=31 bestRsrp=-130.187 < min=-120 (all cells below threshold) retryIn=2s
---- INIT_ATTACH t=38 UE(imsi)=36 ----
  INIT_ATTACH_FAIL_ALL_LOW_RSRP: UE(imsi)=36 bestRsrp=-127.096 < min=-120 (all cells below threshold) retryIn=2s
---- INIT_ATTACH t=38 UE(imsi)=38 ----
  INIT_ATTACH_FAIL_ALL_LOW_RSRP: UE(imsi)=38 bestRsrp=-147.006 < min=-120 (all cells below threshold) retryIn=2s
---- INIT_ATTACH t=38 UE(imsi)=44 ----
  candOK0 cell=14 rsrp=-101.557 occ=10/10 -> SKIP_FULL
  INIT_ATTACH_FAIL_ALL_FULL: UE(imsi)=44 rsrpOk=1 (all RSRP>=min but full or invalid) retryIn=2s
---- INIT_ATTACH t=38 UE(imsi)=45 ----
  INIT_ATTACH_FAIL_ALL_LOW_RSRP: UE(imsi)=45 bestRsrp=-129.653 < min=-120 (all cells below threshold) retryIn=2s
---- INIT_ATTACH t=38 UE(imsi)=48 ----
  INIT_ATTACH_FAIL_ALL_LOW_RSRP: UE(imsi)=48 bestRsrp=-134.295 < min=-120 (all cells below threshold) retryIn=2s
---- INIT_ATTACH t=38 UE(imsi)=53 ----
  INIT_ATTACH_FAIL_ALL_LOW_RSRP: UE(imsi)=53 bestRsrp=-138.389 < min=-120 (all cells below threshold) retryIn=2s
---- INIT_ATTACH t=38 UE(imsi)=54 ----
  INIT_ATTACH_FAIL_ALL_LOW_RSRP: UE(imsi)=54 bestRsrp=-141.024 < min=-120 (all cells below threshold) retryIn=2s
---- INIT_ATTACH t=38 UE(imsi)=55 ----
  INIT_ATTACH_FAIL_ALL_LOW_RSRP: UE(imsi)=55 bestRsrp=-152.903 < min=-120 (all cells below threshold) retryIn=2s
---- INIT_ATTACH t=38 UE(imsi)=57 ----
  INIT_ATTACH_FAIL_ALL_LOW_RSRP: UE(imsi)=57 bestRsrp=-127.818 < min=-120 (all cells below threshold) retryIn=2s
---- INIT_ATTACH t=38 UE(imsi)=61 ----
  INIT_ATTACH_FAIL_ALL_LOW_RSRP: UE(imsi)=61 bestRsrp=-141.41 < min=-120 (all cells below threshold) retryIn=2s
---- INIT_ATTACH t=38 UE(imsi)=62 ----
  INIT_ATTACH_FAIL_ALL_LOW_RSRP: UE(imsi)=62 bestRsrp=-129.849 < min=-120 (all cells below threshold) retryIn=2s
---- INIT_ATTACH t=38 UE(imsi)=67 ----
  INIT_ATTACH_FAIL_ALL_LOW_RSRP: UE(imsi)=67 bestRsrp=-138.88 < min=-120 (all cells below threshold) retryIn=2s
---- INIT_ATTACH t=38 UE(imsi)=68 ----
  INIT_ATTACH_FAIL_ALL_LOW_RSRP: UE(imsi)=68 bestRsrp=-136.321 < min=-120 (all cells below threshold) retryIn=2s
---- INIT_ATTACH t=38 UE(imsi)=70 ----
  INIT_ATTACH_FAIL_ALL_LOW_RSRP: UE(imsi)=70 bestRsrp=-130.338 < min=-120 (all cells below threshold) retryIn=2s
---- INIT_ATTACH t=38 UE(imsi)=73 ----
  candOK0 cell=11 rsrp=-108.277 occ=10/10 -> SKIP_FULL
  INIT_ATTACH_FAIL_ALL_FULL: UE(imsi)=73 rsrpOk=1 (all RSRP>=min but full or invalid) retryIn=2s
---- INIT_ATTACH t=38 UE(imsi)=74 ----
  INIT_ATTACH_FAIL_ALL_LOW_RSRP: UE(imsi)=74 bestRsrp=-141.14 < min=-120 (all cells below threshold) retryIn=2s
---- INIT_ATTACH t=38 UE(imsi)=76 ----
  INIT_ATTACH_FAIL_ALL_LOW_RSRP: UE(imsi)=76 bestRsrp=-138.578 < min=-120 (all cells below threshold) retryIn=2s
---- INIT_ATTACH t=38 UE(imsi)=81 ----
  INIT_ATTACH_FAIL_ALL_LOW_RSRP: UE(imsi)=81 bestRsrp=-140.973 < min=-120 (all cells below threshold) retryIn=2s
---- INIT_ATTACH t=38 UE(imsi)=85 ----
  INIT_ATTACH_FAIL_ALL_LOW_RSRP: UE(imsi)=85 bestRsrp=-143.887 < min=-120 (all cells below threshold) retryIn=2s
---- INIT_ATTACH t=38 UE(imsi)=86 ----
  INIT_ATTACH_FAIL_ALL_LOW_RSRP: UE(imsi)=86 bestRsrp=-125.982 < min=-120 (all cells below threshold) retryIn=2s
---- INIT_ATTACH t=38 UE(imsi)=87 ----
  INIT_ATTACH_FAIL_ALL_LOW_RSRP: UE(imsi)=87 bestRsrp=-137.071 < min=-120 (all cells below threshold) retryIn=2s
---- INIT_ATTACH t=38 UE(imsi)=92 ----
  candOK0 cell=13 rsrp=-110.373 occ=10/10 -> SKIP_FULL
  INIT_ATTACH_FAIL_ALL_FULL: UE(imsi)=92 rsrpOk=1 (all RSRP>=min but full or invalid) retryIn=2s
---- INIT_ATTACH t=38 UE(imsi)=97 ----
  INIT_ATTACH_FAIL_ALL_LOW_RSRP: UE(imsi)=97 bestRsrp=-142.923 < min=-120 (all cells below threshold) retryIn=2s
---- INIT_ATTACH t=38 UE(imsi)=98 ----
  INIT_ATTACH_FAIL_ALL_LOW_RSRP: UE(imsi)=98 bestRsrp=-128.646 < min=-120 (all cells below threshold) retryIn=2s
---- INIT_ATTACH t=38 UE(imsi)=102 ----
  INIT_ATTACH_FAIL_ALL_LOW_RSRP: UE(imsi)=102 bestRsrp=-122.31 < min=-120 (all cells below threshold) retryIn=2s
---- INIT_ATTACH t=38 UE(imsi)=106 ----
  INIT_ATTACH_FAIL_ALL_LOW_RSRP: UE(imsi)=106 bestRsrp=-127.493 < min=-120 (all cells below threshold) retryIn=2s
---- INIT_ATTACH t=38 UE(imsi)=109 ----
  INIT_ATTACH_FAIL_ALL_LOW_RSRP: UE(imsi)=109 bestRsrp=-130.727 < min=-120 (all cells below threshold) retryIn=2s
---- INIT_ATTACH t=38 UE(imsi)=116 ----
  INIT_ATTACH_FAIL_ALL_LOW_RSRP: UE(imsi)=116 bestRsrp=-150.441 < min=-120 (all cells below threshold) retryIn=2s
---- INIT_ATTACH t=38 UE(imsi)=119 ----
  INIT_ATTACH_FAIL_ALL_LOW_RSRP: UE(imsi)=119 bestRsrp=-139.957 < min=-120 (all cells below threshold) retryIn=2s
---- INIT_ATTACH t=38 UE(imsi)=120 ----
  INIT_ATTACH_FAIL_ALL_LOW_RSRP: UE(imsi)=120 bestRsrp=-140.757 < min=-120 (all cells below threshold) retryIn=2s
---- INIT_ATTACH t=38 UE(imsi)=122 ----
  INIT_ATTACH_FAIL_ALL_LOW_RSRP: UE(imsi)=122 bestRsrp=-143.727 < min=-120 (all cells below threshold) retryIn=2s
---- INIT_ATTACH t=38 UE(imsi)=135 ----
  INIT_ATTACH_FAIL_ALL_LOW_RSRP: UE(imsi)=135 bestRsrp=-131.174 < min=-120 (all cells below threshold) retryIn=2s
---- INIT_ATTACH t=38 UE(imsi)=136 ----
  INIT_ATTACH_FAIL_ALL_LOW_RSRP: UE(imsi)=136 bestRsrp=-137.159 < min=-120 (all cells below threshold) retryIn=2s
---- INIT_ATTACH t=38 UE(imsi)=138 ----
  INIT_ATTACH_FAIL_ALL_LOW_RSRP: UE(imsi)=138 bestRsrp=-143.599 < min=-120 (all cells below threshold) retryIn=2s
---- INIT_ATTACH t=38 UE(imsi)=140 ----
  INIT_ATTACH_FAIL_ALL_LOW_RSRP: UE(imsi)=140 bestRsrp=-139.288 < min=-120 (all cells below threshold) retryIn=2s
---- INIT_ATTACH t=38 UE(imsi)=142 ----
  INIT_ATTACH_FAIL_ALL_LOW_RSRP: UE(imsi)=142 bestRsrp=-136.574 < min=-120 (all cells below threshold) retryIn=2s
---- INIT_ATTACH t=38 UE(imsi)=144 ----
  candOK0 cell=14 rsrp=-118.93 occ=10/10 -> SKIP_FULL
  INIT_ATTACH_FAIL_ALL_FULL: UE(imsi)=144 rsrpOk=1 (all RSRP>=min but full or invalid) retryIn=2s
---- INIT_ATTACH t=38 UE(imsi)=146 ----
  INIT_ATTACH_FAIL_ALL_LOW_RSRP: UE(imsi)=146 bestRsrp=-131.144 < min=-120 (all cells below threshold) retryIn=2s
---- INIT_ATTACH t=38 UE(imsi)=150 ----
  INIT_ATTACH_FAIL_ALL_LOW_RSRP: UE(imsi)=150 bestRsrp=-147.939 < min=-120 (all cells below threshold) retryIn=2s
---- INIT_ATTACH t=38 UE(imsi)=151 ----
  INIT_ATTACH_FAIL_ALL_LOW_RSRP: UE(imsi)=151 bestRsrp=-149.871 < min=-120 (all cells below threshold) retryIn=2s
---- INIT_ATTACH t=38 UE(imsi)=155 ----
  INIT_ATTACH_FAIL_ALL_LOW_RSRP: UE(imsi)=155 bestRsrp=-133.686 < min=-120 (all cells below threshold) retryIn=2s
---- INIT_ATTACH t=38 UE(imsi)=158 ----
  INIT_ATTACH_FAIL_ALL_LOW_RSRP: UE(imsi)=158 bestRsrp=-129.991 < min=-120 (all cells below threshold) retryIn=2s
---- INIT_ATTACH t=38 UE(imsi)=164 ----
  INIT_ATTACH_FAIL_ALL_LOW_RSRP: UE(imsi)=164 bestRsrp=-140.321 < min=-120 (all cells below threshold) retryIn=2s
---- INIT_ATTACH t=38 UE(imsi)=165 ----
  INIT_ATTACH_FAIL_ALL_LOW_RSRP: UE(imsi)=165 bestRsrp=-146.36 < min=-120 (all cells below threshold) retryIn=2s
---- INIT_ATTACH t=38 UE(imsi)=169 ----
  INIT_ATTACH_FAIL_ALL_LOW_RSRP: UE(imsi)=169 bestRsrp=-141.526 < min=-120 (all cells below threshold) retryIn=2s
---- INIT_ATTACH t=38 UE(imsi)=171 ----
  candOK0 cell=11 rsrp=-116.118 occ=10/10 -> SKIP_FULL
  INIT_ATTACH_FAIL_ALL_FULL: UE(imsi)=171 rsrpOk=1 (all RSRP>=min but full or invalid) retryIn=2s
---- INIT_ATTACH t=38 UE(imsi)=173 ----
  INIT_ATTACH_FAIL_ALL_LOW_RSRP: UE(imsi)=173 bestRsrp=-136.376 < min=-120 (all cells below threshold) retryIn=2s
---- INIT_ATTACH t=38 UE(imsi)=174 ----
  INIT_ATTACH_FAIL_ALL_LOW_RSRP: UE(imsi)=174 bestRsrp=-139.55 < min=-120 (all cells below threshold) retryIn=2s
---- INIT_ATTACH t=38 UE(imsi)=179 ----
  INIT_ATTACH_FAIL_ALL_LOW_RSRP: UE(imsi)=179 bestRsrp=-148.122 < min=-120 (all cells below threshold) retryIn=2s
---- INIT_ATTACH t=38 UE(imsi)=181 ----
  INIT_ATTACH_FAIL_ALL_LOW_RSRP: UE(imsi)=181 bestRsrp=-145.943 < min=-120 (all cells below threshold) retryIn=2s
---- INIT_ATTACH t=38 UE(imsi)=183 ----
  INIT_ATTACH_FAIL_ALL_LOW_RSRP: UE(imsi)=183 bestRsrp=-140.056 < min=-120 (all cells below threshold) retryIn=2s
---- INIT_ATTACH t=38 UE(imsi)=185 ----
  INIT_ATTACH_FAIL_ALL_LOW_RSRP: UE(imsi)=185 bestRsrp=-146.26 < min=-120 (all cells below threshold) retryIn=2s
---- INIT_ATTACH t=38 UE(imsi)=187 ----
  INIT_ATTACH_FAIL_ALL_LOW_RSRP: UE(imsi)=187 bestRsrp=-129.352 < min=-120 (all cells below threshold) retryIn=2s
---- INIT_ATTACH t=38 UE(imsi)=192 ----
  INIT_ATTACH_FAIL_ALL_LOW_RSRP: UE(imsi)=192 bestRsrp=-151.938 < min=-120 (all cells below threshold) retryIn=2s
---- INIT_ATTACH t=38 UE(imsi)=195 ----
  INIT_ATTACH_FAIL_ALL_LOW_RSRP: UE(imsi)=195 bestRsrp=-141.89 < min=-120 (all cells below threshold) retryIn=2s
---- INIT_ATTACH t=38 UE(imsi)=197 ----
  INIT_ATTACH_FAIL_ALL_LOW_RSRP: UE(imsi)=197 bestRsrp=-144.393 < min=-120 (all cells below threshold) retryIn=2s
---- INIT_ATTACH t=38 UE(imsi)=198 ----
  INIT_ATTACH_FAIL_ALL_LOW_RSRP: UE(imsi)=198 bestRsrp=-128.233 < min=-120 (all cells below threshold) retryIn=2s
---- INIT_ATTACH t=38 UE(imsi)=199 ----
  INIT_ATTACH_FAIL_ALL_LOW_RSRP: UE(imsi)=199 bestRsrp=-141.008 < min=-120 (all cells below threshold) retryIn=2s
---- INIT_ATTACH t=38 UE(imsi)=200 ----
  INIT_ATTACH_FAIL_ALL_LOW_RSRP: UE(imsi)=200 bestRsrp=-146.369 < min=-120 (all cells below threshold) retryIn=2s
---- INIT_ATTACH t=38 UE(imsi)=201 ----
  candOK0 cell=10 rsrp=-113.492 occ=8/10 -> OK
  SELECT cell=10 rsrp=-113.492 occ(afterReserve)=9/10
  INIT_ATTACH_OK: UE(imsi)=201 -> cell=10
---- INIT_ATTACH t=38 UE(imsi)=202 ----
  INIT_ATTACH_FAIL_ALL_LOW_RSRP: UE(imsi)=202 bestRsrp=-147.158 < min=-120 (all cells below threshold) retryIn=2s
---- INIT_ATTACH t=38 UE(imsi)=203 ----
  INIT_ATTACH_FAIL_ALL_LOW_RSRP: UE(imsi)=203 bestRsrp=-151.054 < min=-120 (all cells below threshold) retryIn=2s
---- INIT_ATTACH t=38 UE(imsi)=204 ----
  INIT_ATTACH_FAIL_ALL_LOW_RSRP: UE(imsi)=204 bestRsrp=-142.675 < min=-120 (all cells below threshold) retryIn=2s
---- INIT_ATTACH t=38 UE(imsi)=212 ----
  INIT_ATTACH_FAIL_ALL_LOW_RSRP: UE(imsi)=212 bestRsrp=-133.755 < min=-120 (all cells below threshold) retryIn=2s
---- INIT_ATTACH t=38 UE(imsi)=214 ----
  INIT_ATTACH_FAIL_ALL_LOW_RSRP: UE(imsi)=214 bestRsrp=-142.454 < min=-120 (all cells below threshold) retryIn=2s
---- INIT_ATTACH t=38 UE(imsi)=220 ----
  INIT_ATTACH_FAIL_ALL_LOW_RSRP: UE(imsi)=220 bestRsrp=-149.932 < min=-120 (all cells below threshold) retryIn=2s
---- INIT_ATTACH t=38 UE(imsi)=221 ----
  candOK0 cell=9 rsrp=-115.566 occ=9/10 -> OK
  SELECT cell=9 rsrp=-115.566 occ(afterReserve)=10/10
  INIT_ATTACH_OK: UE(imsi)=221 -> cell=9
---- INIT_ATTACH t=38 UE(imsi)=222 ----
  INIT_ATTACH_FAIL_ALL_LOW_RSRP: UE(imsi)=222 bestRsrp=-139.839 < min=-120 (all cells below threshold) retryIn=2s
---- INIT_ATTACH t=38 UE(imsi)=224 ----
  INIT_ATTACH_FAIL_ALL_LOW_RSRP: UE(imsi)=224 bestRsrp=-154.269 < min=-120 (all cells below threshold) retryIn=2s
---- INIT_ATTACH t=38 UE(imsi)=227 ----
  INIT_ATTACH_FAIL_ALL_LOW_RSRP: UE(imsi)=227 bestRsrp=-134.814 < min=-120 (all cells below threshold) retryIn=2s
---- INIT_ATTACH t=38 UE(imsi)=230 ----
  INIT_ATTACH_FAIL_ALL_LOW_RSRP: UE(imsi)=230 bestRsrp=-142.289 < min=-120 (all cells below threshold) retryIn=2s
---- INIT_ATTACH t=38 UE(imsi)=231 ----
  INIT_ATTACH_FAIL_ALL_LOW_RSRP: UE(imsi)=231 bestRsrp=-128.137 < min=-120 (all cells below threshold) retryIn=2s
---- INIT_ATTACH t=38 UE(imsi)=232 ----
  INIT_ATTACH_FAIL_ALL_LOW_RSRP: UE(imsi)=232 bestRsrp=-141.211 < min=-120 (all cells below threshold) retryIn=2s
---- INIT_ATTACH t=38 UE(imsi)=233 ----
  INIT_ATTACH_FAIL_ALL_LOW_RSRP: UE(imsi)=233 bestRsrp=-145.625 < min=-120 (all cells below threshold) retryIn=2s
---- INIT_ATTACH t=38 UE(imsi)=236 ----
  INIT_ATTACH_FAIL_ALL_LOW_RSRP: UE(imsi)=236 bestRsrp=-125.404 < min=-120 (all cells below threshold) retryIn=2s
---- INIT_ATTACH t=38 UE(imsi)=237 ----
  INIT_ATTACH_FAIL_ALL_LOW_RSRP: UE(imsi)=237 bestRsrp=-145.633 < min=-120 (all cells below threshold) retryIn=2s
---- INIT_ATTACH t=38 UE(imsi)=238 ----
  INIT_ATTACH_FAIL_ALL_LOW_RSRP: UE(imsi)=238 bestRsrp=-140.411 < min=-120 (all cells below threshold) retryIn=2s
---- INIT_ATTACH t=38 UE(imsi)=240 ----
  INIT_ATTACH_FAIL_ALL_LOW_RSRP: UE(imsi)=240 bestRsrp=-143.378 < min=-120 (all cells below threshold) retryIn=2s
---- INIT_ATTACH t=40 UE(imsi)=16 ----
  INIT_ATTACH_FAIL_ALL_LOW_RSRP: UE(imsi)=16 bestRsrp=-132.997 < min=-120 (all cells below threshold) retryIn=2s
---- INIT_ATTACH t=40 UE(imsi)=20 ----
  INIT_ATTACH_FAIL_ALL_LOW_RSRP: UE(imsi)=20 bestRsrp=-152.169 < min=-120 (all cells below threshold) retryIn=2s
---- INIT_ATTACH t=40 UE(imsi)=23 ----
  INIT_ATTACH_FAIL_ALL_LOW_RSRP: UE(imsi)=23 bestRsrp=-143.423 < min=-120 (all cells below threshold) retryIn=2s
---- INIT_ATTACH t=40 UE(imsi)=25 ----
  INIT_ATTACH_FAIL_ALL_LOW_RSRP: UE(imsi)=25 bestRsrp=-135.487 < min=-120 (all cells below threshold) retryIn=2s
---- INIT_ATTACH t=40 UE(imsi)=26 ----
  INIT_ATTACH_FAIL_ALL_LOW_RSRP: UE(imsi)=26 bestRsrp=-148.499 < min=-120 (all cells below threshold) retryIn=2s
---- INIT_ATTACH t=40 UE(imsi)=29 ----
  INIT_ATTACH_FAIL_ALL_LOW_RSRP: UE(imsi)=29 bestRsrp=-152.505 < min=-120 (all cells below threshold) retryIn=2s
---- INIT_ATTACH t=40 UE(imsi)=31 ----
  INIT_ATTACH_FAIL_ALL_LOW_RSRP: UE(imsi)=31 bestRsrp=-127.054 < min=-120 (all cells below threshold) retryIn=2s
---- INIT_ATTACH t=40 UE(imsi)=36 ----
  INIT_ATTACH_FAIL_ALL_LOW_RSRP: UE(imsi)=36 bestRsrp=-139.96 < min=-120 (all cells below threshold) retryIn=2s
---- INIT_ATTACH t=40 UE(imsi)=38 ----
  INIT_ATTACH_FAIL_ALL_LOW_RSRP: UE(imsi)=38 bestRsrp=-147.032 < min=-120 (all cells below threshold) retryIn=2s
---- INIT_ATTACH t=40 UE(imsi)=44 ----
  INIT_ATTACH_FAIL_ALL_LOW_RSRP: UE(imsi)=44 bestRsrp=-135.067 < min=-120 (all cells below threshold) retryIn=2s
---- INIT_ATTACH t=40 UE(imsi)=45 ----
  INIT_ATTACH_FAIL_ALL_LOW_RSRP: UE(imsi)=45 bestRsrp=-128.709 < min=-120 (all cells below threshold) retryIn=2s
---- INIT_ATTACH t=40 UE(imsi)=48 ----
  INIT_ATTACH_FAIL_ALL_LOW_RSRP: UE(imsi)=48 bestRsrp=-134.851 < min=-120 (all cells below threshold) retryIn=2s
---- INIT_ATTACH t=40 UE(imsi)=53 ----
  INIT_ATTACH_FAIL_ALL_LOW_RSRP: UE(imsi)=53 bestRsrp=-139.356 < min=-120 (all cells below threshold) retryIn=2s
---- INIT_ATTACH t=40 UE(imsi)=54 ----
  INIT_ATTACH_FAIL_ALL_LOW_RSRP: UE(imsi)=54 bestRsrp=-141.926 < min=-120 (all cells below threshold) retryIn=2s
---- INIT_ATTACH t=40 UE(imsi)=55 ----
  INIT_ATTACH_FAIL_ALL_LOW_RSRP: UE(imsi)=55 bestRsrp=-152.547 < min=-120 (all cells below threshold) retryIn=2s
---- INIT_ATTACH t=40 UE(imsi)=57 ----
  INIT_ATTACH_FAIL_ALL_LOW_RSRP: UE(imsi)=57 bestRsrp=-124.689 < min=-120 (all cells below threshold) retryIn=2s
---- INIT_ATTACH t=40 UE(imsi)=61 ----
  INIT_ATTACH_FAIL_ALL_LOW_RSRP: UE(imsi)=61 bestRsrp=-140.13 < min=-120 (all cells below threshold) retryIn=2s
---- INIT_ATTACH t=40 UE(imsi)=62 ----
  candOK0 cell=9 rsrp=-114.919 occ=10/10 -> SKIP_FULL
  INIT_ATTACH_FAIL_ALL_FULL: UE(imsi)=62 rsrpOk=1 (all RSRP>=min but full or invalid) retryIn=2s
---- INIT_ATTACH t=40 UE(imsi)=67 ----
  INIT_ATTACH_FAIL_ALL_LOW_RSRP: UE(imsi)=67 bestRsrp=-139.938 < min=-120 (all cells below threshold) retryIn=2s
---- INIT_ATTACH t=40 UE(imsi)=68 ----
  INIT_ATTACH_FAIL_ALL_LOW_RSRP: UE(imsi)=68 bestRsrp=-135.824 < min=-120 (all cells below threshold) retryIn=2s
---- INIT_ATTACH t=40 UE(imsi)=70 ----
  candOK0 cell=10 rsrp=-98.2067 occ=9/10 -> OK
  candOK1 cell=7 rsrp=-114.709 occ=16/20 -> OK
  candOK2 cell=12 rsrp=-117.986 occ=8/10 -> OK
  SELECT cell=10 rsrp=-98.2067 occ(afterReserve)=10/10
  INIT_ATTACH_OK: UE(imsi)=70 -> cell=10
---- INIT_ATTACH t=40 UE(imsi)=73 ----
  INIT_ATTACH_FAIL_ALL_LOW_RSRP: UE(imsi)=73 bestRsrp=-143.7 < min=-120 (all cells below threshold) retryIn=2s
---- INIT_ATTACH t=40 UE(imsi)=74 ----
  INIT_ATTACH_FAIL_ALL_LOW_RSRP: UE(imsi)=74 bestRsrp=-142.134 < min=-120 (all cells below threshold) retryIn=2s
---- INIT_ATTACH t=40 UE(imsi)=76 ----
  INIT_ATTACH_FAIL_ALL_LOW_RSRP: UE(imsi)=76 bestRsrp=-140.472 < min=-120 (all cells below threshold) retryIn=2s
---- INIT_ATTACH t=40 UE(imsi)=81 ----
  INIT_ATTACH_FAIL_ALL_LOW_RSRP: UE(imsi)=81 bestRsrp=-138.907 < min=-120 (all cells below threshold) retryIn=2s
---- INIT_ATTACH t=40 UE(imsi)=85 ----
  INIT_ATTACH_FAIL_ALL_LOW_RSRP: UE(imsi)=85 bestRsrp=-144.391 < min=-120 (all cells below threshold) retryIn=2s
---- INIT_ATTACH t=40 UE(imsi)=86 ----
  INIT_ATTACH_FAIL_ALL_LOW_RSRP: UE(imsi)=86 bestRsrp=-125.407 < min=-120 (all cells below threshold) retryIn=2s
---- INIT_ATTACH t=40 UE(imsi)=87 ----
  INIT_ATTACH_FAIL_ALL_LOW_RSRP: UE(imsi)=87 bestRsrp=-121.938 < min=-120 (all cells below threshold) retryIn=2s
---- INIT_ATTACH t=40 UE(imsi)=92 ----
  INIT_ATTACH_FAIL_ALL_LOW_RSRP: UE(imsi)=92 bestRsrp=-131.513 < min=-120 (all cells below threshold) retryIn=2s
---- INIT_ATTACH t=40 UE(imsi)=97 ----
  INIT_ATTACH_FAIL_ALL_LOW_RSRP: UE(imsi)=97 bestRsrp=-145.43 < min=-120 (all cells below threshold) retryIn=2s
---- INIT_ATTACH t=40 UE(imsi)=98 ----
  INIT_ATTACH_FAIL_ALL_LOW_RSRP: UE(imsi)=98 bestRsrp=-129.372 < min=-120 (all cells below threshold) retryIn=2s
---- INIT_ATTACH t=40 UE(imsi)=102 ----
  INIT_ATTACH_FAIL_ALL_LOW_RSRP: UE(imsi)=102 bestRsrp=-121.538 < min=-120 (all cells below threshold) retryIn=2s
---- INIT_ATTACH t=40 UE(imsi)=106 ----
  INIT_ATTACH_FAIL_ALL_LOW_RSRP: UE(imsi)=106 bestRsrp=-125.384 < min=-120 (all cells below threshold) retryIn=2s
---- INIT_ATTACH t=40 UE(imsi)=109 ----
  INIT_ATTACH_FAIL_ALL_LOW_RSRP: UE(imsi)=109 bestRsrp=-129.582 < min=-120 (all cells below threshold) retryIn=2s
---- INIT_ATTACH t=40 UE(imsi)=116 ----
  INIT_ATTACH_FAIL_ALL_LOW_RSRP: UE(imsi)=116 bestRsrp=-147.463 < min=-120 (all cells below threshold) retryIn=2s
---- INIT_ATTACH t=40 UE(imsi)=119 ----
  INIT_ATTACH_FAIL_ALL_LOW_RSRP: UE(imsi)=119 bestRsrp=-139.734 < min=-120 (all cells below threshold) retryIn=2s
---- INIT_ATTACH t=40 UE(imsi)=120 ----
  INIT_ATTACH_FAIL_ALL_LOW_RSRP: UE(imsi)=120 bestRsrp=-142.076 < min=-120 (all cells below threshold) retryIn=2s
---- INIT_ATTACH t=40 UE(imsi)=122 ----
  INIT_ATTACH_FAIL_ALL_LOW_RSRP: UE(imsi)=122 bestRsrp=-143.297 < min=-120 (all cells below threshold) retryIn=2s
---- INIT_ATTACH t=40 UE(imsi)=135 ----
  INIT_ATTACH_FAIL_ALL_LOW_RSRP: UE(imsi)=135 bestRsrp=-133.14 < min=-120 (all cells below threshold) retryIn=2s
---- INIT_ATTACH t=40 UE(imsi)=136 ----
  INIT_ATTACH_FAIL_ALL_LOW_RSRP: UE(imsi)=136 bestRsrp=-145.053 < min=-120 (all cells below threshold) retryIn=2s
---- INIT_ATTACH t=40 UE(imsi)=138 ----
  INIT_ATTACH_FAIL_ALL_LOW_RSRP: UE(imsi)=138 bestRsrp=-141.815 < min=-120 (all cells below threshold) retryIn=2s
---- INIT_ATTACH t=40 UE(imsi)=140 ----
  INIT_ATTACH_FAIL_ALL_LOW_RSRP: UE(imsi)=140 bestRsrp=-138.322 < min=-120 (all cells below threshold) retryIn=2s
---- INIT_ATTACH t=40 UE(imsi)=142 ----
  INIT_ATTACH_FAIL_ALL_LOW_RSRP: UE(imsi)=142 bestRsrp=-136.389 < min=-120 (all cells below threshold) retryIn=2s
---- INIT_ATTACH t=40 UE(imsi)=144 ----
  INIT_ATTACH_FAIL_ALL_LOW_RSRP: UE(imsi)=144 bestRsrp=-133.846 < min=-120 (all cells below threshold) retryIn=2s
---- INIT_ATTACH t=40 UE(imsi)=146 ----
  INIT_ATTACH_FAIL_ALL_LOW_RSRP: UE(imsi)=146 bestRsrp=-130.942 < min=-120 (all cells below threshold) retryIn=2s
---- INIT_ATTACH t=40 UE(imsi)=150 ----
  INIT_ATTACH_FAIL_ALL_LOW_RSRP: UE(imsi)=150 bestRsrp=-147.273 < min=-120 (all cells below threshold) retryIn=2s
---- INIT_ATTACH t=40 UE(imsi)=151 ----
  INIT_ATTACH_FAIL_ALL_LOW_RSRP: UE(imsi)=151 bestRsrp=-147.292 < min=-120 (all cells below threshold) retryIn=2s
---- INIT_ATTACH t=40 UE(imsi)=155 ----
  INIT_ATTACH_FAIL_ALL_LOW_RSRP: UE(imsi)=155 bestRsrp=-123.565 < min=-120 (all cells below threshold) retryIn=2s
---- INIT_ATTACH t=40 UE(imsi)=158 ----
  candOK0 cell=7 rsrp=-101.849 occ=16/20 -> OK
  SELECT cell=7 rsrp=-101.849 occ(afterReserve)=17/20
  INIT_ATTACH_OK: UE(imsi)=158 -> cell=7
---- INIT_ATTACH t=40 UE(imsi)=164 ----
  INIT_ATTACH_FAIL_ALL_LOW_RSRP: UE(imsi)=164 bestRsrp=-139.985 < min=-120 (all cells below threshold) retryIn=2s
---- INIT_ATTACH t=40 UE(imsi)=165 ----
  INIT_ATTACH_FAIL_ALL_LOW_RSRP: UE(imsi)=165 bestRsrp=-145.794 < min=-120 (all cells below threshold) retryIn=2s
---- INIT_ATTACH t=40 UE(imsi)=169 ----
  INIT_ATTACH_FAIL_ALL_LOW_RSRP: UE(imsi)=169 bestRsrp=-139.018 < min=-120 (all cells below threshold) retryIn=2s
---- INIT_ATTACH t=40 UE(imsi)=171 ----
  INIT_ATTACH_FAIL_ALL_LOW_RSRP: UE(imsi)=171 bestRsrp=-146.702 < min=-120 (all cells below threshold) retryIn=2s
---- INIT_ATTACH t=40 UE(imsi)=173 ----
  INIT_ATTACH_FAIL_ALL_LOW_RSRP: UE(imsi)=173 bestRsrp=-134.709 < min=-120 (all cells below threshold) retryIn=2s
---- INIT_ATTACH t=40 UE(imsi)=174 ----
  candOK0 cell=14 rsrp=-115.575 occ=10/10 -> SKIP_FULL
  INIT_ATTACH_FAIL_ALL_FULL: UE(imsi)=174 rsrpOk=1 (all RSRP>=min but full or invalid) retryIn=2s
---- INIT_ATTACH t=40 UE(imsi)=179 ----
  INIT_ATTACH_FAIL_ALL_LOW_RSRP: UE(imsi)=179 bestRsrp=-147.452 < min=-120 (all cells below threshold) retryIn=2s
---- INIT_ATTACH t=40 UE(imsi)=181 ----
  INIT_ATTACH_FAIL_ALL_LOW_RSRP: UE(imsi)=181 bestRsrp=-146.983 < min=-120 (all cells below threshold) retryIn=2s
---- INIT_ATTACH t=40 UE(imsi)=183 ----
  INIT_ATTACH_FAIL_ALL_LOW_RSRP: UE(imsi)=183 bestRsrp=-141.401 < min=-120 (all cells below threshold) retryIn=2s
---- INIT_ATTACH t=40 UE(imsi)=185 ----
  INIT_ATTACH_FAIL_ALL_LOW_RSRP: UE(imsi)=185 bestRsrp=-142.345 < min=-120 (all cells below threshold) retryIn=2s
---- INIT_ATTACH t=40 UE(imsi)=187 ----
  INIT_ATTACH_FAIL_ALL_LOW_RSRP: UE(imsi)=187 bestRsrp=-129.568 < min=-120 (all cells below threshold) retryIn=2s
---- INIT_ATTACH t=40 UE(imsi)=192 ----
  INIT_ATTACH_FAIL_ALL_LOW_RSRP: UE(imsi)=192 bestRsrp=-150.836 < min=-120 (all cells below threshold) retryIn=2s
---- INIT_ATTACH t=40 UE(imsi)=195 ----
  INIT_ATTACH_FAIL_ALL_LOW_RSRP: UE(imsi)=195 bestRsrp=-140.816 < min=-120 (all cells below threshold) retryIn=2s
---- INIT_ATTACH t=40 UE(imsi)=197 ----
  INIT_ATTACH_FAIL_ALL_LOW_RSRP: UE(imsi)=197 bestRsrp=-144.748 < min=-120 (all cells below threshold) retryIn=2s
---- INIT_ATTACH t=40 UE(imsi)=198 ----
  candOK0 cell=10 rsrp=-98.3248 occ=10/10 -> SKIP_FULL
  INIT_ATTACH_FAIL_ALL_FULL: UE(imsi)=198 rsrpOk=1 (all RSRP>=min but full or invalid) retryIn=2s
---- INIT_ATTACH t=40 UE(imsi)=199 ----
  INIT_ATTACH_FAIL_ALL_LOW_RSRP: UE(imsi)=199 bestRsrp=-142.394 < min=-120 (all cells below threshold) retryIn=2s
---- INIT_ATTACH t=40 UE(imsi)=200 ----
  INIT_ATTACH_FAIL_ALL_LOW_RSRP: UE(imsi)=200 bestRsrp=-145.786 < min=-120 (all cells below threshold) retryIn=2s
---- INIT_ATTACH t=40 UE(imsi)=202 ----
  INIT_ATTACH_FAIL_ALL_LOW_RSRP: UE(imsi)=202 bestRsrp=-133.199 < min=-120 (all cells below threshold) retryIn=2s
---- INIT_ATTACH t=40 UE(imsi)=203 ----
  INIT_ATTACH_FAIL_ALL_LOW_RSRP: UE(imsi)=203 bestRsrp=-151.246 < min=-120 (all cells below threshold) retryIn=2s
---- INIT_ATTACH t=40 UE(imsi)=204 ----
  INIT_ATTACH_FAIL_ALL_LOW_RSRP: UE(imsi)=204 bestRsrp=-122.816 < min=-120 (all cells below threshold) retryIn=2s
---- INIT_ATTACH t=40 UE(imsi)=212 ----
  INIT_ATTACH_FAIL_ALL_LOW_RSRP: UE(imsi)=212 bestRsrp=-134.154 < min=-120 (all cells below threshold) retryIn=2s
---- INIT_ATTACH t=40 UE(imsi)=214 ----
  INIT_ATTACH_FAIL_ALL_LOW_RSRP: UE(imsi)=214 bestRsrp=-139.791 < min=-120 (all cells below threshold) retryIn=2s
---- INIT_ATTACH t=40 UE(imsi)=220 ----
  INIT_ATTACH_FAIL_ALL_LOW_RSRP: UE(imsi)=220 bestRsrp=-149.631 < min=-120 (all cells below threshold) retryIn=2s
---- INIT_ATTACH t=40 UE(imsi)=222 ----
  candOK0 cell=8 rsrp=-111.296 occ=14/20 -> OK
  SELECT cell=8 rsrp=-111.296 occ(afterReserve)=15/20
  INIT_ATTACH_OK: UE(imsi)=222 -> cell=8
---- INIT_ATTACH t=40 UE(imsi)=224 ----
  INIT_ATTACH_FAIL_ALL_LOW_RSRP: UE(imsi)=224 bestRsrp=-156.04 < min=-120 (all cells below threshold) retryIn=2s
---- INIT_ATTACH t=40 UE(imsi)=227 ----
  INIT_ATTACH_FAIL_ALL_LOW_RSRP: UE(imsi)=227 bestRsrp=-133.488 < min=-120 (all cells below threshold) retryIn=2s
---- INIT_ATTACH t=40 UE(imsi)=230 ----
  INIT_ATTACH_FAIL_ALL_LOW_RSRP: UE(imsi)=230 bestRsrp=-143.787 < min=-120 (all cells below threshold) retryIn=2s
---- INIT_ATTACH t=40 UE(imsi)=231 ----
  INIT_ATTACH_FAIL_ALL_LOW_RSRP: UE(imsi)=231 bestRsrp=-137.857 < min=-120 (all cells below threshold) retryIn=2s
---- INIT_ATTACH t=40 UE(imsi)=232 ----
  INIT_ATTACH_FAIL_ALL_LOW_RSRP: UE(imsi)=232 bestRsrp=-141.412 < min=-120 (all cells below threshold) retryIn=2s
---- INIT_ATTACH t=40 UE(imsi)=233 ----
  INIT_ATTACH_FAIL_ALL_LOW_RSRP: UE(imsi)=233 bestRsrp=-144.764 < min=-120 (all cells below threshold) retryIn=2s
---- INIT_ATTACH t=40 UE(imsi)=236 ----
  candOK0 cell=12 rsrp=-119.067 occ=8/10 -> OK
  SELECT cell=12 rsrp=-119.067 occ(afterReserve)=9/10
  INIT_ATTACH_OK: UE(imsi)=236 -> cell=12
---- INIT_ATTACH t=40 UE(imsi)=237 ----
  INIT_ATTACH_FAIL_ALL_LOW_RSRP: UE(imsi)=237 bestRsrp=-143.848 < min=-120 (all cells below threshold) retryIn=2s
---- INIT_ATTACH t=40 UE(imsi)=238 ----
  INIT_ATTACH_FAIL_ALL_LOW_RSRP: UE(imsi)=238 bestRsrp=-139.078 < min=-120 (all cells below threshold) retryIn=2s
---- INIT_ATTACH t=40 UE(imsi)=240 ----
  INIT_ATTACH_FAIL_ALL_LOW_RSRP: UE(imsi)=240 bestRsrp=-141.702 < min=-120 (all cells below threshold) retryIn=2s
---- INIT_ATTACH t=42 UE(imsi)=16 ----
  INIT_ATTACH_FAIL_ALL_LOW_RSRP: UE(imsi)=16 bestRsrp=-132.365 < min=-120 (all cells below threshold) retryIn=2s
---- INIT_ATTACH t=42 UE(imsi)=20 ----
  INIT_ATTACH_FAIL_ALL_LOW_RSRP: UE(imsi)=20 bestRsrp=-150.454 < min=-120 (all cells below threshold) retryIn=2s
---- INIT_ATTACH t=42 UE(imsi)=23 ----
  INIT_ATTACH_FAIL_ALL_LOW_RSRP: UE(imsi)=23 bestRsrp=-142.992 < min=-120 (all cells below threshold) retryIn=2s
---- INIT_ATTACH t=42 UE(imsi)=25 ----
  INIT_ATTACH_FAIL_ALL_LOW_RSRP: UE(imsi)=25 bestRsrp=-131.472 < min=-120 (all cells below threshold) retryIn=2s
---- INIT_ATTACH t=42 UE(imsi)=26 ----
  INIT_ATTACH_FAIL_ALL_LOW_RSRP: UE(imsi)=26 bestRsrp=-144.093 < min=-120 (all cells below threshold) retryIn=2s
---- INIT_ATTACH t=42 UE(imsi)=29 ----
  INIT_ATTACH_FAIL_ALL_LOW_RSRP: UE(imsi)=29 bestRsrp=-153.188 < min=-120 (all cells below threshold) retryIn=2s
---- INIT_ATTACH t=42 UE(imsi)=31 ----
  INIT_ATTACH_FAIL_ALL_LOW_RSRP: UE(imsi)=31 bestRsrp=-129.73 < min=-120 (all cells below threshold) retryIn=2s
---- INIT_ATTACH t=42 UE(imsi)=36 ----
  INIT_ATTACH_FAIL_ALL_LOW_RSRP: UE(imsi)=36 bestRsrp=-137.29 < min=-120 (all cells below threshold) retryIn=2s
---- INIT_ATTACH t=42 UE(imsi)=38 ----
  INIT_ATTACH_FAIL_ALL_LOW_RSRP: UE(imsi)=38 bestRsrp=-128.117 < min=-120 (all cells below threshold) retryIn=2s
---- INIT_ATTACH t=42 UE(imsi)=44 ----
  INIT_ATTACH_FAIL_ALL_LOW_RSRP: UE(imsi)=44 bestRsrp=-134.883 < min=-120 (all cells below threshold) retryIn=2s
---- INIT_ATTACH t=42 UE(imsi)=45 ----
  INIT_ATTACH_FAIL_ALL_LOW_RSRP: UE(imsi)=45 bestRsrp=-127.229 < min=-120 (all cells below threshold) retryIn=2s
---- INIT_ATTACH t=42 UE(imsi)=48 ----
  INIT_ATTACH_FAIL_ALL_LOW_RSRP: UE(imsi)=48 bestRsrp=-134.414 < min=-120 (all cells below threshold) retryIn=2s
---- INIT_ATTACH t=42 UE(imsi)=53 ----
  INIT_ATTACH_FAIL_ALL_LOW_RSRP: UE(imsi)=53 bestRsrp=-138.667 < min=-120 (all cells below threshold) retryIn=2s
---- INIT_ATTACH t=42 UE(imsi)=54 ----
  INIT_ATTACH_FAIL_ALL_LOW_RSRP: UE(imsi)=54 bestRsrp=-143.378 < min=-120 (all cells below threshold) retryIn=2s
---- INIT_ATTACH t=42 UE(imsi)=55 ----
  INIT_ATTACH_FAIL_ALL_LOW_RSRP: UE(imsi)=55 bestRsrp=-155.347 < min=-120 (all cells below threshold) retryIn=2s
---- INIT_ATTACH t=42 UE(imsi)=57 ----
  INIT_ATTACH_FAIL_ALL_LOW_RSRP: UE(imsi)=57 bestRsrp=-125.247 < min=-120 (all cells below threshold) retryIn=2s
---- INIT_ATTACH t=42 UE(imsi)=61 ----
  INIT_ATTACH_FAIL_ALL_LOW_RSRP: UE(imsi)=61 bestRsrp=-139.755 < min=-120 (all cells below threshold) retryIn=2s
---- INIT_ATTACH t=42 UE(imsi)=62 ----
  INIT_ATTACH_FAIL_ALL_LOW_RSRP: UE(imsi)=62 bestRsrp=-132.419 < min=-120 (all cells below threshold) retryIn=2s
---- INIT_ATTACH t=42 UE(imsi)=67 ----
  INIT_ATTACH_FAIL_ALL_LOW_RSRP: UE(imsi)=67 bestRsrp=-138.783 < min=-120 (all cells below threshold) retryIn=2s
---- INIT_ATTACH t=42 UE(imsi)=68 ----
  INIT_ATTACH_FAIL_ALL_LOW_RSRP: UE(imsi)=68 bestRsrp=-137.64 < min=-120 (all cells below threshold) retryIn=2s
---- INIT_ATTACH t=42 UE(imsi)=73 ----
  INIT_ATTACH_FAIL_ALL_LOW_RSRP: UE(imsi)=73 bestRsrp=-143.807 < min=-120 (all cells below threshold) retryIn=2s
---- INIT_ATTACH t=42 UE(imsi)=74 ----
  INIT_ATTACH_FAIL_ALL_LOW_RSRP: UE(imsi)=74 bestRsrp=-143.35 < min=-120 (all cells below threshold) retryIn=2s
---- INIT_ATTACH t=42 UE(imsi)=76 ----
  INIT_ATTACH_FAIL_ALL_LOW_RSRP: UE(imsi)=76 bestRsrp=-140.913 < min=-120 (all cells below threshold) retryIn=2s
---- INIT_ATTACH t=42 UE(imsi)=81 ----
  INIT_ATTACH_FAIL_ALL_LOW_RSRP: UE(imsi)=81 bestRsrp=-139.721 < min=-120 (all cells below threshold) retryIn=2s
---- INIT_ATTACH t=42 UE(imsi)=85 ----
  INIT_ATTACH_FAIL_ALL_LOW_RSRP: UE(imsi)=85 bestRsrp=-139.24 < min=-120 (all cells below threshold) retryIn=2s
---- INIT_ATTACH t=42 UE(imsi)=86 ----
  INIT_ATTACH_FAIL_ALL_LOW_RSRP: UE(imsi)=86 bestRsrp=-125.123 < min=-120 (all cells below threshold) retryIn=2s
---- INIT_ATTACH t=42 UE(imsi)=87 ----
  INIT_ATTACH_FAIL_ALL_LOW_RSRP: UE(imsi)=87 bestRsrp=-132.575 < min=-120 (all cells below threshold) retryIn=2s
---- INIT_ATTACH t=42 UE(imsi)=92 ----
  INIT_ATTACH_FAIL_ALL_LOW_RSRP: UE(imsi)=92 bestRsrp=-131.463 < min=-120 (all cells below threshold) retryIn=2s
---- INIT_ATTACH t=42 UE(imsi)=97 ----
  INIT_ATTACH_FAIL_ALL_LOW_RSRP: UE(imsi)=97 bestRsrp=-143.224 < min=-120 (all cells below threshold) retryIn=2s
---- INIT_ATTACH t=42 UE(imsi)=98 ----
  candOK0 cell=10 rsrp=-101.987 occ=10/10 -> SKIP_FULL
  INIT_ATTACH_FAIL_ALL_FULL: UE(imsi)=98 rsrpOk=1 (all RSRP>=min but full or invalid) retryIn=2s
---- INIT_ATTACH t=42 UE(imsi)=102 ----
  candOK0 cell=14 rsrp=-119.861 occ=10/10 -> SKIP_FULL
  INIT_ATTACH_FAIL_ALL_FULL: UE(imsi)=102 rsrpOk=1 (all RSRP>=min but full or invalid) retryIn=2s
---- INIT_ATTACH t=42 UE(imsi)=106 ----
  candOK0 cell=2 rsrp=-119.049 occ=11/20 -> OK
  SELECT cell=2 rsrp=-119.049 occ(afterReserve)=12/20
  INIT_ATTACH_OK: UE(imsi)=106 -> cell=2
---- INIT_ATTACH t=42 UE(imsi)=109 ----
  INIT_ATTACH_FAIL_ALL_LOW_RSRP: UE(imsi)=109 bestRsrp=-131.033 < min=-120 (all cells below threshold) retryIn=2s
---- INIT_ATTACH t=42 UE(imsi)=116 ----
  INIT_ATTACH_FAIL_ALL_LOW_RSRP: UE(imsi)=116 bestRsrp=-151.452 < min=-120 (all cells below threshold) retryIn=2s
---- INIT_ATTACH t=42 UE(imsi)=119 ----
  INIT_ATTACH_FAIL_ALL_LOW_RSRP: UE(imsi)=119 bestRsrp=-139.984 < min=-120 (all cells below threshold) retryIn=2s
---- INIT_ATTACH t=42 UE(imsi)=120 ----
  INIT_ATTACH_FAIL_ALL_LOW_RSRP: UE(imsi)=120 bestRsrp=-139.826 < min=-120 (all cells below threshold) retryIn=2s
---- INIT_ATTACH t=42 UE(imsi)=122 ----
  INIT_ATTACH_FAIL_ALL_LOW_RSRP: UE(imsi)=122 bestRsrp=-139.036 < min=-120 (all cells below threshold) retryIn=2s
---- INIT_ATTACH t=42 UE(imsi)=135 ----
  INIT_ATTACH_FAIL_ALL_LOW_RSRP: UE(imsi)=135 bestRsrp=-131.143 < min=-120 (all cells below threshold) retryIn=2s
---- INIT_ATTACH t=42 UE(imsi)=136 ----
  INIT_ATTACH_FAIL_ALL_LOW_RSRP: UE(imsi)=136 bestRsrp=-145.353 < min=-120 (all cells below threshold) retryIn=2s
---- INIT_ATTACH t=42 UE(imsi)=138 ----
  INIT_ATTACH_FAIL_ALL_LOW_RSRP: UE(imsi)=138 bestRsrp=-145.429 < min=-120 (all cells below threshold) retryIn=2s
---- INIT_ATTACH t=42 UE(imsi)=140 ----
  INIT_ATTACH_FAIL_ALL_LOW_RSRP: UE(imsi)=140 bestRsrp=-139.513 < min=-120 (all cells below threshold) retryIn=2s
---- INIT_ATTACH t=42 UE(imsi)=142 ----
  INIT_ATTACH_FAIL_ALL_LOW_RSRP: UE(imsi)=142 bestRsrp=-135.849 < min=-120 (all cells below threshold) retryIn=2s
---- INIT_ATTACH t=42 UE(imsi)=144 ----
  INIT_ATTACH_FAIL_ALL_LOW_RSRP: UE(imsi)=144 bestRsrp=-149.736 < min=-120 (all cells below threshold) retryIn=2s
---- INIT_ATTACH t=42 UE(imsi)=146 ----
  INIT_ATTACH_FAIL_ALL_LOW_RSRP: UE(imsi)=146 bestRsrp=-133.153 < min=-120 (all cells below threshold) retryIn=2s
---- INIT_ATTACH t=42 UE(imsi)=150 ----
  INIT_ATTACH_FAIL_ALL_LOW_RSRP: UE(imsi)=150 bestRsrp=-148.111 < min=-120 (all cells below threshold) retryIn=2s
---- INIT_ATTACH t=42 UE(imsi)=151 ----
  INIT_ATTACH_FAIL_ALL_LOW_RSRP: UE(imsi)=151 bestRsrp=-146.957 < min=-120 (all cells below threshold) retryIn=2s
---- INIT_ATTACH t=42 UE(imsi)=155 ----
  candOK0 cell=5 rsrp=-110.184 occ=14/20 -> OK
  SELECT cell=5 rsrp=-110.184 occ(afterReserve)=15/20
  INIT_ATTACH_OK: UE(imsi)=155 -> cell=5
---- INIT_ATTACH t=42 UE(imsi)=164 ----
  candOK0 cell=14 rsrp=-105.722 occ=10/10 -> SKIP_FULL
  INIT_ATTACH_FAIL_ALL_FULL: UE(imsi)=164 rsrpOk=1 (all RSRP>=min but full or invalid) retryIn=2s
---- INIT_ATTACH t=42 UE(imsi)=165 ----
  INIT_ATTACH_FAIL_ALL_LOW_RSRP: UE(imsi)=165 bestRsrp=-144.594 < min=-120 (all cells below threshold) retryIn=2s
---- INIT_ATTACH t=42 UE(imsi)=169 ----
  INIT_ATTACH_FAIL_ALL_LOW_RSRP: UE(imsi)=169 bestRsrp=-141.614 < min=-120 (all cells below threshold) retryIn=2s
---- INIT_ATTACH t=42 UE(imsi)=171 ----
  INIT_ATTACH_FAIL_ALL_LOW_RSRP: UE(imsi)=171 bestRsrp=-149.186 < min=-120 (all cells below threshold) retryIn=2s
---- INIT_ATTACH t=42 UE(imsi)=173 ----
  INIT_ATTACH_FAIL_ALL_LOW_RSRP: UE(imsi)=173 bestRsrp=-136.906 < min=-120 (all cells below threshold) retryIn=2s
---- INIT_ATTACH t=42 UE(imsi)=174 ----
  INIT_ATTACH_FAIL_ALL_LOW_RSRP: UE(imsi)=174 bestRsrp=-139.041 < min=-120 (all cells below threshold) retryIn=2s
---- INIT_ATTACH t=42 UE(imsi)=179 ----
  INIT_ATTACH_FAIL_ALL_LOW_RSRP: UE(imsi)=179 bestRsrp=-147.905 < min=-120 (all cells below threshold) retryIn=2s
---- INIT_ATTACH t=42 UE(imsi)=181 ----
  INIT_ATTACH_FAIL_ALL_LOW_RSRP: UE(imsi)=181 bestRsrp=-145.085 < min=-120 (all cells below threshold) retryIn=2s
---- INIT_ATTACH t=42 UE(imsi)=183 ----
  INIT_ATTACH_FAIL_ALL_LOW_RSRP: UE(imsi)=183 bestRsrp=-141.84 < min=-120 (all cells below threshold) retryIn=2s
---- INIT_ATTACH t=42 UE(imsi)=185 ----
  INIT_ATTACH_FAIL_ALL_LOW_RSRP: UE(imsi)=185 bestRsrp=-142.196 < min=-120 (all cells below threshold) retryIn=2s
---- INIT_ATTACH t=42 UE(imsi)=187 ----
  INIT_ATTACH_FAIL_ALL_LOW_RSRP: UE(imsi)=187 bestRsrp=-128.962 < min=-120 (all cells below threshold) retryIn=2s
---- INIT_ATTACH t=42 UE(imsi)=192 ----
  INIT_ATTACH_FAIL_ALL_LOW_RSRP: UE(imsi)=192 bestRsrp=-152.457 < min=-120 (all cells below threshold) retryIn=2s
---- INIT_ATTACH t=42 UE(imsi)=195 ----
  INIT_ATTACH_FAIL_ALL_LOW_RSRP: UE(imsi)=195 bestRsrp=-143.126 < min=-120 (all cells below threshold) retryIn=2s
---- INIT_ATTACH t=42 UE(imsi)=197 ----
  INIT_ATTACH_FAIL_ALL_LOW_RSRP: UE(imsi)=197 bestRsrp=-120.606 < min=-120 (all cells below threshold) retryIn=2s
---- INIT_ATTACH t=42 UE(imsi)=198 ----
  INIT_ATTACH_FAIL_ALL_LOW_RSRP: UE(imsi)=198 bestRsrp=-131.638 < min=-120 (all cells below threshold) retryIn=2s
---- INIT_ATTACH t=42 UE(imsi)=199 ----
  INIT_ATTACH_FAIL_ALL_LOW_RSRP: UE(imsi)=199 bestRsrp=-142.017 < min=-120 (all cells below threshold) retryIn=2s
---- INIT_ATTACH t=42 UE(imsi)=200 ----
  INIT_ATTACH_FAIL_ALL_LOW_RSRP: UE(imsi)=200 bestRsrp=-145.717 < min=-120 (all cells below threshold) retryIn=2s
---- INIT_ATTACH t=42 UE(imsi)=202 ----
  candOK0 cell=11 rsrp=-110.115 occ=10/10 -> SKIP_FULL
  INIT_ATTACH_FAIL_ALL_FULL: UE(imsi)=202 rsrpOk=1 (all RSRP>=min but full or invalid) retryIn=2s
---- INIT_ATTACH t=42 UE(imsi)=203 ----
  INIT_ATTACH_FAIL_ALL_LOW_RSRP: UE(imsi)=203 bestRsrp=-150.438 < min=-120 (all cells below threshold) retryIn=2s
---- INIT_ATTACH t=42 UE(imsi)=204 ----
  INIT_ATTACH_FAIL_ALL_LOW_RSRP: UE(imsi)=204 bestRsrp=-142.913 < min=-120 (all cells below threshold) retryIn=2s
---- INIT_ATTACH t=42 UE(imsi)=212 ----
  INIT_ATTACH_FAIL_ALL_LOW_RSRP: UE(imsi)=212 bestRsrp=-136.65 < min=-120 (all cells below threshold) retryIn=2s
---- INIT_ATTACH t=42 UE(imsi)=214 ----
  INIT_ATTACH_FAIL_ALL_LOW_RSRP: UE(imsi)=214 bestRsrp=-128.158 < min=-120 (all cells below threshold) retryIn=2s
---- INIT_ATTACH t=42 UE(imsi)=220 ----
  INIT_ATTACH_FAIL_ALL_LOW_RSRP: UE(imsi)=220 bestRsrp=-149.193 < min=-120 (all cells below threshold) retryIn=2s
---- INIT_ATTACH t=42 UE(imsi)=224 ----
  INIT_ATTACH_FAIL_ALL_LOW_RSRP: UE(imsi)=224 bestRsrp=-155.841 < min=-120 (all cells below threshold) retryIn=2s
---- INIT_ATTACH t=42 UE(imsi)=227 ----
  INIT_ATTACH_FAIL_ALL_LOW_RSRP: UE(imsi)=227 bestRsrp=-132.599 < min=-120 (all cells below threshold) retryIn=2s
---- INIT_ATTACH t=42 UE(imsi)=230 ----
  INIT_ATTACH_FAIL_ALL_LOW_RSRP: UE(imsi)=230 bestRsrp=-142.618 < min=-120 (all cells below threshold) retryIn=2s
---- INIT_ATTACH t=42 UE(imsi)=231 ----
  INIT_ATTACH_FAIL_ALL_LOW_RSRP: UE(imsi)=231 bestRsrp=-138.731 < min=-120 (all cells below threshold) retryIn=2s
---- INIT_ATTACH t=42 UE(imsi)=232 ----
  INIT_ATTACH_FAIL_ALL_LOW_RSRP: UE(imsi)=232 bestRsrp=-138.865 < min=-120 (all cells below threshold) retryIn=2s
---- INIT_ATTACH t=42 UE(imsi)=233 ----
  INIT_ATTACH_FAIL_ALL_LOW_RSRP: UE(imsi)=233 bestRsrp=-145.896 < min=-120 (all cells below threshold) retryIn=2s
---- INIT_ATTACH t=42 UE(imsi)=237 ----
  INIT_ATTACH_FAIL_ALL_LOW_RSRP: UE(imsi)=237 bestRsrp=-145.151 < min=-120 (all cells below threshold) retryIn=2s
---- INIT_ATTACH t=42 UE(imsi)=238 ----
  INIT_ATTACH_FAIL_ALL_LOW_RSRP: UE(imsi)=238 bestRsrp=-140.167 < min=-120 (all cells below threshold) retryIn=2s
---- INIT_ATTACH t=42 UE(imsi)=240 ----
  INIT_ATTACH_FAIL_ALL_LOW_RSRP: UE(imsi)=240 bestRsrp=-141.52 < min=-120 (all cells below threshold) retryIn=2s
---- LOAD at t=42.5 ----
  cell 1 (TN) load=12/20
  cell 2 (TN) load=12/20
  cell 3 (TN) load=6/20
  cell 4 (TN) load=4/20
  cell 5 (TN) load=15/20
  cell 6 (TN) load=13/20
  cell 7 (TN) load=17/20
  cell 8 (TN) load=15/20
  cell 9 (NTN) load=10/10
  cell 10 (NTN) load=10/10
  cell 11 (NTN) load=10/10
  cell 12 (NTN) load=9/10
  cell 13 (NTN) load=10/10
  cell 14 (NTN) load=10/10
UE 15 TTT_WAIT target=3 elapsed=0s need=2s
UE 16 TTT_WAIT target=2 elapsed=0s need=2s
UE 17 TTT_WAIT target=6 elapsed=0s need=2s
UE 18 TTT_WAIT target=6 elapsed=0s need=2s
UE 20 TTT_WAIT target=5 elapsed=0s need=2s
UE 23 TTT_WAIT target=5 elapsed=0s need=2s
UE 25 TTT_WAIT target=2 elapsed=0s need=2s
UE 29 TTT_WAIT target=4 elapsed=0s need=2s
UE 31 TTT_WAIT target=2 elapsed=0s need=2s
UE 33 TTT_WAIT target=1 elapsed=0s need=2s
UE 34 TTT_WAIT target=4 elapsed=0s need=2s
LM HO UE=35 rnti=65 5->6 type=TN servingRsrp=-134.465 targetRsrp=-100.877 targetLoadReal=13/20 targetLoadEff=13/20
LM HO UE=38 rnti=72 12->2 type=TN servingRsrp=-123.518 targetRsrp=-93.6566 targetLoadReal=12/20 targetLoadEff=12/20
UE 39 TTT_WAIT target=7 elapsed=0s need=2s
UE 40 TTT_WAIT target=4 elapsed=0s need=2s
LM HO UE=43 rnti=91 5->4 type=TN servingRsrp=-111.037 targetRsrp=-90.4654 targetLoadReal=4/20 targetLoadEff=4/20
UE 44 TTT_WAIT target=6 elapsed=0s need=2s
UE 49 TTT_WAIT target=3 elapsed=0s need=2s
UE 52 TTT_WAIT target=2 elapsed=0s need=2s
UE 56 TTT_WAIT target=1 elapsed=0s need=2s
UE 62 TTT_WAIT target=8 elapsed=0s need=2s
LM HO UE=63 rnti=44 11->8 type=TN servingRsrp=-117.337 targetRsrp=-104.322 targetLoadReal=15/20 targetLoadEff=15/20
UE 64 TTT_WAIT target=8 elapsed=0s need=2s
LM HO UE=68 rnti=32 3->6 type=TN servingRsrp=-123.304 targetRsrp=-104.637 targetLoadReal=13/20 targetLoadEff=14/20
UE 70 TTT_WAIT target=1 elapsed=0s need=2s
LM HO UE=72 rnti=72 2->6 type=TN servingRsrp=-121.288 targetRsrp=-116.834 targetLoadReal=13/20 targetLoadEff=15/20
UE 74 TTT_WAIT target=2 elapsed=0s need=2s
UE 77 TTT_WAIT target=2 elapsed=0s need=2s
UE 80 TTT_WAIT target=7 elapsed=0s need=2s
UE 87 TTT_WAIT target=4 elapsed=0s need=2s
UE 91 TTT_WAIT target=5 elapsed=0s need=2s
UE 92 TTT_WAIT target=4 elapsed=0s need=2s
UE 93 TTT_WAIT target=2 elapsed=0s need=2s
UE 94 TTT_WAIT target=1 elapsed=0s need=2s
UE 96 TTT_WAIT target=2 elapsed=0s need=2s
UE 97 TTT_WAIT target=2 elapsed=0s need=2s
UE 99 TTT_WAIT target=8 elapsed=0s need=2s
UE 101 TTT_WAIT target=4 elapsed=0s need=2s
UE 103 TTT_WAIT target=6 elapsed=0s need=2s
UE 104 TTT_WAIT target=4 elapsed=0s need=2s
UE 105 TTT_WAIT target=3 elapsed=0s need=2s
UE 107 TTT_WAIT target=7 elapsed=0s need=2s
UE 111 TTT_WAIT target=6 elapsed=0s need=2s
UE 115 TTT_WAIT target=1 elapsed=0s need=2s
UE 120 TTT_WAIT target=3 elapsed=0s need=2s
UE 125 TTT_WAIT target=4 elapsed=0s need=2s
UE 127 TTT_WAIT target=12 elapsed=0s need=2s
UE 131 TTT_WAIT target=4 elapsed=0s need=2s
UE 135 TTT_WAIT target=4 elapsed=0s need=2s
UE 138 TTT_WAIT target=2 elapsed=0s need=2s
UE 140 TTT_WAIT target=7 elapsed=0s need=2s
UE 143 TTT_WAIT target=6 elapsed=0s need=2s
UE 144 TTT_WAIT target=7 elapsed=0s need=2s
LM HO UE=149 rnti=15 4->7 type=TN servingRsrp=-100.001 targetRsrp=-96.2092 targetLoadReal=17/20 targetLoadEff=17/20
UE 150 TTT_WAIT target=6 elapsed=0s need=2s
UE 155 TTT_WAIT target=2 elapsed=0s need=2s
UE 157 TTT_WAIT target=5 elapsed=0s need=2s
UE 158 TTT_WAIT target=6 elapsed=0s need=2s
LM HO UE=159 rnti=64 9->4 type=TN servingRsrp=-123.362 targetRsrp=-75.428 targetLoadReal=4/20 targetLoadEff=5/20
LM HO UE=163 rnti=66 6->1 type=TN servingRsrp=-103.233 targetRsrp=-77.0889 targetLoadReal=12/20 targetLoadEff=12/20
UE 165 TTT_WAIT target=6 elapsed=0s need=2s
UE 174 TTT_WAIT target=5 elapsed=0s need=2s
UE 179 TTT_WAIT target=7 elapsed=0s need=2s
UE 180 TTT_WAIT target=8 elapsed=0s need=2s
UE 185 TTT_WAIT target=2 elapsed=0s need=2s
UE 186 TTT_WAIT target=2 elapsed=0s need=2s
UE 188 TTT_WAIT target=2 elapsed=0s need=2s
UE 193 TTT_WAIT target=8 elapsed=0s need=2s
LM HO UE=196 rnti=15 8->2 type=TN servingRsrp=-117.076 targetRsrp=-99.9411 targetLoadReal=12/20 targetLoadEff=13/20
UE 200 TTT_WAIT target=1 elapsed=0s need=2s
UE 204 TTT_WAIT target=5 elapsed=0s need=2s
UE 207 TTT_WAIT target=5 elapsed=0s need=2s
LM HO UE=210 rnti=24 4->3 type=TN servingRsrp=-76.6684 targetRsrp=-72.5976 targetLoadReal=6/20 targetLoadEff=6/20
UE 211 TTT_WAIT target=1 elapsed=0s need=2s
UE 212 TTT_WAIT target=4 elapsed=0s need=2s
UE 215 TTT_WAIT target=3 elapsed=0s need=2s
LM HO UE=216 rnti=23 3->8 type=TN servingRsrp=-104.515 targetRsrp=-82.7499 targetLoadReal=15/20 targetLoadEff=16/20
LM HO UE=217 rnti=62 12->8 type=TN servingRsrp=-126.408 targetRsrp=-82.9492 targetLoadReal=15/20 targetLoadEff=17/20
UE 219 TTT_WAIT target=2 elapsed=0s need=2s
LM HO UE=220 rnti=92 8->3 type=TN servingRsrp=-125.895 targetRsrp=-110.65 targetLoadReal=6/20 targetLoadEff=7/20
LM HO UE=223 rnti=40 7->1 type=TN servingRsrp=-112.821 targetRsrp=-78.4997 targetLoadReal=12/20 targetLoadEff=13/20
UE 224 TTT_WAIT target=4 elapsed=0s need=2s
UE 229 TTT_WAIT target=5 elapsed=0s need=2s
UE 230 TTT_WAIT target=4 elapsed=0s need=2s
LM HO UE=233 rnti=80 11->3 type=TN servingRsrp=-117.307 targetRsrp=-104.107 targetLoadReal=6/20 targetLoadEff=8/20
UE 239 TTT_WAIT target=1 elapsed=0s need=2s
LM HO UE=241 rnti=71 14->5 type=TN servingRsrp=-124.708 targetRsrp=-80.6475 targetLoadReal=15/20 targetLoadEff=15/20
UE 244 TTT_WAIT target=1 elapsed=0s need=2s
---- INIT_ATTACH t=44 UE(imsi)=16 ----
  INIT_ATTACH_FAIL_ALL_LOW_RSRP: UE(imsi)=16 bestRsrp=-130.599 < min=-120 (all cells below threshold) retryIn=2s
---- INIT_ATTACH t=44 UE(imsi)=20 ----
  INIT_ATTACH_FAIL_ALL_LOW_RSRP: UE(imsi)=20 bestRsrp=-150.173 < min=-120 (all cells below threshold) retryIn=2s
---- INIT_ATTACH t=44 UE(imsi)=23 ----
  INIT_ATTACH_FAIL_ALL_LOW_RSRP: UE(imsi)=23 bestRsrp=-142.217 < min=-120 (all cells below threshold) retryIn=2s
---- INIT_ATTACH t=44 UE(imsi)=25 ----
  INIT_ATTACH_FAIL_ALL_LOW_RSRP: UE(imsi)=25 bestRsrp=-124.799 < min=-120 (all cells below threshold) retryIn=2s
---- INIT_ATTACH t=44 UE(imsi)=26 ----
  INIT_ATTACH_FAIL_ALL_LOW_RSRP: UE(imsi)=26 bestRsrp=-148.454 < min=-120 (all cells below threshold) retryIn=2s
---- INIT_ATTACH t=44 UE(imsi)=29 ----
  INIT_ATTACH_FAIL_ALL_LOW_RSRP: UE(imsi)=29 bestRsrp=-150.349 < min=-120 (all cells below threshold) retryIn=2s
---- INIT_ATTACH t=44 UE(imsi)=31 ----
  INIT_ATTACH_FAIL_ALL_LOW_RSRP: UE(imsi)=31 bestRsrp=-132.244 < min=-120 (all cells below threshold) retryIn=2s
---- INIT_ATTACH t=44 UE(imsi)=36 ----
  INIT_ATTACH_FAIL_ALL_LOW_RSRP: UE(imsi)=36 bestRsrp=-137.96 < min=-120 (all cells below threshold) retryIn=2s
---- INIT_ATTACH t=44 UE(imsi)=38 ----
  INIT_ATTACH_FAIL_ALL_LOW_RSRP: UE(imsi)=38 bestRsrp=-147.436 < min=-120 (all cells below threshold) retryIn=2s
---- INIT_ATTACH t=44 UE(imsi)=44 ----
  INIT_ATTACH_FAIL_ALL_LOW_RSRP: UE(imsi)=44 bestRsrp=-134.34 < min=-120 (all cells below threshold) retryIn=2s
---- INIT_ATTACH t=44 UE(imsi)=45 ----
  INIT_ATTACH_FAIL_ALL_LOW_RSRP: UE(imsi)=45 bestRsrp=-128.52 < min=-120 (all cells below threshold) retryIn=2s
---- INIT_ATTACH t=44 UE(imsi)=48 ----
  candOK0 cell=2 rsrp=-105.761 occ=13/20 -> OK
  SELECT cell=2 rsrp=-105.761 occ(afterReserve)=14/20
  INIT_ATTACH_OK: UE(imsi)=48 -> cell=2
---- INIT_ATTACH t=44 UE(imsi)=53 ----
  INIT_ATTACH_FAIL_ALL_LOW_RSRP: UE(imsi)=53 bestRsrp=-139.252 < min=-120 (all cells below threshold) retryIn=2s
---- INIT_ATTACH t=44 UE(imsi)=54 ----
  INIT_ATTACH_FAIL_ALL_LOW_RSRP: UE(imsi)=54 bestRsrp=-138.683 < min=-120 (all cells below threshold) retryIn=2s
---- INIT_ATTACH t=44 UE(imsi)=55 ----
  INIT_ATTACH_FAIL_ALL_LOW_RSRP: UE(imsi)=55 bestRsrp=-154.033 < min=-120 (all cells below threshold) retryIn=2s
---- INIT_ATTACH t=44 UE(imsi)=57 ----
  INIT_ATTACH_FAIL_ALL_LOW_RSRP: UE(imsi)=57 bestRsrp=-125.594 < min=-120 (all cells below threshold) retryIn=2s
---- INIT_ATTACH t=44 UE(imsi)=61 ----
  INIT_ATTACH_FAIL_ALL_LOW_RSRP: UE(imsi)=61 bestRsrp=-139.066 < min=-120 (all cells below threshold) retryIn=2s
---- INIT_ATTACH t=44 UE(imsi)=62 ----
  INIT_ATTACH_FAIL_ALL_LOW_RSRP: UE(imsi)=62 bestRsrp=-121.545 < min=-120 (all cells below threshold) retryIn=2s
---- INIT_ATTACH t=44 UE(imsi)=67 ----
  INIT_ATTACH_FAIL_ALL_LOW_RSRP: UE(imsi)=67 bestRsrp=-137.439 < min=-120 (all cells below threshold) retryIn=2s
---- INIT_ATTACH t=44 UE(imsi)=68 ----
  INIT_ATTACH_FAIL_ALL_LOW_RSRP: UE(imsi)=68 bestRsrp=-136.147 < min=-120 (all cells below threshold) retryIn=2s
---- INIT_ATTACH t=44 UE(imsi)=73 ----
  INIT_ATTACH_FAIL_ALL_LOW_RSRP: UE(imsi)=73 bestRsrp=-145.081 < min=-120 (all cells below threshold) retryIn=2s
---- INIT_ATTACH t=44 UE(imsi)=74 ----
  INIT_ATTACH_FAIL_ALL_LOW_RSRP: UE(imsi)=74 bestRsrp=-143.574 < min=-120 (all cells below threshold) retryIn=2s
---- INIT_ATTACH t=44 UE(imsi)=76 ----
  INIT_ATTACH_FAIL_ALL_LOW_RSRP: UE(imsi)=76 bestRsrp=-139.107 < min=-120 (all cells below threshold) retryIn=2s
---- INIT_ATTACH t=44 UE(imsi)=81 ----
  INIT_ATTACH_FAIL_ALL_LOW_RSRP: UE(imsi)=81 bestRsrp=-141.558 < min=-120 (all cells below threshold) retryIn=2s
---- INIT_ATTACH t=44 UE(imsi)=85 ----
  INIT_ATTACH_FAIL_ALL_LOW_RSRP: UE(imsi)=85 bestRsrp=-140.049 < min=-120 (all cells below threshold) retryIn=2s
---- INIT_ATTACH t=44 UE(imsi)=86 ----
  INIT_ATTACH_FAIL_ALL_LOW_RSRP: UE(imsi)=86 bestRsrp=-125.099 < min=-120 (all cells below threshold) retryIn=2s
---- INIT_ATTACH t=44 UE(imsi)=87 ----
  INIT_ATTACH_FAIL_ALL_LOW_RSRP: UE(imsi)=87 bestRsrp=-135.369 < min=-120 (all cells below threshold) retryIn=2s
---- INIT_ATTACH t=44 UE(imsi)=92 ----
  INIT_ATTACH_FAIL_ALL_LOW_RSRP: UE(imsi)=92 bestRsrp=-127.861 < min=-120 (all cells below threshold) retryIn=2s
---- INIT_ATTACH t=44 UE(imsi)=97 ----
  INIT_ATTACH_FAIL_ALL_LOW_RSRP: UE(imsi)=97 bestRsrp=-143.28 < min=-120 (all cells below threshold) retryIn=2s
---- INIT_ATTACH t=44 UE(imsi)=98 ----
  INIT_ATTACH_FAIL_ALL_LOW_RSRP: UE(imsi)=98 bestRsrp=-129.445 < min=-120 (all cells below threshold) retryIn=2s
---- INIT_ATTACH t=44 UE(imsi)=102 ----
  candOK0 cell=11 rsrp=-107.045 occ=8/10 -> OK
  candOK1 cell=14 rsrp=-119.639 occ=9/10 -> OK
  SELECT cell=11 rsrp=-107.045 occ(afterReserve)=9/10
  INIT_ATTACH_OK: UE(imsi)=102 -> cell=11
---- INIT_ATTACH t=44 UE(imsi)=109 ----
  INIT_ATTACH_FAIL_ALL_LOW_RSRP: UE(imsi)=109 bestRsrp=-128.692 < min=-120 (all cells below threshold) retryIn=2s
---- INIT_ATTACH t=44 UE(imsi)=116 ----
  INIT_ATTACH_FAIL_ALL_LOW_RSRP: UE(imsi)=116 bestRsrp=-152.001 < min=-120 (all cells below threshold) retryIn=2s
---- INIT_ATTACH t=44 UE(imsi)=119 ----
  INIT_ATTACH_FAIL_ALL_LOW_RSRP: UE(imsi)=119 bestRsrp=-138.295 < min=-120 (all cells below threshold) retryIn=2s
---- INIT_ATTACH t=44 UE(imsi)=120 ----
  INIT_ATTACH_FAIL_ALL_LOW_RSRP: UE(imsi)=120 bestRsrp=-140.124 < min=-120 (all cells below threshold) retryIn=2s
---- INIT_ATTACH t=44 UE(imsi)=122 ----
  INIT_ATTACH_FAIL_ALL_LOW_RSRP: UE(imsi)=122 bestRsrp=-144.919 < min=-120 (all cells below threshold) retryIn=2s
---- INIT_ATTACH t=44 UE(imsi)=135 ----
  INIT_ATTACH_FAIL_ALL_LOW_RSRP: UE(imsi)=135 bestRsrp=-131.422 < min=-120 (all cells below threshold) retryIn=2s
---- INIT_ATTACH t=44 UE(imsi)=136 ----
  INIT_ATTACH_FAIL_ALL_LOW_RSRP: UE(imsi)=136 bestRsrp=-144.339 < min=-120 (all cells below threshold) retryIn=2s
---- INIT_ATTACH t=44 UE(imsi)=138 ----
  INIT_ATTACH_FAIL_ALL_LOW_RSRP: UE(imsi)=138 bestRsrp=-144.732 < min=-120 (all cells below threshold) retryIn=2s
---- INIT_ATTACH t=44 UE(imsi)=140 ----
  INIT_ATTACH_FAIL_ALL_LOW_RSRP: UE(imsi)=140 bestRsrp=-140.799 < min=-120 (all cells below threshold) retryIn=2s
---- INIT_ATTACH t=44 UE(imsi)=142 ----
  INIT_ATTACH_FAIL_ALL_LOW_RSRP: UE(imsi)=142 bestRsrp=-136.244 < min=-120 (all cells below threshold) retryIn=2s
---- INIT_ATTACH t=44 UE(imsi)=144 ----
  INIT_ATTACH_FAIL_ALL_LOW_RSRP: UE(imsi)=144 bestRsrp=-150.124 < min=-120 (all cells below threshold) retryIn=2s
---- INIT_ATTACH t=44 UE(imsi)=146 ----
  INIT_ATTACH_FAIL_ALL_LOW_RSRP: UE(imsi)=146 bestRsrp=-131.432 < min=-120 (all cells below threshold) retryIn=2s
---- INIT_ATTACH t=44 UE(imsi)=150 ----
  INIT_ATTACH_FAIL_ALL_LOW_RSRP: UE(imsi)=150 bestRsrp=-146.222 < min=-120 (all cells below threshold) retryIn=2s
---- INIT_ATTACH t=44 UE(imsi)=151 ----
  INIT_ATTACH_FAIL_ALL_LOW_RSRP: UE(imsi)=151 bestRsrp=-146.774 < min=-120 (all cells below threshold) retryIn=2s
---- INIT_ATTACH t=44 UE(imsi)=164 ----
  INIT_ATTACH_FAIL_ALL_LOW_RSRP: UE(imsi)=164 bestRsrp=-141.004 < min=-120 (all cells below threshold) retryIn=2s
---- INIT_ATTACH t=44 UE(imsi)=165 ----
  INIT_ATTACH_FAIL_ALL_LOW_RSRP: UE(imsi)=165 bestRsrp=-145.371 < min=-120 (all cells below threshold) retryIn=2s
---- INIT_ATTACH t=44 UE(imsi)=169 ----
  INIT_ATTACH_FAIL_ALL_LOW_RSRP: UE(imsi)=169 bestRsrp=-142.204 < min=-120 (all cells below threshold) retryIn=2s
---- INIT_ATTACH t=44 UE(imsi)=171 ----
  INIT_ATTACH_FAIL_ALL_LOW_RSRP: UE(imsi)=171 bestRsrp=-147.958 < min=-120 (all cells below threshold) retryIn=2s
---- INIT_ATTACH t=44 UE(imsi)=173 ----
  INIT_ATTACH_FAIL_ALL_LOW_RSRP: UE(imsi)=173 bestRsrp=-134.53 < min=-120 (all cells below threshold) retryIn=2s
---- INIT_ATTACH t=44 UE(imsi)=174 ----
  INIT_ATTACH_FAIL_ALL_LOW_RSRP: UE(imsi)=174 bestRsrp=-130.969 < min=-120 (all cells below threshold) retryIn=2s
---- INIT_ATTACH t=44 UE(imsi)=179 ----
  INIT_ATTACH_FAIL_ALL_LOW_RSRP: UE(imsi)=179 bestRsrp=-144.698 < min=-120 (all cells below threshold) retryIn=2s
---- INIT_ATTACH t=44 UE(imsi)=181 ----
  INIT_ATTACH_FAIL_ALL_LOW_RSRP: UE(imsi)=181 bestRsrp=-143.642 < min=-120 (all cells below threshold) retryIn=2s
---- INIT_ATTACH t=44 UE(imsi)=183 ----
  INIT_ATTACH_FAIL_ALL_LOW_RSRP: UE(imsi)=183 bestRsrp=-139.883 < min=-120 (all cells below threshold) retryIn=2s
---- INIT_ATTACH t=44 UE(imsi)=185 ----
  INIT_ATTACH_FAIL_ALL_LOW_RSRP: UE(imsi)=185 bestRsrp=-142.387 < min=-120 (all cells below threshold) retryIn=2s
---- INIT_ATTACH t=44 UE(imsi)=187 ----
  INIT_ATTACH_FAIL_ALL_LOW_RSRP: UE(imsi)=187 bestRsrp=-127.549 < min=-120 (all cells below threshold) retryIn=2s
---- INIT_ATTACH t=44 UE(imsi)=192 ----
  INIT_ATTACH_FAIL_ALL_LOW_RSRP: UE(imsi)=192 bestRsrp=-151.447 < min=-120 (all cells below threshold) retryIn=2s
---- INIT_ATTACH t=44 UE(imsi)=195 ----
  INIT_ATTACH_FAIL_ALL_LOW_RSRP: UE(imsi)=195 bestRsrp=-142.387 < min=-120 (all cells below threshold) retryIn=2s
---- INIT_ATTACH t=44 UE(imsi)=197 ----
  INIT_ATTACH_FAIL_ALL_LOW_RSRP: UE(imsi)=197 bestRsrp=-143.824 < min=-120 (all cells below threshold) retryIn=2s
---- INIT_ATTACH t=44 UE(imsi)=198 ----
  INIT_ATTACH_FAIL_ALL_LOW_RSRP: UE(imsi)=198 bestRsrp=-131.588 < min=-120 (all cells below threshold) retryIn=2s
---- INIT_ATTACH t=44 UE(imsi)=199 ----
  INIT_ATTACH_FAIL_ALL_LOW_RSRP: UE(imsi)=199 bestRsrp=-141.493 < min=-120 (all cells below threshold) retryIn=2s
---- INIT_ATTACH t=44 UE(imsi)=200 ----
  INIT_ATTACH_FAIL_ALL_LOW_RSRP: UE(imsi)=200 bestRsrp=-144.883 < min=-120 (all cells below threshold) retryIn=2s
---- INIT_ATTACH t=44 UE(imsi)=202 ----
  INIT_ATTACH_FAIL_ALL_LOW_RSRP: UE(imsi)=202 bestRsrp=-148.254 < min=-120 (all cells below threshold) retryIn=2s
---- INIT_ATTACH t=44 UE(imsi)=203 ----
  INIT_ATTACH_FAIL_ALL_LOW_RSRP: UE(imsi)=203 bestRsrp=-151.371 < min=-120 (all cells below threshold) retryIn=2s
---- INIT_ATTACH t=44 UE(imsi)=204 ----
  INIT_ATTACH_FAIL_ALL_LOW_RSRP: UE(imsi)=204 bestRsrp=-144.623 < min=-120 (all cells below threshold) retryIn=2s
---- INIT_ATTACH t=44 UE(imsi)=212 ----
  INIT_ATTACH_FAIL_ALL_LOW_RSRP: UE(imsi)=212 bestRsrp=-135.243 < min=-120 (all cells below threshold) retryIn=2s
---- INIT_ATTACH t=44 UE(imsi)=214 ----
  INIT_ATTACH_FAIL_ALL_LOW_RSRP: UE(imsi)=214 bestRsrp=-141.385 < min=-120 (all cells below threshold) retryIn=2s
---- INIT_ATTACH t=44 UE(imsi)=220 ----
  INIT_ATTACH_FAIL_ALL_LOW_RSRP: UE(imsi)=220 bestRsrp=-152.036 < min=-120 (all cells below threshold) retryIn=2s
---- INIT_ATTACH t=44 UE(imsi)=224 ----
  INIT_ATTACH_FAIL_ALL_LOW_RSRP: UE(imsi)=224 bestRsrp=-155.761 < min=-120 (all cells below threshold) retryIn=2s
---- INIT_ATTACH t=44 UE(imsi)=227 ----
  INIT_ATTACH_FAIL_ALL_LOW_RSRP: UE(imsi)=227 bestRsrp=-133.402 < min=-120 (all cells below threshold) retryIn=2s
---- INIT_ATTACH t=44 UE(imsi)=230 ----
  INIT_ATTACH_FAIL_ALL_LOW_RSRP: UE(imsi)=230 bestRsrp=-141.255 < min=-120 (all cells below threshold) retryIn=2s
---- INIT_ATTACH t=44 UE(imsi)=231 ----
  INIT_ATTACH_FAIL_ALL_LOW_RSRP: UE(imsi)=231 bestRsrp=-134.846 < min=-120 (all cells below threshold) retryIn=2s
---- INIT_ATTACH t=44 UE(imsi)=232 ----
  INIT_ATTACH_FAIL_ALL_LOW_RSRP: UE(imsi)=232 bestRsrp=-139.749 < min=-120 (all cells below threshold) retryIn=2s
---- INIT_ATTACH t=44 UE(imsi)=233 ----
  INIT_ATTACH_FAIL_ALL_LOW_RSRP: UE(imsi)=233 bestRsrp=-143.081 < min=-120 (all cells below threshold) retryIn=2s
---- INIT_ATTACH t=44 UE(imsi)=237 ----
  INIT_ATTACH_FAIL_ALL_LOW_RSRP: UE(imsi)=237 bestRsrp=-147.102 < min=-120 (all cells below threshold) retryIn=2s
---- INIT_ATTACH t=44 UE(imsi)=238 ----
  INIT_ATTACH_FAIL_ALL_LOW_RSRP: UE(imsi)=238 bestRsrp=-139.102 < min=-120 (all cells below threshold) retryIn=2s
---- INIT_ATTACH t=44 UE(imsi)=240 ----
  INIT_ATTACH_FAIL_ALL_LOW_RSRP: UE(imsi)=240 bestRsrp=-143.197 < min=-120 (all cells below threshold) retryIn=2s
---- INIT_ATTACH t=46 UE(imsi)=16 ----
  INIT_ATTACH_FAIL_ALL_LOW_RSRP: UE(imsi)=16 bestRsrp=-130.756 < min=-120 (all cells below threshold) retryIn=2s
---- INIT_ATTACH t=46 UE(imsi)=20 ----
  INIT_ATTACH_FAIL_ALL_LOW_RSRP: UE(imsi)=20 bestRsrp=-151.353 < min=-120 (all cells below threshold) retryIn=2s
---- INIT_ATTACH t=46 UE(imsi)=23 ----
  INIT_ATTACH_FAIL_ALL_LOW_RSRP: UE(imsi)=23 bestRsrp=-143.979 < min=-120 (all cells below threshold) retryIn=2s
---- INIT_ATTACH t=46 UE(imsi)=25 ----
  INIT_ATTACH_FAIL_ALL_LOW_RSRP: UE(imsi)=25 bestRsrp=-131.852 < min=-120 (all cells below threshold) retryIn=2s
---- INIT_ATTACH t=46 UE(imsi)=26 ----
  INIT_ATTACH_FAIL_ALL_LOW_RSRP: UE(imsi)=26 bestRsrp=-144.71 < min=-120 (all cells below threshold) retryIn=2s
---- INIT_ATTACH t=46 UE(imsi)=29 ----
  INIT_ATTACH_FAIL_ALL_LOW_RSRP: UE(imsi)=29 bestRsrp=-152.918 < min=-120 (all cells below threshold) retryIn=2s
---- INIT_ATTACH t=46 UE(imsi)=31 ----
  INIT_ATTACH_FAIL_ALL_LOW_RSRP: UE(imsi)=31 bestRsrp=-130.759 < min=-120 (all cells below threshold) retryIn=2s
---- INIT_ATTACH t=46 UE(imsi)=36 ----
  INIT_ATTACH_FAIL_ALL_LOW_RSRP: UE(imsi)=36 bestRsrp=-136.743 < min=-120 (all cells below threshold) retryIn=2s
---- INIT_ATTACH t=46 UE(imsi)=38 ----
  INIT_ATTACH_FAIL_ALL_LOW_RSRP: UE(imsi)=38 bestRsrp=-145.94 < min=-120 (all cells below threshold) retryIn=2s
---- INIT_ATTACH t=46 UE(imsi)=44 ----
  INIT_ATTACH_FAIL_ALL_LOW_RSRP: UE(imsi)=44 bestRsrp=-134.201 < min=-120 (all cells below threshold) retryIn=2s
---- INIT_ATTACH t=46 UE(imsi)=45 ----
  INIT_ATTACH_FAIL_ALL_LOW_RSRP: UE(imsi)=45 bestRsrp=-129.091 < min=-120 (all cells below threshold) retryIn=2s
---- INIT_ATTACH t=46 UE(imsi)=53 ----
  INIT_ATTACH_FAIL_ALL_LOW_RSRP: UE(imsi)=53 bestRsrp=-139.946 < min=-120 (all cells below threshold) retryIn=2s
---- INIT_ATTACH t=46 UE(imsi)=54 ----
  INIT_ATTACH_FAIL_ALL_LOW_RSRP: UE(imsi)=54 bestRsrp=-121.8 < min=-120 (all cells below threshold) retryIn=2s
---- INIT_ATTACH t=46 UE(imsi)=55 ----
  INIT_ATTACH_FAIL_ALL_LOW_RSRP: UE(imsi)=55 bestRsrp=-155.594 < min=-120 (all cells below threshold) retryIn=2s
---- INIT_ATTACH t=46 UE(imsi)=57 ----
  INIT_ATTACH_FAIL_ALL_LOW_RSRP: UE(imsi)=57 bestRsrp=-123.623 < min=-120 (all cells below threshold) retryIn=2s
---- INIT_ATTACH t=46 UE(imsi)=61 ----
  INIT_ATTACH_FAIL_ALL_LOW_RSRP: UE(imsi)=61 bestRsrp=-139.244 < min=-120 (all cells below threshold) retryIn=2s
---- INIT_ATTACH t=46 UE(imsi)=62 ----
  INIT_ATTACH_FAIL_ALL_LOW_RSRP: UE(imsi)=62 bestRsrp=-131.944 < min=-120 (all cells below threshold) retryIn=2s
---- INIT_ATTACH t=46 UE(imsi)=67 ----
  INIT_ATTACH_FAIL_ALL_LOW_RSRP: UE(imsi)=67 bestRsrp=-140.882 < min=-120 (all cells below threshold) retryIn=2s
---- INIT_ATTACH t=46 UE(imsi)=68 ----
  INIT_ATTACH_FAIL_ALL_LOW_RSRP: UE(imsi)=68 bestRsrp=-135.82 < min=-120 (all cells below threshold) retryIn=2s
---- INIT_ATTACH t=46 UE(imsi)=73 ----
  INIT_ATTACH_FAIL_ALL_LOW_RSRP: UE(imsi)=73 bestRsrp=-143.19 < min=-120 (all cells below threshold) retryIn=2s
---- INIT_ATTACH t=46 UE(imsi)=74 ----
  INIT_ATTACH_FAIL_ALL_LOW_RSRP: UE(imsi)=74 bestRsrp=-139.191 < min=-120 (all cells below threshold) retryIn=2s
---- INIT_ATTACH t=46 UE(imsi)=76 ----
  INIT_ATTACH_FAIL_ALL_LOW_RSRP: UE(imsi)=76 bestRsrp=-139.515 < min=-120 (all cells below threshold) retryIn=2s
---- INIT_ATTACH t=46 UE(imsi)=81 ----
  INIT_ATTACH_FAIL_ALL_LOW_RSRP: UE(imsi)=81 bestRsrp=-139.564 < min=-120 (all cells below threshold) retryIn=2s
---- INIT_ATTACH t=46 UE(imsi)=85 ----
  INIT_ATTACH_FAIL_ALL_LOW_RSRP: UE(imsi)=85 bestRsrp=-142.676 < min=-120 (all cells below threshold) retryIn=2s
---- INIT_ATTACH t=46 UE(imsi)=86 ----
  INIT_ATTACH_FAIL_ALL_LOW_RSRP: UE(imsi)=86 bestRsrp=-126.703 < min=-120 (all cells below threshold) retryIn=2s
---- INIT_ATTACH t=46 UE(imsi)=87 ----
  INIT_ATTACH_FAIL_ALL_LOW_RSRP: UE(imsi)=87 bestRsrp=-135.244 < min=-120 (all cells below threshold) retryIn=2s
---- INIT_ATTACH t=46 UE(imsi)=92 ----
  INIT_ATTACH_FAIL_ALL_LOW_RSRP: UE(imsi)=92 bestRsrp=-128.655 < min=-120 (all cells below threshold) retryIn=2s
---- INIT_ATTACH t=46 UE(imsi)=97 ----
  INIT_ATTACH_FAIL_ALL_LOW_RSRP: UE(imsi)=97 bestRsrp=-144.111 < min=-120 (all cells below threshold) retryIn=2s
---- INIT_ATTACH t=46 UE(imsi)=98 ----
  INIT_ATTACH_FAIL_ALL_LOW_RSRP: UE(imsi)=98 bestRsrp=-127.794 < min=-120 (all cells below threshold) retryIn=2s
---- INIT_ATTACH t=46 UE(imsi)=109 ----
  INIT_ATTACH_FAIL_ALL_LOW_RSRP: UE(imsi)=109 bestRsrp=-130.791 < min=-120 (all cells below threshold) retryIn=2s
---- INIT_ATTACH t=46 UE(imsi)=116 ----
  INIT_ATTACH_FAIL_ALL_LOW_RSRP: UE(imsi)=116 bestRsrp=-150.743 < min=-120 (all cells below threshold) retryIn=2s
---- INIT_ATTACH t=46 UE(imsi)=119 ----
  INIT_ATTACH_FAIL_ALL_LOW_RSRP: UE(imsi)=119 bestRsrp=-138.755 < min=-120 (all cells below threshold) retryIn=2s
---- INIT_ATTACH t=46 UE(imsi)=120 ----
  INIT_ATTACH_FAIL_ALL_LOW_RSRP: UE(imsi)=120 bestRsrp=-137.761 < min=-120 (all cells below threshold) retryIn=2s
---- INIT_ATTACH t=46 UE(imsi)=122 ----
  INIT_ATTACH_FAIL_ALL_LOW_RSRP: UE(imsi)=122 bestRsrp=-145.485 < min=-120 (all cells below threshold) retryIn=2s
---- INIT_ATTACH t=46 UE(imsi)=135 ----
  candOK0 cell=7 rsrp=-119.841 occ=17/20 -> OK
  SELECT cell=7 rsrp=-119.841 occ(afterReserve)=18/20
  INIT_ATTACH_OK: UE(imsi)=135 -> cell=7
---- INIT_ATTACH t=46 UE(imsi)=136 ----
  INIT_ATTACH_FAIL_ALL_LOW_RSRP: UE(imsi)=136 bestRsrp=-145.873 < min=-120 (all cells below threshold) retryIn=2s
---- INIT_ATTACH t=46 UE(imsi)=138 ----
  INIT_ATTACH_FAIL_ALL_LOW_RSRP: UE(imsi)=138 bestRsrp=-142.774 < min=-120 (all cells below threshold) retryIn=2s
---- INIT_ATTACH t=46 UE(imsi)=140 ----
  candOK0 cell=11 rsrp=-114.502 occ=9/10 -> OK
  SELECT cell=11 rsrp=-114.502 occ(afterReserve)=10/10
  INIT_ATTACH_OK: UE(imsi)=140 -> cell=11
---- INIT_ATTACH t=46 UE(imsi)=142 ----
  INIT_ATTACH_FAIL_ALL_LOW_RSRP: UE(imsi)=142 bestRsrp=-136.736 < min=-120 (all cells below threshold) retryIn=2s
---- INIT_ATTACH t=46 UE(imsi)=144 ----
  INIT_ATTACH_FAIL_ALL_LOW_RSRP: UE(imsi)=144 bestRsrp=-148.22 < min=-120 (all cells below threshold) retryIn=2s
---- INIT_ATTACH t=46 UE(imsi)=146 ----
  INIT_ATTACH_FAIL_ALL_LOW_RSRP: UE(imsi)=146 bestRsrp=-131.486 < min=-120 (all cells below threshold) retryIn=2s
---- INIT_ATTACH t=46 UE(imsi)=150 ----
  candOK0 cell=11 rsrp=-116.383 occ=10/10 -> SKIP_FULL
  INIT_ATTACH_FAIL_ALL_FULL: UE(imsi)=150 rsrpOk=1 (all RSRP>=min but full or invalid) retryIn=2s
---- INIT_ATTACH t=46 UE(imsi)=151 ----
  INIT_ATTACH_FAIL_ALL_LOW_RSRP: UE(imsi)=151 bestRsrp=-146.536 < min=-120 (all cells below threshold) retryIn=2s
---- INIT_ATTACH t=46 UE(imsi)=164 ----
  INIT_ATTACH_FAIL_ALL_LOW_RSRP: UE(imsi)=164 bestRsrp=-141.723 < min=-120 (all cells below threshold) retryIn=2s
---- INIT_ATTACH t=46 UE(imsi)=165 ----
  INIT_ATTACH_FAIL_ALL_LOW_RSRP: UE(imsi)=165 bestRsrp=-144.787 < min=-120 (all cells below threshold) retryIn=2s
---- INIT_ATTACH t=46 UE(imsi)=169 ----
  INIT_ATTACH_FAIL_ALL_LOW_RSRP: UE(imsi)=169 bestRsrp=-143.983 < min=-120 (all cells below threshold) retryIn=2s
---- INIT_ATTACH t=46 UE(imsi)=171 ----
  INIT_ATTACH_FAIL_ALL_LOW_RSRP: UE(imsi)=171 bestRsrp=-146.925 < min=-120 (all cells below threshold) retryIn=2s
---- INIT_ATTACH t=46 UE(imsi)=173 ----
  INIT_ATTACH_FAIL_ALL_LOW_RSRP: UE(imsi)=173 bestRsrp=-133.222 < min=-120 (all cells below threshold) retryIn=2s
---- INIT_ATTACH t=46 UE(imsi)=174 ----
  INIT_ATTACH_FAIL_ALL_LOW_RSRP: UE(imsi)=174 bestRsrp=-139.933 < min=-120 (all cells below threshold) retryIn=2s
---- INIT_ATTACH t=46 UE(imsi)=179 ----
  INIT_ATTACH_FAIL_ALL_LOW_RSRP: UE(imsi)=179 bestRsrp=-148.215 < min=-120 (all cells below threshold) retryIn=2s
---- INIT_ATTACH t=46 UE(imsi)=181 ----
  INIT_ATTACH_FAIL_ALL_LOW_RSRP: UE(imsi)=181 bestRsrp=-144.712 < min=-120 (all cells below threshold) retryIn=2s
---- INIT_ATTACH t=46 UE(imsi)=183 ----
  INIT_ATTACH_FAIL_ALL_LOW_RSRP: UE(imsi)=183 bestRsrp=-141.817 < min=-120 (all cells below threshold) retryIn=2s
---- INIT_ATTACH t=46 UE(imsi)=185 ----
  INIT_ATTACH_FAIL_ALL_LOW_RSRP: UE(imsi)=185 bestRsrp=-145.343 < min=-120 (all cells below threshold) retryIn=2s
---- INIT_ATTACH t=46 UE(imsi)=187 ----
  INIT_ATTACH_FAIL_ALL_LOW_RSRP: UE(imsi)=187 bestRsrp=-127.532 < min=-120 (all cells below threshold) retryIn=2s
---- INIT_ATTACH t=46 UE(imsi)=192 ----
  INIT_ATTACH_FAIL_ALL_LOW_RSRP: UE(imsi)=192 bestRsrp=-152.016 < min=-120 (all cells below threshold) retryIn=2s
---- INIT_ATTACH t=46 UE(imsi)=195 ----
  INIT_ATTACH_FAIL_ALL_LOW_RSRP: UE(imsi)=195 bestRsrp=-132.268 < min=-120 (all cells below threshold) retryIn=2s
---- INIT_ATTACH t=46 UE(imsi)=197 ----
  INIT_ATTACH_FAIL_ALL_LOW_RSRP: UE(imsi)=197 bestRsrp=-144.924 < min=-120 (all cells below threshold) retryIn=2s
---- INIT_ATTACH t=46 UE(imsi)=198 ----
  INIT_ATTACH_FAIL_ALL_LOW_RSRP: UE(imsi)=198 bestRsrp=-128.548 < min=-120 (all cells below threshold) retryIn=2s
---- INIT_ATTACH t=46 UE(imsi)=199 ----
  INIT_ATTACH_FAIL_ALL_LOW_RSRP: UE(imsi)=199 bestRsrp=-142.96 < min=-120 (all cells below threshold) retryIn=2s
---- INIT_ATTACH t=46 UE(imsi)=200 ----
  INIT_ATTACH_FAIL_ALL_LOW_RSRP: UE(imsi)=200 bestRsrp=-146.242 < min=-120 (all cells below threshold) retryIn=2s
---- INIT_ATTACH t=46 UE(imsi)=202 ----
  INIT_ATTACH_FAIL_ALL_LOW_RSRP: UE(imsi)=202 bestRsrp=-148.14 < min=-120 (all cells below threshold) retryIn=2s
---- INIT_ATTACH t=46 UE(imsi)=203 ----
  INIT_ATTACH_FAIL_ALL_LOW_RSRP: UE(imsi)=203 bestRsrp=-151.043 < min=-120 (all cells below threshold) retryIn=2s
---- INIT_ATTACH t=46 UE(imsi)=204 ----
  INIT_ATTACH_FAIL_ALL_LOW_RSRP: UE(imsi)=204 bestRsrp=-141.521 < min=-120 (all cells below threshold) retryIn=2s
---- INIT_ATTACH t=46 UE(imsi)=212 ----
  INIT_ATTACH_FAIL_ALL_LOW_RSRP: UE(imsi)=212 bestRsrp=-136.052 < min=-120 (all cells below threshold) retryIn=2s
---- INIT_ATTACH t=46 UE(imsi)=214 ----
  INIT_ATTACH_FAIL_ALL_LOW_RSRP: UE(imsi)=214 bestRsrp=-140.397 < min=-120 (all cells below threshold) retryIn=2s
---- INIT_ATTACH t=46 UE(imsi)=220 ----
  INIT_ATTACH_FAIL_ALL_LOW_RSRP: UE(imsi)=220 bestRsrp=-150.535 < min=-120 (all cells below threshold) retryIn=2s
---- INIT_ATTACH t=46 UE(imsi)=224 ----
  INIT_ATTACH_FAIL_ALL_LOW_RSRP: UE(imsi)=224 bestRsrp=-122.317 < min=-120 (all cells below threshold) retryIn=2s
---- INIT_ATTACH t=46 UE(imsi)=227 ----
  INIT_ATTACH_FAIL_ALL_LOW_RSRP: UE(imsi)=227 bestRsrp=-133.063 < min=-120 (all cells below threshold) retryIn=2s
---- INIT_ATTACH t=46 UE(imsi)=230 ----
  INIT_ATTACH_FAIL_ALL_LOW_RSRP: UE(imsi)=230 bestRsrp=-141.595 < min=-120 (all cells below threshold) retryIn=2s
---- INIT_ATTACH t=46 UE(imsi)=231 ----
  INIT_ATTACH_FAIL_ALL_LOW_RSRP: UE(imsi)=231 bestRsrp=-136.757 < min=-120 (all cells below threshold) retryIn=2s
---- INIT_ATTACH t=46 UE(imsi)=232 ----
  INIT_ATTACH_FAIL_ALL_LOW_RSRP: UE(imsi)=232 bestRsrp=-137.737 < min=-120 (all cells below threshold) retryIn=2s
---- INIT_ATTACH t=46 UE(imsi)=233 ----
  INIT_ATTACH_FAIL_ALL_LOW_RSRP: UE(imsi)=233 bestRsrp=-144.062 < min=-120 (all cells below threshold) retryIn=2s
---- INIT_ATTACH t=46 UE(imsi)=237 ----
  INIT_ATTACH_FAIL_ALL_LOW_RSRP: UE(imsi)=237 bestRsrp=-143.869 < min=-120 (all cells below threshold) retryIn=2s
---- INIT_ATTACH t=46 UE(imsi)=238 ----
  INIT_ATTACH_FAIL_ALL_LOW_RSRP: UE(imsi)=238 bestRsrp=-138.437 < min=-120 (all cells below threshold) retryIn=2s
---- INIT_ATTACH t=46 UE(imsi)=240 ----
  INIT_ATTACH_FAIL_ALL_LOW_RSRP: UE(imsi)=240 bestRsrp=-140.535 < min=-120 (all cells below threshold) retryIn=2s
---- LOAD at t=47.5 ----
  cell 1 (TN) load=14/20
  cell 2 (TN) load=14/20
  cell 3 (TN) load=7/20
  cell 4 (TN) load=4/20
  cell 5 (TN) load=14/20
  cell 6 (TN) load=15/20
  cell 7 (TN) load=18/20
  cell 8 (TN) load=16/20
  cell 9 (NTN) load=9/10
  cell 10 (NTN) load=10/10
  cell 11 (NTN) load=10/10
  cell 12 (NTN) load=7/10
  cell 13 (NTN) load=10/10
  cell 14 (NTN) load=9/10
UE 15 TTT_WAIT target=6 elapsed=0s need=2s
UE 18 TTT_WAIT target=4 elapsed=0s need=2s
LM HO_FAIL_LOW_RSRP UE=19 currCell=12 candCell=14 candRsrp=-121.323 < min=-120
UE 21 TTT_WAIT target=8 elapsed=0s need=2s
UE 23 TTT_WAIT target=2 elapsed=0s need=2s
UE 25 TTT_WAIT target=1 elapsed=0s need=2s
UE 26 TTT_WAIT target=2 elapsed=0s need=2s
UE 27 TTT_WAIT target=8 elapsed=0s need=2s
UE 29 TTT_WAIT target=5 elapsed=0s need=2s
UE 31 TTT_WAIT target=7 elapsed=0s need=2s
UE 33 TTT_WAIT target=6 elapsed=0s need=2s
UE 34 TTT_WAIT target=2 elapsed=0s need=2s
LM HO_FAIL_LOW_RSRP UE=35 currCell=6 candCell=5 candRsrp=-127.036 < min=-120
UE 38 TTT_WAIT target=6 elapsed=0s need=2s
UE 39 TTT_WAIT target=4 elapsed=0s need=2s
UE 40 TTT_WAIT target=6 elapsed=0s need=2s
UE 41 TTT_WAIT target=7 elapsed=0s need=2s
UE 42 TTT_WAIT target=4 elapsed=0s need=2s
UE 43 TTT_WAIT target=8 elapsed=0s need=2s
UE 44 TTT_WAIT target=9 elapsed=0s need=2s
UE 46 TTT_WAIT target=4 elapsed=0s need=2s
UE 47 TTT_WAIT target=3 elapsed=0s need=2s
UE 49 TTT_WAIT target=5 elapsed=0s need=2s
UE 52 TTT_WAIT target=5 elapsed=0s need=2s
UE 53 TTT_WAIT target=9 elapsed=0s need=2s
UE 54 TTT_WAIT target=4 elapsed=0s need=2s
UE 62 TTT_WAIT target=1 elapsed=0s need=2s
UE 63 TTT_WAIT target=3 elapsed=0s need=2s
UE 64 TTT_WAIT target=4 elapsed=0s need=2s
UE 68 TTT_WAIT target=14 elapsed=0s need=2s
LM HO UE=70 rnti=82 2->1 type=TN servingRsrp=-112.427 targetRsrp=-77.8157 targetLoadReal=14/20 targetLoadEff=14/20
UE 72 TTT_WAIT target=1 elapsed=0s need=2s
UE 74 TTT_WAIT target=1 elapsed=0s need=2s
UE 76 TTT_WAIT target=4 elapsed=0s need=2s
UE 77 TTT_WAIT target=6 elapsed=0s need=2s
UE 82 TTT_WAIT target=2 elapsed=0s need=2s
UE 91 TTT_WAIT target=2 elapsed=0s need=2s
UE 92 TTT_WAIT target=5 elapsed=0s need=2s
UE 93 TTT_WAIT target=8 elapsed=0s need=2s
UE 95 TTT_WAIT target=14 elapsed=0s need=2s
UE 97 TTT_WAIT target=8 elapsed=0s need=2s
UE 99 TTT_WAIT target=6 elapsed=0s need=2s
LM HO UE=101 rnti=37 8->4 type=TN servingRsrp=-108.722 targetRsrp=-89.7978 targetLoadReal=4/20 targetLoadEff=4/20
UE 102 TTT_WAIT target=6 elapsed=0s need=2s
UE 103 TTT_WAIT target=8 elapsed=0s need=2s
UE 104 TTT_WAIT target=6 elapsed=0s need=2s
UE 105 TTT_WAIT target=8 elapsed=0s need=2s
UE 107 TTT_WAIT target=8 elapsed=0s need=2s
UE 108 TTT_WAIT target=5 elapsed=0s need=2s
LM HO UE=111 rnti=88 10->6 type=TN servingRsrp=-134.402 targetRsrp=-73.4162 targetLoadReal=15/20 targetLoadEff=15/20
UE 121 TTT_WAIT target=5 elapsed=0s need=2s
UE 122 TTT_WAIT target=7 elapsed=0s need=2s
LM HO UE=125 rnti=34 7->4 type=TN servingRsrp=-107.753 targetRsrp=-81.0918 targetLoadReal=4/20 targetLoadEff=5/20
UE 127 TTT_WAIT target=3 elapsed=0s need=2s
UE 128 TTT_WAIT target=5 elapsed=0s need=2s
UE 130 TTT_WAIT target=6 elapsed=0s need=2s
UE 131 TTT_WAIT target=5 elapsed=0s need=2s
UE 135 TTT_WAIT target=1 elapsed=0s need=2s
UE 137 TTT_WAIT target=3 elapsed=0s need=2s
LM HO UE=140 rnti=58 6->7 type=TN servingRsrp=-119.237 targetRsrp=-93.0285 targetLoadReal=18/20 targetLoadEff=18/20
UE 143 TTT_WAIT target=3 elapsed=0s need=2s
UE 144 TTT_WAIT target=2 elapsed=0s need=2s
UE 146 TTT_WAIT target=3 elapsed=0s need=2s
UE 148 TTT_WAIT target=2 elapsed=0s need=2s
UE 149 TTT_WAIT target=6 elapsed=0s need=2s
LM HO UE=150 rnti=70 8->6 type=TN servingRsrp=-110.122 targetRsrp=-89.7863 targetLoadReal=15/20 targetLoadEff=16/20
UE 151 TTT_WAIT target=12 elapsed=0s need=2s
UE 153 TTT_WAIT target=3 elapsed=0s need=2s
UE 155 TTT_WAIT target=4 elapsed=0s need=2s
UE 156 TTT_WAIT target=8 elapsed=0s need=2s
UE 157 TTT_WAIT target=1 elapsed=0s need=2s
UE 159 TTT_WAIT target=6 elapsed=0s need=2s
UE 163 TTT_WAIT target=6 elapsed=0s need=2s
UE 164 TTT_WAIT target=7 elapsed=0s need=2s
UE 165 TTT_WAIT target=4 elapsed=0s need=2s
UE 175 TTT_WAIT target=12 elapsed=0s need=2s
LM HO UE=179 rnti=84 2->7 type=TN servingRsrp=-133.218 targetRsrp=-81.0534 targetLoadReal=18/20 targetLoadEff=19/20
UE 187 TTT_WAIT target=12 elapsed=0s need=2s
UE 188 TTT_WAIT target=1 elapsed=0s need=2s
UE 196 TTT_WAIT target=4 elapsed=0s need=2s
LM HO UE=200 rnti=47 2->1 type=TN servingRsrp=-104.244 targetRsrp=-73.1513 targetLoadReal=14/20 targetLoadEff=15/20
UE 204 TTT_WAIT target=3 elapsed=0s need=2s
UE 205 TTT_WAIT target=4 elapsed=0s need=2s
UE 206 TTT_WAIT target=3 elapsed=0s need=2s
UE 210 TTT_WAIT target=4 elapsed=0s need=2s
UE 211 TTT_WAIT target=6 elapsed=0s need=2s
UE 212 TTT_WAIT target=6 elapsed=0s need=2s
UE 215 TTT_WAIT target=1 elapsed=0s need=2s
UE 217 TTT_WAIT target=4 elapsed=0s need=2s
UE 218 TTT_WAIT target=5 elapsed=0s need=2s
UE 219 TTT_WAIT target=1 elapsed=0s need=2s
UE 220 TTT_WAIT target=12 elapsed=0s need=2s
UE 222 TTT_WAIT target=6 elapsed=0s need=2s
UE 223 TTT_WAIT target=2 elapsed=0s need=2s
LM HO UE=224 rnti=73 2->4 type=TN servingRsrp=-116.237 targetRsrp=-90.9499 targetLoadReal=4/20 targetLoadEff=6/20
UE 226 TTT_WAIT target=3 elapsed=0s need=2s
UE 228 TTT_WAIT target=2 elapsed=0s need=2s
UE 229 TTT_WAIT target=4 elapsed=0s need=2s
UE 230 TTT_WAIT target=3 elapsed=0s need=2s
UE 234 TTT_WAIT target=8 elapsed=0s need=2s
UE 240 TTT_WAIT target=2 elapsed=0s need=2s
UE 241 TTT_WAIT target=4 elapsed=0s need=2s
UE 243 TTT_WAIT target=5 elapsed=0s need=2s
---- INIT_ATTACH t=48 UE(imsi)=16 ----
  INIT_ATTACH_FAIL_ALL_LOW_RSRP: UE(imsi)=16 bestRsrp=-129.167 < min=-120 (all cells below threshold) retryIn=2s
---- INIT_ATTACH t=48 UE(imsi)=20 ----
  INIT_ATTACH_FAIL_ALL_LOW_RSRP: UE(imsi)=20 bestRsrp=-146.446 < min=-120 (all cells below threshold) retryIn=2s
---- INIT_ATTACH t=48 UE(imsi)=23 ----
  INIT_ATTACH_FAIL_ALL_LOW_RSRP: UE(imsi)=23 bestRsrp=-139.88 < min=-120 (all cells below threshold) retryIn=2s
---- INIT_ATTACH t=48 UE(imsi)=25 ----
  INIT_ATTACH_FAIL_ALL_LOW_RSRP: UE(imsi)=25 bestRsrp=-120.188 < min=-120 (all cells below threshold) retryIn=2s
---- INIT_ATTACH t=48 UE(imsi)=26 ----
  INIT_ATTACH_FAIL_ALL_LOW_RSRP: UE(imsi)=26 bestRsrp=-146.491 < min=-120 (all cells below threshold) retryIn=2s
---- INIT_ATTACH t=48 UE(imsi)=29 ----
  INIT_ATTACH_FAIL_ALL_LOW_RSRP: UE(imsi)=29 bestRsrp=-148.705 < min=-120 (all cells below threshold) retryIn=2s
---- INIT_ATTACH t=48 UE(imsi)=31 ----
  INIT_ATTACH_FAIL_ALL_LOW_RSRP: UE(imsi)=31 bestRsrp=-132.614 < min=-120 (all cells below threshold) retryIn=2s
---- INIT_ATTACH t=48 UE(imsi)=36 ----
  INIT_ATTACH_FAIL_ALL_LOW_RSRP: UE(imsi)=36 bestRsrp=-137.54 < min=-120 (all cells below threshold) retryIn=2s
---- INIT_ATTACH t=48 UE(imsi)=38 ----
  INIT_ATTACH_FAIL_ALL_LOW_RSRP: UE(imsi)=38 bestRsrp=-149.041 < min=-120 (all cells below threshold) retryIn=2s
---- INIT_ATTACH t=48 UE(imsi)=44 ----
  candOK0 cell=14 rsrp=-100.409 occ=9/10 -> OK
  SELECT cell=14 rsrp=-100.409 occ(afterReserve)=10/10
  INIT_ATTACH_OK: UE(imsi)=44 -> cell=14
---- INIT_ATTACH t=48 UE(imsi)=45 ----
  INIT_ATTACH_FAIL_ALL_LOW_RSRP: UE(imsi)=45 bestRsrp=-125.999 < min=-120 (all cells below threshold) retryIn=2s
---- INIT_ATTACH t=48 UE(imsi)=53 ----
  INIT_ATTACH_FAIL_ALL_LOW_RSRP: UE(imsi)=53 bestRsrp=-139.233 < min=-120 (all cells below threshold) retryIn=2s
---- INIT_ATTACH t=48 UE(imsi)=54 ----
  INIT_ATTACH_FAIL_ALL_LOW_RSRP: UE(imsi)=54 bestRsrp=-140.688 < min=-120 (all cells below threshold) retryIn=2s
---- INIT_ATTACH t=48 UE(imsi)=55 ----
  INIT_ATTACH_FAIL_ALL_LOW_RSRP: UE(imsi)=55 bestRsrp=-152.216 < min=-120 (all cells below threshold) retryIn=2s
---- INIT_ATTACH t=48 UE(imsi)=57 ----
  INIT_ATTACH_FAIL_ALL_LOW_RSRP: UE(imsi)=57 bestRsrp=-124.08 < min=-120 (all cells below threshold) retryIn=2s
---- INIT_ATTACH t=48 UE(imsi)=61 ----
  INIT_ATTACH_FAIL_ALL_LOW_RSRP: UE(imsi)=61 bestRsrp=-137.045 < min=-120 (all cells below threshold) retryIn=2s
---- INIT_ATTACH t=48 UE(imsi)=62 ----
  INIT_ATTACH_FAIL_ALL_LOW_RSRP: UE(imsi)=62 bestRsrp=-130.474 < min=-120 (all cells below threshold) retryIn=2s
---- INIT_ATTACH t=48 UE(imsi)=67 ----
  INIT_ATTACH_FAIL_ALL_LOW_RSRP: UE(imsi)=67 bestRsrp=-139.167 < min=-120 (all cells below threshold) retryIn=2s
---- INIT_ATTACH t=48 UE(imsi)=68 ----
  INIT_ATTACH_FAIL_ALL_LOW_RSRP: UE(imsi)=68 bestRsrp=-135.201 < min=-120 (all cells below threshold) retryIn=2s
---- INIT_ATTACH t=48 UE(imsi)=73 ----
  INIT_ATTACH_FAIL_ALL_LOW_RSRP: UE(imsi)=73 bestRsrp=-143.774 < min=-120 (all cells below threshold) retryIn=2s
---- INIT_ATTACH t=48 UE(imsi)=74 ----
  INIT_ATTACH_FAIL_ALL_LOW_RSRP: UE(imsi)=74 bestRsrp=-142.65 < min=-120 (all cells below threshold) retryIn=2s
---- INIT_ATTACH t=48 UE(imsi)=76 ----
  INIT_ATTACH_FAIL_ALL_LOW_RSRP: UE(imsi)=76 bestRsrp=-138.067 < min=-120 (all cells below threshold) retryIn=2s
---- INIT_ATTACH t=48 UE(imsi)=81 ----
  INIT_ATTACH_FAIL_ALL_LOW_RSRP: UE(imsi)=81 bestRsrp=-139.787 < min=-120 (all cells below threshold) retryIn=2s
---- INIT_ATTACH t=48 UE(imsi)=85 ----
  INIT_ATTACH_FAIL_ALL_LOW_RSRP: UE(imsi)=85 bestRsrp=-129.529 < min=-120 (all cells below threshold) retryIn=2s
---- INIT_ATTACH t=48 UE(imsi)=86 ----
  INIT_ATTACH_FAIL_ALL_LOW_RSRP: UE(imsi)=86 bestRsrp=-124.714 < min=-120 (all cells below threshold) retryIn=2s
---- INIT_ATTACH t=48 UE(imsi)=87 ----
  INIT_ATTACH_FAIL_ALL_LOW_RSRP: UE(imsi)=87 bestRsrp=-135.423 < min=-120 (all cells below threshold) retryIn=2s
---- INIT_ATTACH t=48 UE(imsi)=92 ----
  INIT_ATTACH_FAIL_ALL_LOW_RSRP: UE(imsi)=92 bestRsrp=-127.122 < min=-120 (all cells below threshold) retryIn=2s
---- INIT_ATTACH t=48 UE(imsi)=97 ----
  INIT_ATTACH_FAIL_ALL_LOW_RSRP: UE(imsi)=97 bestRsrp=-126.93 < min=-120 (all cells below threshold) retryIn=2s
---- INIT_ATTACH t=48 UE(imsi)=98 ----
  INIT_ATTACH_FAIL_ALL_LOW_RSRP: UE(imsi)=98 bestRsrp=-129.926 < min=-120 (all cells below threshold) retryIn=2s
---- INIT_ATTACH t=48 UE(imsi)=109 ----
  INIT_ATTACH_FAIL_ALL_LOW_RSRP: UE(imsi)=109 bestRsrp=-129.241 < min=-120 (all cells below threshold) retryIn=2s
---- INIT_ATTACH t=48 UE(imsi)=116 ----
  INIT_ATTACH_FAIL_ALL_LOW_RSRP: UE(imsi)=116 bestRsrp=-151.381 < min=-120 (all cells below threshold) retryIn=2s
---- INIT_ATTACH t=48 UE(imsi)=119 ----
  INIT_ATTACH_FAIL_ALL_LOW_RSRP: UE(imsi)=119 bestRsrp=-138.965 < min=-120 (all cells below threshold) retryIn=2s
---- INIT_ATTACH t=48 UE(imsi)=120 ----
  INIT_ATTACH_FAIL_ALL_LOW_RSRP: UE(imsi)=120 bestRsrp=-140.896 < min=-120 (all cells below threshold) retryIn=2s
---- INIT_ATTACH t=48 UE(imsi)=122 ----
  INIT_ATTACH_FAIL_ALL_LOW_RSRP: UE(imsi)=122 bestRsrp=-145.59 < min=-120 (all cells below threshold) retryIn=2s
---- INIT_ATTACH t=48 UE(imsi)=136 ----
  INIT_ATTACH_FAIL_ALL_LOW_RSRP: UE(imsi)=136 bestRsrp=-144.125 < min=-120 (all cells below threshold) retryIn=2s
---- INIT_ATTACH t=48 UE(imsi)=138 ----
  INIT_ATTACH_FAIL_ALL_LOW_RSRP: UE(imsi)=138 bestRsrp=-145.587 < min=-120 (all cells below threshold) retryIn=2s
---- INIT_ATTACH t=48 UE(imsi)=142 ----
  INIT_ATTACH_FAIL_ALL_LOW_RSRP: UE(imsi)=142 bestRsrp=-134.49 < min=-120 (all cells below threshold) retryIn=2s
---- INIT_ATTACH t=48 UE(imsi)=144 ----
  INIT_ATTACH_FAIL_ALL_LOW_RSRP: UE(imsi)=144 bestRsrp=-149.398 < min=-120 (all cells below threshold) retryIn=2s
---- INIT_ATTACH t=48 UE(imsi)=146 ----
  INIT_ATTACH_FAIL_ALL_LOW_RSRP: UE(imsi)=146 bestRsrp=-131.187 < min=-120 (all cells below threshold) retryIn=2s
---- INIT_ATTACH t=48 UE(imsi)=150 ----
  INIT_ATTACH_FAIL_ALL_LOW_RSRP: UE(imsi)=150 bestRsrp=-145.621 < min=-120 (all cells below threshold) retryIn=2s
---- INIT_ATTACH t=48 UE(imsi)=151 ----
  INIT_ATTACH_FAIL_ALL_LOW_RSRP: UE(imsi)=151 bestRsrp=-145.886 < min=-120 (all cells below threshold) retryIn=2s
---- INIT_ATTACH t=48 UE(imsi)=164 ----
  INIT_ATTACH_FAIL_ALL_LOW_RSRP: UE(imsi)=164 bestRsrp=-140.857 < min=-120 (all cells below threshold) retryIn=2s
---- INIT_ATTACH t=48 UE(imsi)=165 ----
  INIT_ATTACH_FAIL_ALL_LOW_RSRP: UE(imsi)=165 bestRsrp=-144.796 < min=-120 (all cells below threshold) retryIn=2s
---- INIT_ATTACH t=48 UE(imsi)=169 ----
  INIT_ATTACH_FAIL_ALL_LOW_RSRP: UE(imsi)=169 bestRsrp=-143.155 < min=-120 (all cells below threshold) retryIn=2s
---- INIT_ATTACH t=48 UE(imsi)=171 ----
  INIT_ATTACH_FAIL_ALL_LOW_RSRP: UE(imsi)=171 bestRsrp=-147.614 < min=-120 (all cells below threshold) retryIn=2s
---- INIT_ATTACH t=48 UE(imsi)=173 ----
  INIT_ATTACH_FAIL_ALL_LOW_RSRP: UE(imsi)=173 bestRsrp=-136.305 < min=-120 (all cells below threshold) retryIn=2s
---- INIT_ATTACH t=48 UE(imsi)=174 ----
  INIT_ATTACH_FAIL_ALL_LOW_RSRP: UE(imsi)=174 bestRsrp=-139.457 < min=-120 (all cells below threshold) retryIn=2s
---- INIT_ATTACH t=48 UE(imsi)=179 ----
  INIT_ATTACH_FAIL_ALL_LOW_RSRP: UE(imsi)=179 bestRsrp=-144.974 < min=-120 (all cells below threshold) retryIn=2s
---- INIT_ATTACH t=48 UE(imsi)=181 ----
  INIT_ATTACH_FAIL_ALL_LOW_RSRP: UE(imsi)=181 bestRsrp=-144.094 < min=-120 (all cells below threshold) retryIn=2s
---- INIT_ATTACH t=48 UE(imsi)=183 ----
  INIT_ATTACH_FAIL_ALL_LOW_RSRP: UE(imsi)=183 bestRsrp=-139.524 < min=-120 (all cells below threshold) retryIn=2s
---- INIT_ATTACH t=48 UE(imsi)=185 ----
  INIT_ATTACH_FAIL_ALL_LOW_RSRP: UE(imsi)=185 bestRsrp=-141.873 < min=-120 (all cells below threshold) retryIn=2s
---- INIT_ATTACH t=48 UE(imsi)=187 ----
  candOK0 cell=5 rsrp=-115.031 occ=14/20 -> OK
  SELECT cell=5 rsrp=-115.031 occ(afterReserve)=15/20
  INIT_ATTACH_OK: UE(imsi)=187 -> cell=5
---- INIT_ATTACH t=48 UE(imsi)=192 ----
  candOK0 cell=14 rsrp=-118.634 occ=10/10 -> SKIP_FULL
  INIT_ATTACH_FAIL_ALL_FULL: UE(imsi)=192 rsrpOk=1 (all RSRP>=min but full or invalid) retryIn=2s
---- INIT_ATTACH t=48 UE(imsi)=195 ----
  INIT_ATTACH_FAIL_ALL_LOW_RSRP: UE(imsi)=195 bestRsrp=-142.43 < min=-120 (all cells below threshold) retryIn=2s
---- INIT_ATTACH t=48 UE(imsi)=197 ----
  INIT_ATTACH_FAIL_ALL_LOW_RSRP: UE(imsi)=197 bestRsrp=-142.266 < min=-120 (all cells below threshold) retryIn=2s
---- INIT_ATTACH t=48 UE(imsi)=198 ----
  INIT_ATTACH_FAIL_ALL_LOW_RSRP: UE(imsi)=198 bestRsrp=-128.082 < min=-120 (all cells below threshold) retryIn=2s
---- INIT_ATTACH t=48 UE(imsi)=199 ----
  INIT_ATTACH_FAIL_ALL_LOW_RSRP: UE(imsi)=199 bestRsrp=-141.162 < min=-120 (all cells below threshold) retryIn=2s
---- INIT_ATTACH t=48 UE(imsi)=200 ----
  INIT_ATTACH_FAIL_ALL_LOW_RSRP: UE(imsi)=200 bestRsrp=-145.725 < min=-120 (all cells below threshold) retryIn=2s
---- INIT_ATTACH t=48 UE(imsi)=202 ----
  INIT_ATTACH_FAIL_ALL_LOW_RSRP: UE(imsi)=202 bestRsrp=-148.425 < min=-120 (all cells below threshold) retryIn=2s
---- INIT_ATTACH t=48 UE(imsi)=203 ----
  INIT_ATTACH_FAIL_ALL_LOW_RSRP: UE(imsi)=203 bestRsrp=-152.2 < min=-120 (all cells below threshold) retryIn=2s
---- INIT_ATTACH t=48 UE(imsi)=204 ----
  candOK0 cell=2 rsrp=-115.543 occ=10/20 -> OK
  SELECT cell=2 rsrp=-115.543 occ(afterReserve)=11/20
  INIT_ATTACH_OK: UE(imsi)=204 -> cell=2
---- INIT_ATTACH t=48 UE(imsi)=212 ----
  INIT_ATTACH_FAIL_ALL_LOW_RSRP: UE(imsi)=212 bestRsrp=-129.972 < min=-120 (all cells below threshold) retryIn=2s
---- INIT_ATTACH t=48 UE(imsi)=214 ----
  INIT_ATTACH_FAIL_ALL_LOW_RSRP: UE(imsi)=214 bestRsrp=-141.638 < min=-120 (all cells below threshold) retryIn=2s
---- INIT_ATTACH t=48 UE(imsi)=220 ----
  INIT_ATTACH_FAIL_ALL_LOW_RSRP: UE(imsi)=220 bestRsrp=-148.572 < min=-120 (all cells below threshold) retryIn=2s
---- INIT_ATTACH t=48 UE(imsi)=224 ----
  INIT_ATTACH_FAIL_ALL_LOW_RSRP: UE(imsi)=224 bestRsrp=-153.338 < min=-120 (all cells below threshold) retryIn=2s
---- INIT_ATTACH t=48 UE(imsi)=227 ----
  INIT_ATTACH_FAIL_ALL_LOW_RSRP: UE(imsi)=227 bestRsrp=-130.98 < min=-120 (all cells below threshold) retryIn=2s
---- INIT_ATTACH t=48 UE(imsi)=230 ----
  INIT_ATTACH_FAIL_ALL_LOW_RSRP: UE(imsi)=230 bestRsrp=-139.441 < min=-120 (all cells below threshold) retryIn=2s
---- INIT_ATTACH t=48 UE(imsi)=231 ----
  INIT_ATTACH_FAIL_ALL_LOW_RSRP: UE(imsi)=231 bestRsrp=-136.567 < min=-120 (all cells below threshold) retryIn=2s
---- INIT_ATTACH t=48 UE(imsi)=232 ----
  INIT_ATTACH_FAIL_ALL_LOW_RSRP: UE(imsi)=232 bestRsrp=-141.484 < min=-120 (all cells below threshold) retryIn=2s
---- INIT_ATTACH t=48 UE(imsi)=233 ----
  INIT_ATTACH_FAIL_ALL_LOW_RSRP: UE(imsi)=233 bestRsrp=-133.026 < min=-120 (all cells below threshold) retryIn=2s
---- INIT_ATTACH t=48 UE(imsi)=237 ----
  INIT_ATTACH_FAIL_ALL_LOW_RSRP: UE(imsi)=237 bestRsrp=-145.21 < min=-120 (all cells below threshold) retryIn=2s
---- INIT_ATTACH t=48 UE(imsi)=238 ----
  candOK0 cell=10 rsrp=-103.85 occ=9/10 -> OK
  SELECT cell=10 rsrp=-103.85 occ(afterReserve)=10/10
  INIT_ATTACH_OK: UE(imsi)=238 -> cell=10
---- INIT_ATTACH t=48 UE(imsi)=240 ----
  INIT_ATTACH_FAIL_ALL_LOW_RSRP: UE(imsi)=240 bestRsrp=-141.547 < min=-120 (all cells below threshold) retryIn=2s
---- INIT_ATTACH t=50 UE(imsi)=16 ----
  INIT_ATTACH_FAIL_ALL_LOW_RSRP: UE(imsi)=16 bestRsrp=-131.809 < min=-120 (all cells below threshold) retryIn=2s
---- INIT_ATTACH t=50 UE(imsi)=20 ----
  INIT_ATTACH_FAIL_ALL_LOW_RSRP: UE(imsi)=20 bestRsrp=-148.379 < min=-120 (all cells below threshold) retryIn=2s
---- INIT_ATTACH t=50 UE(imsi)=23 ----
  INIT_ATTACH_FAIL_ALL_LOW_RSRP: UE(imsi)=23 bestRsrp=-140.097 < min=-120 (all cells below threshold) retryIn=2s
---- INIT_ATTACH t=50 UE(imsi)=25 ----
  INIT_ATTACH_FAIL_ALL_LOW_RSRP: UE(imsi)=25 bestRsrp=-131.49 < min=-120 (all cells below threshold) retryIn=2s
---- INIT_ATTACH t=50 UE(imsi)=26 ----
  INIT_ATTACH_FAIL_ALL_LOW_RSRP: UE(imsi)=26 bestRsrp=-146.793 < min=-120 (all cells below threshold) retryIn=2s
---- INIT_ATTACH t=50 UE(imsi)=29 ----
  INIT_ATTACH_FAIL_ALL_LOW_RSRP: UE(imsi)=29 bestRsrp=-151.589 < min=-120 (all cells below threshold) retryIn=2s
---- INIT_ATTACH t=50 UE(imsi)=31 ----
  candOK0 cell=12 rsrp=-112.734 occ=7/10 -> OK
  SELECT cell=12 rsrp=-112.734 occ(afterReserve)=8/10
  INIT_ATTACH_OK: UE(imsi)=31 -> cell=12
---- INIT_ATTACH t=50 UE(imsi)=36 ----
  INIT_ATTACH_FAIL_ALL_LOW_RSRP: UE(imsi)=36 bestRsrp=-136.128 < min=-120 (all cells below threshold) retryIn=2s
---- INIT_ATTACH t=50 UE(imsi)=38 ----
  INIT_ATTACH_FAIL_ALL_LOW_RSRP: UE(imsi)=38 bestRsrp=-146.721 < min=-120 (all cells below threshold) retryIn=2s
---- INIT_ATTACH t=50 UE(imsi)=45 ----
  INIT_ATTACH_FAIL_ALL_LOW_RSRP: UE(imsi)=45 bestRsrp=-127.889 < min=-120 (all cells below threshold) retryIn=2s
---- INIT_ATTACH t=50 UE(imsi)=53 ----
  INIT_ATTACH_FAIL_ALL_LOW_RSRP: UE(imsi)=53 bestRsrp=-136.92 < min=-120 (all cells below threshold) retryIn=2s
---- INIT_ATTACH t=50 UE(imsi)=54 ----
  INIT_ATTACH_FAIL_ALL_LOW_RSRP: UE(imsi)=54 bestRsrp=-136.997 < min=-120 (all cells below threshold) retryIn=2s
---- INIT_ATTACH t=50 UE(imsi)=55 ----
  INIT_ATTACH_FAIL_ALL_LOW_RSRP: UE(imsi)=55 bestRsrp=-153.972 < min=-120 (all cells below threshold) retryIn=2s
---- INIT_ATTACH t=50 UE(imsi)=57 ----
  INIT_ATTACH_FAIL_ALL_LOW_RSRP: UE(imsi)=57 bestRsrp=-125.049 < min=-120 (all cells below threshold) retryIn=2s
---- INIT_ATTACH t=50 UE(imsi)=61 ----
  INIT_ATTACH_FAIL_ALL_LOW_RSRP: UE(imsi)=61 bestRsrp=-138.311 < min=-120 (all cells below threshold) retryIn=2s
---- INIT_ATTACH t=50 UE(imsi)=62 ----
  INIT_ATTACH_FAIL_ALL_LOW_RSRP: UE(imsi)=62 bestRsrp=-129.518 < min=-120 (all cells below threshold) retryIn=2s
---- INIT_ATTACH t=50 UE(imsi)=67 ----
  INIT_ATTACH_FAIL_ALL_LOW_RSRP: UE(imsi)=67 bestRsrp=-137.973 < min=-120 (all cells below threshold) retryIn=2s
---- INIT_ATTACH t=50 UE(imsi)=68 ----
  candOK0 cell=11 rsrp=-100.514 occ=10/10 -> SKIP_FULL
  INIT_ATTACH_FAIL_ALL_FULL: UE(imsi)=68 rsrpOk=1 (all RSRP>=min but full or invalid) retryIn=2s
---- INIT_ATTACH t=50 UE(imsi)=73 ----
  INIT_ATTACH_FAIL_ALL_LOW_RSRP: UE(imsi)=73 bestRsrp=-141.79 < min=-120 (all cells below threshold) retryIn=2s
---- INIT_ATTACH t=50 UE(imsi)=74 ----
  INIT_ATTACH_FAIL_ALL_LOW_RSRP: UE(imsi)=74 bestRsrp=-143.692 < min=-120 (all cells below threshold) retryIn=2s
---- INIT_ATTACH t=50 UE(imsi)=76 ----
  INIT_ATTACH_FAIL_ALL_LOW_RSRP: UE(imsi)=76 bestRsrp=-138.501 < min=-120 (all cells below threshold) retryIn=2s
---- INIT_ATTACH t=50 UE(imsi)=81 ----
  INIT_ATTACH_FAIL_ALL_LOW_RSRP: UE(imsi)=81 bestRsrp=-140.878 < min=-120 (all cells below threshold) retryIn=2s
---- INIT_ATTACH t=50 UE(imsi)=85 ----
  INIT_ATTACH_FAIL_ALL_LOW_RSRP: UE(imsi)=85 bestRsrp=-141.5 < min=-120 (all cells below threshold) retryIn=2s
---- INIT_ATTACH t=50 UE(imsi)=86 ----
  INIT_ATTACH_FAIL_ALL_LOW_RSRP: UE(imsi)=86 bestRsrp=-125.982 < min=-120 (all cells below threshold) retryIn=2s
---- INIT_ATTACH t=50 UE(imsi)=87 ----
  INIT_ATTACH_FAIL_ALL_LOW_RSRP: UE(imsi)=87 bestRsrp=-133.52 < min=-120 (all cells below threshold) retryIn=2s
---- INIT_ATTACH t=50 UE(imsi)=92 ----
  INIT_ATTACH_FAIL_ALL_LOW_RSRP: UE(imsi)=92 bestRsrp=-128.227 < min=-120 (all cells below threshold) retryIn=2s
---- INIT_ATTACH t=50 UE(imsi)=97 ----
  INIT_ATTACH_FAIL_ALL_LOW_RSRP: UE(imsi)=97 bestRsrp=-141.84 < min=-120 (all cells below threshold) retryIn=2s
---- INIT_ATTACH t=50 UE(imsi)=98 ----
  INIT_ATTACH_FAIL_ALL_LOW_RSRP: UE(imsi)=98 bestRsrp=-130.51 < min=-120 (all cells below threshold) retryIn=2s
---- INIT_ATTACH t=50 UE(imsi)=109 ----
  INIT_ATTACH_FAIL_ALL_LOW_RSRP: UE(imsi)=109 bestRsrp=-127.153 < min=-120 (all cells below threshold) retryIn=2s
---- INIT_ATTACH t=50 UE(imsi)=116 ----
  INIT_ATTACH_FAIL_ALL_LOW_RSRP: UE(imsi)=116 bestRsrp=-150.605 < min=-120 (all cells below threshold) retryIn=2s
---- INIT_ATTACH t=50 UE(imsi)=119 ----
  INIT_ATTACH_FAIL_ALL_LOW_RSRP: UE(imsi)=119 bestRsrp=-138.862 < min=-120 (all cells below threshold) retryIn=2s
---- INIT_ATTACH t=50 UE(imsi)=120 ----
  INIT_ATTACH_FAIL_ALL_LOW_RSRP: UE(imsi)=120 bestRsrp=-140.381 < min=-120 (all cells below threshold) retryIn=2s
---- INIT_ATTACH t=50 UE(imsi)=122 ----
  INIT_ATTACH_FAIL_ALL_LOW_RSRP: UE(imsi)=122 bestRsrp=-142.282 < min=-120 (all cells below threshold) retryIn=2s
---- INIT_ATTACH t=50 UE(imsi)=136 ----
  INIT_ATTACH_FAIL_ALL_LOW_RSRP: UE(imsi)=136 bestRsrp=-142.367 < min=-120 (all cells below threshold) retryIn=2s
---- INIT_ATTACH t=50 UE(imsi)=138 ----
  INIT_ATTACH_FAIL_ALL_LOW_RSRP: UE(imsi)=138 bestRsrp=-130.656 < min=-120 (all cells below threshold) retryIn=2s
---- INIT_ATTACH t=50 UE(imsi)=142 ----
  INIT_ATTACH_FAIL_ALL_LOW_RSRP: UE(imsi)=142 bestRsrp=-120.697 < min=-120 (all cells below threshold) retryIn=2s
---- INIT_ATTACH t=50 UE(imsi)=144 ----
  INIT_ATTACH_FAIL_ALL_LOW_RSRP: UE(imsi)=144 bestRsrp=-148.301 < min=-120 (all cells below threshold) retryIn=2s
---- INIT_ATTACH t=50 UE(imsi)=146 ----
  INIT_ATTACH_FAIL_ALL_LOW_RSRP: UE(imsi)=146 bestRsrp=-130.18 < min=-120 (all cells below threshold) retryIn=2s
---- INIT_ATTACH t=50 UE(imsi)=150 ----
  INIT_ATTACH_FAIL_ALL_LOW_RSRP: UE(imsi)=150 bestRsrp=-147.349 < min=-120 (all cells below threshold) retryIn=2s
---- INIT_ATTACH t=50 UE(imsi)=151 ----
  INIT_ATTACH_FAIL_ALL_LOW_RSRP: UE(imsi)=151 bestRsrp=-140.945 < min=-120 (all cells below threshold) retryIn=2s
---- INIT_ATTACH t=50 UE(imsi)=164 ----
  INIT_ATTACH_FAIL_ALL_LOW_RSRP: UE(imsi)=164 bestRsrp=-142.366 < min=-120 (all cells below threshold) retryIn=2s
---- INIT_ATTACH t=50 UE(imsi)=165 ----
  INIT_ATTACH_FAIL_ALL_LOW_RSRP: UE(imsi)=165 bestRsrp=-142.778 < min=-120 (all cells below threshold) retryIn=2s
---- INIT_ATTACH t=50 UE(imsi)=169 ----
  INIT_ATTACH_FAIL_ALL_LOW_RSRP: UE(imsi)=169 bestRsrp=-142.066 < min=-120 (all cells below threshold) retryIn=2s
---- INIT_ATTACH t=50 UE(imsi)=171 ----
  INIT_ATTACH_FAIL_ALL_LOW_RSRP: UE(imsi)=171 bestRsrp=-147.465 < min=-120 (all cells below threshold) retryIn=2s
---- INIT_ATTACH t=50 UE(imsi)=173 ----
  INIT_ATTACH_FAIL_ALL_LOW_RSRP: UE(imsi)=173 bestRsrp=-137.141 < min=-120 (all cells below threshold) retryIn=2s
---- INIT_ATTACH t=50 UE(imsi)=174 ----
  INIT_ATTACH_FAIL_ALL_LOW_RSRP: UE(imsi)=174 bestRsrp=-135.789 < min=-120 (all cells below threshold) retryIn=2s
---- INIT_ATTACH t=50 UE(imsi)=179 ----
  INIT_ATTACH_FAIL_ALL_LOW_RSRP: UE(imsi)=179 bestRsrp=-147.673 < min=-120 (all cells below threshold) retryIn=2s
---- INIT_ATTACH t=50 UE(imsi)=181 ----
  INIT_ATTACH_FAIL_ALL_LOW_RSRP: UE(imsi)=181 bestRsrp=-142.698 < min=-120 (all cells below threshold) retryIn=2s
---- INIT_ATTACH t=50 UE(imsi)=183 ----
  INIT_ATTACH_FAIL_ALL_LOW_RSRP: UE(imsi)=183 bestRsrp=-138.929 < min=-120 (all cells below threshold) retryIn=2s
---- INIT_ATTACH t=50 UE(imsi)=185 ----
  INIT_ATTACH_FAIL_ALL_LOW_RSRP: UE(imsi)=185 bestRsrp=-143.15 < min=-120 (all cells below threshold) retryIn=2s
---- INIT_ATTACH t=50 UE(imsi)=192 ----
  INIT_ATTACH_FAIL_ALL_LOW_RSRP: UE(imsi)=192 bestRsrp=-150.764 < min=-120 (all cells below threshold) retryIn=2s
---- INIT_ATTACH t=50 UE(imsi)=195 ----
  INIT_ATTACH_FAIL_ALL_LOW_RSRP: UE(imsi)=195 bestRsrp=-143.268 < min=-120 (all cells below threshold) retryIn=2s
---- INIT_ATTACH t=50 UE(imsi)=197 ----
  candOK0 cell=10 rsrp=-117.955 occ=10/10 -> SKIP_FULL
  INIT_ATTACH_FAIL_ALL_FULL: UE(imsi)=197 rsrpOk=1 (all RSRP>=min but full or invalid) retryIn=2s
---- INIT_ATTACH t=50 UE(imsi)=198 ----
  candOK0 cell=9 rsrp=-113.174 occ=9/10 -> OK
  SELECT cell=9 rsrp=-113.174 occ(afterReserve)=10/10
  INIT_ATTACH_OK: UE(imsi)=198 -> cell=9
---- INIT_ATTACH t=50 UE(imsi)=199 ----
  INIT_ATTACH_FAIL_ALL_LOW_RSRP: UE(imsi)=199 bestRsrp=-137.822 < min=-120 (all cells below threshold) retryIn=2s
---- INIT_ATTACH t=50 UE(imsi)=200 ----
  INIT_ATTACH_FAIL_ALL_LOW_RSRP: UE(imsi)=200 bestRsrp=-145.176 < min=-120 (all cells below threshold) retryIn=2s
---- INIT_ATTACH t=50 UE(imsi)=202 ----
  INIT_ATTACH_FAIL_ALL_LOW_RSRP: UE(imsi)=202 bestRsrp=-132.229 < min=-120 (all cells below threshold) retryIn=2s
---- INIT_ATTACH t=50 UE(imsi)=203 ----
  INIT_ATTACH_FAIL_ALL_LOW_RSRP: UE(imsi)=203 bestRsrp=-148.205 < min=-120 (all cells below threshold) retryIn=2s
---- INIT_ATTACH t=50 UE(imsi)=212 ----
  INIT_ATTACH_FAIL_ALL_LOW_RSRP: UE(imsi)=212 bestRsrp=-134.292 < min=-120 (all cells below threshold) retryIn=2s
---- INIT_ATTACH t=50 UE(imsi)=214 ----
  INIT_ATTACH_FAIL_ALL_LOW_RSRP: UE(imsi)=214 bestRsrp=-140.35 < min=-120 (all cells below threshold) retryIn=2s
---- INIT_ATTACH t=50 UE(imsi)=220 ----
  INIT_ATTACH_FAIL_ALL_LOW_RSRP: UE(imsi)=220 bestRsrp=-150.031 < min=-120 (all cells below threshold) retryIn=2s
---- INIT_ATTACH t=50 UE(imsi)=224 ----
  INIT_ATTACH_FAIL_ALL_LOW_RSRP: UE(imsi)=224 bestRsrp=-153.742 < min=-120 (all cells below threshold) retryIn=2s
---- INIT_ATTACH t=50 UE(imsi)=227 ----
  INIT_ATTACH_FAIL_ALL_LOW_RSRP: UE(imsi)=227 bestRsrp=-130.771 < min=-120 (all cells below threshold) retryIn=2s
---- INIT_ATTACH t=50 UE(imsi)=230 ----
  INIT_ATTACH_FAIL_ALL_LOW_RSRP: UE(imsi)=230 bestRsrp=-140.309 < min=-120 (all cells below threshold) retryIn=2s
---- INIT_ATTACH t=50 UE(imsi)=231 ----
  INIT_ATTACH_FAIL_ALL_LOW_RSRP: UE(imsi)=231 bestRsrp=-134.467 < min=-120 (all cells below threshold) retryIn=2s
---- INIT_ATTACH t=50 UE(imsi)=232 ----
  INIT_ATTACH_FAIL_ALL_LOW_RSRP: UE(imsi)=232 bestRsrp=-136.379 < min=-120 (all cells below threshold) retryIn=2s
---- INIT_ATTACH t=50 UE(imsi)=233 ----
  INIT_ATTACH_FAIL_ALL_LOW_RSRP: UE(imsi)=233 bestRsrp=-144.277 < min=-120 (all cells below threshold) retryIn=2s
---- INIT_ATTACH t=50 UE(imsi)=237 ----
  INIT_ATTACH_FAIL_ALL_LOW_RSRP: UE(imsi)=237 bestRsrp=-143.735 < min=-120 (all cells below threshold) retryIn=2s
---- INIT_ATTACH t=50 UE(imsi)=240 ----
  INIT_ATTACH_FAIL_ALL_LOW_RSRP: UE(imsi)=240 bestRsrp=-138.417 < min=-120 (all cells below threshold) retryIn=2s
---- INIT_ATTACH t=52 UE(imsi)=16 ----
  INIT_ATTACH_FAIL_ALL_LOW_RSRP: UE(imsi)=16 bestRsrp=-131.917 < min=-120 (all cells below threshold) retryIn=2s
---- INIT_ATTACH t=52 UE(imsi)=20 ----
  INIT_ATTACH_FAIL_ALL_LOW_RSRP: UE(imsi)=20 bestRsrp=-148.43 < min=-120 (all cells below threshold) retryIn=2s
---- INIT_ATTACH t=52 UE(imsi)=23 ----
  INIT_ATTACH_FAIL_ALL_LOW_RSRP: UE(imsi)=23 bestRsrp=-141.864 < min=-120 (all cells below threshold) retryIn=2s
---- INIT_ATTACH t=52 UE(imsi)=25 ----
  INIT_ATTACH_FAIL_ALL_LOW_RSRP: UE(imsi)=25 bestRsrp=-131.271 < min=-120 (all cells below threshold) retryIn=2s
---- INIT_ATTACH t=52 UE(imsi)=26 ----
  INIT_ATTACH_FAIL_ALL_LOW_RSRP: UE(imsi)=26 bestRsrp=-147.579 < min=-120 (all cells below threshold) retryIn=2s
---- INIT_ATTACH t=52 UE(imsi)=29 ----
  INIT_ATTACH_FAIL_ALL_LOW_RSRP: UE(imsi)=29 bestRsrp=-152.242 < min=-120 (all cells below threshold) retryIn=2s
---- INIT_ATTACH t=52 UE(imsi)=36 ----
  INIT_ATTACH_FAIL_ALL_LOW_RSRP: UE(imsi)=36 bestRsrp=-137.469 < min=-120 (all cells below threshold) retryIn=2s
---- INIT_ATTACH t=52 UE(imsi)=38 ----
  INIT_ATTACH_FAIL_ALL_LOW_RSRP: UE(imsi)=38 bestRsrp=-135.374 < min=-120 (all cells below threshold) retryIn=2s
---- INIT_ATTACH t=52 UE(imsi)=45 ----
  candOK0 cell=13 rsrp=-104.096 occ=10/10 -> SKIP_FULL
  INIT_ATTACH_FAIL_ALL_FULL: UE(imsi)=45 rsrpOk=1 (all RSRP>=min but full or invalid) retryIn=2s
---- INIT_ATTACH t=52 UE(imsi)=53 ----
  INIT_ATTACH_FAIL_ALL_LOW_RSRP: UE(imsi)=53 bestRsrp=-138.599 < min=-120 (all cells below threshold) retryIn=2s
---- INIT_ATTACH t=52 UE(imsi)=54 ----
  INIT_ATTACH_FAIL_ALL_LOW_RSRP: UE(imsi)=54 bestRsrp=-139.888 < min=-120 (all cells below threshold) retryIn=2s
---- INIT_ATTACH t=52 UE(imsi)=55 ----
  INIT_ATTACH_FAIL_ALL_LOW_RSRP: UE(imsi)=55 bestRsrp=-153.092 < min=-120 (all cells below threshold) retryIn=2s
---- INIT_ATTACH t=52 UE(imsi)=57 ----
  INIT_ATTACH_FAIL_ALL_LOW_RSRP: UE(imsi)=57 bestRsrp=-123.88 < min=-120 (all cells below threshold) retryIn=2s
---- INIT_ATTACH t=52 UE(imsi)=61 ----
  INIT_ATTACH_FAIL_ALL_LOW_RSRP: UE(imsi)=61 bestRsrp=-137.187 < min=-120 (all cells below threshold) retryIn=2s
---- INIT_ATTACH t=52 UE(imsi)=62 ----
  INIT_ATTACH_FAIL_ALL_LOW_RSRP: UE(imsi)=62 bestRsrp=-129.583 < min=-120 (all cells below threshold) retryIn=2s
---- INIT_ATTACH t=52 UE(imsi)=67 ----
  INIT_ATTACH_FAIL_ALL_LOW_RSRP: UE(imsi)=67 bestRsrp=-138.688 < min=-120 (all cells below threshold) retryIn=2s
---- INIT_ATTACH t=52 UE(imsi)=68 ----
  INIT_ATTACH_FAIL_ALL_LOW_RSRP: UE(imsi)=68 bestRsrp=-135.676 < min=-120 (all cells below threshold) retryIn=2s
---- INIT_ATTACH t=52 UE(imsi)=73 ----
  INIT_ATTACH_FAIL_ALL_LOW_RSRP: UE(imsi)=73 bestRsrp=-143.116 < min=-120 (all cells below threshold) retryIn=2s
---- INIT_ATTACH t=52 UE(imsi)=74 ----
  INIT_ATTACH_FAIL_ALL_LOW_RSRP: UE(imsi)=74 bestRsrp=-140.878 < min=-120 (all cells below threshold) retryIn=2s
---- INIT_ATTACH t=52 UE(imsi)=76 ----
  INIT_ATTACH_FAIL_ALL_LOW_RSRP: UE(imsi)=76 bestRsrp=-137.787 < min=-120 (all cells below threshold) retryIn=2s
---- INIT_ATTACH t=52 UE(imsi)=81 ----
  INIT_ATTACH_FAIL_ALL_LOW_RSRP: UE(imsi)=81 bestRsrp=-141.63 < min=-120 (all cells below threshold) retryIn=2s
---- INIT_ATTACH t=52 UE(imsi)=85 ----
  INIT_ATTACH_FAIL_ALL_LOW_RSRP: UE(imsi)=85 bestRsrp=-141.787 < min=-120 (all cells below threshold) retryIn=2s
---- INIT_ATTACH t=52 UE(imsi)=86 ----
  INIT_ATTACH_FAIL_ALL_LOW_RSRP: UE(imsi)=86 bestRsrp=-125.837 < min=-120 (all cells below threshold) retryIn=2s
---- INIT_ATTACH t=52 UE(imsi)=87 ----
  INIT_ATTACH_FAIL_ALL_LOW_RSRP: UE(imsi)=87 bestRsrp=-134.971 < min=-120 (all cells below threshold) retryIn=2s
---- INIT_ATTACH t=52 UE(imsi)=92 ----
  INIT_ATTACH_FAIL_ALL_LOW_RSRP: UE(imsi)=92 bestRsrp=-127.712 < min=-120 (all cells below threshold) retryIn=2s
---- INIT_ATTACH t=52 UE(imsi)=97 ----
  INIT_ATTACH_FAIL_ALL_LOW_RSRP: UE(imsi)=97 bestRsrp=-143.219 < min=-120 (all cells below threshold) retryIn=2s
---- INIT_ATTACH t=52 UE(imsi)=98 ----
  INIT_ATTACH_FAIL_ALL_LOW_RSRP: UE(imsi)=98 bestRsrp=-125.174 < min=-120 (all cells below threshold) retryIn=2s
---- INIT_ATTACH t=52 UE(imsi)=109 ----
  INIT_ATTACH_FAIL_ALL_LOW_RSRP: UE(imsi)=109 bestRsrp=-129.202 < min=-120 (all cells below threshold) retryIn=2s
---- INIT_ATTACH t=52 UE(imsi)=116 ----
  INIT_ATTACH_FAIL_ALL_LOW_RSRP: UE(imsi)=116 bestRsrp=-150.823 < min=-120 (all cells below threshold) retryIn=2s
---- INIT_ATTACH t=52 UE(imsi)=119 ----
  INIT_ATTACH_FAIL_ALL_LOW_RSRP: UE(imsi)=119 bestRsrp=-138.075 < min=-120 (all cells below threshold) retryIn=2s
---- INIT_ATTACH t=52 UE(imsi)=120 ----
  candOK0 cell=10 rsrp=-116.114 occ=10/10 -> SKIP_FULL
  INIT_ATTACH_FAIL_ALL_FULL: UE(imsi)=120 rsrpOk=1 (all RSRP>=min but full or invalid) retryIn=2s
---- INIT_ATTACH t=52 UE(imsi)=122 ----
  INIT_ATTACH_FAIL_ALL_LOW_RSRP: UE(imsi)=122 bestRsrp=-148.051 < min=-120 (all cells below threshold) retryIn=2s
---- INIT_ATTACH t=52 UE(imsi)=136 ----
  candOK0 cell=11 rsrp=-115.484 occ=10/10 -> SKIP_FULL
  INIT_ATTACH_FAIL_ALL_FULL: UE(imsi)=136 rsrpOk=1 (all RSRP>=min but full or invalid) retryIn=2s
---- INIT_ATTACH t=52 UE(imsi)=138 ----
  INIT_ATTACH_FAIL_ALL_LOW_RSRP: UE(imsi)=138 bestRsrp=-141.051 < min=-120 (all cells below threshold) retryIn=2s
---- INIT_ATTACH t=52 UE(imsi)=142 ----
  INIT_ATTACH_FAIL_ALL_LOW_RSRP: UE(imsi)=142 bestRsrp=-136.388 < min=-120 (all cells below threshold) retryIn=2s
---- INIT_ATTACH t=52 UE(imsi)=144 ----
  INIT_ATTACH_FAIL_ALL_LOW_RSRP: UE(imsi)=144 bestRsrp=-148.771 < min=-120 (all cells below threshold) retryIn=2s
---- INIT_ATTACH t=52 UE(imsi)=146 ----
  INIT_ATTACH_FAIL_ALL_LOW_RSRP: UE(imsi)=146 bestRsrp=-130.956 < min=-120 (all cells below threshold) retryIn=2s
---- INIT_ATTACH t=52 UE(imsi)=150 ----
  candOK0 cell=11 rsrp=-113.099 occ=10/10 -> SKIP_FULL
  INIT_ATTACH_FAIL_ALL_FULL: UE(imsi)=150 rsrpOk=1 (all RSRP>=min but full or invalid) retryIn=2s
---- INIT_ATTACH t=52 UE(imsi)=151 ----
  INIT_ATTACH_FAIL_ALL_LOW_RSRP: UE(imsi)=151 bestRsrp=-146.856 < min=-120 (all cells below threshold) retryIn=2s
---- INIT_ATTACH t=52 UE(imsi)=164 ----
  INIT_ATTACH_FAIL_ALL_LOW_RSRP: UE(imsi)=164 bestRsrp=-142.423 < min=-120 (all cells below threshold) retryIn=2s
---- INIT_ATTACH t=52 UE(imsi)=165 ----
  INIT_ATTACH_FAIL_ALL_LOW_RSRP: UE(imsi)=165 bestRsrp=-143.953 < min=-120 (all cells below threshold) retryIn=2s
---- INIT_ATTACH t=52 UE(imsi)=169 ----
  INIT_ATTACH_FAIL_ALL_LOW_RSRP: UE(imsi)=169 bestRsrp=-143.374 < min=-120 (all cells below threshold) retryIn=2s
---- INIT_ATTACH t=52 UE(imsi)=171 ----
  INIT_ATTACH_FAIL_ALL_LOW_RSRP: UE(imsi)=171 bestRsrp=-138.508 < min=-120 (all cells below threshold) retryIn=2s
---- INIT_ATTACH t=52 UE(imsi)=173 ----
  INIT_ATTACH_FAIL_ALL_LOW_RSRP: UE(imsi)=173 bestRsrp=-134.205 < min=-120 (all cells below threshold) retryIn=2s
---- INIT_ATTACH t=52 UE(imsi)=174 ----
  INIT_ATTACH_FAIL_ALL_LOW_RSRP: UE(imsi)=174 bestRsrp=-137.317 < min=-120 (all cells below threshold) retryIn=2s
---- INIT_ATTACH t=52 UE(imsi)=179 ----
  INIT_ATTACH_FAIL_ALL_LOW_RSRP: UE(imsi)=179 bestRsrp=-145.915 < min=-120 (all cells below threshold) retryIn=2s
---- INIT_ATTACH t=52 UE(imsi)=181 ----
  INIT_ATTACH_FAIL_ALL_LOW_RSRP: UE(imsi)=181 bestRsrp=-144.209 < min=-120 (all cells below threshold) retryIn=2s
---- INIT_ATTACH t=52 UE(imsi)=183 ----
  INIT_ATTACH_FAIL_ALL_LOW_RSRP: UE(imsi)=183 bestRsrp=-138.171 < min=-120 (all cells below threshold) retryIn=2s
---- INIT_ATTACH t=52 UE(imsi)=185 ----
  INIT_ATTACH_FAIL_ALL_LOW_RSRP: UE(imsi)=185 bestRsrp=-140.24 < min=-120 (all cells below threshold) retryIn=2s
---- INIT_ATTACH t=52 UE(imsi)=192 ----
  INIT_ATTACH_FAIL_ALL_LOW_RSRP: UE(imsi)=192 bestRsrp=-152.407 < min=-120 (all cells below threshold) retryIn=2s
---- INIT_ATTACH t=52 UE(imsi)=195 ----
  INIT_ATTACH_FAIL_ALL_LOW_RSRP: UE(imsi)=195 bestRsrp=-142.509 < min=-120 (all cells below threshold) retryIn=2s
---- INIT_ATTACH t=52 UE(imsi)=197 ----
  INIT_ATTACH_FAIL_ALL_LOW_RSRP: UE(imsi)=197 bestRsrp=-142.49 < min=-120 (all cells below threshold) retryIn=2s
---- INIT_ATTACH t=52 UE(imsi)=199 ----
  INIT_ATTACH_FAIL_ALL_LOW_RSRP: UE(imsi)=199 bestRsrp=-142.09 < min=-120 (all cells below threshold) retryIn=2s
---- INIT_ATTACH t=52 UE(imsi)=200 ----
  INIT_ATTACH_FAIL_ALL_LOW_RSRP: UE(imsi)=200 bestRsrp=-145.48 < min=-120 (all cells below threshold) retryIn=2s
---- INIT_ATTACH t=52 UE(imsi)=202 ----
  INIT_ATTACH_FAIL_ALL_LOW_RSRP: UE(imsi)=202 bestRsrp=-147.578 < min=-120 (all cells below threshold) retryIn=2s
---- INIT_ATTACH t=52 UE(imsi)=203 ----
  INIT_ATTACH_FAIL_ALL_LOW_RSRP: UE(imsi)=203 bestRsrp=-151.221 < min=-120 (all cells below threshold) retryIn=2s
---- INIT_ATTACH t=52 UE(imsi)=212 ----
  INIT_ATTACH_FAIL_ALL_LOW_RSRP: UE(imsi)=212 bestRsrp=-135.354 < min=-120 (all cells below threshold) retryIn=2s
---- INIT_ATTACH t=52 UE(imsi)=214 ----
  INIT_ATTACH_FAIL_ALL_LOW_RSRP: UE(imsi)=214 bestRsrp=-141.777 < min=-120 (all cells below threshold) retryIn=2s
---- INIT_ATTACH t=52 UE(imsi)=220 ----
  INIT_ATTACH_FAIL_ALL_LOW_RSRP: UE(imsi)=220 bestRsrp=-148.562 < min=-120 (all cells below threshold) retryIn=2s
---- INIT_ATTACH t=52 UE(imsi)=224 ----
  INIT_ATTACH_FAIL_ALL_LOW_RSRP: UE(imsi)=224 bestRsrp=-154.24 < min=-120 (all cells below threshold) retryIn=2s
---- INIT_ATTACH t=52 UE(imsi)=227 ----
  INIT_ATTACH_FAIL_ALL_LOW_RSRP: UE(imsi)=227 bestRsrp=-130.353 < min=-120 (all cells below threshold) retryIn=2s
---- INIT_ATTACH t=52 UE(imsi)=230 ----
  INIT_ATTACH_FAIL_ALL_LOW_RSRP: UE(imsi)=230 bestRsrp=-141.086 < min=-120 (all cells below threshold) retryIn=2s
---- INIT_ATTACH t=52 UE(imsi)=231 ----
  INIT_ATTACH_FAIL_ALL_LOW_RSRP: UE(imsi)=231 bestRsrp=-135.664 < min=-120 (all cells below threshold) retryIn=2s
---- INIT_ATTACH t=52 UE(imsi)=232 ----
  INIT_ATTACH_FAIL_ALL_LOW_RSRP: UE(imsi)=232 bestRsrp=-138.773 < min=-120 (all cells below threshold) retryIn=2s
---- INIT_ATTACH t=52 UE(imsi)=233 ----
  INIT_ATTACH_FAIL_ALL_LOW_RSRP: UE(imsi)=233 bestRsrp=-146.158 < min=-120 (all cells below threshold) retryIn=2s
---- INIT_ATTACH t=52 UE(imsi)=237 ----
  INIT_ATTACH_FAIL_ALL_LOW_RSRP: UE(imsi)=237 bestRsrp=-146.436 < min=-120 (all cells below threshold) retryIn=2s
---- INIT_ATTACH t=52 UE(imsi)=240 ----
  INIT_ATTACH_FAIL_ALL_LOW_RSRP: UE(imsi)=240 bestRsrp=-140.998 < min=-120 (all cells below threshold) retryIn=2s
---- LOAD at t=52.5 ----
  cell 1 (TN) load=16/20
  cell 2 (TN) load=11/20
  cell 3 (TN) load=7/20
  cell 4 (TN) load=7/20
  cell 5 (TN) load=15/20
  cell 6 (TN) load=16/20
  cell 7 (TN) load=19/20
  cell 8 (TN) load=14/20
  cell 9 (NTN) load=10/10
  cell 10 (NTN) load=10/10
  cell 11 (NTN) load=10/10
  cell 12 (NTN) load=8/10
  cell 13 (NTN) load=10/10
  cell 14 (NTN) load=10/10
UE 16 TTT_WAIT target=2 elapsed=0s need=2s
UE 17 TTT_WAIT target=1 elapsed=0s need=2s
UE 18 TTT_WAIT target=6 elapsed=0s need=2s
UE 19 TTT_WAIT target=6 elapsed=0s need=2s
UE 20 TTT_WAIT target=7 elapsed=0s need=2s
UE 21 TTT_WAIT target=4 elapsed=0s need=2s
UE 23 TTT_WAIT target=1 elapsed=0s need=2s
UE 25 TTT_WAIT target=2 elapsed=0s need=2s
UE 26 TTT_WAIT target=12 elapsed=0s need=2s
UE 27 TTT_WAIT target=5 elapsed=0s need=2s
LM HO UE=29 rnti=47 3->5 type=TN servingRsrp=-125.736 targetRsrp=-85.4933 targetLoadReal=15/20 targetLoadEff=15/20
UE 31 TTT_WAIT target=4 elapsed=0s need=2s
LM HO UE=33 rnti=90 7->6 type=TN servingRsrp=-115.908 targetRsrp=-78.0822 targetLoadReal=16/20 targetLoadEff=16/20
LM HO UE=34 rnti=91 1->2 type=TN servingRsrp=-114.188 targetRsrp=-72.334 targetLoadReal=11/20 targetLoadEff=11/20
UE 35 TTT_WAIT target=2 elapsed=0s need=2s
UE 38 TTT_WAIT target=3 elapsed=0s need=2s
LM HO UE=39 rnti=48 3->4 type=TN servingRsrp=-111.752 targetRsrp=-90.192 targetLoadReal=7/20 targetLoadEff=7/20
LM HO UE=40 rnti=96 13->6 type=TN servingRsrp=-123.702 targetRsrp=-95.9437 targetLoadReal=16/20 targetLoadEff=17/20
LM HO UE=43 rnti=33 4->8 type=TN servingRsrp=-129.611 targetRsrp=-90.2166 targetLoadReal=14/20 targetLoadEff=14/20
UE 44 TTT_WAIT target=2 elapsed=0s need=2s
UE 47 TTT_WAIT target=6 elapsed=0s need=2s
UE 49 TTT_WAIT target=12 elapsed=0s need=2s
LM HO UE=52 rnti=80 9->5 type=TN servingRsrp=-115.335 targetRsrp=-85.977 targetLoadReal=15/20 targetLoadEff=16/20
UE 53 TTT_WAIT target=4 elapsed=0s need=2s
UE 54 TTT_WAIT target=12 elapsed=0s need=2s
UE 56 TTT_WAIT target=3 elapsed=0s need=2s
UE 58 TTT_WAIT target=6 elapsed=0s need=2s
LM HO UE=63 rnti=101 8->3 type=TN servingRsrp=-127.318 targetRsrp=-77.5994 targetLoadReal=7/20 targetLoadEff=7/20
UE 64 TTT_WAIT target=2 elapsed=0s need=2s
UE 68 TTT_WAIT target=5 elapsed=0s need=2s
LM HO UE=72 rnti=80 6->1 type=TN servingRsrp=-110.453 targetRsrp=-84.2013 targetLoadReal=16/20 targetLoadEff=16/20
UE 73 TTT_WAIT target=4 elapsed=0s need=2s
UE 77 TTT_WAIT target=2 elapsed=0s need=2s
UE 80 TTT_WAIT target=2 elapsed=0s need=2s
LM HO UE=82 rnti=80 7->2 type=TN servingRsrp=-109.735 targetRsrp=-84.9965 targetLoadReal=11/20 targetLoadEff=12/20
UE 84 TTT_WAIT target=7 elapsed=0s need=2s
UE 87 TTT_WAIT target=7 elapsed=0s need=2s
UE 91 TTT_WAIT target=4 elapsed=0s need=2s
UE 92 TTT_WAIT target=3 elapsed=0s need=2s
UE 93 TTT_WAIT target=1 elapsed=0s need=2s
UE 95 TTT_WAIT target=6 elapsed=0s need=2s
UE 96 TTT_WAIT target=4 elapsed=0s need=2s
UE 97 TTT_WAIT target=6 elapsed=0s need=2s
UE 99 TTT_WAIT target=2 elapsed=0s need=2s
UE 101 TTT_WAIT target=8 elapsed=0s need=2s
UE 102 TTT_WAIT target=3 elapsed=0s need=2s
UE 103 TTT_WAIT target=1 elapsed=0s need=2s
LM HO UE=105 rnti=64 5->8 type=TN servingRsrp=-109.99 targetRsrp=-86.6022 targetLoadReal=14/20 targetLoadEff=15/20
UE 108 TTT_WAIT target=3 elapsed=0s need=2s
UE 109 TTT_WAIT target=3 elapsed=0s need=2s
UE 111 TTT_WAIT target=8 elapsed=0s need=2s
UE 112 TTT_WAIT target=6 elapsed=0s need=2s
UE 122 TTT_WAIT target=5 elapsed=0s need=2s
UE 124 TTT_WAIT target=6 elapsed=0s need=2s
UE 125 TTT_WAIT target=8 elapsed=0s need=2s
UE 127 TTT_WAIT target=5 elapsed=0s need=2s
UE 128 TTT_WAIT target=2 elapsed=0s need=2s
UE 130 TTT_WAIT target=7 elapsed=0s need=2s
UE 137 TTT_WAIT target=5 elapsed=0s need=2s
UE 143 TTT_WAIT target=5 elapsed=0s need=2s
LM HO UE=146 rnti=85 2->3 type=TN servingRsrp=-107.429 targetRsrp=-105.3 targetLoadReal=7/20 targetLoadEff=8/20
UE 147 TTT_WAIT target=5 elapsed=0s need=2s
UE 149 TTT_WAIT target=8 elapsed=0s need=2s
UE 151 TTT_WAIT target=1 elapsed=0s need=2s
UE 155 TTT_WAIT target=5 elapsed=0s need=2s
UE 156 TTT_WAIT target=5 elapsed=0s need=2s
UE 157 TTT_WAIT target=6 elapsed=0s need=2s
UE 158 TTT_WAIT target=1 elapsed=0s need=2s
UE 159 TTT_WAIT target=3 elapsed=0s need=2s
UE 163 TTT_WAIT target=8 elapsed=0s need=2s
UE 164 TTT_WAIT target=6 elapsed=0s need=2s
UE 165 TTT_WAIT target=6 elapsed=0s need=2s
UE 175 TTT_WAIT target=4 elapsed=0s need=2s
UE 179 TTT_WAIT target=1 elapsed=0s need=2s
UE 180 TTT_WAIT target=1 elapsed=0s need=2s
UE 185 TTT_WAIT target=1 elapsed=0s need=2s
UE 187 TTT_WAIT target=7 elapsed=0s need=2s
LM HO UE=188 rnti=82 7->1 type=TN servingRsrp=-122.964 targetRsrp=-83.4565 targetLoadReal=16/20 targetLoadEff=17/20
LM HO UE=196 rnti=95 2->4 type=TN servingRsrp=-124.401 targetRsrp=-97.1918 targetLoadReal=7/20 targetLoadEff=8/20
UE 200 TTT_WAIT target=7 elapsed=0s need=2s
UE 204 TTT_WAIT target=6 elapsed=0s need=2s
UE 205 TTT_WAIT target=1 elapsed=0s need=2s
UE 207 TTT_WAIT target=6 elapsed=0s need=2s
UE 209 TTT_WAIT target=12 elapsed=0s need=2s
UE 210 TTT_WAIT target=8 elapsed=0s need=2s
UE 211 TTT_WAIT target=4 elapsed=0s need=2s
UE 215 TTT_WAIT target=3 elapsed=0s need=2s
UE 216 TTT_WAIT target=3 elapsed=0s need=2s
LM HO UE=218 rnti=96 11->5 type=TN servingRsrp=-122.604 targetRsrp=-77.183 targetLoadReal=15/20 targetLoadEff=17/20
UE 220 TTT_WAIT target=8 elapsed=0s need=2s
UE 222 TTT_WAIT target=7 elapsed=0s need=2s
LM HO UE=228 rnti=73 7->2 type=TN servingRsrp=-104.837 targetRsrp=-97.7458 targetLoadReal=11/20 targetLoadEff=13/20
UE 230 TTT_WAIT target=5 elapsed=0s need=2s
UE 234 TTT_WAIT target=1 elapsed=0s need=2s
UE 239 TTT_WAIT target=3 elapsed=0s need=2s
UE 240 TTT_WAIT target=4 elapsed=0s need=2s
UE 241 TTT_WAIT target=3 elapsed=0s need=2s
UE 243 TTT_WAIT target=3 elapsed=0s need=2s
---- INIT_ATTACH t=54 UE(imsi)=16 ----
  INIT_ATTACH_FAIL_ALL_LOW_RSRP: UE(imsi)=16 bestRsrp=-132.012 < min=-120 (all cells below threshold) retryIn=2s
---- INIT_ATTACH t=54 UE(imsi)=20 ----
  INIT_ATTACH_FAIL_ALL_LOW_RSRP: UE(imsi)=20 bestRsrp=-149.711 < min=-120 (all cells below threshold) retryIn=2s
---- INIT_ATTACH t=54 UE(imsi)=23 ----
  INIT_ATTACH_FAIL_ALL_LOW_RSRP: UE(imsi)=23 bestRsrp=-142.723 < min=-120 (all cells below threshold) retryIn=2s
---- INIT_ATTACH t=54 UE(imsi)=25 ----
  INIT_ATTACH_FAIL_ALL_LOW_RSRP: UE(imsi)=25 bestRsrp=-131.032 < min=-120 (all cells below threshold) retryIn=2s
---- INIT_ATTACH t=54 UE(imsi)=26 ----
  INIT_ATTACH_FAIL_ALL_LOW_RSRP: UE(imsi)=26 bestRsrp=-148.13 < min=-120 (all cells below threshold) retryIn=2s
---- INIT_ATTACH t=54 UE(imsi)=29 ----
  INIT_ATTACH_FAIL_ALL_LOW_RSRP: UE(imsi)=29 bestRsrp=-151.313 < min=-120 (all cells below threshold) retryIn=2s
---- INIT_ATTACH t=54 UE(imsi)=36 ----
  INIT_ATTACH_FAIL_ALL_LOW_RSRP: UE(imsi)=36 bestRsrp=-136.215 < min=-120 (all cells below threshold) retryIn=2s
---- INIT_ATTACH t=54 UE(imsi)=38 ----
  INIT_ATTACH_FAIL_ALL_LOW_RSRP: UE(imsi)=38 bestRsrp=-147.214 < min=-120 (all cells below threshold) retryIn=2s
---- INIT_ATTACH t=54 UE(imsi)=45 ----
  INIT_ATTACH_FAIL_ALL_LOW_RSRP: UE(imsi)=45 bestRsrp=-130.309 < min=-120 (all cells below threshold) retryIn=2s
---- INIT_ATTACH t=54 UE(imsi)=53 ----
  candOK0 cell=11 rsrp=-102.867 occ=9/10 -> OK
  SELECT cell=11 rsrp=-102.867 occ(afterReserve)=10/10
  INIT_ATTACH_OK: UE(imsi)=53 -> cell=11
---- INIT_ATTACH t=54 UE(imsi)=54 ----
  INIT_ATTACH_FAIL_ALL_LOW_RSRP: UE(imsi)=54 bestRsrp=-140.131 < min=-120 (all cells below threshold) retryIn=2s
---- INIT_ATTACH t=54 UE(imsi)=55 ----
  INIT_ATTACH_FAIL_ALL_LOW_RSRP: UE(imsi)=55 bestRsrp=-157.38 < min=-120 (all cells below threshold) retryIn=2s
---- INIT_ATTACH t=54 UE(imsi)=57 ----
  INIT_ATTACH_FAIL_ALL_LOW_RSRP: UE(imsi)=57 bestRsrp=-121.779 < min=-120 (all cells below threshold) retryIn=2s
---- INIT_ATTACH t=54 UE(imsi)=61 ----
  INIT_ATTACH_FAIL_ALL_LOW_RSRP: UE(imsi)=61 bestRsrp=-139.521 < min=-120 (all cells below threshold) retryIn=2s
---- INIT_ATTACH t=54 UE(imsi)=62 ----
  INIT_ATTACH_FAIL_ALL_LOW_RSRP: UE(imsi)=62 bestRsrp=-128.026 < min=-120 (all cells below threshold) retryIn=2s
---- INIT_ATTACH t=54 UE(imsi)=67 ----
  INIT_ATTACH_FAIL_ALL_LOW_RSRP: UE(imsi)=67 bestRsrp=-139.295 < min=-120 (all cells below threshold) retryIn=2s
---- INIT_ATTACH t=54 UE(imsi)=68 ----
  INIT_ATTACH_FAIL_ALL_LOW_RSRP: UE(imsi)=68 bestRsrp=-135.331 < min=-120 (all cells below threshold) retryIn=2s
---- INIT_ATTACH t=54 UE(imsi)=73 ----
  INIT_ATTACH_FAIL_ALL_LOW_RSRP: UE(imsi)=73 bestRsrp=-143.602 < min=-120 (all cells below threshold) retryIn=2s
---- INIT_ATTACH t=54 UE(imsi)=74 ----
  INIT_ATTACH_FAIL_ALL_LOW_RSRP: UE(imsi)=74 bestRsrp=-124.89 < min=-120 (all cells below threshold) retryIn=2s
---- INIT_ATTACH t=54 UE(imsi)=76 ----
  INIT_ATTACH_FAIL_ALL_LOW_RSRP: UE(imsi)=76 bestRsrp=-140.135 < min=-120 (all cells below threshold) retryIn=2s
---- INIT_ATTACH t=54 UE(imsi)=81 ----
  INIT_ATTACH_FAIL_ALL_LOW_RSRP: UE(imsi)=81 bestRsrp=-138.598 < min=-120 (all cells below threshold) retryIn=2s
---- INIT_ATTACH t=54 UE(imsi)=85 ----
  INIT_ATTACH_FAIL_ALL_LOW_RSRP: UE(imsi)=85 bestRsrp=-140.209 < min=-120 (all cells below threshold) retryIn=2s
---- INIT_ATTACH t=54 UE(imsi)=86 ----
  INIT_ATTACH_FAIL_ALL_LOW_RSRP: UE(imsi)=86 bestRsrp=-124.145 < min=-120 (all cells below threshold) retryIn=2s
---- INIT_ATTACH t=54 UE(imsi)=87 ----
  INIT_ATTACH_FAIL_ALL_LOW_RSRP: UE(imsi)=87 bestRsrp=-135.811 < min=-120 (all cells below threshold) retryIn=2s
---- INIT_ATTACH t=54 UE(imsi)=92 ----
  INIT_ATTACH_FAIL_ALL_LOW_RSRP: UE(imsi)=92 bestRsrp=-129.086 < min=-120 (all cells below threshold) retryIn=2s
---- INIT_ATTACH t=54 UE(imsi)=97 ----
  candOK0 cell=13 rsrp=-116.887 occ=9/10 -> OK
  SELECT cell=13 rsrp=-116.887 occ(afterReserve)=10/10
  INIT_ATTACH_OK: UE(imsi)=97 -> cell=13
---- INIT_ATTACH t=54 UE(imsi)=98 ----
  INIT_ATTACH_FAIL_ALL_LOW_RSRP: UE(imsi)=98 bestRsrp=-127.715 < min=-120 (all cells below threshold) retryIn=2s
---- INIT_ATTACH t=54 UE(imsi)=109 ----
  INIT_ATTACH_FAIL_ALL_LOW_RSRP: UE(imsi)=109 bestRsrp=-129.772 < min=-120 (all cells below threshold) retryIn=2s
---- INIT_ATTACH t=54 UE(imsi)=116 ----
  INIT_ATTACH_FAIL_ALL_LOW_RSRP: UE(imsi)=116 bestRsrp=-150.133 < min=-120 (all cells below threshold) retryIn=2s
---- INIT_ATTACH t=54 UE(imsi)=119 ----
  INIT_ATTACH_FAIL_ALL_LOW_RSRP: UE(imsi)=119 bestRsrp=-139.846 < min=-120 (all cells below threshold) retryIn=2s
---- INIT_ATTACH t=54 UE(imsi)=120 ----
  INIT_ATTACH_FAIL_ALL_LOW_RSRP: UE(imsi)=120 bestRsrp=-139.825 < min=-120 (all cells below threshold) retryIn=2s
---- INIT_ATTACH t=54 UE(imsi)=122 ----
  INIT_ATTACH_FAIL_ALL_LOW_RSRP: UE(imsi)=122 bestRsrp=-144.831 < min=-120 (all cells below threshold) retryIn=2s
---- INIT_ATTACH t=54 UE(imsi)=136 ----
  INIT_ATTACH_FAIL_ALL_LOW_RSRP: UE(imsi)=136 bestRsrp=-142.37 < min=-120 (all cells below threshold) retryIn=2s
---- INIT_ATTACH t=54 UE(imsi)=138 ----
  INIT_ATTACH_FAIL_ALL_LOW_RSRP: UE(imsi)=138 bestRsrp=-140.841 < min=-120 (all cells below threshold) retryIn=2s
---- INIT_ATTACH t=54 UE(imsi)=142 ----
  INIT_ATTACH_FAIL_ALL_LOW_RSRP: UE(imsi)=142 bestRsrp=-136.441 < min=-120 (all cells below threshold) retryIn=2s
---- INIT_ATTACH t=54 UE(imsi)=144 ----
  INIT_ATTACH_FAIL_ALL_LOW_RSRP: UE(imsi)=144 bestRsrp=-147.991 < min=-120 (all cells below threshold) retryIn=2s
---- INIT_ATTACH t=54 UE(imsi)=146 ----
  INIT_ATTACH_FAIL_ALL_LOW_RSRP: UE(imsi)=146 bestRsrp=-131.847 < min=-120 (all cells below threshold) retryIn=2s
---- INIT_ATTACH t=54 UE(imsi)=150 ----
  INIT_ATTACH_FAIL_ALL_LOW_RSRP: UE(imsi)=150 bestRsrp=-146.396 < min=-120 (all cells below threshold) retryIn=2s
---- INIT_ATTACH t=54 UE(imsi)=151 ----
  INIT_ATTACH_FAIL_ALL_LOW_RSRP: UE(imsi)=151 bestRsrp=-144.468 < min=-120 (all cells below threshold) retryIn=2s
---- INIT_ATTACH t=54 UE(imsi)=164 ----
  INIT_ATTACH_FAIL_ALL_LOW_RSRP: UE(imsi)=164 bestRsrp=-142.606 < min=-120 (all cells below threshold) retryIn=2s
---- INIT_ATTACH t=54 UE(imsi)=165 ----
  INIT_ATTACH_FAIL_ALL_LOW_RSRP: UE(imsi)=165 bestRsrp=-143.327 < min=-120 (all cells below threshold) retryIn=2s
---- INIT_ATTACH t=54 UE(imsi)=169 ----
  INIT_ATTACH_FAIL_ALL_LOW_RSRP: UE(imsi)=169 bestRsrp=-142.474 < min=-120 (all cells below threshold) retryIn=2s
---- INIT_ATTACH t=54 UE(imsi)=171 ----
  INIT_ATTACH_FAIL_ALL_LOW_RSRP: UE(imsi)=171 bestRsrp=-147.779 < min=-120 (all cells below threshold) retryIn=2s
---- INIT_ATTACH t=54 UE(imsi)=173 ----
  INIT_ATTACH_FAIL_ALL_LOW_RSRP: UE(imsi)=173 bestRsrp=-132.844 < min=-120 (all cells below threshold) retryIn=2s
---- INIT_ATTACH t=54 UE(imsi)=174 ----
  INIT_ATTACH_FAIL_ALL_LOW_RSRP: UE(imsi)=174 bestRsrp=-137.933 < min=-120 (all cells below threshold) retryIn=2s
---- INIT_ATTACH t=54 UE(imsi)=179 ----
  INIT_ATTACH_FAIL_ALL_LOW_RSRP: UE(imsi)=179 bestRsrp=-145.895 < min=-120 (all cells below threshold) retryIn=2s
---- INIT_ATTACH t=54 UE(imsi)=181 ----
  INIT_ATTACH_FAIL_ALL_LOW_RSRP: UE(imsi)=181 bestRsrp=-143.545 < min=-120 (all cells below threshold) retryIn=2s
---- INIT_ATTACH t=54 UE(imsi)=183 ----
  INIT_ATTACH_FAIL_ALL_LOW_RSRP: UE(imsi)=183 bestRsrp=-140.644 < min=-120 (all cells below threshold) retryIn=2s
---- INIT_ATTACH t=54 UE(imsi)=185 ----
  INIT_ATTACH_FAIL_ALL_LOW_RSRP: UE(imsi)=185 bestRsrp=-142.484 < min=-120 (all cells below threshold) retryIn=2s
---- INIT_ATTACH t=54 UE(imsi)=192 ----
  INIT_ATTACH_FAIL_ALL_LOW_RSRP: UE(imsi)=192 bestRsrp=-135.702 < min=-120 (all cells below threshold) retryIn=2s
---- INIT_ATTACH t=54 UE(imsi)=195 ----
  INIT_ATTACH_FAIL_ALL_LOW_RSRP: UE(imsi)=195 bestRsrp=-143.546 < min=-120 (all cells below threshold) retryIn=2s
---- INIT_ATTACH t=54 UE(imsi)=197 ----
  INIT_ATTACH_FAIL_ALL_LOW_RSRP: UE(imsi)=197 bestRsrp=-143.646 < min=-120 (all cells below threshold) retryIn=2s
---- INIT_ATTACH t=54 UE(imsi)=199 ----
  INIT_ATTACH_FAIL_ALL_LOW_RSRP: UE(imsi)=199 bestRsrp=-140.335 < min=-120 (all cells below threshold) retryIn=2s
---- INIT_ATTACH t=54 UE(imsi)=200 ----
  INIT_ATTACH_FAIL_ALL_LOW_RSRP: UE(imsi)=200 bestRsrp=-145.318 < min=-120 (all cells below threshold) retryIn=2s
---- INIT_ATTACH t=54 UE(imsi)=202 ----
  INIT_ATTACH_FAIL_ALL_LOW_RSRP: UE(imsi)=202 bestRsrp=-121.666 < min=-120 (all cells below threshold) retryIn=2s
---- INIT_ATTACH t=54 UE(imsi)=203 ----
  INIT_ATTACH_FAIL_ALL_LOW_RSRP: UE(imsi)=203 bestRsrp=-149.98 < min=-120 (all cells below threshold) retryIn=2s
---- INIT_ATTACH t=54 UE(imsi)=212 ----
  INIT_ATTACH_FAIL_ALL_LOW_RSRP: UE(imsi)=212 bestRsrp=-134.192 < min=-120 (all cells below threshold) retryIn=2s
---- INIT_ATTACH t=54 UE(imsi)=214 ----
  INIT_ATTACH_FAIL_ALL_LOW_RSRP: UE(imsi)=214 bestRsrp=-140.901 < min=-120 (all cells below threshold) retryIn=2s
---- INIT_ATTACH t=54 UE(imsi)=220 ----
  INIT_ATTACH_FAIL_ALL_LOW_RSRP: UE(imsi)=220 bestRsrp=-148.541 < min=-120 (all cells below threshold) retryIn=2s
---- INIT_ATTACH t=54 UE(imsi)=224 ----
  INIT_ATTACH_FAIL_ALL_LOW_RSRP: UE(imsi)=224 bestRsrp=-153.541 < min=-120 (all cells below threshold) retryIn=2s
---- INIT_ATTACH t=54 UE(imsi)=227 ----
  INIT_ATTACH_FAIL_ALL_LOW_RSRP: UE(imsi)=227 bestRsrp=-132.015 < min=-120 (all cells below threshold) retryIn=2s
---- INIT_ATTACH t=54 UE(imsi)=230 ----
  INIT_ATTACH_FAIL_ALL_LOW_RSRP: UE(imsi)=230 bestRsrp=-138.171 < min=-120 (all cells below threshold) retryIn=2s
---- INIT_ATTACH t=54 UE(imsi)=231 ----
  INIT_ATTACH_FAIL_ALL_LOW_RSRP: UE(imsi)=231 bestRsrp=-133.662 < min=-120 (all cells below threshold) retryIn=2s
---- INIT_ATTACH t=54 UE(imsi)=232 ----
  INIT_ATTACH_FAIL_ALL_LOW_RSRP: UE(imsi)=232 bestRsrp=-140.165 < min=-120 (all cells below threshold) retryIn=2s
---- INIT_ATTACH t=54 UE(imsi)=233 ----
  INIT_ATTACH_FAIL_ALL_LOW_RSRP: UE(imsi)=233 bestRsrp=-121.886 < min=-120 (all cells below threshold) retryIn=2s
---- INIT_ATTACH t=54 UE(imsi)=237 ----
  INIT_ATTACH_FAIL_ALL_LOW_RSRP: UE(imsi)=237 bestRsrp=-144.342 < min=-120 (all cells below threshold) retryIn=2s
---- INIT_ATTACH t=54 UE(imsi)=240 ----
  INIT_ATTACH_FAIL_ALL_LOW_RSRP: UE(imsi)=240 bestRsrp=-140.924 < min=-120 (all cells below threshold) retryIn=2s
---- INIT_ATTACH t=56 UE(imsi)=16 ----
  INIT_ATTACH_FAIL_ALL_LOW_RSRP: UE(imsi)=16 bestRsrp=-134.83 < min=-120 (all cells below threshold) retryIn=2s
---- INIT_ATTACH t=56 UE(imsi)=20 ----
  INIT_ATTACH_FAIL_ALL_LOW_RSRP: UE(imsi)=20 bestRsrp=-149.01 < min=-120 (all cells below threshold) retryIn=2s
---- INIT_ATTACH t=56 UE(imsi)=23 ----
  INIT_ATTACH_FAIL_ALL_LOW_RSRP: UE(imsi)=23 bestRsrp=-142.747 < min=-120 (all cells below threshold) retryIn=2s
---- INIT_ATTACH t=56 UE(imsi)=25 ----
  INIT_ATTACH_FAIL_ALL_LOW_RSRP: UE(imsi)=25 bestRsrp=-121.588 < min=-120 (all cells below threshold) retryIn=2s
---- INIT_ATTACH t=56 UE(imsi)=26 ----
  INIT_ATTACH_FAIL_ALL_LOW_RSRP: UE(imsi)=26 bestRsrp=-147.047 < min=-120 (all cells below threshold) retryIn=2s
---- INIT_ATTACH t=56 UE(imsi)=29 ----
  INIT_ATTACH_FAIL_ALL_LOW_RSRP: UE(imsi)=29 bestRsrp=-149.858 < min=-120 (all cells below threshold) retryIn=2s
---- INIT_ATTACH t=56 UE(imsi)=36 ----
  INIT_ATTACH_FAIL_ALL_LOW_RSRP: UE(imsi)=36 bestRsrp=-138.009 < min=-120 (all cells below threshold) retryIn=2s
---- INIT_ATTACH t=56 UE(imsi)=38 ----
  INIT_ATTACH_FAIL_ALL_LOW_RSRP: UE(imsi)=38 bestRsrp=-145.622 < min=-120 (all cells below threshold) retryIn=2s
---- INIT_ATTACH t=56 UE(imsi)=45 ----
  INIT_ATTACH_FAIL_ALL_LOW_RSRP: UE(imsi)=45 bestRsrp=-126.851 < min=-120 (all cells below threshold) retryIn=2s
---- INIT_ATTACH t=56 UE(imsi)=54 ----
  INIT_ATTACH_FAIL_ALL_LOW_RSRP: UE(imsi)=54 bestRsrp=-139.228 < min=-120 (all cells below threshold) retryIn=2s
---- INIT_ATTACH t=56 UE(imsi)=55 ----
  INIT_ATTACH_FAIL_ALL_LOW_RSRP: UE(imsi)=55 bestRsrp=-155.499 < min=-120 (all cells below threshold) retryIn=2s
---- INIT_ATTACH t=56 UE(imsi)=57 ----
  INIT_ATTACH_FAIL_ALL_LOW_RSRP: UE(imsi)=57 bestRsrp=-123.243 < min=-120 (all cells below threshold) retryIn=2s
---- INIT_ATTACH t=56 UE(imsi)=61 ----
  INIT_ATTACH_FAIL_ALL_LOW_RSRP: UE(imsi)=61 bestRsrp=-138.134 < min=-120 (all cells below threshold) retryIn=2s
---- INIT_ATTACH t=56 UE(imsi)=62 ----
  INIT_ATTACH_FAIL_ALL_LOW_RSRP: UE(imsi)=62 bestRsrp=-127.387 < min=-120 (all cells below threshold) retryIn=2s
---- INIT_ATTACH t=56 UE(imsi)=67 ----
  INIT_ATTACH_FAIL_ALL_LOW_RSRP: UE(imsi)=67 bestRsrp=-139.058 < min=-120 (all cells below threshold) retryIn=2s
---- INIT_ATTACH t=56 UE(imsi)=68 ----
  INIT_ATTACH_FAIL_ALL_LOW_RSRP: UE(imsi)=68 bestRsrp=-134.586 < min=-120 (all cells below threshold) retryIn=2s
---- INIT_ATTACH t=56 UE(imsi)=73 ----
  INIT_ATTACH_FAIL_ALL_LOW_RSRP: UE(imsi)=73 bestRsrp=-140.898 < min=-120 (all cells below threshold) retryIn=2s
---- INIT_ATTACH t=56 UE(imsi)=74 ----
  INIT_ATTACH_FAIL_ALL_LOW_RSRP: UE(imsi)=74 bestRsrp=-141.473 < min=-120 (all cells below threshold) retryIn=2s
---- INIT_ATTACH t=56 UE(imsi)=76 ----
  INIT_ATTACH_FAIL_ALL_LOW_RSRP: UE(imsi)=76 bestRsrp=-139.457 < min=-120 (all cells below threshold) retryIn=2s
---- INIT_ATTACH t=56 UE(imsi)=81 ----
  INIT_ATTACH_FAIL_ALL_LOW_RSRP: UE(imsi)=81 bestRsrp=-141.535 < min=-120 (all cells below threshold) retryIn=2s
---- INIT_ATTACH t=56 UE(imsi)=85 ----
  INIT_ATTACH_FAIL_ALL_LOW_RSRP: UE(imsi)=85 bestRsrp=-139.747 < min=-120 (all cells below threshold) retryIn=2s
---- INIT_ATTACH t=56 UE(imsi)=86 ----
  INIT_ATTACH_FAIL_ALL_LOW_RSRP: UE(imsi)=86 bestRsrp=-124.12 < min=-120 (all cells below threshold) retryIn=2s
---- INIT_ATTACH t=56 UE(imsi)=87 ----
  INIT_ATTACH_FAIL_ALL_LOW_RSRP: UE(imsi)=87 bestRsrp=-133.32 < min=-120 (all cells below threshold) retryIn=2s
---- INIT_ATTACH t=56 UE(imsi)=92 ----
  INIT_ATTACH_FAIL_ALL_LOW_RSRP: UE(imsi)=92 bestRsrp=-126.981 < min=-120 (all cells below threshold) retryIn=2s
---- INIT_ATTACH t=56 UE(imsi)=98 ----
  INIT_ATTACH_FAIL_ALL_LOW_RSRP: UE(imsi)=98 bestRsrp=-128.691 < min=-120 (all cells below threshold) retryIn=2s
---- INIT_ATTACH t=56 UE(imsi)=109 ----
  INIT_ATTACH_FAIL_ALL_LOW_RSRP: UE(imsi)=109 bestRsrp=-129.27 < min=-120 (all cells below threshold) retryIn=2s
---- INIT_ATTACH t=56 UE(imsi)=116 ----
  INIT_ATTACH_FAIL_ALL_LOW_RSRP: UE(imsi)=116 bestRsrp=-151.162 < min=-120 (all cells below threshold) retryIn=2s
---- INIT_ATTACH t=56 UE(imsi)=119 ----
  INIT_ATTACH_FAIL_ALL_LOW_RSRP: UE(imsi)=119 bestRsrp=-136.833 < min=-120 (all cells below threshold) retryIn=2s
---- INIT_ATTACH t=56 UE(imsi)=120 ----
  INIT_ATTACH_FAIL_ALL_LOW_RSRP: UE(imsi)=120 bestRsrp=-127.942 < min=-120 (all cells below threshold) retryIn=2s
---- INIT_ATTACH t=56 UE(imsi)=122 ----
  INIT_ATTACH_FAIL_ALL_LOW_RSRP: UE(imsi)=122 bestRsrp=-145.592 < min=-120 (all cells below threshold) retryIn=2s
---- INIT_ATTACH t=56 UE(imsi)=136 ----
  INIT_ATTACH_FAIL_ALL_LOW_RSRP: UE(imsi)=136 bestRsrp=-143.17 < min=-120 (all cells below threshold) retryIn=2s
---- INIT_ATTACH t=56 UE(imsi)=138 ----
  INIT_ATTACH_FAIL_ALL_LOW_RSRP: UE(imsi)=138 bestRsrp=-141.196 < min=-120 (all cells below threshold) retryIn=2s
---- INIT_ATTACH t=56 UE(imsi)=142 ----
  INIT_ATTACH_FAIL_ALL_LOW_RSRP: UE(imsi)=142 bestRsrp=-136.67 < min=-120 (all cells below threshold) retryIn=2s
---- INIT_ATTACH t=56 UE(imsi)=144 ----
  INIT_ATTACH_FAIL_ALL_LOW_RSRP: UE(imsi)=144 bestRsrp=-149.963 < min=-120 (all cells below threshold) retryIn=2s
---- INIT_ATTACH t=56 UE(imsi)=146 ----
  INIT_ATTACH_FAIL_ALL_LOW_RSRP: UE(imsi)=146 bestRsrp=-127.621 < min=-120 (all cells below threshold) retryIn=2s
---- INIT_ATTACH t=56 UE(imsi)=150 ----
  INIT_ATTACH_FAIL_ALL_LOW_RSRP: UE(imsi)=150 bestRsrp=-145.263 < min=-120 (all cells below threshold) retryIn=2s
---- INIT_ATTACH t=56 UE(imsi)=151 ----
  INIT_ATTACH_FAIL_ALL_LOW_RSRP: UE(imsi)=151 bestRsrp=-146.64 < min=-120 (all cells below threshold) retryIn=2s
---- INIT_ATTACH t=56 UE(imsi)=164 ----
  INIT_ATTACH_FAIL_ALL_LOW_RSRP: UE(imsi)=164 bestRsrp=-140.835 < min=-120 (all cells below threshold) retryIn=2s
---- INIT_ATTACH t=56 UE(imsi)=165 ----
  INIT_ATTACH_FAIL_ALL_LOW_RSRP: UE(imsi)=165 bestRsrp=-143.783 < min=-120 (all cells below threshold) retryIn=2s
---- INIT_ATTACH t=56 UE(imsi)=169 ----
  INIT_ATTACH_FAIL_ALL_LOW_RSRP: UE(imsi)=169 bestRsrp=-142.244 < min=-120 (all cells below threshold) retryIn=2s
---- INIT_ATTACH t=56 UE(imsi)=171 ----
  INIT_ATTACH_FAIL_ALL_LOW_RSRP: UE(imsi)=171 bestRsrp=-148.12 < min=-120 (all cells below threshold) retryIn=2s
---- INIT_ATTACH t=56 UE(imsi)=173 ----
  INIT_ATTACH_FAIL_ALL_LOW_RSRP: UE(imsi)=173 bestRsrp=-133.87 < min=-120 (all cells below threshold) retryIn=2s
---- INIT_ATTACH t=56 UE(imsi)=174 ----
  INIT_ATTACH_FAIL_ALL_LOW_RSRP: UE(imsi)=174 bestRsrp=-137.524 < min=-120 (all cells below threshold) retryIn=2s
---- INIT_ATTACH t=56 UE(imsi)=179 ----
  INIT_ATTACH_FAIL_ALL_LOW_RSRP: UE(imsi)=179 bestRsrp=-146.388 < min=-120 (all cells below threshold) retryIn=2s
---- INIT_ATTACH t=56 UE(imsi)=181 ----
  INIT_ATTACH_FAIL_ALL_LOW_RSRP: UE(imsi)=181 bestRsrp=-142.059 < min=-120 (all cells below threshold) retryIn=2s
---- INIT_ATTACH t=56 UE(imsi)=183 ----
  INIT_ATTACH_FAIL_ALL_LOW_RSRP: UE(imsi)=183 bestRsrp=-141.803 < min=-120 (all cells below threshold) retryIn=2s
---- INIT_ATTACH t=56 UE(imsi)=185 ----
  candOK0 cell=2 rsrp=-114.428 occ=12/20 -> OK
  SELECT cell=2 rsrp=-114.428 occ(afterReserve)=13/20
  INIT_ATTACH_OK: UE(imsi)=185 -> cell=2
---- INIT_ATTACH t=56 UE(imsi)=192 ----
  INIT_ATTACH_FAIL_ALL_LOW_RSRP: UE(imsi)=192 bestRsrp=-127.402 < min=-120 (all cells below threshold) retryIn=2s
---- INIT_ATTACH t=56 UE(imsi)=195 ----
  INIT_ATTACH_FAIL_ALL_LOW_RSRP: UE(imsi)=195 bestRsrp=-142.976 < min=-120 (all cells below threshold) retryIn=2s
---- INIT_ATTACH t=56 UE(imsi)=197 ----
  INIT_ATTACH_FAIL_ALL_LOW_RSRP: UE(imsi)=197 bestRsrp=-142.841 < min=-120 (all cells below threshold) retryIn=2s
---- INIT_ATTACH t=56 UE(imsi)=199 ----
  INIT_ATTACH_FAIL_ALL_LOW_RSRP: UE(imsi)=199 bestRsrp=-141.884 < min=-120 (all cells below threshold) retryIn=2s
---- INIT_ATTACH t=56 UE(imsi)=200 ----
  INIT_ATTACH_FAIL_ALL_LOW_RSRP: UE(imsi)=200 bestRsrp=-143.42 < min=-120 (all cells below threshold) retryIn=2s
---- INIT_ATTACH t=56 UE(imsi)=202 ----
  INIT_ATTACH_FAIL_ALL_LOW_RSRP: UE(imsi)=202 bestRsrp=-130.387 < min=-120 (all cells below threshold) retryIn=2s
---- INIT_ATTACH t=56 UE(imsi)=203 ----
  INIT_ATTACH_FAIL_ALL_LOW_RSRP: UE(imsi)=203 bestRsrp=-150.755 < min=-120 (all cells below threshold) retryIn=2s
---- INIT_ATTACH t=56 UE(imsi)=212 ----
  INIT_ATTACH_FAIL_ALL_LOW_RSRP: UE(imsi)=212 bestRsrp=-134.687 < min=-120 (all cells below threshold) retryIn=2s
---- INIT_ATTACH t=56 UE(imsi)=214 ----
  INIT_ATTACH_FAIL_ALL_LOW_RSRP: UE(imsi)=214 bestRsrp=-139.5 < min=-120 (all cells below threshold) retryIn=2s
---- INIT_ATTACH t=56 UE(imsi)=220 ----
  INIT_ATTACH_FAIL_ALL_LOW_RSRP: UE(imsi)=220 bestRsrp=-149.59 < min=-120 (all cells below threshold) retryIn=2s
---- INIT_ATTACH t=56 UE(imsi)=224 ----
  INIT_ATTACH_FAIL_ALL_LOW_RSRP: UE(imsi)=224 bestRsrp=-157.006 < min=-120 (all cells below threshold) retryIn=2s
---- INIT_ATTACH t=56 UE(imsi)=227 ----
  INIT_ATTACH_FAIL_ALL_LOW_RSRP: UE(imsi)=227 bestRsrp=-126.547 < min=-120 (all cells below threshold) retryIn=2s
---- INIT_ATTACH t=56 UE(imsi)=230 ----
  INIT_ATTACH_FAIL_ALL_LOW_RSRP: UE(imsi)=230 bestRsrp=-137.848 < min=-120 (all cells below threshold) retryIn=2s
---- INIT_ATTACH t=56 UE(imsi)=231 ----
  INIT_ATTACH_FAIL_ALL_LOW_RSRP: UE(imsi)=231 bestRsrp=-126.305 < min=-120 (all cells below threshold) retryIn=2s
---- INIT_ATTACH t=56 UE(imsi)=232 ----
  INIT_ATTACH_FAIL_ALL_LOW_RSRP: UE(imsi)=232 bestRsrp=-140.694 < min=-120 (all cells below threshold) retryIn=2s
---- INIT_ATTACH t=56 UE(imsi)=233 ----
  INIT_ATTACH_FAIL_ALL_LOW_RSRP: UE(imsi)=233 bestRsrp=-144.718 < min=-120 (all cells below threshold) retryIn=2s
---- INIT_ATTACH t=56 UE(imsi)=237 ----
  INIT_ATTACH_FAIL_ALL_LOW_RSRP: UE(imsi)=237 bestRsrp=-144.622 < min=-120 (all cells below threshold) retryIn=2s
---- INIT_ATTACH t=56 UE(imsi)=240 ----
  INIT_ATTACH_FAIL_ALL_LOW_RSRP: UE(imsi)=240 bestRsrp=-141.83 < min=-120 (all cells below threshold) retryIn=2s
---- LOAD at t=57.5 ----
  cell 1 (TN) load=17/20
  cell 2 (TN) load=13/20
  cell 3 (TN) load=7/20
  cell 4 (TN) load=8/20
  cell 5 (TN) load=17/20
  cell 6 (TN) load=17/20
  cell 7 (TN) load=15/20
  cell 8 (TN) load=15/20
  cell 9 (NTN) load=9/10
  cell 10 (NTN) load=10/10
  cell 11 (NTN) load=10/10
  cell 12 (NTN) load=8/10
  cell 13 (NTN) load=10/10
  cell 14 (NTN) load=10/10
UE 16 TTT_WAIT target=1 elapsed=0s need=2s
LM HO UE=19 rnti=63 12->6 type=TN servingRsrp=-124.083 targetRsrp=-100.169 targetLoadReal=17/20 targetLoadEff=17/20
UE 20 TTT_WAIT target=5 elapsed=0s need=2s
LM HO UE=25 rnti=48 6->2 type=TN servingRsrp=-114.046 targetRsrp=-73.7486 targetLoadReal=13/20 targetLoadEff=13/20
UE 26 TTT_WAIT target=1 elapsed=0s need=2s
UE 27 TTT_WAIT target=8 elapsed=0s need=2s
UE 29 TTT_WAIT target=3 elapsed=0s need=2s
UE 33 TTT_WAIT target=2 elapsed=0s need=2s
LM HO UE=35 rnti=78 6->2 type=TN servingRsrp=-134.046 targetRsrp=-100.325 targetLoadReal=13/20 targetLoadEff=14/20
UE 39 TTT_WAIT target=8 elapsed=0s need=2s
UE 40 TTT_WAIT target=3 elapsed=0s need=2s
UE 41 TTT_WAIT target=3 elapsed=0s need=2s
UE 42 TTT_WAIT target=4 elapsed=0s need=2s
UE 44 TTT_WAIT target=6 elapsed=0s need=2s
UE 46 TTT_WAIT target=4 elapsed=0s need=2s
LM HO UE=47 rnti=83 1->6 type=TN servingRsrp=-117.888 targetRsrp=-112.364 targetLoadReal=17/20 targetLoadEff=18/20
UE 49 TTT_WAIT target=9 elapsed=0s need=2s
UE 52 TTT_WAIT target=3 elapsed=0s need=2s
UE 53 TTT_WAIT target=1 elapsed=0s need=2s
UE 54 TTT_WAIT target=5 elapsed=0s need=2s
UE 62 TTT_WAIT target=1 elapsed=0s need=2s
UE 63 TTT_WAIT target=8 elapsed=0s need=2s
UE 64 TTT_WAIT target=8 elapsed=0s need=2s
UE 68 TTT_WAIT target=3 elapsed=0s need=2s
UE 70 TTT_WAIT target=2 elapsed=0s need=2s
UE 72 TTT_WAIT target=6 elapsed=0s need=2s
UE 73 TTT_WAIT target=6 elapsed=0s need=2s
UE 75 TTT_WAIT target=2 elapsed=0s need=2s
UE 79 TTT_WAIT target=4 elapsed=0s need=2s
LM HO UE=80 rnti=49 6->2 type=TN servingRsrp=-95.4718 targetRsrp=-86.8798 targetLoadReal=13/20 targetLoadEff=15/20
UE 82 TTT_WAIT target=6 elapsed=0s need=2s
LM HO UE=84 rnti=104 9->7 type=TN servingRsrp=-127.111 targetRsrp=-78.1235 targetLoadReal=15/20 targetLoadEff=15/20
LM HO UE=87 rnti=96 10->7 type=TN servingRsrp=-115.512 targetRsrp=-100.338 targetLoadReal=15/20 targetLoadEff=16/20
UE 90 TTT_WAIT target=8 elapsed=0s need=2s
UE 91 TTT_WAIT target=12 elapsed=0s need=2s
LM HO UE=92 rnti=91 8->3 type=TN servingRsrp=-129.346 targetRsrp=-76.517 targetLoadReal=7/20 targetLoadEff=7/20
UE 93 TTT_WAIT target=4 elapsed=0s need=2s
UE 95 TTT_WAIT target=9 elapsed=0s need=2s
LM HO UE=96 rnti=29 13->4 type=TN servingRsrp=-125.228 targetRsrp=-84.5754 targetLoadReal=8/20 targetLoadEff=8/20
UE 97 TTT_WAIT target=3 elapsed=0s need=2s
UE 99 TTT_WAIT target=7 elapsed=0s need=2s
UE 101 TTT_WAIT target=9 elapsed=0s need=2s
UE 103 TTT_WAIT target=6 elapsed=0s need=2s
UE 104 TTT_WAIT target=4 elapsed=0s need=2s
UE 109 TTT_WAIT target=2 elapsed=0s need=2s
UE 111 TTT_WAIT target=4 elapsed=0s need=2s
LM HO UE=112 rnti=56 1->6 type=TN servingRsrp=-106.662 targetRsrp=-73.7661 targetLoadReal=17/20 targetLoadEff=19/20
UE 114 TTT_WAIT target=7 elapsed=0s need=2s
UE 115 TTT_WAIT target=3 elapsed=0s need=2s
UE 124 TTT_WAIT target=1 elapsed=0s need=2s
UE 127 TTT_WAIT target=8 elapsed=0s need=2s
LM HO UE=128 rnti=64 12->2 type=TN servingRsrp=-127.917 targetRsrp=-100.398 targetLoadReal=13/20 targetLoadEff=16/20
UE 130 TTT_WAIT target=2 elapsed=0s need=2s
UE 131 TTT_WAIT target=2 elapsed=0s need=2s
UE 135 TTT_WAIT target=1 elapsed=0s need=2s
LM HO UE=137 rnti=15 12->5 type=TN servingRsrp=-91.3754 targetRsrp=-79.6369 targetLoadReal=17/20 targetLoadEff=17/20
UE 140 TTT_WAIT target=1 elapsed=0s need=2s
UE 143 TTT_WAIT target=2 elapsed=0s need=2s
UE 144 TTT_WAIT target=7 elapsed=0s need=2s
UE 146 TTT_WAIT target=2 elapsed=0s need=2s
UE 147 TTT_WAIT target=8 elapsed=0s need=2s
UE 149 TTT_WAIT target=4 elapsed=0s need=2s
UE 150 TTT_WAIT target=8 elapsed=0s need=2s
UE 153 TTT_WAIT target=12 elapsed=0s need=2s
UE 157 TTT_WAIT target=9 elapsed=0s need=2s
UE 158 TTT_WAIT target=8 elapsed=0s need=2s
UE 159 TTT_WAIT target=1 elapsed=0s need=2s
LM HO UE=163 rnti=92 1->8 type=TN servingRsrp=-112.127 targetRsrp=-87.13 targetLoadReal=15/20 targetLoadEff=15/20
UE 164 TTT_WAIT target=4 elapsed=0s need=2s
UE 165 TTT_WAIT target=8 elapsed=0s need=2s
UE 175 TTT_WAIT target=7 elapsed=0s need=2s
UE 179 TTT_WAIT target=4 elapsed=0s need=2s
LM HO UE=185 rnti=71 8->1 type=TN servingRsrp=-98.7983 targetRsrp=-92.3701 targetLoadReal=17/20 targetLoadEff=17/20
LM HO UE=187 rnti=72 10->7 type=TN servingRsrp=-119.195 targetRsrp=-63.6527 targetLoadReal=15/20 targetLoadEff=17/20
UE 193 TTT_WAIT target=4 elapsed=0s need=2s
UE 194 TTT_WAIT target=9 elapsed=0s need=2s
UE 195 TTT_WAIT target=2 elapsed=0s need=2s
UE 200 TTT_WAIT target=2 elapsed=0s need=2s
UE 205 TTT_WAIT target=5 elapsed=0s need=2s
UE 206 TTT_WAIT target=8 elapsed=0s need=2s
UE 207 TTT_WAIT target=4 elapsed=0s need=2s
UE 209 TTT_WAIT target=4 elapsed=0s need=2s
UE 210 TTT_WAIT target=1 elapsed=0s need=2s
LM HO_FAIL_LOW_RSRP UE=211 currCell=3 candCell=12 candRsrp=-123.829 < min=-120
UE 212 TTT_WAIT target=9 elapsed=0s need=2s
UE 213 TTT_WAIT target=9 elapsed=0s need=2s
UE 215 TTT_WAIT target=1 elapsed=0s need=2s
LM HO UE=216 rnti=102 8->3 type=TN servingRsrp=-122.45 targetRsrp=-107.057 targetLoadReal=7/20 targetLoadEff=8/20
UE 217 TTT_WAIT target=4 elapsed=0s need=2s
LM HO_FAIL_LOW_RSRP UE=218 currCell=5 candCell=12 candRsrp=-121.737 < min=-120
UE 219 TTT_WAIT target=2 elapsed=0s need=2s
UE 220 TTT_WAIT target=12 elapsed=0s need=2s
UE 223 TTT_WAIT target=8 elapsed=0s need=2s
UE 224 TTT_WAIT target=8 elapsed=0s need=2s
UE 228 TTT_WAIT target=12 elapsed=0s need=2s
UE 229 TTT_WAIT target=9 elapsed=0s need=2s
UE 230 TTT_WAIT target=8 elapsed=0s need=2s
UE 233 TTT_WAIT target=8 elapsed=0s need=2s
UE 234 TTT_WAIT target=5 elapsed=0s need=2s
UE 237 TTT_WAIT target=3 elapsed=0s need=2s
UE 239 TTT_WAIT target=4 elapsed=0s need=2s
UE 240 TTT_WAIT target=2 elapsed=0s need=2s
---- INIT_ATTACH t=58 UE(imsi)=16 ----
  INIT_ATTACH_FAIL_ALL_LOW_RSRP: UE(imsi)=16 bestRsrp=-123.722 < min=-120 (all cells below threshold) retryIn=2s
---- INIT_ATTACH t=58 UE(imsi)=20 ----
  INIT_ATTACH_FAIL_ALL_LOW_RSRP: UE(imsi)=20 bestRsrp=-150.019 < min=-120 (all cells below threshold) retryIn=2s
---- INIT_ATTACH t=58 UE(imsi)=23 ----
  INIT_ATTACH_FAIL_ALL_LOW_RSRP: UE(imsi)=23 bestRsrp=-139.958 < min=-120 (all cells below threshold) retryIn=2s
---- INIT_ATTACH t=58 UE(imsi)=25 ----
  INIT_ATTACH_FAIL_ALL_LOW_RSRP: UE(imsi)=25 bestRsrp=-129.563 < min=-120 (all cells below threshold) retryIn=2s
---- INIT_ATTACH t=58 UE(imsi)=26 ----
  INIT_ATTACH_FAIL_ALL_LOW_RSRP: UE(imsi)=26 bestRsrp=-144.116 < min=-120 (all cells below threshold) retryIn=2s
---- INIT_ATTACH t=58 UE(imsi)=29 ----
  INIT_ATTACH_FAIL_ALL_LOW_RSRP: UE(imsi)=29 bestRsrp=-128.609 < min=-120 (all cells below threshold) retryIn=2s
---- INIT_ATTACH t=58 UE(imsi)=36 ----
  INIT_ATTACH_FAIL_ALL_LOW_RSRP: UE(imsi)=36 bestRsrp=-137.089 < min=-120 (all cells below threshold) retryIn=2s
---- INIT_ATTACH t=58 UE(imsi)=38 ----
  INIT_ATTACH_FAIL_ALL_LOW_RSRP: UE(imsi)=38 bestRsrp=-128.611 < min=-120 (all cells below threshold) retryIn=2s
---- INIT_ATTACH t=58 UE(imsi)=45 ----
  INIT_ATTACH_FAIL_ALL_LOW_RSRP: UE(imsi)=45 bestRsrp=-128.71 < min=-120 (all cells below threshold) retryIn=2s
---- INIT_ATTACH t=58 UE(imsi)=54 ----
  INIT_ATTACH_FAIL_ALL_LOW_RSRP: UE(imsi)=54 bestRsrp=-140.279 < min=-120 (all cells below threshold) retryIn=2s
---- INIT_ATTACH t=58 UE(imsi)=55 ----
  INIT_ATTACH_FAIL_ALL_LOW_RSRP: UE(imsi)=55 bestRsrp=-156.045 < min=-120 (all cells below threshold) retryIn=2s
---- INIT_ATTACH t=58 UE(imsi)=57 ----
  INIT_ATTACH_FAIL_ALL_LOW_RSRP: UE(imsi)=57 bestRsrp=-121.644 < min=-120 (all cells below threshold) retryIn=2s
---- INIT_ATTACH t=58 UE(imsi)=61 ----
  INIT_ATTACH_FAIL_ALL_LOW_RSRP: UE(imsi)=61 bestRsrp=-138.303 < min=-120 (all cells below threshold) retryIn=2s
---- INIT_ATTACH t=58 UE(imsi)=62 ----
  INIT_ATTACH_FAIL_ALL_LOW_RSRP: UE(imsi)=62 bestRsrp=-128.346 < min=-120 (all cells below threshold) retryIn=2s
---- INIT_ATTACH t=58 UE(imsi)=67 ----
  candOK0 cell=10 rsrp=-119.514 occ=8/10 -> OK
  SELECT cell=10 rsrp=-119.514 occ(afterReserve)=9/10
  INIT_ATTACH_OK: UE(imsi)=67 -> cell=10
---- INIT_ATTACH t=58 UE(imsi)=68 ----
  INIT_ATTACH_FAIL_ALL_LOW_RSRP: UE(imsi)=68 bestRsrp=-135.674 < min=-120 (all cells below threshold) retryIn=2s
---- INIT_ATTACH t=58 UE(imsi)=73 ----
  INIT_ATTACH_FAIL_ALL_LOW_RSRP: UE(imsi)=73 bestRsrp=-141.978 < min=-120 (all cells below threshold) retryIn=2s
---- INIT_ATTACH t=58 UE(imsi)=74 ----
  INIT_ATTACH_FAIL_ALL_LOW_RSRP: UE(imsi)=74 bestRsrp=-140.791 < min=-120 (all cells below threshold) retryIn=2s
---- INIT_ATTACH t=58 UE(imsi)=76 ----
  INIT_ATTACH_FAIL_ALL_LOW_RSRP: UE(imsi)=76 bestRsrp=-138.689 < min=-120 (all cells below threshold) retryIn=2s
---- INIT_ATTACH t=58 UE(imsi)=81 ----
  INIT_ATTACH_FAIL_ALL_LOW_RSRP: UE(imsi)=81 bestRsrp=-140.266 < min=-120 (all cells below threshold) retryIn=2s
---- INIT_ATTACH t=58 UE(imsi)=85 ----
  INIT_ATTACH_FAIL_ALL_LOW_RSRP: UE(imsi)=85 bestRsrp=-126.988 < min=-120 (all cells below threshold) retryIn=2s
---- INIT_ATTACH t=58 UE(imsi)=86 ----
  INIT_ATTACH_FAIL_ALL_LOW_RSRP: UE(imsi)=86 bestRsrp=-123.811 < min=-120 (all cells below threshold) retryIn=2s
---- INIT_ATTACH t=58 UE(imsi)=87 ----
  INIT_ATTACH_FAIL_ALL_LOW_RSRP: UE(imsi)=87 bestRsrp=-134.004 < min=-120 (all cells below threshold) retryIn=2s
---- INIT_ATTACH t=58 UE(imsi)=92 ----
  candOK0 cell=5 rsrp=-98.5351 occ=18/20 -> OK
  candOK1 cell=11 rsrp=-101.467 occ=10/10 -> SKIP_FULL
  SELECT cell=5 rsrp=-98.5351 occ(afterReserve)=19/20
  INIT_ATTACH_OK: UE(imsi)=92 -> cell=5
---- INIT_ATTACH t=58 UE(imsi)=98 ----
  INIT_ATTACH_FAIL_ALL_LOW_RSRP: UE(imsi)=98 bestRsrp=-130.266 < min=-120 (all cells below threshold) retryIn=2s
---- INIT_ATTACH t=58 UE(imsi)=109 ----
  candOK0 cell=5 rsrp=-115.591 occ=19/20 -> OK
  SELECT cell=5 rsrp=-115.591 occ(afterReserve)=20/20
  INIT_ATTACH_OK: UE(imsi)=109 -> cell=5
---- INIT_ATTACH t=58 UE(imsi)=116 ----
  INIT_ATTACH_FAIL_ALL_LOW_RSRP: UE(imsi)=116 bestRsrp=-147.751 < min=-120 (all cells below threshold) retryIn=2s
---- INIT_ATTACH t=58 UE(imsi)=119 ----
  INIT_ATTACH_FAIL_ALL_LOW_RSRP: UE(imsi)=119 bestRsrp=-139.469 < min=-120 (all cells below threshold) retryIn=2s
---- INIT_ATTACH t=58 UE(imsi)=120 ----
  INIT_ATTACH_FAIL_ALL_LOW_RSRP: UE(imsi)=120 bestRsrp=-138.635 < min=-120 (all cells below threshold) retryIn=2s
---- INIT_ATTACH t=58 UE(imsi)=122 ----
  INIT_ATTACH_FAIL_ALL_LOW_RSRP: UE(imsi)=122 bestRsrp=-144.607 < min=-120 (all cells below threshold) retryIn=2s
---- INIT_ATTACH t=58 UE(imsi)=136 ----
  INIT_ATTACH_FAIL_ALL_LOW_RSRP: UE(imsi)=136 bestRsrp=-143.039 < min=-120 (all cells below threshold) retryIn=2s
---- INIT_ATTACH t=58 UE(imsi)=138 ----
  INIT_ATTACH_FAIL_ALL_LOW_RSRP: UE(imsi)=138 bestRsrp=-142.187 < min=-120 (all cells below threshold) retryIn=2s
---- INIT_ATTACH t=58 UE(imsi)=142 ----
  INIT_ATTACH_FAIL_ALL_LOW_RSRP: UE(imsi)=142 bestRsrp=-133.736 < min=-120 (all cells below threshold) retryIn=2s
---- INIT_ATTACH t=58 UE(imsi)=144 ----
  INIT_ATTACH_FAIL_ALL_LOW_RSRP: UE(imsi)=144 bestRsrp=-148.003 < min=-120 (all cells below threshold) retryIn=2s
---- INIT_ATTACH t=58 UE(imsi)=146 ----
  INIT_ATTACH_FAIL_ALL_LOW_RSRP: UE(imsi)=146 bestRsrp=-130.416 < min=-120 (all cells below threshold) retryIn=2s
---- INIT_ATTACH t=58 UE(imsi)=150 ----
  INIT_ATTACH_FAIL_ALL_LOW_RSRP: UE(imsi)=150 bestRsrp=-147.529 < min=-120 (all cells below threshold) retryIn=2s
---- INIT_ATTACH t=58 UE(imsi)=151 ----
  INIT_ATTACH_FAIL_ALL_LOW_RSRP: UE(imsi)=151 bestRsrp=-146.249 < min=-120 (all cells below threshold) retryIn=2s
---- INIT_ATTACH t=58 UE(imsi)=164 ----
  INIT_ATTACH_FAIL_ALL_LOW_RSRP: UE(imsi)=164 bestRsrp=-142.316 < min=-120 (all cells below threshold) retryIn=2s
---- INIT_ATTACH t=58 UE(imsi)=165 ----
  INIT_ATTACH_FAIL_ALL_LOW_RSRP: UE(imsi)=165 bestRsrp=-144.569 < min=-120 (all cells below threshold) retryIn=2s
---- INIT_ATTACH t=58 UE(imsi)=169 ----
  INIT_ATTACH_FAIL_ALL_LOW_RSRP: UE(imsi)=169 bestRsrp=-127.082 < min=-120 (all cells below threshold) retryIn=2s
---- INIT_ATTACH t=58 UE(imsi)=171 ----
  INIT_ATTACH_FAIL_ALL_LOW_RSRP: UE(imsi)=171 bestRsrp=-144.999 < min=-120 (all cells below threshold) retryIn=2s
---- INIT_ATTACH t=58 UE(imsi)=173 ----
  INIT_ATTACH_FAIL_ALL_LOW_RSRP: UE(imsi)=173 bestRsrp=-134.532 < min=-120 (all cells below threshold) retryIn=2s
---- INIT_ATTACH t=58 UE(imsi)=174 ----
  INIT_ATTACH_FAIL_ALL_LOW_RSRP: UE(imsi)=174 bestRsrp=-137.788 < min=-120 (all cells below threshold) retryIn=2s
---- INIT_ATTACH t=58 UE(imsi)=179 ----
  INIT_ATTACH_FAIL_ALL_LOW_RSRP: UE(imsi)=179 bestRsrp=-146.848 < min=-120 (all cells below threshold) retryIn=2s
---- INIT_ATTACH t=58 UE(imsi)=181 ----
  INIT_ATTACH_FAIL_ALL_LOW_RSRP: UE(imsi)=181 bestRsrp=-142.599 < min=-120 (all cells below threshold) retryIn=2s
---- INIT_ATTACH t=58 UE(imsi)=183 ----
  INIT_ATTACH_FAIL_ALL_LOW_RSRP: UE(imsi)=183 bestRsrp=-141.386 < min=-120 (all cells below threshold) retryIn=2s
---- INIT_ATTACH t=58 UE(imsi)=192 ----
  INIT_ATTACH_FAIL_ALL_LOW_RSRP: UE(imsi)=192 bestRsrp=-150.747 < min=-120 (all cells below threshold) retryIn=2s
---- INIT_ATTACH t=58 UE(imsi)=195 ----
  INIT_ATTACH_FAIL_ALL_LOW_RSRP: UE(imsi)=195 bestRsrp=-143.643 < min=-120 (all cells below threshold) retryIn=2s
---- INIT_ATTACH t=58 UE(imsi)=197 ----
  INIT_ATTACH_FAIL_ALL_LOW_RSRP: UE(imsi)=197 bestRsrp=-143.661 < min=-120 (all cells below threshold) retryIn=2s
---- INIT_ATTACH t=58 UE(imsi)=199 ----
  INIT_ATTACH_FAIL_ALL_LOW_RSRP: UE(imsi)=199 bestRsrp=-140.876 < min=-120 (all cells below threshold) retryIn=2s
---- INIT_ATTACH t=58 UE(imsi)=200 ----
  INIT_ATTACH_FAIL_ALL_LOW_RSRP: UE(imsi)=200 bestRsrp=-143.674 < min=-120 (all cells below threshold) retryIn=2s
---- INIT_ATTACH t=58 UE(imsi)=202 ----
  INIT_ATTACH_FAIL_ALL_LOW_RSRP: UE(imsi)=202 bestRsrp=-147.446 < min=-120 (all cells below threshold) retryIn=2s
---- INIT_ATTACH t=58 UE(imsi)=203 ----
  INIT_ATTACH_FAIL_ALL_LOW_RSRP: UE(imsi)=203 bestRsrp=-121.173 < min=-120 (all cells below threshold) retryIn=2s
---- INIT_ATTACH t=58 UE(imsi)=212 ----
  INIT_ATTACH_FAIL_ALL_LOW_RSRP: UE(imsi)=212 bestRsrp=-131.78 < min=-120 (all cells below threshold) retryIn=2s
---- INIT_ATTACH t=58 UE(imsi)=214 ----
  INIT_ATTACH_FAIL_ALL_LOW_RSRP: UE(imsi)=214 bestRsrp=-141.686 < min=-120 (all cells below threshold) retryIn=2s
---- INIT_ATTACH t=58 UE(imsi)=220 ----
  INIT_ATTACH_FAIL_ALL_LOW_RSRP: UE(imsi)=220 bestRsrp=-150.622 < min=-120 (all cells below threshold) retryIn=2s
---- INIT_ATTACH t=58 UE(imsi)=224 ----
  INIT_ATTACH_FAIL_ALL_LOW_RSRP: UE(imsi)=224 bestRsrp=-154.426 < min=-120 (all cells below threshold) retryIn=2s
---- INIT_ATTACH t=58 UE(imsi)=227 ----
  INIT_ATTACH_FAIL_ALL_LOW_RSRP: UE(imsi)=227 bestRsrp=-131.207 < min=-120 (all cells below threshold) retryIn=2s
---- INIT_ATTACH t=58 UE(imsi)=230 ----
  INIT_ATTACH_FAIL_ALL_LOW_RSRP: UE(imsi)=230 bestRsrp=-139.755 < min=-120 (all cells below threshold) retryIn=2s
---- INIT_ATTACH t=58 UE(imsi)=231 ----
  INIT_ATTACH_FAIL_ALL_LOW_RSRP: UE(imsi)=231 bestRsrp=-134.375 < min=-120 (all cells below threshold) retryIn=2s
---- INIT_ATTACH t=58 UE(imsi)=232 ----
  INIT_ATTACH_FAIL_ALL_LOW_RSRP: UE(imsi)=232 bestRsrp=-140.355 < min=-120 (all cells below threshold) retryIn=2s
---- INIT_ATTACH t=58 UE(imsi)=233 ----
  INIT_ATTACH_FAIL_ALL_LOW_RSRP: UE(imsi)=233 bestRsrp=-143.611 < min=-120 (all cells below threshold) retryIn=2s
---- INIT_ATTACH t=58 UE(imsi)=237 ----
  INIT_ATTACH_FAIL_ALL_LOW_RSRP: UE(imsi)=237 bestRsrp=-144.212 < min=-120 (all cells below threshold) retryIn=2s
---- INIT_ATTACH t=58 UE(imsi)=240 ----
  INIT_ATTACH_FAIL_ALL_LOW_RSRP: UE(imsi)=240 bestRsrp=-140.462 < min=-120 (all cells below threshold) retryIn=2s
---- INIT_ATTACH t=60 UE(imsi)=16 ----
  INIT_ATTACH_FAIL_ALL_LOW_RSRP: UE(imsi)=16 bestRsrp=-135.014 < min=-120 (all cells below threshold) retryIn=2s
---- INIT_ATTACH t=60 UE(imsi)=20 ----
  INIT_ATTACH_FAIL_ALL_LOW_RSRP: UE(imsi)=20 bestRsrp=-148.012 < min=-120 (all cells below threshold) retryIn=2s
---- INIT_ATTACH t=60 UE(imsi)=23 ----
  INIT_ATTACH_FAIL_ALL_LOW_RSRP: UE(imsi)=23 bestRsrp=-143.137 < min=-120 (all cells below threshold) retryIn=2s
---- INIT_ATTACH t=60 UE(imsi)=25 ----
  INIT_ATTACH_FAIL_ALL_LOW_RSRP: UE(imsi)=25 bestRsrp=-130.577 < min=-120 (all cells below threshold) retryIn=2s
---- INIT_ATTACH t=60 UE(imsi)=26 ----
  INIT_ATTACH_FAIL_ALL_LOW_RSRP: UE(imsi)=26 bestRsrp=-145.912 < min=-120 (all cells below threshold) retryIn=2s
---- INIT_ATTACH t=60 UE(imsi)=29 ----
  INIT_ATTACH_FAIL_ALL_LOW_RSRP: UE(imsi)=29 bestRsrp=-151.26 < min=-120 (all cells below threshold) retryIn=2s
---- INIT_ATTACH t=60 UE(imsi)=36 ----
  INIT_ATTACH_FAIL_ALL_LOW_RSRP: UE(imsi)=36 bestRsrp=-138.086 < min=-120 (all cells below threshold) retryIn=2s
---- INIT_ATTACH t=60 UE(imsi)=38 ----
  INIT_ATTACH_FAIL_ALL_LOW_RSRP: UE(imsi)=38 bestRsrp=-146.198 < min=-120 (all cells below threshold) retryIn=2s
---- INIT_ATTACH t=60 UE(imsi)=45 ----
  INIT_ATTACH_FAIL_ALL_LOW_RSRP: UE(imsi)=45 bestRsrp=-129.948 < min=-120 (all cells below threshold) retryIn=2s
---- INIT_ATTACH t=60 UE(imsi)=54 ----
  INIT_ATTACH_FAIL_ALL_LOW_RSRP: UE(imsi)=54 bestRsrp=-121.246 < min=-120 (all cells below threshold) retryIn=2s
---- INIT_ATTACH t=60 UE(imsi)=55 ----
  INIT_ATTACH_FAIL_ALL_LOW_RSRP: UE(imsi)=55 bestRsrp=-152.83 < min=-120 (all cells below threshold) retryIn=2s
---- INIT_ATTACH t=60 UE(imsi)=57 ----
  INIT_ATTACH_FAIL_ALL_LOW_RSRP: UE(imsi)=57 bestRsrp=-122.272 < min=-120 (all cells below threshold) retryIn=2s
---- INIT_ATTACH t=60 UE(imsi)=61 ----
  INIT_ATTACH_FAIL_ALL_LOW_RSRP: UE(imsi)=61 bestRsrp=-126.429 < min=-120 (all cells below threshold) retryIn=2s
---- INIT_ATTACH t=60 UE(imsi)=62 ----
  INIT_ATTACH_FAIL_ALL_LOW_RSRP: UE(imsi)=62 bestRsrp=-130.142 < min=-120 (all cells below threshold) retryIn=2s
---- INIT_ATTACH t=60 UE(imsi)=68 ----
  INIT_ATTACH_FAIL_ALL_LOW_RSRP: UE(imsi)=68 bestRsrp=-131.926 < min=-120 (all cells below threshold) retryIn=2s
---- INIT_ATTACH t=60 UE(imsi)=73 ----
  INIT_ATTACH_FAIL_ALL_LOW_RSRP: UE(imsi)=73 bestRsrp=-142.158 < min=-120 (all cells below threshold) retryIn=2s
---- INIT_ATTACH t=60 UE(imsi)=74 ----
  candOK0 cell=12 rsrp=-113.075 occ=5/10 -> OK
  SELECT cell=12 rsrp=-113.075 occ(afterReserve)=6/10
  INIT_ATTACH_OK: UE(imsi)=74 -> cell=12
---- INIT_ATTACH t=60 UE(imsi)=76 ----
  INIT_ATTACH_FAIL_ALL_LOW_RSRP: UE(imsi)=76 bestRsrp=-140.89 < min=-120 (all cells below threshold) retryIn=2s
---- INIT_ATTACH t=60 UE(imsi)=81 ----
  INIT_ATTACH_FAIL_ALL_LOW_RSRP: UE(imsi)=81 bestRsrp=-140.202 < min=-120 (all cells below threshold) retryIn=2s
---- INIT_ATTACH t=60 UE(imsi)=85 ----
  INIT_ATTACH_FAIL_ALL_LOW_RSRP: UE(imsi)=85 bestRsrp=-141.214 < min=-120 (all cells below threshold) retryIn=2s
---- INIT_ATTACH t=60 UE(imsi)=86 ----
  INIT_ATTACH_FAIL_ALL_LOW_RSRP: UE(imsi)=86 bestRsrp=-124.717 < min=-120 (all cells below threshold) retryIn=2s
---- INIT_ATTACH t=60 UE(imsi)=87 ----
  INIT_ATTACH_FAIL_ALL_LOW_RSRP: UE(imsi)=87 bestRsrp=-135.27 < min=-120 (all cells below threshold) retryIn=2s
---- INIT_ATTACH t=60 UE(imsi)=98 ----
  INIT_ATTACH_FAIL_ALL_LOW_RSRP: UE(imsi)=98 bestRsrp=-125.088 < min=-120 (all cells below threshold) retryIn=2s
---- INIT_ATTACH t=60 UE(imsi)=116 ----
  INIT_ATTACH_FAIL_ALL_LOW_RSRP: UE(imsi)=116 bestRsrp=-149.562 < min=-120 (all cells below threshold) retryIn=2s
---- INIT_ATTACH t=60 UE(imsi)=119 ----
  INIT_ATTACH_FAIL_ALL_LOW_RSRP: UE(imsi)=119 bestRsrp=-136.657 < min=-120 (all cells below threshold) retryIn=2s
---- INIT_ATTACH t=60 UE(imsi)=120 ----
  INIT_ATTACH_FAIL_ALL_LOW_RSRP: UE(imsi)=120 bestRsrp=-140.794 < min=-120 (all cells below threshold) retryIn=2s
---- INIT_ATTACH t=60 UE(imsi)=122 ----
  INIT_ATTACH_FAIL_ALL_LOW_RSRP: UE(imsi)=122 bestRsrp=-145.522 < min=-120 (all cells below threshold) retryIn=2s
---- INIT_ATTACH t=60 UE(imsi)=136 ----
  INIT_ATTACH_FAIL_ALL_LOW_RSRP: UE(imsi)=136 bestRsrp=-136.855 < min=-120 (all cells below threshold) retryIn=2s
---- INIT_ATTACH t=60 UE(imsi)=138 ----
  INIT_ATTACH_FAIL_ALL_LOW_RSRP: UE(imsi)=138 bestRsrp=-142.506 < min=-120 (all cells below threshold) retryIn=2s
---- INIT_ATTACH t=60 UE(imsi)=142 ----
  INIT_ATTACH_FAIL_ALL_LOW_RSRP: UE(imsi)=142 bestRsrp=-135.385 < min=-120 (all cells below threshold) retryIn=2s
---- INIT_ATTACH t=60 UE(imsi)=144 ----
  INIT_ATTACH_FAIL_ALL_LOW_RSRP: UE(imsi)=144 bestRsrp=-150.759 < min=-120 (all cells below threshold) retryIn=2s
---- INIT_ATTACH t=60 UE(imsi)=146 ----
  INIT_ATTACH_FAIL_ALL_LOW_RSRP: UE(imsi)=146 bestRsrp=-130.93 < min=-120 (all cells below threshold) retryIn=2s
---- INIT_ATTACH t=60 UE(imsi)=150 ----
  INIT_ATTACH_FAIL_ALL_LOW_RSRP: UE(imsi)=150 bestRsrp=-144.414 < min=-120 (all cells below threshold) retryIn=2s
---- INIT_ATTACH t=60 UE(imsi)=151 ----
  INIT_ATTACH_FAIL_ALL_LOW_RSRP: UE(imsi)=151 bestRsrp=-146.795 < min=-120 (all cells below threshold) retryIn=2s
---- INIT_ATTACH t=60 UE(imsi)=164 ----
  INIT_ATTACH_FAIL_ALL_LOW_RSRP: UE(imsi)=164 bestRsrp=-142.524 < min=-120 (all cells below threshold) retryIn=2s
---- INIT_ATTACH t=60 UE(imsi)=165 ----
  INIT_ATTACH_FAIL_ALL_LOW_RSRP: UE(imsi)=165 bestRsrp=-144.17 < min=-120 (all cells below threshold) retryIn=2s
---- INIT_ATTACH t=60 UE(imsi)=169 ----
  INIT_ATTACH_FAIL_ALL_LOW_RSRP: UE(imsi)=169 bestRsrp=-140.258 < min=-120 (all cells below threshold) retryIn=2s
---- INIT_ATTACH t=60 UE(imsi)=171 ----
  INIT_ATTACH_FAIL_ALL_LOW_RSRP: UE(imsi)=171 bestRsrp=-145.639 < min=-120 (all cells below threshold) retryIn=2s
---- INIT_ATTACH t=60 UE(imsi)=173 ----
  INIT_ATTACH_FAIL_ALL_LOW_RSRP: UE(imsi)=173 bestRsrp=-133.001 < min=-120 (all cells below threshold) retryIn=2s
---- INIT_ATTACH t=60 UE(imsi)=174 ----
  INIT_ATTACH_FAIL_ALL_LOW_RSRP: UE(imsi)=174 bestRsrp=-137.923 < min=-120 (all cells below threshold) retryIn=2s
---- INIT_ATTACH t=60 UE(imsi)=179 ----
  INIT_ATTACH_FAIL_ALL_LOW_RSRP: UE(imsi)=179 bestRsrp=-147.043 < min=-120 (all cells below threshold) retryIn=2s
---- INIT_ATTACH t=60 UE(imsi)=181 ----
  INIT_ATTACH_FAIL_ALL_LOW_RSRP: UE(imsi)=181 bestRsrp=-139.894 < min=-120 (all cells below threshold) retryIn=2s
---- INIT_ATTACH t=60 UE(imsi)=183 ----
  INIT_ATTACH_FAIL_ALL_LOW_RSRP: UE(imsi)=183 bestRsrp=-140.092 < min=-120 (all cells below threshold) retryIn=2s
---- INIT_ATTACH t=60 UE(imsi)=192 ----
  INIT_ATTACH_FAIL_ALL_LOW_RSRP: UE(imsi)=192 bestRsrp=-152.195 < min=-120 (all cells below threshold) retryIn=2s
---- INIT_ATTACH t=60 UE(imsi)=195 ----
  INIT_ATTACH_FAIL_ALL_LOW_RSRP: UE(imsi)=195 bestRsrp=-143.142 < min=-120 (all cells below threshold) retryIn=2s
---- INIT_ATTACH t=60 UE(imsi)=197 ----
  INIT_ATTACH_FAIL_ALL_LOW_RSRP: UE(imsi)=197 bestRsrp=-142.508 < min=-120 (all cells below threshold) retryIn=2s
---- INIT_ATTACH t=60 UE(imsi)=199 ----
  INIT_ATTACH_FAIL_ALL_LOW_RSRP: UE(imsi)=199 bestRsrp=-138.501 < min=-120 (all cells below threshold) retryIn=2s
---- INIT_ATTACH t=60 UE(imsi)=200 ----
  INIT_ATTACH_FAIL_ALL_LOW_RSRP: UE(imsi)=200 bestRsrp=-123.309 < min=-120 (all cells below threshold) retryIn=2s
---- INIT_ATTACH t=60 UE(imsi)=202 ----
  INIT_ATTACH_FAIL_ALL_LOW_RSRP: UE(imsi)=202 bestRsrp=-145.587 < min=-120 (all cells below threshold) retryIn=2s
---- INIT_ATTACH t=60 UE(imsi)=203 ----
  INIT_ATTACH_FAIL_ALL_LOW_RSRP: UE(imsi)=203 bestRsrp=-151.835 < min=-120 (all cells below threshold) retryIn=2s
---- INIT_ATTACH t=60 UE(imsi)=212 ----
  INIT_ATTACH_FAIL_ALL_LOW_RSRP: UE(imsi)=212 bestRsrp=-132.273 < min=-120 (all cells below threshold) retryIn=2s
---- INIT_ATTACH t=60 UE(imsi)=214 ----
  INIT_ATTACH_FAIL_ALL_LOW_RSRP: UE(imsi)=214 bestRsrp=-141.423 < min=-120 (all cells below threshold) retryIn=2s
---- INIT_ATTACH t=60 UE(imsi)=220 ----
  INIT_ATTACH_FAIL_ALL_LOW_RSRP: UE(imsi)=220 bestRsrp=-148.761 < min=-120 (all cells below threshold) retryIn=2s
---- INIT_ATTACH t=60 UE(imsi)=224 ----
  INIT_ATTACH_FAIL_ALL_LOW_RSRP: UE(imsi)=224 bestRsrp=-154.888 < min=-120 (all cells below threshold) retryIn=2s
---- INIT_ATTACH t=60 UE(imsi)=227 ----
  candOK0 cell=11 rsrp=-101.021 occ=10/10 -> SKIP_FULL
  INIT_ATTACH_FAIL_ALL_FULL: UE(imsi)=227 rsrpOk=1 (all RSRP>=min but full or invalid) retryIn=2s
---- INIT_ATTACH t=60 UE(imsi)=230 ----
  INIT_ATTACH_FAIL_ALL_LOW_RSRP: UE(imsi)=230 bestRsrp=-138.806 < min=-120 (all cells below threshold) retryIn=2s
---- INIT_ATTACH t=60 UE(imsi)=231 ----
  INIT_ATTACH_FAIL_ALL_LOW_RSRP: UE(imsi)=231 bestRsrp=-134.88 < min=-120 (all cells below threshold) retryIn=2s
---- INIT_ATTACH t=60 UE(imsi)=232 ----
  candOK0 cell=10 rsrp=-106.159 occ=9/10 -> OK
  SELECT cell=10 rsrp=-106.159 occ(afterReserve)=10/10
  INIT_ATTACH_OK: UE(imsi)=232 -> cell=10
---- INIT_ATTACH t=60 UE(imsi)=233 ----
  INIT_ATTACH_FAIL_ALL_LOW_RSRP: UE(imsi)=233 bestRsrp=-142.551 < min=-120 (all cells below threshold) retryIn=2s
---- INIT_ATTACH t=60 UE(imsi)=237 ----
  INIT_ATTACH_FAIL_ALL_LOW_RSRP: UE(imsi)=237 bestRsrp=-143.957 < min=-120 (all cells below threshold) retryIn=2s
---- INIT_ATTACH t=60 UE(imsi)=240 ----
  INIT_ATTACH_FAIL_ALL_LOW_RSRP: UE(imsi)=240 bestRsrp=-139.916 < min=-120 (all cells below threshold) retryIn=2s
---- INIT_ATTACH t=62 UE(imsi)=16 ----
  INIT_ATTACH_FAIL_ALL_LOW_RSRP: UE(imsi)=16 bestRsrp=-135.415 < min=-120 (all cells below threshold) retryIn=2s
---- INIT_ATTACH t=62 UE(imsi)=20 ----
  INIT_ATTACH_FAIL_ALL_LOW_RSRP: UE(imsi)=20 bestRsrp=-146.293 < min=-120 (all cells below threshold) retryIn=2s
---- INIT_ATTACH t=62 UE(imsi)=23 ----
  INIT_ATTACH_FAIL_ALL_LOW_RSRP: UE(imsi)=23 bestRsrp=-141.255 < min=-120 (all cells below threshold) retryIn=2s
---- INIT_ATTACH t=62 UE(imsi)=25 ----
  INIT_ATTACH_FAIL_ALL_LOW_RSRP: UE(imsi)=25 bestRsrp=-128.745 < min=-120 (all cells below threshold) retryIn=2s
---- INIT_ATTACH t=62 UE(imsi)=26 ----
  INIT_ATTACH_FAIL_ALL_LOW_RSRP: UE(imsi)=26 bestRsrp=-145.167 < min=-120 (all cells below threshold) retryIn=2s
---- INIT_ATTACH t=62 UE(imsi)=29 ----
  INIT_ATTACH_FAIL_ALL_LOW_RSRP: UE(imsi)=29 bestRsrp=-151.123 < min=-120 (all cells below threshold) retryIn=2s
---- INIT_ATTACH t=62 UE(imsi)=36 ----
  INIT_ATTACH_FAIL_ALL_LOW_RSRP: UE(imsi)=36 bestRsrp=-137.307 < min=-120 (all cells below threshold) retryIn=2s
---- INIT_ATTACH t=62 UE(imsi)=38 ----
  INIT_ATTACH_FAIL_ALL_LOW_RSRP: UE(imsi)=38 bestRsrp=-149.067 < min=-120 (all cells below threshold) retryIn=2s
---- INIT_ATTACH t=62 UE(imsi)=45 ----
  INIT_ATTACH_FAIL_ALL_LOW_RSRP: UE(imsi)=45 bestRsrp=-130.295 < min=-120 (all cells below threshold) retryIn=2s
---- INIT_ATTACH t=62 UE(imsi)=54 ----
  INIT_ATTACH_FAIL_ALL_LOW_RSRP: UE(imsi)=54 bestRsrp=-140.442 < min=-120 (all cells below threshold) retryIn=2s
---- INIT_ATTACH t=62 UE(imsi)=55 ----
  INIT_ATTACH_FAIL_ALL_LOW_RSRP: UE(imsi)=55 bestRsrp=-153.329 < min=-120 (all cells below threshold) retryIn=2s
---- INIT_ATTACH t=62 UE(imsi)=57 ----
  INIT_ATTACH_FAIL_ALL_LOW_RSRP: UE(imsi)=57 bestRsrp=-124.707 < min=-120 (all cells below threshold) retryIn=2s
---- INIT_ATTACH t=62 UE(imsi)=61 ----
  INIT_ATTACH_FAIL_ALL_LOW_RSRP: UE(imsi)=61 bestRsrp=-137.453 < min=-120 (all cells below threshold) retryIn=2s
---- INIT_ATTACH t=62 UE(imsi)=62 ----
  INIT_ATTACH_FAIL_ALL_LOW_RSRP: UE(imsi)=62 bestRsrp=-123.562 < min=-120 (all cells below threshold) retryIn=2s
---- INIT_ATTACH t=62 UE(imsi)=68 ----
  INIT_ATTACH_FAIL_ALL_LOW_RSRP: UE(imsi)=68 bestRsrp=-134.799 < min=-120 (all cells below threshold) retryIn=2s
---- INIT_ATTACH t=62 UE(imsi)=73 ----
  INIT_ATTACH_FAIL_ALL_LOW_RSRP: UE(imsi)=73 bestRsrp=-142.792 < min=-120 (all cells below threshold) retryIn=2s
---- INIT_ATTACH t=62 UE(imsi)=76 ----
  INIT_ATTACH_FAIL_ALL_LOW_RSRP: UE(imsi)=76 bestRsrp=-138.923 < min=-120 (all cells below threshold) retryIn=2s
---- INIT_ATTACH t=62 UE(imsi)=81 ----
  INIT_ATTACH_FAIL_ALL_LOW_RSRP: UE(imsi)=81 bestRsrp=-139.826 < min=-120 (all cells below threshold) retryIn=2s
---- INIT_ATTACH t=62 UE(imsi)=85 ----
  INIT_ATTACH_FAIL_ALL_LOW_RSRP: UE(imsi)=85 bestRsrp=-139.51 < min=-120 (all cells below threshold) retryIn=2s
---- INIT_ATTACH t=62 UE(imsi)=86 ----
  INIT_ATTACH_FAIL_ALL_LOW_RSRP: UE(imsi)=86 bestRsrp=-122.77 < min=-120 (all cells below threshold) retryIn=2s
---- INIT_ATTACH t=62 UE(imsi)=87 ----
  INIT_ATTACH_FAIL_ALL_LOW_RSRP: UE(imsi)=87 bestRsrp=-133.51 < min=-120 (all cells below threshold) retryIn=2s
---- INIT_ATTACH t=62 UE(imsi)=98 ----
  INIT_ATTACH_FAIL_ALL_LOW_RSRP: UE(imsi)=98 bestRsrp=-128.818 < min=-120 (all cells below threshold) retryIn=2s
---- INIT_ATTACH t=62 UE(imsi)=116 ----
  INIT_ATTACH_FAIL_ALL_LOW_RSRP: UE(imsi)=116 bestRsrp=-150.449 < min=-120 (all cells below threshold) retryIn=2s
---- INIT_ATTACH t=62 UE(imsi)=119 ----
  INIT_ATTACH_FAIL_ALL_LOW_RSRP: UE(imsi)=119 bestRsrp=-137.944 < min=-120 (all cells below threshold) retryIn=2s
---- INIT_ATTACH t=62 UE(imsi)=120 ----
  INIT_ATTACH_FAIL_ALL_LOW_RSRP: UE(imsi)=120 bestRsrp=-139.919 < min=-120 (all cells below threshold) retryIn=2s
---- INIT_ATTACH t=62 UE(imsi)=122 ----
  INIT_ATTACH_FAIL_ALL_LOW_RSRP: UE(imsi)=122 bestRsrp=-146.138 < min=-120 (all cells below threshold) retryIn=2s
---- INIT_ATTACH t=62 UE(imsi)=136 ----
  INIT_ATTACH_FAIL_ALL_LOW_RSRP: UE(imsi)=136 bestRsrp=-142.612 < min=-120 (all cells below threshold) retryIn=2s
---- INIT_ATTACH t=62 UE(imsi)=138 ----
  INIT_ATTACH_FAIL_ALL_LOW_RSRP: UE(imsi)=138 bestRsrp=-141.091 < min=-120 (all cells below threshold) retryIn=2s
---- INIT_ATTACH t=62 UE(imsi)=142 ----
  INIT_ATTACH_FAIL_ALL_LOW_RSRP: UE(imsi)=142 bestRsrp=-134.17 < min=-120 (all cells below threshold) retryIn=2s
---- INIT_ATTACH t=62 UE(imsi)=144 ----
  INIT_ATTACH_FAIL_ALL_LOW_RSRP: UE(imsi)=144 bestRsrp=-148.492 < min=-120 (all cells below threshold) retryIn=2s
---- INIT_ATTACH t=62 UE(imsi)=146 ----
  INIT_ATTACH_FAIL_ALL_LOW_RSRP: UE(imsi)=146 bestRsrp=-129.694 < min=-120 (all cells below threshold) retryIn=2s
---- INIT_ATTACH t=62 UE(imsi)=150 ----
  INIT_ATTACH_FAIL_ALL_LOW_RSRP: UE(imsi)=150 bestRsrp=-146.513 < min=-120 (all cells below threshold) retryIn=2s
---- INIT_ATTACH t=62 UE(imsi)=151 ----
  INIT_ATTACH_FAIL_ALL_LOW_RSRP: UE(imsi)=151 bestRsrp=-142.772 < min=-120 (all cells below threshold) retryIn=2s
---- INIT_ATTACH t=62 UE(imsi)=164 ----
  INIT_ATTACH_FAIL_ALL_LOW_RSRP: UE(imsi)=164 bestRsrp=-141.898 < min=-120 (all cells below threshold) retryIn=2s
---- INIT_ATTACH t=62 UE(imsi)=165 ----
  INIT_ATTACH_FAIL_ALL_LOW_RSRP: UE(imsi)=165 bestRsrp=-141.242 < min=-120 (all cells below threshold) retryIn=2s
---- INIT_ATTACH t=62 UE(imsi)=169 ----
  INIT_ATTACH_FAIL_ALL_LOW_RSRP: UE(imsi)=169 bestRsrp=-142.326 < min=-120 (all cells below threshold) retryIn=2s
---- INIT_ATTACH t=62 UE(imsi)=171 ----
  INIT_ATTACH_FAIL_ALL_LOW_RSRP: UE(imsi)=171 bestRsrp=-148.061 < min=-120 (all cells below threshold) retryIn=2s
---- INIT_ATTACH t=62 UE(imsi)=173 ----
  INIT_ATTACH_FAIL_ALL_LOW_RSRP: UE(imsi)=173 bestRsrp=-133.893 < min=-120 (all cells below threshold) retryIn=2s
---- INIT_ATTACH t=62 UE(imsi)=174 ----
  INIT_ATTACH_FAIL_ALL_LOW_RSRP: UE(imsi)=174 bestRsrp=-139.038 < min=-120 (all cells below threshold) retryIn=2s
---- INIT_ATTACH t=62 UE(imsi)=179 ----
  INIT_ATTACH_FAIL_ALL_LOW_RSRP: UE(imsi)=179 bestRsrp=-144.671 < min=-120 (all cells below threshold) retryIn=2s
---- INIT_ATTACH t=62 UE(imsi)=181 ----
  INIT_ATTACH_FAIL_ALL_LOW_RSRP: UE(imsi)=181 bestRsrp=-143.327 < min=-120 (all cells below threshold) retryIn=2s
---- INIT_ATTACH t=62 UE(imsi)=183 ----
  INIT_ATTACH_FAIL_ALL_LOW_RSRP: UE(imsi)=183 bestRsrp=-138.645 < min=-120 (all cells below threshold) retryIn=2s
---- INIT_ATTACH t=62 UE(imsi)=192 ----
  INIT_ATTACH_FAIL_ALL_LOW_RSRP: UE(imsi)=192 bestRsrp=-150.282 < min=-120 (all cells below threshold) retryIn=2s
---- INIT_ATTACH t=62 UE(imsi)=195 ----
  INIT_ATTACH_FAIL_ALL_LOW_RSRP: UE(imsi)=195 bestRsrp=-139.944 < min=-120 (all cells below threshold) retryIn=2s
---- INIT_ATTACH t=62 UE(imsi)=197 ----
  INIT_ATTACH_FAIL_ALL_LOW_RSRP: UE(imsi)=197 bestRsrp=-143.186 < min=-120 (all cells below threshold) retryIn=2s
---- INIT_ATTACH t=62 UE(imsi)=199 ----
  candOK0 cell=11 rsrp=-115.308 occ=10/10 -> SKIP_FULL
  INIT_ATTACH_FAIL_ALL_FULL: UE(imsi)=199 rsrpOk=1 (all RSRP>=min but full or invalid) retryIn=2s
---- INIT_ATTACH t=62 UE(imsi)=200 ----
  INIT_ATTACH_FAIL_ALL_LOW_RSRP: UE(imsi)=200 bestRsrp=-143.477 < min=-120 (all cells below threshold) retryIn=2s
---- INIT_ATTACH t=62 UE(imsi)=202 ----
  INIT_ATTACH_FAIL_ALL_LOW_RSRP: UE(imsi)=202 bestRsrp=-146.881 < min=-120 (all cells below threshold) retryIn=2s
---- INIT_ATTACH t=62 UE(imsi)=203 ----
  INIT_ATTACH_FAIL_ALL_LOW_RSRP: UE(imsi)=203 bestRsrp=-144.628 < min=-120 (all cells below threshold) retryIn=2s
---- INIT_ATTACH t=62 UE(imsi)=212 ----
  INIT_ATTACH_FAIL_ALL_LOW_RSRP: UE(imsi)=212 bestRsrp=-133.231 < min=-120 (all cells below threshold) retryIn=2s
---- INIT_ATTACH t=62 UE(imsi)=214 ----
  INIT_ATTACH_FAIL_ALL_LOW_RSRP: UE(imsi)=214 bestRsrp=-141.682 < min=-120 (all cells below threshold) retryIn=2s
---- INIT_ATTACH t=62 UE(imsi)=220 ----
  INIT_ATTACH_FAIL_ALL_LOW_RSRP: UE(imsi)=220 bestRsrp=-148.848 < min=-120 (all cells below threshold) retryIn=2s
---- INIT_ATTACH t=62 UE(imsi)=224 ----
  INIT_ATTACH_FAIL_ALL_LOW_RSRP: UE(imsi)=224 bestRsrp=-152.926 < min=-120 (all cells below threshold) retryIn=2s
---- INIT_ATTACH t=62 UE(imsi)=227 ----
  INIT_ATTACH_FAIL_ALL_LOW_RSRP: UE(imsi)=227 bestRsrp=-128.879 < min=-120 (all cells below threshold) retryIn=2s
---- INIT_ATTACH t=62 UE(imsi)=230 ----
  INIT_ATTACH_FAIL_ALL_LOW_RSRP: UE(imsi)=230 bestRsrp=-138.623 < min=-120 (all cells below threshold) retryIn=2s
---- INIT_ATTACH t=62 UE(imsi)=231 ----
  INIT_ATTACH_FAIL_ALL_LOW_RSRP: UE(imsi)=231 bestRsrp=-134.816 < min=-120 (all cells below threshold) retryIn=2s
---- INIT_ATTACH t=62 UE(imsi)=233 ----
  INIT_ATTACH_FAIL_ALL_LOW_RSRP: UE(imsi)=233 bestRsrp=-142.832 < min=-120 (all cells below threshold) retryIn=2s
---- INIT_ATTACH t=62 UE(imsi)=237 ----
  INIT_ATTACH_FAIL_ALL_LOW_RSRP: UE(imsi)=237 bestRsrp=-144.098 < min=-120 (all cells below threshold) retryIn=2s
---- INIT_ATTACH t=62 UE(imsi)=240 ----
  INIT_ATTACH_FAIL_ALL_LOW_RSRP: UE(imsi)=240 bestRsrp=-138.369 < min=-120 (all cells below threshold) retryIn=2s
---- LOAD at t=62.5 ----
  cell 1 (TN) load=15/20
  cell 2 (TN) load=17/20
  cell 3 (TN) load=9/20
  cell 4 (TN) load=9/20
  cell 5 (TN) load=20/20
  cell 6 (TN) load=17/20
  cell 7 (TN) load=18/20
  cell 8 (TN) load=13/20
  cell 9 (NTN) load=8/10
  cell 10 (NTN) load=10/10
  cell 11 (NTN) load=10/10
  cell 12 (NTN) load=6/10
  cell 13 (NTN) load=9/10
  cell 14 (NTN) load=10/10
UE 15 TTT_WAIT target=3 elapsed=0s need=2s
UE 16 TTT_WAIT target=3 elapsed=0s need=2s
UE 17 TTT_WAIT target=6 elapsed=0s need=2s
LM HO_FAIL_LOW_RSRP UE=19 currCell=6 candCell=12 candRsrp=-123.124 < min=-120
UE 20 TTT_WAIT target=7 elapsed=0s need=2s
UE 21 TTT_WAIT target=4 elapsed=0s need=2s
UE 25 TTT_WAIT target=6 elapsed=0s need=2s
UE 26 TTT_WAIT target=3 elapsed=0s need=2s
UE 27 TTT_WAIT target=13 elapsed=0s need=2s
LM HO UE=29 rnti=109 5->3 type=TN servingRsrp=-127.24 targetRsrp=-78.2542 targetLoadReal=9/20 targetLoadEff=9/20
LM HO UE=33 rnti=83 6->2 type=TN servingRsrp=-107.537 targetRsrp=-66.0368 targetLoadReal=17/20 targetLoadEff=17/20
UE 34 TTT_WAIT target=1 elapsed=0s need=2s
UE 35 TTT_WAIT target=8 elapsed=0s need=2s
LM HO_FAIL_LOW_RSRP UE=38 currCell=2 candCell=12 candRsrp=-124.265 < min=-120
LM HO UE=39 rnti=38 4->8 type=TN servingRsrp=-117.458 targetRsrp=-96.5443 targetLoadReal=13/20 targetLoadEff=13/20
UE 42 TTT_WAIT target=3 elapsed=0s need=2s
UE 43 TTT_WAIT target=3 elapsed=0s need=2s
LM HO UE=44 rnti=118 7->6 type=TN servingRsrp=-108.73 targetRsrp=-84.021 targetLoadReal=17/20 targetLoadEff=17/20
UE 49 TTT_WAIT target=3 elapsed=0s need=2s
UE 52 TTT_WAIT target=6 elapsed=0s need=2s
LM HO UE=53 rnti=72 14->1 type=TN servingRsrp=-88.6151 targetRsrp=-80.7975 targetLoadReal=15/20 targetLoadEff=15/20
UE 56 TTT_WAIT target=9 elapsed=0s need=2s
UE 58 TTT_WAIT target=3 elapsed=0s need=2s
UE 63 TTT_WAIT target=1 elapsed=0s need=2s
UE 64 TTT_WAIT target=2 elapsed=0s need=2s
UE 66 TTT_WAIT target=12 elapsed=0s need=2s
UE 68 TTT_WAIT target=13 elapsed=0s need=2s
UE 70 TTT_WAIT target=8 elapsed=0s need=2s
LM HO_FAIL_LOW_RSRP UE=71 currCell=2 candCell=13 candRsrp=-126.546 < min=-120
LM HO UE=72 rnti=96 1->6 type=TN servingRsrp=-127.645 targetRsrp=-81.7206 targetLoadReal=17/20 targetLoadEff=18/20
UE 73 TTT_WAIT target=1 elapsed=0s need=2s
UE 74 TTT_WAIT target=6 elapsed=0s need=2s
UE 76 TTT_WAIT target=3 elapsed=0s need=2s
UE 77 TTT_WAIT target=1 elapsed=0s need=2s
UE 80 TTT_WAIT target=6 elapsed=0s need=2s
UE 82 TTT_WAIT target=8 elapsed=0s need=2s
UE 84 TTT_WAIT target=2 elapsed=0s need=2s
UE 90 TTT_WAIT target=3 elapsed=0s need=2s
UE 91 TTT_WAIT target=6 elapsed=0s need=2s
LM HO UE=93 rnti=40 6->4 type=TN servingRsrp=-115.265 targetRsrp=-87.1153 targetLoadReal=9/20 targetLoadEff=9/20
UE 94 TTT_WAIT target=1 elapsed=0s need=2s
UE 96 TTT_WAIT target=8 elapsed=0s need=2s
UE 97 TTT_WAIT target=2 elapsed=0s need=2s
UE 99 TTT_WAIT target=4 elapsed=0s need=2s
UE 101 TTT_WAIT target=13 elapsed=0s need=2s
UE 102 TTT_WAIT target=4 elapsed=0s need=2s
UE 103 TTT_WAIT target=8 elapsed=0s need=2s
UE 104 TTT_WAIT target=1 elapsed=0s need=2s
UE 105 TTT_WAIT target=4 elapsed=0s need=2s
LM HO_FAIL_LOW_RSRP UE=108 currCell=8 candCell=13 candRsrp=-129.941 < min=-120
UE 109 TTT_WAIT target=3 elapsed=0s need=2s
UE 111 TTT_WAIT target=1 elapsed=0s need=2s
UE 112 TTT_WAIT target=1 elapsed=0s need=2s
UE 118 TTT_WAIT target=7 elapsed=0s need=2s
UE 121 TTT_WAIT target=4 elapsed=0s need=2s
UE 122 TTT_WAIT target=7 elapsed=0s need=2s
UE 124 TTT_WAIT target=7 elapsed=0s need=2s
UE 125 TTT_WAIT target=2 elapsed=0s need=2s
UE 131 TTT_WAIT target=3 elapsed=0s need=2s
UE 133 TTT_WAIT target=6 elapsed=0s need=2s
LM HO_FAIL_LOW_RSRP UE=137 currCell=5 candCell=13 candRsrp=-129.613 < min=-120
UE 140 TTT_WAIT target=6 elapsed=0s need=2s
UE 144 TTT_WAIT target=13 elapsed=0s need=2s
LM HO UE=146 rnti=72 3->2 type=TN servingRsrp=-107.34 targetRsrp=-78.9681 targetLoadReal=17/20 targetLoadEff=18/20
LM HO UE=147 rnti=104 12->8 type=TN servingRsrp=-123.318 targetRsrp=-100.628 targetLoadReal=13/20 targetLoadEff=14/20
UE 149 TTT_WAIT target=6 elapsed=0s need=2s
UE 150 TTT_WAIT target=1 elapsed=0s need=2s
UE 155 TTT_WAIT target=3 elapsed=0s need=2s
UE 156 TTT_WAIT target=8 elapsed=0s need=2s
UE 157 TTT_WAIT target=2 elapsed=0s need=2s
UE 160 TTT_WAIT target=13 elapsed=0s need=2s
UE 163 TTT_WAIT target=1 elapsed=0s need=2s
UE 164 TTT_WAIT target=1 elapsed=0s need=2s
LM HO UE=165 rnti=31 9->8 type=TN servingRsrp=-116.396 targetRsrp=-84.2664 targetLoadReal=13/20 targetLoadEff=15/20
LM HO_FAIL_LOW_RSRP UE=166 currCell=5 candCell=12 candRsrp=-124.314 < min=-120
UE 167 TTT_WAIT target=6 elapsed=0s need=2s
UE 176 TTT_WAIT target=4 elapsed=0s need=2s
UE 179 TTT_WAIT target=8 elapsed=0s need=2s
UE 180 TTT_WAIT target=2 elapsed=0s need=2s
UE 182 TTT_WAIT target=2 elapsed=0s need=2s
UE 183 TTT_WAIT target=8 elapsed=0s need=2s
UE 185 TTT_WAIT target=8 elapsed=0s need=2s
UE 190 TTT_WAIT target=4 elapsed=0s need=2s
UE 193 TTT_WAIT target=3 elapsed=0s need=2s
UE 194 TTT_WAIT target=7 elapsed=0s need=2s
UE 206 TTT_WAIT target=13 elapsed=0s need=2s
UE 207 TTT_WAIT target=3 elapsed=0s need=2s
UE 208 TTT_WAIT target=4 elapsed=0s need=2s
UE 209 TTT_WAIT target=8 elapsed=0s need=2s
UE 210 TTT_WAIT target=7 elapsed=0s need=2s
UE 212 TTT_WAIT target=4 elapsed=0s need=2s
UE 215 TTT_WAIT target=2 elapsed=0s need=2s
LM HO UE=217 rnti=103 8->4 type=TN servingRsrp=-120.499 targetRsrp=-79.8196 targetLoadReal=9/20 targetLoadEff=10/20
UE 218 TTT_WAIT target=4 elapsed=0s need=2s
UE 219 TTT_WAIT target=12 elapsed=0s need=2s
UE 220 TTT_WAIT target=1 elapsed=0s need=2s
UE 221 TTT_WAIT target=7 elapsed=0s need=2s
UE 222 TTT_WAIT target=1 elapsed=0s need=2s
UE 223 TTT_WAIT target=6 elapsed=0s need=2s
UE 225 TTT_WAIT target=7 elapsed=0s need=2s
UE 228 TTT_WAIT target=4 elapsed=0s need=2s
UE 229 TTT_WAIT target=1 elapsed=0s need=2s
LM HO UE=230 rnti=30 12->8 type=TN servingRsrp=-126.871 targetRsrp=-108.101 targetLoadReal=13/20 targetLoadEff=16/20
UE 234 TTT_WAIT target=8 elapsed=0s need=2s
UE 239 TTT_WAIT target=3 elapsed=0s need=2s
UE 240 TTT_WAIT target=3 elapsed=0s need=2s
LM HO_FAIL_LOW_RSRP UE=241 currCell=5 candCell=13 candRsrp=-123.089 < min=-120
UE 244 TTT_WAIT target=3 elapsed=0s need=2s
---- INIT_ATTACH t=64 UE(imsi)=16 ----
  INIT_ATTACH_FAIL_ALL_LOW_RSRP: UE(imsi)=16 bestRsrp=-136.284 < min=-120 (all cells below threshold) retryIn=2s
---- INIT_ATTACH t=64 UE(imsi)=20 ----
  INIT_ATTACH_FAIL_ALL_LOW_RSRP: UE(imsi)=20 bestRsrp=-148.65 < min=-120 (all cells below threshold) retryIn=2s
---- INIT_ATTACH t=64 UE(imsi)=23 ----
  INIT_ATTACH_FAIL_ALL_LOW_RSRP: UE(imsi)=23 bestRsrp=-140.292 < min=-120 (all cells below threshold) retryIn=2s
---- INIT_ATTACH t=64 UE(imsi)=25 ----
  INIT_ATTACH_FAIL_ALL_LOW_RSRP: UE(imsi)=25 bestRsrp=-129.67 < min=-120 (all cells below threshold) retryIn=2s
---- INIT_ATTACH t=64 UE(imsi)=26 ----
  INIT_ATTACH_FAIL_ALL_LOW_RSRP: UE(imsi)=26 bestRsrp=-146.307 < min=-120 (all cells below threshold) retryIn=2s
---- INIT_ATTACH t=64 UE(imsi)=29 ----
  INIT_ATTACH_FAIL_ALL_LOW_RSRP: UE(imsi)=29 bestRsrp=-151.651 < min=-120 (all cells below threshold) retryIn=2s
---- INIT_ATTACH t=64 UE(imsi)=36 ----
  INIT_ATTACH_FAIL_ALL_LOW_RSRP: UE(imsi)=36 bestRsrp=-137.167 < min=-120 (all cells below threshold) retryIn=2s
---- INIT_ATTACH t=64 UE(imsi)=38 ----
  INIT_ATTACH_FAIL_ALL_LOW_RSRP: UE(imsi)=38 bestRsrp=-135.586 < min=-120 (all cells below threshold) retryIn=2s
---- INIT_ATTACH t=64 UE(imsi)=45 ----
  INIT_ATTACH_FAIL_ALL_LOW_RSRP: UE(imsi)=45 bestRsrp=-128.581 < min=-120 (all cells below threshold) retryIn=2s
---- INIT_ATTACH t=64 UE(imsi)=54 ----
  INIT_ATTACH_FAIL_ALL_LOW_RSRP: UE(imsi)=54 bestRsrp=-139.548 < min=-120 (all cells below threshold) retryIn=2s
---- INIT_ATTACH t=64 UE(imsi)=55 ----
  INIT_ATTACH_FAIL_ALL_LOW_RSRP: UE(imsi)=55 bestRsrp=-152.655 < min=-120 (all cells below threshold) retryIn=2s
---- INIT_ATTACH t=64 UE(imsi)=57 ----
  INIT_ATTACH_FAIL_ALL_LOW_RSRP: UE(imsi)=57 bestRsrp=-121.122 < min=-120 (all cells below threshold) retryIn=2s
---- INIT_ATTACH t=64 UE(imsi)=61 ----
  INIT_ATTACH_FAIL_ALL_LOW_RSRP: UE(imsi)=61 bestRsrp=-138.773 < min=-120 (all cells below threshold) retryIn=2s
---- INIT_ATTACH t=64 UE(imsi)=62 ----
  INIT_ATTACH_FAIL_ALL_LOW_RSRP: UE(imsi)=62 bestRsrp=-128.7 < min=-120 (all cells below threshold) retryIn=2s
---- INIT_ATTACH t=64 UE(imsi)=68 ----
  INIT_ATTACH_FAIL_ALL_LOW_RSRP: UE(imsi)=68 bestRsrp=-120.334 < min=-120 (all cells below threshold) retryIn=2s
---- INIT_ATTACH t=64 UE(imsi)=73 ----
  INIT_ATTACH_FAIL_ALL_LOW_RSRP: UE(imsi)=73 bestRsrp=-143.003 < min=-120 (all cells below threshold) retryIn=2s
---- INIT_ATTACH t=64 UE(imsi)=76 ----
  INIT_ATTACH_FAIL_ALL_LOW_RSRP: UE(imsi)=76 bestRsrp=-136.493 < min=-120 (all cells below threshold) retryIn=2s
---- INIT_ATTACH t=64 UE(imsi)=81 ----
  INIT_ATTACH_FAIL_ALL_LOW_RSRP: UE(imsi)=81 bestRsrp=-140.609 < min=-120 (all cells below threshold) retryIn=2s
---- INIT_ATTACH t=64 UE(imsi)=85 ----
  INIT_ATTACH_FAIL_ALL_LOW_RSRP: UE(imsi)=85 bestRsrp=-141.203 < min=-120 (all cells below threshold) retryIn=2s
---- INIT_ATTACH t=64 UE(imsi)=86 ----
  INIT_ATTACH_FAIL_ALL_LOW_RSRP: UE(imsi)=86 bestRsrp=-123.866 < min=-120 (all cells below threshold) retryIn=2s
---- INIT_ATTACH t=64 UE(imsi)=87 ----
  INIT_ATTACH_FAIL_ALL_LOW_RSRP: UE(imsi)=87 bestRsrp=-133.086 < min=-120 (all cells below threshold) retryIn=2s
---- INIT_ATTACH t=64 UE(imsi)=98 ----
  INIT_ATTACH_FAIL_ALL_LOW_RSRP: UE(imsi)=98 bestRsrp=-127.724 < min=-120 (all cells below threshold) retryIn=2s
---- INIT_ATTACH t=64 UE(imsi)=116 ----
  INIT_ATTACH_FAIL_ALL_LOW_RSRP: UE(imsi)=116 bestRsrp=-149.522 < min=-120 (all cells below threshold) retryIn=2s
---- INIT_ATTACH t=64 UE(imsi)=119 ----
  INIT_ATTACH_FAIL_ALL_LOW_RSRP: UE(imsi)=119 bestRsrp=-136.242 < min=-120 (all cells below threshold) retryIn=2s
---- INIT_ATTACH t=64 UE(imsi)=120 ----
  INIT_ATTACH_FAIL_ALL_LOW_RSRP: UE(imsi)=120 bestRsrp=-138.775 < min=-120 (all cells below threshold) retryIn=2s
---- INIT_ATTACH t=64 UE(imsi)=122 ----
  INIT_ATTACH_FAIL_ALL_LOW_RSRP: UE(imsi)=122 bestRsrp=-145.789 < min=-120 (all cells below threshold) retryIn=2s
---- INIT_ATTACH t=64 UE(imsi)=136 ----
  INIT_ATTACH_FAIL_ALL_LOW_RSRP: UE(imsi)=136 bestRsrp=-144.33 < min=-120 (all cells below threshold) retryIn=2s
---- INIT_ATTACH t=64 UE(imsi)=138 ----
  INIT_ATTACH_FAIL_ALL_LOW_RSRP: UE(imsi)=138 bestRsrp=-139.999 < min=-120 (all cells below threshold) retryIn=2s
---- INIT_ATTACH t=64 UE(imsi)=142 ----
  INIT_ATTACH_FAIL_ALL_LOW_RSRP: UE(imsi)=142 bestRsrp=-134.122 < min=-120 (all cells below threshold) retryIn=2s
---- INIT_ATTACH t=64 UE(imsi)=144 ----
  INIT_ATTACH_FAIL_ALL_LOW_RSRP: UE(imsi)=144 bestRsrp=-147.432 < min=-120 (all cells below threshold) retryIn=2s
---- INIT_ATTACH t=64 UE(imsi)=146 ----
  INIT_ATTACH_FAIL_ALL_LOW_RSRP: UE(imsi)=146 bestRsrp=-130.128 < min=-120 (all cells below threshold) retryIn=2s
---- INIT_ATTACH t=64 UE(imsi)=150 ----
  INIT_ATTACH_FAIL_ALL_LOW_RSRP: UE(imsi)=150 bestRsrp=-147.137 < min=-120 (all cells below threshold) retryIn=2s
---- INIT_ATTACH t=64 UE(imsi)=151 ----
  INIT_ATTACH_FAIL_ALL_LOW_RSRP: UE(imsi)=151 bestRsrp=-146.667 < min=-120 (all cells below threshold) retryIn=2s
---- INIT_ATTACH t=64 UE(imsi)=164 ----
  INIT_ATTACH_FAIL_ALL_LOW_RSRP: UE(imsi)=164 bestRsrp=-141.952 < min=-120 (all cells below threshold) retryIn=2s
---- INIT_ATTACH t=64 UE(imsi)=165 ----
  INIT_ATTACH_FAIL_ALL_LOW_RSRP: UE(imsi)=165 bestRsrp=-141.319 < min=-120 (all cells below threshold) retryIn=2s
---- INIT_ATTACH t=64 UE(imsi)=169 ----
  INIT_ATTACH_FAIL_ALL_LOW_RSRP: UE(imsi)=169 bestRsrp=-140.956 < min=-120 (all cells below threshold) retryIn=2s
---- INIT_ATTACH t=64 UE(imsi)=171 ----
  INIT_ATTACH_FAIL_ALL_LOW_RSRP: UE(imsi)=171 bestRsrp=-146.99 < min=-120 (all cells below threshold) retryIn=2s
---- INIT_ATTACH t=64 UE(imsi)=173 ----
  INIT_ATTACH_FAIL_ALL_LOW_RSRP: UE(imsi)=173 bestRsrp=-133.344 < min=-120 (all cells below threshold) retryIn=2s
---- INIT_ATTACH t=64 UE(imsi)=174 ----
  INIT_ATTACH_FAIL_ALL_LOW_RSRP: UE(imsi)=174 bestRsrp=-136.185 < min=-120 (all cells below threshold) retryIn=2s
---- INIT_ATTACH t=64 UE(imsi)=179 ----
  INIT_ATTACH_FAIL_ALL_LOW_RSRP: UE(imsi)=179 bestRsrp=-146.757 < min=-120 (all cells below threshold) retryIn=2s
---- INIT_ATTACH t=64 UE(imsi)=181 ----
  INIT_ATTACH_FAIL_ALL_LOW_RSRP: UE(imsi)=181 bestRsrp=-139.764 < min=-120 (all cells below threshold) retryIn=2s
---- INIT_ATTACH t=64 UE(imsi)=183 ----
  INIT_ATTACH_FAIL_ALL_LOW_RSRP: UE(imsi)=183 bestRsrp=-139.147 < min=-120 (all cells below threshold) retryIn=2s
---- INIT_ATTACH t=64 UE(imsi)=192 ----
  INIT_ATTACH_FAIL_ALL_LOW_RSRP: UE(imsi)=192 bestRsrp=-150.491 < min=-120 (all cells below threshold) retryIn=2s
---- INIT_ATTACH t=64 UE(imsi)=195 ----
  INIT_ATTACH_FAIL_ALL_LOW_RSRP: UE(imsi)=195 bestRsrp=-143.364 < min=-120 (all cells below threshold) retryIn=2s
---- INIT_ATTACH t=64 UE(imsi)=197 ----
  INIT_ATTACH_FAIL_ALL_LOW_RSRP: UE(imsi)=197 bestRsrp=-129.059 < min=-120 (all cells below threshold) retryIn=2s
---- INIT_ATTACH t=64 UE(imsi)=199 ----
  INIT_ATTACH_FAIL_ALL_LOW_RSRP: UE(imsi)=199 bestRsrp=-139.683 < min=-120 (all cells below threshold) retryIn=2s
---- INIT_ATTACH t=64 UE(imsi)=200 ----
  INIT_ATTACH_FAIL_ALL_LOW_RSRP: UE(imsi)=200 bestRsrp=-143.935 < min=-120 (all cells below threshold) retryIn=2s
---- INIT_ATTACH t=64 UE(imsi)=202 ----
  INIT_ATTACH_FAIL_ALL_LOW_RSRP: UE(imsi)=202 bestRsrp=-146.934 < min=-120 (all cells below threshold) retryIn=2s
---- INIT_ATTACH t=64 UE(imsi)=203 ----
  INIT_ATTACH_FAIL_ALL_LOW_RSRP: UE(imsi)=203 bestRsrp=-150.641 < min=-120 (all cells below threshold) retryIn=2s
---- INIT_ATTACH t=64 UE(imsi)=212 ----
  INIT_ATTACH_FAIL_ALL_LOW_RSRP: UE(imsi)=212 bestRsrp=-133.911 < min=-120 (all cells below threshold) retryIn=2s
---- INIT_ATTACH t=64 UE(imsi)=214 ----
  INIT_ATTACH_FAIL_ALL_LOW_RSRP: UE(imsi)=214 bestRsrp=-139.781 < min=-120 (all cells below threshold) retryIn=2s
---- INIT_ATTACH t=64 UE(imsi)=220 ----
  INIT_ATTACH_FAIL_ALL_LOW_RSRP: UE(imsi)=220 bestRsrp=-148.596 < min=-120 (all cells below threshold) retryIn=2s
---- INIT_ATTACH t=64 UE(imsi)=224 ----
  INIT_ATTACH_FAIL_ALL_LOW_RSRP: UE(imsi)=224 bestRsrp=-155.122 < min=-120 (all cells below threshold) retryIn=2s
---- INIT_ATTACH t=64 UE(imsi)=227 ----
  INIT_ATTACH_FAIL_ALL_LOW_RSRP: UE(imsi)=227 bestRsrp=-131.609 < min=-120 (all cells below threshold) retryIn=2s
---- INIT_ATTACH t=64 UE(imsi)=230 ----
  INIT_ATTACH_FAIL_ALL_LOW_RSRP: UE(imsi)=230 bestRsrp=-140.502 < min=-120 (all cells below threshold) retryIn=2s
---- INIT_ATTACH t=64 UE(imsi)=231 ----
  INIT_ATTACH_FAIL_ALL_LOW_RSRP: UE(imsi)=231 bestRsrp=-133.828 < min=-120 (all cells below threshold) retryIn=2s
---- INIT_ATTACH t=64 UE(imsi)=233 ----
  INIT_ATTACH_FAIL_ALL_LOW_RSRP: UE(imsi)=233 bestRsrp=-143.872 < min=-120 (all cells below threshold) retryIn=2s
---- INIT_ATTACH t=64 UE(imsi)=237 ----
  INIT_ATTACH_FAIL_ALL_LOW_RSRP: UE(imsi)=237 bestRsrp=-143.659 < min=-120 (all cells below threshold) retryIn=2s
---- INIT_ATTACH t=64 UE(imsi)=240 ----
  INIT_ATTACH_FAIL_ALL_LOW_RSRP: UE(imsi)=240 bestRsrp=-139.649 < min=-120 (all cells below threshold) retryIn=2s
---- INIT_ATTACH t=66 UE(imsi)=16 ----
  INIT_ATTACH_FAIL_ALL_LOW_RSRP: UE(imsi)=16 bestRsrp=-133.157 < min=-120 (all cells below threshold) retryIn=2s
---- INIT_ATTACH t=66 UE(imsi)=20 ----
  INIT_ATTACH_FAIL_ALL_LOW_RSRP: UE(imsi)=20 bestRsrp=-150.223 < min=-120 (all cells below threshold) retryIn=2s
---- INIT_ATTACH t=66 UE(imsi)=23 ----
  INIT_ATTACH_FAIL_ALL_LOW_RSRP: UE(imsi)=23 bestRsrp=-138.966 < min=-120 (all cells below threshold) retryIn=2s
---- INIT_ATTACH t=66 UE(imsi)=25 ----
  INIT_ATTACH_FAIL_ALL_LOW_RSRP: UE(imsi)=25 bestRsrp=-126.816 < min=-120 (all cells below threshold) retryIn=2s
---- INIT_ATTACH t=66 UE(imsi)=26 ----
  INIT_ATTACH_FAIL_ALL_LOW_RSRP: UE(imsi)=26 bestRsrp=-146.168 < min=-120 (all cells below threshold) retryIn=2s
---- INIT_ATTACH t=66 UE(imsi)=29 ----
  INIT_ATTACH_FAIL_ALL_LOW_RSRP: UE(imsi)=29 bestRsrp=-150.93 < min=-120 (all cells below threshold) retryIn=2s
---- INIT_ATTACH t=66 UE(imsi)=36 ----
  INIT_ATTACH_FAIL_ALL_LOW_RSRP: UE(imsi)=36 bestRsrp=-135.606 < min=-120 (all cells below threshold) retryIn=2s
---- INIT_ATTACH t=66 UE(imsi)=38 ----
  INIT_ATTACH_FAIL_ALL_LOW_RSRP: UE(imsi)=38 bestRsrp=-146.975 < min=-120 (all cells below threshold) retryIn=2s
---- INIT_ATTACH t=66 UE(imsi)=45 ----
  INIT_ATTACH_FAIL_ALL_LOW_RSRP: UE(imsi)=45 bestRsrp=-129.736 < min=-120 (all cells below threshold) retryIn=2s
---- INIT_ATTACH t=66 UE(imsi)=54 ----
  INIT_ATTACH_FAIL_ALL_LOW_RSRP: UE(imsi)=54 bestRsrp=-139.604 < min=-120 (all cells below threshold) retryIn=2s
---- INIT_ATTACH t=66 UE(imsi)=55 ----
  INIT_ATTACH_FAIL_ALL_LOW_RSRP: UE(imsi)=55 bestRsrp=-151.436 < min=-120 (all cells below threshold) retryIn=2s
---- INIT_ATTACH t=66 UE(imsi)=57 ----
  INIT_ATTACH_FAIL_ALL_LOW_RSRP: UE(imsi)=57 bestRsrp=-120.843 < min=-120 (all cells below threshold) retryIn=2s
---- INIT_ATTACH t=66 UE(imsi)=61 ----
  INIT_ATTACH_FAIL_ALL_LOW_RSRP: UE(imsi)=61 bestRsrp=-135.952 < min=-120 (all cells below threshold) retryIn=2s
---- INIT_ATTACH t=66 UE(imsi)=62 ----
  INIT_ATTACH_FAIL_ALL_LOW_RSRP: UE(imsi)=62 bestRsrp=-129.714 < min=-120 (all cells below threshold) retryIn=2s
---- INIT_ATTACH t=66 UE(imsi)=68 ----
  candOK0 cell=11 rsrp=-101.212 occ=10/10 -> SKIP_FULL
  INIT_ATTACH_FAIL_ALL_FULL: UE(imsi)=68 rsrpOk=1 (all RSRP>=min but full or invalid) retryIn=2s
---- INIT_ATTACH t=66 UE(imsi)=73 ----
  INIT_ATTACH_FAIL_ALL_LOW_RSRP: UE(imsi)=73 bestRsrp=-141.685 < min=-120 (all cells below threshold) retryIn=2s
---- INIT_ATTACH t=66 UE(imsi)=76 ----
  INIT_ATTACH_FAIL_ALL_LOW_RSRP: UE(imsi)=76 bestRsrp=-136.394 < min=-120 (all cells below threshold) retryIn=2s
---- INIT_ATTACH t=66 UE(imsi)=81 ----
  INIT_ATTACH_FAIL_ALL_LOW_RSRP: UE(imsi)=81 bestRsrp=-139.173 < min=-120 (all cells below threshold) retryIn=2s
---- INIT_ATTACH t=66 UE(imsi)=85 ----
  INIT_ATTACH_FAIL_ALL_LOW_RSRP: UE(imsi)=85 bestRsrp=-124.069 < min=-120 (all cells below threshold) retryIn=2s
---- INIT_ATTACH t=66 UE(imsi)=86 ----
  candOK0 cell=5 rsrp=-106.327 occ=19/20 -> OK
  SELECT cell=5 rsrp=-106.327 occ(afterReserve)=20/20
  INIT_ATTACH_OK: UE(imsi)=86 -> cell=5
---- INIT_ATTACH t=66 UE(imsi)=87 ----
  INIT_ATTACH_FAIL_ALL_LOW_RSRP: UE(imsi)=87 bestRsrp=-133.531 < min=-120 (all cells below threshold) retryIn=2s
---- INIT_ATTACH t=66 UE(imsi)=98 ----
  INIT_ATTACH_FAIL_ALL_LOW_RSRP: UE(imsi)=98 bestRsrp=-122.012 < min=-120 (all cells below threshold) retryIn=2s
---- INIT_ATTACH t=66 UE(imsi)=116 ----
  INIT_ATTACH_FAIL_ALL_LOW_RSRP: UE(imsi)=116 bestRsrp=-149.495 < min=-120 (all cells below threshold) retryIn=2s
---- INIT_ATTACH t=66 UE(imsi)=119 ----
  INIT_ATTACH_FAIL_ALL_LOW_RSRP: UE(imsi)=119 bestRsrp=-136.411 < min=-120 (all cells below threshold) retryIn=2s
---- INIT_ATTACH t=66 UE(imsi)=120 ----
  INIT_ATTACH_FAIL_ALL_LOW_RSRP: UE(imsi)=120 bestRsrp=-138.913 < min=-120 (all cells below threshold) retryIn=2s
---- INIT_ATTACH t=66 UE(imsi)=122 ----
  INIT_ATTACH_FAIL_ALL_LOW_RSRP: UE(imsi)=122 bestRsrp=-146.346 < min=-120 (all cells below threshold) retryIn=2s
---- INIT_ATTACH t=66 UE(imsi)=136 ----
  INIT_ATTACH_FAIL_ALL_LOW_RSRP: UE(imsi)=136 bestRsrp=-141.192 < min=-120 (all cells below threshold) retryIn=2s
---- INIT_ATTACH t=66 UE(imsi)=138 ----
  INIT_ATTACH_FAIL_ALL_LOW_RSRP: UE(imsi)=138 bestRsrp=-122.165 < min=-120 (all cells below threshold) retryIn=2s
---- INIT_ATTACH t=66 UE(imsi)=142 ----
  INIT_ATTACH_FAIL_ALL_LOW_RSRP: UE(imsi)=142 bestRsrp=-133.811 < min=-120 (all cells below threshold) retryIn=2s
---- INIT_ATTACH t=66 UE(imsi)=144 ----
  INIT_ATTACH_FAIL_ALL_LOW_RSRP: UE(imsi)=144 bestRsrp=-147.84 < min=-120 (all cells below threshold) retryIn=2s
---- INIT_ATTACH t=66 UE(imsi)=146 ----
  INIT_ATTACH_FAIL_ALL_LOW_RSRP: UE(imsi)=146 bestRsrp=-129.404 < min=-120 (all cells below threshold) retryIn=2s
---- INIT_ATTACH t=66 UE(imsi)=150 ----
  INIT_ATTACH_FAIL_ALL_LOW_RSRP: UE(imsi)=150 bestRsrp=-144.853 < min=-120 (all cells below threshold) retryIn=2s
---- INIT_ATTACH t=66 UE(imsi)=151 ----
  INIT_ATTACH_FAIL_ALL_LOW_RSRP: UE(imsi)=151 bestRsrp=-145.879 < min=-120 (all cells below threshold) retryIn=2s
---- INIT_ATTACH t=66 UE(imsi)=164 ----
  INIT_ATTACH_FAIL_ALL_LOW_RSRP: UE(imsi)=164 bestRsrp=-141.964 < min=-120 (all cells below threshold) retryIn=2s
---- INIT_ATTACH t=66 UE(imsi)=165 ----
  INIT_ATTACH_FAIL_ALL_LOW_RSRP: UE(imsi)=165 bestRsrp=-144.033 < min=-120 (all cells below threshold) retryIn=2s
---- INIT_ATTACH t=66 UE(imsi)=169 ----
  INIT_ATTACH_FAIL_ALL_LOW_RSRP: UE(imsi)=169 bestRsrp=-130.321 < min=-120 (all cells below threshold) retryIn=2s
---- INIT_ATTACH t=66 UE(imsi)=171 ----
  INIT_ATTACH_FAIL_ALL_LOW_RSRP: UE(imsi)=171 bestRsrp=-146.481 < min=-120 (all cells below threshold) retryIn=2s
---- INIT_ATTACH t=66 UE(imsi)=173 ----
  INIT_ATTACH_FAIL_ALL_LOW_RSRP: UE(imsi)=173 bestRsrp=-131.58 < min=-120 (all cells below threshold) retryIn=2s
---- INIT_ATTACH t=66 UE(imsi)=174 ----
  INIT_ATTACH_FAIL_ALL_LOW_RSRP: UE(imsi)=174 bestRsrp=-137.024 < min=-120 (all cells below threshold) retryIn=2s
---- INIT_ATTACH t=66 UE(imsi)=179 ----
  INIT_ATTACH_FAIL_ALL_LOW_RSRP: UE(imsi)=179 bestRsrp=-144.429 < min=-120 (all cells below threshold) retryIn=2s
---- INIT_ATTACH t=66 UE(imsi)=181 ----
  INIT_ATTACH_FAIL_ALL_LOW_RSRP: UE(imsi)=181 bestRsrp=-140.33 < min=-120 (all cells below threshold) retryIn=2s
---- INIT_ATTACH t=66 UE(imsi)=183 ----
  INIT_ATTACH_FAIL_ALL_LOW_RSRP: UE(imsi)=183 bestRsrp=-139.762 < min=-120 (all cells below threshold) retryIn=2s
---- INIT_ATTACH t=66 UE(imsi)=192 ----
  INIT_ATTACH_FAIL_ALL_LOW_RSRP: UE(imsi)=192 bestRsrp=-147.873 < min=-120 (all cells below threshold) retryIn=2s
---- INIT_ATTACH t=66 UE(imsi)=195 ----
  INIT_ATTACH_FAIL_ALL_LOW_RSRP: UE(imsi)=195 bestRsrp=-140.668 < min=-120 (all cells below threshold) retryIn=2s
---- INIT_ATTACH t=66 UE(imsi)=197 ----
  INIT_ATTACH_FAIL_ALL_LOW_RSRP: UE(imsi)=197 bestRsrp=-141.759 < min=-120 (all cells below threshold) retryIn=2s
---- INIT_ATTACH t=66 UE(imsi)=199 ----
  INIT_ATTACH_FAIL_ALL_LOW_RSRP: UE(imsi)=199 bestRsrp=-138.329 < min=-120 (all cells below threshold) retryIn=2s
---- INIT_ATTACH t=66 UE(imsi)=200 ----
  INIT_ATTACH_FAIL_ALL_LOW_RSRP: UE(imsi)=200 bestRsrp=-143.037 < min=-120 (all cells below threshold) retryIn=2s
---- INIT_ATTACH t=66 UE(imsi)=202 ----
  INIT_ATTACH_FAIL_ALL_LOW_RSRP: UE(imsi)=202 bestRsrp=-146.925 < min=-120 (all cells below threshold) retryIn=2s
---- INIT_ATTACH t=66 UE(imsi)=203 ----
  INIT_ATTACH_FAIL_ALL_LOW_RSRP: UE(imsi)=203 bestRsrp=-151.94 < min=-120 (all cells below threshold) retryIn=2s
---- INIT_ATTACH t=66 UE(imsi)=212 ----
  INIT_ATTACH_FAIL_ALL_LOW_RSRP: UE(imsi)=212 bestRsrp=-132.652 < min=-120 (all cells below threshold) retryIn=2s
---- INIT_ATTACH t=66 UE(imsi)=214 ----
  INIT_ATTACH_FAIL_ALL_LOW_RSRP: UE(imsi)=214 bestRsrp=-139.233 < min=-120 (all cells below threshold) retryIn=2s
---- INIT_ATTACH t=66 UE(imsi)=220 ----
  INIT_ATTACH_FAIL_ALL_LOW_RSRP: UE(imsi)=220 bestRsrp=-149.005 < min=-120 (all cells below threshold) retryIn=2s
---- INIT_ATTACH t=66 UE(imsi)=224 ----
  INIT_ATTACH_FAIL_ALL_LOW_RSRP: UE(imsi)=224 bestRsrp=-152.985 < min=-120 (all cells below threshold) retryIn=2s
---- INIT_ATTACH t=66 UE(imsi)=227 ----
  INIT_ATTACH_FAIL_ALL_LOW_RSRP: UE(imsi)=227 bestRsrp=-130.267 < min=-120 (all cells below threshold) retryIn=2s
---- INIT_ATTACH t=66 UE(imsi)=230 ----
  INIT_ATTACH_FAIL_ALL_LOW_RSRP: UE(imsi)=230 bestRsrp=-140.149 < min=-120 (all cells below threshold) retryIn=2s
---- INIT_ATTACH t=66 UE(imsi)=231 ----
  INIT_ATTACH_FAIL_ALL_LOW_RSRP: UE(imsi)=231 bestRsrp=-131.321 < min=-120 (all cells below threshold) retryIn=2s
---- INIT_ATTACH t=66 UE(imsi)=233 ----
  INIT_ATTACH_FAIL_ALL_LOW_RSRP: UE(imsi)=233 bestRsrp=-143.817 < min=-120 (all cells below threshold) retryIn=2s
---- INIT_ATTACH t=66 UE(imsi)=237 ----
  INIT_ATTACH_FAIL_ALL_LOW_RSRP: UE(imsi)=237 bestRsrp=-141.915 < min=-120 (all cells below threshold) retryIn=2s
---- INIT_ATTACH t=66 UE(imsi)=240 ----
  INIT_ATTACH_FAIL_ALL_LOW_RSRP: UE(imsi)=240 bestRsrp=-139.588 < min=-120 (all cells below threshold) retryIn=2s
---- LOAD at t=67.5 ----
  cell 1 (TN) load=15/20
  cell 2 (TN) load=19/20
  cell 3 (TN) load=9/20
  cell 4 (TN) load=10/20
  cell 5 (TN) load=20/20
  cell 6 (TN) load=17/20
  cell 7 (TN) load=17/20
  cell 8 (TN) load=16/20
  cell 9 (NTN) load=7/10
  cell 10 (NTN) load=10/10
  cell 11 (NTN) load=10/10
  cell 12 (NTN) load=4/10
  cell 13 (NTN) load=9/10
  cell 14 (NTN) load=9/10
UE 16 TTT_WAIT target=1 elapsed=0s need=2s
UE 17 TTT_WAIT target=7 elapsed=0s need=2s
UE 19 TTT_WAIT target=12 elapsed=0s need=2s
UE 20 TTT_WAIT target=9 elapsed=0s need=2s
LM HO UE=21 rnti=127 7->4 type=TN servingRsrp=-107.088 targetRsrp=-88.9324 targetLoadReal=10/20 targetLoadEff=10/20
UE 23 TTT_WAIT target=6 elapsed=0s need=2s
LM HO UE=26 rnti=104 11->3 type=TN servingRsrp=-93.8368 targetRsrp=-88.2827 targetLoadReal=9/20 targetLoadEff=9/20
UE 27 TTT_WAIT target=2 elapsed=0s need=2s
UE 29 TTT_WAIT target=8 elapsed=0s need=2s
UE 31 TTT_WAIT target=2 elapsed=0s need=2s
UE 33 TTT_WAIT target=1 elapsed=0s need=2s
UE 34 TTT_WAIT target=7 elapsed=0s need=2s
UE 35 TTT_WAIT target=4 elapsed=0s need=2s
UE 38 TTT_WAIT target=3 elapsed=0s need=2s
UE 39 TTT_WAIT target=4 elapsed=0s need=2s
UE 40 TTT_WAIT target=3 elapsed=0s need=2s
LM HO UE=42 rnti=88 11->3 type=TN servingRsrp=-119.317 targetRsrp=-91.8378 targetLoadReal=9/20 targetLoadEff=10/20
UE 43 TTT_WAIT target=4 elapsed=0s need=2s
UE 44 TTT_WAIT target=7 elapsed=0s need=2s
UE 45 TTT_WAIT target=1 elapsed=0s need=2s
UE 46 TTT_WAIT target=4 elapsed=0s need=2s
LM HO UE=49 rnti=88 14->3 type=TN servingRsrp=-119.819 targetRsrp=-91.0481 targetLoadReal=9/20 targetLoadEff=11/20
UE 52 TTT_WAIT target=1 elapsed=0s need=2s
UE 56 TTT_WAIT target=7 elapsed=0s need=2s
UE 62 TTT_WAIT target=8 elapsed=0s need=2s
LM HO_FAIL_LOW_RSRP UE=63 currCell=3 candCell=14 candRsrp=-123.87 < min=-120
LM HO UE=64 rnti=74 1->2 type=TN servingRsrp=-115.191 targetRsrp=-104.642 targetLoadReal=19/20 targetLoadEff=19/20
UE 68 TTT_WAIT target=4 elapsed=0s need=2s
UE 70 TTT_WAIT target=7 elapsed=0s need=2s
UE 72 TTT_WAIT target=9 elapsed=0s need=2s
UE 73 TTT_WAIT target=3 elapsed=0s need=2s
UE 74 TTT_WAIT target=8 elapsed=0s need=2s
UE 75 TTT_WAIT target=3 elapsed=0s need=2s
UE 76 TTT_WAIT target=6 elapsed=0s need=2s
LM HO UE=77 rnti=48 7->1 type=TN servingRsrp=-114.619 targetRsrp=-85.2292 targetLoadReal=15/20 targetLoadEff=15/20
UE 79 TTT_WAIT target=4 elapsed=0s need=2s
LM HO UE=80 rnti=131 2->6 type=TN servingRsrp=-114.359 targetRsrp=-62.7757 targetLoadReal=17/20 targetLoadEff=17/20
UE 82 TTT_WAIT target=7 elapsed=0s need=2s
UE 84 TTT_WAIT target=1 elapsed=0s need=2s
UE 90 TTT_WAIT target=1 elapsed=0s need=2s
LM HO_FAIL_LOW_RSRP UE=91 currCell=8 candCell=13 candRsrp=-129.434 < min=-120
UE 92 TTT_WAIT target=1 elapsed=0s need=2s
UE 93 TTT_WAIT target=6 elapsed=0s need=2s
UE 95 TTT_WAIT target=4 elapsed=0s need=2s
UE 96 TTT_WAIT target=3 elapsed=0s need=2s
LM HO UE=99 rnti=72 1->4 type=TN servingRsrp=-111.025 targetRsrp=-89.5775 targetLoadReal=10/20 targetLoadEff=11/20
UE 101 TTT_WAIT target=9 elapsed=0s need=2s
UE 104 TTT_WAIT target=4 elapsed=0s need=2s
UE 105 TTT_WAIT target=13 elapsed=0s need=2s
LM HO_FAIL_LOW_RSRP UE=107 currCell=9 candCell=12 candRsrp=-132.262 < min=-120
UE 108 TTT_WAIT target=6 elapsed=0s need=2s
UE 109 TTT_WAIT target=1 elapsed=0s need=2s
UE 111 TTT_WAIT target=3 elapsed=0s need=2s
LM HO UE=112 rnti=87 6->1 type=TN servingRsrp=-110.081 targetRsrp=-68.7876 targetLoadReal=15/20 targetLoadEff=16/20
UE 114 TTT_WAIT target=1 elapsed=0s need=2s
UE 115 TTT_WAIT target=8 elapsed=0s need=2s
UE 118 TTT_WAIT target=6 elapsed=0s need=2s
UE 120 TTT_WAIT target=8 elapsed=0s need=2s
UE 122 TTT_WAIT target=3 elapsed=0s need=2s
UE 125 TTT_WAIT target=6 elapsed=0s need=2s
LM HO_FAIL_LOW_RSRP UE=128 currCell=2 candCell=3 candRsrp=-127.531 < min=-120
UE 130 TTT_WAIT target=6 elapsed=0s need=2s
UE 131 TTT_WAIT target=4 elapsed=0s need=2s
UE 135 TTT_WAIT target=3 elapsed=0s need=2s
UE 137 TTT_WAIT target=14 elapsed=0s need=2s
UE 138 TTT_WAIT target=7 elapsed=0s need=2s
UE 140 TTT_WAIT target=4 elapsed=0s need=2s
UE 144 TTT_WAIT target=4 elapsed=0s need=2s
UE 146 TTT_WAIT target=14 elapsed=0s need=2s
UE 148 TTT_WAIT target=1 elapsed=0s need=2s
UE 149 TTT_WAIT target=4 elapsed=0s need=2s
LM HO UE=150 rnti=82 6->1 type=TN servingRsrp=-129.635 targetRsrp=-97.9974 targetLoadReal=15/20 targetLoadEff=17/20
UE 151 TTT_WAIT target=1 elapsed=0s need=2s
UE 155 TTT_WAIT target=9 elapsed=0s need=2s
UE 156 TTT_WAIT target=3 elapsed=0s need=2s
UE 157 TTT_WAIT target=12 elapsed=0s need=2s
UE 158 TTT_WAIT target=1 elapsed=0s need=2s
UE 162 TTT_WAIT target=3 elapsed=0s need=2s
LM HO UE=163 rnti=106 8->1 type=TN servingRsrp=-124.7 targetRsrp=-77.6075 targetLoadReal=15/20 targetLoadEff=18/20
UE 164 TTT_WAIT target=4 elapsed=0s need=2s
UE 165 TTT_WAIT target=6 elapsed=0s need=2s
UE 169 TTT_WAIT target=8 elapsed=0s need=2s
UE 174 TTT_WAIT target=4 elapsed=0s need=2s
UE 175 TTT_WAIT target=4 elapsed=0s need=2s
UE 182 TTT_WAIT target=9 elapsed=0s need=2s
LM HO UE=185 rnti=98 1->8 type=TN servingRsrp=-104.709 targetRsrp=-102.245 targetLoadReal=16/20 targetLoadEff=16/20
UE 186 TTT_WAIT target=14 elapsed=0s need=2s
UE 188 TTT_WAIT target=7 elapsed=0s need=2s
LM HO_FAIL_LOW_RSRP UE=190 currCell=12 candCell=14 candRsrp=-135.686 < min=-120
UE 193 TTT_WAIT target=4 elapsed=0s need=2s
UE 196 TTT_WAIT target=9 elapsed=0s need=2s
UE 202 TTT_WAIT target=3 elapsed=0s need=2s
UE 204 TTT_WAIT target=8 elapsed=0s need=2s
UE 205 TTT_WAIT target=7 elapsed=0s need=2s
LM HO_FAIL_LOW_RSRP UE=206 currCell=5 candCell=14 candRsrp=-124.813 < min=-120
UE 207 TTT_WAIT target=8 elapsed=0s need=2s
UE 208 TTT_WAIT target=6 elapsed=0s need=2s
UE 212 TTT_WAIT target=12 elapsed=0s need=2s
UE 213 TTT_WAIT target=7 elapsed=0s need=2s
UE 215 TTT_WAIT target=8 elapsed=0s need=2s
UE 216 TTT_WAIT target=12 elapsed=0s need=2s
UE 217 TTT_WAIT target=3 elapsed=0s need=2s
UE 223 TTT_WAIT target=4 elapsed=0s need=2s
UE 224 TTT_WAIT target=3 elapsed=0s need=2s
UE 225 TTT_WAIT target=4 elapsed=0s need=2s
UE 228 TTT_WAIT target=7 elapsed=0s need=2s
UE 229 TTT_WAIT target=3 elapsed=0s need=2s
UE 230 TTT_WAIT target=13 elapsed=0s need=2s
UE 233 TTT_WAIT target=1 elapsed=0s need=2s
UE 234 TTT_WAIT target=4 elapsed=0s need=2s
UE 239 TTT_WAIT target=6 elapsed=0s need=2s
UE 240 TTT_WAIT target=4 elapsed=0s need=2s
UE 241 TTT_WAIT target=3 elapsed=0s need=2s
UE 242 TTT_WAIT target=1 elapsed=0s need=2s
LM HO UE=244 rnti=16 5->3 type=TN servingRsrp=-97.641 targetRsrp=-74.7644 targetLoadReal=9/20 targetLoadEff=12/20
---- INIT_ATTACH t=68 UE(imsi)=16 ----
  INIT_ATTACH_FAIL_ALL_LOW_RSRP: UE(imsi)=16 bestRsrp=-136.018 < min=-120 (all cells below threshold) retryIn=2s
---- INIT_ATTACH t=68 UE(imsi)=20 ----
  INIT_ATTACH_FAIL_ALL_LOW_RSRP: UE(imsi)=20 bestRsrp=-148.285 < min=-120 (all cells below threshold) retryIn=2s
---- INIT_ATTACH t=68 UE(imsi)=23 ----
  INIT_ATTACH_FAIL_ALL_LOW_RSRP: UE(imsi)=23 bestRsrp=-140.586 < min=-120 (all cells below threshold) retryIn=2s
---- INIT_ATTACH t=68 UE(imsi)=25 ----
  INIT_ATTACH_FAIL_ALL_LOW_RSRP: UE(imsi)=25 bestRsrp=-126.903 < min=-120 (all cells below threshold) retryIn=2s
---- INIT_ATTACH t=68 UE(imsi)=26 ----
  INIT_ATTACH_FAIL_ALL_LOW_RSRP: UE(imsi)=26 bestRsrp=-146.75 < min=-120 (all cells below threshold) retryIn=2s
---- INIT_ATTACH t=68 UE(imsi)=29 ----
  INIT_ATTACH_FAIL_ALL_LOW_RSRP: UE(imsi)=29 bestRsrp=-147.47 < min=-120 (all cells below threshold) retryIn=2s
---- INIT_ATTACH t=68 UE(imsi)=36 ----
  INIT_ATTACH_FAIL_ALL_LOW_RSRP: UE(imsi)=36 bestRsrp=-134.78 < min=-120 (all cells below threshold) retryIn=2s
---- INIT_ATTACH t=68 UE(imsi)=38 ----
  INIT_ATTACH_FAIL_ALL_LOW_RSRP: UE(imsi)=38 bestRsrp=-145.843 < min=-120 (all cells below threshold) retryIn=2s
---- INIT_ATTACH t=68 UE(imsi)=45 ----
  INIT_ATTACH_FAIL_ALL_LOW_RSRP: UE(imsi)=45 bestRsrp=-128.294 < min=-120 (all cells below threshold) retryIn=2s
---- INIT_ATTACH t=68 UE(imsi)=54 ----
  INIT_ATTACH_FAIL_ALL_LOW_RSRP: UE(imsi)=54 bestRsrp=-136.886 < min=-120 (all cells below threshold) retryIn=2s
---- INIT_ATTACH t=68 UE(imsi)=55 ----
  INIT_ATTACH_FAIL_ALL_LOW_RSRP: UE(imsi)=55 bestRsrp=-152.215 < min=-120 (all cells below threshold) retryIn=2s
---- INIT_ATTACH t=68 UE(imsi)=57 ----
  INIT_ATTACH_FAIL_ALL_LOW_RSRP: UE(imsi)=57 bestRsrp=-122.166 < min=-120 (all cells below threshold) retryIn=2s
---- INIT_ATTACH t=68 UE(imsi)=61 ----
  INIT_ATTACH_FAIL_ALL_LOW_RSRP: UE(imsi)=61 bestRsrp=-137.121 < min=-120 (all cells below threshold) retryIn=2s
---- INIT_ATTACH t=68 UE(imsi)=62 ----
  INIT_ATTACH_FAIL_ALL_LOW_RSRP: UE(imsi)=62 bestRsrp=-128.32 < min=-120 (all cells below threshold) retryIn=2s
---- INIT_ATTACH t=68 UE(imsi)=68 ----
  INIT_ATTACH_FAIL_ALL_LOW_RSRP: UE(imsi)=68 bestRsrp=-131.558 < min=-120 (all cells below threshold) retryIn=2s
---- INIT_ATTACH t=68 UE(imsi)=73 ----
  INIT_ATTACH_FAIL_ALL_LOW_RSRP: UE(imsi)=73 bestRsrp=-140.835 < min=-120 (all cells below threshold) retryIn=2s
---- INIT_ATTACH t=68 UE(imsi)=76 ----
  INIT_ATTACH_FAIL_ALL_LOW_RSRP: UE(imsi)=76 bestRsrp=-120.482 < min=-120 (all cells below threshold) retryIn=2s
---- INIT_ATTACH t=68 UE(imsi)=81 ----
  INIT_ATTACH_FAIL_ALL_LOW_RSRP: UE(imsi)=81 bestRsrp=-138.889 < min=-120 (all cells below threshold) retryIn=2s
---- INIT_ATTACH t=68 UE(imsi)=85 ----
  INIT_ATTACH_FAIL_ALL_LOW_RSRP: UE(imsi)=85 bestRsrp=-140.794 < min=-120 (all cells below threshold) retryIn=2s
---- INIT_ATTACH t=68 UE(imsi)=87 ----
  INIT_ATTACH_FAIL_ALL_LOW_RSRP: UE(imsi)=87 bestRsrp=-131.944 < min=-120 (all cells below threshold) retryIn=2s
---- INIT_ATTACH t=68 UE(imsi)=98 ----
  INIT_ATTACH_FAIL_ALL_LOW_RSRP: UE(imsi)=98 bestRsrp=-128.623 < min=-120 (all cells below threshold) retryIn=2s
---- INIT_ATTACH t=68 UE(imsi)=116 ----
  INIT_ATTACH_FAIL_ALL_LOW_RSRP: UE(imsi)=116 bestRsrp=-148.657 < min=-120 (all cells below threshold) retryIn=2s
---- INIT_ATTACH t=68 UE(imsi)=119 ----
  INIT_ATTACH_FAIL_ALL_LOW_RSRP: UE(imsi)=119 bestRsrp=-133.518 < min=-120 (all cells below threshold) retryIn=2s
---- INIT_ATTACH t=68 UE(imsi)=120 ----
  INIT_ATTACH_FAIL_ALL_LOW_RSRP: UE(imsi)=120 bestRsrp=-136.798 < min=-120 (all cells below threshold) retryIn=2s
---- INIT_ATTACH t=68 UE(imsi)=122 ----
  INIT_ATTACH_FAIL_ALL_LOW_RSRP: UE(imsi)=122 bestRsrp=-147.127 < min=-120 (all cells below threshold) retryIn=2s
---- INIT_ATTACH t=68 UE(imsi)=136 ----
  INIT_ATTACH_FAIL_ALL_LOW_RSRP: UE(imsi)=136 bestRsrp=-138.151 < min=-120 (all cells below threshold) retryIn=2s
---- INIT_ATTACH t=68 UE(imsi)=138 ----
  candOK0 cell=5 rsrp=-119.601 occ=19/20 -> OK
  SELECT cell=5 rsrp=-119.601 occ(afterReserve)=20/20
  INIT_ATTACH_OK: UE(imsi)=138 -> cell=5
---- INIT_ATTACH t=68 UE(imsi)=142 ----
  INIT_ATTACH_FAIL_ALL_LOW_RSRP: UE(imsi)=142 bestRsrp=-134.27 < min=-120 (all cells below threshold) retryIn=2s
---- INIT_ATTACH t=68 UE(imsi)=144 ----
  INIT_ATTACH_FAIL_ALL_LOW_RSRP: UE(imsi)=144 bestRsrp=-147.75 < min=-120 (all cells below threshold) retryIn=2s
---- INIT_ATTACH t=68 UE(imsi)=146 ----
  INIT_ATTACH_FAIL_ALL_LOW_RSRP: UE(imsi)=146 bestRsrp=-128.841 < min=-120 (all cells below threshold) retryIn=2s
---- INIT_ATTACH t=68 UE(imsi)=150 ----
  candOK0 cell=12 rsrp=-119.099 occ=4/10 -> OK
  SELECT cell=12 rsrp=-119.099 occ(afterReserve)=5/10
  INIT_ATTACH_OK: UE(imsi)=150 -> cell=12
---- INIT_ATTACH t=68 UE(imsi)=151 ----
  INIT_ATTACH_FAIL_ALL_LOW_RSRP: UE(imsi)=151 bestRsrp=-144.809 < min=-120 (all cells below threshold) retryIn=2s
---- INIT_ATTACH t=68 UE(imsi)=164 ----
  INIT_ATTACH_FAIL_ALL_LOW_RSRP: UE(imsi)=164 bestRsrp=-140.085 < min=-120 (all cells below threshold) retryIn=2s
---- INIT_ATTACH t=68 UE(imsi)=165 ----
  INIT_ATTACH_FAIL_ALL_LOW_RSRP: UE(imsi)=165 bestRsrp=-141.601 < min=-120 (all cells below threshold) retryIn=2s
---- INIT_ATTACH t=68 UE(imsi)=169 ----
  INIT_ATTACH_FAIL_ALL_LOW_RSRP: UE(imsi)=169 bestRsrp=-141.348 < min=-120 (all cells below threshold) retryIn=2s
---- INIT_ATTACH t=68 UE(imsi)=171 ----
  INIT_ATTACH_FAIL_ALL_LOW_RSRP: UE(imsi)=171 bestRsrp=-146.726 < min=-120 (all cells below threshold) retryIn=2s
---- INIT_ATTACH t=68 UE(imsi)=173 ----
  candOK0 cell=7 rsrp=-112.453 occ=15/20 -> OK
  SELECT cell=7 rsrp=-112.453 occ(afterReserve)=16/20
  INIT_ATTACH_OK: UE(imsi)=173 -> cell=7
---- INIT_ATTACH t=68 UE(imsi)=174 ----
  INIT_ATTACH_FAIL_ALL_LOW_RSRP: UE(imsi)=174 bestRsrp=-136.459 < min=-120 (all cells below threshold) retryIn=2s
---- INIT_ATTACH t=68 UE(imsi)=179 ----
  INIT_ATTACH_FAIL_ALL_LOW_RSRP: UE(imsi)=179 bestRsrp=-145.956 < min=-120 (all cells below threshold) retryIn=2s
---- INIT_ATTACH t=68 UE(imsi)=181 ----
  INIT_ATTACH_FAIL_ALL_LOW_RSRP: UE(imsi)=181 bestRsrp=-142.622 < min=-120 (all cells below threshold) retryIn=2s
---- INIT_ATTACH t=68 UE(imsi)=183 ----
  candOK0 cell=2 rsrp=-113.085 occ=19/20 -> OK
  SELECT cell=2 rsrp=-113.085 occ(afterReserve)=20/20
  INIT_ATTACH_OK: UE(imsi)=183 -> cell=2
---- INIT_ATTACH t=68 UE(imsi)=192 ----
  INIT_ATTACH_FAIL_ALL_LOW_RSRP: UE(imsi)=192 bestRsrp=-151.618 < min=-120 (all cells below threshold) retryIn=2s
---- INIT_ATTACH t=68 UE(imsi)=195 ----
  INIT_ATTACH_FAIL_ALL_LOW_RSRP: UE(imsi)=195 bestRsrp=-141.553 < min=-120 (all cells below threshold) retryIn=2s
---- INIT_ATTACH t=68 UE(imsi)=197 ----
  INIT_ATTACH_FAIL_ALL_LOW_RSRP: UE(imsi)=197 bestRsrp=-143.655 < min=-120 (all cells below threshold) retryIn=2s
---- INIT_ATTACH t=68 UE(imsi)=199 ----
  INIT_ATTACH_FAIL_ALL_LOW_RSRP: UE(imsi)=199 bestRsrp=-138.527 < min=-120 (all cells below threshold) retryIn=2s
---- INIT_ATTACH t=68 UE(imsi)=200 ----
  INIT_ATTACH_FAIL_ALL_LOW_RSRP: UE(imsi)=200 bestRsrp=-144.639 < min=-120 (all cells below threshold) retryIn=2s
---- INIT_ATTACH t=68 UE(imsi)=202 ----
  INIT_ATTACH_FAIL_ALL_LOW_RSRP: UE(imsi)=202 bestRsrp=-145.543 < min=-120 (all cells below threshold) retryIn=2s
---- INIT_ATTACH t=68 UE(imsi)=203 ----
  INIT_ATTACH_FAIL_ALL_LOW_RSRP: UE(imsi)=203 bestRsrp=-150.137 < min=-120 (all cells below threshold) retryIn=2s
---- INIT_ATTACH t=68 UE(imsi)=212 ----
  INIT_ATTACH_FAIL_ALL_LOW_RSRP: UE(imsi)=212 bestRsrp=-133.041 < min=-120 (all cells below threshold) retryIn=2s
---- INIT_ATTACH t=68 UE(imsi)=214 ----
  INIT_ATTACH_FAIL_ALL_LOW_RSRP: UE(imsi)=214 bestRsrp=-140.821 < min=-120 (all cells below threshold) retryIn=2s
---- INIT_ATTACH t=68 UE(imsi)=220 ----
  INIT_ATTACH_FAIL_ALL_LOW_RSRP: UE(imsi)=220 bestRsrp=-149.721 < min=-120 (all cells below threshold) retryIn=2s
---- INIT_ATTACH t=68 UE(imsi)=224 ----
  INIT_ATTACH_FAIL_ALL_LOW_RSRP: UE(imsi)=224 bestRsrp=-152.915 < min=-120 (all cells below threshold) retryIn=2s
---- INIT_ATTACH t=68 UE(imsi)=227 ----
  INIT_ATTACH_FAIL_ALL_LOW_RSRP: UE(imsi)=227 bestRsrp=-129.933 < min=-120 (all cells below threshold) retryIn=2s
---- INIT_ATTACH t=68 UE(imsi)=230 ----
  INIT_ATTACH_FAIL_ALL_LOW_RSRP: UE(imsi)=230 bestRsrp=-139.033 < min=-120 (all cells below threshold) retryIn=2s
---- INIT_ATTACH t=68 UE(imsi)=231 ----
  INIT_ATTACH_FAIL_ALL_LOW_RSRP: UE(imsi)=231 bestRsrp=-134.571 < min=-120 (all cells below threshold) retryIn=2s
---- INIT_ATTACH t=68 UE(imsi)=233 ----
  candOK0 cell=10 rsrp=-115.302 occ=10/10 -> SKIP_FULL
  INIT_ATTACH_FAIL_ALL_FULL: UE(imsi)=233 rsrpOk=1 (all RSRP>=min but full or invalid) retryIn=2s
---- INIT_ATTACH t=68 UE(imsi)=237 ----
  INIT_ATTACH_FAIL_ALL_LOW_RSRP: UE(imsi)=237 bestRsrp=-143.212 < min=-120 (all cells below threshold) retryIn=2s
---- INIT_ATTACH t=68 UE(imsi)=240 ----
  INIT_ATTACH_FAIL_ALL_LOW_RSRP: UE(imsi)=240 bestRsrp=-139.197 < min=-120 (all cells below threshold) retryIn=2s
---- INIT_ATTACH t=70 UE(imsi)=16 ----
  INIT_ATTACH_FAIL_ALL_LOW_RSRP: UE(imsi)=16 bestRsrp=-127.881 < min=-120 (all cells below threshold) retryIn=2s
---- INIT_ATTACH t=70 UE(imsi)=20 ----
  INIT_ATTACH_FAIL_ALL_LOW_RSRP: UE(imsi)=20 bestRsrp=-146.137 < min=-120 (all cells below threshold) retryIn=2s
---- INIT_ATTACH t=70 UE(imsi)=23 ----
  INIT_ATTACH_FAIL_ALL_LOW_RSRP: UE(imsi)=23 bestRsrp=-142.608 < min=-120 (all cells below threshold) retryIn=2s
---- INIT_ATTACH t=70 UE(imsi)=25 ----
  INIT_ATTACH_FAIL_ALL_LOW_RSRP: UE(imsi)=25 bestRsrp=-123.767 < min=-120 (all cells below threshold) retryIn=2s
---- INIT_ATTACH t=70 UE(imsi)=26 ----
  INIT_ATTACH_FAIL_ALL_LOW_RSRP: UE(imsi)=26 bestRsrp=-144.974 < min=-120 (all cells below threshold) retryIn=2s
---- INIT_ATTACH t=70 UE(imsi)=29 ----
  INIT_ATTACH_FAIL_ALL_LOW_RSRP: UE(imsi)=29 bestRsrp=-150.149 < min=-120 (all cells below threshold) retryIn=2s
---- INIT_ATTACH t=70 UE(imsi)=36 ----
  INIT_ATTACH_FAIL_ALL_LOW_RSRP: UE(imsi)=36 bestRsrp=-135.107 < min=-120 (all cells below threshold) retryIn=2s
---- INIT_ATTACH t=70 UE(imsi)=38 ----
  INIT_ATTACH_FAIL_ALL_LOW_RSRP: UE(imsi)=38 bestRsrp=-146.925 < min=-120 (all cells below threshold) retryIn=2s
---- INIT_ATTACH t=70 UE(imsi)=45 ----
  INIT_ATTACH_FAIL_ALL_LOW_RSRP: UE(imsi)=45 bestRsrp=-125.933 < min=-120 (all cells below threshold) retryIn=2s
---- INIT_ATTACH t=70 UE(imsi)=54 ----
  INIT_ATTACH_FAIL_ALL_LOW_RSRP: UE(imsi)=54 bestRsrp=-139.412 < min=-120 (all cells below threshold) retryIn=2s
---- INIT_ATTACH t=70 UE(imsi)=55 ----
  INIT_ATTACH_FAIL_ALL_LOW_RSRP: UE(imsi)=55 bestRsrp=-153.014 < min=-120 (all cells below threshold) retryIn=2s
---- INIT_ATTACH t=70 UE(imsi)=57 ----
  INIT_ATTACH_FAIL_ALL_LOW_RSRP: UE(imsi)=57 bestRsrp=-121.928 < min=-120 (all cells below threshold) retryIn=2s
---- INIT_ATTACH t=70 UE(imsi)=61 ----
  INIT_ATTACH_FAIL_ALL_LOW_RSRP: UE(imsi)=61 bestRsrp=-136.402 < min=-120 (all cells below threshold) retryIn=2s
---- INIT_ATTACH t=70 UE(imsi)=62 ----
  INIT_ATTACH_FAIL_ALL_LOW_RSRP: UE(imsi)=62 bestRsrp=-124.622 < min=-120 (all cells below threshold) retryIn=2s
---- INIT_ATTACH t=70 UE(imsi)=68 ----
  INIT_ATTACH_FAIL_ALL_LOW_RSRP: UE(imsi)=68 bestRsrp=-132.221 < min=-120 (all cells below threshold) retryIn=2s
---- INIT_ATTACH t=70 UE(imsi)=73 ----
  INIT_ATTACH_FAIL_ALL_LOW_RSRP: UE(imsi)=73 bestRsrp=-141.753 < min=-120 (all cells below threshold) retryIn=2s
---- INIT_ATTACH t=70 UE(imsi)=76 ----
  INIT_ATTACH_FAIL_ALL_LOW_RSRP: UE(imsi)=76 bestRsrp=-139.231 < min=-120 (all cells below threshold) retryIn=2s
---- INIT_ATTACH t=70 UE(imsi)=81 ----
  INIT_ATTACH_FAIL_ALL_LOW_RSRP: UE(imsi)=81 bestRsrp=-140.356 < min=-120 (all cells below threshold) retryIn=2s
---- INIT_ATTACH t=70 UE(imsi)=85 ----
  INIT_ATTACH_FAIL_ALL_LOW_RSRP: UE(imsi)=85 bestRsrp=-142.675 < min=-120 (all cells below threshold) retryIn=2s
---- INIT_ATTACH t=70 UE(imsi)=87 ----
  INIT_ATTACH_FAIL_ALL_LOW_RSRP: UE(imsi)=87 bestRsrp=-132.748 < min=-120 (all cells below threshold) retryIn=2s
---- INIT_ATTACH t=70 UE(imsi)=98 ----
  INIT_ATTACH_FAIL_ALL_LOW_RSRP: UE(imsi)=98 bestRsrp=-126.519 < min=-120 (all cells below threshold) retryIn=2s
---- INIT_ATTACH t=70 UE(imsi)=116 ----
  INIT_ATTACH_FAIL_ALL_LOW_RSRP: UE(imsi)=116 bestRsrp=-151.34 < min=-120 (all cells below threshold) retryIn=2s
---- INIT_ATTACH t=70 UE(imsi)=119 ----
  INIT_ATTACH_FAIL_ALL_LOW_RSRP: UE(imsi)=119 bestRsrp=-135.991 < min=-120 (all cells below threshold) retryIn=2s
---- INIT_ATTACH t=70 UE(imsi)=120 ----
  INIT_ATTACH_FAIL_ALL_LOW_RSRP: UE(imsi)=120 bestRsrp=-140.967 < min=-120 (all cells below threshold) retryIn=2s
---- INIT_ATTACH t=70 UE(imsi)=122 ----
  INIT_ATTACH_FAIL_ALL_LOW_RSRP: UE(imsi)=122 bestRsrp=-148.294 < min=-120 (all cells below threshold) retryIn=2s
---- INIT_ATTACH t=70 UE(imsi)=136 ----
  INIT_ATTACH_FAIL_ALL_LOW_RSRP: UE(imsi)=136 bestRsrp=-142.032 < min=-120 (all cells below threshold) retryIn=2s
---- INIT_ATTACH t=70 UE(imsi)=142 ----
  INIT_ATTACH_FAIL_ALL_LOW_RSRP: UE(imsi)=142 bestRsrp=-134.34 < min=-120 (all cells below threshold) retryIn=2s
---- INIT_ATTACH t=70 UE(imsi)=144 ----
  INIT_ATTACH_FAIL_ALL_LOW_RSRP: UE(imsi)=144 bestRsrp=-149.15 < min=-120 (all cells below threshold) retryIn=2s
---- INIT_ATTACH t=70 UE(imsi)=146 ----
  INIT_ATTACH_FAIL_ALL_LOW_RSRP: UE(imsi)=146 bestRsrp=-128.025 < min=-120 (all cells below threshold) retryIn=2s
---- INIT_ATTACH t=70 UE(imsi)=151 ----
  INIT_ATTACH_FAIL_ALL_LOW_RSRP: UE(imsi)=151 bestRsrp=-125.287 < min=-120 (all cells below threshold) retryIn=2s
---- INIT_ATTACH t=70 UE(imsi)=164 ----
  INIT_ATTACH_FAIL_ALL_LOW_RSRP: UE(imsi)=164 bestRsrp=-143.119 < min=-120 (all cells below threshold) retryIn=2s
---- INIT_ATTACH t=70 UE(imsi)=165 ----
  INIT_ATTACH_FAIL_ALL_LOW_RSRP: UE(imsi)=165 bestRsrp=-143.341 < min=-120 (all cells below threshold) retryIn=2s
---- INIT_ATTACH t=70 UE(imsi)=169 ----
  INIT_ATTACH_FAIL_ALL_LOW_RSRP: UE(imsi)=169 bestRsrp=-141.11 < min=-120 (all cells below threshold) retryIn=2s
---- INIT_ATTACH t=70 UE(imsi)=171 ----
  INIT_ATTACH_FAIL_ALL_LOW_RSRP: UE(imsi)=171 bestRsrp=-146.965 < min=-120 (all cells below threshold) retryIn=2s
---- INIT_ATTACH t=70 UE(imsi)=174 ----
  INIT_ATTACH_FAIL_ALL_LOW_RSRP: UE(imsi)=174 bestRsrp=-136.645 < min=-120 (all cells below threshold) retryIn=2s
---- INIT_ATTACH t=70 UE(imsi)=179 ----
  INIT_ATTACH_FAIL_ALL_LOW_RSRP: UE(imsi)=179 bestRsrp=-144.7 < min=-120 (all cells below threshold) retryIn=2s
---- INIT_ATTACH t=70 UE(imsi)=181 ----
  INIT_ATTACH_FAIL_ALL_LOW_RSRP: UE(imsi)=181 bestRsrp=-141.907 < min=-120 (all cells below threshold) retryIn=2s
---- INIT_ATTACH t=70 UE(imsi)=192 ----
  INIT_ATTACH_FAIL_ALL_LOW_RSRP: UE(imsi)=192 bestRsrp=-152.278 < min=-120 (all cells below threshold) retryIn=2s
---- INIT_ATTACH t=70 UE(imsi)=195 ----
  INIT_ATTACH_FAIL_ALL_LOW_RSRP: UE(imsi)=195 bestRsrp=-147.582 < min=-120 (all cells below threshold) retryIn=2s
---- INIT_ATTACH t=70 UE(imsi)=197 ----
  INIT_ATTACH_FAIL_ALL_LOW_RSRP: UE(imsi)=197 bestRsrp=-144.946 < min=-120 (all cells below threshold) retryIn=2s
---- INIT_ATTACH t=70 UE(imsi)=199 ----
  INIT_ATTACH_FAIL_ALL_LOW_RSRP: UE(imsi)=199 bestRsrp=-137.619 < min=-120 (all cells below threshold) retryIn=2s
---- INIT_ATTACH t=70 UE(imsi)=200 ----
  INIT_ATTACH_FAIL_ALL_LOW_RSRP: UE(imsi)=200 bestRsrp=-143.341 < min=-120 (all cells below threshold) retryIn=2s
---- INIT_ATTACH t=70 UE(imsi)=202 ----
  INIT_ATTACH_FAIL_ALL_LOW_RSRP: UE(imsi)=202 bestRsrp=-146.384 < min=-120 (all cells below threshold) retryIn=2s
---- INIT_ATTACH t=70 UE(imsi)=203 ----
  INIT_ATTACH_FAIL_ALL_LOW_RSRP: UE(imsi)=203 bestRsrp=-150.605 < min=-120 (all cells below threshold) retryIn=2s
---- INIT_ATTACH t=70 UE(imsi)=212 ----
  candOK0 cell=5 rsrp=-114.68 occ=20/20 -> SKIP_FULL
  INIT_ATTACH_FAIL_ALL_FULL: UE(imsi)=212 rsrpOk=1 (all RSRP>=min but full or invalid) retryIn=2s
---- INIT_ATTACH t=70 UE(imsi)=214 ----
  INIT_ATTACH_FAIL_ALL_LOW_RSRP: UE(imsi)=214 bestRsrp=-140.037 < min=-120 (all cells below threshold) retryIn=2s
---- INIT_ATTACH t=70 UE(imsi)=220 ----
  INIT_ATTACH_FAIL_ALL_LOW_RSRP: UE(imsi)=220 bestRsrp=-149.701 < min=-120 (all cells below threshold) retryIn=2s
---- INIT_ATTACH t=70 UE(imsi)=224 ----
  INIT_ATTACH_FAIL_ALL_LOW_RSRP: UE(imsi)=224 bestRsrp=-153.335 < min=-120 (all cells below threshold) retryIn=2s
---- INIT_ATTACH t=70 UE(imsi)=227 ----
  INIT_ATTACH_FAIL_ALL_LOW_RSRP: UE(imsi)=227 bestRsrp=-128.403 < min=-120 (all cells below threshold) retryIn=2s
---- INIT_ATTACH t=70 UE(imsi)=230 ----
  INIT_ATTACH_FAIL_ALL_LOW_RSRP: UE(imsi)=230 bestRsrp=-139.769 < min=-120 (all cells below threshold) retryIn=2s
---- INIT_ATTACH t=70 UE(imsi)=231 ----
  INIT_ATTACH_FAIL_ALL_LOW_RSRP: UE(imsi)=231 bestRsrp=-133.779 < min=-120 (all cells below threshold) retryIn=2s
---- INIT_ATTACH t=70 UE(imsi)=233 ----
  INIT_ATTACH_FAIL_ALL_LOW_RSRP: UE(imsi)=233 bestRsrp=-141.764 < min=-120 (all cells below threshold) retryIn=2s
---- INIT_ATTACH t=70 UE(imsi)=237 ----
  INIT_ATTACH_FAIL_ALL_LOW_RSRP: UE(imsi)=237 bestRsrp=-142.223 < min=-120 (all cells below threshold) retryIn=2s
---- INIT_ATTACH t=70 UE(imsi)=240 ----
  INIT_ATTACH_FAIL_ALL_LOW_RSRP: UE(imsi)=240 bestRsrp=-141.14 < min=-120 (all cells below threshold) retryIn=2s
---- INIT_ATTACH t=72 UE(imsi)=16 ----
  INIT_ATTACH_FAIL_ALL_LOW_RSRP: UE(imsi)=16 bestRsrp=-136.749 < min=-120 (all cells below threshold) retryIn=2s
---- INIT_ATTACH t=72 UE(imsi)=20 ----
  INIT_ATTACH_FAIL_ALL_LOW_RSRP: UE(imsi)=20 bestRsrp=-148.059 < min=-120 (all cells below threshold) retryIn=2s
---- INIT_ATTACH t=72 UE(imsi)=23 ----
  INIT_ATTACH_FAIL_ALL_LOW_RSRP: UE(imsi)=23 bestRsrp=-140.291 < min=-120 (all cells below threshold) retryIn=2s
---- INIT_ATTACH t=72 UE(imsi)=25 ----
  INIT_ATTACH_FAIL_ALL_LOW_RSRP: UE(imsi)=25 bestRsrp=-128.48 < min=-120 (all cells below threshold) retryIn=2s
---- INIT_ATTACH t=72 UE(imsi)=26 ----
  INIT_ATTACH_FAIL_ALL_LOW_RSRP: UE(imsi)=26 bestRsrp=-145.978 < min=-120 (all cells below threshold) retryIn=2s
---- INIT_ATTACH t=72 UE(imsi)=29 ----
  INIT_ATTACH_FAIL_ALL_LOW_RSRP: UE(imsi)=29 bestRsrp=-149.597 < min=-120 (all cells below threshold) retryIn=2s
---- INIT_ATTACH t=72 UE(imsi)=36 ----
  INIT_ATTACH_FAIL_ALL_LOW_RSRP: UE(imsi)=36 bestRsrp=-136.975 < min=-120 (all cells below threshold) retryIn=2s
---- INIT_ATTACH t=72 UE(imsi)=38 ----
  INIT_ATTACH_FAIL_ALL_LOW_RSRP: UE(imsi)=38 bestRsrp=-144.003 < min=-120 (all cells below threshold) retryIn=2s
---- INIT_ATTACH t=72 UE(imsi)=45 ----
  INIT_ATTACH_FAIL_ALL_LOW_RSRP: UE(imsi)=45 bestRsrp=-128.373 < min=-120 (all cells below threshold) retryIn=2s
---- INIT_ATTACH t=72 UE(imsi)=54 ----
  INIT_ATTACH_FAIL_ALL_LOW_RSRP: UE(imsi)=54 bestRsrp=-137.006 < min=-120 (all cells below threshold) retryIn=2s
---- INIT_ATTACH t=72 UE(imsi)=55 ----
  INIT_ATTACH_FAIL_ALL_LOW_RSRP: UE(imsi)=55 bestRsrp=-149.347 < min=-120 (all cells below threshold) retryIn=2s
---- INIT_ATTACH t=72 UE(imsi)=57 ----
  candOK0 cell=7 rsrp=-95.4703 occ=16/20 -> OK
  SELECT cell=7 rsrp=-95.4703 occ(afterReserve)=17/20
  INIT_ATTACH_OK: UE(imsi)=57 -> cell=7
---- INIT_ATTACH t=72 UE(imsi)=61 ----
  INIT_ATTACH_FAIL_ALL_LOW_RSRP: UE(imsi)=61 bestRsrp=-136.15 < min=-120 (all cells below threshold) retryIn=2s
---- INIT_ATTACH t=72 UE(imsi)=62 ----
  INIT_ATTACH_FAIL_ALL_LOW_RSRP: UE(imsi)=62 bestRsrp=-127.536 < min=-120 (all cells below threshold) retryIn=2s
---- INIT_ATTACH t=72 UE(imsi)=68 ----
  INIT_ATTACH_FAIL_ALL_LOW_RSRP: UE(imsi)=68 bestRsrp=-134.154 < min=-120 (all cells below threshold) retryIn=2s
---- INIT_ATTACH t=72 UE(imsi)=73 ----
  INIT_ATTACH_FAIL_ALL_LOW_RSRP: UE(imsi)=73 bestRsrp=-142.093 < min=-120 (all cells below threshold) retryIn=2s
---- INIT_ATTACH t=72 UE(imsi)=76 ----
  INIT_ATTACH_FAIL_ALL_LOW_RSRP: UE(imsi)=76 bestRsrp=-138.329 < min=-120 (all cells below threshold) retryIn=2s
---- INIT_ATTACH t=72 UE(imsi)=81 ----
  INIT_ATTACH_FAIL_ALL_LOW_RSRP: UE(imsi)=81 bestRsrp=-138.995 < min=-120 (all cells below threshold) retryIn=2s
---- INIT_ATTACH t=72 UE(imsi)=85 ----
  candOK0 cell=10 rsrp=-112.167 occ=10/10 -> SKIP_FULL
  INIT_ATTACH_FAIL_ALL_FULL: UE(imsi)=85 rsrpOk=1 (all RSRP>=min but full or invalid) retryIn=2s
---- INIT_ATTACH t=72 UE(imsi)=87 ----
  INIT_ATTACH_FAIL_ALL_LOW_RSRP: UE(imsi)=87 bestRsrp=-130.599 < min=-120 (all cells below threshold) retryIn=2s
---- INIT_ATTACH t=72 UE(imsi)=98 ----
  INIT_ATTACH_FAIL_ALL_LOW_RSRP: UE(imsi)=98 bestRsrp=-129.18 < min=-120 (all cells below threshold) retryIn=2s
---- INIT_ATTACH t=72 UE(imsi)=116 ----
  INIT_ATTACH_FAIL_ALL_LOW_RSRP: UE(imsi)=116 bestRsrp=-148.977 < min=-120 (all cells below threshold) retryIn=2s
---- INIT_ATTACH t=72 UE(imsi)=119 ----
  INIT_ATTACH_FAIL_ALL_LOW_RSRP: UE(imsi)=119 bestRsrp=-135.916 < min=-120 (all cells below threshold) retryIn=2s
---- INIT_ATTACH t=72 UE(imsi)=120 ----
  INIT_ATTACH_FAIL_ALL_LOW_RSRP: UE(imsi)=120 bestRsrp=-137.591 < min=-120 (all cells below threshold) retryIn=2s
---- INIT_ATTACH t=72 UE(imsi)=122 ----
  INIT_ATTACH_FAIL_ALL_LOW_RSRP: UE(imsi)=122 bestRsrp=-145.959 < min=-120 (all cells below threshold) retryIn=2s
---- INIT_ATTACH t=72 UE(imsi)=136 ----
  INIT_ATTACH_FAIL_ALL_LOW_RSRP: UE(imsi)=136 bestRsrp=-140.174 < min=-120 (all cells below threshold) retryIn=2s
---- INIT_ATTACH t=72 UE(imsi)=142 ----
  INIT_ATTACH_FAIL_ALL_LOW_RSRP: UE(imsi)=142 bestRsrp=-135.768 < min=-120 (all cells below threshold) retryIn=2s
---- INIT_ATTACH t=72 UE(imsi)=144 ----
  INIT_ATTACH_FAIL_ALL_LOW_RSRP: UE(imsi)=144 bestRsrp=-148.385 < min=-120 (all cells below threshold) retryIn=2s
---- INIT_ATTACH t=72 UE(imsi)=146 ----
  INIT_ATTACH_FAIL_ALL_LOW_RSRP: UE(imsi)=146 bestRsrp=-128.327 < min=-120 (all cells below threshold) retryIn=2s
---- INIT_ATTACH t=72 UE(imsi)=151 ----
  INIT_ATTACH_FAIL_ALL_LOW_RSRP: UE(imsi)=151 bestRsrp=-145.667 < min=-120 (all cells below threshold) retryIn=2s
---- INIT_ATTACH t=72 UE(imsi)=164 ----
  INIT_ATTACH_FAIL_ALL_LOW_RSRP: UE(imsi)=164 bestRsrp=-143.224 < min=-120 (all cells below threshold) retryIn=2s
---- INIT_ATTACH t=72 UE(imsi)=165 ----
  INIT_ATTACH_FAIL_ALL_LOW_RSRP: UE(imsi)=165 bestRsrp=-142.072 < min=-120 (all cells below threshold) retryIn=2s
---- INIT_ATTACH t=72 UE(imsi)=169 ----
  candOK0 cell=13 rsrp=-118.638 occ=9/10 -> OK
  SELECT cell=13 rsrp=-118.638 occ(afterReserve)=10/10
  INIT_ATTACH_OK: UE(imsi)=169 -> cell=13
---- INIT_ATTACH t=72 UE(imsi)=171 ----
  INIT_ATTACH_FAIL_ALL_LOW_RSRP: UE(imsi)=171 bestRsrp=-148.399 < min=-120 (all cells below threshold) retryIn=2s
---- INIT_ATTACH t=72 UE(imsi)=174 ----
  INIT_ATTACH_FAIL_ALL_LOW_RSRP: UE(imsi)=174 bestRsrp=-135.031 < min=-120 (all cells below threshold) retryIn=2s
---- INIT_ATTACH t=72 UE(imsi)=179 ----
  INIT_ATTACH_FAIL_ALL_LOW_RSRP: UE(imsi)=179 bestRsrp=-143.419 < min=-120 (all cells below threshold) retryIn=2s
---- INIT_ATTACH t=72 UE(imsi)=181 ----
  INIT_ATTACH_FAIL_ALL_LOW_RSRP: UE(imsi)=181 bestRsrp=-140.748 < min=-120 (all cells below threshold) retryIn=2s
---- INIT_ATTACH t=72 UE(imsi)=192 ----
  INIT_ATTACH_FAIL_ALL_LOW_RSRP: UE(imsi)=192 bestRsrp=-150.522 < min=-120 (all cells below threshold) retryIn=2s
---- INIT_ATTACH t=72 UE(imsi)=195 ----
  INIT_ATTACH_FAIL_ALL_LOW_RSRP: UE(imsi)=195 bestRsrp=-141.772 < min=-120 (all cells below threshold) retryIn=2s
---- INIT_ATTACH t=72 UE(imsi)=197 ----
  INIT_ATTACH_FAIL_ALL_LOW_RSRP: UE(imsi)=197 bestRsrp=-144.55 < min=-120 (all cells below threshold) retryIn=2s
---- INIT_ATTACH t=72 UE(imsi)=199 ----
  candOK0 cell=11 rsrp=-112.383 occ=8/10 -> OK
  SELECT cell=11 rsrp=-112.383 occ(afterReserve)=9/10
  INIT_ATTACH_OK: UE(imsi)=199 -> cell=11
---- INIT_ATTACH t=72 UE(imsi)=200 ----
  INIT_ATTACH_FAIL_ALL_LOW_RSRP: UE(imsi)=200 bestRsrp=-143.56 < min=-120 (all cells below threshold) retryIn=2s
---- INIT_ATTACH t=72 UE(imsi)=202 ----
  INIT_ATTACH_FAIL_ALL_LOW_RSRP: UE(imsi)=202 bestRsrp=-147.081 < min=-120 (all cells below threshold) retryIn=2s
---- INIT_ATTACH t=72 UE(imsi)=203 ----
  INIT_ATTACH_FAIL_ALL_LOW_RSRP: UE(imsi)=203 bestRsrp=-149.979 < min=-120 (all cells below threshold) retryIn=2s
---- INIT_ATTACH t=72 UE(imsi)=212 ----
  INIT_ATTACH_FAIL_ALL_LOW_RSRP: UE(imsi)=212 bestRsrp=-132.049 < min=-120 (all cells below threshold) retryIn=2s
---- INIT_ATTACH t=72 UE(imsi)=214 ----
  INIT_ATTACH_FAIL_ALL_LOW_RSRP: UE(imsi)=214 bestRsrp=-140.289 < min=-120 (all cells below threshold) retryIn=2s
---- INIT_ATTACH t=72 UE(imsi)=220 ----
  INIT_ATTACH_FAIL_ALL_LOW_RSRP: UE(imsi)=220 bestRsrp=-147.958 < min=-120 (all cells below threshold) retryIn=2s
---- INIT_ATTACH t=72 UE(imsi)=224 ----
  INIT_ATTACH_FAIL_ALL_LOW_RSRP: UE(imsi)=224 bestRsrp=-152.17 < min=-120 (all cells below threshold) retryIn=2s
---- INIT_ATTACH t=72 UE(imsi)=227 ----
  candOK0 cell=5 rsrp=-116.869 occ=20/20 -> SKIP_FULL
  INIT_ATTACH_FAIL_ALL_FULL: UE(imsi)=227 rsrpOk=1 (all RSRP>=min but full or invalid) retryIn=2s
---- INIT_ATTACH t=72 UE(imsi)=230 ----
  INIT_ATTACH_FAIL_ALL_LOW_RSRP: UE(imsi)=230 bestRsrp=-139.442 < min=-120 (all cells below threshold) retryIn=2s
---- INIT_ATTACH t=72 UE(imsi)=231 ----
  INIT_ATTACH_FAIL_ALL_LOW_RSRP: UE(imsi)=231 bestRsrp=-133.615 < min=-120 (all cells below threshold) retryIn=2s
---- INIT_ATTACH t=72 UE(imsi)=233 ----
  INIT_ATTACH_FAIL_ALL_LOW_RSRP: UE(imsi)=233 bestRsrp=-141.397 < min=-120 (all cells below threshold) retryIn=2s
---- INIT_ATTACH t=72 UE(imsi)=237 ----
  INIT_ATTACH_FAIL_ALL_LOW_RSRP: UE(imsi)=237 bestRsrp=-144.502 < min=-120 (all cells below threshold) retryIn=2s
---- INIT_ATTACH t=72 UE(imsi)=240 ----
  INIT_ATTACH_FAIL_ALL_LOW_RSRP: UE(imsi)=240 bestRsrp=-141.44 < min=-120 (all cells below threshold) retryIn=2s
---- LOAD at t=72.5 ----
  cell 1 (TN) load=16/20
  cell 2 (TN) load=20/20
  cell 3 (TN) load=13/20
  cell 4 (TN) load=12/20
  cell 5 (TN) load=20/20
  cell 6 (TN) load=16/20
  cell 7 (TN) load=17/20
  cell 8 (TN) load=16/20
  cell 9 (NTN) load=7/10
  cell 10 (NTN) load=10/10
  cell 11 (NTN) load=9/10
  cell 12 (NTN) load=5/10
  cell 13 (NTN) load=10/10
  cell 14 (NTN) load=8/10
LM HO_FAIL_LOW_RSRP UE=15 currCell=8 candCell=3 candRsrp=-122 < min=-120
LM HO UE=16 rnti=57 6->1 type=TN servingRsrp=-115.094 targetRsrp=-85.4704 targetLoadReal=16/20 targetLoadEff=16/20
UE 17 TTT_WAIT target=3 elapsed=0s need=2s
UE 19 TTT_WAIT target=3 elapsed=0s need=2s
UE 20 TTT_WAIT target=1 elapsed=0s need=2s
UE 21 TTT_WAIT target=1 elapsed=0s need=2s
UE 25 TTT_WAIT target=6 elapsed=0s need=2s
UE 27 TTT_WAIT target=4 elapsed=0s need=2s
LM HO UE=29 rnti=75 3->8 type=TN servingRsrp=-113.728 targetRsrp=-85.114 targetLoadReal=16/20 targetLoadEff=16/20
UE 33 TTT_WAIT target=8 elapsed=0s need=2s
UE 34 TTT_WAIT target=1 elapsed=0s need=2s
UE 35 TTT_WAIT target=6 elapsed=0s need=2s
UE 36 TTT_WAIT target=6 elapsed=0s need=2s
UE 38 TTT_WAIT target=1 elapsed=0s need=2s
LM HO UE=39 rnti=107 8->4 type=TN servingRsrp=-129.407 targetRsrp=-112.608 targetLoadReal=12/20 targetLoadEff=12/20
LM HO UE=40 rnti=84 6->3 type=TN servingRsrp=-150.503 targetRsrp=-112.128 targetLoadReal=13/20 targetLoadEff=13/20
UE 42 TTT_WAIT target=6 elapsed=0s need=2s
UE 43 TTT_WAIT target=3 elapsed=0s need=2s
UE 44 TTT_WAIT target=8 elapsed=0s need=2s
UE 45 TTT_WAIT target=3 elapsed=0s need=2s
UE 46 TTT_WAIT target=8 elapsed=0s need=2s
UE 47 TTT_WAIT target=1 elapsed=0s need=2s
UE 49 TTT_WAIT target=12 elapsed=0s need=2s
UE 53 TTT_WAIT target=7 elapsed=0s need=2s
UE 54 TTT_WAIT target=8 elapsed=0s need=2s
UE 58 TTT_WAIT target=3 elapsed=0s need=2s
UE 62 TTT_WAIT target=4 elapsed=0s need=2s
UE 63 TTT_WAIT target=12 elapsed=0s need=2s
UE 64 TTT_WAIT target=4 elapsed=0s need=2s
UE 66 TTT_WAIT target=12 elapsed=0s need=2s
UE 68 TTT_WAIT target=3 elapsed=0s need=2s
UE 69 TTT_WAIT target=8 elapsed=0s need=2s
UE 70 TTT_WAIT target=8 elapsed=0s need=2s
LM HO UE=72 rnti=89 6->9 type=NTN servingRsrp=-117.141 targetRsrp=-97.6294 targetLoadReal=7/10 targetLoadEff=7/10
UE 73 TTT_WAIT target=6 elapsed=0s need=2s
UE 74 TTT_WAIT target=14 elapsed=0s need=2s
UE 77 TTT_WAIT target=6 elapsed=0s need=2s
UE 80 TTT_WAIT target=4 elapsed=0s need=2s
LM HO UE=82 rnti=113 2->7 type=TN servingRsrp=-126.73 targetRsrp=-102.374 targetLoadReal=17/20 targetLoadEff=17/20
UE 87 TTT_WAIT target=8 elapsed=0s need=2s
UE 91 TTT_WAIT target=6 elapsed=0s need=2s
UE 92 TTT_WAIT target=6 elapsed=0s need=2s
LM HO UE=93 rnti=41 4->6 type=TN servingRsrp=-125.549 targetRsrp=-92.7928 targetLoadReal=16/20 targetLoadEff=16/20
UE 95 TTT_WAIT target=6 elapsed=0s need=2s
UE 96 TTT_WAIT target=8 elapsed=0s need=2s
UE 101 TTT_WAIT target=6 elapsed=0s need=2s
UE 102 TTT_WAIT target=4 elapsed=0s need=2s
UE 103 TTT_WAIT target=8 elapsed=0s need=2s
UE 105 TTT_WAIT target=11 elapsed=0s need=2s
UE 107 TTT_WAIT target=8 elapsed=0s need=2s
UE 108 TTT_WAIT target=9 elapsed=0s need=2s
UE 109 TTT_WAIT target=8 elapsed=0s need=2s
LM HO UE=118 rnti=128 10->6 type=TN servingRsrp=-118.642 targetRsrp=-89.4472 targetLoadReal=16/20 targetLoadEff=17/20
UE 122 TTT_WAIT target=11 elapsed=0s need=2s
UE 124 TTT_WAIT target=7 elapsed=0s need=2s
UE 125 TTT_WAIT target=3 elapsed=0s need=2s
UE 127 TTT_WAIT target=8 elapsed=0s need=2s
UE 128 TTT_WAIT target=3 elapsed=0s need=2s
UE 133 TTT_WAIT target=7 elapsed=0s need=2s
UE 135 TTT_WAIT target=9 elapsed=0s need=2s
UE 137 TTT_WAIT target=7 elapsed=0s need=2s
UE 138 TTT_WAIT target=3 elapsed=0s need=2s
UE 140 TTT_WAIT target=3 elapsed=0s need=2s
UE 143 TTT_WAIT target=8 elapsed=0s need=2s
UE 144 TTT_WAIT target=3 elapsed=0s need=2s
UE 146 TTT_WAIT target=6 elapsed=0s need=2s
UE 147 TTT_WAIT target=6 elapsed=0s need=2s
LM HO UE=149 rnti=119 7->4 type=TN servingRsrp=-127.016 targetRsrp=-108.563 targetLoadReal=12/20 targetLoadEff=13/20
UE 150 TTT_WAIT target=7 elapsed=0s need=2s
UE 153 TTT_WAIT target=3 elapsed=0s need=2s
UE 157 TTT_WAIT target=6 elapsed=0s need=2s
LM HO UE=158 rnti=23 10->1 type=TN servingRsrp=-112.372 targetRsrp=-77.0643 targetLoadReal=16/20 targetLoadEff=17/20
UE 160 TTT_WAIT target=6 elapsed=0s need=2s
UE 163 TTT_WAIT target=6 elapsed=0s need=2s
LM HO UE=165 rnti=109 8->6 type=TN servingRsrp=-123.744 targetRsrp=-80.231 targetLoadReal=16/20 targetLoadEff=18/20
UE 166 TTT_WAIT target=8 elapsed=0s need=2s
UE 167 TTT_WAIT target=3 elapsed=0s need=2s
UE 172 TTT_WAIT target=1 elapsed=0s need=2s
UE 176 TTT_WAIT target=8 elapsed=0s need=2s
UE 179 TTT_WAIT target=1 elapsed=0s need=2s
UE 180 TTT_WAIT target=8 elapsed=0s need=2s
UE 183 TTT_WAIT target=8 elapsed=0s need=2s
UE 188 TTT_WAIT target=9 elapsed=0s need=2s
UE 190 TTT_WAIT target=3 elapsed=0s need=2s
UE 193 TTT_WAIT target=7 elapsed=0s need=2s
UE 194 TTT_WAIT target=1 elapsed=0s need=2s
UE 195 TTT_WAIT target=7 elapsed=0s need=2s
UE 196 TTT_WAIT target=8 elapsed=0s need=2s
UE 200 TTT_WAIT target=6 elapsed=0s need=2s
LM HO UE=205 rnti=79 13->7 type=TN servingRsrp=-116.844 targetRsrp=-95.5923 targetLoadReal=17/20 targetLoadEff=18/20
UE 208 TTT_WAIT target=3 elapsed=0s need=2s
UE 209 TTT_WAIT target=4 elapsed=0s need=2s
UE 210 TTT_WAIT target=9 elapsed=0s need=2s
UE 211 TTT_WAIT target=8 elapsed=0s need=2s
UE 213 TTT_WAIT target=11 elapsed=0s need=2s
UE 215 TTT_WAIT target=3 elapsed=0s need=2s
UE 216 TTT_WAIT target=1 elapsed=0s need=2s
UE 217 TTT_WAIT target=8 elapsed=0s need=2s
UE 219 TTT_WAIT target=4 elapsed=0s need=2s
UE 220 TTT_WAIT target=7 elapsed=0s need=2s
UE 221 TTT_WAIT target=8 elapsed=0s need=2s
UE 222 TTT_WAIT target=7 elapsed=0s need=2s
UE 224 TTT_WAIT target=6 elapsed=0s need=2s
LM HO UE=225 rnti=128 5->4 type=TN servingRsrp=-118.359 targetRsrp=-101.345 targetLoadReal=12/20 targetLoadEff=14/20
LM HO UE=228 rnti=114 2->7 type=TN servingRsrp=-117.519 targetRsrp=-108.45 targetLoadReal=17/20 targetLoadEff=19/20
UE 229 TTT_WAIT target=8 elapsed=0s need=2s
UE 230 TTT_WAIT target=3 elapsed=0s need=2s
UE 231 TTT_WAIT target=4 elapsed=0s need=2s
UE 233 TTT_WAIT target=11 elapsed=0s need=2s
UE 234 TTT_WAIT target=12 elapsed=0s need=2s
UE 237 TTT_WAIT target=8 elapsed=0s need=2s
UE 239 TTT_WAIT target=8 elapsed=0s need=2s
LM HO UE=241 rnti=100 5->3 type=TN servingRsrp=-112.157 targetRsrp=-105.698 targetLoadReal=13/20 targetLoadEff=14/20
UE 242 TTT_WAIT target=8 elapsed=0s need=2s
UE 243 TTT_WAIT target=3 elapsed=0s need=2s
---- INIT_ATTACH t=74 UE(imsi)=16 ----
  INIT_ATTACH_FAIL_ALL_LOW_RSRP: UE(imsi)=16 bestRsrp=-134.546 < min=-120 (all cells below threshold) retryIn=2s
---- INIT_ATTACH t=74 UE(imsi)=20 ----
  INIT_ATTACH_FAIL_ALL_LOW_RSRP: UE(imsi)=20 bestRsrp=-145.539 < min=-120 (all cells below threshold) retryIn=2s
---- INIT_ATTACH t=74 UE(imsi)=23 ----
  INIT_ATTACH_FAIL_ALL_LOW_RSRP: UE(imsi)=23 bestRsrp=-140.661 < min=-120 (all cells below threshold) retryIn=2s
---- INIT_ATTACH t=74 UE(imsi)=25 ----
  INIT_ATTACH_FAIL_ALL_LOW_RSRP: UE(imsi)=25 bestRsrp=-124.477 < min=-120 (all cells below threshold) retryIn=2s
---- INIT_ATTACH t=74 UE(imsi)=26 ----
  INIT_ATTACH_FAIL_ALL_LOW_RSRP: UE(imsi)=26 bestRsrp=-146.02 < min=-120 (all cells below threshold) retryIn=2s
---- INIT_ATTACH t=74 UE(imsi)=29 ----
  INIT_ATTACH_FAIL_ALL_LOW_RSRP: UE(imsi)=29 bestRsrp=-151.639 < min=-120 (all cells below threshold) retryIn=2s
---- INIT_ATTACH t=74 UE(imsi)=36 ----
  INIT_ATTACH_FAIL_ALL_LOW_RSRP: UE(imsi)=36 bestRsrp=-137.039 < min=-120 (all cells below threshold) retryIn=2s
---- INIT_ATTACH t=74 UE(imsi)=38 ----
  INIT_ATTACH_FAIL_ALL_LOW_RSRP: UE(imsi)=38 bestRsrp=-145.91 < min=-120 (all cells below threshold) retryIn=2s
---- INIT_ATTACH t=74 UE(imsi)=45 ----
  INIT_ATTACH_FAIL_ALL_LOW_RSRP: UE(imsi)=45 bestRsrp=-128.059 < min=-120 (all cells below threshold) retryIn=2s
---- INIT_ATTACH t=74 UE(imsi)=54 ----
  INIT_ATTACH_FAIL_ALL_LOW_RSRP: UE(imsi)=54 bestRsrp=-138.078 < min=-120 (all cells below threshold) retryIn=2s
---- INIT_ATTACH t=74 UE(imsi)=55 ----
  INIT_ATTACH_FAIL_ALL_LOW_RSRP: UE(imsi)=55 bestRsrp=-152.901 < min=-120 (all cells below threshold) retryIn=2s
---- INIT_ATTACH t=74 UE(imsi)=61 ----
  INIT_ATTACH_FAIL_ALL_LOW_RSRP: UE(imsi)=61 bestRsrp=-134.434 < min=-120 (all cells below threshold) retryIn=2s
---- INIT_ATTACH t=74 UE(imsi)=62 ----
  INIT_ATTACH_FAIL_ALL_LOW_RSRP: UE(imsi)=62 bestRsrp=-124.48 < min=-120 (all cells below threshold) retryIn=2s
---- INIT_ATTACH t=74 UE(imsi)=68 ----
  INIT_ATTACH_FAIL_ALL_LOW_RSRP: UE(imsi)=68 bestRsrp=-133.116 < min=-120 (all cells below threshold) retryIn=2s
---- INIT_ATTACH t=74 UE(imsi)=73 ----
  INIT_ATTACH_FAIL_ALL_LOW_RSRP: UE(imsi)=73 bestRsrp=-143.011 < min=-120 (all cells below threshold) retryIn=2s
---- INIT_ATTACH t=74 UE(imsi)=76 ----
  INIT_ATTACH_FAIL_ALL_LOW_RSRP: UE(imsi)=76 bestRsrp=-137.536 < min=-120 (all cells below threshold) retryIn=2s
---- INIT_ATTACH t=74 UE(imsi)=81 ----
  INIT_ATTACH_FAIL_ALL_LOW_RSRP: UE(imsi)=81 bestRsrp=-140.037 < min=-120 (all cells below threshold) retryIn=2s
---- INIT_ATTACH t=74 UE(imsi)=85 ----
  INIT_ATTACH_FAIL_ALL_LOW_RSRP: UE(imsi)=85 bestRsrp=-139.387 < min=-120 (all cells below threshold) retryIn=2s
---- INIT_ATTACH t=74 UE(imsi)=87 ----
  candOK0 cell=10 rsrp=-104.672 occ=8/10 -> OK
  SELECT cell=10 rsrp=-104.672 occ(afterReserve)=9/10
  INIT_ATTACH_OK: UE(imsi)=87 -> cell=10
---- INIT_ATTACH t=74 UE(imsi)=98 ----
  INIT_ATTACH_FAIL_ALL_LOW_RSRP: UE(imsi)=98 bestRsrp=-127.561 < min=-120 (all cells below threshold) retryIn=2s
---- INIT_ATTACH t=74 UE(imsi)=116 ----
  INIT_ATTACH_FAIL_ALL_LOW_RSRP: UE(imsi)=116 bestRsrp=-152.192 < min=-120 (all cells below threshold) retryIn=2s
---- INIT_ATTACH t=74 UE(imsi)=119 ----
  INIT_ATTACH_FAIL_ALL_LOW_RSRP: UE(imsi)=119 bestRsrp=-136.531 < min=-120 (all cells below threshold) retryIn=2s
---- INIT_ATTACH t=74 UE(imsi)=120 ----
  INIT_ATTACH_FAIL_ALL_LOW_RSRP: UE(imsi)=120 bestRsrp=-136.421 < min=-120 (all cells below threshold) retryIn=2s
---- INIT_ATTACH t=74 UE(imsi)=122 ----
  INIT_ATTACH_FAIL_ALL_LOW_RSRP: UE(imsi)=122 bestRsrp=-148.274 < min=-120 (all cells below threshold) retryIn=2s
---- INIT_ATTACH t=74 UE(imsi)=136 ----
  INIT_ATTACH_FAIL_ALL_LOW_RSRP: UE(imsi)=136 bestRsrp=-140.705 < min=-120 (all cells below threshold) retryIn=2s
---- INIT_ATTACH t=74 UE(imsi)=142 ----
  INIT_ATTACH_FAIL_ALL_LOW_RSRP: UE(imsi)=142 bestRsrp=-135.073 < min=-120 (all cells below threshold) retryIn=2s
---- INIT_ATTACH t=74 UE(imsi)=144 ----
  INIT_ATTACH_FAIL_ALL_LOW_RSRP: UE(imsi)=144 bestRsrp=-146.215 < min=-120 (all cells below threshold) retryIn=2s
---- INIT_ATTACH t=74 UE(imsi)=146 ----
  INIT_ATTACH_FAIL_ALL_LOW_RSRP: UE(imsi)=146 bestRsrp=-130.07 < min=-120 (all cells below threshold) retryIn=2s
---- INIT_ATTACH t=74 UE(imsi)=151 ----
  INIT_ATTACH_FAIL_ALL_LOW_RSRP: UE(imsi)=151 bestRsrp=-145.683 < min=-120 (all cells below threshold) retryIn=2s
---- INIT_ATTACH t=74 UE(imsi)=164 ----
  candOK0 cell=14 rsrp=-105.052 occ=8/10 -> OK
  SELECT cell=14 rsrp=-105.052 occ(afterReserve)=9/10
  INIT_ATTACH_OK: UE(imsi)=164 -> cell=14
---- INIT_ATTACH t=74 UE(imsi)=165 ----
  INIT_ATTACH_FAIL_ALL_LOW_RSRP: UE(imsi)=165 bestRsrp=-141.933 < min=-120 (all cells below threshold) retryIn=2s
---- INIT_ATTACH t=74 UE(imsi)=171 ----
  INIT_ATTACH_FAIL_ALL_LOW_RSRP: UE(imsi)=171 bestRsrp=-147.244 < min=-120 (all cells below threshold) retryIn=2s
---- INIT_ATTACH t=74 UE(imsi)=174 ----
  INIT_ATTACH_FAIL_ALL_LOW_RSRP: UE(imsi)=174 bestRsrp=-135.235 < min=-120 (all cells below threshold) retryIn=2s
---- INIT_ATTACH t=74 UE(imsi)=179 ----
  INIT_ATTACH_FAIL_ALL_LOW_RSRP: UE(imsi)=179 bestRsrp=-146.391 < min=-120 (all cells below threshold) retryIn=2s
---- INIT_ATTACH t=74 UE(imsi)=181 ----
  INIT_ATTACH_FAIL_ALL_LOW_RSRP: UE(imsi)=181 bestRsrp=-142.714 < min=-120 (all cells below threshold) retryIn=2s
---- INIT_ATTACH t=74 UE(imsi)=192 ----
  INIT_ATTACH_FAIL_ALL_LOW_RSRP: UE(imsi)=192 bestRsrp=-145.797 < min=-120 (all cells below threshold) retryIn=2s
---- INIT_ATTACH t=74 UE(imsi)=195 ----
  INIT_ATTACH_FAIL_ALL_LOW_RSRP: UE(imsi)=195 bestRsrp=-142.303 < min=-120 (all cells below threshold) retryIn=2s
---- INIT_ATTACH t=74 UE(imsi)=197 ----
  INIT_ATTACH_FAIL_ALL_LOW_RSRP: UE(imsi)=197 bestRsrp=-142.301 < min=-120 (all cells below threshold) retryIn=2s
---- INIT_ATTACH t=74 UE(imsi)=200 ----
  INIT_ATTACH_FAIL_ALL_LOW_RSRP: UE(imsi)=200 bestRsrp=-141.587 < min=-120 (all cells below threshold) retryIn=2s
---- INIT_ATTACH t=74 UE(imsi)=202 ----
  INIT_ATTACH_FAIL_ALL_LOW_RSRP: UE(imsi)=202 bestRsrp=-144.755 < min=-120 (all cells below threshold) retryIn=2s
---- INIT_ATTACH t=74 UE(imsi)=203 ----
  INIT_ATTACH_FAIL_ALL_LOW_RSRP: UE(imsi)=203 bestRsrp=-150.384 < min=-120 (all cells below threshold) retryIn=2s
---- INIT_ATTACH t=74 UE(imsi)=212 ----
  INIT_ATTACH_FAIL_ALL_LOW_RSRP: UE(imsi)=212 bestRsrp=-131.16 < min=-120 (all cells below threshold) retryIn=2s
---- INIT_ATTACH t=74 UE(imsi)=214 ----
  INIT_ATTACH_FAIL_ALL_LOW_RSRP: UE(imsi)=214 bestRsrp=-138.333 < min=-120 (all cells below threshold) retryIn=2s
---- INIT_ATTACH t=74 UE(imsi)=220 ----
  INIT_ATTACH_FAIL_ALL_LOW_RSRP: UE(imsi)=220 bestRsrp=-148.324 < min=-120 (all cells below threshold) retryIn=2s
---- INIT_ATTACH t=74 UE(imsi)=224 ----
  INIT_ATTACH_FAIL_ALL_LOW_RSRP: UE(imsi)=224 bestRsrp=-154.476 < min=-120 (all cells below threshold) retryIn=2s
---- INIT_ATTACH t=74 UE(imsi)=227 ----
  INIT_ATTACH_FAIL_ALL_LOW_RSRP: UE(imsi)=227 bestRsrp=-130.958 < min=-120 (all cells below threshold) retryIn=2s
---- INIT_ATTACH t=74 UE(imsi)=230 ----
  INIT_ATTACH_FAIL_ALL_LOW_RSRP: UE(imsi)=230 bestRsrp=-136.454 < min=-120 (all cells below threshold) retryIn=2s
---- INIT_ATTACH t=74 UE(imsi)=231 ----
  INIT_ATTACH_FAIL_ALL_LOW_RSRP: UE(imsi)=231 bestRsrp=-133.344 < min=-120 (all cells below threshold) retryIn=2s
---- INIT_ATTACH t=74 UE(imsi)=233 ----
  INIT_ATTACH_FAIL_ALL_LOW_RSRP: UE(imsi)=233 bestRsrp=-143.324 < min=-120 (all cells below threshold) retryIn=2s
---- INIT_ATTACH t=74 UE(imsi)=237 ----
  INIT_ATTACH_FAIL_ALL_LOW_RSRP: UE(imsi)=237 bestRsrp=-141.415 < min=-120 (all cells below threshold) retryIn=2s
---- INIT_ATTACH t=74 UE(imsi)=240 ----
  INIT_ATTACH_FAIL_ALL_LOW_RSRP: UE(imsi)=240 bestRsrp=-138.965 < min=-120 (all cells below threshold) retryIn=2s
---- INIT_ATTACH t=76 UE(imsi)=16 ----
  INIT_ATTACH_FAIL_ALL_LOW_RSRP: UE(imsi)=16 bestRsrp=-126.019 < min=-120 (all cells below threshold) retryIn=2s
---- INIT_ATTACH t=76 UE(imsi)=20 ----
  INIT_ATTACH_FAIL_ALL_LOW_RSRP: UE(imsi)=20 bestRsrp=-145.975 < min=-120 (all cells below threshold) retryIn=2s
---- INIT_ATTACH t=76 UE(imsi)=23 ----
  INIT_ATTACH_FAIL_ALL_LOW_RSRP: UE(imsi)=23 bestRsrp=-140.605 < min=-120 (all cells below threshold) retryIn=2s
---- INIT_ATTACH t=76 UE(imsi)=25 ----
  INIT_ATTACH_FAIL_ALL_LOW_RSRP: UE(imsi)=25 bestRsrp=-124.042 < min=-120 (all cells below threshold) retryIn=2s
---- INIT_ATTACH t=76 UE(imsi)=26 ----
  INIT_ATTACH_FAIL_ALL_LOW_RSRP: UE(imsi)=26 bestRsrp=-146.781 < min=-120 (all cells below threshold) retryIn=2s
---- INIT_ATTACH t=76 UE(imsi)=29 ----
  INIT_ATTACH_FAIL_ALL_LOW_RSRP: UE(imsi)=29 bestRsrp=-150.027 < min=-120 (all cells below threshold) retryIn=2s
---- INIT_ATTACH t=76 UE(imsi)=36 ----
  INIT_ATTACH_FAIL_ALL_LOW_RSRP: UE(imsi)=36 bestRsrp=-137.267 < min=-120 (all cells below threshold) retryIn=2s
---- INIT_ATTACH t=76 UE(imsi)=38 ----
  INIT_ATTACH_FAIL_ALL_LOW_RSRP: UE(imsi)=38 bestRsrp=-145.905 < min=-120 (all cells below threshold) retryIn=2s
---- INIT_ATTACH t=76 UE(imsi)=45 ----
  INIT_ATTACH_FAIL_ALL_LOW_RSRP: UE(imsi)=45 bestRsrp=-126.03 < min=-120 (all cells below threshold) retryIn=2s
---- INIT_ATTACH t=76 UE(imsi)=54 ----
  INIT_ATTACH_FAIL_ALL_LOW_RSRP: UE(imsi)=54 bestRsrp=-137.876 < min=-120 (all cells below threshold) retryIn=2s
---- INIT_ATTACH t=76 UE(imsi)=55 ----
  INIT_ATTACH_FAIL_ALL_LOW_RSRP: UE(imsi)=55 bestRsrp=-151.519 < min=-120 (all cells below threshold) retryIn=2s
---- INIT_ATTACH t=76 UE(imsi)=61 ----
  INIT_ATTACH_FAIL_ALL_LOW_RSRP: UE(imsi)=61 bestRsrp=-137.29 < min=-120 (all cells below threshold) retryIn=2s
---- INIT_ATTACH t=76 UE(imsi)=62 ----
  INIT_ATTACH_FAIL_ALL_LOW_RSRP: UE(imsi)=62 bestRsrp=-126.62 < min=-120 (all cells below threshold) retryIn=2s
---- INIT_ATTACH t=76 UE(imsi)=68 ----
  INIT_ATTACH_FAIL_ALL_LOW_RSRP: UE(imsi)=68 bestRsrp=-134.567 < min=-120 (all cells below threshold) retryIn=2s
---- INIT_ATTACH t=76 UE(imsi)=73 ----
  INIT_ATTACH_FAIL_ALL_LOW_RSRP: UE(imsi)=73 bestRsrp=-141.55 < min=-120 (all cells below threshold) retryIn=2s
---- INIT_ATTACH t=76 UE(imsi)=76 ----
  INIT_ATTACH_FAIL_ALL_LOW_RSRP: UE(imsi)=76 bestRsrp=-135.18 < min=-120 (all cells below threshold) retryIn=2s
---- INIT_ATTACH t=76 UE(imsi)=81 ----
  INIT_ATTACH_FAIL_ALL_LOW_RSRP: UE(imsi)=81 bestRsrp=-137.618 < min=-120 (all cells below threshold) retryIn=2s
---- INIT_ATTACH t=76 UE(imsi)=85 ----
  INIT_ATTACH_FAIL_ALL_LOW_RSRP: UE(imsi)=85 bestRsrp=-142.657 < min=-120 (all cells below threshold) retryIn=2s
---- INIT_ATTACH t=76 UE(imsi)=98 ----
  INIT_ATTACH_FAIL_ALL_LOW_RSRP: UE(imsi)=98 bestRsrp=-128.395 < min=-120 (all cells below threshold) retryIn=2s
---- INIT_ATTACH t=76 UE(imsi)=116 ----
  INIT_ATTACH_FAIL_ALL_LOW_RSRP: UE(imsi)=116 bestRsrp=-147.704 < min=-120 (all cells below threshold) retryIn=2s
---- INIT_ATTACH t=76 UE(imsi)=119 ----
  INIT_ATTACH_FAIL_ALL_LOW_RSRP: UE(imsi)=119 bestRsrp=-135.776 < min=-120 (all cells below threshold) retryIn=2s
---- INIT_ATTACH t=76 UE(imsi)=120 ----
  INIT_ATTACH_FAIL_ALL_LOW_RSRP: UE(imsi)=120 bestRsrp=-138.719 < min=-120 (all cells below threshold) retryIn=2s
---- INIT_ATTACH t=76 UE(imsi)=122 ----
  INIT_ATTACH_FAIL_ALL_LOW_RSRP: UE(imsi)=122 bestRsrp=-147.026 < min=-120 (all cells below threshold) retryIn=2s
---- INIT_ATTACH t=76 UE(imsi)=136 ----
  candOK0 cell=11 rsrp=-117.158 occ=9/10 -> OK
  SELECT cell=11 rsrp=-117.158 occ(afterReserve)=10/10
  INIT_ATTACH_OK: UE(imsi)=136 -> cell=11
---- INIT_ATTACH t=76 UE(imsi)=142 ----
  INIT_ATTACH_FAIL_ALL_LOW_RSRP: UE(imsi)=142 bestRsrp=-135.054 < min=-120 (all cells below threshold) retryIn=2s
---- INIT_ATTACH t=76 UE(imsi)=144 ----
  INIT_ATTACH_FAIL_ALL_LOW_RSRP: UE(imsi)=144 bestRsrp=-147.342 < min=-120 (all cells below threshold) retryIn=2s
---- INIT_ATTACH t=76 UE(imsi)=146 ----
  INIT_ATTACH_FAIL_ALL_LOW_RSRP: UE(imsi)=146 bestRsrp=-128.899 < min=-120 (all cells below threshold) retryIn=2s
---- INIT_ATTACH t=76 UE(imsi)=151 ----
  INIT_ATTACH_FAIL_ALL_LOW_RSRP: UE(imsi)=151 bestRsrp=-146.764 < min=-120 (all cells below threshold) retryIn=2s
---- INIT_ATTACH t=76 UE(imsi)=165 ----
  INIT_ATTACH_FAIL_ALL_LOW_RSRP: UE(imsi)=165 bestRsrp=-140.716 < min=-120 (all cells below threshold) retryIn=2s
---- INIT_ATTACH t=76 UE(imsi)=171 ----
  INIT_ATTACH_FAIL_ALL_LOW_RSRP: UE(imsi)=171 bestRsrp=-145.957 < min=-120 (all cells below threshold) retryIn=2s
---- INIT_ATTACH t=76 UE(imsi)=174 ----
  INIT_ATTACH_FAIL_ALL_LOW_RSRP: UE(imsi)=174 bestRsrp=-133.619 < min=-120 (all cells below threshold) retryIn=2s
---- INIT_ATTACH t=76 UE(imsi)=179 ----
  INIT_ATTACH_FAIL_ALL_LOW_RSRP: UE(imsi)=179 bestRsrp=-145.473 < min=-120 (all cells below threshold) retryIn=2s
---- INIT_ATTACH t=76 UE(imsi)=181 ----
  INIT_ATTACH_FAIL_ALL_LOW_RSRP: UE(imsi)=181 bestRsrp=-139.722 < min=-120 (all cells below threshold) retryIn=2s
---- INIT_ATTACH t=76 UE(imsi)=192 ----
  INIT_ATTACH_FAIL_ALL_LOW_RSRP: UE(imsi)=192 bestRsrp=-149.469 < min=-120 (all cells below threshold) retryIn=2s
---- INIT_ATTACH t=76 UE(imsi)=195 ----
  INIT_ATTACH_FAIL_ALL_LOW_RSRP: UE(imsi)=195 bestRsrp=-143.811 < min=-120 (all cells below threshold) retryIn=2s
---- INIT_ATTACH t=76 UE(imsi)=197 ----
  INIT_ATTACH_FAIL_ALL_LOW_RSRP: UE(imsi)=197 bestRsrp=-143.175 < min=-120 (all cells below threshold) retryIn=2s
---- INIT_ATTACH t=76 UE(imsi)=200 ----
  INIT_ATTACH_FAIL_ALL_LOW_RSRP: UE(imsi)=200 bestRsrp=-142.03 < min=-120 (all cells below threshold) retryIn=2s
---- INIT_ATTACH t=76 UE(imsi)=202 ----
  INIT_ATTACH_FAIL_ALL_LOW_RSRP: UE(imsi)=202 bestRsrp=-146.632 < min=-120 (all cells below threshold) retryIn=2s
---- INIT_ATTACH t=76 UE(imsi)=203 ----
  INIT_ATTACH_FAIL_ALL_LOW_RSRP: UE(imsi)=203 bestRsrp=-149.823 < min=-120 (all cells below threshold) retryIn=2s
---- INIT_ATTACH t=76 UE(imsi)=212 ----
  INIT_ATTACH_FAIL_ALL_LOW_RSRP: UE(imsi)=212 bestRsrp=-128.117 < min=-120 (all cells below threshold) retryIn=2s
---- INIT_ATTACH t=76 UE(imsi)=214 ----
  INIT_ATTACH_FAIL_ALL_LOW_RSRP: UE(imsi)=214 bestRsrp=-137.819 < min=-120 (all cells below threshold) retryIn=2s
---- INIT_ATTACH t=76 UE(imsi)=220 ----
  INIT_ATTACH_FAIL_ALL_LOW_RSRP: UE(imsi)=220 bestRsrp=-149.658 < min=-120 (all cells below threshold) retryIn=2s
---- INIT_ATTACH t=76 UE(imsi)=224 ----
  INIT_ATTACH_FAIL_ALL_LOW_RSRP: UE(imsi)=224 bestRsrp=-153.33 < min=-120 (all cells below threshold) retryIn=2s
---- INIT_ATTACH t=76 UE(imsi)=227 ----
  INIT_ATTACH_FAIL_ALL_LOW_RSRP: UE(imsi)=227 bestRsrp=-128.001 < min=-120 (all cells below threshold) retryIn=2s
---- INIT_ATTACH t=76 UE(imsi)=230 ----
  INIT_ATTACH_FAIL_ALL_LOW_RSRP: UE(imsi)=230 bestRsrp=-136.477 < min=-120 (all cells below threshold) retryIn=2s
---- INIT_ATTACH t=76 UE(imsi)=231 ----
  INIT_ATTACH_FAIL_ALL_LOW_RSRP: UE(imsi)=231 bestRsrp=-134.789 < min=-120 (all cells below threshold) retryIn=2s
---- INIT_ATTACH t=76 UE(imsi)=233 ----
  INIT_ATTACH_FAIL_ALL_LOW_RSRP: UE(imsi)=233 bestRsrp=-141.242 < min=-120 (all cells below threshold) retryIn=2s
---- INIT_ATTACH t=76 UE(imsi)=237 ----
  INIT_ATTACH_FAIL_ALL_LOW_RSRP: UE(imsi)=237 bestRsrp=-141.475 < min=-120 (all cells below threshold) retryIn=2s
---- INIT_ATTACH t=76 UE(imsi)=240 ----
  INIT_ATTACH_FAIL_ALL_LOW_RSRP: UE(imsi)=240 bestRsrp=-140.645 < min=-120 (all cells below threshold) retryIn=2s
---- LOAD at t=77.5 ----
  cell 1 (TN) load=18/20
  cell 2 (TN) load=18/20
  cell 3 (TN) load=14/20
  cell 4 (TN) load=14/20
  cell 5 (TN) load=18/20
  cell 6 (TN) load=16/20
  cell 7 (TN) load=19/20
  cell 8 (TN) load=15/20
  cell 9 (NTN) load=8/10
  cell 10 (NTN) load=9/10
  cell 11 (NTN) load=10/10
  cell 12 (NTN) load=5/10
  cell 13 (NTN) load=9/10
  cell 14 (NTN) load=9/10
UE 15 TTT_WAIT target=6 elapsed=0s need=2s
UE 17 TTT_WAIT target=5 elapsed=0s need=2s
UE 18 TTT_WAIT target=6 elapsed=0s need=2s
LM HO UE=19 rnti=85 6->3 type=TN servingRsrp=-128.258 targetRsrp=-94.3226 targetLoadReal=14/20 targetLoadEff=14/20
UE 20 TTT_WAIT target=7 elapsed=0s need=2s
UE 21 TTT_WAIT target=8 elapsed=0s need=2s
UE 23 TTT_WAIT target=2 elapsed=0s need=2s
UE 25 TTT_WAIT target=1 elapsed=0s need=2s
UE 26 TTT_WAIT target=6 elapsed=0s need=2s
UE 29 TTT_WAIT target=3 elapsed=0s need=2s
UE 31 TTT_WAIT target=7 elapsed=0s need=2s
UE 33 TTT_WAIT target=4 elapsed=0s need=2s
UE 34 TTT_WAIT target=9 elapsed=0s need=2s
LM HO_FAIL_LOW_RSRP UE=35 currCell=2 candCell=5 candRsrp=-126.29 < min=-120
UE 38 TTT_WAIT target=9 elapsed=0s need=2s
UE 39 TTT_WAIT target=3 elapsed=0s need=2s
UE 40 TTT_WAIT target=6 elapsed=0s need=2s
UE 41 TTT_WAIT target=3 elapsed=0s need=2s
UE 42 TTT_WAIT target=5 elapsed=0s need=2s
LM HO UE=43 rnti=104 8->3 type=TN servingRsrp=-133.947 targetRsrp=-83.5 targetLoadReal=14/20 targetLoadEff=15/20
UE 44 TTT_WAIT target=7 elapsed=0s need=2s
UE 46 TTT_WAIT target=3 elapsed=0s need=2s
LM HO UE=47 rnti=86 6->1 type=TN servingRsrp=-124.089 targetRsrp=-80.2486 targetLoadReal=18/20 targetLoadEff=18/20
UE 48 TTT_WAIT target=14 elapsed=0s need=2s
UE 50 TTT_WAIT target=7 elapsed=0s need=2s
UE 52 TTT_WAIT target=1 elapsed=0s need=2s
UE 53 TTT_WAIT target=9 elapsed=0s need=2s
LM HO UE=54 rnti=97 13->8 type=TN servingRsrp=-109.46 targetRsrp=-89.5919 targetLoadReal=15/20 targetLoadEff=15/20
UE 55 TTT_WAIT target=3 elapsed=0s need=2s
UE 56 TTT_WAIT target=3 elapsed=0s need=2s
LM HO UE=58 rnti=45 9->3 type=TN servingRsrp=-106.574 targetRsrp=-86.5728 targetLoadReal=14/20 targetLoadEff=16/20
UE 62 TTT_WAIT target=1 elapsed=0s need=2s
UE 63 TTT_WAIT target=5 elapsed=0s need=2s
UE 64 TTT_WAIT target=1 elapsed=0s need=2s
LM HO UE=68 rnti=79 6->3 type=TN servingRsrp=-146.244 targetRsrp=-81.5063 targetLoadReal=14/20 targetLoadEff=17/20
UE 69 TTT_WAIT target=1 elapsed=0s need=2s
UE 70 TTT_WAIT target=10 elapsed=0s need=2s
UE 71 TTT_WAIT target=8 elapsed=0s need=2s
UE 72 TTT_WAIT target=6 elapsed=0s need=2s
UE 73 TTT_WAIT target=1 elapsed=0s need=2s
UE 74 TTT_WAIT target=9 elapsed=0s need=2s
UE 75 TTT_WAIT target=4 elapsed=0s need=2s
UE 77 TTT_WAIT target=8 elapsed=0s need=2s
LM HO UE=80 rnti=90 6->4 type=TN servingRsrp=-91.8277 targetRsrp=-80.8405 targetLoadReal=14/20 targetLoadEff=14/20
UE 82 TTT_WAIT target=1 elapsed=0s need=2s
UE 84 TTT_WAIT target=2 elapsed=0s need=2s
UE 85 TTT_WAIT target=5 elapsed=0s need=2s
UE 90 TTT_WAIT target=4 elapsed=0s need=2s
UE 92 TTT_WAIT target=5 elapsed=0s need=2s
UE 93 TTT_WAIT target=7 elapsed=0s need=2s
UE 95 TTT_WAIT target=4 elapsed=0s need=2s
UE 96 TTT_WAIT target=5 elapsed=0s need=2s
UE 97 TTT_WAIT target=3 elapsed=0s need=2s
UE 99 TTT_WAIT target=3 elapsed=0s need=2s
LM HO UE=101 rnti=35 4->6 type=TN servingRsrp=-101.343 targetRsrp=-86.1512 targetLoadReal=16/20 targetLoadEff=16/20
UE 102 TTT_WAIT target=5 elapsed=0s need=2s
UE 103 TTT_WAIT target=4 elapsed=0s need=2s
UE 104 TTT_WAIT target=4 elapsed=0s need=2s
UE 107 TTT_WAIT target=2 elapsed=0s need=2s
UE 109 TTT_WAIT target=3 elapsed=0s need=2s
UE 111 TTT_WAIT target=8 elapsed=0s need=2s
UE 112 TTT_WAIT target=6 elapsed=0s need=2s
UE 114 TTT_WAIT target=7 elapsed=0s need=2s
UE 118 TTT_WAIT target=1 elapsed=0s need=2s
UE 120 TTT_WAIT target=4 elapsed=0s need=2s
UE 121 TTT_WAIT target=8 elapsed=0s need=2s
UE 122 TTT_WAIT target=3 elapsed=0s need=2s
UE 125 TTT_WAIT target=2 elapsed=0s need=2s
UE 127 TTT_WAIT target=3 elapsed=0s need=2s
UE 128 TTT_WAIT target=7 elapsed=0s need=2s
UE 130 TTT_WAIT target=7 elapsed=0s need=2s
UE 131 TTT_WAIT target=5 elapsed=0s need=2s
UE 134 TTT_WAIT target=9 elapsed=0s need=2s
UE 140 TTT_WAIT target=2 elapsed=0s need=2s
UE 143 TTT_WAIT target=1 elapsed=0s need=2s
LM HO UE=144 rnti=77 11->3 type=TN servingRsrp=-139.68 targetRsrp=-81.2982 targetLoadReal=14/20 targetLoadEff=18/20
UE 146 TTT_WAIT target=7 elapsed=0s need=2s
UE 147 TTT_WAIT target=5 elapsed=0s need=2s
UE 149 TTT_WAIT target=2 elapsed=0s need=2s
LM HO_FAIL_LOW_RSRP UE=150 currCell=1 candCell=6 candRsrp=-120.783 < min=-120
UE 151 TTT_WAIT target=9 elapsed=0s need=2s
LM HO UE=153 rnti=78 13->3 type=TN servingRsrp=-114.993 targetRsrp=-82.5717 targetLoadReal=14/20 targetLoadEff=19/20
UE 155 TTT_WAIT target=2 elapsed=0s need=2s
UE 156 TTT_WAIT target=6 elapsed=0s need=2s
UE 157 TTT_WAIT target=2 elapsed=0s need=2s
UE 158 TTT_WAIT target=2 elapsed=0s need=2s
UE 159 TTT_WAIT target=2 elapsed=0s need=2s
LM HO UE=163 rnti=102 1->6 type=TN servingRsrp=-111.763 targetRsrp=-69.724 targetLoadReal=16/20 targetLoadEff=17/20
UE 165 TTT_WAIT target=8 elapsed=0s need=2s
UE 169 TTT_WAIT target=12 elapsed=0s need=2s
UE 173 TTT_WAIT target=10 elapsed=0s need=2s
UE 174 TTT_WAIT target=4 elapsed=0s need=2s
UE 175 TTT_WAIT target=2 elapsed=0s need=2s
UE 176 TTT_WAIT target=1 elapsed=0s need=2s
UE 179 TTT_WAIT target=4 elapsed=0s need=2s
UE 180 TTT_WAIT target=1 elapsed=0s need=2s
UE 183 TTT_WAIT target=7 elapsed=0s need=2s
UE 186 TTT_WAIT target=7 elapsed=0s need=2s
UE 188 TTT_WAIT target=6 elapsed=0s need=2s
UE 190 TTT_WAIT target=2 elapsed=0s need=2s
UE 191 TTT_WAIT target=14 elapsed=0s need=2s
UE 193 TTT_WAIT target=5 elapsed=0s need=2s
UE 194 TTT_WAIT target=5 elapsed=0s need=2s
UE 195 TTT_WAIT target=2 elapsed=0s need=2s
UE 199 TTT_WAIT target=4 elapsed=0s need=2s
UE 200 TTT_WAIT target=7 elapsed=0s need=2s
UE 202 TTT_WAIT target=12 elapsed=0s need=2s
UE 203 TTT_WAIT target=2 elapsed=0s need=2s
UE 204 TTT_WAIT target=4 elapsed=0s need=2s
UE 205 TTT_WAIT target=4 elapsed=0s need=2s
UE 207 TTT_WAIT target=14 elapsed=0s need=2s
UE 209 TTT_WAIT target=12 elapsed=0s need=2s
UE 210 TTT_WAIT target=8 elapsed=0s need=2s
LM HO UE=211 rnti=67 3->8 type=TN servingRsrp=-112.418 targetRsrp=-95.9381 targetLoadReal=15/20 targetLoadEff=16/20
UE 212 TTT_WAIT target=6 elapsed=0s need=2s
UE 216 TTT_WAIT target=4 elapsed=0s need=2s
UE 217 TTT_WAIT target=6 elapsed=0s need=2s
UE 218 TTT_WAIT target=7 elapsed=0s need=2s
UE 220 TTT_WAIT target=8 elapsed=0s need=2s
UE 221 TTT_WAIT target=2 elapsed=0s need=2s
UE 222 TTT_WAIT target=8 elapsed=0s need=2s
UE 223 TTT_WAIT target=2 elapsed=0s need=2s
UE 224 TTT_WAIT target=7 elapsed=0s need=2s
UE 225 TTT_WAIT target=5 elapsed=0s need=2s
UE 228 TTT_WAIT target=2 elapsed=0s need=2s
UE 229 TTT_WAIT target=14 elapsed=0s need=2s
UE 230 TTT_WAIT target=4 elapsed=0s need=2s
UE 231 TTT_WAIT target=1 elapsed=0s need=2s
UE 233 TTT_WAIT target=5 elapsed=0s need=2s
UE 234 TTT_WAIT target=5 elapsed=0s need=2s
UE 239 TTT_WAIT target=4 elapsed=0s need=2s
UE 240 TTT_WAIT target=4 elapsed=0s need=2s
UE 241 TTT_WAIT target=5 elapsed=0s need=2s
UE 243 TTT_WAIT target=5 elapsed=0s need=2s
UE 244 TTT_WAIT target=6 elapsed=0s need=2s
---- INIT_ATTACH t=78 UE(imsi)=16 ----
  INIT_ATTACH_FAIL_ALL_LOW_RSRP: UE(imsi)=16 bestRsrp=-134.866 < min=-120 (all cells below threshold) retryIn=2s
---- INIT_ATTACH t=78 UE(imsi)=20 ----
  INIT_ATTACH_FAIL_ALL_LOW_RSRP: UE(imsi)=20 bestRsrp=-122.911 < min=-120 (all cells below threshold) retryIn=2s
---- INIT_ATTACH t=78 UE(imsi)=23 ----
  INIT_ATTACH_FAIL_ALL_LOW_RSRP: UE(imsi)=23 bestRsrp=-141.449 < min=-120 (all cells below threshold) retryIn=2s
---- INIT_ATTACH t=78 UE(imsi)=25 ----
  INIT_ATTACH_FAIL_ALL_LOW_RSRP: UE(imsi)=25 bestRsrp=-123.899 < min=-120 (all cells below threshold) retryIn=2s
---- INIT_ATTACH t=78 UE(imsi)=26 ----
  INIT_ATTACH_FAIL_ALL_LOW_RSRP: UE(imsi)=26 bestRsrp=-144.744 < min=-120 (all cells below threshold) retryIn=2s
---- INIT_ATTACH t=78 UE(imsi)=29 ----
  INIT_ATTACH_FAIL_ALL_LOW_RSRP: UE(imsi)=29 bestRsrp=-149.76 < min=-120 (all cells below threshold) retryIn=2s
---- INIT_ATTACH t=78 UE(imsi)=36 ----
  INIT_ATTACH_FAIL_ALL_LOW_RSRP: UE(imsi)=36 bestRsrp=-133.782 < min=-120 (all cells below threshold) retryIn=2s
---- INIT_ATTACH t=78 UE(imsi)=38 ----
  INIT_ATTACH_FAIL_ALL_LOW_RSRP: UE(imsi)=38 bestRsrp=-148.407 < min=-120 (all cells below threshold) retryIn=2s
---- INIT_ATTACH t=78 UE(imsi)=45 ----
  candOK0 cell=11 rsrp=-105.145 occ=9/10 -> OK
  SELECT cell=11 rsrp=-105.145 occ(afterReserve)=10/10
  INIT_ATTACH_OK: UE(imsi)=45 -> cell=11
---- INIT_ATTACH t=78 UE(imsi)=54 ----
  INIT_ATTACH_FAIL_ALL_LOW_RSRP: UE(imsi)=54 bestRsrp=-136.829 < min=-120 (all cells below threshold) retryIn=2s
---- INIT_ATTACH t=78 UE(imsi)=55 ----
  INIT_ATTACH_FAIL_ALL_LOW_RSRP: UE(imsi)=55 bestRsrp=-153.524 < min=-120 (all cells below threshold) retryIn=2s
---- INIT_ATTACH t=78 UE(imsi)=61 ----
  INIT_ATTACH_FAIL_ALL_LOW_RSRP: UE(imsi)=61 bestRsrp=-136.688 < min=-120 (all cells below threshold) retryIn=2s
---- INIT_ATTACH t=78 UE(imsi)=62 ----
  INIT_ATTACH_FAIL_ALL_LOW_RSRP: UE(imsi)=62 bestRsrp=-124.747 < min=-120 (all cells below threshold) retryIn=2s
---- INIT_ATTACH t=78 UE(imsi)=68 ----
  INIT_ATTACH_FAIL_ALL_LOW_RSRP: UE(imsi)=68 bestRsrp=-133.35 < min=-120 (all cells below threshold) retryIn=2s
---- INIT_ATTACH t=78 UE(imsi)=73 ----
  INIT_ATTACH_FAIL_ALL_LOW_RSRP: UE(imsi)=73 bestRsrp=-139.389 < min=-120 (all cells below threshold) retryIn=2s
---- INIT_ATTACH t=78 UE(imsi)=76 ----
  INIT_ATTACH_FAIL_ALL_LOW_RSRP: UE(imsi)=76 bestRsrp=-139.477 < min=-120 (all cells below threshold) retryIn=2s
---- INIT_ATTACH t=78 UE(imsi)=81 ----
  INIT_ATTACH_FAIL_ALL_LOW_RSRP: UE(imsi)=81 bestRsrp=-139.633 < min=-120 (all cells below threshold) retryIn=2s
---- INIT_ATTACH t=78 UE(imsi)=85 ----
  INIT_ATTACH_FAIL_ALL_LOW_RSRP: UE(imsi)=85 bestRsrp=-138.748 < min=-120 (all cells below threshold) retryIn=2s
---- INIT_ATTACH t=78 UE(imsi)=98 ----
  candOK0 cell=7 rsrp=-101.573 occ=19/20 -> OK
  SELECT cell=7 rsrp=-101.573 occ(afterReserve)=20/20
  INIT_ATTACH_OK: UE(imsi)=98 -> cell=7
---- INIT_ATTACH t=78 UE(imsi)=116 ----
  INIT_ATTACH_FAIL_ALL_LOW_RSRP: UE(imsi)=116 bestRsrp=-149.152 < min=-120 (all cells below threshold) retryIn=2s
---- INIT_ATTACH t=78 UE(imsi)=119 ----
  INIT_ATTACH_FAIL_ALL_LOW_RSRP: UE(imsi)=119 bestRsrp=-134.654 < min=-120 (all cells below threshold) retryIn=2s
---- INIT_ATTACH t=78 UE(imsi)=120 ----
  INIT_ATTACH_FAIL_ALL_LOW_RSRP: UE(imsi)=120 bestRsrp=-137.61 < min=-120 (all cells below threshold) retryIn=2s
---- INIT_ATTACH t=78 UE(imsi)=122 ----
  INIT_ATTACH_FAIL_ALL_LOW_RSRP: UE(imsi)=122 bestRsrp=-147.044 < min=-120 (all cells below threshold) retryIn=2s
---- INIT_ATTACH t=78 UE(imsi)=142 ----
  candOK0 cell=7 rsrp=-112.54 occ=20/20 -> SKIP_FULL
  INIT_ATTACH_FAIL_ALL_FULL: UE(imsi)=142 rsrpOk=1 (all RSRP>=min but full or invalid) retryIn=2s
---- INIT_ATTACH t=78 UE(imsi)=144 ----
  INIT_ATTACH_FAIL_ALL_LOW_RSRP: UE(imsi)=144 bestRsrp=-120.301 < min=-120 (all cells below threshold) retryIn=2s
---- INIT_ATTACH t=78 UE(imsi)=146 ----
  INIT_ATTACH_FAIL_ALL_LOW_RSRP: UE(imsi)=146 bestRsrp=-129.094 < min=-120 (all cells below threshold) retryIn=2s
---- INIT_ATTACH t=78 UE(imsi)=151 ----
  INIT_ATTACH_FAIL_ALL_LOW_RSRP: UE(imsi)=151 bestRsrp=-146.093 < min=-120 (all cells below threshold) retryIn=2s
---- INIT_ATTACH t=78 UE(imsi)=165 ----
  INIT_ATTACH_FAIL_ALL_LOW_RSRP: UE(imsi)=165 bestRsrp=-139.33 < min=-120 (all cells below threshold) retryIn=2s
---- INIT_ATTACH t=78 UE(imsi)=171 ----
  INIT_ATTACH_FAIL_ALL_LOW_RSRP: UE(imsi)=171 bestRsrp=-146.28 < min=-120 (all cells below threshold) retryIn=2s
---- INIT_ATTACH t=78 UE(imsi)=174 ----
  INIT_ATTACH_FAIL_ALL_LOW_RSRP: UE(imsi)=174 bestRsrp=-135.416 < min=-120 (all cells below threshold) retryIn=2s
---- INIT_ATTACH t=78 UE(imsi)=179 ----
  INIT_ATTACH_FAIL_ALL_LOW_RSRP: UE(imsi)=179 bestRsrp=-126.343 < min=-120 (all cells below threshold) retryIn=2s
---- INIT_ATTACH t=78 UE(imsi)=181 ----
  INIT_ATTACH_FAIL_ALL_LOW_RSRP: UE(imsi)=181 bestRsrp=-140.214 < min=-120 (all cells below threshold) retryIn=2s
---- INIT_ATTACH t=78 UE(imsi)=192 ----
  INIT_ATTACH_FAIL_ALL_LOW_RSRP: UE(imsi)=192 bestRsrp=-140.868 < min=-120 (all cells below threshold) retryIn=2s
---- INIT_ATTACH t=78 UE(imsi)=195 ----
  INIT_ATTACH_FAIL_ALL_LOW_RSRP: UE(imsi)=195 bestRsrp=-142.6 < min=-120 (all cells below threshold) retryIn=2s
---- INIT_ATTACH t=78 UE(imsi)=197 ----
  INIT_ATTACH_FAIL_ALL_LOW_RSRP: UE(imsi)=197 bestRsrp=-144.872 < min=-120 (all cells below threshold) retryIn=2s
---- INIT_ATTACH t=78 UE(imsi)=200 ----
  INIT_ATTACH_FAIL_ALL_LOW_RSRP: UE(imsi)=200 bestRsrp=-141.926 < min=-120 (all cells below threshold) retryIn=2s
---- INIT_ATTACH t=78 UE(imsi)=202 ----
  INIT_ATTACH_FAIL_ALL_LOW_RSRP: UE(imsi)=202 bestRsrp=-143.688 < min=-120 (all cells below threshold) retryIn=2s
---- INIT_ATTACH t=78 UE(imsi)=203 ----
  INIT_ATTACH_FAIL_ALL_LOW_RSRP: UE(imsi)=203 bestRsrp=-149.846 < min=-120 (all cells below threshold) retryIn=2s
---- INIT_ATTACH t=78 UE(imsi)=212 ----
  INIT_ATTACH_FAIL_ALL_LOW_RSRP: UE(imsi)=212 bestRsrp=-129.045 < min=-120 (all cells below threshold) retryIn=2s
---- INIT_ATTACH t=78 UE(imsi)=214 ----
  INIT_ATTACH_FAIL_ALL_LOW_RSRP: UE(imsi)=214 bestRsrp=-140.313 < min=-120 (all cells below threshold) retryIn=2s
---- INIT_ATTACH t=78 UE(imsi)=220 ----
  INIT_ATTACH_FAIL_ALL_LOW_RSRP: UE(imsi)=220 bestRsrp=-148.519 < min=-120 (all cells below threshold) retryIn=2s
---- INIT_ATTACH t=78 UE(imsi)=224 ----
  INIT_ATTACH_FAIL_ALL_LOW_RSRP: UE(imsi)=224 bestRsrp=-150.937 < min=-120 (all cells below threshold) retryIn=2s
---- INIT_ATTACH t=78 UE(imsi)=227 ----
  INIT_ATTACH_FAIL_ALL_LOW_RSRP: UE(imsi)=227 bestRsrp=-128.347 < min=-120 (all cells below threshold) retryIn=2s
---- INIT_ATTACH t=78 UE(imsi)=230 ----
  INIT_ATTACH_FAIL_ALL_LOW_RSRP: UE(imsi)=230 bestRsrp=-127.43 < min=-120 (all cells below threshold) retryIn=2s
---- INIT_ATTACH t=78 UE(imsi)=231 ----
  INIT_ATTACH_FAIL_ALL_LOW_RSRP: UE(imsi)=231 bestRsrp=-133.819 < min=-120 (all cells below threshold) retryIn=2s
---- INIT_ATTACH t=78 UE(imsi)=233 ----
  INIT_ATTACH_FAIL_ALL_LOW_RSRP: UE(imsi)=233 bestRsrp=-143.575 < min=-120 (all cells below threshold) retryIn=2s
---- INIT_ATTACH t=78 UE(imsi)=237 ----
  INIT_ATTACH_FAIL_ALL_LOW_RSRP: UE(imsi)=237 bestRsrp=-142.722 < min=-120 (all cells below threshold) retryIn=2s
---- INIT_ATTACH t=78 UE(imsi)=240 ----
  INIT_ATTACH_FAIL_ALL_LOW_RSRP: UE(imsi)=240 bestRsrp=-138.162 < min=-120 (all cells below threshold) retryIn=2s
---- INIT_ATTACH t=80 UE(imsi)=16 ----
  INIT_ATTACH_FAIL_ALL_LOW_RSRP: UE(imsi)=16 bestRsrp=-134.38 < min=-120 (all cells below threshold) retryIn=2s
---- INIT_ATTACH t=80 UE(imsi)=20 ----
  INIT_ATTACH_FAIL_ALL_LOW_RSRP: UE(imsi)=20 bestRsrp=-147.914 < min=-120 (all cells below threshold) retryIn=2s
---- INIT_ATTACH t=80 UE(imsi)=23 ----
  INIT_ATTACH_FAIL_ALL_LOW_RSRP: UE(imsi)=23 bestRsrp=-133.372 < min=-120 (all cells below threshold) retryIn=2s
---- INIT_ATTACH t=80 UE(imsi)=25 ----
  candOK0 cell=12 rsrp=-118.273 occ=5/10 -> OK
  SELECT cell=12 rsrp=-118.273 occ(afterReserve)=6/10
  INIT_ATTACH_OK: UE(imsi)=25 -> cell=12
---- INIT_ATTACH t=80 UE(imsi)=26 ----
  INIT_ATTACH_FAIL_ALL_LOW_RSRP: UE(imsi)=26 bestRsrp=-147.361 < min=-120 (all cells below threshold) retryIn=2s
---- INIT_ATTACH t=80 UE(imsi)=29 ----
  INIT_ATTACH_FAIL_ALL_LOW_RSRP: UE(imsi)=29 bestRsrp=-150.644 < min=-120 (all cells below threshold) retryIn=2s
---- INIT_ATTACH t=80 UE(imsi)=36 ----
  INIT_ATTACH_FAIL_ALL_LOW_RSRP: UE(imsi)=36 bestRsrp=-136.789 < min=-120 (all cells below threshold) retryIn=2s
---- INIT_ATTACH t=80 UE(imsi)=38 ----
  INIT_ATTACH_FAIL_ALL_LOW_RSRP: UE(imsi)=38 bestRsrp=-144.178 < min=-120 (all cells below threshold) retryIn=2s
---- INIT_ATTACH t=80 UE(imsi)=54 ----
  INIT_ATTACH_FAIL_ALL_LOW_RSRP: UE(imsi)=54 bestRsrp=-137.886 < min=-120 (all cells below threshold) retryIn=2s
---- INIT_ATTACH t=80 UE(imsi)=55 ----
  INIT_ATTACH_FAIL_ALL_LOW_RSRP: UE(imsi)=55 bestRsrp=-153.085 < min=-120 (all cells below threshold) retryIn=2s
---- INIT_ATTACH t=80 UE(imsi)=61 ----
  INIT_ATTACH_FAIL_ALL_LOW_RSRP: UE(imsi)=61 bestRsrp=-135.094 < min=-120 (all cells below threshold) retryIn=2s
---- INIT_ATTACH t=80 UE(imsi)=62 ----
  candOK0 cell=1 rsrp=-114.597 occ=18/20 -> OK
  SELECT cell=1 rsrp=-114.597 occ(afterReserve)=19/20
  INIT_ATTACH_OK: UE(imsi)=62 -> cell=1
---- INIT_ATTACH t=80 UE(imsi)=68 ----
  INIT_ATTACH_FAIL_ALL_LOW_RSRP: UE(imsi)=68 bestRsrp=-133.393 < min=-120 (all cells below threshold) retryIn=2s
---- INIT_ATTACH t=80 UE(imsi)=73 ----
  INIT_ATTACH_FAIL_ALL_LOW_RSRP: UE(imsi)=73 bestRsrp=-141.285 < min=-120 (all cells below threshold) retryIn=2s
---- INIT_ATTACH t=80 UE(imsi)=76 ----
  INIT_ATTACH_FAIL_ALL_LOW_RSRP: UE(imsi)=76 bestRsrp=-138.016 < min=-120 (all cells below threshold) retryIn=2s
---- INIT_ATTACH t=80 UE(imsi)=81 ----
  INIT_ATTACH_FAIL_ALL_LOW_RSRP: UE(imsi)=81 bestRsrp=-139.296 < min=-120 (all cells below threshold) retryIn=2s
---- INIT_ATTACH t=80 UE(imsi)=85 ----
  INIT_ATTACH_FAIL_ALL_LOW_RSRP: UE(imsi)=85 bestRsrp=-140.082 < min=-120 (all cells below threshold) retryIn=2s
---- INIT_ATTACH t=80 UE(imsi)=116 ----
  INIT_ATTACH_FAIL_ALL_LOW_RSRP: UE(imsi)=116 bestRsrp=-148.79 < min=-120 (all cells below threshold) retryIn=2s
---- INIT_ATTACH t=80 UE(imsi)=119 ----
  INIT_ATTACH_FAIL_ALL_LOW_RSRP: UE(imsi)=119 bestRsrp=-134.474 < min=-120 (all cells below threshold) retryIn=2s
---- INIT_ATTACH t=80 UE(imsi)=120 ----
  INIT_ATTACH_FAIL_ALL_LOW_RSRP: UE(imsi)=120 bestRsrp=-138.553 < min=-120 (all cells below threshold) retryIn=2s
---- INIT_ATTACH t=80 UE(imsi)=122 ----
  INIT_ATTACH_FAIL_ALL_LOW_RSRP: UE(imsi)=122 bestRsrp=-147.223 < min=-120 (all cells below threshold) retryIn=2s
---- INIT_ATTACH t=80 UE(imsi)=142 ----
  INIT_ATTACH_FAIL_ALL_LOW_RSRP: UE(imsi)=142 bestRsrp=-133.336 < min=-120 (all cells below threshold) retryIn=2s
---- INIT_ATTACH t=80 UE(imsi)=144 ----
  INIT_ATTACH_FAIL_ALL_LOW_RSRP: UE(imsi)=144 bestRsrp=-146.95 < min=-120 (all cells below threshold) retryIn=2s
---- INIT_ATTACH t=80 UE(imsi)=146 ----
  INIT_ATTACH_FAIL_ALL_LOW_RSRP: UE(imsi)=146 bestRsrp=-128.766 < min=-120 (all cells below threshold) retryIn=2s
---- INIT_ATTACH t=80 UE(imsi)=151 ----
  INIT_ATTACH_FAIL_ALL_LOW_RSRP: UE(imsi)=151 bestRsrp=-145.632 < min=-120 (all cells below threshold) retryIn=2s
---- INIT_ATTACH t=80 UE(imsi)=165 ----
  INIT_ATTACH_FAIL_ALL_LOW_RSRP: UE(imsi)=165 bestRsrp=-139.286 < min=-120 (all cells below threshold) retryIn=2s
---- INIT_ATTACH t=80 UE(imsi)=171 ----
  INIT_ATTACH_FAIL_ALL_LOW_RSRP: UE(imsi)=171 bestRsrp=-147.848 < min=-120 (all cells below threshold) retryIn=2s
---- INIT_ATTACH t=80 UE(imsi)=174 ----
  candOK0 cell=14 rsrp=-118.433 occ=9/10 -> OK
  SELECT cell=14 rsrp=-118.433 occ(afterReserve)=10/10
  INIT_ATTACH_OK: UE(imsi)=174 -> cell=14
---- INIT_ATTACH t=80 UE(imsi)=179 ----
  candOK0 cell=11 rsrp=-113.168 occ=10/10 -> SKIP_FULL
  INIT_ATTACH_FAIL_ALL_FULL: UE(imsi)=179 rsrpOk=1 (all RSRP>=min but full or invalid) retryIn=2s
---- INIT_ATTACH t=80 UE(imsi)=181 ----
  INIT_ATTACH_FAIL_ALL_LOW_RSRP: UE(imsi)=181 bestRsrp=-138.535 < min=-120 (all cells below threshold) retryIn=2s
---- INIT_ATTACH t=80 UE(imsi)=192 ----
  INIT_ATTACH_FAIL_ALL_LOW_RSRP: UE(imsi)=192 bestRsrp=-147.723 < min=-120 (all cells below threshold) retryIn=2s
---- INIT_ATTACH t=80 UE(imsi)=195 ----
  INIT_ATTACH_FAIL_ALL_LOW_RSRP: UE(imsi)=195 bestRsrp=-142.301 < min=-120 (all cells below threshold) retryIn=2s
---- INIT_ATTACH t=80 UE(imsi)=197 ----
  INIT_ATTACH_FAIL_ALL_LOW_RSRP: UE(imsi)=197 bestRsrp=-141.827 < min=-120 (all cells below threshold) retryIn=2s
---- INIT_ATTACH t=80 UE(imsi)=200 ----
  INIT_ATTACH_FAIL_ALL_LOW_RSRP: UE(imsi)=200 bestRsrp=-144.306 < min=-120 (all cells below threshold) retryIn=2s
---- INIT_ATTACH t=80 UE(imsi)=202 ----
  INIT_ATTACH_FAIL_ALL_LOW_RSRP: UE(imsi)=202 bestRsrp=-143.877 < min=-120 (all cells below threshold) retryIn=2s
---- INIT_ATTACH t=80 UE(imsi)=203 ----
  INIT_ATTACH_FAIL_ALL_LOW_RSRP: UE(imsi)=203 bestRsrp=-149.868 < min=-120 (all cells below threshold) retryIn=2s
---- INIT_ATTACH t=80 UE(imsi)=212 ----
  candOK0 cell=5 rsrp=-110.326 occ=18/20 -> OK
  SELECT cell=5 rsrp=-110.326 occ(afterReserve)=19/20
  INIT_ATTACH_OK: UE(imsi)=212 -> cell=5
---- INIT_ATTACH t=80 UE(imsi)=214 ----
  INIT_ATTACH_FAIL_ALL_LOW_RSRP: UE(imsi)=214 bestRsrp=-139.519 < min=-120 (all cells below threshold) retryIn=2s
---- INIT_ATTACH t=80 UE(imsi)=220 ----
  INIT_ATTACH_FAIL_ALL_LOW_RSRP: UE(imsi)=220 bestRsrp=-148.404 < min=-120 (all cells below threshold) retryIn=2s
---- INIT_ATTACH t=80 UE(imsi)=224 ----
  INIT_ATTACH_FAIL_ALL_LOW_RSRP: UE(imsi)=224 bestRsrp=-152.107 < min=-120 (all cells below threshold) retryIn=2s
---- INIT_ATTACH t=80 UE(imsi)=227 ----
  INIT_ATTACH_FAIL_ALL_LOW_RSRP: UE(imsi)=227 bestRsrp=-127.664 < min=-120 (all cells below threshold) retryIn=2s
---- INIT_ATTACH t=80 UE(imsi)=230 ----
  INIT_ATTACH_FAIL_ALL_LOW_RSRP: UE(imsi)=230 bestRsrp=-137.121 < min=-120 (all cells below threshold) retryIn=2s
---- INIT_ATTACH t=80 UE(imsi)=231 ----
  INIT_ATTACH_FAIL_ALL_LOW_RSRP: UE(imsi)=231 bestRsrp=-120.003 < min=-120 (all cells below threshold) retryIn=2s
---- INIT_ATTACH t=80 UE(imsi)=233 ----
  INIT_ATTACH_FAIL_ALL_LOW_RSRP: UE(imsi)=233 bestRsrp=-141.844 < min=-120 (all cells below threshold) retryIn=2s
---- INIT_ATTACH t=80 UE(imsi)=237 ----
  INIT_ATTACH_FAIL_ALL_LOW_RSRP: UE(imsi)=237 bestRsrp=-141.106 < min=-120 (all cells below threshold) retryIn=2s
---- INIT_ATTACH t=80 UE(imsi)=240 ----
  INIT_ATTACH_FAIL_ALL_LOW_RSRP: UE(imsi)=240 bestRsrp=-137.786 < min=-120 (all cells below threshold) retryIn=2s
---- INIT_ATTACH t=82 UE(imsi)=16 ----
  INIT_ATTACH_FAIL_ALL_LOW_RSRP: UE(imsi)=16 bestRsrp=-136.205 < min=-120 (all cells below threshold) retryIn=2s
---- INIT_ATTACH t=82 UE(imsi)=20 ----
  INIT_ATTACH_FAIL_ALL_LOW_RSRP: UE(imsi)=20 bestRsrp=-146.389 < min=-120 (all cells below threshold) retryIn=2s
---- INIT_ATTACH t=82 UE(imsi)=23 ----
  INIT_ATTACH_FAIL_ALL_LOW_RSRP: UE(imsi)=23 bestRsrp=-142.241 < min=-120 (all cells below threshold) retryIn=2s
---- INIT_ATTACH t=82 UE(imsi)=26 ----
  INIT_ATTACH_FAIL_ALL_LOW_RSRP: UE(imsi)=26 bestRsrp=-146.237 < min=-120 (all cells below threshold) retryIn=2s
---- INIT_ATTACH t=82 UE(imsi)=29 ----
  INIT_ATTACH_FAIL_ALL_LOW_RSRP: UE(imsi)=29 bestRsrp=-149.475 < min=-120 (all cells below threshold) retryIn=2s
---- INIT_ATTACH t=82 UE(imsi)=36 ----
  INIT_ATTACH_FAIL_ALL_LOW_RSRP: UE(imsi)=36 bestRsrp=-136.43 < min=-120 (all cells below threshold) retryIn=2s
---- INIT_ATTACH t=82 UE(imsi)=38 ----
  INIT_ATTACH_FAIL_ALL_LOW_RSRP: UE(imsi)=38 bestRsrp=-146.75 < min=-120 (all cells below threshold) retryIn=2s
---- INIT_ATTACH t=82 UE(imsi)=54 ----
  INIT_ATTACH_FAIL_ALL_LOW_RSRP: UE(imsi)=54 bestRsrp=-122.173 < min=-120 (all cells below threshold) retryIn=2s
---- INIT_ATTACH t=82 UE(imsi)=55 ----
  INIT_ATTACH_FAIL_ALL_LOW_RSRP: UE(imsi)=55 bestRsrp=-150.995 < min=-120 (all cells below threshold) retryIn=2s
---- INIT_ATTACH t=82 UE(imsi)=61 ----
  INIT_ATTACH_FAIL_ALL_LOW_RSRP: UE(imsi)=61 bestRsrp=-136.457 < min=-120 (all cells below threshold) retryIn=2s
---- INIT_ATTACH t=82 UE(imsi)=68 ----
  INIT_ATTACH_FAIL_ALL_LOW_RSRP: UE(imsi)=68 bestRsrp=-131.179 < min=-120 (all cells below threshold) retryIn=2s
---- INIT_ATTACH t=82 UE(imsi)=73 ----
  INIT_ATTACH_FAIL_ALL_LOW_RSRP: UE(imsi)=73 bestRsrp=-140.578 < min=-120 (all cells below threshold) retryIn=2s
---- INIT_ATTACH t=82 UE(imsi)=76 ----
  INIT_ATTACH_FAIL_ALL_LOW_RSRP: UE(imsi)=76 bestRsrp=-135.12 < min=-120 (all cells below threshold) retryIn=2s
---- INIT_ATTACH t=82 UE(imsi)=81 ----
  INIT_ATTACH_FAIL_ALL_LOW_RSRP: UE(imsi)=81 bestRsrp=-140.281 < min=-120 (all cells below threshold) retryIn=2s
---- INIT_ATTACH t=82 UE(imsi)=85 ----
  INIT_ATTACH_FAIL_ALL_LOW_RSRP: UE(imsi)=85 bestRsrp=-140.284 < min=-120 (all cells below threshold) retryIn=2s
---- INIT_ATTACH t=82 UE(imsi)=116 ----
  INIT_ATTACH_FAIL_ALL_LOW_RSRP: UE(imsi)=116 bestRsrp=-147.374 < min=-120 (all cells below threshold) retryIn=2s
---- INIT_ATTACH t=82 UE(imsi)=119 ----
  INIT_ATTACH_FAIL_ALL_LOW_RSRP: UE(imsi)=119 bestRsrp=-133.689 < min=-120 (all cells below threshold) retryIn=2s
---- INIT_ATTACH t=82 UE(imsi)=120 ----
  INIT_ATTACH_FAIL_ALL_LOW_RSRP: UE(imsi)=120 bestRsrp=-136.851 < min=-120 (all cells below threshold) retryIn=2s
---- INIT_ATTACH t=82 UE(imsi)=122 ----
  INIT_ATTACH_FAIL_ALL_LOW_RSRP: UE(imsi)=122 bestRsrp=-147.295 < min=-120 (all cells below threshold) retryIn=2s
---- INIT_ATTACH t=82 UE(imsi)=142 ----
  candOK0 cell=10 rsrp=-102.866 occ=9/10 -> OK
  SELECT cell=10 rsrp=-102.866 occ(afterReserve)=10/10
  INIT_ATTACH_OK: UE(imsi)=142 -> cell=10
---- INIT_ATTACH t=82 UE(imsi)=144 ----
  INIT_ATTACH_FAIL_ALL_LOW_RSRP: UE(imsi)=144 bestRsrp=-147.925 < min=-120 (all cells below threshold) retryIn=2s
---- INIT_ATTACH t=82 UE(imsi)=146 ----
  INIT_ATTACH_FAIL_ALL_LOW_RSRP: UE(imsi)=146 bestRsrp=-127.789 < min=-120 (all cells below threshold) retryIn=2s
---- INIT_ATTACH t=82 UE(imsi)=151 ----
  INIT_ATTACH_FAIL_ALL_LOW_RSRP: UE(imsi)=151 bestRsrp=-140.857 < min=-120 (all cells below threshold) retryIn=2s
---- INIT_ATTACH t=82 UE(imsi)=165 ----
  INIT_ATTACH_FAIL_ALL_LOW_RSRP: UE(imsi)=165 bestRsrp=-140.478 < min=-120 (all cells below threshold) retryIn=2s
---- INIT_ATTACH t=82 UE(imsi)=171 ----
  INIT_ATTACH_FAIL_ALL_LOW_RSRP: UE(imsi)=171 bestRsrp=-146.52 < min=-120 (all cells below threshold) retryIn=2s
---- INIT_ATTACH t=82 UE(imsi)=179 ----
  INIT_ATTACH_FAIL_ALL_LOW_RSRP: UE(imsi)=179 bestRsrp=-145.247 < min=-120 (all cells below threshold) retryIn=2s
---- INIT_ATTACH t=82 UE(imsi)=181 ----
  INIT_ATTACH_FAIL_ALL_LOW_RSRP: UE(imsi)=181 bestRsrp=-136.039 < min=-120 (all cells below threshold) retryIn=2s
---- INIT_ATTACH t=82 UE(imsi)=192 ----
  INIT_ATTACH_FAIL_ALL_LOW_RSRP: UE(imsi)=192 bestRsrp=-149.251 < min=-120 (all cells below threshold) retryIn=2s
---- INIT_ATTACH t=82 UE(imsi)=195 ----
  INIT_ATTACH_FAIL_ALL_LOW_RSRP: UE(imsi)=195 bestRsrp=-140.587 < min=-120 (all cells below threshold) retryIn=2s
---- INIT_ATTACH t=82 UE(imsi)=197 ----
  INIT_ATTACH_FAIL_ALL_LOW_RSRP: UE(imsi)=197 bestRsrp=-142 < min=-120 (all cells below threshold) retryIn=2s
---- INIT_ATTACH t=82 UE(imsi)=200 ----
  INIT_ATTACH_FAIL_ALL_LOW_RSRP: UE(imsi)=200 bestRsrp=-143.196 < min=-120 (all cells below threshold) retryIn=2s
---- INIT_ATTACH t=82 UE(imsi)=202 ----
  INIT_ATTACH_FAIL_ALL_LOW_RSRP: UE(imsi)=202 bestRsrp=-145.696 < min=-120 (all cells below threshold) retryIn=2s
---- INIT_ATTACH t=82 UE(imsi)=203 ----
  INIT_ATTACH_FAIL_ALL_LOW_RSRP: UE(imsi)=203 bestRsrp=-151.261 < min=-120 (all cells below threshold) retryIn=2s
---- INIT_ATTACH t=82 UE(imsi)=214 ----
  INIT_ATTACH_FAIL_ALL_LOW_RSRP: UE(imsi)=214 bestRsrp=-140.802 < min=-120 (all cells below threshold) retryIn=2s
---- INIT_ATTACH t=82 UE(imsi)=220 ----
  INIT_ATTACH_FAIL_ALL_LOW_RSRP: UE(imsi)=220 bestRsrp=-148.703 < min=-120 (all cells below threshold) retryIn=2s
---- INIT_ATTACH t=82 UE(imsi)=224 ----
  INIT_ATTACH_FAIL_ALL_LOW_RSRP: UE(imsi)=224 bestRsrp=-153.618 < min=-120 (all cells below threshold) retryIn=2s
---- INIT_ATTACH t=82 UE(imsi)=227 ----
  INIT_ATTACH_FAIL_ALL_LOW_RSRP: UE(imsi)=227 bestRsrp=-129.371 < min=-120 (all cells below threshold) retryIn=2s
---- INIT_ATTACH t=82 UE(imsi)=230 ----
  INIT_ATTACH_FAIL_ALL_LOW_RSRP: UE(imsi)=230 bestRsrp=-136.647 < min=-120 (all cells below threshold) retryIn=2s
---- INIT_ATTACH t=82 UE(imsi)=231 ----
  INIT_ATTACH_FAIL_ALL_LOW_RSRP: UE(imsi)=231 bestRsrp=-134.931 < min=-120 (all cells below threshold) retryIn=2s
---- INIT_ATTACH t=82 UE(imsi)=233 ----
  INIT_ATTACH_FAIL_ALL_LOW_RSRP: UE(imsi)=233 bestRsrp=-144.205 < min=-120 (all cells below threshold) retryIn=2s
---- INIT_ATTACH t=82 UE(imsi)=237 ----
  INIT_ATTACH_FAIL_ALL_LOW_RSRP: UE(imsi)=237 bestRsrp=-141.275 < min=-120 (all cells below threshold) retryIn=2s
---- INIT_ATTACH t=82 UE(imsi)=240 ----
  INIT_ATTACH_FAIL_ALL_LOW_RSRP: UE(imsi)=240 bestRsrp=-138.087 < min=-120 (all cells below threshold) retryIn=2s
---- LOAD at t=82.5 ----
  cell 1 (TN) load=19/20
  cell 2 (TN) load=18/20
  cell 3 (TN) load=19/20
  cell 4 (TN) load=14/20
  cell 5 (TN) load=19/20
  cell 6 (TN) load=14/20
  cell 7 (TN) load=20/20
  cell 8 (TN) load=16/20
  cell 9 (NTN) load=7/10
  cell 10 (NTN) load=10/10
  cell 11 (NTN) load=10/10
  cell 12 (NTN) load=6/10
  cell 13 (NTN) load=7/10
  cell 14 (NTN) load=10/10
UE 15 TTT_WAIT target=3 elapsed=0s need=2s
UE 16 TTT_WAIT target=6 elapsed=0s need=2s
UE 17 TTT_WAIT target=6 elapsed=0s need=2s
UE 19 TTT_WAIT target=5 elapsed=0s need=2s
UE 20 TTT_WAIT target=5 elapsed=0s need=2s
UE 24 TTT_WAIT target=4 elapsed=0s need=2s
UE 26 TTT_WAIT target=1 elapsed=0s need=2s
UE 27 TTT_WAIT target=13 elapsed=0s need=2s
UE 31 TTT_WAIT target=1 elapsed=0s need=2s
UE 33 TTT_WAIT target=1 elapsed=0s need=2s
UE 35 TTT_WAIT target=1 elapsed=0s need=2s
UE 36 TTT_WAIT target=1 elapsed=0s need=2s
UE 38 TTT_WAIT target=12 elapsed=0s need=2s
UE 39 TTT_WAIT target=6 elapsed=0s need=2s
UE 40 TTT_WAIT target=1 elapsed=0s need=2s
LM HO UE=41 rnti=99 5->3 type=TN servingRsrp=-106.729 targetRsrp=-82.8251 targetLoadReal=19/20 targetLoadEff=19/20
UE 42 TTT_WAIT target=4 elapsed=0s need=2s
UE 43 TTT_WAIT target=4 elapsed=0s need=2s
LM HO_FAIL_LOW_RSRP UE=44 currCell=6 candCell=12 candRsrp=-126.337 < min=-120
UE 45 TTT_WAIT target=12 elapsed=0s need=2s
UE 47 TTT_WAIT target=4 elapsed=0s need=2s
UE 50 TTT_WAIT target=4 elapsed=0s need=2s
UE 52 TTT_WAIT target=6 elapsed=0s need=2s
UE 53 TTT_WAIT target=2 elapsed=0s need=2s
UE 54 TTT_WAIT target=4 elapsed=0s need=2s
UE 55 TTT_WAIT target=5 elapsed=0s need=2s
UE 56 TTT_WAIT target=8 elapsed=0s need=2s
UE 58 TTT_WAIT target=9 elapsed=0s need=2s
UE 60 TTT_WAIT target=12 elapsed=0s need=2s
UE 62 TTT_WAIT target=6 elapsed=0s need=2s
LM HO_FAIL_LOW_RSRP UE=63 currCell=3 candCell=13 candRsrp=-122.339 < min=-120
UE 64 TTT_WAIT target=4 elapsed=0s need=2s
UE 70 TTT_WAIT target=4 elapsed=0s need=2s
UE 71 TTT_WAIT target=1 elapsed=0s need=2s
LM HO_FAIL_LOW_RSRP UE=74 currCell=7 candCell=9 candRsrp=-132.016 < min=-120
UE 76 TTT_WAIT target=6 elapsed=0s need=2s
UE 77 TTT_WAIT target=12 elapsed=0s need=2s
UE 79 TTT_WAIT target=13 elapsed=0s need=2s
UE 80 TTT_WAIT target=6 elapsed=0s need=2s
LM HO_FAIL_LOW_RSRP UE=84 currCell=7 candCell=9 candRsrp=-122.214 < min=-120
LM HO UE=85 rnti=120 11->5 type=TN servingRsrp=-119.712 targetRsrp=-82.9555 targetLoadReal=19/20 targetLoadEff=19/20
UE 90 TTT_WAIT target=6 elapsed=0s need=2s
UE 91 TTT_WAIT target=6 elapsed=0s need=2s
UE 93 TTT_WAIT target=2 elapsed=0s need=2s
UE 96 TTT_WAIT target=13 elapsed=0s need=2s
UE 98 TTT_WAIT target=1 elapsed=0s need=2s
UE 99 TTT_WAIT target=1 elapsed=0s need=2s
UE 101 TTT_WAIT target=8 elapsed=0s need=2s
UE 102 TTT_WAIT target=9 elapsed=0s need=2s
UE 103 TTT_WAIT target=8 elapsed=0s need=2s
LM HO UE=104 rnti=107 7->4 type=TN servingRsrp=-122.007 targetRsrp=-74.007 targetLoadReal=14/20 targetLoadEff=14/20
UE 105 TTT_WAIT target=6 elapsed=0s need=2s
UE 107 TTT_WAIT target=1 elapsed=0s need=2s
UE 109 TTT_WAIT target=6 elapsed=0s need=2s
UE 112 TTT_WAIT target=8 elapsed=0s need=2s
UE 114 TTT_WAIT target=1 elapsed=0s need=2s
UE 115 TTT_WAIT target=2 elapsed=0s need=2s
LM HO UE=118 rnti=92 6->1 type=TN servingRsrp=-126.272 targetRsrp=-88.9056 targetLoadReal=19/20 targetLoadEff=19/20
UE 122 TTT_WAIT target=13 elapsed=0s need=2s
UE 124 TTT_WAIT target=2 elapsed=0s need=2s
LM HO_FAIL_LOW_RSRP UE=125 currCell=4 candCell=13 candRsrp=-123.991 < min=-120
UE 127 TTT_WAIT target=8 elapsed=0s need=2s
UE 128 TTT_WAIT target=8 elapsed=0s need=2s
UE 130 TTT_WAIT target=2 elapsed=0s need=2s
UE 131 TTT_WAIT target=6 elapsed=0s need=2s
UE 133 TTT_WAIT target=6 elapsed=0s need=2s
UE 134 TTT_WAIT target=2 elapsed=0s need=2s
UE 137 TTT_WAIT target=12 elapsed=0s need=2s
UE 140 TTT_WAIT target=4 elapsed=0s need=2s
UE 143 TTT_WAIT target=4 elapsed=0s need=2s
UE 144 TTT_WAIT target=4 elapsed=0s need=2s
UE 146 TTT_WAIT target=9 elapsed=0s need=2s
UE 147 TTT_WAIT target=4 elapsed=0s need=2s
UE 149 TTT_WAIT target=13 elapsed=0s need=2s
UE 153 TTT_WAIT target=13 elapsed=0s need=2s
UE 155 TTT_WAIT target=13 elapsed=0s need=2s
LM HO UE=157 rnti=29 14->2 type=TN servingRsrp=-140.493 targetRsrp=-100.417 targetLoadReal=18/20 targetLoadEff=18/20
UE 158 TTT_WAIT target=6 elapsed=0s need=2s
UE 159 TTT_WAIT target=12 elapsed=0s need=2s
UE 160 TTT_WAIT target=8 elapsed=0s need=2s
UE 162 TTT_WAIT target=4 elapsed=0s need=2s
UE 163 TTT_WAIT target=2 elapsed=0s need=2s
UE 164 TTT_WAIT target=6 elapsed=0s need=2s
LM HO UE=165 rnti=93 6->8 type=TN servingRsrp=-117.113 targetRsrp=-85.4358 targetLoadReal=16/20 targetLoadEff=16/20
UE 166 TTT_WAIT target=4 elapsed=0s need=2s
UE 178 TTT_WAIT target=2 elapsed=0s need=2s
LM HO_FAIL_LOW_RSRP UE=180 currCell=7 candCell=9 candRsrp=-141.893 < min=-120
UE 182 TTT_WAIT target=6 elapsed=0s need=2s
UE 183 TTT_WAIT target=8 elapsed=0s need=2s
LM HO UE=188 rnti=97 1->6 type=TN servingRsrp=-112.603 targetRsrp=-82.7019 targetLoadReal=14/20 targetLoadEff=14/20
LM HO UE=190 rnti=112 12->2 type=TN servingRsrp=-130.907 targetRsrp=-99.6759 targetLoadReal=18/20 targetLoadEff=19/20
UE 193 TTT_WAIT target=4 elapsed=0s need=2s
UE 194 TTT_WAIT target=12 elapsed=0s need=2s
UE 200 TTT_WAIT target=6 elapsed=0s need=2s
UE 202 TTT_WAIT target=8 elapsed=0s need=2s
UE 203 TTT_WAIT target=6 elapsed=0s need=2s
UE 204 TTT_WAIT target=8 elapsed=0s need=2s
UE 206 TTT_WAIT target=4 elapsed=0s need=2s
UE 211 TTT_WAIT target=6 elapsed=0s need=2s
UE 212 TTT_WAIT target=12 elapsed=0s need=2s
UE 214 TTT_WAIT target=6 elapsed=0s need=2s
UE 215 TTT_WAIT target=8 elapsed=0s need=2s
UE 216 TTT_WAIT target=8 elapsed=0s need=2s
UE 217 TTT_WAIT target=9 elapsed=0s need=2s
UE 218 TTT_WAIT target=12 elapsed=0s need=2s
UE 219 TTT_WAIT target=6 elapsed=0s need=2s
LM HO_FAIL_LOW_RSRP UE=220 currCell=3 candCell=13 candRsrp=-120.992 < min=-120
UE 223 TTT_WAIT target=6 elapsed=0s need=2s
UE 224 TTT_WAIT target=6 elapsed=0s need=2s
LM HO_FAIL_LOW_RSRP UE=225 currCell=4 candCell=12 candRsrp=-123.459 < min=-120
UE 229 TTT_WAIT target=12 elapsed=0s need=2s
LM HO UE=230 rnti=110 8->4 type=TN servingRsrp=-113.344 targetRsrp=-82.0234 targetLoadReal=14/20 targetLoadEff=15/20
UE 231 TTT_WAIT target=4 elapsed=0s need=2s
UE 233 TTT_WAIT target=8 elapsed=0s need=2s
UE 237 TTT_WAIT target=12 elapsed=0s need=2s
UE 239 TTT_WAIT target=9 elapsed=0s need=2s
UE 240 TTT_WAIT target=13 elapsed=0s need=2s
UE 243 TTT_WAIT target=13 elapsed=0s need=2s
UE 244 TTT_WAIT target=13 elapsed=0s need=2s
---- INIT_ATTACH t=84 UE(imsi)=16 ----
  INIT_ATTACH_FAIL_ALL_LOW_RSRP: UE(imsi)=16 bestRsrp=-136.062 < min=-120 (all cells below threshold) retryIn=2s
---- INIT_ATTACH t=84 UE(imsi)=20 ----
  INIT_ATTACH_FAIL_ALL_LOW_RSRP: UE(imsi)=20 bestRsrp=-145.412 < min=-120 (all cells below threshold) retryIn=2s
---- INIT_ATTACH t=84 UE(imsi)=23 ----
  INIT_ATTACH_FAIL_ALL_LOW_RSRP: UE(imsi)=23 bestRsrp=-139.448 < min=-120 (all cells below threshold) retryIn=2s
---- INIT_ATTACH t=84 UE(imsi)=26 ----
  INIT_ATTACH_FAIL_ALL_LOW_RSRP: UE(imsi)=26 bestRsrp=-146.062 < min=-120 (all cells below threshold) retryIn=2s
---- INIT_ATTACH t=84 UE(imsi)=29 ----
  INIT_ATTACH_FAIL_ALL_LOW_RSRP: UE(imsi)=29 bestRsrp=-151.965 < min=-120 (all cells below threshold) retryIn=2s
---- INIT_ATTACH t=84 UE(imsi)=36 ----
  INIT_ATTACH_FAIL_ALL_LOW_RSRP: UE(imsi)=36 bestRsrp=-134.23 < min=-120 (all cells below threshold) retryIn=2s
---- INIT_ATTACH t=84 UE(imsi)=38 ----
  INIT_ATTACH_FAIL_ALL_LOW_RSRP: UE(imsi)=38 bestRsrp=-146.219 < min=-120 (all cells below threshold) retryIn=2s
---- INIT_ATTACH t=84 UE(imsi)=54 ----
  INIT_ATTACH_FAIL_ALL_LOW_RSRP: UE(imsi)=54 bestRsrp=-135.419 < min=-120 (all cells below threshold) retryIn=2s
---- INIT_ATTACH t=84 UE(imsi)=55 ----
  INIT_ATTACH_FAIL_ALL_LOW_RSRP: UE(imsi)=55 bestRsrp=-150.549 < min=-120 (all cells below threshold) retryIn=2s
---- INIT_ATTACH t=84 UE(imsi)=61 ----
  INIT_ATTACH_FAIL_ALL_LOW_RSRP: UE(imsi)=61 bestRsrp=-133.912 < min=-120 (all cells below threshold) retryIn=2s
---- INIT_ATTACH t=84 UE(imsi)=68 ----
  INIT_ATTACH_FAIL_ALL_LOW_RSRP: UE(imsi)=68 bestRsrp=-131.731 < min=-120 (all cells below threshold) retryIn=2s
---- INIT_ATTACH t=84 UE(imsi)=73 ----
  INIT_ATTACH_FAIL_ALL_LOW_RSRP: UE(imsi)=73 bestRsrp=-140.888 < min=-120 (all cells below threshold) retryIn=2s
---- INIT_ATTACH t=84 UE(imsi)=76 ----
  INIT_ATTACH_FAIL_ALL_LOW_RSRP: UE(imsi)=76 bestRsrp=-135.677 < min=-120 (all cells below threshold) retryIn=2s
---- INIT_ATTACH t=84 UE(imsi)=81 ----
  INIT_ATTACH_FAIL_ALL_LOW_RSRP: UE(imsi)=81 bestRsrp=-140.374 < min=-120 (all cells below threshold) retryIn=2s
---- INIT_ATTACH t=84 UE(imsi)=85 ----
  INIT_ATTACH_FAIL_ALL_LOW_RSRP: UE(imsi)=85 bestRsrp=-139.764 < min=-120 (all cells below threshold) retryIn=2s
---- INIT_ATTACH t=84 UE(imsi)=116 ----
  INIT_ATTACH_FAIL_ALL_LOW_RSRP: UE(imsi)=116 bestRsrp=-147.185 < min=-120 (all cells below threshold) retryIn=2s
---- INIT_ATTACH t=84 UE(imsi)=119 ----
  INIT_ATTACH_FAIL_ALL_LOW_RSRP: UE(imsi)=119 bestRsrp=-126.597 < min=-120 (all cells below threshold) retryIn=2s
---- INIT_ATTACH t=84 UE(imsi)=120 ----
  INIT_ATTACH_FAIL_ALL_LOW_RSRP: UE(imsi)=120 bestRsrp=-138.488 < min=-120 (all cells below threshold) retryIn=2s
---- INIT_ATTACH t=84 UE(imsi)=122 ----
  INIT_ATTACH_FAIL_ALL_LOW_RSRP: UE(imsi)=122 bestRsrp=-146.379 < min=-120 (all cells below threshold) retryIn=2s
---- INIT_ATTACH t=84 UE(imsi)=144 ----
  INIT_ATTACH_FAIL_ALL_LOW_RSRP: UE(imsi)=144 bestRsrp=-145.053 < min=-120 (all cells below threshold) retryIn=2s
---- INIT_ATTACH t=84 UE(imsi)=146 ----
  INIT_ATTACH_FAIL_ALL_LOW_RSRP: UE(imsi)=146 bestRsrp=-126.449 < min=-120 (all cells below threshold) retryIn=2s
---- INIT_ATTACH t=84 UE(imsi)=151 ----
  INIT_ATTACH_FAIL_ALL_LOW_RSRP: UE(imsi)=151 bestRsrp=-145.442 < min=-120 (all cells below threshold) retryIn=2s
---- INIT_ATTACH t=84 UE(imsi)=165 ----
  INIT_ATTACH_FAIL_ALL_LOW_RSRP: UE(imsi)=165 bestRsrp=-140.633 < min=-120 (all cells below threshold) retryIn=2s
---- INIT_ATTACH t=84 UE(imsi)=171 ----
  INIT_ATTACH_FAIL_ALL_LOW_RSRP: UE(imsi)=171 bestRsrp=-147.478 < min=-120 (all cells below threshold) retryIn=2s
---- INIT_ATTACH t=84 UE(imsi)=179 ----
  INIT_ATTACH_FAIL_ALL_LOW_RSRP: UE(imsi)=179 bestRsrp=-142.542 < min=-120 (all cells below threshold) retryIn=2s
---- INIT_ATTACH t=84 UE(imsi)=181 ----
  INIT_ATTACH_FAIL_ALL_LOW_RSRP: UE(imsi)=181 bestRsrp=-138.978 < min=-120 (all cells below threshold) retryIn=2s
---- INIT_ATTACH t=84 UE(imsi)=192 ----
  INIT_ATTACH_FAIL_ALL_LOW_RSRP: UE(imsi)=192 bestRsrp=-147.976 < min=-120 (all cells below threshold) retryIn=2s
---- INIT_ATTACH t=84 UE(imsi)=195 ----
  INIT_ATTACH_FAIL_ALL_LOW_RSRP: UE(imsi)=195 bestRsrp=-142.702 < min=-120 (all cells below threshold) retryIn=2s
---- INIT_ATTACH t=84 UE(imsi)=197 ----
  INIT_ATTACH_FAIL_ALL_LOW_RSRP: UE(imsi)=197 bestRsrp=-143.521 < min=-120 (all cells below threshold) retryIn=2s
---- INIT_ATTACH t=84 UE(imsi)=200 ----
  INIT_ATTACH_FAIL_ALL_LOW_RSRP: UE(imsi)=200 bestRsrp=-143.024 < min=-120 (all cells below threshold) retryIn=2s
---- INIT_ATTACH t=84 UE(imsi)=202 ----
  candOK0 cell=11 rsrp=-111.53 occ=9/10 -> OK
  SELECT cell=11 rsrp=-111.53 occ(afterReserve)=10/10
  INIT_ATTACH_OK: UE(imsi)=202 -> cell=11
---- INIT_ATTACH t=84 UE(imsi)=203 ----
  INIT_ATTACH_FAIL_ALL_LOW_RSRP: UE(imsi)=203 bestRsrp=-151.099 < min=-120 (all cells below threshold) retryIn=2s
---- INIT_ATTACH t=84 UE(imsi)=214 ----
  INIT_ATTACH_FAIL_ALL_LOW_RSRP: UE(imsi)=214 bestRsrp=-140.274 < min=-120 (all cells below threshold) retryIn=2s
---- INIT_ATTACH t=84 UE(imsi)=220 ----
  INIT_ATTACH_FAIL_ALL_LOW_RSRP: UE(imsi)=220 bestRsrp=-148.462 < min=-120 (all cells below threshold) retryIn=2s
---- INIT_ATTACH t=84 UE(imsi)=224 ----
  candOK0 cell=14 rsrp=-118.488 occ=9/10 -> OK
  SELECT cell=14 rsrp=-118.488 occ(afterReserve)=10/10
  INIT_ATTACH_OK: UE(imsi)=224 -> cell=14
---- INIT_ATTACH t=84 UE(imsi)=227 ----
  INIT_ATTACH_FAIL_ALL_LOW_RSRP: UE(imsi)=227 bestRsrp=-123.523 < min=-120 (all cells below threshold) retryIn=2s
---- INIT_ATTACH t=84 UE(imsi)=230 ----
  INIT_ATTACH_FAIL_ALL_LOW_RSRP: UE(imsi)=230 bestRsrp=-135.404 < min=-120 (all cells below threshold) retryIn=2s
---- INIT_ATTACH t=84 UE(imsi)=231 ----
  INIT_ATTACH_FAIL_ALL_LOW_RSRP: UE(imsi)=231 bestRsrp=-135.403 < min=-120 (all cells below threshold) retryIn=2s
---- INIT_ATTACH t=84 UE(imsi)=233 ----
  INIT_ATTACH_FAIL_ALL_LOW_RSRP: UE(imsi)=233 bestRsrp=-140.314 < min=-120 (all cells below threshold) retryIn=2s
---- INIT_ATTACH t=84 UE(imsi)=237 ----
  INIT_ATTACH_FAIL_ALL_LOW_RSRP: UE(imsi)=237 bestRsrp=-141.577 < min=-120 (all cells below threshold) retryIn=2s
---- INIT_ATTACH t=84 UE(imsi)=240 ----
  INIT_ATTACH_FAIL_ALL_LOW_RSRP: UE(imsi)=240 bestRsrp=-137.405 < min=-120 (all cells below threshold) retryIn=2s
---- INIT_ATTACH t=86 UE(imsi)=16 ----
  INIT_ATTACH_FAIL_ALL_LOW_RSRP: UE(imsi)=16 bestRsrp=-133.951 < min=-120 (all cells below threshold) retryIn=2s
---- INIT_ATTACH t=86 UE(imsi)=20 ----
  INIT_ATTACH_FAIL_ALL_LOW_RSRP: UE(imsi)=20 bestRsrp=-145.661 < min=-120 (all cells below threshold) retryIn=2s
---- INIT_ATTACH t=86 UE(imsi)=23 ----
  INIT_ATTACH_FAIL_ALL_LOW_RSRP: UE(imsi)=23 bestRsrp=-140.848 < min=-120 (all cells below threshold) retryIn=2s
---- INIT_ATTACH t=86 UE(imsi)=26 ----
  INIT_ATTACH_FAIL_ALL_LOW_RSRP: UE(imsi)=26 bestRsrp=-145.653 < min=-120 (all cells below threshold) retryIn=2s
---- INIT_ATTACH t=86 UE(imsi)=29 ----
  INIT_ATTACH_FAIL_ALL_LOW_RSRP: UE(imsi)=29 bestRsrp=-149.323 < min=-120 (all cells below threshold) retryIn=2s
---- INIT_ATTACH t=86 UE(imsi)=36 ----
  candOK0 cell=11 rsrp=-109.215 occ=10/10 -> SKIP_FULL
  INIT_ATTACH_FAIL_ALL_FULL: UE(imsi)=36 rsrpOk=1 (all RSRP>=min but full or invalid) retryIn=2s
---- INIT_ATTACH t=86 UE(imsi)=38 ----
  INIT_ATTACH_FAIL_ALL_LOW_RSRP: UE(imsi)=38 bestRsrp=-146.034 < min=-120 (all cells below threshold) retryIn=2s
---- INIT_ATTACH t=86 UE(imsi)=54 ----
  INIT_ATTACH_FAIL_ALL_LOW_RSRP: UE(imsi)=54 bestRsrp=-138.107 < min=-120 (all cells below threshold) retryIn=2s
---- INIT_ATTACH t=86 UE(imsi)=55 ----
  INIT_ATTACH_FAIL_ALL_LOW_RSRP: UE(imsi)=55 bestRsrp=-151.91 < min=-120 (all cells below threshold) retryIn=2s
---- INIT_ATTACH t=86 UE(imsi)=61 ----
  INIT_ATTACH_FAIL_ALL_LOW_RSRP: UE(imsi)=61 bestRsrp=-134.016 < min=-120 (all cells below threshold) retryIn=2s
---- INIT_ATTACH t=86 UE(imsi)=68 ----
  INIT_ATTACH_FAIL_ALL_LOW_RSRP: UE(imsi)=68 bestRsrp=-133.363 < min=-120 (all cells below threshold) retryIn=2s
---- INIT_ATTACH t=86 UE(imsi)=73 ----
  INIT_ATTACH_FAIL_ALL_LOW_RSRP: UE(imsi)=73 bestRsrp=-140.667 < min=-120 (all cells below threshold) retryIn=2s
---- INIT_ATTACH t=86 UE(imsi)=76 ----
  INIT_ATTACH_FAIL_ALL_LOW_RSRP: UE(imsi)=76 bestRsrp=-135.761 < min=-120 (all cells below threshold) retryIn=2s
---- INIT_ATTACH t=86 UE(imsi)=81 ----
  INIT_ATTACH_FAIL_ALL_LOW_RSRP: UE(imsi)=81 bestRsrp=-139.689 < min=-120 (all cells below threshold) retryIn=2s
---- INIT_ATTACH t=86 UE(imsi)=85 ----
  INIT_ATTACH_FAIL_ALL_LOW_RSRP: UE(imsi)=85 bestRsrp=-140.504 < min=-120 (all cells below threshold) retryIn=2s
---- INIT_ATTACH t=86 UE(imsi)=116 ----
  INIT_ATTACH_FAIL_ALL_LOW_RSRP: UE(imsi)=116 bestRsrp=-149.619 < min=-120 (all cells below threshold) retryIn=2s
---- INIT_ATTACH t=86 UE(imsi)=119 ----
  INIT_ATTACH_FAIL_ALL_LOW_RSRP: UE(imsi)=119 bestRsrp=-130.647 < min=-120 (all cells below threshold) retryIn=2s
---- INIT_ATTACH t=86 UE(imsi)=120 ----
  INIT_ATTACH_FAIL_ALL_LOW_RSRP: UE(imsi)=120 bestRsrp=-142.127 < min=-120 (all cells below threshold) retryIn=2s
---- INIT_ATTACH t=86 UE(imsi)=122 ----
  INIT_ATTACH_FAIL_ALL_LOW_RSRP: UE(imsi)=122 bestRsrp=-147.241 < min=-120 (all cells below threshold) retryIn=2s
---- INIT_ATTACH t=86 UE(imsi)=144 ----
  INIT_ATTACH_FAIL_ALL_LOW_RSRP: UE(imsi)=144 bestRsrp=-145.418 < min=-120 (all cells below threshold) retryIn=2s
---- INIT_ATTACH t=86 UE(imsi)=146 ----
  INIT_ATTACH_FAIL_ALL_LOW_RSRP: UE(imsi)=146 bestRsrp=-127.764 < min=-120 (all cells below threshold) retryIn=2s
---- INIT_ATTACH t=86 UE(imsi)=151 ----
  INIT_ATTACH_FAIL_ALL_LOW_RSRP: UE(imsi)=151 bestRsrp=-143.722 < min=-120 (all cells below threshold) retryIn=2s
---- INIT_ATTACH t=86 UE(imsi)=165 ----
  INIT_ATTACH_FAIL_ALL_LOW_RSRP: UE(imsi)=165 bestRsrp=-139.834 < min=-120 (all cells below threshold) retryIn=2s
---- INIT_ATTACH t=86 UE(imsi)=171 ----
  INIT_ATTACH_FAIL_ALL_LOW_RSRP: UE(imsi)=171 bestRsrp=-147.61 < min=-120 (all cells below threshold) retryIn=2s
---- INIT_ATTACH t=86 UE(imsi)=179 ----
  INIT_ATTACH_FAIL_ALL_LOW_RSRP: UE(imsi)=179 bestRsrp=-142.971 < min=-120 (all cells below threshold) retryIn=2s
---- INIT_ATTACH t=86 UE(imsi)=181 ----
  INIT_ATTACH_FAIL_ALL_LOW_RSRP: UE(imsi)=181 bestRsrp=-137.747 < min=-120 (all cells below threshold) retryIn=2s
---- INIT_ATTACH t=86 UE(imsi)=192 ----
  INIT_ATTACH_FAIL_ALL_LOW_RSRP: UE(imsi)=192 bestRsrp=-147.912 < min=-120 (all cells below threshold) retryIn=2s
---- INIT_ATTACH t=86 UE(imsi)=195 ----
  INIT_ATTACH_FAIL_ALL_LOW_RSRP: UE(imsi)=195 bestRsrp=-142.082 < min=-120 (all cells below threshold) retryIn=2s
---- INIT_ATTACH t=86 UE(imsi)=197 ----
  INIT_ATTACH_FAIL_ALL_LOW_RSRP: UE(imsi)=197 bestRsrp=-143.759 < min=-120 (all cells below threshold) retryIn=2s
---- INIT_ATTACH t=86 UE(imsi)=200 ----
  INIT_ATTACH_FAIL_ALL_LOW_RSRP: UE(imsi)=200 bestRsrp=-128.87 < min=-120 (all cells below threshold) retryIn=2s
---- INIT_ATTACH t=86 UE(imsi)=203 ----
  INIT_ATTACH_FAIL_ALL_LOW_RSRP: UE(imsi)=203 bestRsrp=-148.577 < min=-120 (all cells below threshold) retryIn=2s
---- INIT_ATTACH t=86 UE(imsi)=214 ----
  INIT_ATTACH_FAIL_ALL_LOW_RSRP: UE(imsi)=214 bestRsrp=-140.469 < min=-120 (all cells below threshold) retryIn=2s
---- INIT_ATTACH t=86 UE(imsi)=220 ----
  INIT_ATTACH_FAIL_ALL_LOW_RSRP: UE(imsi)=220 bestRsrp=-126.388 < min=-120 (all cells below threshold) retryIn=2s
---- INIT_ATTACH t=86 UE(imsi)=227 ----
  INIT_ATTACH_FAIL_ALL_LOW_RSRP: UE(imsi)=227 bestRsrp=-128.207 < min=-120 (all cells below threshold) retryIn=2s
---- INIT_ATTACH t=86 UE(imsi)=230 ----
  INIT_ATTACH_FAIL_ALL_LOW_RSRP: UE(imsi)=230 bestRsrp=-136.87 < min=-120 (all cells below threshold) retryIn=2s
---- INIT_ATTACH t=86 UE(imsi)=231 ----
  INIT_ATTACH_FAIL_ALL_LOW_RSRP: UE(imsi)=231 bestRsrp=-135.472 < min=-120 (all cells below threshold) retryIn=2s
---- INIT_ATTACH t=86 UE(imsi)=233 ----
  INIT_ATTACH_FAIL_ALL_LOW_RSRP: UE(imsi)=233 bestRsrp=-143.845 < min=-120 (all cells below threshold) retryIn=2s
---- INIT_ATTACH t=86 UE(imsi)=237 ----
  INIT_ATTACH_FAIL_ALL_LOW_RSRP: UE(imsi)=237 bestRsrp=-140.123 < min=-120 (all cells below threshold) retryIn=2s
---- INIT_ATTACH t=86 UE(imsi)=240 ----
  INIT_ATTACH_FAIL_ALL_LOW_RSRP: UE(imsi)=240 bestRsrp=-140.706 < min=-120 (all cells below threshold) retryIn=2s
---- LOAD at t=87.5 ----
  cell 1 (TN) load=19/20
  cell 2 (TN) load=20/20
  cell 3 (TN) load=20/20
  cell 4 (TN) load=16/20
  cell 5 (TN) load=19/20
  cell 6 (TN) load=13/20
  cell 7 (TN) load=19/20
  cell 8 (TN) load=16/20
  cell 9 (NTN) load=7/10
  cell 10 (NTN) load=10/10
  cell 11 (NTN) load=10/10
  cell 12 (NTN) load=5/10
  cell 13 (NTN) load=7/10
  cell 14 (NTN) load=10/10
LM HO_FAIL_LOW_RSRP UE=15 currCell=8 candCell=4 candRsrp=-121.648 < min=-120
LM HO UE=16 rnti=104 1->6 type=TN servingRsrp=-85.7745 targetRsrp=-78.3283 targetLoadReal=13/20 targetLoadEff=13/20
LM HO_FAIL_LOW_RSRP UE=19 currCell=3 candCell=5 candRsrp=-126.338 < min=-120
LM HO UE=20 rnti=75 6->5 type=TN servingRsrp=-122.048 targetRsrp=-118.309 targetLoadReal=19/20 targetLoadEff=19/20
UE 21 TTT_WAIT target=1 elapsed=0s need=2s
UE 22 TTT_WAIT target=13 elapsed=0s need=2s
UE 23 TTT_WAIT target=6 elapsed=0s need=2s
LM HO UE=24 rnti=144 5->4 type=TN servingRsrp=-119.545 targetRsrp=-97.0696 targetLoadReal=16/20 targetLoadEff=16/20
UE 25 TTT_WAIT target=6 elapsed=0s need=2s
UE 26 TTT_WAIT target=6 elapsed=0s need=2s
UE 27 TTT_WAIT target=8 elapsed=0s need=2s
UE 28 TTT_WAIT target=7 elapsed=0s need=2s
UE 29 TTT_WAIT target=4 elapsed=0s need=2s
LM HO UE=31 rnti=76 6->1 type=TN servingRsrp=-110.516 targetRsrp=-75.4733 targetLoadReal=19/20 targetLoadEff=19/20
UE 33 TTT_WAIT target=4 elapsed=0s need=2s
UE 36 TTT_WAIT target=7 elapsed=0s need=2s
LM HO_FAIL_LOW_RSRP UE=38 currCell=2 candCell=6 candRsrp=-127.03 < min=-120
UE 40 TTT_WAIT target=7 elapsed=0s need=2s
LM HO_FAIL_LOW_RSRP UE=42 currCell=3 candCell=8 candRsrp=-124.956 < min=-120
UE 43 TTT_WAIT target=13 elapsed=0s need=2s
UE 44 TTT_WAIT target=7 elapsed=0s need=2s
UE 46 TTT_WAIT target=4 elapsed=0s need=2s
LM HO_FAIL_LOW_RSRP UE=47 currCell=1 candCell=9 candRsrp=-121.286 < min=-120
UE 52 TTT_WAIT target=4 elapsed=0s need=2s
LM HO_FAIL_LOW_RSRP UE=53 currCell=1 candCell=13 candRsrp=-120.197 < min=-120
LM HO UE=54 rnti=113 8->4 type=TN servingRsrp=-122.953 targetRsrp=-114.021 targetLoadReal=16/20 targetLoadEff=17/20
UE 55 TTT_WAIT target=8 elapsed=0s need=2s
UE 56 TTT_WAIT target=6 elapsed=0s need=2s
UE 58 TTT_WAIT target=6 elapsed=0s need=2s
UE 60 TTT_WAIT target=9 elapsed=0s need=2s
UE 61 TTT_WAIT target=7 elapsed=0s need=2s
LM HO UE=62 rnti=30 2->6 type=TN servingRsrp=-107.812 targetRsrp=-76.6163 targetLoadReal=13/20 targetLoadEff=14/20
UE 63 TTT_WAIT target=9 elapsed=0s need=2s
UE 64 TTT_WAIT target=8 elapsed=0s need=2s
UE 68 TTT_WAIT target=13 elapsed=0s need=2s
UE 69 TTT_WAIT target=7 elapsed=0s need=2s
UE 70 TTT_WAIT target=8 elapsed=0s need=2s
UE 71 TTT_WAIT target=7 elapsed=0s need=2s
UE 72 TTT_WAIT target=8 elapsed=0s need=2s
UE 73 TTT_WAIT target=12 elapsed=0s need=2s
UE 74 TTT_WAIT target=9 elapsed=0s need=2s
UE 75 TTT_WAIT target=8 elapsed=0s need=2s
LM HO UE=76 rnti=46 9->6 type=TN servingRsrp=-113.476 targetRsrp=-87.0095 targetLoadReal=13/20 targetLoadEff=15/20
LM HO UE=80 rnti=48 4->6 type=TN servingRsrp=-116.583 targetRsrp=-57.2104 targetLoadReal=13/20 targetLoadEff=16/20
LM HO_FAIL_LOW_RSRP UE=84 currCell=7 candCell=9 candRsrp=-125.935 < min=-120
UE 85 TTT_WAIT target=7 elapsed=0s need=2s
UE 87 TTT_WAIT target=8 elapsed=0s need=2s
LM HO UE=90 rnti=111 2->6 type=TN servingRsrp=-119.279 targetRsrp=-80.0514 targetLoadReal=13/20 targetLoadEff=17/20
UE 91 TTT_WAIT target=4 elapsed=0s need=2s
LM HO_FAIL_LOW_RSRP UE=96 currCell=4 candCell=8 candRsrp=-120.919 < min=-120
UE 97 TTT_WAIT target=8 elapsed=0s need=2s
LM HO_FAIL_LOW_RSRP UE=98 currCell=5 candCell=13 candRsrp=-131.037 < min=-120
UE 99 TTT_WAIT target=7 elapsed=0s need=2s
UE 101 TTT_WAIT target=4 elapsed=0s need=2s
UE 102 TTT_WAIT target=8 elapsed=0s need=2s
UE 103 TTT_WAIT target=4 elapsed=0s need=2s
UE 107 TTT_WAIT target=7 elapsed=0s need=2s
UE 108 TTT_WAIT target=6 elapsed=0s need=2s
UE 109 TTT_WAIT target=9 elapsed=0s need=2s
UE 115 TTT_WAIT target=6 elapsed=0s need=2s
UE 118 TTT_WAIT target=6 elapsed=0s need=2s
UE 121 TTT_WAIT target=12 elapsed=0s need=2s
UE 124 TTT_WAIT target=6 elapsed=0s need=2s
UE 127 TTT_WAIT target=6 elapsed=0s need=2s
UE 128 TTT_WAIT target=12 elapsed=0s need=2s
UE 129 TTT_WAIT target=12 elapsed=0s need=2s
UE 130 TTT_WAIT target=6 elapsed=0s need=2s
UE 131 TTT_WAIT target=4 elapsed=0s need=2s
UE 133 TTT_WAIT target=8 elapsed=0s need=2s
UE 135 TTT_WAIT target=9 elapsed=0s need=2s
LM HO_FAIL_LOW_RSRP UE=137 currCell=5 candCell=9 candRsrp=-132.457 < min=-120
UE 138 TTT_WAIT target=8 elapsed=0s need=2s
UE 140 TTT_WAIT target=6 elapsed=0s need=2s
UE 141 TTT_WAIT target=7 elapsed=0s need=2s
UE 143 TTT_WAIT target=6 elapsed=0s need=2s
UE 147 TTT_WAIT target=6 elapsed=0s need=2s
UE 148 TTT_WAIT target=6 elapsed=0s need=2s
UE 149 TTT_WAIT target=8 elapsed=0s need=2s
UE 155 TTT_WAIT target=7 elapsed=0s need=2s
UE 157 TTT_WAIT target=4 elapsed=0s need=2s
UE 158 TTT_WAIT target=13 elapsed=0s need=2s
UE 161 TTT_WAIT target=4 elapsed=0s need=2s
UE 162 TTT_WAIT target=8 elapsed=0s need=2s
UE 163 TTT_WAIT target=8 elapsed=0s need=2s
UE 165 TTT_WAIT target=4 elapsed=0s need=2s
UE 166 TTT_WAIT target=6 elapsed=0s need=2s
UE 167 TTT_WAIT target=9 elapsed=0s need=2s
UE 169 TTT_WAIT target=12 elapsed=0s need=2s
UE 174 TTT_WAIT target=12 elapsed=0s need=2s
UE 175 TTT_WAIT target=13 elapsed=0s need=2s
UE 178 TTT_WAIT target=7 elapsed=0s need=2s
UE 179 TTT_WAIT target=6 elapsed=0s need=2s
UE 183 TTT_WAIT target=4 elapsed=0s need=2s
LM HO_FAIL_LOW_RSRP UE=190 currCell=2 candCell=8 candRsrp=-133.719 < min=-120
UE 191 TTT_WAIT target=6 elapsed=0s need=2s
UE 193 TTT_WAIT target=8 elapsed=0s need=2s
UE 195 TTT_WAIT target=6 elapsed=0s need=2s
UE 196 TTT_WAIT target=13 elapsed=0s need=2s
UE 199 TTT_WAIT target=12 elapsed=0s need=2s
LM HO UE=200 rnti=95 1->6 type=TN servingRsrp=-108.98 targetRsrp=-73.2533 targetLoadReal=13/20 targetLoadEff=18/20
UE 202 TTT_WAIT target=4 elapsed=0s need=2s
UE 203 TTT_WAIT target=9 elapsed=0s need=2s
LM HO_FAIL_LOW_RSRP UE=205 currCell=7 candCell=8 candRsrp=-123.569 < min=-120
UE 207 TTT_WAIT target=6 elapsed=0s need=2s
UE 208 TTT_WAIT target=13 elapsed=0s need=2s
UE 209 TTT_WAIT target=8 elapsed=0s need=2s
UE 210 TTT_WAIT target=8 elapsed=0s need=2s
UE 211 TTT_WAIT target=12 elapsed=0s need=2s
UE 212 TTT_WAIT target=9 elapsed=0s need=2s
UE 213 TTT_WAIT target=6 elapsed=0s need=2s
UE 215 TTT_WAIT target=6 elapsed=0s need=2s
LM HO UE=216 rnti=74 3->8 type=TN servingRsrp=-104.952 targetRsrp=-84.1518 targetLoadReal=16/20 targetLoadEff=16/20
UE 217 TTT_WAIT target=7 elapsed=0s need=2s
UE 218 TTT_WAIT target=4 elapsed=0s need=2s
UE 219 TTT_WAIT target=4 elapsed=0s need=2s
UE 223 TTT_WAIT target=7 elapsed=0s need=2s
LM HO UE=224 rnti=37 4->6 type=TN servingRsrp=-125.296 targetRsrp=-116.44 targetLoadReal=13/20 targetLoadEff=19/20
UE 230 TTT_WAIT target=8 elapsed=0s need=2s
UE 233 TTT_WAIT target=9 elapsed=0s need=2s
UE 239 TTT_WAIT target=8 elapsed=0s need=2s
UE 241 TTT_WAIT target=12 elapsed=0s need=2s
LM HO_FAIL_LOW_RSRP UE=243 currCell=8 candCell=12 candRsrp=-125.154 < min=-120
LM HO UE=244 rnti=78 3->13 type=NTN servingRsrp=-121.715 targetRsrp=-118.771 targetLoadReal=7/10 targetLoadEff=7/10
---- INIT_ATTACH t=88 UE(imsi)=16 ----
  INIT_ATTACH_FAIL_ALL_LOW_RSRP: UE(imsi)=16 bestRsrp=-135.431 < min=-120 (all cells below threshold) retryIn=2s
---- INIT_ATTACH t=88 UE(imsi)=20 ----
  INIT_ATTACH_FAIL_ALL_LOW_RSRP: UE(imsi)=20 bestRsrp=-146.654 < min=-120 (all cells below threshold) retryIn=2s
---- INIT_ATTACH t=88 UE(imsi)=23 ----
  candOK0 cell=10 rsrp=-118.243 occ=10/10 -> SKIP_FULL
  INIT_ATTACH_FAIL_ALL_FULL: UE(imsi)=23 rsrpOk=1 (all RSRP>=min but full or invalid) retryIn=2s
---- INIT_ATTACH t=88 UE(imsi)=26 ----
  INIT_ATTACH_FAIL_ALL_LOW_RSRP: UE(imsi)=26 bestRsrp=-142.199 < min=-120 (all cells below threshold) retryIn=2s
---- INIT_ATTACH t=88 UE(imsi)=29 ----
  INIT_ATTACH_FAIL_ALL_LOW_RSRP: UE(imsi)=29 bestRsrp=-151.471 < min=-120 (all cells below threshold) retryIn=2s
---- INIT_ATTACH t=88 UE(imsi)=36 ----
  INIT_ATTACH_FAIL_ALL_LOW_RSRP: UE(imsi)=36 bestRsrp=-135.557 < min=-120 (all cells below threshold) retryIn=2s
---- INIT_ATTACH t=88 UE(imsi)=38 ----
  INIT_ATTACH_FAIL_ALL_LOW_RSRP: UE(imsi)=38 bestRsrp=-145.28 < min=-120 (all cells below threshold) retryIn=2s
---- INIT_ATTACH t=88 UE(imsi)=54 ----
  INIT_ATTACH_FAIL_ALL_LOW_RSRP: UE(imsi)=54 bestRsrp=-137.743 < min=-120 (all cells below threshold) retryIn=2s
---- INIT_ATTACH t=88 UE(imsi)=55 ----
  INIT_ATTACH_FAIL_ALL_LOW_RSRP: UE(imsi)=55 bestRsrp=-154.392 < min=-120 (all cells below threshold) retryIn=2s
---- INIT_ATTACH t=88 UE(imsi)=61 ----
  INIT_ATTACH_FAIL_ALL_LOW_RSRP: UE(imsi)=61 bestRsrp=-133.907 < min=-120 (all cells below threshold) retryIn=2s
---- INIT_ATTACH t=88 UE(imsi)=68 ----
  INIT_ATTACH_FAIL_ALL_LOW_RSRP: UE(imsi)=68 bestRsrp=-132.343 < min=-120 (all cells below threshold) retryIn=2s
---- INIT_ATTACH t=88 UE(imsi)=73 ----
  INIT_ATTACH_FAIL_ALL_LOW_RSRP: UE(imsi)=73 bestRsrp=-139.976 < min=-120 (all cells below threshold) retryIn=2s
---- INIT_ATTACH t=88 UE(imsi)=76 ----
  INIT_ATTACH_FAIL_ALL_LOW_RSRP: UE(imsi)=76 bestRsrp=-136.639 < min=-120 (all cells below threshold) retryIn=2s
---- INIT_ATTACH t=88 UE(imsi)=81 ----
  INIT_ATTACH_FAIL_ALL_LOW_RSRP: UE(imsi)=81 bestRsrp=-139.894 < min=-120 (all cells below threshold) retryIn=2s
---- INIT_ATTACH t=88 UE(imsi)=85 ----
  INIT_ATTACH_FAIL_ALL_LOW_RSRP: UE(imsi)=85 bestRsrp=-140.165 < min=-120 (all cells below threshold) retryIn=2s
---- INIT_ATTACH t=88 UE(imsi)=116 ----
  INIT_ATTACH_FAIL_ALL_LOW_RSRP: UE(imsi)=116 bestRsrp=-146.106 < min=-120 (all cells below threshold) retryIn=2s
---- INIT_ATTACH t=88 UE(imsi)=119 ----
  INIT_ATTACH_FAIL_ALL_LOW_RSRP: UE(imsi)=119 bestRsrp=-132.597 < min=-120 (all cells below threshold) retryIn=2s
---- INIT_ATTACH t=88 UE(imsi)=120 ----
  INIT_ATTACH_FAIL_ALL_LOW_RSRP: UE(imsi)=120 bestRsrp=-133.131 < min=-120 (all cells below threshold) retryIn=2s
---- INIT_ATTACH t=88 UE(imsi)=122 ----
  INIT_ATTACH_FAIL_ALL_LOW_RSRP: UE(imsi)=122 bestRsrp=-148.885 < min=-120 (all cells below threshold) retryIn=2s
---- INIT_ATTACH t=88 UE(imsi)=144 ----
  INIT_ATTACH_FAIL_ALL_LOW_RSRP: UE(imsi)=144 bestRsrp=-146.499 < min=-120 (all cells below threshold) retryIn=2s
---- INIT_ATTACH t=88 UE(imsi)=146 ----
  INIT_ATTACH_FAIL_ALL_LOW_RSRP: UE(imsi)=146 bestRsrp=-128.062 < min=-120 (all cells below threshold) retryIn=2s
---- INIT_ATTACH t=88 UE(imsi)=151 ----
  INIT_ATTACH_FAIL_ALL_LOW_RSRP: UE(imsi)=151 bestRsrp=-144.412 < min=-120 (all cells below threshold) retryIn=2s
---- INIT_ATTACH t=88 UE(imsi)=165 ----
  INIT_ATTACH_FAIL_ALL_LOW_RSRP: UE(imsi)=165 bestRsrp=-140.976 < min=-120 (all cells below threshold) retryIn=2s
---- INIT_ATTACH t=88 UE(imsi)=171 ----
  INIT_ATTACH_FAIL_ALL_LOW_RSRP: UE(imsi)=171 bestRsrp=-146.512 < min=-120 (all cells below threshold) retryIn=2s
---- INIT_ATTACH t=88 UE(imsi)=179 ----
  INIT_ATTACH_FAIL_ALL_LOW_RSRP: UE(imsi)=179 bestRsrp=-143.189 < min=-120 (all cells below threshold) retryIn=2s
---- INIT_ATTACH t=88 UE(imsi)=181 ----
  INIT_ATTACH_FAIL_ALL_LOW_RSRP: UE(imsi)=181 bestRsrp=-138.999 < min=-120 (all cells below threshold) retryIn=2s
---- INIT_ATTACH t=88 UE(imsi)=192 ----
  INIT_ATTACH_FAIL_ALL_LOW_RSRP: UE(imsi)=192 bestRsrp=-149.614 < min=-120 (all cells below threshold) retryIn=2s
---- INIT_ATTACH t=88 UE(imsi)=195 ----
  INIT_ATTACH_FAIL_ALL_LOW_RSRP: UE(imsi)=195 bestRsrp=-139.799 < min=-120 (all cells below threshold) retryIn=2s
---- INIT_ATTACH t=88 UE(imsi)=197 ----
  INIT_ATTACH_FAIL_ALL_LOW_RSRP: UE(imsi)=197 bestRsrp=-138.66 < min=-120 (all cells below threshold) retryIn=2s
---- INIT_ATTACH t=88 UE(imsi)=200 ----
  INIT_ATTACH_FAIL_ALL_LOW_RSRP: UE(imsi)=200 bestRsrp=-140.932 < min=-120 (all cells below threshold) retryIn=2s
---- INIT_ATTACH t=88 UE(imsi)=203 ----
  candOK0 cell=11 rsrp=-113.027 occ=10/10 -> SKIP_FULL
  INIT_ATTACH_FAIL_ALL_FULL: UE(imsi)=203 rsrpOk=1 (all RSRP>=min but full or invalid) retryIn=2s
---- INIT_ATTACH t=88 UE(imsi)=214 ----
  INIT_ATTACH_FAIL_ALL_LOW_RSRP: UE(imsi)=214 bestRsrp=-135.241 < min=-120 (all cells below threshold) retryIn=2s
---- INIT_ATTACH t=88 UE(imsi)=220 ----
  INIT_ATTACH_FAIL_ALL_LOW_RSRP: UE(imsi)=220 bestRsrp=-148.246 < min=-120 (all cells below threshold) retryIn=2s
---- INIT_ATTACH t=88 UE(imsi)=227 ----
  candOK0 cell=11 rsrp=-98.5554 occ=10/10 -> SKIP_FULL
  candOK1 cell=5 rsrp=-115.729 occ=19/20 -> OK
  SELECT cell=5 rsrp=-115.729 occ(afterReserve)=20/20
  INIT_ATTACH_OK: UE(imsi)=227 -> cell=5
---- INIT_ATTACH t=88 UE(imsi)=230 ----
  INIT_ATTACH_FAIL_ALL_LOW_RSRP: UE(imsi)=230 bestRsrp=-136.159 < min=-120 (all cells below threshold) retryIn=2s
---- INIT_ATTACH t=88 UE(imsi)=231 ----
  INIT_ATTACH_FAIL_ALL_LOW_RSRP: UE(imsi)=231 bestRsrp=-132.931 < min=-120 (all cells below threshold) retryIn=2s
---- INIT_ATTACH t=88 UE(imsi)=233 ----
  INIT_ATTACH_FAIL_ALL_LOW_RSRP: UE(imsi)=233 bestRsrp=-142.73 < min=-120 (all cells below threshold) retryIn=2s
---- INIT_ATTACH t=88 UE(imsi)=237 ----
  INIT_ATTACH_FAIL_ALL_LOW_RSRP: UE(imsi)=237 bestRsrp=-141.967 < min=-120 (all cells below threshold) retryIn=2s
---- INIT_ATTACH t=88 UE(imsi)=240 ----
  INIT_ATTACH_FAIL_ALL_LOW_RSRP: UE(imsi)=240 bestRsrp=-138.254 < min=-120 (all cells below threshold) retryIn=2s
---- INIT_ATTACH t=90 UE(imsi)=16 ----
  INIT_ATTACH_FAIL_ALL_LOW_RSRP: UE(imsi)=16 bestRsrp=-135.054 < min=-120 (all cells below threshold) retryIn=2s
---- INIT_ATTACH t=90 UE(imsi)=20 ----
  INIT_ATTACH_FAIL_ALL_LOW_RSRP: UE(imsi)=20 bestRsrp=-145.179 < min=-120 (all cells below threshold) retryIn=2s
---- INIT_ATTACH t=90 UE(imsi)=23 ----
  INIT_ATTACH_FAIL_ALL_LOW_RSRP: UE(imsi)=23 bestRsrp=-138.574 < min=-120 (all cells below threshold) retryIn=2s
---- INIT_ATTACH t=90 UE(imsi)=26 ----
  INIT_ATTACH_FAIL_ALL_LOW_RSRP: UE(imsi)=26 bestRsrp=-144.348 < min=-120 (all cells below threshold) retryIn=2s
---- INIT_ATTACH t=90 UE(imsi)=29 ----
  INIT_ATTACH_FAIL_ALL_LOW_RSRP: UE(imsi)=29 bestRsrp=-148.953 < min=-120 (all cells below threshold) retryIn=2s
---- INIT_ATTACH t=90 UE(imsi)=36 ----
  INIT_ATTACH_FAIL_ALL_LOW_RSRP: UE(imsi)=36 bestRsrp=-135.183 < min=-120 (all cells below threshold) retryIn=2s
---- INIT_ATTACH t=90 UE(imsi)=38 ----
  INIT_ATTACH_FAIL_ALL_LOW_RSRP: UE(imsi)=38 bestRsrp=-145.868 < min=-120 (all cells below threshold) retryIn=2s
---- INIT_ATTACH t=90 UE(imsi)=54 ----
  INIT_ATTACH_FAIL_ALL_LOW_RSRP: UE(imsi)=54 bestRsrp=-137.881 < min=-120 (all cells below threshold) retryIn=2s
---- INIT_ATTACH t=90 UE(imsi)=55 ----
  INIT_ATTACH_FAIL_ALL_LOW_RSRP: UE(imsi)=55 bestRsrp=-152.552 < min=-120 (all cells below threshold) retryIn=2s
---- INIT_ATTACH t=90 UE(imsi)=61 ----
  INIT_ATTACH_FAIL_ALL_LOW_RSRP: UE(imsi)=61 bestRsrp=-133.85 < min=-120 (all cells below threshold) retryIn=2s
---- INIT_ATTACH t=90 UE(imsi)=68 ----
  INIT_ATTACH_FAIL_ALL_LOW_RSRP: UE(imsi)=68 bestRsrp=-133.582 < min=-120 (all cells below threshold) retryIn=2s
---- INIT_ATTACH t=90 UE(imsi)=73 ----
  INIT_ATTACH_FAIL_ALL_LOW_RSRP: UE(imsi)=73 bestRsrp=-139.493 < min=-120 (all cells below threshold) retryIn=2s
---- INIT_ATTACH t=90 UE(imsi)=76 ----
  INIT_ATTACH_FAIL_ALL_LOW_RSRP: UE(imsi)=76 bestRsrp=-134.951 < min=-120 (all cells below threshold) retryIn=2s
---- INIT_ATTACH t=90 UE(imsi)=81 ----
  INIT_ATTACH_FAIL_ALL_LOW_RSRP: UE(imsi)=81 bestRsrp=-138.29 < min=-120 (all cells below threshold) retryIn=2s
---- INIT_ATTACH t=90 UE(imsi)=85 ----
  candOK0 cell=2 rsrp=-111.911 occ=18/20 -> OK
  SELECT cell=2 rsrp=-111.911 occ(afterReserve)=19/20
  INIT_ATTACH_OK: UE(imsi)=85 -> cell=2
---- INIT_ATTACH t=90 UE(imsi)=116 ----
  INIT_ATTACH_FAIL_ALL_LOW_RSRP: UE(imsi)=116 bestRsrp=-148.905 < min=-120 (all cells below threshold) retryIn=2s
---- INIT_ATTACH t=90 UE(imsi)=119 ----
  INIT_ATTACH_FAIL_ALL_LOW_RSRP: UE(imsi)=119 bestRsrp=-133.773 < min=-120 (all cells below threshold) retryIn=2s
---- INIT_ATTACH t=90 UE(imsi)=120 ----
  INIT_ATTACH_FAIL_ALL_LOW_RSRP: UE(imsi)=120 bestRsrp=-137.792 < min=-120 (all cells below threshold) retryIn=2s
---- INIT_ATTACH t=90 UE(imsi)=122 ----
  INIT_ATTACH_FAIL_ALL_LOW_RSRP: UE(imsi)=122 bestRsrp=-148.884 < min=-120 (all cells below threshold) retryIn=2s
---- INIT_ATTACH t=90 UE(imsi)=144 ----
  INIT_ATTACH_FAIL_ALL_LOW_RSRP: UE(imsi)=144 bestRsrp=-144.634 < min=-120 (all cells below threshold) retryIn=2s
---- INIT_ATTACH t=90 UE(imsi)=146 ----
  INIT_ATTACH_FAIL_ALL_LOW_RSRP: UE(imsi)=146 bestRsrp=-125.875 < min=-120 (all cells below threshold) retryIn=2s
---- INIT_ATTACH t=90 UE(imsi)=151 ----
  INIT_ATTACH_FAIL_ALL_LOW_RSRP: UE(imsi)=151 bestRsrp=-145.233 < min=-120 (all cells below threshold) retryIn=2s
---- INIT_ATTACH t=90 UE(imsi)=165 ----
  INIT_ATTACH_FAIL_ALL_LOW_RSRP: UE(imsi)=165 bestRsrp=-137.572 < min=-120 (all cells below threshold) retryIn=2s
---- INIT_ATTACH t=90 UE(imsi)=171 ----
  INIT_ATTACH_FAIL_ALL_LOW_RSRP: UE(imsi)=171 bestRsrp=-148.76 < min=-120 (all cells below threshold) retryIn=2s
---- INIT_ATTACH t=90 UE(imsi)=179 ----
  INIT_ATTACH_FAIL_ALL_LOW_RSRP: UE(imsi)=179 bestRsrp=-141.788 < min=-120 (all cells below threshold) retryIn=2s
---- INIT_ATTACH t=90 UE(imsi)=181 ----
  INIT_ATTACH_FAIL_ALL_LOW_RSRP: UE(imsi)=181 bestRsrp=-137.779 < min=-120 (all cells below threshold) retryIn=2s
---- INIT_ATTACH t=90 UE(imsi)=192 ----
  INIT_ATTACH_FAIL_ALL_LOW_RSRP: UE(imsi)=192 bestRsrp=-147.89 < min=-120 (all cells below threshold) retryIn=2s
---- INIT_ATTACH t=90 UE(imsi)=195 ----
  INIT_ATTACH_FAIL_ALL_LOW_RSRP: UE(imsi)=195 bestRsrp=-142.058 < min=-120 (all cells below threshold) retryIn=2s
---- INIT_ATTACH t=90 UE(imsi)=197 ----
  INIT_ATTACH_FAIL_ALL_LOW_RSRP: UE(imsi)=197 bestRsrp=-145.652 < min=-120 (all cells below threshold) retryIn=2s
---- INIT_ATTACH t=90 UE(imsi)=200 ----
  INIT_ATTACH_FAIL_ALL_LOW_RSRP: UE(imsi)=200 bestRsrp=-143.544 < min=-120 (all cells below threshold) retryIn=2s
---- INIT_ATTACH t=90 UE(imsi)=203 ----
  INIT_ATTACH_FAIL_ALL_LOW_RSRP: UE(imsi)=203 bestRsrp=-150.813 < min=-120 (all cells below threshold) retryIn=2s
---- INIT_ATTACH t=90 UE(imsi)=214 ----
  INIT_ATTACH_FAIL_ALL_LOW_RSRP: UE(imsi)=214 bestRsrp=-139.269 < min=-120 (all cells below threshold) retryIn=2s
---- INIT_ATTACH t=90 UE(imsi)=220 ----
  INIT_ATTACH_FAIL_ALL_LOW_RSRP: UE(imsi)=220 bestRsrp=-149.525 < min=-120 (all cells below threshold) retryIn=2s
---- INIT_ATTACH t=90 UE(imsi)=230 ----
  INIT_ATTACH_FAIL_ALL_LOW_RSRP: UE(imsi)=230 bestRsrp=-135.876 < min=-120 (all cells below threshold) retryIn=2s
---- INIT_ATTACH t=90 UE(imsi)=231 ----
  INIT_ATTACH_FAIL_ALL_LOW_RSRP: UE(imsi)=231 bestRsrp=-124.334 < min=-120 (all cells below threshold) retryIn=2s
---- INIT_ATTACH t=90 UE(imsi)=233 ----
  INIT_ATTACH_FAIL_ALL_LOW_RSRP: UE(imsi)=233 bestRsrp=-141.232 < min=-120 (all cells below threshold) retryIn=2s
---- INIT_ATTACH t=90 UE(imsi)=237 ----
  INIT_ATTACH_FAIL_ALL_LOW_RSRP: UE(imsi)=237 bestRsrp=-139.862 < min=-120 (all cells below threshold) retryIn=2s
---- INIT_ATTACH t=90 UE(imsi)=240 ----
  INIT_ATTACH_FAIL_ALL_LOW_RSRP: UE(imsi)=240 bestRsrp=-139.469 < min=-120 (all cells below threshold) retryIn=2s
---- INIT_ATTACH t=92 UE(imsi)=16 ----
  INIT_ATTACH_FAIL_ALL_LOW_RSRP: UE(imsi)=16 bestRsrp=-136.653 < min=-120 (all cells below threshold) retryIn=2s
---- INIT_ATTACH t=92 UE(imsi)=20 ----
  INIT_ATTACH_FAIL_ALL_LOW_RSRP: UE(imsi)=20 bestRsrp=-144.363 < min=-120 (all cells below threshold) retryIn=2s
---- INIT_ATTACH t=92 UE(imsi)=23 ----
  INIT_ATTACH_FAIL_ALL_LOW_RSRP: UE(imsi)=23 bestRsrp=-138.931 < min=-120 (all cells below threshold) retryIn=2s
---- INIT_ATTACH t=92 UE(imsi)=26 ----
  INIT_ATTACH_FAIL_ALL_LOW_RSRP: UE(imsi)=26 bestRsrp=-143.544 < min=-120 (all cells below threshold) retryIn=2s
---- INIT_ATTACH t=92 UE(imsi)=29 ----
  INIT_ATTACH_FAIL_ALL_LOW_RSRP: UE(imsi)=29 bestRsrp=-146.651 < min=-120 (all cells below threshold) retryIn=2s
---- INIT_ATTACH t=92 UE(imsi)=36 ----
  INIT_ATTACH_FAIL_ALL_LOW_RSRP: UE(imsi)=36 bestRsrp=-135.885 < min=-120 (all cells below threshold) retryIn=2s
---- INIT_ATTACH t=92 UE(imsi)=38 ----
  INIT_ATTACH_FAIL_ALL_LOW_RSRP: UE(imsi)=38 bestRsrp=-146.589 < min=-120 (all cells below threshold) retryIn=2s
---- INIT_ATTACH t=92 UE(imsi)=54 ----
  INIT_ATTACH_FAIL_ALL_LOW_RSRP: UE(imsi)=54 bestRsrp=-122.776 < min=-120 (all cells below threshold) retryIn=2s
---- INIT_ATTACH t=92 UE(imsi)=55 ----
  INIT_ATTACH_FAIL_ALL_LOW_RSRP: UE(imsi)=55 bestRsrp=-151.301 < min=-120 (all cells below threshold) retryIn=2s
---- INIT_ATTACH t=92 UE(imsi)=61 ----
  INIT_ATTACH_FAIL_ALL_LOW_RSRP: UE(imsi)=61 bestRsrp=-135.886 < min=-120 (all cells below threshold) retryIn=2s
---- INIT_ATTACH t=92 UE(imsi)=68 ----
  INIT_ATTACH_FAIL_ALL_LOW_RSRP: UE(imsi)=68 bestRsrp=-131.129 < min=-120 (all cells below threshold) retryIn=2s
---- INIT_ATTACH t=92 UE(imsi)=73 ----
  INIT_ATTACH_FAIL_ALL_LOW_RSRP: UE(imsi)=73 bestRsrp=-140.999 < min=-120 (all cells below threshold) retryIn=2s
---- INIT_ATTACH t=92 UE(imsi)=76 ----
  INIT_ATTACH_FAIL_ALL_LOW_RSRP: UE(imsi)=76 bestRsrp=-134.051 < min=-120 (all cells below threshold) retryIn=2s
---- INIT_ATTACH t=92 UE(imsi)=81 ----
  INIT_ATTACH_FAIL_ALL_LOW_RSRP: UE(imsi)=81 bestRsrp=-137.792 < min=-120 (all cells below threshold) retryIn=2s
---- INIT_ATTACH t=92 UE(imsi)=116 ----
  INIT_ATTACH_FAIL_ALL_LOW_RSRP: UE(imsi)=116 bestRsrp=-147.744 < min=-120 (all cells below threshold) retryIn=2s
---- INIT_ATTACH t=92 UE(imsi)=119 ----
  candOK0 cell=7 rsrp=-115.402 occ=19/20 -> OK
  SELECT cell=7 rsrp=-115.402 occ(afterReserve)=20/20
  INIT_ATTACH_OK: UE(imsi)=119 -> cell=7
---- INIT_ATTACH t=92 UE(imsi)=120 ----
  INIT_ATTACH_FAIL_ALL_LOW_RSRP: UE(imsi)=120 bestRsrp=-138.169 < min=-120 (all cells below threshold) retryIn=2s
---- INIT_ATTACH t=92 UE(imsi)=122 ----
  INIT_ATTACH_FAIL_ALL_LOW_RSRP: UE(imsi)=122 bestRsrp=-150 < min=-120 (all cells below threshold) retryIn=2s
---- INIT_ATTACH t=92 UE(imsi)=144 ----
  INIT_ATTACH_FAIL_ALL_LOW_RSRP: UE(imsi)=144 bestRsrp=-144.926 < min=-120 (all cells below threshold) retryIn=2s
---- INIT_ATTACH t=92 UE(imsi)=146 ----
  INIT_ATTACH_FAIL_ALL_LOW_RSRP: UE(imsi)=146 bestRsrp=-126.762 < min=-120 (all cells below threshold) retryIn=2s
---- INIT_ATTACH t=92 UE(imsi)=151 ----
  INIT_ATTACH_FAIL_ALL_LOW_RSRP: UE(imsi)=151 bestRsrp=-143.636 < min=-120 (all cells below threshold) retryIn=2s
---- INIT_ATTACH t=92 UE(imsi)=165 ----
  INIT_ATTACH_FAIL_ALL_LOW_RSRP: UE(imsi)=165 bestRsrp=-136.37 < min=-120 (all cells below threshold) retryIn=2s
---- INIT_ATTACH t=92 UE(imsi)=171 ----
  INIT_ATTACH_FAIL_ALL_LOW_RSRP: UE(imsi)=171 bestRsrp=-146.411 < min=-120 (all cells below threshold) retryIn=2s
---- INIT_ATTACH t=92 UE(imsi)=179 ----
  INIT_ATTACH_FAIL_ALL_LOW_RSRP: UE(imsi)=179 bestRsrp=-141.47 < min=-120 (all cells below threshold) retryIn=2s
---- INIT_ATTACH t=92 UE(imsi)=181 ----
  INIT_ATTACH_FAIL_ALL_LOW_RSRP: UE(imsi)=181 bestRsrp=-137.559 < min=-120 (all cells below threshold) retryIn=2s
---- INIT_ATTACH t=92 UE(imsi)=192 ----
  INIT_ATTACH_FAIL_ALL_LOW_RSRP: UE(imsi)=192 bestRsrp=-132.393 < min=-120 (all cells below threshold) retryIn=2s
---- INIT_ATTACH t=92 UE(imsi)=195 ----
  INIT_ATTACH_FAIL_ALL_LOW_RSRP: UE(imsi)=195 bestRsrp=-141.543 < min=-120 (all cells below threshold) retryIn=2s
---- INIT_ATTACH t=92 UE(imsi)=197 ----
  candOK0 cell=2 rsrp=-115.327 occ=19/20 -> OK
  SELECT cell=2 rsrp=-115.327 occ(afterReserve)=20/20
  INIT_ATTACH_OK: UE(imsi)=197 -> cell=2
---- INIT_ATTACH t=92 UE(imsi)=200 ----
  INIT_ATTACH_FAIL_ALL_LOW_RSRP: UE(imsi)=200 bestRsrp=-143.178 < min=-120 (all cells below threshold) retryIn=2s
---- INIT_ATTACH t=92 UE(imsi)=203 ----
  INIT_ATTACH_FAIL_ALL_LOW_RSRP: UE(imsi)=203 bestRsrp=-149.899 < min=-120 (all cells below threshold) retryIn=2s
---- INIT_ATTACH t=92 UE(imsi)=214 ----
  INIT_ATTACH_FAIL_ALL_LOW_RSRP: UE(imsi)=214 bestRsrp=-138.23 < min=-120 (all cells below threshold) retryIn=2s
---- INIT_ATTACH t=92 UE(imsi)=220 ----
  INIT_ATTACH_FAIL_ALL_LOW_RSRP: UE(imsi)=220 bestRsrp=-147.446 < min=-120 (all cells below threshold) retryIn=2s
---- INIT_ATTACH t=92 UE(imsi)=230 ----
  INIT_ATTACH_FAIL_ALL_LOW_RSRP: UE(imsi)=230 bestRsrp=-134.209 < min=-120 (all cells below threshold) retryIn=2s
---- INIT_ATTACH t=92 UE(imsi)=231 ----
  INIT_ATTACH_FAIL_ALL_LOW_RSRP: UE(imsi)=231 bestRsrp=-133.446 < min=-120 (all cells below threshold) retryIn=2s
---- INIT_ATTACH t=92 UE(imsi)=233 ----
  INIT_ATTACH_FAIL_ALL_LOW_RSRP: UE(imsi)=233 bestRsrp=-141.413 < min=-120 (all cells below threshold) retryIn=2s
---- INIT_ATTACH t=92 UE(imsi)=237 ----
  candOK0 cell=12 rsrp=-108.189 occ=5/10 -> OK
  SELECT cell=12 rsrp=-108.189 occ(afterReserve)=6/10
  INIT_ATTACH_OK: UE(imsi)=237 -> cell=12
---- INIT_ATTACH t=92 UE(imsi)=240 ----
  INIT_ATTACH_FAIL_ALL_LOW_RSRP: UE(imsi)=240 bestRsrp=-135.581 < min=-120 (all cells below threshold) retryIn=2s
---- LOAD at t=92.5 ----
  cell 1 (TN) load=18/20
  cell 2 (TN) load=20/20
  cell 3 (TN) load=18/20
  cell 4 (TN) load=16/20
  cell 5 (TN) load=20/20
  cell 6 (TN) load=18/20
  cell 7 (TN) load=20/20
  cell 8 (TN) load=16/20
  cell 9 (NTN) load=6/10
  cell 10 (NTN) load=10/10
  cell 11 (NTN) load=10/10
  cell 12 (NTN) load=6/10
  cell 13 (NTN) load=8/10
  cell 14 (NTN) load=10/10
UE 15 TTT_WAIT target=6 elapsed=0s need=2s
UE 17 TTT_WAIT target=12 elapsed=0s need=2s
UE 18 TTT_WAIT target=4 elapsed=0s need=2s
UE 19 TTT_WAIT target=6 elapsed=0s need=2s
UE 20 TTT_WAIT target=6 elapsed=0s need=2s
LM HO UE=21 rnti=43 4->1 type=TN servingRsrp=-123.724 targetRsrp=-92.3636 targetLoadReal=18/20 targetLoadEff=18/20
UE 22 TTT_WAIT target=4 elapsed=0s need=2s
UE 23 TTT_WAIT target=12 elapsed=0s need=2s
UE 24 TTT_WAIT target=12 elapsed=0s need=2s
UE 25 TTT_WAIT target=3 elapsed=0s need=2s
UE 26 TTT_WAIT target=1 elapsed=0s need=2s
UE 27 TTT_WAIT target=4 elapsed=0s need=2s
UE 29 TTT_WAIT target=13 elapsed=0s need=2s
UE 31 TTT_WAIT target=6 elapsed=0s need=2s
UE 34 TTT_WAIT target=8 elapsed=0s need=2s
UE 35 TTT_WAIT target=6 elapsed=0s need=2s
UE 38 TTT_WAIT target=3 elapsed=0s need=2s
UE 40 TTT_WAIT target=13 elapsed=0s need=2s
UE 41 TTT_WAIT target=4 elapsed=0s need=2s
UE 44 TTT_WAIT target=8 elapsed=0s need=2s
UE 45 TTT_WAIT target=12 elapsed=0s need=2s
UE 46 TTT_WAIT target=3 elapsed=0s need=2s
UE 47 TTT_WAIT target=8 elapsed=0s need=2s
UE 48 TTT_WAIT target=3 elapsed=0s need=2s
UE 50 TTT_WAIT target=4 elapsed=0s need=2s
UE 52 TTT_WAIT target=13 elapsed=0s need=2s
UE 53 TTT_WAIT target=4 elapsed=0s need=2s
UE 54 TTT_WAIT target=13 elapsed=0s need=2s
UE 55 TTT_WAIT target=3 elapsed=0s need=2s
UE 58 TTT_WAIT target=1 elapsed=0s need=2s
UE 60 TTT_WAIT target=6 elapsed=0s need=2s
UE 62 TTT_WAIT target=1 elapsed=0s need=2s
LM HO_FAIL_LOW_RSRP UE=63 currCell=3 candCell=12 candRsrp=-126.658 < min=-120
UE 64 TTT_WAIT target=6 elapsed=0s need=2s
UE 66 TTT_WAIT target=12 elapsed=0s need=2s
UE 69 TTT_WAIT target=1 elapsed=0s need=2s
UE 71 TTT_WAIT target=13 elapsed=0s need=2s
UE 72 TTT_WAIT target=12 elapsed=0s need=2s
UE 73 TTT_WAIT target=3 elapsed=0s need=2s
UE 74 TTT_WAIT target=12 elapsed=0s need=2s
UE 76 TTT_WAIT target=9 elapsed=0s need=2s
UE 77 TTT_WAIT target=6 elapsed=0s need=2s
UE 79 TTT_WAIT target=6 elapsed=0s need=2s
UE 85 TTT_WAIT target=4 elapsed=0s need=2s
UE 88 TTT_WAIT target=8 elapsed=0s need=2s
UE 90 TTT_WAIT target=4 elapsed=0s need=2s
LM HO_FAIL_LOW_RSRP UE=91 currCell=8 candCell=13 candRsrp=-124.484 < min=-120
LM HO_FAIL_LOW_RSRP UE=93 currCell=6 candCell=9 candRsrp=-123.533 < min=-120
UE 95 TTT_WAIT target=1 elapsed=0s need=2s
UE 96 TTT_WAIT target=3 elapsed=0s need=2s
UE 99 TTT_WAIT target=1 elapsed=0s need=2s
LM HO UE=101 rnti=94 6->4 type=TN servingRsrp=-122.126 targetRsrp=-66.7679 targetLoadReal=16/20 targetLoadEff=16/20
UE 102 TTT_WAIT target=1 elapsed=0s need=2s
LM HO UE=103 rnti=83 5->4 type=TN servingRsrp=-86.2288 targetRsrp=-79.3774 targetLoadReal=16/20 targetLoadEff=17/20
UE 108 TTT_WAIT target=3 elapsed=0s need=2s
UE 109 TTT_WAIT target=1 elapsed=0s need=2s
LM HO_FAIL_LOW_RSRP UE=110 currCell=14 candCell=9 candRsrp=-134.057 < min=-120
UE 111 TTT_WAIT target=3 elapsed=0s need=2s
UE 112 TTT_WAIT target=9 elapsed=0s need=2s
UE 113 TTT_WAIT target=12 elapsed=0s need=2s
UE 115 TTT_WAIT target=3 elapsed=0s need=2s
LM HO UE=118 rnti=115 1->6 type=TN servingRsrp=-122.405 targetRsrp=-89.4428 targetLoadReal=18/20 targetLoadEff=18/20
UE 121 TTT_WAIT target=3 elapsed=0s need=2s
UE 122 TTT_WAIT target=4 elapsed=0s need=2s
UE 124 TTT_WAIT target=3 elapsed=0s need=2s
UE 127 TTT_WAIT target=13 elapsed=0s need=2s
LM HO UE=128 rnti=129 2->12 type=NTN servingRsrp=-97.6783 targetRsrp=-89.1089 targetLoadReal=6/10 targetLoadEff=6/10
UE 130 TTT_WAIT target=3 elapsed=0s need=2s
UE 131 TTT_WAIT target=3 elapsed=0s need=2s
UE 140 TTT_WAIT target=1 elapsed=0s need=2s
UE 143 TTT_WAIT target=3 elapsed=0s need=2s
UE 146 TTT_WAIT target=1 elapsed=0s need=2s
UE 147 TTT_WAIT target=3 elapsed=0s need=2s
UE 149 TTT_WAIT target=6 elapsed=0s need=2s
UE 150 TTT_WAIT target=6 elapsed=0s need=2s
UE 151 TTT_WAIT target=9 elapsed=0s need=2s
UE 153 TTT_WAIT target=4 elapsed=0s need=2s
UE 155 TTT_WAIT target=1 elapsed=0s need=2s
UE 157 TTT_WAIT target=12 elapsed=0s need=2s
UE 158 TTT_WAIT target=8 elapsed=0s need=2s
UE 159 TTT_WAIT target=8 elapsed=0s need=2s
UE 160 TTT_WAIT target=6 elapsed=0s need=2s
UE 164 TTT_WAIT target=1 elapsed=0s need=2s
UE 165 TTT_WAIT target=9 elapsed=0s need=2s
UE 166 TTT_WAIT target=9 elapsed=0s need=2s
LM HO UE=167 rnti=16 4->9 type=NTN servingRsrp=-113.988 targetRsrp=-101.584 targetLoadReal=6/10 targetLoadEff=6/10
UE 175 TTT_WAIT target=1 elapsed=0s need=2s
UE 176 TTT_WAIT target=4 elapsed=0s need=2s
UE 178 TTT_WAIT target=4 elapsed=0s need=2s
UE 180 TTT_WAIT target=13 elapsed=0s need=2s
UE 182 TTT_WAIT target=9 elapsed=0s need=2s
UE 188 TTT_WAIT target=1 elapsed=0s need=2s
UE 190 TTT_WAIT target=8 elapsed=0s need=2s
LM HO UE=191 rnti=61 12->6 type=TN servingRsrp=-108.083 targetRsrp=-89.0102 targetLoadReal=18/20 targetLoadEff=19/20
UE 193 TTT_WAIT target=4 elapsed=0s need=2s
UE 194 TTT_WAIT target=1 elapsed=0s need=2s
UE 201 TTT_WAIT target=1 elapsed=0s need=2s
UE 204 TTT_WAIT target=8 elapsed=0s need=2s
LM HO_FAIL_LOW_RSRP UE=205 currCell=7 candCell=8 candRsrp=-121.687 < min=-120
UE 206 TTT_WAIT target=3 elapsed=0s need=2s
UE 208 TTT_WAIT target=8 elapsed=0s need=2s
LM HO UE=209 rnti=38 5->8 type=TN servingRsrp=-112.574 targetRsrp=-96.6068 targetLoadReal=16/20 targetLoadEff=16/20
UE 210 TTT_WAIT target=4 elapsed=0s need=2s
UE 211 TTT_WAIT target=3 elapsed=0s need=2s
LM HO UE=212 rnti=31 14->9 type=NTN servingRsrp=-125.262 targetRsrp=-112.163 targetLoadReal=6/10 targetLoadEff=7/10
UE 213 TTT_WAIT target=4 elapsed=0s need=2s
UE 214 TTT_WAIT target=1 elapsed=0s need=2s
UE 216 TTT_WAIT target=4 elapsed=0s need=2s
UE 217 TTT_WAIT target=3 elapsed=0s need=2s
UE 219 TTT_WAIT target=3 elapsed=0s need=2s
UE 220 TTT_WAIT target=4 elapsed=0s need=2s
UE 222 TTT_WAIT target=1 elapsed=0s need=2s
UE 224 TTT_WAIT target=1 elapsed=0s need=2s
UE 225 TTT_WAIT target=8 elapsed=0s need=2s
UE 230 TTT_WAIT target=1 elapsed=0s need=2s
UE 231 TTT_WAIT target=4 elapsed=0s need=2s
UE 234 TTT_WAIT target=1 elapsed=0s need=2s
UE 237 TTT_WAIT target=8 elapsed=0s need=2s
UE 239 TTT_WAIT target=3 elapsed=0s need=2s
UE 240 TTT_WAIT target=1 elapsed=0s need=2s
UE 241 TTT_WAIT target=4 elapsed=0s need=2s
UE 242 TTT_WAIT target=8 elapsed=0s need=2s
UE 243 TTT_WAIT target=1 elapsed=0s need=2s
UE 244 TTT_WAIT target=12 elapsed=0s need=2s
---- INIT_ATTACH t=94 UE(imsi)=16 ----
  INIT_ATTACH_FAIL_ALL_LOW_RSRP: UE(imsi)=16 bestRsrp=-134.941 < min=-120 (all cells below threshold) retryIn=2s
---- INIT_ATTACH t=94 UE(imsi)=20 ----
  INIT_ATTACH_FAIL_ALL_LOW_RSRP: UE(imsi)=20 bestRsrp=-145.629 < min=-120 (all cells below threshold) retryIn=2s
---- INIT_ATTACH t=94 UE(imsi)=23 ----
  INIT_ATTACH_FAIL_ALL_LOW_RSRP: UE(imsi)=23 bestRsrp=-138.815 < min=-120 (all cells below threshold) retryIn=2s
---- INIT_ATTACH t=94 UE(imsi)=26 ----
  INIT_ATTACH_FAIL_ALL_LOW_RSRP: UE(imsi)=26 bestRsrp=-144.105 < min=-120 (all cells below threshold) retryIn=2s
---- INIT_ATTACH t=94 UE(imsi)=29 ----
  INIT_ATTACH_FAIL_ALL_LOW_RSRP: UE(imsi)=29 bestRsrp=-147.209 < min=-120 (all cells below threshold) retryIn=2s
---- INIT_ATTACH t=94 UE(imsi)=36 ----
  INIT_ATTACH_FAIL_ALL_LOW_RSRP: UE(imsi)=36 bestRsrp=-134.96 < min=-120 (all cells below threshold) retryIn=2s
---- INIT_ATTACH t=94 UE(imsi)=38 ----
  INIT_ATTACH_FAIL_ALL_LOW_RSRP: UE(imsi)=38 bestRsrp=-146.045 < min=-120 (all cells below threshold) retryIn=2s
---- INIT_ATTACH t=94 UE(imsi)=54 ----
  INIT_ATTACH_FAIL_ALL_LOW_RSRP: UE(imsi)=54 bestRsrp=-136.178 < min=-120 (all cells below threshold) retryIn=2s
---- INIT_ATTACH t=94 UE(imsi)=55 ----
  INIT_ATTACH_FAIL_ALL_LOW_RSRP: UE(imsi)=55 bestRsrp=-152.951 < min=-120 (all cells below threshold) retryIn=2s
---- INIT_ATTACH t=94 UE(imsi)=61 ----
  INIT_ATTACH_FAIL_ALL_LOW_RSRP: UE(imsi)=61 bestRsrp=-133.947 < min=-120 (all cells below threshold) retryIn=2s
---- INIT_ATTACH t=94 UE(imsi)=68 ----
  INIT_ATTACH_FAIL_ALL_LOW_RSRP: UE(imsi)=68 bestRsrp=-131.002 < min=-120 (all cells below threshold) retryIn=2s
---- INIT_ATTACH t=94 UE(imsi)=73 ----
  INIT_ATTACH_FAIL_ALL_LOW_RSRP: UE(imsi)=73 bestRsrp=-138.235 < min=-120 (all cells below threshold) retryIn=2s
---- INIT_ATTACH t=94 UE(imsi)=76 ----
  INIT_ATTACH_FAIL_ALL_LOW_RSRP: UE(imsi)=76 bestRsrp=-134.668 < min=-120 (all cells below threshold) retryIn=2s
---- INIT_ATTACH t=94 UE(imsi)=81 ----
  INIT_ATTACH_FAIL_ALL_LOW_RSRP: UE(imsi)=81 bestRsrp=-139.594 < min=-120 (all cells below threshold) retryIn=2s
---- INIT_ATTACH t=94 UE(imsi)=116 ----
  INIT_ATTACH_FAIL_ALL_LOW_RSRP: UE(imsi)=116 bestRsrp=-147.427 < min=-120 (all cells below threshold) retryIn=2s
---- INIT_ATTACH t=94 UE(imsi)=120 ----
  INIT_ATTACH_FAIL_ALL_LOW_RSRP: UE(imsi)=120 bestRsrp=-138.286 < min=-120 (all cells below threshold) retryIn=2s
---- INIT_ATTACH t=94 UE(imsi)=122 ----
  INIT_ATTACH_FAIL_ALL_LOW_RSRP: UE(imsi)=122 bestRsrp=-147.441 < min=-120 (all cells below threshold) retryIn=2s
---- INIT_ATTACH t=94 UE(imsi)=144 ----
  INIT_ATTACH_FAIL_ALL_LOW_RSRP: UE(imsi)=144 bestRsrp=-144.802 < min=-120 (all cells below threshold) retryIn=2s
---- INIT_ATTACH t=94 UE(imsi)=146 ----
  candOK0 cell=10 rsrp=-111.4 occ=10/10 -> SKIP_FULL
  INIT_ATTACH_FAIL_ALL_FULL: UE(imsi)=146 rsrpOk=1 (all RSRP>=min but full or invalid) retryIn=2s
---- INIT_ATTACH t=94 UE(imsi)=151 ----
  INIT_ATTACH_FAIL_ALL_LOW_RSRP: UE(imsi)=151 bestRsrp=-143.941 < min=-120 (all cells below threshold) retryIn=2s
---- INIT_ATTACH t=94 UE(imsi)=165 ----
  INIT_ATTACH_FAIL_ALL_LOW_RSRP: UE(imsi)=165 bestRsrp=-138.1 < min=-120 (all cells below threshold) retryIn=2s
---- INIT_ATTACH t=94 UE(imsi)=171 ----
  INIT_ATTACH_FAIL_ALL_LOW_RSRP: UE(imsi)=171 bestRsrp=-147.226 < min=-120 (all cells below threshold) retryIn=2s
---- INIT_ATTACH t=94 UE(imsi)=179 ----
  INIT_ATTACH_FAIL_ALL_LOW_RSRP: UE(imsi)=179 bestRsrp=-141.206 < min=-120 (all cells below threshold) retryIn=2s
---- INIT_ATTACH t=94 UE(imsi)=181 ----
  INIT_ATTACH_FAIL_ALL_LOW_RSRP: UE(imsi)=181 bestRsrp=-137.382 < min=-120 (all cells below threshold) retryIn=2s
---- INIT_ATTACH t=94 UE(imsi)=192 ----
  INIT_ATTACH_FAIL_ALL_LOW_RSRP: UE(imsi)=192 bestRsrp=-146.797 < min=-120 (all cells below threshold) retryIn=2s
---- INIT_ATTACH t=94 UE(imsi)=195 ----
  INIT_ATTACH_FAIL_ALL_LOW_RSRP: UE(imsi)=195 bestRsrp=-141.519 < min=-120 (all cells below threshold) retryIn=2s
---- INIT_ATTACH t=94 UE(imsi)=200 ----
  INIT_ATTACH_FAIL_ALL_LOW_RSRP: UE(imsi)=200 bestRsrp=-140.633 < min=-120 (all cells below threshold) retryIn=2s
---- INIT_ATTACH t=94 UE(imsi)=203 ----
  INIT_ATTACH_FAIL_ALL_LOW_RSRP: UE(imsi)=203 bestRsrp=-147.737 < min=-120 (all cells below threshold) retryIn=2s
---- INIT_ATTACH t=94 UE(imsi)=214 ----
  INIT_ATTACH_FAIL_ALL_LOW_RSRP: UE(imsi)=214 bestRsrp=-140.346 < min=-120 (all cells below threshold) retryIn=2s
---- INIT_ATTACH t=94 UE(imsi)=220 ----
  INIT_ATTACH_FAIL_ALL_LOW_RSRP: UE(imsi)=220 bestRsrp=-148.015 < min=-120 (all cells below threshold) retryIn=2s
---- INIT_ATTACH t=94 UE(imsi)=230 ----
  INIT_ATTACH_FAIL_ALL_LOW_RSRP: UE(imsi)=230 bestRsrp=-136.338 < min=-120 (all cells below threshold) retryIn=2s
---- INIT_ATTACH t=94 UE(imsi)=231 ----
  INIT_ATTACH_FAIL_ALL_LOW_RSRP: UE(imsi)=231 bestRsrp=-133.496 < min=-120 (all cells below threshold) retryIn=2s
---- INIT_ATTACH t=94 UE(imsi)=233 ----
  INIT_ATTACH_FAIL_ALL_LOW_RSRP: UE(imsi)=233 bestRsrp=-142.803 < min=-120 (all cells below threshold) retryIn=2s
---- INIT_ATTACH t=94 UE(imsi)=240 ----
  INIT_ATTACH_FAIL_ALL_LOW_RSRP: UE(imsi)=240 bestRsrp=-138.913 < min=-120 (all cells below threshold) retryIn=2s
---- INIT_ATTACH t=96 UE(imsi)=16 ----
  INIT_ATTACH_FAIL_ALL_LOW_RSRP: UE(imsi)=16 bestRsrp=-135.499 < min=-120 (all cells below threshold) retryIn=2s
---- INIT_ATTACH t=96 UE(imsi)=20 ----
  INIT_ATTACH_FAIL_ALL_LOW_RSRP: UE(imsi)=20 bestRsrp=-146.297 < min=-120 (all cells below threshold) retryIn=2s
---- INIT_ATTACH t=96 UE(imsi)=23 ----
  INIT_ATTACH_FAIL_ALL_LOW_RSRP: UE(imsi)=23 bestRsrp=-139.763 < min=-120 (all cells below threshold) retryIn=2s
---- INIT_ATTACH t=96 UE(imsi)=26 ----
  candOK0 cell=14 rsrp=-112.131 occ=9/10 -> OK
  SELECT cell=14 rsrp=-112.131 occ(afterReserve)=10/10
  INIT_ATTACH_OK: UE(imsi)=26 -> cell=14
---- INIT_ATTACH t=96 UE(imsi)=29 ----
  INIT_ATTACH_FAIL_ALL_LOW_RSRP: UE(imsi)=29 bestRsrp=-148.794 < min=-120 (all cells below threshold) retryIn=2s
---- INIT_ATTACH t=96 UE(imsi)=36 ----
  INIT_ATTACH_FAIL_ALL_LOW_RSRP: UE(imsi)=36 bestRsrp=-136.857 < min=-120 (all cells below threshold) retryIn=2s
---- INIT_ATTACH t=96 UE(imsi)=38 ----
  INIT_ATTACH_FAIL_ALL_LOW_RSRP: UE(imsi)=38 bestRsrp=-141.798 < min=-120 (all cells below threshold) retryIn=2s
---- INIT_ATTACH t=96 UE(imsi)=54 ----
  INIT_ATTACH_FAIL_ALL_LOW_RSRP: UE(imsi)=54 bestRsrp=-136.214 < min=-120 (all cells below threshold) retryIn=2s
---- INIT_ATTACH t=96 UE(imsi)=55 ----
  INIT_ATTACH_FAIL_ALL_LOW_RSRP: UE(imsi)=55 bestRsrp=-123.358 < min=-120 (all cells below threshold) retryIn=2s
---- INIT_ATTACH t=96 UE(imsi)=61 ----
  INIT_ATTACH_FAIL_ALL_LOW_RSRP: UE(imsi)=61 bestRsrp=-133.008 < min=-120 (all cells below threshold) retryIn=2s
---- INIT_ATTACH t=96 UE(imsi)=68 ----
  INIT_ATTACH_FAIL_ALL_LOW_RSRP: UE(imsi)=68 bestRsrp=-129.601 < min=-120 (all cells below threshold) retryIn=2s
---- INIT_ATTACH t=96 UE(imsi)=73 ----
  INIT_ATTACH_FAIL_ALL_LOW_RSRP: UE(imsi)=73 bestRsrp=-132.291 < min=-120 (all cells below threshold) retryIn=2s
---- INIT_ATTACH t=96 UE(imsi)=76 ----
  candOK0 cell=13 rsrp=-119.454 occ=8/10 -> OK
  SELECT cell=13 rsrp=-119.454 occ(afterReserve)=9/10
  INIT_ATTACH_OK: UE(imsi)=76 -> cell=13
---- INIT_ATTACH t=96 UE(imsi)=81 ----
  INIT_ATTACH_FAIL_ALL_LOW_RSRP: UE(imsi)=81 bestRsrp=-139.915 < min=-120 (all cells below threshold) retryIn=2s
---- INIT_ATTACH t=96 UE(imsi)=116 ----
  INIT_ATTACH_FAIL_ALL_LOW_RSRP: UE(imsi)=116 bestRsrp=-145.668 < min=-120 (all cells below threshold) retryIn=2s
---- INIT_ATTACH t=96 UE(imsi)=120 ----
  INIT_ATTACH_FAIL_ALL_LOW_RSRP: UE(imsi)=120 bestRsrp=-138.735 < min=-120 (all cells below threshold) retryIn=2s
---- INIT_ATTACH t=96 UE(imsi)=122 ----
  INIT_ATTACH_FAIL_ALL_LOW_RSRP: UE(imsi)=122 bestRsrp=-147.33 < min=-120 (all cells below threshold) retryIn=2s
---- INIT_ATTACH t=96 UE(imsi)=144 ----
  INIT_ATTACH_FAIL_ALL_LOW_RSRP: UE(imsi)=144 bestRsrp=-147.34 < min=-120 (all cells below threshold) retryIn=2s
---- INIT_ATTACH t=96 UE(imsi)=146 ----
  INIT_ATTACH_FAIL_ALL_LOW_RSRP: UE(imsi)=146 bestRsrp=-124.048 < min=-120 (all cells below threshold) retryIn=2s
---- INIT_ATTACH t=96 UE(imsi)=151 ----
  INIT_ATTACH_FAIL_ALL_LOW_RSRP: UE(imsi)=151 bestRsrp=-144.384 < min=-120 (all cells below threshold) retryIn=2s
---- INIT_ATTACH t=96 UE(imsi)=165 ----
  INIT_ATTACH_FAIL_ALL_LOW_RSRP: UE(imsi)=165 bestRsrp=-139.5 < min=-120 (all cells below threshold) retryIn=2s
---- INIT_ATTACH t=96 UE(imsi)=171 ----
  INIT_ATTACH_FAIL_ALL_LOW_RSRP: UE(imsi)=171 bestRsrp=-148.53 < min=-120 (all cells below threshold) retryIn=2s
---- INIT_ATTACH t=96 UE(imsi)=179 ----
  INIT_ATTACH_FAIL_ALL_LOW_RSRP: UE(imsi)=179 bestRsrp=-142.433 < min=-120 (all cells below threshold) retryIn=2s
---- INIT_ATTACH t=96 UE(imsi)=181 ----
  INIT_ATTACH_FAIL_ALL_LOW_RSRP: UE(imsi)=181 bestRsrp=-138.092 < min=-120 (all cells below threshold) retryIn=2s
---- INIT_ATTACH t=96 UE(imsi)=192 ----
  INIT_ATTACH_FAIL_ALL_LOW_RSRP: UE(imsi)=192 bestRsrp=-148.925 < min=-120 (all cells below threshold) retryIn=2s
---- INIT_ATTACH t=96 UE(imsi)=195 ----
  INIT_ATTACH_FAIL_ALL_LOW_RSRP: UE(imsi)=195 bestRsrp=-140.949 < min=-120 (all cells below threshold) retryIn=2s
---- INIT_ATTACH t=96 UE(imsi)=200 ----
  INIT_ATTACH_FAIL_ALL_LOW_RSRP: UE(imsi)=200 bestRsrp=-140.487 < min=-120 (all cells below threshold) retryIn=2s
---- INIT_ATTACH t=96 UE(imsi)=203 ----
  INIT_ATTACH_FAIL_ALL_LOW_RSRP: UE(imsi)=203 bestRsrp=-132.258 < min=-120 (all cells below threshold) retryIn=2s
---- INIT_ATTACH t=96 UE(imsi)=214 ----
  INIT_ATTACH_FAIL_ALL_LOW_RSRP: UE(imsi)=214 bestRsrp=-139.195 < min=-120 (all cells below threshold) retryIn=2s
---- INIT_ATTACH t=96 UE(imsi)=220 ----
  INIT_ATTACH_FAIL_ALL_LOW_RSRP: UE(imsi)=220 bestRsrp=-148.024 < min=-120 (all cells below threshold) retryIn=2s
---- INIT_ATTACH t=96 UE(imsi)=230 ----
  INIT_ATTACH_FAIL_ALL_LOW_RSRP: UE(imsi)=230 bestRsrp=-135.88 < min=-120 (all cells below threshold) retryIn=2s
---- INIT_ATTACH t=96 UE(imsi)=231 ----
  INIT_ATTACH_FAIL_ALL_LOW_RSRP: UE(imsi)=231 bestRsrp=-134.269 < min=-120 (all cells below threshold) retryIn=2s
---- INIT_ATTACH t=96 UE(imsi)=233 ----
  INIT_ATTACH_FAIL_ALL_LOW_RSRP: UE(imsi)=233 bestRsrp=-144.257 < min=-120 (all cells below threshold) retryIn=2s
---- INIT_ATTACH t=96 UE(imsi)=240 ----
  INIT_ATTACH_FAIL_ALL_LOW_RSRP: UE(imsi)=240 bestRsrp=-138.629 < min=-120 (all cells below threshold) retryIn=2s
---- LOAD at t=97.5 ----
  cell 1 (TN) load=18/20
  cell 2 (TN) load=19/20
  cell 3 (TN) load=18/20
  cell 4 (TN) load=16/20
  cell 5 (TN) load=18/20
  cell 6 (TN) load=19/20
  cell 7 (TN) load=20/20
  cell 8 (TN) load=17/20
  cell 9 (NTN) load=8/10
  cell 10 (NTN) load=10/10
  cell 11 (NTN) load=10/10
  cell 12 (NTN) load=6/10
  cell 13 (NTN) load=9/10
  cell 14 (NTN) load=10/10
UE 16 TTT_WAIT target=1 elapsed=0s need=2s
UE 17 TTT_WAIT target=4 elapsed=0s need=2s
UE 18 TTT_WAIT target=1 elapsed=0s need=2s
UE 19 TTT_WAIT target=5 elapsed=0s need=2s
UE 20 TTT_WAIT target=2 elapsed=0s need=2s
UE 21 TTT_WAIT target=2 elapsed=0s need=2s
LM HO UE=22 rnti=128 11->4 type=TN servingRsrp=-112.499 targetRsrp=-105.923 targetLoadReal=16/20 targetLoadEff=16/20
UE 23 TTT_WAIT target=1 elapsed=0s need=2s
UE 24 TTT_WAIT target=13 elapsed=0s need=2s
LM HO UE=26 rnti=76 3->1 type=TN servingRsrp=-124.01 targetRsrp=-88.5567 targetLoadReal=18/20 targetLoadEff=18/20
UE 27 TTT_WAIT target=12 elapsed=0s need=2s
UE 28 TTT_WAIT target=9 elapsed=0s need=2s
UE 29 TTT_WAIT target=3 elapsed=0s need=2s
LM HO UE=31 rnti=116 1->6 type=TN servingRsrp=-112.493 targetRsrp=-67.5664 targetLoadReal=19/20 targetLoadEff=19/20
LM HO UE=34 rnti=112 2->8 type=TN servingRsrp=-103.985 targetRsrp=-90.8369 targetLoadReal=17/20 targetLoadEff=17/20
UE 35 TTT_WAIT target=12 elapsed=0s need=2s
UE 36 TTT_WAIT target=1 elapsed=0s need=2s
UE 39 TTT_WAIT target=3 elapsed=0s need=2s
UE 40 TTT_WAIT target=1 elapsed=0s need=2s
UE 41 TTT_WAIT target=5 elapsed=0s need=2s
LM HO_FAIL_LOW_RSRP UE=42 currCell=3 candCell=5 candRsrp=-120.676 < min=-120
UE 43 TTT_WAIT target=5 elapsed=0s need=2s
LM HO UE=44 rnti=88 6->8 type=TN servingRsrp=-127.921 targetRsrp=-104.347 targetLoadReal=17/20 targetLoadEff=18/20
UE 47 TTT_WAIT target=4 elapsed=0s need=2s
UE 49 TTT_WAIT target=8 elapsed=0s need=2s
UE 50 TTT_WAIT target=2 elapsed=0s need=2s
UE 52 TTT_WAIT target=2 elapsed=0s need=2s
UE 54 TTT_WAIT target=9 elapsed=0s need=2s
UE 55 TTT_WAIT target=1 elapsed=0s need=2s
UE 56 TTT_WAIT target=1 elapsed=0s need=2s
LM HO_FAIL_LOW_RSRP UE=60 currCell=14 candCell=12 candRsrp=-124.336 < min=-120
UE 63 TTT_WAIT target=2 elapsed=0s need=2s
UE 64 TTT_WAIT target=1 elapsed=0s need=2s
UE 66 TTT_WAIT target=3 elapsed=0s need=2s
UE 68 TTT_WAIT target=9 elapsed=0s need=2s
LM HO_FAIL_LOW_RSRP UE=69 currCell=2 candCell=9 candRsrp=-124.919 < min=-120
UE 70 TTT_WAIT target=4 elapsed=0s need=2s
UE 71 TTT_WAIT target=4 elapsed=0s need=2s
UE 72 TTT_WAIT target=1 elapsed=0s need=2s
UE 73 TTT_WAIT target=2 elapsed=0s need=2s
UE 74 TTT_WAIT target=4 elapsed=0s need=2s
UE 76 TTT_WAIT target=1 elapsed=0s need=2s
UE 77 TTT_WAIT target=8 elapsed=0s need=2s
UE 79 TTT_WAIT target=13 elapsed=0s need=2s
UE 83 TTT_WAIT target=4 elapsed=0s need=2s
UE 84 TTT_WAIT target=1 elapsed=0s need=2s
LM HO_FAIL_LOW_RSRP UE=85 currCell=5 candCell=12 candRsrp=-128.651 < min=-120
UE 90 TTT_WAIT target=5 elapsed=0s need=2s
UE 91 TTT_WAIT target=4 elapsed=0s need=2s
UE 92 TTT_WAIT target=8 elapsed=0s need=2s
UE 93 TTT_WAIT target=4 elapsed=0s need=2s
LM HO UE=95 rnti=36 8->1 type=TN servingRsrp=-101.471 targetRsrp=-97.9294 targetLoadReal=18/20 targetLoadEff=19/20
LM HO UE=96 rnti=40 4->3 type=TN servingRsrp=-117.314 targetRsrp=-114.511 targetLoadReal=18/20 targetLoadEff=18/20
UE 97 TTT_WAIT target=13 elapsed=0s need=2s
UE 98 TTT_WAIT target=3 elapsed=0s need=2s
LM HO_FAIL_LOW_RSRP UE=99 currCell=4 candCell=13 candRsrp=-126.604 < min=-120
UE 101 TTT_WAIT target=8 elapsed=0s need=2s
UE 102 TTT_WAIT target=3 elapsed=0s need=2s
UE 104 TTT_WAIT target=3 elapsed=0s need=2s
UE 105 TTT_WAIT target=5 elapsed=0s need=2s
UE 107 TTT_WAIT target=4 elapsed=0s need=2s
UE 109 TTT_WAIT target=5 elapsed=0s need=2s
UE 112 TTT_WAIT target=2 elapsed=0s need=2s
LM HO UE=113 rnti=162 5->12 type=NTN servingRsrp=-118.993 targetRsrp=-88.2234 targetLoadReal=6/10 targetLoadEff=6/10
UE 114 TTT_WAIT target=3 elapsed=0s need=2s
UE 118 TTT_WAIT target=3 elapsed=0s need=2s
UE 120 TTT_WAIT target=3 elapsed=0s need=2s
LM HO UE=121 rnti=45 11->3 type=TN servingRsrp=-92.5815 targetRsrp=-85.455 targetLoadReal=18/20 targetLoadEff=19/20
UE 123 TTT_WAIT target=5 elapsed=0s need=2s
UE 124 TTT_WAIT target=2 elapsed=0s need=2s
LM HO_FAIL_LOW_RSRP UE=125 currCell=4 candCell=9 candRsrp=-133.345 < min=-120
UE 128 TTT_WAIT target=5 elapsed=0s need=2s
UE 129 TTT_WAIT target=12 elapsed=0s need=2s
UE 130 TTT_WAIT target=2 elapsed=0s need=2s
UE 131 TTT_WAIT target=5 elapsed=0s need=2s
UE 134 TTT_WAIT target=2 elapsed=0s need=2s
UE 137 TTT_WAIT target=13 elapsed=0s need=2s
UE 138 TTT_WAIT target=4 elapsed=0s need=2s
UE 140 TTT_WAIT target=9 elapsed=0s need=2s
UE 144 TTT_WAIT target=9 elapsed=0s need=2s
UE 147 TTT_WAIT target=5 elapsed=0s need=2s
UE 149 TTT_WAIT target=2 elapsed=0s need=2s
UE 150 TTT_WAIT target=5 elapsed=0s need=2s
UE 151 TTT_WAIT target=13 elapsed=0s need=2s
UE 155 TTT_WAIT target=2 elapsed=0s need=2s
UE 156 TTT_WAIT target=4 elapsed=0s need=2s
UE 157 TTT_WAIT target=5 elapsed=0s need=2s
LM HO UE=158 rnti=105 1->8 type=TN servingRsrp=-116.561 targetRsrp=-85.0999 targetLoadReal=17/20 targetLoadEff=19/20
UE 160 TTT_WAIT target=9 elapsed=0s need=2s
UE 162 TTT_WAIT target=4 elapsed=0s need=2s
UE 163 TTT_WAIT target=4 elapsed=0s need=2s
UE 165 TTT_WAIT target=4 elapsed=0s need=2s
UE 166 TTT_WAIT target=12 elapsed=0s need=2s
UE 167 TTT_WAIT target=13 elapsed=0s need=2s
UE 169 TTT_WAIT target=5 elapsed=0s need=2s
UE 172 TTT_WAIT target=9 elapsed=0s need=2s
UE 173 TTT_WAIT target=2 elapsed=0s need=2s
UE 174 TTT_WAIT target=4 elapsed=0s need=2s
UE 175 TTT_WAIT target=4 elapsed=0s need=2s
UE 178 TTT_WAIT target=2 elapsed=0s need=2s
UE 179 TTT_WAIT target=13 elapsed=0s need=2s
UE 181 TTT_WAIT target=13 elapsed=0s need=2s
LM HO UE=182 rnti=32 4->9 type=NTN servingRsrp=-117.077 targetRsrp=-90.0369 targetLoadReal=8/10 targetLoadEff=8/10
UE 186 TTT_WAIT target=13 elapsed=0s need=2s
UE 188 TTT_WAIT target=4 elapsed=0s need=2s
UE 191 TTT_WAIT target=2 elapsed=0s need=2s
UE 192 TTT_WAIT target=9 elapsed=0s need=2s
LM HO_FAIL_LOW_RSRP UE=193 currCell=13 candCell=9 candRsrp=-124.884 < min=-120
LM HO_FAIL_LOW_RSRP UE=194 currCell=6 candCell=9 candRsrp=-125.651 < min=-120
UE 199 TTT_WAIT target=5 elapsed=0s need=2s
UE 200 TTT_WAIT target=2 elapsed=0s need=2s
UE 201 TTT_WAIT target=4 elapsed=0s need=2s
UE 203 TTT_WAIT target=2 elapsed=0s need=2s
UE 204 TTT_WAIT target=4 elapsed=0s need=2s
LM HO_FAIL_LOW_RSRP UE=206 currCell=5 candCell=12 candRsrp=-126.979 < min=-120
UE 209 TTT_WAIT target=5 elapsed=0s need=2s
LM HO UE=210 rnti=68 3->4 type=TN servingRsrp=-116.384 targetRsrp=-78.4377 targetLoadReal=16/20 targetLoadEff=17/20
UE 212 TTT_WAIT target=12 elapsed=0s need=2s
UE 216 TTT_WAIT target=2 elapsed=0s need=2s
UE 218 TTT_WAIT target=12 elapsed=0s need=2s
UE 219 TTT_WAIT target=2 elapsed=0s need=2s
UE 220 TTT_WAIT target=5 elapsed=0s need=2s
UE 222 TTT_WAIT target=5 elapsed=0s need=2s
UE 223 TTT_WAIT target=5 elapsed=0s need=2s
LM HO_FAIL_LOW_RSRP UE=224 currCell=6 candCell=2 candRsrp=-120.66 < min=-120
UE 225 TTT_WAIT target=5 elapsed=0s need=2s
UE 228 TTT_WAIT target=2 elapsed=0s need=2s
UE 231 TTT_WAIT target=2 elapsed=0s need=2s
UE 235 TTT_WAIT target=2 elapsed=0s need=2s
UE 239 TTT_WAIT target=2 elapsed=0s need=2s
UE 240 TTT_WAIT target=4 elapsed=0s need=2s
UE 243 TTT_WAIT target=5 elapsed=0s need=2s
---- INIT_ATTACH t=98 UE(imsi)=16 ----
  INIT_ATTACH_FAIL_ALL_LOW_RSRP: UE(imsi)=16 bestRsrp=-136.438 < min=-120 (all cells below threshold) retryIn=2s
---- INIT_ATTACH t=98 UE(imsi)=20 ----
  INIT_ATTACH_FAIL_ALL_LOW_RSRP: UE(imsi)=20 bestRsrp=-143.231 < min=-120 (all cells below threshold) retryIn=2s
---- INIT_ATTACH t=98 UE(imsi)=23 ----
  INIT_ATTACH_FAIL_ALL_LOW_RSRP: UE(imsi)=23 bestRsrp=-140.376 < min=-120 (all cells below threshold) retryIn=2s
---- INIT_ATTACH t=98 UE(imsi)=29 ----
  INIT_ATTACH_FAIL_ALL_LOW_RSRP: UE(imsi)=29 bestRsrp=-148.203 < min=-120 (all cells below threshold) retryIn=2s
---- INIT_ATTACH t=98 UE(imsi)=36 ----
  INIT_ATTACH_FAIL_ALL_LOW_RSRP: UE(imsi)=36 bestRsrp=-135.787 < min=-120 (all cells below threshold) retryIn=2s
---- INIT_ATTACH t=98 UE(imsi)=38 ----
  INIT_ATTACH_FAIL_ALL_LOW_RSRP: UE(imsi)=38 bestRsrp=-145.036 < min=-120 (all cells below threshold) retryIn=2s
---- INIT_ATTACH t=98 UE(imsi)=54 ----
  INIT_ATTACH_FAIL_ALL_LOW_RSRP: UE(imsi)=54 bestRsrp=-136.174 < min=-120 (all cells below threshold) retryIn=2s
---- INIT_ATTACH t=98 UE(imsi)=55 ----
  INIT_ATTACH_FAIL_ALL_LOW_RSRP: UE(imsi)=55 bestRsrp=-151.651 < min=-120 (all cells below threshold) retryIn=2s
---- INIT_ATTACH t=98 UE(imsi)=61 ----
  INIT_ATTACH_FAIL_ALL_LOW_RSRP: UE(imsi)=61 bestRsrp=-133.066 < min=-120 (all cells below threshold) retryIn=2s
---- INIT_ATTACH t=98 UE(imsi)=68 ----
  INIT_ATTACH_FAIL_ALL_LOW_RSRP: UE(imsi)=68 bestRsrp=-133.321 < min=-120 (all cells below threshold) retryIn=2s
---- INIT_ATTACH t=98 UE(imsi)=73 ----
  INIT_ATTACH_FAIL_ALL_LOW_RSRP: UE(imsi)=73 bestRsrp=-139.252 < min=-120 (all cells below threshold) retryIn=2s
---- INIT_ATTACH t=98 UE(imsi)=81 ----
  INIT_ATTACH_FAIL_ALL_LOW_RSRP: UE(imsi)=81 bestRsrp=-138.296 < min=-120 (all cells below threshold) retryIn=2s
---- INIT_ATTACH t=98 UE(imsi)=116 ----
  INIT_ATTACH_FAIL_ALL_LOW_RSRP: UE(imsi)=116 bestRsrp=-146.395 < min=-120 (all cells below threshold) retryIn=2s
---- INIT_ATTACH t=98 UE(imsi)=120 ----
  INIT_ATTACH_FAIL_ALL_LOW_RSRP: UE(imsi)=120 bestRsrp=-139.029 < min=-120 (all cells below threshold) retryIn=2s
---- INIT_ATTACH t=98 UE(imsi)=122 ----
  INIT_ATTACH_FAIL_ALL_LOW_RSRP: UE(imsi)=122 bestRsrp=-147.483 < min=-120 (all cells below threshold) retryIn=2s
---- INIT_ATTACH t=98 UE(imsi)=144 ----
  INIT_ATTACH_FAIL_ALL_LOW_RSRP: UE(imsi)=144 bestRsrp=-146.023 < min=-120 (all cells below threshold) retryIn=2s
---- INIT_ATTACH t=98 UE(imsi)=146 ----
  INIT_ATTACH_FAIL_ALL_LOW_RSRP: UE(imsi)=146 bestRsrp=-126.287 < min=-120 (all cells below threshold) retryIn=2s
---- INIT_ATTACH t=98 UE(imsi)=151 ----
  candOK0 cell=11 rsrp=-117.095 occ=8/10 -> OK
  SELECT cell=11 rsrp=-117.095 occ(afterReserve)=9/10
  INIT_ATTACH_OK: UE(imsi)=151 -> cell=11
---- INIT_ATTACH t=98 UE(imsi)=165 ----
  INIT_ATTACH_FAIL_ALL_LOW_RSRP: UE(imsi)=165 bestRsrp=-129.946 < min=-120 (all cells below threshold) retryIn=2s
---- INIT_ATTACH t=98 UE(imsi)=171 ----
  INIT_ATTACH_FAIL_ALL_LOW_RSRP: UE(imsi)=171 bestRsrp=-145.922 < min=-120 (all cells below threshold) retryIn=2s
---- INIT_ATTACH t=98 UE(imsi)=179 ----
  INIT_ATTACH_FAIL_ALL_LOW_RSRP: UE(imsi)=179 bestRsrp=-143.69 < min=-120 (all cells below threshold) retryIn=2s
---- INIT_ATTACH t=98 UE(imsi)=181 ----
  INIT_ATTACH_FAIL_ALL_LOW_RSRP: UE(imsi)=181 bestRsrp=-131.909 < min=-120 (all cells below threshold) retryIn=2s
---- INIT_ATTACH t=98 UE(imsi)=192 ----
  INIT_ATTACH_FAIL_ALL_LOW_RSRP: UE(imsi)=192 bestRsrp=-146.768 < min=-120 (all cells below threshold) retryIn=2s
---- INIT_ATTACH t=98 UE(imsi)=195 ----
  INIT_ATTACH_FAIL_ALL_LOW_RSRP: UE(imsi)=195 bestRsrp=-143.413 < min=-120 (all cells below threshold) retryIn=2s
---- INIT_ATTACH t=98 UE(imsi)=200 ----
  INIT_ATTACH_FAIL_ALL_LOW_RSRP: UE(imsi)=200 bestRsrp=-141.228 < min=-120 (all cells below threshold) retryIn=2s
---- INIT_ATTACH t=98 UE(imsi)=203 ----
  INIT_ATTACH_FAIL_ALL_LOW_RSRP: UE(imsi)=203 bestRsrp=-149.365 < min=-120 (all cells below threshold) retryIn=2s
---- INIT_ATTACH t=98 UE(imsi)=214 ----
  INIT_ATTACH_FAIL_ALL_LOW_RSRP: UE(imsi)=214 bestRsrp=-139.847 < min=-120 (all cells below threshold) retryIn=2s
---- INIT_ATTACH t=98 UE(imsi)=220 ----
  INIT_ATTACH_FAIL_ALL_LOW_RSRP: UE(imsi)=220 bestRsrp=-145.602 < min=-120 (all cells below threshold) retryIn=2s
---- INIT_ATTACH t=98 UE(imsi)=230 ----
  INIT_ATTACH_FAIL_ALL_LOW_RSRP: UE(imsi)=230 bestRsrp=-134.848 < min=-120 (all cells below threshold) retryIn=2s
---- INIT_ATTACH t=98 UE(imsi)=231 ----
  INIT_ATTACH_FAIL_ALL_LOW_RSRP: UE(imsi)=231 bestRsrp=-134.817 < min=-120 (all cells below threshold) retryIn=2s
---- INIT_ATTACH t=98 UE(imsi)=233 ----
  INIT_ATTACH_FAIL_ALL_LOW_RSRP: UE(imsi)=233 bestRsrp=-143.772 < min=-120 (all cells below threshold) retryIn=2s
---- INIT_ATTACH t=98 UE(imsi)=240 ----
  INIT_ATTACH_FAIL_ALL_LOW_RSRP: UE(imsi)=240 bestRsrp=-138.07 < min=-120 (all cells below threshold) retryIn=2s
---- INIT_ATTACH t=100 UE(imsi)=16 ----
  INIT_ATTACH_FAIL_ALL_LOW_RSRP: UE(imsi)=16 bestRsrp=-130.227 < min=-120 (all cells below threshold) retryIn=2s
---- INIT_ATTACH t=100 UE(imsi)=20 ----
  INIT_ATTACH_FAIL_ALL_LOW_RSRP: UE(imsi)=20 bestRsrp=-144.922 < min=-120 (all cells below threshold) retryIn=2s
---- INIT_ATTACH t=100 UE(imsi)=23 ----
  INIT_ATTACH_FAIL_ALL_LOW_RSRP: UE(imsi)=23 bestRsrp=-136.328 < min=-120 (all cells below threshold) retryIn=2s
---- INIT_ATTACH t=100 UE(imsi)=29 ----
  INIT_ATTACH_FAIL_ALL_LOW_RSRP: UE(imsi)=29 bestRsrp=-149.929 < min=-120 (all cells below threshold) retryIn=2s
---- INIT_ATTACH t=100 UE(imsi)=36 ----
  INIT_ATTACH_FAIL_ALL_LOW_RSRP: UE(imsi)=36 bestRsrp=-132.99 < min=-120 (all cells below threshold) retryIn=2s
---- INIT_ATTACH t=100 UE(imsi)=38 ----
  INIT_ATTACH_FAIL_ALL_LOW_RSRP: UE(imsi)=38 bestRsrp=-145.174 < min=-120 (all cells below threshold) retryIn=2s
---- INIT_ATTACH t=100 UE(imsi)=54 ----
  INIT_ATTACH_FAIL_ALL_LOW_RSRP: UE(imsi)=54 bestRsrp=-137.554 < min=-120 (all cells below threshold) retryIn=2s
---- INIT_ATTACH t=100 UE(imsi)=55 ----
  INIT_ATTACH_FAIL_ALL_LOW_RSRP: UE(imsi)=55 bestRsrp=-151.702 < min=-120 (all cells below threshold) retryIn=2s
---- INIT_ATTACH t=100 UE(imsi)=61 ----
  INIT_ATTACH_FAIL_ALL_LOW_RSRP: UE(imsi)=61 bestRsrp=-131.393 < min=-120 (all cells below threshold) retryIn=2s
---- INIT_ATTACH t=100 UE(imsi)=68 ----
  INIT_ATTACH_FAIL_ALL_LOW_RSRP: UE(imsi)=68 bestRsrp=-125.982 < min=-120 (all cells below threshold) retryIn=2s
---- INIT_ATTACH t=100 UE(imsi)=73 ----
  INIT_ATTACH_FAIL_ALL_LOW_RSRP: UE(imsi)=73 bestRsrp=-141.371 < min=-120 (all cells below threshold) retryIn=2s
---- INIT_ATTACH t=100 UE(imsi)=81 ----
  INIT_ATTACH_FAIL_ALL_LOW_RSRP: UE(imsi)=81 bestRsrp=-140.784 < min=-120 (all cells below threshold) retryIn=2s
---- INIT_ATTACH t=100 UE(imsi)=116 ----
  INIT_ATTACH_FAIL_ALL_LOW_RSRP: UE(imsi)=116 bestRsrp=-147.137 < min=-120 (all cells below threshold) retryIn=2s
---- INIT_ATTACH t=100 UE(imsi)=120 ----
  INIT_ATTACH_FAIL_ALL_LOW_RSRP: UE(imsi)=120 bestRsrp=-137.228 < min=-120 (all cells below threshold) retryIn=2s
---- INIT_ATTACH t=100 UE(imsi)=122 ----
  INIT_ATTACH_FAIL_ALL_LOW_RSRP: UE(imsi)=122 bestRsrp=-149.239 < min=-120 (all cells below threshold) retryIn=2s
---- INIT_ATTACH t=100 UE(imsi)=144 ----
  INIT_ATTACH_FAIL_ALL_LOW_RSRP: UE(imsi)=144 bestRsrp=-144.276 < min=-120 (all cells below threshold) retryIn=2s
---- INIT_ATTACH t=100 UE(imsi)=146 ----
  INIT_ATTACH_FAIL_ALL_LOW_RSRP: UE(imsi)=146 bestRsrp=-125.75 < min=-120 (all cells below threshold) retryIn=2s
---- INIT_ATTACH t=100 UE(imsi)=165 ----
  INIT_ATTACH_FAIL_ALL_LOW_RSRP: UE(imsi)=165 bestRsrp=-137.829 < min=-120 (all cells below threshold) retryIn=2s
---- INIT_ATTACH t=100 UE(imsi)=171 ----
  INIT_ATTACH_FAIL_ALL_LOW_RSRP: UE(imsi)=171 bestRsrp=-145.636 < min=-120 (all cells below threshold) retryIn=2s
---- INIT_ATTACH t=100 UE(imsi)=179 ----
  INIT_ATTACH_FAIL_ALL_LOW_RSRP: UE(imsi)=179 bestRsrp=-143.388 < min=-120 (all cells below threshold) retryIn=2s
---- INIT_ATTACH t=100 UE(imsi)=181 ----
  INIT_ATTACH_FAIL_ALL_LOW_RSRP: UE(imsi)=181 bestRsrp=-136.881 < min=-120 (all cells below threshold) retryIn=2s
---- INIT_ATTACH t=100 UE(imsi)=192 ----
  INIT_ATTACH_FAIL_ALL_LOW_RSRP: UE(imsi)=192 bestRsrp=-149.182 < min=-120 (all cells below threshold) retryIn=2s
---- INIT_ATTACH t=100 UE(imsi)=195 ----
  INIT_ATTACH_FAIL_ALL_LOW_RSRP: UE(imsi)=195 bestRsrp=-141.66 < min=-120 (all cells below threshold) retryIn=2s
---- INIT_ATTACH t=100 UE(imsi)=200 ----
  INIT_ATTACH_FAIL_ALL_LOW_RSRP: UE(imsi)=200 bestRsrp=-144.677 < min=-120 (all cells below threshold) retryIn=2s
---- INIT_ATTACH t=100 UE(imsi)=203 ----
  INIT_ATTACH_FAIL_ALL_LOW_RSRP: UE(imsi)=203 bestRsrp=-150.261 < min=-120 (all cells below threshold) retryIn=2s
---- INIT_ATTACH t=100 UE(imsi)=214 ----
  INIT_ATTACH_FAIL_ALL_LOW_RSRP: UE(imsi)=214 bestRsrp=-140.345 < min=-120 (all cells below threshold) retryIn=2s
---- INIT_ATTACH t=100 UE(imsi)=220 ----
  INIT_ATTACH_FAIL_ALL_LOW_RSRP: UE(imsi)=220 bestRsrp=-148.454 < min=-120 (all cells below threshold) retryIn=2s
---- INIT_ATTACH t=100 UE(imsi)=230 ----
  INIT_ATTACH_FAIL_ALL_LOW_RSRP: UE(imsi)=230 bestRsrp=-135.838 < min=-120 (all cells below threshold) retryIn=2s
---- INIT_ATTACH t=100 UE(imsi)=231 ----
  INIT_ATTACH_FAIL_ALL_LOW_RSRP: UE(imsi)=231 bestRsrp=-134.854 < min=-120 (all cells below threshold) retryIn=2s
---- INIT_ATTACH t=100 UE(imsi)=233 ----
  INIT_ATTACH_FAIL_ALL_LOW_RSRP: UE(imsi)=233 bestRsrp=-142.426 < min=-120 (all cells below threshold) retryIn=2s
---- INIT_ATTACH t=100 UE(imsi)=240 ----
  INIT_ATTACH_FAIL_ALL_LOW_RSRP: UE(imsi)=240 bestRsrp=-139.742 < min=-120 (all cells below threshold) retryIn=2s
---- INIT_ATTACH t=102 UE(imsi)=16 ----
  INIT_ATTACH_FAIL_ALL_LOW_RSRP: UE(imsi)=16 bestRsrp=-136.463 < min=-120 (all cells below threshold) retryIn=2s
---- INIT_ATTACH t=102 UE(imsi)=20 ----
  INIT_ATTACH_FAIL_ALL_LOW_RSRP: UE(imsi)=20 bestRsrp=-144.3 < min=-120 (all cells below threshold) retryIn=2s
---- INIT_ATTACH t=102 UE(imsi)=23 ----
  INIT_ATTACH_FAIL_ALL_LOW_RSRP: UE(imsi)=23 bestRsrp=-137.839 < min=-120 (all cells below threshold) retryIn=2s
---- INIT_ATTACH t=102 UE(imsi)=29 ----
  INIT_ATTACH_FAIL_ALL_LOW_RSRP: UE(imsi)=29 bestRsrp=-147.489 < min=-120 (all cells below threshold) retryIn=2s
---- INIT_ATTACH t=102 UE(imsi)=36 ----
  INIT_ATTACH_FAIL_ALL_LOW_RSRP: UE(imsi)=36 bestRsrp=-137.387 < min=-120 (all cells below threshold) retryIn=2s
---- INIT_ATTACH t=102 UE(imsi)=38 ----
  INIT_ATTACH_FAIL_ALL_LOW_RSRP: UE(imsi)=38 bestRsrp=-145.655 < min=-120 (all cells below threshold) retryIn=2s
---- INIT_ATTACH t=102 UE(imsi)=54 ----
  INIT_ATTACH_FAIL_ALL_LOW_RSRP: UE(imsi)=54 bestRsrp=-134.42 < min=-120 (all cells below threshold) retryIn=2s
---- INIT_ATTACH t=102 UE(imsi)=55 ----
  INIT_ATTACH_FAIL_ALL_LOW_RSRP: UE(imsi)=55 bestRsrp=-153.079 < min=-120 (all cells below threshold) retryIn=2s
---- INIT_ATTACH t=102 UE(imsi)=61 ----
  INIT_ATTACH_FAIL_ALL_LOW_RSRP: UE(imsi)=61 bestRsrp=-132.252 < min=-120 (all cells below threshold) retryIn=2s
---- INIT_ATTACH t=102 UE(imsi)=68 ----
  INIT_ATTACH_FAIL_ALL_LOW_RSRP: UE(imsi)=68 bestRsrp=-133.618 < min=-120 (all cells below threshold) retryIn=2s
---- INIT_ATTACH t=102 UE(imsi)=73 ----
  INIT_ATTACH_FAIL_ALL_LOW_RSRP: UE(imsi)=73 bestRsrp=-137.666 < min=-120 (all cells below threshold) retryIn=2s
---- INIT_ATTACH t=102 UE(imsi)=81 ----
  INIT_ATTACH_FAIL_ALL_LOW_RSRP: UE(imsi)=81 bestRsrp=-140.04 < min=-120 (all cells below threshold) retryIn=2s
---- INIT_ATTACH t=102 UE(imsi)=116 ----
  INIT_ATTACH_FAIL_ALL_LOW_RSRP: UE(imsi)=116 bestRsrp=-147.363 < min=-120 (all cells below threshold) retryIn=2s
---- INIT_ATTACH t=102 UE(imsi)=120 ----
  INIT_ATTACH_FAIL_ALL_LOW_RSRP: UE(imsi)=120 bestRsrp=-138.353 < min=-120 (all cells below threshold) retryIn=2s
---- INIT_ATTACH t=102 UE(imsi)=122 ----
  INIT_ATTACH_FAIL_ALL_LOW_RSRP: UE(imsi)=122 bestRsrp=-149.975 < min=-120 (all cells below threshold) retryIn=2s
---- INIT_ATTACH t=102 UE(imsi)=144 ----
  INIT_ATTACH_FAIL_ALL_LOW_RSRP: UE(imsi)=144 bestRsrp=-143.913 < min=-120 (all cells below threshold) retryIn=2s
---- INIT_ATTACH t=102 UE(imsi)=146 ----
  INIT_ATTACH_FAIL_ALL_LOW_RSRP: UE(imsi)=146 bestRsrp=-124.917 < min=-120 (all cells below threshold) retryIn=2s
---- INIT_ATTACH t=102 UE(imsi)=165 ----
  INIT_ATTACH_FAIL_ALL_LOW_RSRP: UE(imsi)=165 bestRsrp=-128.407 < min=-120 (all cells below threshold) retryIn=2s
---- INIT_ATTACH t=102 UE(imsi)=171 ----
  INIT_ATTACH_FAIL_ALL_LOW_RSRP: UE(imsi)=171 bestRsrp=-145.979 < min=-120 (all cells below threshold) retryIn=2s
---- INIT_ATTACH t=102 UE(imsi)=179 ----
  INIT_ATTACH_FAIL_ALL_LOW_RSRP: UE(imsi)=179 bestRsrp=-144.285 < min=-120 (all cells below threshold) retryIn=2s
---- INIT_ATTACH t=102 UE(imsi)=181 ----
  INIT_ATTACH_FAIL_ALL_LOW_RSRP: UE(imsi)=181 bestRsrp=-137.133 < min=-120 (all cells below threshold) retryIn=2s
---- INIT_ATTACH t=102 UE(imsi)=192 ----
  INIT_ATTACH_FAIL_ALL_LOW_RSRP: UE(imsi)=192 bestRsrp=-148.563 < min=-120 (all cells below threshold) retryIn=2s
---- INIT_ATTACH t=102 UE(imsi)=195 ----
  INIT_ATTACH_FAIL_ALL_LOW_RSRP: UE(imsi)=195 bestRsrp=-141.77 < min=-120 (all cells below threshold) retryIn=2s
---- INIT_ATTACH t=102 UE(imsi)=200 ----
  INIT_ATTACH_FAIL_ALL_LOW_RSRP: UE(imsi)=200 bestRsrp=-138.535 < min=-120 (all cells below threshold) retryIn=2s
---- INIT_ATTACH t=102 UE(imsi)=203 ----
  INIT_ATTACH_FAIL_ALL_LOW_RSRP: UE(imsi)=203 bestRsrp=-149.635 < min=-120 (all cells below threshold) retryIn=2s
---- INIT_ATTACH t=102 UE(imsi)=214 ----
  INIT_ATTACH_FAIL_ALL_LOW_RSRP: UE(imsi)=214 bestRsrp=-139.416 < min=-120 (all cells below threshold) retryIn=2s
---- INIT_ATTACH t=102 UE(imsi)=220 ----
  INIT_ATTACH_FAIL_ALL_LOW_RSRP: UE(imsi)=220 bestRsrp=-149.024 < min=-120 (all cells below threshold) retryIn=2s
---- INIT_ATTACH t=102 UE(imsi)=230 ----
  INIT_ATTACH_FAIL_ALL_LOW_RSRP: UE(imsi)=230 bestRsrp=-132.711 < min=-120 (all cells below threshold) retryIn=2s
---- INIT_ATTACH t=102 UE(imsi)=231 ----
  INIT_ATTACH_FAIL_ALL_LOW_RSRP: UE(imsi)=231 bestRsrp=-133.995 < min=-120 (all cells below threshold) retryIn=2s
---- INIT_ATTACH t=102 UE(imsi)=233 ----
  INIT_ATTACH_FAIL_ALL_LOW_RSRP: UE(imsi)=233 bestRsrp=-140.64 < min=-120 (all cells below threshold) retryIn=2s
---- INIT_ATTACH t=102 UE(imsi)=240 ----
  INIT_ATTACH_FAIL_ALL_LOW_RSRP: UE(imsi)=240 bestRsrp=-139.37 < min=-120 (all cells below threshold) retryIn=2s
---- LOAD at t=102.5 ----
  cell 1 (TN) load=18/20
  cell 2 (TN) load=18/20
  cell 3 (TN) load=18/20
  cell 4 (TN) load=16/20
  cell 5 (TN) load=17/20
  cell 6 (TN) load=19/20
  cell 7 (TN) load=20/20
  cell 8 (TN) load=19/20
  cell 9 (NTN) load=9/10
  cell 10 (NTN) load=10/10
  cell 11 (NTN) load=9/10
  cell 12 (NTN) load=7/10
  cell 13 (NTN) load=9/10
  cell 14 (NTN) load=10/10
UE 15 TTT_WAIT target=1 elapsed=0s need=2s
UE 17 TTT_WAIT target=8 elapsed=0s need=2s
LM HO UE=18 rnti=81 2->1 type=TN servingRsrp=-117.13 targetRsrp=-77.6216 targetLoadReal=18/20 targetLoadEff=18/20
UE 19 TTT_WAIT target=11 elapsed=0s need=2s
UE 20 TTT_WAIT target=1 elapsed=0s need=2s
UE 22 TTT_WAIT target=5 elapsed=0s need=2s
UE 23 TTT_WAIT target=4 elapsed=0s need=2s
UE 24 TTT_WAIT target=5 elapsed=0s need=2s
UE 26 TTT_WAIT target=2 elapsed=0s need=2s
UE 27 TTT_WAIT target=2 elapsed=0s need=2s
UE 28 TTT_WAIT target=2 elapsed=0s need=2s
UE 31 TTT_WAIT target=1 elapsed=0s need=2s
UE 34 TTT_WAIT target=1 elapsed=0s need=2s
UE 35 TTT_WAIT target=5 elapsed=0s need=2s
UE 37 TTT_WAIT target=5 elapsed=0s need=2s
UE 38 TTT_WAIT target=3 elapsed=0s need=2s
LM HO UE=39 rnti=45 4->3 type=TN servingRsrp=-116.244 targetRsrp=-78.2347 targetLoadReal=18/20 targetLoadEff=18/20
UE 40 TTT_WAIT target=8 elapsed=0s need=2s
LM HO UE=41 rnti=88 3->5 type=TN servingRsrp=-124.168 targetRsrp=-105.728 targetLoadReal=17/20 targetLoadEff=17/20
UE 42 TTT_WAIT target=8 elapsed=0s need=2s
UE 43 TTT_WAIT target=11 elapsed=0s need=2s
UE 44 TTT_WAIT target=6 elapsed=0s need=2s
UE 47 TTT_WAIT target=9 elapsed=0s need=2s
UE 49 TTT_WAIT target=12 elapsed=0s need=2s
UE 50 TTT_WAIT target=3 elapsed=0s need=2s
UE 52 TTT_WAIT target=8 elapsed=0s need=2s
UE 53 TTT_WAIT target=6 elapsed=0s need=2s
UE 54 TTT_WAIT target=12 elapsed=0s need=2s
UE 55 TTT_WAIT target=4 elapsed=0s need=2s
UE 56 TTT_WAIT target=4 elapsed=0s need=2s
UE 58 TTT_WAIT target=8 elapsed=0s need=2s
UE 62 TTT_WAIT target=2 elapsed=0s need=2s
UE 63 TTT_WAIT target=8 elapsed=0s need=2s
UE 64 TTT_WAIT target=4 elapsed=0s need=2s
UE 68 TTT_WAIT target=4 elapsed=0s need=2s
UE 71 TTT_WAIT target=6 elapsed=0s need=2s
UE 72 TTT_WAIT target=6 elapsed=0s need=2s
LM HO UE=73 rnti=108 5->2 type=TN servingRsrp=-126.776 targetRsrp=-100.026 targetLoadReal=18/20 targetLoadEff=18/20
UE 74 TTT_WAIT target=8 elapsed=0s need=2s
UE 76 TTT_WAIT target=8 elapsed=0s need=2s
LM HO_FAIL_LOW_RSRP UE=77 currCell=1 candCell=9 candRsrp=-129.218 < min=-120
LM HO UE=83 rnti=160 2->4 type=TN servingRsrp=-120.208 targetRsrp=-88.8856 targetLoadReal=16/20 targetLoadEff=16/20
UE 84 TTT_WAIT target=6 elapsed=0s need=2s
UE 85 TTT_WAIT target=8 elapsed=0s need=2s
UE 87 TTT_WAIT target=8 elapsed=0s need=2s
LM HO UE=90 rnti=101 6->5 type=TN servingRsrp=-115.557 targetRsrp=-104.245 targetLoadReal=17/20 targetLoadEff=18/20
LM HO UE=91 rnti=72 8->4 type=TN servingRsrp=-107.659 targetRsrp=-90.6365 targetLoadReal=16/20 targetLoadEff=17/20
UE 92 TTT_WAIT target=5 elapsed=0s need=2s
UE 93 TTT_WAIT target=2 elapsed=0s need=2s
UE 95 TTT_WAIT target=8 elapsed=0s need=2s
UE 96 TTT_WAIT target=1 elapsed=0s need=2s
UE 97 TTT_WAIT target=6 elapsed=0s need=2s
UE 98 TTT_WAIT target=4 elapsed=0s need=2s
UE 99 TTT_WAIT target=1 elapsed=0s need=2s
UE 101 TTT_WAIT target=6 elapsed=0s need=2s
UE 102 TTT_WAIT target=5 elapsed=0s need=2s
UE 103 TTT_WAIT target=6 elapsed=0s need=2s
UE 107 TTT_WAIT target=1 elapsed=0s need=2s
UE 108 TTT_WAIT target=3 elapsed=0s need=2s
UE 109 TTT_WAIT target=1 elapsed=0s need=2s
UE 110 TTT_WAIT target=6 elapsed=0s need=2s
UE 111 TTT_WAIT target=8 elapsed=0s need=2s
LM HO UE=112 rnti=101 1->2 type=TN servingRsrp=-116.185 targetRsrp=-109.173 targetLoadReal=18/20 targetLoadEff=19/20
UE 114 TTT_WAIT target=6 elapsed=0s need=2s
UE 115 TTT_WAIT target=4 elapsed=0s need=2s
UE 118 TTT_WAIT target=8 elapsed=0s need=2s
LM HO UE=120 rnti=56 13->3 type=TN servingRsrp=-125.542 targetRsrp=-87.4681 targetLoadReal=18/20 targetLoadEff=19/20
UE 121 TTT_WAIT target=13 elapsed=0s need=2s
UE 122 TTT_WAIT target=4 elapsed=0s need=2s
UE 124 TTT_WAIT target=1 elapsed=0s need=2s
UE 127 TTT_WAIT target=13 elapsed=0s need=2s
UE 128 TTT_WAIT target=13 elapsed=0s need=2s
UE 129 TTT_WAIT target=11 elapsed=0s need=2s
UE 131 TTT_WAIT target=4 elapsed=0s need=2s
LM HO_FAIL_LOW_RSRP UE=137 currCell=5 candCell=11 candRsrp=-120.428 < min=-120
UE 138 TTT_WAIT target=1 elapsed=0s need=2s
UE 140 TTT_WAIT target=6 elapsed=0s need=2s
UE 141 TTT_WAIT target=8 elapsed=0s need=2s
UE 142 TTT_WAIT target=1 elapsed=0s need=2s
UE 144 TTT_WAIT target=8 elapsed=0s need=2s
UE 146 TTT_WAIT target=8 elapsed=0s need=2s
LM HO UE=147 rnti=108 8->5 type=TN servingRsrp=-94.1414 targetRsrp=-75.4728 targetLoadReal=17/20 targetLoadEff=19/20
UE 148 TTT_WAIT target=1 elapsed=0s need=2s
UE 150 TTT_WAIT target=8 elapsed=0s need=2s
UE 151 TTT_WAIT target=1 elapsed=0s need=2s
UE 155 TTT_WAIT target=8 elapsed=0s need=2s
UE 156 TTT_WAIT target=12 elapsed=0s need=2s
UE 157 TTT_WAIT target=8 elapsed=0s need=2s
UE 158 TTT_WAIT target=1 elapsed=0s need=2s
UE 159 TTT_WAIT target=1 elapsed=0s need=2s
UE 160 TTT_WAIT target=12 elapsed=0s need=2s
UE 161 TTT_WAIT target=8 elapsed=0s need=2s
LM HO UE=163 rnti=95 6->4 type=TN servingRsrp=-99.543 targetRsrp=-80.7422 targetLoadReal=16/20 targetLoadEff=18/20
UE 165 TTT_WAIT target=6 elapsed=0s need=2s
UE 166 TTT_WAIT target=4 elapsed=0s need=2s
UE 173 TTT_WAIT target=4 elapsed=0s need=2s
UE 175 TTT_WAIT target=13 elapsed=0s need=2s
UE 176 TTT_WAIT target=13 elapsed=0s need=2s
UE 178 TTT_WAIT target=8 elapsed=0s need=2s
UE 179 TTT_WAIT target=6 elapsed=0s need=2s
UE 180 TTT_WAIT target=1 elapsed=0s need=2s
UE 182 TTT_WAIT target=11 elapsed=0s need=2s
UE 188 TTT_WAIT target=1 elapsed=0s need=2s
UE 190 TTT_WAIT target=4 elapsed=0s need=2s
UE 191 TTT_WAIT target=9 elapsed=0s need=2s
UE 192 TTT_WAIT target=6 elapsed=0s need=2s
UE 193 TTT_WAIT target=4 elapsed=0s need=2s
UE 194 TTT_WAIT target=1 elapsed=0s need=2s
UE 195 TTT_WAIT target=12 elapsed=0s need=2s
UE 196 TTT_WAIT target=8 elapsed=0s need=2s
UE 198 TTT_WAIT target=6 elapsed=0s need=2s
UE 199 TTT_WAIT target=13 elapsed=0s need=2s
UE 201 TTT_WAIT target=6 elapsed=0s need=2s
UE 203 TTT_WAIT target=6 elapsed=0s need=2s
UE 204 TTT_WAIT target=8 elapsed=0s need=2s
LM HO_FAIL_LOW_RSRP UE=205 currCell=7 candCell=8 candRsrp=-124.448 < min=-120
UE 206 TTT_WAIT target=1 elapsed=0s need=2s
LM HO_FAIL_LOW_RSRP UE=209 currCell=8 candCell=6 candRsrp=-122.68 < min=-120
UE 210 TTT_WAIT target=9 elapsed=0s need=2s
UE 211 TTT_WAIT target=12 elapsed=0s need=2s
UE 215 TTT_WAIT target=6 elapsed=0s need=2s
UE 216 TTT_WAIT target=4 elapsed=0s need=2s
UE 217 TTT_WAIT target=9 elapsed=0s need=2s
LM HO UE=218 rnti=111 5->12 type=NTN servingRsrp=-79.022 targetRsrp=-73.9475 targetLoadReal=7/10 targetLoadEff=7/10
LM HO_FAIL_LOW_RSRP UE=219 currCell=7 candCell=12 candRsrp=-131.874 < min=-120
UE 223 TTT_WAIT target=4 elapsed=0s need=2s
UE 225 TTT_WAIT target=12 elapsed=0s need=2s
UE 228 TTT_WAIT target=4 elapsed=0s need=2s
UE 229 TTT_WAIT target=12 elapsed=0s need=2s
UE 230 TTT_WAIT target=8 elapsed=0s need=2s
UE 233 TTT_WAIT target=8 elapsed=0s need=2s
UE 237 TTT_WAIT target=9 elapsed=0s need=2s
UE 239 TTT_WAIT target=1 elapsed=0s need=2s
UE 240 TTT_WAIT target=1 elapsed=0s need=2s
UE 241 TTT_WAIT target=8 elapsed=0s need=2s
UE 242 TTT_WAIT target=6 elapsed=0s need=2s
UE 244 TTT_WAIT target=6 elapsed=0s need=2s
---- INIT_ATTACH t=104 UE(imsi)=16 ----
  candOK0 cell=7 rsrp=-110.846 occ=20/20 -> SKIP_FULL
  INIT_ATTACH_FAIL_ALL_FULL: UE(imsi)=16 rsrpOk=1 (all RSRP>=min but full or invalid) retryIn=2s
---- INIT_ATTACH t=104 UE(imsi)=20 ----
  INIT_ATTACH_FAIL_ALL_LOW_RSRP: UE(imsi)=20 bestRsrp=-144.529 < min=-120 (all cells below threshold) retryIn=2s
---- INIT_ATTACH t=104 UE(imsi)=23 ----
  INIT_ATTACH_FAIL_ALL_LOW_RSRP: UE(imsi)=23 bestRsrp=-138.151 < min=-120 (all cells below threshold) retryIn=2s
---- INIT_ATTACH t=104 UE(imsi)=29 ----
  INIT_ATTACH_FAIL_ALL_LOW_RSRP: UE(imsi)=29 bestRsrp=-149.657 < min=-120 (all cells below threshold) retryIn=2s
---- INIT_ATTACH t=104 UE(imsi)=36 ----
  INIT_ATTACH_FAIL_ALL_LOW_RSRP: UE(imsi)=36 bestRsrp=-134.587 < min=-120 (all cells below threshold) retryIn=2s
---- INIT_ATTACH t=104 UE(imsi)=38 ----
  INIT_ATTACH_FAIL_ALL_LOW_RSRP: UE(imsi)=38 bestRsrp=-146.795 < min=-120 (all cells below threshold) retryIn=2s
---- INIT_ATTACH t=104 UE(imsi)=54 ----
  INIT_ATTACH_FAIL_ALL_LOW_RSRP: UE(imsi)=54 bestRsrp=-135.016 < min=-120 (all cells below threshold) retryIn=2s
---- INIT_ATTACH t=104 UE(imsi)=55 ----
  INIT_ATTACH_FAIL_ALL_LOW_RSRP: UE(imsi)=55 bestRsrp=-151.304 < min=-120 (all cells below threshold) retryIn=2s
---- INIT_ATTACH t=104 UE(imsi)=61 ----
  INIT_ATTACH_FAIL_ALL_LOW_RSRP: UE(imsi)=61 bestRsrp=-133.288 < min=-120 (all cells below threshold) retryIn=2s
---- INIT_ATTACH t=104 UE(imsi)=68 ----
  INIT_ATTACH_FAIL_ALL_LOW_RSRP: UE(imsi)=68 bestRsrp=-129.213 < min=-120 (all cells below threshold) retryIn=2s
---- INIT_ATTACH t=104 UE(imsi)=73 ----
  INIT_ATTACH_FAIL_ALL_LOW_RSRP: UE(imsi)=73 bestRsrp=-139.082 < min=-120 (all cells below threshold) retryIn=2s
---- INIT_ATTACH t=104 UE(imsi)=81 ----
  INIT_ATTACH_FAIL_ALL_LOW_RSRP: UE(imsi)=81 bestRsrp=-138.188 < min=-120 (all cells below threshold) retryIn=2s
---- INIT_ATTACH t=104 UE(imsi)=116 ----
  INIT_ATTACH_FAIL_ALL_LOW_RSRP: UE(imsi)=116 bestRsrp=-146.459 < min=-120 (all cells below threshold) retryIn=2s
---- INIT_ATTACH t=104 UE(imsi)=120 ----
  INIT_ATTACH_FAIL_ALL_LOW_RSRP: UE(imsi)=120 bestRsrp=-138.912 < min=-120 (all cells below threshold) retryIn=2s
---- INIT_ATTACH t=104 UE(imsi)=122 ----
  INIT_ATTACH_FAIL_ALL_LOW_RSRP: UE(imsi)=122 bestRsrp=-147.691 < min=-120 (all cells below threshold) retryIn=2s
---- INIT_ATTACH t=104 UE(imsi)=144 ----
  INIT_ATTACH_FAIL_ALL_LOW_RSRP: UE(imsi)=144 bestRsrp=-141.489 < min=-120 (all cells below threshold) retryIn=2s
---- INIT_ATTACH t=104 UE(imsi)=146 ----
  candOK0 cell=7 rsrp=-101.7 occ=20/20 -> SKIP_FULL
  INIT_ATTACH_FAIL_ALL_FULL: UE(imsi)=146 rsrpOk=1 (all RSRP>=min but full or invalid) retryIn=2s
---- INIT_ATTACH t=104 UE(imsi)=165 ----
  INIT_ATTACH_FAIL_ALL_LOW_RSRP: UE(imsi)=165 bestRsrp=-137.263 < min=-120 (all cells below threshold) retryIn=2s
---- INIT_ATTACH t=104 UE(imsi)=171 ----
  INIT_ATTACH_FAIL_ALL_LOW_RSRP: UE(imsi)=171 bestRsrp=-146.351 < min=-120 (all cells below threshold) retryIn=2s
---- INIT_ATTACH t=104 UE(imsi)=179 ----
  INIT_ATTACH_FAIL_ALL_LOW_RSRP: UE(imsi)=179 bestRsrp=-143.799 < min=-120 (all cells below threshold) retryIn=2s
---- INIT_ATTACH t=104 UE(imsi)=181 ----
  INIT_ATTACH_FAIL_ALL_LOW_RSRP: UE(imsi)=181 bestRsrp=-135.476 < min=-120 (all cells below threshold) retryIn=2s
---- INIT_ATTACH t=104 UE(imsi)=192 ----
  INIT_ATTACH_FAIL_ALL_LOW_RSRP: UE(imsi)=192 bestRsrp=-131.995 < min=-120 (all cells below threshold) retryIn=2s
---- INIT_ATTACH t=104 UE(imsi)=195 ----
  INIT_ATTACH_FAIL_ALL_LOW_RSRP: UE(imsi)=195 bestRsrp=-138.113 < min=-120 (all cells below threshold) retryIn=2s
---- INIT_ATTACH t=104 UE(imsi)=200 ----
  INIT_ATTACH_FAIL_ALL_LOW_RSRP: UE(imsi)=200 bestRsrp=-139.743 < min=-120 (all cells below threshold) retryIn=2s
---- INIT_ATTACH t=104 UE(imsi)=203 ----
  INIT_ATTACH_FAIL_ALL_LOW_RSRP: UE(imsi)=203 bestRsrp=-150.254 < min=-120 (all cells below threshold) retryIn=2s
---- INIT_ATTACH t=104 UE(imsi)=214 ----
  INIT_ATTACH_FAIL_ALL_LOW_RSRP: UE(imsi)=214 bestRsrp=-136.299 < min=-120 (all cells below threshold) retryIn=2s
---- INIT_ATTACH t=104 UE(imsi)=220 ----
  INIT_ATTACH_FAIL_ALL_LOW_RSRP: UE(imsi)=220 bestRsrp=-147.898 < min=-120 (all cells below threshold) retryIn=2s
---- INIT_ATTACH t=104 UE(imsi)=230 ----
  INIT_ATTACH_FAIL_ALL_LOW_RSRP: UE(imsi)=230 bestRsrp=-133.487 < min=-120 (all cells below threshold) retryIn=2s
---- INIT_ATTACH t=104 UE(imsi)=231 ----
  INIT_ATTACH_FAIL_ALL_LOW_RSRP: UE(imsi)=231 bestRsrp=-133.093 < min=-120 (all cells below threshold) retryIn=2s
---- INIT_ATTACH t=104 UE(imsi)=233 ----
  INIT_ATTACH_FAIL_ALL_LOW_RSRP: UE(imsi)=233 bestRsrp=-139.888 < min=-120 (all cells below threshold) retryIn=2s
---- INIT_ATTACH t=104 UE(imsi)=240 ----
  INIT_ATTACH_FAIL_ALL_LOW_RSRP: UE(imsi)=240 bestRsrp=-138.686 < min=-120 (all cells below threshold) retryIn=2s
---- INIT_ATTACH t=106 UE(imsi)=16 ----
  INIT_ATTACH_FAIL_ALL_LOW_RSRP: UE(imsi)=16 bestRsrp=-134.574 < min=-120 (all cells below threshold) retryIn=2s
---- INIT_ATTACH t=106 UE(imsi)=20 ----
  INIT_ATTACH_FAIL_ALL_LOW_RSRP: UE(imsi)=20 bestRsrp=-141.579 < min=-120 (all cells below threshold) retryIn=2s
---- INIT_ATTACH t=106 UE(imsi)=23 ----
  INIT_ATTACH_FAIL_ALL_LOW_RSRP: UE(imsi)=23 bestRsrp=-137.945 < min=-120 (all cells below threshold) retryIn=2s
---- INIT_ATTACH t=106 UE(imsi)=29 ----
  INIT_ATTACH_FAIL_ALL_LOW_RSRP: UE(imsi)=29 bestRsrp=-149.588 < min=-120 (all cells below threshold) retryIn=2s
---- INIT_ATTACH t=106 UE(imsi)=36 ----
  INIT_ATTACH_FAIL_ALL_LOW_RSRP: UE(imsi)=36 bestRsrp=-136.637 < min=-120 (all cells below threshold) retryIn=2s
---- INIT_ATTACH t=106 UE(imsi)=38 ----
  INIT_ATTACH_FAIL_ALL_LOW_RSRP: UE(imsi)=38 bestRsrp=-149.268 < min=-120 (all cells below threshold) retryIn=2s
---- INIT_ATTACH t=106 UE(imsi)=54 ----
  INIT_ATTACH_FAIL_ALL_LOW_RSRP: UE(imsi)=54 bestRsrp=-134.487 < min=-120 (all cells below threshold) retryIn=2s
---- INIT_ATTACH t=106 UE(imsi)=55 ----
  INIT_ATTACH_FAIL_ALL_LOW_RSRP: UE(imsi)=55 bestRsrp=-153.932 < min=-120 (all cells below threshold) retryIn=2s
---- INIT_ATTACH t=106 UE(imsi)=61 ----
  INIT_ATTACH_FAIL_ALL_LOW_RSRP: UE(imsi)=61 bestRsrp=-130.431 < min=-120 (all cells below threshold) retryIn=2s
---- INIT_ATTACH t=106 UE(imsi)=68 ----
  INIT_ATTACH_FAIL_ALL_LOW_RSRP: UE(imsi)=68 bestRsrp=-134.337 < min=-120 (all cells below threshold) retryIn=2s
---- INIT_ATTACH t=106 UE(imsi)=73 ----
  INIT_ATTACH_FAIL_ALL_LOW_RSRP: UE(imsi)=73 bestRsrp=-137.277 < min=-120 (all cells below threshold) retryIn=2s
---- INIT_ATTACH t=106 UE(imsi)=81 ----
  INIT_ATTACH_FAIL_ALL_LOW_RSRP: UE(imsi)=81 bestRsrp=-140.093 < min=-120 (all cells below threshold) retryIn=2s
---- INIT_ATTACH t=106 UE(imsi)=116 ----
  INIT_ATTACH_FAIL_ALL_LOW_RSRP: UE(imsi)=116 bestRsrp=-145.919 < min=-120 (all cells below threshold) retryIn=2s
---- INIT_ATTACH t=106 UE(imsi)=120 ----
  INIT_ATTACH_FAIL_ALL_LOW_RSRP: UE(imsi)=120 bestRsrp=-138.195 < min=-120 (all cells below threshold) retryIn=2s
---- INIT_ATTACH t=106 UE(imsi)=122 ----
  INIT_ATTACH_FAIL_ALL_LOW_RSRP: UE(imsi)=122 bestRsrp=-149.579 < min=-120 (all cells below threshold) retryIn=2s
---- INIT_ATTACH t=106 UE(imsi)=144 ----
  INIT_ATTACH_FAIL_ALL_LOW_RSRP: UE(imsi)=144 bestRsrp=-144.904 < min=-120 (all cells below threshold) retryIn=2s
---- INIT_ATTACH t=106 UE(imsi)=146 ----
  INIT_ATTACH_FAIL_ALL_LOW_RSRP: UE(imsi)=146 bestRsrp=-123.027 < min=-120 (all cells below threshold) retryIn=2s
---- INIT_ATTACH t=106 UE(imsi)=165 ----
  INIT_ATTACH_FAIL_ALL_LOW_RSRP: UE(imsi)=165 bestRsrp=-136.956 < min=-120 (all cells below threshold) retryIn=2s
---- INIT_ATTACH t=106 UE(imsi)=171 ----
  INIT_ATTACH_FAIL_ALL_LOW_RSRP: UE(imsi)=171 bestRsrp=-149.041 < min=-120 (all cells below threshold) retryIn=2s
---- INIT_ATTACH t=106 UE(imsi)=179 ----
  INIT_ATTACH_FAIL_ALL_LOW_RSRP: UE(imsi)=179 bestRsrp=-141.709 < min=-120 (all cells below threshold) retryIn=2s
---- INIT_ATTACH t=106 UE(imsi)=181 ----
  INIT_ATTACH_FAIL_ALL_LOW_RSRP: UE(imsi)=181 bestRsrp=-134.397 < min=-120 (all cells below threshold) retryIn=2s
---- INIT_ATTACH t=106 UE(imsi)=192 ----
  INIT_ATTACH_FAIL_ALL_LOW_RSRP: UE(imsi)=192 bestRsrp=-146.699 < min=-120 (all cells below threshold) retryIn=2s
---- INIT_ATTACH t=106 UE(imsi)=195 ----
  INIT_ATTACH_FAIL_ALL_LOW_RSRP: UE(imsi)=195 bestRsrp=-139.349 < min=-120 (all cells below threshold) retryIn=2s
---- INIT_ATTACH t=106 UE(imsi)=200 ----
  INIT_ATTACH_FAIL_ALL_LOW_RSRP: UE(imsi)=200 bestRsrp=-140.727 < min=-120 (all cells below threshold) retryIn=2s
---- INIT_ATTACH t=106 UE(imsi)=203 ----
  INIT_ATTACH_FAIL_ALL_LOW_RSRP: UE(imsi)=203 bestRsrp=-149.549 < min=-120 (all cells below threshold) retryIn=2s
---- INIT_ATTACH t=106 UE(imsi)=214 ----
  INIT_ATTACH_FAIL_ALL_LOW_RSRP: UE(imsi)=214 bestRsrp=-136.561 < min=-120 (all cells below threshold) retryIn=2s
---- INIT_ATTACH t=106 UE(imsi)=220 ----
  INIT_ATTACH_FAIL_ALL_LOW_RSRP: UE(imsi)=220 bestRsrp=-148.389 < min=-120 (all cells below threshold) retryIn=2s
---- INIT_ATTACH t=106 UE(imsi)=230 ----
  INIT_ATTACH_FAIL_ALL_LOW_RSRP: UE(imsi)=230 bestRsrp=-128.809 < min=-120 (all cells below threshold) retryIn=2s
---- INIT_ATTACH t=106 UE(imsi)=231 ----
  INIT_ATTACH_FAIL_ALL_LOW_RSRP: UE(imsi)=231 bestRsrp=-132.774 < min=-120 (all cells below threshold) retryIn=2s
---- INIT_ATTACH t=106 UE(imsi)=233 ----
  INIT_ATTACH_FAIL_ALL_LOW_RSRP: UE(imsi)=233 bestRsrp=-141.8 < min=-120 (all cells below threshold) retryIn=2s
---- INIT_ATTACH t=106 UE(imsi)=240 ----
  INIT_ATTACH_FAIL_ALL_LOW_RSRP: UE(imsi)=240 bestRsrp=-138.571 < min=-120 (all cells below threshold) retryIn=2s
---- LOAD at t=107.5 ----
  cell 1 (TN) load=18/20
  cell 2 (TN) load=18/20
  cell 3 (TN) load=19/20
  cell 4 (TN) load=18/20
  cell 5 (TN) load=18/20
  cell 6 (TN) load=17/20
  cell 7 (TN) load=20/20
  cell 8 (TN) load=17/20
  cell 9 (NTN) load=9/10
  cell 10 (NTN) load=10/10
  cell 11 (NTN) load=9/10
  cell 12 (NTN) load=8/10
  cell 13 (NTN) load=8/10
  cell 14 (NTN) load=10/10
UE 15 TTT_WAIT target=6 elapsed=0s need=2s
UE 16 TTT_WAIT target=5 elapsed=0s need=2s
UE 18 TTT_WAIT target=4 elapsed=0s need=2s
UE 19 TTT_WAIT target=5 elapsed=0s need=2s
UE 20 TTT_WAIT target=6 elapsed=0s need=2s
UE 21 TTT_WAIT target=3 elapsed=0s need=2s
UE 22 TTT_WAIT target=12 elapsed=0s need=2s
UE 23 TTT_WAIT target=2 elapsed=0s need=2s
UE 24 TTT_WAIT target=3 elapsed=0s need=2s
UE 26 TTT_WAIT target=6 elapsed=0s need=2s
UE 27 TTT_WAIT target=3 elapsed=0s need=2s
UE 28 TTT_WAIT target=6 elapsed=0s need=2s
UE 29 TTT_WAIT target=4 elapsed=0s need=2s
UE 31 TTT_WAIT target=2 elapsed=0s need=2s
UE 33 TTT_WAIT target=1 elapsed=0s need=2s
UE 35 TTT_WAIT target=3 elapsed=0s need=2s
UE 36 TTT_WAIT target=5 elapsed=0s need=2s
LM HO UE=38 rnti=94 2->3 type=TN servingRsrp=-130.355 targetRsrp=-95.6055 targetLoadReal=19/20 targetLoadEff=19/20
UE 41 TTT_WAIT target=11 elapsed=0s need=2s
UE 43 TTT_WAIT target=8 elapsed=0s need=2s
UE 44 TTT_WAIT target=1 elapsed=0s need=2s
UE 45 TTT_WAIT target=2 elapsed=0s need=2s
UE 47 TTT_WAIT target=2 elapsed=0s need=2s
LM HO UE=49 rnti=77 3->12 type=NTN servingRsrp=-103.394 targetRsrp=-85.7151 targetLoadReal=8/10 targetLoadEff=8/10
UE 50 TTT_WAIT target=5 elapsed=0s need=2s
LM HO UE=52 rnti=110 5->8 type=TN servingRsrp=-121.313 targetRsrp=-98.4415 targetLoadReal=17/20 targetLoadEff=17/20
UE 54 TTT_WAIT target=13 elapsed=0s need=2s
UE 55 TTT_WAIT target=6 elapsed=0s need=2s
UE 56 TTT_WAIT target=1 elapsed=0s need=2s
LM HO UE=58 rnti=84 3->8 type=TN servingRsrp=-117.993 targetRsrp=-94.4786 targetLoadReal=17/20 targetLoadEff=18/20
UE 59 TTT_WAIT target=6 elapsed=0s need=2s
UE 60 TTT_WAIT target=6 elapsed=0s need=2s
UE 63 TTT_WAIT target=2 elapsed=0s need=2s
UE 66 TTT_WAIT target=5 elapsed=0s need=2s
LM HO UE=68 rnti=87 3->4 type=TN servingRsrp=-135.979 targetRsrp=-88.0198 targetLoadReal=18/20 targetLoadEff=18/20
UE 69 TTT_WAIT target=1 elapsed=0s need=2s
UE 70 TTT_WAIT target=8 elapsed=0s need=2s
UE 71 TTT_WAIT target=9 elapsed=0s need=2s
UE 72 TTT_WAIT target=4 elapsed=0s need=2s
UE 73 TTT_WAIT target=6 elapsed=0s need=2s
UE 74 TTT_WAIT target=2 elapsed=0s need=2s
UE 75 TTT_WAIT target=2 elapsed=0s need=2s
LM HO_FAIL_LOW_RSRP UE=77 currCell=1 candCell=6 candRsrp=-122.567 < min=-120
UE 82 TTT_WAIT target=6 elapsed=0s need=2s
UE 83 TTT_WAIT target=1 elapsed=0s need=2s
LM HO UE=84 rnti=130 7->6 type=TN servingRsrp=-117.677 targetRsrp=-86.1627 targetLoadReal=17/20 targetLoadEff=17/20
UE 85 TTT_WAIT target=11 elapsed=0s need=2s
UE 88 TTT_WAIT target=5 elapsed=0s need=2s
UE 90 TTT_WAIT target=6 elapsed=0s need=2s
UE 91 TTT_WAIT target=6 elapsed=0s need=2s
LM HO UE=92 rnti=73 3->5 type=TN servingRsrp=-114.208 targetRsrp=-66.5465 targetLoadReal=18/20 targetLoadEff=18/20
UE 94 TTT_WAIT target=6 elapsed=0s need=2s
LM HO UE=95 rnti=119 1->8 type=TN servingRsrp=-126.36 targetRsrp=-100.521 targetLoadReal=17/20 targetLoadEff=19/20
UE 98 TTT_WAIT target=11 elapsed=0s need=2s
UE 99 TTT_WAIT target=6 elapsed=0s need=2s
LM HO UE=101 rnti=53 4->6 type=TN servingRsrp=-100.436 targetRsrp=-86.0538 targetLoadReal=17/20 targetLoadEff=18/20
UE 103 TTT_WAIT target=5 elapsed=0s need=2s
UE 104 TTT_WAIT target=2 elapsed=0s need=2s
UE 105 TTT_WAIT target=5 elapsed=0s need=2s
UE 107 TTT_WAIT target=12 elapsed=0s need=2s
UE 108 TTT_WAIT target=1 elapsed=0s need=2s
UE 109 TTT_WAIT target=6 elapsed=0s need=2s
LM HO UE=110 rnti=120 14->6 type=TN servingRsrp=-135.821 targetRsrp=-96.1865 targetLoadReal=17/20 targetLoadEff=19/20
UE 112 TTT_WAIT target=4 elapsed=0s need=2s
UE 113 TTT_WAIT target=5 elapsed=0s need=2s
UE 115 TTT_WAIT target=2 elapsed=0s need=2s
UE 118 TTT_WAIT target=2 elapsed=0s need=2s
UE 120 TTT_WAIT target=4 elapsed=0s need=2s
UE 121 TTT_WAIT target=5 elapsed=0s need=2s
UE 122 TTT_WAIT target=13 elapsed=0s need=2s
UE 124 TTT_WAIT target=5 elapsed=0s need=2s
UE 125 TTT_WAIT target=5 elapsed=0s need=2s
UE 127 TTT_WAIT target=9 elapsed=0s need=2s
UE 128 TTT_WAIT target=1 elapsed=0s need=2s
UE 130 TTT_WAIT target=2 elapsed=0s need=2s
UE 131 TTT_WAIT target=5 elapsed=0s need=2s
UE 134 TTT_WAIT target=4 elapsed=0s need=2s
UE 137 TTT_WAIT target=11 elapsed=0s need=2s
UE 138 TTT_WAIT target=5 elapsed=0s need=2s
UE 140 TTT_WAIT target=1 elapsed=0s need=2s
UE 141 TTT_WAIT target=11 elapsed=0s need=2s
UE 142 TTT_WAIT target=5 elapsed=0s need=2s
UE 143 TTT_WAIT target=5 elapsed=0s need=2s
UE 144 TTT_WAIT target=13 elapsed=0s need=2s
UE 146 TTT_WAIT target=1 elapsed=0s need=2s
LM HO_FAIL_LOW_RSRP UE=147 currCell=5 candCell=11 candRsrp=-126.065 < min=-120
UE 148 TTT_WAIT target=4 elapsed=0s need=2s
UE 149 TTT_WAIT target=13 elapsed=0s need=2s
UE 151 TTT_WAIT target=12 elapsed=0s need=2s
UE 153 TTT_WAIT target=4 elapsed=0s need=2s
UE 155 TTT_WAIT target=11 elapsed=0s need=2s
UE 156 TTT_WAIT target=5 elapsed=0s need=2s
LM HO UE=158 rnti=120 8->1 type=TN servingRsrp=-119.487 targetRsrp=-117.1 targetLoadReal=18/20 targetLoadEff=18/20
UE 159 TTT_WAIT target=9 elapsed=0s need=2s
UE 160 TTT_WAIT target=5 elapsed=0s need=2s
UE 161 TTT_WAIT target=5 elapsed=0s need=2s
UE 163 TTT_WAIT target=2 elapsed=0s need=2s
UE 164 TTT_WAIT target=4 elapsed=0s need=2s
UE 165 TTT_WAIT target=4 elapsed=0s need=2s
UE 167 TTT_WAIT target=4 elapsed=0s need=2s
LM HO UE=175 rnti=67 5->13 type=NTN servingRsrp=-119.627 targetRsrp=-114.26 targetLoadReal=8/10 targetLoadEff=8/10
UE 176 TTT_WAIT target=2 elapsed=0s need=2s
LM HO_FAIL_LOW_RSRP UE=178 currCell=1 candCell=9 candRsrp=-129.237 < min=-120
UE 179 TTT_WAIT target=1 elapsed=0s need=2s
UE 180 TTT_WAIT target=4 elapsed=0s need=2s
UE 181 TTT_WAIT target=5 elapsed=0s need=2s
UE 182 TTT_WAIT target=1 elapsed=0s need=2s
UE 185 TTT_WAIT target=13 elapsed=0s need=2s
UE 187 TTT_WAIT target=4 elapsed=0s need=2s
LM HO UE=188 rnti=96 6->1 type=TN servingRsrp=-123.624 targetRsrp=-75.5477 targetLoadReal=18/20 targetLoadEff=19/20
LM HO_FAIL_LOW_RSRP UE=190 currCell=2 candCell=11 candRsrp=-129.748 < min=-120
UE 191 TTT_WAIT target=12 elapsed=0s need=2s
UE 192 TTT_WAIT target=2 elapsed=0s need=2s
UE 193 TTT_WAIT target=5 elapsed=0s need=2s
UE 194 TTT_WAIT target=2 elapsed=0s need=2s
LM HO UE=195 rnti=8 1->12 type=NTN servingRsrp=-106.06 targetRsrp=-90.3146 targetLoadReal=8/10 targetLoadEff=9/10
UE 196 TTT_WAIT target=9 elapsed=0s need=2s
UE 199 TTT_WAIT target=5 elapsed=0s need=2s
UE 200 TTT_WAIT target=9 elapsed=0s need=2s
UE 201 TTT_WAIT target=5 elapsed=0s need=2s
UE 204 TTT_WAIT target=5 elapsed=0s need=2s
UE 205 TTT_WAIT target=5 elapsed=0s need=2s
UE 209 TTT_WAIT target=5 elapsed=0s need=2s
UE 211 TTT_WAIT target=5 elapsed=0s need=2s
UE 213 TTT_WAIT target=11 elapsed=0s need=2s
UE 214 TTT_WAIT target=2 elapsed=0s need=2s
LM HO UE=216 rnti=116 8->4 type=TN servingRsrp=-120.69 targetRsrp=-114.814 targetLoadReal=18/20 targetLoadEff=19/20
UE 217 TTT_WAIT target=2 elapsed=0s need=2s
LM HO_FAIL_LOW_RSRP UE=220 currCell=3 candCell=11 candRsrp=-125.203 < min=-120
UE 224 TTT_WAIT target=2 elapsed=0s need=2s
UE 225 TTT_WAIT target=5 elapsed=0s need=2s
UE 229 TTT_WAIT target=5 elapsed=0s need=2s
LM HO_FAIL_LOW_RSRP UE=230 currCell=4 candCell=13 candRsrp=-121.678 < min=-120
LM HO_FAIL_LOW_RSRP UE=231 currCell=7 candCell=13 candRsrp=-122.198 < min=-120
LM HO_FAIL_LOW_RSRP UE=233 currCell=3 candCell=9 candRsrp=-132.612 < min=-120
UE 235 TTT_WAIT target=13 elapsed=0s need=2s
UE 237 TTT_WAIT target=11 elapsed=0s need=2s
LM HO_FAIL_LOW_RSRP UE=239 currCell=5 candCell=13 candRsrp=-126.666 < min=-120
LM HO_FAIL_LOW_RSRP UE=240 currCell=8 candCell=13 candRsrp=-121.489 < min=-120
UE 241 TTT_WAIT target=5 elapsed=0s need=2s
UE 242 TTT_WAIT target=2 elapsed=0s need=2s
UE 243 TTT_WAIT target=5 elapsed=0s need=2s
UE 244 TTT_WAIT target=5 elapsed=0s need=2s
---- INIT_ATTACH t=108 UE(imsi)=16 ----
  INIT_ATTACH_FAIL_ALL_LOW_RSRP: UE(imsi)=16 bestRsrp=-133.99 < min=-120 (all cells below threshold) retryIn=2s
---- INIT_ATTACH t=108 UE(imsi)=20 ----
  INIT_ATTACH_FAIL_ALL_LOW_RSRP: UE(imsi)=20 bestRsrp=-143.803 < min=-120 (all cells below threshold) retryIn=2s
---- INIT_ATTACH t=108 UE(imsi)=23 ----
  INIT_ATTACH_FAIL_ALL_LOW_RSRP: UE(imsi)=23 bestRsrp=-138.187 < min=-120 (all cells below threshold) retryIn=2s
---- INIT_ATTACH t=108 UE(imsi)=29 ----
  INIT_ATTACH_FAIL_ALL_LOW_RSRP: UE(imsi)=29 bestRsrp=-150.947 < min=-120 (all cells below threshold) retryIn=2s
---- INIT_ATTACH t=108 UE(imsi)=36 ----
  INIT_ATTACH_FAIL_ALL_LOW_RSRP: UE(imsi)=36 bestRsrp=-136.749 < min=-120 (all cells below threshold) retryIn=2s
---- INIT_ATTACH t=108 UE(imsi)=38 ----
  INIT_ATTACH_FAIL_ALL_LOW_RSRP: UE(imsi)=38 bestRsrp=-147.389 < min=-120 (all cells below threshold) retryIn=2s
---- INIT_ATTACH t=108 UE(imsi)=54 ----
  INIT_ATTACH_FAIL_ALL_LOW_RSRP: UE(imsi)=54 bestRsrp=-123.276 < min=-120 (all cells below threshold) retryIn=2s
---- INIT_ATTACH t=108 UE(imsi)=55 ----
  INIT_ATTACH_FAIL_ALL_LOW_RSRP: UE(imsi)=55 bestRsrp=-147.224 < min=-120 (all cells below threshold) retryIn=2s
---- INIT_ATTACH t=108 UE(imsi)=61 ----
  INIT_ATTACH_FAIL_ALL_LOW_RSRP: UE(imsi)=61 bestRsrp=-131.51 < min=-120 (all cells below threshold) retryIn=2s
---- INIT_ATTACH t=108 UE(imsi)=68 ----
  INIT_ATTACH_FAIL_ALL_LOW_RSRP: UE(imsi)=68 bestRsrp=-133.189 < min=-120 (all cells below threshold) retryIn=2s
---- INIT_ATTACH t=108 UE(imsi)=73 ----
  INIT_ATTACH_FAIL_ALL_LOW_RSRP: UE(imsi)=73 bestRsrp=-138.087 < min=-120 (all cells below threshold) retryIn=2s
---- INIT_ATTACH t=108 UE(imsi)=81 ----
  INIT_ATTACH_FAIL_ALL_LOW_RSRP: UE(imsi)=81 bestRsrp=-139.3 < min=-120 (all cells below threshold) retryIn=2s
---- INIT_ATTACH t=108 UE(imsi)=116 ----
  INIT_ATTACH_FAIL_ALL_LOW_RSRP: UE(imsi)=116 bestRsrp=-145.266 < min=-120 (all cells below threshold) retryIn=2s
---- INIT_ATTACH t=108 UE(imsi)=120 ----
  INIT_ATTACH_FAIL_ALL_LOW_RSRP: UE(imsi)=120 bestRsrp=-135.532 < min=-120 (all cells below threshold) retryIn=2s
---- INIT_ATTACH t=108 UE(imsi)=122 ----
  INIT_ATTACH_FAIL_ALL_LOW_RSRP: UE(imsi)=122 bestRsrp=-149.772 < min=-120 (all cells below threshold) retryIn=2s
---- INIT_ATTACH t=108 UE(imsi)=144 ----
  INIT_ATTACH_FAIL_ALL_LOW_RSRP: UE(imsi)=144 bestRsrp=-145.133 < min=-120 (all cells below threshold) retryIn=2s
---- INIT_ATTACH t=108 UE(imsi)=146 ----
  INIT_ATTACH_FAIL_ALL_LOW_RSRP: UE(imsi)=146 bestRsrp=-124.299 < min=-120 (all cells below threshold) retryIn=2s
---- INIT_ATTACH t=108 UE(imsi)=165 ----
  INIT_ATTACH_FAIL_ALL_LOW_RSRP: UE(imsi)=165 bestRsrp=-134.283 < min=-120 (all cells below threshold) retryIn=2s
---- INIT_ATTACH t=108 UE(imsi)=171 ----
  INIT_ATTACH_FAIL_ALL_LOW_RSRP: UE(imsi)=171 bestRsrp=-148.002 < min=-120 (all cells below threshold) retryIn=2s
---- INIT_ATTACH t=108 UE(imsi)=179 ----
  INIT_ATTACH_FAIL_ALL_LOW_RSRP: UE(imsi)=179 bestRsrp=-143.785 < min=-120 (all cells below threshold) retryIn=2s
---- INIT_ATTACH t=108 UE(imsi)=181 ----
  INIT_ATTACH_FAIL_ALL_LOW_RSRP: UE(imsi)=181 bestRsrp=-135.554 < min=-120 (all cells below threshold) retryIn=2s
---- INIT_ATTACH t=108 UE(imsi)=192 ----
  INIT_ATTACH_FAIL_ALL_LOW_RSRP: UE(imsi)=192 bestRsrp=-145.878 < min=-120 (all cells below threshold) retryIn=2s
---- INIT_ATTACH t=108 UE(imsi)=195 ----
  INIT_ATTACH_FAIL_ALL_LOW_RSRP: UE(imsi)=195 bestRsrp=-138.877 < min=-120 (all cells below threshold) retryIn=2s
---- INIT_ATTACH t=108 UE(imsi)=200 ----
  INIT_ATTACH_FAIL_ALL_LOW_RSRP: UE(imsi)=200 bestRsrp=-139.17 < min=-120 (all cells below threshold) retryIn=2s
---- INIT_ATTACH t=108 UE(imsi)=203 ----
  INIT_ATTACH_FAIL_ALL_LOW_RSRP: UE(imsi)=203 bestRsrp=-150.208 < min=-120 (all cells below threshold) retryIn=2s
---- INIT_ATTACH t=108 UE(imsi)=214 ----
  INIT_ATTACH_FAIL_ALL_LOW_RSRP: UE(imsi)=214 bestRsrp=-136.024 < min=-120 (all cells below threshold) retryIn=2s
---- INIT_ATTACH t=108 UE(imsi)=220 ----
  INIT_ATTACH_FAIL_ALL_LOW_RSRP: UE(imsi)=220 bestRsrp=-150.455 < min=-120 (all cells below threshold) retryIn=2s
---- INIT_ATTACH t=108 UE(imsi)=230 ----
  INIT_ATTACH_FAIL_ALL_LOW_RSRP: UE(imsi)=230 bestRsrp=-131.147 < min=-120 (all cells below threshold) retryIn=2s
---- INIT_ATTACH t=108 UE(imsi)=231 ----
  INIT_ATTACH_FAIL_ALL_LOW_RSRP: UE(imsi)=231 bestRsrp=-131.104 < min=-120 (all cells below threshold) retryIn=2s
---- INIT_ATTACH t=108 UE(imsi)=233 ----
  INIT_ATTACH_FAIL_ALL_LOW_RSRP: UE(imsi)=233 bestRsrp=-138.44 < min=-120 (all cells below threshold) retryIn=2s
---- INIT_ATTACH t=108 UE(imsi)=240 ----
  INIT_ATTACH_FAIL_ALL_LOW_RSRP: UE(imsi)=240 bestRsrp=-139.324 < min=-120 (all cells below threshold) retryIn=2s
---- INIT_ATTACH t=110 UE(imsi)=16 ----
  candOK0 cell=13 rsrp=-116.378 occ=9/10 -> OK
  SELECT cell=13 rsrp=-116.378 occ(afterReserve)=10/10
  INIT_ATTACH_OK: UE(imsi)=16 -> cell=13
---- INIT_ATTACH t=110 UE(imsi)=20 ----
  INIT_ATTACH_FAIL_ALL_LOW_RSRP: UE(imsi)=20 bestRsrp=-140.642 < min=-120 (all cells below threshold) retryIn=2s
---- INIT_ATTACH t=110 UE(imsi)=23 ----
  INIT_ATTACH_FAIL_ALL_LOW_RSRP: UE(imsi)=23 bestRsrp=-134.195 < min=-120 (all cells below threshold) retryIn=2s
---- INIT_ATTACH t=110 UE(imsi)=29 ----
  INIT_ATTACH_FAIL_ALL_LOW_RSRP: UE(imsi)=29 bestRsrp=-152.03 < min=-120 (all cells below threshold) retryIn=2s
---- INIT_ATTACH t=110 UE(imsi)=36 ----
  INIT_ATTACH_FAIL_ALL_LOW_RSRP: UE(imsi)=36 bestRsrp=-136.161 < min=-120 (all cells below threshold) retryIn=2s
---- INIT_ATTACH t=110 UE(imsi)=38 ----
  INIT_ATTACH_FAIL_ALL_LOW_RSRP: UE(imsi)=38 bestRsrp=-146.695 < min=-120 (all cells below threshold) retryIn=2s
---- INIT_ATTACH t=110 UE(imsi)=54 ----
  INIT_ATTACH_FAIL_ALL_LOW_RSRP: UE(imsi)=54 bestRsrp=-123.784 < min=-120 (all cells below threshold) retryIn=2s
---- INIT_ATTACH t=110 UE(imsi)=55 ----
  INIT_ATTACH_FAIL_ALL_LOW_RSRP: UE(imsi)=55 bestRsrp=-148.528 < min=-120 (all cells below threshold) retryIn=2s
---- INIT_ATTACH t=110 UE(imsi)=61 ----
  INIT_ATTACH_FAIL_ALL_LOW_RSRP: UE(imsi)=61 bestRsrp=-133.135 < min=-120 (all cells below threshold) retryIn=2s
---- INIT_ATTACH t=110 UE(imsi)=68 ----
  INIT_ATTACH_FAIL_ALL_LOW_RSRP: UE(imsi)=68 bestRsrp=-120.16 < min=-120 (all cells below threshold) retryIn=2s
---- INIT_ATTACH t=110 UE(imsi)=73 ----
  INIT_ATTACH_FAIL_ALL_LOW_RSRP: UE(imsi)=73 bestRsrp=-139.793 < min=-120 (all cells below threshold) retryIn=2s
---- INIT_ATTACH t=110 UE(imsi)=81 ----
  INIT_ATTACH_FAIL_ALL_LOW_RSRP: UE(imsi)=81 bestRsrp=-140.281 < min=-120 (all cells below threshold) retryIn=2s
---- INIT_ATTACH t=110 UE(imsi)=116 ----
  INIT_ATTACH_FAIL_ALL_LOW_RSRP: UE(imsi)=116 bestRsrp=-147.424 < min=-120 (all cells below threshold) retryIn=2s
---- INIT_ATTACH t=110 UE(imsi)=120 ----
  INIT_ATTACH_FAIL_ALL_LOW_RSRP: UE(imsi)=120 bestRsrp=-138.919 < min=-120 (all cells below threshold) retryIn=2s
---- INIT_ATTACH t=110 UE(imsi)=122 ----
  INIT_ATTACH_FAIL_ALL_LOW_RSRP: UE(imsi)=122 bestRsrp=-149.513 < min=-120 (all cells below threshold) retryIn=2s
---- INIT_ATTACH t=110 UE(imsi)=144 ----
  INIT_ATTACH_FAIL_ALL_LOW_RSRP: UE(imsi)=144 bestRsrp=-143.803 < min=-120 (all cells below threshold) retryIn=2s
---- INIT_ATTACH t=110 UE(imsi)=146 ----
  INIT_ATTACH_FAIL_ALL_LOW_RSRP: UE(imsi)=146 bestRsrp=-123.199 < min=-120 (all cells below threshold) retryIn=2s
---- INIT_ATTACH t=110 UE(imsi)=165 ----
  INIT_ATTACH_FAIL_ALL_LOW_RSRP: UE(imsi)=165 bestRsrp=-134.522 < min=-120 (all cells below threshold) retryIn=2s
---- INIT_ATTACH t=110 UE(imsi)=171 ----
  INIT_ATTACH_FAIL_ALL_LOW_RSRP: UE(imsi)=171 bestRsrp=-147.052 < min=-120 (all cells below threshold) retryIn=2s
---- INIT_ATTACH t=110 UE(imsi)=179 ----
  INIT_ATTACH_FAIL_ALL_LOW_RSRP: UE(imsi)=179 bestRsrp=-140.205 < min=-120 (all cells below threshold) retryIn=2s
---- INIT_ATTACH t=110 UE(imsi)=181 ----
  INIT_ATTACH_FAIL_ALL_LOW_RSRP: UE(imsi)=181 bestRsrp=-132.056 < min=-120 (all cells below threshold) retryIn=2s
---- INIT_ATTACH t=110 UE(imsi)=192 ----
  INIT_ATTACH_FAIL_ALL_LOW_RSRP: UE(imsi)=192 bestRsrp=-145.222 < min=-120 (all cells below threshold) retryIn=2s
---- INIT_ATTACH t=110 UE(imsi)=195 ----
  INIT_ATTACH_FAIL_ALL_LOW_RSRP: UE(imsi)=195 bestRsrp=-138.082 < min=-120 (all cells below threshold) retryIn=2s
---- INIT_ATTACH t=110 UE(imsi)=200 ----
  INIT_ATTACH_FAIL_ALL_LOW_RSRP: UE(imsi)=200 bestRsrp=-139.877 < min=-120 (all cells below threshold) retryIn=2s
---- INIT_ATTACH t=110 UE(imsi)=203 ----
  INIT_ATTACH_FAIL_ALL_LOW_RSRP: UE(imsi)=203 bestRsrp=-151.46 < min=-120 (all cells below threshold) retryIn=2s
---- INIT_ATTACH t=110 UE(imsi)=214 ----
  INIT_ATTACH_FAIL_ALL_LOW_RSRP: UE(imsi)=214 bestRsrp=-135.676 < min=-120 (all cells below threshold) retryIn=2s
---- INIT_ATTACH t=110 UE(imsi)=220 ----
  INIT_ATTACH_FAIL_ALL_LOW_RSRP: UE(imsi)=220 bestRsrp=-148.66 < min=-120 (all cells below threshold) retryIn=2s
---- INIT_ATTACH t=110 UE(imsi)=230 ----
  INIT_ATTACH_FAIL_ALL_LOW_RSRP: UE(imsi)=230 bestRsrp=-129.216 < min=-120 (all cells below threshold) retryIn=2s
---- INIT_ATTACH t=110 UE(imsi)=231 ----
  INIT_ATTACH_FAIL_ALL_LOW_RSRP: UE(imsi)=231 bestRsrp=-131.131 < min=-120 (all cells below threshold) retryIn=2s
---- INIT_ATTACH t=110 UE(imsi)=233 ----
  INIT_ATTACH_FAIL_ALL_LOW_RSRP: UE(imsi)=233 bestRsrp=-139.401 < min=-120 (all cells below threshold) retryIn=2s
---- INIT_ATTACH t=110 UE(imsi)=240 ----
  INIT_ATTACH_FAIL_ALL_LOW_RSRP: UE(imsi)=240 bestRsrp=-140.357 < min=-120 (all cells below threshold) retryIn=2s
---- INIT_ATTACH t=112 UE(imsi)=20 ----
  INIT_ATTACH_FAIL_ALL_LOW_RSRP: UE(imsi)=20 bestRsrp=-140.864 < min=-120 (all cells below threshold) retryIn=2s
---- INIT_ATTACH t=112 UE(imsi)=23 ----
  INIT_ATTACH_FAIL_ALL_LOW_RSRP: UE(imsi)=23 bestRsrp=-137.12 < min=-120 (all cells below threshold) retryIn=2s
---- INIT_ATTACH t=112 UE(imsi)=29 ----
  INIT_ATTACH_FAIL_ALL_LOW_RSRP: UE(imsi)=29 bestRsrp=-149.412 < min=-120 (all cells below threshold) retryIn=2s
---- INIT_ATTACH t=112 UE(imsi)=36 ----
  INIT_ATTACH_FAIL_ALL_LOW_RSRP: UE(imsi)=36 bestRsrp=-138.238 < min=-120 (all cells below threshold) retryIn=2s
---- INIT_ATTACH t=112 UE(imsi)=38 ----
  INIT_ATTACH_FAIL_ALL_LOW_RSRP: UE(imsi)=38 bestRsrp=-147.394 < min=-120 (all cells below threshold) retryIn=2s
---- INIT_ATTACH t=112 UE(imsi)=54 ----
  INIT_ATTACH_FAIL_ALL_LOW_RSRP: UE(imsi)=54 bestRsrp=-133.174 < min=-120 (all cells below threshold) retryIn=2s
---- INIT_ATTACH t=112 UE(imsi)=55 ----
  INIT_ATTACH_FAIL_ALL_LOW_RSRP: UE(imsi)=55 bestRsrp=-152.163 < min=-120 (all cells below threshold) retryIn=2s
---- INIT_ATTACH t=112 UE(imsi)=61 ----
  INIT_ATTACH_FAIL_ALL_LOW_RSRP: UE(imsi)=61 bestRsrp=-129.365 < min=-120 (all cells below threshold) retryIn=2s
---- INIT_ATTACH t=112 UE(imsi)=68 ----
  INIT_ATTACH_FAIL_ALL_LOW_RSRP: UE(imsi)=68 bestRsrp=-133.293 < min=-120 (all cells below threshold) retryIn=2s
---- INIT_ATTACH t=112 UE(imsi)=73 ----
  INIT_ATTACH_FAIL_ALL_LOW_RSRP: UE(imsi)=73 bestRsrp=-137.095 < min=-120 (all cells below threshold) retryIn=2s
---- INIT_ATTACH t=112 UE(imsi)=81 ----
  INIT_ATTACH_FAIL_ALL_LOW_RSRP: UE(imsi)=81 bestRsrp=-138.373 < min=-120 (all cells below threshold) retryIn=2s
---- INIT_ATTACH t=112 UE(imsi)=116 ----
  INIT_ATTACH_FAIL_ALL_LOW_RSRP: UE(imsi)=116 bestRsrp=-143.942 < min=-120 (all cells below threshold) retryIn=2s
---- INIT_ATTACH t=112 UE(imsi)=120 ----
  INIT_ATTACH_FAIL_ALL_LOW_RSRP: UE(imsi)=120 bestRsrp=-140.296 < min=-120 (all cells below threshold) retryIn=2s
---- INIT_ATTACH t=112 UE(imsi)=122 ----
  INIT_ATTACH_FAIL_ALL_LOW_RSRP: UE(imsi)=122 bestRsrp=-149.307 < min=-120 (all cells below threshold) retryIn=2s
---- INIT_ATTACH t=112 UE(imsi)=144 ----
  INIT_ATTACH_FAIL_ALL_LOW_RSRP: UE(imsi)=144 bestRsrp=-142.82 < min=-120 (all cells below threshold) retryIn=2s
---- INIT_ATTACH t=112 UE(imsi)=146 ----
  INIT_ATTACH_FAIL_ALL_LOW_RSRP: UE(imsi)=146 bestRsrp=-122.862 < min=-120 (all cells below threshold) retryIn=2s
---- INIT_ATTACH t=112 UE(imsi)=165 ----
  INIT_ATTACH_FAIL_ALL_LOW_RSRP: UE(imsi)=165 bestRsrp=-135.726 < min=-120 (all cells below threshold) retryIn=2s
---- INIT_ATTACH t=112 UE(imsi)=171 ----
  INIT_ATTACH_FAIL_ALL_LOW_RSRP: UE(imsi)=171 bestRsrp=-148.315 < min=-120 (all cells below threshold) retryIn=2s
---- INIT_ATTACH t=112 UE(imsi)=179 ----
  INIT_ATTACH_FAIL_ALL_LOW_RSRP: UE(imsi)=179 bestRsrp=-141.458 < min=-120 (all cells below threshold) retryIn=2s
---- INIT_ATTACH t=112 UE(imsi)=181 ----
  INIT_ATTACH_FAIL_ALL_LOW_RSRP: UE(imsi)=181 bestRsrp=-134.106 < min=-120 (all cells below threshold) retryIn=2s
---- INIT_ATTACH t=112 UE(imsi)=192 ----
  INIT_ATTACH_FAIL_ALL_LOW_RSRP: UE(imsi)=192 bestRsrp=-144.034 < min=-120 (all cells below threshold) retryIn=2s
---- INIT_ATTACH t=112 UE(imsi)=195 ----
  INIT_ATTACH_FAIL_ALL_LOW_RSRP: UE(imsi)=195 bestRsrp=-138.982 < min=-120 (all cells below threshold) retryIn=2s
---- INIT_ATTACH t=112 UE(imsi)=200 ----
  INIT_ATTACH_FAIL_ALL_LOW_RSRP: UE(imsi)=200 bestRsrp=-138.791 < min=-120 (all cells below threshold) retryIn=2s
---- INIT_ATTACH t=112 UE(imsi)=203 ----
  INIT_ATTACH_FAIL_ALL_LOW_RSRP: UE(imsi)=203 bestRsrp=-151.471 < min=-120 (all cells below threshold) retryIn=2s
---- INIT_ATTACH t=112 UE(imsi)=214 ----
  INIT_ATTACH_FAIL_ALL_LOW_RSRP: UE(imsi)=214 bestRsrp=-138.9 < min=-120 (all cells below threshold) retryIn=2s
---- INIT_ATTACH t=112 UE(imsi)=220 ----
  INIT_ATTACH_FAIL_ALL_LOW_RSRP: UE(imsi)=220 bestRsrp=-148.857 < min=-120 (all cells below threshold) retryIn=2s
---- INIT_ATTACH t=112 UE(imsi)=230 ----
  INIT_ATTACH_FAIL_ALL_LOW_RSRP: UE(imsi)=230 bestRsrp=-131.412 < min=-120 (all cells below threshold) retryIn=2s
---- INIT_ATTACH t=112 UE(imsi)=231 ----
  INIT_ATTACH_FAIL_ALL_LOW_RSRP: UE(imsi)=231 bestRsrp=-134.653 < min=-120 (all cells below threshold) retryIn=2s
---- INIT_ATTACH t=112 UE(imsi)=233 ----
  INIT_ATTACH_FAIL_ALL_LOW_RSRP: UE(imsi)=233 bestRsrp=-141.474 < min=-120 (all cells below threshold) retryIn=2s
---- INIT_ATTACH t=112 UE(imsi)=240 ----
  INIT_ATTACH_FAIL_ALL_LOW_RSRP: UE(imsi)=240 bestRsrp=-140.562 < min=-120 (all cells below threshold) retryIn=2s
---- LOAD at t=112.5 ----
  cell 1 (TN) load=18/20
  cell 2 (TN) load=17/20
  cell 3 (TN) load=16/20
  cell 4 (TN) load=19/20
  cell 5 (TN) load=17/20
  cell 6 (TN) load=19/20
  cell 7 (TN) load=19/20
  cell 8 (TN) load=18/20
  cell 9 (NTN) load=9/10
  cell 10 (NTN) load=10/10
  cell 11 (NTN) load=9/10
  cell 12 (NTN) load=10/10
  cell 13 (NTN) load=10/10
  cell 14 (NTN) load=9/10
UE 15 TTT_WAIT target=1 elapsed=0s need=2s
UE 16 TTT_WAIT target=2 elapsed=0s need=2s
UE 17 TTT_WAIT target=6 elapsed=0s need=2s
UE 19 TTT_WAIT target=1 elapsed=0s need=2s
UE 21 TTT_WAIT target=8 elapsed=0s need=2s
UE 22 TTT_WAIT target=3 elapsed=0s need=2s
LM HO UE=24 rnti=51 4->3 type=TN servingRsrp=-124.613 targetRsrp=-82.8469 targetLoadReal=16/20 targetLoadEff=16/20
UE 26 TTT_WAIT target=11 elapsed=0s need=2s
UE 27 TTT_WAIT target=4 elapsed=0s need=2s
LM HO UE=28 rnti=144 10->6 type=TN servingRsrp=-125.765 targetRsrp=-92.283 targetLoadReal=19/20 targetLoadEff=19/20
UE 29 TTT_WAIT target=3 elapsed=0s need=2s
UE 31 TTT_WAIT target=9 elapsed=0s need=2s
UE 33 TTT_WAIT target=4 elapsed=0s need=2s
UE 35 TTT_WAIT target=8 elapsed=0s need=2s
UE 38 TTT_WAIT target=2 elapsed=0s need=2s
UE 39 TTT_WAIT target=7 elapsed=0s need=2s
UE 40 TTT_WAIT target=5 elapsed=0s need=2s
UE 42 TTT_WAIT target=1 elapsed=0s need=2s
LM HO UE=44 rnti=119 8->1 type=TN servingRsrp=-136.821 targetRsrp=-93.7204 targetLoadReal=18/20 targetLoadEff=18/20
UE 45 TTT_WAIT target=1 elapsed=0s need=2s
UE 46 TTT_WAIT target=3 elapsed=0s need=2s
LM HO UE=47 rnti=106 1->2 type=TN servingRsrp=-78.6705 targetRsrp=-75.4226 targetLoadReal=17/20 targetLoadEff=17/20
UE 49 TTT_WAIT target=3 elapsed=0s need=2s
UE 50 TTT_WAIT target=3 elapsed=0s need=2s
UE 53 TTT_WAIT target=7 elapsed=0s need=2s
UE 56 TTT_WAIT target=7 elapsed=0s need=2s
UE 58 TTT_WAIT target=4 elapsed=0s need=2s
UE 60 TTT_WAIT target=5 elapsed=0s need=2s
UE 62 TTT_WAIT target=4 elapsed=0s need=2s
LM HO_FAIL_LOW_RSRP UE=63 currCell=3 candCell=11 candRsrp=-120.309 < min=-120
UE 64 TTT_WAIT target=1 elapsed=0s need=2s
UE 68 TTT_WAIT target=3 elapsed=0s need=2s
UE 70 TTT_WAIT target=2 elapsed=0s need=2s
UE 71 TTT_WAIT target=2 elapsed=0s need=2s
UE 72 TTT_WAIT target=5 elapsed=0s need=2s
UE 73 TTT_WAIT target=7 elapsed=0s need=2s
UE 74 TTT_WAIT target=1 elapsed=0s need=2s
UE 76 TTT_WAIT target=4 elapsed=0s need=2s
UE 77 TTT_WAIT target=7 elapsed=0s need=2s
UE 79 TTT_WAIT target=3 elapsed=0s need=2s
UE 83 TTT_WAIT target=2 elapsed=0s need=2s
UE 84 TTT_WAIT target=5 elapsed=0s need=2s
UE 85 TTT_WAIT target=4 elapsed=0s need=2s
LM HO UE=88 rnti=144 11->5 type=TN servingRsrp=-116.676 targetRsrp=-85.1673 targetLoadReal=17/20 targetLoadEff=17/20
UE 90 TTT_WAIT target=2 elapsed=0s need=2s
UE 91 TTT_WAIT target=8 elapsed=0s need=2s
UE 92 TTT_WAIT target=8 elapsed=0s need=2s
UE 96 TTT_WAIT target=1 elapsed=0s need=2s
UE 97 TTT_WAIT target=4 elapsed=0s need=2s
UE 101 TTT_WAIT target=4 elapsed=0s need=2s
UE 103 TTT_WAIT target=3 elapsed=0s need=2s
UE 104 TTT_WAIT target=3 elapsed=0s need=2s
LM HO UE=105 rnti=105 8->5 type=TN servingRsrp=-119.547 targetRsrp=-103.172 targetLoadReal=17/20 targetLoadEff=18/20
UE 107 TTT_WAIT target=2 elapsed=0s need=2s
UE 108 TTT_WAIT target=3 elapsed=0s need=2s
UE 109 TTT_WAIT target=9 elapsed=0s need=2s
UE 110 TTT_WAIT target=1 elapsed=0s need=2s
UE 111 TTT_WAIT target=4 elapsed=0s need=2s
LM HO UE=112 rnti=162 2->4 type=TN servingRsrp=-113.834 targetRsrp=-98.1278 targetLoadReal=19/20 targetLoadEff=19/20
UE 113 TTT_WAIT target=11 elapsed=0s need=2s
UE 114 TTT_WAIT target=1 elapsed=0s need=2s
UE 118 TTT_WAIT target=7 elapsed=0s need=2s
UE 120 TTT_WAIT target=8 elapsed=0s need=2s
UE 121 TTT_WAIT target=1 elapsed=0s need=2s
LM HO_FAIL_LOW_RSRP UE=122 currCell=12 candCell=11 candRsrp=-120.497 < min=-120
UE 123 TTT_WAIT target=3 elapsed=0s need=2s
UE 125 TTT_WAIT target=2 elapsed=0s need=2s
UE 127 TTT_WAIT target=3 elapsed=0s need=2s
UE 128 TTT_WAIT target=2 elapsed=0s need=2s
UE 129 TTT_WAIT target=2 elapsed=0s need=2s
UE 130 TTT_WAIT target=8 elapsed=0s need=2s
LM HO UE=131 rnti=81 8->5 type=TN servingRsrp=-127.388 targetRsrp=-91.4578 targetLoadReal=17/20 targetLoadEff=19/20
UE 132 TTT_WAIT target=2 elapsed=0s need=2s
UE 137 TTT_WAIT target=3 elapsed=0s need=2s
UE 138 TTT_WAIT target=3 elapsed=0s need=2s
LM HO UE=140 rnti=128 7->1 type=TN servingRsrp=-123.047 targetRsrp=-78.7385 targetLoadReal=18/20 targetLoadEff=19/20
LM HO UE=141 rnti=128 12->11 type=NTN servingRsrp=-126.544 targetRsrp=-86.1002 targetLoadReal=9/10 targetLoadEff=9/10
UE 144 TTT_WAIT target=2 elapsed=0s need=2s
UE 146 TTT_WAIT target=8 elapsed=0s need=2s
UE 147 TTT_WAIT target=8 elapsed=0s need=2s
UE 149 TTT_WAIT target=14 elapsed=0s need=2s
UE 150 TTT_WAIT target=8 elapsed=0s need=2s
UE 151 TTT_WAIT target=2 elapsed=0s need=2s
LM HO_FAIL_LOW_RSRP UE=153 currCell=3 candCell=14 candRsrp=-122.022 < min=-120
UE 155 TTT_WAIT target=3 elapsed=0s need=2s
UE 156 TTT_WAIT target=7 elapsed=0s need=2s
UE 157 TTT_WAIT target=3 elapsed=0s need=2s
UE 158 TTT_WAIT target=8 elapsed=0s need=2s
UE 162 TTT_WAIT target=3 elapsed=0s need=2s
UE 163 TTT_WAIT target=8 elapsed=0s need=2s
UE 164 TTT_WAIT target=7 elapsed=0s need=2s
UE 166 TTT_WAIT target=8 elapsed=0s need=2s
UE 167 TTT_WAIT target=7 elapsed=0s need=2s
UE 172 TTT_WAIT target=2 elapsed=0s need=2s
UE 173 TTT_WAIT target=2 elapsed=0s need=2s
UE 175 TTT_WAIT target=14 elapsed=0s need=2s
UE 178 TTT_WAIT target=7 elapsed=0s need=2s
LM HO_FAIL_LOW_RSRP UE=179 currCell=7 candCell=9 candRsrp=-120.924 < min=-120
LM HO_FAIL_LOW_RSRP UE=180 currCell=7 candCell=9 candRsrp=-134.125 < min=-120
UE 181 TTT_WAIT target=2 elapsed=0s need=2s
UE 182 TTT_WAIT target=3 elapsed=0s need=2s
UE 183 TTT_WAIT target=2 elapsed=0s need=2s
UE 185 TTT_WAIT target=3 elapsed=0s need=2s
UE 186 TTT_WAIT target=3 elapsed=0s need=2s
UE 188 TTT_WAIT target=7 elapsed=0s need=2s
UE 191 TTT_WAIT target=3 elapsed=0s need=2s
UE 192 TTT_WAIT target=9 elapsed=0s need=2s
UE 193 TTT_WAIT target=9 elapsed=0s need=2s
LM HO UE=194 rnti=67 6->2 type=TN servingRsrp=-112.887 targetRsrp=-85.8242 targetLoadReal=17/20 targetLoadEff=18/20
UE 195 TTT_WAIT target=2 elapsed=0s need=2s
UE 199 TTT_WAIT target=7 elapsed=0s need=2s
UE 200 TTT_WAIT target=2 elapsed=0s need=2s
UE 201 TTT_WAIT target=3 elapsed=0s need=2s
UE 202 TTT_WAIT target=8 elapsed=0s need=2s
UE 203 TTT_WAIT target=8 elapsed=0s need=2s
UE 204 TTT_WAIT target=7 elapsed=0s need=2s
UE 205 TTT_WAIT target=8 elapsed=0s need=2s
UE 206 TTT_WAIT target=3 elapsed=0s need=2s
LM HO_FAIL_LOW_RSRP UE=209 currCell=8 candCell=3 candRsrp=-126.82 < min=-120
UE 211 TTT_WAIT target=3 elapsed=0s need=2s
UE 213 TTT_WAIT target=2 elapsed=0s need=2s
UE 216 TTT_WAIT target=3 elapsed=0s need=2s
UE 219 TTT_WAIT target=8 elapsed=0s need=2s
UE 220 TTT_WAIT target=9 elapsed=0s need=2s
UE 221 TTT_WAIT target=7 elapsed=0s need=2s
UE 223 TTT_WAIT target=7 elapsed=0s need=2s
UE 224 TTT_WAIT target=3 elapsed=0s need=2s
UE 225 TTT_WAIT target=3 elapsed=0s need=2s
UE 226 TTT_WAIT target=2 elapsed=0s need=2s
UE 228 TTT_WAIT target=2 elapsed=0s need=2s
LM HO_FAIL_LOW_RSRP UE=234 currCell=3 candCell=7 candRsrp=-126.358 < min=-120
UE 237 TTT_WAIT target=2 elapsed=0s need=2s
LM HO_FAIL_LOW_RSRP UE=239 currCell=5 candCell=14 candRsrp=-124.2 < min=-120
UE 241 TTT_WAIT target=8 elapsed=0s need=2s
UE 243 TTT_WAIT target=3 elapsed=0s need=2s
---- INIT_ATTACH t=114 UE(imsi)=20 ----
  INIT_ATTACH_FAIL_ALL_LOW_RSRP: UE(imsi)=20 bestRsrp=-142.486 < min=-120 (all cells below threshold) retryIn=2s
---- INIT_ATTACH t=114 UE(imsi)=23 ----
  INIT_ATTACH_FAIL_ALL_LOW_RSRP: UE(imsi)=23 bestRsrp=-138.166 < min=-120 (all cells below threshold) retryIn=2s
---- INIT_ATTACH t=114 UE(imsi)=29 ----
  INIT_ATTACH_FAIL_ALL_LOW_RSRP: UE(imsi)=29 bestRsrp=-148.865 < min=-120 (all cells below threshold) retryIn=2s
---- INIT_ATTACH t=114 UE(imsi)=36 ----
  INIT_ATTACH_FAIL_ALL_LOW_RSRP: UE(imsi)=36 bestRsrp=-137.162 < min=-120 (all cells below threshold) retryIn=2s
---- INIT_ATTACH t=114 UE(imsi)=38 ----
  INIT_ATTACH_FAIL_ALL_LOW_RSRP: UE(imsi)=38 bestRsrp=-146.012 < min=-120 (all cells below threshold) retryIn=2s
---- INIT_ATTACH t=114 UE(imsi)=54 ----
  INIT_ATTACH_FAIL_ALL_LOW_RSRP: UE(imsi)=54 bestRsrp=-133.577 < min=-120 (all cells below threshold) retryIn=2s
---- INIT_ATTACH t=114 UE(imsi)=55 ----
  INIT_ATTACH_FAIL_ALL_LOW_RSRP: UE(imsi)=55 bestRsrp=-151.643 < min=-120 (all cells below threshold) retryIn=2s
---- INIT_ATTACH t=114 UE(imsi)=61 ----
  INIT_ATTACH_FAIL_ALL_LOW_RSRP: UE(imsi)=61 bestRsrp=-127.988 < min=-120 (all cells below threshold) retryIn=2s
---- INIT_ATTACH t=114 UE(imsi)=68 ----
  INIT_ATTACH_FAIL_ALL_LOW_RSRP: UE(imsi)=68 bestRsrp=-131.86 < min=-120 (all cells below threshold) retryIn=2s
---- INIT_ATTACH t=114 UE(imsi)=73 ----
  INIT_ATTACH_FAIL_ALL_LOW_RSRP: UE(imsi)=73 bestRsrp=-138.748 < min=-120 (all cells below threshold) retryIn=2s
---- INIT_ATTACH t=114 UE(imsi)=81 ----
  INIT_ATTACH_FAIL_ALL_LOW_RSRP: UE(imsi)=81 bestRsrp=-140.909 < min=-120 (all cells below threshold) retryIn=2s
---- INIT_ATTACH t=114 UE(imsi)=116 ----
  INIT_ATTACH_FAIL_ALL_LOW_RSRP: UE(imsi)=116 bestRsrp=-146.191 < min=-120 (all cells below threshold) retryIn=2s
---- INIT_ATTACH t=114 UE(imsi)=120 ----
  INIT_ATTACH_FAIL_ALL_LOW_RSRP: UE(imsi)=120 bestRsrp=-137.949 < min=-120 (all cells below threshold) retryIn=2s
---- INIT_ATTACH t=114 UE(imsi)=122 ----
  INIT_ATTACH_FAIL_ALL_LOW_RSRP: UE(imsi)=122 bestRsrp=-149.643 < min=-120 (all cells below threshold) retryIn=2s
---- INIT_ATTACH t=114 UE(imsi)=144 ----
  INIT_ATTACH_FAIL_ALL_LOW_RSRP: UE(imsi)=144 bestRsrp=-143.811 < min=-120 (all cells below threshold) retryIn=2s
---- INIT_ATTACH t=114 UE(imsi)=146 ----
  INIT_ATTACH_FAIL_ALL_LOW_RSRP: UE(imsi)=146 bestRsrp=-122.348 < min=-120 (all cells below threshold) retryIn=2s
---- INIT_ATTACH t=114 UE(imsi)=165 ----
  candOK0 cell=11 rsrp=-108.092 occ=9/10 -> OK
  SELECT cell=11 rsrp=-108.092 occ(afterReserve)=10/10
  INIT_ATTACH_OK: UE(imsi)=165 -> cell=11
---- INIT_ATTACH t=114 UE(imsi)=171 ----
  INIT_ATTACH_FAIL_ALL_LOW_RSRP: UE(imsi)=171 bestRsrp=-146.193 < min=-120 (all cells below threshold) retryIn=2s
---- INIT_ATTACH t=114 UE(imsi)=179 ----
  INIT_ATTACH_FAIL_ALL_LOW_RSRP: UE(imsi)=179 bestRsrp=-142.422 < min=-120 (all cells below threshold) retryIn=2s
---- INIT_ATTACH t=114 UE(imsi)=181 ----
  INIT_ATTACH_FAIL_ALL_LOW_RSRP: UE(imsi)=181 bestRsrp=-134.853 < min=-120 (all cells below threshold) retryIn=2s
---- INIT_ATTACH t=114 UE(imsi)=192 ----
  INIT_ATTACH_FAIL_ALL_LOW_RSRP: UE(imsi)=192 bestRsrp=-127.18 < min=-120 (all cells below threshold) retryIn=2s
---- INIT_ATTACH t=114 UE(imsi)=195 ----
  INIT_ATTACH_FAIL_ALL_LOW_RSRP: UE(imsi)=195 bestRsrp=-139.375 < min=-120 (all cells below threshold) retryIn=2s
---- INIT_ATTACH t=114 UE(imsi)=200 ----
  INIT_ATTACH_FAIL_ALL_LOW_RSRP: UE(imsi)=200 bestRsrp=-139.931 < min=-120 (all cells below threshold) retryIn=2s
---- INIT_ATTACH t=114 UE(imsi)=203 ----
  INIT_ATTACH_FAIL_ALL_LOW_RSRP: UE(imsi)=203 bestRsrp=-129.253 < min=-120 (all cells below threshold) retryIn=2s
---- INIT_ATTACH t=114 UE(imsi)=214 ----
  INIT_ATTACH_FAIL_ALL_LOW_RSRP: UE(imsi)=214 bestRsrp=-137.899 < min=-120 (all cells below threshold) retryIn=2s
---- INIT_ATTACH t=114 UE(imsi)=220 ----
  INIT_ATTACH_FAIL_ALL_LOW_RSRP: UE(imsi)=220 bestRsrp=-149.677 < min=-120 (all cells below threshold) retryIn=2s
---- INIT_ATTACH t=114 UE(imsi)=230 ----
  INIT_ATTACH_FAIL_ALL_LOW_RSRP: UE(imsi)=230 bestRsrp=-129.347 < min=-120 (all cells below threshold) retryIn=2s
---- INIT_ATTACH t=114 UE(imsi)=231 ----
  INIT_ATTACH_FAIL_ALL_LOW_RSRP: UE(imsi)=231 bestRsrp=-133.808 < min=-120 (all cells below threshold) retryIn=2s
---- INIT_ATTACH t=114 UE(imsi)=233 ----
  INIT_ATTACH_FAIL_ALL_LOW_RSRP: UE(imsi)=233 bestRsrp=-138.973 < min=-120 (all cells below threshold) retryIn=2s
---- INIT_ATTACH t=114 UE(imsi)=240 ----
  INIT_ATTACH_FAIL_ALL_LOW_RSRP: UE(imsi)=240 bestRsrp=-138.765 < min=-120 (all cells below threshold) retryIn=2s
---- INIT_ATTACH t=116 UE(imsi)=20 ----
  INIT_ATTACH_FAIL_ALL_LOW_RSRP: UE(imsi)=20 bestRsrp=-142.936 < min=-120 (all cells below threshold) retryIn=2s
---- INIT_ATTACH t=116 UE(imsi)=23 ----
  INIT_ATTACH_FAIL_ALL_LOW_RSRP: UE(imsi)=23 bestRsrp=-138.401 < min=-120 (all cells below threshold) retryIn=2s
---- INIT_ATTACH t=116 UE(imsi)=29 ----
  INIT_ATTACH_FAIL_ALL_LOW_RSRP: UE(imsi)=29 bestRsrp=-149.545 < min=-120 (all cells below threshold) retryIn=2s
---- INIT_ATTACH t=116 UE(imsi)=36 ----
  INIT_ATTACH_FAIL_ALL_LOW_RSRP: UE(imsi)=36 bestRsrp=-136.691 < min=-120 (all cells below threshold) retryIn=2s
---- INIT_ATTACH t=116 UE(imsi)=38 ----
  INIT_ATTACH_FAIL_ALL_LOW_RSRP: UE(imsi)=38 bestRsrp=-146.2 < min=-120 (all cells below threshold) retryIn=2s
---- INIT_ATTACH t=116 UE(imsi)=54 ----
  INIT_ATTACH_FAIL_ALL_LOW_RSRP: UE(imsi)=54 bestRsrp=-130.861 < min=-120 (all cells below threshold) retryIn=2s
---- INIT_ATTACH t=116 UE(imsi)=55 ----
  INIT_ATTACH_FAIL_ALL_LOW_RSRP: UE(imsi)=55 bestRsrp=-129.91 < min=-120 (all cells below threshold) retryIn=2s
---- INIT_ATTACH t=116 UE(imsi)=61 ----
  INIT_ATTACH_FAIL_ALL_LOW_RSRP: UE(imsi)=61 bestRsrp=-129.916 < min=-120 (all cells below threshold) retryIn=2s
---- INIT_ATTACH t=116 UE(imsi)=68 ----
  INIT_ATTACH_FAIL_ALL_LOW_RSRP: UE(imsi)=68 bestRsrp=-131.961 < min=-120 (all cells below threshold) retryIn=2s
---- INIT_ATTACH t=116 UE(imsi)=73 ----
  candOK0 cell=5 rsrp=-107.417 occ=20/20 -> SKIP_FULL
  INIT_ATTACH_FAIL_ALL_FULL: UE(imsi)=73 rsrpOk=1 (all RSRP>=min but full or invalid) retryIn=2s
---- INIT_ATTACH t=116 UE(imsi)=81 ----
  INIT_ATTACH_FAIL_ALL_LOW_RSRP: UE(imsi)=81 bestRsrp=-140.874 < min=-120 (all cells below threshold) retryIn=2s
---- INIT_ATTACH t=116 UE(imsi)=116 ----
  INIT_ATTACH_FAIL_ALL_LOW_RSRP: UE(imsi)=116 bestRsrp=-146.844 < min=-120 (all cells below threshold) retryIn=2s
---- INIT_ATTACH t=116 UE(imsi)=120 ----
  INIT_ATTACH_FAIL_ALL_LOW_RSRP: UE(imsi)=120 bestRsrp=-139.345 < min=-120 (all cells below threshold) retryIn=2s
---- INIT_ATTACH t=116 UE(imsi)=122 ----
  INIT_ATTACH_FAIL_ALL_LOW_RSRP: UE(imsi)=122 bestRsrp=-151.482 < min=-120 (all cells below threshold) retryIn=2s
---- INIT_ATTACH t=116 UE(imsi)=144 ----
  INIT_ATTACH_FAIL_ALL_LOW_RSRP: UE(imsi)=144 bestRsrp=-141.972 < min=-120 (all cells below threshold) retryIn=2s
---- INIT_ATTACH t=116 UE(imsi)=146 ----
  candOK0 cell=7 rsrp=-101.314 occ=18/20 -> OK
  SELECT cell=7 rsrp=-101.314 occ(afterReserve)=19/20
  INIT_ATTACH_OK: UE(imsi)=146 -> cell=7
---- INIT_ATTACH t=116 UE(imsi)=171 ----
  candOK0 cell=11 rsrp=-116.299 occ=10/10 -> SKIP_FULL
  INIT_ATTACH_FAIL_ALL_FULL: UE(imsi)=171 rsrpOk=1 (all RSRP>=min but full or invalid) retryIn=2s
---- INIT_ATTACH t=116 UE(imsi)=179 ----
  INIT_ATTACH_FAIL_ALL_LOW_RSRP: UE(imsi)=179 bestRsrp=-140.876 < min=-120 (all cells below threshold) retryIn=2s
---- INIT_ATTACH t=116 UE(imsi)=181 ----
  INIT_ATTACH_FAIL_ALL_LOW_RSRP: UE(imsi)=181 bestRsrp=-133.506 < min=-120 (all cells below threshold) retryIn=2s
---- INIT_ATTACH t=116 UE(imsi)=192 ----
  INIT_ATTACH_FAIL_ALL_LOW_RSRP: UE(imsi)=192 bestRsrp=-146.401 < min=-120 (all cells below threshold) retryIn=2s
---- INIT_ATTACH t=116 UE(imsi)=195 ----
  INIT_ATTACH_FAIL_ALL_LOW_RSRP: UE(imsi)=195 bestRsrp=-140.165 < min=-120 (all cells below threshold) retryIn=2s
---- INIT_ATTACH t=116 UE(imsi)=200 ----
  INIT_ATTACH_FAIL_ALL_LOW_RSRP: UE(imsi)=200 bestRsrp=-138.166 < min=-120 (all cells below threshold) retryIn=2s
---- INIT_ATTACH t=116 UE(imsi)=203 ----
  INIT_ATTACH_FAIL_ALL_LOW_RSRP: UE(imsi)=203 bestRsrp=-149.955 < min=-120 (all cells below threshold) retryIn=2s
---- INIT_ATTACH t=116 UE(imsi)=214 ----
  candOK0 cell=10 rsrp=-113.651 occ=9/10 -> OK
  SELECT cell=10 rsrp=-113.651 occ(afterReserve)=10/10
  INIT_ATTACH_OK: UE(imsi)=214 -> cell=10
---- INIT_ATTACH t=116 UE(imsi)=220 ----
  INIT_ATTACH_FAIL_ALL_LOW_RSRP: UE(imsi)=220 bestRsrp=-150.857 < min=-120 (all cells below threshold) retryIn=2s
---- INIT_ATTACH t=116 UE(imsi)=230 ----
  INIT_ATTACH_FAIL_ALL_LOW_RSRP: UE(imsi)=230 bestRsrp=-130.751 < min=-120 (all cells below threshold) retryIn=2s
---- INIT_ATTACH t=116 UE(imsi)=231 ----
  INIT_ATTACH_FAIL_ALL_LOW_RSRP: UE(imsi)=231 bestRsrp=-133.32 < min=-120 (all cells below threshold) retryIn=2s
---- INIT_ATTACH t=116 UE(imsi)=233 ----
  INIT_ATTACH_FAIL_ALL_LOW_RSRP: UE(imsi)=233 bestRsrp=-141.293 < min=-120 (all cells below threshold) retryIn=2s
---- INIT_ATTACH t=116 UE(imsi)=240 ----
  INIT_ATTACH_FAIL_ALL_LOW_RSRP: UE(imsi)=240 bestRsrp=-139.602 < min=-120 (all cells below threshold) retryIn=2s
---- LOAD at t=117.5 ----
  cell 1 (TN) load=19/20
  cell 2 (TN) load=18/20
  cell 3 (TN) load=17/20
  cell 4 (TN) load=19/20
  cell 5 (TN) load=20/20
  cell 6 (TN) load=19/20
  cell 7 (TN) load=19/20
  cell 8 (TN) load=15/20
  cell 9 (NTN) load=9/10
  cell 10 (NTN) load=10/10
  cell 11 (NTN) load=10/10
  cell 12 (NTN) load=9/10
  cell 13 (NTN) load=10/10
  cell 14 (NTN) load=9/10
UE 15 TTT_WAIT target=9 elapsed=0s need=2s
UE 16 TTT_WAIT target=8 elapsed=0s need=2s
UE 18 TTT_WAIT target=2 elapsed=0s need=2s
UE 19 TTT_WAIT target=4 elapsed=0s need=2s
UE 20 TTT_WAIT target=2 elapsed=0s need=2s
UE 21 TTT_WAIT target=7 elapsed=0s need=2s
LM HO_FAIL_LOW_RSRP UE=22 currCell=4 candCell=14 candRsrp=-126.831 < min=-120
UE 24 TTT_WAIT target=8 elapsed=0s need=2s
UE 25 TTT_WAIT target=6 elapsed=0s need=2s
UE 26 TTT_WAIT target=6 elapsed=0s need=2s
LM HO UE=29 rnti=112 8->3 type=TN servingRsrp=-109.82 targetRsrp=-79.2205 targetLoadReal=17/20 targetLoadEff=17/20
UE 31 TTT_WAIT target=3 elapsed=0s need=2s
UE 36 TTT_WAIT target=6 elapsed=0s need=2s
LM HO_FAIL_LOW_RSRP UE=37 currCell=11 candCell=12 candRsrp=-127.765 < min=-120
UE 38 TTT_WAIT target=1 elapsed=0s need=2s
LM HO UE=39 rnti=91 3->7 type=TN servingRsrp=-121.167 targetRsrp=-89.6886 targetLoadReal=19/20 targetLoadEff=19/20
UE 44 TTT_WAIT target=4 elapsed=0s need=2s
UE 45 TTT_WAIT target=2 elapsed=0s need=2s
UE 47 TTT_WAIT target=4 elapsed=0s need=2s
UE 48 TTT_WAIT target=4 elapsed=0s need=2s
UE 52 TTT_WAIT target=6 elapsed=0s need=2s
UE 53 TTT_WAIT target=2 elapsed=0s need=2s
UE 54 TTT_WAIT target=14 elapsed=0s need=2s
UE 55 TTT_WAIT target=4 elapsed=0s need=2s
UE 58 TTT_WAIT target=3 elapsed=0s need=2s
UE 59 TTT_WAIT target=2 elapsed=0s need=2s
UE 60 TTT_WAIT target=2 elapsed=0s need=2s
UE 62 TTT_WAIT target=2 elapsed=0s need=2s
UE 66 TTT_WAIT target=3 elapsed=0s need=2s
UE 68 TTT_WAIT target=1 elapsed=0s need=2s
UE 69 TTT_WAIT target=6 elapsed=0s need=2s
LM HO_FAIL_LOW_RSRP UE=70 currCell=1 candCell=9 candRsrp=-130.263 < min=-120
LM HO UE=71 rnti=118 8->2 type=TN servingRsrp=-127.95 targetRsrp=-77.6583 targetLoadReal=18/20 targetLoadEff=18/20
UE 72 TTT_WAIT target=4 elapsed=0s need=2s
UE 73 TTT_WAIT target=1 elapsed=0s need=2s
UE 74 TTT_WAIT target=9 elapsed=0s need=2s
UE 76 TTT_WAIT target=2 elapsed=0s need=2s
UE 77 TTT_WAIT target=9 elapsed=0s need=2s
UE 79 TTT_WAIT target=14 elapsed=0s need=2s
UE 82 TTT_WAIT target=2 elapsed=0s need=2s
UE 83 TTT_WAIT target=8 elapsed=0s need=2s
UE 84 TTT_WAIT target=1 elapsed=0s need=2s
UE 85 TTT_WAIT target=3 elapsed=0s need=2s
UE 88 TTT_WAIT target=4 elapsed=0s need=2s
LM HO UE=90 rnti=164 5->2 type=TN servingRsrp=-126.193 targetRsrp=-78.8459 targetLoadReal=18/20 targetLoadEff=19/20
UE 95 TTT_WAIT target=4 elapsed=0s need=2s
UE 96 TTT_WAIT target=4 elapsed=0s need=2s
UE 97 TTT_WAIT target=9 elapsed=0s need=2s
UE 98 TTT_WAIT target=6 elapsed=0s need=2s
UE 99 TTT_WAIT target=1 elapsed=0s need=2s
UE 100 TTT_WAIT target=3 elapsed=0s need=2s
UE 101 TTT_WAIT target=9 elapsed=0s need=2s
UE 102 TTT_WAIT target=12 elapsed=0s need=2s
UE 103 TTT_WAIT target=8 elapsed=0s need=2s
LM HO UE=104 rnti=49 4->3 type=TN servingRsrp=-111.899 targetRsrp=-84.7367 targetLoadReal=17/20 targetLoadEff=18/20
UE 105 TTT_WAIT target=3 elapsed=0s need=2s
UE 107 TTT_WAIT target=6 elapsed=0s need=2s
UE 108 TTT_WAIT target=9 elapsed=0s need=2s
LM HO UE=109 rnti=30 13->9 type=NTN servingRsrp=-95.5454 targetRsrp=-92.6898 targetLoadReal=9/10 targetLoadEff=9/10
UE 111 TTT_WAIT target=3 elapsed=0s need=2s
UE 112 TTT_WAIT target=1 elapsed=0s need=2s
UE 113 TTT_WAIT target=4 elapsed=0s need=2s
LM HO UE=114 rnti=32 2->1 type=TN servingRsrp=-115.772 targetRsrp=-86.5191 targetLoadReal=19/20 targetLoadEff=19/20
LM HO_FAIL_LOW_RSRP UE=115 currCell=5 candCell=12 candRsrp=-124.598 < min=-120
UE 118 TTT_WAIT target=8 elapsed=0s need=2s
LM HO UE=120 rnti=92 3->8 type=TN servingRsrp=-129.138 targetRsrp=-97.8232 targetLoadReal=15/20 targetLoadEff=15/20
UE 121 TTT_WAIT target=12 elapsed=0s need=2s
UE 122 TTT_WAIT target=4 elapsed=0s need=2s
UE 124 TTT_WAIT target=4 elapsed=0s need=2s
LM HO_FAIL_LOW_RSRP UE=125 currCell=4 candCell=12 candRsrp=-133.728 < min=-120
UE 128 TTT_WAIT target=8 elapsed=0s need=2s
UE 129 TTT_WAIT target=12 elapsed=0s need=2s
UE 133 TTT_WAIT target=3 elapsed=0s need=2s
UE 135 TTT_WAIT target=14 elapsed=0s need=2s
UE 137 TTT_WAIT target=8 elapsed=0s need=2s
UE 138 TTT_WAIT target=8 elapsed=0s need=2s
UE 140 TTT_WAIT target=6 elapsed=0s need=2s
UE 141 TTT_WAIT target=3 elapsed=0s need=2s
UE 143 TTT_WAIT target=12 elapsed=0s need=2s
LM HO UE=147 rnti=165 5->8 type=TN servingRsrp=-114.7 targetRsrp=-90.4647 targetLoadReal=15/20 targetLoadEff=16/20
UE 149 TTT_WAIT target=8 elapsed=0s need=2s
LM HO UE=150 rnti=103 1->8 type=TN servingRsrp=-125.65 targetRsrp=-85.2426 targetLoadReal=15/20 targetLoadEff=17/20
UE 153 TTT_WAIT target=8 elapsed=0s need=2s
UE 155 TTT_WAIT target=8 elapsed=0s need=2s
UE 156 TTT_WAIT target=12 elapsed=0s need=2s
LM HO_FAIL_LOW_RSRP UE=157 currCell=2 candCell=3 candRsrp=-121.922 < min=-120
LM HO UE=158 rnti=121 1->8 type=TN servingRsrp=-116.437 targetRsrp=-82.3735 targetLoadReal=15/20 targetLoadEff=18/20
UE 160 TTT_WAIT target=8 elapsed=0s need=2s
UE 161 TTT_WAIT target=8 elapsed=0s need=2s
LM HO UE=162 rnti=88 13->3 type=TN servingRsrp=-113.67 targetRsrp=-79.4107 targetLoadReal=17/20 targetLoadEff=19/20
UE 163 TTT_WAIT target=6 elapsed=0s need=2s
UE 164 TTT_WAIT target=8 elapsed=0s need=2s
UE 165 TTT_WAIT target=4 elapsed=0s need=2s
UE 166 TTT_WAIT target=14 elapsed=0s need=2s
UE 167 TTT_WAIT target=4 elapsed=0s need=2s
UE 169 TTT_WAIT target=8 elapsed=0s need=2s
UE 172 TTT_WAIT target=8 elapsed=0s need=2s
UE 175 TTT_WAIT target=8 elapsed=0s need=2s
LM HO_FAIL_LOW_RSRP UE=178 currCell=1 candCell=12 candRsrp=-127.881 < min=-120
UE 179 TTT_WAIT target=6 elapsed=0s need=2s
UE 180 TTT_WAIT target=4 elapsed=0s need=2s
UE 182 TTT_WAIT target=4 elapsed=0s need=2s
UE 183 TTT_WAIT target=8 elapsed=0s need=2s
UE 186 TTT_WAIT target=4 elapsed=0s need=2s
LM HO_FAIL_LOW_RSRP UE=190 currCell=2 candCell=6 candRsrp=-125.98 < min=-120
UE 191 TTT_WAIT target=12 elapsed=0s need=2s
UE 192 TTT_WAIT target=6 elapsed=0s need=2s
UE 193 TTT_WAIT target=14 elapsed=0s need=2s
UE 198 TTT_WAIT target=14 elapsed=0s need=2s
UE 201 TTT_WAIT target=6 elapsed=0s need=2s
LM HO_FAIL_LOW_RSRP UE=202 currCell=5 candCell=12 candRsrp=-122.757 < min=-120
LM HO UE=205 rnti=150 7->8 type=TN servingRsrp=-135.094 targetRsrp=-103.027 targetLoadReal=15/20 targetLoadEff=19/20
UE 206 TTT_WAIT target=6 elapsed=0s need=2s
UE 207 TTT_WAIT target=4 elapsed=0s need=2s
LM HO_FAIL_LOW_RSRP UE=209 currCell=8 candCell=12 candRsrp=-120.037 < min=-120
LM HO_FAIL_LOW_RSRP UE=210 currCell=4 candCell=6 candRsrp=-123.474 < min=-120
UE 211 TTT_WAIT target=14 elapsed=0s need=2s
UE 212 TTT_WAIT target=6 elapsed=0s need=2s
LM HO_FAIL_LOW_RSRP UE=213 currCell=13 candCell=14 candRsrp=-127.24 < min=-120
UE 214 TTT_WAIT target=4 elapsed=0s need=2s
UE 216 TTT_WAIT target=14 elapsed=0s need=2s
UE 217 TTT_WAIT target=12 elapsed=0s need=2s
UE 218 TTT_WAIT target=6 elapsed=0s need=2s
UE 219 TTT_WAIT target=4 elapsed=0s need=2s
UE 224 TTT_WAIT target=12 elapsed=0s need=2s
UE 225 TTT_WAIT target=14 elapsed=0s need=2s
UE 227 TTT_WAIT target=12 elapsed=0s need=2s
UE 230 TTT_WAIT target=12 elapsed=0s need=2s
UE 231 TTT_WAIT target=6 elapsed=0s need=2s
UE 233 TTT_WAIT target=6 elapsed=0s need=2s
UE 234 TTT_WAIT target=4 elapsed=0s need=2s
UE 235 TTT_WAIT target=4 elapsed=0s need=2s
UE 239 TTT_WAIT target=14 elapsed=0s need=2s
LM HO_FAIL_LOW_RSRP UE=240 currCell=8 candCell=14 candRsrp=-135.678 < min=-120
UE 242 TTT_WAIT target=6 elapsed=0s need=2s
UE 243 TTT_WAIT target=4 elapsed=0s need=2s
UE 244 TTT_WAIT target=4 elapsed=0s need=2s
---- INIT_ATTACH t=118 UE(imsi)=20 ----
  candOK0 cell=11 rsrp=-111.026 occ=10/10 -> SKIP_FULL
  INIT_ATTACH_FAIL_ALL_FULL: UE(imsi)=20 rsrpOk=1 (all RSRP>=min but full or invalid) retryIn=2s
---- INIT_ATTACH t=118 UE(imsi)=23 ----
  INIT_ATTACH_FAIL_ALL_LOW_RSRP: UE(imsi)=23 bestRsrp=-135.482 < min=-120 (all cells below threshold) retryIn=2s
---- INIT_ATTACH t=118 UE(imsi)=29 ----
  INIT_ATTACH_FAIL_ALL_LOW_RSRP: UE(imsi)=29 bestRsrp=-147.793 < min=-120 (all cells below threshold) retryIn=2s
---- INIT_ATTACH t=118 UE(imsi)=36 ----
  INIT_ATTACH_FAIL_ALL_LOW_RSRP: UE(imsi)=36 bestRsrp=-137.147 < min=-120 (all cells below threshold) retryIn=2s
---- INIT_ATTACH t=118 UE(imsi)=38 ----
  INIT_ATTACH_FAIL_ALL_LOW_RSRP: UE(imsi)=38 bestRsrp=-145.811 < min=-120 (all cells below threshold) retryIn=2s
---- INIT_ATTACH t=118 UE(imsi)=54 ----
  INIT_ATTACH_FAIL_ALL_LOW_RSRP: UE(imsi)=54 bestRsrp=-125.647 < min=-120 (all cells below threshold) retryIn=2s
---- INIT_ATTACH t=118 UE(imsi)=55 ----
  INIT_ATTACH_FAIL_ALL_LOW_RSRP: UE(imsi)=55 bestRsrp=-151.448 < min=-120 (all cells below threshold) retryIn=2s
---- INIT_ATTACH t=118 UE(imsi)=61 ----
  INIT_ATTACH_FAIL_ALL_LOW_RSRP: UE(imsi)=61 bestRsrp=-130.615 < min=-120 (all cells below threshold) retryIn=2s
---- INIT_ATTACH t=118 UE(imsi)=68 ----
  INIT_ATTACH_FAIL_ALL_LOW_RSRP: UE(imsi)=68 bestRsrp=-131.709 < min=-120 (all cells below threshold) retryIn=2s
---- INIT_ATTACH t=118 UE(imsi)=73 ----
  INIT_ATTACH_FAIL_ALL_LOW_RSRP: UE(imsi)=73 bestRsrp=-135.019 < min=-120 (all cells below threshold) retryIn=2s
---- INIT_ATTACH t=118 UE(imsi)=81 ----
  INIT_ATTACH_FAIL_ALL_LOW_RSRP: UE(imsi)=81 bestRsrp=-140.681 < min=-120 (all cells below threshold) retryIn=2s
---- INIT_ATTACH t=118 UE(imsi)=116 ----
  INIT_ATTACH_FAIL_ALL_LOW_RSRP: UE(imsi)=116 bestRsrp=-144.757 < min=-120 (all cells below threshold) retryIn=2s
---- INIT_ATTACH t=118 UE(imsi)=120 ----
  INIT_ATTACH_FAIL_ALL_LOW_RSRP: UE(imsi)=120 bestRsrp=-139.896 < min=-120 (all cells below threshold) retryIn=2s
---- INIT_ATTACH t=118 UE(imsi)=122 ----
  INIT_ATTACH_FAIL_ALL_LOW_RSRP: UE(imsi)=122 bestRsrp=-147.619 < min=-120 (all cells below threshold) retryIn=2s
---- INIT_ATTACH t=118 UE(imsi)=144 ----
  INIT_ATTACH_FAIL_ALL_LOW_RSRP: UE(imsi)=144 bestRsrp=-144.974 < min=-120 (all cells below threshold) retryIn=2s
---- INIT_ATTACH t=118 UE(imsi)=171 ----
  INIT_ATTACH_FAIL_ALL_LOW_RSRP: UE(imsi)=171 bestRsrp=-145.822 < min=-120 (all cells below threshold) retryIn=2s
---- INIT_ATTACH t=118 UE(imsi)=179 ----
  INIT_ATTACH_FAIL_ALL_LOW_RSRP: UE(imsi)=179 bestRsrp=-141.202 < min=-120 (all cells below threshold) retryIn=2s
---- INIT_ATTACH t=118 UE(imsi)=181 ----
  INIT_ATTACH_FAIL_ALL_LOW_RSRP: UE(imsi)=181 bestRsrp=-134.686 < min=-120 (all cells below threshold) retryIn=2s
---- INIT_ATTACH t=118 UE(imsi)=192 ----
  INIT_ATTACH_FAIL_ALL_LOW_RSRP: UE(imsi)=192 bestRsrp=-144.633 < min=-120 (all cells below threshold) retryIn=2s
---- INIT_ATTACH t=118 UE(imsi)=195 ----
  INIT_ATTACH_FAIL_ALL_LOW_RSRP: UE(imsi)=195 bestRsrp=-138.035 < min=-120 (all cells below threshold) retryIn=2s
---- INIT_ATTACH t=118 UE(imsi)=200 ----
  INIT_ATTACH_FAIL_ALL_LOW_RSRP: UE(imsi)=200 bestRsrp=-140.367 < min=-120 (all cells below threshold) retryIn=2s
---- INIT_ATTACH t=118 UE(imsi)=203 ----
  INIT_ATTACH_FAIL_ALL_LOW_RSRP: UE(imsi)=203 bestRsrp=-149.042 < min=-120 (all cells below threshold) retryIn=2s
---- INIT_ATTACH t=118 UE(imsi)=220 ----
  INIT_ATTACH_FAIL_ALL_LOW_RSRP: UE(imsi)=220 bestRsrp=-149.224 < min=-120 (all cells below threshold) retryIn=2s
---- INIT_ATTACH t=118 UE(imsi)=230 ----
  INIT_ATTACH_FAIL_ALL_LOW_RSRP: UE(imsi)=230 bestRsrp=-130.862 < min=-120 (all cells below threshold) retryIn=2s
---- INIT_ATTACH t=118 UE(imsi)=231 ----
  candOK0 cell=2 rsrp=-119.101 occ=19/20 -> OK
  SELECT cell=2 rsrp=-119.101 occ(afterReserve)=20/20
  INIT_ATTACH_OK: UE(imsi)=231 -> cell=2
---- INIT_ATTACH t=118 UE(imsi)=233 ----
  INIT_ATTACH_FAIL_ALL_LOW_RSRP: UE(imsi)=233 bestRsrp=-142.109 < min=-120 (all cells below threshold) retryIn=2s
---- INIT_ATTACH t=118 UE(imsi)=240 ----
  INIT_ATTACH_FAIL_ALL_LOW_RSRP: UE(imsi)=240 bestRsrp=-138.892 < min=-120 (all cells below threshold) retryIn=2s
---- INIT_ATTACH t=120 UE(imsi)=20 ----
  INIT_ATTACH_FAIL_ALL_LOW_RSRP: UE(imsi)=20 bestRsrp=-138.982 < min=-120 (all cells below threshold) retryIn=2s
---- INIT_ATTACH t=120 UE(imsi)=23 ----
  INIT_ATTACH_FAIL_ALL_LOW_RSRP: UE(imsi)=23 bestRsrp=-135.996 < min=-120 (all cells below threshold) retryIn=2s
---- INIT_ATTACH t=120 UE(imsi)=29 ----
  INIT_ATTACH_FAIL_ALL_LOW_RSRP: UE(imsi)=29 bestRsrp=-150.623 < min=-120 (all cells below threshold) retryIn=2s
---- INIT_ATTACH t=120 UE(imsi)=36 ----
  INIT_ATTACH_FAIL_ALL_LOW_RSRP: UE(imsi)=36 bestRsrp=-135.978 < min=-120 (all cells below threshold) retryIn=2s
---- INIT_ATTACH t=120 UE(imsi)=38 ----
  INIT_ATTACH_FAIL_ALL_LOW_RSRP: UE(imsi)=38 bestRsrp=-145.725 < min=-120 (all cells below threshold) retryIn=2s
---- INIT_ATTACH t=120 UE(imsi)=54 ----
  INIT_ATTACH_FAIL_ALL_LOW_RSRP: UE(imsi)=54 bestRsrp=-132.729 < min=-120 (all cells below threshold) retryIn=2s
---- INIT_ATTACH t=120 UE(imsi)=55 ----
  INIT_ATTACH_FAIL_ALL_LOW_RSRP: UE(imsi)=55 bestRsrp=-150.323 < min=-120 (all cells below threshold) retryIn=2s
---- INIT_ATTACH t=120 UE(imsi)=61 ----
  INIT_ATTACH_FAIL_ALL_LOW_RSRP: UE(imsi)=61 bestRsrp=-132.962 < min=-120 (all cells below threshold) retryIn=2s
---- INIT_ATTACH t=120 UE(imsi)=68 ----
  INIT_ATTACH_FAIL_ALL_LOW_RSRP: UE(imsi)=68 bestRsrp=-131.828 < min=-120 (all cells below threshold) retryIn=2s
---- INIT_ATTACH t=120 UE(imsi)=73 ----
  INIT_ATTACH_FAIL_ALL_LOW_RSRP: UE(imsi)=73 bestRsrp=-138.502 < min=-120 (all cells below threshold) retryIn=2s
---- INIT_ATTACH t=120 UE(imsi)=81 ----
  INIT_ATTACH_FAIL_ALL_LOW_RSRP: UE(imsi)=81 bestRsrp=-141.484 < min=-120 (all cells below threshold) retryIn=2s
---- INIT_ATTACH t=120 UE(imsi)=116 ----
  INIT_ATTACH_FAIL_ALL_LOW_RSRP: UE(imsi)=116 bestRsrp=-145.889 < min=-120 (all cells below threshold) retryIn=2s
---- INIT_ATTACH t=120 UE(imsi)=120 ----
  INIT_ATTACH_FAIL_ALL_LOW_RSRP: UE(imsi)=120 bestRsrp=-138.063 < min=-120 (all cells below threshold) retryIn=2s
---- INIT_ATTACH t=120 UE(imsi)=122 ----
  INIT_ATTACH_FAIL_ALL_LOW_RSRP: UE(imsi)=122 bestRsrp=-149.441 < min=-120 (all cells below threshold) retryIn=2s
---- INIT_ATTACH t=120 UE(imsi)=144 ----
  INIT_ATTACH_FAIL_ALL_LOW_RSRP: UE(imsi)=144 bestRsrp=-142.953 < min=-120 (all cells below threshold) retryIn=2s
---- INIT_ATTACH t=120 UE(imsi)=171 ----
  INIT_ATTACH_FAIL_ALL_LOW_RSRP: UE(imsi)=171 bestRsrp=-147.992 < min=-120 (all cells below threshold) retryIn=2s
---- INIT_ATTACH t=120 UE(imsi)=179 ----
  INIT_ATTACH_FAIL_ALL_LOW_RSRP: UE(imsi)=179 bestRsrp=-141.341 < min=-120 (all cells below threshold) retryIn=2s
---- INIT_ATTACH t=120 UE(imsi)=181 ----
  INIT_ATTACH_FAIL_ALL_LOW_RSRP: UE(imsi)=181 bestRsrp=-132.952 < min=-120 (all cells below threshold) retryIn=2s
---- INIT_ATTACH t=120 UE(imsi)=192 ----
  INIT_ATTACH_FAIL_ALL_LOW_RSRP: UE(imsi)=192 bestRsrp=-145.324 < min=-120 (all cells below threshold) retryIn=2s
---- INIT_ATTACH t=120 UE(imsi)=195 ----
  INIT_ATTACH_FAIL_ALL_LOW_RSRP: UE(imsi)=195 bestRsrp=-139.629 < min=-120 (all cells below threshold) retryIn=2s
---- INIT_ATTACH t=120 UE(imsi)=200 ----
  INIT_ATTACH_FAIL_ALL_LOW_RSRP: UE(imsi)=200 bestRsrp=-139.874 < min=-120 (all cells below threshold) retryIn=2s
---- INIT_ATTACH t=120 UE(imsi)=203 ----
  INIT_ATTACH_FAIL_ALL_LOW_RSRP: UE(imsi)=203 bestRsrp=-151.026 < min=-120 (all cells below threshold) retryIn=2s
---- INIT_ATTACH t=120 UE(imsi)=220 ----
  INIT_ATTACH_FAIL_ALL_LOW_RSRP: UE(imsi)=220 bestRsrp=-148.712 < min=-120 (all cells below threshold) retryIn=2s
---- INIT_ATTACH t=120 UE(imsi)=230 ----
  candOK0 cell=11 rsrp=-100.119 occ=10/10 -> SKIP_FULL
  INIT_ATTACH_FAIL_ALL_FULL: UE(imsi)=230 rsrpOk=1 (all RSRP>=min but full or invalid) retryIn=2s
---- INIT_ATTACH t=120 UE(imsi)=233 ----
  INIT_ATTACH_FAIL_ALL_LOW_RSRP: UE(imsi)=233 bestRsrp=-139.877 < min=-120 (all cells below threshold) retryIn=2s
---- INIT_ATTACH t=120 UE(imsi)=240 ----
  INIT_ATTACH_FAIL_ALL_LOW_RSRP: UE(imsi)=240 bestRsrp=-141.432 < min=-120 (all cells below threshold) retryIn=2s
