Time,UeGroup,UeIndex,UeNodeId,Imsi,ServingCell,ServingRsrpDbm,BestFeasibleTnRsrpDbm,BestFeasibleUavRsrpDbm,ServiceState,StateAgeSec,SensedOrOraclePositionAvailable,ControllerEastM,ControllerNorthM,IncludedInMovementTarget
12,UES1,0,7,7,4,-86.7802,-65.8887,-87.847,SERVED,0,1,-60.055548,-82.275334,0
12,UES1,1,8,8,1,-53.6633,-89.6103,-89.7529,SERVED,0,1,68.552866,-28.405646,0
12,UES1,2,9,9,3,-80.0643,-70.2269,-80.3322,SERVED,0,1,-112.228478,95.826889,0
12,UES1,3,10,10,4,-74.8188,-85.7802,-89.9851,SERVED,0,1,30.880268,-76.918032,0
12,UES1,4,11,11,1,-83.7033,-95.0926,-98.9182,SERVED,0,1,-6.358009,88.151369,0
12,UES1,5,12,12,4,-70.4645,-74.6686,-102.757,SERVED,0,1,-70.490473,-12.298211,0
12,UES1,6,13,13,1,-63.6103,-62.3581,-88.4719,SERVED,0,1,89.163519,-18.749458,0
12,UES1,7,14,14,2,-82.3165,-71.5578,-87.5882,SERVED,0,1,39.773630,8.389844,0
12,UES1,8,15,15,1,-85.7778,-66.1977,-90.2177,SERVED,0,1,3.849189,-79.996391,0
12,UES1,9,16,16,3,-67.8043,-76.3076,-100.532,SERVED,0,1,-37.789555,58.762157,0
12,UES1,10,17,17,4,-88.0165,-74.3353,-89.8234,SERVED,0,1,-41.541305,-33.849984,0
12,UES1,11,18,18,1,-73.9972,-77.4994,-71.5024,SERVED,0,1,24.704200,32.708058,0
12,UES1,12,19,19,7,-92.1555,-87.3062,-95.0778,SERVED,0,1,120.343658,-78.067190,0
12,UES1,13,20,20,5,-88.7515,-80.8054,-66.4722,SERVED,0,1,19.423844,20.160802,0
12,UES1,14,21,21,1,-79.5768,-88.4893,-96.3644,SERVED,0,1,13.632371,-21.853392,0
12,UES1,15,22,22,1,-58.526,-67.1361,-97.1813,SERVED,0,1,95.123703,36.252821,0
12,UES1,16,23,23,6,-96.9208,-89.1733,-87.6433,SERVED,0,1,-110.093406,-49.661790,0
12,UES1,17,24,24,1,-65.0899,-88.6774,-85.5241,SERVED,0,1,7.558850,-6.897914,0
12,UES1,18,25,25,1,-81.5098,-74.9218,-76.9629,SERVED,0,1,18.831429,42.163317,0
12,UES1,19,26,26,6,-66.6487,-81.0688,-85.1564,SERVED,0,1,-32.523896,-12.832037,0
12,UES1,20,27,27,6,-92.3906,-71.5779,-98.2819,SERVED,0,1,-58.418335,72.432651,0
12,UES1,21,28,28,3,-68.9458,-90.0954,-101.626,SERVED,0,1,-93.707835,111.896125,0
12,UES1,22,29,29,2,-58.2864,-76.4108,-80.0808,SERVED,0,1,120.120836,14.624713,0
12,UES1,23,30,30,6,-74.327,-81.0549,-81.5174,SERVED,0,1,23.000715,-34.345328,0
12,UES1,24,31,31,2,-61.9404,-87.3499,-100.907,SERVED,0,1,39.094523,102.982874,0
12,UES1,25,32,32,1,-63.1597,-80.0496,-91.8232,SERVED,0,1,-27.191070,89.804359,0
12,UES1,26,33,33,5,-101.554,-83.8354,-90.533,ALTERNATIVE_AVAILABLE,0,1,139.599229,-31.056446,0
12,UES1,27,34,34,5,-91.6959,-61.5713,-71.3144,SERVED,0,1,52.143722,0.532183,0
12,UES1,28,35,35,4,-48.6787,-67.2158,-91.815,SERVED,0,1,-105.523141,33.669842,0
12,UES1,29,36,36,6,-66.8933,-84.9944,-78.9052,SERVED,0,1,25.360789,32.757636,0
12,UES1,30,37,37,7,-87.7311,-85.6256,-65.6777,SERVED,0,1,27.739444,-111.970058,0
12,UES1,31,38,38,4,-78.4191,-77.3256,-76.6179,SERVED,0,1,77.299896,3.029645,0
12,UES1,32,39,39,6,-64.8218,-51.354,-80.0292,SERVED,0,1,41.977993,2.332252,0
12,UES1,33,40,40,7,-81.3867,-82.8209,-86.5688,SERVED,0,1,-54.330709,-16.734166,0
12,UES1,34,41,41,4,-88.7685,-85.2477,-88.5492,SERVED,0,1,-48.853835,-86.833432,0
12,UES1,35,42,42,6,-66.5282,-72.7173,-82.6574,SERVED,0,1,30.634648,-14.145109,0
12,UES1,36,43,43,1,-83.6424,-62.1867,-78.5706,SERVED,0,1,108.429243,76.872470,0
12,UES1,37,44,44,6,-74.1589,-76.8397,-80.7859,SERVED,0,1,6.238958,-37.030699,0
12,UES1,38,45,45,1,-73.8811,-74.6862,-93.3524,SERVED,0,1,19.942523,-16.701056,0
12,UES1,39,46,46,1,-83.6746,-98.4592,-71.582,SERVED,0,1,23.559135,-23.306420,0
12,UES1,40,47,47,4,-70.4958,-65.2536,-88.9356,SERVED,0,1,-125.895038,37.369749,0
12,UES1,41,48,48,6,-82.0492,-101.39,-99.2501,SERVED,0,1,-147.263874,-131.430360,0
12,UES1,42,49,49,3,-81.1977,-86.7508,-98.0245,SERVED,0,1,-17.160988,-1.236535,0
12,UES1,43,50,50,4,-81.3793,-90.3531,-98.7368,SERVED,0,1,-39.619482,-24.372264,0
12,UES1,44,51,51,7,-89.5667,-75.5798,-88.6602,SERVED,0,1,16.225205,-4.494420,0
12,UES1,45,52,52,2,-93.2568,-60.5891,-92.4279,SERVED,0,1,5.161824,-57.336152,0
12,UES1,46,53,53,7,-67.908,-96.5244,-87.2955,SERVED,0,1,-44.445614,-71.950765,0
12,UES1,47,54,54,3,-47.2301,-64.672,-86.7899,SERVED,0,1,-98.267039,29.858393,0
12,UES1,48,55,55,3,-50.4682,-73.2511,-79.5288,SERVED,0,1,-99.298920,43.189764,0
12,UES1,49,56,56,6,-71.1191,-77.1576,-98.7647,SERVED,0,1,-14.282910,51.262609,0
12,UES1,50,57,57,3,-58.6933,-60.6199,-83.831,SERVED,0,1,-72.450997,-6.338224,0
12,UES1,51,58,58,1,-91.7695,-68.8972,-86.9059,SERVED,0,1,122.452094,25.435985,0
12,UES1,52,59,59,6,-94.8424,-86.7965,-79.9747,SERVED,0,1,-55.520473,119.948894,0
12,UES1,53,60,60,4,-60.0126,-78.3329,-90.0226,SERVED,0,1,-144.913522,-25.423180,0
12,UES1,54,61,61,2,-58.0684,-76.0481,-90.0792,SERVED,0,1,63.016542,-3.862594,0
12,UES1,55,62,62,2,-65.6615,-68.0573,-83.5345,SERVED,0,1,38.544069,56.911389,0
12,UES1,56,63,63,3,-62.8888,-90.2709,-89.5663,SERVED,0,1,-36.762465,25.532389,0
12,UES1,57,64,64,4,-78.952,-72.7745,-99.1188,SERVED,0,1,-98.894724,64.559958,0
12,UES1,58,65,65,4,-90.0266,-92.6531,-97.1157,SERVED,0,1,-89.051767,-78.506312,0
12,UES1,59,66,66,1,-68.8325,-70.5258,-106.213,SERVED,0,1,117.186086,-98.482245,0
12,UES2,0,67,67,0,NA,-121.218,-121.865,UNKNOWN,0,1,-362.092032,318.570851,0
12,UES2,1,68,68,3,-119.47,-117.107,-120.646,PERSISTING,0,1,316.537028,383.773944,0
12,UES2,2,69,69,0,NA,-102.297,-125.568,UNKNOWN,0,1,394.792102,-320.792905,0
12,UES2,3,70,70,0,NA,-118.251,-125.269,UNKNOWN,0,1,-309.620658,340.750293,0
12,UES2,4,71,71,7,-126.513,-93.4199,-117.7,ALTERNATIVE_AVAILABLE,0,1,362.271030,380.716610,0
12,UES2,5,72,72,0,NA,-118.651,-120.839,UNKNOWN,0,1,342.615275,-326.256372,0
12,UES2,6,73,73,3,-115.852,-117.704,-118.77,PERSISTING,0,1,-391.327627,344.095310,0
12,UES2,7,74,74,0,NA,-123.706,-124.189,UNKNOWN,0,1,445.316277,324.893221,0
12,UES2,8,75,75,2,-119.645,-116.707,-114.952,PERSISTING,0,1,320.025075,-354.768647,0
12,UES2,9,76,76,0,NA,-98.5378,-104.653,UNKNOWN,0,1,-365.540681,290.382662,0
12,UES2,10,77,77,0,NA,-114.914,-124.285,UNKNOWN,0,1,379.718221,363.276391,0
12,UES2,11,78,78,3,-115.476,-79.2185,-118.872,ALTERNATIVE_AVAILABLE,0,1,337.554524,-310.231975,0
12,UES2,12,79,79,0,NA,-121.177,-125.138,UNKNOWN,0,1,-350.798284,289.203513,0
12,UES2,13,80,80,0,NA,-124.844,-123.137,UNKNOWN,0,1,410.306203,358.935798,0
12,UES2,14,81,81,6,-112.501,-112.063,-113.743,PERSISTING,0,1,334.977933,-327.614008,0
12,UES2,15,82,82,1,-119.39,-112.631,-112.128,PERSISTING,0,1,-319.655000,312.193107,0
12,UES2,16,83,83,1,-117.153,-111.475,-115.559,PERSISTING,0,1,303.269442,304.713305,0
12,UES2,17,84,84,0,NA,-119.406,-97.0247,UNKNOWN,0,1,325.011359,-317.563956,0
12,UES2,18,85,85,4,-107.828,-99.3177,-117.869,ALTERNATIVE_AVAILABLE,0,1,-302.776026,335.961089,0
12,UES2,19,86,86,2,-110.717,-118.479,-119.298,PERSISTING,0,1,349.271602,323.760807,0
12,UES2,20,87,87,2,-116.409,-117.542,-115.804,PERSISTING,0,1,327.850197,-374.697416,0
12,UES2,21,88,88,0,NA,-119.82,-124.088,UNKNOWN,0,1,-350.417667,307.089475,0
12,UES2,22,89,89,0,NA,-99.9569,-107.973,UNKNOWN,0,1,323.397581,344.238980,0
12,UES2,23,90,90,5,-117.688,-92.1658,-91.1401,ALTERNATIVE_AVAILABLE,0,1,338.531924,-351.927083,0
12,UES2,24,91,91,4,-117.574,-117.838,-118.587,PERSISTING,0,1,-332.462462,396.826471,0
12,UES2,25,92,92,0,NA,-93.1669,-121.395,UNKNOWN,0,1,340.673635,303.895712,0
12,UES2,26,93,93,0,NA,-93.9201,-121.924,UNKNOWN,0,1,346.455676,-421.677696,0
12,UES2,27,94,94,0,NA,-119.311,-121.826,UNKNOWN,0,1,-374.599441,336.110686,0
12,UES2,28,95,95,6,-117.717,-114.324,-86.0818,ALTERNATIVE_AVAILABLE,0,1,328.346728,259.010435,0
12,UES2,29,96,96,2,-116.925,-113.663,-117.233,PERSISTING,0,1,382.843535,-321.484789,0
13,UES1,0,7,7,3,-65.5015,-69.5363,-96.5094,SERVED,0,1,-63.346322,-85.906523,0
13,UES1,1,8,8,1,-76.9099,-79.824,-89.0821,SERVED,0,1,71.215168,-32.810626,0
13,UES1,2,9,9,3,-61.5653,-69.9411,-96.2371,SERVED,0,1,-115.629921,99.818264,0
13,UES1,3,10,10,4,-72.1639,-75.3941,-91.0643,SERVED,0,1,34.045833,-80.108575,0
13,UES1,4,11,11,1,-84.3585,-89.6347,-104.368,SERVED,0,1,-1.300930,91.414248,0
13,UES1,5,12,12,4,-59.6949,-57.5726,-97.9962,SERVED,0,1,-72.729455,-7.384904,0
13,UES1,6,13,13,1,-81.0461,-66.2494,-104.359,SERVED,0,1,89.595240,-14.526730,0
13,UES1,7,14,14,2,-67.6461,-76.2839,-93.4221,SERVED,0,1,38.492773,4.186760,0
13,UES1,8,15,15,1,-91.1452,-64.8721,-90.1414,SERVED,0,1,7.716169,-83.133055,0
13,UES1,9,16,16,3,-87.7134,-78.2716,-88.1787,SERVED,0,1,-32.268000,57.721461,0
13,UES1,10,17,17,4,-84.7255,-63.2604,-87.6901,SERVED,0,1,-42.975997,-39.463613,0
13,UES1,11,18,18,1,-65.3453,-83.6069,-75.1239,SERVED,0,1,21.345910,33.181228,0
13,UES1,12,19,19,7,-100.096,-91.4795,-96.4411,ALTERNATIVE_AVAILABLE,0,1,124.735190,-78.037007,0
13,UES1,13,20,20,7,-65.9062,-84.9565,-70.648,SERVED,0,1,21.930426,25.327953,0
13,UES1,14,21,21,1,-60.0696,-62.9544,-78.4195,SERVED,0,1,17.573847,-26.673952,0
13,UES1,15,22,22,1,-77.3267,-67.3434,-84.2552,SERVED,0,1,94.966666,31.694832,0
13,UES1,16,23,23,4,-84.4849,-89.3739,-96.0425,SERVED,0,1,-114.331370,-50.130472,0
13,UES1,17,24,24,1,-79.8737,-68.5796,-98.9167,SERVED,0,1,3.845941,-11.268985,0
13,UES1,18,25,25,1,-75.6257,-76.8049,-90.2421,SERVED,0,1,20.761703,38.618070,0
13,UES1,19,26,26,6,-94.92,-80.0748,-80.6343,SERVED,0,1,-35.536679,-17.418923,0
13,UES1,20,27,27,6,-80.3485,-68.4359,-78.9931,SERVED,0,1,-60.661265,74.629398,0
13,UES1,21,28,28,3,-85.2943,-85.2473,-99.2829,SERVED,0,1,-96.715387,116.497185,0
13,UES1,22,29,29,2,-56.556,-76.76,-99.6321,SERVED,0,1,124.383404,17.144820,0
13,UES1,23,30,30,6,-84.7247,-85.9282,-84.3133,SERVED,0,1,24.934313,-39.621092,0
13,UES1,24,31,31,2,-85.9846,-75.8839,-83.9744,SERVED,0,1,33.898456,105.452259,0
13,UES1,25,32,32,1,-90.7299,-63.8977,-84.9815,SERVED,0,1,-28.230364,94.242476,0
13,UES1,26,33,33,5,-99.5204,-91.7006,-97.1687,SERVED,0,1,143.361293,-27.371433,0
13,UES1,27,34,34,1,-65.4225,-88.4664,-70.8305,SERVED,0,1,52.344589,3.111383,0
13,UES1,28,35,35,4,-50.1665,-80.5903,-100.64,SERVED,0,1,-111.392928,34.487852,0
13,UES1,29,36,36,6,-65.5012,-72.8464,-78.5384,SERVED,0,1,29.377928,29.457409,0
13,UES1,30,37,37,7,-69.6257,-89.9213,-67.4766,SERVED,0,1,24.673026,-116.559338,0
13,UES1,31,38,38,1,-68.679,-82.6603,-81.5265,SERVED,0,1,82.425308,4.940370,0
13,UES1,32,39,39,1,-57.1692,-97.4848,-65.3819,SERVED,0,1,42.052596,-2.215940,0
13,UES1,33,40,40,5,-97.4198,-74.5789,-90.6841,SERVED,0,1,-54.392844,-12.127822,0
13,UES1,34,41,41,4,-88.0949,-65.8759,-95.8844,SERVED,0,1,-47.188433,-91.164672,0
13,UES1,35,42,42,6,-66.0875,-71.3279,-77.667,SERVED,0,1,36.864522,-17.696145,0
13,UES1,36,43,43,1,-67.8893,-66.6525,-78.9345,SERVED,0,1,111.534458,79.339510,0
13,UES1,37,44,44,6,-71.4067,-85.0404,-80.8848,SERVED,0,1,7.045122,-42.160135,0
13,UES1,38,45,45,1,-57.5641,-67.6775,-97.6524,SERVED,0,1,14.995437,-19.512176,0
13,UES1,39,46,46,5,-82.4731,-83.2043,-79.7446,SERVED,0,1,18.146768,-22.056941,0
13,UES1,40,47,47,4,-53.957,-65.2662,-70.2719,SERVED,0,1,-127.147051,42.546101,0
13,UES1,41,48,48,6,-105.395,-102.228,-82.499,ALTERNATIVE_AVAILABLE,0,1,-151.261844,-134.249355,0
13,UES1,42,49,49,3,-86.8296,-72.9125,-83.0633,SERVED,0,1,-15.484293,-5.156661,0
13,UES1,43,50,50,4,-61.0584,-88.2393,-89.4255,SERVED,0,1,-36.047803,-29.291117,0
13,UES1,44,51,51,7,-96.9844,-80.4571,-65.0351,SERVED,0,1,16.323036,0.199677,0
13,UES1,45,52,52,2,-99.9517,-65.5828,-90.5764,SERVED,0,1,1.195755,-61.142399,0
13,UES1,46,53,53,7,-92.6577,-88.824,-73.3142,SERVED,0,1,-48.585808,-76.232090,0
13,UES1,47,54,54,3,-47.7414,-76.2784,-84.2026,SERVED,0,1,-100.582623,25.921232,0
13,UES1,48,55,55,3,-50.2184,-64.5023,-88.0584,SERVED,0,1,-102.053875,40.308829,0
13,UES1,49,56,56,6,-90.567,-74.9287,-82.5735,SERVED,0,1,-10.340883,46.612652,0
13,UES1,50,57,57,3,-59.3383,-75.863,-94.052,SERVED,0,1,-74.212949,-12.364456,0
13,UES1,51,58,58,1,-88.4822,-83.9236,-87.8554,SERVED,0,1,126.729861,26.178905,0
13,UES1,52,59,59,6,-65.4437,-97.4606,-105.694,SERVED,0,1,-58.337776,122.199849,0
13,UES1,53,60,60,4,-60.1498,-62.846,-100.133,SERVED,0,1,-149.979040,-27.176267,0
13,UES1,54,61,61,2,-81.767,-63.3997,-91.6695,SERVED,0,1,61.922204,-8.441525,0
13,UES1,55,62,62,2,-66.2751,-81.6195,-81.4594,SERVED,0,1,41.574343,53.251618,0
13,UES1,56,63,63,3,-84.8974,-84.6438,-85.8565,SERVED,0,1,-37.258407,21.026821,0
13,UES1,57,64,64,4,-78.1998,-61.2972,-78.3292,SERVED,0,1,-100.741998,69.741579,0
13,UES1,58,65,65,4,-67.6366,-64.9259,-100.14,SERVED,0,1,-88.923918,-84.210310,0
13,UES1,59,66,66,1,-92.6853,-93.017,-93.2624,SERVED,0,1,120.674708,-101.382747,0
13,UES2,0,67,67,0,NA,-121.748,-105.201,UNKNOWN,1,1,-366.360711,318.963777,0
13,UES2,1,68,68,3,-119.244,-117.134,-118.588,PERSISTING,1,1,315.162021,388.443281,0
13,UES2,2,69,69,0,NA,-122.773,-122.328,UNKNOWN,1,1,393.109156,-322.792588,0
13,UES2,3,70,70,0,NA,-118.825,-120.634,UNKNOWN,1,1,-307.176592,344.900042,0
13,UES2,4,71,71,7,-124.018,-107.617,-117.299,PERSISTING,0,1,362.858506,376.612575,0
13,UES2,5,72,72,0,NA,-121.412,-100.903,UNKNOWN,1,1,340.992291,-330.097884,0
13,UES2,6,73,73,3,-117.24,-116.783,-87.976,ALTERNATIVE_AVAILABLE,0,1,-387.882640,344.602969,0
13,UES2,7,74,74,0,NA,-118.876,-123.482,UNKNOWN,1,1,440.610960,327.688896,0
13,UES2,8,75,75,2,-117.27,-80.7068,-90.8461,ALTERNATIVE_AVAILABLE,0,1,321.414702,-359.046728,0
13,UES2,9,76,76,0,NA,-120.412,-120.061,UNKNOWN,1,1,-369.336345,289.470392,0
13,UES2,10,77,77,0,NA,-122.726,-126.613,UNKNOWN,1,1,381.781472,359.569035,0
13,UES2,11,78,78,2,-114.386,-76.9947,-114.348,ALTERNATIVE_AVAILABLE,0,1,335.326549,-310.374618,0
13,UES2,12,79,79,0,NA,-118.203,-125.859,UNKNOWN,1,1,-354.111859,288.657491,0
13,UES2,13,80,80,0,NA,-122.447,-126.067,UNKNOWN,1,1,408.183657,354.985522,0
13,UES2,14,81,81,6,-115.01,-106.784,-111.821,PERSISTING,1,1,339.395458,-329.552456,0
13,UES2,15,82,82,1,-120.749,-75.9809,-87.2526,ALTERNATIVE_AVAILABLE,0,1,-317.543233,315.519461,0
13,UES2,16,83,83,1,-115.478,-82.2149,-84.938,ALTERNATIVE_AVAILABLE,0,1,298.347331,307.786025,0
13,UES2,17,84,84,0,NA,-94.1272,-118.516,UNKNOWN,1,1,326.519620,-313.018437,0
13,UES2,18,85,85,4,-113.935,-112.713,-119.582,PERSISTING,0,1,-303.860144,338.266101,0
13,UES2,19,86,86,2,-115.9,-119.591,-119.071,PERSISTING,1,1,351.385742,325.662583,0
13,UES2,20,87,87,2,-114.616,-114.672,-112.51,PERSISTING,1,1,329.038903,-369.970961,0
13,UES2,21,88,88,0,NA,-117.38,-125.486,UNKNOWN,1,1,-349.911153,310.209017,0
13,UES2,22,89,89,0,NA,-116.327,-123.148,UNKNOWN,1,1,326.020434,343.103883,0
13,UES2,23,90,90,5,-113.753,-112.825,-110.54,PERSISTING,0,1,336.218480,-348.659695,0
13,UES2,24,91,91,4,-113.668,-115.486,-117.801,PERSISTING,1,1,-335.869614,395.771363,0
13,UES2,25,92,92,0,NA,-117.873,-123.256,UNKNOWN,1,1,336.185489,306.114833,0
13,UES2,26,93,93,0,NA,-120.176,-118.185,UNKNOWN,1,1,348.653519,-419.325943,0
13,UES2,27,94,94,0,NA,-120.524,-103.23,UNKNOWN,1,1,-371.474899,335.477606,0
13,UES2,28,95,95,6,-113.712,-106.283,-118.694,PERSISTING,0,1,327.515006,261.848956,0
13,UES2,29,96,96,2,-119.084,-113.141,-119.702,PERSISTING,1,1,381.642970,-325.547175,0
14,UES1,0,7,7,3,-95.6764,-92.7429,-90.7867,SERVED,0,1,-66.350474,-91.565773,0
14,UES1,1,8,8,1,-79.9677,-75.3786,-84.3358,SERVED,0,1,74.010758,-36.543174,0
14,UES1,2,9,9,3,-75.8933,-63.9723,-78.2342,SERVED,0,1,-118.443459,102.417386,0
14,UES1,3,10,10,4,-96.3316,-85.7572,-89.0462,SERVED,0,1,37.748388,-82.095594,0
14,UES1,4,11,11,1,-87.8334,-93.6027,-105.314,SERVED,0,1,2.479160,94.202955,0
14,UES1,5,12,12,4,-63.6601,-58.7771,-88.655,SERVED,0,1,-75.915401,-3.448318,0
14,UES1,6,13,13,1,-73.6958,-59.5209,-87.7585,SERVED,0,1,90.114374,-9.542374,0
14,UES1,7,14,14,2,-85.6982,-81.6194,-91.2005,SERVED,0,1,37.744003,-0.971356,0
14,UES1,8,15,15,1,-99.0095,-84.9626,-89.3633,SERVED,0,1,8.562343,-87.165767,0
14,UES1,9,16,16,3,-79.109,-75.5552,-90.0802,SERVED,0,1,-27.873025,56.306330,0
14,UES1,10,17,17,4,-84.7563,-71.3259,-90.4903,SERVED,0,1,-44.397293,-45.513492,0
14,UES1,11,18,18,1,-59.8711,-85.1621,-74.5534,SERVED,0,1,16.430271,35.138100,0
14,UES1,12,19,19,7,-80.5934,-106.567,-81.0445,SERVED,0,1,128.946346,-76.901815,0
14,UES1,13,20,20,7,-65.5297,-89.0792,-79.1746,SERVED,0,1,23.938531,30.042206,0
14,UES1,14,21,21,1,-61.2155,-72.7547,-80.2073,SERVED,0,1,21.094820,-29.223927,0
14,UES1,15,22,22,1,-63.6217,-67.2206,-87.0179,SERVED,0,1,93.574075,27.194244,0
14,UES1,16,23,23,4,-88.0512,-93.6744,-71.215,SERVED,0,1,-120.749039,-49.256637,0
14,UES1,17,24,24,1,-63.2562,-66.6157,-81.9067,SERVED,0,1,-0.455371,-12.531789,0
14,UES1,18,25,25,1,-57.2155,-81.4153,-71.3624,SERVED,0,1,25.354677,34.057389,0
14,UES1,19,26,26,6,-93.3809,-82.5146,-76.7036,SERVED,0,1,-37.933486,-19.904181,0
14,UES1,20,27,27,6,-94.263,-64.5959,-104.576,SERVED,0,1,-65.605541,78.194697,0
14,UES1,21,28,28,3,-85.0486,-98.0391,-107.553,SERVED,0,1,-96.840760,121.467156,0
14,UES1,22,29,29,2,-73.1182,-105.429,-98.4365,SERVED,0,1,128.429144,22.170587,0
14,UES1,23,30,30,6,-89.5351,-85.6074,-79.1446,SERVED,0,1,26.239385,-44.483689,0
14,UES1,24,31,31,2,-74.8427,-82.7207,-81.8146,SERVED,0,1,30.923575,106.570996,0
14,UES1,25,32,32,1,-67.0812,-65.3355,-92.6469,SERVED,0,1,-28.356961,98.386362,0
14,UES1,26,33,33,5,-104.387,-94.7324,-99.908,ALTERNATIVE_AVAILABLE,0,1,146.170843,-24.215811,0
14,UES1,27,34,34,1,-61.3509,-81.0922,-64.4499,SERVED,0,1,52.574797,9.589989,0
14,UES1,28,35,35,4,-50.9408,-70.774,-88.7158,SERVED,0,1,-115.860706,36.589855,0
14,UES1,29,36,36,6,-65.98,-87.1788,-85.8006,SERVED,0,1,31.522239,26.300047,0
14,UES1,30,37,37,7,-89.9805,-108.378,-66.7536,SERVED,0,1,22.578436,-121.140357,0
14,UES1,31,38,38,1,-74.9443,-78.6422,-101.357,SERVED,0,1,86.955385,5.921382,0
14,UES1,32,39,39,1,-55.7519,-81.9367,-66.9497,SERVED,0,1,40.876238,-7.145588,0
14,UES1,33,40,40,5,-66.6215,-81.9372,-88.4146,SERVED,0,1,-56.650146,-8.128961,0
14,UES1,34,41,41,4,-86.2846,-81.0281,-87.6887,SERVED,0,1,-44.891104,-95.508788,0
14,UES1,35,42,42,6,-66.7037,-78.4526,-77.0463,SERVED,0,1,40.267944,-19.097987,0
14,UES1,36,43,43,1,-88.4956,-60.0193,-100.611,SERVED,0,1,114.209709,83.659277,0
14,UES1,37,44,44,6,-64.9852,-88.452,-79.8941,SERVED,0,1,8.158943,-46.082660,0
14,UES1,38,45,45,1,-59.1281,-89.8319,-89.608,SERVED,0,1,11.096413,-21.784075,0
14,UES1,39,46,46,5,-65.7449,-94.5691,-78.2597,SERVED,0,1,13.699492,-21.656969,0
14,UES1,40,47,47,4,-57.9637,-78.6542,-86.9051,SERVED,0,1,-128.751680,45.157303,0
14,UES1,41,48,48,6,-106.423,-102.14,-101.059,PERSISTING,0,1,-155.968727,-138.427794,0
14,UES1,42,49,49,3,-86.53,-78.8356,-83.0485,SERVED,0,1,-12.395233,-10.675259,0
14,UES1,43,50,50,4,-83.6085,-63.9654,-91.1766,SERVED,0,1,-33.180729,-32.173754,0
14,UES1,44,51,51,7,-79.0938,-85.098,-90.1727,SERVED,0,1,13.662349,3.873474,0
14,UES1,45,52,52,2,-93.6422,-92.4701,-89.7682,SERVED,0,1,-2.132796,-64.418879,0
14,UES1,46,53,53,7,-76.2716,-90.1506,-66.2697,SERVED,0,1,-50.281567,-79.802399,0
14,UES1,47,54,54,3,-49.8379,-77.8433,-78.7758,SERVED,0,1,-101.580911,20.581914,0
14,UES1,48,55,55,3,-50.3402,-65.2705,-96.3256,SERVED,0,1,-106.852852,36.989944,0
14,UES1,49,56,56,6,-70.3228,-88.3305,-82.478,SERVED,0,1,-7.464587,44.151919,0
14,UES1,50,57,57,3,-77.5814,-56.9694,-89.2489,SERVED,0,1,-74.811613,-16.885331,0
14,UES1,51,58,58,1,-93.4932,-70.2829,-83.6233,SERVED,0,1,132.512163,27.313330,0
14,UES1,52,59,59,6,-99.093,-95.8336,-101.574,SERVED,0,1,-62.324092,125.382403,0
14,UES1,53,60,60,4,-61.0104,-63.0277,-103.723,SERVED,0,1,-155.119548,-27.855967,0
14,UES1,54,61,61,2,-68.8731,-98.1209,-89.8939,SERVED,0,1,61.682061,-13.577410,0
14,UES1,55,62,62,2,-83.4567,-94.7052,-92.7189,SERVED,0,1,45.365996,50.178450,0
14,UES1,56,63,63,3,-77.0741,-91.9335,-100.738,SERVED,0,1,-36.284856,16.461484,0
14,UES1,57,64,64,4,-81.283,-67.7968,-101.611,SERVED,0,1,-102.333313,73.709932,0
14,UES1,58,65,65,4,-64.2003,-88.5338,-88.8033,SERVED,0,1,-90.858806,-88.685308,0
14,UES1,59,66,66,1,-64.9422,-96.1842,-98.007,SERVED,0,1,123.557324,-105.226147,0
14,UES2,0,67,67,0,NA,-119.506,-125.869,UNKNOWN,2,1,-368.863556,318.342932,0
14,UES2,1,68,68,3,-117.372,-79.6654,-116.527,ALTERNATIVE_AVAILABLE,0,1,312.481394,391.234713,0
14,UES2,2,69,69,1,-115.104,-115.829,-122.118,PERSISTING,0,1,389.665025,-327.687894,0
14,UES2,3,70,70,6,-120.053,-112.84,-117.486,PERSISTING,0,1,-305.512897,347.722746,0
14,UES2,4,71,71,7,-118.568,-117.818,-116.736,PERSISTING,1,1,363.413758,372.740369,0
14,UES2,5,72,72,0,NA,-99.3021,-119.826,UNKNOWN,2,1,338.103083,-333.785840,0
14,UES2,6,73,73,3,-112.762,-118.375,-116.785,PERSISTING,0,1,-384.345666,344.627488,0
14,UES2,7,74,74,0,NA,-126.887,-98.7983,UNKNOWN,2,1,438.627558,329.406342,0
14,UES2,8,75,75,2,-120.665,-113.811,-115.19,PERSISTING,0,1,323.266393,-362.594728,0
14,UES2,9,76,76,6,-120.352,-111.184,-114.426,PERSISTING,0,1,-374.670136,289.794333,0
14,UES2,10,77,77,0,NA,-120.501,-126.894,UNKNOWN,2,1,384.655107,357.454224,0
14,UES2,11,78,78,2,-116.943,-121.397,-81.4593,ALTERNATIVE_AVAILABLE,0,1,331.680584,-309.367260,0
14,UES2,12,79,79,7,-121.211,-114.23,-114.22,PERSISTING,0,1,-358.972229,289.063626,0
14,UES2,13,80,80,0,NA,-102.28,-121.031,UNKNOWN,2,1,407.107760,351.148775,0
14,UES2,14,81,81,6,-117.094,-112.904,-111.986,PERSISTING,2,1,343.299680,-331.893895,0
14,UES2,15,82,82,1,-120.624,-111.309,-98.8567,ALTERNATIVE_AVAILABLE,0,1,-315.996821,318.359046,0
14,UES2,16,83,83,1,-114.99,-111.414,-116.036,PERSISTING,0,1,295.157944,308.477046,0
14,UES2,17,84,84,0,NA,-100.886,-119.632,UNKNOWN,2,1,326.688606,-309.439727,0
14,UES2,18,85,85,4,-112.933,-115.784,-113.807,PERSISTING,1,1,-306.439048,342.318982,0
14,UES2,19,86,86,2,-114.104,-117.568,-118.101,PERSISTING,2,1,353.693102,328.023812,0
14,UES2,20,87,87,2,-115.277,-93.0741,-117.876,ALTERNATIVE_AVAILABLE,0,1,330.488456,-366.450472,0
14,UES2,21,88,88,0,NA,-122.166,-109.625,UNKNOWN,2,1,-347.405826,312.587460,0
14,UES2,22,89,89,0,NA,-120.36,-122.299,UNKNOWN,2,1,330.381055,343.190721,0
14,UES2,23,90,90,5,-111.519,-115.907,-112.619,PERSISTING,1,1,332.818085,-346.547513,0
14,UES2,24,91,91,4,-115.19,-115.21,-118.444,PERSISTING,2,1,-340.200495,393.666891,0
14,UES2,25,92,92,0,NA,-117.97,-122.168,UNKNOWN,2,1,331.706945,306.735281,0
14,UES2,26,93,93,0,NA,-120.75,-108.866,UNKNOWN,2,1,351.172532,-416.624929,0
14,UES2,27,94,94,0,NA,-119.114,-125.692,UNKNOWN,2,1,-367.438948,335.048987,0
14,UES2,28,95,95,6,-116.059,-96.2567,-114.182,ALTERNATIVE_AVAILABLE,0,1,326.022810,264.213917,0
14,UES2,29,96,96,2,-111.858,-116.303,-113.422,PERSISTING,2,1,379.834690,-329.413999,0
15,UES1,0,7,7,3,-72.5123,-90.7046,-95.866,SERVED,0,1,-68.642727,-93.420615,0
15,UES1,1,8,8,1,-59.2486,-89.045,-91.6652,SERVED,0,1,78.168936,-40.023649,0
15,UES1,2,9,9,3,-65.915,-91.4328,-82.8712,SERVED,0,1,-122.180323,106.283330,0
15,UES1,3,10,10,4,-100.516,-89.8645,-88.6167,ALTERNATIVE_AVAILABLE,0,1,41.036617,-86.366336,0
15,UES1,4,11,11,1,-92.7619,-94.6093,-102.429,SERVED,0,1,6.603271,97.266968,0
15,UES1,5,12,12,4,-76.7173,-62.1487,-96.6294,SERVED,0,1,-78.693090,-0.686636,0
15,UES1,6,13,13,1,-82.6494,-73.333,-85.9375,SERVED,0,1,89.814778,-4.641076,0
15,UES1,7,14,14,2,-59.8964,-61.9465,-83.7157,SERVED,0,1,36.591003,-5.567572,0
15,UES1,8,15,15,2,-102.199,-88.9332,-90.761,ALTERNATIVE_AVAILABLE,0,1,11.454366,-92.315440,0
15,UES1,9,16,16,3,-83.5733,-78.4394,-86.7601,SERVED,0,1,-22.985391,52.867521,0
15,UES1,10,17,17,4,-82.93,-90.6666,-99.165,SERVED,0,1,-45.066307,-49.588436,0
15,UES1,11,18,18,1,-61.3605,-84.2433,-92.4592,SERVED,0,1,10.793420,37.760536,0
15,UES1,12,19,19,7,-74.5666,-95.6331,-67.7351,SERVED,0,1,133.409698,-74.495744,0
15,UES1,13,20,20,7,-65.0736,-61.6909,-81.0296,SERVED,0,1,27.610370,33.469575,0
15,UES1,14,21,21,1,-62.4124,-76.9569,-95.9353,SERVED,0,1,25.465656,-33.811454,0
15,UES1,15,22,22,1,-81.6615,-71.3982,-81.0144,SERVED,0,1,94.170704,21.458695,0
15,UES1,16,23,23,4,-90.5693,-99.5606,-103.469,SERVED,0,1,-125.943462,-48.675118,0
15,UES1,17,24,24,1,-64.0722,-81.5289,-96.9312,SERVED,0,1,-3.387721,-17.023363,0
15,UES1,18,25,25,1,-74.9222,-80.497,-71.3072,SERVED,0,1,26.971328,29.589922,0
15,UES1,19,26,26,6,-66.6705,-79.2129,-77.2335,SERVED,0,1,-40.601352,-25.534686,0
15,UES1,20,27,27,3,-70.6596,-88.6599,-93.7557,SERVED,0,1,-69.180783,81.668832,0
15,UES1,21,28,28,3,-80.0489,-81.3571,-106.373,SERVED,0,1,-97.875494,127.147493,0
15,UES1,22,29,29,2,-67.2591,-84.4849,-99.7733,SERVED,0,1,132.557060,25.538333,0
15,UES1,23,30,30,6,-64.6177,-82.8262,-81.777,SERVED,0,1,27.756967,-49.366145,0
15,UES1,24,31,31,2,-61.892,-70.6094,-107.098,SERVED,0,1,24.559797,110.473393,0
15,UES1,25,32,32,1,-91.8127,-64.1641,-103.226,SERVED,0,1,-28.620858,104.578344,0
15,UES1,26,33,33,5,-109.903,-79.2525,-103.187,ALTERNATIVE_AVAILABLE,0,1,150.798574,-20.600851,0
15,UES1,27,34,34,1,-66.3001,-79.5618,-64.0465,SERVED,0,1,51.560041,13.685126,0
15,UES1,28,35,35,4,-52.6858,-61.6066,-91.6385,SERVED,0,1,-120.570522,38.599567,0
15,UES1,29,36,36,6,-65.7109,-70.1477,-91.8589,SERVED,0,1,35.637209,22.505201,0
15,UES1,30,37,37,5,-66.9357,-87.8418,-65.9654,SERVED,0,1,22.436346,-125.966124,0
15,UES1,31,38,38,1,-69.5555,-77.4567,-103.201,SERVED,0,1,91.351648,7.518108,0
15,UES1,32,39,39,1,-60.6368,-90.8324,-65.1966,SERVED,0,1,42.325123,-12.361801,0
15,UES1,33,40,40,5,-91.5703,-76.4093,-81.1921,SERVED,0,1,-58.889815,-2.242429,0
15,UES1,34,41,41,4,-91.6407,-67.4287,-99.7244,SERVED,0,1,-43.794800,-99.664565,0
15,UES1,35,42,42,6,-88.4099,-68.8317,-77.6887,SERVED,0,1,44.208845,-21.337708,0
15,UES1,36,43,43,2,-60.4156,-90.2401,-98.6438,SERVED,0,1,118.985382,87.480031,0
15,UES1,37,44,44,6,-85.7973,-94.8749,-80.3037,SERVED,0,1,8.642387,-52.008969,0
15,UES1,38,45,45,1,-61.533,-88.0987,-85.8807,SERVED,0,1,7.087891,-24.106922,0
15,UES1,39,46,46,5,-92.9548,-85.9998,-76.5288,SERVED,0,1,7.728303,-21.039773,0
15,UES1,40,47,47,4,-61.1493,-72.624,-103.601,SERVED,0,1,-133.109294,51.530139,0
15,UES1,41,48,48,6,-110.921,-103.494,-100.583,PERSISTING,1,1,-159.962203,-139.603224,0
15,UES1,42,49,49,3,-61.7447,-82.8364,-90.9251,SERVED,0,1,-11.014653,-14.308523,0
15,UES1,43,50,50,3,-63.9725,-64.1072,-103.902,SERVED,0,1,-27.823837,-35.005064,0
15,UES1,44,51,51,7,-88.3579,-85.8623,-65.1452,SERVED,0,1,11.275936,8.939972,0
15,UES1,45,52,52,2,-81.7322,-89.7988,-77.776,SERVED,0,1,-5.579985,-68.628176,0
15,UES1,46,53,53,7,-71.0297,-91.4262,-67.0327,SERVED,0,1,-53.015793,-85.129485,0
15,UES1,47,54,54,3,-57.0061,-72.6645,-79.4048,SERVED,0,1,-101.795284,15.854461,0
15,UES1,48,55,55,3,-53.6497,-76.0302,-86.1917,SERVED,0,1,-109.926245,32.865207,0
15,UES1,49,56,56,6,-67.9967,-73.4495,-92.1361,SERVED,0,1,-2.431268,40.269617,0
15,UES1,50,57,57,3,-64.798,-59.2048,-90.9979,SERVED,0,1,-76.544672,-22.033923,0
15,UES1,51,58,58,2,-73.6793,-92.1648,-84.4907,SERVED,0,1,136.587634,27.998720,0
15,UES1,52,59,59,6,-94.4035,-90.2934,-105.222,SERVED,0,1,-65.485398,127.995775,0
15,UES1,53,60,60,4,-79.9855,-66.93,-103.296,SERVED,0,1,-159.684763,-28.392934,0
15,UES1,54,61,61,2,-71.0309,-56.248,-92.8263,SERVED,0,1,61.336668,-18.307172,0
15,UES1,55,62,62,2,-65.758,-80.8081,-94.5567,SERVED,0,1,50.014481,47.091138,0
15,UES1,56,63,63,3,-61.16,-82.5106,-91.3643,SERVED,0,1,-35.951970,11.486220,0
15,UES1,57,64,64,4,-81.9949,-58.293,-102.037,SERVED,0,1,-105.400472,78.558622,0
15,UES1,58,65,65,4,-91.4719,-97.7963,-91.8749,SERVED,0,1,-92.344054,-92.279267,0
15,UES1,59,66,66,1,-92.8848,-95.1578,-86.6581,SERVED,0,1,127.044389,-108.622283,0
15,UES2,0,67,67,0,NA,-114.991,-126.116,UNKNOWN,3,1,-372.613359,318.067674,0
15,UES2,1,68,68,3,-118.928,-113.128,-118.399,PERSISTING,0,1,310.699973,393.588705,0
15,UES2,2,69,69,1,-117.65,-86.5432,-118.17,ALTERNATIVE_AVAILABLE,0,1,388.460495,-331.025378,0
15,UES2,3,70,70,6,-121.734,-114.926,-121.131,PERSISTING,1,1,-303.157243,350.821043,0
15,UES2,4,71,71,7,-120.612,-115.751,-119.402,PERSISTING,2,1,363.053710,367.553758,0
15,UES2,5,72,72,0,NA,-120.981,-120.461,UNKNOWN,3,1,337.145321,-338.199097,0
15,UES2,6,73,73,3,-82.6988,-109.066,-118.949,SERVED,0,1,-377.673218,345.550832,0
15,UES2,7,74,74,0,NA,-120.87,-129.375,UNKNOWN,3,1,434.181402,331.787254,0
15,UES2,8,75,75,2,-114.748,-114.257,-115.456,PERSISTING,1,1,326.386707,-364.814223,0
15,UES2,9,76,76,6,-80.412,-101.126,-120.124,SERVED,0,1,-378.661753,290.080946,0
15,UES2,10,77,77,0,NA,-121.466,-124.641,UNKNOWN,3,1,387.700656,354.555366,0
15,UES2,11,78,78,2,-114.805,-113.546,-81.8441,ALTERNATIVE_AVAILABLE,0,1,326.822638,-310.545513,0
15,UES2,12,79,79,7,-119.797,-112.883,-113.471,PERSISTING,1,1,-362.318104,289.993322,0
15,UES2,13,80,80,0,NA,-121.246,-125.934,UNKNOWN,3,1,405.520677,347.545904,0
15,UES2,14,81,81,6,-117.262,-112.511,-111.292,PERSISTING,3,1,346.915625,-335.054097,0
15,UES2,15,82,82,1,-121.252,-110.838,-81.9353,ALTERNATIVE_AVAILABLE,0,1,-315.128469,322.001374,0
15,UES2,16,83,83,1,-111.433,-110.364,-115.59,PERSISTING,1,1,292.238365,312.878276,0
15,UES2,17,84,84,0,NA,-118.791,-117.497,UNKNOWN,3,1,327.796131,-306.552401,0
15,UES2,18,85,85,4,-113.531,-110.579,-117.353,PERSISTING,2,1,-308.632834,344.878998,0
15,UES2,19,86,86,2,-113.492,-115.905,-117.932,PERSISTING,3,1,356.126417,330.895607,0
15,UES2,20,87,87,2,-115.829,-115.216,-114.088,PERSISTING,0,1,331.667138,-363.203184,0
15,UES2,21,88,88,0,NA,-106.221,-110.519,UNKNOWN,3,1,-343.088002,315.001883,0
15,UES2,22,89,89,0,NA,-96.1632,-124.09,UNKNOWN,3,1,334.759545,341.917050,0
15,UES2,23,90,90,5,-115.902,-115.406,-111.197,PERSISTING,2,1,329.905665,-345.112103,0
15,UES2,24,91,91,4,-113.67,-116.383,-119.305,PERSISTING,3,1,-343.962202,392.255738,0
15,UES2,25,92,92,0,NA,-118.247,-124.495,UNKNOWN,3,1,328.050684,308.025646,0
15,UES2,26,93,93,0,NA,-122.691,-118.505,UNKNOWN,3,1,354.702419,-413.675186,0
15,UES2,27,94,94,0,NA,-116.496,-123.346,UNKNOWN,3,1,-364.114884,333.474784,0
15,UES2,28,95,95,6,-121.481,-114.824,-117.347,PERSISTING,0,1,324.992590,268.786165,0
15,UES2,29,96,96,2,-114.4,-114.674,-118.702,PERSISTING,3,1,379.207315,-334.461817,0
16,UES1,0,7,7,3,-98.1367,-65.1772,-87.479,SERVED,0,1,-71.555985,-98.158577,0
16,UES1,1,8,8,1,-79.4272,-75.3465,-103.55,SERVED,0,1,81.206517,-43.587887,0
16,UES1,2,9,9,3,-62.4556,-92.7455,-108.288,SERVED,0,1,-124.922602,109.636941,0
16,UES1,3,10,10,4,-99.7309,-92.7324,-89.8348,SERVED,0,1,44.541087,-89.023814,0
16,UES1,4,11,11,1,-86.1944,-71.6785,-76.9832,SERVED,0,1,9.480353,100.979341,0
16,UES1,5,12,12,4,-67.4876,-80.9054,-83.5592,SERVED,0,1,-81.234722,3.809534,0
16,UES1,6,13,13,1,-70.6906,-76.2199,-91.0223,SERVED,0,1,88.713084,1.331466,0
16,UES1,7,14,14,2,-78.4884,-61.251,-86.6135,SERVED,0,1,34.838905,-10.088483,0
16,UES1,8,15,15,2,-96.7058,-69.591,-85.7214,SERVED,0,1,14.669828,-96.198402,0
16,UES1,9,16,16,3,-89.2512,-79.6896,-84.8171,SERVED,0,1,-18.726991,51.267821,0
16,UES1,10,17,17,4,-66.352,-86.5389,-92.3896,SERVED,0,1,-46.691782,-55.843665,0
16,UES1,11,18,18,1,-65.182,-83.1805,-79.0753,SERVED,0,1,7.715938,38.823799,0
16,UES1,12,19,19,7,-94.9911,-101.611,-77.8571,SERVED,0,1,137.589542,-72.578757,0
16,UES1,13,20,20,7,-65.5822,-58.4455,-82.1565,SERVED,0,1,28.247487,38.589645,0
16,UES1,14,21,21,1,-67.3694,-74.6748,-78.8546,SERVED,0,1,28.102403,-38.337884,0
16,UES1,15,22,22,1,-58.9956,-71.0529,-79.6802,SERVED,0,1,92.915328,17.225286,0
16,UES1,16,23,23,4,-87.4957,-97.1134,-94.434,SERVED,0,1,-129.141579,-48.554774,0
16,UES1,17,24,24,1,-86.8658,-86.9983,-81.4864,SERVED,0,1,-7.405103,-21.041405,0
16,UES1,18,25,25,1,-59.6725,-82.8612,-84.131,SERVED,0,1,29.314795,26.883885,0
16,UES1,19,26,26,6,-72.9879,-88.3099,-84.7287,SERVED,0,1,-42.171982,-30.585419,0
16,UES1,20,27,27,3,-68.7931,-91.944,-93.3142,SERVED,0,1,-73.205449,85.085675,0
16,UES1,21,28,28,3,-86.7354,-88.6624,-107.295,SERVED,0,1,-100.533556,130.531820,0
16,UES1,22,29,29,2,-59.4875,-85.8884,-85.8437,SERVED,0,1,135.088489,29.182201,0
16,UES1,23,30,30,6,-69.1606,-86.2339,-82.0939,SERVED,0,1,27.747102,-54.175863,0
16,UES1,24,31,31,2,-71.472,-92.0251,-103.235,SERVED,0,1,20.297551,111.634772,0
16,UES1,25,32,32,1,-93.5613,-70.6106,-103.17,SERVED,0,1,-29.728073,109.880442,0
16,UES1,26,33,33,5,-82.7019,-87.8227,-81.232,SERVED,0,1,153.820829,-17.082112,0
16,UES1,27,34,34,1,-81.4043,-82.8461,-82.2377,SERVED,0,1,51.444732,19.182139,0
16,UES1,28,35,35,4,-52.6947,-65.6943,-100.39,SERVED,0,1,-124.448773,40.767151,0
16,UES1,29,36,36,6,-65.2081,-69.6895,-77.1662,SERVED,0,1,39.416912,18.079059,0
16,UES1,30,37,37,5,-66.5211,-89.5793,-89.8971,SERVED,0,1,19.929203,-130.549711,0
16,UES1,31,38,38,1,-84.5595,-79.1047,-81.6719,SERVED,0,1,96.421926,8.102613,0
16,UES1,32,39,39,1,-75.791,-90.148,-85.6578,SERVED,0,1,43.924715,-16.540338,0
16,UES1,33,40,40,5,-95.6677,-73.78,-86.3515,SERVED,0,1,-59.661569,2.293399,0
16,UES1,34,41,41,4,-92.9818,-96.0941,-83.2833,SERVED,0,1,-41.917654,-105.233285,0
16,UES1,35,42,42,6,-88.0108,-75.5017,-83.5305,SERVED,0,1,48.490527,-22.653645,0
16,UES1,36,43,43,2,-60.5172,-67.5474,-98.9239,SERVED,0,1,121.156408,89.747085,0
16,UES1,37,44,44,6,-82.5483,-80.1696,-80.7151,SERVED,0,1,10.112078,-55.929227,0
16,UES1,38,45,45,1,-63.72,-67.9965,-84.7506,SERVED,0,1,3.523551,-26.341158,0
16,UES1,39,46,46,5,-67.473,-82.965,-77.9076,SERVED,0,1,3.275642,-21.588832,0
16,UES1,40,47,47,4,-59.1476,-75.0103,-81.7086,SERVED,0,1,-135.017874,55.290733,0
16,UES1,41,48,48,6,-109.749,-98.1654,-100.678,ALTERNATIVE_AVAILABLE,0,1,-164.366309,-142.743750,0
16,UES1,42,49,49,3,-62.907,-79.5194,-80.8911,SERVED,0,1,-8.249828,-19.404862,0
16,UES1,43,50,50,3,-87.249,-60.8062,-95.6495,SERVED,0,1,-26.302672,-39.912877,0
16,UES1,44,51,51,7,-90.8294,-77.3015,-78.0028,SERVED,0,1,9.718056,13.889291,0
16,UES1,45,52,52,2,-93.3837,-88.4854,-89.0081,SERVED,0,1,-8.244339,-72.816294,0
16,UES1,46,53,53,7,-64.0334,-86.0993,-72.1048,SERVED,0,1,-54.876896,-89.215459,0
16,UES1,47,54,54,3,-71.6995,-73.8118,-84.8905,SERVED,0,1,-103.177334,11.458026,0
16,UES1,48,55,55,3,-52.1467,-74.1638,-98.39,SERVED,0,1,-114.101818,31.030145,0
16,UES1,49,56,56,6,-68.712,-81.9685,-94.4167,SERVED,0,1,0.916684,36.245854,0
16,UES1,50,57,57,3,-61.506,-58.059,-98.2655,SERVED,0,1,-76.326977,-27.650145,0
16,UES1,51,58,58,2,-80.2856,-88.386,-88.5251,SERVED,0,1,141.126088,27.889193,0
16,UES1,52,59,59,6,-100.636,-93.0129,-89.5199,ALTERNATIVE_AVAILABLE,0,1,-70.784727,131.434982,0
16,UES1,53,60,60,4,-84.3233,-87.4696,-102.975,SERVED,0,1,-165.262399,-29.733860,0
16,UES1,54,61,61,2,-76.6764,-58.6211,-96.6732,SERVED,0,1,58.999156,-23.627345,0
16,UES1,55,62,62,2,-69.2464,-80.591,-90.0193,SERVED,0,1,53.901074,43.167235,0
16,UES1,56,63,63,3,-89.6727,-75.6945,-92.8505,SERVED,0,1,-35.376974,6.715439,0
16,UES1,57,64,64,4,-69.1592,-59.0607,-101.757,SERVED,0,1,-104.804071,83.393431,0
16,UES1,58,65,65,4,-71.4168,-94.4778,-90.8656,SERVED,0,1,-91.811288,-98.745426,0
16,UES1,59,66,66,1,-68.3599,-89.2093,-92.4051,SERVED,0,1,131.514019,-112.115276,0
16,UES2,0,67,67,6,-117.09,-117.7,-119.963,PERSISTING,0,1,-376.846403,318.515878,0
16,UES2,1,68,68,3,-124.624,-112.306,-118.331,PERSISTING,1,1,308.127337,398.222259,0
16,UES2,2,69,69,1,-113.531,-119.221,-108.187,PERSISTING,0,1,386.121494,-333.773242,0
16,UES2,3,70,70,6,-118.803,-113.748,-117.452,PERSISTING,2,1,-300.386676,354.038053,0
16,UES2,4,71,71,7,-125.139,-115.014,-119.038,PERSISTING,3,1,363.950484,365.400967,0
16,UES2,5,72,72,0,NA,-121.843,-116.219,UNKNOWN,4,1,335.250579,-341.665004,0
16,UES2,6,73,73,3,-114.483,-113.386,-119.081,PERSISTING,0,1,-374.651371,347.245364,0
16,UES2,7,74,74,0,NA,-122.389,-125.887,UNKNOWN,4,1,431.709038,334.029450,0
16,UES2,8,75,75,2,-110.563,-109.542,-115.454,PERSISTING,2,1,327.882526,-368.562978,0
16,UES2,9,76,76,6,-87.4697,-85.7085,-118.237,SERVED,0,1,-382.953116,290.086893,0
16,UES2,10,77,77,5,-125.273,-100.643,-120.843,PERSISTING,0,1,388.493065,349.742111,0
16,UES2,11,78,78,2,-115.054,-112.232,-111.797,PERSISTING,0,1,323.683848,-309.127678,0
16,UES2,12,79,79,7,-114.018,-84.0847,-116.785,ALTERNATIVE_AVAILABLE,0,1,-366.948419,290.150518,0
16,UES2,13,80,80,0,NA,-119.232,-127.185,UNKNOWN,4,1,403.182059,343.277509,0
16,UES2,14,81,81,6,-116.302,-112.351,-110.842,PERSISTING,4,1,349.686463,-335.419654,0
16,UES2,15,82,82,1,-115.467,-112.795,-92.4616,ALTERNATIVE_AVAILABLE,0,1,-314.383500,325.842219,0
16,UES2,16,83,83,1,-109.444,-107.694,-114.68,PERSISTING,2,1,288.623533,314.252892,0
16,UES2,17,84,84,5,-115.667,-114.695,-85.9023,ALTERNATIVE_AVAILABLE,0,1,328.633641,-301.298647,0
16,UES2,18,85,85,4,-114.665,-114.142,-116.449,PERSISTING,3,1,-309.734548,348.072848,0
16,UES2,19,86,86,2,-117.59,-114.604,-116.53,PERSISTING,4,1,360.088445,333.998469,0
16,UES2,20,87,87,2,-114.74,-113.937,-113.372,PERSISTING,1,1,332.636210,-359.720601,0
16,UES2,21,88,88,0,NA,-119.208,-121.228,UNKNOWN,4,1,-339.706198,319.106133,0
16,UES2,22,89,89,0,NA,-114.917,-122.165,UNKNOWN,4,1,339.447118,341.920954,0
16,UES2,23,90,90,5,-113.252,-116.034,-112.548,PERSISTING,3,1,327.215827,-340.894205,0
16,UES2,24,91,91,4,-121.647,-114.518,-117.961,PERSISTING,4,1,-347.261423,390.913870,0
16,UES2,25,92,92,0,NA,-96.3046,-108.608,UNKNOWN,4,1,325.195922,310.394954,0
16,UES2,26,93,93,0,NA,-121.971,-122.581,UNKNOWN,4,1,358.234273,-410.583702,0
16,UES2,27,94,94,0,NA,-118.757,-121.814,UNKNOWN,4,1,-359.185143,330.666618,0
16,UES2,28,95,95,6,-85.4198,-115.978,-114.409,SERVED,0,1,322.059580,270.989078,0
16,UES2,29,96,96,2,-117.457,-116.746,-108.401,PERSISTING,4,1,377.508755,-336.510645,0
17,UES1,0,7,7,4,-92.1984,-82.7623,-93.3668,SERVED,0,1,-75.075117,-102.134468,0
17,UES1,1,8,8,1,-65.6339,-84.3931,-105.467,SERVED,0,1,85.411925,-47.567164,0
17,UES1,2,9,9,3,-77.4983,-81.4898,-94.0423,SERVED,0,1,-128.985915,114.920661,0
17,UES1,3,10,10,4,-101.366,-84.5983,-101.456,ALTERNATIVE_AVAILABLE,0,1,49.168032,-92.355966,0
17,UES1,4,11,11,1,-93.6917,-88.6502,-87.3654,SERVED,0,1,13.849277,104.269581,0
17,UES1,5,12,12,3,-62.0789,-79.216,-87.4969,SERVED,0,1,-86.315392,8.454170,0
17,UES1,6,13,13,1,-65.0055,-59.7812,-102.725,SERVED,0,1,89.956315,5.306279,0
17,UES1,7,14,14,2,-84.6319,-59.4044,-86.2296,SERVED,0,1,33.144450,-14.442537,0
17,UES1,8,15,15,2,-96.7783,-78.6776,-90.1718,SERVED,0,1,15.538359,-101.347485,0
17,UES1,9,16,16,4,-89.8345,-71.9294,-92.715,SERVED,0,1,-14.940321,48.961035,0
17,UES1,10,17,17,4,-60.8474,-75.7755,-89.7511,SERVED,0,1,-46.704494,-59.682834,0
17,UES1,11,18,18,1,-87.1728,-78.7962,-88.0919,SERVED,0,1,2.720502,39.899998,0
17,UES1,12,19,19,7,-98.042,-97.794,-102.027,SERVED,0,1,143.231071,-72.036446,0
17,UES1,13,20,20,7,-100.791,-67.1243,-85.7919,ALTERNATIVE_AVAILABLE,0,1,31.103480,42.375121,0
17,UES1,14,21,21,1,-76.8695,-70.5628,-95.7654,SERVED,0,1,30.196867,-40.876638,0
17,UES1,15,22,22,1,-55.5681,-77.7889,-93.7403,SERVED,0,1,91.422876,10.159017,0
17,UES1,16,23,23,4,-94.8825,-99.8278,-90.4072,SERVED,0,1,-134.214411,-47.560327,0
17,UES1,17,24,24,1,-82.6428,-80.7514,-93.8771,SERVED,0,1,-9.660743,-22.139577,0
17,UES1,18,25,25,1,-68.3649,-87.7277,-77.5144,SERVED,0,1,32.829960,21.882905,0
17,UES1,19,26,26,6,-81.8919,-87.1768,-87.872,SERVED,0,1,-44.010852,-34.730146,0
17,UES1,20,27,27,3,-79.2937,-89.0999,-86.2921,SERVED,0,1,-77.902813,87.353003,0
17,UES1,21,28,28,3,-78.5085,-96.4655,-107.691,SERVED,0,1,-102.396625,135.829712,0
17,UES1,22,29,29,2,-77.6973,-95.3392,-105.799,SERVED,0,1,138.222848,31.163395,0
17,UES1,23,30,30,6,-71.888,-80.8303,-81.3056,SERVED,0,1,30.416083,-59.022517,0
17,UES1,24,31,31,2,-81.332,-71.815,-98.9472,SERVED,0,1,16.466107,114.844278,0
17,UES1,25,32,32,1,-94.0005,-77.6789,-98.5911,SERVED,0,1,-30.677895,114.462334,0
17,UES1,26,33,33,5,-106.217,-95.4097,-96.8908,ALTERNATIVE_AVAILABLE,0,1,157.262125,-12.890918,0
17,UES1,27,34,34,1,-58.7981,-76.9289,-67.3645,SERVED,0,1,50.589765,24.485704,0
17,UES1,28,35,35,4,-69.2007,-65.1531,-85.0734,SERVED,0,1,-129.149389,42.900741,0
17,UES1,29,36,36,6,-72.7486,-58.8909,-87.0547,SERVED,0,1,41.623990,14.590479,0
17,UES1,30,37,37,5,-67.3003,-108.134,-65.3963,SERVED,0,1,18.149996,-135.244832,0
17,UES1,31,38,38,1,-65.9201,-77.0085,-86.5715,SERVED,0,1,100.666126,11.036049,0
17,UES1,32,39,39,1,-73.4593,-94.6452,-66.7506,SERVED,0,1,43.106213,-20.762007,0
17,UES1,33,40,40,5,-81.9117,-70.8428,-96.254,SERVED,0,1,-62.516603,6.650149,0
17,UES1,34,41,41,4,-96.0466,-83.3685,-96.4904,SERVED,0,1,-39.692113,-109.130372,0
17,UES1,35,42,42,6,-66.2188,-80.8288,-79.1068,SERVED,0,1,52.303013,-25.229470,0
17,UES1,36,43,43,2,-61.4842,-64.1068,-92.5758,SERVED,0,1,126.766329,92.719985,0
17,UES1,37,44,44,6,-64.8672,-81.0933,-81.349,SERVED,0,1,11.611421,-60.932488,0
17,UES1,38,45,45,1,-76.2803,-63.6764,-82.6208,SERVED,0,1,-1.663466,-29.644941,0
17,UES1,39,46,46,5,-76.1487,-86.6759,-76.8668,SERVED,0,1,-0.925096,-22.388281,0
17,UES1,40,47,47,4,-85.767,-92.2803,-105.912,SERVED,0,1,-137.859609,59.210987,0
17,UES1,41,48,48,6,-108.227,-104.459,-104.035,PERSISTING,0,1,-168.514839,-146.618157,0
17,UES1,42,49,49,3,-78.8586,-65.989,-91.2687,SERVED,0,1,-6.951707,-24.369592,0
17,UES1,43,50,50,3,-92.4907,-71.1967,-88.2045,SERVED,0,1,-21.490732,-42.053597,0
17,UES1,44,51,51,7,-81.7897,-86.4987,-79.3333,SERVED,0,1,8.417992,19.694563,0
17,UES1,45,52,52,2,-99.5566,-81.4132,-79.908,SERVED,0,1,-12.316508,-75.312331,0
17,UES1,46,53,53,7,-82.3105,-95.2386,-93.2166,SERVED,0,1,-58.092137,-94.231230,0
17,UES1,47,54,54,3,-62.3111,-80.596,-98.645,SERVED,0,1,-105.683076,6.957564,0
17,UES1,48,55,55,3,-52.6291,-76.1607,-97.3963,SERVED,0,1,-117.219948,26.919755,0
17,UES1,49,56,56,6,-67.1214,-77.7959,-94.7664,SERVED,0,1,3.715614,33.012185,0
17,UES1,50,57,57,4,-58.171,-89.2842,-91.6677,SERVED,0,1,-77.908525,-32.645989,0
17,UES1,51,58,58,2,-76.9377,-96.6787,-95.2249,SERVED,0,1,147.000814,28.622967,0
17,UES1,52,59,59,6,-87.6694,-86.6214,-94.0465,SERVED,0,1,-74.759646,133.764557,0
17,UES1,53,60,60,4,-63.3608,-83.7722,-104.317,SERVED,0,1,-169.139395,-31.709447,0
17,UES1,54,61,61,2,-83.6126,-77.1426,-87.575,SERVED,0,1,59.232819,-29.164483,0
17,UES1,55,62,62,2,-56.881,-71.3074,-91.1754,SERVED,0,1,56.824611,41.302272,0
17,UES1,56,63,63,3,-74.465,-86.2891,-92.0513,SERVED,0,1,-35.085315,0.637592,0
17,UES1,57,64,64,4,-84.9573,-79.9361,-104.541,SERVED,0,1,-107.773550,88.081295,0
17,UES1,58,65,65,4,-81.6985,-77.8932,-95.3104,SERVED,0,1,-93.551781,-102.350465,0
17,UES1,59,66,66,1,-97.9338,-98.9054,-103.26,SERVED,0,1,135.073179,-115.132312,0
17,UES2,0,67,67,6,-121.567,-110.691,-117.685,PERSISTING,1,1,-380.071057,319.226765,0
17,UES2,1,68,68,3,-118.008,-106.517,-117.783,PERSISTING,2,1,305.836222,400.861780,0
17,UES2,2,69,69,1,-114.854,-116.139,-94.9217,ALTERNATIVE_AVAILABLE,0,1,383.707290,-338.302620,0
17,UES2,3,70,70,6,-115.716,-88.7655,-117.483,ALTERNATIVE_AVAILABLE,0,1,-298.060626,357.718429,0
17,UES2,4,71,71,7,-120.858,-115.272,-114.805,PERSISTING,4,1,364.690585,361.672116,0
17,UES2,5,72,72,0,NA,-122.185,-120.095,UNKNOWN,5,1,334.720738,-345.292177,0
17,UES2,6,73,73,3,-116.361,-116.631,-117.169,PERSISTING,1,1,-370.584927,346.656669,0
17,UES2,7,74,74,0,NA,-122.379,-124.24,UNKNOWN,5,1,428.149804,335.971653,0
17,UES2,8,75,75,2,-112.087,-115.423,-96.5739,ALTERNATIVE_AVAILABLE,0,1,330.018897,-372.450852,0
17,UES2,9,76,76,6,-116.333,-114.889,-101.588,PERSISTING,0,1,-386.192384,291.471327,0
17,UES2,10,77,77,5,-99.7561,-117.288,-117.951,SERVED,0,1,391.040399,347.088668,0
17,UES2,11,78,78,2,-116.961,-116.046,-116.428,PERSISTING,1,1,318.149100,-308.916762,0
17,UES2,12,79,79,7,-122.002,-113.257,-115.97,PERSISTING,0,1,-370.186395,290.615049,0
17,UES2,13,80,80,0,NA,-106.25,-128.349,UNKNOWN,5,1,402.673072,339.486305,0
17,UES2,14,81,81,6,-117.83,-113.592,-115.337,PERSISTING,5,1,352.709735,-338.639326,0
17,UES2,15,82,82,4,-115.436,-113.965,-118.402,PERSISTING,0,1,-311.536029,330.001047,0
17,UES2,16,83,83,1,-112.753,-101.95,-95.2868,ALTERNATIVE_AVAILABLE,0,1,285.762341,318.915139,0
17,UES2,17,84,84,5,-112.84,-93.1851,-111.726,ALTERNATIVE_AVAILABLE,0,1,327.886995,-298.197507,0
17,UES2,18,85,85,4,-111.591,-112.779,-104.744,PERSISTING,4,1,-313.673156,351.072488,0
17,UES2,19,86,86,2,-118.193,-117.888,-119.213,PERSISTING,5,1,362.649923,337.821870,0
17,UES2,20,87,87,2,-113.223,-96.9072,-113.918,ALTERNATIVE_AVAILABLE,0,1,334.215240,-354.535959,0
17,UES2,21,88,88,0,NA,-114.955,-127.332,UNKNOWN,5,1,-337.818919,321.312325,0
17,UES2,22,89,89,0,NA,-115.972,-120.566,UNKNOWN,5,1,342.448532,341.558783,0
17,UES2,23,90,90,5,-110.386,-112.565,-112.004,PERSISTING,4,1,322.072269,-338.910928,0
17,UES2,24,91,91,4,-113.76,-93.2386,-106.667,ALTERNATIVE_AVAILABLE,0,1,-350.638883,387.459293,0
17,UES2,25,92,92,0,NA,-116.751,-115.123,UNKNOWN,5,1,321.118898,311.020079,0
17,UES2,26,93,93,0,NA,-122.689,-121.774,UNKNOWN,5,1,359.764048,-408.423085,0
17,UES2,27,94,94,0,NA,-120.405,-122.342,UNKNOWN,5,1,-354.760295,329.897702,0
17,UES2,28,95,95,6,-114.29,-114.097,-119.488,PERSISTING,0,1,320.515633,275.742656,0
17,UES2,29,96,96,2,-112.563,-112.306,-117.553,PERSISTING,5,1,377.241776,-341.032463,0
18,UES1,0,7,7,4,-95.2624,-66.6376,-90.7072,SERVED,0,1,-77.587011,-107.322417,0
18,UES1,1,8,8,1,-60.396,-89.8356,-96.9466,SERVED,0,1,87.713831,-51.222271,0
18,UES1,2,9,9,3,-78.6788,-89.654,-107.174,SERVED,0,1,-132.305459,118.155137,0
18,UES1,3,10,10,4,-84.1038,-87.2863,-92.8037,SERVED,0,1,53.952195,-95.423287,0
18,UES1,4,11,11,1,-92.2765,-68.3513,-92.6306,SERVED,0,1,16.289256,107.167567,0
18,UES1,5,12,12,3,-63.607,-73.5897,-88.829,SERVED,0,1,-86.951082,11.711095,0
18,UES1,6,13,13,1,-66.1546,-78.498,-98.4945,SERVED,0,1,89.343809,10.829761,0
18,UES1,7,14,14,2,-80.5804,-59.7017,-97.71,SERVED,0,1,32.379910,-20.308268,0
18,UES1,8,15,15,2,-103.825,-66.6709,-88.9805,ALTERNATIVE_AVAILABLE,0,1,19.123336,-105.921540,0
18,UES1,9,16,16,4,-91.6272,-79.451,-95.7923,SERVED,0,1,-9.152516,47.620149,0
18,UES1,10,17,17,4,-72.3517,-89.7623,-88.4543,SERVED,0,1,-47.190420,-64.565036,0
18,UES1,11,18,18,1,-64.7771,-82.1322,-87.1243,SERVED,0,1,-2.911730,41.298679,0
18,UES1,12,19,19,7,-90.2798,-101.894,-103.252,SERVED,0,1,148.094827,-71.133693,0
18,UES1,13,20,20,7,-78.5946,-65.006,-86.4719,SERVED,0,1,34.756011,45.989938,0
18,UES1,14,21,21,1,-65.1267,-76.595,-91.1057,SERVED,0,1,35.218021,-44.820132,0
18,UES1,15,22,22,1,-52.5934,-69.8163,-85.5102,SERVED,0,1,92.966725,5.927883,0
18,UES1,16,23,23,4,-89.2346,-97.5726,-86.1409,SERVED,0,1,-140.405248,-48.024502,0
18,UES1,17,24,24,1,-76.6802,-73.4585,-79.0897,SERVED,0,1,-13.656481,-26.589927,0
18,UES1,18,25,25,1,-59.0796,-83.8635,-72.3967,SERVED,0,1,34.903728,16.275873,0
18,UES1,19,26,26,6,-79.9292,-87.3635,-86.6759,SERVED,0,1,-46.004641,-39.519097,0
18,UES1,20,27,27,3,-81.6108,-82.6236,-86.1677,SERVED,0,1,-81.005001,91.773205,0
18,UES1,21,28,28,3,-63.1866,-95.0314,-106.92,SERVED,0,1,-104.015753,140.208922,0
18,UES1,22,29,29,2,-61.3413,-95.2764,-101.736,SERVED,0,1,142.138119,35.201405,0
18,UES1,23,30,30,6,-92.5008,-90.9783,-82.5607,SERVED,0,1,32.489720,-63.655979,0
18,UES1,24,31,31,2,-85.1155,-81.0965,-92.3548,SERVED,0,1,11.482190,117.213986,0
18,UES1,25,32,32,1,-85.7143,-65.2708,-92.3699,SERVED,0,1,-29.692552,118.402558,0
18,UES1,26,33,33,5,-108.17,-95.1882,-90.7744,ALTERNATIVE_AVAILABLE,0,1,160.667870,-10.099889,0
18,UES1,27,34,34,1,-50.7138,-79.9127,-80.9034,SERVED,0,1,50.788289,29.107168,0
18,UES1,28,35,35,4,-66.1467,-82.7854,-94.425,SERVED,0,1,-134.054715,44.273586,0
18,UES1,29,36,36,6,-74.6183,-49.9562,-94.8821,SERVED,0,1,46.159860,10.543044,0
18,UES1,30,37,37,5,-89.799,-97.8685,-93.1263,SERVED,0,1,15.272282,-139.756845,0
18,UES1,31,38,38,1,-73.0664,-73.539,-76.472,SERVED,0,1,105.481584,12.721917,0
18,UES1,32,39,39,1,-81.9265,-100.658,-66.2639,SERVED,0,1,43.880816,-26.470532,0
18,UES1,33,40,40,5,-96.8679,-68.7411,-89.3173,SERVED,0,1,-64.405647,11.641579,0
18,UES1,34,41,41,4,-76.6169,-77.7163,-86.7895,SERVED,0,1,-37.516132,-114.200683,0
18,UES1,35,42,42,6,-80.1996,-79.355,-88.5215,SERVED,0,1,58.384576,-28.123428,0
18,UES1,36,43,43,2,-62.2129,-93.0327,-97.711,SERVED,0,1,131.506841,97.862232,0
18,UES1,37,44,44,6,-94.8265,-84.3391,-81.0118,SERVED,0,1,12.526384,-66.593539,0
18,UES1,38,45,45,1,-89.5623,-79.8859,-88.9732,SERVED,0,1,-6.585783,-32.369453,0
18,UES1,39,46,46,5,-88.3436,-90.7544,-76.9553,SERVED,0,1,-7.249766,-21.072886,0
18,UES1,40,47,47,4,-70.3606,-79.8231,-105.104,SERVED,0,1,-138.965440,63.767739,0
18,UES1,41,48,48,6,-117.124,-105.978,-103.486,PERSISTING,1,1,-171.359844,-148.856690,0
18,UES1,42,49,49,3,-88.814,-64.9791,-93.0937,SERVED,0,1,-5.406136,-28.360174,0
18,UES1,43,50,50,3,-81.7116,-91.8506,-91.5316,SERVED,0,1,-17.461556,-45.432315,0
18,UES1,44,51,51,7,-84.2848,-84.8544,-77.3276,SERVED,0,1,6.054694,23.507090,0
18,UES1,45,52,52,2,-97.5586,-90.7979,-88.9608,SERVED,0,1,-15.735370,-79.871777,0
18,UES1,46,53,53,7,-85.4292,-93.6455,-64.4404,SERVED,0,1,-60.866162,-96.342606,0
18,UES1,47,54,54,3,-76.12,-67.0507,-89.3882,SERVED,0,1,-106.982743,1.045492,0
18,UES1,48,55,55,3,-68.7129,-68.891,-93.5382,SERVED,0,1,-121.453834,22.697184,0
18,UES1,49,56,56,6,-65.4437,-85.8139,-76.0808,SERVED,0,1,6.781285,29.222009,0
18,UES1,50,57,57,4,-69.7277,-80.2191,-98.5318,SERVED,0,1,-77.531258,-36.799816,0
18,UES1,51,58,58,2,-79.0279,-86.7632,-105.72,SERVED,0,1,152.144005,28.243623,0
18,UES1,52,59,59,6,-99.3819,-90.9999,-100.602,SERVED,0,1,-78.320856,137.164065,0
18,UES1,53,60,60,4,-87.2813,-90.7089,-86.9858,SERVED,0,1,-173.811392,-32.435432,0
18,UES1,54,61,61,2,-67.0927,-70.5465,-107.997,SERVED,0,1,57.615814,-33.293921,0
18,UES1,55,62,62,2,-57.0311,-74.7675,-86.0016,SERVED,0,1,60.705047,37.318789,0
18,UES1,56,63,63,3,-68.2321,-69.9238,-81.2401,SERVED,0,1,-35.046891,-4.350743,0
18,UES1,57,64,64,4,-73.2523,-72.7632,-104.163,SERVED,0,1,-109.052731,90.668722,0
18,UES1,58,65,65,4,-89.9123,-86.1039,-93.6597,SERVED,0,1,-95.119756,-108.537131,0
18,UES1,59,66,66,1,-95.5723,-99.734,-93.848,SERVED,0,1,139.174838,-118.434507,0
18,UES2,0,67,67,6,-99.0967,-113.234,-119.755,SERVED,0,1,-385.273286,318.714649,0
18,UES2,1,68,68,3,-123.417,-115.275,-119.608,PERSISTING,3,1,304.136827,403.902718,0
18,UES2,2,69,69,1,-114.147,-114.177,-117.771,PERSISTING,0,1,380.975896,-340.297239,0
18,UES2,3,70,70,6,-115.489,-97.5384,-120.211,ALTERNATIVE_AVAILABLE,0,1,-296.267133,360.193584,0
18,UES2,4,71,71,7,-116.462,-100.297,-114.589,PERSISTING,5,1,365.218057,357.101921,0
18,UES2,5,72,72,0,NA,-124.581,-125.38,PERSISTING,0,1,332.720278,-348.630337,0
18,UES2,6,73,73,3,-100.217,-112.558,-119.949,PERSISTING,2,1,-367.344419,349.237142,0
18,UES2,7,74,74,0,NA,-122.421,-117.552,PERSISTING,0,1,425.176763,338.195308,0
18,UES2,8,75,75,2,-116.501,-113.173,-113.847,PERSISTING,0,1,332.942883,-375.433035,0
18,UES2,9,76,76,6,-119.25,-115.218,-119.937,PERSISTING,1,1,-390.022167,291.006469,0
18,UES2,10,77,77,5,-117.989,-100.677,-117.208,PERSISTING,0,1,393.049664,343.160461,0
18,UES2,11,78,78,2,-116.527,-112.255,-116.827,PERSISTING,2,1,314.955244,-307.531398,0
18,UES2,12,79,79,7,-119.018,-112.817,-117.834,PERSISTING,1,1,-374.887877,292.273174,0
18,UES2,13,80,80,0,NA,-121.239,-123.932,PERSISTING,0,1,400.543178,334.874574,0
18,UES2,14,81,81,6,-117.247,-102.732,-115.378,MOVE_REQUIRED,6,1,355.171345,-340.638395,1
18,UES2,15,82,82,4,-113.269,-115.642,-115.124,PERSISTING,1,1,-309.544237,333.325385,0
18,UES2,16,83,83,1,-90.7908,-107.253,-115.332,SERVED,0,1,281.900470,318.448098,0
18,UES2,17,84,84,5,-113.591,-114.879,-114.016,PERSISTING,0,1,330.329684,-293.865412,0
18,UES2,18,85,85,4,-116.467,-108.06,-116.031,PERSISTING,5,1,-316.844485,353.720949,0
18,UES2,19,86,86,2,-117.407,-103.685,-118.218,MOVE_REQUIRED,6,1,365.380665,340.354150,1
18,UES2,20,87,87,2,-115.918,-115.608,-113.103,PERSISTING,0,1,333.846353,-350.742435,0
18,UES2,21,88,88,0,NA,-119.686,-110.271,PERSISTING,0,1,-335.228255,324.345170,0
18,UES2,22,89,89,0,NA,-117.431,-106.609,PERSISTING,0,1,340.219714,339.627343,0
18,UES2,23,90,90,5,-113.914,-115.032,-113.449,PERSISTING,5,1,320.706007,-334.875822,0
18,UES2,24,91,91,4,-117.794,-112.734,-119.585,PERSISTING,0,1,-354.608369,387.162185,0
18,UES2,25,92,92,2,-108.222,-113.685,-97.8453,ALTERNATIVE_AVAILABLE,0,1,317.081617,311.517680,0
18,UES2,26,93,93,0,NA,-123.21,-120.006,PERSISTING,0,1,362.777955,-405.047149,0
18,UES2,27,94,94,6,-117.459,-115.91,-117.861,PERSISTING,0,1,-351.904057,328.891646,0
18,UES2,28,95,95,6,-116.246,-112.691,-109.549,PERSISTING,1,1,318.982114,279.418192,0
18,UES2,29,96,96,2,-118.189,-112.207,-116.45,MOVE_REQUIRED,6,1,377.213828,-344.226984,1
19,UES1,0,7,7,4,-84.4442,-85.4889,-81.1445,SERVED,0,1,-79.876117,-111.908497,0
19,UES1,1,8,8,1,-69.4424,-92.0742,-96.9678,SERVED,0,1,91.074009,-54.766011,0
19,UES1,2,9,9,3,-64.3773,-89.991,-106.583,SERVED,0,1,-134.460228,122.102530,0
19,UES1,3,10,10,1,-92.725,-70.0848,-93.4063,SERVED,0,1,57.517677,-98.911819,0
19,UES1,4,11,11,1,-86.8883,-90.9087,-91.0302,SERVED,0,1,20.544576,110.330447,0
19,UES1,5,12,12,3,-51.8987,-70.3712,-78.0188,SERVED,0,1,-92.441861,16.341564,0
19,UES1,6,13,13,1,-77.7233,-53.371,-84.4592,SERVED,0,1,90.098494,16.183957,0
19,UES1,7,14,14,2,-91.2087,-58.5973,-87.8632,SERVED,0,1,32.035075,-24.930171,0
19,UES1,8,15,15,2,-98.4856,-93.6784,-88.3744,SERVED,0,1,21.323722,-110.381074,0
19,UES1,9,16,16,4,-102.487,-88.3642,-79.9984,ALTERNATIVE_AVAILABLE,0,1,-5.215122,45.064193,0
19,UES1,10,17,17,4,-81.8158,-96.2036,-100.571,SERVED,0,1,-50.488416,-68.338450,0
19,UES1,11,18,18,1,-76.0449,-87.7968,-85.9187,SERVED,0,1,-7.118690,43.195616,0
19,UES1,12,19,19,7,-97.8735,-82.5141,-77.351,SERVED,0,1,151.951612,-69.773364,0
19,UES1,13,20,20,1,-71.5627,-85.8855,-66.5192,SERVED,0,1,36.901549,50.724078,0
19,UES1,14,21,21,1,-72.2707,-95.4737,-75.8702,SERVED,0,1,37.360294,-49.523323,0
19,UES1,15,22,22,1,-54.342,-70.8556,-84.8005,SERVED,0,1,91.257975,1.050351,0
19,UES1,16,23,23,4,-87.8046,-97.1524,-104.693,SERVED,0,1,-144.107576,-49.503867,0
19,UES1,17,24,24,1,-91.1324,-92.2852,-93.9492,SERVED,0,1,-18.145104,-29.984871,0
19,UES1,18,25,25,1,-51.3717,-94.8868,-71.9481,SERVED,0,1,37.660448,13.824606,0
19,UES1,19,26,26,6,-73.7344,-82.568,-86.4815,SERVED,0,1,-48.754953,-43.225824,0
19,UES1,20,27,27,3,-79.4164,-92.0133,-103.474,SERVED,0,1,-84.357197,93.667643,0
19,UES1,21,28,28,3,-87.594,-93.0976,-108.357,SERVED,0,1,-105.579491,145.429556,0
19,UES1,22,29,29,2,-82.1704,-91.1778,-81.722,SERVED,0,1,147.005443,38.147436,0
19,UES1,23,30,30,6,-91.393,-89.2345,-80.2292,SERVED,0,1,33.355522,-68.858880,0
19,UES1,24,31,31,2,-96.7494,-65.7202,-90.4099,SERVED,0,1,9.235100,119.667874,0
19,UES1,25,32,32,4,-73.181,-84.6778,-80.9213,SERVED,0,1,-30.182240,125.020129,0
19,UES1,26,33,33,5,-103.458,-98.0061,-102.729,ALTERNATIVE_AVAILABLE,0,1,164.965088,-5.622438,0
19,UES1,27,34,34,1,-48.8704,-82.018,-93.3756,SERVED,0,1,50.364602,34.045379,0
19,UES1,28,35,35,4,-64.9777,-71.4028,-94.7631,SERVED,0,1,-138.661119,45.075774,0
19,UES1,29,36,36,6,-64.8164,-48.9198,-74.0838,SERVED,0,1,48.612976,7.651198,0
19,UES1,30,37,37,5,-66.2486,-104.147,-91.2763,SERVED,0,1,12.306129,-144.695277,0
19,UES1,31,38,38,1,-88.1883,-73.5395,-87.4971,SERVED,0,1,110.990165,14.545613,0
19,UES1,32,39,39,1,-70.7179,-103.693,-89.0534,SERVED,0,1,44.571358,-31.813620,0
19,UES1,33,40,40,4,-72.4581,-80.9545,-71.9843,SERVED,0,1,-66.765745,15.480614,0
19,UES1,34,41,41,4,-83.7487,-83.1515,-85.4004,SERVED,0,1,-36.987189,-120.388914,0
19,UES1,35,42,42,6,-90.1394,-78.247,-98.0981,SERVED,0,1,61.582866,-30.723030,0
19,UES1,36,43,43,2,-63.7811,-96.6943,-100.378,SERVED,0,1,134.548793,100.414936,0
19,UES1,37,44,44,6,-63.3147,-97.7784,-78.4087,SERVED,0,1,12.630824,-71.229734,0
19,UES1,38,45,45,1,-77.4542,-63.2141,-88.8879,SERVED,0,1,-9.906915,-35.179504,0
19,UES1,39,46,46,5,-69.7395,-88.6395,-75.2562,SERVED,0,1,-11.003586,-20.733099,0
19,UES1,40,47,47,4,-67.111,-85.1839,-97.8138,SERVED,0,1,-142.063535,68.143215,0
19,UES1,41,48,48,6,-106.63,-84.5994,-104.839,ALTERNATIVE_AVAILABLE,0,1,-175.697598,-151.758946,0
19,UES1,42,49,49,3,-87.4336,-69.9119,-79.1991,SERVED,0,1,-1.903699,-31.325068,0
19,UES1,43,50,50,3,-90.0474,-86.91,-91.7216,SERVED,0,1,-13.774789,-48.735687,0
19,UES1,44,51,51,7,-92.7263,-96.9104,-71.4742,SERVED,0,1,3.946348,28.555289,0
19,UES1,45,52,52,2,-97.0048,-91.2072,-88.5273,SERVED,0,1,-18.326373,-83.847682,0
19,UES1,46,53,53,7,-65.9747,-95.2237,-93.2584,SERVED,0,1,-64.004875,-103.516629,0
19,UES1,47,54,54,3,-59.0997,-59.3941,-82.9726,SERVED,0,1,-107.891084,-3.618312,0
19,UES1,48,55,55,3,-77.6143,-67.7496,-87.593,SERVED,0,1,-125.114871,19.735940,0
19,UES1,49,56,56,6,-64.8545,-73.4233,-99.9629,SERVED,0,1,8.975360,24.947388,0
19,UES1,50,57,57,4,-74.0321,-84.8132,-97.7505,SERVED,0,1,-78.833319,-41.663968,0
19,UES1,51,58,58,2,-90.399,-79.8283,-108.058,SERVED,0,1,156.280877,30.265133,0
19,UES1,52,59,59,6,-97.8721,-95.6099,-80.4644,SERVED,0,1,-81.469415,139.722417,0
19,UES1,53,60,60,4,-92.3993,-64.6898,-108.283,SERVED,0,1,-179.088582,-33.743621,0
19,UES1,54,61,61,1,-71.1004,-90.5094,-98.2646,SERVED,0,1,56.848926,-37.939079,0
19,UES1,55,62,62,2,-54.9622,-63.1085,-91.915,SERVED,0,1,64.535118,33.287701,0
19,UES1,56,63,63,3,-83.9459,-85.6309,-94.7052,SERVED,0,1,-32.723695,-8.925062,0
19,UES1,57,64,64,3,-80.8534,-81.7446,-106.771,SERVED,0,1,-110.688928,97.280407,0
19,UES1,58,65,65,4,-96.1229,-100.651,-97.6162,SERVED,0,1,-96.125899,-112.173066,0
19,UES1,59,66,66,1,-81.7203,-100.152,-94.2508,SERVED,0,1,142.792601,-121.791822,0
19,UES2,0,67,67,6,-116.359,-114.025,-116.824,PERSISTING,0,1,-389.546056,319.113483,0
19,UES2,1,68,68,3,-116.044,-90.082,-117.585,ALTERNATIVE_AVAILABLE,0,1,301.110228,406.945804,0
19,UES2,2,69,69,1,-118.2,-114.348,-115.951,PERSISTING,1,1,378.889793,-343.662490,0
19,UES2,3,70,70,6,-115.035,-115.525,-119.679,PERSISTING,0,1,-293.253815,363.379340,0
19,UES2,4,71,71,7,-118.295,-115.987,-116.206,MOVE_REQUIRED,6,1,365.242803,352.439632,1
19,UES2,5,72,72,0,NA,-121.17,-120.912,PERSISTING,1,1,331.466225,-351.559413,0
19,UES2,6,73,73,3,-114.176,-113.923,-117.974,PERSISTING,3,1,-364.038802,348.663291,0
19,UES2,7,74,74,0,NA,-121.671,-124.358,PERSISTING,1,1,420.924074,341.825626,0
19,UES2,8,75,75,2,-120.691,-115.297,-114.956,PERSISTING,1,1,335.816036,-378.279623,0
19,UES2,9,76,76,6,-120.159,-114.123,-117.696,PERSISTING,2,1,-393.230348,291.079482,0
19,UES2,10,77,77,5,-121.697,-118.417,-121.385,PERSISTING,1,1,394.920702,341.720692,0
19,UES2,11,78,78,2,-109.077,-113.457,-116.403,PERSISTING,3,1,311.232486,-305.696095,0
19,UES2,12,79,79,7,-121.243,-112.683,-116.711,PERSISTING,2,1,-378.917000,292.055156,0
19,UES2,13,80,80,0,NA,-120.595,-107.202,PERSISTING,1,1,401.693196,332.169490,0
19,UES2,14,81,81,4,-110.537,-113.722,-77.9664,ALTERNATIVE_AVAILABLE,0,1,359.105043,-342.396549,0
19,UES2,15,82,82,4,-113.607,-115.358,-120.325,PERSISTING,2,1,-309.019983,338.141266,0
19,UES2,16,83,83,1,-118.309,-108.504,-114.955,PERSISTING,0,1,279.082613,321.455104,0
19,UES2,17,84,84,5,-113.113,-109.037,-94.1635,ALTERNATIVE_AVAILABLE,0,1,331.050785,-289.862698,0
19,UES2,18,85,85,4,-115.34,-115.518,-121.325,MOVE_REQUIRED,6,1,-319.706210,358.235538,1
19,UES2,19,86,86,2,-113.127,-121.936,-115.691,MOVE_REQUIRED,7,1,367.731650,342.742590,1
19,UES2,20,87,87,2,-117.438,-114.588,-115.209,PERSISTING,1,1,331.899999,-347.358043,0
19,UES2,21,88,88,0,NA,-118.171,-126.393,PERSISTING,1,1,-330.782060,326.478148,0
19,UES2,22,89,89,0,NA,-116.293,-123.399,PERSISTING,1,1,336.051909,338.829715,0
19,UES2,23,90,90,5,-113.619,-111.983,-76.8746,ALTERNATIVE_AVAILABLE,0,1,317.990276,-332.867616,0
19,UES2,24,91,91,4,-120.189,-115.787,-119.122,PERSISTING,1,1,-358.628342,384.443746,0
19,UES2,25,92,92,2,-115.005,-111.99,-116.083,PERSISTING,0,1,312.494857,312.721600,0
19,UES2,26,93,93,0,NA,-97.5733,-122.058,ALTERNATIVE_AVAILABLE,0,1,365.148332,-401.400150,0
19,UES2,27,94,94,6,-118.508,-113.709,-117.016,PERSISTING,1,1,-347.780281,329.059647,0
19,UES2,28,95,95,6,-119.766,-114.895,-81.4712,ALTERNATIVE_AVAILABLE,0,1,318.179891,283.423645,0
19,UES2,29,96,96,2,-117.244,-91.804,-114.787,ALTERNATIVE_AVAILABLE,0,1,374.440719,-348.728963,0
20,UES1,0,7,7,4,-65.3682,-95.3407,-100.124,SERVED,0,1,-83.922167,-113.416633,0
20,UES1,1,8,8,1,-60.8312,-89.9434,-104.341,SERVED,0,1,95.219336,-57.693495,0
20,UES1,2,9,9,3,-88.7051,-66.7426,-109.674,SERVED,0,1,-138.827798,126.076103,0
20,UES1,3,10,10,1,-69.2249,-69.6566,-92.1512,SERVED,0,1,61.594170,-100.944076,0
20,UES1,4,11,11,1,-81.692,-63.1155,-97.9251,SERVED,0,1,23.944879,114.442060,0
20,UES1,5,12,12,3,-69.727,-72.287,-82.2096,SERVED,0,1,-95.194759,18.438889,0
20,UES1,6,13,13,1,-83.112,-53.2064,-81.6997,SERVED,0,1,88.529344,21.965043,0
20,UES1,7,14,14,2,-87.3587,-70.9599,-99.8001,SERVED,0,1,30.284131,-30.249291,0
20,UES1,8,15,15,2,-105.426,-74.8065,-87.4474,ALTERNATIVE_AVAILABLE,0,1,22.643715,-113.502861,0
20,UES1,9,16,16,4,-92.3031,-62.7455,-76.255,SERVED,0,1,-1.023312,42.536835,0
20,UES1,10,17,17,4,-85.3804,-79.77,-85.761,SERVED,0,1,-49.801249,-74.408408,0
20,UES1,11,18,18,1,-77.5676,-87.2276,-93.5209,SERVED,0,1,-12.328665,43.461688,0
20,UES1,12,19,19,7,-76.5024,-97.6554,-84.9556,SERVED,0,1,156.996917,-67.674437,0
20,UES1,13,20,20,1,-86.5124,-78.1543,-86.4423,SERVED,0,1,38.509889,55.664476,0
20,UES1,14,21,21,1,-74.2006,-87.565,-90.9978,SERVED,0,1,41.535225,-51.939521,0
20,UES1,15,22,22,1,-55.9372,-76.4112,-90.0027,SERVED,0,1,91.389252,-2.732131,0
20,UES1,16,23,23,4,-89.852,-102.304,-101.058,SERVED,0,1,-150.342083,-47.684173,0
20,UES1,17,24,24,1,-76.776,-88.538,-94.5611,SERVED,0,1,-20.813960,-33.758117,0
20,UES1,18,25,25,1,-48.4749,-81.7197,-74.3972,SERVED,0,1,40.489995,8.886114,0
20,UES1,19,26,26,6,-94.3106,-79.0063,-87.5198,SERVED,0,1,-50.795263,-48.783287,0
20,UES1,20,27,27,3,-84.7559,-80.7026,-94.0522,SERVED,0,1,-87.750732,97.952553,0
20,UES1,21,28,28,3,-70.2363,-94.0276,-94.54,SERVED,0,1,-107.208183,149.312389,0
20,UES1,22,29,29,2,-82.7416,-89.8383,-82.9662,SERVED,0,1,150.102323,42.094302,0
20,UES1,23,30,30,6,-81.7272,-90.2641,-79.8363,SERVED,0,1,34.441107,-72.507909,0
20,UES1,24,31,31,2,-91.5294,-84.7009,-85.2704,SERVED,0,1,3.946073,121.795101,0
20,UES1,25,32,32,4,-71.9058,-83.0392,-89.2924,SERVED,0,1,-32.021165,129.208952,0
20,UES1,26,33,33,5,-88.6597,-95.892,-79.8781,SERVED,0,1,168.534484,-3.377002,0
20,UES1,27,34,34,1,-51.2464,-75.9031,-65.158,SERVED,0,1,50.143495,40.288222,0
20,UES1,28,35,35,4,-80.0609,-86.4037,-97.4675,SERVED,0,1,-142.980143,47.434517,0
20,UES1,29,36,36,6,-91.6897,-50.5375,-83.4952,SERVED,0,1,53.090213,3.071325,0
20,UES1,30,37,37,5,-93.9188,-107.64,-64.3134,SERVED,0,1,10.515785,-149.271117,0
20,UES1,31,38,38,1,-74.8649,-73.4818,-85.5223,SERVED,0,1,116.539739,15.230511,0
20,UES1,32,39,39,1,-76.8491,-81.8257,-71.4163,SERVED,0,1,43.840099,-35.920920,0
20,UES1,33,40,40,4,-80.675,-80.6907,-83.177,SERVED,0,1,-67.578482,19.603432,0
20,UES1,34,41,41,4,-89.1293,-82.0237,-86.9019,SERVED,0,1,-34.928382,-122.850073,0
20,UES1,35,42,42,6,-66.661,-71.2958,-90.8495,SERVED,0,1,66.380425,-33.601670,0
20,UES1,36,43,43,2,-64.9711,-64.8651,-93.6589,SERVED,0,1,137.663932,104.511859,0
20,UES1,37,44,44,6,-91.7313,-90.6003,-82.682,SERVED,0,1,14.357137,-75.578975,0
20,UES1,38,45,45,1,-74.0847,-71.0684,-96.5876,SERVED,0,1,-14.732905,-37.595463,0
20,UES1,39,46,46,5,-84.1174,-82.3049,-80.6284,SERVED,0,1,-16.580137,-20.429668,0
20,UES1,40,47,47,4,-61.5254,-80.6429,-86.8617,SERVED,0,1,-144.432247,72.675404,0
20,UES1,41,48,48,6,-113.951,-100.756,-102.414,PERSISTING,0,1,-179.875638,-154.915941,0
20,UES1,42,49,49,3,-72.9043,-62.1215,-85.8346,SERVED,0,1,0.904465,-28.055171,0
20,UES1,43,50,50,3,-96.5438,-68.396,-87.2874,SERVED,0,1,-10.776117,-52.367889,0
20,UES1,44,51,51,7,-65.0226,-84.3389,-79.3432,SERVED,0,1,1.535318,32.652231,0
20,UES1,45,52,52,2,-65.4044,-66.3043,-93.3234,SERVED,0,1,-21.399583,-87.274381,0
20,UES1,46,53,53,7,-96.0035,-93.982,-83.3277,SERVED,0,1,-66.624876,-107.542862,0
20,UES1,47,54,54,3,-58.763,-56.9475,-99.0407,SERVED,0,1,-109.294271,-6.558660,0
20,UES1,48,55,55,3,-80.0724,-67.3752,-92.1047,SERVED,0,1,-128.712237,15.600207,0
20,UES1,49,56,56,6,-64.8799,-76.3134,-79.5425,SERVED,0,1,14.240759,22.413121,0
20,UES1,50,57,57,4,-60.6407,-85.4206,-95.7289,SERVED,0,1,-81.207192,-46.443040,0
20,UES1,51,58,58,2,-90.2072,-88.1125,-100.905,SERVED,0,1,160.828138,30.304288,0
20,UES1,52,59,59,6,-75.4655,-96.3611,-108.729,SERVED,0,1,-85.984179,143.628579,0
20,UES1,53,60,60,4,-65.1791,-72.9321,-100.823,SERVED,0,1,-183.844321,-35.087256,0
20,UES1,54,61,61,1,-73.5406,-92.4855,-97.7184,SERVED,0,1,55.214784,-42.831556,0
20,UES1,55,62,62,2,-68.5349,-64.3789,-100.74,SERVED,0,1,68.604101,30.723297,0
20,UES1,56,63,63,3,-79.973,-69.8024,-96.1922,SERVED,0,1,-33.111211,-13.096176,0
20,UES1,57,64,64,3,-83.3612,-83.1366,-90.7878,SERVED,0,1,-112.840240,102.108250,0
20,UES1,58,65,65,4,-95.1472,-100.459,-104.046,SERVED,0,1,-97.129091,-117.475318,0
20,UES1,59,66,66,1,-96.7223,-98.2403,-98.3781,SERVED,0,1,145.963264,-125.230884,0
20,UES2,0,67,67,6,-117.575,-113.649,-101.861,PERSISTING,1,1,-392.261221,318.520017,0
20,UES2,1,68,68,3,-119.672,-82.3058,-115.888,ALTERNATIVE_AVAILABLE,0,1,302.009335,409.747826,0
20,UES2,2,69,69,1,-117.917,-115.757,-113.804,PERSISTING,2,1,376.065524,-347.391074,0
20,UES2,3,70,70,6,-112.951,-115.819,-107.478,PERSISTING,1,1,-291.374099,367.150804,0
20,UES2,4,71,71,7,-120.669,-113.176,-120.521,MOVE_REQUIRED,7,1,365.760266,349.212913,1
20,UES2,5,72,72,2,-116.544,-112.794,-110.501,PERSISTING,2,1,329.839605,-355.980461,0
20,UES2,6,73,73,3,-120.005,-82.6544,-119.612,ALTERNATIVE_AVAILABLE,0,1,-359.543142,348.339496,0
20,UES2,7,74,74,0,NA,-102.726,-123.62,PERSISTING,2,1,418.635468,342.791851,0
20,UES2,8,75,75,2,-119.834,-112.973,-113.242,PERSISTING,2,1,338.059253,-381.245252,0
20,UES2,9,76,76,6,-121.529,-115.055,-120.015,PERSISTING,3,1,-398.565728,290.829844,0
20,UES2,10,77,77,5,-122.02,-112.3,-115.807,PERSISTING,2,1,397.908958,337.472597,0
20,UES2,11,78,78,2,-114.054,-111.484,-97.4578,ALTERNATIVE_AVAILABLE,0,1,312.691466,-307.287248,0
20,UES2,12,79,79,7,-119.493,-102.988,-115.228,PERSISTING,3,1,-383.058824,292.778551,0
20,UES2,13,80,80,0,NA,-119.331,-124.772,PERSISTING,2,1,399.622497,328.215143,0
20,UES2,14,81,81,4,-122.856,-115.89,-111.004,PERSISTING,0,1,362.542814,-344.484120,0
20,UES2,15,82,82,4,-116.864,-110.536,-116.39,PERSISTING,3,1,-308.292304,339.977897,0
20,UES2,16,83,83,1,-111.259,-108.794,-90.4375,ALTERNATIVE_AVAILABLE,0,1,276.456169,323.230537,0
20,UES2,17,84,84,5,-116.189,-114.307,-112.767,PERSISTING,0,1,333.113792,-286.271881,0
20,UES2,18,85,85,4,-112.608,-82.2077,-115.432,ALTERNATIVE_AVAILABLE,0,1,-321.040914,361.338153,0
20,UES2,19,86,86,2,-119.048,-116.19,-119.049,MOVE_REQUIRED,8,1,370.062645,346.843450,1
20,UES2,20,87,87,2,-112.76,-94.9585,-115.464,ALTERNATIVE_AVAILABLE,0,1,330.770572,-343.186587,0
20,UES2,21,88,88,0,NA,-113.841,-115.919,PERSISTING,2,1,-329.038456,330.017696,0
20,UES2,22,89,89,6,-116.07,-108.659,-111.223,PERSISTING,2,1,333.357369,336.611535,0
20,UES2,23,90,90,5,-112.024,-111.992,-110.468,PERSISTING,0,1,315.476152,-330.076662,0
20,UES2,24,91,91,4,-117.743,-114.614,-118.798,PERSISTING,2,1,-362.301083,382.827115,0
20,UES2,25,92,92,2,-110.631,-106.992,-111.157,PERSISTING,1,1,308.559151,313.778913,0
20,UES2,26,93,93,0,NA,-125.786,-121.504,PERSISTING,0,1,367.718063,-399.144557,0
20,UES2,27,94,94,6,-118.314,-116.614,-118.871,PERSISTING,2,1,-344.651704,327.594183,0
20,UES2,28,95,95,6,-111.685,-117.128,-116.086,PERSISTING,0,1,321.126067,286.520148,0
20,UES2,29,96,96,2,-114.81,-98.0625,-113.964,ALTERNATIVE_AVAILABLE,0,1,374.127249,-351.495534,0
21,UES1,0,7,7,4,-99.1349,-80.6474,-99.7027,SERVED,0,1,-86.060668,-118.444299,0
21,UES1,1,8,8,1,-83.2609,-85.5483,-100.408,SERVED,0,1,97.376173,-63.267735,0
21,UES1,2,9,9,3,-88.1999,-93.9364,-105.095,SERVED,0,1,-142.132621,130.367825,0
21,UES1,3,10,10,1,-70.8905,-95.1308,-92.3156,SERVED,0,1,65.693235,-104.195740,0
21,UES1,4,11,11,2,-64.1271,-77.4813,-81.7788,SERVED,0,1,27.498690,117.605820,0
21,UES1,5,12,12,3,-49.525,-77.3009,-93.6649,SERVED,0,1,-97.651359,23.359623,0
21,UES1,6,13,13,2,-49.8709,-70.9076,-86.9488,SERVED,0,1,89.001680,25.798636,0
21,UES1,7,14,14,1,-62.8966,-81.3352,-97.2214,SERVED,0,1,29.745511,-34.979811,0
21,UES1,8,15,15,3,-98.8231,-74.8856,-90.5813,SERVED,0,1,24.792283,-118.841349,0
21,UES1,9,16,16,4,-85.014,-64.5512,-75.7806,SERVED,0,1,3.849686,42.098968,0
21,UES1,10,17,17,4,-66.3827,-65.5503,-98.902,SERVED,0,1,-50.430407,-78.444447,0
21,UES1,11,18,18,1,-66.5635,-85.7828,-100.357,SERVED,0,1,-16.929490,46.146589,0
21,UES1,12,19,19,7,-102.886,-92.4416,-71.2982,ALTERNATIVE_AVAILABLE,0,1,161.785481,-66.375486,0
21,UES1,13,20,20,1,-63.6577,-85.4156,-69.9451,SERVED,0,1,42.155251,60.051751,0
21,UES1,14,21,21,1,-68.2424,-74.8615,-92.6813,SERVED,0,1,46.269160,-56.193700,0
21,UES1,15,22,22,1,-62.8409,-80.4514,-96.2942,SERVED,0,1,90.302445,-8.233920,0
21,UES1,16,23,23,4,-69.4392,-81.0695,-104.554,SERVED,0,1,-154.992259,-47.616821,0
21,UES1,17,24,24,3,-88.9077,-63.5406,-98.0752,SERVED,0,1,-16.879497,-33.557339,0
21,UES1,18,25,25,1,-50.0162,-85.8264,-78.281,SERVED,0,1,42.507259,5.565755,0
21,UES1,19,26,26,6,-100.191,-72.8711,-84.5489,ALTERNATIVE_AVAILABLE,0,1,-54.363318,-53.266223,0
21,UES1,20,27,27,3,-74.2873,-85.873,-83.8637,SERVED,0,1,-93.070527,100.601554,0
21,UES1,21,28,28,3,-91.0154,-92.1988,-92.6249,SERVED,0,1,-107.931059,154.614301,0
21,UES1,22,29,29,2,-60.4552,-97.7596,-103.843,SERVED,0,1,153.748613,45.609776,0
21,UES1,23,30,30,6,-94.4295,-84.854,-81.2234,SERVED,0,1,36.591124,-77.698938,0
21,UES1,24,31,31,2,-64.5303,-79.4376,-81.7018,SERVED,0,1,-1.333770,126.337070,0
21,UES1,25,32,32,4,-71.696,-74.0557,-87.9594,SERVED,0,1,-31.946805,134.394511,0
21,UES1,26,33,33,5,-101.928,-88.2981,-96.211,ALTERNATIVE_AVAILABLE,0,1,170.129509,1.073167,0
21,UES1,27,34,34,1,-54.6338,-73.5195,-78.3501,SERVED,0,1,49.513417,45.990290,0
21,UES1,28,35,35,4,-82.3971,-79.9827,-105.354,SERVED,0,1,-148.757506,49.154703,0
21,UES1,29,36,36,1,-49.6824,-82.6242,-81.1777,SERVED,0,1,56.368306,0.415735,0
21,UES1,30,37,37,5,-64.6316,-107.609,-90.6799,SERVED,0,1,9.064273,-153.394607,0
21,UES1,31,38,38,1,-74.4636,-74.7842,-103.55,SERVED,0,1,120.237798,16.344942,0
21,UES1,32,39,39,6,-92.9175,-82.5691,-88.5255,SERVED,0,1,46.306546,-40.560669,0
21,UES1,33,40,40,4,-77.2534,-67.0193,-74.6701,SERVED,0,1,-69.719519,25.224790,0
21,UES1,34,41,41,4,-92.8752,-88.4697,-89.7684,SERVED,0,1,-33.374011,-129.135289,0
21,UES1,35,42,42,6,-92.9631,-69.0308,-94.6643,SERVED,0,1,71.457816,-35.878431,0
21,UES1,36,43,43,2,-62.9276,-92.8053,-100.598,SERVED,0,1,142.949623,105.278469,0
21,UES1,37,44,44,6,-95.2653,-79.7115,-80.4562,SERVED,0,1,16.597553,-80.551158,0
21,UES1,38,45,45,1,-92.6056,-64.5759,-89.8624,SERVED,0,1,-17.250188,-40.437045,0
21,UES1,39,46,46,5,-89.2207,-95.0442,-86.8146,SERVED,0,1,-21.310742,-19.977390,0
21,UES1,40,47,47,4,-84.9712,-71.4971,-110.42,SERVED,0,1,-146.979966,76.617785,0
21,UES1,41,48,48,6,-109.194,-103.175,-106.293,PERSISTING,1,1,-185.029363,-158.068273,0
21,UES1,42,49,49,3,-79.2054,-68.3391,-94.0147,SERVED,0,1,1.501924,-23.745359,0
21,UES1,43,50,50,3,-79.5637,-83.7283,-87.5367,SERVED,0,1,-8.118949,-56.231841,0
21,UES1,44,51,51,7,-93.2473,-84.9062,-69.763,SERVED,0,1,0.720788,38.098476,0
21,UES1,45,52,52,2,-96.2838,-67.841,-87.4782,SERVED,0,1,-25.471373,-90.211478,0
21,UES1,46,53,53,5,-69.6723,-101.951,-66.3756,SERVED,0,1,-68.273241,-110.859348,0
21,UES1,47,54,54,3,-82.9855,-70.9392,-99.5751,SERVED,0,1,-111.019808,-12.209549,0
21,UES1,48,55,55,3,-80.915,-76.7046,-104.095,SERVED,0,1,-132.811690,12.967519,0
21,UES1,49,56,56,6,-67.3614,-77.0628,-76.723,SERVED,0,1,16.488816,18.605681,0
21,UES1,50,57,57,4,-86.3008,-79.4345,-99.7141,SERVED,0,1,-80.163417,-52.289983,0
21,UES1,51,58,58,2,-92.2707,-71.4659,-105.409,SERVED,0,1,166.803559,30.648567,0
21,UES1,52,59,59,6,-97.5375,-83.2558,-109.251,SERVED,0,1,-89.821789,146.964646,0
21,UES1,53,60,60,4,-67.526,-82.8069,-94.732,SERVED,0,1,-189.101447,-35.572239,0
21,UES1,54,61,61,1,-60.3348,-88.2489,-94.2687,SERVED,0,1,54.354329,-48.919978,0
21,UES1,55,62,62,2,-57.4524,-63.8783,-84.3302,SERVED,0,1,72.089407,27.697144,0
21,UES1,56,63,63,3,-87.1599,-70.7951,-93.8968,SERVED,0,1,-32.577633,-18.565271,0
21,UES1,57,64,64,3,-72.461,-83.4335,-78.4049,SERVED,0,1,-114.224398,106.632048,0
21,UES1,58,65,65,4,-70.4561,-83.0206,-99.1436,SERVED,0,1,-99.124215,-122.830607,0
21,UES1,59,66,66,1,-103.877,-102.486,-105.514,PERSISTING,0,1,149.798429,-128.005204,0
21,UES2,0,67,67,6,-122.067,-117.676,-118.559,PERSISTING,2,1,-395.913700,319.186359,0
21,UES2,1,68,68,3,-122.711,-117.635,-115.716,PERSISTING,0,1,306.452786,412.794744,0
21,UES2,2,69,69,1,-114.261,-115.592,-85.3491,ALTERNATIVE_AVAILABLE,0,1,374.990216,-350.940139,0
21,UES2,3,70,70,6,-115.1,-111.442,-121.35,PERSISTING,2,1,-289.113798,370.190869,0
21,UES2,4,71,71,7,-119.036,-89.7277,-116.842,ALTERNATIVE_AVAILABLE,0,1,365.856432,346.160923,0
21,UES2,5,72,72,2,-119.621,-86.6768,-113.022,ALTERNATIVE_AVAILABLE,0,1,329.069649,-359.794152,0
21,UES2,6,73,73,3,-121.491,-114.978,-107.95,PERSISTING,0,1,-356.151249,346.711007,0
21,UES2,7,74,74,0,NA,-112.022,-122.982,PERSISTING,3,1,415.571958,344.934308,0
21,UES2,8,75,75,2,-118.514,-116.674,-114.456,PERSISTING,3,1,339.885562,-385.418450,0
21,UES2,9,76,76,6,-122.137,-114.671,-116.868,PERSISTING,4,1,-402.053150,292.332777,0
21,UES2,10,77,77,5,-121.798,-116.475,-115.936,PERSISTING,3,1,399.424617,332.720207,0
21,UES2,11,78,78,2,-113.797,-113.218,-112.559,PERSISTING,0,1,315.650379,-311.174518,0
21,UES2,12,79,79,7,-116.966,-76.2107,-119.857,ALTERNATIVE_AVAILABLE,0,1,-386.320126,294.014364,0
21,UES2,13,80,80,0,NA,-120.204,-117.947,PERSISTING,3,1,397.296870,325.082418,0
21,UES2,14,81,81,4,-122.716,-114.023,-107.682,PERSISTING,1,1,367.255726,-346.676143,0
21,UES2,15,82,82,4,-118.238,-115.387,-118.159,PERSISTING,4,1,-307.260999,345.794726,0
21,UES2,16,83,83,1,-113.1,-106.12,-112.121,PERSISTING,0,1,273.901910,325.809098,0
21,UES2,17,84,84,5,-114.714,-114.99,-110.761,PERSISTING,1,1,336.735838,-284.256172,0
21,UES2,18,85,85,4,-119.19,-96.1593,-119.501,ALTERNATIVE_AVAILABLE,0,1,-324.816873,364.056902,0
21,UES2,19,86,86,2,-117.725,-118.108,-115.115,MOVE_REQUIRED,9,1,373.116547,349.364723,1
21,UES2,20,87,87,2,-113.659,-110.831,-80.4983,ALTERNATIVE_AVAILABLE,0,1,329.458302,-341.045391,0
21,UES2,21,88,88,0,NA,-100.012,-125.671,PERSISTING,3,1,-325.708600,331.562326,0
21,UES2,22,89,89,6,-117.072,-117.294,-109.82,PERSISTING,3,1,330.081225,334.901789,0
21,UES2,23,90,90,5,-114.237,-99.1252,-112.181,ALTERNATIVE_AVAILABLE,0,1,312.552251,-325.775095,0
21,UES2,24,91,91,4,-115.38,-111.648,-86.3326,ALTERNATIVE_AVAILABLE,0,1,-365.356574,381.851789,0
21,UES2,25,92,92,2,-112.881,-116.743,-115.456,PERSISTING,2,1,305.195983,315.767023,0
21,UES2,26,93,93,0,NA,-124.133,-118.673,PERSISTING,1,1,370.984752,-396.042468,0
21,UES2,27,94,94,6,-117.892,-82.2193,-119.694,ALTERNATIVE_AVAILABLE,0,1,-339.817298,326.333435,0
21,UES2,28,95,95,6,-79.3243,-100.526,-118.073,SERVED,0,1,323.548567,290.021989,0
21,UES2,29,96,96,2,-116.354,-115.853,-85.6379,ALTERNATIVE_AVAILABLE,0,1,373.096200,-357.602678,0
22,UES1,0,7,7,4,-97.4201,-76.9798,-105.82,SERVED,0,1,-88.819205,-122.579480,0
22,UES1,1,8,8,1,-60.0486,-90.0354,-90.1859,SERVED,0,1,100.789105,-67.768440,0
22,UES1,2,9,9,3,-89.1993,-68.0526,-107.77,SERVED,0,1,-145.208483,133.408347,0
22,UES1,3,10,10,1,-72.1692,-70.1056,-86.0963,SERVED,0,1,69.164648,-107.219162,0
22,UES1,4,11,11,2,-64.4976,-67.9297,-84.1809,SERVED,0,1,32.039885,120.166698,0
22,UES1,5,12,12,3,-48.232,-73.358,-100.087,SERVED,0,1,-100.892288,27.276669,0
22,UES1,6,13,13,2,-66.9179,-74.402,-95.9255,SERVED,0,1,88.603954,31.136469,0
22,UES1,7,14,14,1,-61.9703,-61.7569,-95.8126,SERVED,0,1,28.477370,-39.254324,0
22,UES1,8,15,15,3,-103.177,-89.0742,-87.55,ALTERNATIVE_AVAILABLE,0,1,28.480977,-123.506767,0
22,UES1,9,16,16,4,-103.573,-62.5881,-79.3896,ALTERNATIVE_AVAILABLE,0,1,9.357948,39.703589,0
22,UES1,10,17,17,4,-62.1674,-92.3911,-84.1169,SERVED,0,1,-52.345750,-82.738646,0
22,UES1,11,18,18,1,-91.2242,-70.5788,-91.887,SERVED,0,1,-21.698904,46.976240,0
22,UES1,12,19,19,7,-102.98,-88.8505,-67.3421,ALTERNATIVE_AVAILABLE,0,1,166.716958,-64.217197,0
22,UES1,13,20,20,1,-67.173,-80.1983,-83.2572,SERVED,0,1,44.400930,64.216815,0
22,UES1,14,21,21,1,-86.1953,-95.2266,-81.3029,SERVED,0,1,48.632100,-58.602967,0
22,UES1,15,22,22,1,-56.6558,-74.7527,-94.7151,SERVED,0,1,90.295427,-14.102189,0
22,UES1,16,23,23,4,-93.3365,-91.5966,-103.65,SERVED,0,1,-160.201948,-48.359342,0
22,UES1,17,24,24,3,-90.6428,-63.7563,-88.4165,SERVED,0,1,-12.580123,-31.994284,0
22,UES1,18,25,25,1,-50.0222,-94.25,-76.7379,SERVED,0,1,45.640828,1.123563,0
22,UES1,19,26,26,6,-93.4882,-83.7378,-92.8286,SERVED,0,1,-55.064095,-57.307995,0
22,UES1,20,27,27,3,-76.0178,-94.2045,-104.993,SERVED,0,1,-97.262463,105.148335,0
22,UES1,21,28,28,3,-67.0816,-92.9405,-113.218,SERVED,0,1,-109.984089,159.685357,0
22,UES1,22,29,29,2,-77.1886,-75.1075,-90.6995,SERVED,0,1,158.250610,49.031929,0
22,UES1,23,30,30,6,-95.4584,-77.3779,-83.9578,SERVED,0,1,37.157007,-82.105924,0
22,UES1,24,31,31,2,-81.9818,-64.3717,-79.2258,SERVED,0,1,-5.481949,126.244108,0
22,UES1,25,32,32,4,-98.5711,-89.1316,-107.202,SERVED,0,1,-30.828170,139.601443,0
22,UES1,26,33,33,5,-100.186,-87.3538,-99.8723,ALTERNATIVE_AVAILABLE,0,1,176.064324,2.984509,0
22,UES1,27,34,34,1,-78.1982,-79.0662,-71.4552,SERVED,0,1,50.219400,48.876896,0
22,UES1,28,35,35,4,-86.2288,-89.1302,-108.066,SERVED,0,1,-152.060620,50.333803,0
22,UES1,29,36,36,1,-49.8454,-88.7698,-80.0466,SERVED,0,1,59.925464,-3.273364,0
22,UES1,30,37,37,5,-64.0882,-97.5617,-90.8967,SERVED,0,1,7.058655,-157.375657,0
22,UES1,31,38,38,1,-92.3883,-74.6414,-107.295,SERVED,0,1,125.440146,18.650670,0
22,UES1,32,39,39,6,-90.994,-74.0717,-81.3363,SERVED,0,1,45.830713,-46.925644,0
22,UES1,33,40,40,4,-64.4623,-79.8999,-88.9516,SERVED,0,1,-71.725925,30.396840,0
22,UES1,34,41,41,4,-67.7374,-98.2615,-93.9776,SERVED,0,1,-31.560249,-132.285196,0
22,UES1,35,42,42,6,-68.8126,-71.0141,-84.0859,SERVED,0,1,74.332545,-38.197843,0
22,UES1,36,43,43,2,-77.6764,-94.4579,-101.953,SERVED,0,1,145.541447,108.741782,0
22,UES1,37,44,44,6,-69.2396,-80.0874,-93.2759,SERVED,0,1,16.258266,-85.730269,0
22,UES1,38,45,45,1,-93.8425,-62.1361,-100.144,SERVED,0,1,-23.568524,-42.375489,0
22,UES1,39,46,46,5,-81.042,-75.5926,-76.4257,SERVED,0,1,-26.319824,-20.733336,0
22,UES1,40,47,47,4,-62.437,-84.1765,-91.717,SERVED,0,1,-148.874340,80.987440,0
22,UES1,41,48,48,6,-112.85,-74.0551,-105.916,ALTERNATIVE_AVAILABLE,0,1,-188.715974,-160.444849,0
22,UES1,42,49,49,3,-65.9428,-66.1907,-93.1474,SERVED,0,1,2.128581,-19.004513,0
22,UES1,43,50,50,3,-94.9685,-61.0114,-89.2548,SERVED,0,1,-3.493863,-59.187327,0
22,UES1,44,51,51,7,-91.7252,-78.449,-77.4286,SERVED,0,1,-0.040291,43.147132,0
22,UES1,45,52,52,2,-96.4927,-88.9145,-93.7245,SERVED,0,1,-28.744599,-94.434256,0
22,UES1,46,53,53,5,-70.4419,-83.5575,-102.235,SERVED,0,1,-70.103083,-116.198408,0
22,UES1,47,54,54,3,-60.1814,-56.0086,-84.2,SERVED,0,1,-112.537110,-17.488802,0
22,UES1,48,55,55,3,-59.5031,-73.0233,-99.7878,SERVED,0,1,-135.528631,10.620198,0
22,UES1,49,56,56,6,-68.7417,-73.9283,-77.5018,SERVED,0,1,20.563604,15.540928,0
22,UES1,50,57,57,4,-63.151,-89.7991,-83.7068,SERVED,0,1,-81.301205,-56.577009,0
22,UES1,51,58,58,2,-84.1915,-75.3872,-108.666,SERVED,0,1,171.509990,30.471283,0
22,UES1,52,59,59,6,-104.46,-97.6188,-112.044,ALTERNATIVE_AVAILABLE,0,1,-93.818483,148.756127,0
22,UES1,53,60,60,4,-91.4084,-97.2594,-111.517,SERVED,0,1,-192.750166,-37.588495,0
22,UES1,54,61,61,1,-63.6686,-91.9213,-89.9372,SERVED,0,1,53.130974,-51.991042,0
22,UES1,55,62,62,2,-50.384,-67.2926,-76.017,SERVED,0,1,75.879758,25.128420,0
22,UES1,56,63,63,3,-61.1417,-82.4341,-93.3655,SERVED,0,1,-32.251409,-23.600216,0
22,UES1,57,64,64,3,-63.8187,-64.7751,-102.292,SERVED,0,1,-116.208404,110.486982,0
22,UES1,58,65,65,4,-66.212,-69.2974,-99.0817,SERVED,0,1,-99.641999,-127.000511,0
22,UES1,59,66,66,1,-94.6736,-104.189,-103.016,SERVED,0,1,152.936053,-132.354816,0
22,UES2,0,67,67,6,-120.903,-114.558,-120.002,PERSISTING,3,1,-400.372361,319.909019,0
22,UES2,1,68,68,3,-117.421,-85.012,-91.6905,ALTERNATIVE_AVAILABLE,0,1,309.114336,414.757272,0
22,UES2,2,69,69,1,-115.219,-117.991,-116.242,PERSISTING,0,1,371.759052,-353.449976,0
22,UES2,3,70,70,6,-117.133,-110.895,-119.88,PERSISTING,3,1,-286.411665,373.077682,0
22,UES2,4,71,71,7,-119.588,-113.749,-82.0268,ALTERNATIVE_AVAILABLE,0,1,366.221897,341.707741,0
22,UES2,5,72,72,2,-110.657,-112.017,-113.552,PERSISTING,0,1,325.755425,-362.532120,0
22,UES2,6,73,73,3,-79.3363,-113.05,-119.89,SERVED,0,1,-353.762322,343.603502,0
22,UES2,7,74,74,0,NA,-121.145,-122.809,PERSISTING,4,1,411.225843,346.701926,0
22,UES2,8,75,75,2,-117.338,-79.6067,-115.997,ALTERNATIVE_AVAILABLE,0,1,342.592097,-389.483604,0
22,UES2,9,76,76,6,-121.556,-117.432,-122.273,PERSISTING,5,1,-404.139846,292.479895,0
22,UES2,10,77,77,5,-120.99,-116.744,-83.9592,ALTERNATIVE_AVAILABLE,0,1,401.848285,331.001135,0
22,UES2,11,78,78,2,-112.322,-115.376,-83.64,ALTERNATIVE_AVAILABLE,0,1,317.873306,-313.891469,0
22,UES2,12,79,79,7,-116.118,-112.488,-121.094,PERSISTING,0,1,-389.516266,293.041752,0
22,UES2,13,80,80,0,NA,-115.589,-126.333,PERSISTING,4,1,395.144297,321.672771,0
22,UES2,14,81,81,4,-117.688,-113.934,-79.4201,ALTERNATIVE_AVAILABLE,0,1,369.583299,-349.575091,0
22,UES2,15,82,82,4,-114.613,-81.9379,-117.685,ALTERNATIVE_AVAILABLE,0,1,-303.461846,349.703245,0
22,UES2,16,83,83,1,-110.905,-112.68,-109.367,PERSISTING,1,1,269.421757,328.260254,0
22,UES2,17,84,84,5,-112.417,-112.859,-111.896,PERSISTING,2,1,339.324559,-281.194457,0
22,UES2,18,85,85,4,-117.348,-109.687,-117.17,PERSISTING,0,1,-326.125394,366.542592,0
22,UES2,19,86,86,2,-116.405,-117.19,-119.805,MOVE_REQUIRED,10,1,375.702942,351.374848,1
22,UES2,20,87,87,2,-118.874,-81.8876,-109.06,ALTERNATIVE_AVAILABLE,0,1,326.774113,-336.964688,0
22,UES2,21,88,88,0,NA,-118.214,-122.042,PERSISTING,4,1,-322.367051,333.777874,0
22,UES2,22,89,89,6,-116.045,-116.305,-119.821,PERSISTING,4,1,325.845637,333.740699,0
22,UES2,23,90,90,5,-110.631,-113.944,-110.901,PERSISTING,0,1,309.945432,-322.848875,0
22,UES2,24,91,91,4,-119.51,-116.262,-119.078,PERSISTING,0,1,-369.405492,379.703242,0
22,UES2,25,92,92,2,-112.067,-114.347,-116.693,PERSISTING,3,1,301.547864,316.741277,0
22,UES2,26,93,93,0,NA,-120.477,-124.201,PERSISTING,2,1,372.636448,-393.193301,0
22,UES2,27,94,94,6,-113.998,-118.503,-117.379,PERSISTING,0,1,-336.035469,324.762889,0
22,UES2,28,95,95,6,-119.458,-113.519,-82.321,ALTERNATIVE_AVAILABLE,0,1,325.578179,293.517871,0
22,UES2,29,96,96,2,-118.613,-80.0848,-111.496,ALTERNATIVE_AVAILABLE,0,1,372.408448,-360.358545,0
23,UES1,0,7,7,4,-97.1706,-70.2666,-79.1769,SERVED,0,1,-91.157622,-127.334921,0
23,UES1,1,8,8,1,-90.2155,-77.416,-87.4818,SERVED,0,1,103.382246,-71.305554,0
23,UES1,2,9,9,3,-65.2936,-69.7742,-110.743,SERVED,0,1,-148.769773,136.220685,0
23,UES1,3,10,10,1,-95.5309,-84.2176,-93.9186,SERVED,0,1,72.794486,-110.416269,0
23,UES1,4,11,11,2,-73.9484,-76.7783,-100.764,SERVED,0,1,35.985981,122.864768,0
23,UES1,5,12,12,3,-48.1176,-71.4842,-98.3955,SERVED,0,1,-105.041166,31.303468,0
23,UES1,6,13,13,2,-50.8586,-73.8531,-82.6185,SERVED,0,1,88.447173,35.710235,0
23,UES1,7,14,14,1,-59.6617,-62.8216,-100.383,SERVED,0,1,27.008692,-43.866105,0
23,UES1,8,15,15,3,-69.9526,-95.1457,-84.5037,SERVED,0,1,31.175099,-127.043566,0
23,UES1,9,16,16,2,-83.3036,-86.8979,-81.4162,SERVED,0,1,12.414375,36.941938,0
23,UES1,10,17,17,4,-89.5118,-67.6573,-78.4955,SERVED,0,1,-53.278877,-89.012717,0
23,UES1,11,18,18,1,-95.1976,-86.5453,-103.785,SERVED,0,1,-25.678514,49.768391,0
23,UES1,12,19,19,7,-99.6501,-92.6073,-77.0905,SERVED,0,1,171.157740,-62.060862,0
23,UES1,13,20,20,1,-86.1142,-84.7689,-83.7176,SERVED,0,1,46.394893,68.860720,0
23,UES1,14,21,21,1,-70.6922,-85.5789,-79.5095,SERVED,0,1,52.273967,-62.231875,0
23,UES1,15,22,22,1,-55.3688,-70.0879,-92.429,SERVED,0,1,89.040034,-19.318380,0
23,UES1,16,23,23,4,-72.2924,-101.355,-104.572,SERVED,0,1,-165.128703,-47.990291,0
23,UES1,17,24,24,3,-89.9871,-65.4928,-86.3554,SERVED,0,1,-6.864391,-31.689604,0
23,UES1,18,25,25,1,-49.1751,-86.3179,-87.1759,SERVED,0,1,48.969762,-4.124122,0
23,UES1,19,26,26,4,-71.66,-94.4728,-83.7385,SERVED,0,1,-58.826590,-61.750470,0
23,UES1,20,27,27,3,-75.3724,-84.522,-90.6875,SERVED,0,1,-100.427956,107.973377,0
23,UES1,21,28,28,3,-65.9589,-93.4804,-105.089,SERVED,0,1,-111.619906,164.239830,0
23,UES1,22,29,29,2,-72.5983,-100.084,-91.5619,SERVED,0,1,161.428777,52.403103,0
23,UES1,23,30,30,6,-91.8169,-81.4304,-87.4719,SERVED,0,1,38.362771,-86.429093,0
23,UES1,24,31,31,3,-65.8265,-96.0524,-86.3691,SERVED,0,1,-8.967632,128.256296,0
23,UES1,25,32,32,4,-99.6627,-80.6577,-108.181,SERVED,0,1,-31.757975,145.949063,0
23,UES1,26,33,33,5,-106.82,-93.5902,-77.9476,ALTERNATIVE_AVAILABLE,0,1,178.787210,7.401926,0
23,UES1,27,34,34,1,-64.3119,-72.7899,-65.4335,SERVED,0,1,50.579095,54.474508,0
23,UES1,28,35,35,4,-62.0703,-81.2623,-109.793,SERVED,0,1,-157.637304,52.665256,0
23,UES1,29,36,36,1,-49.6021,-81.5369,-69.9858,SERVED,0,1,63.202419,-5.889317,0
23,UES1,30,37,37,5,-93.3244,-102.991,-93.2333,SERVED,0,1,5.247069,-162.234694,0
23,UES1,31,38,38,1,-92.7105,-79.2125,-99.3133,SERVED,0,1,131.402353,20.655672,0
23,UES1,32,39,39,6,-89.3115,-75.6029,-81.3395,SERVED,0,1,44.942812,-51.186989,0
23,UES1,33,40,40,4,-55.7759,-75.1994,-81.6756,SERVED,0,1,-73.176773,34.866120,0
23,UES1,34,41,41,4,-94.3185,-69.9437,-88.3205,SERVED,0,1,-30.272984,-138.413763,0
23,UES1,35,42,42,6,-92.4683,-85.9158,-94.5894,SERVED,0,1,80.229860,-40.046610,0
23,UES1,36,43,43,2,-62.7056,-68.2193,-103.008,SERVED,0,1,151.160594,112.800916,0
23,UES1,37,44,44,6,-94.9797,-78.9814,-87.3428,SERVED,0,1,17.577048,-90.294222,0
23,UES1,38,45,45,4,-64.0767,-89.4138,-89.1215,SERVED,0,1,-26.973224,-46.073867,0
23,UES1,39,46,46,5,-78.3079,-85.9593,-79.8131,SERVED,0,1,-32.190656,-19.661576,0
23,UES1,40,47,47,4,-63.803,-88.0458,-106.97,SERVED,0,1,-152.872866,86.218834,0
23,UES1,41,48,48,6,-81.3431,-79.6292,-107.426,SERVED,0,1,-192.306554,-164.384097,0
23,UES1,42,49,49,3,-89.4243,-72.5714,-81.8079,SERVED,0,1,6.761575,-14.176548,0
23,UES1,43,50,50,3,-66.7565,-88.6488,-91.6477,SERVED,0,1,0.844331,-62.670491,0
23,UES1,44,51,51,7,-65.1258,-79.6078,-92.8039,SERVED,0,1,-3.841052,46.466326,0
23,UES1,45,52,52,2,-78.3457,-88.7107,-89.3259,SERVED,0,1,-31.807461,-99.497151,0
23,UES1,46,53,53,5,-101.811,-99.9211,-100.663,ALTERNATIVE_AVAILABLE,0,1,-72.163781,-119.950849,0
23,UES1,47,54,54,3,-81.2337,-57.5203,-100.291,SERVED,0,1,-113.525780,-21.333273,0
23,UES1,48,55,55,3,-58.6948,-70.3515,-104.34,SERVED,0,1,-139.930296,5.948953,0
23,UES1,49,56,56,6,-71.332,-68.7016,-88.9115,SERVED,0,1,24.762151,11.306615,0
23,UES1,50,57,57,4,-63.2554,-65.4899,-91.3415,SERVED,0,1,-81.926921,-61.212045,0
23,UES1,51,58,58,2,-81.4329,-99.9191,-99.8827,SERVED,0,1,176.605428,32.256693,0
23,UES1,52,59,59,6,-70.804,-94.7859,-108.544,SERVED,0,1,-98.258698,152.691562,0
23,UES1,53,60,60,4,-65.3842,-90.9386,-107.29,SERVED,0,1,-199.199978,-38.883427,0
23,UES1,54,61,61,1,-82.3558,-80.0109,-91.4714,SERVED,0,1,54.450857,-58.526081,0
23,UES1,55,62,62,2,-52.3851,-81.2894,-76.5551,SERVED,0,1,80.171296,21.148654,0
23,UES1,56,63,63,3,-88.3234,-83.5739,-90.5799,SERVED,0,1,-31.714656,-27.911568,0
23,UES1,57,64,64,3,-87.2206,-66.0779,-95.3308,SERVED,0,1,-118.785439,117.092313,0
23,UES1,58,65,65,4,-93.8031,-98.9913,-104.855,SERVED,0,1,-101.126063,-131.822544,0
23,UES1,59,66,66,1,-100.341,-98.9426,-103.323,ALTERNATIVE_AVAILABLE,0,1,156.206414,-135.281794,0
23,UES2,0,67,67,6,-120.261,-105.129,-119.431,PERSISTING,4,1,-405.253061,319.536879,0
23,UES2,1,68,68,3,-117.535,-117.41,-117.239,PERSISTING,0,1,312.249218,415.867500,0
23,UES2,2,69,69,1,-112.826,-113.296,-112.862,PERSISTING,1,1,369.879671,-357.202698,0
23,UES2,3,70,70,6,-121.937,-114.391,-120.053,PERSISTING,4,1,-283.867319,376.452597,0
23,UES2,4,71,71,7,-117.155,-115.299,-104.359,PERSISTING,0,1,367.489772,336.989584,0
23,UES2,5,72,72,2,-112.136,-112.014,-113.844,PERSISTING,1,1,324.929098,-366.144215,0
23,UES2,6,73,73,3,-115.074,-117.442,-119.677,PERSISTING,0,1,-351.646853,339.968693,0
23,UES2,7,74,74,0,NA,-121.474,-123.215,PERSISTING,5,1,408.707503,351.058874,0
23,UES2,8,75,75,2,-115.137,-112.658,-98.892,ALTERNATIVE_AVAILABLE,0,1,344.700085,-391.821819,0
23,UES2,9,76,76,6,-119.145,-113.853,-80.7384,ALTERNATIVE_AVAILABLE,0,1,-404.375262,296.935006,0
23,UES2,10,77,77,5,-116.173,-112.99,-87.3516,ALTERNATIVE_AVAILABLE,0,1,404.724013,327.689763,0
23,UES2,11,78,78,2,-116.175,-112.904,-95.8085,ALTERNATIVE_AVAILABLE,0,1,321.395526,-318.906143,0
23,UES2,12,79,79,7,-117.752,-114.493,-120.106,PERSISTING,1,1,-394.150310,293.520715,0
23,UES2,13,80,80,0,NA,-122.627,-118.139,PERSISTING,5,1,394.402453,318.242608,0
23,UES2,14,81,81,4,-117.498,-116.404,-111.679,PERSISTING,0,1,372.859040,-352.237805,0
23,UES2,15,82,82,4,-118.636,-95.1606,-117.088,ALTERNATIVE_AVAILABLE,0,1,-302.730384,352.917847,0
23,UES2,16,83,83,1,-111.729,-108.085,-88.2565,ALTERNATIVE_AVAILABLE,0,1,265.919767,329.893525,0
23,UES2,17,84,84,5,-111.535,-99.9917,-107.497,ALTERNATIVE_AVAILABLE,0,1,342.135396,-279.736517,0
23,UES2,18,85,85,4,-116.569,-111.057,-118.057,PERSISTING,1,1,-329.036883,369.159609,0
23,UES2,19,86,86,2,-115.409,-114.628,-119.475,MOVE_REQUIRED,11,1,378.781955,355.149166,1
23,UES2,20,87,87,2,-112.478,-108.229,-93.3953,ALTERNATIVE_AVAILABLE,0,1,323.124162,-334.431160,0
23,UES2,21,88,88,0,NA,-118.692,-124.778,PERSISTING,5,1,-319.167823,337.140276,0
23,UES2,22,89,89,6,-111.513,-117.599,-115.36,PERSISTING,5,1,322.463808,332.070139,0
23,UES2,23,90,90,5,-115.144,-117.519,-110.008,PERSISTING,1,1,307.666622,-319.402074,0
23,UES2,24,91,91,4,-118.554,-115.389,-122.806,PERSISTING,1,1,-373.062406,377.889716,0
23,UES2,25,92,92,2,-110.699,-82.1762,-114.152,ALTERNATIVE_AVAILABLE,0,1,298.101417,316.731778,0
23,UES2,26,93,93,0,NA,-119.297,-121.508,PERSISTING,3,1,377.133805,-390.313047,0
23,UES2,27,94,94,6,-115.37,-114.64,-118.337,PERSISTING,1,1,-331.437127,323.431963,0
23,UES2,28,95,95,6,-115.582,-111.364,-113.703,PERSISTING,0,1,328.843343,295.017734,0
23,UES2,29,96,96,2,-116.354,-112.387,-116.426,PERSISTING,0,1,370.956187,-365.519031,0
24,UES1,0,7,7,4,-98.152,-100.24,-89.352,SERVED,0,1,-93.382013,-130.800373,0
24,UES1,1,8,8,1,-64.7,-93.6976,-88.4135,SERVED,0,1,107.758714,-73.381944,0
24,UES1,2,9,9,3,-87.8231,-91.9634,-113.288,SERVED,0,1,-151.765330,140.032527,0
24,UES1,3,10,10,1,-70.595,-98.9953,-105.226,SERVED,0,1,76.635291,-113.809898,0
24,UES1,4,11,11,2,-65.6909,-95.5408,-78.0195,SERVED,0,1,40.471005,125.529969,0
24,UES1,5,12,12,3,-49.9092,-67.1353,-106.412,SERVED,0,1,-106.988802,35.167324,0
24,UES1,6,13,13,2,-48.01,-84.584,-73.6788,SERVED,0,1,89.486457,40.690250,0
24,UES1,7,14,14,1,-63.0545,-63.2039,-90.7836,SERVED,0,1,25.668171,-50.126061,0
24,UES1,8,15,15,3,-99.2361,-94.1433,-77.0353,SERVED,0,1,32.688029,-131.778529,0
24,UES1,9,16,16,2,-77.3017,-83.2342,-99.5893,SERVED,0,1,16.994484,35.610826,0
24,UES1,10,17,17,4,-91.207,-83.9942,-101.547,SERVED,0,1,-53.735726,-93.798727,0
24,UES1,11,18,18,1,-94.6322,-77.1895,-99.6195,SERVED,0,1,-31.865579,49.340546,0
24,UES1,12,19,19,7,-100.858,-94.7415,-86.8254,ALTERNATIVE_AVAILABLE,0,1,176.071677,-60.380516,0
24,UES1,13,20,20,1,-88.4976,-77.8635,-87.4363,SERVED,0,1,46.971079,72.871501,0
24,UES1,14,21,21,1,-72.8154,-93.6998,-89.561,SERVED,0,1,56.280178,-66.415918,0
24,UES1,15,22,22,1,-56.3499,-74.8833,-73.1912,SERVED,0,1,88.843240,-22.700330,0
24,UES1,16,23,23,4,-90.4762,-87.4762,-106.872,SERVED,0,1,-169.748483,-46.675832,0
24,UES1,17,24,24,3,-64.5314,-87.7316,-91.5363,SERVED,0,1,-1.502660,-29.561989,0
24,UES1,18,25,25,1,-47.1789,-84.4303,-92.5142,SERVED,0,1,51.099915,-6.533611,0
24,UES1,19,26,26,4,-86.5328,-98.875,-93.4435,SERVED,0,1,-59.390727,-66.019877,0
24,UES1,20,27,27,3,-85.1284,-87.8662,-106.652,SERVED,0,1,-103.688433,111.482277,0
24,UES1,21,28,28,3,-88.8832,-98.4827,-89.5018,SERVED,0,1,-113.983309,169.222876,0
24,UES1,22,29,29,2,-74.6216,-79.6668,-78.4028,SERVED,0,1,164.563404,57.121645,0
24,UES1,23,30,30,6,-95.272,-78.5822,-89.2133,SERVED,0,1,39.879239,-91.484500,0
24,UES1,24,31,31,3,-93.5879,-75.5547,-80.2972,SERVED,0,1,-14.337850,132.193868,0
24,UES1,25,32,32,4,-98.29,-86.6882,-101.567,SERVED,0,1,-32.238333,148.943003,0
24,UES1,26,33,33,5,-99.3454,-100.964,-106.847,SERVED,0,1,182.358176,10.888834,0
24,UES1,27,34,34,1,-69.8495,-81.1159,-65.7376,SERVED,0,1,49.884736,59.450811,0
24,UES1,28,35,35,4,-84.7579,-87.8439,-91.8047,SERVED,0,1,-162.281628,53.295976,0
24,UES1,29,36,36,1,-50.7834,-87.3383,-75.9716,SERVED,0,1,67.137068,-9.884410,0
24,UES1,30,37,37,5,-103.229,-102.938,-88.7641,ALTERNATIVE_AVAILABLE,0,1,3.385636,-166.959501,0
24,UES1,31,38,38,1,-90.9594,-80.8361,-88.1404,SERVED,0,1,135.093067,21.520720,0
24,UES1,32,39,39,6,-71.2254,-77.2948,-82.2499,SERVED,0,1,46.654763,-56.147083,0
24,UES1,33,40,40,4,-52.9098,-67.7957,-77.2311,SERVED,0,1,-75.037445,38.996282,0
24,UES1,34,41,41,4,-72.4682,-82.6784,-103.922,SERVED,0,1,-27.370780,-142.546283,0
24,UES1,35,42,42,6,-63.1871,-71.7492,-81.1003,SERVED,0,1,84.798449,-42.712946,0
24,UES1,36,43,43,2,-75.3508,-66.1351,-97.1905,SERVED,0,1,154.004375,115.360407,0
24,UES1,37,44,44,6,-100.827,-95.0807,-89.2725,ALTERNATIVE_AVAILABLE,0,1,17.143594,-95.078658,0
24,UES1,38,45,45,4,-88.0983,-77.2917,-86.2027,SERVED,0,1,-31.530262,-47.366885,0
24,UES1,39,46,46,5,-93.4863,-88.5196,-81.5536,SERVED,0,1,-36.742737,-20.553719,0
24,UES1,40,47,47,4,-69.7869,-75.4794,-109.934,SERVED,0,1,-154.981175,89.457199,0
24,UES1,41,48,48,6,-113.893,-102.068,-106.59,PERSISTING,0,1,-196.906217,-167.116591,0
24,UES1,42,49,49,3,-64.7553,-72.9633,-85.5679,SERVED,0,1,8.244486,-9.489577,0
24,UES1,43,50,50,3,-76.7311,-63.0302,-90.8511,SERVED,0,1,3.934813,-67.567307,0
24,UES1,44,51,51,7,-64.9491,-80.277,-92.5275,SERVED,0,1,-4.210986,51.355596,0
24,UES1,45,52,52,2,-84.5236,-78.7119,-96.4536,SERVED,0,1,-35.159069,-101.193312,0
24,UES1,46,53,53,5,-81.2812,-98.7006,-99.4114,SERVED,0,1,-74.515473,-124.291037,0
24,UES1,47,54,54,3,-70.2665,-73.3544,-98.7726,SERVED,0,1,-115.204842,-27.951569,0
24,UES1,48,55,55,3,-77.308,-76.6434,-105.793,SERVED,0,1,-143.026476,2.657243,0
24,UES1,49,56,56,6,-74.3593,-63.3281,-78.6447,SERVED,0,1,28.597547,8.847675,0
24,UES1,50,57,57,4,-84.6113,-74.0193,-90.3431,SERVED,0,1,-83.543599,-66.601403,0
24,UES1,51,58,58,2,-91.072,-82.1206,-87.101,SERVED,0,1,181.368983,33.046540,0
24,UES1,52,59,59,6,-105.601,-92.9797,-107.315,ALTERNATIVE_AVAILABLE,0,1,-102.384151,155.403818,0
24,UES1,53,60,60,4,-85.8654,-80.8004,-111.58,SERVED,0,1,-203.750454,-40.165972,0
24,UES1,54,61,61,1,-61.9218,-87.605,-86.1865,SERVED,0,1,50.840816,-63.016755,0
24,UES1,55,62,62,2,-64.4061,-83.0184,-81.2184,SERVED,0,1,84.156937,18.355882,0
24,UES1,56,63,63,3,-71.7788,-81.586,-86.9134,SERVED,0,1,-30.997053,-33.814694,0
24,UES1,57,64,64,3,-63.7632,-89.0654,-101.246,SERVED,0,1,-119.509135,119.264065,0
24,UES1,58,65,65,4,-95.9476,-97.4966,-103.928,SERVED,0,1,-102.738190,-137.726046,0
24,UES1,59,66,66,1,-94.7649,-98.7827,-94.5861,SERVED,0,1,161.802518,-140.547167,0
24,UES2,0,67,67,6,-122.764,-115.166,-119.65,PERSISTING,5,1,-409.201192,318.712147,0
24,UES2,1,68,68,3,-120.201,-117.398,-116.426,PERSISTING,1,1,316.349137,417.750313,0
24,UES2,2,69,69,1,-120.053,-119.735,-115.528,PERSISTING,2,1,367.322205,-360.963739,0
24,UES2,3,70,70,6,-115.811,-114.775,-117.274,PERSISTING,5,1,-281.959915,379.340238,0
24,UES2,4,71,71,7,-114.866,-115.618,-117.766,PERSISTING,1,1,369.194970,333.769985,0
24,UES2,5,72,72,2,-116.017,-113.46,-114.05,PERSISTING,2,1,322.657607,-370.889276,0
24,UES2,6,73,73,3,-111.903,-118.475,-95.4114,ALTERNATIVE_AVAILABLE,0,1,-349.622591,337.933360,0
24,UES2,7,74,74,0,NA,-121.736,-111.783,MOVE_REQUIRED,6,1,406.375784,351.143845,1
24,UES2,8,75,75,2,-116.457,-118.199,-81.3357,ALTERNATIVE_AVAILABLE,0,1,346.772634,-395.352547,0
24,UES2,9,76,76,6,-125.908,-116.548,-120.986,PERSISTING,0,1,-402.988126,300.828750,0
24,UES2,10,77,77,5,-121.285,-113.121,-119.685,PERSISTING,0,1,406.068368,324.129130,0
24,UES2,11,78,78,2,-113.451,-107.014,-114.22,PERSISTING,0,1,323.008099,-321.170997,0
24,UES2,12,79,79,7,-122.763,-115.493,-119.063,PERSISTING,2,1,-398.083781,293.634612,0
24,UES2,13,80,80,0,NA,-119.804,-120.934,MOVE_REQUIRED,6,1,392.657558,313.431851,1
24,UES2,14,81,81,4,-114.125,-115.29,-112.122,PERSISTING,1,1,376.258621,-353.745188,0
24,UES2,15,82,82,4,-114.998,-115.074,-117.331,PERSISTING,0,1,-301.677193,355.822310,0
24,UES2,16,83,83,1,-115.642,-110.733,-112.589,PERSISTING,0,1,262.732866,333.039493,0
24,UES2,17,84,84,5,-111.153,-112.378,-112.121,PERSISTING,0,1,345.586813,-275.659452,0
24,UES2,18,85,85,4,-111.594,-96.5463,-121.347,ALTERNATIVE_AVAILABLE,0,1,-331.038331,373.981953,0
24,UES2,19,86,86,2,-113.273,-122.393,-117.528,MOVE_REQUIRED,12,1,381.063559,358.156729,1
24,UES2,20,87,87,2,-119.603,-112.144,-81.0929,ALTERNATIVE_AVAILABLE,0,1,320.991706,-332.622495,0
24,UES2,21,88,88,0,NA,-119.252,-99.8245,ALTERNATIVE_AVAILABLE,0,1,-316.547055,339.649438,0
24,UES2,22,89,89,6,-117.053,-117.424,-114.969,MOVE_REQUIRED,6,1,318.320466,329.517025,1
24,UES2,23,90,90,5,-108.167,-100.572,-110.989,PERSISTING,2,1,305.987549,-317.252119,0
24,UES2,24,91,91,4,-118.505,-116.363,-118.035,PERSISTING,2,1,-371.783174,375.847879,0
24,UES2,25,92,92,2,-109.338,-114.466,-90.1198,ALTERNATIVE_AVAILABLE,0,1,293.957043,319.020951,0
24,UES2,26,93,93,0,NA,-124.555,-115.739,PERSISTING,4,1,375.038487,-388.212156,0
24,UES2,27,94,94,6,-119.491,-112.655,-90.1983,ALTERNATIVE_AVAILABLE,0,1,-329.152883,322.142992,0
24,UES2,28,95,95,6,-87.5874,-94.9085,-119.265,SERVED,0,1,330.967735,298.352526,0
24,UES2,29,96,96,2,-110.748,-112.877,-114.43,PERSISTING,1,1,370.809037,-367.964174,0
25,UES1,0,7,7,1,-103.658,-97.9158,-90.5339,ALTERNATIVE_AVAILABLE,0,1,-96.437571,-134.819715,0
25,UES1,1,8,8,1,-88.8355,-66.5715,-105.467,SERVED,0,1,110.480208,-77.740843,0
25,UES1,2,9,9,3,-90.4184,-82.5947,-99.0774,SERVED,0,1,-154.132115,144.433106,0
25,UES1,3,10,10,1,-95.6787,-81.2359,-96.6772,SERVED,0,1,80.700934,-116.818524,0
25,UES1,4,11,11,2,-74.0505,-94.8997,-93.1991,SERVED,0,1,44.278310,129.338033,0
25,UES1,5,12,12,3,-51.4431,-70.6348,-110.731,SERVED,0,1,-110.138967,39.391654,0
25,UES1,6,13,13,2,-50.2891,-81.5963,-75.7394,SERVED,0,1,89.468158,45.744580,0
25,UES1,7,14,14,1,-74.7579,-66.8757,-81.9133,SERVED,0,1,24.733748,-55.074994,0
25,UES1,8,15,15,3,-76.2717,-94.5175,-82.0422,SERVED,0,1,35.723963,-135.959119,0
25,UES1,9,16,16,2,-74.7197,-84.8889,-88.897,SERVED,0,1,21.887491,33.001700,0
25,UES1,10,17,17,4,-79.4058,-95.6359,-92.8525,SERVED,0,1,-54.351103,-99.151884,0
25,UES1,11,18,18,1,-97.0701,-71.0508,-107.516,SERVED,0,1,-37.371659,51.179890,0
25,UES1,12,19,19,7,-101.981,-91.5625,-93.468,ALTERNATIVE_AVAILABLE,0,1,181.363675,-59.471703,0
25,UES1,13,20,20,1,-88.9237,-69.2153,-88.3654,SERVED,0,1,50.086590,77.359434,0
25,UES1,14,21,21,1,-71.5649,-95.6583,-83.2392,SERVED,0,1,59.134014,-69.627173,0
25,UES1,15,22,22,1,-74.3377,-78.9355,-87.8938,SERVED,0,1,89.330251,-27.871600,0
25,UES1,16,23,23,4,-95.1137,-96.2695,-111.084,SERVED,0,1,-174.899015,-46.450733,0
25,UES1,17,24,24,3,-91.6944,-81.7051,-86.7017,SERVED,0,1,3.770792,-30.881955,0
25,UES1,18,25,25,1,-47.6506,-77.7651,-84.1771,SERVED,0,1,53.458522,-10.774909,0
25,UES1,19,26,26,4,-92.8987,-82.0851,-97.5808,SERVED,0,1,-62.718586,-70.928171,0
25,UES1,20,27,27,3,-76.8072,-97.7812,-108.092,SERVED,0,1,-107.822418,114.675131,0
25,UES1,21,28,28,3,-88.8895,-101.621,-111.768,SERVED,0,1,-114.856693,173.782995,0
25,UES1,22,29,29,2,-72.3044,-81.7358,-97.7224,SERVED,0,1,168.034082,58.091321,0
25,UES1,23,30,30,1,-78.4748,-92.2408,-83.8692,SERVED,0,1,42.224450,-96.462358,0
25,UES1,24,31,31,3,-70.5692,-75.9146,-82.0083,SERVED,0,1,-16.252797,135.574489,0
25,UES1,25,32,32,4,-86.4297,-69.6072,-104.62,SERVED,0,1,-32.942682,154.828583,0
25,UES1,26,33,33,5,-83.9339,-99.7594,-102.772,SERVED,0,1,186.459435,15.084725,0
25,UES1,27,34,34,1,-81.1735,-80.2691,-65.8008,SERVED,0,1,49.111183,64.484279,0
25,UES1,28,35,35,4,-64.1183,-89.3225,-112.57,SERVED,0,1,-167.119291,56.560704,0
25,UES1,29,36,36,1,-51.6148,-86.6595,-78.4886,SERVED,0,1,70.162307,-14.438532,0
25,UES1,30,37,37,5,-68.7921,-91.6478,-92.279,SERVED,0,1,1.598857,-170.747435,0
25,UES1,31,38,38,1,-87.2039,-80.8907,-103.21,SERVED,0,1,140.186231,22.699984,0
25,UES1,32,39,39,6,-78.3085,-87.547,-83.6824,SERVED,0,1,47.940755,-61.244866,0
25,UES1,33,40,40,4,-54.9737,-60.081,-79.1982,SERVED,0,1,-77.153535,44.988496,0
25,UES1,34,41,41,4,-78.7498,-99.1909,-99.8297,SERVED,0,1,-27.615091,-146.753441,0
25,UES1,35,42,42,6,-62.9369,-71.5388,-82.3031,SERVED,0,1,88.682674,-45.168271,0
25,UES1,36,43,43,2,-82.7746,-96.3304,-102.374,SERVED,0,1,157.714331,118.035628,0
25,UES1,37,44,44,6,-79.1978,-92.0044,-73.4318,SERVED,0,1,20.042149,-100.128431,0
25,UES1,38,45,45,4,-61.8715,-80.0525,-91.8336,SERVED,0,1,-36.436068,-50.786847,0
25,UES1,39,46,46,4,-87.438,-88.8381,-69.0939,SERVED,0,1,-41.945876,-18.674090,0
25,UES1,40,47,47,4,-72.1765,-70.638,-103.634,SERVED,0,1,-158.397017,93.812847,0
25,UES1,41,48,48,6,-92.9218,-103.155,-110.404,SERVED,0,1,-201.411429,-169.471676,0
25,UES1,42,49,49,3,-94.2028,-64.8584,-87.5637,SERVED,0,1,10.731684,-4.286591,0
25,UES1,43,50,50,1,-87.4832,-74.8503,-92.6013,SERVED,0,1,7.305780,-69.882789,0
25,UES1,44,51,51,7,-70.8891,-82.649,-98.4011,SERVED,0,1,-6.270290,56.216175,0
25,UES1,45,52,52,2,-100.924,-93.7138,-90.7394,ALTERNATIVE_AVAILABLE,0,1,-37.707644,-105.875108,0
25,UES1,46,53,53,5,-104.753,-98.7918,-68.7269,ALTERNATIVE_AVAILABLE,0,1,-78.363302,-128.633688,0
25,UES1,47,54,54,4,-57.4615,-84.9908,-99.8707,SERVED,0,1,-116.702061,-32.317157,0
25,UES1,48,55,55,3,-64.4292,-68.5801,-97.0797,SERVED,0,1,-147.754648,0.053533,0
25,UES1,49,56,56,6,-77.1782,-58.7056,-86.4074,SERVED,0,1,31.435763,3.603839,0
25,UES1,50,57,57,4,-73.5185,-90.9957,-86.6548,SERVED,0,1,-84.308927,-70.471604,0
25,UES1,51,58,58,2,-89.3806,-77.0098,-98.3686,SERVED,0,1,186.667008,33.169289,0
25,UES1,52,59,59,3,-100.436,-99.7102,-79.0065,ALTERNATIVE_AVAILABLE,0,1,-106.474785,158.259024,0
25,UES1,53,60,60,4,-99.0796,-95.0608,-110.801,SERVED,0,1,-207.860982,-41.622035,0
25,UES1,54,61,61,1,-87.9879,-83.1329,-89.6665,SERVED,0,1,49.998457,-68.558314,0
25,UES1,55,62,62,2,-53.4947,-76.1088,-83.2223,SERVED,0,1,86.441620,14.858299,0
25,UES1,56,63,63,3,-67.1882,-71.2693,-96.5924,SERVED,0,1,-30.482537,-38.689420,0
25,UES1,57,64,64,3,-81.3389,-73.706,-100.924,SERVED,0,1,-121.795267,125.246873,0
25,UES1,58,65,65,4,-79.3902,-99.2441,-97.4565,SERVED,0,1,-102.511751,-142.577943,0
25,UES1,59,66,66,1,-98.2461,-81.9906,-107.304,SERVED,0,1,165.037222,-142.319963,0
25,UES2,0,67,67,6,-120.543,-116.175,-120.852,MOVE_REQUIRED,6,1,-412.356433,319.241173,1
25,UES2,1,68,68,3,-123.354,-115.531,-116.461,PERSISTING,2,1,320.044597,420.056951,0
25,UES2,2,69,69,1,-118.781,-115.852,-111.261,PERSISTING,3,1,364.326657,-363.875790,0
25,UES2,3,70,70,6,-126.272,-113.089,-116.672,MOVE_REQUIRED,6,1,-280.088566,383.161136,1
25,UES2,4,71,71,7,-118.578,-114.953,-115.625,PERSISTING,2,1,368.301057,328.943120,0
25,UES2,5,72,72,2,-113.483,-111.947,-116.067,PERSISTING,3,1,321.561467,-375.566707,0
25,UES2,6,73,73,3,-109.488,-115.628,-116.537,PERSISTING,0,1,-346.753747,335.163878,0
25,UES2,7,74,74,0,NA,-104.504,-125.806,MOVE_REQUIRED,7,1,401.654633,354.664083,1
25,UES2,8,75,75,2,-119.092,-116.737,-113.862,PERSISTING,0,1,348.894399,-398.990636,0
25,UES2,9,76,76,6,-119.82,-117.175,-120.221,PERSISTING,1,1,-402.869348,304.259079,0
25,UES2,10,77,77,5,-116.527,-91.6826,-118.223,ALTERNATIVE_AVAILABLE,0,1,408.883787,320.336245,0
25,UES2,11,78,78,2,-114.245,-113.965,-115.778,PERSISTING,1,1,325.970182,-323.604811,0
25,UES2,12,79,79,7,-118.719,-113.555,-120.796,PERSISTING,3,1,-402.186876,294.814120,0
25,UES2,13,80,80,0,NA,-119.665,-123.892,MOVE_REQUIRED,7,1,392.133656,309.744639,1
25,UES2,14,81,81,4,-123.637,-106.698,-112.881,PERSISTING,2,1,379.341950,-355.878015,0
25,UES2,15,82,82,4,-90.1707,-114.282,-117.661,SERVED,0,1,-300.406210,359.893105,0
25,UES2,16,83,83,1,-115.311,-109.361,-114.318,PERSISTING,1,1,259.597511,334.380852,0
25,UES2,17,84,84,5,-108.246,-112.016,-112.957,PERSISTING,1,1,348.119241,-272.888161,0
25,UES2,18,85,85,3,-113.02,-112.849,-119.136,PERSISTING,0,1,-333.669390,376.960380,0
25,UES2,19,86,86,2,-119.657,-121.419,-117.071,MOVE_REQUIRED,13,1,384.957973,360.400430,1
25,UES2,20,87,87,2,-113.588,-118,-115.673,PERSISTING,0,1,319.114953,-328.192591,0
25,UES2,21,88,88,0,NA,-121.959,-126.674,PERSISTING,0,1,-313.971575,342.864387,0
25,UES2,22,89,89,6,-116.677,-114.632,-116.908,MOVE_REQUIRED,7,1,315.032409,327.761179,1
25,UES2,23,90,90,5,-109.284,-112.338,-99.5333,ALTERNATIVE_AVAILABLE,0,1,303.531739,-313.656693,0
25,UES2,24,91,91,4,-121.362,-117.316,-120.133,PERSISTING,3,1,-367.980437,372.667604,0
25,UES2,25,92,92,2,-110.252,-87.6168,-114.809,ALTERNATIVE_AVAILABLE,0,1,290.932938,319.602504,0
25,UES2,26,93,93,0,NA,-120.319,-120.192,PERSISTING,5,1,372.218759,-385.666102,0
25,UES2,27,94,94,6,-116.689,-116.409,-115.399,PERSISTING,0,1,-324.979166,321.613564,0
25,UES2,28,95,95,6,-114.375,-117.939,-108.784,PERSISTING,0,1,333.686755,302.085550,0
25,UES2,29,96,96,2,-90.8073,-114.32,-114.771,SERVED,0,1,368.937587,-372.092687,0
26,UES1,0,7,7,1,-102.207,-67.3945,-104.092,ALTERNATIVE_AVAILABLE,0,1,-100.239503,-139.334519,0
26,UES1,1,8,8,1,-67.61,-89.1151,-93.0933,SERVED,0,1,113.613504,-81.610518,0
26,UES1,2,9,9,3,-89.2228,-96.2826,-111.319,SERVED,0,1,-158.330543,148.292081,0
26,UES1,3,10,10,1,-88.6612,-89.0029,-90.1486,SERVED,0,1,83.958937,-120.149116,0
26,UES1,4,11,11,2,-71.9513,-97.9756,-83.0026,SERVED,0,1,48.211916,132.122045,0
26,UES1,5,12,12,3,-52.546,-67.0383,-83.751,SERVED,0,1,-112.678457,44.030284,0
26,UES1,6,13,13,2,-48.4078,-83.0097,-64.7847,SERVED,0,1,88.599550,51.156401,0
26,UES1,7,14,14,1,-61.5154,-90.8821,-88.4845,SERVED,0,1,23.883928,-59.287347,0
26,UES1,8,15,15,3,-103.506,-69.833,-86.8708,ALTERNATIVE_AVAILABLE,0,1,37.581455,-140.756824,0
26,UES1,9,16,16,2,-89.6509,-66.4209,-95.1267,SERVED,0,1,26.845362,31.656717,0
26,UES1,10,17,17,4,-94.0107,-71.4082,-103.238,SERVED,0,1,-55.914358,-103.963874,0
26,UES1,11,18,18,1,-74.6723,-71.1336,-84.9266,SERVED,0,1,-41.762812,53.924187,0
26,UES1,12,19,19,7,-82.1304,-101.603,-92.2595,SERVED,0,1,185.758177,-56.248883,0
26,UES1,13,20,20,1,-81.9543,-66.7606,-75.8807,SERVED,0,1,52.948367,82.388173,0
26,UES1,14,21,21,1,-74.698,-94.9463,-88.8409,SERVED,0,1,62.918877,-73.574116,0
26,UES1,15,22,22,1,-61.1671,-81.5561,-94.4235,SERVED,0,1,88.572206,-34.402320,0
26,UES1,16,23,23,4,-100.271,-96.2428,-105.776,ALTERNATIVE_AVAILABLE,0,1,-180.037095,-44.839798,0
26,UES1,17,24,24,3,-99.9145,-65.245,-89.9733,SERVED,0,1,8.870331,-30.588317,0
26,UES1,18,25,25,1,-48.6308,-71.0171,-74.2414,SERVED,0,1,56.882332,-15.074865,0
26,UES1,19,26,26,4,-94.8825,-96.5177,-92.3656,SERVED,0,1,-64.428069,-74.908907,0
26,UES1,20,27,27,3,-76.7836,-88.1093,-109.625,SERVED,0,1,-112.650247,116.967115,0
26,UES1,21,28,28,3,-93.7052,-85.8718,-100,SERVED,0,1,-116.526313,177.804560,0
26,UES1,22,29,29,2,-90.5191,-75.7023,-95.1239,SERVED,0,1,172.426209,62.317826,0
26,UES1,23,30,30,1,-95.6795,-100.661,-76.9058,SERVED,0,1,44.358887,-102.302206,0
26,UES1,24,31,31,3,-87.0436,-72.5461,-86.7014,SERVED,0,1,-21.238994,136.505775,0
26,UES1,25,32,32,4,-102.825,-70.406,-90.6894,ALTERNATIVE_AVAILABLE,0,1,-33.392903,159.257980,0
26,UES1,26,33,33,5,-94.613,-102.58,-102.933,SERVED,0,1,188.939214,17.601069,0
26,UES1,27,34,34,1,-86.7958,-85.9181,-79.2094,SERVED,0,1,49.381709,68.198972,0
26,UES1,28,35,35,4,-81.4294,-74.0421,-103.983,SERVED,0,1,-170.810273,56.608781,0
26,UES1,29,36,36,1,-58.9936,-95.0097,-82.2687,SERVED,0,1,73.685896,-17.027275,0
26,UES1,30,37,37,5,-100.068,-90.1555,-85.7124,ALTERNATIVE_AVAILABLE,0,1,-0.354731,-175.849307,0
26,UES1,31,38,38,1,-88.8677,-88.5056,-93,SERVED,0,1,144.445283,24.866108,0
26,UES1,32,39,39,6,-88.8616,-75.1338,-86.7667,SERVED,0,1,47.530086,-66.647071,0
26,UES1,33,40,40,4,-59.4841,-65.4396,-88.2581,SERVED,0,1,-79.210917,48.665689,0
26,UES1,34,41,41,4,-80.0246,-99.4495,-104.996,SERVED,0,1,-25.332797,-152.382210,0
26,UES1,35,42,42,6,-97.9373,-72.3288,-84.2706,SERVED,0,1,93.171557,-47.418830,0
26,UES1,36,43,43,2,-68.7307,-97.825,-92.0563,SERVED,0,1,161.227212,121.821205,0
26,UES1,37,44,44,6,-75.6917,-86.2035,-90.0271,SERVED,0,1,20.727686,-104.471213,0
26,UES1,38,45,45,4,-78.052,-72.8208,-95.2695,SERVED,0,1,-40.122932,-54.826072,0
26,UES1,39,46,46,4,-81.8962,-96.098,-79.1128,SERVED,0,1,-47.400377,-18.406851,0
26,UES1,40,47,47,4,-91.9068,-84.9374,-93.5862,SERVED,0,1,-160.634847,98.113373,0
26,UES1,41,48,48,6,-108.825,-87.1699,-90.6272,ALTERNATIVE_AVAILABLE,0,1,-204.261305,-171.546435,0
26,UES1,42,49,49,3,-93.2437,-64.425,-87.2906,SERVED,0,1,12.753309,-0.483913,0
26,UES1,43,50,50,1,-93.0078,-72.932,-87.2637,SERVED,0,1,10.118120,-73.361865,0
26,UES1,44,51,51,7,-97.4433,-90.5146,-75.5031,SERVED,0,1,-8.157496,60.778381,0
26,UES1,45,52,52,2,-99.2999,-71.639,-101.091,SERVED,0,1,-42.452050,-108.869195,0
26,UES1,46,53,53,5,-110.57,-96.7803,-101.603,ALTERNATIVE_AVAILABLE,0,1,-81.310328,-131.492147,0
26,UES1,47,54,54,4,-68.3341,-86.3594,-95.0626,SERVED,0,1,-118.381939,-35.310851,0
26,UES1,48,55,55,3,-61.5751,-69.1614,-104.578,SERVED,0,1,-151.071840,-2.980643,0
26,UES1,49,56,56,6,-83.5204,-55.8794,-85.5153,SERVED,0,1,36.389914,0.431422,0
26,UES1,50,57,57,4,-89.8182,-66.9895,-93.076,SERVED,0,1,-85.019012,-76.264127,0
26,UES1,51,58,58,2,-70.9855,-99.2082,-104.599,SERVED,0,1,192.134555,33.842273,0
26,UES1,52,59,59,3,-88.0986,-102.281,-99.7437,SERVED,0,1,-109.839653,161.326349,0
26,UES1,53,60,60,4,-98.3586,-97.6741,-96.2417,SERVED,0,1,-212.365816,-41.955760,0
26,UES1,54,61,61,1,-67.6338,-69.9136,-96.738,SERVED,0,1,49.767875,-72.400703,0
26,UES1,55,62,62,2,-55.2248,-71.5124,-105.039,SERVED,0,1,92.918881,11.726498,0
26,UES1,56,63,63,3,-88.8684,-85.0115,-89.6449,SERVED,0,1,-30.123140,-43.537950,0
26,UES1,57,64,64,3,-64.4744,-79.5368,-96.9852,SERVED,0,1,-124.359274,129.658403,0
26,UES1,58,65,65,4,-96.3363,-95.9098,-93.2907,SERVED,0,1,-103.160425,-146.136616,0
26,UES1,59,66,66,1,-97.593,-95.2462,-107.043,SERVED,0,1,168.750587,-146.236356,0
26,UES2,0,67,67,6,-118.01,-116.485,-118.888,MOVE_REQUIRED,7,1,-415.970826,318.266756,1
26,UES2,1,68,68,3,-117.595,-113.672,-118.295,PERSISTING,3,1,322.495180,421.044530,0
26,UES2,2,69,69,1,-116.085,-115.223,-114.382,PERSISTING,4,1,363.067233,-366.357356,0
26,UES2,3,70,70,6,-88.2642,-90.4536,-120.435,SERVED,0,1,-277.041193,386.633965,0
26,UES2,4,71,71,7,-116.902,-120.773,-116.119,PERSISTING,3,1,369.317747,325.769605,0
26,UES2,5,72,72,2,-117.681,-110.927,-115.667,PERSISTING,4,1,320.107237,-378.169322,0
26,UES2,6,73,73,3,-108.212,-114.115,-119.067,PERSISTING,1,1,-344.155642,331.974581,0
26,UES2,7,74,74,4,-119.063,-118.16,-117.128,MOVE_REQUIRED,8,1,398.323334,357.366995,1
26,UES2,8,75,75,2,-123.941,-80.887,-116.272,ALTERNATIVE_AVAILABLE,0,1,350.195292,-401.410456,0
26,UES2,9,76,76,6,-119.516,-114.91,-121.695,PERSISTING,2,1,-401.734383,307.768531,0
26,UES2,10,77,77,5,-116.042,-88.7797,-117.284,ALTERNATIVE_AVAILABLE,0,1,411.019680,316.619481,0
26,UES2,11,78,78,2,-114.09,-115.351,-115.531,PERSISTING,2,1,328.201960,-327.531143,0
26,UES2,12,79,79,7,-119.959,-112.608,-122.007,PERSISTING,4,1,-406.367657,294.657569,0
26,UES2,13,80,80,0,NA,-115.196,-124.135,MOVE_REQUIRED,8,1,390.983206,305.789027,1
26,UES2,14,81,81,4,-123.649,-117.254,-114.119,PERSISTING,3,1,381.709158,-358.576183,0
26,UES2,15,82,82,4,-116.515,-112.757,-118.05,PERSISTING,0,1,-298.652649,364.005623,0
26,UES2,16,83,83,1,-112.25,-104.698,-112.626,PERSISTING,2,1,255.622950,337.251743,0
26,UES2,17,84,84,5,-100.39,-85.7486,-110.078,ALTERNATIVE_AVAILABLE,0,1,350.889867,-270.493502,0
26,UES2,18,85,85,3,-111.876,-111.265,-115.6,PERSISTING,1,1,-336.370346,380.108660,0
26,UES2,19,86,86,2,-112.261,-118.701,-106.777,MOVE_REQUIRED,14,1,386.798346,362.210128,1
26,UES2,20,87,87,2,-114.985,-114.431,-114.948,PERSISTING,1,1,315.688518,-326.214037,0
26,UES2,21,88,88,0,NA,-122.339,-111.127,PERSISTING,1,1,-310.624178,345.477590,0
26,UES2,22,89,89,6,-104.481,-113.755,-118.788,MOVE_REQUIRED,8,1,311.731324,326.429531,1
26,UES2,23,90,90,5,-110.472,-109.917,-110.045,PERSISTING,0,1,301.158777,-310.759832,0
26,UES2,24,91,91,4,-117.825,-117.143,-114.723,PERSISTING,4,1,-365.707549,369.776473,0
26,UES2,25,92,92,2,-119.877,-81.7273,-113.218,ALTERNATIVE_AVAILABLE,0,1,286.867315,321.338941,0
26,UES2,26,93,93,0,NA,-122.632,-119.171,MOVE_REQUIRED,6,1,369.196829,-383.729626,1
26,UES2,27,94,94,6,-118.294,-114.171,-116.525,PERSISTING,1,1,-321.530915,320.567329,0
26,UES2,28,95,95,6,-102.507,-115.107,-112.576,PERSISTING,1,1,337.366716,303.559106,0
26,UES2,29,96,96,2,-116.417,-113.256,-115.726,PERSISTING,0,1,367.451174,-377.059933,0
27,UES1,0,7,7,1,-103.971,-67.6335,-81.078,ALTERNATIVE_AVAILABLE,0,1,-103.107911,-143.349132,0
27,UES1,1,8,8,1,-78.7864,-98.4741,-92.9187,SERVED,0,1,117.633119,-85.226476,0
27,UES1,2,9,9,3,-66.2079,-92.1924,-112.102,SERVED,0,1,-161.748423,152.464586,0
27,UES1,3,10,10,1,-101.313,-96.5229,-106,ALTERNATIVE_AVAILABLE,0,1,88.918602,-123.351573,0
27,UES1,4,11,11,2,-71.1816,-84.1626,-84.4397,SERVED,0,1,50.767781,135.939322,0
27,UES1,5,12,12,3,-50.6153,-73.9963,-93.498,SERVED,0,1,-117.949990,46.987924,0
27,UES1,6,13,13,2,-49.3607,-88.863,-81.2588,SERVED,0,1,88.271123,54.518000,0
27,UES1,7,14,14,1,-60.8676,-68.1065,-88.5486,SERVED,0,1,22.632314,-65.824745,0
27,UES1,8,15,15,3,-101.645,-92.9864,-106.778,ALTERNATIVE_AVAILABLE,0,1,39.924266,-146.070433,0
27,UES1,9,16,16,2,-68.1381,-73.4115,-93.048,SERVED,0,1,31.229972,29.310928,0
27,UES1,10,17,17,3,-66.0315,-92.9094,-104.979,SERVED,0,1,-55.125892,-109.056469,0
27,UES1,11,18,18,1,-89.718,-79.2916,-105.562,SERVED,0,1,-45.925643,54.671919,0
27,UES1,12,19,19,7,-92.842,-93.9625,-95.1412,SERVED,0,1,189.209296,-55.841658,0
27,UES1,13,20,20,1,-88.1209,-77.2974,-82.0356,SERVED,0,1,55.864307,85.967920,0
27,UES1,14,21,21,1,-77.3673,-94.3715,-77.5913,SERVED,0,1,66.297550,-76.826892,0
27,UES1,15,22,22,1,-73.1434,-88.7516,-93.6829,SERVED,0,1,88.846334,-38.029171,0
27,UES1,16,23,23,4,-65.9171,-71.0332,-110.613,SERVED,0,1,-184.366352,-45.847404,0
27,UES1,17,24,24,3,-93.5606,-66.7673,-90.9737,SERVED,0,1,13.106337,-28.655200,0
27,UES1,18,25,25,1,-58.2823,-86.7108,-89.5409,SERVED,0,1,60.292842,-20.090408,0
27,UES1,19,26,26,4,-92.5994,-97.9796,-89.164,SERVED,0,1,-67.025533,-80.097670,0
27,UES1,20,27,27,3,-89.6197,-97.8906,-104.081,SERVED,0,1,-115.350988,120.159124,0
27,UES1,21,28,28,3,-91.592,-99.4506,-109.895,SERVED,0,1,-118.404772,182.888308,0
27,UES1,22,29,29,2,-93.609,-97.7254,-105.339,SERVED,0,1,174.934171,66.605303,0
27,UES1,23,30,30,1,-96.6613,-98.4606,-71.9569,SERVED,0,1,45.758047,-107.718981,0
27,UES1,24,31,31,3,-96.3406,-68.8966,-103.601,SERVED,0,1,-26.501926,139.944200,0
27,UES1,25,32,32,4,-98.8385,-95.5316,-96.5689,SERVED,0,1,-32.724488,164.772741,0
27,UES1,26,33,33,5,-83.1648,-101.468,-91.206,SERVED,0,1,192.898625,23.340733,0
27,UES1,27,34,34,7,-95.7555,-75.1606,-64.3257,SERVED,0,1,47.320930,75.605283,0
27,UES1,28,35,35,4,-91.2761,-96.6748,-112.026,SERVED,0,1,-176.363604,59.347102,0
27,UES1,29,36,36,1,-67.6425,-97.4776,-65.3,SERVED,0,1,78.002762,-20.408284,0
27,UES1,30,37,37,5,-105.828,-100.652,-79.1242,ALTERNATIVE_AVAILABLE,0,1,-2.001003,-180.713590,0
27,UES1,31,38,38,1,-88.2148,-82.865,-99.4046,SERVED,0,1,148.789001,25.767969,0
27,UES1,32,39,39,6,-99.4285,-90.5676,-73.6826,SERVED,0,1,47.726609,-71.448483,0
27,UES1,33,40,40,4,-63.6136,-69.7661,-98.9896,SERVED,0,1,-81.258565,52.853589,0
27,UES1,34,41,41,4,-97.7352,-91.1894,-103.937,SERVED,0,1,-22.892011,-157.438369,0
27,UES1,35,42,42,6,-94.7016,-74.1937,-78.5782,SERVED,0,1,96.984018,-50.242808,0
27,UES1,36,43,43,2,-64.2815,-100.668,-102.794,SERVED,0,1,164.903479,125.193064,0
27,UES1,37,44,44,6,-71.6189,-73.4751,-97.7379,SERVED,0,1,22.044505,-109.177500,0
27,UES1,38,45,45,4,-75.6616,-71.0232,-84.4624,SERVED,0,1,-44.113553,-55.714888,0
27,UES1,39,46,46,4,-76.6301,-82.4599,-79.9954,SERVED,0,1,-51.129235,-19.500312,0
27,UES1,40,47,47,4,-90.5986,-86.2153,-107.415,SERVED,0,1,-161.855789,103.372288,0
27,UES1,41,48,48,6,-119.774,-75.1967,-109.112,ALTERNATIVE_AVAILABLE,0,1,-207.881769,-174.349743,0
27,UES1,42,49,49,3,-65.4092,-62.5696,-94.3485,SERVED,0,1,15.180651,3.957417,0
27,UES1,43,50,50,1,-63.7719,-95.5385,-92.6921,SERVED,0,1,14.348357,-76.969221,0
27,UES1,44,51,51,7,-94.8249,-87.9095,-79.3664,SERVED,0,1,-9.483785,65.365730,0
27,UES1,45,52,52,2,-98.8057,-94.8313,-95.1077,SERVED,0,1,-46.638147,-112.591892,0
27,UES1,46,53,53,5,-87.8121,-108.936,-101.049,SERVED,0,1,-83.901054,-137.217500,0
27,UES1,47,54,54,4,-79.4009,-86.5763,-101.452,SERVED,0,1,-119.248143,-41.433146,0
27,UES1,48,55,55,3,-60.3578,-76.6335,-105.946,SERVED,0,1,-154.395559,-7.673273,0
27,UES1,49,56,56,1,-53.5371,-79.8826,-63.5515,SERVED,0,1,38.880467,-3.767249,0
27,UES1,50,57,57,4,-73.4235,-98.3258,-95.1455,SERVED,0,1,-85.119825,-80.782596,0
27,UES1,51,58,58,2,-97.682,-74.957,-107.569,SERVED,0,1,197.039527,34.115577,0
27,UES1,52,59,59,3,-96.6426,-103.168,-103.682,SERVED,0,1,-113.865673,163.481922,0
27,UES1,53,60,60,4,-84.5365,-98.1333,-108.861,SERVED,0,1,-217.919723,-45.031071,0
27,UES1,54,61,61,1,-81.5759,-91.0855,-86.6388,SERVED,0,1,48.974179,-77.245920,0
27,UES1,55,62,62,2,-75.7697,-67.3095,-86.6733,SERVED,0,1,95.502096,8.405564,0
27,UES1,56,63,63,3,-90.4241,-70.4259,-90.1615,SERVED,0,1,-29.661608,-47.761935,0
27,UES1,57,64,64,3,-64.9225,-97.9699,-94.9038,SERVED,0,1,-125.066754,135.888672,0
27,UES1,58,65,65,4,-101.475,-102.987,-102.477,PERSISTING,0,1,-104.740257,-151.614911,0
27,UES1,59,66,66,1,-100.007,-100.286,-108.639,PERSISTING,0,1,172.405306,-148.907492,0
27,UES2,0,67,67,6,-126.283,-87.6054,-119.595,ALTERNATIVE_AVAILABLE,0,1,-420.007319,315.637379,0
27,UES2,1,68,68,3,-125.468,-118.819,-110.757,PERSISTING,4,1,327.202337,423.659792,0
27,UES2,2,69,69,1,-113.391,-119.314,-116.931,PERSISTING,5,1,358.693581,-370.705625,0
27,UES2,3,70,70,6,-114.592,-115.255,-117.92,PERSISTING,0,1,-275.767140,389.819193,0
27,UES2,4,71,71,7,-117.268,-105.453,-115.228,PERSISTING,4,1,368.506083,324.039279,0
27,UES2,5,72,72,2,-117.722,-115.224,-113.846,PERSISTING,5,1,319.688218,-382.024389,0
27,UES2,6,73,73,3,-111.346,-110.321,-114.763,PERSISTING,2,1,-341.082565,329.084698,0
27,UES2,7,74,74,4,-123.269,-116.535,-105.401,MOVE_REQUIRED,9,1,395.516239,358.287760,1
27,UES2,8,75,75,2,-117.636,-119.018,-113.308,PERSISTING,0,1,353.783435,-404.816753,0
27,UES2,9,76,76,6,-83.8418,-103.4,-121.004,SERVED,0,1,-400.840350,310.504083,0
27,UES2,10,77,77,5,-125.4,-113.488,-117.943,PERSISTING,0,1,412.004574,312.586118,0
27,UES2,11,78,78,2,-117.788,-117.861,-117.312,PERSISTING,3,1,329.969295,-331.153784,0
27,UES2,12,79,79,7,-120.192,-117.161,-94.2853,ALTERNATIVE_AVAILABLE,0,1,-410.534375,295.230845,0
27,UES2,13,80,80,0,NA,-123.842,-121.377,MOVE_REQUIRED,9,1,386.650948,305.243993,1
27,UES2,14,81,81,4,-122.609,-115.952,-113.631,PERSISTING,4,1,385.733746,-360.999332,0
27,UES2,15,82,82,4,-110.863,-117.97,-116.871,PERSISTING,1,1,-297.108145,366.583386,0
27,UES2,16,83,83,1,-116.986,-111.323,-115.589,PERSISTING,3,1,254.908881,338.675564,0
27,UES2,17,84,84,5,-110.444,-98.0807,-111.305,ALTERNATIVE_AVAILABLE,0,1,353.920034,-266.397622,0
27,UES2,18,85,85,3,-115.485,-119.175,-118.398,PERSISTING,2,1,-338.336554,383.949710,0
27,UES2,19,86,86,2,-114.717,-120.65,-115.588,MOVE_REQUIRED,15,1,390.911730,366.169391,1
27,UES2,20,87,87,2,-109.38,-111.543,-119.162,PERSISTING,2,1,313.496635,-320.433079,0
27,UES2,21,88,88,0,NA,-117.651,-111.108,PERSISTING,2,1,-307.750872,349.286505,0
27,UES2,22,89,89,6,-111.83,-118.678,-117.381,MOVE_REQUIRED,9,1,307.585905,324.842367,1
27,UES2,23,90,90,5,-88.3719,-113.121,-114.151,SERVED,0,1,299.397930,-307.394950,0
27,UES2,24,91,91,4,-112.914,-113.326,-120.693,PERSISTING,5,1,-362.399596,366.820496,0
27,UES2,25,92,92,2,-110.339,-111.413,-110.684,PERSISTING,0,1,282.285745,321.816093,0
27,UES2,26,93,93,0,NA,-124.118,-124.472,MOVE_REQUIRED,7,1,365.195046,-381.940246,1
27,UES2,27,94,94,6,-112.471,-97.9426,-103.141,ALTERNATIVE_AVAILABLE,0,1,-316.731577,318.958794,0
27,UES2,28,95,95,6,-112.006,-116.308,-115.48,PERSISTING,2,1,338.972766,307.065279,0
27,UES2,29,96,96,2,-112.012,-112.566,-116.422,PERSISTING,1,1,366.470281,-379.999974,0
28,UES1,0,7,7,1,-103.717,-84.434,-103.642,ALTERNATIVE_AVAILABLE,0,1,-105.540617,-148.451644,0
28,UES1,1,8,8,1,-88.5113,-92.6965,-106.694,SERVED,0,1,121.317378,-88.770200,0
28,UES1,2,9,9,3,-72.1881,-92.6486,-109.356,SERVED,0,1,-164.174300,156.689200,0
28,UES1,3,10,10,1,-96.6817,-82.6618,-85.2204,SERVED,0,1,91.537949,-127.092873,0
28,UES1,4,11,11,2,-97.8453,-77.6296,-104.184,SERVED,0,1,54.483894,138.821647,0
28,UES1,5,12,12,3,-51.1191,-81.9019,-103.012,SERVED,0,1,-119.987584,51.571049,0
28,UES1,6,13,13,2,-61.4615,-85.442,-72.0062,SERVED,0,1,89.715397,60.437150,0
28,UES1,7,14,14,1,-74.795,-63.6797,-87.0792,SERVED,0,1,21.993146,-69.351112,0
28,UES1,8,15,15,3,-103.941,-101.061,-103.971,PERSISTING,0,1,42.575170,-148.740762,0
28,UES1,9,16,16,2,-86.5761,-72.0066,-80.8038,SERVED,0,1,36.104054,27.452984,0
28,UES1,10,17,17,3,-95.902,-94.2479,-79.2294,SERVED,0,1,-57.194287,-113.962837,0
28,UES1,11,18,18,1,-95.7531,-66.2928,-103.852,SERVED,0,1,-50.255859,56.741592,0
28,UES1,12,19,19,7,-100.886,-102.449,-92.4671,ALTERNATIVE_AVAILABLE,0,1,194.877998,-56.055181,0
28,UES1,13,20,20,1,-96.035,-87.6469,-78.7721,SERVED,0,1,56.847946,90.443618,0
28,UES1,14,21,21,1,-78.9791,-74.3712,-75.92,SERVED,0,1,69.964538,-80.590522,0
28,UES1,15,22,22,1,-77.6601,-88.9426,-87.4981,SERVED,0,1,87.398583,-43.461882,0
28,UES1,16,23,23,4,-83.331,-100.768,-112.09,SERVED,0,1,-190.158373,-45.645216,0
28,UES1,17,24,24,3,-85.7553,-63.359,-94.8041,SERVED,0,1,18.235162,-28.073295,0
28,UES1,18,25,25,1,-53.4456,-65.9639,-66.2909,SERVED,0,1,62.275478,-23.970420,0
28,UES1,19,26,26,4,-94.959,-98.4222,-74.5917,SERVED,0,1,-69.121619,-83.654210,0
28,UES1,20,27,27,3,-79.3245,-102.093,-88.5871,SERVED,0,1,-119.349905,122.309933,0
28,UES1,21,28,28,3,-73.892,-97.7041,-94.5252,SERVED,0,1,-119.983633,188.723232,0
28,UES1,22,29,29,2,-98.2921,-102.559,-89.8868,SERVED,0,1,179.436622,69.075033,0
28,UES1,23,30,30,1,-93.1503,-104.095,-94.4661,SERVED,0,1,46.988065,-112.053956,0
28,UES1,24,31,31,3,-96.3732,-66.031,-100.283,SERVED,0,1,-31.827297,142.418289,0
28,UES1,25,32,32,4,-94.7516,-72.6458,-102.152,SERVED,0,1,-34.054510,168.488191,0
28,UES1,26,33,33,5,-91.074,-89.399,-90.0696,SERVED,0,1,195.769967,24.897064,0
28,UES1,27,34,34,7,-80.7342,-71.7651,-65.5293,SERVED,0,1,48.928524,79.193652,0
28,UES1,28,35,35,4,-64.0334,-94.7513,-108.41,SERVED,0,1,-181.200324,59.976434,0
28,UES1,29,36,36,1,-64.856,-76.7773,-93.9958,SERVED,0,1,75.715463,-17.373672,0
28,UES1,30,37,37,5,-108.153,-97.8484,-75.0886,ALTERNATIVE_AVAILABLE,0,1,-3.590545,-184.260894,0
28,UES1,31,38,38,1,-102.204,-93.8235,-82.2807,ALTERNATIVE_AVAILABLE,0,1,154.878756,27.598063,0
28,UES1,32,39,39,6,-99.0821,-82.9914,-82.2733,SERVED,0,1,47.659253,-75.411887,0
28,UES1,33,40,40,4,-77.293,-77.7165,-89.9419,SERVED,0,1,-83.528520,57.783049,0
28,UES1,34,41,41,4,-80.7962,-77.6779,-81.2805,SERVED,0,1,-21.008068,-161.415898,0
28,UES1,35,42,42,6,-99.7573,-90.6142,-82.8046,SERVED,0,1,101.308748,-52.316408,0
28,UES1,36,43,43,2,-63.0723,-102.147,-95.7945,SERVED,0,1,169.220140,128.805660,0
28,UES1,37,44,44,6,-73.2863,-84.6958,-98.5391,SERVED,0,1,23.219012,-115.156207,0
28,UES1,38,45,45,4,-87.2342,-79.4362,-102.183,SERVED,0,1,-48.312398,-57.607199,0
28,UES1,39,46,46,4,-78.3909,-93.6247,-79.4447,SERVED,0,1,-56.180594,-18.562966,0
28,UES1,40,47,47,4,-88.8054,-86.4976,-109.348,SERVED,0,1,-163.671979,106.017022,0
28,UES1,41,48,48,6,-113.715,-104.001,-114.574,PERSISTING,0,1,-212.914954,-177.412165,0
28,UES1,42,49,49,3,-97.9302,-64.9127,-87.2374,SERVED,0,1,16.750394,8.963502,0
28,UES1,43,50,50,1,-87.2131,-93.4226,-94.8247,SERVED,0,1,18.085542,-80.466575,0
28,UES1,44,51,51,7,-86.5674,-83.4543,-102.056,SERVED,0,1,-11.234258,69.566878,0
28,UES1,45,52,52,2,-101.598,-75.6775,-89.4277,ALTERNATIVE_AVAILABLE,0,1,-48.553223,-118.303990,0
28,UES1,46,53,53,5,-76.5575,-100.11,-91.0487,SERVED,0,1,-85.700273,-140.215995,0
28,UES1,47,54,54,4,-70.8941,-88.5801,-100.548,SERVED,0,1,-121.001224,-47.445281,0
28,UES1,48,55,55,3,-90.0668,-75.3114,-105.667,SERVED,0,1,-158.057412,-10.586265,0
28,UES1,49,56,56,1,-51.4353,-91.7751,-94.0033,SERVED,0,1,41.533590,-7.117742,0
28,UES1,50,57,57,4,-74.9134,-92.9455,-103.823,SERVED,0,1,-86.599881,-86.211910,0
28,UES1,51,58,58,2,-96.146,-88.0271,-91.7224,SERVED,0,1,202.200914,34.916616,0
28,UES1,52,59,59,3,-85.5059,-93.4096,-104.451,SERVED,0,1,-118.770857,167.300821,0
28,UES1,53,60,60,4,-97.0732,-101.687,-108.81,SERVED,0,1,-222.468974,-46.395609,0
28,UES1,54,61,61,1,-86.3142,-65.1109,-89.1025,SERVED,0,1,47.260851,-81.739796,0
28,UES1,55,62,62,2,-79.2721,-67.4074,-80.9759,SERVED,0,1,98.172428,5.598262,0
28,UES1,56,63,63,3,-91.8694,-62.6168,-95.2603,SERVED,0,1,-28.598474,-53.911980,0
28,UES1,57,64,64,3,-87.6944,-65.4643,-103.592,SERVED,0,1,-127.781642,139.042752,0
28,UES1,58,65,65,4,-97.2888,-99.8877,-83.4018,SERVED,0,1,-106.647290,-156.596936,0
28,UES1,59,66,66,1,-102.95,-101.375,-96.4603,ALTERNATIVE_AVAILABLE,0,1,175.880680,-151.969988,0
28,UES2,0,67,67,6,-118.46,-116.168,-123.014,PERSISTING,0,1,-423.927102,313.815592,0
28,UES2,1,68,68,3,-122.335,-116.832,-118.184,PERSISTING,5,1,329.865500,424.636404,0
28,UES2,2,69,69,1,-113.652,-116.121,-113.05,MOVE_REQUIRED,6,1,357.772501,-373.149261,1
28,UES2,3,70,70,6,-113.545,-113.669,-119.3,PERSISTING,1,1,-273.234409,393.335418,0
28,UES2,4,71,71,7,-125.962,-77.2215,-112.841,ALTERNATIVE_AVAILABLE,0,1,366.444025,326.086990,0
28,UES2,5,72,72,2,-113.813,-116.903,-115.485,MOVE_REQUIRED,6,1,317.308763,-386.013872,1
28,UES2,6,73,73,3,-112.828,-114.372,-118.794,PERSISTING,3,1,-338.191552,325.293858,0
28,UES2,7,74,74,4,-125.148,-115.89,-116.956,MOVE_REQUIRED,10,1,392.650016,361.359394,1
28,UES2,8,75,75,2,-117.259,-94.3137,-81.7709,ALTERNATIVE_AVAILABLE,0,1,354.162324,-407.707437,0
28,UES2,9,76,76,6,-126.293,-117.826,-122.182,PERSISTING,0,1,-399.298478,316.564730,0
28,UES2,10,77,77,5,-115.772,-118.412,-118.767,PERSISTING,1,1,414.692062,311.342425,0
28,UES2,11,78,78,2,-114.42,-115.166,-114.604,PERSISTING,4,1,334.276587,-333.328416,0
28,UES2,12,79,79,7,-118.745,-117.05,-114.921,PERSISTING,0,1,-414.529324,296.038688,0
28,UES2,13,80,80,0,NA,-110.525,-119.855,MOVE_REQUIRED,10,1,382.182630,303.149379,1
28,UES2,14,81,81,4,-122.212,-114.836,-113.545,PERSISTING,5,1,388.986683,-363.357210,0
28,UES2,15,82,82,4,-117.644,-111.813,-119.261,PERSISTING,2,1,-300.990325,363.214079,0
28,UES2,16,83,83,1,-112.471,-112.646,-107.413,PERSISTING,4,1,260.392590,338.787704,0
28,UES2,17,84,84,5,-112.239,-112.377,-109.485,PERSISTING,0,1,355.813819,-264.042600,0
28,UES2,18,85,85,3,-115.548,-100.554,-119.248,PERSISTING,3,1,-340.028655,386.102273,0
28,UES2,19,86,86,2,-78.3951,-120.18,-117.701,SERVED,0,1,393.563184,368.665105,0
28,UES2,20,87,87,2,-111.79,-107.601,-101.927,PERSISTING,3,1,311.931111,-319.183667,0
28,UES2,21,88,88,0,NA,-114.984,-118.777,PERSISTING,3,1,-304.482072,351.093980,0
28,UES2,22,89,89,6,-112.136,-117.011,-118.299,MOVE_REQUIRED,10,1,303.730053,322.996659,1
28,UES2,23,90,90,5,-109.146,-114.627,-109.435,PERSISTING,0,1,296.763312,-304.104454,0
28,UES2,24,91,91,4,-119.497,-117.392,-117.495,MOVE_REQUIRED,6,1,-359.313486,364.545818,1
28,UES2,25,92,92,2,-111.873,-103.999,-113.397,PERSISTING,1,1,277.996320,324.295864,0
28,UES2,26,93,93,0,NA,-124.987,-122.342,MOVE_REQUIRED,8,1,361.081062,-380.437515,1
28,UES2,27,94,94,6,-119.511,-116.306,-117.299,PERSISTING,0,1,-314.568502,317.803906,0
28,UES2,28,95,95,6,-115.983,-121.42,-117.794,PERSISTING,3,1,341.684100,311.333037,0
28,UES2,29,96,96,2,-117.37,-115.626,-114.621,PERSISTING,2,1,365.809073,-384.315882,0
29,UES1,0,7,7,4,-101.156,-104.687,-105.449,PERSISTING,0,1,-107.954066,-152.290279,0
29,UES1,1,8,8,1,-91.0564,-98.1329,-88.7158,SERVED,0,1,123.905633,-94.125700,0
29,UES1,2,9,9,3,-85.8144,-94.7441,-113.078,SERVED,0,1,-167.618527,159.831768,0
29,UES1,3,10,10,1,-95.1752,-99.2158,-104.829,SERVED,0,1,95.704783,-129.712114,0
29,UES1,4,11,11,2,-88.7722,-84.1426,-81.4963,SERVED,0,1,59.264001,143.874505,0
29,UES1,5,12,12,3,-54.8601,-75.4988,-105.393,SERVED,0,1,-122.493652,54.792168,0
29,UES1,6,13,13,2,-52.8609,-89.9884,-84.8391,SERVED,0,1,89.064959,65.297451,0
29,UES1,7,14,14,1,-73.4396,-98.985,-89.4591,SERVED,0,1,20.751628,-75.134101,0
29,UES1,8,15,15,3,-102.084,-71.7494,-78.2868,ALTERNATIVE_AVAILABLE,0,1,44.083743,-153.633337,0
29,UES1,9,16,16,2,-67.5008,-78.1697,-79.5669,SERVED,0,1,40.085998,24.826321,0
29,UES1,10,17,17,3,-78.1508,-74.9928,-88.0916,SERVED,0,1,-58.471771,-117.704269,0
29,UES1,11,18,18,4,-65.4986,-71.8738,-100.134,SERVED,0,1,-55.002221,57.979812,0
29,UES1,12,19,19,7,-86.6363,-85.2144,-93.5991,SERVED,0,1,200.208243,-52.719291,0
29,UES1,13,20,20,2,-72.4589,-86.5129,-65.0402,SERVED,0,1,61.274791,96.293431,0
29,UES1,14,21,21,1,-79.2526,-95.8695,-97.0638,SERVED,0,1,71.481271,-84.294986,0
29,UES1,15,22,22,1,-68.6513,-89.9198,-82.0079,SERVED,0,1,87.321365,-48.376146,0
29,UES1,16,23,23,4,-91.699,-97.9378,-109.877,SERVED,0,1,-194.715483,-45.510558,0
29,UES1,17,24,24,3,-93.8435,-57.5468,-77.9762,SERVED,0,1,23.772419,-27.601846,0
29,UES1,18,25,25,1,-65.9482,-86.4004,-86.3712,SERVED,0,1,65.787184,-28.454300,0
29,UES1,19,26,26,4,-79.1268,-81.8071,-80.3056,SERVED,0,1,-72.679283,-87.815776,0
29,UES1,20,27,27,3,-90.9259,-90.176,-80.0854,SERVED,0,1,-122.867309,126.671212,0
29,UES1,21,28,28,3,-99.2968,-94.2661,-95.4652,SERVED,0,1,-120.803871,192.694343,0
29,UES1,22,29,29,2,-92.3423,-71.8453,-90.9434,SERVED,0,1,182.141585,72.408224,0
29,UES1,23,30,30,1,-85.6854,-81.3059,-97.7787,SERVED,0,1,47.983028,-117.084475,0
29,UES1,24,31,31,2,-99.2748,-87.0466,-102.875,SERVED,0,1,-35.855074,144.913645,0
29,UES1,25,32,32,3,-77.1461,-98.3518,-84.67,SERVED,0,1,-33.942218,174.809552,0
29,UES1,26,33,33,5,-66.0423,-83.7398,-102.363,SERVED,0,1,199.936092,29.288206,0
29,UES1,27,34,34,7,-104.052,-82.5561,-80.5034,ALTERNATIVE_AVAILABLE,0,1,49.328597,84.777940,0
29,UES1,28,35,35,4,-76.1281,-86.0692,-113.159,SERVED,0,1,-185.606031,62.864450,0
29,UES1,29,36,36,1,-51.5986,-92.4902,-63.5972,SERVED,0,1,74.124475,-12.605697,0
29,UES1,30,37,37,5,-111.671,-112.396,-93.8317,ALTERNATIVE_AVAILABLE,0,1,-6.358123,-190.483153,0
29,UES1,31,38,38,1,-101.375,-77.7324,-95.0606,ALTERNATIVE_AVAILABLE,0,1,158.772234,28.914177,0
29,UES1,32,39,39,1,-82.4703,-94.4703,-70.0613,SERVED,0,1,48.699977,-81.436214,0
29,UES1,33,40,40,4,-76.5766,-58.129,-69.9958,SERVED,0,1,-85.175777,62.123442,0
29,UES1,34,41,41,4,-78.9631,-73.7126,-108.142,SERVED,0,1,-20.095217,-165.382979,0
29,UES1,35,42,42,6,-74.0236,-91.6935,-67.0857,SERVED,0,1,105.693085,-54.625074,0
29,UES1,36,43,43,2,-91.7168,-66.918,-102.13,SERVED,0,1,172.331594,131.607063,0
29,UES1,37,44,44,6,-102.409,-85.2521,-72.6735,ALTERNATIVE_AVAILABLE,0,1,23.694426,-118.983081,0
29,UES1,38,45,45,4,-74.2465,-91.7756,-86.8169,SERVED,0,1,-53.165222,-60.994955,0
29,UES1,39,46,46,4,-71.6887,-96.1806,-101.728,SERVED,0,1,-61.630141,-19.223443,0
29,UES1,40,47,47,3,-79.5405,-63.7703,-111.023,SERVED,0,1,-167.528458,110.462390,0
29,UES1,41,48,48,6,-109.536,-102.41,-112.081,PERSISTING,1,1,-217.425884,-180.324487,0
29,UES1,42,49,49,3,-98.8869,-67.3434,-85.1198,SERVED,0,1,19.895517,12.960316,0
29,UES1,43,50,50,1,-93.4729,-75.1498,-95.15,SERVED,0,1,21.383866,-83.471732,0
29,UES1,44,51,51,7,-100.115,-95.1043,-87.1398,ALTERNATIVE_AVAILABLE,0,1,-12.983214,75.599711,0
29,UES1,45,52,52,2,-102.846,-67.2687,-97.047,ALTERNATIVE_AVAILABLE,0,1,-52.175906,-121.748865,0
29,UES1,46,53,53,5,-112.085,-89.6471,-103.038,ALTERNATIVE_AVAILABLE,0,1,-88.404707,-146.040037,0
29,UES1,47,54,54,4,-84.8756,-80.345,-90.2919,SERVED,0,1,-122.441734,-51.040160,0
29,UES1,48,55,55,3,-60.5594,-68.0965,-107.872,SERVED,0,1,-162.083540,-14.500699,0
29,UES1,49,56,56,1,-50.3003,-90.8438,-76.6054,SERVED,0,1,45.683492,-10.067551,0
29,UES1,50,57,57,4,-63.5821,-76.6009,-101.062,SERVED,0,1,-87.633362,-90.946026,0
29,UES1,51,58,58,2,-72.8362,-87.341,-108.498,SERVED,0,1,205.533743,35.607339,0
29,UES1,52,59,59,3,-99.4907,-102.542,-107.525,SERVED,0,1,-121.998078,171.189621,0
29,UES1,53,60,60,4,-99.2098,-79.1238,-114.491,SERVED,0,1,-227.237875,-47.519203,0
29,UES1,54,61,61,1,-90.6202,-82.6956,-87.8301,SERVED,0,1,47.594462,-87.024949,0
29,UES1,55,62,62,2,-58.7626,-74.5985,-91.804,SERVED,0,1,103.033506,1.524783,0
29,UES1,56,63,63,4,-86.1589,-80.7448,-101.574,SERVED,0,1,-28.639797,-57.737796,0
29,UES1,57,64,64,3,-93.2161,-90.554,-106.539,SERVED,0,1,-128.648437,143.549871,0
29,UES1,58,65,65,4,-101.315,-102.824,-105.296,PERSISTING,0,1,-107.466107,-161.375979,0
29,UES1,59,66,66,1,-101.871,-104.931,-107.759,PERSISTING,0,1,179.131554,-156.775721,0
29,UES2,0,67,67,6,-122.845,-87.0694,-122.046,ALTERNATIVE_AVAILABLE,0,1,-426.873893,312.505817,0
29,UES2,1,68,68,3,-119.581,-114.301,-117.337,MOVE_REQUIRED,6,1,333.336701,426.039873,1
29,UES2,2,69,69,1,-113.403,-116.642,-116.676,MOVE_REQUIRED,7,1,354.423151,-375.967244,1
29,UES2,3,70,70,6,-117.754,-116.376,-117.453,PERSISTING,2,1,-270.064661,396.477830,0
29,UES2,4,71,71,7,-120.93,-118.531,-115.662,PERSISTING,0,1,361.200451,328.045704,0
29,UES2,5,72,72,2,-117.396,-115.063,-116.789,MOVE_REQUIRED,7,1,315.259317,-388.527181,1
29,UES2,6,73,73,3,-114.021,-117.082,-118.376,PERSISTING,4,1,-336.969353,322.764818,0
29,UES2,7,74,74,4,-124.094,-117.04,-117.859,MOVE_REQUIRED,11,1,387.701285,363.986275,1
29,UES2,8,75,75,2,-123.778,-100.516,-115.759,PERSISTING,0,1,357.243204,-411.409663,0
29,UES2,9,76,76,6,-123.883,-113.769,-88.0423,ALTERNATIVE_AVAILABLE,0,1,-398.085570,320.406854,0
29,UES2,10,77,77,5,-113.92,-114.593,-119.832,PERSISTING,2,1,416.993743,307.526850,0
29,UES2,11,78,78,2,-114.672,-111.223,-116.77,PERSISTING,5,1,335.025490,-336.664390,0
29,UES2,12,79,79,7,-121.59,-114.086,-124.114,PERSISTING,1,1,-418.209669,296.403800,0
29,UES2,13,80,80,0,NA,-120.142,-116.244,MOVE_REQUIRED,11,1,377.997707,302.254728,1
29,UES2,14,81,81,4,-121.293,-113.742,-115.799,MOVE_REQUIRED,6,1,389.081739,-361.732168,1
29,UES2,15,82,82,4,-112.368,-100.36,-118.117,PERSISTING,3,1,-303.967655,360.700042,0
29,UES2,16,83,83,1,-118.289,-112.725,-95.0615,ALTERNATIVE_AVAILABLE,0,1,263.093216,338.053510,0
29,UES2,17,84,84,5,-113.433,-113.088,-80.7402,ALTERNATIVE_AVAILABLE,0,1,360.313163,-261.514571,0
29,UES2,18,85,85,3,-121.348,-116.206,-120.548,PERSISTING,4,1,-343.509067,388.489412,0
29,UES2,19,86,86,2,-120.052,-118.029,-116.621,PERSISTING,0,1,395.511104,372.379275,0
29,UES2,20,87,87,2,-115.38,-112.698,-111.837,PERSISTING,4,1,308.591146,-314.910061,0
29,UES2,21,88,88,0,NA,-100.687,-125.013,PERSISTING,4,1,-302.544129,353.051447,0
29,UES2,22,89,89,6,-115.418,-114.347,-117.267,MOVE_REQUIRED,11,1,300.005119,321.954543,1
29,UES2,23,90,90,5,-107.904,-108.378,-110.149,PERSISTING,1,1,294.583269,-301.620428,0
29,UES2,24,91,91,4,-115.678,-113.003,-119.635,MOVE_REQUIRED,7,1,-357.355026,361.045608,1
29,UES2,25,92,92,2,-110.285,-114.838,-114.24,PERSISTING,2,1,274.362018,324.391430,0
29,UES2,26,93,93,0,NA,-123.51,-118.392,MOVE_REQUIRED,9,1,358.101596,-378.661554,1
29,UES2,27,94,94,6,-115.001,-110.937,-120.34,PERSISTING,1,1,-310.028654,316.733838,0
29,UES2,28,95,95,6,-115.95,-114.536,-81.6319,ALTERNATIVE_AVAILABLE,0,1,343.836087,313.721165,0
29,UES2,29,96,96,2,-117.073,-116.536,-115.478,PERSISTING,3,1,364.467444,-387.304151,0
30,UES1,0,7,7,4,-101.111,-105.753,-101.88,PERSISTING,1,1,-110.889136,-155.273991,0
30,UES1,1,8,8,1,-98.8268,-97.7444,-85.8573,SERVED,0,1,127.454518,-97.359841,0
30,UES1,2,9,9,3,-94.5961,-94.2852,-87.3043,SERVED,0,1,-170.534632,164.142636,0
30,UES1,3,10,10,1,-92.3773,-87.2768,-85.6256,SERVED,0,1,99.881656,-133.405053,0
30,UES1,4,11,11,2,-95.1584,-98.1851,-93.3357,SERVED,0,1,63.360424,146.241150,0
30,UES1,5,12,12,3,-72.3421,-78.4925,-92.8488,SERVED,0,1,-127.001590,59.410048,0
30,UES1,6,13,13,2,-50.0664,-94.3352,-80.1473,SERVED,0,1,88.933804,70.491042,0
30,UES1,7,14,14,1,-79.9221,-79.0956,-95.8044,SERVED,0,1,18.733640,-78.002492,0
30,UES1,8,15,15,3,-101.841,-99.0237,-102.95,ALTERNATIVE_AVAILABLE,0,1,46.772415,-158.750683,0
30,UES1,9,16,16,2,-84.2309,-64.759,-84.4202,SERVED,0,1,45.818150,22.257095,0
30,UES1,10,17,17,3,-97.4391,-72.4795,-101.232,SERVED,0,1,-58.195831,-124.733928,0
30,UES1,11,18,18,4,-82.3726,-77.6426,-98.8509,SERVED,0,1,-60.116827,59.441207,0
30,UES1,12,19,19,7,-102.313,-92.2289,-65.6105,ALTERNATIVE_AVAILABLE,0,1,205.913602,-51.089115,0
30,UES1,13,20,20,2,-80.9655,-89.0445,-85.7455,SERVED,0,1,62.881675,100.375232,0
30,UES1,14,21,21,1,-70.5907,-92.9538,-87.8444,SERVED,0,1,75.481082,-88.444215,0
30,UES1,15,22,22,1,-60.5576,-87.3168,-87.0974,SERVED,0,1,87.271359,-54.675987,0
30,UES1,16,23,23,4,-96.159,-92.8252,-115.492,SERVED,0,1,-199.696163,-45.151563,0
30,UES1,17,24,24,3,-90.8166,-65.4875,-91.8609,SERVED,0,1,27.963099,-26.365325,0
30,UES1,18,25,25,1,-67.2345,-84.5476,-99.5365,SERVED,0,1,68.079836,-32.375087,0
30,UES1,19,26,26,4,-79.2296,-91.7742,-102.321,SERVED,0,1,-73.213369,-93.926514,0
30,UES1,20,27,27,3,-85.9131,-95.6293,-111.684,SERVED,0,1,-126.759093,131.101231,0
30,UES1,21,28,28,3,-83.3538,-100.491,-108.948,SERVED,0,1,-123.557030,197.598375,0
30,UES1,22,29,29,2,-100.07,-84.9429,-101.316,ALTERNATIVE_AVAILABLE,0,1,186.175239,75.838482,0
30,UES1,23,30,30,1,-97.8824,-85.1285,-88.464,SERVED,0,1,48.850239,-120.426935,0
30,UES1,24,31,31,2,-102.717,-81.6891,-92.5059,ALTERNATIVE_AVAILABLE,0,1,-38.661633,147.225512,0
30,UES1,25,32,32,3,-81.9676,-102.336,-108.047,SERVED,0,1,-35.084563,180.579559,0
30,UES1,26,33,33,5,-92.6904,-98.6297,-100.957,SERVED,0,1,202.762841,30.846006,0
30,UES1,27,34,34,7,-102.294,-83.6685,-71.7948,ALTERNATIVE_AVAILABLE,0,1,49.444289,89.106650,0
30,UES1,28,35,35,4,-66.0573,-75.4481,-113.336,SERVED,0,1,-190.906083,63.951875,0
30,UES1,29,36,36,1,-50.104,-82.8762,-68.8158,SERVED,0,1,68.699258,-8.161143,0
30,UES1,30,37,37,5,-110.413,-105.836,-96.2041,ALTERNATIVE_AVAILABLE,0,1,-7.911966,-193.954743,0
30,UES1,31,38,38,1,-101.563,-77.9162,-94.9694,ALTERNATIVE_AVAILABLE,0,1,163.597379,29.891610,0
30,UES1,32,39,39,1,-95.1954,-89.4623,-86.3219,SERVED,0,1,48.767272,-85.879872,0
30,UES1,33,40,40,4,-64.838,-53.3254,-80.0444,SERVED,0,1,-86.368946,67.140518,0
30,UES1,34,41,41,4,-100.889,-100.383,-94.815,ALTERNATIVE_AVAILABLE,0,1,-17.492458,-170.827837,0
30,UES1,35,42,42,6,-97.1471,-71.1878,-83.7886,SERVED,0,1,110.516537,-55.506868,0
30,UES1,36,43,43,2,-91.9115,-97.2831,-100.82,SERVED,0,1,177.051586,135.440193,0
30,UES1,37,44,44,6,-105.348,-88.1463,-90.1091,ALTERNATIVE_AVAILABLE,0,1,24.483060,-125.064136,0
30,UES1,38,45,45,4,-86.8062,-76.9062,-91.2981,SERVED,0,1,-56.676019,-64.078948,0
30,UES1,39,46,46,4,-84.0689,-90.0023,-91.2994,SERVED,0,1,-66.187041,-17.238721,0
30,UES1,40,47,47,3,-77.6673,-87.9421,-113.528,SERVED,0,1,-169.568842,115.754016,0
30,UES1,41,48,48,6,-114.074,-107.458,-88.0686,ALTERNATIVE_AVAILABLE,0,1,-221.061470,-183.278324,0
30,UES1,42,49,49,3,-80.1949,-75.8609,-88.5039,SERVED,0,1,20.800524,16.809205,0
30,UES1,43,50,50,1,-68.0428,-65.2332,-102.026,SERVED,0,1,24.090446,-88.515481,0
30,UES1,44,51,51,7,-102.538,-77.7373,-81.4131,ALTERNATIVE_AVAILABLE,0,1,-15.432916,79.877381,0
30,UES1,45,52,52,2,-101.416,-77.9945,-94.0555,ALTERNATIVE_AVAILABLE,0,1,-56.210196,-124.537330,0
30,UES1,46,53,53,5,-111.884,-104.267,-101.005,PERSISTING,0,1,-91.239666,-150.717322,0
30,UES1,47,54,54,4,-60.469,-63.421,-102.46,SERVED,0,1,-123.906040,-56.064535,0
30,UES1,48,55,55,3,-90.1318,-70.4283,-99.7833,SERVED,0,1,-165.166689,-15.902907,0
30,UES1,49,56,56,1,-51.3672,-81.6208,-74.712,SERVED,0,1,50.211614,-13.711816,0
30,UES1,50,57,57,4,-90.0302,-93.6238,-100.557,SERVED,0,1,-87.830602,-96.686953,0
30,UES1,51,58,58,2,-101.059,-91.0454,-79.5123,ALTERNATIVE_AVAILABLE,0,1,211.734248,36.157678,0
30,UES1,52,59,59,3,-98.5309,-101.844,-110.316,SERVED,0,1,-127.074835,173.217309,0
30,UES1,53,60,60,4,-99.0374,-98.5249,-104.212,SERVED,0,1,-231.085385,-47.256628,0
30,UES1,54,61,61,1,-94.2005,-86.8746,-91.4311,SERVED,0,1,47.234959,-93.404252,0
30,UES1,55,62,62,2,-62.8626,-73.2849,-94.1164,SERVED,0,1,106.747072,-1.332311,0
30,UES1,56,63,63,4,-67.4587,-90.0703,-102.817,SERVED,0,1,-28.715876,-63.278981,0
30,UES1,57,64,64,3,-94.6686,-93.631,-97.7037,SERVED,0,1,-131.014865,148.351173,0
30,UES1,58,65,65,4,-101.931,-98.1039,-96.8181,ALTERNATIVE_AVAILABLE,0,1,-108.165980,-166.265888,0
30,UES1,59,66,66,1,-101.7,-69.9399,-109.349,ALTERNATIVE_AVAILABLE,0,1,183.009819,-161.357081,0
30,UES2,0,67,67,6,-123.291,-117.99,-128.314,PERSISTING,0,1,-430.828559,310.583934,0
30,UES2,1,68,68,3,-122.535,-119.005,-119.802,MOVE_REQUIRED,7,1,339.172849,427.399936,1
30,UES2,2,69,69,1,-115.042,-116.133,-113.801,MOVE_REQUIRED,8,1,353.630301,-379.968753,1
30,UES2,3,70,70,6,-114.849,-114.652,-118.213,PERSISTING,3,1,-268.156202,399.519724,0
30,UES2,4,71,71,7,-120.089,-115.735,-110.879,PERSISTING,1,1,357.599691,328.853719,0
30,UES2,5,72,72,2,-116.782,-114.705,-91.0183,ALTERNATIVE_AVAILABLE,0,1,314.541270,-393.330380,0
30,UES2,6,73,73,3,-108.507,-114.016,-117.94,PERSISTING,5,1,-332.656224,319.629675,0
30,UES2,7,74,74,4,-121.337,-113.961,-117.758,MOVE_REQUIRED,12,1,386.274819,366.292434,1
30,UES2,8,75,75,2,-119.202,-117.448,-99.6088,ALTERNATIVE_AVAILABLE,0,1,360.061012,-414.764029,0
30,UES2,9,76,76,6,-118.798,-113.941,-122.034,PERSISTING,0,1,-396.240108,324.194240,0
30,UES2,10,77,77,5,-116.847,-119.271,-115.975,PERSISTING,3,1,419.767526,304.049521,0
30,UES2,11,78,78,2,-115.16,-119.274,-109.726,MOVE_REQUIRED,6,1,338.748804,-338.873997,1
30,UES2,12,79,79,7,-119.822,-106.862,-120.732,PERSISTING,2,1,-421.913184,297.425140,0
30,UES2,13,80,80,2,-106.04,-115.288,-108.513,MOVE_REQUIRED,12,1,374.849336,302.280631,1
30,UES2,14,81,81,4,-116.527,-116.076,-113.967,MOVE_REQUIRED,7,1,387.944562,-359.236372,1
30,UES2,15,82,82,4,-113.998,-109.97,-116.198,PERSISTING,4,1,-306.628860,357.101508,0
30,UES2,16,83,83,1,-115.173,-102.81,-111.536,PERSISTING,0,1,267.834893,338.487286,0
30,UES2,17,84,84,5,-108.559,-92.6711,-112.388,ALTERNATIVE_AVAILABLE,0,1,361.774978,-258.794784,0
30,UES2,18,85,85,3,-114.792,-120.563,-107.593,PERSISTING,5,1,-346.426303,392.169347,0
30,UES2,19,86,86,2,-118.46,-119.669,-118.885,PERSISTING,1,1,396.896056,374.479060,0
30,UES2,20,87,87,2,-81.1387,-110.776,-112.9,SERVED,0,1,306.944358,-313.012149,0
30,UES2,21,88,88,6,-116.937,-114.555,-120.281,PERSISTING,5,1,-298.813237,356.931798,0
30,UES2,22,89,89,6,-113.048,-109.817,-92.1951,ALTERNATIVE_AVAILABLE,0,1,297.152111,319.420627,0
30,UES2,23,90,90,5,-108.918,-104.316,-113.064,PERSISTING,2,1,291.538911,-297.444340,0
30,UES2,24,91,91,4,-113.808,-103.176,-119.43,MOVE_REQUIRED,8,1,-353.163350,359.640937,1
30,UES2,25,92,92,2,-112.244,-108.086,-112.63,PERSISTING,3,1,279.345160,327.079786,0
30,UES2,26,93,93,0,NA,-103.855,-120.053,MOVE_REQUIRED,10,1,355.495977,-377.322162,1
30,UES2,27,94,94,6,-116.875,-113.233,-119.806,PERSISTING,2,1,-305.651293,315.424967,0
30,UES2,28,95,95,6,-116.308,-117.689,-112.966,PERSISTING,0,1,346.167108,316.347884,0
30,UES2,29,96,96,2,-115.812,-113.482,-96.5852,ALTERNATIVE_AVAILABLE,0,1,365.917000,-385.705954,0
31,UES1,0,7,7,4,-100.348,-83.1959,-100.853,ALTERNATIVE_AVAILABLE,0,1,-113.681024,-160.235245,0
31,UES1,1,8,8,1,-94.4804,-88.5927,-97.4559,SERVED,0,1,130.363685,-100.549750,0
31,UES1,2,9,9,3,-97.2855,-100.221,-114.854,SERVED,0,1,-174.468123,167.641673,0
31,UES1,3,10,10,1,-95.8085,-102.832,-84.6814,SERVED,0,1,103.824548,-135.935605,0
31,UES1,4,11,11,2,-84.6853,-93.1572,-83.0591,SERVED,0,1,66.975714,149.234958,0
31,UES1,5,12,12,3,-83.9386,-83.1265,-101.409,SERVED,0,1,-129.216826,62.295204,0
31,UES1,6,13,13,2,-48.6849,-84.3312,-73.9991,SERVED,0,1,89.002032,75.796848,0
31,UES1,7,14,14,1,-85.0014,-84.0129,-101.45,SERVED,0,1,18.537377,-83.310988,0
31,UES1,8,15,15,3,-107.856,-95.8343,-90.7416,ALTERNATIVE_AVAILABLE,0,1,49.922533,-162.800833,0
31,UES1,9,16,16,2,-86.567,-76.4122,-85.5695,SERVED,0,1,49.530667,21.366344,0
31,UES1,10,17,17,3,-99.7158,-73.2146,-104.073,SERVED,0,1,-59.806634,-129.031488,0
31,UES1,11,18,18,4,-71.1622,-74.5904,-108.13,SERVED,0,1,-63.229838,61.058813,0
31,UES1,12,19,19,7,-101.283,-98.6935,-93.7424,ALTERNATIVE_AVAILABLE,0,1,210.071159,-50.385819,0
31,UES1,13,20,20,2,-82.5641,-98.8857,-69.1489,SERVED,0,1,65.469913,104.034274,0
31,UES1,14,21,21,1,-79.3642,-96.7789,-93.8636,SERVED,0,1,80.513869,-91.124797,0
31,UES1,15,22,22,1,-68.6027,-85.8174,-79.8727,SERVED,0,1,85.941471,-58.495584,0
31,UES1,16,23,23,4,-69.722,-102.501,-110.731,SERVED,0,1,-204.120747,-45.408555,0
31,UES1,17,24,24,3,-97.8277,-62.1825,-89.9485,SERVED,0,1,32.502336,-27.303180,0
31,UES1,18,25,25,1,-73.3991,-93.638,-95.095,SERVED,0,1,69.846442,-36.829120,0
31,UES1,19,26,26,4,-77.0479,-95.0738,-101.185,SERVED,0,1,-75.665639,-96.390669,0
31,UES1,20,27,27,3,-86.7912,-92.2067,-90.0357,SERVED,0,1,-130.479147,133.845239,0
31,UES1,21,28,28,3,-83.7289,-96.2871,-113.958,SERVED,0,1,-123.468341,203.015045,0
31,UES1,22,29,29,2,-97.6733,-100.124,-100.808,SERVED,0,1,190.734427,79.570348,0
31,UES1,23,30,30,1,-83.4232,-103.679,-100.052,SERVED,0,1,49.552388,-126.118768,0
31,UES1,24,31,31,2,-97.234,-79.5829,-101.898,SERVED,0,1,-44.318789,150.044059,0
31,UES1,25,32,32,3,-80.7738,-76.6664,-111.009,SERVED,0,1,-33.806898,184.929958,0
31,UES1,26,33,33,5,-93.7934,-97.598,-79.152,SERVED,0,1,207.009407,35.767048,0
31,UES1,27,34,34,2,-76.5434,-79.5299,-73.5239,SERVED,0,1,48.790261,95.313485,0
31,UES1,28,35,35,4,-87.7627,-100.495,-102.981,SERVED,0,1,-195.033758,65.062288,0
31,UES1,29,36,36,1,-48.7713,-88.5627,-66.8224,SERVED,0,1,67.658362,-3.952575,0
31,UES1,30,37,37,5,-109.773,-106.961,-98.2464,ALTERNATIVE_AVAILABLE,0,1,-10.586162,-198.877606,0
31,UES1,31,38,38,1,-99.6979,-77.2591,-78.7874,SERVED,0,1,168.698415,32.698145,0
31,UES1,32,39,39,1,-80.9371,-99.9123,-76.2137,SERVED,0,1,49.789158,-90.147058,0
31,UES1,33,40,40,4,-67.5606,-52.8886,-102.399,SERVED,0,1,-88.108746,72.784181,0
31,UES1,34,41,41,4,-97.5279,-99.3969,-87.2415,SERVED,0,1,-17.022146,-175.973511,0
31,UES1,35,42,42,6,-72.6675,-86.8526,-90.2098,SERVED,0,1,114.563953,-58.832514,0
31,UES1,36,43,43,2,-64.1538,-77.5969,-101.826,SERVED,0,1,180.460565,138.354162,0
31,UES1,37,44,44,6,-93.913,-77.9953,-91.4522,SERVED,0,1,26.786010,-130.345506,0
31,UES1,38,45,45,4,-72.917,-93.2783,-100.23,SERVED,0,1,-61.163296,-67.200336,0
31,UES1,39,46,46,4,-74.0609,-76.7057,-83.5042,SERVED,0,1,-71.757573,-17.648258,0
31,UES1,40,47,47,3,-77.1999,-95.4197,-111.637,SERVED,0,1,-172.480237,120.614624,0
31,UES1,41,48,48,6,-112.897,-102.786,-112.849,PERSISTING,0,1,-225.497248,-186.962486,0
31,UES1,42,49,49,3,-82.2719,-82.6938,-79.3501,SERVED,0,1,23.647786,22.048619,0
31,UES1,43,50,50,1,-75.6938,-76.1581,-84.2184,SERVED,0,1,29.574749,-90.888488,0
31,UES1,44,51,51,7,-104.342,-75.3425,-90.4395,ALTERNATIVE_AVAILABLE,0,1,-16.949956,84.094874,0
31,UES1,45,52,52,2,-106.1,-76.0077,-80.3533,ALTERNATIVE_AVAILABLE,0,1,-59.077538,-126.407771,0
31,UES1,46,53,53,5,-89.5123,-104.07,-105.511,SERVED,0,1,-93.626701,-155.201240,0
31,UES1,47,54,54,4,-85.837,-78.5854,-104.618,SERVED,0,1,-125.893216,-60.173214,0
31,UES1,48,55,55,3,-61.1083,-69.8184,-109.125,SERVED,0,1,-169.455862,-20.721575,0
31,UES1,49,56,56,1,-57.9591,-98.7097,-71.4606,SERVED,0,1,52.590484,-17.209699,0
31,UES1,50,57,57,4,-89.5965,-93.3259,-103.375,SERVED,0,1,-89.747939,-100.759602,0
31,UES1,51,58,58,1,-107.505,-94.8944,-81.1988,ALTERNATIVE_AVAILABLE,0,1,216.753273,36.114143,0
31,UES1,52,59,59,3,-100.857,-103.126,-106.443,PERSISTING,0,1,-130.617926,175.888900,0
31,UES1,53,60,60,4,-92.3537,-99.3006,-116.883,SERVED,0,1,-237.626716,-49.935536,0
31,UES1,54,61,61,1,-92.0751,-95.9268,-86.2914,SERVED,0,1,45.438008,-98.217512,0
31,UES1,55,62,62,2,-80.1315,-82.9536,-104.423,SERVED,0,1,110.301981,-4.642606,0
31,UES1,56,63,63,4,-68.7187,-94.0739,-101.099,SERVED,0,1,-27.573557,-67.682225,0
31,UES1,57,64,64,3,-80.7745,-93.3471,-98.2676,SERVED,0,1,-132.851378,153.716320,0
31,UES1,58,65,65,4,-101.723,-102.911,-85.4749,ALTERNATIVE_AVAILABLE,0,1,-109.249330,-171.038091,0
31,UES1,59,66,66,1,-104.188,-95.9938,-106.535,ALTERNATIVE_AVAILABLE,0,1,186.632469,-162.829687,0
31,UES2,0,67,67,6,-126.097,-116.733,-124.773,PERSISTING,1,1,-434.585450,308.425242,0
31,UES2,1,68,68,3,-120.836,-117.903,-116.962,MOVE_REQUIRED,8,1,341.098542,429.718049,1
31,UES2,2,69,69,1,-114.666,-95.2026,-108.252,ALTERNATIVE_AVAILABLE,0,1,350.978860,-382.779988,0
31,UES2,3,70,70,6,-116.641,-116.328,-115.668,PERSISTING,4,1,-266.500046,401.888751,0
31,UES2,4,71,71,7,-118.292,-113.228,-111.092,PERSISTING,2,1,353.642236,330.962941,0
31,UES2,5,72,72,2,-113.852,-112.485,-112.646,PERSISTING,0,1,313.220638,-396.928558,0
31,UES2,6,73,73,3,-113.893,-113.319,-118.31,MOVE_REQUIRED,6,1,-330.572191,316.155953,1
31,UES2,7,74,74,4,-124.048,-115.752,-80.8113,ALTERNATIVE_AVAILABLE,0,1,382.482225,367.896103,0
31,UES2,8,75,75,2,-115.234,-118.039,-117.113,PERSISTING,0,1,362.309050,-417.885052,0
31,UES2,9,76,76,6,-119.597,-117.615,-122.984,PERSISTING,1,1,-397.414080,326.809390,0
31,UES2,10,77,77,5,-119.241,-116.599,-115.716,PERSISTING,4,1,420.956106,300.767566,0
31,UES2,11,78,78,2,-114.663,-95.7018,-113.447,ALTERNATIVE_AVAILABLE,0,1,340.291847,-342.495158,0
31,UES2,12,79,79,7,-119.296,-119.702,-123.107,PERSISTING,3,1,-426.272720,297.675330,0
31,UES2,13,80,80,2,-112.277,-114.409,-115.591,MOVE_REQUIRED,13,1,372.363377,300.837487,1
31,UES2,14,81,81,4,-120.386,-113.967,-109.756,MOVE_REQUIRED,8,1,384.350791,-355.947793,1
31,UES2,15,82,82,4,-115.593,-114.474,-119.083,PERSISTING,5,1,-309.710185,355.534233,0
31,UES2,16,83,83,1,-113.929,-85.4033,-116.03,ALTERNATIVE_AVAILABLE,0,1,272.128783,337.570889,0
31,UES2,17,84,84,5,-113.946,-113.62,-109.215,PERSISTING,0,1,364.463748,-256.669157,0
31,UES2,18,85,85,3,-109.094,-110.951,-94.7029,ALTERNATIVE_AVAILABLE,0,1,-347.756225,395.593436,0
31,UES2,19,86,86,2,-120.896,-117.71,-115.079,PERSISTING,2,1,401.623837,377.666166,0
31,UES2,20,87,87,2,-111.83,-82.1464,-114.815,ALTERNATIVE_AVAILABLE,0,1,304.139113,-309.229382,0
31,UES2,21,88,88,6,-114.077,-115.343,-118.132,MOVE_REQUIRED,6,1,-297.338242,358.758385,1
31,UES2,22,89,89,6,-112.101,-113.526,-111.401,PERSISTING,0,1,294.003307,317.858645,0
31,UES2,23,90,90,5,-113.332,-114.73,-110.092,PERSISTING,3,1,290.100245,-294.553344,0
31,UES2,24,91,91,4,-112.755,-117.934,-118.057,MOVE_REQUIRED,9,1,-351.757147,356.522819,1
31,UES2,25,92,92,2,-113.978,-114.105,-112.546,PERSISTING,4,1,280.897648,328.183573,0
31,UES2,26,93,93,0,NA,-121.503,-112.396,MOVE_REQUIRED,11,1,351.490389,-375.110269,1
31,UES2,27,94,94,6,-90.5819,-114.833,-118.843,SERVED,0,1,-301.810567,313.286894,0
31,UES2,28,95,95,6,-117.384,-116.741,-112.603,PERSISTING,1,1,349.147552,319.993986,0
31,UES2,29,96,96,2,-116.262,-116.32,-112.182,PERSISTING,0,1,368.565999,-382.057924,0
32,UES1,0,7,7,4,-107.317,-101.282,-82.8678,ALTERNATIVE_AVAILABLE,0,1,-116.439214,-162.914246,0
32,UES1,1,8,8,1,-95.9129,-78.8659,-88.8748,SERVED,0,1,133.695060,-103.048810,0
32,UES1,2,9,9,3,-67.061,-97.3448,-112.267,SERVED,0,1,-178.074044,170.964207,0
32,UES1,3,10,10,1,-100.155,-97.8799,-90.44,ALTERNATIVE_AVAILABLE,0,1,107.835006,-138.154340,0
32,UES1,4,11,11,2,-85.7802,-77.869,-96.9759,SERVED,0,1,70.286302,150.950717,0
32,UES1,5,12,12,3,-77.6151,-78.5183,-106.947,SERVED,0,1,-133.441002,66.618595,0
32,UES1,6,13,13,2,-62.4809,-75.171,-77.6186,SERVED,0,1,89.819635,80.819009,0
32,UES1,7,14,14,1,-65.6377,-77.017,-104.294,SERVED,0,1,16.539277,-88.554041,0
32,UES1,8,15,15,3,-99.7026,-99.7961,-86.86,SERVED,0,1,51.309823,-166.421824,0
32,UES1,9,16,16,2,-76.4291,-70.6157,-80.4371,SERVED,0,1,54.027558,18.566276,0
32,UES1,10,17,17,3,-92.8905,-67.3464,-104.653,SERVED,0,1,-60.482405,-133.398479,0
32,UES1,11,18,18,4,-73.3716,-75.6442,-86.6276,SERVED,0,1,-68.989889,62.620885,0
32,UES1,12,19,19,7,-101.148,-102.399,-96.3663,ALTERNATIVE_AVAILABLE,0,1,214.355448,-48.534905,0
32,UES1,13,20,20,2,-89.3766,-95.137,-73.3892,SERVED,0,1,67.435864,108.632701,0
32,UES1,14,21,21,1,-88.5401,-71.6184,-94.8675,SERVED,0,1,84.247108,-93.466448,0
32,UES1,15,22,22,1,-84.5853,-78.5856,-94.1819,SERVED,0,1,86.564603,-62.825600,0
32,UES1,16,23,23,4,-96.7226,-70.7448,-114.184,SERVED,0,1,-209.783677,-44.911816,0
32,UES1,17,24,24,3,-95.954,-56.091,-70.5693,SERVED,0,1,37.693105,-26.166411,0
32,UES1,18,25,25,1,-56.8672,-89.1886,-90.8972,SERVED,0,1,73.696670,-41.966664,0
32,UES1,19,26,26,4,-93.5299,-77.7134,-81.9295,SERVED,0,1,-77.903595,-101.781698,0
32,UES1,20,27,27,3,-90.7747,-101.315,-111.433,SERVED,0,1,-134.296810,136.449360,0
32,UES1,21,28,28,3,-100.209,-69.4633,-104.617,ALTERNATIVE_AVAILABLE,0,1,-126.565790,206.358838,0
32,UES1,22,29,29,2,-99.0763,-72.8479,-101.097,SERVED,0,1,193.703735,81.950660,0
32,UES1,23,30,30,1,-97.534,-105.504,-70.1491,SERVED,0,1,51.302195,-130.399644,0
32,UES1,24,31,31,2,-97.1969,-74.6612,-105.007,SERVED,0,1,-48.042571,152.986011,0
32,UES1,25,32,32,3,-93.8722,-98.6658,-90.3415,SERVED,0,1,-36.279345,189.039723,0
32,UES1,26,33,33,5,-93.1139,-91.9038,-103.038,SERVED,0,1,211.342691,39.657590,0
32,UES1,27,34,34,2,-87.4648,-93.9423,-71.475,SERVED,0,1,47.842308,98.727225,0
32,UES1,28,35,35,4,-98.3609,-81.6701,-114.868,SERVED,0,1,-200.826964,67.885608,0
32,UES1,29,36,36,1,-50.0901,-76.8508,-65.229,SERVED,0,1,64.883856,1.477248,0
32,UES1,30,37,37,5,-114.751,-112.194,-96.6828,ALTERNATIVE_AVAILABLE,0,1,-12.159312,-203.871109,0
32,UES1,31,38,38,1,-98.9477,-83.6947,-81.5849,SERVED,0,1,174.462827,34.017219,0
32,UES1,32,39,39,1,-93.8828,-100.926,-69.3935,SERVED,0,1,49.870622,-96.108470,0
32,UES1,33,40,40,4,-68.0845,-54.433,-79.7259,SERVED,0,1,-90.375863,76.600651,0
32,UES1,34,41,41,4,-106.944,-70.2156,-81.9863,ALTERNATIVE_AVAILABLE,0,1,-14.498930,-180.126575,0
32,UES1,35,42,42,6,-98.8375,-71.7539,-94.3426,SERVED,0,1,118.261924,-61.082029,0
32,UES1,36,43,43,2,-80.8904,-100.494,-78.5481,SERVED,0,1,184.085143,141.699747,0
32,UES1,37,44,44,6,-105.86,-94.6322,-94.0933,ALTERNATIVE_AVAILABLE,0,1,27.495551,-134.273580,0
32,UES1,38,45,45,4,-92.9401,-90.0608,-93.7703,SERVED,0,1,-66.909635,-68.174788,0
32,UES1,39,46,46,4,-71.0278,-75.8755,-103.678,SERVED,0,1,-76.278272,-17.991006,0
32,UES1,40,47,47,3,-85.5095,-66.2794,-111.277,SERVED,0,1,-174.202447,125.009419,0
32,UES1,41,48,48,6,-110.418,-97.2413,-113.505,ALTERNATIVE_AVAILABLE,0,1,-229.845413,-189.415037,0
32,UES1,42,49,49,3,-99.2374,-77.3953,-88.7464,SERVED,0,1,25.801360,25.778935,0
32,UES1,43,50,50,1,-89.052,-95.8631,-90.6193,SERVED,0,1,32.543487,-95.750376,0
32,UES1,44,51,51,7,-99.1141,-70.241,-88.2354,SERVED,0,1,-19.231791,89.097763,0
32,UES1,45,52,52,2,-104.995,-96.7324,-101.982,ALTERNATIVE_AVAILABLE,0,1,-61.650566,-131.420306,0
32,UES1,46,53,53,5,-112.558,-90.9012,-109.355,ALTERNATIVE_AVAILABLE,0,1,-94.946741,-158.745398,0
32,UES1,47,54,54,4,-86.189,-92.3206,-103.651,SERVED,0,1,-127.161318,-65.862713,0
32,UES1,48,55,55,3,-70.9039,-66.8641,-104.868,SERVED,0,1,-173.260068,-24.569739,0
32,UES1,49,56,56,1,-53.534,-92.7334,-75.5837,SERVED,0,1,55.744976,-20.552660,0
32,UES1,50,57,57,4,-91.6429,-98.5712,-104.317,SERVED,0,1,-89.746040,-106.747071,0
32,UES1,51,58,58,1,-105.422,-95.3705,-106.663,ALTERNATIVE_AVAILABLE,0,1,222.103963,36.920602,0
32,UES1,52,59,59,3,-96.4979,-105.463,-104.98,SERVED,0,1,-134.175481,179.966082,0
32,UES1,53,60,60,4,-69.1475,-101.807,-115.438,SERVED,0,1,-241.575380,-49.518160,0
32,UES1,54,61,61,1,-95.0886,-83.498,-99.742,SERVED,0,1,43.770012,-101.827442,0
32,UES1,55,62,62,2,-82.2595,-76.5763,-100.25,SERVED,0,1,113.854607,-7.069091,0
32,UES1,56,63,63,4,-62.6626,-72.1347,-89.6886,SERVED,0,1,-28.644098,-73.391927,0
32,UES1,57,64,64,3,-82.2597,-79.086,-102.848,SERVED,0,1,-133.714135,158.411220,0
32,UES1,58,65,65,4,-100.124,-81.0198,-91.8729,ALTERNATIVE_AVAILABLE,0,1,-109.302462,-177.414670,0
32,UES1,59,66,66,1,-100.133,-85.5526,-108.511,ALTERNATIVE_AVAILABLE,0,1,190.357746,-165.704332,0
32,UES2,0,67,67,6,-119.089,-118.505,-125.046,PERSISTING,2,1,-439.159312,306.585432,0
32,UES2,1,68,68,3,-121.381,-116.727,-116.368,MOVE_REQUIRED,9,1,344.807199,433.480243,1
32,UES2,2,69,69,1,-114.417,-113.803,-116.478,PERSISTING,0,1,348.179501,-385.428895,0
32,UES2,3,70,70,6,-117.498,-112.157,-115.109,PERSISTING,5,1,-263.862729,403.774535,0
32,UES2,4,71,71,7,-119.203,-100.554,-81.8325,ALTERNATIVE_AVAILABLE,0,1,350.268783,332.726701,0
32,UES2,5,72,72,2,-114.099,-117.833,-90.6899,ALTERNATIVE_AVAILABLE,0,1,312.889906,-399.389532,0
32,UES2,6,73,73,3,-108.442,-111.324,-117.114,MOVE_REQUIRED,7,1,-328.082264,314.435111,1
32,UES2,7,74,74,4,-121.386,-113.879,-83.2226,ALTERNATIVE_AVAILABLE,0,1,378.399478,370.510299,0
32,UES2,8,75,75,2,-118.332,-116.288,-117.217,PERSISTING,1,1,364.516385,-421.381410,0
32,UES2,9,76,76,6,-121.029,-116.843,-116.818,PERSISTING,2,1,-393.854410,331.544703,0
32,UES2,10,77,77,5,-114.976,-119.509,-121.28,PERSISTING,5,1,418.594893,301.947363,0
32,UES2,11,78,78,2,-116.061,-77.3343,-117.689,ALTERNATIVE_AVAILABLE,0,1,342.793998,-344.353808,0
32,UES2,12,79,79,7,-119.115,-113.831,-120.206,PERSISTING,4,1,-429.076431,298.050340,0
32,UES2,13,80,80,2,-113.405,-115.119,-115.029,MOVE_REQUIRED,14,1,366.793335,300.452970,1
32,UES2,14,81,81,4,-116.66,-116.575,-113.347,MOVE_REQUIRED,9,1,381.321347,-352.896197,1
32,UES2,15,82,82,4,-111.247,-104.909,-117.243,MOVE_REQUIRED,6,1,-312.303332,352.129070,1
32,UES2,16,83,83,1,-114.387,-104.238,-115.021,PERSISTING,0,1,276.061461,338.297145,0
32,UES2,17,84,84,5,-110.14,-112.544,-108.757,PERSISTING,1,1,368.657946,-257.364200,0
32,UES2,18,85,85,3,-115.82,-114.516,-118.992,PERSISTING,0,1,-350.400251,398.977411,0
32,UES2,19,86,86,2,-117.85,-119.572,-114.209,PERSISTING,3,1,404.496512,381.150167,0
32,UES2,20,87,87,2,-115.252,-113.04,-116.107,PERSISTING,0,1,301.616842,-305.696331,0
32,UES2,21,88,88,6,-114.615,-116.294,-92.2658,ALTERNATIVE_AVAILABLE,0,1,-300.188071,361.219580,0
32,UES2,22,89,89,6,-113.825,-95.3585,-116.86,ALTERNATIVE_AVAILABLE,0,1,289.170960,315.543827,0
32,UES2,23,90,90,5,-110.855,-91.8055,-109.395,ALTERNATIVE_AVAILABLE,0,1,286.659301,-290.706729,0
32,UES2,24,91,91,4,-116.499,-89.4347,-118.638,ALTERNATIVE_AVAILABLE,0,1,-349.276339,351.825625,0
32,UES2,25,92,92,2,-89.8285,-114.558,-114.516,SERVED,0,1,285.849383,330.121653,0
32,UES2,26,93,93,0,NA,-124.579,-120.114,MOVE_REQUIRED,12,1,347.250844,-373.808868,1
32,UES2,27,94,94,6,-116.393,-115.491,-116.643,PERSISTING,0,1,-299.307626,312.355734,0
32,UES2,28,95,95,6,-120.294,-115.856,-115.486,PERSISTING,2,1,351.842121,322.638447,0
32,UES2,29,96,96,2,-114.537,-115.051,-112.316,PERSISTING,1,1,369.775699,-379.183891,0
33,UES1,0,7,7,4,-106.361,-88.7896,-110.587,ALTERNATIVE_AVAILABLE,0,1,-120.278138,-169.225190,0
33,UES1,1,8,8,1,-64.9593,-94.6909,-91.6984,SERVED,0,1,135.980538,-108.123720,0
33,UES1,2,9,9,3,-72.6791,-104.278,-110.884,SERVED,0,1,-180.904212,174.269725,0
33,UES1,3,10,10,1,-97.7895,-102.919,-97.2236,SERVED,0,1,111.837773,-141.624442,0
33,UES1,4,11,11,2,-96.1515,-71.8678,-102.298,SERVED,0,1,74.580107,155.790313,0
33,UES1,5,12,12,3,-65.2721,-77.3239,-77.1007,SERVED,0,1,-135.739332,70.790360,0
33,UES1,6,13,13,2,-61.735,-91.4082,-81.5223,SERVED,0,1,88.928384,85.468124,0
33,UES1,7,14,14,1,-90.0697,-91.4755,-89.1667,SERVED,0,1,14.873118,-92.181876,0
33,UES1,8,15,15,3,-107.232,-73.762,-107.4,ALTERNATIVE_AVAILABLE,0,1,54.210539,-171.000905,0
33,UES1,9,16,16,2,-80.5551,-72.3841,-96.3738,SERVED,0,1,59.828689,17.493179,0
33,UES1,10,17,17,4,-67.8603,-99.3286,-95.3532,SERVED,0,1,-62.136768,-138.274115,0
33,UES1,11,18,18,4,-77.6726,-73.8329,-83.0743,SERVED,0,1,-72.942177,63.785443,0
33,UES1,12,19,19,7,-104.202,-98.7752,-82.4238,ALTERNATIVE_AVAILABLE,0,1,219.201949,-45.934948,0
33,UES1,13,20,20,2,-72.9462,-99.2924,-72.2836,SERVED,0,1,70.122048,113.352376,0
33,UES1,14,21,21,1,-94.0928,-93.7071,-92.8681,SERVED,0,1,85.815575,-98.482218,0
33,UES1,15,22,22,1,-81.9686,-96.6206,-102.66,SERVED,0,1,86.117179,-68.369561,0
33,UES1,16,23,23,3,-99.4748,-86.4751,-96.8855,SERVED,0,1,-214.933966,-45.044515,0
33,UES1,17,24,24,1,-55.543,-90.1317,-98.4429,SERVED,0,1,42.727237,-25.225267,0
33,UES1,18,25,25,1,-59.9813,-89.2914,-72.9216,SERVED,0,1,75.965116,-45.510252,0
33,UES1,19,26,26,4,-96.9715,-95.5886,-105.005,SERVED,0,1,-82.535783,-106.223529,0
33,UES1,20,27,27,3,-91.4861,-101.325,-113.927,SERVED,0,1,-139.166739,137.978862,0
33,UES1,21,28,28,3,-99.8239,-103.799,-108.999,SERVED,0,1,-127.485998,210.708283,0
33,UES1,22,29,29,1,-101.978,-84.0571,-79.5321,ALTERNATIVE_AVAILABLE,0,1,197.682171,86.382520,0
33,UES1,23,30,30,1,-95.7589,-101.694,-91.0631,SERVED,0,1,53.390819,-135.981228,0
33,UES1,24,31,31,2,-97.034,-90.1814,-108.022,SERVED,0,1,-52.670495,155.104718,0
33,UES1,25,32,32,3,-72.6481,-87.2954,-110.357,SERVED,0,1,-35.731475,193.868626,0
33,UES1,26,33,33,5,-77.4436,-97.2145,-83.3182,SERVED,0,1,214.253250,43.213977,0
33,UES1,27,34,34,2,-85.565,-97.3983,-70.7677,SERVED,0,1,47.658486,104.175170,0
33,UES1,28,35,35,4,-100.797,-90.5751,-111.694,ALTERNATIVE_AVAILABLE,0,1,-204.252717,69.358786,0
33,UES1,29,36,36,1,-55.8896,-80.3028,-67.6282,SERVED,0,1,62.973923,5.779121,0
33,UES1,30,37,37,7,-97.676,-98.5006,-114.476,SERVED,0,1,-15.455282,-207.967857,0
33,UES1,31,38,38,1,-78.1589,-70.4359,-86.5046,SERVED,0,1,177.955407,36.022104,0
33,UES1,32,39,39,2,-90.2165,-93.0295,-98.8643,SERVED,0,1,50.407877,-101.758192,0
33,UES1,33,40,40,3,-59.5126,-67.7503,-82.8133,SERVED,0,1,-91.785846,81.021160,0
33,UES1,34,41,41,1,-101.81,-99.4049,-101.664,ALTERNATIVE_AVAILABLE,0,1,-12.685729,-185.736705,0
33,UES1,35,42,42,6,-106.693,-71.4499,-94.0889,ALTERNATIVE_AVAILABLE,0,1,123.300555,-63.358744,0
33,UES1,36,43,43,2,-95.4839,-102.784,-101.031,SERVED,0,1,188.117688,144.797192,0
33,UES1,37,44,44,6,-103.021,-98.608,-86.4428,ALTERNATIVE_AVAILABLE,0,1,28.343687,-138.733563,0
33,UES1,38,45,45,4,-72.6611,-91.8901,-83.4608,SERVED,0,1,-70.646704,-72.129861,0
33,UES1,39,46,46,4,-63.4743,-71.7477,-98.6346,SERVED,0,1,-81.897901,-16.861628,0
33,UES1,40,47,47,3,-91.5159,-92.9169,-110.002,SERVED,0,1,-177.562858,128.481825,0
33,UES1,41,48,48,6,-109.838,-104.999,-109.57,PERSISTING,0,1,-234.459249,-191.201953,0
33,UES1,42,49,49,3,-94.9136,-79.2532,-88.5124,SERVED,0,1,26.636134,31.442405,0
33,UES1,43,50,50,1,-89.7313,-84.1577,-105.093,SERVED,0,1,35.625968,-97.523396,0
33,UES1,44,51,51,4,-68.7439,-89.4771,-93.4065,SERVED,0,1,-19.588813,93.510583,0
33,UES1,45,52,52,2,-99.2193,-68.7939,-95.0299,SERVED,0,1,-64.688822,-135.841970,0
33,UES1,46,53,53,5,-108.345,-94.5751,-102.311,ALTERNATIVE_AVAILABLE,0,1,-98.171842,-162.709862,0
33,UES1,47,54,54,4,-90.2899,-96.5976,-103.32,SERVED,0,1,-128.242053,-70.443369,0
33,UES1,48,55,55,3,-90.7225,-66.6822,-104.332,SERVED,0,1,-176.770426,-27.007637,0
33,UES1,49,56,56,1,-56.4762,-82.4368,-91.2127,SERVED,0,1,59.924548,-25.000968,0
33,UES1,50,57,57,4,-91.589,-70.7833,-103.503,SERVED,0,1,-90.380043,-110.838135,0
33,UES1,51,58,58,1,-103.291,-81.7703,-87.5562,ALTERNATIVE_AVAILABLE,0,1,226.389818,37.604142,0
33,UES1,52,59,59,3,-92.9922,-93.4037,-107.668,SERVED,0,1,-138.446978,182.548301,0
33,UES1,53,60,60,4,-70.714,-100.521,-112.013,SERVED,0,1,-247.262797,-50.427211,0
33,UES1,54,61,61,1,-87.1705,-73.5175,-82.8656,SERVED,0,1,42.796220,-106.816852,0
33,UES1,55,62,62,2,-59.9252,-79.6414,-103.974,SERVED,0,1,118.134727,-10.346257,0
33,UES1,56,63,63,4,-87.1353,-63.7844,-100.499,SERVED,0,1,-27.816759,-79.045765,0
33,UES1,57,64,64,3,-89.5917,-80.6661,-103.743,SERVED,0,1,-137.013513,161.980450,0
33,UES1,58,65,65,4,-103.156,-106.856,-110.776,PERSISTING,0,1,-112.532086,-180.300262,0
33,UES1,59,66,66,1,-99.935,-105.89,-87.9263,SERVED,0,1,194.203029,-169.958825,0
33,UES2,0,67,67,6,-124.948,-116.712,-125.704,PERSISTING,3,1,-433.794517,307.499269,0
33,UES2,1,68,68,3,-118.948,-114.394,-117.723,MOVE_REQUIRED,10,1,346.680235,432.395625,1
33,UES2,2,69,69,1,-114.335,-115.391,-115.019,PERSISTING,1,1,345.781682,-389.446703,0
33,UES2,3,70,70,6,-114.517,-99.783,-115.529,ALTERNATIVE_AVAILABLE,0,1,-266.593193,401.219551,0
33,UES2,4,71,71,7,-114.936,-119.032,-110.785,PERSISTING,0,1,347.827601,334.911010,0
33,UES2,5,72,72,2,-116.787,-118.076,-114.327,PERSISTING,0,1,317.336993,-400.808573,0
33,UES2,6,73,73,3,-112.875,-113.355,-116.767,MOVE_REQUIRED,8,1,-325.704973,310.515877,1
33,UES2,7,74,74,4,-128.722,-116.686,-116.213,PERSISTING,0,1,374.888282,373.419599,0
33,UES2,8,75,75,2,-113.81,-117.787,-116.009,PERSISTING,2,1,367.140578,-424.653827,0
33,UES2,9,76,76,6,-119.019,-113.057,-126.948,PERSISTING,3,1,-394.075532,335.101346,0
33,UES2,10,77,77,5,-115.998,-113.813,-117.378,MOVE_REQUIRED,6,1,415.696401,304.688412,1
33,UES2,11,78,78,2,-120.301,-115.632,-116.026,PERSISTING,0,1,346.064185,-349.218537,0
33,UES2,12,79,79,7,-123.653,-81.16,-124.086,ALTERNATIVE_AVAILABLE,0,1,-434.690809,297.989712,0
33,UES2,13,80,80,2,-109.802,-116.262,-109.542,MOVE_REQUIRED,15,1,364.593997,300.359266,1
33,UES2,14,81,81,4,-121.187,-81.1819,-110.282,ALTERNATIVE_AVAILABLE,0,1,379.016514,-349.387426,0
33,UES2,15,82,82,4,-81.486,-97.8726,-120.269,SERVED,0,1,-315.881666,350.028367,0
33,UES2,16,83,83,1,-125.448,-108.328,-114.005,PERSISTING,1,1,279.070141,338.352568,0
33,UES2,17,84,84,5,-109.529,-113.532,-111.615,PERSISTING,2,1,371.709298,-258.180997,0
33,UES2,18,85,85,3,-83.6272,-117.022,-117.315,SERVED,0,1,-353.039968,402.125468,0
33,UES2,19,86,86,2,-119.815,-116.498,-114.875,PERSISTING,4,1,407.824059,383.845410,0
33,UES2,20,87,87,2,-112.384,-116.524,-112.436,PERSISTING,1,1,298.269505,-303.452582,0
33,UES2,21,88,88,6,-115.755,-115.917,-114.729,PERSISTING,0,1,-304.228989,364.362679,0
33,UES2,22,89,89,6,-116.722,-112.354,-112.693,PERSISTING,0,1,286.426527,313.996823,0
33,UES2,23,90,90,5,-121.116,-110.592,-106.406,PERSISTING,0,1,284.930990,-287.159348,0
33,UES2,24,91,91,3,-112.461,-114.811,-105.822,PERSISTING,0,1,-345.201871,350.318373,0
33,UES2,25,92,92,2,-112.011,-116.229,-113.099,PERSISTING,0,1,289.436125,331.961397,0
33,UES2,26,93,93,0,NA,-123.871,-123.729,MOVE_REQUIRED,13,1,343.637075,-371.831041,1
33,UES2,27,94,94,6,-114.041,-112.036,-97.7884,ALTERNATIVE_AVAILABLE,0,1,-294.552164,311.941423,0
33,UES2,28,95,95,6,-111.975,-117.315,-113.736,PERSISTING,3,1,354.567936,325.918989,0
33,UES2,29,96,96,2,-119.048,-112.137,-112.494,PERSISTING,2,1,372.735215,-375.991087,0
34,UES1,0,7,7,4,-101.59,-101.704,-109.221,PERSISTING,0,1,-122.842649,-172.677105,0
34,UES1,1,8,8,1,-89.6512,-98.799,-95.9131,SERVED,0,1,140.647051,-113.329685,0
34,UES1,2,9,9,3,-68.7974,-100.493,-112.161,SERVED,0,1,-184.692622,178.863918,0
34,UES1,3,10,10,1,-96.6607,-102.051,-105.492,SERVED,0,1,115.293688,-144.924071,0
34,UES1,4,11,11,2,-86.7411,-99.7829,-100.994,SERVED,0,1,78.036794,158.875490,0
34,UES1,5,12,12,3,-63.1123,-82.7901,-107.87,SERVED,0,1,-138.271906,75.381154,0
34,UES1,6,13,13,2,-56.927,-70.1032,-92.2234,SERVED,0,1,88.711584,91.524481,0
34,UES1,7,14,14,1,-65.777,-95.2265,-106.572,SERVED,0,1,14.164196,-98.199190,0
34,UES1,8,15,15,3,-106.156,-99.4093,-91.8004,ALTERNATIVE_AVAILABLE,0,1,56.826188,-175.316697,0
34,UES1,9,16,16,2,-79.7831,-69.6063,-101.153,SERVED,0,1,63.999975,15.006154,0
34,UES1,10,17,17,4,-100.609,-97.4295,-104.612,ALTERNATIVE_AVAILABLE,0,1,-63.286409,-143.082073,0
34,UES1,11,18,18,4,-85.2242,-65.3037,-101.406,SERVED,0,1,-77.515159,65.679234,0
34,UES1,12,19,19,7,-106.789,-98.7094,-76.3089,ALTERNATIVE_AVAILABLE,0,1,224.386979,-46.466039,0
34,UES1,13,20,20,2,-86.0818,-102.388,-77.5776,SERVED,0,1,71.812209,117.433691,0
34,UES1,14,21,21,1,-91.7456,-101.596,-90.7537,SERVED,0,1,89.846507,-102.692620,0
34,UES1,15,22,22,1,-90.085,-93.6845,-99.1786,SERVED,0,1,85.033991,-73.176985,0
34,UES1,16,23,23,3,-97.8814,-72.259,-109.684,SERVED,0,1,-218.895576,-43.498266,0
34,UES1,17,24,24,1,-54.5397,-74.4614,-76.7534,SERVED,0,1,47.882514,-24.906103,0
34,UES1,18,25,25,1,-62.0109,-63.683,-86.421,SERVED,0,1,78.766164,-48.690172,0
34,UES1,19,26,26,4,-74.6681,-97.2574,-89.6704,SERVED,0,1,-83.041744,-111.316725,0
34,UES1,20,27,27,3,-98.4584,-100.889,-107.837,SERVED,0,1,-144.119091,142.757711,0
34,UES1,21,28,28,3,-101.119,-98.3091,-110.153,ALTERNATIVE_AVAILABLE,0,1,-128.359495,216.558509,0
34,UES1,22,29,29,1,-99.4264,-83.5316,-81.5424,SERVED,0,1,200.405950,89.502186,0
34,UES1,23,30,30,1,-74.4045,-79.0183,-92.8986,SERVED,0,1,54.141283,-140.649934,0
34,UES1,24,31,31,2,-103.914,-74.9298,-82.3713,ALTERNATIVE_AVAILABLE,0,1,-56.733491,157.101936,0
34,UES1,25,32,32,3,-99.6946,-101.12,-97.9437,SERVED,0,1,-36.369648,199.226612,0
34,UES1,26,33,33,5,-65.066,-87.2588,-106.515,SERVED,0,1,218.172672,46.594643,0
34,UES1,27,34,34,2,-88.7916,-94.1719,-69.5245,SERVED,0,1,47.071926,108.237633,0
34,UES1,28,35,35,4,-70.5044,-75.6675,-113.572,SERVED,0,1,-209.260849,71.090746,0
34,UES1,29,36,36,1,-64.2292,-80.6193,-78.5045,SERVED,0,1,60.632057,9.140767,0
34,UES1,30,37,37,7,-96.7043,-104.251,-112.045,SERVED,0,1,-16.597902,-211.826896,0
34,UES1,31,38,38,1,-93.1193,-76.6321,-99.9643,SERVED,0,1,182.603635,37.442179,0
34,UES1,32,39,39,2,-105.189,-97.2214,-95.1568,ALTERNATIVE_AVAILABLE,0,1,51.266251,-105.695830,0
34,UES1,33,40,40,3,-59.7972,-86.0079,-107.543,SERVED,0,1,-94.320878,85.877543,0
34,UES1,34,41,41,1,-100.54,-101.608,-104.752,PERSISTING,0,1,-10.642355,-190.085443,0
34,UES1,35,42,42,6,-101.015,-67.0064,-92.9031,ALTERNATIVE_AVAILABLE,0,1,127.415020,-66.023617,0
34,UES1,36,43,43,2,-84.9554,-102.266,-95.0606,SERVED,0,1,191.551277,147.858638,0
34,UES1,37,44,44,6,-104.182,-99.887,-98.3994,ALTERNATIVE_AVAILABLE,0,1,29.226474,-144.119180,0
34,UES1,38,45,45,4,-74.4304,-94.997,-99.6327,SERVED,0,1,-75.325653,-74.034085,0
34,UES1,39,46,46,4,-64.2234,-89.82,-104.137,SERVED,0,1,-87.398552,-17.247282,0
34,UES1,40,47,47,3,-92.2959,-70.7376,-116.05,SERVED,0,1,-180.440345,132.606595,0
34,UES1,41,48,48,6,-86.0935,-73.3286,-108.851,SERVED,0,1,-236.796730,-196.261660,0
34,UES1,42,49,49,3,-98.3059,-64.845,-95.2033,SERVED,0,1,30.171557,35.213880,0
34,UES1,43,50,50,1,-72.5819,-95.2817,-102.884,SERVED,0,1,39.675248,-101.259625,0
34,UES1,44,51,51,4,-90.4841,-90.592,-95.6559,SERVED,0,1,-22.822166,97.076695,0
34,UES1,45,52,52,2,-103.559,-98.478,-106.806,ALTERNATIVE_AVAILABLE,0,1,-69.140861,-139.387660,0
34,UES1,46,53,53,5,-111.208,-90.0901,-105.109,ALTERNATIVE_AVAILABLE,0,1,-100.015919,-167.433491,0
34,UES1,47,54,54,4,-65.7358,-93.2669,-100.128,SERVED,0,1,-129.762156,-74.800272,0
34,UES1,48,55,55,3,-88.6776,-65.9271,-95.591,SERVED,0,1,-179.548673,-29.995264,0
34,UES1,49,56,56,1,-58.7241,-93.9614,-90.4428,SERVED,0,1,63.533025,-27.850164,0
34,UES1,50,57,57,4,-95.4471,-68.1433,-106.808,SERVED,0,1,-91.533241,-115.792714,0
34,UES1,51,58,58,1,-109.527,-96.7417,-97.2875,ALTERNATIVE_AVAILABLE,0,1,231.665942,38.487973,0
34,UES1,52,59,59,3,-104.392,-109.297,-106.681,PERSISTING,0,1,-142.509418,185.251833,0
34,UES1,53,60,60,4,-102.756,-101.781,-113.605,PERSISTING,0,1,-251.828621,-52.853225,0
34,UES1,54,61,61,1,-88.8726,-96.8061,-89.372,SERVED,0,1,42.477252,-112.052375,0
34,UES1,55,62,62,2,-60.4367,-84.0376,-78.9047,SERVED,0,1,122.622210,-14.292506,0
34,UES1,56,63,63,4,-93.3616,-64.1998,-99.9526,SERVED,0,1,-27.568529,-81.913107,0
34,UES1,57,64,64,3,-99.8062,-92.3514,-100.237,SERVED,0,1,-138.586138,167.132148,0
34,UES1,58,65,65,4,-72.3465,-101.766,-99.3643,SERVED,0,1,-113.130030,-185.942108,0
34,UES1,59,66,66,1,-106.231,-93.4546,-95.467,ALTERNATIVE_AVAILABLE,0,1,196.915036,-173.429370,0
34,UES2,0,67,67,6,-122.454,-116.55,-124.59,PERSISTING,4,1,-430.299922,308.727520,0
34,UES2,1,68,68,3,-119.033,-116.125,-114.332,MOVE_REQUIRED,11,1,345.821319,426.977055,1
34,UES2,2,69,69,1,-113.688,-116.14,-91.9516,ALTERNATIVE_AVAILABLE,0,1,343.088053,-391.585644,0
34,UES2,3,70,70,6,-118.333,-116.513,-102.758,PERSISTING,0,1,-267.961047,396.495487,0
34,UES2,4,71,71,7,-114.42,-113.776,-114.273,PERSISTING,1,1,343.360098,336.642629,0
34,UES2,5,72,72,2,-113.818,-119.142,-116.265,PERSISTING,1,1,319.616213,-402.619618,0
34,UES2,6,73,73,3,-111.104,-109.963,-115.795,MOVE_REQUIRED,9,1,-323.378526,307.467819,1
34,UES2,7,74,74,4,-121,-116.926,-114.01,PERSISTING,1,1,372.487139,374.962704,0
34,UES2,8,75,75,2,-121.663,-118.475,-113.741,PERSISTING,3,1,368.453679,-427.874636,0
34,UES2,9,76,76,6,-123.851,-116.484,-120.495,PERSISTING,4,1,-391.857635,338.695884,0
34,UES2,10,77,77,5,-111.411,-120.779,-118.109,MOVE_REQUIRED,7,1,410.364692,304.770007,1
34,UES2,11,78,78,2,-117.904,-115.022,-114.489,PERSISTING,1,1,349.258897,-352.068988,0
34,UES2,12,79,79,7,-122.46,-112.809,-120.839,PERSISTING,0,1,-437.816803,299.368390,0
34,UES2,13,80,80,2,-112.044,-117.107,-113.681,MOVE_REQUIRED,16,1,359.170480,299.332835,1
34,UES2,14,81,81,4,-115.659,-114.35,-111.354,PERSISTING,0,1,376.476700,-346.107066,0
34,UES2,15,82,82,4,-120.649,-76.8728,-120.606,ALTERNATIVE_AVAILABLE,0,1,-318.503259,347.794912,0
34,UES2,16,83,83,1,-116.27,-108.273,-111.517,PERSISTING,2,1,284.111205,339.431732,0
34,UES2,17,84,84,5,-117.036,-116.477,-112.498,PERSISTING,3,1,375.833747,-261.968386,0
34,UES2,18,85,85,3,-114.284,-108.464,-116.851,PERSISTING,0,1,-356.503846,401.953689,0
34,UES2,19,86,86,2,-115.035,-120.465,-118.087,PERSISTING,5,1,410.821585,385.657457,0
34,UES2,20,87,87,2,-113.507,-109.279,-113.194,PERSISTING,2,1,297.613163,-300.113125,0
34,UES2,21,88,88,6,-116.318,-112.791,-123.094,PERSISTING,1,1,-306.631068,367.173380,0
34,UES2,22,89,89,6,-112.624,-115.325,-112.883,PERSISTING,1,1,284.212960,313.832847,0
34,UES2,23,90,90,5,-114.571,-112.135,-111.432,PERSISTING,1,1,281.950933,-284.087947,0
34,UES2,24,91,91,3,-112.316,-113.729,-119.064,PERSISTING,1,1,-342.039872,347.766914,0
34,UES2,25,92,92,2,-112.503,-111.439,-92.7019,ALTERNATIVE_AVAILABLE,0,1,293.725609,333.282839,0
34,UES2,26,93,93,0,NA,-120.751,-122.359,MOVE_REQUIRED,14,1,339.794076,-371.339703,1
34,UES2,27,94,94,6,-117.01,-113.408,-113.265,PERSISTING,0,1,-290.815000,310.197172,0
34,UES2,28,95,95,6,-117.862,-117.889,-114.864,PERSISTING,4,1,357.209955,330.105603,0
34,UES2,29,96,96,2,-120.58,-115.592,-115.706,PERSISTING,3,1,375.127634,-372.144585,0
35,UES1,0,7,7,4,-98.4307,-84.1886,-85.7055,SERVED,0,1,-125.863802,-175.499606,0
35,UES1,1,8,8,1,-96.4946,-99.7106,-96.5593,SERVED,0,1,142.347309,-115.755026,0
35,UES1,2,9,9,3,-97.2438,-101.348,-110.004,SERVED,0,1,-187.847319,181.966053,0
35,UES1,3,10,10,1,-93.3424,-80.5272,-102.159,SERVED,0,1,119.721036,-148.446514,0
35,UES1,4,11,11,2,-77.6038,-71.9785,-86.6291,SERVED,0,1,82.340802,162.165665,0
35,UES1,5,12,12,3,-83.0002,-72.8743,-108.837,SERVED,0,1,-140.788182,78.139359,0
35,UES1,6,13,13,2,-58.0442,-71.0242,-92.1468,SERVED,0,1,89.099371,95.526016,0
35,UES1,7,14,14,1,-67.3709,-67.4667,-81.8505,SERVED,0,1,13.870739,-103.364660,0
35,UES1,8,15,15,3,-104.257,-75.6459,-97.524,ALTERNATIVE_AVAILABLE,0,1,59.375590,-179.411338,0
35,UES1,9,16,16,2,-78.3345,-64.4951,-100.586,SERVED,0,1,68.257959,14.412740,0
35,UES1,10,17,17,4,-91.7918,-71.7779,-97.4348,SERVED,0,1,-63.383330,-147.959462,0
35,UES1,11,18,18,4,-88.0981,-64.2954,-101.778,SERVED,0,1,-84.481341,67.559200,0
35,UES1,12,19,19,7,-101.577,-101.323,-96.3116,ALTERNATIVE_AVAILABLE,0,1,229.040548,-43.425489,0
35,UES1,13,20,20,2,-81.9995,-90.038,-82.7875,SERVED,0,1,76.318962,121.539899,0
35,UES1,14,21,21,1,-93.9781,-71.6613,-97.271,SERVED,0,1,94.204114,-105.977539,0
35,UES1,15,22,22,1,-66.698,-98.884,-89.6561,SERVED,0,1,84.903639,-78.528389,0
35,UES1,16,23,23,3,-73.7449,-99.5571,-107.56,SERVED,0,1,-224.479519,-43.895531,0
35,UES1,17,24,24,1,-54.9382,-64.915,-90.0494,SERVED,0,1,51.692555,-24.510176,0
35,UES1,18,25,25,1,-62.8358,-80.0233,-99.3452,SERVED,0,1,81.731504,-53.256919,0
35,UES1,19,26,26,4,-97.6713,-101.483,-107.487,SERVED,0,1,-85.158094,-115.230185,0
35,UES1,20,27,27,3,-102.996,-89.7112,-106.593,ALTERNATIVE_AVAILABLE,0,1,-146.381022,145.297834,0
35,UES1,21,28,28,4,-77.4957,-96.7354,-110.037,SERVED,0,1,-131.723334,221.628279,0
35,UES1,22,29,29,1,-98.4483,-96.1574,-88.1118,SERVED,0,1,204.022484,92.647673,0
35,UES1,23,30,30,1,-95.6597,-82.7637,-86.0928,SERVED,0,1,55.821951,-144.361841,0
35,UES1,24,31,31,2,-74.4184,-96.6419,-97.6409,SERVED,0,1,-60.716230,160.254700,0
35,UES1,25,32,32,3,-104.493,-100.3,-108.282,PERSISTING,0,1,-35.525540,204.853119,0
35,UES1,26,33,33,5,-69.1257,-101.051,-107.307,SERVED,0,1,221.359263,50.466044,0
35,UES1,27,34,34,6,-81.8972,-87.2906,-101.409,SERVED,0,1,47.181629,113.859613,0
35,UES1,28,35,35,4,-91.5294,-78.2651,-113.715,SERVED,0,1,-213.838833,73.932127,0
35,UES1,29,36,36,1,-64.8584,-68.9017,-89.8676,SERVED,0,1,57.813399,13.236253,0
35,UES1,30,37,37,7,-100.75,-111.284,-116.849,PERSISTING,0,1,-18.385589,-217.332236,0
35,UES1,31,38,38,1,-104.665,-93.7645,-89.3967,ALTERNATIVE_AVAILABLE,0,1,187.298848,37.471104,0
35,UES1,32,39,39,2,-100.66,-77.4026,-89.8748,ALTERNATIVE_AVAILABLE,0,1,49.993640,-111.699384,0
35,UES1,33,40,40,3,-60.2454,-80.0787,-95.5118,SERVED,0,1,-96.926063,90.111038,0
35,UES1,34,41,41,1,-100.559,-99.9387,-96.7906,ALTERNATIVE_AVAILABLE,0,1,-9.502539,-193.632751,0
35,UES1,35,42,42,6,-106.402,-66.0274,-72.2824,ALTERNATIVE_AVAILABLE,0,1,132.766433,-68.803898,0
35,UES1,36,43,43,2,-71.4279,-88.3434,-92.4466,SERVED,0,1,195.094482,151.568715,0
35,UES1,37,44,44,6,-90.172,-78.5075,-90.8802,SERVED,0,1,30.838313,-150.224026,0
35,UES1,38,45,45,4,-76.4324,-92.9964,-81.8299,SERVED,0,1,-79.113544,-76.897685,0
35,UES1,39,46,46,4,-63.1388,-72.6096,-100.485,SERVED,0,1,-91.737902,-16.636390,0
35,UES1,40,47,47,4,-97.1161,-67.2546,-90.3498,SERVED,0,1,-182.616786,135.921663,0
35,UES1,41,48,48,3,-107.353,-105.448,-112.254,PERSISTING,0,1,-241.306827,-197.248623,0
35,UES1,42,49,49,3,-94.2393,-84.5181,-84.4631,SERVED,0,1,31.581829,39.760242,0
35,UES1,43,50,50,1,-96.6657,-78.2179,-97.1392,SERVED,0,1,43.321889,-103.279851,0
35,UES1,44,51,51,4,-75.6149,-86.5942,-105.203,SERVED,0,1,-24.462554,103.188629,0
35,UES1,45,52,52,2,-103.927,-97.1987,-91.0984,ALTERNATIVE_AVAILABLE,0,1,-72.225048,-144.098737,0
35,UES1,46,53,53,5,-120.9,-89.8987,-108.392,ALTERNATIVE_AVAILABLE,0,1,-102.913041,-173.469295,0
35,UES1,47,54,54,4,-68.6623,-99.5298,-110.098,SERVED,0,1,-130.845779,-79.710046,0
35,UES1,48,55,55,3,-62.2911,-84.3241,-106.225,SERVED,0,1,-185.705754,-34.860557,0
35,UES1,49,56,56,1,-72.1311,-88.7337,-66.4672,SERVED,0,1,67.285008,-31.267752,0
35,UES1,50,57,57,4,-95.9616,-92.8345,-106.235,SERVED,0,1,-92.652309,-121.588180,0
35,UES1,51,58,58,2,-98.8464,-84.9799,-105.037,SERVED,0,1,236.003149,39.247041,0
35,UES1,52,59,59,3,-100.813,-102.453,-107.389,PERSISTING,1,1,-147.040261,188.163613,0
35,UES1,53,60,60,4,-94.8069,-98.5062,-112.19,SERVED,0,1,-256.881777,-54.250011,0
35,UES1,54,61,61,1,-69.2757,-95.9735,-104.254,SERVED,0,1,41.613590,-116.777897,0
35,UES1,55,62,62,2,-60.8169,-86.543,-97.3137,SERVED,0,1,126.075958,-17.868268,0
35,UES1,56,63,63,4,-93.072,-74.486,-102.741,SERVED,0,1,-25.770043,-88.870013,0
35,UES1,57,64,64,3,-93.2474,-101.642,-104.752,SERVED,0,1,-140.012473,171.480916,0
35,UES1,58,65,65,4,-105.648,-105.821,-107.77,PERSISTING,0,1,-113.488030,-190.043974,0
35,UES1,59,66,66,1,-102.61,-103.683,-103.992,PERSISTING,0,1,201.634128,-176.567497,0
35,UES2,0,67,67,6,-124.128,-117.878,-123.556,PERSISTING,5,1,-426.112473,309.772109,0
35,UES2,1,68,68,3,-119.856,-116.5,-116.454,MOVE_REQUIRED,12,1,343.540129,423.401463,1
35,UES2,2,69,69,1,-115.905,-114.244,-110.749,PERSISTING,0,1,340.964760,-396.704995,0
35,UES2,3,70,70,6,-111.777,-116.431,-116.142,PERSISTING,1,1,-269.562388,394.581871,0
35,UES2,4,71,71,7,-117.468,-117.459,-111.92,PERSISTING,2,1,340.177189,338.753602,0
35,UES2,5,72,72,2,-116.668,-117.497,-115.826,PERSISTING,2,1,324.545690,-404.050399,0
35,UES2,6,73,73,3,-111.223,-114.841,-120.405,MOVE_REQUIRED,10,1,-320.754867,305.025400,1
35,UES2,7,74,74,4,-124.522,-116.246,-112.825,PERSISTING,2,1,368.224807,376.398305,0
35,UES2,8,75,75,2,-121.271,-117.636,-116.927,PERSISTING,4,1,371.040484,-431.292616,0
35,UES2,9,76,76,6,-119.522,-114.755,-119.968,PERSISTING,5,1,-391.493673,342.300962,0
35,UES2,10,77,77,5,-108.022,-119.298,-100.708,MOVE_REQUIRED,8,1,406.928366,307.658484,1
35,UES2,11,78,78,2,-114.739,-86.5954,-115.455,ALTERNATIVE_AVAILABLE,0,1,350.553117,-354.782354,0
35,UES2,12,79,79,7,-121.992,-116.858,-126.751,PERSISTING,1,1,-441.252340,299.334518,0
35,UES2,13,80,80,2,-114.688,-116.827,-108.484,MOVE_REQUIRED,17,1,355.443134,297.743569,1
35,UES2,14,81,81,4,-121.465,-112.926,-107.818,PERSISTING,1,1,374.760910,-343.788516,0
35,UES2,15,82,82,4,-117.53,-112.567,-120.465,PERSISTING,0,1,-320.653070,344.457220,0
35,UES2,16,83,83,1,-115.463,-112.935,-97.7927,ALTERNATIVE_AVAILABLE,0,1,287.343502,338.734148,0
35,UES2,17,84,84,5,-110.744,-111.449,-113.053,PERSISTING,4,1,379.508195,-262.282815,0
35,UES2,18,85,85,3,-115.743,-119.903,-121.98,PERSISTING,1,1,-357.151493,398.557039,0
35,UES2,19,86,86,6,-119.204,-84.483,-116.431,ALTERNATIVE_AVAILABLE,0,1,411.304401,387.157731,0
35,UES2,20,87,87,2,-111.228,-110.75,-110.978,PERSISTING,3,1,294.182742,-297.122869,0
35,UES2,21,88,88,6,-113.776,-84.495,-117.938,ALTERNATIVE_AVAILABLE,0,1,-310.532680,369.075558,0
35,UES2,22,89,89,6,-118.775,-115.873,-112.345,PERSISTING,2,1,279.455259,310.895623,0
35,UES2,23,90,90,3,-113.362,-110.942,-108.379,PERSISTING,2,1,280.468069,-280.668282,0
35,UES2,24,91,91,3,-111.068,-112.584,-116.082,PERSISTING,2,1,-339.759080,344.047041,0
35,UES2,25,92,92,2,-111.53,-113.839,-107.211,PERSISTING,0,1,295.420624,336.059291,0
35,UES2,26,93,93,0,NA,-122.21,-116.151,MOVE_REQUIRED,15,1,337.182665,-368.175291,1
35,UES2,27,94,94,6,-113.92,-111.371,-115.044,PERSISTING,1,1,-287.818990,307.956349,0
35,UES2,28,95,95,6,-122.589,-88.2471,-115.128,ALTERNATIVE_AVAILABLE,0,1,359.899825,331.781556,0
35,UES2,29,96,96,2,-116.367,-114.236,-111.181,PERSISTING,4,1,376.930900,-368.387505,0
36,UES1,0,7,7,4,-94.4738,-82.6037,-89.4621,SERVED,0,1,-127.882558,-180.571413,0
36,UES1,1,8,8,1,-69.6642,-87.6047,-97.6138,SERVED,0,1,146.142112,-119.632692,0
36,UES1,2,9,9,3,-98.528,-77.3019,-112.157,SERVED,0,1,-190.048380,186.133905,0
36,UES1,3,10,10,1,-77.706,-79.5523,-94.7782,SERVED,0,1,123.460355,-152.518916,0
36,UES1,4,11,11,2,-73.4701,-97.2725,-104.069,SERVED,0,1,86.156884,165.332176,0
36,UES1,5,12,12,3,-63.0225,-68.6698,-81.6302,SERVED,0,1,-144.151943,82.201671,0
36,UES1,6,13,13,2,-59.5198,-90.441,-93.8252,SERVED,0,1,88.415669,100.922921,0
36,UES1,7,14,14,1,-92.6034,-89.7139,-81.0651,SERVED,0,1,11.865869,-108.416822,0
36,UES1,8,15,15,3,-110.745,-77.9128,-106.346,ALTERNATIVE_AVAILABLE,0,1,61.935754,-184.642924,0
36,UES1,9,16,16,2,-77.6525,-62.6934,-95.7765,SERVED,0,1,73.866238,11.461415,0
36,UES1,10,17,17,4,-76.4604,-99.6299,-103.453,SERVED,0,1,-64.653262,-151.764645,0
36,UES1,11,18,18,4,-84.4523,-65.0421,-95.5394,SERVED,0,1,-87.731095,68.811387,0
36,UES1,12,19,19,7,-108.106,-101.627,-93.5599,ALTERNATIVE_AVAILABLE,0,1,233.170661,-42.351181,0
36,UES1,13,20,20,2,-85.3166,-89.9551,-68.0531,SERVED,0,1,76.858162,126.521196,0
36,UES1,14,21,21,1,-92.3089,-97.8549,-97.3462,SERVED,0,1,97.608081,-110.012565,0
36,UES1,15,22,22,1,-62.56,-70.8467,-82.8843,SERVED,0,1,84.191571,-83.041971,0
36,UES1,16,23,23,3,-89.2832,-92.3665,-111.239,SERVED,0,1,-230.310516,-44.175554,0
36,UES1,17,24,24,1,-52.4414,-87.0952,-85.1076,SERVED,0,1,58.195432,-23.157298,0
36,UES1,18,25,25,1,-76.1634,-87.3274,-88.551,SERVED,0,1,84.235424,-57.815109,0
36,UES1,19,26,26,4,-97.6722,-99.7211,-105.558,SERVED,0,1,-87.738591,-119.459340,0
36,UES1,20,27,27,3,-96.114,-101.063,-102.498,SERVED,0,1,-150.132207,148.960881,0
36,UES1,21,28,28,4,-100.76,-84.4405,-101.64,ALTERNATIVE_AVAILABLE,0,1,-131.330869,225.504378,0
36,UES1,22,29,29,1,-77.6656,-101.694,-88.4013,SERVED,0,1,208.824142,96.523958,0
36,UES1,23,30,30,1,-103.904,-104.389,-95.5868,ALTERNATIVE_AVAILABLE,0,1,58.921102,-149.782694,0
36,UES1,24,31,31,2,-102.46,-91.5565,-101.111,ALTERNATIVE_AVAILABLE,0,1,-64.993864,161.622914,0
36,UES1,25,32,32,3,-77.4485,-76.5341,-85.8083,SERVED,0,1,-36.586068,209.705435,0
36,UES1,26,33,33,5,-64.7001,-98.7994,-102.341,SERVED,0,1,224.020347,53.666610,0
36,UES1,27,34,34,6,-68.6307,-90.5235,-104.094,SERVED,0,1,46.945910,119.442752,0
36,UES1,28,35,35,4,-87.7316,-96.6423,-116.671,SERVED,0,1,-217.707742,74.368649,0
36,UES1,29,36,36,1,-71.9426,-63.7306,-85.7118,SERVED,0,1,55.501449,18.312226,0
36,UES1,30,37,37,7,-101.481,-103.525,-119.901,PERSISTING,1,1,-20.598819,-222.019937,0
36,UES1,31,38,38,1,-95.5623,-89.8247,-101.306,SERVED,0,1,191.950427,39.560187,0
36,UES1,32,39,39,2,-74.1099,-76.7273,-97.0522,SERVED,0,1,50.091736,-115.968260,0
36,UES1,33,40,40,3,-81.2846,-67.6694,-76.9507,SERVED,0,1,-97.475072,94.983883,0
36,UES1,34,41,41,1,-101.554,-103.231,-102.272,PERSISTING,0,1,-7.741146,-198.617529,0
36,UES1,35,42,42,6,-100.935,-92.0008,-100.837,ALTERNATIVE_AVAILABLE,0,1,136.556959,-71.072953,0
36,UES1,36,43,43,2,-96.2113,-100.716,-103.176,SERVED,0,1,199.541742,154.294800,0
36,UES1,37,44,44,6,-107.286,-80.1339,-83.5972,ALTERNATIVE_AVAILABLE,0,1,31.014848,-154.655694,0
36,UES1,38,45,45,4,-76.7315,-85.3009,-79.0798,SERVED,0,1,-82.944317,-79.172782,0
36,UES1,39,46,46,4,-67.0719,-74.2137,-107.627,SERVED,0,1,-97.013847,-16.615026,0
36,UES1,40,47,47,4,-93.0038,-96.3147,-109.258,SERVED,0,1,-184.846361,140.732850,0
36,UES1,41,48,48,3,-108.115,-104.477,-112.126,PERSISTING,1,1,-245.788681,-201.865850,0
36,UES1,42,49,49,3,-98.2766,-81.3307,-89.5332,SERVED,0,1,33.280982,45.547394,0
36,UES1,43,50,50,1,-72.1899,-72.9755,-101.96,SERVED,0,1,46.753992,-108.036166,0
36,UES1,44,51,51,4,-86.1127,-83.4234,-94.4073,SERVED,0,1,-25.976269,106.690966,0
36,UES1,45,52,52,2,-112.212,-94.2664,-107.686,ALTERNATIVE_AVAILABLE,0,1,-75.882068,-146.199988,0
36,UES1,46,53,53,5,-118.509,-106.547,-109.482,PERSISTING,0,1,-105.139166,-176.200690,0
36,UES1,47,54,54,4,-68.9402,-96.077,-105.012,SERVED,0,1,-131.632223,-84.977019,0
36,UES1,48,55,55,3,-90.7007,-87.4509,-103.773,SERVED,0,1,-187.300776,-37.418354,0
36,UES1,49,56,56,1,-58.8157,-90.4251,-103.039,SERVED,0,1,69.847832,-35.488545,0
36,UES1,50,57,57,4,-84.4887,-96.9995,-106.522,SERVED,0,1,-92.746294,-126.859003,0
36,UES1,51,58,58,2,-69.584,-87.1917,-93.893,SERVED,0,1,241.147249,39.259920,0
36,UES1,52,59,59,3,-103.769,-98.2567,-99.6583,ALTERNATIVE_AVAILABLE,0,1,-150.683197,190.931541,0
36,UES1,53,60,60,4,-103.914,-107.979,-110.33,PERSISTING,0,1,-262.307815,-55.550561,0
36,UES1,54,61,61,1,-67.0442,-76.7835,-108.744,SERVED,0,1,39.890021,-121.727083,0
36,UES1,55,62,62,2,-64.4152,-81.9031,-74.5688,SERVED,0,1,130.007585,-19.973881,0
36,UES1,56,63,63,4,-96.3683,-88.4964,-90.1724,SERVED,0,1,-25.321959,-94.183895,0
36,UES1,57,64,64,3,-93.2738,-98.3821,-101.735,SERVED,0,1,-140.346402,176.937556,0
36,UES1,58,65,65,4,-91.8202,-77.8515,-109.296,SERVED,0,1,-115.816446,-194.115086,0
36,UES1,59,66,66,1,-105.697,-104.878,-101.216,PERSISTING,1,1,204.890818,-180.404870,0
36,UES2,0,67,67,6,-123.006,-116.92,-120.65,MOVE_REQUIRED,6,1,-422.331390,311.317829,1
36,UES2,1,68,68,3,-119.282,-116.875,-111.886,MOVE_REQUIRED,13,1,343.048728,420.655449,1
36,UES2,2,69,69,1,-111.562,-107.216,-115.55,PERSISTING,1,1,338.831873,-398.770658,0
36,UES2,3,70,70,6,-115.038,-117.569,-117.101,PERSISTING,2,1,-271.257027,390.607923,0
36,UES2,4,71,71,7,-120.736,-112.58,-78.6812,ALTERNATIVE_AVAILABLE,0,1,336.717215,340.705006,0
36,UES2,5,72,72,2,-114.576,-116.37,-113.452,PERSISTING,3,1,326.913430,-405.832195,0
36,UES2,6,73,73,3,-108.735,-110.671,-116.65,MOVE_REQUIRED,11,1,-317.837350,301.513945,1
36,UES2,7,74,74,4,-89.8472,-118.097,-116.496,SERVED,0,1,366.192624,379.196430,0
36,UES2,8,75,75,2,-121.273,-117.732,-115.572,PERSISTING,5,1,373.245632,-434.929452,0
36,UES2,9,76,76,6,-115.406,-117.423,-125.658,MOVE_REQUIRED,6,1,-390.260596,346.065172,1
36,UES2,10,77,77,5,-121.7,-121.485,-118.939,MOVE_REQUIRED,9,1,404.642472,309.467485,1
36,UES2,11,78,78,2,-117.297,-116.89,-114.631,PERSISTING,0,1,352.852734,-358.888681,0
36,UES2,12,79,79,7,-124.086,-105.041,-123.421,PERSISTING,2,1,-437.029345,301.149073,0
36,UES2,13,80,80,2,-107.045,-115.473,-114.123,MOVE_REQUIRED,18,1,351.638611,296.405033,1
36,UES2,14,81,81,4,-115.742,-115.438,-107.407,PERSISTING,2,1,371.641354,-339.681733,0
36,UES2,15,82,82,4,-116.478,-116.507,-118.293,PERSISTING,1,1,-323.304434,340.848787,0
36,UES2,16,83,83,1,-116.134,-107.109,-110.765,PERSISTING,0,1,291.007371,339.666925,0
36,UES2,17,84,84,5,-111.692,-94.9862,-109.477,ALTERNATIVE_AVAILABLE,0,1,383.497317,-265.067357,0
36,UES2,18,85,85,3,-115.279,-117.79,-90.7315,ALTERNATIVE_AVAILABLE,0,1,-359.593438,396.349918,0
36,UES2,19,86,86,6,-118.929,-116.058,-117.199,PERSISTING,0,1,407.595609,386.299449,0
36,UES2,20,87,87,2,-105.226,-112.658,-113.431,PERSISTING,4,1,293.647007,-296.720124,0
36,UES2,21,88,88,6,-114.11,-106.036,-122.608,PERSISTING,0,1,-313.220231,371.123197,0
36,UES2,22,89,89,6,-90.4989,-82.1876,-108.482,SERVED,0,1,274.630305,309.305863,0
36,UES2,23,90,90,3,-114.959,-107.721,-110.49,PERSISTING,3,1,278.209293,-278.597189,0
36,UES2,24,91,91,3,-109.596,-114.432,-107.014,PERSISTING,3,1,-336.640899,342.521021,0
36,UES2,25,92,92,2,-110.393,-112.112,-110.713,PERSISTING,1,1,300.025362,336.718192,0
36,UES2,26,93,93,7,-114.852,-119.949,-117.818,MOVE_REQUIRED,16,1,332.727234,-366.988224,1
36,UES2,27,94,94,6,-111.349,-110.763,-115.303,PERSISTING,2,1,-292.416898,307.620217,0
36,UES2,28,95,95,6,-116.902,-116.612,-112.434,PERSISTING,0,1,361.818590,335.276576,0
36,UES2,29,96,96,2,-117.139,-117.603,-115.934,PERSISTING,5,1,378.122827,-364.419767,0
37,UES1,0,7,7,4,-102.717,-74.6712,-106.575,ALTERNATIVE_AVAILABLE,0,1,-131.448979,-183.934556,0
37,UES1,1,8,8,1,-75.3529,-97.766,-97.9746,SERVED,0,1,148.159417,-122.765834,0
37,UES1,2,9,9,3,-98.3148,-88.0214,-95.1552,SERVED,0,1,-194.107049,189.893685,0
37,UES1,3,10,10,1,-99.7186,-75.965,-98.9525,SERVED,0,1,127.844197,-155.255841,0
37,UES1,4,11,11,2,-75.8798,-101.31,-100.559,SERVED,0,1,89.368296,168.905776,0
37,UES1,5,12,12,3,-62.5791,-93.948,-106.579,SERVED,0,1,-146.673891,86.650010,0
37,UES1,6,13,13,2,-60.9686,-82.6813,-102.809,SERVED,0,1,88.123493,105.954101,0
37,UES1,7,14,14,1,-81.8973,-83.9786,-98.8966,SERVED,0,1,11.179916,-113.093738,0
37,UES1,8,15,15,2,-100.613,-102.863,-101.451,PERSISTING,0,1,62.258133,-189.579036,0
37,UES1,9,16,16,1,-61.7933,-76.2137,-105.847,SERVED,0,1,76.637039,9.729113,0
37,UES1,10,17,17,4,-98.6905,-83.4478,-79.7086,SERVED,0,1,-65.126129,-157.621347,0
37,UES1,11,18,18,3,-66.506,-78.4637,-86.3443,SERVED,0,1,-92.702737,70.092416,0
37,UES1,12,19,19,2,-86.4206,-102.486,-90.814,SERVED,0,1,236.928367,-41.359973,0
37,UES1,13,20,20,2,-92.1531,-100.332,-94.9529,SERVED,0,1,80.128088,130.640103,0
37,UES1,14,21,21,1,-87.3127,-76.6922,-101.093,SERVED,0,1,101.567326,-112.473198,0
37,UES1,15,22,22,1,-81.7778,-97.9724,-78.8734,SERVED,0,1,83.682482,-88.670857,0
37,UES1,16,23,23,3,-99.4517,-94.7031,-110.272,SERVED,0,1,-234.914950,-43.430001,0
37,UES1,17,24,24,1,-55.522,-85.8708,-96.7757,SERVED,0,1,62.365391,-23.373157,0
37,UES1,18,25,25,1,-60.3916,-88.5934,-76.202,SERVED,0,1,87.376395,-61.299177,0
37,UES1,19,26,26,4,-91.5092,-85.5039,-106.857,SERVED,0,1,-90.034526,-123.927720,0
37,UES1,20,27,27,3,-100.425,-98.5347,-101.34,ALTERNATIVE_AVAILABLE,0,1,-154.229024,152.825853,0
37,UES1,21,28,28,4,-83.1146,-84.322,-92.2187,SERVED,0,1,-133.542797,231.333916,0
37,UES1,22,29,29,1,-104.765,-98.8505,-88.1769,ALTERNATIVE_AVAILABLE,0,1,212.633155,99.160149,0
37,UES1,23,30,30,1,-98.5101,-103.523,-91.3987,SERVED,0,1,57.979429,-153.505585,0
37,UES1,24,31,31,3,-87.7951,-97.5338,-110.612,SERVED,0,1,-69.365761,165.152472,0
37,UES1,25,32,32,3,-106.706,-84.8905,-109.075,ALTERNATIVE_AVAILABLE,0,1,-36.719200,214.633317,0
37,UES1,26,33,33,5,-93.7347,-85.6312,-102.181,SERVED,0,1,229.245462,57.895860,0
37,UES1,27,34,34,6,-97.8443,-92.3587,-97.8333,SERVED,0,1,45.539947,124.361117,0
37,UES1,28,35,35,4,-98.9298,-91.015,-111.542,SERVED,0,1,-223.634525,76.326043,0
37,UES1,29,36,36,1,-72.6602,-78.8699,-67.5268,SERVED,0,1,53.309569,21.915138,0
37,UES1,30,37,37,7,-104.2,-111.634,-119.993,PERSISTING,2,1,-22.190422,-226.672390,0
37,UES1,31,38,38,2,-91.7665,-109.456,-88.7942,SERVED,0,1,197.468191,42.028101,0
37,UES1,32,39,39,2,-73.9306,-88.9984,-99.8401,SERVED,0,1,52.129399,-120.096973,0
37,UES1,33,40,40,3,-69.508,-80.0467,-107.449,SERVED,0,1,-99.340651,99.288690,0
37,UES1,34,41,41,1,-99.6564,-71.758,-92.7333,SERVED,0,1,-6.450161,-203.924912,0
37,UES1,35,42,42,1,-95.893,-97.4795,-96.2326,SERVED,0,1,141.440337,-73.185634,0
37,UES1,36,43,43,2,-67.4235,-98.5266,-104.37,SERVED,0,1,204.796297,157.995441,0
37,UES1,37,44,44,6,-102.449,-93.7343,-95.0386,ALTERNATIVE_AVAILABLE,0,1,32.931237,-158.798722,0
37,UES1,38,45,45,4,-89.3677,-99.2366,-105.934,SERVED,0,1,-87.542721,-82.433838,0
37,UES1,39,46,46,4,-70.644,-82.1861,-85.5569,SERVED,0,1,-102.190687,-16.966594,0
37,UES1,40,47,47,4,-88.5614,-78.3926,-103.445,SERVED,0,1,-187.676125,145.709954,0
37,UES1,41,48,48,3,-107.746,-93.4483,-105.03,ALTERNATIVE_AVAILABLE,0,1,-250.099640,-203.325591,0
37,UES1,42,49,49,3,-83.2862,-63.1454,-105.266,SERVED,0,1,34.875611,49.233386,0
37,UES1,43,50,50,1,-96.543,-90.1939,-93.989,SERVED,0,1,50.066639,-111.373762,0
37,UES1,44,51,51,4,-93.3821,-89.8468,-93.8238,SERVED,0,1,-28.178788,112.827272,0
37,UES1,45,52,52,2,-100.14,-86.5996,-94.7217,ALTERNATIVE_AVAILABLE,0,1,-77.646097,-150.264811,0
37,UES1,46,53,53,5,-126.619,-99.6139,-107.209,ALTERNATIVE_AVAILABLE,0,1,-107.714373,-179.206540,0
37,UES1,47,54,54,4,-91.0598,-79.4782,-110.209,SERVED,0,1,-133.106124,-90.267151,0
37,UES1,48,55,55,4,-74.5518,-79.2551,-78.6639,SERVED,0,1,-190.942337,-39.915527,0
37,UES1,49,56,56,1,-67.6485,-91.3073,-100.105,SERVED,0,1,72.851135,-38.302310,0
37,UES1,50,57,57,4,-99.9509,-80.6804,-104.386,SERVED,0,1,-93.172176,-130.336003,0
37,UES1,51,58,58,2,-102.977,-104.538,-108.139,PERSISTING,0,1,246.144225,39.428274,0
37,UES1,52,59,59,3,-106.025,-107.629,-100.767,PERSISTING,0,1,-154.241790,194.069135,0
37,UES1,53,60,60,4,-105.303,-102.658,-113.597,PERSISTING,1,1,-266.181666,-56.998339,0
37,UES1,54,61,61,1,-95.0964,-85.6248,-105.738,SERVED,0,1,39.709894,-125.597454,0
37,UES1,55,62,62,2,-83.422,-83.26,-103.32,SERVED,0,1,133.445579,-24.601561,0
37,UES1,56,63,63,4,-93.1331,-84.4358,-97.5538,SERVED,0,1,-23.931467,-97.409876,0
37,UES1,57,64,64,3,-101.318,-86.0958,-108.061,ALTERNATIVE_AVAILABLE,0,1,-143.580599,179.920626,0
37,UES1,58,65,65,4,-91.4625,-84.2611,-107.158,SERVED,0,1,-116.916425,-201.078019,0
37,UES1,59,66,66,1,-105.142,-104.828,-106.579,PERSISTING,2,1,209.419416,-183.083328,0
37,UES2,0,67,67,6,-121.334,-118.241,-123.592,MOVE_REQUIRED,7,1,-418.771194,310.750423,1
37,UES2,1,68,68,3,-106.408,-115.276,-117.317,MOVE_REQUIRED,14,1,342.335380,415.952789,1
37,UES2,2,69,69,1,-116.253,-118.765,-111.955,PERSISTING,2,1,336.739734,-402.197371,0
37,UES2,3,70,70,6,-107.438,-112.775,-117.317,PERSISTING,3,1,-272.779683,386.340901,0
37,UES2,4,71,71,5,-77.5152,-114.968,-112.583,SERVED,0,1,333.351972,342.819034,0
37,UES2,5,72,72,2,-113.292,-117.577,-112.174,PERSISTING,4,1,331.802029,-407.318999,0
37,UES2,6,73,73,3,-111.473,-109.823,-114.79,MOVE_REQUIRED,12,1,-315.101542,297.575556,1
37,UES2,7,74,74,4,-122.545,-115.771,-112.508,PERSISTING,0,1,362.482349,381.479396,0
37,UES2,8,75,75,2,-117.836,-117.598,-117.258,MOVE_REQUIRED,6,1,376.140269,-430.604797,1
37,UES2,9,76,76,6,-113.826,-112.763,-124.323,MOVE_REQUIRED,7,1,-389.829413,350.214840,1
37,UES2,10,77,77,5,-116.051,-121.073,-119.061,MOVE_REQUIRED,10,1,399.510728,310.682649,1
37,UES2,11,78,78,2,-115.422,-117.927,-104.538,PERSISTING,1,1,357.422573,-361.342045,0
37,UES2,12,79,79,7,-122.052,-114.618,-125.575,PERSISTING,3,1,-432.579301,303.043340,0
37,UES2,13,80,80,2,-110.185,-113.802,-81.9942,ALTERNATIVE_AVAILABLE,0,1,347.946347,296.542132,0
37,UES2,14,81,81,4,-116.933,-112.568,-92.2384,ALTERNATIVE_AVAILABLE,0,1,370.015409,-336.231189,0
37,UES2,15,82,82,4,-117.339,-110.975,-84.5005,ALTERNATIVE_AVAILABLE,0,1,-326.768582,337.861183,0
37,UES2,16,83,83,1,-114.522,-112.573,-113.551,PERSISTING,1,1,294.959512,340.912686,0
37,UES2,17,84,84,5,-108.841,-113.595,-113.938,PERSISTING,0,1,385.823065,-268.422323,0
37,UES2,18,85,85,3,-93.6457,-114.33,-117.185,SERVED,0,1,-362.166408,392.132176,0
37,UES2,19,86,86,6,-120.412,-118.389,-118.478,PERSISTING,1,1,404.687995,384.128643,0
37,UES2,20,87,87,2,-115.307,-109.854,-97.4427,ALTERNATIVE_AVAILABLE,0,1,292.642429,-300.325651,0
37,UES2,21,88,88,6,-117.121,-117.04,-117.994,PERSISTING,1,1,-317.632029,373.831474,0
37,UES2,22,89,89,6,-121.007,-100.71,-107.827,PERSISTING,0,1,271.842606,307.214429,0
37,UES2,23,90,90,3,-117.651,-111.234,-109.342,PERSISTING,4,1,276.022194,-273.876046,0
37,UES2,24,91,91,3,-117.843,-114.035,-113.384,PERSISTING,4,1,-333.843841,338.472430,0
37,UES2,25,92,92,2,-109.488,-116.965,-103.149,PERSISTING,2,1,302.991456,338.467128,0
37,UES2,26,93,93,7,-106.679,-94.6057,-120.091,ALTERNATIVE_AVAILABLE,0,1,329.983294,-365.584325,0
37,UES2,27,94,94,6,-111.967,-111.419,-118.845,PERSISTING,3,1,-295.848719,305.722691,0
37,UES2,28,95,95,6,-116.949,-116.572,-109.843,PERSISTING,1,1,364.056072,338.390546,0
37,UES2,29,96,96,2,-113.91,-116.814,-116.263,MOVE_REQUIRED,6,1,381.482859,-361.302917,1
38,UES1,0,7,7,4,-99.4804,-108.188,-108.023,SERVED,0,1,-134.219989,-189.433463,0
38,UES1,1,8,8,1,-81.7765,-101.471,-78.1259,SERVED,0,1,152.927183,-126.820022,0
38,UES1,2,9,9,3,-99.2315,-101.003,-108.403,SERVED,0,1,-196.856165,193.636975,0
38,UES1,3,10,10,1,-90.4959,-77.6761,-93.1281,SERVED,0,1,131.736555,-157.341269,0
38,UES1,4,11,11,2,-96.5996,-84.3629,-93.7886,SERVED,0,1,92.725303,172.041339,0
38,UES1,5,12,12,3,-61.635,-75.8216,-99.3213,SERVED,0,1,-149.654949,89.834115,0
38,UES1,6,13,13,2,-62.6193,-92.2255,-100.825,SERVED,0,1,89.155821,110.595843,0
38,UES1,7,14,14,1,-91.3044,-66.999,-87.5356,SERVED,0,1,10.738999,-117.714963,0
38,UES1,8,15,15,2,-107.69,-103.728,-102.576,PERSISTING,1,1,66.628379,-193.239824,0
38,UES1,9,16,16,1,-67.7262,-69.4135,-95.257,SERVED,0,1,81.625320,7.079348,0
38,UES1,10,17,17,4,-100.383,-95.0685,-105.441,ALTERNATIVE_AVAILABLE,0,1,-66.417028,-162.874493,0
38,UES1,11,18,18,3,-69.345,-78.3627,-89.3062,SERVED,0,1,-97.954552,72.596397,0
38,UES1,12,19,19,2,-100.726,-103.483,-101.004,PERSISTING,0,1,243.349326,-38.862484,0
38,UES1,13,20,20,2,-96.5861,-98.3114,-94.2295,SERVED,0,1,81.895434,135.123012,0
38,UES1,14,21,21,1,-100.603,-69.4361,-90.5906,ALTERNATIVE_AVAILABLE,0,1,104.241600,-116.494134,0
38,UES1,15,22,22,1,-76.2957,-95.3617,-76.6546,SERVED,0,1,82.537133,-93.204047,0
38,UES1,16,23,23,3,-104.766,-92.0872,-111.237,ALTERNATIVE_AVAILABLE,0,1,-240.422876,-43.271281,0
38,UES1,17,24,24,1,-53.7321,-65.4733,-98.3041,SERVED,0,1,67.956246,-22.962996,0
38,UES1,18,25,25,1,-73.9962,-66.4016,-100.18,SERVED,0,1,90.939850,-66.052208,0
38,UES1,19,26,26,4,-88.5809,-102.9,-104.792,SERVED,0,1,-92.184791,-127.370466,0
38,UES1,20,27,27,3,-97.5334,-104.227,-70.5599,SERVED,0,1,-158.101596,154.172722,0
38,UES1,21,28,28,4,-102.682,-99.5855,-111.403,ALTERNATIVE_AVAILABLE,0,1,-135.272488,235.701449,0
38,UES1,22,29,29,1,-102.654,-98.7845,-88.9974,ALTERNATIVE_AVAILABLE,0,1,215.535704,103.638400,0
38,UES1,23,30,30,1,-82.0646,-99.782,-98.4711,SERVED,0,1,61.224392,-160.493891,0
38,UES1,24,31,31,3,-93.1482,-93.7458,-107.987,SERVED,0,1,-73.449326,167.566040,0
38,UES1,25,32,32,3,-100.163,-87.3348,-108.895,ALTERNATIVE_AVAILABLE,0,1,-36.354362,219.089714,0
38,UES1,26,33,33,5,-85.7233,-104.092,-110.406,SERVED,0,1,231.514551,61.340935,0
38,UES1,27,34,34,6,-92.4861,-82.3117,-79.6158,SERVED,0,1,46.255750,129.551372,0
38,UES1,28,35,35,4,-99.5742,-105.243,-114.46,SERVED,0,1,-227.447714,78.953439,0
38,UES1,29,36,36,1,-73.5017,-81.175,-82.2533,SERVED,0,1,51.247267,27.070864,0
38,UES1,30,37,37,7,-102.087,-104.575,-117.14,PERSISTING,3,1,-23.792174,-232.127702,0
38,UES1,31,38,38,2,-91.6206,-108.378,-91.6912,SERVED,0,1,200.201331,42.860756,0
38,UES1,32,39,39,2,-101.393,-94.3793,-97.3641,ALTERNATIVE_AVAILABLE,0,1,52.284026,-125.878630,0
38,UES1,33,40,40,3,-82.1886,-87.4513,-82.0174,SERVED,0,1,-101.439901,103.507971,0
38,UES1,34,41,41,1,-101.807,-83.0458,-80.4556,ALTERNATIVE_AVAILABLE,0,1,-4.114419,-208.517095,0
38,UES1,35,42,42,1,-77.6655,-97.8686,-100.007,SERVED,0,1,145.232513,-75.229998,0
38,UES1,36,43,43,2,-98.4336,-99.3935,-106.7,SERVED,0,1,207.931683,160.421786,0
38,UES1,37,44,44,6,-111.458,-102.812,-84.4465,ALTERNATIVE_AVAILABLE,0,1,34.601399,-164.393904,0
38,UES1,38,45,45,4,-88.8574,-84.2775,-106.394,SERVED,0,1,-91.466601,-85.309167,0
38,UES1,39,46,46,4,-64.4308,-80.2642,-106.86,SERVED,0,1,-106.024855,-16.762817,0
38,UES1,40,47,47,4,-86.526,-97.5274,-89.8041,SERVED,0,1,-189.520582,149.966909,0
38,UES1,41,48,48,3,-109.869,-100.898,-111.052,PERSISTING,0,1,-253.118390,-206.136813,0
38,UES1,42,49,49,3,-78.9843,-61.6909,-101.897,SERVED,0,1,38.087204,53.916977,0
38,UES1,43,50,50,1,-91.4202,-100.586,-91.5476,SERVED,0,1,54.841247,-114.474459,0
38,UES1,44,51,51,4,-68.9744,-82.6723,-97.1095,SERVED,0,1,-28.692442,116.046054,0
38,UES1,45,52,52,2,-106.123,-87.3072,-98.619,ALTERNATIVE_AVAILABLE,0,1,-82.099378,-154.025405,0
38,UES1,46,53,53,5,-100.847,-106.897,-109.021,PERSISTING,0,1,-110.935630,-185.168989,0
38,UES1,47,54,54,4,-88.0245,-96.8871,-107.965,SERVED,0,1,-134.328080,-93.307400,0
38,UES1,48,55,55,4,-78.3299,-92.9304,-107.109,SERVED,0,1,-196.575215,-43.669236,0
38,UES1,49,56,56,1,-67.1707,-89.5913,-77.2626,SERVED,0,1,77.221358,-42.324076,0
38,UES1,50,57,57,4,-100.684,-88.6759,-94.2594,ALTERNATIVE_AVAILABLE,0,1,-95.090063,-134.849417,0
38,UES1,51,58,58,2,-105.511,-106.108,-95.4989,ALTERNATIVE_AVAILABLE,0,1,251.668417,39.851871,0
38,UES1,52,59,59,3,-111.152,-109.959,-74.7419,ALTERNATIVE_AVAILABLE,0,1,-158.171563,197.601983,0
38,UES1,53,60,60,4,-101.73,-103.795,-103.471,PERSISTING,2,1,-271.694104,-57.790762,0
38,UES1,54,61,61,1,-81.3454,-91.3172,-105.872,SERVED,0,1,37.252908,-130.755837,0
38,UES1,55,62,62,2,-83.6562,-89.2497,-101.098,SERVED,0,1,137.271841,-27.874696,0
38,UES1,56,63,63,4,-75.2982,-93.2722,-102.73,SERVED,0,1,-24.276406,-103.468825,0
38,UES1,57,64,64,3,-79.8357,-95.6607,-106.355,SERVED,0,1,-144.629263,185.805446,0
38,UES1,58,65,65,4,-98.1108,-106.699,-107.391,SERVED,0,1,-119.015693,-204.276216,0
38,UES1,59,66,66,1,-101.48,-101.489,-78.4747,ALTERNATIVE_AVAILABLE,0,1,211.805128,-185.256113,0
38,UES2,0,67,67,6,-121.113,-118.166,-122.715,MOVE_REQUIRED,8,1,-415.717929,312.422116,1
38,UES2,1,68,68,3,-118.556,-117.133,-116.43,MOVE_REQUIRED,15,1,341.134032,412.404213,1
38,UES2,2,69,69,1,-118.404,-115.798,-91.3452,ALTERNATIVE_AVAILABLE,0,1,334.435190,-404.777839,0
38,UES2,3,70,70,6,-111.06,-114.446,-117.78,PERSISTING,4,1,-275.309020,382.204469,0
38,UES2,4,71,71,5,-108.633,-79.5235,-92.3477,ALTERNATIVE_AVAILABLE,0,1,330.339316,344.277304,0
38,UES2,5,72,72,2,-113.872,-118.15,-112.726,PERSISTING,5,1,334.767231,-407.983489,0
38,UES2,6,73,73,3,-114.193,-112.475,-117.516,MOVE_REQUIRED,13,1,-313.145399,295.044191,1
38,UES2,7,74,74,4,-120.484,-118.873,-115.503,PERSISTING,1,1,359.047610,384.364123,0
38,UES2,8,75,75,2,-122.28,-118.837,-104.181,MOVE_REQUIRED,7,1,377.901168,-426.795307,1
38,UES2,9,76,76,6,-112.334,-114.959,-113.091,MOVE_REQUIRED,8,1,-389.396511,353.802493,1
38,UES2,10,77,77,5,-110.121,-119.712,-120.611,MOVE_REQUIRED,11,1,397.123561,311.216383,1
38,UES2,11,78,78,2,-114.908,-115.934,-118.463,PERSISTING,2,1,358.023303,-364.240483,0
38,UES2,12,79,79,7,-93.5242,-111.655,-117.35,SERVED,0,1,-428.125279,304.583092,0
38,UES2,13,80,80,2,-110.778,-95.4708,-105.99,ALTERNATIVE_AVAILABLE,0,1,343.774810,294.230811,0
38,UES2,14,81,81,4,-119.667,-114.502,-113.107,PERSISTING,0,1,367.539046,-333.805126,0
38,UES2,15,82,82,4,-114.846,-109.137,-119.814,PERSISTING,0,1,-330.149824,336.467050,0
38,UES2,16,83,83,1,-98.6121,-114.344,-112.419,SERVED,0,1,299.046994,339.440644,0
38,UES2,17,84,84,5,-114.148,-93.8693,-115.722,ALTERNATIVE_AVAILABLE,0,1,385.246107,-270.368128,0
38,UES2,18,85,85,3,-114.06,-117.053,-118.213,PERSISTING,0,1,-363.155925,389.559351,0
38,UES2,19,86,86,6,-119.011,-118.463,-119.637,PERSISTING,2,1,400.422753,383.585413,0
38,UES2,20,87,87,2,-111.013,-112.327,-80.3038,ALTERNATIVE_AVAILABLE,0,1,291.773218,-305.288286,0
38,UES2,21,88,88,6,-113.219,-115.989,-120.147,PERSISTING,2,1,-318.509232,375.239343,0
38,UES2,22,89,89,6,-117.123,-115.241,-112.156,PERSISTING,1,1,267.406063,306.209834,0
38,UES2,23,90,90,3,-114.472,-113.641,-104.992,PERSISTING,5,1,273.583522,-270.686106,0
38,UES2,24,91,91,3,-112.469,-114.623,-116.417,PERSISTING,5,1,-331.517002,336.206834,0
38,UES2,25,92,92,2,-110.633,-116.904,-109.376,PERSISTING,3,1,307.087110,340.276787,0
38,UES2,26,93,93,7,-108.371,-115.753,-114.682,PERSISTING,0,1,326.174592,-362.276329,0
38,UES2,27,94,94,6,-111.545,-112.458,-119.072,PERSISTING,4,1,-299.115160,304.627437,0
38,UES2,28,95,95,6,-111.817,-118.56,-115.827,PERSISTING,2,1,367.837689,341.245299,0
38,UES2,29,96,96,2,-118.036,-115.203,-115.315,MOVE_REQUIRED,7,1,383.115378,-358.681074,1
39,UES1,0,7,7,4,-101.742,-106.452,-109.661,PERSISTING,0,1,-137.137970,-192.836427,0
39,UES1,1,8,8,1,-98.6748,-100.702,-85.3848,SERVED,0,1,155.858156,-130.521329,0
39,UES1,2,9,9,3,-98.9729,-101.99,-110.432,SERVED,0,1,-200.226909,198.145495,0
39,UES1,3,10,10,1,-84.8479,-99.987,-106.712,SERVED,0,1,135.402128,-161.078163,0
39,UES1,4,11,11,2,-78.353,-95.5029,-96.2292,SERVED,0,1,97.014859,175.682693,0
39,UES1,5,12,12,3,-85.7133,-88.9109,-107.617,SERVED,0,1,-154.174472,93.759478,0
39,UES1,6,13,13,2,-67.6537,-91.8093,-95.623,SERVED,0,1,88.883832,115.365733,0
39,UES1,7,14,14,1,-78.9231,-74.1208,-105.176,SERVED,0,1,9.018161,-122.077840,0
39,UES1,8,15,15,2,-104.7,-85.9837,-80.5981,ALTERNATIVE_AVAILABLE,0,1,68.777640,-197.497637,0
39,UES1,9,16,16,1,-75.9586,-77.2939,-93.3288,SERVED,0,1,85.954874,5.292748,0
39,UES1,10,17,17,4,-103.357,-82.9727,-105.786,ALTERNATIVE_AVAILABLE,0,1,-67.892298,-167.685130,0
39,UES1,11,18,18,3,-71.8627,-79.0509,-88.2819,SERVED,0,1,-102.780082,73.830198,0
39,UES1,12,19,19,2,-97.6349,-105.23,-79.8534,SERVED,0,1,248.351352,-37.615809,0
39,UES1,13,20,20,2,-92.3025,-97.2246,-94.1728,SERVED,0,1,84.620900,139.009542,0
39,UES1,14,21,21,1,-83.1599,-81.1898,-93.987,SERVED,0,1,108.377786,-120.088970,0
39,UES1,15,22,22,1,-91.2608,-91.661,-97.6084,SERVED,0,1,83.186725,-97.739580,0
39,UES1,16,23,23,3,-106.304,-90.458,-112.963,ALTERNATIVE_AVAILABLE,0,1,-244.210182,-42.276020,0
39,UES1,17,24,24,1,-65.5383,-85.6728,-82.7519,SERVED,0,1,73.712963,-22.346352,0
39,UES1,18,25,25,1,-88.9525,-90.555,-82.4028,SERVED,0,1,93.225980,-68.899264,0
39,UES1,19,26,26,4,-85.4909,-101.232,-81.5088,SERVED,0,1,-94.222600,-132.935081,0
39,UES1,20,27,27,3,-92.5369,-101.146,-69.5335,SERVED,0,1,-161.844952,157.888627,0
39,UES1,21,28,28,4,-106.203,-76.6556,-107.624,ALTERNATIVE_AVAILABLE,0,1,-136.826227,240.438878,0
39,UES1,22,29,29,1,-103.353,-95.7239,-87.9514,ALTERNATIVE_AVAILABLE,0,1,219.963759,106.650297,0
39,UES1,23,30,30,1,-101.881,-78.6344,-73.812,ALTERNATIVE_AVAILABLE,0,1,62.697447,-163.596879,0
39,UES1,24,31,31,3,-92.9861,-103.652,-101.593,SERVED,0,1,-78.833629,169.855955,0
39,UES1,25,32,32,3,-98.3799,-96.8488,-102.503,SERVED,0,1,-36.971594,224.708160,0
39,UES1,26,33,33,5,-78.526,-91.4726,-110.647,SERVED,0,1,235.494887,65.228594,0
39,UES1,27,34,34,6,-70.3205,-91.5884,-92.6318,SERVED,0,1,47.281096,135.153802,0
39,UES1,28,35,35,4,-86.0551,-103.291,-111.141,SERVED,0,1,-232.981145,81.130735,0
39,UES1,29,36,36,2,-68.1693,-63.3538,-79.3207,SERVED,0,1,47.830067,31.512714,0
39,UES1,30,37,37,7,-96.7349,-103.607,-117.239,SERVED,0,1,-26.949246,-236.391994,0
39,UES1,31,38,38,2,-94.6066,-96.578,-100.616,SERVED,0,1,206.144775,44.954769,0
39,UES1,32,39,39,2,-99.8544,-86.3487,-89.6043,SERVED,0,1,52.436662,-131.206465,0
39,UES1,33,40,40,3,-80.0893,-87.6279,-108.556,SERVED,0,1,-103.687837,109.706289,0
39,UES1,34,41,41,1,-103.631,-70.9676,-105.985,ALTERNATIVE_AVAILABLE,0,1,-3.497766,-212.425872,0
39,UES1,35,42,42,1,-66.0432,-97.3417,-84.1823,SERVED,0,1,149.740837,-78.268927,0
39,UES1,36,43,43,2,-89.0313,-107.952,-80.885,SERVED,0,1,210.511125,164.882111,0
39,UES1,37,44,44,6,-111.351,-81.8656,-98.2909,ALTERNATIVE_AVAILABLE,0,1,35.309010,-168.648595,0
39,UES1,38,45,45,4,-91.7817,-83.9034,-89.6078,SERVED,0,1,-95.669855,-87.217181,0
39,UES1,39,46,46,4,-70.5342,-79.5577,-102.343,SERVED,0,1,-111.121140,-16.730604,0
39,UES1,40,47,47,4,-85.6305,-66.1912,-100.459,SERVED,0,1,-192.134087,155.036993,0
39,UES1,41,48,48,3,-108.424,-108.568,-109.667,PERSISTING,1,1,-257.325041,-209.197113,0
39,UES1,42,49,49,3,-96.4106,-70.2431,-104.167,SERVED,0,1,39.722437,59.564886,0
39,UES1,43,50,50,1,-95.0348,-99.2672,-90.4784,SERVED,0,1,58.691644,-118.323579,0
39,UES1,44,51,51,4,-96.0029,-65.251,-90.5171,SERVED,0,1,-32.329961,121.882049,0
39,UES1,45,52,52,4,-98.9602,-103.283,-96.1246,SERVED,0,1,-85.458580,-158.784996,0
39,UES1,46,53,53,5,-121.775,-109.162,-110.984,PERSISTING,1,1,-113.725045,-188.221504,0
39,UES1,47,54,54,4,-77.0633,-64.9883,-88.1218,SERVED,0,1,-136.179892,-99.538737,0
39,UES1,48,55,55,4,-93.7619,-96.3886,-108.771,SERVED,0,1,-198.992689,-47.518029,0
39,UES1,49,56,56,1,-79.3164,-90.0996,-99.1384,SERVED,0,1,80.884704,-45.462746,0
39,UES1,50,57,57,4,-94.438,-92.7284,-106.068,SERVED,0,1,-97.053908,-141.213031,0
39,UES1,51,58,58,2,-100.43,-93.2754,-99.9894,ALTERNATIVE_AVAILABLE,0,1,254.791476,42.113180,0
39,UES1,52,59,59,3,-109.193,-108.425,-77.3834,ALTERNATIVE_AVAILABLE,0,1,-162.003247,200.163659,0
39,UES1,53,60,60,4,-100.361,-106.266,-105.439,PERSISTING,3,1,-277.229278,-58.519196,0
39,UES1,54,61,61,1,-98.5833,-99.2118,-109.633,SERVED,0,1,37.354495,-134.689560,0
39,UES1,55,62,62,2,-85.3015,-85.9652,-92.9477,SERVED,0,1,141.608376,-30.029122,0
39,UES1,56,63,63,4,-79.238,-97.6311,-104.708,SERVED,0,1,-25.632178,-107.798039,0
39,UES1,57,64,64,3,-90.7054,-98.3686,-89.9357,SERVED,0,1,-147.041490,190.143728,0
39,UES1,58,65,65,4,-88.0413,-84.0178,-100.03,SERVED,0,1,-118.629349,-210.362575,0
39,UES1,59,66,66,1,-100.584,-77.9612,-105.957,ALTERNATIVE_AVAILABLE,0,1,216.963490,-190.001471,0
39,UES2,0,67,67,6,-120.501,-115.713,-124.72,MOVE_REQUIRED,9,1,-411.123607,312.676998,1
39,UES2,1,68,68,3,-122.334,-90.3736,-112.473,ALTERNATIVE_AVAILABLE,0,1,339.036571,408.227556,0
39,UES2,2,69,69,1,-114.073,-116.172,-115.321,PERSISTING,0,1,332.265259,-408.328990,0
39,UES2,3,70,70,6,-114.064,-113.056,-120.117,PERSISTING,5,1,-276.256895,379.469438,0
39,UES2,4,71,71,5,-112.919,-111.422,-80.6687,ALTERNATIVE_AVAILABLE,0,1,325.903807,346.789688,0
39,UES2,5,72,72,2,-122.073,-115.951,-114.854,MOVE_REQUIRED,6,1,338.195236,-409.901608,1
39,UES2,6,73,73,3,-109.911,-88.7086,-115.147,ALTERNATIVE_AVAILABLE,0,1,-310.041747,292.781078,0
39,UES2,7,74,74,4,-121.003,-112.293,-114.587,PERSISTING,2,1,356.051568,386.679929,0
39,UES2,8,75,75,2,-118.603,-105.388,-114.404,MOVE_REQUIRED,8,1,378.938725,-424.125127,1
39,UES2,9,76,76,6,-115.876,-89.9614,-123.547,ALTERNATIVE_AVAILABLE,0,1,-388.601812,358.888257,0
39,UES2,10,77,77,5,-111.957,-121.227,-120.407,MOVE_REQUIRED,12,1,392.401233,313.550747,1
39,UES2,11,78,78,2,-115.724,-116.569,-117.369,PERSISTING,3,1,360.375648,-367.991176,0
39,UES2,12,79,79,7,-120.737,-112.539,-122.858,PERSISTING,0,1,-425.427656,305.851815,0
39,UES2,13,80,80,2,-113.401,-112.058,-99.0841,ALTERNATIVE_AVAILABLE,0,1,340.454883,293.589957,0
39,UES2,14,81,81,4,-118.014,-114.066,-110.339,PERSISTING,1,1,364.860533,-330.706340,0
39,UES2,15,82,82,4,-115.511,-112.29,-115,PERSISTING,1,1,-333.083863,333.466164,0
39,UES2,16,83,83,1,-116.439,-110.392,-108.041,PERSISTING,0,1,303.016386,341.678490,0
39,UES2,17,84,84,5,-112.561,-116.023,-111.088,PERSISTING,0,1,383.978482,-275.124284,0
39,UES2,18,85,85,3,-115.163,-115.287,-119.733,PERSISTING,1,1,-366.763449,386.156278,0
39,UES2,19,86,86,6,-116.195,-114.613,-115.993,PERSISTING,3,1,397.109821,380.434912,0
39,UES2,20,87,87,2,-108.926,-114.841,-85.9188,ALTERNATIVE_AVAILABLE,0,1,292.525735,-309.554698,0
39,UES2,21,88,88,6,-115.92,-118.174,-121.091,PERSISTING,3,1,-322.675593,378.226472,0
39,UES2,22,89,89,6,-114.796,-113.071,-112.233,PERSISTING,2,1,264.048423,303.907700,0
39,UES2,23,90,90,3,-123.313,-110.673,-107.101,MOVE_REQUIRED,6,1,271.231060,-268.783205,1
39,UES2,24,91,91,3,-111.318,-115.358,-116.87,MOVE_REQUIRED,6,1,-327.945277,332.824969,1
39,UES2,25,92,92,2,-112.166,-115.558,-109.473,PERSISTING,4,1,310.002132,343.283684,0
39,UES2,26,93,93,7,-110.182,-117.685,-113.107,PERSISTING,1,1,321.673392,-362.147711,0
39,UES2,27,94,94,6,-115.189,-112.953,-119.497,PERSISTING,5,1,-302.617351,302.907511,0
39,UES2,28,95,95,6,-121.968,-119.628,-113.113,PERSISTING,3,1,369.671305,343.949786,0
39,UES2,29,96,96,2,-117.432,-102.295,-113.002,MOVE_REQUIRED,8,1,386.030298,-355.434952,1
40,UES1,0,7,7,4,-97.1956,-101.015,-96.8418,SERVED,0,1,-138.787197,-195.922854,0
40,UES1,1,8,8,1,-94.1435,-99.3062,-85.1901,SERVED,0,1,159.084631,-133.966984,0
40,UES1,2,9,9,3,-101.941,-98.5901,-98.791,ALTERNATIVE_AVAILABLE,0,1,-202.313540,201.875642,0
40,UES1,3,10,10,1,-104.426,-103.843,-91.1123,ALTERNATIVE_AVAILABLE,0,1,139.519036,-163.913599,0
40,UES1,4,11,11,2,-91.4067,-95.7091,-99.6863,SERVED,0,1,100.318970,177.823330,0
40,UES1,5,12,12,3,-67.2811,-77.5368,-107.313,SERVED,0,1,-155.967147,99.313736,0
40,UES1,6,13,13,2,-71.6461,-95.9874,-100.943,SERVED,0,1,88.583960,121.337264,0
40,UES1,7,14,14,1,-97.4008,-72.0092,-80.2108,SERVED,0,1,8.143831,-128.282489,0
40,UES1,8,15,15,2,-105.236,-84.8075,-88.6224,ALTERNATIVE_AVAILABLE,0,1,71.254101,-202.358466,0
40,UES1,9,16,16,1,-68.5138,-74.6837,-94.1145,SERVED,0,1,91.828024,3.460263,0
40,UES1,10,17,17,4,-103.147,-81.8231,-103.074,ALTERNATIVE_AVAILABLE,0,1,-67.345076,-173.616419,0
40,UES1,11,18,18,3,-79.6163,-80.3435,-87.8284,SERVED,0,1,-105.808422,74.664463,0
40,UES1,12,19,19,2,-103.97,-110.284,-96.3428,ALTERNATIVE_AVAILABLE,0,1,252.450711,-35.543816,0
40,UES1,13,20,20,2,-82.5058,-97.3892,-99.8922,SERVED,0,1,87.154088,144.563499,0
40,UES1,14,21,21,1,-93.9858,-84.9209,-89.0644,SERVED,0,1,110.993989,-123.035414,0
40,UES1,15,22,22,1,-94.6586,-85.7563,-97.3686,SERVED,0,1,82.537352,-103.336615,0
40,UES1,16,23,23,3,-108.378,-106.493,-106.767,PERSISTING,0,1,-249.735596,-42.577292,0
40,UES1,17,24,24,1,-61.7667,-72.29,-89.8428,SERVED,0,1,78.898218,-20.554653,0
40,UES1,18,25,25,1,-68.9263,-93.0358,-89.462,SERVED,0,1,96.713091,-74.296141,0
40,UES1,19,26,26,4,-97.7028,-73.5479,-90.1581,SERVED,0,1,-96.663314,-136.459188,0
40,UES1,20,27,27,3,-104.535,-97.7065,-87.5943,ALTERNATIVE_AVAILABLE,0,1,-166.055612,161.899223,0
40,UES1,21,28,28,4,-103.978,-99.7468,-101.613,ALTERNATIVE_AVAILABLE,0,1,-139.220972,244.841998,0
40,UES1,22,29,29,1,-104.346,-106.426,-87.6221,ALTERNATIVE_AVAILABLE,0,1,223.481485,108.446302,0
40,UES1,23,30,30,1,-97.8324,-100.116,-109.583,SERVED,0,1,62.637348,-169.470742,0
40,UES1,24,31,31,3,-95.5007,-91.9281,-90.4414,SERVED,0,1,-82.014423,172.464025,0
40,UES1,25,32,32,3,-103.897,-87.2527,-109.45,ALTERNATIVE_AVAILABLE,0,1,-38.465788,229.241130,0
40,UES1,26,33,33,5,-65.0087,-93.6836,-85.2316,SERVED,0,1,239.596161,68.048055,0
40,UES1,27,34,34,6,-96.874,-92.0469,-108.144,SERVED,0,1,46.843956,138.965633,0
40,UES1,28,35,35,4,-95.3223,-97.7701,-112.068,SERVED,0,1,-236.938515,82.376767,0
40,UES1,29,36,36,2,-80.5047,-62.4076,-96.3706,SERVED,0,1,46.203389,34.724938,0
40,UES1,30,37,37,7,-78.4499,-109.627,-114.424,SERVED,0,1,-28.242145,-240.232345,0
40,UES1,31,38,38,2,-89.1025,-79.7193,-97.2256,SERVED,0,1,212.478008,46.534089,0
40,UES1,32,39,39,2,-102.133,-97.6487,-99.7369,ALTERNATIVE_AVAILABLE,0,1,53.387569,-135.130424,0
40,UES1,33,40,40,3,-87.3664,-78.4258,-91.9677,SERVED,0,1,-104.761171,114.056559,0
40,UES1,34,41,41,1,-103.235,-86.8034,-93.9094,ALTERNATIVE_AVAILABLE,0,1,-2.029865,-218.493858,0
40,UES1,35,42,42,1,-77.4671,-98.9378,-87.2337,SERVED,0,1,154.351983,-79.996069,0
40,UES1,36,43,43,2,-103.759,-106.269,-91.4738,ALTERNATIVE_AVAILABLE,0,1,214.623779,167.052431,0
40,UES1,37,44,44,6,-110.892,-99.5566,-93.1355,ALTERNATIVE_AVAILABLE,0,1,35.254575,-172.390413,0
40,UES1,38,45,45,4,-84.2892,-95.0117,-108.645,SERVED,0,1,-100.594246,-89.852384,0
40,UES1,39,46,46,4,-70.5173,-75.4984,-90.0924,SERVED,0,1,-116.293030,-17.089000,0
40,UES1,40,47,47,4,-102.865,-96.7134,-106.861,ALTERNATIVE_AVAILABLE,0,1,-195.235762,158.636804,0
40,UES1,41,48,48,3,-112.678,-108.429,-108.315,PERSISTING,2,1,-262.402224,-212.329355,0
40,UES1,42,49,49,3,-94.8898,-66.7208,-97.1126,SERVED,0,1,42.178953,62.354667,0
40,UES1,43,50,50,1,-74.1764,-84.7123,-88.2516,SERVED,0,1,61.179798,-123.177320,0
40,UES1,44,51,51,4,-97.5548,-85.0674,-96.7963,SERVED,0,1,-32.773506,127.262836,0
40,UES1,45,52,52,4,-103.279,-82.0459,-106.846,ALTERNATIVE_AVAILABLE,0,1,-87.281442,-162.470667,0
40,UES1,46,53,53,5,-121.944,-98.1836,-111.202,ALTERNATIVE_AVAILABLE,0,1,-115.533951,-193.169845,0
40,UES1,47,54,54,4,-94.0152,-66.0527,-112.939,SERVED,0,1,-137.421650,-103.591130,0
40,UES1,48,55,55,4,-93.4615,-94.4938,-76.466,SERVED,0,1,-202.793339,-50.668570,0
40,UES1,49,56,56,1,-72.7567,-86.8347,-90.1191,SERVED,0,1,84.849340,-49.284334,0
40,UES1,50,57,57,4,-102.676,-99.9926,-105.165,ALTERNATIVE_AVAILABLE,0,1,-96.766260,-144.660915,0
40,UES1,51,58,58,2,-98.7771,-112.988,-94.8653,SERVED,0,1,262.546511,41.663345,0
40,UES1,52,59,59,3,-104.878,-110.422,-97.805,ALTERNATIVE_AVAILABLE,0,1,-166.497036,204.496673,0
40,UES1,53,60,60,4,-104.206,-97.4655,-115.011,ALTERNATIVE_AVAILABLE,0,1,-281.293843,-60.200393,0
40,UES1,54,61,61,1,-86.0556,-89.3009,-107.885,SERVED,0,1,36.263482,-141.006105,0
40,UES1,55,62,62,2,-61.9221,-84.0172,-99.6801,SERVED,0,1,144.332647,-34.489467,0
40,UES1,56,63,63,4,-91.8299,-94.5158,-91.1444,SERVED,0,1,-24.866125,-111.961275,0
40,UES1,57,64,64,3,-102.92,-99.9973,-103.946,ALTERNATIVE_AVAILABLE,0,1,-148.090908,195.288014,0
40,UES1,58,65,65,4,-103.644,-102.34,-110.86,PERSISTING,0,1,-120.632030,-214.362196,0
40,UES1,59,66,66,1,-89.11,-105.362,-112.333,SERVED,0,1,220.209951,-192.338914,0
40,UES2,0,67,67,6,-122.335,-115.014,-106.758,MOVE_REQUIRED,10,1,-407.297537,314.330551,1
40,UES2,1,68,68,3,-86.4666,-115.081,-118.641,SERVED,0,1,338.231607,404.675977,0
40,UES2,2,69,69,1,-113.753,-105.714,-114.126,PERSISTING,1,1,330.061405,-411.442184,0
40,UES2,3,70,70,6,-113.676,-116.874,-115.365,MOVE_REQUIRED,6,1,-276.895432,375.257179,1
40,UES2,4,71,71,5,-111.986,-117.302,-118.636,PERSISTING,0,1,322.730524,349.007127,0
40,UES2,5,72,72,2,-116.283,-116.248,-113.86,MOVE_REQUIRED,7,1,343.438385,-412.829269,1
40,UES2,6,73,73,3,-105.573,-114.684,-120.324,PERSISTING,0,1,-307.485685,289.669440,0
40,UES2,7,74,74,4,-122.581,-93.064,-118.034,ALTERNATIVE_AVAILABLE,0,1,352.104365,387.901907,0
40,UES2,8,75,75,2,-120.334,-116.928,-96.9457,ALTERNATIVE_AVAILABLE,0,1,381.936771,-419.627912,0
40,UES2,9,76,76,6,-115.913,-114.993,-122.148,PERSISTING,0,1,-387.123896,362.796031,0
40,UES2,10,77,77,5,-89.618,-96.1422,-118.549,SERVED,0,1,388.338680,315.136884,0
40,UES2,11,78,78,2,-116.935,-112.353,-116.899,PERSISTING,4,1,363.732173,-369.209512,0
40,UES2,12,79,79,7,-129.603,-98.6811,-118.007,ALTERNATIVE_AVAILABLE,0,1,-421.728925,306.875715,0
40,UES2,13,80,80,2,-111.698,-90.2452,-96.5264,ALTERNATIVE_AVAILABLE,0,1,335.002895,293.096117,0
40,UES2,14,81,81,4,-112.835,-113.252,-113.41,PERSISTING,2,1,362.110635,-326.551489,0
40,UES2,15,82,82,4,-113.225,-113.237,-115.547,PERSISTING,2,1,-337.157595,329.711541,0
40,UES2,16,83,83,1,-115.494,-113.334,-89.9691,ALTERNATIVE_AVAILABLE,0,1,307.466905,340.060331,0
40,UES2,17,84,84,5,-114.29,-88.3284,-119.297,ALTERNATIVE_AVAILABLE,0,1,382.970012,-276.835933,0
40,UES2,18,85,85,3,-113.437,-115.91,-117.277,PERSISTING,2,1,-368.450210,382.587135,0
40,UES2,19,86,86,6,-120.6,-116.839,-117.948,PERSISTING,4,1,394.234757,379.579055,0
40,UES2,20,87,87,2,-110.259,-109.366,-103.585,PERSISTING,0,1,292.142109,-312.881618,0
40,UES2,21,88,88,6,-114.245,-115.924,-112.671,PERSISTING,4,1,-325.345217,380.573877,0
40,UES2,22,89,89,6,-116.051,-118.949,-110.382,PERSISTING,3,1,261.130155,302.501835,0
40,UES2,23,90,90,3,-116.38,-96.6258,-105.336,ALTERNATIVE_AVAILABLE,0,1,274.813105,-269.664099,0
40,UES2,24,91,91,3,-117.248,-113.119,-115.28,MOVE_REQUIRED,7,1,-325.658214,330.940460,1
40,UES2,25,92,92,2,-115.066,-115.065,-109.289,PERSISTING,5,1,313.871997,347.077814,0
40,UES2,26,93,93,7,-85.0292,-113.565,-120.746,SERVED,0,1,318.258034,-359.939432,0
40,UES2,27,94,94,6,-115.486,-97.7704,-94.5619,ALTERNATIVE_AVAILABLE,0,1,-306.801806,300.148589,0
40,UES2,28,95,95,6,-120.182,-118.218,-118.167,PERSISTING,4,1,372.204678,347.401004,0
40,UES2,29,96,96,2,-115.622,-113.933,-117.657,MOVE_REQUIRED,9,1,387.210481,-352.261494,1
41,UES1,0,7,7,4,-82.7084,-109.684,-110.075,SERVED,0,1,-141.980906,-201.301968,0
41,UES1,1,8,8,1,-98.4181,-85.03,-85.2711,SERVED,0,1,162.315339,-138.762036,0
41,UES1,2,9,9,3,-98.9945,-84.4347,-105.735,SERVED,0,1,-207.032497,206.022777,0
41,UES1,3,10,10,1,-103.145,-106.073,-99.4611,ALTERNATIVE_AVAILABLE,0,1,143.138887,-167.921363,0
41,UES1,4,11,11,2,-103.445,-104.358,-109.974,PERSISTING,0,1,104.512648,182.312427,0
41,UES1,5,12,12,3,-89.4671,-90.4748,-108.799,SERVED,0,1,-160.179745,102.379322,0
41,UES1,6,13,13,2,-62.3088,-91.3305,-89.6213,SERVED,0,1,89.843293,125.216388,0
41,UES1,7,14,14,1,-93.4024,-96.3254,-99.9576,SERVED,0,1,6.684628,-131.236391,0
41,UES1,8,15,15,1,-103.072,-102.931,-90.1022,ALTERNATIVE_AVAILABLE,0,1,74.037523,-206.193396,0
41,UES1,9,16,16,1,-68.1464,-76.5469,-98.3032,SERVED,0,1,94.294978,1.827342,0
41,UES1,10,17,17,4,-79.0923,-109.098,-103.17,SERVED,0,1,-68.842107,-176.597045,0
41,UES1,11,18,18,3,-77.7978,-88.8348,-94.4796,SERVED,0,1,-111.191640,76.523426,0
41,UES1,12,19,19,5,-95.6118,-99.9948,-94.4984,SERVED,0,1,256.370242,-34.080388,0
41,UES1,13,20,20,2,-98.8045,-115.458,-98.7259,SERVED,0,1,89.442556,147.466838,0
41,UES1,14,21,21,1,-94.6071,-88.1281,-96.272,SERVED,0,1,114.437935,-127.673791,0
41,UES1,15,22,22,1,-64.2616,-94.2569,-99.9947,SERVED,0,1,82.803272,-108.497511,0
41,UES1,16,23,23,3,-108.616,-92.8125,-104.393,ALTERNATIVE_AVAILABLE,0,1,-253.590578,-41.501798,0
41,UES1,17,24,24,1,-53.4375,-87.7629,-86.9559,SERVED,0,1,82.344813,-20.038433,0
41,UES1,18,25,25,1,-61.2458,-94.2355,-106.292,SERVED,0,1,98.092222,-78.481731,0
41,UES1,19,26,26,4,-90.3126,-101.135,-97.4716,SERVED,0,1,-98.808046,-141.443365,0
41,UES1,20,27,27,3,-103.938,-103.462,-77.4576,ALTERNATIVE_AVAILABLE,0,1,-170.394329,164.515853,0
41,UES1,21,28,28,4,-103.983,-79.1062,-94.8834,ALTERNATIVE_AVAILABLE,0,1,-140.335868,250.307532,0
41,UES1,22,29,29,1,-94.4894,-87.946,-87.4964,SERVED,0,1,226.399778,112.417318,0
41,UES1,23,30,30,1,-97.2031,-104.408,-90.1651,SERVED,0,1,63.972512,-173.885083,0
41,UES1,24,31,31,3,-81.2753,-90.7806,-98.3487,SERVED,0,1,-86.795504,174.030721,0
41,UES1,25,32,32,3,-97.9684,-104.099,-103.225,SERVED,0,1,-38.498922,234.051346,0
41,UES1,26,33,33,5,-65.1632,-93.4248,-105.96,SERVED,0,1,242.419778,71.967131,0
41,UES1,27,34,34,6,-87.2235,-89.2139,-107.633,SERVED,0,1,45.430152,143.685911,0
41,UES1,28,35,35,4,-81.9054,-108.502,-109.589,SERVED,0,1,-242.867520,83.028387,0
41,UES1,29,36,36,2,-86.4279,-103.58,-98.2941,SERVED,0,1,42.893171,39.562718,0
41,UES1,30,37,37,7,-79.6655,-111.523,-115.516,SERVED,0,1,-31.169093,-244.532612,0
41,UES1,31,38,38,2,-98.5495,-115.935,-101.421,SERVED,0,1,216.570741,48.332884,0
41,UES1,32,39,39,1,-95.7699,-90.6246,-90.0842,SERVED,0,1,53.462838,-140.537336,0
41,UES1,33,40,40,3,-65.1353,-69.5403,-108.302,SERVED,0,1,-106.401170,118.544390,0
41,UES1,34,41,41,1,-105.104,-107.107,-108.496,PERSISTING,0,1,-0.014966,-223.713916,0
41,UES1,35,42,42,1,-72.7235,-98.2359,-107.078,SERVED,0,1,159.796962,-82.085369,0
41,UES1,36,43,43,2,-98.2415,-87.7223,-102.55,SERVED,0,1,219.855353,170.157673,0
41,UES1,37,44,44,6,-112.368,-100.987,-102.023,PERSISTING,0,1,36.596034,-177.707748,0
41,UES1,38,45,45,4,-92.973,-95.5221,-106.165,SERVED,0,1,-104.086976,-92.602503,0
41,UES1,39,46,46,4,-76.0287,-94.9267,-109.457,SERVED,0,1,-121.054759,-15.596464,0
41,UES1,40,47,47,4,-101.337,-95.7338,-94.4452,ALTERNATIVE_AVAILABLE,0,1,-197.058043,163.032340,0
41,UES1,41,48,48,4,-95.2718,-98.3771,-110.199,SERVED,0,1,-266.569496,-215.687945,0
41,UES1,42,49,49,2,-84.2271,-102.533,-93.3308,SERVED,0,1,44.731251,66.766664,0
41,UES1,43,50,50,1,-90.0613,-87.6504,-92.7665,SERVED,0,1,65.625122,-125.096813,0
41,UES1,44,51,51,4,-90.3121,-88.167,-85.3615,SERVED,0,1,-36.063531,131.089033,0
41,UES1,45,52,52,4,-104.852,-103.793,-110.729,PERSISTING,0,1,-91.585094,-164.675065,0
41,UES1,46,53,53,5,-125.903,-104.273,-95.8514,ALTERNATIVE_AVAILABLE,0,1,-118.287002,-198.362115,0
41,UES1,47,54,54,4,-95.1959,-95.8684,-111.427,SERVED,0,1,-139.410485,-108.060600,0
41,UES1,48,55,55,4,-88.0811,-63.8234,-106.934,SERVED,0,1,-206.841396,-53.387743,0
41,UES1,49,56,56,1,-61.4497,-91.6361,-75.181,SERVED,0,1,86.811918,-51.800971,0
41,UES1,50,57,57,4,-98.576,-89.1329,-107.824,SERVED,0,1,-96.420603,-149.685192,0
41,UES1,51,58,58,2,-82.1825,-114.931,-101.434,SERVED,0,1,265.140137,42.315254,0
41,UES1,52,59,59,6,-90.813,-101.231,-101.894,SERVED,0,1,-169.648431,206.339358,0
41,UES1,53,60,60,3,-102.898,-109.591,-114.054,PERSISTING,0,1,-286.091470,-61.077908,0
41,UES1,54,61,61,1,-97.0853,-98.5789,-93.4053,SERVED,0,1,34.765166,-145.790273,0
41,UES1,55,62,62,2,-61.9222,-101.647,-92.5991,SERVED,0,1,147.505930,-37.478122,0
41,UES1,56,63,63,4,-101.148,-68.1899,-99.7103,ALTERNATIVE_AVAILABLE,0,1,-22.956323,-117.684657,0
41,UES1,57,64,64,3,-104.715,-90.854,-101.274,ALTERNATIVE_AVAILABLE,0,1,-150.117551,200.238576,0
41,UES1,58,65,65,4,-82.3423,-102.833,-109.64,SERVED,0,1,-120.418178,-219.446413,0
41,UES1,59,66,66,1,-108.936,-89.9231,-109.193,ALTERNATIVE_AVAILABLE,0,1,223.601006,-197.084213,0
41,UES2,0,67,67,6,-115.927,-119.508,-124.139,MOVE_REQUIRED,11,1,-402.382156,314.936741,1
41,UES2,1,68,68,3,-123.25,-113.066,-118.118,PERSISTING,0,1,337.383821,400.364428,0
41,UES2,2,69,69,1,-114.201,-116.871,-117.486,PERSISTING,2,1,331.102898,-409.890028,0
41,UES2,3,70,70,6,-111.266,-104.366,-120.332,MOVE_REQUIRED,7,1,-279.456274,371.355742,1
41,UES2,4,71,71,5,-111.846,-112.228,-102.883,PERSISTING,1,1,319.961857,350.956307,0
41,UES2,5,72,72,2,-113.328,-92.3854,-117.469,ALTERNATIVE_AVAILABLE,0,1,347.364648,-413.310058,0
41,UES2,6,73,73,3,-115.001,-112.414,-113.389,PERSISTING,1,1,-305.752438,286.345607,0
41,UES2,7,74,74,4,-119.181,-117.718,-117.258,PERSISTING,0,1,348.843753,390.940227,0
41,UES2,8,75,75,2,-114.161,-117.764,-118.564,PERSISTING,0,1,382.424501,-416.181431,0
41,UES2,9,76,76,6,-113.614,-117.727,-123.35,PERSISTING,1,1,-386.091104,365.518595,0
41,UES2,10,77,77,5,-110.114,-119.215,-117.094,PERSISTING,0,1,385.456839,316.624414,0
41,UES2,11,78,78,2,-122.064,-121.396,-106.067,PERSISTING,5,1,365.148798,-373.330058,0
41,UES2,12,79,79,7,-119.774,-113.331,-116.813,PERSISTING,0,1,-418.051819,308.536041,0
41,UES2,13,80,80,2,-110.346,-117.727,-111.617,PERSISTING,0,1,332.015597,291.417928,0
41,UES2,14,81,81,4,-121.345,-114.042,-112.162,PERSISTING,3,1,359.795938,-323.496989,0
41,UES2,15,82,82,4,-114.557,-112.578,-119.97,PERSISTING,3,1,-339.137356,328.872995,0
41,UES2,16,83,83,1,-112.29,-111.93,-114.322,PERSISTING,0,1,311.431210,339.608487,0
41,UES2,17,84,84,5,-109.384,-114.359,-115.272,PERSISTING,0,1,382.052437,-283.195355,0
41,UES2,18,85,85,3,-116.304,-117.101,-116.856,PERSISTING,3,1,-371.012274,379.482331,0
41,UES2,19,86,86,6,-128.455,-120.574,-119.615,PERSISTING,5,1,390.218593,375.571888,0
41,UES2,20,87,87,2,-112.244,-117.431,-114.65,PERSISTING,1,1,291.789805,-316.356039,0
41,UES2,21,88,88,6,-111.02,-117.361,-119.913,PERSISTING,5,1,-329.087674,383.770296,0
41,UES2,22,89,89,6,-117.724,-110.161,-104.289,PERSISTING,4,1,263.174306,303.078697,0
41,UES2,23,90,90,3,-119.179,-112.257,-110.568,PERSISTING,0,1,277.922471,-271.429262,0
41,UES2,24,91,91,3,-109.648,-112.514,-119.62,MOVE_REQUIRED,8,1,-321.685883,328.457453,1
41,UES2,25,92,92,5,-113.113,-113.7,-103.348,MOVE_REQUIRED,6,1,316.023566,348.817604,1
41,UES2,26,93,93,7,-88.7122,-116.094,-116.681,SERVED,0,1,315.474013,-358.627208,0
41,UES2,27,94,94,6,-111.265,-100.626,-122.205,PERSISTING,0,1,-312.283793,299.636101,0
41,UES2,28,95,95,6,-121.35,-118.776,-114.024,PERSISTING,5,1,375.647405,349.530337,0
41,UES2,29,96,96,2,-115.307,-118.403,-113.643,MOVE_REQUIRED,10,1,388.798138,-347.834766,1
42,UES1,0,7,7,4,-79.3907,-108.915,-111.988,SERVED,0,1,-145.489767,-204.829236,0
42,UES1,1,8,8,1,-99.1464,-100,-87.6686,SERVED,0,1,167.498036,-143.189292,0
42,UES1,2,9,9,3,-97.9542,-101.088,-108.869,SERVED,0,1,-210.431434,209.148265,0
42,UES1,3,10,10,1,-101.09,-83.151,-86.2854,ALTERNATIVE_AVAILABLE,0,1,148.657241,-169.983078,0
42,UES1,4,11,11,2,-92.8225,-106.016,-99.8319,SERVED,0,1,109.013967,185.370186,0
42,UES1,5,12,12,3,-83.4664,-92.2891,-102.802,SERVED,0,1,-161.722563,105.689982,0
42,UES1,6,13,13,2,-62.6455,-102.573,-106.733,SERVED,0,1,89.316306,131.386870,0
42,UES1,7,14,14,1,-70.6795,-97.5425,-91.2944,SERVED,0,1,5.858060,-137.047048,0
42,UES1,8,15,15,1,-101.998,-82.0188,-103.942,ALTERNATIVE_AVAILABLE,0,1,76.331851,-210.346402,0
42,UES1,9,16,16,1,-65.263,-72.7705,-100.654,SERVED,0,1,100.185552,-1.317537,0
42,UES1,10,17,17,4,-103.735,-101.819,-87.8735,ALTERNATIVE_AVAILABLE,0,1,-70.362568,-182.259708,0
42,UES1,11,18,18,3,-70.2257,-82.2246,-103.955,SERVED,0,1,-116.723544,77.402453,0
42,UES1,12,19,19,5,-103.274,-105.96,-85.7821,ALTERNATIVE_AVAILABLE,0,1,260.561115,-32.239917,0
42,UES1,13,20,20,2,-92.9988,-116.719,-82.9277,SERVED,0,1,91.419322,151.699645,0
42,UES1,14,21,21,1,-74.3024,-97.3514,-85.3581,SERVED,0,1,119.025859,-130.110415,0
42,UES1,15,22,22,1,-70.1565,-101.844,-93.3618,SERVED,0,1,81.501639,-113.472425,0
42,UES1,16,23,23,3,-106.563,-106.158,-109.07,PERSISTING,0,1,-259.715641,-41.223389,0
42,UES1,17,24,24,1,-73.478,-80.3682,-101.208,SERVED,0,1,87.118251,-18.890630,0
42,UES1,18,25,25,1,-65.4636,-93.1031,-94.9185,SERVED,0,1,100.983841,-82.130494,0
42,UES1,19,26,26,4,-89.0103,-102.213,-83.8799,SERVED,0,1,-101.832959,-146.965095,0
42,UES1,20,27,27,3,-104.097,-103.98,-94.934,ALTERNATIVE_AVAILABLE,0,1,-173.502535,167.764546,0
42,UES1,21,28,28,4,-104.861,-103.361,-107.242,PERSISTING,0,1,-141.779394,254.117336,0
42,UES1,22,29,29,1,-98.083,-101.178,-88.5809,SERVED,0,1,229.551104,116.496916,0
42,UES1,23,30,30,1,-104.615,-95.2381,-103.51,ALTERNATIVE_AVAILABLE,0,1,66.299334,-179.512171,0
42,UES1,24,31,31,3,-100.754,-99.035,-103.087,ALTERNATIVE_AVAILABLE,0,1,-91.945371,177.065320,0
42,UES1,25,32,32,3,-99.3077,-71.5959,-94.8696,SERVED,0,1,-38.975125,239.436153,0
42,UES1,26,33,33,5,-64.2164,-106.415,-110.22,SERVED,0,1,245.816774,74.753681,0
42,UES1,27,34,34,6,-102.499,-90.3256,-109.829,ALTERNATIVE_AVAILABLE,0,1,46.007832,149.388756,0
42,UES1,28,35,35,4,-90.2125,-83.2413,-110.349,SERVED,0,1,-247.320701,85.871519,0
42,UES1,29,36,36,2,-78.9107,-96.7434,-103.525,SERVED,0,1,41.077936,43.927072,0
42,UES1,30,37,37,7,-68.8482,-109.204,-98.8413,SERVED,0,1,-32.698014,-250.135241,0
42,UES1,31,38,38,2,-78.9079,-118.749,-93.4463,SERVED,0,1,221.413192,49.558975,0
42,UES1,32,39,39,1,-100.316,-104.782,-88.82,ALTERNATIVE_AVAILABLE,0,1,54.372152,-145.306679,0
42,UES1,33,40,40,3,-69.924,-94.2131,-89.3112,SERVED,0,1,-108.559228,123.164317,0
42,UES1,34,41,41,1,-109.975,-105.691,-93.3463,ALTERNATIVE_AVAILABLE,0,1,1.918571,-226.933022,0
42,UES1,35,42,42,1,-96.9994,-96.4473,-82.5363,SERVED,0,1,163.525209,-85.011369,0
42,UES1,36,43,43,2,-100.79,-111.614,-102.161,PERSISTING,0,1,223.242029,173.034187,0
42,UES1,37,44,44,6,-111.858,-95.5662,-104.381,ALTERNATIVE_AVAILABLE,0,1,37.649262,-182.523833,0
42,UES1,38,45,45,4,-88.455,-92.3184,-112.199,SERVED,0,1,-108.341945,-95.251440,0
42,UES1,39,46,46,4,-75.7146,-87.8615,-105.702,SERVED,0,1,-125.949416,-14.779508,0
42,UES1,40,47,47,4,-78.6003,-96.3304,-102.663,SERVED,0,1,-199.455118,166.940768,0
42,UES1,41,48,48,4,-108.022,-109.728,-114.827,PERSISTING,0,1,-270.706638,-218.514248,0
42,UES1,42,49,49,2,-81.5495,-100.129,-93.4966,SERVED,0,1,45.762136,72.002424,0
42,UES1,43,50,50,1,-76.2099,-100.661,-78.8299,SERVED,0,1,68.547434,-129.388348,0
42,UES1,44,51,51,4,-100.466,-83.3692,-95.5126,ALTERNATIVE_AVAILABLE,0,1,-37.526584,135.566960,0
42,UES1,45,52,52,4,-105.551,-96.72,-106.445,ALTERNATIVE_AVAILABLE,0,1,-95.377189,-169.120343,0
42,UES1,46,53,53,5,-117.819,-111.912,-108.32,PERSISTING,0,1,-121.086431,-202.516233,0
42,UES1,47,54,54,4,-74.6167,-94.9063,-107.777,SERVED,0,1,-141.225973,-113.559075,0
42,UES1,48,55,55,4,-89.5133,-92.9243,-108.941,SERVED,0,1,-210.025668,-58.291124,0
42,UES1,49,56,56,1,-64.7955,-80.3097,-101.494,SERVED,0,1,91.323567,-56.761810,0
42,UES1,50,57,57,4,-101.773,-101.097,-104.044,PERSISTING,0,1,-97.218086,-154.466426,0
42,UES1,51,58,58,2,-105.735,-85.7536,-87.8749,ALTERNATIVE_AVAILABLE,0,1,271.881221,42.110834,0
42,UES1,52,59,59,6,-100.602,-104.552,-120.461,PERSISTING,0,1,-174.179559,209.549001,0
42,UES1,53,60,60,3,-80.2921,-104.166,-115.792,SERVED,0,1,-289.564661,-62.367686,0
42,UES1,54,61,61,1,-67.9645,-92.4345,-87.7909,SERVED,0,1,33.660971,-151.254925,0
42,UES1,55,62,62,2,-82.4929,-106.932,-87.8097,SERVED,0,1,153.035738,-39.483888,0
42,UES1,56,63,63,4,-84.9392,-98.7645,-102.251,SERVED,0,1,-22.753253,-123.254285,0
42,UES1,57,64,64,3,-97.5332,-98.6289,-104.717,SERVED,0,1,-151.597767,204.260645,0
42,UES1,58,65,65,4,-104.817,-110.201,-105.597,PERSISTING,0,1,-121.992322,-224.666836,0
42,UES1,59,66,66,1,-102.442,-107.773,-89.8382,ALTERNATIVE_AVAILABLE,0,1,227.724666,-199.725995,0
42,UES2,0,67,67,6,-114.046,-118.225,-123.702,MOVE_REQUIRED,12,1,-400.500482,316.381899,1
42,UES2,1,68,68,3,-127.717,-115.273,-115.07,PERSISTING,1,1,335.719464,396.479792,0
42,UES2,2,69,69,1,-113.577,-115.335,-112.482,PERSISTING,3,1,335.392700,-407.015619,0
42,UES2,3,70,70,6,-112.08,-115.333,-119.623,MOVE_REQUIRED,8,1,-281.573712,368.286670,1
42,UES2,4,71,71,5,-107.045,-113.924,-115.995,PERSISTING,2,1,315.863762,351.512401,0
42,UES2,5,72,72,2,-117.392,-123.796,-114.453,PERSISTING,0,1,349.721868,-415.350718,0
42,UES2,6,73,73,3,-110.031,-112.566,-117.195,PERSISTING,2,1,-302.578438,282.382169,0
42,UES2,7,74,74,4,-124.434,-119.205,-92.4222,ALTERNATIVE_AVAILABLE,0,1,346.083095,393.609201,0
42,UES2,8,75,75,2,-118.371,-120.499,-117.295,PERSISTING,1,1,384.325211,-413.132015,0
42,UES2,9,76,76,6,-108.745,-118.639,-121.791,PERSISTING,2,1,-384.117299,369.771788,0
42,UES2,10,77,77,5,-108.155,-104.914,-120.334,PERSISTING,1,1,382.444405,318.406600,0
42,UES2,11,78,78,2,-116.566,-118.583,-114.863,MOVE_REQUIRED,6,1,368.725682,-376.739066,1
42,UES2,12,79,79,7,-125.243,-101.503,-121.916,PERSISTING,1,1,-414.121165,310.079287,0
42,UES2,13,80,80,2,-112.037,-118.901,-87.0412,ALTERNATIVE_AVAILABLE,0,1,328.731886,290.360087,0
42,UES2,14,81,81,4,-116.476,-113.349,-112.52,PERSISTING,4,1,358.076367,-322.875344,0
42,UES2,15,82,82,4,-115.138,-113.48,-120.342,PERSISTING,4,1,-342.662003,325.488537,0
42,UES2,16,83,83,1,-118.83,-112.58,-114.537,PERSISTING,1,1,316.752391,341.778195,0
42,UES2,17,84,84,5,-110.796,-112.227,-112.075,PERSISTING,1,1,381.434250,-286.680103,0
42,UES2,18,85,85,3,-119.223,-118.515,-118.741,PERSISTING,4,1,-374.065279,375.648706,0
42,UES2,19,86,86,6,-112.004,-115.316,-112.618,MOVE_REQUIRED,6,1,386.921809,374.052632,1
42,UES2,20,87,87,2,-109.378,-116.093,-109.461,PERSISTING,2,1,291.382041,-320.850156,0
42,UES2,21,88,88,6,-112.234,-118.695,-119.234,MOVE_REQUIRED,6,1,-332.346706,385.815595,1
42,UES2,22,89,89,6,-119.302,-116.284,-111.688,PERSISTING,5,1,266.185515,306.082730,0
42,UES2,23,90,90,3,-117.625,-112.31,-109.339,PERSISTING,1,1,282.006350,-272.266160,0
42,UES2,24,91,91,3,-82.3049,-114.157,-112.413,SERVED,0,1,-320.331264,324.939672,0
42,UES2,25,92,92,5,-112.759,-115.866,-116.044,MOVE_REQUIRED,7,1,318.231831,351.822689,1
42,UES2,26,93,93,7,-114.242,-118.316,-116.237,PERSISTING,0,1,311.344607,-355.751943,0
42,UES2,27,94,94,6,-116.104,-115.082,-119.823,PERSISTING,1,1,-314.696625,296.907150,0
42,UES2,28,95,95,6,-123.287,-118.813,-103.078,MOVE_REQUIRED,6,1,377.390973,353.242464,1
42,UES2,29,96,96,2,-116.362,-87.5974,-87.8974,ALTERNATIVE_AVAILABLE,0,1,393.136535,-345.632982,0
43,UES1,0,7,7,4,-102.221,-105.148,-111.62,PERSISTING,0,1,-147.998468,-209.000267,0
43,UES1,1,8,8,1,-98.4921,-101.057,-85.5205,SERVED,0,1,168.824203,-146.332240,0
43,UES1,2,9,9,3,-103.882,-104.065,-107.761,PERSISTING,0,1,-213.126891,213.274198,0
43,UES1,3,10,10,1,-102.439,-104.792,-110.143,PERSISTING,0,1,150.968351,-172.282313,0
43,UES1,4,11,11,2,-96.6981,-100.566,-97.4641,SERVED,0,1,112.583501,188.276467,0
43,UES1,5,12,12,3,-89.0369,-93.4883,-108.09,SERVED,0,1,-166.217987,110.304798,0
43,UES1,6,13,13,2,-87.1001,-89.2483,-87.8082,SERVED,0,1,88.965219,136.337272,0
43,UES1,7,14,14,1,-96.6984,-97.4661,-91.9426,SERVED,0,1,3.960852,-142.156463,0
43,UES1,8,15,15,1,-100.1,-83.3099,-107.651,ALTERNATIVE_AVAILABLE,0,1,78.491909,-215.582172,0
43,UES1,9,16,16,1,-68.9812,-87.6269,-90.9035,SERVED,0,1,104.950832,-2.549294,0
43,UES1,10,17,17,4,-101.028,-101.374,-108.067,PERSISTING,0,1,-70.969828,-187.686424,0
43,UES1,11,18,18,3,-82.6784,-85.5247,-90.6487,SERVED,0,1,-121.567250,80.726998,0
43,UES1,12,19,19,5,-94.9326,-103.977,-89.7065,SERVED,0,1,266.450175,-31.743707,0
43,UES1,13,20,20,2,-100.318,-92.3065,-98.7622,ALTERNATIVE_AVAILABLE,0,1,93.576853,157.103832,0
43,UES1,14,21,21,1,-100.993,-93.4896,-94.9635,ALTERNATIVE_AVAILABLE,0,1,122.131358,-134.226115,0
43,UES1,15,22,22,1,-91.4724,-101.123,-98.9231,SERVED,0,1,82.771996,-118.327893,0
43,UES1,16,23,23,3,-104.145,-107.165,-107.443,PERSISTING,1,1,-264.908266,-40.203292,0
43,UES1,17,24,24,1,-73.4749,-70.2184,-75.1493,SERVED,0,1,91.981041,-19.282173,0
43,UES1,18,25,25,1,-83.3795,-91.6156,-104.503,SERVED,0,1,103.742596,-86.615633,0
43,UES1,19,26,26,3,-102.23,-100.992,-110.599,PERSISTING,0,1,-102.890889,-150.651625,0
43,UES1,20,27,27,3,-95.691,-103.699,-95.1907,SERVED,0,1,-176.902459,171.606257,0
43,UES1,21,28,28,4,-106.667,-92.1396,-108.723,ALTERNATIVE_AVAILABLE,0,1,-142.976791,259.395491,0
43,UES1,22,29,29,1,-105.17,-69.8609,-92.3849,ALTERNATIVE_AVAILABLE,0,1,234.371800,120.627904,0
43,UES1,23,30,30,1,-100.814,-85.4163,-95.5635,ALTERNATIVE_AVAILABLE,0,1,68.008748,-183.576060,0
43,UES1,24,31,31,3,-98.7122,-89.8317,-103.609,SERVED,0,1,-95.903011,179.870749,0
43,UES1,25,32,32,3,-104.937,-80.7128,-93.3474,ALTERNATIVE_AVAILABLE,0,1,-39.224602,243.820045,0
43,UES1,26,33,33,5,-91.047,-109.048,-110.938,SERVED,0,1,249.464601,78.981599,0
43,UES1,27,34,34,6,-102.644,-83.7784,-109.583,ALTERNATIVE_AVAILABLE,0,1,45.533065,153.996429,0
43,UES1,28,35,35,4,-102.252,-89.3134,-101.522,ALTERNATIVE_AVAILABLE,0,1,-250.728052,86.565875,0
43,UES1,29,36,36,2,-85.2246,-68.5191,-100.142,SERVED,0,1,38.748756,47.991019,0
43,UES1,30,37,37,7,-101.405,-115.869,-117.077,PERSISTING,0,1,-34.236676,-255.369862,0
43,UES1,31,38,38,2,-78.3798,-105.376,-88.2463,SERVED,0,1,225.748853,50.836631,0
43,UES1,32,39,39,1,-99.2952,-103.638,-105.218,SERVED,0,1,53.950057,-151.190967,0
43,UES1,33,40,40,3,-66.6816,-91.7875,-107.859,SERVED,0,1,-109.470251,127.125506,0
43,UES1,34,41,41,4,-100.791,-85.005,-105.872,ALTERNATIVE_AVAILABLE,0,1,4.189840,-232.835867,0
43,UES1,35,42,42,1,-100.149,-98.7241,-107.128,ALTERNATIVE_AVAILABLE,0,1,167.790047,-86.761615,0
43,UES1,36,43,43,5,-85.0334,-100.029,-114.752,SERVED,0,1,227.057052,177.352991,0
43,UES1,37,44,44,3,-110.04,-99.8798,-95.2892,ALTERNATIVE_AVAILABLE,0,1,39.967126,-187.388009,0
43,UES1,38,45,45,4,-83.4866,-102.029,-111.261,SERVED,0,1,-112.643565,-96.889889,0
43,UES1,39,46,46,4,-80.3077,-93.7897,-108.523,SERVED,0,1,-131.391071,-15.134696,0
43,UES1,40,47,47,4,-101.27,-84.339,-88.644,ALTERNATIVE_AVAILABLE,0,1,-202.785156,172.584164,0
43,UES1,41,48,48,4,-106.928,-108.813,-113.259,PERSISTING,1,1,-274.386294,-222.456964,0
43,UES1,42,49,49,2,-81.4838,-76.2048,-103.742,SERVED,0,1,48.917130,74.412160,0
43,UES1,43,50,50,1,-99.5011,-81.4796,-80.4287,SERVED,0,1,72.380288,-131.956905,0
43,UES1,44,51,51,4,-95.8338,-83.3496,-105.303,SERVED,0,1,-38.053468,139.530946,0
43,UES1,45,52,52,4,-98.5841,-105.455,-107.96,SERVED,0,1,-98.144845,-172.948488,0
43,UES1,46,53,53,5,-126.057,-108.185,-112.458,PERSISTING,1,1,-123.788077,-205.846344,0
43,UES1,47,54,54,4,-73.5796,-77.6702,-108.316,SERVED,0,1,-141.462099,-118.167806,0
43,UES1,48,55,55,4,-93.6273,-95.485,-107.68,SERVED,0,1,-212.717999,-60.730111,0
43,UES1,49,56,56,1,-65.8184,-87.8618,-102.767,SERVED,0,1,94.541583,-59.167438,0
43,UES1,50,57,57,4,-76.1383,-82.968,-108.465,SERVED,0,1,-99.352403,-160.843520,0
43,UES1,51,58,58,2,-82.0714,-111.07,-86.3371,SERVED,0,1,276.116603,43.510102,0
43,UES1,52,59,59,6,-95.4283,-97.858,-121.502,SERVED,0,1,-178.896418,211.979443,0
43,UES1,53,60,60,3,-96.3947,-102.632,-116.492,SERVED,0,1,-295.469590,-63.579605,0
43,UES1,54,61,61,1,-97.3117,-82.4323,-102.721,SERVED,0,1,33.452648,-155.263466,0
43,UES1,55,62,62,2,-79.9618,-92.498,-101.286,SERVED,0,1,156.138818,-44.025476,0
43,UES1,56,63,63,4,-93.9378,-95.3031,-100.985,SERVED,0,1,-21.401304,-127.809513,0
43,UES1,57,64,64,3,-95.5568,-98.0217,-85.5865,SERVED,0,1,-153.465748,208.944771,0
43,UES1,58,65,65,4,-106.502,-104.601,-84.5482,ALTERNATIVE_AVAILABLE,0,1,-123.030397,-230.144048,0
43,UES1,59,66,66,1,-101.349,-109.75,-102.944,PERSISTING,0,1,231.471256,-203.678709,0
43,UES2,0,67,67,6,-118.442,-117.185,-123.873,MOVE_REQUIRED,13,1,-395.314727,316.375061,1
43,UES2,1,68,68,3,-116.447,-112.547,-116.69,PERSISTING,2,1,334.367731,392.564595,0
43,UES2,2,69,69,1,-113.029,-117.593,-116.446,PERSISTING,4,1,337.332969,-404.581263,0
43,UES2,3,70,70,6,-110.245,-117.865,-95.1071,ALTERNATIVE_AVAILABLE,0,1,-282.590993,364.274919,0
43,UES2,4,71,71,5,-81.4653,-114.01,-117.786,SERVED,0,1,312.030880,355.013401,0
43,UES2,5,72,72,2,-119.571,-120.374,-114.833,PERSISTING,1,1,354.577574,-416.119246,0
43,UES2,6,73,73,3,-112.989,-114.319,-117.65,PERSISTING,3,1,-298.866869,279.682852,0
43,UES2,7,74,74,4,-123.195,-107.05,-115.826,PERSISTING,0,1,342.634754,395.459391,0
43,UES2,8,75,75,2,-87.6065,-91.0256,-117.632,SERVED,0,1,386.086339,-409.594835,0
43,UES2,9,76,76,6,-113.87,-118.123,-126.797,PERSISTING,3,1,-384.526741,373.408166,0
43,UES2,10,77,77,5,-105.946,-118.049,-123.654,PERSISTING,2,1,377.590257,320.753533,0
43,UES2,11,78,78,2,-114.351,-112.542,-117.014,MOVE_REQUIRED,7,1,371.819300,-379.852362,1
43,UES2,12,79,79,7,-120.67,-104.414,-119.867,PERSISTING,2,1,-411.219326,311.118597,0
43,UES2,13,80,80,5,-92.5689,-113.124,-118.767,SERVED,0,1,324.946193,289.482876,0
43,UES2,14,81,81,4,-119.003,-112.161,-113.134,PERSISTING,5,1,354.465858,-318.504060,0
43,UES2,15,82,82,4,-113.988,-115.488,-120.622,PERSISTING,5,1,-344.803701,323.416024,0
43,UES2,16,83,83,1,-114.735,-114.279,-107.776,PERSISTING,2,1,319.283558,341.949716,0
43,UES2,17,84,84,5,-116.368,-113.156,-113.002,PERSISTING,2,1,381.887076,-290.142419,0
43,UES2,18,85,85,3,-112.851,-114.997,-121.632,PERSISTING,5,1,-375.840472,373.218053,0
43,UES2,19,86,86,6,-118.936,-114.593,-116.076,MOVE_REQUIRED,7,1,383.326566,372.839469,1
43,UES2,20,87,87,2,-113.346,-79.8608,-107.814,ALTERNATIVE_AVAILABLE,0,1,291.457100,-324.542803,0
43,UES2,21,88,88,6,-112.706,-117.912,-122.514,MOVE_REQUIRED,7,1,-336.004928,387.999333,1
43,UES2,22,89,89,6,-124.228,-113.168,-102.796,MOVE_REQUIRED,6,1,269.757038,307.533986,1
43,UES2,23,90,90,3,-115.522,-110.843,-92.1516,ALTERNATIVE_AVAILABLE,0,1,286.700711,-274.964908,0
43,UES2,24,91,91,3,-114.604,-114.608,-117.43,PERSISTING,0,1,-323.947267,327.646620,0
43,UES2,25,92,92,5,-109.679,-114.442,-116.594,MOVE_REQUIRED,8,1,322.427942,354.922869,1
43,UES2,26,93,93,7,-110.189,-118.96,-113.747,PERSISTING,1,1,308.187828,-355.316450,0
43,UES2,27,94,94,2,-127.251,-117.539,-111.185,PERSISTING,2,1,-317.717238,295.358784,0
43,UES2,28,95,95,6,-127.965,-99.0745,-114.202,ALTERNATIVE_AVAILABLE,0,1,380.305891,356.176530,0
43,UES2,29,96,96,2,-117.789,-116.146,-115.444,PERSISTING,0,1,394.628606,-341.341433,0
44,UES1,0,7,7,4,-101.621,-103.978,-107.056,PERSISTING,1,1,-150.646692,-212.903077,0
44,UES1,1,8,8,1,-68.5679,-102.23,-98.4038,SERVED,0,1,171.290690,-150.843408,0
44,UES1,2,9,9,3,-87.0284,-105.807,-96.1891,SERVED,0,1,-216.867291,216.100475,0
44,UES1,3,10,10,1,-107.663,-103.888,-99.9452,ALTERNATIVE_AVAILABLE,0,1,154.498447,-176.707579,0
44,UES1,4,11,11,2,-101.688,-101.763,-107.523,PERSISTING,0,1,116.713829,191.779330,0
44,UES1,5,12,12,3,-89.1399,-96.1788,-95.0293,SERVED,0,1,-169.190149,113.138782,0
44,UES1,6,13,13,2,-67.3812,-98.1778,-102.948,SERVED,0,1,88.960850,140.958215,0
44,UES1,7,14,14,1,-97.9683,-69.0208,-102.912,SERVED,0,1,3.359638,-147.322104,0
44,UES1,8,15,15,1,-103.914,-104.237,-105.992,PERSISTING,0,1,80.264890,-220.150789,0
44,UES1,9,16,16,1,-65.3882,-92.7315,-86.9839,SERVED,0,1,109.434799,-4.631637,0
44,UES1,10,17,17,4,-100.84,-101.385,-100.641,PERSISTING,1,1,-71.882391,-193.024702,0
44,UES1,11,18,18,3,-77.6497,-76.3844,-99.9918,SERVED,0,1,-125.580482,80.345546,0
44,UES1,12,19,19,5,-101.052,-102.856,-107.552,PERSISTING,0,1,270.447681,-29.592076,0
44,UES1,13,20,20,2,-99.2598,-95.8457,-74.5866,SERVED,0,1,95.830559,161.112696,0
44,UES1,14,21,21,1,-97.5533,-104.662,-95.4549,SERVED,0,1,125.794466,-138.291421,0
44,UES1,15,22,22,1,-98.3649,-72.8437,-85.1093,SERVED,0,1,79.672534,-123.381791,0
44,UES1,16,23,23,3,-105.266,-107.104,-114.138,PERSISTING,2,1,-269.570062,-40.910872,0
44,UES1,17,24,24,1,-79.0928,-72.6736,-102.79,SERVED,0,1,96.855159,-19.196782,0
44,UES1,18,25,25,1,-92.9867,-96.4611,-77.3692,SERVED,0,1,106.421573,-90.084016,0
44,UES1,19,26,26,3,-103.827,-69.8214,-110.385,ALTERNATIVE_AVAILABLE,0,1,-105.993707,-155.407280,0
44,UES1,20,27,27,3,-107.304,-112.755,-93.2538,ALTERNATIVE_AVAILABLE,0,1,-180.553933,174.634945,0
44,UES1,21,28,28,4,-101.006,-84.1426,-96.7553,ALTERNATIVE_AVAILABLE,0,1,-143.577239,263.062929,0
44,UES1,22,29,29,1,-104.595,-102.22,-90.1008,ALTERNATIVE_AVAILABLE,0,1,237.825928,123.186330,0
44,UES1,23,30,30,1,-101.31,-103.837,-93.2935,ALTERNATIVE_AVAILABLE,0,1,69.152706,-187.866646,0
44,UES1,24,31,31,3,-101.563,-99.9135,-95.2879,ALTERNATIVE_AVAILABLE,0,1,-99.967904,181.459626,0
44,UES1,25,32,32,3,-83.6696,-104.744,-98.6358,SERVED,0,1,-38.374691,249.448029,0
44,UES1,26,33,33,5,-67.9432,-107.054,-111.415,SERVED,0,1,253.426470,81.470215,0
44,UES1,27,34,34,6,-104.964,-99.3271,-112.857,ALTERNATIVE_AVAILABLE,0,1,45.720816,159.669830,0
44,UES1,28,35,35,4,-104.194,-87.9094,-107.281,ALTERNATIVE_AVAILABLE,0,1,-255.436891,88.608035,0
44,UES1,29,36,36,2,-80.4344,-71.2328,-100.846,SERVED,0,1,36.148519,53.421348,0
44,UES1,30,37,37,7,-102.948,-113.262,-118.141,PERSISTING,1,1,-37.202861,-258.153047,0
44,UES1,31,38,38,2,-98.8842,-87.2268,-87.0916,SERVED,0,1,230.394928,52.701920,0
44,UES1,32,39,39,1,-93.7993,-99.1848,-92.2787,SERVED,0,1,54.926583,-156.567954,0
44,UES1,33,40,40,3,-78.7038,-93.9906,-84.5293,SERVED,0,1,-113.542769,132.430947,0
44,UES1,34,41,41,4,-104.984,-104.47,-99.0546,ALTERNATIVE_AVAILABLE,0,1,5.231813,-235.937155,0
44,UES1,35,42,42,1,-96.6861,-92.8767,-75.8567,SERVED,0,1,172.218889,-90.273278,0
44,UES1,36,43,43,5,-109.192,-96.392,-113.686,ALTERNATIVE_AVAILABLE,0,1,229.636465,180.184877,0
44,UES1,37,44,44,3,-110.606,-101.119,-95.4619,ALTERNATIVE_AVAILABLE,0,1,40.590887,-193.089507,0
44,UES1,38,45,45,4,-96.3145,-70.7013,-109.002,SERVED,0,1,-116.726032,-99.555954,0
44,UES1,39,46,46,4,-95.0475,-81.021,-102.855,SERVED,0,1,-136.015287,-13.652307,0
44,UES1,40,47,47,4,-105.239,-99.1659,-110.414,ALTERNATIVE_AVAILABLE,0,1,-205.054744,175.612902,0
44,UES1,41,48,48,4,-109.429,-112.529,-116.926,PERSISTING,2,1,-278.811520,-224.257330,0
44,UES1,42,49,49,2,-67.8553,-75.5008,-92.5456,SERVED,0,1,49.659296,81.199374,0
44,UES1,43,50,50,1,-99.1563,-100.431,-94.3976,SERVED,0,1,76.011333,-135.104921,0
44,UES1,44,51,51,4,-71.5606,-70.287,-89.9464,SERVED,0,1,-41.312165,145.113093,0
44,UES1,45,52,52,4,-107.559,-99.5818,-111.319,ALTERNATIVE_AVAILABLE,0,1,-100.764815,-176.595373,0
44,UES1,46,53,53,5,-125.697,-99.9944,-96.9696,ALTERNATIVE_AVAILABLE,0,1,-126.231003,-209.772868,0
44,UES1,47,54,54,4,-94.1475,-98.2319,-109.822,SERVED,0,1,-143.741621,-122.678559,0
44,UES1,48,55,55,4,-93.9765,-96.6441,-107.432,SERVED,0,1,-217.681003,-65.153692,0
44,UES1,49,56,56,1,-61.4216,-92.2773,-84.6067,SERVED,0,1,97.338114,-63.231922,0
44,UES1,50,57,57,4,-98.2271,-98.9931,-109.084,SERVED,0,1,-100.342721,-164.711610,0
44,UES1,51,58,58,2,-107.921,-76.3055,-105.754,ALTERNATIVE_AVAILABLE,0,1,280.242744,44.042493,0
44,UES1,52,59,59,6,-92.6295,-110.685,-116.632,SERVED,0,1,-182.117808,215.562012,0
44,UES1,53,60,60,3,-92.3187,-102.244,-114.143,SERVED,0,1,-299.592668,-65.529326,0
44,UES1,54,61,61,1,-99.0021,-87.1901,-97.6947,SERVED,0,1,33.199133,-161.068454,0
44,UES1,55,62,62,2,-96.2697,-70.9285,-102.021,SERVED,0,1,159.882165,-45.915313,0
44,UES1,56,63,63,4,-96.6509,-94.7577,-86.3417,SERVED,0,1,-22.144310,-132.725501,0
44,UES1,57,64,64,3,-84.9875,-98.2075,-94.32,SERVED,0,1,-155.350338,215.019561,0
44,UES1,58,65,65,4,-105.266,-91.5277,-110.486,ALTERNATIVE_AVAILABLE,0,1,-125.213959,-234.162042,0
44,UES1,59,66,66,1,-104.88,-103.397,-113.348,PERSISTING,1,1,235.194325,-207.466635,0
44,UES2,0,67,67,6,-115.594,-118.084,-125.055,MOVE_REQUIRED,14,1,-391.318040,316.880844,1
44,UES2,1,68,68,3,-119.426,-116.902,-118.011,PERSISTING,3,1,334.223472,387.316656,0
44,UES2,2,69,69,1,-111.963,-115.367,-109.836,PERSISTING,5,1,339.943706,-401.631472,0
44,UES2,3,70,70,6,-82.0051,-91.3273,-117.446,SERVED,0,1,-283.691800,361.265811,0
44,UES2,4,71,71,5,-79.2413,-80.7251,-121.085,SERVED,0,1,307.749108,354.361395,0
44,UES2,5,72,72,2,-115.592,-117.195,-96.4328,ALTERNATIVE_AVAILABLE,0,1,357.474703,-418.197077,0
44,UES2,6,73,73,3,-93.5567,-77.4914,-107.777,SERVED,0,1,-303.105975,280.903805,0
44,UES2,7,74,74,4,-79.0646,-83.0383,-116.109,SERVED,0,1,339.140832,398.042816,0
44,UES2,8,75,75,2,-116.715,-118.482,-115.936,PERSISTING,0,1,388.279053,-406.428352,0
44,UES2,9,76,76,6,-111.747,-117.098,-123.258,PERSISTING,4,1,-382.452384,377.323951,0
44,UES2,10,77,77,5,-110.708,-119.889,-123.639,PERSISTING,3,1,374.309851,321.895307,0
44,UES2,11,78,78,2,-117.726,-119.082,-115.438,MOVE_REQUIRED,8,1,374.047629,-381.394423,1
44,UES2,12,79,79,7,-123.814,-113.989,-121.062,PERSISTING,3,1,-407.536147,311.944514,0
44,UES2,13,80,80,5,-107.332,-109.862,-114.495,PERSISTING,0,1,320.705367,287.921616,0
44,UES2,14,81,81,4,-112.461,-111.938,-108.091,MOVE_REQUIRED,6,1,352.942479,-313.998527,1
44,UES2,15,82,82,4,-112.588,-119.439,-92.9038,ALTERNATIVE_AVAILABLE,0,1,-348.526014,319.638553,0
44,UES2,16,83,83,1,-118.062,-115.546,-88.4633,ALTERNATIVE_AVAILABLE,0,1,323.576261,340.815427,0
44,UES2,17,84,84,5,-114.696,-113.608,-114.767,PERSISTING,3,1,380.562720,-294.387251,0
44,UES2,18,85,85,3,-112.278,-117.724,-115.387,MOVE_REQUIRED,6,1,-378.314862,369.230764,1
44,UES2,19,86,86,6,-122.189,-83.0836,-117.093,ALTERNATIVE_AVAILABLE,0,1,379.223811,371.067608,0
44,UES2,20,87,87,2,-117.954,-112.719,-112.253,PERSISTING,0,1,290.297377,-327.244283,0
44,UES2,21,88,88,6,-111.746,-100.46,-122.383,MOVE_REQUIRED,8,1,-339.378425,390.990652,1
44,UES2,22,89,89,6,-122.606,-112.888,-93.5345,ALTERNATIVE_AVAILABLE,0,1,273.744502,308.980825,0
44,UES2,23,90,90,3,-114.238,-108.246,-110.075,PERSISTING,0,1,289.191740,-276.731073,0
44,UES2,24,91,91,3,-109.444,-80.7815,-114.867,ALTERNATIVE_AVAILABLE,0,1,-326.993160,328.002341,0
44,UES2,25,92,92,5,-111.099,-115.678,-115.666,MOVE_REQUIRED,9,1,324.530761,357.928475,1
44,UES2,26,93,93,7,-107.051,-119.271,-115.245,PERSISTING,2,1,303.084138,-352.392183,0
44,UES2,27,94,94,2,-124.567,-112.607,-113.299,PERSISTING,3,1,-320.870470,294.343133,0
44,UES2,28,95,95,6,-129.514,-119.042,-112.951,PERSISTING,0,1,382.569557,360.144556,0
44,UES2,29,96,96,2,-116.563,-83.8349,-118.236,ALTERNATIVE_AVAILABLE,0,1,397.718472,-338.862725,0
45,UES1,0,7,7,4,-103.186,-90.6813,-98.4396,ALTERNATIVE_AVAILABLE,0,1,-154.858820,-218.054373,0
45,UES1,1,8,8,1,-67.1571,-100.726,-92.5148,SERVED,0,1,175.392008,-153.894254,0
45,UES1,2,9,9,3,-99.9934,-104.529,-108.4,SERVED,0,1,-219.955466,220.359567,0
45,UES1,3,10,10,1,-104.764,-101.627,-92.6039,ALTERNATIVE_AVAILABLE,0,1,157.774811,-180.087247,0
45,UES1,4,11,11,2,-100.722,-105.418,-99.9564,ALTERNATIVE_AVAILABLE,0,1,119.346528,194.068753,0
45,UES1,5,12,12,3,-96.3029,-100.721,-111.381,SERVED,0,1,-172.238934,117.764704,0
45,UES1,6,13,13,2,-84.8737,-69.9321,-108.573,SERVED,0,1,89.178500,146.769158,0
45,UES1,7,14,14,1,-95.9216,-98.6809,-109.365,SERVED,0,1,1.338504,-152.447201,0
45,UES1,8,15,15,1,-107.858,-75.1348,-107.462,ALTERNATIVE_AVAILABLE,0,1,81.868439,-223.825403,0
45,UES1,9,16,16,1,-89.2096,-83.3811,-107.048,SERVED,0,1,114.261028,-6.074487,0
45,UES1,10,17,17,4,-70.3632,-103.384,-105.933,SERVED,0,1,-72.669634,-197.765227,0
45,UES1,11,18,18,3,-77.3715,-92.8575,-94.0178,SERVED,0,1,-130.634627,81.769905,0
45,UES1,12,19,19,5,-103.623,-107.613,-86.8673,ALTERNATIVE_AVAILABLE,0,1,276.727185,-28.079207,0
45,UES1,13,20,20,2,-89.3869,-98.5307,-70.2592,SERVED,0,1,99.301373,165.742236,0
45,UES1,14,21,21,1,-99.3898,-90.5608,-93.018,SERVED,0,1,128.253979,-141.434422,0
45,UES1,15,22,22,1,-95.6283,-101.621,-94.1575,SERVED,0,1,79.341213,-128.114801,0
45,UES1,16,23,23,3,-111.188,-107.848,-92.7823,ALTERNATIVE_AVAILABLE,0,1,-274.571406,-40.829928,0
45,UES1,17,24,24,1,-80.1519,-83.5138,-106.175,SERVED,0,1,102.490758,-18.460362,0
45,UES1,18,25,25,1,-95.5544,-69.6344,-75.3046,SERVED,0,1,110.052519,-94.568738,0
45,UES1,19,26,26,3,-89.5071,-101.579,-110.329,SERVED,0,1,-107.519928,-160.376447,0
45,UES1,20,27,27,6,-92.0455,-107.75,-127.138,SERVED,0,1,-184.482470,177.346753,0
45,UES1,21,28,28,4,-102.139,-89.0388,-112.44,ALTERNATIVE_AVAILABLE,0,1,-145.885894,270.123418,0
45,UES1,22,29,29,1,-106.808,-70.1605,-89.0884,ALTERNATIVE_AVAILABLE,0,1,240.048189,126.178535,0
45,UES1,23,30,30,1,-100.572,-102.498,-102.884,PERSISTING,0,1,70.086395,-192.999230,0
45,UES1,24,31,31,3,-91.5939,-104.254,-89.6435,SERVED,0,1,-104.318790,184.526922,0
45,UES1,25,32,32,3,-99.9979,-104.312,-112.087,SERVED,0,1,-39.534638,254.297812,0
45,UES1,26,33,33,5,-76.3208,-107.388,-107.93,SERVED,0,1,256.851134,85.484265,0
45,UES1,27,34,34,6,-101.419,-102.802,-112.688,PERSISTING,0,1,46.057750,163.682820,0
45,UES1,28,35,35,4,-104.088,-100.749,-111.397,PERSISTING,0,1,-261.000732,89.923396,0
45,UES1,29,36,36,2,-76.0232,-74.2074,-105.297,SERVED,0,1,32.845003,57.234522,0
45,UES1,30,37,37,7,-103.789,-112.053,-118.136,PERSISTING,2,1,-38.704502,-264.188483,0
45,UES1,31,38,38,2,-100.24,-88.9508,-94.6385,ALTERNATIVE_AVAILABLE,0,1,234.973749,54.310089,0
45,UES1,32,39,39,1,-72.2918,-73.3687,-101.737,SERVED,0,1,55.561841,-161.308516,0
45,UES1,33,40,40,3,-77.3478,-90.1855,-93.1362,SERVED,0,1,-114.674144,137.700998,0
45,UES1,34,41,41,4,-106.244,-89.6209,-109.046,ALTERNATIVE_AVAILABLE,0,1,6.930772,-242.807334,0
45,UES1,35,42,42,1,-98.4132,-99.552,-92.6597,SERVED,0,1,176.229178,-91.494553,0
45,UES1,36,43,43,5,-100.127,-81.8033,-117.141,ALTERNATIVE_AVAILABLE,0,1,233.748289,183.599349,0
45,UES1,37,44,44,3,-108.403,-102.306,-88.9713,ALTERNATIVE_AVAILABLE,0,1,41.727356,-197.667290,0
45,UES1,38,45,45,4,-79.4333,-105.421,-113.875,SERVED,0,1,-121.205899,-103.229361,0
45,UES1,39,46,46,4,-84.3506,-88.6884,-106.065,SERVED,0,1,-141.393506,-15.118705,0
45,UES1,40,47,47,4,-101.768,-99.8233,-96.3039,ALTERNATIVE_AVAILABLE,0,1,-207.964531,180.259491,0
45,UES1,41,48,48,4,-109.081,-111.719,-97.2939,ALTERNATIVE_AVAILABLE,0,1,-282.763758,-226.213259,0
45,UES1,42,49,49,2,-69.391,-75.2728,-112.244,SERVED,0,1,53.394219,85.764868,0
45,UES1,43,50,50,1,-97.7315,-101.582,-91.814,SERVED,0,1,79.353408,-140.392250,0
45,UES1,44,51,51,4,-102.232,-90.6418,-106.77,ALTERNATIVE_AVAILABLE,0,1,-41.531790,149.240904,0
45,UES1,45,52,52,4,-102.011,-86.0865,-103.566,ALTERNATIVE_AVAILABLE,0,1,-105.222631,-180.866213,0
45,UES1,46,53,53,5,-122.005,-96.5502,-110.53,ALTERNATIVE_AVAILABLE,0,1,-127.985714,-214.462217,0
45,UES1,47,54,54,4,-67.0402,-82.1239,-96.0558,SERVED,0,1,-144.565595,-127.164686,0
45,UES1,48,55,55,4,-94.0215,-96.8092,-105.319,SERVED,0,1,-222.347166,-67.365081,0
45,UES1,49,56,56,1,-86.2543,-79.8289,-96.2772,SERVED,0,1,101.368243,-67.172699,0
45,UES1,50,57,57,3,-100.999,-99.9891,-112.327,ALTERNATIVE_AVAILABLE,0,1,-100.185427,-169.756096,0
45,UES1,51,58,58,2,-102.121,-111.258,-103.806,PERSISTING,0,1,286.125313,43.766530,0
45,UES1,52,59,59,6,-88.2907,-104.083,-120.903,SERVED,0,1,-185.821586,218.329512,0
45,UES1,53,60,60,3,-110.546,-106.296,-105.26,PERSISTING,0,1,-304.608658,-65.565673,0
45,UES1,54,61,61,1,-70.3421,-69.7037,-78.856,SERVED,0,1,31.709477,-165.033179,0
45,UES1,55,62,62,2,-64.5375,-90.7283,-105.423,SERVED,0,1,162.656729,-50.307019,0
45,UES1,56,63,63,4,-101.149,-67.6437,-104.245,ALTERNATIVE_AVAILABLE,0,1,-20.955801,-138.117119,0
45,UES1,57,64,64,3,-100.867,-107.671,-105.848,PERSISTING,0,1,-157.606456,218.215228,0
45,UES1,58,65,65,4,-102.924,-76.2739,-107.131,ALTERNATIVE_AVAILABLE,0,1,-125.106079,-238.569033,0
45,UES1,59,66,66,1,-107.845,-106.519,-108.076,PERSISTING,2,1,238.995880,-209.886835,0
45,UES2,0,67,67,6,-111.404,-119.795,-125.73,MOVE_REQUIRED,15,1,-387.477262,317.485634,1
45,UES2,1,68,68,3,-122.852,-115.653,-99.9712,ALTERNATIVE_AVAILABLE,0,1,333.929221,384.450021,0
45,UES2,2,69,69,1,-113.789,-113.013,-99.1093,ALTERNATIVE_AVAILABLE,0,1,342.617989,-398.471811,0
45,UES2,3,70,70,6,-89.306,-114.256,-124.093,SERVED,0,1,-285.795608,358.113872,0
45,UES2,4,71,71,5,-114.236,-112.287,-118.155,PERSISTING,0,1,305.330238,358.109854,0
45,UES2,5,72,72,2,-115.071,-118.002,-113.755,PERSISTING,0,1,361.584557,-419.668049,0
45,UES2,6,73,73,3,-109.665,-108.772,-112.076,PERSISTING,0,1,-308.003123,283.156939,0
45,UES2,7,74,74,4,-119.408,-113.622,-98.3052,ALTERNATIVE_AVAILABLE,0,1,335.602824,399.367581,0
45,UES2,8,75,75,2,-77.2958,-118.828,-85.2871,SERVED,0,1,390.942224,-402.334976,0
45,UES2,9,76,76,6,-112.788,-87.8237,-123.163,ALTERNATIVE_AVAILABLE,0,1,-380.746600,381.665869,0
45,UES2,10,77,77,5,-104.827,-120.313,-124.701,PERSISTING,4,1,370.961137,322.937476,0
45,UES2,11,78,78,2,-112.994,-114.828,-111.55,MOVE_REQUIRED,9,1,375.957924,-385.893247,1
45,UES2,12,79,79,7,-121.826,-112.76,-104.057,PERSISTING,4,1,-403.672596,314.254850,0
45,UES2,13,80,80,5,-109.57,-110.635,-114.892,PERSISTING,1,1,316.113071,287.839233,0
45,UES2,14,81,81,4,-122.481,-108.955,-112.038,MOVE_REQUIRED,7,1,349.586372,-311.680645,1
45,UES2,15,82,82,4,-112.271,-117.214,-100.128,PERSISTING,0,1,-351.484869,317.571827,0
45,UES2,16,83,83,1,-117.78,-117.114,-103.51,PERSISTING,0,1,327.043757,341.494094,0
45,UES2,17,84,84,5,-112.345,-113.979,-113.023,PERSISTING,4,1,379.948031,-298.916729,0
45,UES2,18,85,85,3,-117.936,-113.715,-113.07,MOVE_REQUIRED,7,1,-379.254345,366.481302,1
45,UES2,19,86,86,6,-120.633,-118.261,-113.521,PERSISTING,0,1,375.551915,368.997582,0
45,UES2,20,87,87,2,-111.444,-108.333,-110.167,PERSISTING,1,1,290.225843,-332.213401,0
45,UES2,21,88,88,6,-116.055,-116.602,-121.547,MOVE_REQUIRED,9,1,-341.313854,393.022976,1
45,UES2,22,89,89,6,-127.522,-117.832,-104.991,PERSISTING,0,1,276.924015,312.317380,0
45,UES2,23,90,90,3,-123.428,-77.7159,-109.172,ALTERNATIVE_AVAILABLE,0,1,293.311329,-278.485221,0
45,UES2,24,91,91,3,-114.934,-116.431,-117.273,PERSISTING,0,1,-331.119513,328.972622,0
45,UES2,25,92,92,5,-116.906,-117.201,-117.909,MOVE_REQUIRED,10,1,327.754787,358.513399,1
45,UES2,26,93,93,7,-104.193,-90.2906,-120.218,ALTERNATIVE_AVAILABLE,0,1,300.944226,-352.429520,0
45,UES2,27,94,94,2,-124.586,-115.298,-95.9095,ALTERNATIVE_AVAILABLE,0,1,-325.033479,293.551628,0
45,UES2,28,95,95,2,-120.577,-123.652,-104.371,PERSISTING,1,1,385.166885,363.036548,0
45,UES2,29,96,96,2,-114.787,-115.527,-114.917,PERSISTING,0,1,397.926278,-335.404309,0
46,UES1,0,7,7,4,-100.531,-102.798,-114.034,PERSISTING,0,1,-157.198236,-222.319923,0
46,UES1,1,8,8,1,-97.6854,-100.42,-96.4061,SERVED,0,1,178.332445,-158.086451,0
46,UES1,2,9,9,3,-103.271,-105.858,-102.906,PERSISTING,0,1,-221.665498,223.162728,0
46,UES1,3,10,10,1,-105.883,-74.9918,-100.617,ALTERNATIVE_AVAILABLE,0,1,162.926670,-182.151642,0
46,UES1,4,11,11,2,-99.5537,-99.6439,-108.351,SERVED,0,1,122.658731,198.487465,0
46,UES1,5,12,12,3,-89.5444,-66.9986,-96.7154,SERVED,0,1,-174.872143,120.770166,0
46,UES1,6,13,13,2,-89.9399,-90.3458,-104.654,SERVED,0,1,88.978310,149.636810,0
46,UES1,7,14,14,1,-96.3966,-100.242,-103.041,SERVED,0,1,1.968309,-157.153120,0
46,UES1,8,15,15,1,-103.672,-73.9614,-92.1186,ALTERNATIVE_AVAILABLE,0,1,85.048361,-228.947437,0
46,UES1,9,16,16,1,-89.319,-81.2752,-104.731,SERVED,0,1,118.464154,-10.269429,0
46,UES1,10,17,17,4,-102.205,-74.8006,-111.77,ALTERNATIVE_AVAILABLE,0,1,-73.758237,-202.895512,0
46,UES1,11,18,18,3,-74.1649,-89.8492,-99.1619,SERVED,0,1,-136.034766,84.207655,0
46,UES1,12,19,19,5,-101.293,-102.121,-92.4636,ALTERNATIVE_AVAILABLE,0,1,280.736652,-25.918016,0
46,UES1,13,20,20,2,-87.7029,-104.928,-99.5785,SERVED,0,1,101.166737,169.476972,0
46,UES1,14,21,21,1,-73.8838,-99.0211,-96.7044,SERVED,0,1,131.682432,-145.181580,0
46,UES1,15,22,22,1,-95.502,-70.6683,-94.5066,SERVED,0,1,79.004372,-133.496751,0
46,UES1,16,23,23,3,-103.516,-108.453,-108.318,PERSISTING,0,1,-279.980681,-40.039189,0
46,UES1,17,24,24,1,-60.2077,-87.4746,-98.9309,SERVED,0,1,107.963976,-17.669163,0
46,UES1,18,25,25,1,-87.8511,-97.1686,-89.7165,SERVED,0,1,112.359088,-99.385055,0
46,UES1,19,26,26,3,-107.285,-102.813,-106.533,PERSISTING,0,1,-110.847426,-163.840711,0
46,UES1,20,27,27,6,-71.8941,-108.868,-119.826,SERVED,0,1,-188.840812,180.993190,0
46,UES1,21,28,28,4,-104.583,-102.578,-91.3689,ALTERNATIVE_AVAILABLE,0,1,-147.210280,273.916980,0
46,UES1,22,29,29,1,-105.223,-104.089,-88.8432,ALTERNATIVE_AVAILABLE,0,1,245.075661,131.005492,0
46,UES1,23,30,30,1,-100.511,-105.972,-88.817,ALTERNATIVE_AVAILABLE,0,1,71.619018,-198.293996,0
46,UES1,24,31,31,3,-98.7971,-97.3486,-90.9307,SERVED,0,1,-109.311017,187.612444,0
46,UES1,25,32,32,3,-99.2292,-77.8318,-101.118,SERVED,0,1,-41.146667,259.919219,0
46,UES1,26,33,33,5,-81.2141,-106.231,-113.299,SERVED,0,1,259.937628,89.219786,0
46,UES1,27,34,34,6,-100.877,-86.7043,-110.309,ALTERNATIVE_AVAILABLE,0,1,45.787573,169.574271,0
46,UES1,28,35,35,4,-105.911,-109.837,-109.214,PERSISTING,1,1,-265.303403,92.050796,0
46,UES1,29,36,36,2,-77.6655,-77.0326,-110.484,SERVED,0,1,30.989638,61.845057,0
46,UES1,30,37,37,7,-112.606,-113.52,-118.828,PERSISTING,3,1,-40.679954,-267.649712,0
46,UES1,31,38,38,2,-96.6871,-81.0098,-102.261,SERVED,0,1,239.321127,55.586894,0
46,UES1,32,39,39,1,-100.045,-104.69,-101.769,PERSISTING,0,1,56.809396,-166.434260,0
46,UES1,33,40,40,3,-88.3193,-96.4202,-105.058,SERVED,0,1,-116.119954,141.792056,0
46,UES1,34,41,41,4,-107.893,-106.753,-106.456,PERSISTING,0,1,8.652486,-246.660693,0
46,UES1,35,42,42,1,-95.3913,-108.241,-97.2482,SERVED,0,1,181.005354,-95.920242,0
46,UES1,36,43,43,5,-99.7482,-103.961,-115.75,SERVED,0,1,238.184969,185.506562,0
46,UES1,37,44,44,3,-106.71,-102.464,-89.8516,ALTERNATIVE_AVAILABLE,0,1,42.250857,-202.476113,0
46,UES1,38,45,45,4,-92.939,-98.5192,-114.372,SERVED,0,1,-125.650865,-104.980278,0
46,UES1,39,46,46,4,-84.9442,-72.9181,-91.9038,SERVED,0,1,-146.080723,-14.324668,0
46,UES1,40,47,47,4,-101.783,-101.424,-100.366,PERSISTING,0,1,-210.275158,183.442133,0
46,UES1,41,48,48,4,-108.495,-110.735,-115.069,PERSISTING,0,1,-286.599107,-230.010778,0
46,UES1,42,49,49,2,-83.5983,-74.6461,-99.3103,SERVED,0,1,54.913611,89.886764,0
46,UES1,43,50,50,1,-72.667,-100.215,-92.3613,SERVED,0,1,82.611268,-141.930824,0
46,UES1,44,51,51,4,-99.737,-74.4247,-102.187,SERVED,0,1,-44.016137,153.340800,0
46,UES1,45,52,52,4,-102.113,-96.3288,-108.643,ALTERNATIVE_AVAILABLE,0,1,-107.689960,-184.946356,0
46,UES1,46,53,53,5,-124.292,-96.9098,-114.294,ALTERNATIVE_AVAILABLE,0,1,-130.180041,-219.142766,0
46,UES1,47,54,54,4,-67.3292,-79.4529,-112.286,SERVED,0,1,-147.184629,-131.580717,0
46,UES1,48,55,55,4,-99.5952,-93.009,-110.195,SERVED,0,1,-224.983842,-70.955923,0
46,UES1,49,56,56,1,-66.5065,-91.805,-105.659,SERVED,0,1,106.417523,-70.548277,0
46,UES1,50,57,57,3,-103.714,-70.8116,-107.857,ALTERNATIVE_AVAILABLE,0,1,-101.597875,-173.620471,0
46,UES1,51,58,58,2,-104.306,-107.938,-107.072,PERSISTING,1,1,291.894124,44.891314,0
46,UES1,52,59,59,6,-72.1393,-108.076,-123.527,SERVED,0,1,-190.227800,220.693517,0
46,UES1,53,60,60,3,-106.377,-104.051,-114.29,PERSISTING,1,1,-309.173835,-67.812463,0
46,UES1,54,61,61,1,-102.748,-99.8994,-86.3288,ALTERNATIVE_AVAILABLE,0,1,31.075468,-170.476496,0
46,UES1,55,62,62,2,-89.2742,-93.9381,-100.398,SERVED,0,1,167.747993,-52.245732,0
46,UES1,56,63,63,4,-99.4478,-99.3119,-103.054,SERVED,0,1,-22.001952,-143.300075,0
46,UES1,57,64,64,3,-98.5881,-107.8,-101.526,SERVED,0,1,-159.286906,223.282109,0
46,UES1,58,65,65,4,-108.08,-77.359,-110.393,ALTERNATIVE_AVAILABLE,0,1,-126.522311,-243.154808,0
46,UES1,59,66,66,1,-104.832,-107.766,-111.932,PERSISTING,3,1,242.875543,-213.309545,0
46,UES2,0,67,67,6,-113.975,-119.012,-127.302,MOVE_REQUIRED,16,1,-384.186388,318.246368,1
46,UES2,1,68,68,3,-119.635,-117.458,-110.644,PERSISTING,0,1,331.956980,380.973886,0
46,UES2,2,69,69,1,-116.633,-119.528,-109.268,PERSISTING,0,1,345.375342,-395.707184,0
46,UES2,3,70,70,6,-107.009,-97.2867,-122.513,ALTERNATIVE_AVAILABLE,0,1,-286.846697,353.049429,0
46,UES2,4,71,71,5,-85.0446,-81.7415,-118.245,SERVED,0,1,302.022800,359.116135,0
46,UES2,5,72,72,2,-115.126,-114.278,-119.711,PERSISTING,1,1,364.535080,-420.065271,0
46,UES2,6,73,73,3,-111.96,-109.489,-113.055,PERSISTING,1,1,-310.206332,284.597590,0
46,UES2,7,74,74,4,-120.762,-113.789,-116.218,PERSISTING,0,1,333.130837,402.228859,0
46,UES2,8,75,75,2,-113.599,-114.902,-87.3462,ALTERNATIVE_AVAILABLE,0,1,391.505315,-399.056667,0
46,UES2,9,76,76,6,-111.959,-120.732,-122.423,PERSISTING,0,1,-380.324594,384.881121,0
46,UES2,10,77,77,5,-104.684,-103.597,-125.011,PERSISTING,5,1,367.275738,326.490854,0
46,UES2,11,78,78,2,-116.877,-108.598,-120.469,MOVE_REQUIRED,10,1,378.580542,-389.021659,1
46,UES2,12,79,79,7,-120.912,-114.392,-115.933,PERSISTING,5,1,-399.329944,315.506679,0
46,UES2,13,80,80,5,-88.121,-113.176,-117.189,SERVED,0,1,312.748060,286.659689,0
46,UES2,14,81,81,4,-119.662,-111.179,-110.162,MOVE_REQUIRED,8,1,346.395354,-307.462628,1
46,UES2,15,82,82,4,-78.5657,-114.135,-119.688,SERVED,0,1,-354.004472,314.610013,0
46,UES2,16,83,83,1,-115.481,-112.952,-96.147,ALTERNATIVE_AVAILABLE,0,1,332.063534,342.060705,0
46,UES2,17,84,84,5,-119.434,-111.072,-110.679,PERSISTING,5,1,379.114704,-302.598617,0
46,UES2,18,85,85,3,-112.939,-83.3624,-113.85,ALTERNATIVE_AVAILABLE,0,1,-383.219410,362.900716,0
46,UES2,19,86,86,6,-123.645,-112.7,-112.271,PERSISTING,1,1,373.117802,366.887297,0
46,UES2,20,87,87,2,-115.65,-80.1866,-112.687,ALTERNATIVE_AVAILABLE,0,1,291.037965,-336.514645,0
46,UES2,21,88,88,6,-110.636,-110.294,-122.685,MOVE_REQUIRED,10,1,-345.163524,395.548799,1
46,UES2,22,89,89,6,-120.069,-111.537,-98.0493,ALTERNATIVE_AVAILABLE,0,1,280.760115,313.580936,0
46,UES2,23,90,90,3,-120.18,-109.913,-105.025,PERSISTING,0,1,297.132741,-279.497561,0
46,UES2,24,91,91,3,-112.906,-114.642,-117.565,PERSISTING,1,1,-335.397746,331.778226,0
46,UES2,25,92,92,5,-110.369,-113.013,-118.975,MOVE_REQUIRED,11,1,330.036737,362.467320,1
46,UES2,26,93,93,7,-102.794,-117.474,-95.6858,ALTERNATIVE_AVAILABLE,0,1,296.064054,-349.821233,0
46,UES2,27,94,94,2,-125.889,-118.147,-114.994,PERSISTING,0,1,-328.578817,291.936286,0
46,UES2,28,95,95,2,-94.9084,-118.093,-114.059,SERVED,0,1,388.075218,365.375248,0
46,UES2,29,96,96,2,-115.434,-116.725,-93.1293,ALTERNATIVE_AVAILABLE,0,1,400.561671,-332.171836,0
47,UES1,0,7,7,4,-78.969,-106.695,-113.259,SERVED,0,1,-159.851677,-226.380506,0
47,UES1,1,8,8,1,-92.7063,-100.517,-98.1901,SERVED,0,1,182.680783,-161.451834,0
47,UES1,2,9,9,3,-107.209,-109.027,-91.6062,ALTERNATIVE_AVAILABLE,0,1,-225.760590,226.825650,0
47,UES1,3,10,10,1,-95.7418,-100.94,-99.1025,SERVED,0,1,166.362396,-186.990302,0
47,UES1,4,11,11,2,-91.9883,-105.738,-111.973,SERVED,0,1,126.557729,201.681179,0
47,UES1,5,12,12,4,-68.2348,-67.3432,-99.4318,SERVED,0,1,-178.569276,126.418927,0
47,UES1,6,13,13,2,-73.0963,-82.9823,-101.491,SERVED,0,1,89.134007,156.018686,0
47,UES1,7,14,14,1,-95.1963,-102.498,-104.839,SERVED,0,1,-0.799498,-161.939503,0
47,UES1,8,15,15,1,-103.033,-106.929,-109.142,PERSISTING,0,1,88.101268,-233.482718,0
47,UES1,9,16,16,1,-94.5456,-85.3155,-107.369,SERVED,0,1,122.320745,-10.599117,0
47,UES1,10,17,17,4,-104.14,-102.17,-108.61,PERSISTING,0,1,-73.546819,-207.983538,0
47,UES1,11,18,18,3,-66.6357,-93.9715,-100.804,SERVED,0,1,-140.995562,85.395489,0
47,UES1,12,19,19,5,-105.203,-97.2746,-105.305,ALTERNATIVE_AVAILABLE,0,1,285.031953,-24.905056,0
47,UES1,13,20,20,2,-91.8172,-104.097,-103.29,SERVED,0,1,104.324932,173.738641,0
47,UES1,14,21,21,1,-98.1795,-101.751,-105.032,SERVED,0,1,135.955986,-148.582709,0
47,UES1,15,22,22,2,-99.0219,-96.5917,-108.426,SERVED,0,1,78.924312,-138.855866,0
47,UES1,16,23,23,3,-104.668,-102.213,-105.333,PERSISTING,1,1,-284.216386,-38.857369,0
47,UES1,17,24,24,1,-61.7968,-86.0978,-106.697,SERVED,0,1,112.013519,-17.214872,0
47,UES1,18,25,25,1,-92.1701,-74.6904,-102.463,SERVED,0,1,113.602859,-103.609231,0
47,UES1,19,26,26,4,-105.668,-98.2522,-113.534,ALTERNATIVE_AVAILABLE,0,1,-112.135476,-168.392284,0
47,UES1,20,27,27,6,-66.3368,-108.581,-124.701,SERVED,0,1,-192.814303,184.256953,0
47,UES1,21,28,28,4,-113.87,-102.8,-98.9193,ALTERNATIVE_AVAILABLE,0,1,-149.147800,278.902040,0
47,UES1,22,29,29,1,-108.589,-77.9148,-87.7056,ALTERNATIVE_AVAILABLE,0,1,249.640305,133.680731,0
47,UES1,23,30,30,7,-106.98,-80.5001,-112.616,ALTERNATIVE_AVAILABLE,0,1,73.335313,-202.372127,0
47,UES1,24,31,31,6,-91.5357,-96.6876,-123.4,SERVED,0,1,-112.022908,190.421230,0
47,UES1,25,32,32,3,-101.13,-103.825,-93.7159,ALTERNATIVE_AVAILABLE,0,1,-40.279470,264.446025,0
47,UES1,26,33,33,5,-62.9113,-108.155,-115.772,SERVED,0,1,264.100619,93.210357,0
47,UES1,27,34,34,6,-106.591,-94.6407,-106.068,ALTERNATIVE_AVAILABLE,0,1,45.087108,174.008561,0
47,UES1,28,35,35,4,-102.962,-103.165,-109.931,PERSISTING,2,1,-269.015782,93.151772,0
47,UES1,29,36,36,2,-79.9549,-79.8761,-107.796,SERVED,0,1,28.531094,66.937333,0
47,UES1,30,37,37,7,-112.171,-113.884,-115.722,PERSISTING,4,1,-42.657192,-272.196836,0
47,UES1,31,38,38,2,-100.063,-99.5714,-100.866,ALTERNATIVE_AVAILABLE,0,1,244.451738,57.401287,0
47,UES1,32,39,39,1,-79.6301,-103.083,-87.7209,SERVED,0,1,55.800941,-169.797211,0
47,UES1,33,40,40,3,-93.2356,-93.0358,-94.7904,SERVED,0,1,-118.271385,146.601586,0
47,UES1,34,41,41,4,-96.956,-103.424,-109.607,SERVED,0,1,10.542325,-249.848457,0
47,UES1,35,42,42,1,-96.2794,-98.4297,-106.248,SERVED,0,1,185.248558,-96.854035,0
47,UES1,36,43,43,5,-96.4169,-76.0882,-115.154,SERVED,0,1,242.335341,189.805350,0
47,UES1,37,44,44,3,-107.545,-101.704,-102.675,PERSISTING,0,1,43.001632,-207.563428,0
47,UES1,38,45,45,4,-91.0368,-95.1034,-113.74,SERVED,0,1,-129.428760,-107.759203,0
47,UES1,39,46,46,4,-87.2704,-76.821,-107.743,SERVED,0,1,-151.970916,-13.792067,0
47,UES1,40,47,47,4,-101.074,-73.0383,-94.3759,ALTERNATIVE_AVAILABLE,0,1,-212.739896,188.733973,0
47,UES1,41,48,48,4,-109.539,-113.314,-113.407,PERSISTING,1,1,-290.901933,-232.949184,0
47,UES1,42,49,49,2,-72.7928,-71.3377,-92.7396,SERVED,0,1,56.451912,93.837044,0
47,UES1,43,50,50,1,-97.6246,-95.0798,-93.3697,SERVED,0,1,87.121531,-146.492030,0
47,UES1,44,51,51,3,-71.7635,-76.1042,-96.7916,SERVED,0,1,-46.780335,158.786057,0
47,UES1,45,52,52,4,-104.195,-103.257,-114.163,PERSISTING,0,1,-112.318495,-188.446539,0
47,UES1,46,53,53,1,-112.152,-106.147,-111.868,PERSISTING,0,1,-132.346567,-223.678515,0
47,UES1,47,54,54,4,-95.5688,-72.6114,-111.645,SERVED,0,1,-148.484679,-138.180992,0
47,UES1,48,55,55,3,-97.7268,-96.3504,-110.938,SERVED,0,1,-228.094826,-74.961600,0
47,UES1,49,56,56,1,-89.2389,-77.9882,-103.961,SERVED,0,1,107.206187,-74.426603,0
47,UES1,50,57,57,3,-108.509,-100.002,-111.863,PERSISTING,0,1,-103.686936,-179.787674,0
47,UES1,51,58,58,2,-100.586,-109.877,-89.4373,ALTERNATIVE_AVAILABLE,0,1,295.988468,47.709305,0
47,UES1,52,59,59,6,-92.9428,-110.1,-125.179,SERVED,0,1,-194.890999,225.268047,0
47,UES1,53,60,60,3,-110.129,-108.726,-115.34,PERSISTING,2,1,-314.020551,-69.679901,0
47,UES1,54,61,61,1,-98.8811,-77.3917,-94.1915,SERVED,0,1,29.270761,-175.917672,0
47,UES1,55,62,62,2,-90.9655,-93.8239,-106.371,SERVED,0,1,170.612369,-56.807364,0
47,UES1,56,63,63,4,-97.1269,-100.308,-104.509,SERVED,0,1,-20.008352,-148.228031,0
47,UES1,57,64,64,3,-74.1396,-101.048,-94.7327,SERVED,0,1,-161.631258,227.659776,0
47,UES1,58,65,65,4,-110.321,-107.872,-110.16,PERSISTING,0,1,-127.704429,-249.225948,0
47,UES1,59,66,66,1,-109.272,-103.77,-102.73,PERSISTING,4,1,245.459922,-217.444611,0
47,UES2,0,67,67,6,-112.674,-98.6252,-123.963,ALTERNATIVE_AVAILABLE,0,1,-379.813406,319.785117,0
47,UES2,1,68,68,3,-122.234,-114.829,-117.606,PERSISTING,1,1,330.826567,377.583589,0
47,UES2,2,69,69,1,-115.902,-118.402,-116.163,PERSISTING,1,1,347.601041,-392.383205,0
47,UES2,3,70,70,6,-105.353,-119.255,-120.861,PERSISTING,0,1,-289.092794,350.409449,0
47,UES2,4,71,71,5,-104.77,-86.5781,-119.61,ALTERNATIVE_AVAILABLE,0,1,297.963975,362.033859,0
47,UES2,5,72,72,2,-116.908,-114.475,-112.974,PERSISTING,2,1,368.212001,-421.878112,0
47,UES2,6,73,73,3,-112.659,-106.419,-108.536,PERSISTING,2,1,-314.285987,286.385028,0
47,UES2,7,74,74,4,-124.853,-118.154,-87.13,ALTERNATIVE_AVAILABLE,0,1,329.894764,404.664174,0
47,UES2,8,75,75,2,-119.549,-117.437,-83.1947,ALTERNATIVE_AVAILABLE,0,1,394.539654,-394.728024,0
47,UES2,9,76,76,6,-113.891,-120.092,-126.552,PERSISTING,1,1,-379.817428,388.834097,0
47,UES2,10,77,77,5,-104.831,-123.226,-126.166,MOVE_REQUIRED,6,1,363.881417,326.825075,1
47,UES2,11,78,78,2,-123.941,-116.825,-115.585,MOVE_REQUIRED,11,1,380.718211,-391.688618,1
47,UES2,12,79,79,7,-120.685,-107.893,-115.86,MOVE_REQUIRED,6,1,-394.391944,315.470808,1
47,UES2,13,80,80,5,-78.544,-87.6478,-119.35,SERVED,0,1,308.639700,285.600487,0
47,UES2,14,81,81,4,-117.901,-84.1925,-113.275,ALTERNATIVE_AVAILABLE,0,1,345.104892,-305.209801,0
47,UES2,15,82,82,4,-115.985,-109.99,-118.887,PERSISTING,0,1,-356.651098,312.397956,0
47,UES2,16,83,83,1,-110.465,-115.04,-87.3775,ALTERNATIVE_AVAILABLE,0,1,335.068991,341.368042,0
47,UES2,17,84,84,5,-121.956,-98.7739,-107.127,ALTERNATIVE_AVAILABLE,0,1,374.896491,-303.096120,0
47,UES2,18,85,85,3,-112.892,-87.0794,-116.661,ALTERNATIVE_AVAILABLE,0,1,-384.801584,360.262136,0
47,UES2,19,86,86,6,-129.994,-119.01,-113.162,PERSISTING,2,1,369.757655,366.353256,0
47,UES2,20,87,87,2,-111.931,-110.066,-108.915,PERSISTING,0,1,289.551238,-339.679986,0
47,UES2,21,88,88,6,-107.042,-118.818,-119.98,MOVE_REQUIRED,11,1,-347.905300,398.298580,1
47,UES2,22,89,89,5,-110.349,-115.001,-121.971,PERSISTING,0,1,284.147146,316.357339,0
47,UES2,23,90,90,3,-118.396,-111.046,-101.905,PERSISTING,1,1,300.688787,-282.139350,0
47,UES2,24,91,91,3,-116.164,-114.761,-111.091,PERSISTING,2,1,-338.124254,333.722949,0
47,UES2,25,92,92,5,-90.1035,-85.7109,-117.826,SERVED,0,1,333.204350,365.687801,0
47,UES2,26,93,93,7,-106.437,-119.733,-119.488,PERSISTING,0,1,293.353096,-348.494447,0
47,UES2,27,94,94,2,-124.27,-105.706,-78.523,ALTERNATIVE_AVAILABLE,0,1,-332.770072,289.930838,0
47,UES2,28,95,95,2,-121.532,-114.143,-96.8452,ALTERNATIVE_AVAILABLE,0,1,390.671617,369.861386,0
47,UES2,29,96,96,2,-119.911,-113.723,-116.261,PERSISTING,0,1,402.525381,-328.550343,0
48,UES1,0,7,7,4,-103.967,-99.2966,-114.048,ALTERNATIVE_AVAILABLE,0,1,-163.410551,-229.095158,0
48,UES1,1,8,8,1,-102.39,-93.3634,-106.29,ALTERNATIVE_AVAILABLE,0,1,185.411639,-165.321335,0
48,UES1,2,9,9,3,-104.598,-112.686,-102.708,PERSISTING,0,1,-229.845132,232.729040,0
48,UES1,3,10,10,1,-110.727,-75.5473,-99.0386,ALTERNATIVE_AVAILABLE,0,1,169.703890,-189.658424,0
48,UES1,4,11,11,2,-103.684,-80.9936,-112.026,ALTERNATIVE_AVAILABLE,0,1,129.852875,204.918198,0
48,UES1,5,12,12,4,-97.22,-64.7147,-99.4353,SERVED,0,1,-181.411106,130.701019,0
48,UES1,6,13,13,2,-86.6438,-92.5888,-91.7697,SERVED,0,1,89.568214,161.253134,0
48,UES1,7,14,14,1,-90.6692,-95.1891,-104.153,SERVED,0,1,-0.507371,-165.394732,0
48,UES1,8,15,15,1,-107.294,-71.6841,-101.234,ALTERNATIVE_AVAILABLE,0,1,90.125957,-237.891945,0
48,UES1,9,16,16,1,-92.4042,-91.1897,-105.879,SERVED,0,1,126.482828,-12.621424,0
48,UES1,10,17,17,4,-102.647,-105.836,-112.977,PERSISTING,1,1,-75.810222,-211.975640,0
48,UES1,11,18,18,3,-87.4458,-93.5468,-96.0126,SERVED,0,1,-144.983160,86.437536,0
48,UES1,12,19,19,5,-107.689,-99.8823,-111.567,ALTERNATIVE_AVAILABLE,0,1,290.674532,-23.458851,0
48,UES1,13,20,20,2,-96.5972,-104.668,-94.84,SERVED,0,1,105.239643,178.051378,0
48,UES1,14,21,21,1,-100.484,-86.3589,-105.998,ALTERNATIVE_AVAILABLE,0,1,139.431707,-152.274663,0
48,UES1,15,22,22,2,-98.4178,-96.1615,-112.039,SERVED,0,1,79.190317,-143.883511,0
48,UES1,16,23,23,3,-104.794,-90.1789,-108.23,ALTERNATIVE_AVAILABLE,0,1,-289.846090,-39.418990,0
48,UES1,17,24,24,1,-84.2088,-90.8016,-106.057,SERVED,0,1,116.507912,-16.563591,0
48,UES1,18,25,25,1,-63.9849,-93.9914,-90.2626,SERVED,0,1,118.702931,-107.046956,0
48,UES1,19,26,26,4,-103.854,-96.7107,-111.908,ALTERNATIVE_AVAILABLE,0,1,-114.717844,-173.399396,0
48,UES1,20,27,27,6,-65.2131,-97.6509,-123.818,SERVED,0,1,-197.423962,186.913868,0
48,UES1,21,28,28,4,-109.917,-87.5573,-99.4449,ALTERNATIVE_AVAILABLE,0,1,-151.843026,282.028879,0
48,UES1,22,29,29,1,-109.868,-104.57,-102.469,PERSISTING,0,1,253.107519,137.879727,0
48,UES1,23,30,30,7,-104.008,-102.066,-113.519,PERSISTING,0,1,74.846477,-207.575716,0
48,UES1,24,31,31,6,-87.8753,-70.9319,-117.91,SERVED,0,1,-116.314727,191.254314,0
48,UES1,25,32,32,3,-105.241,-107.516,-107.507,PERSISTING,0,1,-40.575648,269.396460,0
48,UES1,26,33,33,5,-89.5294,-107.72,-115.759,SERVED,0,1,268.584444,95.500723,0
48,UES1,27,34,34,6,-109.956,-105.643,-100.642,PERSISTING,0,1,43.936110,179.383938,0
48,UES1,28,35,35,4,-80.2302,-112.446,-98.2818,SERVED,0,1,-275.018524,94.847089,0
48,UES1,29,36,36,2,-87.9912,-80.0564,-109.254,SERVED,0,1,26.128032,71.837637,0
48,UES1,30,37,37,7,-110.362,-113.349,-113.718,PERSISTING,5,1,-43.756719,-277.541861,0
48,UES1,31,38,38,2,-104.317,-87.4095,-95.3455,ALTERNATIVE_AVAILABLE,0,1,248.886997,58.695908,0
48,UES1,32,39,39,1,-101.87,-97.0181,-89.217,ALTERNATIVE_AVAILABLE,0,1,56.997011,-175.845031,0
48,UES1,33,40,40,3,-85.6934,-77.8346,-98.4977,SERVED,0,1,-119.291786,152.105586,0
48,UES1,34,41,41,4,-79.6152,-106.487,-104.709,SERVED,0,1,12.167189,-255.541613,0
48,UES1,35,42,42,1,-96.8669,-100.428,-92.1791,SERVED,0,1,189.529129,-99.818085,0
48,UES1,36,43,43,5,-95.7142,-90.4743,-117.256,SERVED,0,1,245.246716,193.224984,0
48,UES1,37,44,44,3,-106.875,-105.041,-98.2411,ALTERNATIVE_AVAILABLE,0,1,43.996902,-211.977994,0
48,UES1,38,45,45,4,-96.5567,-100.235,-115.528,SERVED,0,1,-133.727997,-110.626804,0
48,UES1,39,46,46,4,-92.7226,-74.6078,-98.7736,SERVED,0,1,-155.961624,-14.941846,0
48,UES1,40,47,47,4,-103.24,-99.7895,-97.5839,ALTERNATIVE_AVAILABLE,0,1,-215.809225,193.022369,0
48,UES1,41,48,48,4,-106.681,-110.875,-94.4698,ALTERNATIVE_AVAILABLE,0,1,-295.703197,-235.595312,0
48,UES1,42,49,49,2,-91.8762,-76.5671,-112.868,SERVED,0,1,59.202901,99.937755,0
48,UES1,43,50,50,1,-80.7738,-99.5492,-100.536,SERVED,0,1,90.968747,-150.162948,0
48,UES1,44,51,51,3,-68.6065,-92.245,-104.318,SERVED,0,1,-47.808493,163.189051,0
48,UES1,45,52,52,4,-106.506,-105.411,-113.113,PERSISTING,1,1,-115.749538,-192.397721,0
48,UES1,46,53,53,1,-120.171,-103.14,-113.314,PERSISTING,1,1,-136.344468,-227.651576,0
48,UES1,47,54,54,4,-98.9385,-72.0275,-111.391,SERVED,0,1,-150.545230,-142.503262,0
48,UES1,48,55,55,3,-102.246,-94.946,-106.222,ALTERNATIVE_AVAILABLE,0,1,-231.641859,-77.269222,0
48,UES1,49,56,56,1,-88.8207,-80.6649,-100.872,SERVED,0,1,112.118417,-77.461769,0
48,UES1,50,57,57,3,-104.939,-101.121,-115.088,PERSISTING,1,1,-103.068554,-184.432285,0
48,UES1,51,58,58,2,-105.94,-110.704,-98.2331,ALTERNATIVE_AVAILABLE,0,1,299.621151,46.881218,0
48,UES1,52,59,59,6,-68.5407,-117.041,-124.297,SERVED,0,1,-199.624439,227.524717,0
48,UES1,53,60,60,3,-110.673,-100.665,-117.163,PERSISTING,3,1,-320.066145,-69.980410,0
48,UES1,54,61,61,1,-77.5357,-99.903,-100.215,SERVED,0,1,29.175029,-180.644626,0
48,UES1,55,62,62,2,-90.6514,-91.2781,-85.557,SERVED,0,1,175.005457,-59.852066,0
48,UES1,56,63,63,4,-101.973,-72.8477,-105.53,ALTERNATIVE_AVAILABLE,0,1,-19.805955,-153.129800,0
48,UES1,57,64,64,3,-100.694,-107.3,-97.2659,ALTERNATIVE_AVAILABLE,0,1,-162.751086,231.702816,0
48,UES1,58,65,65,4,-104.816,-112.326,-112.055,PERSISTING,1,1,-129.863792,-253.891503,0
48,UES1,59,66,66,1,-109.623,-108.888,-95.6197,ALTERNATIVE_AVAILABLE,0,1,249.041867,-219.947200,0
48,UES2,0,67,67,6,-113.276,-118.086,-125.362,PERSISTING,0,1,-375.934434,321.095172,0
48,UES2,1,68,68,3,-115.633,-115.147,-106.482,PERSISTING,2,1,329.116083,374.758659,0
48,UES2,2,69,69,1,-122.703,-119.874,-112.573,PERSISTING,2,1,350.993524,-390.790341,0
48,UES2,3,70,70,6,-95.1391,-118.067,-120.602,SERVED,0,1,-290.520000,346.077480,0
48,UES2,4,71,71,5,-108.102,-106.439,-116.142,PERSISTING,0,1,294.645885,362.766770,0
48,UES2,5,72,72,2,-119.389,-115.989,-116.518,PERSISTING,3,1,372.686294,-423.082861,0
48,UES2,6,73,73,3,-108.084,-113.017,-112.143,PERSISTING,3,1,-317.415410,288.520085,0
48,UES2,7,74,74,4,-119.969,-117.879,-113.024,PERSISTING,0,1,325.026832,406.343295,0
48,UES2,8,75,75,2,-116.471,-116.015,-116.161,PERSISTING,0,1,395.153868,-392.103152,0
48,UES2,9,76,76,6,-112.62,-116.494,-125.965,PERSISTING,2,1,-379.630057,391.994393,0
48,UES2,10,77,77,5,-102.359,-120.348,-123.872,MOVE_REQUIRED,7,1,360.172409,328.231828,1
48,UES2,11,78,78,2,-115.958,-116.527,-117.895,MOVE_REQUIRED,12,1,383.026355,-394.896949,1
48,UES2,12,79,79,7,-123.026,-115.244,-111.317,MOVE_REQUIRED,7,1,-391.142994,316.392418,1
48,UES2,13,80,80,5,-106.273,-108.448,-121.274,PERSISTING,0,1,306.893680,284.141239,0
48,UES2,14,81,81,4,-115.999,-109.91,-110.551,PERSISTING,0,1,342.490470,-303.461778,0
48,UES2,15,82,82,4,-117.14,-111.492,-116.031,PERSISTING,1,1,-360.686072,310.485114,0
48,UES2,16,83,83,1,-116.097,-110.081,-94.4219,ALTERNATIVE_AVAILABLE,0,1,339.005914,342.030390,0
48,UES2,17,84,84,5,-119.667,-113.094,-95.0331,ALTERNATIVE_AVAILABLE,0,1,370.506192,-305.185206,0
48,UES2,18,85,85,3,-111.243,-84.8598,-118.022,ALTERNATIVE_AVAILABLE,0,1,-387.609599,356.585210,0
48,UES2,19,86,86,6,-122.045,-117.217,-98.6154,ALTERNATIVE_AVAILABLE,0,1,365.123094,363.703515,0
48,UES2,20,87,87,2,-112.145,-109.542,-109.73,PERSISTING,1,1,290.320620,-342.983553,0
48,UES2,21,88,88,6,-109.627,-118.222,-107.893,MOVE_REQUIRED,12,1,-351.700278,399.827292,1
48,UES2,22,89,89,5,-100.022,-119.425,-120.667,PERSISTING,1,1,287.971604,317.629519,0
48,UES2,23,90,90,3,-121.008,-98.6729,-104.116,ALTERNATIVE_AVAILABLE,0,1,303.750129,-282.214021,0
48,UES2,24,91,91,3,-111.868,-114.072,-99.2932,ALTERNATIVE_AVAILABLE,0,1,-342.350375,334.061223,0
48,UES2,25,92,92,5,-107.704,-102.558,-88.9481,ALTERNATIVE_AVAILABLE,0,1,336.316906,368.439226,0
48,UES2,26,93,93,7,-72.4334,-119.437,-121.539,SERVED,0,1,290.254562,-346.064690,0
48,UES2,27,94,94,2,-124.506,-114.806,-111.927,PERSISTING,0,1,-336.156709,288.663297,0
48,UES2,28,95,95,2,-120.612,-108.516,-108.473,PERSISTING,0,1,391.400265,371.156739,0
48,UES2,29,96,96,2,-117.238,-115.654,-114.635,PERSISTING,1,1,404.423340,-324.420857,0
49,UES1,0,7,7,2,-116.956,-109.226,-109.806,PERSISTING,0,1,-165.540445,-233.693761,0
49,UES1,1,8,8,1,-104.967,-101.276,-96.2249,ALTERNATIVE_AVAILABLE,0,1,188.012766,-169.588033,0
49,UES1,2,9,9,3,-81.5486,-106.582,-100.538,SERVED,0,1,-232.381018,234.563956,0
49,UES1,3,10,10,1,-107.239,-90.4675,-98.5139,ALTERNATIVE_AVAILABLE,0,1,174.172328,-191.934262,0
49,UES1,4,11,11,2,-99.1704,-92.9926,-90.9251,SERVED,0,1,134.095572,207.750821,0
49,UES1,5,12,12,4,-94.9174,-93.6475,-98.3928,SERVED,0,1,-184.353497,132.618060,0
49,UES1,6,13,13,2,-65.6303,-79.2968,-83.3711,SERVED,0,1,89.312517,163.561431,0
49,UES1,7,14,14,1,-88.1587,-101.269,-97.1023,SERVED,0,1,-2.018112,-171.513623,0
49,UES1,8,15,15,1,-106.686,-104.349,-100.827,PERSISTING,0,1,92.666137,-241.489480,0
49,UES1,9,16,16,1,-78.3253,-81.0951,-99.9459,SERVED,0,1,131.638072,-14.535855,0
49,UES1,10,17,17,4,-106.791,-82.4422,-116.714,ALTERNATIVE_AVAILABLE,0,1,-76.306809,-217.191719,0
49,UES1,11,18,18,3,-88.7802,-83.3482,-102.782,SERVED,0,1,-150.181364,88.987870,0
49,UES1,12,19,19,5,-103.213,-107.792,-113.391,PERSISTING,0,1,294.874273,-22.234968,0
49,UES1,13,20,20,2,-99.7608,-103.843,-101.817,SERVED,0,1,108.882305,183.279019,0
49,UES1,14,21,21,1,-89.228,-101.98,-107.634,SERVED,0,1,142.505808,-154.895331,0
49,UES1,15,22,22,2,-104.691,-92.9595,-92.6478,ALTERNATIVE_AVAILABLE,0,1,78.737272,-147.454553,0
49,UES1,16,23,23,3,-106.556,-102.482,-113.851,PERSISTING,0,1,-294.978724,-40.039627,0
49,UES1,17,24,24,1,-85.2843,-91.3277,-110.671,SERVED,0,1,121.723374,-16.131444,0
49,UES1,18,25,25,1,-97.2552,-82.4855,-98.8574,SERVED,0,1,120.662591,-111.778743,0
49,UES1,19,26,26,4,-102.105,-93.2139,-96.1386,ALTERNATIVE_AVAILABLE,0,1,-117.151926,-177.586385,0
49,UES1,20,27,27,6,-79.2489,-105.699,-106.48,SERVED,0,1,-199.988999,191.005856,0
49,UES1,21,28,28,4,-106.125,-79.7673,-102.552,ALTERNATIVE_AVAILABLE,0,1,-151.454084,287.941965,0
49,UES1,22,29,29,1,-107.191,-102.369,-86.8432,ALTERNATIVE_AVAILABLE,0,1,256.924412,140.671419,0
49,UES1,23,30,30,7,-100.701,-97.1941,-96.0269,ALTERNATIVE_AVAILABLE,0,1,77.114668,-211.400928,0
49,UES1,24,31,31,6,-88.1858,-101.249,-122.746,SERVED,0,1,-121.393462,194.603888,0
49,UES1,25,32,32,3,-101.393,-103.31,-109.382,PERSISTING,1,1,-41.500204,274.242721,0
49,UES1,26,33,33,5,-75.8604,-102.692,-114.182,SERVED,0,1,271.239390,100.736148,0
49,UES1,27,34,34,6,-92.9143,-102.351,-113.056,SERVED,0,1,44.153787,184.047671,0
49,UES1,28,35,35,4,-94.8355,-106.585,-103.19,SERVED,0,1,-279.826455,97.241793,0
49,UES1,29,36,36,2,-85.3543,-87.8781,-111.124,SERVED,0,1,24.400439,75.476070,0
49,UES1,30,37,37,7,-109.912,-110.949,-120.965,MOVE_REQUIRED,6,1,-46.626479,-282.262431,1
49,UES1,31,38,38,2,-107.245,-108.833,-94.8622,ALTERNATIVE_AVAILABLE,0,1,253.030575,59.595091,0
49,UES1,32,39,39,1,-100.5,-81.2197,-105.127,ALTERNATIVE_AVAILABLE,0,1,56.937277,-180.929309,0
49,UES1,33,40,40,3,-94.2763,-86.9098,-96.2537,SERVED,0,1,-122.728197,154.967321,0
49,UES1,34,41,41,4,-104.342,-105.993,-105.028,PERSISTING,0,1,14.620245,-261.699832,0
49,UES1,35,42,42,1,-103.263,-81.9255,-95.7813,ALTERNATIVE_AVAILABLE,0,1,194.658687,-101.187540,0
49,UES1,36,43,43,5,-100.679,-82.2158,-114.613,ALTERNATIVE_AVAILABLE,0,1,249.075151,196.616736,0
49,UES1,37,44,44,3,-105.206,-102.553,-100.146,PERSISTING,0,1,45.388838,-217.166405,0
49,UES1,38,45,45,4,-96.4038,-99.0441,-115.7,SERVED,0,1,-138.576546,-112.941963,0
49,UES1,39,46,46,3,-80.5921,-78.3548,-83.9969,SERVED,0,1,-161.128410,-14.254548,0
49,UES1,40,47,47,4,-103.175,-94.973,-93.8226,ALTERNATIVE_AVAILABLE,0,1,-217.371667,197.875811,0
49,UES1,41,48,48,4,-97.8456,-112.473,-114.294,SERVED,0,1,-299.543079,-238.221065,0
49,UES1,42,49,49,2,-87.0371,-93.4378,-103.946,SERVED,0,1,60.458806,104.281482,0
49,UES1,43,50,50,1,-98.5417,-89.4171,-94.9236,SERVED,0,1,93.518661,-152.189855,0
49,UES1,44,51,51,3,-95.949,-88.7651,-104.178,SERVED,0,1,-49.825049,167.196303,0
49,UES1,45,52,52,4,-103.774,-105.236,-113.694,PERSISTING,2,1,-117.720741,-195.256725,0
49,UES1,46,53,53,1,-113.291,-112.566,-116.022,PERSISTING,2,1,-138.187312,-232.561491,0
49,UES1,47,54,54,4,-98.9291,-97.4987,-110.231,SERVED,0,1,-151.659790,-146.353576,0
49,UES1,48,55,55,3,-103.876,-99.2356,-113.223,ALTERNATIVE_AVAILABLE,0,1,-234.779116,-81.312253,0
49,UES1,49,56,56,1,-63.961,-92.4906,-103.229,SERVED,0,1,115.793096,-81.931289,0
49,UES1,50,57,57,3,-102.671,-103.4,-112.582,PERSISTING,2,1,-104.178901,-189.627610,0
49,UES1,51,58,58,2,-107.189,-110.571,-110.828,PERSISTING,0,1,307.160821,47.392865,0
49,UES1,52,59,59,6,-78.0018,-102.306,-128.294,SERVED,0,1,-201.816552,229.606565,0
49,UES1,53,60,60,3,-82.8408,-105.666,-103.424,SERVED,0,1,-323.662669,-70.835666,0
49,UES1,54,61,61,1,-101.778,-100.721,-105.38,PERSISTING,0,1,28.278019,-185.906081,0
49,UES1,55,62,62,2,-79.0189,-97.0325,-104.263,SERVED,0,1,178.661562,-62.951551,0
49,UES1,56,63,63,4,-86.2416,-81.5057,-107.671,SERVED,0,1,-20.494791,-158.182371,0
49,UES1,57,64,64,3,-107.323,-98.3036,-98.034,ALTERNATIVE_AVAILABLE,0,1,-163.815885,236.424650,0
49,UES1,58,65,65,4,-106.74,-105.583,-101.078,PERSISTING,2,1,-130.849168,-258.487584,0
49,UES1,59,66,66,7,-107.584,-101.897,-98.5698,ALTERNATIVE_AVAILABLE,0,1,252.908103,-222.625885,0
49,UES2,0,67,67,6,-113.648,-119.835,-126.667,PERSISTING,1,1,-370.941505,321.190388,0
49,UES2,1,68,68,3,-121.304,-117.622,-109.644,PERSISTING,3,1,328.515514,370.158789,0
49,UES2,2,69,69,1,-121.777,-116.73,-112.034,PERSISTING,3,1,354.203434,-387.500000,0
49,UES2,3,70,70,6,-85.9727,-108.59,-124.515,SERVED,0,1,-293.172462,342.819752,0
49,UES2,4,71,71,5,-104.969,-109.377,-83.3879,ALTERNATIVE_AVAILABLE,0,1,295.358763,364.819768,0
49,UES2,5,72,72,2,-101.305,-95.4466,-111.319,ALTERNATIVE_AVAILABLE,0,1,375.781918,-425.888275,0
49,UES2,6,73,73,3,-112.019,-114.18,-108.571,PERSISTING,4,1,-322.833686,288.991197,0
49,UES2,7,74,74,4,-122.821,-118.832,-91.0383,ALTERNATIVE_AVAILABLE,0,1,323.188374,408.821093,0
49,UES2,8,75,75,2,-112.015,-111.165,-112.119,PERSISTING,1,1,397.177130,-387.513645,0
49,UES2,9,76,76,6,-109.566,-99.8984,-125.264,ALTERNATIVE_AVAILABLE,0,1,-381.374960,387.390854,0
49,UES2,10,77,77,5,-101.418,-122.087,-127.099,MOVE_REQUIRED,8,1,356.477316,330.732602,1
49,UES2,11,78,78,2,-118.307,-115.632,-116.037,MOVE_REQUIRED,13,1,388.004128,-398.480292,1
49,UES2,12,79,79,7,-128.277,-113.087,-115.476,MOVE_REQUIRED,8,1,-388.232922,319.130354,1
49,UES2,13,80,80,5,-105.477,-110.663,-117.209,PERSISTING,1,1,311.854643,284.381475,0
49,UES2,14,81,81,4,-118.984,-110.851,-108.144,PERSISTING,1,1,342.245118,-300.528434,0
49,UES2,15,82,82,4,-113.429,-113.791,-112.904,PERSISTING,2,1,-363.240265,307.689847,0
49,UES2,16,83,83,1,-116.026,-111.826,-108.676,PERSISTING,0,1,343.752981,342.697860,0
49,UES2,17,84,84,5,-121.802,-109.12,-105.736,PERSISTING,0,1,368.037875,-307.144587,0
49,UES2,18,85,85,3,-117.306,-117.426,-112.477,PERSISTING,0,1,-388.705047,353.135194,0
49,UES2,19,86,86,6,-128.521,-116.704,-118.253,PERSISTING,0,1,361.632501,361.583152,0
49,UES2,20,87,87,2,-114.123,-115.97,-99.0277,ALTERNATIVE_AVAILABLE,0,1,289.512030,-347.756408,0
49,UES2,21,88,88,6,-105.097,-119.101,-123.009,MOVE_REQUIRED,13,1,-355.186272,402.725289,1
49,UES2,22,89,89,5,-109.107,-112.671,-122.448,PERSISTING,2,1,289.917749,319.334881,0
49,UES2,23,90,90,3,-117.74,-109.505,-88.099,ALTERNATIVE_AVAILABLE,0,1,307.984988,-283.500149,0
49,UES2,24,91,91,3,-116.329,-90.709,-114.028,ALTERNATIVE_AVAILABLE,0,1,-345.955493,335.202440,0
49,UES2,25,92,92,5,-111.099,-113.77,-118.728,PERSISTING,0,1,339.419056,371.162722,0
49,UES2,26,93,93,7,-98.9812,-113.378,-121.868,SERVED,0,1,285.988848,-344.286904,0
49,UES2,27,94,94,2,-130.088,-110.003,-106.188,PERSISTING,1,1,-340.273985,286.797780,0
49,UES2,28,95,95,2,-121.525,-123.379,-113.822,PERSISTING,1,1,395.914663,374.387545,0
49,UES2,29,96,96,2,-118.878,-113.092,-114.976,PERSISTING,2,1,406.377278,-321.335114,0
50,UES1,0,7,7,2,-107.546,-74.5448,-115.641,ALTERNATIVE_AVAILABLE,0,1,-168.334491,-237.686955,0
50,UES1,1,8,8,1,-104.282,-106.326,-110.493,PERSISTING,0,1,191.087179,-173.117457,0
50,UES1,2,9,9,3,-90.1501,-106.797,-94.5126,SERVED,0,1,-235.421309,238.031405,0
50,UES1,3,10,10,1,-101.363,-106.706,-94.3544,ALTERNATIVE_AVAILABLE,0,1,179.080277,-195.495413,0
50,UES1,4,11,11,2,-97.4176,-91.2826,-112.918,SERVED,0,1,139.292482,210.818918,0
50,UES1,5,12,12,4,-98.5642,-81.4505,-98.7971,SERVED,0,1,-187.448603,137.524568,0
50,UES1,6,13,13,2,-80.0739,-101.616,-106.754,SERVED,0,1,87.475986,170.423136,0
50,UES1,7,14,14,1,-101.783,-82.6064,-101.347,ALTERNATIVE_AVAILABLE,0,1,-4.132620,-176.577443,0
50,UES1,8,15,15,1,-105.232,-107.33,-98.7231,ALTERNATIVE_AVAILABLE,0,1,94.878216,-245.010591,0
50,UES1,9,16,16,1,-65.4805,-91.7115,-105.879,SERVED,0,1,137.146579,-16.248428,0
50,UES1,10,17,17,4,-99.7803,-90.999,-110.493,SERVED,0,1,-76.175355,-222.067859,0
50,UES1,11,18,18,3,-77.8008,-95.9885,-92.9899,SERVED,0,1,-154.500303,90.882297,0
50,UES1,12,19,19,5,-108.709,-105.443,-96.8908,ALTERNATIVE_AVAILABLE,0,1,300.693243,-20.495172,0
50,UES1,13,20,20,2,-99.5142,-105.348,-67.4848,SERVED,0,1,111.076340,188.015923,0
50,UES1,14,21,21,1,-102.878,-106.485,-103.081,PERSISTING,0,1,146.520163,-158.880149,0
50,UES1,15,22,22,2,-96.6687,-84.2302,-101.065,SERVED,0,1,77.719712,-153.076312,0
50,UES1,16,23,23,3,-105.04,-113.75,-106.573,PERSISTING,1,1,-300.202119,-38.828530,0
50,UES1,17,24,24,1,-77.4748,-82.6696,-106.845,SERVED,0,1,127.606534,-15.060940,0
50,UES1,18,25,25,1,-77.5743,-100.075,-94.582,SERVED,0,1,123.289472,-116.466306,0
50,UES1,19,26,26,4,-100.953,-102.047,-115.434,PERSISTING,0,1,-119.729725,-181.754766,0
50,UES1,20,27,27,6,-71.9398,-104.714,-124.392,SERVED,0,1,-203.576820,193.363815,0
50,UES1,21,28,28,4,-108.776,-110.953,-98.112,ALTERNATIVE_AVAILABLE,0,1,-153.928352,291.979457,0
50,UES1,22,29,29,1,-105.408,-103.74,-90.8283,ALTERNATIVE_AVAILABLE,0,1,260.542021,143.019579,0
50,UES1,23,30,30,7,-95.1198,-102.456,-113.844,SERVED,0,1,76.877580,-217.022453,0
50,UES1,24,31,31,6,-101.986,-92.3184,-118.832,ALTERNATIVE_AVAILABLE,0,1,-126.138181,197.680669,0
50,UES1,25,32,32,3,-103.773,-106.062,-101.057,PERSISTING,2,1,-41.050971,279.121359,0
50,UES1,26,33,33,5,-63.7195,-97.5582,-120.485,SERVED,0,1,275.130177,103.464970,0
50,UES1,27,34,34,6,-107.206,-100.321,-113.076,PERSISTING,0,1,43.471782,188.902933,0
50,UES1,28,35,35,4,-105.268,-108.499,-112.746,PERSISTING,0,1,-284.805475,98.202371,0
50,UES1,29,36,36,2,-94.3594,-96.471,-84.1157,SERVED,0,1,21.454470,79.777011,0
50,UES1,30,37,37,7,-111.379,-114.232,-119.253,MOVE_REQUIRED,7,1,-49.420501,-286.041976,1
50,UES1,31,38,38,2,-102.73,-108.55,-93.4576,ALTERNATIVE_AVAILABLE,0,1,257.919174,61.737575,0
50,UES1,32,39,39,1,-106.058,-90.3884,-89.9586,ALTERNATIVE_AVAILABLE,0,1,57.931040,-186.072207,0
50,UES1,33,40,40,3,-95.5952,-87.0127,-94.8437,SERVED,0,1,-123.750225,160.452813,0
50,UES1,34,41,41,4,-111.436,-105.76,-102.04,PERSISTING,1,1,15.522143,-266.132170,0
50,UES1,35,42,42,1,-83.5061,-93.2017,-94.7142,SERVED,0,1,198.677123,-105.507610,0
50,UES1,36,43,43,5,-91.622,-103.131,-116.507,SERVED,0,1,252.918766,199.314669,0
50,UES1,37,44,44,3,-107.486,-90.3575,-94.9386,ALTERNATIVE_AVAILABLE,0,1,45.935679,-221.875737,0
50,UES1,38,45,45,4,-97.6394,-99.5417,-114.668,SERVED,0,1,-143.122716,-116.338887,0
50,UES1,39,46,46,3,-78.0822,-85.2873,-105.271,SERVED,0,1,-166.436261,-13.074496,0
50,UES1,40,47,47,4,-104.108,-99.4405,-107.788,ALTERNATIVE_AVAILABLE,0,1,-220.715508,202.135656,0
50,UES1,41,48,48,4,-110.06,-110.353,-115.979,PERSISTING,0,1,-305.154544,-240.555352,0
50,UES1,42,49,49,2,-86.0129,-89.7725,-114.16,SERVED,0,1,62.372154,108.045137,0
50,UES1,43,50,50,1,-100.587,-103.014,-101.069,PERSISTING,0,1,97.112200,-156.219284,0
50,UES1,44,51,51,3,-101.081,-88.0277,-107.068,ALTERNATIVE_AVAILABLE,0,1,-51.854932,172.419867,0
50,UES1,45,52,52,4,-105.927,-85.1643,-113.142,ALTERNATIVE_AVAILABLE,0,1,-121.523974,-199.684215,0
50,UES1,46,53,53,1,-116.715,-109.33,-115.959,PERSISTING,3,1,-139.339499,-235.955631,0
50,UES1,47,54,54,4,-96.7216,-106.367,-113.736,SERVED,0,1,-152.458623,-152.617024,0
50,UES1,48,55,55,3,-105.927,-102.305,-112.398,PERSISTING,0,1,-240.107289,-83.815965,0
50,UES1,49,56,56,1,-75.5047,-98.8647,-85.8151,SERVED,0,1,118.705019,-84.138175,0
50,UES1,50,57,57,3,-103.159,-105.282,-112.318,PERSISTING,3,1,-104.729608,-195.651383,0
50,UES1,51,58,58,2,-111.358,-116.732,-103.996,PERSISTING,1,1,310.164598,48.613007,0
50,UES1,52,59,59,6,-74.047,-112.379,-115.286,SERVED,0,1,-206.453267,233.807232,0
50,UES1,53,60,60,3,-92.4766,-92.7135,-114.417,SERVED,0,1,-329.189021,-73.053700,0
50,UES1,54,61,61,1,-99.8456,-88.3419,-96.9428,SERVED,0,1,26.534958,-189.662819,0
50,UES1,55,62,62,2,-95.8157,-98.9715,-110.401,SERVED,0,1,181.945430,-65.189184,0
50,UES1,56,63,63,4,-101.289,-86.6002,-105.843,ALTERNATIVE_AVAILABLE,0,1,-20.099477,-163.899955,0
50,UES1,57,64,64,3,-103.585,-107.501,-102.367,PERSISTING,0,1,-165.409905,241.721295,0
50,UES1,58,65,65,4,-112.96,-105.536,-113.499,PERSISTING,3,1,-132.207283,-263.481835,0
50,UES1,59,66,66,7,-91.259,-95.4366,-113.385,SERVED,0,1,256.285434,-227.330631,0
50,UES2,0,67,67,6,-110.939,-121.037,-125.783,PERSISTING,2,1,-367.658438,323.027036,0
50,UES2,1,68,68,3,-117.332,-117.888,-105.881,PERSISTING,4,1,328.610992,367.119120,0
50,UES2,2,69,69,1,-115.42,-95.6067,-114.946,ALTERNATIVE_AVAILABLE,0,1,355.417076,-383.962780,0
50,UES2,3,70,70,6,-95.0562,-116.35,-123.604,SERVED,0,1,-293.733947,339.213992,0
50,UES2,4,71,71,5,-91.0679,-105.367,-118.554,SERVED,0,1,299.208813,366.645351,0
50,UES2,5,72,72,2,-117.921,-117.314,-99.8786,ALTERNATIVE_AVAILABLE,0,1,378.725360,-426.896445,0
50,UES2,6,73,73,3,-111.281,-111.696,-109.431,PERSISTING,5,1,-325.262041,291.677670,0
50,UES2,7,74,74,4,-119.895,-116.074,-94.5315,ALTERNATIVE_AVAILABLE,0,1,320.238487,410.540973,0
50,UES2,8,75,75,2,-120.156,-115.783,-114.808,PERSISTING,2,1,399.371097,-384.284047,0
50,UES2,9,76,76,6,-111.175,-115.416,-126.252,PERSISTING,0,1,-382.167892,384.494903,0
50,UES2,10,77,77,5,-99.404,-109.593,-128.674,SERVED,0,1,352.855205,330.978411,0
50,UES2,11,78,78,2,-118.976,-116.398,-114.251,MOVE_REQUIRED,14,1,388.795861,-400.814771,1
50,UES2,12,79,79,7,-123.381,-115.068,-111.713,MOVE_REQUIRED,9,1,-384.616720,320.308516,1
50,UES2,13,80,80,5,-94.6837,-109.346,-120.879,SERVED,0,1,316.172892,284.234277,0
50,UES2,14,81,81,4,-115.935,-112.985,-114.345,PERSISTING,2,1,345.683530,-297.832050,0
50,UES2,15,82,82,4,-114.109,-97.8284,-121.224,ALTERNATIVE_AVAILABLE,0,1,-366.459185,304.056091,0
50,UES2,16,83,83,1,-118.358,-110.917,-99.608,ALTERNATIVE_AVAILABLE,0,1,346.854984,342.096831,0
50,UES2,17,84,84,5,-116.991,-112.261,-108.576,PERSISTING,1,1,364.114607,-308.203259,0
50,UES2,18,85,85,3,-116.192,-116.183,-98.2449,ALTERNATIVE_AVAILABLE,0,1,-391.536636,349.461987,0
50,UES2,19,86,86,6,-125.937,-112.548,-112.434,PERSISTING,1,1,358.671626,359.005105,0
50,UES2,20,87,87,2,-118.953,-112.33,-111.496,PERSISTING,0,1,288.576441,-352.656844,0
50,UES2,21,88,88,6,-105.766,-105.182,-122.007,MOVE_REQUIRED,14,1,-358.514402,405.107188,1
50,UES2,22,89,89,5,-99.9802,-117.036,-124.44,SERVED,0,1,293.844383,321.618229,0
50,UES2,23,90,90,3,-100.536,-95.6111,-99.8551,ALTERNATIVE_AVAILABLE,0,1,312.364259,-286.631173,0
50,UES2,24,91,91,3,-112.797,-117.67,-116.257,PERSISTING,0,1,-349.681947,337.514198,0
50,UES2,25,92,92,5,-102.593,-113.494,-118.309,PERSISTING,1,1,342.127598,374.993456,0
50,UES2,26,93,93,7,-96.8821,-110.003,-114.494,SERVED,0,1,283.860226,-341.705956,0
50,UES2,27,94,94,2,-124.585,-102.383,-104.298,PERSISTING,2,1,-343.877989,284.698387,0
50,UES2,28,95,95,2,-120.528,-119.8,-97.3559,ALTERNATIVE_AVAILABLE,0,1,397.275667,378.290449,0
50,UES2,29,96,96,2,-112.056,-115.724,-116.066,PERSISTING,3,1,408.436057,-317.799021,0
51,UES1,0,7,7,2,-113.941,-88.6653,-114.785,ALTERNATIVE_AVAILABLE,0,1,-171.453291,-241.934701,0
51,UES1,1,8,8,1,-90.6465,-81.8589,-84.5546,SERVED,0,1,194.120572,-176.669225,0
51,UES1,2,9,9,3,-107.601,-106.431,-109.47,PERSISTING,0,1,-238.741795,243.113925,0
51,UES1,3,10,10,1,-90.237,-83.9869,-80.7198,SERVED,0,1,181.283682,-198.957905,0
51,UES1,4,11,11,4,-112.73,-100.213,-109.392,PERSISTING,0,1,142.332661,214.308776,0
51,UES1,5,12,12,3,-71.6926,-99.877,-85.8973,SERVED,0,1,-191.389772,142.045397,0
51,UES1,6,13,13,2,-88.7122,-80.3732,-105.436,SERVED,0,1,88.954827,175.413834,0
51,UES1,7,14,14,1,-93.7765,-102.807,-109.62,SERVED,0,1,-3.601911,-181.543544,0
51,UES1,8,15,15,1,-105.687,-107.585,-105.445,PERSISTING,0,1,96.908714,-250.728836,0
51,UES1,9,16,16,1,-82.7724,-91.4758,-106.066,SERVED,0,1,140.611863,-18.346451,0
51,UES1,10,17,17,4,-105.409,-105.634,-81.0597,ALTERNATIVE_AVAILABLE,0,1,-77.947603,-227.215611,0
51,UES1,11,18,18,3,-88.0864,-93.2451,-106.49,SERVED,0,1,-159.959834,91.917000,0
51,UES1,12,19,19,5,-106.13,-102.485,-106.973,PERSISTING,0,1,303.426769,-18.371213,0
51,UES1,13,20,20,2,-95.2348,-104.895,-101.297,SERVED,0,1,112.346980,192.557621,0
51,UES1,14,21,21,1,-83.2152,-102.366,-106.139,SERVED,0,1,149.797080,-162.820561,0
51,UES1,15,22,22,1,-100.237,-82.5606,-103.701,ALTERNATIVE_AVAILABLE,0,1,77.686258,-157.422347,0
51,UES1,16,23,23,4,-106.177,-110.413,-74.5871,ALTERNATIVE_AVAILABLE,0,1,-304.679022,-38.548016,0
51,UES1,17,24,24,1,-64.3169,-84.2857,-93.5351,SERVED,0,1,133.052530,-14.382957,0
51,UES1,18,25,25,1,-96.5405,-87.4074,-101.296,SERVED,0,1,126.218889,-120.516245,0
51,UES1,19,26,26,4,-101.354,-104.862,-100.354,PERSISTING,1,1,-121.597159,-187.061364,0
51,UES1,20,27,27,6,-64.8928,-111.199,-123.7,SERVED,0,1,-206.771240,197.326956,0
51,UES1,21,28,28,4,-107.059,-104.566,-104.026,PERSISTING,0,1,-154.925735,297.911089,0
51,UES1,22,29,29,2,-103.871,-109.826,-106.068,PERSISTING,0,1,263.748154,147.884941,0
51,UES1,23,30,30,7,-88.9477,-103.932,-115.047,SERVED,0,1,79.239244,-221.968540,0
51,UES1,24,31,31,6,-86.3458,-98.0764,-118.853,SERVED,0,1,-130.728032,200.368423,0
51,UES1,25,32,32,3,-81.8162,-104.986,-106.226,SERVED,0,1,-40.330867,284.647330,0
51,UES1,26,33,33,5,-92.3583,-108.994,-113.582,SERVED,0,1,277.767106,106.655875,0
51,UES1,27,34,34,6,-115.651,-101.946,-77.8513,ALTERNATIVE_AVAILABLE,0,1,44.355015,193.946296,0
51,UES1,28,35,35,4,-111.748,-112.631,-96.6568,ALTERNATIVE_AVAILABLE,0,1,-289.008068,100.457580,0
51,UES1,29,36,36,2,-82.9537,-76.1934,-83.3482,SERVED,0,1,18.944798,82.299596,0
51,UES1,30,37,37,7,-109.926,-103.776,-119.248,MOVE_REQUIRED,8,1,-50.711692,-291.912674,1
51,UES1,31,38,38,2,-88.7637,-87.4982,-96.3815,SERVED,0,1,264.185877,63.021875,0
51,UES1,32,39,39,1,-100.035,-84.1075,-102.048,ALTERNATIVE_AVAILABLE,0,1,56.738067,-191.317767,0
51,UES1,33,40,40,3,-76.3896,-96.6399,-102.452,SERVED,0,1,-124.782442,166.129905,0
51,UES1,34,41,41,4,-107.042,-103.927,-107.28,PERSISTING,2,1,16.312934,-270.462438,0
51,UES1,35,42,42,1,-100.207,-100.661,-104.067,PERSISTING,0,1,202.293579,-106.178979,0
51,UES1,36,43,43,5,-96.8546,-104.647,-118.184,SERVED,0,1,257.115782,202.420398,0
51,UES1,37,44,44,3,-106.231,-84.8518,-100.611,ALTERNATIVE_AVAILABLE,0,1,47.281570,-227.044095,0
51,UES1,38,45,45,4,-76.7585,-107.281,-114.806,SERVED,0,1,-147.532798,-118.894405,0
51,UES1,39,46,46,3,-92.0545,-93.5442,-85.675,SERVED,0,1,-172.499776,-13.673360,0
51,UES1,40,47,47,3,-104.134,-99.7642,-86.7369,ALTERNATIVE_AVAILABLE,0,1,-221.884126,206.829313,0
51,UES1,41,48,48,4,-117.446,-107.971,-115.81,PERSISTING,1,1,-306.405057,-244.339742,0
51,UES1,42,49,49,2,-85.8681,-85.8376,-92.0267,SERVED,0,1,65.501637,111.803085,0
51,UES1,43,50,50,1,-81.9931,-101.228,-97.5069,SERVED,0,1,101.625758,-159.889242,0
51,UES1,44,51,51,3,-95.5326,-98.8073,-93.6019,SERVED,0,1,-53.422035,177.187418,0
51,UES1,45,52,52,4,-92.4313,-102.48,-113.146,SERVED,0,1,-124.618610,-202.970606,0
51,UES1,46,53,53,4,-108.667,-112.484,-113.651,PERSISTING,4,1,-142.245184,-241.326565,0
51,UES1,47,54,54,4,-84.1669,-103.585,-111.806,SERVED,0,1,-153.813372,-156.818270,0
51,UES1,48,55,55,3,-99.7824,-98.3274,-110.214,SERVED,0,1,-244.702268,-88.800462,0
51,UES1,49,56,56,1,-65.5393,-93.4889,-108.531,SERVED,0,1,121.507918,-88.749624,0
51,UES1,50,57,57,3,-105.592,-99.4219,-116.517,ALTERNATIVE_AVAILABLE,0,1,-106.538264,-199.014082,0
51,UES1,51,58,58,2,-110.95,-112.471,-106.228,PERSISTING,2,1,316.136933,47.688313,0
51,UES1,52,59,59,6,-71.4091,-116.562,-131.591,SERVED,0,1,-209.993707,236.384828,0
51,UES1,53,60,60,3,-110.561,-108.143,-114.562,PERSISTING,0,1,-333.965738,-73.751482,0
51,UES1,54,61,61,1,-78.9517,-102.272,-98.7219,SERVED,0,1,25.270059,-195.815621,0
51,UES1,55,62,62,2,-76.1968,-97.3264,-82.7969,SERVED,0,1,185.953592,-70.051348,0
51,UES1,56,63,63,4,-101.224,-99.288,-110.96,ALTERNATIVE_AVAILABLE,0,1,-18.901414,-168.371914,0
51,UES1,57,64,64,3,-101.516,-102.448,-96.931,ALTERNATIVE_AVAILABLE,0,1,-167.596928,246.722619,0
51,UES1,58,65,65,4,-108.106,-84.9999,-115.197,ALTERNATIVE_AVAILABLE,0,1,-133.382502,-268.720437,0
51,UES1,59,66,66,7,-109.06,-88.5884,-115.42,ALTERNATIVE_AVAILABLE,0,1,260.839709,-231.547216,0
51,UES2,0,67,67,6,-112.422,-118.339,-128.364,PERSISTING,3,1,-363.809045,323.444325,0
51,UES2,1,68,68,3,-121.707,-114.553,-97.6371,ALTERNATIVE_AVAILABLE,0,1,325.247476,362.177950,0
51,UES2,2,69,69,1,-114.357,-118.309,-111.065,PERSISTING,0,1,359.440015,-381.414437,0
51,UES2,3,70,70,6,-96.4081,-119.071,-122.091,SERVED,0,1,-295.748413,335.488578,0
51,UES2,4,71,71,5,-105.635,-108.366,-125.454,PERSISTING,0,1,302.881294,368.465269,0
51,UES2,5,72,72,2,-120.597,-117.909,-113.587,PERSISTING,0,1,380.184848,-422.499106,0
51,UES2,6,73,73,3,-110.455,-94.4787,-101.096,ALTERNATIVE_AVAILABLE,0,1,-328.644697,293.143560,0
51,UES2,7,74,74,4,-120.051,-115.65,-113.914,PERSISTING,0,1,315.023514,413.746415,0
51,UES2,8,75,75,2,-114.61,-120.994,-113.912,PERSISTING,3,1,400.760645,-380.853451,0
51,UES2,9,76,76,6,-101.929,-111.405,-126.751,PERSISTING,1,1,-383.482031,380.863682,0
51,UES2,10,77,77,5,-98.4264,-123.108,-118.828,SERVED,0,1,348.514765,333.980118,0
51,UES2,11,78,78,2,-92.1705,-107.399,-113.171,SERVED,0,1,391.403714,-403.847225,0
51,UES2,12,79,79,7,-96.894,-115.509,-117.447,SERVED,0,1,-380.628342,323.323608,0
51,UES2,13,80,80,5,-102.856,-79.3684,-118.995,ALTERNATIVE_AVAILABLE,0,1,319.934191,282.753175,0
51,UES2,14,81,81,4,-118.083,-111.865,-111.081,PERSISTING,3,1,350.390604,-297.939855,0
51,UES2,15,82,82,4,-111.837,-93.651,-116.15,ALTERNATIVE_AVAILABLE,0,1,-370.244047,300.963512,0
51,UES2,16,83,83,1,-121.366,-114.602,-110.5,PERSISTING,0,1,351.394993,342.152106,0
51,UES2,17,84,84,5,-115.143,-115.838,-107.958,PERSISTING,2,1,360.182854,-310.530234,0
51,UES2,18,85,85,3,-87.6629,-114.32,-113.011,SERVED,0,1,-394.440544,345.979470,0
51,UES2,19,86,86,6,-120.639,-117.405,-106.036,PERSISTING,2,1,355.014824,358.089467,0
51,UES2,20,87,87,2,-102.805,-89.2378,-86.8996,ALTERNATIVE_AVAILABLE,0,1,288.861142,-355.818153,0
51,UES2,21,88,88,6,-75.7478,-118.008,-124.429,SERVED,0,1,-361.649165,408.284381,0
51,UES2,22,89,89,5,-106.482,-115.068,-125.813,PERSISTING,0,1,296.777769,325.486538,0
51,UES2,23,90,90,1,-109.53,-112.619,-98.7733,ALTERNATIVE_AVAILABLE,0,1,314.235958,-287.480069,0
51,UES2,24,91,91,6,-108.105,-114.421,-122.577,PERSISTING,1,1,-353.525156,339.321456,0
51,UES2,25,92,92,5,-111.326,-113.239,-119.798,PERSISTING,2,1,345.291338,377.214100,0
51,UES2,26,93,93,7,-97.073,-117.54,-123.104,SERVED,0,1,285.430288,-338.520273,0
51,UES2,27,94,94,2,-127.31,-115.132,-81.603,ALTERNATIVE_AVAILABLE,0,1,-346.023455,282.947068,0
51,UES2,28,95,95,2,-122.978,-123.714,-95.3288,ALTERNATIVE_AVAILABLE,0,1,400.421872,381.394291,0
51,UES2,29,96,96,2,-117.203,-113.956,-115.337,PERSISTING,4,1,411.613062,-314.707464,0
52,UES1,0,7,7,2,-115.928,-106.398,-113.934,PERSISTING,0,1,-175.153749,-246.737892,0
52,UES1,1,8,8,1,-100.471,-104.326,-104.251,PERSISTING,0,1,198.304382,-179.769159,0
52,UES1,2,9,9,3,-103.448,-107.184,-96.0048,ALTERNATIVE_AVAILABLE,0,1,-241.889394,247.311156,0
52,UES1,3,10,10,1,-103.262,-105.02,-95.3608,ALTERNATIVE_AVAILABLE,0,1,186.530759,-201.815682,0
52,UES1,4,11,11,4,-108.733,-95.8006,-112.229,ALTERNATIVE_AVAILABLE,0,1,146.510891,218.052443,0
52,UES1,5,12,12,3,-92.978,-102.527,-92.3423,SERVED,0,1,-193.921146,144.717701,0
52,UES1,6,13,13,2,-93.8179,-82.5116,-94.347,SERVED,0,1,88.945928,181.100538,0
52,UES1,7,14,14,1,-79.3187,-102.294,-113.729,SERVED,0,1,-6.436410,-185.739670,0
52,UES1,8,15,15,1,-87.3656,-105.846,-102.031,SERVED,0,1,100.456265,-255.444182,0
52,UES1,9,16,16,1,-66.9872,-84.5902,-106.382,SERVED,0,1,147.074049,-20.674270,0
52,UES1,10,17,17,4,-92.6805,-108.972,-113.928,SERVED,0,1,-79.605964,-231.139354,0
52,UES1,11,18,18,3,-68.8119,-92.6571,-104.355,SERVED,0,1,-164.777944,94.082119,0
52,UES1,12,19,19,5,-104.167,-103.472,-114.872,PERSISTING,1,1,309.392829,-18.103450,0
52,UES1,13,20,20,2,-106.525,-107.123,-67.895,ALTERNATIVE_AVAILABLE,0,1,116.085281,195.624817,0
52,UES1,14,21,21,1,-99.8365,-105.128,-111.577,SERVED,0,1,152.819441,-167.280427,0
52,UES1,15,22,22,1,-92.8147,-105.393,-105.623,SERVED,0,1,76.729904,-163.200306,0
52,UES1,16,23,23,4,-109.593,-100.359,-109.948,PERSISTING,0,1,-310.240968,-39.734777,0
52,UES1,17,24,24,1,-63.6905,-90.1475,-113.264,SERVED,0,1,137.288477,-13.175715,0
52,UES1,18,25,25,1,-98.8078,-72.5731,-90.644,SERVED,0,1,129.009823,-124.766497,0
52,UES1,19,26,26,4,-101.251,-103.451,-100.738,PERSISTING,2,1,-124.419267,-190.337903,0
52,UES1,20,27,27,6,-65.0862,-99.9111,-125.607,SERVED,0,1,-212.434373,200.462479,0
52,UES1,21,28,28,4,-105.981,-106.789,-83.0831,ALTERNATIVE_AVAILABLE,0,1,-156.166181,301.426540,0
52,UES1,22,29,29,2,-106.6,-111.224,-88.1773,ALTERNATIVE_AVAILABLE,0,1,266.732046,150.597013,0
52,UES1,23,30,30,7,-99.586,-106.675,-113.347,SERVED,0,1,78.785553,-226.713538,0
52,UES1,24,31,31,6,-104.927,-100.853,-99.3551,ALTERNATIVE_AVAILABLE,0,1,-134.784378,202.442358,0
52,UES1,25,32,32,3,-105.972,-107.286,-102.178,PERSISTING,0,1,-42.911467,288.838557,0
52,UES1,26,33,33,5,-63.9676,-109.1,-119.562,SERVED,0,1,281.350995,110.473528,0
52,UES1,27,34,34,6,-105.898,-91.797,-111.828,ALTERNATIVE_AVAILABLE,0,1,43.524240,199.483526,0
52,UES1,28,35,35,4,-103.524,-110.692,-110.929,PERSISTING,0,1,-292.613000,100.700078,0
52,UES1,29,36,36,2,-83.3035,-88.7535,-107.134,SERVED,0,1,15.675653,88.188857,0
52,UES1,30,37,37,7,-111.704,-112.588,-95.7012,ALTERNATIVE_AVAILABLE,0,1,-52.779468,-294.934721,0
52,UES1,31,38,38,2,-78.1166,-109.141,-102.74,SERVED,0,1,269.717258,64.812733,0
52,UES1,32,39,39,1,-101.681,-104.616,-87.3499,ALTERNATIVE_AVAILABLE,0,1,57.523530,-195.708513,0
52,UES1,33,40,40,3,-91.8597,-101.339,-100.747,SERVED,0,1,-128.169715,170.080386,0
52,UES1,34,41,41,4,-92.6805,-106.168,-108.5,SERVED,0,1,18.596117,-274.252309,0
52,UES1,35,42,42,1,-88.1411,-99.9187,-109.679,SERVED,0,1,207.468304,-108.579000,0
52,UES1,36,43,43,5,-97.9469,-75.8672,-118.062,SERVED,0,1,261.268564,205.570288,0
52,UES1,37,44,44,3,-108.724,-103.988,-105.037,PERSISTING,0,1,49.832902,-231.618027,0
52,UES1,38,45,45,4,-96.7673,-77.4889,-110.613,SERVED,0,1,-151.622663,-121.075606,0
52,UES1,39,46,46,3,-96.3306,-86.7492,-113.696,SERVED,0,1,-176.125366,-11.882676,0
52,UES1,40,47,47,3,-101.801,-103.816,-99.3388,ALTERNATIVE_AVAILABLE,0,1,-225.119492,210.947456,0
52,UES1,41,48,48,4,-111.513,-114.894,-113.817,PERSISTING,2,1,-311.465460,-247.877005,0
52,UES1,42,49,49,2,-88.8577,-90.499,-112.935,SERVED,0,1,67.695796,117.472567,0
52,UES1,43,50,50,1,-99.9348,-103.027,-105.509,SERVED,0,1,103.700734,-163.392890,0
52,UES1,44,51,51,3,-92.0949,-97.9932,-101.646,SERVED,0,1,-55.611297,182.164115,0
52,UES1,45,52,52,4,-104.506,-105.471,-112.406,PERSISTING,0,1,-128.432230,-206.922075,0
52,UES1,46,53,53,4,-96.6917,-113.246,-117.752,SERVED,0,1,-145.675525,-244.961731,0
52,UES1,47,54,54,4,-104.323,-74.0926,-111.018,ALTERNATIVE_AVAILABLE,0,1,-155.386170,-161.289663,0
52,UES1,48,55,55,3,-100.405,-104.947,-109.843,PERSISTING,0,1,-247.139062,-91.007105,0
52,UES1,49,56,56,1,-93.66,-93.4929,-103.196,SERVED,0,1,126.391189,-91.251691,0
52,UES1,50,57,57,3,-102.931,-95.2191,-105.652,ALTERNATIVE_AVAILABLE,0,1,-105.811973,-204.194286,0
52,UES1,51,58,58,2,-101.894,-116.063,-106.186,PERSISTING,3,1,321.804478,50.973243,0
52,UES1,52,59,59,6,-69.8502,-97.611,-128.919,SERVED,0,1,-213.182294,240.152941,0
52,UES1,53,60,60,3,-112.787,-96.4266,-109.448,ALTERNATIVE_AVAILABLE,0,1,-338.886341,-74.584333,0
52,UES1,54,61,61,1,-103.775,-102,-105.114,PERSISTING,0,1,24.540672,-201.526702,0
52,UES1,55,62,62,2,-96.1387,-79.936,-103.999,SERVED,0,1,189.957025,-72.331763,0
52,UES1,56,63,63,4,-83.5042,-97.0302,-107.44,SERVED,0,1,-18.818609,-172.458098,0
52,UES1,57,64,64,3,-102.709,-107.256,-96.8133,ALTERNATIVE_AVAILABLE,0,1,-171.458235,250.931524,0
52,UES1,58,65,65,4,-104.609,-107.804,-116.462,PERSISTING,0,1,-134.968001,-273.653730,0
52,UES1,59,66,66,7,-86.3554,-104.468,-110.567,SERVED,0,1,264.725804,-233.785666,0
52,UES2,0,67,67,6,-105.847,-115.656,-124.665,PERSISTING,4,1,-359.644119,325.075027,0
52,UES2,1,68,68,3,-125.882,-117.658,-110.547,PERSISTING,0,1,324.092703,358.364492,0
52,UES2,2,69,69,1,-110.39,-114.719,-120.188,PERSISTING,1,1,363.987880,-378.147522,0
52,UES2,3,70,70,6,-96.5662,-116.392,-120.424,SERVED,0,1,-297.947655,331.622385,0
52,UES2,4,71,71,5,-110.098,-112.326,-121.431,PERSISTING,1,1,306.626726,369.148524,0
52,UES2,5,72,72,2,-115.738,-116.852,-111.102,PERSISTING,1,1,379.234725,-420.631959,0
52,UES2,6,73,73,3,-114.662,-113.296,-112.491,PERSISTING,0,1,-332.527972,294.992338,0
52,UES2,7,74,74,4,-121.013,-116.494,-111.983,PERSISTING,1,1,313.263337,414.954742,0
52,UES2,8,75,75,2,-115.94,-120.256,-114.536,PERSISTING,4,1,402.673121,-377.088854,0
52,UES2,9,76,76,6,-106.003,-117.949,-99.1383,ALTERNATIVE_AVAILABLE,0,1,-384.569552,376.931858,0
52,UES2,10,77,77,5,-103.406,-119.045,-124.077,PERSISTING,0,1,345.656132,334.612466,0
52,UES2,11,78,78,2,-121.827,-119.554,-119.028,PERSISTING,0,1,392.941663,-407.054223,0
52,UES2,12,79,79,7,-130.162,-104.548,-110.402,PERSISTING,0,1,-376.836577,322.781630,0
52,UES2,13,80,80,5,-101.615,-109.555,-117.272,PERSISTING,0,1,323.859622,282.603302,0
52,UES2,14,81,81,4,-100.294,-112.965,-112.685,PERSISTING,4,1,354.100150,-297.597158,0
52,UES2,15,82,82,4,-112.191,-111.483,-116.979,PERSISTING,0,1,-372.978406,298.803919,0
52,UES2,16,83,83,1,-116.303,-115.516,-109.639,PERSISTING,1,1,355.638132,342.559430,0
52,UES2,17,84,84,5,-119.51,-112.913,-108.098,PERSISTING,3,1,356.973456,-309.765339,0
52,UES2,18,85,85,3,-113.144,-116.972,-107.937,PERSISTING,0,1,-396.217640,343.430888,0
52,UES2,19,86,86,6,-121.256,-113.221,-114.188,PERSISTING,3,1,351.450173,355.809084,0
52,UES2,20,87,87,2,-114.978,-113.35,-85.7623,ALTERNATIVE_AVAILABLE,0,1,287.376624,-359.601748,0
52,UES2,21,88,88,6,-109.517,-120.406,-121.967,PERSISTING,0,1,-365.147213,408.924375,0
52,UES2,22,89,89,5,-107.857,-120.131,-119.573,PERSISTING,1,1,301.072848,326.789580,0
52,UES2,23,90,90,1,-111.87,-114.428,-108.086,PERSISTING,0,1,318.472141,-289.671072,0
52,UES2,24,91,91,6,-112.566,-117.305,-123.497,PERSISTING,2,1,-357.346791,339.769142,0
52,UES2,25,92,92,5,-111.373,-115.305,-121.249,PERSISTING,3,1,347.506968,379.566495,0
52,UES2,26,93,93,7,-98.1175,-120.289,-126.318,SERVED,0,1,288.178445,-334.917209,0
52,UES2,27,94,94,2,-127.383,-115.281,-97.1363,ALTERNATIVE_AVAILABLE,0,1,-349.903704,281.991577,0
52,UES2,28,95,95,2,-126.829,-117.658,-107.441,PERSISTING,0,1,403.659632,384.105707,0
52,UES2,29,96,96,2,-116.925,-86.1341,-92.5838,ALTERNATIVE_AVAILABLE,0,1,413.996735,-311.498695,0
53,UES1,0,7,7,2,-118.17,-73.3011,-117.585,ALTERNATIVE_AVAILABLE,0,1,-177.651458,-250.527147,0
53,UES1,1,8,8,1,-102.648,-106.408,-99.1637,ALTERNATIVE_AVAILABLE,0,1,200.866322,-184.081996,0
53,UES1,2,9,9,3,-103.098,-105.234,-101.073,PERSISTING,0,1,-244.917728,249.856263,0
53,UES1,3,10,10,1,-103.47,-104.544,-93.6534,ALTERNATIVE_AVAILABLE,0,1,190.636771,-204.230906,0
53,UES1,4,11,11,4,-109.595,-101.1,-111.858,PERSISTING,0,1,150.073210,220.414365,0
53,UES1,5,12,12,3,-96.071,-98.9583,-108.457,SERVED,0,1,-195.574875,148.403986,0
53,UES1,6,13,13,2,-101.635,-91.7564,-98.4221,ALTERNATIVE_AVAILABLE,0,1,89.113542,186.182396,0
53,UES1,7,14,14,1,-101.167,-103.168,-108.4,PERSISTING,0,1,-7.150000,-190.929188,0
53,UES1,8,15,15,1,-109.762,-110.163,-85.7985,ALTERNATIVE_AVAILABLE,0,1,102.010023,-259.975774,0
53,UES1,9,16,16,1,-74.3342,-96.7638,-107.889,SERVED,0,1,149.519289,-21.579368,0
53,UES1,10,17,17,4,-107.934,-74.6514,-106.961,ALTERNATIVE_AVAILABLE,0,1,-79.685146,-237.480682,0
53,UES1,11,18,18,3,-93.8857,-97.7162,-97.517,SERVED,0,1,-169.027122,94.872674,0
53,UES1,12,19,19,5,-74.9112,-91.4251,-98.3185,SERVED,0,1,313.615368,-15.538746,0
53,UES1,13,20,20,5,-104.133,-101.899,-119.413,PERSISTING,0,1,117.939318,200.331577,0
53,UES1,14,21,21,7,-87.1399,-102.472,-116.156,SERVED,0,1,155.704187,-171.041328,0
53,UES1,15,22,22,1,-99.6089,-104.231,-110.641,SERVED,0,1,77.205233,-167.502231,0
53,UES1,16,23,23,4,-105.368,-108.799,-110.532,PERSISTING,1,1,-313.620091,-38.383729,0
53,UES1,17,24,24,1,-81.3626,-83.8986,-102.97,SERVED,0,1,142.569628,-13.818534,0
53,UES1,18,25,25,1,-74.0213,-96.1737,-103.925,SERVED,0,1,130.563220,-127.279482,0
53,UES1,19,26,26,4,-102.25,-106.847,-110.485,PERSISTING,3,1,-126.233724,-195.975853,0
53,UES1,20,27,27,6,-64.7239,-105.171,-129.795,SERVED,0,1,-215.973498,202.992211,0
53,UES1,21,28,28,4,-98.7076,-72.8385,-100.72,SERVED,0,1,-157.697900,306.418155,0
53,UES1,22,29,29,2,-105.169,-109.237,-85.9414,ALTERNATIVE_AVAILABLE,0,1,270.684418,154.589688,0
53,UES1,23,30,30,7,-97.6465,-94.6881,-118.293,SERVED,0,1,82.493204,-232.284356,0
53,UES1,24,31,31,6,-109.836,-102.106,-121.074,PERSISTING,0,1,-138.935160,204.383642,0
53,UES1,25,32,32,3,-72.8558,-106.971,-104.785,SERVED,0,1,-42.334712,294.788603,0
53,UES1,26,33,33,5,-90.1943,-112.238,-114.594,SERVED,0,1,285.191644,113.511961,0
53,UES1,27,34,34,6,-116.103,-101.246,-104.215,PERSISTING,0,1,44.496112,204.551260,0
53,UES1,28,35,35,4,-104.171,-85.9556,-108.823,ALTERNATIVE_AVAILABLE,0,1,-298.802504,105.053620,0
53,UES1,29,36,36,2,-83.7098,-86.4244,-110.106,SERVED,0,1,14.567415,93.084685,0
53,UES1,30,37,37,7,-116.338,-94.2441,-120.894,ALTERNATIVE_AVAILABLE,0,1,-54.262315,-300.685084,0
53,UES1,31,38,38,2,-101.825,-110.619,-86.3885,ALTERNATIVE_AVAILABLE,0,1,272.331393,66.903533,0
53,UES1,32,39,39,1,-102.278,-105.296,-102.99,PERSISTING,0,1,58.485662,-200.059863,0
53,UES1,33,40,40,3,-96.9681,-78.3504,-93.7508,SERVED,0,1,-129.064756,174.134119,0
53,UES1,34,41,41,4,-109.94,-106.505,-102.134,PERSISTING,0,1,19.339627,-279.795426,0
53,UES1,35,42,42,1,-95.624,-99.5832,-103.938,SERVED,0,1,212.100437,-111.056158,0
53,UES1,36,43,43,5,-107.351,-101.555,-113.992,PERSISTING,0,1,264.639852,208.975424,0
53,UES1,37,44,44,4,-105.263,-74.2029,-105.743,ALTERNATIVE_AVAILABLE,0,1,48.844554,-236.752088,0
53,UES1,38,45,45,4,-96.9188,-100.97,-118.278,SERVED,0,1,-156.010801,-122.496327,0
53,UES1,39,46,46,3,-84.056,-80.0785,-114.904,SERVED,0,1,-180.217823,-13.057952,0
53,UES1,40,47,47,3,-101.66,-87.9459,-94.2667,ALTERNATIVE_AVAILABLE,0,1,-227.341822,215.422955,0
53,UES1,41,48,48,4,-109.77,-112.629,-114.89,PERSISTING,3,1,-315.015609,-249.821267,0
53,UES1,42,49,49,2,-87.5134,-100.884,-106.289,SERVED,0,1,68.520325,121.539892,0
53,UES1,43,50,50,1,-102.068,-99.6537,-102.119,ALTERNATIVE_AVAILABLE,0,1,106.904406,-167.090490,0
53,UES1,44,51,51,4,-94.1423,-67.4507,-101.035,SERVED,0,1,-56.614891,186.905060,0
53,UES1,45,52,52,4,-104.673,-103.486,-106.753,PERSISTING,1,1,-130.754435,-209.688600,0
53,UES1,46,53,53,4,-111.11,-115.668,-115.954,PERSISTING,0,1,-148.059853,-248.712502,0
53,UES1,47,54,54,4,-100.983,-97.9165,-115.862,ALTERNATIVE_AVAILABLE,0,1,-156.750745,-165.852537,0
53,UES1,48,55,55,3,-99.0435,-100.824,-109.584,SERVED,0,1,-251.433070,-94.499433,0
53,UES1,49,56,56,1,-86.5521,-71.6736,-109.909,SERVED,0,1,128.618192,-95.505816,0
53,UES1,50,57,57,1,-105.109,-101.544,-99.178,ALTERNATIVE_AVAILABLE,0,1,-107.885206,-208.367114,0
53,UES1,51,58,58,2,-74.0379,-110.407,-108.203,SERVED,0,1,323.513917,53.547494,0
53,UES1,52,59,59,6,-73.1218,-112.27,-127.201,SERVED,0,1,-217.114709,241.668330,0
53,UES1,53,60,60,3,-112.775,-109.851,-113.671,PERSISTING,0,1,-342.808269,-76.307681,0
53,UES1,54,61,61,1,-101.519,-104.044,-108.299,PERSISTING,1,1,23.780087,-204.652798,0
53,UES1,55,62,62,2,-100.926,-77.6433,-102.015,ALTERNATIVE_AVAILABLE,0,1,194.197098,-77.206139,0
53,UES1,56,63,63,4,-101.073,-98.5694,-105.562,ALTERNATIVE_AVAILABLE,0,1,-18.486804,-177.645065,0
53,UES1,57,64,64,3,-106.792,-103.273,-104.013,PERSISTING,0,1,-171.669986,255.667149,0
53,UES1,58,65,65,4,-105.53,-108.754,-115.34,PERSISTING,1,1,-134.563400,-277.843878,0
53,UES1,59,66,66,7,-101.396,-105.924,-120.244,PERSISTING,0,1,267.735167,-237.145231,0
53,UES2,0,67,67,6,-105.605,-119.765,-125.911,PERSISTING,5,1,-356.220542,325.537341,0
53,UES2,1,68,68,3,-117.498,-114.74,-109.131,PERSISTING,1,1,323.793178,353.904939,0
53,UES2,2,69,69,1,-113.201,-115.876,-115.543,PERSISTING,2,1,364.753267,-375.284947,0
53,UES2,3,70,70,6,-103.372,-116.158,-122.902,PERSISTING,0,1,-299.538062,327.944197,0
53,UES2,4,71,71,5,-111.698,-116.18,-119.156,PERSISTING,2,1,309.535070,370.011952,0
53,UES2,5,72,72,2,-119.092,-116.486,-115.664,PERSISTING,2,1,378.614513,-415.972106,0
53,UES2,6,73,73,3,-74.8004,-88.2794,-111.965,SERVED,0,1,-336.255958,295.660708,0
53,UES2,7,74,74,4,-92.8423,-117.104,-115.339,SERVED,0,1,308.448489,417.771408,0
53,UES2,8,75,75,2,-121.547,-117.989,-119.826,PERSISTING,5,1,404.793011,-374.096712,0
53,UES2,9,76,76,6,-106.276,-118.339,-123.412,PERSISTING,0,1,-385.967745,372.897225,0
53,UES2,10,77,77,5,-104.835,-123.663,-127.492,PERSISTING,1,1,341.673968,335.803124,0
53,UES2,11,78,78,2,-117.887,-117.171,-119.207,PERSISTING,1,1,396.429231,-410.641820,0
53,UES2,12,79,79,7,-127.241,-88.6817,-113.774,ALTERNATIVE_AVAILABLE,0,1,-372.626029,324.513609,0
53,UES2,13,80,80,5,-107.305,-81.5427,-115.901,ALTERNATIVE_AVAILABLE,0,1,328.602321,282.728907,0
53,UES2,14,81,81,4,-117.557,-110.783,-110.683,PERSISTING,5,1,357.502323,-297.849043,0
53,UES2,15,82,82,4,-109.574,-116.205,-107.625,PERSISTING,1,1,-376.173621,295.653216,0
53,UES2,16,83,83,1,-116.747,-114.696,-107.209,PERSISTING,2,1,360.116874,342.014552,0
53,UES2,17,84,84,5,-112.307,-115.29,-100.81,PERSISTING,4,1,352.464847,-312.543748,0
53,UES2,18,85,85,3,-119.493,-115.484,-107.113,PERSISTING,1,1,-397.953556,340.819999,0
53,UES2,19,86,86,6,-124.879,-117.23,-110.117,PERSISTING,4,1,348.261163,354.607572,0
53,UES2,20,87,87,2,-110.705,-112.938,-108.724,PERSISTING,0,1,292.732340,-361.264207,0
53,UES2,21,88,88,6,-104.916,-118.664,-120.536,PERSISTING,1,1,-367.263329,412.026012,0
53,UES2,22,89,89,5,-104.448,-116.182,-120.13,PERSISTING,2,1,303.247231,328.036560,0
53,UES2,23,90,90,1,-115.496,-115.327,-103.2,PERSISTING,1,1,321.637929,-289.554434,0
53,UES2,24,91,91,6,-98.1598,-114.846,-125.294,SERVED,0,1,-359.936809,341.635740,0
53,UES2,25,92,92,5,-109.202,-115.605,-120.174,PERSISTING,4,1,351.777713,382.111963,0
53,UES2,26,93,93,7,-95.2144,-117.103,-125.486,SERVED,0,1,289.334682,-331.242138,0
53,UES2,27,94,94,2,-126.71,-118.182,-106.188,PERSISTING,0,1,-354.127902,279.961109,0
53,UES2,28,95,95,2,-118.953,-122.934,-113.458,PERSISTING,1,1,405.541840,386.989518,0
53,UES2,29,96,96,2,-112.254,-113.354,-117.737,PERSISTING,0,1,415.552940,-307.043507,0
54,UES1,0,7,7,2,-114.323,-77.4504,-113.069,ALTERNATIVE_AVAILABLE,0,1,-179.853172,-253.891062,0
54,UES1,1,8,8,1,-103.599,-74.6932,-112.89,ALTERNATIVE_AVAILABLE,0,1,205.400546,-187.635362,0
54,UES1,2,9,9,3,-110.69,-106.063,-103.38,PERSISTING,1,1,-248.899689,253.908787,0
54,UES1,3,10,10,1,-74.4513,-105.052,-96.8811,SERVED,0,1,193.349209,-208.116859,0
54,UES1,4,11,11,4,-116.493,-102.852,-83.7135,ALTERNATIVE_AVAILABLE,0,1,153.801057,222.528457,0
54,UES1,5,12,12,3,-72.8728,-98.5246,-88.259,SERVED,0,1,-200.391171,153.823654,0
54,UES1,6,13,13,2,-94.6109,-72.5343,-102.236,SERVED,0,1,89.731674,191.311185,0
54,UES1,7,14,14,1,-102.857,-104.022,-98.9937,ALTERNATIVE_AVAILABLE,0,1,-6.660544,-195.493960,0
54,UES1,8,15,15,1,-106.433,-107.252,-101.572,PERSISTING,0,1,102.992802,-263.880680,0
54,UES1,9,16,16,1,-67.4845,-91.4527,-102.646,SERVED,0,1,154.277927,-23.910595,0
54,UES1,10,17,17,4,-105.772,-82.6844,-112.533,ALTERNATIVE_AVAILABLE,0,1,-81.462705,-241.529505,0
54,UES1,11,18,18,3,-72.1998,-95.0357,-101.885,SERVED,0,1,-174.512609,96.091240,0
54,UES1,12,19,19,5,-106.251,-101.997,-116.951,PERSISTING,0,1,318.905764,-14.954501,0
54,UES1,13,20,20,5,-92.9247,-99.912,-116.835,SERVED,0,1,119.149298,205.181063,0
54,UES1,14,21,21,7,-104.965,-101.992,-92.812,ALTERNATIVE_AVAILABLE,0,1,159.634891,-174.259984,0
54,UES1,15,22,22,1,-71.3802,-72.5553,-105.929,SERVED,0,1,77.416419,-171.599836,0
54,UES1,16,23,23,4,-115.637,-113.009,-109.11,PERSISTING,2,1,-321.593147,-38.622959,0
54,UES1,17,24,24,1,-65.9082,-83.7545,-110.018,SERVED,0,1,147.446123,-13.185233,0
54,UES1,18,25,25,1,-93.831,-82.8092,-87.6283,SERVED,0,1,134.814311,-131.913795,0
54,UES1,19,26,26,4,-97.3776,-102.892,-112.392,SERVED,0,1,-127.877090,-199.380525,0
54,UES1,20,27,27,6,-64.5372,-109.448,-126.515,SERVED,0,1,-219.439137,205.817012,0
54,UES1,21,28,28,4,-79.8419,-80.9471,-103.008,SERVED,0,1,-159.532838,311.275224,0
54,UES1,22,29,29,2,-103.86,-106.855,-97.1073,ALTERNATIVE_AVAILABLE,0,1,275.776173,157.338300,0
54,UES1,23,30,30,7,-105.515,-76.9411,-112.424,ALTERNATIVE_AVAILABLE,0,1,82.861250,-235.600657,0
54,UES1,24,31,31,6,-88.8059,-97.2269,-121.811,SERVED,0,1,-142.642951,206.553137,0
54,UES1,25,32,32,3,-105.046,-110.763,-107.848,PERSISTING,0,1,-43.183782,299.384781,0
54,UES1,26,33,33,5,-92.3437,-111.773,-114.865,SERVED,0,1,289.232978,118.143533,0
54,UES1,27,34,34,6,-109.035,-104.209,-113.605,PERSISTING,1,1,44.041031,208.610631,0
54,UES1,28,35,35,4,-111.069,-111.68,-108.748,PERSISTING,0,1,-302.977791,105.806754,0
54,UES1,29,36,36,2,-107.214,-97.408,-98.7277,ALTERNATIVE_AVAILABLE,0,1,11.400573,97.262464,0
54,UES1,30,37,37,7,-112.728,-113.805,-121.047,PERSISTING,0,1,-56.943372,-304.631905,0
54,UES1,31,38,38,2,-104.538,-96.312,-102.724,ALTERNATIVE_AVAILABLE,0,1,277.051000,67.538552,0
54,UES1,32,39,39,1,-73.586,-102.79,-100.744,SERVED,0,1,59.420713,-206.956111,0
54,UES1,33,40,40,3,-97.6151,-92.9954,-93.0738,SERVED,0,1,-130.966482,179.744598,0
54,UES1,34,41,41,4,-107.957,-108.621,-109.513,PERSISTING,1,1,21.729556,-283.992607,0
54,UES1,35,42,42,1,-104.756,-103.226,-103.099,PERSISTING,0,1,216.621228,-113.701146,0
54,UES1,36,43,43,5,-88.4741,-107.005,-116.664,SERVED,0,1,268.924270,212.414862,0
54,UES1,37,44,44,4,-104.334,-101.482,-99.9893,ALTERNATIVE_AVAILABLE,0,1,50.462210,-241.979342,0
54,UES1,38,45,45,4,-99.4725,-97.3502,-95.7975,SERVED,0,1,-160.444699,-126.122369,0
54,UES1,39,46,46,3,-95.174,-75.9436,-115.157,SERVED,0,1,-186.765251,-11.868207,0
54,UES1,40,47,47,3,-105.275,-101.576,-92.1854,ALTERNATIVE_AVAILABLE,0,1,-229.816424,220.019932,0
54,UES1,41,48,48,4,-109.523,-110.002,-106.844,PERSISTING,4,1,-319.220578,-252.223301,0
54,UES1,42,49,49,2,-91.1154,-76.6876,-111.993,SERVED,0,1,71.327284,126.222704,0
54,UES1,43,50,50,1,-96.6554,-100.632,-95.0046,SERVED,0,1,111.327321,-171.379147,0
54,UES1,44,51,51,4,-76.3141,-99.4511,-93.5383,SERVED,0,1,-59.356457,191.290568,0
54,UES1,45,52,52,4,-99.1787,-103.9,-112.797,SERVED,0,1,-134.738889,-214.644047,0
54,UES1,46,53,53,4,-116.204,-112.697,-114.51,PERSISTING,1,1,-149.886699,-252.644023,0
54,UES1,47,54,54,4,-101.029,-102.722,-96.5206,ALTERNATIVE_AVAILABLE,0,1,-158.264552,-170.577218,0
54,UES1,48,55,55,3,-104.825,-104.255,-112.742,PERSISTING,0,1,-254.206772,-97.179092,0
54,UES1,49,56,56,1,-96.9132,-97.3236,-105.368,SERVED,0,1,132.786687,-99.903830,0
54,UES1,50,57,57,1,-109.725,-103.513,-93.9003,ALTERNATIVE_AVAILABLE,0,1,-109.304674,-214.478310,0
54,UES1,51,58,58,2,-107.437,-116.075,-101.16,PERSISTING,0,1,324.831374,57.651797,0
54,UES1,52,59,59,6,-84.9969,-104.127,-125.85,SERVED,0,1,-221.983180,246.835390,0
54,UES1,53,60,60,3,-109.989,-107.607,-119.045,PERSISTING,1,1,-348.864755,-77.252456,0
54,UES1,54,61,61,1,-100.378,-102.944,-104.577,PERSISTING,2,1,23.040024,-209.499468,0
54,UES1,55,62,62,2,-97.5003,-97.4474,-88.1411,SERVED,0,1,197.577215,-79.274064,0
54,UES1,56,63,63,4,-73.6002,-99.8398,-109.18,SERVED,0,1,-17.564742,-183.187188,0
54,UES1,57,64,64,3,-111.325,-107.108,-104.423,PERSISTING,1,1,-174.022865,260.376218,0
54,UES1,58,65,65,4,-104.804,-108.549,-115.983,PERSISTING,2,1,-136.157772,-283.433062,0
54,UES1,59,66,66,7,-110.531,-74.7859,-94.4739,ALTERNATIVE_AVAILABLE,0,1,270.641178,-240.954541,0
54,UES2,0,67,67,6,-102.831,-118.895,-127.345,MOVE_REQUIRED,6,1,-352.467709,326.702438,1
54,UES2,1,68,68,3,-123.52,-113.893,-97.585,ALTERNATIVE_AVAILABLE,0,1,323.502057,350.280464,0
54,UES2,2,69,69,1,-114.055,-117.231,-113.387,PERSISTING,3,1,366.966493,-372.307690,0
54,UES2,3,70,70,6,-104.284,-113.608,-121.753,PERSISTING,1,1,-301.465986,325.020328,0
54,UES2,4,71,71,5,-110.829,-114.264,-121.683,PERSISTING,3,1,314.203459,373.304819,0
54,UES2,5,72,72,2,-118.745,-79.1337,-114.145,ALTERNATIVE_AVAILABLE,0,1,378.873882,-412.132458,0
54,UES2,6,73,73,3,-113.888,-112.97,-113.208,PERSISTING,0,1,-340.607466,296.746534,0
54,UES2,7,74,74,4,-122.972,-115.648,-114.319,PERSISTING,0,1,306.395669,420.874783,0
54,UES2,8,75,75,2,-116.598,-114.944,-115.32,MOVE_REQUIRED,6,1,405.976204,-370.871869,1
54,UES2,9,76,76,6,-107.627,-118.02,-127.866,PERSISTING,1,1,-386.338508,369.157841,0
54,UES2,10,77,77,5,-103.318,-116.241,-124.793,PERSISTING,2,1,336.595250,337.741298,0
54,UES2,11,78,78,2,-120.885,-118.135,-97.1585,ALTERNATIVE_AVAILABLE,0,1,398.309307,-414.702138,0
54,UES2,12,79,79,7,-123.673,-114.539,-113.227,PERSISTING,0,1,-368.999144,325.670119,0
54,UES2,13,80,80,5,-99.7509,-108.074,-106.815,SERVED,0,1,332.055623,281.819518,0
54,UES2,14,81,81,4,-119.121,-112.228,-111.274,MOVE_REQUIRED,6,1,362.383487,-296.809386,1
54,UES2,15,82,82,4,-113.275,-112.262,-98.9602,ALTERNATIVE_AVAILABLE,0,1,-374.150564,295.592843,0
54,UES2,16,83,83,1,-113.708,-116.643,-98.0859,ALTERNATIVE_AVAILABLE,0,1,363.399204,342.583206,0
54,UES2,17,84,84,5,-120.811,-112.842,-94.5142,ALTERNATIVE_AVAILABLE,0,1,348.996940,-314.634550,0
54,UES2,18,85,85,3,-112.394,-113.366,-115.938,PERSISTING,2,1,-401.171374,336.357711,0
54,UES2,19,86,86,6,-129.335,-114.389,-114.405,PERSISTING,5,1,344.322597,352.195434,0
54,UES2,20,87,87,2,-118.26,-109.743,-110.138,PERSISTING,1,1,294.673177,-363.600298,0
54,UES2,21,88,88,6,-109.452,-96.7807,-121.003,ALTERNATIVE_AVAILABLE,0,1,-371.153795,414.524256,0
54,UES2,22,89,89,5,-105.324,-115.078,-125.297,PERSISTING,3,1,307.257377,331.181634,0
54,UES2,23,90,90,1,-80.25,-110.926,-95.9247,SERVED,0,1,327.238532,-291.414507,0
54,UES2,24,91,91,6,-113.207,-112.102,-121.248,PERSISTING,0,1,-364.345176,343.753804,0
54,UES2,25,92,92,5,-95.7652,-113.933,-123.082,SERVED,0,1,352.949995,383.800542,0
54,UES2,26,93,93,7,-86.5092,-118.611,-120.087,SERVED,0,1,291.733144,-328.246177,0
54,UES2,27,94,94,2,-126.237,-116.645,-107.98,PERSISTING,1,1,-358.185141,277.912657,0
54,UES2,28,95,95,2,-117.908,-123.729,-111.929,PERSISTING,2,1,408.999905,390.582977,0
54,UES2,29,96,96,2,-115.364,-119.386,-115.502,PERSISTING,1,1,417.520942,-303.985496,0
55,UES1,0,7,7,2,-112.689,-113.019,-118.442,PERSISTING,0,1,-181.355485,-259.535533,0
55,UES1,1,8,8,1,-107.045,-108.705,-100.876,PERSISTING,0,1,207.903947,-192.054106,0
55,UES1,2,9,9,3,-104.51,-113.968,-104.653,PERSISTING,2,1,-252.449053,258.374021,0
55,UES1,3,10,10,1,-106.707,-107.895,-94.2276,ALTERNATIVE_AVAILABLE,0,1,198.363964,-210.969323,0
55,UES1,4,11,11,4,-106.578,-76.3332,-80.4291,ALTERNATIVE_AVAILABLE,0,1,157.393911,227.073591,0
55,UES1,5,12,12,3,-85.9378,-78.9123,-106.291,SERVED,0,1,-202.935717,156.057807,0
55,UES1,6,13,13,2,-97.2725,-71.4114,-110.383,SERVED,0,1,88.545783,195.597475,0
55,UES1,7,14,14,1,-101.491,-105.927,-107.559,PERSISTING,0,1,-8.576133,-200.933072,0
55,UES1,8,15,15,1,-107.146,-111.148,-104.031,PERSISTING,1,1,106.570308,-268.039938,0
55,UES1,9,16,16,1,-95.5829,-88.049,-106.968,SERVED,0,1,159.772292,-26.970938,0
55,UES1,10,17,17,4,-107.106,-105.029,-108.03,PERSISTING,0,1,-82.756372,-246.830443,0
55,UES1,11,18,18,3,-77.2013,-107.849,-102.815,SERVED,0,1,-179.432443,97.193702,0
55,UES1,12,19,19,5,-100.537,-110.82,-115.573,PERSISTING,1,1,323.500662,-12.757601,0
55,UES1,13,20,20,5,-96.9645,-104.364,-115.999,SERVED,0,1,122.300200,210.208568,0
55,UES1,14,21,21,7,-96.2013,-95.7868,-111.532,SERVED,0,1,164.051903,-177.681651,0
55,UES1,15,22,22,1,-69.6076,-102.357,-97.0127,SERVED,0,1,76.820024,-178.821742,0
55,UES1,16,23,23,4,-111.707,-110.084,-108.27,PERSISTING,3,1,-324.103754,-36.995098,0
55,UES1,17,24,24,1,-63.6036,-90.3764,-105.369,SERVED,0,1,151.983815,-12.257898,0
55,UES1,18,25,25,1,-97.436,-87.3402,-93.7678,SERVED,0,1,137.014876,-136.057645,0
55,UES1,19,26,26,4,-102.165,-108.708,-113.239,PERSISTING,0,1,-130.503716,-204.432483,0
55,UES1,20,27,27,6,-65.3904,-106.203,-125.999,SERVED,0,1,-223.524004,209.260228,0
55,UES1,21,28,28,4,-109.596,-106.006,-105.482,PERSISTING,0,1,-162.299736,316.024793,0
55,UES1,22,29,29,5,-107.646,-103.703,-120.808,PERSISTING,0,1,278.214036,161.785380,0
55,UES1,23,30,30,7,-103.685,-104.024,-111.411,PERSISTING,0,1,83.764629,-241.187002,0
55,UES1,24,31,31,6,-88.3662,-103.889,-122.028,SERVED,0,1,-147.425028,209.062996,0
55,UES1,25,32,32,3,-107.486,-109.438,-110.288,PERSISTING,1,1,-42.666935,303.700534,0
55,UES1,26,33,33,5,-62.4273,-110.682,-121.357,SERVED,0,1,291.356066,121.786251,0
55,UES1,27,34,34,6,-111.057,-102.25,-113.107,PERSISTING,2,1,43.363737,214.535750,0
55,UES1,28,35,35,4,-82.1899,-101.194,-108.825,SERVED,0,1,-306.802784,107.426729,0
55,UES1,29,36,36,2,-93.6245,-80.8813,-108.353,SERVED,0,1,10.184459,101.574092,0
55,UES1,30,37,37,7,-111.6,-115.086,-119.351,PERSISTING,1,1,-58.079892,-309.384231,0
55,UES1,31,38,38,2,-80.5664,-112.468,-95.0324,SERVED,0,1,282.934885,70.178554,0
55,UES1,32,39,39,1,-101.253,-98.2087,-103.683,ALTERNATIVE_AVAILABLE,0,1,60.396981,-211.279717,0
55,UES1,33,40,40,3,-86.7045,-106.153,-96.0524,SERVED,0,1,-133.297177,183.264958,0
55,UES1,34,41,41,4,-103.038,-107.596,-97.2356,ALTERNATIVE_AVAILABLE,0,1,24.227144,-290.117300,0
55,UES1,35,42,42,1,-102.565,-105.787,-107.344,PERSISTING,1,1,220.235570,-115.510101,0
55,UES1,36,43,43,5,-79.1431,-97.137,-118.985,SERVED,0,1,271.701161,215.727389,0
55,UES1,37,44,44,4,-111.353,-105.206,-101.881,PERSISTING,0,1,51.236841,-246.545138,0
55,UES1,38,45,45,4,-76.0968,-74.7872,-93.6914,SERVED,0,1,-164.859180,-128.966234,0
55,UES1,39,46,46,4,-92.5237,-99.4331,-102.515,SERVED,0,1,-191.259976,-11.038300,0
55,UES1,40,47,47,3,-102.974,-110.704,-114.423,PERSISTING,0,1,-232.309401,223.833157,0
55,UES1,41,48,48,4,-108.336,-111.577,-116.202,PERSISTING,5,1,-323.937744,-256.157027,0
55,UES1,42,49,49,2,-91.4251,-104.505,-101.196,SERVED,0,1,75.063622,130.988360,0
55,UES1,43,50,50,1,-100.079,-105.729,-102.337,PERSISTING,0,1,115.539879,-173.264413,0
55,UES1,44,51,51,4,-103.457,-94.3764,-105.538,ALTERNATIVE_AVAILABLE,0,1,-60.855665,195.255167,0
55,UES1,45,52,52,4,-106.887,-71.7392,-114.539,ALTERNATIVE_AVAILABLE,0,1,-137.637062,-217.664231,0
55,UES1,46,53,53,4,-115.52,-111.995,-116.786,PERSISTING,2,1,-152.514179,-258.153255,0
55,UES1,47,54,54,4,-97.1325,-102.395,-111.937,SERVED,0,1,-159.678473,-175.562755,0
55,UES1,48,55,55,3,-100.086,-109.051,-116.421,PERSISTING,1,1,-258.434923,-101.483865,0
55,UES1,49,56,56,1,-66.1399,-99.6752,-85.6366,SERVED,0,1,136.775364,-102.618831,0
55,UES1,50,57,57,1,-104.222,-106.339,-111.969,PERSISTING,0,1,-107.805931,-219.554652,0
55,UES1,51,58,58,2,-81.9214,-116.559,-96.8148,SERVED,0,1,327.435821,62.493240,0
55,UES1,52,59,59,6,-74.4422,-111.37,-130.568,SERVED,0,1,-226.088314,249.048764,0
55,UES1,53,60,60,3,-113.998,-116.557,-114.609,PERSISTING,2,1,-352.839519,-78.913420,0
55,UES1,54,61,61,1,-101.273,-92.2373,-104.019,ALTERNATIVE_AVAILABLE,0,1,22.142358,-215.914092,0
55,UES1,55,62,62,2,-94.8697,-103.017,-95.2097,SERVED,0,1,202.072877,-82.463781,0
55,UES1,56,63,63,4,-103.166,-87.1641,-108.984,ALTERNATIVE_AVAILABLE,0,1,-17.390162,-187.912228,0
55,UES1,57,64,64,6,-102.42,-102.278,-119.894,PERSISTING,2,1,-174.761086,265.715076,0
55,UES1,58,65,65,4,-106.35,-108.399,-112.929,PERSISTING,3,1,-137.788960,-289.502567,0
55,UES1,59,66,66,7,-90.1524,-109.602,-113.441,SERVED,0,1,275.609845,-243.983489,0
55,UES2,0,67,67,6,-103.578,-123.27,-124.358,MOVE_REQUIRED,7,1,-348.465327,327.528136,1
55,UES2,1,68,68,3,-119.168,-117.793,-100.72,PERSISTING,0,1,321.295099,346.793010,0
55,UES2,2,69,69,1,-114.221,-89.4014,-111.308,ALTERNATIVE_AVAILABLE,0,1,369.064086,-369.563000,0
55,UES2,3,70,70,6,-103.726,-98.1093,-120.642,ALTERNATIVE_AVAILABLE,0,1,-302.285770,321.321625,0
55,UES2,4,71,71,5,-95.5955,-115.926,-119.427,SERVED,0,1,317.142417,374.618160,0
55,UES2,5,72,72,2,-87.0985,-116.213,-116.3,SERVED,0,1,378.962204,-407.551647,0
55,UES2,6,73,73,3,-112.533,-115.424,-111.999,PERSISTING,1,1,-344.496858,297.652400,0
55,UES2,7,74,74,4,-122.234,-115.127,-117.691,PERSISTING,1,1,302.527402,423.005659,0
55,UES2,8,75,75,2,-87.0773,-118.997,-112.925,SERVED,0,1,407.238914,-366.436952,0
55,UES2,9,76,76,6,-104.622,-100.991,-128.958,PERSISTING,2,1,-388.215446,366.394182,0
55,UES2,10,77,77,5,-107.435,-122.705,-124.519,PERSISTING,3,1,334.522249,340.391716,0
55,UES2,11,78,78,2,-119.992,-100.503,-83.82,ALTERNATIVE_AVAILABLE,0,1,401.770514,-415.413691,0
55,UES2,12,79,79,7,-123.252,-115.978,-86.8066,ALTERNATIVE_AVAILABLE,0,1,-364.587873,328.206799,0
55,UES2,13,80,80,5,-102.171,-78.1567,-120.192,ALTERNATIVE_AVAILABLE,0,1,336.381426,282.452583,0
55,UES2,14,81,81,4,-119.627,-114.29,-113.142,MOVE_REQUIRED,7,1,366.663908,-297.041934,1
55,UES2,15,82,82,4,-117.701,-117.005,-118.495,PERSISTING,0,1,-370.238930,296.312161,0
55,UES2,16,83,83,5,-110.167,-116.082,-122.838,PERSISTING,0,1,366.703173,342.702941,0
55,UES2,17,84,84,5,-115.657,-113.076,-104.491,PERSISTING,0,1,345.027869,-316.061156,0
55,UES2,18,85,85,3,-111.821,-119.124,-115.314,PERSISTING,3,1,-402.705967,332.692923,0
55,UES2,19,86,86,5,-100.011,-115.132,-123.005,MOVE_REQUIRED,6,1,341.809580,351.006321,1
55,UES2,20,87,87,2,-85.357,-118.753,-110.079,SERVED,0,1,299.003943,-363.712526,0
55,UES2,21,88,88,6,-111.658,-120.753,-126.849,PERSISTING,0,1,-373.866752,416.495699,0
55,UES2,22,89,89,5,-109.467,-115.394,-123.487,PERSISTING,4,1,311.462752,333.192734,0
55,UES2,23,90,90,1,-115.334,-117.006,-108.905,PERSISTING,0,1,329.363270,-293.502300,0
55,UES2,24,91,91,6,-109.939,-113.084,-122.79,PERSISTING,1,1,-367.686229,344.344296,0
55,UES2,25,92,92,5,-113.881,-112.349,-121.414,PERSISTING,0,1,356.625599,387.213048,0
55,UES2,26,93,93,7,-65.3987,-118.329,-112.231,SERVED,0,1,292.669348,-325.578089,0
55,UES2,27,94,94,2,-127.054,-116.543,-106.99,PERSISTING,2,1,-361.782426,277.572853,0
55,UES2,28,95,95,2,-124.764,-121.547,-120.053,PERSISTING,3,1,410.437718,393.679156,0
55,UES2,29,96,96,2,-117.446,-115.535,-95.3479,ALTERNATIVE_AVAILABLE,0,1,419.743326,-300.722932,0
56,UES1,0,7,7,2,-111.422,-107.306,-113.161,PERSISTING,1,1,-185.817758,-263.659228,0
56,UES1,1,8,8,1,-69.8758,-107.324,-91.4558,SERVED,0,1,211.297605,-195.579884,0
56,UES1,2,9,9,3,-107.901,-114.318,-113.454,PERSISTING,3,1,-255.541223,262.520668,0
56,UES1,3,10,10,1,-72.4292,-104.78,-92.9447,SERVED,0,1,202.326142,-213.447958,0
56,UES1,4,11,11,4,-108.658,-102.392,-86.1323,ALTERNATIVE_AVAILABLE,0,1,162.230043,230.192826,0
56,UES1,5,12,12,3,-84.791,-107.807,-86.5967,SERVED,0,1,-206.019604,160.647553,0
56,UES1,6,13,13,2,-100.543,-105.731,-98.8596,ALTERNATIVE_AVAILABLE,0,1,88.409932,201.165891,0
56,UES1,7,14,14,1,-103.359,-109.568,-106.534,PERSISTING,1,1,-10.688108,-204.970881,0
56,UES1,8,15,15,1,-111.654,-90.1585,-98.3486,ALTERNATIVE_AVAILABLE,0,1,108.273756,-272.417175,0
56,UES1,9,16,16,1,-100.095,-91.8944,-109.356,ALTERNATIVE_AVAILABLE,0,1,163.809454,-29.144670,0
56,UES1,10,17,17,4,-103.049,-110.33,-114.155,PERSISTING,1,1,-82.594401,-251.261397,0
56,UES1,11,18,18,3,-94.1255,-112.797,-87.465,SERVED,0,1,-182.481519,99.650000,0
56,UES1,12,19,19,5,-101.684,-107.947,-116.705,PERSISTING,2,1,328.334858,-11.541812,0
56,UES1,13,20,20,5,-76.8466,-110.056,-118.09,SERVED,0,1,124.699755,214.180792,0
56,UES1,14,21,21,7,-101.645,-71.5793,-115.85,ALTERNATIVE_AVAILABLE,0,1,166.972473,-179.811736,0
56,UES1,15,22,22,1,-101.827,-104.099,-110.403,PERSISTING,0,1,75.089733,-183.509070,0
56,UES1,16,23,23,4,-88.7068,-111.326,-107.472,SERVED,0,1,-328.678841,-37.462922,0
56,UES1,17,24,24,1,-92.9401,-89.0532,-106.464,SERVED,0,1,157.681740,-10.021517,0
56,UES1,18,25,25,1,-100.631,-109.3,-103.521,PERSISTING,0,1,140.489906,-141.100626,0
56,UES1,19,26,26,4,-104.798,-103.105,-114.103,PERSISTING,1,1,-131.888664,-207.899732,0
56,UES1,20,27,27,6,-91.55,-112.731,-127.78,SERVED,0,1,-226.458602,212.652938,0
56,UES1,21,28,28,4,-106.43,-91.5584,-108.18,ALTERNATIVE_AVAILABLE,0,1,-162.944110,321.878609,0
56,UES1,22,29,29,5,-99.1837,-70.607,-116.622,SERVED,0,1,281.717686,163.573057,0
56,UES1,23,30,30,7,-97.6572,-106.451,-111.574,SERVED,0,1,86.439641,-245.379721,0
56,UES1,24,31,31,6,-86.3539,-101.06,-117.599,SERVED,0,1,-151.334715,212.675237,0
56,UES1,25,32,32,3,-106.42,-110.401,-108.5,PERSISTING,2,1,-44.504179,309.713302,0
56,UES1,26,33,33,5,-81.5347,-102.881,-92.0682,SERVED,0,1,295.559686,124.699579,0
56,UES1,27,34,34,6,-111.803,-91.8406,-116.742,ALTERNATIVE_AVAILABLE,0,1,43.583885,219.347902,0
56,UES1,28,35,35,4,-106.888,-112.351,-107.976,PERSISTING,0,1,-311.874968,109.401957,0
56,UES1,29,36,36,2,-96.7736,-98.1137,-76.2505,SERVED,0,1,7.260913,105.876689,0
56,UES1,30,37,37,7,-114.544,-115.063,-115.805,PERSISTING,2,1,-60.842979,-313.979506,0
56,UES1,31,38,38,2,-108.654,-107.733,-103.948,PERSISTING,0,1,286.775381,72.132999,0
56,UES1,32,39,39,1,-104.265,-105.104,-106.374,PERSISTING,0,1,60.033685,-216.554293,0
56,UES1,33,40,40,3,-95.0205,-108.96,-79.9448,SERVED,0,1,-135.915764,188.684999,0
56,UES1,34,41,41,4,-116.95,-107.707,-103.68,PERSISTING,0,1,24.807347,-293.233534,0
56,UES1,35,42,42,1,-99.3821,-99.3125,-99.8175,SERVED,0,1,224.899810,-118.440963,0
56,UES1,36,43,43,5,-107.849,-103.78,-111.796,PERSISTING,0,1,275.234193,218.479828,0
56,UES1,37,44,44,4,-109.217,-89.9421,-101.592,ALTERNATIVE_AVAILABLE,0,1,53.353218,-251.455996,0
56,UES1,38,45,45,4,-98.5749,-103.035,-115.704,SERVED,0,1,-168.100666,-131.811999,0
56,UES1,39,46,46,4,-91.9592,-99.3641,-113.813,SERVED,0,1,-194.910132,-12.384277,0
56,UES1,40,47,47,3,-106.743,-79.0147,-94.6147,ALTERNATIVE_AVAILABLE,0,1,-234.681826,228.186810,0
56,UES1,41,48,48,4,-119.779,-99.9409,-117.529,ALTERNATIVE_AVAILABLE,0,1,-327.817463,-258.930024,0
56,UES1,42,49,49,2,-90.9499,-99.3239,-110.934,SERVED,0,1,76.773658,135.671454,0
56,UES1,43,50,50,1,-99.4728,-104.592,-105.793,SERVED,0,1,118.484482,-177.932659,0
56,UES1,44,51,51,4,-104.462,-88.4652,-87.6306,ALTERNATIVE_AVAILABLE,0,1,-63.448445,200.630177,0
56,UES1,45,52,52,4,-75.0249,-107.057,-113.649,SERVED,0,1,-141.643307,-222.059913,0
56,UES1,46,53,53,4,-111.251,-119.325,-112.178,PERSISTING,3,1,-155.157306,-263.235367,0
56,UES1,47,54,54,4,-101.115,-104.091,-115.738,PERSISTING,0,1,-160.285456,-179.989416,0
56,UES1,48,55,55,3,-104.316,-84.1522,-114.186,ALTERNATIVE_AVAILABLE,0,1,-261.828052,-104.821022,0
56,UES1,49,56,56,1,-92.1269,-90.2683,-86.7375,SERVED,0,1,140.075393,-105.968575,0
56,UES1,50,57,57,1,-112.112,-104.298,-114.914,PERSISTING,1,1,-111.171676,-224.035687,0
56,UES1,51,58,58,2,-95.8986,-115.647,-104.407,SERVED,0,1,329.200291,67.297090,0
56,UES1,52,59,59,6,-68.9788,-118.271,-128.073,SERVED,0,1,-229.860746,251.515451,0
56,UES1,53,60,60,3,-111.621,-105.474,-111.481,PERSISTING,3,1,-358.465958,-79.380069,0
56,UES1,54,61,61,1,-109.971,-83.4699,-93.5324,ALTERNATIVE_AVAILABLE,0,1,22.783789,-219.954662,0
56,UES1,55,62,62,2,-93.0459,-99.4106,-104.759,SERVED,0,1,205.498845,-85.544855,0
56,UES1,56,63,63,4,-103.965,-82.7845,-108.656,ALTERNATIVE_AVAILABLE,0,1,-16.850432,-191.340873,0
56,UES1,57,64,64,6,-113.843,-102.761,-115.118,PERSISTING,3,1,-177.244562,269.195318,0
56,UES1,58,65,65,4,-107.971,-113.528,-113.403,PERSISTING,4,1,-138.411547,-293.572640,0
56,UES1,59,66,66,7,-90.1572,-106.603,-113.279,SERVED,0,1,279.595353,-246.831094,0
56,UES2,0,67,67,6,-101.946,-109.39,-122.358,MOVE_REQUIRED,8,1,-343.386892,328.729286,1
56,UES2,1,68,68,3,-119.441,-112.13,-107.547,PERSISTING,1,1,319.147123,343.347594,0
56,UES2,2,69,69,1,-115.492,-112.478,-108.51,PERSISTING,0,1,371.701920,-367.033629,0
56,UES2,3,70,70,6,-95.1994,-118.371,-123.05,SERVED,0,1,-303.901408,317.376470,0
56,UES2,4,71,71,5,-115.603,-107.126,-118.204,PERSISTING,0,1,320.401467,375.378756,0
56,UES2,5,72,72,2,-117.125,-115.858,-113.863,PERSISTING,0,1,378.121460,-402.869058,0
56,UES2,6,73,73,3,-113.498,-118.09,-108.063,PERSISTING,2,1,-347.465076,299.489550,0
56,UES2,7,74,74,4,-121.355,-81.5936,-115.115,ALTERNATIVE_AVAILABLE,0,1,300.504652,424.953524,0
56,UES2,8,75,75,2,-117.132,-117.531,-115.819,PERSISTING,0,1,410.271193,-362.772654,0
56,UES2,9,76,76,6,-104.342,-118.377,-126.957,PERSISTING,3,1,-389.592955,361.031183,0
56,UES2,10,77,77,5,-103.935,-118.058,-124.266,PERSISTING,4,1,331.260693,341.526649,0
56,UES2,11,78,78,2,-120.96,-119.332,-119.462,PERSISTING,0,1,403.458208,-419.776014,0
56,UES2,12,79,79,7,-114.243,-111.497,-112.373,PERSISTING,0,1,-362.411352,328.290811,0
56,UES2,13,80,80,5,-107.064,-113.882,-118.625,PERSISTING,0,1,341.057253,281.599354,0
56,UES2,14,81,81,4,-117.824,-111.961,-112.993,MOVE_REQUIRED,8,1,369.843370,-295.943974,1
56,UES2,15,82,82,4,-117.09,-115.388,-116.321,PERSISTING,1,1,-366.562523,295.667226,0
56,UES2,16,83,83,5,-114.891,-114.824,-120.734,PERSISTING,1,1,372.346311,341.928361,0
56,UES2,17,84,84,5,-113.043,-112.401,-109.422,PERSISTING,1,1,341.597319,-316.480132,0
56,UES2,18,85,85,3,-115.705,-119.895,-117.985,PERSISTING,4,1,-405.722527,329.516879,0
56,UES2,19,86,86,5,-112.392,-93.863,-123.148,ALTERNATIVE_AVAILABLE,0,1,337.022703,348.960351,0
56,UES2,20,87,87,2,-90.3638,-115.006,-107.24,SERVED,0,1,302.830664,-365.165313,0
56,UES2,21,88,88,6,-106.796,-122.121,-121.138,PERSISTING,1,1,-376.105042,418.901839,0
56,UES2,22,89,89,5,-110.85,-113.513,-123.107,PERSISTING,5,1,314.263117,334.630138,0
56,UES2,23,90,90,1,-114.952,-116.446,-103.657,PERSISTING,1,1,333.343347,-294.831648,0
56,UES2,24,91,91,6,-112.564,-114.176,-128.975,PERSISTING,2,1,-371.625158,345.638089,0
56,UES2,25,92,92,5,-114.327,-117.628,-117.523,PERSISTING,1,1,359.127215,390.227150,0
56,UES2,26,93,93,7,-93.2478,-122.883,-122.618,SERVED,0,1,294.606553,-321.934951,0
56,UES2,27,94,94,2,-126.205,-122.519,-108.521,PERSISTING,3,1,-364.469452,275.786635,0
56,UES2,28,95,95,2,-119.641,-87.6821,-100.367,ALTERNATIVE_AVAILABLE,0,1,413.887594,395.772962,0
56,UES2,29,96,96,2,-122.136,-115.99,-107.285,PERSISTING,0,1,421.752903,-297.086893,0
57,UES1,0,7,7,2,-117.584,-101.37,-115.131,PERSISTING,2,1,-188.489003,-266.764343,0
57,UES1,1,8,8,1,-104.787,-105.16,-112.369,PERSISTING,0,1,214.074984,-199.013688,0
57,UES1,2,9,9,6,-98.9502,-111.902,-125.666,SERVED,0,1,-258.895335,266.674595,0
57,UES1,3,10,10,1,-77.8091,-101.841,-108.03,SERVED,0,1,204.595036,-217.809802,0
57,UES1,4,11,11,4,-113.504,-103.706,-106.319,PERSISTING,0,1,164.110463,234.235099,0
57,UES1,5,12,12,3,-100.893,-102.433,-97.4832,ALTERNATIVE_AVAILABLE,0,1,-208.570803,164.570075,0
57,UES1,6,13,13,2,-94.6822,-82.6933,-105.14,SERVED,0,1,89.523396,205.960510,0
57,UES1,7,14,14,1,-102.437,-104.383,-105.701,PERSISTING,2,1,-11.962543,-210.848611,0
57,UES1,8,15,15,1,-107.063,-109.29,-92.7869,ALTERNATIVE_AVAILABLE,0,1,110.497191,-275.608517,0
57,UES1,9,16,16,1,-99.7019,-96.2381,-105.815,SERVED,0,1,167.852888,-31.173740,0
57,UES1,10,17,17,4,-107.658,-92.5361,-114.882,ALTERNATIVE_AVAILABLE,0,1,-83.481859,-255.609803,0
57,UES1,11,18,18,3,-91.8551,-100.133,-106.937,SERVED,0,1,-188.268666,101.900092,0
57,UES1,12,19,19,5,-100.114,-106.307,-97.8881,ALTERNATIVE_AVAILABLE,0,1,332.455281,-9.685372,0
57,UES1,13,20,20,5,-101.899,-114.154,-120.658,PERSISTING,0,1,128.031186,218.283757,0
57,UES1,14,21,21,7,-107.169,-76.2048,-85.4975,ALTERNATIVE_AVAILABLE,0,1,170.239273,-183.932937,0
57,UES1,15,22,22,1,-100.462,-73.0402,-109.455,ALTERNATIVE_AVAILABLE,0,1,74.454054,-187.916760,0
57,UES1,16,23,23,4,-107.004,-106.881,-108.065,PERSISTING,0,1,-333.949782,-37.033648,0
57,UES1,17,24,24,1,-86.2174,-85.2301,-99.2344,SERVED,0,1,162.257823,-10.059872,0
57,UES1,18,25,25,1,-96.4524,-100.524,-102.639,SERVED,0,1,142.758133,-145.426802,0
57,UES1,19,26,26,4,-107.013,-94.5323,-110.512,ALTERNATIVE_AVAILABLE,0,1,-134.561091,-213.133391,0
57,UES1,20,27,27,6,-67.0267,-101.487,-132.285,SERVED,0,1,-231.366368,216.223499,0
57,UES1,21,28,28,4,-111.912,-111.137,-109.075,PERSISTING,0,1,-165.124353,326.159660,0
57,UES1,22,29,29,5,-91.3333,-106.659,-118.941,SERVED,0,1,285.361669,167.578517,0
57,UES1,23,30,30,7,-102.669,-96.3854,-115.851,ALTERNATIVE_AVAILABLE,0,1,87.870815,-250.871916,0
57,UES1,24,31,31,6,-87.9342,-84.5315,-110.69,SERVED,0,1,-156.320886,215.305771,0
57,UES1,25,32,32,3,-110.37,-108.547,-98.5509,ALTERNATIVE_AVAILABLE,0,1,-44.687554,314.340224,0
57,UES1,26,33,33,5,-62.3159,-112.678,-120.106,SERVED,0,1,298.700403,127.858341,0
57,UES1,27,34,34,6,-111.282,-96.9693,-111.938,ALTERNATIVE_AVAILABLE,0,1,42.405511,223.694846,0
57,UES1,28,35,35,4,-109.772,-110.701,-105.184,PERSISTING,1,1,-316.364279,110.316717,0
57,UES1,29,36,36,2,-96.6325,-84.3062,-112.19,SERVED,0,1,4.854405,109.577316,0
57,UES1,30,37,37,7,-112.883,-112.454,-125.336,PERSISTING,3,1,-62.782067,-317.957904,0
57,UES1,31,38,38,2,-108.402,-114.402,-105.341,PERSISTING,1,1,292.269810,72.119540,0
57,UES1,32,39,39,1,-99.5266,-107.186,-109.595,SERVED,0,1,61.255102,-220.699993,0
57,UES1,33,40,40,3,-70.777,-97.1841,-97.1923,SERVED,0,1,-136.748551,192.780656,0
57,UES1,34,41,41,1,-109.254,-108.367,-103.592,PERSISTING,1,1,26.694544,-297.711925,0
57,UES1,35,42,42,1,-103.865,-80.0683,-100.963,ALTERNATIVE_AVAILABLE,0,1,228.136504,-120.239054,0
57,UES1,36,43,43,5,-77.3922,-88.0979,-116.208,SERVED,0,1,279.218503,222.460264,0
57,UES1,37,44,44,4,-111.321,-80.5845,-97.2764,ALTERNATIVE_AVAILABLE,0,1,55.288498,-256.464052,0
57,UES1,38,45,45,4,-76.0772,-103.275,-112.245,SERVED,0,1,-174.604629,-134.148542,0
57,UES1,39,46,46,4,-76.8843,-95.7381,-92.3871,SERVED,0,1,-202.242925,-11.603773,0
57,UES1,40,47,47,3,-79.1074,-72.9851,-97.2497,SERVED,0,1,-238.183121,231.471686,0
57,UES1,41,48,48,4,-115.353,-114.88,-116.541,PERSISTING,0,1,-330.958562,-260.826513,0
57,UES1,42,49,49,2,-97.9099,-95.3327,-92.0332,SERVED,0,1,77.304472,138.533837,0
57,UES1,43,50,50,1,-101.854,-106.203,-84.6259,ALTERNATIVE_AVAILABLE,0,1,122.062818,-180.334628,0
57,UES1,44,51,51,4,-72.1531,-74.6655,-102.828,SERVED,0,1,-64.599744,205.215984,0
57,UES1,45,52,52,4,-109.199,-107.683,-115.821,PERSISTING,0,1,-145.676399,-226.453155,0
57,UES1,46,53,53,4,-110.61,-114.348,-115.79,PERSISTING,4,1,-158.142004,-266.066889,0
57,UES1,47,54,54,4,-101.63,-93.0186,-85.102,ALTERNATIVE_AVAILABLE,0,1,-162.992924,-185.656289,0
57,UES1,48,55,55,1,-112.716,-98.6477,-116.581,ALTERNATIVE_AVAILABLE,0,1,-266.003413,-109.351265,0
57,UES1,49,56,56,1,-97.3391,-97.7594,-103.446,SERVED,0,1,143.835496,-109.681371,0
57,UES1,50,57,57,3,-111.019,-102.138,-113.126,PERSISTING,2,1,-111.026147,-228.511695,0
57,UES1,51,58,58,1,-117.243,-93.3847,-106.155,ALTERNATIVE_AVAILABLE,0,1,331.131145,72.163676,0
57,UES1,52,59,59,6,-69.3718,-117.437,-128.477,SERVED,0,1,-233.429985,254.453970,0
57,UES1,53,60,60,3,-76.4624,-101.58,-105.733,SERVED,0,1,-363.369717,-81.911693,0
57,UES1,54,61,61,1,-76.8669,-104.063,-101.666,SERVED,0,1,20.455875,-225.049869,0
57,UES1,55,62,62,2,-99.425,-101.088,-101.125,SERVED,0,1,209.733546,-89.032669,0
57,UES1,56,63,63,4,-105.913,-78.3501,-109.293,ALTERNATIVE_AVAILABLE,0,1,-16.663458,-197.193214,0
57,UES1,57,64,64,6,-109.967,-104.142,-115.532,PERSISTING,4,1,-179.087373,274.538291,0
57,UES1,58,65,65,4,-108.133,-110.17,-118.142,PERSISTING,5,1,-140.101736,-297.968165,0
57,UES1,59,66,66,7,-90.3647,-112.03,-116.068,SERVED,0,1,282.162655,-250.901904,0
57,UES2,0,67,67,6,-75.4107,-118.018,-124.084,SERVED,0,1,-341.629189,329.491995,0
57,UES2,1,68,68,3,-117.23,-98.3536,-108.519,ALTERNATIVE_AVAILABLE,0,1,319.458323,339.252976,0
57,UES2,2,69,69,1,-118.571,-115.571,-110.993,PERSISTING,1,1,376.225149,-364.431239,0
57,UES2,3,70,70,6,-66.9813,-115.903,-121.223,SERVED,0,1,-306.311919,313.678566,0
57,UES2,4,71,71,5,-79.942,-118.578,-119.479,SERVED,0,1,325.664966,377.045654,0
57,UES2,5,72,72,2,-116.927,-113.469,-115.228,PERSISTING,1,1,378.814081,-400.751147,0
57,UES2,6,73,73,6,-112.685,-112.866,-123.917,PERSISTING,3,1,-351.499114,302.131217,0
57,UES2,7,74,74,4,-124,-116.718,-115.227,PERSISTING,0,1,297.705166,427.050238,0
57,UES2,8,75,75,2,-117.929,-111.748,-107.329,PERSISTING,1,1,408.293144,-358.732130,0
57,UES2,9,76,76,6,-103.387,-122.404,-126.064,PERSISTING,4,1,-390.136213,357.943335,0
57,UES2,10,77,77,5,-107.107,-97.0133,-126.694,ALTERNATIVE_AVAILABLE,0,1,327.770170,343.628831,0
57,UES2,11,78,78,2,-116.312,-117.288,-118.214,PERSISTING,1,1,407.156324,-424.058883,0
57,UES2,12,79,79,7,-123.795,-113.159,-112.354,PERSISTING,1,1,-357.841348,330.503542,0
57,UES2,13,80,80,5,-94.7782,-90.1898,-119.895,SERVED,0,1,344.272827,281.312460,0
57,UES2,14,81,81,4,-119.451,-115.558,-103.656,MOVE_REQUIRED,9,1,373.900488,-296.788660,1
57,UES2,15,82,82,4,-113.32,-113.87,-111.828,PERSISTING,2,1,-362.790272,295.559616,0
57,UES2,16,83,83,5,-110.536,-113.437,-120.878,PERSISTING,2,1,374.810304,341.094155,0
57,UES2,17,84,84,5,-116.373,-113.91,-90.0832,ALTERNATIVE_AVAILABLE,0,1,337.965288,-318.962135,0
57,UES2,18,85,85,3,-115.339,-76.2098,-116.25,ALTERNATIVE_AVAILABLE,0,1,-407.401120,327.585297,0
57,UES2,19,86,86,5,-113.904,-116.163,-117.806,PERSISTING,0,1,332.776779,349.143555,0
57,UES2,20,87,87,2,-118.053,-114.734,-110.8,PERSISTING,0,1,307.017707,-367.170184,0
57,UES2,21,88,88,6,-108.749,-101.448,-127.852,PERSISTING,2,1,-380.198230,420.829878,0
57,UES2,22,89,89,5,-90.5015,-118.707,-121.703,SERVED,0,1,318.181340,337.312695,0
57,UES2,23,90,90,1,-113.229,-112.189,-103.106,PERSISTING,2,1,335.929596,-296.119972,0
57,UES2,24,91,91,6,-111.182,-112.298,-120.696,PERSISTING,3,1,-375.652649,348.220033,0
57,UES2,25,92,92,5,-87.5009,-118.038,-122.221,SERVED,0,1,362.587907,392.801205,0
57,UES2,26,93,93,7,-93.3137,-120.225,-119.195,SERVED,0,1,296.927006,-317.506832,0
57,UES2,27,94,94,2,-123.529,-120.084,-99.5225,ALTERNATIVE_AVAILABLE,0,1,-369.112474,274.049289,0
57,UES2,28,95,95,2,-122.356,-121.18,-116.19,PERSISTING,0,1,415.725722,400.253667,0
57,UES2,29,96,96,7,-112.983,-111.906,-118.641,PERSISTING,1,1,424.047109,-293.140178,0
58,UES1,0,7,7,2,-114.744,-108.034,-94.0854,ALTERNATIVE_AVAILABLE,0,1,-191.369741,-271.280964,0
58,UES1,1,8,8,1,-105.341,-111.395,-83.1969,ALTERNATIVE_AVAILABLE,0,1,217.573171,-203.118275,0
58,UES1,2,9,9,6,-98.1601,-106.813,-121.719,SERVED,0,1,-262.491741,269.291340,0
58,UES1,3,10,10,1,-104.989,-107.73,-96.9456,ALTERNATIVE_AVAILABLE,0,1,209.158178,-220.550596,0
58,UES1,4,11,11,4,-109.909,-83.824,-82.847,ALTERNATIVE_AVAILABLE,0,1,168.552315,236.658090,0
58,UES1,5,12,12,3,-99.9912,-103.468,-98.3985,SERVED,0,1,-211.976362,169.033864,0
58,UES1,6,13,13,2,-76.7587,-105.659,-96.7372,SERVED,0,1,88.461514,210.859418,0
58,UES1,7,14,14,1,-105.249,-81.6079,-100.752,ALTERNATIVE_AVAILABLE,0,1,-11.587889,-215.125329,0
58,UES1,8,15,15,1,-112.445,-86.1567,-105.563,ALTERNATIVE_AVAILABLE,0,1,113.807277,-282.249144,0
58,UES1,9,16,16,1,-95.2759,-98.3978,-104.23,SERVED,0,1,173.377939,-33.372024,0
58,UES1,10,17,17,4,-105.881,-73.5588,-112.343,ALTERNATIVE_AVAILABLE,0,1,-84.806754,-261.431124,0
58,UES1,11,18,18,3,-93.3535,-95.2489,-102.211,SERVED,0,1,-192.664474,102.592480,0
58,UES1,12,19,19,5,-99.9783,-106.806,-115.917,SERVED,0,1,337.091825,-8.737751,0
58,UES1,13,20,20,5,-102.338,-103.654,-118.76,PERSISTING,1,1,129.401507,222.543125,0
58,UES1,14,21,21,7,-101.525,-103.069,-111.386,PERSISTING,0,1,174.316007,-187.995309,0
58,UES1,15,22,22,1,-101.305,-75.8043,-99.3766,ALTERNATIVE_AVAILABLE,0,1,75.456185,-192.885139,0
58,UES1,16,23,23,4,-113.242,-102.624,-112.101,PERSISTING,1,1,-339.234905,-36.851063,0
58,UES1,17,24,24,1,-89.5496,-74.3889,-102.088,SERVED,0,1,167.351991,-10.369789,0
58,UES1,18,25,25,1,-73.1572,-92.1906,-103.827,SERVED,0,1,145.397678,-149.538744,0
58,UES1,19,26,26,4,-107.736,-104.673,-113.107,PERSISTING,0,1,-137.817412,-218.332975,0
58,UES1,20,27,27,6,-64.6484,-101.943,-131.602,SERVED,0,1,-234.457319,219.365963,0
58,UES1,21,28,28,4,-106.52,-111.008,-98.9532,ALTERNATIVE_AVAILABLE,0,1,-166.200061,330.234982,0
58,UES1,22,29,29,5,-103.387,-85.2796,-115.925,ALTERNATIVE_AVAILABLE,0,1,290.040303,171.921101,0
58,UES1,23,30,30,7,-100.83,-103.563,-112.129,PERSISTING,0,1,88.972550,-254.939306,0
58,UES1,24,31,31,6,-108.841,-86.1511,-120.781,ALTERNATIVE_AVAILABLE,0,1,-159.848629,216.710842,0
58,UES1,25,32,32,3,-106.145,-105.012,-83.7503,ALTERNATIVE_AVAILABLE,0,1,-44.167892,318.904924,0
58,UES1,26,33,33,5,-66.6372,-112.475,-117.821,SERVED,0,1,302.149109,132.386475,0
58,UES1,27,34,34,6,-114.554,-103.11,-110.412,PERSISTING,0,1,42.292426,230.773257,0
58,UES1,28,35,35,4,-114.011,-100.256,-95.1053,ALTERNATIVE_AVAILABLE,0,1,-322.059553,113.478426,0
58,UES1,29,36,36,2,-99.6568,-84.6014,-105.714,SERVED,0,1,1.093961,113.906313,0
58,UES1,30,37,37,7,-113.8,-113.441,-121.226,PERSISTING,4,1,-64.294567,-322.352925,0
58,UES1,31,38,38,2,-107.795,-113.411,-106.126,PERSISTING,2,1,296.553544,73.648270,0
58,UES1,32,39,39,1,-104.736,-102.15,-106.409,PERSISTING,0,1,59.737600,-225.481453,0
58,UES1,33,40,40,3,-98.3624,-102.984,-101.385,SERVED,0,1,-138.477179,196.426668,0
58,UES1,34,41,41,1,-109.696,-109.062,-82.5211,ALTERNATIVE_AVAILABLE,0,1,28.318795,-302.595134,0
58,UES1,35,42,42,1,-100.302,-106.934,-107.607,PERSISTING,0,1,233.284646,-123.227896,0
58,UES1,36,43,43,5,-78.1205,-109.124,-122.507,SERVED,0,1,283.972835,224.020766,0
58,UES1,37,44,44,4,-104.844,-105.473,-89.3938,ALTERNATIVE_AVAILABLE,0,1,54.027761,-262.039898,0
58,UES1,38,45,45,4,-94.4457,-103.522,-118.032,SERVED,0,1,-176.144322,-135.885478,0
58,UES1,39,46,46,4,-102.961,-96.5722,-112.602,ALTERNATIVE_AVAILABLE,0,1,-205.805831,-12.078772,0
58,UES1,40,47,47,3,-105.942,-102.754,-99.1758,ALTERNATIVE_AVAILABLE,0,1,-240.331208,236.775126,0
58,UES1,41,48,48,4,-111.745,-112.467,-114.905,PERSISTING,1,1,-336.291744,-264.835799,0
58,UES1,42,49,49,2,-95.1242,-104.508,-96.747,SERVED,0,1,81.077468,145.530799,0
58,UES1,43,50,50,1,-101.575,-107.644,-104.283,PERSISTING,0,1,125.801795,-184.480250,0
58,UES1,44,51,51,4,-101.62,-97.5266,-103.098,ALTERNATIVE_AVAILABLE,0,1,-66.955374,209.005147,0
58,UES1,45,52,52,4,-104.94,-102.343,-116.979,PERSISTING,1,1,-148.217851,-228.775900,0
58,UES1,46,53,53,4,-110.848,-112.091,-114.03,PERSISTING,5,1,-160.071249,-271.311815,0
58,UES1,47,54,54,4,-104.512,-103.971,-113.375,PERSISTING,0,1,-163.432457,-189.115914,0
58,UES1,48,55,55,1,-115.255,-102.627,-109.707,PERSISTING,0,1,-269.408367,-111.021375,0
58,UES1,49,56,56,1,-100.242,-98.979,-110.299,ALTERNATIVE_AVAILABLE,0,1,148.140097,-113.303059,0
58,UES1,50,57,57,3,-108.128,-107.111,-117.107,PERSISTING,3,1,-111.280249,-235.078882,0
58,UES1,51,58,58,1,-114.867,-112.663,-102.126,PERSISTING,0,1,332.547568,75.908644,0
58,UES1,52,59,59,6,-68.3455,-113.19,-110.003,SERVED,0,1,-238.972782,258.189548,0
58,UES1,53,60,60,3,-113.574,-107.986,-115.443,PERSISTING,0,1,-368.245056,-82.005312,0
58,UES1,54,61,61,1,-109.271,-106.765,-106.027,PERSISTING,0,1,19.961551,-229.720519,0
58,UES1,55,62,62,2,-100.985,-101.065,-107.67,PERSISTING,0,1,213.338017,-91.054624,0
58,UES1,56,63,63,4,-100.013,-101.715,-111.999,PERSISTING,0,1,-16.528487,-201.746786,0
58,UES1,57,64,64,6,-100.442,-109.582,-114.187,PERSISTING,5,1,-179.446481,278.682413,0
58,UES1,58,65,65,4,-107.859,-76.4435,-113.196,ALTERNATIVE_AVAILABLE,0,1,-141.097149,-302.733025,0
58,UES1,59,66,66,7,-109.248,-107.635,-115.015,PERSISTING,0,1,286.674215,-252.973031,0
58,UES2,0,67,67,6,-104.257,-114.841,-126.789,PERSISTING,0,1,-336.154317,328.820068,0
58,UES2,1,68,68,3,-121.789,-114.616,-120.863,PERSISTING,0,1,317.661308,335.756383,0
58,UES2,2,69,69,1,-115.236,-115.287,-108.926,PERSISTING,2,1,378.907686,-362.618671,0
58,UES2,3,70,70,6,-78.7317,-120.933,-126.594,SERVED,0,1,-307.762482,309.743742,0
58,UES2,4,71,71,5,-115.466,-115.777,-121.415,PERSISTING,0,1,329.364174,378.416431,0
58,UES2,5,72,72,2,-113.323,-120.07,-112.922,PERSISTING,2,1,377.824845,-395.910314,0
58,UES2,6,73,73,6,-109.875,-112.101,-124.689,PERSISTING,4,1,-354.781019,302.876720,0
58,UES2,7,74,74,4,-123.806,-114.765,-116.313,PERSISTING,1,1,302.865984,426.698460,0
58,UES2,8,75,75,2,-116.067,-115.21,-114.863,PERSISTING,2,1,406.941574,-354.640626,0
58,UES2,9,76,76,6,-71.6806,-95.6046,-127.152,SERVED,0,1,-392.946641,354.153191,0
58,UES2,10,77,77,5,-106.911,-96.413,-121.797,ALTERNATIVE_AVAILABLE,0,1,324.052635,344.627274,0
58,UES2,11,78,78,2,-121.218,-118.169,-114.955,PERSISTING,2,1,409.672904,-426.363095,0
58,UES2,12,79,79,7,-123.769,-114.293,-108.892,PERSISTING,2,1,-354.692410,331.114742,0
58,UES2,13,80,80,5,-108.085,-110.713,-124.44,PERSISTING,0,1,347.829958,280.725597,0
58,UES2,14,81,81,4,-115.438,-114.691,-95.4175,ALTERNATIVE_AVAILABLE,0,1,378.233527,-297.435869,0
58,UES2,15,82,82,4,-114.091,-86.5353,-110.068,ALTERNATIVE_AVAILABLE,0,1,-357.777072,296.785278,0
58,UES2,16,83,83,5,-119.725,-113.783,-126.688,PERSISTING,3,1,378.651276,339.605259,0
58,UES2,17,84,84,5,-108.635,-86.3552,-105.1,ALTERNATIVE_AVAILABLE,0,1,334.603672,-321.086277,0
58,UES2,18,85,85,3,-115.186,-117.954,-117.029,PERSISTING,0,1,-409.843820,323.115521,0
58,UES2,19,86,86,5,-115.841,-115.169,-119.264,PERSISTING,1,1,329.890037,350.692087,0
58,UES2,20,87,87,2,-115.624,-113.915,-108.145,PERSISTING,1,1,310.622463,-368.480756,0
58,UES2,21,88,88,6,-92.727,-117.954,-123.489,SERVED,0,1,-383.607199,425.239333,0
58,UES2,22,89,89,5,-112.369,-92.2438,-121.473,ALTERNATIVE_AVAILABLE,0,1,321.678213,339.518141,0
58,UES2,23,90,90,1,-116.826,-113.409,-89.7308,ALTERNATIVE_AVAILABLE,0,1,341.526208,-297.644451,0
58,UES2,24,91,91,6,-111.661,-116.755,-125.676,PERSISTING,4,1,-378.624643,349.725114,0
58,UES2,25,92,92,5,-115.625,-87.8015,-119.119,ALTERNATIVE_AVAILABLE,0,1,366.366534,394.847050,0
58,UES2,26,93,93,7,-65.1769,-117.848,-125.146,SERVED,0,1,297.670437,-314.399508,0
58,UES2,27,94,94,2,-127.952,-119.023,-104.05,PERSISTING,0,1,-372.730526,271.692444,0
58,UES2,28,95,95,2,-120.803,-124.361,-115.48,PERSISTING,1,1,418.480584,402.938796,0
58,UES2,29,96,96,7,-112.977,-115.559,-110.081,PERSISTING,2,1,425.666157,-289.321443,0
59,UES1,0,7,7,2,-112.39,-108.314,-115.724,PERSISTING,0,1,-194.698357,-275.440724,0
59,UES1,1,8,8,1,-102.168,-104.943,-105.457,PERSISTING,0,1,221.219865,-208.800516,0
59,UES1,2,9,9,6,-94.7597,-105.731,-121.166,SERVED,0,1,-264.829663,273.752180,0
59,UES1,3,10,10,1,-112.825,-109.016,-97.3207,ALTERNATIVE_AVAILABLE,0,1,213.682291,-223.828023,0
59,UES1,4,11,11,2,-78.0239,-105.786,-110.201,SERVED,0,1,174.840672,240.744497,0
59,UES1,5,12,12,3,-97.156,-88.8595,-95.4573,SERVED,0,1,-214.797860,172.619216,0
59,UES1,6,13,13,2,-92.7826,-81.5726,-108.371,SERVED,0,1,90.350311,216.306274,0
59,UES1,7,14,14,1,-104.08,-107.304,-89.0493,ALTERNATIVE_AVAILABLE,0,1,-13.673984,-220.777525,0
59,UES1,8,15,15,1,-108.97,-108.403,-97.7252,ALTERNATIVE_AVAILABLE,0,1,115.316860,-286.214137,0
59,UES1,9,16,16,1,-87.6641,-78.4308,-110.038,SERVED,0,1,177.927200,-34.687033,0
59,UES1,10,17,17,4,-102.197,-109.565,-116.037,PERSISTING,0,1,-84.851216,-265.499676,0
59,UES1,11,18,18,3,-71.2653,-97.2925,-106.031,SERVED,0,1,-197.631988,103.936984,0
59,UES1,12,19,19,5,-96.3527,-109.937,-98.7857,SERVED,0,1,342.794251,-7.651544,0
59,UES1,13,20,20,5,-103.604,-111.346,-115.18,PERSISTING,2,1,132.850057,226.536430,0
59,UES1,14,21,21,7,-108.15,-104.592,-113.352,PERSISTING,1,1,177.984730,-191.203088,0
59,UES1,15,22,22,1,-103.056,-104.762,-100.552,PERSISTING,0,1,74.878939,-197.904605,0
59,UES1,16,23,23,4,-110.75,-112.784,-108.774,PERSISTING,2,1,-344.418612,-35.893330,0
59,UES1,17,24,24,1,-95.5311,-82.5887,-103.884,SERVED,0,1,171.865751,-10.324283,0
59,UES1,18,25,25,1,-100.353,-97.563,-106.459,ALTERNATIVE_AVAILABLE,0,1,148.394288,-153.909184,0
59,UES1,19,26,26,4,-105.805,-107.514,-113.042,PERSISTING,1,1,-139.608336,-221.476667,0
59,UES1,20,27,27,6,-65.5571,-116.67,-129.719,SERVED,0,1,-237.550581,222.267162,0
59,UES1,21,28,28,2,-81.9553,-109.161,-101.575,SERVED,0,1,-168.070871,335.677944,0
59,UES1,22,29,29,5,-95.568,-106.368,-117.919,SERVED,0,1,292.637862,173.129851,0
59,UES1,23,30,30,7,-101.728,-103.482,-112.308,PERSISTING,1,1,90.941993,-259.060589,0
59,UES1,24,31,31,6,-98.1248,-103.983,-124.53,SERVED,0,1,-164.506937,220.592364,0
59,UES1,25,32,32,3,-110.371,-102.199,-95.8837,ALTERNATIVE_AVAILABLE,0,1,-44.348876,324.899978,0
59,UES1,26,33,33,5,-72.0287,-103.739,-120.005,SERVED,0,1,306.690901,133.987020,0
59,UES1,27,34,34,1,-99.294,-109.151,-110.815,SERVED,0,1,42.431641,234.210621,0
59,UES1,28,35,35,4,-111.978,-98.8575,-107.019,ALTERNATIVE_AVAILABLE,0,1,-327.663883,114.669441,0
59,UES1,29,36,36,2,-100.704,-86.2499,-109.168,ALTERNATIVE_AVAILABLE,0,1,-1.467512,119.017021,0
59,UES1,30,37,37,7,-115.309,-114.189,-121.033,PERSISTING,5,1,-66.610923,-326.848243,0
59,UES1,31,38,38,2,-108.041,-111.08,-104.495,PERSISTING,3,1,302.071840,74.354243,0
59,UES1,32,39,39,1,-106.222,-102.267,-103.071,PERSISTING,1,1,62.608952,-230.690629,0
59,UES1,33,40,40,3,-76.6309,-99.0236,-86.4988,SERVED,0,1,-140.097877,203.181686,0
59,UES1,34,41,41,1,-107.639,-79.8011,-87.7186,ALTERNATIVE_AVAILABLE,0,1,32.067016,-308.368407,0
59,UES1,35,42,42,1,-103.175,-103.77,-105.693,PERSISTING,1,1,237.738872,-125.471165,0
59,UES1,36,43,43,5,-111.068,-98.9578,-121.345,ALTERNATIVE_AVAILABLE,0,1,287.830923,228.642926,0
59,UES1,37,44,44,4,-114.69,-103.524,-104.902,PERSISTING,0,1,56.630181,-265.433267,0
59,UES1,38,45,45,4,-78.2333,-81.8263,-113.952,SERVED,0,1,-180.768252,-138.701739,0
59,UES1,39,46,46,4,-77.0606,-102.557,-113.485,SERVED,0,1,-211.821162,-10.551881,0
59,UES1,40,47,47,3,-109.349,-78.0616,-93.3559,ALTERNATIVE_AVAILABLE,0,1,-243.192877,240.828910,0
59,UES1,41,48,48,4,-110.305,-109.41,-120.805,PERSISTING,2,1,-339.722020,-267.343654,0
59,UES1,42,49,49,2,-99.2235,-94.6321,-100.487,SERVED,0,1,82.191273,149.206581,0
59,UES1,43,50,50,1,-103.527,-103.31,-99.9923,ALTERNATIVE_AVAILABLE,0,1,129.758054,-188.164484,0
59,UES1,44,51,51,3,-96.9755,-75.1833,-108.88,SERVED,0,1,-67.722149,214.811920,0
59,UES1,45,52,52,4,-103.437,-107.142,-118.501,PERSISTING,2,1,-151.760787,-233.754960,0
59,UES1,46,53,53,4,-111.75,-91.1861,-118.606,ALTERNATIVE_AVAILABLE,0,1,-163.428815,-275.388730,0
59,UES1,47,54,54,4,-104.672,-104.1,-112.932,PERSISTING,1,1,-164.730748,-194.432638,0
59,UES1,48,55,55,1,-118.006,-85.0454,-118.275,ALTERNATIVE_AVAILABLE,0,1,-272.082754,-114.533975,0
59,UES1,49,56,56,1,-101.885,-103.082,-92.0487,ALTERNATIVE_AVAILABLE,0,1,150.667983,-116.311239,0
59,UES1,50,57,57,3,-106.927,-103.234,-102.811,PERSISTING,4,1,-112.013345,-238.161440,0
59,UES1,51,58,58,1,-115.79,-114.706,-106.919,PERSISTING,1,1,336.115890,81.011681,0
59,UES1,52,59,59,6,-69.5207,-102.136,-123.13,SERVED,0,1,-241.778789,262.089913,0
59,UES1,53,60,60,3,-110.294,-115.119,-119.621,PERSISTING,1,1,-371.501740,-83.566324,0
59,UES1,54,61,61,1,-106.323,-107.662,-107.211,PERSISTING,1,1,18.973158,-235.225553,0
59,UES1,55,62,62,2,-94.43,-103.946,-97.1143,SERVED,0,1,216.301614,-96.165391,0
59,UES1,56,63,63,4,-103.931,-104.29,-103.651,PERSISTING,1,1,-14.190438,-207.541502,0
59,UES1,57,64,64,6,-109.709,-105.364,-118.795,MOVE_REQUIRED,6,1,-183.955183,283.834486,1
59,UES1,58,65,65,4,-109.567,-104.587,-112.088,PERSISTING,0,1,-141.923783,-306.988961,0
59,UES1,59,66,66,7,-89.7808,-107.44,-116.716,SERVED,0,1,290.544334,-257.601633,0
59,UES2,0,67,67,6,-80.4261,-120.122,-126.441,SERVED,0,1,-334.143116,331.114233,0
59,UES2,1,68,68,3,-115.378,-114.168,-110.279,PERSISTING,1,1,317.592813,330.627697,0
59,UES2,2,69,69,1,-114.342,-116.772,-105.196,PERSISTING,3,1,380.352417,-357.609916,0
59,UES2,3,70,70,6,-100.502,-120.222,-126.66,PERSISTING,0,1,-308.867617,307.338097,0
59,UES2,4,71,71,5,-112.182,-117.686,-119.722,PERSISTING,1,1,331.720406,381.749123,0
59,UES2,5,72,72,2,-116.957,-118.309,-113.383,PERSISTING,3,1,377.653382,-391.345307,0
59,UES2,6,73,73,6,-104.198,-113.1,-123.453,PERSISTING,5,1,-358.480307,303.877979,0
59,UES2,7,74,74,4,-122.988,-116.099,-112.366,PERSISTING,2,1,306.599640,427.541041,0
59,UES2,8,75,75,2,-114.289,-115.985,-113.826,PERSISTING,3,1,406.563905,-351.870153,0
59,UES2,9,76,76,6,-104.84,-119.976,-127.957,PERSISTING,0,1,-393.507415,350.820084,0
59,UES2,10,77,77,5,-107.026,-119.838,-120.526,PERSISTING,0,1,320.293970,346.369491,0
59,UES2,11,78,78,2,-117.326,-118.863,-115.507,PERSISTING,3,1,412.013401,-428.496547,0
59,UES2,12,79,79,7,-124.644,-115.659,-112.301,PERSISTING,3,1,-350.046684,333.637994,0
59,UES2,13,80,80,5,-94.9621,-88.0679,-121.241,SERVED,0,1,352.132117,281.302313,0
59,UES2,14,81,81,4,-121.601,-113.094,-114.45,PERSISTING,0,1,382.824190,-296.280111,0
59,UES2,15,82,82,4,-116.793,-113.341,-110.802,PERSISTING,0,1,-354.447592,296.708697,0
59,UES2,16,83,83,5,-114.377,-113.235,-123.278,PERSISTING,4,1,381.894803,337.968946,0
59,UES2,17,84,84,5,-121.003,-116.212,-106.208,PERSISTING,0,1,330.901566,-322.881809,0
59,UES2,18,85,85,3,-115.004,-115.064,-114.522,PERSISTING,1,1,-410.558892,326.791737,0
59,UES2,19,86,86,5,-114.149,-116.376,-121.314,PERSISTING,2,1,326.781289,352.938410,0
59,UES2,20,87,87,2,-107.228,-112.412,-110.307,PERSISTING,2,1,314.809517,-370.204628,0
59,UES2,21,88,88,6,-107.066,-120.825,-125.648,PERSISTING,0,1,-386.542923,425.817909,0
59,UES2,22,89,89,5,-117.699,-117.308,-127.6,PERSISTING,0,1,325.077671,339.437490,0
59,UES2,23,90,90,1,-115.291,-115.624,-100.395,PERSISTING,0,1,345.152583,-299.638818,0
59,UES2,24,91,91,6,-117.349,-113.198,-125.139,PERSISTING,5,1,-383.531738,350.658134,0
59,UES2,25,92,92,5,-114.878,-113.769,-124.02,PERSISTING,0,1,368.043289,398.275605,0
59,UES2,26,93,93,7,-73.6061,-121.001,-121.02,SERVED,0,1,299.569725,-310.671501,0
59,UES2,27,94,94,2,-127.543,-106.718,-105.834,PERSISTING,1,1,-376.587488,270.532904,0
59,UES2,28,95,95,2,-126.213,-124.723,-118.411,PERSISTING,2,1,421.491401,405.587479,0
59,UES2,29,96,96,7,-119.275,-116.92,-120.899,PERSISTING,3,1,428.003259,-288.660424,0
60,UES1,0,7,7,2,-112.444,-88.2107,-105.71,ALTERNATIVE_AVAILABLE,0,1,-197.155386,-278.062975,0
60,UES1,1,8,8,1,-106.312,-104.385,-99.1167,ALTERNATIVE_AVAILABLE,0,1,223.936309,-210.512502,0
60,UES1,2,9,9,6,-110.937,-105.207,-122.474,PERSISTING,0,1,-269.220648,277.622699,0
60,UES1,3,10,10,1,-112.232,-97.7448,-91.8562,ALTERNATIVE_AVAILABLE,0,1,216.458914,-226.695192,0
60,UES1,4,11,11,2,-104.377,-105.616,-113.566,PERSISTING,0,1,176.995829,243.747554,0
60,UES1,5,12,12,3,-100.626,-103.476,-90.165,ALTERNATIVE_AVAILABLE,0,1,-218.942427,175.628402,0
60,UES1,6,13,13,2,-99.6805,-100.068,-109.924,SERVED,0,1,89.122464,221.543875,0
60,UES1,7,14,14,1,-106.225,-72.2269,-105.727,ALTERNATIVE_AVAILABLE,0,1,-14.949036,-225.385501,0
60,UES1,8,15,15,1,-111.031,-105.935,-106.479,PERSISTING,0,1,118.462995,-289.558071,0
60,UES1,9,16,16,1,-100.469,-94.7468,-110.295,ALTERNATIVE_AVAILABLE,0,1,182.549737,-37.644943,0
60,UES1,10,17,17,4,-109.299,-108.566,-114.098,PERSISTING,1,1,-87.221942,-270.713275,0
60,UES1,11,18,18,3,-84.8303,-100.861,-104.355,SERVED,0,1,-202.796418,105.710650,0
60,UES1,12,19,19,5,-85.4016,-105.319,-113.043,SERVED,0,1,347.245038,-5.259067,0
60,UES1,13,20,20,5,-82.0561,-107.503,-120.75,SERVED,0,1,133.820601,232.027550,0
60,UES1,14,21,21,7,-104.625,-96.3154,-99.8287,ALTERNATIVE_AVAILABLE,0,1,181.914224,-195.046180,0
60,UES1,15,22,22,1,-100.17,-102.706,-101.994,PERSISTING,1,1,74.722149,-202.917431,0
60,UES1,16,23,23,4,-105.101,-112.419,-106.282,PERSISTING,3,1,-348.544927,-35.698074,0
60,UES1,17,24,24,1,-79.3178,-75.3204,-102.555,SERVED,0,1,177.390941,-9.785460,0
60,UES1,18,25,25,1,-101.782,-100.483,-99.4511,ALTERNATIVE_AVAILABLE,0,1,151.603650,-157.636128,0
60,UES1,19,26,26,4,-106.276,-106.858,-116.494,PERSISTING,2,1,-141.771633,-226.033434,0
60,UES1,20,27,27,6,-65.1718,-116.718,-128.203,SERVED,0,1,-242.867365,225.459340,0
60,UES1,21,28,28,2,-112.384,-107.594,-111.672,PERSISTING,0,1,-169.492856,339.519781,0
60,UES1,22,29,29,5,-91.2356,-91.0053,-122.779,SERVED,0,1,295.533937,177.626238,0
60,UES1,23,30,30,7,-98.3619,-93.3875,-116.297,SERVED,0,1,91.207811,-263.373645,0
60,UES1,24,31,31,6,-102.272,-76.1177,-122.086,ALTERNATIVE_AVAILABLE,0,1,-169.589810,221.507677,0
60,UES1,25,32,32,3,-109.445,-93.1155,-109.252,ALTERNATIVE_AVAILABLE,0,1,-44.556634,329.235505,0
60,UES1,26,33,33,5,-97.6171,-119.372,-120.205,SERVED,0,1,310.229998,139.123737,0
60,UES1,27,34,34,1,-111.306,-102.194,-107.585,PERSISTING,0,1,43.226120,238.946834,0
60,UES1,28,35,35,4,-112.195,-116.968,-109.447,PERSISTING,0,1,-327.279657,114.437119,0
60,UES1,29,36,36,2,-86.898,-88.2711,-111.536,SERVED,0,1,-3.747314,122.794528,0
60,UES1,30,37,37,7,-117.46,-112.856,-121.641,MOVE_REQUIRED,6,1,-69.437425,-332.773816,1
60,UES1,31,38,38,2,-109.739,-110.727,-100.718,PERSISTING,4,1,306.597994,76.942233,0
60,UES1,32,39,39,1,-97.7666,-95.9007,-103.341,SERVED,0,1,63.089466,-235.270034,0
60,UES1,33,40,40,3,-98.5302,-90.8442,-103.069,SERVED,0,1,-142.332570,207.436788,0
60,UES1,34,41,41,1,-111.781,-107.434,-109.269,PERSISTING,0,1,32.503611,-311.518546,0
60,UES1,35,42,42,1,-84.544,-103.32,-84.0184,SERVED,0,1,241.023606,-126.988296,0
60,UES1,36,43,43,5,-107.344,-98.2054,-115.206,ALTERNATIVE_AVAILABLE,0,1,290.702811,232.072621,0
60,UES1,37,44,44,4,-108.204,-89.4079,-97.2877,ALTERNATIVE_AVAILABLE,0,1,58.295203,-270.441959,0
60,UES1,38,45,45,4,-82.1589,-107.289,-100.612,SERVED,0,1,-185.189414,-140.439052,0
60,UES1,39,46,46,4,-82.0137,-99.2881,-116.662,SERVED,0,1,-216.969984,-11.629000,0
60,UES1,40,47,47,3,-92.8485,-106.047,-93.9544,SERVED,0,1,-245.373977,244.587159,0
60,UES1,41,48,48,4,-111.956,-87.3805,-113.693,ALTERNATIVE_AVAILABLE,0,1,-343.298959,-270.437874,0
60,UES1,42,49,49,2,-96.804,-99.8446,-104.804,SERVED,0,1,83.770831,151.849296,0
60,UES1,43,50,50,1,-102.945,-93.1062,-93.1149,ALTERNATIVE_AVAILABLE,0,1,132.716897,-192.417889,0
60,UES1,44,51,51,3,-88.4653,-93.5369,-101.4,SERVED,0,1,-69.364723,219.518647,0
60,UES1,45,52,52,4,-105.352,-105.99,-113.68,PERSISTING,3,1,-155.130405,-238.033944,0
60,UES1,46,53,53,4,-116.282,-113.86,-116.663,PERSISTING,0,1,-165.982532,-279.291205,0
60,UES1,47,54,54,4,-82.2953,-94.0617,-114.962,SERVED,0,1,-167.490451,-198.969472,0
60,UES1,48,55,55,1,-111.834,-101.089,-116.778,PERSISTING,0,1,-275.653755,-117.782821,0
60,UES1,49,56,56,1,-98.0197,-100.357,-93.5989,SERVED,0,1,154.110499,-120.891388,0
60,UES1,50,57,57,3,-108.931,-77.0654,-115.324,ALTERNATIVE_AVAILABLE,0,1,-113.147370,-244.176946,0
60,UES1,51,58,58,1,-120.711,-108.589,-95.6411,ALTERNATIVE_AVAILABLE,0,1,337.907921,85.636416,0
60,UES1,52,59,59,6,-71.5226,-114.978,-128.841,SERVED,0,1,-246.143066,264.834597,0
60,UES1,53,60,60,3,-114.11,-100.922,-117.816,PERSISTING,2,1,-377.622814,-84.043102,0
60,UES1,54,61,61,1,-107.651,-106.577,-110.78,PERSISTING,2,1,16.763291,-239.408064,0
60,UES1,55,62,62,2,-97.0885,-84.8564,-105.906,SERVED,0,1,220.941992,-99.378217,0
60,UES1,56,63,63,4,-104.073,-72.649,-108.532,ALTERNATIVE_AVAILABLE,0,1,-15.325080,-212.618747,0
60,UES1,57,64,64,6,-111.264,-103.166,-115.752,MOVE_REQUIRED,7,1,-184.718317,287.807606,1
60,UES1,58,65,65,4,-111.361,-94.2863,-112.234,ALTERNATIVE_AVAILABLE,0,1,-142.444065,-311.888738,0
60,UES1,59,66,66,7,-94.0196,-110.605,-118.355,SERVED,0,1,294.058395,-260.934522,0
60,UES2,0,67,67,6,-98.8534,-116.311,-125.412,SERVED,0,1,-328.863490,331.211300,0
60,UES2,1,68,68,3,-118.664,-112.989,-110.959,PERSISTING,2,1,316.288051,327.269831,0
60,UES2,2,69,69,1,-117.136,-104.071,-113.193,PERSISTING,4,1,384.626884,-355.509937,0
60,UES2,3,70,70,6,-94.894,-110.766,-127.563,SERVED,0,1,-311.049851,302.804532,0
60,UES2,4,71,71,5,-111.251,-106.523,-122.424,PERSISTING,2,1,334.001675,379.410505,0
60,UES2,5,72,72,2,-116.894,-116.104,-112.464,PERSISTING,4,1,378.227376,-387.565214,0
60,UES2,6,73,73,6,-99.907,-116.645,-127.738,SERVED,0,1,-362.197669,305.923480,0
60,UES2,7,74,74,4,-121.688,-114.845,-101.112,PERSISTING,3,1,310.144434,427.498768,0
60,UES2,8,75,75,2,-114.602,-113.257,-115.033,PERSISTING,4,1,406.698778,-347.475672,0
60,UES2,9,76,76,6,-78.8739,-118.995,-128.778,SERVED,0,1,-394.987027,346.014573,0
60,UES2,10,77,77,5,-107.112,-104.187,-122.012,PERSISTING,1,1,316.789059,348.649808,0
60,UES2,11,78,78,2,-116.346,-118.13,-101.665,PERSISTING,4,1,415.425118,-432.445158,0
60,UES2,12,79,79,7,-124.512,-91.9074,-93.9709,ALTERNATIVE_AVAILABLE,0,1,-346.984019,334.831353,0
60,UES2,13,80,80,5,-97.8905,-98.1295,-122.931,SERVED,0,1,356.563257,279.499422,0
60,UES2,14,81,81,4,-120.754,-111.682,-88.7633,ALTERNATIVE_AVAILABLE,0,1,384.899811,-296.377394,0
60,UES2,15,82,82,4,-118.115,-113.485,-113.338,PERSISTING,1,1,-350.206322,295.821538,0
60,UES2,16,83,83,5,-112.822,-108.225,-103.897,PERSISTING,5,1,386.223176,336.550326,0
60,UES2,17,84,84,5,-113.95,-96.191,-99.4081,ALTERNATIVE_AVAILABLE,0,1,326.054005,-323.176408,0
60,UES2,18,85,85,3,-113.621,-114.898,-108.549,PERSISTING,2,1,-409.575260,329.740613,0
60,UES2,19,86,86,5,-110.365,-114.313,-120.596,PERSISTING,3,1,323.400418,355.493039,0
60,UES2,20,87,87,2,-78.7456,-117.668,-93.5903,SERVED,0,1,317.706302,-371.064160,0
60,UES2,21,88,88,6,-111.315,-121.788,-121.589,PERSISTING,1,1,-390.466390,428.812272,0
60,UES2,22,89,89,5,-114.632,-90.6878,-121.208,ALTERNATIVE_AVAILABLE,0,1,326.658145,343.574006,0
60,UES2,23,90,90,1,-113.217,-116.713,-110.429,PERSISTING,1,1,347.912422,-301.161627,0
60,UES2,24,91,91,6,-103.6,-113.268,-107.145,MOVE_REQUIRED,6,1,-387.029665,351.638898,1
60,UES2,25,92,92,5,-112.272,-117.012,-124.091,PERSISTING,1,1,371.056875,401.611327,0
60,UES2,26,93,93,7,-94.7961,-121.411,-121.848,SERVED,0,1,302.507516,-307.197919,0
60,UES2,27,94,94,2,-128.328,-122.27,-77.5631,ALTERNATIVE_AVAILABLE,0,1,-380.299428,269.286105,0
60,UES2,28,95,95,2,-126.553,-122.971,-114.752,PERSISTING,3,1,424.516913,408.591787,0
60,UES2,29,96,96,7,-114.151,-110.732,-116.626,PERSISTING,4,1,430.597118,-285.213696,0
61,UES1,0,7,7,2,-113.617,-108.094,-95.6442,ALTERNATIVE_AVAILABLE,0,1,-199.294138,-282.814926,0
61,UES1,1,8,8,1,-88.0114,-106.893,-107.969,SERVED,0,1,227.504487,-214.818074,0
61,UES1,2,9,9,6,-102.91,-109.638,-121.988,PERSISTING,1,1,-271.321838,280.832947,0
61,UES1,3,10,10,1,-107.34,-108.581,-97.3024,ALTERNATIVE_AVAILABLE,0,1,221.634574,-229.176286,0
61,UES1,4,11,11,2,-106.782,-107.239,-108.967,PERSISTING,1,1,180.675793,246.443629,0
61,UES1,5,12,12,3,-96.9315,-101.207,-87.5627,SERVED,0,1,-222.119875,179.885026,0
61,UES1,6,13,13,2,-106.697,-104.73,-109.681,PERSISTING,0,1,88.611524,226.131755,0
61,UES1,7,14,14,2,-106.078,-85.356,-109.007,ALTERNATIVE_AVAILABLE,0,1,-15.627243,-230.656351,0
61,UES1,8,15,15,1,-107.584,-109.48,-101.319,PERSISTING,1,1,120.641419,-293.831212,0
61,UES1,9,16,16,1,-102.613,-95.2106,-102.418,ALTERNATIVE_AVAILABLE,0,1,186.702359,-39.211593,0
61,UES1,10,17,17,4,-91.9654,-108.842,-113.209,SERVED,0,1,-87.236463,-275.125557,0
61,UES1,11,18,18,3,-105.644,-84.3212,-102.476,ALTERNATIVE_AVAILABLE,0,1,-207.661279,107.211669,0
61,UES1,12,19,19,5,-99.8119,-107.721,-115.476,SERVED,0,1,352.315165,-2.653761,0
61,UES1,13,20,20,5,-95.1748,-103.329,-119.379,SERVED,0,1,137.176321,235.561630,0
61,UES1,14,21,21,7,-104.959,-101.155,-114.298,PERSISTING,0,1,185.550783,-199.054550,0
61,UES1,15,22,22,1,-85.1469,-93.2734,-105.477,SERVED,0,1,73.905899,-207.762074,0
61,UES1,16,23,23,2,-121.146,-110.011,-111.821,PERSISTING,4,1,-354.816358,-36.159986,0
61,UES1,17,24,24,1,-100.204,-92.8588,-96.2549,ALTERNATIVE_AVAILABLE,0,1,182.892398,-8.796831,0
61,UES1,18,25,25,1,-100.156,-101.048,-107.706,PERSISTING,0,1,152.710939,-162.761727,0
61,UES1,19,26,26,4,-105.33,-95.3923,-114.731,ALTERNATIVE_AVAILABLE,0,1,-144.180190,-230.973259,0
61,UES1,20,27,27,6,-86.3666,-108.595,-125.176,SERVED,0,1,-246.723429,229.088531,0
61,UES1,21,28,28,2,-106.486,-104.133,-107.622,PERSISTING,1,1,-171.220643,344.678154,0
61,UES1,22,29,29,5,-98.6094,-108.181,-120.24,SERVED,0,1,299.074735,182.853287,0
61,UES1,23,30,30,6,-115.095,-104.928,-101.667,PERSISTING,0,1,93.202130,-269.008627,0
61,UES1,24,31,31,6,-106.797,-99.637,-126.501,ALTERNATIVE_AVAILABLE,0,1,-174.082098,224.843435,0
61,UES1,25,32,32,3,-109.374,-92.2288,-108.039,ALTERNATIVE_AVAILABLE,0,1,-45.127240,333.512191,0
61,UES1,26,33,33,5,-95.5011,-113.768,-124.215,SERVED,0,1,312.478095,142.833862,0
61,UES1,27,34,34,1,-108.693,-110.001,-101.158,PERSISTING,1,1,41.527543,244.368720,0
61,UES1,28,35,35,4,-115.587,-111.804,-111.661,PERSISTING,1,1,-321.469646,111.773984,0
61,UES1,29,36,36,2,-101.805,-85.5345,-95.3619,ALTERNATIVE_AVAILABLE,0,1,-4.515297,127.869986,0
61,UES1,30,37,37,7,-110.063,-102.218,-122.982,MOVE_REQUIRED,7,1,-70.061484,-336.787955,1
61,UES1,31,38,38,2,-108.775,-117.922,-98.062,ALTERNATIVE_AVAILABLE,0,1,310.925002,78.467264,0
61,UES1,32,39,39,1,-102.04,-106.285,-98.002,ALTERNATIVE_AVAILABLE,0,1,61.906338,-240.100160,0
61,UES1,33,40,40,3,-84.1305,-100.466,-101.278,SERVED,0,1,-145.042492,211.520843,0
61,UES1,34,41,41,4,-112.897,-111.899,-108.435,PERSISTING,1,1,35.365629,-315.265965,0
61,UES1,35,42,42,1,-102.476,-80.3384,-92.353,ALTERNATIVE_AVAILABLE,0,1,246.338329,-129.990180,0
61,UES1,36,43,43,5,-99.6892,-99.5266,-121.244,SERVED,0,1,296.267293,235.310096,0
61,UES1,37,44,44,4,-110.951,-104.782,-106.749,PERSISTING,0,1,58.796977,-275.891196,0
61,UES1,38,45,45,4,-87.6385,-109.771,-116.74,SERVED,0,1,-189.744542,-144.613627,0
61,UES1,39,46,46,4,-98.4563,-92.7259,-87.4641,SERVED,0,1,-221.557715,-11.289389,0
61,UES1,40,47,47,3,-109.613,-109.035,-95.6961,ALTERNATIVE_AVAILABLE,0,1,-248.655590,250.121753,0
61,UES1,41,48,48,3,-113.601,-111.405,-116.419,PERSISTING,0,1,-346.783200,-273.414688,0
61,UES1,42,49,49,2,-95.6083,-92.1621,-102.957,SERVED,0,1,86.484744,158.542262,0
61,UES1,43,50,50,1,-101.328,-91.5542,-93.974,ALTERNATIVE_AVAILABLE,0,1,137.452970,-194.547129,0
61,UES1,44,51,51,3,-100.48,-102.476,-106.211,PERSISTING,0,1,-71.744994,224.935682,0
61,UES1,45,52,52,4,-103.614,-107.087,-115.598,PERSISTING,4,1,-158.751922,-241.011576,0
61,UES1,46,53,53,4,-116.324,-113.404,-111.977,PERSISTING,1,1,-167.647857,-284.589843,0
61,UES1,47,54,54,4,-99.1205,-74.6183,-113.127,SERVED,0,1,-168.096819,-204.070606,0
61,UES1,48,55,55,1,-110.646,-82.9137,-116.102,ALTERNATIVE_AVAILABLE,0,1,-280.057734,-121.657801,0
61,UES1,49,56,56,1,-98.123,-96.1686,-105.039,SERVED,0,1,157.799095,-123.628954,0
61,UES1,50,57,57,3,-108.749,-103.329,-113.132,PERSISTING,0,1,-113.914578,-249.012005,0
61,UES1,51,58,58,1,-108.679,-84.145,-103.517,ALTERNATIVE_AVAILABLE,0,1,339.934923,90.069158,0
61,UES1,52,59,59,6,-70.8731,-123.49,-132.935,SERVED,0,1,-251.042337,266.460986,0
61,UES1,53,60,60,3,-112.764,-111.438,-112.212,PERSISTING,3,1,-382.330805,-85.732235,0
61,UES1,54,61,61,1,-111.996,-80.8034,-97.3988,ALTERNATIVE_AVAILABLE,0,1,16.679611,-244.268168,0
61,UES1,55,62,62,2,-73.3004,-70.5395,-93.1593,SERVED,0,1,224.476084,-101.774400,0
61,UES1,56,63,63,4,-103.863,-103.931,-78.9572,ALTERNATIVE_AVAILABLE,0,1,-14.649333,-217.538806,0
61,UES1,57,64,64,6,-94.7609,-90.1415,-122.522,SERVED,0,1,-186.119497,292.818971,0
61,UES1,58,65,65,3,-95.7866,-107.205,-108.697,SERVED,0,1,-144.538541,-318.679816,0
61,UES1,59,66,66,7,-104.923,-96.8502,-113.701,ALTERNATIVE_AVAILABLE,0,1,297.668625,-264.809141,0
61,UES2,0,67,67,6,-96.1059,-121.184,-125.738,SERVED,0,1,-324.904238,332.700584,0
61,UES2,1,68,68,3,-116.752,-96.0246,-114.139,ALTERNATIVE_AVAILABLE,0,1,315.365658,323.854875,0
61,UES2,2,69,69,1,-120.295,-113.945,-110.135,PERSISTING,5,1,386.794072,-352.748513,0
61,UES2,3,70,70,6,-94.8321,-122.699,-129.3,SERVED,0,1,-313.918293,299.002530,0
61,UES2,4,71,71,5,-109.481,-110.566,-118.687,PERSISTING,3,1,333.610824,376.229812,0
61,UES2,5,72,72,2,-116.151,-114.561,-112.473,PERSISTING,5,1,376.511646,-384.876365,0
61,UES2,6,73,73,6,-96.0922,-113.737,-126.061,SERVED,0,1,-366.171133,308.852448,0
61,UES2,7,74,74,4,-122.549,-102.408,-120.629,PERSISTING,4,1,314.214951,427.917026,0
61,UES2,8,75,75,2,-119.195,-113.882,-110.013,PERSISTING,5,1,405.861146,-343.141671,0
61,UES2,9,76,76,6,-102.361,-116.65,-125.649,PERSISTING,0,1,-396.234788,342.255500,0
61,UES2,10,77,77,5,-85.7927,-94.2628,-120.422,SERVED,0,1,312.581356,349.922689,0
61,UES2,11,78,78,2,-117.78,-114.305,-114.246,PERSISTING,5,1,417.893933,-435.604652,0
61,UES2,12,79,79,7,-127.733,-91.257,-110.788,ALTERNATIVE_AVAILABLE,0,1,-346.578429,333.624435,0
61,UES2,13,80,80,5,-109.703,-99.2518,-118.088,ALTERNATIVE_AVAILABLE,0,1,359.258442,278.367917,0
61,UES2,14,81,81,4,-117.636,-113.582,-113.281,PERSISTING,0,1,390.190302,-296.727225,0
61,UES2,15,82,82,4,-101.07,-113.011,-110.479,PERSISTING,2,1,-345.704813,296.722521,0
61,UES2,16,83,83,5,-117.423,-116.125,-121.135,MOVE_REQUIRED,6,1,389.911228,336.344577,1
61,UES2,17,84,84,3,-118.639,-116.276,-106.581,PERSISTING,0,1,323.734861,-323.903013,0
61,UES2,18,85,85,3,-116.228,-116.754,-112.071,PERSISTING,3,1,-408.914989,333.261889,0
61,UES2,19,86,86,5,-118.511,-113.562,-120.94,PERSISTING,4,1,321.377314,357.839972,0
61,UES2,20,87,87,2,-118.719,-113.997,-107.241,PERSISTING,0,1,322.797185,-371.360011,0
61,UES2,21,88,88,6,-109.394,-109.151,-127.067,PERSISTING,2,1,-393.209012,431.852953,0
61,UES2,22,89,89,5,-116.077,-107.316,-128.225,PERSISTING,0,1,331.799905,344.537844,0
61,UES2,23,90,90,1,-111.062,-112.138,-105.107,PERSISTING,2,1,352.783449,-301.749916,0
61,UES2,24,91,91,6,-108.42,-113.784,-125.014,MOVE_REQUIRED,7,1,-390.033906,353.439675,1
61,UES2,25,92,92,5,-115.199,-118.912,-122.419,PERSISTING,2,1,372.873407,403.997350,0
61,UES2,26,93,93,7,-89.2623,-119.917,-121.842,SERVED,0,1,304.017119,-304.368362,0
61,UES2,27,94,94,2,-129.986,-112.587,-102.125,PERSISTING,0,1,-384.852577,267.108178,0
61,UES2,28,95,95,2,-120.53,-104.773,-118.857,PERSISTING,4,1,422.834898,410.462711,0
61,UES2,29,96,96,7,-113.508,-113.383,-117.355,PERSISTING,5,1,433.198946,-281.018060,0
62,UES1,0,7,7,2,-116.245,-106.861,-113.883,PERSISTING,0,1,-203.325109,-287.379608,0
62,UES1,1,8,8,1,-89.8236,-105.978,-97.6475,SERVED,0,1,230.815929,-217.352583,0
62,UES1,2,9,9,6,-101.28,-107.322,-122.866,PERSISTING,2,1,-273.763942,284.513113,0
62,UES1,3,10,10,1,-107.656,-84.7393,-108.414,ALTERNATIVE_AVAILABLE,0,1,225.175946,-233.490612,0
62,UES1,4,11,11,2,-105.116,-81.4934,-105.896,ALTERNATIVE_AVAILABLE,0,1,184.806043,249.469155,0
62,UES1,5,12,12,3,-101.834,-96.9304,-85.6839,ALTERNATIVE_AVAILABLE,0,1,-224.786008,184.643771,0
62,UES1,6,13,13,2,-103.994,-105.586,-102.276,PERSISTING,1,1,89.735448,230.742334,0
62,UES1,7,14,14,2,-84.5707,-101.393,-106.221,SERVED,0,1,-16.269339,-236.124951,0
62,UES1,8,15,15,1,-108.892,-113.526,-109.304,PERSISTING,2,1,123.148618,-298.649353,0
62,UES1,9,16,16,1,-97.1471,-81.9061,-105.523,SERVED,0,1,191.860352,-40.573830,0
62,UES1,10,17,17,4,-108.424,-108.938,-111.418,PERSISTING,0,1,-88.054235,-281.144666,0
62,UES1,11,18,18,3,-95.3283,-81.0068,-109.375,SERVED,0,1,-212.059509,109.484804,0
62,UES1,12,19,19,5,-100.608,-96.8225,-109.216,ALTERNATIVE_AVAILABLE,0,1,355.617313,-1.380495,0
62,UES1,13,20,20,5,-94.6796,-112.047,-115.069,SERVED,0,1,139.570794,240.143313,0
62,UES1,14,21,21,7,-99.8924,-105.001,-112.215,SERVED,0,1,188.511010,-203.733268,0
62,UES1,15,22,22,1,-102.845,-98.0871,-104.391,ALTERNATIVE_AVAILABLE,0,1,73.585098,-212.282313,0
62,UES1,16,23,23,2,-120.939,-113.966,-108.606,PERSISTING,5,1,-359.930955,-35.467117,0
62,UES1,17,24,24,1,-99.801,-93.3884,-90.8372,SERVED,0,1,187.163638,-7.580203,0
62,UES1,18,25,25,1,-101.329,-99.4768,-107.88,ALTERNATIVE_AVAILABLE,0,1,156.164614,-166.031456,0
62,UES1,19,26,26,4,-101.763,-105.232,-115.027,PERSISTING,0,1,-146.984766,-235.632501,0
62,UES1,20,27,27,6,-84.2432,-111.134,-131.223,SERVED,0,1,-250.360021,231.798374,0
62,UES1,21,28,28,2,-117.568,-109.866,-106.091,PERSISTING,2,1,-172.668115,349.349465,0
62,UES1,22,29,29,5,-102.695,-93.2871,-122.671,ALTERNATIVE_AVAILABLE,0,1,303.693492,184.348451,0
62,UES1,23,30,30,6,-119.131,-102.561,-93.3288,ALTERNATIVE_AVAILABLE,0,1,93.961501,-274.361111,0
62,UES1,24,31,31,6,-86.3347,-100.735,-123.594,SERVED,0,1,-178.094194,226.563715,0
62,UES1,25,32,32,3,-109.578,-87.9009,-112.412,ALTERNATIVE_AVAILABLE,0,1,-46.698146,339.097088,0
62,UES1,26,33,33,5,-94.4487,-115.284,-122.599,SERVED,0,1,316.722675,145.641869,0
62,UES1,27,34,34,1,-109.196,-108.631,-112.62,PERSISTING,2,1,41.739130,249.293122,0
62,UES1,28,35,35,4,-109.561,-110.42,-109.807,PERSISTING,2,1,-318.354306,112.709129,0
62,UES1,29,36,36,2,-95.6883,-90.2998,-110.696,SERVED,0,1,-7.682633,131.117888,0
62,UES1,30,37,37,7,-109.068,-113.114,-122.313,MOVE_REQUIRED,8,1,-72.460916,-341.803704,1
62,UES1,31,38,38,2,-100.627,-112.593,-95.3352,ALTERNATIVE_AVAILABLE,0,1,316.359837,80.830968,0
62,UES1,32,39,39,1,-116.253,-104.747,-93.8405,ALTERNATIVE_AVAILABLE,0,1,63.363760,-245.703794,0
62,UES1,33,40,40,3,-99.488,-101.455,-105.705,SERVED,0,1,-146.062635,212.463171,0
62,UES1,34,41,41,4,-114.519,-109.887,-112.212,PERSISTING,2,1,36.194282,-321.071791,0
62,UES1,35,42,42,1,-106.385,-104.147,-84.8929,ALTERNATIVE_AVAILABLE,0,1,252.023022,-132.347215,0
62,UES1,36,43,43,5,-105.912,-84.0556,-121.171,ALTERNATIVE_AVAILABLE,0,1,299.209408,237.300220,0
62,UES1,37,44,44,4,-111.51,-108.765,-105.163,PERSISTING,1,1,59.018095,-280.301249,0
62,UES1,38,45,45,4,-100.399,-84.2621,-117.264,ALTERNATIVE_AVAILABLE,0,1,-194.276530,-147.453204,0
62,UES1,39,46,46,4,-91.5865,-106.964,-93.7024,SERVED,0,1,-226.019274,-9.922993,0
62,UES1,40,47,47,3,-106.925,-103.716,-97.463,ALTERNATIVE_AVAILABLE,0,1,-250.603874,253.582000,0
62,UES1,41,48,48,3,-113.792,-112.082,-118.566,PERSISTING,1,1,-351.801965,-274.778459,0
62,UES1,42,49,49,2,-93.7445,-90.9569,-90.478,SERVED,0,1,89.103546,162.038545,0
62,UES1,43,50,50,1,-103.536,-107.843,-99.0852,ALTERNATIVE_AVAILABLE,0,1,140.418426,-198.089614,0
62,UES1,44,51,51,3,-78.3184,-104.446,-108.201,SERVED,0,1,-73.761509,229.163095,0
62,UES1,45,52,52,4,-107.01,-106.635,-115.023,PERSISTING,5,1,-161.357366,-244.329401,0
62,UES1,46,53,53,4,-110.34,-118.996,-115.432,PERSISTING,2,1,-170.692052,-288.325146,0
62,UES1,47,54,54,4,-105.646,-77.8399,-110.811,ALTERNATIVE_AVAILABLE,0,1,-169.327603,-208.309142,0
62,UES1,48,55,55,1,-112.827,-102.199,-112.892,PERSISTING,0,1,-283.897636,-124.421520,0
62,UES1,49,56,56,1,-83.5189,-103.085,-98.7373,SERVED,0,1,161.365425,-128.528968,0
62,UES1,50,57,57,3,-106.208,-104.49,-111.955,PERSISTING,1,1,-114.545406,-254.382560,0
62,UES1,51,58,58,1,-116.332,-96.4503,-101.485,ALTERNATIVE_AVAILABLE,0,1,342.696867,94.712266,0
62,UES1,52,59,59,6,-67.1538,-114.19,-130.842,SERVED,0,1,-254.260007,269.502487,0
62,UES1,53,60,60,3,-106.66,-110.903,-117.735,PERSISTING,4,1,-387.067922,-87.198604,0
62,UES1,54,61,61,1,-107.14,-104.429,-105.064,PERSISTING,0,1,16.440708,-249.501988,0
62,UES1,55,62,62,2,-78.706,-101.838,-107.492,SERVED,0,1,228.907299,-105.998422,0
62,UES1,56,63,63,4,-103.335,-106.478,-108.951,PERSISTING,0,1,-14.547719,-222.553080,0
62,UES1,57,64,64,6,-96.899,-106.404,-118.035,SERVED,0,1,-188.136662,298.876533,0
62,UES1,58,65,65,3,-112.688,-111.586,-113.139,PERSISTING,0,1,-144.943607,-322.044231,0
62,UES1,59,66,66,7,-106.968,-100.867,-115.042,PERSISTING,0,1,301.242437,-268.796550,0
62,UES2,0,67,67,6,-71.8896,-122.428,-122.336,SERVED,0,1,-321.986557,333.619047,0
62,UES2,1,68,68,3,-122.186,-99.8046,-114.121,ALTERNATIVE_AVAILABLE,0,1,313.414955,319.004444,0
62,UES2,2,69,69,1,-111.672,-115.683,-114.368,MOVE_REQUIRED,6,1,389.554176,-349.337207,1
62,UES2,3,70,70,6,-90.1283,-124.384,-125.687,SERVED,0,1,-314.868760,295.554249,0
62,UES2,4,71,71,5,-112.646,-105.355,-121.668,PERSISTING,4,1,334.734736,372.222826,0
62,UES2,5,72,72,2,-114.985,-112.991,-90.6816,ALTERNATIVE_AVAILABLE,0,1,376.286656,-380.998053,0
62,UES2,6,73,73,6,-107.443,-117.744,-122.57,PERSISTING,0,1,-370.663184,308.402285,0
62,UES2,7,74,74,4,-126.82,-116.274,-115.108,PERSISTING,5,1,308.489670,429.124926,0
62,UES2,8,75,75,2,-113.839,-112.091,-112.495,MOVE_REQUIRED,6,1,404.592903,-339.214632,1
62,UES2,9,76,76,6,-104.505,-121.447,-121.685,PERSISTING,1,1,-397.237927,338.930392,0
62,UES2,10,77,77,5,-80.1071,-117.548,-124.53,SERVED,0,1,313.411941,352.520975,0
62,UES2,11,78,78,2,-118.41,-117.773,-112.851,MOVE_REQUIRED,6,1,421.043080,-438.799686,1
62,UES2,12,79,79,7,-126.043,-113.225,-105.579,PERSISTING,0,1,-349.806969,330.480325,0
62,UES2,13,80,80,5,-106.753,-87.8207,-123.436,ALTERNATIVE_AVAILABLE,0,1,364.352506,278.637876,0
62,UES2,14,81,81,4,-119.063,-108.56,-97.7179,ALTERNATIVE_AVAILABLE,0,1,393.769381,-295.965982,0
62,UES2,15,82,82,4,-97.3876,-105.595,-107.69,SERVED,0,1,-342.066413,297.875259,0
62,UES2,16,83,83,5,-113.313,-116.059,-122.635,MOVE_REQUIRED,7,1,394.141326,336.035299,1
62,UES2,17,84,84,3,-117.18,-113.106,-105.831,PERSISTING,1,1,318.922764,-327.463152,0
62,UES2,18,85,85,3,-116.898,-117.682,-106.934,PERSISTING,4,1,-408.352815,338.335891,0
62,UES2,19,86,86,5,-91.9192,-111.561,-121.687,SERVED,0,1,316.504808,359.493253,0
62,UES2,20,87,87,2,-88.5073,-90.5312,-109.877,SERVED,0,1,326.237107,-373.725537,0
62,UES2,21,88,88,6,-111.294,-121.703,-126.13,PERSISTING,3,1,-396.053646,434.128933,0
62,UES2,22,89,89,5,-116.878,-118.539,-98.4064,ALTERNATIVE_AVAILABLE,0,1,335.346379,347.314408,0
62,UES2,23,90,90,1,-115.743,-111.45,-109.89,PERSISTING,3,1,355.468067,-304.267627,0
62,UES2,24,91,91,6,-99.269,-94.6704,-126.974,SERVED,0,1,-393.813638,355.864190,0
62,UES2,25,92,92,5,-114.35,-115.781,-124.804,PERSISTING,3,1,376.999057,407.045077,0
62,UES2,26,93,93,7,-90.9298,-121.227,-114.859,SERVED,0,1,306.694026,-300.671501,0
62,UES2,27,94,94,2,-124.842,-119.513,-98.2837,ALTERNATIVE_AVAILABLE,0,1,-387.533228,264.512938,0
62,UES2,28,95,95,2,-108.556,-123.943,-118.443,PERSISTING,5,1,417.037988,410.569750,0
62,UES2,29,96,96,7,-117.826,-113.789,-112.3,MOVE_REQUIRED,6,1,434.822235,-277.668553,1
63,UES1,0,7,7,2,-112.418,-86.4066,-115.983,ALTERNATIVE_AVAILABLE,0,1,-206.157354,-290.982526,0
63,UES1,1,8,8,1,-107.38,-107.959,-100.352,PERSISTING,0,1,234.722136,-222.337480,0
63,UES1,2,9,9,6,-111.993,-108.486,-122.666,PERSISTING,3,1,-278.687299,288.308745,0
63,UES1,3,10,10,1,-107.756,-110.506,-98.6799,ALTERNATIVE_AVAILABLE,0,1,229.891872,-237.124208,0
63,UES1,4,11,11,2,-106.891,-107.537,-106.73,PERSISTING,0,1,188.454923,253.375671,0
63,UES1,5,12,12,3,-70.369,-103.246,-93.0393,SERVED,0,1,-228.421017,187.931219,0
63,UES1,6,13,13,2,-98.3628,-99.3887,-109.732,SERVED,0,1,89.460138,233.941060,0
63,UES1,7,14,14,2,-108.287,-104.904,-100.947,PERSISTING,0,1,-18.365624,-240.489381,0
63,UES1,8,15,15,1,-108.431,-114.264,-106.634,PERSISTING,3,1,126.287476,-302.768871,0
63,UES1,9,16,16,1,-97.6133,-105.475,-110.038,SERVED,0,1,196.176739,-43.783917,0
63,UES1,10,17,17,4,-111.444,-104.886,-112.778,PERSISTING,1,1,-89.492426,-286.237894,0
63,UES1,11,18,18,3,-69.3756,-101.62,-96.7154,SERVED,0,1,-216.918145,110.407564,0
63,UES1,12,19,19,5,-99.1674,-109.813,-116.855,SERVED,0,1,360.972923,-0.402476,0
63,UES1,13,20,20,5,-92.5739,-113.787,-123.135,SERVED,0,1,141.879089,245.392801,0
63,UES1,14,21,21,7,-113.33,-80.0609,-116.127,ALTERNATIVE_AVAILABLE,0,1,192.143476,-206.024213,0
63,UES1,15,22,22,1,-102.813,-108.818,-110.1,PERSISTING,0,1,73.665946,-217.941801,0
63,UES1,16,23,23,2,-121.541,-111.549,-109.079,MOVE_REQUIRED,6,1,-363.406503,-35.715174,1
63,UES1,17,24,24,1,-100.732,-97.0775,-93.6912,ALTERNATIVE_AVAILABLE,0,1,191.029062,-7.335969,0
63,UES1,18,25,25,1,-91.1625,-97.2974,-108.751,SERVED,0,1,158.606435,-170.441628,0
63,UES1,19,26,26,4,-105.787,-97.5009,-113.418,ALTERNATIVE_AVAILABLE,0,1,-148.070099,-240.222463,0
63,UES1,20,27,27,6,-64.2184,-112.166,-127.982,SERVED,0,1,-253.932427,234.403310,0
63,UES1,21,28,28,4,-112.068,-107.936,-96.7788,ALTERNATIVE_AVAILABLE,0,1,-174.252037,354.558555,0
63,UES1,22,29,29,5,-94.0029,-97.0099,-105.836,SERVED,0,1,306.811378,187.651559,0
63,UES1,23,30,30,6,-118.37,-85.8891,-101.716,ALTERNATIVE_AVAILABLE,0,1,95.766277,-279.641631,0
63,UES1,24,31,31,6,-103.973,-90.5008,-121.629,ALTERNATIVE_AVAILABLE,0,1,-182.407529,229.752731,0
63,UES1,25,32,32,3,-105.976,-101.738,-113.519,PERSISTING,0,1,-45.533538,344.176897,0
63,UES1,26,33,33,5,-92.3791,-101.423,-122.975,SERVED,0,1,319.819277,148.952357,0
63,UES1,27,34,34,1,-111.74,-107.18,-111.451,PERSISTING,3,1,41.445191,253.827203,0
63,UES1,28,35,35,3,-117.293,-86.5909,-106.446,ALTERNATIVE_AVAILABLE,0,1,-312.977527,109.893607,0
63,UES1,29,36,36,2,-99.7353,-82.6473,-108.684,SERVED,0,1,-9.653249,135.917790,0
63,UES1,30,37,37,7,-114.197,-113.536,-120.038,MOVE_REQUIRED,9,1,-74.356947,-345.750492,1
63,UES1,31,38,38,2,-114.455,-110.808,-106.651,PERSISTING,0,1,321.308440,82.180702,0
63,UES1,32,39,39,1,-106.863,-107.262,-105.302,PERSISTING,0,1,64.143010,-250.655128,0
63,UES1,33,40,40,3,-97.9772,-104.393,-103.882,SERVED,0,1,-151.357775,212.881475,0
63,UES1,34,41,41,4,-117.979,-110.395,-108.162,PERSISTING,3,1,37.939873,-326.874550,0
63,UES1,35,42,42,1,-102.46,-92.1431,-99.2154,ALTERNATIVE_AVAILABLE,0,1,255.545150,-134.974483,0
63,UES1,36,43,43,5,-107.103,-109.678,-119.559,PERSISTING,0,1,303.211482,240.766622,0
63,UES1,37,44,44,1,-108.298,-108.691,-104.828,PERSISTING,2,1,60.839336,-284.941193,0
63,UES1,38,45,45,4,-101.137,-77.3159,-118.556,ALTERNATIVE_AVAILABLE,0,1,-198.321579,-149.634463,0
63,UES1,39,46,46,4,-85.4088,-101.823,-117.206,SERVED,0,1,-230.760535,-9.822359,0
63,UES1,40,47,47,3,-106.987,-111.469,-95.266,ALTERNATIVE_AVAILABLE,0,1,-252.967213,257.866893,0
63,UES1,41,48,48,3,-109.871,-116.347,-120.424,PERSISTING,2,1,-357.520951,-277.377532,0
63,UES1,42,49,49,2,-90.2477,-99.3963,-97.6355,SERVED,0,1,91.197337,167.664157,0
63,UES1,43,50,50,1,-102.081,-109.493,-108.829,PERSISTING,0,1,143.664303,-202.894272,0
63,UES1,44,51,51,3,-99.7747,-100.7,-95.8329,SERVED,0,1,-74.845595,233.680021,0
63,UES1,45,52,52,4,-106.309,-108.54,-116.306,MOVE_REQUIRED,6,1,-165.822619,-247.798619,1
63,UES1,46,53,53,4,-115.162,-110.328,-115.825,PERSISTING,3,1,-173.674687,-292.969031,0
63,UES1,47,54,54,4,-103.531,-106.937,-114.766,PERSISTING,0,1,-171.738010,-213.533358,0
63,UES1,48,55,55,1,-111.583,-80.2468,-114.788,ALTERNATIVE_AVAILABLE,0,1,-287.033708,-129.123828,0
63,UES1,49,56,56,1,-101.716,-102.143,-101.167,PERSISTING,0,1,165.095705,-132.130704,0
63,UES1,50,57,57,3,-105.789,-89.2457,-111.799,ALTERNATIVE_AVAILABLE,0,1,-115.971342,-258.879907,0
63,UES1,51,58,58,2,-116.912,-117.192,-94.2475,ALTERNATIVE_AVAILABLE,0,1,344.660671,97.918612,0
63,UES1,52,59,59,6,-72.059,-102.598,-128.725,SERVED,0,1,-257.206813,271.805393,0
63,UES1,53,60,60,3,-120.953,-113.113,-88.2321,ALTERNATIVE_AVAILABLE,0,1,-392.398444,-88.449222,0
63,UES1,54,61,61,1,-115.021,-105.356,-107.454,PERSISTING,1,1,14.574954,-254.039867,0
63,UES1,55,62,62,2,-101.93,-102.209,-107.187,PERSISTING,0,1,230.917185,-108.043186,0
63,UES1,56,63,63,2,-109.205,-103.563,-113.759,PERSISTING,1,1,-13.714552,-227.073148,0
63,UES1,57,64,64,6,-93.4433,-108.008,-117.976,SERVED,0,1,-190.144795,301.440478,0
63,UES1,58,65,65,3,-114.588,-85.8673,-114.645,ALTERNATIVE_AVAILABLE,0,1,-145.555027,-327.349122,0
63,UES1,59,66,66,7,-109.999,-108.458,-110.415,PERSISTING,1,1,305.460514,-270.730022,0
63,UES2,0,67,67,6,-93.8904,-100.033,-128.762,SERVED,0,1,-317.069999,335.312527,0
63,UES2,1,68,68,3,-123.724,-112.129,-109.224,PERSISTING,0,1,312.487517,317.030924,0
63,UES2,2,69,69,1,-112.471,-113.581,-113.883,MOVE_REQUIRED,7,1,392.321489,-346.788148,1
63,UES2,3,70,70,6,-95.112,-120.582,-121.998,SERVED,0,1,-315.431889,291.167559,0
63,UES2,4,71,71,5,-110.747,-91.975,-120.026,ALTERNATIVE_AVAILABLE,0,1,334.509412,366.670825,0
63,UES2,5,72,72,2,-118.902,-115.391,-110.821,PERSISTING,0,1,376.387872,-376.010718,0
63,UES2,6,73,73,6,-109.12,-112.038,-128.527,PERSISTING,1,1,-374.611069,311.782006,0
63,UES2,7,74,74,4,-119.681,-116.816,-101.161,MOVE_REQUIRED,6,1,306.698487,430.044955,1
63,UES2,8,75,75,2,-117.529,-112.034,-115.402,MOVE_REQUIRED,7,1,402.514525,-334.504385,1
63,UES2,9,76,76,6,-106.329,-123.594,-123.17,PERSISTING,2,1,-399.411356,335.057750,0
63,UES2,10,77,77,5,-108.062,-114.619,-126.929,PERSISTING,0,1,317.214538,354.826110,0
63,UES2,11,78,78,7,-113.314,-118.674,-118.69,MOVE_REQUIRED,7,1,420.187224,-439.571107,1
63,UES2,12,79,79,4,-115.018,-110.723,-102.499,PERSISTING,1,1,-353.899754,328.666922,0
63,UES2,13,80,80,5,-111.658,-92.3712,-121.83,ALTERNATIVE_AVAILABLE,0,1,368.769369,278.328386,0
63,UES2,14,81,81,4,-120.283,-111.168,-114.79,PERSISTING,0,1,397.871084,-296.208864,0
63,UES2,15,82,82,4,-115.937,-112.257,-98.8596,ALTERNATIVE_AVAILABLE,0,1,-336.484669,297.765929,0
63,UES2,16,83,83,5,-108.325,-118.286,-123.789,MOVE_REQUIRED,8,1,397.010386,333.523291,1
63,UES2,17,84,84,3,-121.757,-113.698,-100.092,PERSISTING,2,1,316.124592,-328.800805,0
63,UES2,18,85,85,3,-115.027,-90.4879,-118.77,ALTERNATIVE_AVAILABLE,0,1,-407.230360,342.096619,0
63,UES2,19,86,86,5,-110.878,-113.802,-121.901,PERSISTING,0,1,313.739849,360.823248,0
63,UES2,20,87,87,2,-117.002,-112.264,-106.656,PERSISTING,0,1,329.331758,-375.485303,0
63,UES2,21,88,88,6,-112.869,-123.879,-127.422,PERSISTING,4,1,-399.769967,435.916563,0
63,UES2,22,89,89,5,-118.569,-115.71,-126.602,PERSISTING,0,1,338.428956,348.638925,0
63,UES2,23,90,90,1,-91.5081,-114.881,-107.63,SERVED,0,1,359.103838,-305.589028,0
63,UES2,24,91,91,6,-114.092,-113.532,-124.762,PERSISTING,0,1,-396.960916,356.908401,0
63,UES2,25,92,92,5,-118.094,-118.234,-119.825,PERSISTING,4,1,380.566108,410.000456,0
63,UES2,26,93,93,7,-66.1892,-122.293,-124.24,SERVED,0,1,308.169702,-297.863968,0
63,UES2,27,94,94,2,-122.494,-118.917,-100.822,PERSISTING,0,1,-390.272742,263.881147,0
63,UES2,28,95,95,2,-125.276,-115.999,-118.091,MOVE_REQUIRED,6,1,414.617859,410.457636,1
63,UES2,29,96,96,7,-114.147,-114.026,-112.742,MOVE_REQUIRED,7,1,436.309092,-273.345533,1
64,UES1,0,7,7,2,-111.011,-110.682,-115.767,PERSISTING,0,1,-208.275266,-295.934527,0
64,UES1,1,8,8,1,-103.51,-108.469,-106.983,PERSISTING,1,1,238.475462,-226.220413,0
64,UES1,2,9,9,6,-112.379,-80.2023,-120.868,ALTERNATIVE_AVAILABLE,0,1,-282.515955,291.362061,0
64,UES1,3,10,10,1,-106.891,-111.442,-92.2624,ALTERNATIVE_AVAILABLE,0,1,233.190039,-239.522979,0
64,UES1,4,11,11,2,-105.345,-106.647,-91.6609,ALTERNATIVE_AVAILABLE,0,1,192.361572,256.145292,0
64,UES1,5,12,12,3,-102.301,-105.684,-96.9033,ALTERNATIVE_AVAILABLE,0,1,-231.223135,192.040820,0
64,UES1,6,13,13,2,-68.6151,-99.7525,-99.7981,SERVED,0,1,89.107571,239.560994,0
64,UES1,7,14,14,2,-108.151,-103.395,-107.965,PERSISTING,1,1,-19.415175,-245.161823,0
64,UES1,8,15,15,1,-110.916,-108.656,-104.814,PERSISTING,4,1,129.062412,-308.528161,0
64,UES1,9,16,16,1,-102.112,-97.5567,-109.653,ALTERNATIVE_AVAILABLE,0,1,200.306047,-44.362938,0
64,UES1,10,17,17,4,-108.626,-107.637,-113.074,PERSISTING,2,1,-89.896501,-290.267274,0
64,UES1,11,18,18,3,-100.265,-74.8073,-89.5086,ALTERNATIVE_AVAILABLE,0,1,-221.360976,111.984695,0
64,UES1,12,19,19,5,-100.912,-110.116,-114.351,PERSISTING,0,1,365.057270,0.494612,0
64,UES1,13,20,20,5,-76.6461,-114.519,-123.717,SERVED,0,1,144.399545,249.223034,0
64,UES1,14,21,21,7,-100.988,-103.386,-113.688,PERSISTING,0,1,194.809572,-209.894795,0
64,UES1,15,22,22,1,-73.342,-105.337,-102.021,SERVED,0,1,71.116843,-223.490741,0
64,UES1,16,23,23,2,-124.097,-111.039,-109.314,MOVE_REQUIRED,7,1,-369.581184,-35.794204,1
64,UES1,17,24,24,1,-100.964,-101.037,-104.217,PERSISTING,0,1,196.207590,-7.361755,0
64,UES1,18,25,25,1,-98.2488,-99.6005,-101.005,SERVED,0,1,160.875545,-175.191483,0
64,UES1,19,26,26,4,-104.013,-110.253,-115.746,PERSISTING,0,1,-150.993213,-244.702404,0
64,UES1,20,27,27,6,-65.2317,-116.537,-127.325,SERVED,0,1,-257.966883,238.449792,0
64,UES1,21,28,28,4,-110.887,-110.646,-99.4401,ALTERNATIVE_AVAILABLE,0,1,-175.776864,359.225756,0
64,UES1,22,29,29,5,-104.127,-108.765,-125.451,PERSISTING,0,1,311.846045,191.147604,0
64,UES1,23,30,30,6,-117.678,-109.029,-90.4415,ALTERNATIVE_AVAILABLE,0,1,97.000209,-283.800106,0
64,UES1,24,31,31,6,-97.1859,-104.22,-123.155,SERVED,0,1,-186.831623,231.607625,0
64,UES1,25,32,32,3,-110.626,-107.842,-112.301,PERSISTING,1,1,-45.683577,349.730315,0
64,UES1,26,33,33,5,-65.8599,-117.163,-126.174,SERVED,0,1,324.551914,152.976819,0
64,UES1,27,34,34,1,-111.402,-106.903,-111.811,PERSISTING,4,1,41.150102,259.579796,0
64,UES1,28,35,35,3,-109.941,-112.074,-102.813,PERSISTING,0,1,-307.793583,107.423042,0
64,UES1,29,36,36,2,-88.8543,-103.554,-110.375,SERVED,0,1,-12.058819,140.861235,0
64,UES1,30,37,37,7,-115.011,-98.658,-118.262,ALTERNATIVE_AVAILABLE,0,1,-76.566052,-351.015692,0
64,UES1,31,38,38,2,-111.925,-110.99,-88.7056,ALTERNATIVE_AVAILABLE,0,1,325.786515,83.986856,0
64,UES1,32,39,39,1,-112.051,-104.286,-101.703,PERSISTING,1,1,62.793796,-254.348579,0
64,UES1,33,40,40,3,-100.867,-100.186,-96.4269,ALTERNATIVE_AVAILABLE,0,1,-155.743602,212.380030,0
64,UES1,34,41,41,4,-118.168,-109.688,-105.236,PERSISTING,4,1,38.610797,-330.592154,0
64,UES1,35,42,42,1,-111.15,-99.3309,-103.211,ALTERNATIVE_AVAILABLE,0,1,260.972099,-136.203466,0
64,UES1,36,43,43,5,-105.228,-94.9484,-119.179,ALTERNATIVE_AVAILABLE,0,1,305.863973,245.245669,0
64,UES1,37,44,44,1,-113.122,-105.031,-100.264,PERSISTING,3,1,61.785154,-291.038236,0
64,UES1,38,45,45,4,-76.9025,-105.686,-109.257,SERVED,0,1,-203.002791,-151.836086,0
64,UES1,39,46,46,4,-102.762,-102.073,-108.629,PERSISTING,0,1,-235.896687,-10.505804,0
64,UES1,40,47,47,3,-100.913,-109.707,-102.952,PERSISTING,0,1,-254.748676,262.616708,0
64,UES1,41,48,48,3,-113.792,-112.207,-112.831,PERSISTING,3,1,-359.975146,-280.572050,0
64,UES1,42,49,49,2,-93.068,-76.0013,-109.322,SERVED,0,1,93.281314,171.171826,0
64,UES1,43,50,50,1,-107.62,-104.435,-88.9796,ALTERNATIVE_AVAILABLE,0,1,147.440531,-205.831166,0
64,UES1,44,51,51,3,-101.881,-108.032,-101.713,PERSISTING,0,1,-77.006012,238.377768,0
64,UES1,45,52,52,4,-103.857,-98.0604,-114.693,ALTERNATIVE_AVAILABLE,0,1,-167.465070,-252.590089,0
64,UES1,46,53,53,4,-112.99,-117.126,-112.112,PERSISTING,4,1,-174.893015,-297.987256,0
64,UES1,47,54,54,4,-102.726,-108.421,-114.184,PERSISTING,1,1,-172.247793,-220.248623,0
64,UES1,48,55,55,1,-113.435,-81.2004,-113.078,ALTERNATIVE_AVAILABLE,0,1,-292.043094,-130.446958,0
64,UES1,49,56,56,1,-102.315,-100.847,-81.8897,ALTERNATIVE_AVAILABLE,0,1,167.748372,-135.032314,0
64,UES1,50,57,57,3,-111.144,-95.7736,-113.759,ALTERNATIVE_AVAILABLE,0,1,-117.184458,-263.469850,0
64,UES1,51,58,58,2,-108.488,-117.516,-104.747,PERSISTING,0,1,346.302338,102.787733,0
64,UES1,52,59,59,6,-78.769,-117.977,-128.814,SERVED,0,1,-262.055002,274.952452,0
64,UES1,53,60,60,3,-110.631,-113.709,-111.552,PERSISTING,0,1,-397.142145,-90.675393,0
64,UES1,54,61,61,1,-104.686,-104.02,-94.9661,ALTERNATIVE_AVAILABLE,0,1,12.822304,-258.794889,0
64,UES1,55,62,62,2,-97.4398,-82.3767,-102.53,SERVED,0,1,236.527432,-112.178238,0
64,UES1,56,63,63,2,-106.645,-106.869,-104.913,PERSISTING,2,1,-13.001161,-232.468951,0
64,UES1,57,64,64,6,-104.972,-106.87,-114.192,PERSISTING,0,1,-192.259349,307.267720,0
64,UES1,58,65,65,3,-115.401,-108.287,-111.687,PERSISTING,0,1,-147.940878,-331.650845,0
64,UES1,59,66,66,7,-95.9176,-108.952,-121.523,SERVED,0,1,308.357412,-273.531843,0
64,UES2,0,67,67,6,-78.6491,-122.105,-131.429,SERVED,0,1,-314.114633,335.814417,0
64,UES2,1,68,68,3,-117.488,-113.612,-106.201,PERSISTING,1,1,311.450716,312.400031,0
64,UES2,2,69,69,1,-115.339,-113.009,-93.6697,ALTERNATIVE_AVAILABLE,0,1,394.278334,-344.844406,0
64,UES2,3,70,70,6,-90.4215,-111.854,-127.175,SERVED,0,1,-316.889993,288.535154,0
64,UES2,4,71,71,5,-108.846,-110.889,-119.367,PERSISTING,0,1,334.244432,362.787577,0
64,UES2,5,72,72,2,-94.777,-75.6342,-112.8,SERVED,0,1,376.694594,-372.256311,0
64,UES2,6,73,73,6,-108.784,-112.013,-125.746,PERSISTING,2,1,-378.132720,312.506727,0
64,UES2,7,74,74,4,-122.266,-119.501,-106.107,MOVE_REQUIRED,7,1,302.896343,430.605404,1
64,UES2,8,75,75,2,-93.7396,-118.487,-109.586,SERVED,0,1,401.805271,-331.881916,0
64,UES2,9,76,76,6,-108.525,-112.321,-128.018,PERSISTING,3,1,-399.075800,330.919550,0
64,UES2,10,77,77,5,-95.9625,-120.209,-123.763,SERVED,0,1,319.408989,357.106451,0
64,UES2,11,78,78,7,-111.712,-113.157,-122.989,MOVE_REQUIRED,8,1,417.715388,-438.188765,1
64,UES2,12,79,79,4,-116.024,-111.667,-104.256,PERSISTING,2,1,-355.974436,324.322051,0
64,UES2,13,80,80,5,-104.377,-114.684,-119.598,PERSISTING,0,1,372.396603,278.238544,0
64,UES2,14,81,81,4,-121.753,-113.382,-112.507,PERSISTING,1,1,401.885767,-295.495882,0
64,UES2,15,82,82,4,-116.594,-117.231,-93.0262,ALTERNATIVE_AVAILABLE,0,1,-334.299449,297.883738,0
64,UES2,16,83,83,5,-109.665,-76.2577,-90.7846,ALTERNATIVE_AVAILABLE,0,1,402.106861,332.694021,0
64,UES2,17,84,84,3,-117.452,-111.258,-102.083,PERSISTING,3,1,312.067034,-329.676645,0
64,UES2,18,85,85,3,-117.363,-98.8239,-113.161,ALTERNATIVE_AVAILABLE,0,1,-407.404559,346.963487,0
64,UES2,19,86,86,5,-107.32,-84.3656,-124.855,ALTERNATIVE_AVAILABLE,0,1,309.453734,364.366376,0
64,UES2,20,87,87,2,-114.95,-115.158,-91.4335,ALTERNATIVE_AVAILABLE,0,1,333.355930,-377.527616,0
64,UES2,21,88,88,6,-108.928,-121.866,-107.462,PERSISTING,5,1,-402.687773,438.922653,0
64,UES2,22,89,89,5,-98.2971,-115.447,-128.918,SERVED,0,1,341.750683,351.331991,0
64,UES2,23,90,90,1,-113.71,-116.435,-104.28,PERSISTING,0,1,355.346431,-304.545136,0
64,UES2,24,91,91,6,-119.352,-114.119,-127.181,PERSISTING,1,1,-401.220892,358.763894,0
64,UES2,25,92,92,5,-117.428,-115.641,-121.54,PERSISTING,5,1,383.069445,412.881000,0
64,UES2,26,93,93,7,-69.0194,-119.433,-119.933,SERVED,0,1,311.000076,-293.347044,0
64,UES2,27,94,94,2,-135.044,-105.709,-103.395,PERSISTING,1,1,-395.264520,263.128480,0
64,UES2,28,95,95,2,-123.969,-123.436,-121.33,MOVE_REQUIRED,7,1,409.457631,410.175577,1
64,UES2,29,96,96,7,-114.311,-113.635,-117.34,MOVE_REQUIRED,8,1,436.994787,-273.554774,1
65,UES1,0,7,7,4,-114.53,-87.9571,-117.104,ALTERNATIVE_AVAILABLE,0,1,-210.706137,-300.647042,0
65,UES1,1,8,8,1,-108.347,-106.682,-95.7139,ALTERNATIVE_AVAILABLE,0,1,241.321337,-230.316022,0
65,UES1,2,9,9,6,-82.2755,-110.947,-124.373,SERVED,0,1,-285.652935,295.693210,0
65,UES1,3,10,10,2,-106.701,-110.912,-97.6402,ALTERNATIVE_AVAILABLE,0,1,236.611504,-243.749934,0
65,UES1,4,11,11,2,-106.842,-109.093,-90.0614,ALTERNATIVE_AVAILABLE,0,1,196.853889,259.960704,0
65,UES1,5,12,12,3,-101.379,-106.07,-97.418,ALTERNATIVE_AVAILABLE,0,1,-233.332851,196.516255,0
65,UES1,6,13,13,2,-97.9391,-103.472,-105.738,SERVED,0,1,89.609550,245.977923,0
65,UES1,7,14,14,2,-108.94,-99.8301,-94.8569,ALTERNATIVE_AVAILABLE,0,1,-20.140530,-249.380506,0
65,UES1,8,15,15,1,-107.095,-108.828,-99.3665,ALTERNATIVE_AVAILABLE,0,1,130.153035,-311.467051,0
65,UES1,9,16,16,2,-97.5719,-99.2993,-106.656,SERVED,0,1,205.956685,-46.343366,0
65,UES1,10,17,17,4,-106.78,-110.283,-112.786,PERSISTING,3,1,-91.665960,-295.303233,0
65,UES1,11,18,18,3,-106.73,-104.09,-104.874,PERSISTING,0,1,-226.235931,113.833778,0
65,UES1,12,19,19,5,-100.717,-108.664,-117.821,PERSISTING,1,1,371.452501,2.984956,0
65,UES1,13,20,20,5,-96.6625,-110.793,-120.342,SERVED,0,1,146.778544,253.488322,0
65,UES1,14,21,21,7,-99.109,-104.673,-115.558,SERVED,0,1,198.559826,-213.864799,0
65,UES1,15,22,22,1,-105.619,-105.621,-102.934,PERSISTING,0,1,70.925664,-228.110186,0
65,UES1,16,23,23,2,-126.373,-115.314,-109.864,MOVE_REQUIRED,8,1,-374.915605,-34.079791,1
65,UES1,17,24,24,2,-99.6472,-100.776,-105.799,SERVED,0,1,201.385513,-5.712909,0
65,UES1,18,25,25,1,-103.425,-77.2801,-91.3319,ALTERNATIVE_AVAILABLE,0,1,164.340046,-178.748420,0
65,UES1,19,26,26,4,-108.36,-109.429,-112.697,PERSISTING,1,1,-153.760418,-249.458445,0
65,UES1,20,27,27,6,-71.1603,-113.261,-126.341,SERVED,0,1,-261.480192,240.826640,0
65,UES1,21,28,28,4,-109.505,-109.475,-104.519,PERSISTING,0,1,-176.189438,364.918410,0
65,UES1,22,29,29,5,-98.3924,-106.462,-118.834,SERVED,0,1,316.011279,194.680211,0
65,UES1,23,30,30,6,-116.247,-106.891,-97.2124,ALTERNATIVE_AVAILABLE,0,1,99.142433,-288.962953,0
65,UES1,24,31,31,6,-111.56,-104.458,-121.432,PERSISTING,0,1,-190.801667,233.958104,0
65,UES1,25,32,32,3,-110.372,-112.109,-111.28,PERSISTING,2,1,-46.773268,353.111273,0
65,UES1,26,33,33,5,-89.2737,-116.228,-119.111,SERVED,0,1,328.404492,158.047391,0
65,UES1,27,34,34,1,-111.419,-111.07,-89.5737,ALTERNATIVE_AVAILABLE,0,1,40.591834,264.482058,0
65,UES1,28,35,35,3,-114.019,-109.444,-101.386,PERSISTING,1,1,-303.729076,106.014830,0
65,UES1,29,36,36,2,-88.1207,-81.0274,-81.8576,SERVED,0,1,-15.633801,145.607464,0
65,UES1,30,37,37,7,-114.425,-91.7122,-122.353,ALTERNATIVE_AVAILABLE,0,1,-77.592864,-355.549547,0
65,UES1,31,38,38,2,-113.445,-108.85,-100.364,PERSISTING,0,1,330.048126,83.871763,0
65,UES1,32,39,39,4,-107.174,-107.346,-106.612,PERSISTING,2,1,64.561661,-260.891024,0
65,UES1,33,40,40,3,-103.487,-104.196,-90.5358,ALTERNATIVE_AVAILABLE,0,1,-161.926503,211.615351,0
65,UES1,34,41,41,1,-113.909,-110.404,-107.576,PERSISTING,5,1,40.489649,-335.598562,0
65,UES1,35,42,42,1,-106.316,-71.6641,-106.101,ALTERNATIVE_AVAILABLE,0,1,264.751916,-138.969459,0
65,UES1,36,43,43,5,-104.353,-110.175,-116.282,PERSISTING,0,1,309.988567,247.704129,0
65,UES1,37,44,44,1,-108.388,-110.123,-99.7317,ALTERNATIVE_AVAILABLE,0,1,63.388815,-295.576008,0
65,UES1,38,45,45,4,-73.0846,-106.905,-115.997,SERVED,0,1,-207.044970,-155.427498,0
65,UES1,39,46,46,4,-79.1147,-102.258,-110.803,SERVED,0,1,-242.418729,-9.979942,0
65,UES1,40,47,47,3,-104.291,-108.974,-102.905,PERSISTING,1,1,-257.013114,266.792175,0
65,UES1,41,48,48,3,-116.848,-115.897,-116.468,PERSISTING,4,1,-363.686236,-285.059623,0
65,UES1,42,49,49,2,-99.7427,-103.032,-100.932,SERVED,0,1,96.197232,175.451776,0
65,UES1,43,50,50,1,-100.727,-109.315,-102.989,PERSISTING,0,1,151.064220,-207.632077,0
65,UES1,44,51,51,3,-101.529,-72.0674,-108.766,ALTERNATIVE_AVAILABLE,0,1,-78.265861,242.656769,0
65,UES1,45,52,52,4,-106.23,-108.083,-114.792,PERSISTING,0,1,-171.318199,-255.412189,0
65,UES1,46,53,53,4,-111.169,-112.338,-120.253,PERSISTING,5,1,-177.823661,-301.299315,0
65,UES1,47,54,54,4,-109.592,-107.902,-111.833,PERSISTING,2,1,-174.581791,-223.312003,0
65,UES1,48,55,55,1,-112.337,-104.537,-88.4513,ALTERNATIVE_AVAILABLE,0,1,-294.963198,-134.490868,0
65,UES1,49,56,56,1,-100.79,-97.4173,-91.5495,ALTERNATIVE_AVAILABLE,0,1,171.399908,-138.135411,0
65,UES1,50,57,57,3,-111.502,-106.612,-102.232,PERSISTING,0,1,-118.291814,-267.493436,0
65,UES1,51,58,58,2,-112.842,-118.804,-106.555,PERSISTING,1,1,347.201470,107.452948,0
65,UES1,52,59,59,6,-74.2751,-122.092,-128.313,SERVED,0,1,-266.096925,278.025481,0
65,UES1,53,60,60,3,-99.9435,-111.078,-115.489,SERVED,0,1,-401.264974,-91.228439,0
65,UES1,54,61,61,1,-76.6746,-110.578,-105.113,SERVED,0,1,12.153180,-264.341053,0
65,UES1,55,62,62,2,-79.4591,-99.5217,-111.009,SERVED,0,1,239.522697,-114.398227,0
65,UES1,56,63,63,2,-106.468,-106.544,-111.874,PERSISTING,3,1,-12.332815,-237.550401,0
65,UES1,57,64,64,6,-105.527,-90.3119,-124.242,ALTERNATIVE_AVAILABLE,0,1,-192.312759,312.511366,0
65,UES1,58,65,65,4,-115.66,-111.754,-114.764,PERSISTING,1,1,-148.506044,-336.424779,0
65,UES1,59,66,66,7,-112.136,-94.5965,-115.149,ALTERNATIVE_AVAILABLE,0,1,312.629087,-278.051352,0
65,UES2,0,67,67,6,-99.6364,-118.063,-120.747,SERVED,0,1,-308.617975,335.004490,0
65,UES2,1,68,68,3,-118.79,-114.536,-93.1364,ALTERNATIVE_AVAILABLE,0,1,309.631561,309.250595,0
65,UES2,2,69,69,1,-113.334,-114.316,-111.714,PERSISTING,0,1,398.072912,-340.315086,0
65,UES2,3,70,70,6,-73.9284,-119.145,-125.652,SERVED,0,1,-319.356066,283.895333,0
65,UES2,4,71,71,5,-106.766,-116.61,-120.383,PERSISTING,1,1,336.022155,359.644674,0
65,UES2,5,72,72,2,-114.965,-114.617,-109.009,PERSISTING,0,1,376.104067,-369.969134,0
65,UES2,6,73,73,6,-95.973,-81.8644,-122.924,SERVED,0,1,-381.468776,314.683812,0
65,UES2,7,74,74,4,-120.791,-114.768,-116.278,MOVE_REQUIRED,8,1,298.644305,432.243478,1
65,UES2,8,75,75,2,-112.556,-111.544,-101.986,PERSISTING,0,1,401.809784,-327.340281,0
65,UES2,9,76,76,6,-94.3102,-110.908,-124.645,SERVED,0,1,-400.399808,327.629492,0
65,UES2,10,77,77,5,-108.675,-101.762,-122.656,PERSISTING,0,1,324.290161,357.767586,0
65,UES2,11,78,78,7,-107.557,-116.176,-123.777,MOVE_REQUIRED,9,1,413.847581,-435.908990,1
65,UES2,12,79,79,4,-117.676,-115.236,-88.3838,ALTERNATIVE_AVAILABLE,0,1,-357.473751,323.483804,0
65,UES2,13,80,80,5,-103.561,-109.85,-122.005,PERSISTING,1,1,376.363652,276.765981,0
65,UES2,14,81,81,4,-122.363,-112.459,-114.063,PERSISTING,2,1,406.192888,-296.130847,0
65,UES2,15,82,82,4,-116.249,-115.447,-105.079,PERSISTING,0,1,-333.229192,299.985624,0
65,UES2,16,83,83,2,-112.275,-117.956,-108.708,PERSISTING,0,1,405.280946,330.395242,0
65,UES2,17,84,84,3,-124.858,-116.258,-104.935,PERSISTING,4,1,309.454049,-330.949848,0
65,UES2,18,85,85,3,-120.617,-118.533,-117.426,PERSISTING,0,1,-406.154914,349.560797,0
65,UES2,19,86,86,5,-104.319,-113.661,-122.382,PERSISTING,0,1,306.536276,365.899650,0
65,UES2,20,87,87,2,-116.477,-117.116,-107.235,PERSISTING,0,1,337.897744,-377.886677,0
65,UES2,21,88,88,6,-110.861,-121.271,-122.245,MOVE_REQUIRED,6,1,-406.213231,440.636468,1
65,UES2,22,89,89,5,-111.265,-120.219,-125.57,PERSISTING,0,1,345.133468,353.577732,0
65,UES2,23,90,90,1,-110.494,-116.765,-106.702,PERSISTING,1,1,352.233485,-301.964989,0
65,UES2,24,91,91,6,-112.258,-116.247,-126.498,PERSISTING,2,1,-404.441497,360.185973,0
65,UES2,25,92,92,5,-113.314,-120.281,-123.848,MOVE_REQUIRED,6,1,385.769847,413.903857,1
65,UES2,26,93,93,7,-89.5731,-122.106,-121.31,SERVED,0,1,312.286016,-289.820404,0
65,UES2,27,94,94,2,-125.221,-117.919,-106.959,PERSISTING,2,1,-400.018525,260.879408,0
65,UES2,28,95,95,2,-122.263,-121.154,-117.749,MOVE_REQUIRED,8,1,405.854422,410.379613,1
65,UES2,29,96,96,7,-113.648,-115.957,-97.3779,ALTERNATIVE_AVAILABLE,0,1,433.382050,-276.298305,0
66,UES1,0,7,7,4,-113.678,-110.33,-106.652,PERSISTING,0,1,-212.848479,-303.762888,0
66,UES1,1,8,8,1,-109.034,-111.703,-102.319,PERSISTING,0,1,243.897319,-233.691060,0
66,UES1,2,9,9,6,-106.802,-109.554,-124.445,PERSISTING,0,1,-288.508172,298.796508,0
66,UES1,3,10,10,2,-83.3547,-107.401,-79.2342,SERVED,0,1,240.462808,-244.816704,0
66,UES1,4,11,11,2,-84.4409,-110.066,-98.7693,SERVED,0,1,199.372742,262.623738,0
66,UES1,5,12,12,3,-87.3206,-104.821,-91.5559,SERVED,0,1,-237.732101,200.437155,0
66,UES1,6,13,13,2,-97.6053,-104.709,-103.977,SERVED,0,1,88.623413,251.213733,0
66,UES1,7,14,14,2,-108.114,-107.379,-89.1621,ALTERNATIVE_AVAILABLE,0,1,-21.398671,-255.009411,0
66,UES1,8,15,15,1,-113.845,-110.059,-102.626,PERSISTING,0,1,133.676934,-315.186932,0
66,UES1,9,16,16,2,-99.1384,-101.022,-112.631,SERVED,0,1,210.910283,-49.466320,0
66,UES1,10,17,17,4,-112.15,-109.05,-114.999,PERSISTING,4,1,-91.050085,-300.110169,0
66,UES1,11,18,18,3,-101.29,-91.7614,-93.0919,ALTERNATIVE_AVAILABLE,0,1,-231.141209,115.192282,0
66,UES1,12,19,19,5,-107.731,-107.368,-116.639,PERSISTING,2,1,375.766136,4.172461,0
66,UES1,13,20,20,5,-95.4688,-110.468,-125.9,SERVED,0,1,149.250380,257.415096,0
66,UES1,14,21,21,7,-103.042,-74.1082,-119.463,ALTERNATIVE_AVAILABLE,0,1,201.845150,-216.035573,0
66,UES1,15,22,22,1,-113.855,-105.636,-105.477,PERSISTING,1,1,72.106383,-232.766430,0
66,UES1,16,23,23,2,-124.895,-114.46,-106.444,MOVE_REQUIRED,9,1,-379.297681,-34.521559,1
66,UES1,17,24,24,2,-79.8184,-69.2027,-106.796,SERVED,0,1,206.603417,-5.821210,0
66,UES1,18,25,25,1,-105.78,-103.199,-107.029,PERSISTING,0,1,168.105196,-183.219595,0
66,UES1,19,26,26,4,-110.817,-107.55,-114.777,PERSISTING,2,1,-155.667388,-252.826512,0
66,UES1,20,27,27,6,-94.1766,-117.337,-126.449,SERVED,0,1,-266.426737,244.598150,0
66,UES1,21,28,28,4,-119.107,-114.013,-95.1671,ALTERNATIVE_AVAILABLE,0,1,-177.778000,367.205676,0
66,UES1,22,29,29,5,-91.4186,-112.212,-121.568,SERVED,0,1,319.236129,198.222809,0
66,UES1,23,30,30,6,-120.341,-106.088,-102.479,PERSISTING,0,1,99.330581,-293.135627,0
66,UES1,24,31,31,6,-94.0396,-106.282,-119.558,SERVED,0,1,-195.987663,236.118012,0
66,UES1,25,32,32,3,-110.93,-83.4121,-110.601,ALTERNATIVE_AVAILABLE,0,1,-47.746594,360.678843,0
66,UES1,26,33,33,5,-92.5608,-117.802,-112.158,SERVED,0,1,331.661266,159.883159,0
66,UES1,27,34,34,1,-120.617,-108.829,-83.0593,ALTERNATIVE_AVAILABLE,0,1,40.518219,269.445449,0
66,UES1,28,35,35,3,-116.435,-107.38,-104.766,PERSISTING,2,1,-300.034751,105.667480,0
66,UES1,29,36,36,2,-106.247,-105.434,-110.099,PERSISTING,0,1,-17.658951,149.579999,0
66,UES1,30,37,37,7,-119.721,-117.896,-117.647,PERSISTING,0,1,-80.579355,-359.500149,0
66,UES1,31,38,38,2,-114.178,-112.254,-109.212,PERSISTING,1,1,334.728418,87.636468,0
66,UES1,32,39,39,4,-115.629,-107.656,-98.177,ALTERNATIVE_AVAILABLE,0,1,64.554504,-265.580599,0
66,UES1,33,40,40,3,-104.175,-101.374,-107.513,PERSISTING,0,1,-167.204741,210.618320,0
66,UES1,34,41,41,1,-111.42,-109.562,-109.174,MOVE_REQUIRED,6,1,42.057251,-339.670871,1
66,UES1,35,42,42,1,-108.95,-105.02,-100.098,PERSISTING,0,1,268.961978,-141.517262,0
66,UES1,36,43,43,5,-99.8832,-109.837,-116.966,SERVED,0,1,314.721117,251.560959,0
66,UES1,37,44,44,1,-107.171,-110.307,-93.1398,ALTERNATIVE_AVAILABLE,0,1,64.381976,-300.410465,0
66,UES1,38,45,45,4,-76.7079,-97.5565,-119.526,SERVED,0,1,-211.991805,-157.775835,0
66,UES1,39,46,46,4,-105.712,-104.396,-107.898,PERSISTING,0,1,-247.289634,-8.822506,0
66,UES1,40,47,47,3,-103.09,-110.16,-111.312,PERSISTING,2,1,-260.215256,270.933758,0
66,UES1,41,48,48,3,-110.997,-116.365,-116.467,PERSISTING,5,1,-367.444131,-287.221030,0
66,UES1,42,49,49,2,-93.3909,-82.3019,-111.901,SERVED,0,1,97.603434,180.712801,0
66,UES1,43,50,50,1,-104.154,-102.8,-106.582,PERSISTING,1,1,154.089447,-211.832004,0
66,UES1,44,51,51,3,-105.22,-102.143,-106.773,PERSISTING,0,1,-80.409479,247.366209,0
66,UES1,45,52,52,4,-106.365,-107.392,-115.456,PERSISTING,1,1,-176.046124,-259.158504,0
66,UES1,46,53,53,4,-115.398,-114.819,-116.042,MOVE_REQUIRED,6,1,-180.486199,-305.885865,1
66,UES1,47,54,54,4,-104.062,-108.597,-113.191,PERSISTING,3,1,-175.546705,-228.596635,0
66,UES1,48,55,55,1,-113.989,-102.997,-113.133,PERSISTING,0,1,-299.104506,-138.262610,0
66,UES1,49,56,56,1,-100.041,-74.0206,-104.813,ALTERNATIVE_AVAILABLE,0,1,175.474726,-141.207033,0
66,UES1,50,57,57,3,-110.576,-105.107,-114.159,PERSISTING,1,1,-118.406650,-272.943426,0
66,UES1,51,58,58,2,-111.604,-86.2162,-110.117,ALTERNATIVE_AVAILABLE,0,1,350.004002,113.396731,0
66,UES1,52,59,59,6,-66.5161,-121.297,-126.798,SERVED,0,1,-269.192626,281.398739,0
66,UES1,53,60,60,3,-115.478,-113.539,-115.916,PERSISTING,0,1,-406.741732,-92.393322,0
66,UES1,54,61,61,1,-106.555,-104.907,-89.4627,ALTERNATIVE_AVAILABLE,0,1,12.669302,-269.605871,0
66,UES1,55,62,62,2,-102.354,-74.3045,-104.549,ALTERNATIVE_AVAILABLE,0,1,243.625837,-118.639777,0
66,UES1,56,63,63,2,-116.08,-103.632,-111.727,PERSISTING,4,1,-13.167498,-241.722560,0
66,UES1,57,64,64,6,-84.8187,-110.451,-116.74,SERVED,0,1,-195.404594,316.280231,0
66,UES1,58,65,65,4,-109.562,-110.049,-116.025,PERSISTING,2,1,-149.601207,-341.597533,0
66,UES1,59,66,66,7,-97.8714,-82.3196,-116.538,SERVED,0,1,315.428528,-281.091503,0
66,UES2,0,67,67,6,-99.2585,-97.9369,-124.853,SERVED,0,1,-305.218678,336.254221,0
66,UES2,1,68,68,3,-123.533,-111.827,-88.3869,ALTERNATIVE_AVAILABLE,0,1,309.035333,305.854100,0
66,UES2,2,69,69,1,-119.237,-116.906,-103.953,PERSISTING,1,1,402.141683,-337.888990,0
66,UES2,3,70,70,6,-70.4947,-90.3759,-129.186,SERVED,0,1,-321.444915,281.100702,0
66,UES2,4,71,71,5,-101.383,-115.613,-122.411,PERSISTING,2,1,335.012607,355.484453,0
66,UES2,5,72,72,2,-120.585,-118.368,-113.278,PERSISTING,1,1,375.248633,-364.611723,0
66,UES2,6,73,73,6,-86.5595,-113.483,-128.184,SERVED,0,1,-385.295529,315.384927,0
66,UES2,7,74,74,4,-122.613,-82.4412,-115.374,ALTERNATIVE_AVAILABLE,0,1,295.014039,433.964335,0
66,UES2,8,75,75,2,-114.524,-114.055,-112.915,PERSISTING,1,1,400.716257,-323.492832,0
66,UES2,9,76,76,6,-69.7728,-119.028,-116.965,SERVED,0,1,-403.198459,323.321140,0
66,UES2,10,77,77,5,-102.767,-123.247,-120.941,PERSISTING,1,1,325.835188,361.091873,0
66,UES2,11,78,78,7,-112.082,-118.407,-119.956,MOVE_REQUIRED,10,1,411.420419,-432.982000,1
66,UES2,12,79,79,4,-116.39,-112.466,-91.153,ALTERNATIVE_AVAILABLE,0,1,-362.965535,318.466089,0
66,UES2,13,80,80,5,-104.004,-83.1246,-123.219,ALTERNATIVE_AVAILABLE,0,1,379.895080,278.343650,0
66,UES2,14,81,81,4,-124.396,-117.756,-113.04,PERSISTING,3,1,409.629050,-295.797521,0
66,UES2,15,82,82,4,-114.309,-113.716,-106.24,PERSISTING,1,1,-333.483534,305.897805,0
66,UES2,16,83,83,2,-116.701,-85.2749,-108.437,ALTERNATIVE_AVAILABLE,0,1,409.903030,331.126104,0
66,UES2,17,84,84,3,-123.489,-113.031,-104.375,PERSISTING,5,1,305.794990,-332.050076,0
66,UES2,18,85,85,3,-115.784,-116.927,-118.561,PERSISTING,1,1,-407.624928,353.905140,0
66,UES2,19,86,86,5,-111.829,-114.895,-118.949,PERSISTING,1,1,303.443671,367.815551,0
66,UES2,20,87,87,2,-115.081,-83.3492,-106.829,ALTERNATIVE_AVAILABLE,0,1,340.414572,-379.138285,0
66,UES2,21,88,88,6,-112.81,-120.162,-126.399,MOVE_REQUIRED,7,1,-409.528944,442.095571,1
66,UES2,22,89,89,5,-107.55,-121.392,-122.431,PERSISTING,1,1,348.268206,354.921083,0
66,UES2,23,90,90,1,-119.684,-118.038,-106.965,PERSISTING,2,1,348.790313,-298.855103,0
66,UES2,24,91,91,6,-114.056,-116.002,-124.272,PERSISTING,3,1,-409.777444,361.737045,0
66,UES2,25,92,92,5,-114.897,-102.221,-123.697,MOVE_REQUIRED,7,1,388.380806,417.414275,1
66,UES2,26,93,93,7,-63.9048,-124.949,-126.332,SERVED,0,1,313.395434,-285.780695,0
66,UES2,27,94,94,2,-130.097,-119.926,-105.781,PERSISTING,3,1,-401.026913,259.766159,0
66,UES2,28,95,95,2,-122.121,-125.011,-100.43,MOVE_REQUIRED,9,1,401.292113,411.827777,1
66,UES2,29,96,96,7,-112.312,-117.793,-125.846,PERSISTING,0,1,429.507617,-277.480139,0
67,UES1,0,7,7,4,-106.868,-111.097,-119.82,PERSISTING,1,1,-217.091056,-307.467981,0
67,UES1,1,8,8,1,-105.596,-106.506,-97.5869,ALTERNATIVE_AVAILABLE,0,1,247.332080,-236.959213,0
67,UES1,2,9,9,6,-80.8802,-87.6435,-121.473,SERVED,0,1,-291.724500,303.523768,0
67,UES1,3,10,10,2,-109.924,-81.2992,-98.5206,ALTERNATIVE_AVAILABLE,0,1,245.087878,-248.774028,0
67,UES1,4,11,11,2,-104.283,-103.722,-109.595,PERSISTING,0,1,204.014856,266.626139,0
67,UES1,5,12,12,3,-99.9969,-103.428,-88.7901,SERVED,0,1,-239.842781,204.053833,0
67,UES1,6,13,13,2,-101.231,-106.685,-106.021,PERSISTING,0,1,89.478193,254.766313,0
67,UES1,7,14,14,2,-110.555,-106.713,-81.2895,ALTERNATIVE_AVAILABLE,0,1,-23.110937,-259.381908,0
67,UES1,8,15,15,1,-111.704,-111.573,-104.975,PERSISTING,1,1,135.246705,-319.544671,0
67,UES1,9,16,16,2,-74.607,-92.8916,-109.461,SERVED,0,1,214.349079,-51.047613,0
67,UES1,10,17,17,4,-104.761,-80.4745,-114.852,ALTERNATIVE_AVAILABLE,0,1,-92.377074,-305.793719,0
67,UES1,11,18,18,4,-104.944,-75.0713,-106.99,ALTERNATIVE_AVAILABLE,0,1,-236.723523,116.663018,0
67,UES1,12,19,19,5,-104.996,-107.138,-117.763,PERSISTING,3,1,380.283423,7.002994,0
67,UES1,13,20,20,5,-106.366,-98.8918,-124.411,ALTERNATIVE_AVAILABLE,0,1,151.757519,261.176937,0
67,UES1,14,21,21,7,-101.09,-79.5705,-117.091,ALTERNATIVE_AVAILABLE,0,1,204.945875,-220.793284,0
67,UES1,15,22,22,1,-101.774,-105.445,-105.403,PERSISTING,2,1,71.078128,-237.551727,0
67,UES1,16,23,23,2,-117.823,-113.159,-107.355,MOVE_REQUIRED,10,1,-384.744898,-34.390844,1
67,UES1,17,24,24,2,-74.2099,-106.422,-84.0668,SERVED,0,1,211.232702,-4.314685,0
67,UES1,18,25,25,1,-91.7939,-71.1496,-108.216,SERVED,0,1,169.867981,-187.006018,0
67,UES1,19,26,26,1,-113.813,-106.247,-115.058,PERSISTING,3,1,-157.135834,-257.353343,0
67,UES1,20,27,27,6,-85.8531,-118.077,-128.716,SERVED,0,1,-267.911928,247.272900,0
67,UES1,21,28,28,4,-102.186,-108.374,-114.552,PERSISTING,0,1,-179.895056,373.923347,0
67,UES1,22,29,29,5,-94.917,-109.992,-120.195,SERVED,0,1,322.281122,201.675247,0
67,UES1,23,30,30,6,-121.97,-76.2399,-100.692,ALTERNATIVE_AVAILABLE,0,1,102.440732,-297.797922,0
67,UES1,24,31,31,6,-108.581,-107.173,-99.2267,ALTERNATIVE_AVAILABLE,0,1,-200.256252,239.180124,0
67,UES1,25,32,32,3,-79.2415,-85.6455,-107.957,SERVED,0,1,-47.946266,364.113824,0
67,UES1,26,33,33,5,-67.238,-121.556,-121.28,SERVED,0,1,333.206826,163.449724,0
67,UES1,27,34,34,2,-107.343,-106.083,-112.54,PERSISTING,0,1,40.766855,274.013706,0
67,UES1,28,35,35,3,-110.626,-84.9168,-101.505,ALTERNATIVE_AVAILABLE,0,1,-294.621739,104.159172,0
67,UES1,29,36,36,2,-105.89,-98.0376,-107.092,ALTERNATIVE_AVAILABLE,0,1,-19.909388,153.442343,0
67,UES1,30,37,37,7,-114.611,-115.275,-120.622,PERSISTING,1,1,-82.533204,-363.367005,0
67,UES1,31,38,38,5,-106.823,-113.632,-117.224,PERSISTING,2,1,339.925310,88.693902,0
67,UES1,32,39,39,4,-108.264,-109.777,-105.873,PERSISTING,0,1,65.505086,-270.109844,0
67,UES1,33,40,40,3,-102.687,-97.1164,-104.258,ALTERNATIVE_AVAILABLE,0,1,-171.756171,209.270594,0
67,UES1,34,41,41,1,-111.614,-111.852,-103.164,MOVE_REQUIRED,7,1,43.943582,-345.138790,1
67,UES1,35,42,42,1,-109.697,-104.332,-88.7636,ALTERNATIVE_AVAILABLE,0,1,273.262402,-144.194188,0
67,UES1,36,43,43,5,-85.8792,-107.257,-121.027,SERVED,0,1,318.729739,254.021550,0
67,UES1,37,44,44,1,-107.306,-108.333,-105.94,PERSISTING,0,1,63.826203,-304.916076,0
67,UES1,38,45,45,4,-102.512,-109.554,-112.804,PERSISTING,0,1,-216.812390,-159.886323,0
67,UES1,39,46,46,3,-107.86,-104.979,-110.65,PERSISTING,1,1,-251.405229,-9.510393,0
67,UES1,40,47,47,3,-104.618,-108.874,-95.1667,ALTERNATIVE_AVAILABLE,0,1,-263.640685,275.547731,0
67,UES1,41,48,48,3,-117.374,-94.7874,-116.369,ALTERNATIVE_AVAILABLE,0,1,-372.696261,-289.118213,0
67,UES1,42,49,49,2,-99.3601,-88.7609,-112.642,SERVED,0,1,99.478679,185.398504,0
67,UES1,43,50,50,1,-101.203,-105.373,-106.099,PERSISTING,2,1,158.162313,-216.159117,0
67,UES1,44,51,51,3,-107.883,-107.605,-106.794,PERSISTING,1,1,-83.669562,251.454632,0
67,UES1,45,52,52,4,-110.502,-108.468,-112.893,PERSISTING,2,1,-177.833558,-262.567720,0
67,UES1,46,53,53,4,-115.428,-116.5,-115.534,MOVE_REQUIRED,7,1,-183.250530,-310.638118,1
67,UES1,47,54,54,4,-103.923,-99.3743,-118.956,ALTERNATIVE_AVAILABLE,0,1,-177.736367,-233.735591,0
67,UES1,48,55,55,4,-97.7821,-107.481,-110.531,SERVED,0,1,-301.800276,-142.016735,0
67,UES1,49,56,56,1,-99.0641,-105.83,-108.724,SERVED,0,1,179.302863,-145.332941,0
67,UES1,50,57,57,3,-108.237,-79.2854,-115.641,ALTERNATIVE_AVAILABLE,0,1,-118.231068,-278.866186,0
67,UES1,51,58,58,1,-118.235,-119.007,-108.305,PERSISTING,0,1,352.817108,115.997882,0
67,UES1,52,59,59,6,-65.171,-118.336,-129.416,SERVED,0,1,-275.057348,285.470926,0
67,UES1,53,60,60,3,-113.46,-111.654,-113.825,PERSISTING,1,1,-412.008991,-93.491952,0
67,UES1,54,61,61,1,-104.986,-108.382,-114.076,PERSISTING,0,1,10.979136,-274.045001,0
67,UES1,55,62,62,2,-72.9119,-101.84,-109.633,SERVED,0,1,247.173697,-120.680768,0
67,UES1,56,63,63,2,-108.058,-105.266,-112.568,PERSISTING,5,1,-11.385803,-247.505459,0
67,UES1,57,64,64,6,-110.109,-110.931,-116.601,PERSISTING,0,1,-197.141595,321.635603,0
67,UES1,58,65,65,4,-115.744,-114.809,-116.27,PERSISTING,3,1,-150.349410,-345.485184,0
67,UES1,59,66,66,7,-111.129,-113.988,-119.864,PERSISTING,0,1,319.663075,-284.815376,0
67,UES2,0,67,67,6,-98.8793,-121.371,-104.013,SERVED,0,1,-302.586880,337.375692,0
67,UES2,1,68,68,3,-121.051,-112.303,-100.955,PERSISTING,0,1,306.598870,300.172771,0
67,UES2,2,69,69,1,-114.862,-113.599,-111.438,PERSISTING,2,1,403.517480,-335.403592,0
67,UES2,3,70,70,6,-89.1683,-122.368,-119.591,SERVED,0,1,-322.766614,277.370584,0
67,UES2,4,71,71,5,-108.759,-106.005,-122.274,PERSISTING,3,1,333.879402,351.385116,0
67,UES2,5,72,72,2,-115.202,-90.8736,-108.205,ALTERNATIVE_AVAILABLE,0,1,375.220097,-360.173488,0
67,UES2,6,73,73,6,-110.299,-113.515,-124.931,PERSISTING,0,1,-388.135543,318.755546,0
67,UES2,7,74,74,4,-120.699,-113.094,-114.982,PERSISTING,0,1,290.888873,435.592970,0
67,UES2,8,75,75,2,-111.207,-112.643,-103.237,PERSISTING,2,1,400.336458,-320.746548,0
67,UES2,9,76,76,6,-97.9595,-120.929,-127.299,SERVED,0,1,-403.496345,320.510797,0
67,UES2,10,77,77,5,-70.5135,-123.106,-130.264,SERVED,0,1,329.932494,363.925450,0
67,UES2,11,78,78,7,-116.531,-116.92,-121.839,MOVE_REQUIRED,11,1,407.490586,-430.632872,1
67,UES2,12,79,79,4,-117.054,-114.007,-109.912,PERSISTING,0,1,-364.030784,317.201730,0
67,UES2,13,80,80,5,-100.712,-112.011,-121.356,PERSISTING,0,1,383.227544,277.101874,0
67,UES2,14,81,81,4,-120.772,-112.022,-114.034,PERSISTING,4,1,413.648853,-296.997195,0
67,UES2,15,82,82,6,-103.191,-114.825,-127.452,PERSISTING,2,1,-332.413600,309.308520,0
67,UES2,16,83,83,2,-112.539,-87.8136,-109.21,ALTERNATIVE_AVAILABLE,0,1,412.819076,328.062941,0
67,UES2,17,84,84,3,-123.946,-113.064,-104.48,MOVE_REQUIRED,6,1,300.655925,-334.267760,1
67,UES2,18,85,85,3,-115.53,-117.788,-112.035,PERSISTING,2,1,-406.048224,357.094484,0
67,UES2,19,86,86,5,-109.735,-114.346,-125.692,PERSISTING,2,1,299.906585,370.542547,0
67,UES2,20,87,87,2,-117.852,-87.6512,-106.543,ALTERNATIVE_AVAILABLE,0,1,343.450821,-380.623675,0
67,UES2,21,88,88,6,-109.245,-122.522,-125.917,MOVE_REQUIRED,8,1,-412.786707,447.492949,1
67,UES2,22,89,89,5,-105.208,-117.643,-99.0776,ALTERNATIVE_AVAILABLE,0,1,351.252776,357.760323,0
67,UES2,23,90,90,1,-111.53,-116.913,-109.355,PERSISTING,3,1,346.077725,-298.259315,0
67,UES2,24,91,91,6,-110.615,-114.818,-128.661,PERSISTING,4,1,-411.609041,362.386098,0
67,UES2,25,92,92,5,-112.661,-115.72,-123.691,MOVE_REQUIRED,8,1,392.104963,421.251694,1
67,UES2,26,93,93,7,-82.8451,-122.782,-118.851,SERVED,0,1,316.199108,-283.132976,0
67,UES2,27,94,94,2,-122.68,-120.464,-102.156,PERSISTING,4,1,-403.237558,261.690551,0
67,UES2,28,95,95,2,-118.171,-123.764,-113.222,MOVE_REQUIRED,10,1,399.384295,411.675051,1
67,UES2,29,96,96,7,-103.921,-114.373,-116.389,PERSISTING,1,1,427.448860,-280.263711,0
68,UES1,0,7,7,4,-84.69,-112.411,-116.764,SERVED,0,1,-219.231338,-311.682534,0
68,UES1,1,8,8,1,-104.102,-105.763,-83.6843,ALTERNATIVE_AVAILABLE,0,1,249.618278,-241.251615,0
68,UES1,2,9,9,6,-76.6939,-107.953,-123.464,SERVED,0,1,-294.576931,306.729819,0
68,UES1,3,10,10,2,-111.994,-106.627,-103.521,PERSISTING,0,1,248.311958,-250.242444,0
68,UES1,4,11,11,2,-106.514,-109.535,-111.628,PERSISTING,1,1,208.038172,269.758860,0
68,UES1,5,12,12,3,-104.881,-102.796,-87.8027,ALTERNATIVE_AVAILABLE,0,1,-242.379452,208.234849,0
68,UES1,6,13,13,2,-102.049,-105.76,-106.359,PERSISTING,1,1,88.618272,260.781722,0
68,UES1,7,14,14,2,-108.58,-107.317,-110.926,PERSISTING,0,1,-24.738874,-263.895575,0
68,UES1,8,15,15,1,-106.738,-111.982,-91.8081,ALTERNATIVE_AVAILABLE,0,1,137.988657,-325.357176,0
68,UES1,9,16,16,2,-96.6557,-100.684,-112.504,SERVED,0,1,219.072456,-54.732880,0
68,UES1,10,17,17,4,-111.856,-109.922,-112.313,PERSISTING,0,1,-94.107151,-310.272588,0
68,UES1,11,18,18,4,-105.586,-103.487,-91.9017,ALTERNATIVE_AVAILABLE,0,1,-239.484118,117.720074,0
68,UES1,12,19,19,5,-110.661,-110.105,-120.631,PERSISTING,4,1,384.201131,6.644429,0
68,UES1,13,20,20,5,-99.2952,-113.716,-127.339,SERVED,0,1,153.554456,266.080405,0
68,UES1,14,21,21,7,-97.7001,-106.781,-114.067,SERVED,0,1,208.772072,-224.076545,0
68,UES1,15,22,22,1,-106.714,-74.502,-105.215,ALTERNATIVE_AVAILABLE,0,1,69.568973,-242.167790,0
68,UES1,16,23,23,2,-123,-114.868,-110.629,MOVE_REQUIRED,11,1,-388.865606,-33.147635,1
68,UES1,17,24,24,2,-74.1309,-84.2238,-109.082,SERVED,0,1,215.978883,-4.937761,0
68,UES1,18,25,25,1,-102.509,-75.5068,-86.4079,ALTERNATIVE_AVAILABLE,0,1,171.983511,-190.877210,0
68,UES1,19,26,26,1,-115.067,-112.601,-116.432,PERSISTING,4,1,-159.944530,-263.159845,0
68,UES1,20,27,27,6,-82.0538,-117.148,-123.53,SERVED,0,1,-272.733592,252.437840,0
68,UES1,21,28,28,4,-112.602,-111.379,-114.127,PERSISTING,1,1,-181.551165,378.209067,0
68,UES1,22,29,29,5,-97.0986,-108.504,-120.841,SERVED,0,1,326.115188,204.759678,0
68,UES1,23,30,30,6,-119.529,-110.853,-97.1732,ALTERNATIVE_AVAILABLE,0,1,101.085075,-302.373893,0
68,UES1,24,31,31,6,-98.9184,-88.4803,-123.387,SERVED,0,1,-202.959222,242.315719,0
68,UES1,25,32,32,3,-111.309,-110.819,-115.108,PERSISTING,0,1,-48.375549,369.094612,0
68,UES1,26,33,33,5,-63.6844,-117.191,-106.162,SERVED,0,1,337.677074,167.126090,0
68,UES1,27,34,34,2,-107.312,-112.203,-114.819,PERSISTING,1,1,40.168374,279.174754,0
68,UES1,28,35,35,3,-109.41,-93.6939,-98.586,ALTERNATIVE_AVAILABLE,0,1,-289.822233,102.423223,0
68,UES1,29,36,36,2,-82.5875,-101.306,-113.412,SERVED,0,1,-22.667938,158.442419,0
68,UES1,30,37,37,7,-117.259,-113.467,-124.964,PERSISTING,2,1,-84.073286,-368.129745,0
68,UES1,31,38,38,5,-104.169,-109.005,-119.258,PERSISTING,3,1,344.441005,89.212470,0
68,UES1,32,39,39,4,-107.043,-104.334,-101.563,PERSISTING,1,1,64.616030,-275.746922,0
68,UES1,33,40,40,3,-99.1247,-78.211,-103.998,SERVED,0,1,-176.206915,208.692283,0
68,UES1,34,41,41,1,-111.638,-109.099,-98.6164,ALTERNATIVE_AVAILABLE,0,1,45.483673,-349.248933,0
68,UES1,35,42,42,1,-109.365,-107.232,-96.1137,ALTERNATIVE_AVAILABLE,0,1,278.288957,-146.691709,0
68,UES1,36,43,43,5,-97.0878,-73.8093,-122.876,SERVED,0,1,322.380878,257.674052,0
68,UES1,37,44,44,1,-106.488,-76.9991,-103.429,ALTERNATIVE_AVAILABLE,0,1,66.438300,-309.405595,0
68,UES1,38,45,45,4,-103.807,-107.271,-96.6677,ALTERNATIVE_AVAILABLE,0,1,-220.851669,-162.170287,0
68,UES1,39,46,46,3,-104.015,-101.157,-114.591,PERSISTING,2,1,-256.078098,-10.696852,0
68,UES1,40,47,47,3,-109.93,-110.347,-92.1604,ALTERNATIVE_AVAILABLE,0,1,-265.272805,280.773073,0
68,UES1,41,48,48,3,-116.141,-114.141,-98.24,ALTERNATIVE_AVAILABLE,0,1,-375.735275,-293.663805,0
68,UES1,42,49,49,2,-98.3684,-104.86,-98.7307,SERVED,0,1,102.128760,190.241278,0
68,UES1,43,50,50,1,-104.687,-107.225,-85.4107,ALTERNATIVE_AVAILABLE,0,1,161.895839,-218.230697,0
68,UES1,44,51,51,3,-102.629,-105.249,-113.456,PERSISTING,2,1,-84.745801,255.211541,0
68,UES1,45,52,52,4,-104.317,-107.42,-111.329,PERSISTING,3,1,-181.626713,-266.394993,0
68,UES1,46,53,53,4,-99.3055,-120.75,-121.342,SERVED,0,1,-185.536219,-314.418460,0
68,UES1,47,54,54,4,-106.873,-107.068,-113.516,PERSISTING,0,1,-177.910854,-236.980648,0
68,UES1,48,55,55,4,-107.692,-106.557,-112.8,PERSISTING,0,1,-306.073959,-146.330364,0
68,UES1,49,56,56,1,-98.6667,-102.425,-113.329,SERVED,0,1,182.486048,-148.883778,0
68,UES1,50,57,57,3,-112.234,-104.398,-111.123,PERSISTING,0,1,-119.640899,-282.364877,0
68,UES1,51,58,58,1,-113.976,-117.881,-105.123,PERSISTING,1,1,354.142383,121.386052,0
68,UES1,52,59,59,6,-91.9301,-102.02,-130.391,SERVED,0,1,-278.811741,287.446477,0
68,UES1,53,60,60,3,-114.17,-114.042,-115.238,PERSISTING,2,1,-415.507292,-95.079442,0
68,UES1,54,61,61,1,-106.221,-107.525,-110.848,PERSISTING,1,1,10.139219,-278.329864,0
68,UES1,55,62,62,2,-101.968,-101.205,-106.231,PERSISTING,0,1,251.949943,-123.725720,0
68,UES1,56,63,63,2,-108.233,-105.562,-106.882,MOVE_REQUIRED,6,1,-11.544824,-252.575595,1
68,UES1,57,64,64,6,-111.421,-107.764,-119.666,PERSISTING,1,1,-198.530820,325.777825,0
68,UES1,58,65,65,4,-98.6996,-112.825,-117.065,SERVED,0,1,-152.781419,-351.675440,0
68,UES1,59,66,66,7,-111.53,-110.494,-117.193,PERSISTING,1,1,323.472054,-287.605741,0
68,UES2,0,67,67,6,-77.3019,-119.311,-119.576,SERVED,0,1,-298.322095,339.462997,0
68,UES2,1,68,68,3,-120.731,-112.425,-78.8005,ALTERNATIVE_AVAILABLE,0,1,306.541084,297.977469,0
68,UES2,2,69,69,1,-115.267,-114.569,-111.112,PERSISTING,3,1,405.778285,-332.593847,0
68,UES2,3,70,70,6,-82.9083,-114.445,-129.575,SERVED,0,1,-324.270467,273.559232,0
68,UES2,4,71,71,5,-110.956,-115.498,-120.267,PERSISTING,4,1,333.262951,347.940497,0
68,UES2,5,72,72,2,-114.584,-81.2156,-113.318,ALTERNATIVE_AVAILABLE,0,1,375.126351,-355.799033,0
68,UES2,6,73,73,6,-110.632,-111.096,-126.787,PERSISTING,1,1,-393.188580,318.566944,0
68,UES2,7,74,74,4,-118.008,-117.001,-116.374,PERSISTING,1,1,286.722434,434.680340,0
68,UES2,8,75,75,2,-117.959,-89.1007,-108.396,ALTERNATIVE_AVAILABLE,0,1,399.178640,-315.828103,0
68,UES2,9,76,76,6,-99.2829,-119.396,-127.892,SERVED,0,1,-405.334239,315.286025,0
68,UES2,10,77,77,5,-72.8856,-121.943,-129.892,SERVED,0,1,333.608036,364.841910,0
68,UES2,11,78,78,7,-89.6093,-78.2653,-121.295,SERVED,0,1,404.338394,-428.680025,0
68,UES2,12,79,79,4,-114.208,-114.595,-106.956,PERSISTING,1,1,-366.017735,314.093676,0
68,UES2,13,80,80,5,-85.9665,-111.667,-127.629,SERVED,0,1,387.749112,275.778938,0
68,UES2,14,81,81,4,-122.05,-116.771,-83.8522,ALTERNATIVE_AVAILABLE,0,1,415.508345,-297.765018,0
68,UES2,15,82,82,6,-103.16,-91.6793,-126.619,ALTERNATIVE_AVAILABLE,0,1,-333.803085,312.412406,0
68,UES2,16,83,83,2,-116.985,-118.162,-109.26,PERSISTING,0,1,416.571383,327.250006,0
68,UES2,17,84,84,3,-117.982,-77.5314,-103.39,ALTERNATIVE_AVAILABLE,0,1,296.983819,-335.534026,0
68,UES2,18,85,85,3,-113.398,-115.099,-111.628,PERSISTING,3,1,-405.398275,361.123970,0
68,UES2,19,86,86,5,-107.162,-107.807,-122.929,PERSISTING,3,1,296.782972,371.938316,0
68,UES2,20,87,87,2,-116.02,-113.113,-105.119,PERSISTING,0,1,347.959277,-382.114798,0
68,UES2,21,88,88,6,-108.522,-119.658,-121.78,MOVE_REQUIRED,9,1,-416.330387,447.775852,1
68,UES2,22,89,89,5,-107.977,-117.059,-94.4301,ALTERNATIVE_AVAILABLE,0,1,355.674740,358.996526,0
68,UES2,23,90,90,1,-114.029,-115.376,-107.103,PERSISTING,4,1,350.936568,-300.883068,0
68,UES2,24,91,91,6,-111.723,-113.632,-127.356,PERSISTING,5,1,-415.190789,364.055103,0
68,UES2,25,92,92,5,-109.285,-120.97,-121.606,MOVE_REQUIRED,9,1,396.163656,422.498806,1
68,UES2,26,93,93,7,-92.6882,-116.655,-121.736,SERVED,0,1,317.220944,-279.777110,0
68,UES2,27,94,94,2,-132.983,-103.082,-98.0541,ALTERNATIVE_AVAILABLE,0,1,-406.368418,264.999595,0
68,UES2,28,95,95,2,-119.204,-124.767,-94.921,ALTERNATIVE_AVAILABLE,0,1,395.761398,413.422344,0
68,UES2,29,96,96,7,-116.157,-113.024,-116.782,PERSISTING,2,1,423.564539,-281.884964,0
69,UES1,0,7,7,4,-111.681,-112.968,-118.08,PERSISTING,0,1,-222.321919,-315.876827,0
69,UES1,1,8,8,1,-92.9398,-107.726,-103.848,SERVED,0,1,252.657542,-245.897027,0
69,UES1,2,9,9,6,-87.3464,-109.812,-121.866,SERVED,0,1,-297.483982,311.083511,0
69,UES1,3,10,10,2,-104.561,-75.9233,-107.302,ALTERNATIVE_AVAILABLE,0,1,251.568038,-254.064972,0
69,UES1,4,11,11,2,-109.064,-107.095,-84.884,ALTERNATIVE_AVAILABLE,0,1,210.124004,273.068007,0
69,UES1,5,12,12,3,-106.456,-104.186,-105.79,PERSISTING,0,1,-246.233580,211.517520,0
69,UES1,6,13,13,2,-102.68,-106.225,-107.861,PERSISTING,2,1,89.463046,265.074827,0
69,UES1,7,14,14,2,-107.675,-91.8704,-105.741,ALTERNATIVE_AVAILABLE,0,1,-24.160241,-268.529162,0
69,UES1,8,15,15,1,-113.911,-93.0493,-106.698,ALTERNATIVE_AVAILABLE,0,1,139.821819,-329.422572,0
69,UES1,9,16,16,2,-102.276,-101.33,-113.105,PERSISTING,0,1,223.558132,-54.617375,0
69,UES1,10,17,17,4,-114.959,-105.677,-109.479,PERSISTING,1,1,-95.409508,-314.574616,0
69,UES1,11,18,18,4,-104.994,-107.922,-108.771,PERSISTING,0,1,-245.274571,119.682007,0
69,UES1,12,19,19,5,-103.517,-113.395,-111.073,PERSISTING,5,1,390.467308,9.122165,0
69,UES1,13,20,20,5,-69.1997,-112.923,-127.473,SERVED,0,1,155.377449,271.207950,0
69,UES1,14,21,21,7,-105.071,-108.346,-115.398,PERSISTING,0,1,212.778476,-227.446049,0
69,UES1,15,22,22,1,-105.556,-103.733,-88.0762,ALTERNATIVE_AVAILABLE,0,1,68.995784,-247.440066,0
69,UES1,16,23,23,2,-123.595,-95.1218,-108.397,ALTERNATIVE_AVAILABLE,0,1,-394.236193,-33.537144,0
69,UES1,17,24,24,2,-100.968,-74.2496,-111.588,ALTERNATIVE_AVAILABLE,0,1,221.679855,-2.890563,0
69,UES1,18,25,25,1,-86.0534,-75.3172,-95.6719,SERVED,0,1,175.314200,-195.772614,0
69,UES1,19,26,26,1,-112.094,-109.359,-115.904,PERSISTING,5,1,-162.222099,-266.252225,0
69,UES1,20,27,27,6,-84.0538,-118.862,-123.703,SERVED,0,1,-275.900345,255.157368,0
69,UES1,21,28,28,4,-115.199,-112.351,-110.956,PERSISTING,2,1,-183.656466,383.205901,0
69,UES1,22,29,29,5,-95.1748,-108.208,-121.378,SERVED,0,1,329.500931,207.582705,0
69,UES1,23,30,30,6,-119.056,-89.7797,-100.086,ALTERNATIVE_AVAILABLE,0,1,104.116496,-307.465335,0
69,UES1,24,31,31,6,-104.22,-107.357,-125.526,PERSISTING,0,1,-208.388250,244.635167,0
69,UES1,25,32,32,3,-75.4892,-109.193,-110.8,SERVED,0,1,-48.809897,375.203801,0
69,UES1,26,33,33,5,-86.7375,-115.979,-121.866,SERVED,0,1,342.100870,169.821676,0
69,UES1,27,34,34,2,-113.144,-113.613,-115.5,PERSISTING,2,1,40.818336,284.206512,0
69,UES1,28,35,35,4,-106.064,-88.9852,-104.533,ALTERNATIVE_AVAILABLE,0,1,-286.002398,101.197879,0
69,UES1,29,36,36,2,-109.041,-100.136,-114.713,PERSISTING,0,1,-24.212206,161.922301,0
69,UES1,30,37,37,7,-113.753,-104.628,-122.516,PERSISTING,3,1,-84.800311,-373.290364,0
69,UES1,31,38,38,5,-105.93,-116.964,-122.277,PERSISTING,4,1,349.007963,91.823510,0
69,UES1,32,39,39,1,-111.193,-108.776,-77.6139,ALTERNATIVE_AVAILABLE,0,1,65.602887,-280.815709,0
69,UES1,33,40,40,3,-104.369,-100.72,-108.074,PERSISTING,0,1,-181.583299,208.577511,0
69,UES1,34,41,41,3,-114.136,-110.095,-101.507,PERSISTING,0,1,47.494242,-355.389793,0
69,UES1,35,42,42,1,-84.2892,-105.884,-110.394,SERVED,0,1,280.409950,-149.818455,0
69,UES1,36,43,43,5,-78.4669,-108.43,-121.335,SERVED,0,1,324.719353,259.854779,0
69,UES1,37,44,44,1,-109.592,-107.929,-105.502,PERSISTING,0,1,67.436294,-316.195582,0
69,UES1,38,45,45,4,-105.332,-108.871,-117.687,PERSISTING,0,1,-224.277582,-165.798296,0
69,UES1,39,46,46,3,-106.224,-90.8393,-94.7299,ALTERNATIVE_AVAILABLE,0,1,-261.264437,-9.725666,0
69,UES1,40,47,47,3,-75.0815,-107.434,-106.722,SERVED,0,1,-267.873063,283.433020,0
69,UES1,41,48,48,3,-114.655,-109.719,-119.841,PERSISTING,0,1,-378.971557,-296.528836,0
69,UES1,42,49,49,1,-99.7031,-105.887,-112.208,SERVED,0,1,102.759305,193.627182,0
69,UES1,43,50,50,1,-105.018,-109.058,-109.763,PERSISTING,0,1,165.205683,-223.228634,0
69,UES1,44,51,51,3,-104.291,-85.9705,-99.6837,ALTERNATIVE_AVAILABLE,0,1,-86.079636,261.702119,0
69,UES1,45,52,52,4,-108.324,-89.0397,-99.8599,ALTERNATIVE_AVAILABLE,0,1,-184.678337,-271.185576,0
69,UES1,46,53,53,4,-101.442,-114.718,-117.73,PERSISTING,0,1,-188.491976,-319.055395,0
69,UES1,47,54,54,4,-104.468,-106.325,-114.663,PERSISTING,1,1,-180.506131,-242.744089,0
69,UES1,48,55,55,4,-106.414,-106.505,-114.493,PERSISTING,1,1,-309.434846,-148.628151,0
69,UES1,49,56,56,1,-89.7584,-106.268,-106.72,SERVED,0,1,186.310735,-152.051742,0
69,UES1,50,57,57,3,-108.47,-108.79,-114.416,PERSISTING,1,1,-120.934842,-287.724796,0
69,UES1,51,58,58,1,-116.369,-118.531,-107.342,PERSISTING,2,1,357.751419,126.048486,0
69,UES1,52,59,59,6,-66.3806,-111.808,-122.854,SERVED,0,1,-282.112900,290.607678,0
69,UES1,53,60,60,3,-113.078,-115.29,-103.817,PERSISTING,3,1,-421.683002,-94.882274,0
69,UES1,54,61,61,1,-106.541,-108.239,-111.469,PERSISTING,2,1,9.045328,-282.785604,0
69,UES1,55,62,62,1,-105.15,-102.969,-108.993,PERSISTING,1,1,254.154339,-128.086903,0
69,UES1,56,63,63,2,-110.524,-85.445,-103.4,ALTERNATIVE_AVAILABLE,0,1,-9.448753,-257.337588,0
69,UES1,57,64,64,6,-105.72,-108.997,-122.431,PERSISTING,2,1,-199.867811,330.856863,0
69,UES1,58,65,65,4,-112.783,-115.758,-115.544,PERSISTING,0,1,-153.213558,-356.274847,0
69,UES1,59,66,66,7,-86.5042,-113.222,-117.226,SERVED,0,1,327.017470,-291.098076,0
69,UES2,0,67,67,6,-78.3698,-119.354,-102.09,SERVED,0,1,-294.078978,338.467757,0
69,UES2,1,68,68,3,-115.415,-93.7402,-107.974,ALTERNATIVE_AVAILABLE,0,1,305.937811,293.341078,0
69,UES2,2,69,69,1,-113.894,-114.859,-114.822,PERSISTING,4,1,408.978512,-328.381368,0
69,UES2,3,70,70,6,-71.7868,-119.314,-124.998,SERVED,0,1,-326.279006,269.924000,0
69,UES2,4,71,71,5,-106.329,-115.001,-122.227,PERSISTING,5,1,335.462134,342.961621,0
69,UES2,5,72,72,2,-115.103,-111.271,-107.948,PERSISTING,0,1,374.169684,-352.494165,0
69,UES2,6,73,73,6,-92.4375,-113.901,-127.815,SERVED,0,1,-395.446713,319.055440,0
69,UES2,7,74,74,4,-119.273,-116.076,-99.2552,ALTERNATIVE_AVAILABLE,0,1,282.841889,436.414949,0
69,UES2,8,75,75,2,-117.229,-117.595,-89.787,ALTERNATIVE_AVAILABLE,0,1,399.811345,-310.415903,0
69,UES2,9,76,76,6,-100.04,-122.69,-127.013,PERSISTING,0,1,-406.337486,312.155675,0
69,UES2,10,77,77,5,-108.717,-120.479,-126.482,PERSISTING,0,1,336.867331,368.202871,0
69,UES2,11,78,78,7,-113.55,-117.736,-123.645,PERSISTING,0,1,401.302772,-426.775891,0
69,UES2,12,79,79,4,-93.6523,-117.227,-97.5847,SERVED,0,1,-369.237273,311.273401,0
69,UES2,13,80,80,5,-91.4324,-110.92,-99.8525,SERVED,0,1,389.695588,276.912898,0
69,UES2,14,81,81,4,-120.098,-114.177,-113.318,PERSISTING,0,1,414.205120,-301.634440,0
69,UES2,15,82,82,6,-91.5916,-112.517,-128,SERVED,0,1,-334.300505,317.598119,0
69,UES2,16,83,83,4,-122.134,-112.544,-109.337,PERSISTING,1,1,421.114424,325.801427,0
69,UES2,17,84,84,3,-123.16,-113.314,-97.0825,ALTERNATIVE_AVAILABLE,0,1,295.601912,-339.124319,0
69,UES2,18,85,85,3,-118.552,-117.373,-98.6962,ALTERNATIVE_AVAILABLE,0,1,-405.470570,366.214111,0
69,UES2,19,86,86,5,-111.825,-113.504,-122.822,PERSISTING,4,1,294.152665,374.992786,0
69,UES2,20,87,87,2,-116.868,-80.3373,-90.3551,ALTERNATIVE_AVAILABLE,0,1,351.633977,-384.493175,0
69,UES2,21,88,88,6,-113.479,-121.587,-125.26,MOVE_REQUIRED,10,1,-413.557429,449.010854,1
69,UES2,22,89,89,5,-110.133,-117.271,-126.901,PERSISTING,0,1,359.172279,361.828950,0
69,UES2,23,90,90,7,-101.988,-110.964,-121.616,PERSISTING,5,1,354.283673,-301.961545,0
69,UES2,24,91,91,6,-113.749,-114.137,-129.121,MOVE_REQUIRED,6,1,-419.974475,366.683871,1
69,UES2,25,92,92,5,-113.107,-115.32,-122.961,MOVE_REQUIRED,10,1,397.318639,424.522323,1
69,UES2,26,93,93,7,-96.9812,-120.924,-115.949,SERVED,0,1,319.534202,-276.273056,0
69,UES2,27,94,94,2,-130.549,-119.886,-101.878,PERSISTING,0,1,-407.174296,268.491760,0
69,UES2,28,95,95,2,-119.78,-110.239,-113.927,PERSISTING,0,1,390.060641,413.108658,0
69,UES2,29,96,96,7,-115.002,-113.523,-115.139,PERSISTING,3,1,420.015074,-285.283508,0
70,UES1,0,7,7,4,-110.533,-113.797,-111.618,PERSISTING,1,1,-226.174246,-319.495998,0
70,UES1,1,8,8,1,-108.608,-99.7728,-113.752,ALTERNATIVE_AVAILABLE,0,1,255.885830,-248.858649,0
70,UES1,2,9,9,6,-79.0433,-108.635,-122.245,SERVED,0,1,-301.128004,314.539055,0
70,UES1,3,10,10,2,-113.988,-113.963,-112.07,PERSISTING,0,1,256.318129,-257.816475,0
70,UES1,4,11,11,2,-107.316,-112.162,-106.777,PERSISTING,0,1,215.091937,276.681738,0
70,UES1,5,12,12,3,-104.177,-105.216,-99.9578,ALTERNATIVE_AVAILABLE,0,1,-248.939650,215.615305,0
70,UES1,6,13,13,2,-104.65,-106.023,-92.1536,ALTERNATIVE_AVAILABLE,0,1,88.624839,270.015696,0
70,UES1,7,14,14,2,-108.485,-106.791,-106.321,PERSISTING,0,1,-25.244627,-274.645645,0
70,UES1,8,15,15,1,-112.037,-108.987,-105.84,PERSISTING,0,1,142.617478,-334.187046,0
70,UES1,9,16,16,2,-92.9628,-106.144,-109.807,SERVED,0,1,228.686572,-57.282683,0
70,UES1,10,17,17,4,-113.414,-110.41,-109.398,PERSISTING,2,1,-95.597871,-320.429018,0
70,UES1,11,18,18,4,-100.258,-105.262,-96.2077,ALTERNATIVE_AVAILABLE,0,1,-249.024357,121.609902,0
70,UES1,12,19,19,5,-103.271,-107.699,-116.062,MOVE_REQUIRED,6,1,393.801817,10.857242,1
70,UES1,13,20,20,5,-95.9725,-114.112,-125.227,SERVED,0,1,157.904758,274.939368,0
70,UES1,14,21,21,7,-107.868,-103.669,-119.034,PERSISTING,1,1,216.227840,-230.909559,0
70,UES1,15,22,22,1,-108.796,-82.4368,-102.937,ALTERNATIVE_AVAILABLE,0,1,68.683295,-252.159921,0
70,UES1,16,23,23,2,-122.412,-113.337,-110.343,PERSISTING,0,1,-399.156993,-32.933361,0
70,UES1,17,24,24,2,-102.133,-86.1728,-108.117,ALTERNATIVE_AVAILABLE,0,1,225.827064,-3.444814,0
70,UES1,18,25,25,1,-103.57,-106.829,-97.0624,ALTERNATIVE_AVAILABLE,0,1,179.031635,-197.951493,0
70,UES1,19,26,26,1,-91.8124,-86.7313,-103.724,SERVED,0,1,-163.863975,-271.185532,0
70,UES1,20,27,27,6,-85.2095,-119.034,-126.585,SERVED,0,1,-281.023031,257.975064,0
70,UES1,21,28,28,4,-114.438,-116.567,-99.1633,ALTERNATIVE_AVAILABLE,0,1,-184.383056,387.693799,0
70,UES1,22,29,29,5,-101.131,-110.097,-120.63,PERSISTING,0,1,333.179565,212.323064,0
70,UES1,23,30,30,6,-122.541,-108.833,-98.6856,ALTERNATIVE_AVAILABLE,0,1,104.814634,-313.739404,0
70,UES1,24,31,31,6,-107.668,-87.0667,-124.794,ALTERNATIVE_AVAILABLE,0,1,-212.774380,247.262499,0
70,UES1,25,32,32,3,-110.764,-90.1907,-93.163,ALTERNATIVE_AVAILABLE,0,1,-48.299938,379.623469,0
70,UES1,26,33,33,5,-89.7763,-121.348,-126.243,SERVED,0,1,344.778504,174.077769,0
70,UES1,27,34,34,2,-108.564,-113.133,-112.479,PERSISTING,3,1,40.811014,288.645526,0
70,UES1,28,35,35,4,-92.3316,-105.991,-103.319,SERVED,0,1,-280.529651,98.984298,0
70,UES1,29,36,36,2,-88.0266,-101.274,-116.424,SERVED,0,1,-27.594917,165.629137,0
70,UES1,30,37,37,7,-93.465,-109.903,-121.339,SERVED,0,1,-87.900676,-377.593644,0
70,UES1,31,38,38,5,-87.096,-116.609,-117.692,SERVED,0,1,352.845963,93.278734,0
70,UES1,32,39,39,1,-108.584,-106.493,-93.1316,ALTERNATIVE_AVAILABLE,0,1,66.027308,-285.090754,0
70,UES1,33,40,40,3,-79.7252,-104.739,-108.511,SERVED,0,1,-186.667628,208.096708,0
70,UES1,34,41,41,3,-110.186,-111.369,-109.904,PERSISTING,1,1,49.391760,-359.151761,0
70,UES1,35,42,42,1,-106.841,-114.935,-99.2243,ALTERNATIVE_AVAILABLE,0,1,286.904785,-151.738920,0
70,UES1,36,43,43,5,-90.596,-108.2,-118.373,SERVED,0,1,329.402146,265.026217,0
70,UES1,37,44,44,1,-112.877,-86.5131,-102.516,ALTERNATIVE_AVAILABLE,0,1,67.428715,-320.641017,0
70,UES1,38,45,45,4,-106.49,-106.724,-119.219,PERSISTING,1,1,-228.040265,-167.787188,0
70,UES1,39,46,46,3,-101.63,-88.7279,-99.6421,ALTERNATIVE_AVAILABLE,0,1,-266.906793,-9.582166,0
70,UES1,40,47,47,3,-107.28,-107.9,-100.648,PERSISTING,0,1,-269.705501,288.971467,0
70,UES1,41,48,48,3,-114.766,-115.729,-119.295,PERSISTING,1,1,-384.612561,-299.195533,0
70,UES1,42,49,49,1,-88.8771,-96.8537,-114.484,SERVED,0,1,104.629152,199.220387,0
70,UES1,43,50,50,1,-107.621,-109.99,-96.6732,ALTERNATIVE_AVAILABLE,0,1,169.359043,-225.903458,0
70,UES1,44,51,51,3,-80.4282,-94.0436,-108.267,SERVED,0,1,-87.421930,265.709444,0
70,UES1,45,52,52,4,-111.019,-88.4863,-100.27,ALTERNATIVE_AVAILABLE,0,1,-187.512636,-273.303549,0
70,UES1,46,53,53,4,-117.776,-97.9473,-117.33,ALTERNATIVE_AVAILABLE,0,1,-190.344755,-322.921719,0
70,UES1,47,54,54,4,-105.178,-109.472,-114.437,PERSISTING,2,1,-181.359263,-247.698322,0
70,UES1,48,55,55,4,-83.062,-106.276,-114.72,SERVED,0,1,-313.869535,-151.312203,0
70,UES1,49,56,56,1,-102.863,-86.0875,-110.467,ALTERNATIVE_AVAILABLE,0,1,189.618997,-156.255080,0
70,UES1,50,57,57,3,-106.865,-109.314,-97.4574,ALTERNATIVE_AVAILABLE,0,1,-122.152788,-292.678432,0
70,UES1,51,58,58,1,-98.6973,-108.617,-108.881,SERVED,0,1,360.582370,130.734351,0
70,UES1,52,59,59,6,-89.3619,-124.58,-121.622,SERVED,0,1,-285.203025,293.705747,0
70,UES1,53,60,60,3,-114.327,-116.19,-113.102,PERSISTING,4,1,-426.732871,-96.453415,0
70,UES1,54,61,61,1,-104.953,-108.17,-107.34,PERSISTING,3,1,9.178612,-289.953080,0
70,UES1,55,62,62,1,-101.935,-108.151,-94.2747,ALTERNATIVE_AVAILABLE,0,1,257.305224,-131.092039,0
70,UES1,56,63,63,2,-109.642,-85.6298,-106.238,ALTERNATIVE_AVAILABLE,0,1,-10.042929,-261.857862,0
70,UES1,57,64,64,6,-109.319,-107.556,-119.41,PERSISTING,3,1,-202.584458,334.989704,0
70,UES1,58,65,65,4,-115.673,-111.101,-101.402,PERSISTING,1,1,-154.589925,-360.593945,0
70,UES1,59,66,66,7,-109.301,-109.52,-115.733,PERSISTING,0,1,329.921658,-293.862175,0
70,UES2,0,67,67,6,-78.6571,-118.114,-124.998,SERVED,0,1,-289.509765,341.059627,0
70,UES2,1,68,68,3,-118.197,-116.642,-106.882,PERSISTING,0,1,305.083567,289.273398,0
70,UES2,2,69,69,1,-115.582,-112.834,-118.116,PERSISTING,5,1,412.004866,-326.324726,0
70,UES2,3,70,70,6,-89.8729,-118.383,-127.821,SERVED,0,1,-326.923707,267.031236,0
70,UES2,4,71,71,5,-95.6571,-113.51,-105.091,SERVED,0,1,334.176750,339.640672,0
70,UES2,5,72,72,2,-115.323,-110.137,-111.705,PERSISTING,1,1,374.625296,-349.028815,0
70,UES2,6,73,73,6,-96.0885,-110.794,-127.574,SERVED,0,1,-399.872592,321.560388,0
70,UES2,7,74,74,4,-107.222,-115.495,-114.929,PERSISTING,0,1,278.856813,437.961194,0
70,UES2,8,75,75,2,-112.204,-92.0912,-113.186,ALTERNATIVE_AVAILABLE,0,1,397.753984,-307.441844,0
70,UES2,9,76,76,6,-93.6159,-122.746,-127.613,SERVED,0,1,-408.061489,308.014541,0
70,UES2,10,77,77,5,-102.998,-124.207,-125.635,PERSISTING,1,1,338.446805,369.627651,0
70,UES2,11,78,78,7,-105.664,-119.64,-120.436,PERSISTING,1,1,398.061624,-423.474038,0
70,UES2,12,79,79,4,-115.015,-111.931,-106.198,PERSISTING,0,1,-372.744196,308.426115,0
70,UES2,13,80,80,5,-99.182,-109.726,-123.884,SERVED,0,1,387.076249,279.993351,0
70,UES2,14,81,81,4,-127.7,-111.56,-114.973,PERSISTING,1,1,414.471403,-305.560939,0
70,UES2,15,82,82,6,-105.897,-115.379,-124.877,PERSISTING,0,1,-332.608829,320.967466,0
70,UES2,16,83,83,4,-122.663,-115.892,-112.088,PERSISTING,2,1,425.283091,325.371709,0
70,UES2,17,84,84,3,-117.968,-114.322,-97.6206,ALTERNATIVE_AVAILABLE,0,1,294.618369,-341.965155,0
70,UES2,18,85,85,3,-115.276,-117.023,-110.047,PERSISTING,0,1,-403.643124,370.738068,0
70,UES2,19,86,86,5,-106.907,-105.242,-119.864,PERSISTING,5,1,289.088855,375.762401,0
70,UES2,20,87,87,2,-117.473,-112.092,-111.151,PERSISTING,0,1,355.359908,-385.494566,0
70,UES2,21,88,88,6,-106.846,-104.552,-121.648,MOVE_REQUIRED,11,1,-410.059504,448.197160,1
70,UES2,22,89,89,5,-100.847,-122.823,-125.135,PERSISTING,1,1,362.440552,363.425767,0
70,UES2,23,90,90,7,-98.9214,-111.568,-120.749,SERVED,0,1,356.754053,-304.222342,0
70,UES2,24,91,91,6,-97.5025,-116.922,-125.503,SERVED,0,1,-422.381810,367.270798,0
70,UES2,25,92,92,5,-104.684,-113.616,-120.858,MOVE_REQUIRED,11,1,393.369829,422.240141,1
70,UES2,26,93,93,7,-99.4069,-121.27,-124.295,SERVED,0,1,321.064334,-272.467174,0
70,UES2,27,94,94,2,-131.102,-95.8371,-98.5112,ALTERNATIVE_AVAILABLE,0,1,-410.380334,273.295133,0
70,UES2,28,95,95,2,-117.261,-121.747,-114.063,PERSISTING,1,1,385.623846,413.386329,0
70,UES2,29,96,96,7,-114.861,-115.883,-115.446,PERSISTING,4,1,417.829309,-287.122579,0
71,UES1,0,7,7,4,-111.958,-97.6671,-115.865,ALTERNATIVE_AVAILABLE,0,1,-228.369181,-323.232414,0
71,UES1,1,8,8,1,-112.149,-106.882,-93.8408,ALTERNATIVE_AVAILABLE,0,1,260.126718,-252.518165,0
71,UES1,2,9,9,6,-105.423,-112.156,-121.763,PERSISTING,0,1,-304.791298,318.518365,0
71,UES1,3,10,10,2,-115.088,-111.415,-90.0729,ALTERNATIVE_AVAILABLE,0,1,260.262597,-260.807462,0
71,UES1,4,11,11,2,-107.097,-112.316,-108.483,PERSISTING,1,1,219.556462,280.023152,0
71,UES1,5,12,12,3,-104.832,-106.266,-101.519,PERSISTING,0,1,-251.658204,220.099345,0
71,UES1,6,13,13,2,-87.038,-108.166,-107.331,SERVED,0,1,89.659623,274.829707,0
71,UES1,7,14,14,2,-90.653,-105.029,-109.686,SERVED,0,1,-27.307296,-277.841691,0
71,UES1,8,15,15,1,-113.059,-111.232,-108.951,PERSISTING,1,1,144.177097,-338.319497,0
71,UES1,9,16,16,2,-101.666,-105.171,-111.44,PERSISTING,0,1,232.688479,-58.221723,0
71,UES1,10,17,17,4,-113.66,-112.681,-112.499,PERSISTING,3,1,-96.171427,-323.914113,0
71,UES1,11,18,18,4,-102.598,-101.574,-103.007,PERSISTING,0,1,-254.903312,123.518047,0
71,UES1,12,19,19,5,-103.035,-109.06,-118.142,MOVE_REQUIRED,7,1,399.515603,11.922324,1
71,UES1,13,20,20,5,-101.59,-103.797,-127.219,PERSISTING,0,1,160.858882,279.235541,0
71,UES1,14,21,21,7,-101.407,-109.252,-95.4657,ALTERNATIVE_AVAILABLE,0,1,219.480220,-235.002602,0
71,UES1,15,22,22,3,-89.8898,-105.706,-96.3356,SERVED,0,1,67.633365,-257.250463,0
71,UES1,16,23,23,2,-127.291,-115.418,-108.509,PERSISTING,1,1,-404.615353,-33.369936,0
71,UES1,17,24,24,2,-98.2975,-66.6736,-107.218,SERVED,0,1,231.561172,-1.308667,0
71,UES1,18,25,25,1,-104.8,-87.2897,-93.6577,ALTERNATIVE_AVAILABLE,0,1,181.402145,-203.953854,0
71,UES1,19,26,26,4,-101.849,-99.643,-120.176,ALTERNATIVE_AVAILABLE,0,1,-166.208361,-275.808235,0
71,UES1,20,27,27,6,-68.3475,-117.963,-127.757,SERVED,0,1,-285.725393,260.312179,0
71,UES1,21,28,28,4,-116.722,-108.109,-114.038,PERSISTING,0,1,-186.967543,391.703124,0
71,UES1,22,29,29,5,-105.434,-96.4381,-117.958,ALTERNATIVE_AVAILABLE,0,1,337.614780,216.193486,0
71,UES1,23,30,30,1,-111.501,-110.35,-104.717,PERSISTING,0,1,106.872644,-318.285100,0
71,UES1,24,31,31,6,-106.668,-108.282,-97.6849,ALTERNATIVE_AVAILABLE,0,1,-216.774234,249.708830,0
71,UES1,25,32,32,3,-110.87,-102.261,-112.154,PERSISTING,0,1,-48.390951,383.409254,0
71,UES1,26,33,33,5,-63.5042,-114.583,-122.954,SERVED,0,1,347.989000,177.021770,0
71,UES1,27,34,34,2,-109.907,-116.54,-116.265,PERSISTING,4,1,40.183745,293.879582,0
71,UES1,28,35,35,4,-103.867,-102.358,-106.766,PERSISTING,0,1,-275.636323,97.164690,0
71,UES1,29,36,36,2,-105.375,-86.4055,-111.826,ALTERNATIVE_AVAILABLE,0,1,-28.922173,170.478070,0
71,UES1,30,37,37,7,-120.25,-115.907,-123.073,PERSISTING,0,1,-89.974312,-382.739567,0
71,UES1,31,38,38,5,-94.636,-115.944,-121.507,SERVED,0,1,359.525854,94.128587,0
71,UES1,32,39,39,1,-108.013,-107.661,-90.3706,ALTERNATIVE_AVAILABLE,0,1,65.421648,-290.340799,0
71,UES1,33,40,40,3,-102.414,-103.032,-80.9536,ALTERNATIVE_AVAILABLE,0,1,-190.933480,207.071106,0
71,UES1,34,41,41,3,-111.776,-112.086,-101.973,PERSISTING,2,1,50.929345,-364.433720,0
71,UES1,35,42,42,1,-106.299,-98.5419,-91.3892,ALTERNATIVE_AVAILABLE,0,1,291.429110,-154.776792,0
71,UES1,36,43,43,5,-86.8799,-110.605,-121.144,SERVED,0,1,333.601796,266.659127,0
71,UES1,37,44,44,1,-110.101,-92.8688,-101.036,ALTERNATIVE_AVAILABLE,0,1,68.688134,-325.679756,0
71,UES1,38,45,45,4,-102.64,-104.969,-115.163,PERSISTING,2,1,-231.744217,-169.986442,0
71,UES1,39,46,46,4,-104.97,-104.536,-117.31,PERSISTING,0,1,-271.030774,-8.558202,0
71,UES1,40,47,47,3,-110.611,-108.966,-107.559,PERSISTING,1,1,-273.154103,291.648019,0
71,UES1,41,48,48,3,-116.191,-115.087,-121.42,PERSISTING,2,1,-387.352212,-303.911637,0
71,UES1,42,49,49,1,-104.759,-96.2845,-111.03,ALTERNATIVE_AVAILABLE,0,1,107.863034,203.482103,0
71,UES1,43,50,50,1,-107.64,-107.437,-94.2862,ALTERNATIVE_AVAILABLE,0,1,173.881232,-229.264945,0
71,UES1,44,51,51,3,-108.066,-106.587,-108.529,PERSISTING,0,1,-89.281625,270.328738,0
71,UES1,45,52,52,4,-113.539,-109.039,-113.598,PERSISTING,0,1,-190.953286,-278.586066,0
71,UES1,46,53,53,4,-112.101,-115.209,-120.459,PERSISTING,0,1,-193.796124,-327.966882,0
71,UES1,47,54,54,4,-80.5164,-106.637,-116.932,SERVED,0,1,-182.236297,-252.073316,0
71,UES1,48,55,55,4,-105.298,-105.719,-116.243,PERSISTING,0,1,-317.520857,-154.408481,0
71,UES1,49,56,56,1,-99.7393,-97.7971,-105.893,SERVED,0,1,192.659155,-159.800030,0
71,UES1,50,57,57,3,-93.4257,-107.89,-112.807,SERVED,0,1,-122.177627,-297.606875,0
71,UES1,51,58,58,1,-115.178,-115.019,-95.094,ALTERNATIVE_AVAILABLE,0,1,360.280386,134.881881,0
71,UES1,52,59,59,6,-93.1169,-108.436,-124.03,SERVED,0,1,-290.302470,296.824013,0
71,UES1,53,60,60,3,-115.434,-101.211,-100.016,PERSISTING,5,1,-431.732246,-97.536456,0
71,UES1,54,61,61,1,-105.47,-83.3265,-96.9882,ALTERNATIVE_AVAILABLE,0,1,6.586445,-293.943358,0
71,UES1,55,62,62,1,-104.304,-104.607,-111.319,PERSISTING,0,1,262.782608,-134.931965,0
71,UES1,56,63,63,2,-112.845,-105.411,-110.583,PERSISTING,0,1,-10.237877,-266.864756,0
71,UES1,57,64,64,6,-100.413,-110.456,-120.014,PERSISTING,4,1,-203.441447,339.942224,0
71,UES1,58,65,65,4,-113.354,-111.779,-110.988,PERSISTING,2,1,-155.582044,-365.781181,0
71,UES1,59,66,66,7,-95.7978,-110.332,-115.494,SERVED,0,1,333.722842,-298.642607,0
71,UES2,0,67,67,6,-85.0337,-118.119,-124.223,SERVED,0,1,-285.818521,342.068675,0
71,UES2,1,68,68,3,-123.949,-112.989,-103.527,PERSISTING,1,1,303.445279,285.600155,0
71,UES2,2,69,69,1,-114.285,-116.759,-96.3637,ALTERNATIVE_AVAILABLE,0,1,413.494822,-323.368990,0
71,UES2,3,70,70,6,-69.0217,-120.184,-130.155,SERVED,0,1,-329.502367,263.022790,0
71,UES2,4,71,71,5,-104.37,-113.605,-119.974,PERSISTING,0,1,334.059719,335.008622,0
71,UES2,5,72,72,3,-123.379,-112.259,-89.6777,ALTERNATIVE_AVAILABLE,0,1,373.428998,-344.744316,0
71,UES2,6,73,73,6,-101.48,-112.353,-125.364,PERSISTING,0,1,-400.215501,325.312787,0
71,UES2,7,74,74,2,-96.6824,-116.278,-116.994,SERVED,0,1,276.851910,437.119931,0
71,UES2,8,75,75,1,-114.005,-117.202,-90.76,ALTERNATIVE_AVAILABLE,0,1,397.462999,-304.051982,0
71,UES2,9,76,76,6,-91.9341,-120.756,-131.93,SERVED,0,1,-408.580668,306.353329,0
71,UES2,10,77,77,5,-102.148,-122.567,-126.762,PERSISTING,2,1,342.342195,372.026699,0
71,UES2,11,78,78,7,-110.821,-116.54,-123.589,PERSISTING,2,1,395.365560,-420.142807,0
71,UES2,12,79,79,4,-121.461,-111.179,-92.282,ALTERNATIVE_AVAILABLE,0,1,-374.698222,304.745572,0
71,UES2,13,80,80,5,-102.639,-114.303,-122.629,PERSISTING,0,1,385.888822,284.312415,0
71,UES2,14,81,81,4,-123.931,-117.138,-116.219,PERSISTING,2,1,413.400828,-309.524684,0
71,UES2,15,82,82,6,-77.5949,-111.98,-124.521,SERVED,0,1,-333.679399,325.028118,0
71,UES2,16,83,83,4,-119.79,-104.884,-109.303,PERSISTING,3,1,422.492266,327.085453,0
71,UES2,17,84,84,3,-119.56,-117.024,-103.266,PERSISTING,0,1,291.939342,-347.111766,0
71,UES2,18,85,85,3,-115.06,-120.143,-108.399,PERSISTING,1,1,-402.658912,373.638954,0
71,UES2,19,86,86,5,-113.392,-113.702,-124.591,MOVE_REQUIRED,6,1,286.757479,378.045250,1
71,UES2,20,87,87,2,-114.746,-115.742,-116.18,PERSISTING,1,1,359.323610,-387.082654,0
71,UES2,21,88,88,6,-106.761,-122.769,-130.984,MOVE_REQUIRED,12,1,-406.567681,446.572347,1
71,UES2,22,89,89,5,-110.916,-107.842,-93.4164,ALTERNATIVE_AVAILABLE,0,1,366.060235,365.186369,0
71,UES2,23,90,90,7,-107.809,-116.745,-92.6878,ALTERNATIVE_AVAILABLE,0,1,360.082824,-306.567594,0
71,UES2,24,91,91,6,-92.1807,-117.246,-116.804,SERVED,0,1,-427.498276,369.136333,0
71,UES2,25,92,92,5,-96.4399,-99.3152,-124.02,SERVED,0,1,391.513917,417.846993,0
71,UES2,26,93,93,7,-65.0003,-118.893,-116.998,SERVED,0,1,324.205085,-268.285948,0
71,UES2,27,94,94,2,-132.795,-122.5,-71.6834,ALTERNATIVE_AVAILABLE,0,1,-412.476489,276.095721,0
71,UES2,28,95,95,2,-119.579,-125.135,-112.333,PERSISTING,2,1,383.447393,413.784337,0
71,UES2,29,96,96,2,-113.54,-115.502,-114.443,PERSISTING,5,1,414.446502,-289.628079,0
72,UES1,0,7,7,4,-115.921,-111.728,-115.257,PERSISTING,0,1,-231.162731,-327.532895,0
72,UES1,1,8,8,1,-113.511,-109.312,-89.6223,ALTERNATIVE_AVAILABLE,0,1,262.506625,-256.692677,0
72,UES1,2,9,9,6,-106.759,-111.045,-122.829,PERSISTING,1,1,-307.781480,322.724884,0
72,UES1,3,10,10,2,-111.657,-112.315,-98.0346,ALTERNATIVE_AVAILABLE,0,1,263.756358,-264.917277,0
72,UES1,4,11,11,2,-108.064,-90.1883,-106.902,ALTERNATIVE_AVAILABLE,0,1,222.641336,281.808905,0
72,UES1,5,12,12,3,-107.842,-75.0969,-108.113,ALTERNATIVE_AVAILABLE,0,1,-254.831276,223.955758,0
72,UES1,6,13,13,2,-102.777,-101.95,-98.8658,ALTERNATIVE_AVAILABLE,0,1,89.224494,280.965102,0
72,UES1,7,14,14,2,-111.62,-76.1641,-109.305,ALTERNATIVE_AVAILABLE,0,1,-28.525296,-284.001391,0
72,UES1,8,15,15,1,-110.88,-110.64,-107.12,PERSISTING,2,1,146.999939,-343.351630,0
72,UES1,9,16,16,2,-93.1094,-104.727,-107.808,SERVED,0,1,236.657336,-61.032744,0
72,UES1,10,17,17,4,-111.27,-107.579,-115.516,PERSISTING,4,1,-96.826207,-330.022175,0
72,UES1,11,18,18,4,-107.105,-93.7826,-109.17,ALTERNATIVE_AVAILABLE,0,1,-259.698194,124.699220,0
72,UES1,12,19,19,5,-103.713,-98.619,-121.889,ALTERNATIVE_AVAILABLE,0,1,403.928469,13.796531,0
72,UES1,13,20,20,5,-101.085,-111.368,-121.817,PERSISTING,1,1,163.773307,283.349338,0
72,UES1,14,21,21,7,-95.8686,-107.935,-116.929,SERVED,0,1,223.040208,-238.262860,0
72,UES1,15,22,22,3,-110.067,-88.4212,-107.899,ALTERNATIVE_AVAILABLE,0,1,69.896299,-263.029001,0
72,UES1,16,23,23,2,-122.988,-113.892,-112.142,PERSISTING,2,1,-409.086250,-32.233648,0
72,UES1,17,24,24,2,-99.3588,-108.19,-105.78,SERVED,0,1,235.893335,-2.010496,0
72,UES1,18,25,25,1,-104.266,-92.2689,-100.194,ALTERNATIVE_AVAILABLE,0,1,184.649516,-207.832727,0
72,UES1,19,26,26,4,-110.41,-111.056,-113.605,PERSISTING,0,1,-169.045752,-280.446180,0
72,UES1,20,27,27,6,-66.3582,-115.457,-125.472,SERVED,0,1,-288.741498,263.601704,0
72,UES1,21,28,28,4,-115.822,-109.687,-92.5604,ALTERNATIVE_AVAILABLE,0,1,-188.562721,396.896996,0
72,UES1,22,29,29,5,-101.374,-109.437,-121.153,PERSISTING,0,1,340.322138,217.879675,0
72,UES1,23,30,30,1,-109.619,-109.569,-100.77,PERSISTING,1,1,108.003774,-322.398145,0
72,UES1,24,31,31,6,-89.9548,-111.306,-125.045,SERVED,0,1,-221.900471,252.802585,0
72,UES1,25,32,32,3,-108.918,-106.522,-112.487,PERSISTING,1,1,-49.261097,389.146518,0
72,UES1,26,33,33,5,-91.5318,-111.575,-121.983,SERVED,0,1,353.131483,179.822986,0
72,UES1,27,34,34,2,-118.565,-114.575,-113.98,PERSISTING,5,1,40.023956,299.503928,0
72,UES1,28,35,35,4,-111.121,-110.478,-106.764,PERSISTING,1,1,-270.025809,95.262213,0
72,UES1,29,36,36,2,-108.755,-88.9966,-110.482,ALTERNATIVE_AVAILABLE,0,1,-32.388740,175.939462,0
72,UES1,30,37,37,7,-116.804,-115.15,-126.848,PERSISTING,1,1,-92.913726,-386.961427,0
72,UES1,31,38,38,5,-108.285,-117.81,-120.607,PERSISTING,0,1,363.741212,94.915246,0
72,UES1,32,39,39,1,-108.793,-89.9452,-100.921,ALTERNATIVE_AVAILABLE,0,1,66.702935,-294.808715,0
72,UES1,33,40,40,3,-104.148,-101.35,-87.6015,ALTERNATIVE_AVAILABLE,0,1,-196.383322,205.471314,0
72,UES1,34,41,41,3,-117.29,-111.064,-110.382,PERSISTING,3,1,52.869413,-369.350498,0
72,UES1,35,42,42,1,-109.422,-94.2941,-92.5678,ALTERNATIVE_AVAILABLE,0,1,295.334247,-155.759066,0
72,UES1,36,43,43,5,-104.239,-112.271,-117.965,PERSISTING,0,1,338.307730,270.666634,0
72,UES1,37,44,44,1,-112.003,-109.162,-101.199,PERSISTING,0,1,69.727982,-329.135190,0
72,UES1,38,45,45,4,-105.522,-108.287,-117.228,PERSISTING,3,1,-237.284426,-173.001910,0
72,UES1,39,46,46,4,-111.08,-89.5473,-114.648,ALTERNATIVE_AVAILABLE,0,1,-275.967799,-9.038533,0
72,UES1,40,47,47,3,-108.961,-100.479,-101.454,PERSISTING,2,1,-274.804630,295.682610,0
72,UES1,41,48,48,3,-117.423,-111.948,-82.7026,ALTERNATIVE_AVAILABLE,0,1,-393.400048,-306.000503,0
72,UES1,42,49,49,1,-81.5463,-70.4127,-114.122,SERVED,0,1,109.985071,208.844832,0
72,UES1,43,50,50,1,-103.075,-76.1776,-92.6256,ALTERNATIVE_AVAILABLE,0,1,176.490004,-233.977572,0
72,UES1,44,51,51,3,-100.287,-102.714,-113.059,PERSISTING,1,1,-91.026848,275.901084,0
72,UES1,45,52,52,4,-105.265,-108.584,-115.336,PERSISTING,1,1,-194.492032,-282.382237,0
72,UES1,46,53,53,4,-117.081,-99.1257,-124.634,ALTERNATIVE_AVAILABLE,0,1,-195.421488,-331.840302,0
72,UES1,47,54,54,4,-111.472,-104.127,-101.336,PERSISTING,0,1,-183.485458,-256.234474,0
72,UES1,48,55,55,4,-106.352,-101.066,-113.653,PERSISTING,1,1,-320.399451,-158.503751,0
72,UES1,49,56,56,1,-98.128,-104.14,-104.685,SERVED,0,1,196.231616,-162.899338,0
72,UES1,50,57,57,3,-108.772,-108.858,-117.198,PERSISTING,0,1,-123.517301,-302.906799,0
72,UES1,51,58,58,1,-116.564,-115.901,-107.675,PERSISTING,0,1,362.476555,139.993987,0
72,UES1,52,59,59,6,-86.004,-120.204,-130.388,SERVED,0,1,-293.904755,300.236855,0
72,UES1,53,60,60,3,-114.463,-112.107,-115.04,MOVE_REQUIRED,6,1,-434.914487,-100.455597,1
72,UES1,54,61,61,1,-107.168,-107.56,-108.105,PERSISTING,0,1,6.942025,-299.465064,0
72,UES1,55,62,62,1,-104.257,-90.4223,-82.2359,ALTERNATIVE_AVAILABLE,0,1,267.703525,-137.123039,0
72,UES1,56,63,63,2,-88.8235,-104.231,-111.539,SERVED,0,1,-9.206417,-272.390509,0
72,UES1,57,64,64,6,-90.1288,-111.675,-117.368,SERVED,0,1,-205.664277,344.151080,0
72,UES1,58,65,65,4,-114.177,-112.067,-84.328,ALTERNATIVE_AVAILABLE,0,1,-155.246912,-370.560688,0
72,UES1,59,66,66,7,-108.945,-113.708,-115.29,PERSISTING,0,1,337.321894,-302.437811,0
72,UES2,0,67,67,6,-91.9225,-110.495,-125.057,SERVED,0,1,-283.566672,342.939896,0
72,UES2,1,68,68,3,-119.277,-107.786,-103.91,PERSISTING,2,1,301.551284,281.322827,0
72,UES2,2,69,69,1,-116.977,-117.726,-115.1,PERSISTING,0,1,417.538244,-321.193235,0
72,UES2,3,70,70,6,-64.444,-120.169,-131.307,SERVED,0,1,-331.186286,259.161950,0
72,UES2,4,71,71,5,-105.456,-112.408,-119.97,PERSISTING,1,1,334.806891,331.003984,0
72,UES2,5,72,72,3,-95.6368,-112.216,-111.58,SERVED,0,1,373.455795,-340.015488,0
72,UES2,6,73,73,6,-107.489,-97.4896,-128.473,ALTERNATIVE_AVAILABLE,0,1,-398.214122,328.562045,0
72,UES2,7,74,74,2,-113.025,-116.663,-88.3408,ALTERNATIVE_AVAILABLE,0,1,279.212961,435.490177,0
72,UES2,8,75,75,1,-111.579,-114.07,-111.553,PERSISTING,0,1,396.528996,-300.373926,0
72,UES2,9,76,76,6,-77.6863,-123.866,-130.009,SERVED,0,1,-404.140421,307.371635,0
72,UES2,10,77,77,5,-97.9139,-123.432,-127.581,SERVED,0,1,346.553027,374.122548,0
72,UES2,11,78,78,7,-115.036,-116.425,-122.143,PERSISTING,3,1,390.105965,-418.405119,0
72,UES2,12,79,79,4,-113.373,-112.52,-97.8038,ALTERNATIVE_AVAILABLE,0,1,-378.709464,304.125092,0
72,UES2,13,80,80,5,-107.591,-110.604,-121.326,PERSISTING,1,1,382.069312,287.280106,0
72,UES2,14,81,81,4,-123.99,-113.089,-115.868,PERSISTING,3,1,412.017715,-313.283949,0
72,UES2,15,82,82,6,-82.4612,-113.264,-124.732,SERVED,0,1,-334.574610,328.645983,0
72,UES2,16,83,83,4,-84.701,-97.9669,-109.262,SERVED,0,1,420.437629,330.130057,0
72,UES2,17,84,84,3,-117.035,-113.607,-104.37,PERSISTING,1,1,291.328323,-351.021215,0
72,UES2,18,85,85,3,-121.842,-115.435,-81.589,ALTERNATIVE_AVAILABLE,0,1,-403.688952,376.771135,0
72,UES2,19,86,86,5,-99.9201,-106.938,-124.705,SERVED,0,1,281.628213,379.716175,0
72,UES2,20,87,87,2,-116.181,-112.999,-111.676,PERSISTING,2,1,362.754082,-387.939919,0
72,UES2,21,88,88,6,-104.65,-111.346,-126.713,MOVE_REQUIRED,13,1,-402.146642,446.137970,1
72,UES2,22,89,89,5,-110.112,-123.937,-126.646,PERSISTING,0,1,368.942716,367.553130,0
72,UES2,23,90,90,7,-105.661,-106.565,-117.548,PERSISTING,0,1,363.091180,-308.308932,0
72,UES2,24,91,91,6,-109.859,-115.582,-127.119,PERSISTING,0,1,-430.853581,370.884710,0
72,UES2,25,92,92,5,-114.903,-117.11,-123.407,PERSISTING,0,1,387.663441,415.345861,0
72,UES2,26,93,93,7,-94.9184,-118.638,-122.42,SERVED,0,1,324.765868,-265.789890,0
72,UES2,27,94,94,2,-112.651,-110.287,-95.0002,ALTERNATIVE_AVAILABLE,0,1,-414.473122,278.404767,0
72,UES2,28,95,95,2,-120.177,-99.6675,-98.3196,ALTERNATIVE_AVAILABLE,0,1,378.435263,413.165678,0
72,UES2,29,96,96,2,-115.543,-118.303,-112.807,MOVE_REQUIRED,6,1,410.455623,-291.332649,1
73,UES1,0,7,7,4,-107.202,-112.362,-115.265,PERSISTING,1,1,-234.569262,-331.852193,0
73,UES1,1,8,8,1,-109.445,-108.528,-95.8102,ALTERNATIVE_AVAILABLE,0,1,265.410798,-260.555367,0
73,UES1,2,9,9,6,-99.2524,-112.845,-123.781,SERVED,0,1,-310.974857,326.860267,0
73,UES1,3,10,10,7,-100.922,-111.205,-120.441,PERSISTING,0,1,269.003980,-267.275774,0
73,UES1,4,11,11,2,-107.413,-110.845,-95.9054,ALTERNATIVE_AVAILABLE,0,1,227.596901,285.413813,0
73,UES1,5,12,12,3,-105.751,-109.39,-94.8756,ALTERNATIVE_AVAILABLE,0,1,-258.636842,228.310650,0
73,UES1,6,13,13,2,-78.2651,-109.003,-109.802,SERVED,0,1,89.225486,284.954379,0
73,UES1,7,14,14,2,-108.076,-78.9026,-108.465,ALTERNATIVE_AVAILABLE,0,1,-28.966334,-287.954876,0
73,UES1,8,15,15,1,-112.619,-109.744,-101.188,PERSISTING,3,1,149.322087,-347.972610,0
73,UES1,9,16,16,2,-101.486,-79.8204,-105.713,ALTERNATIVE_AVAILABLE,0,1,243.114552,-63.330409,0
73,UES1,10,17,17,4,-111.265,-111.135,-112.694,PERSISTING,5,1,-98.173917,-334.532286,0
73,UES1,11,18,18,3,-110.512,-104.865,-110.44,PERSISTING,0,1,-264.572310,126.897891,0
73,UES1,12,19,19,5,-102.578,-110.281,-118.759,PERSISTING,0,1,408.302137,14.705308,0
73,UES1,13,20,20,5,-100.418,-113.154,-114.743,PERSISTING,2,1,165.863001,289.349914,0
73,UES1,14,21,21,7,-94.5431,-106.719,-114.848,SERVED,0,1,227.002347,-240.806830,0
73,UES1,15,22,22,3,-108.465,-106.434,-106.055,PERSISTING,0,1,68.512427,-267.261557,0
73,UES1,16,23,23,2,-123.711,-112.712,-106.3,PERSISTING,3,1,-413.441440,-31.875166,0
73,UES1,17,24,24,1,-96.0173,-99.5841,-110.204,SERVED,0,1,240.820213,-1.841241,0
73,UES1,18,25,25,1,-99.9979,-103.361,-112.321,SERVED,0,1,186.305426,-211.873456,0
73,UES1,19,26,26,4,-107.745,-103.875,-98.5796,ALTERNATIVE_AVAILABLE,0,1,-171.067141,-284.916223,0
73,UES1,20,27,27,6,-69.1152,-120.232,-127.943,SERVED,0,1,-292.955862,268.002331,0
73,UES1,21,28,28,4,-114.603,-114.834,-110.752,PERSISTING,0,1,-189.066782,401.654859,0
73,UES1,22,29,29,5,-105.358,-80.791,-125.205,ALTERNATIVE_AVAILABLE,0,1,344.925265,222.018776,0
73,UES1,23,30,30,1,-110.24,-85.3258,-80.5411,ALTERNATIVE_AVAILABLE,0,1,109.106719,-326.965816,0
73,UES1,24,31,31,6,-84.6622,-105.364,-123.367,SERVED,0,1,-224.771187,254.362929,0
73,UES1,25,32,32,3,-106.972,-109.231,-115.006,PERSISTING,2,1,-49.463148,393.546103,0
73,UES1,26,33,33,5,-64.6028,-115.586,-121.744,SERVED,0,1,356.136145,183.918400,0
73,UES1,27,34,34,2,-114.468,-107.968,-112.61,MOVE_REQUIRED,6,1,41.282636,304.162315,1
73,UES1,28,35,35,4,-105.809,-95.6041,-110.666,ALTERNATIVE_AVAILABLE,0,1,-266.180487,94.167197,0
73,UES1,29,36,36,2,-104.911,-103.111,-110.865,PERSISTING,0,1,-34.345538,180.717437,0
73,UES1,30,37,37,7,-113.418,-115.072,-126.866,PERSISTING,2,1,-94.889831,-392.043230,0
73,UES1,31,38,38,5,-109.173,-110.204,-120.013,PERSISTING,1,1,367.919293,96.538463,0
73,UES1,32,39,39,1,-105.03,-109.121,-91.1661,ALTERNATIVE_AVAILABLE,0,1,67.908936,-299.808113,0
73,UES1,33,40,40,3,-98.3566,-103.139,-108.494,SERVED,0,1,-201.901468,205.472521,0
73,UES1,34,41,41,3,-111.719,-110.977,-103.975,PERSISTING,4,1,55.030693,-373.733336,0
73,UES1,35,42,42,1,-106.794,-78.3265,-98.7973,ALTERNATIVE_AVAILABLE,0,1,300.173402,-158.558386,0
73,UES1,36,43,43,5,-76.1104,-108.641,-95.6643,SERVED,0,1,341.026415,272.625361,0
73,UES1,37,44,44,1,-83.1394,-110.215,-103.808,SERVED,0,1,71.204282,-334.972792,0
73,UES1,38,45,45,4,-99.1964,-108.802,-118.236,SERVED,0,1,-241.012750,-175.803416,0
73,UES1,39,46,46,4,-84.1935,-108.229,-118.172,SERVED,0,1,-280.502410,-8.749089,0
73,UES1,40,47,47,3,-108.865,-115.491,-96.9622,ALTERNATIVE_AVAILABLE,0,1,-277.646771,302.594588,0
73,UES1,41,48,48,3,-118.186,-118.249,-119.815,PERSISTING,0,1,-397.387117,-308.246689,0
73,UES1,42,49,49,1,-83.2075,-100.533,-116.16,SERVED,0,1,111.323698,212.089411,0
73,UES1,43,50,50,1,-107.681,-108.596,-94.5591,ALTERNATIVE_AVAILABLE,0,1,179.179392,-236.821367,0
73,UES1,44,51,51,3,-105.146,-105.698,-95.1613,ALTERNATIVE_AVAILABLE,0,1,-93.781617,280.226581,0
73,UES1,45,52,52,4,-110.753,-81.2886,-115.634,ALTERNATIVE_AVAILABLE,0,1,-198.427013,-285.477373,0
73,UES1,46,53,53,4,-109.771,-118.092,-119.634,PERSISTING,0,1,-197.892578,-335.698640,0
73,UES1,47,54,54,4,-109.987,-106.687,-100.982,PERSISTING,1,1,-184.370890,-262.180544,0
73,UES1,48,55,55,4,-106.32,-107.392,-110.99,PERSISTING,2,1,-325.883299,-162.124764,0
73,UES1,49,56,56,1,-99.3721,-103.352,-98.5174,SERVED,0,1,199.548728,-167.115143,0
73,UES1,50,57,57,3,-110.091,-109.21,-85.196,ALTERNATIVE_AVAILABLE,0,1,-123.447314,-308.047890,0
73,UES1,51,58,58,1,-115.356,-109.118,-88.4366,ALTERNATIVE_AVAILABLE,0,1,364.588929,143.901637,0
73,UES1,52,59,59,6,-75.3917,-120.419,-131.551,SERVED,0,1,-297.325348,302.788077,0
73,UES1,53,60,60,3,-111.934,-87.3445,-117.321,ALTERNATIVE_AVAILABLE,0,1,-440.789832,-100.519420,0
73,UES1,54,61,61,1,-80.0892,-109.008,-107.511,SERVED,0,1,5.944142,-302.725317,0
73,UES1,55,62,62,2,-110.573,-106.675,-114.701,PERSISTING,0,1,269.314862,-141.143970,0
73,UES1,56,63,63,2,-108.882,-106.899,-108.288,PERSISTING,0,1,-9.576698,-277.069991,0
73,UES1,57,64,64,6,-105.371,-108.848,-118.342,PERSISTING,0,1,-206.732034,349.305584,0
73,UES1,58,65,65,4,-110.374,-114.215,-83.8321,ALTERNATIVE_AVAILABLE,0,1,-156.966568,-376.515931,0
73,UES1,59,66,66,7,-110.729,-114.764,-123.287,PERSISTING,1,1,340.824102,-304.873831,0
73,UES2,0,67,67,6,-90.8898,-119.861,-120.359,SERVED,0,1,-277.469623,343.968240,0
73,UES2,1,68,68,3,-120.007,-103.933,-102.852,PERSISTING,3,1,299.409061,277.381371,0
73,UES2,2,69,69,1,-109.391,-115.488,-116.899,PERSISTING,1,1,420.803459,-317.724333,0
73,UES2,3,70,70,6,-64.7773,-119.587,-128.755,SERVED,0,1,-333.297765,254.569904,0
73,UES2,4,71,71,5,-105.329,-114.574,-117.927,PERSISTING,2,1,335.047493,325.979133,0
73,UES2,5,72,72,3,-124.49,-112.062,-83.7484,ALTERNATIVE_AVAILABLE,0,1,372.937047,-335.716865,0
73,UES2,6,73,73,6,-106.307,-113.634,-125.022,PERSISTING,0,1,-395.850455,331.685617,0
73,UES2,7,74,74,2,-115.522,-118.675,-117.867,PERSISTING,0,1,282.769199,431.792580,0
73,UES2,8,75,75,1,-112.167,-112.591,-113.525,PERSISTING,1,1,395.162891,-296.965623,0
73,UES2,9,76,76,6,-95.3053,-123.872,-128.89,SERVED,0,1,-400.657390,307.752128,0
73,UES2,10,77,77,5,-109.782,-120.586,-124.083,PERSISTING,0,1,348.569836,377.361981,0
73,UES2,11,78,78,7,-116.954,-117.243,-121.069,PERSISTING,4,1,389.831689,-415.264634,0
73,UES2,12,79,79,4,-113.999,-115.532,-112.385,PERSISTING,0,1,-381.537831,299.088800,0
73,UES2,13,80,80,5,-101.688,-115.127,-123.099,PERSISTING,2,1,380.749833,291.657651,0
73,UES2,14,81,81,4,-120.768,-116.173,-116.062,PERSISTING,4,1,412.398422,-317.945586,0
73,UES2,15,82,82,6,-86.0626,-88.0195,-131.265,SERVED,0,1,-334.912432,333.837158,0
73,UES2,16,83,83,4,-120.012,-85.0695,-107.474,ALTERNATIVE_AVAILABLE,0,1,416.204505,333.113272,0
73,UES2,17,84,84,3,-120.057,-112.373,-103.541,PERSISTING,2,1,290.540499,-353.321218,0
73,UES2,18,85,85,3,-118.936,-115.221,-81.8951,ALTERNATIVE_AVAILABLE,0,1,-402.363524,381.429635,0
73,UES2,19,86,86,5,-113.6,-114.459,-125.664,PERSISTING,0,1,278.570622,381.685428,0
73,UES2,20,87,87,2,-124.876,-113.091,-118.43,PERSISTING,3,1,367.327115,-389.125808,0
73,UES2,21,88,88,6,-102.785,-123.67,-124.954,MOVE_REQUIRED,14,1,-398.772931,445.453481,1
73,UES2,22,89,89,5,-108.884,-97.298,-127.506,ALTERNATIVE_AVAILABLE,0,1,371.966141,369.984486,0
73,UES2,23,90,90,7,-107.824,-112.304,-112.728,PERSISTING,1,1,367.098266,-311.447839,0
73,UES2,24,91,91,6,-105.431,-117.256,-127.476,PERSISTING,1,1,-433.822347,371.748545,0
73,UES2,25,92,92,5,-114.92,-115.78,-119.658,PERSISTING,1,1,385.465397,412.292035,0
73,UES2,26,93,93,7,-95.8973,-115.409,-121.597,SERVED,0,1,327.190555,-263.313016,0
73,UES2,27,94,94,2,-130.326,-125.586,-94.7237,ALTERNATIVE_AVAILABLE,0,1,-414.990033,283.671225,0
73,UES2,28,95,95,2,-128.083,-121.592,-112.98,PERSISTING,0,1,374.084575,413.222212,0
73,UES2,29,96,96,2,-113.625,-115.196,-116.237,MOVE_REQUIRED,7,1,407.581293,-293.773806,1
74,UES1,0,7,7,4,-110.255,-112.529,-117.753,PERSISTING,2,1,-236.465215,-337.020294,0
74,UES1,1,8,8,1,-113.319,-82.4917,-86.0264,ALTERNATIVE_AVAILABLE,0,1,269.583909,-263.721295,0
74,UES1,2,9,9,6,-105.339,-113.934,-123.021,PERSISTING,0,1,-314.697049,330.691462,0
74,UES1,3,10,10,7,-103.638,-109.021,-119.952,PERSISTING,1,1,272.290257,-270.116025,0
74,UES1,4,11,11,2,-108.554,-110.671,-83.9143,ALTERNATIVE_AVAILABLE,0,1,230.221916,289.326320,0
74,UES1,5,12,12,3,-103.337,-75.2561,-96.4821,ALTERNATIVE_AVAILABLE,0,1,-262.768298,232.159313,0
74,UES1,6,13,13,2,-103.533,-107.397,-110.144,PERSISTING,0,1,88.759084,290.340144,0
74,UES1,7,14,14,2,-108.628,-78.3235,-113.64,ALTERNATIVE_AVAILABLE,0,1,-31.440485,-292.908630,0
74,UES1,8,15,15,1,-110.422,-112.744,-107.688,PERSISTING,4,1,150.806296,-352.365446,0
74,UES1,9,16,16,2,-100.842,-100.851,-105.493,PERSISTING,0,1,246.184882,-64.919649,0
74,UES1,10,17,17,4,-113.58,-110.869,-114.238,MOVE_REQUIRED,6,1,-100.448985,-340.084416,1
74,UES1,11,18,18,3,-104.443,-106.982,-100.748,PERSISTING,1,1,-268.776788,127.091843,0
74,UES1,12,19,19,5,-103.289,-103.429,-120.605,PERSISTING,1,1,413.456234,15.512223,0
74,UES1,13,20,20,5,-102.316,-113.993,-127.952,PERSISTING,3,1,167.768838,293.250797,0
74,UES1,14,21,21,7,-96.5515,-79.6677,-118.293,SERVED,0,1,230.705497,-245.650898,0
74,UES1,15,22,22,3,-113.04,-106.657,-103.612,PERSISTING,1,1,67.161061,-272.726826,0
74,UES1,16,23,23,2,-120.186,-114.484,-109.258,PERSISTING,4,1,-420.321914,-32.413114,0
74,UES1,17,24,24,1,-103.818,-77.5527,-101.943,ALTERNATIVE_AVAILABLE,0,1,246.998803,-0.401711,0
74,UES1,18,25,25,1,-99.7905,-104.126,-99.4046,SERVED,0,1,190.584448,-216.253822,0
74,UES1,19,26,26,4,-106.647,-110.365,-116.024,PERSISTING,0,1,-172.814219,-289.338852,0
74,UES1,20,27,27,6,-75.1789,-120.244,-131.169,SERVED,0,1,-295.758863,270.632179,0
74,UES1,21,28,28,4,-110.504,-114.173,-106.189,PERSISTING,1,1,-191.034395,407.069119,0
74,UES1,22,29,29,5,-100.051,-108.895,-122.637,PERSISTING,0,1,346.836213,225.406470,0
74,UES1,23,30,30,1,-117.506,-110.856,-108.321,PERSISTING,0,1,111.156694,-331.640814,0
74,UES1,24,31,31,6,-112.873,-109.14,-124.851,PERSISTING,0,1,-231.588900,257.326396,0
74,UES1,25,32,32,3,-113.843,-111.888,-112.327,PERSISTING,3,1,-50.613245,398.509651,0
74,UES1,26,33,33,5,-65.3766,-122.349,-124.196,SERVED,0,1,359.031021,186.985967,0
74,UES1,27,34,34,2,-122.299,-112.414,-111.223,MOVE_REQUIRED,7,1,39.031672,307.738066,1
74,UES1,28,35,35,4,-104.334,-97.4297,-106.569,ALTERNATIVE_AVAILABLE,0,1,-261.431266,92.003453,0
74,UES1,29,36,36,2,-109.916,-103.075,-116.69,PERSISTING,1,1,-37.138597,183.866636,0
74,UES1,30,37,37,7,-79.5855,-115.008,-121.182,SERVED,0,1,-96.568673,-395.924516,0
74,UES1,31,38,38,5,-108.415,-109.061,-122.889,PERSISTING,2,1,372.017841,98.214029,0
74,UES1,32,39,39,1,-107.771,-108.511,-105.307,PERSISTING,0,1,67.049529,-305.031361,0
74,UES1,33,40,40,3,-102.929,-106.007,-92.5809,ALTERNATIVE_AVAILABLE,0,1,-205.588600,205.254031,0
74,UES1,34,41,41,3,-115.609,-111.559,-99.5966,ALTERNATIVE_AVAILABLE,0,1,56.986646,-377.962046,0
74,UES1,35,42,42,1,-111.314,-77.0852,-109.926,ALTERNATIVE_AVAILABLE,0,1,304.211856,-161.201638,0
74,UES1,36,43,43,5,-102.7,-107.406,-121.487,PERSISTING,0,1,344.966536,276.522177,0
74,UES1,37,44,44,1,-113.489,-110.898,-102.957,PERSISTING,0,1,71.615242,-339.341125,0
74,UES1,38,45,45,4,-107.54,-112.449,-117.649,PERSISTING,0,1,-245.857933,-177.636493,0
74,UES1,39,46,46,4,-88.0229,-106.574,-117.36,SERVED,0,1,-286.302500,-8.062178,0
74,UES1,40,47,47,3,-111.869,-107.662,-108.748,PERSISTING,0,1,-280.313359,305.068909,0
74,UES1,41,48,48,3,-116.986,-114.393,-113.276,PERSISTING,1,1,-401.122929,-310.091745,0
74,UES1,42,49,49,1,-79.4372,-101.974,-111.922,SERVED,0,1,113.918752,217.363149,0
74,UES1,43,50,50,1,-102.998,-109.985,-105.187,PERSISTING,0,1,183.757127,-239.836843,0
74,UES1,44,51,51,3,-106.141,-102.673,-107.007,PERSISTING,0,1,-95.665315,284.563173,0
74,UES1,45,52,52,4,-110.337,-108.348,-119.992,PERSISTING,0,1,-201.722177,-289.473828,0
74,UES1,46,53,53,4,-113.157,-119.267,-119.333,PERSISTING,1,1,-200.495059,-339.558560,0
74,UES1,47,54,54,4,-107.565,-77.989,-117.651,ALTERNATIVE_AVAILABLE,0,1,-187.464972,-265.818300,0
74,UES1,48,55,55,4,-110.577,-105.761,-116.025,PERSISTING,3,1,-329.117066,-164.162917,0
74,UES1,49,56,56,1,-104.529,-102.41,-90.745,ALTERNATIVE_AVAILABLE,0,1,203.059420,-169.939116,0
74,UES1,50,57,57,3,-113.704,-108.935,-113.716,PERSISTING,0,1,-124.123281,-312.107613,0
74,UES1,51,58,58,1,-116.061,-119.433,-107.896,PERSISTING,0,1,367.616848,148.432856,0
74,UES1,52,59,59,6,-69.0806,-116.501,-128.719,SERVED,0,1,-302.012005,306.257253,0
74,UES1,53,60,60,3,-114.573,-117.697,-110.137,PERSISTING,0,1,-445.729383,-102.845954,0
74,UES1,54,61,61,1,-108.919,-111.008,-112.665,PERSISTING,0,1,3.911968,-308.313477,0
74,UES1,55,62,62,2,-107.479,-105.957,-83.5965,ALTERNATIVE_AVAILABLE,0,1,274.265114,-144.441379,0
74,UES1,56,63,63,2,-109.826,-72.4183,-105.964,ALTERNATIVE_AVAILABLE,0,1,-8.221555,-281.882377,0
74,UES1,57,64,64,6,-103.199,-107.526,-120.546,PERSISTING,1,1,-209.424822,353.299560,0
74,UES1,58,65,65,4,-111.413,-81.8,-110.264,ALTERNATIVE_AVAILABLE,0,1,-158.575885,-380.327381,0
74,UES1,59,66,66,7,-110.553,-115.852,-116.236,PERSISTING,2,1,344.789515,-308.690410,0
74,UES2,0,67,67,6,-95.844,-117.023,-129.491,SERVED,0,1,-274.385264,344.190486,0
74,UES2,1,68,68,3,-114.719,-113.731,-104.039,PERSISTING,4,1,298.145405,274.216330,0
74,UES2,2,69,69,1,-113.666,-116.386,-98.0491,ALTERNATIVE_AVAILABLE,0,1,417.967477,-317.647216,0
74,UES2,3,70,70,6,-65.7122,-103.267,-108.204,SERVED,0,1,-334.882655,255.866480,0
74,UES2,4,71,71,5,-101.336,-112.524,-124.055,PERSISTING,3,1,335.103800,324.648099,0
74,UES2,5,72,72,3,-113.824,-115.21,-111.663,PERSISTING,0,1,373.485529,-332.170797,0
74,UES2,6,73,73,6,-110.839,-117.231,-130.137,PERSISTING,1,1,-395.150087,336.608789,0
74,UES2,7,74,74,2,-112.517,-120.084,-114.383,PERSISTING,1,1,285.161051,428.726643,0
74,UES2,8,75,75,1,-118.188,-112.453,-112.385,PERSISTING,2,1,393.988285,-291.403314,0
74,UES2,9,76,76,6,-88.4366,-126.186,-127.576,SERVED,0,1,-396.136737,308.081405,0
74,UES2,10,77,77,5,-104.781,-121.567,-121.038,PERSISTING,1,1,352.171192,379.742330,0
74,UES2,11,78,78,7,-116.371,-113.258,-121.494,PERSISTING,5,1,386.994872,-412.888166,0
74,UES2,12,79,79,4,-115.368,-113.979,-91.7801,ALTERNATIVE_AVAILABLE,0,1,-384.611506,297.625334,0
74,UES2,13,80,80,5,-107.513,-108.778,-119.494,PERSISTING,3,1,379.154013,294.801324,0
74,UES2,14,81,81,4,-118.976,-114.728,-113.224,PERSISTING,5,1,411.597411,-321.933238,0
74,UES2,15,82,82,6,-91.3999,-115.123,-126.531,SERVED,0,1,-333.881462,337.572699,0
74,UES2,16,83,83,4,-120.752,-114.611,-98.1396,ALTERNATIVE_AVAILABLE,0,1,413.743948,335.409065,0
74,UES2,17,84,84,3,-122.352,-85.9369,-103.21,ALTERNATIVE_AVAILABLE,0,1,286.889271,-357.402262,0
74,UES2,18,85,85,3,-114.892,-118.707,-88.731,ALTERNATIVE_AVAILABLE,0,1,-402.041751,385.811074,0
74,UES2,19,86,86,5,-116.151,-112.372,-118.333,PERSISTING,1,1,275.788359,384.563475,0
74,UES2,20,87,87,2,-114.13,-75.4941,-107.388,ALTERNATIVE_AVAILABLE,0,1,370.733064,-391.203433,0
74,UES2,21,88,88,6,-91.9873,-121.696,-130.637,SERVED,0,1,-395.245199,444.050105,0
74,UES2,22,89,89,5,-109.54,-116.075,-124.671,PERSISTING,0,1,374.632543,373.052982,0
74,UES2,23,90,90,7,-109.514,-114.038,-120.744,PERSISTING,2,1,372.434978,-313.393886,0
74,UES2,24,91,91,6,-90.7298,-115.655,-124.116,SERVED,0,1,-438.017735,373.339347,0
74,UES2,25,92,92,5,-111.589,-84.7446,-125.306,ALTERNATIVE_AVAILABLE,0,1,383.028555,408.937961,0
74,UES2,26,93,93,7,-94.3331,-119.849,-117.302,SERVED,0,1,326.073289,-265.435561,0
74,UES2,27,94,94,2,-132.572,-99.5658,-74.3254,ALTERNATIVE_AVAILABLE,0,1,-418.815235,286.728676,0
74,UES2,28,95,95,2,-125.002,-124.85,-115.664,PERSISTING,1,1,371.382507,415.330236,0
74,UES2,29,96,96,2,-115.628,-115.617,-114.574,MOVE_REQUIRED,8,1,404.209929,-296.364830,1
75,UES1,0,7,7,4,-109.287,-113.092,-117.017,PERSISTING,3,1,-239.559033,-339.470916,0
75,UES1,1,8,8,1,-99.8082,-113.641,-96.9609,SERVED,0,1,273.028344,-268.464795,0
75,UES1,2,9,9,6,-98.5306,-113.915,-121.508,SERVED,0,1,-317.707854,334.222127,0
75,UES1,3,10,10,7,-111.637,-85.3436,-118.304,ALTERNATIVE_AVAILABLE,0,1,276.393662,-273.542332,0
75,UES1,4,11,11,2,-110.255,-103.355,-102.957,PERSISTING,0,1,233.376171,292.599377,0
75,UES1,5,12,12,4,-109.914,-99.5373,-99.9188,ALTERNATIVE_AVAILABLE,0,1,-264.481808,235.330213,0
75,UES1,6,13,13,2,-104.301,-104.225,-102.176,PERSISTING,1,1,88.986347,295.543268,0
75,UES1,7,14,14,4,-102.687,-105.84,-110.843,PERSISTING,0,1,-31.214134,-297.903652,0
75,UES1,8,15,15,7,-87.0829,-110.78,-115.488,SERVED,0,1,154.518065,-355.678651,0
75,UES1,9,16,16,2,-105.86,-110.939,-105.887,PERSISTING,1,1,251.900295,-67.752475,0
75,UES1,10,17,17,4,-113.664,-111.764,-98.2464,ALTERNATIVE_AVAILABLE,0,1,-100.244009,-344.876837,0
75,UES1,11,18,18,3,-83.8584,-109.127,-99.6913,SERVED,0,1,-273.614218,128.679378,0
75,UES1,12,19,19,5,-94.5973,-108.389,-123.447,SERVED,0,1,418.745256,18.510144,0
75,UES1,13,20,20,5,-98.3639,-114.974,-128.206,SERVED,0,1,170.180669,296.250486,0
75,UES1,14,21,21,7,-97.2234,-109.945,-115.303,SERVED,0,1,233.703907,-249.069585,0
75,UES1,15,22,22,3,-111.029,-108.956,-104.784,PERSISTING,2,1,67.264046,-277.318439,0
75,UES1,16,23,23,2,-128,-108.826,-108.83,PERSISTING,5,1,-424.823612,-31.809663,0
75,UES1,17,24,24,1,-104.746,-98.5691,-105.812,ALTERNATIVE_AVAILABLE,0,1,251.530763,-0.371250,0
75,UES1,18,25,25,1,-100.231,-85.1652,-102.436,ALTERNATIVE_AVAILABLE,0,1,191.909976,-220.260752,0
75,UES1,19,26,26,4,-101.118,-111.417,-96.4115,ALTERNATIVE_AVAILABLE,0,1,-175.159221,-294.241913,0
75,UES1,20,27,27,6,-77.5774,-121.443,-131.271,SERVED,0,1,-299.846161,274.139247,0
75,UES1,21,28,28,4,-112.025,-111.653,-102.988,PERSISTING,2,1,-191.972802,411.684057,0
75,UES1,22,29,29,5,-106.162,-108.341,-122.44,PERSISTING,1,1,351.522726,227.982662,0
75,UES1,23,30,30,1,-114.699,-110.787,-102.186,PERSISTING,1,1,113.013040,-336.640250,0
75,UES1,24,31,31,6,-112.921,-110.329,-126.137,PERSISTING,1,1,-233.881249,259.030602,0
75,UES1,25,32,32,3,-84.4752,-111.705,-108.633,SERVED,0,1,-49.361367,403.872878,0
75,UES1,26,33,33,5,-82.3882,-118.945,-122.284,SERVED,0,1,362.960049,190.788610,0
75,UES1,27,34,34,2,-113.918,-114.792,-111.289,MOVE_REQUIRED,8,1,39.750580,314.892654,1
75,UES1,28,35,35,4,-101.078,-104.258,-99.1148,ALTERNATIVE_AVAILABLE,0,1,-255.420104,90.306284,0
75,UES1,29,36,36,3,-105.513,-94.0765,-110.232,ALTERNATIVE_AVAILABLE,0,1,-39.149400,188.560314,0
75,UES1,30,37,37,7,-114.591,-105.462,-121.596,PERSISTING,0,1,-98.748451,-401.276870,0
75,UES1,31,38,38,5,-109.323,-114.074,-120.087,PERSISTING,3,1,378.381024,100.345263,0
75,UES1,32,39,39,1,-111.663,-84.8695,-105.61,ALTERNATIVE_AVAILABLE,0,1,68.437903,-310.150891,0
75,UES1,33,40,40,3,-102.66,-106.386,-103.598,PERSISTING,0,1,-211.133052,203.662451,0
75,UES1,34,41,41,3,-87.9629,-111.284,-99.7094,SERVED,0,1,59.011203,-381.933299,0
75,UES1,35,42,42,2,-109.682,-88.8607,-104.541,ALTERNATIVE_AVAILABLE,0,1,308.170420,-162.865214,0
75,UES1,36,43,43,5,-88.9755,-109.768,-120.739,SERVED,0,1,348.797483,279.253672,0
75,UES1,37,44,44,1,-112.543,-109.771,-104.751,PERSISTING,1,1,74.135703,-344.542613,0
75,UES1,38,45,45,4,-108.755,-104.032,-112.298,PERSISTING,1,1,-249.682694,-179.806831,0
75,UES1,39,46,46,4,-100.009,-105.165,-112.297,PERSISTING,0,1,-291.515720,-7.963183,0
75,UES1,40,47,47,3,-114.603,-112.882,-108.23,PERSISTING,1,1,-283.440956,309.213392,0
75,UES1,41,48,48,3,-91.1544,-114.79,-120.418,SERVED,0,1,-405.053564,-314.704650,0
75,UES1,42,49,49,1,-105.385,-100.408,-98.232,ALTERNATIVE_AVAILABLE,0,1,115.418579,221.576188,0
75,UES1,43,50,50,4,-111.834,-104.984,-93.8635,ALTERNATIVE_AVAILABLE,0,1,187.262978,-244.068242,0
75,UES1,44,51,51,3,-103.338,-106.528,-103.85,PERSISTING,1,1,-96.356168,289.369338,0
75,UES1,45,52,52,4,-111.019,-110.577,-114.497,PERSISTING,1,1,-205.696113,-291.868927,0
75,UES1,46,53,53,3,-123.718,-111.772,-116.595,PERSISTING,2,1,-202.563496,-344.189895,0
75,UES1,47,54,54,3,-112.26,-103.778,-115.179,PERSISTING,0,1,-188.146526,-272.641441,0
75,UES1,48,55,55,3,-107.232,-106.728,-104.625,PERSISTING,4,1,-332.730458,-168.153575,0
75,UES1,49,56,56,1,-103.23,-105.24,-105.093,PERSISTING,0,1,207.359072,-173.506035,0
75,UES1,50,57,57,3,-110.154,-112.189,-114.806,PERSISTING,1,1,-126.169558,-317.794377,0
75,UES1,51,58,58,5,-86.823,-115.011,-119.708,SERVED,0,1,369.749311,153.172848,0
75,UES1,52,59,59,6,-72.8427,-121.049,-131.414,SERVED,0,1,-305.768986,308.352551,0
75,UES1,53,60,60,3,-116.746,-113.36,-114.702,PERSISTING,1,1,-449.837792,-102.752094,0
75,UES1,54,61,61,1,-105.709,-110.396,-109.488,PERSISTING,1,1,3.910317,-313.366442,0
75,UES1,55,62,62,2,-104.631,-103.173,-106.423,PERSISTING,0,1,277.885400,-148.186512,0
75,UES1,56,63,63,2,-110.001,-100.063,-103.671,PERSISTING,0,1,-9.037655,-287.775456,0
75,UES1,57,64,64,6,-108.246,-112.561,-122.023,PERSISTING,2,1,-210.844917,359.051182,0
75,UES1,58,65,65,4,-112.795,-84.1412,-118.84,ALTERNATIVE_AVAILABLE,0,1,-159.863199,-385.560008,0
75,UES1,59,66,66,7,-96.7981,-110.216,-116.078,SERVED,0,1,349.211959,-311.361906,0
75,UES2,0,67,67,6,-82.375,-117.539,-125.674,SERVED,0,1,-271.350037,345.148708,0
75,UES2,1,68,68,3,-116.527,-111.524,-91.1259,ALTERNATIVE_AVAILABLE,0,1,296.100030,277.934004,0
75,UES2,2,69,69,1,-113.896,-114.943,-103.381,PERSISTING,0,1,415.948856,-319.205151,0
75,UES2,3,70,70,6,-66.9528,-121.245,-127.629,SERVED,0,1,-337.652528,258.011013,0
75,UES2,4,71,71,5,-110.268,-112.247,-121.693,PERSISTING,4,1,334.460206,319.175679,0
75,UES2,5,72,72,3,-119.198,-112.388,-112.444,PERSISTING,1,1,372.849989,-327.969502,0
75,UES2,6,73,73,6,-98.8497,-115.349,-126.24,SERVED,0,1,-393.280953,340.771437,0
75,UES2,7,74,74,2,-115.427,-114.622,-101.581,PERSISTING,2,1,286.925446,425.480145,0
75,UES2,8,75,75,1,-117.731,-109.794,-112.252,PERSISTING,3,1,394.332401,-288.856390,0
75,UES2,9,76,76,6,-94.4673,-117.568,-135.632,SERVED,0,1,-393.809792,308.575196,0
75,UES2,10,77,77,5,-106.431,-121.684,-123.758,PERSISTING,2,1,355.683724,381.486157,0
75,UES2,11,78,78,7,-95.5128,-114.887,-119.988,SERVED,0,1,383.010718,-412.288515,0
75,UES2,12,79,79,4,-114.953,-113.674,-100.601,PERSISTING,0,1,-387.271679,293.628978,0
75,UES2,13,80,80,5,-108.324,-116.129,-120.592,PERSISTING,4,1,377.267530,298.097919,0
75,UES2,14,81,81,4,-120.288,-118.766,-114.013,MOVE_REQUIRED,6,1,410.853070,-326.469287,1
75,UES2,15,82,82,6,-85.5931,-114.611,-127.856,SERVED,0,1,-333.063921,341.995332,0
75,UES2,16,83,83,4,-123.319,-116.334,-110.461,PERSISTING,0,1,411.521985,337.341965,0
75,UES2,17,84,84,3,-115.657,-112.582,-106.29,PERSISTING,0,1,286.244475,-360.755041,0
75,UES2,18,85,85,3,-116.736,-118.383,-108.774,PERSISTING,0,1,-401.532373,390.028769,0
75,UES2,19,86,86,5,-105.865,-114.482,-123.759,PERSISTING,2,1,271.876671,386.927127,0
75,UES2,20,87,87,2,-122.583,-117.091,-113.029,PERSISTING,0,1,373.529972,-392.177953,0
75,UES2,21,88,88,6,-69.4243,-125.011,-122.482,SERVED,0,1,-390.844399,443.260957,0
75,UES2,22,89,89,5,-111.234,-124.689,-116.21,PERSISTING,1,1,376.856543,376.017865,0
75,UES2,23,90,90,7,-106.836,-116.617,-115.576,PERSISTING,3,1,373.618913,-315.752980,0
75,UES2,24,91,91,6,-110.832,-115.228,-118.366,PERSISTING,0,1,-434.216432,372.701834,0
75,UES2,25,92,92,5,-112.07,-116.051,-123.003,PERSISTING,0,1,379.284982,406.410309,0
75,UES2,26,93,93,7,-83.8993,-105.024,-121.225,SERVED,0,1,323.238213,-270.599313,0
75,UES2,27,94,94,2,-123.29,-121.381,-77.6665,ALTERNATIVE_AVAILABLE,0,1,-419.654835,289.973518,0
75,UES2,28,95,95,2,-117.768,-120.39,-112.326,PERSISTING,2,1,366.191926,414.047435,0
75,UES2,29,96,96,2,-113.644,-113.054,-111.504,MOVE_REQUIRED,9,1,399.383787,-297.648266,1
76,UES1,0,7,7,4,-113.812,-113.187,-116.819,PERSISTING,4,1,-242.893134,-344.645012,0
76,UES1,1,8,8,1,-111.873,-109.498,-101.609,PERSISTING,0,1,276.003810,-271.907205,0
76,UES1,2,9,9,6,-92.5876,-113.153,-123.253,SERVED,0,1,-321.373888,338.589089,0
76,UES1,3,10,10,7,-107.748,-109.208,-116.449,PERSISTING,0,1,278.784189,-276.437674,0
76,UES1,4,11,11,2,-107.36,-113.336,-95.9398,ALTERNATIVE_AVAILABLE,0,1,238.298201,294.972401,0
76,UES1,5,12,12,4,-102.889,-105.309,-106.861,PERSISTING,0,1,-268.139069,240.836163,0
76,UES1,6,13,13,2,-103.725,-99.8015,-101.592,ALTERNATIVE_AVAILABLE,0,1,89.131576,300.778079,0
76,UES1,7,14,14,4,-108.752,-107.19,-108.606,PERSISTING,1,1,-32.695081,-302.973354,0
76,UES1,8,15,15,7,-100.845,-87.8278,-120.883,ALTERNATIVE_AVAILABLE,0,1,156.360551,-360.271649,0
76,UES1,9,16,16,2,-101.202,-101.941,-99.2455,ALTERNATIVE_AVAILABLE,0,1,256.169693,-68.443034,0
76,UES1,10,17,17,4,-111.429,-89.4435,-95.4727,ALTERNATIVE_AVAILABLE,0,1,-99.322055,-350.176571,0
76,UES1,11,18,18,3,-105.641,-107.997,-103.966,PERSISTING,0,1,-277.821636,129.754269,0
76,UES1,12,19,19,5,-104.614,-108.755,-116.762,PERSISTING,0,1,424.579863,19.101849,0
76,UES1,13,20,20,5,-98.854,-107.907,-126.429,SERVED,0,1,172.968585,301.477880,0
76,UES1,14,21,21,7,-96.8513,-81.8177,-112.515,SERVED,0,1,236.316574,-251.878098,0
76,UES1,15,22,22,3,-109.812,-92.7115,-107.904,ALTERNATIVE_AVAILABLE,0,1,66.957353,-282.303295,0
76,UES1,16,23,23,2,-124.2,-113.275,-110.638,MOVE_REQUIRED,6,1,-428.992735,-32.016760,1
76,UES1,17,24,24,1,-106.93,-96.103,-109.353,ALTERNATIVE_AVAILABLE,0,1,256.325487,-0.133591,0
76,UES1,18,25,25,1,-108.389,-86.7233,-98.8318,ALTERNATIVE_AVAILABLE,0,1,194.818509,-224.183145,0
76,UES1,19,26,26,4,-87.4021,-112.409,-117.016,SERVED,0,1,-178.691990,-297.891384,0
76,UES1,20,27,27,6,-67.5316,-116.446,-127.246,SERVED,0,1,-303.826519,277.558075,0
76,UES1,21,28,28,4,-120.35,-116.577,-106.04,PERSISTING,3,1,-194.061160,416.331186,0
76,UES1,22,29,29,5,-99.8524,-94.0191,-124.383,SERVED,0,1,355.527968,231.728856,0
76,UES1,23,30,30,1,-112.573,-112.972,-99.069,ALTERNATIVE_AVAILABLE,0,1,113.955638,-341.786295,0
76,UES1,24,31,31,6,-88.398,-92.6038,-127.404,SERVED,0,1,-238.742729,262.301837,0
76,UES1,25,32,32,3,-112.635,-84.7946,-113.767,ALTERNATIVE_AVAILABLE,0,1,-51.299446,408.242843,0
76,UES1,26,33,33,5,-98.9139,-122.608,-122.984,SERVED,0,1,366.168765,194.625910,0
76,UES1,27,34,34,2,-108.901,-117.484,-109.578,MOVE_REQUIRED,9,1,38.324763,318.004498,1
76,UES1,28,35,35,4,-106.915,-101.749,-95.3739,ALTERNATIVE_AVAILABLE,0,1,-252.399208,89.534847,0
76,UES1,29,36,36,3,-106.925,-105.741,-97.9467,ALTERNATIVE_AVAILABLE,0,1,-42.327303,193.133433,0
76,UES1,30,37,37,7,-100.637,-106.488,-122.678,PERSISTING,1,1,-100.530952,-405.889286,0
76,UES1,31,38,38,5,-109.171,-105.459,-124.396,PERSISTING,4,1,382.015811,102.710960,0
76,UES1,32,39,39,1,-108.064,-111.809,-98.5892,ALTERNATIVE_AVAILABLE,0,1,69.105636,-316.482321,0
76,UES1,33,40,40,3,-99.5492,-102.676,-102.604,SERVED,0,1,-216.414609,203.328130,0
76,UES1,34,41,41,3,-121.992,-111.94,-106.898,PERSISTING,0,1,59.414912,-387.485748,0
76,UES1,35,42,42,2,-111.143,-106.637,-114.487,PERSISTING,0,1,313.065957,-166.311102,0
76,UES1,36,43,43,5,-100.816,-94.5223,-120.858,ALTERNATIVE_AVAILABLE,0,1,352.105112,282.701184,0
76,UES1,37,44,44,1,-117.821,-111.747,-108.004,PERSISTING,2,1,75.585410,-349.177880,0
76,UES1,38,45,45,4,-102.015,-110.206,-120.634,PERSISTING,2,1,-253.682475,-182.912446,0
76,UES1,39,46,46,4,-104.303,-103.992,-113.845,PERSISTING,1,1,-295.397955,-7.182664,0
76,UES1,40,47,47,3,-111.586,-111.685,-109.614,PERSISTING,2,1,-285.147165,314.507922,0
76,UES1,41,48,48,3,-123.103,-117.67,-122.755,PERSISTING,0,1,-409.347869,-316.985706,0
76,UES1,42,49,49,1,-104.69,-80.4046,-111.09,ALTERNATIVE_AVAILABLE,0,1,118.068574,226.796948,0
76,UES1,43,50,50,4,-111.741,-107.523,-92.8383,ALTERNATIVE_AVAILABLE,0,1,188.847288,-240.619759,0
76,UES1,44,51,51,3,-107.538,-105.496,-107.139,PERSISTING,2,1,-98.001220,292.754808,0
76,UES1,45,52,52,4,-112.998,-112.255,-94.2168,ALTERNATIVE_AVAILABLE,0,1,-207.780644,-295.848583,0
76,UES1,46,53,53,3,-104.658,-114.232,-122.978,PERSISTING,3,1,-205.711110,-349.334401,0
76,UES1,47,54,54,3,-107.994,-89.0939,-119.832,ALTERNATIVE_AVAILABLE,0,1,-188.967465,-276.407568,0
76,UES1,48,55,55,3,-89.2356,-82.863,-106.414,SERVED,0,1,-336.172162,-172.157875,0
76,UES1,49,56,56,1,-101.758,-107.347,-111.577,PERSISTING,1,1,210.640945,-176.587837,0
76,UES1,50,57,57,3,-113.067,-110.781,-116.161,PERSISTING,2,1,-128.755867,-314.161591,0
76,UES1,51,58,58,5,-109.963,-105.739,-121.282,PERSISTING,0,1,372.817842,157.353649,0
76,UES1,52,59,59,6,-85.2181,-126.614,-132.424,SERVED,0,1,-309.981800,312.090261,0
76,UES1,53,60,60,3,-115.923,-115.747,-118.559,PERSISTING,2,1,-454.732075,-103.744670,0
76,UES1,54,61,61,1,-110.239,-90.6297,-112.444,ALTERNATIVE_AVAILABLE,0,1,3.076967,-319.542670,0
76,UES1,55,62,62,2,-106.885,-91.3661,-111.484,ALTERNATIVE_AVAILABLE,0,1,281.529660,-150.939957,0
76,UES1,56,63,63,2,-108.875,-93.3069,-117.582,ALTERNATIVE_AVAILABLE,0,1,-7.282575,-291.171482,0
76,UES1,57,64,64,6,-101.784,-92.512,-117.748,ALTERNATIVE_AVAILABLE,0,1,-213.705466,363.364801,0
76,UES1,58,65,65,4,-114.653,-98.4409,-118.611,ALTERNATIVE_AVAILABLE,0,1,-160.717757,-389.743320,0
76,UES1,59,66,66,7,-112.377,-113.543,-118.158,PERSISTING,0,1,351.652097,-315.011868,0
76,UES2,0,67,67,6,-65.7373,-112.734,-128.259,SERVED,0,1,-266.443130,345.600407,0
76,UES2,1,68,68,3,-96.0548,-91.8573,-100.21,SERVED,0,1,294.703084,281.408360,0
76,UES2,2,69,69,1,-116.701,-91.9539,-113.814,ALTERNATIVE_AVAILABLE,0,1,411.674654,-320.381379,0
76,UES2,3,70,70,6,-64.3316,-110.069,-123.712,SERVED,0,1,-339.753519,262.266724,0
76,UES2,4,71,71,5,-107.372,-113.323,-120.855,PERSISTING,5,1,335.387965,317.496265,0
76,UES2,5,72,72,3,-115.888,-83.6082,-110.931,ALTERNATIVE_AVAILABLE,0,1,371.989424,-324.259706,0
76,UES2,6,73,73,6,-81.608,-115.925,-125.282,SERVED,0,1,-392.146640,343.631151,0
76,UES2,7,74,74,2,-111.627,-118.355,-112.284,PERSISTING,3,1,289.633894,423.095179,0
76,UES2,8,75,75,1,-114.868,-117.113,-108.904,PERSISTING,4,1,393.441434,-283.821579,0
76,UES2,9,76,76,6,-87.6427,-111.866,-113.987,SERVED,0,1,-389.583012,312.124826,0
76,UES2,10,77,77,5,-105.997,-125.368,-121.424,PERSISTING,3,1,359.757319,383.794947,0
76,UES2,11,78,78,7,-116.568,-109.541,-121.504,PERSISTING,0,1,379.311756,-409.623851,0
76,UES2,12,79,79,4,-116.071,-112.756,-100.524,PERSISTING,1,1,-389.857497,292.280008,0
76,UES2,13,80,80,5,-95.7659,-113.817,-118.174,SERVED,0,1,374.523447,301.915992,0
76,UES2,14,81,81,4,-121.08,-113.052,-114.773,MOVE_REQUIRED,7,1,409.843608,-329.137236,1
76,UES2,15,82,82,6,-79.0293,-111.068,-116.476,SERVED,0,1,-334.012049,344.586084,0
76,UES2,16,83,83,4,-122.576,-114.817,-100.683,PERSISTING,1,1,409.748656,342.298545,0
76,UES2,17,84,84,3,-120.412,-112.236,-103.455,PERSISTING,1,1,285.620190,-363.896942,0
76,UES2,18,85,85,3,-116.968,-115.877,-110.946,PERSISTING,1,1,-401.624301,393.411056,0
76,UES2,19,86,86,5,-108.317,-85.7088,-119.76,ALTERNATIVE_AVAILABLE,0,1,269.500505,388.034064,0
76,UES2,20,87,87,2,-118.913,-95.5723,-105.599,ALTERNATIVE_AVAILABLE,0,1,377.404708,-394.015448,0
76,UES2,21,88,88,6,-81.92,-123.794,-122.95,SERVED,0,1,-387.808500,442.276620,0
76,UES2,22,89,89,5,-110.881,-120.635,-124.964,PERSISTING,2,1,381.342919,378.612968,0
76,UES2,23,90,90,7,-104.111,-101.618,-117.554,PERSISTING,4,1,377.008106,-317.545920,0
76,UES2,24,91,91,6,-107.744,-114.531,-128.405,PERSISTING,1,1,-429.909378,373.220585,0
76,UES2,25,92,92,5,-104.834,-114.34,-123.116,PERSISTING,1,1,378.808073,403.518273,0
76,UES2,26,93,93,7,-79.2166,-107.677,-127.031,SERVED,0,1,322.552220,-274.982193,0
76,UES2,27,94,94,2,-132.069,-121.524,-100.741,PERSISTING,0,1,-420.956615,294.122868,0
76,UES2,28,95,95,2,-120.167,-111.901,-116.286,PERSISTING,3,1,362.079682,414.620097,0
76,UES2,29,96,96,2,-116.734,-117.2,-113.862,MOVE_REQUIRED,10,1,398.578362,-300.516933,1
77,UES1,0,7,7,4,-113.869,-113.52,-116.937,PERSISTING,5,1,-245.092397,-348.377937,0
77,UES1,1,8,8,1,-83.7239,-111.238,-91.0724,SERVED,0,1,279.780102,-275.298955,0
77,UES1,2,9,9,6,-105.818,-112.216,-128.295,PERSISTING,0,1,-323.984770,342.369983,0
77,UES1,3,10,10,7,-112.904,-114.502,-121.384,PERSISTING,1,1,283.940280,-279.295560,0
77,UES1,4,11,11,5,-78.6942,-99.1211,-120.454,SERVED,0,1,242.328724,298.465092,0
77,UES1,5,12,12,4,-107.17,-82.3596,-104.687,ALTERNATIVE_AVAILABLE,0,1,-270.630156,243.081175,0
77,UES1,6,13,13,2,-93.9154,-92.4143,-89.2252,SERVED,0,1,88.841891,305.018532,0
77,UES1,7,14,14,4,-109.687,-110.091,-110.989,PERSISTING,2,1,-34.464822,-308.378976,0
77,UES1,8,15,15,7,-107.033,-114.17,-119.55,PERSISTING,0,1,159.411383,-363.965539,0
77,UES1,9,16,16,2,-106.576,-89.4022,-106.14,ALTERNATIVE_AVAILABLE,0,1,260.105087,-70.858482,0
77,UES1,10,17,17,4,-112.25,-111.739,-112.129,PERSISTING,0,1,-102.934164,-353.672144,0
77,UES1,11,18,18,3,-108.244,-93.3441,-92.0068,ALTERNATIVE_AVAILABLE,0,1,-283.444381,131.790829,0
77,UES1,12,19,19,5,-107.293,-117.427,-111.846,PERSISTING,1,1,426.731302,20.898956,0
77,UES1,13,20,20,5,-95.6555,-117.849,-127.425,SERVED,0,1,175.540510,306.567223,0
77,UES1,14,21,21,2,-116.596,-112.761,-97.3826,ALTERNATIVE_AVAILABLE,0,1,240.140419,-256.373280,0
77,UES1,15,22,22,3,-109.745,-93.4925,-102.833,ALTERNATIVE_AVAILABLE,0,1,64.540889,-286.662277,0
77,UES1,16,23,23,2,-127.67,-98.0222,-111.199,ALTERNATIVE_AVAILABLE,0,1,-434.348122,-31.692078,0
77,UES1,17,24,24,1,-77.9085,-82.2206,-107.406,SERVED,0,1,261.259215,1.730874,0
77,UES1,18,25,25,1,-107.346,-105.718,-94.8441,ALTERNATIVE_AVAILABLE,0,1,197.565088,-228.628674,0
77,UES1,19,26,26,4,-110.275,-101.092,-113.649,PERSISTING,0,1,-180.268874,-302.791988,0
77,UES1,20,27,27,6,-73.0773,-120.408,-129.909,SERVED,0,1,-307.735758,280.247043,0
77,UES1,21,28,28,2,-118.368,-97.1925,-113.737,ALTERNATIVE_AVAILABLE,0,1,-194.363980,422.167226,0
77,UES1,22,29,29,5,-116.21,-109.123,-119.779,PERSISTING,0,1,359.297061,234.795691,0
77,UES1,23,30,30,1,-85.2395,-115.253,-108.519,SERVED,0,1,115.823748,-346.725125,0
77,UES1,24,31,31,6,-111.4,-94.7037,-123.163,ALTERNATIVE_AVAILABLE,0,1,-242.460848,264.516714,0
77,UES1,25,32,32,3,-116.511,-105.578,-91.7707,ALTERNATIVE_AVAILABLE,0,1,-50.521652,413.419504,0
77,UES1,26,33,33,5,-97.4143,-115.119,-120.746,SERVED,0,1,369.947164,198.949561,0
77,UES1,27,34,34,2,-115.396,-102.238,-112.57,MOVE_REQUIRED,10,1,39.470656,324.326627,1
77,UES1,28,35,35,4,-102.52,-104.745,-103.026,PERSISTING,0,1,-246.876935,87.187682,0
77,UES1,29,36,36,3,-103.985,-98.76,-108.916,ALTERNATIVE_AVAILABLE,0,1,-45.475800,196.338620,0
77,UES1,30,37,37,7,-120.206,-118.566,-121.892,PERSISTING,2,1,-101.998408,-410.480164,0
77,UES1,31,38,38,5,-112.163,-91.7881,-100.195,ALTERNATIVE_AVAILABLE,0,1,385.501347,102.901233,0
77,UES1,32,39,39,7,-107.469,-91.2451,-118.557,ALTERNATIVE_AVAILABLE,0,1,69.073590,-319.779062,0
77,UES1,33,40,40,3,-92.1014,-88.9312,-102.605,SERVED,0,1,-221.242415,201.702275,0
77,UES1,34,41,41,3,-113.971,-110.779,-111.763,PERSISTING,1,1,61.348249,-391.574439,0
77,UES1,35,42,42,2,-108.533,-83.0679,-91.7256,ALTERNATIVE_AVAILABLE,0,1,317.581282,-167.741979,0
77,UES1,36,43,43,5,-100.442,-103.277,-121.584,PERSISTING,0,1,356.117839,286.478822,0
77,UES1,37,44,44,1,-113.043,-112.679,-105.487,PERSISTING,3,1,75.741736,-353.414276,0
77,UES1,38,45,45,4,-108.105,-105.034,-120.542,PERSISTING,3,1,-258.239188,-185.801756,0
77,UES1,39,46,46,4,-105.069,-113.78,-113.668,PERSISTING,2,1,-301.180072,-8.275647,0
77,UES1,40,47,47,3,-109.481,-116.018,-101.472,PERSISTING,3,1,-287.930163,318.699292,0
77,UES1,41,48,48,3,-117.916,-118.252,-117.521,PERSISTING,1,1,-412.642361,-319.176232,0
77,UES1,42,49,49,1,-104.528,-91.5849,-112.033,ALTERNATIVE_AVAILABLE,0,1,119.923964,230.718300,0
77,UES1,43,50,50,4,-118.774,-102.525,-106.42,PERSISTING,0,1,188.846211,-235.781620,0
77,UES1,44,51,51,3,-105.334,-111.868,-106.876,PERSISTING,3,1,-100.225908,297.065094,0
77,UES1,45,52,52,4,-105.637,-79.0913,-96.7821,ALTERNATIVE_AVAILABLE,0,1,-210.737429,-300.686059,0
77,UES1,46,53,53,3,-122.974,-97.7996,-124.497,ALTERNATIVE_AVAILABLE,0,1,-208.219776,-353.670833,0
77,UES1,47,54,54,3,-85.1331,-89.0358,-114.384,SERVED,0,1,-189.971655,-280.185191,0
77,UES1,48,55,55,3,-112.559,-108.39,-116.151,PERSISTING,0,1,-340.180041,-175.365191,0
77,UES1,49,56,56,1,-103.881,-107.497,-91.7,ALTERNATIVE_AVAILABLE,0,1,213.131213,-181.186382,0
77,UES1,50,57,57,3,-114.312,-109.453,-117.723,PERSISTING,3,1,-133.117025,-309.870852,0
77,UES1,51,58,58,5,-116.853,-114.065,-116.626,PERSISTING,1,1,373.616711,162.110166,0
77,UES1,52,59,59,6,-71.6618,-117.391,-125.712,SERVED,0,1,-313.403488,315.046247,0
77,UES1,53,60,60,3,-118.174,-114.75,-120.818,PERSISTING,3,1,-460.123475,-106.672793,0
77,UES1,54,61,61,1,-109.741,-110.206,-110.364,PERSISTING,0,1,2.976599,-322.136291,0
77,UES1,55,62,62,2,-105.892,-109.324,-91.3478,ALTERNATIVE_AVAILABLE,0,1,284.922560,-153.985766,0
77,UES1,56,63,63,1,-106.067,-109.89,-108.778,PERSISTING,0,1,-6.365017,-296.807718,0
77,UES1,57,64,64,6,-109.321,-111.461,-115.944,PERSISTING,0,1,-214.963729,368.408586,0
77,UES1,58,65,65,4,-120.419,-111.818,-115.313,PERSISTING,0,1,-162.921379,-395.706630,0
77,UES1,59,66,66,7,-108.604,-101.962,-119.009,PERSISTING,1,1,355.801029,-318.156887,0
77,UES2,0,67,67,6,-69.0513,-119.831,-120.255,SERVED,0,1,-263.424314,347.440913,0
77,UES2,1,68,68,3,-123.658,-110.887,-78.7536,ALTERNATIVE_AVAILABLE,0,1,292.795846,286.492525,0
77,UES2,2,69,69,1,-116.033,-118.831,-88.8846,ALTERNATIVE_AVAILABLE,0,1,408.533893,-322.487963,0
77,UES2,3,70,70,6,-68.4308,-122.482,-128.413,SERVED,0,1,-341.926103,265.235585,0
77,UES2,4,71,71,5,-100.229,-115.566,-121.213,MOVE_REQUIRED,6,1,339.393069,318.536412,1
77,UES2,5,72,72,2,-116.622,-97.5465,-86.6419,ALTERNATIVE_AVAILABLE,0,1,371.938494,-319.783442,0
77,UES2,6,73,73,6,-106.11,-117.775,-127.336,PERSISTING,0,1,-390.570647,346.827665,0
77,UES2,7,74,74,2,-92.2089,-114.233,-109.262,SERVED,0,1,292.078408,418.726562,0
77,UES2,8,75,75,1,-116.905,-118.803,-107.364,PERSISTING,5,1,391.573359,-280.652562,0
77,UES2,9,76,76,6,-95.4012,-123.957,-123.592,SERVED,0,1,-384.483013,312.597120,0
77,UES2,10,77,77,5,-107.264,-124.209,-124.425,PERSISTING,4,1,362.092231,386.166344,0
77,UES2,11,78,78,7,-96.4549,-115.648,-120.907,SERVED,0,1,376.242348,-406.260222,0
77,UES2,12,79,79,4,-96.8847,-112.345,-108.725,SERVED,0,1,-393.481851,289.669965,0
77,UES2,13,80,80,5,-109.837,-113.718,-123.35,PERSISTING,0,1,373.362787,304.048218,0
77,UES2,14,81,81,4,-121.547,-114.918,-113.087,MOVE_REQUIRED,8,1,409.444212,-333.239850,1
77,UES2,15,82,82,6,-106.814,-110.32,-119.478,PERSISTING,0,1,-333.895970,349.333069,0
77,UES2,16,83,83,4,-124.382,-88.9954,-111.885,ALTERNATIVE_AVAILABLE,0,1,404.956878,343.742698,0
77,UES2,17,84,84,3,-118.613,-111.673,-89.8927,ALTERNATIVE_AVAILABLE,0,1,284.901806,-369.054710,0
77,UES2,18,85,85,3,-117.349,-117.168,-111.965,PERSISTING,2,1,-400.777046,397.498905,0
77,UES2,19,86,86,5,-112.662,-115.378,-120.656,PERSISTING,0,1,267.788804,390.350509,0
77,UES2,20,87,87,1,-119.767,-120.137,-112.159,PERSISTING,0,1,380.834274,-394.337203,0
77,UES2,21,88,88,6,-105.649,-126.304,-128.54,PERSISTING,0,1,-384.200098,442.114956,0
77,UES2,22,89,89,5,-101.101,-116.083,-128.097,PERSISTING,3,1,383.988181,381.821523,0
77,UES2,23,90,90,7,-105.354,-113.504,-115.056,PERSISTING,5,1,380.976982,-320.279418,0
77,UES2,24,91,91,6,-113.253,-116.193,-131.38,PERSISTING,2,1,-425.905962,372.404030,0
77,UES2,25,92,92,5,-108.467,-115.571,-125.608,PERSISTING,2,1,373.969658,399.713940,0
77,UES2,26,93,93,7,-84.4763,-124.624,-125.141,SERVED,0,1,322.516188,-277.579618,0
77,UES2,27,94,94,2,-130.3,-121.492,-82.464,ALTERNATIVE_AVAILABLE,0,1,-424.536251,296.248649,0
77,UES2,28,95,95,2,-122.123,-121.616,-115.313,PERSISTING,4,1,359.119951,414.572369,0
77,UES2,29,96,96,2,-111.092,-118.378,-108.039,MOVE_REQUIRED,11,1,394.844727,-302.905343,1
78,UES1,0,7,7,4,-110.505,-110.873,-114.578,MOVE_REQUIRED,6,1,-248.429615,-351.979170,1
78,UES1,1,8,8,1,-111.735,-93.3626,-94.5498,ALTERNATIVE_AVAILABLE,0,1,283.480645,-279.143712,0
78,UES1,2,9,9,6,-78.9783,-116.576,-122.971,SERVED,0,1,-327.036086,345.190777,0
78,UES1,3,10,10,7,-101.816,-111.638,-119.547,PERSISTING,2,1,287.639172,-282.725259,0
78,UES1,4,11,11,5,-104.503,-112.147,-120.82,PERSISTING,0,1,246.138104,301.222836,0
78,UES1,5,12,12,4,-92.06,-108.788,-105.364,SERVED,0,1,-273.907686,247.263910,0
78,UES1,6,13,13,2,-86.9571,-95.129,-110.558,SERVED,0,1,88.464729,309.950580,0
78,UES1,7,14,14,4,-108.804,-107.538,-109.648,PERSISTING,3,1,-34.437559,-312.211798,0
78,UES1,8,15,15,7,-103.84,-114.177,-120.754,PERSISTING,1,1,161.999335,-369.134523,0
78,UES1,9,16,16,2,-107.839,-74.8037,-110.099,ALTERNATIVE_AVAILABLE,0,1,265.656480,-72.719252,0
78,UES1,10,17,17,4,-110.565,-94.099,-115.705,ALTERNATIVE_AVAILABLE,0,1,-102.951945,-359.395703,0
78,UES1,11,18,18,3,-111.653,-108.66,-105.56,PERSISTING,0,1,-287.897508,133.714165,0
78,UES1,12,19,19,5,-105.26,-112.987,-122.225,PERSISTING,2,1,433.131034,22.303146,0
78,UES1,13,20,20,5,-95.5646,-117.242,-127.501,SERVED,0,1,177.741076,310.596069,0
78,UES1,14,21,21,2,-94.77,-75.2145,-79.7407,SERVED,0,1,243.786810,-253.491803,0
78,UES1,15,22,22,3,-108.531,-75.6501,-108.283,ALTERNATIVE_AVAILABLE,0,1,62.388342,-290.342685,0
78,UES1,16,23,23,2,-127.052,-116.801,-109.211,PERSISTING,0,1,-439.067006,-30.053126,0
78,UES1,17,24,24,1,-105.494,-86.7822,-88.8727,ALTERNATIVE_AVAILABLE,0,1,267.644139,2.876495,0
78,UES1,18,25,25,1,-103.091,-93.6919,-89.9287,ALTERNATIVE_AVAILABLE,0,1,200.506661,-232.101943,0
78,UES1,19,26,26,4,-107.935,-110.132,-115.111,PERSISTING,1,1,-182.245015,-307.260987,0
78,UES1,20,27,27,6,-74.633,-110.862,-125.481,SERVED,0,1,-311.610161,282.764780,0
78,UES1,21,28,28,2,-119.121,-113.58,-110.703,PERSISTING,0,1,-197.031968,425.981076,0
78,UES1,22,29,29,5,-103.811,-101.992,-117.735,PERSISTING,1,1,362.620985,238.960642,0
78,UES1,23,30,30,1,-118.186,-97.0185,-106.103,ALTERNATIVE_AVAILABLE,0,1,115.939126,-350.065318,0
78,UES1,24,31,31,6,-98.0477,-83.3792,-124.324,SERVED,0,1,-247.787539,267.189069,0
78,UES1,25,32,32,3,-115.126,-112.201,-119.065,PERSISTING,0,1,-50.924035,417.815191,0
78,UES1,26,33,33,5,-66.4632,-121.642,-121.259,SERVED,0,1,372.593372,202.322114,0
78,UES1,27,34,34,2,-111.713,-105.063,-89.1608,ALTERNATIVE_AVAILABLE,0,1,39.028118,327.788078,0
78,UES1,28,35,35,4,-99.443,-103.64,-108.148,SERVED,0,1,-241.804629,86.216031,0
78,UES1,29,36,36,3,-87.4111,-98.0958,-74.9986,SERVED,0,1,-47.806471,202.103367,0
78,UES1,30,37,37,7,-121.455,-114.401,-125.87,PERSISTING,3,1,-103.056099,-415.102477,0
78,UES1,31,38,38,5,-106.629,-112.789,-119.661,PERSISTING,0,1,392.514783,105.358421,0
78,UES1,32,39,39,7,-108.711,-111.96,-115.568,PERSISTING,0,1,69.203452,-324.489537,0
78,UES1,33,40,40,3,-105.354,-103.892,-101.446,PERSISTING,0,1,-226.309628,201.643521,0
78,UES1,34,41,41,3,-116.378,-93.2971,-107.285,ALTERNATIVE_AVAILABLE,0,1,62.556872,-397.654991,0
78,UES1,35,42,42,2,-91.806,-112.131,-83.9459,SERVED,0,1,322.245098,-169.791255,0
78,UES1,36,43,43,5,-101.485,-114.487,-122.642,PERSISTING,1,1,360.298604,290.468972,0
78,UES1,37,44,44,1,-108.045,-111.007,-109.539,PERSISTING,4,1,78.193344,-357.969288,0
78,UES1,38,45,45,4,-90.6175,-107.887,-119.628,SERVED,0,1,-263.580393,-188.418048,0
78,UES1,39,46,46,4,-110.152,-106.955,-116.095,PERSISTING,3,1,-305.654209,-7.002383,0
78,UES1,40,47,47,3,-109.973,-115.396,-113.775,PERSISTING,4,1,-290.049827,323.541609,0
78,UES1,41,48,48,3,-113.547,-115.552,-119.904,PERSISTING,2,1,-417.332274,-322.207229,0
78,UES1,42,49,49,1,-105.862,-103.888,-108.533,PERSISTING,0,1,122.232402,235.254035,0
78,UES1,43,50,50,4,-111.205,-105.984,-80.2717,ALTERNATIVE_AVAILABLE,0,1,191.354904,-230.991614,0
78,UES1,44,51,51,3,-104.239,-91.3734,-103.848,ALTERNATIVE_AVAILABLE,0,1,-102.587516,302.647041,0
78,UES1,45,52,52,4,-107.452,-113.17,-79.5978,ALTERNATIVE_AVAILABLE,0,1,-214.445829,-303.819004,0
78,UES1,46,53,53,3,-118.207,-118.381,-117.973,PERSISTING,0,1,-209.595525,-358.467740,0
78,UES1,47,54,54,3,-110.716,-106.672,-116.068,PERSISTING,0,1,-192.314115,-284.742976,0
78,UES1,48,55,55,3,-109.263,-109.173,-114.132,PERSISTING,1,1,-344.184307,-178.237543,0
78,UES1,49,56,56,1,-108.13,-75.0137,-108.793,ALTERNATIVE_AVAILABLE,0,1,218.287830,-184.456517,0
78,UES1,50,57,57,3,-110.376,-92.8208,-117.614,ALTERNATIVE_AVAILABLE,0,1,-137.187605,-307.282049,0
78,UES1,51,58,58,5,-112.177,-115.119,-112.275,PERSISTING,2,1,374.976125,167.084113,0
78,UES1,52,59,59,6,-88.8072,-119.573,-125.277,SERVED,0,1,-318.391068,318.201805,0
78,UES1,53,60,60,3,-113.538,-117.611,-111.957,PERSISTING,4,1,-464.588670,-106.598642,0
78,UES1,54,61,61,1,-111.993,-109.797,-109.347,PERSISTING,1,1,0.768381,-327.609775,0
78,UES1,55,62,62,2,-109.289,-105.193,-103.091,PERSISTING,0,1,288.817718,-157.110923,0
78,UES1,56,63,63,1,-114.607,-113.022,-111.568,PERSISTING,1,1,-6.258032,-302.556371,0
78,UES1,57,64,64,6,-106.032,-113.687,-123.48,PERSISTING,1,1,-216.376304,372.674889,0
78,UES1,58,65,65,4,-113.237,-113.641,-115.322,PERSISTING,1,1,-163.083389,-400.447137,0
78,UES1,59,66,66,7,-108.463,-114.266,-116.36,PERSISTING,2,1,359.924513,-321.074970,0
78,UES2,0,67,67,6,-93.3838,-110.449,-126.688,SERVED,0,1,-267.020576,350.101646,0
78,UES2,1,68,68,3,-115.383,-109.696,-75.5808,ALTERNATIVE_AVAILABLE,0,1,291.130738,288.551057,0
78,UES2,2,69,69,1,-115.129,-114.181,-94.1579,ALTERNATIVE_AVAILABLE,0,1,404.232480,-324.731724,0
78,UES2,3,70,70,6,-67.4615,-108.937,-127.747,SERVED,0,1,-344.439640,269.247497,0
78,UES2,4,71,71,5,-105.244,-115.517,-83.1834,ALTERNATIVE_AVAILABLE,0,1,342.197623,320.628614,0
78,UES2,5,72,72,2,-116.962,-113.529,-110.368,PERSISTING,0,1,371.449249,-317.240942,0
78,UES2,6,73,73,6,-109.573,-116.72,-125.365,PERSISTING,1,1,-389.186898,351.053206,0
78,UES2,7,74,74,2,-114.196,-97.7003,-111.629,ALTERNATIVE_AVAILABLE,0,1,295.403282,417.240116,0
78,UES2,8,75,75,1,-110.308,-110.053,-113.379,MOVE_REQUIRED,6,1,392.188010,-277.781597,1
78,UES2,9,76,76,6,-90.8955,-111.549,-131.68,SERVED,0,1,-381.263664,313.212767,0
78,UES2,10,77,77,5,-105.321,-101.775,-124.832,PERSISTING,5,1,365.529661,387.901881,0
78,UES2,11,78,78,7,-110.07,-98.0648,-127.534,ALTERNATIVE_AVAILABLE,0,1,372.571575,-403.553959,0
78,UES2,12,79,79,4,-113.917,-81.2368,-90.9734,ALTERNATIVE_AVAILABLE,0,1,-396.345002,285.174615,0
78,UES2,13,80,80,5,-104.509,-111.013,-123.992,PERSISTING,1,1,370.156919,308.715457,0
78,UES2,14,81,81,4,-118.549,-115.018,-109.349,MOVE_REQUIRED,9,1,408.974410,-337.833613,1
78,UES2,15,82,82,6,-105.069,-116.165,-127.615,PERSISTING,1,1,-334.299186,353.746251,0
78,UES2,16,83,83,4,-124.11,-112.711,-109.448,PERSISTING,0,1,403.593030,345.516441,0
78,UES2,17,84,84,3,-117.65,-111.965,-86.0876,ALTERNATIVE_AVAILABLE,0,1,283.451271,-372.904187,0
78,UES2,18,85,85,3,-116.574,-117.809,-113.053,PERSISTING,3,1,-400.319953,401.525102,0
78,UES2,19,86,86,5,-113.44,-112.315,-121.897,PERSISTING,1,1,270.092598,388.347795,0
78,UES2,20,87,87,1,-115.662,-120.026,-108.112,PERSISTING,1,1,384.367738,-397.220474,0
78,UES2,21,88,88,6,-105.175,-121.563,-106.333,PERSISTING,1,1,-380.984936,440.573869,0
78,UES2,22,89,89,5,-113.587,-106.562,-122.408,PERSISTING,4,1,386.067537,385.132398,0
78,UES2,23,90,90,7,-99.355,-115.287,-116.471,SERVED,0,1,384.035835,-321.930408,0
78,UES2,24,91,91,6,-85.6575,-119.982,-128.703,SERVED,0,1,-423.078335,372.307349,0
78,UES2,25,92,92,5,-107.122,-118.557,-125.98,PERSISTING,3,1,371.823304,397.465003,0
78,UES2,26,93,93,7,-90.588,-122.128,-123.369,SERVED,0,1,321.885014,-282.359282,0
78,UES2,27,94,94,2,-129.885,-120.662,-99.4167,ALTERNATIVE_AVAILABLE,0,1,-425.724988,300.737873,0
78,UES2,28,95,95,2,-118.971,-123.349,-114.285,PERSISTING,5,1,354.744911,414.599112,0
78,UES2,29,96,96,2,-112.943,-114.186,-111.252,MOVE_REQUIRED,12,1,391.419572,-305.483423,1
79,UES1,0,7,7,4,-116.969,-114.499,-117.33,MOVE_REQUIRED,7,1,-251.831733,-357.495292,1
79,UES1,1,8,8,1,-110.198,-112.333,-94.6532,ALTERNATIVE_AVAILABLE,0,1,285.748878,-282.575872,0
79,UES1,2,9,9,6,-77.1109,-113.117,-122.277,SERVED,0,1,-329.586794,349.652670,0
79,UES1,3,10,10,7,-99.348,-113.62,-115.985,SERVED,0,1,291.220146,-285.336646,0
79,UES1,4,11,11,5,-101.851,-103.659,-124.091,PERSISTING,1,1,248.232874,303.772521,0
79,UES1,5,12,12,4,-87.593,-107.14,-105.011,SERVED,0,1,-276.984023,251.296812,0
79,UES1,6,13,13,2,-108.169,-100.018,-108.44,PERSISTING,0,1,88.469929,316.456204,0
79,UES1,7,14,14,4,-107.911,-86.1338,-116.414,ALTERNATIVE_AVAILABLE,0,1,-36.613453,-317.363926,0
79,UES1,8,15,15,7,-113.011,-108.048,-121.359,PERSISTING,2,1,164.237665,-374.171165,0
79,UES1,9,16,16,2,-82.139,-105.659,-109.967,SERVED,0,1,269.275655,-75.472711,0
79,UES1,10,17,17,4,-113.968,-111.166,-118.384,PERSISTING,0,1,-103.573739,-364.096249,0
79,UES1,11,18,18,4,-103.643,-109.696,-104.135,PERSISTING,1,1,-293.068840,135.966488,0
79,UES1,12,19,19,5,-109.908,-114.406,-117.819,PERSISTING,3,1,437.789427,24.373832,0
79,UES1,13,20,20,5,-101.361,-106.343,-123.244,PERSISTING,0,1,179.823950,315.073676,0
79,UES1,14,21,21,2,-109.783,-111.216,-88.5379,ALTERNATIVE_AVAILABLE,0,1,245.839423,-250.859277,0
79,UES1,15,22,22,3,-113.148,-85.0799,-106.328,ALTERNATIVE_AVAILABLE,0,1,58.483688,-294.046112,0
79,UES1,16,23,23,2,-123.885,-115.576,-112.438,PERSISTING,1,1,-443.621438,-29.843861,0
79,UES1,17,24,24,2,-106.271,-85.464,-109.203,ALTERNATIVE_AVAILABLE,0,1,270.888439,2.181601,0
79,UES1,18,25,25,4,-108.714,-105.204,-89.3088,ALTERNATIVE_AVAILABLE,0,1,203.414088,-237.250402,0
79,UES1,19,26,26,4,-109.064,-109.905,-116.837,PERSISTING,2,1,-183.830472,-311.064728,0
79,UES1,20,27,27,6,-81.1118,-118.848,-125.355,SERVED,0,1,-315.437664,286.409390,0
79,UES1,21,28,28,2,-117.152,-113.879,-112.946,PERSISTING,1,1,-198.368646,431.173213,0
79,UES1,22,29,29,5,-98.4205,-110.166,-122.902,SERVED,0,1,367.346072,242.704852,0
79,UES1,23,30,30,1,-111.023,-111.577,-94.0839,ALTERNATIVE_AVAILABLE,0,1,118.579648,-356.952469,0
79,UES1,24,31,31,6,-97.1704,-108.529,-125.373,SERVED,0,1,-251.842576,268.929185,0
79,UES1,25,32,32,3,-112.162,-95.2551,-116.952,ALTERNATIVE_AVAILABLE,0,1,-51.706320,425.008882,0
79,UES1,26,33,33,5,-74.7605,-122.361,-110.324,SERVED,0,1,376.407162,206.080217,0
79,UES1,27,34,34,2,-119.346,-117.667,-103.994,PERSISTING,0,1,38.201420,333.497622,0
79,UES1,28,35,35,4,-83.2025,-102.199,-90.2277,SERVED,0,1,-237.062153,84.163105,0
79,UES1,29,36,36,6,-114.765,-86.9473,-111.889,ALTERNATIVE_AVAILABLE,0,1,-49.850022,206.084789,0
79,UES1,30,37,37,7,-90.3855,-118.591,-125.184,SERVED,0,1,-106.451367,-418.869639,0
79,UES1,31,38,38,5,-113.18,-117.982,-125.794,PERSISTING,1,1,397.485104,106.053721,0
79,UES1,32,39,39,7,-108.069,-109.487,-118.213,PERSISTING,1,1,70.281789,-329.668990,0
79,UES1,33,40,40,3,-101.45,-106.65,-109.542,PERSISTING,1,1,-230.287150,200.634706,0
79,UES1,34,41,41,3,-111.859,-113.848,-111.118,PERSISTING,0,1,64.583593,-400.967032,0
79,UES1,35,42,42,2,-107.864,-97.2372,-103.301,ALTERNATIVE_AVAILABLE,0,1,325.619536,-172.459799,0
79,UES1,36,43,43,5,-104.679,-110.604,-120.024,PERSISTING,2,1,363.591753,293.901020,0
79,UES1,37,44,44,1,-111.306,-110.766,-104.703,PERSISTING,5,1,77.437188,-363.529422,0
79,UES1,38,45,45,4,-102.481,-110.211,-116.39,PERSISTING,0,1,-267.121423,-190.695716,0
79,UES1,39,46,46,4,-108.286,-107.32,-113.48,PERSISTING,4,1,-311.329725,-7.976781,0
79,UES1,40,47,47,3,-112.991,-112.854,-105.64,PERSISTING,5,1,-293.756388,327.856740,0
79,UES1,41,48,48,3,-120.005,-116.882,-117.266,PERSISTING,3,1,-421.229333,-324.668770,0
79,UES1,42,49,49,1,-105.457,-103.083,-117.085,PERSISTING,1,1,124.426000,239.966438,0
79,UES1,43,50,50,4,-110.505,-107.499,-100.128,PERSISTING,0,1,191.437338,-224.925571,0
79,UES1,44,51,51,4,-107.619,-110.024,-101.485,PERSISTING,0,1,-104.542874,307.841080,0
79,UES1,45,52,52,4,-106.276,-105.875,-116.593,PERSISTING,0,1,-218.816976,-307.911339,0
79,UES1,46,53,53,3,-120.566,-119.415,-122.799,PERSISTING,1,1,-212.651182,-362.299294,0
79,UES1,47,54,54,3,-114.377,-87.2083,-113.978,ALTERNATIVE_AVAILABLE,0,1,-194.174399,-290.752299,0
79,UES1,48,55,55,3,-110.342,-108.903,-115.514,PERSISTING,2,1,-346.521292,-180.907338,0
79,UES1,49,56,56,1,-83.2856,-104.336,-105.715,SERVED,0,1,221.153592,-187.652451,0
79,UES1,50,57,57,3,-108.845,-108.639,-115.713,PERSISTING,0,1,-140.592042,-303.885969,0
79,UES1,51,58,58,5,-111.525,-113.932,-120.306,PERSISTING,3,1,378.750045,171.553328,0
79,UES1,52,59,59,6,-91.6479,-113.003,-130.81,SERVED,0,1,-321.413490,321.594549,0
79,UES1,53,60,60,3,-78.3134,-119.125,-99.3676,SERVED,0,1,-469.480942,-107.443416,0
79,UES1,54,61,61,1,-110.44,-108.645,-110.073,PERSISTING,2,1,-0.421018,-332.955660,0
79,UES1,55,62,62,1,-107.851,-105.095,-88.2684,ALTERNATIVE_AVAILABLE,0,1,292.467706,-160.497804,0
79,UES1,56,63,63,1,-108.281,-102.684,-109.596,PERSISTING,2,1,-6.642217,-307.054111,0
79,UES1,57,64,64,6,-89.9518,-110.52,-123.201,SERVED,0,1,-218.073685,376.905828,0
79,UES1,58,65,65,4,-91.1569,-113.66,-116.121,SERVED,0,1,-164.437193,-405.250843,0
79,UES1,59,66,66,7,-94.7585,-102.315,-119.224,SERVED,0,1,364.143877,-324.983997,0
79,UES2,0,67,67,6,-92.1867,-118.543,-121.811,SERVED,0,1,-270.847251,352.137185,0
79,UES2,1,68,68,3,-113.136,-110.603,-101.34,PERSISTING,0,1,291.396261,293.198369,0
79,UES2,2,69,69,1,-120.395,-116.954,-108.589,PERSISTING,0,1,400.501872,-325.482237,0
79,UES2,3,70,70,6,-94.1737,-111.082,-128.081,SERVED,0,1,-346.249682,271.932129,0
79,UES2,4,71,71,5,-106.479,-114.955,-117.646,PERSISTING,0,1,345.304213,324.155811,0
79,UES2,5,72,72,2,-107.369,-113.27,-110.126,PERSISTING,1,1,371.292609,-312.940729,0
79,UES2,6,73,73,6,-85.6334,-115.794,-132.725,SERVED,0,1,-389.055130,355.152118,0
79,UES2,7,74,74,4,-120.585,-112.62,-114.067,PERSISTING,0,1,297.771753,413.025018,0
79,UES2,8,75,75,1,-115.547,-110.521,-94.5722,ALTERNATIVE_AVAILABLE,0,1,390.444468,-272.869449,0
79,UES2,9,76,76,6,-95.3841,-90.3153,-130.416,SERVED,0,1,-378.701169,311.424378,0
79,UES2,10,77,77,5,-100.197,-124.739,-115.631,MOVE_REQUIRED,6,1,369.593393,390.073817,1
79,UES2,11,78,78,7,-100.116,-116.857,-118.408,PERSISTING,0,1,370.070583,-402.148675,0
79,UES2,12,79,79,4,-116.453,-116.153,-103.563,PERSISTING,0,1,-398.869331,283.696614,0
79,UES2,13,80,80,5,-92.4135,-111.483,-125.346,SERVED,0,1,367.685066,311.469646,0
79,UES2,14,81,81,4,-118.878,-117.282,-105.542,MOVE_REQUIRED,10,1,409.002756,-341.684585,1
79,UES2,15,82,82,6,-80.3244,-112.192,-130.842,SERVED,0,1,-335.117324,357.324044,0
79,UES2,16,83,83,2,-103.49,-116.536,-110.36,PERSISTING,1,1,399.368793,348.508929,0
79,UES2,17,84,84,3,-116.165,-112.775,-99.1252,ALTERNATIVE_AVAILABLE,0,1,282.139216,-377.654617,0
79,UES2,18,85,85,3,-115.464,-112.505,-94.8641,ALTERNATIVE_AVAILABLE,0,1,-399.611866,405.534251,0
79,UES2,19,86,86,5,-113.096,-111.932,-125.132,PERSISTING,2,1,274.628395,387.315742,0
79,UES2,20,87,87,1,-113.561,-119.129,-89.213,ALTERNATIVE_AVAILABLE,0,1,388.596859,-397.683286,0
79,UES2,21,88,88,6,-101.336,-120.422,-121.756,PERSISTING,2,1,-375.441311,439.820308,0
79,UES2,22,89,89,5,-108.851,-93.326,-124.489,ALTERNATIVE_AVAILABLE,0,1,389.013405,386.674855,0
79,UES2,23,90,90,7,-98.3447,-113.971,-118.552,SERVED,0,1,388.662966,-323.071293,0
79,UES2,24,91,91,6,-108.092,-103.489,-129.277,PERSISTING,0,1,-418.202361,370.952239,0
79,UES2,25,92,92,5,-90.7039,-118.575,-123.328,SERVED,0,1,369.180369,395.143498,0
79,UES2,26,93,93,7,-89.333,-125.024,-129.691,SERVED,0,1,321.087522,-286.035303,0
79,UES2,27,94,94,2,-124.887,-91.6112,-103.005,ALTERNATIVE_AVAILABLE,0,1,-427.389431,303.708322,0
79,UES2,28,95,95,2,-121.9,-123.428,-113.476,MOVE_REQUIRED,6,1,350.999440,415.111802,1
79,UES2,29,96,96,2,-113.85,-114.314,-114.109,MOVE_REQUIRED,13,1,388.003766,-306.850078,1
80,UES1,0,7,7,4,-113.455,-85.78,-105.632,ALTERNATIVE_AVAILABLE,0,1,-254.638731,-360.692016,0
80,UES1,1,8,8,1,-107.994,-110.27,-96.1888,ALTERNATIVE_AVAILABLE,0,1,288.587030,-286.803400,0
80,UES1,2,9,9,6,-78.1765,-84.6633,-123.597,SERVED,0,1,-333.592619,352.536018,0
80,UES1,3,10,10,7,-95.4789,-111.576,-121.924,SERVED,0,1,295.049578,-289.143792,0
80,UES1,4,11,11,5,-75.6977,-108.317,-121.249,SERVED,0,1,252.422493,307.507547,0
80,UES1,5,12,12,4,-107.142,-109.374,-99.04,ALTERNATIVE_AVAILABLE,0,1,-280.028963,254.391015,0
80,UES1,6,13,13,2,-77.3959,-113.909,-102.791,SERVED,0,1,89.053836,320.754270,0
80,UES1,7,14,14,4,-85.09,-108.729,-113.6,SERVED,0,1,-37.063873,-322.793836,0
80,UES1,8,15,15,7,-102.104,-110.258,-119.844,PERSISTING,3,1,165.504497,-378.658313,0
80,UES1,9,16,16,2,-113.456,-108.49,-114.459,PERSISTING,0,1,274.424883,-77.124417,0
80,UES1,10,17,17,4,-113.631,-108.925,-118.396,PERSISTING,1,1,-104.176519,-367.703653,0
80,UES1,11,18,18,4,-106.996,-110.151,-91.8118,ALTERNATIVE_AVAILABLE,0,1,-296.333322,137.664675,0
80,UES1,12,19,19,5,-106.372,-115.571,-121.515,PERSISTING,4,1,442.363028,26.642401,0
80,UES1,13,20,20,5,-102.045,-119.12,-127.307,PERSISTING,1,1,182.989091,319.166287,0
80,UES1,14,21,21,2,-112.985,-112.499,-99.5526,ALTERNATIVE_AVAILABLE,0,1,247.558840,-245.799581,0
80,UES1,15,22,22,3,-114.115,-81.613,-106.862,ALTERNATIVE_AVAILABLE,0,1,54.961698,-296.973472,0
80,UES1,16,23,23,2,-131.794,-104.32,-107.128,PERSISTING,2,1,-449.957768,-29.432400,0
80,UES1,17,24,24,2,-104.788,-101.729,-108.115,PERSISTING,0,1,274.921865,3.803666,0
80,UES1,18,25,25,4,-100.743,-109.041,-100.162,PERSISTING,0,1,205.609007,-241.393977,0
80,UES1,19,26,26,4,-113.877,-86.2637,-118.201,ALTERNATIVE_AVAILABLE,0,1,-186.989280,-316.326669,0
80,UES1,20,27,27,6,-83.1083,-117.763,-126.928,SERVED,0,1,-319.455864,289.768647,0
80,UES1,21,28,28,2,-117.481,-116.696,-113.718,PERSISTING,2,1,-199.735529,435.769354,0
80,UES1,22,29,29,5,-103.395,-113.662,-125.203,PERSISTING,0,1,368.943614,246.250139,0
80,UES1,23,30,30,1,-85.2982,-111.497,-107.848,SERVED,0,1,119.776506,-359.714216,0
80,UES1,24,31,31,6,-106.557,-107.312,-122.235,PERSISTING,0,1,-256.709558,272.070652,0
80,UES1,25,32,32,3,-106.234,-114.614,-116.584,PERSISTING,0,1,-51.882280,428.382055,0
80,UES1,26,33,33,5,-94.5546,-121.016,-121.51,SERVED,0,1,379.867455,208.380344,0
80,UES1,27,34,34,2,-114.752,-113.525,-113.489,PERSISTING,1,1,38.049520,338.365958,0
80,UES1,28,35,35,4,-95.0698,-91.1507,-108.869,SERVED,0,1,-231.688656,82.596379,0
80,UES1,29,36,36,6,-113.967,-91.5377,-113.996,ALTERNATIVE_AVAILABLE,0,1,-51.222303,210.439776,0
80,UES1,30,37,37,7,-115.281,-98.6232,-125.865,ALTERNATIVE_AVAILABLE,0,1,-108.125084,-424.924580,0
80,UES1,31,38,38,5,-112.452,-107.658,-118.226,PERSISTING,2,1,400.304922,108.853050,0
80,UES1,32,39,39,7,-106.473,-110.618,-117.083,PERSISTING,2,1,71.297073,-336.415137,0
80,UES1,33,40,40,3,-98.4137,-105.654,-102.073,SERVED,0,1,-236.461070,198.144560,0
80,UES1,34,41,41,3,-114.698,-114.03,-106.781,PERSISTING,1,1,66.210073,-406.038291,0
80,UES1,35,42,42,2,-108.597,-105.417,-110.082,PERSISTING,0,1,330.418047,-175.024739,0
80,UES1,36,43,43,5,-95.8742,-111.163,-126.091,SERVED,0,1,368.235661,297.424005,0
80,UES1,37,44,44,1,-112.031,-107.781,-104.869,MOVE_REQUIRED,6,1,80.012610,-367.611461,1
80,UES1,38,45,45,4,-104.497,-82.9047,-116.826,ALTERNATIVE_AVAILABLE,0,1,-271.033455,-192.300335,0
80,UES1,39,46,46,4,-109.961,-109.702,-110.351,PERSISTING,5,1,-316.244322,-6.772302,0
80,UES1,40,47,47,3,-113.321,-86.9085,-95.3747,ALTERNATIVE_AVAILABLE,0,1,-296.307828,330.063566,0
80,UES1,41,48,48,3,-115.866,-114.928,-120.783,PERSISTING,4,1,-425.333550,-328.115784,0
80,UES1,42,49,49,1,-111.604,-100.243,-108.792,PERSISTING,2,1,126.723264,244.757154,0
80,UES1,43,50,50,4,-111.92,-108.823,-105.875,PERSISTING,1,1,192.847535,-220.902385,0
80,UES1,44,51,51,4,-108.341,-107.945,-100.77,PERSISTING,1,1,-105.408959,311.670178,0
80,UES1,45,52,52,4,-109.676,-110.261,-122.266,PERSISTING,1,1,-221.018499,-310.991728,0
80,UES1,46,53,53,3,-96.7748,-117.952,-120.754,SERVED,0,1,-216.243840,-366.972378,0
80,UES1,47,54,54,3,-108.303,-85.8142,-117.283,ALTERNATIVE_AVAILABLE,0,1,-195.102764,-295.697097,0
80,UES1,48,55,55,3,-114.855,-82.8463,-96.4759,ALTERNATIVE_AVAILABLE,0,1,-351.764295,-185.141403,0
80,UES1,49,56,56,1,-104.767,-84.0111,-107.731,ALTERNATIVE_AVAILABLE,0,1,224.332507,-191.557595,0
80,UES1,50,57,57,3,-111.922,-110.609,-108.151,PERSISTING,1,1,-144.270725,-301.094284,0
80,UES1,51,58,58,5,-112.148,-114.194,-113.02,PERSISTING,4,1,381.184847,175.138957,0
80,UES1,52,59,59,6,-95.9574,-122.172,-120.893,SERVED,0,1,-325.545344,323.246551,0
80,UES1,53,60,60,3,-113.727,-115.555,-113.162,PERSISTING,0,1,-474.044819,-110.244144,0
80,UES1,54,61,61,1,-113.065,-105.96,-99.8769,ALTERNATIVE_AVAILABLE,0,1,-1.276904,-338.210074,0
80,UES1,55,62,62,1,-105.354,-104.95,-93.3259,ALTERNATIVE_AVAILABLE,0,1,296.710411,-164.127454,0
80,UES1,56,63,63,1,-84.0553,-100.187,-107.627,SERVED,0,1,-5.848790,-311.132414,0
80,UES1,57,64,64,6,-94.7376,-110.706,-116.747,SERVED,0,1,-219.343849,381.595484,0
80,UES1,58,65,65,4,-109.711,-113.678,-119.185,PERSISTING,0,1,-166.105526,-409.383212,0
80,UES1,59,66,66,7,-95.7342,-114.643,-120.469,SERVED,0,1,367.153324,-328.449363,0
80,UES2,0,67,67,6,-86.0375,-98.6479,-121.849,SERVED,0,1,-272.771344,354.960453,0
80,UES2,1,68,68,3,-118.915,-110.336,-75.8156,ALTERNATIVE_AVAILABLE,0,1,290.636514,296.825002,0
80,UES2,2,69,69,1,-111.832,-119.764,-107.32,PERSISTING,1,1,397.218709,-327.398649,0
80,UES2,3,70,70,6,-92.3112,-120.777,-130.518,SERVED,0,1,-349.007765,275.903651,0
80,UES2,4,71,71,5,-85.8809,-85.8433,-117.793,SERVED,0,1,348.900381,325.198799,0
80,UES2,5,72,72,2,-111.63,-112.657,-107.928,PERSISTING,2,1,370.894823,-307.620700,0
80,UES2,6,73,73,6,-100.361,-112.591,-127.483,PERSISTING,0,1,-386.614050,357.938824,0
80,UES2,7,74,74,4,-122.099,-107.989,-107.204,PERSISTING,1,1,300.216771,410.222918,0
80,UES2,8,75,75,1,-112.75,-113.943,-114.373,PERSISTING,0,1,390.184868,-268.683294,0
80,UES2,9,76,76,6,-84.594,-118.145,-131.962,SERVED,0,1,-377.695801,307.814307,0
80,UES2,10,77,77,5,-107.8,-114.82,-110.989,MOVE_REQUIRED,7,1,372.898246,392.470137,1
80,UES2,11,78,78,7,-107.214,-116.635,-120.498,PERSISTING,1,1,365.861442,-399.023474,0
80,UES2,12,79,79,4,-111.879,-116.91,-108.765,PERSISTING,1,1,-400.676481,280.275253,0
80,UES2,13,80,80,5,-91.7802,-112.156,-122.54,SERVED,0,1,367.389355,316.065171,0
80,UES2,14,81,81,4,-122.955,-115.276,-105.95,MOVE_REQUIRED,11,1,407.598248,-346.010225,1
80,UES2,15,82,82,6,-108.417,-118.236,-126.512,PERSISTING,0,1,-335.150060,360.788246,0
80,UES2,16,83,83,2,-108.741,-115.836,-103.965,PERSISTING,2,1,395.934006,351.612487,0
80,UES2,17,84,84,3,-121.754,-114.999,-87.2133,ALTERNATIVE_AVAILABLE,0,1,280.843430,-380.589673,0
80,UES2,18,85,85,3,-115.412,-119.321,-112.331,PERSISTING,0,1,-398.881857,409.496791,0
80,UES2,19,86,86,5,-105.917,-113.544,-123.561,PERSISTING,3,1,278.110503,386.373694,0
80,UES2,20,87,87,1,-119.076,-119.098,-100.647,PERSISTING,0,1,392.571748,-399.038155,0
80,UES2,21,88,88,6,-107.775,-120.981,-123.044,PERSISTING,3,1,-371.721176,438.355929,0
80,UES2,22,89,89,5,-113.515,-121.114,-109.661,PERSISTING,0,1,392.151710,389.785087,0
80,UES2,23,90,90,7,-95.7337,-109.76,-117.786,SERVED,0,1,390.620311,-326.106844,0
80,UES2,24,91,91,6,-99.5661,-116.64,-124.37,SERVED,0,1,-414.233851,371.454324,0
80,UES2,25,92,92,5,-110.918,-113.883,-101.456,PERSISTING,0,1,366.370493,391.514891,0
80,UES2,26,93,93,7,-65.7698,-120.077,-120.752,SERVED,0,1,320.120334,-290.410674,0
80,UES2,27,94,94,2,-125.286,-119.614,-100.482,PERSISTING,0,1,-429.726904,307.784214,0
80,UES2,28,95,95,2,-120.509,-125.034,-109.806,MOVE_REQUIRED,7,1,346.633285,415.383229,1
80,UES2,29,96,96,2,-114.694,-116.181,-101.024,MOVE_REQUIRED,14,1,383.487943,-309.127347,1
81,UES1,0,7,7,4,-114.814,-114.385,-117.917,PERSISTING,0,1,-257.141127,-365.539567,0
81,UES1,1,8,8,1,-72.8499,-109.721,-96.0908,SERVED,0,1,292.484067,-290.632127,0
81,UES1,2,9,9,6,-107.124,-112.746,-126.375,PERSISTING,0,1,-336.904630,357.415123,0
81,UES1,3,10,10,7,-90.5555,-87.8387,-118.868,SERVED,0,1,299.944769,-292.505711,0
81,UES1,4,11,11,5,-101.928,-109.763,-122.057,PERSISTING,0,1,257.416443,311.095480,0
81,UES1,5,12,12,4,-108.031,-105.848,-113.907,PERSISTING,0,1,-283.734161,259.074274,0
81,UES1,6,13,13,2,-71.9122,-86.9913,-109.277,SERVED,0,1,88.828733,325.831251,0
81,UES1,7,14,14,4,-115.912,-75.3752,-99.4423,ALTERNATIVE_AVAILABLE,0,1,-38.709682,-326.692513,0
81,UES1,8,15,15,7,-103.48,-115.006,-121.283,PERSISTING,4,1,168.600453,-383.466219,0
81,UES1,9,16,16,2,-74.3794,-72.6303,-109.838,SERVED,0,1,279.308536,-78.101326,0
81,UES1,10,17,17,4,-113.066,-114.68,-119.437,PERSISTING,2,1,-105.357003,-374.852501,0
81,UES1,11,18,18,4,-105.505,-109.338,-101.458,PERSISTING,0,1,-302.254493,138.400692,0
81,UES1,12,19,19,5,-105.914,-108.319,-123.4,PERSISTING,5,1,446.740092,28.558366,0
81,UES1,13,20,20,5,-65.1543,-119.652,-124.422,SERVED,0,1,182.971759,323.266434,0
81,UES1,14,21,21,2,-109.167,-107.448,-106.735,PERSISTING,0,1,248.844417,-241.491005,0
81,UES1,15,22,22,1,-109.43,-109.157,-95.7878,ALTERNATIVE_AVAILABLE,0,1,50.572231,-300.433050,0
81,UES1,16,23,23,2,-124.275,-111.139,-106.893,PERSISTING,3,1,-453.096817,-29.562485,0
81,UES1,17,24,24,2,-103.879,-75.2876,-113.25,ALTERNATIVE_AVAILABLE,0,1,281.720809,3.080277,0
81,UES1,18,25,25,4,-101.985,-104.795,-100.546,PERSISTING,1,1,208.552635,-245.678557,0
81,UES1,19,26,26,4,-86.3616,-109.921,-114.298,SERVED,0,1,-188.770927,-321.156497,0
81,UES1,20,27,27,6,-65.7808,-120.769,-128.564,SERVED,0,1,-322.434739,292.814944,0
81,UES1,21,28,28,2,-115.05,-115.332,-99.3492,ALTERNATIVE_AVAILABLE,0,1,-201.482300,440.970131,0
81,UES1,22,29,29,5,-94.1909,-112.115,-123.764,SERVED,0,1,373.436177,248.779146,0
81,UES1,23,30,30,1,-111.724,-113.469,-101.167,PERSISTING,0,1,120.728900,-364.453346,0
81,UES1,24,31,31,6,-93.1357,-110.348,-124.661,SERVED,0,1,-261.081970,274.014249,0
81,UES1,25,32,32,3,-114.66,-115.462,-119.027,PERSISTING,1,1,-51.681520,433.984855,0
81,UES1,26,33,33,5,-65.5333,-124.669,-124.327,SERVED,0,1,383.628954,211.758757,0
81,UES1,27,34,34,2,-115.93,-103.229,-103.417,PERSISTING,2,1,38.157647,344.652591,0
81,UES1,28,35,35,4,-102.83,-100.407,-103.275,PERSISTING,0,1,-228.171786,81.622068,0
81,UES1,29,36,36,6,-116.456,-106.911,-114.826,PERSISTING,0,1,-54.443168,215.189511,0
81,UES1,30,37,37,7,-119.312,-122.957,-125.791,PERSISTING,0,1,-109.656652,-428.832831,0
81,UES1,31,38,38,5,-111.27,-95.4536,-117.802,ALTERNATIVE_AVAILABLE,0,1,405.401899,109.298144,0
81,UES1,32,39,39,7,-106.678,-108.818,-117.226,PERSISTING,3,1,69.572335,-340.519911,0
81,UES1,33,40,40,3,-100.734,-106.153,-97.0204,ALTERNATIVE_AVAILABLE,0,1,-241.751250,198.357877,0
81,UES1,34,41,41,3,-115.235,-110.448,-104.462,PERSISTING,2,1,67.717853,-410.616023,0
81,UES1,35,42,42,2,-110.34,-107.069,-100.991,PERSISTING,1,1,334.719048,-176.975725,0
81,UES1,36,43,43,5,-88.4194,-115.078,-126.679,SERVED,0,1,371.940217,298.348576,0
81,UES1,37,44,44,1,-111.42,-101.192,-103.308,MOVE_REQUIRED,7,1,80.268060,-373.758755,1
81,UES1,38,45,45,4,-107.542,-111.367,-121.774,PERSISTING,0,1,-275.643066,-195.713728,0
81,UES1,39,46,46,4,-109.199,-95.9962,-106.555,ALTERNATIVE_AVAILABLE,0,1,-320.589204,-6.502265,0
81,UES1,40,47,47,3,-112.122,-114.2,-95.7645,ALTERNATIVE_AVAILABLE,0,1,-298.025004,336.627146,0
81,UES1,41,48,48,3,-115.371,-117.609,-98.2916,ALTERNATIVE_AVAILABLE,0,1,-429.509765,-330.009991,0
81,UES1,42,49,49,1,-102.487,-103.18,-94.4769,ALTERNATIVE_AVAILABLE,0,1,129.771523,249.765479,0
81,UES1,43,50,50,1,-107.857,-107.005,-103.505,PERSISTING,2,1,194.433188,-215.393812,0
81,UES1,44,51,51,4,-112.309,-107.938,-101.73,PERSISTING,2,1,-107.444459,317.594736,0
81,UES1,45,52,52,4,-109.403,-109.848,-116.465,PERSISTING,2,1,-224.077336,-314.933983,0
81,UES1,46,53,53,3,-116.844,-113.266,-121.469,PERSISTING,0,1,-217.145981,-370.804070,0
81,UES1,47,54,54,3,-108.835,-107.658,-116.621,PERSISTING,0,1,-196.169707,-299.198982,0
81,UES1,48,55,55,3,-90.8817,-109.48,-120.376,SERVED,0,1,-354.847908,-188.900495,0
81,UES1,49,56,56,1,-105.819,-104.938,-111.131,PERSISTING,0,1,228.119220,-195.243687,0
81,UES1,50,57,57,3,-110.317,-107.718,-106.169,PERSISTING,2,1,-147.562384,-297.245454,0
81,UES1,51,58,58,5,-109.284,-114.124,-123.529,PERSISTING,5,1,381.765804,180.775740,0
81,UES1,52,59,59,6,-78.6234,-118.153,-122.256,SERVED,0,1,-329.901822,326.991744,0
81,UES1,53,60,60,3,-118.796,-116.377,-114.674,PERSISTING,1,1,-479.606071,-110.206022,0
81,UES1,54,61,61,1,-114.67,-97.2184,-113.628,ALTERNATIVE_AVAILABLE,0,1,-2.292010,-342.717353,0
81,UES1,55,62,62,1,-104.179,-110.34,-95.9018,ALTERNATIVE_AVAILABLE,0,1,300.551475,-166.263384,0
81,UES1,56,63,63,1,-114.862,-90.8949,-112.535,ALTERNATIVE_AVAILABLE,0,1,-5.773595,-317.332121,0
81,UES1,57,64,64,6,-106.93,-112.753,-122.95,PERSISTING,0,1,-221.911861,386.731146,0
81,UES1,58,65,65,4,-115.814,-115.241,-116.466,PERSISTING,1,1,-166.537479,-414.720044,0
81,UES1,59,66,66,7,-96.1122,-113.728,-121.634,SERVED,0,1,370.546495,-331.787261,0
81,UES2,0,67,67,6,-81.2952,-120.75,-126.531,SERVED,0,1,-276.650354,357.649322,0
81,UES2,1,68,68,3,-122.607,-112.417,-87.2732,ALTERNATIVE_AVAILABLE,0,1,288.930384,300.855862,0
81,UES2,2,69,69,1,-113.78,-116.836,-97.4329,ALTERNATIVE_AVAILABLE,0,1,392.968242,-328.519361,0
81,UES2,3,70,70,6,-77.8586,-115.608,-125.504,SERVED,0,1,-352.890178,277.761102,0
81,UES2,4,71,71,5,-100.594,-109.031,-122.324,PERSISTING,0,1,351.787077,327.112081,0
81,UES2,5,72,72,2,-114.816,-113.848,-96.2251,ALTERNATIVE_AVAILABLE,0,1,370.434496,-304.608959,0
81,UES2,6,73,73,6,-112.022,-113.862,-129.131,PERSISTING,1,1,-385.807647,362.076044,0
81,UES2,7,74,74,4,-120.632,-114.58,-106.56,PERSISTING,2,1,302.832904,407.275596,0
81,UES2,8,75,75,1,-117.674,-110.733,-93.6587,ALTERNATIVE_AVAILABLE,0,1,388.874325,-263.623583,0
81,UES2,9,76,76,6,-79.926,-91.1171,-129.352,SERVED,0,1,-375.207447,303.936703,0
81,UES2,10,77,77,5,-101.82,-126.026,-123.755,MOVE_REQUIRED,8,1,375.444742,393.821530,1
81,UES2,11,78,78,7,-108.418,-115.171,-119.271,PERSISTING,2,1,363.575295,-397.678188,0
81,UES2,12,79,79,4,-112.744,-113.161,-109.368,PERSISTING,2,1,-404.543100,278.061083,0
81,UES2,13,80,80,5,-92.9183,-112.233,-119.778,SERVED,0,1,364.239725,318.632047,0
81,UES2,14,81,81,4,-118.94,-116.939,-94.0399,ALTERNATIVE_AVAILABLE,0,1,407.320633,-349.958352,0
81,UES2,15,82,82,6,-109.781,-108.801,-115.08,PERSISTING,1,1,-334.998120,364.719649,0
81,UES2,16,83,83,2,-115.25,-118.03,-106.617,PERSISTING,3,1,394.687883,354.845917,0
81,UES2,17,84,84,3,-117.102,-118.28,-89.91,ALTERNATIVE_AVAILABLE,0,1,279.083448,-383.302906,0
81,UES2,18,85,85,3,-118.769,-117.116,-114.302,PERSISTING,1,1,-398.487990,413.132124,0
81,UES2,19,86,86,5,-110.16,-113.952,-124.098,PERSISTING,4,1,281.726677,384.230994,0
81,UES2,20,87,87,7,-104.791,-116.789,-123.106,PERSISTING,1,1,396.655399,-400.650481,0
81,UES2,21,88,88,6,-109.169,-122.56,-124.569,PERSISTING,4,1,-367.692891,437.446369,0
81,UES2,22,89,89,5,-108.866,-120.933,-124.621,PERSISTING,1,1,394.361349,392.796688,0
81,UES2,23,90,90,7,-110.891,-115.785,-116.375,PERSISTING,0,1,393.660336,-327.624757,0
81,UES2,24,91,91,6,-111.972,-106.723,-128.255,PERSISTING,0,1,-411.020499,369.938757,0
81,UES2,25,92,92,5,-110.681,-119.772,-124.061,PERSISTING,1,1,363.977729,388.236126,0
81,UES2,26,93,93,7,-63.8823,-124.28,-118.595,SERVED,0,1,318.245407,-294.650857,0
81,UES2,27,94,94,2,-125.301,-122.514,-103.055,PERSISTING,1,1,-431.018861,311.314785,0
81,UES2,28,95,95,2,-126.12,-122.015,-105.011,MOVE_REQUIRED,8,1,343.073625,416.180161,1
81,UES2,29,96,96,7,-97.5488,-112.909,-111.729,SERVED,0,1,381.606587,-312.147081,0
82,UES1,0,7,7,4,-113.273,-111.749,-117.014,PERSISTING,1,1,-260.030213,-369.776538,0
82,UES1,1,8,8,1,-114.201,-114.415,-94.9382,ALTERNATIVE_AVAILABLE,0,1,295.920578,-294.303757,0
82,UES1,2,9,9,6,-111.638,-116.837,-124.91,PERSISTING,1,1,-340.740733,360.464640,0
82,UES1,3,10,10,7,-97.8312,-110.886,-122.573,SERVED,0,1,301.643543,-295.360717,0
82,UES1,4,11,11,5,-98.0389,-109.062,-122.564,SERVED,0,1,259.999383,314.840732,0
82,UES1,5,12,12,4,-108.859,-108.637,-106.025,PERSISTING,1,1,-286.714946,263.799429,0
82,UES1,6,13,13,2,-108.601,-107.911,-107.484,PERSISTING,0,1,88.363539,330.306150,0
82,UES1,7,14,14,4,-110.473,-111.191,-112.042,PERSISTING,0,1,-39.944947,-333.309468,0
82,UES1,8,15,15,7,-103.773,-110.362,-125.684,PERSISTING,5,1,170.874357,-386.816896,0
82,UES1,9,16,16,2,-104.839,-106.066,-113.094,PERSISTING,0,1,283.699687,-81.041886,0
82,UES1,10,17,17,4,-114.678,-114.787,-116.863,PERSISTING,3,1,-106.628781,-379.022446,0
82,UES1,11,18,18,4,-113.037,-95.4194,-93.0501,ALTERNATIVE_AVAILABLE,0,1,-307.208345,140.112874,0
82,UES1,12,19,19,5,-106.076,-110.064,-118.973,MOVE_REQUIRED,6,1,451.993434,28.537680,1
82,UES1,13,20,20,5,-98.2397,-110.325,-127.673,SERVED,0,1,186.622672,328.350954,0
82,UES1,14,21,21,2,-101.463,-109.588,-100.782,PERSISTING,1,1,252.872631,-237.605143,0
82,UES1,15,22,22,1,-95.9979,-108.487,-104.162,SERVED,0,1,48.104423,-304.590953,0
82,UES1,16,23,23,2,-127.393,-117.736,-109.309,PERSISTING,4,1,-458.705346,-30.005308,0
82,UES1,17,24,24,2,-103.294,-106.129,-112.73,PERSISTING,0,1,285.758841,4.608006,0
82,UES1,18,25,25,4,-110.578,-106.505,-100.477,PERSISTING,2,1,210.872980,-249.586598,0
82,UES1,19,26,26,4,-116.915,-110.3,-117.225,PERSISTING,0,1,-192.120428,-324.450507,0
82,UES1,20,27,27,6,-74.4276,-120.695,-125.306,SERVED,0,1,-327.078696,296.583554,0
82,UES1,21,28,28,2,-118.88,-112.716,-111.228,PERSISTING,0,1,-203.366205,445.627673,0
82,UES1,22,29,29,5,-105.427,-112.833,-125.205,PERSISTING,0,1,377.674585,252.671538,0
82,UES1,23,30,30,1,-112.758,-111.787,-102.875,PERSISTING,1,1,121.934710,-368.803530,0
82,UES1,24,31,31,6,-82.3718,-110.108,-123.694,SERVED,0,1,-264.800697,277.031646,0
82,UES1,25,32,32,3,-114.893,-111.616,-115.765,PERSISTING,2,1,-52.304698,438.368943,0
82,UES1,26,33,33,5,-71.1431,-122.042,-121.534,SERVED,0,1,386.494252,216.345898,0
82,UES1,27,34,34,2,-112.28,-115.683,-108.354,PERSISTING,3,1,38.461819,348.887320,0
82,UES1,28,35,35,4,-103.939,-102.161,-89.5598,ALTERNATIVE_AVAILABLE,0,1,-223.148424,79.885074,0
82,UES1,29,36,36,6,-108.939,-91.2926,-119.025,ALTERNATIVE_AVAILABLE,0,1,-57.018816,219.851810,0
82,UES1,30,37,37,7,-113.399,-115.36,-126.848,PERSISTING,1,1,-111.217255,-433.402827,0
82,UES1,31,38,38,5,-110.272,-117.684,-120.042,PERSISTING,0,1,411.437880,111.245550,0
82,UES1,32,39,39,7,-103.074,-99.1492,-117.952,ALTERNATIVE_AVAILABLE,0,1,70.874410,-345.343582,0
82,UES1,33,40,40,3,-100.566,-103.991,-102.419,PERSISTING,0,1,-245.986829,196.932792,0
82,UES1,34,41,41,3,-115.623,-114.288,-109.589,PERSISTING,3,1,68.544180,-416.754795,0
82,UES1,35,42,42,2,-110.578,-85.1992,-106.33,ALTERNATIVE_AVAILABLE,0,1,340.273361,-180.125189,0
82,UES1,36,43,43,5,-100.898,-113.755,-123.851,PERSISTING,0,1,376.873741,303.098830,0
82,UES1,37,44,44,1,-114.476,-114.441,-106.963,MOVE_REQUIRED,8,1,80.628179,-378.905973,1
82,UES1,38,45,45,4,-107.857,-109.511,-117.28,PERSISTING,1,1,-279.009041,-198.940734,0
82,UES1,39,46,46,4,-110.185,-109.118,-109.905,PERSISTING,0,1,-326.223251,-6.618889,0
82,UES1,40,47,47,3,-109.524,-80.6895,-97.076,ALTERNATIVE_AVAILABLE,0,1,-300.355284,339.116420,0
82,UES1,41,48,48,3,-92.7392,-119.871,-120.414,SERVED,0,1,-433.370709,-334.216832,0
82,UES1,42,49,49,1,-106.644,-76.8311,-110.496,ALTERNATIVE_AVAILABLE,0,1,131.043684,253.409043,0
82,UES1,43,50,50,1,-95.3934,-100.784,-107.449,SERVED,0,1,193.130625,-210.072254,0
82,UES1,44,51,51,4,-111.704,-106.083,-108.388,PERSISTING,3,1,-109.524144,321.676568,0
82,UES1,45,52,52,4,-114.742,-112.739,-117.328,PERSISTING,3,1,-227.397403,-318.331745,0
82,UES1,46,53,53,3,-123.73,-117.698,-117.827,PERSISTING,1,1,-220.380621,-374.521892,0
82,UES1,47,54,54,3,-114.071,-112.058,-116.273,PERSISTING,1,1,-198.095702,-304.718474,0
82,UES1,48,55,55,3,-113.95,-76.0169,-117.085,ALTERNATIVE_AVAILABLE,0,1,-358.168836,-191.485145,0
82,UES1,49,56,56,1,-105.118,-80.4944,-106.765,ALTERNATIVE_AVAILABLE,0,1,232.922875,-198.867533,0
82,UES1,50,57,57,3,-113.448,-107.953,-118.324,PERSISTING,3,1,-150.737649,-294.271146,0
82,UES1,51,58,58,5,-113.276,-117.273,-124.228,MOVE_REQUIRED,6,1,384.320546,186.129839,1
82,UES1,52,59,59,6,-95.1572,-118.861,-125.274,SERVED,0,1,-333.284188,329.453882,0
82,UES1,53,60,60,3,-118.138,-118.484,-119.935,PERSISTING,2,1,-484.269331,-112.351835,0
82,UES1,54,61,61,1,-101.78,-110.267,-108.571,PERSISTING,0,1,-3.095116,-347.029787,0
82,UES1,55,62,62,1,-101.241,-73.695,-110.381,ALTERNATIVE_AVAILABLE,0,1,304.530921,-170.794314,0
82,UES1,56,63,63,1,-114.961,-110.986,-113.445,PERSISTING,0,1,-4.313458,-322.553561,0
82,UES1,57,64,64,6,-99.8351,-112.237,-126.885,SERVED,0,1,-223.410242,391.015538,0
82,UES1,58,65,65,4,-116.479,-101.295,-93.2761,ALTERNATIVE_AVAILABLE,0,1,-167.925235,-419.207717,0
82,UES1,59,66,66,7,-107.77,-112.677,-117.598,PERSISTING,0,1,374.602232,-335.653283,0
82,UES2,0,67,67,6,-95.5177,-121.121,-118.44,SERVED,0,1,-279.997531,361.232140,0
82,UES2,1,68,68,3,-117.516,-112.832,-105.213,PERSISTING,0,1,287.160098,303.357848,0
82,UES2,2,69,69,1,-121.484,-112.236,-109.685,PERSISTING,0,1,388.910883,-329.235401,0
82,UES2,3,70,70,6,-76.0719,-110.342,-127.899,SERVED,0,1,-354.616989,281.019378,0
82,UES2,4,71,71,5,-106.681,-112.565,-120.418,PERSISTING,1,1,355.029796,331.302141,0
82,UES2,5,72,72,2,-115.716,-115.734,-107.74,PERSISTING,0,1,371.579911,-301.231328,0
82,UES2,6,73,73,6,-110.247,-110.364,-127.416,PERSISTING,2,1,-384.702265,366.252543,0
82,UES2,7,74,74,4,-126.224,-117.351,-106.62,PERSISTING,3,1,305.116965,404.184286,0
82,UES2,8,75,75,1,-113.601,-111.708,-90.79,ALTERNATIVE_AVAILABLE,0,1,387.976559,-261.147552,0
82,UES2,9,76,76,6,-93.2697,-120.813,-126.421,SERVED,0,1,-373.225406,299.732093,0
82,UES2,10,77,77,5,-76.6791,-125.467,-126.531,SERVED,0,1,379.373903,397.263686,0
82,UES2,11,78,78,7,-110.859,-114.098,-119.867,PERSISTING,3,1,359.857481,-393.846372,0
82,UES2,12,79,79,4,-116.615,-92.4695,-111.404,ALTERNATIVE_AVAILABLE,0,1,-407.740677,276.066958,0
82,UES2,13,80,80,5,-83.2698,-95.7571,-120.218,SERVED,0,1,362.809413,320.177069,0
82,UES2,14,81,81,4,-118.965,-88.9868,-107.304,ALTERNATIVE_AVAILABLE,0,1,407.498475,-353.338107,0
82,UES2,15,82,82,6,-111.542,-118.114,-127.142,PERSISTING,2,1,-335.017506,369.211437,0
82,UES2,16,83,83,2,-110.734,-119.31,-108.358,PERSISTING,4,1,390.786096,356.531851,0
82,UES2,17,84,84,3,-121.868,-114.505,-89.5961,ALTERNATIVE_AVAILABLE,0,1,278.028539,-387.368642,0
82,UES2,18,85,85,3,-116.726,-120.642,-115.233,PERSISTING,2,1,-396.888274,415.721841,0
82,UES2,19,86,86,5,-103.392,-115.931,-119.722,PERSISTING,5,1,285.919278,383.285753,0
82,UES2,20,87,87,7,-106.676,-118.222,-119.26,PERSISTING,2,1,400.951661,-402.663915,0
82,UES2,21,88,88,6,-110.078,-119.464,-96.4568,ALTERNATIVE_AVAILABLE,0,1,-365.329537,436.924148,0
82,UES2,22,89,89,5,-110.087,-123.199,-128.717,PERSISTING,2,1,397.875184,395.845457,0
82,UES2,23,90,90,7,-104.993,-116.473,-119.911,PERSISTING,1,1,399.046900,-330.405474,0
82,UES2,24,91,91,6,-114.668,-92.1246,-125.793,ALTERNATIVE_AVAILABLE,0,1,-406.577744,370.423705,0
82,UES2,25,92,92,5,-105.249,-114.605,-118.842,PERSISTING,2,1,361.840387,386.952455,0
82,UES2,26,93,93,7,-66.818,-117.918,-121.65,SERVED,0,1,317.256053,-298.089640,0
82,UES2,27,94,94,2,-131.139,-101.19,-91.2811,ALTERNATIVE_AVAILABLE,0,1,-432.999605,313.340818,0
82,UES2,28,95,95,2,-117.077,-101.357,-106.024,MOVE_REQUIRED,9,1,339.102761,415.497112,1
82,UES2,29,96,96,7,-107.48,-114.112,-119.493,PERSISTING,0,1,377.979749,-315.197570,0
83,UES1,0,7,7,4,-114.241,-112.632,-116.754,PERSISTING,2,1,-263.278824,-373.270460,0
83,UES1,1,8,8,1,-111.123,-84.5835,-93.6323,ALTERNATIVE_AVAILABLE,0,1,298.068814,-297.851069,0
83,UES1,2,9,9,6,-112.158,-110.372,-125.375,PERSISTING,2,1,-342.708876,365.284153,0
83,UES1,3,10,10,7,-104.729,-112.716,-121.089,PERSISTING,0,1,305.887868,-298.522017,0
83,UES1,4,11,11,5,-104.093,-89.0801,-120.718,ALTERNATIVE_AVAILABLE,0,1,264.779162,318.364897,0
83,UES1,5,12,12,4,-113.71,-111.223,-87.0186,ALTERNATIVE_AVAILABLE,0,1,-289.428784,267.597819,0
83,UES1,6,13,13,2,-107.305,-108.76,-105.755,PERSISTING,1,1,89.622838,335.867254,0
83,UES1,7,14,14,4,-107.444,-110.435,-112.541,PERSISTING,1,1,-40.918381,-337.195262,0
83,UES1,8,15,15,7,-108.596,-110.574,-119.992,MOVE_REQUIRED,6,1,173.484832,-390.995661,1
83,UES1,9,16,16,2,-110.937,-101.617,-109.189,PERSISTING,1,1,289.060014,-83.889140,0
83,UES1,10,17,17,4,-76.3033,-84.8372,-115.554,SERVED,0,1,-106.738869,-382.923429,0
83,UES1,11,18,18,4,-106.83,-113.079,-103.854,PERSISTING,0,1,-311.920102,140.444213,0
83,UES1,12,19,19,5,-105.845,-106.735,-121.603,MOVE_REQUIRED,7,1,455.230730,31.660862,1
83,UES1,13,20,20,5,-66.8138,-123.57,-127.201,SERVED,0,1,189.199214,332.178379,0
83,UES1,14,21,21,2,-110.855,-109.972,-112.381,PERSISTING,2,1,254.994628,-232.266365,0
83,UES1,15,22,22,1,-107.909,-108.017,-113.37,PERSISTING,0,1,44.256130,-308.283289,0
83,UES1,16,23,23,2,-127.894,-119.687,-107.804,PERSISTING,5,1,-464.877144,-29.907397,0
83,UES1,17,24,24,2,-104.694,-109.944,-114.403,PERSISTING,1,1,290.124955,5.691689,0
83,UES1,18,25,25,4,-115.801,-105.866,-106.573,PERSISTING,3,1,214.225807,-253.243407,0
83,UES1,19,26,26,4,-107.985,-110.93,-115.149,PERSISTING,1,1,-193.770767,-328.679290,0
83,UES1,20,27,27,6,-64.4569,-117.322,-126.805,SERVED,0,1,-331.026981,300.596734,0
83,UES1,21,28,28,2,-120.249,-116.152,-115.013,PERSISTING,1,1,-203.699822,449.863229,0
83,UES1,22,29,29,5,-108.462,-102.138,-121.599,PERSISTING,1,1,380.928446,256.237766,0
83,UES1,23,30,30,1,-114.47,-76.8968,-104.362,ALTERNATIVE_AVAILABLE,0,1,124.125194,-375.647777,0
83,UES1,24,31,31,6,-80.0255,-109.26,-132.122,SERVED,0,1,-269.577789,280.247039,0
83,UES1,25,32,32,3,-110.139,-105.531,-112.423,PERSISTING,3,1,-52.218709,442.945777,0
83,UES1,26,33,33,5,-95.1594,-124.23,-124.156,SERVED,0,1,392.838205,219.971794,0
83,UES1,27,34,34,2,-113.216,-114.684,-115.559,PERSISTING,4,1,36.833148,353.107880,0
83,UES1,28,35,35,4,-100.122,-100.518,-101.69,PERSISTING,0,1,-219.112967,78.921421,0
83,UES1,29,36,36,2,-105.869,-106.354,-98.6525,ALTERNATIVE_AVAILABLE,0,1,-59.057632,223.736745,0
83,UES1,30,37,37,7,-117.645,-120.37,-125.54,PERSISTING,2,1,-115.044062,-438.480340,0
83,UES1,31,38,38,5,-109.072,-90.7881,-120.932,ALTERNATIVE_AVAILABLE,0,1,416.021652,113.438600,0
83,UES1,32,39,39,7,-107.996,-77.6832,-116.685,ALTERNATIVE_AVAILABLE,0,1,72.220376,-349.794160,0
83,UES1,33,40,40,3,-108.573,-107.853,-88.0567,ALTERNATIVE_AVAILABLE,0,1,-251.890779,196.218161,0
83,UES1,34,41,41,7,-112.467,-112.221,-121.72,PERSISTING,4,1,70.803961,-421.069124,0
83,UES1,35,42,42,4,-124.559,-108.519,-108.441,PERSISTING,0,1,344.147902,-182.385877,0
83,UES1,36,43,43,5,-99.6535,-113.653,-123.283,SERVED,0,1,380.442451,306.301451,0
83,UES1,37,44,44,1,-89.3788,-111.654,-80.4398,SERVED,0,1,81.804101,-383.073749,0
83,UES1,38,45,45,4,-104.569,-111.251,-80.4541,ALTERNATIVE_AVAILABLE,0,1,-284.569982,-201.364971,0
83,UES1,39,46,46,4,-113.926,-104.223,-87.564,ALTERNATIVE_AVAILABLE,0,1,-328.763900,-5.257273,0
83,UES1,40,47,47,4,-119.817,-105.781,-87.1965,ALTERNATIVE_AVAILABLE,0,1,-302.678324,344.460928,0
83,UES1,41,48,48,3,-121.483,-122.926,-119.57,PERSISTING,0,1,-437.791273,-337.121722,0
83,UES1,42,49,49,1,-106.425,-103.689,-111.179,PERSISTING,0,1,132.741125,257.643947,0
83,UES1,43,50,50,1,-106.656,-106.241,-92.4149,ALTERNATIVE_AVAILABLE,0,1,195.880194,-205.961570,0
83,UES1,44,51,51,4,-112.413,-110.021,-112.588,PERSISTING,4,1,-111.466132,325.821369,0
83,UES1,45,52,52,4,-110.078,-109.71,-111.554,PERSISTING,4,1,-231.999038,-322.574689,0
83,UES1,46,53,53,3,-113.51,-113.871,-125.132,PERSISTING,2,1,-222.942414,-379.524992,0
83,UES1,47,54,54,3,-110.552,-107.67,-119.196,PERSISTING,2,1,-199.649089,-310.053234,0
83,UES1,48,55,55,4,-110.509,-113.052,-112.207,PERSISTING,0,1,-362.481650,-195.184722,0
83,UES1,49,56,56,1,-109.619,-86.9314,-109.032,ALTERNATIVE_AVAILABLE,0,1,234.481245,-202.008470,0
83,UES1,50,57,57,3,-106.148,-110.206,-116.898,PERSISTING,4,1,-156.616755,-290.932884,0
83,UES1,51,58,58,5,-108.251,-114.172,-119.682,MOVE_REQUIRED,7,1,386.573147,189.774210,1
83,UES1,52,59,59,6,-91.6097,-101.576,-126.913,SERVED,0,1,-338.312369,332.668835,0
83,UES1,53,60,60,3,-119.805,-117.715,-112.052,PERSISTING,3,1,-488.100287,-113.130708,0
83,UES1,54,61,61,1,-111.573,-111.592,-117.265,PERSISTING,1,1,-4.257766,-351.101494,0
83,UES1,55,62,62,1,-109.23,-105.633,-88.7697,ALTERNATIVE_AVAILABLE,0,1,309.122353,-173.863357,0
83,UES1,56,63,63,1,-107.721,-110.981,-112.389,PERSISTING,1,1,-4.595218,-326.795231,0
83,UES1,57,64,64,6,-108.384,-113.226,-126.748,PERSISTING,0,1,-224.253306,395.549762,0
83,UES1,58,65,65,4,-116.817,-114.678,-119.733,PERSISTING,0,1,-168.621159,-424.531571,0
83,UES1,59,66,66,7,-86.0686,-105.121,-123.655,SERVED,0,1,377.447626,-338.403108,0
83,UES2,0,67,67,6,-76.0017,-98.9072,-121.165,SERVED,0,1,-282.725221,361.644881,0
83,UES2,1,68,68,3,-122.536,-109.383,-82.1571,ALTERNATIVE_AVAILABLE,0,1,286.931685,307.720557,0
83,UES2,2,69,69,1,-113.454,-114.903,-106.719,PERSISTING,1,1,385.482189,-330.992931,0
83,UES2,3,70,70,6,-72.2526,-94.3759,-125.442,SERVED,0,1,-357.275457,284.072357,0
83,UES2,4,71,71,5,-105.436,-115.905,-118.976,PERSISTING,2,1,358.975237,333.451656,0
83,UES2,5,72,72,7,-88.9184,-84.5728,-118.409,SERVED,0,1,369.371675,-296.011426,0
83,UES2,6,73,73,6,-111.352,-113.019,-120.412,PERSISTING,3,1,-381.982640,369.138792,0
83,UES2,7,74,74,4,-121.825,-113.376,-90.1079,ALTERNATIVE_AVAILABLE,0,1,309.219791,402.618152,0
83,UES2,8,75,75,1,-112.752,-112.154,-113.474,PERSISTING,0,1,388.054450,-256.571112,0
83,UES2,9,76,76,6,-97.1662,-117.766,-129.907,SERVED,0,1,-372.616589,296.616082,0
83,UES2,10,77,77,5,-110.142,-125.097,-125.997,PERSISTING,0,1,382.395510,399.520399,0
83,UES2,11,78,78,7,-77.6341,-114.757,-119.727,SERVED,0,1,356.922789,-392.715537,0
83,UES2,12,79,79,1,-118.215,-110.199,-111.953,PERSISTING,0,1,-410.772254,272.076369,0
83,UES2,13,80,80,5,-109.474,-113.863,-121.858,PERSISTING,0,1,360.505277,325.177550,0
83,UES2,14,81,81,4,-118.372,-115.196,-107.03,PERSISTING,0,1,407.119834,-357.529234,0
83,UES2,15,82,82,6,-110.888,-117.224,-126.647,PERSISTING,3,1,-335.099124,373.123342,0
83,UES2,16,83,83,2,-114.013,-118.124,-106.444,PERSISTING,5,1,388.048127,360.474031,0
83,UES2,17,84,84,3,-118.335,-111.646,-102.814,PERSISTING,0,1,276.439274,-391.833561,0
83,UES2,18,85,85,3,-110.405,-114.875,-110.617,PERSISTING,3,1,-397.839745,421.322453,0
83,UES2,19,86,86,5,-82.5689,-112.898,-122.458,SERVED,0,1,290.269144,381.424517,0
83,UES2,20,87,87,7,-107.901,-115.223,-122.867,PERSISTING,3,1,404.539236,-403.532399,0
83,UES2,21,88,88,6,-113.964,-120.903,-125.843,PERSISTING,0,1,-359.712113,435.382484,0
83,UES2,22,89,89,5,-106.074,-121.47,-127.846,PERSISTING,3,1,401.334600,398.096270,0
83,UES2,23,90,90,7,-104.442,-92.3896,-118.588,ALTERNATIVE_AVAILABLE,0,1,401.528691,-332.289283,0
83,UES2,24,91,91,6,-97.602,-115.788,-128.083,SERVED,0,1,-402.457450,369.830320,0
83,UES2,25,92,92,5,-85.7994,-104.524,-124.793,SERVED,0,1,358.547913,382.659523,0
83,UES2,26,93,93,7,-64.2422,-124.465,-127.675,SERVED,0,1,316.229287,-302.313918,0
83,UES2,27,94,94,2,-124.644,-118.292,-103.794,PERSISTING,0,1,-435.422285,316.532540,0
83,UES2,28,95,95,2,-115.349,-104.926,-110.279,MOVE_REQUIRED,10,1,334.732860,417.538185,1
83,UES2,29,96,96,7,-97.5272,-115.926,-123.182,SERVED,0,1,373.929285,-316.062018,0
84,UES1,0,7,7,4,-116.225,-101.821,-119.604,PERSISTING,3,1,-266.398551,-377.814757,0
84,UES1,1,8,8,1,-109.006,-114.099,-99.6536,ALTERNATIVE_AVAILABLE,0,1,301.327611,-301.910967,0
84,UES1,2,9,9,6,-110.663,-114.324,-131.342,PERSISTING,3,1,-345.841657,368.339931,0
84,UES1,3,10,10,7,-89.8225,-115.938,-119.559,SERVED,0,1,310.023897,-302.660832,0
84,UES1,4,11,11,5,-113.018,-111.91,-123.31,PERSISTING,0,1,268.736392,321.728399,0
84,UES1,5,12,12,4,-111.2,-107.29,-103.96,PERSISTING,0,1,-293.083807,271.350017,0
84,UES1,6,13,13,2,-111.212,-112.432,-112.684,PERSISTING,2,1,89.343368,340.663126,0
84,UES1,7,14,14,4,-113.244,-110.48,-112.325,PERSISTING,2,1,-41.642901,-341.344710,0
84,UES1,8,15,15,7,-106.45,-76.7113,-79.9047,ALTERNATIVE_AVAILABLE,0,1,176.065095,-396.780870,0
84,UES1,9,16,16,2,-107.026,-111.783,-82.8736,ALTERNATIVE_AVAILABLE,0,1,292.418111,-84.580770,0
84,UES1,10,17,17,4,-115.375,-112.032,-96.4997,ALTERNATIVE_AVAILABLE,0,1,-109.583795,-389.568723,0
84,UES1,11,18,18,4,-110.142,-106.711,-85.7051,ALTERNATIVE_AVAILABLE,0,1,-316.255407,142.715658,0
84,UES1,12,19,19,5,-108.646,-113.312,-119.246,MOVE_REQUIRED,8,1,460.760487,32.360393,1
84,UES1,13,20,20,5,-100.022,-117.704,-118.102,PERSISTING,0,1,191.515275,337.021750,0
84,UES1,14,21,21,2,-108.864,-106.963,-107.273,PERSISTING,3,1,256.056013,-227.451759,0
84,UES1,15,22,22,1,-111.903,-74.7067,-113.603,ALTERNATIVE_AVAILABLE,0,1,39.651378,-311.677760,0
84,UES1,16,23,23,2,-126.516,-118.046,-109.529,MOVE_REQUIRED,6,1,-469.198924,-30.055793,1
84,UES1,17,24,24,2,-107.58,-109.607,-94.4295,ALTERNATIVE_AVAILABLE,0,1,295.380153,5.255324,0
84,UES1,18,25,25,4,-112.132,-103.451,-96.0461,ALTERNATIVE_AVAILABLE,0,1,217.346157,-257.473896,0
84,UES1,19,26,26,4,-115.034,-114.313,-114.603,PERSISTING,2,1,-195.416643,-332.819361,0
84,UES1,20,27,27,6,-100.137,-118.708,-126.428,PERSISTING,0,1,-335.154930,302.141258,0
84,UES1,21,28,28,2,-117.015,-115.522,-113.079,PERSISTING,2,1,-206.880630,454.819255,0
84,UES1,22,29,29,5,-92.7747,-90.6285,-99.8493,SERVED,0,1,384.484512,259.588878,0
84,UES1,23,30,30,1,-113.596,-110.367,-102.386,PERSISTING,0,1,125.057656,-379.041824,0
84,UES1,24,31,31,6,-102.316,-83.3424,-125.138,ALTERNATIVE_AVAILABLE,0,1,-274.099041,281.514344,0
84,UES1,25,32,32,3,-112.935,-112.238,-104.647,PERSISTING,4,1,-54.072335,447.906646,0
84,UES1,26,33,33,5,-93.2798,-121.038,-121.84,SERVED,0,1,394.106036,223.478240,0
84,UES1,27,34,34,2,-112.747,-117.422,-79.7669,ALTERNATIVE_AVAILABLE,0,1,37.671508,359.163742,0
84,UES1,28,35,35,4,-103.447,-99.2727,-102.092,ALTERNATIVE_AVAILABLE,0,1,-213.463812,77.207288,0
84,UES1,29,36,36,2,-110.777,-96.4511,-115.955,ALTERNATIVE_AVAILABLE,0,1,-62.468455,227.940932,0
84,UES1,30,37,37,7,-125.955,-114.692,-125.317,PERSISTING,3,1,-115.714258,-442.278873,0
84,UES1,31,38,38,5,-110.277,-119.874,-119.974,PERSISTING,0,1,422.615198,113.617504,0
84,UES1,32,39,39,7,-105.872,-112.354,-116.047,PERSISTING,0,1,72.247816,-355.058803,0
84,UES1,33,40,40,3,-102.019,-74.1861,-87.9661,ALTERNATIVE_AVAILABLE,0,1,-255.093618,197.064606,0
84,UES1,34,41,41,7,-112.91,-113.769,-122.416,PERSISTING,5,1,73.040977,-425.280040,0
84,UES1,35,42,42,4,-118.788,-110.605,-95.2267,ALTERNATIVE_AVAILABLE,0,1,348.373671,-183.936484,0
84,UES1,36,43,43,5,-101.205,-112.465,-120.177,PERSISTING,0,1,382.351897,308.943526,0
84,UES1,37,44,44,1,-111.287,-112.842,-109.439,PERSISTING,0,1,83.560886,-388.455773,0
84,UES1,38,45,45,4,-114.219,-107.259,-114.692,PERSISTING,0,1,-288.185982,-203.120507,0
84,UES1,39,46,46,4,-109.897,-114.619,-97.7363,ALTERNATIVE_AVAILABLE,0,1,-337.435706,-6.175083,0
84,UES1,40,47,47,4,-113.013,-115.539,-107.26,PERSISTING,0,1,-305.612481,348.493436,0
84,UES1,41,48,48,3,-119.279,-118.245,-115.836,PERSISTING,1,1,-442.612489,-339.758971,0
84,UES1,42,49,49,1,-110.88,-104.43,-99.4424,ALTERNATIVE_AVAILABLE,0,1,135.710491,263.127995,0
84,UES1,43,50,50,1,-105.911,-110.424,-95.6072,ALTERNATIVE_AVAILABLE,0,1,195.809068,-200.347878,0
84,UES1,44,51,51,4,-110.324,-93.2682,-99.4325,ALTERNATIVE_AVAILABLE,0,1,-113.478763,331.795529,0
84,UES1,45,52,52,4,-112.974,-96.0011,-117.921,ALTERNATIVE_AVAILABLE,0,1,-234.323844,-326.117539,0
84,UES1,46,53,53,3,-115.468,-116.841,-120.742,PERSISTING,3,1,-225.748935,-384.284378,0
84,UES1,47,54,54,3,-118.96,-109.724,-118.591,PERSISTING,3,1,-201.813363,-314.246176,0
84,UES1,48,55,55,4,-74.6531,-112.221,-84.0558,SERVED,0,1,-365.963409,-199.026047,0
84,UES1,49,56,56,1,-104.38,-110.877,-98.9386,ALTERNATIVE_AVAILABLE,0,1,238.251950,-206.093932,0
84,UES1,50,57,57,3,-110.09,-92.3778,-118.351,ALTERNATIVE_AVAILABLE,0,1,-157.618447,-286.003458,0
84,UES1,51,58,58,5,-103.893,-88.7588,-119.002,ALTERNATIVE_AVAILABLE,0,1,388.943518,193.743716,0
84,UES1,52,59,59,6,-102.761,-121.03,-124.474,PERSISTING,0,1,-341.751699,335.916585,0
84,UES1,53,60,60,3,-120.539,-119.678,-116.062,PERSISTING,4,1,-493.349758,-114.623625,0
84,UES1,54,61,61,1,-120.581,-110.318,-116.351,PERSISTING,2,1,-4.440630,-357.794469,0
84,UES1,55,62,62,1,-112.819,-108.953,-104.172,PERSISTING,0,1,311.975537,-176.756545,0
84,UES1,56,63,63,1,-112.421,-109.978,-117.664,PERSISTING,2,1,-3.166798,-331.072040,0
84,UES1,57,64,64,6,-87.6349,-109.939,-118.562,SERVED,0,1,-226.833903,400.020047,0
84,UES1,58,65,65,4,-120.35,-116.454,-118.185,PERSISTING,1,1,-169.940336,-429.995490,0
84,UES1,59,66,66,7,-107.629,-113.97,-120.41,PERSISTING,0,1,381.904156,-342.123680,0
84,UES2,0,67,67,6,-100.889,-109.403,-123.06,PERSISTING,0,1,-285.362935,366.531086,0
84,UES2,1,68,68,3,-119.317,-112.334,-110.873,PERSISTING,0,1,283.733806,313.324437,0
84,UES2,2,69,69,1,-112.337,-117.286,-110.521,PERSISTING,2,1,381.636776,-331.781288,0
84,UES2,3,70,70,6,-95.8708,-91.6769,-125.112,SERVED,0,1,-360.451766,287.361400,0
84,UES2,4,71,71,5,-104.15,-113.796,-117.535,PERSISTING,3,1,361.288174,335.244922,0
84,UES2,5,72,72,7,-97.2786,-111.163,-123.599,SERVED,0,1,369.103716,-292.911911,0
84,UES2,6,73,73,6,-115.202,-113.509,-128.046,PERSISTING,4,1,-382.218503,373.253800,0
84,UES2,7,74,74,4,-120.919,-117.004,-82.0876,ALTERNATIVE_AVAILABLE,0,1,311.359853,398.103560,0
84,UES2,8,75,75,1,-114.179,-89.5844,-114.455,ALTERNATIVE_AVAILABLE,0,1,384.924682,-257.168116,0
84,UES2,9,76,76,6,-98.2146,-119.128,-126.956,SERVED,0,1,-371.964357,292.645969,0
84,UES2,10,77,77,5,-103.221,-126.557,-126.712,PERSISTING,1,1,385.815229,401.695120,0
84,UES2,11,78,78,7,-99.5009,-115.329,-119.303,SERVED,0,1,353.478845,-388.884427,0
84,UES2,12,79,79,1,-122.872,-75.1017,-113.646,ALTERNATIVE_AVAILABLE,0,1,-413.894152,268.856824,0
84,UES2,13,80,80,5,-110.418,-112.03,-124.846,PERSISTING,1,1,358.707505,328.730599,0
84,UES2,14,81,81,4,-120.975,-116.204,-108.922,PERSISTING,1,1,405.294559,-361.633511,0
84,UES2,15,82,82,6,-109.507,-117.831,-126.797,PERSISTING,4,1,-334.815404,376.764583,0
84,UES2,16,83,83,2,-115.614,-81.2071,-81.1265,ALTERNATIVE_AVAILABLE,0,1,385.193489,363.179513,0
84,UES2,17,84,84,3,-125.247,-113.463,-100.685,PERSISTING,1,1,275.536447,-395.239158,0
84,UES2,18,85,85,3,-115.449,-119.959,-115.728,PERSISTING,4,1,-397.536645,425.407998,0
84,UES2,19,86,86,5,-77.9879,-112.463,-118.975,SERVED,0,1,292.730574,379.871283,0
84,UES2,20,87,87,7,-86.2937,-118.235,-122.825,SERVED,0,1,407.752692,-404.300849,0
84,UES2,21,88,88,6,-110.085,-113.119,-124.196,PERSISTING,1,1,-356.523828,434.232905,0
84,UES2,22,89,89,5,-108.916,-121.662,-125.638,PERSISTING,4,1,403.901381,401.796713,0
84,UES2,23,90,90,7,-108.127,-115.78,-117.75,PERSISTING,0,1,404.344406,-334.110417,0
84,UES2,24,91,91,6,-113.931,-80.3398,-127.806,ALTERNATIVE_AVAILABLE,0,1,-399.102603,369.678337,0
84,UES2,25,92,92,5,-105.31,-116.603,-126.838,PERSISTING,0,1,357.065584,380.499495,0
84,UES2,26,93,93,7,-87.8979,-121.698,-127.605,SERVED,0,1,315.092470,-305.243630,0
84,UES2,27,94,94,2,-127.78,-120.534,-102.96,PERSISTING,1,1,-437.978164,321.006378,0
84,UES2,28,95,95,2,-125.471,-123.703,-104.836,MOVE_REQUIRED,11,1,330.868153,416.192582,1
84,UES2,29,96,96,7,-109.203,-111.171,-116.954,PERSISTING,0,1,370.562478,-319.975919,0
85,UES1,0,7,7,4,-113.795,-103.452,-118.512,PERSISTING,4,1,-269.160667,-381.779066,0
85,UES1,1,8,8,7,-99.6801,-110.206,-119.597,SERVED,0,1,305.266976,-304.963989,0
85,UES1,2,9,9,6,-116.454,-114.59,-127.097,PERSISTING,4,1,-350.361183,372.002574,0
85,UES1,3,10,10,7,-110.091,-115.407,-124.082,PERSISTING,0,1,313.880694,-304.544767,0
85,UES1,4,11,11,5,-84.9867,-77.5728,-119.098,SERVED,0,1,271.739085,324.260612,0
85,UES1,5,12,12,4,-109.593,-112.251,-107.227,PERSISTING,1,1,-296.643344,273.385143,0
85,UES1,6,13,13,2,-108.301,-85.7917,-106.415,ALTERNATIVE_AVAILABLE,0,1,89.089400,345.792736,0
85,UES1,7,14,14,4,-113.75,-111.242,-112.909,PERSISTING,3,1,-42.999321,-346.804404,0
85,UES1,8,15,15,7,-107.128,-114.106,-122.875,PERSISTING,0,1,177.477423,-402.020142,0
85,UES1,9,16,16,2,-93.8929,-112.048,-111.075,SERVED,0,1,297.252802,-87.530196,0
85,UES1,10,17,17,4,-114.428,-108.664,-114.66,PERSISTING,0,1,-109.726546,-392.485011,0
85,UES1,11,18,18,3,-112.964,-107.656,-87.842,ALTERNATIVE_AVAILABLE,0,1,-321.505791,144.348916,0
85,UES1,12,19,19,5,-81.2061,-115.964,-116.587,SERVED,0,1,466.223402,33.598320,0
85,UES1,13,20,20,5,-95.8355,-121.265,-128.469,SERVED,0,1,194.934810,340.890862,0
85,UES1,14,21,21,2,-111.026,-83.1926,-106.331,ALTERNATIVE_AVAILABLE,0,1,258.218330,-223.524459,0
85,UES1,15,22,22,1,-112.353,-108.209,-107.991,PERSISTING,0,1,36.138880,-315.435165,0
85,UES1,16,23,23,2,-128.55,-119.824,-108.335,MOVE_REQUIRED,7,1,-473.895213,-29.071436,1
85,UES1,17,24,24,2,-107.124,-110.804,-111.714,PERSISTING,0,1,302.085058,6.516774,0
85,UES1,18,25,25,4,-112.705,-106.259,-101.414,PERSISTING,0,1,219.134689,-263.018225,0
85,UES1,19,26,26,4,-113.805,-113.071,-83.8884,ALTERNATIVE_AVAILABLE,0,1,-198.947125,-337.038487,0
85,UES1,20,27,27,6,-69.1786,-102.952,-127.196,SERVED,0,1,-338.433982,306.936997,0
85,UES1,21,28,28,2,-114.844,-107.82,-106.026,PERSISTING,3,1,-208.080371,460.337058,0
85,UES1,22,29,29,5,-92.0169,-89.469,-123.061,SERVED,0,1,388.938328,263.180699,0
85,UES1,23,30,30,1,-91.2741,-111.867,-105.497,SERVED,0,1,126.792598,-385.141306,0
85,UES1,24,31,31,6,-105.926,-90.8212,-126.509,ALTERNATIVE_AVAILABLE,0,1,-277.014775,284.596597,0
85,UES1,25,32,32,3,-115.059,-101.832,-114.849,PERSISTING,5,1,-52.865110,453.626518,0
85,UES1,26,33,33,5,-88.6979,-114.556,-122.589,SERVED,0,1,398.287103,228.022473,0
85,UES1,27,34,34,2,-117.06,-115.3,-113.725,PERSISTING,0,1,38.469986,363.051871,0
85,UES1,28,35,35,4,-96.95,-98.3315,-103.781,SERVED,0,1,-207.537511,74.860015,0
85,UES1,29,36,36,2,-111.302,-105.162,-112.512,PERSISTING,0,1,-64.003739,232.190523,0
85,UES1,30,37,37,7,-119.756,-119.415,-119.753,PERSISTING,4,1,-118.148877,-447.468030,0
85,UES1,31,38,38,5,-112.196,-117.665,-116.953,PERSISTING,1,1,426.318428,114.846788,0
85,UES1,32,39,39,7,-112.197,-88.2776,-117.972,ALTERNATIVE_AVAILABLE,0,1,71.767454,-360.631158,0
85,UES1,33,40,40,3,-105.267,-104.924,-94.9319,ALTERNATIVE_AVAILABLE,0,1,-260.276244,196.140976,0
85,UES1,34,41,41,7,-118.05,-112.127,-120.817,MOVE_REQUIRED,6,1,74.122666,-429.796083,1
85,UES1,35,42,42,4,-118.524,-110.993,-96.1082,ALTERNATIVE_AVAILABLE,0,1,353.408451,-186.782852,0
85,UES1,36,43,43,5,-107.481,-112.778,-122.823,PERSISTING,1,1,387.872764,311.931569,0
85,UES1,37,44,44,7,-107.613,-90.6192,-119.461,ALTERNATIVE_AVAILABLE,0,1,84.142991,-392.282558,0
85,UES1,38,45,45,4,-103.118,-101.425,-116.146,PERSISTING,1,1,-292.700776,-206.065194,0
85,UES1,39,46,46,4,-111.98,-112.665,-104.962,PERSISTING,0,1,-340.699347,-5.979269,0
85,UES1,40,47,47,4,-111.441,-112.788,-110.537,PERSISTING,1,1,-308.332657,352.713221,0
85,UES1,41,48,48,3,-121.634,-119.001,-117.753,PERSISTING,2,1,-445.949977,-341.567036,0
85,UES1,42,49,49,1,-101.054,-107.315,-113.972,PERSISTING,0,1,136.652682,266.880005,0
85,UES1,43,50,50,1,-102.873,-107.994,-104.585,PERSISTING,0,1,196.812219,-196.251427,0
85,UES1,44,51,51,4,-109.195,-98.1401,-107.785,ALTERNATIVE_AVAILABLE,0,1,-115.005241,335.605168,0
85,UES1,45,52,52,4,-105.737,-113.468,-112.496,PERSISTING,0,1,-237.553001,-330.034872,0
85,UES1,46,53,53,3,-122.745,-121.694,-119.476,PERSISTING,4,1,-227.007628,-388.323148,0
85,UES1,47,54,54,3,-113.753,-111.042,-119.737,PERSISTING,4,1,-201.905336,-319.371052,0
85,UES1,48,55,55,4,-107.175,-111.629,-89.822,ALTERNATIVE_AVAILABLE,0,1,-368.261231,-201.763560,0
85,UES1,49,56,56,4,-114.446,-104.821,-94.1762,ALTERNATIVE_AVAILABLE,0,1,241.817048,-209.101478,0
85,UES1,50,57,57,3,-115.172,-108.731,-115.585,PERSISTING,0,1,-162.649838,-283.764759,0
85,UES1,51,58,58,5,-92.4515,-112.72,-123.898,SERVED,0,1,390.432727,198.491149,0
85,UES1,52,59,59,6,-104.981,-118.682,-121.24,PERSISTING,1,1,-345.345690,338.865924,0
85,UES1,53,60,60,3,-117.574,-121.438,-113.567,PERSISTING,5,1,-499.718112,-116.959594,0
85,UES1,54,61,61,1,-110.098,-113.49,-116.53,PERSISTING,3,1,-6.174639,-361.906144,0
85,UES1,55,62,62,2,-106.463,-109.577,-109.037,PERSISTING,1,1,316.184384,-180.728903,0
85,UES1,56,63,63,1,-112.76,-109.676,-117.457,PERSISTING,3,1,-4.545567,-337.359801,0
85,UES1,57,64,64,6,-113.044,-113.737,-119.927,PERSISTING,0,1,-227.525095,404.874224,0
85,UES1,58,65,65,4,-119.776,-115.116,-116.482,PERSISTING,2,1,-171.878064,-433.941599,0
85,UES1,59,66,66,7,-97.2745,-113.902,-122.917,SERVED,0,1,384.447490,-344.975009,0
85,UES2,0,67,67,6,-101.106,-118.563,-123.149,PERSISTING,1,1,-289.429477,367.745339,0
85,UES2,1,68,68,3,-117.043,-112.894,-90.1234,ALTERNATIVE_AVAILABLE,0,1,283.290027,315.784601,0
85,UES2,2,69,69,1,-116.911,-113.926,-81.0065,ALTERNATIVE_AVAILABLE,0,1,378.997746,-334.427360,0
85,UES2,3,70,70,6,-92.4789,-117.608,-128.426,SERVED,0,1,-362.202216,291.068064,0
85,UES2,4,71,71,5,-107.854,-116.229,-119.036,PERSISTING,4,1,366.008964,337.891332,0
85,UES2,5,72,72,7,-113.223,-112.292,-117.826,PERSISTING,0,1,369.175898,-289.327267,0
85,UES2,6,73,73,6,-114.257,-116.491,-130.672,PERSISTING,5,1,-379.818836,377.288401,0
85,UES2,7,74,74,4,-120.927,-114.144,-107.151,PERSISTING,0,1,312.689347,396.146713,0
85,UES2,8,75,75,1,-116.538,-114.508,-89.9609,ALTERNATIVE_AVAILABLE,0,1,380.587258,-258.508313,0
85,UES2,9,76,76,6,-100.021,-122.516,-129.142,PERSISTING,0,1,-369.359258,289.270064,0
85,UES2,10,77,77,5,-99.1094,-126.412,-109.641,SERVED,0,1,389.078888,404.042810,0
85,UES2,11,78,78,7,-108.103,-96.3922,-125.224,ALTERNATIVE_AVAILABLE,0,1,349.880105,-387.394410,0
85,UES2,12,79,79,1,-119.405,-119.78,-113.075,PERSISTING,0,1,-415.733681,267.065670,0
85,UES2,13,80,80,5,-86.2847,-91.7335,-119.801,SERVED,0,1,356.509281,331.815566,0
85,UES2,14,81,81,4,-123.565,-114.523,-108.343,PERSISTING,2,1,405.419986,-365.518942,0
85,UES2,15,82,82,6,-115.215,-115.069,-130.023,PERSISTING,5,1,-335.438288,381.643442,0
85,UES2,16,83,83,2,-116.459,-116.441,-102.56,PERSISTING,0,1,381.991331,365.337451,0
85,UES2,17,84,84,3,-119.796,-112.137,-101.943,PERSISTING,2,1,272.822875,-399.413231,0
85,UES2,18,85,85,3,-122.907,-110.85,-115.847,PERSISTING,5,1,-396.975180,429.512996,0
85,UES2,19,86,86,5,-85.0611,-112.913,-121.795,SERVED,0,1,297.288459,378.354519,0
85,UES2,20,87,87,7,-101.278,-115.194,-126.269,PERSISTING,0,1,412.385604,-406.156651,0
85,UES2,21,88,88,6,-112.682,-120.597,-122.067,PERSISTING,2,1,-352.305336,432.117553,0
85,UES2,22,89,89,5,-110.575,-122.118,-122.359,PERSISTING,5,1,407.028140,404.339800,0
85,UES2,23,90,90,7,-102.39,-116.518,-117.803,PERSISTING,1,1,408.491588,-336.676358,0
85,UES2,24,91,91,6,-114.65,-112.865,-128.596,PERSISTING,0,1,-393.748558,369.337851,0
85,UES2,25,92,92,5,-79.1589,-116.831,-122.174,SERVED,0,1,353.226988,377.629496,0
85,UES2,26,93,93,7,-66.2685,-122.501,-124.887,SERVED,0,1,314.742406,-309.430131,0
85,UES2,27,94,94,4,-121.426,-118.428,-108.405,PERSISTING,2,1,-434.702499,321.583454,0
85,UES2,28,95,95,2,-121.039,-120.767,-105.414,MOVE_REQUIRED,12,1,326.685107,417.043842,1
85,UES2,29,96,96,7,-100.884,-97.8757,-126.879,ALTERNATIVE_AVAILABLE,0,1,367.365394,-321.844478,0
86,UES1,0,7,7,4,-115.433,-110.012,-117.415,PERSISTING,5,1,-270.063672,-386.401365,0
86,UES1,1,8,8,7,-99.4923,-110.572,-122.413,SERVED,0,1,309.751022,-309.692130,0
86,UES1,2,9,9,6,-111.544,-114.374,-124.836,PERSISTING,5,1,-353.790535,375.693218,0
86,UES1,3,10,10,7,-96.4103,-85.6456,-117.814,SERVED,0,1,318.916128,-307.874497,0
86,UES1,4,11,11,5,-94.4247,-114.01,-120.678,SERVED,0,1,275.774523,327.539503,0
86,UES1,5,12,12,4,-115.762,-97.4808,-76.7035,ALTERNATIVE_AVAILABLE,0,1,-299.572231,278.954962,0
86,UES1,6,13,13,2,-106.85,-109.235,-103.339,PERSISTING,0,1,88.983179,350.347338,0
86,UES1,7,14,14,4,-80.9984,-110.494,-116.87,SERVED,0,1,-43.639341,-351.633635,0
86,UES1,8,15,15,7,-92.2188,-113.615,-120.643,SERVED,0,1,180.058241,-404.248953,0
86,UES1,9,16,16,2,-110.542,-111.681,-107.055,PERSISTING,0,1,301.731091,-88.434470,0
86,UES1,10,17,17,4,-117.917,-111.002,-114.937,PERSISTING,1,1,-110.961660,-398.353250,0
86,UES1,11,18,18,3,-112.207,-112.788,-96.4214,ALTERNATIVE_AVAILABLE,0,1,-326.101635,145.135775,0
86,UES1,12,19,19,5,-111.482,-117.228,-103.988,PERSISTING,0,1,472.581893,36.182857,0
86,UES1,13,20,20,5,-100.766,-123.055,-126.703,PERSISTING,0,1,195.239978,346.208095,0
86,UES1,14,21,21,2,-106.48,-104.876,-95.2297,ALTERNATIVE_AVAILABLE,0,1,260.580925,-218.080674,0
86,UES1,15,22,22,1,-109.961,-113.121,-97.8848,ALTERNATIVE_AVAILABLE,0,1,33.460517,-317.423721,0
86,UES1,16,23,23,2,-126.518,-115.747,-108.862,MOVE_REQUIRED,8,1,-479.134418,-28.538534,1
86,UES1,17,24,24,2,-106.852,-109.381,-114.066,PERSISTING,1,1,305.635851,6.373143,0
86,UES1,18,25,25,4,-112.789,-109.807,-81.7429,ALTERNATIVE_AVAILABLE,0,1,221.794710,-265.843541,0
86,UES1,19,26,26,4,-116.613,-116.645,-117.123,PERSISTING,0,1,-199.752364,-342.607195,0
86,UES1,20,27,27,6,-102.269,-118.92,-127.861,PERSISTING,0,1,-342.920651,308.987070,0
86,UES1,21,28,28,2,-116.437,-91.024,-115.243,ALTERNATIVE_AVAILABLE,0,1,-208.630844,464.033653,0
86,UES1,22,29,29,5,-88.428,-106.374,-120.765,SERVED,0,1,391.602276,266.140944,0
86,UES1,23,30,30,1,-113.909,-113.697,-105.592,PERSISTING,0,1,127.565715,-389.654067,0
86,UES1,24,31,31,6,-104.811,-105.255,-126.467,PERSISTING,0,1,-281.299822,285.875319,0
86,UES1,25,32,32,3,-113.735,-111.249,-112.968,MOVE_REQUIRED,6,1,-54.202389,459.218311,1
86,UES1,26,33,33,5,-81.3539,-120.044,-121.427,SERVED,0,1,402.302926,230.140260,0
86,UES1,27,34,34,2,-111.697,-114.891,-117.51,PERSISTING,1,1,36.773908,368.874011,0
86,UES1,28,35,35,4,-69.7221,-95.5187,-110.621,SERVED,0,1,-203.771761,73.130468,0
86,UES1,29,36,36,2,-111.556,-96.0844,-114.161,ALTERNATIVE_AVAILABLE,0,1,-66.625121,237.057449,0
86,UES1,30,37,37,7,-119.998,-104.063,-119.006,PERSISTING,5,1,-119.444429,-452.015877,0
86,UES1,31,38,38,5,-113.2,-113.941,-118.602,PERSISTING,2,1,429.415065,117.435952,0
86,UES1,32,39,39,7,-100.944,-92.5741,-118.555,ALTERNATIVE_AVAILABLE,0,1,72.726806,-366.266841,0
86,UES1,33,40,40,3,-106.346,-104.499,-95.5204,ALTERNATIVE_AVAILABLE,0,1,-265.052552,195.441134,0
86,UES1,34,41,41,7,-114.769,-116.814,-122.778,MOVE_REQUIRED,7,1,76.154341,-434.441824,1
86,UES1,35,42,42,4,-117.256,-114.11,-106.478,PERSISTING,0,1,356.953216,-190.050106,0
86,UES1,36,43,43,5,-105.478,-114.336,-100.938,PERSISTING,2,1,391.901883,315.226747,0
86,UES1,37,44,44,7,-107.584,-78.2317,-118.592,ALTERNATIVE_AVAILABLE,0,1,79.629641,-394.777586,0
86,UES1,38,45,45,4,-112.4,-111.613,-115.836,PERSISTING,2,1,-296.854037,-207.789025,0
86,UES1,39,46,46,4,-112.927,-112.769,-108.117,PERSISTING,1,1,-346.325866,-3.998657,0
86,UES1,40,47,47,4,-83.8801,-114.149,-98.5335,SERVED,0,1,-311.613252,357.111534,0
86,UES1,41,48,48,3,-119.315,-117.414,-120.728,PERSISTING,3,1,-449.138552,-344.615196,0
86,UES1,42,49,49,1,-106.367,-87.6841,-109.365,ALTERNATIVE_AVAILABLE,0,1,138.795307,272.238936,0
86,UES1,43,50,50,1,-106.417,-99.9998,-103.103,ALTERNATIVE_AVAILABLE,0,1,198.430576,-191.322015,0
86,UES1,44,51,51,4,-109.356,-109.591,-89.1189,ALTERNATIVE_AVAILABLE,0,1,-117.484365,339.815097,0
86,UES1,45,52,52,4,-111.284,-110.48,-117.469,PERSISTING,1,1,-241.426058,-334.794500,0
86,UES1,46,53,53,3,-119.714,-119.754,-120.329,PERSISTING,5,1,-229.151354,-392.959590,0
86,UES1,47,54,54,3,-109.766,-111.39,-117.443,PERSISTING,5,1,-203.873407,-325.065980,0
86,UES1,48,55,55,4,-110.454,-109.317,-116.946,PERSISTING,0,1,-372.576602,-206.145492,0
86,UES1,49,56,56,4,-113.654,-108.937,-102.268,PERSISTING,0,1,245.963890,-212.531893,0
86,UES1,50,57,57,3,-111.674,-108.082,-114.629,PERSISTING,1,1,-166.586678,-280.413582,0
86,UES1,51,58,58,5,-94.7722,-111.051,-124.333,SERVED,0,1,392.927118,203.306056,0
86,UES1,52,59,59,6,-93.0682,-104.701,-125.28,SERVED,0,1,-349.962313,342.573128,0
86,UES1,53,60,60,3,-118.274,-118.734,-116.822,MOVE_REQUIRED,6,1,-503.277297,-118.264701,1
86,UES1,54,61,61,1,-107.976,-111.198,-118.022,PERSISTING,4,1,-6.571296,-366.179745,0
86,UES1,55,62,62,2,-110.864,-104.722,-106.121,PERSISTING,2,1,319.508691,-183.323137,0
86,UES1,56,63,63,1,-115.28,-104.311,-111.487,PERSISTING,4,1,-3.270811,-342.088661,0
86,UES1,57,64,64,6,-108.488,-110.046,-115.581,PERSISTING,1,1,-230.191350,408.179927,0
86,UES1,58,65,65,4,-112.756,-105.774,-121.274,PERSISTING,3,1,-172.371847,-437.620765,0
86,UES1,59,66,66,7,-106.705,-115.349,-123.511,PERSISTING,0,1,388.600169,-348.798170,0
86,UES2,0,67,67,6,-109.683,-117.976,-123.066,PERSISTING,2,1,-292.249238,371.645409,0
86,UES2,1,68,68,3,-121.11,-108.614,-108.001,PERSISTING,0,1,282.476288,319.727647,0
86,UES2,2,69,69,1,-110.657,-114.368,-105.48,PERSISTING,0,1,374.331163,-336.030328,0
86,UES2,3,70,70,6,-85.0158,-91.0941,-107.578,SERVED,0,1,-364.528259,293.692435,0
86,UES2,4,71,71,5,-96.4884,-119.533,-120.683,SERVED,0,1,368.507451,340.102801,0
86,UES2,5,72,72,7,-111.994,-111.496,-119.118,PERSISTING,1,1,368.053611,-285.113598,0
86,UES2,6,73,73,6,-87.7629,-112.932,-122.053,SERVED,0,1,-378.392888,381.727679,0
86,UES2,7,74,74,4,-119.853,-115.264,-90.6798,ALTERNATIVE_AVAILABLE,0,1,316.783538,393.320712,0
86,UES2,8,75,75,1,-113.444,-113.42,-99.1654,ALTERNATIVE_AVAILABLE,0,1,375.939862,-260.336621,0
86,UES2,9,76,76,6,-99.8926,-117.218,-129.29,SERVED,0,1,-366.851105,285.116184,0
86,UES2,10,77,77,5,-96.51,-104.92,-129.65,SERVED,0,1,392.848148,405.595382,0
86,UES2,11,78,78,7,-98.5782,-85.9557,-127.208,SERVED,0,1,348.003580,-384.286846,0
86,UES2,12,79,79,1,-118.295,-113.122,-110.747,PERSISTING,1,1,-419.953258,264.057277,0
86,UES2,13,80,80,5,-96.0989,-110.846,-120.132,SERVED,0,1,354.103852,335.780557,0
86,UES2,14,81,81,4,-120.199,-115.548,-109.376,PERSISTING,3,1,402.763668,-368.586664,0
86,UES2,15,82,82,6,-115.141,-112.524,-118.178,MOVE_REQUIRED,6,1,-334.062379,385.134289,1
86,UES2,16,83,83,2,-116.231,-118.911,-106.144,PERSISTING,1,1,379.555830,369.170336,0
86,UES2,17,84,84,3,-123.987,-78.5575,-104.179,ALTERNATIVE_AVAILABLE,0,1,272.580163,-402.677148,0
86,UES2,18,85,85,3,-117.495,-115.989,-115.875,MOVE_REQUIRED,6,1,-396.310122,433.841433,1
86,UES2,19,86,86,5,-88.7227,-113.785,-117.679,SERVED,0,1,299.681651,376.804032,0
86,UES2,20,87,87,7,-109.214,-114.894,-123.865,PERSISTING,1,1,414.446983,-408.060037,0
86,UES2,21,88,88,6,-108.735,-120.418,-125.663,PERSISTING,3,1,-347.904872,433.319096,0
86,UES2,22,89,89,5,-84.1748,-120.858,-128.073,SERVED,0,1,409.472219,407.264207,0
86,UES2,23,90,90,7,-107.393,-111.629,-121.727,PERSISTING,2,1,411.594960,-339.051600,0
86,UES2,24,91,91,6,-102.631,-116.561,-121.9,PERSISTING,1,1,-390.627476,368.806639,0
86,UES2,25,92,92,5,-89.1015,-114.493,-112.46,SERVED,0,1,350.026534,373.253003,0
86,UES2,26,93,93,7,-66.1839,-129.481,-127.985,SERVED,0,1,313.613178,-313.192993,0
86,UES2,27,94,94,4,-122.057,-122.221,-82.3922,ALTERNATIVE_AVAILABLE,0,1,-431.310454,322.295510,0
86,UES2,28,95,95,2,-121.325,-124.205,-93.9766,ALTERNATIVE_AVAILABLE,0,1,323.268377,417.236021,0
86,UES2,29,96,96,7,-96.1721,-115.141,-120.44,SERVED,0,1,364.668805,-323.773635,0
87,UES1,0,7,7,4,-113.68,-111.67,-120.877,MOVE_REQUIRED,6,1,-273.023763,-389.656594,1
87,UES1,1,8,8,7,-99.1737,-114.455,-98.9957,SERVED,0,1,311.215734,-312.700241,0
87,UES1,2,9,9,6,-118.707,-115.236,-109.524,MOVE_REQUIRED,6,1,-356.190480,379.623891,1
87,UES1,3,10,10,7,-105.386,-107.932,-125.559,PERSISTING,0,1,321.712015,-311.476201,0
87,UES1,4,11,11,5,-98.6941,-113.475,-127.108,SERVED,0,1,279.669655,330.802268,0
87,UES1,5,12,12,4,-110.844,-108.227,-109.761,PERSISTING,0,1,-302.569412,283.899958,0
87,UES1,6,13,13,2,-112.097,-114.756,-109.277,PERSISTING,1,1,89.093415,355.894958,0
87,UES1,7,14,14,4,-109.059,-110.002,-101.468,PERSISTING,0,1,-44.507951,-356.853815,0
87,UES1,8,15,15,7,-105.179,-112.064,-119.416,PERSISTING,0,1,182.973940,-408.966194,0
87,UES1,9,16,16,2,-107.651,-109.751,-119.919,PERSISTING,1,1,305.696678,-91.336888,0
87,UES1,10,17,17,4,-116.941,-114.252,-120.109,PERSISTING,2,1,-111.072493,-403.779242,0
87,UES1,11,18,18,3,-111.361,-110.539,-98.1769,ALTERNATIVE_AVAILABLE,0,1,-330.161397,146.556918,0
87,UES1,12,19,19,5,-109.413,-114.673,-125.844,PERSISTING,1,1,475.350780,35.982733,0
87,UES1,13,20,20,5,-98.2018,-107.766,-131.326,SERVED,0,1,199.186382,350.300083,0
87,UES1,14,21,21,7,-110.956,-80.305,-118.442,ALTERNATIVE_AVAILABLE,0,1,262.711762,-215.056896,0
87,UES1,15,22,22,1,-110.519,-111.372,-109.253,PERSISTING,0,1,30.688614,-321.294789,0
87,UES1,16,23,23,2,-127.529,-119.511,-110.075,MOVE_REQUIRED,9,1,-482.787793,-27.262462,1
87,UES1,17,24,24,2,-109.697,-96.0191,-114.424,ALTERNATIVE_AVAILABLE,0,1,310.070120,7.416984,0
87,UES1,18,25,25,4,-111.221,-104.789,-118.157,PERSISTING,0,1,225.321936,-271.677566,0
87,UES1,19,26,26,4,-112.854,-112.73,-118.669,PERSISTING,1,1,-202.916185,-346.836202,0
87,UES1,20,27,27,6,-100.943,-119.171,-123.853,PERSISTING,1,1,-345.127537,312.015006,0
87,UES1,21,28,28,2,-84.5438,-114.04,-98.1069,SERVED,0,1,-210.783877,467.674128,0
87,UES1,22,29,29,5,-94.452,-93.207,-131.606,SERVED,0,1,395.812814,269.908552,0
87,UES1,23,30,30,1,-112.518,-115.984,-123.331,PERSISTING,1,1,129.282670,-394.525679,0
87,UES1,24,31,31,6,-103.821,-110.13,-129.857,PERSISTING,1,1,-285.786517,290.160453,0
87,UES1,25,32,32,3,-117.094,-113.513,-115.858,MOVE_REQUIRED,7,1,-55.216910,463.092973,1
87,UES1,26,33,33,5,-95.6834,-119.983,-126.871,SERVED,0,1,405.402490,234.419257,0
87,UES1,27,34,34,2,-117.177,-119.362,-116.904,PERSISTING,2,1,37.004725,374.053002,0
87,UES1,28,35,35,4,-94.2314,-91.9318,-105.269,SERVED,0,1,-199.897653,72.722635,0
87,UES1,29,36,36,2,-109.895,-108.105,-115.713,PERSISTING,0,1,-68.779637,240.635506,0
87,UES1,30,37,37,7,-112.398,-119.906,-125.89,MOVE_REQUIRED,6,1,-121.641048,-455.318152,1
87,UES1,31,38,38,5,-114.992,-95.8716,-130.14,ALTERNATIVE_AVAILABLE,0,1,434.947298,119.558459,0
87,UES1,32,39,39,7,-105.89,-98.0641,-120.384,ALTERNATIVE_AVAILABLE,0,1,72.806032,-370.761580,0
87,UES1,33,40,40,3,-105.295,-108.272,-101.257,PERSISTING,0,1,-270.694460,193.877875,0
87,UES1,34,41,41,7,-110.592,-112.782,-121.007,MOVE_REQUIRED,8,1,77.964604,-440.008030,1
87,UES1,35,42,42,4,-120.419,-112.31,-115.446,PERSISTING,1,1,360.744857,-191.586934,0
87,UES1,36,43,43,5,-108.064,-117.025,-126.098,PERSISTING,3,1,394.728099,317.027025,0
87,UES1,37,44,44,7,-110.551,-113.437,-119.898,PERSISTING,0,1,75.324777,-396.570401,0
87,UES1,38,45,45,4,-113.968,-112.818,-111.023,PERSISTING,3,1,-300.897690,-212.216812,0
87,UES1,39,46,46,4,-109.281,-119.548,-99.968,ALTERNATIVE_AVAILABLE,0,1,-351.272944,-5.129371,0
87,UES1,40,47,47,4,-116.043,-113.734,-108.187,PERSISTING,0,1,-313.160070,361.437540,0
87,UES1,41,48,48,3,-121.677,-118.219,-121.735,PERSISTING,4,1,-453.939782,-348.333496,0
87,UES1,42,49,49,1,-107.59,-104.995,-107.732,PERSISTING,0,1,140.160488,276.109095,0
87,UES1,43,50,50,1,-108.611,-106.653,-120.91,PERSISTING,0,1,200.008813,-186.749244,0
87,UES1,44,51,51,4,-110.395,-112.643,-108.364,PERSISTING,0,1,-118.165120,344.422406,0
87,UES1,45,52,52,4,-110.347,-92.791,-103.505,ALTERNATIVE_AVAILABLE,0,1,-244.552777,-336.851070,0
87,UES1,46,53,53,3,-120.331,-118.394,-120.35,MOVE_REQUIRED,6,1,-233.312409,-396.388173,1
87,UES1,47,54,54,3,-110.169,-110.964,-124.513,MOVE_REQUIRED,6,1,-205.684058,-329.938971,1
87,UES1,48,55,55,4,-111.299,-116.89,-115.206,PERSISTING,1,1,-376.107981,-208.777763,0
87,UES1,49,56,56,4,-114.207,-105.182,-116.399,PERSISTING,1,1,250.329416,-216.747113,0
87,UES1,50,57,57,3,-110.086,-107.524,-119.635,PERSISTING,2,1,-169.838423,-276.981051,0
87,UES1,51,58,58,5,-108.818,-111.435,-128.082,PERSISTING,0,1,394.907960,208.042589,0
87,UES1,52,59,59,6,-109.607,-118.903,-127.371,PERSISTING,0,1,-353.535022,345.120261,0
87,UES1,53,60,60,3,-120.095,-119.435,-118.437,MOVE_REQUIRED,7,1,-508.391423,-118.024940,1
87,UES1,54,61,61,1,-112.475,-111.924,-115.157,PERSISTING,5,1,-7.502122,-371.700519,0
87,UES1,55,62,62,2,-113.139,-108.481,-93.9034,ALTERNATIVE_AVAILABLE,0,1,322.940785,-186.577329,0
87,UES1,56,63,63,1,-109.376,-107.611,-118.095,PERSISTING,5,1,-2.004644,-347.742551,0
87,UES1,57,64,64,6,-101.144,-112.894,-117.926,PERSISTING,2,1,-231.973070,415.350162,0
87,UES1,58,65,65,4,-116.912,-100.438,-121.705,PERSISTING,4,1,-173.817806,-443.191546,0
87,UES1,59,66,66,7,-86.7949,-76.0652,-121.623,SERVED,0,1,393.557079,-353.414806,0
87,UES2,0,67,67,6,-109.032,-109.952,-119.24,PERSISTING,3,1,-294.749090,372.584122,0
87,UES2,1,68,68,3,-122.398,-80.6882,-110.016,ALTERNATIVE_AVAILABLE,0,1,280.984872,323.261651,0
87,UES2,2,69,69,1,-117.675,-99.0677,-119.347,ALTERNATIVE_AVAILABLE,0,1,371.878869,-337.728464,0
87,UES2,3,70,70,6,-99.6006,-103.602,-128.799,SERVED,0,1,-366.825825,297.621989,0
87,UES2,4,71,71,5,-106.656,-120.113,-129.44,PERSISTING,0,1,370.834078,341.920272,0
87,UES2,5,72,72,7,-109.055,-112.194,-123.845,PERSISTING,2,1,368.254406,-279.989606,0
87,UES2,6,73,73,6,-114.159,-115.468,-124.241,PERSISTING,0,1,-377.661693,384.621249,0
87,UES2,7,74,74,4,-119.577,-82.7986,-95.0816,ALTERNATIVE_AVAILABLE,0,1,319.827820,389.219941,0
87,UES2,8,75,75,1,-74.9826,-77.6105,-116.524,SERVED,0,1,372.580857,-261.190114,0
87,UES2,9,76,76,6,-82.8563,-119.812,-122.93,SERVED,0,1,-368.083636,280.058735,0
87,UES2,10,77,77,5,-99.4721,-126.384,-134.185,SERVED,0,1,395.622235,408.042698,0
87,UES2,11,78,78,7,-106.798,-82.074,-119.827,ALTERNATIVE_AVAILABLE,0,1,344.051883,-382.603101,0
87,UES2,12,79,79,1,-121.196,-112.833,-100.576,PERSISTING,2,1,-422.319192,261.002140,0
87,UES2,13,80,80,5,-90.5035,-112.583,-123.997,SERVED,0,1,352.482439,338.827080,0
87,UES2,14,81,81,4,-122.476,-121.223,-122.265,PERSISTING,4,1,404.095744,-373.097343,0
87,UES2,15,82,82,6,-114.848,-114.186,-128.628,MOVE_REQUIRED,7,1,-334.387576,389.295579,1
87,UES2,16,83,83,2,-116.829,-119.689,-89.025,ALTERNATIVE_AVAILABLE,0,1,375.972991,371.843621,0
87,UES2,17,84,84,3,-122.711,-112.816,-121.651,PERSISTING,0,1,271.079334,-406.243675,0
87,UES2,18,85,85,3,-115.986,-81.4797,-117.755,ALTERNATIVE_AVAILABLE,0,1,-395.475713,437.926847,0
87,UES2,19,86,86,5,-86.9621,-113.602,-108.75,SERVED,0,1,303.660628,374.851618,0
87,UES2,20,87,87,7,-95.0324,-107.707,-125.14,SERVED,0,1,418.165710,-409.043524,0
87,UES2,21,88,88,6,-112.407,-119.639,-126.519,PERSISTING,4,1,-344.693679,431.890374,0
87,UES2,22,89,89,5,-108.973,-122.246,-129.824,PERSISTING,0,1,413.247009,409.163153,0
87,UES2,23,90,90,7,-107.985,-118.029,-120.572,PERSISTING,3,1,414.894684,-341.554395,0
87,UES2,24,91,91,6,-112.036,-85.7074,-129.492,ALTERNATIVE_AVAILABLE,0,1,-387.403399,368.663390,0
87,UES2,25,92,92,5,-97.3956,-115.055,-127.872,SERVED,0,1,348.726722,370.477097,0
87,UES2,26,93,93,7,-66.6789,-128.79,-128.141,SERVED,0,1,312.878789,-316.801634,0
87,UES2,27,94,94,4,-115.833,-117.927,-110.603,PERSISTING,0,1,-426.734615,321.159142,0
87,UES2,28,95,95,2,-115.944,-118.215,-103.213,PERSISTING,0,1,318.916063,418.254807,0
87,UES2,29,96,96,7,-107.323,-115.278,-120.735,PERSISTING,0,1,361.169994,-324.891968,0
88,UES1,0,7,7,4,-113.258,-114.81,-117.601,MOVE_REQUIRED,7,1,-277.082022,-393.550769,1
88,UES1,1,8,8,7,-95.1514,-115.558,-117.856,SERVED,0,1,315.131396,-317.697793,0
88,UES1,2,9,9,6,-112.9,-112.834,-126.735,MOVE_REQUIRED,7,1,-360.019744,384.125716,1
88,UES1,3,10,10,7,-85.4698,-114.418,-123.144,SERVED,0,1,326.587987,-314.208015,0
88,UES1,4,11,11,5,-100.704,-78.7346,-121.994,ALTERNATIVE_AVAILABLE,0,1,284.727364,333.747099,0
88,UES1,5,12,12,4,-115.947,-110.921,-112.85,PERSISTING,1,1,-304.685838,287.115415,0
88,UES1,6,13,13,2,-107.357,-88.9859,-97.6569,ALTERNATIVE_AVAILABLE,0,1,89.527382,360.100369,0
88,UES1,7,14,14,4,-113.816,-101.882,-118.22,PERSISTING,1,1,-46.070688,-361.128590,0
88,UES1,8,15,15,7,-106.703,-78.1119,-122.576,ALTERNATIVE_AVAILABLE,0,1,185.349344,-413.202320,0
88,UES1,9,16,16,2,-106.588,-110.909,-118.001,PERSISTING,2,1,309.575113,-92.694967,0
88,UES1,10,17,17,4,-116.299,-78.5827,-122.242,ALTERNATIVE_AVAILABLE,0,1,-112.494278,-408.138044,0
88,UES1,11,18,18,3,-110.863,-84.1783,-89.2509,ALTERNATIVE_AVAILABLE,0,1,-335.292585,148.668646,0
88,UES1,12,19,19,5,-109.619,-113.373,-125.284,PERSISTING,2,1,480.044065,38.775872,0
88,UES1,13,20,20,5,-70.1743,-122.306,-107.551,SERVED,0,1,200.930221,354.687812,0
88,UES1,14,21,21,7,-109.935,-107.495,-119.263,PERSISTING,0,1,264.098512,-209.535072,0
88,UES1,15,22,22,1,-109.416,-110.686,-120.351,PERSISTING,1,1,25.818829,-326.140816,0
88,UES1,16,23,23,2,-127.935,-121.803,-107.561,MOVE_REQUIRED,10,1,-489.004281,-28.236675,1
88,UES1,17,24,24,2,-106.088,-111.155,-109.68,PERSISTING,0,1,316.885373,7.183733,0
88,UES1,18,25,25,4,-114.835,-105.496,-111.52,PERSISTING,1,1,227.757400,-274.257621,0
88,UES1,19,26,26,4,-117.726,-110.788,-116.545,PERSISTING,2,1,-206.588497,-351.319039,0
88,UES1,20,27,27,6,-105.466,-122.589,-106.062,PERSISTING,2,1,-349.549492,314.248867,0
88,UES1,21,28,28,2,-120.209,-114.692,-113.403,PERSISTING,0,1,-212.615436,474.070798,0
88,UES1,22,29,29,5,-90.6557,-114.488,-129.988,SERVED,0,1,398.970672,273.119902,0
88,UES1,23,30,30,1,-119.679,-110.355,-121.576,PERSISTING,2,1,131.403104,-398.559921,0
88,UES1,24,31,31,6,-108.828,-107.976,-123.779,PERSISTING,2,1,-291.176110,291.444440,0
88,UES1,25,32,32,3,-113.524,-116.486,-116.19,MOVE_REQUIRED,8,1,-55.083746,468.048650,1
88,UES1,26,33,33,5,-98.2092,-110.543,-130.177,SERVED,0,1,409.190206,237.703826,0
88,UES1,27,34,34,2,-111.646,-118.346,-116.891,PERSISTING,3,1,35.682320,378.431980,0
88,UES1,28,35,35,4,-87.397,-89.1092,-105.23,SERVED,0,1,-194.545551,70.398787,0
88,UES1,29,36,36,2,-110.62,-106.819,-108.285,PERSISTING,1,1,-70.809431,246.206834,0
88,UES1,30,37,37,7,-118.641,-115.65,-126.46,MOVE_REQUIRED,7,1,-123.764758,-460.167227,1
88,UES1,31,38,38,5,-113.14,-114.23,-128.907,PERSISTING,0,1,439.394038,120.719152,0
88,UES1,32,39,39,7,-109.62,-113.95,-115.88,PERSISTING,0,1,73.900384,-375.621141,0
88,UES1,33,40,40,3,-103.786,-96.0221,-97.4724,ALTERNATIVE_AVAILABLE,0,1,-275.967201,192.616861,0
88,UES1,34,41,41,7,-106.471,-86.6369,-119.791,ALTERNATIVE_AVAILABLE,0,1,80.177193,-445.162988,0
88,UES1,35,42,42,4,-120.199,-110.606,-119.002,PERSISTING,2,1,365.437019,-194.246062,0
88,UES1,36,43,43,5,-108.213,-113.26,-125.99,PERSISTING,4,1,398.134437,322.175206,0
88,UES1,37,44,44,7,-107.622,-112.04,-115.968,PERSISTING,1,1,70.071412,-399.387438,0
88,UES1,38,45,45,4,-110.334,-111.988,-113.91,PERSISTING,4,1,-304.067716,-213.688725,0
88,UES1,39,46,46,4,-107.754,-112.516,-101.959,PERSISTING,0,1,-356.704766,-4.873992,0
88,UES1,40,47,47,4,-118.61,-80.9364,-115.029,ALTERNATIVE_AVAILABLE,0,1,-316.769524,364.707763,0
88,UES1,41,48,48,3,-120.308,-118.746,-115.972,PERSISTING,5,1,-458.033812,-350.309390,0
88,UES1,42,49,49,1,-112.25,-106.657,-93.6149,ALTERNATIVE_AVAILABLE,0,1,142.546675,280.157479,0
88,UES1,43,50,50,1,-104.463,-108.727,-117.356,PERSISTING,1,1,200.004431,-181.749052,0
88,UES1,44,51,51,4,-109.416,-102.357,-112.027,PERSISTING,1,1,-120.242370,349.978579,0
88,UES1,45,52,52,4,-113.216,-111.621,-119.671,PERSISTING,0,1,-247.030128,-341.130645,0
88,UES1,46,53,53,3,-121.359,-115.693,-118.112,MOVE_REQUIRED,7,1,-235.330197,-401.807060,1
88,UES1,47,54,54,3,-109.54,-109.107,-119.099,MOVE_REQUIRED,7,1,-207.246475,-334.110121,1
88,UES1,48,55,55,4,-117.115,-82.2292,-107.609,ALTERNATIVE_AVAILABLE,0,1,-380.563421,-211.500265,0
88,UES1,49,56,56,4,-114.162,-73.3017,-122.954,ALTERNATIVE_AVAILABLE,0,1,252.502886,-221.303541,0
88,UES1,50,57,57,3,-112.799,-103.195,-117.632,PERSISTING,3,1,-173.458406,-274.032997,0
88,UES1,51,58,58,5,-107.684,-115.921,-129.272,PERSISTING,1,1,396.005197,211.468967,0
88,UES1,52,59,59,6,-105.492,-105.61,-123.643,PERSISTING,1,1,-357.887421,347.744573,0
88,UES1,53,60,60,3,-118.508,-113.97,-108.082,MOVE_REQUIRED,8,1,-512.944211,-120.071438,1
88,UES1,54,61,61,1,-76.4797,-114.102,-123.408,SERVED,0,1,-9.354650,-377.769606,0
88,UES1,55,62,62,2,-106.639,-112.254,-120.495,PERSISTING,0,1,326.712565,-189.646327,0
88,UES1,56,63,63,1,-75.3381,-102.288,-120.884,SERVED,0,1,-2.287660,-352.110544,0
88,UES1,57,64,64,6,-107.241,-80.6091,-126.833,ALTERNATIVE_AVAILABLE,0,1,-234.153542,419.920335,0
88,UES1,58,65,65,4,-115.492,-116.784,-120.278,PERSISTING,5,1,-174.306821,-448.262784,0
88,UES1,59,66,66,7,-108.381,-113.557,-123.326,PERSISTING,0,1,397.391190,-355.710329,0
88,UES2,0,67,67,6,-99.4028,-118.113,-127.981,SERVED,0,1,-298.947166,375.143577,0
88,UES2,1,68,68,3,-118.085,-113.93,-108.791,PERSISTING,0,1,279.021957,327.184684,0
88,UES2,2,69,69,1,-75.2653,-118.128,-121.345,SERVED,0,1,366.452149,-339.187407,0
88,UES2,3,70,70,6,-100.877,-119.353,-125.031,PERSISTING,0,1,-369.819754,299.353765,0
88,UES2,4,71,71,5,-90.8816,-117.673,-121.764,SERVED,0,1,374.383459,344.195362,0
88,UES2,5,72,72,7,-108.14,-114.331,-120.783,PERSISTING,3,1,367.671218,-276.373514,0
88,UES2,6,73,73,6,-116.826,-117.132,-125.623,PERSISTING,1,1,-375.778466,388.237370,0
88,UES2,7,74,74,4,-117.36,-114.92,-75.3336,ALTERNATIVE_AVAILABLE,0,1,321.761793,387.234696,0
88,UES2,8,75,75,1,-112.96,-114.621,-118.357,PERSISTING,0,1,368.050717,-262.183130,0
88,UES2,9,76,76,6,-104.015,-117.866,-128.114,PERSISTING,0,1,-366.381235,277.537183,0
88,UES2,10,77,77,5,-107.123,-129.636,-127.305,PERSISTING,0,1,399.381847,409.414922,0
88,UES2,11,78,78,7,-101.446,-114.714,-123.425,PERSISTING,0,1,340.767952,-380.334525,0
88,UES2,12,79,79,1,-126.004,-114.014,-101.636,PERSISTING,3,1,-422.644128,259.387860,0
88,UES2,13,80,80,5,-96.0788,-111.018,-120.367,SERVED,0,1,349.759531,342.337210,0
88,UES2,14,81,81,4,-126.081,-77.6563,-124.281,ALTERNATIVE_AVAILABLE,0,1,403.098329,-375.542509,0
88,UES2,15,82,82,6,-97.2652,-114.029,-122.033,SERVED,0,1,-335.176713,393.592381,0
88,UES2,16,83,83,2,-117.959,-119.285,-100.042,PERSISTING,0,1,373.291867,373.585970,0
88,UES2,17,84,84,3,-121.335,-113.767,-88.7327,ALTERNATIVE_AVAILABLE,0,1,269.686472,-410.796326,0
88,UES2,18,85,85,3,-119.333,-118.868,-93.5304,ALTERNATIVE_AVAILABLE,0,1,-394.480187,441.059157,0
88,UES2,19,86,86,5,-97.6668,-113.162,-124.771,SERVED,0,1,307.532893,372.719790,0
88,UES2,20,87,87,7,-111.632,-117.968,-124.452,PERSISTING,0,1,422.449026,-410.256124,0
88,UES2,21,88,88,6,-109.866,-121.156,-127.872,PERSISTING,5,1,-340.752092,431.088261,0
88,UES2,22,89,89,5,-109.408,-121.314,-132.46,PERSISTING,1,1,415.470485,411.601315,0
88,UES2,23,90,90,7,-92.891,-114.818,-121.269,SERVED,0,1,419.839342,-342.791767,0
88,UES2,24,91,91,6,-111.331,-115.413,-123.166,PERSISTING,0,1,-382.772310,370.095001,0
88,UES2,25,92,92,5,-104.151,-113.765,-124.376,PERSISTING,0,1,345.695400,368.076959,0
88,UES2,26,93,93,7,-67.7551,-105.269,-132.007,SERVED,0,1,311.030863,-321.475711,0
88,UES2,27,94,94,4,-117.738,-121.264,-81.3543,ALTERNATIVE_AVAILABLE,0,1,-422.489346,321.361051,0
88,UES2,28,95,95,2,-122.544,-124.719,-105.045,PERSISTING,1,1,315.112574,418.186114,0
88,UES2,29,96,96,7,-108.906,-113.018,-121.792,PERSISTING,1,1,358.044734,-328.582508,0
89,UES1,0,7,7,4,-114.412,-112.319,-117.779,MOVE_REQUIRED,8,1,-279.584123,-397.609955,1
89,UES1,1,8,8,7,-110.648,-111.441,-126.731,PERSISTING,0,1,319.200147,-321.344983,0
89,UES1,2,9,9,6,-117.768,-113.266,NA,MOVE_REQUIRED,8,1,-363.000848,387.490013,1
89,UES1,3,10,10,7,-108.252,-112.235,-121.877,PERSISTING,0,1,328.891998,-317.379976,0
89,UES1,4,11,11,5,-113.366,-112.588,-121.559,PERSISTING,0,1,286.565996,337.612344,0
89,UES1,5,12,12,4,-113.442,-108.804,-87.2078,ALTERNATIVE_AVAILABLE,0,1,-308.086333,291.738434,0
89,UES1,6,13,13,2,-109.545,-111.922,-113.336,PERSISTING,0,1,88.747029,366.319304,0
89,UES1,7,14,14,4,-113.55,-110.043,-119.292,PERSISTING,2,1,-47.511552,-366.328774,0
89,UES1,8,15,15,7,-114.614,-112.41,-121.695,PERSISTING,0,1,187.672338,-417.622387,0
89,UES1,9,16,16,2,-105.1,-109.176,-126.162,PERSISTING,3,1,314.665580,-95.309319,0
89,UES1,10,17,17,4,-95.4458,-112.941,-124.501,SERVED,0,1,-112.623316,-413.198314,0
89,UES1,11,18,18,3,-109.393,-113.365,-87.1646,ALTERNATIVE_AVAILABLE,0,1,-340.195119,150.608023,0
89,UES1,12,19,19,5,-108.598,-113.517,-124.003,PERSISTING,3,1,484.586676,40.933146,0
89,UES1,13,20,20,5,-69.791,-120.501,-131.845,SERVED,0,1,203.209524,358.475201,0
89,UES1,14,21,21,7,-95.8504,-107.9,-126.52,SERVED,0,1,265.529274,-204.648811,0
89,UES1,15,22,22,1,-113.064,-108.238,-118.798,PERSISTING,2,1,21.893617,-329.256618,0
89,UES1,16,23,23,2,-133.174,-122.82,-105.674,MOVE_REQUIRED,11,1,-494.179927,-27.715000,1
89,UES1,17,24,24,2,-110.201,-107.455,-128.093,PERSISTING,1,1,320.667235,8.855614,0
89,UES1,18,25,25,4,-119.711,-83.0067,-117.007,ALTERNATIVE_AVAILABLE,0,1,229.643625,-279.038891,0
89,UES1,19,26,26,4,-113.131,-115.081,-116.507,PERSISTING,3,1,-207.416004,-355.495430,0
89,UES1,20,27,27,6,-73.0251,-119.432,NA,SERVED,0,1,-353.002166,318.403995,0
89,UES1,21,28,28,2,-119.388,-115.026,-114.568,PERSISTING,1,1,-214.383555,478.797846,0
89,UES1,22,29,29,5,-95.4335,-115.048,-123.631,SERVED,0,1,403.127955,276.347122,0
89,UES1,23,30,30,1,-124.573,-115.405,-120.215,PERSISTING,3,1,132.895902,-404.016273,0
89,UES1,24,31,31,6,-105,-103.756,NA,PERSISTING,3,1,-295.205683,294.366299,0
89,UES1,25,32,32,3,-116.532,-115.205,-115.584,MOVE_REQUIRED,9,1,-56.419322,473.851466,1
89,UES1,26,33,33,5,-99.7067,-98.6041,-128.124,SERVED,0,1,412.854754,239.456278,0
89,UES1,27,34,34,2,-116.535,-117.663,-116.245,PERSISTING,4,1,36.833138,383.892354,0
89,UES1,28,35,35,4,-94.558,-96.7369,-87.1074,SERVED,0,1,-190.946797,69.516366,0
89,UES1,29,36,36,2,-89.2411,-108.575,-111.903,SERVED,0,1,-73.407989,250.598716,0
89,UES1,30,37,37,7,-111.126,-119.258,-125.862,MOVE_REQUIRED,8,1,-126.124326,-463.617468,1
89,UES1,31,38,38,5,-118.947,-120.05,-128.072,PERSISTING,1,1,444.527389,121.982169,0
89,UES1,32,39,39,7,-108.738,-114.584,-116.599,PERSISTING,1,1,75.677197,-379.420286,0
89,UES1,33,40,40,3,-107.065,-103.618,-82.0848,ALTERNATIVE_AVAILABLE,0,1,-280.418296,192.375454,0
89,UES1,34,41,41,7,-110.265,-114.008,-128.956,PERSISTING,0,1,81.395611,-449.604770,0
89,UES1,35,42,42,4,-117.473,-87.6478,-124.181,ALTERNATIVE_AVAILABLE,0,1,370.262109,-196.781387,0
89,UES1,36,43,43,5,-106.782,-114.483,-127.245,PERSISTING,5,1,402.901784,324.764607,0
89,UES1,37,44,44,7,-106.122,-114.741,-115.448,PERSISTING,2,1,66.613843,-399.994921,0
89,UES1,38,45,45,4,-111.965,-112.632,-116.293,PERSISTING,5,1,-310.093489,-216.338444,0
89,UES1,39,46,46,4,-111.625,-117.71,-108.146,PERSISTING,1,1,-360.829588,-4.822978,0
89,UES1,40,47,47,4,-118.198,-110.74,-112.2,PERSISTING,0,1,-317.459860,370.812531,0
89,UES1,41,48,48,3,-122.509,-119.033,-114.411,MOVE_REQUIRED,6,1,-461.689300,-353.115006,1
89,UES1,42,49,49,1,-112.344,-104.367,-127.149,PERSISTING,0,1,145.710067,284.575229,0
89,UES1,43,50,50,1,-102.998,-110.396,-122.087,PERSISTING,2,1,201.183112,-176.479255,0
89,UES1,44,51,51,3,-111.189,-109.35,-112.981,PERSISTING,2,1,-122.015243,353.412830,0
89,UES1,45,52,52,4,-109.006,-111.428,-120.678,PERSISTING,1,1,-251.028563,-345.263102,0
89,UES1,46,53,53,3,-124.122,-120.175,-122.92,MOVE_REQUIRED,8,1,-237.832783,-406.542022,1
89,UES1,47,54,54,3,-76.0655,-107.917,-115.344,SERVED,0,1,-207.738050,-338.128949,0
89,UES1,48,55,55,4,-113.183,-109.852,-119.199,PERSISTING,0,1,-383.959476,-215.327843,0
89,UES1,49,56,56,1,-98.4298,-114.188,-118.431,SERVED,0,1,256.025902,-223.375147,0
89,UES1,50,57,57,4,-108.687,-107.879,-112.348,PERSISTING,4,1,-177.082560,-270.520909,0
89,UES1,51,58,58,5,-101.439,-114.678,-129.503,PERSISTING,2,1,398.222694,216.388420,0
89,UES1,52,59,59,6,-109.274,-118.933,NA,PERSISTING,2,1,-362.384732,351.567877,0
89,UES1,53,60,60,3,-119.984,-119.436,-117.555,MOVE_REQUIRED,9,1,-517.710153,-121.950347,1
89,UES1,54,61,61,1,-117.529,-110.29,-120.153,PERSISTING,0,1,-10.493895,-381.499086,0
89,UES1,55,62,62,2,-112.688,-101.314,-130.455,PERSISTING,1,1,331.018513,-193.156590,0
89,UES1,56,63,63,1,-110.111,-115.759,-117.535,PERSISTING,0,1,-1.257651,-356.465360,0
89,UES1,57,64,64,6,-115.309,-115.873,NA,PERSISTING,0,1,-235.989959,423.493930,0
89,UES1,58,65,65,4,-114.816,-117.449,-120.571,MOVE_REQUIRED,6,1,-175.904929,-454.127156,1
89,UES1,59,66,66,7,-108.626,-115.552,-122.976,PERSISTING,1,1,400.882476,-360.608878,0
89,UES2,0,67,67,6,-113.145,-118.504,NA,PERSISTING,0,1,-300.976012,377.922360,0
89,UES2,1,68,68,3,-115.657,-110.967,-127.366,PERSISTING,1,1,278.222878,331.222373,0
89,UES2,2,69,69,1,-111.036,-112.498,-126.319,PERSISTING,0,1,363.813878,-340.773543,0
89,UES2,3,70,70,6,-107.807,-116.082,NA,PERSISTING,1,1,-372.747043,302.588777,0
89,UES2,4,71,71,5,-105.933,-113.38,-122.018,PERSISTING,0,1,378.142572,346.395679,0
89,UES2,5,72,72,7,-92.8321,-111.781,-124.476,SERVED,0,1,368.270439,-272.664093,0
89,UES2,6,73,73,6,-116.716,-117.033,NA,PERSISTING,2,1,-374.115024,391.240093,0
89,UES2,7,74,74,4,-121.142,-114.051,-119.495,PERSISTING,0,1,324.670674,385.306407,0
89,UES2,8,75,75,1,-111.017,-78.487,-125.763,ALTERNATIVE_AVAILABLE,0,1,366.132863,-263.666648,0
89,UES2,9,76,76,6,-104.611,-120.665,NA,PERSISTING,1,1,-363.774548,273.907826,0
89,UES2,10,77,77,5,-102.345,-122.6,-134.347,PERSISTING,1,1,402.588743,412.972131,0
89,UES2,11,78,78,7,-98.8588,-116.636,-125.551,SERVED,0,1,338.289364,-377.735705,0
89,UES2,12,79,79,1,-119.602,-78.5429,-109.785,ALTERNATIVE_AVAILABLE,0,1,-419.719353,261.289837,0
89,UES2,13,80,80,5,-103.606,-111.533,-124.268,PERSISTING,0,1,346.882871,346.472886,0
89,UES2,14,81,81,4,-123.332,-116.253,-122.62,PERSISTING,0,1,402.400768,-380.350174,0
89,UES2,15,82,82,6,-113.576,-93.0253,NA,ALTERNATIVE_AVAILABLE,0,1,-334.756429,397.068234,0
89,UES2,16,83,83,2,-114.533,-115.849,-127.9,PERSISTING,1,1,370.293097,375.971347,0
89,UES2,17,84,84,3,-121.586,-115.356,-124.838,PERSISTING,0,1,267.829945,-414.313550,0
89,UES2,18,85,85,3,-117.815,-112.886,-116.436,PERSISTING,0,1,-394.336139,443.567913,0
89,UES2,19,86,86,5,-77.5467,-111.94,-95.8222,SERVED,0,1,310.595060,371.353694,0
89,UES2,20,87,87,7,-113.8,-111.813,-130.74,PERSISTING,1,1,426.534806,-411.675286,0
89,UES2,21,88,88,6,-110.469,-103.262,NA,MOVE_REQUIRED,6,1,-337.289692,430.666306,1
89,UES2,22,89,89,5,-112.557,-120.407,-124.457,PERSISTING,2,1,419.119816,415.304312,0
89,UES2,23,90,90,7,-102.094,-113.978,-97.0989,ALTERNATIVE_AVAILABLE,0,1,422.058983,-344.685215,0
89,UES2,24,91,91,6,-88.5383,-113.799,NA,SERVED,0,1,-378.611189,371.590382,0
89,UES2,25,92,92,5,-102.564,-115.407,-122.289,PERSISTING,1,1,343.261266,365.624126,0
89,UES2,26,93,93,7,-86.1381,-108.715,-130.695,SERVED,0,1,311.030397,-325.960187,0
89,UES2,27,94,94,6,-105.463,-113.03,NA,PERSISTING,0,1,-417.489753,321.800855,0
89,UES2,28,95,95,5,-103.025,-121.475,-123.906,PERSISTING,2,1,310.206104,418.928728,0
89,UES2,29,96,96,7,-89.01,-110.805,-126.411,SERVED,0,1,355.939580,-329.184095,0
