UAV_AUTONOMY_XAPP Time=4.5 DeploymentMode=tn-uav UavIndex=0 UavCellId=5 BestDonorCellId=1 BestDonorDistanceM=143.511 XhaulConnected=1 XhaulChannelVariationDb=0 RawXhaulState=HEALTHY RawXhaulStateAgeSec=0 XhaulState=HEALTHY DonorUnavailableActive=0 SatBackhaulHealthy=0 UavSwitchingXappAvailable=0 UavSwitchingXappState=DISABLED AiPredictedBackhaulMode=RULE_BASED BackhaulMode=TN_DIRECT RicControlState=TN_E2 ActiveUavRic=LOCAL_UAV_AUTONOMY NormalUeHandoverAllowed=1 UavMode=TN_CONTROLLED_COVERAGE_EXTENSION
UAV_AUTONOMY_XAPP Time=4.5 DeploymentMode=tn-uav UavIndex=1 UavCellId=6 BestDonorCellId=1 BestDonorDistanceM=110.88 XhaulConnected=1 XhaulChannelVariationDb=0 RawXhaulState=HEALTHY RawXhaulStateAgeSec=0 XhaulState=HEALTHY DonorUnavailableActive=0 SatBackhaulHealthy=0 UavSwitchingXappAvailable=0 UavSwitchingXappState=DISABLED AiPredictedBackhaulMode=RULE_BASED BackhaulMode=TN_DIRECT RicControlState=TN_E2 ActiveUavRic=LOCAL_UAV_AUTONOMY NormalUeHandoverAllowed=1 UavMode=TN_CONTROLLED_COVERAGE_EXTENSION
UAV_AUTONOMY_XAPP Time=4.5 DeploymentMode=tn-uav UavIndex=2 UavCellId=7 BestDonorCellId=1 BestDonorDistanceM=133.08 XhaulConnected=1 XhaulChannelVariationDb=0 RawXhaulState=HEALTHY RawXhaulStateAgeSec=0 XhaulState=HEALTHY DonorUnavailableActive=0 SatBackhaulHealthy=0 UavSwitchingXappAvailable=0 UavSwitchingXappState=DISABLED AiPredictedBackhaulMode=RULE_BASED BackhaulMode=TN_DIRECT RicControlState=TN_E2 ActiveUavRic=LOCAL_UAV_AUTONOMY NormalUeHandoverAllowed=1 UavMode=TN_CONTROLLED_COVERAGE_EXTENSION
Could not find NR UE cell info for E2 Node ID = 8
Could not find NR UE cell info for E2 Node ID = 9
Could not find NR UE cell info for E2 Node ID = 10
Could not find NR UE cell info for E2 Node ID = 11
Could not find NR UE cell info for E2 Node ID = 12
Could not find NR UE cell info for E2 Node ID = 13
Could not find NR UE cell info for E2 Node ID = 14
Could not find NR UE cell info for E2 Node ID = 15
Could not find NR UE cell info for E2 Node ID = 16
Could not find NR UE cell info for E2 Node ID = 17
Could not find NR UE cell info for E2 Node ID = 18
Could not find NR UE cell info for E2 Node ID = 19
Could not find NR UE cell info for E2 Node ID = 20
Could not find NR UE cell info for E2 Node ID = 21
Could not find NR UE cell info for E2 Node ID = 22
Could not find NR UE cell info for E2 Node ID = 23
Could not find NR UE cell info for E2 Node ID = 24
Could not find NR UE cell info for E2 Node ID = 25
Could not find NR UE cell info for E2 Node ID = 26
Could not find NR UE cell info for E2 Node ID = 27
Could not find NR UE cell info for E2 Node ID = 28
Could not find NR UE cell info for E2 Node ID = 29
Could not find NR UE cell info for E2 Node ID = 30
Could not find NR UE cell info for E2 Node ID = 31
Could not find NR UE cell info for E2 Node ID = 32
Could not find NR UE cell info for E2 Node ID = 33
Could not find NR UE cell info for E2 Node ID = 34
Could not find NR UE cell info for E2 Node ID = 35
Could not find NR UE cell info for E2 Node ID = 36
Could not find NR UE cell info for E2 Node ID = 37
Could not find NR UE cell info for E2 Node ID = 38
Could not find NR UE cell info for E2 Node ID = 39
Could not find NR UE cell info for E2 Node ID = 40
Could not find NR UE cell info for E2 Node ID = 41
Could not find NR UE cell info for E2 Node ID = 42
Could not find NR UE cell info for E2 Node ID = 43
Could not find NR UE cell info for E2 Node ID = 44
Could not find NR UE cell info for E2 Node ID = 45
Could not find NR UE cell info for E2 Node ID = 46
Could not find NR UE cell info for E2 Node ID = 47
Could not find NR UE cell info for E2 Node ID = 48
Could not find NR UE cell info for E2 Node ID = 49
Could not find NR UE cell info for E2 Node ID = 50
Could not find NR UE cell info for E2 Node ID = 51
Could not find NR UE cell info for E2 Node ID = 52
Could not find NR UE cell info for E2 Node ID = 53
Could not find NR UE cell info for E2 Node ID = 54
Could not find NR UE cell info for E2 Node ID = 55
Could not find NR UE cell info for E2 Node ID = 56
Could not find NR UE cell info for E2 Node ID = 57
Could not find NR UE cell info for E2 Node ID = 58
Could not find NR UE cell info for E2 Node ID = 59
Could not find NR UE cell info for E2 Node ID = 60
Could not find NR UE cell info for E2 Node ID = 61
Could not find NR UE cell info for E2 Node ID = 62
Could not find NR UE cell info for E2 Node ID = 63
Could not find NR UE cell info for E2 Node ID = 64
Could not find NR UE cell info for E2 Node ID = 65
Could not find NR UE cell info for E2 Node ID = 66
Could not find NR UE cell info for E2 Node ID = 67
Could not find NR gNB location for E2 Node ID = 1
Could not find NR gNB location for E2 Node ID = 2
Could not find NR gNB location for E2 Node ID = 3
Could not find NR gNB location for E2 Node ID = 4
Could not find NR gNB location for E2 Node ID = 5
Could not find NR gNB location for E2 Node ID = 6
Could not find NR gNB location for E2 Node ID = 7
---- LOAD at t=4.5 ----
UAV_AUTONOMY_XAPP Time=6.5 DeploymentMode=tn-uav UavIndex=0 UavCellId=5 BestDonorCellId=1 BestDonorDistanceM=143.511 XhaulConnected=1 XhaulChannelVariationDb=0 RawXhaulState=HEALTHY RawXhaulStateAgeSec=2 XhaulState=HEALTHY DonorUnavailableActive=0 SatBackhaulHealthy=0 UavSwitchingXappAvailable=0 UavSwitchingXappState=DISABLED AiPredictedBackhaulMode=RULE_BASED BackhaulMode=TN_DIRECT RicControlState=TN_E2 ActiveUavRic=LOCAL_UAV_AUTONOMY NormalUeHandoverAllowed=1 UavMode=TN_CONTROLLED_COVERAGE_EXTENSION
UAV_AUTONOMY_XAPP Time=6.5 DeploymentMode=tn-uav UavIndex=1 UavCellId=6 BestDonorCellId=1 BestDonorDistanceM=110.88 XhaulConnected=1 XhaulChannelVariationDb=0 RawXhaulState=HEALTHY RawXhaulStateAgeSec=2 XhaulState=HEALTHY DonorUnavailableActive=0 SatBackhaulHealthy=0 UavSwitchingXappAvailable=0 UavSwitchingXappState=DISABLED AiPredictedBackhaulMode=RULE_BASED BackhaulMode=TN_DIRECT RicControlState=TN_E2 ActiveUavRic=LOCAL_UAV_AUTONOMY NormalUeHandoverAllowed=1 UavMode=TN_CONTROLLED_COVERAGE_EXTENSION
UAV_AUTONOMY_XAPP Time=6.5 DeploymentMode=tn-uav UavIndex=2 UavCellId=7 BestDonorCellId=1 BestDonorDistanceM=133.08 XhaulConnected=1 XhaulChannelVariationDb=0 RawXhaulState=HEALTHY RawXhaulStateAgeSec=2 XhaulState=HEALTHY DonorUnavailableActive=0 SatBackhaulHealthy=0 UavSwitchingXappAvailable=0 UavSwitchingXappState=DISABLED AiPredictedBackhaulMode=RULE_BASED BackhaulMode=TN_DIRECT RicControlState=TN_E2 ActiveUavRic=LOCAL_UAV_AUTONOMY NormalUeHandoverAllowed=1 UavMode=TN_CONTROLLED_COVERAGE_EXTENSION
---- LOAD at t=6.5 ----
  cell 1 (TN) load=9/20
  cell 2 (TN) load=7/20
  cell 3 (TN) load=13/20
  cell 4 (TN) load=13/20
  cell 5 (NTN) load=4/15
  cell 6 (NTN) load=9/15
  cell 7 (NTN) load=5/15
UE 8 TTT_WAIT target=3 elapsed=0s need=2s
UE 11 TTT_WAIT target=1 elapsed=0s need=2s
UE 12 TTT_WAIT target=1 elapsed=0s need=2s
UE 13 TTT_WAIT target=4 elapsed=0s need=2s
UE 14 TTT_WAIT target=1 elapsed=0s need=2s
UE 16 TTT_WAIT target=1 elapsed=0s need=2s
UE 22 TTT_WAIT target=1 elapsed=0s need=2s
UE 23 TTT_WAIT target=2 elapsed=0s need=2s
UE 24 TTT_WAIT target=4 elapsed=0s need=2s
UE 26 TTT_WAIT target=4 elapsed=0s need=2s
UE 33 TTT_WAIT target=3 elapsed=0s need=2s
UE 34 TTT_WAIT target=2 elapsed=0s need=2s
UE 35 TTT_WAIT target=6 elapsed=0s need=2s
UE 39 TTT_WAIT target=1 elapsed=0s need=2s
UE 43 TTT_WAIT target=5 elapsed=0s need=2s
UE 47 TTT_WAIT target=1 elapsed=0s need=2s
UE 50 TTT_WAIT target=2 elapsed=0s need=2s
UE 52 TTT_WAIT target=5 elapsed=0s need=2s
UE 53 TTT_WAIT target=1 elapsed=0s need=2s
UE 63 TTT_WAIT target=2 elapsed=0s need=2s
UE 64 TTT_WAIT target=2 elapsed=0s need=2s
UAV_AUTONOMY_XAPP Time=8.5 DeploymentMode=tn-uav UavIndex=0 UavCellId=5 BestDonorCellId=1 BestDonorDistanceM=143.511 XhaulConnected=1 XhaulChannelVariationDb=0 RawXhaulState=HEALTHY RawXhaulStateAgeSec=4 XhaulState=HEALTHY DonorUnavailableActive=0 SatBackhaulHealthy=0 UavSwitchingXappAvailable=0 UavSwitchingXappState=DISABLED AiPredictedBackhaulMode=RULE_BASED BackhaulMode=TN_DIRECT RicControlState=TN_E2 ActiveUavRic=LOCAL_UAV_AUTONOMY NormalUeHandoverAllowed=1 UavMode=TN_CONTROLLED_COVERAGE_EXTENSION
UAV_AUTONOMY_XAPP Time=8.5 DeploymentMode=tn-uav UavIndex=1 UavCellId=6 BestDonorCellId=1 BestDonorDistanceM=110.88 XhaulConnected=1 XhaulChannelVariationDb=0 RawXhaulState=HEALTHY RawXhaulStateAgeSec=4 XhaulState=HEALTHY DonorUnavailableActive=0 SatBackhaulHealthy=0 UavSwitchingXappAvailable=0 UavSwitchingXappState=DISABLED AiPredictedBackhaulMode=RULE_BASED BackhaulMode=TN_DIRECT RicControlState=TN_E2 ActiveUavRic=LOCAL_UAV_AUTONOMY NormalUeHandoverAllowed=1 UavMode=TN_CONTROLLED_COVERAGE_EXTENSION
UAV_AUTONOMY_XAPP Time=8.5 DeploymentMode=tn-uav UavIndex=2 UavCellId=7 BestDonorCellId=1 BestDonorDistanceM=133.08 XhaulConnected=1 XhaulChannelVariationDb=0 RawXhaulState=HEALTHY RawXhaulStateAgeSec=4 XhaulState=HEALTHY DonorUnavailableActive=0 SatBackhaulHealthy=0 UavSwitchingXappAvailable=0 UavSwitchingXappState=DISABLED AiPredictedBackhaulMode=RULE_BASED BackhaulMode=TN_DIRECT RicControlState=TN_E2 ActiveUavRic=LOCAL_UAV_AUTONOMY NormalUeHandoverAllowed=1 UavMode=TN_CONTROLLED_COVERAGE_EXTENSION
---- LOAD at t=8.5 ----
  cell 1 (TN) load=10/20
  cell 2 (TN) load=8/20
  cell 3 (TN) load=15/20
  cell 4 (TN) load=14/20
  cell 5 (NTN) load=6/15
  cell 6 (NTN) load=11/15
  cell 7 (NTN) load=7/15
LM HO UE=12 rnti=106 4->1 type=TN servingRsrp=-80.2234 targetRsrp=-66.6451 targetLoadReal=10/20 targetLoadEff=10/20
LM HO UE=13 rnti=89 3->4 type=TN servingRsrp=-77.9402 targetRsrp=-72.6684 targetLoadReal=14/20 targetLoadEff=14/20
LM HO UE=14 rnti=43 2->1 type=TN servingRsrp=-89.2751 targetRsrp=-83.821 targetLoadReal=10/20 targetLoadEff=11/20
UE 21 TTT_WAIT target=7 elapsed=0s need=2s
UE 22 TTT_WAIT target=4 elapsed=0s need=2s
UE 34 TTT_WAIT target=1 elapsed=0s need=2s
UE 35 TTT_WAIT target=1 elapsed=0s need=2s
UE 37 TTT_WAIT target=1 elapsed=0s need=2s
UE 41 TTT_WAIT target=5 elapsed=0s need=2s
UE 42 TTT_WAIT target=1 elapsed=0s need=2s
UE 51 TTT_WAIT target=3 elapsed=0s need=2s
LM HO UE=52 rnti=39 7->5 type=NTN servingRsrp=-80.6858 targetRsrp=-70.289 targetLoadReal=6/15 targetLoadEff=6/15
LM HO UE=53 rnti=47 2->1 type=TN servingRsrp=-90.8716 targetRsrp=-62.8099 targetLoadReal=10/20 targetLoadEff=12/20
UE 57 TTT_WAIT target=4 elapsed=0s need=2s
UE 58 TTT_WAIT target=4 elapsed=0s need=2s
UE 63 TTT_WAIT target=1 elapsed=0s need=2s
UE 66 TTT_WAIT target=3 elapsed=0s need=2s
UE 68 TTT_WAIT target=4 elapsed=0s need=2s
UE 77 TTT_WAIT target=3 elapsed=0s need=2s
UE 80 TTT_WAIT target=4 elapsed=0s need=2s
UE 82 TTT_WAIT target=2 elapsed=0s need=2s
UE 90 TTT_WAIT target=6 elapsed=0s need=2s
LM HO_FAIL_LOW_RSRP UE=91 currCell=6 candCell=5 candRsrp=-113.376 < min=-110
UE 94 TTT_WAIT target=4 elapsed=0s need=2s
LM HO_FAIL_LOW_RSRP UE=96 currCell=7 candCell=6 candRsrp=-113.228 < min=-110
UE 99 TTT_WAIT target=2 elapsed=0s need=2s
LM HO_FAIL_LOW_RSRP UE=102 currCell=4 candCell=3 candRsrp=-112.666 < min=-110
TRACE HO_SUCCESS Time=8.61507 IMSI=13 TargetCell=1 Type=TN TargetRSRP=-61.0229 ServingRSRP=-77.8294 BackhaulDlSnr=-999 BackhaulUlSnr=-999
TRACE HO_SUCCESS Time=8.61507 IMSI=52 TargetCell=1 Type=TN TargetRSRP=-59.9957 ServingRSRP=-68.2848 BackhaulDlSnr=-999 BackhaulUlSnr=-999
TRACE HO_SUCCESS Time=8.61507 IMSI=11 TargetCell=1 Type=TN TargetRSRP=-88.4373 ServingRSRP=-69.2942 BackhaulDlSnr=-999 BackhaulUlSnr=-999
TRACE HO_SUCCESS Time=8.61507 IMSI=12 TargetCell=4 Type=TN TargetRSRP=-76.742 ServingRSRP=-63.4057 BackhaulDlSnr=-999 BackhaulUlSnr=-999
TRACE HO_SUCCESS Time=8.61507 IMSI=51 TargetCell=5 Type=NTN TargetRSRP=-66.3534 ServingRSRP=-76.9879 BackhaulDlSnr=-999 BackhaulUlSnr=-999
UAV_AUTONOMY_XAPP Time=10.5 DeploymentMode=tn-uav UavIndex=0 UavCellId=5 BestDonorCellId=1 BestDonorDistanceM=143.511 XhaulConnected=1 XhaulChannelVariationDb=0 RawXhaulState=HEALTHY RawXhaulStateAgeSec=6 XhaulState=HEALTHY DonorUnavailableActive=0 SatBackhaulHealthy=0 UavSwitchingXappAvailable=0 UavSwitchingXappState=DISABLED AiPredictedBackhaulMode=RULE_BASED BackhaulMode=TN_DIRECT RicControlState=TN_E2 ActiveUavRic=LOCAL_UAV_AUTONOMY NormalUeHandoverAllowed=1 UavMode=TN_CONTROLLED_COVERAGE_EXTENSION
UAV_AUTONOMY_XAPP Time=10.5 DeploymentMode=tn-uav UavIndex=1 UavCellId=6 BestDonorCellId=1 BestDonorDistanceM=110.88 XhaulConnected=1 XhaulChannelVariationDb=0 RawXhaulState=HEALTHY RawXhaulStateAgeSec=6 XhaulState=HEALTHY DonorUnavailableActive=0 SatBackhaulHealthy=0 UavSwitchingXappAvailable=0 UavSwitchingXappState=DISABLED AiPredictedBackhaulMode=RULE_BASED BackhaulMode=TN_DIRECT RicControlState=TN_E2 ActiveUavRic=LOCAL_UAV_AUTONOMY NormalUeHandoverAllowed=1 UavMode=TN_CONTROLLED_COVERAGE_EXTENSION
UAV_AUTONOMY_XAPP Time=10.5 DeploymentMode=tn-uav UavIndex=2 UavCellId=7 BestDonorCellId=1 BestDonorDistanceM=133.08 XhaulConnected=1 XhaulChannelVariationDb=0 RawXhaulState=HEALTHY RawXhaulStateAgeSec=6 XhaulState=HEALTHY DonorUnavailableActive=0 SatBackhaulHealthy=0 UavSwitchingXappAvailable=0 UavSwitchingXappState=DISABLED AiPredictedBackhaulMode=RULE_BASED BackhaulMode=TN_DIRECT RicControlState=TN_E2 ActiveUavRic=LOCAL_UAV_AUTONOMY NormalUeHandoverAllowed=1 UavMode=TN_CONTROLLED_COVERAGE_EXTENSION
---- LOAD at t=10.5 ----
  cell 1 (TN) load=13/20
  cell 2 (TN) load=6/20
  cell 3 (TN) load=15/20
  cell 4 (TN) load=16/20
  cell 5 (NTN) load=7/15
  cell 6 (NTN) load=11/15
  cell 7 (NTN) load=7/15
UE 8 TTT_WAIT target=3 elapsed=0s need=2s
UE 11 TTT_WAIT target=1 elapsed=0s need=2s
UE 13 TTT_WAIT target=3 elapsed=0s need=2s
UE 16 TTT_WAIT target=1 elapsed=0s need=2s
UE 17 TTT_WAIT target=1 elapsed=0s need=2s
UE 20 TTT_WAIT target=6 elapsed=0s need=2s
LM HO UE=21 rnti=30 5->7 type=NTN servingRsrp=-78.2944 targetRsrp=-70.2815 targetLoadReal=7/15 targetLoadEff=7/15
UE 22 TTT_WAIT target=1 elapsed=0s need=2s
UE 24 TTT_WAIT target=3 elapsed=0s need=2s
UE 28 TTT_WAIT target=3 elapsed=0s need=2s
LM HO UE=34 rnti=31 5->1 type=TN servingRsrp=-106.224 targetRsrp=-89.7387 targetLoadReal=13/20 targetLoadEff=13/20
LM HO UE=35 rnti=32 5->1 type=TN servingRsrp=-77.6596 targetRsrp=-62.7231 targetLoadReal=13/20 targetLoadEff=14/20
UE 39 TTT_WAIT target=1 elapsed=0s need=2s
UE 40 TTT_WAIT target=1 elapsed=0s need=2s
UE 41 TTT_WAIT target=6 elapsed=0s need=2s
LM HO UE=42 rnti=112 4->1 type=TN servingRsrp=-85.7696 targetRsrp=-79.2149 targetLoadReal=13/20 targetLoadEff=15/20
UE 47 TTT_WAIT target=1 elapsed=0s need=2s
UE 49 TTT_WAIT target=4 elapsed=0s need=2s
UE 50 TTT_WAIT target=2 elapsed=0s need=2s
UE 53 TTT_WAIT target=2 elapsed=0s need=2s
UE 63 TTT_WAIT target=2 elapsed=0s need=2s
UE 68 TTT_WAIT target=1 elapsed=0s need=2s
UE 71 TTT_WAIT target=2 elapsed=0s need=2s
UE 74 TTT_WAIT target=4 elapsed=0s need=2s
LM HO UE=77 rnti=48 5->3 type=TN servingRsrp=-119.184 targetRsrp=-84.0762 targetLoadReal=15/20 targetLoadEff=15/20
UE 82 TTT_WAIT target=4 elapsed=0s need=2s
UE 91 TTT_WAIT target=2 elapsed=0s need=2s
UE 94 TTT_WAIT target=1 elapsed=0s need=2s
UE 96 TTT_WAIT target=2 elapsed=0s need=2s
LM HO_FAIL_LOW_RSRP UE=98 currCell=4 candCell=3 candRsrp=-110.783 < min=-110
LM HO UE=99 rnti=93 6->2 type=TN servingRsrp=-116.922 targetRsrp=-97.2468 targetLoadReal=6/20 targetLoadEff=6/20
LM HO_FAIL_LOW_RSRP UE=100 currCell=2 candCell=7 candRsrp=-116.265 < min=-110
LM HO_FAIL_LOW_RSRP UE=102 currCell=4 candCell=2 candRsrp=-114.303 < min=-110
TRACE HO_SUCCESS Time=10.6151 IMSI=41 TargetCell=1 Type=TN TargetRSRP=-84.3772 ServingRSRP=-73.793 BackhaulDlSnr=-999 BackhaulUlSnr=-999
TRACE HO_SUCCESS Time=10.6151 IMSI=33 TargetCell=1 Type=TN TargetRSRP=-95.4544 ServingRSRP=-82.1391 BackhaulDlSnr=-999 BackhaulUlSnr=-999
TRACE HO_SUCCESS Time=10.6151 IMSI=34 TargetCell=1 Type=TN TargetRSRP=-61.5329 ServingRSRP=-63.4306 BackhaulDlSnr=-999 BackhaulUlSnr=-999
TRACE HO_SUCCESS Time=10.6151 IMSI=98 TargetCell=2 Type=TN TargetRSRP=-95.1917 ServingRSRP=-90.0836 BackhaulDlSnr=-999 BackhaulUlSnr=-999
TRACE HO_SUCCESS Time=10.6151 IMSI=76 TargetCell=3 Type=TN TargetRSRP=-112.344 ServingRSRP=-114.07 BackhaulDlSnr=-999 BackhaulUlSnr=-999
TRACE HO_SUCCESS Time=10.6151 IMSI=20 TargetCell=7 Type=NTN TargetRSRP=-66.6752 ServingRSRP=-74.5813 BackhaulDlSnr=-999 BackhaulUlSnr=-999
UAV_AUTONOMY_XAPP Time=12.5 DeploymentMode=tn-uav UavIndex=0 UavCellId=5 BestDonorCellId=1 BestDonorDistanceM=143.511 XhaulConnected=1 XhaulChannelVariationDb=0 RawXhaulState=HEALTHY RawXhaulStateAgeSec=8 XhaulState=HEALTHY DonorUnavailableActive=0 SatBackhaulHealthy=0 UavSwitchingXappAvailable=0 UavSwitchingXappState=DISABLED AiPredictedBackhaulMode=RULE_BASED BackhaulMode=TN_DIRECT RicControlState=TN_E2 ActiveUavRic=LOCAL_UAV_AUTONOMY NormalUeHandoverAllowed=1 UavMode=TN_CONTROLLED_COVERAGE_EXTENSION
UAV_AUTONOMY_XAPP Time=12.5 DeploymentMode=tn-uav UavIndex=1 UavCellId=6 BestDonorCellId=1 BestDonorDistanceM=110.88 XhaulConnected=1 XhaulChannelVariationDb=0 RawXhaulState=HEALTHY RawXhaulStateAgeSec=8 XhaulState=HEALTHY DonorUnavailableActive=0 SatBackhaulHealthy=0 UavSwitchingXappAvailable=0 UavSwitchingXappState=DISABLED AiPredictedBackhaulMode=RULE_BASED BackhaulMode=TN_DIRECT RicControlState=TN_E2 ActiveUavRic=LOCAL_UAV_AUTONOMY NormalUeHandoverAllowed=1 UavMode=TN_CONTROLLED_COVERAGE_EXTENSION
UAV_AUTONOMY_XAPP Time=12.5 DeploymentMode=tn-uav UavIndex=2 UavCellId=7 BestDonorCellId=1 BestDonorDistanceM=133.08 XhaulConnected=1 XhaulChannelVariationDb=0 RawXhaulState=HEALTHY RawXhaulStateAgeSec=8 XhaulState=HEALTHY DonorUnavailableActive=0 SatBackhaulHealthy=0 UavSwitchingXappAvailable=0 UavSwitchingXappState=DISABLED AiPredictedBackhaulMode=RULE_BASED BackhaulMode=TN_DIRECT RicControlState=TN_E2 ActiveUavRic=LOCAL_UAV_AUTONOMY NormalUeHandoverAllowed=1 UavMode=TN_CONTROLLED_COVERAGE_EXTENSION
---- LOAD at t=12.5 ----
  cell 1 (TN) load=17/20
  cell 2 (TN) load=7/20
  cell 3 (TN) load=17/20
  cell 4 (TN) load=16/20
  cell 5 (NTN) load=3/15
  cell 6 (NTN) load=10/15
  cell 7 (NTN) load=10/15
UE 8 TTT_WAIT target=1 elapsed=0s need=2s
LM HO UE=11 rnti=79 3->1 type=TN servingRsrp=-84.1925 targetRsrp=-79.094 targetLoadReal=17/20 targetLoadEff=17/20
UE 14 TTT_WAIT target=2 elapsed=0s need=2s
LM HO UE=22 rnti=91 3->1 type=TN servingRsrp=-83.7518 targetRsrp=-69.5475 targetLoadReal=17/20 targetLoadEff=18/20
UE 24 TTT_WAIT target=4 elapsed=0s need=2s
LM HO UE=28 rnti=66 6->3 type=TN servingRsrp=-82.0238 targetRsrp=-67.8544 targetLoadReal=17/20 targetLoadEff=17/20
UE 33 TTT_WAIT target=3 elapsed=0s need=2s
UE 34 TTT_WAIT target=2 elapsed=0s need=2s
UE 38 TTT_WAIT target=5 elapsed=0s need=2s
LM HO UE=39 rnti=111 4->1 type=TN servingRsrp=-99.4554 targetRsrp=-66.826 targetLoadReal=17/20 targetLoadEff=19/20
UE 41 TTT_WAIT target=5 elapsed=0s need=2s
UE 42 TTT_WAIT target=4 elapsed=0s need=2s
UE 44 TTT_WAIT target=2 elapsed=0s need=2s
UE 47 TTT_WAIT target=6 elapsed=0s need=2s
LM HO UE=50 rnti=93 3->2 type=TN servingRsrp=-71.9661 targetRsrp=-68.2434 targetLoadReal=7/20 targetLoadEff=7/20
UE 58 TTT_WAIT target=4 elapsed=0s need=2s
UE 60 TTT_WAIT target=3 elapsed=0s need=2s
LM HO UE=63 rnti=112 3->2 type=TN servingRsrp=-88.147 targetRsrp=-66.7107 targetLoadReal=7/20 targetLoadEff=8/20
UE 67 TTT_WAIT target=2 elapsed=0s need=2s
UE 68 TTT_WAIT target=4 elapsed=0s need=2s
LM HO_FAIL_LOW_RSRP UE=69 currCell=1 candCell=6 candRsrp=-112.158 < min=-110
UE 71 TTT_WAIT target=6 elapsed=0s need=2s
UE 74 TTT_WAIT target=7 elapsed=0s need=2s
LM HO_FAIL_LOW_RSRP UE=77 currCell=3 candCell=5 candRsrp=-114.647 < min=-110
UE 80 TTT_WAIT target=6 elapsed=0s need=2s
LM HO_FAIL_LOW_RSRP UE=82 currCell=3 candCell=2 candRsrp=-117.886 < min=-110
UE 90 TTT_WAIT target=3 elapsed=0s need=2s
LM HO UE=91 rnti=85 6->2 type=TN servingRsrp=-118.174 targetRsrp=-83.1086 targetLoadReal=7/20 targetLoadEff=9/20
LM HO_FAIL_LOW_RSRP UE=92 currCell=3 candCell=4 candRsrp=-115.339 < min=-110
LM HO_FAIL_LOW_RSRP UE=93 currCell=4 candCell=2 candRsrp=-112.573 < min=-110
UE 96 TTT_WAIT target=5 elapsed=0s need=2s
UE 98 TTT_WAIT target=3 elapsed=0s need=2s
LM HO_FAIL_LOW_RSRP UE=99 currCell=2 candCell=6 candRsrp=-118.412 < min=-110
UE 100 TTT_WAIT target=5 elapsed=0s need=2s
UE 102 TTT_WAIT target=2 elapsed=0s need=2s
TRACE HO_SUCCESS Time=12.6151 IMSI=10 TargetCell=1 Type=TN TargetRSRP=-71.9454 ServingRSRP=-82.6507 BackhaulDlSnr=-999 BackhaulUlSnr=-999
TRACE HO_SUCCESS Time=12.6151 IMSI=21 TargetCell=1 Type=TN TargetRSRP=-66.8959 ServingRSRP=-62.886 BackhaulDlSnr=-999 BackhaulUlSnr=-999
TRACE HO_SUCCESS Time=12.6151 IMSI=38 TargetCell=1 Type=TN TargetRSRP=-71.9777 ServingRSRP=-74.6949 BackhaulDlSnr=-999 BackhaulUlSnr=-999
TRACE HO_SUCCESS Time=12.6151 IMSI=49 TargetCell=2 Type=TN TargetRSRP=-66.0506 ServingRSRP=-80.1274 BackhaulDlSnr=-999 BackhaulUlSnr=-999
TRACE HO_SUCCESS Time=12.6151 IMSI=62 TargetCell=2 Type=TN TargetRSRP=-63.3685 ServingRSRP=-81.1367 BackhaulDlSnr=-999 BackhaulUlSnr=-999
TRACE HO_SUCCESS Time=12.6151 IMSI=90 TargetCell=2 Type=TN TargetRSRP=-117.534 ServingRSRP=-111.376 BackhaulDlSnr=-999 BackhaulUlSnr=-999
TRACE HO_SUCCESS Time=12.6151 IMSI=27 TargetCell=3 Type=TN TargetRSRP=-66.4522 ServingRSRP=-87.6904 BackhaulDlSnr=-999 BackhaulUlSnr=-999
UAV_AUTONOMY_XAPP Time=14.5 DeploymentMode=tn-uav UavIndex=0 UavCellId=5 BestDonorCellId=1 BestDonorDistanceM=143.511 XhaulConnected=1 XhaulChannelVariationDb=0 RawXhaulState=HEALTHY RawXhaulStateAgeSec=10 XhaulState=HEALTHY DonorUnavailableActive=0 SatBackhaulHealthy=0 UavSwitchingXappAvailable=0 UavSwitchingXappState=DISABLED AiPredictedBackhaulMode=RULE_BASED BackhaulMode=TN_DIRECT RicControlState=TN_E2 ActiveUavRic=LOCAL_UAV_AUTONOMY NormalUeHandoverAllowed=1 UavMode=TN_CONTROLLED_COVERAGE_EXTENSION
UAV_AUTONOMY_XAPP Time=14.5 DeploymentMode=tn-uav UavIndex=1 UavCellId=6 BestDonorCellId=1 BestDonorDistanceM=110.88 XhaulConnected=1 XhaulChannelVariationDb=0 RawXhaulState=HEALTHY RawXhaulStateAgeSec=10 XhaulState=HEALTHY DonorUnavailableActive=0 SatBackhaulHealthy=0 UavSwitchingXappAvailable=0 UavSwitchingXappState=DISABLED AiPredictedBackhaulMode=RULE_BASED BackhaulMode=TN_DIRECT RicControlState=TN_E2 ActiveUavRic=LOCAL_UAV_AUTONOMY NormalUeHandoverAllowed=1 UavMode=TN_CONTROLLED_COVERAGE_EXTENSION
UAV_AUTONOMY_XAPP Time=14.5 DeploymentMode=tn-uav UavIndex=2 UavCellId=7 BestDonorCellId=1 BestDonorDistanceM=133.08 XhaulConnected=1 XhaulChannelVariationDb=0 RawXhaulState=HEALTHY RawXhaulStateAgeSec=10 XhaulState=HEALTHY DonorUnavailableActive=0 SatBackhaulHealthy=0 UavSwitchingXappAvailable=0 UavSwitchingXappState=DISABLED AiPredictedBackhaulMode=RULE_BASED BackhaulMode=TN_DIRECT RicControlState=TN_E2 ActiveUavRic=LOCAL_UAV_AUTONOMY NormalUeHandoverAllowed=1 UavMode=TN_CONTROLLED_COVERAGE_EXTENSION
---- LOAD at t=14.5 ----
  cell 1 (TN) load=20/20
  cell 2 (TN) load=10/20
  cell 3 (TN) load=15/20
  cell 4 (TN) load=16/20
  cell 5 (NTN) load=4/15
  cell 6 (NTN) load=8/15
  cell 7 (NTN) load=10/15
LM HO UE=14 rnti=88 1->2 type=TN servingRsrp=-69.8066 targetRsrp=-60.3 targetLoadReal=10/20 targetLoadEff=10/20
UE 16 TTT_WAIT target=5 elapsed=0s need=2s
UE 20 TTT_WAIT target=7 elapsed=0s need=2s
UE 21 TTT_WAIT target=2 elapsed=0s need=2s
UE 24 TTT_WAIT target=7 elapsed=0s need=2s
LM HO UE=34 rnti=90 1->2 type=TN servingRsrp=-97.4455 targetRsrp=-85.4062 targetLoadReal=10/20 targetLoadEff=11/20
LM HO UE=44 rnti=75 1->2 type=TN servingRsrp=-63.6626 targetRsrp=-60.6668 targetLoadReal=10/20 targetLoadEff=12/20
UE 50 TTT_WAIT target=4 elapsed=0s need=2s
UE 52 TTT_WAIT target=7 elapsed=0s need=2s
LM HO UE=58 rnti=96 3->4 type=TN servingRsrp=-77.3067 targetRsrp=-57.8434 targetLoadReal=16/20 targetLoadEff=16/20
UE 59 TTT_WAIT target=2 elapsed=0s need=2s
LM HO UE=60 rnti=77 6->3 type=TN servingRsrp=-96.2816 targetRsrp=-91.2515 targetLoadReal=15/20 targetLoadEff=15/20
UE 65 TTT_WAIT target=3 elapsed=0s need=2s
UE 66 TTT_WAIT target=3 elapsed=0s need=2s
UE 68 TTT_WAIT target=6 elapsed=0s need=2s
LM HO_FAIL_LOW_RSRP UE=69 currCell=1 candCell=2 candRsrp=-110.355 < min=-110
LM HO_FAIL_LOW_RSRP UE=71 currCell=4 candCell=3 candRsrp=-112.457 < min=-110
UE 72 TTT_WAIT target=3 elapsed=0s need=2s
LM HO_FAIL_LOW_RSRP UE=74 currCell=3 candCell=4 candRsrp=-112.891 < min=-110
UE 79 TTT_WAIT target=6 elapsed=0s need=2s
LM HO_FAIL_LOW_RSRP UE=80 currCell=3 candCell=6 candRsrp=-118.57 < min=-110
LM HO_FAIL_LOW_RSRP UE=82 currCell=3 candCell=4 candRsrp=-117.149 < min=-110
UE 87 TTT_WAIT target=5 elapsed=0s need=2s
UE 88 TTT_WAIT target=4 elapsed=0s need=2s
LM HO UE=90 rnti=86 1->3 type=TN servingRsrp=-112.71 targetRsrp=-95.4777 targetLoadReal=15/20 targetLoadEff=16/20
LM HO_FAIL_LOW_RSRP UE=91 currCell=2 candCell=3 candRsrp=-113.925 < min=-110
UE 93 TTT_WAIT target=2 elapsed=0s need=2s
LM HO_FAIL_LOW_RSRP UE=94 currCell=7 candCell=5 candRsrp=-112.833 < min=-110
LM HO_FAIL_LOW_RSRP UE=96 currCell=7 candCell=6 candRsrp=-112.2 < min=-110
UE 98 TTT_WAIT target=6 elapsed=0s need=2s
LM HO_FAIL_LOW_RSRP UE=99 currCell=2 candCell=6 candRsrp=-115.673 < min=-110
UE 100 TTT_WAIT target=3 elapsed=0s need=2s
UE 102 TTT_WAIT target=3 elapsed=0s need=2s
LM HO_FAIL_LOW_RSRP UE=105 currCell=4 candCell=2 candRsrp=-113.792 < min=-110
TRACE HO_SUCCESS Time=14.6151 IMSI=43 TargetCell=2 Type=TN TargetRSRP=-60.5489 ServingRSRP=-64.7365 BackhaulDlSnr=-999 BackhaulUlSnr=-999
TRACE HO_SUCCESS Time=14.6151 IMSI=13 TargetCell=2 Type=TN TargetRSRP=-75.9846 ServingRSRP=-82.7898 BackhaulDlSnr=-999 BackhaulUlSnr=-999
TRACE HO_SUCCESS Time=14.6151 IMSI=33 TargetCell=2 Type=TN TargetRSRP=-96.2137 ServingRSRP=-83.4994 BackhaulDlSnr=-999 BackhaulUlSnr=-999
TRACE HO_SUCCESS Time=14.6151 IMSI=89 TargetCell=3 Type=TN TargetRSRP=-121.056 ServingRSRP=-112.488 BackhaulDlSnr=-999 BackhaulUlSnr=-999
TRACE HO_SUCCESS Time=14.6151 IMSI=59 TargetCell=3 Type=TN TargetRSRP=-95.502 ServingRSRP=-65.3219 BackhaulDlSnr=-999 BackhaulUlSnr=-999
TRACE HO_SUCCESS Time=14.6151 IMSI=57 TargetCell=4 Type=TN TargetRSRP=-73.669 ServingRSRP=-83.5139 BackhaulDlSnr=-999 BackhaulUlSnr=-999
UAV_AUTONOMY_XAPP Time=16.5 DeploymentMode=tn-uav UavIndex=0 UavCellId=5 BestDonorCellId=1 BestDonorDistanceM=143.511 XhaulConnected=1 XhaulChannelVariationDb=0 RawXhaulState=HEALTHY RawXhaulStateAgeSec=12 XhaulState=HEALTHY DonorUnavailableActive=0 SatBackhaulHealthy=0 UavSwitchingXappAvailable=0 UavSwitchingXappState=DISABLED AiPredictedBackhaulMode=RULE_BASED BackhaulMode=TN_DIRECT RicControlState=TN_E2 ActiveUavRic=LOCAL_UAV_AUTONOMY NormalUeHandoverAllowed=1 UavMode=TN_CONTROLLED_COVERAGE_EXTENSION
UAV_AUTONOMY_XAPP Time=16.5 DeploymentMode=tn-uav UavIndex=1 UavCellId=6 BestDonorCellId=1 BestDonorDistanceM=110.88 XhaulConnected=1 XhaulChannelVariationDb=0 RawXhaulState=HEALTHY RawXhaulStateAgeSec=12 XhaulState=HEALTHY DonorUnavailableActive=0 SatBackhaulHealthy=0 UavSwitchingXappAvailable=0 UavSwitchingXappState=DISABLED AiPredictedBackhaulMode=RULE_BASED BackhaulMode=TN_DIRECT RicControlState=TN_E2 ActiveUavRic=LOCAL_UAV_AUTONOMY NormalUeHandoverAllowed=1 UavMode=TN_CONTROLLED_COVERAGE_EXTENSION
UAV_AUTONOMY_XAPP Time=16.5 DeploymentMode=tn-uav UavIndex=2 UavCellId=7 BestDonorCellId=1 BestDonorDistanceM=133.08 XhaulConnected=1 XhaulChannelVariationDb=0 RawXhaulState=HEALTHY RawXhaulStateAgeSec=12 XhaulState=HEALTHY DonorUnavailableActive=0 SatBackhaulHealthy=0 UavSwitchingXappAvailable=0 UavSwitchingXappState=DISABLED AiPredictedBackhaulMode=RULE_BASED BackhaulMode=TN_DIRECT RicControlState=TN_E2 ActiveUavRic=LOCAL_UAV_AUTONOMY NormalUeHandoverAllowed=1 UavMode=TN_CONTROLLED_COVERAGE_EXTENSION
---- LOAD at t=16.5 ----
  cell 1 (TN) load=17/20
  cell 2 (TN) load=14/20
  cell 3 (TN) load=16/20
  cell 4 (TN) load=17/20
  cell 5 (NTN) load=5/15
  cell 6 (NTN) load=7/15
  cell 7 (NTN) load=11/15
UE 8 TTT_WAIT target=1 elapsed=0s need=2s
UE 13 TTT_WAIT target=3 elapsed=0s need=2s
UE 15 TTT_WAIT target=1 elapsed=0s need=2s
UE 16 TTT_WAIT target=1 elapsed=0s need=2s
UE 17 TTT_WAIT target=4 elapsed=0s need=2s
UE 20 TTT_WAIT target=2 elapsed=0s need=2s
UE 21 TTT_WAIT target=1 elapsed=0s need=2s
UE 24 TTT_WAIT target=4 elapsed=0s need=2s
UE 25 TTT_WAIT target=3 elapsed=0s need=2s
UE 31 TTT_WAIT target=7 elapsed=0s need=2s
UE 32 TTT_WAIT target=1 elapsed=0s need=2s
UE 33 TTT_WAIT target=3 elapsed=0s need=2s
UE 34 TTT_WAIT target=5 elapsed=0s need=2s
UE 40 TTT_WAIT target=1 elapsed=0s need=2s
UE 41 TTT_WAIT target=4 elapsed=0s need=2s
UE 45 TTT_WAIT target=4 elapsed=0s need=2s
UE 47 TTT_WAIT target=5 elapsed=0s need=2s
UE 48 TTT_WAIT target=3 elapsed=0s need=2s
UE 49 TTT_WAIT target=4 elapsed=0s need=2s
UE 51 TTT_WAIT target=3 elapsed=0s need=2s
UE 53 TTT_WAIT target=4 elapsed=0s need=2s
UE 60 TTT_WAIT target=6 elapsed=0s need=2s
UE 62 TTT_WAIT target=1 elapsed=0s need=2s
LM HO UE=65 rnti=116 4->3 type=TN servingRsrp=-64.6316 targetRsrp=-58.8038 targetLoadReal=16/20 targetLoadEff=16/20
UE 68 TTT_WAIT target=4 elapsed=0s need=2s
LM HO_FAIL_LOW_RSRP UE=69 currCell=1 candCell=2 candRsrp=-110.205 < min=-110
LM HO_FAIL_LOW_RSRP UE=71 currCell=4 candCell=6 candRsrp=-118.909 < min=-110
LM HO_FAIL_LOW_RSRP UE=74 currCell=3 candCell=5 candRsrp=-115.158 < min=-110
LM HO_FAIL_LOW_RSRP UE=77 currCell=3 candCell=5 candRsrp=-117.829 < min=-110
UE 79 TTT_WAIT target=2 elapsed=0s need=2s
UE 82 TTT_WAIT target=4 elapsed=0s need=2s
UE 85 TTT_WAIT target=7 elapsed=0s need=2s
LM HO_FAIL_LOW_RSRP UE=88 currCell=3 candCell=1 candRsrp=-114.41 < min=-110
UE 89 TTT_WAIT target=2 elapsed=0s need=2s
UE 90 TTT_WAIT target=1 elapsed=0s need=2s
UE 91 TTT_WAIT target=3 elapsed=0s need=2s
LM HO_FAIL_LOW_RSRP UE=92 currCell=3 candCell=6 candRsrp=-118.111 < min=-110
LM HO_FAIL_LOW_RSRP UE=93 currCell=4 candCell=2 candRsrp=-112.836 < min=-110
UE 94 TTT_WAIT target=6 elapsed=0s need=2s
LM HO_FAIL_LOW_RSRP UE=96 currCell=7 candCell=6 candRsrp=-113.74 < min=-110
LM HO_FAIL_LOW_RSRP UE=98 currCell=4 candCell=3 candRsrp=-110.074 < min=-110
UE 99 TTT_WAIT target=3 elapsed=0s need=2s
LM HO_FAIL_LOW_RSRP UE=100 currCell=2 candCell=7 candRsrp=-110.205 < min=-110
UE 102 TTT_WAIT target=2 elapsed=0s need=2s
LM HO_FAIL_LOW_RSRP UE=103 currCell=7 candCell=5 candRsrp=-111.223 < min=-110
LM HO_FAIL_LOW_RSRP UE=105 currCell=4 candCell=2 candRsrp=-111.399 < min=-110
LM HO_FAIL_LOW_RSRP UE=106 currCell=1 candCell=7 candRsrp=-115.161 < min=-110
TRACE HO_SUCCESS Time=16.6151 IMSI=64 TargetCell=3 Type=TN TargetRSRP=-59.175 ServingRSRP=-84.652 BackhaulDlSnr=-999 BackhaulUlSnr=-999
UAV_AUTONOMY_XAPP Time=18.5 DeploymentMode=tn-uav UavIndex=0 UavCellId=5 BestDonorCellId=1 BestDonorDistanceM=143.511 XhaulConnected=1 XhaulChannelVariationDb=0 RawXhaulState=HEALTHY RawXhaulStateAgeSec=14 XhaulState=HEALTHY DonorUnavailableActive=0 SatBackhaulHealthy=0 UavSwitchingXappAvailable=0 UavSwitchingXappState=DISABLED AiPredictedBackhaulMode=RULE_BASED BackhaulMode=TN_DIRECT RicControlState=TN_E2 ActiveUavRic=LOCAL_UAV_AUTONOMY NormalUeHandoverAllowed=1 UavMode=TN_CONTROLLED_COVERAGE_EXTENSION
UAV_AUTONOMY_XAPP Time=18.5 DeploymentMode=tn-uav UavIndex=1 UavCellId=6 BestDonorCellId=1 BestDonorDistanceM=110.88 XhaulConnected=1 XhaulChannelVariationDb=0 RawXhaulState=HEALTHY RawXhaulStateAgeSec=14 XhaulState=HEALTHY DonorUnavailableActive=0 SatBackhaulHealthy=0 UavSwitchingXappAvailable=0 UavSwitchingXappState=DISABLED AiPredictedBackhaulMode=RULE_BASED BackhaulMode=TN_DIRECT RicControlState=TN_E2 ActiveUavRic=LOCAL_UAV_AUTONOMY NormalUeHandoverAllowed=1 UavMode=TN_CONTROLLED_COVERAGE_EXTENSION
UAV_AUTONOMY_XAPP Time=18.5 DeploymentMode=tn-uav UavIndex=2 UavCellId=7 BestDonorCellId=1 BestDonorDistanceM=133.08 XhaulConnected=1 XhaulChannelVariationDb=0 RawXhaulState=HEALTHY RawXhaulStateAgeSec=14 XhaulState=HEALTHY DonorUnavailableActive=0 SatBackhaulHealthy=0 UavSwitchingXappAvailable=0 UavSwitchingXappState=DISABLED AiPredictedBackhaulMode=RULE_BASED BackhaulMode=TN_DIRECT RicControlState=TN_E2 ActiveUavRic=LOCAL_UAV_AUTONOMY NormalUeHandoverAllowed=1 UavMode=TN_CONTROLLED_COVERAGE_EXTENSION
---- LOAD at t=18.5 ----
  cell 1 (TN) load=17/20
  cell 2 (TN) load=14/20
  cell 3 (TN) load=18/20
  cell 4 (TN) load=17/20
  cell 5 (NTN) load=5/15
  cell 6 (NTN) load=7/15
  cell 7 (NTN) load=12/15
UE 8 TTT_WAIT target=2 elapsed=0s need=2s
UE 9 TTT_WAIT target=2 elapsed=0s need=2s
UE 12 TTT_WAIT target=4 elapsed=0s need=2s
LM HO UE=13 rnti=127 4->3 type=TN servingRsrp=-70.7574 targetRsrp=-55.2717 targetLoadReal=18/20 targetLoadEff=18/20
LM HO UE=15 rnti=44 2->1 type=TN servingRsrp=-66.0638 targetRsrp=-60.4903 targetLoadReal=17/20 targetLoadEff=17/20
UE 16 TTT_WAIT target=3 elapsed=0s need=2s
UE 20 TTT_WAIT target=7 elapsed=0s need=2s
LM HO UE=21 rnti=65 7->1 type=TN servingRsrp=-68.2529 targetRsrp=-57.123 targetLoadReal=17/20 targetLoadEff=18/20
UE 23 TTT_WAIT target=6 elapsed=0s need=2s
LM HO UE=24 rnti=64 6->4 type=TN servingRsrp=-102.202 targetRsrp=-85.1771 targetLoadReal=17/20 targetLoadEff=17/20
LM HO UE=25 rnti=73 1->3 type=TN servingRsrp=-86.3226 targetRsrp=-68.1033 targetLoadReal=18/20 targetLoadEff=19/20
UE 27 TTT_WAIT target=4 elapsed=0s need=2s
UE 33 TTT_WAIT target=1 elapsed=0s need=2s
LM HO UE=41 rnti=37 7->4 type=TN servingRsrp=-85.8546 targetRsrp=-67.8194 targetLoadReal=17/20 targetLoadEff=18/20
UE 42 TTT_WAIT target=2 elapsed=0s need=2s
UE 44 TTT_WAIT target=1 elapsed=0s need=2s
UE 45 TTT_WAIT target=7 elapsed=0s need=2s
LM HO UE=47 rnti=38 7->5 type=NTN servingRsrp=-80.4854 targetRsrp=-69.781 targetLoadReal=5/15 targetLoadEff=5/15
UE 50 TTT_WAIT target=1 elapsed=0s need=2s
UE 51 TTT_WAIT target=1 elapsed=0s need=2s
UE 54 TTT_WAIT target=5 elapsed=0s need=2s
LM HO UE=62 rnti=48 2->1 type=TN servingRsrp=-89.1364 targetRsrp=-59.1721 targetLoadReal=17/20 targetLoadEff=19/20
LM HO_FAIL_LOW_RSRP UE=69 currCell=1 candCell=2 candRsrp=-113.014 < min=-110
LM HO_FAIL_LOW_RSRP UE=77 currCell=3 candCell=6 candRsrp=-114.259 < min=-110
LM HO_FAIL_LOW_RSRP UE=78 currCell=4 candCell=2 candRsrp=-115.243 < min=-110
UE 80 TTT_WAIT target=7 elapsed=0s need=2s
LM HO_FAIL_LOW_RSRP UE=81 currCell=2 candCell=5 candRsrp=-118.367 < min=-110
UE 82 TTT_WAIT target=2 elapsed=0s need=2s
LM HO_FAIL_LOW_RSRP UE=83 currCell=3 candCell=6 candRsrp=-115.188 < min=-110
LM HO_FAIL_LOW_RSRP UE=84 currCell=7 candCell=6 candRsrp=-115.717 < min=-110
LM HO_FAIL_LOW_RSRP UE=87 currCell=7 candCell=6 candRsrp=-114.175 < min=-110
LM HO_FAIL_LOW_RSRP UE=88 currCell=3 candCell=2 candRsrp=-116.111 < min=-110
UE 89 TTT_WAIT target=4 elapsed=0s need=2s
LM HO_FAIL_LOW_RSRP UE=90 currCell=3 candCell=2 candRsrp=-112.478 < min=-110
LM HO_FAIL_LOW_RSRP UE=91 currCell=2 candCell=7 candRsrp=-113.287 < min=-110
UE 92 TTT_WAIT target=6 elapsed=0s need=2s
LM HO_FAIL_LOW_RSRP UE=93 currCell=4 candCell=6 candRsrp=-114.071 < min=-110
UE 94 TTT_WAIT target=4 elapsed=0s need=2s
UE 96 TTT_WAIT target=6 elapsed=0s need=2s
UE 98 TTT_WAIT target=5 elapsed=0s need=2s
LM HO_FAIL_LOW_RSRP UE=99 currCell=2 candCell=7 candRsrp=-113.942 < min=-110
LM HO_FAIL_LOW_RSRP UE=100 currCell=2 candCell=7 candRsrp=-115.143 < min=-110
LM HO_FAIL_LOW_RSRP UE=102 currCell=4 candCell=2 candRsrp=-114.081 < min=-110
LM HO_FAIL_LOW_RSRP UE=105 currCell=4 candCell=2 candRsrp=-111.352 < min=-110
LM HO_FAIL_LOW_RSRP UE=106 currCell=1 candCell=5 candRsrp=-114.721 < min=-110
TRACE HO_SUCCESS Time=18.6151 IMSI=14 TargetCell=1 Type=TN TargetRSRP=-70.45 ServingRSRP=-60.5809 BackhaulDlSnr=-999 BackhaulUlSnr=-999
TRACE HO_SUCCESS Time=18.6151 IMSI=61 TargetCell=1 Type=TN TargetRSRP=-76.6644 ServingRSRP=-79.8179 BackhaulDlSnr=-999 BackhaulUlSnr=-999
TRACE HO_SUCCESS Time=18.6151 IMSI=20 TargetCell=1 Type=TN TargetRSRP=-60.5903 ServingRSRP=-77.9514 BackhaulDlSnr=-999 BackhaulUlSnr=-999
TRACE HO_SUCCESS Time=18.6151 IMSI=24 TargetCell=3 Type=TN TargetRSRP=-67.0737 ServingRSRP=-86.9395 BackhaulDlSnr=-999 BackhaulUlSnr=-999
TRACE HO_SUCCESS Time=18.6151 IMSI=12 TargetCell=3 Type=TN TargetRSRP=-52.0368 ServingRSRP=-70.9336 BackhaulDlSnr=-999 BackhaulUlSnr=-999
TRACE HO_SUCCESS Time=18.6151 IMSI=23 TargetCell=4 Type=TN TargetRSRP=-78.7446 ServingRSRP=-91.6564 BackhaulDlSnr=-999 BackhaulUlSnr=-999
TRACE HO_SUCCESS Time=18.6151 IMSI=40 TargetCell=4 Type=TN TargetRSRP=-79.5185 ServingRSRP=-67.0333 BackhaulDlSnr=-999 BackhaulUlSnr=-999
TRACE HO_SUCCESS Time=18.6151 IMSI=46 TargetCell=5 Type=NTN TargetRSRP=-89.1104 ServingRSRP=-77.3063 BackhaulDlSnr=-999 BackhaulUlSnr=-999
UAV_AUTONOMY_XAPP Time=20.5 DeploymentMode=tn-uav UavIndex=0 UavCellId=5 BestDonorCellId=1 BestDonorDistanceM=143.511 XhaulConnected=1 XhaulChannelVariationDb=0 RawXhaulState=HEALTHY RawXhaulStateAgeSec=16 XhaulState=HEALTHY DonorUnavailableActive=0 SatBackhaulHealthy=0 UavSwitchingXappAvailable=0 UavSwitchingXappState=DISABLED AiPredictedBackhaulMode=RULE_BASED BackhaulMode=TN_DIRECT RicControlState=TN_E2 ActiveUavRic=LOCAL_UAV_AUTONOMY NormalUeHandoverAllowed=1 UavMode=TN_CONTROLLED_COVERAGE_EXTENSION
UAV_AUTONOMY_XAPP Time=20.5 DeploymentMode=tn-uav UavIndex=1 UavCellId=6 BestDonorCellId=1 BestDonorDistanceM=110.88 XhaulConnected=1 XhaulChannelVariationDb=0 RawXhaulState=HEALTHY RawXhaulStateAgeSec=16 XhaulState=HEALTHY DonorUnavailableActive=0 SatBackhaulHealthy=0 UavSwitchingXappAvailable=0 UavSwitchingXappState=DISABLED AiPredictedBackhaulMode=RULE_BASED BackhaulMode=TN_DIRECT RicControlState=TN_E2 ActiveUavRic=LOCAL_UAV_AUTONOMY NormalUeHandoverAllowed=1 UavMode=TN_CONTROLLED_COVERAGE_EXTENSION
UAV_AUTONOMY_XAPP Time=20.5 DeploymentMode=tn-uav UavIndex=2 UavCellId=7 BestDonorCellId=1 BestDonorDistanceM=133.08 XhaulConnected=1 XhaulChannelVariationDb=0 RawXhaulState=HEALTHY RawXhaulStateAgeSec=16 XhaulState=HEALTHY DonorUnavailableActive=0 SatBackhaulHealthy=0 UavSwitchingXappAvailable=0 UavSwitchingXappState=DISABLED AiPredictedBackhaulMode=RULE_BASED BackhaulMode=TN_DIRECT RicControlState=TN_E2 ActiveUavRic=LOCAL_UAV_AUTONOMY NormalUeHandoverAllowed=1 UavMode=TN_CONTROLLED_COVERAGE_EXTENSION
---- LOAD at t=20.5 ----
  cell 1 (TN) load=19/20
  cell 2 (TN) load=12/20
  cell 3 (TN) load=20/20
  cell 4 (TN) load=18/20
  cell 5 (NTN) load=6/15
  cell 6 (NTN) load=6/15
  cell 7 (NTN) load=9/15
UE 8 TTT_WAIT target=1 elapsed=0s need=2s
LM HO UE=9 rnti=64 1->2 type=TN servingRsrp=-83.5308 targetRsrp=-70.6798 targetLoadReal=12/20 targetLoadEff=12/20
UE 11 TTT_WAIT target=2 elapsed=0s need=2s
UE 16 TTT_WAIT target=1 elapsed=0s need=2s
UE 17 TTT_WAIT target=2 elapsed=0s need=2s
UE 28 TTT_WAIT target=6 elapsed=0s need=2s
UE 33 TTT_WAIT target=7 elapsed=0s need=2s
UE 34 TTT_WAIT target=7 elapsed=0s need=2s
UE 42 TTT_WAIT target=4 elapsed=0s need=2s
LM HO UE=44 rnti=71 2->1 type=TN servingRsrp=-85.6877 targetRsrp=-67.9403 targetLoadReal=19/20 targetLoadEff=19/20
UE 47 TTT_WAIT target=6 elapsed=0s need=2s
UE 49 TTT_WAIT target=4 elapsed=0s need=2s
UE 50 TTT_WAIT target=4 elapsed=0s need=2s
UE 51 TTT_WAIT target=2 elapsed=0s need=2s
UE 52 TTT_WAIT target=4 elapsed=0s need=2s
UE 53 TTT_WAIT target=4 elapsed=0s need=2s
UE 54 TTT_WAIT target=4 elapsed=0s need=2s
UE 55 TTT_WAIT target=4 elapsed=0s need=2s
UE 56 TTT_WAIT target=4 elapsed=0s need=2s
UE 65 TTT_WAIT target=4 elapsed=0s need=2s
UE 69 TTT_WAIT target=6 elapsed=0s need=2s
LM HO_FAIL_LOW_RSRP UE=71 currCell=4 candCell=5 candRsrp=-117.874 < min=-110
LM HO_FAIL_LOW_RSRP UE=74 currCell=3 candCell=4 candRsrp=-114.361 < min=-110
UE 77 TTT_WAIT target=4 elapsed=0s need=2s
LM HO_FAIL_LOW_RSRP UE=78 currCell=4 candCell=2 candRsrp=-113.11 < min=-110
UE 80 TTT_WAIT target=6 elapsed=0s need=2s
LM HO_FAIL_LOW_RSRP UE=81 currCell=2 candCell=5 candRsrp=-116.658 < min=-110
LM HO UE=82 rnti=121 3->2 type=TN servingRsrp=-119.766 targetRsrp=-81.8537 targetLoadReal=12/20 targetLoadEff=13/20
UE 83 TTT_WAIT target=2 elapsed=0s need=2s
LM HO_FAIL_LOW_RSRP UE=84 currCell=7 candCell=6 candRsrp=-114.358 < min=-110
LM HO_FAIL_LOW_RSRP UE=87 currCell=7 candCell=5 candRsrp=-116.913 < min=-110
LM HO_FAIL_LOW_RSRP UE=88 currCell=3 candCell=5 candRsrp=-113.88 < min=-110
LM HO_FAIL_LOW_RSRP UE=90 currCell=3 candCell=2 candRsrp=-110.083 < min=-110
LM HO_FAIL_LOW_RSRP UE=91 currCell=2 candCell=6 candRsrp=-111.608 < min=-110
UE 92 TTT_WAIT target=7 elapsed=0s need=2s
UE 93 TTT_WAIT target=2 elapsed=0s need=2s
LM HO_FAIL_LOW_RSRP UE=96 currCell=7 candCell=5 candRsrp=-113.921 < min=-110
LM HO_FAIL_LOW_RSRP UE=98 currCell=4 candCell=6 candRsrp=-116.753 < min=-110
UE 99 TTT_WAIT target=4 elapsed=0s need=2s
LM HO_FAIL_LOW_RSRP UE=100 currCell=2 candCell=7 candRsrp=-117.52 < min=-110
LM HO_FAIL_LOW_RSRP UE=102 currCell=4 candCell=2 candRsrp=-115.537 < min=-110
UE 105 TTT_WAIT target=2 elapsed=0s need=2s
LM HO_FAIL_LOW_RSRP UE=106 currCell=1 candCell=7 candRsrp=-112.997 < min=-110
TRACE HO_SUCCESS Time=20.6151 IMSI=43 TargetCell=1 Type=TN TargetRSRP=-79.9541 ServingRSRP=-61.4624 BackhaulDlSnr=-999 BackhaulUlSnr=-999
TRACE HO_SUCCESS Time=20.6151 IMSI=8 TargetCell=2 Type=TN TargetRSRP=-68.7207 ServingRSRP=-85.7158 BackhaulDlSnr=-999 BackhaulUlSnr=-999
TRACE HO_SUCCESS Time=20.6151 IMSI=81 TargetCell=2 Type=TN TargetRSRP=-119.215 ServingRSRP=-93.389 BackhaulDlSnr=-999 BackhaulUlSnr=-999
UAV_AUTONOMY_XAPP Time=22.5 DeploymentMode=tn-uav UavIndex=0 UavCellId=5 BestDonorCellId=1 BestDonorDistanceM=143.511 XhaulConnected=1 XhaulChannelVariationDb=0 RawXhaulState=HEALTHY RawXhaulStateAgeSec=18 XhaulState=HEALTHY DonorUnavailableActive=0 SatBackhaulHealthy=0 UavSwitchingXappAvailable=0 UavSwitchingXappState=DISABLED AiPredictedBackhaulMode=RULE_BASED BackhaulMode=TN_DIRECT RicControlState=TN_E2 ActiveUavRic=LOCAL_UAV_AUTONOMY NormalUeHandoverAllowed=1 UavMode=TN_CONTROLLED_COVERAGE_EXTENSION
UAV_AUTONOMY_XAPP Time=22.5 DeploymentMode=tn-uav UavIndex=1 UavCellId=6 BestDonorCellId=1 BestDonorDistanceM=110.88 XhaulConnected=1 XhaulChannelVariationDb=0 RawXhaulState=HEALTHY RawXhaulStateAgeSec=18 XhaulState=HEALTHY DonorUnavailableActive=0 SatBackhaulHealthy=0 UavSwitchingXappAvailable=0 UavSwitchingXappState=DISABLED AiPredictedBackhaulMode=RULE_BASED BackhaulMode=TN_DIRECT RicControlState=TN_E2 ActiveUavRic=LOCAL_UAV_AUTONOMY NormalUeHandoverAllowed=1 UavMode=TN_CONTROLLED_COVERAGE_EXTENSION
UAV_AUTONOMY_XAPP Time=22.5 DeploymentMode=tn-uav UavIndex=2 UavCellId=7 BestDonorCellId=1 BestDonorDistanceM=133.08 XhaulConnected=1 XhaulChannelVariationDb=0 RawXhaulState=HEALTHY RawXhaulStateAgeSec=18 XhaulState=HEALTHY DonorUnavailableActive=0 SatBackhaulHealthy=0 UavSwitchingXappAvailable=0 UavSwitchingXappState=DISABLED AiPredictedBackhaulMode=RULE_BASED BackhaulMode=TN_DIRECT RicControlState=TN_E2 ActiveUavRic=LOCAL_UAV_AUTONOMY NormalUeHandoverAllowed=1 UavMode=TN_CONTROLLED_COVERAGE_EXTENSION
---- LOAD at t=22.5 ----
  cell 1 (TN) load=19/20
  cell 2 (TN) load=15/20
  cell 3 (TN) load=19/20
  cell 4 (TN) load=18/20
  cell 5 (NTN) load=6/15
  cell 6 (NTN) load=6/15
  cell 7 (NTN) load=9/15
UE 8 TTT_WAIT target=5 elapsed=0s need=2s
UE 15 TTT_WAIT target=2 elapsed=0s need=2s
UE 16 TTT_WAIT target=3 elapsed=0s need=2s
LM HO UE=17 rnti=90 3->2 type=TN servingRsrp=-74.7655 targetRsrp=-66.2499 targetLoadReal=15/20 targetLoadEff=15/20
UE 20 TTT_WAIT target=7 elapsed=0s need=2s
UE 24 TTT_WAIT target=3 elapsed=0s need=2s
UE 25 TTT_WAIT target=2 elapsed=0s need=2s
UE 27 TTT_WAIT target=1 elapsed=0s need=2s
LM HO UE=28 rnti=147 3->6 type=NTN servingRsrp=-88.5025 targetRsrp=-72.1748 targetLoadReal=6/15 targetLoadEff=6/15
UE 29 TTT_WAIT target=4 elapsed=0s need=2s
UE 32 TTT_WAIT target=3 elapsed=0s need=2s
UE 34 TTT_WAIT target=5 elapsed=0s need=2s
UE 39 TTT_WAIT target=2 elapsed=0s need=2s
LM HO UE=42 rnti=91 1->4 type=TN servingRsrp=-99.0715 targetRsrp=-69.9557 targetLoadReal=18/20 targetLoadEff=18/20
UE 44 TTT_WAIT target=2 elapsed=0s need=2s
UE 46 TTT_WAIT target=4 elapsed=0s need=2s
UE 50 TTT_WAIT target=1 elapsed=0s need=2s
UE 51 TTT_WAIT target=1 elapsed=0s need=2s
UE 52 TTT_WAIT target=7 elapsed=0s need=2s
LM HO UE=53 rnti=89 1->4 type=TN servingRsrp=-80.0298 targetRsrp=-63.9594 targetLoadReal=18/20 targetLoadEff=19/20
UE 59 TTT_WAIT target=2 elapsed=0s need=2s
UE 60 TTT_WAIT target=6 elapsed=0s need=2s
UE 61 TTT_WAIT target=1 elapsed=0s need=2s
UE 63 TTT_WAIT target=3 elapsed=0s need=2s
UE 66 TTT_WAIT target=7 elapsed=0s need=2s
LM HO_FAIL_LOW_RSRP UE=68 currCell=5 candCell=6 candRsrp=-118.98 < min=-110
UE 69 TTT_WAIT target=2 elapsed=0s need=2s
LM HO_FAIL_LOW_RSRP UE=70 currCell=2 candCell=1 candRsrp=-114.555 < min=-110
UE 71 TTT_WAIT target=1 elapsed=0s need=2s
UE 72 TTT_WAIT target=2 elapsed=0s need=2s
UE 74 TTT_WAIT target=1 elapsed=0s need=2s
LM HO_FAIL_LOW_RSRP UE=75 currCell=2 candCell=7 candRsrp=-120.195 < min=-110
LM HO_FAIL_LOW_RSRP UE=77 currCell=3 candCell=7 candRsrp=-116.741 < min=-110
LM HO_FAIL_LOW_RSRP UE=78 currCell=4 candCell=2 candRsrp=-114.345 < min=-110
UE 80 TTT_WAIT target=2 elapsed=0s need=2s
UE 81 TTT_WAIT target=3 elapsed=0s need=2s
LM HO_FAIL_LOW_RSRP UE=82 currCell=2 candCell=7 candRsrp=-117.675 < min=-110
LM HO_FAIL_LOW_RSRP UE=83 currCell=3 candCell=6 candRsrp=-118.228 < min=-110
LM HO_FAIL_LOW_RSRP UE=84 currCell=7 candCell=6 candRsrp=-112.614 < min=-110
LM HO_FAIL_LOW_RSRP UE=87 currCell=7 candCell=6 candRsrp=-116.009 < min=-110
LM HO_FAIL_LOW_RSRP UE=88 currCell=3 candCell=1 candRsrp=-112.107 < min=-110
UE 89 TTT_WAIT target=6 elapsed=0s need=2s
UE 91 TTT_WAIT target=1 elapsed=0s need=2s
LM HO UE=92 rnti=146 3->7 type=NTN servingRsrp=-115.986 targetRsrp=-99.1686 targetLoadReal=9/15 targetLoadEff=9/15
LM HO UE=93 rnti=151 4->2 type=TN servingRsrp=-117.781 targetRsrp=-108.359 targetLoadReal=15/20 targetLoadEff=16/20
UE 96 TTT_WAIT target=1 elapsed=0s need=2s
UE 98 TTT_WAIT target=7 elapsed=0s need=2s
LM HO_FAIL_LOW_RSRP UE=99 currCell=2 candCell=6 candRsrp=-114.447 < min=-110
UE 100 TTT_WAIT target=7 elapsed=0s need=2s
UE 102 TTT_WAIT target=2 elapsed=0s need=2s
LM HO_FAIL_LOW_RSRP UE=105 currCell=4 candCell=2 candRsrp=-114.964 < min=-110
UE 106 TTT_WAIT target=2 elapsed=0s need=2s
TRACE HO_SUCCESS Time=22.6151 IMSI=16 TargetCell=2 Type=TN TargetRSRP=-75.1315 ServingRSRP=-78.6743 BackhaulDlSnr=-999 BackhaulUlSnr=-999
TRACE HO_SUCCESS Time=22.6151 IMSI=92 TargetCell=2 Type=TN TargetRSRP=-99.762 ServingRSRP=-99.4887 BackhaulDlSnr=-999 BackhaulUlSnr=-999
TRACE HO_SUCCESS Time=22.6151 IMSI=52 TargetCell=4 Type=TN TargetRSRP=-91.1658 ServingRSRP=-85.9626 BackhaulDlSnr=-999 BackhaulUlSnr=-999
TRACE HO_SUCCESS Time=22.6151 IMSI=41 TargetCell=4 Type=TN TargetRSRP=-97.139 ServingRSRP=-91.9999 BackhaulDlSnr=-999 BackhaulUlSnr=-999
TRACE HO_SUCCESS Time=22.6151 IMSI=27 TargetCell=6 Type=NTN TargetRSRP=-76.2376 ServingRSRP=-86.6778 BackhaulDlSnr=-999 BackhaulUlSnr=-999
TRACE HO_SUCCESS Time=22.6151 IMSI=91 TargetCell=7 Type=NTN TargetRSRP=-119.174 ServingRSRP=-115.478 BackhaulDlSnr=-999 BackhaulUlSnr=-999
UAV_AUTONOMY_XAPP Time=24.5 DeploymentMode=tn-uav UavIndex=0 UavCellId=5 BestDonorCellId=1 BestDonorDistanceM=143.511 XhaulConnected=1 XhaulChannelVariationDb=0 RawXhaulState=HEALTHY RawXhaulStateAgeSec=20 XhaulState=HEALTHY DonorUnavailableActive=0 SatBackhaulHealthy=0 UavSwitchingXappAvailable=0 UavSwitchingXappState=DISABLED AiPredictedBackhaulMode=RULE_BASED BackhaulMode=TN_DIRECT RicControlState=TN_E2 ActiveUavRic=LOCAL_UAV_AUTONOMY NormalUeHandoverAllowed=1 UavMode=TN_CONTROLLED_COVERAGE_EXTENSION
UAV_AUTONOMY_XAPP Time=24.5 DeploymentMode=tn-uav UavIndex=1 UavCellId=6 BestDonorCellId=1 BestDonorDistanceM=110.88 XhaulConnected=1 XhaulChannelVariationDb=0 RawXhaulState=HEALTHY RawXhaulStateAgeSec=20 XhaulState=HEALTHY DonorUnavailableActive=0 SatBackhaulHealthy=0 UavSwitchingXappAvailable=0 UavSwitchingXappState=DISABLED AiPredictedBackhaulMode=RULE_BASED BackhaulMode=TN_DIRECT RicControlState=TN_E2 ActiveUavRic=LOCAL_UAV_AUTONOMY NormalUeHandoverAllowed=1 UavMode=TN_CONTROLLED_COVERAGE_EXTENSION
UAV_AUTONOMY_XAPP Time=24.5 DeploymentMode=tn-uav UavIndex=2 UavCellId=7 BestDonorCellId=1 BestDonorDistanceM=133.08 XhaulConnected=1 XhaulChannelVariationDb=0 RawXhaulState=HEALTHY RawXhaulStateAgeSec=20 XhaulState=HEALTHY DonorUnavailableActive=0 SatBackhaulHealthy=0 UavSwitchingXappAvailable=0 UavSwitchingXappState=DISABLED AiPredictedBackhaulMode=RULE_BASED BackhaulMode=TN_DIRECT RicControlState=TN_E2 ActiveUavRic=LOCAL_UAV_AUTONOMY NormalUeHandoverAllowed=1 UavMode=TN_CONTROLLED_COVERAGE_EXTENSION
---- LOAD at t=24.5 ----
  cell 1 (TN) load=17/20
  cell 2 (TN) load=17/20
  cell 3 (TN) load=16/20
  cell 4 (TN) load=20/20
  cell 5 (NTN) load=6/15
  cell 6 (NTN) load=7/15
  cell 7 (NTN) load=11/15
UE 8 TTT_WAIT target=2 elapsed=0s need=2s
UE 9 TTT_WAIT target=1 elapsed=0s need=2s
UE 12 TTT_WAIT target=2 elapsed=0s need=2s
UE 17 TTT_WAIT target=3 elapsed=0s need=2s
UE 19 TTT_WAIT target=3 elapsed=0s need=2s
UE 20 TTT_WAIT target=2 elapsed=0s need=2s
UE 22 TTT_WAIT target=2 elapsed=0s need=2s
UE 25 TTT_WAIT target=1 elapsed=0s need=2s
UE 28 TTT_WAIT target=3 elapsed=0s need=2s
UE 33 TTT_WAIT target=3 elapsed=0s need=2s
UE 38 TTT_WAIT target=5 elapsed=0s need=2s
UE 40 TTT_WAIT target=3 elapsed=0s need=2s
LM HO UE=44 rnti=115 1->2 type=TN servingRsrp=-94.3508 targetRsrp=-66.7795 targetLoadReal=17/20 targetLoadEff=17/20
UE 46 TTT_WAIT target=3 elapsed=0s need=2s
UE 49 TTT_WAIT target=7 elapsed=0s need=2s
LM HO UE=51 rnti=114 4->1 type=TN servingRsrp=-91.6603 targetRsrp=-62.4291 targetLoadReal=17/20 targetLoadEff=17/20
UE 54 TTT_WAIT target=5 elapsed=0s need=2s
UE 59 TTT_WAIT target=3 elapsed=0s need=2s
LM HO UE=60 rnti=156 3->6 type=NTN servingRsrp=-90.7662 targetRsrp=-72.8687 targetLoadReal=7/15 targetLoadEff=7/15
UE 63 TTT_WAIT target=1 elapsed=0s need=2s
UE 66 TTT_WAIT target=5 elapsed=0s need=2s
UE 67 TTT_WAIT target=7 elapsed=0s need=2s
UE 69 TTT_WAIT target=3 elapsed=0s need=2s
UE 70 TTT_WAIT target=3 elapsed=0s need=2s
LM HO_FAIL_LOW_RSRP UE=71 currCell=4 candCell=3 candRsrp=-112.076 < min=-110
LM HO UE=72 rnti=80 7->2 type=TN servingRsrp=-120.482 targetRsrp=-95.3432 targetLoadReal=17/20 targetLoadEff=18/20
LM HO_FAIL_LOW_RSRP UE=75 currCell=2 candCell=5 candRsrp=-118.563 < min=-110
LM HO_FAIL_LOW_RSRP UE=77 currCell=3 candCell=6 candRsrp=-115.739 < min=-110
LM HO_FAIL_LOW_RSRP UE=78 currCell=4 candCell=2 candRsrp=-115.329 < min=-110
UE 79 TTT_WAIT target=1 elapsed=0s need=2s
LM HO_FAIL_LOW_RSRP UE=80 currCell=3 candCell=7 candRsrp=-120.09 < min=-110
LM HO_FAIL_LOW_RSRP UE=81 currCell=2 candCell=1 candRsrp=-110.006 < min=-110
LM HO_FAIL_LOW_RSRP UE=82 currCell=2 candCell=1 candRsrp=-115.273 < min=-110
LM HO_FAIL_LOW_RSRP UE=83 currCell=3 candCell=6 candRsrp=-115.077 < min=-110
UE 84 TTT_WAIT target=2 elapsed=0s need=2s
LM HO_FAIL_LOW_RSRP UE=85 currCell=5 candCell=7 candRsrp=-111.825 < min=-110
LM HO_FAIL_LOW_RSRP UE=86 currCell=7 candCell=5 candRsrp=-116.736 < min=-110
LM HO_FAIL_LOW_RSRP UE=88 currCell=3 candCell=2 candRsrp=-112.474 < min=-110
UE 89 TTT_WAIT target=1 elapsed=0s need=2s
LM HO_FAIL_LOW_RSRP UE=90 currCell=3 candCell=2 candRsrp=-110.888 < min=-110
LM HO_FAIL_LOW_RSRP UE=91 currCell=2 candCell=1 candRsrp=-110.706 < min=-110
UE 92 TTT_WAIT target=6 elapsed=0s need=2s
UE 96 TTT_WAIT target=5 elapsed=0s need=2s
LM HO UE=98 rnti=143 4->7 type=NTN servingRsrp=-112.326 targetRsrp=-85.9893 targetLoadReal=11/15 targetLoadEff=11/15
LM HO_FAIL_LOW_RSRP UE=99 currCell=2 candCell=6 candRsrp=-115.29 < min=-110
LM HO UE=100 rnti=64 2->7 type=NTN servingRsrp=-114.886 targetRsrp=-90.996 targetLoadReal=11/15 targetLoadEff=12/15
UE 103 TTT_WAIT target=3 elapsed=0s need=2s
LM HO_FAIL_LOW_RSRP UE=105 currCell=4 candCell=2 candRsrp=-116.704 < min=-110
UE 106 TTT_WAIT target=3 elapsed=0s need=2s
LM HO_FAIL_LOW_RSRP UE=107 currCell=4 candCell=6 candRsrp=-118.35 < min=-110
TRACE HO_SUCCESS Time=24.6151 IMSI=50 TargetCell=1 Type=TN TargetRSRP=-66.7386 ServingRSRP=-80.7028 BackhaulDlSnr=-999 BackhaulUlSnr=-999
TRACE HO_SUCCESS Time=24.6151 IMSI=43 TargetCell=2 Type=TN TargetRSRP=-76.3546 ServingRSRP=-99.2544 BackhaulDlSnr=-999 BackhaulUlSnr=-999
TRACE HO_SUCCESS Time=24.6151 IMSI=71 TargetCell=2 Type=TN TargetRSRP=-115.26 ServingRSRP=-117.656 BackhaulDlSnr=-999 BackhaulUlSnr=-999
TRACE HO_SUCCESS Time=24.6151 IMSI=59 TargetCell=6 Type=NTN TargetRSRP=-87.4209 ServingRSRP=-87.8712 BackhaulDlSnr=-999 BackhaulUlSnr=-999
TRACE HO_SUCCESS Time=24.6151 IMSI=99 TargetCell=7 Type=NTN TargetRSRP=-117.07 ServingRSRP=-113.524 BackhaulDlSnr=-999 BackhaulUlSnr=-999
TRACE HO_SUCCESS Time=24.6151 IMSI=97 TargetCell=7 Type=NTN TargetRSRP=-81.3915 ServingRSRP=-96.6858 BackhaulDlSnr=-999 BackhaulUlSnr=-999
UAV_AUTONOMY_XAPP Time=26.5 DeploymentMode=tn-uav UavIndex=0 UavCellId=5 BestDonorCellId=1 BestDonorDistanceM=143.511 XhaulConnected=1 XhaulChannelVariationDb=0 RawXhaulState=HEALTHY RawXhaulStateAgeSec=22 XhaulState=HEALTHY DonorUnavailableActive=0 SatBackhaulHealthy=0 UavSwitchingXappAvailable=0 UavSwitchingXappState=DISABLED AiPredictedBackhaulMode=RULE_BASED BackhaulMode=TN_DIRECT RicControlState=TN_E2 ActiveUavRic=LOCAL_UAV_AUTONOMY NormalUeHandoverAllowed=1 UavMode=TN_CONTROLLED_COVERAGE_EXTENSION
UAV_AUTONOMY_XAPP Time=26.5 DeploymentMode=tn-uav UavIndex=1 UavCellId=6 BestDonorCellId=1 BestDonorDistanceM=110.88 XhaulConnected=1 XhaulChannelVariationDb=0 RawXhaulState=HEALTHY RawXhaulStateAgeSec=22 XhaulState=HEALTHY DonorUnavailableActive=0 SatBackhaulHealthy=0 UavSwitchingXappAvailable=0 UavSwitchingXappState=DISABLED AiPredictedBackhaulMode=RULE_BASED BackhaulMode=TN_DIRECT RicControlState=TN_E2 ActiveUavRic=LOCAL_UAV_AUTONOMY NormalUeHandoverAllowed=1 UavMode=TN_CONTROLLED_COVERAGE_EXTENSION
UAV_AUTONOMY_XAPP Time=26.5 DeploymentMode=tn-uav UavIndex=2 UavCellId=7 BestDonorCellId=1 BestDonorDistanceM=133.08 XhaulConnected=1 XhaulChannelVariationDb=0 RawXhaulState=HEALTHY RawXhaulStateAgeSec=22 XhaulState=HEALTHY DonorUnavailableActive=0 SatBackhaulHealthy=0 UavSwitchingXappAvailable=0 UavSwitchingXappState=DISABLED AiPredictedBackhaulMode=RULE_BASED BackhaulMode=TN_DIRECT RicControlState=TN_E2 ActiveUavRic=LOCAL_UAV_AUTONOMY NormalUeHandoverAllowed=1 UavMode=TN_CONTROLLED_COVERAGE_EXTENSION
---- LOAD at t=26.5 ----
  cell 1 (TN) load=17/20
  cell 2 (TN) load=18/20
  cell 3 (TN) load=16/20
  cell 4 (TN) load=18/20
  cell 5 (NTN) load=6/15
  cell 6 (NTN) load=8/15
  cell 7 (NTN) load=12/15
LM HO UE=12 rnti=87 1->2 type=TN servingRsrp=-94.9129 targetRsrp=-71.8729 targetLoadReal=18/20 targetLoadEff=18/20
UE 16 TTT_WAIT target=1 elapsed=0s need=2s
UE 17 TTT_WAIT target=1 elapsed=0s need=2s
UE 18 TTT_WAIT target=3 elapsed=0s need=2s
LM HO UE=20 rnti=29 5->2 type=TN servingRsrp=-106.038 targetRsrp=-92.2528 targetLoadReal=18/20 targetLoadEff=19/20
LM HO UE=25 rnti=168 3->1 type=TN servingRsrp=-69.9647 targetRsrp=-60.5387 targetLoadReal=17/20 targetLoadEff=17/20
UE 27 TTT_WAIT target=5 elapsed=0s need=2s
UE 29 TTT_WAIT target=4 elapsed=0s need=2s
UE 32 TTT_WAIT target=3 elapsed=0s need=2s
UE 37 TTT_WAIT target=1 elapsed=0s need=2s
UE 38 TTT_WAIT target=6 elapsed=0s need=2s
UE 42 TTT_WAIT target=3 elapsed=0s need=2s
UE 45 TTT_WAIT target=1 elapsed=0s need=2s
LM HO UE=46 rnti=76 1->3 type=TN servingRsrp=-91.2257 targetRsrp=-68.7073 targetLoadReal=16/20 targetLoadEff=16/20
UE 49 TTT_WAIT target=4 elapsed=0s need=2s
UE 50 TTT_WAIT target=1 elapsed=0s need=2s
LM HO UE=54 rnti=40 7->5 type=NTN servingRsrp=-95.8232 targetRsrp=-73.0932 targetLoadReal=6/15 targetLoadEff=6/15
UE 56 TTT_WAIT target=4 elapsed=0s need=2s
UE 57 TTT_WAIT target=1 elapsed=0s need=2s
UE 60 TTT_WAIT target=3 elapsed=0s need=2s
UE 61 TTT_WAIT target=3 elapsed=0s need=2s
LM HO UE=63 rnti=68 2->1 type=TN servingRsrp=-75.7043 targetRsrp=-71.8745 targetLoadReal=17/20 targetLoadEff=18/20
UE 64 TTT_WAIT target=4 elapsed=0s need=2s
UE 65 TTT_WAIT target=4 elapsed=0s need=2s
UE 66 TTT_WAIT target=6 elapsed=0s need=2s
UE 67 TTT_WAIT target=5 elapsed=0s need=2s
UE 68 TTT_WAIT target=4 elapsed=0s need=2s
LM HO_FAIL_LOW_RSRP UE=69 currCell=1 candCell=6 candRsrp=-114.401 < min=-110
LM HO UE=70 rnti=96 2->3 type=TN servingRsrp=-116.407 targetRsrp=-108.193 targetLoadReal=16/20 targetLoadEff=17/20
UE 71 TTT_WAIT target=1 elapsed=0s need=2s
LM HO_FAIL_LOW_RSRP UE=72 currCell=2 candCell=6 candRsrp=-116.188 < min=-110
LM HO_FAIL_LOW_RSRP UE=74 currCell=3 candCell=4 candRsrp=-110.789 < min=-110
LM HO_FAIL_LOW_RSRP UE=77 currCell=3 candCell=6 candRsrp=-116.739 < min=-110
LM HO_FAIL_LOW_RSRP UE=78 currCell=4 candCell=5 candRsrp=-119.232 < min=-110
UE 79 TTT_WAIT target=7 elapsed=0s need=2s
UE 80 TTT_WAIT target=5 elapsed=0s need=2s
LM HO_FAIL_LOW_RSRP UE=81 currCell=2 candCell=5 candRsrp=-117.847 < min=-110
LM HO_FAIL_LOW_RSRP UE=82 currCell=2 candCell=1 candRsrp=-115.259 < min=-110
LM HO_FAIL_LOW_RSRP UE=84 currCell=7 candCell=6 candRsrp=-114.705 < min=-110
UE 85 TTT_WAIT target=6 elapsed=0s need=2s
UE 87 TTT_WAIT target=1 elapsed=0s need=2s
LM HO_FAIL_LOW_RSRP UE=88 currCell=3 candCell=7 candRsrp=-115.392 < min=-110
LM HO_FAIL_LOW_RSRP UE=89 currCell=7 candCell=5 candRsrp=-116.075 < min=-110
LM HO_FAIL_LOW_RSRP UE=90 currCell=3 candCell=1 candRsrp=-113.186 < min=-110
UE 91 TTT_WAIT target=5 elapsed=0s need=2s
LM HO_FAIL_LOW_RSRP UE=92 currCell=7 candCell=6 candRsrp=-113.68 < min=-110
LM HO_FAIL_LOW_RSRP UE=93 currCell=2 candCell=6 candRsrp=-118.135 < min=-110
LM HO UE=96 rnti=56 7->5 type=NTN servingRsrp=-115.14 targetRsrp=-84.9771 targetLoadReal=6/15 targetLoadEff=7/15
UE 98 TTT_WAIT target=4 elapsed=0s need=2s
LM HO_FAIL_LOW_RSRP UE=99 currCell=2 candCell=6 candRsrp=-116.351 < min=-110
UE 100 TTT_WAIT target=1 elapsed=0s need=2s
LM HO_FAIL_LOW_RSRP UE=101 currCell=3 candCell=4 candRsrp=-110.448 < min=-110
LM HO_FAIL_LOW_RSRP UE=102 currCell=4 candCell=3 candRsrp=-117.679 < min=-110
LM HO UE=103 rnti=64 7->3 type=TN servingRsrp=-110.47 targetRsrp=-92.4754 targetLoadReal=16/20 targetLoadEff=18/20
LM HO_FAIL_LOW_RSRP UE=105 currCell=4 candCell=1 candRsrp=-119.241 < min=-110
LM HO UE=106 rnti=111 1->3 type=TN servingRsrp=-114.662 targetRsrp=-103.031 targetLoadReal=16/20 targetLoadEff=19/20
LM HO_FAIL_LOW_RSRP UE=107 currCell=4 candCell=5 candRsrp=-117.679 < min=-110
TRACE HO_SUCCESS Time=26.6151 IMSI=62 TargetCell=1 Type=TN TargetRSRP=-68.574 ServingRSRP=-76.1969 BackhaulDlSnr=-999 BackhaulUlSnr=-999
TRACE HO_SUCCESS Time=26.6151 IMSI=24 TargetCell=1 Type=TN TargetRSRP=-80.4273 ServingRSRP=-79.3605 BackhaulDlSnr=-999 BackhaulUlSnr=-999
TRACE HO_SUCCESS Time=26.6151 IMSI=11 TargetCell=2 Type=TN TargetRSRP=-89.9773 ServingRSRP=-76.7931 BackhaulDlSnr=-999 BackhaulUlSnr=-999
TRACE HO_SUCCESS Time=26.6151 IMSI=19 TargetCell=2 Type=TN TargetRSRP=-102.175 ServingRSRP=-103.156 BackhaulDlSnr=-999 BackhaulUlSnr=-999
TRACE HO_SUCCESS Time=26.6151 IMSI=45 TargetCell=3 Type=TN TargetRSRP=-95.6797 ServingRSRP=-69.8824 BackhaulDlSnr=-999 BackhaulUlSnr=-999
TRACE HO_SUCCESS Time=26.6151 IMSI=105 TargetCell=3 Type=TN TargetRSRP=-114.406 ServingRSRP=-112.843 BackhaulDlSnr=-999 BackhaulUlSnr=-999
TRACE HO_SUCCESS Time=26.6151 IMSI=69 TargetCell=3 Type=TN TargetRSRP=-124.053 ServingRSRP=-103.811 BackhaulDlSnr=-999 BackhaulUlSnr=-999
TRACE HO_SUCCESS Time=26.6151 IMSI=102 TargetCell=3 Type=TN TargetRSRP=-118.829 ServingRSRP=-112.497 BackhaulDlSnr=-999 BackhaulUlSnr=-999
TRACE HO_SUCCESS Time=26.6151 IMSI=53 TargetCell=5 Type=NTN TargetRSRP=-84.2943 ServingRSRP=-73.0132 BackhaulDlSnr=-999 BackhaulUlSnr=-999
TRACE HO_SUCCESS Time=26.6151 IMSI=95 TargetCell=5 Type=NTN TargetRSRP=-121.434 ServingRSRP=-113.855 BackhaulDlSnr=-999 BackhaulUlSnr=-999
UAV_AUTONOMY_XAPP Time=28.5 DeploymentMode=tn-uav UavIndex=0 UavCellId=5 BestDonorCellId=1 BestDonorDistanceM=143.511 XhaulConnected=1 XhaulChannelVariationDb=0 RawXhaulState=HEALTHY RawXhaulStateAgeSec=24 XhaulState=HEALTHY DonorUnavailableActive=0 SatBackhaulHealthy=0 UavSwitchingXappAvailable=0 UavSwitchingXappState=DISABLED AiPredictedBackhaulMode=RULE_BASED BackhaulMode=TN_DIRECT RicControlState=TN_E2 ActiveUavRic=LOCAL_UAV_AUTONOMY NormalUeHandoverAllowed=1 UavMode=TN_CONTROLLED_COVERAGE_EXTENSION
UAV_AUTONOMY_XAPP Time=28.5 DeploymentMode=tn-uav UavIndex=1 UavCellId=6 BestDonorCellId=1 BestDonorDistanceM=110.88 XhaulConnected=1 XhaulChannelVariationDb=0 RawXhaulState=HEALTHY RawXhaulStateAgeSec=24 XhaulState=HEALTHY DonorUnavailableActive=0 SatBackhaulHealthy=0 UavSwitchingXappAvailable=0 UavSwitchingXappState=DISABLED AiPredictedBackhaulMode=RULE_BASED BackhaulMode=TN_DIRECT RicControlState=TN_E2 ActiveUavRic=LOCAL_UAV_AUTONOMY NormalUeHandoverAllowed=1 UavMode=TN_CONTROLLED_COVERAGE_EXTENSION
UAV_AUTONOMY_XAPP Time=28.5 DeploymentMode=tn-uav UavIndex=2 UavCellId=7 BestDonorCellId=1 BestDonorDistanceM=133.08 XhaulConnected=1 XhaulChannelVariationDb=0 RawXhaulState=HEALTHY RawXhaulStateAgeSec=24 XhaulState=HEALTHY DonorUnavailableActive=0 SatBackhaulHealthy=0 UavSwitchingXappAvailable=0 UavSwitchingXappState=DISABLED AiPredictedBackhaulMode=RULE_BASED BackhaulMode=TN_DIRECT RicControlState=TN_E2 ActiveUavRic=LOCAL_UAV_AUTONOMY NormalUeHandoverAllowed=1 UavMode=TN_CONTROLLED_COVERAGE_EXTENSION
---- LOAD at t=28.5 ----
  cell 1 (TN) load=17/20
  cell 2 (TN) load=18/20
  cell 3 (TN) load=20/20
  cell 4 (TN) load=18/20
  cell 5 (NTN) load=7/15
  cell 6 (NTN) load=8/15
  cell 7 (NTN) load=9/15
UE 8 TTT_WAIT target=2 elapsed=0s need=2s
UE 9 TTT_WAIT target=1 elapsed=0s need=2s
UE 12 TTT_WAIT target=6 elapsed=0s need=2s
UE 15 TTT_WAIT target=2 elapsed=0s need=2s
UE 16 TTT_WAIT target=7 elapsed=0s need=2s
UE 18 TTT_WAIT target=1 elapsed=0s need=2s
UE 19 TTT_WAIT target=4 elapsed=0s need=2s
UE 20 TTT_WAIT target=5 elapsed=0s need=2s
UE 21 TTT_WAIT target=2 elapsed=0s need=2s
UE 27 TTT_WAIT target=4 elapsed=0s need=2s
UE 29 TTT_WAIT target=1 elapsed=0s need=2s
UE 31 TTT_WAIT target=5 elapsed=0s need=2s
UE 38 TTT_WAIT target=5 elapsed=0s need=2s
UE 39 TTT_WAIT target=2 elapsed=0s need=2s
UE 40 TTT_WAIT target=5 elapsed=0s need=2s
UE 42 TTT_WAIT target=5 elapsed=0s need=2s
UE 43 TTT_WAIT target=1 elapsed=0s need=2s
UE 45 TTT_WAIT target=7 elapsed=0s need=2s
UE 46 TTT_WAIT target=4 elapsed=0s need=2s
LM HO UE=49 rnti=111 3->4 type=TN servingRsrp=-76.2481 targetRsrp=-70.7489 targetLoadReal=18/20 targetLoadEff=18/20
LM HO UE=50 rnti=66 2->1 type=TN servingRsrp=-86.8822 targetRsrp=-66.6086 targetLoadReal=17/20 targetLoadEff=17/20
UE 53 TTT_WAIT target=1 elapsed=0s need=2s
UE 55 TTT_WAIT target=4 elapsed=0s need=2s
LM HO UE=57 rnti=76 6->1 type=TN servingRsrp=-73.2708 targetRsrp=-57.3012 targetLoadReal=17/20 targetLoadEff=18/20
UE 58 TTT_WAIT target=1 elapsed=0s need=2s
UE 59 TTT_WAIT target=2 elapsed=0s need=2s
UE 64 TTT_WAIT target=2 elapsed=0s need=2s
UE 66 TTT_WAIT target=1 elapsed=0s need=2s
UE 68 TTT_WAIT target=6 elapsed=0s need=2s
LM HO_FAIL_LOW_RSRP UE=69 currCell=1 candCell=2 candRsrp=-113.285 < min=-110
UE 70 TTT_WAIT target=1 elapsed=0s need=2s
LM HO_FAIL_LOW_RSRP UE=71 currCell=4 candCell=6 candRsrp=-118.22 < min=-110
LM HO_FAIL_LOW_RSRP UE=72 currCell=2 candCell=6 candRsrp=-119.153 < min=-110
LM HO_FAIL_LOW_RSRP UE=74 currCell=3 candCell=7 candRsrp=-120.395 < min=-110
LM HO_FAIL_LOW_RSRP UE=75 currCell=2 candCell=7 candRsrp=-119.697 < min=-110
UE 76 TTT_WAIT target=2 elapsed=0s need=2s
LM HO_FAIL_LOW_RSRP UE=78 currCell=4 candCell=2 candRsrp=-115.743 < min=-110
UE 80 TTT_WAIT target=2 elapsed=0s need=2s
UE 82 TTT_WAIT target=7 elapsed=0s need=2s
UE 83 TTT_WAIT target=5 elapsed=0s need=2s
LM HO_FAIL_LOW_RSRP UE=87 currCell=7 candCell=5 candRsrp=-116.368 < min=-110
LM HO_FAIL_LOW_RSRP UE=88 currCell=3 candCell=2 candRsrp=-111.965 < min=-110
UE 89 TTT_WAIT target=6 elapsed=0s need=2s
LM HO_FAIL_LOW_RSRP UE=90 currCell=3 candCell=2 candRsrp=-111.673 < min=-110
LM HO_FAIL_LOW_RSRP UE=91 currCell=2 candCell=1 candRsrp=-111.747 < min=-110
LM HO_FAIL_LOW_RSRP UE=93 currCell=2 candCell=6 candRsrp=-117.254 < min=-110
LM HO_FAIL_LOW_RSRP UE=94 currCell=7 candCell=5 candRsrp=-110.802 < min=-110
LM HO_FAIL_LOW_RSRP UE=95 currCell=3 candCell=7 candRsrp=-117.534 < min=-110
UE 96 TTT_WAIT target=2 elapsed=0s need=2s
LM HO_FAIL_LOW_RSRP UE=98 currCell=7 candCell=5 candRsrp=-117.793 < min=-110
LM HO_FAIL_LOW_RSRP UE=99 currCell=2 candCell=7 candRsrp=-116.663 < min=-110
LM HO_FAIL_LOW_RSRP UE=101 currCell=3 candCell=5 candRsrp=-119.501 < min=-110
UE 102 TTT_WAIT target=1 elapsed=0s need=2s
UE 103 TTT_WAIT target=1 elapsed=0s need=2s
LM HO_FAIL_LOW_RSRP UE=105 currCell=4 candCell=2 candRsrp=-117.42 < min=-110
LM HO_FAIL_LOW_RSRP UE=106 currCell=3 candCell=1 candRsrp=-112.754 < min=-110
TRACE HO_SUCCESS Time=28.6151 IMSI=49 TargetCell=1 Type=TN TargetRSRP=-67.8054 ServingRSRP=-78.0133 BackhaulDlSnr=-999 BackhaulUlSnr=-999
TRACE HO_SUCCESS Time=28.6151 IMSI=56 TargetCell=1 Type=TN TargetRSRP=-57.5573 ServingRSRP=-76.0939 BackhaulDlSnr=-999 BackhaulUlSnr=-999
TRACE HO_SUCCESS Time=28.6151 IMSI=48 TargetCell=4 Type=TN TargetRSRP=-105.04 ServingRSRP=-82.8227 BackhaulDlSnr=-999 BackhaulUlSnr=-999
UAV_AUTONOMY_XAPP Time=30.5 DeploymentMode=tn-uav UavIndex=0 UavCellId=5 BestDonorCellId=1 BestDonorDistanceM=143.511 XhaulConnected=1 XhaulChannelVariationDb=0 RawXhaulState=HEALTHY RawXhaulStateAgeSec=26 XhaulState=HEALTHY DonorUnavailableActive=0 SatBackhaulHealthy=0 UavSwitchingXappAvailable=0 UavSwitchingXappState=DISABLED AiPredictedBackhaulMode=RULE_BASED BackhaulMode=TN_DIRECT RicControlState=TN_E2 ActiveUavRic=LOCAL_UAV_AUTONOMY NormalUeHandoverAllowed=1 UavMode=TN_CONTROLLED_COVERAGE_EXTENSION
UAV_AUTONOMY_XAPP Time=30.5 DeploymentMode=tn-uav UavIndex=1 UavCellId=6 BestDonorCellId=1 BestDonorDistanceM=110.88 XhaulConnected=1 XhaulChannelVariationDb=0 RawXhaulState=HEALTHY RawXhaulStateAgeSec=26 XhaulState=HEALTHY DonorUnavailableActive=0 SatBackhaulHealthy=0 UavSwitchingXappAvailable=0 UavSwitchingXappState=DISABLED AiPredictedBackhaulMode=RULE_BASED BackhaulMode=TN_DIRECT RicControlState=TN_E2 ActiveUavRic=LOCAL_UAV_AUTONOMY NormalUeHandoverAllowed=1 UavMode=TN_CONTROLLED_COVERAGE_EXTENSION
UAV_AUTONOMY_XAPP Time=30.5 DeploymentMode=tn-uav UavIndex=2 UavCellId=7 BestDonorCellId=1 BestDonorDistanceM=133.08 XhaulConnected=1 XhaulChannelVariationDb=0 RawXhaulState=HEALTHY RawXhaulStateAgeSec=26 XhaulState=HEALTHY DonorUnavailableActive=0 SatBackhaulHealthy=0 UavSwitchingXappAvailable=0 UavSwitchingXappState=DISABLED AiPredictedBackhaulMode=RULE_BASED BackhaulMode=TN_DIRECT RicControlState=TN_E2 ActiveUavRic=LOCAL_UAV_AUTONOMY NormalUeHandoverAllowed=1 UavMode=TN_CONTROLLED_COVERAGE_EXTENSION
---- LOAD at t=30.5 ----
  cell 1 (TN) load=19/20
  cell 2 (TN) load=17/20
  cell 3 (TN) load=19/20
  cell 4 (TN) load=19/20
  cell 5 (NTN) load=8/15
  cell 6 (NTN) load=7/15
  cell 7 (NTN) load=9/15
UE 8 TTT_WAIT target=1 elapsed=0s need=2s
LM HO UE=9 rnti=80 2->1 type=TN servingRsrp=-89.4579 targetRsrp=-63.8065 targetLoadReal=19/20 targetLoadEff=19/20
UE 15 TTT_WAIT target=4 elapsed=0s need=2s
UE 16 TTT_WAIT target=3 elapsed=0s need=2s
UE 18 TTT_WAIT target=3 elapsed=0s need=2s
LM HO UE=19 rnti=65 1->4 type=TN servingRsrp=-78.0931 targetRsrp=-74.5181 targetLoadReal=19/20 targetLoadEff=19/20
UE 20 TTT_WAIT target=7 elapsed=0s need=2s
LM HO UE=21 rnti=113 1->2 type=TN servingRsrp=-76.0459 targetRsrp=-64.6664 targetLoadReal=17/20 targetLoadEff=17/20
UE 24 TTT_WAIT target=5 elapsed=0s need=2s
UE 25 TTT_WAIT target=2 elapsed=0s need=2s
UE 27 TTT_WAIT target=5 elapsed=0s need=2s
UE 28 TTT_WAIT target=3 elapsed=0s need=2s
UE 31 TTT_WAIT target=7 elapsed=0s need=2s
UE 32 TTT_WAIT target=3 elapsed=0s need=2s
UE 33 TTT_WAIT target=3 elapsed=0s need=2s
UE 34 TTT_WAIT target=5 elapsed=0s need=2s
UE 35 TTT_WAIT target=2 elapsed=0s need=2s
UE 36 TTT_WAIT target=3 elapsed=0s need=2s
LM HO UE=38 rnti=36 7->5 type=NTN servingRsrp=-74.7034 targetRsrp=-70.7869 targetLoadReal=8/15 targetLoadEff=8/15
UE 39 TTT_WAIT target=3 elapsed=0s need=2s
UE 41 TTT_WAIT target=3 elapsed=0s need=2s
LM HO UE=42 rnti=171 4->5 type=NTN servingRsrp=-101.373 targetRsrp=-94.5462 targetLoadReal=8/15 targetLoadEff=9/15
LM HO UE=45 rnti=75 6->7 type=NTN servingRsrp=-82.2035 targetRsrp=-79.746 targetLoadReal=9/15 targetLoadEff=9/15
UE 47 TTT_WAIT target=3 elapsed=0s need=2s
UE 50 TTT_WAIT target=3 elapsed=0s need=2s
UE 52 TTT_WAIT target=2 elapsed=0s need=2s
LM HO UE=59 rnti=77 1->2 type=TN servingRsrp=-102.363 targetRsrp=-96.0384 targetLoadReal=17/20 targetLoadEff=18/20
UE 60 TTT_WAIT target=3 elapsed=0s need=2s
UE 62 TTT_WAIT target=3 elapsed=0s need=2s
LM HO UE=64 rnti=97 3->2 type=TN servingRsrp=-91.5959 targetRsrp=-74.5844 targetLoadReal=17/20 targetLoadEff=19/20
UE 66 TTT_WAIT target=5 elapsed=0s need=2s
UE 68 TTT_WAIT target=3 elapsed=0s need=2s
UE 69 TTT_WAIT target=6 elapsed=0s need=2s
LM HO_FAIL_LOW_RSRP UE=70 currCell=3 candCell=6 candRsrp=-115.941 < min=-110
UE 71 TTT_WAIT target=3 elapsed=0s need=2s
LM HO_FAIL_LOW_RSRP UE=73 currCell=5 candCell=7 candRsrp=-113.526 < min=-110
UE 74 TTT_WAIT target=5 elapsed=0s need=2s
LM HO_FAIL_LOW_RSRP UE=75 currCell=2 candCell=6 candRsrp=-118.418 < min=-110
LM HO_FAIL_LOW_RSRP UE=76 currCell=1 candCell=7 candRsrp=-115.678 < min=-110
LM HO_FAIL_LOW_RSRP UE=77 currCell=3 candCell=5 candRsrp=-117.722 < min=-110
LM HO_FAIL_LOW_RSRP UE=78 currCell=4 candCell=3 candRsrp=-117.641 < min=-110
LM HO_FAIL_LOW_RSRP UE=80 currCell=3 candCell=6 candRsrp=-122.302 < min=-110
LM HO_FAIL_LOW_RSRP UE=81 currCell=2 candCell=5 candRsrp=-118.586 < min=-110
LM HO_FAIL_LOW_RSRP UE=82 currCell=2 candCell=7 candRsrp=-117.874 < min=-110
LM HO_FAIL_LOW_RSRP UE=83 currCell=3 candCell=7 candRsrp=-121.303 < min=-110
LM HO_FAIL_LOW_RSRP UE=86 currCell=7 candCell=6 candRsrp=-114.129 < min=-110
LM HO_FAIL_LOW_RSRP UE=88 currCell=3 candCell=7 candRsrp=-116.685 < min=-110
LM HO_FAIL_LOW_RSRP UE=90 currCell=3 candCell=6 candRsrp=-116.026 < min=-110
UE 91 TTT_WAIT target=3 elapsed=0s need=2s
UE 92 TTT_WAIT target=5 elapsed=0s need=2s
UE 93 TTT_WAIT target=6 elapsed=0s need=2s
UE 95 TTT_WAIT target=6 elapsed=0s need=2s
UE 98 TTT_WAIT target=3 elapsed=0s need=2s
LM HO_FAIL_LOW_RSRP UE=99 currCell=2 candCell=7 candRsrp=-111.491 < min=-110
LM HO_FAIL_LOW_RSRP UE=100 currCell=7 candCell=6 candRsrp=-114.438 < min=-110
LM HO_FAIL_LOW_RSRP UE=101 currCell=3 candCell=5 candRsrp=-119.906 < min=-110
LM HO_FAIL_LOW_RSRP UE=102 currCell=4 candCell=3 candRsrp=-114.031 < min=-110
LM HO_FAIL_LOW_RSRP UE=103 currCell=3 candCell=7 candRsrp=-110.587 < min=-110
LM HO_FAIL_LOW_RSRP UE=105 currCell=4 candCell=6 candRsrp=-119.852 < min=-110
LM HO_FAIL_LOW_RSRP UE=106 currCell=3 candCell=7 candRsrp=-111.858 < min=-110
LM HO_FAIL_LOW_RSRP UE=107 currCell=4 candCell=7 candRsrp=-118.894 < min=-110
TRACE HO_SUCCESS Time=30.6151 IMSI=8 TargetCell=1 Type=TN TargetRSRP=-77.6451 ServingRSRP=-67.9631 BackhaulDlSnr=-999 BackhaulUlSnr=-999
TRACE HO_SUCCESS Time=30.6151 IMSI=58 TargetCell=2 Type=TN TargetRSRP=-98.3103 ServingRSRP=-90.5395 BackhaulDlSnr=-999 BackhaulUlSnr=-999
TRACE HO_SUCCESS Time=30.6151 IMSI=20 TargetCell=2 Type=TN TargetRSRP=-81.5431 ServingRSRP=-80.8876 BackhaulDlSnr=-999 BackhaulUlSnr=-999
TRACE HO_SUCCESS Time=30.6151 IMSI=63 TargetCell=2 Type=TN TargetRSRP=-98.1772 ServingRSRP=-69.1056 BackhaulDlSnr=-999 BackhaulUlSnr=-999
TRACE HO_SUCCESS Time=30.6151 IMSI=18 TargetCell=4 Type=TN TargetRSRP=-67.443 ServingRSRP=-71.5575 BackhaulDlSnr=-999 BackhaulUlSnr=-999
TRACE HO_SUCCESS Time=30.6151 IMSI=41 TargetCell=5 Type=NTN TargetRSRP=-97.4457 ServingRSRP=-75.6205 BackhaulDlSnr=-999 BackhaulUlSnr=-999
TRACE HO_SUCCESS Time=30.6151 IMSI=37 TargetCell=5 Type=NTN TargetRSRP=-93.2616 ServingRSRP=-92.7228 BackhaulDlSnr=-999 BackhaulUlSnr=-999
TRACE HO_SUCCESS Time=30.6151 IMSI=44 TargetCell=7 Type=NTN TargetRSRP=-97.1041 ServingRSRP=-87.8851 BackhaulDlSnr=-999 BackhaulUlSnr=-999
UAV_AUTONOMY_XAPP Time=32.5 DeploymentMode=tn-uav UavIndex=0 UavCellId=5 BestDonorCellId=1 BestDonorDistanceM=143.511 XhaulConnected=1 XhaulChannelVariationDb=0 RawXhaulState=HEALTHY RawXhaulStateAgeSec=28 XhaulState=HEALTHY DonorUnavailableActive=0 SatBackhaulHealthy=0 UavSwitchingXappAvailable=0 UavSwitchingXappState=DISABLED AiPredictedBackhaulMode=RULE_BASED BackhaulMode=TN_DIRECT RicControlState=TN_E2 ActiveUavRic=LOCAL_UAV_AUTONOMY NormalUeHandoverAllowed=1 UavMode=TN_CONTROLLED_COVERAGE_EXTENSION
UAV_AUTONOMY_XAPP Time=32.5 DeploymentMode=tn-uav UavIndex=1 UavCellId=6 BestDonorCellId=1 BestDonorDistanceM=110.88 XhaulConnected=1 XhaulChannelVariationDb=0 RawXhaulState=HEALTHY RawXhaulStateAgeSec=28 XhaulState=HEALTHY DonorUnavailableActive=0 SatBackhaulHealthy=0 UavSwitchingXappAvailable=0 UavSwitchingXappState=DISABLED AiPredictedBackhaulMode=RULE_BASED BackhaulMode=TN_DIRECT RicControlState=TN_E2 ActiveUavRic=LOCAL_UAV_AUTONOMY NormalUeHandoverAllowed=1 UavMode=TN_CONTROLLED_COVERAGE_EXTENSION
UAV_AUTONOMY_XAPP Time=32.5 DeploymentMode=tn-uav UavIndex=2 UavCellId=7 BestDonorCellId=1 BestDonorDistanceM=133.08 XhaulConnected=1 XhaulChannelVariationDb=0 RawXhaulState=HEALTHY RawXhaulStateAgeSec=28 XhaulState=HEALTHY DonorUnavailableActive=0 SatBackhaulHealthy=0 UavSwitchingXappAvailable=0 UavSwitchingXappState=DISABLED AiPredictedBackhaulMode=RULE_BASED BackhaulMode=TN_DIRECT RicControlState=TN_E2 ActiveUavRic=LOCAL_UAV_AUTONOMY NormalUeHandoverAllowed=1 UavMode=TN_CONTROLLED_COVERAGE_EXTENSION
---- LOAD at t=32.5 ----
  cell 1 (TN) load=17/20
  cell 2 (TN) load=19/20
  cell 3 (TN) load=18/20
  cell 4 (TN) load=19/20
  cell 5 (NTN) load=10/15
  cell 6 (NTN) load=6/15
  cell 7 (NTN) load=9/15
UE 10 TTT_WAIT target=4 elapsed=0s need=2s
UE 11 TTT_WAIT target=2 elapsed=0s need=2s
UE 16 TTT_WAIT target=1 elapsed=0s need=2s
LM HO UE=18 rnti=108 4->3 type=TN servingRsrp=-100.625 targetRsrp=-97.1945 targetLoadReal=18/20 targetLoadEff=18/20
UE 20 TTT_WAIT target=5 elapsed=0s need=2s
UE 24 TTT_WAIT target=3 elapsed=0s need=2s
LM HO UE=28 rnti=94 6->3 type=TN servingRsrp=-94.8392 targetRsrp=-86.6879 targetLoadReal=18/20 targetLoadEff=19/20
UE 29 TTT_WAIT target=4 elapsed=0s need=2s
UE 30 TTT_WAIT target=1 elapsed=0s need=2s
LM HO UE=35 rnti=92 1->2 type=TN servingRsrp=-82.6192 targetRsrp=-63.3893 targetLoadReal=19/20 targetLoadEff=19/20
UE 42 TTT_WAIT target=4 elapsed=0s need=2s
UE 43 TTT_WAIT target=1 elapsed=0s need=2s
UE 45 TTT_WAIT target=6 elapsed=0s need=2s
UE 46 TTT_WAIT target=1 elapsed=0s need=2s
UE 53 TTT_WAIT target=1 elapsed=0s need=2s
UE 54 TTT_WAIT target=7 elapsed=0s need=2s
UE 55 TTT_WAIT target=4 elapsed=0s need=2s
UE 57 TTT_WAIT target=6 elapsed=0s need=2s
UE 59 TTT_WAIT target=1 elapsed=0s need=2s
UE 60 TTT_WAIT target=4 elapsed=0s need=2s
UE 64 TTT_WAIT target=1 elapsed=0s need=2s
UE 66 TTT_WAIT target=6 elapsed=0s need=2s
UE 67 TTT_WAIT target=5 elapsed=0s need=2s
LM HO_FAIL_LOW_RSRP UE=68 currCell=5 candCell=7 candRsrp=-116.813 < min=-110
LM HO_FAIL_LOW_RSRP UE=69 currCell=1 candCell=6 candRsrp=-117.824 < min=-110
LM HO_FAIL_LOW_RSRP UE=70 currCell=3 candCell=1 candRsrp=-111.107 < min=-110
LM HO_FAIL_LOW_RSRP UE=71 currCell=4 candCell=6 candRsrp=-118.811 < min=-110
LM HO_FAIL_LOW_RSRP UE=74 currCell=3 candCell=7 candRsrp=-120 < min=-110
LM HO_FAIL_LOW_RSRP UE=75 currCell=2 candCell=1 candRsrp=-114.933 < min=-110
LM HO_FAIL_LOW_RSRP UE=77 currCell=3 candCell=4 candRsrp=-112.33 < min=-110
LM HO_FAIL_LOW_RSRP UE=78 currCell=4 candCell=5 candRsrp=-118.627 < min=-110
LM HO_FAIL_LOW_RSRP UE=80 currCell=3 candCell=6 candRsrp=-118.316 < min=-110
UE 81 TTT_WAIT target=1 elapsed=0s need=2s
LM HO_FAIL_LOW_RSRP UE=82 currCell=2 candCell=7 candRsrp=-116.549 < min=-110
UE 83 TTT_WAIT target=4 elapsed=0s need=2s
UE 84 TTT_WAIT target=1 elapsed=0s need=2s
LM HO_FAIL_LOW_RSRP UE=85 currCell=5 candCell=6 candRsrp=-110.91 < min=-110
LM HO_FAIL_LOW_RSRP UE=88 currCell=3 candCell=1 candRsrp=-114.196 < min=-110
LM HO_FAIL_LOW_RSRP UE=89 currCell=7 candCell=5 candRsrp=-117.926 < min=-110
UE 90 TTT_WAIT target=1 elapsed=0s need=2s
UE 91 TTT_WAIT target=1 elapsed=0s need=2s
LM HO_FAIL_LOW_RSRP UE=92 currCell=7 candCell=6 candRsrp=-117.62 < min=-110
LM HO_FAIL_LOW_RSRP UE=93 currCell=2 candCell=5 candRsrp=-116.183 < min=-110
UE 95 TTT_WAIT target=1 elapsed=0s need=2s
UE 96 TTT_WAIT target=4 elapsed=0s need=2s
UE 98 TTT_WAIT target=4 elapsed=0s need=2s
LM HO_FAIL_LOW_RSRP UE=99 currCell=2 candCell=5 candRsrp=-119.217 < min=-110
UE 102 TTT_WAIT target=5 elapsed=0s need=2s
UE 103 TTT_WAIT target=4 elapsed=0s need=2s
LM HO_FAIL_LOW_RSRP UE=105 currCell=4 candCell=1 candRsrp=-117.639 < min=-110
UE 106 TTT_WAIT target=1 elapsed=0s need=2s
LM HO_FAIL_LOW_RSRP UE=107 currCell=4 candCell=6 candRsrp=-118.803 < min=-110
TRACE HO_SUCCESS Time=32.6151 IMSI=34 TargetCell=2 Type=TN TargetRSRP=-74.2069 ServingRSRP=-78.5641 BackhaulDlSnr=-999 BackhaulUlSnr=-999
TRACE HO_SUCCESS Time=32.6151 IMSI=17 TargetCell=3 Type=TN TargetRSRP=-89.8991 ServingRSRP=-85.848 BackhaulDlSnr=-999 BackhaulUlSnr=-999
TRACE HO_SUCCESS Time=32.6151 IMSI=27 TargetCell=3 Type=TN TargetRSRP=-92.4644 ServingRSRP=-94.2536 BackhaulDlSnr=-999 BackhaulUlSnr=-999
UAV_AUTONOMY_XAPP Time=34.5 DeploymentMode=tn-uav UavIndex=0 UavCellId=5 BestDonorCellId=1 BestDonorDistanceM=143.511 XhaulConnected=1 XhaulChannelVariationDb=0 RawXhaulState=HEALTHY RawXhaulStateAgeSec=30 XhaulState=HEALTHY DonorUnavailableActive=0 SatBackhaulHealthy=0 UavSwitchingXappAvailable=0 UavSwitchingXappState=DISABLED AiPredictedBackhaulMode=RULE_BASED BackhaulMode=TN_DIRECT RicControlState=TN_E2 ActiveUavRic=LOCAL_UAV_AUTONOMY NormalUeHandoverAllowed=1 UavMode=TN_CONTROLLED_COVERAGE_EXTENSION
UAV_AUTONOMY_XAPP Time=34.5 DeploymentMode=tn-uav UavIndex=1 UavCellId=6 BestDonorCellId=1 BestDonorDistanceM=110.88 XhaulConnected=1 XhaulChannelVariationDb=0 RawXhaulState=HEALTHY RawXhaulStateAgeSec=30 XhaulState=HEALTHY DonorUnavailableActive=0 SatBackhaulHealthy=0 UavSwitchingXappAvailable=0 UavSwitchingXappState=DISABLED AiPredictedBackhaulMode=RULE_BASED BackhaulMode=TN_DIRECT RicControlState=TN_E2 ActiveUavRic=LOCAL_UAV_AUTONOMY NormalUeHandoverAllowed=1 UavMode=TN_CONTROLLED_COVERAGE_EXTENSION
UAV_AUTONOMY_XAPP Time=34.5 DeploymentMode=tn-uav UavIndex=2 UavCellId=7 BestDonorCellId=1 BestDonorDistanceM=133.08 XhaulConnected=1 XhaulChannelVariationDb=0 RawXhaulState=HEALTHY RawXhaulStateAgeSec=30 XhaulState=HEALTHY DonorUnavailableActive=0 SatBackhaulHealthy=0 UavSwitchingXappAvailable=0 UavSwitchingXappState=DISABLED AiPredictedBackhaulMode=RULE_BASED BackhaulMode=TN_DIRECT RicControlState=TN_E2 ActiveUavRic=LOCAL_UAV_AUTONOMY NormalUeHandoverAllowed=1 UavMode=TN_CONTROLLED_COVERAGE_EXTENSION
---- LOAD at t=34.5 ----
  cell 1 (TN) load=16/20
  cell 2 (TN) load=20/20
  cell 3 (TN) load=20/20
  cell 4 (TN) load=18/20
  cell 5 (NTN) load=10/15
  cell 6 (NTN) load=6/15
  cell 7 (NTN) load=9/15
UE 8 TTT_WAIT target=1 elapsed=0s need=2s
UE 9 TTT_WAIT target=4 elapsed=0s need=2s
LM HO UE=10 rnti=78 3->4 type=TN servingRsrp=-94.3876 targetRsrp=-84.7851 targetLoadReal=18/20 targetLoadEff=18/20
UE 12 TTT_WAIT target=1 elapsed=0s need=2s
LM HO UE=16 rnti=107 4->1 type=TN servingRsrp=-100.582 targetRsrp=-97.1098 targetLoadReal=16/20 targetLoadEff=16/20
UE 17 TTT_WAIT target=1 elapsed=0s need=2s
UE 18 TTT_WAIT target=4 elapsed=0s need=2s
UE 19 TTT_WAIT target=1 elapsed=0s need=2s
UE 20 TTT_WAIT target=7 elapsed=0s need=2s
UE 27 TTT_WAIT target=7 elapsed=0s need=2s
UE 28 TTT_WAIT target=7 elapsed=0s need=2s
UE 31 TTT_WAIT target=7 elapsed=0s need=2s
UE 33 TTT_WAIT target=1 elapsed=0s need=2s
UE 34 TTT_WAIT target=1 elapsed=0s need=2s
UE 40 TTT_WAIT target=4 elapsed=0s need=2s
LM HO UE=43 rnti=74 6->1 type=TN servingRsrp=-98.2898 targetRsrp=-83.9884 targetLoadReal=16/20 targetLoadEff=17/20
LM HO UE=46 rnti=177 3->1 type=TN servingRsrp=-81.0666 targetRsrp=-77.8304 targetLoadReal=16/20 targetLoadEff=18/20
UE 47 TTT_WAIT target=4 elapsed=0s need=2s
UE 52 TTT_WAIT target=1 elapsed=0s need=2s
LM HO UE=54 rnti=67 5->7 type=NTN servingRsrp=-91.1453 targetRsrp=-75.0278 targetLoadReal=9/15 targetLoadEff=9/15
UE 56 TTT_WAIT target=4 elapsed=0s need=2s
LM HO UE=57 rnti=128 1->6 type=NTN servingRsrp=-78.8842 targetRsrp=-65.18 targetLoadReal=6/15 targetLoadEff=6/15
UE 58 TTT_WAIT target=1 elapsed=0s need=2s
LM HO UE=60 rnti=95 6->4 type=TN servingRsrp=-108.928 targetRsrp=-102.779 targetLoadReal=18/20 targetLoadEff=19/20
UE 62 TTT_WAIT target=5 elapsed=0s need=2s
LM HO UE=64 rnti=105 2->1 type=TN servingRsrp=-101.182 targetRsrp=-74.4008 targetLoadReal=16/20 targetLoadEff=19/20
LM HO_FAIL_LOW_RSRP UE=68 currCell=5 candCell=6 candRsrp=-118.692 < min=-110
LM HO_FAIL_LOW_RSRP UE=69 currCell=1 candCell=5 candRsrp=-116.941 < min=-110
LM HO_FAIL_LOW_RSRP UE=70 currCell=3 candCell=6 candRsrp=-116.247 < min=-110
LM HO_FAIL_LOW_RSRP UE=71 currCell=4 candCell=6 candRsrp=-116.309 < min=-110
LM HO_FAIL_LOW_RSRP UE=72 currCell=2 candCell=6 candRsrp=-112.578 < min=-110
LM HO_FAIL_LOW_RSRP UE=74 currCell=3 candCell=5 candRsrp=-119.716 < min=-110
LM HO_FAIL_LOW_RSRP UE=75 currCell=2 candCell=6 candRsrp=-118.464 < min=-110
LM HO_FAIL_LOW_RSRP UE=76 currCell=1 candCell=5 candRsrp=-116.645 < min=-110
LM HO_FAIL_LOW_RSRP UE=77 currCell=3 candCell=6 candRsrp=-116.703 < min=-110
LM HO_FAIL_LOW_RSRP UE=78 currCell=4 candCell=5 candRsrp=-121.026 < min=-110
UE 79 TTT_WAIT target=6 elapsed=0s need=2s
LM HO_FAIL_LOW_RSRP UE=80 currCell=3 candCell=7 candRsrp=-119.224 < min=-110
LM HO_FAIL_LOW_RSRP UE=81 currCell=2 candCell=6 candRsrp=-117.708 < min=-110
UE 82 TTT_WAIT target=5 elapsed=0s need=2s
UE 83 TTT_WAIT target=6 elapsed=0s need=2s
LM HO_FAIL_LOW_RSRP UE=84 currCell=7 candCell=5 candRsrp=-111.313 < min=-110
UE 86 TTT_WAIT target=6 elapsed=0s need=2s
UE 87 TTT_WAIT target=5 elapsed=0s need=2s
LM HO_FAIL_LOW_RSRP UE=88 currCell=3 candCell=6 candRsrp=-111.683 < min=-110
LM HO_FAIL_LOW_RSRP UE=89 currCell=7 candCell=6 candRsrp=-113.961 < min=-110
UE 90 TTT_WAIT target=5 elapsed=0s need=2s
UE 91 TTT_WAIT target=7 elapsed=0s need=2s
UE 92 TTT_WAIT target=6 elapsed=0s need=2s
LM HO_FAIL_LOW_RSRP UE=93 currCell=2 candCell=6 candRsrp=-117.853 < min=-110
LM HO_FAIL_LOW_RSRP UE=94 currCell=7 candCell=5 candRsrp=-113.543 < min=-110
UE 97 TTT_WAIT target=5 elapsed=0s need=2s
LM HO_FAIL_LOW_RSRP UE=99 currCell=2 candCell=7 candRsrp=-119.318 < min=-110
LM HO_FAIL_LOW_RSRP UE=101 currCell=3 candCell=5 candRsrp=-118.953 < min=-110
UE 102 TTT_WAIT target=7 elapsed=0s need=2s
UE 103 TTT_WAIT target=7 elapsed=0s need=2s
LM HO_FAIL_LOW_RSRP UE=105 currCell=4 candCell=6 candRsrp=-118.562 < min=-110
UE 106 TTT_WAIT target=5 elapsed=0s need=2s
TRACE HO_SUCCESS Time=34.6151 IMSI=63 TargetCell=1 Type=TN TargetRSRP=-64.23 ServingRSRP=-87.6236 BackhaulDlSnr=-999 BackhaulUlSnr=-999
TRACE HO_SUCCESS Time=34.6151 IMSI=45 TargetCell=1 Type=TN TargetRSRP=-100.235 ServingRSRP=-77.6109 BackhaulDlSnr=-999 BackhaulUlSnr=-999
TRACE HO_SUCCESS Time=34.6151 IMSI=15 TargetCell=1 Type=TN TargetRSRP=-77.4711 ServingRSRP=-95.9181 BackhaulDlSnr=-999 BackhaulUlSnr=-999
TRACE HO_SUCCESS Time=34.6151 IMSI=42 TargetCell=1 Type=TN TargetRSRP=-83.5999 ServingRSRP=-89.1852 BackhaulDlSnr=-999 BackhaulUlSnr=-999
TRACE HO_SUCCESS Time=34.6151 IMSI=9 TargetCell=4 Type=TN TargetRSRP=-103.377 ServingRSRP=-98.2452 BackhaulDlSnr=-999 BackhaulUlSnr=-999
TRACE HO_SUCCESS Time=34.6151 IMSI=59 TargetCell=4 Type=TN TargetRSRP=-98.985 ServingRSRP=-107.145 BackhaulDlSnr=-999 BackhaulUlSnr=-999
TRACE HO_SUCCESS Time=34.6151 IMSI=56 TargetCell=6 Type=NTN TargetRSRP=-88.5004 ServingRSRP=-78.206 BackhaulDlSnr=-999 BackhaulUlSnr=-999
TRACE HO_SUCCESS Time=34.6151 IMSI=53 TargetCell=7 Type=NTN TargetRSRP=-101.957 ServingRSRP=-97.4845 BackhaulDlSnr=-999 BackhaulUlSnr=-999
UAV_AUTONOMY_XAPP Time=36.5 DeploymentMode=tn-uav UavIndex=0 UavCellId=5 BestDonorCellId=1 BestDonorDistanceM=143.511 XhaulConnected=1 XhaulChannelVariationDb=0 RawXhaulState=HEALTHY RawXhaulStateAgeSec=32 XhaulState=HEALTHY DonorUnavailableActive=0 SatBackhaulHealthy=0 UavSwitchingXappAvailable=0 UavSwitchingXappState=DISABLED AiPredictedBackhaulMode=RULE_BASED BackhaulMode=TN_DIRECT RicControlState=TN_E2 ActiveUavRic=LOCAL_UAV_AUTONOMY NormalUeHandoverAllowed=1 UavMode=TN_CONTROLLED_COVERAGE_EXTENSION
UAV_AUTONOMY_XAPP Time=36.5 DeploymentMode=tn-uav UavIndex=1 UavCellId=6 BestDonorCellId=1 BestDonorDistanceM=110.88 XhaulConnected=1 XhaulChannelVariationDb=0 RawXhaulState=HEALTHY RawXhaulStateAgeSec=32 XhaulState=HEALTHY DonorUnavailableActive=0 SatBackhaulHealthy=0 UavSwitchingXappAvailable=0 UavSwitchingXappState=DISABLED AiPredictedBackhaulMode=RULE_BASED BackhaulMode=TN_DIRECT RicControlState=TN_E2 ActiveUavRic=LOCAL_UAV_AUTONOMY NormalUeHandoverAllowed=1 UavMode=TN_CONTROLLED_COVERAGE_EXTENSION
UAV_AUTONOMY_XAPP Time=36.5 DeploymentMode=tn-uav UavIndex=2 UavCellId=7 BestDonorCellId=1 BestDonorDistanceM=133.08 XhaulConnected=1 XhaulChannelVariationDb=0 RawXhaulState=HEALTHY RawXhaulStateAgeSec=32 XhaulState=HEALTHY DonorUnavailableActive=0 SatBackhaulHealthy=0 UavSwitchingXappAvailable=0 UavSwitchingXappState=DISABLED AiPredictedBackhaulMode=RULE_BASED BackhaulMode=TN_DIRECT RicControlState=TN_E2 ActiveUavRic=LOCAL_UAV_AUTONOMY NormalUeHandoverAllowed=1 UavMode=TN_CONTROLLED_COVERAGE_EXTENSION
---- LOAD at t=36.5 ----
  cell 1 (TN) load=19/20
  cell 2 (TN) load=19/20
  cell 3 (TN) load=18/20
  cell 4 (TN) load=19/20
  cell 5 (NTN) load=9/15
  cell 6 (NTN) load=5/15
  cell 7 (NTN) load=10/15
UE 8 TTT_WAIT target=3 elapsed=0s need=2s
UE 9 TTT_WAIT target=3 elapsed=0s need=2s
UE 10 TTT_WAIT target=3 elapsed=0s need=2s
UE 16 TTT_WAIT target=4 elapsed=0s need=2s
LM HO UE=17 rnti=98 2->1 type=TN servingRsrp=-78.933 targetRsrp=-61.1584 targetLoadReal=19/20 targetLoadEff=19/20
LM HO UE=18 rnti=189 3->4 type=TN servingRsrp=-101.903 targetRsrp=-70.2269 targetLoadReal=19/20 targetLoadEff=19/20
UE 19 TTT_WAIT target=3 elapsed=0s need=2s
LM HO UE=20 rnti=103 2->7 type=NTN servingRsrp=-108.013 targetRsrp=-90.5544 targetLoadReal=10/15 targetLoadEff=10/15
UE 22 TTT_WAIT target=2 elapsed=0s need=2s
LM HO UE=27 rnti=65 6->7 type=NTN servingRsrp=-93.2334 targetRsrp=-87.5056 targetLoadReal=10/15 targetLoadEff=11/15
UE 29 TTT_WAIT target=2 elapsed=0s need=2s
UE 30 TTT_WAIT target=7 elapsed=0s need=2s
UE 32 TTT_WAIT target=3 elapsed=0s need=2s
UE 33 TTT_WAIT target=3 elapsed=0s need=2s
UE 34 TTT_WAIT target=7 elapsed=0s need=2s
UE 36 TTT_WAIT target=3 elapsed=0s need=2s
UE 38 TTT_WAIT target=7 elapsed=0s need=2s
UE 39 TTT_WAIT target=2 elapsed=0s need=2s
UE 41 TTT_WAIT target=3 elapsed=0s need=2s
UE 43 TTT_WAIT target=6 elapsed=0s need=2s
UE 46 TTT_WAIT target=2 elapsed=0s need=2s
UE 48 TTT_WAIT target=3 elapsed=0s need=2s
UE 49 TTT_WAIT target=3 elapsed=0s need=2s
UE 50 TTT_WAIT target=2 elapsed=0s need=2s
UE 52 TTT_WAIT target=6 elapsed=0s need=2s
UE 53 TTT_WAIT target=7 elapsed=0s need=2s
UE 57 TTT_WAIT target=7 elapsed=0s need=2s
UE 60 TTT_WAIT target=5 elapsed=0s need=2s
UE 62 TTT_WAIT target=2 elapsed=0s need=2s
UE 63 TTT_WAIT target=2 elapsed=0s need=2s
UE 66 TTT_WAIT target=3 elapsed=0s need=2s
UE 69 TTT_WAIT target=2 elapsed=0s need=2s
UE 70 TTT_WAIT target=6 elapsed=0s need=2s
UE 72 TTT_WAIT target=3 elapsed=0s need=2s
LM HO_FAIL_LOW_RSRP UE=74 currCell=3 candCell=6 candRsrp=-117.49 < min=-110
UE 75 TTT_WAIT target=5 elapsed=0s need=2s
UE 76 TTT_WAIT target=5 elapsed=0s need=2s
LM HO_FAIL_LOW_RSRP UE=77 currCell=3 candCell=5 candRsrp=-119.536 < min=-110
UE 78 TTT_WAIT target=2 elapsed=0s need=2s
UE 79 TTT_WAIT target=2 elapsed=0s need=2s
LM HO_FAIL_LOW_RSRP UE=81 currCell=2 candCell=7 candRsrp=-116.652 < min=-110
LM HO_FAIL_LOW_RSRP UE=82 currCell=2 candCell=5 candRsrp=-117.145 < min=-110
UE 84 TTT_WAIT target=3 elapsed=0s need=2s
LM HO_FAIL_LOW_RSRP UE=86 currCell=7 candCell=6 candRsrp=-120.604 < min=-110
UE 87 TTT_WAIT target=6 elapsed=0s need=2s
UE 88 TTT_WAIT target=2 elapsed=0s need=2s
UE 89 TTT_WAIT target=6 elapsed=0s need=2s
UE 90 TTT_WAIT target=2 elapsed=0s need=2s
UE 91 TTT_WAIT target=5 elapsed=0s need=2s
LM HO_FAIL_LOW_RSRP UE=93 currCell=2 candCell=6 candRsrp=-116.855 < min=-110
UE 94 TTT_WAIT target=3 elapsed=0s need=2s
UE 95 TTT_WAIT target=2 elapsed=0s need=2s
UE 96 TTT_WAIT target=2 elapsed=0s need=2s
LM HO UE=97 rnti=103 6->5 type=NTN servingRsrp=-117.948 targetRsrp=-96.5652 targetLoadReal=9/15 targetLoadEff=9/15
UE 98 TTT_WAIT target=3 elapsed=0s need=2s
LM HO_FAIL_LOW_RSRP UE=99 currCell=2 candCell=5 candRsrp=-112.067 < min=-110
LM HO_FAIL_LOW_RSRP UE=102 currCell=4 candCell=2 candRsrp=-113.71 < min=-110
LM HO_FAIL_LOW_RSRP UE=103 currCell=3 candCell=2 candRsrp=-117.464 < min=-110
UE 105 TTT_WAIT target=3 elapsed=0s need=2s
LM HO_FAIL_LOW_RSRP UE=106 currCell=3 candCell=2 candRsrp=-113.677 < min=-110
UE 107 TTT_WAIT target=5 elapsed=0s need=2s
TRACE HO_SUCCESS Time=36.6151 IMSI=16 TargetCell=1 Type=TN TargetRSRP=-61.1563 ServingRSRP=-74.9596 BackhaulDlSnr=-999 BackhaulUlSnr=-999
TRACE HO_SUCCESS Time=36.6151 IMSI=17 TargetCell=4 Type=TN TargetRSRP=-92.4362 ServingRSRP=-103.155 BackhaulDlSnr=-999 BackhaulUlSnr=-999
TRACE HO_SUCCESS Time=36.6151 IMSI=96 TargetCell=5 Type=NTN TargetRSRP=-113.041 ServingRSRP=-100.795 BackhaulDlSnr=-999 BackhaulUlSnr=-999
TRACE HO_SUCCESS Time=36.6151 IMSI=19 TargetCell=7 Type=NTN TargetRSRP=-109.849 ServingRSRP=-86.1931 BackhaulDlSnr=-999 BackhaulUlSnr=-999
TRACE HO_SUCCESS Time=36.6151 IMSI=26 TargetCell=7 Type=NTN TargetRSRP=-88.5051 ServingRSRP=-66.9309 BackhaulDlSnr=-999 BackhaulUlSnr=-999
UAV_AUTONOMY_XAPP Time=38.5 DeploymentMode=tn-uav UavIndex=0 UavCellId=5 BestDonorCellId=1 BestDonorDistanceM=143.511 XhaulConnected=1 XhaulChannelVariationDb=0 RawXhaulState=HEALTHY RawXhaulStateAgeSec=34 XhaulState=HEALTHY DonorUnavailableActive=0 SatBackhaulHealthy=0 UavSwitchingXappAvailable=0 UavSwitchingXappState=DISABLED AiPredictedBackhaulMode=RULE_BASED BackhaulMode=TN_DIRECT RicControlState=TN_E2 ActiveUavRic=LOCAL_UAV_AUTONOMY NormalUeHandoverAllowed=1 UavMode=TN_CONTROLLED_COVERAGE_EXTENSION
UAV_AUTONOMY_XAPP Time=38.5 DeploymentMode=tn-uav UavIndex=1 UavCellId=6 BestDonorCellId=1 BestDonorDistanceM=110.88 XhaulConnected=1 XhaulChannelVariationDb=0 RawXhaulState=HEALTHY RawXhaulStateAgeSec=34 XhaulState=HEALTHY DonorUnavailableActive=0 SatBackhaulHealthy=0 UavSwitchingXappAvailable=0 UavSwitchingXappState=DISABLED AiPredictedBackhaulMode=RULE_BASED BackhaulMode=TN_DIRECT RicControlState=TN_E2 ActiveUavRic=LOCAL_UAV_AUTONOMY NormalUeHandoverAllowed=1 UavMode=TN_CONTROLLED_COVERAGE_EXTENSION
UAV_AUTONOMY_XAPP Time=38.5 DeploymentMode=tn-uav UavIndex=2 UavCellId=7 BestDonorCellId=1 BestDonorDistanceM=133.08 XhaulConnected=1 XhaulChannelVariationDb=0 RawXhaulState=HEALTHY RawXhaulStateAgeSec=34 XhaulState=HEALTHY DonorUnavailableActive=0 SatBackhaulHealthy=0 UavSwitchingXappAvailable=0 UavSwitchingXappState=DISABLED AiPredictedBackhaulMode=RULE_BASED BackhaulMode=TN_DIRECT RicControlState=TN_E2 ActiveUavRic=LOCAL_UAV_AUTONOMY NormalUeHandoverAllowed=1 UavMode=TN_CONTROLLED_COVERAGE_EXTENSION
---- LOAD at t=38.5 ----
  cell 1 (TN) load=20/20
  cell 2 (TN) load=17/20
  cell 3 (TN) load=17/20
  cell 4 (TN) load=20/20
  cell 5 (NTN) load=10/15
  cell 6 (NTN) load=3/15
  cell 7 (NTN) load=12/15
LM HO UE=8 rnti=105 4->3 type=TN servingRsrp=-101.236 targetRsrp=-93.6388 targetLoadReal=17/20 targetLoadEff=17/20
UE 11 TTT_WAIT target=5 elapsed=0s need=2s
UE 15 TTT_WAIT target=3 elapsed=0s need=2s
UE 16 TTT_WAIT target=2 elapsed=0s need=2s
LM HO UE=19 rnti=182 4->3 type=TN servingRsrp=-80.6932 targetRsrp=-68.6543 targetLoadReal=17/20 targetLoadEff=18/20
UE 24 TTT_WAIT target=3 elapsed=0s need=2s
UE 28 TTT_WAIT target=2 elapsed=0s need=2s
UE 31 TTT_WAIT target=5 elapsed=0s need=2s
LM HO UE=33 rnti=109 4->3 type=TN servingRsrp=-107.642 targetRsrp=-93.7 targetLoadReal=17/20 targetLoadEff=19/20
UE 38 TTT_WAIT target=6 elapsed=0s need=2s
LM HO UE=39 rnti=102 1->2 type=TN servingRsrp=-104.497 targetRsrp=-82.3853 targetLoadReal=17/20 targetLoadEff=17/20
UE 40 TTT_WAIT target=7 elapsed=0s need=2s
UE 42 TTT_WAIT target=2 elapsed=0s need=2s
LM HO UE=43 rnti=131 1->6 type=NTN servingRsrp=-90.9484 targetRsrp=-86.0067 targetLoadReal=3/15 targetLoadEff=3/15
UE 44 TTT_WAIT target=5 elapsed=0s need=2s
UE 46 TTT_WAIT target=7 elapsed=0s need=2s
UE 48 TTT_WAIT target=5 elapsed=0s need=2s
LM HO UE=50 rnti=127 1->2 type=TN servingRsrp=-73.5888 targetRsrp=-66.2178 targetLoadReal=17/20 targetLoadEff=18/20
UE 52 TTT_WAIT target=2 elapsed=0s need=2s
LM HO UE=53 rnti=172 4->7 type=NTN servingRsrp=-98.3582 targetRsrp=-89.0116 targetLoadReal=12/15 targetLoadEff=12/15
UE 55 TTT_WAIT target=5 elapsed=0s need=2s
UE 58 TTT_WAIT target=2 elapsed=0s need=2s
UE 60 TTT_WAIT target=6 elapsed=0s need=2s
UE 61 TTT_WAIT target=6 elapsed=0s need=2s
LM HO UE=62 rnti=114 1->2 type=TN servingRsrp=-93.3719 targetRsrp=-86.5483 targetLoadReal=17/20 targetLoadEff=19/20
UE 64 TTT_WAIT target=7 elapsed=0s need=2s
LM HO_FAIL_LOW_RSRP UE=68 currCell=5 candCell=6 candRsrp=-117.834 < min=-110
LM HO_FAIL_LOW_RSRP UE=69 currCell=1 candCell=7 candRsrp=-117.09 < min=-110
LM HO_FAIL_LOW_RSRP UE=70 currCell=3 candCell=5 candRsrp=-110.984 < min=-110
LM HO_FAIL_LOW_RSRP UE=71 currCell=4 candCell=7 candRsrp=-116.019 < min=-110
LM HO_FAIL_LOW_RSRP UE=73 currCell=7 candCell=5 candRsrp=-113.984 < min=-110
LM HO_FAIL_LOW_RSRP UE=75 currCell=2 candCell=7 candRsrp=-114.265 < min=-110
UE 76 TTT_WAIT target=6 elapsed=0s need=2s
LM HO_FAIL_LOW_RSRP UE=77 currCell=3 candCell=6 candRsrp=-118.667 < min=-110
LM HO_FAIL_LOW_RSRP UE=78 currCell=4 candCell=6 candRsrp=-117.211 < min=-110
LM HO_FAIL_LOW_RSRP UE=82 currCell=2 candCell=5 candRsrp=-116.567 < min=-110
LM HO_FAIL_LOW_RSRP UE=83 currCell=3 candCell=6 candRsrp=-118.83 < min=-110
UE 84 TTT_WAIT target=5 elapsed=0s need=2s
LM HO_FAIL_LOW_RSRP UE=85 currCell=5 candCell=7 candRsrp=-113.728 < min=-110
LM HO_FAIL_LOW_RSRP UE=86 currCell=7 candCell=6 candRsrp=-118.309 < min=-110
LM HO_FAIL_LOW_RSRP UE=88 currCell=3 candCell=5 candRsrp=-114.565 < min=-110
LM HO_FAIL_LOW_RSRP UE=89 currCell=7 candCell=5 candRsrp=-118.746 < min=-110
UE 91 TTT_WAIT target=7 elapsed=0s need=2s
LM HO_FAIL_LOW_RSRP UE=92 currCell=7 candCell=6 candRsrp=-122.016 < min=-110
UE 93 TTT_WAIT target=6 elapsed=0s need=2s
UE 94 TTT_WAIT target=5 elapsed=0s need=2s
LM HO_FAIL_LOW_RSRP UE=98 currCell=7 candCell=6 candRsrp=-115.489 < min=-110
UE 99 TTT_WAIT target=7 elapsed=0s need=2s
LM HO_FAIL_LOW_RSRP UE=101 currCell=3 candCell=7 candRsrp=-118.6 < min=-110
UE 102 TTT_WAIT target=5 elapsed=0s need=2s
LM HO_FAIL_LOW_RSRP UE=103 currCell=3 candCell=7 candRsrp=-112.764 < min=-110
LM HO_FAIL_LOW_RSRP UE=105 currCell=4 candCell=6 candRsrp=-117.881 < min=-110
LM HO_FAIL_LOW_RSRP UE=106 currCell=3 candCell=5 candRsrp=-112.379 < min=-110
UE 107 TTT_WAIT target=6 elapsed=0s need=2s
TRACE HO_SUCCESS Time=38.6151 IMSI=38 TargetCell=2 Type=TN TargetRSRP=-76.0925 ServingRSRP=-104.432 BackhaulDlSnr=-999 BackhaulUlSnr=-999
TRACE HO_SUCCESS Time=38.6151 IMSI=61 TargetCell=2 Type=TN TargetRSRP=-77.2015 ServingRSRP=-68.2974 BackhaulDlSnr=-999 BackhaulUlSnr=-999
TRACE HO_SUCCESS Time=38.6151 IMSI=49 TargetCell=2 Type=TN TargetRSRP=-89.8132 ServingRSRP=-69.4241 BackhaulDlSnr=-999 BackhaulUlSnr=-999
TRACE HO_SUCCESS Time=38.6151 IMSI=18 TargetCell=3 Type=TN TargetRSRP=-72.0214 ServingRSRP=-84.9399 BackhaulDlSnr=-999 BackhaulUlSnr=-999
TRACE HO_SUCCESS Time=38.6151 IMSI=7 TargetCell=3 Type=TN TargetRSRP=-107.807 ServingRSRP=-85.3591 BackhaulDlSnr=-999 BackhaulUlSnr=-999
TRACE HO_SUCCESS Time=38.6151 IMSI=32 TargetCell=3 Type=TN TargetRSRP=-99.6423 ServingRSRP=-103.531 BackhaulDlSnr=-999 BackhaulUlSnr=-999
TRACE HO_SUCCESS Time=38.6151 IMSI=42 TargetCell=6 Type=NTN TargetRSRP=-105.326 ServingRSRP=-77.6796 BackhaulDlSnr=-999 BackhaulUlSnr=-999
TRACE HO_SUCCESS Time=38.6151 IMSI=52 TargetCell=7 Type=NTN TargetRSRP=-88.6395 ServingRSRP=-70.3392 BackhaulDlSnr=-999 BackhaulUlSnr=-999
UAV_AUTONOMY_XAPP Time=40.5 DeploymentMode=tn-uav UavIndex=0 UavCellId=5 BestDonorCellId=1 BestDonorDistanceM=143.511 XhaulConnected=1 XhaulChannelVariationDb=0 RawXhaulState=HEALTHY RawXhaulStateAgeSec=36 XhaulState=HEALTHY DonorUnavailableActive=0 SatBackhaulHealthy=0 UavSwitchingXappAvailable=0 UavSwitchingXappState=DISABLED AiPredictedBackhaulMode=RULE_BASED BackhaulMode=TN_DIRECT RicControlState=TN_E2 ActiveUavRic=LOCAL_UAV_AUTONOMY NormalUeHandoverAllowed=1 UavMode=TN_CONTROLLED_COVERAGE_EXTENSION
UAV_AUTONOMY_XAPP Time=40.5 DeploymentMode=tn-uav UavIndex=1 UavCellId=6 BestDonorCellId=1 BestDonorDistanceM=110.88 XhaulConnected=1 XhaulChannelVariationDb=0 RawXhaulState=HEALTHY RawXhaulStateAgeSec=36 XhaulState=HEALTHY DonorUnavailableActive=0 SatBackhaulHealthy=0 UavSwitchingXappAvailable=0 UavSwitchingXappState=DISABLED AiPredictedBackhaulMode=RULE_BASED BackhaulMode=TN_DIRECT RicControlState=TN_E2 ActiveUavRic=LOCAL_UAV_AUTONOMY NormalUeHandoverAllowed=1 UavMode=TN_CONTROLLED_COVERAGE_EXTENSION
UAV_AUTONOMY_XAPP Time=40.5 DeploymentMode=tn-uav UavIndex=2 UavCellId=7 BestDonorCellId=1 BestDonorDistanceM=133.08 XhaulConnected=1 XhaulChannelVariationDb=0 RawXhaulState=HEALTHY RawXhaulStateAgeSec=36 XhaulState=HEALTHY DonorUnavailableActive=0 SatBackhaulHealthy=0 UavSwitchingXappAvailable=0 UavSwitchingXappState=DISABLED AiPredictedBackhaulMode=RULE_BASED BackhaulMode=TN_DIRECT RicControlState=TN_E2 ActiveUavRic=LOCAL_UAV_AUTONOMY NormalUeHandoverAllowed=1 UavMode=TN_CONTROLLED_COVERAGE_EXTENSION
---- LOAD at t=40.5 ----
  cell 1 (TN) load=16/20
  cell 2 (TN) load=20/20
  cell 3 (TN) load=20/20
  cell 4 (TN) load=17/20
  cell 5 (NTN) load=10/15
  cell 6 (NTN) load=4/15
  cell 7 (NTN) load=13/15
UE 8 TTT_WAIT target=1 elapsed=0s need=2s
UE 11 TTT_WAIT target=7 elapsed=0s need=2s
UE 14 TTT_WAIT target=1 elapsed=0s need=2s
UE 16 TTT_WAIT target=6 elapsed=0s need=2s
UE 18 TTT_WAIT target=6 elapsed=0s need=2s
UE 19 TTT_WAIT target=1 elapsed=0s need=2s
UE 20 TTT_WAIT target=1 elapsed=0s need=2s
UE 21 TTT_WAIT target=6 elapsed=0s need=2s
UE 24 TTT_WAIT target=6 elapsed=0s need=2s
UE 29 TTT_WAIT target=1 elapsed=0s need=2s
UE 30 TTT_WAIT target=7 elapsed=0s need=2s
UE 31 TTT_WAIT target=1 elapsed=0s need=2s
UE 32 TTT_WAIT target=4 elapsed=0s need=2s
UE 33 TTT_WAIT target=4 elapsed=0s need=2s
UE 40 TTT_WAIT target=1 elapsed=0s need=2s
UE 42 TTT_WAIT target=1 elapsed=0s need=2s
UE 43 TTT_WAIT target=1 elapsed=0s need=2s
UE 46 TTT_WAIT target=4 elapsed=0s need=2s
UE 47 TTT_WAIT target=4 elapsed=0s need=2s
UE 49 TTT_WAIT target=7 elapsed=0s need=2s
UE 50 TTT_WAIT target=1 elapsed=0s need=2s
UE 53 TTT_WAIT target=6 elapsed=0s need=2s
UE 55 TTT_WAIT target=4 elapsed=0s need=2s
UE 56 TTT_WAIT target=4 elapsed=0s need=2s
UE 57 TTT_WAIT target=7 elapsed=0s need=2s
UE 58 TTT_WAIT target=7 elapsed=0s need=2s
LM HO UE=60 rnti=184 4->6 type=NTN servingRsrp=-96.1479 targetRsrp=-90.0572 targetLoadReal=4/15 targetLoadEff=4/15
UE 62 TTT_WAIT target=4 elapsed=0s need=2s
UE 66 TTT_WAIT target=6 elapsed=0s need=2s
UE 68 TTT_WAIT target=4 elapsed=0s need=2s
LM HO_FAIL_LOW_RSRP UE=69 currCell=1 candCell=6 candRsrp=-115.762 < min=-110
LM HO_FAIL_LOW_RSRP UE=70 currCell=3 candCell=4 candRsrp=-115.066 < min=-110
UE 73 TTT_WAIT target=5 elapsed=0s need=2s
UE 74 TTT_WAIT target=6 elapsed=0s need=2s
LM HO_FAIL_LOW_RSRP UE=75 currCell=2 candCell=5 candRsrp=-119.681 < min=-110
LM HO_FAIL_LOW_RSRP UE=76 currCell=1 candCell=5 candRsrp=-118.249 < min=-110
LM HO_FAIL_LOW_RSRP UE=77 currCell=3 candCell=6 candRsrp=-119.904 < min=-110
UE 78 TTT_WAIT target=1 elapsed=0s need=2s
UE 79 TTT_WAIT target=1 elapsed=0s need=2s
LM HO_FAIL_LOW_RSRP UE=81 currCell=2 candCell=6 candRsrp=-112.724 < min=-110
LM HO_FAIL_LOW_RSRP UE=82 currCell=2 candCell=7 candRsrp=-116.456 < min=-110
UE 83 TTT_WAIT target=1 elapsed=0s need=2s
LM HO_FAIL_LOW_RSRP UE=84 currCell=7 candCell=6 candRsrp=-112.48 < min=-110
UE 87 TTT_WAIT target=4 elapsed=0s need=2s
UE 88 TTT_WAIT target=1 elapsed=0s need=2s
LM HO_FAIL_LOW_RSRP UE=90 currCell=3 candCell=1 candRsrp=-111.537 < min=-110
UE 93 TTT_WAIT target=1 elapsed=0s need=2s
UE 94 TTT_WAIT target=1 elapsed=0s need=2s
LM HO_FAIL_LOW_RSRP UE=95 currCell=3 candCell=6 candRsrp=-118.16 < min=-110
LM HO_FAIL_LOW_RSRP UE=96 currCell=5 candCell=7 candRsrp=-115.649 < min=-110
LM HO_FAIL_LOW_RSRP UE=97 currCell=5 candCell=7 candRsrp=-113.421 < min=-110
UE 98 TTT_WAIT target=5 elapsed=0s need=2s
LM HO_FAIL_LOW_RSRP UE=101 currCell=3 candCell=4 candRsrp=-111.725 < min=-110
LM HO_FAIL_LOW_RSRP UE=102 currCell=4 candCell=5 candRsrp=-119.525 < min=-110
LM HO_FAIL_LOW_RSRP UE=103 currCell=3 candCell=1 candRsrp=-114.377 < min=-110
UE 104 TTT_WAIT target=7 elapsed=0s need=2s
LM HO_FAIL_LOW_RSRP UE=105 currCell=4 candCell=1 candRsrp=-118.193 < min=-110
LM HO_FAIL_LOW_RSRP UE=106 currCell=3 candCell=5 candRsrp=-112.897 < min=-110
TRACE HO_SUCCESS Time=40.6151 IMSI=59 TargetCell=6 Type=NTN TargetRSRP=-107.116 ServingRSRP=-82.8608 BackhaulDlSnr=-999 BackhaulUlSnr=-999
UAV_AUTONOMY_XAPP Time=42.5 DeploymentMode=tn-uav UavIndex=0 UavCellId=5 BestDonorCellId=1 BestDonorDistanceM=143.511 XhaulConnected=1 XhaulChannelVariationDb=0 RawXhaulState=HEALTHY RawXhaulStateAgeSec=38 XhaulState=HEALTHY DonorUnavailableActive=0 SatBackhaulHealthy=0 UavSwitchingXappAvailable=0 UavSwitchingXappState=DISABLED AiPredictedBackhaulMode=RULE_BASED BackhaulMode=TN_DIRECT RicControlState=TN_E2 ActiveUavRic=LOCAL_UAV_AUTONOMY NormalUeHandoverAllowed=1 UavMode=TN_CONTROLLED_COVERAGE_EXTENSION
UAV_AUTONOMY_XAPP Time=42.5 DeploymentMode=tn-uav UavIndex=1 UavCellId=6 BestDonorCellId=1 BestDonorDistanceM=110.88 XhaulConnected=1 XhaulChannelVariationDb=0 RawXhaulState=HEALTHY RawXhaulStateAgeSec=38 XhaulState=HEALTHY DonorUnavailableActive=0 SatBackhaulHealthy=0 UavSwitchingXappAvailable=0 UavSwitchingXappState=DISABLED AiPredictedBackhaulMode=RULE_BASED BackhaulMode=TN_DIRECT RicControlState=TN_E2 ActiveUavRic=LOCAL_UAV_AUTONOMY NormalUeHandoverAllowed=1 UavMode=TN_CONTROLLED_COVERAGE_EXTENSION
UAV_AUTONOMY_XAPP Time=42.5 DeploymentMode=tn-uav UavIndex=2 UavCellId=7 BestDonorCellId=1 BestDonorDistanceM=133.08 XhaulConnected=1 XhaulChannelVariationDb=0 RawXhaulState=HEALTHY RawXhaulStateAgeSec=38 XhaulState=HEALTHY DonorUnavailableActive=0 SatBackhaulHealthy=0 UavSwitchingXappAvailable=0 UavSwitchingXappState=DISABLED AiPredictedBackhaulMode=RULE_BASED BackhaulMode=TN_DIRECT RicControlState=TN_E2 ActiveUavRic=LOCAL_UAV_AUTONOMY NormalUeHandoverAllowed=1 UavMode=TN_CONTROLLED_COVERAGE_EXTENSION
---- LOAD at t=42.5 ----
  cell 1 (TN) load=16/20
  cell 2 (TN) load=20/20
  cell 3 (TN) load=20/20
  cell 4 (TN) load=16/20
  cell 5 (NTN) load=10/15
  cell 6 (NTN) load=5/15
  cell 7 (NTN) load=13/15
LM HO UE=11 rnti=101 1->7 type=NTN servingRsrp=-98.7816 targetRsrp=-95.7481 targetLoadReal=13/15 targetLoadEff=13/15
UE 16 TTT_WAIT target=5 elapsed=0s need=2s
UE 18 TTT_WAIT target=5 elapsed=0s need=2s
UE 20 TTT_WAIT target=6 elapsed=0s need=2s
UE 21 TTT_WAIT target=1 elapsed=0s need=2s
UE 22 TTT_WAIT target=4 elapsed=0s need=2s
UE 26 TTT_WAIT target=4 elapsed=0s need=2s
UE 27 TTT_WAIT target=6 elapsed=0s need=2s
UE 29 TTT_WAIT target=6 elapsed=0s need=2s
UE 30 TTT_WAIT target=1 elapsed=0s need=2s
LM HO UE=31 rnti=67 6->1 type=TN servingRsrp=-105.87 targetRsrp=-96.3645 targetLoadReal=16/20 targetLoadEff=16/20
UE 32 TTT_WAIT target=1 elapsed=0s need=2s
UE 34 TTT_WAIT target=7 elapsed=0s need=2s
UE 36 TTT_WAIT target=6 elapsed=0s need=2s
UE 39 TTT_WAIT target=4 elapsed=0s need=2s
LM HO UE=40 rnti=73 6->1 type=TN servingRsrp=-99.0875 targetRsrp=-87.5396 targetLoadReal=16/20 targetLoadEff=17/20
UE 41 TTT_WAIT target=5 elapsed=0s need=2s
UE 42 TTT_WAIT target=4 elapsed=0s need=2s
UE 43 TTT_WAIT target=7 elapsed=0s need=2s
UE 45 TTT_WAIT target=6 elapsed=0s need=2s
LM HO UE=46 rnti=132 1->4 type=TN servingRsrp=-101.595 targetRsrp=-81.2151 targetLoadReal=16/20 targetLoadEff=16/20
LM HO UE=47 rnti=66 5->4 type=TN servingRsrp=-97.2037 targetRsrp=-72.4728 targetLoadReal=16/20 targetLoadEff=17/20
UE 51 TTT_WAIT target=7 elapsed=0s need=2s
UE 52 TTT_WAIT target=1 elapsed=0s need=2s
UE 53 TTT_WAIT target=5 elapsed=0s need=2s
UE 54 TTT_WAIT target=7 elapsed=0s need=2s
LM HO UE=55 rnti=94 3->4 type=TN servingRsrp=-69.1839 targetRsrp=-65.0285 targetLoadReal=16/20 targetLoadEff=18/20
UE 59 TTT_WAIT target=6 elapsed=0s need=2s
UE 60 TTT_WAIT target=4 elapsed=0s need=2s
UE 61 TTT_WAIT target=6 elapsed=0s need=2s
UE 62 TTT_WAIT target=1 elapsed=0s need=2s
UE 68 TTT_WAIT target=1 elapsed=0s need=2s
UE 69 TTT_WAIT target=6 elapsed=0s need=2s
UE 70 TTT_WAIT target=4 elapsed=0s need=2s
UE 71 TTT_WAIT target=5 elapsed=0s need=2s
UE 72 TTT_WAIT target=7 elapsed=0s need=2s
UE 74 TTT_WAIT target=4 elapsed=0s need=2s
LM HO_FAIL_LOW_RSRP UE=75 currCell=2 candCell=5 candRsrp=-117.978 < min=-110
UE 76 TTT_WAIT target=6 elapsed=0s need=2s
UE 77 TTT_WAIT target=1 elapsed=0s need=2s
LM HO_FAIL_LOW_RSRP UE=78 currCell=4 candCell=1 candRsrp=-118.863 < min=-110
LM HO_FAIL_LOW_RSRP UE=80 currCell=3 candCell=7 candRsrp=-121.029 < min=-110
UE 82 TTT_WAIT target=6 elapsed=0s need=2s
LM HO_FAIL_LOW_RSRP UE=84 currCell=7 candCell=5 candRsrp=-116.013 < min=-110
UE 85 TTT_WAIT target=7 elapsed=0s need=2s
LM HO UE=88 rnti=155 3->1 type=TN servingRsrp=-117.787 targetRsrp=-99.4213 targetLoadReal=16/20 targetLoadEff=18/20
LM HO_FAIL_LOW_RSRP UE=89 currCell=7 candCell=6 candRsrp=-110.658 < min=-110
LM HO_FAIL_LOW_RSRP UE=90 currCell=3 candCell=1 candRsrp=-110.868 < min=-110
UE 91 TTT_WAIT target=1 elapsed=0s need=2s
UE 92 TTT_WAIT target=1 elapsed=0s need=2s
LM HO_FAIL_LOW_RSRP UE=93 currCell=2 candCell=6 candRsrp=-111.896 < min=-110
UE 95 TTT_WAIT target=7 elapsed=0s need=2s
LM HO_FAIL_LOW_RSRP UE=96 currCell=5 candCell=6 candRsrp=-117.961 < min=-110
UE 97 TTT_WAIT target=4 elapsed=0s need=2s
LM HO_FAIL_LOW_RSRP UE=99 currCell=2 candCell=6 candRsrp=-117.939 < min=-110
UE 100 TTT_WAIT target=4 elapsed=0s need=2s
LM HO_FAIL_LOW_RSRP UE=101 currCell=3 candCell=7 candRsrp=-122.242 < min=-110
LM HO_FAIL_LOW_RSRP UE=102 currCell=4 candCell=1 candRsrp=-114.879 < min=-110
UE 104 TTT_WAIT target=1 elapsed=0s need=2s
LM HO_FAIL_LOW_RSRP UE=105 currCell=4 candCell=1 candRsrp=-118.478 < min=-110
LM HO_FAIL_LOW_RSRP UE=106 currCell=3 candCell=1 candRsrp=-110.643 < min=-110
LM HO_FAIL_LOW_RSRP UE=107 currCell=4 candCell=6 candRsrp=-119.631 < min=-110
TRACE HO_SUCCESS Time=42.6151 IMSI=87 TargetCell=1 Type=TN TargetRSRP=-114.756 ServingRSRP=-113.214 BackhaulDlSnr=-999 BackhaulUlSnr=-999
TRACE HO_SUCCESS Time=42.6151 IMSI=30 TargetCell=1 Type=TN TargetRSRP=-103.467 ServingRSRP=-95.5033 BackhaulDlSnr=-999 BackhaulUlSnr=-999
TRACE HO_SUCCESS Time=42.6151 IMSI=39 TargetCell=1 Type=TN TargetRSRP=-99.5029 ServingRSRP=-79.4779 BackhaulDlSnr=-999 BackhaulUlSnr=-999
TRACE HO_SUCCESS Time=42.6151 IMSI=45 TargetCell=4 Type=TN TargetRSRP=-102.356 ServingRSRP=-97.0663 BackhaulDlSnr=-999 BackhaulUlSnr=-999
TRACE HO_SUCCESS Time=42.6151 IMSI=54 TargetCell=4 Type=TN TargetRSRP=-91.3879 ServingRSRP=-99.1457 BackhaulDlSnr=-999 BackhaulUlSnr=-999
TRACE HO_SUCCESS Time=42.6151 IMSI=46 TargetCell=4 Type=TN TargetRSRP=-72.4371 ServingRSRP=-82.8072 BackhaulDlSnr=-999 BackhaulUlSnr=-999
TRACE HO_SUCCESS Time=42.6151 IMSI=10 TargetCell=7 Type=NTN TargetRSRP=-110.277 ServingRSRP=-95.5671 BackhaulDlSnr=-999 BackhaulUlSnr=-999
UAV_AUTONOMY_XAPP Time=44.5 DeploymentMode=tn-uav UavIndex=0 UavCellId=5 BestDonorCellId=1 BestDonorDistanceM=143.511 XhaulConnected=1 XhaulChannelVariationDb=0 RawXhaulState=HEALTHY RawXhaulStateAgeSec=40 XhaulState=HEALTHY DonorUnavailableActive=0 SatBackhaulHealthy=0 UavSwitchingXappAvailable=0 UavSwitchingXappState=DISABLED AiPredictedBackhaulMode=RULE_BASED BackhaulMode=TN_DIRECT RicControlState=TN_E2 ActiveUavRic=LOCAL_UAV_AUTONOMY NormalUeHandoverAllowed=1 UavMode=TN_CONTROLLED_COVERAGE_EXTENSION
UAV_AUTONOMY_XAPP Time=44.5 DeploymentMode=tn-uav UavIndex=1 UavCellId=6 BestDonorCellId=1 BestDonorDistanceM=110.88 XhaulConnected=1 XhaulChannelVariationDb=0 RawXhaulState=HEALTHY RawXhaulStateAgeSec=40 XhaulState=HEALTHY DonorUnavailableActive=0 SatBackhaulHealthy=0 UavSwitchingXappAvailable=0 UavSwitchingXappState=DISABLED AiPredictedBackhaulMode=RULE_BASED BackhaulMode=TN_DIRECT RicControlState=TN_E2 ActiveUavRic=LOCAL_UAV_AUTONOMY NormalUeHandoverAllowed=1 UavMode=TN_CONTROLLED_COVERAGE_EXTENSION
UAV_AUTONOMY_XAPP Time=44.5 DeploymentMode=tn-uav UavIndex=2 UavCellId=7 BestDonorCellId=1 BestDonorDistanceM=133.08 XhaulConnected=1 XhaulChannelVariationDb=0 RawXhaulState=HEALTHY RawXhaulStateAgeSec=40 XhaulState=HEALTHY DonorUnavailableActive=0 SatBackhaulHealthy=0 UavSwitchingXappAvailable=0 UavSwitchingXappState=DISABLED AiPredictedBackhaulMode=RULE_BASED BackhaulMode=TN_DIRECT RicControlState=TN_E2 ActiveUavRic=LOCAL_UAV_AUTONOMY NormalUeHandoverAllowed=1 UavMode=TN_CONTROLLED_COVERAGE_EXTENSION
---- LOAD at t=44.5 ----
  cell 1 (TN) load=17/20
  cell 2 (TN) load=20/20
  cell 3 (TN) load=18/20
  cell 4 (TN) load=19/20
  cell 5 (NTN) load=9/15
  cell 6 (NTN) load=3/15
  cell 7 (NTN) load=14/15
UE 8 TTT_WAIT target=1 elapsed=0s need=2s
UE 9 TTT_WAIT target=6 elapsed=0s need=2s
UE 10 TTT_WAIT target=1 elapsed=0s need=2s
UE 11 TTT_WAIT target=1 elapsed=0s need=2s
UE 12 TTT_WAIT target=4 elapsed=0s need=2s
UE 16 TTT_WAIT target=6 elapsed=0s need=2s
UE 23 TTT_WAIT target=5 elapsed=0s need=2s
LM HO UE=30 rnti=45 2->1 type=TN servingRsrp=-98.8558 targetRsrp=-75.3866 targetLoadReal=17/20 targetLoadEff=17/20
UE 31 TTT_WAIT target=5 elapsed=0s need=2s
UE 32 TTT_WAIT target=3 elapsed=0s need=2s
LM HO UE=34 rnti=70 2->7 type=NTN servingRsrp=-108.934 targetRsrp=-78.5668 targetLoadReal=14/15 targetLoadEff=14/15
UE 35 TTT_WAIT target=6 elapsed=0s need=2s
UE 41 TTT_WAIT target=3 elapsed=0s need=2s
UE 42 TTT_WAIT target=1 elapsed=0s need=2s
UE 43 TTT_WAIT target=1 elapsed=0s need=2s
UE 44 TTT_WAIT target=1 elapsed=0s need=2s
UE 45 TTT_WAIT target=3 elapsed=0s need=2s
UE 46 TTT_WAIT target=1 elapsed=0s need=2s
UE 48 TTT_WAIT target=3 elapsed=0s need=2s
UE 49 TTT_WAIT target=3 elapsed=0s need=2s
UE 51 TTT_WAIT target=3 elapsed=0s need=2s
UE 52 TTT_WAIT target=4 elapsed=0s need=2s
UE 53 TTT_WAIT target=1 elapsed=0s need=2s
UE 55 TTT_WAIT target=3 elapsed=0s need=2s
UE 56 TTT_WAIT target=4 elapsed=0s need=2s
UE 57 TTT_WAIT target=5 elapsed=0s need=2s
UE 58 TTT_WAIT target=3 elapsed=0s need=2s
UE 60 TTT_WAIT target=1 elapsed=0s need=2s
UE 64 TTT_WAIT target=4 elapsed=0s need=2s
UE 66 TTT_WAIT target=3 elapsed=0s need=2s
UE 68 TTT_WAIT target=3 elapsed=0s need=2s
LM HO_FAIL_LOW_RSRP UE=70 currCell=3 candCell=4 candRsrp=-116.852 < min=-110
LM HO_FAIL_LOW_RSRP UE=71 currCell=4 candCell=3 candRsrp=-112.124 < min=-110
LM HO_FAIL_LOW_RSRP UE=72 currCell=2 candCell=6 candRsrp=-119.277 < min=-110
LM HO UE=74 rnti=137 3->4 type=TN servingRsrp=-112.083 targetRsrp=-109.756 targetLoadReal=19/20 targetLoadEff=19/20
LM HO_FAIL_LOW_RSRP UE=75 currCell=2 candCell=6 candRsrp=-118.004 < min=-110
LM HO_FAIL_LOW_RSRP UE=76 currCell=1 candCell=5 candRsrp=-116.012 < min=-110
LM HO_FAIL_LOW_RSRP UE=77 currCell=3 candCell=6 candRsrp=-121.335 < min=-110
LM HO_FAIL_LOW_RSRP UE=78 currCell=4 candCell=1 candRsrp=-117.779 < min=-110
UE 79 TTT_WAIT target=3 elapsed=0s need=2s
LM HO_FAIL_LOW_RSRP UE=80 currCell=3 candCell=5 candRsrp=-121.863 < min=-110
UE 82 TTT_WAIT target=1 elapsed=0s need=2s
LM HO_FAIL_LOW_RSRP UE=84 currCell=7 candCell=6 candRsrp=-116.125 < min=-110
UE 86 TTT_WAIT target=3 elapsed=0s need=2s
UE 88 TTT_WAIT target=6 elapsed=0s need=2s
LM HO_FAIL_LOW_RSRP UE=89 currCell=7 candCell=6 candRsrp=-114.841 < min=-110
UE 90 TTT_WAIT target=1 elapsed=0s need=2s
UE 92 TTT_WAIT target=3 elapsed=0s need=2s
UE 93 TTT_WAIT target=3 elapsed=0s need=2s
LM HO_FAIL_LOW_RSRP UE=94 currCell=7 candCell=5 candRsrp=-112.855 < min=-110
UE 95 TTT_WAIT target=6 elapsed=0s need=2s
LM HO_FAIL_LOW_RSRP UE=98 currCell=7 candCell=6 candRsrp=-119.24 < min=-110
LM HO_FAIL_LOW_RSRP UE=99 currCell=2 candCell=6 candRsrp=-120.957 < min=-110
LM HO_FAIL_LOW_RSRP UE=101 currCell=3 candCell=6 candRsrp=-121.339 < min=-110
LM HO_FAIL_LOW_RSRP UE=102 currCell=4 candCell=1 candRsrp=-117.711 < min=-110
LM HO_FAIL_LOW_RSRP UE=103 currCell=3 candCell=1 candRsrp=-114.731 < min=-110
LM HO_FAIL_LOW_RSRP UE=104 currCell=4 candCell=3 candRsrp=-111.515 < min=-110
LM HO_FAIL_LOW_RSRP UE=105 currCell=4 candCell=1 candRsrp=-119.432 < min=-110
LM HO_FAIL_LOW_RSRP UE=106 currCell=3 candCell=1 candRsrp=-110.441 < min=-110
LM HO_FAIL_LOW_RSRP UE=107 currCell=4 candCell=6 candRsrp=-119.713 < min=-110
TRACE HO_SUCCESS Time=44.6151 IMSI=29 TargetCell=1 Type=TN TargetRSRP=-107.903 ServingRSRP=-102.261 BackhaulDlSnr=-999 BackhaulUlSnr=-999
TRACE HO_SUCCESS Time=44.6151 IMSI=73 TargetCell=4 Type=TN TargetRSRP=-100.363 ServingRSRP=-80.0864 BackhaulDlSnr=-999 BackhaulUlSnr=-999
TRACE HO_SUCCESS Time=44.6151 IMSI=33 TargetCell=7 Type=NTN TargetRSRP=-110.09 ServingRSRP=-108.749 BackhaulDlSnr=-999 BackhaulUlSnr=-999
UAV_AUTONOMY_XAPP Time=46.5 DeploymentMode=tn-uav UavIndex=0 UavCellId=5 BestDonorCellId=1 BestDonorDistanceM=143.511 XhaulConnected=1 XhaulChannelVariationDb=0 RawXhaulState=HEALTHY RawXhaulStateAgeSec=42 XhaulState=HEALTHY DonorUnavailableActive=0 SatBackhaulHealthy=0 UavSwitchingXappAvailable=0 UavSwitchingXappState=DISABLED AiPredictedBackhaulMode=RULE_BASED BackhaulMode=TN_DIRECT RicControlState=TN_E2 ActiveUavRic=LOCAL_UAV_AUTONOMY NormalUeHandoverAllowed=1 UavMode=TN_CONTROLLED_COVERAGE_EXTENSION
UAV_AUTONOMY_XAPP Time=46.5 DeploymentMode=tn-uav UavIndex=1 UavCellId=6 BestDonorCellId=1 BestDonorDistanceM=110.88 XhaulConnected=1 XhaulChannelVariationDb=0 RawXhaulState=HEALTHY RawXhaulStateAgeSec=42 XhaulState=HEALTHY DonorUnavailableActive=0 SatBackhaulHealthy=0 UavSwitchingXappAvailable=0 UavSwitchingXappState=DISABLED AiPredictedBackhaulMode=RULE_BASED BackhaulMode=TN_DIRECT RicControlState=TN_E2 ActiveUavRic=LOCAL_UAV_AUTONOMY NormalUeHandoverAllowed=1 UavMode=TN_CONTROLLED_COVERAGE_EXTENSION
UAV_AUTONOMY_XAPP Time=46.5 DeploymentMode=tn-uav UavIndex=2 UavCellId=7 BestDonorCellId=1 BestDonorDistanceM=133.08 XhaulConnected=1 XhaulChannelVariationDb=0 RawXhaulState=HEALTHY RawXhaulStateAgeSec=42 XhaulState=HEALTHY DonorUnavailableActive=0 SatBackhaulHealthy=0 UavSwitchingXappAvailable=0 UavSwitchingXappState=DISABLED AiPredictedBackhaulMode=RULE_BASED BackhaulMode=TN_DIRECT RicControlState=TN_E2 ActiveUavRic=LOCAL_UAV_AUTONOMY NormalUeHandoverAllowed=1 UavMode=TN_CONTROLLED_COVERAGE_EXTENSION
---- LOAD at t=46.5 ----
  cell 1 (TN) load=18/20
  cell 2 (TN) load=18/20
  cell 3 (TN) load=17/20
  cell 4 (TN) load=20/20
  cell 5 (NTN) load=9/15
  cell 6 (NTN) load=3/15
  cell 7 (NTN) load=15/15
UE 9 TTT_WAIT target=3 elapsed=0s need=2s
UE 10 TTT_WAIT target=3 elapsed=0s need=2s
UE 11 TTT_WAIT target=3 elapsed=0s need=2s
UE 12 TTT_WAIT target=1 elapsed=0s need=2s
UE 14 TTT_WAIT target=1 elapsed=0s need=2s
UE 17 TTT_WAIT target=2 elapsed=0s need=2s
UE 18 TTT_WAIT target=5 elapsed=0s need=2s
UE 20 TTT_WAIT target=3 elapsed=0s need=2s
UE 23 TTT_WAIT target=2 elapsed=0s need=2s
UE 27 TTT_WAIT target=5 elapsed=0s need=2s
UE 29 TTT_WAIT target=6 elapsed=0s need=2s
UE 30 TTT_WAIT target=2 elapsed=0s need=2s
LM HO UE=32 rnti=46 2->3 type=TN servingRsrp=-107.606 targetRsrp=-88.4201 targetLoadReal=17/20 targetLoadEff=17/20
LM HO UE=35 rnti=107 2->6 type=NTN servingRsrp=-75.4846 targetRsrp=-72.3713 targetLoadReal=3/15 targetLoadEff=3/15
UE 36 TTT_WAIT target=1 elapsed=0s need=2s
UE 40 TTT_WAIT target=5 elapsed=0s need=2s
LM HO UE=41 rnti=170 4->3 type=TN servingRsrp=-95.4527 targetRsrp=-89.4458 targetLoadReal=17/20 targetLoadEff=18/20
UE 44 TTT_WAIT target=6 elapsed=0s need=2s
UE 45 TTT_WAIT target=5 elapsed=0s need=2s
LM HO UE=48 rnti=113 4->3 type=TN servingRsrp=-87.3042 targetRsrp=-79.7765 targetLoadReal=17/20 targetLoadEff=19/20
UE 51 TTT_WAIT target=5 elapsed=0s need=2s
UE 52 TTT_WAIT target=2 elapsed=0s need=2s
UE 53 TTT_WAIT target=6 elapsed=0s need=2s
UE 54 TTT_WAIT target=1 elapsed=0s need=2s
UE 56 TTT_WAIT target=1 elapsed=0s need=2s
UE 62 TTT_WAIT target=1 elapsed=0s need=2s
UE 63 TTT_WAIT target=2 elapsed=0s need=2s
UE 64 TTT_WAIT target=2 elapsed=0s need=2s
UE 65 TTT_WAIT target=6 elapsed=0s need=2s
UE 67 TTT_WAIT target=6 elapsed=0s need=2s
LM HO_FAIL_LOW_RSRP UE=69 currCell=1 candCell=6 candRsrp=-120.544 < min=-110
LM HO_FAIL_LOW_RSRP UE=70 currCell=3 candCell=2 candRsrp=-113.55 < min=-110
LM HO_FAIL_LOW_RSRP UE=71 currCell=4 candCell=2 candRsrp=-114.55 < min=-110
LM HO_FAIL_LOW_RSRP UE=72 currCell=2 candCell=6 candRsrp=-110.245 < min=-110
LM HO_FAIL_LOW_RSRP UE=73 currCell=7 candCell=5 candRsrp=-113.496 < min=-110
LM HO_FAIL_LOW_RSRP UE=74 currCell=4 candCell=6 candRsrp=-111.736 < min=-110
LM HO_FAIL_LOW_RSRP UE=75 currCell=2 candCell=5 candRsrp=-116.199 < min=-110
LM HO_FAIL_LOW_RSRP UE=76 currCell=1 candCell=6 candRsrp=-119.858 < min=-110
LM HO_FAIL_LOW_RSRP UE=78 currCell=4 candCell=2 candRsrp=-115.144 < min=-110
LM HO_FAIL_LOW_RSRP UE=80 currCell=3 candCell=6 candRsrp=-120.293 < min=-110
LM HO_FAIL_LOW_RSRP UE=82 currCell=2 candCell=6 candRsrp=-114.75 < min=-110
LM HO_FAIL_LOW_RSRP UE=86 currCell=7 candCell=5 candRsrp=-117.144 < min=-110
LM HO UE=88 rnti=136 1->6 type=NTN servingRsrp=-112.17 targetRsrp=-79.7903 targetLoadReal=3/15 targetLoadEff=4/15
UE 90 TTT_WAIT target=2 elapsed=0s need=2s
UE 91 TTT_WAIT target=1 elapsed=0s need=2s
UE 93 TTT_WAIT target=1 elapsed=0s need=2s
LM HO_FAIL_LOW_RSRP UE=95 currCell=3 candCell=6 candRsrp=-115.652 < min=-110
LM HO_FAIL_LOW_RSRP UE=97 currCell=5 candCell=6 candRsrp=-114.034 < min=-110
LM HO_FAIL_LOW_RSRP UE=99 currCell=2 candCell=6 candRsrp=-117.494 < min=-110
LM HO_FAIL_LOW_RSRP UE=101 currCell=3 candCell=6 candRsrp=-117.975 < min=-110
LM HO_FAIL_LOW_RSRP UE=102 currCell=4 candCell=2 candRsrp=-111.103 < min=-110
UE 103 TTT_WAIT target=1 elapsed=0s need=2s
LM HO_FAIL_LOW_RSRP UE=104 currCell=4 candCell=6 candRsrp=-117.696 < min=-110
LM HO_FAIL_LOW_RSRP UE=105 currCell=4 candCell=2 candRsrp=-116.451 < min=-110
LM HO_FAIL_LOW_RSRP UE=106 currCell=3 candCell=6 candRsrp=-114.235 < min=-110
LM HO_FAIL_LOW_RSRP UE=107 currCell=4 candCell=6 candRsrp=-121.016 < min=-110
TRACE HO_SUCCESS Time=46.6151 IMSI=31 TargetCell=3 Type=TN TargetRSRP=-101.545 ServingRSRP=-103.648 BackhaulDlSnr=-999 BackhaulUlSnr=-999
TRACE HO_SUCCESS Time=46.6151 IMSI=47 TargetCell=3 Type=TN TargetRSRP=-98.8257 ServingRSRP=-93.3407 BackhaulDlSnr=-999 BackhaulUlSnr=-999
TRACE HO_SUCCESS Time=46.6151 IMSI=40 TargetCell=3 Type=TN TargetRSRP=-94.3656 ServingRSRP=-78.2522 BackhaulDlSnr=-999 BackhaulUlSnr=-999
TRACE HO_SUCCESS Time=46.6151 IMSI=87 TargetCell=6 Type=NTN TargetRSRP=-114.811 ServingRSRP=-108.553 BackhaulDlSnr=-999 BackhaulUlSnr=-999
TRACE HO_SUCCESS Time=46.6151 IMSI=34 TargetCell=6 Type=NTN TargetRSRP=-99.2755 ServingRSRP=-72.327 BackhaulDlSnr=-999 BackhaulUlSnr=-999
UAV_AUTONOMY_XAPP Time=48.5 DeploymentMode=tn-uav UavIndex=0 UavCellId=5 BestDonorCellId=1 BestDonorDistanceM=143.511 XhaulConnected=1 XhaulChannelVariationDb=0 RawXhaulState=HEALTHY RawXhaulStateAgeSec=44 XhaulState=HEALTHY DonorUnavailableActive=0 SatBackhaulHealthy=0 UavSwitchingXappAvailable=0 UavSwitchingXappState=DISABLED AiPredictedBackhaulMode=RULE_BASED BackhaulMode=TN_DIRECT RicControlState=TN_E2 ActiveUavRic=LOCAL_UAV_AUTONOMY NormalUeHandoverAllowed=1 UavMode=TN_CONTROLLED_COVERAGE_EXTENSION
UAV_AUTONOMY_XAPP Time=48.5 DeploymentMode=tn-uav UavIndex=1 UavCellId=6 BestDonorCellId=1 BestDonorDistanceM=110.88 XhaulConnected=1 XhaulChannelVariationDb=0 RawXhaulState=HEALTHY RawXhaulStateAgeSec=44 XhaulState=HEALTHY DonorUnavailableActive=0 SatBackhaulHealthy=0 UavSwitchingXappAvailable=0 UavSwitchingXappState=DISABLED AiPredictedBackhaulMode=RULE_BASED BackhaulMode=TN_DIRECT RicControlState=TN_E2 ActiveUavRic=LOCAL_UAV_AUTONOMY NormalUeHandoverAllowed=1 UavMode=TN_CONTROLLED_COVERAGE_EXTENSION
UAV_AUTONOMY_XAPP Time=48.5 DeploymentMode=tn-uav UavIndex=2 UavCellId=7 BestDonorCellId=1 BestDonorDistanceM=133.08 XhaulConnected=1 XhaulChannelVariationDb=0 RawXhaulState=HEALTHY RawXhaulStateAgeSec=44 XhaulState=HEALTHY DonorUnavailableActive=0 SatBackhaulHealthy=0 UavSwitchingXappAvailable=0 UavSwitchingXappState=DISABLED AiPredictedBackhaulMode=RULE_BASED BackhaulMode=TN_DIRECT RicControlState=TN_E2 ActiveUavRic=LOCAL_UAV_AUTONOMY NormalUeHandoverAllowed=1 UavMode=TN_CONTROLLED_COVERAGE_EXTENSION
---- LOAD at t=48.5 ----
  cell 1 (TN) load=17/20
  cell 2 (TN) load=16/20
  cell 3 (TN) load=20/20
  cell 4 (TN) load=18/20
  cell 5 (NTN) load=9/15
  cell 6 (NTN) load=5/15
  cell 7 (NTN) load=15/15
UE 11 TTT_WAIT target=1 elapsed=0s need=2s
UE 18 TTT_WAIT target=1 elapsed=0s need=2s
UE 20 TTT_WAIT target=2 elapsed=0s need=2s
UE 21 TTT_WAIT target=6 elapsed=0s need=2s
UE 26 TTT_WAIT target=2 elapsed=0s need=2s
LM HO UE=29 rnti=92 3->6 type=NTN servingRsrp=-97.3774 targetRsrp=-88.9764 targetLoadReal=5/15 targetLoadEff=5/15
LM HO UE=30 rnti=138 1->2 type=TN servingRsrp=-108.743 targetRsrp=-79.0751 targetLoadReal=16/20 targetLoadEff=16/20
UE 34 TTT_WAIT target=1 elapsed=0s need=2s
UE 35 TTT_WAIT target=1 elapsed=0s need=2s
LM HO UE=36 rnti=110 4->1 type=TN servingRsrp=-102.671 targetRsrp=-99.3046 targetLoadReal=17/20 targetLoadEff=17/20
UE 37 TTT_WAIT target=1 elapsed=0s need=2s
LM HO UE=40 rnti=137 1->5 type=NTN servingRsrp=-105.737 targetRsrp=-94.9526 targetLoadReal=9/15 targetLoadEff=9/15
UE 41 TTT_WAIT target=4 elapsed=0s need=2s
UE 42 TTT_WAIT target=1 elapsed=0s need=2s
UE 43 TTT_WAIT target=2 elapsed=0s need=2s
LM HO UE=45 rnti=109 7->5 type=NTN servingRsrp=-96.3717 targetRsrp=-71.9122 targetLoadReal=9/15 targetLoadEff=10/15
UE 48 TTT_WAIT target=1 elapsed=0s need=2s
LM HO_FAIL_LOW_RSRP UE=49 currCell=4 candCell=5 candRsrp=-112.089 < min=-110
UE 52 TTT_WAIT target=6 elapsed=0s need=2s
UE 53 TTT_WAIT target=4 elapsed=0s need=2s
UE 55 TTT_WAIT target=2 elapsed=0s need=2s
UE 56 TTT_WAIT target=4 elapsed=0s need=2s
UE 57 TTT_WAIT target=1 elapsed=0s need=2s
UE 58 TTT_WAIT target=5 elapsed=0s need=2s
UE 60 TTT_WAIT target=2 elapsed=0s need=2s
UE 61 TTT_WAIT target=2 elapsed=0s need=2s
UE 62 TTT_WAIT target=4 elapsed=0s need=2s
UE 64 TTT_WAIT target=5 elapsed=0s need=2s
UE 66 TTT_WAIT target=1 elapsed=0s need=2s
LM HO_FAIL_LOW_RSRP UE=70 currCell=3 candCell=1 candRsrp=-111.754 < min=-110
LM HO_FAIL_LOW_RSRP UE=72 currCell=2 candCell=6 candRsrp=-111.272 < min=-110
UE 74 TTT_WAIT target=5 elapsed=0s need=2s
LM HO_FAIL_LOW_RSRP UE=75 currCell=2 candCell=6 candRsrp=-115.49 < min=-110
LM HO_FAIL_LOW_RSRP UE=76 currCell=1 candCell=2 candRsrp=-115.208 < min=-110
UE 77 TTT_WAIT target=2 elapsed=0s need=2s
LM HO_FAIL_LOW_RSRP UE=78 currCell=4 candCell=1 candRsrp=-115.247 < min=-110
UE 80 TTT_WAIT target=4 elapsed=0s need=2s
LM HO_FAIL_LOW_RSRP UE=81 currCell=2 candCell=5 candRsrp=-111.422 < min=-110
UE 82 TTT_WAIT target=4 elapsed=0s need=2s
UE 83 TTT_WAIT target=5 elapsed=0s need=2s
LM HO_FAIL_LOW_RSRP UE=84 currCell=7 candCell=5 candRsrp=-114.813 < min=-110
UE 85 TTT_WAIT target=6 elapsed=0s need=2s
UE 89 TTT_WAIT target=2 elapsed=0s need=2s
LM HO UE=90 rnti=157 3->2 type=TN servingRsrp=-113.586 targetRsrp=-109.921 targetLoadReal=16/20 targetLoadEff=17/20
UE 91 TTT_WAIT target=4 elapsed=0s need=2s
LM HO_FAIL_LOW_RSRP UE=92 currCell=7 candCell=6 candRsrp=-118.197 < min=-110
LM HO_FAIL_LOW_RSRP UE=93 currCell=2 candCell=6 candRsrp=-117.173 < min=-110
UE 95 TTT_WAIT target=2 elapsed=0s need=2s
UE 96 TTT_WAIT target=4 elapsed=0s need=2s
UE 97 TTT_WAIT target=2 elapsed=0s need=2s
UE 98 TTT_WAIT target=2 elapsed=0s need=2s
UE 99 TTT_WAIT target=6 elapsed=0s need=2s
LM HO_FAIL_LOW_RSRP UE=101 currCell=3 candCell=6 candRsrp=-122.351 < min=-110
LM HO_FAIL_LOW_RSRP UE=102 currCell=4 candCell=2 candRsrp=-114.364 < min=-110
LM HO UE=103 rnti=179 3->1 type=TN servingRsrp=-116.075 targetRsrp=-109.547 targetLoadReal=17/20 targetLoadEff=18/20
LM HO_FAIL_LOW_RSRP UE=104 currCell=4 candCell=5 candRsrp=-120.137 < min=-110
LM HO_FAIL_LOW_RSRP UE=105 currCell=4 candCell=1 candRsrp=-116.319 < min=-110
UE 106 TTT_WAIT target=1 elapsed=0s need=2s
LM HO_FAIL_LOW_RSRP UE=107 currCell=4 candCell=1 candRsrp=-118.442 < min=-110
TRACE HO_SUCCESS Time=48.6151 IMSI=102 TargetCell=1 Type=TN TargetRSRP=-112.761 ServingRSRP=-96.6451 BackhaulDlSnr=-999 BackhaulUlSnr=-999
TRACE HO_SUCCESS Time=48.6151 IMSI=35 TargetCell=1 Type=TN TargetRSRP=-119.42 ServingRSRP=-73.7442 BackhaulDlSnr=-999 BackhaulUlSnr=-999
TRACE HO_SUCCESS Time=48.6151 IMSI=29 TargetCell=2 Type=TN TargetRSRP=-106.519 ServingRSRP=-71.2419 BackhaulDlSnr=-999 BackhaulUlSnr=-999
TRACE HO_SUCCESS Time=48.6151 IMSI=89 TargetCell=2 Type=TN TargetRSRP=-114.887 ServingRSRP=-112.853 BackhaulDlSnr=-999 BackhaulUlSnr=-999
TRACE HO_SUCCESS Time=48.6151 IMSI=39 TargetCell=5 Type=NTN TargetRSRP=-103.279 ServingRSRP=-75.3381 BackhaulDlSnr=-999 BackhaulUlSnr=-999
TRACE HO_SUCCESS Time=48.6151 IMSI=44 TargetCell=5 Type=NTN TargetRSRP=-97.8258 ServingRSRP=-99.3688 BackhaulDlSnr=-999 BackhaulUlSnr=-999
TRACE HO_SUCCESS Time=48.6151 IMSI=28 TargetCell=6 Type=NTN TargetRSRP=-106.215 ServingRSRP=-93.7008 BackhaulDlSnr=-999 BackhaulUlSnr=-999
UAV_AUTONOMY_XAPP Time=50.5 DeploymentMode=tn-uav UavIndex=0 UavCellId=5 BestDonorCellId=1 BestDonorDistanceM=143.511 XhaulConnected=1 XhaulChannelVariationDb=0 RawXhaulState=HEALTHY RawXhaulStateAgeSec=46 XhaulState=HEALTHY DonorUnavailableActive=0 SatBackhaulHealthy=0 UavSwitchingXappAvailable=0 UavSwitchingXappState=DISABLED AiPredictedBackhaulMode=RULE_BASED BackhaulMode=TN_DIRECT RicControlState=TN_E2 ActiveUavRic=LOCAL_UAV_AUTONOMY NormalUeHandoverAllowed=1 UavMode=TN_CONTROLLED_COVERAGE_EXTENSION
UAV_AUTONOMY_XAPP Time=50.5 DeploymentMode=tn-uav UavIndex=1 UavCellId=6 BestDonorCellId=1 BestDonorDistanceM=110.88 XhaulConnected=1 XhaulChannelVariationDb=0 RawXhaulState=HEALTHY RawXhaulStateAgeSec=46 XhaulState=HEALTHY DonorUnavailableActive=0 SatBackhaulHealthy=0 UavSwitchingXappAvailable=0 UavSwitchingXappState=DISABLED AiPredictedBackhaulMode=RULE_BASED BackhaulMode=TN_DIRECT RicControlState=TN_E2 ActiveUavRic=LOCAL_UAV_AUTONOMY NormalUeHandoverAllowed=1 UavMode=TN_CONTROLLED_COVERAGE_EXTENSION
UAV_AUTONOMY_XAPP Time=50.5 DeploymentMode=tn-uav UavIndex=2 UavCellId=7 BestDonorCellId=1 BestDonorDistanceM=133.08 XhaulConnected=1 XhaulChannelVariationDb=0 RawXhaulState=HEALTHY RawXhaulStateAgeSec=46 XhaulState=HEALTHY DonorUnavailableActive=0 SatBackhaulHealthy=0 UavSwitchingXappAvailable=0 UavSwitchingXappState=DISABLED AiPredictedBackhaulMode=RULE_BASED BackhaulMode=TN_DIRECT RicControlState=TN_E2 ActiveUavRic=LOCAL_UAV_AUTONOMY NormalUeHandoverAllowed=1 UavMode=TN_CONTROLLED_COVERAGE_EXTENSION
---- LOAD at t=50.5 ----
  cell 1 (TN) load=17/20
  cell 2 (TN) load=18/20
  cell 3 (TN) load=17/20
  cell 4 (TN) load=17/20
  cell 5 (NTN) load=11/15
  cell 6 (NTN) load=6/15
  cell 7 (NTN) load=14/15
UE 8 TTT_WAIT target=4 elapsed=0s need=2s
UE 9 TTT_WAIT target=2 elapsed=0s need=2s
LM HO UE=11 rnti=114 7->1 type=TN servingRsrp=-111.52 targetRsrp=-77.0691 targetLoadReal=17/20 targetLoadEff=17/20
UE 16 TTT_WAIT target=2 elapsed=0s need=2s
LM HO UE=18 rnti=185 4->1 type=TN servingRsrp=-102.525 targetRsrp=-73.0837 targetLoadReal=17/20 targetLoadEff=18/20
UE 20 TTT_WAIT target=1 elapsed=0s need=2s
UE 21 TTT_WAIT target=3 elapsed=0s need=2s
UE 23 TTT_WAIT target=3 elapsed=0s need=2s
UE 24 TTT_WAIT target=1 elapsed=0s need=2s
UE 26 TTT_WAIT target=6 elapsed=0s need=2s
UE 27 TTT_WAIT target=1 elapsed=0s need=2s
UE 29 TTT_WAIT target=1 elapsed=0s need=2s
UE 30 TTT_WAIT target=1 elapsed=0s need=2s
UE 35 TTT_WAIT target=4 elapsed=0s need=2s
UE 37 TTT_WAIT target=3 elapsed=0s need=2s
UE 39 TTT_WAIT target=5 elapsed=0s need=2s
UE 41 TTT_WAIT target=1 elapsed=0s need=2s
LM HO UE=43 rnti=105 6->2 type=TN servingRsrp=-105.883 targetRsrp=-82.1523 targetLoadReal=18/20 targetLoadEff=18/20
UE 45 TTT_WAIT target=7 elapsed=0s need=2s
UE 48 TTT_WAIT target=4 elapsed=0s need=2s
UE 49 TTT_WAIT target=3 elapsed=0s need=2s
UE 51 TTT_WAIT target=3 elapsed=0s need=2s
UE 52 TTT_WAIT target=1 elapsed=0s need=2s
UE 53 TTT_WAIT target=5 elapsed=0s need=2s
LM HO UE=56 rnti=95 3->4 type=TN servingRsrp=-97.0846 targetRsrp=-72.5612 targetLoadReal=17/20 targetLoadEff=17/20
UE 59 TTT_WAIT target=4 elapsed=0s need=2s
UE 60 TTT_WAIT target=3 elapsed=0s need=2s
UE 62 TTT_WAIT target=1 elapsed=0s need=2s
LM HO UE=64 rnti=133 1->5 type=NTN servingRsrp=-101.318 targetRsrp=-89.315 targetLoadReal=11/15 targetLoadEff=11/15
UE 65 TTT_WAIT target=4 elapsed=0s need=2s
UE 67 TTT_WAIT target=4 elapsed=0s need=2s
LM HO_FAIL_LOW_RSRP UE=68 currCell=5 candCell=6 candRsrp=-116.058 < min=-110
LM HO_FAIL_LOW_RSRP UE=69 currCell=1 candCell=2 candRsrp=-112.65 < min=-110
LM HO_FAIL_LOW_RSRP UE=70 currCell=3 candCell=1 candRsrp=-114.735 < min=-110
UE 72 TTT_WAIT target=6 elapsed=0s need=2s
LM HO_FAIL_LOW_RSRP UE=75 currCell=2 candCell=7 candRsrp=-119.189 < min=-110
LM HO_FAIL_LOW_RSRP UE=76 currCell=1 candCell=2 candRsrp=-113.206 < min=-110
LM HO_FAIL_LOW_RSRP UE=77 currCell=3 candCell=6 candRsrp=-119.549 < min=-110
UE 78 TTT_WAIT target=2 elapsed=0s need=2s
LM HO_FAIL_LOW_RSRP UE=80 currCell=3 candCell=6 candRsrp=-119.26 < min=-110
UE 82 TTT_WAIT target=3 elapsed=0s need=2s
UE 84 TTT_WAIT target=1 elapsed=0s need=2s
LM HO_FAIL_LOW_RSRP UE=86 currCell=7 candCell=6 candRsrp=-115.31 < min=-110
LM HO_FAIL_LOW_RSRP UE=87 currCell=7 candCell=6 candRsrp=-117.594 < min=-110
UE 91 TTT_WAIT target=5 elapsed=0s need=2s
LM HO_FAIL_LOW_RSRP UE=92 currCell=7 candCell=6 candRsrp=-119.157 < min=-110
UE 93 TTT_WAIT target=4 elapsed=0s need=2s
UE 94 TTT_WAIT target=2 elapsed=0s need=2s
LM HO_FAIL_LOW_RSRP UE=95 currCell=3 candCell=4 candRsrp=-110.92 < min=-110
LM HO_FAIL_LOW_RSRP UE=98 currCell=7 candCell=6 candRsrp=-119.839 < min=-110
LM HO UE=99 rnti=65 2->6 type=NTN servingRsrp=-103.374 targetRsrp=-88.4619 targetLoadReal=6/15 targetLoadEff=6/15
UE 100 TTT_WAIT target=1 elapsed=0s need=2s
LM HO_FAIL_LOW_RSRP UE=101 currCell=3 candCell=6 candRsrp=-119.52 < min=-110
LM HO_FAIL_LOW_RSRP UE=102 currCell=4 candCell=2 candRsrp=-112.649 < min=-110
UE 103 TTT_WAIT target=4 elapsed=0s need=2s
UE 104 TTT_WAIT target=1 elapsed=0s need=2s
LM HO UE=106 rnti=180 3->1 type=TN servingRsrp=-113.942 targetRsrp=-109.704 targetLoadReal=17/20 targetLoadEff=19/20
LM HO_FAIL_LOW_RSRP UE=107 currCell=4 candCell=3 candRsrp=-114.968 < min=-110
TRACE HO_SUCCESS Time=50.6151 IMSI=105 TargetCell=1 Type=TN TargetRSRP=-112.356 ServingRSRP=-110.482 BackhaulDlSnr=-999 BackhaulUlSnr=-999
TRACE HO_SUCCESS Time=50.6151 IMSI=17 TargetCell=1 Type=TN TargetRSRP=-87.7479 ServingRSRP=-99.9428 BackhaulDlSnr=-999 BackhaulUlSnr=-999
TRACE HO_SUCCESS Time=50.6151 IMSI=10 TargetCell=1 Type=TN TargetRSRP=-107.715 ServingRSRP=-103.364 BackhaulDlSnr=-999 BackhaulUlSnr=-999
TRACE HO_SUCCESS Time=50.6151 IMSI=42 TargetCell=2 Type=TN TargetRSRP=-95.9606 ServingRSRP=-103.64 BackhaulDlSnr=-999 BackhaulUlSnr=-999
TRACE HO_SUCCESS Time=50.6151 IMSI=55 TargetCell=4 Type=TN TargetRSRP=-86.5571 ServingRSRP=-69.6607 BackhaulDlSnr=-999 BackhaulUlSnr=-999
TRACE HO_SUCCESS Time=50.6151 IMSI=63 TargetCell=5 Type=NTN TargetRSRP=-105.315 ServingRSRP=-93.3826 BackhaulDlSnr=-999 BackhaulUlSnr=-999
TRACE HO_SUCCESS Time=50.6151 IMSI=98 TargetCell=6 Type=NTN TargetRSRP=-115.421 ServingRSRP=-119.201 BackhaulDlSnr=-999 BackhaulUlSnr=-999
UAV_AUTONOMY_XAPP Time=52.5 DeploymentMode=tn-uav UavIndex=0 UavCellId=5 BestDonorCellId=1 BestDonorDistanceM=143.511 XhaulConnected=1 XhaulChannelVariationDb=0 RawXhaulState=HEALTHY RawXhaulStateAgeSec=48 XhaulState=HEALTHY DonorUnavailableActive=0 SatBackhaulHealthy=0 UavSwitchingXappAvailable=0 UavSwitchingXappState=DISABLED AiPredictedBackhaulMode=RULE_BASED BackhaulMode=TN_DIRECT RicControlState=TN_E2 ActiveUavRic=LOCAL_UAV_AUTONOMY NormalUeHandoverAllowed=1 UavMode=TN_CONTROLLED_COVERAGE_EXTENSION
UAV_AUTONOMY_XAPP Time=52.5 DeploymentMode=tn-uav UavIndex=1 UavCellId=6 BestDonorCellId=1 BestDonorDistanceM=110.88 XhaulConnected=1 XhaulChannelVariationDb=0 RawXhaulState=HEALTHY RawXhaulStateAgeSec=48 XhaulState=HEALTHY DonorUnavailableActive=0 SatBackhaulHealthy=0 UavSwitchingXappAvailable=0 UavSwitchingXappState=DISABLED AiPredictedBackhaulMode=RULE_BASED BackhaulMode=TN_DIRECT RicControlState=TN_E2 ActiveUavRic=LOCAL_UAV_AUTONOMY NormalUeHandoverAllowed=1 UavMode=TN_CONTROLLED_COVERAGE_EXTENSION
UAV_AUTONOMY_XAPP Time=52.5 DeploymentMode=tn-uav UavIndex=2 UavCellId=7 BestDonorCellId=1 BestDonorDistanceM=133.08 XhaulConnected=1 XhaulChannelVariationDb=0 RawXhaulState=HEALTHY RawXhaulStateAgeSec=48 XhaulState=HEALTHY DonorUnavailableActive=0 SatBackhaulHealthy=0 UavSwitchingXappAvailable=0 UavSwitchingXappState=DISABLED AiPredictedBackhaulMode=RULE_BASED BackhaulMode=TN_DIRECT RicControlState=TN_E2 ActiveUavRic=LOCAL_UAV_AUTONOMY NormalUeHandoverAllowed=1 UavMode=TN_CONTROLLED_COVERAGE_EXTENSION
---- LOAD at t=52.5 ----
  cell 1 (TN) load=19/20
  cell 2 (TN) load=18/20
  cell 3 (TN) load=15/20
  cell 4 (TN) load=17/20
  cell 5 (NTN) load=12/15
  cell 6 (NTN) load=6/15
  cell 7 (NTN) load=13/15
LM HO UE=8 rnti=191 3->4 type=TN servingRsrp=-108.743 targetRsrp=-104.829 targetLoadReal=17/20 targetLoadEff=17/20
UE 9 TTT_WAIT target=3 elapsed=0s need=2s
UE 11 TTT_WAIT target=7 elapsed=0s need=2s
UE 12 TTT_WAIT target=7 elapsed=0s need=2s
UE 13 TTT_WAIT target=4 elapsed=0s need=2s
UE 16 TTT_WAIT target=7 elapsed=0s need=2s
UE 18 TTT_WAIT target=5 elapsed=0s need=2s
UE 21 TTT_WAIT target=1 elapsed=0s need=2s
UE 23 TTT_WAIT target=4 elapsed=0s need=2s
UE 24 TTT_WAIT target=3 elapsed=0s need=2s
UE 27 TTT_WAIT target=4 elapsed=0s need=2s
UE 29 TTT_WAIT target=3 elapsed=0s need=2s
LM HO UE=30 rnti=111 2->1 type=TN servingRsrp=-106.363 targetRsrp=-77.3149 targetLoadReal=19/20 targetLoadEff=19/20
UE 31 TTT_WAIT target=7 elapsed=0s need=2s
UE 34 TTT_WAIT target=2 elapsed=0s need=2s
UE 36 TTT_WAIT target=3 elapsed=0s need=2s
UE 41 TTT_WAIT target=2 elapsed=0s need=2s
UE 42 TTT_WAIT target=4 elapsed=0s need=2s
UE 43 TTT_WAIT target=7 elapsed=0s need=2s
UE 45 TTT_WAIT target=2 elapsed=0s need=2s
UE 46 TTT_WAIT target=3 elapsed=0s need=2s
UE 47 TTT_WAIT target=3 elapsed=0s need=2s
UE 48 TTT_WAIT target=5 elapsed=0s need=2s
LM HO UE=49 rnti=181 4->3 type=TN servingRsrp=-110.36 targetRsrp=-106.645 targetLoadReal=15/20 targetLoadEff=15/20
UE 50 TTT_WAIT target=6 elapsed=0s need=2s
UE 52 TTT_WAIT target=4 elapsed=0s need=2s
UE 55 TTT_WAIT target=5 elapsed=0s need=2s
UE 58 TTT_WAIT target=5 elapsed=0s need=2s
UE 62 TTT_WAIT target=4 elapsed=0s need=2s
UE 64 TTT_WAIT target=4 elapsed=0s need=2s
LM HO UE=65 rnti=158 3->4 type=TN servingRsrp=-101.838 targetRsrp=-77.3287 targetLoadReal=17/20 targetLoadEff=18/20
LM HO_FAIL_LOW_RSRP UE=69 currCell=1 candCell=2 candRsrp=-113.817 < min=-110
LM HO_FAIL_LOW_RSRP UE=70 currCell=3 candCell=2 candRsrp=-111.818 < min=-110
UE 71 TTT_WAIT target=3 elapsed=0s need=2s
LM HO UE=72 rnti=101 2->6 type=NTN servingRsrp=-116.913 targetRsrp=-82.5459 targetLoadReal=6/15 targetLoadEff=6/15
UE 73 TTT_WAIT target=6 elapsed=0s need=2s
LM HO_FAIL_LOW_RSRP UE=74 currCell=4 candCell=3 candRsrp=-112.463 < min=-110
LM HO_FAIL_LOW_RSRP UE=75 currCell=2 candCell=6 candRsrp=-114.583 < min=-110
LM HO_FAIL_LOW_RSRP UE=76 currCell=1 candCell=7 candRsrp=-113.234 < min=-110
LM HO_FAIL_LOW_RSRP UE=77 currCell=3 candCell=6 candRsrp=-119.586 < min=-110
LM HO_FAIL_LOW_RSRP UE=78 currCell=4 candCell=2 candRsrp=-116.004 < min=-110
LM HO_FAIL_LOW_RSRP UE=79 currCell=5 candCell=7 candRsrp=-115.956 < min=-110
LM HO_FAIL_LOW_RSRP UE=80 currCell=3 candCell=4 candRsrp=-112.509 < min=-110
LM HO_FAIL_LOW_RSRP UE=81 currCell=2 candCell=5 candRsrp=-116.068 < min=-110
UE 82 TTT_WAIT target=6 elapsed=0s need=2s
LM HO_FAIL_LOW_RSRP UE=83 currCell=3 candCell=7 candRsrp=-118.551 < min=-110
LM HO_FAIL_LOW_RSRP UE=84 currCell=7 candCell=6 candRsrp=-115.107 < min=-110
UE 85 TTT_WAIT target=3 elapsed=0s need=2s
LM HO_FAIL_LOW_RSRP UE=86 currCell=7 candCell=6 candRsrp=-119.033 < min=-110
UE 87 TTT_WAIT target=5 elapsed=0s need=2s
UE 88 TTT_WAIT target=2 elapsed=0s need=2s
UE 91 TTT_WAIT target=4 elapsed=0s need=2s
LM HO_FAIL_LOW_RSRP UE=93 currCell=2 candCell=6 candRsrp=-118.89 < min=-110
UE 94 TTT_WAIT target=6 elapsed=0s need=2s
UE 96 TTT_WAIT target=4 elapsed=0s need=2s
UE 97 TTT_WAIT target=4 elapsed=0s need=2s
UE 99 TTT_WAIT target=2 elapsed=0s need=2s
LM HO_FAIL_LOW_RSRP UE=101 currCell=3 candCell=5 candRsrp=-121.527 < min=-110
UE 102 TTT_WAIT target=2 elapsed=0s need=2s
UE 104 TTT_WAIT target=3 elapsed=0s need=2s
LM HO_FAIL_LOW_RSRP UE=105 currCell=4 candCell=2 candRsrp=-120.447 < min=-110
UE 106 TTT_WAIT target=7 elapsed=0s need=2s
LM HO_FAIL_LOW_RSRP UE=107 currCell=4 candCell=6 candRsrp=-120.88 < min=-110
TRACE HO_SUCCESS Time=52.6151 IMSI=29 TargetCell=1 Type=TN TargetRSRP=-108.941 ServingRSRP=-105.871 BackhaulDlSnr=-999 BackhaulUlSnr=-999
TRACE HO_SUCCESS Time=52.6151 IMSI=48 TargetCell=3 Type=TN TargetRSRP=-113.308 ServingRSRP=-109.807 BackhaulDlSnr=-999 BackhaulUlSnr=-999
TRACE HO_SUCCESS Time=52.6151 IMSI=64 TargetCell=4 Type=TN TargetRSRP=-105.711 ServingRSRP=-83.4075 BackhaulDlSnr=-999 BackhaulUlSnr=-999
TRACE HO_SUCCESS Time=52.6151 IMSI=7 TargetCell=4 Type=TN TargetRSRP=-101.948 ServingRSRP=-106.717 BackhaulDlSnr=-999 BackhaulUlSnr=-999
TRACE HO_SUCCESS Time=52.6151 IMSI=71 TargetCell=6 Type=NTN TargetRSRP=-113.883 ServingRSRP=-113.671 BackhaulDlSnr=-999 BackhaulUlSnr=-999
UAV_AUTONOMY_XAPP Time=54.5 DeploymentMode=tn-uav UavIndex=0 UavCellId=5 BestDonorCellId=1 BestDonorDistanceM=143.511 XhaulConnected=1 XhaulChannelVariationDb=0 RawXhaulState=HEALTHY RawXhaulStateAgeSec=50 XhaulState=HEALTHY DonorUnavailableActive=0 SatBackhaulHealthy=0 UavSwitchingXappAvailable=0 UavSwitchingXappState=DISABLED AiPredictedBackhaulMode=RULE_BASED BackhaulMode=TN_DIRECT RicControlState=TN_E2 ActiveUavRic=LOCAL_UAV_AUTONOMY NormalUeHandoverAllowed=1 UavMode=TN_CONTROLLED_COVERAGE_EXTENSION
UAV_AUTONOMY_XAPP Time=54.5 DeploymentMode=tn-uav UavIndex=1 UavCellId=6 BestDonorCellId=1 BestDonorDistanceM=110.88 XhaulConnected=1 XhaulChannelVariationDb=0 RawXhaulState=HEALTHY RawXhaulStateAgeSec=50 XhaulState=HEALTHY DonorUnavailableActive=0 SatBackhaulHealthy=0 UavSwitchingXappAvailable=0 UavSwitchingXappState=DISABLED AiPredictedBackhaulMode=RULE_BASED BackhaulMode=TN_DIRECT RicControlState=TN_E2 ActiveUavRic=LOCAL_UAV_AUTONOMY NormalUeHandoverAllowed=1 UavMode=TN_CONTROLLED_COVERAGE_EXTENSION
UAV_AUTONOMY_XAPP Time=54.5 DeploymentMode=tn-uav UavIndex=2 UavCellId=7 BestDonorCellId=1 BestDonorDistanceM=133.08 XhaulConnected=1 XhaulChannelVariationDb=0 RawXhaulState=HEALTHY RawXhaulStateAgeSec=50 XhaulState=HEALTHY DonorUnavailableActive=0 SatBackhaulHealthy=0 UavSwitchingXappAvailable=0 UavSwitchingXappState=DISABLED AiPredictedBackhaulMode=RULE_BASED BackhaulMode=TN_DIRECT RicControlState=TN_E2 ActiveUavRic=LOCAL_UAV_AUTONOMY NormalUeHandoverAllowed=1 UavMode=TN_CONTROLLED_COVERAGE_EXTENSION
---- LOAD at t=54.5 ----
  cell 1 (TN) load=20/20
  cell 2 (TN) load=16/20
  cell 3 (TN) load=14/20
  cell 4 (TN) load=18/20
  cell 5 (NTN) load=12/15
  cell 6 (NTN) load=7/15
  cell 7 (NTN) load=13/15
UE 8 TTT_WAIT target=7 elapsed=0s need=2s
UE 10 TTT_WAIT target=3 elapsed=0s need=2s
UE 17 TTT_WAIT target=2 elapsed=0s need=2s
UE 22 TTT_WAIT target=3 elapsed=0s need=2s
UE 28 TTT_WAIT target=5 elapsed=0s need=2s
UE 29 TTT_WAIT target=4 elapsed=0s need=2s
UE 31 TTT_WAIT target=5 elapsed=0s need=2s
UE 32 TTT_WAIT target=4 elapsed=0s need=2s
UE 33 TTT_WAIT target=4 elapsed=0s need=2s
LM HO UE=34 rnti=115 7->2 type=TN servingRsrp=-113.875 targetRsrp=-107.269 targetLoadReal=16/20 targetLoadEff=16/20
UE 35 TTT_WAIT target=2 elapsed=0s need=2s
UE 36 TTT_WAIT target=4 elapsed=0s need=2s
UE 39 TTT_WAIT target=4 elapsed=0s need=2s
UE 40 TTT_WAIT target=2 elapsed=0s need=2s
LM HO UE=41 rnti=195 3->2 type=TN servingRsrp=-94.968 targetRsrp=-84.5622 targetLoadReal=16/20 targetLoadEff=17/20
UE 43 TTT_WAIT target=6 elapsed=0s need=2s
UE 46 TTT_WAIT target=2 elapsed=0s need=2s
UE 47 TTT_WAIT target=7 elapsed=0s need=2s
UE 48 TTT_WAIT target=2 elapsed=0s need=2s
LM HO_FAIL_LOW_RSRP UE=49 currCell=3 candCell=7 candRsrp=-111.42 < min=-110
LM HO UE=50 rnti=109 2->6 type=NTN servingRsrp=-85.9584 targetRsrp=-82.5925 targetLoadReal=7/15 targetLoadEff=7/15
UE 51 TTT_WAIT target=5 elapsed=0s need=2s
UE 52 TTT_WAIT target=3 elapsed=0s need=2s
UE 54 TTT_WAIT target=7 elapsed=0s need=2s
LM HO UE=58 rnti=160 4->5 type=NTN servingRsrp=-99.7943 targetRsrp=-92.2981 targetLoadReal=12/15 targetLoadEff=12/15
UE 59 TTT_WAIT target=3 elapsed=0s need=2s
UE 60 TTT_WAIT target=3 elapsed=0s need=2s
LM HO UE=62 rnti=110 2->4 type=TN servingRsrp=-107.465 targetRsrp=-101.832 targetLoadReal=18/20 targetLoadEff=18/20
UE 65 TTT_WAIT target=7 elapsed=0s need=2s
UE 66 TTT_WAIT target=6 elapsed=0s need=2s
UE 67 TTT_WAIT target=2 elapsed=0s need=2s
LM HO_FAIL_LOW_RSRP UE=68 currCell=5 candCell=6 candRsrp=-116.409 < min=-110
UE 69 TTT_WAIT target=4 elapsed=0s need=2s
UE 70 TTT_WAIT target=5 elapsed=0s need=2s
UE 71 TTT_WAIT target=2 elapsed=0s need=2s
UE 72 TTT_WAIT target=5 elapsed=0s need=2s
UE 73 TTT_WAIT target=3 elapsed=0s need=2s
UE 74 TTT_WAIT target=5 elapsed=0s need=2s
LM HO_FAIL_LOW_RSRP UE=75 currCell=2 candCell=5 candRsrp=-117.875 < min=-110
LM HO_FAIL_LOW_RSRP UE=76 currCell=1 candCell=2 candRsrp=-113.459 < min=-110
UE 77 TTT_WAIT target=2 elapsed=0s need=2s
UE 78 TTT_WAIT target=3 elapsed=0s need=2s
LM HO_FAIL_LOW_RSRP UE=80 currCell=3 candCell=5 candRsrp=-121.58 < min=-110
LM HO_FAIL_LOW_RSRP UE=82 currCell=2 candCell=5 candRsrp=-114.782 < min=-110
UE 83 TTT_WAIT target=4 elapsed=0s need=2s
UE 86 TTT_WAIT target=3 elapsed=0s need=2s
UE 87 TTT_WAIT target=3 elapsed=0s need=2s
UE 90 TTT_WAIT target=3 elapsed=0s need=2s
LM HO_FAIL_LOW_RSRP UE=91 currCell=2 candCell=7 candRsrp=-112.344 < min=-110
UE 93 TTT_WAIT target=5 elapsed=0s need=2s
UE 95 TTT_WAIT target=6 elapsed=0s need=2s
UE 99 TTT_WAIT target=4 elapsed=0s need=2s
UE 101 TTT_WAIT target=5 elapsed=0s need=2s
LM HO UE=102 rnti=126 4->2 type=TN servingRsrp=-117.687 targetRsrp=-76.9477 targetLoadReal=16/20 targetLoadEff=18/20
UE 103 TTT_WAIT target=6 elapsed=0s need=2s
LM HO_FAIL_LOW_RSRP UE=104 currCell=4 candCell=7 candRsrp=-121.826 < min=-110
LM HO_FAIL_LOW_RSRP UE=105 currCell=4 candCell=2 candRsrp=-116.269 < min=-110
UE 107 TTT_WAIT target=3 elapsed=0s need=2s
TRACE HO_SUCCESS Time=54.6151 IMSI=40 TargetCell=2 Type=TN TargetRSRP=-109.346 ServingRSRP=-85.1527 BackhaulDlSnr=-999 BackhaulUlSnr=-999
TRACE HO_SUCCESS Time=54.6151 IMSI=101 TargetCell=2 Type=TN TargetRSRP=-111.77 ServingRSRP=-112.105 BackhaulDlSnr=-999 BackhaulUlSnr=-999
TRACE HO_SUCCESS Time=54.6151 IMSI=33 TargetCell=2 Type=TN TargetRSRP=-112.517 ServingRSRP=-112.702 BackhaulDlSnr=-999 BackhaulUlSnr=-999
TRACE HO_SUCCESS Time=54.6151 IMSI=61 TargetCell=4 Type=TN TargetRSRP=-105.219 ServingRSRP=-101.524 BackhaulDlSnr=-999 BackhaulUlSnr=-999
TRACE HO_SUCCESS Time=54.6151 IMSI=57 TargetCell=5 Type=NTN TargetRSRP=-109.569 ServingRSRP=-92.7711 BackhaulDlSnr=-999 BackhaulUlSnr=-999
TRACE HO_SUCCESS Time=54.6151 IMSI=49 TargetCell=6 Type=NTN TargetRSRP=-107.273 ServingRSRP=-83.1633 BackhaulDlSnr=-999 BackhaulUlSnr=-999
UAV_AUTONOMY_XAPP Time=56.5 DeploymentMode=tn-uav UavIndex=0 UavCellId=5 BestDonorCellId=1 BestDonorDistanceM=143.511 XhaulConnected=1 XhaulChannelVariationDb=0 RawXhaulState=HEALTHY RawXhaulStateAgeSec=52 XhaulState=HEALTHY DonorUnavailableActive=0 SatBackhaulHealthy=0 UavSwitchingXappAvailable=0 UavSwitchingXappState=DISABLED AiPredictedBackhaulMode=RULE_BASED BackhaulMode=TN_DIRECT RicControlState=TN_E2 ActiveUavRic=LOCAL_UAV_AUTONOMY NormalUeHandoverAllowed=1 UavMode=TN_CONTROLLED_COVERAGE_EXTENSION
UAV_AUTONOMY_XAPP Time=56.5 DeploymentMode=tn-uav UavIndex=1 UavCellId=6 BestDonorCellId=1 BestDonorDistanceM=110.88 XhaulConnected=1 XhaulChannelVariationDb=0 RawXhaulState=HEALTHY RawXhaulStateAgeSec=52 XhaulState=HEALTHY DonorUnavailableActive=0 SatBackhaulHealthy=0 UavSwitchingXappAvailable=0 UavSwitchingXappState=DISABLED AiPredictedBackhaulMode=RULE_BASED BackhaulMode=TN_DIRECT RicControlState=TN_E2 ActiveUavRic=LOCAL_UAV_AUTONOMY NormalUeHandoverAllowed=1 UavMode=TN_CONTROLLED_COVERAGE_EXTENSION
UAV_AUTONOMY_XAPP Time=56.5 DeploymentMode=tn-uav UavIndex=2 UavCellId=7 BestDonorCellId=1 BestDonorDistanceM=133.08 XhaulConnected=1 XhaulChannelVariationDb=0 RawXhaulState=HEALTHY RawXhaulStateAgeSec=52 XhaulState=HEALTHY DonorUnavailableActive=0 SatBackhaulHealthy=0 UavSwitchingXappAvailable=0 UavSwitchingXappState=DISABLED AiPredictedBackhaulMode=RULE_BASED BackhaulMode=TN_DIRECT RicControlState=TN_E2 ActiveUavRic=LOCAL_UAV_AUTONOMY NormalUeHandoverAllowed=1 UavMode=TN_CONTROLLED_COVERAGE_EXTENSION
---- LOAD at t=56.5 ----
  cell 1 (TN) load=20/20
  cell 2 (TN) load=17/20
  cell 3 (TN) load=13/20
  cell 4 (TN) load=17/20
  cell 5 (NTN) load=13/15
  cell 6 (NTN) load=8/15
  cell 7 (NTN) load=12/15
LM HO UE=10 rnti=183 4->3 type=TN servingRsrp=-112.606 targetRsrp=-75.7393 targetLoadReal=13/20 targetLoadEff=13/20
UE 12 TTT_WAIT target=7 elapsed=0s need=2s
UE 14 TTT_WAIT target=3 elapsed=0s need=2s
UE 16 TTT_WAIT target=6 elapsed=0s need=2s
LM HO UE=22 rnti=103 1->3 type=TN servingRsrp=-103.031 targetRsrp=-98.8441 targetLoadReal=13/20 targetLoadEff=14/20
UE 23 TTT_WAIT target=5 elapsed=0s need=2s
UE 26 TTT_WAIT target=4 elapsed=0s need=2s
LM HO UE=29 rnti=109 6->4 type=TN servingRsrp=-113.786 targetRsrp=-105.188 targetLoadReal=17/20 targetLoadEff=17/20
UE 30 TTT_WAIT target=4 elapsed=0s need=2s
UE 31 TTT_WAIT target=4 elapsed=0s need=2s
UE 32 TTT_WAIT target=2 elapsed=0s need=2s
LM HO UE=35 rnti=107 6->2 type=TN servingRsrp=-111.536 targetRsrp=-78.9004 targetLoadReal=17/20 targetLoadEff=17/20
LM HO UE=36 rnti=139 1->4 type=TN servingRsrp=-119.215 targetRsrp=-96.2279 targetLoadReal=17/20 targetLoadEff=18/20
UE 40 TTT_WAIT target=3 elapsed=0s need=2s
UE 41 TTT_WAIT target=3 elapsed=0s need=2s
UE 43 TTT_WAIT target=5 elapsed=0s need=2s
UE 44 TTT_WAIT target=5 elapsed=0s need=2s
UE 45 TTT_WAIT target=2 elapsed=0s need=2s
UE 48 TTT_WAIT target=7 elapsed=0s need=2s
UE 51 TTT_WAIT target=4 elapsed=0s need=2s
LM HO UE=52 rnti=49 5->3 type=TN servingRsrp=-109.561 targetRsrp=-74.3464 targetLoadReal=13/20 targetLoadEff=15/20
UE 53 TTT_WAIT target=2 elapsed=0s need=2s
UE 58 TTT_WAIT target=3 elapsed=0s need=2s
UE 59 TTT_WAIT target=6 elapsed=0s need=2s
UE 60 TTT_WAIT target=4 elapsed=0s need=2s
UE 61 TTT_WAIT target=6 elapsed=0s need=2s
UE 62 TTT_WAIT target=5 elapsed=0s need=2s
UE 63 TTT_WAIT target=2 elapsed=0s need=2s
UE 64 TTT_WAIT target=4 elapsed=0s need=2s
UE 65 TTT_WAIT target=3 elapsed=0s need=2s
UE 66 TTT_WAIT target=3 elapsed=0s need=2s
LM HO_FAIL_LOW_RSRP UE=68 currCell=5 candCell=6 candRsrp=-118.018 < min=-110
LM HO_FAIL_LOW_RSRP UE=69 currCell=1 candCell=2 candRsrp=-110.455 < min=-110
LM HO_FAIL_LOW_RSRP UE=70 currCell=3 candCell=2 candRsrp=-117.435 < min=-110
UE 72 TTT_WAIT target=4 elapsed=0s need=2s
LM HO_FAIL_LOW_RSRP UE=73 currCell=7 candCell=5 candRsrp=-113.262 < min=-110
LM HO_FAIL_LOW_RSRP UE=74 currCell=4 candCell=3 candRsrp=-112.542 < min=-110
LM HO_FAIL_LOW_RSRP UE=75 currCell=2 candCell=5 candRsrp=-119.063 < min=-110
UE 76 TTT_WAIT target=4 elapsed=0s need=2s
LM HO_FAIL_LOW_RSRP UE=77 currCell=3 candCell=7 candRsrp=-119.33 < min=-110
LM HO_FAIL_LOW_RSRP UE=78 currCell=4 candCell=2 candRsrp=-115.704 < min=-110
LM HO_FAIL_LOW_RSRP UE=80 currCell=3 candCell=7 candRsrp=-117.145 < min=-110
LM HO_FAIL_LOW_RSRP UE=81 currCell=2 candCell=6 candRsrp=-116.128 < min=-110
UE 82 TTT_WAIT target=7 elapsed=0s need=2s
UE 83 TTT_WAIT target=6 elapsed=0s need=2s
LM HO UE=86 rnti=106 7->3 type=TN servingRsrp=-120.253 targetRsrp=-90.4729 targetLoadReal=13/20 targetLoadEff=16/20
UE 91 TTT_WAIT target=3 elapsed=0s need=2s
UE 92 TTT_WAIT target=2 elapsed=0s need=2s
LM HO_FAIL_LOW_RSRP UE=93 currCell=2 candCell=6 candRsrp=-115.4 < min=-110
UE 94 TTT_WAIT target=4 elapsed=0s need=2s
UE 95 TTT_WAIT target=2 elapsed=0s need=2s
LM HO_FAIL_LOW_RSRP UE=96 currCell=5 candCell=7 candRsrp=-120.613 < min=-110
UE 97 TTT_WAIT target=7 elapsed=0s need=2s
UE 100 TTT_WAIT target=2 elapsed=0s need=2s
UE 102 TTT_WAIT target=4 elapsed=0s need=2s
UE 103 TTT_WAIT target=4 elapsed=0s need=2s
LM HO_FAIL_LOW_RSRP UE=104 currCell=4 candCell=3 candRsrp=-116.367 < min=-110
UE 105 TTT_WAIT target=3 elapsed=0s need=2s
UE 106 TTT_WAIT target=2 elapsed=0s need=2s
UE 107 TTT_WAIT target=7 elapsed=0s need=2s
TRACE HO_SUCCESS Time=56.6151 IMSI=34 TargetCell=2 Type=TN TargetRSRP=-81.7959 ServingRSRP=-74.7386 BackhaulDlSnr=-999 BackhaulUlSnr=-999
TRACE HO_SUCCESS Time=56.6151 IMSI=21 TargetCell=3 Type=TN TargetRSRP=-114.517 ServingRSRP=-87.0117 BackhaulDlSnr=-999 BackhaulUlSnr=-999
TRACE HO_SUCCESS Time=56.6151 IMSI=9 TargetCell=3 Type=TN TargetRSRP=-105.584 ServingRSRP=-108.065 BackhaulDlSnr=-999 BackhaulUlSnr=-999
TRACE HO_SUCCESS Time=56.6151 IMSI=51 TargetCell=3 Type=TN TargetRSRP=-103.117 ServingRSRP=-103.229 BackhaulDlSnr=-999 BackhaulUlSnr=-999
TRACE HO_SUCCESS Time=56.6151 IMSI=85 TargetCell=3 Type=TN TargetRSRP=-119.068 ServingRSRP=-115.357 BackhaulDlSnr=-999 BackhaulUlSnr=-999
TRACE HO_SUCCESS Time=56.6151 IMSI=35 TargetCell=4 Type=TN TargetRSRP=-110.089 ServingRSRP=-104.443 BackhaulDlSnr=-999 BackhaulUlSnr=-999
TRACE HO_SUCCESS Time=56.6151 IMSI=28 TargetCell=4 Type=TN TargetRSRP=-112.629 ServingRSRP=-105.251 BackhaulDlSnr=-999 BackhaulUlSnr=-999
UAV_AUTONOMY_XAPP Time=58.5 DeploymentMode=tn-uav UavIndex=0 UavCellId=5 BestDonorCellId=1 BestDonorDistanceM=143.511 XhaulConnected=1 XhaulChannelVariationDb=0 RawXhaulState=HEALTHY RawXhaulStateAgeSec=54 XhaulState=HEALTHY DonorUnavailableActive=0 SatBackhaulHealthy=0 UavSwitchingXappAvailable=0 UavSwitchingXappState=DISABLED AiPredictedBackhaulMode=RULE_BASED BackhaulMode=TN_DIRECT RicControlState=TN_E2 ActiveUavRic=LOCAL_UAV_AUTONOMY NormalUeHandoverAllowed=1 UavMode=TN_CONTROLLED_COVERAGE_EXTENSION
UAV_AUTONOMY_XAPP Time=58.5 DeploymentMode=tn-uav UavIndex=1 UavCellId=6 BestDonorCellId=1 BestDonorDistanceM=110.88 XhaulConnected=1 XhaulChannelVariationDb=0 RawXhaulState=HEALTHY RawXhaulStateAgeSec=54 XhaulState=HEALTHY DonorUnavailableActive=0 SatBackhaulHealthy=0 UavSwitchingXappAvailable=0 UavSwitchingXappState=DISABLED AiPredictedBackhaulMode=RULE_BASED BackhaulMode=TN_DIRECT RicControlState=TN_E2 ActiveUavRic=LOCAL_UAV_AUTONOMY NormalUeHandoverAllowed=1 UavMode=TN_CONTROLLED_COVERAGE_EXTENSION
UAV_AUTONOMY_XAPP Time=58.5 DeploymentMode=tn-uav UavIndex=2 UavCellId=7 BestDonorCellId=1 BestDonorDistanceM=133.08 XhaulConnected=1 XhaulChannelVariationDb=0 RawXhaulState=HEALTHY RawXhaulStateAgeSec=54 XhaulState=HEALTHY DonorUnavailableActive=0 SatBackhaulHealthy=0 UavSwitchingXappAvailable=0 UavSwitchingXappState=DISABLED AiPredictedBackhaulMode=RULE_BASED BackhaulMode=TN_DIRECT RicControlState=TN_E2 ActiveUavRic=LOCAL_UAV_AUTONOMY NormalUeHandoverAllowed=1 UavMode=TN_CONTROLLED_COVERAGE_EXTENSION
---- LOAD at t=58.5 ----
  cell 1 (TN) load=18/20
  cell 2 (TN) load=18/20
  cell 3 (TN) load=17/20
  cell 4 (TN) load=18/20
  cell 5 (NTN) load=12/15
  cell 6 (NTN) load=6/15
  cell 7 (NTN) load=11/15
UE 8 TTT_WAIT target=3 elapsed=0s need=2s
UE 9 TTT_WAIT target=4 elapsed=0s need=2s
UE 14 TTT_WAIT target=6 elapsed=0s need=2s
UE 15 TTT_WAIT target=4 elapsed=0s need=2s
UE 16 TTT_WAIT target=2 elapsed=0s need=2s
UE 17 TTT_WAIT target=4 elapsed=0s need=2s
UE 18 TTT_WAIT target=4 elapsed=0s need=2s
UE 21 TTT_WAIT target=4 elapsed=0s need=2s
UE 22 TTT_WAIT target=2 elapsed=0s need=2s
UE 25 TTT_WAIT target=3 elapsed=0s need=2s
UE 27 TTT_WAIT target=5 elapsed=0s need=2s
LM HO_FAIL_LOW_RSRP UE=29 currCell=4 candCell=7 candRsrp=-117.051 < min=-110
LM HO UE=30 rnti=144 1->4 type=TN servingRsrp=-107.651 targetRsrp=-83.7062 targetLoadReal=18/20 targetLoadEff=18/20
LM HO UE=31 rnti=135 1->4 type=TN servingRsrp=-108.587 targetRsrp=-78.2706 targetLoadReal=18/20 targetLoadEff=19/20
UE 33 TTT_WAIT target=2 elapsed=0s need=2s
UE 34 TTT_WAIT target=1 elapsed=0s need=2s
UE 35 TTT_WAIT target=5 elapsed=0s need=2s
UE 36 TTT_WAIT target=6 elapsed=0s need=2s
LM HO UE=41 rnti=115 2->3 type=TN servingRsrp=-108.632 targetRsrp=-95.8816 targetLoadReal=17/20 targetLoadEff=17/20
UE 42 TTT_WAIT target=6 elapsed=0s need=2s
UE 44 TTT_WAIT target=1 elapsed=0s need=2s
UE 45 TTT_WAIT target=7 elapsed=0s need=2s
UE 46 TTT_WAIT target=1 elapsed=0s need=2s
UE 47 TTT_WAIT target=3 elapsed=0s need=2s
UE 49 TTT_WAIT target=7 elapsed=0s need=2s
UE 50 TTT_WAIT target=2 elapsed=0s need=2s
UE 53 TTT_WAIT target=1 elapsed=0s need=2s
UE 56 TTT_WAIT target=2 elapsed=0s need=2s
UE 57 TTT_WAIT target=1 elapsed=0s need=2s
UE 58 TTT_WAIT target=6 elapsed=0s need=2s
UE 60 TTT_WAIT target=3 elapsed=0s need=2s
LM HO UE=63 rnti=118 1->2 type=TN servingRsrp=-105.102 targetRsrp=-100.179 targetLoadReal=18/20 targetLoadEff=18/20
UE 64 TTT_WAIT target=7 elapsed=0s need=2s
UE 65 TTT_WAIT target=6 elapsed=0s need=2s
UE 66 TTT_WAIT target=6 elapsed=0s need=2s
LM HO_FAIL_LOW_RSRP UE=67 currCell=1 candCell=5 candRsrp=-113.655 < min=-110
UE 68 TTT_WAIT target=7 elapsed=0s need=2s
LM HO_FAIL_LOW_RSRP UE=69 currCell=1 candCell=2 candRsrp=-110.05 < min=-110
LM HO_FAIL_LOW_RSRP UE=70 currCell=3 candCell=2 candRsrp=-116.884 < min=-110
LM HO_FAIL_LOW_RSRP UE=72 currCell=6 candCell=7 candRsrp=-117.457 < min=-110
UE 74 TTT_WAIT target=6 elapsed=0s need=2s
UE 75 TTT_WAIT target=5 elapsed=0s need=2s
LM HO_FAIL_LOW_RSRP UE=76 currCell=1 candCell=2 candRsrp=-111.685 < min=-110
UE 77 TTT_WAIT target=2 elapsed=0s need=2s
LM HO_FAIL_LOW_RSRP UE=78 currCell=4 candCell=2 candRsrp=-114.988 < min=-110
LM HO_FAIL_LOW_RSRP UE=80 currCell=3 candCell=6 candRsrp=-115.392 < min=-110
LM HO_FAIL_LOW_RSRP UE=81 currCell=2 candCell=7 candRsrp=-115.025 < min=-110
UE 82 TTT_WAIT target=3 elapsed=0s need=2s
UE 83 TTT_WAIT target=1 elapsed=0s need=2s
LM HO_FAIL_LOW_RSRP UE=85 currCell=5 candCell=7 candRsrp=-112.137 < min=-110
LM HO_FAIL_LOW_RSRP UE=86 currCell=3 candCell=6 candRsrp=-116.429 < min=-110
LM HO_FAIL_LOW_RSRP UE=87 currCell=7 candCell=6 candRsrp=-118.567 < min=-110
UE 88 TTT_WAIT target=7 elapsed=0s need=2s
UE 90 TTT_WAIT target=6 elapsed=0s need=2s
LM HO_FAIL_LOW_RSRP UE=91 currCell=2 candCell=1 candRsrp=-110.587 < min=-110
LM HO_FAIL_LOW_RSRP UE=93 currCell=2 candCell=6 candRsrp=-119.391 < min=-110
UE 95 TTT_WAIT target=6 elapsed=0s need=2s
LM HO_FAIL_LOW_RSRP UE=97 currCell=5 candCell=7 candRsrp=-113.751 < min=-110
UE 101 TTT_WAIT target=6 elapsed=0s need=2s
UE 103 TTT_WAIT target=7 elapsed=0s need=2s
UE 104 TTT_WAIT target=2 elapsed=0s need=2s
LM HO_FAIL_LOW_RSRP UE=105 currCell=4 candCell=2 candRsrp=-115.899 < min=-110
LM HO_FAIL_LOW_RSRP UE=106 currCell=1 candCell=5 candRsrp=-113.146 < min=-110
LM HO_FAIL_LOW_RSRP UE=107 currCell=4 candCell=3 candRsrp=-116.223 < min=-110
TRACE HO_SUCCESS Time=58.6151 IMSI=62 TargetCell=2 Type=TN TargetRSRP=-106.2 ServingRSRP=-102.659 BackhaulDlSnr=-999 BackhaulUlSnr=-999
TRACE HO_SUCCESS Time=58.6151 IMSI=40 TargetCell=3 Type=TN TargetRSRP=-98.4377 ServingRSRP=-103.896 BackhaulDlSnr=-999 BackhaulUlSnr=-999
TRACE HO_SUCCESS Time=58.6151 IMSI=30 TargetCell=4 Type=TN TargetRSRP=-109.618 ServingRSRP=-80.6175 BackhaulDlSnr=-999 BackhaulUlSnr=-999
TRACE HO_SUCCESS Time=58.6151 IMSI=29 TargetCell=4 Type=TN TargetRSRP=-121.362 ServingRSRP=-107.099 BackhaulDlSnr=-999 BackhaulUlSnr=-999
UAV_AUTONOMY_XAPP Time=60.5 DeploymentMode=tn-uav UavIndex=0 UavCellId=5 BestDonorCellId=1 BestDonorDistanceM=143.511 XhaulConnected=1 XhaulChannelVariationDb=0 RawXhaulState=HEALTHY RawXhaulStateAgeSec=56 XhaulState=HEALTHY DonorUnavailableActive=0 SatBackhaulHealthy=0 UavSwitchingXappAvailable=0 UavSwitchingXappState=DISABLED AiPredictedBackhaulMode=RULE_BASED BackhaulMode=TN_DIRECT RicControlState=TN_E2 ActiveUavRic=LOCAL_UAV_AUTONOMY NormalUeHandoverAllowed=1 UavMode=TN_CONTROLLED_COVERAGE_EXTENSION
UAV_AUTONOMY_XAPP Time=60.5 DeploymentMode=tn-uav UavIndex=1 UavCellId=6 BestDonorCellId=1 BestDonorDistanceM=110.88 XhaulConnected=1 XhaulChannelVariationDb=0 RawXhaulState=HEALTHY RawXhaulStateAgeSec=56 XhaulState=HEALTHY DonorUnavailableActive=0 SatBackhaulHealthy=0 UavSwitchingXappAvailable=0 UavSwitchingXappState=DISABLED AiPredictedBackhaulMode=RULE_BASED BackhaulMode=TN_DIRECT RicControlState=TN_E2 ActiveUavRic=LOCAL_UAV_AUTONOMY NormalUeHandoverAllowed=1 UavMode=TN_CONTROLLED_COVERAGE_EXTENSION
UAV_AUTONOMY_XAPP Time=60.5 DeploymentMode=tn-uav UavIndex=2 UavCellId=7 BestDonorCellId=1 BestDonorDistanceM=133.08 XhaulConnected=1 XhaulChannelVariationDb=0 RawXhaulState=HEALTHY RawXhaulStateAgeSec=56 XhaulState=HEALTHY DonorUnavailableActive=0 SatBackhaulHealthy=0 UavSwitchingXappAvailable=0 UavSwitchingXappState=DISABLED AiPredictedBackhaulMode=RULE_BASED BackhaulMode=TN_DIRECT RicControlState=TN_E2 ActiveUavRic=LOCAL_UAV_AUTONOMY NormalUeHandoverAllowed=1 UavMode=TN_CONTROLLED_COVERAGE_EXTENSION
---- LOAD at t=60.5 ----
  cell 1 (TN) load=15/20
  cell 2 (TN) load=18/20
  cell 3 (TN) load=18/20
  cell 4 (TN) load=20/20
  cell 5 (NTN) load=12/15
  cell 6 (NTN) load=6/15
  cell 7 (NTN) load=11/15
LM HO UE=8 rnti=199 4->3 type=TN servingRsrp=-105.854 targetRsrp=-77.2294 targetLoadReal=18/20 targetLoadEff=18/20
UE 9 TTT_WAIT target=2 elapsed=0s need=2s
UE 10 TTT_WAIT target=1 elapsed=0s need=2s
UE 13 TTT_WAIT target=7 elapsed=0s need=2s
LM HO UE=16 rnti=130 1->2 type=TN servingRsrp=-112.117 targetRsrp=-109.632 targetLoadReal=18/20 targetLoadEff=18/20
UE 18 TTT_WAIT target=7 elapsed=0s need=2s
UE 19 TTT_WAIT target=5 elapsed=0s need=2s
LM HO_FAIL_LOW_RSRP UE=20 currCell=7 candCell=6 candRsrp=-115.471 < min=-110
UE 21 TTT_WAIT target=1 elapsed=0s need=2s
UE 22 TTT_WAIT target=1 elapsed=0s need=2s
UE 23 TTT_WAIT target=3 elapsed=0s need=2s
UE 24 TTT_WAIT target=3 elapsed=0s need=2s
UE 25 TTT_WAIT target=2 elapsed=0s need=2s
UE 26 TTT_WAIT target=3 elapsed=0s need=2s
UE 28 TTT_WAIT target=5 elapsed=0s need=2s
UE 29 TTT_WAIT target=3 elapsed=0s need=2s
UE 30 TTT_WAIT target=1 elapsed=0s need=2s
UE 31 TTT_WAIT target=1 elapsed=0s need=2s
UE 33 TTT_WAIT target=1 elapsed=0s need=2s
UE 34 TTT_WAIT target=5 elapsed=0s need=2s
UE 35 TTT_WAIT target=1 elapsed=0s need=2s
UE 36 TTT_WAIT target=3 elapsed=0s need=2s
UE 42 TTT_WAIT target=1 elapsed=0s need=2s
LM HO UE=44 rnti=100 2->1 type=TN servingRsrp=-104.005 targetRsrp=-85.1914 targetLoadReal=15/20 targetLoadEff=15/20
LM HO UE=47 rnti=195 4->3 type=TN servingRsrp=-101.646 targetRsrp=-87.6605 targetLoadReal=18/20 targetLoadEff=19/20
LM HO_FAIL_LOW_RSRP UE=49 currCell=3 candCell=6 candRsrp=-111.914 < min=-110
UE 51 TTT_WAIT target=5 elapsed=0s need=2s
UE 52 TTT_WAIT target=1 elapsed=0s need=2s
LM HO UE=53 rnti=113 7->1 type=TN servingRsrp=-108.545 targetRsrp=-97.3664 targetLoadReal=15/20 targetLoadEff=16/20
UE 55 TTT_WAIT target=2 elapsed=0s need=2s
LM HO_FAIL_LOW_RSRP UE=59 currCell=2 candCell=5 candRsrp=-117.742 < min=-110
LM HO_FAIL_LOW_RSRP UE=61 currCell=4 candCell=6 candRsrp=-117.378 < min=-110
UE 62 TTT_WAIT target=5 elapsed=0s need=2s
UE 63 TTT_WAIT target=1 elapsed=0s need=2s
LM HO UE=65 rnti=200 4->6 type=NTN servingRsrp=-104.822 targetRsrp=-88.5506 targetLoadReal=6/15 targetLoadEff=6/15
UE 66 TTT_WAIT target=5 elapsed=0s need=2s
LM HO_FAIL_LOW_RSRP UE=69 currCell=1 candCell=6 candRsrp=-117.106 < min=-110
LM HO_FAIL_LOW_RSRP UE=70 currCell=3 candCell=2 candRsrp=-114.277 < min=-110
LM HO_FAIL_LOW_RSRP UE=71 currCell=4 candCell=6 candRsrp=-118.319 < min=-110
LM HO_FAIL_LOW_RSRP UE=75 currCell=2 candCell=6 candRsrp=-118.32 < min=-110
LM HO_FAIL_LOW_RSRP UE=76 currCell=1 candCell=5 candRsrp=-116.502 < min=-110
UE 77 TTT_WAIT target=1 elapsed=0s need=2s
LM HO_FAIL_LOW_RSRP UE=78 currCell=4 candCell=2 candRsrp=-115.06 < min=-110
UE 79 TTT_WAIT target=6 elapsed=0s need=2s
LM HO_FAIL_LOW_RSRP UE=80 currCell=3 candCell=7 candRsrp=-117.298 < min=-110
LM HO_FAIL_LOW_RSRP UE=81 currCell=2 candCell=6 candRsrp=-116.075 < min=-110
LM HO_FAIL_LOW_RSRP UE=82 currCell=2 candCell=6 candRsrp=-117.592 < min=-110
LM HO_FAIL_LOW_RSRP UE=83 currCell=3 candCell=6 candRsrp=-117.111 < min=-110
UE 84 TTT_WAIT target=1 elapsed=0s need=2s
LM HO_FAIL_LOW_RSRP UE=86 currCell=3 candCell=5 candRsrp=-116.573 < min=-110
UE 87 TTT_WAIT target=2 elapsed=0s need=2s
LM HO_FAIL_LOW_RSRP UE=88 currCell=6 candCell=5 candRsrp=-117.269 < min=-110
UE 89 TTT_WAIT target=1 elapsed=0s need=2s
LM HO_FAIL_LOW_RSRP UE=90 currCell=2 candCell=6 candRsrp=-114.715 < min=-110
LM HO_FAIL_LOW_RSRP UE=91 currCell=2 candCell=6 candRsrp=-113.949 < min=-110
LM HO_FAIL_LOW_RSRP UE=92 currCell=7 candCell=6 candRsrp=-115.136 < min=-110
UE 95 TTT_WAIT target=5 elapsed=0s need=2s
UE 97 TTT_WAIT target=2 elapsed=0s need=2s
LM HO_FAIL_LOW_RSRP UE=98 currCell=7 candCell=6 candRsrp=-120.043 < min=-110
UE 99 TTT_WAIT target=2 elapsed=0s need=2s
LM HO_FAIL_LOW_RSRP UE=101 currCell=3 candCell=6 candRsrp=-118.458 < min=-110
UE 102 TTT_WAIT target=6 elapsed=0s need=2s
UE 103 TTT_WAIT target=5 elapsed=0s need=2s
LM HO_FAIL_LOW_RSRP UE=104 currCell=4 candCell=7 candRsrp=-121.709 < min=-110
UE 105 TTT_WAIT target=2 elapsed=0s need=2s
UE 106 TTT_WAIT target=6 elapsed=0s need=2s
LM HO_FAIL_LOW_RSRP UE=107 currCell=4 candCell=5 candRsrp=-119.79 < min=-110
TRACE HO_SUCCESS Time=60.6151 IMSI=43 TargetCell=1 Type=TN TargetRSRP=-107.039 ServingRSRP=-99.9726 BackhaulDlSnr=-999 BackhaulUlSnr=-999
TRACE HO_SUCCESS Time=60.6151 IMSI=52 TargetCell=1 Type=TN TargetRSRP=-110.717 ServingRSRP=-103.766 BackhaulDlSnr=-999 BackhaulUlSnr=-999
TRACE HO_SUCCESS Time=60.6151 IMSI=15 TargetCell=2 Type=TN TargetRSRP=-108.297 ServingRSRP=-108.727 BackhaulDlSnr=-999 BackhaulUlSnr=-999
TRACE HO_SUCCESS Time=60.6151 IMSI=7 TargetCell=3 Type=TN TargetRSRP=-109.702 ServingRSRP=-108.421 BackhaulDlSnr=-999 BackhaulUlSnr=-999
TRACE HO_SUCCESS Time=60.6151 IMSI=46 TargetCell=3 Type=TN TargetRSRP=-100.705 ServingRSRP=-80.3849 BackhaulDlSnr=-999 BackhaulUlSnr=-999
TRACE HO_SUCCESS Time=60.6151 IMSI=64 TargetCell=6 Type=NTN TargetRSRP=-115.015 ServingRSRP=-105.663 BackhaulDlSnr=-999 BackhaulUlSnr=-999
UAV_AUTONOMY_XAPP Time=62.5 DeploymentMode=tn-uav UavIndex=0 UavCellId=5 BestDonorCellId=1 BestDonorDistanceM=143.511 XhaulConnected=1 XhaulChannelVariationDb=0 RawXhaulState=HEALTHY RawXhaulStateAgeSec=58 XhaulState=HEALTHY DonorUnavailableActive=0 SatBackhaulHealthy=0 UavSwitchingXappAvailable=0 UavSwitchingXappState=DISABLED AiPredictedBackhaulMode=RULE_BASED BackhaulMode=TN_DIRECT RicControlState=TN_E2 ActiveUavRic=LOCAL_UAV_AUTONOMY NormalUeHandoverAllowed=1 UavMode=TN_CONTROLLED_COVERAGE_EXTENSION
UAV_AUTONOMY_XAPP Time=62.5 DeploymentMode=tn-uav UavIndex=1 UavCellId=6 BestDonorCellId=1 BestDonorDistanceM=110.88 XhaulConnected=1 XhaulChannelVariationDb=0 RawXhaulState=HEALTHY RawXhaulStateAgeSec=58 XhaulState=HEALTHY DonorUnavailableActive=0 SatBackhaulHealthy=0 UavSwitchingXappAvailable=0 UavSwitchingXappState=DISABLED AiPredictedBackhaulMode=RULE_BASED BackhaulMode=TN_DIRECT RicControlState=TN_E2 ActiveUavRic=LOCAL_UAV_AUTONOMY NormalUeHandoverAllowed=1 UavMode=TN_CONTROLLED_COVERAGE_EXTENSION
UAV_AUTONOMY_XAPP Time=62.5 DeploymentMode=tn-uav UavIndex=2 UavCellId=7 BestDonorCellId=1 BestDonorDistanceM=133.08 XhaulConnected=1 XhaulChannelVariationDb=0 RawXhaulState=HEALTHY RawXhaulStateAgeSec=58 XhaulState=HEALTHY DonorUnavailableActive=0 SatBackhaulHealthy=0 UavSwitchingXappAvailable=0 UavSwitchingXappState=DISABLED AiPredictedBackhaulMode=RULE_BASED BackhaulMode=TN_DIRECT RicControlState=TN_E2 ActiveUavRic=LOCAL_UAV_AUTONOMY NormalUeHandoverAllowed=1 UavMode=TN_CONTROLLED_COVERAGE_EXTENSION
---- LOAD at t=62.5 ----
  cell 1 (TN) load=16/20
  cell 2 (TN) load=18/20
  cell 3 (TN) load=20/20
  cell 4 (TN) load=17/20
  cell 5 (NTN) load=12/15
  cell 6 (NTN) load=7/15
  cell 7 (NTN) load=10/15
UE 8 TTT_WAIT target=1 elapsed=0s need=2s
UE 9 TTT_WAIT target=6 elapsed=0s need=2s
UE 10 TTT_WAIT target=2 elapsed=0s need=2s
UE 12 TTT_WAIT target=4 elapsed=0s need=2s
UE 15 TTT_WAIT target=4 elapsed=0s need=2s
UE 16 TTT_WAIT target=7 elapsed=0s need=2s
UE 18 TTT_WAIT target=5 elapsed=0s need=2s
UE 19 TTT_WAIT target=4 elapsed=0s need=2s
UE 20 TTT_WAIT target=1 elapsed=0s need=2s
LM HO UE=21 rnti=104 2->1 type=TN servingRsrp=-105.368 targetRsrp=-89.931 targetLoadReal=16/20 targetLoadEff=16/20
UE 22 TTT_WAIT target=2 elapsed=0s need=2s
UE 23 TTT_WAIT target=5 elapsed=0s need=2s
LM HO_FAIL_LOW_RSRP UE=24 currCell=4 candCell=6 candRsrp=-112.409 < min=-110
LM HO UE=25 rnti=117 1->2 type=TN servingRsrp=-79.2023 targetRsrp=-76.2794 targetLoadReal=18/20 targetLoadEff=18/20
UE 26 TTT_WAIT target=7 elapsed=0s need=2s
UE 28 TTT_WAIT target=4 elapsed=0s need=2s
UE 29 TTT_WAIT target=2 elapsed=0s need=2s
UE 31 TTT_WAIT target=7 elapsed=0s need=2s
UE 32 TTT_WAIT target=6 elapsed=0s need=2s
UE 33 TTT_WAIT target=2 elapsed=0s need=2s
LM HO UE=35 rnti=117 2->1 type=TN servingRsrp=-104.654 targetRsrp=-89.9274 targetLoadReal=16/20 targetLoadEff=17/20
UE 36 TTT_WAIT target=6 elapsed=0s need=2s
UE 40 TTT_WAIT target=4 elapsed=0s need=2s
UE 43 TTT_WAIT target=1 elapsed=0s need=2s
UE 45 TTT_WAIT target=2 elapsed=0s need=2s
UE 47 TTT_WAIT target=4 elapsed=0s need=2s
UE 48 TTT_WAIT target=4 elapsed=0s need=2s
UE 49 TTT_WAIT target=4 elapsed=0s need=2s
UE 50 TTT_WAIT target=4 elapsed=0s need=2s
UE 52 TTT_WAIT target=4 elapsed=0s need=2s
UE 53 TTT_WAIT target=5 elapsed=0s need=2s
UE 57 TTT_WAIT target=7 elapsed=0s need=2s
UE 59 TTT_WAIT target=6 elapsed=0s need=2s
UE 60 TTT_WAIT target=7 elapsed=0s need=2s
UE 62 TTT_WAIT target=2 elapsed=0s need=2s
LM HO UE=63 rnti=118 2->1 type=TN servingRsrp=-101.094 targetRsrp=-82.2836 targetLoadReal=16/20 targetLoadEff=18/20
UE 64 TTT_WAIT target=6 elapsed=0s need=2s
UE 65 TTT_WAIT target=2 elapsed=0s need=2s
UE 67 TTT_WAIT target=6 elapsed=0s need=2s
UE 69 TTT_WAIT target=6 elapsed=0s need=2s
UE 70 TTT_WAIT target=4 elapsed=0s need=2s
UE 72 TTT_WAIT target=2 elapsed=0s need=2s
UE 75 TTT_WAIT target=4 elapsed=0s need=2s
LM HO_FAIL_LOW_RSRP UE=77 currCell=3 candCell=4 candRsrp=-115.025 < min=-110
UE 79 TTT_WAIT target=1 elapsed=0s need=2s
LM HO_FAIL_LOW_RSRP UE=80 currCell=3 candCell=4 candRsrp=-110.264 < min=-110
UE 82 TTT_WAIT target=5 elapsed=0s need=2s
UE 83 TTT_WAIT target=6 elapsed=0s need=2s
LM HO_FAIL_LOW_RSRP UE=84 currCell=7 candCell=5 candRsrp=-115.941 < min=-110
UE 86 TTT_WAIT target=6 elapsed=0s need=2s
UE 87 TTT_WAIT target=4 elapsed=0s need=2s
LM HO_FAIL_LOW_RSRP UE=88 currCell=6 candCell=7 candRsrp=-117.158 < min=-110
UE 89 TTT_WAIT target=6 elapsed=0s need=2s
LM HO_FAIL_LOW_RSRP UE=90 currCell=2 candCell=1 candRsrp=-112.706 < min=-110
LM HO_FAIL_LOW_RSRP UE=91 currCell=2 candCell=7 candRsrp=-111.2 < min=-110
LM HO_FAIL_LOW_RSRP UE=93 currCell=2 candCell=5 candRsrp=-120.675 < min=-110
UE 95 TTT_WAIT target=7 elapsed=0s need=2s
UE 96 TTT_WAIT target=6 elapsed=0s need=2s
LM HO UE=97 rnti=85 5->2 type=TN servingRsrp=-117.993 targetRsrp=-78.8939 targetLoadReal=18/20 targetLoadEff=19/20
UE 99 TTT_WAIT target=5 elapsed=0s need=2s
LM HO_FAIL_LOW_RSRP UE=101 currCell=3 candCell=5 candRsrp=-120.37 < min=-110
LM HO_FAIL_LOW_RSRP UE=102 currCell=2 candCell=6 candRsrp=-113.241 < min=-110
UE 103 TTT_WAIT target=6 elapsed=0s need=2s
UE 104 TTT_WAIT target=6 elapsed=0s need=2s
LM HO_FAIL_LOW_RSRP UE=105 currCell=4 candCell=1 candRsrp=-116.722 < min=-110
LM HO_FAIL_LOW_RSRP UE=106 currCell=1 candCell=6 candRsrp=-117.28 < min=-110
UE 107 TTT_WAIT target=5 elapsed=0s need=2s
TRACE HO_SUCCESS Time=62.6151 IMSI=62 TargetCell=1 Type=TN TargetRSRP=-87.2905 ServingRSRP=-105.075 BackhaulDlSnr=-999 BackhaulUlSnr=-999
TRACE HO_SUCCESS Time=62.6151 IMSI=20 TargetCell=1 Type=TN TargetRSRP=-106.049 ServingRSRP=-100.79 BackhaulDlSnr=-999 BackhaulUlSnr=-999
TRACE HO_SUCCESS Time=62.6151 IMSI=34 TargetCell=1 Type=TN TargetRSRP=-109.564 ServingRSRP=-104.036 BackhaulDlSnr=-999 BackhaulUlSnr=-999
TRACE HO_SUCCESS Time=62.6151 IMSI=24 TargetCell=2 Type=TN TargetRSRP=-95.4685 ServingRSRP=-79.2177 BackhaulDlSnr=-999 BackhaulUlSnr=-999
TRACE HO_SUCCESS Time=62.6151 IMSI=96 TargetCell=2 Type=TN TargetRSRP=-117.19 ServingRSRP=-102.763 BackhaulDlSnr=-999 BackhaulUlSnr=-999
UAV_AUTONOMY_XAPP Time=64.5 DeploymentMode=tn-uav UavIndex=0 UavCellId=5 BestDonorCellId=1 BestDonorDistanceM=143.511 XhaulConnected=1 XhaulChannelVariationDb=0 RawXhaulState=HEALTHY RawXhaulStateAgeSec=60 XhaulState=HEALTHY DonorUnavailableActive=0 SatBackhaulHealthy=0 UavSwitchingXappAvailable=0 UavSwitchingXappState=DISABLED AiPredictedBackhaulMode=RULE_BASED BackhaulMode=TN_DIRECT RicControlState=TN_E2 ActiveUavRic=LOCAL_UAV_AUTONOMY NormalUeHandoverAllowed=1 UavMode=TN_CONTROLLED_COVERAGE_EXTENSION
UAV_AUTONOMY_XAPP Time=64.5 DeploymentMode=tn-uav UavIndex=1 UavCellId=6 BestDonorCellId=1 BestDonorDistanceM=110.88 XhaulConnected=1 XhaulChannelVariationDb=0 RawXhaulState=HEALTHY RawXhaulStateAgeSec=60 XhaulState=HEALTHY DonorUnavailableActive=0 SatBackhaulHealthy=0 UavSwitchingXappAvailable=0 UavSwitchingXappState=DISABLED AiPredictedBackhaulMode=RULE_BASED BackhaulMode=TN_DIRECT RicControlState=TN_E2 ActiveUavRic=LOCAL_UAV_AUTONOMY NormalUeHandoverAllowed=1 UavMode=TN_CONTROLLED_COVERAGE_EXTENSION
UAV_AUTONOMY_XAPP Time=64.5 DeploymentMode=tn-uav UavIndex=2 UavCellId=7 BestDonorCellId=1 BestDonorDistanceM=133.08 XhaulConnected=1 XhaulChannelVariationDb=0 RawXhaulState=HEALTHY RawXhaulStateAgeSec=60 XhaulState=HEALTHY DonorUnavailableActive=0 SatBackhaulHealthy=0 UavSwitchingXappAvailable=0 UavSwitchingXappState=DISABLED AiPredictedBackhaulMode=RULE_BASED BackhaulMode=TN_DIRECT RicControlState=TN_E2 ActiveUavRic=LOCAL_UAV_AUTONOMY NormalUeHandoverAllowed=1 UavMode=TN_CONTROLLED_COVERAGE_EXTENSION
---- LOAD at t=64.5 ----
  cell 1 (TN) load=18/20
  cell 2 (TN) load=17/20
  cell 3 (TN) load=20/20
  cell 4 (TN) load=17/20
  cell 5 (NTN) load=11/15
  cell 6 (NTN) load=7/15
  cell 7 (NTN) load=10/15
UE 9 TTT_WAIT target=5 elapsed=0s need=2s
UE 11 TTT_WAIT target=4 elapsed=0s need=2s
LM HO UE=12 rnti=102 2->4 type=TN servingRsrp=-90.9268 targetRsrp=-77.022 targetLoadReal=17/20 targetLoadEff=17/20
UE 14 TTT_WAIT target=1 elapsed=0s need=2s
UE 15 TTT_WAIT target=7 elapsed=0s need=2s
UE 16 TTT_WAIT target=4 elapsed=0s need=2s
UE 17 TTT_WAIT target=2 elapsed=0s need=2s
UE 18 TTT_WAIT target=7 elapsed=0s need=2s
UE 21 TTT_WAIT target=2 elapsed=0s need=2s
UE 27 TTT_WAIT target=4 elapsed=0s need=2s
UE 30 TTT_WAIT target=2 elapsed=0s need=2s
UE 31 TTT_WAIT target=5 elapsed=0s need=2s
UE 34 TTT_WAIT target=1 elapsed=0s need=2s
UE 35 TTT_WAIT target=4 elapsed=0s need=2s
UE 37 TTT_WAIT target=4 elapsed=0s need=2s
UE 38 TTT_WAIT target=6 elapsed=0s need=2s
UE 40 TTT_WAIT target=6 elapsed=0s need=2s
UE 41 TTT_WAIT target=4 elapsed=0s need=2s
UE 42 TTT_WAIT target=4 elapsed=0s need=2s
LM HO UE=45 rnti=87 5->2 type=TN servingRsrp=-106.642 targetRsrp=-94.2444 targetLoadReal=17/20 targetLoadEff=17/20
UE 46 TTT_WAIT target=2 elapsed=0s need=2s
LM HO UE=47 rnti=204 3->4 type=TN servingRsrp=-103.983 targetRsrp=-100.733 targetLoadReal=17/20 targetLoadEff=18/20
LM HO UE=50 rnti=112 6->4 type=TN servingRsrp=-103.671 targetRsrp=-85.4474 targetLoadReal=17/20 targetLoadEff=19/20
UE 51 TTT_WAIT target=2 elapsed=0s need=2s
UE 52 TTT_WAIT target=2 elapsed=0s need=2s
UE 55 TTT_WAIT target=1 elapsed=0s need=2s
UE 58 TTT_WAIT target=7 elapsed=0s need=2s
UE 59 TTT_WAIT target=5 elapsed=0s need=2s
LM HO_FAIL_LOW_RSRP UE=61 currCell=4 candCell=7 candRsrp=-117.883 < min=-110
UE 63 TTT_WAIT target=2 elapsed=0s need=2s
LM HO UE=65 rnti=113 6->2 type=TN servingRsrp=-113.018 targetRsrp=-107.587 targetLoadReal=17/20 targetLoadEff=18/20
UE 66 TTT_WAIT target=2 elapsed=0s need=2s
UE 67 TTT_WAIT target=2 elapsed=0s need=2s
LM HO_FAIL_LOW_RSRP UE=68 currCell=5 candCell=7 candRsrp=-116.787 < min=-110
UE 69 TTT_WAIT target=2 elapsed=0s need=2s
LM HO_FAIL_LOW_RSRP UE=70 currCell=3 candCell=2 candRsrp=-114.713 < min=-110
LM HO_FAIL_LOW_RSRP UE=71 currCell=4 candCell=5 candRsrp=-114.569 < min=-110
UE 73 TTT_WAIT target=6 elapsed=0s need=2s
UE 74 TTT_WAIT target=6 elapsed=0s need=2s
LM HO_FAIL_LOW_RSRP UE=75 currCell=2 candCell=6 candRsrp=-121.318 < min=-110
UE 76 TTT_WAIT target=2 elapsed=0s need=2s
LM HO_FAIL_LOW_RSRP UE=77 currCell=3 candCell=6 candRsrp=-119.564 < min=-110
LM HO_FAIL_LOW_RSRP UE=78 currCell=4 candCell=2 candRsrp=-112.25 < min=-110
LM HO_FAIL_LOW_RSRP UE=79 currCell=5 candCell=7 candRsrp=-112.842 < min=-110
UE 80 TTT_WAIT target=2 elapsed=0s need=2s
UE 82 TTT_WAIT target=1 elapsed=0s need=2s
LM HO_FAIL_LOW_RSRP UE=84 currCell=7 candCell=6 candRsrp=-116.329 < min=-110
UE 86 TTT_WAIT target=7 elapsed=0s need=2s
UE 87 TTT_WAIT target=5 elapsed=0s need=2s
LM HO_FAIL_LOW_RSRP UE=90 currCell=2 candCell=6 candRsrp=-116.908 < min=-110
LM HO_FAIL_LOW_RSRP UE=91 currCell=2 candCell=7 candRsrp=-110.365 < min=-110
LM HO_FAIL_LOW_RSRP UE=93 currCell=2 candCell=1 candRsrp=-114.552 < min=-110
UE 94 TTT_WAIT target=6 elapsed=0s need=2s
UE 95 TTT_WAIT target=2 elapsed=0s need=2s
UE 96 TTT_WAIT target=1 elapsed=0s need=2s
LM HO_FAIL_LOW_RSRP UE=97 currCell=2 candCell=5 candRsrp=-115.966 < min=-110
UE 98 TTT_WAIT target=5 elapsed=0s need=2s
UE 99 TTT_WAIT target=7 elapsed=0s need=2s
LM HO_FAIL_LOW_RSRP UE=103 currCell=1 candCell=6 candRsrp=-110.342 < min=-110
LM HO_FAIL_LOW_RSRP UE=105 currCell=4 candCell=2 candRsrp=-115.338 < min=-110
LM HO_FAIL_LOW_RSRP UE=106 currCell=1 candCell=7 candRsrp=-113.793 < min=-110
LM HO_FAIL_LOW_RSRP UE=107 currCell=4 candCell=6 candRsrp=-119.47 < min=-110
TRACE HO_SUCCESS Time=64.6151 IMSI=44 TargetCell=2 Type=TN TargetRSRP=-112.67 ServingRSRP=-74.4987 BackhaulDlSnr=-999 BackhaulUlSnr=-999
TRACE HO_SUCCESS Time=64.6151 IMSI=64 TargetCell=2 Type=TN TargetRSRP=-108.883 ServingRSRP=-92.1546 BackhaulDlSnr=-999 BackhaulUlSnr=-999
TRACE HO_SUCCESS Time=64.6151 IMSI=11 TargetCell=4 Type=TN TargetRSRP=-114.346 ServingRSRP=-92.0016 BackhaulDlSnr=-999 BackhaulUlSnr=-999
TRACE HO_SUCCESS Time=64.6151 IMSI=46 TargetCell=4 Type=TN TargetRSRP=-101.032 ServingRSRP=-91.5083 BackhaulDlSnr=-999 BackhaulUlSnr=-999
TRACE HO_SUCCESS Time=64.6151 IMSI=49 TargetCell=4 Type=TN TargetRSRP=-105.297 ServingRSRP=-93.929 BackhaulDlSnr=-999 BackhaulUlSnr=-999
UAV_AUTONOMY_XAPP Time=66.5 DeploymentMode=tn-uav UavIndex=0 UavCellId=5 BestDonorCellId=1 BestDonorDistanceM=143.511 XhaulConnected=1 XhaulChannelVariationDb=0 RawXhaulState=HEALTHY RawXhaulStateAgeSec=62 XhaulState=HEALTHY DonorUnavailableActive=0 SatBackhaulHealthy=0 UavSwitchingXappAvailable=0 UavSwitchingXappState=DISABLED AiPredictedBackhaulMode=RULE_BASED BackhaulMode=TN_DIRECT RicControlState=TN_E2 ActiveUavRic=LOCAL_UAV_AUTONOMY NormalUeHandoverAllowed=1 UavMode=TN_CONTROLLED_COVERAGE_EXTENSION
UAV_AUTONOMY_XAPP Time=66.5 DeploymentMode=tn-uav UavIndex=1 UavCellId=6 BestDonorCellId=1 BestDonorDistanceM=110.88 XhaulConnected=1 XhaulChannelVariationDb=0 RawXhaulState=HEALTHY RawXhaulStateAgeSec=62 XhaulState=HEALTHY DonorUnavailableActive=0 SatBackhaulHealthy=0 UavSwitchingXappAvailable=0 UavSwitchingXappState=DISABLED AiPredictedBackhaulMode=RULE_BASED BackhaulMode=TN_DIRECT RicControlState=TN_E2 ActiveUavRic=LOCAL_UAV_AUTONOMY NormalUeHandoverAllowed=1 UavMode=TN_CONTROLLED_COVERAGE_EXTENSION
UAV_AUTONOMY_XAPP Time=66.5 DeploymentMode=tn-uav UavIndex=2 UavCellId=7 BestDonorCellId=1 BestDonorDistanceM=133.08 XhaulConnected=1 XhaulChannelVariationDb=0 RawXhaulState=HEALTHY RawXhaulStateAgeSec=62 XhaulState=HEALTHY DonorUnavailableActive=0 SatBackhaulHealthy=0 UavSwitchingXappAvailable=0 UavSwitchingXappState=DISABLED AiPredictedBackhaulMode=RULE_BASED BackhaulMode=TN_DIRECT RicControlState=TN_E2 ActiveUavRic=LOCAL_UAV_AUTONOMY NormalUeHandoverAllowed=1 UavMode=TN_CONTROLLED_COVERAGE_EXTENSION
---- LOAD at t=66.5 ----
  cell 1 (TN) load=18/20
  cell 2 (TN) load=18/20
  cell 3 (TN) load=19/20
  cell 4 (TN) load=20/20
  cell 5 (NTN) load=10/15
  cell 6 (NTN) load=5/15
  cell 7 (NTN) load=10/15
UE 8 TTT_WAIT target=1 elapsed=0s need=2s
UE 11 TTT_WAIT target=2 elapsed=0s need=2s
UE 14 TTT_WAIT target=3 elapsed=0s need=2s
UE 15 TTT_WAIT target=6 elapsed=0s need=2s
LM HO UE=17 rnti=134 1->2 type=TN servingRsrp=-101.765 targetRsrp=-82.9507 targetLoadReal=18/20 targetLoadEff=18/20
UE 18 TTT_WAIT target=3 elapsed=0s need=2s
LM HO UE=21 rnti=147 1->2 type=TN servingRsrp=-108.678 targetRsrp=-106.14 targetLoadReal=18/20 targetLoadEff=19/20
UE 22 TTT_WAIT target=1 elapsed=0s need=2s
LM HO_FAIL_LOW_RSRP UE=24 currCell=4 candCell=1 candRsrp=-110.598 < min=-110
UE 25 TTT_WAIT target=6 elapsed=0s need=2s
UE 26 TTT_WAIT target=7 elapsed=0s need=2s
UE 27 TTT_WAIT target=5 elapsed=0s need=2s
UE 28 TTT_WAIT target=7 elapsed=0s need=2s
UE 29 TTT_WAIT target=5 elapsed=0s need=2s
LM HO_FAIL_LOW_RSRP UE=30 currCell=4 candCell=1 candRsrp=-113.474 < min=-110
UE 34 TTT_WAIT target=6 elapsed=0s need=2s
UE 37 TTT_WAIT target=3 elapsed=0s need=2s
UE 38 TTT_WAIT target=7 elapsed=0s need=2s
UE 41 TTT_WAIT target=5 elapsed=0s need=2s
UE 42 TTT_WAIT target=6 elapsed=0s need=2s
UE 43 TTT_WAIT target=1 elapsed=0s need=2s
UE 44 TTT_WAIT target=7 elapsed=0s need=2s
UE 45 TTT_WAIT target=1 elapsed=0s need=2s
LM HO_FAIL_LOW_RSRP UE=49 currCell=3 candCell=5 candRsrp=-112.819 < min=-110
UE 50 TTT_WAIT target=1 elapsed=0s need=2s
UE 51 TTT_WAIT target=7 elapsed=0s need=2s
UE 52 TTT_WAIT target=6 elapsed=0s need=2s
UE 53 TTT_WAIT target=3 elapsed=0s need=2s
UE 55 TTT_WAIT target=6 elapsed=0s need=2s
UE 57 TTT_WAIT target=7 elapsed=0s need=2s
UE 58 TTT_WAIT target=1 elapsed=0s need=2s
UE 61 TTT_WAIT target=5 elapsed=0s need=2s
UE 63 TTT_WAIT target=5 elapsed=0s need=2s
UE 64 TTT_WAIT target=6 elapsed=0s need=2s
UE 65 TTT_WAIT target=3 elapsed=0s need=2s
UE 67 TTT_WAIT target=3 elapsed=0s need=2s
LM HO_FAIL_LOW_RSRP UE=68 currCell=5 candCell=7 candRsrp=-118.306 < min=-110
LM HO_FAIL_LOW_RSRP UE=69 currCell=1 candCell=5 candRsrp=-115.772 < min=-110
LM HO_FAIL_LOW_RSRP UE=70 currCell=3 candCell=1 candRsrp=-115.988 < min=-110
UE 71 TTT_WAIT target=3 elapsed=0s need=2s
UE 73 TTT_WAIT target=3 elapsed=0s need=2s
LM HO_FAIL_LOW_RSRP UE=74 currCell=4 candCell=3 candRsrp=-114.287 < min=-110
UE 75 TTT_WAIT target=5 elapsed=0s need=2s
LM HO_FAIL_LOW_RSRP UE=76 currCell=1 candCell=5 candRsrp=-116.184 < min=-110
LM HO_FAIL_LOW_RSRP UE=77 currCell=3 candCell=7 candRsrp=-118.108 < min=-110
LM HO_FAIL_LOW_RSRP UE=78 currCell=4 candCell=1 candRsrp=-113.761 < min=-110
LM HO_FAIL_LOW_RSRP UE=81 currCell=2 candCell=6 candRsrp=-114.241 < min=-110
UE 83 TTT_WAIT target=7 elapsed=0s need=2s
UE 85 TTT_WAIT target=7 elapsed=0s need=2s
LM HO UE=87 rnti=81 7->5 type=NTN servingRsrp=-115.417 targetRsrp=-107.076 targetLoadReal=10/15 targetLoadEff=10/15
LM HO_FAIL_LOW_RSRP UE=89 currCell=7 candCell=6 candRsrp=-118.9 < min=-110
UE 90 TTT_WAIT target=1 elapsed=0s need=2s
UE 91 TTT_WAIT target=1 elapsed=0s need=2s
UE 92 TTT_WAIT target=3 elapsed=0s need=2s
UE 93 TTT_WAIT target=6 elapsed=0s need=2s
UE 94 TTT_WAIT target=5 elapsed=0s need=2s
LM HO_FAIL_LOW_RSRP UE=95 currCell=3 candCell=6 candRsrp=-121.103 < min=-110
LM HO_FAIL_LOW_RSRP UE=96 currCell=5 candCell=7 candRsrp=-118.676 < min=-110
UE 97 TTT_WAIT target=6 elapsed=0s need=2s
UE 98 TTT_WAIT target=3 elapsed=0s need=2s
UE 99 TTT_WAIT target=1 elapsed=0s need=2s
UE 100 TTT_WAIT target=6 elapsed=0s need=2s
LM HO_FAIL_LOW_RSRP UE=101 currCell=3 candCell=7 candRsrp=-120.868 < min=-110
LM HO_FAIL_LOW_RSRP UE=102 currCell=2 candCell=6 candRsrp=-114.621 < min=-110
UE 103 TTT_WAIT target=5 elapsed=0s need=2s
LM HO_FAIL_LOW_RSRP UE=104 currCell=4 candCell=3 candRsrp=-112.971 < min=-110
UE 105 TTT_WAIT target=1 elapsed=0s need=2s
UE 107 TTT_WAIT target=3 elapsed=0s need=2s
TRACE HO_SUCCESS Time=66.6151 IMSI=16 TargetCell=2 Type=TN TargetRSRP=-98.3318 ServingRSRP=-96.0943 BackhaulDlSnr=-999 BackhaulUlSnr=-999
TRACE HO_SUCCESS Time=66.6151 IMSI=20 TargetCell=2 Type=TN TargetRSRP=-104.508 ServingRSRP=-111.002 BackhaulDlSnr=-999 BackhaulUlSnr=-999
TRACE HO_SUCCESS Time=66.6151 IMSI=86 TargetCell=5 Type=NTN TargetRSRP=-128.55 ServingRSRP=-99.4194 BackhaulDlSnr=-999 BackhaulUlSnr=-999
UAV_AUTONOMY_XAPP Time=68.5 DeploymentMode=tn-uav UavIndex=0 UavCellId=5 BestDonorCellId=1 BestDonorDistanceM=143.511 XhaulConnected=1 XhaulChannelVariationDb=0 RawXhaulState=HEALTHY RawXhaulStateAgeSec=64 XhaulState=HEALTHY DonorUnavailableActive=0 SatBackhaulHealthy=0 UavSwitchingXappAvailable=0 UavSwitchingXappState=DISABLED AiPredictedBackhaulMode=RULE_BASED BackhaulMode=TN_DIRECT RicControlState=TN_E2 ActiveUavRic=LOCAL_UAV_AUTONOMY NormalUeHandoverAllowed=1 UavMode=TN_CONTROLLED_COVERAGE_EXTENSION
UAV_AUTONOMY_XAPP Time=68.5 DeploymentMode=tn-uav UavIndex=1 UavCellId=6 BestDonorCellId=1 BestDonorDistanceM=110.88 XhaulConnected=1 XhaulChannelVariationDb=0 RawXhaulState=HEALTHY RawXhaulStateAgeSec=64 XhaulState=HEALTHY DonorUnavailableActive=0 SatBackhaulHealthy=0 UavSwitchingXappAvailable=0 UavSwitchingXappState=DISABLED AiPredictedBackhaulMode=RULE_BASED BackhaulMode=TN_DIRECT RicControlState=TN_E2 ActiveUavRic=LOCAL_UAV_AUTONOMY NormalUeHandoverAllowed=1 UavMode=TN_CONTROLLED_COVERAGE_EXTENSION
UAV_AUTONOMY_XAPP Time=68.5 DeploymentMode=tn-uav UavIndex=2 UavCellId=7 BestDonorCellId=1 BestDonorDistanceM=133.08 XhaulConnected=1 XhaulChannelVariationDb=0 RawXhaulState=HEALTHY RawXhaulStateAgeSec=64 XhaulState=HEALTHY DonorUnavailableActive=0 SatBackhaulHealthy=0 UavSwitchingXappAvailable=0 UavSwitchingXappState=DISABLED AiPredictedBackhaulMode=RULE_BASED BackhaulMode=TN_DIRECT RicControlState=TN_E2 ActiveUavRic=LOCAL_UAV_AUTONOMY NormalUeHandoverAllowed=1 UavMode=TN_CONTROLLED_COVERAGE_EXTENSION
---- LOAD at t=68.5 ----
  cell 1 (TN) load=16/20
  cell 2 (TN) load=20/20
  cell 3 (TN) load=19/20
  cell 4 (TN) load=20/20
  cell 5 (NTN) load=11/15
  cell 6 (NTN) load=5/15
  cell 7 (NTN) load=9/15
UE 8 TTT_WAIT target=5 elapsed=0s need=2s
UE 10 TTT_WAIT target=1 elapsed=0s need=2s
UE 11 TTT_WAIT target=3 elapsed=0s need=2s
UE 12 TTT_WAIT target=1 elapsed=0s need=2s
LM HO UE=15 rnti=112 1->6 type=NTN servingRsrp=-110.31 targetRsrp=-80.1316 targetLoadReal=5/15 targetLoadEff=5/15
UE 16 TTT_WAIT target=1 elapsed=0s need=2s
UE 17 TTT_WAIT target=6 elapsed=0s need=2s
UE 19 TTT_WAIT target=6 elapsed=0s need=2s
UE 20 TTT_WAIT target=6 elapsed=0s need=2s
LM HO UE=22 rnti=199 3->1 type=TN servingRsrp=-113.004 targetRsrp=-106.185 targetLoadReal=16/20 targetLoadEff=16/20
UE 23 TTT_WAIT target=3 elapsed=0s need=2s
UE 24 TTT_WAIT target=6 elapsed=0s need=2s
UE 26 TTT_WAIT target=5 elapsed=0s need=2s
UE 27 TTT_WAIT target=3 elapsed=0s need=2s
LM HO_FAIL_LOW_RSRP UE=28 currCell=3 candCell=6 candRsrp=-112.731 < min=-110
LM HO_FAIL_LOW_RSRP UE=29 currCell=4 candCell=3 candRsrp=-110.692 < min=-110
LM HO_FAIL_LOW_RSRP UE=30 currCell=4 candCell=1 candRsrp=-115.589 < min=-110
UE 31 TTT_WAIT target=3 elapsed=0s need=2s
UE 32 TTT_WAIT target=1 elapsed=0s need=2s
UE 33 TTT_WAIT target=6 elapsed=0s need=2s
UE 34 TTT_WAIT target=7 elapsed=0s need=2s
UE 37 TTT_WAIT target=6 elapsed=0s need=2s
UE 39 TTT_WAIT target=6 elapsed=0s need=2s
UE 40 TTT_WAIT target=7 elapsed=0s need=2s
UE 41 TTT_WAIT target=1 elapsed=0s need=2s
UE 42 TTT_WAIT target=7 elapsed=0s need=2s
UE 43 TTT_WAIT target=5 elapsed=0s need=2s
UE 44 TTT_WAIT target=3 elapsed=0s need=2s
LM HO_FAIL_LOW_RSRP UE=45 currCell=2 candCell=3 candRsrp=-111.082 < min=-110
UE 48 TTT_WAIT target=1 elapsed=0s need=2s
LM HO_FAIL_LOW_RSRP UE=49 currCell=3 candCell=6 candRsrp=-113.711 < min=-110
UE 50 TTT_WAIT target=3 elapsed=0s need=2s
UE 51 TTT_WAIT target=3 elapsed=0s need=2s
UE 52 TTT_WAIT target=1 elapsed=0s need=2s
UE 53 TTT_WAIT target=5 elapsed=0s need=2s
UE 55 TTT_WAIT target=3 elapsed=0s need=2s
UE 57 TTT_WAIT target=1 elapsed=0s need=2s
LM HO UE=58 rnti=89 5->1 type=TN servingRsrp=-111.48 targetRsrp=-105.784 targetLoadReal=16/20 targetLoadEff=17/20
UE 59 TTT_WAIT target=7 elapsed=0s need=2s
UE 62 TTT_WAIT target=3 elapsed=0s need=2s
UE 63 TTT_WAIT target=7 elapsed=0s need=2s
UE 64 TTT_WAIT target=7 elapsed=0s need=2s
LM HO UE=65 rnti=123 2->3 type=TN servingRsrp=-114.733 targetRsrp=-109.677 targetLoadReal=19/20 targetLoadEff=19/20
LM HO_FAIL_LOW_RSRP UE=66 currCell=4 candCell=1 candRsrp=-110.682 < min=-110
LM HO_FAIL_LOW_RSRP UE=67 currCell=1 candCell=7 candRsrp=-114.443 < min=-110
UE 68 TTT_WAIT target=1 elapsed=0s need=2s
UE 69 TTT_WAIT target=7 elapsed=0s need=2s
LM HO_FAIL_LOW_RSRP UE=70 currCell=3 candCell=1 candRsrp=-114.776 < min=-110
UE 72 TTT_WAIT target=1 elapsed=0s need=2s
LM HO_FAIL_LOW_RSRP UE=74 currCell=4 candCell=6 candRsrp=-117.7 < min=-110
LM HO_FAIL_LOW_RSRP UE=76 currCell=1 candCell=6 candRsrp=-116.826 < min=-110
LM HO_FAIL_LOW_RSRP UE=77 currCell=3 candCell=6 candRsrp=-115.854 < min=-110
LM HO_FAIL_LOW_RSRP UE=78 currCell=4 candCell=6 candRsrp=-119.047 < min=-110
LM HO_FAIL_LOW_RSRP UE=79 currCell=5 candCell=6 candRsrp=-115.352 < min=-110
LM HO_FAIL_LOW_RSRP UE=80 currCell=3 candCell=6 candRsrp=-116.759 < min=-110
LM HO_FAIL_LOW_RSRP UE=81 currCell=2 candCell=6 candRsrp=-116.609 < min=-110
LM HO_FAIL_LOW_RSRP UE=82 currCell=2 candCell=5 candRsrp=-117.412 < min=-110
LM HO_FAIL_LOW_RSRP UE=83 currCell=3 candCell=6 candRsrp=-116.891 < min=-110
UE 84 TTT_WAIT target=1 elapsed=0s need=2s
LM HO_FAIL_LOW_RSRP UE=86 currCell=3 candCell=6 candRsrp=-118.928 < min=-110
LM HO_FAIL_LOW_RSRP UE=87 currCell=5 candCell=6 candRsrp=-116.626 < min=-110
LM HO_FAIL_LOW_RSRP UE=90 currCell=2 candCell=6 candRsrp=-113.894 < min=-110
LM HO_FAIL_LOW_RSRP UE=91 currCell=2 candCell=5 candRsrp=-113.266 < min=-110
LM HO_FAIL_LOW_RSRP UE=92 currCell=7 candCell=6 candRsrp=-120.558 < min=-110
UE 93 TTT_WAIT target=1 elapsed=0s need=2s
LM HO_FAIL_LOW_RSRP UE=96 currCell=5 candCell=6 candRsrp=-116.626 < min=-110
LM HO_FAIL_LOW_RSRP UE=98 currCell=7 candCell=6 candRsrp=-110.071 < min=-110
LM HO UE=100 rnti=108 7->6 type=NTN servingRsrp=-115.25 targetRsrp=-107.817 targetLoadReal=5/15 targetLoadEff=6/15
LM HO_FAIL_LOW_RSRP UE=101 currCell=3 candCell=7 candRsrp=-117.187 < min=-110
UE 102 TTT_WAIT target=1 elapsed=0s need=2s
UE 103 TTT_WAIT target=7 elapsed=0s need=2s
LM HO_FAIL_LOW_RSRP UE=105 currCell=4 candCell=1 candRsrp=-114.022 < min=-110
LM HO_FAIL_LOW_RSRP UE=106 currCell=1 candCell=7 candRsrp=-114.428 < min=-110
UE 107 TTT_WAIT target=7 elapsed=0s need=2s
TRACE HO_SUCCESS Time=68.6151 IMSI=21 TargetCell=1 Type=TN TargetRSRP=-107.054 ServingRSRP=-107.935 BackhaulDlSnr=-999 BackhaulUlSnr=-999
TRACE HO_SUCCESS Time=68.6151 IMSI=57 TargetCell=1 Type=TN TargetRSRP=-110.595 ServingRSRP=-104.777 BackhaulDlSnr=-999 BackhaulUlSnr=-999
TRACE HO_SUCCESS Time=68.6151 IMSI=64 TargetCell=3 Type=TN TargetRSRP=-78.8704 ServingRSRP=-85.396 BackhaulDlSnr=-999 BackhaulUlSnr=-999
TRACE HO_SUCCESS Time=68.6151 IMSI=14 TargetCell=6 Type=NTN TargetRSRP=-116.516 ServingRSRP=-78.321 BackhaulDlSnr=-999 BackhaulUlSnr=-999
TRACE HO_SUCCESS Time=68.6151 IMSI=99 TargetCell=6 Type=NTN TargetRSRP=-118.708 ServingRSRP=-106.068 BackhaulDlSnr=-999 BackhaulUlSnr=-999
UAV_AUTONOMY_XAPP Time=70.5 DeploymentMode=tn-uav UavIndex=0 UavCellId=5 BestDonorCellId=1 BestDonorDistanceM=143.511 XhaulConnected=1 XhaulChannelVariationDb=0 RawXhaulState=HEALTHY RawXhaulStateAgeSec=66 XhaulState=HEALTHY DonorUnavailableActive=0 SatBackhaulHealthy=0 UavSwitchingXappAvailable=0 UavSwitchingXappState=DISABLED AiPredictedBackhaulMode=RULE_BASED BackhaulMode=TN_DIRECT RicControlState=TN_E2 ActiveUavRic=LOCAL_UAV_AUTONOMY NormalUeHandoverAllowed=1 UavMode=TN_CONTROLLED_COVERAGE_EXTENSION
UAV_AUTONOMY_XAPP Time=70.5 DeploymentMode=tn-uav UavIndex=1 UavCellId=6 BestDonorCellId=1 BestDonorDistanceM=110.88 XhaulConnected=1 XhaulChannelVariationDb=0 RawXhaulState=HEALTHY RawXhaulStateAgeSec=66 XhaulState=HEALTHY DonorUnavailableActive=0 SatBackhaulHealthy=0 UavSwitchingXappAvailable=0 UavSwitchingXappState=DISABLED AiPredictedBackhaulMode=RULE_BASED BackhaulMode=TN_DIRECT RicControlState=TN_E2 ActiveUavRic=LOCAL_UAV_AUTONOMY NormalUeHandoverAllowed=1 UavMode=TN_CONTROLLED_COVERAGE_EXTENSION
UAV_AUTONOMY_XAPP Time=70.5 DeploymentMode=tn-uav UavIndex=2 UavCellId=7 BestDonorCellId=1 BestDonorDistanceM=133.08 XhaulConnected=1 XhaulChannelVariationDb=0 RawXhaulState=HEALTHY RawXhaulStateAgeSec=66 XhaulState=HEALTHY DonorUnavailableActive=0 SatBackhaulHealthy=0 UavSwitchingXappAvailable=0 UavSwitchingXappState=DISABLED AiPredictedBackhaulMode=RULE_BASED BackhaulMode=TN_DIRECT RicControlState=TN_E2 ActiveUavRic=LOCAL_UAV_AUTONOMY NormalUeHandoverAllowed=1 UavMode=TN_CONTROLLED_COVERAGE_EXTENSION
---- LOAD at t=70.5 ----
  cell 1 (TN) load=17/20
  cell 2 (TN) load=19/20
  cell 3 (TN) load=19/20
  cell 4 (TN) load=20/20
  cell 5 (NTN) load=10/15
  cell 6 (NTN) load=7/15
  cell 7 (NTN) load=8/15
LM HO_FAIL_LOW_RSRP UE=8 currCell=3 candCell=7 candRsrp=-114.439 < min=-110
UE 9 TTT_WAIT target=2 elapsed=0s need=2s
LM HO_FAIL_LOW_RSRP UE=10 currCell=3 candCell=5 candRsrp=-117.728 < min=-110
UE 11 TTT_WAIT target=6 elapsed=0s need=2s
UE 12 TTT_WAIT target=2 elapsed=0s need=2s
UE 15 TTT_WAIT target=1 elapsed=0s need=2s
LM HO_FAIL_LOW_RSRP UE=16 currCell=2 candCell=1 candRsrp=-110.186 < min=-110
LM HO_FAIL_LOW_RSRP UE=18 currCell=1 candCell=3 candRsrp=-110.912 < min=-110
UE 20 TTT_WAIT target=3 elapsed=0s need=2s
UE 23 TTT_WAIT target=2 elapsed=0s need=2s
UE 24 TTT_WAIT target=1 elapsed=0s need=2s
UE 25 TTT_WAIT target=1 elapsed=0s need=2s
UE 26 TTT_WAIT target=7 elapsed=0s need=2s
UE 29 TTT_WAIT target=3 elapsed=0s need=2s
UE 30 TTT_WAIT target=3 elapsed=0s need=2s
UE 31 TTT_WAIT target=1 elapsed=0s need=2s
LM HO_FAIL_LOW_RSRP UE=34 currCell=2 candCell=7 candRsrp=-114.877 < min=-110
UE 35 TTT_WAIT target=2 elapsed=0s need=2s
UE 36 TTT_WAIT target=3 elapsed=0s need=2s
UE 37 TTT_WAIT target=1 elapsed=0s need=2s
UE 38 TTT_WAIT target=7 elapsed=0s need=2s
LM HO UE=40 rnti=86 5->7 type=NTN servingRsrp=-81.0265 targetRsrp=-72.8192 targetLoadReal=8/15 targetLoadEff=8/15
LM HO UE=42 rnti=84 5->7 type=NTN servingRsrp=-112.3 targetRsrp=-83.9403 targetLoadReal=8/15 targetLoadEff=9/15
UE 43 TTT_WAIT target=1 elapsed=0s need=2s
UE 44 TTT_WAIT target=2 elapsed=0s need=2s
LM HO_FAIL_LOW_RSRP UE=45 currCell=2 candCell=1 candRsrp=-111.712 < min=-110
LM HO_FAIL_LOW_RSRP UE=49 currCell=3 candCell=5 candRsrp=-112.851 < min=-110
UE 50 TTT_WAIT target=2 elapsed=0s need=2s
LM HO UE=51 rnti=116 1->3 type=TN servingRsrp=-110.242 targetRsrp=-91.9795 targetLoadReal=19/20 targetLoadEff=19/20
UE 52 TTT_WAIT target=2 elapsed=0s need=2s
LM HO UE=53 rnti=146 1->5 type=NTN servingRsrp=-110.783 targetRsrp=-109.782 targetLoadReal=10/15 targetLoadEff=10/15
UE 54 TTT_WAIT target=7 elapsed=0s need=2s
UE 55 TTT_WAIT target=2 elapsed=0s need=2s
UE 58 TTT_WAIT target=6 elapsed=0s need=2s
UE 59 TTT_WAIT target=1 elapsed=0s need=2s
UE 60 TTT_WAIT target=2 elapsed=0s need=2s
LM HO_FAIL_LOW_RSRP UE=61 currCell=4 candCell=5 candRsrp=-116.314 < min=-110
UE 62 TTT_WAIT target=1 elapsed=0s need=2s
UE 63 TTT_WAIT target=2 elapsed=0s need=2s
LM HO UE=64 rnti=88 5->7 type=NTN servingRsrp=-99.4778 targetRsrp=-91.7012 targetLoadReal=8/15 targetLoadEff=10/15
UE 66 TTT_WAIT target=5 elapsed=0s need=2s
UE 67 TTT_WAIT target=2 elapsed=0s need=2s
LM HO_FAIL_LOW_RSRP UE=68 currCell=5 candCell=6 candRsrp=-113.24 < min=-110
UE 69 TTT_WAIT target=2 elapsed=0s need=2s
LM HO_FAIL_LOW_RSRP UE=70 currCell=3 candCell=5 candRsrp=-115.433 < min=-110
UE 71 TTT_WAIT target=1 elapsed=0s need=2s
LM HO_FAIL_LOW_RSRP UE=73 currCell=7 candCell=5 candRsrp=-114.386 < min=-110
LM HO_FAIL_LOW_RSRP UE=74 currCell=4 candCell=5 candRsrp=-119.529 < min=-110
UE 75 TTT_WAIT target=6 elapsed=0s need=2s
UE 76 TTT_WAIT target=2 elapsed=0s need=2s
LM HO_FAIL_LOW_RSRP UE=77 currCell=3 candCell=5 candRsrp=-118.358 < min=-110
UE 78 TTT_WAIT target=2 elapsed=0s need=2s
UE 79 TTT_WAIT target=1 elapsed=0s need=2s
LM HO_FAIL_LOW_RSRP UE=80 currCell=3 candCell=6 candRsrp=-119.051 < min=-110
LM HO_FAIL_LOW_RSRP UE=81 currCell=2 candCell=7 candRsrp=-118.693 < min=-110
LM HO_FAIL_LOW_RSRP UE=82 currCell=2 candCell=7 candRsrp=-120.024 < min=-110
UE 83 TTT_WAIT target=6 elapsed=0s need=2s
UE 85 TTT_WAIT target=6 elapsed=0s need=2s
LM HO_FAIL_LOW_RSRP UE=88 currCell=6 candCell=7 candRsrp=-115.453 < min=-110
LM HO_FAIL_LOW_RSRP UE=89 currCell=7 candCell=6 candRsrp=-118.222 < min=-110
UE 90 TTT_WAIT target=1 elapsed=0s need=2s
LM HO_FAIL_LOW_RSRP UE=91 currCell=2 candCell=1 candRsrp=-111.051 < min=-110
LM HO_FAIL_LOW_RSRP UE=92 currCell=7 candCell=5 candRsrp=-121.039 < min=-110
UE 93 TTT_WAIT target=6 elapsed=0s need=2s
UE 94 TTT_WAIT target=1 elapsed=0s need=2s
LM HO_FAIL_LOW_RSRP UE=95 currCell=3 candCell=6 candRsrp=-111.663 < min=-110
UE 96 TTT_WAIT target=2 elapsed=0s need=2s
LM HO_FAIL_LOW_RSRP UE=97 currCell=2 candCell=1 candRsrp=-113.54 < min=-110
UE 101 TTT_WAIT target=2 elapsed=0s need=2s
UE 104 TTT_WAIT target=2 elapsed=0s need=2s
LM HO_FAIL_LOW_RSRP UE=105 currCell=4 candCell=2 candRsrp=-110.675 < min=-110
LM HO_FAIL_LOW_RSRP UE=107 currCell=4 candCell=2 candRsrp=-117.342 < min=-110
TRACE HO_SUCCESS Time=70.6151 IMSI=50 TargetCell=3 Type=TN TargetRSRP=-116.838 ServingRSRP=-106.702 BackhaulDlSnr=-999 BackhaulUlSnr=-999
TRACE HO_SUCCESS Time=70.6151 IMSI=52 TargetCell=5 Type=NTN TargetRSRP=-115.224 ServingRSRP=-91.0979 BackhaulDlSnr=-999 BackhaulUlSnr=-999
TRACE HO_SUCCESS Time=70.6151 IMSI=63 TargetCell=7 Type=NTN TargetRSRP=-115.221 ServingRSRP=-105.075 BackhaulDlSnr=-999 BackhaulUlSnr=-999
TRACE HO_SUCCESS Time=70.6151 IMSI=39 TargetCell=7 Type=NTN TargetRSRP=-104.823 ServingRSRP=-92.918 BackhaulDlSnr=-999 BackhaulUlSnr=-999
TRACE HO_SUCCESS Time=70.6151 IMSI=41 TargetCell=7 Type=NTN TargetRSRP=-113.326 ServingRSRP=-84.4788 BackhaulDlSnr=-999 BackhaulUlSnr=-999
UAV_AUTONOMY_XAPP Time=72.5 DeploymentMode=tn-uav UavIndex=0 UavCellId=5 BestDonorCellId=1 BestDonorDistanceM=143.511 XhaulConnected=1 XhaulChannelVariationDb=0 RawXhaulState=HEALTHY RawXhaulStateAgeSec=68 XhaulState=HEALTHY DonorUnavailableActive=0 SatBackhaulHealthy=0 UavSwitchingXappAvailable=0 UavSwitchingXappState=DISABLED AiPredictedBackhaulMode=RULE_BASED BackhaulMode=TN_DIRECT RicControlState=TN_E2 ActiveUavRic=LOCAL_UAV_AUTONOMY NormalUeHandoverAllowed=1 UavMode=TN_CONTROLLED_COVERAGE_EXTENSION
UAV_AUTONOMY_XAPP Time=72.5 DeploymentMode=tn-uav UavIndex=1 UavCellId=6 BestDonorCellId=1 BestDonorDistanceM=110.88 XhaulConnected=1 XhaulChannelVariationDb=0 RawXhaulState=HEALTHY RawXhaulStateAgeSec=68 XhaulState=HEALTHY DonorUnavailableActive=0 SatBackhaulHealthy=0 UavSwitchingXappAvailable=0 UavSwitchingXappState=DISABLED AiPredictedBackhaulMode=RULE_BASED BackhaulMode=TN_DIRECT RicControlState=TN_E2 ActiveUavRic=LOCAL_UAV_AUTONOMY NormalUeHandoverAllowed=1 UavMode=TN_CONTROLLED_COVERAGE_EXTENSION
UAV_AUTONOMY_XAPP Time=72.5 DeploymentMode=tn-uav UavIndex=2 UavCellId=7 BestDonorCellId=1 BestDonorDistanceM=133.08 XhaulConnected=1 XhaulChannelVariationDb=0 RawXhaulState=HEALTHY RawXhaulStateAgeSec=68 XhaulState=HEALTHY DonorUnavailableActive=0 SatBackhaulHealthy=0 UavSwitchingXappAvailable=0 UavSwitchingXappState=DISABLED AiPredictedBackhaulMode=RULE_BASED BackhaulMode=TN_DIRECT RicControlState=TN_E2 ActiveUavRic=LOCAL_UAV_AUTONOMY NormalUeHandoverAllowed=1 UavMode=TN_CONTROLLED_COVERAGE_EXTENSION
---- LOAD at t=72.5 ----
  cell 1 (TN) load=15/20
  cell 2 (TN) load=19/20
  cell 3 (TN) load=20/20
  cell 4 (TN) load=20/20
  cell 5 (NTN) load=8/15
  cell 6 (NTN) load=7/15
  cell 7 (NTN) load=11/15
UE 8 TTT_WAIT target=5 elapsed=0s need=2s
LM HO UE=9 rnti=129 1->2 type=TN servingRsrp=-111.416 targetRsrp=-105.858 targetLoadReal=19/20 targetLoadEff=19/20
LM HO UE=11 rnti=141 1->6 type=NTN servingRsrp=-113.009 targetRsrp=-81.802 targetLoadReal=7/15 targetLoadEff=7/15
LM HO_FAIL_LOW_RSRP UE=12 currCell=4 candCell=7 candRsrp=-116.25 < min=-110
UE 14 TTT_WAIT target=5 elapsed=0s need=2s
UE 15 TTT_WAIT target=7 elapsed=0s need=2s
LM HO_FAIL_LOW_RSRP UE=16 currCell=2 candCell=5 candRsrp=-112.71 < min=-110
UE 17 TTT_WAIT target=1 elapsed=0s need=2s
LM HO_FAIL_LOW_RSRP UE=18 currCell=1 candCell=5 candRsrp=-111.801 < min=-110
UE 21 TTT_WAIT target=1 elapsed=0s need=2s
UE 22 TTT_WAIT target=5 elapsed=0s need=2s
UE 23 TTT_WAIT target=7 elapsed=0s need=2s
UE 27 TTT_WAIT target=5 elapsed=0s need=2s
LM HO_FAIL_LOW_RSRP UE=29 currCell=4 candCell=6 candRsrp=-117.659 < min=-110
LM HO_FAIL_LOW_RSRP UE=30 currCell=4 candCell=1 candRsrp=-114.712 < min=-110
LM HO_FAIL_LOW_RSRP UE=31 currCell=4 candCell=1 candRsrp=-112.152 < min=-110
UE 35 TTT_WAIT target=7 elapsed=0s need=2s
LM HO UE=37 rnti=55 2->1 type=TN servingRsrp=-99.8097 targetRsrp=-85.2619 targetLoadReal=15/20 targetLoadEff=15/20
UE 38 TTT_WAIT target=6 elapsed=0s need=2s
UE 41 TTT_WAIT target=1 elapsed=0s need=2s
LM HO_FAIL_LOW_RSRP UE=42 currCell=7 candCell=5 candRsrp=-112.825 < min=-110
LM HO_FAIL_LOW_RSRP UE=43 currCell=2 candCell=1 candRsrp=-110.203 < min=-110
UE 44 TTT_WAIT target=6 elapsed=0s need=2s
UE 45 TTT_WAIT target=1 elapsed=0s need=2s
LM HO_FAIL_LOW_RSRP UE=48 currCell=3 candCell=7 candRsrp=-115.371 < min=-110
LM HO_FAIL_LOW_RSRP UE=49 currCell=3 candCell=5 candRsrp=-115.601 < min=-110
UE 50 TTT_WAIT target=1 elapsed=0s need=2s
UE 51 TTT_WAIT target=1 elapsed=0s need=2s
UE 52 TTT_WAIT target=6 elapsed=0s need=2s
UE 55 TTT_WAIT target=1 elapsed=0s need=2s
UE 57 TTT_WAIT target=5 elapsed=0s need=2s
LM HO UE=58 rnti=151 1->6 type=NTN servingRsrp=-112.213 targetRsrp=-98.4623 targetLoadReal=7/15 targetLoadEff=8/15
UE 61 TTT_WAIT target=5 elapsed=0s need=2s
LM HO UE=62 rnti=201 4->1 type=TN servingRsrp=-111.31 targetRsrp=-108.241 targetLoadReal=15/20 targetLoadEff=16/20
LM HO_FAIL_LOW_RSRP UE=63 currCell=1 candCell=7 candRsrp=-115.787 < min=-110
UE 64 TTT_WAIT target=5 elapsed=0s need=2s
UE 65 TTT_WAIT target=1 elapsed=0s need=2s
LM HO_FAIL_LOW_RSRP UE=66 currCell=4 candCell=7 candRsrp=-111.294 < min=-110
LM HO_FAIL_LOW_RSRP UE=67 currCell=1 candCell=7 candRsrp=-115.373 < min=-110
LM HO_FAIL_LOW_RSRP UE=68 currCell=5 candCell=6 candRsrp=-114.312 < min=-110
LM HO_FAIL_LOW_RSRP UE=70 currCell=3 candCell=1 candRsrp=-116.159 < min=-110
UE 71 TTT_WAIT target=6 elapsed=0s need=2s
UE 72 TTT_WAIT target=1 elapsed=0s need=2s
UE 73 TTT_WAIT target=5 elapsed=0s need=2s
UE 74 TTT_WAIT target=1 elapsed=0s need=2s
LM HO_FAIL_LOW_RSRP UE=75 currCell=2 candCell=7 candRsrp=-119.567 < min=-110
LM HO_FAIL_LOW_RSRP UE=76 currCell=1 candCell=7 candRsrp=-115.81 < min=-110
UE 77 TTT_WAIT target=5 elapsed=0s need=2s
LM HO_FAIL_LOW_RSRP UE=78 currCell=4 candCell=1 candRsrp=-116.271 < min=-110
LM HO_FAIL_LOW_RSRP UE=79 currCell=5 candCell=7 candRsrp=-116.117 < min=-110
LM HO_FAIL_LOW_RSRP UE=80 currCell=3 candCell=6 candRsrp=-121.491 < min=-110
LM HO_FAIL_LOW_RSRP UE=82 currCell=2 candCell=1 candRsrp=-115.225 < min=-110
LM HO_FAIL_LOW_RSRP UE=83 currCell=3 candCell=6 candRsrp=-118.996 < min=-110
LM HO_FAIL_LOW_RSRP UE=84 currCell=7 candCell=6 candRsrp=-117.515 < min=-110
UE 85 TTT_WAIT target=1 elapsed=0s need=2s
UE 86 TTT_WAIT target=7 elapsed=0s need=2s
LM HO_FAIL_LOW_RSRP UE=87 currCell=5 candCell=6 candRsrp=-112.694 < min=-110
UE 89 TTT_WAIT target=6 elapsed=0s need=2s
UE 93 TTT_WAIT target=7 elapsed=0s need=2s
LM HO_FAIL_LOW_RSRP UE=96 currCell=5 candCell=6 candRsrp=-117.03 < min=-110
LM HO_FAIL_LOW_RSRP UE=97 currCell=2 candCell=5 candRsrp=-113.512 < min=-110
LM HO_FAIL_LOW_RSRP UE=100 currCell=6 candCell=7 candRsrp=-112.136 < min=-110
LM HO_FAIL_LOW_RSRP UE=102 currCell=2 candCell=6 candRsrp=-116.733 < min=-110
LM HO_FAIL_LOW_RSRP UE=103 currCell=1 candCell=7 candRsrp=-113.539 < min=-110
UE 104 TTT_WAIT target=1 elapsed=0s need=2s
LM HO_FAIL_LOW_RSRP UE=105 currCell=4 candCell=1 candRsrp=-116.721 < min=-110
UE 106 TTT_WAIT target=7 elapsed=0s need=2s
LM HO_FAIL_LOW_RSRP UE=107 currCell=4 candCell=5 candRsrp=-118.381 < min=-110
TRACE HO_SUCCESS Time=72.6151 IMSI=36 TargetCell=1 Type=TN TargetRSRP=-97.2036 ServingRSRP=-94.5086 BackhaulDlSnr=-999 BackhaulUlSnr=-999
TRACE HO_SUCCESS Time=72.6151 IMSI=61 TargetCell=1 Type=TN TargetRSRP=-110.139 ServingRSRP=-90.7894 BackhaulDlSnr=-999 BackhaulUlSnr=-999
TRACE HO_SUCCESS Time=72.6151 IMSI=8 TargetCell=2 Type=TN TargetRSRP=-111.668 ServingRSRP=-110.519 BackhaulDlSnr=-999 BackhaulUlSnr=-999
TRACE HO_SUCCESS Time=72.6151 IMSI=10 TargetCell=6 Type=NTN TargetRSRP=-114.097 ServingRSRP=-106.863 BackhaulDlSnr=-999 BackhaulUlSnr=-999
TRACE HO_SUCCESS Time=72.6151 IMSI=57 TargetCell=6 Type=NTN TargetRSRP=-88.5269 ServingRSRP=-88.7857 BackhaulDlSnr=-999 BackhaulUlSnr=-999
UAV_AUTONOMY_XAPP Time=74.5 DeploymentMode=tn-uav UavIndex=0 UavCellId=5 BestDonorCellId=1 BestDonorDistanceM=143.511 XhaulConnected=1 XhaulChannelVariationDb=0 RawXhaulState=HEALTHY RawXhaulStateAgeSec=70 XhaulState=HEALTHY DonorUnavailableActive=0 SatBackhaulHealthy=0 UavSwitchingXappAvailable=0 UavSwitchingXappState=DISABLED AiPredictedBackhaulMode=RULE_BASED BackhaulMode=TN_DIRECT RicControlState=TN_E2 ActiveUavRic=LOCAL_UAV_AUTONOMY NormalUeHandoverAllowed=1 UavMode=TN_CONTROLLED_COVERAGE_EXTENSION
UAV_AUTONOMY_XAPP Time=74.5 DeploymentMode=tn-uav UavIndex=1 UavCellId=6 BestDonorCellId=1 BestDonorDistanceM=110.88 XhaulConnected=1 XhaulChannelVariationDb=0 RawXhaulState=HEALTHY RawXhaulStateAgeSec=70 XhaulState=HEALTHY DonorUnavailableActive=0 SatBackhaulHealthy=0 UavSwitchingXappAvailable=0 UavSwitchingXappState=DISABLED AiPredictedBackhaulMode=RULE_BASED BackhaulMode=TN_DIRECT RicControlState=TN_E2 ActiveUavRic=LOCAL_UAV_AUTONOMY NormalUeHandoverAllowed=1 UavMode=TN_CONTROLLED_COVERAGE_EXTENSION
UAV_AUTONOMY_XAPP Time=74.5 DeploymentMode=tn-uav UavIndex=2 UavCellId=7 BestDonorCellId=1 BestDonorDistanceM=133.08 XhaulConnected=1 XhaulChannelVariationDb=0 RawXhaulState=HEALTHY RawXhaulStateAgeSec=70 XhaulState=HEALTHY DonorUnavailableActive=0 SatBackhaulHealthy=0 UavSwitchingXappAvailable=0 UavSwitchingXappState=DISABLED AiPredictedBackhaulMode=RULE_BASED BackhaulMode=TN_DIRECT RicControlState=TN_E2 ActiveUavRic=LOCAL_UAV_AUTONOMY NormalUeHandoverAllowed=1 UavMode=TN_CONTROLLED_COVERAGE_EXTENSION
---- LOAD at t=74.5 ----
  cell 1 (TN) load=14/20
  cell 2 (TN) load=19/20
  cell 3 (TN) load=20/20
  cell 4 (TN) load=19/20
  cell 5 (NTN) load=8/15
  cell 6 (NTN) load=9/15
  cell 7 (NTN) load=11/15
UE 8 TTT_WAIT target=4 elapsed=0s need=2s
UE 10 TTT_WAIT target=2 elapsed=0s need=2s
UE 11 TTT_WAIT target=2 elapsed=0s need=2s
UE 12 TTT_WAIT target=6 elapsed=0s need=2s
UE 13 TTT_WAIT target=4 elapsed=0s need=2s
UE 14 TTT_WAIT target=1 elapsed=0s need=2s
UE 15 TTT_WAIT target=5 elapsed=0s need=2s
LM HO_FAIL_LOW_RSRP UE=16 currCell=2 candCell=1 candRsrp=-110.253 < min=-110
UE 19 TTT_WAIT target=4 elapsed=0s need=2s
LM HO_FAIL_LOW_RSRP UE=20 currCell=7 candCell=6 candRsrp=-119.081 < min=-110
UE 22 TTT_WAIT target=4 elapsed=0s need=2s
UE 23 TTT_WAIT target=4 elapsed=0s need=2s
UE 26 TTT_WAIT target=2 elapsed=0s need=2s
UE 27 TTT_WAIT target=4 elapsed=0s need=2s
LM HO_FAIL_LOW_RSRP UE=29 currCell=4 candCell=6 candRsrp=-117.158 < min=-110
LM HO_FAIL_LOW_RSRP UE=30 currCell=4 candCell=2 candRsrp=-110.726 < min=-110
UE 31 TTT_WAIT target=2 elapsed=0s need=2s
UE 32 TTT_WAIT target=4 elapsed=0s need=2s
UE 33 TTT_WAIT target=2 elapsed=0s need=2s
LM HO_FAIL_LOW_RSRP UE=34 currCell=2 candCell=1 candRsrp=-110.703 < min=-110
UE 35 TTT_WAIT target=2 elapsed=0s need=2s
UE 37 TTT_WAIT target=2 elapsed=0s need=2s
UE 40 TTT_WAIT target=5 elapsed=0s need=2s
UE 42 TTT_WAIT target=1 elapsed=0s need=2s
UE 43 TTT_WAIT target=1 elapsed=0s need=2s
UE 44 TTT_WAIT target=4 elapsed=0s need=2s
UE 45 TTT_WAIT target=5 elapsed=0s need=2s
UE 46 TTT_WAIT target=2 elapsed=0s need=2s
UE 48 TTT_WAIT target=2 elapsed=0s need=2s
LM HO_FAIL_LOW_RSRP UE=49 currCell=3 candCell=4 candRsrp=-110.432 < min=-110
UE 50 TTT_WAIT target=2 elapsed=0s need=2s
UE 51 TTT_WAIT target=2 elapsed=0s need=2s
LM HO UE=52 rnti=200 3->6 type=NTN servingRsrp=-108.382 targetRsrp=-100.545 targetLoadReal=9/15 targetLoadEff=9/15
UE 54 TTT_WAIT target=4 elapsed=0s need=2s
UE 57 TTT_WAIT target=1 elapsed=0s need=2s
UE 58 TTT_WAIT target=5 elapsed=0s need=2s
LM HO_FAIL_LOW_RSRP UE=59 currCell=2 candCell=6 candRsrp=-118.53 < min=-110
UE 60 TTT_WAIT target=4 elapsed=0s need=2s
LM HO_FAIL_LOW_RSRP UE=61 currCell=4 candCell=7 candRsrp=-116.425 < min=-110
UE 62 TTT_WAIT target=2 elapsed=0s need=2s
UE 64 TTT_WAIT target=4 elapsed=0s need=2s
LM HO_FAIL_LOW_RSRP UE=65 currCell=3 candCell=5 candRsrp=-117.677 < min=-110
LM HO_FAIL_LOW_RSRP UE=69 currCell=1 candCell=5 candRsrp=-114.786 < min=-110
UE 70 TTT_WAIT target=1 elapsed=0s need=2s
LM HO UE=71 rnti=142 4->6 type=NTN servingRsrp=-113.573 targetRsrp=-105.055 targetLoadReal=9/15 targetLoadEff=10/15
LM HO_FAIL_LOW_RSRP UE=73 currCell=7 candCell=5 candRsrp=-114.389 < min=-110
UE 74 TTT_WAIT target=2 elapsed=0s need=2s
UE 75 TTT_WAIT target=5 elapsed=0s need=2s
LM HO_FAIL_LOW_RSRP UE=76 currCell=1 candCell=6 candRsrp=-116.044 < min=-110
UE 78 TTT_WAIT target=7 elapsed=0s need=2s
UE 80 TTT_WAIT target=6 elapsed=0s need=2s
UE 81 TTT_WAIT target=1 elapsed=0s need=2s
UE 82 TTT_WAIT target=7 elapsed=0s need=2s
LM HO_FAIL_LOW_RSRP UE=83 currCell=3 candCell=7 candRsrp=-110.09 < min=-110
LM HO_FAIL_LOW_RSRP UE=84 currCell=7 candCell=6 candRsrp=-117.025 < min=-110
LM HO_FAIL_LOW_RSRP UE=87 currCell=5 candCell=6 candRsrp=-113.639 < min=-110
UE 89 TTT_WAIT target=4 elapsed=0s need=2s
UE 90 TTT_WAIT target=1 elapsed=0s need=2s
UE 91 TTT_WAIT target=1 elapsed=0s need=2s
UE 93 TTT_WAIT target=4 elapsed=0s need=2s
LM HO_FAIL_LOW_RSRP UE=95 currCell=3 candCell=7 candRsrp=-121.972 < min=-110
UE 96 TTT_WAIT target=1 elapsed=0s need=2s
LM HO_FAIL_LOW_RSRP UE=97 currCell=2 candCell=1 candRsrp=-113.465 < min=-110
UE 99 TTT_WAIT target=2 elapsed=0s need=2s
UE 100 TTT_WAIT target=1 elapsed=0s need=2s
LM HO_FAIL_LOW_RSRP UE=102 currCell=2 candCell=6 candRsrp=-118.03 < min=-110
UE 103 TTT_WAIT target=7 elapsed=0s need=2s
LM HO_FAIL_LOW_RSRP UE=104 currCell=4 candCell=6 candRsrp=-119.025 < min=-110
UE 105 TTT_WAIT target=2 elapsed=0s need=2s
UE 106 TTT_WAIT target=2 elapsed=0s need=2s
LM HO_FAIL_LOW_RSRP UE=107 currCell=4 candCell=7 candRsrp=-118.87 < min=-110
TRACE HO_SUCCESS Time=74.6151 IMSI=51 TargetCell=6 Type=NTN TargetRSRP=-115.001 ServingRSRP=-78.67 BackhaulDlSnr=-999 BackhaulUlSnr=-999
TRACE HO_SUCCESS Time=74.6151 IMSI=70 TargetCell=6 Type=NTN TargetRSRP=-123.652 ServingRSRP=-107.978 BackhaulDlSnr=-999 BackhaulUlSnr=-999
UAV_AUTONOMY_XAPP Time=76.5 DeploymentMode=tn-uav UavIndex=0 UavCellId=5 BestDonorCellId=1 BestDonorDistanceM=143.511 XhaulConnected=1 XhaulChannelVariationDb=0 RawXhaulState=HEALTHY RawXhaulStateAgeSec=72 XhaulState=HEALTHY DonorUnavailableActive=0 SatBackhaulHealthy=0 UavSwitchingXappAvailable=0 UavSwitchingXappState=DISABLED AiPredictedBackhaulMode=RULE_BASED BackhaulMode=TN_DIRECT RicControlState=TN_E2 ActiveUavRic=LOCAL_UAV_AUTONOMY NormalUeHandoverAllowed=1 UavMode=TN_CONTROLLED_COVERAGE_EXTENSION
UAV_AUTONOMY_XAPP Time=76.5 DeploymentMode=tn-uav UavIndex=1 UavCellId=6 BestDonorCellId=1 BestDonorDistanceM=110.88 XhaulConnected=1 XhaulChannelVariationDb=0 RawXhaulState=HEALTHY RawXhaulStateAgeSec=72 XhaulState=HEALTHY DonorUnavailableActive=0 SatBackhaulHealthy=0 UavSwitchingXappAvailable=0 UavSwitchingXappState=DISABLED AiPredictedBackhaulMode=RULE_BASED BackhaulMode=TN_DIRECT RicControlState=TN_E2 ActiveUavRic=LOCAL_UAV_AUTONOMY NormalUeHandoverAllowed=1 UavMode=TN_CONTROLLED_COVERAGE_EXTENSION
UAV_AUTONOMY_XAPP Time=76.5 DeploymentMode=tn-uav UavIndex=2 UavCellId=7 BestDonorCellId=1 BestDonorDistanceM=133.08 XhaulConnected=1 XhaulChannelVariationDb=0 RawXhaulState=HEALTHY RawXhaulStateAgeSec=72 XhaulState=HEALTHY DonorUnavailableActive=0 SatBackhaulHealthy=0 UavSwitchingXappAvailable=0 UavSwitchingXappState=DISABLED AiPredictedBackhaulMode=RULE_BASED BackhaulMode=TN_DIRECT RicControlState=TN_E2 ActiveUavRic=LOCAL_UAV_AUTONOMY NormalUeHandoverAllowed=1 UavMode=TN_CONTROLLED_COVERAGE_EXTENSION
---- LOAD at t=76.5 ----
  cell 1 (TN) load=14/20
  cell 2 (TN) load=19/20
  cell 3 (TN) load=19/20
  cell 4 (TN) load=18/20
  cell 5 (NTN) load=8/15
  cell 6 (NTN) load=11/15
  cell 7 (NTN) load=11/15
LM HO UE=8 rnti=203 3->4 type=TN servingRsrp=-113.995 targetRsrp=-101.934 targetLoadReal=18/20 targetLoadEff=18/20
UE 9 TTT_WAIT target=1 elapsed=0s need=2s
LM HO_FAIL_LOW_RSRP UE=10 currCell=3 candCell=1 candRsrp=-113.85 < min=-110
UE 11 TTT_WAIT target=3 elapsed=0s need=2s
UE 12 TTT_WAIT target=3 elapsed=0s need=2s
LM HO UE=13 rnti=167 3->4 type=TN servingRsrp=-106.1 targetRsrp=-87.1507 targetLoadReal=18/20 targetLoadEff=19/20
UE 14 TTT_WAIT target=7 elapsed=0s need=2s
UE 16 TTT_WAIT target=1 elapsed=0s need=2s
LM HO_FAIL_LOW_RSRP UE=18 currCell=1 candCell=3 candRsrp=-112.948 < min=-110
UE 20 TTT_WAIT target=6 elapsed=0s need=2s
UE 21 TTT_WAIT target=3 elapsed=0s need=2s
UE 22 TTT_WAIT target=2 elapsed=0s need=2s
UE 23 TTT_WAIT target=3 elapsed=0s need=2s
LM HO_FAIL_LOW_RSRP UE=24 currCell=4 candCell=3 candRsrp=-114.257 < min=-110
UE 25 TTT_WAIT target=1 elapsed=0s need=2s
LM HO_FAIL_LOW_RSRP UE=28 currCell=3 candCell=6 candRsrp=-114.729 < min=-110
LM HO_FAIL_LOW_RSRP UE=29 currCell=4 candCell=3 candRsrp=-110.819 < min=-110
UE 30 TTT_WAIT target=3 elapsed=0s need=2s
UE 31 TTT_WAIT target=7 elapsed=0s need=2s
UE 35 TTT_WAIT target=3 elapsed=0s need=2s
UE 36 TTT_WAIT target=3 elapsed=0s need=2s
UE 37 TTT_WAIT target=3 elapsed=0s need=2s
UE 38 TTT_WAIT target=6 elapsed=0s need=2s
UE 39 TTT_WAIT target=5 elapsed=0s need=2s
LM HO UE=40 rnti=116 7->5 type=NTN servingRsrp=-106.482 targetRsrp=-86.0159 targetLoadReal=8/15 targetLoadEff=8/15
LM HO_FAIL_LOW_RSRP UE=43 currCell=2 candCell=7 candRsrp=-113.961 < min=-110
UE 44 TTT_WAIT target=2 elapsed=0s need=2s
UE 45 TTT_WAIT target=3 elapsed=0s need=2s
UE 46 TTT_WAIT target=5 elapsed=0s need=2s
LM HO_FAIL_LOW_RSRP UE=48 currCell=3 candCell=6 candRsrp=-116.672 < min=-110
UE 49 TTT_WAIT target=6 elapsed=0s need=2s
LM HO UE=50 rnti=208 4->2 type=TN servingRsrp=-98.7406 targetRsrp=-81.8301 targetLoadReal=19/20 targetLoadEff=19/20
UE 51 TTT_WAIT target=7 elapsed=0s need=2s
UE 52 TTT_WAIT target=1 elapsed=0s need=2s
UE 56 TTT_WAIT target=3 elapsed=0s need=2s
UE 58 TTT_WAIT target=1 elapsed=0s need=2s
LM HO_FAIL_LOW_RSRP UE=59 currCell=2 candCell=5 candRsrp=-116.921 < min=-110
UE 60 TTT_WAIT target=3 elapsed=0s need=2s
LM HO_FAIL_LOW_RSRP UE=61 currCell=4 candCell=3 candRsrp=-115.305 < min=-110
UE 62 TTT_WAIT target=3 elapsed=0s need=2s
UE 64 TTT_WAIT target=3 elapsed=0s need=2s
LM HO_FAIL_LOW_RSRP UE=67 currCell=1 candCell=6 candRsrp=-115.114 < min=-110
UE 68 TTT_WAIT target=6 elapsed=0s need=2s
LM HO_FAIL_LOW_RSRP UE=69 currCell=1 candCell=6 candRsrp=-117.453 < min=-110
LM HO_FAIL_LOW_RSRP UE=70 currCell=3 candCell=5 candRsrp=-117.414 < min=-110
UE 72 TTT_WAIT target=3 elapsed=0s need=2s
UE 73 TTT_WAIT target=6 elapsed=0s need=2s
UE 74 TTT_WAIT target=1 elapsed=0s need=2s
UE 75 TTT_WAIT target=3 elapsed=0s need=2s
UE 76 TTT_WAIT target=6 elapsed=0s need=2s
LM HO_FAIL_LOW_RSRP UE=77 currCell=3 candCell=6 candRsrp=-117.778 < min=-110
UE 78 TTT_WAIT target=1 elapsed=0s need=2s
LM HO_FAIL_LOW_RSRP UE=80 currCell=3 candCell=7 candRsrp=-116.939 < min=-110
LM HO_FAIL_LOW_RSRP UE=81 currCell=2 candCell=7 candRsrp=-117.285 < min=-110
LM HO_FAIL_LOW_RSRP UE=82 currCell=2 candCell=7 candRsrp=-116.022 < min=-110
UE 83 TTT_WAIT target=1 elapsed=0s need=2s
LM HO_FAIL_LOW_RSRP UE=84 currCell=7 candCell=6 candRsrp=-117.418 < min=-110
UE 85 TTT_WAIT target=7 elapsed=0s need=2s
UE 86 TTT_WAIT target=5 elapsed=0s need=2s
LM HO_FAIL_LOW_RSRP UE=87 currCell=5 candCell=6 candRsrp=-113.384 < min=-110
UE 88 TTT_WAIT target=5 elapsed=0s need=2s
LM HO_FAIL_LOW_RSRP UE=90 currCell=2 candCell=6 candRsrp=-119.659 < min=-110
LM HO_FAIL_LOW_RSRP UE=91 currCell=2 candCell=1 candRsrp=-111.87 < min=-110
LM HO_FAIL_LOW_RSRP UE=92 currCell=7 candCell=6 candRsrp=-121.826 < min=-110
UE 93 TTT_WAIT target=3 elapsed=0s need=2s
UE 94 TTT_WAIT target=3 elapsed=0s need=2s
UE 95 TTT_WAIT target=7 elapsed=0s need=2s
LM HO UE=96 rnti=68 5->1 type=TN servingRsrp=-120.258 targetRsrp=-95.0135 targetLoadReal=14/20 targetLoadEff=14/20
UE 97 TTT_WAIT target=1 elapsed=0s need=2s
UE 99 TTT_WAIT target=7 elapsed=0s need=2s
UE 100 TTT_WAIT target=3 elapsed=0s need=2s
LM HO_FAIL_LOW_RSRP UE=101 currCell=3 candCell=5 candRsrp=-118.158 < min=-110
UE 102 TTT_WAIT target=3 elapsed=0s need=2s
LM HO_FAIL_LOW_RSRP UE=103 currCell=1 candCell=7 candRsrp=-115.025 < min=-110
UE 105 TTT_WAIT target=1 elapsed=0s need=2s
UE 106 TTT_WAIT target=6 elapsed=0s need=2s
LM HO_FAIL_LOW_RSRP UE=107 currCell=4 candCell=6 candRsrp=-121.347 < min=-110
TRACE HO_SUCCESS Time=76.6151 IMSI=95 TargetCell=1 Type=TN TargetRSRP=-121.725 ServingRSRP=-87.0079 BackhaulDlSnr=-999 BackhaulUlSnr=-999
TRACE HO_SUCCESS Time=76.6151 IMSI=49 TargetCell=2 Type=TN TargetRSRP=-98.9663 ServingRSRP=-76.2686 BackhaulDlSnr=-999 BackhaulUlSnr=-999
TRACE HO_SUCCESS Time=76.6151 IMSI=12 TargetCell=4 Type=TN TargetRSRP=-107.023 ServingRSRP=-104.357 BackhaulDlSnr=-999 BackhaulUlSnr=-999
TRACE HO_SUCCESS Time=76.6151 IMSI=7 TargetCell=4 Type=TN TargetRSRP=-110.102 ServingRSRP=-99.0751 BackhaulDlSnr=-999 BackhaulUlSnr=-999
TRACE HO_SUCCESS Time=76.6151 IMSI=39 TargetCell=5 Type=NTN TargetRSRP=-107.679 ServingRSRP=-76.2487 BackhaulDlSnr=-999 BackhaulUlSnr=-999
UAV_AUTONOMY_XAPP Time=78.5 DeploymentMode=tn-uav UavIndex=0 UavCellId=5 BestDonorCellId=1 BestDonorDistanceM=143.511 XhaulConnected=1 XhaulChannelVariationDb=0 RawXhaulState=HEALTHY RawXhaulStateAgeSec=74 XhaulState=HEALTHY DonorUnavailableActive=0 SatBackhaulHealthy=0 UavSwitchingXappAvailable=0 UavSwitchingXappState=DISABLED AiPredictedBackhaulMode=RULE_BASED BackhaulMode=TN_DIRECT RicControlState=TN_E2 ActiveUavRic=LOCAL_UAV_AUTONOMY NormalUeHandoverAllowed=1 UavMode=TN_CONTROLLED_COVERAGE_EXTENSION
UAV_AUTONOMY_XAPP Time=78.5 DeploymentMode=tn-uav UavIndex=1 UavCellId=6 BestDonorCellId=1 BestDonorDistanceM=110.88 XhaulConnected=1 XhaulChannelVariationDb=0 RawXhaulState=HEALTHY RawXhaulStateAgeSec=74 XhaulState=HEALTHY DonorUnavailableActive=0 SatBackhaulHealthy=0 UavSwitchingXappAvailable=0 UavSwitchingXappState=DISABLED AiPredictedBackhaulMode=RULE_BASED BackhaulMode=TN_DIRECT RicControlState=TN_E2 ActiveUavRic=LOCAL_UAV_AUTONOMY NormalUeHandoverAllowed=1 UavMode=TN_CONTROLLED_COVERAGE_EXTENSION
UAV_AUTONOMY_XAPP Time=78.5 DeploymentMode=tn-uav UavIndex=2 UavCellId=7 BestDonorCellId=1 BestDonorDistanceM=133.08 XhaulConnected=1 XhaulChannelVariationDb=0 RawXhaulState=HEALTHY RawXhaulStateAgeSec=74 XhaulState=HEALTHY DonorUnavailableActive=0 SatBackhaulHealthy=0 UavSwitchingXappAvailable=0 UavSwitchingXappState=DISABLED AiPredictedBackhaulMode=RULE_BASED BackhaulMode=TN_DIRECT RicControlState=TN_E2 ActiveUavRic=LOCAL_UAV_AUTONOMY NormalUeHandoverAllowed=1 UavMode=TN_CONTROLLED_COVERAGE_EXTENSION
---- LOAD at t=78.5 ----
  cell 1 (TN) load=15/20
  cell 2 (TN) load=20/20
  cell 3 (TN) load=17/20
  cell 4 (TN) load=19/20
  cell 5 (NTN) load=8/15
  cell 6 (NTN) load=11/15
  cell 7 (NTN) load=10/15
LM HO_FAIL_LOW_RSRP UE=8 currCell=4 candCell=5 candRsrp=-111.492 < min=-110
UE 9 TTT_WAIT target=5 elapsed=0s need=2s
UE 10 TTT_WAIT target=6 elapsed=0s need=2s
UE 12 TTT_WAIT target=1 elapsed=0s need=2s
UE 14 TTT_WAIT target=6 elapsed=0s need=2s
UE 15 TTT_WAIT target=4 elapsed=0s need=2s
LM HO_FAIL_LOW_RSRP UE=16 currCell=2 candCell=1 candRsrp=-113.551 < min=-110
UE 17 TTT_WAIT target=1 elapsed=0s need=2s
UE 18 TTT_WAIT target=3 elapsed=0s need=2s
UE 19 TTT_WAIT target=4 elapsed=0s need=2s
UE 22 TTT_WAIT target=7 elapsed=0s need=2s
UE 24 TTT_WAIT target=3 elapsed=0s need=2s
UE 28 TTT_WAIT target=4 elapsed=0s need=2s
LM HO_FAIL_LOW_RSRP UE=29 currCell=4 candCell=6 candRsrp=-115.608 < min=-110
LM HO_FAIL_LOW_RSRP UE=30 currCell=4 candCell=1 candRsrp=-114.986 < min=-110
UE 31 TTT_WAIT target=5 elapsed=0s need=2s
LM HO_FAIL_LOW_RSRP UE=33 currCell=3 candCell=1 candRsrp=-114.174 < min=-110
UE 34 TTT_WAIT target=6 elapsed=0s need=2s
LM HO UE=35 rnti=148 1->3 type=TN servingRsrp=-112.842 targetRsrp=-109.624 targetLoadReal=17/20 targetLoadEff=17/20
LM HO UE=36 rnti=203 4->3 type=TN servingRsrp=-101.864 targetRsrp=-91.6899 targetLoadReal=17/20 targetLoadEff=18/20
UE 38 TTT_WAIT target=4 elapsed=0s need=2s
LM HO_FAIL_LOW_RSRP UE=39 currCell=2 candCell=5 candRsrp=-121.595 < min=-110
UE 42 TTT_WAIT target=4 elapsed=0s need=2s
UE 43 TTT_WAIT target=1 elapsed=0s need=2s
UE 44 TTT_WAIT target=5 elapsed=0s need=2s
LM HO UE=45 rnti=122 2->3 type=TN servingRsrp=-113.905 targetRsrp=-105.537 targetLoadReal=17/20 targetLoadEff=19/20
LM HO UE=46 rnti=194 4->5 type=NTN servingRsrp=-106.932 targetRsrp=-92.6074 targetLoadReal=8/15 targetLoadEff=8/15
UE 48 TTT_WAIT target=1 elapsed=0s need=2s
LM HO_FAIL_LOW_RSRP UE=49 currCell=3 candCell=7 candRsrp=-117.338 < min=-110
UE 51 TTT_WAIT target=1 elapsed=0s need=2s
UE 53 TTT_WAIT target=7 elapsed=0s need=2s
UE 54 TTT_WAIT target=4 elapsed=0s need=2s
LM HO_FAIL_LOW_RSRP UE=56 currCell=4 candCell=5 candRsrp=-111.057 < min=-110
UE 57 TTT_WAIT target=1 elapsed=0s need=2s
LM HO_FAIL_LOW_RSRP UE=58 currCell=6 candCell=7 candRsrp=-110.34 < min=-110
UE 59 TTT_WAIT target=1 elapsed=0s need=2s
LM HO_FAIL_LOW_RSRP UE=61 currCell=4 candCell=7 candRsrp=-119.255 < min=-110
LM HO_FAIL_LOW_RSRP UE=62 currCell=1 candCell=4 candRsrp=-111.25 < min=-110
UE 63 TTT_WAIT target=7 elapsed=0s need=2s
UE 64 TTT_WAIT target=1 elapsed=0s need=2s
LM HO_FAIL_LOW_RSRP UE=65 currCell=3 candCell=7 candRsrp=-118.282 < min=-110
LM HO_FAIL_LOW_RSRP UE=66 currCell=4 candCell=1 candRsrp=-114.054 < min=-110
UE 67 TTT_WAIT target=6 elapsed=0s need=2s
LM HO_FAIL_LOW_RSRP UE=69 currCell=1 candCell=7 candRsrp=-115.035 < min=-110
LM HO_FAIL_LOW_RSRP UE=70 currCell=3 candCell=1 candRsrp=-116.838 < min=-110
UE 71 TTT_WAIT target=4 elapsed=0s need=2s
UE 73 TTT_WAIT target=5 elapsed=0s need=2s
LM HO_FAIL_LOW_RSRP UE=74 currCell=4 candCell=6 candRsrp=-122.964 < min=-110
LM HO_FAIL_LOW_RSRP UE=75 currCell=2 candCell=4 candRsrp=-111.29 < min=-110
LM HO_FAIL_LOW_RSRP UE=76 currCell=1 candCell=6 candRsrp=-116.337 < min=-110
LM HO_FAIL_LOW_RSRP UE=77 currCell=3 candCell=6 candRsrp=-117.57 < min=-110
LM HO_FAIL_LOW_RSRP UE=78 currCell=4 candCell=1 candRsrp=-116.198 < min=-110
UE 79 TTT_WAIT target=7 elapsed=0s need=2s
LM HO_FAIL_LOW_RSRP UE=80 currCell=3 candCell=6 candRsrp=-119.347 < min=-110
UE 81 TTT_WAIT target=1 elapsed=0s need=2s
LM HO_FAIL_LOW_RSRP UE=82 currCell=2 candCell=6 candRsrp=-116.081 < min=-110
UE 83 TTT_WAIT target=6 elapsed=0s need=2s
UE 84 TTT_WAIT target=1 elapsed=0s need=2s
LM HO_FAIL_LOW_RSRP UE=86 currCell=3 candCell=4 candRsrp=-113.633 < min=-110
LM HO_FAIL_LOW_RSRP UE=87 currCell=5 candCell=6 candRsrp=-115.486 < min=-110
LM HO_FAIL_LOW_RSRP UE=88 currCell=6 candCell=5 candRsrp=-114.971 < min=-110
UE 90 TTT_WAIT target=6 elapsed=0s need=2s
UE 91 TTT_WAIT target=1 elapsed=0s need=2s
UE 92 TTT_WAIT target=5 elapsed=0s need=2s
LM HO_FAIL_LOW_RSRP UE=93 currCell=2 candCell=6 candRsrp=-116.73 < min=-110
LM HO_FAIL_LOW_RSRP UE=94 currCell=7 candCell=6 candRsrp=-113.27 < min=-110
LM HO_FAIL_LOW_RSRP UE=97 currCell=2 candCell=1 candRsrp=-114.361 < min=-110
LM HO_FAIL_LOW_RSRP UE=98 currCell=7 candCell=6 candRsrp=-117.723 < min=-110
LM HO_FAIL_LOW_RSRP UE=99 currCell=6 candCell=5 candRsrp=-110.374 < min=-110
LM HO_FAIL_LOW_RSRP UE=100 currCell=6 candCell=5 candRsrp=-113.733 < min=-110
UE 101 TTT_WAIT target=4 elapsed=0s need=2s
UE 102 TTT_WAIT target=6 elapsed=0s need=2s
UE 103 TTT_WAIT target=7 elapsed=0s need=2s
LM HO_FAIL_LOW_RSRP UE=105 currCell=4 candCell=6 candRsrp=-118.314 < min=-110
LM HO_FAIL_LOW_RSRP UE=106 currCell=1 candCell=7 candRsrp=-116.141 < min=-110
LM HO_FAIL_LOW_RSRP UE=107 currCell=4 candCell=6 candRsrp=-118.581 < min=-110
TRACE HO_SUCCESS Time=78.6151 IMSI=34 TargetCell=3 Type=TN TargetRSRP=-113.147 ServingRSRP=-108.86 BackhaulDlSnr=-999 BackhaulUlSnr=-999
TRACE HO_SUCCESS Time=78.6151 IMSI=44 TargetCell=3 Type=TN TargetRSRP=-115.614 ServingRSRP=-109.943 BackhaulDlSnr=-999 BackhaulUlSnr=-999
TRACE HO_SUCCESS Time=78.6151 IMSI=35 TargetCell=3 Type=TN TargetRSRP=-102.423 ServingRSRP=-84.7101 BackhaulDlSnr=-999 BackhaulUlSnr=-999
TRACE HO_SUCCESS Time=78.6151 IMSI=45 TargetCell=5 Type=NTN TargetRSRP=-114.839 ServingRSRP=-106.406 BackhaulDlSnr=-999 BackhaulUlSnr=-999
UAV_AUTONOMY_XAPP Time=80.5 DeploymentMode=tn-uav UavIndex=0 UavCellId=5 BestDonorCellId=1 BestDonorDistanceM=143.511 XhaulConnected=1 XhaulChannelVariationDb=0 RawXhaulState=HEALTHY RawXhaulStateAgeSec=76 XhaulState=HEALTHY DonorUnavailableActive=0 SatBackhaulHealthy=0 UavSwitchingXappAvailable=0 UavSwitchingXappState=DISABLED AiPredictedBackhaulMode=RULE_BASED BackhaulMode=TN_DIRECT RicControlState=TN_E2 ActiveUavRic=LOCAL_UAV_AUTONOMY NormalUeHandoverAllowed=1 UavMode=TN_CONTROLLED_COVERAGE_EXTENSION
UAV_AUTONOMY_XAPP Time=80.5 DeploymentMode=tn-uav UavIndex=1 UavCellId=6 BestDonorCellId=1 BestDonorDistanceM=110.88 XhaulConnected=1 XhaulChannelVariationDb=0 RawXhaulState=HEALTHY RawXhaulStateAgeSec=76 XhaulState=HEALTHY DonorUnavailableActive=0 SatBackhaulHealthy=0 UavSwitchingXappAvailable=0 UavSwitchingXappState=DISABLED AiPredictedBackhaulMode=RULE_BASED BackhaulMode=TN_DIRECT RicControlState=TN_E2 ActiveUavRic=LOCAL_UAV_AUTONOMY NormalUeHandoverAllowed=1 UavMode=TN_CONTROLLED_COVERAGE_EXTENSION
UAV_AUTONOMY_XAPP Time=80.5 DeploymentMode=tn-uav UavIndex=2 UavCellId=7 BestDonorCellId=1 BestDonorDistanceM=133.08 XhaulConnected=1 XhaulChannelVariationDb=0 RawXhaulState=HEALTHY RawXhaulStateAgeSec=76 XhaulState=HEALTHY DonorUnavailableActive=0 SatBackhaulHealthy=0 UavSwitchingXappAvailable=0 UavSwitchingXappState=DISABLED AiPredictedBackhaulMode=RULE_BASED BackhaulMode=TN_DIRECT RicControlState=TN_E2 ActiveUavRic=LOCAL_UAV_AUTONOMY NormalUeHandoverAllowed=1 UavMode=TN_CONTROLLED_COVERAGE_EXTENSION
---- LOAD at t=80.5 ----
  cell 1 (TN) load=14/20
  cell 2 (TN) load=19/20
  cell 3 (TN) load=20/20
  cell 4 (TN) load=17/20
  cell 5 (NTN) load=9/15
  cell 6 (NTN) load=11/15
  cell 7 (NTN) load=10/15
UE 8 TTT_WAIT target=2 elapsed=0s need=2s
UE 10 TTT_WAIT target=4 elapsed=0s need=2s
UE 11 TTT_WAIT target=7 elapsed=0s need=2s
LM HO_FAIL_LOW_RSRP UE=12 currCell=4 candCell=2 candRsrp=-111.501 < min=-110
UE 15 TTT_WAIT target=5 elapsed=0s need=2s
UE 16 TTT_WAIT target=4 elapsed=0s need=2s
UE 18 TTT_WAIT target=4 elapsed=0s need=2s
UE 20 TTT_WAIT target=4 elapsed=0s need=2s
UE 21 TTT_WAIT target=7 elapsed=0s need=2s
LM HO UE=22 rnti=150 1->7 type=NTN servingRsrp=-92.2418 targetRsrp=-88.0168 targetLoadReal=10/15 targetLoadEff=10/15
UE 23 TTT_WAIT target=4 elapsed=0s need=2s
UE 24 TTT_WAIT target=1 elapsed=0s need=2s
UE 27 TTT_WAIT target=5 elapsed=0s need=2s
LM HO UE=28 rnti=190 3->4 type=TN servingRsrp=-111.356 targetRsrp=-94.2658 targetLoadReal=17/20 targetLoadEff=17/20
LM HO_FAIL_LOW_RSRP UE=29 currCell=4 candCell=7 candRsrp=-119.54 < min=-110
UE 30 TTT_WAIT target=2 elapsed=0s need=2s
LM HO UE=31 rnti=205 4->5 type=NTN servingRsrp=-107.169 targetRsrp=-82.5856 targetLoadReal=9/15 targetLoadEff=9/15
LM HO_FAIL_LOW_RSRP UE=32 currCell=3 candCell=6 candRsrp=-116.345 < min=-110
UE 33 TTT_WAIT target=6 elapsed=0s need=2s
UE 34 TTT_WAIT target=4 elapsed=0s need=2s
UE 35 TTT_WAIT target=1 elapsed=0s need=2s
UE 36 TTT_WAIT target=4 elapsed=0s need=2s
LM HO_FAIL_LOW_RSRP UE=39 currCell=2 candCell=5 candRsrp=-117.03 < min=-110
UE 41 TTT_WAIT target=4 elapsed=0s need=2s
LM HO_FAIL_LOW_RSRP UE=43 currCell=2 candCell=6 candRsrp=-112.044 < min=-110
UE 44 TTT_WAIT target=6 elapsed=0s need=2s
LM HO_FAIL_LOW_RSRP UE=45 currCell=3 candCell=1 candRsrp=-111.999 < min=-110
UE 46 TTT_WAIT target=4 elapsed=0s need=2s
UE 48 TTT_WAIT target=7 elapsed=0s need=2s
UE 49 TTT_WAIT target=1 elapsed=0s need=2s
UE 51 TTT_WAIT target=7 elapsed=0s need=2s
UE 54 TTT_WAIT target=6 elapsed=0s need=2s
UE 55 TTT_WAIT target=7 elapsed=0s need=2s
UE 58 TTT_WAIT target=4 elapsed=0s need=2s
LM HO_FAIL_LOW_RSRP UE=59 currCell=2 candCell=7 candRsrp=-117.956 < min=-110
LM HO_FAIL_LOW_RSRP UE=61 currCell=4 candCell=6 candRsrp=-119.426 < min=-110
UE 62 TTT_WAIT target=4 elapsed=0s need=2s
UE 63 TTT_WAIT target=2 elapsed=0s need=2s
UE 64 TTT_WAIT target=5 elapsed=0s need=2s
UE 65 TTT_WAIT target=4 elapsed=0s need=2s
UE 66 TTT_WAIT target=6 elapsed=0s need=2s
UE 67 TTT_WAIT target=4 elapsed=0s need=2s
UE 68 TTT_WAIT target=4 elapsed=0s need=2s
LM HO_FAIL_LOW_RSRP UE=70 currCell=3 candCell=1 candRsrp=-113.356 < min=-110
LM HO_FAIL_LOW_RSRP UE=71 currCell=6 candCell=5 candRsrp=-118.273 < min=-110
UE 74 TTT_WAIT target=2 elapsed=0s need=2s
LM HO_FAIL_LOW_RSRP UE=75 currCell=2 candCell=1 candRsrp=-115.491 < min=-110
UE 76 TTT_WAIT target=2 elapsed=0s need=2s
UE 77 TTT_WAIT target=6 elapsed=0s need=2s
UE 78 TTT_WAIT target=1 elapsed=0s need=2s
LM HO_FAIL_LOW_RSRP UE=80 currCell=3 candCell=6 candRsrp=-119.981 < min=-110
LM HO_FAIL_LOW_RSRP UE=81 currCell=2 candCell=5 candRsrp=-117.345 < min=-110
LM HO_FAIL_LOW_RSRP UE=82 currCell=2 candCell=7 candRsrp=-116.694 < min=-110
LM HO_FAIL_LOW_RSRP UE=83 currCell=3 candCell=6 candRsrp=-118.7 < min=-110
LM HO_FAIL_LOW_RSRP UE=84 currCell=7 candCell=6 candRsrp=-115.204 < min=-110
UE 86 TTT_WAIT target=2 elapsed=0s need=2s
LM HO_FAIL_LOW_RSRP UE=87 currCell=5 candCell=6 candRsrp=-110.163 < min=-110
UE 88 TTT_WAIT target=1 elapsed=0s need=2s
LM HO_FAIL_LOW_RSRP UE=89 currCell=7 candCell=6 candRsrp=-117.686 < min=-110
LM HO_FAIL_LOW_RSRP UE=90 currCell=2 candCell=5 candRsrp=-115.327 < min=-110
LM HO_FAIL_LOW_RSRP UE=91 currCell=2 candCell=7 candRsrp=-112.861 < min=-110
LM HO_FAIL_LOW_RSRP UE=93 currCell=2 candCell=6 candRsrp=-117.922 < min=-110
LM HO_FAIL_LOW_RSRP UE=95 currCell=3 candCell=6 candRsrp=-120.727 < min=-110
LM HO_FAIL_LOW_RSRP UE=96 currCell=1 candCell=2 candRsrp=-117.891 < min=-110
UE 97 TTT_WAIT target=1 elapsed=0s need=2s
UE 98 TTT_WAIT target=4 elapsed=0s need=2s
LM HO_FAIL_LOW_RSRP UE=100 currCell=6 candCell=5 candRsrp=-116.696 < min=-110
LM HO_FAIL_LOW_RSRP UE=102 currCell=2 candCell=6 candRsrp=-118.479 < min=-110
LM HO_FAIL_LOW_RSRP UE=103 currCell=1 candCell=7 candRsrp=-115.107 < min=-110
UE 104 TTT_WAIT target=5 elapsed=0s need=2s
UE 105 TTT_WAIT target=2 elapsed=0s need=2s
UE 106 TTT_WAIT target=2 elapsed=0s need=2s
LM HO_FAIL_LOW_RSRP UE=107 currCell=4 candCell=7 candRsrp=-117.071 < min=-110
TRACE HO_SUCCESS Time=80.6151 IMSI=27 TargetCell=4 Type=TN TargetRSRP=-114.82 ServingRSRP=-78.3829 BackhaulDlSnr=-999 BackhaulUlSnr=-999
TRACE HO_SUCCESS Time=80.6151 IMSI=30 TargetCell=5 Type=NTN TargetRSRP=-108.524 ServingRSRP=-111.22 BackhaulDlSnr=-999 BackhaulUlSnr=-999
TRACE HO_SUCCESS Time=80.6151 IMSI=21 TargetCell=7 Type=NTN TargetRSRP=-118.138 ServingRSRP=-109.74 BackhaulDlSnr=-999 BackhaulUlSnr=-999
UAV_AUTONOMY_XAPP Time=82.5 DeploymentMode=tn-uav UavIndex=0 UavCellId=5 BestDonorCellId=1 BestDonorDistanceM=143.511 XhaulConnected=1 XhaulChannelVariationDb=0 RawXhaulState=HEALTHY RawXhaulStateAgeSec=78 XhaulState=HEALTHY DonorUnavailableActive=0 SatBackhaulHealthy=0 UavSwitchingXappAvailable=0 UavSwitchingXappState=DISABLED AiPredictedBackhaulMode=RULE_BASED BackhaulMode=TN_DIRECT RicControlState=TN_E2 ActiveUavRic=LOCAL_UAV_AUTONOMY NormalUeHandoverAllowed=1 UavMode=TN_CONTROLLED_COVERAGE_EXTENSION
UAV_AUTONOMY_XAPP Time=82.5 DeploymentMode=tn-uav UavIndex=1 UavCellId=6 BestDonorCellId=1 BestDonorDistanceM=110.88 XhaulConnected=1 XhaulChannelVariationDb=0 RawXhaulState=HEALTHY RawXhaulStateAgeSec=78 XhaulState=HEALTHY DonorUnavailableActive=0 SatBackhaulHealthy=0 UavSwitchingXappAvailable=0 UavSwitchingXappState=DISABLED AiPredictedBackhaulMode=RULE_BASED BackhaulMode=TN_DIRECT RicControlState=TN_E2 ActiveUavRic=LOCAL_UAV_AUTONOMY NormalUeHandoverAllowed=1 UavMode=TN_CONTROLLED_COVERAGE_EXTENSION
UAV_AUTONOMY_XAPP Time=82.5 DeploymentMode=tn-uav UavIndex=2 UavCellId=7 BestDonorCellId=1 BestDonorDistanceM=133.08 XhaulConnected=1 XhaulChannelVariationDb=0 RawXhaulState=HEALTHY RawXhaulStateAgeSec=78 XhaulState=HEALTHY DonorUnavailableActive=0 SatBackhaulHealthy=0 UavSwitchingXappAvailable=0 UavSwitchingXappState=DISABLED AiPredictedBackhaulMode=RULE_BASED BackhaulMode=TN_DIRECT RicControlState=TN_E2 ActiveUavRic=LOCAL_UAV_AUTONOMY NormalUeHandoverAllowed=1 UavMode=TN_CONTROLLED_COVERAGE_EXTENSION
---- LOAD at t=82.5 ----
  cell 1 (TN) load=13/20
  cell 2 (TN) load=19/20
  cell 3 (TN) load=19/20
  cell 4 (TN) load=17/20
  cell 5 (NTN) load=10/15
  cell 6 (NTN) load=11/15
  cell 7 (NTN) load=11/15
LM HO_FAIL_LOW_RSRP UE=8 currCell=4 candCell=5 candRsrp=-112.46 < min=-110
LM HO_FAIL_LOW_RSRP UE=10 currCell=3 candCell=5 candRsrp=-117.339 < min=-110
LM HO_FAIL_LOW_RSRP UE=12 currCell=4 candCell=2 candRsrp=-110.019 < min=-110
LM HO_FAIL_LOW_RSRP UE=13 currCell=4 candCell=6 candRsrp=-118.985 < min=-110
UE 14 TTT_WAIT target=1 elapsed=0s need=2s
UE 15 TTT_WAIT target=1 elapsed=0s need=2s
LM HO_FAIL_LOW_RSRP UE=16 currCell=2 candCell=4 candRsrp=-110.714 < min=-110
UE 17 TTT_WAIT target=3 elapsed=0s need=2s
UE 18 TTT_WAIT target=7 elapsed=0s need=2s
UE 19 TTT_WAIT target=4 elapsed=0s need=2s
UE 20 TTT_WAIT target=2 elapsed=0s need=2s
UE 22 TTT_WAIT target=4 elapsed=0s need=2s
UE 25 TTT_WAIT target=1 elapsed=0s need=2s
UE 27 TTT_WAIT target=3 elapsed=0s need=2s
UE 28 TTT_WAIT target=2 elapsed=0s need=2s
LM HO_FAIL_LOW_RSRP UE=29 currCell=4 candCell=6 candRsrp=-116.76 < min=-110
LM HO_FAIL_LOW_RSRP UE=30 currCell=4 candCell=2 candRsrp=-112.362 < min=-110
LM HO_FAIL_LOW_RSRP UE=33 currCell=3 candCell=5 candRsrp=-115.896 < min=-110
LM HO_FAIL_LOW_RSRP UE=34 currCell=2 candCell=6 candRsrp=-114.317 < min=-110
UE 35 TTT_WAIT target=4 elapsed=0s need=2s
LM HO UE=36 rnti=208 3->4 type=TN servingRsrp=-100.07 targetRsrp=-77.2286 targetLoadReal=17/20 targetLoadEff=17/20
UE 37 TTT_WAIT target=4 elapsed=0s need=2s
UE 39 TTT_WAIT target=4 elapsed=0s need=2s
UE 40 TTT_WAIT target=7 elapsed=0s need=2s
LM HO UE=41 rnti=202 3->4 type=TN servingRsrp=-101.984 targetRsrp=-75.234 targetLoadReal=17/20 targetLoadEff=18/20
UE 43 TTT_WAIT target=6 elapsed=0s need=2s
UE 45 TTT_WAIT target=7 elapsed=0s need=2s
UE 46 TTT_WAIT target=3 elapsed=0s need=2s
UE 47 TTT_WAIT target=5 elapsed=0s need=2s
LM HO_FAIL_LOW_RSRP UE=49 currCell=3 candCell=4 candRsrp=-115.52 < min=-110
UE 51 TTT_WAIT target=1 elapsed=0s need=2s
UE 52 TTT_WAIT target=4 elapsed=0s need=2s
LM HO_FAIL_LOW_RSRP UE=54 currCell=5 candCell=7 candRsrp=-110.164 < min=-110
UE 55 TTT_WAIT target=3 elapsed=0s need=2s
UE 56 TTT_WAIT target=2 elapsed=0s need=2s
UE 57 TTT_WAIT target=1 elapsed=0s need=2s
UE 58 TTT_WAIT target=5 elapsed=0s need=2s
LM HO_FAIL_LOW_RSRP UE=63 currCell=1 candCell=5 candRsrp=-117.229 < min=-110
UE 64 TTT_WAIT target=1 elapsed=0s need=2s
LM HO UE=65 rnti=205 3->4 type=TN servingRsrp=-115.36 targetRsrp=-105.554 targetLoadReal=17/20 targetLoadEff=19/20
LM HO UE=66 rnti=118 4->6 type=NTN servingRsrp=-113.82 targetRsrp=-81.3392 targetLoadReal=11/15 targetLoadEff=11/15
LM HO_FAIL_LOW_RSRP UE=67 currCell=1 candCell=7 candRsrp=-114.608 < min=-110
LM HO_FAIL_LOW_RSRP UE=68 currCell=5 candCell=7 candRsrp=-112.228 < min=-110
LM HO_FAIL_LOW_RSRP UE=69 currCell=1 candCell=2 candRsrp=-113.291 < min=-110
LM HO_FAIL_LOW_RSRP UE=70 currCell=3 candCell=7 candRsrp=-115.636 < min=-110
UE 72 TTT_WAIT target=2 elapsed=0s need=2s
UE 73 TTT_WAIT target=5 elapsed=0s need=2s
LM HO_FAIL_LOW_RSRP UE=74 currCell=4 candCell=6 candRsrp=-119.567 < min=-110
LM HO_FAIL_LOW_RSRP UE=75 currCell=2 candCell=6 candRsrp=-118.334 < min=-110
UE 76 TTT_WAIT target=5 elapsed=0s need=2s
LM HO_FAIL_LOW_RSRP UE=78 currCell=4 candCell=6 candRsrp=-119.943 < min=-110
UE 79 TTT_WAIT target=3 elapsed=0s need=2s
LM HO_FAIL_LOW_RSRP UE=80 currCell=3 candCell=6 candRsrp=-111.775 < min=-110
LM HO_FAIL_LOW_RSRP UE=81 currCell=2 candCell=5 candRsrp=-116.635 < min=-110
UE 82 TTT_WAIT target=1 elapsed=0s need=2s
LM HO_FAIL_LOW_RSRP UE=83 currCell=3 candCell=5 candRsrp=-118.195 < min=-110
UE 84 TTT_WAIT target=6 elapsed=0s need=2s
LM HO_FAIL_LOW_RSRP UE=86 currCell=3 candCell=6 candRsrp=-115.992 < min=-110
UE 88 TTT_WAIT target=3 elapsed=0s need=2s
UE 89 TTT_WAIT target=1 elapsed=0s need=2s
LM HO_FAIL_LOW_RSRP UE=90 currCell=2 candCell=6 candRsrp=-116.151 < min=-110
LM HO_FAIL_LOW_RSRP UE=91 currCell=2 candCell=6 candRsrp=-115.393 < min=-110
UE 92 TTT_WAIT target=5 elapsed=0s need=2s
LM HO_FAIL_LOW_RSRP UE=93 currCell=2 candCell=5 candRsrp=-116.961 < min=-110
UE 95 TTT_WAIT target=2 elapsed=0s need=2s
LM HO_FAIL_LOW_RSRP UE=96 currCell=1 candCell=6 candRsrp=-116.769 < min=-110
LM HO_FAIL_LOW_RSRP UE=97 currCell=2 candCell=6 candRsrp=-110.836 < min=-110
LM HO_FAIL_LOW_RSRP UE=98 currCell=7 candCell=5 candRsrp=-119.795 < min=-110
UE 100 TTT_WAIT target=1 elapsed=0s need=2s
LM HO_FAIL_LOW_RSRP UE=101 currCell=3 candCell=6 candRsrp=-115.87 < min=-110
LM HO_FAIL_LOW_RSRP UE=102 currCell=2 candCell=6 candRsrp=-118.091 < min=-110
LM HO_FAIL_LOW_RSRP UE=103 currCell=1 candCell=6 candRsrp=-113.23 < min=-110
LM HO_FAIL_LOW_RSRP UE=104 currCell=4 candCell=7 candRsrp=-119.959 < min=-110
UE 105 TTT_WAIT target=1 elapsed=0s need=2s
LM HO_FAIL_LOW_RSRP UE=106 currCell=1 candCell=6 candRsrp=-116.462 < min=-110
LM HO_FAIL_LOW_RSRP UE=107 currCell=4 candCell=3 candRsrp=-111.244 < min=-110
TRACE HO_SUCCESS Time=82.6151 IMSI=64 TargetCell=4 Type=TN TargetRSRP=-110.026 ServingRSRP=-113.282 BackhaulDlSnr=-999 BackhaulUlSnr=-999
TRACE HO_SUCCESS Time=82.6151 IMSI=40 TargetCell=4 Type=TN TargetRSRP=-107.932 ServingRSRP=-100.374 BackhaulDlSnr=-999 BackhaulUlSnr=-999
TRACE HO_SUCCESS Time=82.6151 IMSI=35 TargetCell=4 Type=TN TargetRSRP=-93.0633 ServingRSRP=-81.981 BackhaulDlSnr=-999 BackhaulUlSnr=-999
TRACE HO_SUCCESS Time=82.6151 IMSI=65 TargetCell=6 Type=NTN TargetRSRP=-115.565 ServingRSRP=-111.864 BackhaulDlSnr=-999 BackhaulUlSnr=-999
UAV_AUTONOMY_XAPP Time=84.5 DeploymentMode=tn-uav UavIndex=0 UavCellId=5 BestDonorCellId=1 BestDonorDistanceM=143.511 XhaulConnected=1 XhaulChannelVariationDb=0 RawXhaulState=HEALTHY RawXhaulStateAgeSec=80 XhaulState=HEALTHY DonorUnavailableActive=0 SatBackhaulHealthy=0 UavSwitchingXappAvailable=0 UavSwitchingXappState=DISABLED AiPredictedBackhaulMode=RULE_BASED BackhaulMode=TN_DIRECT RicControlState=TN_E2 ActiveUavRic=LOCAL_UAV_AUTONOMY NormalUeHandoverAllowed=1 UavMode=TN_CONTROLLED_COVERAGE_EXTENSION
UAV_AUTONOMY_XAPP Time=84.5 DeploymentMode=tn-uav UavIndex=1 UavCellId=6 BestDonorCellId=1 BestDonorDistanceM=110.88 XhaulConnected=1 XhaulChannelVariationDb=0 RawXhaulState=HEALTHY RawXhaulStateAgeSec=80 XhaulState=HEALTHY DonorUnavailableActive=0 SatBackhaulHealthy=0 UavSwitchingXappAvailable=0 UavSwitchingXappState=DISABLED AiPredictedBackhaulMode=RULE_BASED BackhaulMode=TN_DIRECT RicControlState=TN_E2 ActiveUavRic=LOCAL_UAV_AUTONOMY NormalUeHandoverAllowed=1 UavMode=TN_CONTROLLED_COVERAGE_EXTENSION
UAV_AUTONOMY_XAPP Time=84.5 DeploymentMode=tn-uav UavIndex=2 UavCellId=7 BestDonorCellId=1 BestDonorDistanceM=133.08 XhaulConnected=1 XhaulChannelVariationDb=0 RawXhaulState=HEALTHY RawXhaulStateAgeSec=80 XhaulState=HEALTHY DonorUnavailableActive=0 SatBackhaulHealthy=0 UavSwitchingXappAvailable=0 UavSwitchingXappState=DISABLED AiPredictedBackhaulMode=RULE_BASED BackhaulMode=TN_DIRECT RicControlState=TN_E2 ActiveUavRic=LOCAL_UAV_AUTONOMY NormalUeHandoverAllowed=1 UavMode=TN_CONTROLLED_COVERAGE_EXTENSION
---- LOAD at t=84.5 ----
  cell 1 (TN) load=13/20
  cell 2 (TN) load=19/20
  cell 3 (TN) load=16/20
  cell 4 (TN) load=19/20
  cell 5 (NTN) load=10/15
  cell 6 (NTN) load=12/15
  cell 7 (NTN) load=11/15
UE 8 TTT_WAIT target=3 elapsed=0s need=2s
LM HO_FAIL_LOW_RSRP UE=9 currCell=2 candCell=6 candRsrp=-114.368 < min=-110
LM HO_FAIL_LOW_RSRP UE=11 currCell=6 candCell=7 candRsrp=-115.229 < min=-110
LM HO_FAIL_LOW_RSRP UE=12 currCell=4 candCell=1 candRsrp=-113.218 < min=-110
UE 13 TTT_WAIT target=2 elapsed=0s need=2s
UE 15 TTT_WAIT target=7 elapsed=0s need=2s
UE 16 TTT_WAIT target=4 elapsed=0s need=2s
UE 17 TTT_WAIT target=1 elapsed=0s need=2s
UE 18 TTT_WAIT target=3 elapsed=0s need=2s
UE 20 TTT_WAIT target=5 elapsed=0s need=2s
UE 21 TTT_WAIT target=6 elapsed=0s need=2s
UE 22 TTT_WAIT target=1 elapsed=0s need=2s
UE 23 TTT_WAIT target=2 elapsed=0s need=2s
LM HO_FAIL_LOW_RSRP UE=24 currCell=4 candCell=6 candRsrp=-118.924 < min=-110
UE 25 TTT_WAIT target=4 elapsed=0s need=2s
UE 26 TTT_WAIT target=4 elapsed=0s need=2s
LM HO_FAIL_LOW_RSRP UE=28 currCell=4 candCell=6 candRsrp=-115.088 < min=-110
LM HO_FAIL_LOW_RSRP UE=29 currCell=4 candCell=3 candRsrp=-114.505 < min=-110
LM HO_FAIL_LOW_RSRP UE=30 currCell=4 candCell=2 candRsrp=-113.081 < min=-110
UE 31 TTT_WAIT target=1 elapsed=0s need=2s
LM HO_FAIL_LOW_RSRP UE=32 currCell=3 candCell=6 candRsrp=-115.143 < min=-110
LM HO_FAIL_LOW_RSRP UE=33 currCell=3 candCell=4 candRsrp=-113.515 < min=-110
LM HO_FAIL_LOW_RSRP UE=34 currCell=2 candCell=1 candRsrp=-111.634 < min=-110
UE 35 TTT_WAIT target=2 elapsed=0s need=2s
UE 37 TTT_WAIT target=3 elapsed=0s need=2s
UE 39 TTT_WAIT target=1 elapsed=0s need=2s
UE 40 TTT_WAIT target=4 elapsed=0s need=2s
UE 41 TTT_WAIT target=3 elapsed=0s need=2s
UE 42 TTT_WAIT target=5 elapsed=0s need=2s
UE 43 TTT_WAIT target=1 elapsed=0s need=2s
UE 44 TTT_WAIT target=2 elapsed=0s need=2s
LM HO_FAIL_LOW_RSRP UE=45 currCell=3 candCell=5 candRsrp=-110.638 < min=-110
LM HO UE=46 rnti=93 5->3 type=TN servingRsrp=-114.769 targetRsrp=-106.447 targetLoadReal=16/20 targetLoadEff=16/20
UE 48 TTT_WAIT target=4 elapsed=0s need=2s
LM HO_FAIL_LOW_RSRP UE=49 currCell=3 candCell=5 candRsrp=-112.458 < min=-110
UE 51 TTT_WAIT target=4 elapsed=0s need=2s
LM HO UE=52 rnti=118 6->4 type=TN servingRsrp=-115.264 targetRsrp=-95.876 targetLoadReal=19/20 targetLoadEff=19/20
UE 54 TTT_WAIT target=6 elapsed=0s need=2s
UE 55 TTT_WAIT target=6 elapsed=0s need=2s
LM HO UE=57 rnti=104 6->1 type=TN servingRsrp=-110.96 targetRsrp=-105.684 targetLoadReal=13/20 targetLoadEff=13/20
UE 59 TTT_WAIT target=6 elapsed=0s need=2s
UE 62 TTT_WAIT target=3 elapsed=0s need=2s
UE 63 TTT_WAIT target=2 elapsed=0s need=2s
LM HO UE=64 rnti=118 7->1 type=TN servingRsrp=-115.148 targetRsrp=-109.465 targetLoadReal=13/20 targetLoadEff=14/20
LM HO_FAIL_LOW_RSRP UE=65 currCell=4 candCell=7 candRsrp=-118.629 < min=-110
LM HO_FAIL_LOW_RSRP UE=66 currCell=6 candCell=5 candRsrp=-110.939 < min=-110
UE 67 TTT_WAIT target=2 elapsed=0s need=2s
LM HO_FAIL_LOW_RSRP UE=68 currCell=5 candCell=6 candRsrp=-116.95 < min=-110
UE 69 TTT_WAIT target=2 elapsed=0s need=2s
LM HO_FAIL_LOW_RSRP UE=70 currCell=3 candCell=2 candRsrp=-115.254 < min=-110
UE 71 TTT_WAIT target=3 elapsed=0s need=2s
LM HO_FAIL_LOW_RSRP UE=74 currCell=4 candCell=3 candRsrp=-114.935 < min=-110
UE 75 TTT_WAIT target=6 elapsed=0s need=2s
LM HO_FAIL_LOW_RSRP UE=76 currCell=1 candCell=2 candRsrp=-113.921 < min=-110
LM HO_FAIL_LOW_RSRP UE=77 currCell=3 candCell=6 candRsrp=-115.116 < min=-110
UE 78 TTT_WAIT target=1 elapsed=0s need=2s
LM HO UE=79 rnti=57 5->3 type=TN servingRsrp=-116.359 targetRsrp=-90.2063 targetLoadReal=16/20 targetLoadEff=17/20
UE 80 TTT_WAIT target=7 elapsed=0s need=2s
UE 81 TTT_WAIT target=3 elapsed=0s need=2s
LM HO_FAIL_LOW_RSRP UE=82 currCell=2 candCell=5 candRsrp=-118.762 < min=-110
UE 83 TTT_WAIT target=2 elapsed=0s need=2s
UE 86 TTT_WAIT target=6 elapsed=0s need=2s
UE 87 TTT_WAIT target=2 elapsed=0s need=2s
LM HO_FAIL_LOW_RSRP UE=88 currCell=6 candCell=7 candRsrp=-116.949 < min=-110
LM HO_FAIL_LOW_RSRP UE=90 currCell=2 candCell=7 candRsrp=-120.79 < min=-110
LM HO_FAIL_LOW_RSRP UE=91 currCell=2 candCell=5 candRsrp=-111.428 < min=-110
LM HO_FAIL_LOW_RSRP UE=92 currCell=7 candCell=6 candRsrp=-119.274 < min=-110
LM HO_FAIL_LOW_RSRP UE=93 currCell=2 candCell=1 candRsrp=-117.447 < min=-110
UE 94 TTT_WAIT target=3 elapsed=0s need=2s
LM HO_FAIL_LOW_RSRP UE=95 currCell=3 candCell=5 candRsrp=-122.093 < min=-110
UE 97 TTT_WAIT target=3 elapsed=0s need=2s
UE 98 TTT_WAIT target=1 elapsed=0s need=2s
LM HO_FAIL_LOW_RSRP UE=101 currCell=3 candCell=7 candRsrp=-118.164 < min=-110
LM HO_FAIL_LOW_RSRP UE=102 currCell=2 candCell=7 candRsrp=-119.312 < min=-110
LM HO_FAIL_LOW_RSRP UE=103 currCell=1 candCell=2 candRsrp=-113.465 < min=-110
LM HO_FAIL_LOW_RSRP UE=104 currCell=4 candCell=5 candRsrp=-119.177 < min=-110
LM HO UE=105 rnti=159 4->1 type=TN servingRsrp=-117.499 targetRsrp=-109.658 targetLoadReal=13/20 targetLoadEff=15/20
LM HO_FAIL_LOW_RSRP UE=106 currCell=1 candCell=5 candRsrp=-112.306 < min=-110
LM HO_FAIL_LOW_RSRP UE=107 currCell=4 candCell=5 candRsrp=-120.052 < min=-110
TRACE HO_SUCCESS Time=84.6151 IMSI=104 TargetCell=1 Type=TN TargetRSRP=-117.498 ServingRSRP=-116.363 BackhaulDlSnr=-999 BackhaulUlSnr=-999
TRACE HO_SUCCESS Time=84.6151 IMSI=56 TargetCell=1 Type=TN TargetRSRP=-106.905 ServingRSRP=-110.693 BackhaulDlSnr=-999 BackhaulUlSnr=-999
TRACE HO_SUCCESS Time=84.6151 IMSI=63 TargetCell=1 Type=TN TargetRSRP=-111.115 ServingRSRP=-109.919 BackhaulDlSnr=-999 BackhaulUlSnr=-999
TRACE HO_SUCCESS Time=84.6151 IMSI=45 TargetCell=3 Type=TN TargetRSRP=-108.015 ServingRSRP=-106.918 BackhaulDlSnr=-999 BackhaulUlSnr=-999
TRACE HO_SUCCESS Time=84.6151 IMSI=78 TargetCell=3 Type=TN TargetRSRP=-122.267 ServingRSRP=-81.8776 BackhaulDlSnr=-999 BackhaulUlSnr=-999
TRACE HO_SUCCESS Time=84.6151 IMSI=51 TargetCell=4 Type=TN TargetRSRP=-113.801 ServingRSRP=-109.005 BackhaulDlSnr=-999 BackhaulUlSnr=-999
UAV_AUTONOMY_XAPP Time=86.5 DeploymentMode=tn-uav UavIndex=0 UavCellId=5 BestDonorCellId=1 BestDonorDistanceM=143.511 XhaulConnected=1 XhaulChannelVariationDb=0 RawXhaulState=HEALTHY RawXhaulStateAgeSec=82 XhaulState=HEALTHY DonorUnavailableActive=0 SatBackhaulHealthy=0 UavSwitchingXappAvailable=0 UavSwitchingXappState=DISABLED AiPredictedBackhaulMode=RULE_BASED BackhaulMode=TN_DIRECT RicControlState=TN_E2 ActiveUavRic=LOCAL_UAV_AUTONOMY NormalUeHandoverAllowed=1 UavMode=TN_CONTROLLED_COVERAGE_EXTENSION
UAV_AUTONOMY_XAPP Time=86.5 DeploymentMode=tn-uav UavIndex=1 UavCellId=6 BestDonorCellId=1 BestDonorDistanceM=110.88 XhaulConnected=1 XhaulChannelVariationDb=0 RawXhaulState=HEALTHY RawXhaulStateAgeSec=82 XhaulState=HEALTHY DonorUnavailableActive=0 SatBackhaulHealthy=0 UavSwitchingXappAvailable=0 UavSwitchingXappState=DISABLED AiPredictedBackhaulMode=RULE_BASED BackhaulMode=TN_DIRECT RicControlState=TN_E2 ActiveUavRic=LOCAL_UAV_AUTONOMY NormalUeHandoverAllowed=1 UavMode=TN_CONTROLLED_COVERAGE_EXTENSION
UAV_AUTONOMY_XAPP Time=86.5 DeploymentMode=tn-uav UavIndex=2 UavCellId=7 BestDonorCellId=1 BestDonorDistanceM=133.08 XhaulConnected=1 XhaulChannelVariationDb=0 RawXhaulState=HEALTHY RawXhaulStateAgeSec=82 XhaulState=HEALTHY DonorUnavailableActive=0 SatBackhaulHealthy=0 UavSwitchingXappAvailable=0 UavSwitchingXappState=DISABLED AiPredictedBackhaulMode=RULE_BASED BackhaulMode=TN_DIRECT RicControlState=TN_E2 ActiveUavRic=LOCAL_UAV_AUTONOMY NormalUeHandoverAllowed=1 UavMode=TN_CONTROLLED_COVERAGE_EXTENSION
---- LOAD at t=86.5 ----
  cell 1 (TN) load=16/20
  cell 2 (TN) load=19/20
  cell 3 (TN) load=18/20
  cell 4 (TN) load=19/20
  cell 5 (NTN) load=8/15
  cell 6 (NTN) load=10/15
  cell 7 (NTN) load=10/15
UE 8 TTT_WAIT target=7 elapsed=0s need=2s
LM HO_FAIL_LOW_RSRP UE=9 currCell=2 candCell=5 candRsrp=-111.766 < min=-110
LM HO_FAIL_LOW_RSRP UE=10 currCell=3 candCell=4 candRsrp=-115.149 < min=-110
UE 12 TTT_WAIT target=1 elapsed=0s need=2s
UE 15 TTT_WAIT target=2 elapsed=0s need=2s
UE 17 TTT_WAIT target=6 elapsed=0s need=2s
UE 18 TTT_WAIT target=4 elapsed=0s need=2s
UE 19 TTT_WAIT target=1 elapsed=0s need=2s
LM HO_FAIL_LOW_RSRP UE=20 currCell=7 candCell=6 candRsrp=-119.565 < min=-110
LM HO_FAIL_LOW_RSRP UE=22 currCell=7 candCell=6 candRsrp=-116.068 < min=-110
LM HO_FAIL_LOW_RSRP UE=24 currCell=4 candCell=6 candRsrp=-119.481 < min=-110
UE 26 TTT_WAIT target=2 elapsed=0s need=2s
UE 27 TTT_WAIT target=2 elapsed=0s need=2s
LM HO_FAIL_LOW_RSRP UE=28 currCell=4 candCell=6 candRsrp=-114.977 < min=-110
LM HO_FAIL_LOW_RSRP UE=29 currCell=4 candCell=7 candRsrp=-117.623 < min=-110
LM HO_FAIL_LOW_RSRP UE=30 currCell=4 candCell=1 candRsrp=-113.065 < min=-110
UE 31 TTT_WAIT target=4 elapsed=0s need=2s
UE 33 TTT_WAIT target=5 elapsed=0s need=2s
LM HO_FAIL_LOW_RSRP UE=34 currCell=2 candCell=3 candRsrp=-113.145 < min=-110
UE 35 TTT_WAIT target=1 elapsed=0s need=2s
UE 39 TTT_WAIT target=5 elapsed=0s need=2s
LM HO UE=40 rnti=92 5->4 type=TN servingRsrp=-109.301 targetRsrp=-84.5396 targetLoadReal=19/20 targetLoadEff=19/20
UE 42 TTT_WAIT target=6 elapsed=0s need=2s
UE 44 TTT_WAIT target=5 elapsed=0s need=2s
UE 45 TTT_WAIT target=7 elapsed=0s need=2s
LM HO_FAIL_LOW_RSRP UE=46 currCell=3 candCell=6 candRsrp=-113.714 < min=-110
UE 49 TTT_WAIT target=6 elapsed=0s need=2s
UE 51 TTT_WAIT target=1 elapsed=0s need=2s
UE 52 TTT_WAIT target=3 elapsed=0s need=2s
UE 54 TTT_WAIT target=1 elapsed=0s need=2s
UE 56 TTT_WAIT target=5 elapsed=0s need=2s
UE 57 TTT_WAIT target=2 elapsed=0s need=2s
UE 58 TTT_WAIT target=7 elapsed=0s need=2s
UE 59 TTT_WAIT target=3 elapsed=0s need=2s
UE 60 TTT_WAIT target=3 elapsed=0s need=2s
LM HO_FAIL_LOW_RSRP UE=61 currCell=4 candCell=5 candRsrp=-122.034 < min=-110
UE 62 TTT_WAIT target=6 elapsed=0s need=2s
LM HO UE=63 rnti=149 1->2 type=TN servingRsrp=-113.083 targetRsrp=-109.88 targetLoadReal=19/20 targetLoadEff=19/20
UE 64 TTT_WAIT target=5 elapsed=0s need=2s
LM HO_FAIL_LOW_RSRP UE=65 currCell=4 candCell=3 candRsrp=-110.623 < min=-110
LM HO_FAIL_LOW_RSRP UE=66 currCell=6 candCell=7 candRsrp=-112.909 < min=-110
LM HO_FAIL_LOW_RSRP UE=68 currCell=5 candCell=6 candRsrp=-114.86 < min=-110
LM HO_FAIL_LOW_RSRP UE=69 currCell=1 candCell=6 candRsrp=-113.869 < min=-110
LM HO_FAIL_LOW_RSRP UE=74 currCell=4 candCell=6 candRsrp=-122.232 < min=-110
UE 75 TTT_WAIT target=5 elapsed=0s need=2s
LM HO_FAIL_LOW_RSRP UE=76 currCell=1 candCell=5 candRsrp=-116.802 < min=-110
UE 77 TTT_WAIT target=6 elapsed=0s need=2s
LM HO_FAIL_LOW_RSRP UE=78 currCell=4 candCell=7 candRsrp=-121.655 < min=-110
LM HO_FAIL_LOW_RSRP UE=79 currCell=3 candCell=1 candRsrp=-116.128 < min=-110
LM HO_FAIL_LOW_RSRP UE=80 currCell=3 candCell=5 candRsrp=-121.313 < min=-110
UE 81 TTT_WAIT target=5 elapsed=0s need=2s
UE 82 TTT_WAIT target=1 elapsed=0s need=2s
LM HO_FAIL_LOW_RSRP UE=83 currCell=3 candCell=6 candRsrp=-117.116 < min=-110
UE 84 TTT_WAIT target=1 elapsed=0s need=2s
LM HO_FAIL_LOW_RSRP UE=86 currCell=3 candCell=7 candRsrp=-122.503 < min=-110
UE 87 TTT_WAIT target=7 elapsed=0s need=2s
UE 92 TTT_WAIT target=3 elapsed=0s need=2s
LM HO_FAIL_LOW_RSRP UE=93 currCell=2 candCell=7 candRsrp=-118.127 < min=-110
LM HO_FAIL_LOW_RSRP UE=95 currCell=3 candCell=6 candRsrp=-121 < min=-110
LM HO_FAIL_LOW_RSRP UE=96 currCell=1 candCell=7 candRsrp=-119.901 < min=-110
LM HO_FAIL_LOW_RSRP UE=97 currCell=2 candCell=5 candRsrp=-113.496 < min=-110
UE 99 TTT_WAIT target=7 elapsed=0s need=2s
UE 100 TTT_WAIT target=3 elapsed=0s need=2s
UE 101 TTT_WAIT target=7 elapsed=0s need=2s
LM HO_FAIL_LOW_RSRP UE=102 currCell=2 candCell=6 candRsrp=-117.541 < min=-110
UE 103 TTT_WAIT target=3 elapsed=0s need=2s
LM HO_FAIL_LOW_RSRP UE=104 currCell=4 candCell=3 candRsrp=-116.119 < min=-110
LM HO_FAIL_LOW_RSRP UE=106 currCell=1 candCell=5 candRsrp=-117.839 < min=-110
UE 107 TTT_WAIT target=3 elapsed=0s need=2s
TRACE HO_SUCCESS Time=86.6151 IMSI=62 TargetCell=2 Type=TN TargetRSRP=-106.366 ServingRSRP=-90.9303 BackhaulDlSnr=-999 BackhaulUlSnr=-999
TRACE HO_SUCCESS Time=86.6151 IMSI=39 TargetCell=4 Type=TN TargetRSRP=-114.299 ServingRSRP=-108.895 BackhaulDlSnr=-999 BackhaulUlSnr=-999
UAV_AUTONOMY_XAPP Time=88.5 DeploymentMode=tn-uav UavIndex=0 UavCellId=5 BestDonorCellId=1 BestDonorDistanceM=143.511 XhaulConnected=1 XhaulChannelVariationDb=0 RawXhaulState=HEALTHY RawXhaulStateAgeSec=84 XhaulState=HEALTHY DonorUnavailableActive=0 SatBackhaulHealthy=0 UavSwitchingXappAvailable=0 UavSwitchingXappState=DISABLED AiPredictedBackhaulMode=RULE_BASED BackhaulMode=TN_DIRECT RicControlState=TN_E2 ActiveUavRic=LOCAL_UAV_AUTONOMY NormalUeHandoverAllowed=1 UavMode=TN_CONTROLLED_COVERAGE_EXTENSION
UAV_AUTONOMY_XAPP Time=88.5 DeploymentMode=tn-uav UavIndex=1 UavCellId=6 BestDonorCellId=1 BestDonorDistanceM=110.88 XhaulConnected=1 XhaulChannelVariationDb=0 RawXhaulState=HEALTHY RawXhaulStateAgeSec=84 XhaulState=HEALTHY DonorUnavailableActive=0 SatBackhaulHealthy=0 UavSwitchingXappAvailable=0 UavSwitchingXappState=DISABLED AiPredictedBackhaulMode=RULE_BASED BackhaulMode=TN_DIRECT RicControlState=TN_E2 ActiveUavRic=LOCAL_UAV_AUTONOMY NormalUeHandoverAllowed=1 UavMode=TN_CONTROLLED_COVERAGE_EXTENSION
UAV_AUTONOMY_XAPP Time=88.5 DeploymentMode=tn-uav UavIndex=2 UavCellId=7 BestDonorCellId=1 BestDonorDistanceM=133.08 XhaulConnected=1 XhaulChannelVariationDb=0 RawXhaulState=HEALTHY RawXhaulStateAgeSec=84 XhaulState=HEALTHY DonorUnavailableActive=0 SatBackhaulHealthy=0 UavSwitchingXappAvailable=0 UavSwitchingXappState=DISABLED AiPredictedBackhaulMode=RULE_BASED BackhaulMode=TN_DIRECT RicControlState=TN_E2 ActiveUavRic=LOCAL_UAV_AUTONOMY NormalUeHandoverAllowed=1 UavMode=TN_CONTROLLED_COVERAGE_EXTENSION
---- LOAD at t=88.5 ----
  cell 1 (TN) load=15/20
  cell 2 (TN) load=20/20
  cell 3 (TN) load=18/20
  cell 4 (TN) load=20/20
  cell 5 (NTN) load=7/15
  cell 6 (NTN) load=10/15
  cell 7 (NTN) load=10/15
LM HO_FAIL_LOW_RSRP UE=8 currCell=4 candCell=5 candRsrp=-113.188 < min=-110
UE 9 TTT_WAIT target=1 elapsed=0s need=2s
LM HO_FAIL_LOW_RSRP UE=10 currCell=3 candCell=5 candRsrp=-113.518 < min=-110
UE 11 TTT_WAIT target=1 elapsed=0s need=2s
LM HO UE=12 rnti=206 4->1 type=TN servingRsrp=-120.083 targetRsrp=-93.7535 targetLoadReal=15/20 targetLoadEff=15/20
UE 13 TTT_WAIT target=3 elapsed=0s need=2s
UE 14 TTT_WAIT target=7 elapsed=0s need=2s
UE 15 TTT_WAIT target=7 elapsed=0s need=2s
LM HO_FAIL_LOW_RSRP UE=16 currCell=2 candCell=5 candRsrp=-112.308 < min=-110
UE 19 TTT_WAIT target=6 elapsed=0s need=2s
LM HO_FAIL_LOW_RSRP UE=20 currCell=7 candCell=6 candRsrp=-123.436 < min=-110
UE 21 TTT_WAIT target=1 elapsed=0s need=2s
LM HO_FAIL_LOW_RSRP UE=24 currCell=4 candCell=6 candRsrp=-120.719 < min=-110
UE 25 TTT_WAIT target=3 elapsed=0s need=2s
UE 27 TTT_WAIT target=5 elapsed=0s need=2s
LM HO_FAIL_LOW_RSRP UE=28 currCell=4 candCell=6 candRsrp=-113.402 < min=-110
LM HO_FAIL_LOW_RSRP UE=29 currCell=4 candCell=3 candRsrp=-115.515 < min=-110
LM HO_FAIL_LOW_RSRP UE=30 currCell=4 candCell=1 candRsrp=-115.655 < min=-110
UE 31 TTT_WAIT target=6 elapsed=0s need=2s
LM HO_FAIL_LOW_RSRP UE=32 currCell=3 candCell=6 candRsrp=-118.757 < min=-110
LM HO_FAIL_LOW_RSRP UE=33 currCell=3 candCell=6 candRsrp=-118.782 < min=-110
LM HO_FAIL_LOW_RSRP UE=34 currCell=2 candCell=3 candRsrp=-111.962 < min=-110
LM HO_FAIL_LOW_RSRP UE=35 currCell=3 candCell=6 candRsrp=-112.37 < min=-110
UE 36 TTT_WAIT target=3 elapsed=0s need=2s
UE 37 TTT_WAIT target=3 elapsed=0s need=2s
UE 38 TTT_WAIT target=1 elapsed=0s need=2s
LM HO_FAIL_LOW_RSRP UE=39 currCell=2 candCell=5 candRsrp=-120.024 < min=-110
UE 40 TTT_WAIT target=1 elapsed=0s need=2s
UE 43 TTT_WAIT target=1 elapsed=0s need=2s
UE 44 TTT_WAIT target=3 elapsed=0s need=2s
UE 45 TTT_WAIT target=1 elapsed=0s need=2s
LM HO_FAIL_LOW_RSRP UE=46 currCell=3 candCell=7 candRsrp=-112.696 < min=-110
LM HO_FAIL_LOW_RSRP UE=48 currCell=3 candCell=6 candRsrp=-115.38 < min=-110
LM HO_FAIL_LOW_RSRP UE=49 currCell=3 candCell=7 candRsrp=-120.042 < min=-110
LM HO UE=51 rnti=206 3->1 type=TN servingRsrp=-113.768 targetRsrp=-78.5935 targetLoadReal=15/20 targetLoadEff=16/20
UE 52 TTT_WAIT target=1 elapsed=0s need=2s
UE 53 TTT_WAIT target=3 elapsed=0s need=2s
UE 54 TTT_WAIT target=7 elapsed=0s need=2s
UE 57 TTT_WAIT target=5 elapsed=0s need=2s
UE 58 TTT_WAIT target=1 elapsed=0s need=2s
LM HO_FAIL_LOW_RSRP UE=59 currCell=2 candCell=5 candRsrp=-116.236 < min=-110
UE 60 TTT_WAIT target=1 elapsed=0s need=2s
UE 61 TTT_WAIT target=1 elapsed=0s need=2s
LM HO_FAIL_LOW_RSRP UE=62 currCell=1 candCell=5 candRsrp=-110.731 < min=-110
LM HO_FAIL_LOW_RSRP UE=65 currCell=4 candCell=7 candRsrp=-117.233 < min=-110
LM HO_FAIL_LOW_RSRP UE=66 currCell=6 candCell=7 candRsrp=-113.688 < min=-110
UE 67 TTT_WAIT target=6 elapsed=0s need=2s
LM HO_FAIL_LOW_RSRP UE=68 currCell=5 candCell=6 candRsrp=-115.276 < min=-110
LM HO_FAIL_LOW_RSRP UE=69 currCell=1 candCell=6 candRsrp=-116.665 < min=-110
LM HO_FAIL_LOW_RSRP UE=70 currCell=3 candCell=1 candRsrp=-115.626 < min=-110
UE 71 TTT_WAIT target=3 elapsed=0s need=2s
UE 75 TTT_WAIT target=3 elapsed=0s need=2s
LM HO_FAIL_LOW_RSRP UE=76 currCell=1 candCell=6 candRsrp=-116.372 < min=-110
LM HO_FAIL_LOW_RSRP UE=77 currCell=3 candCell=6 candRsrp=-117.095 < min=-110
LM HO_FAIL_LOW_RSRP UE=78 currCell=4 candCell=1 candRsrp=-118.11 < min=-110
LM HO_FAIL_LOW_RSRP UE=79 currCell=3 candCell=1 candRsrp=-116.109 < min=-110
LM HO_FAIL_LOW_RSRP UE=80 currCell=3 candCell=6 candRsrp=-122.676 < min=-110
LM HO_FAIL_LOW_RSRP UE=81 currCell=2 candCell=6 candRsrp=-114.812 < min=-110
UE 82 TTT_WAIT target=5 elapsed=0s need=2s
UE 83 TTT_WAIT target=6 elapsed=0s need=2s
UE 85 TTT_WAIT target=7 elapsed=0s need=2s
LM HO_FAIL_LOW_RSRP UE=86 currCell=3 candCell=7 candRsrp=-121.677 < min=-110
LM HO UE=87 rnti=90 5->7 type=NTN servingRsrp=-120.528 targetRsrp=-95.6477 targetLoadReal=10/15 targetLoadEff=10/15
UE 90 TTT_WAIT target=1 elapsed=0s need=2s
LM HO_FAIL_LOW_RSRP UE=91 currCell=2 candCell=1 candRsrp=-112.025 < min=-110
UE 92 TTT_WAIT target=5 elapsed=0s need=2s
LM HO_FAIL_LOW_RSRP UE=93 currCell=2 candCell=6 candRsrp=-119.623 < min=-110
LM HO_FAIL_LOW_RSRP UE=95 currCell=3 candCell=6 candRsrp=-122.245 < min=-110
LM HO_FAIL_LOW_RSRP UE=96 currCell=1 candCell=6 candRsrp=-117.796 < min=-110
UE 97 TTT_WAIT target=1 elapsed=0s need=2s
LM HO_FAIL_LOW_RSRP UE=98 currCell=7 candCell=6 candRsrp=-117.375 < min=-110
UE 100 TTT_WAIT target=1 elapsed=0s need=2s
LM HO_FAIL_LOW_RSRP UE=101 currCell=3 candCell=7 candRsrp=-117.516 < min=-110
LM HO_FAIL_LOW_RSRP UE=102 currCell=2 candCell=7 candRsrp=-119.601 < min=-110
UE 103 TTT_WAIT target=6 elapsed=0s need=2s
LM HO_FAIL_LOW_RSRP UE=104 currCell=4 candCell=6 candRsrp=-120.235 < min=-110
UE 105 TTT_WAIT target=5 elapsed=0s need=2s
LM HO_FAIL_LOW_RSRP UE=106 currCell=1 candCell=6 candRsrp=-114.559 < min=-110
UE 107 TTT_WAIT target=1 elapsed=0s need=2s
TRACE HO_SUCCESS Time=88.6151 IMSI=50 TargetCell=1 Type=TN TargetRSRP=-107.733 ServingRSRP=-112.401 BackhaulDlSnr=-999 BackhaulUlSnr=-999
TRACE HO_SUCCESS Time=88.6151 IMSI=11 TargetCell=1 Type=TN TargetRSRP=-104.368 ServingRSRP=-116.843 BackhaulDlSnr=-999 BackhaulUlSnr=-999
TRACE HO_SUCCESS Time=88.6151 IMSI=86 TargetCell=7 Type=NTN TargetRSRP=-117.482 ServingRSRP=-113.88 BackhaulDlSnr=-999 BackhaulUlSnr=-999
