UAV_AUTONOMY_XAPP Time=4.5 DeploymentMode=tn-uav-satellite UavIndex=0 UavCellId=5 BestDonorCellId=1 BestDonorDistanceM=1451.84 XhaulConnected=1 XhaulChannelVariationDb=0.434841 RawXhaulState=UNREACHABLE RawXhaulStateAgeSec=0 XhaulState=UNREACHABLE DonorUnavailableActive=0 SatBackhaulHealthy=1 UavSwitchingXappAvailable=1 UavSwitchingXappState=ACTIVE AiPredictedBackhaulMode=RULE_BASED BackhaulMode=SATELLITE_FALLBACK RicControlState=NEAR_RT_RIC_SWITCHING_TO_SATELLITE_BACKHAUL ActiveUavRic=TN_NEAR_RT_RIC NormalUeHandoverAllowed=1 UavMode=NEAR_RT_RIC_EMERGENCY_SWITCHING_WITH_SATELLITE_BACKHAUL
UAV_AUTONOMY_XAPP Time=4.5 DeploymentMode=tn-uav-satellite UavIndex=1 UavCellId=6 BestDonorCellId=4 BestDonorDistanceM=629.258 XhaulConnected=1 XhaulChannelVariationDb=-2.28216 RawXhaulState=HEALTHY RawXhaulStateAgeSec=0 XhaulState=HEALTHY DonorUnavailableActive=0 SatBackhaulHealthy=1 UavSwitchingXappAvailable=1 UavSwitchingXappState=STANDBY AiPredictedBackhaulMode=RULE_BASED BackhaulMode=TN_DIRECT RicControlState=TN_E2 ActiveUavRic=TN_NEAR_RT_RIC NormalUeHandoverAllowed=1 UavMode=TN_CONTROLLED_COVERAGE_EXTENSION
UAV_AUTONOMY_XAPP Time=4.5 DeploymentMode=tn-uav-satellite UavIndex=2 UavCellId=7 BestDonorCellId=2 BestDonorDistanceM=765.017 XhaulConnected=1 XhaulChannelVariationDb=-0.793916 RawXhaulState=HEALTHY RawXhaulStateAgeSec=0 XhaulState=HEALTHY DonorUnavailableActive=0 SatBackhaulHealthy=1 UavSwitchingXappAvailable=1 UavSwitchingXappState=STANDBY AiPredictedBackhaulMode=RULE_BASED BackhaulMode=TN_DIRECT RicControlState=TN_E2 ActiveUavRic=TN_NEAR_RT_RIC NormalUeHandoverAllowed=1 UavMode=TN_CONTROLLED_COVERAGE_EXTENSION
Could not find NR UE cell info for E2 Node ID = 8
Could not find NR UE cell info for E2 Node ID = 9
Could not find NR UE cell info for E2 Node ID = 10
Could not find NR UE cell info for E2 Node ID = 11
Could not find NR UE cell info for E2 Node ID = 12
Could not find NR UE cell info for E2 Node ID = 13
Could not find NR UE cell info for E2 Node ID = 14
Could not find NR UE cell info for E2 Node ID = 15
Could not find NR UE cell info for E2 Node ID = 16
Could not find NR UE cell info for E2 Node ID = 17
Could not find NR UE cell info for E2 Node ID = 18
Could not find NR UE cell info for E2 Node ID = 19
Could not find NR UE cell info for E2 Node ID = 20
Could not find NR UE cell info for E2 Node ID = 21
Could not find NR UE cell info for E2 Node ID = 22
Could not find NR UE cell info for E2 Node ID = 23
Could not find NR UE cell info for E2 Node ID = 24
Could not find NR UE cell info for E2 Node ID = 25
Could not find NR UE cell info for E2 Node ID = 26
Could not find NR UE cell info for E2 Node ID = 27
Could not find NR UE cell info for E2 Node ID = 28
Could not find NR UE cell info for E2 Node ID = 29
Could not find NR UE cell info for E2 Node ID = 30
Could not find NR UE cell info for E2 Node ID = 31
Could not find NR UE cell info for E2 Node ID = 32
Could not find NR UE cell info for E2 Node ID = 33
Could not find NR UE cell info for E2 Node ID = 34
Could not find NR UE cell info for E2 Node ID = 35
Could not find NR UE cell info for E2 Node ID = 36
Could not find NR UE cell info for E2 Node ID = 37
Could not find NR UE cell info for E2 Node ID = 38
Could not find NR UE cell info for E2 Node ID = 39
Could not find NR UE cell info for E2 Node ID = 40
Could not find NR UE cell info for E2 Node ID = 41
Could not find NR UE cell info for E2 Node ID = 42
Could not find NR UE cell info for E2 Node ID = 43
Could not find NR UE cell info for E2 Node ID = 44
Could not find NR UE cell info for E2 Node ID = 45
Could not find NR UE cell info for E2 Node ID = 46
Could not find NR UE cell info for E2 Node ID = 47
Could not find NR UE cell info for E2 Node ID = 48
Could not find NR UE cell info for E2 Node ID = 49
Could not find NR UE cell info for E2 Node ID = 50
Could not find NR UE cell info for E2 Node ID = 51
Could not find NR UE cell info for E2 Node ID = 52
Could not find NR UE cell info for E2 Node ID = 53
Could not find NR UE cell info for E2 Node ID = 54
Could not find NR UE cell info for E2 Node ID = 55
Could not find NR UE cell info for E2 Node ID = 56
Could not find NR UE cell info for E2 Node ID = 57
Could not find NR UE cell info for E2 Node ID = 58
Could not find NR UE cell info for E2 Node ID = 59
Could not find NR UE cell info for E2 Node ID = 60
Could not find NR UE cell info for E2 Node ID = 61
Could not find NR UE cell info for E2 Node ID = 62
Could not find NR UE cell info for E2 Node ID = 63
Could not find NR UE cell info for E2 Node ID = 64
Could not find NR UE cell info for E2 Node ID = 65
Could not find NR UE cell info for E2 Node ID = 66
Could not find NR UE cell info for E2 Node ID = 67
Could not find NR UE cell info for E2 Node ID = 68
Could not find NR UE cell info for E2 Node ID = 69
Could not find NR UE cell info for E2 Node ID = 70
Could not find NR UE cell info for E2 Node ID = 71
Could not find NR UE cell info for E2 Node ID = 72
Could not find NR UE cell info for E2 Node ID = 73
Could not find NR UE cell info for E2 Node ID = 74
Could not find NR UE cell info for E2 Node ID = 75
Could not find NR UE cell info for E2 Node ID = 76
Could not find NR UE cell info for E2 Node ID = 77
Could not find NR UE cell info for E2 Node ID = 78
Could not find NR UE cell info for E2 Node ID = 79
Could not find NR UE cell info for E2 Node ID = 80
Could not find NR UE cell info for E2 Node ID = 81
Could not find NR UE cell info for E2 Node ID = 82
Could not find NR UE cell info for E2 Node ID = 83
Could not find NR UE cell info for E2 Node ID = 84
Could not find NR UE cell info for E2 Node ID = 85
Could not find NR UE cell info for E2 Node ID = 86
Could not find NR UE cell info for E2 Node ID = 87
Could not find NR gNB location for E2 Node ID = 1
Could not find NR gNB location for E2 Node ID = 2
Could not find NR gNB location for E2 Node ID = 3
Could not find NR gNB location for E2 Node ID = 4
Could not find NR gNB location for E2 Node ID = 5
Could not find NR gNB location for E2 Node ID = 6
Could not find NR gNB location for E2 Node ID = 7
---- LOAD at t=4.5 ----
UAV_AUTONOMY_XAPP Time=6.5 DeploymentMode=tn-uav-satellite UavIndex=0 UavCellId=5 BestDonorCellId=1 BestDonorDistanceM=1507.53 XhaulConnected=1 XhaulChannelVariationDb=-3.5052 RawXhaulState=UNREACHABLE RawXhaulStateAgeSec=2 XhaulState=UNREACHABLE DonorUnavailableActive=0 SatBackhaulHealthy=1 UavSwitchingXappAvailable=1 UavSwitchingXappState=ACTIVE AiPredictedBackhaulMode=RULE_BASED BackhaulMode=SATELLITE_FALLBACK RicControlState=NEAR_RT_RIC_SWITCHING_TO_SATELLITE_BACKHAUL ActiveUavRic=TN_NEAR_RT_RIC NormalUeHandoverAllowed=1 UavMode=NEAR_RT_RIC_EMERGENCY_SWITCHING_WITH_SATELLITE_BACKHAUL
UAV_AUTONOMY_XAPP Time=6.5 DeploymentMode=tn-uav-satellite UavIndex=1 UavCellId=6 BestDonorCellId=4 BestDonorDistanceM=650.432 XhaulConnected=1 XhaulChannelVariationDb=-3.9027 RawXhaulState=HEALTHY RawXhaulStateAgeSec=2 XhaulState=HEALTHY DonorUnavailableActive=0 SatBackhaulHealthy=1 UavSwitchingXappAvailable=1 UavSwitchingXappState=STANDBY AiPredictedBackhaulMode=RULE_BASED BackhaulMode=TN_DIRECT RicControlState=TN_E2 ActiveUavRic=TN_NEAR_RT_RIC NormalUeHandoverAllowed=1 UavMode=TN_CONTROLLED_COVERAGE_EXTENSION
UAV_AUTONOMY_XAPP Time=6.5 DeploymentMode=tn-uav-satellite UavIndex=2 UavCellId=7 BestDonorCellId=2 BestDonorDistanceM=816.13 XhaulConnected=1 XhaulChannelVariationDb=-0.170944 RawXhaulState=HEALTHY RawXhaulStateAgeSec=2 XhaulState=HEALTHY DonorUnavailableActive=0 SatBackhaulHealthy=1 UavSwitchingXappAvailable=1 UavSwitchingXappState=STANDBY AiPredictedBackhaulMode=RULE_BASED BackhaulMode=TN_DIRECT RicControlState=TN_E2 ActiveUavRic=TN_NEAR_RT_RIC NormalUeHandoverAllowed=1 UavMode=TN_CONTROLLED_COVERAGE_EXTENSION
---- LOAD at t=6.5 ----
  cell 1 (TN) load=4/20
  cell 2 (TN) load=1/20
  cell 3 (TN) load=5/20
  cell 4 (TN) load=3/20
  cell 5 (NTN) load=2/15
  cell 6 (NTN) load=4/15
  cell 7 (NTN) load=4/15
UE 13 TTT_WAIT target=1 elapsed=0s need=2s
UE 35 TTT_WAIT target=1 elapsed=0s need=2s
UE 37 TTT_WAIT target=1 elapsed=0s need=2s
UE 41 TTT_WAIT target=2 elapsed=0s need=2s
UE 46 TTT_WAIT target=7 elapsed=0s need=2s
UE 47 TTT_WAIT target=2 elapsed=0s need=2s
UE 78 TTT_WAIT target=7 elapsed=0s need=2s
UAV_AUTONOMY_XAPP Time=8.5 DeploymentMode=tn-uav-satellite UavIndex=0 UavCellId=5 BestDonorCellId=1 BestDonorDistanceM=1577.16 XhaulConnected=1 XhaulChannelVariationDb=0.172433 RawXhaulState=UNREACHABLE RawXhaulStateAgeSec=4 XhaulState=UNREACHABLE DonorUnavailableActive=0 SatBackhaulHealthy=1 UavSwitchingXappAvailable=1 UavSwitchingXappState=ACTIVE AiPredictedBackhaulMode=RULE_BASED BackhaulMode=SATELLITE_FALLBACK RicControlState=NEAR_RT_RIC_SWITCHING_TO_SATELLITE_BACKHAUL ActiveUavRic=TN_NEAR_RT_RIC NormalUeHandoverAllowed=1 UavMode=NEAR_RT_RIC_EMERGENCY_SWITCHING_WITH_SATELLITE_BACKHAUL
UAV_AUTONOMY_XAPP Time=8.5 DeploymentMode=tn-uav-satellite UavIndex=1 UavCellId=6 BestDonorCellId=4 BestDonorDistanceM=682.445 XhaulConnected=1 XhaulChannelVariationDb=2.22826 RawXhaulState=HEALTHY RawXhaulStateAgeSec=4 XhaulState=HEALTHY DonorUnavailableActive=0 SatBackhaulHealthy=1 UavSwitchingXappAvailable=1 UavSwitchingXappState=STANDBY AiPredictedBackhaulMode=RULE_BASED BackhaulMode=TN_DIRECT RicControlState=TN_E2 ActiveUavRic=TN_NEAR_RT_RIC NormalUeHandoverAllowed=1 UavMode=TN_CONTROLLED_COVERAGE_EXTENSION
UAV_AUTONOMY_XAPP Time=8.5 DeploymentMode=tn-uav-satellite UavIndex=2 UavCellId=7 BestDonorCellId=2 BestDonorDistanceM=880.851 XhaulConnected=1 XhaulChannelVariationDb=0.725406 RawXhaulState=HEALTHY RawXhaulStateAgeSec=4 XhaulState=HEALTHY DonorUnavailableActive=0 SatBackhaulHealthy=1 UavSwitchingXappAvailable=1 UavSwitchingXappState=STANDBY AiPredictedBackhaulMode=RULE_BASED BackhaulMode=TN_DIRECT RicControlState=TN_E2 ActiveUavRic=TN_NEAR_RT_RIC NormalUeHandoverAllowed=1 UavMode=TN_CONTROLLED_COVERAGE_EXTENSION
---- LOAD at t=8.5 ----
  cell 1 (TN) load=4/20
  cell 2 (TN) load=1/20
  cell 3 (TN) load=5/20
  cell 4 (TN) load=3/20
  cell 5 (NTN) load=5/15
  cell 6 (NTN) load=4/15
  cell 7 (NTN) load=4/15
UE 9 TTT_WAIT target=4 elapsed=0s need=2s
UE 26 TTT_WAIT target=6 elapsed=0s need=2s
LM HO UE=37 rnti=16 7->1 type=TN servingRsrp=-120.353 targetRsrp=-95.5918 targetLoadReal=4/20 targetLoadEff=4/20
LM HO UE=41 rnti=31 7->2 type=TN servingRsrp=-129.058 targetRsrp=-102.625 targetLoadReal=1/20 targetLoadEff=1/20
LM HO UE=47 rnti=32 3->2 type=TN servingRsrp=-122.842 targetRsrp=-89.7758 targetLoadReal=1/20 targetLoadEff=2/20
UE 78 TTT_WAIT target=2 elapsed=0s need=2s
UE 84 TTT_WAIT target=2 elapsed=0s need=2s
TRACE HO_SUCCESS Time=8.61507 IMSI=36 TargetCell=1 Type=TN TargetRSRP=-131.634 ServingRSRP=-92.0348 BackhaulDlSnr=-999 BackhaulUlSnr=-999
TRACE HO_SUCCESS Time=8.61507 IMSI=46 TargetCell=2 Type=TN TargetRSRP=-124.182 ServingRSRP=-103.639 BackhaulDlSnr=-999 BackhaulUlSnr=-999
TRACE HO_SUCCESS Time=8.61507 IMSI=40 TargetCell=2 Type=TN TargetRSRP=-112.135 ServingRSRP=-118.145 BackhaulDlSnr=-999 BackhaulUlSnr=-999
UAV_AUTONOMY_XAPP Time=10.5 DeploymentMode=tn-uav-satellite UavIndex=0 UavCellId=5 BestDonorCellId=3 BestDonorDistanceM=1805.8 XhaulConnected=1 XhaulChannelVariationDb=1.3721 RawXhaulState=UNREACHABLE RawXhaulStateAgeSec=6 XhaulState=UNREACHABLE DonorUnavailableActive=0 SatBackhaulHealthy=1 UavSwitchingXappAvailable=1 UavSwitchingXappState=ACTIVE AiPredictedBackhaulMode=RULE_BASED BackhaulMode=SATELLITE_FALLBACK RicControlState=NEAR_RT_RIC_SWITCHING_TO_SATELLITE_BACKHAUL ActiveUavRic=TN_NEAR_RT_RIC NormalUeHandoverAllowed=1 UavMode=NEAR_RT_RIC_EMERGENCY_SWITCHING_WITH_SATELLITE_BACKHAUL
UAV_AUTONOMY_XAPP Time=10.5 DeploymentMode=tn-uav-satellite UavIndex=1 UavCellId=6 BestDonorCellId=4 BestDonorDistanceM=719.848 XhaulConnected=1 XhaulChannelVariationDb=-7.24567 RawXhaulState=HEALTHY RawXhaulStateAgeSec=6 XhaulState=HEALTHY DonorUnavailableActive=0 SatBackhaulHealthy=1 UavSwitchingXappAvailable=1 UavSwitchingXappState=STANDBY AiPredictedBackhaulMode=RULE_BASED BackhaulMode=TN_DIRECT RicControlState=TN_E2 ActiveUavRic=TN_NEAR_RT_RIC NormalUeHandoverAllowed=1 UavMode=TN_CONTROLLED_COVERAGE_EXTENSION
UAV_AUTONOMY_XAPP Time=10.5 DeploymentMode=tn-uav-satellite UavIndex=2 UavCellId=7 BestDonorCellId=2 BestDonorDistanceM=946.315 XhaulConnected=1 XhaulChannelVariationDb=-4.11727 RawXhaulState=HEALTHY RawXhaulStateAgeSec=6 XhaulState=HEALTHY DonorUnavailableActive=0 SatBackhaulHealthy=1 UavSwitchingXappAvailable=1 UavSwitchingXappState=STANDBY AiPredictedBackhaulMode=RULE_BASED BackhaulMode=TN_DIRECT RicControlState=TN_E2 ActiveUavRic=TN_NEAR_RT_RIC NormalUeHandoverAllowed=1 UavMode=TN_CONTROLLED_COVERAGE_EXTENSION
---- LOAD at t=10.5 ----
  cell 1 (TN) load=5/20
  cell 2 (TN) load=3/20
  cell 3 (TN) load=4/20
  cell 4 (TN) load=3/20
  cell 5 (NTN) load=6/15
  cell 6 (NTN) load=4/15
  cell 7 (NTN) load=3/15
UE 9 TTT_WAIT target=7 elapsed=0s need=2s
UE 13 TTT_WAIT target=4 elapsed=0s need=2s
LM HO_FAIL_LOW_RSRP UE=26 currCell=3 candCell=5 candRsrp=-118.836 < min=-110
UE 33 TTT_WAIT target=1 elapsed=0s need=2s
UE 37 TTT_WAIT target=2 elapsed=0s need=2s
UE 41 TTT_WAIT target=1 elapsed=0s need=2s
LM HO_FAIL_LOW_RSRP UE=47 currCell=2 candCell=1 candRsrp=-111.532 < min=-110
UE 67 TTT_WAIT target=2 elapsed=0s need=2s
UE 70 TTT_WAIT target=3 elapsed=0s need=2s
UE 78 TTT_WAIT target=7 elapsed=0s need=2s
UE 84 TTT_WAIT target=7 elapsed=0s need=2s
UE 102 TTT_WAIT target=1 elapsed=0s need=2s
UAV_AUTONOMY_XAPP Time=12.5 DeploymentMode=tn-uav-satellite UavIndex=0 UavCellId=5 BestDonorCellId=2 BestDonorDistanceM=2170.5 XhaulConnected=1 XhaulChannelVariationDb=2.9061 RawXhaulState=UNREACHABLE RawXhaulStateAgeSec=8 XhaulState=UNREACHABLE DonorUnavailableActive=0 SatBackhaulHealthy=1 UavSwitchingXappAvailable=1 UavSwitchingXappState=ACTIVE AiPredictedBackhaulMode=RULE_BASED BackhaulMode=SATELLITE_FALLBACK RicControlState=NEAR_RT_RIC_SWITCHING_TO_SATELLITE_BACKHAUL ActiveUavRic=TN_NEAR_RT_RIC NormalUeHandoverAllowed=1 UavMode=NEAR_RT_RIC_EMERGENCY_SWITCHING_WITH_SATELLITE_BACKHAUL
UAV_AUTONOMY_XAPP Time=12.5 DeploymentMode=tn-uav-satellite UavIndex=1 UavCellId=6 BestDonorCellId=4 BestDonorDistanceM=761.847 XhaulConnected=1 XhaulChannelVariationDb=2.56656 RawXhaulState=HEALTHY RawXhaulStateAgeSec=8 XhaulState=HEALTHY DonorUnavailableActive=0 SatBackhaulHealthy=1 UavSwitchingXappAvailable=1 UavSwitchingXappState=STANDBY AiPredictedBackhaulMode=RULE_BASED BackhaulMode=TN_DIRECT RicControlState=TN_E2 ActiveUavRic=TN_NEAR_RT_RIC NormalUeHandoverAllowed=1 UavMode=TN_CONTROLLED_COVERAGE_EXTENSION
UAV_AUTONOMY_XAPP Time=12.5 DeploymentMode=tn-uav-satellite UavIndex=2 UavCellId=7 BestDonorCellId=2 BestDonorDistanceM=1012.43 XhaulConnected=1 XhaulChannelVariationDb=1.04915 RawXhaulState=HEALTHY RawXhaulStateAgeSec=8 XhaulState=HEALTHY DonorUnavailableActive=0 SatBackhaulHealthy=1 UavSwitchingXappAvailable=1 UavSwitchingXappState=STANDBY AiPredictedBackhaulMode=RULE_BASED BackhaulMode=TN_DIRECT RicControlState=TN_E2 ActiveUavRic=TN_NEAR_RT_RIC NormalUeHandoverAllowed=1 UavMode=TN_CONTROLLED_COVERAGE_EXTENSION
---- LOAD at t=12.5 ----
  cell 1 (TN) load=5/20
  cell 2 (TN) load=3/20
  cell 3 (TN) load=5/20
  cell 4 (TN) load=3/20
  cell 5 (NTN) load=6/15
  cell 6 (NTN) load=5/15
  cell 7 (NTN) load=3/15
LM HO UE=13 rnti=40 3->4 type=TN servingRsrp=-109.753 targetRsrp=-107.555 targetLoadReal=3/20 targetLoadEff=3/20
UE 26 TTT_WAIT target=1 elapsed=0s need=2s
LM HO UE=33 rnti=8 7->1 type=TN servingRsrp=-103.187 targetRsrp=-97.2057 targetLoadReal=5/20 targetLoadEff=5/20
UE 35 TTT_WAIT target=2 elapsed=0s need=2s
LM HO_FAIL_LOW_RSRP UE=37 currCell=1 candCell=3 candRsrp=-110.383 < min=-110
UE 41 TTT_WAIT target=3 elapsed=0s need=2s
UE 47 TTT_WAIT target=3 elapsed=0s need=2s
UE 67 TTT_WAIT target=3 elapsed=0s need=2s
UE 71 TTT_WAIT target=2 elapsed=0s need=2s
UE 84 TTT_WAIT target=2 elapsed=0s need=2s
TRACE HO_SUCCESS Time=12.6151 IMSI=32 TargetCell=1 Type=TN TargetRSRP=-116.587 ServingRSRP=-104.977 BackhaulDlSnr=-999 BackhaulUlSnr=-999
TRACE HO_SUCCESS Time=12.6151 IMSI=12 TargetCell=4 Type=TN TargetRSRP=-135.439 ServingRSRP=-98.9058 BackhaulDlSnr=-999 BackhaulUlSnr=-999
UAV_AUTONOMY_XAPP Time=14.5 DeploymentMode=tn-uav-satellite UavIndex=0 UavCellId=5 BestDonorCellId=1 BestDonorDistanceM=1786.2 XhaulConnected=1 XhaulChannelVariationDb=3.02157 RawXhaulState=UNREACHABLE RawXhaulStateAgeSec=10 XhaulState=UNREACHABLE DonorUnavailableActive=0 SatBackhaulHealthy=1 UavSwitchingXappAvailable=1 UavSwitchingXappState=ACTIVE AiPredictedBackhaulMode=RULE_BASED BackhaulMode=SATELLITE_FALLBACK RicControlState=NEAR_RT_RIC_SWITCHING_TO_SATELLITE_BACKHAUL ActiveUavRic=TN_NEAR_RT_RIC NormalUeHandoverAllowed=1 UavMode=NEAR_RT_RIC_EMERGENCY_SWITCHING_WITH_SATELLITE_BACKHAUL
UAV_AUTONOMY_XAPP Time=14.5 DeploymentMode=tn-uav-satellite UavIndex=1 UavCellId=6 BestDonorCellId=4 BestDonorDistanceM=807.725 XhaulConnected=1 XhaulChannelVariationDb=-3.75201 RawXhaulState=HEALTHY RawXhaulStateAgeSec=10 XhaulState=HEALTHY DonorUnavailableActive=0 SatBackhaulHealthy=1 UavSwitchingXappAvailable=1 UavSwitchingXappState=STANDBY AiPredictedBackhaulMode=RULE_BASED BackhaulMode=TN_DIRECT RicControlState=TN_E2 ActiveUavRic=TN_NEAR_RT_RIC NormalUeHandoverAllowed=1 UavMode=TN_CONTROLLED_COVERAGE_EXTENSION
UAV_AUTONOMY_XAPP Time=14.5 DeploymentMode=tn-uav-satellite UavIndex=2 UavCellId=7 BestDonorCellId=2 BestDonorDistanceM=1079.01 XhaulConnected=1 XhaulChannelVariationDb=-2.04708 RawXhaulState=HEALTHY RawXhaulStateAgeSec=10 XhaulState=HEALTHY DonorUnavailableActive=0 SatBackhaulHealthy=1 UavSwitchingXappAvailable=1 UavSwitchingXappState=STANDBY AiPredictedBackhaulMode=RULE_BASED BackhaulMode=TN_DIRECT RicControlState=TN_E2 ActiveUavRic=TN_NEAR_RT_RIC NormalUeHandoverAllowed=1 UavMode=TN_CONTROLLED_COVERAGE_EXTENSION
---- LOAD at t=14.5 ----
  cell 1 (TN) load=6/20
  cell 2 (TN) load=3/20
  cell 3 (TN) load=4/20
  cell 4 (TN) load=4/20
  cell 5 (NTN) load=7/15
  cell 6 (NTN) load=5/15
  cell 7 (NTN) load=2/15
UE 9 TTT_WAIT target=3 elapsed=0s need=2s
UE 13 TTT_WAIT target=3 elapsed=0s need=2s
UE 14 TTT_WAIT target=3 elapsed=0s need=2s
UE 26 TTT_WAIT target=7 elapsed=0s need=2s
LM HO_FAIL_LOW_RSRP UE=33 currCell=1 candCell=7 candRsrp=-122.638 < min=-110
UE 37 TTT_WAIT target=2 elapsed=0s need=2s
UE 41 TTT_WAIT target=7 elapsed=0s need=2s
UE 46 TTT_WAIT target=1 elapsed=0s need=2s
UE 47 TTT_WAIT target=1 elapsed=0s need=2s
UE 60 TTT_WAIT target=3 elapsed=0s need=2s
UE 67 TTT_WAIT target=2 elapsed=0s need=2s
UE 78 TTT_WAIT target=3 elapsed=0s need=2s
UE 79 TTT_WAIT target=4 elapsed=0s need=2s
UE 80 TTT_WAIT target=3 elapsed=0s need=2s
UE 102 TTT_WAIT target=3 elapsed=0s need=2s
UAV_AUTONOMY_XAPP Time=16.5 DeploymentMode=tn-uav-satellite UavIndex=0 UavCellId=5 BestDonorCellId=1 BestDonorDistanceM=1855.91 XhaulConnected=1 XhaulChannelVariationDb=-1.35744 RawXhaulState=UNREACHABLE RawXhaulStateAgeSec=12 XhaulState=UNREACHABLE DonorUnavailableActive=0 SatBackhaulHealthy=1 UavSwitchingXappAvailable=1 UavSwitchingXappState=ACTIVE AiPredictedBackhaulMode=RULE_BASED BackhaulMode=SATELLITE_FALLBACK RicControlState=NEAR_RT_RIC_SWITCHING_TO_SATELLITE_BACKHAUL ActiveUavRic=TN_NEAR_RT_RIC NormalUeHandoverAllowed=1 UavMode=NEAR_RT_RIC_EMERGENCY_SWITCHING_WITH_SATELLITE_BACKHAUL
UAV_AUTONOMY_XAPP Time=16.5 DeploymentMode=tn-uav-satellite UavIndex=1 UavCellId=6 BestDonorCellId=4 BestDonorDistanceM=856.859 XhaulConnected=1 XhaulChannelVariationDb=-2.66666 RawXhaulState=HEALTHY RawXhaulStateAgeSec=12 XhaulState=HEALTHY DonorUnavailableActive=0 SatBackhaulHealthy=1 UavSwitchingXappAvailable=1 UavSwitchingXappState=STANDBY AiPredictedBackhaulMode=RULE_BASED BackhaulMode=TN_DIRECT RicControlState=TN_E2 ActiveUavRic=TN_NEAR_RT_RIC NormalUeHandoverAllowed=1 UavMode=TN_CONTROLLED_COVERAGE_EXTENSION
UAV_AUTONOMY_XAPP Time=16.5 DeploymentMode=tn-uav-satellite UavIndex=2 UavCellId=7 BestDonorCellId=1 BestDonorDistanceM=1596.85 XhaulConnected=1 XhaulChannelVariationDb=3.43702 RawXhaulState=UNREACHABLE RawXhaulStateAgeSec=0 XhaulState=HEALTHY DonorUnavailableActive=0 SatBackhaulHealthy=1 UavSwitchingXappAvailable=1 UavSwitchingXappState=STANDBY AiPredictedBackhaulMode=RULE_BASED BackhaulMode=TN_DIRECT RicControlState=TN_E2 ActiveUavRic=TN_NEAR_RT_RIC NormalUeHandoverAllowed=1 UavMode=TN_CONTROLLED_COVERAGE_EXTENSION
---- LOAD at t=16.5 ----
  cell 1 (TN) load=6/20
  cell 2 (TN) load=3/20
  cell 3 (TN) load=5/20
  cell 4 (TN) load=5/20
  cell 5 (NTN) load=8/15
  cell 6 (NTN) load=7/15
  cell 7 (NTN) load=2/15
UE 9 TTT_WAIT target=4 elapsed=0s need=2s
UE 13 TTT_WAIT target=1 elapsed=0s need=2s
LM HO_FAIL_LOW_RSRP UE=26 currCell=3 candCell=2 candRsrp=-117.668 < min=-110
LM HO UE=37 rnti=33 1->2 type=TN servingRsrp=-133.339 targetRsrp=-93.1741 targetLoadReal=3/20 targetLoadEff=3/20
LM HO UE=47 rnti=10 2->1 type=TN servingRsrp=-113.151 targetRsrp=-71.7623 targetLoadReal=6/20 targetLoadEff=6/20
UE 48 TTT_WAIT target=2 elapsed=0s need=2s
LM HO UE=60 rnti=38 5->3 type=TN servingRsrp=-97.2968 targetRsrp=-86.8073 targetLoadReal=5/20 targetLoadEff=5/20
UE 70 TTT_WAIT target=2 elapsed=0s need=2s
LM HO UE=80 rnti=40 5->3 type=TN servingRsrp=-110.903 targetRsrp=-93.7465 targetLoadReal=5/20 targetLoadEff=6/20
UE 84 TTT_WAIT target=3 elapsed=0s need=2s
UE 102 TTT_WAIT target=2 elapsed=0s need=2s
TRACE HO_SUCCESS Time=16.6151 IMSI=46 TargetCell=1 Type=TN TargetRSRP=-114.01 ServingRSRP=-79.7188 BackhaulDlSnr=-999 BackhaulUlSnr=-999
TRACE HO_SUCCESS Time=16.6151 IMSI=36 TargetCell=2 Type=TN TargetRSRP=-120.866 ServingRSRP=-110.227 BackhaulDlSnr=-999 BackhaulUlSnr=-999
TRACE HO_SUCCESS Time=16.6151 IMSI=59 TargetCell=3 Type=TN TargetRSRP=-120.515 ServingRSRP=-117.441 BackhaulDlSnr=-999 BackhaulUlSnr=-999
TRACE HO_SUCCESS Time=16.6151 IMSI=79 TargetCell=3 Type=TN TargetRSRP=-95.107 ServingRSRP=-116.147 BackhaulDlSnr=-999 BackhaulUlSnr=-999
UAV_AUTONOMY_XAPP Time=18.5 DeploymentMode=tn-uav-satellite UavIndex=0 UavCellId=5 BestDonorCellId=1 BestDonorDistanceM=1925.63 XhaulConnected=1 XhaulChannelVariationDb=1.51246 RawXhaulState=UNREACHABLE RawXhaulStateAgeSec=14 XhaulState=UNREACHABLE DonorUnavailableActive=0 SatBackhaulHealthy=1 UavSwitchingXappAvailable=1 UavSwitchingXappState=ACTIVE AiPredictedBackhaulMode=RULE_BASED BackhaulMode=SATELLITE_FALLBACK RicControlState=NEAR_RT_RIC_SWITCHING_TO_SATELLITE_BACKHAUL ActiveUavRic=TN_NEAR_RT_RIC NormalUeHandoverAllowed=1 UavMode=NEAR_RT_RIC_EMERGENCY_SWITCHING_WITH_SATELLITE_BACKHAUL
UAV_AUTONOMY_XAPP Time=18.5 DeploymentMode=tn-uav-satellite UavIndex=1 UavCellId=6 BestDonorCellId=4 BestDonorDistanceM=908.721 XhaulConnected=1 XhaulChannelVariationDb=-0.297647 RawXhaulState=HEALTHY RawXhaulStateAgeSec=14 XhaulState=HEALTHY DonorUnavailableActive=0 SatBackhaulHealthy=1 UavSwitchingXappAvailable=1 UavSwitchingXappState=STANDBY AiPredictedBackhaulMode=RULE_BASED BackhaulMode=TN_DIRECT RicControlState=TN_E2 ActiveUavRic=TN_NEAR_RT_RIC NormalUeHandoverAllowed=1 UavMode=TN_CONTROLLED_COVERAGE_EXTENSION
UAV_AUTONOMY_XAPP Time=18.5 DeploymentMode=tn-uav-satellite UavIndex=2 UavCellId=7 BestDonorCellId=2 BestDonorDistanceM=1213.25 XhaulConnected=1 XhaulChannelVariationDb=0.972659 RawXhaulState=HEALTHY RawXhaulStateAgeSec=0 XhaulState=HEALTHY DonorUnavailableActive=0 SatBackhaulHealthy=1 UavSwitchingXappAvailable=1 UavSwitchingXappState=STANDBY AiPredictedBackhaulMode=RULE_BASED BackhaulMode=TN_DIRECT RicControlState=TN_E2 ActiveUavRic=TN_NEAR_RT_RIC NormalUeHandoverAllowed=1 UavMode=TN_CONTROLLED_COVERAGE_EXTENSION
---- LOAD at t=18.5 ----
  cell 1 (TN) load=6/20
  cell 2 (TN) load=3/20
  cell 3 (TN) load=7/20
  cell 4 (TN) load=5/20
  cell 5 (NTN) load=7/15
  cell 6 (NTN) load=8/15
  cell 7 (NTN) load=2/15
LM HO UE=9 rnti=8 2->4 type=TN servingRsrp=-110.312 targetRsrp=-83.5638 targetLoadReal=5/20 targetLoadEff=5/20
UE 10 TTT_WAIT target=1 elapsed=0s need=2s
LM HO UE=13 rnti=25 4->1 type=TN servingRsrp=-128.497 targetRsrp=-96.5206 targetLoadReal=6/20 targetLoadEff=6/20
UE 14 TTT_WAIT target=3 elapsed=0s need=2s
UE 20 TTT_WAIT target=2 elapsed=0s need=2s
UE 26 TTT_WAIT target=2 elapsed=0s need=2s
UE 33 TTT_WAIT target=2 elapsed=0s need=2s
UE 37 TTT_WAIT target=3 elapsed=0s need=2s
UE 49 TTT_WAIT target=1 elapsed=0s need=2s
LM HO_FAIL_LOW_RSRP UE=55 currCell=4 candCell=6 candRsrp=-112.558 < min=-110
LM HO_FAIL_LOW_RSRP UE=60 currCell=3 candCell=5 candRsrp=-115.039 < min=-110
UE 67 TTT_WAIT target=3 elapsed=0s need=2s
UE 70 TTT_WAIT target=3 elapsed=0s need=2s
UE 71 TTT_WAIT target=4 elapsed=0s need=2s
UE 91 TTT_WAIT target=2 elapsed=0s need=2s
UE 102 TTT_WAIT target=4 elapsed=0s need=2s
TRACE HO_SUCCESS Time=18.6151 IMSI=12 TargetCell=1 Type=TN TargetRSRP=-111.113 ServingRSRP=-113.639 BackhaulDlSnr=-999 BackhaulUlSnr=-999
TRACE HO_SUCCESS Time=18.6151 IMSI=8 TargetCell=4 Type=TN TargetRSRP=-122.279 ServingRSRP=-94.6752 BackhaulDlSnr=-999 BackhaulUlSnr=-999
UAV_AUTONOMY_XAPP Time=20.5 DeploymentMode=tn-uav-satellite UavIndex=0 UavCellId=5 BestDonorCellId=1 BestDonorDistanceM=1995.37 XhaulConnected=1 XhaulChannelVariationDb=-1.23503 RawXhaulState=UNREACHABLE RawXhaulStateAgeSec=16 XhaulState=UNREACHABLE DonorUnavailableActive=0 SatBackhaulHealthy=1 UavSwitchingXappAvailable=1 UavSwitchingXappState=ACTIVE AiPredictedBackhaulMode=RULE_BASED BackhaulMode=SATELLITE_FALLBACK RicControlState=NEAR_RT_RIC_SWITCHING_TO_SATELLITE_BACKHAUL ActiveUavRic=TN_NEAR_RT_RIC NormalUeHandoverAllowed=1 UavMode=NEAR_RT_RIC_EMERGENCY_SWITCHING_WITH_SATELLITE_BACKHAUL
UAV_AUTONOMY_XAPP Time=20.5 DeploymentMode=tn-uav-satellite UavIndex=1 UavCellId=6 BestDonorCellId=4 BestDonorDistanceM=962.866 XhaulConnected=1 XhaulChannelVariationDb=-4.72636 RawXhaulState=HEALTHY RawXhaulStateAgeSec=16 XhaulState=HEALTHY DonorUnavailableActive=0 SatBackhaulHealthy=1 UavSwitchingXappAvailable=1 UavSwitchingXappState=STANDBY AiPredictedBackhaulMode=RULE_BASED BackhaulMode=TN_DIRECT RicControlState=TN_E2 ActiveUavRic=TN_NEAR_RT_RIC NormalUeHandoverAllowed=1 UavMode=TN_CONTROLLED_COVERAGE_EXTENSION
UAV_AUTONOMY_XAPP Time=20.5 DeploymentMode=tn-uav-satellite UavIndex=2 UavCellId=7 BestDonorCellId=2 BestDonorDistanceM=1280.87 XhaulConnected=1 XhaulChannelVariationDb=0.0675034 RawXhaulState=UNREACHABLE RawXhaulStateAgeSec=0 XhaulState=HEALTHY DonorUnavailableActive=0 SatBackhaulHealthy=1 UavSwitchingXappAvailable=1 UavSwitchingXappState=STANDBY AiPredictedBackhaulMode=RULE_BASED BackhaulMode=TN_DIRECT RicControlState=TN_E2 ActiveUavRic=TN_NEAR_RT_RIC NormalUeHandoverAllowed=1 UavMode=TN_CONTROLLED_COVERAGE_EXTENSION
---- LOAD at t=20.5 ----
  cell 1 (TN) load=7/20
  cell 2 (TN) load=3/20
  cell 3 (TN) load=7/20
  cell 4 (TN) load=5/20
  cell 5 (NTN) load=7/15
  cell 6 (NTN) load=8/15
  cell 7 (NTN) load=2/15
UE 9 TTT_WAIT target=1 elapsed=0s need=2s
UE 13 TTT_WAIT target=3 elapsed=0s need=2s
UE 20 TTT_WAIT target=1 elapsed=0s need=2s
UE 26 TTT_WAIT target=4 elapsed=0s need=2s
UE 33 TTT_WAIT target=6 elapsed=0s need=2s
LM HO_FAIL_LOW_RSRP UE=37 currCell=2 candCell=4 candRsrp=-122.653 < min=-110
UE 46 TTT_WAIT target=4 elapsed=0s need=2s
UE 47 TTT_WAIT target=2 elapsed=0s need=2s
UE 55 TTT_WAIT target=1 elapsed=0s need=2s
UE 60 TTT_WAIT target=2 elapsed=0s need=2s
UE 66 TTT_WAIT target=1 elapsed=0s need=2s
UE 85 TTT_WAIT target=5 elapsed=0s need=2s
LM HO UE=91 rnti=72 5->2 type=TN servingRsrp=-128.753 targetRsrp=-105.056 targetLoadReal=3/20 targetLoadEff=3/20
TRACE HO_SUCCESS Time=20.6151 IMSI=90 TargetCell=2 Type=TN TargetRSRP=-137.591 ServingRSRP=-93.125 BackhaulDlSnr=-999 BackhaulUlSnr=-999
UAV_AUTONOMY_XAPP Time=22.5 DeploymentMode=tn-uav-satellite UavIndex=0 UavCellId=5 BestDonorCellId=3 BestDonorDistanceM=2204.4 XhaulConnected=1 XhaulChannelVariationDb=3.91691 RawXhaulState=UNREACHABLE RawXhaulStateAgeSec=18 XhaulState=UNREACHABLE DonorUnavailableActive=0 SatBackhaulHealthy=1 UavSwitchingXappAvailable=1 UavSwitchingXappState=ACTIVE AiPredictedBackhaulMode=RULE_BASED BackhaulMode=SATELLITE_FALLBACK RicControlState=NEAR_RT_RIC_SWITCHING_TO_SATELLITE_BACKHAUL ActiveUavRic=TN_NEAR_RT_RIC NormalUeHandoverAllowed=1 UavMode=NEAR_RT_RIC_EMERGENCY_SWITCHING_WITH_SATELLITE_BACKHAUL
UAV_AUTONOMY_XAPP Time=22.5 DeploymentMode=tn-uav-satellite UavIndex=1 UavCellId=6 BestDonorCellId=4 BestDonorDistanceM=1018.92 XhaulConnected=1 XhaulChannelVariationDb=-2.96853 RawXhaulState=HEALTHY RawXhaulStateAgeSec=18 XhaulState=HEALTHY DonorUnavailableActive=0 SatBackhaulHealthy=1 UavSwitchingXappAvailable=1 UavSwitchingXappState=STANDBY AiPredictedBackhaulMode=RULE_BASED BackhaulMode=TN_DIRECT RicControlState=TN_E2 ActiveUavRic=TN_NEAR_RT_RIC NormalUeHandoverAllowed=1 UavMode=TN_CONTROLLED_COVERAGE_EXTENSION
UAV_AUTONOMY_XAPP Time=22.5 DeploymentMode=tn-uav-satellite UavIndex=2 UavCellId=7 BestDonorCellId=2 BestDonorDistanceM=1348.77 XhaulConnected=1 XhaulChannelVariationDb=1.01141 RawXhaulState=UNREACHABLE RawXhaulStateAgeSec=2 XhaulState=HEALTHY DonorUnavailableActive=0 SatBackhaulHealthy=1 UavSwitchingXappAvailable=1 UavSwitchingXappState=STANDBY AiPredictedBackhaulMode=RULE_BASED BackhaulMode=TN_DIRECT RicControlState=TN_E2 ActiveUavRic=TN_NEAR_RT_RIC NormalUeHandoverAllowed=1 UavMode=TN_CONTROLLED_COVERAGE_EXTENSION
---- LOAD at t=22.5 ----
  cell 1 (TN) load=8/20
  cell 2 (TN) load=4/20
  cell 3 (TN) load=7/20
  cell 4 (TN) load=5/20
  cell 5 (NTN) load=7/15
  cell 6 (NTN) load=8/15
  cell 7 (NTN) load=2/15
UE 9 TTT_WAIT target=7 elapsed=0s need=2s
LM HO UE=13 rnti=36 1->3 type=TN servingRsrp=-103.181 targetRsrp=-76.1966 targetLoadReal=7/20 targetLoadEff=7/20
LM HO_FAIL_LOW_RSRP UE=30 currCell=2 candCell=1 candRsrp=-111.891 < min=-110
UE 32 TTT_WAIT target=1 elapsed=0s need=2s
LM HO_FAIL_LOW_RSRP UE=37 currCell=2 candCell=4 candRsrp=-123.195 < min=-110
UE 41 TTT_WAIT target=3 elapsed=0s need=2s
LM HO UE=47 rnti=35 1->2 type=TN servingRsrp=-110.298 targetRsrp=-76.3885 targetLoadReal=4/20 targetLoadEff=4/20
UE 48 TTT_WAIT target=7 elapsed=0s need=2s
UE 49 TTT_WAIT target=1 elapsed=0s need=2s
UE 67 TTT_WAIT target=2 elapsed=0s need=2s
UE 84 TTT_WAIT target=2 elapsed=0s need=2s
LM HO_FAIL_LOW_RSRP UE=91 currCell=2 candCell=3 candRsrp=-133.244 < min=-110
UE 102 TTT_WAIT target=2 elapsed=0s need=2s
TRACE HO_SUCCESS Time=22.6151 IMSI=46 TargetCell=2 Type=TN TargetRSRP=-115.509 ServingRSRP=-108.242 BackhaulDlSnr=-999 BackhaulUlSnr=-999
TRACE HO_SUCCESS Time=22.6151 IMSI=12 TargetCell=3 Type=TN TargetRSRP=-108.407 ServingRSRP=-111.402 BackhaulDlSnr=-999 BackhaulUlSnr=-999
UAV_AUTONOMY_XAPP Time=24.5 DeploymentMode=tn-uav-satellite UavIndex=0 UavCellId=5 BestDonorCellId=1 BestDonorDistanceM=2134.87 XhaulConnected=1 XhaulChannelVariationDb=-9.97187 RawXhaulState=UNREACHABLE RawXhaulStateAgeSec=20 XhaulState=UNREACHABLE DonorUnavailableActive=0 SatBackhaulHealthy=1 UavSwitchingXappAvailable=1 UavSwitchingXappState=ACTIVE AiPredictedBackhaulMode=RULE_BASED BackhaulMode=SATELLITE_FALLBACK RicControlState=NEAR_RT_RIC_SWITCHING_TO_SATELLITE_BACKHAUL ActiveUavRic=TN_NEAR_RT_RIC NormalUeHandoverAllowed=1 UavMode=NEAR_RT_RIC_EMERGENCY_SWITCHING_WITH_SATELLITE_BACKHAUL
UAV_AUTONOMY_XAPP Time=24.5 DeploymentMode=tn-uav-satellite UavIndex=1 UavCellId=6 BestDonorCellId=4 BestDonorDistanceM=1076.59 XhaulConnected=1 XhaulChannelVariationDb=1.30617 RawXhaulState=HEALTHY RawXhaulStateAgeSec=20 XhaulState=HEALTHY DonorUnavailableActive=0 SatBackhaulHealthy=1 UavSwitchingXappAvailable=1 UavSwitchingXappState=STANDBY AiPredictedBackhaulMode=RULE_BASED BackhaulMode=TN_DIRECT RicControlState=TN_E2 ActiveUavRic=TN_NEAR_RT_RIC NormalUeHandoverAllowed=1 UavMode=TN_CONTROLLED_COVERAGE_EXTENSION
UAV_AUTONOMY_XAPP Time=24.5 DeploymentMode=tn-uav-satellite UavIndex=2 UavCellId=7 BestDonorCellId=2 BestDonorDistanceM=1416.79 XhaulConnected=1 XhaulChannelVariationDb=0.562182 RawXhaulState=UNREACHABLE RawXhaulStateAgeSec=4 XhaulState=HEALTHY DonorUnavailableActive=0 SatBackhaulHealthy=1 UavSwitchingXappAvailable=1 UavSwitchingXappState=STANDBY AiPredictedBackhaulMode=RULE_BASED BackhaulMode=TN_DIRECT RicControlState=TN_E2 ActiveUavRic=TN_NEAR_RT_RIC NormalUeHandoverAllowed=1 UavMode=TN_CONTROLLED_COVERAGE_EXTENSION
---- LOAD at t=24.5 ----
  cell 1 (TN) load=6/20
  cell 2 (TN) load=6/20
  cell 3 (TN) load=8/20
  cell 4 (TN) load=5/20
  cell 5 (NTN) load=8/15
  cell 6 (NTN) load=8/15
  cell 7 (NTN) load=2/15
UE 15 TTT_WAIT target=5 elapsed=0s need=2s
LM HO_FAIL_LOW_RSRP UE=30 currCell=2 candCell=1 candRsrp=-111.749 < min=-110
UE 33 TTT_WAIT target=3 elapsed=0s need=2s
UE 35 TTT_WAIT target=2 elapsed=0s need=2s
LM HO_FAIL_LOW_RSRP UE=37 currCell=2 candCell=4 candRsrp=-112.105 < min=-110
UE 41 TTT_WAIT target=7 elapsed=0s need=2s
UE 42 TTT_WAIT target=5 elapsed=0s need=2s
UE 47 TTT_WAIT target=1 elapsed=0s need=2s
UE 55 TTT_WAIT target=2 elapsed=0s need=2s
UE 60 TTT_WAIT target=2 elapsed=0s need=2s
UE 71 TTT_WAIT target=2 elapsed=0s need=2s
LM HO_FAIL_LOW_RSRP UE=80 currCell=3 candCell=5 candRsrp=-125.406 < min=-110
LM HO_FAIL_LOW_RSRP UE=91 currCell=2 candCell=1 candRsrp=-119.238 < min=-110
UAV_AUTONOMY_XAPP Time=26.5 DeploymentMode=tn-uav-satellite UavIndex=0 UavCellId=5 BestDonorCellId=1 BestDonorDistanceM=2204.63 XhaulConnected=1 XhaulChannelVariationDb=0.6374 RawXhaulState=UNREACHABLE RawXhaulStateAgeSec=22 XhaulState=UNREACHABLE DonorUnavailableActive=0 SatBackhaulHealthy=1 UavSwitchingXappAvailable=1 UavSwitchingXappState=ACTIVE AiPredictedBackhaulMode=RULE_BASED BackhaulMode=SATELLITE_FALLBACK RicControlState=NEAR_RT_RIC_SWITCHING_TO_SATELLITE_BACKHAUL ActiveUavRic=TN_NEAR_RT_RIC NormalUeHandoverAllowed=1 UavMode=NEAR_RT_RIC_EMERGENCY_SWITCHING_WITH_SATELLITE_BACKHAUL
UAV_AUTONOMY_XAPP Time=26.5 DeploymentMode=tn-uav-satellite UavIndex=1 UavCellId=6 BestDonorCellId=4 BestDonorDistanceM=1135.62 XhaulConnected=1 XhaulChannelVariationDb=-2.69739 RawXhaulState=UNREACHABLE RawXhaulStateAgeSec=0 XhaulState=HEALTHY DonorUnavailableActive=0 SatBackhaulHealthy=1 UavSwitchingXappAvailable=1 UavSwitchingXappState=STANDBY AiPredictedBackhaulMode=RULE_BASED BackhaulMode=TN_DIRECT RicControlState=TN_E2 ActiveUavRic=TN_NEAR_RT_RIC NormalUeHandoverAllowed=1 UavMode=TN_CONTROLLED_COVERAGE_EXTENSION
UAV_AUTONOMY_XAPP Time=26.5 DeploymentMode=tn-uav-satellite UavIndex=2 UavCellId=7 BestDonorCellId=2 BestDonorDistanceM=1484.98 XhaulConnected=1 XhaulChannelVariationDb=-4.21776 RawXhaulState=UNREACHABLE RawXhaulStateAgeSec=6 XhaulState=UNREACHABLE DonorUnavailableActive=0 SatBackhaulHealthy=1 UavSwitchingXappAvailable=1 UavSwitchingXappState=ACTIVE AiPredictedBackhaulMode=RULE_BASED BackhaulMode=SATELLITE_FALLBACK RicControlState=NEAR_RT_RIC_SWITCHING_TO_SATELLITE_BACKHAUL ActiveUavRic=TN_NEAR_RT_RIC NormalUeHandoverAllowed=1 UavMode=NEAR_RT_RIC_EMERGENCY_SWITCHING_WITH_SATELLITE_BACKHAUL
---- LOAD at t=26.5 ----
  cell 1 (TN) load=6/20
  cell 2 (TN) load=7/20
  cell 3 (TN) load=8/20
  cell 4 (TN) load=6/20
  cell 5 (NTN) load=8/15
  cell 6 (NTN) load=9/15
  cell 7 (NTN) load=2/15
UE 9 TTT_WAIT target=2 elapsed=0s need=2s
UE 13 TTT_WAIT target=1 elapsed=0s need=2s
UE 19 TTT_WAIT target=1 elapsed=0s need=2s
UE 26 TTT_WAIT target=6 elapsed=0s need=2s
UE 30 TTT_WAIT target=3 elapsed=0s need=2s
UE 33 TTT_WAIT target=2 elapsed=0s need=2s
UE 41 TTT_WAIT target=4 elapsed=0s need=2s
UE 47 TTT_WAIT target=3 elapsed=0s need=2s
UE 54 TTT_WAIT target=1 elapsed=0s need=2s
UE 55 TTT_WAIT target=6 elapsed=0s need=2s
UE 58 TTT_WAIT target=3 elapsed=0s need=2s
UE 60 TTT_WAIT target=5 elapsed=0s need=2s
UE 64 TTT_WAIT target=4 elapsed=0s need=2s
UE 70 TTT_WAIT target=2 elapsed=0s need=2s
UE 71 TTT_WAIT target=3 elapsed=0s need=2s
UE 77 TTT_WAIT target=4 elapsed=0s need=2s
UE 79 TTT_WAIT target=7 elapsed=0s need=2s
UE 80 TTT_WAIT target=7 elapsed=0s need=2s
LM HO_FAIL_LOW_RSRP UE=91 currCell=2 candCell=1 candRsrp=-126.791 < min=-110
UE 102 TTT_WAIT target=4 elapsed=0s need=2s
UAV_AUTONOMY_XAPP Time=28.5 DeploymentMode=tn-uav-satellite UavIndex=0 UavCellId=5 BestDonorCellId=1 BestDonorDistanceM=2274.4 XhaulConnected=1 XhaulChannelVariationDb=1.53709 RawXhaulState=UNREACHABLE RawXhaulStateAgeSec=24 XhaulState=UNREACHABLE DonorUnavailableActive=0 SatBackhaulHealthy=1 UavSwitchingXappAvailable=1 UavSwitchingXappState=ACTIVE AiPredictedBackhaulMode=RULE_BASED BackhaulMode=SATELLITE_FALLBACK RicControlState=NEAR_RT_RIC_SWITCHING_TO_SATELLITE_BACKHAUL ActiveUavRic=TN_NEAR_RT_RIC NormalUeHandoverAllowed=1 UavMode=NEAR_RT_RIC_EMERGENCY_SWITCHING_WITH_SATELLITE_BACKHAUL
UAV_AUTONOMY_XAPP Time=28.5 DeploymentMode=tn-uav-satellite UavIndex=1 UavCellId=6 BestDonorCellId=4 BestDonorDistanceM=1195.82 XhaulConnected=1 XhaulChannelVariationDb=-1.58626 RawXhaulState=UNREACHABLE RawXhaulStateAgeSec=2 XhaulState=HEALTHY DonorUnavailableActive=0 SatBackhaulHealthy=1 UavSwitchingXappAvailable=1 UavSwitchingXappState=STANDBY AiPredictedBackhaulMode=RULE_BASED BackhaulMode=TN_DIRECT RicControlState=TN_E2 ActiveUavRic=TN_NEAR_RT_RIC NormalUeHandoverAllowed=1 UavMode=TN_CONTROLLED_COVERAGE_EXTENSION
UAV_AUTONOMY_XAPP Time=28.5 DeploymentMode=tn-uav-satellite UavIndex=2 UavCellId=7 BestDonorCellId=2 BestDonorDistanceM=1553.33 XhaulConnected=1 XhaulChannelVariationDb=-1.33302 RawXhaulState=UNREACHABLE RawXhaulStateAgeSec=8 XhaulState=UNREACHABLE DonorUnavailableActive=0 SatBackhaulHealthy=1 UavSwitchingXappAvailable=1 UavSwitchingXappState=ACTIVE AiPredictedBackhaulMode=RULE_BASED BackhaulMode=SATELLITE_FALLBACK RicControlState=NEAR_RT_RIC_SWITCHING_TO_SATELLITE_BACKHAUL ActiveUavRic=TN_NEAR_RT_RIC NormalUeHandoverAllowed=1 UavMode=NEAR_RT_RIC_EMERGENCY_SWITCHING_WITH_SATELLITE_BACKHAUL
---- LOAD at t=28.5 ----
  cell 1 (TN) load=6/20
  cell 2 (TN) load=7/20
  cell 3 (TN) load=8/20
  cell 4 (TN) load=6/20
  cell 5 (NTN) load=8/15
  cell 6 (NTN) load=9/15
  cell 7 (NTN) load=2/15
UE 9 TTT_WAIT target=3 elapsed=0s need=2s
LM HO UE=13 rnti=59 3->1 type=TN servingRsrp=-100.663 targetRsrp=-80.5896 targetLoadReal=6/20 targetLoadEff=6/20
UE 15 TTT_WAIT target=1 elapsed=0s need=2s
LM HO_FAIL_LOW_RSRP UE=20 currCell=3 candCell=5 candRsrp=-122.323 < min=-110
UE 24 TTT_WAIT target=2 elapsed=0s need=2s
UE 26 TTT_WAIT target=2 elapsed=0s need=2s
LM HO_FAIL_LOW_RSRP UE=29 currCell=2 candCell=1 candRsrp=-113.082 < min=-110
LM HO UE=33 rnti=34 1->2 type=TN servingRsrp=-110.524 targetRsrp=-105.022 targetLoadReal=7/20 targetLoadEff=7/20
UE 37 TTT_WAIT target=4 elapsed=0s need=2s
UE 42 TTT_WAIT target=4 elapsed=0s need=2s
UE 46 TTT_WAIT target=2 elapsed=0s need=2s
UE 54 TTT_WAIT target=7 elapsed=0s need=2s
UE 55 TTT_WAIT target=1 elapsed=0s need=2s
LM HO UE=60 rnti=57 3->5 type=NTN servingRsrp=-125.697 targetRsrp=-85.946 targetLoadReal=8/15 targetLoadEff=8/15
UE 67 TTT_WAIT target=6 elapsed=0s need=2s
UE 71 TTT_WAIT target=1 elapsed=0s need=2s
UE 80 TTT_WAIT target=1 elapsed=0s need=2s
UE 85 TTT_WAIT target=4 elapsed=0s need=2s
UE 91 TTT_WAIT target=3 elapsed=0s need=2s
UE 102 TTT_WAIT target=3 elapsed=0s need=2s
TRACE HO_SUCCESS Time=28.6151 IMSI=12 TargetCell=1 Type=TN TargetRSRP=-110.938 ServingRSRP=-88.8772 BackhaulDlSnr=-999 BackhaulUlSnr=-999
TRACE HO_SUCCESS Time=28.6151 IMSI=32 TargetCell=2 Type=TN TargetRSRP=-115.444 ServingRSRP=-92.3592 BackhaulDlSnr=-999 BackhaulUlSnr=-999
TRACE HO_SUCCESS Time=28.6151 IMSI=59 TargetCell=5 Type=NTN TargetRSRP=-121.15 ServingRSRP=-117.575 BackhaulDlSnr=13.0943 BackhaulUlSnr=8.5737
UAV_AUTONOMY_XAPP Time=30.5 DeploymentMode=tn-uav-satellite UavIndex=0 UavCellId=5 BestDonorCellId=3 BestDonorDistanceM=2474.09 XhaulConnected=1 XhaulChannelVariationDb=1.28927 RawXhaulState=UNREACHABLE RawXhaulStateAgeSec=26 XhaulState=UNREACHABLE DonorUnavailableActive=0 SatBackhaulHealthy=1 UavSwitchingXappAvailable=1 UavSwitchingXappState=ACTIVE AiPredictedBackhaulMode=RULE_BASED BackhaulMode=SATELLITE_FALLBACK RicControlState=NEAR_RT_RIC_SWITCHING_TO_SATELLITE_BACKHAUL ActiveUavRic=TN_NEAR_RT_RIC NormalUeHandoverAllowed=1 UavMode=NEAR_RT_RIC_EMERGENCY_SWITCHING_WITH_SATELLITE_BACKHAUL
UAV_AUTONOMY_XAPP Time=30.5 DeploymentMode=tn-uav-satellite UavIndex=1 UavCellId=6 BestDonorCellId=4 BestDonorDistanceM=1257.01 XhaulConnected=1 XhaulChannelVariationDb=-3.40917 RawXhaulState=UNREACHABLE RawXhaulStateAgeSec=4 XhaulState=HEALTHY DonorUnavailableActive=0 SatBackhaulHealthy=1 UavSwitchingXappAvailable=1 UavSwitchingXappState=STANDBY AiPredictedBackhaulMode=RULE_BASED BackhaulMode=TN_DIRECT RicControlState=TN_E2 ActiveUavRic=TN_NEAR_RT_RIC NormalUeHandoverAllowed=1 UavMode=TN_CONTROLLED_COVERAGE_EXTENSION
UAV_AUTONOMY_XAPP Time=30.5 DeploymentMode=tn-uav-satellite UavIndex=2 UavCellId=7 BestDonorCellId=2 BestDonorDistanceM=1621.82 XhaulConnected=1 XhaulChannelVariationDb=1.23778 RawXhaulState=UNREACHABLE RawXhaulStateAgeSec=10 XhaulState=UNREACHABLE DonorUnavailableActive=0 SatBackhaulHealthy=1 UavSwitchingXappAvailable=1 UavSwitchingXappState=ACTIVE AiPredictedBackhaulMode=RULE_BASED BackhaulMode=SATELLITE_FALLBACK RicControlState=NEAR_RT_RIC_SWITCHING_TO_SATELLITE_BACKHAUL ActiveUavRic=TN_NEAR_RT_RIC NormalUeHandoverAllowed=1 UavMode=NEAR_RT_RIC_EMERGENCY_SWITCHING_WITH_SATELLITE_BACKHAUL
---- LOAD at t=30.5 ----
  cell 1 (TN) load=6/20
  cell 2 (TN) load=8/20
  cell 3 (TN) load=6/20
  cell 4 (TN) load=7/20
  cell 5 (NTN) load=9/15
  cell 6 (NTN) load=9/15
  cell 7 (NTN) load=2/15
UE 10 TTT_WAIT target=1 elapsed=0s need=2s
UE 21 TTT_WAIT target=6 elapsed=0s need=2s
LM HO UE=24 rnti=44 1->2 type=TN servingRsrp=-107.169 targetRsrp=-86.4429 targetLoadReal=8/20 targetLoadEff=8/20
LM HO UE=26 rnti=30 3->2 type=TN servingRsrp=-104.964 targetRsrp=-98.1317 targetLoadReal=8/20 targetLoadEff=9/20
UE 29 TTT_WAIT target=1 elapsed=0s need=2s
UE 30 TTT_WAIT target=3 elapsed=0s need=2s
UE 33 TTT_WAIT target=4 elapsed=0s need=2s
UE 35 TTT_WAIT target=1 elapsed=0s need=2s
LM HO UE=37 rnti=11 2->4 type=TN servingRsrp=-118.197 targetRsrp=-107.694 targetLoadReal=7/20 targetLoadEff=7/20
UE 41 TTT_WAIT target=7 elapsed=0s need=2s
LM HO_FAIL_LOW_RSRP UE=54 currCell=2 candCell=7 candRsrp=-126.559 < min=-110
LM HO UE=55 rnti=33 4->1 type=TN servingRsrp=-116.115 targetRsrp=-97.1381 targetLoadReal=6/20 targetLoadEff=6/20
UE 66 TTT_WAIT target=3 elapsed=0s need=2s
UE 67 TTT_WAIT target=3 elapsed=0s need=2s
UE 70 TTT_WAIT target=6 elapsed=0s need=2s
UE 77 TTT_WAIT target=4 elapsed=0s need=2s
UE 79 TTT_WAIT target=7 elapsed=0s need=2s
LM HO UE=80 rnti=58 3->1 type=TN servingRsrp=-108.769 targetRsrp=-105.418 targetLoadReal=6/20 targetLoadEff=7/20
UE 84 TTT_WAIT target=3 elapsed=0s need=2s
UE 85 TTT_WAIT target=2 elapsed=0s need=2s
LM HO_FAIL_LOW_RSRP UE=91 currCell=2 candCell=1 candRsrp=-114.694 < min=-110
UE 102 TTT_WAIT target=1 elapsed=0s need=2s
TRACE HO_SUCCESS Time=30.6151 IMSI=79 TargetCell=1 Type=TN TargetRSRP=-124.759 ServingRSRP=-110.956 BackhaulDlSnr=-999 BackhaulUlSnr=-999
TRACE HO_SUCCESS Time=30.6151 IMSI=54 TargetCell=1 Type=TN TargetRSRP=-121.37 ServingRSRP=-118.31 BackhaulDlSnr=-999 BackhaulUlSnr=-999
TRACE HO_SUCCESS Time=30.6151 IMSI=23 TargetCell=2 Type=TN TargetRSRP=-113.4 ServingRSRP=-94.1468 BackhaulDlSnr=-999 BackhaulUlSnr=-999
TRACE HO_SUCCESS Time=30.6151 IMSI=25 TargetCell=2 Type=TN TargetRSRP=-123.323 ServingRSRP=-96.4314 BackhaulDlSnr=-999 BackhaulUlSnr=-999
TRACE HO_SUCCESS Time=30.6151 IMSI=36 TargetCell=4 Type=TN TargetRSRP=-99.3749 ServingRSRP=-111.25 BackhaulDlSnr=-999 BackhaulUlSnr=-999
UAV_AUTONOMY_XAPP Time=32.5 DeploymentMode=tn-uav-satellite UavIndex=0 UavCellId=5 BestDonorCellId=1 BestDonorDistanceM=2413.95 XhaulConnected=1 XhaulChannelVariationDb=-0.64891 RawXhaulState=UNREACHABLE RawXhaulStateAgeSec=28 XhaulState=UNREACHABLE DonorUnavailableActive=0 SatBackhaulHealthy=1 UavSwitchingXappAvailable=1 UavSwitchingXappState=ACTIVE AiPredictedBackhaulMode=RULE_BASED BackhaulMode=SATELLITE_FALLBACK RicControlState=NEAR_RT_RIC_SWITCHING_TO_SATELLITE_BACKHAUL ActiveUavRic=TN_NEAR_RT_RIC NormalUeHandoverAllowed=1 UavMode=NEAR_RT_RIC_EMERGENCY_SWITCHING_WITH_SATELLITE_BACKHAUL
UAV_AUTONOMY_XAPP Time=32.5 DeploymentMode=tn-uav-satellite UavIndex=1 UavCellId=6 BestDonorCellId=4 BestDonorDistanceM=1319.11 XhaulConnected=1 XhaulChannelVariationDb=-2.55936 RawXhaulState=UNREACHABLE RawXhaulStateAgeSec=6 XhaulState=UNREACHABLE DonorUnavailableActive=0 SatBackhaulHealthy=1 UavSwitchingXappAvailable=1 UavSwitchingXappState=ACTIVE AiPredictedBackhaulMode=RULE_BASED BackhaulMode=SATELLITE_FALLBACK RicControlState=NEAR_RT_RIC_SWITCHING_TO_SATELLITE_BACKHAUL ActiveUavRic=TN_NEAR_RT_RIC NormalUeHandoverAllowed=1 UavMode=NEAR_RT_RIC_EMERGENCY_SWITCHING_WITH_SATELLITE_BACKHAUL
UAV_AUTONOMY_XAPP Time=32.5 DeploymentMode=tn-uav-satellite UavIndex=2 UavCellId=7 BestDonorCellId=2 BestDonorDistanceM=1690.43 XhaulConnected=1 XhaulChannelVariationDb=0.381982 RawXhaulState=UNREACHABLE RawXhaulStateAgeSec=12 XhaulState=UNREACHABLE DonorUnavailableActive=0 SatBackhaulHealthy=1 UavSwitchingXappAvailable=1 UavSwitchingXappState=ACTIVE AiPredictedBackhaulMode=RULE_BASED BackhaulMode=SATELLITE_FALLBACK RicControlState=NEAR_RT_RIC_SWITCHING_TO_SATELLITE_BACKHAUL ActiveUavRic=TN_NEAR_RT_RIC NormalUeHandoverAllowed=1 UavMode=NEAR_RT_RIC_EMERGENCY_SWITCHING_WITH_SATELLITE_BACKHAUL
---- LOAD at t=32.5 ----
  cell 1 (TN) load=7/20
  cell 2 (TN) load=9/20
  cell 3 (TN) load=4/20
  cell 4 (TN) load=7/20
  cell 5 (NTN) load=9/15
  cell 6 (NTN) load=10/15
  cell 7 (NTN) load=2/15
UE 9 TTT_WAIT target=1 elapsed=0s need=2s
UE 13 TTT_WAIT target=7 elapsed=0s need=2s
UE 15 TTT_WAIT target=1 elapsed=0s need=2s
LM HO UE=21 rnti=42 4->6 type=NTN servingRsrp=-112.989 targetRsrp=-83.9757 targetLoadReal=10/15 targetLoadEff=10/15
UE 24 TTT_WAIT target=1 elapsed=0s need=2s
UE 26 TTT_WAIT target=1 elapsed=0s need=2s
LM HO_FAIL_LOW_RSRP UE=29 currCell=2 candCell=1 candRsrp=-111.191 < min=-110
LM HO_FAIL_LOW_RSRP UE=30 currCell=2 candCell=5 candRsrp=-129.605 < min=-110
UE 37 TTT_WAIT target=6 elapsed=0s need=2s
UE 42 TTT_WAIT target=5 elapsed=0s need=2s
UE 47 TTT_WAIT target=1 elapsed=0s need=2s
UE 54 TTT_WAIT target=4 elapsed=0s need=2s
UE 60 TTT_WAIT target=6 elapsed=0s need=2s
LM HO UE=67 rnti=39 5->3 type=TN servingRsrp=-119.908 targetRsrp=-90.9386 targetLoadReal=4/20 targetLoadEff=4/20
UE 70 TTT_WAIT target=3 elapsed=0s need=2s
UE 80 TTT_WAIT target=3 elapsed=0s need=2s
UE 82 TTT_WAIT target=7 elapsed=0s need=2s
UE 85 TTT_WAIT target=4 elapsed=0s need=2s
LM HO_FAIL_LOW_RSRP UE=91 currCell=2 candCell=1 candRsrp=-129.562 < min=-110
LM HO_FAIL_LOW_RSRP UE=102 currCell=7 candCell=5 candRsrp=-113.379 < min=-110
TRACE HO_SUCCESS Time=32.6151 IMSI=66 TargetCell=3 Type=TN TargetRSRP=-122.727 ServingRSRP=-106.906 BackhaulDlSnr=-999 BackhaulUlSnr=-999
TRACE HO_SUCCESS Time=32.6151 IMSI=20 TargetCell=6 Type=NTN TargetRSRP=-95.1365 ServingRSRP=-99.39 BackhaulDlSnr=11.6766 BackhaulUlSnr=7.15599
UAV_AUTONOMY_XAPP Time=34.5 DeploymentMode=tn-uav-satellite UavIndex=0 UavCellId=5 BestDonorCellId=1 BestDonorDistanceM=2483.75 XhaulConnected=1 XhaulChannelVariationDb=1.48981 RawXhaulState=UNREACHABLE RawXhaulStateAgeSec=30 XhaulState=UNREACHABLE DonorUnavailableActive=0 SatBackhaulHealthy=1 UavSwitchingXappAvailable=1 UavSwitchingXappState=ACTIVE AiPredictedBackhaulMode=RULE_BASED BackhaulMode=SATELLITE_FALLBACK RicControlState=NEAR_RT_RIC_SWITCHING_TO_SATELLITE_BACKHAUL ActiveUavRic=TN_NEAR_RT_RIC NormalUeHandoverAllowed=1 UavMode=NEAR_RT_RIC_EMERGENCY_SWITCHING_WITH_SATELLITE_BACKHAUL
UAV_AUTONOMY_XAPP Time=34.5 DeploymentMode=tn-uav-satellite UavIndex=1 UavCellId=6 BestDonorCellId=4 BestDonorDistanceM=1381.92 XhaulConnected=1 XhaulChannelVariationDb=-0.447712 RawXhaulState=UNREACHABLE RawXhaulStateAgeSec=8 XhaulState=UNREACHABLE DonorUnavailableActive=0 SatBackhaulHealthy=1 UavSwitchingXappAvailable=1 UavSwitchingXappState=ACTIVE AiPredictedBackhaulMode=RULE_BASED BackhaulMode=SATELLITE_FALLBACK RicControlState=NEAR_RT_RIC_SWITCHING_TO_SATELLITE_BACKHAUL ActiveUavRic=TN_NEAR_RT_RIC NormalUeHandoverAllowed=1 UavMode=NEAR_RT_RIC_EMERGENCY_SWITCHING_WITH_SATELLITE_BACKHAUL
UAV_AUTONOMY_XAPP Time=34.5 DeploymentMode=tn-uav-satellite UavIndex=2 UavCellId=7 BestDonorCellId=2 BestDonorDistanceM=1759.15 XhaulConnected=1 XhaulChannelVariationDb=1.3569 RawXhaulState=UNREACHABLE RawXhaulStateAgeSec=14 XhaulState=UNREACHABLE DonorUnavailableActive=0 SatBackhaulHealthy=1 UavSwitchingXappAvailable=1 UavSwitchingXappState=ACTIVE AiPredictedBackhaulMode=RULE_BASED BackhaulMode=SATELLITE_FALLBACK RicControlState=NEAR_RT_RIC_SWITCHING_TO_SATELLITE_BACKHAUL ActiveUavRic=TN_NEAR_RT_RIC NormalUeHandoverAllowed=1 UavMode=NEAR_RT_RIC_EMERGENCY_SWITCHING_WITH_SATELLITE_BACKHAUL
---- LOAD at t=34.5 ----
  cell 1 (TN) load=7/20
  cell 2 (TN) load=9/20
  cell 3 (TN) load=5/20
  cell 4 (TN) load=6/20
  cell 5 (NTN) load=9/15
  cell 6 (NTN) load=11/15
  cell 7 (NTN) load=2/15
UE 9 TTT_WAIT target=3 elapsed=0s need=2s
UE 10 TTT_WAIT target=5 elapsed=0s need=2s
UE 13 TTT_WAIT target=3 elapsed=0s need=2s
UE 15 TTT_WAIT target=5 elapsed=0s need=2s
LM HO UE=24 rnti=38 2->1 type=TN servingRsrp=-95.6756 targetRsrp=-71.6497 targetLoadReal=7/20 targetLoadEff=7/20
UE 30 TTT_WAIT target=1 elapsed=0s need=2s
UE 35 TTT_WAIT target=1 elapsed=0s need=2s
UE 37 TTT_WAIT target=7 elapsed=0s need=2s
LM HO_FAIL_LOW_RSRP UE=41 currCell=2 candCell=7 candRsrp=-127.789 < min=-110
UE 42 TTT_WAIT target=2 elapsed=0s need=2s
UE 48 TTT_WAIT target=2 elapsed=0s need=2s
UE 54 TTT_WAIT target=1 elapsed=0s need=2s
LM HO_FAIL_LOW_RSRP UE=55 currCell=1 candCell=6 candRsrp=-117.756 < min=-110
UE 58 TTT_WAIT target=3 elapsed=0s need=2s
LM HO UE=60 rnti=89 5->6 type=NTN servingRsrp=-121.061 targetRsrp=-108.041 targetLoadReal=11/15 targetLoadEff=11/15
UE 64 TTT_WAIT target=4 elapsed=0s need=2s
UE 67 TTT_WAIT target=5 elapsed=0s need=2s
UE 71 TTT_WAIT target=2 elapsed=0s need=2s
UE 72 TTT_WAIT target=3 elapsed=0s need=2s
UE 73 TTT_WAIT target=5 elapsed=0s need=2s
UE 77 TTT_WAIT target=4 elapsed=0s need=2s
UE 79 TTT_WAIT target=7 elapsed=0s need=2s
LM HO_FAIL_LOW_RSRP UE=80 currCell=1 candCell=3 candRsrp=-110.683 < min=-110
UE 82 TTT_WAIT target=4 elapsed=0s need=2s
LM HO UE=85 rnti=40 6->4 type=TN servingRsrp=-123.574 targetRsrp=-103.292 targetLoadReal=6/20 targetLoadEff=6/20
LM HO_FAIL_LOW_RSRP UE=91 currCell=2 candCell=1 candRsrp=-132.783 < min=-110
LM HO_FAIL_LOW_RSRP UE=107 currCell=6 candCell=7 candRsrp=-110.379 < min=-110
TRACE HO_SUCCESS Time=34.6151 IMSI=23 TargetCell=1 Type=TN TargetRSRP=-107.47 ServingRSRP=-82.9313 BackhaulDlSnr=-999 BackhaulUlSnr=-999
TRACE HO_SUCCESS Time=34.6151 IMSI=84 TargetCell=4 Type=TN TargetRSRP=-126.307 ServingRSRP=-119.387 BackhaulDlSnr=-999 BackhaulUlSnr=-999
TRACE HO_SUCCESS Time=34.6151 IMSI=59 TargetCell=6 Type=NTN TargetRSRP=-107.696 ServingRSRP=-103.877 BackhaulDlSnr=13.5833 BackhaulUlSnr=9.06266
UAV_AUTONOMY_XAPP Time=36.5 DeploymentMode=tn-uav-satellite UavIndex=0 UavCellId=5 BestDonorCellId=3 BestDonorDistanceM=2677.82 XhaulConnected=1 XhaulChannelVariationDb=-3.8457 RawXhaulState=UNREACHABLE RawXhaulStateAgeSec=32 XhaulState=UNREACHABLE DonorUnavailableActive=0 SatBackhaulHealthy=1 UavSwitchingXappAvailable=1 UavSwitchingXappState=ACTIVE AiPredictedBackhaulMode=RULE_BASED BackhaulMode=SATELLITE_FALLBACK RicControlState=NEAR_RT_RIC_SWITCHING_TO_SATELLITE_BACKHAUL ActiveUavRic=TN_NEAR_RT_RIC NormalUeHandoverAllowed=1 UavMode=NEAR_RT_RIC_EMERGENCY_SWITCHING_WITH_SATELLITE_BACKHAUL
UAV_AUTONOMY_XAPP Time=36.5 DeploymentMode=tn-uav-satellite UavIndex=1 UavCellId=6 BestDonorCellId=4 BestDonorDistanceM=1445.4 XhaulConnected=1 XhaulChannelVariationDb=-0.163872 RawXhaulState=UNREACHABLE RawXhaulStateAgeSec=10 XhaulState=UNREACHABLE DonorUnavailableActive=0 SatBackhaulHealthy=1 UavSwitchingXappAvailable=1 UavSwitchingXappState=ACTIVE AiPredictedBackhaulMode=RULE_BASED BackhaulMode=SATELLITE_FALLBACK RicControlState=NEAR_RT_RIC_SWITCHING_TO_SATELLITE_BACKHAUL ActiveUavRic=TN_NEAR_RT_RIC NormalUeHandoverAllowed=1 UavMode=NEAR_RT_RIC_EMERGENCY_SWITCHING_WITH_SATELLITE_BACKHAUL
UAV_AUTONOMY_XAPP Time=36.5 DeploymentMode=tn-uav-satellite UavIndex=2 UavCellId=7 BestDonorCellId=4 BestDonorDistanceM=1872.19 XhaulConnected=1 XhaulChannelVariationDb=-0.121681 RawXhaulState=UNREACHABLE RawXhaulStateAgeSec=16 XhaulState=UNREACHABLE DonorUnavailableActive=0 SatBackhaulHealthy=1 UavSwitchingXappAvailable=1 UavSwitchingXappState=ACTIVE AiPredictedBackhaulMode=RULE_BASED BackhaulMode=SATELLITE_FALLBACK RicControlState=NEAR_RT_RIC_SWITCHING_TO_SATELLITE_BACKHAUL ActiveUavRic=TN_NEAR_RT_RIC NormalUeHandoverAllowed=1 UavMode=NEAR_RT_RIC_EMERGENCY_SWITCHING_WITH_SATELLITE_BACKHAUL
---- LOAD at t=36.5 ----
  cell 1 (TN) load=8/20
  cell 2 (TN) load=8/20
  cell 3 (TN) load=6/20
  cell 4 (TN) load=7/20
  cell 5 (NTN) load=8/15
  cell 6 (NTN) load=11/15
  cell 7 (NTN) load=2/15
UE 13 TTT_WAIT target=7 elapsed=0s need=2s
LM HO_FAIL_LOW_RSRP UE=14 currCell=5 candCell=6 candRsrp=-112.863 < min=-110
LM HO_FAIL_LOW_RSRP UE=20 currCell=3 candCell=7 candRsrp=-116.451 < min=-110
UE 21 TTT_WAIT target=4 elapsed=0s need=2s
LM HO_FAIL_LOW_RSRP UE=26 currCell=2 candCell=1 candRsrp=-119.208 < min=-110
UE 28 TTT_WAIT target=3 elapsed=0s need=2s
LM HO_FAIL_LOW_RSRP UE=29 currCell=2 candCell=7 candRsrp=-116.214 < min=-110
LM HO_FAIL_LOW_RSRP UE=30 currCell=2 candCell=7 candRsrp=-114.685 < min=-110
UE 33 TTT_WAIT target=1 elapsed=0s need=2s
LM HO_FAIL_LOW_RSRP UE=35 currCell=5 candCell=7 candRsrp=-128.228 < min=-110
UE 37 TTT_WAIT target=3 elapsed=0s need=2s
LM HO_FAIL_LOW_RSRP UE=48 currCell=6 candCell=7 candRsrp=-117.471 < min=-110
UE 54 TTT_WAIT target=4 elapsed=0s need=2s
UE 55 TTT_WAIT target=4 elapsed=0s need=2s
LM HO UE=58 rnti=48 5->3 type=TN servingRsrp=-103.941 targetRsrp=-88.7312 targetLoadReal=6/20 targetLoadEff=6/20
LM HO_FAIL_LOW_RSRP UE=60 currCell=6 candCell=5 candRsrp=-123.766 < min=-110
UE 67 TTT_WAIT target=2 elapsed=0s need=2s
UE 73 TTT_WAIT target=1 elapsed=0s need=2s
UE 80 TTT_WAIT target=3 elapsed=0s need=2s
UE 82 TTT_WAIT target=7 elapsed=0s need=2s
LM HO_FAIL_LOW_RSRP UE=85 currCell=4 candCell=7 candRsrp=-114.973 < min=-110
LM HO_FAIL_LOW_RSRP UE=91 currCell=2 candCell=1 candRsrp=-114.767 < min=-110
TRACE HO_SUCCESS Time=36.6151 IMSI=57 TargetCell=3 Type=TN TargetRSRP=-123.457 ServingRSRP=-101.333 BackhaulDlSnr=-999 BackhaulUlSnr=-999
UAV_AUTONOMY_XAPP Time=38.5 DeploymentMode=tn-uav-satellite UavIndex=0 UavCellId=5 BestDonorCellId=1 BestDonorDistanceM=2623.34 XhaulConnected=1 XhaulChannelVariationDb=4.33644 RawXhaulState=UNREACHABLE RawXhaulStateAgeSec=34 XhaulState=UNREACHABLE DonorUnavailableActive=0 SatBackhaulHealthy=1 UavSwitchingXappAvailable=1 UavSwitchingXappState=ACTIVE AiPredictedBackhaulMode=RULE_BASED BackhaulMode=SATELLITE_FALLBACK RicControlState=NEAR_RT_RIC_SWITCHING_TO_SATELLITE_BACKHAUL ActiveUavRic=TN_NEAR_RT_RIC NormalUeHandoverAllowed=1 UavMode=NEAR_RT_RIC_EMERGENCY_SWITCHING_WITH_SATELLITE_BACKHAUL
UAV_AUTONOMY_XAPP Time=38.5 DeploymentMode=tn-uav-satellite UavIndex=1 UavCellId=6 BestDonorCellId=4 BestDonorDistanceM=1509.42 XhaulConnected=1 XhaulChannelVariationDb=2.52106 RawXhaulState=UNREACHABLE RawXhaulStateAgeSec=12 XhaulState=UNREACHABLE DonorUnavailableActive=0 SatBackhaulHealthy=1 UavSwitchingXappAvailable=1 UavSwitchingXappState=ACTIVE AiPredictedBackhaulMode=RULE_BASED BackhaulMode=SATELLITE_FALLBACK RicControlState=NEAR_RT_RIC_SWITCHING_TO_SATELLITE_BACKHAUL ActiveUavRic=TN_NEAR_RT_RIC NormalUeHandoverAllowed=1 UavMode=NEAR_RT_RIC_EMERGENCY_SWITCHING_WITH_SATELLITE_BACKHAUL
UAV_AUTONOMY_XAPP Time=38.5 DeploymentMode=tn-uav-satellite UavIndex=2 UavCellId=7 BestDonorCellId=4 BestDonorDistanceM=1884.84 XhaulConnected=1 XhaulChannelVariationDb=-4.08725 RawXhaulState=UNREACHABLE RawXhaulStateAgeSec=18 XhaulState=UNREACHABLE DonorUnavailableActive=0 SatBackhaulHealthy=1 UavSwitchingXappAvailable=1 UavSwitchingXappState=ACTIVE AiPredictedBackhaulMode=RULE_BASED BackhaulMode=SATELLITE_FALLBACK RicControlState=NEAR_RT_RIC_SWITCHING_TO_SATELLITE_BACKHAUL ActiveUavRic=TN_NEAR_RT_RIC NormalUeHandoverAllowed=1 UavMode=NEAR_RT_RIC_EMERGENCY_SWITCHING_WITH_SATELLITE_BACKHAUL
---- LOAD at t=38.5 ----
  cell 1 (TN) load=8/20
  cell 2 (TN) load=8/20
  cell 3 (TN) load=8/20
  cell 4 (TN) load=7/20
  cell 5 (NTN) load=7/15
  cell 6 (NTN) load=11/15
  cell 7 (NTN) load=2/15
UE 9 TTT_WAIT target=1 elapsed=0s need=2s
UE 13 TTT_WAIT target=3 elapsed=0s need=2s
UE 19 TTT_WAIT target=7 elapsed=0s need=2s
UE 26 TTT_WAIT target=4 elapsed=0s need=2s
UE 28 TTT_WAIT target=2 elapsed=0s need=2s
LM HO_FAIL_LOW_RSRP UE=29 currCell=2 candCell=1 candRsrp=-113.215 < min=-110
UE 30 TTT_WAIT target=3 elapsed=0s need=2s
UE 37 TTT_WAIT target=6 elapsed=0s need=2s
LM HO_FAIL_LOW_RSRP UE=41 currCell=2 candCell=7 candRsrp=-127.228 < min=-110
UE 47 TTT_WAIT target=3 elapsed=0s need=2s
UE 48 TTT_WAIT target=7 elapsed=0s need=2s
UE 54 TTT_WAIT target=3 elapsed=0s need=2s
LM HO_FAIL_LOW_RSRP UE=60 currCell=6 candCell=5 candRsrp=-125.778 < min=-110
UE 64 TTT_WAIT target=4 elapsed=0s need=2s
LM HO_FAIL_LOW_RSRP UE=67 currCell=3 candCell=2 candRsrp=-112.63 < min=-110
UE 72 TTT_WAIT target=3 elapsed=0s need=2s
LM HO_FAIL_LOW_RSRP UE=79 currCell=6 candCell=7 candRsrp=-117.845 < min=-110
LM HO UE=80 rnti=47 1->3 type=TN servingRsrp=-118.401 targetRsrp=-100.555 targetLoadReal=8/20 targetLoadEff=8/20
UE 85 TTT_WAIT target=6 elapsed=0s need=2s
UE 87 TTT_WAIT target=2 elapsed=0s need=2s
UE 91 TTT_WAIT target=4 elapsed=0s need=2s
UE 102 TTT_WAIT target=1 elapsed=0s need=2s
UE 107 TTT_WAIT target=3 elapsed=0s need=2s
TRACE HO_SUCCESS Time=38.6151 IMSI=79 TargetCell=3 Type=TN TargetRSRP=-90.7885 ServingRSRP=-94.524 BackhaulDlSnr=-999 BackhaulUlSnr=-999
UAV_AUTONOMY_XAPP Time=40.5 DeploymentMode=tn-uav-satellite UavIndex=0 UavCellId=5 BestDonorCellId=1 BestDonorDistanceM=2693.14 XhaulConnected=1 XhaulChannelVariationDb=-1.7948 RawXhaulState=UNREACHABLE RawXhaulStateAgeSec=36 XhaulState=UNREACHABLE DonorUnavailableActive=0 SatBackhaulHealthy=1 UavSwitchingXappAvailable=1 UavSwitchingXappState=ACTIVE AiPredictedBackhaulMode=RULE_BASED BackhaulMode=SATELLITE_FALLBACK RicControlState=NEAR_RT_RIC_SWITCHING_TO_SATELLITE_BACKHAUL ActiveUavRic=TN_NEAR_RT_RIC NormalUeHandoverAllowed=1 UavMode=NEAR_RT_RIC_EMERGENCY_SWITCHING_WITH_SATELLITE_BACKHAUL
UAV_AUTONOMY_XAPP Time=40.5 DeploymentMode=tn-uav-satellite UavIndex=1 UavCellId=6 BestDonorCellId=4 BestDonorDistanceM=1574.02 XhaulConnected=1 XhaulChannelVariationDb=-1.15315 RawXhaulState=UNREACHABLE RawXhaulStateAgeSec=14 XhaulState=UNREACHABLE DonorUnavailableActive=0 SatBackhaulHealthy=1 UavSwitchingXappAvailable=1 UavSwitchingXappState=ACTIVE AiPredictedBackhaulMode=RULE_BASED BackhaulMode=SATELLITE_FALLBACK RicControlState=NEAR_RT_RIC_SWITCHING_TO_SATELLITE_BACKHAUL ActiveUavRic=TN_NEAR_RT_RIC NormalUeHandoverAllowed=1 UavMode=NEAR_RT_RIC_EMERGENCY_SWITCHING_WITH_SATELLITE_BACKHAUL
UAV_AUTONOMY_XAPP Time=40.5 DeploymentMode=tn-uav-satellite UavIndex=2 UavCellId=7 BestDonorCellId=4 BestDonorDistanceM=1899.98 XhaulConnected=1 XhaulChannelVariationDb=0.256609 RawXhaulState=UNREACHABLE RawXhaulStateAgeSec=20 XhaulState=UNREACHABLE DonorUnavailableActive=0 SatBackhaulHealthy=1 UavSwitchingXappAvailable=1 UavSwitchingXappState=ACTIVE AiPredictedBackhaulMode=RULE_BASED BackhaulMode=SATELLITE_FALLBACK RicControlState=NEAR_RT_RIC_SWITCHING_TO_SATELLITE_BACKHAUL ActiveUavRic=TN_NEAR_RT_RIC NormalUeHandoverAllowed=1 UavMode=NEAR_RT_RIC_EMERGENCY_SWITCHING_WITH_SATELLITE_BACKHAUL
---- LOAD at t=40.5 ----
  cell 1 (TN) load=7/20
  cell 2 (TN) load=8/20
  cell 3 (TN) load=9/20
  cell 4 (TN) load=7/20
  cell 5 (NTN) load=8/15
  cell 6 (NTN) load=11/15
  cell 7 (NTN) load=2/15
UE 9 TTT_WAIT target=2 elapsed=0s need=2s
UE 10 TTT_WAIT target=2 elapsed=0s need=2s
LM HO UE=19 rnti=80 5->7 type=NTN servingRsrp=-116.485 targetRsrp=-108.031 targetLoadReal=2/15 targetLoadEff=2/15
UE 21 TTT_WAIT target=2 elapsed=0s need=2s
UE 24 TTT_WAIT target=5 elapsed=0s need=2s
LM HO_FAIL_LOW_RSRP UE=26 currCell=2 candCell=6 candRsrp=-110.395 < min=-110
UE 33 TTT_WAIT target=3 elapsed=0s need=2s
UE 37 TTT_WAIT target=2 elapsed=0s need=2s
LM HO_FAIL_LOW_RSRP UE=41 currCell=2 candCell=6 candRsrp=-126.371 < min=-110
UE 42 TTT_WAIT target=2 elapsed=0s need=2s
UE 47 TTT_WAIT target=1 elapsed=0s need=2s
LM HO UE=48 rnti=16 6->7 type=NTN servingRsrp=-124.637 targetRsrp=-92.293 targetLoadReal=2/15 targetLoadEff=3/15
UE 55 TTT_WAIT target=6 elapsed=0s need=2s
LM HO_FAIL_LOW_RSRP UE=58 currCell=3 candCell=1 candRsrp=-110.701 < min=-110
UE 60 TTT_WAIT target=5 elapsed=0s need=2s
LM HO UE=64 rnti=55 6->4 type=TN servingRsrp=-118.623 targetRsrp=-104.114 targetLoadReal=7/20 targetLoadEff=7/20
UE 71 TTT_WAIT target=1 elapsed=0s need=2s
UE 72 TTT_WAIT target=1 elapsed=0s need=2s
LM HO_FAIL_LOW_RSRP UE=77 currCell=6 candCell=5 candRsrp=-111.414 < min=-110
UE 79 TTT_WAIT target=7 elapsed=0s need=2s
UE 80 TTT_WAIT target=1 elapsed=0s need=2s
LM HO_FAIL_LOW_RSRP UE=85 currCell=4 candCell=2 candRsrp=-118.222 < min=-110
LM HO_FAIL_LOW_RSRP UE=91 currCell=2 candCell=4 candRsrp=-121.913 < min=-110
TRACE HO_SUCCESS Time=40.6151 IMSI=63 TargetCell=4 Type=TN TargetRSRP=-128.254 ServingRSRP=-104.448 BackhaulDlSnr=-999 BackhaulUlSnr=-999
TRACE HO_SUCCESS Time=40.6151 IMSI=18 TargetCell=7 Type=NTN TargetRSRP=-107.857 ServingRSRP=-86.9004 BackhaulDlSnr=13.3833 BackhaulUlSnr=8.86274
TRACE HO_SUCCESS Time=40.6151 IMSI=47 TargetCell=7 Type=NTN TargetRSRP=-116.245 ServingRSRP=-108.79 BackhaulDlSnr=13.3833 BackhaulUlSnr=8.86274
UAV_AUTONOMY_XAPP Time=42.5 DeploymentMode=tn-uav-satellite UavIndex=0 UavCellId=5 BestDonorCellId=1 BestDonorDistanceM=2762.95 XhaulConnected=1 XhaulChannelVariationDb=-3.00778 RawXhaulState=UNREACHABLE RawXhaulStateAgeSec=38 XhaulState=UNREACHABLE DonorUnavailableActive=0 SatBackhaulHealthy=1 UavSwitchingXappAvailable=1 UavSwitchingXappState=ACTIVE AiPredictedBackhaulMode=RULE_BASED BackhaulMode=SATELLITE_FALLBACK RicControlState=NEAR_RT_RIC_SWITCHING_TO_SATELLITE_BACKHAUL ActiveUavRic=TN_NEAR_RT_RIC NormalUeHandoverAllowed=1 UavMode=NEAR_RT_RIC_EMERGENCY_SWITCHING_WITH_SATELLITE_BACKHAUL
UAV_AUTONOMY_XAPP Time=42.5 DeploymentMode=tn-uav-satellite UavIndex=1 UavCellId=6 BestDonorCellId=4 BestDonorDistanceM=1638.96 XhaulConnected=1 XhaulChannelVariationDb=1.42404 RawXhaulState=UNREACHABLE RawXhaulStateAgeSec=16 XhaulState=UNREACHABLE DonorUnavailableActive=0 SatBackhaulHealthy=1 UavSwitchingXappAvailable=1 UavSwitchingXappState=ACTIVE AiPredictedBackhaulMode=RULE_BASED BackhaulMode=SATELLITE_FALLBACK RicControlState=NEAR_RT_RIC_SWITCHING_TO_SATELLITE_BACKHAUL ActiveUavRic=TN_NEAR_RT_RIC NormalUeHandoverAllowed=1 UavMode=NEAR_RT_RIC_EMERGENCY_SWITCHING_WITH_SATELLITE_BACKHAUL
UAV_AUTONOMY_XAPP Time=42.5 DeploymentMode=tn-uav-satellite UavIndex=2 UavCellId=7 BestDonorCellId=4 BestDonorDistanceM=1917.55 XhaulConnected=1 XhaulChannelVariationDb=0.383695 RawXhaulState=UNREACHABLE RawXhaulStateAgeSec=22 XhaulState=UNREACHABLE DonorUnavailableActive=0 SatBackhaulHealthy=1 UavSwitchingXappAvailable=1 UavSwitchingXappState=ACTIVE AiPredictedBackhaulMode=RULE_BASED BackhaulMode=SATELLITE_FALLBACK RicControlState=NEAR_RT_RIC_SWITCHING_TO_SATELLITE_BACKHAUL ActiveUavRic=TN_NEAR_RT_RIC NormalUeHandoverAllowed=1 UavMode=NEAR_RT_RIC_EMERGENCY_SWITCHING_WITH_SATELLITE_BACKHAUL
---- LOAD at t=42.5 ----
  cell 1 (TN) load=7/20
  cell 2 (TN) load=8/20
  cell 3 (TN) load=9/20
  cell 4 (TN) load=8/20
  cell 5 (NTN) load=7/15
  cell 6 (NTN) load=9/15
  cell 7 (NTN) load=4/15
UE 9 TTT_WAIT target=3 elapsed=0s need=2s
UE 13 TTT_WAIT target=2 elapsed=0s need=2s
UE 14 TTT_WAIT target=3 elapsed=0s need=2s
UE 15 TTT_WAIT target=1 elapsed=0s need=2s
UE 20 TTT_WAIT target=1 elapsed=0s need=2s
UE 21 TTT_WAIT target=4 elapsed=0s need=2s
UE 28 TTT_WAIT target=3 elapsed=0s need=2s
UE 29 TTT_WAIT target=1 elapsed=0s need=2s
UE 33 TTT_WAIT target=1 elapsed=0s need=2s
UE 35 TTT_WAIT target=3 elapsed=0s need=2s
LM HO UE=37 rnti=51 4->2 type=TN servingRsrp=-120.198 targetRsrp=-98.5753 targetLoadReal=8/20 targetLoadEff=8/20
UE 41 TTT_WAIT target=7 elapsed=0s need=2s
LM HO UE=42 rnti=64 6->2 type=TN servingRsrp=-128.051 targetRsrp=-93.3594 targetLoadReal=8/20 targetLoadEff=9/20
UE 45 TTT_WAIT target=2 elapsed=0s need=2s
UE 46 TTT_WAIT target=1 elapsed=0s need=2s
LM HO UE=47 rnti=20 2->1 type=TN servingRsrp=-113.468 targetRsrp=-86.13 targetLoadReal=7/20 targetLoadEff=7/20
UE 48 TTT_WAIT target=4 elapsed=0s need=2s
UE 54 TTT_WAIT target=4 elapsed=0s need=2s
LM HO_FAIL_LOW_RSRP UE=55 currCell=1 candCell=3 candRsrp=-111.528 < min=-110
UE 57 TTT_WAIT target=1 elapsed=0s need=2s
UE 58 TTT_WAIT target=5 elapsed=0s need=2s
UE 66 TTT_WAIT target=2 elapsed=0s need=2s
LM HO_FAIL_LOW_RSRP UE=67 currCell=3 candCell=5 candRsrp=-124.317 < min=-110
UE 72 TTT_WAIT target=2 elapsed=0s need=2s
UE 73 TTT_WAIT target=7 elapsed=0s need=2s
LM HO UE=80 rnti=78 3->1 type=TN servingRsrp=-105.527 targetRsrp=-97.2945 targetLoadReal=7/20 targetLoadEff=8/20
UE 85 TTT_WAIT target=1 elapsed=0s need=2s
UE 91 TTT_WAIT target=3 elapsed=0s need=2s
UE 107 TTT_WAIT target=2 elapsed=0s need=2s
TRACE HO_SUCCESS Time=42.6151 IMSI=46 TargetCell=1 Type=TN TargetRSRP=-109.437 ServingRSRP=-91.3887 BackhaulDlSnr=-999 BackhaulUlSnr=-999
TRACE HO_SUCCESS Time=42.6151 IMSI=79 TargetCell=1 Type=TN TargetRSRP=-118.05 ServingRSRP=-111.485 BackhaulDlSnr=-999 BackhaulUlSnr=-999
TRACE HO_SUCCESS Time=42.6151 IMSI=36 TargetCell=2 Type=TN TargetRSRP=-110.259 ServingRSRP=-89.4787 BackhaulDlSnr=-999 BackhaulUlSnr=-999
TRACE HO_SUCCESS Time=42.6151 IMSI=41 TargetCell=2 Type=TN TargetRSRP=-93.3894 ServingRSRP=-109.221 BackhaulDlSnr=-999 BackhaulUlSnr=-999
UAV_AUTONOMY_XAPP Time=44.5 DeploymentMode=tn-uav-satellite UavIndex=0 UavCellId=5 BestDonorCellId=3 BestDonorDistanceM=2950.83 XhaulConnected=1 XhaulChannelVariationDb=2.49687 RawXhaulState=UNREACHABLE RawXhaulStateAgeSec=40 XhaulState=UNREACHABLE DonorUnavailableActive=0 SatBackhaulHealthy=1 UavSwitchingXappAvailable=1 UavSwitchingXappState=ACTIVE AiPredictedBackhaulMode=RULE_BASED BackhaulMode=SATELLITE_FALLBACK RicControlState=NEAR_RT_RIC_SWITCHING_TO_SATELLITE_BACKHAUL ActiveUavRic=TN_NEAR_RT_RIC NormalUeHandoverAllowed=1 UavMode=NEAR_RT_RIC_EMERGENCY_SWITCHING_WITH_SATELLITE_BACKHAUL
UAV_AUTONOMY_XAPP Time=44.5 DeploymentMode=tn-uav-satellite UavIndex=1 UavCellId=6 BestDonorCellId=4 BestDonorDistanceM=1704.26 XhaulConnected=1 XhaulChannelVariationDb=-1.83449 RawXhaulState=UNREACHABLE RawXhaulStateAgeSec=18 XhaulState=UNREACHABLE DonorUnavailableActive=0 SatBackhaulHealthy=1 UavSwitchingXappAvailable=1 UavSwitchingXappState=ACTIVE AiPredictedBackhaulMode=RULE_BASED BackhaulMode=SATELLITE_FALLBACK RicControlState=NEAR_RT_RIC_SWITCHING_TO_SATELLITE_BACKHAUL ActiveUavRic=TN_NEAR_RT_RIC NormalUeHandoverAllowed=1 UavMode=NEAR_RT_RIC_EMERGENCY_SWITCHING_WITH_SATELLITE_BACKHAUL
UAV_AUTONOMY_XAPP Time=44.5 DeploymentMode=tn-uav-satellite UavIndex=2 UavCellId=7 BestDonorCellId=2 BestDonorDistanceM=2103.96 XhaulConnected=1 XhaulChannelVariationDb=-2.73288 RawXhaulState=UNREACHABLE RawXhaulStateAgeSec=24 XhaulState=UNREACHABLE DonorUnavailableActive=0 SatBackhaulHealthy=1 UavSwitchingXappAvailable=1 UavSwitchingXappState=ACTIVE AiPredictedBackhaulMode=RULE_BASED BackhaulMode=SATELLITE_FALLBACK RicControlState=NEAR_RT_RIC_SWITCHING_TO_SATELLITE_BACKHAUL ActiveUavRic=TN_NEAR_RT_RIC NormalUeHandoverAllowed=1 UavMode=NEAR_RT_RIC_EMERGENCY_SWITCHING_WITH_SATELLITE_BACKHAUL
---- LOAD at t=44.5 ----
  cell 1 (TN) load=9/20
  cell 2 (TN) load=9/20
  cell 3 (TN) load=9/20
  cell 4 (TN) load=8/20
  cell 5 (NTN) load=7/15
  cell 6 (NTN) load=8/15
  cell 7 (NTN) load=4/15
UE 9 TTT_WAIT target=1 elapsed=0s need=2s
UE 13 TTT_WAIT target=3 elapsed=0s need=2s
UE 14 TTT_WAIT target=1 elapsed=0s need=2s
UE 15 TTT_WAIT target=2 elapsed=0s need=2s
UE 19 TTT_WAIT target=3 elapsed=0s need=2s
UE 20 TTT_WAIT target=2 elapsed=0s need=2s
UE 24 TTT_WAIT target=2 elapsed=0s need=2s
UE 26 TTT_WAIT target=1 elapsed=0s need=2s
LM HO UE=28 rnti=97 5->3 type=TN servingRsrp=-126.941 targetRsrp=-98.8274 targetLoadReal=9/20 targetLoadEff=9/20
LM HO UE=29 rnti=36 2->1 type=TN servingRsrp=-111.384 targetRsrp=-109.061 targetLoadReal=9/20 targetLoadEff=9/20
LM HO_FAIL_LOW_RSRP UE=30 currCell=2 candCell=1 candRsrp=-112.851 < min=-110
UE 34 TTT_WAIT target=1 elapsed=0s need=2s
UE 37 TTT_WAIT target=4 elapsed=0s need=2s
UE 42 TTT_WAIT target=1 elapsed=0s need=2s
LM HO UE=46 rnti=15 6->1 type=TN servingRsrp=-120.756 targetRsrp=-100.712 targetLoadReal=9/20 targetLoadEff=10/20
UE 48 TTT_WAIT target=2 elapsed=0s need=2s
UE 54 TTT_WAIT target=1 elapsed=0s need=2s
UE 55 TTT_WAIT target=6 elapsed=0s need=2s
UE 56 TTT_WAIT target=3 elapsed=0s need=2s
UE 57 TTT_WAIT target=3 elapsed=0s need=2s
UE 60 TTT_WAIT target=3 elapsed=0s need=2s
UE 64 TTT_WAIT target=1 elapsed=0s need=2s
LM HO_FAIL_LOW_RSRP UE=71 currCell=7 candCell=5 candRsrp=-121.784 < min=-110
LM HO_FAIL_LOW_RSRP UE=73 currCell=4 candCell=5 candRsrp=-136.68 < min=-110
UE 77 TTT_WAIT target=2 elapsed=0s need=2s
UE 80 TTT_WAIT target=3 elapsed=0s need=2s
UE 84 TTT_WAIT target=2 elapsed=0s need=2s
UE 85 TTT_WAIT target=2 elapsed=0s need=2s
UE 87 TTT_WAIT target=2 elapsed=0s need=2s
LM HO_FAIL_LOW_RSRP UE=91 currCell=2 candCell=4 candRsrp=-112.415 < min=-110
LM HO_FAIL_LOW_RSRP UE=124 currCell=5 candCell=7 candRsrp=-126.175 < min=-110
TRACE HO_SUCCESS Time=44.6151 IMSI=28 TargetCell=1 Type=TN TargetRSRP=-117.032 ServingRSRP=-112.541 BackhaulDlSnr=-999 BackhaulUlSnr=-999
TRACE HO_SUCCESS Time=44.6151 IMSI=45 TargetCell=1 Type=TN TargetRSRP=-133.926 ServingRSRP=-116.362 BackhaulDlSnr=-999 BackhaulUlSnr=-999
TRACE HO_SUCCESS Time=44.6151 IMSI=27 TargetCell=3 Type=TN TargetRSRP=-108.38 ServingRSRP=-129.285 BackhaulDlSnr=-999 BackhaulUlSnr=-999
UAV_AUTONOMY_XAPP Time=46.5 DeploymentMode=tn-uav-satellite UavIndex=0 UavCellId=5 BestDonorCellId=1 BestDonorDistanceM=2902.57 XhaulConnected=1 XhaulChannelVariationDb=-1.54565 RawXhaulState=UNREACHABLE RawXhaulStateAgeSec=42 XhaulState=UNREACHABLE DonorUnavailableActive=0 SatBackhaulHealthy=1 UavSwitchingXappAvailable=1 UavSwitchingXappState=ACTIVE AiPredictedBackhaulMode=RULE_BASED BackhaulMode=SATELLITE_FALLBACK RicControlState=NEAR_RT_RIC_SWITCHING_TO_SATELLITE_BACKHAUL ActiveUavRic=TN_NEAR_RT_RIC NormalUeHandoverAllowed=1 UavMode=NEAR_RT_RIC_EMERGENCY_SWITCHING_WITH_SATELLITE_BACKHAUL
UAV_AUTONOMY_XAPP Time=46.5 DeploymentMode=tn-uav-satellite UavIndex=1 UavCellId=6 BestDonorCellId=4 BestDonorDistanceM=1769.95 XhaulConnected=1 XhaulChannelVariationDb=0.503886 RawXhaulState=UNREACHABLE RawXhaulStateAgeSec=20 XhaulState=UNREACHABLE DonorUnavailableActive=0 SatBackhaulHealthy=1 UavSwitchingXappAvailable=1 UavSwitchingXappState=ACTIVE AiPredictedBackhaulMode=RULE_BASED BackhaulMode=SATELLITE_FALLBACK RicControlState=NEAR_RT_RIC_SWITCHING_TO_SATELLITE_BACKHAUL ActiveUavRic=TN_NEAR_RT_RIC NormalUeHandoverAllowed=1 UavMode=NEAR_RT_RIC_EMERGENCY_SWITCHING_WITH_SATELLITE_BACKHAUL
UAV_AUTONOMY_XAPP Time=46.5 DeploymentMode=tn-uav-satellite UavIndex=2 UavCellId=7 BestDonorCellId=4 BestDonorDistanceM=1959.96 XhaulConnected=1 XhaulChannelVariationDb=1.18815 RawXhaulState=UNREACHABLE RawXhaulStateAgeSec=26 XhaulState=UNREACHABLE DonorUnavailableActive=0 SatBackhaulHealthy=1 UavSwitchingXappAvailable=1 UavSwitchingXappState=ACTIVE AiPredictedBackhaulMode=RULE_BASED BackhaulMode=SATELLITE_FALLBACK RicControlState=NEAR_RT_RIC_SWITCHING_TO_SATELLITE_BACKHAUL ActiveUavRic=TN_NEAR_RT_RIC NormalUeHandoverAllowed=1 UavMode=NEAR_RT_RIC_EMERGENCY_SWITCHING_WITH_SATELLITE_BACKHAUL
---- LOAD at t=46.5 ----
  cell 1 (TN) load=11/20
  cell 2 (TN) load=8/20
  cell 3 (TN) load=10/20
  cell 4 (TN) load=8/20
  cell 5 (NTN) load=6/15
  cell 6 (NTN) load=7/15
  cell 7 (NTN) load=4/15
UE 9 TTT_WAIT target=2 elapsed=0s need=2s
UE 15 TTT_WAIT target=1 elapsed=0s need=2s
LM HO_FAIL_LOW_RSRP UE=19 currCell=7 candCell=6 candRsrp=-114.28 < min=-110
UE 20 TTT_WAIT target=4 elapsed=0s need=2s
UE 23 TTT_WAIT target=3 elapsed=0s need=2s
LM HO_FAIL_LOW_RSRP UE=26 currCell=2 candCell=1 candRsrp=-112.427 < min=-110
LM HO_FAIL_LOW_RSRP UE=28 currCell=3 candCell=1 candRsrp=-118.263 < min=-110
UE 30 TTT_WAIT target=1 elapsed=0s need=2s
UE 33 TTT_WAIT target=7 elapsed=0s need=2s
UE 35 TTT_WAIT target=1 elapsed=0s need=2s
LM HO_FAIL_LOW_RSRP UE=41 currCell=2 candCell=1 candRsrp=-113.303 < min=-110
LM HO_FAIL_LOW_RSRP UE=42 currCell=2 candCell=1 candRsrp=-116.554 < min=-110
UE 45 TTT_WAIT target=2 elapsed=0s need=2s
LM HO_FAIL_LOW_RSRP UE=46 currCell=1 candCell=4 candRsrp=-124.526 < min=-110
LM HO UE=54 rnti=28 2->1 type=TN servingRsrp=-120.133 targetRsrp=-103.932 targetLoadReal=11/20 targetLoadEff=11/20
UE 55 TTT_WAIT target=4 elapsed=0s need=2s
LM HO UE=57 rnti=88 5->3 type=TN servingRsrp=-119.374 targetRsrp=-88.5053 targetLoadReal=10/20 targetLoadEff=10/20
UE 58 TTT_WAIT target=5 elapsed=0s need=2s
UE 60 TTT_WAIT target=2 elapsed=0s need=2s
UE 64 TTT_WAIT target=6 elapsed=0s need=2s
UE 67 TTT_WAIT target=5 elapsed=0s need=2s
UE 71 TTT_WAIT target=3 elapsed=0s need=2s
UE 72 TTT_WAIT target=7 elapsed=0s need=2s
UE 77 TTT_WAIT target=4 elapsed=0s need=2s
LM HO UE=80 rnti=50 1->3 type=TN servingRsrp=-111.228 targetRsrp=-89.6968 targetLoadReal=10/20 targetLoadEff=11/20
LM HO UE=85 rnti=52 4->2 type=TN servingRsrp=-109.717 targetRsrp=-96.3315 targetLoadReal=8/20 targetLoadEff=8/20
LM HO UE=87 rnti=68 3->2 type=TN servingRsrp=-124.923 targetRsrp=-66.476 targetLoadReal=8/20 targetLoadEff=9/20
UE 91 TTT_WAIT target=3 elapsed=0s need=2s
UE 102 TTT_WAIT target=1 elapsed=0s need=2s
UE 124 TTT_WAIT target=3 elapsed=0s need=2s
TRACE HO_SUCCESS Time=46.6151 IMSI=53 TargetCell=1 Type=TN TargetRSRP=-114.056 ServingRSRP=-94.6402 BackhaulDlSnr=-999 BackhaulUlSnr=-999
TRACE HO_SUCCESS Time=46.6151 IMSI=86 TargetCell=2 Type=TN TargetRSRP=-98.6268 ServingRSRP=-84.9883 BackhaulDlSnr=-999 BackhaulUlSnr=-999
TRACE HO_SUCCESS Time=46.6151 IMSI=84 TargetCell=2 Type=TN TargetRSRP=-96.5306 ServingRSRP=-99.0952 BackhaulDlSnr=-999 BackhaulUlSnr=-999
TRACE HO_SUCCESS Time=46.6151 IMSI=79 TargetCell=3 Type=TN TargetRSRP=-108.739 ServingRSRP=-102.737 BackhaulDlSnr=-999 BackhaulUlSnr=-999
TRACE HO_SUCCESS Time=46.6151 IMSI=56 TargetCell=3 Type=TN TargetRSRP=-129.176 ServingRSRP=-126.477 BackhaulDlSnr=-999 BackhaulUlSnr=-999
UAV_AUTONOMY_XAPP Time=48.5 DeploymentMode=tn-uav-satellite UavIndex=0 UavCellId=5 BestDonorCellId=1 BestDonorDistanceM=2972.38 XhaulConnected=1 XhaulChannelVariationDb=0.346395 RawXhaulState=UNREACHABLE RawXhaulStateAgeSec=44 XhaulState=UNREACHABLE DonorUnavailableActive=0 SatBackhaulHealthy=1 UavSwitchingXappAvailable=1 UavSwitchingXappState=ACTIVE AiPredictedBackhaulMode=RULE_BASED BackhaulMode=SATELLITE_FALLBACK RicControlState=NEAR_RT_RIC_SWITCHING_TO_SATELLITE_BACKHAUL ActiveUavRic=TN_NEAR_RT_RIC NormalUeHandoverAllowed=1 UavMode=NEAR_RT_RIC_EMERGENCY_SWITCHING_WITH_SATELLITE_BACKHAUL
UAV_AUTONOMY_XAPP Time=48.5 DeploymentMode=tn-uav-satellite UavIndex=1 UavCellId=6 BestDonorCellId=4 BestDonorDistanceM=1835.92 XhaulConnected=1 XhaulChannelVariationDb=-2.42649 RawXhaulState=UNREACHABLE RawXhaulStateAgeSec=22 XhaulState=UNREACHABLE DonorUnavailableActive=0 SatBackhaulHealthy=1 UavSwitchingXappAvailable=1 UavSwitchingXappState=ACTIVE AiPredictedBackhaulMode=RULE_BASED BackhaulMode=SATELLITE_FALLBACK RicControlState=NEAR_RT_RIC_SWITCHING_TO_SATELLITE_BACKHAUL ActiveUavRic=TN_NEAR_RT_RIC NormalUeHandoverAllowed=1 UavMode=NEAR_RT_RIC_EMERGENCY_SWITCHING_WITH_SATELLITE_BACKHAUL
UAV_AUTONOMY_XAPP Time=48.5 DeploymentMode=tn-uav-satellite UavIndex=2 UavCellId=7 BestDonorCellId=4 BestDonorDistanceM=1984.54 XhaulConnected=1 XhaulChannelVariationDb=0.261864 RawXhaulState=UNREACHABLE RawXhaulStateAgeSec=28 XhaulState=UNREACHABLE DonorUnavailableActive=0 SatBackhaulHealthy=1 UavSwitchingXappAvailable=1 UavSwitchingXappState=ACTIVE AiPredictedBackhaulMode=RULE_BASED BackhaulMode=SATELLITE_FALLBACK RicControlState=NEAR_RT_RIC_SWITCHING_TO_SATELLITE_BACKHAUL ActiveUavRic=TN_NEAR_RT_RIC NormalUeHandoverAllowed=1 UavMode=NEAR_RT_RIC_EMERGENCY_SWITCHING_WITH_SATELLITE_BACKHAUL
---- LOAD at t=48.5 ----
  cell 1 (TN) load=11/20
  cell 2 (TN) load=9/20
  cell 3 (TN) load=11/20
  cell 4 (TN) load=7/20
  cell 5 (NTN) load=5/15
  cell 6 (NTN) load=7/15
  cell 7 (NTN) load=4/15
UE 9 TTT_WAIT target=1 elapsed=0s need=2s
UE 18 TTT_WAIT target=1 elapsed=0s need=2s
UE 19 TTT_WAIT target=5 elapsed=0s need=2s
LM HO_FAIL_LOW_RSRP UE=20 currCell=3 candCell=6 candRsrp=-117.891 < min=-110
UE 21 TTT_WAIT target=2 elapsed=0s need=2s
UE 24 TTT_WAIT target=2 elapsed=0s need=2s
UE 28 TTT_WAIT target=1 elapsed=0s need=2s
LM HO UE=30 rnti=18 2->1 type=TN servingRsrp=-122.616 targetRsrp=-79.4781 targetLoadReal=11/20 targetLoadEff=11/20
UE 33 TTT_WAIT target=1 elapsed=0s need=2s
UE 35 TTT_WAIT target=6 elapsed=0s need=2s
UE 37 TTT_WAIT target=4 elapsed=0s need=2s
UE 42 TTT_WAIT target=6 elapsed=0s need=2s
UE 45 TTT_WAIT target=1 elapsed=0s need=2s
LM HO_FAIL_LOW_RSRP UE=46 currCell=1 candCell=2 candRsrp=-125.427 < min=-110
UE 48 TTT_WAIT target=4 elapsed=0s need=2s
UE 54 TTT_WAIT target=3 elapsed=0s need=2s
UE 57 TTT_WAIT target=1 elapsed=0s need=2s
UE 58 TTT_WAIT target=1 elapsed=0s need=2s
UE 60 TTT_WAIT target=1 elapsed=0s need=2s
LM HO_FAIL_LOW_RSRP UE=64 currCell=4 candCell=2 candRsrp=-112.226 < min=-110
LM HO UE=67 rnti=60 3->5 type=NTN servingRsrp=-115.742 targetRsrp=-109.389 targetLoadReal=5/15 targetLoadEff=5/15
UE 70 TTT_WAIT target=1 elapsed=0s need=2s
UE 77 TTT_WAIT target=7 elapsed=0s need=2s
UE 79 TTT_WAIT target=7 elapsed=0s need=2s
UE 82 TTT_WAIT target=3 elapsed=0s need=2s
UE 84 TTT_WAIT target=2 elapsed=0s need=2s
LM HO_FAIL_LOW_RSRP UE=85 currCell=2 candCell=4 candRsrp=-113.242 < min=-110
UE 107 TTT_WAIT target=3 elapsed=0s need=2s
TRACE HO_SUCCESS Time=48.6151 IMSI=29 TargetCell=1 Type=TN TargetRSRP=-115.54 ServingRSRP=-90.1276 BackhaulDlSnr=-999 BackhaulUlSnr=-999
TRACE HO_SUCCESS Time=48.6151 IMSI=66 TargetCell=5 Type=NTN TargetRSRP=-123.932 ServingRSRP=-94.6543 BackhaulDlSnr=14.2981 BackhaulUlSnr=9.77755
UAV_AUTONOMY_XAPP Time=50.5 DeploymentMode=tn-uav-satellite UavIndex=0 UavCellId=5 BestDonorCellId=1 BestDonorDistanceM=3042.2 XhaulConnected=1 XhaulChannelVariationDb=-2.84896 RawXhaulState=UNREACHABLE RawXhaulStateAgeSec=46 XhaulState=UNREACHABLE DonorUnavailableActive=0 SatBackhaulHealthy=1 UavSwitchingXappAvailable=1 UavSwitchingXappState=ACTIVE AiPredictedBackhaulMode=RULE_BASED BackhaulMode=SATELLITE_FALLBACK RicControlState=NEAR_RT_RIC_SWITCHING_TO_SATELLITE_BACKHAUL ActiveUavRic=TN_NEAR_RT_RIC NormalUeHandoverAllowed=1 UavMode=NEAR_RT_RIC_EMERGENCY_SWITCHING_WITH_SATELLITE_BACKHAUL
UAV_AUTONOMY_XAPP Time=50.5 DeploymentMode=tn-uav-satellite UavIndex=1 UavCellId=6 BestDonorCellId=4 BestDonorDistanceM=1902.13 XhaulConnected=1 XhaulChannelVariationDb=-0.891564 RawXhaulState=UNREACHABLE RawXhaulStateAgeSec=24 XhaulState=UNREACHABLE DonorUnavailableActive=0 SatBackhaulHealthy=1 UavSwitchingXappAvailable=1 UavSwitchingXappState=ACTIVE AiPredictedBackhaulMode=RULE_BASED BackhaulMode=SATELLITE_FALLBACK RicControlState=NEAR_RT_RIC_SWITCHING_TO_SATELLITE_BACKHAUL ActiveUavRic=TN_NEAR_RT_RIC NormalUeHandoverAllowed=1 UavMode=NEAR_RT_RIC_EMERGENCY_SWITCHING_WITH_SATELLITE_BACKHAUL
UAV_AUTONOMY_XAPP Time=50.5 DeploymentMode=tn-uav-satellite UavIndex=2 UavCellId=7 BestDonorCellId=2 BestDonorDistanceM=2311.59 XhaulConnected=1 XhaulChannelVariationDb=0.960632 RawXhaulState=UNREACHABLE RawXhaulStateAgeSec=30 XhaulState=UNREACHABLE DonorUnavailableActive=0 SatBackhaulHealthy=1 UavSwitchingXappAvailable=1 UavSwitchingXappState=ACTIVE AiPredictedBackhaulMode=RULE_BASED BackhaulMode=SATELLITE_FALLBACK RicControlState=NEAR_RT_RIC_SWITCHING_TO_SATELLITE_BACKHAUL ActiveUavRic=TN_NEAR_RT_RIC NormalUeHandoverAllowed=1 UavMode=NEAR_RT_RIC_EMERGENCY_SWITCHING_WITH_SATELLITE_BACKHAUL
---- LOAD at t=50.5 ----
  cell 1 (TN) load=12/20
  cell 2 (TN) load=8/20
  cell 3 (TN) load=10/20
  cell 4 (TN) load=7/20
  cell 5 (NTN) load=6/15
  cell 6 (NTN) load=7/15
  cell 7 (NTN) load=5/15
UE 9 TTT_WAIT target=2 elapsed=0s need=2s
UE 13 TTT_WAIT target=2 elapsed=0s need=2s
LM HO_FAIL_LOW_RSRP UE=14 currCell=5 candCell=6 candRsrp=-128.852 < min=-110
UE 15 TTT_WAIT target=1 elapsed=0s need=2s
LM HO UE=18 rnti=86 3->1 type=TN servingRsrp=-105.633 targetRsrp=-80.8382 targetLoadReal=12/20 targetLoadEff=12/20
UE 19 TTT_WAIT target=1 elapsed=0s need=2s
UE 20 TTT_WAIT target=2 elapsed=0s need=2s
UE 21 TTT_WAIT target=7 elapsed=0s need=2s
UE 23 TTT_WAIT target=2 elapsed=0s need=2s
UE 24 TTT_WAIT target=5 elapsed=0s need=2s
UE 26 TTT_WAIT target=1 elapsed=0s need=2s
LM HO UE=28 rnti=87 3->1 type=TN servingRsrp=-133.303 targetRsrp=-102.536 targetLoadReal=12/20 targetLoadEff=13/20
UE 29 TTT_WAIT target=3 elapsed=0s need=2s
UE 30 TTT_WAIT target=3 elapsed=0s need=2s
LM HO_FAIL_LOW_RSRP UE=35 currCell=5 candCell=6 candRsrp=-116.884 < min=-110
UE 37 TTT_WAIT target=1 elapsed=0s need=2s
UE 41 TTT_WAIT target=7 elapsed=0s need=2s
LM HO_FAIL_LOW_RSRP UE=42 currCell=2 candCell=3 candRsrp=-115.854 < min=-110
LM HO UE=45 rnti=77 3->1 type=TN servingRsrp=-101.431 targetRsrp=-97.7635 targetLoadReal=12/20 targetLoadEff=14/20
LM HO_FAIL_LOW_RSRP UE=46 currCell=1 candCell=4 candRsrp=-123.227 < min=-110
UE 47 TTT_WAIT target=2 elapsed=0s need=2s
UE 49 TTT_WAIT target=1 elapsed=0s need=2s
LM HO_FAIL_LOW_RSRP UE=58 currCell=3 candCell=1 candRsrp=-110.207 < min=-110
UE 60 TTT_WAIT target=5 elapsed=0s need=2s
LM HO_FAIL_LOW_RSRP UE=64 currCell=4 candCell=6 candRsrp=-121.68 < min=-110
UE 67 TTT_WAIT target=2 elapsed=0s need=2s
LM HO UE=70 rnti=16 4->1 type=TN servingRsrp=-111.69 targetRsrp=-107.618 targetLoadReal=12/20 targetLoadEff=15/20
LM HO_FAIL_LOW_RSRP UE=71 currCell=7 candCell=5 candRsrp=-111.972 < min=-110
UE 72 TTT_WAIT target=3 elapsed=0s need=2s
UE 79 TTT_WAIT target=2 elapsed=0s need=2s
UE 82 TTT_WAIT target=4 elapsed=0s need=2s
UE 85 TTT_WAIT target=4 elapsed=0s need=2s
LM HO_FAIL_LOW_RSRP UE=91 currCell=2 candCell=5 candRsrp=-129.365 < min=-110
UE 102 TTT_WAIT target=3 elapsed=0s need=2s
UE 107 TTT_WAIT target=4 elapsed=0s need=2s
UE 124 TTT_WAIT target=2 elapsed=0s need=2s
TRACE HO_SUCCESS Time=50.6151 IMSI=44 TargetCell=1 Type=TN TargetRSRP=-109.256 ServingRSRP=-75.4051 BackhaulDlSnr=-999 BackhaulUlSnr=-999
TRACE HO_SUCCESS Time=50.6151 IMSI=17 TargetCell=1 Type=TN TargetRSRP=-108.118 ServingRSRP=-104.395 BackhaulDlSnr=-999 BackhaulUlSnr=-999
TRACE HO_SUCCESS Time=50.6151 IMSI=27 TargetCell=1 Type=TN TargetRSRP=-131.758 ServingRSRP=-99.5317 BackhaulDlSnr=-999 BackhaulUlSnr=-999
TRACE HO_SUCCESS Time=50.6151 IMSI=69 TargetCell=1 Type=TN TargetRSRP=-100.965 ServingRSRP=-113.931 BackhaulDlSnr=-999 BackhaulUlSnr=-999
UAV_AUTONOMY_XAPP Time=52.5 DeploymentMode=tn-uav-satellite UavIndex=0 UavCellId=5 BestDonorCellId=1 BestDonorDistanceM=3112.02 XhaulConnected=1 XhaulChannelVariationDb=0.894557 RawXhaulState=UNREACHABLE RawXhaulStateAgeSec=48 XhaulState=UNREACHABLE DonorUnavailableActive=0 SatBackhaulHealthy=1 UavSwitchingXappAvailable=1 UavSwitchingXappState=ACTIVE AiPredictedBackhaulMode=RULE_BASED BackhaulMode=SATELLITE_FALLBACK RicControlState=NEAR_RT_RIC_SWITCHING_TO_SATELLITE_BACKHAUL ActiveUavRic=TN_NEAR_RT_RIC NormalUeHandoverAllowed=1 UavMode=NEAR_RT_RIC_EMERGENCY_SWITCHING_WITH_SATELLITE_BACKHAUL
UAV_AUTONOMY_XAPP Time=52.5 DeploymentMode=tn-uav-satellite UavIndex=1 UavCellId=6 BestDonorCellId=4 BestDonorDistanceM=1968.67 XhaulConnected=1 XhaulChannelVariationDb=-1.13077 RawXhaulState=UNREACHABLE RawXhaulStateAgeSec=26 XhaulState=UNREACHABLE DonorUnavailableActive=0 SatBackhaulHealthy=1 UavSwitchingXappAvailable=1 UavSwitchingXappState=ACTIVE AiPredictedBackhaulMode=RULE_BASED BackhaulMode=SATELLITE_FALLBACK RicControlState=NEAR_RT_RIC_SWITCHING_TO_SATELLITE_BACKHAUL ActiveUavRic=TN_NEAR_RT_RIC NormalUeHandoverAllowed=1 UavMode=NEAR_RT_RIC_EMERGENCY_SWITCHING_WITH_SATELLITE_BACKHAUL
UAV_AUTONOMY_XAPP Time=52.5 DeploymentMode=tn-uav-satellite UavIndex=2 UavCellId=7 BestDonorCellId=2 BestDonorDistanceM=2380.87 XhaulConnected=1 XhaulChannelVariationDb=-1.29739 RawXhaulState=UNREACHABLE RawXhaulStateAgeSec=32 XhaulState=UNREACHABLE DonorUnavailableActive=0 SatBackhaulHealthy=1 UavSwitchingXappAvailable=1 UavSwitchingXappState=ACTIVE AiPredictedBackhaulMode=RULE_BASED BackhaulMode=SATELLITE_FALLBACK RicControlState=NEAR_RT_RIC_SWITCHING_TO_SATELLITE_BACKHAUL ActiveUavRic=TN_NEAR_RT_RIC NormalUeHandoverAllowed=1 UavMode=NEAR_RT_RIC_EMERGENCY_SWITCHING_WITH_SATELLITE_BACKHAUL
---- LOAD at t=52.5 ----
  cell 1 (TN) load=16/20
  cell 2 (TN) load=8/20
  cell 3 (TN) load=7/20
  cell 4 (TN) load=6/20
  cell 5 (NTN) load=6/15
  cell 6 (NTN) load=7/15
  cell 7 (NTN) load=5/15
LM HO_FAIL_LOW_RSRP UE=9 currCell=4 candCell=2 candRsrp=-114.914 < min=-110
LM HO UE=13 rnti=45 1->2 type=TN servingRsrp=-81.1491 targetRsrp=-66.4567 targetLoadReal=8/20 targetLoadEff=8/20
UE 18 TTT_WAIT target=2 elapsed=0s need=2s
LM HO_FAIL_LOW_RSRP UE=19 currCell=7 candCell=5 candRsrp=-117.877 < min=-110
UE 21 TTT_WAIT target=4 elapsed=0s need=2s
UE 24 TTT_WAIT target=3 elapsed=0s need=2s
UE 26 TTT_WAIT target=3 elapsed=0s need=2s
UE 28 TTT_WAIT target=6 elapsed=0s need=2s
UE 30 TTT_WAIT target=2 elapsed=0s need=2s
LM HO_FAIL_LOW_RSRP UE=33 currCell=2 candCell=1 candRsrp=-112.42 < min=-110
UE 34 TTT_WAIT target=4 elapsed=0s need=2s
UE 35 TTT_WAIT target=1 elapsed=0s need=2s
UE 37 TTT_WAIT target=4 elapsed=0s need=2s
LM HO_FAIL_LOW_RSRP UE=42 currCell=2 candCell=4 candRsrp=-124.567 < min=-110
UE 43 TTT_WAIT target=1 elapsed=0s need=2s
LM HO_FAIL_LOW_RSRP UE=46 currCell=1 candCell=4 candRsrp=-123.045 < min=-110
LM HO UE=47 rnti=49 1->2 type=TN servingRsrp=-104.475 targetRsrp=-96.9786 targetLoadReal=8/20 targetLoadEff=9/20
UE 48 TTT_WAIT target=4 elapsed=0s need=2s
UE 54 TTT_WAIT target=3 elapsed=0s need=2s
LM HO_FAIL_LOW_RSRP UE=55 currCell=1 candCell=2 candRsrp=-113.847 < min=-110
LM HO_FAIL_LOW_RSRP UE=57 currCell=3 candCell=5 candRsrp=-123.498 < min=-110
LM HO_FAIL_LOW_RSRP UE=58 currCell=3 candCell=6 candRsrp=-110.828 < min=-110
UE 60 TTT_WAIT target=3 elapsed=0s need=2s
UE 64 TTT_WAIT target=1 elapsed=0s need=2s
UE 67 TTT_WAIT target=1 elapsed=0s need=2s
UE 69 TTT_WAIT target=4 elapsed=0s need=2s
UE 70 TTT_WAIT target=3 elapsed=0s need=2s
LM HO_FAIL_LOW_RSRP UE=71 currCell=7 candCell=6 candRsrp=-114.794 < min=-110
UE 82 TTT_WAIT target=2 elapsed=0s need=2s
LM HO_FAIL_LOW_RSRP UE=85 currCell=2 candCell=6 candRsrp=-128.058 < min=-110
UE 87 TTT_WAIT target=3 elapsed=0s need=2s
UE 91 TTT_WAIT target=4 elapsed=0s need=2s
UE 102 TTT_WAIT target=1 elapsed=0s need=2s
UE 124 TTT_WAIT target=1 elapsed=0s need=2s
TRACE HO_SUCCESS Time=52.6151 IMSI=12 TargetCell=2 Type=TN TargetRSRP=-103.173 ServingRSRP=-112.426 BackhaulDlSnr=-999 BackhaulUlSnr=-999
TRACE HO_SUCCESS Time=52.6151 IMSI=46 TargetCell=2 Type=TN TargetRSRP=-110.244 ServingRSRP=-107.952 BackhaulDlSnr=-999 BackhaulUlSnr=-999
UAV_AUTONOMY_XAPP Time=54.5 DeploymentMode=tn-uav-satellite UavIndex=0 UavCellId=5 BestDonorCellId=3 BestDonorDistanceM=3293.84 XhaulConnected=1 XhaulChannelVariationDb=1.93205 RawXhaulState=UNREACHABLE RawXhaulStateAgeSec=50 XhaulState=UNREACHABLE DonorUnavailableActive=0 SatBackhaulHealthy=1 UavSwitchingXappAvailable=1 UavSwitchingXappState=ACTIVE AiPredictedBackhaulMode=RULE_BASED BackhaulMode=SATELLITE_FALLBACK RicControlState=NEAR_RT_RIC_SWITCHING_TO_SATELLITE_BACKHAUL ActiveUavRic=TN_NEAR_RT_RIC NormalUeHandoverAllowed=1 UavMode=NEAR_RT_RIC_EMERGENCY_SWITCHING_WITH_SATELLITE_BACKHAUL
UAV_AUTONOMY_XAPP Time=54.5 DeploymentMode=tn-uav-satellite UavIndex=1 UavCellId=6 BestDonorCellId=4 BestDonorDistanceM=2035.4 XhaulConnected=1 XhaulChannelVariationDb=0.0282538 RawXhaulState=UNREACHABLE RawXhaulStateAgeSec=28 XhaulState=UNREACHABLE DonorUnavailableActive=0 SatBackhaulHealthy=1 UavSwitchingXappAvailable=1 UavSwitchingXappState=ACTIVE AiPredictedBackhaulMode=RULE_BASED BackhaulMode=SATELLITE_FALLBACK RicControlState=NEAR_RT_RIC_SWITCHING_TO_SATELLITE_BACKHAUL ActiveUavRic=TN_NEAR_RT_RIC NormalUeHandoverAllowed=1 UavMode=NEAR_RT_RIC_EMERGENCY_SWITCHING_WITH_SATELLITE_BACKHAUL
UAV_AUTONOMY_XAPP Time=54.5 DeploymentMode=tn-uav-satellite UavIndex=2 UavCellId=7 BestDonorCellId=2 BestDonorDistanceM=2450.24 XhaulConnected=1 XhaulChannelVariationDb=1.78599 RawXhaulState=UNREACHABLE RawXhaulStateAgeSec=34 XhaulState=UNREACHABLE DonorUnavailableActive=0 SatBackhaulHealthy=1 UavSwitchingXappAvailable=1 UavSwitchingXappState=ACTIVE AiPredictedBackhaulMode=RULE_BASED BackhaulMode=SATELLITE_FALLBACK RicControlState=NEAR_RT_RIC_SWITCHING_TO_SATELLITE_BACKHAUL ActiveUavRic=TN_NEAR_RT_RIC NormalUeHandoverAllowed=1 UavMode=NEAR_RT_RIC_EMERGENCY_SWITCHING_WITH_SATELLITE_BACKHAUL
---- LOAD at t=54.5 ----
  cell 1 (TN) load=14/20
  cell 2 (TN) load=10/20
  cell 3 (TN) load=7/20
  cell 4 (TN) load=6/20
  cell 5 (NTN) load=6/15
  cell 6 (NTN) load=7/15
  cell 7 (NTN) load=6/15
UE 9 TTT_WAIT target=2 elapsed=0s need=2s
UE 13 TTT_WAIT target=3 elapsed=0s need=2s
UE 19 TTT_WAIT target=3 elapsed=0s need=2s
LM HO_FAIL_LOW_RSRP UE=20 currCell=3 candCell=5 candRsrp=-131.741 < min=-110
UE 26 TTT_WAIT target=1 elapsed=0s need=2s
UE 28 TTT_WAIT target=2 elapsed=0s need=2s
LM HO_FAIL_LOW_RSRP UE=30 currCell=1 candCell=5 candRsrp=-128.666 < min=-110
UE 33 TTT_WAIT target=1 elapsed=0s need=2s
UE 41 TTT_WAIT target=1 elapsed=0s need=2s
LM HO_FAIL_LOW_RSRP UE=42 currCell=2 candCell=3 candRsrp=-117.751 < min=-110
UE 46 TTT_WAIT target=4 elapsed=0s need=2s
UE 47 TTT_WAIT target=1 elapsed=0s need=2s
LM HO_FAIL_LOW_RSRP UE=54 currCell=1 candCell=6 candRsrp=-136.063 < min=-110
UE 55 TTT_WAIT target=6 elapsed=0s need=2s
UE 57 TTT_WAIT target=2 elapsed=0s need=2s
LM HO_FAIL_LOW_RSRP UE=58 currCell=3 candCell=5 candRsrp=-110.389 < min=-110
UE 60 TTT_WAIT target=5 elapsed=0s need=2s
UE 66 TTT_WAIT target=1 elapsed=0s need=2s
UE 70 TTT_WAIT target=4 elapsed=0s need=2s
UE 71 TTT_WAIT target=2 elapsed=0s need=2s
UE 72 TTT_WAIT target=2 elapsed=0s need=2s
UE 73 TTT_WAIT target=2 elapsed=0s need=2s
UE 79 TTT_WAIT target=2 elapsed=0s need=2s
LM HO_FAIL_LOW_RSRP UE=91 currCell=2 candCell=1 candRsrp=-114.998 < min=-110
UE 111 TTT_WAIT target=5 elapsed=0s need=2s
UE 124 TTT_WAIT target=2 elapsed=0s need=2s
UAV_AUTONOMY_XAPP Time=56.5 DeploymentMode=tn-uav-satellite UavIndex=0 UavCellId=5 BestDonorCellId=1 BestDonorDistanceM=3251.65 XhaulConnected=1 XhaulChannelVariationDb=-2.57584 RawXhaulState=UNREACHABLE RawXhaulStateAgeSec=52 XhaulState=UNREACHABLE DonorUnavailableActive=0 SatBackhaulHealthy=1 UavSwitchingXappAvailable=1 UavSwitchingXappState=ACTIVE AiPredictedBackhaulMode=RULE_BASED BackhaulMode=SATELLITE_FALLBACK RicControlState=NEAR_RT_RIC_SWITCHING_TO_SATELLITE_BACKHAUL ActiveUavRic=TN_NEAR_RT_RIC NormalUeHandoverAllowed=1 UavMode=NEAR_RT_RIC_EMERGENCY_SWITCHING_WITH_SATELLITE_BACKHAUL
UAV_AUTONOMY_XAPP Time=56.5 DeploymentMode=tn-uav-satellite UavIndex=1 UavCellId=6 BestDonorCellId=4 BestDonorDistanceM=2102.3 XhaulConnected=1 XhaulChannelVariationDb=0.969229 RawXhaulState=UNREACHABLE RawXhaulStateAgeSec=30 XhaulState=UNREACHABLE DonorUnavailableActive=0 SatBackhaulHealthy=1 UavSwitchingXappAvailable=1 UavSwitchingXappState=ACTIVE AiPredictedBackhaulMode=RULE_BASED BackhaulMode=SATELLITE_FALLBACK RicControlState=NEAR_RT_RIC_SWITCHING_TO_SATELLITE_BACKHAUL ActiveUavRic=TN_NEAR_RT_RIC NormalUeHandoverAllowed=1 UavMode=NEAR_RT_RIC_EMERGENCY_SWITCHING_WITH_SATELLITE_BACKHAUL
UAV_AUTONOMY_XAPP Time=56.5 DeploymentMode=tn-uav-satellite UavIndex=2 UavCellId=7 BestDonorCellId=4 BestDonorDistanceM=2103.25 XhaulConnected=1 XhaulChannelVariationDb=-1.66447 RawXhaulState=UNREACHABLE RawXhaulStateAgeSec=36 XhaulState=UNREACHABLE DonorUnavailableActive=0 SatBackhaulHealthy=1 UavSwitchingXappAvailable=1 UavSwitchingXappState=ACTIVE AiPredictedBackhaulMode=RULE_BASED BackhaulMode=SATELLITE_FALLBACK RicControlState=NEAR_RT_RIC_SWITCHING_TO_SATELLITE_BACKHAUL ActiveUavRic=TN_NEAR_RT_RIC NormalUeHandoverAllowed=1 UavMode=NEAR_RT_RIC_EMERGENCY_SWITCHING_WITH_SATELLITE_BACKHAUL
---- LOAD at t=56.5 ----
  cell 1 (TN) load=14/20
  cell 2 (TN) load=10/20
  cell 3 (TN) load=7/20
  cell 4 (TN) load=6/20
  cell 5 (NTN) load=6/15
  cell 6 (NTN) load=8/15
  cell 7 (NTN) load=6/15
UE 18 TTT_WAIT target=3 elapsed=0s need=2s
LM HO UE=19 rnti=41 7->3 type=TN servingRsrp=-143.594 targetRsrp=-89.4082 targetLoadReal=7/20 targetLoadEff=7/20
UE 20 TTT_WAIT target=2 elapsed=0s need=2s
UE 21 TTT_WAIT target=4 elapsed=0s need=2s
LM HO_FAIL_LOW_RSRP UE=26 currCell=2 candCell=7 candRsrp=-117.294 < min=-110
LM HO_FAIL_LOW_RSRP UE=28 currCell=1 candCell=4 candRsrp=-110.244 < min=-110
UE 30 TTT_WAIT target=2 elapsed=0s need=2s
UE 33 TTT_WAIT target=4 elapsed=0s need=2s
LM HO_FAIL_LOW_RSRP UE=35 currCell=5 candCell=7 candRsrp=-113.063 < min=-110
UE 37 TTT_WAIT target=4 elapsed=0s need=2s
LM HO_FAIL_LOW_RSRP UE=46 currCell=1 candCell=4 candRsrp=-118.771 < min=-110
LM HO UE=47 rnti=45 2->1 type=TN servingRsrp=-113.127 targetRsrp=-99.7957 targetLoadReal=14/20 targetLoadEff=14/20
LM HO_FAIL_LOW_RSRP UE=48 currCell=7 candCell=6 candRsrp=-122.125 < min=-110
LM HO_FAIL_LOW_RSRP UE=49 currCell=4 candCell=5 candRsrp=-128.121 < min=-110
LM HO_FAIL_LOW_RSRP UE=55 currCell=1 candCell=5 candRsrp=-139.22 < min=-110
LM HO_FAIL_LOW_RSRP UE=57 currCell=3 candCell=2 candRsrp=-114.758 < min=-110
LM HO_FAIL_LOW_RSRP UE=58 currCell=3 candCell=2 candRsrp=-116.271 < min=-110
LM HO_FAIL_LOW_RSRP UE=64 currCell=4 candCell=6 candRsrp=-117.53 < min=-110
UE 66 TTT_WAIT target=3 elapsed=0s need=2s
UE 71 TTT_WAIT target=1 elapsed=0s need=2s
UE 77 TTT_WAIT target=4 elapsed=0s need=2s
UE 85 TTT_WAIT target=3 elapsed=0s need=2s
LM HO_FAIL_LOW_RSRP UE=89 currCell=6 candCell=7 candRsrp=-123.874 < min=-110
UE 91 TTT_WAIT target=4 elapsed=0s need=2s
LM HO_FAIL_LOW_RSRP UE=102 currCell=7 candCell=6 candRsrp=-128.165 < min=-110
UE 124 TTT_WAIT target=1 elapsed=0s need=2s
TRACE HO_SUCCESS Time=56.6151 IMSI=46 TargetCell=1 Type=TN TargetRSRP=-107.66 ServingRSRP=-77.4864 BackhaulDlSnr=-999 BackhaulUlSnr=-999
TRACE HO_SUCCESS Time=56.6151 IMSI=18 TargetCell=3 Type=TN TargetRSRP=-125.369 ServingRSRP=-112.524 BackhaulDlSnr=-999 BackhaulUlSnr=-999
UAV_AUTONOMY_XAPP Time=58.5 DeploymentMode=tn-uav-satellite UavIndex=0 UavCellId=5 BestDonorCellId=3 BestDonorDistanceM=3431.5 XhaulConnected=1 XhaulChannelVariationDb=-1.22853 RawXhaulState=UNREACHABLE RawXhaulStateAgeSec=54 XhaulState=UNREACHABLE DonorUnavailableActive=0 SatBackhaulHealthy=1 UavSwitchingXappAvailable=1 UavSwitchingXappState=ACTIVE AiPredictedBackhaulMode=RULE_BASED BackhaulMode=SATELLITE_FALLBACK RicControlState=NEAR_RT_RIC_SWITCHING_TO_SATELLITE_BACKHAUL ActiveUavRic=TN_NEAR_RT_RIC NormalUeHandoverAllowed=1 UavMode=NEAR_RT_RIC_EMERGENCY_SWITCHING_WITH_SATELLITE_BACKHAUL
UAV_AUTONOMY_XAPP Time=58.5 DeploymentMode=tn-uav-satellite UavIndex=1 UavCellId=6 BestDonorCellId=4 BestDonorDistanceM=2169.35 XhaulConnected=1 XhaulChannelVariationDb=0.4871 RawXhaulState=UNREACHABLE RawXhaulStateAgeSec=32 XhaulState=UNREACHABLE DonorUnavailableActive=0 SatBackhaulHealthy=1 UavSwitchingXappAvailable=1 UavSwitchingXappState=ACTIVE AiPredictedBackhaulMode=RULE_BASED BackhaulMode=SATELLITE_FALLBACK RicControlState=NEAR_RT_RIC_SWITCHING_TO_SATELLITE_BACKHAUL ActiveUavRic=TN_NEAR_RT_RIC NormalUeHandoverAllowed=1 UavMode=NEAR_RT_RIC_EMERGENCY_SWITCHING_WITH_SATELLITE_BACKHAUL
UAV_AUTONOMY_XAPP Time=58.5 DeploymentMode=tn-uav-satellite UavIndex=2 UavCellId=7 BestDonorCellId=4 BestDonorDistanceM=2137.79 XhaulConnected=1 XhaulChannelVariationDb=-2.97301 RawXhaulState=UNREACHABLE RawXhaulStateAgeSec=38 XhaulState=UNREACHABLE DonorUnavailableActive=0 SatBackhaulHealthy=1 UavSwitchingXappAvailable=1 UavSwitchingXappState=ACTIVE AiPredictedBackhaulMode=RULE_BASED BackhaulMode=SATELLITE_FALLBACK RicControlState=NEAR_RT_RIC_SWITCHING_TO_SATELLITE_BACKHAUL ActiveUavRic=TN_NEAR_RT_RIC NormalUeHandoverAllowed=1 UavMode=NEAR_RT_RIC_EMERGENCY_SWITCHING_WITH_SATELLITE_BACKHAUL
---- LOAD at t=58.5 ----
  cell 1 (TN) load=15/20
  cell 2 (TN) load=9/20
  cell 3 (TN) load=8/20
  cell 4 (TN) load=6/20
  cell 5 (NTN) load=7/15
  cell 6 (NTN) load=9/15
  cell 7 (NTN) load=5/15
UE 9 TTT_WAIT target=2 elapsed=0s need=2s
LM HO_FAIL_LOW_RSRP UE=14 currCell=5 candCell=7 candRsrp=-117.236 < min=-110
UE 16 TTT_WAIT target=7 elapsed=0s need=2s
UE 18 TTT_WAIT target=4 elapsed=0s need=2s
UE 19 TTT_WAIT target=2 elapsed=0s need=2s
UE 20 TTT_WAIT target=1 elapsed=0s need=2s
LM HO UE=21 rnti=81 6->4 type=TN servingRsrp=-127.52 targetRsrp=-72.3738 targetLoadReal=6/20 targetLoadEff=6/20
UE 23 TTT_WAIT target=2 elapsed=0s need=2s
UE 24 TTT_WAIT target=2 elapsed=0s need=2s
LM HO_FAIL_LOW_RSRP UE=26 currCell=2 candCell=3 candRsrp=-118.128 < min=-110
UE 28 TTT_WAIT target=3 elapsed=0s need=2s
UE 30 TTT_WAIT target=7 elapsed=0s need=2s
UE 33 TTT_WAIT target=3 elapsed=0s need=2s
UE 34 TTT_WAIT target=1 elapsed=0s need=2s
UE 35 TTT_WAIT target=2 elapsed=0s need=2s
UE 37 TTT_WAIT target=3 elapsed=0s need=2s
UE 41 TTT_WAIT target=1 elapsed=0s need=2s
UE 42 TTT_WAIT target=3 elapsed=0s need=2s
UE 45 TTT_WAIT target=7 elapsed=0s need=2s
LM HO_FAIL_LOW_RSRP UE=46 currCell=1 candCell=4 candRsrp=-119.767 < min=-110
LM HO_FAIL_LOW_RSRP UE=48 currCell=7 candCell=6 candRsrp=-112.177 < min=-110
LM HO_FAIL_LOW_RSRP UE=54 currCell=1 candCell=4 candRsrp=-115.341 < min=-110
LM HO_FAIL_LOW_RSRP UE=55 currCell=1 candCell=7 candRsrp=-115.937 < min=-110
LM HO_FAIL_LOW_RSRP UE=57 currCell=3 candCell=2 candRsrp=-112.249 < min=-110
LM HO_FAIL_LOW_RSRP UE=58 currCell=3 candCell=6 candRsrp=-121.891 < min=-110
UE 60 TTT_WAIT target=3 elapsed=0s need=2s
UE 67 TTT_WAIT target=3 elapsed=0s need=2s
UE 69 TTT_WAIT target=4 elapsed=0s need=2s
UE 70 TTT_WAIT target=4 elapsed=0s need=2s
LM HO UE=77 rnti=56 6->4 type=TN servingRsrp=-127.156 targetRsrp=-94.6241 targetLoadReal=6/20 targetLoadEff=7/20
UE 79 TTT_WAIT target=7 elapsed=0s need=2s
UE 80 TTT_WAIT target=2 elapsed=0s need=2s
UE 82 TTT_WAIT target=2 elapsed=0s need=2s
UE 84 TTT_WAIT target=2 elapsed=0s need=2s
UE 85 TTT_WAIT target=4 elapsed=0s need=2s
UE 89 TTT_WAIT target=1 elapsed=0s need=2s
UE 91 TTT_WAIT target=5 elapsed=0s need=2s
UE 107 TTT_WAIT target=7 elapsed=0s need=2s
UE 109 TTT_WAIT target=2 elapsed=0s need=2s
TRACE HO_SUCCESS Time=58.6151 IMSI=20 TargetCell=4 Type=TN TargetRSRP=-110.16 ServingRSRP=-123.387 BackhaulDlSnr=-999 BackhaulUlSnr=-999
TRACE HO_SUCCESS Time=58.6151 IMSI=76 TargetCell=4 Type=TN TargetRSRP=-85.9835 ServingRSRP=-120.727 BackhaulDlSnr=-999 BackhaulUlSnr=-999
UAV_AUTONOMY_XAPP Time=60.5 DeploymentMode=tn-uav-satellite UavIndex=0 UavCellId=5 BestDonorCellId=3 BestDonorDistanceM=3500.38 XhaulConnected=1 XhaulChannelVariationDb=-0.982422 RawXhaulState=UNREACHABLE RawXhaulStateAgeSec=56 XhaulState=UNREACHABLE DonorUnavailableActive=0 SatBackhaulHealthy=1 UavSwitchingXappAvailable=1 UavSwitchingXappState=ACTIVE AiPredictedBackhaulMode=RULE_BASED BackhaulMode=SATELLITE_FALLBACK RicControlState=NEAR_RT_RIC_SWITCHING_TO_SATELLITE_BACKHAUL ActiveUavRic=TN_NEAR_RT_RIC NormalUeHandoverAllowed=1 UavMode=NEAR_RT_RIC_EMERGENCY_SWITCHING_WITH_SATELLITE_BACKHAUL
UAV_AUTONOMY_XAPP Time=60.5 DeploymentMode=tn-uav-satellite UavIndex=1 UavCellId=6 BestDonorCellId=4 BestDonorDistanceM=2236.67 XhaulConnected=1 XhaulChannelVariationDb=-3.76143 RawXhaulState=UNREACHABLE RawXhaulStateAgeSec=34 XhaulState=UNREACHABLE DonorUnavailableActive=0 SatBackhaulHealthy=1 UavSwitchingXappAvailable=1 UavSwitchingXappState=ACTIVE AiPredictedBackhaulMode=RULE_BASED BackhaulMode=SATELLITE_FALLBACK RicControlState=NEAR_RT_RIC_SWITCHING_TO_SATELLITE_BACKHAUL ActiveUavRic=TN_NEAR_RT_RIC NormalUeHandoverAllowed=1 UavMode=NEAR_RT_RIC_EMERGENCY_SWITCHING_WITH_SATELLITE_BACKHAUL
UAV_AUTONOMY_XAPP Time=60.5 DeploymentMode=tn-uav-satellite UavIndex=2 UavCellId=7 BestDonorCellId=2 BestDonorDistanceM=2658.45 XhaulConnected=1 XhaulChannelVariationDb=3.66204 RawXhaulState=UNREACHABLE RawXhaulStateAgeSec=40 XhaulState=UNREACHABLE DonorUnavailableActive=0 SatBackhaulHealthy=1 UavSwitchingXappAvailable=1 UavSwitchingXappState=ACTIVE AiPredictedBackhaulMode=RULE_BASED BackhaulMode=SATELLITE_FALLBACK RicControlState=NEAR_RT_RIC_SWITCHING_TO_SATELLITE_BACKHAUL ActiveUavRic=TN_NEAR_RT_RIC NormalUeHandoverAllowed=1 UavMode=NEAR_RT_RIC_EMERGENCY_SWITCHING_WITH_SATELLITE_BACKHAUL
---- LOAD at t=60.5 ----
  cell 1 (TN) load=15/20
  cell 2 (TN) load=9/20
  cell 3 (TN) load=8/20
  cell 4 (TN) load=8/20
  cell 5 (NTN) load=7/15
  cell 6 (NTN) load=7/15
  cell 7 (NTN) load=5/15
LM HO UE=9 rnti=34 4->2 type=TN servingRsrp=-120.489 targetRsrp=-89.4305 targetLoadReal=9/20 targetLoadEff=9/20
UE 14 TTT_WAIT target=3 elapsed=0s need=2s
UE 15 TTT_WAIT target=1 elapsed=0s need=2s
UE 18 TTT_WAIT target=3 elapsed=0s need=2s
LM HO_FAIL_LOW_RSRP UE=19 currCell=3 candCell=5 candRsrp=-119.463 < min=-110
LM HO UE=20 rnti=56 3->1 type=TN servingRsrp=-109.502 targetRsrp=-91.2595 targetLoadReal=15/20 targetLoadEff=15/20
UE 23 TTT_WAIT target=3 elapsed=0s need=2s
LM HO_FAIL_LOW_RSRP UE=28 currCell=1 candCell=4 candRsrp=-112.737 < min=-110
UE 30 TTT_WAIT target=3 elapsed=0s need=2s
LM HO UE=33 rnti=37 2->3 type=TN servingRsrp=-107.659 targetRsrp=-100.778 targetLoadReal=8/20 targetLoadEff=8/20
UE 34 TTT_WAIT target=3 elapsed=0s need=2s
UE 37 TTT_WAIT target=6 elapsed=0s need=2s
UE 42 TTT_WAIT target=6 elapsed=0s need=2s
LM HO_FAIL_LOW_RSRP UE=46 currCell=1 candCell=4 candRsrp=-115.059 < min=-110
UE 48 TTT_WAIT target=4 elapsed=0s need=2s
UE 55 TTT_WAIT target=2 elapsed=0s need=2s
LM HO_FAIL_LOW_RSRP UE=70 currCell=1 candCell=4 candRsrp=-110.17 < min=-110
UE 71 TTT_WAIT target=2 elapsed=0s need=2s
LM HO_FAIL_LOW_RSRP UE=77 currCell=4 candCell=5 candRsrp=-119.177 < min=-110
LM HO UE=85 rnti=42 2->4 type=TN servingRsrp=-116.622 targetRsrp=-103.348 targetLoadReal=8/20 targetLoadEff=8/20
UE 91 TTT_WAIT target=4 elapsed=0s need=2s
LM HO_FAIL_LOW_RSRP UE=102 currCell=7 candCell=6 candRsrp=-120.706 < min=-110
UE 107 TTT_WAIT target=4 elapsed=0s need=2s
UE 111 TTT_WAIT target=3 elapsed=0s need=2s
TRACE HO_SUCCESS Time=60.6151 IMSI=19 TargetCell=1 Type=TN TargetRSRP=-103.843 ServingRSRP=-97.3907 BackhaulDlSnr=-999 BackhaulUlSnr=-999
TRACE HO_SUCCESS Time=60.6151 IMSI=8 TargetCell=2 Type=TN TargetRSRP=-120.632 ServingRSRP=-82.3425 BackhaulDlSnr=-999 BackhaulUlSnr=-999
TRACE HO_SUCCESS Time=60.6151 IMSI=32 TargetCell=3 Type=TN TargetRSRP=-119.876 ServingRSRP=-111.328 BackhaulDlSnr=-999 BackhaulUlSnr=-999
TRACE HO_SUCCESS Time=60.6151 IMSI=84 TargetCell=4 Type=TN TargetRSRP=-118.441 ServingRSRP=-102.095 BackhaulDlSnr=-999 BackhaulUlSnr=-999
UAV_AUTONOMY_XAPP Time=62.5 DeploymentMode=tn-uav-satellite UavIndex=0 UavCellId=5 BestDonorCellId=1 BestDonorDistanceM=3461.14 XhaulConnected=1 XhaulChannelVariationDb=-1.96068 RawXhaulState=UNREACHABLE RawXhaulStateAgeSec=58 XhaulState=UNREACHABLE DonorUnavailableActive=0 SatBackhaulHealthy=1 UavSwitchingXappAvailable=1 UavSwitchingXappState=ACTIVE AiPredictedBackhaulMode=RULE_BASED BackhaulMode=SATELLITE_FALLBACK RicControlState=NEAR_RT_RIC_SWITCHING_TO_SATELLITE_BACKHAUL ActiveUavRic=TN_NEAR_RT_RIC NormalUeHandoverAllowed=1 UavMode=NEAR_RT_RIC_EMERGENCY_SWITCHING_WITH_SATELLITE_BACKHAUL
UAV_AUTONOMY_XAPP Time=62.5 DeploymentMode=tn-uav-satellite UavIndex=1 UavCellId=6 BestDonorCellId=4 BestDonorDistanceM=2304.27 XhaulConnected=1 XhaulChannelVariationDb=-4.13753 RawXhaulState=UNREACHABLE RawXhaulStateAgeSec=36 XhaulState=UNREACHABLE DonorUnavailableActive=0 SatBackhaulHealthy=1 UavSwitchingXappAvailable=1 UavSwitchingXappState=ACTIVE AiPredictedBackhaulMode=RULE_BASED BackhaulMode=SATELLITE_FALLBACK RicControlState=NEAR_RT_RIC_SWITCHING_TO_SATELLITE_BACKHAUL ActiveUavRic=TN_NEAR_RT_RIC NormalUeHandoverAllowed=1 UavMode=NEAR_RT_RIC_EMERGENCY_SWITCHING_WITH_SATELLITE_BACKHAUL
UAV_AUTONOMY_XAPP Time=62.5 DeploymentMode=tn-uav-satellite UavIndex=2 UavCellId=7 BestDonorCellId=4 BestDonorDistanceM=2212.08 XhaulConnected=1 XhaulChannelVariationDb=1.54536 RawXhaulState=UNREACHABLE RawXhaulStateAgeSec=42 XhaulState=UNREACHABLE DonorUnavailableActive=0 SatBackhaulHealthy=1 UavSwitchingXappAvailable=1 UavSwitchingXappState=ACTIVE AiPredictedBackhaulMode=RULE_BASED BackhaulMode=SATELLITE_FALLBACK RicControlState=NEAR_RT_RIC_SWITCHING_TO_SATELLITE_BACKHAUL ActiveUavRic=TN_NEAR_RT_RIC NormalUeHandoverAllowed=1 UavMode=NEAR_RT_RIC_EMERGENCY_SWITCHING_WITH_SATELLITE_BACKHAUL
---- LOAD at t=62.5 ----
  cell 1 (TN) load=16/20
  cell 2 (TN) load=8/20
  cell 3 (TN) load=8/20
  cell 4 (TN) load=8/20
  cell 5 (NTN) load=7/15
  cell 6 (NTN) load=7/15
  cell 7 (NTN) load=5/15
UE 9 TTT_WAIT target=3 elapsed=0s need=2s
LM HO_FAIL_LOW_RSRP UE=14 currCell=5 candCell=6 candRsrp=-120.209 < min=-110
LM HO UE=15 rnti=29 3->1 type=TN servingRsrp=-102.308 targetRsrp=-87.9407 targetLoadReal=16/20 targetLoadEff=16/20
UE 20 TTT_WAIT target=3 elapsed=0s need=2s
UE 21 TTT_WAIT target=7 elapsed=0s need=2s
LM HO UE=23 rnti=22 1->3 type=TN servingRsrp=-102.197 targetRsrp=-81.9577 targetLoadReal=8/20 targetLoadEff=8/20
UE 26 TTT_WAIT target=3 elapsed=0s need=2s
UE 28 TTT_WAIT target=3 elapsed=0s need=2s
UE 30 TTT_WAIT target=7 elapsed=0s need=2s
UE 33 TTT_WAIT target=1 elapsed=0s need=2s
UE 34 TTT_WAIT target=4 elapsed=0s need=2s
UE 37 TTT_WAIT target=4 elapsed=0s need=2s
LM HO_FAIL_LOW_RSRP UE=41 currCell=2 candCell=7 candRsrp=-120.034 < min=-110
LM HO_FAIL_LOW_RSRP UE=42 currCell=2 candCell=4 candRsrp=-114.188 < min=-110
UE 47 TTT_WAIT target=2 elapsed=0s need=2s
UE 48 TTT_WAIT target=2 elapsed=0s need=2s
UE 55 TTT_WAIT target=4 elapsed=0s need=2s
LM HO_FAIL_LOW_RSRP UE=57 currCell=3 candCell=1 candRsrp=-120.389 < min=-110
LM HO_FAIL_LOW_RSRP UE=58 currCell=3 candCell=1 candRsrp=-120.432 < min=-110
UE 60 TTT_WAIT target=5 elapsed=0s need=2s
UE 64 TTT_WAIT target=7 elapsed=0s need=2s
LM HO_FAIL_LOW_RSRP UE=66 currCell=5 candCell=7 candRsrp=-122.958 < min=-110
UE 69 TTT_WAIT target=2 elapsed=0s need=2s
UE 70 TTT_WAIT target=4 elapsed=0s need=2s
UE 73 TTT_WAIT target=1 elapsed=0s need=2s
UE 79 TTT_WAIT target=5 elapsed=0s need=2s
UE 84 TTT_WAIT target=2 elapsed=0s need=2s
UE 87 TTT_WAIT target=3 elapsed=0s need=2s
UE 89 TTT_WAIT target=3 elapsed=0s need=2s
UE 91 TTT_WAIT target=3 elapsed=0s need=2s
LM HO UE=111 rnti=58 7->3 type=TN servingRsrp=-132.814 targetRsrp=-99.3946 targetLoadReal=8/20 targetLoadEff=9/20
TRACE HO_SUCCESS Time=62.6151 IMSI=14 TargetCell=1 Type=TN TargetRSRP=-101.785 ServingRSRP=-90.1298 BackhaulDlSnr=-999 BackhaulUlSnr=-999
TRACE HO_SUCCESS Time=62.6151 IMSI=22 TargetCell=3 Type=TN TargetRSRP=-114.501 ServingRSRP=-101.388 BackhaulDlSnr=-999 BackhaulUlSnr=-999
TRACE HO_SUCCESS Time=62.6151 IMSI=110 TargetCell=3 Type=TN TargetRSRP=-119.667 ServingRSRP=-103.291 BackhaulDlSnr=-999 BackhaulUlSnr=-999
UAV_AUTONOMY_XAPP Time=64.5 DeploymentMode=tn-uav-satellite UavIndex=0 UavCellId=5 BestDonorCellId=2 BestDonorDistanceM=3983.58 XhaulConnected=1 XhaulChannelVariationDb=3.0158 RawXhaulState=UNREACHABLE RawXhaulStateAgeSec=60 XhaulState=UNREACHABLE DonorUnavailableActive=0 SatBackhaulHealthy=1 UavSwitchingXappAvailable=1 UavSwitchingXappState=ACTIVE AiPredictedBackhaulMode=RULE_BASED BackhaulMode=SATELLITE_FALLBACK RicControlState=NEAR_RT_RIC_SWITCHING_TO_SATELLITE_BACKHAUL ActiveUavRic=TN_NEAR_RT_RIC NormalUeHandoverAllowed=1 UavMode=NEAR_RT_RIC_EMERGENCY_SWITCHING_WITH_SATELLITE_BACKHAUL
UAV_AUTONOMY_XAPP Time=64.5 DeploymentMode=tn-uav-satellite UavIndex=1 UavCellId=6 BestDonorCellId=4 BestDonorDistanceM=2371.76 XhaulConnected=1 XhaulChannelVariationDb=0.114613 RawXhaulState=UNREACHABLE RawXhaulStateAgeSec=38 XhaulState=UNREACHABLE DonorUnavailableActive=0 SatBackhaulHealthy=1 UavSwitchingXappAvailable=1 UavSwitchingXappState=ACTIVE AiPredictedBackhaulMode=RULE_BASED BackhaulMode=SATELLITE_FALLBACK RicControlState=NEAR_RT_RIC_SWITCHING_TO_SATELLITE_BACKHAUL ActiveUavRic=TN_NEAR_RT_RIC NormalUeHandoverAllowed=1 UavMode=NEAR_RT_RIC_EMERGENCY_SWITCHING_WITH_SATELLITE_BACKHAUL
UAV_AUTONOMY_XAPP Time=64.5 DeploymentMode=tn-uav-satellite UavIndex=2 UavCellId=7 BestDonorCellId=4 BestDonorDistanceM=2251.17 XhaulConnected=1 XhaulChannelVariationDb=0.313872 RawXhaulState=UNREACHABLE RawXhaulStateAgeSec=44 XhaulState=UNREACHABLE DonorUnavailableActive=0 SatBackhaulHealthy=1 UavSwitchingXappAvailable=1 UavSwitchingXappState=ACTIVE AiPredictedBackhaulMode=RULE_BASED BackhaulMode=SATELLITE_FALLBACK RicControlState=NEAR_RT_RIC_SWITCHING_TO_SATELLITE_BACKHAUL ActiveUavRic=TN_NEAR_RT_RIC NormalUeHandoverAllowed=1 UavMode=NEAR_RT_RIC_EMERGENCY_SWITCHING_WITH_SATELLITE_BACKHAUL
---- LOAD at t=64.5 ----
  cell 1 (TN) load=16/20
  cell 2 (TN) load=8/20
  cell 3 (TN) load=9/20
  cell 4 (TN) load=8/20
  cell 5 (NTN) load=8/15
  cell 6 (NTN) load=7/15
  cell 7 (NTN) load=4/15
LM HO UE=9 rnti=46 2->3 type=TN servingRsrp=-114.718 targetRsrp=-108.189 targetLoadReal=9/20 targetLoadEff=9/20
LM HO_FAIL_LOW_RSRP UE=14 currCell=5 candCell=7 candRsrp=-120.289 < min=-110
UE 15 TTT_WAIT target=3 elapsed=0s need=2s
UE 18 TTT_WAIT target=2 elapsed=0s need=2s
UE 19 TTT_WAIT target=5 elapsed=0s need=2s
LM HO UE=20 rnti=60 1->3 type=TN servingRsrp=-114.212 targetRsrp=-98.5773 targetLoadReal=9/20 targetLoadEff=10/20
LM HO UE=21 rnti=62 4->7 type=NTN servingRsrp=-110.113 targetRsrp=-99.8692 targetLoadReal=4/15 targetLoadEff=4/15
UE 23 TTT_WAIT target=1 elapsed=0s need=2s
LM HO UE=26 rnti=39 2->3 type=TN servingRsrp=-135.777 targetRsrp=-95.7758 targetLoadReal=9/20 targetLoadEff=11/20
LM HO_FAIL_LOW_RSRP UE=28 currCell=1 candCell=2 candRsrp=-118.012 < min=-110
UE 30 TTT_WAIT target=5 elapsed=0s need=2s
LM HO UE=34 rnti=72 6->4 type=TN servingRsrp=-122.907 targetRsrp=-82.113 targetLoadReal=8/20 targetLoadEff=8/20
LM HO UE=37 rnti=40 2->4 type=TN servingRsrp=-128.975 targetRsrp=-91.9119 targetLoadReal=8/20 targetLoadEff=9/20
UE 42 TTT_WAIT target=1 elapsed=0s need=2s
UE 43 TTT_WAIT target=1 elapsed=0s need=2s
UE 48 TTT_WAIT target=4 elapsed=0s need=2s
UE 54 TTT_WAIT target=4 elapsed=0s need=2s
UE 55 TTT_WAIT target=2 elapsed=0s need=2s
UE 57 TTT_WAIT target=5 elapsed=0s need=2s
LM HO_FAIL_LOW_RSRP UE=58 currCell=3 candCell=5 candRsrp=-121.675 < min=-110
UE 60 TTT_WAIT target=1 elapsed=0s need=2s
LM HO_FAIL_LOW_RSRP UE=64 currCell=4 candCell=3 candRsrp=-114.358 < min=-110
UE 69 TTT_WAIT target=4 elapsed=0s need=2s
UE 71 TTT_WAIT target=2 elapsed=0s need=2s
UE 73 TTT_WAIT target=2 elapsed=0s need=2s
UE 77 TTT_WAIT target=6 elapsed=0s need=2s
UE 79 TTT_WAIT target=4 elapsed=0s need=2s
UE 82 TTT_WAIT target=7 elapsed=0s need=2s
UE 88 TTT_WAIT target=4 elapsed=0s need=2s
LM HO_FAIL_LOW_RSRP UE=91 currCell=2 candCell=1 candRsrp=-128.488 < min=-110
UE 111 TTT_WAIT target=4 elapsed=0s need=2s
UE 116 TTT_WAIT target=1 elapsed=0s need=2s
UE 124 TTT_WAIT target=4 elapsed=0s need=2s
TRACE HO_SUCCESS Time=64.6151 IMSI=19 TargetCell=3 Type=TN TargetRSRP=-112.559 ServingRSRP=-117.532 BackhaulDlSnr=-999 BackhaulUlSnr=-999
TRACE HO_SUCCESS Time=64.6151 IMSI=25 TargetCell=3 Type=TN TargetRSRP=-90.2594 ServingRSRP=-105.774 BackhaulDlSnr=-999 BackhaulUlSnr=-999
TRACE HO_SUCCESS Time=64.6151 IMSI=8 TargetCell=3 Type=TN TargetRSRP=-117.197 ServingRSRP=-98.5772 BackhaulDlSnr=-999 BackhaulUlSnr=-999
TRACE HO_SUCCESS Time=64.6151 IMSI=36 TargetCell=4 Type=TN TargetRSRP=-119.775 ServingRSRP=-114.539 BackhaulDlSnr=-999 BackhaulUlSnr=-999
TRACE HO_SUCCESS Time=64.6151 IMSI=33 TargetCell=4 Type=TN TargetRSRP=-82.16 ServingRSRP=-123.791 BackhaulDlSnr=-999 BackhaulUlSnr=-999
TRACE HO_SUCCESS Time=64.6151 IMSI=20 TargetCell=7 Type=NTN TargetRSRP=-100.482 ServingRSRP=-110.04 BackhaulDlSnr=5.0032 BackhaulUlSnr=0.482597
UAV_AUTONOMY_XAPP Time=66.5 DeploymentMode=tn-uav-satellite UavIndex=0 UavCellId=5 BestDonorCellId=3 BestDonorDistanceM=3707.21 XhaulConnected=1 XhaulChannelVariationDb=-1.36339 RawXhaulState=UNREACHABLE RawXhaulStateAgeSec=62 XhaulState=UNREACHABLE DonorUnavailableActive=0 SatBackhaulHealthy=1 UavSwitchingXappAvailable=1 UavSwitchingXappState=ACTIVE AiPredictedBackhaulMode=RULE_BASED BackhaulMode=SATELLITE_FALLBACK RicControlState=NEAR_RT_RIC_SWITCHING_TO_SATELLITE_BACKHAUL ActiveUavRic=TN_NEAR_RT_RIC NormalUeHandoverAllowed=1 UavMode=NEAR_RT_RIC_EMERGENCY_SWITCHING_WITH_SATELLITE_BACKHAUL
UAV_AUTONOMY_XAPP Time=66.5 DeploymentMode=tn-uav-satellite UavIndex=1 UavCellId=6 BestDonorCellId=4 BestDonorDistanceM=2439.47 XhaulConnected=1 XhaulChannelVariationDb=0.368929 RawXhaulState=UNREACHABLE RawXhaulStateAgeSec=40 XhaulState=UNREACHABLE DonorUnavailableActive=0 SatBackhaulHealthy=1 UavSwitchingXappAvailable=1 UavSwitchingXappState=ACTIVE AiPredictedBackhaulMode=RULE_BASED BackhaulMode=SATELLITE_FALLBACK RicControlState=NEAR_RT_RIC_SWITCHING_TO_SATELLITE_BACKHAUL ActiveUavRic=TN_NEAR_RT_RIC NormalUeHandoverAllowed=1 UavMode=NEAR_RT_RIC_EMERGENCY_SWITCHING_WITH_SATELLITE_BACKHAUL
UAV_AUTONOMY_XAPP Time=66.5 DeploymentMode=tn-uav-satellite UavIndex=2 UavCellId=7 BestDonorCellId=4 BestDonorDistanceM=2291.63 XhaulConnected=1 XhaulChannelVariationDb=1.69334 RawXhaulState=UNREACHABLE RawXhaulStateAgeSec=46 XhaulState=UNREACHABLE DonorUnavailableActive=0 SatBackhaulHealthy=1 UavSwitchingXappAvailable=1 UavSwitchingXappState=ACTIVE AiPredictedBackhaulMode=RULE_BASED BackhaulMode=SATELLITE_FALLBACK RicControlState=NEAR_RT_RIC_SWITCHING_TO_SATELLITE_BACKHAUL ActiveUavRic=TN_NEAR_RT_RIC NormalUeHandoverAllowed=1 UavMode=NEAR_RT_RIC_EMERGENCY_SWITCHING_WITH_SATELLITE_BACKHAUL
---- LOAD at t=66.5 ----
  cell 1 (TN) load=15/20
  cell 2 (TN) load=5/20
  cell 3 (TN) load=12/20
  cell 4 (TN) load=9/20
  cell 5 (NTN) load=8/15
  cell 6 (NTN) load=6/15
  cell 7 (NTN) load=5/15
UE 9 TTT_WAIT target=2 elapsed=0s need=2s
LM HO_FAIL_LOW_RSRP UE=14 currCell=5 candCell=6 candRsrp=-115.389 < min=-110
LM HO UE=18 rnti=55 1->2 type=TN servingRsrp=-109.78 targetRsrp=-93.1389 targetLoadReal=5/20 targetLoadEff=5/20
LM HO_FAIL_LOW_RSRP UE=20 currCell=3 candCell=1 candRsrp=-110.264 < min=-110
UE 21 TTT_WAIT target=4 elapsed=0s need=2s
UE 23 TTT_WAIT target=2 elapsed=0s need=2s
UE 24 TTT_WAIT target=5 elapsed=0s need=2s
UE 26 TTT_WAIT target=2 elapsed=0s need=2s
LM HO_FAIL_LOW_RSRP UE=30 currCell=1 candCell=7 candRsrp=-132.428 < min=-110
UE 34 TTT_WAIT target=6 elapsed=0s need=2s
UE 37 TTT_WAIT target=3 elapsed=0s need=2s
UE 41 TTT_WAIT target=7 elapsed=0s need=2s
UE 46 TTT_WAIT target=2 elapsed=0s need=2s
UE 48 TTT_WAIT target=2 elapsed=0s need=2s
UE 56 TTT_WAIT target=2 elapsed=0s need=2s
LM HO_FAIL_LOW_RSRP UE=57 currCell=3 candCell=1 candRsrp=-127.962 < min=-110
LM HO_FAIL_LOW_RSRP UE=58 currCell=3 candCell=5 candRsrp=-124.675 < min=-110
LM HO_FAIL_LOW_RSRP UE=60 currCell=6 candCell=5 candRsrp=-128.251 < min=-110
UE 66 TTT_WAIT target=3 elapsed=0s need=2s
UE 70 TTT_WAIT target=4 elapsed=0s need=2s
LM HO UE=71 rnti=32 7->2 type=TN servingRsrp=-130.987 targetRsrp=-77.9062 targetLoadReal=5/20 targetLoadEff=6/20
LM HO_FAIL_LOW_RSRP UE=77 currCell=4 candCell=6 candRsrp=-127.111 < min=-110
UE 84 TTT_WAIT target=3 elapsed=0s need=2s
UE 85 TTT_WAIT target=3 elapsed=0s need=2s
LM HO_FAIL_LOW_RSRP UE=88 currCell=5 candCell=7 candRsrp=-123.469 < min=-110
UE 91 TTT_WAIT target=1 elapsed=0s need=2s
UE 111 TTT_WAIT target=1 elapsed=0s need=2s
UE 124 TTT_WAIT target=3 elapsed=0s need=2s
TRACE HO_SUCCESS Time=66.6151 IMSI=17 TargetCell=2 Type=TN TargetRSRP=-109.949 ServingRSRP=-70.2883 BackhaulDlSnr=-999 BackhaulUlSnr=-999
TRACE HO_SUCCESS Time=66.6151 IMSI=70 TargetCell=2 Type=TN TargetRSRP=-115.494 ServingRSRP=-110.755 BackhaulDlSnr=-999 BackhaulUlSnr=-999
UAV_AUTONOMY_XAPP Time=68.5 DeploymentMode=tn-uav-satellite UavIndex=0 UavCellId=5 BestDonorCellId=1 BestDonorDistanceM=3670.65 XhaulConnected=1 XhaulChannelVariationDb=1.65914 RawXhaulState=UNREACHABLE RawXhaulStateAgeSec=64 XhaulState=UNREACHABLE DonorUnavailableActive=0 SatBackhaulHealthy=1 UavSwitchingXappAvailable=1 UavSwitchingXappState=ACTIVE AiPredictedBackhaulMode=RULE_BASED BackhaulMode=SATELLITE_FALLBACK RicControlState=NEAR_RT_RIC_SWITCHING_TO_SATELLITE_BACKHAUL ActiveUavRic=TN_NEAR_RT_RIC NormalUeHandoverAllowed=1 UavMode=NEAR_RT_RIC_EMERGENCY_SWITCHING_WITH_SATELLITE_BACKHAUL
UAV_AUTONOMY_XAPP Time=68.5 DeploymentMode=tn-uav-satellite UavIndex=1 UavCellId=6 BestDonorCellId=4 BestDonorDistanceM=2507.2 XhaulConnected=1 XhaulChannelVariationDb=-2.31126 RawXhaulState=UNREACHABLE RawXhaulStateAgeSec=42 XhaulState=UNREACHABLE DonorUnavailableActive=0 SatBackhaulHealthy=1 UavSwitchingXappAvailable=1 UavSwitchingXappState=ACTIVE AiPredictedBackhaulMode=RULE_BASED BackhaulMode=SATELLITE_FALLBACK RicControlState=NEAR_RT_RIC_SWITCHING_TO_SATELLITE_BACKHAUL ActiveUavRic=TN_NEAR_RT_RIC NormalUeHandoverAllowed=1 UavMode=NEAR_RT_RIC_EMERGENCY_SWITCHING_WITH_SATELLITE_BACKHAUL
UAV_AUTONOMY_XAPP Time=68.5 DeploymentMode=tn-uav-satellite UavIndex=2 UavCellId=7 BestDonorCellId=4 BestDonorDistanceM=2333.46 XhaulConnected=1 XhaulChannelVariationDb=-2.13283 RawXhaulState=UNREACHABLE RawXhaulStateAgeSec=48 XhaulState=UNREACHABLE DonorUnavailableActive=0 SatBackhaulHealthy=1 UavSwitchingXappAvailable=1 UavSwitchingXappState=ACTIVE AiPredictedBackhaulMode=RULE_BASED BackhaulMode=SATELLITE_FALLBACK RicControlState=NEAR_RT_RIC_SWITCHING_TO_SATELLITE_BACKHAUL ActiveUavRic=TN_NEAR_RT_RIC NormalUeHandoverAllowed=1 UavMode=NEAR_RT_RIC_EMERGENCY_SWITCHING_WITH_SATELLITE_BACKHAUL
---- LOAD at t=68.5 ----
  cell 1 (TN) load=14/20
  cell 2 (TN) load=7/20
  cell 3 (TN) load=12/20
  cell 4 (TN) load=9/20
  cell 5 (NTN) load=8/15
  cell 6 (NTN) load=6/15
  cell 7 (NTN) load=4/15
LM HO_FAIL_LOW_RSRP UE=9 currCell=3 candCell=4 candRsrp=-112.021 < min=-110
UE 13 TTT_WAIT target=3 elapsed=0s need=2s
UE 14 TTT_WAIT target=1 elapsed=0s need=2s
UE 15 TTT_WAIT target=3 elapsed=0s need=2s
UE 18 TTT_WAIT target=3 elapsed=0s need=2s
LM HO_FAIL_LOW_RSRP UE=19 currCell=3 candCell=6 candRsrp=-116.385 < min=-110
UE 23 TTT_WAIT target=1 elapsed=0s need=2s
UE 26 TTT_WAIT target=4 elapsed=0s need=2s
UE 29 TTT_WAIT target=3 elapsed=0s need=2s
UE 30 TTT_WAIT target=2 elapsed=0s need=2s
LM HO_FAIL_LOW_RSRP UE=33 currCell=3 candCell=2 candRsrp=-112.215 < min=-110
UE 34 TTT_WAIT target=1 elapsed=0s need=2s
UE 35 TTT_WAIT target=1 elapsed=0s need=2s
LM HO_FAIL_LOW_RSRP UE=37 currCell=4 candCell=1 candRsrp=-110.775 < min=-110
LM HO_FAIL_LOW_RSRP UE=41 currCell=2 candCell=7 candRsrp=-120.246 < min=-110
UE 43 TTT_WAIT target=1 elapsed=0s need=2s
UE 46 TTT_WAIT target=4 elapsed=0s need=2s
UE 47 TTT_WAIT target=2 elapsed=0s need=2s
UE 49 TTT_WAIT target=1 elapsed=0s need=2s
UE 55 TTT_WAIT target=2 elapsed=0s need=2s
LM HO_FAIL_LOW_RSRP UE=58 currCell=3 candCell=1 candRsrp=-113.548 < min=-110
UE 60 TTT_WAIT target=3 elapsed=0s need=2s
LM HO_FAIL_LOW_RSRP UE=64 currCell=4 candCell=6 candRsrp=-126.825 < min=-110
UE 66 TTT_WAIT target=1 elapsed=0s need=2s
UE 67 TTT_WAIT target=3 elapsed=0s need=2s
UE 69 TTT_WAIT target=2 elapsed=0s need=2s
LM HO_FAIL_LOW_RSRP UE=70 currCell=1 candCell=3 candRsrp=-111.291 < min=-110
UE 73 TTT_WAIT target=2 elapsed=0s need=2s
LM HO_FAIL_LOW_RSRP UE=77 currCell=4 candCell=6 candRsrp=-120.998 < min=-110
LM HO UE=85 rnti=64 4->3 type=TN servingRsrp=-113.99 targetRsrp=-100.3 targetLoadReal=12/20 targetLoadEff=12/20
UE 89 TTT_WAIT target=1 elapsed=0s need=2s
LM HO_FAIL_LOW_RSRP UE=102 currCell=7 candCell=6 candRsrp=-126.923 < min=-110
LM HO_FAIL_LOW_RSRP UE=111 currCell=3 candCell=4 candRsrp=-133.948 < min=-110
LM HO_FAIL_LOW_RSRP UE=116 currCell=6 candCell=7 candRsrp=-117.419 < min=-110
UE 124 TTT_WAIT target=7 elapsed=0s need=2s
TRACE HO_SUCCESS Time=68.6151 IMSI=84 TargetCell=3 Type=TN TargetRSRP=-138.301 ServingRSRP=-89.9932 BackhaulDlSnr=-999 BackhaulUlSnr=-999
UAV_AUTONOMY_XAPP Time=70.5 DeploymentMode=tn-uav-satellite UavIndex=0 UavCellId=5 BestDonorCellId=1 BestDonorDistanceM=3740.49 XhaulConnected=1 XhaulChannelVariationDb=-2.88542 RawXhaulState=UNREACHABLE RawXhaulStateAgeSec=66 XhaulState=UNREACHABLE DonorUnavailableActive=0 SatBackhaulHealthy=1 UavSwitchingXappAvailable=1 UavSwitchingXappState=ACTIVE AiPredictedBackhaulMode=RULE_BASED BackhaulMode=SATELLITE_FALLBACK RicControlState=NEAR_RT_RIC_SWITCHING_TO_SATELLITE_BACKHAUL ActiveUavRic=TN_NEAR_RT_RIC NormalUeHandoverAllowed=1 UavMode=NEAR_RT_RIC_EMERGENCY_SWITCHING_WITH_SATELLITE_BACKHAUL
UAV_AUTONOMY_XAPP Time=70.5 DeploymentMode=tn-uav-satellite UavIndex=1 UavCellId=6 BestDonorCellId=4 BestDonorDistanceM=2575.33 XhaulConnected=1 XhaulChannelVariationDb=-2.30576 RawXhaulState=UNREACHABLE RawXhaulStateAgeSec=44 XhaulState=UNREACHABLE DonorUnavailableActive=0 SatBackhaulHealthy=1 UavSwitchingXappAvailable=1 UavSwitchingXappState=ACTIVE AiPredictedBackhaulMode=RULE_BASED BackhaulMode=SATELLITE_FALLBACK RicControlState=NEAR_RT_RIC_SWITCHING_TO_SATELLITE_BACKHAUL ActiveUavRic=TN_NEAR_RT_RIC NormalUeHandoverAllowed=1 UavMode=NEAR_RT_RIC_EMERGENCY_SWITCHING_WITH_SATELLITE_BACKHAUL
UAV_AUTONOMY_XAPP Time=70.5 DeploymentMode=tn-uav-satellite UavIndex=2 UavCellId=7 BestDonorCellId=4 BestDonorDistanceM=2376.6 XhaulConnected=1 XhaulChannelVariationDb=-3.44298 RawXhaulState=UNREACHABLE RawXhaulStateAgeSec=50 XhaulState=UNREACHABLE DonorUnavailableActive=0 SatBackhaulHealthy=1 UavSwitchingXappAvailable=1 UavSwitchingXappState=ACTIVE AiPredictedBackhaulMode=RULE_BASED BackhaulMode=SATELLITE_FALLBACK RicControlState=NEAR_RT_RIC_SWITCHING_TO_SATELLITE_BACKHAUL ActiveUavRic=TN_NEAR_RT_RIC NormalUeHandoverAllowed=1 UavMode=NEAR_RT_RIC_EMERGENCY_SWITCHING_WITH_SATELLITE_BACKHAUL
---- LOAD at t=70.5 ----
  cell 1 (TN) load=14/20
  cell 2 (TN) load=7/20
  cell 3 (TN) load=13/20
  cell 4 (TN) load=8/20
  cell 5 (NTN) load=8/15
  cell 6 (NTN) load=6/15
  cell 7 (NTN) load=4/15
UE 9 TTT_WAIT target=2 elapsed=0s need=2s
UE 14 TTT_WAIT target=6 elapsed=0s need=2s
LM HO UE=15 rnti=61 1->3 type=TN servingRsrp=-119.743 targetRsrp=-105.496 targetLoadReal=13/20 targetLoadEff=13/20
UE 19 TTT_WAIT target=5 elapsed=0s need=2s
UE 20 TTT_WAIT target=1 elapsed=0s need=2s
UE 21 TTT_WAIT target=4 elapsed=0s need=2s
UE 28 TTT_WAIT target=2 elapsed=0s need=2s
LM HO_FAIL_LOW_RSRP UE=34 currCell=4 candCell=6 candRsrp=-122.042 < min=-110
UE 35 TTT_WAIT target=2 elapsed=0s need=2s
LM HO_FAIL_LOW_RSRP UE=37 currCell=4 candCell=7 candRsrp=-134.659 < min=-110
UE 41 TTT_WAIT target=4 elapsed=0s need=2s
LM HO_FAIL_LOW_RSRP UE=42 currCell=2 candCell=3 candRsrp=-114.365 < min=-110
LM HO UE=46 rnti=52 1->4 type=TN servingRsrp=-115.012 targetRsrp=-105.018 targetLoadReal=8/20 targetLoadEff=8/20
UE 47 TTT_WAIT target=3 elapsed=0s need=2s
UE 48 TTT_WAIT target=6 elapsed=0s need=2s
LM HO_FAIL_LOW_RSRP UE=54 currCell=1 candCell=4 candRsrp=-110.531 < min=-110
LM HO_FAIL_LOW_RSRP UE=57 currCell=3 candCell=1 candRsrp=-117.909 < min=-110
LM HO_FAIL_LOW_RSRP UE=58 currCell=3 candCell=5 candRsrp=-119.878 < min=-110
UE 60 TTT_WAIT target=5 elapsed=0s need=2s
UE 66 TTT_WAIT target=3 elapsed=0s need=2s
LM HO UE=67 rnti=106 5->3 type=TN servingRsrp=-126.329 targetRsrp=-103.55 targetLoadReal=13/20 targetLoadEff=14/20
UE 70 TTT_WAIT target=4 elapsed=0s need=2s
LM HO_FAIL_LOW_RSRP UE=71 currCell=2 candCell=5 candRsrp=-116.497 < min=-110
UE 78 TTT_WAIT target=2 elapsed=0s need=2s
UE 84 TTT_WAIT target=3 elapsed=0s need=2s
LM HO_FAIL_LOW_RSRP UE=85 currCell=3 candCell=6 candRsrp=-122.394 < min=-110
LM HO_FAIL_LOW_RSRP UE=88 currCell=5 candCell=7 candRsrp=-113.289 < min=-110
UE 91 TTT_WAIT target=4 elapsed=0s need=2s
LM HO_FAIL_LOW_RSRP UE=111 currCell=3 candCell=7 candRsrp=-122.903 < min=-110
UE 116 TTT_WAIT target=2 elapsed=0s need=2s
TRACE HO_SUCCESS Time=70.6151 IMSI=14 TargetCell=3 Type=TN TargetRSRP=-108.034 ServingRSRP=-112.408 BackhaulDlSnr=-999 BackhaulUlSnr=-999
TRACE HO_SUCCESS Time=70.6151 IMSI=66 TargetCell=3 Type=TN TargetRSRP=-108.684 ServingRSRP=-111.591 BackhaulDlSnr=-999 BackhaulUlSnr=-999
TRACE HO_SUCCESS Time=70.6151 IMSI=45 TargetCell=4 Type=TN TargetRSRP=-118.702 ServingRSRP=-97.8399 BackhaulDlSnr=-999 BackhaulUlSnr=-999
UAV_AUTONOMY_XAPP Time=72.5 DeploymentMode=tn-uav-satellite UavIndex=0 UavCellId=5 BestDonorCellId=1 BestDonorDistanceM=3810.34 XhaulConnected=1 XhaulChannelVariationDb=1.35516 RawXhaulState=UNREACHABLE RawXhaulStateAgeSec=68 XhaulState=UNREACHABLE DonorUnavailableActive=0 SatBackhaulHealthy=1 UavSwitchingXappAvailable=1 UavSwitchingXappState=ACTIVE AiPredictedBackhaulMode=RULE_BASED BackhaulMode=SATELLITE_FALLBACK RicControlState=NEAR_RT_RIC_SWITCHING_TO_SATELLITE_BACKHAUL ActiveUavRic=TN_NEAR_RT_RIC NormalUeHandoverAllowed=1 UavMode=NEAR_RT_RIC_EMERGENCY_SWITCHING_WITH_SATELLITE_BACKHAUL
UAV_AUTONOMY_XAPP Time=72.5 DeploymentMode=tn-uav-satellite UavIndex=1 UavCellId=6 BestDonorCellId=4 BestDonorDistanceM=2643.31 XhaulConnected=1 XhaulChannelVariationDb=-1.54976 RawXhaulState=UNREACHABLE RawXhaulStateAgeSec=46 XhaulState=UNREACHABLE DonorUnavailableActive=0 SatBackhaulHealthy=1 UavSwitchingXappAvailable=1 UavSwitchingXappState=ACTIVE AiPredictedBackhaulMode=RULE_BASED BackhaulMode=SATELLITE_FALLBACK RicControlState=NEAR_RT_RIC_SWITCHING_TO_SATELLITE_BACKHAUL ActiveUavRic=TN_NEAR_RT_RIC NormalUeHandoverAllowed=1 UavMode=NEAR_RT_RIC_EMERGENCY_SWITCHING_WITH_SATELLITE_BACKHAUL
UAV_AUTONOMY_XAPP Time=72.5 DeploymentMode=tn-uav-satellite UavIndex=2 UavCellId=7 BestDonorCellId=2 BestDonorDistanceM=3075.44 XhaulConnected=1 XhaulChannelVariationDb=3.75949 RawXhaulState=UNREACHABLE RawXhaulStateAgeSec=52 XhaulState=UNREACHABLE DonorUnavailableActive=0 SatBackhaulHealthy=1 UavSwitchingXappAvailable=1 UavSwitchingXappState=ACTIVE AiPredictedBackhaulMode=RULE_BASED BackhaulMode=SATELLITE_FALLBACK RicControlState=NEAR_RT_RIC_SWITCHING_TO_SATELLITE_BACKHAUL ActiveUavRic=TN_NEAR_RT_RIC NormalUeHandoverAllowed=1 UavMode=NEAR_RT_RIC_EMERGENCY_SWITCHING_WITH_SATELLITE_BACKHAUL
---- LOAD at t=72.5 ----
  cell 1 (TN) load=12/20
  cell 2 (TN) load=7/20
  cell 3 (TN) load=15/20
  cell 4 (TN) load=9/20
  cell 5 (NTN) load=7/15
  cell 6 (NTN) load=6/15
  cell 7 (NTN) load=4/15
LM HO UE=9 rnti=94 3->2 type=TN servingRsrp=-102.323 targetRsrp=-99.3518 targetLoadReal=7/20 targetLoadEff=7/20
UE 16 TTT_WAIT target=7 elapsed=0s need=2s
UE 18 TTT_WAIT target=1 elapsed=0s need=2s
LM HO UE=20 rnti=95 3->1 type=TN servingRsrp=-111.635 targetRsrp=-108.91 targetLoadReal=12/20 targetLoadEff=12/20
LM HO UE=21 rnti=59 7->4 type=TN servingRsrp=-134.986 targetRsrp=-105.647 targetLoadReal=9/20 targetLoadEff=9/20
LM HO_FAIL_LOW_RSRP UE=26 currCell=3 candCell=1 candRsrp=-118.43 < min=-110
UE 28 TTT_WAIT target=5 elapsed=0s need=2s
UE 29 TTT_WAIT target=2 elapsed=0s need=2s
UE 30 TTT_WAIT target=2 elapsed=0s need=2s
UE 33 TTT_WAIT target=4 elapsed=0s need=2s
LM HO UE=35 rnti=8 5->2 type=TN servingRsrp=-128.343 targetRsrp=-98.7447 targetLoadReal=7/20 targetLoadEff=8/20
UE 37 TTT_WAIT target=1 elapsed=0s need=2s
LM HO_FAIL_LOW_RSRP UE=42 currCell=2 candCell=5 candRsrp=-124.591 < min=-110
UE 46 TTT_WAIT target=6 elapsed=0s need=2s
UE 48 TTT_WAIT target=2 elapsed=0s need=2s
LM HO_FAIL_LOW_RSRP UE=54 currCell=1 candCell=7 candRsrp=-115.355 < min=-110
LM HO_FAIL_LOW_RSRP UE=57 currCell=3 candCell=1 candRsrp=-123.683 < min=-110
UE 58 TTT_WAIT target=1 elapsed=0s need=2s
UE 60 TTT_WAIT target=3 elapsed=0s need=2s
LM HO_FAIL_LOW_RSRP UE=64 currCell=4 candCell=6 candRsrp=-121.758 < min=-110
UE 66 TTT_WAIT target=2 elapsed=0s need=2s
UE 69 TTT_WAIT target=6 elapsed=0s need=2s
LM HO UE=70 rnti=56 1->4 type=TN servingRsrp=-93.1017 targetRsrp=-77.2435 targetLoadReal=9/20 targetLoadEff=10/20
LM HO_FAIL_LOW_RSRP UE=71 currCell=2 candCell=7 candRsrp=-130.701 < min=-110
UE 77 TTT_WAIT target=6 elapsed=0s need=2s
UE 79 TTT_WAIT target=4 elapsed=0s need=2s
UE 82 TTT_WAIT target=2 elapsed=0s need=2s
UE 85 TTT_WAIT target=4 elapsed=0s need=2s
UE 91 TTT_WAIT target=5 elapsed=0s need=2s
UE 107 TTT_WAIT target=4 elapsed=0s need=2s
UE 111 TTT_WAIT target=4 elapsed=0s need=2s
TRACE HO_SUCCESS Time=72.6151 IMSI=19 TargetCell=1 Type=TN TargetRSRP=-114.487 ServingRSRP=-104.911 BackhaulDlSnr=-999 BackhaulUlSnr=-999
TRACE HO_SUCCESS Time=72.6151 IMSI=8 TargetCell=2 Type=TN TargetRSRP=-119.812 ServingRSRP=-90.1307 BackhaulDlSnr=-999 BackhaulUlSnr=-999
TRACE HO_SUCCESS Time=72.6151 IMSI=34 TargetCell=2 Type=TN TargetRSRP=-136.152 ServingRSRP=-112.561 BackhaulDlSnr=-999 BackhaulUlSnr=-999
TRACE HO_SUCCESS Time=72.6151 IMSI=69 TargetCell=4 Type=TN TargetRSRP=-72.5084 ServingRSRP=-121.298 BackhaulDlSnr=-999 BackhaulUlSnr=-999
TRACE HO_SUCCESS Time=72.6151 IMSI=20 TargetCell=4 Type=TN TargetRSRP=-72.9619 ServingRSRP=-97.8173 BackhaulDlSnr=-999 BackhaulUlSnr=-999
UAV_AUTONOMY_XAPP Time=74.5 DeploymentMode=tn-uav-satellite UavIndex=0 UavCellId=5 BestDonorCellId=3 BestDonorDistanceM=3983.41 XhaulConnected=1 XhaulChannelVariationDb=0.064473 RawXhaulState=UNREACHABLE RawXhaulStateAgeSec=70 XhaulState=UNREACHABLE DonorUnavailableActive=0 SatBackhaulHealthy=1 UavSwitchingXappAvailable=1 UavSwitchingXappState=ACTIVE AiPredictedBackhaulMode=RULE_BASED BackhaulMode=SATELLITE_FALLBACK RicControlState=NEAR_RT_RIC_SWITCHING_TO_SATELLITE_BACKHAUL ActiveUavRic=TN_NEAR_RT_RIC NormalUeHandoverAllowed=1 UavMode=NEAR_RT_RIC_EMERGENCY_SWITCHING_WITH_SATELLITE_BACKHAUL
UAV_AUTONOMY_XAPP Time=74.5 DeploymentMode=tn-uav-satellite UavIndex=1 UavCellId=6 BestDonorCellId=4 BestDonorDistanceM=2711.24 XhaulConnected=1 XhaulChannelVariationDb=-3.30301 RawXhaulState=UNREACHABLE RawXhaulStateAgeSec=48 XhaulState=UNREACHABLE DonorUnavailableActive=0 SatBackhaulHealthy=1 UavSwitchingXappAvailable=1 UavSwitchingXappState=ACTIVE AiPredictedBackhaulMode=RULE_BASED BackhaulMode=SATELLITE_FALLBACK RicControlState=NEAR_RT_RIC_SWITCHING_TO_SATELLITE_BACKHAUL ActiveUavRic=TN_NEAR_RT_RIC NormalUeHandoverAllowed=1 UavMode=NEAR_RT_RIC_EMERGENCY_SWITCHING_WITH_SATELLITE_BACKHAUL
UAV_AUTONOMY_XAPP Time=74.5 DeploymentMode=tn-uav-satellite UavIndex=2 UavCellId=7 BestDonorCellId=4 BestDonorDistanceM=2466.76 XhaulConnected=1 XhaulChannelVariationDb=3.35557 RawXhaulState=UNREACHABLE RawXhaulStateAgeSec=54 XhaulState=UNREACHABLE DonorUnavailableActive=0 SatBackhaulHealthy=1 UavSwitchingXappAvailable=1 UavSwitchingXappState=ACTIVE AiPredictedBackhaulMode=RULE_BASED BackhaulMode=SATELLITE_FALLBACK RicControlState=NEAR_RT_RIC_SWITCHING_TO_SATELLITE_BACKHAUL ActiveUavRic=TN_NEAR_RT_RIC NormalUeHandoverAllowed=1 UavMode=NEAR_RT_RIC_EMERGENCY_SWITCHING_WITH_SATELLITE_BACKHAUL
---- LOAD at t=74.5 ----
  cell 1 (TN) load=12/20
  cell 2 (TN) load=9/20
  cell 3 (TN) load=13/20
  cell 4 (TN) load=11/20
  cell 5 (NTN) load=6/15
  cell 6 (NTN) load=6/15
  cell 7 (NTN) load=3/15
UE 9 TTT_WAIT target=4 elapsed=0s need=2s
UE 14 TTT_WAIT target=3 elapsed=0s need=2s
UE 18 TTT_WAIT target=3 elapsed=0s need=2s
LM HO_FAIL_LOW_RSRP UE=19 currCell=3 candCell=1 candRsrp=-117.224 < min=-110
UE 23 TTT_WAIT target=1 elapsed=0s need=2s
UE 24 TTT_WAIT target=3 elapsed=0s need=2s
UE 26 TTT_WAIT target=5 elapsed=0s need=2s
LM HO_FAIL_LOW_RSRP UE=28 currCell=1 candCell=7 candRsrp=-129.108 < min=-110
LM HO_FAIL_LOW_RSRP UE=29 currCell=1 candCell=5 candRsrp=-132.046 < min=-110
LM HO_FAIL_LOW_RSRP UE=30 currCell=1 candCell=7 candRsrp=-126.055 < min=-110
UE 33 TTT_WAIT target=2 elapsed=0s need=2s
LM HO_FAIL_LOW_RSRP UE=35 currCell=2 candCell=3 candRsrp=-120.597 < min=-110
LM HO UE=37 rnti=66 4->1 type=TN servingRsrp=-103.751 targetRsrp=-100.736 targetLoadReal=12/20 targetLoadEff=12/20
UE 41 TTT_WAIT target=4 elapsed=0s need=2s
UE 42 TTT_WAIT target=4 elapsed=0s need=2s
UE 45 TTT_WAIT target=2 elapsed=0s need=2s
LM HO_FAIL_LOW_RSRP UE=46 currCell=4 candCell=6 candRsrp=-129.528 < min=-110
UE 48 TTT_WAIT target=6 elapsed=0s need=2s
UE 49 TTT_WAIT target=2 elapsed=0s need=2s
UE 54 TTT_WAIT target=2 elapsed=0s need=2s
UE 55 TTT_WAIT target=2 elapsed=0s need=2s
UE 56 TTT_WAIT target=3 elapsed=0s need=2s
LM HO_FAIL_LOW_RSRP UE=57 currCell=3 candCell=7 candRsrp=-129.787 < min=-110
LM HO_FAIL_LOW_RSRP UE=58 currCell=3 candCell=5 candRsrp=-130.072 < min=-110
LM HO_FAIL_LOW_RSRP UE=64 currCell=4 candCell=5 candRsrp=-111.31 < min=-110
UE 66 TTT_WAIT target=1 elapsed=0s need=2s
LM HO_FAIL_LOW_RSRP UE=67 currCell=3 candCell=5 candRsrp=-123.436 < min=-110
UE 69 TTT_WAIT target=4 elapsed=0s need=2s
UE 70 TTT_WAIT target=3 elapsed=0s need=2s
LM HO_FAIL_LOW_RSRP UE=71 currCell=2 candCell=7 candRsrp=-127.619 < min=-110
UE 79 TTT_WAIT target=1 elapsed=0s need=2s
UE 80 TTT_WAIT target=1 elapsed=0s need=2s
LM HO UE=82 rnti=24 6->2 type=TN servingRsrp=-100.831 targetRsrp=-94.6332 targetLoadReal=9/20 targetLoadEff=9/20
UE 84 TTT_WAIT target=3 elapsed=0s need=2s
LM HO UE=85 rnti=97 3->4 type=TN servingRsrp=-137.553 targetRsrp=-81.8171 targetLoadReal=11/20 targetLoadEff=11/20
UE 89 TTT_WAIT target=1 elapsed=0s need=2s
UE 91 TTT_WAIT target=3 elapsed=0s need=2s
UE 107 TTT_WAIT target=2 elapsed=0s need=2s
UE 109 TTT_WAIT target=2 elapsed=0s need=2s
UE 111 TTT_WAIT target=5 elapsed=0s need=2s
UE 116 TTT_WAIT target=3 elapsed=0s need=2s
TRACE HO_SUCCESS Time=74.6151 IMSI=36 TargetCell=1 Type=TN TargetRSRP=-130.974 ServingRSRP=-95.6379 BackhaulDlSnr=-999 BackhaulUlSnr=-999
TRACE HO_SUCCESS Time=74.6151 IMSI=81 TargetCell=2 Type=TN TargetRSRP=-138.437 ServingRSRP=-90.2526 BackhaulDlSnr=-999 BackhaulUlSnr=-999
TRACE HO_SUCCESS Time=74.6151 IMSI=84 TargetCell=4 Type=TN TargetRSRP=-81.5963 ServingRSRP=-102.941 BackhaulDlSnr=-999 BackhaulUlSnr=-999
UAV_AUTONOMY_XAPP Time=76.5 DeploymentMode=tn-uav-satellite UavIndex=0 UavCellId=5 BestDonorCellId=1 BestDonorDistanceM=3950.05 XhaulConnected=1 XhaulChannelVariationDb=-2.48682 RawXhaulState=UNREACHABLE RawXhaulStateAgeSec=72 XhaulState=UNREACHABLE DonorUnavailableActive=0 SatBackhaulHealthy=1 UavSwitchingXappAvailable=1 UavSwitchingXappState=ACTIVE AiPredictedBackhaulMode=RULE_BASED BackhaulMode=SATELLITE_FALLBACK RicControlState=NEAR_RT_RIC_SWITCHING_TO_SATELLITE_BACKHAUL ActiveUavRic=TN_NEAR_RT_RIC NormalUeHandoverAllowed=1 UavMode=NEAR_RT_RIC_EMERGENCY_SWITCHING_WITH_SATELLITE_BACKHAUL
UAV_AUTONOMY_XAPP Time=76.5 DeploymentMode=tn-uav-satellite UavIndex=1 UavCellId=6 BestDonorCellId=4 BestDonorDistanceM=2779.31 XhaulConnected=1 XhaulChannelVariationDb=-0.73322 RawXhaulState=UNREACHABLE RawXhaulStateAgeSec=50 XhaulState=UNREACHABLE DonorUnavailableActive=0 SatBackhaulHealthy=1 UavSwitchingXappAvailable=1 UavSwitchingXappState=ACTIVE AiPredictedBackhaulMode=RULE_BASED BackhaulMode=SATELLITE_FALLBACK RicControlState=NEAR_RT_RIC_SWITCHING_TO_SATELLITE_BACKHAUL ActiveUavRic=TN_NEAR_RT_RIC NormalUeHandoverAllowed=1 UavMode=NEAR_RT_RIC_EMERGENCY_SWITCHING_WITH_SATELLITE_BACKHAUL
UAV_AUTONOMY_XAPP Time=76.5 DeploymentMode=tn-uav-satellite UavIndex=2 UavCellId=7 BestDonorCellId=4 BestDonorDistanceM=2513.53 XhaulConnected=1 XhaulChannelVariationDb=-0.143345 RawXhaulState=UNREACHABLE RawXhaulStateAgeSec=56 XhaulState=UNREACHABLE DonorUnavailableActive=0 SatBackhaulHealthy=1 UavSwitchingXappAvailable=1 UavSwitchingXappState=ACTIVE AiPredictedBackhaulMode=RULE_BASED BackhaulMode=SATELLITE_FALLBACK RicControlState=NEAR_RT_RIC_SWITCHING_TO_SATELLITE_BACKHAUL ActiveUavRic=TN_NEAR_RT_RIC NormalUeHandoverAllowed=1 UavMode=NEAR_RT_RIC_EMERGENCY_SWITCHING_WITH_SATELLITE_BACKHAUL
---- LOAD at t=76.5 ----
  cell 1 (TN) load=13/20
  cell 2 (TN) load=10/20
  cell 3 (TN) load=12/20
  cell 4 (TN) load=11/20
  cell 5 (NTN) load=6/15
  cell 6 (NTN) load=5/15
  cell 7 (NTN) load=3/15
LM HO_FAIL_LOW_RSRP UE=9 currCell=2 candCell=1 candRsrp=-115.353 < min=-110
UE 13 TTT_WAIT target=1 elapsed=0s need=2s
LM HO_FAIL_LOW_RSRP UE=14 currCell=5 candCell=7 candRsrp=-123.462 < min=-110
LM HO_FAIL_LOW_RSRP UE=15 currCell=3 candCell=5 candRsrp=-121.228 < min=-110
UE 16 TTT_WAIT target=1 elapsed=0s need=2s
UE 18 TTT_WAIT target=1 elapsed=0s need=2s
UE 20 TTT_WAIT target=3 elapsed=0s need=2s
UE 21 TTT_WAIT target=2 elapsed=0s need=2s
UE 23 TTT_WAIT target=2 elapsed=0s need=2s
LM HO_FAIL_LOW_RSRP UE=26 currCell=3 candCell=1 candRsrp=-110.036 < min=-110
LM HO_FAIL_LOW_RSRP UE=28 currCell=1 candCell=7 candRsrp=-118.612 < min=-110
UE 30 TTT_WAIT target=3 elapsed=0s need=2s
LM HO UE=33 rnti=91 3->2 type=TN servingRsrp=-117.727 targetRsrp=-94.3746 targetLoadReal=10/20 targetLoadEff=10/20
LM HO_FAIL_LOW_RSRP UE=34 currCell=4 candCell=6 candRsrp=-113.342 < min=-110
LM HO_FAIL_LOW_RSRP UE=35 currCell=2 candCell=1 candRsrp=-113.251 < min=-110
LM HO_FAIL_LOW_RSRP UE=37 currCell=1 candCell=3 candRsrp=-114.069 < min=-110
UE 41 TTT_WAIT target=7 elapsed=0s need=2s
LM HO_FAIL_LOW_RSRP UE=42 currCell=2 candCell=4 candRsrp=-115.404 < min=-110
UE 43 TTT_WAIT target=5 elapsed=0s need=2s
LM HO_FAIL_LOW_RSRP UE=46 currCell=4 candCell=5 candRsrp=-127.389 < min=-110
LM HO_FAIL_LOW_RSRP UE=48 currCell=7 candCell=6 candRsrp=-116.512 < min=-110
UE 49 TTT_WAIT target=1 elapsed=0s need=2s
UE 54 TTT_WAIT target=4 elapsed=0s need=2s
UE 55 TTT_WAIT target=4 elapsed=0s need=2s
LM HO_FAIL_LOW_RSRP UE=64 currCell=4 candCell=1 candRsrp=-117.217 < min=-110
UE 66 TTT_WAIT target=3 elapsed=0s need=2s
LM HO_FAIL_LOW_RSRP UE=67 currCell=3 candCell=5 candRsrp=-110.283 < min=-110
LM HO UE=69 rnti=50 7->4 type=TN servingRsrp=-126.102 targetRsrp=-90.7799 targetLoadReal=11/20 targetLoadEff=11/20
LM HO_FAIL_LOW_RSRP UE=70 currCell=4 candCell=7 candRsrp=-120.956 < min=-110
UE 79 TTT_WAIT target=2 elapsed=0s need=2s
UE 80 TTT_WAIT target=2 elapsed=0s need=2s
LM HO_FAIL_LOW_RSRP UE=85 currCell=4 candCell=6 candRsrp=-111.184 < min=-110
UE 89 TTT_WAIT target=7 elapsed=0s need=2s
LM HO_FAIL_LOW_RSRP UE=91 currCell=2 candCell=1 candRsrp=-124.57 < min=-110
UE 107 TTT_WAIT target=7 elapsed=0s need=2s
UE 109 TTT_WAIT target=3 elapsed=0s need=2s
LM HO_FAIL_LOW_RSRP UE=111 currCell=3 candCell=2 candRsrp=-116.413 < min=-110
LM HO UE=116 rnti=98 6->3 type=TN servingRsrp=-121.4 targetRsrp=-103.645 targetLoadReal=12/20 targetLoadEff=12/20
UE 124 TTT_WAIT target=1 elapsed=0s need=2s
TRACE HO_SUCCESS Time=76.6151 IMSI=32 TargetCell=2 Type=TN TargetRSRP=-95.5383 ServingRSRP=-100.726 BackhaulDlSnr=-999 BackhaulUlSnr=-999
TRACE HO_SUCCESS Time=76.6151 IMSI=115 TargetCell=3 Type=TN TargetRSRP=-135.726 ServingRSRP=-101.19 BackhaulDlSnr=-999 BackhaulUlSnr=-999
TRACE HO_SUCCESS Time=76.6151 IMSI=68 TargetCell=4 Type=TN TargetRSRP=-110.093 ServingRSRP=-89.7258 BackhaulDlSnr=-999 BackhaulUlSnr=-999
UAV_AUTONOMY_XAPP Time=78.5 DeploymentMode=tn-uav-satellite UavIndex=0 UavCellId=5 BestDonorCellId=1 BestDonorDistanceM=4019.9 XhaulConnected=1 XhaulChannelVariationDb=2.50609 RawXhaulState=UNREACHABLE RawXhaulStateAgeSec=74 XhaulState=UNREACHABLE DonorUnavailableActive=0 SatBackhaulHealthy=1 UavSwitchingXappAvailable=1 UavSwitchingXappState=ACTIVE AiPredictedBackhaulMode=RULE_BASED BackhaulMode=SATELLITE_FALLBACK RicControlState=NEAR_RT_RIC_SWITCHING_TO_SATELLITE_BACKHAUL ActiveUavRic=TN_NEAR_RT_RIC NormalUeHandoverAllowed=1 UavMode=NEAR_RT_RIC_EMERGENCY_SWITCHING_WITH_SATELLITE_BACKHAUL
UAV_AUTONOMY_XAPP Time=78.5 DeploymentMode=tn-uav-satellite UavIndex=1 UavCellId=6 BestDonorCellId=4 BestDonorDistanceM=2847.45 XhaulConnected=1 XhaulChannelVariationDb=-1.59563 RawXhaulState=UNREACHABLE RawXhaulStateAgeSec=52 XhaulState=UNREACHABLE DonorUnavailableActive=0 SatBackhaulHealthy=1 UavSwitchingXappAvailable=1 UavSwitchingXappState=ACTIVE AiPredictedBackhaulMode=RULE_BASED BackhaulMode=SATELLITE_FALLBACK RicControlState=NEAR_RT_RIC_SWITCHING_TO_SATELLITE_BACKHAUL ActiveUavRic=TN_NEAR_RT_RIC NormalUeHandoverAllowed=1 UavMode=NEAR_RT_RIC_EMERGENCY_SWITCHING_WITH_SATELLITE_BACKHAUL
UAV_AUTONOMY_XAPP Time=78.5 DeploymentMode=tn-uav-satellite UavIndex=2 UavCellId=7 BestDonorCellId=4 BestDonorDistanceM=2561.32 XhaulConnected=1 XhaulChannelVariationDb=0.55219 RawXhaulState=UNREACHABLE RawXhaulStateAgeSec=58 XhaulState=UNREACHABLE DonorUnavailableActive=0 SatBackhaulHealthy=1 UavSwitchingXappAvailable=1 UavSwitchingXappState=ACTIVE AiPredictedBackhaulMode=RULE_BASED BackhaulMode=SATELLITE_FALLBACK RicControlState=NEAR_RT_RIC_SWITCHING_TO_SATELLITE_BACKHAUL ActiveUavRic=TN_NEAR_RT_RIC NormalUeHandoverAllowed=1 UavMode=NEAR_RT_RIC_EMERGENCY_SWITCHING_WITH_SATELLITE_BACKHAUL
---- LOAD at t=78.5 ----
  cell 1 (TN) load=13/20
  cell 2 (TN) load=11/20
  cell 3 (TN) load=12/20
  cell 4 (TN) load=12/20
  cell 5 (NTN) load=7/15
  cell 6 (NTN) load=4/15
  cell 7 (NTN) load=2/15
UE 9 TTT_WAIT target=1 elapsed=0s need=2s
LM HO_FAIL_LOW_RSRP UE=14 currCell=5 candCell=7 candRsrp=-117.477 < min=-110
LM HO UE=18 rnti=47 2->1 type=TN servingRsrp=-112.105 targetRsrp=-96.8616 targetLoadReal=13/20 targetLoadEff=13/20
LM HO_FAIL_LOW_RSRP UE=19 currCell=3 candCell=5 candRsrp=-127.927 < min=-110
LM HO UE=23 rnti=92 3->2 type=TN servingRsrp=-89.9127 targetRsrp=-81.4638 targetLoadReal=11/20 targetLoadEff=11/20
UE 26 TTT_WAIT target=2 elapsed=0s need=2s
UE 28 TTT_WAIT target=2 elapsed=0s need=2s
UE 29 TTT_WAIT target=2 elapsed=0s need=2s
UE 33 TTT_WAIT target=1 elapsed=0s need=2s
UE 34 TTT_WAIT target=6 elapsed=0s need=2s
UE 35 TTT_WAIT target=1 elapsed=0s need=2s
LM HO_FAIL_LOW_RSRP UE=37 currCell=1 candCell=4 candRsrp=-112.356 < min=-110
LM HO_FAIL_LOW_RSRP UE=42 currCell=2 candCell=3 candRsrp=-126.174 < min=-110
UE 43 TTT_WAIT target=1 elapsed=0s need=2s
UE 48 TTT_WAIT target=4 elapsed=0s need=2s
UE 54 TTT_WAIT target=2 elapsed=0s need=2s
LM HO_FAIL_LOW_RSRP UE=55 currCell=1 candCell=6 candRsrp=-140.281 < min=-110
UE 56 TTT_WAIT target=3 elapsed=0s need=2s
LM HO_FAIL_LOW_RSRP UE=57 currCell=3 candCell=7 candRsrp=-123.536 < min=-110
UE 60 TTT_WAIT target=3 elapsed=0s need=2s
LM HO_FAIL_LOW_RSRP UE=64 currCell=4 candCell=5 candRsrp=-113.775 < min=-110
UE 66 TTT_WAIT target=2 elapsed=0s need=2s
UE 67 TTT_WAIT target=1 elapsed=0s need=2s
LM HO UE=79 rnti=32 6->2 type=TN servingRsrp=-134.991 targetRsrp=-108.703 targetLoadReal=11/20 targetLoadEff=12/20
LM HO_FAIL_LOW_RSRP UE=82 currCell=2 candCell=4 candRsrp=-119.094 < min=-110
UE 89 TTT_WAIT target=1 elapsed=0s need=2s
UE 91 TTT_WAIT target=3 elapsed=0s need=2s
UE 109 TTT_WAIT target=7 elapsed=0s need=2s
LM HO_FAIL_LOW_RSRP UE=111 currCell=3 candCell=4 candRsrp=-131.02 < min=-110
UE 116 TTT_WAIT target=4 elapsed=0s need=2s
TRACE HO_SUCCESS Time=78.6151 IMSI=17 TargetCell=1 Type=TN TargetRSRP=-115.454 ServingRSRP=-97.5267 BackhaulDlSnr=-999 BackhaulUlSnr=-999
TRACE HO_SUCCESS Time=78.6151 IMSI=22 TargetCell=2 Type=TN TargetRSRP=-109.112 ServingRSRP=-92.4278 BackhaulDlSnr=-999 BackhaulUlSnr=-999
TRACE HO_SUCCESS Time=78.6151 IMSI=78 TargetCell=2 Type=TN TargetRSRP=-136.818 ServingRSRP=-126.699 BackhaulDlSnr=-999 BackhaulUlSnr=-999
UAV_AUTONOMY_XAPP Time=80.5 DeploymentMode=tn-uav-satellite UavIndex=0 UavCellId=5 BestDonorCellId=1 BestDonorDistanceM=4089.75 XhaulConnected=1 XhaulChannelVariationDb=-1.98608 RawXhaulState=UNREACHABLE RawXhaulStateAgeSec=76 XhaulState=UNREACHABLE DonorUnavailableActive=0 SatBackhaulHealthy=1 UavSwitchingXappAvailable=1 UavSwitchingXappState=ACTIVE AiPredictedBackhaulMode=RULE_BASED BackhaulMode=SATELLITE_FALLBACK RicControlState=NEAR_RT_RIC_SWITCHING_TO_SATELLITE_BACKHAUL ActiveUavRic=TN_NEAR_RT_RIC NormalUeHandoverAllowed=1 UavMode=NEAR_RT_RIC_EMERGENCY_SWITCHING_WITH_SATELLITE_BACKHAUL
UAV_AUTONOMY_XAPP Time=80.5 DeploymentMode=tn-uav-satellite UavIndex=1 UavCellId=6 BestDonorCellId=4 BestDonorDistanceM=2915.59 XhaulConnected=1 XhaulChannelVariationDb=-3.51462 RawXhaulState=UNREACHABLE RawXhaulStateAgeSec=54 XhaulState=UNREACHABLE DonorUnavailableActive=0 SatBackhaulHealthy=1 UavSwitchingXappAvailable=1 UavSwitchingXappState=ACTIVE AiPredictedBackhaulMode=RULE_BASED BackhaulMode=SATELLITE_FALLBACK RicControlState=NEAR_RT_RIC_SWITCHING_TO_SATELLITE_BACKHAUL ActiveUavRic=TN_NEAR_RT_RIC NormalUeHandoverAllowed=1 UavMode=NEAR_RT_RIC_EMERGENCY_SWITCHING_WITH_SATELLITE_BACKHAUL
UAV_AUTONOMY_XAPP Time=80.5 DeploymentMode=tn-uav-satellite UavIndex=2 UavCellId=7 BestDonorCellId=4 BestDonorDistanceM=2609.98 XhaulConnected=1 XhaulChannelVariationDb=-1.74375 RawXhaulState=UNREACHABLE RawXhaulStateAgeSec=60 XhaulState=UNREACHABLE DonorUnavailableActive=0 SatBackhaulHealthy=1 UavSwitchingXappAvailable=1 UavSwitchingXappState=ACTIVE AiPredictedBackhaulMode=RULE_BASED BackhaulMode=SATELLITE_FALLBACK RicControlState=NEAR_RT_RIC_SWITCHING_TO_SATELLITE_BACKHAUL ActiveUavRic=TN_NEAR_RT_RIC NormalUeHandoverAllowed=1 UavMode=NEAR_RT_RIC_EMERGENCY_SWITCHING_WITH_SATELLITE_BACKHAUL
---- LOAD at t=80.5 ----
  cell 1 (TN) load=14/20
  cell 2 (TN) load=12/20
  cell 3 (TN) load=11/20
  cell 4 (TN) load=12/20
  cell 5 (NTN) load=7/15
  cell 6 (NTN) load=3/15
  cell 7 (NTN) load=2/15
UE 9 TTT_WAIT target=5 elapsed=0s need=2s
UE 18 TTT_WAIT target=3 elapsed=0s need=2s
UE 20 TTT_WAIT target=3 elapsed=0s need=2s
UE 23 TTT_WAIT target=1 elapsed=0s need=2s
UE 30 TTT_WAIT target=2 elapsed=0s need=2s
UE 33 TTT_WAIT target=3 elapsed=0s need=2s
LM HO_FAIL_LOW_RSRP UE=34 currCell=4 candCell=7 candRsrp=-120.013 < min=-110
LM HO_FAIL_LOW_RSRP UE=35 currCell=2 candCell=3 candRsrp=-125.734 < min=-110
LM HO_FAIL_LOW_RSRP UE=41 currCell=2 candCell=5 candRsrp=-130.003 < min=-110
UE 42 TTT_WAIT target=4 elapsed=0s need=2s
LM HO_FAIL_LOW_RSRP UE=46 currCell=4 candCell=6 candRsrp=-124.411 < min=-110
UE 47 TTT_WAIT target=3 elapsed=0s need=2s
LM HO UE=48 rnti=42 7->4 type=TN servingRsrp=-136.665 targetRsrp=-96.6489 targetLoadReal=12/20 targetLoadEff=12/20
UE 56 TTT_WAIT target=5 elapsed=0s need=2s
LM HO_FAIL_LOW_RSRP UE=58 currCell=3 candCell=5 candRsrp=-127.311 < min=-110
UE 60 TTT_WAIT target=5 elapsed=0s need=2s
LM HO UE=67 rnti=99 3->1 type=TN servingRsrp=-131.623 targetRsrp=-105.409 targetLoadReal=14/20 targetLoadEff=14/20
LM HO_FAIL_LOW_RSRP UE=69 currCell=4 candCell=6 candRsrp=-110.806 < min=-110
LM HO_FAIL_LOW_RSRP UE=70 currCell=4 candCell=6 candRsrp=-115.68 < min=-110
UE 71 TTT_WAIT target=3 elapsed=0s need=2s
UE 72 TTT_WAIT target=3 elapsed=0s need=2s
UE 77 TTT_WAIT target=6 elapsed=0s need=2s
LM HO_FAIL_LOW_RSRP UE=79 currCell=2 candCell=4 candRsrp=-124.788 < min=-110
LM HO_FAIL_LOW_RSRP UE=82 currCell=2 candCell=3 candRsrp=-113.087 < min=-110
UE 84 TTT_WAIT target=2 elapsed=0s need=2s
UE 89 TTT_WAIT target=4 elapsed=0s need=2s
UE 91 TTT_WAIT target=4 elapsed=0s need=2s
UE 111 TTT_WAIT target=4 elapsed=0s need=2s
UE 116 TTT_WAIT target=2 elapsed=0s need=2s
TRACE HO_SUCCESS Time=80.6151 IMSI=66 TargetCell=1 Type=TN TargetRSRP=-132.398 ServingRSRP=-98.6904 BackhaulDlSnr=-999 BackhaulUlSnr=-999
TRACE HO_SUCCESS Time=80.6151 IMSI=47 TargetCell=4 Type=TN TargetRSRP=-126.155 ServingRSRP=-96.7779 BackhaulDlSnr=-999 BackhaulUlSnr=-999
UAV_AUTONOMY_XAPP Time=82.5 DeploymentMode=tn-uav-satellite UavIndex=0 UavCellId=5 BestDonorCellId=2 BestDonorDistanceM=4611.85 XhaulConnected=1 XhaulChannelVariationDb=3.73704 RawXhaulState=UNREACHABLE RawXhaulStateAgeSec=78 XhaulState=UNREACHABLE DonorUnavailableActive=0 SatBackhaulHealthy=1 UavSwitchingXappAvailable=1 UavSwitchingXappState=ACTIVE AiPredictedBackhaulMode=RULE_BASED BackhaulMode=SATELLITE_FALLBACK RicControlState=NEAR_RT_RIC_SWITCHING_TO_SATELLITE_BACKHAUL ActiveUavRic=TN_NEAR_RT_RIC NormalUeHandoverAllowed=1 UavMode=NEAR_RT_RIC_EMERGENCY_SWITCHING_WITH_SATELLITE_BACKHAUL
UAV_AUTONOMY_XAPP Time=82.5 DeploymentMode=tn-uav-satellite UavIndex=1 UavCellId=6 BestDonorCellId=4 BestDonorDistanceM=2983.8 XhaulConnected=1 XhaulChannelVariationDb=-0.714332 RawXhaulState=UNREACHABLE RawXhaulStateAgeSec=56 XhaulState=UNREACHABLE DonorUnavailableActive=0 SatBackhaulHealthy=1 UavSwitchingXappAvailable=1 UavSwitchingXappState=ACTIVE AiPredictedBackhaulMode=RULE_BASED BackhaulMode=SATELLITE_FALLBACK RicControlState=NEAR_RT_RIC_SWITCHING_TO_SATELLITE_BACKHAUL ActiveUavRic=TN_NEAR_RT_RIC NormalUeHandoverAllowed=1 UavMode=NEAR_RT_RIC_EMERGENCY_SWITCHING_WITH_SATELLITE_BACKHAUL
UAV_AUTONOMY_XAPP Time=82.5 DeploymentMode=tn-uav-satellite UavIndex=2 UavCellId=7 BestDonorCellId=4 BestDonorDistanceM=2659.51 XhaulConnected=1 XhaulChannelVariationDb=-0.32836 RawXhaulState=UNREACHABLE RawXhaulStateAgeSec=62 XhaulState=UNREACHABLE DonorUnavailableActive=0 SatBackhaulHealthy=1 UavSwitchingXappAvailable=1 UavSwitchingXappState=ACTIVE AiPredictedBackhaulMode=RULE_BASED BackhaulMode=SATELLITE_FALLBACK RicControlState=NEAR_RT_RIC_SWITCHING_TO_SATELLITE_BACKHAUL ActiveUavRic=TN_NEAR_RT_RIC NormalUeHandoverAllowed=1 UavMode=NEAR_RT_RIC_EMERGENCY_SWITCHING_WITH_SATELLITE_BACKHAUL
---- LOAD at t=82.5 ----
  cell 1 (TN) load=15/20
  cell 2 (TN) load=12/20
  cell 3 (TN) load=10/20
  cell 4 (TN) load=14/20
  cell 5 (NTN) load=9/15
  cell 6 (NTN) load=3/15
  cell 7 (NTN) load=1/15
UE 9 TTT_WAIT target=7 elapsed=0s need=2s
UE 14 TTT_WAIT target=2 elapsed=0s need=2s
UE 18 TTT_WAIT target=2 elapsed=0s need=2s
LM HO UE=20 rnti=62 1->3 type=TN servingRsrp=-117.51 targetRsrp=-107.004 targetLoadReal=10/20 targetLoadEff=10/20
LM HO UE=23 rnti=53 2->1 type=TN servingRsrp=-110.02 targetRsrp=-107.856 targetLoadReal=15/20 targetLoadEff=15/20
UE 24 TTT_WAIT target=3 elapsed=0s need=2s
UE 26 TTT_WAIT target=1 elapsed=0s need=2s
LM HO_FAIL_LOW_RSRP UE=28 currCell=1 candCell=7 candRsrp=-113.159 < min=-110
UE 29 TTT_WAIT target=3 elapsed=0s need=2s
UE 30 TTT_WAIT target=5 elapsed=0s need=2s
UE 34 TTT_WAIT target=1 elapsed=0s need=2s
UE 35 TTT_WAIT target=1 elapsed=0s need=2s
LM HO_FAIL_LOW_RSRP UE=37 currCell=1 candCell=3 candRsrp=-117.296 < min=-110
UE 41 TTT_WAIT target=4 elapsed=0s need=2s
LM HO_FAIL_LOW_RSRP UE=42 currCell=2 candCell=6 candRsrp=-118.741 < min=-110
UE 45 TTT_WAIT target=3 elapsed=0s need=2s
UE 46 TTT_WAIT target=3 elapsed=0s need=2s
UE 49 TTT_WAIT target=1 elapsed=0s need=2s
UE 54 TTT_WAIT target=4 elapsed=0s need=2s
UE 56 TTT_WAIT target=3 elapsed=0s need=2s
LM HO_FAIL_LOW_RSRP UE=57 currCell=3 candCell=5 candRsrp=-122.834 < min=-110
UE 58 TTT_WAIT target=1 elapsed=0s need=2s
UE 60 TTT_WAIT target=2 elapsed=0s need=2s
UE 64 TTT_WAIT target=2 elapsed=0s need=2s
LM HO_FAIL_LOW_RSRP UE=67 currCell=1 candCell=3 candRsrp=-127.931 < min=-110
UE 71 TTT_WAIT target=1 elapsed=0s need=2s
UE 72 TTT_WAIT target=1 elapsed=0s need=2s
UE 77 TTT_WAIT target=2 elapsed=0s need=2s
LM HO_FAIL_LOW_RSRP UE=82 currCell=2 candCell=4 candRsrp=-127.889 < min=-110
UE 85 TTT_WAIT target=1 elapsed=0s need=2s
UE 89 TTT_WAIT target=1 elapsed=0s need=2s
UE 102 TTT_WAIT target=4 elapsed=0s need=2s
UE 107 TTT_WAIT target=4 elapsed=0s need=2s
UE 109 TTT_WAIT target=1 elapsed=0s need=2s
LM HO_FAIL_LOW_RSRP UE=111 currCell=3 candCell=1 candRsrp=-130.925 < min=-110
UE 116 TTT_WAIT target=4 elapsed=0s need=2s
TRACE HO_SUCCESS Time=82.6151 IMSI=22 TargetCell=1 Type=TN TargetRSRP=-105.078 ServingRSRP=-109.407 BackhaulDlSnr=-999 BackhaulUlSnr=-999
TRACE HO_SUCCESS Time=82.6151 IMSI=19 TargetCell=3 Type=TN TargetRSRP=-72.9953 ServingRSRP=-95.9922 BackhaulDlSnr=-999 BackhaulUlSnr=-999
UAV_AUTONOMY_XAPP Time=84.5 DeploymentMode=tn-uav-satellite UavIndex=0 UavCellId=5 BestDonorCellId=2 BestDonorDistanceM=4681.67 XhaulConnected=1 XhaulChannelVariationDb=-0.654997 RawXhaulState=UNREACHABLE RawXhaulStateAgeSec=80 XhaulState=UNREACHABLE DonorUnavailableActive=0 SatBackhaulHealthy=1 UavSwitchingXappAvailable=1 UavSwitchingXappState=ACTIVE AiPredictedBackhaulMode=RULE_BASED BackhaulMode=SATELLITE_FALLBACK RicControlState=NEAR_RT_RIC_SWITCHING_TO_SATELLITE_BACKHAUL ActiveUavRic=TN_NEAR_RT_RIC NormalUeHandoverAllowed=1 UavMode=NEAR_RT_RIC_EMERGENCY_SWITCHING_WITH_SATELLITE_BACKHAUL
UAV_AUTONOMY_XAPP Time=84.5 DeploymentMode=tn-uav-satellite UavIndex=1 UavCellId=6 BestDonorCellId=4 BestDonorDistanceM=3052.07 XhaulConnected=1 XhaulChannelVariationDb=-2.36364 RawXhaulState=UNREACHABLE RawXhaulStateAgeSec=58 XhaulState=UNREACHABLE DonorUnavailableActive=0 SatBackhaulHealthy=1 UavSwitchingXappAvailable=1 UavSwitchingXappState=ACTIVE AiPredictedBackhaulMode=RULE_BASED BackhaulMode=SATELLITE_FALLBACK RicControlState=NEAR_RT_RIC_SWITCHING_TO_SATELLITE_BACKHAUL ActiveUavRic=TN_NEAR_RT_RIC NormalUeHandoverAllowed=1 UavMode=NEAR_RT_RIC_EMERGENCY_SWITCHING_WITH_SATELLITE_BACKHAUL
UAV_AUTONOMY_XAPP Time=84.5 DeploymentMode=tn-uav-satellite UavIndex=2 UavCellId=7 BestDonorCellId=4 BestDonorDistanceM=2710.21 XhaulConnected=1 XhaulChannelVariationDb=-3.14687 RawXhaulState=UNREACHABLE RawXhaulStateAgeSec=64 XhaulState=UNREACHABLE DonorUnavailableActive=0 SatBackhaulHealthy=1 UavSwitchingXappAvailable=1 UavSwitchingXappState=ACTIVE AiPredictedBackhaulMode=RULE_BASED BackhaulMode=SATELLITE_FALLBACK RicControlState=NEAR_RT_RIC_SWITCHING_TO_SATELLITE_BACKHAUL ActiveUavRic=TN_NEAR_RT_RIC NormalUeHandoverAllowed=1 UavMode=NEAR_RT_RIC_EMERGENCY_SWITCHING_WITH_SATELLITE_BACKHAUL
---- LOAD at t=84.5 ----
  cell 1 (TN) load=16/20
  cell 2 (TN) load=11/20
  cell 3 (TN) load=11/20
  cell 4 (TN) load=14/20
  cell 5 (NTN) load=9/15
  cell 6 (NTN) load=3/15
  cell 7 (NTN) load=1/15
UE 13 TTT_WAIT target=1 elapsed=0s need=2s
LM HO_FAIL_LOW_RSRP UE=14 currCell=5 candCell=7 candRsrp=-118.139 < min=-110
UE 18 TTT_WAIT target=3 elapsed=0s need=2s
UE 21 TTT_WAIT target=7 elapsed=0s need=2s
UE 23 TTT_WAIT target=2 elapsed=0s need=2s
LM HO UE=24 rnti=48 1->3 type=TN servingRsrp=-101.902 targetRsrp=-87.899 targetLoadReal=11/20 targetLoadEff=11/20
LM HO_FAIL_LOW_RSRP UE=26 currCell=3 candCell=1 candRsrp=-115.947 < min=-110
UE 28 TTT_WAIT target=2 elapsed=0s need=2s
UE 30 TTT_WAIT target=7 elapsed=0s need=2s
UE 33 TTT_WAIT target=3 elapsed=0s need=2s
UE 34 TTT_WAIT target=7 elapsed=0s need=2s
LM HO_FAIL_LOW_RSRP UE=35 currCell=2 candCell=3 candRsrp=-120.359 < min=-110
LM HO_FAIL_LOW_RSRP UE=37 currCell=1 candCell=4 candRsrp=-119.301 < min=-110
LM HO_FAIL_LOW_RSRP UE=41 currCell=2 candCell=6 candRsrp=-133.473 < min=-110
UE 42 TTT_WAIT target=3 elapsed=0s need=2s
UE 43 TTT_WAIT target=5 elapsed=0s need=2s
LM HO UE=45 rnti=58 1->3 type=TN servingRsrp=-95.4191 targetRsrp=-77.4395 targetLoadReal=11/20 targetLoadEff=12/20
LM HO UE=46 rnti=67 4->3 type=TN servingRsrp=-104.887 targetRsrp=-102.624 targetLoadReal=11/20 targetLoadEff=13/20
LM HO_FAIL_LOW_RSRP UE=48 currCell=4 candCell=3 candRsrp=-114.852 < min=-110
UE 54 TTT_WAIT target=2 elapsed=0s need=2s
LM HO_FAIL_LOW_RSRP UE=55 currCell=1 candCell=4 candRsrp=-116.155 < min=-110
UE 57 TTT_WAIT target=5 elapsed=0s need=2s
UE 60 TTT_WAIT target=3 elapsed=0s need=2s
LM HO_FAIL_LOW_RSRP UE=64 currCell=4 candCell=6 candRsrp=-127.556 < min=-110
UE 66 TTT_WAIT target=3 elapsed=0s need=2s
UE 73 TTT_WAIT target=2 elapsed=0s need=2s
LM HO_FAIL_LOW_RSRP UE=79 currCell=2 candCell=4 candRsrp=-123.758 < min=-110
UE 82 TTT_WAIT target=4 elapsed=0s need=2s
UE 85 TTT_WAIT target=3 elapsed=0s need=2s
UE 87 TTT_WAIT target=1 elapsed=0s need=2s
UE 91 TTT_WAIT target=5 elapsed=0s need=2s
LM HO UE=107 rnti=80 6->4 type=TN servingRsrp=-120.756 targetRsrp=-97.0478 targetLoadReal=14/20 targetLoadEff=14/20
UE 109 TTT_WAIT target=7 elapsed=0s need=2s
LM HO_FAIL_LOW_RSRP UE=111 currCell=3 candCell=2 candRsrp=-133.024 < min=-110
UE 124 TTT_WAIT target=1 elapsed=0s need=2s
TRACE HO_SUCCESS Time=84.6151 IMSI=23 TargetCell=3 Type=TN TargetRSRP=-117.105 ServingRSRP=-64.9911 BackhaulDlSnr=-999 BackhaulUlSnr=-999
TRACE HO_SUCCESS Time=84.6151 IMSI=44 TargetCell=3 Type=TN TargetRSRP=-114.719 ServingRSRP=-88.2317 BackhaulDlSnr=-999 BackhaulUlSnr=-999
TRACE HO_SUCCESS Time=84.6151 IMSI=45 TargetCell=3 Type=TN TargetRSRP=-126.163 ServingRSRP=-104.162 BackhaulDlSnr=-999 BackhaulUlSnr=-999
TRACE HO_SUCCESS Time=84.6151 IMSI=106 TargetCell=4 Type=TN TargetRSRP=-117.297 ServingRSRP=-105.958 BackhaulDlSnr=-999 BackhaulUlSnr=-999
UAV_AUTONOMY_XAPP Time=86.5 DeploymentMode=tn-uav-satellite UavIndex=0 UavCellId=5 BestDonorCellId=3 BestDonorDistanceM=4398.63 XhaulConnected=1 XhaulChannelVariationDb=0.828526 RawXhaulState=UNREACHABLE RawXhaulStateAgeSec=82 XhaulState=UNREACHABLE DonorUnavailableActive=0 SatBackhaulHealthy=1 UavSwitchingXappAvailable=1 UavSwitchingXappState=ACTIVE AiPredictedBackhaulMode=RULE_BASED BackhaulMode=SATELLITE_FALLBACK RicControlState=NEAR_RT_RIC_SWITCHING_TO_SATELLITE_BACKHAUL ActiveUavRic=TN_NEAR_RT_RIC NormalUeHandoverAllowed=1 UavMode=NEAR_RT_RIC_EMERGENCY_SWITCHING_WITH_SATELLITE_BACKHAUL
UAV_AUTONOMY_XAPP Time=86.5 DeploymentMode=tn-uav-satellite UavIndex=1 UavCellId=6 BestDonorCellId=4 BestDonorDistanceM=3120.39 XhaulConnected=1 XhaulChannelVariationDb=-7.97544 RawXhaulState=UNREACHABLE RawXhaulStateAgeSec=60 XhaulState=UNREACHABLE DonorUnavailableActive=0 SatBackhaulHealthy=1 UavSwitchingXappAvailable=1 UavSwitchingXappState=ACTIVE AiPredictedBackhaulMode=RULE_BASED BackhaulMode=SATELLITE_FALLBACK RicControlState=NEAR_RT_RIC_SWITCHING_TO_SATELLITE_BACKHAUL ActiveUavRic=TN_NEAR_RT_RIC NormalUeHandoverAllowed=1 UavMode=NEAR_RT_RIC_EMERGENCY_SWITCHING_WITH_SATELLITE_BACKHAUL
UAV_AUTONOMY_XAPP Time=86.5 DeploymentMode=tn-uav-satellite UavIndex=2 UavCellId=7 BestDonorCellId=4 BestDonorDistanceM=2761.45 XhaulConnected=1 XhaulChannelVariationDb=0.445202 RawXhaulState=UNREACHABLE RawXhaulStateAgeSec=66 XhaulState=UNREACHABLE DonorUnavailableActive=0 SatBackhaulHealthy=1 UavSwitchingXappAvailable=1 UavSwitchingXappState=ACTIVE AiPredictedBackhaulMode=RULE_BASED BackhaulMode=SATELLITE_FALLBACK RicControlState=NEAR_RT_RIC_SWITCHING_TO_SATELLITE_BACKHAUL ActiveUavRic=TN_NEAR_RT_RIC NormalUeHandoverAllowed=1 UavMode=NEAR_RT_RIC_EMERGENCY_SWITCHING_WITH_SATELLITE_BACKHAUL
---- LOAD at t=86.5 ----
  cell 1 (TN) load=14/20
  cell 2 (TN) load=11/20
  cell 3 (TN) load=14/20
  cell 4 (TN) load=14/20
  cell 5 (NTN) load=9/15
  cell 6 (NTN) load=2/15
  cell 7 (NTN) load=1/15
UE 18 TTT_WAIT target=2 elapsed=0s need=2s
LM HO_FAIL_LOW_RSRP UE=19 currCell=3 candCell=1 candRsrp=-117.428 < min=-110
UE 20 TTT_WAIT target=1 elapsed=0s need=2s
UE 21 TTT_WAIT target=2 elapsed=0s need=2s
UE 22 TTT_WAIT target=6 elapsed=0s need=2s
UE 23 TTT_WAIT target=3 elapsed=0s need=2s
UE 24 TTT_WAIT target=2 elapsed=0s need=2s
UE 26 TTT_WAIT target=2 elapsed=0s need=2s
LM HO_FAIL_LOW_RSRP UE=28 currCell=1 candCell=6 candRsrp=-132.43 < min=-110
UE 30 TTT_WAIT target=2 elapsed=0s need=2s
UE 33 TTT_WAIT target=7 elapsed=0s need=2s
LM HO_FAIL_LOW_RSRP UE=34 currCell=4 candCell=3 candRsrp=-120.745 < min=-110
LM HO_FAIL_LOW_RSRP UE=35 currCell=2 candCell=1 candRsrp=-121.645 < min=-110
LM HO_FAIL_LOW_RSRP UE=37 currCell=1 candCell=6 candRsrp=-130.607 < min=-110
UE 42 TTT_WAIT target=1 elapsed=0s need=2s
UE 43 TTT_WAIT target=1 elapsed=0s need=2s
UE 45 TTT_WAIT target=2 elapsed=0s need=2s
LM HO_FAIL_LOW_RSRP UE=46 currCell=3 candCell=2 candRsrp=-110.566 < min=-110
LM HO_FAIL_LOW_RSRP UE=48 currCell=4 candCell=7 candRsrp=-119.987 < min=-110
LM HO_FAIL_LOW_RSRP UE=55 currCell=1 candCell=7 candRsrp=-131.837 < min=-110
UE 56 TTT_WAIT target=3 elapsed=0s need=2s
LM HO_FAIL_LOW_RSRP UE=57 currCell=3 candCell=1 candRsrp=-114.076 < min=-110
LM HO_FAIL_LOW_RSRP UE=58 currCell=3 candCell=1 candRsrp=-110.91 < min=-110
LM HO UE=60 rnti=82 6->3 type=TN servingRsrp=-139.305 targetRsrp=-104.534 targetLoadReal=14/20 targetLoadEff=14/20
UE 64 TTT_WAIT target=3 elapsed=0s need=2s
LM HO UE=66 rnti=64 5->3 type=TN servingRsrp=-125.172 targetRsrp=-109.426 targetLoadReal=14/20 targetLoadEff=15/20
LM HO_FAIL_LOW_RSRP UE=69 currCell=4 candCell=5 candRsrp=-116.65 < min=-110
LM HO_FAIL_LOW_RSRP UE=79 currCell=2 candCell=4 candRsrp=-122.575 < min=-110
LM HO_FAIL_LOW_RSRP UE=82 currCell=2 candCell=3 candRsrp=-113.717 < min=-110
LM HO_FAIL_LOW_RSRP UE=85 currCell=4 candCell=5 candRsrp=-124.358 < min=-110
UE 88 TTT_WAIT target=2 elapsed=0s need=2s
UE 89 TTT_WAIT target=2 elapsed=0s need=2s
LM HO_FAIL_LOW_RSRP UE=91 currCell=2 candCell=1 candRsrp=-116.17 < min=-110
UE 100 TTT_WAIT target=4 elapsed=0s need=2s
UE 102 TTT_WAIT target=2 elapsed=0s need=2s
LM HO_FAIL_LOW_RSRP UE=107 currCell=4 candCell=6 candRsrp=-127.728 < min=-110
LM HO_FAIL_LOW_RSRP UE=111 currCell=3 candCell=4 candRsrp=-133.176 < min=-110
LM HO_FAIL_LOW_RSRP UE=116 currCell=3 candCell=1 candRsrp=-133.228 < min=-110
UE 124 TTT_WAIT target=2 elapsed=0s need=2s
TRACE HO_SUCCESS Time=86.6151 IMSI=65 TargetCell=3 Type=TN TargetRSRP=-100.192 ServingRSRP=-93.6722 BackhaulDlSnr=-999 BackhaulUlSnr=-999
TRACE HO_SUCCESS Time=86.6151 IMSI=59 TargetCell=3 Type=TN TargetRSRP=-107.591 ServingRSRP=-108.95 BackhaulDlSnr=-999 BackhaulUlSnr=-999
UAV_AUTONOMY_XAPP Time=88.5 DeploymentMode=tn-uav-satellite UavIndex=0 UavCellId=5 BestDonorCellId=3 BestDonorDistanceM=4467.9 XhaulConnected=1 XhaulChannelVariationDb=0.0823747 RawXhaulState=UNREACHABLE RawXhaulStateAgeSec=84 XhaulState=UNREACHABLE DonorUnavailableActive=0 SatBackhaulHealthy=1 UavSwitchingXappAvailable=1 UavSwitchingXappState=ACTIVE AiPredictedBackhaulMode=RULE_BASED BackhaulMode=SATELLITE_FALLBACK RicControlState=NEAR_RT_RIC_SWITCHING_TO_SATELLITE_BACKHAUL ActiveUavRic=TN_NEAR_RT_RIC NormalUeHandoverAllowed=1 UavMode=NEAR_RT_RIC_EMERGENCY_SWITCHING_WITH_SATELLITE_BACKHAUL
UAV_AUTONOMY_XAPP Time=88.5 DeploymentMode=tn-uav-satellite UavIndex=1 UavCellId=6 BestDonorCellId=4 BestDonorDistanceM=3188.77 XhaulConnected=1 XhaulChannelVariationDb=-3.19135 RawXhaulState=UNREACHABLE RawXhaulStateAgeSec=62 XhaulState=UNREACHABLE DonorUnavailableActive=0 SatBackhaulHealthy=1 UavSwitchingXappAvailable=1 UavSwitchingXappState=ACTIVE AiPredictedBackhaulMode=RULE_BASED BackhaulMode=SATELLITE_FALLBACK RicControlState=NEAR_RT_RIC_SWITCHING_TO_SATELLITE_BACKHAUL ActiveUavRic=TN_NEAR_RT_RIC NormalUeHandoverAllowed=1 UavMode=NEAR_RT_RIC_EMERGENCY_SWITCHING_WITH_SATELLITE_BACKHAUL
UAV_AUTONOMY_XAPP Time=88.5 DeploymentMode=tn-uav-satellite UavIndex=2 UavCellId=7 BestDonorCellId=4 BestDonorDistanceM=2813.42 XhaulConnected=1 XhaulChannelVariationDb=-2.19251 RawXhaulState=UNREACHABLE RawXhaulStateAgeSec=68 XhaulState=UNREACHABLE DonorUnavailableActive=0 SatBackhaulHealthy=1 UavSwitchingXappAvailable=1 UavSwitchingXappState=ACTIVE AiPredictedBackhaulMode=RULE_BASED BackhaulMode=SATELLITE_FALLBACK RicControlState=NEAR_RT_RIC_SWITCHING_TO_SATELLITE_BACKHAUL ActiveUavRic=TN_NEAR_RT_RIC NormalUeHandoverAllowed=1 UavMode=NEAR_RT_RIC_EMERGENCY_SWITCHING_WITH_SATELLITE_BACKHAUL
---- LOAD at t=88.5 ----
  cell 1 (TN) load=14/20
  cell 2 (TN) load=11/20
  cell 3 (TN) load=16/20
  cell 4 (TN) load=14/20
  cell 5 (NTN) load=8/15
  cell 6 (NTN) load=1/15
  cell 7 (NTN) load=1/15
UE 9 TTT_WAIT target=1 elapsed=0s need=2s
UE 14 TTT_WAIT target=2 elapsed=0s need=2s
UE 18 TTT_WAIT target=7 elapsed=0s need=2s
UE 20 TTT_WAIT target=5 elapsed=0s need=2s
LM HO UE=21 rnti=68 4->2 type=TN servingRsrp=-112.471 targetRsrp=-86.2423 targetLoadReal=11/20 targetLoadEff=11/20
UE 24 TTT_WAIT target=1 elapsed=0s need=2s
LM HO_FAIL_LOW_RSRP UE=26 currCell=3 candCell=1 candRsrp=-119.908 < min=-110
UE 28 TTT_WAIT target=5 elapsed=0s need=2s
UE 30 TTT_WAIT target=7 elapsed=0s need=2s
UE 32 TTT_WAIT target=7 elapsed=0s need=2s
LM HO UE=33 rnti=52 2->7 type=NTN servingRsrp=-109.132 targetRsrp=-96.6765 targetLoadReal=1/15 targetLoadEff=1/15
UE 35 TTT_WAIT target=1 elapsed=0s need=2s
UE 37 TTT_WAIT target=4 elapsed=0s need=2s
UE 39 TTT_WAIT target=2 elapsed=0s need=2s
UE 41 TTT_WAIT target=4 elapsed=0s need=2s
UE 42 TTT_WAIT target=6 elapsed=0s need=2s
UE 45 TTT_WAIT target=1 elapsed=0s need=2s
UE 46 TTT_WAIT target=1 elapsed=0s need=2s
UE 47 TTT_WAIT target=2 elapsed=0s need=2s
UE 49 TTT_WAIT target=2 elapsed=0s need=2s
UE 54 TTT_WAIT target=2 elapsed=0s need=2s
UE 55 TTT_WAIT target=4 elapsed=0s need=2s
LM HO_FAIL_LOW_RSRP UE=57 currCell=3 candCell=2 candRsrp=-112.256 < min=-110
UE 60 TTT_WAIT target=1 elapsed=0s need=2s
LM HO_FAIL_LOW_RSRP UE=64 currCell=4 candCell=6 candRsrp=-133.9 < min=-110
UE 66 TTT_WAIT target=5 elapsed=0s need=2s
UE 67 TTT_WAIT target=5 elapsed=0s need=2s
LM HO_FAIL_LOW_RSRP UE=69 currCell=4 candCell=6 candRsrp=-123.112 < min=-110
LM HO_FAIL_LOW_RSRP UE=70 currCell=4 candCell=6 candRsrp=-135.239 < min=-110
UE 73 TTT_WAIT target=1 elapsed=0s need=2s
UE 79 TTT_WAIT target=4 elapsed=0s need=2s
UE 80 TTT_WAIT target=1 elapsed=0s need=2s
LM HO_FAIL_LOW_RSRP UE=82 currCell=2 candCell=1 candRsrp=-115.733 < min=-110
UE 85 TTT_WAIT target=2 elapsed=0s need=2s
UE 89 TTT_WAIT target=3 elapsed=0s need=2s
LM HO_FAIL_LOW_RSRP UE=91 currCell=2 candCell=5 candRsrp=-115.121 < min=-110
UE 102 TTT_WAIT target=4 elapsed=0s need=2s
UE 107 TTT_WAIT target=7 elapsed=0s need=2s
UE 111 TTT_WAIT target=1 elapsed=0s need=2s
UE 116 TTT_WAIT target=4 elapsed=0s need=2s
TRACE HO_SUCCESS Time=88.6151 IMSI=20 TargetCell=2 Type=TN TargetRSRP=-118.081 ServingRSRP=-73.3348 BackhaulDlSnr=-999 BackhaulUlSnr=-999
TRACE HO_SUCCESS Time=88.6151 IMSI=32 TargetCell=7 Type=NTN TargetRSRP=-134.22 ServingRSRP=-112.583 BackhaulDlSnr=12.3976 BackhaulUlSnr=7.87705
UAV_AUTONOMY_XAPP Time=90.5 DeploymentMode=tn-uav-satellite UavIndex=0 UavCellId=5 BestDonorCellId=2 BestDonorDistanceM=4891.03 XhaulConnected=1 XhaulChannelVariationDb=3.28073 RawXhaulState=UNREACHABLE RawXhaulStateAgeSec=86 XhaulState=UNREACHABLE DonorUnavailableActive=0 SatBackhaulHealthy=1 UavSwitchingXappAvailable=1 UavSwitchingXappState=ACTIVE AiPredictedBackhaulMode=RULE_BASED BackhaulMode=SATELLITE_FALLBACK RicControlState=NEAR_RT_RIC_SWITCHING_TO_SATELLITE_BACKHAUL ActiveUavRic=TN_NEAR_RT_RIC NormalUeHandoverAllowed=1 UavMode=NEAR_RT_RIC_EMERGENCY_SWITCHING_WITH_SATELLITE_BACKHAUL
UAV_AUTONOMY_XAPP Time=90.5 DeploymentMode=tn-uav-satellite UavIndex=1 UavCellId=6 BestDonorCellId=4 BestDonorDistanceM=3257.15 XhaulConnected=1 XhaulChannelVariationDb=-0.0709221 RawXhaulState=UNREACHABLE RawXhaulStateAgeSec=64 XhaulState=UNREACHABLE DonorUnavailableActive=0 SatBackhaulHealthy=1 UavSwitchingXappAvailable=1 UavSwitchingXappState=ACTIVE AiPredictedBackhaulMode=RULE_BASED BackhaulMode=SATELLITE_FALLBACK RicControlState=NEAR_RT_RIC_SWITCHING_TO_SATELLITE_BACKHAUL ActiveUavRic=TN_NEAR_RT_RIC NormalUeHandoverAllowed=1 UavMode=NEAR_RT_RIC_EMERGENCY_SWITCHING_WITH_SATELLITE_BACKHAUL
UAV_AUTONOMY_XAPP Time=90.5 DeploymentMode=tn-uav-satellite UavIndex=2 UavCellId=7 BestDonorCellId=4 BestDonorDistanceM=2866.27 XhaulConnected=1 XhaulChannelVariationDb=-3.17325 RawXhaulState=UNREACHABLE RawXhaulStateAgeSec=70 XhaulState=UNREACHABLE DonorUnavailableActive=0 SatBackhaulHealthy=1 UavSwitchingXappAvailable=1 UavSwitchingXappState=ACTIVE AiPredictedBackhaulMode=RULE_BASED BackhaulMode=SATELLITE_FALLBACK RicControlState=NEAR_RT_RIC_SWITCHING_TO_SATELLITE_BACKHAUL ActiveUavRic=TN_NEAR_RT_RIC NormalUeHandoverAllowed=1 UavMode=NEAR_RT_RIC_EMERGENCY_SWITCHING_WITH_SATELLITE_BACKHAUL
---- LOAD at t=90.5 ----
  cell 1 (TN) load=14/20
  cell 2 (TN) load=11/20
  cell 3 (TN) load=16/20
  cell 4 (TN) load=13/20
  cell 5 (NTN) load=8/15
  cell 6 (NTN) load=3/15
  cell 7 (NTN) load=4/15
UE 9 TTT_WAIT target=4 elapsed=0s need=2s
UE 14 TTT_WAIT target=3 elapsed=0s need=2s
UE 15 TTT_WAIT target=1 elapsed=0s need=2s
UE 18 TTT_WAIT target=2 elapsed=0s need=2s
UE 19 TTT_WAIT target=1 elapsed=0s need=2s
LM HO_FAIL_LOW_RSRP UE=20 currCell=3 candCell=6 candRsrp=-130.387 < min=-110
UE 24 TTT_WAIT target=2 elapsed=0s need=2s
LM HO_FAIL_LOW_RSRP UE=26 currCell=3 candCell=6 candRsrp=-132.744 < min=-110
LM HO_FAIL_LOW_RSRP UE=28 currCell=1 candCell=6 candRsrp=-113.86 < min=-110
LM HO_FAIL_LOW_RSRP UE=30 currCell=1 candCell=3 candRsrp=-114.936 < min=-110
LM HO UE=32 rnti=24 4->7 type=NTN servingRsrp=-104.409 targetRsrp=-95.4018 targetLoadReal=4/15 targetLoadEff=4/15
UE 34 TTT_WAIT target=6 elapsed=0s need=2s
LM HO_FAIL_LOW_RSRP UE=35 currCell=2 candCell=4 candRsrp=-118.846 < min=-110
LM HO_FAIL_LOW_RSRP UE=37 currCell=1 candCell=5 candRsrp=-131.148 < min=-110
UE 39 TTT_WAIT target=3 elapsed=0s need=2s
UE 42 TTT_WAIT target=4 elapsed=0s need=2s
LM HO UE=46 rnti=103 3->1 type=TN servingRsrp=-132.633 targetRsrp=-99.2299 targetLoadReal=14/20 targetLoadEff=14/20
UE 48 TTT_WAIT target=2 elapsed=0s need=2s
LM HO_FAIL_LOW_RSRP UE=55 currCell=1 candCell=2 candRsrp=-110.964 < min=-110
LM HO_FAIL_LOW_RSRP UE=57 currCell=3 candCell=1 candRsrp=-127.131 < min=-110
LM HO_FAIL_LOW_RSRP UE=58 currCell=3 candCell=2 candRsrp=-110.604 < min=-110
LM HO_FAIL_LOW_RSRP UE=64 currCell=4 candCell=6 candRsrp=-135.028 < min=-110
LM HO_FAIL_LOW_RSRP UE=67 currCell=1 candCell=3 candRsrp=-125.954 < min=-110
LM HO_FAIL_LOW_RSRP UE=69 currCell=4 candCell=7 candRsrp=-130.025 < min=-110
UE 70 TTT_WAIT target=1 elapsed=0s need=2s
LM HO UE=73 rnti=50 4->1 type=TN servingRsrp=-110.198 targetRsrp=-85.7492 targetLoadReal=14/20 targetLoadEff=15/20
LM HO UE=79 rnti=54 2->4 type=TN servingRsrp=-129.285 targetRsrp=-100.407 targetLoadReal=13/20 targetLoadEff=13/20
UE 82 TTT_WAIT target=3 elapsed=0s need=2s
LM HO_FAIL_LOW_RSRP UE=91 currCell=2 candCell=1 candRsrp=-136.591 < min=-110
UE 107 TTT_WAIT target=3 elapsed=0s need=2s
UE 109 TTT_WAIT target=2 elapsed=0s need=2s
LM HO UE=111 rnti=93 3->1 type=TN servingRsrp=-102.465 targetRsrp=-98.0898 targetLoadReal=14/20 targetLoadEff=16/20
LM HO UE=116 rnti=100 3->4 type=TN servingRsrp=-141.255 targetRsrp=-98.3051 targetLoadReal=13/20 targetLoadEff=14/20
UE 123 TTT_WAIT target=4 elapsed=0s need=2s
TRACE HO_SUCCESS Time=90.6151 IMSI=110 TargetCell=1 Type=TN TargetRSRP=-136.143 ServingRSRP=-106.225 BackhaulDlSnr=-999 BackhaulUlSnr=-999
TRACE HO_SUCCESS Time=90.6151 IMSI=45 TargetCell=1 Type=TN TargetRSRP=-137.696 ServingRSRP=-89.2474 BackhaulDlSnr=-999 BackhaulUlSnr=-999
TRACE HO_SUCCESS Time=90.6151 IMSI=72 TargetCell=1 Type=TN TargetRSRP=-85.4421 ServingRSRP=-106.243 BackhaulDlSnr=-999 BackhaulUlSnr=-999
TRACE HO_SUCCESS Time=90.6151 IMSI=78 TargetCell=4 Type=TN TargetRSRP=-125.232 ServingRSRP=-94.0268 BackhaulDlSnr=-999 BackhaulUlSnr=-999
TRACE HO_SUCCESS Time=90.6151 IMSI=115 TargetCell=4 Type=TN TargetRSRP=-134.685 ServingRSRP=-82.7147 BackhaulDlSnr=-999 BackhaulUlSnr=-999
TRACE HO_SUCCESS Time=90.6151 IMSI=31 TargetCell=7 Type=NTN TargetRSRP=-114.87 ServingRSRP=-106.402 BackhaulDlSnr=11.3391 BackhaulUlSnr=6.8185
UAV_AUTONOMY_XAPP Time=92.5 DeploymentMode=tn-uav-satellite UavIndex=0 UavCellId=5 BestDonorCellId=1 BestDonorDistanceM=4508.75 XhaulConnected=1 XhaulChannelVariationDb=-0.0381759 RawXhaulState=UNREACHABLE RawXhaulStateAgeSec=88 XhaulState=UNREACHABLE DonorUnavailableActive=0 SatBackhaulHealthy=1 UavSwitchingXappAvailable=1 UavSwitchingXappState=ACTIVE AiPredictedBackhaulMode=RULE_BASED BackhaulMode=SATELLITE_FALLBACK RicControlState=NEAR_RT_RIC_SWITCHING_TO_SATELLITE_BACKHAUL ActiveUavRic=TN_NEAR_RT_RIC NormalUeHandoverAllowed=1 UavMode=NEAR_RT_RIC_EMERGENCY_SWITCHING_WITH_SATELLITE_BACKHAUL
UAV_AUTONOMY_XAPP Time=92.5 DeploymentMode=tn-uav-satellite UavIndex=1 UavCellId=6 BestDonorCellId=4 BestDonorDistanceM=3325.65 XhaulConnected=1 XhaulChannelVariationDb=0.509126 RawXhaulState=UNREACHABLE RawXhaulStateAgeSec=66 XhaulState=UNREACHABLE DonorUnavailableActive=0 SatBackhaulHealthy=1 UavSwitchingXappAvailable=1 UavSwitchingXappState=ACTIVE AiPredictedBackhaulMode=RULE_BASED BackhaulMode=SATELLITE_FALLBACK RicControlState=NEAR_RT_RIC_SWITCHING_TO_SATELLITE_BACKHAUL ActiveUavRic=TN_NEAR_RT_RIC NormalUeHandoverAllowed=1 UavMode=NEAR_RT_RIC_EMERGENCY_SWITCHING_WITH_SATELLITE_BACKHAUL
UAV_AUTONOMY_XAPP Time=92.5 DeploymentMode=tn-uav-satellite UavIndex=2 UavCellId=7 BestDonorCellId=4 BestDonorDistanceM=2918.66 XhaulConnected=1 XhaulChannelVariationDb=-4.33341 RawXhaulState=UNREACHABLE RawXhaulStateAgeSec=72 XhaulState=UNREACHABLE DonorUnavailableActive=0 SatBackhaulHealthy=1 UavSwitchingXappAvailable=1 UavSwitchingXappState=ACTIVE AiPredictedBackhaulMode=RULE_BASED BackhaulMode=SATELLITE_FALLBACK RicControlState=NEAR_RT_RIC_SWITCHING_TO_SATELLITE_BACKHAUL ActiveUavRic=TN_NEAR_RT_RIC NormalUeHandoverAllowed=1 UavMode=NEAR_RT_RIC_EMERGENCY_SWITCHING_WITH_SATELLITE_BACKHAUL
---- LOAD at t=92.5 ----
  cell 1 (TN) load=17/20
  cell 2 (TN) load=10/20
  cell 3 (TN) load=13/20
  cell 4 (TN) load=13/20
  cell 5 (NTN) load=8/15
  cell 6 (NTN) load=3/15
  cell 7 (NTN) load=5/15
LM HO UE=14 rnti=16 5->3 type=TN servingRsrp=-129.124 targetRsrp=-87.6632 targetLoadReal=13/20 targetLoadEff=13/20
UE 15 TTT_WAIT target=2 elapsed=0s need=2s
LM HO UE=18 rnti=64 1->2 type=TN servingRsrp=-108.844 targetRsrp=-105.744 targetLoadReal=10/20 targetLoadEff=10/20
UE 19 TTT_WAIT target=5 elapsed=0s need=2s
LM HO_FAIL_LOW_RSRP UE=20 currCell=3 candCell=7 candRsrp=-121.389 < min=-110
UE 21 TTT_WAIT target=3 elapsed=0s need=2s
UE 23 TTT_WAIT target=2 elapsed=0s need=2s
LM HO UE=24 rnti=102 3->2 type=TN servingRsrp=-78.5976 targetRsrp=-75.4181 targetLoadReal=10/20 targetLoadEff=11/20
LM HO_FAIL_LOW_RSRP UE=28 currCell=1 candCell=6 candRsrp=-132.225 < min=-110
UE 30 TTT_WAIT target=3 elapsed=0s need=2s
UE 32 TTT_WAIT target=4 elapsed=0s need=2s
UE 33 TTT_WAIT target=2 elapsed=0s need=2s
LM HO_FAIL_LOW_RSRP UE=34 currCell=4 candCell=6 candRsrp=-125.549 < min=-110
LM HO_FAIL_LOW_RSRP UE=35 currCell=2 candCell=3 candRsrp=-125.691 < min=-110
UE 37 TTT_WAIT target=4 elapsed=0s need=2s
LM HO_FAIL_LOW_RSRP UE=41 currCell=2 candCell=5 candRsrp=-118.946 < min=-110
LM HO_FAIL_LOW_RSRP UE=42 currCell=2 candCell=4 candRsrp=-117.912 < min=-110
UE 45 TTT_WAIT target=1 elapsed=0s need=2s
LM HO_FAIL_LOW_RSRP UE=46 currCell=1 candCell=4 candRsrp=-121.988 < min=-110
LM HO_FAIL_LOW_RSRP UE=48 currCell=4 candCell=7 candRsrp=-126.423 < min=-110
UE 49 TTT_WAIT target=2 elapsed=0s need=2s
LM HO_FAIL_LOW_RSRP UE=54 currCell=1 candCell=2 candRsrp=-116.486 < min=-110
UE 55 TTT_WAIT target=6 elapsed=0s need=2s
LM HO_FAIL_LOW_RSRP UE=57 currCell=3 candCell=5 candRsrp=-125.96 < min=-110
UE 58 TTT_WAIT target=5 elapsed=0s need=2s
LM HO_FAIL_LOW_RSRP UE=60 currCell=3 candCell=5 candRsrp=-126.357 < min=-110
LM HO_FAIL_LOW_RSRP UE=64 currCell=4 candCell=6 candRsrp=-132.316 < min=-110
UE 66 TTT_WAIT target=2 elapsed=0s need=2s
LM HO UE=70 rnti=69 4->1 type=TN servingRsrp=-112.608 targetRsrp=-98.9157 targetLoadReal=17/20 targetLoadEff=17/20
UE 71 TTT_WAIT target=1 elapsed=0s need=2s
UE 72 TTT_WAIT target=2 elapsed=0s need=2s
UE 73 TTT_WAIT target=4 elapsed=0s need=2s
UE 77 TTT_WAIT target=2 elapsed=0s need=2s
UE 79 TTT_WAIT target=6 elapsed=0s need=2s
LM HO UE=82 rnti=51 2->3 type=TN servingRsrp=-122.822 targetRsrp=-102.622 targetLoadReal=13/20 targetLoadEff=14/20
UE 87 TTT_WAIT target=3 elapsed=0s need=2s
UE 89 TTT_WAIT target=2 elapsed=0s need=2s
UE 90 TTT_WAIT target=2 elapsed=0s need=2s
UE 91 TTT_WAIT target=3 elapsed=0s need=2s
UE 102 TTT_WAIT target=3 elapsed=0s need=2s
UE 104 TTT_WAIT target=7 elapsed=0s need=2s
LM HO_FAIL_LOW_RSRP UE=107 currCell=4 candCell=1 candRsrp=-126.466 < min=-110
LM HO_FAIL_LOW_RSRP UE=111 currCell=1 candCell=2 candRsrp=-132.762 < min=-110
UE 116 TTT_WAIT target=6 elapsed=0s need=2s
TRACE HO_SUCCESS Time=92.6151 IMSI=69 TargetCell=1 Type=TN TargetRSRP=-102.974 ServingRSRP=-111.182 BackhaulDlSnr=-999 BackhaulUlSnr=-999
TRACE HO_SUCCESS Time=92.6151 IMSI=17 TargetCell=2 Type=TN TargetRSRP=-101.838 ServingRSRP=-92.7808 BackhaulDlSnr=-999 BackhaulUlSnr=-999
TRACE HO_SUCCESS Time=92.6151 IMSI=23 TargetCell=2 Type=TN TargetRSRP=-110.96 ServingRSRP=-99.7659 BackhaulDlSnr=-999 BackhaulUlSnr=-999
TRACE HO_SUCCESS Time=92.6151 IMSI=81 TargetCell=3 Type=TN TargetRSRP=-134.393 ServingRSRP=-102.266 BackhaulDlSnr=-999 BackhaulUlSnr=-999
TRACE HO_SUCCESS Time=92.6151 IMSI=13 TargetCell=3 Type=TN TargetRSRP=-124.626 ServingRSRP=-125.018 BackhaulDlSnr=-999 BackhaulUlSnr=-999
UAV_AUTONOMY_XAPP Time=94.5 DeploymentMode=tn-uav-satellite UavIndex=0 UavCellId=5 BestDonorCellId=3 BestDonorDistanceM=4675.89 XhaulConnected=1 XhaulChannelVariationDb=-1.83923 RawXhaulState=UNREACHABLE RawXhaulStateAgeSec=90 XhaulState=UNREACHABLE DonorUnavailableActive=0 SatBackhaulHealthy=1 UavSwitchingXappAvailable=1 UavSwitchingXappState=ACTIVE AiPredictedBackhaulMode=RULE_BASED BackhaulMode=SATELLITE_FALLBACK RicControlState=NEAR_RT_RIC_SWITCHING_TO_SATELLITE_BACKHAUL ActiveUavRic=TN_NEAR_RT_RIC NormalUeHandoverAllowed=1 UavMode=NEAR_RT_RIC_EMERGENCY_SWITCHING_WITH_SATELLITE_BACKHAUL
UAV_AUTONOMY_XAPP Time=94.5 DeploymentMode=tn-uav-satellite UavIndex=1 UavCellId=6 BestDonorCellId=4 BestDonorDistanceM=3394.31 XhaulConnected=1 XhaulChannelVariationDb=0.423427 RawXhaulState=UNREACHABLE RawXhaulStateAgeSec=68 XhaulState=UNREACHABLE DonorUnavailableActive=0 SatBackhaulHealthy=1 UavSwitchingXappAvailable=1 UavSwitchingXappState=ACTIVE AiPredictedBackhaulMode=RULE_BASED BackhaulMode=SATELLITE_FALLBACK RicControlState=NEAR_RT_RIC_SWITCHING_TO_SATELLITE_BACKHAUL ActiveUavRic=TN_NEAR_RT_RIC NormalUeHandoverAllowed=1 UavMode=NEAR_RT_RIC_EMERGENCY_SWITCHING_WITH_SATELLITE_BACKHAUL
UAV_AUTONOMY_XAPP Time=94.5 DeploymentMode=tn-uav-satellite UavIndex=2 UavCellId=7 BestDonorCellId=4 BestDonorDistanceM=2971.54 XhaulConnected=1 XhaulChannelVariationDb=-5.86559 RawXhaulState=UNREACHABLE RawXhaulStateAgeSec=74 XhaulState=UNREACHABLE DonorUnavailableActive=0 SatBackhaulHealthy=1 UavSwitchingXappAvailable=1 UavSwitchingXappState=ACTIVE AiPredictedBackhaulMode=RULE_BASED BackhaulMode=SATELLITE_FALLBACK RicControlState=NEAR_RT_RIC_SWITCHING_TO_SATELLITE_BACKHAUL ActiveUavRic=TN_NEAR_RT_RIC NormalUeHandoverAllowed=1 UavMode=NEAR_RT_RIC_EMERGENCY_SWITCHING_WITH_SATELLITE_BACKHAUL
---- LOAD at t=94.5 ----
  cell 1 (TN) load=17/20
  cell 2 (TN) load=11/20
  cell 3 (TN) load=14/20
  cell 4 (TN) load=12/20
  cell 5 (NTN) load=7/15
  cell 6 (NTN) load=3/15
  cell 7 (NTN) load=5/15
UE 13 TTT_WAIT target=1 elapsed=0s need=2s
UE 14 TTT_WAIT target=1 elapsed=0s need=2s
UE 15 TTT_WAIT target=1 elapsed=0s need=2s
LM HO UE=19 rnti=90 3->5 type=NTN servingRsrp=-113.844 targetRsrp=-91.4182 targetLoadReal=7/15 targetLoadEff=7/15
LM HO_FAIL_LOW_RSRP UE=21 currCell=2 candCell=4 candRsrp=-114.051 < min=-110
LM HO UE=23 rnti=66 1->2 type=TN servingRsrp=-104.737 targetRsrp=-95.6359 targetLoadReal=11/20 targetLoadEff=11/20
LM HO UE=30 rnti=54 1->3 type=TN servingRsrp=-121.345 targetRsrp=-100.955 targetLoadReal=14/20 targetLoadEff=14/20
LM HO UE=32 rnti=77 7->4 type=TN servingRsrp=-104.366 targetRsrp=-73.8028 targetLoadReal=12/20 targetLoadEff=12/20
LM HO_FAIL_LOW_RSRP UE=34 currCell=4 candCell=6 candRsrp=-120.818 < min=-110
UE 35 TTT_WAIT target=1 elapsed=0s need=2s
LM HO_FAIL_LOW_RSRP UE=37 currCell=1 candCell=4 candRsrp=-111.862 < min=-110
UE 41 TTT_WAIT target=4 elapsed=0s need=2s
LM HO_FAIL_LOW_RSRP UE=42 currCell=2 candCell=6 candRsrp=-131.105 < min=-110
UE 45 TTT_WAIT target=2 elapsed=0s need=2s
LM HO_FAIL_LOW_RSRP UE=46 currCell=1 candCell=4 candRsrp=-118.02 < min=-110
UE 48 TTT_WAIT target=6 elapsed=0s need=2s
UE 54 TTT_WAIT target=4 elapsed=0s need=2s
UE 56 TTT_WAIT target=6 elapsed=0s need=2s
LM HO_FAIL_LOW_RSRP UE=57 currCell=3 candCell=2 candRsrp=-111.762 < min=-110
LM HO_FAIL_LOW_RSRP UE=58 currCell=3 candCell=7 candRsrp=-129.113 < min=-110
LM HO_FAIL_LOW_RSRP UE=60 currCell=3 candCell=6 candRsrp=-113.08 < min=-110
UE 66 TTT_WAIT target=6 elapsed=0s need=2s
UE 69 TTT_WAIT target=7 elapsed=0s need=2s
UE 70 TTT_WAIT target=4 elapsed=0s need=2s
UE 72 TTT_WAIT target=3 elapsed=0s need=2s
UE 77 TTT_WAIT target=7 elapsed=0s need=2s
LM HO_FAIL_LOW_RSRP UE=79 currCell=4 candCell=6 candRsrp=-129.654 < min=-110
UE 82 TTT_WAIT target=2 elapsed=0s need=2s
UE 85 TTT_WAIT target=6 elapsed=0s need=2s
UE 90 TTT_WAIT target=5 elapsed=0s need=2s
LM HO_FAIL_LOW_RSRP UE=91 currCell=2 candCell=1 candRsrp=-134.117 < min=-110
UE 102 TTT_WAIT target=5 elapsed=0s need=2s
UE 104 TTT_WAIT target=4 elapsed=0s need=2s
UE 107 TTT_WAIT target=6 elapsed=0s need=2s
LM HO_FAIL_LOW_RSRP UE=111 currCell=1 candCell=2 candRsrp=-119.117 < min=-110
UE 116 TTT_WAIT target=2 elapsed=0s need=2s
UE 121 TTT_WAIT target=3 elapsed=0s need=2s
UE 123 TTT_WAIT target=4 elapsed=0s need=2s
TRACE HO_SUCCESS Time=94.6151 IMSI=22 TargetCell=2 Type=TN TargetRSRP=-112.781 ServingRSRP=-85.8328 BackhaulDlSnr=-999 BackhaulUlSnr=-999
TRACE HO_SUCCESS Time=94.6151 IMSI=29 TargetCell=3 Type=TN TargetRSRP=-116.842 ServingRSRP=-115.507 BackhaulDlSnr=-999 BackhaulUlSnr=-999
TRACE HO_SUCCESS Time=94.6151 IMSI=31 TargetCell=4 Type=TN TargetRSRP=-103.662 ServingRSRP=-110.831 BackhaulDlSnr=-999 BackhaulUlSnr=-999
TRACE HO_SUCCESS Time=94.6151 IMSI=18 TargetCell=5 Type=NTN TargetRSRP=-100.902 ServingRSRP=-107.506 BackhaulDlSnr=13.0026 BackhaulUlSnr=8.48197
UAV_AUTONOMY_XAPP Time=96.5 DeploymentMode=tn-uav-satellite UavIndex=0 UavCellId=5 BestDonorCellId=3 BestDonorDistanceM=4742.38 XhaulConnected=1 XhaulChannelVariationDb=4.76032 RawXhaulState=UNREACHABLE RawXhaulStateAgeSec=92 XhaulState=UNREACHABLE DonorUnavailableActive=0 SatBackhaulHealthy=1 UavSwitchingXappAvailable=1 UavSwitchingXappState=ACTIVE AiPredictedBackhaulMode=RULE_BASED BackhaulMode=SATELLITE_FALLBACK RicControlState=NEAR_RT_RIC_SWITCHING_TO_SATELLITE_BACKHAUL ActiveUavRic=TN_NEAR_RT_RIC NormalUeHandoverAllowed=1 UavMode=NEAR_RT_RIC_EMERGENCY_SWITCHING_WITH_SATELLITE_BACKHAUL
UAV_AUTONOMY_XAPP Time=96.5 DeploymentMode=tn-uav-satellite UavIndex=1 UavCellId=6 BestDonorCellId=4 BestDonorDistanceM=3423.07 XhaulConnected=1 XhaulChannelVariationDb=-8.05826 RawXhaulState=UNREACHABLE RawXhaulStateAgeSec=70 XhaulState=UNREACHABLE DonorUnavailableActive=0 SatBackhaulHealthy=1 UavSwitchingXappAvailable=1 UavSwitchingXappState=ACTIVE AiPredictedBackhaulMode=RULE_BASED BackhaulMode=SATELLITE_FALLBACK RicControlState=NEAR_RT_RIC_SWITCHING_TO_SATELLITE_BACKHAUL ActiveUavRic=TN_NEAR_RT_RIC NormalUeHandoverAllowed=1 UavMode=NEAR_RT_RIC_EMERGENCY_SWITCHING_WITH_SATELLITE_BACKHAUL
UAV_AUTONOMY_XAPP Time=96.5 DeploymentMode=tn-uav-satellite UavIndex=2 UavCellId=7 BestDonorCellId=4 BestDonorDistanceM=2991.21 XhaulConnected=1 XhaulChannelVariationDb=-2.58476 RawXhaulState=UNREACHABLE RawXhaulStateAgeSec=76 XhaulState=UNREACHABLE DonorUnavailableActive=0 SatBackhaulHealthy=1 UavSwitchingXappAvailable=1 UavSwitchingXappState=ACTIVE AiPredictedBackhaulMode=RULE_BASED BackhaulMode=SATELLITE_FALLBACK RicControlState=NEAR_RT_RIC_SWITCHING_TO_SATELLITE_BACKHAUL ActiveUavRic=TN_NEAR_RT_RIC NormalUeHandoverAllowed=1 UavMode=NEAR_RT_RIC_EMERGENCY_SWITCHING_WITH_SATELLITE_BACKHAUL
---- LOAD at t=96.5 ----
  cell 1 (TN) load=15/20
  cell 2 (TN) load=12/20
  cell 3 (TN) load=14/20
  cell 4 (TN) load=13/20
  cell 5 (NTN) load=8/15
  cell 6 (NTN) load=3/15
  cell 7 (NTN) load=4/15
LM HO_FAIL_LOW_RSRP UE=14 currCell=3 candCell=6 candRsrp=-124.867 < min=-110
LM HO UE=15 rnti=98 3->1 type=TN servingRsrp=-106.196 targetRsrp=-99.0035 targetLoadReal=15/20 targetLoadEff=15/20
UE 18 TTT_WAIT target=3 elapsed=0s need=2s
LM HO_FAIL_LOW_RSRP UE=20 currCell=3 candCell=6 candRsrp=-129.763 < min=-110
LM HO_FAIL_LOW_RSRP UE=21 currCell=2 candCell=4 candRsrp=-113.36 < min=-110
UE 23 TTT_WAIT target=1 elapsed=0s need=2s
UE 24 TTT_WAIT target=1 elapsed=0s need=2s
LM HO_FAIL_LOW_RSRP UE=26 currCell=3 candCell=7 candRsrp=-137.132 < min=-110
LM HO_FAIL_LOW_RSRP UE=28 currCell=1 candCell=6 candRsrp=-111.216 < min=-110
LM HO UE=35 rnti=50 2->1 type=TN servingRsrp=-127.854 targetRsrp=-97.1691 targetLoadReal=15/20 targetLoadEff=16/20
UE 39 TTT_WAIT target=3 elapsed=0s need=2s
UE 41 TTT_WAIT target=7 elapsed=0s need=2s
UE 42 TTT_WAIT target=4 elapsed=0s need=2s
UE 45 TTT_WAIT target=1 elapsed=0s need=2s
LM HO_FAIL_LOW_RSRP UE=46 currCell=1 candCell=4 candRsrp=-121.163 < min=-110
LM HO_FAIL_LOW_RSRP UE=48 currCell=4 candCell=1 candRsrp=-118.943 < min=-110
LM HO UE=54 rnti=53 1->4 type=TN servingRsrp=-111.835 targetRsrp=-97.2004 targetLoadReal=13/20 targetLoadEff=13/20
LM HO_FAIL_LOW_RSRP UE=55 currCell=1 candCell=2 candRsrp=-110.85 < min=-110
UE 56 TTT_WAIT target=3 elapsed=0s need=2s
UE 57 TTT_WAIT target=2 elapsed=0s need=2s
UE 58 TTT_WAIT target=5 elapsed=0s need=2s
UE 64 TTT_WAIT target=7 elapsed=0s need=2s
UE 67 TTT_WAIT target=2 elapsed=0s need=2s
LM HO_FAIL_LOW_RSRP UE=69 currCell=4 candCell=7 candRsrp=-133.664 < min=-110
LM HO UE=70 rnti=78 1->4 type=TN servingRsrp=-96.0435 targetRsrp=-80.3237 targetLoadReal=13/20 targetLoadEff=14/20
UE 73 TTT_WAIT target=4 elapsed=0s need=2s
LM HO_FAIL_LOW_RSRP UE=77 currCell=4 candCell=6 candRsrp=-128.666 < min=-110
UE 80 TTT_WAIT target=1 elapsed=0s need=2s
LM HO_FAIL_LOW_RSRP UE=82 currCell=3 candCell=1 candRsrp=-116.954 < min=-110
LM HO UE=85 rnti=70 4->6 type=NTN servingRsrp=-111.169 targetRsrp=-91.4806 targetLoadReal=3/15 targetLoadEff=3/15
UE 89 TTT_WAIT target=4 elapsed=0s need=2s
LM HO_FAIL_LOW_RSRP UE=91 currCell=2 candCell=1 candRsrp=-126.337 < min=-110
LM HO UE=107 rnti=81 4->6 type=NTN servingRsrp=-127.654 targetRsrp=-79.4112 targetLoadReal=3/15 targetLoadEff=4/15
UE 109 TTT_WAIT target=1 elapsed=0s need=2s
LM HO_FAIL_LOW_RSRP UE=111 currCell=1 candCell=3 candRsrp=-134.898 < min=-110
LM HO UE=116 rnti=83 4->2 type=TN servingRsrp=-134.659 targetRsrp=-101.403 targetLoadReal=12/20 targetLoadEff=12/20
TRACE HO_SUCCESS Time=96.6151 IMSI=34 TargetCell=1 Type=TN TargetRSRP=-127.875 ServingRSRP=-127.704 BackhaulDlSnr=-999 BackhaulUlSnr=-999
TRACE HO_SUCCESS Time=96.6151 IMSI=14 TargetCell=1 Type=TN TargetRSRP=-125.49 ServingRSRP=-86.5106 BackhaulDlSnr=-999 BackhaulUlSnr=-999
TRACE HO_SUCCESS Time=96.6151 IMSI=115 TargetCell=2 Type=TN TargetRSRP=-134.621 ServingRSRP=-106.067 BackhaulDlSnr=-999 BackhaulUlSnr=-999
TRACE HO_SUCCESS Time=96.6151 IMSI=53 TargetCell=4 Type=TN TargetRSRP=-126.755 ServingRSRP=-104.587 BackhaulDlSnr=-999 BackhaulUlSnr=-999
TRACE HO_SUCCESS Time=96.6151 IMSI=69 TargetCell=4 Type=TN TargetRSRP=-105.139 ServingRSRP=-114.321 BackhaulDlSnr=-999 BackhaulUlSnr=-999
TRACE HO_SUCCESS Time=96.6151 IMSI=84 TargetCell=6 Type=NTN TargetRSRP=-90.6805 ServingRSRP=-87.077 BackhaulDlSnr=13.4389 BackhaulUlSnr=8.91833
TRACE HO_SUCCESS Time=96.6151 IMSI=106 TargetCell=6 Type=NTN TargetRSRP=-116.389 ServingRSRP=-118.355 BackhaulDlSnr=13.4389 BackhaulUlSnr=8.91833
UAV_AUTONOMY_XAPP Time=98.5 DeploymentMode=tn-uav-satellite UavIndex=0 UavCellId=5 BestDonorCellId=2 BestDonorDistanceM=5167.41 XhaulConnected=1 XhaulChannelVariationDb=3.3674 RawXhaulState=UNREACHABLE RawXhaulStateAgeSec=94 XhaulState=UNREACHABLE DonorUnavailableActive=0 SatBackhaulHealthy=1 UavSwitchingXappAvailable=1 UavSwitchingXappState=ACTIVE AiPredictedBackhaulMode=RULE_BASED BackhaulMode=SATELLITE_FALLBACK RicControlState=NEAR_RT_RIC_SWITCHING_TO_SATELLITE_BACKHAUL ActiveUavRic=TN_NEAR_RT_RIC NormalUeHandoverAllowed=1 UavMode=NEAR_RT_RIC_EMERGENCY_SWITCHING_WITH_SATELLITE_BACKHAUL
UAV_AUTONOMY_XAPP Time=98.5 DeploymentMode=tn-uav-satellite UavIndex=1 UavCellId=6 BestDonorCellId=4 BestDonorDistanceM=3465.33 XhaulConnected=1 XhaulChannelVariationDb=2.57609 RawXhaulState=UNREACHABLE RawXhaulStateAgeSec=72 XhaulState=UNREACHABLE DonorUnavailableActive=0 SatBackhaulHealthy=1 UavSwitchingXappAvailable=1 UavSwitchingXappState=ACTIVE AiPredictedBackhaulMode=RULE_BASED BackhaulMode=SATELLITE_FALLBACK RicControlState=NEAR_RT_RIC_SWITCHING_TO_SATELLITE_BACKHAUL ActiveUavRic=TN_NEAR_RT_RIC NormalUeHandoverAllowed=1 UavMode=NEAR_RT_RIC_EMERGENCY_SWITCHING_WITH_SATELLITE_BACKHAUL
UAV_AUTONOMY_XAPP Time=98.5 DeploymentMode=tn-uav-satellite UavIndex=2 UavCellId=7 BestDonorCellId=4 BestDonorDistanceM=3020.97 XhaulConnected=1 XhaulChannelVariationDb=0.938854 RawXhaulState=UNREACHABLE RawXhaulStateAgeSec=78 XhaulState=UNREACHABLE DonorUnavailableActive=0 SatBackhaulHealthy=1 UavSwitchingXappAvailable=1 UavSwitchingXappState=ACTIVE AiPredictedBackhaulMode=RULE_BASED BackhaulMode=SATELLITE_FALLBACK RicControlState=NEAR_RT_RIC_SWITCHING_TO_SATELLITE_BACKHAUL ActiveUavRic=TN_NEAR_RT_RIC NormalUeHandoverAllowed=1 UavMode=NEAR_RT_RIC_EMERGENCY_SWITCHING_WITH_SATELLITE_BACKHAUL
---- LOAD at t=98.5 ----
  cell 1 (TN) load=15/20
  cell 2 (TN) load=12/20
  cell 3 (TN) load=13/20
  cell 4 (TN) load=12/20
  cell 5 (NTN) load=8/15
  cell 6 (NTN) load=6/15
  cell 7 (NTN) load=4/15
UE 9 TTT_WAIT target=1 elapsed=0s need=2s
UE 13 TTT_WAIT target=1 elapsed=0s need=2s
LM HO_FAIL_LOW_RSRP UE=14 currCell=3 candCell=2 candRsrp=-111.294 < min=-110
LM HO UE=23 rnti=58 2->1 type=TN servingRsrp=-114.484 targetRsrp=-109.385 targetLoadReal=15/20 targetLoadEff=15/20
UE 24 TTT_WAIT target=3 elapsed=0s need=2s
UE 26 TTT_WAIT target=1 elapsed=0s need=2s
LM HO_FAIL_LOW_RSRP UE=28 currCell=1 candCell=6 candRsrp=-114.568 < min=-110
UE 30 TTT_WAIT target=1 elapsed=0s need=2s
UE 33 TTT_WAIT target=1 elapsed=0s need=2s
LM HO_FAIL_LOW_RSRP UE=37 currCell=1 candCell=4 candRsrp=-112.509 < min=-110
LM HO_FAIL_LOW_RSRP UE=41 currCell=2 candCell=7 candRsrp=-131.063 < min=-110
UE 42 TTT_WAIT target=1 elapsed=0s need=2s
LM HO UE=45 rnti=104 3->1 type=TN servingRsrp=-111.652 targetRsrp=-101.609 targetLoadReal=15/20 targetLoadEff=16/20
UE 46 TTT_WAIT target=4 elapsed=0s need=2s
UE 47 TTT_WAIT target=2 elapsed=0s need=2s
LM HO_FAIL_LOW_RSRP UE=48 currCell=4 candCell=6 candRsrp=-115.286 < min=-110
LM HO_FAIL_LOW_RSRP UE=54 currCell=4 candCell=5 candRsrp=-121.969 < min=-110
LM HO_FAIL_LOW_RSRP UE=55 currCell=1 candCell=7 candRsrp=-112.518 < min=-110
LM HO UE=56 rnti=23 1->3 type=TN servingRsrp=-103.598 targetRsrp=-76.0785 targetLoadReal=13/20 targetLoadEff=13/20
UE 57 TTT_WAIT target=1 elapsed=0s need=2s
LM HO_FAIL_LOW_RSRP UE=58 currCell=3 candCell=2 candRsrp=-119.712 < min=-110
UE 60 TTT_WAIT target=2 elapsed=0s need=2s
LM HO_FAIL_LOW_RSRP UE=64 currCell=4 candCell=6 candRsrp=-129.66 < min=-110
LM HO_FAIL_LOW_RSRP UE=66 currCell=3 candCell=2 candRsrp=-122.273 < min=-110
LM HO_FAIL_LOW_RSRP UE=67 currCell=1 candCell=4 candRsrp=-124.028 < min=-110
UE 69 TTT_WAIT target=7 elapsed=0s need=2s
UE 71 TTT_WAIT target=3 elapsed=0s need=2s
UE 87 TTT_WAIT target=3 elapsed=0s need=2s
LM HO_FAIL_LOW_RSRP UE=91 currCell=2 candCell=3 candRsrp=-149.276 < min=-110
UE 107 TTT_WAIT target=1 elapsed=0s need=2s
UE 116 TTT_WAIT target=3 elapsed=0s need=2s
TRACE HO_SUCCESS Time=98.6151 IMSI=22 TargetCell=1 Type=TN TargetRSRP=-75.6341 ServingRSRP=-81.9015 BackhaulDlSnr=-999 BackhaulUlSnr=-999
TRACE HO_SUCCESS Time=98.6151 IMSI=44 TargetCell=1 Type=TN TargetRSRP=-106.87 ServingRSRP=-109.183 BackhaulDlSnr=-999 BackhaulUlSnr=-999
TRACE HO_SUCCESS Time=98.6151 IMSI=55 TargetCell=3 Type=TN TargetRSRP=-107.808 ServingRSRP=-100.17 BackhaulDlSnr=-999 BackhaulUlSnr=-999
UAV_AUTONOMY_XAPP Time=100.5 DeploymentMode=tn-uav-satellite UavIndex=0 UavCellId=5 BestDonorCellId=1 BestDonorDistanceM=4784.98 XhaulConnected=1 XhaulChannelVariationDb=2.10929 RawXhaulState=UNREACHABLE RawXhaulStateAgeSec=96 XhaulState=UNREACHABLE DonorUnavailableActive=0 SatBackhaulHealthy=1 UavSwitchingXappAvailable=1 UavSwitchingXappState=ACTIVE AiPredictedBackhaulMode=RULE_BASED BackhaulMode=SATELLITE_FALLBACK RicControlState=NEAR_RT_RIC_SWITCHING_TO_SATELLITE_BACKHAUL ActiveUavRic=TN_NEAR_RT_RIC NormalUeHandoverAllowed=1 UavMode=NEAR_RT_RIC_EMERGENCY_SWITCHING_WITH_SATELLITE_BACKHAUL
UAV_AUTONOMY_XAPP Time=100.5 DeploymentMode=tn-uav-satellite UavIndex=1 UavCellId=6 BestDonorCellId=4 BestDonorDistanceM=3534.73 XhaulConnected=1 XhaulChannelVariationDb=-0.533539 RawXhaulState=UNREACHABLE RawXhaulStateAgeSec=74 XhaulState=UNREACHABLE DonorUnavailableActive=0 SatBackhaulHealthy=1 UavSwitchingXappAvailable=1 UavSwitchingXappState=ACTIVE AiPredictedBackhaulMode=RULE_BASED BackhaulMode=SATELLITE_FALLBACK RicControlState=NEAR_RT_RIC_SWITCHING_TO_SATELLITE_BACKHAUL ActiveUavRic=TN_NEAR_RT_RIC NormalUeHandoverAllowed=1 UavMode=NEAR_RT_RIC_EMERGENCY_SWITCHING_WITH_SATELLITE_BACKHAUL
UAV_AUTONOMY_XAPP Time=100.5 DeploymentMode=tn-uav-satellite UavIndex=2 UavCellId=7 BestDonorCellId=4 BestDonorDistanceM=3076.65 XhaulConnected=1 XhaulChannelVariationDb=-1.64025 RawXhaulState=UNREACHABLE RawXhaulStateAgeSec=80 XhaulState=UNREACHABLE DonorUnavailableActive=0 SatBackhaulHealthy=1 UavSwitchingXappAvailable=1 UavSwitchingXappState=ACTIVE AiPredictedBackhaulMode=RULE_BASED BackhaulMode=SATELLITE_FALLBACK RicControlState=NEAR_RT_RIC_SWITCHING_TO_SATELLITE_BACKHAUL ActiveUavRic=TN_NEAR_RT_RIC NormalUeHandoverAllowed=1 UavMode=NEAR_RT_RIC_EMERGENCY_SWITCHING_WITH_SATELLITE_BACKHAUL
---- LOAD at t=100.5 ----
  cell 1 (TN) load=16/20
  cell 2 (TN) load=11/20
  cell 3 (TN) load=13/20
  cell 4 (TN) load=12/20
  cell 5 (NTN) load=9/15
  cell 6 (NTN) load=8/15
  cell 7 (NTN) load=4/15
UE 9 TTT_WAIT target=4 elapsed=0s need=2s
LM HO_FAIL_LOW_RSRP UE=15 currCell=1 candCell=3 candRsrp=-110.256 < min=-110
UE 19 TTT_WAIT target=2 elapsed=0s need=2s
UE 20 TTT_WAIT target=2 elapsed=0s need=2s
UE 21 TTT_WAIT target=4 elapsed=0s need=2s
UE 23 TTT_WAIT target=7 elapsed=0s need=2s
LM HO_FAIL_LOW_RSRP UE=26 currCell=3 candCell=1 candRsrp=-115.876 < min=-110
UE 33 TTT_WAIT target=2 elapsed=0s need=2s
UE 34 TTT_WAIT target=6 elapsed=0s need=2s
UE 35 TTT_WAIT target=3 elapsed=0s need=2s
LM HO_FAIL_LOW_RSRP UE=37 currCell=1 candCell=4 candRsrp=-122.62 < min=-110
UE 39 TTT_WAIT target=2 elapsed=0s need=2s
UE 42 TTT_WAIT target=3 elapsed=0s need=2s
UE 46 TTT_WAIT target=3 elapsed=0s need=2s
LM HO_FAIL_LOW_RSRP UE=48 currCell=4 candCell=2 candRsrp=-115.818 < min=-110
UE 54 TTT_WAIT target=1 elapsed=0s need=2s
UE 56 TTT_WAIT target=2 elapsed=0s need=2s
UE 58 TTT_WAIT target=5 elapsed=0s need=2s
LM HO_FAIL_LOW_RSRP UE=64 currCell=4 candCell=6 candRsrp=-127.247 < min=-110
LM HO_FAIL_LOW_RSRP UE=66 currCell=3 candCell=7 candRsrp=-122.168 < min=-110
UE 67 TTT_WAIT target=3 elapsed=0s need=2s
UE 70 TTT_WAIT target=3 elapsed=0s need=2s
UE 71 TTT_WAIT target=1 elapsed=0s need=2s
UE 72 TTT_WAIT target=3 elapsed=0s need=2s
LM HO_FAIL_LOW_RSRP UE=73 currCell=1 candCell=4 candRsrp=-110.882 < min=-110
UE 77 TTT_WAIT target=6 elapsed=0s need=2s
UE 78 TTT_WAIT target=3 elapsed=0s need=2s
LM HO_FAIL_LOW_RSRP UE=79 currCell=4 candCell=5 candRsrp=-132.229 < min=-110
UE 84 TTT_WAIT target=3 elapsed=0s need=2s
LM HO_FAIL_LOW_RSRP UE=85 currCell=6 candCell=5 candRsrp=-120.681 < min=-110
UE 87 TTT_WAIT target=1 elapsed=0s need=2s
UE 91 TTT_WAIT target=5 elapsed=0s need=2s
UE 92 TTT_WAIT target=3 elapsed=0s need=2s
UE 104 TTT_WAIT target=7 elapsed=0s need=2s
UE 107 TTT_WAIT target=3 elapsed=0s need=2s
LM HO_FAIL_LOW_RSRP UE=111 currCell=1 candCell=2 candRsrp=-123.071 < min=-110
LM HO_FAIL_LOW_RSRP UE=116 currCell=2 candCell=1 candRsrp=-120.26 < min=-110
UE 123 TTT_WAIT target=2 elapsed=0s need=2s
UAV_AUTONOMY_XAPP Time=102.5 DeploymentMode=tn-uav-satellite UavIndex=0 UavCellId=5 BestDonorCellId=3 BestDonorDistanceM=4939.48 XhaulConnected=1 XhaulChannelVariationDb=-2.14569 RawXhaulState=UNREACHABLE RawXhaulStateAgeSec=98 XhaulState=UNREACHABLE DonorUnavailableActive=0 SatBackhaulHealthy=1 UavSwitchingXappAvailable=1 UavSwitchingXappState=ACTIVE AiPredictedBackhaulMode=RULE_BASED BackhaulMode=SATELLITE_FALLBACK RicControlState=NEAR_RT_RIC_SWITCHING_TO_SATELLITE_BACKHAUL ActiveUavRic=TN_NEAR_RT_RIC NormalUeHandoverAllowed=1 UavMode=NEAR_RT_RIC_EMERGENCY_SWITCHING_WITH_SATELLITE_BACKHAUL
UAV_AUTONOMY_XAPP Time=102.5 DeploymentMode=tn-uav-satellite UavIndex=1 UavCellId=6 BestDonorCellId=4 BestDonorDistanceM=3537.07 XhaulConnected=1 XhaulChannelVariationDb=-3.89363 RawXhaulState=UNREACHABLE RawXhaulStateAgeSec=76 XhaulState=UNREACHABLE DonorUnavailableActive=0 SatBackhaulHealthy=1 UavSwitchingXappAvailable=1 UavSwitchingXappState=ACTIVE AiPredictedBackhaulMode=RULE_BASED BackhaulMode=SATELLITE_FALLBACK RicControlState=NEAR_RT_RIC_SWITCHING_TO_SATELLITE_BACKHAUL ActiveUavRic=TN_NEAR_RT_RIC NormalUeHandoverAllowed=1 UavMode=NEAR_RT_RIC_EMERGENCY_SWITCHING_WITH_SATELLITE_BACKHAUL
UAV_AUTONOMY_XAPP Time=102.5 DeploymentMode=tn-uav-satellite UavIndex=2 UavCellId=7 BestDonorCellId=4 BestDonorDistanceM=3073.61 XhaulConnected=1 XhaulChannelVariationDb=-4.10855 RawXhaulState=UNREACHABLE RawXhaulStateAgeSec=82 XhaulState=UNREACHABLE DonorUnavailableActive=0 SatBackhaulHealthy=1 UavSwitchingXappAvailable=1 UavSwitchingXappState=ACTIVE AiPredictedBackhaulMode=RULE_BASED BackhaulMode=SATELLITE_FALLBACK RicControlState=NEAR_RT_RIC_SWITCHING_TO_SATELLITE_BACKHAUL ActiveUavRic=TN_NEAR_RT_RIC NormalUeHandoverAllowed=1 UavMode=NEAR_RT_RIC_EMERGENCY_SWITCHING_WITH_SATELLITE_BACKHAUL
---- LOAD at t=102.5 ----
  cell 1 (TN) load=16/20
  cell 2 (TN) load=11/20
  cell 3 (TN) load=13/20
  cell 4 (TN) load=12/20
  cell 5 (NTN) load=10/15
  cell 6 (NTN) load=8/15
  cell 7 (NTN) load=4/15
LM HO_FAIL_LOW_RSRP UE=9 currCell=2 candCell=6 candRsrp=-116.421 < min=-110
LM HO_FAIL_LOW_RSRP UE=14 currCell=3 candCell=2 candRsrp=-118.344 < min=-110
UE 15 TTT_WAIT target=3 elapsed=0s need=2s
UE 18 TTT_WAIT target=1 elapsed=0s need=2s
UE 19 TTT_WAIT target=3 elapsed=0s need=2s
UE 20 TTT_WAIT target=5 elapsed=0s need=2s
LM HO UE=21 rnti=55 2->4 type=TN servingRsrp=-105.363 targetRsrp=-74.0142 targetLoadReal=12/20 targetLoadEff=12/20
LM HO_FAIL_LOW_RSRP UE=23 currCell=1 candCell=6 candRsrp=-131.534 < min=-110
UE 24 TTT_WAIT target=1 elapsed=0s need=2s
UE 26 TTT_WAIT target=2 elapsed=0s need=2s
UE 30 TTT_WAIT target=2 elapsed=0s need=2s
LM HO UE=33 rnti=60 7->2 type=TN servingRsrp=-134.211 targetRsrp=-85.6805 targetLoadReal=11/20 targetLoadEff=11/20
LM HO_FAIL_LOW_RSRP UE=34 currCell=4 candCell=1 candRsrp=-119.446 < min=-110
LM HO_FAIL_LOW_RSRP UE=35 currCell=1 candCell=4 candRsrp=-114.437 < min=-110
LM HO_FAIL_LOW_RSRP UE=37 currCell=1 candCell=7 candRsrp=-131.072 < min=-110
UE 39 TTT_WAIT target=3 elapsed=0s need=2s
UE 42 TTT_WAIT target=1 elapsed=0s need=2s
LM HO_FAIL_LOW_RSRP UE=46 currCell=1 candCell=6 candRsrp=-133.233 < min=-110
UE 47 TTT_WAIT target=3 elapsed=0s need=2s
LM HO_FAIL_LOW_RSRP UE=48 currCell=4 candCell=3 candRsrp=-113.527 < min=-110
UE 49 TTT_WAIT target=1 elapsed=0s need=2s
LM HO_FAIL_LOW_RSRP UE=54 currCell=4 candCell=2 candRsrp=-112.254 < min=-110
UE 55 TTT_WAIT target=4 elapsed=0s need=2s
LM HO_FAIL_LOW_RSRP UE=60 currCell=3 candCell=2 candRsrp=-114.284 < min=-110
UE 64 TTT_WAIT target=6 elapsed=0s need=2s
UE 66 TTT_WAIT target=5 elapsed=0s need=2s
LM HO UE=67 rnti=65 1->3 type=TN servingRsrp=-134.445 targetRsrp=-98.6341 targetLoadReal=13/20 targetLoadEff=13/20
UE 70 TTT_WAIT target=1 elapsed=0s need=2s
LM HO UE=71 rnti=48 2->1 type=TN servingRsrp=-104.34 targetRsrp=-81.695 targetLoadReal=16/20 targetLoadEff=16/20
UE 72 TTT_WAIT target=2 elapsed=0s need=2s
LM HO UE=77 rnti=63 4->6 type=NTN servingRsrp=-110.139 targetRsrp=-95.0413 targetLoadReal=8/15 targetLoadEff=8/15
LM HO_FAIL_LOW_RSRP UE=79 currCell=4 candCell=6 candRsrp=-132.451 < min=-110
UE 82 TTT_WAIT target=2 elapsed=0s need=2s
UE 85 TTT_WAIT target=7 elapsed=0s need=2s
LM HO UE=87 rnti=43 2->1 type=TN servingRsrp=-101.662 targetRsrp=-81.6596 targetLoadReal=16/20 targetLoadEff=17/20
UE 89 TTT_WAIT target=1 elapsed=0s need=2s
UE 90 TTT_WAIT target=4 elapsed=0s need=2s
LM HO_FAIL_LOW_RSRP UE=91 currCell=2 candCell=1 candRsrp=-144.104 < min=-110
LM HO_FAIL_LOW_RSRP UE=111 currCell=1 candCell=2 candRsrp=-117.918 < min=-110
UE 113 TTT_WAIT target=4 elapsed=0s need=2s
UE 116 TTT_WAIT target=6 elapsed=0s need=2s
UE 123 TTT_WAIT target=1 elapsed=0s need=2s
TRACE HO_SUCCESS Time=102.615 IMSI=86 TargetCell=1 Type=TN TargetRSRP=-107.146 ServingRSRP=-101.456 BackhaulDlSnr=-999 BackhaulUlSnr=-999
TRACE HO_SUCCESS Time=102.615 IMSI=70 TargetCell=1 Type=TN TargetRSRP=-117.354 ServingRSRP=-104.257 BackhaulDlSnr=-999 BackhaulUlSnr=-999
TRACE HO_SUCCESS Time=102.615 IMSI=32 TargetCell=2 Type=TN TargetRSRP=-83.3455 ServingRSRP=-101.726 BackhaulDlSnr=-999 BackhaulUlSnr=-999
TRACE HO_SUCCESS Time=102.615 IMSI=66 TargetCell=3 Type=TN TargetRSRP=-129.679 ServingRSRP=-125.882 BackhaulDlSnr=-999 BackhaulUlSnr=-999
TRACE HO_SUCCESS Time=102.615 IMSI=20 TargetCell=4 Type=TN TargetRSRP=-115.654 ServingRSRP=-121.905 BackhaulDlSnr=-999 BackhaulUlSnr=-999
TRACE HO_SUCCESS Time=102.615 IMSI=76 TargetCell=6 Type=NTN TargetRSRP=-95.6405 ServingRSRP=-96.7708 BackhaulDlSnr=10.8291 BackhaulUlSnr=6.30855
UAV_AUTONOMY_XAPP Time=104.5 DeploymentMode=tn-uav-satellite UavIndex=0 UavCellId=5 BestDonorCellId=1 BestDonorDistanceM=4916.9 XhaulConnected=1 XhaulChannelVariationDb=0.481545 RawXhaulState=UNREACHABLE RawXhaulStateAgeSec=100 XhaulState=UNREACHABLE DonorUnavailableActive=0 SatBackhaulHealthy=1 UavSwitchingXappAvailable=1 UavSwitchingXappState=ACTIVE AiPredictedBackhaulMode=RULE_BASED BackhaulMode=SATELLITE_FALLBACK RicControlState=NEAR_RT_RIC_SWITCHING_TO_SATELLITE_BACKHAUL ActiveUavRic=TN_NEAR_RT_RIC NormalUeHandoverAllowed=1 UavMode=NEAR_RT_RIC_EMERGENCY_SWITCHING_WITH_SATELLITE_BACKHAUL
UAV_AUTONOMY_XAPP Time=104.5 DeploymentMode=tn-uav-satellite UavIndex=1 UavCellId=6 BestDonorCellId=4 BestDonorDistanceM=3606.81 XhaulConnected=1 XhaulChannelVariationDb=-3.08567 RawXhaulState=UNREACHABLE RawXhaulStateAgeSec=78 XhaulState=UNREACHABLE DonorUnavailableActive=0 SatBackhaulHealthy=1 UavSwitchingXappAvailable=1 UavSwitchingXappState=ACTIVE AiPredictedBackhaulMode=RULE_BASED BackhaulMode=SATELLITE_FALLBACK RicControlState=NEAR_RT_RIC_SWITCHING_TO_SATELLITE_BACKHAUL ActiveUavRic=TN_NEAR_RT_RIC NormalUeHandoverAllowed=1 UavMode=NEAR_RT_RIC_EMERGENCY_SWITCHING_WITH_SATELLITE_BACKHAUL
UAV_AUTONOMY_XAPP Time=104.5 DeploymentMode=tn-uav-satellite UavIndex=2 UavCellId=7 BestDonorCellId=4 BestDonorDistanceM=3130.92 XhaulConnected=1 XhaulChannelVariationDb=-1.01236 RawXhaulState=UNREACHABLE RawXhaulStateAgeSec=84 XhaulState=UNREACHABLE DonorUnavailableActive=0 SatBackhaulHealthy=1 UavSwitchingXappAvailable=1 UavSwitchingXappState=ACTIVE AiPredictedBackhaulMode=RULE_BASED BackhaulMode=SATELLITE_FALLBACK RicControlState=NEAR_RT_RIC_SWITCHING_TO_SATELLITE_BACKHAUL ActiveUavRic=TN_NEAR_RT_RIC NormalUeHandoverAllowed=1 UavMode=NEAR_RT_RIC_EMERGENCY_SWITCHING_WITH_SATELLITE_BACKHAUL
---- LOAD at t=104.5 ----
  cell 1 (TN) load=17/20
  cell 2 (TN) load=9/20
  cell 3 (TN) load=14/20
  cell 4 (TN) load=12/20
  cell 5 (NTN) load=10/15
  cell 6 (NTN) load=9/15
  cell 7 (NTN) load=3/15
UE 9 TTT_WAIT target=4 elapsed=0s need=2s
LM HO_FAIL_LOW_RSRP UE=14 currCell=3 candCell=1 candRsrp=-124.663 < min=-110
LM HO UE=15 rnti=79 1->3 type=TN servingRsrp=-119.223 targetRsrp=-94.7252 targetLoadReal=14/20 targetLoadEff=14/20
LM HO_FAIL_LOW_RSRP UE=20 currCell=3 candCell=6 candRsrp=-117.878 < min=-110
UE 22 TTT_WAIT target=6 elapsed=0s need=2s
UE 23 TTT_WAIT target=2 elapsed=0s need=2s
LM HO UE=26 rnti=96 3->2 type=TN servingRsrp=-120.825 targetRsrp=-89.6759 targetLoadReal=9/20 targetLoadEff=9/20
LM HO_FAIL_LOW_RSRP UE=28 currCell=1 candCell=3 candRsrp=-113.57 < min=-110
UE 33 TTT_WAIT target=1 elapsed=0s need=2s
UE 35 TTT_WAIT target=2 elapsed=0s need=2s
LM HO_FAIL_LOW_RSRP UE=37 currCell=1 candCell=4 candRsrp=-117.185 < min=-110
LM HO UE=42 rnti=41 2->1 type=TN servingRsrp=-126.608 targetRsrp=-98.6552 targetLoadReal=17/20 targetLoadEff=17/20
UE 45 TTT_WAIT target=3 elapsed=0s need=2s
UE 46 TTT_WAIT target=4 elapsed=0s need=2s
LM HO_FAIL_LOW_RSRP UE=48 currCell=4 candCell=5 candRsrp=-122.571 < min=-110
UE 54 TTT_WAIT target=2 elapsed=0s need=2s
UE 57 TTT_WAIT target=2 elapsed=0s need=2s
UE 58 TTT_WAIT target=2 elapsed=0s need=2s
LM HO_FAIL_LOW_RSRP UE=60 currCell=3 candCell=1 candRsrp=-114.417 < min=-110
LM HO UE=64 rnti=53 4->6 type=NTN servingRsrp=-117.075 targetRsrp=-103.816 targetLoadReal=9/15 targetLoadEff=9/15
LM HO_FAIL_LOW_RSRP UE=66 currCell=3 candCell=5 candRsrp=-135.305 < min=-110
LM HO_FAIL_LOW_RSRP UE=69 currCell=4 candCell=7 candRsrp=-131.686 < min=-110
UE 71 TTT_WAIT target=2 elapsed=0s need=2s
LM HO UE=72 rnti=56 5->2 type=TN servingRsrp=-129.11 targetRsrp=-103.548 targetLoadReal=9/20 targetLoadEff=10/20
UE 73 TTT_WAIT target=4 elapsed=0s need=2s
UE 77 TTT_WAIT target=4 elapsed=0s need=2s
UE 78 TTT_WAIT target=2 elapsed=0s need=2s
LM HO_FAIL_LOW_RSRP UE=79 currCell=4 candCell=5 candRsrp=-122.311 < min=-110
LM HO UE=82 rnti=108 3->2 type=TN servingRsrp=-138.206 targetRsrp=-93.7646 targetLoadReal=9/20 targetLoadEff=11/20
LM HO_FAIL_LOW_RSRP UE=85 currCell=6 candCell=7 candRsrp=-118.76 < min=-110
UE 87 TTT_WAIT target=2 elapsed=0s need=2s
LM HO UE=89 rnti=90 6->1 type=TN servingRsrp=-113.579 targetRsrp=-107.535 targetLoadReal=17/20 targetLoadEff=18/20
LM HO_FAIL_LOW_RSRP UE=91 currCell=2 candCell=3 candRsrp=-128.003 < min=-110
UE 102 TTT_WAIT target=1 elapsed=0s need=2s
LM HO_FAIL_LOW_RSRP UE=111 currCell=1 candCell=4 candRsrp=-133.28 < min=-110
LM HO_FAIL_LOW_RSRP UE=116 currCell=2 candCell=4 candRsrp=-116.729 < min=-110
UE 123 TTT_WAIT target=2 elapsed=0s need=2s
TRACE HO_SUCCESS Time=104.615 IMSI=41 TargetCell=1 Type=TN TargetRSRP=-93.6395 ServingRSRP=-112.242 BackhaulDlSnr=-999 BackhaulUlSnr=-999
TRACE HO_SUCCESS Time=104.615 IMSI=88 TargetCell=1 Type=TN TargetRSRP=-141.252 ServingRSRP=-104.728 BackhaulDlSnr=-999 BackhaulUlSnr=-999
TRACE HO_SUCCESS Time=104.615 IMSI=81 TargetCell=2 Type=TN TargetRSRP=-128.382 ServingRSRP=-89.5081 BackhaulDlSnr=-999 BackhaulUlSnr=-999
TRACE HO_SUCCESS Time=104.615 IMSI=25 TargetCell=2 Type=TN TargetRSRP=-117.845 ServingRSRP=-118.108 BackhaulDlSnr=-999 BackhaulUlSnr=-999
TRACE HO_SUCCESS Time=104.615 IMSI=71 TargetCell=2 Type=TN TargetRSRP=-109.242 ServingRSRP=-106.038 BackhaulDlSnr=-999 BackhaulUlSnr=-999
TRACE HO_SUCCESS Time=104.615 IMSI=14 TargetCell=3 Type=TN TargetRSRP=-95.5984 ServingRSRP=-113.17 BackhaulDlSnr=-999 BackhaulUlSnr=-999
TRACE HO_SUCCESS Time=104.615 IMSI=63 TargetCell=6 Type=NTN TargetRSRP=-135.111 ServingRSRP=-117.078 BackhaulDlSnr=14.8483 BackhaulUlSnr=10.3277
UAV_AUTONOMY_XAPP Time=106.5 DeploymentMode=tn-uav-satellite UavIndex=0 UavCellId=5 BestDonorCellId=1 BestDonorDistanceM=4981.02 XhaulConnected=1 XhaulChannelVariationDb=-0.642563 RawXhaulState=UNREACHABLE RawXhaulStateAgeSec=102 XhaulState=UNREACHABLE DonorUnavailableActive=0 SatBackhaulHealthy=1 UavSwitchingXappAvailable=1 UavSwitchingXappState=ACTIVE AiPredictedBackhaulMode=RULE_BASED BackhaulMode=SATELLITE_FALLBACK RicControlState=NEAR_RT_RIC_SWITCHING_TO_SATELLITE_BACKHAUL ActiveUavRic=TN_NEAR_RT_RIC NormalUeHandoverAllowed=1 UavMode=NEAR_RT_RIC_EMERGENCY_SWITCHING_WITH_SATELLITE_BACKHAUL
UAV_AUTONOMY_XAPP Time=106.5 DeploymentMode=tn-uav-satellite UavIndex=1 UavCellId=6 BestDonorCellId=4 BestDonorDistanceM=3636.09 XhaulConnected=1 XhaulChannelVariationDb=-0.532185 RawXhaulState=UNREACHABLE RawXhaulStateAgeSec=80 XhaulState=UNREACHABLE DonorUnavailableActive=0 SatBackhaulHealthy=1 UavSwitchingXappAvailable=1 UavSwitchingXappState=ACTIVE AiPredictedBackhaulMode=RULE_BASED BackhaulMode=SATELLITE_FALLBACK RicControlState=NEAR_RT_RIC_SWITCHING_TO_SATELLITE_BACKHAUL ActiveUavRic=TN_NEAR_RT_RIC NormalUeHandoverAllowed=1 UavMode=NEAR_RT_RIC_EMERGENCY_SWITCHING_WITH_SATELLITE_BACKHAUL
UAV_AUTONOMY_XAPP Time=106.5 DeploymentMode=tn-uav-satellite UavIndex=2 UavCellId=7 BestDonorCellId=4 BestDonorDistanceM=3152.33 XhaulConnected=1 XhaulChannelVariationDb=-1.52385 RawXhaulState=UNREACHABLE RawXhaulStateAgeSec=86 XhaulState=UNREACHABLE DonorUnavailableActive=0 SatBackhaulHealthy=1 UavSwitchingXappAvailable=1 UavSwitchingXappState=ACTIVE AiPredictedBackhaulMode=RULE_BASED BackhaulMode=SATELLITE_FALLBACK RicControlState=NEAR_RT_RIC_SWITCHING_TO_SATELLITE_BACKHAUL ActiveUavRic=TN_NEAR_RT_RIC NormalUeHandoverAllowed=1 UavMode=NEAR_RT_RIC_EMERGENCY_SWITCHING_WITH_SATELLITE_BACKHAUL
---- LOAD at t=106.5 ----
  cell 1 (TN) load=18/20
  cell 2 (TN) load=11/20
  cell 3 (TN) load=14/20
  cell 4 (TN) load=11/20
  cell 5 (NTN) load=10/15
  cell 6 (NTN) load=9/15
  cell 7 (NTN) load=4/15
LM HO_FAIL_LOW_RSRP UE=14 currCell=3 candCell=2 candRsrp=-112.989 < min=-110
UE 19 TTT_WAIT target=3 elapsed=0s need=2s
UE 21 TTT_WAIT target=1 elapsed=0s need=2s
UE 23 TTT_WAIT target=3 elapsed=0s need=2s
UE 26 TTT_WAIT target=3 elapsed=0s need=2s
LM HO_FAIL_LOW_RSRP UE=30 currCell=3 candCell=5 candRsrp=-110.472 < min=-110
UE 32 TTT_WAIT target=7 elapsed=0s need=2s
UE 34 TTT_WAIT target=3 elapsed=0s need=2s
LM HO_FAIL_LOW_RSRP UE=37 currCell=1 candCell=4 candRsrp=-113.144 < min=-110
UE 39 TTT_WAIT target=2 elapsed=0s need=2s
UE 41 TTT_WAIT target=7 elapsed=0s need=2s
LM HO_FAIL_LOW_RSRP UE=42 currCell=1 candCell=4 candRsrp=-111.485 < min=-110
LM HO UE=45 rnti=82 1->3 type=TN servingRsrp=-101.182 targetRsrp=-96.1162 targetLoadReal=14/20 targetLoadEff=14/20
LM HO UE=46 rnti=75 1->4 type=TN servingRsrp=-133.343 targetRsrp=-96.8641 targetLoadReal=11/20 targetLoadEff=11/20
LM HO_FAIL_LOW_RSRP UE=48 currCell=4 candCell=2 candRsrp=-111.062 < min=-110
UE 54 TTT_WAIT target=3 elapsed=0s need=2s
LM HO_FAIL_LOW_RSRP UE=57 currCell=3 candCell=5 candRsrp=-129.54 < min=-110
LM HO_FAIL_LOW_RSRP UE=58 currCell=3 candCell=2 candRsrp=-114.526 < min=-110
UE 60 TTT_WAIT target=1 elapsed=0s need=2s
LM HO_FAIL_LOW_RSRP UE=64 currCell=6 candCell=7 candRsrp=-136.319 < min=-110
LM HO_FAIL_LOW_RSRP UE=67 currCell=3 candCell=5 candRsrp=-132.246 < min=-110
LM HO_FAIL_LOW_RSRP UE=70 currCell=4 candCell=6 candRsrp=-137.695 < min=-110
LM HO_FAIL_LOW_RSRP UE=72 currCell=2 candCell=1 candRsrp=-127.475 < min=-110
LM HO_FAIL_LOW_RSRP UE=73 currCell=1 candCell=4 candRsrp=-112.754 < min=-110
LM HO UE=77 rnti=140 6->4 type=TN servingRsrp=-126.809 targetRsrp=-84.9373 targetLoadReal=11/20 targetLoadEff=12/20
UE 79 TTT_WAIT target=1 elapsed=0s need=2s
LM HO_FAIL_LOW_RSRP UE=82 currCell=2 candCell=6 candRsrp=-135.592 < min=-110
LM HO_FAIL_LOW_RSRP UE=85 currCell=6 candCell=5 candRsrp=-115.984 < min=-110
UE 87 TTT_WAIT target=3 elapsed=0s need=2s
LM HO_FAIL_LOW_RSRP UE=89 currCell=1 candCell=2 candRsrp=-121.688 < min=-110
LM HO_FAIL_LOW_RSRP UE=91 currCell=2 candCell=3 candRsrp=-122.97 < min=-110
UE 111 TTT_WAIT target=7 elapsed=0s need=2s
UE 116 TTT_WAIT target=6 elapsed=0s need=2s
TRACE HO_SUCCESS Time=106.615 IMSI=44 TargetCell=3 Type=TN TargetRSRP=-114.022 ServingRSRP=-89.1029 BackhaulDlSnr=-999 BackhaulUlSnr=-999
TRACE HO_SUCCESS Time=106.615 IMSI=45 TargetCell=4 Type=TN TargetRSRP=-122.319 ServingRSRP=-92.2168 BackhaulDlSnr=-999 BackhaulUlSnr=-999
TRACE HO_SUCCESS Time=106.615 IMSI=76 TargetCell=4 Type=TN TargetRSRP=-113.751 ServingRSRP=-97.0652 BackhaulDlSnr=-999 BackhaulUlSnr=-999
UAV_AUTONOMY_XAPP Time=108.5 DeploymentMode=tn-uav-satellite UavIndex=0 UavCellId=5 BestDonorCellId=1 BestDonorDistanceM=4990.16 XhaulConnected=1 XhaulChannelVariationDb=-1.07815 RawXhaulState=UNREACHABLE RawXhaulStateAgeSec=104 XhaulState=UNREACHABLE DonorUnavailableActive=0 SatBackhaulHealthy=1 UavSwitchingXappAvailable=1 UavSwitchingXappState=ACTIVE AiPredictedBackhaulMode=RULE_BASED BackhaulMode=SATELLITE_FALLBACK RicControlState=NEAR_RT_RIC_SWITCHING_TO_SATELLITE_BACKHAUL ActiveUavRic=TN_NEAR_RT_RIC NormalUeHandoverAllowed=1 UavMode=NEAR_RT_RIC_EMERGENCY_SWITCHING_WITH_SATELLITE_BACKHAUL
UAV_AUTONOMY_XAPP Time=108.5 DeploymentMode=tn-uav-satellite UavIndex=1 UavCellId=6 BestDonorCellId=4 BestDonorDistanceM=3678.85 XhaulConnected=1 XhaulChannelVariationDb=2.11889 RawXhaulState=UNREACHABLE RawXhaulStateAgeSec=82 XhaulState=UNREACHABLE DonorUnavailableActive=0 SatBackhaulHealthy=1 UavSwitchingXappAvailable=1 UavSwitchingXappState=ACTIVE AiPredictedBackhaulMode=RULE_BASED BackhaulMode=SATELLITE_FALLBACK RicControlState=NEAR_RT_RIC_SWITCHING_TO_SATELLITE_BACKHAUL ActiveUavRic=TN_NEAR_RT_RIC NormalUeHandoverAllowed=1 UavMode=NEAR_RT_RIC_EMERGENCY_SWITCHING_WITH_SATELLITE_BACKHAUL
UAV_AUTONOMY_XAPP Time=108.5 DeploymentMode=tn-uav-satellite UavIndex=2 UavCellId=7 BestDonorCellId=4 BestDonorDistanceM=3182.67 XhaulConnected=1 XhaulChannelVariationDb=1.74549 RawXhaulState=UNREACHABLE RawXhaulStateAgeSec=88 XhaulState=UNREACHABLE DonorUnavailableActive=0 SatBackhaulHealthy=1 UavSwitchingXappAvailable=1 UavSwitchingXappState=ACTIVE AiPredictedBackhaulMode=RULE_BASED BackhaulMode=SATELLITE_FALLBACK RicControlState=NEAR_RT_RIC_SWITCHING_TO_SATELLITE_BACKHAUL ActiveUavRic=TN_NEAR_RT_RIC NormalUeHandoverAllowed=1 UavMode=NEAR_RT_RIC_EMERGENCY_SWITCHING_WITH_SATELLITE_BACKHAUL
---- LOAD at t=108.5 ----
  cell 1 (TN) load=16/20
  cell 2 (TN) load=11/20
  cell 3 (TN) load=15/20
  cell 4 (TN) load=13/20
  cell 5 (NTN) load=10/15
  cell 6 (NTN) load=9/15
  cell 7 (NTN) load=4/15
UE 15 TTT_WAIT target=5 elapsed=0s need=2s
LM HO UE=23 rnti=81 1->3 type=TN servingRsrp=-109.863 targetRsrp=-86.4995 targetLoadReal=15/20 targetLoadEff=15/20
UE 24 TTT_WAIT target=1 elapsed=0s need=2s
LM HO UE=26 rnti=61 2->3 type=TN servingRsrp=-123.971 targetRsrp=-90.8628 targetLoadReal=15/20 targetLoadEff=16/20
UE 30 TTT_WAIT target=1 elapsed=0s need=2s
UE 35 TTT_WAIT target=2 elapsed=0s need=2s
LM HO_FAIL_LOW_RSRP UE=37 currCell=1 candCell=4 candRsrp=-123.043 < min=-110
UE 39 TTT_WAIT target=4 elapsed=0s need=2s
UE 41 TTT_WAIT target=6 elapsed=0s need=2s
UE 42 TTT_WAIT target=4 elapsed=0s need=2s
UE 45 TTT_WAIT target=1 elapsed=0s need=2s
LM HO_FAIL_LOW_RSRP UE=46 currCell=4 candCell=5 candRsrp=-118.916 < min=-110
UE 47 TTT_WAIT target=7 elapsed=0s need=2s
LM HO_FAIL_LOW_RSRP UE=48 currCell=4 candCell=6 candRsrp=-131.356 < min=-110
UE 54 TTT_WAIT target=1 elapsed=0s need=2s
UE 55 TTT_WAIT target=2 elapsed=0s need=2s
LM HO_FAIL_LOW_RSRP UE=57 currCell=3 candCell=5 candRsrp=-129.231 < min=-110
UE 58 TTT_WAIT target=5 elapsed=0s need=2s
UE 64 TTT_WAIT target=2 elapsed=0s need=2s
UE 66 TTT_WAIT target=5 elapsed=0s need=2s
LM HO_FAIL_LOW_RSRP UE=67 currCell=3 candCell=6 candRsrp=-123.025 < min=-110
LM HO_FAIL_LOW_RSRP UE=69 currCell=4 candCell=6 candRsrp=-137.416 < min=-110
LM HO_FAIL_LOW_RSRP UE=70 currCell=4 candCell=5 candRsrp=-136.57 < min=-110
UE 71 TTT_WAIT target=2 elapsed=0s need=2s
UE 72 TTT_WAIT target=3 elapsed=0s need=2s
LM HO_FAIL_LOW_RSRP UE=73 currCell=1 candCell=5 candRsrp=-117.745 < min=-110
UE 76 TTT_WAIT target=1 elapsed=0s need=2s
UE 79 TTT_WAIT target=5 elapsed=0s need=2s
LM HO_FAIL_LOW_RSRP UE=82 currCell=2 candCell=6 candRsrp=-126.242 < min=-110
UE 85 TTT_WAIT target=3 elapsed=0s need=2s
LM HO_FAIL_LOW_RSRP UE=89 currCell=1 candCell=4 candRsrp=-134.018 < min=-110
LM HO_FAIL_LOW_RSRP UE=91 currCell=2 candCell=1 candRsrp=-153.347 < min=-110
UE 102 TTT_WAIT target=4 elapsed=0s need=2s
LM HO_FAIL_LOW_RSRP UE=111 currCell=1 candCell=7 candRsrp=-113.009 < min=-110
UE 113 TTT_WAIT target=4 elapsed=0s need=2s
LM HO UE=116 rnti=59 2->6 type=NTN servingRsrp=-120.461 targetRsrp=-67.7228 targetLoadReal=9/15 targetLoadEff=9/15
UE 122 TTT_WAIT target=4 elapsed=0s need=2s
TRACE HO_SUCCESS Time=108.615 IMSI=22 TargetCell=3 Type=TN TargetRSRP=-122.021 ServingRSRP=-108.017 BackhaulDlSnr=-999 BackhaulUlSnr=-999
TRACE HO_SUCCESS Time=108.615 IMSI=25 TargetCell=3 Type=TN TargetRSRP=-125.18 ServingRSRP=-96.2875 BackhaulDlSnr=-999 BackhaulUlSnr=-999
TRACE HO_SUCCESS Time=108.615 IMSI=115 TargetCell=6 Type=NTN TargetRSRP=-75.0646 ServingRSRP=-134.119 BackhaulDlSnr=11.2884 BackhaulUlSnr=6.76777
UAV_AUTONOMY_XAPP Time=110.5 DeploymentMode=tn-uav-satellite UavIndex=0 UavCellId=5 BestDonorCellId=1 BestDonorDistanceM=5007.65 XhaulConnected=1 XhaulChannelVariationDb=-1.14087 RawXhaulState=UNREACHABLE RawXhaulStateAgeSec=106 XhaulState=UNREACHABLE DonorUnavailableActive=0 SatBackhaulHealthy=1 UavSwitchingXappAvailable=1 UavSwitchingXappState=ACTIVE AiPredictedBackhaulMode=RULE_BASED BackhaulMode=SATELLITE_FALLBACK RicControlState=NEAR_RT_RIC_SWITCHING_TO_SATELLITE_BACKHAUL ActiveUavRic=TN_NEAR_RT_RIC NormalUeHandoverAllowed=1 UavMode=NEAR_RT_RIC_EMERGENCY_SWITCHING_WITH_SATELLITE_BACKHAUL
UAV_AUTONOMY_XAPP Time=110.5 DeploymentMode=tn-uav-satellite UavIndex=1 UavCellId=6 BestDonorCellId=4 BestDonorDistanceM=3748.37 XhaulConnected=1 XhaulChannelVariationDb=0.289899 RawXhaulState=UNREACHABLE RawXhaulStateAgeSec=84 XhaulState=UNREACHABLE DonorUnavailableActive=0 SatBackhaulHealthy=1 UavSwitchingXappAvailable=1 UavSwitchingXappState=ACTIVE AiPredictedBackhaulMode=RULE_BASED BackhaulMode=SATELLITE_FALLBACK RicControlState=NEAR_RT_RIC_SWITCHING_TO_SATELLITE_BACKHAUL ActiveUavRic=TN_NEAR_RT_RIC NormalUeHandoverAllowed=1 UavMode=NEAR_RT_RIC_EMERGENCY_SWITCHING_WITH_SATELLITE_BACKHAUL
UAV_AUTONOMY_XAPP Time=110.5 DeploymentMode=tn-uav-satellite UavIndex=2 UavCellId=7 BestDonorCellId=4 BestDonorDistanceM=3239.41 XhaulConnected=1 XhaulChannelVariationDb=-1.20246 RawXhaulState=UNREACHABLE RawXhaulStateAgeSec=90 XhaulState=UNREACHABLE DonorUnavailableActive=0 SatBackhaulHealthy=1 UavSwitchingXappAvailable=1 UavSwitchingXappState=ACTIVE AiPredictedBackhaulMode=RULE_BASED BackhaulMode=SATELLITE_FALLBACK RicControlState=NEAR_RT_RIC_SWITCHING_TO_SATELLITE_BACKHAUL ActiveUavRic=TN_NEAR_RT_RIC NormalUeHandoverAllowed=1 UavMode=NEAR_RT_RIC_EMERGENCY_SWITCHING_WITH_SATELLITE_BACKHAUL
---- LOAD at t=110.5 ----
  cell 1 (TN) load=15/20
  cell 2 (TN) load=9/20
  cell 3 (TN) load=17/20
  cell 4 (TN) load=13/20
  cell 5 (NTN) load=10/15
  cell 6 (NTN) load=10/15
  cell 7 (NTN) load=4/15
UE 9 TTT_WAIT target=3 elapsed=0s need=2s
LM HO_FAIL_LOW_RSRP UE=14 currCell=3 candCell=6 candRsrp=-136.497 < min=-110
UE 19 TTT_WAIT target=3 elapsed=0s need=2s
LM HO_FAIL_LOW_RSRP UE=23 currCell=3 candCell=5 candRsrp=-118.69 < min=-110
LM HO UE=24 rnti=57 2->1 type=TN servingRsrp=-107.204 targetRsrp=-99.8834 targetLoadReal=15/20 targetLoadEff=15/20
UE 26 TTT_WAIT target=1 elapsed=0s need=2s
LM HO_FAIL_LOW_RSRP UE=30 currCell=3 candCell=1 candRsrp=-113.083 < min=-110
UE 35 TTT_WAIT target=5 elapsed=0s need=2s
LM HO_FAIL_LOW_RSRP UE=37 currCell=1 candCell=4 candRsrp=-118.468 < min=-110
UE 39 TTT_WAIT target=2 elapsed=0s need=2s
LM HO_FAIL_LOW_RSRP UE=42 currCell=1 candCell=6 candRsrp=-140.453 < min=-110
UE 43 TTT_WAIT target=1 elapsed=0s need=2s
LM HO UE=45 rnti=121 3->1 type=TN servingRsrp=-124.001 targetRsrp=-103.938 targetLoadReal=15/20 targetLoadEff=16/20
UE 48 TTT_WAIT target=3 elapsed=0s need=2s
LM HO_FAIL_LOW_RSRP UE=49 currCell=4 candCell=6 candRsrp=-146.786 < min=-110
LM HO UE=54 rnti=85 4->1 type=TN servingRsrp=-124.236 targetRsrp=-94.3791 targetLoadReal=15/20 targetLoadEff=17/20
UE 56 TTT_WAIT target=2 elapsed=0s need=2s
LM HO_FAIL_LOW_RSRP UE=57 currCell=3 candCell=6 candRsrp=-129.817 < min=-110
LM HO_FAIL_LOW_RSRP UE=58 currCell=3 candCell=6 candRsrp=-112.221 < min=-110
UE 66 TTT_WAIT target=1 elapsed=0s need=2s
LM HO_FAIL_LOW_RSRP UE=69 currCell=4 candCell=6 candRsrp=-118.29 < min=-110
UE 70 TTT_WAIT target=2 elapsed=0s need=2s
LM HO UE=71 rnti=83 1->2 type=TN servingRsrp=-103.301 targetRsrp=-98.1316 targetLoadReal=9/20 targetLoadEff=9/20
UE 72 TTT_WAIT target=1 elapsed=0s need=2s
UE 73 TTT_WAIT target=4 elapsed=0s need=2s
LM HO UE=76 rnti=120 3->1 type=TN servingRsrp=-114.982 targetRsrp=-105.207 targetLoadReal=15/20 targetLoadEff=18/20
LM HO_FAIL_LOW_RSRP UE=82 currCell=2 candCell=4 candRsrp=-123.967 < min=-110
LM HO UE=85 rnti=115 6->3 type=TN servingRsrp=-112.36 targetRsrp=-102.492 targetLoadReal=17/20 targetLoadEff=17/20
UE 87 TTT_WAIT target=3 elapsed=0s need=2s
LM HO_FAIL_LOW_RSRP UE=89 currCell=1 candCell=4 candRsrp=-143.481 < min=-110
LM HO_FAIL_LOW_RSRP UE=91 currCell=2 candCell=3 candRsrp=-159.162 < min=-110
UE 107 TTT_WAIT target=3 elapsed=0s need=2s
LM HO_FAIL_LOW_RSRP UE=111 currCell=1 candCell=7 candRsrp=-113.12 < min=-110
TRACE HO_SUCCESS Time=110.615 IMSI=23 TargetCell=1 Type=TN TargetRSRP=-99.971 ServingRSRP=-73.4562 BackhaulDlSnr=-999 BackhaulUlSnr=-999
TRACE HO_SUCCESS Time=110.615 IMSI=44 TargetCell=1 Type=TN TargetRSRP=-103.323 ServingRSRP=-98.2411 BackhaulDlSnr=-999 BackhaulUlSnr=-999
TRACE HO_SUCCESS Time=110.615 IMSI=75 TargetCell=1 Type=TN TargetRSRP=-90.1581 ServingRSRP=-82.9113 BackhaulDlSnr=-999 BackhaulUlSnr=-999
TRACE HO_SUCCESS Time=110.615 IMSI=53 TargetCell=1 Type=TN TargetRSRP=-113.438 ServingRSRP=-93.2319 BackhaulDlSnr=-999 BackhaulUlSnr=-999
TRACE HO_SUCCESS Time=110.615 IMSI=70 TargetCell=2 Type=TN TargetRSRP=-115.55 ServingRSRP=-99.411 BackhaulDlSnr=-999 BackhaulUlSnr=-999
TRACE HO_SUCCESS Time=110.615 IMSI=84 TargetCell=3 Type=TN TargetRSRP=-140.183 ServingRSRP=-114.224 BackhaulDlSnr=-999 BackhaulUlSnr=-999
UAV_AUTONOMY_XAPP Time=112.5 DeploymentMode=tn-uav-satellite UavIndex=0 UavCellId=5 BestDonorCellId=3 BestDonorDistanceM=5070.55 XhaulConnected=1 XhaulChannelVariationDb=-0.691947 RawXhaulState=UNREACHABLE RawXhaulStateAgeSec=108 XhaulState=UNREACHABLE DonorUnavailableActive=0 SatBackhaulHealthy=1 UavSwitchingXappAvailable=1 UavSwitchingXappState=ACTIVE AiPredictedBackhaulMode=RULE_BASED BackhaulMode=SATELLITE_FALLBACK RicControlState=NEAR_RT_RIC_SWITCHING_TO_SATELLITE_BACKHAUL ActiveUavRic=TN_NEAR_RT_RIC NormalUeHandoverAllowed=1 UavMode=NEAR_RT_RIC_EMERGENCY_SWITCHING_WITH_SATELLITE_BACKHAUL
UAV_AUTONOMY_XAPP Time=112.5 DeploymentMode=tn-uav-satellite UavIndex=1 UavCellId=6 BestDonorCellId=4 BestDonorDistanceM=3750.67 XhaulConnected=1 XhaulChannelVariationDb=-0.624787 RawXhaulState=UNREACHABLE RawXhaulStateAgeSec=86 XhaulState=UNREACHABLE DonorUnavailableActive=0 SatBackhaulHealthy=1 UavSwitchingXappAvailable=1 UavSwitchingXappState=ACTIVE AiPredictedBackhaulMode=RULE_BASED BackhaulMode=SATELLITE_FALLBACK RicControlState=NEAR_RT_RIC_SWITCHING_TO_SATELLITE_BACKHAUL ActiveUavRic=TN_NEAR_RT_RIC NormalUeHandoverAllowed=1 UavMode=NEAR_RT_RIC_EMERGENCY_SWITCHING_WITH_SATELLITE_BACKHAUL
UAV_AUTONOMY_XAPP Time=112.5 DeploymentMode=tn-uav-satellite UavIndex=2 UavCellId=7 BestDonorCellId=4 BestDonorDistanceM=3236.08 XhaulConnected=1 XhaulChannelVariationDb=-2.61932 RawXhaulState=UNREACHABLE RawXhaulStateAgeSec=92 XhaulState=UNREACHABLE DonorUnavailableActive=0 SatBackhaulHealthy=1 UavSwitchingXappAvailable=1 UavSwitchingXappState=ACTIVE AiPredictedBackhaulMode=RULE_BASED BackhaulMode=SATELLITE_FALLBACK RicControlState=NEAR_RT_RIC_SWITCHING_TO_SATELLITE_BACKHAUL ActiveUavRic=TN_NEAR_RT_RIC NormalUeHandoverAllowed=1 UavMode=NEAR_RT_RIC_EMERGENCY_SWITCHING_WITH_SATELLITE_BACKHAUL
---- LOAD at t=112.5 ----
  cell 1 (TN) load=18/20
  cell 2 (TN) load=9/20
  cell 3 (TN) load=16/20
  cell 4 (TN) load=12/20
  cell 5 (NTN) load=10/15
  cell 6 (NTN) load=9/15
  cell 7 (NTN) load=6/15
UE 9 TTT_WAIT target=1 elapsed=0s need=2s
LM HO_FAIL_LOW_RSRP UE=14 currCell=3 candCell=5 candRsrp=-128.056 < min=-110
UE 15 TTT_WAIT target=5 elapsed=0s need=2s
UE 18 TTT_WAIT target=3 elapsed=0s need=2s
UE 20 TTT_WAIT target=2 elapsed=0s need=2s
UE 23 TTT_WAIT target=1 elapsed=0s need=2s
LM HO UE=26 rnti=123 3->1 type=TN servingRsrp=-126.51 targetRsrp=-96.0576 targetLoadReal=18/20 targetLoadEff=18/20
LM HO_FAIL_LOW_RSRP UE=28 currCell=1 candCell=3 candRsrp=-114.284 < min=-110
UE 30 TTT_WAIT target=1 elapsed=0s need=2s
LM HO_FAIL_LOW_RSRP UE=37 currCell=1 candCell=4 candRsrp=-110.009 < min=-110
LM HO_FAIL_LOW_RSRP UE=42 currCell=1 candCell=5 candRsrp=-136.889 < min=-110
UE 45 TTT_WAIT target=3 elapsed=0s need=2s
UE 46 TTT_WAIT target=6 elapsed=0s need=2s
UE 47 TTT_WAIT target=3 elapsed=0s need=2s
UE 48 TTT_WAIT target=6 elapsed=0s need=2s
LM HO_FAIL_LOW_RSRP UE=54 currCell=1 candCell=2 candRsrp=-110.445 < min=-110
UE 55 TTT_WAIT target=4 elapsed=0s need=2s
UE 56 TTT_WAIT target=1 elapsed=0s need=2s
UE 57 TTT_WAIT target=1 elapsed=0s need=2s
LM HO_FAIL_LOW_RSRP UE=60 currCell=3 candCell=5 candRsrp=-135.513 < min=-110
LM HO_FAIL_LOW_RSRP UE=66 currCell=3 candCell=1 candRsrp=-114.539 < min=-110
LM HO_FAIL_LOW_RSRP UE=67 currCell=3 candCell=5 candRsrp=-131.572 < min=-110
LM HO_FAIL_LOW_RSRP UE=69 currCell=4 candCell=1 candRsrp=-110.701 < min=-110
LM HO UE=72 rnti=62 2->1 type=TN servingRsrp=-136.099 targetRsrp=-99.6407 targetLoadReal=18/20 targetLoadEff=19/20
LM HO UE=73 rnti=76 1->4 type=TN servingRsrp=-126.682 targetRsrp=-104.65 targetLoadReal=12/20 targetLoadEff=12/20
LM HO_FAIL_LOW_RSRP UE=77 currCell=4 candCell=6 candRsrp=-129.881 < min=-110
LM HO_FAIL_LOW_RSRP UE=79 currCell=4 candCell=2 candRsrp=-121.066 < min=-110
UE 82 TTT_WAIT target=3 elapsed=0s need=2s
UE 85 TTT_WAIT target=4 elapsed=0s need=2s
UE 87 TTT_WAIT target=2 elapsed=0s need=2s
LM HO_FAIL_LOW_RSRP UE=89 currCell=1 candCell=2 candRsrp=-115.787 < min=-110
UE 91 TTT_WAIT target=5 elapsed=0s need=2s
UE 111 TTT_WAIT target=4 elapsed=0s need=2s
UE 123 TTT_WAIT target=2 elapsed=0s need=2s
TRACE HO_SUCCESS Time=112.615 IMSI=71 TargetCell=1 Type=TN TargetRSRP=-96.9677 ServingRSRP=-98.0336 BackhaulDlSnr=-999 BackhaulUlSnr=-999
TRACE HO_SUCCESS Time=112.615 IMSI=25 TargetCell=1 Type=TN TargetRSRP=-122.028 ServingRSRP=-116.43 BackhaulDlSnr=-999 BackhaulUlSnr=-999
TRACE HO_SUCCESS Time=112.615 IMSI=72 TargetCell=4 Type=TN TargetRSRP=-129.456 ServingRSRP=-96.47 BackhaulDlSnr=-999 BackhaulUlSnr=-999
UAV_AUTONOMY_XAPP Time=114.5 DeploymentMode=tn-uav-satellite UavIndex=0 UavCellId=5 BestDonorCellId=1 BestDonorDistanceM=4993.78 XhaulConnected=1 XhaulChannelVariationDb=1.76639 RawXhaulState=UNREACHABLE RawXhaulStateAgeSec=110 XhaulState=UNREACHABLE DonorUnavailableActive=0 SatBackhaulHealthy=1 UavSwitchingXappAvailable=1 UavSwitchingXappState=ACTIVE AiPredictedBackhaulMode=RULE_BASED BackhaulMode=SATELLITE_FALLBACK RicControlState=NEAR_RT_RIC_SWITCHING_TO_SATELLITE_BACKHAUL ActiveUavRic=TN_NEAR_RT_RIC NormalUeHandoverAllowed=1 UavMode=NEAR_RT_RIC_EMERGENCY_SWITCHING_WITH_SATELLITE_BACKHAUL
UAV_AUTONOMY_XAPP Time=114.5 DeploymentMode=tn-uav-satellite UavIndex=1 UavCellId=6 BestDonorCellId=4 BestDonorDistanceM=3712.52 XhaulConnected=1 XhaulChannelVariationDb=-3.09079 RawXhaulState=UNREACHABLE RawXhaulStateAgeSec=88 XhaulState=UNREACHABLE DonorUnavailableActive=0 SatBackhaulHealthy=1 UavSwitchingXappAvailable=1 UavSwitchingXappState=ACTIVE AiPredictedBackhaulMode=RULE_BASED BackhaulMode=SATELLITE_FALLBACK RicControlState=NEAR_RT_RIC_SWITCHING_TO_SATELLITE_BACKHAUL ActiveUavRic=TN_NEAR_RT_RIC NormalUeHandoverAllowed=1 UavMode=NEAR_RT_RIC_EMERGENCY_SWITCHING_WITH_SATELLITE_BACKHAUL
UAV_AUTONOMY_XAPP Time=114.5 DeploymentMode=tn-uav-satellite UavIndex=2 UavCellId=7 BestDonorCellId=4 BestDonorDistanceM=3196.9 XhaulConnected=1 XhaulChannelVariationDb=0.106002 RawXhaulState=UNREACHABLE RawXhaulStateAgeSec=94 XhaulState=UNREACHABLE DonorUnavailableActive=0 SatBackhaulHealthy=1 UavSwitchingXappAvailable=1 UavSwitchingXappState=ACTIVE AiPredictedBackhaulMode=RULE_BASED BackhaulMode=SATELLITE_FALLBACK RicControlState=NEAR_RT_RIC_SWITCHING_TO_SATELLITE_BACKHAUL ActiveUavRic=TN_NEAR_RT_RIC NormalUeHandoverAllowed=1 UavMode=NEAR_RT_RIC_EMERGENCY_SWITCHING_WITH_SATELLITE_BACKHAUL
---- LOAD at t=114.5 ----
  cell 1 (TN) load=19/20
  cell 2 (TN) load=8/20
  cell 3 (TN) load=15/20
  cell 4 (TN) load=13/20
  cell 5 (NTN) load=12/15
  cell 6 (NTN) load=10/15
  cell 7 (NTN) load=6/15
UE 9 TTT_WAIT target=4 elapsed=0s need=2s
UE 10 TTT_WAIT target=2 elapsed=0s need=2s
UE 14 TTT_WAIT target=1 elapsed=0s need=2s
LM HO_FAIL_LOW_RSRP UE=15 currCell=3 candCell=6 candRsrp=-129.405 < min=-110
LM HO UE=18 rnti=56 2->3 type=TN servingRsrp=-108.824 targetRsrp=-87.7598 targetLoadReal=15/20 targetLoadEff=15/20
UE 19 TTT_WAIT target=3 elapsed=0s need=2s
UE 26 TTT_WAIT target=2 elapsed=0s need=2s
UE 28 TTT_WAIT target=2 elapsed=0s need=2s
LM HO_FAIL_LOW_RSRP UE=30 currCell=3 candCell=1 candRsrp=-113.728 < min=-110
UE 34 TTT_WAIT target=7 elapsed=0s need=2s
UE 37 TTT_WAIT target=4 elapsed=0s need=2s
UE 39 TTT_WAIT target=2 elapsed=0s need=2s
LM HO_FAIL_LOW_RSRP UE=41 currCell=2 candCell=3 candRsrp=-117.214 < min=-110
LM HO_FAIL_LOW_RSRP UE=42 currCell=1 candCell=2 candRsrp=-121.211 < min=-110
LM HO_FAIL_LOW_RSRP UE=43 currCell=3 candCell=6 candRsrp=-134.787 < min=-110
LM HO UE=45 rnti=88 1->3 type=TN servingRsrp=-100.291 targetRsrp=-94.8559 targetLoadReal=15/20 targetLoadEff=16/20
LM HO UE=46 rnti=88 4->6 type=NTN servingRsrp=-121.422 targetRsrp=-103.787 targetLoadReal=10/15 targetLoadEff=10/15
LM HO UE=47 rnti=59 1->3 type=TN servingRsrp=-104.955 targetRsrp=-94.3551 targetLoadReal=15/20 targetLoadEff=17/20
LM HO_FAIL_LOW_RSRP UE=48 currCell=4 candCell=1 candRsrp=-119.175 < min=-110
UE 54 TTT_WAIT target=2 elapsed=0s need=2s
LM HO_FAIL_LOW_RSRP UE=55 currCell=1 candCell=2 candRsrp=-114.616 < min=-110
LM HO UE=56 rnti=110 3->1 type=TN servingRsrp=-91.4063 targetRsrp=-69.3286 targetLoadReal=19/20 targetLoadEff=19/20
LM HO_FAIL_LOW_RSRP UE=60 currCell=3 candCell=5 candRsrp=-125.858 < min=-110
UE 64 TTT_WAIT target=5 elapsed=0s need=2s
LM HO_FAIL_LOW_RSRP UE=67 currCell=3 candCell=5 candRsrp=-124.682 < min=-110
LM HO_FAIL_LOW_RSRP UE=70 currCell=4 candCell=6 candRsrp=-118.982 < min=-110
LM HO_FAIL_LOW_RSRP UE=72 currCell=1 candCell=3 candRsrp=-123.407 < min=-110
LM HO_FAIL_LOW_RSRP UE=73 currCell=4 candCell=7 candRsrp=-143.771 < min=-110
UE 78 TTT_WAIT target=2 elapsed=0s need=2s
UE 79 TTT_WAIT target=6 elapsed=0s need=2s
LM HO_FAIL_LOW_RSRP UE=82 currCell=2 candCell=4 candRsrp=-125.417 < min=-110
LM HO UE=85 rnti=124 3->4 type=TN servingRsrp=-137.389 targetRsrp=-88.0929 targetLoadReal=13/20 targetLoadEff=13/20
LM HO UE=87 rnti=84 1->2 type=TN servingRsrp=-111.532 targetRsrp=-100.014 targetLoadReal=8/20 targetLoadEff=8/20
LM HO_FAIL_LOW_RSRP UE=89 currCell=1 candCell=4 candRsrp=-113.144 < min=-110
LM HO UE=91 rnti=19 2->5 type=NTN servingRsrp=-160.647 targetRsrp=-103.694 targetLoadReal=12/15 targetLoadEff=12/15
LM HO UE=111 rnti=77 1->4 type=TN servingRsrp=-135.806 targetRsrp=-102.577 targetLoadReal=13/20 targetLoadEff=14/20
TRACE HO_SUCCESS Time=114.615 IMSI=55 TargetCell=1 Type=TN TargetRSRP=-100.981 ServingRSRP=-109.893 BackhaulDlSnr=-999 BackhaulUlSnr=-999
TRACE HO_SUCCESS Time=114.615 IMSI=86 TargetCell=2 Type=TN TargetRSRP=-114.69 ServingRSRP=-112.072 BackhaulDlSnr=-999 BackhaulUlSnr=-999
TRACE HO_SUCCESS Time=114.615 IMSI=46 TargetCell=3 Type=TN TargetRSRP=-92.6974 ServingRSRP=-83.7543 BackhaulDlSnr=-999 BackhaulUlSnr=-999
TRACE HO_SUCCESS Time=114.615 IMSI=44 TargetCell=3 Type=TN TargetRSRP=-120.395 ServingRSRP=-67.4088 BackhaulDlSnr=-999 BackhaulUlSnr=-999
TRACE HO_SUCCESS Time=114.615 IMSI=17 TargetCell=3 Type=TN TargetRSRP=-112.061 ServingRSRP=-101.411 BackhaulDlSnr=-999 BackhaulUlSnr=-999
TRACE HO_SUCCESS Time=114.615 IMSI=110 TargetCell=4 Type=TN TargetRSRP=-135.513 ServingRSRP=-107.067 BackhaulDlSnr=-999 BackhaulUlSnr=-999
TRACE HO_SUCCESS Time=114.615 IMSI=84 TargetCell=4 Type=TN TargetRSRP=-116.786 ServingRSRP=-118.608 BackhaulDlSnr=-999 BackhaulUlSnr=-999
TRACE HO_SUCCESS Time=114.615 IMSI=90 TargetCell=5 Type=NTN TargetRSRP=-105.844 ServingRSRP=-150.478 BackhaulDlSnr=11.7417 BackhaulUlSnr=7.22112
TRACE HO_SUCCESS Time=114.615 IMSI=45 TargetCell=6 Type=NTN TargetRSRP=-110.151 ServingRSRP=-119.255 BackhaulDlSnr=10.8811 BackhaulUlSnr=6.36054
UAV_AUTONOMY_XAPP Time=116.5 DeploymentMode=tn-uav-satellite UavIndex=0 UavCellId=5 BestDonorCellId=1 BestDonorDistanceM=5011.78 XhaulConnected=1 XhaulChannelVariationDb=1.4135 RawXhaulState=UNREACHABLE RawXhaulStateAgeSec=112 XhaulState=UNREACHABLE DonorUnavailableActive=0 SatBackhaulHealthy=1 UavSwitchingXappAvailable=1 UavSwitchingXappState=ACTIVE AiPredictedBackhaulMode=RULE_BASED BackhaulMode=SATELLITE_FALLBACK RicControlState=NEAR_RT_RIC_SWITCHING_TO_SATELLITE_BACKHAUL ActiveUavRic=TN_NEAR_RT_RIC NormalUeHandoverAllowed=1 UavMode=NEAR_RT_RIC_EMERGENCY_SWITCHING_WITH_SATELLITE_BACKHAUL
UAV_AUTONOMY_XAPP Time=116.5 DeploymentMode=tn-uav-satellite UavIndex=1 UavCellId=6 BestDonorCellId=4 BestDonorDistanceM=3687.87 XhaulConnected=1 XhaulChannelVariationDb=-2.99132 RawXhaulState=UNREACHABLE RawXhaulStateAgeSec=90 XhaulState=UNREACHABLE DonorUnavailableActive=0 SatBackhaulHealthy=1 UavSwitchingXappAvailable=1 UavSwitchingXappState=ACTIVE AiPredictedBackhaulMode=RULE_BASED BackhaulMode=SATELLITE_FALLBACK RicControlState=NEAR_RT_RIC_SWITCHING_TO_SATELLITE_BACKHAUL ActiveUavRic=TN_NEAR_RT_RIC NormalUeHandoverAllowed=1 UavMode=NEAR_RT_RIC_EMERGENCY_SWITCHING_WITH_SATELLITE_BACKHAUL
UAV_AUTONOMY_XAPP Time=116.5 DeploymentMode=tn-uav-satellite UavIndex=2 UavCellId=7 BestDonorCellId=4 BestDonorDistanceM=3169.12 XhaulConnected=1 XhaulChannelVariationDb=-1.83284 RawXhaulState=UNREACHABLE RawXhaulStateAgeSec=96 XhaulState=UNREACHABLE DonorUnavailableActive=0 SatBackhaulHealthy=1 UavSwitchingXappAvailable=1 UavSwitchingXappState=ACTIVE AiPredictedBackhaulMode=RULE_BASED BackhaulMode=SATELLITE_FALLBACK RicControlState=NEAR_RT_RIC_SWITCHING_TO_SATELLITE_BACKHAUL ActiveUavRic=TN_NEAR_RT_RIC NormalUeHandoverAllowed=1 UavMode=NEAR_RT_RIC_EMERGENCY_SWITCHING_WITH_SATELLITE_BACKHAUL
---- LOAD at t=116.5 ----
  cell 1 (TN) load=16/20
  cell 2 (TN) load=7/20
  cell 3 (TN) load=16/20
  cell 4 (TN) load=14/20
  cell 5 (NTN) load=13/15
  cell 6 (NTN) load=11/15
  cell 7 (NTN) load=7/15
LM HO_FAIL_LOW_RSRP UE=9 currCell=2 candCell=1 candRsrp=-114.403 < min=-110
LM HO_FAIL_LOW_RSRP UE=14 currCell=3 candCell=4 candRsrp=-115.01 < min=-110
UE 19 TTT_WAIT target=1 elapsed=0s need=2s
LM HO_FAIL_LOW_RSRP UE=21 currCell=4 candCell=6 candRsrp=-136.248 < min=-110
UE 23 TTT_WAIT target=1 elapsed=0s need=2s
UE 24 TTT_WAIT target=2 elapsed=0s need=2s
UE 26 TTT_WAIT target=3 elapsed=0s need=2s
LM HO UE=28 rnti=57 1->2 type=TN servingRsrp=-124.465 targetRsrp=-99.7959 targetLoadReal=7/20 targetLoadEff=7/20
UE 30 TTT_WAIT target=1 elapsed=0s need=2s
UE 32 TTT_WAIT target=6 elapsed=0s need=2s
UE 33 TTT_WAIT target=4 elapsed=0s need=2s
LM HO_FAIL_LOW_RSRP UE=34 currCell=4 candCell=6 candRsrp=-116.717 < min=-110
LM HO_FAIL_LOW_RSRP UE=37 currCell=1 candCell=4 candRsrp=-125.046 < min=-110
LM HO UE=39 rnti=74 1->2 type=TN servingRsrp=-119.576 targetRsrp=-89.3724 targetLoadReal=7/20 targetLoadEff=8/20
LM HO_FAIL_LOW_RSRP UE=41 currCell=2 candCell=5 candRsrp=-123.754 < min=-110
UE 42 TTT_WAIT target=3 elapsed=0s need=2s
LM HO_FAIL_LOW_RSRP UE=43 currCell=3 candCell=5 candRsrp=-110.355 < min=-110
UE 45 TTT_WAIT target=1 elapsed=0s need=2s
UE 47 TTT_WAIT target=1 elapsed=0s need=2s
LM HO_FAIL_LOW_RSRP UE=48 currCell=4 candCell=3 candRsrp=-113.934 < min=-110
LM HO UE=54 rnti=89 1->2 type=TN servingRsrp=-101.356 targetRsrp=-73.4149 targetLoadReal=7/20 targetLoadEff=9/20
LM HO_FAIL_LOW_RSRP UE=55 currCell=1 candCell=6 candRsrp=-142.46 < min=-110
UE 57 TTT_WAIT target=1 elapsed=0s need=2s
UE 58 TTT_WAIT target=2 elapsed=0s need=2s
UE 60 TTT_WAIT target=1 elapsed=0s need=2s
UE 64 TTT_WAIT target=4 elapsed=0s need=2s
UE 66 TTT_WAIT target=1 elapsed=0s need=2s
LM HO_FAIL_LOW_RSRP UE=72 currCell=1 candCell=3 candRsrp=-121.81 < min=-110
LM HO_FAIL_LOW_RSRP UE=77 currCell=4 candCell=7 candRsrp=-127.679 < min=-110
LM HO UE=78 rnti=24 1->2 type=TN servingRsrp=-102.548 targetRsrp=-96.2243 targetLoadReal=7/20 targetLoadEff=10/20
LM HO_FAIL_LOW_RSRP UE=79 currCell=4 candCell=2 candRsrp=-115.231 < min=-110
UE 84 TTT_WAIT target=2 elapsed=0s need=2s
UE 85 TTT_WAIT target=3 elapsed=0s need=2s
UE 87 TTT_WAIT target=1 elapsed=0s need=2s
LM HO_FAIL_LOW_RSRP UE=89 currCell=1 candCell=4 candRsrp=-135.522 < min=-110
UE 105 TTT_WAIT target=4 elapsed=0s need=2s
UE 111 TTT_WAIT target=3 elapsed=0s need=2s
TRACE HO_SUCCESS Time=116.615 IMSI=77 TargetCell=2 Type=TN TargetRSRP=-115.123 ServingRSRP=-114.773 BackhaulDlSnr=-999 BackhaulUlSnr=-999
TRACE HO_SUCCESS Time=116.615 IMSI=27 TargetCell=2 Type=TN TargetRSRP=-91.2669 ServingRSRP=-97.9284 BackhaulDlSnr=-999 BackhaulUlSnr=-999
TRACE HO_SUCCESS Time=116.615 IMSI=38 TargetCell=2 Type=TN TargetRSRP=-82.0971 ServingRSRP=-116.888 BackhaulDlSnr=-999 BackhaulUlSnr=-999
TRACE HO_SUCCESS Time=116.615 IMSI=53 TargetCell=2 Type=TN TargetRSRP=-111.647 ServingRSRP=-123.545 BackhaulDlSnr=-999 BackhaulUlSnr=-999
UAV_AUTONOMY_XAPP Time=118.5 DeploymentMode=tn-uav-satellite UavIndex=0 UavCellId=5 BestDonorCellId=3 BestDonorDistanceM=5138.87 XhaulConnected=1 XhaulChannelVariationDb=-1.6728 RawXhaulState=UNREACHABLE RawXhaulStateAgeSec=114 XhaulState=UNREACHABLE DonorUnavailableActive=0 SatBackhaulHealthy=1 UavSwitchingXappAvailable=1 UavSwitchingXappState=ACTIVE AiPredictedBackhaulMode=RULE_BASED BackhaulMode=SATELLITE_FALLBACK RicControlState=NEAR_RT_RIC_SWITCHING_TO_SATELLITE_BACKHAUL ActiveUavRic=TN_NEAR_RT_RIC NormalUeHandoverAllowed=1 UavMode=NEAR_RT_RIC_EMERGENCY_SWITCHING_WITH_SATELLITE_BACKHAUL
UAV_AUTONOMY_XAPP Time=118.5 DeploymentMode=tn-uav-satellite UavIndex=1 UavCellId=6 BestDonorCellId=4 BestDonorDistanceM=3717.1 XhaulConnected=1 XhaulChannelVariationDb=-2.02967 RawXhaulState=UNREACHABLE RawXhaulStateAgeSec=92 XhaulState=UNREACHABLE DonorUnavailableActive=0 SatBackhaulHealthy=1 UavSwitchingXappAvailable=1 UavSwitchingXappState=ACTIVE AiPredictedBackhaulMode=RULE_BASED BackhaulMode=SATELLITE_FALLBACK RicControlState=NEAR_RT_RIC_SWITCHING_TO_SATELLITE_BACKHAUL ActiveUavRic=TN_NEAR_RT_RIC NormalUeHandoverAllowed=1 UavMode=NEAR_RT_RIC_EMERGENCY_SWITCHING_WITH_SATELLITE_BACKHAUL
UAV_AUTONOMY_XAPP Time=118.5 DeploymentMode=tn-uav-satellite UavIndex=2 UavCellId=7 BestDonorCellId=4 BestDonorDistanceM=3190.31 XhaulConnected=1 XhaulChannelVariationDb=-1.40619 RawXhaulState=UNREACHABLE RawXhaulStateAgeSec=98 XhaulState=UNREACHABLE DonorUnavailableActive=0 SatBackhaulHealthy=1 UavSwitchingXappAvailable=1 UavSwitchingXappState=ACTIVE AiPredictedBackhaulMode=RULE_BASED BackhaulMode=SATELLITE_FALLBACK RicControlState=NEAR_RT_RIC_SWITCHING_TO_SATELLITE_BACKHAUL ActiveUavRic=TN_NEAR_RT_RIC NormalUeHandoverAllowed=1 UavMode=NEAR_RT_RIC_EMERGENCY_SWITCHING_WITH_SATELLITE_BACKHAUL
---- LOAD at t=118.5 ----
  cell 1 (TN) load=12/20
  cell 2 (TN) load=11/20
  cell 3 (TN) load=16/20
  cell 4 (TN) load=14/20
  cell 5 (NTN) load=13/15
  cell 6 (NTN) load=11/15
  cell 7 (NTN) load=7/15
UE 9 TTT_WAIT target=4 elapsed=0s need=2s
LM HO_FAIL_LOW_RSRP UE=14 currCell=3 candCell=4 candRsrp=-122.724 < min=-110
UE 19 TTT_WAIT target=3 elapsed=0s need=2s
UE 23 TTT_WAIT target=2 elapsed=0s need=2s
LM HO_FAIL_LOW_RSRP UE=28 currCell=2 candCell=3 candRsrp=-112.564 < min=-110
UE 29 TTT_WAIT target=2 elapsed=0s need=2s
LM HO_FAIL_LOW_RSRP UE=30 currCell=3 candCell=2 candRsrp=-112.387 < min=-110
LM HO_FAIL_LOW_RSRP UE=34 currCell=4 candCell=5 candRsrp=-128.195 < min=-110
LM HO_FAIL_LOW_RSRP UE=35 currCell=1 candCell=5 candRsrp=-136.667 < min=-110
LM HO_FAIL_LOW_RSRP UE=37 currCell=1 candCell=4 candRsrp=-126.532 < min=-110
LM HO_FAIL_LOW_RSRP UE=41 currCell=2 candCell=4 candRsrp=-119.989 < min=-110
UE 42 TTT_WAIT target=6 elapsed=0s need=2s
UE 43 TTT_WAIT target=2 elapsed=0s need=2s
LM HO UE=45 rnti=126 3->1 type=TN servingRsrp=-114.556 targetRsrp=-66.1856 targetLoadReal=12/20 targetLoadEff=12/20
UE 46 TTT_WAIT target=4 elapsed=0s need=2s
UE 48 TTT_WAIT target=2 elapsed=0s need=2s
UE 49 TTT_WAIT target=1 elapsed=0s need=2s
UE 54 TTT_WAIT target=1 elapsed=0s need=2s
UE 55 TTT_WAIT target=3 elapsed=0s need=2s
UE 57 TTT_WAIT target=2 elapsed=0s need=2s
LM HO UE=58 rnti=69 3->2 type=TN servingRsrp=-123.153 targetRsrp=-105.465 targetLoadReal=11/20 targetLoadEff=11/20
LM HO_FAIL_LOW_RSRP UE=60 currCell=3 candCell=1 candRsrp=-114.264 < min=-110
LM HO_FAIL_LOW_RSRP UE=64 currCell=6 candCell=7 candRsrp=-119.654 < min=-110
LM HO UE=66 rnti=106 3->1 type=TN servingRsrp=-121.087 targetRsrp=-107.255 targetLoadReal=12/20 targetLoadEff=13/20
LM HO_FAIL_LOW_RSRP UE=67 currCell=3 candCell=5 candRsrp=-120.687 < min=-110
UE 69 TTT_WAIT target=1 elapsed=0s need=2s
UE 70 TTT_WAIT target=1 elapsed=0s need=2s
LM HO_FAIL_LOW_RSRP UE=72 currCell=1 candCell=5 candRsrp=-131.358 < min=-110
UE 77 TTT_WAIT target=6 elapsed=0s need=2s
LM HO_FAIL_LOW_RSRP UE=79 currCell=4 candCell=6 candRsrp=-139.107 < min=-110
LM HO_FAIL_LOW_RSRP UE=82 currCell=2 candCell=4 candRsrp=-124.674 < min=-110
UE 85 TTT_WAIT target=7 elapsed=0s need=2s
LM HO UE=87 rnti=65 2->1 type=TN servingRsrp=-101.252 targetRsrp=-96.381 targetLoadReal=12/20 targetLoadEff=14/20
LM HO_FAIL_LOW_RSRP UE=89 currCell=1 candCell=3 candRsrp=-111.424 < min=-110
UE 96 TTT_WAIT target=1 elapsed=0s need=2s
LM HO_FAIL_LOW_RSRP UE=104 currCell=6 candCell=7 candRsrp=-112.683 < min=-110
LM HO_FAIL_LOW_RSRP UE=111 currCell=4 candCell=1 candRsrp=-117.131 < min=-110
UE 123 TTT_WAIT target=2 elapsed=0s need=2s
TRACE HO_SUCCESS Time=118.615 IMSI=86 TargetCell=1 Type=TN TargetRSRP=-94.8757 ServingRSRP=-108.47 BackhaulDlSnr=-999 BackhaulUlSnr=-999
TRACE HO_SUCCESS Time=118.615 IMSI=44 TargetCell=1 Type=TN TargetRSRP=-109.065 ServingRSRP=-90.0707 BackhaulDlSnr=-999 BackhaulUlSnr=-999
TRACE HO_SUCCESS Time=118.615 IMSI=65 TargetCell=1 Type=TN TargetRSRP=-123.977 ServingRSRP=-102.309 BackhaulDlSnr=-999 BackhaulUlSnr=-999
TRACE HO_SUCCESS Time=118.615 IMSI=57 TargetCell=2 Type=TN TargetRSRP=-130.498 ServingRSRP=-126.182 BackhaulDlSnr=-999 BackhaulUlSnr=-999
UAV_AUTONOMY_XAPP Time=120.5 DeploymentMode=tn-uav-satellite UavIndex=0 UavCellId=5 BestDonorCellId=1 BestDonorDistanceM=5019.42 XhaulConnected=1 XhaulChannelVariationDb=2.20609 RawXhaulState=UNREACHABLE RawXhaulStateAgeSec=116 XhaulState=UNREACHABLE DonorUnavailableActive=0 SatBackhaulHealthy=1 UavSwitchingXappAvailable=1 UavSwitchingXappState=ACTIVE AiPredictedBackhaulMode=RULE_BASED BackhaulMode=SATELLITE_FALLBACK RicControlState=NEAR_RT_RIC_SWITCHING_TO_SATELLITE_BACKHAUL ActiveUavRic=TN_NEAR_RT_RIC NormalUeHandoverAllowed=1 UavMode=NEAR_RT_RIC_EMERGENCY_SWITCHING_WITH_SATELLITE_BACKHAUL
UAV_AUTONOMY_XAPP Time=120.5 DeploymentMode=tn-uav-satellite UavIndex=1 UavCellId=6 BestDonorCellId=4 BestDonorDistanceM=3692.15 XhaulConnected=1 XhaulChannelVariationDb=-2.72504 RawXhaulState=UNREACHABLE RawXhaulStateAgeSec=94 XhaulState=UNREACHABLE DonorUnavailableActive=0 SatBackhaulHealthy=1 UavSwitchingXappAvailable=1 UavSwitchingXappState=ACTIVE AiPredictedBackhaulMode=RULE_BASED BackhaulMode=SATELLITE_FALLBACK RicControlState=NEAR_RT_RIC_SWITCHING_TO_SATELLITE_BACKHAUL ActiveUavRic=TN_NEAR_RT_RIC NormalUeHandoverAllowed=1 UavMode=NEAR_RT_RIC_EMERGENCY_SWITCHING_WITH_SATELLITE_BACKHAUL
UAV_AUTONOMY_XAPP Time=120.5 DeploymentMode=tn-uav-satellite UavIndex=2 UavCellId=7 BestDonorCellId=4 BestDonorDistanceM=3223.7 XhaulConnected=1 XhaulChannelVariationDb=-0.847935 RawXhaulState=UNREACHABLE RawXhaulStateAgeSec=100 XhaulState=UNREACHABLE DonorUnavailableActive=0 SatBackhaulHealthy=1 UavSwitchingXappAvailable=1 UavSwitchingXappState=ACTIVE AiPredictedBackhaulMode=RULE_BASED BackhaulMode=SATELLITE_FALLBACK RicControlState=NEAR_RT_RIC_SWITCHING_TO_SATELLITE_BACKHAUL ActiveUavRic=TN_NEAR_RT_RIC NormalUeHandoverAllowed=1 UavMode=NEAR_RT_RIC_EMERGENCY_SWITCHING_WITH_SATELLITE_BACKHAUL
---- LOAD at t=120.5 ----
  cell 1 (TN) load=15/20
  cell 2 (TN) load=11/20
  cell 3 (TN) load=13/20
  cell 4 (TN) load=14/20
  cell 5 (NTN) load=13/15
  cell 6 (NTN) load=11/15
  cell 7 (NTN) load=7/15
UE 9 TTT_WAIT target=3 elapsed=0s need=2s
UE 13 TTT_WAIT target=1 elapsed=0s need=2s
LM HO_FAIL_LOW_RSRP UE=15 currCell=3 candCell=5 candRsrp=-136.978 < min=-110
LM HO UE=19 rnti=147 5->3 type=TN servingRsrp=-120.808 targetRsrp=-89.8215 targetLoadReal=13/20 targetLoadEff=13/20
UE 21 TTT_WAIT target=7 elapsed=0s need=2s
UE 23 TTT_WAIT target=1 elapsed=0s need=2s
UE 24 TTT_WAIT target=2 elapsed=0s need=2s
UE 26 TTT_WAIT target=5 elapsed=0s need=2s
LM HO UE=29 rnti=51 1->2 type=TN servingRsrp=-104.186 targetRsrp=-99.7948 targetLoadReal=11/20 targetLoadEff=11/20
UE 32 TTT_WAIT target=6 elapsed=0s need=2s
UE 33 TTT_WAIT target=4 elapsed=0s need=2s
UE 34 TTT_WAIT target=1 elapsed=0s need=2s
UE 35 TTT_WAIT target=3 elapsed=0s need=2s
LM HO_FAIL_LOW_RSRP UE=37 currCell=1 candCell=2 candRsrp=-122.995 < min=-110
LM HO_FAIL_LOW_RSRP UE=39 currCell=2 candCell=1 candRsrp=-112.494 < min=-110
UE 41 TTT_WAIT target=3 elapsed=0s need=2s
LM HO_FAIL_LOW_RSRP UE=42 currCell=1 candCell=2 candRsrp=-127.294 < min=-110
UE 47 TTT_WAIT target=2 elapsed=0s need=2s
LM HO UE=48 rnti=72 4->2 type=TN servingRsrp=-121.05 targetRsrp=-92.5712 targetLoadReal=11/20 targetLoadEff=12/20
LM HO UE=55 rnti=46 1->3 type=TN servingRsrp=-113.322 targetRsrp=-98.8318 targetLoadReal=13/20 targetLoadEff=14/20
UE 56 TTT_WAIT target=3 elapsed=0s need=2s
LM HO_FAIL_LOW_RSRP UE=60 currCell=3 candCell=7 candRsrp=-120.812 < min=-110
UE 66 TTT_WAIT target=3 elapsed=0s need=2s
LM HO_FAIL_LOW_RSRP UE=70 currCell=4 candCell=2 candRsrp=-113.282 < min=-110
UE 71 TTT_WAIT target=1 elapsed=0s need=2s
LM HO_FAIL_LOW_RSRP UE=72 currCell=1 candCell=3 candRsrp=-124.88 < min=-110
LM HO_FAIL_LOW_RSRP UE=73 currCell=4 candCell=6 candRsrp=-110.712 < min=-110
UE 77 TTT_WAIT target=7 elapsed=0s need=2s
UE 78 TTT_WAIT target=1 elapsed=0s need=2s
LM HO_FAIL_LOW_RSRP UE=79 currCell=4 candCell=6 candRsrp=-132.673 < min=-110
UE 84 TTT_WAIT target=3 elapsed=0s need=2s
LM HO_FAIL_LOW_RSRP UE=89 currCell=1 candCell=4 candRsrp=-127.782 < min=-110
UE 100 TTT_WAIT target=3 elapsed=0s need=2s
UE 107 TTT_WAIT target=3 elapsed=0s need=2s
UE 111 TTT_WAIT target=1 elapsed=0s need=2s
UE 113 TTT_WAIT target=1 elapsed=0s need=2s
UE 123 TTT_WAIT target=3 elapsed=0s need=2s
TRACE HO_SUCCESS Time=120.615 IMSI=28 TargetCell=2 Type=TN TargetRSRP=-78.8903 ServingRSRP=-102.536 BackhaulDlSnr=-999 BackhaulUlSnr=-999
TRACE HO_SUCCESS Time=120.615 IMSI=47 TargetCell=2 Type=TN TargetRSRP=-130.441 ServingRSRP=-120.601 BackhaulDlSnr=-999 BackhaulUlSnr=-999
TRACE HO_SUCCESS Time=120.615 IMSI=54 TargetCell=3 Type=TN TargetRSRP=-131.525 ServingRSRP=-81.608 BackhaulDlSnr=-999 BackhaulUlSnr=-999
TRACE HO_SUCCESS Time=120.615 IMSI=18 TargetCell=3 Type=TN TargetRSRP=-93.3856 ServingRSRP=-104.62 BackhaulDlSnr=-999 BackhaulUlSnr=-999
UAV_AUTONOMY_XAPP Time=122.5 DeploymentMode=tn-uav-satellite UavIndex=0 UavCellId=5 BestDonorCellId=2 BestDonorDistanceM=5461.8 XhaulConnected=1 XhaulChannelVariationDb=-1.44402 RawXhaulState=UNREACHABLE RawXhaulStateAgeSec=118 XhaulState=UNREACHABLE DonorUnavailableActive=0 SatBackhaulHealthy=1 UavSwitchingXappAvailable=1 UavSwitchingXappState=ACTIVE AiPredictedBackhaulMode=RULE_BASED BackhaulMode=SATELLITE_FALLBACK RicControlState=NEAR_RT_RIC_SWITCHING_TO_SATELLITE_BACKHAUL ActiveUavRic=TN_NEAR_RT_RIC NormalUeHandoverAllowed=1 UavMode=NEAR_RT_RIC_EMERGENCY_SWITCHING_WITH_SATELLITE_BACKHAUL
UAV_AUTONOMY_XAPP Time=122.5 DeploymentMode=tn-uav-satellite UavIndex=1 UavCellId=6 BestDonorCellId=4 BestDonorDistanceM=3761.03 XhaulConnected=1 XhaulChannelVariationDb=0.129363 RawXhaulState=UNREACHABLE RawXhaulStateAgeSec=96 XhaulState=UNREACHABLE DonorUnavailableActive=0 SatBackhaulHealthy=1 UavSwitchingXappAvailable=1 UavSwitchingXappState=ACTIVE AiPredictedBackhaulMode=RULE_BASED BackhaulMode=SATELLITE_FALLBACK RicControlState=NEAR_RT_RIC_SWITCHING_TO_SATELLITE_BACKHAUL ActiveUavRic=TN_NEAR_RT_RIC NormalUeHandoverAllowed=1 UavMode=NEAR_RT_RIC_EMERGENCY_SWITCHING_WITH_SATELLITE_BACKHAUL
UAV_AUTONOMY_XAPP Time=122.5 DeploymentMode=tn-uav-satellite UavIndex=2 UavCellId=7 BestDonorCellId=4 BestDonorDistanceM=3278.58 XhaulConnected=1 XhaulChannelVariationDb=-2.70107 RawXhaulState=UNREACHABLE RawXhaulStateAgeSec=102 XhaulState=UNREACHABLE DonorUnavailableActive=0 SatBackhaulHealthy=1 UavSwitchingXappAvailable=1 UavSwitchingXappState=ACTIVE AiPredictedBackhaulMode=RULE_BASED BackhaulMode=SATELLITE_FALLBACK RicControlState=NEAR_RT_RIC_SWITCHING_TO_SATELLITE_BACKHAUL ActiveUavRic=TN_NEAR_RT_RIC NormalUeHandoverAllowed=1 UavMode=NEAR_RT_RIC_EMERGENCY_SWITCHING_WITH_SATELLITE_BACKHAUL
---- LOAD at t=122.5 ----
  cell 1 (TN) load=13/20
  cell 2 (TN) load=13/20
  cell 3 (TN) load=15/20
  cell 4 (TN) load=13/20
  cell 5 (NTN) load=12/15
  cell 6 (NTN) load=11/15
  cell 7 (NTN) load=7/15
LM HO_FAIL_LOW_RSRP UE=9 currCell=2 candCell=1 candRsrp=-117.602 < min=-110
UE 13 TTT_WAIT target=3 elapsed=0s need=2s
LM HO_FAIL_LOW_RSRP UE=14 currCell=3 candCell=2 candRsrp=-121.895 < min=-110
UE 15 TTT_WAIT target=2 elapsed=0s need=2s
LM HO_FAIL_LOW_RSRP UE=19 currCell=3 candCell=1 candRsrp=-122.5 < min=-110
UE 20 TTT_WAIT target=2 elapsed=0s need=2s
LM HO_FAIL_LOW_RSRP UE=21 currCell=4 candCell=7 candRsrp=-141.004 < min=-110
LM HO UE=23 rnti=122 3->1 type=TN servingRsrp=-119.325 targetRsrp=-74.1613 targetLoadReal=13/20 targetLoadEff=13/20
UE 26 TTT_WAIT target=7 elapsed=0s need=2s
UE 28 TTT_WAIT target=1 elapsed=0s need=2s
UE 30 TTT_WAIT target=1 elapsed=0s need=2s
UE 39 TTT_WAIT target=1 elapsed=0s need=2s
UE 41 TTT_WAIT target=7 elapsed=0s need=2s
UE 42 TTT_WAIT target=3 elapsed=0s need=2s
LM HO UE=47 rnti=127 3->2 type=TN servingRsrp=-121.693 targetRsrp=-106.233 targetLoadReal=13/20 targetLoadEff=13/20
UE 48 TTT_WAIT target=6 elapsed=0s need=2s
UE 54 TTT_WAIT target=1 elapsed=0s need=2s
LM HO_FAIL_LOW_RSRP UE=55 currCell=3 candCell=1 candRsrp=-114.907 < min=-110
LM HO UE=56 rnti=93 1->3 type=TN servingRsrp=-99.863 targetRsrp=-83.1804 targetLoadReal=15/20 targetLoadEff=15/20
UE 58 TTT_WAIT target=1 elapsed=0s need=2s
UE 64 TTT_WAIT target=2 elapsed=0s need=2s
UE 66 TTT_WAIT target=2 elapsed=0s need=2s
LM HO_FAIL_LOW_RSRP UE=67 currCell=3 candCell=5 candRsrp=-131.247 < min=-110
LM HO_FAIL_LOW_RSRP UE=69 currCell=4 candCell=7 candRsrp=-130.644 < min=-110
UE 70 TTT_WAIT target=5 elapsed=0s need=2s
LM HO_FAIL_LOW_RSRP UE=72 currCell=1 candCell=2 candRsrp=-124.811 < min=-110
LM HO UE=77 rnti=89 4->7 type=NTN servingRsrp=-112.968 targetRsrp=-104.596 targetLoadReal=7/15 targetLoadEff=7/15
UE 78 TTT_WAIT target=3 elapsed=0s need=2s
UE 79 TTT_WAIT target=7 elapsed=0s need=2s
UE 80 TTT_WAIT target=1 elapsed=0s need=2s
UE 82 TTT_WAIT target=5 elapsed=0s need=2s
UE 87 TTT_WAIT target=2 elapsed=0s need=2s
UE 89 TTT_WAIT target=6 elapsed=0s need=2s
UE 104 TTT_WAIT target=2 elapsed=0s need=2s
LM HO UE=111 rnti=92 4->1 type=TN servingRsrp=-114.733 targetRsrp=-104.715 targetLoadReal=13/20 targetLoadEff=14/20
TRACE HO_SUCCESS Time=122.615 IMSI=22 TargetCell=1 Type=TN TargetRSRP=-109.158 ServingRSRP=-79.4844 BackhaulDlSnr=-999 BackhaulUlSnr=-999
TRACE HO_SUCCESS Time=122.615 IMSI=110 TargetCell=1 Type=TN TargetRSRP=-131.667 ServingRSRP=-108.416 BackhaulDlSnr=-999 BackhaulUlSnr=-999
TRACE HO_SUCCESS Time=122.615 IMSI=46 TargetCell=2 Type=TN TargetRSRP=-110.128 ServingRSRP=-87.6209 BackhaulDlSnr=-999 BackhaulUlSnr=-999
TRACE HO_SUCCESS Time=122.615 IMSI=55 TargetCell=3 Type=TN TargetRSRP=-109.675 ServingRSRP=-100.624 BackhaulDlSnr=-999 BackhaulUlSnr=-999
TRACE HO_SUCCESS Time=122.615 IMSI=76 TargetCell=7 Type=NTN TargetRSRP=-112.121 ServingRSRP=-84.1193 BackhaulDlSnr=11.7592 BackhaulUlSnr=7.23858
UAV_AUTONOMY_XAPP Time=124.5 DeploymentMode=tn-uav-satellite UavIndex=0 UavCellId=5 BestDonorCellId=3 BestDonorDistanceM=5127.96 XhaulConnected=1 XhaulChannelVariationDb=-1.61469 RawXhaulState=UNREACHABLE RawXhaulStateAgeSec=120 XhaulState=UNREACHABLE DonorUnavailableActive=0 SatBackhaulHealthy=1 UavSwitchingXappAvailable=1 UavSwitchingXappState=ACTIVE AiPredictedBackhaulMode=RULE_BASED BackhaulMode=SATELLITE_FALLBACK RicControlState=NEAR_RT_RIC_SWITCHING_TO_SATELLITE_BACKHAUL ActiveUavRic=TN_NEAR_RT_RIC NormalUeHandoverAllowed=1 UavMode=NEAR_RT_RIC_EMERGENCY_SWITCHING_WITH_SATELLITE_BACKHAUL
UAV_AUTONOMY_XAPP Time=124.5 DeploymentMode=tn-uav-satellite UavIndex=1 UavCellId=6 BestDonorCellId=4 BestDonorDistanceM=3789.24 XhaulConnected=1 XhaulChannelVariationDb=-0.285125 RawXhaulState=UNREACHABLE RawXhaulStateAgeSec=98 XhaulState=UNREACHABLE DonorUnavailableActive=0 SatBackhaulHealthy=1 UavSwitchingXappAvailable=1 UavSwitchingXappState=ACTIVE AiPredictedBackhaulMode=RULE_BASED BackhaulMode=SATELLITE_FALLBACK RicControlState=NEAR_RT_RIC_SWITCHING_TO_SATELLITE_BACKHAUL ActiveUavRic=TN_NEAR_RT_RIC NormalUeHandoverAllowed=1 UavMode=NEAR_RT_RIC_EMERGENCY_SWITCHING_WITH_SATELLITE_BACKHAUL
UAV_AUTONOMY_XAPP Time=124.5 DeploymentMode=tn-uav-satellite UavIndex=2 UavCellId=7 BestDonorCellId=4 BestDonorDistanceM=3294.43 XhaulConnected=1 XhaulChannelVariationDb=2.58049 RawXhaulState=UNREACHABLE RawXhaulStateAgeSec=104 XhaulState=UNREACHABLE DonorUnavailableActive=0 SatBackhaulHealthy=1 UavSwitchingXappAvailable=1 UavSwitchingXappState=ACTIVE AiPredictedBackhaulMode=RULE_BASED BackhaulMode=SATELLITE_FALLBACK RicControlState=NEAR_RT_RIC_SWITCHING_TO_SATELLITE_BACKHAUL ActiveUavRic=TN_NEAR_RT_RIC NormalUeHandoverAllowed=1 UavMode=NEAR_RT_RIC_EMERGENCY_SWITCHING_WITH_SATELLITE_BACKHAUL
---- LOAD at t=124.5 ----
  cell 1 (TN) load=14/20
  cell 2 (TN) load=14/20
  cell 3 (TN) load=14/20
  cell 4 (TN) load=11/20
  cell 5 (NTN) load=12/15
  cell 6 (NTN) load=11/15
  cell 7 (NTN) load=10/15
UE 9 TTT_WAIT target=1 elapsed=0s need=2s
UE 15 TTT_WAIT target=4 elapsed=0s need=2s
UE 18 TTT_WAIT target=2 elapsed=0s need=2s
UE 19 TTT_WAIT target=5 elapsed=0s need=2s
LM HO_FAIL_LOW_RSRP UE=23 currCell=1 candCell=7 candRsrp=-135.694 < min=-110
UE 24 TTT_WAIT target=2 elapsed=0s need=2s
UE 26 TTT_WAIT target=3 elapsed=0s need=2s
UE 29 TTT_WAIT target=1 elapsed=0s need=2s
LM HO UE=30 rnti=109 3->1 type=TN servingRsrp=-98.0627 targetRsrp=-91.4616 targetLoadReal=14/20 targetLoadEff=14/20
LM HO_FAIL_LOW_RSRP UE=34 currCell=4 candCell=3 candRsrp=-118.504 < min=-110
UE 35 TTT_WAIT target=3 elapsed=0s need=2s
LM HO_FAIL_LOW_RSRP UE=37 currCell=1 candCell=4 candRsrp=-123.321 < min=-110
LM HO_FAIL_LOW_RSRP UE=39 currCell=2 candCell=7 candRsrp=-126.942 < min=-110
LM HO_FAIL_LOW_RSRP UE=41 currCell=2 candCell=4 candRsrp=-115.723 < min=-110
LM HO UE=42 rnti=85 1->3 type=TN servingRsrp=-131.22 targetRsrp=-98.9099 targetLoadReal=14/20 targetLoadEff=14/20
UE 45 TTT_WAIT target=3 elapsed=0s need=2s
UE 46 TTT_WAIT target=4 elapsed=0s need=2s
LM HO_FAIL_LOW_RSRP UE=48 currCell=2 candCell=4 candRsrp=-127.776 < min=-110
LM HO_FAIL_LOW_RSRP UE=54 currCell=2 candCell=7 candRsrp=-134.475 < min=-110
UE 55 TTT_WAIT target=1 elapsed=0s need=2s
UE 57 TTT_WAIT target=5 elapsed=0s need=2s
UE 58 TTT_WAIT target=5 elapsed=0s need=2s
UE 64 TTT_WAIT target=4 elapsed=0s need=2s
UE 66 TTT_WAIT target=5 elapsed=0s need=2s
UE 67 TTT_WAIT target=5 elapsed=0s need=2s
UE 70 TTT_WAIT target=1 elapsed=0s need=2s
LM HO_FAIL_LOW_RSRP UE=72 currCell=1 candCell=2 candRsrp=-117.593 < min=-110
UE 77 TTT_WAIT target=4 elapsed=0s need=2s
LM HO_FAIL_LOW_RSRP UE=79 currCell=4 candCell=1 candRsrp=-114.981 < min=-110
LM HO UE=80 rnti=89 3->1 type=TN servingRsrp=-86.1591 targetRsrp=-77.5152 targetLoadReal=14/20 targetLoadEff=15/20
LM HO_FAIL_LOW_RSRP UE=82 currCell=2 candCell=4 candRsrp=-124.949 < min=-110
UE 85 TTT_WAIT target=6 elapsed=0s need=2s
UE 89 TTT_WAIT target=2 elapsed=0s need=2s
UE 111 TTT_WAIT target=7 elapsed=0s need=2s
TRACE HO_SUCCESS Time=124.615 IMSI=29 TargetCell=1 Type=TN TargetRSRP=-94.2293 ServingRSRP=-98.9263 BackhaulDlSnr=-999 BackhaulUlSnr=-999
TRACE HO_SUCCESS Time=124.615 IMSI=79 TargetCell=1 Type=TN TargetRSRP=-116.428 ServingRSRP=-90.2377 BackhaulDlSnr=-999 BackhaulUlSnr=-999
TRACE HO_SUCCESS Time=124.615 IMSI=41 TargetCell=3 Type=TN TargetRSRP=-133.956 ServingRSRP=-114.542 BackhaulDlSnr=-999 BackhaulUlSnr=-999
UAV_AUTONOMY_XAPP Time=126.5 DeploymentMode=tn-uav-satellite UavIndex=0 UavCellId=5 BestDonorCellId=1 BestDonorDistanceM=5009.08 XhaulConnected=1 XhaulChannelVariationDb=5.64517 RawXhaulState=UNREACHABLE RawXhaulStateAgeSec=122 XhaulState=UNREACHABLE DonorUnavailableActive=0 SatBackhaulHealthy=1 UavSwitchingXappAvailable=1 UavSwitchingXappState=ACTIVE AiPredictedBackhaulMode=RULE_BASED BackhaulMode=SATELLITE_FALLBACK RicControlState=NEAR_RT_RIC_SWITCHING_TO_SATELLITE_BACKHAUL ActiveUavRic=TN_NEAR_RT_RIC NormalUeHandoverAllowed=1 UavMode=NEAR_RT_RIC_EMERGENCY_SWITCHING_WITH_SATELLITE_BACKHAUL
UAV_AUTONOMY_XAPP Time=126.5 DeploymentMode=tn-uav-satellite UavIndex=1 UavCellId=6 BestDonorCellId=4 BestDonorDistanceM=3764.71 XhaulConnected=1 XhaulChannelVariationDb=-2.86885 RawXhaulState=UNREACHABLE RawXhaulStateAgeSec=100 XhaulState=UNREACHABLE DonorUnavailableActive=0 SatBackhaulHealthy=1 UavSwitchingXappAvailable=1 UavSwitchingXappState=ACTIVE AiPredictedBackhaulMode=RULE_BASED BackhaulMode=SATELLITE_FALLBACK RicControlState=NEAR_RT_RIC_SWITCHING_TO_SATELLITE_BACKHAUL ActiveUavRic=TN_NEAR_RT_RIC NormalUeHandoverAllowed=1 UavMode=NEAR_RT_RIC_EMERGENCY_SWITCHING_WITH_SATELLITE_BACKHAUL
UAV_AUTONOMY_XAPP Time=126.5 DeploymentMode=tn-uav-satellite UavIndex=2 UavCellId=7 BestDonorCellId=4 BestDonorDistanceM=3335.35 XhaulConnected=1 XhaulChannelVariationDb=2.06605 RawXhaulState=UNREACHABLE RawXhaulStateAgeSec=106 XhaulState=UNREACHABLE DonorUnavailableActive=0 SatBackhaulHealthy=1 UavSwitchingXappAvailable=1 UavSwitchingXappState=ACTIVE AiPredictedBackhaulMode=RULE_BASED BackhaulMode=SATELLITE_FALLBACK RicControlState=NEAR_RT_RIC_SWITCHING_TO_SATELLITE_BACKHAUL ActiveUavRic=TN_NEAR_RT_RIC NormalUeHandoverAllowed=1 UavMode=NEAR_RT_RIC_EMERGENCY_SWITCHING_WITH_SATELLITE_BACKHAUL
---- LOAD at t=126.5 ----
  cell 1 (TN) load=15/20
  cell 2 (TN) load=14/20
  cell 3 (TN) load=13/20
  cell 4 (TN) load=11/20
  cell 5 (NTN) load=12/15
  cell 6 (NTN) load=12/15
  cell 7 (NTN) load=10/15
UE 9 TTT_WAIT target=4 elapsed=0s need=2s
UE 14 TTT_WAIT target=6 elapsed=0s need=2s
LM HO_FAIL_LOW_RSRP UE=15 currCell=3 candCell=6 candRsrp=-137.378 < min=-110
LM HO UE=18 rnti=125 3->2 type=TN servingRsrp=-107.196 targetRsrp=-87.9322 targetLoadReal=14/20 targetLoadEff=14/20
UE 19 TTT_WAIT target=1 elapsed=0s need=2s
UE 22 TTT_WAIT target=6 elapsed=0s need=2s
LM HO_FAIL_LOW_RSRP UE=26 currCell=1 candCell=2 candRsrp=-122.045 < min=-110
UE 28 TTT_WAIT target=1 elapsed=0s need=2s
LM HO UE=29 rnti=71 2->1 type=TN servingRsrp=-116.818 targetRsrp=-86.9253 targetLoadReal=15/20 targetLoadEff=15/20
LM HO_FAIL_LOW_RSRP UE=30 currCell=1 candCell=2 candRsrp=-113.758 < min=-110
UE 34 TTT_WAIT target=1 elapsed=0s need=2s
UE 35 TTT_WAIT target=2 elapsed=0s need=2s
UE 37 TTT_WAIT target=7 elapsed=0s need=2s
UE 39 TTT_WAIT target=1 elapsed=0s need=2s
LM HO_FAIL_LOW_RSRP UE=42 currCell=3 candCell=2 candRsrp=-125.782 < min=-110
LM HO UE=46 rnti=159 6->4 type=TN servingRsrp=-129.871 targetRsrp=-107.799 targetLoadReal=11/20 targetLoadEff=11/20
LM HO_FAIL_LOW_RSRP UE=48 currCell=2 candCell=5 candRsrp=-121.381 < min=-110
UE 49 TTT_WAIT target=1 elapsed=0s need=2s
UE 54 TTT_WAIT target=1 elapsed=0s need=2s
UE 55 TTT_WAIT target=4 elapsed=0s need=2s
UE 58 TTT_WAIT target=3 elapsed=0s need=2s
LM HO_FAIL_LOW_RSRP UE=60 currCell=3 candCell=1 candRsrp=-113.907 < min=-110
LM HO_FAIL_LOW_RSRP UE=66 currCell=1 candCell=5 candRsrp=-135.51 < min=-110
LM HO_FAIL_LOW_RSRP UE=67 currCell=3 candCell=5 candRsrp=-110.176 < min=-110
UE 69 TTT_WAIT target=7 elapsed=0s need=2s
LM HO UE=77 rnti=110 7->4 type=TN servingRsrp=-139.619 targetRsrp=-88.4536 targetLoadReal=11/20 targetLoadEff=12/20
LM HO_FAIL_LOW_RSRP UE=79 currCell=4 candCell=6 candRsrp=-136.285 < min=-110
UE 80 TTT_WAIT target=3 elapsed=0s need=2s
LM HO_FAIL_LOW_RSRP UE=82 currCell=2 candCell=3 candRsrp=-123.588 < min=-110
LM HO_FAIL_LOW_RSRP UE=85 currCell=4 candCell=6 candRsrp=-128.745 < min=-110
UE 87 TTT_WAIT target=3 elapsed=0s need=2s
LM HO UE=89 rnti=86 1->2 type=TN servingRsrp=-140.276 targetRsrp=-107.018 targetLoadReal=14/20 targetLoadEff=15/20
LM HO_FAIL_LOW_RSRP UE=111 currCell=1 candCell=3 candRsrp=-119.634 < min=-110
UE 123 TTT_WAIT target=4 elapsed=0s need=2s
TRACE HO_SUCCESS Time=126.615 IMSI=28 TargetCell=1 Type=TN TargetRSRP=-104.716 ServingRSRP=-106.877 BackhaulDlSnr=-999 BackhaulUlSnr=-999
TRACE HO_SUCCESS Time=126.615 IMSI=88 TargetCell=2 Type=TN TargetRSRP=-148.543 ServingRSRP=-77.4555 BackhaulDlSnr=-999 BackhaulUlSnr=-999
TRACE HO_SUCCESS Time=126.615 IMSI=17 TargetCell=2 Type=TN TargetRSRP=-106.317 ServingRSRP=-79.6733 BackhaulDlSnr=-999 BackhaulUlSnr=-999
TRACE HO_SUCCESS Time=126.615 IMSI=45 TargetCell=4 Type=TN TargetRSRP=-82.6654 ServingRSRP=-130.268 BackhaulDlSnr=-999 BackhaulUlSnr=-999
TRACE HO_SUCCESS Time=126.615 IMSI=76 TargetCell=4 Type=TN TargetRSRP=-113.171 ServingRSRP=-128.753 BackhaulDlSnr=-999 BackhaulUlSnr=-999
UAV_AUTONOMY_XAPP Time=128.5 DeploymentMode=tn-uav-satellite UavIndex=0 UavCellId=5 BestDonorCellId=1 BestDonorDistanceM=4970.04 XhaulConnected=1 XhaulChannelVariationDb=-0.300075 RawXhaulState=UNREACHABLE RawXhaulStateAgeSec=124 XhaulState=UNREACHABLE DonorUnavailableActive=0 SatBackhaulHealthy=1 UavSwitchingXappAvailable=1 UavSwitchingXappState=ACTIVE AiPredictedBackhaulMode=RULE_BASED BackhaulMode=SATELLITE_FALLBACK RicControlState=NEAR_RT_RIC_SWITCHING_TO_SATELLITE_BACKHAUL ActiveUavRic=TN_NEAR_RT_RIC NormalUeHandoverAllowed=1 UavMode=NEAR_RT_RIC_EMERGENCY_SWITCHING_WITH_SATELLITE_BACKHAUL
UAV_AUTONOMY_XAPP Time=128.5 DeploymentMode=tn-uav-satellite UavIndex=1 UavCellId=6 BestDonorCellId=4 BestDonorDistanceM=3832.42 XhaulConnected=1 XhaulChannelVariationDb=-3.42016 RawXhaulState=UNREACHABLE RawXhaulStateAgeSec=102 XhaulState=UNREACHABLE DonorUnavailableActive=0 SatBackhaulHealthy=1 UavSwitchingXappAvailable=1 UavSwitchingXappState=ACTIVE AiPredictedBackhaulMode=RULE_BASED BackhaulMode=SATELLITE_FALLBACK RicControlState=NEAR_RT_RIC_SWITCHING_TO_SATELLITE_BACKHAUL ActiveUavRic=TN_NEAR_RT_RIC NormalUeHandoverAllowed=1 UavMode=NEAR_RT_RIC_EMERGENCY_SWITCHING_WITH_SATELLITE_BACKHAUL
UAV_AUTONOMY_XAPP Time=128.5 DeploymentMode=tn-uav-satellite UavIndex=2 UavCellId=7 BestDonorCellId=4 BestDonorDistanceM=3402.78 XhaulConnected=1 XhaulChannelVariationDb=2.10562 RawXhaulState=UNREACHABLE RawXhaulStateAgeSec=108 XhaulState=UNREACHABLE DonorUnavailableActive=0 SatBackhaulHealthy=1 UavSwitchingXappAvailable=1 UavSwitchingXappState=ACTIVE AiPredictedBackhaulMode=RULE_BASED BackhaulMode=SATELLITE_FALLBACK RicControlState=NEAR_RT_RIC_SWITCHING_TO_SATELLITE_BACKHAUL ActiveUavRic=TN_NEAR_RT_RIC NormalUeHandoverAllowed=1 UavMode=NEAR_RT_RIC_EMERGENCY_SWITCHING_WITH_SATELLITE_BACKHAUL
---- LOAD at t=128.5 ----
  cell 1 (TN) load=15/20
  cell 2 (TN) load=15/20
  cell 3 (TN) load=12/20
  cell 4 (TN) load=13/20
  cell 5 (NTN) load=13/15
  cell 6 (NTN) load=11/15
  cell 7 (NTN) load=9/15
LM HO UE=9 rnti=49 2->4 type=TN servingRsrp=-120.041 targetRsrp=-96.2099 targetLoadReal=13/20 targetLoadEff=13/20
UE 13 TTT_WAIT target=3 elapsed=0s need=2s
LM HO_FAIL_LOW_RSRP UE=14 currCell=3 candCell=1 candRsrp=-125.058 < min=-110
UE 15 TTT_WAIT target=1 elapsed=0s need=2s
LM HO_FAIL_LOW_RSRP UE=19 currCell=3 candCell=2 candRsrp=-114.081 < min=-110
UE 26 TTT_WAIT target=2 elapsed=0s need=2s
LM HO_FAIL_LOW_RSRP UE=28 currCell=2 candCell=1 candRsrp=-123.367 < min=-110
UE 30 TTT_WAIT target=3 elapsed=0s need=2s
UE 32 TTT_WAIT target=6 elapsed=0s need=2s
UE 33 TTT_WAIT target=1 elapsed=0s need=2s
LM HO UE=34 rnti=65 4->1 type=TN servingRsrp=-121.798 targetRsrp=-99.047 targetLoadReal=15/20 targetLoadEff=15/20
LM HO_FAIL_LOW_RSRP UE=35 currCell=1 candCell=6 candRsrp=-138.223 < min=-110
UE 37 TTT_WAIT target=2 elapsed=0s need=2s
UE 41 TTT_WAIT target=6 elapsed=0s need=2s
UE 42 TTT_WAIT target=4 elapsed=0s need=2s
LM HO_FAIL_LOW_RSRP UE=43 currCell=3 candCell=5 candRsrp=-132.164 < min=-110
UE 45 TTT_WAIT target=3 elapsed=0s need=2s
UE 46 TTT_WAIT target=3 elapsed=0s need=2s
UE 47 TTT_WAIT target=1 elapsed=0s need=2s
UE 55 TTT_WAIT target=2 elapsed=0s need=2s
LM HO_FAIL_LOW_RSRP UE=57 currCell=3 candCell=2 candRsrp=-111.019 < min=-110
LM HO_FAIL_LOW_RSRP UE=58 currCell=2 candCell=5 candRsrp=-119.824 < min=-110
UE 64 TTT_WAIT target=2 elapsed=0s need=2s
LM HO_FAIL_LOW_RSRP UE=66 currCell=1 candCell=3 candRsrp=-114.899 < min=-110
LM HO_FAIL_LOW_RSRP UE=67 currCell=3 candCell=2 candRsrp=-117.811 < min=-110
UE 69 TTT_WAIT target=2 elapsed=0s need=2s
UE 70 TTT_WAIT target=2 elapsed=0s need=2s
UE 71 TTT_WAIT target=1 elapsed=0s need=2s
UE 72 TTT_WAIT target=3 elapsed=0s need=2s
UE 76 TTT_WAIT target=2 elapsed=0s need=2s
UE 78 TTT_WAIT target=1 elapsed=0s need=2s
LM HO_FAIL_LOW_RSRP UE=79 currCell=4 candCell=7 candRsrp=-112.954 < min=-110
LM HO UE=80 rnti=100 1->3 type=TN servingRsrp=-109.033 targetRsrp=-91.915 targetLoadReal=12/20 targetLoadEff=12/20
UE 82 TTT_WAIT target=5 elapsed=0s need=2s
LM HO_FAIL_LOW_RSRP UE=85 currCell=4 candCell=6 candRsrp=-127.179 < min=-110
UE 87 TTT_WAIT target=2 elapsed=0s need=2s
LM HO_FAIL_LOW_RSRP UE=89 currCell=2 candCell=4 candRsrp=-118.155 < min=-110
LM HO_FAIL_LOW_RSRP UE=111 currCell=1 candCell=3 candRsrp=-113.943 < min=-110
UE 122 TTT_WAIT target=1 elapsed=0s need=2s
LM HO_FAIL_LOW_RSRP UE=125 currCell=6 candCell=7 candRsrp=-110.006 < min=-110
TRACE HO_SUCCESS Time=128.615 IMSI=33 TargetCell=1 Type=TN TargetRSRP=-99.0846 ServingRSRP=-111.851 BackhaulDlSnr=-999 BackhaulUlSnr=-999
TRACE HO_SUCCESS Time=128.615 IMSI=79 TargetCell=3 Type=TN TargetRSRP=-75.4253 ServingRSRP=-103.153 BackhaulDlSnr=-999 BackhaulUlSnr=-999
TRACE HO_SUCCESS Time=128.615 IMSI=8 TargetCell=4 Type=TN TargetRSRP=-104.64 ServingRSRP=-101.731 BackhaulDlSnr=-999 BackhaulUlSnr=-999
UAV_AUTONOMY_XAPP Time=130.5 DeploymentMode=tn-uav-satellite UavIndex=0 UavCellId=5 BestDonorCellId=3 BestDonorDistanceM=5037.86 XhaulConnected=1 XhaulChannelVariationDb=-0.0687182 RawXhaulState=UNREACHABLE RawXhaulStateAgeSec=126 XhaulState=UNREACHABLE DonorUnavailableActive=0 SatBackhaulHealthy=1 UavSwitchingXappAvailable=1 UavSwitchingXappState=ACTIVE AiPredictedBackhaulMode=RULE_BASED BackhaulMode=SATELLITE_FALLBACK RicControlState=NEAR_RT_RIC_SWITCHING_TO_SATELLITE_BACKHAUL ActiveUavRic=TN_NEAR_RT_RIC NormalUeHandoverAllowed=1 UavMode=NEAR_RT_RIC_EMERGENCY_SWITCHING_WITH_SATELLITE_BACKHAUL
UAV_AUTONOMY_XAPP Time=130.5 DeploymentMode=tn-uav-satellite UavIndex=1 UavCellId=6 BestDonorCellId=4 BestDonorDistanceM=3881.27 XhaulConnected=1 XhaulChannelVariationDb=2.926 RawXhaulState=UNREACHABLE RawXhaulStateAgeSec=104 XhaulState=UNREACHABLE DonorUnavailableActive=0 SatBackhaulHealthy=1 UavSwitchingXappAvailable=1 UavSwitchingXappState=ACTIVE AiPredictedBackhaulMode=RULE_BASED BackhaulMode=SATELLITE_FALLBACK RicControlState=NEAR_RT_RIC_SWITCHING_TO_SATELLITE_BACKHAUL ActiveUavRic=TN_NEAR_RT_RIC NormalUeHandoverAllowed=1 UavMode=NEAR_RT_RIC_EMERGENCY_SWITCHING_WITH_SATELLITE_BACKHAUL
UAV_AUTONOMY_XAPP Time=130.5 DeploymentMode=tn-uav-satellite UavIndex=2 UavCellId=7 BestDonorCellId=2 BestDonorDistanceM=4397.72 XhaulConnected=1 XhaulChannelVariationDb=4.33892 RawXhaulState=UNREACHABLE RawXhaulStateAgeSec=110 XhaulState=UNREACHABLE DonorUnavailableActive=0 SatBackhaulHealthy=1 UavSwitchingXappAvailable=1 UavSwitchingXappState=ACTIVE AiPredictedBackhaulMode=RULE_BASED BackhaulMode=SATELLITE_FALLBACK RicControlState=NEAR_RT_RIC_SWITCHING_TO_SATELLITE_BACKHAUL ActiveUavRic=TN_NEAR_RT_RIC NormalUeHandoverAllowed=1 UavMode=NEAR_RT_RIC_EMERGENCY_SWITCHING_WITH_SATELLITE_BACKHAUL
---- LOAD at t=130.5 ----
  cell 1 (TN) load=15/20
  cell 2 (TN) load=16/20
  cell 3 (TN) load=13/20
  cell 4 (TN) load=13/20
  cell 5 (NTN) load=13/15
  cell 6 (NTN) load=12/15
  cell 7 (NTN) load=9/15
LM HO_FAIL_LOW_RSRP UE=14 currCell=3 candCell=1 candRsrp=-112.065 < min=-110
UE 18 TTT_WAIT target=1 elapsed=0s need=2s
UE 21 TTT_WAIT target=1 elapsed=0s need=2s
UE 23 TTT_WAIT target=3 elapsed=0s need=2s
LM HO_FAIL_LOW_RSRP UE=26 currCell=1 candCell=5 candRsrp=-141.704 < min=-110
LM HO_FAIL_LOW_RSRP UE=28 currCell=2 candCell=1 candRsrp=-116.551 < min=-110
UE 30 TTT_WAIT target=7 elapsed=0s need=2s
LM HO_FAIL_LOW_RSRP UE=34 currCell=1 candCell=2 candRsrp=-116.881 < min=-110
LM HO_FAIL_LOW_RSRP UE=35 currCell=1 candCell=4 candRsrp=-115.308 < min=-110
UE 37 TTT_WAIT target=4 elapsed=0s need=2s
UE 39 TTT_WAIT target=1 elapsed=0s need=2s
LM HO_FAIL_LOW_RSRP UE=41 currCell=2 candCell=6 candRsrp=-136.062 < min=-110
LM HO_FAIL_LOW_RSRP UE=42 currCell=3 candCell=2 candRsrp=-125.337 < min=-110
UE 43 TTT_WAIT target=2 elapsed=0s need=2s
UE 46 TTT_WAIT target=6 elapsed=0s need=2s
LM HO UE=47 rnti=73 2->1 type=TN servingRsrp=-108.419 targetRsrp=-98.223 targetLoadReal=15/20 targetLoadEff=15/20
LM HO_FAIL_LOW_RSRP UE=48 currCell=2 candCell=7 candRsrp=-127.677 < min=-110
LM HO_FAIL_LOW_RSRP UE=49 currCell=4 candCell=1 candRsrp=-111.987 < min=-110
UE 54 TTT_WAIT target=3 elapsed=0s need=2s
LM HO UE=55 rnti=129 3->2 type=TN servingRsrp=-125.919 targetRsrp=-77.6774 targetLoadReal=16/20 targetLoadEff=16/20
LM HO_FAIL_LOW_RSRP UE=57 currCell=3 candCell=1 candRsrp=-120.626 < min=-110
LM HO_FAIL_LOW_RSRP UE=60 currCell=3 candCell=7 candRsrp=-129.191 < min=-110
UE 64 TTT_WAIT target=7 elapsed=0s need=2s
LM HO_FAIL_LOW_RSRP UE=66 currCell=1 candCell=3 candRsrp=-122.466 < min=-110
LM HO_FAIL_LOW_RSRP UE=67 currCell=3 candCell=5 candRsrp=-127.589 < min=-110
UE 72 TTT_WAIT target=2 elapsed=0s need=2s
LM HO UE=76 rnti=90 1->2 type=TN servingRsrp=-108.596 targetRsrp=-76.4057 targetLoadReal=16/20 targetLoadEff=17/20
UE 77 TTT_WAIT target=7 elapsed=0s need=2s
LM HO_FAIL_LOW_RSRP UE=79 currCell=4 candCell=7 candRsrp=-136.854 < min=-110
UE 82 TTT_WAIT target=3 elapsed=0s need=2s
UE 84 TTT_WAIT target=2 elapsed=0s need=2s
UE 85 TTT_WAIT target=2 elapsed=0s need=2s
LM HO_FAIL_LOW_RSRP UE=87 currCell=1 candCell=6 candRsrp=-117.583 < min=-110
LM HO_FAIL_LOW_RSRP UE=89 currCell=2 candCell=4 candRsrp=-117.768 < min=-110
UE 107 TTT_WAIT target=2 elapsed=0s need=2s
LM HO_FAIL_LOW_RSRP UE=111 currCell=1 candCell=4 candRsrp=-115.485 < min=-110
TRACE HO_SUCCESS Time=130.615 IMSI=46 TargetCell=1 Type=TN TargetRSRP=-111.023 ServingRSRP=-111.329 BackhaulDlSnr=-999 BackhaulUlSnr=-999
TRACE HO_SUCCESS Time=130.615 IMSI=75 TargetCell=2 Type=TN TargetRSRP=-109.54 ServingRSRP=-93.5796 BackhaulDlSnr=-999 BackhaulUlSnr=-999
TRACE HO_SUCCESS Time=130.615 IMSI=54 TargetCell=2 Type=TN TargetRSRP=-113.136 ServingRSRP=-112.79 BackhaulDlSnr=-999 BackhaulUlSnr=-999
UAV_AUTONOMY_XAPP Time=132.5 DeploymentMode=tn-uav-satellite UavIndex=0 UavCellId=5 BestDonorCellId=3 BestDonorDistanceM=5054.05 XhaulConnected=1 XhaulChannelVariationDb=1.27426 RawXhaulState=UNREACHABLE RawXhaulStateAgeSec=128 XhaulState=UNREACHABLE DonorUnavailableActive=0 SatBackhaulHealthy=1 UavSwitchingXappAvailable=1 UavSwitchingXappState=ACTIVE AiPredictedBackhaulMode=RULE_BASED BackhaulMode=SATELLITE_FALLBACK RicControlState=NEAR_RT_RIC_SWITCHING_TO_SATELLITE_BACKHAUL ActiveUavRic=TN_NEAR_RT_RIC NormalUeHandoverAllowed=1 UavMode=NEAR_RT_RIC_EMERGENCY_SWITCHING_WITH_SATELLITE_BACKHAUL
UAV_AUTONOMY_XAPP Time=132.5 DeploymentMode=tn-uav-satellite UavIndex=1 UavCellId=6 BestDonorCellId=4 BestDonorDistanceM=3945.88 XhaulConnected=1 XhaulChannelVariationDb=-2.25904 RawXhaulState=UNREACHABLE RawXhaulStateAgeSec=106 XhaulState=UNREACHABLE DonorUnavailableActive=0 SatBackhaulHealthy=1 UavSwitchingXappAvailable=1 UavSwitchingXappState=ACTIVE AiPredictedBackhaulMode=RULE_BASED BackhaulMode=SATELLITE_FALLBACK RicControlState=NEAR_RT_RIC_SWITCHING_TO_SATELLITE_BACKHAUL ActiveUavRic=TN_NEAR_RT_RIC NormalUeHandoverAllowed=1 UavMode=NEAR_RT_RIC_EMERGENCY_SWITCHING_WITH_SATELLITE_BACKHAUL
UAV_AUTONOMY_XAPP Time=132.5 DeploymentMode=tn-uav-satellite UavIndex=2 UavCellId=7 BestDonorCellId=2 BestDonorDistanceM=4466.61 XhaulConnected=1 XhaulChannelVariationDb=-0.686575 RawXhaulState=UNREACHABLE RawXhaulStateAgeSec=112 XhaulState=UNREACHABLE DonorUnavailableActive=0 SatBackhaulHealthy=1 UavSwitchingXappAvailable=1 UavSwitchingXappState=ACTIVE AiPredictedBackhaulMode=RULE_BASED BackhaulMode=SATELLITE_FALLBACK RicControlState=NEAR_RT_RIC_SWITCHING_TO_SATELLITE_BACKHAUL ActiveUavRic=TN_NEAR_RT_RIC NormalUeHandoverAllowed=1 UavMode=NEAR_RT_RIC_EMERGENCY_SWITCHING_WITH_SATELLITE_BACKHAUL
---- LOAD at t=132.5 ----
  cell 1 (TN) load=15/20
  cell 2 (TN) load=17/20
  cell 3 (TN) load=12/20
  cell 4 (TN) load=13/20
  cell 5 (NTN) load=13/15
  cell 6 (NTN) load=12/15
  cell 7 (NTN) load=10/15
LM HO_FAIL_LOW_RSRP UE=9 currCell=4 candCell=7 candRsrp=-115.172 < min=-110
LM HO_FAIL_LOW_RSRP UE=14 currCell=3 candCell=5 candRsrp=-138.504 < min=-110
LM HO_FAIL_LOW_RSRP UE=15 currCell=3 candCell=6 candRsrp=-114.694 < min=-110
UE 18 TTT_WAIT target=4 elapsed=0s need=2s
UE 19 TTT_WAIT target=5 elapsed=0s need=2s
UE 26 TTT_WAIT target=3 elapsed=0s need=2s
UE 29 TTT_WAIT target=2 elapsed=0s need=2s
UE 30 TTT_WAIT target=3 elapsed=0s need=2s
LM HO_FAIL_LOW_RSRP UE=34 currCell=1 candCell=2 candRsrp=-115.506 < min=-110
UE 35 TTT_WAIT target=4 elapsed=0s need=2s
LM HO_FAIL_LOW_RSRP UE=37 currCell=1 candCell=2 candRsrp=-125.239 < min=-110
LM HO_FAIL_LOW_RSRP UE=42 currCell=3 candCell=6 candRsrp=-132.603 < min=-110
UE 45 TTT_WAIT target=2 elapsed=0s need=2s
UE 46 TTT_WAIT target=1 elapsed=0s need=2s
UE 48 TTT_WAIT target=3 elapsed=0s need=2s
LM HO_FAIL_LOW_RSRP UE=49 currCell=4 candCell=5 candRsrp=-133.274 < min=-110
LM HO_FAIL_LOW_RSRP UE=54 currCell=2 candCell=7 candRsrp=-132.286 < min=-110
UE 58 TTT_WAIT target=1 elapsed=0s need=2s
UE 64 TTT_WAIT target=3 elapsed=0s need=2s
UE 66 TTT_WAIT target=3 elapsed=0s need=2s
LM HO_FAIL_LOW_RSRP UE=67 currCell=3 candCell=6 candRsrp=-122.57 < min=-110
UE 70 TTT_WAIT target=2 elapsed=0s need=2s
UE 72 TTT_WAIT target=3 elapsed=0s need=2s
LM HO UE=77 rnti=94 4->7 type=NTN servingRsrp=-110.49 targetRsrp=-107.711 targetLoadReal=10/15 targetLoadEff=10/15
UE 79 TTT_WAIT target=1 elapsed=0s need=2s
UE 80 TTT_WAIT target=2 elapsed=0s need=2s
UE 82 TTT_WAIT target=4 elapsed=0s need=2s
LM HO_FAIL_LOW_RSRP UE=85 currCell=4 candCell=5 candRsrp=-116.362 < min=-110
UE 87 TTT_WAIT target=2 elapsed=0s need=2s
UE 89 TTT_WAIT target=6 elapsed=0s need=2s
LM HO_FAIL_LOW_RSRP UE=111 currCell=1 candCell=4 candRsrp=-148.395 < min=-110
TRACE HO_SUCCESS Time=132.615 IMSI=76 TargetCell=7 Type=NTN TargetRSRP=-102.645 ServingRSRP=-113.333 BackhaulDlSnr=9.5785 BackhaulUlSnr=5.0579
UAV_AUTONOMY_XAPP Time=134.5 DeploymentMode=tn-uav-satellite UavIndex=0 UavCellId=5 BestDonorCellId=3 BestDonorDistanceM=5080.07 XhaulConnected=1 XhaulChannelVariationDb=0.229617 RawXhaulState=UNREACHABLE RawXhaulStateAgeSec=130 XhaulState=UNREACHABLE DonorUnavailableActive=0 SatBackhaulHealthy=1 UavSwitchingXappAvailable=1 UavSwitchingXappState=ACTIVE AiPredictedBackhaulMode=RULE_BASED BackhaulMode=SATELLITE_FALLBACK RicControlState=NEAR_RT_RIC_SWITCHING_TO_SATELLITE_BACKHAUL ActiveUavRic=TN_NEAR_RT_RIC NormalUeHandoverAllowed=1 UavMode=NEAR_RT_RIC_EMERGENCY_SWITCHING_WITH_SATELLITE_BACKHAUL
UAV_AUTONOMY_XAPP Time=134.5 DeploymentMode=tn-uav-satellite UavIndex=1 UavCellId=6 BestDonorCellId=2 BestDonorDistanceM=5390.87 XhaulConnected=1 XhaulChannelVariationDb=-1.94985 RawXhaulState=UNREACHABLE RawXhaulStateAgeSec=108 XhaulState=UNREACHABLE DonorUnavailableActive=0 SatBackhaulHealthy=1 UavSwitchingXappAvailable=1 UavSwitchingXappState=ACTIVE AiPredictedBackhaulMode=RULE_BASED BackhaulMode=SATELLITE_FALLBACK RicControlState=NEAR_RT_RIC_SWITCHING_TO_SATELLITE_BACKHAUL ActiveUavRic=TN_NEAR_RT_RIC NormalUeHandoverAllowed=1 UavMode=NEAR_RT_RIC_EMERGENCY_SWITCHING_WITH_SATELLITE_BACKHAUL
UAV_AUTONOMY_XAPP Time=134.5 DeploymentMode=tn-uav-satellite UavIndex=2 UavCellId=7 BestDonorCellId=4 BestDonorDistanceM=3498.54 XhaulConnected=1 XhaulChannelVariationDb=-3.14239 RawXhaulState=UNREACHABLE RawXhaulStateAgeSec=114 XhaulState=UNREACHABLE DonorUnavailableActive=0 SatBackhaulHealthy=1 UavSwitchingXappAvailable=1 UavSwitchingXappState=ACTIVE AiPredictedBackhaulMode=RULE_BASED BackhaulMode=SATELLITE_FALLBACK RicControlState=NEAR_RT_RIC_SWITCHING_TO_SATELLITE_BACKHAUL ActiveUavRic=TN_NEAR_RT_RIC NormalUeHandoverAllowed=1 UavMode=NEAR_RT_RIC_EMERGENCY_SWITCHING_WITH_SATELLITE_BACKHAUL
---- LOAD at t=134.5 ----
  cell 1 (TN) load=15/20
  cell 2 (TN) load=17/20
  cell 3 (TN) load=12/20
  cell 4 (TN) load=12/20
  cell 5 (NTN) load=13/15
  cell 6 (NTN) load=12/15
  cell 7 (NTN) load=11/15
LM HO_FAIL_LOW_RSRP UE=14 currCell=3 candCell=2 candRsrp=-117.041 < min=-110
UE 18 TTT_WAIT target=3 elapsed=0s need=2s
UE 20 TTT_WAIT target=1 elapsed=0s need=2s
UE 21 TTT_WAIT target=3 elapsed=0s need=2s
UE 23 TTT_WAIT target=2 elapsed=0s need=2s
UE 26 TTT_WAIT target=2 elapsed=0s need=2s
LM HO_FAIL_LOW_RSRP UE=28 currCell=2 candCell=5 candRsrp=-133.241 < min=-110
LM HO_FAIL_LOW_RSRP UE=32 currCell=4 candCell=6 candRsrp=-113.234 < min=-110
LM HO_FAIL_LOW_RSRP UE=34 currCell=1 candCell=3 candRsrp=-112.563 < min=-110
UE 35 TTT_WAIT target=2 elapsed=0s need=2s
UE 37 TTT_WAIT target=2 elapsed=0s need=2s
UE 39 TTT_WAIT target=3 elapsed=0s need=2s
LM HO_FAIL_LOW_RSRP UE=41 currCell=2 candCell=6 candRsrp=-118.109 < min=-110
UE 42 TTT_WAIT target=1 elapsed=0s need=2s
LM HO UE=45 rnti=94 1->2 type=TN servingRsrp=-109.35 targetRsrp=-92.8887 targetLoadReal=17/20 targetLoadEff=17/20
UE 47 TTT_WAIT target=2 elapsed=0s need=2s
LM HO_FAIL_LOW_RSRP UE=48 currCell=2 candCell=3 candRsrp=-113.165 < min=-110
LM HO_FAIL_LOW_RSRP UE=49 currCell=4 candCell=7 candRsrp=-110.586 < min=-110
UE 54 TTT_WAIT target=3 elapsed=0s need=2s
UE 55 TTT_WAIT target=4 elapsed=0s need=2s
LM HO_FAIL_LOW_RSRP UE=57 currCell=3 candCell=5 candRsrp=-117.27 < min=-110
LM HO_FAIL_LOW_RSRP UE=58 currCell=2 candCell=3 candRsrp=-119.934 < min=-110
LM HO_FAIL_LOW_RSRP UE=60 currCell=3 candCell=6 candRsrp=-135.556 < min=-110
UE 64 TTT_WAIT target=7 elapsed=0s need=2s
LM HO_FAIL_LOW_RSRP UE=67 currCell=3 candCell=2 candRsrp=-117.45 < min=-110
UE 70 TTT_WAIT target=1 elapsed=0s need=2s
UE 72 TTT_WAIT target=2 elapsed=0s need=2s
LM HO_FAIL_LOW_RSRP UE=73 currCell=4 candCell=6 candRsrp=-113.659 < min=-110
UE 76 TTT_WAIT target=1 elapsed=0s need=2s
UE 78 TTT_WAIT target=1 elapsed=0s need=2s
UE 79 TTT_WAIT target=6 elapsed=0s need=2s
LM HO UE=82 rnti=63 2->4 type=TN servingRsrp=-115.498 targetRsrp=-106.446 targetLoadReal=12/20 targetLoadEff=12/20
UE 84 TTT_WAIT target=7 elapsed=0s need=2s
LM HO_FAIL_LOW_RSRP UE=89 currCell=2 candCell=1 candRsrp=-139.277 < min=-110
LM HO_FAIL_LOW_RSRP UE=111 currCell=1 candCell=4 candRsrp=-137.461 < min=-110
TRACE HO_SUCCESS Time=134.615 IMSI=44 TargetCell=2 Type=TN TargetRSRP=-91.1497 ServingRSRP=-71.2726 BackhaulDlSnr=-999 BackhaulUlSnr=-999
TRACE HO_SUCCESS Time=134.615 IMSI=81 TargetCell=4 Type=TN TargetRSRP=-119.183 ServingRSRP=-103.083 BackhaulDlSnr=-999 BackhaulUlSnr=-999
UAV_AUTONOMY_XAPP Time=136.5 DeploymentMode=tn-uav-satellite UavIndex=0 UavCellId=5 BestDonorCellId=1 BestDonorDistanceM=4979.27 XhaulConnected=1 XhaulChannelVariationDb=-0.0287194 RawXhaulState=UNREACHABLE RawXhaulStateAgeSec=132 XhaulState=UNREACHABLE DonorUnavailableActive=0 SatBackhaulHealthy=1 UavSwitchingXappAvailable=1 UavSwitchingXappState=ACTIVE AiPredictedBackhaulMode=RULE_BASED BackhaulMode=SATELLITE_FALLBACK RicControlState=NEAR_RT_RIC_SWITCHING_TO_SATELLITE_BACKHAUL ActiveUavRic=TN_NEAR_RT_RIC NormalUeHandoverAllowed=1 UavMode=NEAR_RT_RIC_EMERGENCY_SWITCHING_WITH_SATELLITE_BACKHAUL
UAV_AUTONOMY_XAPP Time=136.5 DeploymentMode=tn-uav-satellite UavIndex=1 UavCellId=6 BestDonorCellId=4 BestDonorDistanceM=3966.76 XhaulConnected=1 XhaulChannelVariationDb=-3.54265 RawXhaulState=UNREACHABLE RawXhaulStateAgeSec=110 XhaulState=UNREACHABLE DonorUnavailableActive=0 SatBackhaulHealthy=1 UavSwitchingXappAvailable=1 UavSwitchingXappState=ACTIVE AiPredictedBackhaulMode=RULE_BASED BackhaulMode=SATELLITE_FALLBACK RicControlState=NEAR_RT_RIC_SWITCHING_TO_SATELLITE_BACKHAUL ActiveUavRic=TN_NEAR_RT_RIC NormalUeHandoverAllowed=1 UavMode=NEAR_RT_RIC_EMERGENCY_SWITCHING_WITH_SATELLITE_BACKHAUL
UAV_AUTONOMY_XAPP Time=136.5 DeploymentMode=tn-uav-satellite UavIndex=2 UavCellId=7 BestDonorCellId=4 BestDonorDistanceM=3495.52 XhaulConnected=1 XhaulChannelVariationDb=0.531919 RawXhaulState=UNREACHABLE RawXhaulStateAgeSec=116 XhaulState=UNREACHABLE DonorUnavailableActive=0 SatBackhaulHealthy=1 UavSwitchingXappAvailable=1 UavSwitchingXappState=ACTIVE AiPredictedBackhaulMode=RULE_BASED BackhaulMode=SATELLITE_FALLBACK RicControlState=NEAR_RT_RIC_SWITCHING_TO_SATELLITE_BACKHAUL ActiveUavRic=TN_NEAR_RT_RIC NormalUeHandoverAllowed=1 UavMode=NEAR_RT_RIC_EMERGENCY_SWITCHING_WITH_SATELLITE_BACKHAUL
---- LOAD at t=136.5 ----
  cell 1 (TN) load=14/20
  cell 2 (TN) load=17/20
  cell 3 (TN) load=12/20
  cell 4 (TN) load=13/20
  cell 5 (NTN) load=13/15
  cell 6 (NTN) load=12/15
  cell 7 (NTN) load=12/15
UE 9 TTT_WAIT target=2 elapsed=0s need=2s
UE 14 TTT_WAIT target=1 elapsed=0s need=2s
LM HO UE=18 rnti=74 2->3 type=TN servingRsrp=-107.743 targetRsrp=-71.9762 targetLoadReal=12/20 targetLoadEff=12/20
UE 19 TTT_WAIT target=1 elapsed=0s need=2s
UE 21 TTT_WAIT target=2 elapsed=0s need=2s
UE 23 TTT_WAIT target=3 elapsed=0s need=2s
LM HO_FAIL_LOW_RSRP UE=26 currCell=1 candCell=7 candRsrp=-143.536 < min=-110
UE 32 TTT_WAIT target=6 elapsed=0s need=2s
LM HO_FAIL_LOW_RSRP UE=34 currCell=1 candCell=4 candRsrp=-124.712 < min=-110
LM HO_FAIL_LOW_RSRP UE=35 currCell=1 candCell=6 candRsrp=-134.26 < min=-110
LM HO_FAIL_LOW_RSRP UE=37 currCell=1 candCell=4 candRsrp=-121.2 < min=-110
UE 39 TTT_WAIT target=1 elapsed=0s need=2s
LM HO_FAIL_LOW_RSRP UE=41 currCell=2 candCell=7 candRsrp=-135.981 < min=-110
LM HO_FAIL_LOW_RSRP UE=42 currCell=3 candCell=2 candRsrp=-126.204 < min=-110
UE 43 TTT_WAIT target=5 elapsed=0s need=2s
UE 45 TTT_WAIT target=1 elapsed=0s need=2s
UE 46 TTT_WAIT target=6 elapsed=0s need=2s
LM HO UE=47 rnti=103 1->2 type=TN servingRsrp=-106.905 targetRsrp=-100.675 targetLoadReal=17/20 targetLoadEff=17/20
UE 49 TTT_WAIT target=1 elapsed=0s need=2s
LM HO UE=54 rnti=68 2->3 type=TN servingRsrp=-102.371 targetRsrp=-98.8365 targetLoadReal=12/20 targetLoadEff=13/20
LM HO UE=55 rnti=92 2->4 type=TN servingRsrp=-118.993 targetRsrp=-96.6699 targetLoadReal=13/20 targetLoadEff=13/20
UE 64 TTT_WAIT target=4 elapsed=0s need=2s
LM HO_FAIL_LOW_RSRP UE=66 currCell=1 candCell=7 candRsrp=-125.328 < min=-110
UE 67 TTT_WAIT target=1 elapsed=0s need=2s
LM HO_FAIL_LOW_RSRP UE=69 currCell=4 candCell=7 candRsrp=-130.349 < min=-110
UE 70 TTT_WAIT target=2 elapsed=0s need=2s
LM HO_FAIL_LOW_RSRP UE=72 currCell=1 candCell=3 candRsrp=-121.237 < min=-110
UE 74 TTT_WAIT target=1 elapsed=0s need=2s
UE 79 TTT_WAIT target=1 elapsed=0s need=2s
UE 80 TTT_WAIT target=1 elapsed=0s need=2s
UE 82 TTT_WAIT target=3 elapsed=0s need=2s
UE 84 TTT_WAIT target=3 elapsed=0s need=2s
UE 87 TTT_WAIT target=2 elapsed=0s need=2s
UE 89 TTT_WAIT target=6 elapsed=0s need=2s
UE 111 TTT_WAIT target=7 elapsed=0s need=2s
TRACE HO_SUCCESS Time=136.615 IMSI=46 TargetCell=2 Type=TN TargetRSRP=-84.5067 ServingRSRP=-95.4366 BackhaulDlSnr=-999 BackhaulUlSnr=-999
TRACE HO_SUCCESS Time=136.615 IMSI=53 TargetCell=3 Type=TN TargetRSRP=-95.5166 ServingRSRP=-108.123 BackhaulDlSnr=-999 BackhaulUlSnr=-999
TRACE HO_SUCCESS Time=136.615 IMSI=17 TargetCell=3 Type=TN TargetRSRP=-103.82 ServingRSRP=-101.406 BackhaulDlSnr=-999 BackhaulUlSnr=-999
TRACE HO_SUCCESS Time=136.615 IMSI=54 TargetCell=4 Type=TN TargetRSRP=-92.4882 ServingRSRP=-75.9837 BackhaulDlSnr=-999 BackhaulUlSnr=-999
UAV_AUTONOMY_XAPP Time=138.5 DeploymentMode=tn-uav-satellite UavIndex=0 UavCellId=5 BestDonorCellId=1 BestDonorDistanceM=4985.64 XhaulConnected=1 XhaulChannelVariationDb=0.288341 RawXhaulState=UNREACHABLE RawXhaulStateAgeSec=134 XhaulState=UNREACHABLE DonorUnavailableActive=0 SatBackhaulHealthy=1 UavSwitchingXappAvailable=1 UavSwitchingXappState=ACTIVE AiPredictedBackhaulMode=RULE_BASED BackhaulMode=SATELLITE_FALLBACK RicControlState=NEAR_RT_RIC_SWITCHING_TO_SATELLITE_BACKHAUL ActiveUavRic=TN_NEAR_RT_RIC NormalUeHandoverAllowed=1 UavMode=NEAR_RT_RIC_EMERGENCY_SWITCHING_WITH_SATELLITE_BACKHAUL
UAV_AUTONOMY_XAPP Time=138.5 DeploymentMode=tn-uav-satellite UavIndex=1 UavCellId=6 BestDonorCellId=4 BestDonorDistanceM=3981.08 XhaulConnected=1 XhaulChannelVariationDb=-6.58318 RawXhaulState=UNREACHABLE RawXhaulStateAgeSec=112 XhaulState=UNREACHABLE DonorUnavailableActive=0 SatBackhaulHealthy=1 UavSwitchingXappAvailable=1 UavSwitchingXappState=ACTIVE AiPredictedBackhaulMode=RULE_BASED BackhaulMode=SATELLITE_FALLBACK RicControlState=NEAR_RT_RIC_SWITCHING_TO_SATELLITE_BACKHAUL ActiveUavRic=TN_NEAR_RT_RIC NormalUeHandoverAllowed=1 UavMode=NEAR_RT_RIC_EMERGENCY_SWITCHING_WITH_SATELLITE_BACKHAUL
UAV_AUTONOMY_XAPP Time=138.5 DeploymentMode=tn-uav-satellite UavIndex=2 UavCellId=7 BestDonorCellId=4 BestDonorDistanceM=3504.7 XhaulConnected=1 XhaulChannelVariationDb=-0.77731 RawXhaulState=UNREACHABLE RawXhaulStateAgeSec=118 XhaulState=UNREACHABLE DonorUnavailableActive=0 SatBackhaulHealthy=1 UavSwitchingXappAvailable=1 UavSwitchingXappState=ACTIVE AiPredictedBackhaulMode=RULE_BASED BackhaulMode=SATELLITE_FALLBACK RicControlState=NEAR_RT_RIC_SWITCHING_TO_SATELLITE_BACKHAUL ActiveUavRic=TN_NEAR_RT_RIC NormalUeHandoverAllowed=1 UavMode=NEAR_RT_RIC_EMERGENCY_SWITCHING_WITH_SATELLITE_BACKHAUL
---- LOAD at t=138.5 ----
  cell 1 (TN) load=13/20
  cell 2 (TN) load=15/20
  cell 3 (TN) load=14/20
  cell 4 (TN) load=14/20
  cell 5 (NTN) load=13/15
  cell 6 (NTN) load=12/15
  cell 7 (NTN) load=12/15
UE 9 TTT_WAIT target=1 elapsed=0s need=2s
UE 10 TTT_WAIT target=1 elapsed=0s need=2s
LM HO_FAIL_LOW_RSRP UE=14 currCell=3 candCell=2 candRsrp=-123.66 < min=-110
LM HO_FAIL_LOW_RSRP UE=15 currCell=3 candCell=5 candRsrp=-138.364 < min=-110
UE 19 TTT_WAIT target=2 elapsed=0s need=2s
UE 20 TTT_WAIT target=1 elapsed=0s need=2s
LM HO_FAIL_LOW_RSRP UE=21 currCell=4 candCell=6 candRsrp=-140.871 < min=-110
LM HO UE=23 rnti=97 1->3 type=TN servingRsrp=-117.175 targetRsrp=-102.097 targetLoadReal=14/20 targetLoadEff=14/20
LM HO_FAIL_LOW_RSRP UE=26 currCell=1 candCell=3 candRsrp=-110.646 < min=-110
LM HO_FAIL_LOW_RSRP UE=28 currCell=2 candCell=6 candRsrp=-129.919 < min=-110
LM HO_FAIL_LOW_RSRP UE=30 currCell=1 candCell=6 candRsrp=-135.1 < min=-110
UE 34 TTT_WAIT target=4 elapsed=0s need=2s
UE 37 TTT_WAIT target=4 elapsed=0s need=2s
LM HO UE=39 rnti=67 2->1 type=TN servingRsrp=-114.253 targetRsrp=-84.4229 targetLoadReal=13/20 targetLoadEff=13/20
UE 42 TTT_WAIT target=5 elapsed=0s need=2s
UE 45 TTT_WAIT target=3 elapsed=0s need=2s
UE 48 TTT_WAIT target=7 elapsed=0s need=2s
LM HO_FAIL_LOW_RSRP UE=49 currCell=4 candCell=2 candRsrp=-113.425 < min=-110
UE 54 TTT_WAIT target=2 elapsed=0s need=2s
LM HO_FAIL_LOW_RSRP UE=55 currCell=4 candCell=6 candRsrp=-136.514 < min=-110
LM HO_FAIL_LOW_RSRP UE=57 currCell=3 candCell=5 candRsrp=-130.768 < min=-110
LM HO_FAIL_LOW_RSRP UE=58 currCell=2 candCell=1 candRsrp=-118.23 < min=-110
UE 60 TTT_WAIT target=2 elapsed=0s need=2s
LM HO_FAIL_LOW_RSRP UE=67 currCell=3 candCell=5 candRsrp=-130.605 < min=-110
LM HO_FAIL_LOW_RSRP UE=69 currCell=4 candCell=1 candRsrp=-110.549 < min=-110
UE 72 TTT_WAIT target=3 elapsed=0s need=2s
UE 76 TTT_WAIT target=1 elapsed=0s need=2s
UE 78 TTT_WAIT target=1 elapsed=0s need=2s
LM HO UE=79 rnti=82 4->1 type=TN servingRsrp=-125.947 targetRsrp=-91.4385 targetLoadReal=13/20 targetLoadEff=14/20
LM HO_FAIL_LOW_RSRP UE=82 currCell=4 candCell=2 candRsrp=-127.618 < min=-110
LM HO_FAIL_LOW_RSRP UE=85 currCell=4 candCell=6 candRsrp=-126.394 < min=-110
LM HO_FAIL_LOW_RSRP UE=86 currCell=2 candCell=3 candRsrp=-111.445 < min=-110
LM HO UE=87 rnti=95 1->2 type=TN servingRsrp=-114.431 targetRsrp=-88.461 targetLoadReal=15/20 targetLoadEff=15/20
LM HO_FAIL_LOW_RSRP UE=89 currCell=2 candCell=1 candRsrp=-126.826 < min=-110
LM HO_FAIL_LOW_RSRP UE=111 currCell=1 candCell=2 candRsrp=-112.343 < min=-110
UE 123 TTT_WAIT target=1 elapsed=0s need=2s
TRACE HO_SUCCESS Time=138.615 IMSI=38 TargetCell=1 Type=TN TargetRSRP=-79.2155 ServingRSRP=-104.667 BackhaulDlSnr=-999 BackhaulUlSnr=-999
TRACE HO_SUCCESS Time=138.615 IMSI=78 TargetCell=1 Type=TN TargetRSRP=-127.694 ServingRSRP=-109.736 BackhaulDlSnr=-999 BackhaulUlSnr=-999
TRACE HO_SUCCESS Time=138.615 IMSI=86 TargetCell=2 Type=TN TargetRSRP=-107.058 ServingRSRP=-109.93 BackhaulDlSnr=-999 BackhaulUlSnr=-999
TRACE HO_SUCCESS Time=138.615 IMSI=22 TargetCell=3 Type=TN TargetRSRP=-102.802 ServingRSRP=-90.6552 BackhaulDlSnr=-999 BackhaulUlSnr=-999
UAV_AUTONOMY_XAPP Time=140.5 DeploymentMode=tn-uav-satellite UavIndex=0 UavCellId=5 BestDonorCellId=3 BestDonorDistanceM=5037.52 XhaulConnected=1 XhaulChannelVariationDb=1.42023 RawXhaulState=UNREACHABLE RawXhaulStateAgeSec=136 XhaulState=UNREACHABLE DonorUnavailableActive=0 SatBackhaulHealthy=1 UavSwitchingXappAvailable=1 UavSwitchingXappState=ACTIVE AiPredictedBackhaulMode=RULE_BASED BackhaulMode=SATELLITE_FALLBACK RicControlState=NEAR_RT_RIC_SWITCHING_TO_SATELLITE_BACKHAUL ActiveUavRic=TN_NEAR_RT_RIC NormalUeHandoverAllowed=1 UavMode=NEAR_RT_RIC_EMERGENCY_SWITCHING_WITH_SATELLITE_BACKHAUL
UAV_AUTONOMY_XAPP Time=140.5 DeploymentMode=tn-uav-satellite UavIndex=1 UavCellId=6 BestDonorCellId=4 BestDonorDistanceM=3978.2 XhaulConnected=1 XhaulChannelVariationDb=-0.516872 RawXhaulState=UNREACHABLE RawXhaulStateAgeSec=114 XhaulState=UNREACHABLE DonorUnavailableActive=0 SatBackhaulHealthy=1 UavSwitchingXappAvailable=1 UavSwitchingXappState=ACTIVE AiPredictedBackhaulMode=RULE_BASED BackhaulMode=SATELLITE_FALLBACK RicControlState=NEAR_RT_RIC_SWITCHING_TO_SATELLITE_BACKHAUL ActiveUavRic=TN_NEAR_RT_RIC NormalUeHandoverAllowed=1 UavMode=NEAR_RT_RIC_EMERGENCY_SWITCHING_WITH_SATELLITE_BACKHAUL
UAV_AUTONOMY_XAPP Time=140.5 DeploymentMode=tn-uav-satellite UavIndex=2 UavCellId=7 BestDonorCellId=4 BestDonorDistanceM=3516.93 XhaulConnected=1 XhaulChannelVariationDb=-7.22211 RawXhaulState=UNREACHABLE RawXhaulStateAgeSec=120 XhaulState=UNREACHABLE DonorUnavailableActive=0 SatBackhaulHealthy=1 UavSwitchingXappAvailable=1 UavSwitchingXappState=ACTIVE AiPredictedBackhaulMode=RULE_BASED BackhaulMode=SATELLITE_FALLBACK RicControlState=NEAR_RT_RIC_SWITCHING_TO_SATELLITE_BACKHAUL ActiveUavRic=TN_NEAR_RT_RIC NormalUeHandoverAllowed=1 UavMode=NEAR_RT_RIC_EMERGENCY_SWITCHING_WITH_SATELLITE_BACKHAUL
---- LOAD at t=140.5 ----
  cell 1 (TN) load=13/20
  cell 2 (TN) load=15/20
  cell 3 (TN) load=15/20
  cell 4 (TN) load=13/20
  cell 5 (NTN) load=13/15
  cell 6 (NTN) load=12/15
  cell 7 (NTN) load=12/15
UE 13 TTT_WAIT target=3 elapsed=0s need=2s
LM HO_FAIL_LOW_RSRP UE=14 currCell=3 candCell=2 candRsrp=-112.472 < min=-110
UE 18 TTT_WAIT target=2 elapsed=0s need=2s
LM HO_FAIL_LOW_RSRP UE=19 currCell=3 candCell=5 candRsrp=-130.674 < min=-110
LM HO UE=20 rnti=101 3->1 type=TN servingRsrp=-103.487 targetRsrp=-84.8832 targetLoadReal=13/20 targetLoadEff=13/20
UE 21 TTT_WAIT target=1 elapsed=0s need=2s
UE 22 TTT_WAIT target=6 elapsed=0s need=2s
UE 26 TTT_WAIT target=3 elapsed=0s need=2s
LM HO_FAIL_LOW_RSRP UE=28 currCell=2 candCell=7 candRsrp=-125.562 < min=-110
UE 32 TTT_WAIT target=6 elapsed=0s need=2s
LM HO UE=34 rnti=102 1->4 type=TN servingRsrp=-128.023 targetRsrp=-87.7432 targetLoadReal=13/20 targetLoadEff=13/20
UE 35 TTT_WAIT target=4 elapsed=0s need=2s
LM HO_FAIL_LOW_RSRP UE=37 currCell=1 candCell=2 candRsrp=-121.31 < min=-110
UE 39 TTT_WAIT target=3 elapsed=0s need=2s
LM HO_FAIL_LOW_RSRP UE=41 currCell=2 candCell=3 candRsrp=-114.657 < min=-110
UE 42 TTT_WAIT target=1 elapsed=0s need=2s
UE 45 TTT_WAIT target=1 elapsed=0s need=2s
UE 47 TTT_WAIT target=3 elapsed=0s need=2s
LM HO_FAIL_LOW_RSRP UE=48 currCell=2 candCell=7 candRsrp=-132.621 < min=-110
LM HO UE=54 rnti=134 3->2 type=TN servingRsrp=-122.123 targetRsrp=-88.5631 targetLoadReal=15/20 targetLoadEff=15/20
LM HO_FAIL_LOW_RSRP UE=57 currCell=3 candCell=2 candRsrp=-120.134 < min=-110
LM HO_FAIL_LOW_RSRP UE=60 currCell=3 candCell=4 candRsrp=-112.488 < min=-110
LM HO_FAIL_LOW_RSRP UE=64 currCell=6 candCell=7 candRsrp=-112.427 < min=-110
UE 69 TTT_WAIT target=6 elapsed=0s need=2s
LM HO_FAIL_LOW_RSRP UE=72 currCell=1 candCell=3 candRsrp=-127.896 < min=-110
UE 74 TTT_WAIT target=1 elapsed=0s need=2s
LM HO UE=76 rnti=93 2->1 type=TN servingRsrp=-116.825 targetRsrp=-72.9588 targetLoadReal=13/20 targetLoadEff=14/20
LM HO_FAIL_LOW_RSRP UE=77 currCell=7 candCell=6 candRsrp=-119.356 < min=-110
LM HO_FAIL_LOW_RSRP UE=79 currCell=1 candCell=4 candRsrp=-124.739 < min=-110
LM HO_FAIL_LOW_RSRP UE=82 currCell=4 candCell=2 candRsrp=-129.931 < min=-110
UE 84 TTT_WAIT target=2 elapsed=0s need=2s
UE 87 TTT_WAIT target=1 elapsed=0s need=2s
LM HO_FAIL_LOW_RSRP UE=89 currCell=2 candCell=4 candRsrp=-121.278 < min=-110
UE 111 TTT_WAIT target=7 elapsed=0s need=2s
TRACE HO_SUCCESS Time=140.615 IMSI=75 TargetCell=1 Type=TN TargetRSRP=-107.859 ServingRSRP=-83.6415 BackhaulDlSnr=-999 BackhaulUlSnr=-999
TRACE HO_SUCCESS Time=140.615 IMSI=19 TargetCell=1 Type=TN TargetRSRP=-117.897 ServingRSRP=-101.378 BackhaulDlSnr=-999 BackhaulUlSnr=-999
TRACE HO_SUCCESS Time=140.615 IMSI=53 TargetCell=2 Type=TN TargetRSRP=-84.0486 ServingRSRP=-122.523 BackhaulDlSnr=-999 BackhaulUlSnr=-999
TRACE HO_SUCCESS Time=140.615 IMSI=33 TargetCell=4 Type=TN TargetRSRP=-123.896 ServingRSRP=-113.267 BackhaulDlSnr=-999 BackhaulUlSnr=-999
UAV_AUTONOMY_XAPP Time=142.5 DeploymentMode=tn-uav-satellite UavIndex=0 UavCellId=5 BestDonorCellId=3 BestDonorDistanceM=5023.19 XhaulConnected=1 XhaulChannelVariationDb=-0.22463 RawXhaulState=UNREACHABLE RawXhaulStateAgeSec=138 XhaulState=UNREACHABLE DonorUnavailableActive=0 SatBackhaulHealthy=1 UavSwitchingXappAvailable=1 UavSwitchingXappState=ACTIVE AiPredictedBackhaulMode=RULE_BASED BackhaulMode=SATELLITE_FALLBACK RicControlState=NEAR_RT_RIC_SWITCHING_TO_SATELLITE_BACKHAUL ActiveUavRic=TN_NEAR_RT_RIC NormalUeHandoverAllowed=1 UavMode=NEAR_RT_RIC_EMERGENCY_SWITCHING_WITH_SATELLITE_BACKHAUL
UAV_AUTONOMY_XAPP Time=142.5 DeploymentMode=tn-uav-satellite UavIndex=1 UavCellId=6 BestDonorCellId=4 BestDonorDistanceM=3952.26 XhaulConnected=1 XhaulChannelVariationDb=1.74839 RawXhaulState=UNREACHABLE RawXhaulStateAgeSec=116 XhaulState=UNREACHABLE DonorUnavailableActive=0 SatBackhaulHealthy=1 UavSwitchingXappAvailable=1 UavSwitchingXappState=ACTIVE AiPredictedBackhaulMode=RULE_BASED BackhaulMode=SATELLITE_FALLBACK RicControlState=NEAR_RT_RIC_SWITCHING_TO_SATELLITE_BACKHAUL ActiveUavRic=TN_NEAR_RT_RIC NormalUeHandoverAllowed=1 UavMode=NEAR_RT_RIC_EMERGENCY_SWITCHING_WITH_SATELLITE_BACKHAUL
UAV_AUTONOMY_XAPP Time=142.5 DeploymentMode=tn-uav-satellite UavIndex=2 UavCellId=7 BestDonorCellId=4 BestDonorDistanceM=3513.43 XhaulConnected=1 XhaulChannelVariationDb=-1.24601 RawXhaulState=UNREACHABLE RawXhaulStateAgeSec=122 XhaulState=UNREACHABLE DonorUnavailableActive=0 SatBackhaulHealthy=1 UavSwitchingXappAvailable=1 UavSwitchingXappState=ACTIVE AiPredictedBackhaulMode=RULE_BASED BackhaulMode=SATELLITE_FALLBACK RicControlState=NEAR_RT_RIC_SWITCHING_TO_SATELLITE_BACKHAUL ActiveUavRic=TN_NEAR_RT_RIC NormalUeHandoverAllowed=1 UavMode=NEAR_RT_RIC_EMERGENCY_SWITCHING_WITH_SATELLITE_BACKHAUL
---- LOAD at t=142.5 ----
  cell 1 (TN) load=14/20
  cell 2 (TN) load=15/20
  cell 3 (TN) load=13/20
  cell 4 (TN) load=14/20
  cell 5 (NTN) load=13/15
  cell 6 (NTN) load=12/15
  cell 7 (NTN) load=12/15
UE 9 TTT_WAIT target=1 elapsed=0s need=2s
UE 10 TTT_WAIT target=1 elapsed=0s need=2s
UE 13 TTT_WAIT target=1 elapsed=0s need=2s
LM HO_FAIL_LOW_RSRP UE=14 currCell=3 candCell=1 candRsrp=-111.861 < min=-110
UE 15 TTT_WAIT target=2 elapsed=0s need=2s
UE 18 TTT_WAIT target=1 elapsed=0s need=2s
UE 20 TTT_WAIT target=3 elapsed=0s need=2s
LM HO UE=22 rnti=80 4->6 type=NTN servingRsrp=-103.225 targetRsrp=-97.6658 targetLoadReal=12/15 targetLoadEff=12/15
LM HO_FAIL_LOW_RSRP UE=23 currCell=3 candCell=1 candRsrp=-111.329 < min=-110
UE 28 TTT_WAIT target=1 elapsed=0s need=2s
UE 29 TTT_WAIT target=2 elapsed=0s need=2s
LM HO_FAIL_LOW_RSRP UE=30 currCell=1 candCell=2 candRsrp=-114.157 < min=-110
LM HO_FAIL_LOW_RSRP UE=34 currCell=4 candCell=1 candRsrp=-115.472 < min=-110
LM HO_FAIL_LOW_RSRP UE=35 currCell=1 candCell=4 candRsrp=-116.093 < min=-110
UE 37 TTT_WAIT target=2 elapsed=0s need=2s
LM HO_FAIL_LOW_RSRP UE=39 currCell=1 candCell=2 candRsrp=-111.487 < min=-110
LM HO_FAIL_LOW_RSRP UE=41 currCell=2 candCell=6 candRsrp=-133.124 < min=-110
LM HO_FAIL_LOW_RSRP UE=42 currCell=3 candCell=1 candRsrp=-120.779 < min=-110
UE 43 TTT_WAIT target=2 elapsed=0s need=2s
LM HO UE=45 rnti=94 2->1 type=TN servingRsrp=-111.868 targetRsrp=-88.4978 targetLoadReal=14/20 targetLoadEff=14/20
LM HO_FAIL_LOW_RSRP UE=46 currCell=4 candCell=3 candRsrp=-112.514 < min=-110
LM HO_FAIL_LOW_RSRP UE=48 currCell=2 candCell=6 candRsrp=-130.892 < min=-110
LM HO_FAIL_LOW_RSRP UE=49 currCell=4 candCell=5 candRsrp=-126.267 < min=-110
UE 54 TTT_WAIT target=3 elapsed=0s need=2s
UE 55 TTT_WAIT target=3 elapsed=0s need=2s
UE 58 TTT_WAIT target=1 elapsed=0s need=2s
LM HO_FAIL_LOW_RSRP UE=60 currCell=3 candCell=5 candRsrp=-129.717 < min=-110
UE 64 TTT_WAIT target=4 elapsed=0s need=2s
LM HO_FAIL_LOW_RSRP UE=66 currCell=1 candCell=7 candRsrp=-119.466 < min=-110
LM HO_FAIL_LOW_RSRP UE=67 currCell=3 candCell=5 candRsrp=-125.844 < min=-110
UE 70 TTT_WAIT target=1 elapsed=0s need=2s
UE 71 TTT_WAIT target=1 elapsed=0s need=2s
LM HO_FAIL_LOW_RSRP UE=72 currCell=1 candCell=3 candRsrp=-122.464 < min=-110
LM HO UE=74 rnti=90 2->1 type=TN servingRsrp=-112.111 targetRsrp=-94.855 targetLoadReal=14/20 targetLoadEff=15/20
UE 76 TTT_WAIT target=2 elapsed=0s need=2s
UE 77 TTT_WAIT target=6 elapsed=0s need=2s
LM HO_FAIL_LOW_RSRP UE=79 currCell=1 candCell=4 candRsrp=-115.017 < min=-110
UE 80 TTT_WAIT target=2 elapsed=0s need=2s
LM HO_FAIL_LOW_RSRP UE=82 currCell=4 candCell=6 candRsrp=-139.891 < min=-110
UE 85 TTT_WAIT target=6 elapsed=0s need=2s
UE 86 TTT_WAIT target=4 elapsed=0s need=2s
UE 87 TTT_WAIT target=3 elapsed=0s need=2s
LM HO_FAIL_LOW_RSRP UE=89 currCell=2 candCell=1 candRsrp=-145.181 < min=-110
LM HO UE=111 rnti=98 1->7 type=NTN servingRsrp=-112.794 targetRsrp=-67.4655 targetLoadReal=12/15 targetLoadEff=12/15
TRACE HO_SUCCESS Time=142.615 IMSI=44 TargetCell=1 Type=TN TargetRSRP=-115.739 ServingRSRP=-81.2576 BackhaulDlSnr=-999 BackhaulUlSnr=-999
TRACE HO_SUCCESS Time=142.615 IMSI=73 TargetCell=1 Type=TN TargetRSRP=-116.01 ServingRSRP=-99.988 BackhaulDlSnr=-999 BackhaulUlSnr=-999
TRACE HO_SUCCESS Time=142.615 IMSI=21 TargetCell=6 Type=NTN TargetRSRP=-102.764 ServingRSRP=-103.222 BackhaulDlSnr=9.99001 BackhaulUlSnr=5.46941
TRACE HO_SUCCESS Time=142.615 IMSI=110 TargetCell=7 Type=NTN TargetRSRP=-68.3681 ServingRSRP=-120.599 BackhaulDlSnr=14.0624 BackhaulUlSnr=9.5418
UAV_AUTONOMY_XAPP Time=144.5 DeploymentMode=tn-uav-satellite UavIndex=0 UavCellId=5 BestDonorCellId=1 BestDonorDistanceM=4921.52 XhaulConnected=1 XhaulChannelVariationDb=4.77021 RawXhaulState=UNREACHABLE RawXhaulStateAgeSec=140 XhaulState=UNREACHABLE DonorUnavailableActive=0 SatBackhaulHealthy=1 UavSwitchingXappAvailable=1 UavSwitchingXappState=ACTIVE AiPredictedBackhaulMode=RULE_BASED BackhaulMode=SATELLITE_FALLBACK RicControlState=NEAR_RT_RIC_SWITCHING_TO_SATELLITE_BACKHAUL ActiveUavRic=TN_NEAR_RT_RIC NormalUeHandoverAllowed=1 UavMode=NEAR_RT_RIC_EMERGENCY_SWITCHING_WITH_SATELLITE_BACKHAUL
UAV_AUTONOMY_XAPP Time=144.5 DeploymentMode=tn-uav-satellite UavIndex=1 UavCellId=6 BestDonorCellId=4 BestDonorDistanceM=3946.08 XhaulConnected=1 XhaulChannelVariationDb=-2.41827 RawXhaulState=UNREACHABLE RawXhaulStateAgeSec=118 XhaulState=UNREACHABLE DonorUnavailableActive=0 SatBackhaulHealthy=1 UavSwitchingXappAvailable=1 UavSwitchingXappState=ACTIVE AiPredictedBackhaulMode=RULE_BASED BackhaulMode=SATELLITE_FALLBACK RicControlState=NEAR_RT_RIC_SWITCHING_TO_SATELLITE_BACKHAUL ActiveUavRic=TN_NEAR_RT_RIC NormalUeHandoverAllowed=1 UavMode=NEAR_RT_RIC_EMERGENCY_SWITCHING_WITH_SATELLITE_BACKHAUL
UAV_AUTONOMY_XAPP Time=144.5 DeploymentMode=tn-uav-satellite UavIndex=2 UavCellId=7 BestDonorCellId=4 BestDonorDistanceM=3514.41 XhaulConnected=1 XhaulChannelVariationDb=2.65842 RawXhaulState=UNREACHABLE RawXhaulStateAgeSec=124 XhaulState=UNREACHABLE DonorUnavailableActive=0 SatBackhaulHealthy=1 UavSwitchingXappAvailable=1 UavSwitchingXappState=ACTIVE AiPredictedBackhaulMode=RULE_BASED BackhaulMode=SATELLITE_FALLBACK RicControlState=NEAR_RT_RIC_SWITCHING_TO_SATELLITE_BACKHAUL ActiveUavRic=TN_NEAR_RT_RIC NormalUeHandoverAllowed=1 UavMode=NEAR_RT_RIC_EMERGENCY_SWITCHING_WITH_SATELLITE_BACKHAUL
---- LOAD at t=144.5 ----
  cell 1 (TN) load=16/20
  cell 2 (TN) load=13/20
  cell 3 (TN) load=13/20
  cell 4 (TN) load=13/20
  cell 5 (NTN) load=14/15
  cell 6 (NTN) load=13/15
  cell 7 (NTN) load=13/15
LM HO UE=9 rnti=95 4->1 type=TN servingRsrp=-119.29 targetRsrp=-83.2116 targetLoadReal=16/20 targetLoadEff=16/20
UE 13 TTT_WAIT target=3 elapsed=0s need=2s
UE 14 TTT_WAIT target=1 elapsed=0s need=2s
LM HO_FAIL_LOW_RSRP UE=15 currCell=3 candCell=7 candRsrp=-112.973 < min=-110
UE 18 TTT_WAIT target=2 elapsed=0s need=2s
LM HO_FAIL_LOW_RSRP UE=19 currCell=3 candCell=6 candRsrp=-124.363 < min=-110
UE 21 TTT_WAIT target=2 elapsed=0s need=2s
UE 22 TTT_WAIT target=4 elapsed=0s need=2s
UE 23 TTT_WAIT target=2 elapsed=0s need=2s
UE 26 TTT_WAIT target=7 elapsed=0s need=2s
UE 34 TTT_WAIT target=1 elapsed=0s need=2s
LM HO_FAIL_LOW_RSRP UE=35 currCell=1 candCell=5 candRsrp=-137.406 < min=-110
UE 39 TTT_WAIT target=2 elapsed=0s need=2s
LM HO_FAIL_LOW_RSRP UE=41 currCell=2 candCell=7 candRsrp=-128.997 < min=-110
LM HO_FAIL_LOW_RSRP UE=42 currCell=3 candCell=2 candRsrp=-112.543 < min=-110
LM HO UE=43 rnti=31 3->2 type=TN servingRsrp=-107.207 targetRsrp=-97.3369 targetLoadReal=13/20 targetLoadEff=13/20
UE 45 TTT_WAIT target=3 elapsed=0s need=2s
LM HO_FAIL_LOW_RSRP UE=46 currCell=4 candCell=2 candRsrp=-122.614 < min=-110
UE 47 TTT_WAIT target=3 elapsed=0s need=2s
LM HO_FAIL_LOW_RSRP UE=49 currCell=4 candCell=6 candRsrp=-127.843 < min=-110
UE 54 TTT_WAIT target=7 elapsed=0s need=2s
LM HO UE=55 rnti=97 4->3 type=TN servingRsrp=-125.845 targetRsrp=-96.2174 targetLoadReal=13/20 targetLoadEff=13/20
UE 57 TTT_WAIT target=5 elapsed=0s need=2s
LM HO UE=58 rnti=70 2->1 type=TN servingRsrp=-130.946 targetRsrp=-97.0985 targetLoadReal=16/20 targetLoadEff=17/20
LM HO_FAIL_LOW_RSRP UE=66 currCell=1 candCell=5 candRsrp=-132.275 < min=-110
LM HO_FAIL_LOW_RSRP UE=67 currCell=3 candCell=1 candRsrp=-120.872 < min=-110
LM HO_FAIL_LOW_RSRP UE=70 currCell=4 candCell=5 candRsrp=-138.077 < min=-110
UE 72 TTT_WAIT target=3 elapsed=0s need=2s
UE 74 TTT_WAIT target=2 elapsed=0s need=2s
LM HO UE=77 rnti=135 7->6 type=NTN servingRsrp=-126.01 targetRsrp=-108.559 targetLoadReal=13/15 targetLoadEff=13/15
UE 79 TTT_WAIT target=4 elapsed=0s need=2s
UE 82 TTT_WAIT target=3 elapsed=0s need=2s
LM HO_FAIL_LOW_RSRP UE=85 currCell=4 candCell=2 candRsrp=-110.782 < min=-110
LM HO_FAIL_LOW_RSRP UE=86 currCell=2 candCell=6 candRsrp=-127.752 < min=-110
LM HO_FAIL_LOW_RSRP UE=89 currCell=2 candCell=6 candRsrp=-116.723 < min=-110
TRACE HO_SUCCESS Time=144.615 IMSI=57 TargetCell=1 Type=TN TargetRSRP=-132.128 ServingRSRP=-94.6618 BackhaulDlSnr=-999 BackhaulUlSnr=-999
TRACE HO_SUCCESS Time=144.615 IMSI=8 TargetCell=1 Type=TN TargetRSRP=-115.387 ServingRSRP=-97.3174 BackhaulDlSnr=-999 BackhaulUlSnr=-999
TRACE HO_SUCCESS Time=144.615 IMSI=42 TargetCell=2 Type=TN TargetRSRP=-115.752 ServingRSRP=-110.081 BackhaulDlSnr=-999 BackhaulUlSnr=-999
TRACE HO_SUCCESS Time=144.615 IMSI=54 TargetCell=3 Type=TN TargetRSRP=-134.12 ServingRSRP=-107.757 BackhaulDlSnr=-999 BackhaulUlSnr=-999
TRACE HO_SUCCESS Time=144.615 IMSI=76 TargetCell=6 Type=NTN TargetRSRP=-141.296 ServingRSRP=-98.6858 BackhaulDlSnr=14.3585 BackhaulUlSnr=9.83788
UAV_AUTONOMY_XAPP Time=146.5 DeploymentMode=tn-uav-satellite UavIndex=0 UavCellId=5 BestDonorCellId=3 BestDonorDistanceM=5049.29 XhaulConnected=1 XhaulChannelVariationDb=-1.06159 RawXhaulState=UNREACHABLE RawXhaulStateAgeSec=142 XhaulState=UNREACHABLE DonorUnavailableActive=0 SatBackhaulHealthy=1 UavSwitchingXappAvailable=1 UavSwitchingXappState=ACTIVE AiPredictedBackhaulMode=RULE_BASED BackhaulMode=SATELLITE_FALLBACK RicControlState=NEAR_RT_RIC_SWITCHING_TO_SATELLITE_BACKHAUL ActiveUavRic=TN_NEAR_RT_RIC NormalUeHandoverAllowed=1 UavMode=NEAR_RT_RIC_EMERGENCY_SWITCHING_WITH_SATELLITE_BACKHAUL
UAV_AUTONOMY_XAPP Time=146.5 DeploymentMode=tn-uav-satellite UavIndex=1 UavCellId=6 BestDonorCellId=4 BestDonorDistanceM=3980.13 XhaulConnected=1 XhaulChannelVariationDb=-4.99722 RawXhaulState=UNREACHABLE RawXhaulStateAgeSec=120 XhaulState=UNREACHABLE DonorUnavailableActive=0 SatBackhaulHealthy=1 UavSwitchingXappAvailable=1 UavSwitchingXappState=ACTIVE AiPredictedBackhaulMode=RULE_BASED BackhaulMode=SATELLITE_FALLBACK RicControlState=NEAR_RT_RIC_SWITCHING_TO_SATELLITE_BACKHAUL ActiveUavRic=TN_NEAR_RT_RIC NormalUeHandoverAllowed=1 UavMode=NEAR_RT_RIC_EMERGENCY_SWITCHING_WITH_SATELLITE_BACKHAUL
UAV_AUTONOMY_XAPP Time=146.5 DeploymentMode=tn-uav-satellite UavIndex=2 UavCellId=7 BestDonorCellId=4 BestDonorDistanceM=3518.51 XhaulConnected=1 XhaulChannelVariationDb=-0.510945 RawXhaulState=UNREACHABLE RawXhaulStateAgeSec=126 XhaulState=UNREACHABLE DonorUnavailableActive=0 SatBackhaulHealthy=1 UavSwitchingXappAvailable=1 UavSwitchingXappState=ACTIVE AiPredictedBackhaulMode=RULE_BASED BackhaulMode=SATELLITE_FALLBACK RicControlState=NEAR_RT_RIC_SWITCHING_TO_SATELLITE_BACKHAUL ActiveUavRic=TN_NEAR_RT_RIC NormalUeHandoverAllowed=1 UavMode=NEAR_RT_RIC_EMERGENCY_SWITCHING_WITH_SATELLITE_BACKHAUL
---- LOAD at t=146.5 ----
  cell 1 (TN) load=18/20
  cell 2 (TN) load=13/20
  cell 3 (TN) load=14/20
  cell 4 (TN) load=11/20
  cell 5 (NTN) load=14/15
  cell 6 (NTN) load=14/15
  cell 7 (NTN) load=12/15
UE 9 TTT_WAIT target=4 elapsed=0s need=2s
LM HO UE=13 rnti=44 2->3 type=TN servingRsrp=-93.0737 targetRsrp=-88.9256 targetLoadReal=14/20 targetLoadEff=14/20
UE 14 TTT_WAIT target=5 elapsed=0s need=2s
LM HO_FAIL_LOW_RSRP UE=19 currCell=3 candCell=5 candRsrp=-120.365 < min=-110
LM HO UE=22 rnti=176 6->4 type=TN servingRsrp=-137.332 targetRsrp=-93.4716 targetLoadReal=11/20 targetLoadEff=11/20
UE 23 TTT_WAIT target=1 elapsed=0s need=2s
LM HO_FAIL_LOW_RSRP UE=26 currCell=1 candCell=7 candRsrp=-135.632 < min=-110
UE 29 TTT_WAIT target=2 elapsed=0s need=2s
UE 30 TTT_WAIT target=2 elapsed=0s need=2s
LM HO_FAIL_LOW_RSRP UE=32 currCell=4 candCell=7 candRsrp=-114.906 < min=-110
LM HO_FAIL_LOW_RSRP UE=34 currCell=4 candCell=6 candRsrp=-119.392 < min=-110
UE 35 TTT_WAIT target=5 elapsed=0s need=2s
LM HO_FAIL_LOW_RSRP UE=37 currCell=1 candCell=4 candRsrp=-124.432 < min=-110
UE 39 TTT_WAIT target=3 elapsed=0s need=2s
LM HO_FAIL_LOW_RSRP UE=41 currCell=2 candCell=6 candRsrp=-114.395 < min=-110
UE 47 TTT_WAIT target=1 elapsed=0s need=2s
LM HO_FAIL_LOW_RSRP UE=48 currCell=2 candCell=4 candRsrp=-124.398 < min=-110
LM HO_FAIL_LOW_RSRP UE=49 currCell=4 candCell=7 candRsrp=-122.969 < min=-110
LM HO_FAIL_LOW_RSRP UE=54 currCell=2 candCell=6 candRsrp=-127.756 < min=-110
UE 55 TTT_WAIT target=2 elapsed=0s need=2s
LM HO_FAIL_LOW_RSRP UE=57 currCell=3 candCell=1 candRsrp=-130.09 < min=-110
UE 58 TTT_WAIT target=3 elapsed=0s need=2s
LM HO_FAIL_LOW_RSRP UE=60 currCell=3 candCell=7 candRsrp=-129.371 < min=-110
UE 64 TTT_WAIT target=4 elapsed=0s need=2s
UE 65 TTT_WAIT target=3 elapsed=0s need=2s
UE 66 TTT_WAIT target=5 elapsed=0s need=2s
UE 67 TTT_WAIT target=5 elapsed=0s need=2s
UE 70 TTT_WAIT target=2 elapsed=0s need=2s
LM HO_FAIL_LOW_RSRP UE=72 currCell=1 candCell=3 candRsrp=-125.537 < min=-110
LM HO UE=74 rnti=109 1->2 type=TN servingRsrp=-111.841 targetRsrp=-75.0993 targetLoadReal=13/20 targetLoadEff=13/20
LM HO_FAIL_LOW_RSRP UE=79 currCell=1 candCell=4 candRsrp=-118.326 < min=-110
UE 80 TTT_WAIT target=1 elapsed=0s need=2s
LM HO_FAIL_LOW_RSRP UE=82 currCell=4 candCell=6 candRsrp=-125.128 < min=-110
UE 84 TTT_WAIT target=3 elapsed=0s need=2s
UE 85 TTT_WAIT target=6 elapsed=0s need=2s
UE 86 TTT_WAIT target=3 elapsed=0s need=2s
LM HO_FAIL_LOW_RSRP UE=89 currCell=2 candCell=3 candRsrp=-116.064 < min=-110
LM HO_FAIL_LOW_RSRP UE=95 currCell=6 candCell=7 candRsrp=-119.809 < min=-110
TRACE HO_SUCCESS Time=146.615 IMSI=73 TargetCell=2 Type=TN TargetRSRP=-112.185 ServingRSRP=-107.136 BackhaulDlSnr=-999 BackhaulUlSnr=-999
TRACE HO_SUCCESS Time=146.615 IMSI=12 TargetCell=3 Type=TN TargetRSRP=-115.495 ServingRSRP=-94.682 BackhaulDlSnr=-999 BackhaulUlSnr=-999
TRACE HO_SUCCESS Time=146.615 IMSI=21 TargetCell=4 Type=TN TargetRSRP=-67.7282 ServingRSRP=-100.03 BackhaulDlSnr=-999 BackhaulUlSnr=-999
UAV_AUTONOMY_XAPP Time=148.5 DeploymentMode=tn-uav-satellite UavIndex=0 UavCellId=5 BestDonorCellId=1 BestDonorDistanceM=4969.47 XhaulConnected=1 XhaulChannelVariationDb=1.22567 RawXhaulState=UNREACHABLE RawXhaulStateAgeSec=144 XhaulState=UNREACHABLE DonorUnavailableActive=0 SatBackhaulHealthy=1 UavSwitchingXappAvailable=1 UavSwitchingXappState=ACTIVE AiPredictedBackhaulMode=RULE_BASED BackhaulMode=SATELLITE_FALLBACK RicControlState=NEAR_RT_RIC_SWITCHING_TO_SATELLITE_BACKHAUL ActiveUavRic=TN_NEAR_RT_RIC NormalUeHandoverAllowed=1 UavMode=NEAR_RT_RIC_EMERGENCY_SWITCHING_WITH_SATELLITE_BACKHAUL
UAV_AUTONOMY_XAPP Time=148.5 DeploymentMode=tn-uav-satellite UavIndex=1 UavCellId=6 BestDonorCellId=4 BestDonorDistanceM=4005.83 XhaulConnected=1 XhaulChannelVariationDb=-2.21018 RawXhaulState=UNREACHABLE RawXhaulStateAgeSec=122 XhaulState=UNREACHABLE DonorUnavailableActive=0 SatBackhaulHealthy=1 UavSwitchingXappAvailable=1 UavSwitchingXappState=ACTIVE AiPredictedBackhaulMode=RULE_BASED BackhaulMode=SATELLITE_FALLBACK RicControlState=NEAR_RT_RIC_SWITCHING_TO_SATELLITE_BACKHAUL ActiveUavRic=TN_NEAR_RT_RIC NormalUeHandoverAllowed=1 UavMode=NEAR_RT_RIC_EMERGENCY_SWITCHING_WITH_SATELLITE_BACKHAUL
UAV_AUTONOMY_XAPP Time=148.5 DeploymentMode=tn-uav-satellite UavIndex=2 UavCellId=7 BestDonorCellId=4 BestDonorDistanceM=3505.58 XhaulConnected=1 XhaulChannelVariationDb=-3.59272 RawXhaulState=UNREACHABLE RawXhaulStateAgeSec=128 XhaulState=UNREACHABLE DonorUnavailableActive=0 SatBackhaulHealthy=1 UavSwitchingXappAvailable=1 UavSwitchingXappState=ACTIVE AiPredictedBackhaulMode=RULE_BASED BackhaulMode=SATELLITE_FALLBACK RicControlState=NEAR_RT_RIC_SWITCHING_TO_SATELLITE_BACKHAUL ActiveUavRic=TN_NEAR_RT_RIC NormalUeHandoverAllowed=1 UavMode=NEAR_RT_RIC_EMERGENCY_SWITCHING_WITH_SATELLITE_BACKHAUL
---- LOAD at t=148.5 ----
  cell 1 (TN) load=17/20
  cell 2 (TN) load=13/20
  cell 3 (TN) load=15/20
  cell 4 (TN) load=12/20
  cell 5 (NTN) load=14/15
  cell 6 (NTN) load=13/15
  cell 7 (NTN) load=12/15
LM HO UE=9 rnti=118 1->4 type=TN servingRsrp=-98.551 targetRsrp=-85.4945 targetLoadReal=12/20 targetLoadEff=12/20
UE 10 TTT_WAIT target=1 elapsed=0s need=2s
UE 13 TTT_WAIT target=4 elapsed=0s need=2s
LM HO_FAIL_LOW_RSRP UE=14 currCell=3 candCell=5 candRsrp=-127.399 < min=-110
LM HO_FAIL_LOW_RSRP UE=19 currCell=3 candCell=1 candRsrp=-126.481 < min=-110
UE 20 TTT_WAIT target=3 elapsed=0s need=2s
UE 21 TTT_WAIT target=7 elapsed=0s need=2s
UE 26 TTT_WAIT target=3 elapsed=0s need=2s
LM HO_FAIL_LOW_RSRP UE=28 currCell=2 candCell=3 candRsrp=-110.197 < min=-110
LM HO UE=29 rnti=101 1->2 type=TN servingRsrp=-93.0519 targetRsrp=-70.5371 targetLoadReal=13/20 targetLoadEff=13/20
UE 30 TTT_WAIT target=3 elapsed=0s need=2s
LM HO_FAIL_LOW_RSRP UE=32 currCell=4 candCell=7 candRsrp=-115.376 < min=-110
LM HO_FAIL_LOW_RSRP UE=34 currCell=4 candCell=1 candRsrp=-116.367 < min=-110
LM HO_FAIL_LOW_RSRP UE=35 currCell=1 candCell=3 candRsrp=-117.285 < min=-110
UE 37 TTT_WAIT target=2 elapsed=0s need=2s
LM HO UE=39 rnti=104 1->3 type=TN servingRsrp=-110.39 targetRsrp=-95.7604 targetLoadReal=15/20 targetLoadEff=15/20
LM HO_FAIL_LOW_RSRP UE=42 currCell=3 candCell=2 candRsrp=-122.681 < min=-110
UE 43 TTT_WAIT target=3 elapsed=0s need=2s
UE 45 TTT_WAIT target=2 elapsed=0s need=2s
LM HO_FAIL_LOW_RSRP UE=46 currCell=4 candCell=2 candRsrp=-115.381 < min=-110
LM HO_FAIL_LOW_RSRP UE=49 currCell=4 candCell=7 candRsrp=-125.684 < min=-110
UE 54 TTT_WAIT target=3 elapsed=0s need=2s
LM HO UE=55 rnti=136 3->2 type=TN servingRsrp=-113.627 targetRsrp=-71.8811 targetLoadReal=13/20 targetLoadEff=14/20
UE 56 TTT_WAIT target=1 elapsed=0s need=2s
LM HO_FAIL_LOW_RSRP UE=57 currCell=3 candCell=5 candRsrp=-110.682 < min=-110
LM HO_FAIL_LOW_RSRP UE=58 currCell=1 candCell=3 candRsrp=-122.4 < min=-110
LM HO_FAIL_LOW_RSRP UE=64 currCell=6 candCell=7 candRsrp=-115.305 < min=-110
LM HO_FAIL_LOW_RSRP UE=66 currCell=1 candCell=5 candRsrp=-113.051 < min=-110
LM HO_FAIL_LOW_RSRP UE=67 currCell=3 candCell=1 candRsrp=-121.387 < min=-110
LM HO_FAIL_LOW_RSRP UE=69 currCell=4 candCell=7 candRsrp=-128.468 < min=-110
LM HO_FAIL_LOW_RSRP UE=70 currCell=4 candCell=2 candRsrp=-115.698 < min=-110
LM HO_FAIL_LOW_RSRP UE=72 currCell=1 candCell=3 candRsrp=-110.354 < min=-110
UE 74 TTT_WAIT target=3 elapsed=0s need=2s
UE 76 TTT_WAIT target=2 elapsed=0s need=2s
UE 77 TTT_WAIT target=4 elapsed=0s need=2s
LM HO_FAIL_LOW_RSRP UE=79 currCell=1 candCell=6 candRsrp=-134.909 < min=-110
LM HO_FAIL_LOW_RSRP UE=82 currCell=4 candCell=1 candRsrp=-111.802 < min=-110
UE 84 TTT_WAIT target=4 elapsed=0s need=2s
LM HO UE=86 rnti=91 2->3 type=TN servingRsrp=-113.383 targetRsrp=-87.0981 targetLoadReal=15/20 targetLoadEff=16/20
UE 87 TTT_WAIT target=3 elapsed=0s need=2s
LM HO_FAIL_LOW_RSRP UE=89 currCell=2 candCell=4 candRsrp=-123.85 < min=-110
TRACE HO_SUCCESS Time=148.615 IMSI=28 TargetCell=2 Type=TN TargetRSRP=-100.488 ServingRSRP=-69.6317 BackhaulDlSnr=-999 BackhaulUlSnr=-999
TRACE HO_SUCCESS Time=148.615 IMSI=54 TargetCell=2 Type=TN TargetRSRP=-102.662 ServingRSRP=-105.028 BackhaulDlSnr=-999 BackhaulUlSnr=-999
TRACE HO_SUCCESS Time=148.615 IMSI=38 TargetCell=3 Type=TN TargetRSRP=-122.116 ServingRSRP=-84.0852 BackhaulDlSnr=-999 BackhaulUlSnr=-999
TRACE HO_SUCCESS Time=148.615 IMSI=85 TargetCell=3 Type=TN TargetRSRP=-117.643 ServingRSRP=-106.182 BackhaulDlSnr=-999 BackhaulUlSnr=-999
TRACE HO_SUCCESS Time=148.615 IMSI=8 TargetCell=4 Type=TN TargetRSRP=-80.4762 ServingRSRP=-81.0436 BackhaulDlSnr=-999 BackhaulUlSnr=-999
UAV_AUTONOMY_XAPP Time=150.5 DeploymentMode=tn-uav-satellite UavIndex=0 UavCellId=5 BestDonorCellId=1 BestDonorDistanceM=4969.96 XhaulConnected=1 XhaulChannelVariationDb=3.57401 RawXhaulState=UNREACHABLE RawXhaulStateAgeSec=146 XhaulState=UNREACHABLE DonorUnavailableActive=0 SatBackhaulHealthy=1 UavSwitchingXappAvailable=1 UavSwitchingXappState=ACTIVE AiPredictedBackhaulMode=RULE_BASED BackhaulMode=SATELLITE_FALLBACK RicControlState=NEAR_RT_RIC_SWITCHING_TO_SATELLITE_BACKHAUL ActiveUavRic=TN_NEAR_RT_RIC NormalUeHandoverAllowed=1 UavMode=NEAR_RT_RIC_EMERGENCY_SWITCHING_WITH_SATELLITE_BACKHAUL
UAV_AUTONOMY_XAPP Time=150.5 DeploymentMode=tn-uav-satellite UavIndex=1 UavCellId=6 BestDonorCellId=4 BestDonorDistanceM=3986.77 XhaulConnected=1 XhaulChannelVariationDb=-5.5582 RawXhaulState=UNREACHABLE RawXhaulStateAgeSec=124 XhaulState=UNREACHABLE DonorUnavailableActive=0 SatBackhaulHealthy=1 UavSwitchingXappAvailable=1 UavSwitchingXappState=ACTIVE AiPredictedBackhaulMode=RULE_BASED BackhaulMode=SATELLITE_FALLBACK RicControlState=NEAR_RT_RIC_SWITCHING_TO_SATELLITE_BACKHAUL ActiveUavRic=TN_NEAR_RT_RIC NormalUeHandoverAllowed=1 UavMode=NEAR_RT_RIC_EMERGENCY_SWITCHING_WITH_SATELLITE_BACKHAUL
UAV_AUTONOMY_XAPP Time=150.5 DeploymentMode=tn-uav-satellite UavIndex=2 UavCellId=7 BestDonorCellId=4 BestDonorDistanceM=3488.59 XhaulConnected=1 XhaulChannelVariationDb=-1.56387 RawXhaulState=UNREACHABLE RawXhaulStateAgeSec=130 XhaulState=UNREACHABLE DonorUnavailableActive=0 SatBackhaulHealthy=1 UavSwitchingXappAvailable=1 UavSwitchingXappState=ACTIVE AiPredictedBackhaulMode=RULE_BASED BackhaulMode=SATELLITE_FALLBACK RicControlState=NEAR_RT_RIC_SWITCHING_TO_SATELLITE_BACKHAUL ActiveUavRic=TN_NEAR_RT_RIC NormalUeHandoverAllowed=1 UavMode=NEAR_RT_RIC_EMERGENCY_SWITCHING_WITH_SATELLITE_BACKHAUL
---- LOAD at t=150.5 ----
  cell 1 (TN) load=14/20
  cell 2 (TN) load=14/20
  cell 3 (TN) load=16/20
  cell 4 (TN) load=13/20
  cell 5 (NTN) load=14/15
  cell 6 (NTN) load=13/15
  cell 7 (NTN) load=12/15
LM HO UE=10 rnti=48 3->1 type=TN servingRsrp=-82.1758 targetRsrp=-79.3435 targetLoadReal=14/20 targetLoadEff=14/20
UE 13 TTT_WAIT target=2 elapsed=0s need=2s
LM HO_FAIL_LOW_RSRP UE=14 currCell=3 candCell=4 candRsrp=-115.26 < min=-110
LM HO_FAIL_LOW_RSRP UE=15 currCell=3 candCell=6 candRsrp=-115.496 < min=-110
UE 18 TTT_WAIT target=2 elapsed=0s need=2s
LM HO UE=20 rnti=106 1->3 type=TN servingRsrp=-110.894 targetRsrp=-100.557 targetLoadReal=16/20 targetLoadEff=16/20
UE 21 TTT_WAIT target=2 elapsed=0s need=2s
LM HO_FAIL_LOW_RSRP UE=23 currCell=3 candCell=1 candRsrp=-112.918 < min=-110
UE 24 TTT_WAIT target=3 elapsed=0s need=2s
UE 26 TTT_WAIT target=2 elapsed=0s need=2s
UE 28 TTT_WAIT target=6 elapsed=0s need=2s
UE 29 TTT_WAIT target=1 elapsed=0s need=2s
LM HO_FAIL_LOW_RSRP UE=34 currCell=4 candCell=2 candRsrp=-119.824 < min=-110
LM HO_FAIL_LOW_RSRP UE=35 currCell=1 candCell=5 candRsrp=-131.755 < min=-110
LM HO_FAIL_LOW_RSRP UE=37 currCell=1 candCell=7 candRsrp=-134.64 < min=-110
LM HO_FAIL_LOW_RSRP UE=39 currCell=3 candCell=2 candRsrp=-111.098 < min=-110
LM HO_FAIL_LOW_RSRP UE=41 currCell=2 candCell=6 candRsrp=-129.586 < min=-110
UE 42 TTT_WAIT target=2 elapsed=0s need=2s
UE 44 TTT_WAIT target=1 elapsed=0s need=2s
UE 45 TTT_WAIT target=3 elapsed=0s need=2s
UE 46 TTT_WAIT target=1 elapsed=0s need=2s
LM HO_FAIL_LOW_RSRP UE=48 currCell=2 candCell=1 candRsrp=-115.744 < min=-110
UE 55 TTT_WAIT target=4 elapsed=0s need=2s
LM HO_FAIL_LOW_RSRP UE=58 currCell=1 candCell=3 candRsrp=-126.36 < min=-110
LM HO_FAIL_LOW_RSRP UE=60 currCell=3 candCell=2 candRsrp=-111.762 < min=-110
UE 64 TTT_WAIT target=4 elapsed=0s need=2s
UE 65 TTT_WAIT target=3 elapsed=0s need=2s
UE 69 TTT_WAIT target=6 elapsed=0s need=2s
LM HO UE=74 rnti=99 2->3 type=TN servingRsrp=-122.86 targetRsrp=-95.5299 targetLoadReal=16/20 targetLoadEff=17/20
LM HO UE=76 rnti=107 1->2 type=TN servingRsrp=-111.591 targetRsrp=-76.1574 targetLoadReal=14/20 targetLoadEff=14/20
LM HO_FAIL_LOW_RSRP UE=82 currCell=4 candCell=2 candRsrp=-125.886 < min=-110
LM HO UE=84 rnti=32 1->4 type=TN servingRsrp=-112.358 targetRsrp=-95.5808 targetLoadReal=13/20 targetLoadEff=13/20
UE 86 TTT_WAIT target=2 elapsed=0s need=2s
UE 87 TTT_WAIT target=1 elapsed=0s need=2s
LM HO_FAIL_LOW_RSRP UE=89 currCell=2 candCell=6 candRsrp=-116.378 < min=-110
TRACE HO_SUCCESS Time=150.615 IMSI=9 TargetCell=1 Type=TN TargetRSRP=-112.185 ServingRSRP=-101.744 BackhaulDlSnr=-999 BackhaulUlSnr=-999
TRACE HO_SUCCESS Time=150.615 IMSI=75 TargetCell=2 Type=TN TargetRSRP=-115.139 ServingRSRP=-82.705 BackhaulDlSnr=-999 BackhaulUlSnr=-999
TRACE HO_SUCCESS Time=150.615 IMSI=19 TargetCell=3 Type=TN TargetRSRP=-110.961 ServingRSRP=-97.2507 BackhaulDlSnr=-999 BackhaulUlSnr=-999
TRACE HO_SUCCESS Time=150.615 IMSI=73 TargetCell=3 Type=TN TargetRSRP=-121.459 ServingRSRP=-108.739 BackhaulDlSnr=-999 BackhaulUlSnr=-999
TRACE HO_SUCCESS Time=150.615 IMSI=83 TargetCell=4 Type=TN TargetRSRP=-125.823 ServingRSRP=-75.9355 BackhaulDlSnr=-999 BackhaulUlSnr=-999
UAV_AUTONOMY_XAPP Time=152.5 DeploymentMode=tn-uav-satellite UavIndex=0 UavCellId=5 BestDonorCellId=1 BestDonorDistanceM=4950.53 XhaulConnected=1 XhaulChannelVariationDb=-3.09759 RawXhaulState=UNREACHABLE RawXhaulStateAgeSec=148 XhaulState=UNREACHABLE DonorUnavailableActive=0 SatBackhaulHealthy=1 UavSwitchingXappAvailable=1 UavSwitchingXappState=ACTIVE AiPredictedBackhaulMode=RULE_BASED BackhaulMode=SATELLITE_FALLBACK RicControlState=NEAR_RT_RIC_SWITCHING_TO_SATELLITE_BACKHAUL ActiveUavRic=TN_NEAR_RT_RIC NormalUeHandoverAllowed=1 UavMode=NEAR_RT_RIC_EMERGENCY_SWITCHING_WITH_SATELLITE_BACKHAUL
UAV_AUTONOMY_XAPP Time=152.5 DeploymentMode=tn-uav-satellite UavIndex=1 UavCellId=6 BestDonorCellId=4 BestDonorDistanceM=4011.88 XhaulConnected=1 XhaulChannelVariationDb=2.88975 RawXhaulState=UNREACHABLE RawXhaulStateAgeSec=126 XhaulState=UNREACHABLE DonorUnavailableActive=0 SatBackhaulHealthy=1 UavSwitchingXappAvailable=1 UavSwitchingXappState=ACTIVE AiPredictedBackhaulMode=RULE_BASED BackhaulMode=SATELLITE_FALLBACK RicControlState=NEAR_RT_RIC_SWITCHING_TO_SATELLITE_BACKHAUL ActiveUavRic=TN_NEAR_RT_RIC NormalUeHandoverAllowed=1 UavMode=NEAR_RT_RIC_EMERGENCY_SWITCHING_WITH_SATELLITE_BACKHAUL
UAV_AUTONOMY_XAPP Time=152.5 DeploymentMode=tn-uav-satellite UavIndex=2 UavCellId=7 BestDonorCellId=4 BestDonorDistanceM=3502.3 XhaulConnected=1 XhaulChannelVariationDb=3.66356 RawXhaulState=UNREACHABLE RawXhaulStateAgeSec=132 XhaulState=UNREACHABLE DonorUnavailableActive=0 SatBackhaulHealthy=1 UavSwitchingXappAvailable=1 UavSwitchingXappState=ACTIVE AiPredictedBackhaulMode=RULE_BASED BackhaulMode=SATELLITE_FALLBACK RicControlState=NEAR_RT_RIC_SWITCHING_TO_SATELLITE_BACKHAUL ActiveUavRic=TN_NEAR_RT_RIC NormalUeHandoverAllowed=1 UavMode=NEAR_RT_RIC_EMERGENCY_SWITCHING_WITH_SATELLITE_BACKHAUL
---- LOAD at t=152.5 ----
  cell 1 (TN) load=12/20
  cell 2 (TN) load=14/20
  cell 3 (TN) load=17/20
  cell 4 (TN) load=14/20
  cell 5 (NTN) load=14/15
  cell 6 (NTN) load=13/15
  cell 7 (NTN) load=12/15
UE 9 TTT_WAIT target=3 elapsed=0s need=2s
UE 10 TTT_WAIT target=3 elapsed=0s need=2s
LM HO UE=13 rnti=145 3->2 type=TN servingRsrp=-118.033 targetRsrp=-82.4433 targetLoadReal=14/20 targetLoadEff=14/20
LM HO_FAIL_LOW_RSRP UE=14 currCell=3 candCell=4 candRsrp=-122.465 < min=-110
LM HO_FAIL_LOW_RSRP UE=15 currCell=3 candCell=5 candRsrp=-139.454 < min=-110
UE 19 TTT_WAIT target=1 elapsed=0s need=2s
UE 21 TTT_WAIT target=1 elapsed=0s need=2s
UE 23 TTT_WAIT target=1 elapsed=0s need=2s
LM HO UE=24 rnti=87 1->3 type=TN servingRsrp=-100.004 targetRsrp=-79.8143 targetLoadReal=17/20 targetLoadEff=17/20
LM HO UE=26 rnti=91 1->2 type=TN servingRsrp=-126.618 targetRsrp=-99.7344 targetLoadReal=14/20 targetLoadEff=15/20
UE 28 TTT_WAIT target=5 elapsed=0s need=2s
LM HO UE=29 rnti=100 2->1 type=TN servingRsrp=-111.076 targetRsrp=-69.0884 targetLoadReal=12/20 targetLoadEff=12/20
UE 30 TTT_WAIT target=3 elapsed=0s need=2s
LM HO_FAIL_LOW_RSRP UE=34 currCell=4 candCell=2 candRsrp=-112.065 < min=-110
UE 37 TTT_WAIT target=2 elapsed=0s need=2s
UE 39 TTT_WAIT target=1 elapsed=0s need=2s
UE 41 TTT_WAIT target=7 elapsed=0s need=2s
UE 43 TTT_WAIT target=1 elapsed=0s need=2s
UE 44 TTT_WAIT target=4 elapsed=0s need=2s
LM HO_FAIL_LOW_RSRP UE=45 currCell=1 candCell=2 candRsrp=-110.633 < min=-110
LM HO_FAIL_LOW_RSRP UE=46 currCell=4 candCell=1 candRsrp=-111.359 < min=-110
UE 47 TTT_WAIT target=1 elapsed=0s need=2s
UE 49 TTT_WAIT target=2 elapsed=0s need=2s
UE 54 TTT_WAIT target=3 elapsed=0s need=2s
LM HO_FAIL_LOW_RSRP UE=58 currCell=1 candCell=7 candRsrp=-123.769 < min=-110
LM HO_FAIL_LOW_RSRP UE=60 currCell=3 candCell=5 candRsrp=-136.332 < min=-110
LM HO_FAIL_LOW_RSRP UE=65 currCell=1 candCell=5 candRsrp=-122.927 < min=-110
UE 66 TTT_WAIT target=6 elapsed=0s need=2s
LM HO_FAIL_LOW_RSRP UE=67 currCell=3 candCell=5 candRsrp=-134.041 < min=-110
LM HO_FAIL_LOW_RSRP UE=72 currCell=1 candCell=5 candRsrp=-131.727 < min=-110
UE 74 TTT_WAIT target=2 elapsed=0s need=2s
UE 76 TTT_WAIT target=1 elapsed=0s need=2s
UE 77 TTT_WAIT target=7 elapsed=0s need=2s
UE 80 TTT_WAIT target=1 elapsed=0s need=2s
UE 82 TTT_WAIT target=2 elapsed=0s need=2s
UE 84 TTT_WAIT target=3 elapsed=0s need=2s
UE 85 TTT_WAIT target=2 elapsed=0s need=2s
UE 86 TTT_WAIT target=4 elapsed=0s need=2s
LM HO UE=87 rnti=96 2->1 type=TN servingRsrp=-113.796 targetRsrp=-108.29 targetLoadReal=12/20 targetLoadEff=13/20
LM HO_FAIL_LOW_RSRP UE=89 currCell=2 candCell=1 candRsrp=-122.166 < min=-110
UE 106 TTT_WAIT target=4 elapsed=0s need=2s
TRACE HO_SUCCESS Time=152.615 IMSI=28 TargetCell=1 Type=TN TargetRSRP=-99.8697 ServingRSRP=-89.4832 BackhaulDlSnr=-999 BackhaulUlSnr=-999
TRACE HO_SUCCESS Time=152.615 IMSI=86 TargetCell=1 Type=TN TargetRSRP=-80.9531 ServingRSRP=-81.9484 BackhaulDlSnr=-999 BackhaulUlSnr=-999
TRACE HO_SUCCESS Time=152.615 IMSI=25 TargetCell=2 Type=TN TargetRSRP=-109.835 ServingRSRP=-109.015 BackhaulDlSnr=-999 BackhaulUlSnr=-999
TRACE HO_SUCCESS Time=152.615 IMSI=12 TargetCell=2 Type=TN TargetRSRP=-107.794 ServingRSRP=-103.97 BackhaulDlSnr=-999 BackhaulUlSnr=-999
TRACE HO_SUCCESS Time=152.615 IMSI=23 TargetCell=3 Type=TN TargetRSRP=-81.5527 ServingRSRP=-104.456 BackhaulDlSnr=-999 BackhaulUlSnr=-999
UAV_AUTONOMY_XAPP Time=154.5 DeploymentMode=tn-uav-satellite UavIndex=0 UavCellId=5 BestDonorCellId=1 BestDonorDistanceM=4956.58 XhaulConnected=1 XhaulChannelVariationDb=-1.55618 RawXhaulState=UNREACHABLE RawXhaulStateAgeSec=150 XhaulState=UNREACHABLE DonorUnavailableActive=0 SatBackhaulHealthy=1 UavSwitchingXappAvailable=1 UavSwitchingXappState=ACTIVE AiPredictedBackhaulMode=RULE_BASED BackhaulMode=SATELLITE_FALLBACK RicControlState=NEAR_RT_RIC_SWITCHING_TO_SATELLITE_BACKHAUL ActiveUavRic=TN_NEAR_RT_RIC NormalUeHandoverAllowed=1 UavMode=NEAR_RT_RIC_EMERGENCY_SWITCHING_WITH_SATELLITE_BACKHAUL
UAV_AUTONOMY_XAPP Time=154.5 DeploymentMode=tn-uav-satellite UavIndex=1 UavCellId=6 BestDonorCellId=4 BestDonorDistanceM=4013.64 XhaulConnected=1 XhaulChannelVariationDb=1.45112 RawXhaulState=UNREACHABLE RawXhaulStateAgeSec=128 XhaulState=UNREACHABLE DonorUnavailableActive=0 SatBackhaulHealthy=1 UavSwitchingXappAvailable=1 UavSwitchingXappState=ACTIVE AiPredictedBackhaulMode=RULE_BASED BackhaulMode=SATELLITE_FALLBACK RicControlState=NEAR_RT_RIC_SWITCHING_TO_SATELLITE_BACKHAUL ActiveUavRic=TN_NEAR_RT_RIC NormalUeHandoverAllowed=1 UavMode=NEAR_RT_RIC_EMERGENCY_SWITCHING_WITH_SATELLITE_BACKHAUL
UAV_AUTONOMY_XAPP Time=154.5 DeploymentMode=tn-uav-satellite UavIndex=2 UavCellId=7 BestDonorCellId=4 BestDonorDistanceM=3459.94 XhaulConnected=1 XhaulChannelVariationDb=-1.07289 RawXhaulState=UNREACHABLE RawXhaulStateAgeSec=134 XhaulState=UNREACHABLE DonorUnavailableActive=0 SatBackhaulHealthy=1 UavSwitchingXappAvailable=1 UavSwitchingXappState=ACTIVE AiPredictedBackhaulMode=RULE_BASED BackhaulMode=SATELLITE_FALLBACK RicControlState=NEAR_RT_RIC_SWITCHING_TO_SATELLITE_BACKHAUL ActiveUavRic=TN_NEAR_RT_RIC NormalUeHandoverAllowed=1 UavMode=NEAR_RT_RIC_EMERGENCY_SWITCHING_WITH_SATELLITE_BACKHAUL
---- LOAD at t=154.5 ----
  cell 1 (TN) load=12/20
  cell 2 (TN) load=14/20
  cell 3 (TN) load=17/20
  cell 4 (TN) load=14/20
  cell 5 (NTN) load=14/15
  cell 6 (NTN) load=13/15
  cell 7 (NTN) load=12/15
LM HO UE=10 rnti=120 1->3 type=TN servingRsrp=-108.64 targetRsrp=-95.8928 targetLoadReal=17/20 targetLoadEff=17/20
UE 14 TTT_WAIT target=2 elapsed=0s need=2s
LM HO_FAIL_LOW_RSRP UE=19 currCell=3 candCell=1 candRsrp=-113.301 < min=-110
UE 20 TTT_WAIT target=2 elapsed=0s need=2s
UE 21 TTT_WAIT target=3 elapsed=0s need=2s
UE 23 TTT_WAIT target=2 elapsed=0s need=2s
UE 24 TTT_WAIT target=1 elapsed=0s need=2s
LM HO_FAIL_LOW_RSRP UE=28 currCell=2 candCell=1 candRsrp=-118.369 < min=-110
LM HO UE=30 rnti=99 1->3 type=TN servingRsrp=-117.879 targetRsrp=-93.5336 targetLoadReal=17/20 targetLoadEff=18/20
UE 32 TTT_WAIT target=6 elapsed=0s need=2s
LM HO_FAIL_LOW_RSRP UE=34 currCell=4 candCell=6 candRsrp=-130.436 < min=-110
UE 35 TTT_WAIT target=3 elapsed=0s need=2s
UE 37 TTT_WAIT target=3 elapsed=0s need=2s
UE 39 TTT_WAIT target=2 elapsed=0s need=2s
UE 41 TTT_WAIT target=4 elapsed=0s need=2s
UE 42 TTT_WAIT target=2 elapsed=0s need=2s
UE 44 TTT_WAIT target=2 elapsed=0s need=2s
UE 45 TTT_WAIT target=2 elapsed=0s need=2s
LM HO_FAIL_LOW_RSRP UE=46 currCell=4 candCell=1 candRsrp=-121.952 < min=-110
UE 48 TTT_WAIT target=3 elapsed=0s need=2s
LM HO_FAIL_LOW_RSRP UE=55 currCell=2 candCell=7 candRsrp=-137.511 < min=-110
LM HO_FAIL_LOW_RSRP UE=57 currCell=3 candCell=1 candRsrp=-112.212 < min=-110
UE 58 TTT_WAIT target=3 elapsed=0s need=2s
LM HO_FAIL_LOW_RSRP UE=60 currCell=3 candCell=5 candRsrp=-113.847 < min=-110
UE 64 TTT_WAIT target=4 elapsed=0s need=2s
UE 65 TTT_WAIT target=2 elapsed=0s need=2s
LM HO UE=66 rnti=96 1->6 type=NTN servingRsrp=-111.562 targetRsrp=-100.295 targetLoadReal=13/15 targetLoadEff=13/15
LM HO_FAIL_LOW_RSRP UE=67 currCell=3 candCell=1 candRsrp=-116.346 < min=-110
LM HO_FAIL_LOW_RSRP UE=69 currCell=4 candCell=7 candRsrp=-130.85 < min=-110
UE 70 TTT_WAIT target=2 elapsed=0s need=2s
LM HO_FAIL_LOW_RSRP UE=72 currCell=1 candCell=5 candRsrp=-130.676 < min=-110
LM HO_FAIL_LOW_RSRP UE=74 currCell=3 candCell=1 candRsrp=-110.557 < min=-110
UE 76 TTT_WAIT target=3 elapsed=0s need=2s
UE 82 TTT_WAIT target=3 elapsed=0s need=2s
UE 84 TTT_WAIT target=2 elapsed=0s need=2s
UE 85 TTT_WAIT target=6 elapsed=0s need=2s
UE 87 TTT_WAIT target=3 elapsed=0s need=2s
LM HO_FAIL_LOW_RSRP UE=89 currCell=2 candCell=1 candRsrp=-133.946 < min=-110
TRACE HO_SUCCESS Time=154.615 IMSI=29 TargetCell=3 Type=TN TargetRSRP=-93.9579 ServingRSRP=-101.802 BackhaulDlSnr=-999 BackhaulUlSnr=-999
TRACE HO_SUCCESS Time=154.615 IMSI=9 TargetCell=3 Type=TN TargetRSRP=-103.415 ServingRSRP=-109.74 BackhaulDlSnr=-999 BackhaulUlSnr=-999
TRACE HO_SUCCESS Time=154.615 IMSI=65 TargetCell=6 Type=NTN TargetRSRP=-135.789 ServingRSRP=-91.7255 BackhaulDlSnr=13.2525 BackhaulUlSnr=8.73193
UAV_AUTONOMY_XAPP Time=156.5 DeploymentMode=tn-uav-satellite UavIndex=0 UavCellId=5 BestDonorCellId=1 BestDonorDistanceM=5007.22 XhaulConnected=1 XhaulChannelVariationDb=1.5861 RawXhaulState=UNREACHABLE RawXhaulStateAgeSec=152 XhaulState=UNREACHABLE DonorUnavailableActive=0 SatBackhaulHealthy=1 UavSwitchingXappAvailable=1 UavSwitchingXappState=ACTIVE AiPredictedBackhaulMode=RULE_BASED BackhaulMode=SATELLITE_FALLBACK RicControlState=NEAR_RT_RIC_SWITCHING_TO_SATELLITE_BACKHAUL ActiveUavRic=TN_NEAR_RT_RIC NormalUeHandoverAllowed=1 UavMode=NEAR_RT_RIC_EMERGENCY_SWITCHING_WITH_SATELLITE_BACKHAUL
UAV_AUTONOMY_XAPP Time=156.5 DeploymentMode=tn-uav-satellite UavIndex=1 UavCellId=6 BestDonorCellId=4 BestDonorDistanceM=4001.05 XhaulConnected=1 XhaulChannelVariationDb=-3.01402 RawXhaulState=UNREACHABLE RawXhaulStateAgeSec=130 XhaulState=UNREACHABLE DonorUnavailableActive=0 SatBackhaulHealthy=1 UavSwitchingXappAvailable=1 UavSwitchingXappState=ACTIVE AiPredictedBackhaulMode=RULE_BASED BackhaulMode=SATELLITE_FALLBACK RicControlState=NEAR_RT_RIC_SWITCHING_TO_SATELLITE_BACKHAUL ActiveUavRic=TN_NEAR_RT_RIC NormalUeHandoverAllowed=1 UavMode=NEAR_RT_RIC_EMERGENCY_SWITCHING_WITH_SATELLITE_BACKHAUL
UAV_AUTONOMY_XAPP Time=156.5 DeploymentMode=tn-uav-satellite UavIndex=2 UavCellId=7 BestDonorCellId=4 BestDonorDistanceM=3408.61 XhaulConnected=1 XhaulChannelVariationDb=-2.13262 RawXhaulState=UNREACHABLE RawXhaulStateAgeSec=136 XhaulState=UNREACHABLE DonorUnavailableActive=0 SatBackhaulHealthy=1 UavSwitchingXappAvailable=1 UavSwitchingXappState=ACTIVE AiPredictedBackhaulMode=RULE_BASED BackhaulMode=SATELLITE_FALLBACK RicControlState=NEAR_RT_RIC_SWITCHING_TO_SATELLITE_BACKHAUL ActiveUavRic=TN_NEAR_RT_RIC NormalUeHandoverAllowed=1 UavMode=NEAR_RT_RIC_EMERGENCY_SWITCHING_WITH_SATELLITE_BACKHAUL
---- LOAD at t=156.5 ----
  cell 1 (TN) load=9/20
  cell 2 (TN) load=14/20
  cell 3 (TN) load=19/20
  cell 4 (TN) load=14/20
  cell 5 (NTN) load=14/15
  cell 6 (NTN) load=14/15
  cell 7 (NTN) load=12/15
UE 9 TTT_WAIT target=1 elapsed=0s need=2s
UE 13 TTT_WAIT target=1 elapsed=0s need=2s
UE 14 TTT_WAIT target=1 elapsed=0s need=2s
UE 15 TTT_WAIT target=2 elapsed=0s need=2s
LM HO_FAIL_LOW_RSRP UE=19 currCell=3 candCell=1 candRsrp=-120.082 < min=-110
UE 20 TTT_WAIT target=1 elapsed=0s need=2s
LM HO_FAIL_LOW_RSRP UE=21 currCell=4 candCell=6 candRsrp=-123.799 < min=-110
LM HO UE=23 rnti=135 3->2 type=TN servingRsrp=-109.55 targetRsrp=-83.1553 targetLoadReal=14/20 targetLoadEff=14/20
LM HO_FAIL_LOW_RSRP UE=26 currCell=2 candCell=3 candRsrp=-111.31 < min=-110
LM HO_FAIL_LOW_RSRP UE=28 currCell=2 candCell=6 candRsrp=-119.317 < min=-110
LM HO_FAIL_LOW_RSRP UE=30 currCell=3 candCell=2 candRsrp=-119.225 < min=-110
LM HO UE=32 rnti=84 4->6 type=NTN servingRsrp=-111.337 targetRsrp=-109.205 targetLoadReal=14/15 targetLoadEff=14/15
LM HO_FAIL_LOW_RSRP UE=34 currCell=4 candCell=5 candRsrp=-129.757 < min=-110
LM HO_FAIL_LOW_RSRP UE=37 currCell=1 candCell=2 candRsrp=-117.941 < min=-110
UE 39 TTT_WAIT target=1 elapsed=0s need=2s
LM HO_FAIL_LOW_RSRP UE=41 currCell=2 candCell=4 candRsrp=-113.227 < min=-110
LM HO_FAIL_LOW_RSRP UE=42 currCell=3 candCell=4 candRsrp=-122.66 < min=-110
LM HO UE=45 rnti=108 1->2 type=TN servingRsrp=-116.342 targetRsrp=-88.7447 targetLoadReal=14/20 targetLoadEff=15/20
LM HO_FAIL_LOW_RSRP UE=48 currCell=2 candCell=7 candRsrp=-125.657 < min=-110
LM HO_FAIL_LOW_RSRP UE=49 currCell=4 candCell=5 candRsrp=-145.489 < min=-110
UE 57 TTT_WAIT target=2 elapsed=0s need=2s
LM HO_FAIL_LOW_RSRP UE=58 currCell=1 candCell=5 candRsrp=-116.349 < min=-110
LM HO_FAIL_LOW_RSRP UE=60 currCell=3 candCell=7 candRsrp=-135.409 < min=-110
LM HO_FAIL_LOW_RSRP UE=64 currCell=6 candCell=5 candRsrp=-128.337 < min=-110
UE 66 TTT_WAIT target=3 elapsed=0s need=2s
LM HO_FAIL_LOW_RSRP UE=67 currCell=3 candCell=5 candRsrp=-128.242 < min=-110
UE 70 TTT_WAIT target=1 elapsed=0s need=2s
UE 72 TTT_WAIT target=2 elapsed=0s need=2s
LM HO_FAIL_LOW_RSRP UE=74 currCell=3 candCell=1 candRsrp=-110.284 < min=-110
UE 77 TTT_WAIT target=4 elapsed=0s need=2s
UE 78 TTT_WAIT target=1 elapsed=0s need=2s
LM HO_FAIL_LOW_RSRP UE=79 currCell=1 candCell=4 candRsrp=-110.745 < min=-110
LM HO_FAIL_LOW_RSRP UE=82 currCell=4 candCell=3 candRsrp=-114.242 < min=-110
LM HO UE=84 rnti=101 4->2 type=TN servingRsrp=-127.186 targetRsrp=-93.7232 targetLoadReal=14/20 targetLoadEff=16/20
LM HO_FAIL_LOW_RSRP UE=85 currCell=4 candCell=7 candRsrp=-140.334 < min=-110
LM HO_FAIL_LOW_RSRP UE=89 currCell=2 candCell=3 candRsrp=-131.49 < min=-110
TRACE HO_SUCCESS Time=156.615 IMSI=44 TargetCell=2 Type=TN TargetRSRP=-103.721 ServingRSRP=-94.902 BackhaulDlSnr=-999 BackhaulUlSnr=-999
TRACE HO_SUCCESS Time=156.615 IMSI=22 TargetCell=2 Type=TN TargetRSRP=-120.413 ServingRSRP=-110.138 BackhaulDlSnr=-999 BackhaulUlSnr=-999
TRACE HO_SUCCESS Time=156.615 IMSI=83 TargetCell=2 Type=TN TargetRSRP=-82.6183 ServingRSRP=-81.9954 BackhaulDlSnr=-999 BackhaulUlSnr=-999
TRACE HO_SUCCESS Time=156.615 IMSI=31 TargetCell=6 Type=NTN TargetRSRP=-115.386 ServingRSRP=-107.963 BackhaulDlSnr=13.4359 BackhaulUlSnr=8.91534
UAV_AUTONOMY_XAPP Time=158.5 DeploymentMode=tn-uav-satellite UavIndex=0 UavCellId=5 BestDonorCellId=1 BestDonorDistanceM=4961.82 XhaulConnected=1 XhaulChannelVariationDb=-1.00395 RawXhaulState=UNREACHABLE RawXhaulStateAgeSec=154 XhaulState=UNREACHABLE DonorUnavailableActive=0 SatBackhaulHealthy=1 UavSwitchingXappAvailable=1 UavSwitchingXappState=ACTIVE AiPredictedBackhaulMode=RULE_BASED BackhaulMode=SATELLITE_FALLBACK RicControlState=NEAR_RT_RIC_SWITCHING_TO_SATELLITE_BACKHAUL ActiveUavRic=TN_NEAR_RT_RIC NormalUeHandoverAllowed=1 UavMode=NEAR_RT_RIC_EMERGENCY_SWITCHING_WITH_SATELLITE_BACKHAUL
UAV_AUTONOMY_XAPP Time=158.5 DeploymentMode=tn-uav-satellite UavIndex=1 UavCellId=6 BestDonorCellId=4 BestDonorDistanceM=4011.81 XhaulConnected=1 XhaulChannelVariationDb=5.82729 RawXhaulState=UNREACHABLE RawXhaulStateAgeSec=132 XhaulState=UNREACHABLE DonorUnavailableActive=0 SatBackhaulHealthy=1 UavSwitchingXappAvailable=1 UavSwitchingXappState=ACTIVE AiPredictedBackhaulMode=RULE_BASED BackhaulMode=SATELLITE_FALLBACK RicControlState=NEAR_RT_RIC_SWITCHING_TO_SATELLITE_BACKHAUL ActiveUavRic=TN_NEAR_RT_RIC NormalUeHandoverAllowed=1 UavMode=NEAR_RT_RIC_EMERGENCY_SWITCHING_WITH_SATELLITE_BACKHAUL
UAV_AUTONOMY_XAPP Time=158.5 DeploymentMode=tn-uav-satellite UavIndex=2 UavCellId=7 BestDonorCellId=4 BestDonorDistanceM=3381.93 XhaulConnected=1 XhaulChannelVariationDb=-0.181284 RawXhaulState=UNREACHABLE RawXhaulStateAgeSec=138 XhaulState=UNREACHABLE DonorUnavailableActive=0 SatBackhaulHealthy=1 UavSwitchingXappAvailable=1 UavSwitchingXappState=ACTIVE AiPredictedBackhaulMode=RULE_BASED BackhaulMode=SATELLITE_FALLBACK RicControlState=NEAR_RT_RIC_SWITCHING_TO_SATELLITE_BACKHAUL ActiveUavRic=TN_NEAR_RT_RIC NormalUeHandoverAllowed=1 UavMode=NEAR_RT_RIC_EMERGENCY_SWITCHING_WITH_SATELLITE_BACKHAUL
---- LOAD at t=158.5 ----
  cell 1 (TN) load=8/20
  cell 2 (TN) load=17/20
  cell 3 (TN) load=18/20
  cell 4 (TN) load=12/20
  cell 5 (NTN) load=14/15
  cell 6 (NTN) load=15/15
  cell 7 (NTN) load=12/15
LM HO_FAIL_LOW_RSRP UE=9 currCell=4 candCell=7 candRsrp=-116.416 < min=-110
LM HO UE=13 rnti=103 2->1 type=TN servingRsrp=-97.1112 targetRsrp=-87.9044 targetLoadReal=8/20 targetLoadEff=8/20
LM HO_FAIL_LOW_RSRP UE=14 currCell=3 candCell=2 candRsrp=-114.274 < min=-110
LM HO_FAIL_LOW_RSRP UE=15 currCell=3 candCell=5 candRsrp=-129.905 < min=-110
UE 16 TTT_WAIT target=2 elapsed=0s need=2s
UE 18 TTT_WAIT target=4 elapsed=0s need=2s
UE 19 TTT_WAIT target=5 elapsed=0s need=2s
UE 21 TTT_WAIT target=3 elapsed=0s need=2s
UE 24 TTT_WAIT target=2 elapsed=0s need=2s
UE 26 TTT_WAIT target=1 elapsed=0s need=2s
UE 29 TTT_WAIT target=3 elapsed=0s need=2s
UE 30 TTT_WAIT target=7 elapsed=0s need=2s
UE 32 TTT_WAIT target=4 elapsed=0s need=2s
LM HO_FAIL_LOW_RSRP UE=34 currCell=4 candCell=3 candRsrp=-114.663 < min=-110
UE 35 TTT_WAIT target=4 elapsed=0s need=2s
UE 37 TTT_WAIT target=2 elapsed=0s need=2s
LM HO_FAIL_LOW_RSRP UE=41 currCell=2 candCell=4 candRsrp=-118.452 < min=-110
UE 42 TTT_WAIT target=2 elapsed=0s need=2s
LM HO_FAIL_LOW_RSRP UE=46 currCell=4 candCell=7 candRsrp=-141.989 < min=-110
UE 47 TTT_WAIT target=1 elapsed=0s need=2s
UE 48 TTT_WAIT target=5 elapsed=0s need=2s
LM HO_FAIL_LOW_RSRP UE=49 currCell=4 candCell=1 candRsrp=-117.512 < min=-110
UE 54 TTT_WAIT target=3 elapsed=0s need=2s
UE 57 TTT_WAIT target=1 elapsed=0s need=2s
LM HO_FAIL_LOW_RSRP UE=58 currCell=1 candCell=3 candRsrp=-122.441 < min=-110
UE 60 TTT_WAIT target=5 elapsed=0s need=2s
UE 66 TTT_WAIT target=5 elapsed=0s need=2s
LM HO_FAIL_LOW_RSRP UE=70 currCell=4 candCell=2 candRsrp=-118.812 < min=-110
LM HO_FAIL_LOW_RSRP UE=72 currCell=1 candCell=3 candRsrp=-111.615 < min=-110
LM HO_FAIL_LOW_RSRP UE=74 currCell=3 candCell=1 candRsrp=-111.336 < min=-110
UE 76 TTT_WAIT target=1 elapsed=0s need=2s
LM HO UE=77 rnti=177 6->4 type=TN servingRsrp=-107.838 targetRsrp=-82.1361 targetLoadReal=12/20 targetLoadEff=12/20
UE 79 TTT_WAIT target=4 elapsed=0s need=2s
UE 82 TTT_WAIT target=2 elapsed=0s need=2s
UE 84 TTT_WAIT target=3 elapsed=0s need=2s
UE 85 TTT_WAIT target=7 elapsed=0s need=2s
UE 86 TTT_WAIT target=2 elapsed=0s need=2s
LM HO_FAIL_LOW_RSRP UE=89 currCell=2 candCell=5 candRsrp=-156.802 < min=-110
TRACE HO_SUCCESS Time=158.615 IMSI=12 TargetCell=1 Type=TN TargetRSRP=-114.625 ServingRSRP=-93.027 BackhaulDlSnr=-999 BackhaulUlSnr=-999
TRACE HO_SUCCESS Time=158.615 IMSI=76 TargetCell=4 Type=TN TargetRSRP=-113.491 ServingRSRP=-128.603 BackhaulDlSnr=-999 BackhaulUlSnr=-999
UAV_AUTONOMY_XAPP Time=160.5 DeploymentMode=tn-uav-satellite UavIndex=0 UavCellId=5 BestDonorCellId=1 BestDonorDistanceM=4938.77 XhaulConnected=1 XhaulChannelVariationDb=2.39579 RawXhaulState=UNREACHABLE RawXhaulStateAgeSec=156 XhaulState=UNREACHABLE DonorUnavailableActive=0 SatBackhaulHealthy=1 UavSwitchingXappAvailable=1 UavSwitchingXappState=ACTIVE AiPredictedBackhaulMode=RULE_BASED BackhaulMode=SATELLITE_FALLBACK RicControlState=NEAR_RT_RIC_SWITCHING_TO_SATELLITE_BACKHAUL ActiveUavRic=TN_NEAR_RT_RIC NormalUeHandoverAllowed=1 UavMode=NEAR_RT_RIC_EMERGENCY_SWITCHING_WITH_SATELLITE_BACKHAUL
UAV_AUTONOMY_XAPP Time=160.5 DeploymentMode=tn-uav-satellite UavIndex=1 UavCellId=6 BestDonorCellId=4 BestDonorDistanceM=4050.29 XhaulConnected=1 XhaulChannelVariationDb=-5.0136 RawXhaulState=UNREACHABLE RawXhaulStateAgeSec=134 XhaulState=UNREACHABLE DonorUnavailableActive=0 SatBackhaulHealthy=1 UavSwitchingXappAvailable=1 UavSwitchingXappState=ACTIVE AiPredictedBackhaulMode=RULE_BASED BackhaulMode=SATELLITE_FALLBACK RicControlState=NEAR_RT_RIC_SWITCHING_TO_SATELLITE_BACKHAUL ActiveUavRic=TN_NEAR_RT_RIC NormalUeHandoverAllowed=1 UavMode=NEAR_RT_RIC_EMERGENCY_SWITCHING_WITH_SATELLITE_BACKHAUL
UAV_AUTONOMY_XAPP Time=160.5 DeploymentMode=tn-uav-satellite UavIndex=2 UavCellId=7 BestDonorCellId=4 BestDonorDistanceM=3421.19 XhaulConnected=1 XhaulChannelVariationDb=-8.3249 RawXhaulState=UNREACHABLE RawXhaulStateAgeSec=140 XhaulState=UNREACHABLE DonorUnavailableActive=0 SatBackhaulHealthy=1 UavSwitchingXappAvailable=1 UavSwitchingXappState=ACTIVE AiPredictedBackhaulMode=RULE_BASED BackhaulMode=SATELLITE_FALLBACK RicControlState=NEAR_RT_RIC_SWITCHING_TO_SATELLITE_BACKHAUL ActiveUavRic=TN_NEAR_RT_RIC NormalUeHandoverAllowed=1 UavMode=NEAR_RT_RIC_EMERGENCY_SWITCHING_WITH_SATELLITE_BACKHAUL
---- LOAD at t=160.5 ----
  cell 1 (TN) load=9/20
  cell 2 (TN) load=16/20
  cell 3 (TN) load=18/20
  cell 4 (TN) load=13/20
  cell 5 (NTN) load=14/15
  cell 6 (NTN) load=14/15
  cell 7 (NTN) load=12/15
UE 13 TTT_WAIT target=2 elapsed=0s need=2s
LM HO_FAIL_LOW_RSRP UE=15 currCell=3 candCell=5 candRsrp=-133.902 < min=-110
UE 18 TTT_WAIT target=1 elapsed=0s need=2s
LM HO_FAIL_LOW_RSRP UE=19 currCell=3 candCell=1 candRsrp=-127.549 < min=-110
UE 21 TTT_WAIT target=1 elapsed=0s need=2s
LM HO_FAIL_LOW_RSRP UE=23 currCell=2 candCell=7 candRsrp=-136.865 < min=-110
UE 24 TTT_WAIT target=4 elapsed=0s need=2s
UE 26 TTT_WAIT target=3 elapsed=0s need=2s
UE 28 TTT_WAIT target=1 elapsed=0s need=2s
LM HO UE=30 rnti=152 3->7 type=NTN servingRsrp=-118.858 targetRsrp=-102.499 targetLoadReal=12/15 targetLoadEff=12/15
LM HO_FAIL_LOW_RSRP UE=34 currCell=4 candCell=3 candRsrp=-111.774 < min=-110
UE 35 TTT_WAIT target=2 elapsed=0s need=2s
UE 37 TTT_WAIT target=3 elapsed=0s need=2s
UE 39 TTT_WAIT target=1 elapsed=0s need=2s
LM HO_FAIL_LOW_RSRP UE=41 currCell=2 candCell=1 candRsrp=-117.758 < min=-110
LM HO_FAIL_LOW_RSRP UE=42 currCell=3 candCell=2 candRsrp=-116.336 < min=-110
UE 43 TTT_WAIT target=3 elapsed=0s need=2s
UE 44 TTT_WAIT target=2 elapsed=0s need=2s
UE 46 TTT_WAIT target=7 elapsed=0s need=2s
LM HO_FAIL_LOW_RSRP UE=48 currCell=2 candCell=1 candRsrp=-120.807 < min=-110
UE 49 TTT_WAIT target=1 elapsed=0s need=2s
LM HO_FAIL_LOW_RSRP UE=54 currCell=2 candCell=5 candRsrp=-113.59 < min=-110
LM HO_FAIL_LOW_RSRP UE=57 currCell=3 candCell=1 candRsrp=-115.104 < min=-110
LM HO_FAIL_LOW_RSRP UE=58 currCell=1 candCell=3 candRsrp=-115.936 < min=-110
UE 60 TTT_WAIT target=6 elapsed=0s need=2s
UE 65 TTT_WAIT target=2 elapsed=0s need=2s
UE 66 TTT_WAIT target=3 elapsed=0s need=2s
LM HO_FAIL_LOW_RSRP UE=67 currCell=3 candCell=1 candRsrp=-119.657 < min=-110
UE 69 TTT_WAIT target=2 elapsed=0s need=2s
LM HO_FAIL_LOW_RSRP UE=72 currCell=1 candCell=3 candRsrp=-116.508 < min=-110
UE 74 TTT_WAIT target=2 elapsed=0s need=2s
LM HO UE=76 rnti=102 2->1 type=TN servingRsrp=-116.889 targetRsrp=-107.568 targetLoadReal=9/20 targetLoadEff=9/20
LM HO_FAIL_LOW_RSRP UE=79 currCell=1 candCell=2 candRsrp=-119.087 < min=-110
UE 80 TTT_WAIT target=1 elapsed=0s need=2s
LM HO_FAIL_LOW_RSRP UE=82 currCell=4 candCell=2 candRsrp=-120.604 < min=-110
LM HO UE=84 rnti=107 2->3 type=TN servingRsrp=-112.97 targetRsrp=-95.4868 targetLoadReal=18/20 targetLoadEff=18/20
UE 86 TTT_WAIT target=4 elapsed=0s need=2s
LM HO_FAIL_LOW_RSRP UE=89 currCell=2 candCell=6 candRsrp=-112.25 < min=-110
TRACE HO_SUCCESS Time=160.615 IMSI=75 TargetCell=1 Type=TN TargetRSRP=-106.303 ServingRSRP=-113.193 BackhaulDlSnr=-999 BackhaulUlSnr=-999
TRACE HO_SUCCESS Time=160.615 IMSI=83 TargetCell=3 Type=TN TargetRSRP=-119.377 ServingRSRP=-112.059 BackhaulDlSnr=-999 BackhaulUlSnr=-999
TRACE HO_SUCCESS Time=160.615 IMSI=29 TargetCell=7 Type=NTN TargetRSRP=-145.292 ServingRSRP=-89.3534 BackhaulDlSnr=11.3733 BackhaulUlSnr=6.85268
UAV_AUTONOMY_XAPP Time=162.5 DeploymentMode=tn-uav-satellite UavIndex=0 UavCellId=5 BestDonorCellId=1 BestDonorDistanceM=4947.57 XhaulConnected=1 XhaulChannelVariationDb=-2.54687 RawXhaulState=UNREACHABLE RawXhaulStateAgeSec=158 XhaulState=UNREACHABLE DonorUnavailableActive=0 SatBackhaulHealthy=1 UavSwitchingXappAvailable=1 UavSwitchingXappState=ACTIVE AiPredictedBackhaulMode=RULE_BASED BackhaulMode=SATELLITE_FALLBACK RicControlState=NEAR_RT_RIC_SWITCHING_TO_SATELLITE_BACKHAUL ActiveUavRic=TN_NEAR_RT_RIC NormalUeHandoverAllowed=1 UavMode=NEAR_RT_RIC_EMERGENCY_SWITCHING_WITH_SATELLITE_BACKHAUL
UAV_AUTONOMY_XAPP Time=162.5 DeploymentMode=tn-uav-satellite UavIndex=1 UavCellId=6 BestDonorCellId=4 BestDonorDistanceM=4003.93 XhaulConnected=1 XhaulChannelVariationDb=-7.67666 RawXhaulState=UNREACHABLE RawXhaulStateAgeSec=136 XhaulState=UNREACHABLE DonorUnavailableActive=0 SatBackhaulHealthy=1 UavSwitchingXappAvailable=1 UavSwitchingXappState=ACTIVE AiPredictedBackhaulMode=RULE_BASED BackhaulMode=SATELLITE_FALLBACK RicControlState=NEAR_RT_RIC_SWITCHING_TO_SATELLITE_BACKHAUL ActiveUavRic=TN_NEAR_RT_RIC NormalUeHandoverAllowed=1 UavMode=NEAR_RT_RIC_EMERGENCY_SWITCHING_WITH_SATELLITE_BACKHAUL
UAV_AUTONOMY_XAPP Time=162.5 DeploymentMode=tn-uav-satellite UavIndex=2 UavCellId=7 BestDonorCellId=4 BestDonorDistanceM=3448.34 XhaulConnected=1 XhaulChannelVariationDb=-3.03374 RawXhaulState=UNREACHABLE RawXhaulStateAgeSec=142 XhaulState=UNREACHABLE DonorUnavailableActive=0 SatBackhaulHealthy=1 UavSwitchingXappAvailable=1 UavSwitchingXappState=ACTIVE AiPredictedBackhaulMode=RULE_BASED BackhaulMode=SATELLITE_FALLBACK RicControlState=NEAR_RT_RIC_SWITCHING_TO_SATELLITE_BACKHAUL ActiveUavRic=TN_NEAR_RT_RIC NormalUeHandoverAllowed=1 UavMode=NEAR_RT_RIC_EMERGENCY_SWITCHING_WITH_SATELLITE_BACKHAUL
---- LOAD at t=162.5 ----
  cell 1 (TN) load=11/20
  cell 2 (TN) load=14/20
  cell 3 (TN) load=18/20
  cell 4 (TN) load=13/20
  cell 5 (NTN) load=14/15
  cell 6 (NTN) load=14/15
  cell 7 (NTN) load=13/15
UE 9 TTT_WAIT target=3 elapsed=0s need=2s
LM HO UE=13 rnti=123 1->2 type=TN servingRsrp=-122.282 targetRsrp=-75.8526 targetLoadReal=14/20 targetLoadEff=14/20
UE 15 TTT_WAIT target=1 elapsed=0s need=2s
UE 18 TTT_WAIT target=2 elapsed=0s need=2s
LM HO_FAIL_LOW_RSRP UE=21 currCell=4 candCell=2 candRsrp=-111.523 < min=-110
UE 23 TTT_WAIT target=1 elapsed=0s need=2s
UE 24 TTT_WAIT target=1 elapsed=0s need=2s
LM HO_FAIL_LOW_RSRP UE=26 currCell=2 candCell=1 candRsrp=-121.642 < min=-110
LM HO_FAIL_LOW_RSRP UE=28 currCell=2 candCell=6 candRsrp=-134.647 < min=-110
UE 32 TTT_WAIT target=4 elapsed=0s need=2s
UE 33 TTT_WAIT target=1 elapsed=0s need=2s
UE 34 TTT_WAIT target=1 elapsed=0s need=2s
UE 37 TTT_WAIT target=2 elapsed=0s need=2s
UE 39 TTT_WAIT target=2 elapsed=0s need=2s
UE 41 TTT_WAIT target=4 elapsed=0s need=2s
LM HO_FAIL_LOW_RSRP UE=42 currCell=3 candCell=2 candRsrp=-119.947 < min=-110
UE 43 TTT_WAIT target=1 elapsed=0s need=2s
LM HO UE=44 rnti=144 3->2 type=TN servingRsrp=-100.945 targetRsrp=-87.8768 targetLoadReal=14/20 targetLoadEff=15/20
UE 46 TTT_WAIT target=6 elapsed=0s need=2s
LM HO_FAIL_LOW_RSRP UE=48 currCell=2 candCell=5 candRsrp=-124.637 < min=-110
UE 54 TTT_WAIT target=3 elapsed=0s need=2s
UE 55 TTT_WAIT target=3 elapsed=0s need=2s
LM HO_FAIL_LOW_RSRP UE=57 currCell=3 candCell=5 candRsrp=-126.234 < min=-110
UE 58 TTT_WAIT target=3 elapsed=0s need=2s
UE 60 TTT_WAIT target=2 elapsed=0s need=2s
UE 65 TTT_WAIT target=4 elapsed=0s need=2s
LM HO UE=66 rnti=178 6->3 type=TN servingRsrp=-126.336 targetRsrp=-83.0887 targetLoadReal=18/20 targetLoadEff=18/20
UE 67 TTT_WAIT target=1 elapsed=0s need=2s
UE 70 TTT_WAIT target=3 elapsed=0s need=2s
UE 72 TTT_WAIT target=2 elapsed=0s need=2s
UE 74 TTT_WAIT target=1 elapsed=0s need=2s
LM HO UE=80 rnti=132 3->1 type=TN servingRsrp=-103.242 targetRsrp=-70.7787 targetLoadReal=11/20 targetLoadEff=11/20
UE 82 TTT_WAIT target=6 elapsed=0s need=2s
LM HO_FAIL_LOW_RSRP UE=84 currCell=3 candCell=2 candRsrp=-115.769 < min=-110
UE 86 TTT_WAIT target=2 elapsed=0s need=2s
LM HO_FAIL_LOW_RSRP UE=89 currCell=2 candCell=6 candRsrp=-116.671 < min=-110
TRACE HO_SUCCESS Time=162.615 IMSI=79 TargetCell=1 Type=TN TargetRSRP=-71.3311 ServingRSRP=-112.105 BackhaulDlSnr=-999 BackhaulUlSnr=-999
TRACE HO_SUCCESS Time=162.615 IMSI=12 TargetCell=2 Type=TN TargetRSRP=-108.207 ServingRSRP=-113.894 BackhaulDlSnr=-999 BackhaulUlSnr=-999
TRACE HO_SUCCESS Time=162.615 IMSI=43 TargetCell=2 Type=TN TargetRSRP=-121.078 ServingRSRP=-109.038 BackhaulDlSnr=-999 BackhaulUlSnr=-999
TRACE HO_SUCCESS Time=162.615 IMSI=65 TargetCell=3 Type=TN TargetRSRP=-80.3983 ServingRSRP=-120.393 BackhaulDlSnr=-999 BackhaulUlSnr=-999
UAV_AUTONOMY_XAPP Time=164.5 DeploymentMode=tn-uav-satellite UavIndex=0 UavCellId=5 BestDonorCellId=1 BestDonorDistanceM=4988.88 XhaulConnected=1 XhaulChannelVariationDb=1.79525 RawXhaulState=UNREACHABLE RawXhaulStateAgeSec=160 XhaulState=UNREACHABLE DonorUnavailableActive=0 SatBackhaulHealthy=1 UavSwitchingXappAvailable=1 UavSwitchingXappState=ACTIVE AiPredictedBackhaulMode=RULE_BASED BackhaulMode=SATELLITE_FALLBACK RicControlState=NEAR_RT_RIC_SWITCHING_TO_SATELLITE_BACKHAUL ActiveUavRic=TN_NEAR_RT_RIC NormalUeHandoverAllowed=1 UavMode=NEAR_RT_RIC_EMERGENCY_SWITCHING_WITH_SATELLITE_BACKHAUL
UAV_AUTONOMY_XAPP Time=164.5 DeploymentMode=tn-uav-satellite UavIndex=1 UavCellId=6 BestDonorCellId=4 BestDonorDistanceM=4005.12 XhaulConnected=1 XhaulChannelVariationDb=2.74496 RawXhaulState=UNREACHABLE RawXhaulStateAgeSec=138 XhaulState=UNREACHABLE DonorUnavailableActive=0 SatBackhaulHealthy=1 UavSwitchingXappAvailable=1 UavSwitchingXappState=ACTIVE AiPredictedBackhaulMode=RULE_BASED BackhaulMode=SATELLITE_FALLBACK RicControlState=NEAR_RT_RIC_SWITCHING_TO_SATELLITE_BACKHAUL ActiveUavRic=TN_NEAR_RT_RIC NormalUeHandoverAllowed=1 UavMode=NEAR_RT_RIC_EMERGENCY_SWITCHING_WITH_SATELLITE_BACKHAUL
UAV_AUTONOMY_XAPP Time=164.5 DeploymentMode=tn-uav-satellite UavIndex=2 UavCellId=7 BestDonorCellId=4 BestDonorDistanceM=3424.63 XhaulConnected=1 XhaulChannelVariationDb=2.9205 RawXhaulState=UNREACHABLE RawXhaulStateAgeSec=144 XhaulState=UNREACHABLE DonorUnavailableActive=0 SatBackhaulHealthy=1 UavSwitchingXappAvailable=1 UavSwitchingXappState=ACTIVE AiPredictedBackhaulMode=RULE_BASED BackhaulMode=SATELLITE_FALLBACK RicControlState=NEAR_RT_RIC_SWITCHING_TO_SATELLITE_BACKHAUL ActiveUavRic=TN_NEAR_RT_RIC NormalUeHandoverAllowed=1 UavMode=NEAR_RT_RIC_EMERGENCY_SWITCHING_WITH_SATELLITE_BACKHAUL
---- LOAD at t=164.5 ----
  cell 1 (TN) load=11/20
  cell 2 (TN) load=16/20
  cell 3 (TN) load=17/20
  cell 4 (TN) load=13/20
  cell 5 (NTN) load=14/15
  cell 6 (NTN) load=13/15
  cell 7 (NTN) load=13/15
LM HO_FAIL_LOW_RSRP UE=9 currCell=4 candCell=6 candRsrp=-121.584 < min=-110
UE 13 TTT_WAIT target=3 elapsed=0s need=2s
LM HO_FAIL_LOW_RSRP UE=15 currCell=3 candCell=5 candRsrp=-133.019 < min=-110
UE 18 TTT_WAIT target=4 elapsed=0s need=2s
LM HO_FAIL_LOW_RSRP UE=19 currCell=3 candCell=2 candRsrp=-114.152 < min=-110
UE 23 TTT_WAIT target=3 elapsed=0s need=2s
UE 26 TTT_WAIT target=3 elapsed=0s need=2s
UE 28 TTT_WAIT target=1 elapsed=0s need=2s
UE 29 TTT_WAIT target=3 elapsed=0s need=2s
LM HO_FAIL_LOW_RSRP UE=32 currCell=6 candCell=7 candRsrp=-127.218 < min=-110
LM HO UE=34 rnti=98 4->1 type=TN servingRsrp=-126.256 targetRsrp=-105.816 targetLoadReal=11/20 targetLoadEff=11/20
LM HO_FAIL_LOW_RSRP UE=37 currCell=1 candCell=2 candRsrp=-120.276 < min=-110
LM HO UE=39 rnti=146 3->2 type=TN servingRsrp=-124.252 targetRsrp=-98.4776 targetLoadReal=16/20 targetLoadEff=16/20
LM HO UE=41 rnti=9 2->4 type=TN servingRsrp=-109.381 targetRsrp=-93.0101 targetLoadReal=13/20 targetLoadEff=13/20
UE 42 TTT_WAIT target=2 elapsed=0s need=2s
UE 43 TTT_WAIT target=3 elapsed=0s need=2s
UE 44 TTT_WAIT target=3 elapsed=0s need=2s
UE 45 TTT_WAIT target=1 elapsed=0s need=2s
LM HO_FAIL_LOW_RSRP UE=46 currCell=4 candCell=6 candRsrp=-111.014 < min=-110
UE 47 TTT_WAIT target=1 elapsed=0s need=2s
UE 48 TTT_WAIT target=4 elapsed=0s need=2s
UE 49 TTT_WAIT target=1 elapsed=0s need=2s
UE 54 TTT_WAIT target=1 elapsed=0s need=2s
UE 55 TTT_WAIT target=4 elapsed=0s need=2s
LM HO_FAIL_LOW_RSRP UE=57 currCell=3 candCell=2 candRsrp=-113.025 < min=-110
LM HO_FAIL_LOW_RSRP UE=58 currCell=1 candCell=3 candRsrp=-120.39 < min=-110
UE 60 TTT_WAIT target=5 elapsed=0s need=2s
UE 64 TTT_WAIT target=5 elapsed=0s need=2s
UE 65 TTT_WAIT target=3 elapsed=0s need=2s
LM HO_FAIL_LOW_RSRP UE=67 currCell=3 candCell=1 candRsrp=-110.592 < min=-110
UE 69 TTT_WAIT target=7 elapsed=0s need=2s
LM HO UE=70 rnti=86 4->3 type=TN servingRsrp=-106.7 targetRsrp=-104.309 targetLoadReal=17/20 targetLoadEff=17/20
LM HO UE=74 rnti=149 3->1 type=TN servingRsrp=-120.249 targetRsrp=-86.5499 targetLoadReal=11/20 targetLoadEff=12/20
LM HO_FAIL_LOW_RSRP UE=77 currCell=4 candCell=6 candRsrp=-118.748 < min=-110
UE 78 TTT_WAIT target=1 elapsed=0s need=2s
UE 79 TTT_WAIT target=2 elapsed=0s need=2s
UE 80 TTT_WAIT target=3 elapsed=0s need=2s
LM HO_FAIL_LOW_RSRP UE=82 currCell=4 candCell=2 candRsrp=-123.591 < min=-110
UE 84 TTT_WAIT target=1 elapsed=0s need=2s
LM HO_FAIL_LOW_RSRP UE=85 currCell=4 candCell=6 candRsrp=-136.527 < min=-110
LM HO UE=86 rnti=147 3->2 type=TN servingRsrp=-123.476 targetRsrp=-93.1123 targetLoadReal=16/20 targetLoadEff=17/20
UE 89 TTT_WAIT target=6 elapsed=0s need=2s
TRACE HO_SUCCESS Time=164.615 IMSI=73 TargetCell=1 Type=TN TargetRSRP=-116.79 ServingRSRP=-108.589 BackhaulDlSnr=-999 BackhaulUlSnr=-999
TRACE HO_SUCCESS Time=164.615 IMSI=33 TargetCell=1 Type=TN TargetRSRP=-133.928 ServingRSRP=-114.224 BackhaulDlSnr=-999 BackhaulUlSnr=-999
TRACE HO_SUCCESS Time=164.615 IMSI=38 TargetCell=2 Type=TN TargetRSRP=-96.7493 ServingRSRP=-81.2263 BackhaulDlSnr=-999 BackhaulUlSnr=-999
TRACE HO_SUCCESS Time=164.615 IMSI=85 TargetCell=2 Type=TN TargetRSRP=-93.2328 ServingRSRP=-87.7932 BackhaulDlSnr=-999 BackhaulUlSnr=-999
TRACE HO_SUCCESS Time=164.615 IMSI=69 TargetCell=3 Type=TN TargetRSRP=-128.897 ServingRSRP=-89.7209 BackhaulDlSnr=-999 BackhaulUlSnr=-999
TRACE HO_SUCCESS Time=164.615 IMSI=40 TargetCell=4 Type=TN TargetRSRP=-94.2769 ServingRSRP=-109.561 BackhaulDlSnr=-999 BackhaulUlSnr=-999
UAV_AUTONOMY_XAPP Time=166.5 DeploymentMode=tn-uav-satellite UavIndex=0 UavCellId=5 BestDonorCellId=1 BestDonorDistanceM=4993.93 XhaulConnected=1 XhaulChannelVariationDb=-0.987497 RawXhaulState=UNREACHABLE RawXhaulStateAgeSec=162 XhaulState=UNREACHABLE DonorUnavailableActive=0 SatBackhaulHealthy=1 UavSwitchingXappAvailable=1 UavSwitchingXappState=ACTIVE AiPredictedBackhaulMode=RULE_BASED BackhaulMode=SATELLITE_FALLBACK RicControlState=NEAR_RT_RIC_SWITCHING_TO_SATELLITE_BACKHAUL ActiveUavRic=TN_NEAR_RT_RIC NormalUeHandoverAllowed=1 UavMode=NEAR_RT_RIC_EMERGENCY_SWITCHING_WITH_SATELLITE_BACKHAUL
UAV_AUTONOMY_XAPP Time=166.5 DeploymentMode=tn-uav-satellite UavIndex=1 UavCellId=6 BestDonorCellId=4 BestDonorDistanceM=4022.75 XhaulConnected=1 XhaulChannelVariationDb=-0.316338 RawXhaulState=UNREACHABLE RawXhaulStateAgeSec=140 XhaulState=UNREACHABLE DonorUnavailableActive=0 SatBackhaulHealthy=1 UavSwitchingXappAvailable=1 UavSwitchingXappState=ACTIVE AiPredictedBackhaulMode=RULE_BASED BackhaulMode=SATELLITE_FALLBACK RicControlState=NEAR_RT_RIC_SWITCHING_TO_SATELLITE_BACKHAUL ActiveUavRic=TN_NEAR_RT_RIC NormalUeHandoverAllowed=1 UavMode=NEAR_RT_RIC_EMERGENCY_SWITCHING_WITH_SATELLITE_BACKHAUL
UAV_AUTONOMY_XAPP Time=166.5 DeploymentMode=tn-uav-satellite UavIndex=2 UavCellId=7 BestDonorCellId=4 BestDonorDistanceM=3430.16 XhaulConnected=1 XhaulChannelVariationDb=3.98593 RawXhaulState=UNREACHABLE RawXhaulStateAgeSec=146 XhaulState=UNREACHABLE DonorUnavailableActive=0 SatBackhaulHealthy=1 UavSwitchingXappAvailable=1 UavSwitchingXappState=ACTIVE AiPredictedBackhaulMode=RULE_BASED BackhaulMode=SATELLITE_FALLBACK RicControlState=NEAR_RT_RIC_SWITCHING_TO_SATELLITE_BACKHAUL ActiveUavRic=TN_NEAR_RT_RIC NormalUeHandoverAllowed=1 UavMode=NEAR_RT_RIC_EMERGENCY_SWITCHING_WITH_SATELLITE_BACKHAUL
---- LOAD at t=166.5 ----
  cell 1 (TN) load=13/20
  cell 2 (TN) load=18/20
  cell 3 (TN) load=15/20
  cell 4 (TN) load=12/20
  cell 5 (NTN) load=14/15
  cell 6 (NTN) load=13/15
  cell 7 (NTN) load=13/15
UE 9 TTT_WAIT target=2 elapsed=0s need=2s
LM HO_FAIL_LOW_RSRP UE=15 currCell=3 candCell=6 candRsrp=-136.492 < min=-110
UE 18 TTT_WAIT target=2 elapsed=0s need=2s
LM HO_FAIL_LOW_RSRP UE=19 currCell=3 candCell=5 candRsrp=-130.939 < min=-110
UE 20 TTT_WAIT target=1 elapsed=0s need=2s
UE 21 TTT_WAIT target=3 elapsed=0s need=2s
UE 23 TTT_WAIT target=1 elapsed=0s need=2s
UE 24 TTT_WAIT target=1 elapsed=0s need=2s
UE 26 TTT_WAIT target=4 elapsed=0s need=2s
UE 28 TTT_WAIT target=5 elapsed=0s need=2s
UE 32 TTT_WAIT target=4 elapsed=0s need=2s
LM HO_FAIL_LOW_RSRP UE=33 currCell=2 candCell=7 candRsrp=-137.443 < min=-110
UE 34 TTT_WAIT target=4 elapsed=0s need=2s
UE 35 TTT_WAIT target=3 elapsed=0s need=2s
LM HO_FAIL_LOW_RSRP UE=37 currCell=1 candCell=2 candRsrp=-115.466 < min=-110
UE 39 TTT_WAIT target=1 elapsed=0s need=2s
UE 41 TTT_WAIT target=7 elapsed=0s need=2s
LM HO UE=42 rnti=131 3->2 type=TN servingRsrp=-121.464 targetRsrp=-103.195 targetLoadReal=18/20 targetLoadEff=18/20
LM HO UE=43 rnti=98 2->3 type=TN servingRsrp=-108.36 targetRsrp=-74.9013 targetLoadReal=15/20 targetLoadEff=15/20
LM HO UE=44 rnti=109 2->3 type=TN servingRsrp=-116.874 targetRsrp=-106.083 targetLoadReal=15/20 targetLoadEff=16/20
UE 45 TTT_WAIT target=6 elapsed=0s need=2s
LM HO_FAIL_LOW_RSRP UE=48 currCell=2 candCell=6 candRsrp=-129.399 < min=-110
UE 52 TTT_WAIT target=2 elapsed=0s need=2s
LM HO_FAIL_LOW_RSRP UE=54 currCell=2 candCell=7 candRsrp=-133.437 < min=-110
UE 55 TTT_WAIT target=1 elapsed=0s need=2s
LM HO_FAIL_LOW_RSRP UE=57 currCell=3 candCell=1 candRsrp=-122.356 < min=-110
UE 58 TTT_WAIT target=3 elapsed=0s need=2s
UE 65 TTT_WAIT target=2 elapsed=0s need=2s
UE 66 TTT_WAIT target=6 elapsed=0s need=2s
UE 67 TTT_WAIT target=2 elapsed=0s need=2s
UE 72 TTT_WAIT target=3 elapsed=0s need=2s
LM HO_FAIL_LOW_RSRP UE=74 currCell=1 candCell=6 candRsrp=-111.464 < min=-110
UE 76 TTT_WAIT target=2 elapsed=0s need=2s
LM HO_FAIL_LOW_RSRP UE=77 currCell=4 candCell=6 candRsrp=-130.549 < min=-110
UE 78 TTT_WAIT target=3 elapsed=0s need=2s
UE 79 TTT_WAIT target=7 elapsed=0s need=2s
LM HO_FAIL_LOW_RSRP UE=82 currCell=4 candCell=2 candRsrp=-115.326 < min=-110
LM HO_FAIL_LOW_RSRP UE=84 currCell=3 candCell=7 candRsrp=-130.234 < min=-110
UE 86 TTT_WAIT target=3 elapsed=0s need=2s
LM HO_FAIL_LOW_RSRP UE=89 currCell=2 candCell=6 candRsrp=-114.081 < min=-110
LM HO_FAIL_LOW_RSRP UE=91 currCell=5 candCell=6 candRsrp=-116.872 < min=-110
UE 102 TTT_WAIT target=4 elapsed=0s need=2s
TRACE HO_SUCCESS Time=166.615 IMSI=41 TargetCell=2 Type=TN TargetRSRP=-122.222 ServingRSRP=-103.611 BackhaulDlSnr=-999 BackhaulUlSnr=-999
TRACE HO_SUCCESS Time=166.615 IMSI=42 TargetCell=3 Type=TN TargetRSRP=-74.5963 ServingRSRP=-114.939 BackhaulDlSnr=-999 BackhaulUlSnr=-999
TRACE HO_SUCCESS Time=166.615 IMSI=43 TargetCell=3 Type=TN TargetRSRP=-83.4914 ServingRSRP=-93.8281 BackhaulDlSnr=-999 BackhaulUlSnr=-999
UAV_AUTONOMY_XAPP Time=168.5 DeploymentMode=tn-uav-satellite UavIndex=0 UavCellId=5 BestDonorCellId=2 BestDonorDistanceM=5414.88 XhaulConnected=1 XhaulChannelVariationDb=1.31013 RawXhaulState=UNREACHABLE RawXhaulStateAgeSec=164 XhaulState=UNREACHABLE DonorUnavailableActive=0 SatBackhaulHealthy=1 UavSwitchingXappAvailable=1 UavSwitchingXappState=ACTIVE AiPredictedBackhaulMode=RULE_BASED BackhaulMode=SATELLITE_FALLBACK RicControlState=NEAR_RT_RIC_SWITCHING_TO_SATELLITE_BACKHAUL ActiveUavRic=TN_NEAR_RT_RIC NormalUeHandoverAllowed=1 UavMode=NEAR_RT_RIC_EMERGENCY_SWITCHING_WITH_SATELLITE_BACKHAUL
UAV_AUTONOMY_XAPP Time=168.5 DeploymentMode=tn-uav-satellite UavIndex=1 UavCellId=6 BestDonorCellId=4 BestDonorDistanceM=4039.94 XhaulConnected=1 XhaulChannelVariationDb=-2.9376 RawXhaulState=UNREACHABLE RawXhaulStateAgeSec=142 XhaulState=UNREACHABLE DonorUnavailableActive=0 SatBackhaulHealthy=1 UavSwitchingXappAvailable=1 UavSwitchingXappState=ACTIVE AiPredictedBackhaulMode=RULE_BASED BackhaulMode=SATELLITE_FALLBACK RicControlState=NEAR_RT_RIC_SWITCHING_TO_SATELLITE_BACKHAUL ActiveUavRic=TN_NEAR_RT_RIC NormalUeHandoverAllowed=1 UavMode=NEAR_RT_RIC_EMERGENCY_SWITCHING_WITH_SATELLITE_BACKHAUL
UAV_AUTONOMY_XAPP Time=168.5 DeploymentMode=tn-uav-satellite UavIndex=2 UavCellId=7 BestDonorCellId=4 BestDonorDistanceM=3399.39 XhaulConnected=1 XhaulChannelVariationDb=0.456861 RawXhaulState=UNREACHABLE RawXhaulStateAgeSec=148 XhaulState=UNREACHABLE DonorUnavailableActive=0 SatBackhaulHealthy=1 UavSwitchingXappAvailable=1 UavSwitchingXappState=ACTIVE AiPredictedBackhaulMode=RULE_BASED BackhaulMode=SATELLITE_FALLBACK RicControlState=NEAR_RT_RIC_SWITCHING_TO_SATELLITE_BACKHAUL ActiveUavRic=TN_NEAR_RT_RIC NormalUeHandoverAllowed=1 UavMode=NEAR_RT_RIC_EMERGENCY_SWITCHING_WITH_SATELLITE_BACKHAUL
---- LOAD at t=168.5 ----
  cell 1 (TN) load=13/20
  cell 2 (TN) load=17/20
  cell 3 (TN) load=16/20
  cell 4 (TN) load=12/20
  cell 5 (NTN) load=14/15
  cell 6 (NTN) load=13/15
  cell 7 (NTN) load=13/15
UE 9 TTT_WAIT target=1 elapsed=0s need=2s
UE 10 TTT_WAIT target=2 elapsed=0s need=2s
UE 14 TTT_WAIT target=6 elapsed=0s need=2s
UE 15 TTT_WAIT target=5 elapsed=0s need=2s
UE 18 TTT_WAIT target=4 elapsed=0s need=2s
LM HO_FAIL_LOW_RSRP UE=21 currCell=4 candCell=5 candRsrp=-138.253 < min=-110
LM HO UE=23 rnti=105 2->1 type=TN servingRsrp=-115.228 targetRsrp=-82.22 targetLoadReal=13/20 targetLoadEff=13/20
LM HO UE=24 rnti=150 3->1 type=TN servingRsrp=-106.43 targetRsrp=-104.113 targetLoadReal=13/20 targetLoadEff=14/20
LM HO_FAIL_LOW_RSRP UE=26 currCell=2 candCell=4 candRsrp=-111.044 < min=-110
UE 27 TTT_WAIT target=1 elapsed=0s need=2s
LM HO_FAIL_LOW_RSRP UE=28 currCell=2 candCell=6 candRsrp=-138.138 < min=-110
UE 30 TTT_WAIT target=3 elapsed=0s need=2s
LM HO_FAIL_LOW_RSRP UE=32 currCell=6 candCell=7 candRsrp=-124.805 < min=-110
LM HO_FAIL_LOW_RSRP UE=34 currCell=1 candCell=4 candRsrp=-119.732 < min=-110
UE 35 TTT_WAIT target=2 elapsed=0s need=2s
LM HO_FAIL_LOW_RSRP UE=37 currCell=1 candCell=4 candRsrp=-116.552 < min=-110
LM HO UE=39 rnti=110 2->1 type=TN servingRsrp=-115.106 targetRsrp=-73.9471 targetLoadReal=13/20 targetLoadEff=15/20
LM HO_FAIL_LOW_RSRP UE=41 currCell=4 candCell=6 candRsrp=-127.743 < min=-110
LM HO_FAIL_LOW_RSRP UE=42 currCell=2 candCell=5 candRsrp=-124.307 < min=-110
UE 44 TTT_WAIT target=2 elapsed=0s need=2s
UE 45 TTT_WAIT target=1 elapsed=0s need=2s
UE 52 TTT_WAIT target=3 elapsed=0s need=2s
UE 54 TTT_WAIT target=1 elapsed=0s need=2s
UE 55 TTT_WAIT target=3 elapsed=0s need=2s
UE 57 TTT_WAIT target=2 elapsed=0s need=2s
UE 58 TTT_WAIT target=2 elapsed=0s need=2s
UE 60 TTT_WAIT target=1 elapsed=0s need=2s
LM HO_FAIL_LOW_RSRP UE=67 currCell=3 candCell=6 candRsrp=-137.43 < min=-110
LM HO_FAIL_LOW_RSRP UE=69 currCell=4 candCell=6 candRsrp=-112.887 < min=-110
LM HO_FAIL_LOW_RSRP UE=70 currCell=3 candCell=4 candRsrp=-112.42 < min=-110
LM HO_FAIL_LOW_RSRP UE=72 currCell=1 candCell=2 candRsrp=-127.422 < min=-110
UE 74 TTT_WAIT target=4 elapsed=0s need=2s
UE 76 TTT_WAIT target=3 elapsed=0s need=2s
UE 79 TTT_WAIT target=4 elapsed=0s need=2s
UE 80 TTT_WAIT target=4 elapsed=0s need=2s
LM HO_FAIL_LOW_RSRP UE=82 currCell=4 candCell=6 candRsrp=-111.013 < min=-110
UE 84 TTT_WAIT target=4 elapsed=0s need=2s
LM HO_FAIL_LOW_RSRP UE=89 currCell=2 candCell=4 candRsrp=-131.201 < min=-110
UE 106 TTT_WAIT target=4 elapsed=0s need=2s
TRACE HO_SUCCESS Time=168.615 IMSI=22 TargetCell=1 Type=TN TargetRSRP=-111.767 ServingRSRP=-96.8145 BackhaulDlSnr=-999 BackhaulUlSnr=-999
TRACE HO_SUCCESS Time=168.615 IMSI=38 TargetCell=1 Type=TN TargetRSRP=-109.278 ServingRSRP=-77.9694 BackhaulDlSnr=-999 BackhaulUlSnr=-999
TRACE HO_SUCCESS Time=168.615 IMSI=23 TargetCell=1 Type=TN TargetRSRP=-105.975 ServingRSRP=-98.8768 BackhaulDlSnr=-999 BackhaulUlSnr=-999
UAV_AUTONOMY_XAPP Time=170.5 DeploymentMode=tn-uav-satellite UavIndex=0 UavCellId=5 BestDonorCellId=2 BestDonorDistanceM=5464.71 XhaulConnected=1 XhaulChannelVariationDb=1.49145 RawXhaulState=UNREACHABLE RawXhaulStateAgeSec=166 XhaulState=UNREACHABLE DonorUnavailableActive=0 SatBackhaulHealthy=1 UavSwitchingXappAvailable=1 UavSwitchingXappState=ACTIVE AiPredictedBackhaulMode=RULE_BASED BackhaulMode=SATELLITE_FALLBACK RicControlState=NEAR_RT_RIC_SWITCHING_TO_SATELLITE_BACKHAUL ActiveUavRic=TN_NEAR_RT_RIC NormalUeHandoverAllowed=1 UavMode=NEAR_RT_RIC_EMERGENCY_SWITCHING_WITH_SATELLITE_BACKHAUL
UAV_AUTONOMY_XAPP Time=170.5 DeploymentMode=tn-uav-satellite UavIndex=1 UavCellId=6 BestDonorCellId=4 BestDonorDistanceM=4043.46 XhaulConnected=1 XhaulChannelVariationDb=-2.75186 RawXhaulState=UNREACHABLE RawXhaulStateAgeSec=144 XhaulState=UNREACHABLE DonorUnavailableActive=0 SatBackhaulHealthy=1 UavSwitchingXappAvailable=1 UavSwitchingXappState=ACTIVE AiPredictedBackhaulMode=RULE_BASED BackhaulMode=SATELLITE_FALLBACK RicControlState=NEAR_RT_RIC_SWITCHING_TO_SATELLITE_BACKHAUL ActiveUavRic=TN_NEAR_RT_RIC NormalUeHandoverAllowed=1 UavMode=NEAR_RT_RIC_EMERGENCY_SWITCHING_WITH_SATELLITE_BACKHAUL
UAV_AUTONOMY_XAPP Time=170.5 DeploymentMode=tn-uav-satellite UavIndex=2 UavCellId=7 BestDonorCellId=4 BestDonorDistanceM=3399.13 XhaulConnected=1 XhaulChannelVariationDb=3.31514 RawXhaulState=UNREACHABLE RawXhaulStateAgeSec=150 XhaulState=UNREACHABLE DonorUnavailableActive=0 SatBackhaulHealthy=1 UavSwitchingXappAvailable=1 UavSwitchingXappState=ACTIVE AiPredictedBackhaulMode=RULE_BASED BackhaulMode=SATELLITE_FALLBACK RicControlState=NEAR_RT_RIC_SWITCHING_TO_SATELLITE_BACKHAUL ActiveUavRic=TN_NEAR_RT_RIC NormalUeHandoverAllowed=1 UavMode=NEAR_RT_RIC_EMERGENCY_SWITCHING_WITH_SATELLITE_BACKHAUL
---- LOAD at t=170.5 ----
  cell 1 (TN) load=16/20
  cell 2 (TN) load=15/20
  cell 3 (TN) load=15/20
  cell 4 (TN) load=12/20
  cell 5 (NTN) load=14/15
  cell 6 (NTN) load=13/15
  cell 7 (NTN) load=13/15
LM HO_FAIL_LOW_RSRP UE=9 currCell=4 candCell=3 candRsrp=-116.095 < min=-110
LM HO_FAIL_LOW_RSRP UE=14 currCell=3 candCell=2 candRsrp=-111.219 < min=-110
LM HO_FAIL_LOW_RSRP UE=16 currCell=4 candCell=6 candRsrp=-133.16 < min=-110
LM HO_FAIL_LOW_RSRP UE=18 currCell=3 candCell=2 candRsrp=-112.771 < min=-110
LM HO_FAIL_LOW_RSRP UE=19 currCell=3 candCell=5 candRsrp=-131.401 < min=-110
LM HO_FAIL_LOW_RSRP UE=21 currCell=4 candCell=6 candRsrp=-134.079 < min=-110
LM HO_FAIL_LOW_RSRP UE=23 currCell=1 candCell=5 candRsrp=-128.604 < min=-110
LM HO_FAIL_LOW_RSRP UE=26 currCell=2 candCell=4 candRsrp=-117.119 < min=-110
UE 28 TTT_WAIT target=5 elapsed=0s need=2s
UE 29 TTT_WAIT target=2 elapsed=0s need=2s
LM HO UE=30 rnti=145 7->3 type=TN servingRsrp=-146.066 targetRsrp=-109.043 targetLoadReal=15/20 targetLoadEff=15/20
UE 32 TTT_WAIT target=4 elapsed=0s need=2s
LM HO_FAIL_LOW_RSRP UE=33 currCell=2 candCell=7 candRsrp=-135.269 < min=-110
LM HO UE=35 rnti=80 1->2 type=TN servingRsrp=-127.575 targetRsrp=-101.6 targetLoadReal=15/20 targetLoadEff=15/20
UE 37 TTT_WAIT target=3 elapsed=0s need=2s
LM HO_FAIL_LOW_RSRP UE=39 currCell=1 candCell=6 candRsrp=-136.933 < min=-110
LM HO_FAIL_LOW_RSRP UE=41 currCell=4 candCell=2 candRsrp=-120.061 < min=-110
LM HO_FAIL_LOW_RSRP UE=42 currCell=2 candCell=4 candRsrp=-116.941 < min=-110
UE 43 TTT_WAIT target=1 elapsed=0s need=2s
UE 45 TTT_WAIT target=3 elapsed=0s need=2s
UE 48 TTT_WAIT target=3 elapsed=0s need=2s
LM HO_FAIL_LOW_RSRP UE=49 currCell=4 candCell=6 candRsrp=-138.146 < min=-110
LM HO UE=54 rnti=97 2->1 type=TN servingRsrp=-109.397 targetRsrp=-96.8078 targetLoadReal=16/20 targetLoadEff=16/20
LM HO UE=55 rnti=101 2->3 type=TN servingRsrp=-108.398 targetRsrp=-99.0874 targetLoadReal=15/20 targetLoadEff=16/20
LM HO_FAIL_LOW_RSRP UE=57 currCell=3 candCell=5 candRsrp=-110.339 < min=-110
UE 58 TTT_WAIT target=3 elapsed=0s need=2s
LM HO_FAIL_LOW_RSRP UE=60 currCell=3 candCell=5 candRsrp=-115.691 < min=-110
UE 66 TTT_WAIT target=1 elapsed=0s need=2s
LM HO_FAIL_LOW_RSRP UE=67 currCell=3 candCell=2 candRsrp=-129.515 < min=-110
LM HO_FAIL_LOW_RSRP UE=69 currCell=4 candCell=7 candRsrp=-127.324 < min=-110
UE 70 TTT_WAIT target=4 elapsed=0s need=2s
UE 72 TTT_WAIT target=3 elapsed=0s need=2s
UE 74 TTT_WAIT target=2 elapsed=0s need=2s
UE 77 TTT_WAIT target=7 elapsed=0s need=2s
UE 80 TTT_WAIT target=3 elapsed=0s need=2s
UE 82 TTT_WAIT target=2 elapsed=0s need=2s
LM HO UE=84 rnti=153 3->4 type=TN servingRsrp=-110.752 targetRsrp=-87.8182 targetLoadReal=12/20 targetLoadEff=12/20
UE 87 TTT_WAIT target=2 elapsed=0s need=2s
LM HO_FAIL_LOW_RSRP UE=89 currCell=2 candCell=3 candRsrp=-126.813 < min=-110
TRACE HO_SUCCESS Time=170.615 IMSI=53 TargetCell=1 Type=TN TargetRSRP=-119.856 ServingRSRP=-86.1888 BackhaulDlSnr=-999 BackhaulUlSnr=-999
TRACE HO_SUCCESS Time=170.615 IMSI=34 TargetCell=2 Type=TN TargetRSRP=-101.365 ServingRSRP=-103.988 BackhaulDlSnr=-999 BackhaulUlSnr=-999
TRACE HO_SUCCESS Time=170.615 IMSI=54 TargetCell=3 Type=TN TargetRSRP=-121.05 ServingRSRP=-96.9553 BackhaulDlSnr=-999 BackhaulUlSnr=-999
TRACE HO_SUCCESS Time=170.615 IMSI=29 TargetCell=3 Type=TN TargetRSRP=-114.333 ServingRSRP=-115.378 BackhaulDlSnr=-999 BackhaulUlSnr=-999
TRACE HO_SUCCESS Time=170.615 IMSI=83 TargetCell=4 Type=TN TargetRSRP=-126.018 ServingRSRP=-119.606 BackhaulDlSnr=-999 BackhaulUlSnr=-999
UAV_AUTONOMY_XAPP Time=172.5 DeploymentMode=tn-uav-satellite UavIndex=0 UavCellId=5 BestDonorCellId=3 BestDonorDistanceM=5128.12 XhaulConnected=1 XhaulChannelVariationDb=-1.34049 RawXhaulState=UNREACHABLE RawXhaulStateAgeSec=168 XhaulState=UNREACHABLE DonorUnavailableActive=0 SatBackhaulHealthy=1 UavSwitchingXappAvailable=1 UavSwitchingXappState=ACTIVE AiPredictedBackhaulMode=RULE_BASED BackhaulMode=SATELLITE_FALLBACK RicControlState=NEAR_RT_RIC_SWITCHING_TO_SATELLITE_BACKHAUL ActiveUavRic=TN_NEAR_RT_RIC NormalUeHandoverAllowed=1 UavMode=NEAR_RT_RIC_EMERGENCY_SWITCHING_WITH_SATELLITE_BACKHAUL
UAV_AUTONOMY_XAPP Time=172.5 DeploymentMode=tn-uav-satellite UavIndex=1 UavCellId=6 BestDonorCellId=4 BestDonorDistanceM=4044.48 XhaulConnected=1 XhaulChannelVariationDb=1.91535 RawXhaulState=UNREACHABLE RawXhaulStateAgeSec=146 XhaulState=UNREACHABLE DonorUnavailableActive=0 SatBackhaulHealthy=1 UavSwitchingXappAvailable=1 UavSwitchingXappState=ACTIVE AiPredictedBackhaulMode=RULE_BASED BackhaulMode=SATELLITE_FALLBACK RicControlState=NEAR_RT_RIC_SWITCHING_TO_SATELLITE_BACKHAUL ActiveUavRic=TN_NEAR_RT_RIC NormalUeHandoverAllowed=1 UavMode=NEAR_RT_RIC_EMERGENCY_SWITCHING_WITH_SATELLITE_BACKHAUL
UAV_AUTONOMY_XAPP Time=172.5 DeploymentMode=tn-uav-satellite UavIndex=2 UavCellId=7 BestDonorCellId=4 BestDonorDistanceM=3393.89 XhaulConnected=1 XhaulChannelVariationDb=-0.628513 RawXhaulState=UNREACHABLE RawXhaulStateAgeSec=152 XhaulState=UNREACHABLE DonorUnavailableActive=0 SatBackhaulHealthy=1 UavSwitchingXappAvailable=1 UavSwitchingXappState=ACTIVE AiPredictedBackhaulMode=RULE_BASED BackhaulMode=SATELLITE_FALLBACK RicControlState=NEAR_RT_RIC_SWITCHING_TO_SATELLITE_BACKHAUL ActiveUavRic=TN_NEAR_RT_RIC NormalUeHandoverAllowed=1 UavMode=NEAR_RT_RIC_EMERGENCY_SWITCHING_WITH_SATELLITE_BACKHAUL
---- LOAD at t=172.5 ----
  cell 1 (TN) load=16/20
  cell 2 (TN) load=14/20
  cell 3 (TN) load=16/20
  cell 4 (TN) load=13/20
  cell 5 (NTN) load=14/15
  cell 6 (NTN) load=13/15
  cell 7 (NTN) load=12/15
UE 9 TTT_WAIT target=2 elapsed=0s need=2s
UE 10 TTT_WAIT target=1 elapsed=0s need=2s
LM HO_FAIL_LOW_RSRP UE=14 currCell=3 candCell=2 candRsrp=-111.44 < min=-110
UE 15 TTT_WAIT target=2 elapsed=0s need=2s
UE 18 TTT_WAIT target=2 elapsed=0s need=2s
LM HO_FAIL_LOW_RSRP UE=19 currCell=3 candCell=1 candRsrp=-112.821 < min=-110
LM HO_FAIL_LOW_RSRP UE=21 currCell=4 candCell=6 candRsrp=-133.369 < min=-110
UE 23 TTT_WAIT target=3 elapsed=0s need=2s
UE 26 TTT_WAIT target=1 elapsed=0s need=2s
LM HO_FAIL_LOW_RSRP UE=28 currCell=2 candCell=7 candRsrp=-122.429 < min=-110
LM HO UE=29 rnti=121 1->2 type=TN servingRsrp=-86.9844 targetRsrp=-72.0196 targetLoadReal=14/20 targetLoadEff=14/20
LM HO_FAIL_LOW_RSRP UE=30 currCell=3 candCell=7 candRsrp=-137.412 < min=-110
LM HO UE=32 rnti=179 6->4 type=TN servingRsrp=-131.277 targetRsrp=-86.3916 targetLoadReal=13/20 targetLoadEff=13/20
UE 34 TTT_WAIT target=3 elapsed=0s need=2s
UE 35 TTT_WAIT target=1 elapsed=0s need=2s
LM HO UE=37 rnti=63 1->3 type=TN servingRsrp=-137.52 targetRsrp=-99.7416 targetLoadReal=16/20 targetLoadEff=16/20
UE 41 TTT_WAIT target=7 elapsed=0s need=2s
UE 42 TTT_WAIT target=6 elapsed=0s need=2s
UE 43 TTT_WAIT target=2 elapsed=0s need=2s
LM HO_FAIL_LOW_RSRP UE=44 currCell=3 candCell=5 candRsrp=-136.908 < min=-110
LM HO_FAIL_LOW_RSRP UE=45 currCell=2 candCell=7 candRsrp=-141.685 < min=-110
LM HO_FAIL_LOW_RSRP UE=49 currCell=4 candCell=5 candRsrp=-112.386 < min=-110
UE 54 TTT_WAIT target=2 elapsed=0s need=2s
UE 55 TTT_WAIT target=2 elapsed=0s need=2s
LM HO_FAIL_LOW_RSRP UE=57 currCell=3 candCell=2 candRsrp=-124.648 < min=-110
UE 58 TTT_WAIT target=2 elapsed=0s need=2s
LM HO_FAIL_LOW_RSRP UE=66 currCell=3 candCell=1 candRsrp=-112.855 < min=-110
UE 69 TTT_WAIT target=7 elapsed=0s need=2s
UE 70 TTT_WAIT target=2 elapsed=0s need=2s
UE 71 TTT_WAIT target=1 elapsed=0s need=2s
UE 72 TTT_WAIT target=2 elapsed=0s need=2s
LM HO_FAIL_LOW_RSRP UE=77 currCell=4 candCell=1 candRsrp=-111.518 < min=-110
UE 78 TTT_WAIT target=1 elapsed=0s need=2s
LM HO_FAIL_LOW_RSRP UE=79 currCell=1 candCell=2 candRsrp=-113.08 < min=-110
LM HO_FAIL_LOW_RSRP UE=82 currCell=4 candCell=2 candRsrp=-117.056 < min=-110
UE 84 TTT_WAIT target=2 elapsed=0s need=2s
UE 85 TTT_WAIT target=3 elapsed=0s need=2s
LM HO_FAIL_LOW_RSRP UE=89 currCell=2 candCell=3 candRsrp=-114.516 < min=-110
TRACE HO_SUCCESS Time=172.615 IMSI=28 TargetCell=2 Type=TN TargetRSRP=-112.639 ServingRSRP=-107.821 BackhaulDlSnr=-999 BackhaulUlSnr=-999
TRACE HO_SUCCESS Time=172.615 IMSI=36 TargetCell=3 Type=TN TargetRSRP=-101.105 ServingRSRP=-111.388 BackhaulDlSnr=-999 BackhaulUlSnr=-999
TRACE HO_SUCCESS Time=172.615 IMSI=31 TargetCell=4 Type=TN TargetRSRP=-83.1545 ServingRSRP=-107.018 BackhaulDlSnr=-999 BackhaulUlSnr=-999
UAV_AUTONOMY_XAPP Time=174.5 DeploymentMode=tn-uav-satellite UavIndex=0 UavCellId=5 BestDonorCellId=1 BestDonorDistanceM=5000.8 XhaulConnected=1 XhaulChannelVariationDb=3.42514 RawXhaulState=UNREACHABLE RawXhaulStateAgeSec=170 XhaulState=UNREACHABLE DonorUnavailableActive=0 SatBackhaulHealthy=1 UavSwitchingXappAvailable=1 UavSwitchingXappState=ACTIVE AiPredictedBackhaulMode=RULE_BASED BackhaulMode=SATELLITE_FALLBACK RicControlState=NEAR_RT_RIC_SWITCHING_TO_SATELLITE_BACKHAUL ActiveUavRic=TN_NEAR_RT_RIC NormalUeHandoverAllowed=1 UavMode=NEAR_RT_RIC_EMERGENCY_SWITCHING_WITH_SATELLITE_BACKHAUL
UAV_AUTONOMY_XAPP Time=174.5 DeploymentMode=tn-uav-satellite UavIndex=1 UavCellId=6 BestDonorCellId=4 BestDonorDistanceM=3985.71 XhaulConnected=1 XhaulChannelVariationDb=-0.503817 RawXhaulState=UNREACHABLE RawXhaulStateAgeSec=148 XhaulState=UNREACHABLE DonorUnavailableActive=0 SatBackhaulHealthy=1 UavSwitchingXappAvailable=1 UavSwitchingXappState=ACTIVE AiPredictedBackhaulMode=RULE_BASED BackhaulMode=SATELLITE_FALLBACK RicControlState=NEAR_RT_RIC_SWITCHING_TO_SATELLITE_BACKHAUL ActiveUavRic=TN_NEAR_RT_RIC NormalUeHandoverAllowed=1 UavMode=NEAR_RT_RIC_EMERGENCY_SWITCHING_WITH_SATELLITE_BACKHAUL
UAV_AUTONOMY_XAPP Time=174.5 DeploymentMode=tn-uav-satellite UavIndex=2 UavCellId=7 BestDonorCellId=4 BestDonorDistanceM=3358.33 XhaulConnected=1 XhaulChannelVariationDb=-2.84467 RawXhaulState=UNREACHABLE RawXhaulStateAgeSec=154 XhaulState=UNREACHABLE DonorUnavailableActive=0 SatBackhaulHealthy=1 UavSwitchingXappAvailable=1 UavSwitchingXappState=ACTIVE AiPredictedBackhaulMode=RULE_BASED BackhaulMode=SATELLITE_FALLBACK RicControlState=NEAR_RT_RIC_SWITCHING_TO_SATELLITE_BACKHAUL ActiveUavRic=TN_NEAR_RT_RIC NormalUeHandoverAllowed=1 UavMode=NEAR_RT_RIC_EMERGENCY_SWITCHING_WITH_SATELLITE_BACKHAUL
---- LOAD at t=174.5 ----
  cell 1 (TN) load=14/20
  cell 2 (TN) load=15/20
  cell 3 (TN) load=18/20
  cell 4 (TN) load=14/20
  cell 5 (NTN) load=14/15
  cell 6 (NTN) load=12/15
  cell 7 (NTN) load=12/15
LM HO_FAIL_LOW_RSRP UE=9 currCell=4 candCell=2 candRsrp=-111.199 < min=-110
UE 13 TTT_WAIT target=3 elapsed=0s need=2s
LM HO UE=15 rnti=112 3->2 type=TN servingRsrp=-115.999 targetRsrp=-97.6817 targetLoadReal=15/20 targetLoadEff=15/20
UE 18 TTT_WAIT target=1 elapsed=0s need=2s
LM HO_FAIL_LOW_RSRP UE=19 currCell=3 candCell=5 candRsrp=-129.198 < min=-110
UE 23 TTT_WAIT target=2 elapsed=0s need=2s
UE 24 TTT_WAIT target=2 elapsed=0s need=2s
UE 26 TTT_WAIT target=4 elapsed=0s need=2s
UE 27 TTT_WAIT target=1 elapsed=0s need=2s
UE 33 TTT_WAIT target=4 elapsed=0s need=2s
LM HO UE=34 rnti=134 1->3 type=TN servingRsrp=-132.789 targetRsrp=-104.181 targetLoadReal=18/20 targetLoadEff=18/20
UE 37 TTT_WAIT target=2 elapsed=0s need=2s
LM HO_FAIL_LOW_RSRP UE=39 currCell=1 candCell=6 candRsrp=-130.848 < min=-110
UE 41 TTT_WAIT target=2 elapsed=0s need=2s
UE 42 TTT_WAIT target=3 elapsed=0s need=2s
UE 46 TTT_WAIT target=1 elapsed=0s need=2s
UE 48 TTT_WAIT target=4 elapsed=0s need=2s
UE 54 TTT_WAIT target=3 elapsed=0s need=2s
LM HO UE=55 rnti=159 3->2 type=TN servingRsrp=-121.231 targetRsrp=-106.326 targetLoadReal=15/20 targetLoadEff=16/20
LM HO_FAIL_LOW_RSRP UE=57 currCell=3 candCell=1 candRsrp=-110.399 < min=-110
LM HO_FAIL_LOW_RSRP UE=58 currCell=1 candCell=3 candRsrp=-124.136 < min=-110
UE 60 TTT_WAIT target=4 elapsed=0s need=2s
UE 64 TTT_WAIT target=5 elapsed=0s need=2s
UE 65 TTT_WAIT target=2 elapsed=0s need=2s
LM HO_FAIL_LOW_RSRP UE=67 currCell=3 candCell=5 candRsrp=-130.639 < min=-110
UE 69 TTT_WAIT target=3 elapsed=0s need=2s
UE 70 TTT_WAIT target=4 elapsed=0s need=2s
LM HO_FAIL_LOW_RSRP UE=72 currCell=1 candCell=2 candRsrp=-127.813 < min=-110
UE 74 TTT_WAIT target=2 elapsed=0s need=2s
UE 76 TTT_WAIT target=2 elapsed=0s need=2s
LM HO_FAIL_LOW_RSRP UE=77 currCell=4 candCell=6 candRsrp=-113.227 < min=-110
UE 78 TTT_WAIT target=3 elapsed=0s need=2s
LM HO_FAIL_LOW_RSRP UE=79 currCell=1 candCell=6 candRsrp=-117.975 < min=-110
UE 80 TTT_WAIT target=2 elapsed=0s need=2s
LM HO_FAIL_LOW_RSRP UE=82 currCell=4 candCell=1 candRsrp=-124.826 < min=-110
LM HO_FAIL_LOW_RSRP UE=85 currCell=4 candCell=6 candRsrp=-126.923 < min=-110
UE 86 TTT_WAIT target=4 elapsed=0s need=2s
LM HO_FAIL_LOW_RSRP UE=89 currCell=2 candCell=1 candRsrp=-117.25 < min=-110
UE 113 TTT_WAIT target=1 elapsed=0s need=2s
TRACE HO_SUCCESS Time=174.615 IMSI=54 TargetCell=2 Type=TN TargetRSRP=-110.354 ServingRSRP=-92.9365 BackhaulDlSnr=-999 BackhaulUlSnr=-999
TRACE HO_SUCCESS Time=174.615 IMSI=14 TargetCell=2 Type=TN TargetRSRP=-113.462 ServingRSRP=-108.651 BackhaulDlSnr=-999 BackhaulUlSnr=-999
TRACE HO_SUCCESS Time=174.615 IMSI=33 TargetCell=3 Type=TN TargetRSRP=-137.474 ServingRSRP=-104.664 BackhaulDlSnr=-999 BackhaulUlSnr=-999
UAV_AUTONOMY_XAPP Time=176.5 DeploymentMode=tn-uav-satellite UavIndex=0 UavCellId=5 BestDonorCellId=2 BestDonorDistanceM=5420.34 XhaulConnected=1 XhaulChannelVariationDb=0.0997457 RawXhaulState=UNREACHABLE RawXhaulStateAgeSec=172 XhaulState=UNREACHABLE DonorUnavailableActive=0 SatBackhaulHealthy=1 UavSwitchingXappAvailable=1 UavSwitchingXappState=ACTIVE AiPredictedBackhaulMode=RULE_BASED BackhaulMode=SATELLITE_FALLBACK RicControlState=NEAR_RT_RIC_SWITCHING_TO_SATELLITE_BACKHAUL ActiveUavRic=TN_NEAR_RT_RIC NormalUeHandoverAllowed=1 UavMode=NEAR_RT_RIC_EMERGENCY_SWITCHING_WITH_SATELLITE_BACKHAUL
UAV_AUTONOMY_XAPP Time=176.5 DeploymentMode=tn-uav-satellite UavIndex=1 UavCellId=6 BestDonorCellId=4 BestDonorDistanceM=4027.79 XhaulConnected=1 XhaulChannelVariationDb=-1.4957 RawXhaulState=UNREACHABLE RawXhaulStateAgeSec=150 XhaulState=UNREACHABLE DonorUnavailableActive=0 SatBackhaulHealthy=1 UavSwitchingXappAvailable=1 UavSwitchingXappState=ACTIVE AiPredictedBackhaulMode=RULE_BASED BackhaulMode=SATELLITE_FALLBACK RicControlState=NEAR_RT_RIC_SWITCHING_TO_SATELLITE_BACKHAUL ActiveUavRic=TN_NEAR_RT_RIC NormalUeHandoverAllowed=1 UavMode=NEAR_RT_RIC_EMERGENCY_SWITCHING_WITH_SATELLITE_BACKHAUL
UAV_AUTONOMY_XAPP Time=176.5 DeploymentMode=tn-uav-satellite UavIndex=2 UavCellId=7 BestDonorCellId=4 BestDonorDistanceM=3395.53 XhaulConnected=1 XhaulChannelVariationDb=-3.75566 RawXhaulState=UNREACHABLE RawXhaulStateAgeSec=156 XhaulState=UNREACHABLE DonorUnavailableActive=0 SatBackhaulHealthy=1 UavSwitchingXappAvailable=1 UavSwitchingXappState=ACTIVE AiPredictedBackhaulMode=RULE_BASED BackhaulMode=SATELLITE_FALLBACK RicControlState=NEAR_RT_RIC_SWITCHING_TO_SATELLITE_BACKHAUL ActiveUavRic=TN_NEAR_RT_RIC NormalUeHandoverAllowed=1 UavMode=NEAR_RT_RIC_EMERGENCY_SWITCHING_WITH_SATELLITE_BACKHAUL
---- LOAD at t=176.5 ----
  cell 1 (TN) load=13/20
  cell 2 (TN) load=17/20
  cell 3 (TN) load=17/20
  cell 4 (TN) load=14/20
  cell 5 (NTN) load=14/15
  cell 6 (NTN) load=12/15
  cell 7 (NTN) load=12/15
UE 9 TTT_WAIT target=1 elapsed=0s need=2s
LM HO UE=13 rnti=108 2->3 type=TN servingRsrp=-93.6598 targetRsrp=-77.6204 targetLoadReal=17/20 targetLoadEff=17/20
UE 15 TTT_WAIT target=1 elapsed=0s need=2s
LM HO_FAIL_LOW_RSRP UE=19 currCell=3 candCell=2 candRsrp=-119.73 < min=-110
UE 20 TTT_WAIT target=1 elapsed=0s need=2s
LM HO_FAIL_LOW_RSRP UE=21 currCell=4 candCell=5 candRsrp=-129.698 < min=-110
LM HO UE=23 rnti=136 1->2 type=TN servingRsrp=-110.726 targetRsrp=-94.3435 targetLoadReal=17/20 targetLoadEff=17/20
LM HO_FAIL_LOW_RSRP UE=26 currCell=2 candCell=1 candRsrp=-121.334 < min=-110
LM HO_FAIL_LOW_RSRP UE=27 currCell=2 candCell=7 candRsrp=-137.2 < min=-110
LM HO_FAIL_LOW_RSRP UE=28 currCell=2 candCell=3 candRsrp=-117.578 < min=-110
UE 29 TTT_WAIT target=1 elapsed=0s need=2s
UE 30 TTT_WAIT target=2 elapsed=0s need=2s
UE 32 TTT_WAIT target=7 elapsed=0s need=2s
LM HO_FAIL_LOW_RSRP UE=34 currCell=3 candCell=4 candRsrp=-121.583 < min=-110
LM HO_FAIL_LOW_RSRP UE=35 currCell=2 candCell=5 candRsrp=-130.381 < min=-110
LM HO_FAIL_LOW_RSRP UE=39 currCell=1 candCell=5 candRsrp=-130.936 < min=-110
LM HO UE=41 rnti=103 4->2 type=TN servingRsrp=-118.296 targetRsrp=-104.651 targetLoadReal=17/20 targetLoadEff=18/20
LM HO UE=42 rnti=120 2->3 type=TN servingRsrp=-122.639 targetRsrp=-106.484 targetLoadReal=17/20 targetLoadEff=18/20
UE 43 TTT_WAIT target=2 elapsed=0s need=2s
UE 45 TTT_WAIT target=3 elapsed=0s need=2s
LM HO_FAIL_LOW_RSRP UE=46 currCell=4 candCell=6 candRsrp=-127.354 < min=-110
UE 49 TTT_WAIT target=1 elapsed=0s need=2s
UE 52 TTT_WAIT target=2 elapsed=0s need=2s
LM HO_FAIL_LOW_RSRP UE=53 currCell=3 candCell=6 candRsrp=-116.833 < min=-110
UE 54 TTT_WAIT target=2 elapsed=0s need=2s
LM HO_FAIL_LOW_RSRP UE=57 currCell=3 candCell=6 candRsrp=-113.384 < min=-110
LM HO_FAIL_LOW_RSRP UE=58 currCell=1 candCell=3 candRsrp=-121.217 < min=-110
LM HO_FAIL_LOW_RSRP UE=60 currCell=3 candCell=4 candRsrp=-111.431 < min=-110
UE 65 TTT_WAIT target=4 elapsed=0s need=2s
UE 67 TTT_WAIT target=1 elapsed=0s need=2s
LM HO_FAIL_LOW_RSRP UE=69 currCell=4 candCell=7 candRsrp=-115.863 < min=-110
LM HO_FAIL_LOW_RSRP UE=70 currCell=3 candCell=2 candRsrp=-113.137 < min=-110
UE 71 TTT_WAIT target=1 elapsed=0s need=2s
LM HO_FAIL_LOW_RSRP UE=72 currCell=1 candCell=3 candRsrp=-126.503 < min=-110
LM HO_FAIL_LOW_RSRP UE=77 currCell=4 candCell=7 candRsrp=-130.755 < min=-110
LM HO_FAIL_LOW_RSRP UE=79 currCell=1 candCell=4 candRsrp=-119.285 < min=-110
UE 82 TTT_WAIT target=3 elapsed=0s need=2s
LM HO_FAIL_LOW_RSRP UE=84 currCell=4 candCell=2 candRsrp=-114.21 < min=-110
UE 86 TTT_WAIT target=1 elapsed=0s need=2s
UE 87 TTT_WAIT target=2 elapsed=0s need=2s
UE 89 TTT_WAIT target=1 elapsed=0s need=2s
TRACE HO_SUCCESS Time=176.615 IMSI=22 TargetCell=2 Type=TN TargetRSRP=-92.6007 ServingRSRP=-76.4242 BackhaulDlSnr=-999 BackhaulUlSnr=-999
TRACE HO_SUCCESS Time=176.615 IMSI=40 TargetCell=2 Type=TN TargetRSRP=-102.255 ServingRSRP=-120.652 BackhaulDlSnr=-999 BackhaulUlSnr=-999
TRACE HO_SUCCESS Time=176.615 IMSI=12 TargetCell=3 Type=TN TargetRSRP=-117.003 ServingRSRP=-110.955 BackhaulDlSnr=-999 BackhaulUlSnr=-999
TRACE HO_SUCCESS Time=176.615 IMSI=41 TargetCell=3 Type=TN TargetRSRP=-126.268 ServingRSRP=-113.44 BackhaulDlSnr=-999 BackhaulUlSnr=-999
UAV_AUTONOMY_XAPP Time=178.5 DeploymentMode=tn-uav-satellite UavIndex=0 UavCellId=5 BestDonorCellId=3 BestDonorDistanceM=5053.81 XhaulConnected=1 XhaulChannelVariationDb=0.605236 RawXhaulState=UNREACHABLE RawXhaulStateAgeSec=174 XhaulState=UNREACHABLE DonorUnavailableActive=0 SatBackhaulHealthy=1 UavSwitchingXappAvailable=1 UavSwitchingXappState=ACTIVE AiPredictedBackhaulMode=RULE_BASED BackhaulMode=SATELLITE_FALLBACK RicControlState=NEAR_RT_RIC_SWITCHING_TO_SATELLITE_BACKHAUL ActiveUavRic=TN_NEAR_RT_RIC NormalUeHandoverAllowed=1 UavMode=NEAR_RT_RIC_EMERGENCY_SWITCHING_WITH_SATELLITE_BACKHAUL
UAV_AUTONOMY_XAPP Time=178.5 DeploymentMode=tn-uav-satellite UavIndex=1 UavCellId=6 BestDonorCellId=4 BestDonorDistanceM=4068.45 XhaulConnected=1 XhaulChannelVariationDb=-5.18486 RawXhaulState=UNREACHABLE RawXhaulStateAgeSec=152 XhaulState=UNREACHABLE DonorUnavailableActive=0 SatBackhaulHealthy=1 UavSwitchingXappAvailable=1 UavSwitchingXappState=ACTIVE AiPredictedBackhaulMode=RULE_BASED BackhaulMode=SATELLITE_FALLBACK RicControlState=NEAR_RT_RIC_SWITCHING_TO_SATELLITE_BACKHAUL ActiveUavRic=TN_NEAR_RT_RIC NormalUeHandoverAllowed=1 UavMode=NEAR_RT_RIC_EMERGENCY_SWITCHING_WITH_SATELLITE_BACKHAUL
UAV_AUTONOMY_XAPP Time=178.5 DeploymentMode=tn-uav-satellite UavIndex=2 UavCellId=7 BestDonorCellId=4 BestDonorDistanceM=3384.96 XhaulConnected=1 XhaulChannelVariationDb=-3.64141 RawXhaulState=UNREACHABLE RawXhaulStateAgeSec=158 XhaulState=UNREACHABLE DonorUnavailableActive=0 SatBackhaulHealthy=1 UavSwitchingXappAvailable=1 UavSwitchingXappState=ACTIVE AiPredictedBackhaulMode=RULE_BASED BackhaulMode=SATELLITE_FALLBACK RicControlState=NEAR_RT_RIC_SWITCHING_TO_SATELLITE_BACKHAUL ActiveUavRic=TN_NEAR_RT_RIC NormalUeHandoverAllowed=1 UavMode=NEAR_RT_RIC_EMERGENCY_SWITCHING_WITH_SATELLITE_BACKHAUL
---- LOAD at t=178.5 ----
  cell 1 (TN) load=12/20
  cell 2 (TN) load=17/20
  cell 3 (TN) load=19/20
  cell 4 (TN) load=13/20
  cell 5 (NTN) load=14/15
  cell 6 (NTN) load=12/15
  cell 7 (NTN) load=12/15
UE 9 TTT_WAIT target=2 elapsed=0s need=2s
UE 10 TTT_WAIT target=2 elapsed=0s need=2s
UE 14 TTT_WAIT target=2 elapsed=0s need=2s
UE 15 TTT_WAIT target=3 elapsed=0s need=2s
LM HO_FAIL_LOW_RSRP UE=19 currCell=3 candCell=1 candRsrp=-116.066 < min=-110
UE 21 TTT_WAIT target=2 elapsed=0s need=2s
UE 23 TTT_WAIT target=1 elapsed=0s need=2s
UE 27 TTT_WAIT target=1 elapsed=0s need=2s
UE 28 TTT_WAIT target=5 elapsed=0s need=2s
LM HO UE=29 rnti=122 2->1 type=TN servingRsrp=-105.196 targetRsrp=-102.138 targetLoadReal=12/20 targetLoadEff=12/20
LM HO UE=30 rnti=158 3->2 type=TN servingRsrp=-128.643 targetRsrp=-87.625 targetLoadReal=17/20 targetLoadEff=17/20
UE 33 TTT_WAIT target=1 elapsed=0s need=2s
LM HO_FAIL_LOW_RSRP UE=34 currCell=3 candCell=6 candRsrp=-128.229 < min=-110
LM HO_FAIL_LOW_RSRP UE=35 currCell=2 candCell=1 candRsrp=-129.686 < min=-110
LM HO_FAIL_LOW_RSRP UE=37 currCell=3 candCell=2 candRsrp=-121.031 < min=-110
UE 41 TTT_WAIT target=3 elapsed=0s need=2s
UE 42 TTT_WAIT target=4 elapsed=0s need=2s
LM HO UE=43 rnti=156 3->2 type=TN servingRsrp=-90.8919 targetRsrp=-84.6744 targetLoadReal=17/20 targetLoadEff=18/20
UE 48 TTT_WAIT target=4 elapsed=0s need=2s
UE 52 TTT_WAIT target=3 elapsed=0s need=2s
UE 54 TTT_WAIT target=3 elapsed=0s need=2s
UE 55 TTT_WAIT target=1 elapsed=0s need=2s
UE 56 TTT_WAIT target=1 elapsed=0s need=2s
LM HO_FAIL_LOW_RSRP UE=57 currCell=3 candCell=6 candRsrp=-118.192 < min=-110
LM HO_FAIL_LOW_RSRP UE=58 currCell=1 candCell=3 candRsrp=-119.831 < min=-110
LM HO_FAIL_LOW_RSRP UE=60 currCell=3 candCell=5 candRsrp=-128.818 < min=-110
UE 65 TTT_WAIT target=2 elapsed=0s need=2s
LM HO_FAIL_LOW_RSRP UE=66 currCell=3 candCell=5 candRsrp=-130.773 < min=-110
LM HO_FAIL_LOW_RSRP UE=67 currCell=3 candCell=1 candRsrp=-119.228 < min=-110
UE 69 TTT_WAIT target=7 elapsed=0s need=2s
LM HO_FAIL_LOW_RSRP UE=70 currCell=3 candCell=4 candRsrp=-117.618 < min=-110
LM HO_FAIL_LOW_RSRP UE=72 currCell=1 candCell=3 candRsrp=-120.938 < min=-110
UE 74 TTT_WAIT target=3 elapsed=0s need=2s
UE 76 TTT_WAIT target=2 elapsed=0s need=2s
UE 77 TTT_WAIT target=7 elapsed=0s need=2s
LM HO_FAIL_LOW_RSRP UE=79 currCell=1 candCell=6 candRsrp=-134.567 < min=-110
UE 82 TTT_WAIT target=2 elapsed=0s need=2s
UE 84 TTT_WAIT target=1 elapsed=0s need=2s
UE 85 TTT_WAIT target=3 elapsed=0s need=2s
LM HO UE=86 rnti=111 2->1 type=TN servingRsrp=-105.565 targetRsrp=-93.6475 targetLoadReal=12/20 targetLoadEff=13/20
UE 89 TTT_WAIT target=6 elapsed=0s need=2s
TRACE HO_SUCCESS Time=178.615 IMSI=28 TargetCell=1 Type=TN TargetRSRP=-100.667 ServingRSRP=-112.567 BackhaulDlSnr=-999 BackhaulUlSnr=-999
TRACE HO_SUCCESS Time=178.615 IMSI=85 TargetCell=1 Type=TN TargetRSRP=-119.081 ServingRSRP=-111.767 BackhaulDlSnr=-999 BackhaulUlSnr=-999
TRACE HO_SUCCESS Time=178.615 IMSI=42 TargetCell=2 Type=TN TargetRSRP=-90.7498 ServingRSRP=-90.761 BackhaulDlSnr=-999 BackhaulUlSnr=-999
TRACE HO_SUCCESS Time=178.615 IMSI=29 TargetCell=2 Type=TN TargetRSRP=-118.653 ServingRSRP=-120.349 BackhaulDlSnr=-999 BackhaulUlSnr=-999
UAV_AUTONOMY_XAPP Time=180.5 DeploymentMode=tn-uav-satellite UavIndex=0 UavCellId=5 BestDonorCellId=1 BestDonorDistanceM=4939.98 XhaulConnected=1 XhaulChannelVariationDb=1.54334 RawXhaulState=UNREACHABLE RawXhaulStateAgeSec=176 XhaulState=UNREACHABLE DonorUnavailableActive=0 SatBackhaulHealthy=1 UavSwitchingXappAvailable=1 UavSwitchingXappState=ACTIVE AiPredictedBackhaulMode=RULE_BASED BackhaulMode=SATELLITE_FALLBACK RicControlState=NEAR_RT_RIC_SWITCHING_TO_SATELLITE_BACKHAUL ActiveUavRic=TN_NEAR_RT_RIC NormalUeHandoverAllowed=1 UavMode=NEAR_RT_RIC_EMERGENCY_SWITCHING_WITH_SATELLITE_BACKHAUL
UAV_AUTONOMY_XAPP Time=180.5 DeploymentMode=tn-uav-satellite UavIndex=1 UavCellId=6 BestDonorCellId=4 BestDonorDistanceM=4066.17 XhaulConnected=1 XhaulChannelVariationDb=1.23023 RawXhaulState=UNREACHABLE RawXhaulStateAgeSec=154 XhaulState=UNREACHABLE DonorUnavailableActive=0 SatBackhaulHealthy=1 UavSwitchingXappAvailable=1 UavSwitchingXappState=ACTIVE AiPredictedBackhaulMode=RULE_BASED BackhaulMode=SATELLITE_FALLBACK RicControlState=NEAR_RT_RIC_SWITCHING_TO_SATELLITE_BACKHAUL ActiveUavRic=TN_NEAR_RT_RIC NormalUeHandoverAllowed=1 UavMode=NEAR_RT_RIC_EMERGENCY_SWITCHING_WITH_SATELLITE_BACKHAUL
UAV_AUTONOMY_XAPP Time=180.5 DeploymentMode=tn-uav-satellite UavIndex=2 UavCellId=7 BestDonorCellId=4 BestDonorDistanceM=3418.91 XhaulConnected=1 XhaulChannelVariationDb=-1.45055 RawXhaulState=UNREACHABLE RawXhaulStateAgeSec=160 XhaulState=UNREACHABLE DonorUnavailableActive=0 SatBackhaulHealthy=1 UavSwitchingXappAvailable=1 UavSwitchingXappState=ACTIVE AiPredictedBackhaulMode=RULE_BASED BackhaulMode=SATELLITE_FALLBACK RicControlState=NEAR_RT_RIC_SWITCHING_TO_SATELLITE_BACKHAUL ActiveUavRic=TN_NEAR_RT_RIC NormalUeHandoverAllowed=1 UavMode=NEAR_RT_RIC_EMERGENCY_SWITCHING_WITH_SATELLITE_BACKHAUL
---- LOAD at t=180.5 ----
  cell 1 (TN) load=14/20
  cell 2 (TN) load=17/20
  cell 3 (TN) load=17/20
  cell 4 (TN) load=13/20
  cell 5 (NTN) load=14/15
  cell 6 (NTN) load=12/15
  cell 7 (NTN) load=12/15
UE 10 TTT_WAIT target=1 elapsed=0s need=2s
UE 13 TTT_WAIT target=2 elapsed=0s need=2s
LM HO_FAIL_LOW_RSRP UE=14 currCell=3 candCell=5 candRsrp=-135.185 < min=-110
LM HO_FAIL_LOW_RSRP UE=19 currCell=3 candCell=5 candRsrp=-134.024 < min=-110
UE 20 TTT_WAIT target=1 elapsed=0s need=2s
LM HO_FAIL_LOW_RSRP UE=21 currCell=4 candCell=7 candRsrp=-110.249 < min=-110
UE 23 TTT_WAIT target=3 elapsed=0s need=2s
UE 26 TTT_WAIT target=1 elapsed=0s need=2s
LM HO_FAIL_LOW_RSRP UE=28 currCell=2 candCell=5 candRsrp=-131.264 < min=-110
LM HO_FAIL_LOW_RSRP UE=30 currCell=2 candCell=6 candRsrp=-124.278 < min=-110
UE 33 TTT_WAIT target=7 elapsed=0s need=2s
LM HO_FAIL_LOW_RSRP UE=34 currCell=3 candCell=2 candRsrp=-127.413 < min=-110
LM HO_FAIL_LOW_RSRP UE=35 currCell=2 candCell=4 candRsrp=-128.53 < min=-110
LM HO_FAIL_LOW_RSRP UE=37 currCell=3 candCell=2 candRsrp=-116.468 < min=-110
UE 39 TTT_WAIT target=3 elapsed=0s need=2s
LM HO_FAIL_LOW_RSRP UE=41 currCell=2 candCell=1 candRsrp=-116.44 < min=-110
UE 42 TTT_WAIT target=2 elapsed=0s need=2s
UE 45 TTT_WAIT target=3 elapsed=0s need=2s
LM HO_FAIL_LOW_RSRP UE=48 currCell=2 candCell=4 candRsrp=-111.611 < min=-110
UE 49 TTT_WAIT target=1 elapsed=0s need=2s
LM HO UE=54 rnti=139 1->3 type=TN servingRsrp=-119.388 targetRsrp=-109.427 targetLoadReal=17/20 targetLoadEff=17/20
LM HO_FAIL_LOW_RSRP UE=57 currCell=3 candCell=7 candRsrp=-124.261 < min=-110
UE 58 TTT_WAIT target=2 elapsed=0s need=2s
LM HO_FAIL_LOW_RSRP UE=65 currCell=1 candCell=4 candRsrp=-110.245 < min=-110
LM HO_FAIL_LOW_RSRP UE=67 currCell=3 candCell=2 candRsrp=-120.924 < min=-110
LM HO_FAIL_LOW_RSRP UE=69 currCell=4 candCell=6 candRsrp=-124.509 < min=-110
UE 70 TTT_WAIT target=4 elapsed=0s need=2s
UE 71 TTT_WAIT target=3 elapsed=0s need=2s
UE 74 TTT_WAIT target=2 elapsed=0s need=2s
UE 76 TTT_WAIT target=7 elapsed=0s need=2s
LM HO_FAIL_LOW_RSRP UE=77 currCell=4 candCell=6 candRsrp=-122.842 < min=-110
LM HO_FAIL_LOW_RSRP UE=82 currCell=4 candCell=2 candRsrp=-121.864 < min=-110
UE 84 TTT_WAIT target=3 elapsed=0s need=2s
LM HO UE=89 rnti=75 2->6 type=NTN servingRsrp=-149.07 targetRsrp=-87.1236 targetLoadReal=12/15 targetLoadEff=12/15
LM HO_FAIL_LOW_RSRP UE=119 currCell=6 candCell=7 candRsrp=-114.231 < min=-110
TRACE HO_SUCCESS Time=180.615 IMSI=53 TargetCell=3 Type=TN TargetRSRP=-121.104 ServingRSRP=-87.9805 BackhaulDlSnr=-999 BackhaulUlSnr=-999
TRACE HO_SUCCESS Time=180.615 IMSI=88 TargetCell=6 Type=NTN TargetRSRP=-112.763 ServingRSRP=-148.066 BackhaulDlSnr=13.8376 BackhaulUlSnr=9.317
UAV_AUTONOMY_XAPP Time=182.5 DeploymentMode=tn-uav-satellite UavIndex=0 UavCellId=5 BestDonorCellId=3 BestDonorDistanceM=5074.38 XhaulConnected=1 XhaulChannelVariationDb=-2.80003 RawXhaulState=UNREACHABLE RawXhaulStateAgeSec=178 XhaulState=UNREACHABLE DonorUnavailableActive=0 SatBackhaulHealthy=1 UavSwitchingXappAvailable=1 UavSwitchingXappState=ACTIVE AiPredictedBackhaulMode=RULE_BASED BackhaulMode=SATELLITE_FALLBACK RicControlState=NEAR_RT_RIC_SWITCHING_TO_SATELLITE_BACKHAUL ActiveUavRic=TN_NEAR_RT_RIC NormalUeHandoverAllowed=1 UavMode=NEAR_RT_RIC_EMERGENCY_SWITCHING_WITH_SATELLITE_BACKHAUL
UAV_AUTONOMY_XAPP Time=182.5 DeploymentMode=tn-uav-satellite UavIndex=1 UavCellId=6 BestDonorCellId=4 BestDonorDistanceM=4067.73 XhaulConnected=1 XhaulChannelVariationDb=-1.91072 RawXhaulState=UNREACHABLE RawXhaulStateAgeSec=156 XhaulState=UNREACHABLE DonorUnavailableActive=0 SatBackhaulHealthy=1 UavSwitchingXappAvailable=1 UavSwitchingXappState=ACTIVE AiPredictedBackhaulMode=RULE_BASED BackhaulMode=SATELLITE_FALLBACK RicControlState=NEAR_RT_RIC_SWITCHING_TO_SATELLITE_BACKHAUL ActiveUavRic=TN_NEAR_RT_RIC NormalUeHandoverAllowed=1 UavMode=NEAR_RT_RIC_EMERGENCY_SWITCHING_WITH_SATELLITE_BACKHAUL
UAV_AUTONOMY_XAPP Time=182.5 DeploymentMode=tn-uav-satellite UavIndex=2 UavCellId=7 BestDonorCellId=4 BestDonorDistanceM=3400.52 XhaulConnected=1 XhaulChannelVariationDb=-2.59047 RawXhaulState=UNREACHABLE RawXhaulStateAgeSec=162 XhaulState=UNREACHABLE DonorUnavailableActive=0 SatBackhaulHealthy=1 UavSwitchingXappAvailable=1 UavSwitchingXappState=ACTIVE AiPredictedBackhaulMode=RULE_BASED BackhaulMode=SATELLITE_FALLBACK RicControlState=NEAR_RT_RIC_SWITCHING_TO_SATELLITE_BACKHAUL ActiveUavRic=TN_NEAR_RT_RIC NormalUeHandoverAllowed=1 UavMode=NEAR_RT_RIC_EMERGENCY_SWITCHING_WITH_SATELLITE_BACKHAUL
---- LOAD at t=182.5 ----
  cell 1 (TN) load=13/20
  cell 2 (TN) load=16/20
  cell 3 (TN) load=18/20
  cell 4 (TN) load=13/20
  cell 5 (NTN) load=14/15
  cell 6 (NTN) load=13/15
  cell 7 (NTN) load=12/15
UE 9 TTT_WAIT target=6 elapsed=0s need=2s
LM HO UE=13 rnti=170 3->2 type=TN servingRsrp=-112.837 targetRsrp=-109.274 targetLoadReal=16/20 targetLoadEff=16/20
UE 15 TTT_WAIT target=3 elapsed=0s need=2s
LM HO_FAIL_LOW_RSRP UE=19 currCell=3 candCell=5 candRsrp=-135.733 < min=-110
UE 21 TTT_WAIT target=2 elapsed=0s need=2s
UE 26 TTT_WAIT target=3 elapsed=0s need=2s
UE 28 TTT_WAIT target=3 elapsed=0s need=2s
UE 29 TTT_WAIT target=3 elapsed=0s need=2s
UE 32 TTT_WAIT target=6 elapsed=0s need=2s
UE 35 TTT_WAIT target=1 elapsed=0s need=2s
UE 37 TTT_WAIT target=2 elapsed=0s need=2s
UE 41 TTT_WAIT target=4 elapsed=0s need=2s
UE 42 TTT_WAIT target=4 elapsed=0s need=2s
UE 44 TTT_WAIT target=6 elapsed=0s need=2s
UE 45 TTT_WAIT target=1 elapsed=0s need=2s
UE 46 TTT_WAIT target=1 elapsed=0s need=2s
UE 48 TTT_WAIT target=4 elapsed=0s need=2s
UE 49 TTT_WAIT target=2 elapsed=0s need=2s
LM HO_FAIL_LOW_RSRP UE=53 currCell=3 candCell=5 candRsrp=-133.287 < min=-110
LM HO_FAIL_LOW_RSRP UE=57 currCell=3 candCell=1 candRsrp=-113.86 < min=-110
LM HO UE=58 rnti=119 1->2 type=TN servingRsrp=-114.443 targetRsrp=-98.7842 targetLoadReal=16/20 targetLoadEff=17/20
UE 65 TTT_WAIT target=2 elapsed=0s need=2s
UE 67 TTT_WAIT target=5 elapsed=0s need=2s
LM HO_FAIL_LOW_RSRP UE=69 currCell=4 candCell=2 candRsrp=-116.88 < min=-110
UE 70 TTT_WAIT target=1 elapsed=0s need=2s
UE 72 TTT_WAIT target=3 elapsed=0s need=2s
LM HO UE=74 rnti=135 1->2 type=TN servingRsrp=-107.568 targetRsrp=-93.1817 targetLoadReal=16/20 targetLoadEff=18/20
UE 77 TTT_WAIT target=6 elapsed=0s need=2s
UE 78 TTT_WAIT target=1 elapsed=0s need=2s
LM HO_FAIL_LOW_RSRP UE=79 currCell=1 candCell=6 candRsrp=-137.424 < min=-110
UE 80 TTT_WAIT target=3 elapsed=0s need=2s
UE 82 TTT_WAIT target=3 elapsed=0s need=2s
UE 85 TTT_WAIT target=6 elapsed=0s need=2s
UE 86 TTT_WAIT target=2 elapsed=0s need=2s
UE 87 TTT_WAIT target=3 elapsed=0s need=2s
UE 114 TTT_WAIT target=4 elapsed=0s need=2s
TRACE HO_SUCCESS Time=182.615 IMSI=57 TargetCell=2 Type=TN TargetRSRP=-120.893 ServingRSRP=-91.4857 BackhaulDlSnr=-999 BackhaulUlSnr=-999
TRACE HO_SUCCESS Time=182.615 IMSI=73 TargetCell=2 Type=TN TargetRSRP=-109.87 ServingRSRP=-98.314 BackhaulDlSnr=-999 BackhaulUlSnr=-999
TRACE HO_SUCCESS Time=182.615 IMSI=12 TargetCell=2 Type=TN TargetRSRP=-81.2153 ServingRSRP=-114.395 BackhaulDlSnr=-999 BackhaulUlSnr=-999
UAV_AUTONOMY_XAPP Time=184.5 DeploymentMode=tn-uav-satellite UavIndex=0 UavCellId=5 BestDonorCellId=1 BestDonorDistanceM=4992.91 XhaulConnected=1 XhaulChannelVariationDb=1.38142 RawXhaulState=UNREACHABLE RawXhaulStateAgeSec=180 XhaulState=UNREACHABLE DonorUnavailableActive=0 SatBackhaulHealthy=1 UavSwitchingXappAvailable=1 UavSwitchingXappState=ACTIVE AiPredictedBackhaulMode=RULE_BASED BackhaulMode=SATELLITE_FALLBACK RicControlState=NEAR_RT_RIC_SWITCHING_TO_SATELLITE_BACKHAUL ActiveUavRic=TN_NEAR_RT_RIC NormalUeHandoverAllowed=1 UavMode=NEAR_RT_RIC_EMERGENCY_SWITCHING_WITH_SATELLITE_BACKHAUL
UAV_AUTONOMY_XAPP Time=184.5 DeploymentMode=tn-uav-satellite UavIndex=1 UavCellId=6 BestDonorCellId=4 BestDonorDistanceM=4027.84 XhaulConnected=1 XhaulChannelVariationDb=-2.91986 RawXhaulState=UNREACHABLE RawXhaulStateAgeSec=158 XhaulState=UNREACHABLE DonorUnavailableActive=0 SatBackhaulHealthy=1 UavSwitchingXappAvailable=1 UavSwitchingXappState=ACTIVE AiPredictedBackhaulMode=RULE_BASED BackhaulMode=SATELLITE_FALLBACK RicControlState=NEAR_RT_RIC_SWITCHING_TO_SATELLITE_BACKHAUL ActiveUavRic=TN_NEAR_RT_RIC NormalUeHandoverAllowed=1 UavMode=NEAR_RT_RIC_EMERGENCY_SWITCHING_WITH_SATELLITE_BACKHAUL
UAV_AUTONOMY_XAPP Time=184.5 DeploymentMode=tn-uav-satellite UavIndex=2 UavCellId=7 BestDonorCellId=4 BestDonorDistanceM=3386.93 XhaulConnected=1 XhaulChannelVariationDb=-3.48798 RawXhaulState=UNREACHABLE RawXhaulStateAgeSec=164 XhaulState=UNREACHABLE DonorUnavailableActive=0 SatBackhaulHealthy=1 UavSwitchingXappAvailable=1 UavSwitchingXappState=ACTIVE AiPredictedBackhaulMode=RULE_BASED BackhaulMode=SATELLITE_FALLBACK RicControlState=NEAR_RT_RIC_SWITCHING_TO_SATELLITE_BACKHAUL ActiveUavRic=TN_NEAR_RT_RIC NormalUeHandoverAllowed=1 UavMode=NEAR_RT_RIC_EMERGENCY_SWITCHING_WITH_SATELLITE_BACKHAUL
---- LOAD at t=184.5 ----
  cell 1 (TN) load=11/20
  cell 2 (TN) load=19/20
  cell 3 (TN) load=17/20
  cell 4 (TN) load=13/20
  cell 5 (NTN) load=14/15
  cell 6 (NTN) load=14/15
  cell 7 (NTN) load=12/15
UE 18 TTT_WAIT target=1 elapsed=0s need=2s
LM HO_FAIL_LOW_RSRP UE=19 currCell=3 candCell=2 candRsrp=-119.344 < min=-110
LM HO_FAIL_LOW_RSRP UE=23 currCell=2 candCell=4 candRsrp=-115.505 < min=-110
UE 24 TTT_WAIT target=4 elapsed=0s need=2s
LM HO_FAIL_LOW_RSRP UE=27 currCell=2 candCell=7 candRsrp=-116.043 < min=-110
LM HO_FAIL_LOW_RSRP UE=28 currCell=2 candCell=1 candRsrp=-118.769 < min=-110
LM HO UE=29 rnti=140 1->3 type=TN servingRsrp=-102.823 targetRsrp=-85.6438 targetLoadReal=17/20 targetLoadEff=17/20
LM HO_FAIL_LOW_RSRP UE=33 currCell=2 candCell=7 candRsrp=-132.324 < min=-110
LM HO_FAIL_LOW_RSRP UE=34 currCell=3 candCell=1 candRsrp=-122.254 < min=-110
LM HO_FAIL_LOW_RSRP UE=35 currCell=2 candCell=3 candRsrp=-127.049 < min=-110
LM HO UE=37 rnti=160 3->2 type=TN servingRsrp=-133.988 targetRsrp=-92.8588 targetLoadReal=19/20 targetLoadEff=19/20
LM HO UE=42 rnti=171 3->4 type=TN servingRsrp=-136.655 targetRsrp=-97.3271 targetLoadReal=13/20 targetLoadEff=13/20
UE 43 TTT_WAIT target=3 elapsed=0s need=2s
UE 45 TTT_WAIT target=4 elapsed=0s need=2s
LM HO_FAIL_LOW_RSRP UE=46 currCell=4 candCell=6 candRsrp=-131.349 < min=-110
UE 48 TTT_WAIT target=3 elapsed=0s need=2s
LM HO_FAIL_LOW_RSRP UE=49 currCell=4 candCell=6 candRsrp=-145.315 < min=-110
LM HO_FAIL_LOW_RSRP UE=53 currCell=3 candCell=1 candRsrp=-115.536 < min=-110
LM HO_FAIL_LOW_RSRP UE=54 currCell=3 candCell=1 candRsrp=-112.996 < min=-110
UE 55 TTT_WAIT target=1 elapsed=0s need=2s
LM HO_FAIL_LOW_RSRP UE=57 currCell=3 candCell=6 candRsrp=-125.137 < min=-110
LM HO_FAIL_LOW_RSRP UE=58 currCell=2 candCell=5 candRsrp=-115.115 < min=-110
LM HO_FAIL_LOW_RSRP UE=64 currCell=6 candCell=5 candRsrp=-124.424 < min=-110
UE 65 TTT_WAIT target=3 elapsed=0s need=2s
LM HO_FAIL_LOW_RSRP UE=66 currCell=3 candCell=5 candRsrp=-113.237 < min=-110
LM HO_FAIL_LOW_RSRP UE=69 currCell=4 candCell=1 candRsrp=-114.339 < min=-110
UE 72 TTT_WAIT target=5 elapsed=0s need=2s
UE 74 TTT_WAIT target=3 elapsed=0s need=2s
UE 76 TTT_WAIT target=3 elapsed=0s need=2s
LM HO_FAIL_LOW_RSRP UE=77 currCell=4 candCell=7 candRsrp=-115.175 < min=-110
LM HO_FAIL_LOW_RSRP UE=79 currCell=1 candCell=6 candRsrp=-130.224 < min=-110
LM HO UE=80 rnti=133 1->3 type=TN servingRsrp=-107.305 targetRsrp=-78.0638 targetLoadReal=17/20 targetLoadEff=18/20
LM HO UE=82 rnti=96 4->3 type=TN servingRsrp=-130.682 targetRsrp=-99.4703 targetLoadReal=17/20 targetLoadEff=19/20
LM HO_FAIL_LOW_RSRP UE=84 currCell=4 candCell=1 candRsrp=-119.127 < min=-110
LM HO UE=85 rnti=91 4->6 type=NTN servingRsrp=-111.646 targetRsrp=-108.429 targetLoadReal=14/15 targetLoadEff=14/15
TRACE HO_SUCCESS Time=184.615 IMSI=36 TargetCell=2 Type=TN TargetRSRP=-118.24 ServingRSRP=-97.8942 BackhaulDlSnr=-999 BackhaulUlSnr=-999
TRACE HO_SUCCESS Time=184.615 IMSI=79 TargetCell=3 Type=TN TargetRSRP=-119.382 ServingRSRP=-83.8103 BackhaulDlSnr=-999 BackhaulUlSnr=-999
TRACE HO_SUCCESS Time=184.615 IMSI=28 TargetCell=3 Type=TN TargetRSRP=-84.3932 ServingRSRP=-82.2168 BackhaulDlSnr=-999 BackhaulUlSnr=-999
TRACE HO_SUCCESS Time=184.615 IMSI=81 TargetCell=3 Type=TN TargetRSRP=-136.949 ServingRSRP=-90.1885 BackhaulDlSnr=-999 BackhaulUlSnr=-999
TRACE HO_SUCCESS Time=184.615 IMSI=41 TargetCell=4 Type=TN TargetRSRP=-133.788 ServingRSRP=-90.682 BackhaulDlSnr=-999 BackhaulUlSnr=-999
TRACE HO_SUCCESS Time=184.615 IMSI=84 TargetCell=6 Type=NTN TargetRSRP=-93.1033 ServingRSRP=-77.5311 BackhaulDlSnr=13.9185 BackhaulUlSnr=9.39789
UAV_AUTONOMY_XAPP Time=186.5 DeploymentMode=tn-uav-satellite UavIndex=0 UavCellId=5 BestDonorCellId=2 BestDonorDistanceM=5427.44 XhaulConnected=1 XhaulChannelVariationDb=1.11976 RawXhaulState=UNREACHABLE RawXhaulStateAgeSec=182 XhaulState=UNREACHABLE DonorUnavailableActive=0 SatBackhaulHealthy=1 UavSwitchingXappAvailable=1 UavSwitchingXappState=ACTIVE AiPredictedBackhaulMode=RULE_BASED BackhaulMode=SATELLITE_FALLBACK RicControlState=NEAR_RT_RIC_SWITCHING_TO_SATELLITE_BACKHAUL ActiveUavRic=TN_NEAR_RT_RIC NormalUeHandoverAllowed=1 UavMode=NEAR_RT_RIC_EMERGENCY_SWITCHING_WITH_SATELLITE_BACKHAUL
UAV_AUTONOMY_XAPP Time=186.5 DeploymentMode=tn-uav-satellite UavIndex=1 UavCellId=6 BestDonorCellId=4 BestDonorDistanceM=4015.79 XhaulConnected=1 XhaulChannelVariationDb=-0.332917 RawXhaulState=UNREACHABLE RawXhaulStateAgeSec=160 XhaulState=UNREACHABLE DonorUnavailableActive=0 SatBackhaulHealthy=1 UavSwitchingXappAvailable=1 UavSwitchingXappState=ACTIVE AiPredictedBackhaulMode=RULE_BASED BackhaulMode=SATELLITE_FALLBACK RicControlState=NEAR_RT_RIC_SWITCHING_TO_SATELLITE_BACKHAUL ActiveUavRic=TN_NEAR_RT_RIC NormalUeHandoverAllowed=1 UavMode=NEAR_RT_RIC_EMERGENCY_SWITCHING_WITH_SATELLITE_BACKHAUL
UAV_AUTONOMY_XAPP Time=186.5 DeploymentMode=tn-uav-satellite UavIndex=2 UavCellId=7 BestDonorCellId=4 BestDonorDistanceM=3348.7 XhaulConnected=1 XhaulChannelVariationDb=-0.997951 RawXhaulState=UNREACHABLE RawXhaulStateAgeSec=166 XhaulState=UNREACHABLE DonorUnavailableActive=0 SatBackhaulHealthy=1 UavSwitchingXappAvailable=1 UavSwitchingXappState=ACTIVE AiPredictedBackhaulMode=RULE_BASED BackhaulMode=SATELLITE_FALLBACK RicControlState=NEAR_RT_RIC_SWITCHING_TO_SATELLITE_BACKHAUL ActiveUavRic=TN_NEAR_RT_RIC NormalUeHandoverAllowed=1 UavMode=NEAR_RT_RIC_EMERGENCY_SWITCHING_WITH_SATELLITE_BACKHAUL
---- LOAD at t=186.5 ----
  cell 1 (TN) load=9/20
  cell 2 (TN) load=20/20
  cell 3 (TN) load=18/20
  cell 4 (TN) load=12/20
  cell 5 (NTN) load=14/15
  cell 6 (NTN) load=15/15
  cell 7 (NTN) load=12/15
LM HO_FAIL_LOW_RSRP UE=9 currCell=4 candCell=5 candRsrp=-128.054 < min=-110
LM HO_FAIL_LOW_RSRP UE=13 currCell=2 candCell=7 candRsrp=-114.794 < min=-110
LM HO_FAIL_LOW_RSRP UE=14 currCell=3 candCell=4 candRsrp=-117.205 < min=-110
LM HO_FAIL_LOW_RSRP UE=18 currCell=3 candCell=7 candRsrp=-137.254 < min=-110
LM HO_FAIL_LOW_RSRP UE=21 currCell=4 candCell=7 candRsrp=-141.351 < min=-110
UE 23 TTT_WAIT target=1 elapsed=0s need=2s
UE 26 TTT_WAIT target=3 elapsed=0s need=2s
LM HO_FAIL_LOW_RSRP UE=27 currCell=2 candCell=5 candRsrp=-136.864 < min=-110
UE 28 TTT_WAIT target=5 elapsed=0s need=2s
UE 29 TTT_WAIT target=1 elapsed=0s need=2s
UE 30 TTT_WAIT target=1 elapsed=0s need=2s
UE 32 TTT_WAIT target=7 elapsed=0s need=2s
LM HO_FAIL_LOW_RSRP UE=33 currCell=2 candCell=7 candRsrp=-138.499 < min=-110
LM HO_FAIL_LOW_RSRP UE=34 currCell=3 candCell=4 candRsrp=-129.212 < min=-110
UE 35 TTT_WAIT target=3 elapsed=0s need=2s
UE 37 TTT_WAIT target=3 elapsed=0s need=2s
UE 39 TTT_WAIT target=3 elapsed=0s need=2s
LM HO_FAIL_LOW_RSRP UE=41 currCell=2 candCell=1 candRsrp=-115.932 < min=-110
LM HO_FAIL_LOW_RSRP UE=42 currCell=4 candCell=5 candRsrp=-131.619 < min=-110
UE 45 TTT_WAIT target=3 elapsed=0s need=2s
LM HO_FAIL_LOW_RSRP UE=46 currCell=4 candCell=7 candRsrp=-111.235 < min=-110
UE 48 TTT_WAIT target=4 elapsed=0s need=2s
UE 54 TTT_WAIT target=1 elapsed=0s need=2s
LM HO UE=55 rnti=124 2->1 type=TN servingRsrp=-102.836 targetRsrp=-80.2527 targetLoadReal=9/20 targetLoadEff=9/20
UE 57 TTT_WAIT target=5 elapsed=0s need=2s
UE 58 TTT_WAIT target=3 elapsed=0s need=2s
LM HO_FAIL_LOW_RSRP UE=60 currCell=3 candCell=5 candRsrp=-123.183 < min=-110
UE 64 TTT_WAIT target=5 elapsed=0s need=2s
LM HO_FAIL_LOW_RSRP UE=66 currCell=3 candCell=5 candRsrp=-131.99 < min=-110
LM HO_FAIL_LOW_RSRP UE=67 currCell=3 candCell=5 candRsrp=-121.553 < min=-110
LM HO_FAIL_LOW_RSRP UE=69 currCell=4 candCell=7 candRsrp=-125.937 < min=-110
LM HO_FAIL_LOW_RSRP UE=70 currCell=3 candCell=4 candRsrp=-116.387 < min=-110
UE 72 TTT_WAIT target=3 elapsed=0s need=2s
UE 77 TTT_WAIT target=7 elapsed=0s need=2s
LM HO_FAIL_LOW_RSRP UE=79 currCell=1 candCell=7 candRsrp=-120.398 < min=-110
LM HO_FAIL_LOW_RSRP UE=82 currCell=3 candCell=1 candRsrp=-128.294 < min=-110
UE 84 TTT_WAIT target=3 elapsed=0s need=2s
UE 85 TTT_WAIT target=4 elapsed=0s need=2s
UE 86 TTT_WAIT target=7 elapsed=0s need=2s
UE 107 TTT_WAIT target=1 elapsed=0s need=2s
UE 113 TTT_WAIT target=1 elapsed=0s need=2s
TRACE HO_SUCCESS Time=186.615 IMSI=54 TargetCell=1 Type=TN TargetRSRP=-86.7708 ServingRSRP=-68.9987 BackhaulDlSnr=-999 BackhaulUlSnr=-999
UAV_AUTONOMY_XAPP Time=188.5 DeploymentMode=tn-uav-satellite UavIndex=0 UavCellId=5 BestDonorCellId=1 BestDonorDistanceM=4952.07 XhaulConnected=1 XhaulChannelVariationDb=1.77142 RawXhaulState=UNREACHABLE RawXhaulStateAgeSec=184 XhaulState=UNREACHABLE DonorUnavailableActive=0 SatBackhaulHealthy=1 UavSwitchingXappAvailable=1 UavSwitchingXappState=ACTIVE AiPredictedBackhaulMode=RULE_BASED BackhaulMode=SATELLITE_FALLBACK RicControlState=NEAR_RT_RIC_SWITCHING_TO_SATELLITE_BACKHAUL ActiveUavRic=TN_NEAR_RT_RIC NormalUeHandoverAllowed=1 UavMode=NEAR_RT_RIC_EMERGENCY_SWITCHING_WITH_SATELLITE_BACKHAUL
UAV_AUTONOMY_XAPP Time=188.5 DeploymentMode=tn-uav-satellite UavIndex=1 UavCellId=6 BestDonorCellId=4 BestDonorDistanceM=4015.79 XhaulConnected=1 XhaulChannelVariationDb=-2.08669 RawXhaulState=UNREACHABLE RawXhaulStateAgeSec=162 XhaulState=UNREACHABLE DonorUnavailableActive=0 SatBackhaulHealthy=1 UavSwitchingXappAvailable=1 UavSwitchingXappState=ACTIVE AiPredictedBackhaulMode=RULE_BASED BackhaulMode=SATELLITE_FALLBACK RicControlState=NEAR_RT_RIC_SWITCHING_TO_SATELLITE_BACKHAUL ActiveUavRic=TN_NEAR_RT_RIC NormalUeHandoverAllowed=1 UavMode=NEAR_RT_RIC_EMERGENCY_SWITCHING_WITH_SATELLITE_BACKHAUL
UAV_AUTONOMY_XAPP Time=188.5 DeploymentMode=tn-uav-satellite UavIndex=2 UavCellId=7 BestDonorCellId=4 BestDonorDistanceM=3351.4 XhaulConnected=1 XhaulChannelVariationDb=-6.6666 RawXhaulState=UNREACHABLE RawXhaulStateAgeSec=168 XhaulState=UNREACHABLE DonorUnavailableActive=0 SatBackhaulHealthy=1 UavSwitchingXappAvailable=1 UavSwitchingXappState=ACTIVE AiPredictedBackhaulMode=RULE_BASED BackhaulMode=SATELLITE_FALLBACK RicControlState=NEAR_RT_RIC_SWITCHING_TO_SATELLITE_BACKHAUL ActiveUavRic=TN_NEAR_RT_RIC NormalUeHandoverAllowed=1 UavMode=NEAR_RT_RIC_EMERGENCY_SWITCHING_WITH_SATELLITE_BACKHAUL
---- LOAD at t=188.5 ----
  cell 1 (TN) load=10/20
  cell 2 (TN) load=19/20
  cell 3 (TN) load=18/20
  cell 4 (TN) load=12/20
  cell 5 (NTN) load=14/15
  cell 6 (NTN) load=15/15
  cell 7 (NTN) load=12/15
UE 9 TTT_WAIT target=7 elapsed=0s need=2s
UE 10 TTT_WAIT target=1 elapsed=0s need=2s
UE 13 TTT_WAIT target=1 elapsed=0s need=2s
LM HO_FAIL_LOW_RSRP UE=14 currCell=3 candCell=4 candRsrp=-121.67 < min=-110
UE 15 TTT_WAIT target=3 elapsed=0s need=2s
UE 18 TTT_WAIT target=2 elapsed=0s need=2s
LM HO_FAIL_LOW_RSRP UE=19 currCell=3 candCell=7 candRsrp=-123.41 < min=-110
UE 21 TTT_WAIT target=1 elapsed=0s need=2s
LM HO UE=26 rnti=104 2->3 type=TN servingRsrp=-127.959 targetRsrp=-88.5643 targetLoadReal=18/20 targetLoadEff=18/20
LM HO UE=28 rnti=66 2->5 type=NTN servingRsrp=-124.504 targetRsrp=-99.1503 targetLoadReal=14/15 targetLoadEff=14/15
LM HO UE=30 rnti=127 2->1 type=TN servingRsrp=-121.793 targetRsrp=-102.993 targetLoadReal=10/20 targetLoadEff=10/20
UE 33 TTT_WAIT target=1 elapsed=0s need=2s
LM HO UE=35 rnti=121 2->3 type=TN servingRsrp=-138.128 targetRsrp=-106.759 targetLoadReal=18/20 targetLoadEff=19/20
LM HO_FAIL_LOW_RSRP UE=37 currCell=2 candCell=7 candRsrp=-134.114 < min=-110
LM HO_FAIL_LOW_RSRP UE=41 currCell=2 candCell=7 candRsrp=-136.049 < min=-110
LM HO_FAIL_LOW_RSRP UE=42 currCell=4 candCell=1 candRsrp=-116.865 < min=-110
UE 43 TTT_WAIT target=1 elapsed=0s need=2s
UE 44 TTT_WAIT target=1 elapsed=0s need=2s
LM HO_FAIL_LOW_RSRP UE=45 currCell=2 candCell=7 candRsrp=-138.682 < min=-110
LM HO_FAIL_LOW_RSRP UE=46 currCell=4 candCell=7 candRsrp=-143.095 < min=-110
LM HO_FAIL_LOW_RSRP UE=48 currCell=2 candCell=7 candRsrp=-144.478 < min=-110
UE 49 TTT_WAIT target=1 elapsed=0s need=2s
UE 54 TTT_WAIT target=2 elapsed=0s need=2s
UE 56 TTT_WAIT target=1 elapsed=0s need=2s
LM HO_FAIL_LOW_RSRP UE=57 currCell=3 candCell=7 candRsrp=-152.186 < min=-110
LM HO_FAIL_LOW_RSRP UE=58 currCell=2 candCell=1 candRsrp=-128.316 < min=-110
LM HO_FAIL_LOW_RSRP UE=65 currCell=1 candCell=2 candRsrp=-116.505 < min=-110
LM HO_FAIL_LOW_RSRP UE=67 currCell=3 candCell=7 candRsrp=-145.334 < min=-110
UE 69 TTT_WAIT target=7 elapsed=0s need=2s
UE 70 TTT_WAIT target=4 elapsed=0s need=2s
LM HO_FAIL_LOW_RSRP UE=72 currCell=1 candCell=7 candRsrp=-143.519 < min=-110
UE 74 TTT_WAIT target=1 elapsed=0s need=2s
UE 76 TTT_WAIT target=2 elapsed=0s need=2s
LM HO_FAIL_LOW_RSRP UE=77 currCell=4 candCell=7 candRsrp=-133.995 < min=-110
UE 78 TTT_WAIT target=1 elapsed=0s need=2s
UE 80 TTT_WAIT target=1 elapsed=0s need=2s
LM HO_FAIL_LOW_RSRP UE=82 currCell=3 candCell=2 candRsrp=-125.319 < min=-110
UE 84 TTT_WAIT target=1 elapsed=0s need=2s
UE 85 TTT_WAIT target=1 elapsed=0s need=2s
UE 86 TTT_WAIT target=2 elapsed=0s need=2s
TRACE HO_SUCCESS Time=188.615 IMSI=29 TargetCell=1 Type=TN TargetRSRP=-97.5466 ServingRSRP=-127.247 BackhaulDlSnr=-999 BackhaulUlSnr=-999
TRACE HO_SUCCESS Time=188.615 IMSI=34 TargetCell=3 Type=TN TargetRSRP=-140.066 ServingRSRP=-99.576 BackhaulDlSnr=-999 BackhaulUlSnr=-999
TRACE HO_SUCCESS Time=188.615 IMSI=25 TargetCell=3 Type=TN TargetRSRP=-107.153 ServingRSRP=-114.875 BackhaulDlSnr=-999 BackhaulUlSnr=-999
TRACE HO_SUCCESS Time=188.615 IMSI=27 TargetCell=5 Type=NTN TargetRSRP=-129.846 ServingRSRP=-84.3614 BackhaulDlSnr=12.2641 BackhaulUlSnr=7.74352
UAV_AUTONOMY_XAPP Time=190.5 DeploymentMode=tn-uav-satellite UavIndex=0 UavCellId=5 BestDonorCellId=2 BestDonorDistanceM=5408.26 XhaulConnected=1 XhaulChannelVariationDb=1.57028 RawXhaulState=UNREACHABLE RawXhaulStateAgeSec=186 XhaulState=UNREACHABLE DonorUnavailableActive=0 SatBackhaulHealthy=1 UavSwitchingXappAvailable=1 UavSwitchingXappState=ACTIVE AiPredictedBackhaulMode=RULE_BASED BackhaulMode=SATELLITE_FALLBACK RicControlState=NEAR_RT_RIC_SWITCHING_TO_SATELLITE_BACKHAUL ActiveUavRic=TN_NEAR_RT_RIC NormalUeHandoverAllowed=1 UavMode=NEAR_RT_RIC_EMERGENCY_SWITCHING_WITH_SATELLITE_BACKHAUL
UAV_AUTONOMY_XAPP Time=190.5 DeploymentMode=tn-uav-satellite UavIndex=1 UavCellId=6 BestDonorCellId=4 BestDonorDistanceM=4015.79 XhaulConnected=1 XhaulChannelVariationDb=-1.91955 RawXhaulState=UNREACHABLE RawXhaulStateAgeSec=164 XhaulState=UNREACHABLE DonorUnavailableActive=0 SatBackhaulHealthy=1 UavSwitchingXappAvailable=1 UavSwitchingXappState=ACTIVE AiPredictedBackhaulMode=RULE_BASED BackhaulMode=SATELLITE_FALLBACK RicControlState=NEAR_RT_RIC_SWITCHING_TO_SATELLITE_BACKHAUL ActiveUavRic=TN_NEAR_RT_RIC NormalUeHandoverAllowed=1 UavMode=NEAR_RT_RIC_EMERGENCY_SWITCHING_WITH_SATELLITE_BACKHAUL
UAV_AUTONOMY_XAPP Time=190.5 DeploymentMode=tn-uav-satellite UavIndex=2 UavCellId=7 BestDonorCellId=4 BestDonorDistanceM=3283.5 XhaulConnected=1 XhaulChannelVariationDb=0.719155 RawXhaulState=UNREACHABLE RawXhaulStateAgeSec=170 XhaulState=UNREACHABLE DonorUnavailableActive=0 SatBackhaulHealthy=1 UavSwitchingXappAvailable=1 UavSwitchingXappState=ACTIVE AiPredictedBackhaulMode=RULE_BASED BackhaulMode=SATELLITE_FALLBACK RicControlState=NEAR_RT_RIC_SWITCHING_TO_SATELLITE_BACKHAUL ActiveUavRic=TN_NEAR_RT_RIC NormalUeHandoverAllowed=1 UavMode=NEAR_RT_RIC_EMERGENCY_SWITCHING_WITH_SATELLITE_BACKHAUL
---- LOAD at t=190.5 ----
  cell 1 (TN) load=11/20
  cell 2 (TN) load=15/20
  cell 3 (TN) load=20/20
  cell 4 (TN) load=12/20
  cell 5 (NTN) load=15/15
  cell 6 (NTN) load=15/15
  cell 7 (NTN) load=12/15
LM HO UE=9 rnti=100 4->7 type=NTN servingRsrp=-110.753 targetRsrp=-104.458 targetLoadReal=12/15 targetLoadEff=12/15
UE 14 TTT_WAIT target=2 elapsed=0s need=2s
LM HO_FAIL_LOW_RSRP UE=15 currCell=2 candCell=7 candRsrp=-141.185 < min=-110
LM HO UE=18 rnti=133 3->2 type=TN servingRsrp=-114.995 targetRsrp=-104.43 targetLoadReal=15/20 targetLoadEff=15/20
LM HO_FAIL_LOW_RSRP UE=21 currCell=4 candCell=7 candRsrp=-145.323 < min=-110
UE 23 TTT_WAIT target=1 elapsed=0s need=2s
UE 24 TTT_WAIT target=4 elapsed=0s need=2s
UE 28 TTT_WAIT target=2 elapsed=0s need=2s
UE 29 TTT_WAIT target=1 elapsed=0s need=2s
UE 30 TTT_WAIT target=2 elapsed=0s need=2s
LM HO_FAIL_LOW_RSRP UE=34 currCell=3 candCell=4 candRsrp=-118.106 < min=-110
UE 35 TTT_WAIT target=1 elapsed=0s need=2s
UE 37 TTT_WAIT target=4 elapsed=0s need=2s
UE 39 TTT_WAIT target=7 elapsed=0s need=2s
UE 41 TTT_WAIT target=4 elapsed=0s need=2s
UE 42 TTT_WAIT target=2 elapsed=0s need=2s
LM HO_FAIL_LOW_RSRP UE=43 currCell=2 candCell=1 candRsrp=-110.632 < min=-110
UE 46 TTT_WAIT target=7 elapsed=0s need=2s
LM HO_FAIL_LOW_RSRP UE=48 currCell=2 candCell=7 candRsrp=-114.57 < min=-110
LM HO_FAIL_LOW_RSRP UE=53 currCell=3 candCell=4 candRsrp=-113.326 < min=-110
UE 55 TTT_WAIT target=2 elapsed=0s need=2s
LM HO_FAIL_LOW_RSRP UE=58 currCell=2 candCell=7 candRsrp=-125.335 < min=-110
UE 60 TTT_WAIT target=1 elapsed=0s need=2s
LM HO_FAIL_LOW_RSRP UE=65 currCell=1 candCell=7 candRsrp=-136.309 < min=-110
LM HO_FAIL_LOW_RSRP UE=67 currCell=3 candCell=1 candRsrp=-124.555 < min=-110
LM HO_FAIL_LOW_RSRP UE=69 currCell=4 candCell=7 candRsrp=-122.846 < min=-110
UE 70 TTT_WAIT target=1 elapsed=0s need=2s
UE 71 TTT_WAIT target=1 elapsed=0s need=2s
LM HO_FAIL_LOW_RSRP UE=72 currCell=1 candCell=2 candRsrp=-110.571 < min=-110
LM HO UE=74 rnti=131 2->1 type=TN servingRsrp=-108.936 targetRsrp=-105.323 targetLoadReal=11/20 targetLoadEff=11/20
LM HO UE=78 rnti=69 2->1 type=TN servingRsrp=-104.163 targetRsrp=-90.8703 targetLoadReal=11/20 targetLoadEff=12/20
UE 79 TTT_WAIT target=4 elapsed=0s need=2s
LM HO_FAIL_LOW_RSRP UE=82 currCell=3 candCell=2 candRsrp=-124.073 < min=-110
LM HO_FAIL_LOW_RSRP UE=84 currCell=4 candCell=2 candRsrp=-110.513 < min=-110
LM HO UE=86 rnti=141 1->2 type=TN servingRsrp=-114.979 targetRsrp=-94.1895 targetLoadReal=15/20 targetLoadEff=16/20
TRACE HO_SUCCESS Time=190.615 IMSI=73 TargetCell=1 Type=TN TargetRSRP=-111.784 ServingRSRP=-102.377 BackhaulDlSnr=-999 BackhaulUlSnr=-999
TRACE HO_SUCCESS Time=190.615 IMSI=77 TargetCell=1 Type=TN TargetRSRP=-109.844 ServingRSRP=-77.1855 BackhaulDlSnr=-999 BackhaulUlSnr=-999
TRACE HO_SUCCESS Time=190.615 IMSI=85 TargetCell=2 Type=TN TargetRSRP=-113.224 ServingRSRP=-107.209 BackhaulDlSnr=-999 BackhaulUlSnr=-999
TRACE HO_SUCCESS Time=190.615 IMSI=17 TargetCell=2 Type=TN TargetRSRP=-94.2255 ServingRSRP=-89.7229 BackhaulDlSnr=-999 BackhaulUlSnr=-999
TRACE HO_SUCCESS Time=190.615 IMSI=8 TargetCell=7 Type=NTN TargetRSRP=-136.988 ServingRSRP=-79.0244 BackhaulDlSnr=13.6259 BackhaulUlSnr=9.10535
UAV_AUTONOMY_XAPP Time=192.5 DeploymentMode=tn-uav-satellite UavIndex=0 UavCellId=5 BestDonorCellId=2 BestDonorDistanceM=5408.26 XhaulConnected=1 XhaulChannelVariationDb=-0.340893 RawXhaulState=UNREACHABLE RawXhaulStateAgeSec=188 XhaulState=UNREACHABLE DonorUnavailableActive=0 SatBackhaulHealthy=1 UavSwitchingXappAvailable=1 UavSwitchingXappState=ACTIVE AiPredictedBackhaulMode=RULE_BASED BackhaulMode=SATELLITE_FALLBACK RicControlState=NEAR_RT_RIC_SWITCHING_TO_SATELLITE_BACKHAUL ActiveUavRic=TN_NEAR_RT_RIC NormalUeHandoverAllowed=1 UavMode=NEAR_RT_RIC_EMERGENCY_SWITCHING_WITH_SATELLITE_BACKHAUL
UAV_AUTONOMY_XAPP Time=192.5 DeploymentMode=tn-uav-satellite UavIndex=1 UavCellId=6 BestDonorCellId=4 BestDonorDistanceM=4015.79 XhaulConnected=1 XhaulChannelVariationDb=2.16285 RawXhaulState=UNREACHABLE RawXhaulStateAgeSec=166 XhaulState=UNREACHABLE DonorUnavailableActive=0 SatBackhaulHealthy=1 UavSwitchingXappAvailable=1 UavSwitchingXappState=ACTIVE AiPredictedBackhaulMode=RULE_BASED BackhaulMode=SATELLITE_FALLBACK RicControlState=NEAR_RT_RIC_SWITCHING_TO_SATELLITE_BACKHAUL ActiveUavRic=TN_NEAR_RT_RIC NormalUeHandoverAllowed=1 UavMode=NEAR_RT_RIC_EMERGENCY_SWITCHING_WITH_SATELLITE_BACKHAUL
UAV_AUTONOMY_XAPP Time=192.5 DeploymentMode=tn-uav-satellite UavIndex=2 UavCellId=7 BestDonorCellId=4 BestDonorDistanceM=3214.75 XhaulConnected=1 XhaulChannelVariationDb=-0.612049 RawXhaulState=UNREACHABLE RawXhaulStateAgeSec=172 XhaulState=UNREACHABLE DonorUnavailableActive=0 SatBackhaulHealthy=1 UavSwitchingXappAvailable=1 UavSwitchingXappState=ACTIVE AiPredictedBackhaulMode=RULE_BASED BackhaulMode=SATELLITE_FALLBACK RicControlState=NEAR_RT_RIC_SWITCHING_TO_SATELLITE_BACKHAUL ActiveUavRic=TN_NEAR_RT_RIC NormalUeHandoverAllowed=1 UavMode=NEAR_RT_RIC_EMERGENCY_SWITCHING_WITH_SATELLITE_BACKHAUL
---- LOAD at t=192.5 ----
  cell 1 (TN) load=12/20
  cell 2 (TN) load=15/20
  cell 3 (TN) load=19/20
  cell 4 (TN) load=11/20
  cell 5 (NTN) load=15/15
  cell 6 (NTN) load=15/15
  cell 7 (NTN) load=13/15
UE 10 TTT_WAIT target=2 elapsed=0s need=2s
LM HO UE=14 rnti=107 3->2 type=TN servingRsrp=-134.633 targetRsrp=-98.0345 targetLoadReal=15/20 targetLoadEff=15/20
UE 15 TTT_WAIT target=1 elapsed=0s need=2s
UE 19 TTT_WAIT target=1 elapsed=0s need=2s
LM HO_FAIL_LOW_RSRP UE=23 currCell=2 candCell=7 candRsrp=-136.011 < min=-110
LM HO_FAIL_LOW_RSRP UE=26 currCell=3 candCell=1 candRsrp=-114.145 < min=-110
LM HO UE=29 rnti=173 3->1 type=TN servingRsrp=-109.401 targetRsrp=-103.119 targetLoadReal=12/20 targetLoadEff=12/20
LM HO_FAIL_LOW_RSRP UE=32 currCell=4 candCell=7 candRsrp=-115.159 < min=-110
UE 33 TTT_WAIT target=1 elapsed=0s need=2s
LM HO_FAIL_LOW_RSRP UE=34 currCell=3 candCell=4 candRsrp=-127.388 < min=-110
UE 35 TTT_WAIT target=4 elapsed=0s need=2s
LM HO UE=41 rnti=126 2->4 type=TN servingRsrp=-131.269 targetRsrp=-82.3739 targetLoadReal=11/20 targetLoadEff=11/20
UE 42 TTT_WAIT target=1 elapsed=0s need=2s
UE 43 TTT_WAIT target=1 elapsed=0s need=2s
LM HO_FAIL_LOW_RSRP UE=46 currCell=4 candCell=2 candRsrp=-115.423 < min=-110
UE 48 TTT_WAIT target=4 elapsed=0s need=2s
LM HO_FAIL_LOW_RSRP UE=49 currCell=4 candCell=7 candRsrp=-130.582 < min=-110
UE 53 TTT_WAIT target=4 elapsed=0s need=2s
LM HO_FAIL_LOW_RSRP UE=54 currCell=3 candCell=4 candRsrp=-113.82 < min=-110
LM HO UE=55 rnti=142 1->2 type=TN servingRsrp=-119.644 targetRsrp=-100.923 targetLoadReal=15/20 targetLoadEff=16/20
UE 56 TTT_WAIT target=2 elapsed=0s need=2s
UE 58 TTT_WAIT target=3 elapsed=0s need=2s
LM HO_FAIL_LOW_RSRP UE=60 currCell=3 candCell=7 candRsrp=-149.741 < min=-110
LM HO_FAIL_LOW_RSRP UE=64 currCell=6 candCell=7 candRsrp=-129.443 < min=-110
UE 66 TTT_WAIT target=2 elapsed=0s need=2s
LM HO_FAIL_LOW_RSRP UE=69 currCell=4 candCell=7 candRsrp=-124.074 < min=-110
UE 70 TTT_WAIT target=2 elapsed=0s need=2s
LM HO_FAIL_LOW_RSRP UE=72 currCell=1 candCell=3 candRsrp=-125.142 < min=-110
UE 74 TTT_WAIT target=3 elapsed=0s need=2s
UE 78 TTT_WAIT target=2 elapsed=0s need=2s
LM HO_FAIL_LOW_RSRP UE=79 currCell=1 candCell=7 candRsrp=-141.328 < min=-110
UE 80 TTT_WAIT target=1 elapsed=0s need=2s
UE 82 TTT_WAIT target=2 elapsed=0s need=2s
UE 84 TTT_WAIT target=1 elapsed=0s need=2s
UE 87 TTT_WAIT target=2 elapsed=0s need=2s
UE 102 TTT_WAIT target=4 elapsed=0s need=2s
TRACE HO_SUCCESS Time=192.615 IMSI=28 TargetCell=1 Type=TN TargetRSRP=-107.773 ServingRSRP=-77.0459 BackhaulDlSnr=-999 BackhaulUlSnr=-999
TRACE HO_SUCCESS Time=192.615 IMSI=54 TargetCell=2 Type=TN TargetRSRP=-114.304 ServingRSRP=-92.0157 BackhaulDlSnr=-999 BackhaulUlSnr=-999
TRACE HO_SUCCESS Time=192.615 IMSI=13 TargetCell=2 Type=TN TargetRSRP=-134.705 ServingRSRP=-113.81 BackhaulDlSnr=-999 BackhaulUlSnr=-999
TRACE HO_SUCCESS Time=192.615 IMSI=40 TargetCell=4 Type=TN TargetRSRP=-89.5385 ServingRSRP=-121.551 BackhaulDlSnr=-999 BackhaulUlSnr=-999
UAV_AUTONOMY_XAPP Time=194.5 DeploymentMode=tn-uav-satellite UavIndex=0 UavCellId=5 BestDonorCellId=3 BestDonorDistanceM=5047 XhaulConnected=1 XhaulChannelVariationDb=0.70707 RawXhaulState=UNREACHABLE RawXhaulStateAgeSec=190 XhaulState=UNREACHABLE DonorUnavailableActive=0 SatBackhaulHealthy=1 UavSwitchingXappAvailable=1 UavSwitchingXappState=ACTIVE AiPredictedBackhaulMode=RULE_BASED BackhaulMode=SATELLITE_FALLBACK RicControlState=NEAR_RT_RIC_SWITCHING_TO_SATELLITE_BACKHAUL ActiveUavRic=TN_NEAR_RT_RIC NormalUeHandoverAllowed=1 UavMode=NEAR_RT_RIC_EMERGENCY_SWITCHING_WITH_SATELLITE_BACKHAUL
UAV_AUTONOMY_XAPP Time=194.5 DeploymentMode=tn-uav-satellite UavIndex=1 UavCellId=6 BestDonorCellId=4 BestDonorDistanceM=4015.79 XhaulConnected=1 XhaulChannelVariationDb=-0.163652 RawXhaulState=UNREACHABLE RawXhaulStateAgeSec=168 XhaulState=UNREACHABLE DonorUnavailableActive=0 SatBackhaulHealthy=1 UavSwitchingXappAvailable=1 UavSwitchingXappState=ACTIVE AiPredictedBackhaulMode=RULE_BASED BackhaulMode=SATELLITE_FALLBACK RicControlState=NEAR_RT_RIC_SWITCHING_TO_SATELLITE_BACKHAUL ActiveUavRic=TN_NEAR_RT_RIC NormalUeHandoverAllowed=1 UavMode=NEAR_RT_RIC_EMERGENCY_SWITCHING_WITH_SATELLITE_BACKHAUL
UAV_AUTONOMY_XAPP Time=194.5 DeploymentMode=tn-uav-satellite UavIndex=2 UavCellId=7 BestDonorCellId=4 BestDonorDistanceM=3145.32 XhaulConnected=1 XhaulChannelVariationDb=1.37028 RawXhaulState=UNREACHABLE RawXhaulStateAgeSec=174 XhaulState=UNREACHABLE DonorUnavailableActive=0 SatBackhaulHealthy=1 UavSwitchingXappAvailable=1 UavSwitchingXappState=ACTIVE AiPredictedBackhaulMode=RULE_BASED BackhaulMode=SATELLITE_FALLBACK RicControlState=NEAR_RT_RIC_SWITCHING_TO_SATELLITE_BACKHAUL ActiveUavRic=TN_NEAR_RT_RIC NormalUeHandoverAllowed=1 UavMode=NEAR_RT_RIC_EMERGENCY_SWITCHING_WITH_SATELLITE_BACKHAUL
---- LOAD at t=194.5 ----
  cell 1 (TN) load=12/20
  cell 2 (TN) load=16/20
  cell 3 (TN) load=17/20
  cell 4 (TN) load=12/20
  cell 5 (NTN) load=15/15
  cell 6 (NTN) load=15/15
  cell 7 (NTN) load=13/15
UE 9 TTT_WAIT target=2 elapsed=0s need=2s
UE 13 TTT_WAIT target=1 elapsed=0s need=2s
LM HO_FAIL_LOW_RSRP UE=14 currCell=2 candCell=4 candRsrp=-118.415 < min=-110
UE 15 TTT_WAIT target=3 elapsed=0s need=2s
UE 18 TTT_WAIT target=3 elapsed=0s need=2s
UE 21 TTT_WAIT target=2 elapsed=0s need=2s
UE 24 TTT_WAIT target=4 elapsed=0s need=2s
LM HO_FAIL_LOW_RSRP UE=26 currCell=3 candCell=4 candRsrp=-114.201 < min=-110
LM HO_FAIL_LOW_RSRP UE=27 currCell=2 candCell=7 candRsrp=-141.208 < min=-110
UE 29 TTT_WAIT target=2 elapsed=0s need=2s
LM HO_FAIL_LOW_RSRP UE=34 currCell=3 candCell=7 candRsrp=-142.817 < min=-110
LM HO_FAIL_LOW_RSRP UE=35 currCell=3 candCell=1 candRsrp=-123.902 < min=-110
UE 37 TTT_WAIT target=3 elapsed=0s need=2s
UE 39 TTT_WAIT target=2 elapsed=0s need=2s
UE 41 TTT_WAIT target=7 elapsed=0s need=2s
LM HO_FAIL_LOW_RSRP UE=42 currCell=4 candCell=2 candRsrp=-115.057 < min=-110
UE 43 TTT_WAIT target=3 elapsed=0s need=2s
UE 44 TTT_WAIT target=1 elapsed=0s need=2s
LM HO_FAIL_LOW_RSRP UE=46 currCell=4 candCell=1 candRsrp=-119.421 < min=-110
LM HO_FAIL_LOW_RSRP UE=48 currCell=2 candCell=1 candRsrp=-110.433 < min=-110
UE 49 TTT_WAIT target=2 elapsed=0s need=2s
UE 55 TTT_WAIT target=3 elapsed=0s need=2s
LM HO_FAIL_LOW_RSRP UE=57 currCell=3 candCell=7 candRsrp=-145.803 < min=-110
LM HO_FAIL_LOW_RSRP UE=58 currCell=2 candCell=3 candRsrp=-121.814 < min=-110
LM HO_FAIL_LOW_RSRP UE=60 currCell=3 candCell=7 candRsrp=-129.461 < min=-110
UE 64 TTT_WAIT target=1 elapsed=0s need=2s
LM HO UE=66 rnti=154 3->2 type=TN servingRsrp=-120.7 targetRsrp=-101.737 targetLoadReal=16/20 targetLoadEff=16/20
LM HO_FAIL_LOW_RSRP UE=67 currCell=3 candCell=7 candRsrp=-145.795 < min=-110
LM HO UE=70 rnti=155 3->2 type=TN servingRsrp=-130.326 targetRsrp=-79.2207 targetLoadReal=16/20 targetLoadEff=17/20
LM HO_FAIL_LOW_RSRP UE=77 currCell=4 candCell=7 candRsrp=-128.388 < min=-110
LM HO UE=78 rnti=145 1->2 type=TN servingRsrp=-107.627 targetRsrp=-105.409 targetLoadReal=16/20 targetLoadEff=18/20
LM HO_FAIL_LOW_RSRP UE=84 currCell=4 candCell=2 candRsrp=-118.847 < min=-110
UE 85 TTT_WAIT target=4 elapsed=0s need=2s
UE 86 TTT_WAIT target=1 elapsed=0s need=2s
UE 113 TTT_WAIT target=3 elapsed=0s need=2s
TRACE HO_SUCCESS Time=194.615 IMSI=77 TargetCell=2 Type=TN TargetRSRP=-105.397 ServingRSRP=-99.9673 BackhaulDlSnr=-999 BackhaulUlSnr=-999
TRACE HO_SUCCESS Time=194.615 IMSI=65 TargetCell=2 Type=TN TargetRSRP=-113.21 ServingRSRP=-113.39 BackhaulDlSnr=-999 BackhaulUlSnr=-999
TRACE HO_SUCCESS Time=194.615 IMSI=69 TargetCell=2 Type=TN TargetRSRP=-119.198 ServingRSRP=-93.0604 BackhaulDlSnr=-999 BackhaulUlSnr=-999
UAV_AUTONOMY_XAPP Time=196.5 DeploymentMode=tn-uav-satellite UavIndex=0 UavCellId=5 BestDonorCellId=1 BestDonorDistanceM=4956.01 XhaulConnected=1 XhaulChannelVariationDb=0.067683 RawXhaulState=UNREACHABLE RawXhaulStateAgeSec=192 XhaulState=UNREACHABLE DonorUnavailableActive=0 SatBackhaulHealthy=1 UavSwitchingXappAvailable=1 UavSwitchingXappState=ACTIVE AiPredictedBackhaulMode=RULE_BASED BackhaulMode=SATELLITE_FALLBACK RicControlState=NEAR_RT_RIC_SWITCHING_TO_SATELLITE_BACKHAUL ActiveUavRic=TN_NEAR_RT_RIC NormalUeHandoverAllowed=1 UavMode=NEAR_RT_RIC_EMERGENCY_SWITCHING_WITH_SATELLITE_BACKHAUL
UAV_AUTONOMY_XAPP Time=196.5 DeploymentMode=tn-uav-satellite UavIndex=1 UavCellId=6 BestDonorCellId=4 BestDonorDistanceM=4015.79 XhaulConnected=1 XhaulChannelVariationDb=-4.19081 RawXhaulState=UNREACHABLE RawXhaulStateAgeSec=170 XhaulState=UNREACHABLE DonorUnavailableActive=0 SatBackhaulHealthy=1 UavSwitchingXappAvailable=1 UavSwitchingXappState=ACTIVE AiPredictedBackhaulMode=RULE_BASED BackhaulMode=SATELLITE_FALLBACK RicControlState=NEAR_RT_RIC_SWITCHING_TO_SATELLITE_BACKHAUL ActiveUavRic=TN_NEAR_RT_RIC NormalUeHandoverAllowed=1 UavMode=NEAR_RT_RIC_EMERGENCY_SWITCHING_WITH_SATELLITE_BACKHAUL
UAV_AUTONOMY_XAPP Time=196.5 DeploymentMode=tn-uav-satellite UavIndex=2 UavCellId=7 BestDonorCellId=4 BestDonorDistanceM=3075.68 XhaulConnected=1 XhaulChannelVariationDb=-2.14307 RawXhaulState=UNREACHABLE RawXhaulStateAgeSec=176 XhaulState=UNREACHABLE DonorUnavailableActive=0 SatBackhaulHealthy=1 UavSwitchingXappAvailable=1 UavSwitchingXappState=ACTIVE AiPredictedBackhaulMode=RULE_BASED BackhaulMode=SATELLITE_FALLBACK RicControlState=NEAR_RT_RIC_SWITCHING_TO_SATELLITE_BACKHAUL ActiveUavRic=TN_NEAR_RT_RIC NormalUeHandoverAllowed=1 UavMode=NEAR_RT_RIC_EMERGENCY_SWITCHING_WITH_SATELLITE_BACKHAUL
---- LOAD at t=196.5 ----
  cell 1 (TN) load=11/20
  cell 2 (TN) load=19/20
  cell 3 (TN) load=15/20
  cell 4 (TN) load=12/20
  cell 5 (NTN) load=15/15
  cell 6 (NTN) load=15/15
  cell 7 (NTN) load=13/15
UE 9 TTT_WAIT target=3 elapsed=0s need=2s
LM HO_FAIL_LOW_RSRP UE=14 currCell=2 candCell=7 candRsrp=-151.103 < min=-110
LM HO UE=18 rnti=133 2->3 type=TN servingRsrp=-117.016 targetRsrp=-77.4159 targetLoadReal=15/20 targetLoadEff=15/20
LM HO_FAIL_LOW_RSRP UE=19 currCell=3 candCell=7 candRsrp=-142.612 < min=-110
LM HO_FAIL_LOW_RSRP UE=21 currCell=4 candCell=7 candRsrp=-134.024 < min=-110
UE 23 TTT_WAIT target=1 elapsed=0s need=2s
UE 24 TTT_WAIT target=2 elapsed=0s need=2s
UE 26 TTT_WAIT target=4 elapsed=0s need=2s
UE 28 TTT_WAIT target=3 elapsed=0s need=2s
UE 29 TTT_WAIT target=3 elapsed=0s need=2s
LM HO_FAIL_LOW_RSRP UE=30 currCell=1 candCell=3 candRsrp=-121.922 < min=-110
LM HO_FAIL_LOW_RSRP UE=32 currCell=4 candCell=7 candRsrp=-126.791 < min=-110
LM HO_FAIL_LOW_RSRP UE=33 currCell=2 candCell=7 candRsrp=-130.252 < min=-110
LM HO_FAIL_LOW_RSRP UE=34 currCell=3 candCell=4 candRsrp=-125.581 < min=-110
UE 35 TTT_WAIT target=1 elapsed=0s need=2s
LM HO_FAIL_LOW_RSRP UE=42 currCell=4 candCell=7 candRsrp=-147.527 < min=-110
LM HO UE=43 rnti=128 2->3 type=TN servingRsrp=-100.889 targetRsrp=-76.3227 targetLoadReal=15/20 targetLoadEff=16/20
UE 46 TTT_WAIT target=1 elapsed=0s need=2s
UE 53 TTT_WAIT target=1 elapsed=0s need=2s
UE 56 TTT_WAIT target=1 elapsed=0s need=2s
UE 58 TTT_WAIT target=3 elapsed=0s need=2s
LM HO_FAIL_LOW_RSRP UE=60 currCell=3 candCell=7 candRsrp=-147.998 < min=-110
UE 65 TTT_WAIT target=3 elapsed=0s need=2s
UE 66 TTT_WAIT target=3 elapsed=0s need=2s
LM HO_FAIL_LOW_RSRP UE=67 currCell=3 candCell=7 candRsrp=-147.197 < min=-110
UE 70 TTT_WAIT target=1 elapsed=0s need=2s
LM HO_FAIL_LOW_RSRP UE=77 currCell=4 candCell=7 candRsrp=-122.966 < min=-110
UE 78 TTT_WAIT target=3 elapsed=0s need=2s
LM HO_FAIL_LOW_RSRP UE=79 currCell=1 candCell=4 candRsrp=-112.545 < min=-110
UE 80 TTT_WAIT target=4 elapsed=0s need=2s
LM HO_FAIL_LOW_RSRP UE=82 currCell=3 candCell=2 candRsrp=-121.295 < min=-110
LM HO_FAIL_LOW_RSRP UE=84 currCell=4 candCell=2 candRsrp=-117.438 < min=-110
UE 85 TTT_WAIT target=7 elapsed=0s need=2s
UE 109 TTT_WAIT target=1 elapsed=0s need=2s
UE 113 TTT_WAIT target=1 elapsed=0s need=2s
UE 114 TTT_WAIT target=1 elapsed=0s need=2s
UE 120 TTT_WAIT target=1 elapsed=0s need=2s
UE 126 TTT_WAIT target=3 elapsed=0s need=2s
TRACE HO_SUCCESS Time=196.615 IMSI=42 TargetCell=3 Type=TN TargetRSRP=-120.468 ServingRSRP=-95.152 BackhaulDlSnr=-999 BackhaulUlSnr=-999
TRACE HO_SUCCESS Time=196.615 IMSI=17 TargetCell=3 Type=TN TargetRSRP=-79.2761 ServingRSRP=-96.8824 BackhaulDlSnr=-999 BackhaulUlSnr=-999
UAV_AUTONOMY_XAPP Time=198.5 DeploymentMode=tn-uav-satellite UavIndex=0 UavCellId=5 BestDonorCellId=1 BestDonorDistanceM=4956.01 XhaulConnected=1 XhaulChannelVariationDb=0.328669 RawXhaulState=UNREACHABLE RawXhaulStateAgeSec=194 XhaulState=UNREACHABLE DonorUnavailableActive=0 SatBackhaulHealthy=1 UavSwitchingXappAvailable=1 UavSwitchingXappState=ACTIVE AiPredictedBackhaulMode=RULE_BASED BackhaulMode=SATELLITE_FALLBACK RicControlState=NEAR_RT_RIC_SWITCHING_TO_SATELLITE_BACKHAUL ActiveUavRic=TN_NEAR_RT_RIC NormalUeHandoverAllowed=1 UavMode=NEAR_RT_RIC_EMERGENCY_SWITCHING_WITH_SATELLITE_BACKHAUL
UAV_AUTONOMY_XAPP Time=198.5 DeploymentMode=tn-uav-satellite UavIndex=1 UavCellId=6 BestDonorCellId=4 BestDonorDistanceM=4015.79 XhaulConnected=1 XhaulChannelVariationDb=-4.548 RawXhaulState=UNREACHABLE RawXhaulStateAgeSec=172 XhaulState=UNREACHABLE DonorUnavailableActive=0 SatBackhaulHealthy=1 UavSwitchingXappAvailable=1 UavSwitchingXappState=ACTIVE AiPredictedBackhaulMode=RULE_BASED BackhaulMode=SATELLITE_FALLBACK RicControlState=NEAR_RT_RIC_SWITCHING_TO_SATELLITE_BACKHAUL ActiveUavRic=TN_NEAR_RT_RIC NormalUeHandoverAllowed=1 UavMode=NEAR_RT_RIC_EMERGENCY_SWITCHING_WITH_SATELLITE_BACKHAUL
UAV_AUTONOMY_XAPP Time=198.5 DeploymentMode=tn-uav-satellite UavIndex=2 UavCellId=7 BestDonorCellId=4 BestDonorDistanceM=3006.03 XhaulConnected=1 XhaulChannelVariationDb=2.27564 RawXhaulState=UNREACHABLE RawXhaulStateAgeSec=178 XhaulState=UNREACHABLE DonorUnavailableActive=0 SatBackhaulHealthy=1 UavSwitchingXappAvailable=1 UavSwitchingXappState=ACTIVE AiPredictedBackhaulMode=RULE_BASED BackhaulMode=SATELLITE_FALLBACK RicControlState=NEAR_RT_RIC_SWITCHING_TO_SATELLITE_BACKHAUL ActiveUavRic=TN_NEAR_RT_RIC NormalUeHandoverAllowed=1 UavMode=NEAR_RT_RIC_EMERGENCY_SWITCHING_WITH_SATELLITE_BACKHAUL
---- LOAD at t=198.5 ----
  cell 1 (TN) load=11/20
  cell 2 (TN) load=17/20
  cell 3 (TN) load=17/20
  cell 4 (TN) load=12/20
  cell 5 (NTN) load=15/15
  cell 6 (NTN) load=15/15
  cell 7 (NTN) load=13/15
UE 14 TTT_WAIT target=4 elapsed=0s need=2s
UE 15 TTT_WAIT target=3 elapsed=0s need=2s
LM HO_FAIL_LOW_RSRP UE=18 currCell=3 candCell=7 candRsrp=-113.147 < min=-110
UE 21 TTT_WAIT target=2 elapsed=0s need=2s
UE 23 TTT_WAIT target=3 elapsed=0s need=2s
UE 24 TTT_WAIT target=4 elapsed=0s need=2s
UE 26 TTT_WAIT target=7 elapsed=0s need=2s
LM HO_FAIL_LOW_RSRP UE=27 currCell=2 candCell=7 candRsrp=-134.854 < min=-110
UE 29 TTT_WAIT target=2 elapsed=0s need=2s
UE 30 TTT_WAIT target=3 elapsed=0s need=2s
LM HO_FAIL_LOW_RSRP UE=32 currCell=4 candCell=7 candRsrp=-135.887 < min=-110
UE 33 TTT_WAIT target=4 elapsed=0s need=2s
LM HO_FAIL_LOW_RSRP UE=34 currCell=3 candCell=1 candRsrp=-123.079 < min=-110
UE 35 TTT_WAIT target=2 elapsed=0s need=2s
UE 41 TTT_WAIT target=7 elapsed=0s need=2s
LM HO_FAIL_LOW_RSRP UE=42 currCell=4 candCell=2 candRsrp=-125.459 < min=-110
UE 43 TTT_WAIT target=1 elapsed=0s need=2s
UE 44 TTT_WAIT target=2 elapsed=0s need=2s
UE 45 TTT_WAIT target=1 elapsed=0s need=2s
LM HO_FAIL_LOW_RSRP UE=46 currCell=4 candCell=1 candRsrp=-115.58 < min=-110
UE 48 TTT_WAIT target=4 elapsed=0s need=2s
UE 49 TTT_WAIT target=2 elapsed=0s need=2s
UE 54 TTT_WAIT target=2 elapsed=0s need=2s
LM HO_FAIL_LOW_RSRP UE=57 currCell=3 candCell=7 candRsrp=-146.778 < min=-110
UE 60 TTT_WAIT target=4 elapsed=0s need=2s
UE 64 TTT_WAIT target=4 elapsed=0s need=2s
UE 65 TTT_WAIT target=4 elapsed=0s need=2s
LM HO_FAIL_LOW_RSRP UE=66 currCell=2 candCell=1 candRsrp=-110.035 < min=-110
LM HO_FAIL_LOW_RSRP UE=67 currCell=3 candCell=7 candRsrp=-146.683 < min=-110
UE 69 TTT_WAIT target=2 elapsed=0s need=2s
LM HO_FAIL_LOW_RSRP UE=70 currCell=2 candCell=7 candRsrp=-148.636 < min=-110
UE 72 TTT_WAIT target=2 elapsed=0s need=2s
UE 74 TTT_WAIT target=2 elapsed=0s need=2s
LM HO_FAIL_LOW_RSRP UE=77 currCell=4 candCell=7 candRsrp=-133.503 < min=-110
UE 79 TTT_WAIT target=2 elapsed=0s need=2s
UE 80 TTT_WAIT target=1 elapsed=0s need=2s
UE 82 TTT_WAIT target=2 elapsed=0s need=2s
UE 84 TTT_WAIT target=3 elapsed=0s need=2s
UE 85 TTT_WAIT target=4 elapsed=0s need=2s
UE 87 TTT_WAIT target=2 elapsed=0s need=2s
UE 102 TTT_WAIT target=1 elapsed=0s need=2s
UE 108 TTT_WAIT target=4 elapsed=0s need=2s
UE 111 TTT_WAIT target=1 elapsed=0s need=2s
LM HO_FAIL_LOW_RSRP UE=116 currCell=6 candCell=7 candRsrp=-112.207 < min=-110
