Time,UE,Dir,Delay,Jitter,Throughput,PDR
4,0,DL,0,0,0,0
4,0,UL,0,0,0,0
4,1,DL,0,0,0,0
4,1,UL,0,0,0,0
4,2,DL,0,0,0,0
4,2,UL,0,0,0,0
4,3,DL,0,0,0,0
4,3,UL,0,0,0,0
4,4,DL,0,0,0,0
4,4,UL,0,0,0,0
4,5,DL,0,0,0,0
4,5,UL,0,0,0,0
4,6,DL,0,0,0,0
4,6,UL,0,0,0,0
4,7,DL,0,0,0,0
4,7,UL,0,0,0,0
4,8,DL,0,0,0,0
4,8,UL,0,0,0,0
4,9,DL,0,0,0,0
4,9,UL,0,0,0,0
4,10,DL,0,0,0,0
4,10,UL,0,0,0,0
4,11,DL,0,0,0,0
4,11,UL,0,0,0,0
4,12,DL,0,0,0,0
4,12,UL,0,0,0,0
4,13,DL,0,0,0,0
4,13,UL,0,0,0,0
4,14,DL,0,0,0,0
4,14,UL,0,0,0,0
4,15,DL,0,0,0,0
4,15,UL,0,0,0,0
4,16,DL,0,0,0,0
4,16,UL,0,0,0,0
4,17,DL,0,0,0,0
4,17,UL,0,0,0,0
4,18,DL,0,0,0,0
4,18,UL,0,0,0,0
4,19,DL,0,0,0,0
4,19,UL,0,0,0,0
4,20,DL,0,0,0,0
4,20,UL,0,0,0,0
4,21,DL,0,0,0,0
4,21,UL,0,0,0,0
4,22,DL,0,0,0,0
4,22,UL,0,0,0,0
4,23,DL,0,0,0,0
4,23,UL,0,0,0,0
4,24,DL,0,0,0,0
4,24,UL,0,0,0,0
4,25,DL,0,0,0,0
4,25,UL,0,0,0,0
4,26,DL,0,0,0,0
4,26,UL,0,0,0,0
4,27,DL,0,0,0,0
4,27,UL,0,0,0,0
4,28,DL,0,0,0,0
4,28,UL,0,0,0,0
4,29,DL,0,0,0,0
4,29,UL,0,0,0,0
4,30,DL,0,0,0,0
4,30,UL,0,0,0,0
4,31,DL,0,0,0,0
4,31,UL,0,0,0,0
4,32,DL,0,0,0,0
4,32,UL,0,0,0,0
4,33,DL,0,0,0,0
4,33,UL,0,0,0,0
4,34,DL,0,0,0,0
4,34,UL,0,0,0,0
4,35,DL,0,0,0,0
4,35,UL,0,0,0,0
4,36,DL,0,0,0,0
4,36,UL,0,0,0,0
4,37,DL,0,0,0,0
4,37,UL,0,0,0,0
4,38,DL,0,0,0,0
4,38,UL,0,0,0,0
4,39,DL,0,0,0,0
4,39,UL,0,0,0,0
4,40,DL,0,0,0,0
4,40,UL,0,0,0,0
4,41,DL,0,0,0,0
4,41,UL,0,0,0,0
4,42,DL,0,0,0,0
4,42,UL,0,0,0,0
4,43,DL,0,0,0,0
4,43,UL,0,0,0,0
4,44,DL,0,0,0,0
4,44,UL,0,0,0,0
4,45,DL,0,0,0,0
4,45,UL,0,0,0,0
4,46,DL,0,0,0,0
4,46,UL,0,0,0,0
4,47,DL,0,0,0,0
4,47,UL,0,0,0,0
4,48,DL,0,0,0,0
4,48,UL,0,0,0,0
4,49,DL,0,0,0,0
4,49,UL,0,0,0,0
4,50,DL,0,0,0,0
4,50,UL,0,0,0,0
4,51,DL,0,0,0,0
4,51,UL,0,0,0,0
4,52,DL,0,0,0,0
4,52,UL,0,0,0,0
4,53,DL,0,0,0,0
4,53,UL,0,0,0,0
4,54,DL,0,0,0,0
4,54,UL,0,0,0,0
4,55,DL,0,0,0,0
4,55,UL,0,0,0,0
4,56,DL,0,0,0,0
4,56,UL,0,0,0,0
4,57,DL,0,0,0,0
4,57,UL,0,0,0,0
4,58,DL,0,0,0,0
4,58,UL,0,0,0,0
4,59,DL,0,0,0,0
4,59,UL,0,0,0,0
4,60,DL,0,0,0,0
4,60,UL,0,0,0,0
4,61,DL,0,0,0,0
4,61,UL,0,0,0,0
4,62,DL,0,0,0,0
4,62,UL,0,0,0,0
4,63,DL,0,0,0,0
4,63,UL,0,0,0,0
4,64,DL,0,0,0,0
4,64,UL,0,0,0,0
4,65,DL,0,0,0,0
4,65,UL,0,0,0,0
4,66,DL,0,0,0,0
4,66,UL,0,0,0,0
4,67,DL,0,0,0,0
4,67,UL,0,0,0,0
4,68,DL,0,0,0,0
4,68,UL,0,0,0,0
4,69,DL,0,0,0,0
4,69,UL,0,0,0,0
4,70,DL,0,0,0,0
4,70,UL,0,0,0,0
4,71,DL,0,0,0,0
4,71,UL,0,0,0,0
4,72,DL,0,0,0,0
4,72,UL,0,0,0,0
4,73,DL,0,0,0,0
4,73,UL,0,0,0,0
4,74,DL,0,0,0,0
4,74,UL,0,0,0,0
4,75,DL,0,0,0,0
4,75,UL,0,0,0,0
4,76,DL,0,0,0,0
4,76,UL,0,0,0,0
4,77,DL,0,0,0,0
4,77,UL,0,0,0,0
4,78,DL,0,0,0,0
4,78,UL,0,0,0,0
4,79,DL,0,0,0,0
4,79,UL,0,0,0,0
6,0,DL,0,0,0,0
6,0,UL,0,0,0,0
6,1,DL,0.0447,0.0214,0.0196075,10
6,1,UL,0,0,0,0
6,2,DL,0,0,0,0
6,2,UL,0,0,0,0
6,3,DL,0,0,0,0
6,3,UL,0,0,0,0
6,4,DL,0,0,0,0
6,4,UL,0,0,0,0
6,5,DL,0,0,0,0
6,5,UL,0,0,0,0
6,6,DL,0,0,0,0
6,6,UL,0,0,0,0
6,7,DL,0.0572316,0.0379211,0.149017,76
6,7,UL,0,0,0,0
6,8,DL,0,0,0,0
6,8,UL,0,0,0,0
6,9,DL,0,0,0,0
6,9,UL,0,0,0,0
6,10,DL,0,0,0,0
6,10,UL,0,0,0,0
6,11,DL,0,0,0,0
6,11,UL,0,0,0,0
6,12,DL,0,0,0,0
6,12,UL,0,0,0,0
6,13,DL,0,0,0,0
6,13,UL,0,0,0,0
6,14,DL,0,0,0,0
6,14,UL,0,0,0,0
6,15,DL,0.02474,0.02476,0.196075,100
6,15,UL,0.0380304,0,0.00392151,10
6,16,DL,0,0,0,0
6,16,UL,0,0,0,0
6,17,DL,0,0,0,0
6,17,UL,0,0,0,0
6,18,DL,0.598319,0.0779375,0.125488,64
6,18,UL,0,0,0,0
6,19,DL,0,0,0,0
6,19,UL,0,0,0,0
6,20,DL,0,0,0,0
6,20,UL,0,0,0,0
6,21,DL,0,0,0,0
6,21,UL,0,0,0,0
6,22,DL,0,0,0,0
6,22,UL,0,0,0,0
6,23,DL,0,0,0,0
6,23,UL,0,0,0,0
6,24,DL,0,0,0,0
6,24,UL,0,0,0,0
6,25,DL,0,0,0,0
6,25,UL,0,0,0,0
6,26,DL,0,0,0,0
6,26,UL,0,0,0,0
6,27,DL,0,0,0,0
6,27,UL,0,0,0,0
6,28,DL,0,0,0,0
6,28,UL,0,0,0,0
6,29,DL,0,0,0,0
6,29,UL,0,0,0,0
6,30,DL,0,0,0,0
6,30,UL,0,0,0,0
6,31,DL,0,0,0,0
6,31,UL,0,0,0,0
6,32,DL,0,0,0,0
6,32,UL,0,0,0,0
6,33,DL,0.00949999,0.0054,0.0196075,10
6,33,UL,0,0,0,0
6,34,DL,0,0,0,0
6,34,UL,0,0,0,0
6,35,DL,0.0208347,0.0156531,0.192154,98
6,35,UL,0.0380321,0,0.00784302,20
6,36,DL,0,0,0,0
6,36,UL,0,0,0,0
6,37,DL,0,0,0,0
6,37,UL,0,0,0,0
6,38,DL,0.0141,0.0058,0.0196075,10
6,38,UL,0,0,0,0
6,39,DL,0,0,0,0
6,39,UL,0,0,0,0
6,40,DL,0.01166,0.01052,0.196075,100
6,40,UL,0.038031,8.56e-07,0.0196075,50
6,41,DL,0.0233609,0.0179348,0.180389,92
6,41,UL,0.0380309,2.85333e-07,0.0117645,30
6,42,DL,0,0,0,0
6,42,UL,0,0,0,0
6,43,DL,0,0,0,0
6,43,UL,0,0,0,0
6,44,DL,0,0,0,0
6,44,UL,0,0,0,0
6,45,DL,0,0,0,0
6,45,UL,0,0,0,0
6,46,DL,0,0,0,0
6,46,UL,0,0,0,0
6,47,DL,0,0,0,0
6,47,UL,0,0,0,0
6,48,DL,0.0151,0,0.00392151,2
6,48,UL,0,0,0,0
6,49,DL,0,0,0,0
6,49,UL,0,0,0,0
6,50,DL,0,0,0,0
6,50,UL,0,0,0,0
6,51,DL,0,0,0,0
6,51,UL,0,0,0,0
6,52,DL,0,0,0,0
6,52,UL,0,0,0,0
6,53,DL,0,0,0,0
6,53,UL,0,0,0,0
6,54,DL,0,0,0,0
6,54,UL,0,0,0,0
6,55,DL,0,0,0,0
6,55,UL,0,0,0,0
6,56,DL,0,0,0,0
6,56,UL,0,0,0,0
6,57,DL,0,0,0,0
6,57,UL,0,0,0,0
6,58,DL,0,0,0,0
6,58,UL,0,0,0,0
6,59,DL,0,0,0,0
6,59,UL,0,0,0,0
6,60,DL,0,0,0,0
6,60,UL,0,0,0,0
6,61,DL,0,0,0,0
6,61,UL,0,0,0,0
6,62,DL,0.0379571,0.0284286,0.192154,98
6,62,UL,0,0,0,0
6,63,DL,0.0653391,0.0354348,0.180389,92
6,63,UL,0,0,0,0
6,64,DL,0,0,0,0
6,64,UL,0,0,0,0
6,65,DL,0,0,0,0
6,65,UL,0,0,0,0
6,66,DL,0,0,0,0
6,66,UL,0,0,0,0
6,67,DL,0,0,0,0
6,67,UL,0,0,0,0
6,68,DL,0,0,0,0
6,68,UL,0,0,0,0
6,69,DL,0,0,0,0
6,69,UL,0,0,0,0
6,70,DL,0.034483,0.0296383,0.184311,94
6,70,UL,0,0,0,0
6,71,DL,0.0317667,0.0234167,0.0470581,24
6,71,UL,0,0,0,0
6,72,DL,0,0,0,0
6,72,UL,0,0,0,0
6,73,DL,0,0,0,0
6,73,UL,0,0,0,0
6,74,DL,0.0241,0,0.00392151,2
6,74,UL,0,0,0,0
6,75,DL,0,0,0,0
6,75,UL,0,0,0,0
6,76,DL,0.0384636,0.0219091,0.0431366,22
6,76,UL,0,0,0,0
6,77,DL,0,0,0,0
6,77,UL,0,0,0,0
6,78,DL,0,0,0,0
6,78,UL,0,0,0,0
6,79,DL,0,0,0,0
6,79,UL,0,0,0,0
8,0,DL,0,0,0,0
8,0,UL,0,0,0,0
8,1,DL,0,0,0,0
8,1,UL,0,0,0,0
8,2,DL,0,0,0,0
8,2,UL,0,0,0,0
8,3,DL,0,0,0,0
8,3,UL,0,0,0,0
8,4,DL,0,0,0,0
8,4,UL,0,0,0,0
8,5,DL,0,0,0,0
8,5,UL,0,0,0,0
8,6,DL,0.253865,0.0149412,0.0666656,34
8,6,UL,0,0,0,0
8,7,DL,0,0,0,0
8,7,UL,0,0,0,0
8,8,DL,0,0,0,0
8,8,UL,0,0,0,0
8,9,DL,0,0,0,0
8,9,UL,0,0,0,0
8,10,DL,0,0,0,0
8,10,UL,0,0,0,0
8,11,DL,0,0,0,0
8,11,UL,0,0,0,0
8,12,DL,0,0,0,0
8,12,UL,0,0,0,0
8,13,DL,0,0,0,0
8,13,UL,0,0,0,0
8,14,DL,0,0,0,0
8,14,UL,0,0,0,0
8,15,DL,0.04218,0.04544,0.196075,100
8,15,UL,0,0,0,0
8,16,DL,0,0,0,0
8,16,UL,0,0,0,0
8,17,DL,0,0,0,0
8,17,UL,0,0,0,0
8,18,DL,0,0,0,0
8,18,UL,0,0,0,0
8,19,DL,0,0,0,0
8,19,UL,0,0,0,0
8,20,DL,0,0,0,0
8,20,UL,0,0,0,0
8,21,DL,0,0,0,0
8,21,UL,0,0,0,0
8,22,DL,0,0,0,0
8,22,UL,0,0,0,0
8,23,DL,0,0,0,0
8,23,UL,0,0,0,0
8,24,DL,0.245933,0.0668333,0.117645,60
8,24,UL,0,0,0,0
8,25,DL,0,0,0,0
8,25,UL,0,0,0,0
8,26,DL,0,0,0,0
8,26,UL,0,0,0,0
8,27,DL,0,0,0,0
8,27,UL,0,0,0,0
8,28,DL,0,0,0,0
8,28,UL,0,0,0,0
8,29,DL,0,0,0,0
8,29,UL,0,0,0,0
8,30,DL,0,0,0,0
8,30,UL,0,0,0,0
8,31,DL,0,0,0,0
8,31,UL,0,0,0,0
8,32,DL,0,0,0,0
8,32,UL,0,0,0,0
8,33,DL,0,0,0,0
8,33,UL,0,0,0,0
8,34,DL,0,0,0,0
8,34,UL,0,0,0,0
8,35,DL,0.0431816,0.0472041,0.192154,98
8,35,UL,0,0,0,0
8,36,DL,0,0,0,0
8,36,UL,0,0,0,0
8,37,DL,0,0,0,0
8,37,UL,0,0,0,0
8,38,DL,0,0,0,0
8,38,UL,0,0,0,0
8,39,DL,0,0,0,0
8,39,UL,0,0,0,0
8,40,DL,0.0537667,0.0456905,0.164703,84
8,40,UL,0,0,0,0
8,41,DL,0.160779,0.0592075,0.20784,106
8,41,UL,0,0,0,0
8,42,DL,0,0,0,0
8,42,UL,0,0,0,0
8,43,DL,0,0,0,0
8,43,UL,0,0,0,0
8,44,DL,0,0,0,0
8,44,UL,0,0,0,0
8,45,DL,0,0,0,0
8,45,UL,0,0,0,0
8,46,DL,0,0,0,0
8,46,UL,0,0,0,0
8,47,DL,0,0,0,0
8,47,UL,0,0,0,0
8,48,DL,0,0,0,0
8,48,UL,0,0,0,0
8,49,DL,0,0,0,0
8,49,UL,0,0,0,0
8,50,DL,0,0,0,0
8,50,UL,0,0,0,0
8,51,DL,0,0,0,0
8,51,UL,0,0,0,0
8,52,DL,0,0,0,0
8,52,UL,0,0,0,0
8,53,DL,0,0,0,0
8,53,UL,0,0,0,0
8,54,DL,0,0,0,0
8,54,UL,0,0,0,0
8,55,DL,0,0,0,0
8,55,UL,0,0,0,0
8,56,DL,0,0,0,0
8,56,UL,0,0,0,0
8,57,DL,0,0,0,0
8,57,UL,0,0,0,0
8,58,DL,0,0,0,0
8,58,UL,0,0,0,0
8,59,DL,0,0,0,0
8,59,UL,0,0,0,0
8,60,DL,0,0,0,0
8,60,UL,0,0,0,0
8,61,DL,0,0,0,0
8,61,UL,0,0,0,0
8,62,DL,0.0321,0.0383333,0.0117645,6
8,62,UL,0,0,0,0
8,63,DL,0.0932765,0.0592353,0.0666656,34
8,63,UL,0,0,0,0
8,64,DL,0,0,0,0
8,64,UL,0,0,0,0
8,65,DL,0,0,0,0
8,65,UL,0,0,0,0
8,66,DL,0,0,0,0
8,66,UL,0,0,0,0
8,67,DL,0,0,0,0
8,67,UL,0,0,0,0
8,68,DL,0,0,0,0
8,68,UL,0,0,0,0
8,69,DL,0,0,0,0
8,69,UL,0,0,0,0
8,70,DL,0.132408,0.0640769,0.203918,104
8,70,UL,0,0,0,0
8,71,DL,0,0,0,0
8,71,UL,0,0,0,0
8,72,DL,0,0,0,0
8,72,UL,0,0,0,0
8,73,DL,0,0,0,0
8,73,UL,0,0,0,0
8,74,DL,0,0,0,0
8,74,UL,0,0,0,0
8,75,DL,0,0,0,0
8,75,UL,0,0,0,0
8,76,DL,0,0,0,0
8,76,UL,0,0,0,0
8,77,DL,0,0,0,0
8,77,UL,0,0,0,0
8,78,DL,0,0,0,0
8,78,UL,0,0,0,0
8,79,DL,0,0,0,0
8,79,UL,0,0,0,0
10,0,DL,0,0,0,0
10,0,UL,0,0,0,0
10,1,DL,0,0,0,0
10,1,UL,0,0,0,0
10,2,DL,0,0,0,0
10,2,UL,0,0,0,0
10,3,DL,0,0,0,0
10,3,UL,0,0,0,0
10,4,DL,0,0,0,0
10,4,UL,0,0,0,0
10,5,DL,0,0,0,0
10,5,UL,0,0,0,0
10,6,DL,0,0,0,0
10,6,UL,0,0,0,0
10,7,DL,0,0,0,0
10,7,UL,0,0,0,0
10,8,DL,0,0,0,0
10,8,UL,0,0,0,0
10,9,DL,0,0,0,0
10,9,UL,0,0,0,0
10,10,DL,0,0,0,0
10,10,UL,0,0,0,0
10,11,DL,0,0,0,0
10,11,UL,0,0,0,0
10,12,DL,0,0,0,0
10,12,UL,0,0,0,0
10,13,DL,0,0,0,0
10,13,UL,0,0,0,0
10,14,DL,0,0,0,0
10,14,UL,0,0,0,0
10,15,DL,0.0882196,0.0606304,0.180389,92
10,15,UL,0,0,0,0
10,16,DL,0,0,0,0
10,16,UL,0,0,0,0
10,17,DL,0,0,0,0
10,17,UL,0,0,0,0
10,18,DL,0,0,0,0
10,18,UL,0,0,0,0
10,19,DL,0,0,0,0
10,19,UL,0,0,0,0
10,20,DL,0,0,0,0
10,20,UL,0,0,0,0
10,21,DL,0,0,0,0
10,21,UL,0,0,0,0
10,22,DL,0,0,0,0
10,22,UL,0,0,0,0
10,23,DL,0,0,0,0
10,23,UL,0,0,0,0
10,24,DL,0,0,0,0
10,24,UL,0,0,0,0
10,25,DL,0,0,0,0
10,25,UL,0,0,0,0
10,26,DL,0,0,0,0
10,26,UL,0,0,0,0
10,27,DL,0,0,0,0
10,27,UL,0,0,0,0
10,28,DL,0,0,0,0
10,28,UL,0,0,0,0
10,29,DL,0,0,0,0
10,29,UL,0,0,0,0
10,30,DL,0,0,0,0
10,30,UL,0,0,0,0
10,31,DL,0,0,0,0
10,31,UL,0,0,0,0
10,32,DL,0,0,0,0
10,32,UL,0,0,0,0
10,33,DL,0.0531,0.049,0.00392151,2
10,33,UL,0,0,0,0
10,34,DL,0,0,0,0
10,34,UL,0,0,0,0
10,35,DL,0.0664,0.05658,0.196075,100
10,35,UL,0,0,0,0
10,36,DL,0,0,0,0
10,36,UL,0,0,0,0
10,37,DL,0,0,0,0
10,37,UL,0,0,0,0
10,38,DL,0,0,0,0
10,38,UL,0,0,0,0
10,39,DL,0,0,0,0
10,39,UL,0,0,0,0
10,40,DL,0,0,0,0
10,40,UL,0,0,0,0
10,41,DL,0.181282,0.0668636,0.172546,88
10,41,UL,0,0,0,0
10,42,DL,0,0,0,0
10,42,UL,0,0,0,0
10,43,DL,0,0,0,0
10,43,UL,0,0,0,0
10,44,DL,0,0,0,0
10,44,UL,0,0,0,0
10,45,DL,0,0,0,0
10,45,UL,0,0,0,0
10,46,DL,0,0,0,0
10,46,UL,0,0,0,0
10,47,DL,0,0,0,0
10,47,UL,0,0,0,0
10,48,DL,0,0,0,0
10,48,UL,0,0,0,0
10,49,DL,0,0,0,0
10,49,UL,0,0,0,0
10,50,DL,0,0,0,0
10,50,UL,0,0,0,0
10,51,DL,0,0,0,0
10,51,UL,0,0,0,0
10,52,DL,0,0,0,0
10,52,UL,0,0,0,0
10,53,DL,0,0,0,0
10,53,UL,0,0,0,0
10,54,DL,0,0,0,0
10,54,UL,0,0,0,0
10,55,DL,0,0,0,0
10,55,UL,0,0,0,0
10,56,DL,0,0,0,0
10,56,UL,0,0,0,0
10,57,DL,0,0,0,0
10,57,UL,0,0,0,0
10,58,DL,0,0,0,0
10,58,UL,0,0,0,0
10,59,DL,0,0,0,0
10,59,UL,0,0,0,0
10,60,DL,0,0,0,0
10,60,UL,0,0,0,0
10,61,DL,0,0,0,0
10,61,UL,0,0,0,0
10,62,DL,0,0,0,0
10,62,UL,0,0,0,0
10,63,DL,0,0,0,0
10,63,UL,0,0,0,0
10,64,DL,0,0,0,0
10,64,UL,0,0,0,0
10,65,DL,0,0,0,0
10,65,UL,0,0,0,0
10,66,DL,0,0,0,0
10,66,UL,0,0,0,0
10,67,DL,0,0,0,0
10,67,UL,0,0,0,0
10,68,DL,0,0,0,0
10,68,UL,0,0,0,0
10,69,DL,0,0,0,0
10,69,UL,0,0,0,0
10,70,DL,0,0,0,0
10,70,UL,0,0,0,0
10,71,DL,0,0,0,0
10,71,UL,0,0,0,0
10,72,DL,0,0,0,0
10,72,UL,0,0,0,0
10,73,DL,0,0,0,0
10,73,UL,0,0,0,0
10,74,DL,0,0,0,0
10,74,UL,0,0,0,0
10,75,DL,0,0,0,0
10,75,UL,0,0,0,0
10,76,DL,0,0,0,0
10,76,UL,0,0,0,0
10,77,DL,0,0,0,0
10,77,UL,0,0,0,0
10,78,DL,0,0,0,0
10,78,UL,0,0,0,0
10,79,DL,0,0,0,0
10,79,UL,0,0,0,0
12,0,DL,0,0,0,0
12,0,UL,0,0,0,0
12,1,DL,0,0,0,0
12,1,UL,0,0,0,0
12,2,DL,0,0,0,0
12,2,UL,0,0,0,0
12,3,DL,0,0,0,0
12,3,UL,0,0,0,0
12,4,DL,0,0,0,0
12,4,UL,0,0,0,0
12,5,DL,0,0,0,0
12,5,UL,0,0,0,0
12,6,DL,0,0,0,0
12,6,UL,0,0,0,0
12,7,DL,0,0,0,0
12,7,UL,0,0,0,0
12,8,DL,0,0,0,0
12,8,UL,0,0,0,0
12,9,DL,0,0,0,0
12,9,UL,0,0,0,0
12,10,DL,0,0,0,0
12,10,UL,0,0,0,0
12,11,DL,0,0,0,0
12,11,UL,0,0,0,0
12,12,DL,0,0,0,0
12,12,UL,0,0,0,0
12,13,DL,0,0,0,0
12,13,UL,0,0,0,0
12,14,DL,0,0,0,0
12,14,UL,0,0,0,0
12,15,DL,0.386993,0.0939952,0.117645,60
12,15,UL,0,0,0,0
12,16,DL,0,0,0,0
12,16,UL,0,0,0,0
12,17,DL,0,0,0,0
12,17,UL,0,0,0,0
12,18,DL,0,0,0,0
12,18,UL,0,0,0,0
12,19,DL,0,0,0,0
12,19,UL,0,0,0,0
12,20,DL,0,0,0,0
12,20,UL,0,0,0,0
12,21,DL,0,0,0,0
12,21,UL,0,0,0,0
12,22,DL,0,0,0,0
12,22,UL,0,0,0,0
12,23,DL,0,0,0,0
12,23,UL,0,0,0,0
12,24,DL,0,0,0,0
12,24,UL,0,0,0,0
12,25,DL,0,0,0,0
12,25,UL,0,0,0,0
12,26,DL,0,0,0,0
12,26,UL,0,0,0,0
12,27,DL,0,0,0,0
12,27,UL,0,0,0,0
12,28,DL,0,0,0,0
12,28,UL,0,0,0,0
12,29,DL,0,0,0,0
12,29,UL,0,0,0,0
12,30,DL,0,0,0,0
12,30,UL,0,0,0,0
12,31,DL,0,0,0,0
12,31,UL,0,0,0,0
12,32,DL,0,0,0,0
12,32,UL,0,0,0,0
12,33,DL,0,0,0,0
12,33,UL,0,0,0,0
12,34,DL,0,0,0,0
12,34,UL,0,0,0,0
12,35,DL,0.0889125,0.06125,0.188232,96
12,35,UL,0,0,0,0
12,36,DL,0,0,0,0
12,36,UL,0,0,0,0
12,37,DL,0,0,0,0
12,37,UL,0,0,0,0
12,38,DL,0,0,0,0
12,38,UL,0,0,0,0
12,39,DL,0,0,0,0
12,39,UL,0,0,0,0
12,40,DL,0,0,0,0
12,40,UL,0,0,0,0
12,41,DL,0.1491,0.0692917,0.0941162,48
12,41,UL,0,0,0,0
12,42,DL,0,0,0,0
12,42,UL,0,0,0,0
12,43,DL,0,0,0,0
12,43,UL,0,0,0,0
12,44,DL,0,0,0,0
12,44,UL,0,0,0,0
12,45,DL,0,0,0,0
12,45,UL,0,0,0,0
12,46,DL,0,0,0,0
12,46,UL,0,0,0,0
12,47,DL,0,0,0,0
12,47,UL,0,0,0,0
12,48,DL,0,0,0,0
12,48,UL,0,0,0,0
12,49,DL,0,0,0,0
12,49,UL,0,0,0,0
12,50,DL,0.2954,0.031225,0.15686,80
12,50,UL,0.26903,3.5714e-05,0.015686,33.3333
12,51,DL,0,0,0,0
12,51,UL,0,0,0,0
12,52,DL,0,0,0,0
12,52,UL,0,0,0,0
12,53,DL,0,0,0,0
12,53,UL,0,0,0,0
12,54,DL,0,0,0,0
12,54,UL,0,0,0,0
12,55,DL,0,0,0,0
12,55,UL,0,0,0,0
12,56,DL,0,0,0,0
12,56,UL,0,0,0,0
12,57,DL,0,0,0,0
12,57,UL,0,0,0,0
12,58,DL,0,0,0,0
12,58,UL,0,0,0,0
12,59,DL,0,0,0,0
12,59,UL,0,0,0,0
12,60,DL,0,0,0,0
12,60,UL,0,0,0,0
12,61,DL,0,0,0,0
12,61,UL,0,0,0,0
12,62,DL,0,0,0,0
12,62,UL,0,0,0,0
12,63,DL,0,0,0,0
12,63,UL,0,0,0,0
12,64,DL,0,0,0,0
12,64,UL,0,0,0,0
12,65,DL,0,0,0,0
12,65,UL,0,0,0,0
12,66,DL,0,0,0,0
12,66,UL,0,0,0,0
12,67,DL,0,0,0,0
12,67,UL,0,0,0,0
12,68,DL,0,0,0,0
12,68,UL,0,0,0,0
12,69,DL,0,0,0,0
12,69,UL,0,0,0,0
12,70,DL,0,0,0,0
12,70,UL,0,0,0,0
12,71,DL,0,0,0,0
12,71,UL,0,0,0,0
12,72,DL,0,0,0,0
12,72,UL,0,0,0,0
12,73,DL,0,0,0,0
12,73,UL,0,0,0,0
12,74,DL,0,0,0,0
12,74,UL,0,0,0,0
12,75,DL,0,0,0,0
12,75,UL,0,0,0,0
12,76,DL,0,0,0,0
12,76,UL,0,0,0,0
12,77,DL,0,0,0,0
12,77,UL,0,0,0,0
12,78,DL,0,0,0,0
12,78,UL,0,0,0,0
12,79,DL,0,0,0,0
12,79,UL,0,0,0,0
14,0,DL,0,0,0,0
14,0,UL,0,0,0,0
14,1,DL,0,0,0,0
14,1,UL,0,0,0,0
14,2,DL,0.0254,0.0246,0.0392151,20
14,2,UL,0,0,0,0
14,3,DL,0,0,0,0
14,3,UL,0,0,0,0
14,4,DL,0,0,0,0
14,4,UL,0,0,0,0
14,5,DL,0,0,0,0
14,5,UL,0,0,0,0
14,6,DL,0,0,0,0
14,6,UL,0,0,0,0
14,7,DL,0,0,0,0
14,7,UL,0,0,0,0
14,8,DL,0,0,0,0
14,8,UL,0,0,0,0
14,9,DL,0,0,0,0
14,9,UL,0,0,0,0
14,10,DL,0,0,0,0
14,10,UL,0,0,0,0
14,11,DL,0,0,0,0
14,11,UL,0,0,0,0
14,12,DL,0,0,0,0
14,12,UL,0,0,0,0
14,13,DL,0,0,0,0
14,13,UL,0,0,0,0
14,14,DL,0,0,0,0
14,14,UL,0,0,0,0
14,15,DL,0.604777,0.108258,0.121567,62
14,15,UL,0,0,0,0
14,16,DL,0,0,0,0
14,16,UL,0,0,0,0
14,17,DL,0,0,0,0
14,17,UL,0,0,0,0
14,18,DL,0,0,0,0
14,18,UL,0,0,0,0
14,19,DL,0,0,0,0
14,19,UL,0,0,0,0
14,20,DL,0,0,0,0
14,20,UL,0,0,0,0
14,21,DL,0,0,0,0
14,21,UL,0,0,0,0
14,22,DL,0,0,0,0
14,22,UL,0,0,0,0
14,23,DL,0,0,0,0
14,23,UL,0,0,0,0
14,24,DL,0,0,0,0
14,24,UL,0,0,0,0
14,25,DL,0.1761,0.1265,0.015686,8
14,25,UL,0,0,0,0
14,26,DL,0,0,0,0
14,26,UL,0,0,0,0
14,27,DL,0,0,0,0
14,27,UL,0,0,0,0
14,28,DL,0,0,0,0
14,28,UL,0,0,0,0
14,29,DL,0,0,0,0
14,29,UL,0,0,0,0
14,30,DL,0,0,0,0
14,30,UL,0,0,0,0
14,31,DL,0,0,0,0
14,31,UL,0,0,0,0
14,32,DL,0,0,0,0
14,32,UL,0,0,0,0
14,33,DL,0,0,0,0
14,33,UL,0,0,0,0
14,34,DL,0,0,0,0
14,34,UL,0,0,0,0
14,35,DL,0.132143,0.0656957,0.180389,92
14,35,UL,0,0,0,0
14,36,DL,0,0,0,0
14,36,UL,0,0,0,0
14,37,DL,0,0,0,0
14,37,UL,0,0,0,0
14,38,DL,0,0,0,0
14,38,UL,0,0,0,0
14,39,DL,0,0,0,0
14,39,UL,0,0,0,0
14,40,DL,0,0,0,0
14,40,UL,0,0,0,0
14,41,DL,0,0,0,0
14,41,UL,0,0,0,0
14,42,DL,0,0,0,0
14,42,UL,0,0,0,0
14,43,DL,0,0,0,0
14,43,UL,0,0,0,0
14,44,DL,0,0,0,0
14,44,UL,0,0,0,0
14,45,DL,0,0,0,0
14,45,UL,0,0,0,0
14,46,DL,0,0,0,0
14,46,UL,0,0,0,0
14,47,DL,0,0,0,0
14,47,UL,0,0,0,0
14,48,DL,0,0,0,0
14,48,UL,0,0,0,0
14,49,DL,0,0,0,0
14,49,UL,0,0,0,0
14,50,DL,0.463209,0.0596957,0.180389,92
14,50,UL,0,0,0,0
14,51,DL,0,0,0,0
14,51,UL,0,0,0,0
14,52,DL,0,0,0,0
14,52,UL,0,0,0,0
14,53,DL,0,0,0,0
14,53,UL,0,0,0,0
14,54,DL,0,0,0,0
14,54,UL,0,0,0,0
14,55,DL,0,0,0,0
14,55,UL,0,0,0,0
14,56,DL,0,0,0,0
14,56,UL,0,0,0,0
14,57,DL,0,0,0,0
14,57,UL,0,0,0,0
14,58,DL,0,0,0,0
14,58,UL,0,0,0,0
14,59,DL,0,0,0,0
14,59,UL,0,0,0,0
14,60,DL,0,0,0,0
14,60,UL,0,0,0,0
14,61,DL,0,0,0,0
14,61,UL,0,0,0,0
14,62,DL,0,0,0,0
14,62,UL,0,0,0,0
14,63,DL,0,0,0,0
14,63,UL,0,0,0,0
14,64,DL,0,0,0,0
14,64,UL,0,0,0,0
14,65,DL,0,0,0,0
14,65,UL,0,0,0,0
14,66,DL,0,0,0,0
14,66,UL,0,0,0,0
14,67,DL,0,0,0,0
14,67,UL,0,0,0,0
14,68,DL,0,0,0,0
14,68,UL,0,0,0,0
14,69,DL,0,0,0,0
14,69,UL,0,0,0,0
14,70,DL,0,0,0,0
14,70,UL,0,0,0,0
14,71,DL,0,0,0,0
14,71,UL,0,0,0,0
14,72,DL,0,0,0,0
14,72,UL,0,0,0,0
14,73,DL,0,0,0,0
14,73,UL,0,0,0,0
14,74,DL,0,0,0,0
14,74,UL,0,0,0,0
14,75,DL,0,0,0,0
14,75,UL,0,0,0,0
14,76,DL,0,0,0,0
14,76,UL,0,0,0,0
14,77,DL,0.0111,0,0.00392151,2
14,77,UL,0,0,0,0
14,78,DL,0,0,0,0
14,78,UL,0,0,0,0
14,79,DL,0,0,0,0
14,79,UL,0,0,0,0
16,0,DL,0,0,0,0
16,0,UL,0,0,0,0
16,1,DL,0,0,0,0
16,1,UL,0,0,0,0
16,2,DL,0,0,0,0
16,2,UL,0,0,0,0
16,3,DL,0,0,0,0
16,3,UL,0,0,0,0
16,4,DL,0,0,0,0
16,4,UL,0,0,0,0
16,5,DL,0,0,0,0
16,5,UL,0,0,0,0
16,6,DL,0,0,0,0
16,6,UL,0,0,0,0
16,7,DL,0,0,0,0
16,7,UL,0,0,0,0
16,8,DL,0,0,0,0
16,8,UL,0,0,0,0
16,9,DL,0,0,0,0
16,9,UL,0,0,0,0
16,10,DL,0,0,0,0
16,10,UL,0,0,0,0
16,11,DL,0,0,0,0
16,11,UL,0,0,0,0
16,12,DL,0,0,0,0
16,12,UL,0,0,0,0
16,13,DL,0,0,0,0
16,13,UL,0,0,0,0
16,14,DL,0,0,0,0
16,14,UL,0,0,0,0
16,15,DL,0.279441,0.08175,0.141174,72
16,15,UL,0,0,0,0
16,16,DL,0,0,0,0
16,16,UL,0,0,0,0
16,17,DL,0,0,0,0
16,17,UL,0,0,0,0
16,18,DL,0,0,0,0
16,18,UL,0,0,0,0
16,19,DL,0,0,0,0
16,19,UL,0,0,0,0
16,20,DL,0,0,0,0
16,20,UL,0,0,0,0
16,21,DL,0,0,0,0
16,21,UL,0,0,0,0
16,22,DL,0,0,0,0
16,22,UL,0,0,0,0
16,23,DL,0,0,0,0
16,23,UL,0,0,0,0
16,24,DL,0,0,0,0
16,24,UL,0,0,0,0
16,25,DL,0,0,0,0
16,25,UL,0,0,0,0
16,26,DL,0,0,0,0
16,26,UL,0,0,0,0
16,27,DL,0,0,0,0
16,27,UL,0,0,0,0
16,28,DL,0,0,0,0
16,28,UL,0,0,0,0
16,29,DL,0,0,0,0
16,29,UL,0,0,0,0
16,30,DL,0,0,0,0
16,30,UL,0,0,0,0
16,31,DL,0,0,0,0
16,31,UL,0,0,0,0
16,32,DL,0,0,0,0
16,32,UL,0,0,0,0
16,33,DL,0,0,0,0
16,33,UL,0,0,0,0
16,34,DL,0,0,0,0
16,34,UL,0,0,0,0
16,35,DL,0.165178,0.0711765,0.199997,102
16,35,UL,0,0,0,0
16,36,DL,0,0,0,0
16,36,UL,0,0,0,0
16,37,DL,0,0,0,0
16,37,UL,0,0,0,0
16,38,DL,0,0,0,0
16,38,UL,0,0,0,0
16,39,DL,0,0,0,0
16,39,UL,0,0,0,0
16,40,DL,0,0,0,0
16,40,UL,0,0,0,0
16,41,DL,0,0,0,0
16,41,UL,0,0,0,0
16,42,DL,0,0,0,0
16,42,UL,0,0,0,0
16,43,DL,0,0,0,0
16,43,UL,0,0,0,0
16,44,DL,0,0,0,0
16,44,UL,0,0,0,0
16,45,DL,0,0,0,0
16,45,UL,0,0,0,0
16,46,DL,0,0,0,0
16,46,UL,0,0,0,0
16,47,DL,0,0,0,0
16,47,UL,0,0,0,0
16,48,DL,0,0,0,0
16,48,UL,0,0,0,0
16,49,DL,0,0,0,0
16,49,UL,0,0,0,0
16,50,DL,0.351529,0.0311429,0.0274506,14
16,50,UL,0,0,0,0
16,51,DL,0,0,0,0
16,51,UL,0,0,0,0
16,52,DL,0,0,0,0
16,52,UL,0,0,0,0
16,53,DL,0,0,0,0
16,53,UL,0,0,0,0
16,54,DL,0,0,0,0
16,54,UL,0,0,0,0
16,55,DL,0,0,0,0
16,55,UL,0,0,0,0
16,56,DL,0,0,0,0
16,56,UL,0,0,0,0
16,57,DL,0,0,0,0
16,57,UL,0,0,0,0
16,58,DL,0,0,0,0
16,58,UL,0,0,0,0
16,59,DL,0,0,0,0
16,59,UL,0,0,0,0
16,60,DL,0,0,0,0
16,60,UL,0,0,0,0
16,61,DL,0,0,0,0
16,61,UL,0,0,0,0
16,62,DL,0,0,0,0
16,62,UL,0,0,0,0
16,63,DL,0,0,0,0
16,63,UL,0,0,0,0
16,64,DL,0,0,0,0
16,64,UL,0.269047,0,0.00392151,8.33333
16,65,DL,0,0,0,0
16,65,UL,0,0,0,0
16,66,DL,0,0,0,0
16,66,UL,0,0,0,0
16,67,DL,0,0,0,0
16,67,UL,0,0,0,0
16,68,DL,0,0,0,0
16,68,UL,0,0,0,0
16,69,DL,0,0,0,0
16,69,UL,0,0,0,0
16,70,DL,0,0,0,0
16,70,UL,0,0,0,0
16,71,DL,0,0,0,0
16,71,UL,0,0,0,0
16,72,DL,0,0,0,0
16,72,UL,0,0,0,0
16,73,DL,0,0,0,0
16,73,UL,0,0,0,0
16,74,DL,0,0,0,0
16,74,UL,0,0,0,0
16,75,DL,0,0,0,0
16,75,UL,0,0,0,0
16,76,DL,0,0,0,0
16,76,UL,0,0,0,0
16,77,DL,0,0,0,0
16,77,UL,0,0,0,0
16,78,DL,0,0,0,0
16,78,UL,0,0,0,0
16,79,DL,0,0,0,0
16,79,UL,0,0,0,0
18,0,DL,0,0,0,0
18,0,UL,0,0,0,0
18,1,DL,0,0,0,0
18,1,UL,0,0,0,0
18,2,DL,0,0,0,0
18,2,UL,0,0,0,0
18,3,DL,0,0,0,0
18,3,UL,0,0,0,0
18,4,DL,0,0,0,0
18,4,UL,0,0,0,0
18,5,DL,0,0,0,0
18,5,UL,0,0,0,0
18,6,DL,0,0,0,0
18,6,UL,0,0,0,0
18,7,DL,0,0,0,0
18,7,UL,0,0,0,0
18,8,DL,0,0,0,0
18,8,UL,0,0,0,0
18,9,DL,0,0,0,0
18,9,UL,0,0,0,0
18,10,DL,0,0,0,0
18,10,UL,0,0,0,0
18,11,DL,0,0,0,0
18,11,UL,0,0,0,0
18,12,DL,0.0111,0,0.00392151,2
18,12,UL,0,0,0,0
18,13,DL,0,0,0,0
18,13,UL,0,0,0,0
18,14,DL,0,0,0,0
18,14,UL,0,0,0,0
18,15,DL,0.531089,0.146857,0.0784302,40
18,15,UL,0,0,0,0
18,16,DL,0,0,0,0
18,16,UL,0,0,0,0
18,17,DL,0,0,0,0
18,17,UL,0,0,0,0
18,18,DL,0,0,0,0
18,18,UL,0,0,0,0
18,19,DL,0,0,0,0
18,19,UL,0,0,0,0
18,20,DL,0,0,0,0
18,20,UL,0,0,0,0
18,21,DL,0,0,0,0
18,21,UL,0,0,0,0
18,22,DL,0,0,0,0
18,22,UL,0,0,0,0
18,23,DL,0,0,0,0
18,23,UL,0,0,0,0
18,24,DL,0,0,0,0
18,24,UL,0,0,0,0
18,25,DL,0,0,0,0
18,25,UL,0,0,0,0
18,26,DL,0,0,0,0
18,26,UL,0,0,0,0
18,27,DL,0,0,0,0
18,27,UL,0,0,0,0
18,28,DL,0,0,0,0
18,28,UL,0,0,0,0
18,29,DL,0,0,0,0
18,29,UL,0,0,0,0
18,30,DL,0,0,0,0
18,30,UL,0,0,0,0
18,31,DL,0,0,0,0
18,31,UL,0,0,0,0
18,32,DL,0,0,0,0
18,32,UL,0,0,0,0
18,33,DL,0,0,0,0
18,33,UL,0,0,0,0
18,34,DL,0,0,0,0
18,34,UL,0,0,0,0
18,35,DL,0.521596,0.110345,0.0666656,34
18,35,UL,0,0,0,0
18,36,DL,0,0,0,0
18,36,UL,0,0,0,0
18,37,DL,0,0,0,0
18,37,UL,0,0,0,0
18,38,DL,0,0,0,0
18,38,UL,0,0,0,0
18,39,DL,0.0211,0,0.00392151,2
18,39,UL,0,0,0,0
18,40,DL,0,0,0,0
18,40,UL,0,0,0,0
18,41,DL,0,0,0,0
18,41,UL,0,0,0,0
18,42,DL,0,0,0,0
18,42,UL,0,0,0,0
18,43,DL,0,0,0,0
18,43,UL,0,0,0,0
18,44,DL,0,0,0,0
18,44,UL,0,0,0,0
18,45,DL,0,0,0,0
18,45,UL,0,0,0,0
18,46,DL,0,0,0,0
18,46,UL,0,0,0,0
18,47,DL,0.0111,0,0.00392151,2
18,47,UL,0,0,0,0
18,48,DL,0,0,0,0
18,48,UL,0,0,0,0
18,49,DL,0,0,0,0
18,49,UL,0,0,0,0
18,50,DL,0,0,0,0
18,50,UL,0,0,0,0
18,51,DL,0,0,0,0
18,51,UL,0,0,0,0
18,52,DL,0,0,0,0
18,52,UL,0,0,0,0
18,53,DL,0,0,0,0
18,53,UL,0,0,0,0
18,54,DL,0,0,0,0
18,54,UL,0,0,0,0
18,55,DL,0,0,0,0
18,55,UL,0,0,0,0
18,56,DL,0.0107364,0.0116364,0.0431366,22
18,56,UL,0.0380304,0,0.00392151,7.69231
18,57,DL,0,0,0,0
18,57,UL,0,0,0,0
18,58,DL,0,0,0,0
18,58,UL,0,0,0,0
18,59,DL,0,0,0,0
18,59,UL,0,0,0,0
18,60,DL,0,0,0,0
18,60,UL,0,0,0,0
18,61,DL,0,0,0,0
18,61,UL,0,0,0,0
18,62,DL,0,0,0,0
18,62,UL,0,0,0,0
18,63,DL,0,0,0,0
18,63,UL,0,0,0,0
18,64,DL,0,0,0,0
18,64,UL,0,0,0,0
18,65,DL,0,0,0,0
18,65,UL,0,0,0,0
18,66,DL,0,0,0,0
18,66,UL,0,0,0,0
18,67,DL,0,0,0,0
18,67,UL,0,0,0,0
18,68,DL,0,0,0,0
18,68,UL,0,0,0,0
18,69,DL,0.0141,0.0115,0.0313721,16
18,69,UL,0,0,0,0
18,70,DL,0,0,0,0
18,70,UL,0,0,0,0
18,71,DL,0,0,0,0
18,71,UL,0,0,0,0
18,72,DL,0,0,0,0
18,72,UL,0,0,0,0
18,73,DL,0,0,0,0
18,73,UL,0,0,0,0
18,74,DL,0,0,0,0
18,74,UL,0,0,0,0
18,75,DL,0,0,0,0
18,75,UL,0,0,0,0
18,76,DL,0,0,0,0
18,76,UL,0,0,0,0
18,77,DL,0,0,0,0
18,77,UL,0,0,0,0
18,78,DL,0,0,0,0
18,78,UL,0,0,0,0
18,79,DL,0,0,0,0
18,79,UL,0,0,0,0
20,0,DL,0,0,0,0
20,0,UL,0,0,0,0
20,1,DL,0,0,0,0
20,1,UL,0,0,0,0
20,2,DL,0,0,0,0
20,2,UL,0,0,0,0
20,3,DL,0,0,0,0
20,3,UL,0,0,0,0
20,4,DL,0,0,0,0
20,4,UL,0,0,0,0
20,5,DL,0.02585,0.016,0.015686,8
20,5,UL,0,0,0,0
20,6,DL,0,0,0,0
20,6,UL,0,0,0,0
20,7,DL,0,0,0,0
20,7,UL,0,0,0,0
20,8,DL,0,0,0,0
20,8,UL,0,0,0,0
20,9,DL,0,0,0,0
20,9,UL,0,0,0,0
20,10,DL,0,0,0,0
20,10,UL,0,0,0,0
20,11,DL,0,0,0,0
20,11,UL,0,0,0,0
20,12,DL,0,0,0,0
20,12,UL,0,0,0,0
20,13,DL,0,0,0,0
20,13,UL,0,0,0,0
20,14,DL,0,0,0,0
20,14,UL,0,0,0,0
20,15,DL,0,0,0,0
20,15,UL,0,0,0,0
20,16,DL,0,0,0,0
20,16,UL,0,0,0,0
20,17,DL,0,0,0,0
20,17,UL,0,0,0,0
20,18,DL,0,0,0,0
20,18,UL,0,0,0,0
20,19,DL,0,0,0,0
20,19,UL,0,0,0,0
20,20,DL,0,0,0,0
20,20,UL,0,0,0,0
20,21,DL,0,0,0,0
20,21,UL,0,0,0,0
20,22,DL,0,0,0,0
20,22,UL,0,0,0,0
20,23,DL,0,0,0,0
20,23,UL,0,0,0,0
20,24,DL,0,0,0,0
20,24,UL,0,0,0,0
20,25,DL,0,0,0,0
20,25,UL,0,0,0,0
20,26,DL,0,0,0,0
20,26,UL,0,0,0,0
20,27,DL,0,0,0,0
20,27,UL,0,0,0,0
20,28,DL,0,0,0,0
20,28,UL,0,0,0,0
20,29,DL,0,0,0,0
20,29,UL,0,0,0,0
20,30,DL,0,0,0,0
20,30,UL,0,0,0,0
20,31,DL,0,0,0,0
20,31,UL,0,0,0,0
20,32,DL,0,0,0,0
20,32,UL,0,0,0,0
20,33,DL,0,0,0,0
20,33,UL,0,0,0,0
20,34,DL,0.00759999,0.0035,0.00784302,4
20,34,UL,0.0480304,0,0.00392151,8.33333
20,35,DL,0.846229,0.183896,0.0784302,40
20,35,UL,0,0,0,0
20,36,DL,0,0,0,0
20,36,UL,0,0,0,0
20,37,DL,0,0,0,0
20,37,UL,0,0,0,0
20,38,DL,0,0,0,0
20,38,UL,0,0,0,0
20,39,DL,0,0,0,0
20,39,UL,0,0,0,0
20,40,DL,0,0,0,0
20,40,UL,0,0,0,0
20,41,DL,0,0,0,0
20,41,UL,0,0,0,0
20,42,DL,0,0,0,0
20,42,UL,0,0,0,0
20,43,DL,0,0,0,0
20,43,UL,0,0,0,0
20,44,DL,0,0,0,0
20,44,UL,0,0,0,0
20,45,DL,0,0,0,0
20,45,UL,0,0,0,0
20,46,DL,0,0,0,0
20,46,UL,0,0,0,0
20,47,DL,0,0,0,0
20,47,UL,0,0,0,0
20,48,DL,0,0,0,0
20,48,UL,0,0,0,0
20,49,DL,0,0,0,0
20,49,UL,0,0,0,0
20,50,DL,0,0,0,0
20,50,UL,0,0,0,0
20,51,DL,0,0,0,0
20,51,UL,0,0,0,0
20,52,DL,0,0,0,0
20,52,UL,0,0,0,0
20,53,DL,0,0,0,0
20,53,UL,0,0,0,0
20,54,DL,0,0,0,0
20,54,UL,0,0,0,0
20,55,DL,0,0,0,0
20,55,UL,0,0,0,0
20,56,DL,1.06037,0.263273,0.0431366,22
20,56,UL,0,0,0,0
20,57,DL,0,0,0,0
20,57,UL,0,0,0,0
20,58,DL,0,0,0,0
20,58,UL,0,0,0,0
20,59,DL,0,0,0,0
20,59,UL,0,0,0,0
20,60,DL,0,0,0,0
20,60,UL,0,0,0,0
20,61,DL,0,0,0,0
20,61,UL,0,0,0,0
20,62,DL,0,0,0,0
20,62,UL,0,0,0,0
20,63,DL,0,0,0,0
20,63,UL,0,0,0,0
20,64,DL,0,0,0,0
20,64,UL,0,0,0,0
20,65,DL,0,0,0,0
20,65,UL,0,0,0,0
20,66,DL,0,0,0,0
20,66,UL,0,0,0,0
20,67,DL,0,0,0,0
20,67,UL,0,0,0,0
20,68,DL,0,0,0,0
20,68,UL,0,0,0,0
20,69,DL,0,0,0,0
20,69,UL,0,0,0,0
20,70,DL,0,0,0,0
20,70,UL,0,0,0,0
20,71,DL,0,0,0,0
20,71,UL,0,0,0,0
20,72,DL,0,0,0,0
20,72,UL,0,0,0,0
20,73,DL,0,0,0,0
20,73,UL,0,0,0,0
20,74,DL,0,0,0,0
20,74,UL,0,0,0,0
20,75,DL,0,0,0,0
20,75,UL,0,0,0,0
20,76,DL,0,0,0,0
20,76,UL,0,0,0,0
20,77,DL,0,0,0,0
20,77,UL,0,0,0,0
20,78,DL,0,0,0,0
20,78,UL,0,0,0,0
20,79,DL,0,0,0,0
20,79,UL,0,0,0,0
22,0,DL,0,0,0,0
22,0,UL,0,0,0,0
22,1,DL,0,0,0,0
22,1,UL,0,0,0,0
22,2,DL,0,0,0,0
22,2,UL,0,0,0,0
22,3,DL,0,0,0,0
22,3,UL,0,0,0,0
22,4,DL,0,0,0,0
22,4,UL,0,0,0,0
22,5,DL,0,0,0,0
22,5,UL,0,0,0,0
22,6,DL,0,0,0,0
22,6,UL,0,0,0,0
22,7,DL,0,0,0,0
22,7,UL,0,0,0,0
22,8,DL,0,0,0,0
22,8,UL,0,0,0,0
22,9,DL,0,0,0,0
22,9,UL,0,0,0,0
22,10,DL,0,0,0,0
22,10,UL,0,0,0,0
22,11,DL,0,0,0,0
22,11,UL,0,0,0,0
22,12,DL,0,0,0,0
22,12,UL,0,0,0,0
22,13,DL,0,0,0,0
22,13,UL,0,0,0,0
22,14,DL,0,0,0,0
22,14,UL,0,0,0,0
22,15,DL,0,0,0,0
22,15,UL,0,0,0,0
22,16,DL,0,0,0,0
22,16,UL,0,0,0,0
22,17,DL,0,0,0,0
22,17,UL,0,0,0,0
22,18,DL,0,0,0,0
22,18,UL,0,0,0,0
22,19,DL,0,0,0,0
22,19,UL,0,0,0,0
22,20,DL,0,0,0,0
22,20,UL,0,0,0,0
22,21,DL,0,0,0,0
22,21,UL,0,0,0,0
22,22,DL,0,0,0,0
22,22,UL,0,0,0,0
22,23,DL,0,0,0,0
22,23,UL,0,0,0,0
22,24,DL,0,0,0,0
22,24,UL,0,0,0,0
22,25,DL,0,0,0,0
22,25,UL,0,0,0,0
22,26,DL,0,0,0,0
22,26,UL,0,0,0,0
22,27,DL,0,0,0,0
22,27,UL,0,0,0,0
22,28,DL,0,0,0,0
22,28,UL,0,0,0,0
22,29,DL,0,0,0,0
22,29,UL,0,0,0,0
22,30,DL,0,0,0,0
22,30,UL,0,0,0,0
22,31,DL,0,0,0,0
22,31,UL,0,0,0,0
22,32,DL,0,0,0,0
22,32,UL,0,0,0,0
22,33,DL,0,0,0,0
22,33,UL,0,0,0,0
22,34,DL,0,0,0,0
22,34,UL,0,0,0,0
22,35,DL,1.03677,0.168996,0.0784302,40
22,35,UL,0,0,0,0
22,36,DL,0,0,0,0
22,36,UL,0,0,0,0
22,37,DL,0,0,0,0
22,37,UL,0,0,0,0
22,38,DL,0,0,0,0
22,38,UL,0,0,0,0
22,39,DL,0,0,0,0
22,39,UL,0,0,0,0
22,40,DL,0,0,0,0
22,40,UL,0,0,0,0
22,41,DL,0,0,0,0
22,41,UL,0,0,0,0
22,42,DL,0,0,0,0
22,42,UL,0,0,0,0
22,43,DL,0,0,0,0
22,43,UL,0,0,0,0
22,44,DL,0,0,0,0
22,44,UL,0,0,0,0
22,45,DL,0,0,0,0
22,45,UL,0,0,0,0
22,46,DL,0,0,0,0
22,46,UL,0,0,0,0
22,47,DL,0,0,0,0
22,47,UL,0,0,0,0
22,48,DL,0,0,0,0
22,48,UL,0,0,0,0
22,49,DL,0,0,0,0
22,49,UL,0,0,0,0
22,50,DL,0,0,0,0
22,50,UL,0,0,0,0
22,51,DL,0,0,0,0
22,51,UL,0,0,0,0
22,52,DL,0,0,0,0
22,52,UL,0,0,0,0
22,53,DL,0,0,0,0
22,53,UL,0,0,0,0
22,54,DL,0,0,0,0
22,54,UL,0,0,0,0
22,55,DL,0,0,0,0
22,55,UL,0,0,0,0
22,56,DL,0,0,0,0
22,56,UL,0,0,0,0
22,57,DL,0,0,0,0
22,57,UL,0,0,0,0
22,58,DL,0,0,0,0
22,58,UL,0,0,0,0
22,59,DL,0,0,0,0
22,59,UL,0,0,0,0
22,60,DL,0,0,0,0
22,60,UL,0,0,0,0
22,61,DL,0,0,0,0
22,61,UL,0,0,0,0
22,62,DL,0,0,0,0
22,62,UL,0,0,0,0
22,63,DL,0,0,0,0
22,63,UL,0,0,0,0
22,64,DL,0,0,0,0
22,64,UL,0,0,0,0
22,65,DL,0,0,0,0
22,65,UL,0,0,0,0
22,66,DL,0,0,0,0
22,66,UL,0,0,0,0
22,67,DL,0,0,0,0
22,67,UL,0,0,0,0
22,68,DL,0,0,0,0
22,68,UL,0,0,0,0
22,69,DL,0,0,0,0
22,69,UL,0,0,0,0
22,70,DL,0,0,0,0
22,70,UL,0,0,0,0
22,71,DL,0,0,0,0
22,71,UL,0,0,0,0
22,72,DL,0,0,0,0
22,72,UL,0,0,0,0
22,73,DL,0,0,0,0
22,73,UL,0,0,0,0
22,74,DL,0,0,0,0
22,74,UL,0,0,0,0
22,75,DL,0,0,0,0
22,75,UL,0,0,0,0
22,76,DL,0,0,0,0
22,76,UL,0,0,0,0
22,77,DL,0,0,0,0
22,77,UL,0,0,0,0
22,78,DL,0,0,0,0
22,78,UL,0,0,0,0
22,79,DL,0,0,0,0
22,79,UL,0,0,0,0
24,0,DL,0,0,0,0
24,0,UL,0,0,0,0
24,1,DL,0,0,0,0
24,1,UL,0,0,0,0
24,2,DL,0,0,0,0
24,2,UL,0,0,0,0
24,3,DL,0,0,0,0
24,3,UL,0,0,0,0
24,4,DL,0,0,0,0
24,4,UL,0,0,0,0
24,5,DL,0,0,0,0
24,5,UL,0,0,0,0
24,6,DL,0,0,0,0
24,6,UL,0,0,0,0
24,7,DL,0,0,0,0
24,7,UL,0,0,0,0
24,8,DL,0,0,0,0
24,8,UL,0,0,0,0
24,9,DL,0,0,0,0
24,9,UL,0,0,0,0
24,10,DL,0,0,0,0
24,10,UL,0,0,0,0
24,11,DL,0,0,0,0
24,11,UL,0,0,0,0
24,12,DL,0,0,0,0
24,12,UL,0,0,0,0
24,13,DL,0,0,0,0
24,13,UL,0,0,0,0
24,14,DL,0,0,0,0
24,14,UL,0,0,0,0
24,15,DL,0,0,0,0
24,15,UL,0,0,0,0
24,16,DL,0.0111,0.007,0.0117645,6
24,16,UL,0,0,0,0
24,17,DL,0,0,0,0
24,17,UL,0,0,0,0
24,18,DL,0,0,0,0
24,18,UL,0,0,0,0
24,19,DL,0,0,0,0
24,19,UL,0,0,0,0
24,20,DL,0,0,0,0
24,20,UL,0,0,0,0
24,21,DL,0,0,0,0
24,21,UL,0,0,0,0
24,22,DL,0,0,0,0
24,22,UL,0,0,0,0
24,23,DL,0,0,0,0
24,23,UL,0,0,0,0
24,24,DL,0,0,0,0
24,24,UL,0,0,0,0
24,25,DL,0,0,0,0
24,25,UL,0,0,0,0
24,26,DL,0,0,0,0
24,26,UL,0,0,0,0
24,27,DL,0,0,0,0
24,27,UL,0,0,0,0
24,28,DL,0,0,0,0
24,28,UL,0,0,0,0
24,29,DL,0,0,0,0
24,29,UL,0,0,0,0
24,30,DL,0,0,0,0
24,30,UL,0,0,0,0
24,31,DL,0,0,0,0
24,31,UL,0,0,0,0
24,32,DL,0,0,0,0
24,32,UL,0,0,0,0
24,33,DL,0,0,0,0
24,33,UL,0,0,0,0
24,34,DL,0,0,0,0
24,34,UL,0,0,0,0
24,35,DL,1.01918,0.165111,0.0352936,18
24,35,UL,0,0,0,0
24,36,DL,0,0,0,0
24,36,UL,0,0,0,0
24,37,DL,0,0,0,0
24,37,UL,0,0,0,0
24,38,DL,0,0,0,0
24,38,UL,0,0,0,0
24,39,DL,0.1621,0.141,0.00392151,2
24,39,UL,0,0,0,0
24,40,DL,0,0,0,0
24,40,UL,0,0,0,0
24,41,DL,0,0,0,0
24,41,UL,0,0,0,0
24,42,DL,0,0,0,0
24,42,UL,0,0,0,0
24,43,DL,0,0,0,0
24,43,UL,0,0,0,0
24,44,DL,0,0,0,0
24,44,UL,0,0,0,0
24,45,DL,0,0,0,0
24,45,UL,0,0,0,0
24,46,DL,0,0,0,0
24,46,UL,0,0,0,0
24,47,DL,0,0,0,0
24,47,UL,0,0,0,0
24,48,DL,0,0,0,0
24,48,UL,0,0,0,0
24,49,DL,0,0,0,0
24,49,UL,0,0,0,0
24,50,DL,0,0,0,0
24,50,UL,0,0,0,0
24,51,DL,0,0,0,0
24,51,UL,0,0,0,0
24,52,DL,0,0,0,0
24,52,UL,0,0,0,0
24,53,DL,0,0,0,0
24,53,UL,0,0,0,0
24,54,DL,0,0,0,0
24,54,UL,0,0,0,0
24,55,DL,0,0,0,0
24,55,UL,0,0,0,0
24,56,DL,0,0,0,0
24,56,UL,0,0,0,0
24,57,DL,0,0,0,0
24,57,UL,0,0,0,0
24,58,DL,0,0,0,0
24,58,UL,0,0,0,0
24,59,DL,0,0,0,0
24,59,UL,0,0,0,0
24,60,DL,0,0,0,0
24,60,UL,0,0,0,0
24,61,DL,0,0,0,0
24,61,UL,0,0,0,0
24,62,DL,0,0,0,0
24,62,UL,0,0,0,0
24,63,DL,0,0,0,0
24,63,UL,0,0,0,0
24,64,DL,0,0,0,0
24,64,UL,0,0,0,0
24,65,DL,0,0,0,0
24,65,UL,0,0,0,0
24,66,DL,0,0,0,0
24,66,UL,0,0,0,0
24,67,DL,0,0,0,0
24,67,UL,0,0,0,0
24,68,DL,0,0,0,0
24,68,UL,0,0,0,0
24,69,DL,0,0,0,0
24,69,UL,0,0,0,0
24,70,DL,0,0,0,0
24,70,UL,0,0,0,0
24,71,DL,0,0,0,0
24,71,UL,0,0,0,0
24,72,DL,0,0,0,0
24,72,UL,0,0,0,0
24,73,DL,0,0,0,0
24,73,UL,0,0,0,0
24,74,DL,0,0,0,0
24,74,UL,0,0,0,0
24,75,DL,0,0,0,0
24,75,UL,0,0,0,0
24,76,DL,0,0,0,0
24,76,UL,0,0,0,0
24,77,DL,0,0,0,0
24,77,UL,0,0,0,0
24,78,DL,0,0,0,0
24,78,UL,0,0,0,0
24,79,DL,0,0,0,0
24,79,UL,0,0,0,0
26,0,DL,0,0,0,0
26,0,UL,0,0,0,0
26,1,DL,0,0,0,0
26,1,UL,0,0,0,0
26,2,DL,0,0,0,0
26,2,UL,0,0,0,0
26,3,DL,0,0,0,0
26,3,UL,0,0,0,0
26,4,DL,0,0,0,0
26,4,UL,0,0,0,0
26,5,DL,0,0,0,0
26,5,UL,0,0,0,0
26,6,DL,0,0,0,0
26,6,UL,0,0,0,0
26,7,DL,0,0,0,0
26,7,UL,0,0,0,0
26,8,DL,0,0,0,0
26,8,UL,0,0,0,0
26,9,DL,0,0,0,0
26,9,UL,0,0,0,0
26,10,DL,0,0,0,0
26,10,UL,0,0,0,0
26,11,DL,0,0,0,0
26,11,UL,0,0,0,0
26,12,DL,0,0,0,0
26,12,UL,0,0,0,0
26,13,DL,0,0,0,0
26,13,UL,0,0,0,0
26,14,DL,0,0,0,0
26,14,UL,0,0,0,0
26,15,DL,0,0,0,0
26,15,UL,0,0,0,0
26,16,DL,0,0,0,0
26,16,UL,0,0,0,0
26,17,DL,0,0,0,0
26,17,UL,0,0,0,0
26,18,DL,0,0,0,0
26,18,UL,0,0,0,0
26,19,DL,0,0,0,0
26,19,UL,0,0,0,0
26,20,DL,0,0,0,0
26,20,UL,0,0,0,0
26,21,DL,0,0,0,0
26,21,UL,0,0,0,0
26,22,DL,0,0,0,0
26,22,UL,0,0,0,0
26,23,DL,0,0,0,0
26,23,UL,0,0,0,0
26,24,DL,0,0,0,0
26,24,UL,0,0,0,0
26,25,DL,0,0,0,0
26,25,UL,0,0,0,0
26,26,DL,0,0,0,0
26,26,UL,0,0,0,0
26,27,DL,0,0,0,0
26,27,UL,0,0,0,0
26,28,DL,0,0,0,0
26,28,UL,0,0,0,0
26,29,DL,0,0,0,0
26,29,UL,0,0,0,0
26,30,DL,0,0,0,0
26,30,UL,0,0,0,0
26,31,DL,0,0,0,0
26,31,UL,0,0,0,0
26,32,DL,0,0,0,0
26,32,UL,0,0,0,0
26,33,DL,0,0,0,0
26,33,UL,0,0,0,0
26,34,DL,0,0,0,0
26,34,UL,0,0,0,0
26,35,DL,2.06126,0.263814,0.0784302,40
26,35,UL,0,0,0,0
26,36,DL,0,0,0,0
26,36,UL,0,0,0,0
26,37,DL,0,0,0,0
26,37,UL,0,0,0,0
26,38,DL,0,0,0,0
26,38,UL,0,0,0,0
26,39,DL,0,0,0,0
26,39,UL,0,0,0,0
26,40,DL,0,0,0,0
26,40,UL,0,0,0,0
26,41,DL,0,0,0,0
26,41,UL,0,0,0,0
26,42,DL,0,0,0,0
26,42,UL,0,0,0,0
26,43,DL,0,0,0,0
26,43,UL,0,0,0,0
26,44,DL,0,0,0,0
26,44,UL,0,0,0,0
26,45,DL,0,0,0,0
26,45,UL,0,0,0,0
26,46,DL,0,0,0,0
26,46,UL,0,0,0,0
26,47,DL,0,0,0,0
26,47,UL,0,0,0,0
26,48,DL,0,0,0,0
26,48,UL,0,0,0,0
26,49,DL,0.2526,0.0015,0.00784302,4
26,49,UL,0,0,0,0
26,50,DL,0,0,0,0
26,50,UL,0,0,0,0
26,51,DL,0,0,0,0
26,51,UL,0,0,0,0
26,52,DL,0,0,0,0
26,52,UL,0,0,0,0
26,53,DL,0,0,0,0
26,53,UL,0,0,0,0
26,54,DL,0,0,0,0
26,54,UL,0,0,0,0
26,55,DL,0,0,0,0
26,55,UL,0,0,0,0
26,56,DL,0,0,0,0
26,56,UL,0,0,0,0
26,57,DL,0,0,0,0
26,57,UL,0,0,0,0
26,58,DL,0,0,0,0
26,58,UL,0,0,0,0
26,59,DL,0,0,0,0
26,59,UL,0,0,0,0
26,60,DL,0,0,0,0
26,60,UL,0,0,0,0
26,61,DL,0,0,0,0
26,61,UL,0,0,0,0
26,62,DL,0,0,0,0
26,62,UL,0,0,0,0
26,63,DL,0,0,0,0
26,63,UL,0,0,0,0
26,64,DL,0,0,0,0
26,64,UL,0,0,0,0
26,65,DL,0,0,0,0
26,65,UL,0,0,0,0
26,66,DL,0,0,0,0
26,66,UL,0,0,0,0
26,67,DL,0,0,0,0
26,67,UL,0,0,0,0
26,68,DL,0,0,0,0
26,68,UL,0,0,0,0
26,69,DL,0,0,0,0
26,69,UL,0,0,0,0
26,70,DL,0,0,0,0
26,70,UL,0,0,0,0
26,71,DL,0,0,0,0
26,71,UL,0,0,0,0
26,72,DL,0,0,0,0
26,72,UL,0,0,0,0
26,73,DL,0,0,0,0
26,73,UL,0,0,0,0
26,74,DL,0,0,0,0
26,74,UL,0,0,0,0
26,75,DL,0,0,0,0
26,75,UL,0,0,0,0
26,76,DL,0,0,0,0
26,76,UL,0,0,0,0
26,77,DL,0,0,0,0
26,77,UL,0,0,0,0
26,78,DL,0,0,0,0
26,78,UL,0,0,0,0
26,79,DL,0,0,0,0
26,79,UL,0,0,0,0
28,0,DL,0,0,0,0
28,0,UL,0,0,0,0
28,1,DL,0,0,0,0
28,1,UL,0,0,0,0
28,2,DL,0,0,0,0
28,2,UL,0,0,0,0
28,3,DL,0,0,0,0
28,3,UL,0,0,0,0
28,4,DL,0,0,0,0
28,4,UL,0,0,0,0
28,5,DL,0,0,0,0
28,5,UL,0,0,0,0
28,6,DL,0,0,0,0
28,6,UL,0,0,0,0
28,7,DL,0,0,0,0
28,7,UL,0,0,0,0
28,8,DL,0,0,0,0
28,8,UL,0,0,0,0
28,9,DL,0,0,0,0
28,9,UL,0,0,0,0
28,10,DL,0,0,0,0
28,10,UL,0,0,0,0
28,11,DL,0,0,0,0
28,11,UL,0,0,0,0
28,12,DL,0,0,0,0
28,12,UL,0,0,0,0
28,13,DL,0.00759999,0.0035,0.00784302,4
28,13,UL,0.0480312,0,0.00392151,8.33333
28,14,DL,0,0,0,0
28,14,UL,0,0,0,0
28,15,DL,0,0,0,0
28,15,UL,0,0,0,0
28,16,DL,0,0,0,0
28,16,UL,0,0,0,0
28,17,DL,0,0,0,0
28,17,UL,0,0,0,0
28,18,DL,0,0,0,0
28,18,UL,0,0,0,0
28,19,DL,0,0,0,0
28,19,UL,0,0,0,0
28,20,DL,0,0,0,0
28,20,UL,0,0,0,0
28,21,DL,0,0,0,0
28,21,UL,0,0,0,0
28,22,DL,0,0,0,0
28,22,UL,0,0,0,0
28,23,DL,0,0,0,0
28,23,UL,0,0,0,0
28,24,DL,0,0,0,0
28,24,UL,0,0,0,0
28,25,DL,0,0,0,0
28,25,UL,0,0,0,0
28,26,DL,0.0586937,0.0424062,0.125488,64
28,26,UL,0.0480304,0,0.00392151,8.33333
28,27,DL,0,0,0,0
28,27,UL,0,0,0,0
28,28,DL,0,0,0,0
28,28,UL,0,0,0,0
28,29,DL,0,0,0,0
28,29,UL,0,0,0,0
28,30,DL,0,0,0,0
28,30,UL,0,0,0,0
28,31,DL,0,0,0,0
28,31,UL,0,0,0,0
28,32,DL,0,0,0,0
28,32,UL,0,0,0,0
28,33,DL,0,0,0,0
28,33,UL,0,0,0,0
28,34,DL,0,0,0,0
28,34,UL,0,0,0,0
28,35,DL,1.1006,0.275414,0.0392151,20
28,35,UL,0,0,0,0
28,36,DL,0,0,0,0
28,36,UL,0,0,0,0
28,37,DL,0,0,0,0
28,37,UL,0,0,0,0
28,38,DL,0,0,0,0
28,38,UL,0,0,0,0
28,39,DL,0,0,0,0
28,39,UL,0,0,0,0
28,40,DL,0,0,0,0
28,40,UL,0,0,0,0
28,41,DL,0,0,0,0
28,41,UL,0,0,0,0
28,42,DL,0,0,0,0
28,42,UL,0,0,0,0
28,43,DL,0,0,0,0
28,43,UL,0,0,0,0
28,44,DL,0,0,0,0
28,44,UL,0,0,0,0
28,45,DL,0,0,0,0
28,45,UL,0,0,0,0
28,46,DL,0,0,0,0
28,46,UL,0,0,0,0
28,47,DL,0,0,0,0
28,47,UL,0,0,0,0
28,48,DL,0,0,0,0
28,48,UL,0,0,0,0
28,49,DL,0,0,0,0
28,49,UL,0,0,0,0
28,50,DL,0,0,0,0
28,50,UL,0,0,0,0
28,51,DL,0,0,0,0
28,51,UL,0,0,0,0
28,52,DL,0,0,0,0
28,52,UL,0,0,0,0
28,53,DL,0,0,0,0
28,53,UL,0,0,0,0
28,54,DL,0,0,0,0
28,54,UL,0,0,0,0
28,55,DL,0,0,0,0
28,55,UL,0,0,0,0
28,56,DL,0,0,0,0
28,56,UL,0,0,0,0
28,57,DL,0,0,0,0
28,57,UL,0,0,0,0
28,58,DL,0,0,0,0
28,58,UL,0,0,0,0
28,59,DL,0,0,0,0
28,59,UL,0,0,0,0
28,60,DL,0,0,0,0
28,60,UL,0,0,0,0
28,61,DL,0,0,0,0
28,61,UL,0,0,0,0
28,62,DL,0,0,0,0
28,62,UL,0,0,0,0
28,63,DL,0,0,0,0
28,63,UL,0,0,0,0
28,64,DL,0,0,0,0
28,64,UL,0,0,0,0
28,65,DL,0,0,0,0
28,65,UL,0,0,0,0
28,66,DL,0,0,0,0
28,66,UL,0,0,0,0
28,67,DL,0,0,0,0
28,67,UL,0,0,0,0
28,68,DL,0,0,0,0
28,68,UL,0,0,0,0
28,69,DL,0,0,0,0
28,69,UL,0,0,0,0
28,70,DL,0,0,0,0
28,70,UL,0,0,0,0
28,71,DL,0,0,0,0
28,71,UL,0,0,0,0
28,72,DL,0,0,0,0
28,72,UL,0,0,0,0
28,73,DL,0,0,0,0
28,73,UL,0,0,0,0
28,74,DL,0,0,0,0
28,74,UL,0,0,0,0
28,75,DL,0,0,0,0
28,75,UL,0,0,0,0
28,76,DL,0,0,0,0
28,76,UL,0,0,0,0
28,77,DL,0,0,0,0
28,77,UL,0,0,0,0
28,78,DL,0,0,0,0
28,78,UL,0,0,0,0
28,79,DL,0,0,0,0
28,79,UL,0,0,0,0
30,0,DL,0,0,0,0
30,0,UL,0,0,0,0
30,1,DL,0,0,0,0
30,1,UL,0,0,0,0
30,2,DL,0,0,0,0
30,2,UL,0,0,0,0
30,3,DL,0,0,0,0
30,3,UL,0,0,0,0
30,4,DL,0,0,0,0
30,4,UL,0,0,0,0
30,5,DL,0.143243,0.138143,0.00392151,2
30,5,UL,0,0,0,0
30,6,DL,0,0,0,0
30,6,UL,0,0,0,0
30,7,DL,0,0,0,0
30,7,UL,0,0,0,0
30,8,DL,0,0,0,0
30,8,UL,0,0,0,0
30,9,DL,0,0,0,0
30,9,UL,0,0,0,0
30,10,DL,0,0,0,0
30,10,UL,0,0,0,0
30,11,DL,0,0,0,0
30,11,UL,0,0,0,0
30,12,DL,0,0,0,0
30,12,UL,0,0,0,0
30,13,DL,0,0,0,0
30,13,UL,0,0,0,0
30,14,DL,0,0,0,0
30,14,UL,0,0,0,0
30,15,DL,0,0,0,0
30,15,UL,0,0,0,0
30,16,DL,0,0,0,0
30,16,UL,0,0,0,0
30,17,DL,0,0,0,0
30,17,UL,0,0,0,0
30,18,DL,0,0,0,0
30,18,UL,0,0,0,0
30,19,DL,0,0,0,0
30,19,UL,0,0,0,0
30,20,DL,0,0,0,0
30,20,UL,0,0,0,0
30,21,DL,0,0,0,0
30,21,UL,0,0,0,0
30,22,DL,0,0,0,0
30,22,UL,0,0,0,0
30,23,DL,0,0,0,0
30,23,UL,0,0,0,0
30,24,DL,0,0,0,0
30,24,UL,0,0,0,0
30,25,DL,0.0256714,0.223214,0.00784302,4
30,25,UL,0,0,0,0
30,26,DL,0,0,0,0
30,26,UL,0,0,0,0
30,27,DL,0,0,0,0
30,27,UL,0,0,0,0
30,28,DL,0,0,0,0
30,28,UL,0,0,0,0
30,29,DL,0,0,0,0
30,29,UL,0,0,0,0
30,30,DL,0,0,0,0
30,30,UL,0,0,0,0
30,31,DL,0,0,0,0
30,31,UL,0,0,0,0
30,32,DL,0,0,0,0
30,32,UL,0,0,0,0
30,33,DL,0,0,0,0
30,33,UL,0,0,0,0
30,34,DL,0,0,0,0
30,34,UL,0,0,0,0
30,35,DL,0.91475,0.207259,0.0745087,38
30,35,UL,0,0,0,0
30,36,DL,0,0,0,0
30,36,UL,0,0,0,0
30,37,DL,0,0,0,0
30,37,UL,0,0,0,0
30,38,DL,0,0,0,0
30,38,UL,0,0,0,0
30,39,DL,0,0,0,0
30,39,UL,0,0,0,0
30,40,DL,0,0,0,0
30,40,UL,0,0,0,0
30,41,DL,0,0,0,0
30,41,UL,0,0,0,0
30,42,DL,0,0,0,0
30,42,UL,0,0,0,0
30,43,DL,0,0,0,0
30,43,UL,0,0,0,0
30,44,DL,0,0,0,0
30,44,UL,0,0,0,0
30,45,DL,0,0,0,0
30,45,UL,0,0,0,0
30,46,DL,0,0,0,0
30,46,UL,0,0,0,0
30,47,DL,0,0,0,0
30,47,UL,0,0,0,0
30,48,DL,0,0,0,0
30,48,UL,0,0,0,0
30,49,DL,0,0,0,0
30,49,UL,0,0,0,0
30,50,DL,0,0,0,0
30,50,UL,0,0,0,0
30,51,DL,0,0,0,0
30,51,UL,0,0,0,0
30,52,DL,0,0,0,0
30,52,UL,0,0,0,0
30,53,DL,0,0,0,0
30,53,UL,0,0,0,0
30,54,DL,0,0,0,0
30,54,UL,0,0,0,0
30,55,DL,0,0,0,0
30,55,UL,0,0,0,0
30,56,DL,0,0,0,0
30,56,UL,0,0,0,0
30,57,DL,0,0,0,0
30,57,UL,0,0,0,0
30,58,DL,0,0,0,0
30,58,UL,0,0,0,0
30,59,DL,0,0,0,0
30,59,UL,0,0,0,0
30,60,DL,0,0,0,0
30,60,UL,0,0,0,0
30,61,DL,0,0,0,0
30,61,UL,0,0,0,0
30,62,DL,0,0,0,0
30,62,UL,0,0,0,0
30,63,DL,0,0,0,0
30,63,UL,0,0,0,0
30,64,DL,0,0,0,0
30,64,UL,0,0,0,0
30,65,DL,0,0,0,0
30,65,UL,0,0,0,0
30,66,DL,0,0,0,0
30,66,UL,0,0,0,0
30,67,DL,0,0,0,0
30,67,UL,0,0,0,0
30,68,DL,0,0,0,0
30,68,UL,0,0,0,0
30,69,DL,0,0,0,0
30,69,UL,0,0,0,0
30,70,DL,0,0,0,0
30,70,UL,0,0,0,0
30,71,DL,0,0,0,0
30,71,UL,0,0,0,0
30,72,DL,0,0,0,0
30,72,UL,0,0,0,0
30,73,DL,0,0,0,0
30,73,UL,0,0,0,0
30,74,DL,0,0,0,0
30,74,UL,0,0,0,0
30,75,DL,0,0,0,0
30,75,UL,0,0,0,0
30,76,DL,0,0,0,0
30,76,UL,0,0,0,0
30,77,DL,0,0,0,0
30,77,UL,0,0,0,0
30,78,DL,0,0,0,0
30,78,UL,0,0,0,0
30,79,DL,0,0,0,0
30,79,UL,0,0,0,0
32,0,DL,0,0,0,0
32,0,UL,0,0,0,0
32,1,DL,0,0,0,0
32,1,UL,0,0,0,0
32,2,DL,0,0,0,0
32,2,UL,0,0,0,0
32,3,DL,0,0,0,0
32,3,UL,0,0,0,0
32,4,DL,0,0,0,0
32,4,UL,0,0,0,0
32,5,DL,1.21505,0.216793,0.0784302,40
32,5,UL,0,0,0,0
32,6,DL,0,0,0,0
32,6,UL,0,0,0,0
32,7,DL,0,0,0,0
32,7,UL,0,0,0,0
32,8,DL,0,0,0,0
32,8,UL,0,0,0,0
32,9,DL,0,0,0,0
32,9,UL,0,0,0,0
32,10,DL,0,0,0,0
32,10,UL,0,0,0,0
32,11,DL,0,0,0,0
32,11,UL,0,0,0,0
32,12,DL,0,0,0,0
32,12,UL,0,0,0,0
32,13,DL,0,0,0,0
32,13,UL,0,0,0,0
32,14,DL,0,0,0,0
32,14,UL,0,0,0,0
32,15,DL,0,0,0,0
32,15,UL,0,0,0,0
32,16,DL,0,0,0,0
32,16,UL,0,0,0,0
32,17,DL,0,0,0,0
32,17,UL,0,0,0,0
32,18,DL,0,0,0,0
32,18,UL,0,0,0,0
32,19,DL,0,0,0,0
32,19,UL,0,0,0,0
32,20,DL,0,0,0,0
32,20,UL,0,0,0,0
32,21,DL,0,0,0,0
32,21,UL,0,0,0,0
32,22,DL,0,0,0,0
32,22,UL,0,0,0,0
32,23,DL,0,0,0,0
32,23,UL,0,0,0,0
32,24,DL,0,0,0,0
32,24,UL,0,0,0,0
32,25,DL,0,0,0,0
32,25,UL,0,0,0,0
32,26,DL,0,0,0,0
32,26,UL,0,0,0,0
32,27,DL,0,0,0,0
32,27,UL,0,0,0,0
32,28,DL,0,0,0,0
32,28,UL,0,0,0,0
32,29,DL,0.0241,0,0.00392151,2
32,29,UL,0,0,0,0
32,30,DL,0,0,0,0
32,30,UL,0,0,0,0
32,31,DL,0,0,0,0
32,31,UL,0,0,0,0
32,32,DL,0,0,0,0
32,32,UL,0,0,0,0
32,33,DL,0,0,0,0
32,33,UL,0,0,0,0
32,34,DL,0,0,0,0
32,34,UL,0,0,0,0
32,35,DL,0.552073,0.0996232,0.113724,58
32,35,UL,0,0,0,0
32,36,DL,0,0,0,0
32,36,UL,0,0,0,0
32,37,DL,0,0,0,0
32,37,UL,0,0,0,0
32,38,DL,0,0,0,0
32,38,UL,0,0,0,0
32,39,DL,0,0,0,0
32,39,UL,0,0,0,0
32,40,DL,0,0,0,0
32,40,UL,0,0,0,0
32,41,DL,0,0,0,0
32,41,UL,0,0,0,0
32,42,DL,0,0,0,0
32,42,UL,0,0,0,0
32,43,DL,0,0,0,0
32,43,UL,0,0,0,0
32,44,DL,0,0,0,0
32,44,UL,0,0,0,0
32,45,DL,0,0,0,0
32,45,UL,0,0,0,0
32,46,DL,0,0,0,0
32,46,UL,0,0,0,0
32,47,DL,0,0,0,0
32,47,UL,0,0,0,0
32,48,DL,0,0,0,0
32,48,UL,0,0,0,0
32,49,DL,0,0,0,0
32,49,UL,0,0,0,0
32,50,DL,0,0,0,0
32,50,UL,0,0,0,0
32,51,DL,0,0,0,0
32,51,UL,0,0,0,0
32,52,DL,0,0,0,0
32,52,UL,0,0,0,0
32,53,DL,0,0,0,0
32,53,UL,0,0,0,0
32,54,DL,0,0,0,0
32,54,UL,0,0,0,0
32,55,DL,0,0,0,0
32,55,UL,0,0,0,0
32,56,DL,0,0,0,0
32,56,UL,0,0,0,0
32,57,DL,0,0,0,0
32,57,UL,0,0,0,0
32,58,DL,0,0,0,0
32,58,UL,0,0,0,0
32,59,DL,0,0,0,0
32,59,UL,0,0,0,0
32,60,DL,0,0,0,0
32,60,UL,0,0,0,0
32,61,DL,0,0,0,0
32,61,UL,0,0,0,0
32,62,DL,0,0,0,0
32,62,UL,0,0,0,0
32,63,DL,0,0,0,0
32,63,UL,0,0,0,0
32,64,DL,0,0,0,0
32,64,UL,0,0,0,0
32,65,DL,0.00809999,0.003,0.00784302,4
32,65,UL,0,0,0,0
32,66,DL,0,0,0,0
32,66,UL,0,0,0,0
32,67,DL,0,0,0,0
32,67,UL,0,0,0,0
32,68,DL,0,0,0,0
32,68,UL,0,0,0,0
32,69,DL,0,0,0,0
32,69,UL,0,0,0,0
32,70,DL,0,0,0,0
32,70,UL,0,0,0,0
32,71,DL,0,0,0,0
32,71,UL,0,0,0,0
32,72,DL,0,0,0,0
32,72,UL,0,0,0,0
32,73,DL,0,0,0,0
32,73,UL,0,0,0,0
32,74,DL,0,0,0,0
32,74,UL,0,0,0,0
32,75,DL,0,0,0,0
32,75,UL,0,0,0,0
32,76,DL,0,0,0,0
32,76,UL,0,0,0,0
32,77,DL,0,0,0,0
32,77,UL,0,0,0,0
32,78,DL,0,0,0,0
32,78,UL,0,0,0,0
32,79,DL,0,0,0,0
32,79,UL,0,0,0,0
34,0,DL,0,0,0,0
34,0,UL,0,0,0,0
34,1,DL,0,0,0,0
34,1,UL,0,0,0,0
34,2,DL,0,0,0,0
34,2,UL,0,0,0,0
34,3,DL,0,0,0,0
34,3,UL,0,0,0,0
34,4,DL,0,0,0,0
34,4,UL,0,0,0,0
34,5,DL,0.774,0.2005,0.0392151,20
34,5,UL,0,0,0,0
34,6,DL,0,0,0,0
34,6,UL,0,0,0,0
34,7,DL,0,0,0,0
34,7,UL,0,0,0,0
34,8,DL,0,0,0,0
34,8,UL,0,0,0,0
34,9,DL,0,0,0,0
34,9,UL,0,0,0,0
34,10,DL,0,0,0,0
34,10,UL,0,0,0,0
34,11,DL,0,0,0,0
34,11,UL,0,0,0,0
34,12,DL,0,0,0,0
34,12,UL,0,0,0,0
34,13,DL,0,0,0,0
34,13,UL,0,0,0,0
34,14,DL,0,0,0,0
34,14,UL,0,0,0,0
34,15,DL,0,0,0,0
34,15,UL,0,0,0,0
34,16,DL,0,0,0,0
34,16,UL,0,0,0,0
34,17,DL,0,0,0,0
34,17,UL,0,0,0,0
34,18,DL,0,0,0,0
34,18,UL,0,0,0,0
34,19,DL,0,0,0,0
34,19,UL,0,0,0,0
34,20,DL,0,0,0,0
34,20,UL,0,0,0,0
34,21,DL,0,0,0,0
34,21,UL,0,0,0,0
34,22,DL,0,0,0,0
34,22,UL,0,0,0,0
34,23,DL,0,0,0,0
34,23,UL,0,0,0,0
34,24,DL,0,0,0,0
34,24,UL,0,0,0,0
34,25,DL,0,0,0,0
34,25,UL,0,0,0,0
34,26,DL,0,0,0,0
34,26,UL,0,0,0,0
34,27,DL,0,0,0,0
34,27,UL,0,0,0,0
34,28,DL,0,0,0,0
34,28,UL,0,0,0,0
34,29,DL,0,0,0,0
34,29,UL,0,0,0,0
34,30,DL,0,0,0,0
34,30,UL,0,0,0,0
34,31,DL,0,0,0,0
34,31,UL,0,0,0,0
34,32,DL,0,0,0,0
34,32,UL,0,0,0,0
34,33,DL,0,0,0,0
34,33,UL,0,0,0,0
34,34,DL,0,0,0,0
34,34,UL,0,0,0,0
34,35,DL,0.57301,0.102996,0.0745087,38
34,35,UL,0,0,0,0
34,36,DL,0,0,0,0
34,36,UL,0,0,0,0
34,37,DL,0,0,0,0
34,37,UL,0,0,0,0
34,38,DL,0,0,0,0
34,38,UL,0,0,0,0
34,39,DL,0,0,0,0
34,39,UL,0,0,0,0
34,40,DL,0,0,0,0
34,40,UL,0,0,0,0
34,41,DL,0,0,0,0
34,41,UL,0,0,0,0
34,42,DL,0,0,0,0
34,42,UL,0,0,0,0
34,43,DL,0,0,0,0
34,43,UL,0,0,0,0
34,44,DL,0,0,0,0
34,44,UL,0,0,0,0
34,45,DL,0,0,0,0
34,45,UL,0,0,0,0
34,46,DL,0,0,0,0
34,46,UL,0,0,0,0
34,47,DL,0,0,0,0
34,47,UL,0,0,0,0
34,48,DL,0,0,0,0
34,48,UL,0,0,0,0
34,49,DL,0,0,0,0
34,49,UL,0,0,0,0
34,50,DL,0,0,0,0
34,50,UL,0,0,0,0
34,51,DL,0,0,0,0
34,51,UL,0,0,0,0
34,52,DL,0,0,0,0
34,52,UL,0,0,0,0
34,53,DL,0,0,0,0
34,53,UL,0,0,0,0
34,54,DL,0,0,0,0
34,54,UL,0,0,0,0
34,55,DL,0,0,0,0
34,55,UL,0,0,0,0
34,56,DL,0,0,0,0
34,56,UL,0,0,0,0
34,57,DL,0,0,0,0
34,57,UL,0,0,0,0
34,58,DL,0,0,0,0
34,58,UL,0,0,0,0
34,59,DL,0,0,0,0
34,59,UL,0,0,0,0
34,60,DL,0,0,0,0
34,60,UL,0,0,0,0
34,61,DL,0,0,0,0
34,61,UL,0,0,0,0
34,62,DL,0,0,0,0
34,62,UL,0,0,0,0
34,63,DL,0,0,0,0
34,63,UL,0,0,0,0
34,64,DL,0,0,0,0
34,64,UL,0,0,0,0
34,65,DL,0,0,0,0
34,65,UL,0,0,0,0
34,66,DL,0,0,0,0
34,66,UL,0,0,0,0
34,67,DL,0,0,0,0
34,67,UL,0,0,0,0
34,68,DL,0,0,0,0
34,68,UL,0,0,0,0
34,69,DL,0,0,0,0
34,69,UL,0,0,0,0
34,70,DL,0,0,0,0
34,70,UL,0,0,0,0
34,71,DL,0,0,0,0
34,71,UL,0,0,0,0
34,72,DL,0,0,0,0
34,72,UL,0,0,0,0
34,73,DL,0,0,0,0
34,73,UL,0,0,0,0
34,74,DL,0,0,0,0
34,74,UL,0,0,0,0
34,75,DL,0,0,0,0
34,75,UL,0,0,0,0
34,76,DL,0,0,0,0
34,76,UL,0,0,0,0
34,77,DL,0,0,0,0
34,77,UL,0,0,0,0
34,78,DL,0,0,0,0
34,78,UL,0,0,0,0
34,79,DL,0,0,0,0
34,79,UL,0,0,0,0
36,0,DL,0,0,0,0
36,0,UL,0,0,0,0
36,1,DL,0,0,0,0
36,1,UL,0,0,0,0
36,2,DL,0,0,0,0
36,2,UL,0,0,0,0
36,3,DL,0,0,0,0
36,3,UL,0,0,0,0
36,4,DL,0,0,0,0
36,4,UL,0,0,0,0
36,5,DL,0,0,0,0
36,5,UL,0,0,0,0
36,6,DL,0,0,0,0
36,6,UL,0,0,0,0
36,7,DL,0,0,0,0
36,7,UL,0,0,0,0
36,8,DL,0,0,0,0
36,8,UL,0,0,0,0
36,9,DL,0,0,0,0
36,9,UL,0,0,0,0
36,10,DL,0,0,0,0
36,10,UL,0,0,0,0
36,11,DL,0,0,0,0
36,11,UL,0,0,0,0
36,12,DL,0,0,0,0
36,12,UL,0,0,0,0
36,13,DL,0,0,0,0
36,13,UL,0,0,0,0
36,14,DL,0,0,0,0
36,14,UL,0,0,0,0
36,15,DL,0,0,0,0
36,15,UL,0,0,0,0
36,16,DL,0.0148143,0.00535714,0.00784302,4
36,16,UL,0,0,0,0
36,17,DL,0,0,0,0
36,17,UL,0,0,0,0
36,18,DL,0,0,0,0
36,18,UL,0,0,0,0
36,19,DL,0,0,0,0
36,19,UL,0,0,0,0
36,20,DL,0,0,0,0
36,20,UL,0,0,0,0
36,21,DL,0,0,0,0
36,21,UL,0,0,0,0
36,22,DL,0,0,0,0
36,22,UL,0,0,0,0
36,23,DL,0,0,0,0
36,23,UL,0,0,0,0
36,24,DL,0,0,0,0
36,24,UL,0,0,0,0
36,25,DL,0,0,0,0
36,25,UL,0,0,0,0
36,26,DL,0,0,0,0
36,26,UL,0,0,0,0
36,27,DL,0,0,0,0
36,27,UL,0,0,0,0
36,28,DL,0,0,0,0
36,28,UL,0,0,0,0
36,29,DL,0,0,0,0
36,29,UL,0,0,0,0
36,30,DL,0,0,0,0
36,30,UL,0,0,0,0
36,31,DL,0,0,0,0
36,31,UL,0,0,0,0
36,32,DL,0,0,0,0
36,32,UL,0,0,0,0
36,33,DL,0,0,0,0
36,33,UL,0,0,0,0
36,34,DL,0,0,0,0
36,34,UL,0,0,0,0
36,35,DL,0,0,0,0
36,35,UL,0,0,0,0
36,36,DL,0,0,0,0
36,36,UL,0,0,0,0
36,37,DL,0,0,0,0
36,37,UL,0,0,0,0
36,38,DL,0,0,0,0
36,38,UL,0,0,0,0
36,39,DL,0,0,0,0
36,39,UL,0,0,0,0
36,40,DL,0,0,0,0
36,40,UL,0,0,0,0
36,41,DL,0,0,0,0
36,41,UL,0,0,0,0
36,42,DL,0,0,0,0
36,42,UL,0,0,0,0
36,43,DL,0,0,0,0
36,43,UL,0,0,0,0
36,44,DL,0,0,0,0
36,44,UL,0,0,0,0
36,45,DL,0,0,0,0
36,45,UL,0,0,0,0
36,46,DL,0,0,0,0
36,46,UL,0,0,0,0
36,47,DL,0,0,0,0
36,47,UL,0,0,0,0
36,48,DL,0,0,0,0
36,48,UL,0,0,0,0
36,49,DL,0,0,0,0
36,49,UL,0,0,0,0
36,50,DL,0,0,0,0
36,50,UL,0,0,0,0
36,51,DL,0,0,0,0
36,51,UL,0,0,0,0
36,52,DL,0,0,0,0
36,52,UL,0,0,0,0
36,53,DL,0,0,0,0
36,53,UL,0,0,0,0
36,54,DL,0,0,0,0
36,54,UL,0,0,0,0
36,55,DL,0,0,0,0
36,55,UL,0,0,0,0
36,56,DL,0,0,0,0
36,56,UL,0,0,0,0
36,57,DL,0,0,0,0
36,57,UL,0,0,0,0
36,58,DL,0,0,0,0
36,58,UL,0,0,0,0
36,59,DL,0,0,0,0
36,59,UL,0,0,0,0
36,60,DL,0,0,0,0
36,60,UL,0,0,0,0
36,61,DL,0,0,0,0
36,61,UL,0,0,0,0
36,62,DL,0,0,0,0
36,62,UL,0,0,0,0
36,63,DL,0,0,0,0
36,63,UL,0,0,0,0
36,64,DL,0,0,0,0
36,64,UL,0,0,0,0
36,65,DL,0,0,0,0
36,65,UL,0,0,0,0
36,66,DL,0,0,0,0
36,66,UL,0,0,0,0
36,67,DL,0,0,0,0
36,67,UL,0,0,0,0
36,68,DL,0,0,0,0
36,68,UL,0,0,0,0
36,69,DL,0,0,0,0
36,69,UL,0,0,0,0
36,70,DL,0,0,0,0
36,70,UL,0,0,0,0
36,71,DL,0,0,0,0
36,71,UL,0,0,0,0
36,72,DL,0,0,0,0
36,72,UL,0,0,0,0
36,73,DL,0,0,0,0
36,73,UL,0,0,0,0
36,74,DL,0,0,0,0
36,74,UL,0,0,0,0
36,75,DL,0,0,0,0
36,75,UL,0,0,0,0
36,76,DL,0,0,0,0
36,76,UL,0,0,0,0
36,77,DL,0,0,0,0
36,77,UL,0,0,0,0
36,78,DL,0,0,0,0
36,78,UL,0,0,0,0
36,79,DL,0,0,0,0
36,79,UL,0,0,0,0
38,0,DL,0,0,0,0
38,0,UL,0,0,0,0
38,1,DL,0,0,0,0
38,1,UL,0,0,0,0
38,2,DL,0,0,0,0
38,2,UL,0,0,0,0
38,3,DL,0,0,0,0
38,3,UL,0,0,0,0
38,4,DL,0,0,0,0
38,4,UL,0,0,0,0
38,5,DL,0,0,0,0
38,5,UL,0,0,0,0
38,6,DL,0,0,0,0
38,6,UL,0,0,0,0
38,7,DL,0,0,0,0
38,7,UL,0,0,0,0
38,8,DL,0,0,0,0
38,8,UL,0,0,0,0
38,9,DL,0,0,0,0
38,9,UL,0,0,0,0
38,10,DL,0,0,0,0
38,10,UL,0,0,0,0
38,11,DL,0,0,0,0
38,11,UL,0,0,0,0
38,12,DL,0,0,0,0
38,12,UL,0,0,0,0
38,13,DL,0,0,0,0
38,13,UL,0,0,0,0
38,14,DL,0,0,0,0
38,14,UL,0,0,0,0
38,15,DL,0,0,0,0
38,15,UL,0,0,0,0
38,16,DL,0,0,0,0
38,16,UL,0,0,0,0
38,17,DL,0,0,0,0
38,17,UL,0,0,0,0
38,18,DL,0,0,0,0
38,18,UL,0,0,0,0
38,19,DL,0,0,0,0
38,19,UL,0,0,0,0
38,20,DL,0,0,0,0
38,20,UL,0,0,0,0
38,21,DL,0,0,0,0
38,21,UL,0,0,0,0
38,22,DL,0,0,0,0
38,22,UL,0,0,0,0
38,23,DL,0,0,0,0
38,23,UL,0,0,0,0
38,24,DL,0,0,0,0
38,24,UL,0,0,0,0
38,25,DL,0,0,0,0
38,25,UL,0,0,0,0
38,26,DL,0,0,0,0
38,26,UL,0,0,0,0
38,27,DL,0,0,0,0
38,27,UL,0,0,0,0
38,28,DL,0,0,0,0
38,28,UL,0,0,0,0
38,29,DL,0,0,0,0
38,29,UL,0,0,0,0
38,30,DL,0,0,0,0
38,30,UL,0,0,0,0
38,31,DL,0,0,0,0
38,31,UL,0,0,0,0
38,32,DL,0,0,0,0
38,32,UL,0,0,0,0
38,33,DL,0,0,0,0
38,33,UL,0,0,0,0
38,34,DL,0,0,0,0
38,34,UL,0,0,0,0
38,35,DL,0,0,0,0
38,35,UL,0,0,0,0
38,36,DL,0,0,0,0
38,36,UL,0,0,0,0
38,37,DL,0,0,0,0
38,37,UL,0,0,0,0
38,38,DL,0,0,0,0
38,38,UL,0,0,0,0
38,39,DL,0,0,0,0
38,39,UL,0,0,0,0
38,40,DL,0,0,0,0
38,40,UL,0,0,0,0
38,41,DL,0,0,0,0
38,41,UL,0,0,0,0
38,42,DL,0,0,0,0
38,42,UL,0,0,0,0
38,43,DL,0,0,0,0
38,43,UL,0,0,0,0
38,44,DL,0,0,0,0
38,44,UL,0,0,0,0
38,45,DL,0,0,0,0
38,45,UL,0,0,0,0
38,46,DL,0,0,0,0
38,46,UL,0,0,0,0
38,47,DL,0,0,0,0
38,47,UL,0,0,0,0
38,48,DL,0,0,0,0
38,48,UL,0,0,0,0
38,49,DL,0,0,0,0
38,49,UL,0,0,0,0
38,50,DL,0,0,0,0
38,50,UL,0,0,0,0
38,51,DL,0,0,0,0
38,51,UL,0,0,0,0
38,52,DL,0,0,0,0
38,52,UL,0,0,0,0
38,53,DL,0,0,0,0
38,53,UL,0,0,0,0
38,54,DL,0,0,0,0
38,54,UL,0,0,0,0
38,55,DL,0,0,0,0
38,55,UL,0,0,0,0
38,56,DL,0,0,0,0
38,56,UL,0,0,0,0
38,57,DL,0,0,0,0
38,57,UL,0,0,0,0
38,58,DL,0,0,0,0
38,58,UL,0,0,0,0
38,59,DL,0,0,0,0
38,59,UL,0,0,0,0
38,60,DL,0,0,0,0
38,60,UL,0,0,0,0
38,61,DL,0,0,0,0
38,61,UL,0,0,0,0
38,62,DL,0,0,0,0
38,62,UL,0,0,0,0
38,63,DL,0,0,0,0
38,63,UL,0,0,0,0
38,64,DL,0,0,0,0
38,64,UL,0,0,0,0
38,65,DL,0,0,0,0
38,65,UL,0,0,0,0
38,66,DL,0,0,0,0
38,66,UL,0,0,0,0
38,67,DL,0,0,0,0
38,67,UL,0,0,0,0
38,68,DL,0,0,0,0
38,68,UL,0,0,0,0
38,69,DL,0,0,0,0
38,69,UL,0,0,0,0
38,70,DL,0,0,0,0
38,70,UL,0,0,0,0
38,71,DL,0,0,0,0
38,71,UL,0,0,0,0
38,72,DL,0,0,0,0
38,72,UL,0,0,0,0
38,73,DL,0,0,0,0
38,73,UL,0,0,0,0
38,74,DL,0,0,0,0
38,74,UL,0,0,0,0
38,75,DL,0,0,0,0
38,75,UL,0,0,0,0
38,76,DL,0,0,0,0
38,76,UL,0,0,0,0
38,77,DL,0,0,0,0
38,77,UL,0,0,0,0
38,78,DL,0,0,0,0
38,78,UL,0,0,0,0
38,79,DL,0,0,0,0
38,79,UL,0,0,0,0
40,0,DL,0,0,0,0
40,0,UL,0,0,0,0
40,1,DL,0,0,0,0
40,1,UL,0,0,0,0
40,2,DL,0,0,0,0
40,2,UL,0,0,0,0
40,3,DL,0,0,0,0
40,3,UL,0,0,0,0
40,4,DL,0,0,0,0
40,4,UL,0,0,0,0
40,5,DL,0,0,0,0
40,5,UL,0,0,0,0
40,6,DL,0,0,0,0
40,6,UL,0,0,0,0
40,7,DL,0,0,0,0
40,7,UL,0,0,0,0
40,8,DL,0,0,0,0
40,8,UL,0,0,0,0
40,9,DL,0,0,0,0
40,9,UL,0,0,0,0
40,10,DL,0,0,0,0
40,10,UL,0,0,0,0
40,11,DL,0,0,0,0
40,11,UL,0,0,0,0
40,12,DL,0,0,0,0
40,12,UL,0,0,0,0
40,13,DL,0,0,0,0
40,13,UL,0,0,0,0
40,14,DL,0,0,0,0
40,14,UL,0,0,0,0
40,15,DL,0,0,0,0
40,15,UL,0,0,0,0
40,16,DL,0,0,0,0
40,16,UL,0,0,0,0
40,17,DL,0,0,0,0
40,17,UL,0,0,0,0
40,18,DL,0,0,0,0
40,18,UL,0,0,0,0
40,19,DL,0,0,0,0
40,19,UL,0,0,0,0
40,20,DL,0,0,0,0
40,20,UL,0,0,0,0
40,21,DL,0,0,0,0
40,21,UL,0,0,0,0
40,22,DL,0,0,0,0
40,22,UL,0,0,0,0
40,23,DL,0,0,0,0
40,23,UL,0,0,0,0
40,24,DL,0,0,0,0
40,24,UL,0,0,0,0
40,25,DL,0,0,0,0
40,25,UL,0,0,0,0
40,26,DL,0,0,0,0
40,26,UL,0,0,0,0
40,27,DL,0,0,0,0
40,27,UL,0,0,0,0
40,28,DL,0,0,0,0
40,28,UL,0,0,0,0
40,29,DL,0,0,0,0
40,29,UL,0,0,0,0
40,30,DL,0,0,0,0
40,30,UL,0,0,0,0
40,31,DL,0,0,0,0
40,31,UL,0,0,0,0
40,32,DL,0,0,0,0
40,32,UL,0,0,0,0
40,33,DL,0,0,0,0
40,33,UL,0,0,0,0
40,34,DL,0,0,0,0
40,34,UL,0,0,0,0
40,35,DL,0,0,0,0
40,35,UL,0,0,0,0
40,36,DL,0,0,0,0
40,36,UL,0,0,0,0
40,37,DL,0.0411,0,0.00392151,2
40,37,UL,0,0,0,0
40,38,DL,0,0,0,0
40,38,UL,0,0,0,0
40,39,DL,0,0,0,0
40,39,UL,0,0,0,0
40,40,DL,0,0,0,0
40,40,UL,0,0,0,0
40,41,DL,0,0,0,0
40,41,UL,0,0,0,0
40,42,DL,0,0,0,0
40,42,UL,0,0,0,0
40,43,DL,0,0,0,0
40,43,UL,0,0,0,0
40,44,DL,0,0,0,0
40,44,UL,0,0,0,0
40,45,DL,0,0,0,0
40,45,UL,0,0,0,0
40,46,DL,0,0,0,0
40,46,UL,0,0,0,0
40,47,DL,0,0,0,0
40,47,UL,0,0,0,0
40,48,DL,0,0,0,0
40,48,UL,0,0,0,0
40,49,DL,0,0,0,0
40,49,UL,0,0,0,0
40,50,DL,0,0,0,0
40,50,UL,0,0,0,0
40,51,DL,0,0,0,0
40,51,UL,0,0,0,0
40,52,DL,0,0,0,0
40,52,UL,0,0,0,0
40,53,DL,0,0,0,0
40,53,UL,0,0,0,0
40,54,DL,0,0,0,0
40,54,UL,0,0,0,0
40,55,DL,0,0,0,0
40,55,UL,0,0,0,0
40,56,DL,0,0,0,0
40,56,UL,0,0,0,0
40,57,DL,0,0,0,0
40,57,UL,0,0,0,0
40,58,DL,0,0,0,0
40,58,UL,0,0,0,0
40,59,DL,0,0,0,0
40,59,UL,0,0,0,0
40,60,DL,0,0,0,0
40,60,UL,0,0,0,0
40,61,DL,0,0,0,0
40,61,UL,0,0,0,0
40,62,DL,0,0,0,0
40,62,UL,0,0,0,0
40,63,DL,0,0,0,0
40,63,UL,0,0,0,0
40,64,DL,0,0,0,0
40,64,UL,0,0,0,0
40,65,DL,0,0,0,0
40,65,UL,0,0,0,0
40,66,DL,0,0,0,0
40,66,UL,0,0,0,0
40,67,DL,0,0,0,0
40,67,UL,0,0,0,0
40,68,DL,0,0,0,0
40,68,UL,0,0,0,0
40,69,DL,0,0,0,0
40,69,UL,0,0,0,0
40,70,DL,0,0,0,0
40,70,UL,0,0,0,0
40,71,DL,0,0,0,0
40,71,UL,0,0,0,0
40,72,DL,0.0306,0.01725,0.015686,8
40,72,UL,0,0,0,0
40,73,DL,0,0,0,0
40,73,UL,0,0,0,0
40,74,DL,0,0,0,0
40,74,UL,0,0,0,0
40,75,DL,0,0,0,0
40,75,UL,0,0,0,0
40,76,DL,0,0,0,0
40,76,UL,0,0,0,0
40,77,DL,0,0,0,0
40,77,UL,0,0,0,0
40,78,DL,0,0,0,0
40,78,UL,0,0,0,0
40,79,DL,0,0,0,0
40,79,UL,0,0,0,0
42,0,DL,0,0,0,0
42,0,UL,0,0,0,0
42,1,DL,0,0,0,0
42,1,UL,0,0,0,0
42,2,DL,0,0,0,0
42,2,UL,0,0,0,0
42,3,DL,0,0,0,0
42,3,UL,0,0,0,0
42,4,DL,0,0,0,0
42,4,UL,0,0,0,0
42,5,DL,0,0,0,0
42,5,UL,0,0,0,0
42,6,DL,0,0,0,0
42,6,UL,0,0,0,0
42,7,DL,0,0,0,0
42,7,UL,0,0,0,0
42,8,DL,0,0,0,0
42,8,UL,0,0,0,0
42,9,DL,0,0,0,0
42,9,UL,0,0,0,0
42,10,DL,0,0,0,0
42,10,UL,0,0,0,0
42,11,DL,0,0,0,0
42,11,UL,0,0,0,0
42,12,DL,0,0,0,0
42,12,UL,0,0,0,0
42,13,DL,0,0,0,0
42,13,UL,0,0,0,0
42,14,DL,0,0,0,0
42,14,UL,0,0,0,0
42,15,DL,0,0,0,0
42,15,UL,0,0,0,0
42,16,DL,0,0,0,0
42,16,UL,0,0,0,0
42,17,DL,0,0,0,0
42,17,UL,0,0,0,0
42,18,DL,0,0,0,0
42,18,UL,0,0,0,0
42,19,DL,0,0,0,0
42,19,UL,0,0,0,0
42,20,DL,0,0,0,0
42,20,UL,0,0,0,0
42,21,DL,0,0,0,0
42,21,UL,0,0,0,0
42,22,DL,0,0,0,0
42,22,UL,0,0,0,0
42,23,DL,0,0,0,0
42,23,UL,0,0,0,0
42,24,DL,0,0,0,0
42,24,UL,0,0,0,0
42,25,DL,0,0,0,0
42,25,UL,0,0,0,0
42,26,DL,0,0,0,0
42,26,UL,0,0,0,0
42,27,DL,0,0,0,0
42,27,UL,0,0,0,0
42,28,DL,0,0,0,0
42,28,UL,0,0,0,0
42,29,DL,0,0,0,0
42,29,UL,0,0,0,0
42,30,DL,0,0,0,0
42,30,UL,0,0,0,0
42,31,DL,0,0,0,0
42,31,UL,0,0,0,0
42,32,DL,0,0,0,0
42,32,UL,0,0,0,0
42,33,DL,0,0,0,0
42,33,UL,0,0,0,0
42,34,DL,0,0,0,0
42,34,UL,0,0,0,0
42,35,DL,0,0,0,0
42,35,UL,0,0,0,0
42,36,DL,0,0,0,0
42,36,UL,0,0,0,0
42,37,DL,0,0,0,0
42,37,UL,0,0,0,0
42,38,DL,0,0,0,0
42,38,UL,0,0,0,0
42,39,DL,0,0,0,0
42,39,UL,0,0,0,0
42,40,DL,0,0,0,0
42,40,UL,0,0,0,0
42,41,DL,0,0,0,0
42,41,UL,0,0,0,0
42,42,DL,0,0,0,0
42,42,UL,0,0,0,0
42,43,DL,0,0,0,0
42,43,UL,0,0,0,0
42,44,DL,0,0,0,0
42,44,UL,0,0,0,0
42,45,DL,0,0,0,0
42,45,UL,0,0,0,0
42,46,DL,0,0,0,0
42,46,UL,0,0,0,0
42,47,DL,0,0,0,0
42,47,UL,0,0,0,0
42,48,DL,0,0,0,0
42,48,UL,0,0,0,0
42,49,DL,0,0,0,0
42,49,UL,0,0,0,0
42,50,DL,0,0,0,0
42,50,UL,0,0,0,0
42,51,DL,0,0,0,0
42,51,UL,0,0,0,0
42,52,DL,0,0,0,0
42,52,UL,0,0,0,0
42,53,DL,0,0,0,0
42,53,UL,0,0,0,0
42,54,DL,0,0,0,0
42,54,UL,0,0,0,0
42,55,DL,0,0,0,0
42,55,UL,0,0,0,0
42,56,DL,0,0,0,0
42,56,UL,0,0,0,0
42,57,DL,0,0,0,0
42,57,UL,0,0,0,0
42,58,DL,0,0,0,0
42,58,UL,0,0,0,0
42,59,DL,0,0,0,0
42,59,UL,0,0,0,0
42,60,DL,0,0,0,0
42,60,UL,0,0,0,0
42,61,DL,0,0,0,0
42,61,UL,0,0,0,0
42,62,DL,0,0,0,0
42,62,UL,0,0,0,0
42,63,DL,0,0,0,0
42,63,UL,0,0,0,0
42,64,DL,0,0,0,0
42,64,UL,0,0,0,0
42,65,DL,0,0,0,0
42,65,UL,0,0,0,0
42,66,DL,0,0,0,0
42,66,UL,0,0,0,0
42,67,DL,0,0,0,0
42,67,UL,0,0,0,0
42,68,DL,0,0,0,0
42,68,UL,0,0,0,0
42,69,DL,0,0,0,0
42,69,UL,0,0,0,0
42,70,DL,0,0,0,0
42,70,UL,0,0,0,0
42,71,DL,0,0,0,0
42,71,UL,0,0,0,0
42,72,DL,0,0,0,0
42,72,UL,0,0,0,0
42,73,DL,0,0,0,0
42,73,UL,0,0,0,0
42,74,DL,0,0,0,0
42,74,UL,0,0,0,0
42,75,DL,0,0,0,0
42,75,UL,0,0,0,0
42,76,DL,0,0,0,0
42,76,UL,0,0,0,0
42,77,DL,0,0,0,0
42,77,UL,0,0,0,0
42,78,DL,0,0,0,0
42,78,UL,0,0,0,0
42,79,DL,0,0,0,0
42,79,UL,0,0,0,0
44,0,DL,0,0,0,0
44,0,UL,0,0,0,0
44,1,DL,0,0,0,0
44,1,UL,0,0,0,0
44,2,DL,0,0,0,0
44,2,UL,0,0,0,0
44,3,DL,0,0,0,0
44,3,UL,0,0,0,0
44,4,DL,0,0,0,0
44,4,UL,0,0,0,0
44,5,DL,0,0,0,0
44,5,UL,0,0,0,0
44,6,DL,0,0,0,0
44,6,UL,0,0,0,0
44,7,DL,0,0,0,0
44,7,UL,0,0,0,0
44,8,DL,0,0,0,0
44,8,UL,0,0,0,0
44,9,DL,0,0,0,0
44,9,UL,0,0,0,0
44,10,DL,0,0,0,0
44,10,UL,0,0,0,0
44,11,DL,0,0,0,0
44,11,UL,0,0,0,0
44,12,DL,0,0,0,0
44,12,UL,0,0,0,0
44,13,DL,0,0,0,0
44,13,UL,0,0,0,0
44,14,DL,0,0,0,0
44,14,UL,0,0,0,0
44,15,DL,0,0,0,0
44,15,UL,0,0,0,0
44,16,DL,0,0,0,0
44,16,UL,0,0,0,0
44,17,DL,0,0,0,0
44,17,UL,0,0,0,0
44,18,DL,0,0,0,0
44,18,UL,0,0,0,0
44,19,DL,0,0,0,0
44,19,UL,0,0,0,0
44,20,DL,0,0,0,0
44,20,UL,0,0,0,0
44,21,DL,0,0,0,0
44,21,UL,0,0,0,0
44,22,DL,0,0,0,0
44,22,UL,0,0,0,0
44,23,DL,0,0,0,0
44,23,UL,0,0,0,0
44,24,DL,0,0,0,0
44,24,UL,0,0,0,0
44,25,DL,0,0,0,0
44,25,UL,0,0,0,0
44,26,DL,0,0,0,0
44,26,UL,0,0,0,0
44,27,DL,0,0,0,0
44,27,UL,0,0,0,0
44,28,DL,0,0,0,0
44,28,UL,0,0,0,0
44,29,DL,0,0,0,0
44,29,UL,0,0,0,0
44,30,DL,0,0,0,0
44,30,UL,0,0,0,0
44,31,DL,0,0,0,0
44,31,UL,0,0,0,0
44,32,DL,0,0,0,0
44,32,UL,0,0,0,0
44,33,DL,0,0,0,0
44,33,UL,0,0,0,0
44,34,DL,0,0,0,0
44,34,UL,0,0,0,0
44,35,DL,0,0,0,0
44,35,UL,0,0,0,0
44,36,DL,0,0,0,0
44,36,UL,0,0,0,0
44,37,DL,0,0,0,0
44,37,UL,0,0,0,0
44,38,DL,0,0,0,0
44,38,UL,0,0,0,0
44,39,DL,0.376218,0.105118,0.0666656,34
44,39,UL,0,0,0,0
44,40,DL,0,0,0,0
44,40,UL,0,0,0,0
44,41,DL,0,0,0,0
44,41,UL,0,0,0,0
44,42,DL,0,0,0,0
44,42,UL,0,0,0,0
44,43,DL,0,0,0,0
44,43,UL,0,0,0,0
44,44,DL,0,0,0,0
44,44,UL,0,0,0,0
44,45,DL,0,0,0,0
44,45,UL,0,0,0,0
44,46,DL,0,0,0,0
44,46,UL,0,0,0,0
44,47,DL,0,0,0,0
44,47,UL,0,0,0,0
44,48,DL,0,0,0,0
44,48,UL,0,0,0,0
44,49,DL,0,0,0,0
44,49,UL,0,0,0,0
44,50,DL,0,0,0,0
44,50,UL,0,0,0,0
44,51,DL,0,0,0,0
44,51,UL,0,0,0,0
44,52,DL,0,0,0,0
44,52,UL,0,0,0,0
44,53,DL,0,0,0,0
44,53,UL,0,0,0,0
44,54,DL,0,0,0,0
44,54,UL,0,0,0,0
44,55,DL,0,0,0,0
44,55,UL,0,0,0,0
44,56,DL,0,0,0,0
44,56,UL,0,0,0,0
44,57,DL,0,0,0,0
44,57,UL,0,0,0,0
44,58,DL,0,0,0,0
44,58,UL,0,0,0,0
44,59,DL,0,0,0,0
44,59,UL,0,0,0,0
44,60,DL,0,0,0,0
44,60,UL,0,0,0,0
44,61,DL,0,0,0,0
44,61,UL,0,0,0,0
44,62,DL,0,0,0,0
44,62,UL,0,0,0,0
44,63,DL,0,0,0,0
44,63,UL,0,0,0,0
44,64,DL,0,0,0,0
44,64,UL,0,0,0,0
44,65,DL,0,0,0,0
44,65,UL,0,0,0,0
44,66,DL,0,0,0,0
44,66,UL,0,0,0,0
44,67,DL,0,0,0,0
44,67,UL,0,0,0,0
44,68,DL,0,0,0,0
44,68,UL,0,0,0,0
44,69,DL,0,0,0,0
44,69,UL,0,0,0,0
44,70,DL,0,0,0,0
44,70,UL,0,0,0,0
44,71,DL,0,0,0,0
44,71,UL,0,0,0,0
44,72,DL,0.0352428,0.038,0.0274506,14
44,72,UL,0,0,0,0
44,73,DL,0,0,0,0
44,73,UL,0,0,0,0
44,74,DL,0,0,0,0
44,74,UL,0,0,0,0
44,75,DL,0,0,0,0
44,75,UL,0,0,0,0
44,76,DL,0,0,0,0
44,76,UL,0,0,0,0
44,77,DL,0,0,0,0
44,77,UL,0,0,0,0
44,78,DL,0,0,0,0
44,78,UL,0,0,0,0
44,79,DL,0,0,0,0
44,79,UL,0,0,0,0
46,0,DL,0,0,0,0
46,0,UL,0,0,0,0
46,1,DL,0,0,0,0
46,1,UL,0,0,0,0
46,2,DL,0,0,0,0
46,2,UL,0,0,0,0
46,3,DL,0,0,0,0
46,3,UL,0,0,0,0
46,4,DL,0,0,0,0
46,4,UL,0,0,0,0
46,5,DL,0,0,0,0
46,5,UL,0,0,0,0
46,6,DL,0,0,0,0
46,6,UL,0,0,0,0
46,7,DL,0,0,0,0
46,7,UL,0,0,0,0
46,8,DL,0.00759999,0.0035,0.00784302,4
46,8,UL,0,0,0,0
46,9,DL,0,0,0,0
46,9,UL,0,0,0,0
46,10,DL,0.0754333,0.0596667,0.0117645,6
46,10,UL,0,0,0,0
46,11,DL,0,0,0,0
46,11,UL,0,0,0,0
46,12,DL,0,0,0,0
46,12,UL,0,0,0,0
46,13,DL,0,0,0,0
46,13,UL,0,0,0,0
46,14,DL,0,0,0,0
46,14,UL,0,0,0,0
46,15,DL,0,0,0,0
46,15,UL,0,0,0,0
46,16,DL,0,0,0,0
46,16,UL,0,0,0,0
46,17,DL,0,0,0,0
46,17,UL,0,0,0,0
46,18,DL,0,0,0,0
46,18,UL,0,0,0,0
46,19,DL,0,0,0,0
46,19,UL,0,0,0,0
46,20,DL,0,0,0,0
46,20,UL,0,0,0,0
46,21,DL,0,0,0,0
46,21,UL,0,0,0,0
46,22,DL,0,0,0,0
46,22,UL,0,0,0,0
46,23,DL,0,0,0,0
46,23,UL,0,0,0,0
46,24,DL,0,0,0,0
46,24,UL,0,0,0,0
46,25,DL,0,0,0,0
46,25,UL,0,0,0,0
46,26,DL,0,0,0,0
46,26,UL,0,0,0,0
46,27,DL,0,0,0,0
46,27,UL,0,0,0,0
46,28,DL,0,0,0,0
46,28,UL,0,0,0,0
46,29,DL,0,0,0,0
46,29,UL,0,0,0,0
46,30,DL,0,0,0,0
46,30,UL,0,0,0,0
46,31,DL,0,0,0,0
46,31,UL,0,0,0,0
46,32,DL,0,0,0,0
46,32,UL,0,0,0,0
46,33,DL,0,0,0,0
46,33,UL,0,0,0,0
46,34,DL,0,0,0,0
46,34,UL,0,0,0,0
46,35,DL,0,0,0,0
46,35,UL,0,0,0,0
46,36,DL,0,0,0,0
46,36,UL,0,0,0,0
46,37,DL,0,0,0,0
46,37,UL,0,0,0,0
46,38,DL,0,0,0,0
46,38,UL,0,0,0,0
46,39,DL,0,0,0,0
46,39,UL,0,0,0,0
46,40,DL,0,0,0,0
46,40,UL,0,0,0,0
46,41,DL,0,0,0,0
46,41,UL,0,0,0,0
46,42,DL,0,0,0,0
46,42,UL,0,0,0,0
46,43,DL,0,0,0,0
46,43,UL,0,0,0,0
46,44,DL,0,0,0,0
46,44,UL,0,0,0,0
46,45,DL,0,0,0,0
46,45,UL,0,0,0,0
46,46,DL,0,0,0,0
46,46,UL,0,0,0,0
46,47,DL,0,0,0,0
46,47,UL,0,0,0,0
46,48,DL,0,0,0,0
46,48,UL,0,0,0,0
46,49,DL,0,0,0,0
46,49,UL,0,0,0,0
46,50,DL,0,0,0,0
46,50,UL,0,0,0,0
46,51,DL,0,0,0,0
46,51,UL,0,0,0,0
46,52,DL,0,0,0,0
46,52,UL,0,0,0,0
46,53,DL,0,0,0,0
46,53,UL,0,0,0,0
46,54,DL,0,0,0,0
46,54,UL,0,0,0,0
46,55,DL,0,0,0,0
46,55,UL,0,0,0,0
46,56,DL,0,0,0,0
46,56,UL,0,0,0,0
46,57,DL,0,0,0,0
46,57,UL,0,0,0,0
46,58,DL,0,0,0,0
46,58,UL,0,0,0,0
46,59,DL,0,0,0,0
46,59,UL,0,0,0,0
46,60,DL,0,0,0,0
46,60,UL,0,0,0,0
46,61,DL,0,0,0,0
46,61,UL,0,0,0,0
46,62,DL,0,0,0,0
46,62,UL,0,0,0,0
46,63,DL,0,0,0,0
46,63,UL,0,0,0,0
46,64,DL,0,0,0,0
46,64,UL,0,0,0,0
46,65,DL,0,0,0,0
46,65,UL,0,0,0,0
46,66,DL,0,0,0,0
46,66,UL,0,0,0,0
46,67,DL,0,0,0,0
46,67,UL,0,0,0,0
46,68,DL,0,0,0,0
46,68,UL,0,0,0,0
46,69,DL,0,0,0,0
46,69,UL,0,0,0,0
46,70,DL,0,0,0,0
46,70,UL,0,0,0,0
46,71,DL,0,0,0,0
46,71,UL,0,0,0,0
46,72,DL,0,0,0,0
46,72,UL,0,0,0,0
46,73,DL,0,0,0,0
46,73,UL,0,0,0,0
46,74,DL,0,0,0,0
46,74,UL,0,0,0,0
46,75,DL,0,0,0,0
46,75,UL,0,0,0,0
46,76,DL,0,0,0,0
46,76,UL,0,0,0,0
46,77,DL,0,0,0,0
46,77,UL,0,0,0,0
46,78,DL,0,0,0,0
46,78,UL,0,0,0,0
46,79,DL,0,0,0,0
46,79,UL,0,0,0,0
48,0,DL,0,0,0,0
48,0,UL,0,0,0,0
48,1,DL,0,0,0,0
48,1,UL,0,0,0,0
48,2,DL,0,0,0,0
48,2,UL,0,0,0,0
48,3,DL,0,0,0,0
48,3,UL,0,0,0,0
48,4,DL,0,0,0,0
48,4,UL,0,0,0,0
48,5,DL,0,0,0,0
48,5,UL,0,0,0,0
48,6,DL,0,0,0,0
48,6,UL,0,0,0,0
48,7,DL,0,0,0,0
48,7,UL,0,0,0,0
48,8,DL,0,0,0,0
48,8,UL,0,0,0,0
48,9,DL,0,0,0,0
48,9,UL,0,0,0,0
48,10,DL,0,0,0,0
48,10,UL,0,0,0,0
48,11,DL,0,0,0,0
48,11,UL,0,0,0,0
48,12,DL,0,0,0,0
48,12,UL,0,0,0,0
48,13,DL,0,0,0,0
48,13,UL,0,0,0,0
48,14,DL,0,0,0,0
48,14,UL,0,0,0,0
48,15,DL,0,0,0,0
48,15,UL,0,0,0,0
48,16,DL,0,0,0,0
48,16,UL,0,0,0,0
48,17,DL,0,0,0,0
48,17,UL,0,0,0,0
48,18,DL,0,0,0,0
48,18,UL,0,0,0,0
48,19,DL,0,0,0,0
48,19,UL,0,0,0,0
48,20,DL,0,0,0,0
48,20,UL,0,0,0,0
48,21,DL,0,0,0,0
48,21,UL,0,0,0,0
48,22,DL,0,0,0,0
48,22,UL,0,0,0,0
48,23,DL,0,0,0,0
48,23,UL,0,0,0,0
48,24,DL,0,0,0,0
48,24,UL,0,0,0,0
48,25,DL,0,0,0,0
48,25,UL,0,0,0,0
48,26,DL,0,0,0,0
48,26,UL,0,0,0,0
48,27,DL,0,0,0,0
48,27,UL,0,0,0,0
48,28,DL,0,0,0,0
48,28,UL,0,0,0,0
48,29,DL,0,0,0,0
48,29,UL,0,0,0,0
48,30,DL,0,0,0,0
48,30,UL,0,0,0,0
48,31,DL,0,0,0,0
48,31,UL,0,0,0,0
48,32,DL,0,0,0,0
48,32,UL,0,0,0,0
48,33,DL,0,0,0,0
48,33,UL,0,0,0,0
48,34,DL,0,0,0,0
48,34,UL,0,0,0,0
48,35,DL,0,0,0,0
48,35,UL,0,0,0,0
48,36,DL,0,0,0,0
48,36,UL,0,0,0,0
48,37,DL,0,0,0,0
48,37,UL,0,0,0,0
48,38,DL,0,0,0,0
48,38,UL,0,0,0,0
48,39,DL,0,0,0,0
48,39,UL,0,0,0,0
48,40,DL,0,0,0,0
48,40,UL,0,0,0,0
48,41,DL,0,0,0,0
48,41,UL,0,0,0,0
48,42,DL,0,0,0,0
48,42,UL,0,0,0,0
48,43,DL,0,0,0,0
48,43,UL,0,0,0,0
48,44,DL,0,0,0,0
48,44,UL,0,0,0,0
48,45,DL,0,0,0,0
48,45,UL,0,0,0,0
48,46,DL,0,0,0,0
48,46,UL,0,0,0,0
48,47,DL,0,0,0,0
48,47,UL,0,0,0,0
48,48,DL,0,0,0,0
48,48,UL,0,0,0,0
48,49,DL,0,0,0,0
48,49,UL,0,0,0,0
48,50,DL,0,0,0,0
48,50,UL,0,0,0,0
48,51,DL,0,0,0,0
48,51,UL,0,0,0,0
48,52,DL,0,0,0,0
48,52,UL,0,0,0,0
48,53,DL,0,0,0,0
48,53,UL,0,0,0,0
48,54,DL,0,0,0,0
48,54,UL,0,0,0,0
48,55,DL,0,0,0,0
48,55,UL,0,0,0,0
48,56,DL,0,0,0,0
48,56,UL,0,0,0,0
48,57,DL,0,0,0,0
48,57,UL,0,0,0,0
48,58,DL,0,0,0,0
48,58,UL,0,0,0,0
48,59,DL,0,0,0,0
48,59,UL,0,0,0,0
48,60,DL,0,0,0,0
48,60,UL,0,0,0,0
48,61,DL,0,0,0,0
48,61,UL,0,0,0,0
48,62,DL,0,0,0,0
48,62,UL,0,0,0,0
48,63,DL,0,0,0,0
48,63,UL,0,0,0,0
48,64,DL,0,0,0,0
48,64,UL,0,0,0,0
48,65,DL,0,0,0,0
48,65,UL,0,0,0,0
48,66,DL,0,0,0,0
48,66,UL,0,0,0,0
48,67,DL,0,0,0,0
48,67,UL,0,0,0,0
48,68,DL,0,0,0,0
48,68,UL,0,0,0,0
48,69,DL,0,0,0,0
48,69,UL,0,0,0,0
48,70,DL,0,0,0,0
48,70,UL,0,0,0,0
48,71,DL,0,0,0,0
48,71,UL,0,0,0,0
48,72,DL,0.0677667,0.049,0.0117645,6
48,72,UL,0,0,0,0
48,73,DL,0,0,0,0
48,73,UL,0,0,0,0
48,74,DL,0,0,0,0
48,74,UL,0,0,0,0
48,75,DL,0,0,0,0
48,75,UL,0,0,0,0
48,76,DL,0,0,0,0
48,76,UL,0,0,0,0
48,77,DL,0,0,0,0
48,77,UL,0,0,0,0
48,78,DL,0,0,0,0
48,78,UL,0,0,0,0
48,79,DL,0.183361,0.0666957,0.0901947,46
48,79,UL,0,0,0,0
50,0,DL,0,0,0,0
50,0,UL,0,0,0,0
50,1,DL,0,0,0,0
50,1,UL,0,0,0,0
50,2,DL,0,0,0,0
50,2,UL,0,0,0,0
50,3,DL,0,0,0,0
50,3,UL,0,0,0,0
50,4,DL,0,0,0,0
50,4,UL,0,0,0,0
50,5,DL,0,0,0,0
50,5,UL,0,0,0,0
50,6,DL,0,0,0,0
50,6,UL,0,0,0,0
50,7,DL,0,0,0,0
50,7,UL,0,0,0,0
50,8,DL,0,0,0,0
50,8,UL,0,0,0,0
50,9,DL,0,0,0,0
50,9,UL,0,0,0,0
50,10,DL,0,0,0,0
50,10,UL,0,0,0,0
50,11,DL,0,0,0,0
50,11,UL,0,0,0,0
50,12,DL,0,0,0,0
50,12,UL,0,0,0,0
50,13,DL,0,0,0,0
50,13,UL,0,0,0,0
50,14,DL,0,0,0,0
50,14,UL,0,0,0,0
50,15,DL,0,0,0,0
50,15,UL,0,0,0,0
50,16,DL,0,0,0,0
50,16,UL,0,0,0,0
50,17,DL,0,0,0,0
50,17,UL,0,0,0,0
50,18,DL,0,0,0,0
50,18,UL,0,0,0,0
50,19,DL,0,0,0,0
50,19,UL,0,0,0,0
50,20,DL,0,0,0,0
50,20,UL,0,0,0,0
50,21,DL,0,0,0,0
50,21,UL,0,0,0,0
50,22,DL,0,0,0,0
50,22,UL,0,0,0,0
50,23,DL,0,0,0,0
50,23,UL,0,0,0,0
50,24,DL,0,0,0,0
50,24,UL,0,0,0,0
50,25,DL,0,0,0,0
50,25,UL,0,0,0,0
50,26,DL,0,0,0,0
50,26,UL,0,0,0,0
50,27,DL,0,0,0,0
50,27,UL,0,0,0,0
50,28,DL,0,0,0,0
50,28,UL,0,0,0,0
50,29,DL,0,0,0,0
50,29,UL,0,0,0,0
50,30,DL,0,0,0,0
50,30,UL,0,0,0,0
50,31,DL,0,0,0,0
50,31,UL,0,0,0,0
50,32,DL,0,0,0,0
50,32,UL,0,0,0,0
50,33,DL,0,0,0,0
50,33,UL,0,0,0,0
50,34,DL,0,0,0,0
50,34,UL,0,0,0,0
50,35,DL,0,0,0,0
50,35,UL,0,0,0,0
50,36,DL,0,0,0,0
50,36,UL,0,0,0,0
50,37,DL,0,0,0,0
50,37,UL,0,0,0,0
50,38,DL,0,0,0,0
50,38,UL,0,0,0,0
50,39,DL,0,0,0,0
50,39,UL,0,0,0,0
50,40,DL,0,0,0,0
50,40,UL,0,0,0,0
50,41,DL,0,0,0,0
50,41,UL,0,0,0,0
50,42,DL,0,0,0,0
50,42,UL,0,0,0,0
50,43,DL,0,0,0,0
50,43,UL,0,0,0,0
50,44,DL,0,0,0,0
50,44,UL,0,0,0,0
50,45,DL,0,0,0,0
50,45,UL,0,0,0,0
50,46,DL,0,0,0,0
50,46,UL,0,0,0,0
50,47,DL,0,0,0,0
50,47,UL,0,0,0,0
50,48,DL,0,0,0,0
50,48,UL,0,0,0,0
50,49,DL,0,0,0,0
50,49,UL,0,0,0,0
50,50,DL,0,0,0,0
50,50,UL,0,0,0,0
50,51,DL,0,0,0,0
50,51,UL,0,0,0,0
50,52,DL,0,0,0,0
50,52,UL,0,0,0,0
50,53,DL,0,0,0,0
50,53,UL,0,0,0,0
50,54,DL,0,0,0,0
50,54,UL,0,0,0,0
50,55,DL,0,0,0,0
50,55,UL,0,0,0,0
50,56,DL,0,0,0,0
50,56,UL,0,0,0,0
50,57,DL,0,0,0,0
50,57,UL,0,0,0,0
50,58,DL,0,0,0,0
50,58,UL,0,0,0,0
50,59,DL,0,0,0,0
50,59,UL,0,0,0,0
50,60,DL,0,0,0,0
50,60,UL,0,0,0,0
50,61,DL,0,0,0,0
50,61,UL,0,0,0,0
50,62,DL,0,0,0,0
50,62,UL,0,0,0,0
50,63,DL,0,0,0,0
50,63,UL,0,0,0,0
50,64,DL,0,0,0,0
50,64,UL,0,0,0,0
50,65,DL,0,0,0,0
50,65,UL,0,0,0,0
50,66,DL,0,0,0,0
50,66,UL,0,0,0,0
50,67,DL,0,0,0,0
50,67,UL,0,0,0,0
50,68,DL,0,0,0,0
50,68,UL,0,0,0,0
50,69,DL,0,0,0,0
50,69,UL,0,0,0,0
50,70,DL,0,0,0,0
50,70,UL,0,0,0,0
50,71,DL,0,0,0,0
50,71,UL,0,0,0,0
50,72,DL,0,0,0,0
50,72,UL,0,0,0,0
50,73,DL,0,0,0,0
50,73,UL,0,0,0,0
50,74,DL,0,0,0,0
50,74,UL,0,0,0,0
50,75,DL,0,0,0,0
50,75,UL,0,0,0,0
50,76,DL,0,0,0,0
50,76,UL,0,0,0,0
50,77,DL,0,0,0,0
50,77,UL,0,0,0,0
50,78,DL,0,0,0,0
50,78,UL,0,0,0,0
50,79,DL,0.295433,0.0577407,0.105881,54
50,79,UL,0,0,0,0
52,0,DL,0,0,0,0
52,0,UL,0,0,0,0
52,1,DL,0,0,0,0
52,1,UL,0,0,0,0
52,2,DL,0,0,0,0
52,2,UL,0,0,0,0
52,3,DL,0,0,0,0
52,3,UL,0,0,0,0
52,4,DL,0,0,0,0
52,4,UL,0,0,0,0
52,5,DL,0,0,0,0
52,5,UL,0,0,0,0
52,6,DL,0,0,0,0
52,6,UL,0,0,0,0
52,7,DL,0,0,0,0
52,7,UL,0,0,0,0
52,8,DL,0,0,0,0
52,8,UL,0,0,0,0
52,9,DL,0,0,0,0
52,9,UL,0,0,0,0
52,10,DL,0.0201,0.06625,0.015686,8
52,10,UL,0,0,0,0
52,11,DL,0,0,0,0
52,11,UL,0,0,0,0
52,12,DL,0,0,0,0
52,12,UL,0,0,0,0
52,13,DL,0,0,0,0
52,13,UL,0,0,0,0
52,14,DL,0,0,0,0
52,14,UL,0,0,0,0
52,15,DL,0,0,0,0
52,15,UL,0,0,0,0
52,16,DL,0,0,0,0
52,16,UL,0,0,0,0
52,17,DL,0,0,0,0
52,17,UL,0,0,0,0
52,18,DL,0,0,0,0
52,18,UL,0,0,0,0
52,19,DL,0,0,0,0
52,19,UL,0,0,0,0
52,20,DL,0,0,0,0
52,20,UL,0,0,0,0
52,21,DL,0,0,0,0
52,21,UL,0,0,0,0
52,22,DL,0,0,0,0
52,22,UL,0,0,0,0
52,23,DL,0,0,0,0
52,23,UL,0,0,0,0
52,24,DL,0,0,0,0
52,24,UL,0,0,0,0
52,25,DL,0,0,0,0
52,25,UL,0,0,0,0
52,26,DL,0,0,0,0
52,26,UL,0,0,0,0
52,27,DL,0,0,0,0
52,27,UL,0,0,0,0
52,28,DL,0,0,0,0
52,28,UL,0,0,0,0
52,29,DL,0,0,0,0
52,29,UL,0,0,0,0
52,30,DL,0,0,0,0
52,30,UL,0,0,0,0
52,31,DL,0,0,0,0
52,31,UL,0,0,0,0
52,32,DL,0,0,0,0
52,32,UL,0,0,0,0
52,33,DL,0,0,0,0
52,33,UL,0,0,0,0
52,34,DL,0,0,0,0
52,34,UL,0,0,0,0
52,35,DL,0,0,0,0
52,35,UL,0,0,0,0
52,36,DL,0,0,0,0
52,36,UL,0,0,0,0
52,37,DL,0,0,0,0
52,37,UL,0,0,0,0
52,38,DL,0,0,0,0
52,38,UL,0,0,0,0
52,39,DL,0,0,0,0
52,39,UL,0,0,0,0
52,40,DL,0,0,0,0
52,40,UL,0,0,0,0
52,41,DL,0,0,0,0
52,41,UL,0,0,0,0
52,42,DL,0,0,0,0
52,42,UL,0,0,0,0
52,43,DL,0,0,0,0
52,43,UL,0,0,0,0
52,44,DL,0,0,0,0
52,44,UL,0,0,0,0
52,45,DL,0,0,0,0
52,45,UL,0,0,0,0
52,46,DL,0,0,0,0
52,46,UL,0,0,0,0
52,47,DL,0,0,0,0
52,47,UL,0,0,0,0
52,48,DL,0,0,0,0
52,48,UL,0,0,0,0
52,49,DL,0,0,0,0
52,49,UL,0,0,0,0
52,50,DL,0,0,0,0
52,50,UL,0,0,0,0
52,51,DL,0,0,0,0
52,51,UL,0,0,0,0
52,52,DL,0,0,0,0
52,52,UL,0,0,0,0
52,53,DL,0,0,0,0
52,53,UL,0,0,0,0
52,54,DL,0,0,0,0
52,54,UL,0,0,0,0
52,55,DL,0,0,0,0
52,55,UL,0,0,0,0
52,56,DL,0,0,0,0
52,56,UL,0,0,0,0
52,57,DL,0,0,0,0
52,57,UL,0,0,0,0
52,58,DL,0,0,0,0
52,58,UL,0,0,0,0
52,59,DL,0,0,0,0
52,59,UL,0,0,0,0
52,60,DL,0,0,0,0
52,60,UL,0,0,0,0
52,61,DL,0,0,0,0
52,61,UL,0.269047,0,0.00392151,8.33333
52,62,DL,0,0,0,0
52,62,UL,0,0,0,0
52,63,DL,0,0,0,0
52,63,UL,0,0,0,0
52,64,DL,0,0,0,0
52,64,UL,0,0,0,0
52,65,DL,0,0,0,0
52,65,UL,0,0,0,0
52,66,DL,0,0,0,0
52,66,UL,0,0,0,0
52,67,DL,0,0,0,0
52,67,UL,0,0,0,0
52,68,DL,0,0,0,0
52,68,UL,0,0,0,0
52,69,DL,0,0,0,0
52,69,UL,0,0,0,0
52,70,DL,0,0,0,0
52,70,UL,0,0,0,0
52,71,DL,0,0,0,0
52,71,UL,0,0,0,0
52,72,DL,0,0,0,0
52,72,UL,0,0,0,0
52,73,DL,0,0,0,0
52,73,UL,0,0,0,0
52,74,DL,0,0,0,0
52,74,UL,0,0,0,0
52,75,DL,0,0,0,0
52,75,UL,0,0,0,0
52,76,DL,0,0,0,0
52,76,UL,0,0,0,0
52,77,DL,0,0,0,0
52,77,UL,0,0,0,0
52,78,DL,0,0,0,0
52,78,UL,0,0,0,0
52,79,DL,0,0,0,0
52,79,UL,0,0,0,0
54,0,DL,0,0,0,0
54,0,UL,0,0,0,0
54,1,DL,0,0,0,0
54,1,UL,0,0,0,0
54,2,DL,0,0,0,0
54,2,UL,0,0,0,0
54,3,DL,0,0,0,0
54,3,UL,0,0,0,0
54,4,DL,0,0,0,0
54,4,UL,0,0,0,0
54,5,DL,0.1211,0.05268,0.0980377,50
54,5,UL,0,0,0,0
54,6,DL,0,0,0,0
54,6,UL,0,0,0,0
54,7,DL,0,0,0,0
54,7,UL,0,0,0,0
54,8,DL,0,0,0,0
54,8,UL,0,0,0,0
54,9,DL,0,0,0,0
54,9,UL,0,0,0,0
54,10,DL,0,0,0,0
54,10,UL,0,0,0,0
54,11,DL,0,0,0,0
54,11,UL,0,0,0,0
54,12,DL,0,0,0,0
54,12,UL,0,0,0,0
54,13,DL,0,0,0,0
54,13,UL,0,0,0,0
54,14,DL,0,0,0,0
54,14,UL,0,0,0,0
54,15,DL,0,0,0,0
54,15,UL,0,0,0,0
54,16,DL,0,0,0,0
54,16,UL,0,0,0,0
54,17,DL,0,0,0,0
54,17,UL,0,0,0,0
54,18,DL,0,0,0,0
54,18,UL,0,0,0,0
54,19,DL,0,0,0,0
54,19,UL,0,0,0,0
54,20,DL,0,0,0,0
54,20,UL,0,0,0,0
54,21,DL,0,0,0,0
54,21,UL,0,0,0,0
54,22,DL,0,0,0,0
54,22,UL,0,0,0,0
54,23,DL,0,0,0,0
54,23,UL,0,0,0,0
54,24,DL,0,0,0,0
54,24,UL,0,0,0,0
54,25,DL,0,0,0,0
54,25,UL,0,0,0,0
54,26,DL,0,0,0,0
54,26,UL,0,0,0,0
54,27,DL,0,0,0,0
54,27,UL,0,0,0,0
54,28,DL,0,0,0,0
54,28,UL,0,0,0,0
54,29,DL,0,0,0,0
54,29,UL,0,0,0,0
54,30,DL,0,0,0,0
54,30,UL,0,0,0,0
54,31,DL,0,0,0,0
54,31,UL,0,0,0,0
54,32,DL,0,0,0,0
54,32,UL,0,0,0,0
54,33,DL,0,0,0,0
54,33,UL,0,0,0,0
54,34,DL,0,0,0,0
54,34,UL,0,0,0,0
54,35,DL,0,0,0,0
54,35,UL,0,0,0,0
54,36,DL,0,0,0,0
54,36,UL,0,0,0,0
54,37,DL,0,0,0,0
54,37,UL,0,0,0,0
54,38,DL,0,0,0,0
54,38,UL,0,0,0,0
54,39,DL,0,0,0,0
54,39,UL,0,0,0,0
54,40,DL,0,0,0,0
54,40,UL,0,0,0,0
54,41,DL,0,0,0,0
54,41,UL,0,0,0,0
54,42,DL,0,0,0,0
54,42,UL,0,0,0,0
54,43,DL,0,0,0,0
54,43,UL,0,0,0,0
54,44,DL,0,0,0,0
54,44,UL,0,0,0,0
54,45,DL,0,0,0,0
54,45,UL,0,0,0,0
54,46,DL,0,0,0,0
54,46,UL,0,0,0,0
54,47,DL,0,0,0,0
54,47,UL,0,0,0,0
54,48,DL,0,0,0,0
54,48,UL,0,0,0,0
54,49,DL,0,0,0,0
54,49,UL,0,0,0,0
54,50,DL,0,0,0,0
54,50,UL,0,0,0,0
54,51,DL,0,0,0,0
54,51,UL,0,0,0,0
54,52,DL,0,0,0,0
54,52,UL,0,0,0,0
54,53,DL,0,0,0,0
54,53,UL,0,0,0,0
54,54,DL,0,0,0,0
54,54,UL,0,0,0,0
54,55,DL,0,0,0,0
54,55,UL,0,0,0,0
54,56,DL,0,0,0,0
54,56,UL,0,0,0,0
54,57,DL,0,0,0,0
54,57,UL,0,0,0,0
54,58,DL,0,0,0,0
54,58,UL,0,0,0,0
54,59,DL,0,0,0,0
54,59,UL,0,0,0,0
54,60,DL,0,0,0,0
54,60,UL,0,0,0,0
54,61,DL,0,0,0,0
54,61,UL,0,0,0,0
54,62,DL,0,0,0,0
54,62,UL,0,0,0,0
54,63,DL,0,0,0,0
54,63,UL,0,0,0,0
54,64,DL,0,0,0,0
54,64,UL,0,0,0,0
54,65,DL,0,0,0,0
54,65,UL,0,0,0,0
54,66,DL,0,0,0,0
54,66,UL,0,0,0,0
54,67,DL,0,0,0,0
54,67,UL,0,0,0,0
54,68,DL,0,0,0,0
54,68,UL,0,0,0,0
54,69,DL,0,0,0,0
54,69,UL,0,0,0,0
54,70,DL,0,0,0,0
54,70,UL,0,0,0,0
54,71,DL,0,0,0,0
54,71,UL,0,0,0,0
54,72,DL,0,0,0,0
54,72,UL,0,0,0,0
54,73,DL,0,0,0,0
54,73,UL,0,0,0,0
54,74,DL,0,0,0,0
54,74,UL,0,0,0,0
54,75,DL,0,0,0,0
54,75,UL,0,0,0,0
54,76,DL,0,0,0,0
54,76,UL,0,0,0,0
54,77,DL,0,0,0,0
54,77,UL,0,0,0,0
54,78,DL,0,0,0,0
54,78,UL,0,0,0,0
54,79,DL,0,0,0,0
54,79,UL,0,0,0,0
56,0,DL,0,0,0,0
56,0,UL,0,0,0,0
56,1,DL,0,0,0,0
56,1,UL,0,0,0,0
56,2,DL,0,0,0,0
56,2,UL,0,0,0,0
56,3,DL,0,0,0,0
56,3,UL,0,0,0,0
56,4,DL,0,0,0,0
56,4,UL,0,0,0,0
56,5,DL,0,0,0,0
56,5,UL,0,0,0,0
56,6,DL,0,0,0,0
56,6,UL,0,0,0,0
56,7,DL,0,0,0,0
56,7,UL,0,0,0,0
56,8,DL,0,0,0,0
56,8,UL,0,0,0,0
56,9,DL,0,0,0,0
56,9,UL,0,0,0,0
56,10,DL,0,0,0,0
56,10,UL,0,0,0,0
56,11,DL,0,0,0,0
56,11,UL,0,0,0,0
56,12,DL,0,0,0,0
56,12,UL,0,0,0,0
56,13,DL,0,0,0,0
56,13,UL,0,0,0,0
56,14,DL,0,0,0,0
56,14,UL,0,0,0,0
56,15,DL,0,0,0,0
56,15,UL,0,0,0,0
56,16,DL,0,0,0,0
56,16,UL,0,0,0,0
56,17,DL,0,0,0,0
56,17,UL,0,0,0,0
56,18,DL,0,0,0,0
56,18,UL,0,0,0,0
56,19,DL,0,0,0,0
56,19,UL,0,0,0,0
56,20,DL,0,0,0,0
56,20,UL,0,0,0,0
56,21,DL,0,0,0,0
56,21,UL,0,0,0,0
56,22,DL,0,0,0,0
56,22,UL,0,0,0,0
56,23,DL,0,0,0,0
56,23,UL,0,0,0,0
56,24,DL,0,0,0,0
56,24,UL,0,0,0,0
56,25,DL,0,0,0,0
56,25,UL,0,0,0,0
56,26,DL,0,0,0,0
56,26,UL,0,0,0,0
56,27,DL,0,0,0,0
56,27,UL,0,0,0,0
56,28,DL,0,0,0,0
56,28,UL,0,0,0,0
56,29,DL,0,0,0,0
56,29,UL,0,0,0,0
56,30,DL,0,0,0,0
56,30,UL,0,0,0,0
56,31,DL,0,0,0,0
56,31,UL,0,0,0,0
56,32,DL,0,0,0,0
56,32,UL,0,0,0,0
56,33,DL,0,0,0,0
56,33,UL,0,0,0,0
56,34,DL,0,0,0,0
56,34,UL,0,0,0,0
56,35,DL,0,0,0,0
56,35,UL,0,0,0,0
56,36,DL,0,0,0,0
56,36,UL,0,0,0,0
56,37,DL,0,0,0,0
56,37,UL,0,0,0,0
56,38,DL,0,0,0,0
56,38,UL,0,0,0,0
56,39,DL,0,0,0,0
56,39,UL,0,0,0,0
56,40,DL,0,0,0,0
56,40,UL,0,0,0,0
56,41,DL,0,0,0,0
56,41,UL,0,0,0,0
56,42,DL,0,0,0,0
56,42,UL,0,0,0,0
56,43,DL,0,0,0,0
56,43,UL,0,0,0,0
56,44,DL,0,0,0,0
56,44,UL,0,0,0,0
56,45,DL,0,0,0,0
56,45,UL,0,0,0,0
56,46,DL,0,0,0,0
56,46,UL,0,0,0,0
56,47,DL,0,0,0,0
56,47,UL,0,0,0,0
56,48,DL,0,0,0,0
56,48,UL,0,0,0,0
56,49,DL,0,0,0,0
56,49,UL,0,0,0,0
56,50,DL,0,0,0,0
56,50,UL,0,0,0,0
56,51,DL,0,0,0,0
56,51,UL,0,0,0,0
56,52,DL,0,0,0,0
56,52,UL,0,0,0,0
56,53,DL,0,0,0,0
56,53,UL,0,0,0,0
56,54,DL,0,0,0,0
56,54,UL,0,0,0,0
56,55,DL,0,0,0,0
56,55,UL,0,0,0,0
56,56,DL,0,0,0,0
56,56,UL,0,0,0,0
56,57,DL,0,0,0,0
56,57,UL,0,0,0,0
56,58,DL,0,0,0,0
56,58,UL,0,0,0,0
56,59,DL,0,0,0,0
56,59,UL,0,0,0,0
56,60,DL,0,0,0,0
56,60,UL,0,0,0,0
56,61,DL,0,0,0,0
56,61,UL,0,0,0,0
56,62,DL,0,0,0,0
56,62,UL,0,0,0,0
56,63,DL,0,0,0,0
56,63,UL,0,0,0,0
56,64,DL,0,0,0,0
56,64,UL,0,0,0,0
56,65,DL,0,0,0,0
56,65,UL,0,0,0,0
56,66,DL,0,0,0,0
56,66,UL,0,0,0,0
56,67,DL,0,0,0,0
56,67,UL,0,0,0,0
56,68,DL,0,0,0,0
56,68,UL,0,0,0,0
56,69,DL,0,0,0,0
56,69,UL,0,0,0,0
56,70,DL,0,0,0,0
56,70,UL,0,0,0,0
56,71,DL,0,0,0,0
56,71,UL,0,0,0,0
56,72,DL,0,0,0,0
56,72,UL,0,0,0,0
56,73,DL,0,0,0,0
56,73,UL,0,0,0,0
56,74,DL,0,0,0,0
56,74,UL,0,0,0,0
56,75,DL,0,0,0,0
56,75,UL,0,0,0,0
56,76,DL,0,0,0,0
56,76,UL,0,0,0,0
56,77,DL,0,0,0,0
56,77,UL,0,0,0,0
56,78,DL,0,0,0,0
56,78,UL,0,0,0,0
56,79,DL,0,0,0,0
56,79,UL,0,0,0,0
58,0,DL,0,0,0,0
58,0,UL,0,0,0,0
58,1,DL,0,0,0,0
58,1,UL,0,0,0,0
58,2,DL,0,0,0,0
58,2,UL,0,0,0,0
58,3,DL,0,0,0,0
58,3,UL,0,0,0,0
58,4,DL,0,0,0,0
58,4,UL,0,0,0,0
58,5,DL,0,0,0,0
58,5,UL,0,0,0,0
58,6,DL,0,0,0,0
58,6,UL,0,0,0,0
58,7,DL,0,0,0,0
58,7,UL,0,0,0,0
58,8,DL,0,0,0,0
58,8,UL,0,0,0,0
58,9,DL,0,0,0,0
58,9,UL,0,0,0,0
58,10,DL,0,0,0,0
58,10,UL,0,0,0,0
58,11,DL,0,0,0,0
58,11,UL,0,0,0,0
58,12,DL,0,0,0,0
58,12,UL,0,0,0,0
58,13,DL,0,0,0,0
58,13,UL,0,0,0,0
58,14,DL,0,0,0,0
58,14,UL,0,0,0,0
58,15,DL,0,0,0,0
58,15,UL,0,0,0,0
58,16,DL,0,0,0,0
58,16,UL,0,0,0,0
58,17,DL,0,0,0,0
58,17,UL,0,0,0,0
58,18,DL,0,0,0,0
58,18,UL,0,0,0,0
58,19,DL,0,0,0,0
58,19,UL,0,0,0,0
58,20,DL,0,0,0,0
58,20,UL,0,0,0,0
58,21,DL,0,0,0,0
58,21,UL,0,0,0,0
58,22,DL,0,0,0,0
58,22,UL,0,0,0,0
58,23,DL,0,0,0,0
58,23,UL,0,0,0,0
58,24,DL,0,0,0,0
58,24,UL,0,0,0,0
58,25,DL,0,0,0,0
58,25,UL,0,0,0,0
58,26,DL,0,0,0,0
58,26,UL,0,0,0,0
58,27,DL,0,0,0,0
58,27,UL,0,0,0,0
58,28,DL,0,0,0,0
58,28,UL,0,0,0,0
58,29,DL,0,0,0,0
58,29,UL,0,0,0,0
58,30,DL,0,0,0,0
58,30,UL,0,0,0,0
58,31,DL,0,0,0,0
58,31,UL,0,0,0,0
58,32,DL,0,0,0,0
58,32,UL,0,0,0,0
58,33,DL,0,0,0,0
58,33,UL,0,0,0,0
58,34,DL,0,0,0,0
58,34,UL,0,0,0,0
58,35,DL,0,0,0,0
58,35,UL,0,0,0,0
58,36,DL,0,0,0,0
58,36,UL,0,0,0,0
58,37,DL,0,0,0,0
58,37,UL,0,0,0,0
58,38,DL,0,0,0,0
58,38,UL,0,0,0,0
58,39,DL,0.0241,0.349,0.00392151,2
58,39,UL,0,0,0,0
58,40,DL,0,0,0,0
58,40,UL,0,0,0,0
58,41,DL,0,0,0,0
58,41,UL,0,0,0,0
58,42,DL,0,0,0,0
58,42,UL,0,0,0,0
58,43,DL,0,0,0,0
58,43,UL,0,0,0,0
58,44,DL,0,0,0,0
58,44,UL,0,0,0,0
58,45,DL,0,0,0,0
58,45,UL,0,0,0,0
58,46,DL,0,0,0,0
58,46,UL,0,0,0,0
58,47,DL,0,0,0,0
58,47,UL,0,0,0,0
58,48,DL,0,0,0,0
58,48,UL,0,0,0,0
58,49,DL,0,0,0,0
58,49,UL,0,0,0,0
58,50,DL,0,0,0,0
58,50,UL,0,0,0,0
58,51,DL,0,0,0,0
58,51,UL,0,0,0,0
58,52,DL,0,0,0,0
58,52,UL,0,0,0,0
58,53,DL,0,0,0,0
58,53,UL,0,0,0,0
58,54,DL,0,0,0,0
58,54,UL,0,0,0,0
58,55,DL,0,0,0,0
58,55,UL,0,0,0,0
58,56,DL,0,0,0,0
58,56,UL,0,0,0,0
58,57,DL,0,0,0,0
58,57,UL,0,0,0,0
58,58,DL,0,0,0,0
58,58,UL,0,0,0,0
58,59,DL,0,0,0,0
58,59,UL,0,0,0,0
58,60,DL,0,0,0,0
58,60,UL,0,0,0,0
58,61,DL,0,0,0,0
58,61,UL,0,0,0,0
58,62,DL,0,0,0,0
58,62,UL,0,0,0,0
58,63,DL,0,0,0,0
58,63,UL,0,0,0,0
58,64,DL,0,0,0,0
58,64,UL,0,0,0,0
58,65,DL,0,0,0,0
58,65,UL,0,0,0,0
58,66,DL,0,0,0,0
58,66,UL,0,0,0,0
58,67,DL,0,0,0,0
58,67,UL,0,0,0,0
58,68,DL,0,0,0,0
58,68,UL,0,0,0,0
58,69,DL,0,0,0,0
58,69,UL,0,0,0,0
58,70,DL,0,0,0,0
58,70,UL,0,0,0,0
58,71,DL,0,0,0,0
58,71,UL,0,0,0,0
58,72,DL,0,0,0,0
58,72,UL,0,0,0,0
58,73,DL,0,0,0,0
58,73,UL,0,0,0,0
58,74,DL,0,0,0,0
58,74,UL,0,0,0,0
58,75,DL,0,0,0,0
58,75,UL,0,0,0,0
58,76,DL,0,0,0,0
58,76,UL,0,0,0,0
58,77,DL,0,0,0,0
58,77,UL,0,0,0,0
58,78,DL,0,0,0,0
58,78,UL,0,0,0,0
58,79,DL,0,0,0,0
58,79,UL,0,0,0,0
60,0,DL,0,0,0,0
60,0,UL,0,0,0,0
60,1,DL,0,0,0,0
60,1,UL,0,0,0,0
60,2,DL,0,0,0,0
60,2,UL,0,0,0,0
60,3,DL,0,0,0,0
60,3,UL,0,0,0,0
60,4,DL,0,0,0,0
60,4,UL,0,0,0,0
60,5,DL,0,0,0,0
60,5,UL,0,0,0,0
60,6,DL,0,0,0,0
60,6,UL,0,0,0,0
60,7,DL,0,0,0,0
60,7,UL,0,0,0,0
60,8,DL,0,0,0,0
60,8,UL,0,0,0,0
60,9,DL,0,0,0,0
60,9,UL,0,0,0,0
60,10,DL,0,0,0,0
60,10,UL,0,0,0,0
60,11,DL,0,0,0,0
60,11,UL,0,0,0,0
60,12,DL,0,0,0,0
60,12,UL,0,0,0,0
60,13,DL,0.0241,0.0355,0.00784302,4
60,13,UL,0,0,0,0
60,14,DL,0,0,0,0
60,14,UL,0,0,0,0
60,15,DL,0,0,0,0
60,15,UL,0,0,0,0
60,16,DL,0,0,0,0
60,16,UL,0,0,0,0
60,17,DL,0,0,0,0
60,17,UL,0,0,0,0
60,18,DL,0,0,0,0
60,18,UL,0,0,0,0
60,19,DL,0,0,0,0
60,19,UL,0,0,0,0
60,20,DL,0,0,0,0
60,20,UL,0,0,0,0
60,21,DL,0,0,0,0
60,21,UL,0,0,0,0
60,22,DL,0,0,0,0
60,22,UL,0,0,0,0
60,23,DL,0,0,0,0
60,23,UL,0,0,0,0
60,24,DL,0,0,0,0
60,24,UL,0,0,0,0
60,25,DL,0,0,0,0
60,25,UL,0,0,0,0
60,26,DL,0,0,0,0
60,26,UL,0,0,0,0
60,27,DL,0,0,0,0
60,27,UL,0,0,0,0
60,28,DL,0,0,0,0
60,28,UL,0,0,0,0
60,29,DL,0,0,0,0
60,29,UL,0,0,0,0
60,30,DL,0,0,0,0
60,30,UL,0,0,0,0
60,31,DL,0,0,0,0
60,31,UL,0,0,0,0
60,32,DL,0,0,0,0
60,32,UL,0,0,0,0
60,33,DL,0,0,0,0
60,33,UL,0,0,0,0
60,34,DL,0,0,0,0
60,34,UL,0,0,0,0
60,35,DL,0,0,0,0
60,35,UL,0,0,0,0
60,36,DL,0,0,0,0
60,36,UL,0,0,0,0
60,37,DL,0,0,0,0
60,37,UL,0,0,0,0
60,38,DL,0,0,0,0
60,38,UL,0,0,0,0
60,39,DL,0,0,0,0
60,39,UL,0,0,0,0
60,40,DL,0,0,0,0
60,40,UL,0,0,0,0
60,41,DL,0,0,0,0
60,41,UL,0,0,0,0
60,42,DL,0,0,0,0
60,42,UL,0,0,0,0
60,43,DL,0,0,0,0
60,43,UL,0,0,0,0
60,44,DL,0,0,0,0
60,44,UL,0,0,0,0
60,45,DL,0,0,0,0
60,45,UL,0,0,0,0
60,46,DL,0,0,0,0
60,46,UL,0,0,0,0
60,47,DL,0,0,0,0
60,47,UL,0,0,0,0
60,48,DL,0,0,0,0
60,48,UL,0,0,0,0
60,49,DL,0,0,0,0
60,49,UL,0,0,0,0
60,50,DL,0,0,0,0
60,50,UL,0,0,0,0
60,51,DL,0,0,0,0
60,51,UL,0,0,0,0
60,52,DL,0,0,0,0
60,52,UL,0,0,0,0
60,53,DL,0,0,0,0
60,53,UL,0,0,0,0
60,54,DL,0,0,0,0
60,54,UL,0,0,0,0
60,55,DL,0,0,0,0
60,55,UL,0,0,0,0
60,56,DL,0,0,0,0
60,56,UL,0,0,0,0
60,57,DL,0,0,0,0
60,57,UL,0,0,0,0
60,58,DL,0,0,0,0
60,58,UL,0,0,0,0
60,59,DL,0,0,0,0
60,59,UL,0,0,0,0
60,60,DL,0,0,0,0
60,60,UL,0,0,0,0
60,61,DL,0,0,0,0
60,61,UL,0,0,0,0
60,62,DL,0,0,0,0
60,62,UL,0,0,0,0
60,63,DL,0,0,0,0
60,63,UL,0,0,0,0
60,64,DL,0,0,0,0
60,64,UL,0,0,0,0
60,65,DL,0,0,0,0
60,65,UL,0,0,0,0
60,66,DL,0,0,0,0
60,66,UL,0,0,0,0
60,67,DL,0,0,0,0
60,67,UL,0,0,0,0
60,68,DL,0,0,0,0
60,68,UL,0,0,0,0
60,69,DL,0,0,0,0
60,69,UL,0,0,0,0
60,70,DL,0,0,0,0
60,70,UL,0,0,0,0
60,71,DL,0,0,0,0
60,71,UL,0,0,0,0
60,72,DL,0,0,0,0
60,72,UL,0,0,0,0
60,73,DL,0,0,0,0
60,73,UL,0,0,0,0
60,74,DL,0,0,0,0
60,74,UL,0,0,0,0
60,75,DL,0,0,0,0
60,75,UL,0,0,0,0
60,76,DL,0,0,0,0
60,76,UL,0,0,0,0
60,77,DL,0,0,0,0
60,77,UL,0,0,0,0
60,78,DL,0,0,0,0
60,78,UL,0,0,0,0
60,79,DL,0,0,0,0
60,79,UL,0,0,0,0
62,0,DL,0,0,0,0
62,0,UL,0,0,0,0
62,1,DL,0,0,0,0
62,1,UL,0,0,0,0
62,2,DL,0,0,0,0
62,2,UL,0,0,0,0
62,3,DL,0,0,0,0
62,3,UL,0,0,0,0
62,4,DL,0,0,0,0
62,4,UL,0,0,0,0
62,5,DL,0,0,0,0
62,5,UL,0,0,0,0
62,6,DL,0,0,0,0
62,6,UL,0,0,0,0
62,7,DL,0,0,0,0
62,7,UL,0,0,0,0
62,8,DL,0,0,0,0
62,8,UL,0,0,0,0
62,9,DL,0,0,0,0
62,9,UL,0,0,0,0
62,10,DL,0,0,0,0
62,10,UL,0,0,0,0
62,11,DL,0,0,0,0
62,11,UL,0,0,0,0
62,12,DL,0.0161,0.005,0.00392151,2
62,12,UL,0,0,0,0
62,13,DL,0,0,0,0
62,13,UL,0,0,0,0
62,14,DL,0,0,0,0
62,14,UL,0,0,0,0
62,15,DL,0,0,0,0
62,15,UL,0,0,0,0
62,16,DL,0,0,0,0
62,16,UL,0,0,0,0
62,17,DL,0,0,0,0
62,17,UL,0,0,0,0
62,18,DL,0,0,0,0
62,18,UL,0,0,0,0
62,19,DL,0,0,0,0
62,19,UL,0,0,0,0
62,20,DL,0,0,0,0
62,20,UL,0,0,0,0
62,21,DL,0,0,0,0
62,21,UL,0,0,0,0
62,22,DL,0,0,0,0
62,22,UL,0,0,0,0
62,23,DL,0,0,0,0
62,23,UL,0,0,0,0
62,24,DL,0,0,0,0
62,24,UL,0,0,0,0
62,25,DL,0,0,0,0
62,25,UL,0,0,0,0
62,26,DL,0,0,0,0
62,26,UL,0,0,0,0
62,27,DL,0,0,0,0
62,27,UL,0,0,0,0
62,28,DL,0,0,0,0
62,28,UL,0,0,0,0
62,29,DL,0,0,0,0
62,29,UL,0,0,0,0
62,30,DL,0,0,0,0
62,30,UL,0,0,0,0
62,31,DL,0,0,0,0
62,31,UL,0,0,0,0
62,32,DL,0,0,0,0
62,32,UL,0,0,0,0
62,33,DL,0,0,0,0
62,33,UL,0,0,0,0
62,34,DL,0,0,0,0
62,34,UL,0,0,0,0
62,35,DL,0,0,0,0
62,35,UL,0,0,0,0
62,36,DL,0,0,0,0
62,36,UL,0,0,0,0
62,37,DL,0,0,0,0
62,37,UL,0,0,0,0
62,38,DL,0,0,0,0
62,38,UL,0,0,0,0
62,39,DL,0,0,0,0
62,39,UL,0,0,0,0
62,40,DL,0,0,0,0
62,40,UL,0,0,0,0
62,41,DL,0,0,0,0
62,41,UL,0,0,0,0
62,42,DL,0,0,0,0
62,42,UL,0,0,0,0
62,43,DL,0,0,0,0
62,43,UL,0,0,0,0
62,44,DL,0,0,0,0
62,44,UL,0,0,0,0
62,45,DL,0,0,0,0
62,45,UL,0,0,0,0
62,46,DL,0,0,0,0
62,46,UL,0,0,0,0
62,47,DL,0,0,0,0
62,47,UL,0,0,0,0
62,48,DL,0,0,0,0
62,48,UL,0,0,0,0
62,49,DL,0,0,0,0
62,49,UL,0,0,0,0
62,50,DL,0,0,0,0
62,50,UL,0,0,0,0
62,51,DL,0,0,0,0
62,51,UL,0,0,0,0
62,52,DL,0,0,0,0
62,52,UL,0,0,0,0
62,53,DL,0,0,0,0
62,53,UL,0,0,0,0
62,54,DL,0,0,0,0
62,54,UL,0,0,0,0
62,55,DL,0,0,0,0
62,55,UL,0,0,0,0
62,56,DL,0,0,0,0
62,56,UL,0,0,0,0
62,57,DL,0,0,0,0
62,57,UL,0,0,0,0
62,58,DL,0,0,0,0
62,58,UL,0,0,0,0
62,59,DL,0,0,0,0
62,59,UL,0,0,0,0
62,60,DL,0,0,0,0
62,60,UL,0,0,0,0
62,61,DL,0,0,0,0
62,61,UL,0,0,0,0
62,62,DL,0,0,0,0
62,62,UL,0,0,0,0
62,63,DL,0,0,0,0
62,63,UL,0,0,0,0
62,64,DL,0,0,0,0
62,64,UL,0,0,0,0
62,65,DL,0,0,0,0
62,65,UL,0,0,0,0
62,66,DL,0,0,0,0
62,66,UL,0,0,0,0
62,67,DL,0,0,0,0
62,67,UL,0,0,0,0
62,68,DL,0,0,0,0
62,68,UL,0,0,0,0
62,69,DL,0,0,0,0
62,69,UL,0,0,0,0
62,70,DL,0,0,0,0
62,70,UL,0,0,0,0
62,71,DL,0,0,0,0
62,71,UL,0,0,0,0
62,72,DL,0,0,0,0
62,72,UL,0,0,0,0
62,73,DL,0,0,0,0
62,73,UL,0,0,0,0
62,74,DL,0,0,0,0
62,74,UL,0,0,0,0
62,75,DL,0,0,0,0
62,75,UL,0,0,0,0
62,76,DL,0,0,0,0
62,76,UL,0,0,0,0
62,77,DL,0,0,0,0
62,77,UL,0,0,0,0
62,78,DL,0,0,0,0
62,78,UL,0,0,0,0
62,79,DL,0,0,0,0
62,79,UL,0,0,0,0
64,0,DL,0,0,0,0
64,0,UL,0,0,0,0
64,1,DL,0,0,0,0
64,1,UL,0,0,0,0
64,2,DL,0,0,0,0
64,2,UL,0,0,0,0
64,3,DL,0,0,0,0
64,3,UL,0,0,0,0
64,4,DL,0,0,0,0
64,4,UL,0,0,0,0
64,5,DL,0,0,0,0
64,5,UL,0,0,0,0
64,6,DL,0,0,0,0
64,6,UL,0,0,0,0
64,7,DL,0,0,0,0
64,7,UL,0,0,0,0
64,8,DL,0,0,0,0
64,8,UL,0,0,0,0
64,9,DL,0,0,0,0
64,9,UL,0,0,0,0
64,10,DL,0,0,0,0
64,10,UL,0,0,0,0
64,11,DL,0,0,0,0
64,11,UL,0,0,0,0
64,12,DL,0,0,0,0
64,12,UL,0,0,0,0
64,13,DL,0,0,0,0
64,13,UL,0,0,0,0
64,14,DL,0,0,0,0
64,14,UL,0,0,0,0
64,15,DL,0,0,0,0
64,15,UL,0,0,0,0
64,16,DL,0,0,0,0
64,16,UL,0,0,0,0
64,17,DL,0,0,0,0
64,17,UL,0,0,0,0
64,18,DL,0,0,0,0
64,18,UL,0,0,0,0
64,19,DL,0,0,0,0
64,19,UL,0,0,0,0
64,20,DL,0,0,0,0
64,20,UL,0,0,0,0
64,21,DL,0,0,0,0
64,21,UL,0,0,0,0
64,22,DL,0,0,0,0
64,22,UL,0,0,0,0
64,23,DL,0,0,0,0
64,23,UL,0,0,0,0
64,24,DL,0,0,0,0
64,24,UL,0,0,0,0
64,25,DL,0,0,0,0
64,25,UL,0,0,0,0
64,26,DL,0,0,0,0
64,26,UL,0,0,0,0
64,27,DL,0,0,0,0
64,27,UL,0,0,0,0
64,28,DL,0,0,0,0
64,28,UL,0,0,0,0
64,29,DL,0,0,0,0
64,29,UL,0,0,0,0
64,30,DL,0,0,0,0
64,30,UL,0,0,0,0
64,31,DL,0,0,0,0
64,31,UL,0,0,0,0
64,32,DL,0,0,0,0
64,32,UL,0,0,0,0
64,33,DL,0,0,0,0
64,33,UL,0,0,0,0
64,34,DL,0,0,0,0
64,34,UL,0,0,0,0
64,35,DL,0,0,0,0
64,35,UL,0,0,0,0
64,36,DL,0,0,0,0
64,36,UL,0,0,0,0
64,37,DL,0,0,0,0
64,37,UL,0,0,0,0
64,38,DL,0,0,0,0
64,38,UL,0,0,0,0
64,39,DL,0,0,0,0
64,39,UL,0,0,0,0
64,40,DL,0,0,0,0
64,40,UL,0,0,0,0
64,41,DL,0,0,0,0
64,41,UL,0,0,0,0
64,42,DL,0,0,0,0
64,42,UL,0,0,0,0
64,43,DL,0,0,0,0
64,43,UL,0,0,0,0
64,44,DL,0,0,0,0
64,44,UL,0,0,0,0
64,45,DL,0,0,0,0
64,45,UL,0,0,0,0
64,46,DL,0,0,0,0
64,46,UL,0,0,0,0
64,47,DL,0,0,0,0
64,47,UL,0,0,0,0
64,48,DL,0,0,0,0
64,48,UL,0,0,0,0
64,49,DL,0,0,0,0
64,49,UL,0,0,0,0
64,50,DL,0,0,0,0
64,50,UL,0,0,0,0
64,51,DL,0,0,0,0
64,51,UL,0,0,0,0
64,52,DL,0,0,0,0
64,52,UL,0,0,0,0
64,53,DL,0,0,0,0
64,53,UL,0,0,0,0
64,54,DL,0,0,0,0
64,54,UL,0,0,0,0
64,55,DL,0,0,0,0
64,55,UL,0,0,0,0
64,56,DL,0,0,0,0
64,56,UL,0,0,0,0
64,57,DL,0,0,0,0
64,57,UL,0,0,0,0
64,58,DL,0,0,0,0
64,58,UL,0,0,0,0
64,59,DL,0,0,0,0
64,59,UL,0,0,0,0
64,60,DL,0,0,0,0
64,60,UL,0,0,0,0
64,61,DL,0,0,0,0
64,61,UL,0,0,0,0
64,62,DL,0,0,0,0
64,62,UL,0,0,0,0
64,63,DL,0,0,0,0
64,63,UL,0,0,0,0
64,64,DL,0,0,0,0
64,64,UL,0,0,0,0
64,65,DL,0,0,0,0
64,65,UL,0,0,0,0
64,66,DL,0,0,0,0
64,66,UL,0,0,0,0
64,67,DL,0,0,0,0
64,67,UL,0,0,0,0
64,68,DL,0,0,0,0
64,68,UL,0,0,0,0
64,69,DL,0,0,0,0
64,69,UL,0,0,0,0
64,70,DL,0,0,0,0
64,70,UL,0,0,0,0
64,71,DL,0,0,0,0
64,71,UL,0,0,0,0
64,72,DL,0,0,0,0
64,72,UL,0,0,0,0
64,73,DL,0,0,0,0
64,73,UL,0,0,0,0
64,74,DL,0,0,0,0
64,74,UL,0,0,0,0
64,75,DL,0,0,0,0
64,75,UL,0,0,0,0
64,76,DL,0,0,0,0
64,76,UL,0,0,0,0
64,77,DL,0,0,0,0
64,77,UL,0,0,0,0
64,78,DL,0,0,0,0
64,78,UL,0,0,0,0
64,79,DL,0,0,0,0
64,79,UL,0,0,0,0
66,0,DL,0,0,0,0
66,0,UL,0,0,0,0
66,1,DL,0.0851,0.0705,0.00784302,4
66,1,UL,0,0,0,0
66,2,DL,0,0,0,0
66,2,UL,0,0,0,0
66,3,DL,0,0,0,0
66,3,UL,0,0,0,0
66,4,DL,0,0,0,0
66,4,UL,0,0,0,0
66,5,DL,0,0,0,0
66,5,UL,0,0,0,0
66,6,DL,0,0,0,0
66,6,UL,0,0,0,0
66,7,DL,0,0,0,0
66,7,UL,0,0,0,0
66,8,DL,0,0,0,0
66,8,UL,0,0,0,0
66,9,DL,0,0,0,0
66,9,UL,0,0,0,0
66,10,DL,0,0,0,0
66,10,UL,0,0,0,0
66,11,DL,0,0,0,0
66,11,UL,0,0,0,0
66,12,DL,0.0377429,0.0363214,0.00784302,4
66,12,UL,0,0,0,0
66,13,DL,0,0,0,0
66,13,UL,0,0,0,0
66,14,DL,0,0,0,0
66,14,UL,0,0,0,0
66,15,DL,0,0,0,0
66,15,UL,0,0,0,0
66,16,DL,0,0,0,0
66,16,UL,0,0,0,0
66,17,DL,0,0,0,0
66,17,UL,0,0,0,0
66,18,DL,0,0,0,0
66,18,UL,0,0,0,0
66,19,DL,0,0,0,0
66,19,UL,0,0,0,0
66,20,DL,0,0,0,0
66,20,UL,0,0,0,0
66,21,DL,0,0,0,0
66,21,UL,0,0,0,0
66,22,DL,0,0,0,0
66,22,UL,0,0,0,0
66,23,DL,0,0,0,0
66,23,UL,0,0,0,0
66,24,DL,0,0,0,0
66,24,UL,0,0,0,0
66,25,DL,0,0,0,0
66,25,UL,0,0,0,0
66,26,DL,0,0,0,0
66,26,UL,0,0,0,0
66,27,DL,0,0,0,0
66,27,UL,0,0,0,0
66,28,DL,0,0,0,0
66,28,UL,0,0,0,0
66,29,DL,0,0,0,0
66,29,UL,0,0,0,0
66,30,DL,0,0,0,0
66,30,UL,0,0,0,0
66,31,DL,0,0,0,0
66,31,UL,0,0,0,0
66,32,DL,0,0,0,0
66,32,UL,0,0,0,0
66,33,DL,0,0,0,0
66,33,UL,0,0,0,0
66,34,DL,0,0,0,0
66,34,UL,0,0,0,0
66,35,DL,0,0,0,0
66,35,UL,0,0,0,0
66,36,DL,0,0,0,0
66,36,UL,0,0,0,0
66,37,DL,0,0,0,0
66,37,UL,0,0,0,0
66,38,DL,0,0,0,0
66,38,UL,0,0,0,0
66,39,DL,0,0,0,0
66,39,UL,0,0,0,0
66,40,DL,0,0,0,0
66,40,UL,0,0,0,0
66,41,DL,0,0,0,0
66,41,UL,0,0,0,0
66,42,DL,0,0,0,0
66,42,UL,0,0,0,0
66,43,DL,0,0,0,0
66,43,UL,0,0,0,0
66,44,DL,0,0,0,0
66,44,UL,0,0,0,0
66,45,DL,0,0,0,0
66,45,UL,0,0,0,0
66,46,DL,0,0,0,0
66,46,UL,0,0,0,0
66,47,DL,0,0,0,0
66,47,UL,0,0,0,0
66,48,DL,0,0,0,0
66,48,UL,0,0,0,0
66,49,DL,0,0,0,0
66,49,UL,0,0,0,0
66,50,DL,0,0,0,0
66,50,UL,0,0,0,0
66,51,DL,0,0,0,0
66,51,UL,0,0,0,0
66,52,DL,0,0,0,0
66,52,UL,0,0,0,0
66,53,DL,0,0,0,0
66,53,UL,0,0,0,0
66,54,DL,0,0,0,0
66,54,UL,0,0,0,0
66,55,DL,0,0,0,0
66,55,UL,0,0,0,0
66,56,DL,0,0,0,0
66,56,UL,0,0,0,0
66,57,DL,0,0,0,0
66,57,UL,0,0,0,0
66,58,DL,0,0,0,0
66,58,UL,0,0,0,0
66,59,DL,0,0,0,0
66,59,UL,0,0,0,0
66,60,DL,0,0,0,0
66,60,UL,0,0,0,0
66,61,DL,0,0,0,0
66,61,UL,0,0,0,0
66,62,DL,0,0,0,0
66,62,UL,0,0,0,0
66,63,DL,0,0,0,0
66,63,UL,0,0,0,0
66,64,DL,0,0,0,0
66,64,UL,0,0,0,0
66,65,DL,0,0,0,0
66,65,UL,0,0,0,0
66,66,DL,0,0,0,0
66,66,UL,0,0,0,0
66,67,DL,0,0,0,0
66,67,UL,0,0,0,0
66,68,DL,0,0,0,0
66,68,UL,0,0,0,0
66,69,DL,0,0,0,0
66,69,UL,0,0,0,0
66,70,DL,0,0,0,0
66,70,UL,0,0,0,0
66,71,DL,0,0,0,0
66,71,UL,0,0,0,0
66,72,DL,0,0,0,0
66,72,UL,0,0,0,0
66,73,DL,0,0,0,0
66,73,UL,0,0,0,0
66,74,DL,0,0,0,0
66,74,UL,0,0,0,0
66,75,DL,0,0,0,0
66,75,UL,0,0,0,0
66,76,DL,0,0,0,0
66,76,UL,0,0,0,0
66,77,DL,0,0,0,0
66,77,UL,0,0,0,0
66,78,DL,0,0,0,0
66,78,UL,0,0,0,0
66,79,DL,0,0,0,0
66,79,UL,0,0,0,0
68,0,DL,0,0,0,0
68,0,UL,0,0,0,0
68,1,DL,0,0,0,0
68,1,UL,0,0,0,0
68,2,DL,0,0,0,0
68,2,UL,0,0,0,0
68,3,DL,0,0,0,0
68,3,UL,0,0,0,0
68,4,DL,0,0,0,0
68,4,UL,0,0,0,0
68,5,DL,0,0,0,0
68,5,UL,0,0,0,0
68,6,DL,0,0,0,0
68,6,UL,0,0,0,0
68,7,DL,0,0,0,0
68,7,UL,0,0,0,0
68,8,DL,0,0,0,0
68,8,UL,0,0,0,0
68,9,DL,0,0,0,0
68,9,UL,0,0,0,0
68,10,DL,0.539153,0.0832632,0.0745087,38
68,10,UL,0,0,0,0
68,11,DL,0,0,0,0
68,11,UL,0,0,0,0
68,12,DL,0,0,0,0
68,12,UL,0,0,0,0
68,13,DL,0,0,0,0
68,13,UL,0,0,0,0
68,14,DL,0,0,0,0
68,14,UL,0,0,0,0
68,15,DL,0,0,0,0
68,15,UL,0,0,0,0
68,16,DL,0,0,0,0
68,16,UL,0,0,0,0
68,17,DL,0,0,0,0
68,17,UL,0,0,0,0
68,18,DL,0,0,0,0
68,18,UL,0,0,0,0
68,19,DL,0,0,0,0
68,19,UL,0,0,0,0
68,20,DL,0,0,0,0
68,20,UL,0,0,0,0
68,21,DL,0,0,0,0
68,21,UL,0,0,0,0
68,22,DL,0,0,0,0
68,22,UL,0,0,0,0
68,23,DL,0,0,0,0
68,23,UL,0,0,0,0
68,24,DL,0,0,0,0
68,24,UL,0,0,0,0
68,25,DL,0,0,0,0
68,25,UL,0,0,0,0
68,26,DL,0,0,0,0
68,26,UL,0,0,0,0
68,27,DL,0,0,0,0
68,27,UL,0,0,0,0
68,28,DL,0,0,0,0
68,28,UL,0,0,0,0
68,29,DL,0,0,0,0
68,29,UL,0,0,0,0
68,30,DL,0,0,0,0
68,30,UL,0,0,0,0
68,31,DL,0,0,0,0
68,31,UL,0,0,0,0
68,32,DL,0,0,0,0
68,32,UL,0,0,0,0
68,33,DL,0,0,0,0
68,33,UL,0,0,0,0
68,34,DL,0,0,0,0
68,34,UL,0,0,0,0
68,35,DL,0,0,0,0
68,35,UL,0,0,0,0
68,36,DL,0,0,0,0
68,36,UL,0,0,0,0
68,37,DL,0,0,0,0
68,37,UL,0,0,0,0
68,38,DL,0,0,0,0
68,38,UL,0,0,0,0
68,39,DL,0,0,0,0
68,39,UL,0,0,0,0
68,40,DL,0,0,0,0
68,40,UL,0,0,0,0
68,41,DL,0,0,0,0
68,41,UL,0,0,0,0
68,42,DL,0,0,0,0
68,42,UL,0,0,0,0
68,43,DL,0,0,0,0
68,43,UL,0,0,0,0
68,44,DL,0,0,0,0
68,44,UL,0,0,0,0
68,45,DL,0,0,0,0
68,45,UL,0,0,0,0
68,46,DL,0,0,0,0
68,46,UL,0,0,0,0
68,47,DL,0,0,0,0
68,47,UL,0,0,0,0
68,48,DL,0,0,0,0
68,48,UL,0,0,0,0
68,49,DL,0,0,0,0
68,49,UL,0,0,0,0
68,50,DL,0,0,0,0
68,50,UL,0,0,0,0
68,51,DL,0,0,0,0
68,51,UL,0,0,0,0
68,52,DL,0,0,0,0
68,52,UL,0,0,0,0
68,53,DL,0,0,0,0
68,53,UL,0,0,0,0
68,54,DL,0,0,0,0
68,54,UL,0,0,0,0
68,55,DL,0,0,0,0
68,55,UL,0,0,0,0
68,56,DL,0,0,0,0
68,56,UL,0,0,0,0
68,57,DL,0,0,0,0
68,57,UL,0,0,0,0
68,58,DL,0,0,0,0
68,58,UL,0,0,0,0
68,59,DL,0,0,0,0
68,59,UL,0,0,0,0
68,60,DL,0,0,0,0
68,60,UL,0,0,0,0
68,61,DL,0,0,0,0
68,61,UL,0,0,0,0
68,62,DL,0,0,0,0
68,62,UL,0,0,0,0
68,63,DL,0.0141,0.02,0.00784302,4
68,63,UL,0,0,0,0
68,64,DL,0,0,0,0
68,64,UL,0,0,0,0
68,65,DL,0,0,0,0
68,65,UL,0,0,0,0
68,66,DL,0,0,0,0
68,66,UL,0,0,0,0
68,67,DL,0,0,0,0
68,67,UL,0,0,0,0
68,68,DL,0,0,0,0
68,68,UL,0,0,0,0
68,69,DL,0,0,0,0
68,69,UL,0,0,0,0
68,70,DL,0,0,0,0
68,70,UL,0,0,0,0
68,71,DL,0,0,0,0
68,71,UL,0,0,0,0
68,72,DL,0,0,0,0
68,72,UL,0,0,0,0
68,73,DL,0,0,0,0
68,73,UL,0,0,0,0
68,74,DL,0,0,0,0
68,74,UL,0,0,0,0
68,75,DL,0,0,0,0
68,75,UL,0,0,0,0
68,76,DL,0,0,0,0
68,76,UL,0,0,0,0
68,77,DL,0,0,0,0
68,77,UL,0,0,0,0
68,78,DL,0,0,0,0
68,78,UL,0,0,0,0
68,79,DL,0,0,0,0
68,79,UL,0,0,0,0
70,0,DL,0,0,0,0
70,0,UL,0,0,0,0
70,1,DL,0,0,0,0
70,1,UL,0,0,0,0
70,2,DL,0,0,0,0
70,2,UL,0,0,0,0
70,3,DL,0,0,0,0
70,3,UL,0,0,0,0
70,4,DL,0,0,0,0
70,4,UL,0,0,0,0
70,5,DL,0,0,0,0
70,5,UL,0,0,0,0
70,6,DL,0,0,0,0
70,6,UL,0,0,0,0
70,7,DL,0,0,0,0
70,7,UL,0,0,0,0
70,8,DL,0,0,0,0
70,8,UL,0,0,0,0
70,9,DL,0,0,0,0
70,9,UL,0,0,0,0
70,10,DL,0,0,0,0
70,10,UL,0,0,0,0
70,11,DL,0,0,0,0
70,11,UL,0,0,0,0
70,12,DL,0,0,0,0
70,12,UL,0,0,0,0
70,13,DL,0,0,0,0
70,13,UL,0,0,0,0
70,14,DL,0,0,0,0
70,14,UL,0,0,0,0
70,15,DL,0,0,0,0
70,15,UL,0,0,0,0
70,16,DL,0,0,0,0
70,16,UL,0,0,0,0
70,17,DL,0,0,0,0
70,17,UL,0,0,0,0
70,18,DL,0,0,0,0
70,18,UL,0,0,0,0
70,19,DL,0,0,0,0
70,19,UL,0,0,0,0
70,20,DL,0,0,0,0
70,20,UL,0,0,0,0
70,21,DL,0,0,0,0
70,21,UL,0,0,0,0
70,22,DL,0,0,0,0
70,22,UL,0,0,0,0
70,23,DL,0,0,0,0
70,23,UL,0,0,0,0
70,24,DL,0,0,0,0
70,24,UL,0,0,0,0
70,25,DL,0,0,0,0
70,25,UL,0,0,0,0
70,26,DL,0,0,0,0
70,26,UL,0,0,0,0
70,27,DL,0,0,0,0
70,27,UL,0,0,0,0
70,28,DL,0,0,0,0
70,28,UL,0,0,0,0
70,29,DL,0,0,0,0
70,29,UL,0,0,0,0
70,30,DL,0,0,0,0
70,30,UL,0,0,0,0
70,31,DL,0,0,0,0
70,31,UL,0,0,0,0
70,32,DL,0,0,0,0
70,32,UL,0,0,0,0
70,33,DL,0,0,0,0
70,33,UL,0,0,0,0
70,34,DL,0,0,0,0
70,34,UL,0,0,0,0
70,35,DL,0,0,0,0
70,35,UL,0,0,0,0
70,36,DL,0,0,0,0
70,36,UL,0,0,0,0
70,37,DL,0,0,0,0
70,37,UL,0,0,0,0
70,38,DL,0,0,0,0
70,38,UL,0,0,0,0
70,39,DL,0,0,0,0
70,39,UL,0,0,0,0
70,40,DL,0,0,0,0
70,40,UL,0,0,0,0
70,41,DL,0,0,0,0
70,41,UL,0,0,0,0
70,42,DL,0,0,0,0
70,42,UL,0,0,0,0
70,43,DL,0,0,0,0
70,43,UL,0,0,0,0
70,44,DL,0,0,0,0
70,44,UL,0,0,0,0
70,45,DL,0,0,0,0
70,45,UL,0,0,0,0
70,46,DL,0,0,0,0
70,46,UL,0,0,0,0
70,47,DL,0,0,0,0
70,47,UL,0,0,0,0
70,48,DL,0,0,0,0
70,48,UL,0,0,0,0
70,49,DL,0,0,0,0
70,49,UL,0,0,0,0
70,50,DL,0,0,0,0
70,50,UL,0,0,0,0
70,51,DL,0,0,0,0
70,51,UL,0,0,0,0
70,52,DL,0,0,0,0
70,52,UL,0,0,0,0
70,53,DL,0,0,0,0
70,53,UL,0,0,0,0
70,54,DL,0,0,0,0
70,54,UL,0,0,0,0
70,55,DL,0,0,0,0
70,55,UL,0,0,0,0
70,56,DL,0,0,0,0
70,56,UL,0,0,0,0
70,57,DL,0,0,0,0
70,57,UL,0,0,0,0
70,58,DL,0,0,0,0
70,58,UL,0,0,0,0
70,59,DL,0,0,0,0
70,59,UL,0,0,0,0
70,60,DL,0,0,0,0
70,60,UL,0,0,0,0
70,61,DL,0,0,0,0
70,61,UL,0,0,0,0
70,62,DL,0,0,0,0
70,62,UL,0,0,0,0
70,63,DL,0,0,0,0
70,63,UL,0,0,0,0
70,64,DL,0,0,0,0
70,64,UL,0,0,0,0
70,65,DL,0,0,0,0
70,65,UL,0,0,0,0
70,66,DL,0,0,0,0
70,66,UL,0,0,0,0
70,67,DL,0,0,0,0
70,67,UL,0,0,0,0
70,68,DL,0,0,0,0
70,68,UL,0,0,0,0
70,69,DL,0,0,0,0
70,69,UL,0,0,0,0
70,70,DL,0,0,0,0
70,70,UL,0,0,0,0
70,71,DL,0,0,0,0
70,71,UL,0,0,0,0
70,72,DL,0,0,0,0
70,72,UL,0,0,0,0
70,73,DL,0,0,0,0
70,73,UL,0,0,0,0
70,74,DL,0,0,0,0
70,74,UL,0,0,0,0
70,75,DL,0,0,0,0
70,75,UL,0,0,0,0
70,76,DL,0,0,0,0
70,76,UL,0,0,0,0
70,77,DL,0,0,0,0
70,77,UL,0,0,0,0
70,78,DL,0,0,0,0
70,78,UL,0,0,0,0
70,79,DL,0,0,0,0
70,79,UL,0,0,0,0
72,0,DL,0,0,0,0
72,0,UL,0,0,0,0
72,1,DL,0,0,0,0
72,1,UL,0,0,0,0
72,2,DL,0,0,0,0
72,2,UL,0,0,0,0
72,3,DL,0,0,0,0
72,3,UL,0,0,0,0
72,4,DL,0,0,0,0
72,4,UL,0,0,0,0
72,5,DL,0,0,0,0
72,5,UL,0,0,0,0
72,6,DL,0,0,0,0
72,6,UL,0,0,0,0
72,7,DL,0.430029,0.116243,0.0588226,30
72,7,UL,0,0,0,0
72,8,DL,0,0,0,0
72,8,UL,0,0,0,0
72,9,DL,0,0,0,0
72,9,UL,0,0,0,0
72,10,DL,0,0,0,0
72,10,UL,0,0,0,0
72,11,DL,0,0,0,0
72,11,UL,0,0,0,0
72,12,DL,0,0,0,0
72,12,UL,0,0,0,0
72,13,DL,0,0,0,0
72,13,UL,0,0,0,0
72,14,DL,0,0,0,0
72,14,UL,0,0,0,0
72,15,DL,0,0,0,0
72,15,UL,0,0,0,0
72,16,DL,0,0,0,0
72,16,UL,0,0,0,0
72,17,DL,0,0,0,0
72,17,UL,0,0,0,0
72,18,DL,0,0,0,0
72,18,UL,0,0,0,0
72,19,DL,0,0,0,0
72,19,UL,0,0,0,0
72,20,DL,0,0,0,0
72,20,UL,0,0,0,0
72,21,DL,0,0,0,0
72,21,UL,0,0,0,0
72,22,DL,0,0,0,0
72,22,UL,0,0,0,0
72,23,DL,0,0,0,0
72,23,UL,0,0,0,0
72,24,DL,0,0,0,0
72,24,UL,0,0,0,0
72,25,DL,0,0,0,0
72,25,UL,0,0,0,0
72,26,DL,0,0,0,0
72,26,UL,0,0,0,0
72,27,DL,0,0,0,0
72,27,UL,0,0,0,0
72,28,DL,0,0,0,0
72,28,UL,0,0,0,0
72,29,DL,0,0,0,0
72,29,UL,0,0,0,0
72,30,DL,0,0,0,0
72,30,UL,0,0,0,0
72,31,DL,0,0,0,0
72,31,UL,0,0,0,0
72,32,DL,0,0,0,0
72,32,UL,0,0,0,0
72,33,DL,0,0,0,0
72,33,UL,0,0,0,0
72,34,DL,0,0,0,0
72,34,UL,0,0,0,0
72,35,DL,0,0,0,0
72,35,UL,0,0,0,0
72,36,DL,0,0,0,0
72,36,UL,0,0,0,0
72,37,DL,0,0,0,0
72,37,UL,0,0,0,0
72,38,DL,0.0131,0.0133333,0.0117645,6
72,38,UL,0,0,0,0
72,39,DL,0,0,0,0
72,39,UL,0,0,0,0
72,40,DL,0,0,0,0
72,40,UL,0,0,0,0
72,41,DL,0,0,0,0
72,41,UL,0,0,0,0
72,42,DL,0,0,0,0
72,42,UL,0,0,0,0
72,43,DL,0,0,0,0
72,43,UL,0,0,0,0
72,44,DL,0,0,0,0
72,44,UL,0,0,0,0
72,45,DL,0,0,0,0
72,45,UL,0,0,0,0
72,46,DL,0,0,0,0
72,46,UL,0,0,0,0
72,47,DL,0,0,0,0
72,47,UL,0,0,0,0
72,48,DL,0,0,0,0
72,48,UL,0,0,0,0
72,49,DL,0,0,0,0
72,49,UL,0,0,0,0
72,50,DL,0,0,0,0
72,50,UL,0,0,0,0
72,51,DL,0,0,0,0
72,51,UL,0,0,0,0
72,52,DL,0,0,0,0
72,52,UL,0,0,0,0
72,53,DL,0,0,0,0
72,53,UL,0,0,0,0
72,54,DL,0,0,0,0
72,54,UL,0,0,0,0
72,55,DL,0,0,0,0
72,55,UL,0,0,0,0
72,56,DL,0,0,0,0
72,56,UL,0,0,0,0
72,57,DL,0,0,0,0
72,57,UL,0,0,0,0
72,58,DL,0,0,0,0
72,58,UL,0,0,0,0
72,59,DL,0,0,0,0
72,59,UL,0,0,0,0
72,60,DL,0,0,0,0
72,60,UL,0,0,0,0
72,61,DL,0,0,0,0
72,61,UL,0,0,0,0
72,62,DL,0,0,0,0
72,62,UL,0,0,0,0
72,63,DL,0,0,0,0
72,63,UL,0,0,0,0
72,64,DL,0,0,0,0
72,64,UL,0,0,0,0
72,65,DL,0,0,0,0
72,65,UL,0,0,0,0
72,66,DL,0,0,0,0
72,66,UL,0,0,0,0
72,67,DL,0,0,0,0
72,67,UL,0,0,0,0
72,68,DL,0,0,0,0
72,68,UL,0,0,0,0
72,69,DL,0,0,0,0
72,69,UL,0,0,0,0
72,70,DL,0,0,0,0
72,70,UL,0,0,0,0
72,71,DL,0,0,0,0
72,71,UL,0,0,0,0
72,72,DL,0,0,0,0
72,72,UL,0,0,0,0
72,73,DL,0,0,0,0
72,73,UL,0,0,0,0
72,74,DL,0,0,0,0
72,74,UL,0,0,0,0
72,75,DL,0,0,0,0
72,75,UL,0,0,0,0
72,76,DL,0,0,0,0
72,76,UL,0,0,0,0
72,77,DL,0,0,0,0
72,77,UL,0,0,0,0
72,78,DL,0,0,0,0
72,78,UL,0,0,0,0
72,79,DL,0,0,0,0
72,79,UL,0,0,0,0
74,0,DL,0,0,0,0
74,0,UL,0,0,0,0
74,1,DL,0,0,0,0
74,1,UL,0,0,0,0
74,2,DL,0,0,0,0
74,2,UL,0,0,0,0
74,3,DL,0,0,0,0
74,3,UL,0,0,0,0
74,4,DL,0,0,0,0
74,4,UL,0,0,0,0
74,5,DL,0,0,0,0
74,5,UL,0,0,0,0
74,6,DL,0,0,0,0
74,6,UL,0,0,0,0
74,7,DL,0,0,0,0
74,7,UL,0,0,0,0
74,8,DL,0,0,0,0
74,8,UL,0,0,0,0
74,9,DL,0,0,0,0
74,9,UL,0,0,0,0
74,10,DL,0,0,0,0
74,10,UL,0,0,0,0
74,11,DL,0,0,0,0
74,11,UL,0,0,0,0
74,12,DL,0.0151,0.00564286,0.00392151,2
74,12,UL,0,0,0,0
74,13,DL,0,0,0,0
74,13,UL,0,0,0,0
74,14,DL,0,0,0,0
74,14,UL,0,0,0,0
74,15,DL,0,0,0,0
74,15,UL,0,0,0,0
74,16,DL,0,0,0,0
74,16,UL,0,0,0,0
74,17,DL,0,0,0,0
74,17,UL,0,0,0,0
74,18,DL,0,0,0,0
74,18,UL,0,0,0,0
74,19,DL,0,0,0,0
74,19,UL,0,0,0,0
74,20,DL,0,0,0,0
74,20,UL,0,0,0,0
74,21,DL,0,0,0,0
74,21,UL,0,0,0,0
74,22,DL,0,0,0,0
74,22,UL,0,0,0,0
74,23,DL,0,0,0,0
74,23,UL,0,0,0,0
74,24,DL,0,0,0,0
74,24,UL,0,0,0,0
74,25,DL,0,0,0,0
74,25,UL,0,0,0,0
74,26,DL,0,0,0,0
74,26,UL,0,0,0,0
74,27,DL,0,0,0,0
74,27,UL,0,0,0,0
74,28,DL,0,0,0,0
74,28,UL,0,0,0,0
74,29,DL,0,0,0,0
74,29,UL,0,0,0,0
74,30,DL,0,0,0,0
74,30,UL,0,0,0,0
74,31,DL,0,0,0,0
74,31,UL,0,0,0,0
74,32,DL,0,0,0,0
74,32,UL,0,0,0,0
74,33,DL,0,0,0,0
74,33,UL,0,0,0,0
74,34,DL,0,0,0,0
74,34,UL,0,0,0,0
74,35,DL,0,0,0,0
74,35,UL,0,0,0,0
74,36,DL,0,0,0,0
74,36,UL,0,0,0,0
74,37,DL,0,0,0,0
74,37,UL,0,0,0,0
74,38,DL,0,0,0,0
74,38,UL,0,0,0,0
74,39,DL,0,0,0,0
74,39,UL,0,0,0,0
74,40,DL,0,0,0,0
74,40,UL,0,0,0,0
74,41,DL,0,0,0,0
74,41,UL,0,0,0,0
74,42,DL,0,0,0,0
74,42,UL,0,0,0,0
74,43,DL,0,0,0,0
74,43,UL,0,0,0,0
74,44,DL,0,0,0,0
74,44,UL,0,0,0,0
74,45,DL,0,0,0,0
74,45,UL,0,0,0,0
74,46,DL,0,0,0,0
74,46,UL,0,0,0,0
74,47,DL,0,0,0,0
74,47,UL,0,0,0,0
74,48,DL,0,0,0,0
74,48,UL,0,0,0,0
74,49,DL,0,0,0,0
74,49,UL,0,0,0,0
74,50,DL,0,0,0,0
74,50,UL,0,0,0,0
74,51,DL,0,0,0,0
74,51,UL,0,0,0,0
74,52,DL,0,0,0,0
74,52,UL,0,0,0,0
74,53,DL,0,0,0,0
74,53,UL,0,0,0,0
74,54,DL,0,0,0,0
74,54,UL,0,0,0,0
74,55,DL,0,0,0,0
74,55,UL,0,0,0,0
74,56,DL,0,0,0,0
74,56,UL,0,0,0,0
74,57,DL,0,0,0,0
74,57,UL,0,0,0,0
74,58,DL,0,0,0,0
74,58,UL,0,0,0,0
74,59,DL,0,0,0,0
74,59,UL,0,0,0,0
74,60,DL,0,0,0,0
74,60,UL,0,0,0,0
74,61,DL,0,0,0,0
74,61,UL,0,0,0,0
74,62,DL,0.0211,0.017,0.00392151,2
74,62,UL,0,0,0,0
74,63,DL,0,0,0,0
74,63,UL,0,0,0,0
74,64,DL,0,0,0,0
74,64,UL,0,0,0,0
74,65,DL,0,0,0,0
74,65,UL,0,0,0,0
74,66,DL,0,0,0,0
74,66,UL,0,0,0,0
74,67,DL,0,0,0,0
74,67,UL,0,0,0,0
74,68,DL,0,0,0,0
74,68,UL,0,0,0,0
74,69,DL,0,0,0,0
74,69,UL,0,0,0,0
74,70,DL,0,0,0,0
74,70,UL,0,0,0,0
74,71,DL,0,0,0,0
74,71,UL,0,0,0,0
74,72,DL,0,0,0,0
74,72,UL,0,0,0,0
74,73,DL,0,0,0,0
74,73,UL,0,0,0,0
74,74,DL,0,0,0,0
74,74,UL,0,0,0,0
74,75,DL,0,0,0,0
74,75,UL,0,0,0,0
74,76,DL,0,0,0,0
74,76,UL,0,0,0,0
74,77,DL,0,0,0,0
74,77,UL,0,0,0,0
74,78,DL,0,0,0,0
74,78,UL,0,0,0,0
74,79,DL,0,0,0,0
74,79,UL,0,0,0,0
76,0,DL,0,0,0,0
76,0,UL,0,0,0,0
76,1,DL,0,0,0,0
76,1,UL,0,0,0,0
76,2,DL,0,0,0,0
76,2,UL,0,0,0,0
76,3,DL,0,0,0,0
76,3,UL,0,0,0,0
76,4,DL,0,0,0,0
76,4,UL,0,0,0,0
76,5,DL,0,0,0,0
76,5,UL,0,0,0,0
76,6,DL,0,0,0,0
76,6,UL,0,0,0,0
76,7,DL,0,0,0,0
76,7,UL,0,0,0,0
76,8,DL,0,0,0,0
76,8,UL,0,0,0,0
76,9,DL,0,0,0,0
76,9,UL,0,0,0,0
76,10,DL,0,0,0,0
76,10,UL,0,0,0,0
76,11,DL,0,0,0,0
76,11,UL,0,0,0,0
76,12,DL,0,0,0,0
76,12,UL,0,0,0,0
76,13,DL,0,0,0,0
76,13,UL,0,0,0,0
76,14,DL,0,0,0,0
76,14,UL,0,0,0,0
76,15,DL,0,0,0,0
76,15,UL,0,0,0,0
76,16,DL,0,0,0,0
76,16,UL,0,0,0,0
76,17,DL,0,0,0,0
76,17,UL,0,0,0,0
76,18,DL,0,0,0,0
76,18,UL,0,0,0,0
76,19,DL,0,0,0,0
76,19,UL,0,0,0,0
76,20,DL,0,0,0,0
76,20,UL,0,0,0,0
76,21,DL,0,0,0,0
76,21,UL,0,0,0,0
76,22,DL,0,0,0,0
76,22,UL,0,0,0,0
76,23,DL,0,0,0,0
76,23,UL,0,0,0,0
76,24,DL,0,0,0,0
76,24,UL,0,0,0,0
76,25,DL,0,0,0,0
76,25,UL,0,0,0,0
76,26,DL,0,0,0,0
76,26,UL,0,0,0,0
76,27,DL,0,0,0,0
76,27,UL,0,0,0,0
76,28,DL,0,0,0,0
76,28,UL,0,0,0,0
76,29,DL,0,0,0,0
76,29,UL,0,0,0,0
76,30,DL,0,0,0,0
76,30,UL,0,0,0,0
76,31,DL,0,0,0,0
76,31,UL,0,0,0,0
76,32,DL,0,0,0,0
76,32,UL,0,0,0,0
76,33,DL,0,0,0,0
76,33,UL,0,0,0,0
76,34,DL,0,0,0,0
76,34,UL,0,0,0,0
76,35,DL,0,0,0,0
76,35,UL,0,0,0,0
76,36,DL,0,0,0,0
76,36,UL,0,0,0,0
76,37,DL,0,0,0,0
76,37,UL,0,0,0,0
76,38,DL,0,0,0,0
76,38,UL,0,0,0,0
76,39,DL,0,0,0,0
76,39,UL,0,0,0,0
76,40,DL,0,0,0,0
76,40,UL,0,0,0,0
76,41,DL,0,0,0,0
76,41,UL,0,0,0,0
76,42,DL,0,0,0,0
76,42,UL,0,0,0,0
76,43,DL,0,0,0,0
76,43,UL,0,0,0,0
76,44,DL,0,0,0,0
76,44,UL,0,0,0,0
76,45,DL,0,0,0,0
76,45,UL,0,0,0,0
76,46,DL,0,0,0,0
76,46,UL,0,0,0,0
76,47,DL,0,0,0,0
76,47,UL,0,0,0,0
76,48,DL,0,0,0,0
76,48,UL,0,0,0,0
76,49,DL,0,0,0,0
76,49,UL,0,0,0,0
76,50,DL,0,0,0,0
76,50,UL,0,0,0,0
76,51,DL,0,0,0,0
76,51,UL,0,0,0,0
76,52,DL,0,0,0,0
76,52,UL,0,0,0,0
76,53,DL,0,0,0,0
76,53,UL,0,0,0,0
76,54,DL,0,0,0,0
76,54,UL,0,0,0,0
76,55,DL,0,0,0,0
76,55,UL,0,0,0,0
76,56,DL,0,0,0,0
76,56,UL,0,0,0,0
76,57,DL,0,0,0,0
76,57,UL,0,0,0,0
76,58,DL,0,0,0,0
76,58,UL,0,0,0,0
76,59,DL,0,0,0,0
76,59,UL,0,0,0,0
76,60,DL,0,0,0,0
76,60,UL,0,0,0,0
76,61,DL,0,0,0,0
76,61,UL,0,0,0,0
76,62,DL,0,0,0,0
76,62,UL,0,0,0,0
76,63,DL,0,0,0,0
76,63,UL,0,0,0,0
76,64,DL,0,0,0,0
76,64,UL,0,0,0,0
76,65,DL,0,0,0,0
76,65,UL,0,0,0,0
76,66,DL,0,0,0,0
76,66,UL,0,0,0,0
76,67,DL,0,0,0,0
76,67,UL,0,0,0,0
76,68,DL,0,0,0,0
76,68,UL,0,0,0,0
76,69,DL,0,0,0,0
76,69,UL,0,0,0,0
76,70,DL,0,0,0,0
76,70,UL,0,0,0,0
76,71,DL,0,0,0,0
76,71,UL,0,0,0,0
76,72,DL,0,0,0,0
76,72,UL,0,0,0,0
76,73,DL,0,0,0,0
76,73,UL,0,0,0,0
76,74,DL,0,0,0,0
76,74,UL,0,0,0,0
76,75,DL,0,0,0,0
76,75,UL,0,0,0,0
76,76,DL,0,0,0,0
76,76,UL,0,0,0,0
76,77,DL,0,0,0,0
76,77,UL,0,0,0,0
76,78,DL,0,0,0,0
76,78,UL,0,0,0,0
76,79,DL,0,0,0,0
76,79,UL,0,0,0,0
78,0,DL,0,0,0,0
78,0,UL,0,0,0,0
78,1,DL,0,0,0,0
78,1,UL,0,0,0,0
78,2,DL,0,0,0,0
78,2,UL,0,0,0,0
78,3,DL,0,0,0,0
78,3,UL,0,0,0,0
78,4,DL,0,0,0,0
78,4,UL,0,0,0,0
78,5,DL,0,0,0,0
78,5,UL,0,0,0,0
78,6,DL,0,0,0,0
78,6,UL,0,0,0,0
78,7,DL,0,0,0,0
78,7,UL,0,0,0,0
78,8,DL,0,0,0,0
78,8,UL,0,0,0,0
78,9,DL,0,0,0,0
78,9,UL,0,0,0,0
78,10,DL,0,0,0,0
78,10,UL,0,0,0,0
78,11,DL,0,0,0,0
78,11,UL,0,0,0,0
78,12,DL,0,0,0,0
78,12,UL,0,0,0,0
78,13,DL,0,0,0,0
78,13,UL,0,0,0,0
78,14,DL,0,0,0,0
78,14,UL,0,0,0,0
78,15,DL,0,0,0,0
78,15,UL,0,0,0,0
78,16,DL,0,0,0,0
78,16,UL,0,0,0,0
78,17,DL,0,0,0,0
78,17,UL,0,0,0,0
78,18,DL,0,0,0,0
78,18,UL,0,0,0,0
78,19,DL,0,0,0,0
78,19,UL,0,0,0,0
78,20,DL,0,0,0,0
78,20,UL,0,0,0,0
78,21,DL,0,0,0,0
78,21,UL,0,0,0,0
78,22,DL,0,0,0,0
78,22,UL,0,0,0,0
78,23,DL,0,0,0,0
78,23,UL,0,0,0,0
78,24,DL,0,0,0,0
78,24,UL,0,0,0,0
78,25,DL,0.00859999,0.00771428,0.00784302,4
78,25,UL,0,0,0,0
78,26,DL,0,0,0,0
78,26,UL,0,0,0,0
78,27,DL,0,0,0,0
78,27,UL,0,0,0,0
78,28,DL,0,0,0,0
78,28,UL,0,0,0,0
78,29,DL,0,0,0,0
78,29,UL,0,0,0,0
78,30,DL,0,0,0,0
78,30,UL,0,0,0,0
78,31,DL,0,0,0,0
78,31,UL,0,0,0,0
78,32,DL,0,0,0,0
78,32,UL,0,0,0,0
78,33,DL,0,0,0,0
78,33,UL,0,0,0,0
78,34,DL,0,0,0,0
78,34,UL,0,0,0,0
78,35,DL,0,0,0,0
78,35,UL,0,0,0,0
78,36,DL,0,0,0,0
78,36,UL,0,0,0,0
78,37,DL,0,0,0,0
78,37,UL,0,0,0,0
78,38,DL,0,0,0,0
78,38,UL,0,0,0,0
78,39,DL,0,0,0,0
78,39,UL,0,0,0,0
78,40,DL,0,0,0,0
78,40,UL,0,0,0,0
78,41,DL,0,0,0,0
78,41,UL,0,0,0,0
78,42,DL,0,0,0,0
78,42,UL,0,0,0,0
78,43,DL,0,0,0,0
78,43,UL,0,0,0,0
78,44,DL,0,0,0,0
78,44,UL,0,0,0,0
78,45,DL,0,0,0,0
78,45,UL,0,0,0,0
78,46,DL,0,0,0,0
78,46,UL,0,0,0,0
78,47,DL,0,0,0,0
78,47,UL,0,0,0,0
78,48,DL,0,0,0,0
78,48,UL,0,0,0,0
78,49,DL,0,0,0,0
78,49,UL,0,0,0,0
78,50,DL,0,0,0,0
78,50,UL,0,0,0,0
78,51,DL,0,0,0,0
78,51,UL,0,0,0,0
78,52,DL,0,0,0,0
78,52,UL,0,0,0,0
78,53,DL,0,0,0,0
78,53,UL,0,0,0,0
78,54,DL,0,0,0,0
78,54,UL,0,0,0,0
78,55,DL,0,0,0,0
78,55,UL,0,0,0,0
78,56,DL,0,0,0,0
78,56,UL,0,0,0,0
78,57,DL,0,0,0,0
78,57,UL,0,0,0,0
78,58,DL,0,0,0,0
78,58,UL,0,0,0,0
78,59,DL,0,0,0,0
78,59,UL,0,0,0,0
78,60,DL,0,0,0,0
78,60,UL,0,0,0,0
78,61,DL,0,0,0,0
78,61,UL,0,0,0,0
78,62,DL,0,0,0,0
78,62,UL,0,0,0,0
78,63,DL,0,0,0,0
78,63,UL,0,0,0,0
78,64,DL,0,0,0,0
78,64,UL,0,0,0,0
78,65,DL,0,0,0,0
78,65,UL,0,0,0,0
78,66,DL,0,0,0,0
78,66,UL,0,0,0,0
78,67,DL,0,0,0,0
78,67,UL,0,0,0,0
78,68,DL,0,0,0,0
78,68,UL,0,0,0,0
78,69,DL,0,0,0,0
78,69,UL,0,0,0,0
78,70,DL,0,0,0,0
78,70,UL,0,0,0,0
78,71,DL,0,0,0,0
78,71,UL,0,0,0,0
78,72,DL,0,0,0,0
78,72,UL,0,0,0,0
78,73,DL,0,0,0,0
78,73,UL,0,0,0,0
78,74,DL,0,0,0,0
78,74,UL,0,0,0,0
78,75,DL,0,0,0,0
78,75,UL,0,0,0,0
78,76,DL,0,0,0,0
78,76,UL,0,0,0,0
78,77,DL,0,0,0,0
78,77,UL,0,0,0,0
78,78,DL,0,0,0,0
78,78,UL,0,0,0,0
78,79,DL,0,0,0,0
78,79,UL,0,0,0,0
80,0,DL,0,0,0,0
80,0,UL,0,0,0,0
80,1,DL,0,0,0,0
80,1,UL,0,0,0,0
80,2,DL,0,0,0,0
80,2,UL,0,0,0,0
80,3,DL,0,0,0,0
80,3,UL,0,0,0,0
80,4,DL,0,0,0,0
80,4,UL,0,0,0,0
80,5,DL,0,0,0,0
80,5,UL,0,0,0,0
80,6,DL,0,0,0,0
80,6,UL,0,0,0,0
80,7,DL,0,0,0,0
80,7,UL,0,0,0,0
80,8,DL,0,0,0,0
80,8,UL,0,0,0,0
80,9,DL,0,0,0,0
80,9,UL,0,0,0,0
80,10,DL,0.1109,0.0382,0.0196075,10
80,10,UL,0,0,0,0
80,11,DL,0,0,0,0
80,11,UL,0,0,0,0
80,12,DL,0,0,0,0
80,12,UL,0,0,0,0
80,13,DL,0,0,0,0
80,13,UL,0,0,0,0
80,14,DL,0,0,0,0
80,14,UL,0,0,0,0
80,15,DL,0.246767,0.0610095,0.0588226,30
80,15,UL,0,0,0,0
80,16,DL,0,0,0,0
80,16,UL,0,0,0,0
80,17,DL,0,0,0,0
80,17,UL,0,0,0,0
80,18,DL,0,0,0,0
80,18,UL,0,0,0,0
80,19,DL,0,0,0,0
80,19,UL,0,0,0,0
80,20,DL,0,0,0,0
80,20,UL,0,0,0,0
80,21,DL,0,0,0,0
80,21,UL,0,0,0,0
80,22,DL,0,0,0,0
80,22,UL,0,0,0,0
80,23,DL,0,0,0,0
80,23,UL,0,0,0,0
80,24,DL,0,0,0,0
80,24,UL,0,0,0,0
80,25,DL,0,0,0,0
80,25,UL,0,0,0,0
80,26,DL,0,0,0,0
80,26,UL,0,0,0,0
80,27,DL,0,0,0,0
80,27,UL,0,0,0,0
80,28,DL,0,0,0,0
80,28,UL,0,0,0,0
80,29,DL,0,0,0,0
80,29,UL,0,0,0,0
80,30,DL,0,0,0,0
80,30,UL,0,0,0,0
80,31,DL,0,0,0,0
80,31,UL,0,0,0,0
80,32,DL,0,0,0,0
80,32,UL,0,0,0,0
80,33,DL,0,0,0,0
80,33,UL,0,0,0,0
80,34,DL,0,0,0,0
80,34,UL,0,0,0,0
80,35,DL,0,0,0,0
80,35,UL,0,0,0,0
80,36,DL,0,0,0,0
80,36,UL,0,0,0,0
80,37,DL,0,0,0,0
80,37,UL,0,0,0,0
80,38,DL,0,0,0,0
80,38,UL,0,0,0,0
80,39,DL,0,0,0,0
80,39,UL,0,0,0,0
80,40,DL,0,0,0,0
80,40,UL,0,0,0,0
80,41,DL,0,0,0,0
80,41,UL,0,0,0,0
80,42,DL,0,0,0,0
80,42,UL,0,0,0,0
80,43,DL,0,0,0,0
80,43,UL,0,0,0,0
80,44,DL,0,0,0,0
80,44,UL,0,0,0,0
80,45,DL,0,0,0,0
80,45,UL,0,0,0,0
80,46,DL,0,0,0,0
80,46,UL,0,0,0,0
80,47,DL,0,0,0,0
80,47,UL,0,0,0,0
80,48,DL,0,0,0,0
80,48,UL,0,0,0,0
80,49,DL,0,0,0,0
80,49,UL,0,0,0,0
80,50,DL,0,0,0,0
80,50,UL,0,0,0,0
80,51,DL,0,0,0,0
80,51,UL,0,0,0,0
80,52,DL,0,0,0,0
80,52,UL,0,0,0,0
80,53,DL,0,0,0,0
80,53,UL,0,0,0,0
80,54,DL,0,0,0,0
80,54,UL,0,0,0,0
80,55,DL,0,0,0,0
80,55,UL,0,0,0,0
80,56,DL,0,0,0,0
80,56,UL,0,0,0,0
80,57,DL,0,0,0,0
80,57,UL,0,0,0,0
80,58,DL,0,0,0,0
80,58,UL,0,0,0,0
80,59,DL,0,0,0,0
80,59,UL,0,0,0,0
80,60,DL,0,0,0,0
80,60,UL,0,0,0,0
80,61,DL,0,0,0,0
80,61,UL,0,0,0,0
80,62,DL,0,0,0,0
80,62,UL,0,0,0,0
80,63,DL,0,0,0,0
80,63,UL,0,0,0,0
80,64,DL,0,0,0,0
80,64,UL,0,0,0,0
80,65,DL,0,0,0,0
80,65,UL,0,0,0,0
80,66,DL,0,0,0,0
80,66,UL,0,0,0,0
80,67,DL,0,0,0,0
80,67,UL,0,0,0,0
80,68,DL,0,0,0,0
80,68,UL,0,0,0,0
80,69,DL,0,0,0,0
80,69,UL,0,0,0,0
80,70,DL,0,0,0,0
80,70,UL,0,0,0,0
80,71,DL,0,0,0,0
80,71,UL,0,0,0,0
80,72,DL,0,0,0,0
80,72,UL,0,0,0,0
80,73,DL,0,0,0,0
80,73,UL,0,0,0,0
80,74,DL,0,0,0,0
80,74,UL,0,0,0,0
80,75,DL,0,0,0,0
80,75,UL,0,0,0,0
80,76,DL,0,0,0,0
80,76,UL,0,0,0,0
80,77,DL,0,0,0,0
80,77,UL,0,0,0,0
80,78,DL,0,0,0,0
80,78,UL,0,0,0,0
80,79,DL,0,0,0,0
80,79,UL,0,0,0,0
82,0,DL,0,0,0,0
82,0,UL,0,0,0,0
82,1,DL,0,0,0,0
82,1,UL,0,0,0,0
82,2,DL,0,0,0,0
82,2,UL,0,0,0,0
82,3,DL,0,0,0,0
82,3,UL,0,0,0,0
82,4,DL,0,0,0,0
82,4,UL,0,0,0,0
82,5,DL,0,0,0,0
82,5,UL,0,0,0,0
82,6,DL,0,0,0,0
82,6,UL,0,0,0,0
82,7,DL,0,0,0,0
82,7,UL,0,0,0,0
82,8,DL,0,0,0,0
82,8,UL,0,0,0,0
82,9,DL,0,0,0,0
82,9,UL,0,0,0,0
82,10,DL,0,0,0,0
82,10,UL,0,0,0,0
82,11,DL,0,0,0,0
82,11,UL,0,0,0,0
82,12,DL,0,0,0,0
82,12,UL,0,0,0,0
82,13,DL,0,0,0,0
82,13,UL,0,0,0,0
82,14,DL,0,0,0,0
82,14,UL,0,0,0,0
82,15,DL,0,0,0,0
82,15,UL,0,0,0,0
82,16,DL,0,0,0,0
82,16,UL,0,0,0,0
82,17,DL,0,0,0,0
82,17,UL,0,0,0,0
82,18,DL,0,0,0,0
82,18,UL,0,0,0,0
82,19,DL,0,0,0,0
82,19,UL,0,0,0,0
82,20,DL,0,0,0,0
82,20,UL,0,0,0,0
82,21,DL,0,0,0,0
82,21,UL,0,0,0,0
82,22,DL,0,0,0,0
82,22,UL,0,0,0,0
82,23,DL,0,0,0,0
82,23,UL,0,0,0,0
82,24,DL,0,0,0,0
82,24,UL,0,0,0,0
82,25,DL,0,0,0,0
82,25,UL,0,0,0,0
82,26,DL,0,0,0,0
82,26,UL,0,0,0,0
82,27,DL,0,0,0,0
82,27,UL,0,0,0,0
82,28,DL,0,0,0,0
82,28,UL,0,0,0,0
82,29,DL,0,0,0,0
82,29,UL,0,0,0,0
82,30,DL,0,0,0,0
82,30,UL,0,0,0,0
82,31,DL,0,0,0,0
82,31,UL,0,0,0,0
82,32,DL,0,0,0,0
82,32,UL,0,0,0,0
82,33,DL,0,0,0,0
82,33,UL,0,0,0,0
82,34,DL,0,0,0,0
82,34,UL,0,0,0,0
82,35,DL,0,0,0,0
82,35,UL,0,0,0,0
82,36,DL,0,0,0,0
82,36,UL,0,0,0,0
82,37,DL,0,0,0,0
82,37,UL,0,0,0,0
82,38,DL,0,0,0,0
82,38,UL,0,0,0,0
82,39,DL,0,0,0,0
82,39,UL,0,0,0,0
82,40,DL,0,0,0,0
82,40,UL,0,0,0,0
82,41,DL,0,0,0,0
82,41,UL,0,0,0,0
82,42,DL,0,0,0,0
82,42,UL,0,0,0,0
82,43,DL,0,0,0,0
82,43,UL,0,0,0,0
82,44,DL,0,0,0,0
82,44,UL,0,0,0,0
82,45,DL,0,0,0,0
82,45,UL,0,0,0,0
82,46,DL,0,0,0,0
82,46,UL,0,0,0,0
82,47,DL,0,0,0,0
82,47,UL,0,0,0,0
82,48,DL,0,0,0,0
82,48,UL,0,0,0,0
82,49,DL,0,0,0,0
82,49,UL,0,0,0,0
82,50,DL,0,0,0,0
82,50,UL,0,0,0,0
82,51,DL,0,0,0,0
82,51,UL,0,0,0,0
82,52,DL,0,0,0,0
82,52,UL,0,0,0,0
82,53,DL,0,0,0,0
82,53,UL,0,0,0,0
82,54,DL,0,0,0,0
82,54,UL,0,0,0,0
82,55,DL,0,0,0,0
82,55,UL,0,0,0,0
82,56,DL,0,0,0,0
82,56,UL,0,0,0,0
82,57,DL,0,0,0,0
82,57,UL,0,0,0,0
82,58,DL,0,0,0,0
82,58,UL,0,0,0,0
82,59,DL,0,0,0,0
82,59,UL,0,0,0,0
82,60,DL,0,0,0,0
82,60,UL,0,0,0,0
82,61,DL,0,0,0,0
82,61,UL,0,0,0,0
82,62,DL,0,0,0,0
82,62,UL,0,0,0,0
82,63,DL,0,0,0,0
82,63,UL,0,0,0,0
82,64,DL,0,0,0,0
82,64,UL,0,0,0,0
82,65,DL,0,0,0,0
82,65,UL,0,0,0,0
82,66,DL,0,0,0,0
82,66,UL,0,0,0,0
82,67,DL,0,0,0,0
82,67,UL,0,0,0,0
82,68,DL,0,0,0,0
82,68,UL,0,0,0,0
82,69,DL,0,0,0,0
82,69,UL,0,0,0,0
82,70,DL,0,0,0,0
82,70,UL,0,0,0,0
82,71,DL,0,0,0,0
82,71,UL,0,0,0,0
82,72,DL,0,0,0,0
82,72,UL,0,0,0,0
82,73,DL,0,0,0,0
82,73,UL,0,0,0,0
82,74,DL,0,0,0,0
82,74,UL,0,0,0,0
82,75,DL,0,0,0,0
82,75,UL,0,0,0,0
82,76,DL,0,0,0,0
82,76,UL,0,0,0,0
82,77,DL,0,0,0,0
82,77,UL,0,0,0,0
82,78,DL,0,0,0,0
82,78,UL,0,0,0,0
82,79,DL,0,0,0,0
82,79,UL,0,0,0,0
84,0,DL,0,0,0,0
84,0,UL,0,0,0,0
84,1,DL,0,0,0,0
84,1,UL,0,0,0,0
84,2,DL,0,0,0,0
84,2,UL,0,0,0,0
84,3,DL,0,0,0,0
84,3,UL,0,0,0,0
84,4,DL,0,0,0,0
84,4,UL,0,0,0,0
84,5,DL,0,0,0,0
84,5,UL,0,0,0,0
84,6,DL,0,0,0,0
84,6,UL,0,0,0,0
84,7,DL,0,0,0,0
84,7,UL,0,0,0,0
84,8,DL,0,0,0,0
84,8,UL,0,0,0,0
84,9,DL,0,0,0,0
84,9,UL,0,0,0,0
84,10,DL,0,0,0,0
84,10,UL,0,0,0,0
84,11,DL,0,0,0,0
84,11,UL,0,0,0,0
84,12,DL,0.0151,0,0.00392151,2
84,12,UL,0,0,0,0
84,13,DL,0,0,0,0
84,13,UL,0,0,0,0
84,14,DL,0,0,0,0
84,14,UL,0,0,0,0
84,15,DL,0.0987667,0.0542222,0.0352936,18
84,15,UL,0,0,0,0
84,16,DL,0,0,0,0
84,16,UL,0,0,0,0
84,17,DL,0,0,0,0
84,17,UL,0,0,0,0
84,18,DL,0,0,0,0
84,18,UL,0,0,0,0
84,19,DL,0,0,0,0
84,19,UL,0,0,0,0
84,20,DL,0,0,0,0
84,20,UL,0,0,0,0
84,21,DL,0,0,0,0
84,21,UL,0,0,0,0
84,22,DL,0,0,0,0
84,22,UL,0,0,0,0
84,23,DL,0,0,0,0
84,23,UL,0,0,0,0
84,24,DL,0,0,0,0
84,24,UL,0,0,0,0
84,25,DL,0,0,0,0
84,25,UL,0,0,0,0
84,26,DL,0,0,0,0
84,26,UL,0,0,0,0
84,27,DL,0,0,0,0
84,27,UL,0,0,0,0
84,28,DL,0,0,0,0
84,28,UL,0,0,0,0
84,29,DL,0,0,0,0
84,29,UL,0,0,0,0
84,30,DL,0,0,0,0
84,30,UL,0,0,0,0
84,31,DL,0,0,0,0
84,31,UL,0,0,0,0
84,32,DL,0,0,0,0
84,32,UL,0,0,0,0
84,33,DL,0,0,0,0
84,33,UL,0,0,0,0
84,34,DL,0,0,0,0
84,34,UL,0,0,0,0
84,35,DL,0,0,0,0
84,35,UL,0,0,0,0
84,36,DL,0,0,0,0
84,36,UL,0,0,0,0
84,37,DL,0,0,0,0
84,37,UL,0,0,0,0
84,38,DL,0,0,0,0
84,38,UL,0,0,0,0
84,39,DL,0,0,0,0
84,39,UL,0,0,0,0
84,40,DL,0,0,0,0
84,40,UL,0,0,0,0
84,41,DL,0,0,0,0
84,41,UL,0,0,0,0
84,42,DL,0,0,0,0
84,42,UL,0,0,0,0
84,43,DL,0,0,0,0
84,43,UL,0,0,0,0
84,44,DL,0,0,0,0
84,44,UL,0,0,0,0
84,45,DL,0,0,0,0
84,45,UL,0,0,0,0
84,46,DL,0,0,0,0
84,46,UL,0,0,0,0
84,47,DL,0,0,0,0
84,47,UL,0,0,0,0
84,48,DL,0,0,0,0
84,48,UL,0,0,0,0
84,49,DL,0,0,0,0
84,49,UL,0,0,0,0
84,50,DL,0,0,0,0
84,50,UL,0,0,0,0
84,51,DL,0,0,0,0
84,51,UL,0,0,0,0
84,52,DL,0,0,0,0
84,52,UL,0,0,0,0
84,53,DL,0,0,0,0
84,53,UL,0,0,0,0
84,54,DL,0,0,0,0
84,54,UL,0,0,0,0
84,55,DL,0,0,0,0
84,55,UL,0,0,0,0
84,56,DL,0,0,0,0
84,56,UL,0,0,0,0
84,57,DL,0,0,0,0
84,57,UL,0,0,0,0
84,58,DL,0,0,0,0
84,58,UL,0,0,0,0
84,59,DL,0,0,0,0
84,59,UL,0,0,0,0
84,60,DL,0,0,0,0
84,60,UL,0,0,0,0
84,61,DL,0,0,0,0
84,61,UL,0,0,0,0
84,62,DL,0,0,0,0
84,62,UL,0,0,0,0
84,63,DL,0,0,0,0
84,63,UL,0,0,0,0
84,64,DL,0,0,0,0
84,64,UL,0,0,0,0
84,65,DL,0,0,0,0
84,65,UL,0,0,0,0
84,66,DL,0,0,0,0
84,66,UL,0,0,0,0
84,67,DL,0,0,0,0
84,67,UL,0,0,0,0
84,68,DL,0,0,0,0
84,68,UL,0,0,0,0
84,69,DL,0,0,0,0
84,69,UL,0,0,0,0
84,70,DL,0,0,0,0
84,70,UL,0,0,0,0
84,71,DL,0,0,0,0
84,71,UL,0,0,0,0
84,72,DL,0,0,0,0
84,72,UL,0,0,0,0
84,73,DL,0,0,0,0
84,73,UL,0,0,0,0
84,74,DL,0,0,0,0
84,74,UL,0,0,0,0
84,75,DL,0,0,0,0
84,75,UL,0,0,0,0
84,76,DL,0,0,0,0
84,76,UL,0,0,0,0
84,77,DL,0,0,0,0
84,77,UL,0,0,0,0
84,78,DL,0,0,0,0
84,78,UL,0,0,0,0
84,79,DL,0,0,0,0
84,79,UL,0,0,0,0
86,0,DL,0,0,0,0
86,0,UL,0,0,0,0
86,1,DL,0,0,0,0
86,1,UL,0,0,0,0
86,2,DL,0,0,0,0
86,2,UL,0,0,0,0
86,3,DL,0,0,0,0
86,3,UL,0,0,0,0
86,4,DL,0,0,0,0
86,4,UL,0,0,0,0
86,5,DL,0,0,0,0
86,5,UL,0,0,0,0
86,6,DL,0,0,0,0
86,6,UL,0,0,0,0
86,7,DL,0,0,0,0
86,7,UL,0,0,0,0
86,8,DL,0,0,0,0
86,8,UL,0,0,0,0
86,9,DL,0,0,0,0
86,9,UL,0,0,0,0
86,10,DL,0,0,0,0
86,10,UL,0,0,0,0
86,11,DL,0,0,0,0
86,11,UL,0,0,0,0
86,12,DL,0,0,0,0
86,12,UL,0,0,0,0
86,13,DL,0,0,0,0
86,13,UL,0,0,0,0
86,14,DL,0,0,0,0
86,14,UL,0,0,0,0
86,15,DL,0,0,0,0
86,15,UL,0,0,0,0
86,16,DL,0,0,0,0
86,16,UL,0,0,0,0
86,17,DL,0,0,0,0
86,17,UL,0,0,0,0
86,18,DL,0,0,0,0
86,18,UL,0,0,0,0
86,19,DL,0,0,0,0
86,19,UL,0,0,0,0
86,20,DL,0,0,0,0
86,20,UL,0,0,0,0
86,21,DL,0,0,0,0
86,21,UL,0,0,0,0
86,22,DL,0,0,0,0
86,22,UL,0,0,0,0
86,23,DL,0,0,0,0
86,23,UL,0,0,0,0
86,24,DL,0,0,0,0
86,24,UL,0,0,0,0
86,25,DL,0,0,0,0
86,25,UL,0,0,0,0
86,26,DL,0,0,0,0
86,26,UL,0,0,0,0
86,27,DL,0,0,0,0
86,27,UL,0,0,0,0
86,28,DL,0,0,0,0
86,28,UL,0,0,0,0
86,29,DL,0,0,0,0
86,29,UL,0,0,0,0
86,30,DL,0,0,0,0
86,30,UL,0,0,0,0
86,31,DL,0.00759999,0.0035,0.00784302,4
86,31,UL,0,0,0,0
86,32,DL,0,0,0,0
86,32,UL,0,0,0,0
86,33,DL,0,0,0,0
86,33,UL,0,0,0,0
86,34,DL,0,0,0,0
86,34,UL,0,0,0,0
86,35,DL,0,0,0,0
86,35,UL,0,0,0,0
86,36,DL,0,0,0,0
86,36,UL,0,0,0,0
86,37,DL,0,0,0,0
86,37,UL,0,0,0,0
86,38,DL,0,0,0,0
86,38,UL,0,0,0,0
86,39,DL,0,0,0,0
86,39,UL,0,0,0,0
86,40,DL,0,0,0,0
86,40,UL,0,0,0,0
86,41,DL,0,0,0,0
86,41,UL,0,0,0,0
86,42,DL,0,0,0,0
86,42,UL,0,0,0,0
86,43,DL,0,0,0,0
86,43,UL,0,0,0,0
86,44,DL,0,0,0,0
86,44,UL,0,0,0,0
86,45,DL,0,0,0,0
86,45,UL,0,0,0,0
86,46,DL,0,0,0,0
86,46,UL,0,0,0,0
86,47,DL,0,0,0,0
86,47,UL,0,0,0,0
86,48,DL,0,0,0,0
86,48,UL,0,0,0,0
86,49,DL,0,0,0,0
86,49,UL,0,0,0,0
86,50,DL,0,0,0,0
86,50,UL,0,0,0,0
86,51,DL,0,0,0,0
86,51,UL,0,0,0,0
86,52,DL,0,0,0,0
86,52,UL,0,0,0,0
86,53,DL,0,0,0,0
86,53,UL,0,0,0,0
86,54,DL,0,0,0,0
86,54,UL,0,0,0,0
86,55,DL,0,0,0,0
86,55,UL,0,0,0,0
86,56,DL,0,0,0,0
86,56,UL,0,0,0,0
86,57,DL,0,0,0,0
86,57,UL,0,0,0,0
86,58,DL,0,0,0,0
86,58,UL,0,0,0,0
86,59,DL,0,0,0,0
86,59,UL,0,0,0,0
86,60,DL,0,0,0,0
86,60,UL,0,0,0,0
86,61,DL,0,0,0,0
86,61,UL,0,0,0,0
86,62,DL,0,0,0,0
86,62,UL,0,0,0,0
86,63,DL,0,0,0,0
86,63,UL,0,0,0,0
86,64,DL,0,0,0,0
86,64,UL,0,0,0,0
86,65,DL,0,0,0,0
86,65,UL,0,0,0,0
86,66,DL,0,0,0,0
86,66,UL,0,0,0,0
86,67,DL,0,0,0,0
86,67,UL,0,0,0,0
86,68,DL,0,0,0,0
86,68,UL,0,0,0,0
86,69,DL,0,0,0,0
86,69,UL,0,0,0,0
86,70,DL,0,0,0,0
86,70,UL,0,0,0,0
86,71,DL,0,0,0,0
86,71,UL,0,0,0,0
86,72,DL,0,0,0,0
86,72,UL,0,0,0,0
86,73,DL,0,0,0,0
86,73,UL,0,0,0,0
86,74,DL,0,0,0,0
86,74,UL,0,0,0,0
86,75,DL,0,0,0,0
86,75,UL,0,0,0,0
86,76,DL,0,0,0,0
86,76,UL,0,0,0,0
86,77,DL,0,0,0,0
86,77,UL,0,0,0,0
86,78,DL,0,0,0,0
86,78,UL,0,0,0,0
86,79,DL,0,0,0,0
86,79,UL,0,0,0,0
88,0,DL,0,0,0,0
88,0,UL,0,0,0,0
88,1,DL,0,0,0,0
88,1,UL,0,0,0,0
88,2,DL,0,0,0,0
88,2,UL,0,0,0,0
88,3,DL,0,0,0,0
88,3,UL,0,0,0,0
88,4,DL,0,0,0,0
88,4,UL,0,0,0,0
88,5,DL,0,0,0,0
88,5,UL,0,0,0,0
88,6,DL,0,0,0,0
88,6,UL,0,0,0,0
88,7,DL,0,0,0,0
88,7,UL,0,0,0,0
88,8,DL,0,0,0,0
88,8,UL,0,0,0,0
88,9,DL,0,0,0,0
88,9,UL,0,0,0,0
88,10,DL,0,0,0,0
88,10,UL,0,0,0,0
88,11,DL,0,0,0,0
88,11,UL,0,0,0,0
88,12,DL,0,0,0,0
88,12,UL,0,0,0,0
88,13,DL,0,0,0,0
88,13,UL,0,0,0,0
88,14,DL,0,0,0,0
88,14,UL,0,0,0,0
88,15,DL,0,0,0,0
88,15,UL,0,0,0,0
88,16,DL,0,0,0,0
88,16,UL,0,0,0,0
88,17,DL,0,0,0,0
88,17,UL,0,0,0,0
88,18,DL,0,0,0,0
88,18,UL,0,0,0,0
88,19,DL,0,0,0,0
88,19,UL,0,0,0,0
88,20,DL,0,0,0,0
88,20,UL,0,0,0,0
88,21,DL,0,0,0,0
88,21,UL,0,0,0,0
88,22,DL,0,0,0,0
88,22,UL,0,0,0,0
88,23,DL,0,0,0,0
88,23,UL,0,0,0,0
88,24,DL,0,0,0,0
88,24,UL,0,0,0,0
88,25,DL,0,0,0,0
88,25,UL,0,0,0,0
88,26,DL,0,0,0,0
88,26,UL,0,0,0,0
88,27,DL,0,0,0,0
88,27,UL,0,0,0,0
88,28,DL,0,0,0,0
88,28,UL,0,0,0,0
88,29,DL,0,0,0,0
88,29,UL,0,0,0,0
88,30,DL,0,0,0,0
88,30,UL,0,0,0,0
88,31,DL,0,0,0,0
88,31,UL,0,0,0,0
88,32,DL,0,0,0,0
88,32,UL,0,0,0,0
88,33,DL,0,0,0,0
88,33,UL,0,0,0,0
88,34,DL,0,0,0,0
88,34,UL,0,0,0,0
88,35,DL,0,0,0,0
88,35,UL,0,0,0,0
88,36,DL,0,0,0,0
88,36,UL,0,0,0,0
88,37,DL,0,0,0,0
88,37,UL,0,0,0,0
88,38,DL,0,0,0,0
88,38,UL,0,0,0,0
88,39,DL,0,0,0,0
88,39,UL,0,0,0,0
88,40,DL,0,0,0,0
88,40,UL,0,0,0,0
88,41,DL,0,0,0,0
88,41,UL,0,0,0,0
88,42,DL,0,0,0,0
88,42,UL,0,0,0,0
88,43,DL,0,0,0,0
88,43,UL,0,0,0,0
88,44,DL,0,0,0,0
88,44,UL,0,0,0,0
88,45,DL,0,0,0,0
88,45,UL,0,0,0,0
88,46,DL,0,0,0,0
88,46,UL,0,0,0,0
88,47,DL,0,0,0,0
88,47,UL,0,0,0,0
88,48,DL,0,0,0,0
88,48,UL,0,0,0,0
88,49,DL,0,0,0,0
88,49,UL,0,0,0,0
88,50,DL,0,0,0,0
88,50,UL,0,0,0,0
88,51,DL,0,0,0,0
88,51,UL,0,0,0,0
88,52,DL,0,0,0,0
88,52,UL,0,0,0,0
88,53,DL,0,0,0,0
88,53,UL,0,0,0,0
88,54,DL,0,0,0,0
88,54,UL,0,0,0,0
88,55,DL,0,0,0,0
88,55,UL,0,0,0,0
88,56,DL,0,0,0,0
88,56,UL,0,0,0,0
88,57,DL,0,0,0,0
88,57,UL,0,0,0,0
88,58,DL,0,0,0,0
88,58,UL,0,0,0,0
88,59,DL,0,0,0,0
88,59,UL,0,0,0,0
88,60,DL,0,0,0,0
88,60,UL,0,0,0,0
88,61,DL,0,0,0,0
88,61,UL,0,0,0,0
88,62,DL,0,0,0,0
88,62,UL,0,0,0,0
88,63,DL,0,0,0,0
88,63,UL,0,0,0,0
88,64,DL,0,0,0,0
88,64,UL,0,0,0,0
88,65,DL,0,0,0,0
88,65,UL,0,0,0,0
88,66,DL,0,0,0,0
88,66,UL,0,0,0,0
88,67,DL,0,0,0,0
88,67,UL,0,0,0,0
88,68,DL,0,0,0,0
88,68,UL,0,0,0,0
88,69,DL,0,0,0,0
88,69,UL,0,0,0,0
88,70,DL,0,0,0,0
88,70,UL,0,0,0,0
88,71,DL,0,0,0,0
88,71,UL,0,0,0,0
88,72,DL,0,0,0,0
88,72,UL,0,0,0,0
88,73,DL,0,0,0,0
88,73,UL,0,0,0,0
88,74,DL,0,0,0,0
88,74,UL,0,0,0,0
88,75,DL,0,0,0,0
88,75,UL,0,0,0,0
88,76,DL,0,0,0,0
88,76,UL,0,0,0,0
88,77,DL,0,0,0,0
88,77,UL,0,0,0,0
88,78,DL,0,0,0,0
88,78,UL,0,0,0,0
88,79,DL,0,0,0,0
88,79,UL,0,0,0,0
90,0,DL,0,0,0,0
90,0,UL,0,0,0,0
90,1,DL,0,0,0,0
90,1,UL,0,0,0,0
90,2,DL,0,0,0,0
90,2,UL,0,0,0,0
90,3,DL,0,0,0,0
90,3,UL,0,0,0,0
90,4,DL,0,0,0,0
90,4,UL,0,0,0,0
90,5,DL,0,0,0,0
90,5,UL,0,0,0,0
90,6,DL,0,0,0,0
90,6,UL,0,0,0,0
90,7,DL,0,0,0,0
90,7,UL,0,0,0,0
90,8,DL,0,0,0,0
90,8,UL,0,0,0,0
90,9,DL,0,0,0,0
90,9,UL,0,0,0,0
90,10,DL,0,0,0,0
90,10,UL,0,0,0,0
90,11,DL,0,0,0,0
90,11,UL,0,0,0,0
90,12,DL,0,0,0,0
90,12,UL,0,0,0,0
90,13,DL,0,0,0,0
90,13,UL,0,0,0,0
90,14,DL,0,0,0,0
90,14,UL,0,0,0,0
90,15,DL,0,0,0,0
90,15,UL,0,0,0,0
90,16,DL,0,0,0,0
90,16,UL,0,0,0,0
90,17,DL,0,0,0,0
90,17,UL,0,0,0,0
90,18,DL,0,0,0,0
90,18,UL,0,0,0,0
90,19,DL,0,0,0,0
90,19,UL,0,0,0,0
90,20,DL,0,0,0,0
90,20,UL,0,0,0,0
90,21,DL,0,0,0,0
90,21,UL,0,0,0,0
90,22,DL,0,0,0,0
90,22,UL,0,0,0,0
90,23,DL,0,0,0,0
90,23,UL,0,0,0,0
90,24,DL,0,0,0,0
90,24,UL,0,0,0,0
90,25,DL,0,0,0,0
90,25,UL,0,0,0,0
90,26,DL,0,0,0,0
90,26,UL,0,0,0,0
90,27,DL,0,0,0,0
90,27,UL,0,0,0,0
90,28,DL,0,0,0,0
90,28,UL,0,0,0,0
90,29,DL,0,0,0,0
90,29,UL,0,0,0,0
90,30,DL,0,0,0,0
90,30,UL,0,0,0,0
90,31,DL,0,0,0,0
90,31,UL,0,0,0,0
90,32,DL,0,0,0,0
90,32,UL,0,0,0,0
90,33,DL,0,0,0,0
90,33,UL,0,0,0,0
90,34,DL,0,0,0,0
90,34,UL,0,0,0,0
90,35,DL,0,0,0,0
90,35,UL,0,0,0,0
90,36,DL,0,0,0,0
90,36,UL,0,0,0,0
90,37,DL,0,0,0,0
90,37,UL,0,0,0,0
90,38,DL,0,0,0,0
90,38,UL,0,0,0,0
90,39,DL,0,0,0,0
90,39,UL,0,0,0,0
90,40,DL,0,0,0,0
90,40,UL,0,0,0,0
90,41,DL,0,0,0,0
90,41,UL,0,0,0,0
90,42,DL,0,0,0,0
90,42,UL,0,0,0,0
90,43,DL,0,0,0,0
90,43,UL,0,0,0,0
90,44,DL,0,0,0,0
90,44,UL,0,0,0,0
90,45,DL,0,0,0,0
90,45,UL,0,0,0,0
90,46,DL,0,0,0,0
90,46,UL,0,0,0,0
90,47,DL,0,0,0,0
90,47,UL,0,0,0,0
90,48,DL,0,0,0,0
90,48,UL,0,0,0,0
90,49,DL,0,0,0,0
90,49,UL,0,0,0,0
90,50,DL,0,0,0,0
90,50,UL,0,0,0,0
90,51,DL,0,0,0,0
90,51,UL,0,0,0,0
90,52,DL,0,0,0,0
90,52,UL,0,0,0,0
90,53,DL,0,0,0,0
90,53,UL,0,0,0,0
90,54,DL,0,0,0,0
90,54,UL,0,0,0,0
90,55,DL,0,0,0,0
90,55,UL,0,0,0,0
90,56,DL,0,0,0,0
90,56,UL,0,0,0,0
90,57,DL,0,0,0,0
90,57,UL,0,0,0,0
90,58,DL,0,0,0,0
90,58,UL,0,0,0,0
90,59,DL,0,0,0,0
90,59,UL,0,0,0,0
90,60,DL,0,0,0,0
90,60,UL,0,0,0,0
90,61,DL,0,0,0,0
90,61,UL,0,0,0,0
90,62,DL,0,0,0,0
90,62,UL,0,0,0,0
90,63,DL,0,0,0,0
90,63,UL,0,0,0,0
90,64,DL,0,0,0,0
90,64,UL,0,0,0,0
90,65,DL,0,0,0,0
90,65,UL,0,0,0,0
90,66,DL,0,0,0,0
90,66,UL,0,0,0,0
90,67,DL,0,0,0,0
90,67,UL,0,0,0,0
90,68,DL,0,0,0,0
90,68,UL,0,0,0,0
90,69,DL,0,0,0,0
90,69,UL,0,0,0,0
90,70,DL,0,0,0,0
90,70,UL,0,0,0,0
90,71,DL,0,0,0,0
90,71,UL,0,0,0,0
90,72,DL,0,0,0,0
90,72,UL,0,0,0,0
90,73,DL,0,0,0,0
90,73,UL,0,0,0,0
90,74,DL,0,0,0,0
90,74,UL,0,0,0,0
90,75,DL,0,0,0,0
90,75,UL,0,0,0,0
90,76,DL,0,0,0,0
90,76,UL,0,0,0,0
90,77,DL,0,0,0,0
90,77,UL,0,0,0,0
90,78,DL,0,0,0,0
90,78,UL,0,0,0,0
90,79,DL,0,0,0,0
90,79,UL,0,0,0,0
92,0,DL,0,0,0,0
92,0,UL,0,0,0,0
92,1,DL,0,0,0,0
92,1,UL,0,0,0,0
92,2,DL,0,0,0,0
92,2,UL,0,0,0,0
92,3,DL,0,0,0,0
92,3,UL,0,0,0,0
92,4,DL,0,0,0,0
92,4,UL,0,0,0,0
92,5,DL,0,0,0,0
92,5,UL,0,0,0,0
92,6,DL,0,0,0,0
92,6,UL,0,0,0,0
92,7,DL,0,0,0,0
92,7,UL,0,0,0,0
92,8,DL,0,0,0,0
92,8,UL,0,0,0,0
92,9,DL,0,0,0,0
92,9,UL,0,0,0,0
92,10,DL,0,0,0,0
92,10,UL,0,0,0,0
92,11,DL,0,0,0,0
92,11,UL,0,0,0,0
92,12,DL,0,0,0,0
92,12,UL,0,0,0,0
92,13,DL,0,0,0,0
92,13,UL,0,0,0,0
92,14,DL,0,0,0,0
92,14,UL,0,0,0,0
92,15,DL,0,0,0,0
92,15,UL,0,0,0,0
92,16,DL,0,0,0,0
92,16,UL,0,0,0,0
92,17,DL,0,0,0,0
92,17,UL,0,0,0,0
92,18,DL,0,0,0,0
92,18,UL,0,0,0,0
92,19,DL,0,0,0,0
92,19,UL,0,0,0,0
92,20,DL,0,0,0,0
92,20,UL,0,0,0,0
92,21,DL,0,0,0,0
92,21,UL,0,0,0,0
92,22,DL,0,0,0,0
92,22,UL,0,0,0,0
92,23,DL,0,0,0,0
92,23,UL,0,0,0,0
92,24,DL,0,0,0,0
92,24,UL,0,0,0,0
92,25,DL,0,0,0,0
92,25,UL,0,0,0,0
92,26,DL,0,0,0,0
92,26,UL,0,0,0,0
92,27,DL,0,0,0,0
92,27,UL,0,0,0,0
92,28,DL,0,0,0,0
92,28,UL,0,0,0,0
92,29,DL,0,0,0,0
92,29,UL,0,0,0,0
92,30,DL,0,0,0,0
92,30,UL,0,0,0,0
92,31,DL,0,0,0,0
92,31,UL,0,0,0,0
92,32,DL,0,0,0,0
92,32,UL,0,0,0,0
92,33,DL,0,0,0,0
92,33,UL,0,0,0,0
92,34,DL,0,0,0,0
92,34,UL,0,0,0,0
92,35,DL,0,0,0,0
92,35,UL,0,0,0,0
92,36,DL,0,0,0,0
92,36,UL,0,0,0,0
92,37,DL,0,0,0,0
92,37,UL,0,0,0,0
92,38,DL,0,0,0,0
92,38,UL,0,0,0,0
92,39,DL,0,0,0,0
92,39,UL,0,0,0,0
92,40,DL,0,0,0,0
92,40,UL,0,0,0,0
92,41,DL,0,0,0,0
92,41,UL,0,0,0,0
92,42,DL,0,0,0,0
92,42,UL,0,0,0,0
92,43,DL,0,0,0,0
92,43,UL,0,0,0,0
92,44,DL,0,0,0,0
92,44,UL,0,0,0,0
92,45,DL,0,0,0,0
92,45,UL,0,0,0,0
92,46,DL,0,0,0,0
92,46,UL,0,0,0,0
92,47,DL,0,0,0,0
92,47,UL,0,0,0,0
92,48,DL,0,0,0,0
92,48,UL,0,0,0,0
92,49,DL,0,0,0,0
92,49,UL,0,0,0,0
92,50,DL,0,0,0,0
92,50,UL,0,0,0,0
92,51,DL,0,0,0,0
92,51,UL,0,0,0,0
92,52,DL,0,0,0,0
92,52,UL,0,0,0,0
92,53,DL,0,0,0,0
92,53,UL,0,0,0,0
92,54,DL,0,0,0,0
92,54,UL,0,0,0,0
92,55,DL,0,0,0,0
92,55,UL,0,0,0,0
92,56,DL,0,0,0,0
92,56,UL,0,0,0,0
92,57,DL,0,0,0,0
92,57,UL,0,0,0,0
92,58,DL,0,0,0,0
92,58,UL,0,0,0,0
92,59,DL,0,0,0,0
92,59,UL,0,0,0,0
92,60,DL,0,0,0,0
92,60,UL,0,0,0,0
92,61,DL,0,0,0,0
92,61,UL,0,0,0,0
92,62,DL,0,0,0,0
92,62,UL,0,0,0,0
92,63,DL,0,0,0,0
92,63,UL,0,0,0,0
92,64,DL,0,0,0,0
92,64,UL,0,0,0,0
92,65,DL,0,0,0,0
92,65,UL,0,0,0,0
92,66,DL,0,0,0,0
92,66,UL,0,0,0,0
92,67,DL,0,0,0,0
92,67,UL,0,0,0,0
92,68,DL,0,0,0,0
92,68,UL,0,0,0,0
92,69,DL,0,0,0,0
92,69,UL,0,0,0,0
92,70,DL,0,0,0,0
92,70,UL,0,0,0,0
92,71,DL,0,0,0,0
92,71,UL,0,0,0,0
92,72,DL,0,0,0,0
92,72,UL,0,0,0,0
92,73,DL,0,0,0,0
92,73,UL,0,0,0,0
92,74,DL,0,0,0,0
92,74,UL,0,0,0,0
92,75,DL,0,0,0,0
92,75,UL,0,0,0,0
92,76,DL,0,0,0,0
92,76,UL,0,0,0,0
92,77,DL,0,0,0,0
92,77,UL,0,0,0,0
92,78,DL,0,0,0,0
92,78,UL,0,0,0,0
92,79,DL,0,0,0,0
92,79,UL,0,0,0,0
94,0,DL,0,0,0,0
94,0,UL,0,0,0,0
94,1,DL,0,0,0,0
94,1,UL,0,0,0,0
94,2,DL,0,0,0,0
94,2,UL,0,0,0,0
94,3,DL,0,0,0,0
94,3,UL,0,0,0,0
94,4,DL,0,0,0,0
94,4,UL,0,0,0,0
94,5,DL,0,0,0,0
94,5,UL,0,0,0,0
94,6,DL,0,0,0,0
94,6,UL,0,0,0,0
94,7,DL,0,0,0,0
94,7,UL,0,0,0,0
94,8,DL,0,0,0,0
94,8,UL,0,0,0,0
94,9,DL,0,0,0,0
94,9,UL,0,0,0,0
94,10,DL,0.0712667,0.0453333,0.0235291,12
94,10,UL,0,0,0,0
94,11,DL,0,0,0,0
94,11,UL,0,0,0,0
94,12,DL,0,0,0,0
94,12,UL,0,0,0,0
94,13,DL,0,0,0,0
94,13,UL,0,0,0,0
94,14,DL,0,0,0,0
94,14,UL,0,0,0,0
94,15,DL,0,0,0,0
94,15,UL,0,0,0,0
94,16,DL,0.3661,0.205143,0.00784302,4
94,16,UL,0,0,0,0
94,17,DL,0,0,0,0
94,17,UL,0,0,0,0
94,18,DL,0,0,0,0
94,18,UL,0,0,0,0
94,19,DL,0,0,0,0
94,19,UL,0,0,0,0
94,20,DL,0,0,0,0
94,20,UL,0,0,0,0
94,21,DL,0,0,0,0
94,21,UL,0,0,0,0
94,22,DL,0,0,0,0
94,22,UL,0,0,0,0
94,23,DL,0,0,0,0
94,23,UL,0,0,0,0
94,24,DL,0,0,0,0
94,24,UL,0,0,0,0
94,25,DL,0,0,0,0
94,25,UL,0,0,0,0
94,26,DL,0,0,0,0
94,26,UL,0,0,0,0
94,27,DL,0,0,0,0
94,27,UL,0,0,0,0
94,28,DL,0,0,0,0
94,28,UL,0,0,0,0
94,29,DL,0,0,0,0
94,29,UL,0,0,0,0
94,30,DL,0,0,0,0
94,30,UL,0,0,0,0
94,31,DL,0,0,0,0
94,31,UL,0,0,0,0
94,32,DL,0,0,0,0
94,32,UL,0,0,0,0
94,33,DL,0,0,0,0
94,33,UL,0,0,0,0
94,34,DL,0,0,0,0
94,34,UL,0,0,0,0
94,35,DL,0,0,0,0
94,35,UL,0,0,0,0
94,36,DL,0,0,0,0
94,36,UL,0,0,0,0
94,37,DL,0,0,0,0
94,37,UL,0,0,0,0
94,38,DL,0,0,0,0
94,38,UL,0,0,0,0
94,39,DL,0,0,0,0
94,39,UL,0,0,0,0
94,40,DL,0,0,0,0
94,40,UL,0,0,0,0
94,41,DL,0,0,0,0
94,41,UL,0,0,0,0
94,42,DL,0,0,0,0
94,42,UL,0,0,0,0
94,43,DL,0,0,0,0
94,43,UL,0,0,0,0
94,44,DL,0,0,0,0
94,44,UL,0,0,0,0
94,45,DL,0,0,0,0
94,45,UL,0,0,0,0
94,46,DL,0,0,0,0
94,46,UL,0,0,0,0
94,47,DL,0,0,0,0
94,47,UL,0,0,0,0
94,48,DL,0,0,0,0
94,48,UL,0,0,0,0
94,49,DL,0,0,0,0
94,49,UL,0,0,0,0
94,50,DL,0,0,0,0
94,50,UL,0,0,0,0
94,51,DL,0,0,0,0
94,51,UL,0,0,0,0
94,52,DL,0,0,0,0
94,52,UL,0,0,0,0
94,53,DL,0,0,0,0
94,53,UL,0,0,0,0
94,54,DL,0,0,0,0
94,54,UL,0,0,0,0
94,55,DL,0,0,0,0
94,55,UL,0,0,0,0
94,56,DL,0,0,0,0
94,56,UL,0,0,0,0
94,57,DL,0,0,0,0
94,57,UL,0,0,0,0
94,58,DL,0,0,0,0
94,58,UL,0,0,0,0
94,59,DL,0,0,0,0
94,59,UL,0,0,0,0
94,60,DL,0,0,0,0
94,60,UL,0,0,0,0
94,61,DL,0,0,0,0
94,61,UL,0,0,0,0
94,62,DL,0,0,0,0
94,62,UL,0,0,0,0
94,63,DL,0,0,0,0
94,63,UL,0,0,0,0
94,64,DL,0,0,0,0
94,64,UL,0,0,0,0
94,65,DL,0,0,0,0
94,65,UL,0,0,0,0
94,66,DL,0,0,0,0
94,66,UL,0,0,0,0
94,67,DL,0,0,0,0
94,67,UL,0,0,0,0
94,68,DL,0,0,0,0
94,68,UL,0,0,0,0
94,69,DL,0,0,0,0
94,69,UL,0,0,0,0
94,70,DL,0,0,0,0
94,70,UL,0,0,0,0
94,71,DL,0,0,0,0
94,71,UL,0,0,0,0
94,72,DL,0,0,0,0
94,72,UL,0,0,0,0
94,73,DL,0,0,0,0
94,73,UL,0,0,0,0
94,74,DL,0,0,0,0
94,74,UL,0,0,0,0
94,75,DL,0,0,0,0
94,75,UL,0,0,0,0
94,76,DL,0,0,0,0
94,76,UL,0,0,0,0
94,77,DL,0,0,0,0
94,77,UL,0,0,0,0
94,78,DL,0,0,0,0
94,78,UL,0,0,0,0
94,79,DL,0,0,0,0
94,79,UL,0,0,0,0
96,0,DL,0,0,0,0
96,0,UL,0,0,0,0
96,1,DL,0,0,0,0
96,1,UL,0,0,0,0
96,2,DL,0,0,0,0
96,2,UL,0,0,0,0
96,3,DL,0,0,0,0
96,3,UL,0,0,0,0
96,4,DL,0,0,0,0
96,4,UL,0,0,0,0
96,5,DL,0,0,0,0
96,5,UL,0,0,0,0
96,6,DL,0,0,0,0
96,6,UL,0,0,0,0
96,7,DL,0,0,0,0
96,7,UL,0,0,0,0
96,8,DL,0,0,0,0
96,8,UL,0,0,0,0
96,9,DL,0,0,0,0
96,9,UL,0,0,0,0
96,10,DL,0,0,0,0
96,10,UL,0,0,0,0
96,11,DL,0,0,0,0
96,11,UL,0,0,0,0
96,12,DL,0,0,0,0
96,12,UL,0,0,0,0
96,13,DL,0,0,0,0
96,13,UL,0,0,0,0
96,14,DL,0,0,0,0
96,14,UL,0,0,0,0
96,15,DL,0.0111,0.005,0.00392151,2
96,15,UL,0,0,0,0
96,16,DL,0,0,0,0
96,16,UL,0,0,0,0
96,17,DL,0,0,0,0
96,17,UL,0,0,0,0
96,18,DL,0,0,0,0
96,18,UL,0,0,0,0
96,19,DL,0,0,0,0
96,19,UL,0,0,0,0
96,20,DL,0,0,0,0
96,20,UL,0,0,0,0
96,21,DL,0,0,0,0
96,21,UL,0,0,0,0
96,22,DL,0,0,0,0
96,22,UL,0,0,0,0
96,23,DL,0,0,0,0
96,23,UL,0,0,0,0
96,24,DL,0.0401,0.0916,0.0196075,10
96,24,UL,0,0,0,0
96,25,DL,0,0,0,0
96,25,UL,0,0,0,0
96,26,DL,0,0,0,0
96,26,UL,0,0,0,0
96,27,DL,0,0,0,0
96,27,UL,0,0,0,0
96,28,DL,0,0,0,0
96,28,UL,0,0,0,0
96,29,DL,0,0,0,0
96,29,UL,0,0,0,0
96,30,DL,0,0,0,0
96,30,UL,0,0,0,0
96,31,DL,0,0,0,0
96,31,UL,0,0,0,0
96,32,DL,0,0,0,0
96,32,UL,0,0,0,0
96,33,DL,0,0,0,0
96,33,UL,0,0,0,0
96,34,DL,0,0,0,0
96,34,UL,0,0,0,0
96,35,DL,0,0,0,0
96,35,UL,0,0,0,0
96,36,DL,0,0,0,0
96,36,UL,0,0,0,0
96,37,DL,0,0,0,0
96,37,UL,0,0,0,0
96,38,DL,0,0,0,0
96,38,UL,0,0,0,0
96,39,DL,0,0,0,0
96,39,UL,0,0,0,0
96,40,DL,0,0,0,0
96,40,UL,0,0,0,0
96,41,DL,0,0,0,0
96,41,UL,0,0,0,0
96,42,DL,0,0,0,0
96,42,UL,0,0,0,0
96,43,DL,0,0,0,0
96,43,UL,0,0,0,0
96,44,DL,0,0,0,0
96,44,UL,0,0,0,0
96,45,DL,0,0,0,0
96,45,UL,0,0,0,0
96,46,DL,0,0,0,0
96,46,UL,0,0,0,0
96,47,DL,0,0,0,0
96,47,UL,0,0,0,0
96,48,DL,0,0,0,0
96,48,UL,0,0,0,0
96,49,DL,0,0,0,0
96,49,UL,0,0,0,0
96,50,DL,0,0,0,0
96,50,UL,0,0,0,0
96,51,DL,0,0,0,0
96,51,UL,0,0,0,0
96,52,DL,0,0,0,0
96,52,UL,0,0,0,0
96,53,DL,0,0,0,0
96,53,UL,0,0,0,0
96,54,DL,0,0,0,0
96,54,UL,0,0,0,0
96,55,DL,0,0,0,0
96,55,UL,0,0,0,0
96,56,DL,0,0,0,0
96,56,UL,0,0,0,0
96,57,DL,0,0,0,0
96,57,UL,0,0,0,0
96,58,DL,0,0,0,0
96,58,UL,0,0,0,0
96,59,DL,0,0,0,0
96,59,UL,0,0,0,0
96,60,DL,0,0,0,0
96,60,UL,0,0,0,0
96,61,DL,0,0,0,0
96,61,UL,0,0,0,0
96,62,DL,0,0,0,0
96,62,UL,0,0,0,0
96,63,DL,0,0,0,0
96,63,UL,0,0,0,0
96,64,DL,0,0,0,0
96,64,UL,0,0,0,0
96,65,DL,0,0,0,0
96,65,UL,0,0,0,0
96,66,DL,0,0,0,0
96,66,UL,0,0,0,0
96,67,DL,0,0,0,0
96,67,UL,0,0,0,0
96,68,DL,0,0,0,0
96,68,UL,0,0,0,0
96,69,DL,0,0,0,0
96,69,UL,0,0,0,0
96,70,DL,0,0,0,0
96,70,UL,0,0,0,0
96,71,DL,0,0,0,0
96,71,UL,0,0,0,0
96,72,DL,0,0,0,0
96,72,UL,0,0,0,0
96,73,DL,0,0,0,0
96,73,UL,0,0,0,0
96,74,DL,0,0,0,0
96,74,UL,0,0,0,0
96,75,DL,0,0,0,0
96,75,UL,0,0,0,0
96,76,DL,0,0,0,0
96,76,UL,0,0,0,0
96,77,DL,0,0,0,0
96,77,UL,0,0,0,0
96,78,DL,0,0,0,0
96,78,UL,0,0,0,0
96,79,DL,0,0,0,0
96,79,UL,0,0,0,0
98,0,DL,0,0,0,0
98,0,UL,0,0,0,0
98,1,DL,0,0,0,0
98,1,UL,0,0,0,0
98,2,DL,0,0,0,0
98,2,UL,0,0,0,0
98,3,DL,0,0,0,0
98,3,UL,0,0,0,0
98,4,DL,0,0,0,0
98,4,UL,0,0,0,0
98,5,DL,0,0,0,0
98,5,UL,0,0,0,0
98,6,DL,0,0,0,0
98,6,UL,0,0,0,0
98,7,DL,0,0,0,0
98,7,UL,0,0,0,0
98,8,DL,0,0,0,0
98,8,UL,0,0,0,0
98,9,DL,0,0,0,0
98,9,UL,0,0,0,0
98,10,DL,0,0,0,0
98,10,UL,0,0,0,0
98,11,DL,0,0,0,0
98,11,UL,0,0,0,0
98,12,DL,0,0,0,0
98,12,UL,0,0,0,0
98,13,DL,0,0,0,0
98,13,UL,0,0,0,0
98,14,DL,0,0,0,0
98,14,UL,0,0,0,0
98,15,DL,0,0,0,0
98,15,UL,0,0,0,0
98,16,DL,0,0,0,0
98,16,UL,0,0,0,0
98,17,DL,0,0,0,0
98,17,UL,0,0,0,0
98,18,DL,0,0,0,0
98,18,UL,0,0,0,0
98,19,DL,0,0,0,0
98,19,UL,0,0,0,0
98,20,DL,0,0,0,0
98,20,UL,0,0,0,0
98,21,DL,0,0,0,0
98,21,UL,0,0,0,0
98,22,DL,0,0,0,0
98,22,UL,0,0,0,0
98,23,DL,0,0,0,0
98,23,UL,0,0,0,0
98,24,DL,0,0,0,0
98,24,UL,0,0,0,0
98,25,DL,0,0,0,0
98,25,UL,0,0,0,0
98,26,DL,0,0,0,0
98,26,UL,0,0,0,0
98,27,DL,0,0,0,0
98,27,UL,0,0,0,0
98,28,DL,0,0,0,0
98,28,UL,0,0,0,0
98,29,DL,0,0,0,0
98,29,UL,0,0,0,0
98,30,DL,0,0,0,0
98,30,UL,0,0,0,0
98,31,DL,0,0,0,0
98,31,UL,0,0,0,0
98,32,DL,0,0,0,0
98,32,UL,0,0,0,0
98,33,DL,0,0,0,0
98,33,UL,0,0,0,0
98,34,DL,0,0,0,0
98,34,UL,0,0,0,0
98,35,DL,0,0,0,0
98,35,UL,0,0,0,0
98,36,DL,0,0,0,0
98,36,UL,0,0,0,0
98,37,DL,0,0,0,0
98,37,UL,0,0,0,0
98,38,DL,0,0,0,0
98,38,UL,0,0,0,0
98,39,DL,0,0,0,0
98,39,UL,0,0,0,0
98,40,DL,0,0,0,0
98,40,UL,0,0,0,0
98,41,DL,0,0,0,0
98,41,UL,0,0,0,0
98,42,DL,0,0,0,0
98,42,UL,0,0,0,0
98,43,DL,0,0,0,0
98,43,UL,0,0,0,0
98,44,DL,0,0,0,0
98,44,UL,0,0,0,0
98,45,DL,0,0,0,0
98,45,UL,0,0,0,0
98,46,DL,0,0,0,0
98,46,UL,0,0,0,0
98,47,DL,0,0,0,0
98,47,UL,0,0,0,0
98,48,DL,0,0,0,0
98,48,UL,0,0,0,0
98,49,DL,0,0,0,0
98,49,UL,0,0,0,0
98,50,DL,0,0,0,0
98,50,UL,0,0,0,0
98,51,DL,0,0,0,0
98,51,UL,0,0,0,0
98,52,DL,0,0,0,0
98,52,UL,0,0,0,0
98,53,DL,0,0,0,0
98,53,UL,0,0,0,0
98,54,DL,0,0,0,0
98,54,UL,0,0,0,0
98,55,DL,0,0,0,0
98,55,UL,0,0,0,0
98,56,DL,0,0,0,0
98,56,UL,0,0,0,0
98,57,DL,0,0,0,0
98,57,UL,0,0,0,0
98,58,DL,0,0,0,0
98,58,UL,0,0,0,0
98,59,DL,0,0,0,0
98,59,UL,0,0,0,0
98,60,DL,0,0,0,0
98,60,UL,0,0,0,0
98,61,DL,0,0,0,0
98,61,UL,0,0,0,0
98,62,DL,0,0,0,0
98,62,UL,0,0,0,0
98,63,DL,0,0,0,0
98,63,UL,0,0,0,0
98,64,DL,0,0,0,0
98,64,UL,0,0,0,0
98,65,DL,0,0,0,0
98,65,UL,0,0,0,0
98,66,DL,0,0,0,0
98,66,UL,0,0,0,0
98,67,DL,0,0,0,0
98,67,UL,0,0,0,0
98,68,DL,0,0,0,0
98,68,UL,0,0,0,0
98,69,DL,0,0,0,0
98,69,UL,0,0,0,0
98,70,DL,0,0,0,0
98,70,UL,0,0,0,0
98,71,DL,0,0,0,0
98,71,UL,0,0,0,0
98,72,DL,0,0,0,0
98,72,UL,0,0,0,0
98,73,DL,0,0,0,0
98,73,UL,0,0,0,0
98,74,DL,0,0,0,0
98,74,UL,0,0,0,0
98,75,DL,0,0,0,0
98,75,UL,0,0,0,0
98,76,DL,0,0,0,0
98,76,UL,0,0,0,0
98,77,DL,0,0,0,0
98,77,UL,0,0,0,0
98,78,DL,0,0,0,0
98,78,UL,0,0,0,0
98,79,DL,0,0,0,0
98,79,UL,0,0,0,0
100,0,DL,0,0,0,0
100,0,UL,0,0,0,0
100,1,DL,0,0,0,0
100,1,UL,0,0,0,0
100,2,DL,0,0,0,0
100,2,UL,0,0,0,0
100,3,DL,0,0,0,0
100,3,UL,0,0,0,0
100,4,DL,0,0,0,0
100,4,UL,0,0,0,0
100,5,DL,0,0,0,0
100,5,UL,0,0,0,0
100,6,DL,0,0,0,0
100,6,UL,0,0,0,0
100,7,DL,0,0,0,0
100,7,UL,0,0,0,0
100,8,DL,0,0,0,0
100,8,UL,0,0,0,0
100,9,DL,0,0,0,0
100,9,UL,0,0,0,0
100,10,DL,0,0,0,0
100,10,UL,0,0,0,0
100,11,DL,0,0,0,0
100,11,UL,0,0,0,0
100,12,DL,0,0,0,0
100,12,UL,0,0,0,0
100,13,DL,0,0,0,0
100,13,UL,0,0,0,0
100,14,DL,0,0,0,0
100,14,UL,0,0,0,0
100,15,DL,0,0,0,0
100,15,UL,0,0,0,0
100,16,DL,0,0,0,0
100,16,UL,0,0,0,0
100,17,DL,0,0,0,0
100,17,UL,0,0,0,0
100,18,DL,0,0,0,0
100,18,UL,0,0,0,0
100,19,DL,0,0,0,0
100,19,UL,0,0,0,0
100,20,DL,0,0,0,0
100,20,UL,0,0,0,0
100,21,DL,0,0,0,0
100,21,UL,0,0,0,0
100,22,DL,0,0,0,0
100,22,UL,0,0,0,0
100,23,DL,0,0,0,0
100,23,UL,0,0,0,0
100,24,DL,0,0,0,0
100,24,UL,0,0,0,0
100,25,DL,0,0,0,0
100,25,UL,0,0,0,0
100,26,DL,0,0,0,0
100,26,UL,0,0,0,0
100,27,DL,0,0,0,0
100,27,UL,0,0,0,0
100,28,DL,0,0,0,0
100,28,UL,0,0,0,0
100,29,DL,0,0,0,0
100,29,UL,0,0,0,0
100,30,DL,0,0,0,0
100,30,UL,0,0,0,0
100,31,DL,0,0,0,0
100,31,UL,0,0,0,0
100,32,DL,0,0,0,0
100,32,UL,0,0,0,0
100,33,DL,0,0,0,0
100,33,UL,0,0,0,0
100,34,DL,0,0,0,0
100,34,UL,0,0,0,0
100,35,DL,0,0,0,0
100,35,UL,0,0,0,0
100,36,DL,0,0,0,0
100,36,UL,0,0,0,0
100,37,DL,0.6329,0.2394,0.0196075,10
100,37,UL,0,0,0,0
100,38,DL,0,0,0,0
100,38,UL,0,0,0,0
100,39,DL,0,0,0,0
100,39,UL,0,0,0,0
100,40,DL,0,0,0,0
100,40,UL,0,0,0,0
100,41,DL,0,0,0,0
100,41,UL,0,0,0,0
100,42,DL,0,0,0,0
100,42,UL,0,0,0,0
100,43,DL,0,0,0,0
100,43,UL,0,0,0,0
100,44,DL,0,0,0,0
100,44,UL,0,0,0,0
100,45,DL,0,0,0,0
100,45,UL,0,0,0,0
100,46,DL,0,0,0,0
100,46,UL,0,0,0,0
100,47,DL,0,0,0,0
100,47,UL,0,0,0,0
100,48,DL,0.0241,0.009,0.00392151,2
100,48,UL,0,0,0,0
100,49,DL,0,0,0,0
100,49,UL,0,0,0,0
100,50,DL,0,0,0,0
100,50,UL,0,0,0,0
100,51,DL,0,0,0,0
100,51,UL,0,0,0,0
100,52,DL,0,0,0,0
100,52,UL,0,0,0,0
100,53,DL,0,0,0,0
100,53,UL,0,0,0,0
100,54,DL,0,0,0,0
100,54,UL,0,0,0,0
100,55,DL,0,0,0,0
100,55,UL,0,0,0,0
100,56,DL,0,0,0,0
100,56,UL,0,0,0,0
100,57,DL,0,0,0,0
100,57,UL,0,0,0,0
100,58,DL,0,0,0,0
100,58,UL,0,0,0,0
100,59,DL,0,0,0,0
100,59,UL,0,0,0,0
100,60,DL,0,0,0,0
100,60,UL,0,0,0,0
100,61,DL,0,0,0,0
100,61,UL,0,0,0,0
100,62,DL,0,0,0,0
100,62,UL,0,0,0,0
100,63,DL,0,0,0,0
100,63,UL,0,0,0,0
100,64,DL,0,0,0,0
100,64,UL,0,0,0,0
100,65,DL,0,0,0,0
100,65,UL,0,0,0,0
100,66,DL,0,0,0,0
100,66,UL,0,0,0,0
100,67,DL,0,0,0,0
100,67,UL,0,0,0,0
100,68,DL,0,0,0,0
100,68,UL,0,0,0,0
100,69,DL,0,0,0,0
100,69,UL,0,0,0,0
100,70,DL,0,0,0,0
100,70,UL,0,0,0,0
100,71,DL,0,0,0,0
100,71,UL,0,0,0,0
100,72,DL,0,0,0,0
100,72,UL,0,0,0,0
100,73,DL,0,0,0,0
100,73,UL,0,0,0,0
100,74,DL,0,0,0,0
100,74,UL,0,0,0,0
100,75,DL,0,0,0,0
100,75,UL,0,0,0,0
100,76,DL,0,0,0,0
100,76,UL,0,0,0,0
100,77,DL,0,0,0,0
100,77,UL,0,0,0,0
100,78,DL,0,0,0,0
100,78,UL,0,0,0,0
100,79,DL,0,0,0,0
100,79,UL,0,0,0,0
102,0,DL,0,0,0,0
102,0,UL,0,0,0,0
102,1,DL,0,0,0,0
102,1,UL,0,0,0,0
102,2,DL,0,0,0,0
102,2,UL,0,0,0,0
102,3,DL,0,0,0,0
102,3,UL,0,0,0,0
102,4,DL,0,0,0,0
102,4,UL,0,0,0,0
102,5,DL,0,0,0,0
102,5,UL,0,0,0,0
102,6,DL,0,0,0,0
102,6,UL,0,0,0,0
102,7,DL,0,0,0,0
102,7,UL,0,0,0,0
102,8,DL,0,0,0,0
102,8,UL,0,0,0,0
102,9,DL,0,0,0,0
102,9,UL,0,0,0,0
102,10,DL,0,0,0,0
102,10,UL,0,0,0,0
102,11,DL,0,0,0,0
102,11,UL,0,0,0,0
102,12,DL,0,0,0,0
102,12,UL,0,0,0,0
102,13,DL,0,0,0,0
102,13,UL,0,0,0,0
102,14,DL,0,0,0,0
102,14,UL,0,0,0,0
102,15,DL,0,0,0,0
102,15,UL,0,0,0,0
102,16,DL,0,0,0,0
102,16,UL,0,0,0,0
102,17,DL,0,0,0,0
102,17,UL,0,0,0,0
102,18,DL,0,0,0,0
102,18,UL,0,0,0,0
102,19,DL,0,0,0,0
102,19,UL,0,0,0,0
102,20,DL,0,0,0,0
102,20,UL,0,0,0,0
102,21,DL,0,0,0,0
102,21,UL,0,0,0,0
102,22,DL,0,0,0,0
102,22,UL,0,0,0,0
102,23,DL,0,0,0,0
102,23,UL,0,0,0,0
102,24,DL,0,0,0,0
102,24,UL,0,0,0,0
102,25,DL,0,0,0,0
102,25,UL,0,0,0,0
102,26,DL,0,0,0,0
102,26,UL,0,0,0,0
102,27,DL,0,0,0,0
102,27,UL,0,0,0,0
102,28,DL,0,0,0,0
102,28,UL,0,0,0,0
102,29,DL,0,0,0,0
102,29,UL,0,0,0,0
102,30,DL,0,0,0,0
102,30,UL,0,0,0,0
102,31,DL,0,0,0,0
102,31,UL,0,0,0,0
102,32,DL,0,0,0,0
102,32,UL,0,0,0,0
102,33,DL,0,0,0,0
102,33,UL,0,0,0,0
102,34,DL,0,0,0,0
102,34,UL,0,0,0,0
102,35,DL,0,0,0,0
102,35,UL,0,0,0,0
102,36,DL,0,0,0,0
102,36,UL,0,0,0,0
102,37,DL,0,0,0,0
102,37,UL,0,0,0,0
102,38,DL,0,0,0,0
102,38,UL,0,0,0,0
102,39,DL,0,0,0,0
102,39,UL,0,0,0,0
102,40,DL,0,0,0,0
102,40,UL,0,0,0,0
102,41,DL,0,0,0,0
102,41,UL,0,0,0,0
102,42,DL,0,0,0,0
102,42,UL,0,0,0,0
102,43,DL,0,0,0,0
102,43,UL,0,0,0,0
102,44,DL,0,0,0,0
102,44,UL,0,0,0,0
102,45,DL,0,0,0,0
102,45,UL,0,0,0,0
102,46,DL,0,0,0,0
102,46,UL,0,0,0,0
102,47,DL,0,0,0,0
102,47,UL,0,0,0,0
102,48,DL,0,0,0,0
102,48,UL,0,0,0,0
102,49,DL,0,0,0,0
102,49,UL,0,0,0,0
102,50,DL,0,0,0,0
102,50,UL,0,0,0,0
102,51,DL,0,0,0,0
102,51,UL,0,0,0,0
102,52,DL,0,0,0,0
102,52,UL,0,0,0,0
102,53,DL,0,0,0,0
102,53,UL,0,0,0,0
102,54,DL,0,0,0,0
102,54,UL,0,0,0,0
102,55,DL,0,0,0,0
102,55,UL,0,0,0,0
102,56,DL,0,0,0,0
102,56,UL,0,0,0,0
102,57,DL,0,0,0,0
102,57,UL,0,0,0,0
102,58,DL,0,0,0,0
102,58,UL,0,0,0,0
102,59,DL,0,0,0,0
102,59,UL,0,0,0,0
102,60,DL,0,0,0,0
102,60,UL,0,0,0,0
102,61,DL,0,0,0,0
102,61,UL,0,0,0,0
102,62,DL,0,0,0,0
102,62,UL,0,0,0,0
102,63,DL,0,0,0,0
102,63,UL,0,0,0,0
102,64,DL,0,0,0,0
102,64,UL,0,0,0,0
102,65,DL,0,0,0,0
102,65,UL,0,0,0,0
102,66,DL,0,0,0,0
102,66,UL,0,0,0,0
102,67,DL,0,0,0,0
102,67,UL,0,0,0,0
102,68,DL,0,0,0,0
102,68,UL,0,0,0,0
102,69,DL,0,0,0,0
102,69,UL,0,0,0,0
102,70,DL,0,0,0,0
102,70,UL,0,0,0,0
102,71,DL,0,0,0,0
102,71,UL,0,0,0,0
102,72,DL,0,0,0,0
102,72,UL,0,0,0,0
102,73,DL,0,0,0,0
102,73,UL,0,0,0,0
102,74,DL,0,0,0,0
102,74,UL,0,0,0,0
102,75,DL,0,0,0,0
102,75,UL,0,0,0,0
102,76,DL,0,0,0,0
102,76,UL,0,0,0,0
102,77,DL,0,0,0,0
102,77,UL,0,0,0,0
102,78,DL,0,0,0,0
102,78,UL,0,0,0,0
102,79,DL,0,0,0,0
102,79,UL,0,0,0,0
104,0,DL,0,0,0,0
104,0,UL,0,0,0,0
104,1,DL,0,0,0,0
104,1,UL,0,0,0,0
104,2,DL,0,0,0,0
104,2,UL,0,0,0,0
104,3,DL,0,0,0,0
104,3,UL,0,0,0,0
104,4,DL,0,0,0,0
104,4,UL,0,0,0,0
104,5,DL,0,0,0,0
104,5,UL,0,0,0,0
104,6,DL,0,0,0,0
104,6,UL,0,0,0,0
104,7,DL,0,0,0,0
104,7,UL,0,0,0,0
104,8,DL,0,0,0,0
104,8,UL,0,0,0,0
104,9,DL,0,0,0,0
104,9,UL,0,0,0,0
104,10,DL,0,0,0,0
104,10,UL,0,0,0,0
104,11,DL,0,0,0,0
104,11,UL,0,0,0,0
104,12,DL,0,0,0,0
104,12,UL,0,0,0,0
104,13,DL,0,0,0,0
104,13,UL,0,0,0,0
104,14,DL,0,0,0,0
104,14,UL,0,0,0,0
104,15,DL,0,0,0,0
104,15,UL,0,0,0,0
104,16,DL,0,0,0,0
104,16,UL,0,0,0,0
104,17,DL,0,0,0,0
104,17,UL,0,0,0,0
104,18,DL,0,0,0,0
104,18,UL,0,0,0,0
104,19,DL,0,0,0,0
104,19,UL,0,0,0,0
104,20,DL,0,0,0,0
104,20,UL,0,0,0,0
104,21,DL,0,0,0,0
104,21,UL,0,0,0,0
104,22,DL,0,0,0,0
104,22,UL,0,0,0,0
104,23,DL,0,0,0,0
104,23,UL,0,0,0,0
104,24,DL,0,0,0,0
104,24,UL,0,0,0,0
104,25,DL,0,0,0,0
104,25,UL,0,0,0,0
104,26,DL,0,0,0,0
104,26,UL,0,0,0,0
104,27,DL,0,0,0,0
104,27,UL,0,0,0,0
104,28,DL,0,0,0,0
104,28,UL,0,0,0,0
104,29,DL,0,0,0,0
104,29,UL,0,0,0,0
104,30,DL,0,0,0,0
104,30,UL,0,0,0,0
104,31,DL,0,0,0,0
104,31,UL,0,0,0,0
104,32,DL,0,0,0,0
104,32,UL,0,0,0,0
104,33,DL,0,0,0,0
104,33,UL,0,0,0,0
104,34,DL,0,0,0,0
104,34,UL,0,0,0,0
104,35,DL,0,0,0,0
104,35,UL,0,0,0,0
104,36,DL,0,0,0,0
104,36,UL,0,0,0,0
104,37,DL,0,0,0,0
104,37,UL,0,0,0,0
104,38,DL,0,0,0,0
104,38,UL,0,0,0,0
104,39,DL,0,0,0,0
104,39,UL,0,0,0,0
104,40,DL,0,0,0,0
104,40,UL,0,0,0,0
104,41,DL,0,0,0,0
104,41,UL,0,0,0,0
104,42,DL,0,0,0,0
104,42,UL,0,0,0,0
104,43,DL,0,0,0,0
104,43,UL,0,0,0,0
104,44,DL,0,0,0,0
104,44,UL,0,0,0,0
104,45,DL,0,0,0,0
104,45,UL,0,0,0,0
104,46,DL,0,0,0,0
104,46,UL,0,0,0,0
104,47,DL,0,0,0,0
104,47,UL,0,0,0,0
104,48,DL,0,0,0,0
104,48,UL,0,0,0,0
104,49,DL,0,0,0,0
104,49,UL,0,0,0,0
104,50,DL,0,0,0,0
104,50,UL,0,0,0,0
104,51,DL,0,0,0,0
104,51,UL,0,0,0,0
104,52,DL,0,0,0,0
104,52,UL,0,0,0,0
104,53,DL,0,0,0,0
104,53,UL,0,0,0,0
104,54,DL,0,0,0,0
104,54,UL,0,0,0,0
104,55,DL,0,0,0,0
104,55,UL,0,0,0,0
104,56,DL,0,0,0,0
104,56,UL,0,0,0,0
104,57,DL,0,0,0,0
104,57,UL,0,0,0,0
104,58,DL,0,0,0,0
104,58,UL,0,0,0,0
104,59,DL,0,0,0,0
104,59,UL,0,0,0,0
104,60,DL,0,0,0,0
104,60,UL,0,0,0,0
104,61,DL,0,0,0,0
104,61,UL,0,0,0,0
104,62,DL,0,0,0,0
104,62,UL,0,0,0,0
104,63,DL,0,0,0,0
104,63,UL,0,0,0,0
104,64,DL,0,0,0,0
104,64,UL,0,0,0,0
104,65,DL,0,0,0,0
104,65,UL,0,0,0,0
104,66,DL,0,0,0,0
104,66,UL,0,0,0,0
104,67,DL,0,0,0,0
104,67,UL,0,0,0,0
104,68,DL,0,0,0,0
104,68,UL,0,0,0,0
104,69,DL,0,0,0,0
104,69,UL,0,0,0,0
104,70,DL,0,0,0,0
104,70,UL,0,0,0,0
104,71,DL,0,0,0,0
104,71,UL,0,0,0,0
104,72,DL,0,0,0,0
104,72,UL,0,0,0,0
104,73,DL,0,0,0,0
104,73,UL,0,0,0,0
104,74,DL,0,0,0,0
104,74,UL,0,0,0,0
104,75,DL,0,0,0,0
104,75,UL,0,0,0,0
104,76,DL,0,0,0,0
104,76,UL,0,0,0,0
104,77,DL,0,0,0,0
104,77,UL,0,0,0,0
104,78,DL,0,0,0,0
104,78,UL,0,0,0,0
104,79,DL,0,0,0,0
104,79,UL,0,0,0,0
106,0,DL,0,0,0,0
106,0,UL,0,0,0,0
106,1,DL,0,0,0,0
106,1,UL,0,0,0,0
106,2,DL,0,0,0,0
106,2,UL,0,0,0,0
106,3,DL,0,0,0,0
106,3,UL,0,0,0,0
106,4,DL,0,0,0,0
106,4,UL,0,0,0,0
106,5,DL,0,0,0,0
106,5,UL,0,0,0,0
106,6,DL,0,0,0,0
106,6,UL,0,0,0,0
106,7,DL,0.0121,0.00635714,0.00392151,2
106,7,UL,0,0,0,0
106,8,DL,0,0,0,0
106,8,UL,0,0,0,0
106,9,DL,0,0,0,0
106,9,UL,0,0,0,0
106,10,DL,0,0,0,0
106,10,UL,0,0,0,0
106,11,DL,0,0,0,0
106,11,UL,0,0,0,0
106,12,DL,0,0,0,0
106,12,UL,0,0,0,0
106,13,DL,0,0,0,0
106,13,UL,0,0,0,0
106,14,DL,0,0,0,0
106,14,UL,0,0,0,0
106,15,DL,0,0,0,0
106,15,UL,0,0,0,0
106,16,DL,0,0,0,0
106,16,UL,0,0,0,0
106,17,DL,0,0,0,0
106,17,UL,0,0,0,0
106,18,DL,0,0,0,0
106,18,UL,0,0,0,0
106,19,DL,0,0,0,0
106,19,UL,0,0,0,0
106,20,DL,0,0,0,0
106,20,UL,0,0,0,0
106,21,DL,0,0,0,0
106,21,UL,0,0,0,0
106,22,DL,0,0,0,0
106,22,UL,0,0,0,0
106,23,DL,0,0,0,0
106,23,UL,0,0,0,0
106,24,DL,0,0,0,0
106,24,UL,0,0,0,0
106,25,DL,0,0,0,0
106,25,UL,0,0,0,0
106,26,DL,0,0,0,0
106,26,UL,0,0,0,0
106,27,DL,0,0,0,0
106,27,UL,0,0,0,0
106,28,DL,0,0,0,0
106,28,UL,0,0,0,0
106,29,DL,0,0,0,0
106,29,UL,0,0,0,0
106,30,DL,0,0,0,0
106,30,UL,0,0,0,0
106,31,DL,0,0,0,0
106,31,UL,0,0,0,0
106,32,DL,0,0,0,0
106,32,UL,0,0,0,0
106,33,DL,0,0,0,0
106,33,UL,0,0,0,0
106,34,DL,0,0,0,0
106,34,UL,0,0,0,0
106,35,DL,0,0,0,0
106,35,UL,0,0,0,0
106,36,DL,0,0,0,0
106,36,UL,0,0,0,0
106,37,DL,0,0,0,0
106,37,UL,0,0,0,0
106,38,DL,0,0,0,0
106,38,UL,0,0,0,0
106,39,DL,0,0,0,0
106,39,UL,0,0,0,0
106,40,DL,0,0,0,0
106,40,UL,0,0,0,0
106,41,DL,0,0,0,0
106,41,UL,0,0,0,0
106,42,DL,0,0,0,0
106,42,UL,0,0,0,0
106,43,DL,0,0,0,0
106,43,UL,0,0,0,0
106,44,DL,0,0,0,0
106,44,UL,0,0,0,0
106,45,DL,0,0,0,0
106,45,UL,0,0,0,0
106,46,DL,0,0,0,0
106,46,UL,0,0,0,0
106,47,DL,0,0,0,0
106,47,UL,0,0,0,0
106,48,DL,0,0,0,0
106,48,UL,0,0,0,0
106,49,DL,0,0,0,0
106,49,UL,0,0,0,0
106,50,DL,0,0,0,0
106,50,UL,0,0,0,0
106,51,DL,0,0,0,0
106,51,UL,0,0,0,0
106,52,DL,0,0,0,0
106,52,UL,0,0,0,0
106,53,DL,0,0,0,0
106,53,UL,0,0,0,0
106,54,DL,0,0,0,0
106,54,UL,0,0,0,0
106,55,DL,0,0,0,0
106,55,UL,0,0,0,0
106,56,DL,0,0,0,0
106,56,UL,0,0,0,0
106,57,DL,0,0,0,0
106,57,UL,0,0,0,0
106,58,DL,0,0,0,0
106,58,UL,0,0,0,0
106,59,DL,0,0,0,0
106,59,UL,0,0,0,0
106,60,DL,0,0,0,0
106,60,UL,0,0,0,0
106,61,DL,0,0,0,0
106,61,UL,0,0,0,0
106,62,DL,0,0,0,0
106,62,UL,0,0,0,0
106,63,DL,0,0,0,0
106,63,UL,0,0,0,0
106,64,DL,0,0,0,0
106,64,UL,0,0,0,0
106,65,DL,0,0,0,0
106,65,UL,0,0,0,0
106,66,DL,0,0,0,0
106,66,UL,0,0,0,0
106,67,DL,0,0,0,0
106,67,UL,0,0,0,0
106,68,DL,0,0,0,0
106,68,UL,0,0,0,0
106,69,DL,0,0,0,0
106,69,UL,0,0,0,0
106,70,DL,0,0,0,0
106,70,UL,0,0,0,0
106,71,DL,0,0,0,0
106,71,UL,0,0,0,0
106,72,DL,0,0,0,0
106,72,UL,0,0,0,0
106,73,DL,0,0,0,0
106,73,UL,0,0,0,0
106,74,DL,0,0,0,0
106,74,UL,0,0,0,0
106,75,DL,0,0,0,0
106,75,UL,0,0,0,0
106,76,DL,0,0,0,0
106,76,UL,0,0,0,0
106,77,DL,0,0,0,0
106,77,UL,0,0,0,0
106,78,DL,0,0,0,0
106,78,UL,0,0,0,0
106,79,DL,0,0,0,0
106,79,UL,0,0,0,0
108,0,DL,0,0,0,0
108,0,UL,0,0,0,0
108,1,DL,0,0,0,0
108,1,UL,0,0,0,0
108,2,DL,0,0,0,0
108,2,UL,0,0,0,0
108,3,DL,0,0,0,0
108,3,UL,0,0,0,0
108,4,DL,0,0,0,0
108,4,UL,0,0,0,0
108,5,DL,0,0,0,0
108,5,UL,0,0,0,0
108,6,DL,0,0,0,0
108,6,UL,0,0,0,0
108,7,DL,0,0,0,0
108,7,UL,0,0,0,0
108,8,DL,0,0,0,0
108,8,UL,0,0,0,0
108,9,DL,0,0,0,0
108,9,UL,0,0,0,0
108,10,DL,0,0,0,0
108,10,UL,0,0,0,0
108,11,DL,0,0,0,0
108,11,UL,0,0,0,0
108,12,DL,0,0,0,0
108,12,UL,0,0,0,0
108,13,DL,0,0,0,0
108,13,UL,0,0,0,0
108,14,DL,0,0,0,0
108,14,UL,0,0,0,0
108,15,DL,0,0,0,0
108,15,UL,0,0,0,0
108,16,DL,0,0,0,0
108,16,UL,0,0,0,0
108,17,DL,0,0,0,0
108,17,UL,0,0,0,0
108,18,DL,0,0,0,0
108,18,UL,0,0,0,0
108,19,DL,0,0,0,0
108,19,UL,0,0,0,0
108,20,DL,0,0,0,0
108,20,UL,0,0,0,0
108,21,DL,0,0,0,0
108,21,UL,0,0,0,0
108,22,DL,0,0,0,0
108,22,UL,0,0,0,0
108,23,DL,0,0,0,0
108,23,UL,0,0,0,0
108,24,DL,0,0,0,0
108,24,UL,0,0,0,0
108,25,DL,0,0,0,0
108,25,UL,0,0,0,0
108,26,DL,0,0,0,0
108,26,UL,0,0,0,0
108,27,DL,0,0,0,0
108,27,UL,0,0,0,0
108,28,DL,0,0,0,0
108,28,UL,0,0,0,0
108,29,DL,0,0,0,0
108,29,UL,0,0,0,0
108,30,DL,0,0,0,0
108,30,UL,0,0,0,0
108,31,DL,0,0,0,0
108,31,UL,0,0,0,0
108,32,DL,0,0,0,0
108,32,UL,0,0,0,0
108,33,DL,0,0,0,0
108,33,UL,0,0,0,0
108,34,DL,0,0,0,0
108,34,UL,0,0,0,0
108,35,DL,0,0,0,0
108,35,UL,0,0,0,0
108,36,DL,0,0,0,0
108,36,UL,0,0,0,0
108,37,DL,0,0,0,0
108,37,UL,0,0,0,0
108,38,DL,0,0,0,0
108,38,UL,0,0,0,0
108,39,DL,0,0,0,0
108,39,UL,0,0,0,0
108,40,DL,0,0,0,0
108,40,UL,0,0,0,0
108,41,DL,0,0,0,0
108,41,UL,0,0,0,0
108,42,DL,0,0,0,0
108,42,UL,0,0,0,0
108,43,DL,0,0,0,0
108,43,UL,0,0,0,0
108,44,DL,0,0,0,0
108,44,UL,0,0,0,0
108,45,DL,0,0,0,0
108,45,UL,0,0,0,0
108,46,DL,0,0,0,0
108,46,UL,0,0,0,0
108,47,DL,0,0,0,0
108,47,UL,0,0,0,0
108,48,DL,0,0,0,0
108,48,UL,0,0,0,0
108,49,DL,0,0,0,0
108,49,UL,0,0,0,0
108,50,DL,0,0,0,0
108,50,UL,0,0,0,0
108,51,DL,0,0,0,0
108,51,UL,0,0,0,0
108,52,DL,0,0,0,0
108,52,UL,0,0,0,0
108,53,DL,0,0,0,0
108,53,UL,0,0,0,0
108,54,DL,0,0,0,0
108,54,UL,0,0,0,0
108,55,DL,0,0,0,0
108,55,UL,0,0,0,0
108,56,DL,0,0,0,0
108,56,UL,0,0,0,0
108,57,DL,0,0,0,0
108,57,UL,0,0,0,0
108,58,DL,0,0,0,0
108,58,UL,0,0,0,0
108,59,DL,0,0,0,0
108,59,UL,0,0,0,0
108,60,DL,0,0,0,0
108,60,UL,0,0,0,0
108,61,DL,0,0,0,0
108,61,UL,0,0,0,0
108,62,DL,0,0,0,0
108,62,UL,0,0,0,0
108,63,DL,0,0,0,0
108,63,UL,0,0,0,0
108,64,DL,0,0,0,0
108,64,UL,0,0,0,0
108,65,DL,0,0,0,0
108,65,UL,0,0,0,0
108,66,DL,0,0,0,0
108,66,UL,0,0,0,0
108,67,DL,0,0,0,0
108,67,UL,0,0,0,0
108,68,DL,0,0,0,0
108,68,UL,0,0,0,0
108,69,DL,0.1546,0.1315,0.00784302,4
108,69,UL,0,0,0,0
108,70,DL,0,0,0,0
108,70,UL,0,0,0,0
108,71,DL,0,0,0,0
108,71,UL,0,0,0,0
108,72,DL,0,0,0,0
108,72,UL,0,0,0,0
108,73,DL,0,0,0,0
108,73,UL,0,0,0,0
108,74,DL,0,0,0,0
108,74,UL,0,0,0,0
108,75,DL,0,0,0,0
108,75,UL,0,0,0,0
108,76,DL,0,0,0,0
108,76,UL,0,0,0,0
108,77,DL,0,0,0,0
108,77,UL,0,0,0,0
108,78,DL,0,0,0,0
108,78,UL,0,0,0,0
108,79,DL,0,0,0,0
108,79,UL,0,0,0,0
110,0,DL,0,0,0,0
110,0,UL,0,0,0,0
110,1,DL,0,0,0,0
110,1,UL,0,0,0,0
110,2,DL,0,0,0,0
110,2,UL,0,0,0,0
110,3,DL,0,0,0,0
110,3,UL,0,0,0,0
110,4,DL,0,0,0,0
110,4,UL,0,0,0,0
110,5,DL,0,0,0,0
110,5,UL,0,0,0,0
110,6,DL,0,0,0,0
110,6,UL,0,0,0,0
110,7,DL,0,0,0,0
110,7,UL,0,0,0,0
110,8,DL,0,0,0,0
110,8,UL,0,0,0,0
110,9,DL,0,0,0,0
110,9,UL,0,0,0,0
110,10,DL,0,0,0,0
110,10,UL,0,0,0,0
110,11,DL,0,0,0,0
110,11,UL,0,0,0,0
110,12,DL,0,0,0,0
110,12,UL,0,0,0,0
110,13,DL,0,0,0,0
110,13,UL,0,0,0,0
110,14,DL,0,0,0,0
110,14,UL,0,0,0,0
110,15,DL,0,0,0,0
110,15,UL,0,0,0,0
110,16,DL,0,0,0,0
110,16,UL,0,0,0,0
110,17,DL,0,0,0,0
110,17,UL,0,0,0,0
110,18,DL,0,0,0,0
110,18,UL,0,0,0,0
110,19,DL,0,0,0,0
110,19,UL,0,0,0,0
110,20,DL,0,0,0,0
110,20,UL,0,0,0,0
110,21,DL,0,0,0,0
110,21,UL,0,0,0,0
110,22,DL,0,0,0,0
110,22,UL,0,0,0,0
110,23,DL,0,0,0,0
110,23,UL,0,0,0,0
110,24,DL,0,0,0,0
110,24,UL,0,0,0,0
110,25,DL,0,0,0,0
110,25,UL,0,0,0,0
110,26,DL,0,0,0,0
110,26,UL,0,0,0,0
110,27,DL,0,0,0,0
110,27,UL,0,0,0,0
110,28,DL,0,0,0,0
110,28,UL,0,0,0,0
110,29,DL,0,0,0,0
110,29,UL,0,0,0,0
110,30,DL,0,0,0,0
110,30,UL,0,0,0,0
110,31,DL,0,0,0,0
110,31,UL,0,0,0,0
110,32,DL,0,0,0,0
110,32,UL,0,0,0,0
110,33,DL,0,0,0,0
110,33,UL,0,0,0,0
110,34,DL,0,0,0,0
110,34,UL,0,0,0,0
110,35,DL,0,0,0,0
110,35,UL,0,0,0,0
110,36,DL,0,0,0,0
110,36,UL,0,0,0,0
110,37,DL,0,0,0,0
110,37,UL,0,0,0,0
110,38,DL,0,0,0,0
110,38,UL,0,0,0,0
110,39,DL,0,0,0,0
110,39,UL,0,0,0,0
110,40,DL,0,0,0,0
110,40,UL,0,0,0,0
110,41,DL,0,0,0,0
110,41,UL,0,0,0,0
110,42,DL,0,0,0,0
110,42,UL,0,0,0,0
110,43,DL,0,0,0,0
110,43,UL,0,0,0,0
110,44,DL,0,0,0,0
110,44,UL,0,0,0,0
110,45,DL,0,0,0,0
110,45,UL,0,0,0,0
110,46,DL,0,0,0,0
110,46,UL,0,0,0,0
110,47,DL,0,0,0,0
110,47,UL,0,0,0,0
110,48,DL,0,0,0,0
110,48,UL,0,0,0,0
110,49,DL,0,0,0,0
110,49,UL,0,0,0,0
110,50,DL,0,0,0,0
110,50,UL,0,0,0,0
110,51,DL,0,0,0,0
110,51,UL,0,0,0,0
110,52,DL,0,0,0,0
110,52,UL,0,0,0,0
110,53,DL,0,0,0,0
110,53,UL,0,0,0,0
110,54,DL,0,0,0,0
110,54,UL,0,0,0,0
110,55,DL,0,0,0,0
110,55,UL,0,0,0,0
110,56,DL,0,0,0,0
110,56,UL,0,0,0,0
110,57,DL,0,0,0,0
110,57,UL,0,0,0,0
110,58,DL,0,0,0,0
110,58,UL,0,0,0,0
110,59,DL,0,0,0,0
110,59,UL,0,0,0,0
110,60,DL,0,0,0,0
110,60,UL,0,0,0,0
110,61,DL,0,0,0,0
110,61,UL,0,0,0,0
110,62,DL,0,0,0,0
110,62,UL,0,0,0,0
110,63,DL,0,0,0,0
110,63,UL,0,0,0,0
110,64,DL,0,0,0,0
110,64,UL,0,0,0,0
110,65,DL,0,0,0,0
110,65,UL,0,0,0,0
110,66,DL,0,0,0,0
110,66,UL,0,0,0,0
110,67,DL,0,0,0,0
110,67,UL,0,0,0,0
110,68,DL,0,0,0,0
110,68,UL,0,0,0,0
110,69,DL,0,0,0,0
110,69,UL,0,0,0,0
110,70,DL,0,0,0,0
110,70,UL,0,0,0,0
110,71,DL,0,0,0,0
110,71,UL,0,0,0,0
110,72,DL,0,0,0,0
110,72,UL,0,0,0,0
110,73,DL,0,0,0,0
110,73,UL,0,0,0,0
110,74,DL,0,0,0,0
110,74,UL,0,0,0,0
110,75,DL,0,0,0,0
110,75,UL,0,0,0,0
110,76,DL,0,0,0,0
110,76,UL,0,0,0,0
110,77,DL,0,0,0,0
110,77,UL,0,0,0,0
110,78,DL,0,0,0,0
110,78,UL,0,0,0,0
110,79,DL,0,0,0,0
110,79,UL,0,0,0,0
112,0,DL,0,0,0,0
112,0,UL,0,0,0,0
112,1,DL,0,0,0,0
112,1,UL,0,0,0,0
112,2,DL,0,0,0,0
112,2,UL,0,0,0,0
112,3,DL,0,0,0,0
112,3,UL,0,0,0,0
112,4,DL,0,0,0,0
112,4,UL,0,0,0,0
112,5,DL,0,0,0,0
112,5,UL,0,0,0,0
112,6,DL,0,0,0,0
112,6,UL,0,0,0,0
112,7,DL,0,0,0,0
112,7,UL,0,0,0,0
112,8,DL,0,0,0,0
112,8,UL,0,0,0,0
112,9,DL,0,0,0,0
112,9,UL,0,0,0,0
112,10,DL,0,0,0,0
112,10,UL,0,0,0,0
112,11,DL,0,0,0,0
112,11,UL,0,0,0,0
112,12,DL,0,0,0,0
112,12,UL,0,0,0,0
112,13,DL,0,0,0,0
112,13,UL,0,0,0,0
112,14,DL,0,0,0,0
112,14,UL,0,0,0,0
112,15,DL,0,0,0,0
112,15,UL,0,0,0,0
112,16,DL,0.268707,0.0833016,0.0705872,36
112,16,UL,0,0,0,0
112,17,DL,0,0,0,0
112,17,UL,0,0,0,0
112,18,DL,0,0,0,0
112,18,UL,0,0,0,0
112,19,DL,0,0,0,0
112,19,UL,0,0,0,0
112,20,DL,0,0,0,0
112,20,UL,0,0,0,0
112,21,DL,0,0,0,0
112,21,UL,0,0,0,0
112,22,DL,0,0,0,0
112,22,UL,0,0,0,0
112,23,DL,0,0,0,0
112,23,UL,0,0,0,0
112,24,DL,0,0,0,0
112,24,UL,0,0,0,0
112,25,DL,0,0,0,0
112,25,UL,0,0,0,0
112,26,DL,0,0,0,0
112,26,UL,0,0,0,0
112,27,DL,0,0,0,0
112,27,UL,0,0,0,0
112,28,DL,0,0,0,0
112,28,UL,0,0,0,0
112,29,DL,0,0,0,0
112,29,UL,0,0,0,0
112,30,DL,0,0,0,0
112,30,UL,0,0,0,0
112,31,DL,0,0,0,0
112,31,UL,0,0,0,0
112,32,DL,0,0,0,0
112,32,UL,0,0,0,0
112,33,DL,0,0,0,0
112,33,UL,0,0,0,0
112,34,DL,0,0,0,0
112,34,UL,0,0,0,0
112,35,DL,0,0,0,0
112,35,UL,0,0,0,0
112,36,DL,0,0,0,0
112,36,UL,0,0,0,0
112,37,DL,0.0231,0.5065,0.00784302,4
112,37,UL,0,0,0,0
112,38,DL,0,0,0,0
112,38,UL,0,0,0,0
112,39,DL,0,0,0,0
112,39,UL,0,0,0,0
112,40,DL,0,0,0,0
112,40,UL,0,0,0,0
112,41,DL,0,0,0,0
112,41,UL,0,0,0,0
112,42,DL,0,0,0,0
112,42,UL,0,0,0,0
112,43,DL,0,0,0,0
112,43,UL,0,0,0,0
112,44,DL,0,0,0,0
112,44,UL,0,0,0,0
112,45,DL,0,0,0,0
112,45,UL,0,0,0,0
112,46,DL,0,0,0,0
112,46,UL,0,0,0,0
112,47,DL,0,0,0,0
112,47,UL,0,0,0,0
112,48,DL,0,0,0,0
112,48,UL,0,0,0,0
112,49,DL,0,0,0,0
112,49,UL,0,0,0,0
112,50,DL,0,0,0,0
112,50,UL,0,0,0,0
112,51,DL,0,0,0,0
112,51,UL,0,0,0,0
112,52,DL,0,0,0,0
112,52,UL,0,0,0,0
112,53,DL,0,0,0,0
112,53,UL,0,0,0,0
112,54,DL,0,0,0,0
112,54,UL,0,0,0,0
112,55,DL,0,0,0,0
112,55,UL,0,0,0,0
112,56,DL,0,0,0,0
112,56,UL,0,0,0,0
112,57,DL,0,0,0,0
112,57,UL,0,0,0,0
112,58,DL,0,0,0,0
112,58,UL,0,0,0,0
112,59,DL,0,0,0,0
112,59,UL,0,0,0,0
112,60,DL,0,0,0,0
112,60,UL,0,0,0,0
112,61,DL,0,0,0,0
112,61,UL,0,0,0,0
112,62,DL,0,0,0,0
112,62,UL,0,0,0,0
112,63,DL,0.048,0.0327,0.0392151,20
112,63,UL,0,0,0,0
112,64,DL,0,0,0,0
112,64,UL,0,0,0,0
112,65,DL,0,0,0,0
112,65,UL,0,0,0,0
112,66,DL,0,0,0,0
112,66,UL,0,0,0,0
112,67,DL,0,0,0,0
112,67,UL,0,0,0,0
112,68,DL,0,0,0,0
112,68,UL,0,0,0,0
112,69,DL,0,0,0,0
112,69,UL,0,0,0,0
112,70,DL,0,0,0,0
112,70,UL,0,0,0,0
112,71,DL,0,0,0,0
112,71,UL,0,0,0,0
112,72,DL,0,0,0,0
112,72,UL,0,0,0,0
112,73,DL,0,0,0,0
112,73,UL,0,0,0,0
112,74,DL,0,0,0,0
112,74,UL,0,0,0,0
112,75,DL,0,0,0,0
112,75,UL,0,0,0,0
112,76,DL,0,0,0,0
112,76,UL,0,0,0,0
112,77,DL,0,0,0,0
112,77,UL,0,0,0,0
112,78,DL,0,0,0,0
112,78,UL,0,0,0,0
112,79,DL,0,0,0,0
112,79,UL,0,0,0,0
114,0,DL,0,0,0,0
114,0,UL,0,0,0,0
114,1,DL,0,0,0,0
114,1,UL,0,0,0,0
114,2,DL,0,0,0,0
114,2,UL,0,0,0,0
114,3,DL,0,0,0,0
114,3,UL,0,0,0,0
114,4,DL,0,0,0,0
114,4,UL,0,0,0,0
114,5,DL,0,0,0,0
114,5,UL,0,0,0,0
114,6,DL,0,0,0,0
114,6,UL,0,0,0,0
114,7,DL,0,0,0,0
114,7,UL,0,0,0,0
114,8,DL,0,0,0,0
114,8,UL,0,0,0,0
114,9,DL,0,0,0,0
114,9,UL,0,0,0,0
114,10,DL,0,0,0,0
114,10,UL,0,0,0,0
114,11,DL,0,0,0,0
114,11,UL,0,0,0,0
114,12,DL,0,0,0,0
114,12,UL,0,0,0,0
114,13,DL,0,0,0,0
114,13,UL,0,0,0,0
114,14,DL,0,0,0,0
114,14,UL,0,0,0,0
114,15,DL,0,0,0,0
114,15,UL,0,0,0,0
114,16,DL,0,0,0,0
114,16,UL,0,0,0,0
114,17,DL,0,0,0,0
114,17,UL,0,0,0,0
114,18,DL,0,0,0,0
114,18,UL,0,0,0,0
114,19,DL,0,0,0,0
114,19,UL,0,0,0,0
114,20,DL,0,0,0,0
114,20,UL,0,0,0,0
114,21,DL,0,0,0,0
114,21,UL,0,0,0,0
114,22,DL,0,0,0,0
114,22,UL,0,0,0,0
114,23,DL,0,0,0,0
114,23,UL,0,0,0,0
114,24,DL,0,0,0,0
114,24,UL,0,0,0,0
114,25,DL,0,0,0,0
114,25,UL,0,0,0,0
114,26,DL,0,0,0,0
114,26,UL,0,0,0,0
114,27,DL,0,0,0,0
114,27,UL,0,0,0,0
114,28,DL,0,0,0,0
114,28,UL,0,0,0,0
114,29,DL,0,0,0,0
114,29,UL,0,0,0,0
114,30,DL,0,0,0,0
114,30,UL,0,0,0,0
114,31,DL,0,0,0,0
114,31,UL,0,0,0,0
114,32,DL,0,0,0,0
114,32,UL,0,0,0,0
114,33,DL,0,0,0,0
114,33,UL,0,0,0,0
114,34,DL,0,0,0,0
114,34,UL,0,0,0,0
114,35,DL,0,0,0,0
114,35,UL,0,0,0,0
114,36,DL,0,0,0,0
114,36,UL,0,0,0,0
114,37,DL,0,0,0,0
114,37,UL,0,0,0,0
114,38,DL,0,0,0,0
114,38,UL,0,0,0,0
114,39,DL,0,0,0,0
114,39,UL,0,0,0,0
114,40,DL,0,0,0,0
114,40,UL,0,0,0,0
114,41,DL,0,0,0,0
114,41,UL,0,0,0,0
114,42,DL,0,0,0,0
114,42,UL,0,0,0,0
114,43,DL,0,0,0,0
114,43,UL,0,0,0,0
114,44,DL,0,0,0,0
114,44,UL,0,0,0,0
114,45,DL,0,0,0,0
114,45,UL,0,0,0,0
114,46,DL,0,0,0,0
114,46,UL,0,0,0,0
114,47,DL,0,0,0,0
114,47,UL,0,0,0,0
114,48,DL,0,0,0,0
114,48,UL,0,0,0,0
114,49,DL,0,0,0,0
114,49,UL,0,0,0,0
114,50,DL,0,0,0,0
114,50,UL,0,0,0,0
114,51,DL,0,0,0,0
114,51,UL,0,0,0,0
114,52,DL,0,0,0,0
114,52,UL,0,0,0,0
114,53,DL,0,0,0,0
114,53,UL,0,0,0,0
114,54,DL,0,0,0,0
114,54,UL,0,0,0,0
114,55,DL,0,0,0,0
114,55,UL,0,0,0,0
114,56,DL,0,0,0,0
114,56,UL,0,0,0,0
114,57,DL,0,0,0,0
114,57,UL,0,0,0,0
114,58,DL,0,0,0,0
114,58,UL,0,0,0,0
114,59,DL,0,0,0,0
114,59,UL,0,0,0,0
114,60,DL,0,0,0,0
114,60,UL,0,0,0,0
114,61,DL,0,0,0,0
114,61,UL,0,0,0,0
114,62,DL,0,0,0,0
114,62,UL,0,0,0,0
114,63,DL,0.8369,0.194,0.0588226,30
114,63,UL,0,0,0,0
114,64,DL,0,0,0,0
114,64,UL,0,0,0,0
114,65,DL,0.0232429,0.0353214,0.00784302,4
114,65,UL,0,0,0,0
114,66,DL,0,0,0,0
114,66,UL,0,0,0,0
114,67,DL,0,0,0,0
114,67,UL,0,0,0,0
114,68,DL,0,0,0,0
114,68,UL,0,0,0,0
114,69,DL,0,0,0,0
114,69,UL,0,0,0,0
114,70,DL,0,0,0,0
114,70,UL,0,0,0,0
114,71,DL,0,0,0,0
114,71,UL,0,0,0,0
114,72,DL,0,0,0,0
114,72,UL,0,0,0,0
114,73,DL,0,0,0,0
114,73,UL,0,0,0,0
114,74,DL,0,0,0,0
114,74,UL,0,0,0,0
114,75,DL,0,0,0,0
114,75,UL,0,0,0,0
114,76,DL,0,0,0,0
114,76,UL,0,0,0,0
114,77,DL,0,0,0,0
114,77,UL,0,0,0,0
114,78,DL,0,0,0,0
114,78,UL,0,0,0,0
114,79,DL,0,0,0,0
114,79,UL,0,0,0,0
116,0,DL,0,0,0,0
116,0,UL,0,0,0,0
116,1,DL,0,0,0,0
116,1,UL,0,0,0,0
116,2,DL,0,0,0,0
116,2,UL,0,0,0,0
116,3,DL,0,0,0,0
116,3,UL,0,0,0,0
116,4,DL,0,0,0,0
116,4,UL,0,0,0,0
116,5,DL,0,0,0,0
116,5,UL,0,0,0,0
116,6,DL,0,0,0,0
116,6,UL,0,0,0,0
116,7,DL,0,0,0,0
116,7,UL,0,0,0,0
116,8,DL,0,0,0,0
116,8,UL,0,0,0,0
116,9,DL,0,0,0,0
116,9,UL,0,0,0,0
116,10,DL,0,0,0,0
116,10,UL,0,0,0,0
116,11,DL,0,0,0,0
116,11,UL,0,0,0,0
116,12,DL,0,0,0,0
116,12,UL,0,0,0,0
116,13,DL,0,0,0,0
116,13,UL,0,0,0,0
116,14,DL,0,0,0,0
116,14,UL,0,0,0,0
116,15,DL,0,0,0,0
116,15,UL,0,0,0,0
116,16,DL,0,0,0,0
116,16,UL,0,0,0,0
116,17,DL,0,0,0,0
116,17,UL,0,0,0,0
116,18,DL,0,0,0,0
116,18,UL,0,0,0,0
116,19,DL,0,0,0,0
116,19,UL,0,0,0,0
116,20,DL,0,0,0,0
116,20,UL,0,0,0,0
116,21,DL,0,0,0,0
116,21,UL,0,0,0,0
116,22,DL,0,0,0,0
116,22,UL,0,0,0,0
116,23,DL,0,0,0,0
116,23,UL,0,0,0,0
116,24,DL,0,0,0,0
116,24,UL,0,0,0,0
116,25,DL,0,0,0,0
116,25,UL,0,0,0,0
116,26,DL,0,0,0,0
116,26,UL,0,0,0,0
116,27,DL,0,0,0,0
116,27,UL,0,0,0,0
116,28,DL,0,0,0,0
116,28,UL,0,0,0,0
116,29,DL,0,0,0,0
116,29,UL,0,0,0,0
116,30,DL,0,0,0,0
116,30,UL,0,0,0,0
116,31,DL,0,0,0,0
116,31,UL,0,0,0,0
116,32,DL,0,0,0,0
116,32,UL,0,0,0,0
116,33,DL,0,0,0,0
116,33,UL,0,0,0,0
116,34,DL,0,0,0,0
116,34,UL,0,0,0,0
116,35,DL,0,0,0,0
116,35,UL,0,0,0,0
116,36,DL,0,0,0,0
116,36,UL,0,0,0,0
116,37,DL,0,0,0,0
116,37,UL,0,0,0,0
116,38,DL,0,0,0,0
116,38,UL,0,0,0,0
116,39,DL,0,0,0,0
116,39,UL,0,0,0,0
116,40,DL,0,0,0,0
116,40,UL,0,0,0,0
116,41,DL,0,0,0,0
116,41,UL,0,0,0,0
116,42,DL,0,0,0,0
116,42,UL,0,0,0,0
116,43,DL,0,0,0,0
116,43,UL,0,0,0,0
116,44,DL,0,0,0,0
116,44,UL,0,0,0,0
116,45,DL,0,0,0,0
116,45,UL,0,0,0,0
116,46,DL,0,0,0,0
116,46,UL,0,0,0,0
116,47,DL,0,0,0,0
116,47,UL,0,0,0,0
116,48,DL,0,0,0,0
116,48,UL,0,0,0,0
116,49,DL,0,0,0,0
116,49,UL,0,0,0,0
116,50,DL,0,0,0,0
116,50,UL,0,0,0,0
116,51,DL,0,0,0,0
116,51,UL,0,0,0,0
116,52,DL,0,0,0,0
116,52,UL,0,0,0,0
116,53,DL,0,0,0,0
116,53,UL,0,0,0,0
116,54,DL,0,0,0,0
116,54,UL,0,0,0,0
116,55,DL,0,0,0,0
116,55,UL,0,0,0,0
116,56,DL,0,0,0,0
116,56,UL,0,0,0,0
116,57,DL,0,0,0,0
116,57,UL,0,0,0,0
116,58,DL,0,0,0,0
116,58,UL,0,0,0,0
116,59,DL,0,0,0,0
116,59,UL,0,0,0,0
116,60,DL,0,0,0,0
116,60,UL,0,0,0,0
116,61,DL,0,0,0,0
116,61,UL,0,0,0,0
116,62,DL,0,0,0,0
116,62,UL,0,0,0,0
116,63,DL,0,0,0,0
116,63,UL,0,0,0,0
116,64,DL,0,0,0,0
116,64,UL,0,0,0,0
116,65,DL,0,0,0,0
116,65,UL,0,0,0,0
116,66,DL,0,0,0,0
116,66,UL,0,0,0,0
116,67,DL,0,0,0,0
116,67,UL,0,0,0,0
116,68,DL,0,0,0,0
116,68,UL,0,0,0,0
116,69,DL,0,0,0,0
116,69,UL,0,0,0,0
116,70,DL,0,0,0,0
116,70,UL,0,0,0,0
116,71,DL,0,0,0,0
116,71,UL,0,0,0,0
116,72,DL,0,0,0,0
116,72,UL,0,0,0,0
116,73,DL,0,0,0,0
116,73,UL,0,0,0,0
116,74,DL,0,0,0,0
116,74,UL,0,0,0,0
116,75,DL,0,0,0,0
116,75,UL,0,0,0,0
116,76,DL,0,0,0,0
116,76,UL,0,0,0,0
116,77,DL,0,0,0,0
116,77,UL,0,0,0,0
116,78,DL,0,0,0,0
116,78,UL,0,0,0,0
116,79,DL,0.0131,0.0045,0.00784302,4
116,79,UL,0,0,0,0
118,0,DL,0,0,0,0
118,0,UL,0,0,0,0
118,1,DL,0,0,0,0
118,1,UL,0,0,0,0
118,2,DL,0,0,0,0
118,2,UL,0,0,0,0
118,3,DL,0,0,0,0
118,3,UL,0,0,0,0
118,4,DL,0,0,0,0
118,4,UL,0,0,0,0
118,5,DL,0,0,0,0
118,5,UL,0,0,0,0
118,6,DL,0,0,0,0
118,6,UL,0,0,0,0
118,7,DL,0,0,0,0
118,7,UL,0,0,0,0
118,8,DL,0,0,0,0
118,8,UL,0,0,0,0
118,9,DL,0,0,0,0
118,9,UL,0,0,0,0
118,10,DL,0,0,0,0
118,10,UL,0,0,0,0
118,11,DL,0,0,0,0
118,11,UL,0,0,0,0
118,12,DL,0,0,0,0
118,12,UL,0,0,0,0
118,13,DL,0,0,0,0
118,13,UL,0,0,0,0
118,14,DL,0,0,0,0
118,14,UL,0,0,0,0
118,15,DL,0,0,0,0
118,15,UL,0,0,0,0
118,16,DL,0,0,0,0
118,16,UL,0,0,0,0
118,17,DL,0,0,0,0
118,17,UL,0,0,0,0
118,18,DL,0,0,0,0
118,18,UL,0,0,0,0
118,19,DL,0,0,0,0
118,19,UL,0,0,0,0
118,20,DL,0,0,0,0
118,20,UL,0,0,0,0
118,21,DL,0,0,0,0
118,21,UL,0,0,0,0
118,22,DL,0,0,0,0
118,22,UL,0,0,0,0
118,23,DL,0,0,0,0
118,23,UL,0,0,0,0
118,24,DL,0,0,0,0
118,24,UL,0,0,0,0
118,25,DL,0,0,0,0
118,25,UL,0,0,0,0
118,26,DL,0,0,0,0
118,26,UL,0,0,0,0
118,27,DL,0,0,0,0
118,27,UL,0,0,0,0
118,28,DL,0,0,0,0
118,28,UL,0,0,0,0
118,29,DL,0,0,0,0
118,29,UL,0,0,0,0
118,30,DL,0,0,0,0
118,30,UL,0,0,0,0
118,31,DL,0,0,0,0
118,31,UL,0,0,0,0
118,32,DL,0,0,0,0
118,32,UL,0,0,0,0
118,33,DL,0,0,0,0
118,33,UL,0,0,0,0
118,34,DL,0,0,0,0
118,34,UL,0,0,0,0
118,35,DL,0,0,0,0
118,35,UL,0,0,0,0
118,36,DL,0,0,0,0
118,36,UL,0,0,0,0
118,37,DL,0,0,0,0
118,37,UL,0,0,0,0
118,38,DL,0,0,0,0
118,38,UL,0,0,0,0
118,39,DL,0,0,0,0
118,39,UL,0,0,0,0
118,40,DL,0,0,0,0
118,40,UL,0,0,0,0
118,41,DL,0,0,0,0
118,41,UL,0,0,0,0
118,42,DL,0,0,0,0
118,42,UL,0,0,0,0
118,43,DL,0,0,0,0
118,43,UL,0,0,0,0
118,44,DL,0,0,0,0
118,44,UL,0,0,0,0
118,45,DL,0,0,0,0
118,45,UL,0,0,0,0
118,46,DL,0.04485,0.022,0.015686,8
118,46,UL,0,0,0,0
118,47,DL,0,0,0,0
118,47,UL,0,0,0,0
118,48,DL,0,0,0,0
118,48,UL,0,0,0,0
118,49,DL,0,0,0,0
118,49,UL,0,0,0,0
118,50,DL,0,0,0,0
118,50,UL,0,0,0,0
118,51,DL,0,0,0,0
118,51,UL,0,0,0,0
118,52,DL,0,0,0,0
118,52,UL,0,0,0,0
118,53,DL,0,0,0,0
118,53,UL,0,0,0,0
118,54,DL,0,0,0,0
118,54,UL,0,0,0,0
118,55,DL,0,0,0,0
118,55,UL,0,0,0,0
118,56,DL,0,0,0,0
118,56,UL,0,0,0,0
118,57,DL,0,0,0,0
118,57,UL,0,0,0,0
118,58,DL,0,0,0,0
118,58,UL,0,0,0,0
118,59,DL,0,0,0,0
118,59,UL,0,0,0,0
118,60,DL,0,0,0,0
118,60,UL,0,0,0,0
118,61,DL,0,0,0,0
118,61,UL,0,0,0,0
118,62,DL,0,0,0,0
118,62,UL,0,0,0,0
118,63,DL,0,0,0,0
118,63,UL,0,0,0,0
118,64,DL,0,0,0,0
118,64,UL,0,0,0,0
118,65,DL,0,0,0,0
118,65,UL,0,0,0,0
118,66,DL,0,0,0,0
118,66,UL,0,0,0,0
118,67,DL,0,0,0,0
118,67,UL,0,0,0,0
118,68,DL,0,0,0,0
118,68,UL,0,0,0,0
118,69,DL,0,0,0,0
118,69,UL,0,0,0,0
118,70,DL,0.0924333,0.0505,0.0470581,24
118,70,UL,0,0,0,0
118,71,DL,0,0,0,0
118,71,UL,0,0,0,0
118,72,DL,0,0,0,0
118,72,UL,0,0,0,0
118,73,DL,0,0,0,0
118,73,UL,0,0,0,0
118,74,DL,0,0,0,0
118,74,UL,0,0,0,0
118,75,DL,0,0,0,0
118,75,UL,0,0,0,0
118,76,DL,0,0,0,0
118,76,UL,0,0,0,0
118,77,DL,0,0,0,0
118,77,UL,0,0,0,0
118,78,DL,0,0,0,0
118,78,UL,0,0,0,0
118,79,DL,0,0,0,0
118,79,UL,0,0,0,0
120,0,DL,0,0,0,0
120,0,UL,0,0,0,0
120,1,DL,0,0,0,0
120,1,UL,0,0,0,0
120,2,DL,0,0,0,0
120,2,UL,0,0,0,0
120,3,DL,0,0,0,0
120,3,UL,0,0,0,0
120,4,DL,0,0,0,0
120,4,UL,0,0,0,0
120,5,DL,0,0,0,0
120,5,UL,0,0,0,0
120,6,DL,0,0,0,0
120,6,UL,0,0,0,0
120,7,DL,0,0,0,0
120,7,UL,0,0,0,0
120,8,DL,0,0,0,0
120,8,UL,0,0,0,0
120,9,DL,0,0,0,0
120,9,UL,0,0,0,0
120,10,DL,0,0,0,0
120,10,UL,0,0,0,0
120,11,DL,0,0,0,0
120,11,UL,0,0,0,0
120,12,DL,0,0,0,0
120,12,UL,0,0,0,0
120,13,DL,0,0,0,0
120,13,UL,0,0,0,0
120,14,DL,0,0,0,0
120,14,UL,0,0,0,0
120,15,DL,0,0,0,0
120,15,UL,0,0,0,0
120,16,DL,0,0,0,0
120,16,UL,0,0,0,0
120,17,DL,0,0,0,0
120,17,UL,0,0,0,0
120,18,DL,0,0,0,0
120,18,UL,0,0,0,0
120,19,DL,0,0,0,0
120,19,UL,0,0,0,0
120,20,DL,0,0,0,0
120,20,UL,0,0,0,0
120,21,DL,0,0,0,0
120,21,UL,0,0,0,0
120,22,DL,0,0,0,0
120,22,UL,0,0,0,0
120,23,DL,0,0,0,0
120,23,UL,0,0,0,0
120,24,DL,0,0,0,0
120,24,UL,0,0,0,0
120,25,DL,0,0,0,0
120,25,UL,0,0,0,0
120,26,DL,0,0,0,0
120,26,UL,0,0,0,0
120,27,DL,0,0,0,0
120,27,UL,0,0,0,0
120,28,DL,0,0,0,0
120,28,UL,0,0,0,0
120,29,DL,0,0,0,0
120,29,UL,0,0,0,0
120,30,DL,0,0,0,0
120,30,UL,0,0,0,0
120,31,DL,0,0,0,0
120,31,UL,0,0,0,0
120,32,DL,0,0,0,0
120,32,UL,0,0,0,0
120,33,DL,0,0,0,0
120,33,UL,0,0,0,0
120,34,DL,0,0,0,0
120,34,UL,0,0,0,0
120,35,DL,0,0,0,0
120,35,UL,0,0,0,0
120,36,DL,0,0,0,0
120,36,UL,0,0,0,0
120,37,DL,0.0954333,0.0846667,0.0235291,12
120,37,UL,0,0,0,0
120,38,DL,0,0,0,0
120,38,UL,0,0,0,0
120,39,DL,0,0,0,0
120,39,UL,0,0,0,0
120,40,DL,0,0,0,0
120,40,UL,0,0,0,0
120,41,DL,0,0,0,0
120,41,UL,0,0,0,0
120,42,DL,0,0,0,0
120,42,UL,0,0,0,0
120,43,DL,0,0,0,0
120,43,UL,0,0,0,0
120,44,DL,0,0,0,0
120,44,UL,0,0,0,0
120,45,DL,0,0,0,0
120,45,UL,0,0,0,0
120,46,DL,0,0,0,0
120,46,UL,0,0,0,0
120,47,DL,0,0,0,0
120,47,UL,0,0,0,0
120,48,DL,0,0,0,0
120,48,UL,0,0,0,0
120,49,DL,0,0,0,0
120,49,UL,0,0,0,0
120,50,DL,0,0,0,0
120,50,UL,0,0,0,0
120,51,DL,0,0,0,0
120,51,UL,0,0,0,0
120,52,DL,0,0,0,0
120,52,UL,0,0,0,0
120,53,DL,0,0,0,0
120,53,UL,0,0,0,0
120,54,DL,0,0,0,0
120,54,UL,0,0,0,0
120,55,DL,0,0,0,0
120,55,UL,0,0,0,0
120,56,DL,0,0,0,0
120,56,UL,0,0,0,0
120,57,DL,0,0,0,0
120,57,UL,0,0,0,0
120,58,DL,0,0,0,0
120,58,UL,0,0,0,0
120,59,DL,0,0,0,0
120,59,UL,0,0,0,0
120,60,DL,0,0,0,0
120,60,UL,0,0,0,0
120,61,DL,0,0,0,0
120,61,UL,0,0,0,0
120,62,DL,0,0,0,0
120,62,UL,0,0,0,0
120,63,DL,0,0,0,0
120,63,UL,0,0,0,0
120,64,DL,0,0,0,0
120,64,UL,0,0,0,0
120,65,DL,0,0,0,0
120,65,UL,0,0,0,0
120,66,DL,0,0,0,0
120,66,UL,0,0,0,0
120,67,DL,0,0,0,0
120,67,UL,0,0,0,0
120,68,DL,0,0,0,0
120,68,UL,0,0,0,0
120,69,DL,0,0,0,0
120,69,UL,0,0,0,0
120,70,DL,0,0,0,0
120,70,UL,0,0,0,0
120,71,DL,0,0,0,0
120,71,UL,0,0,0,0
120,72,DL,0,0,0,0
120,72,UL,0,0,0,0
120,73,DL,0,0,0,0
120,73,UL,0,0,0,0
120,74,DL,0,0,0,0
120,74,UL,0,0,0,0
120,75,DL,0,0,0,0
120,75,UL,0,0,0,0
120,76,DL,0,0,0,0
120,76,UL,0,0,0,0
120,77,DL,0,0,0,0
120,77,UL,0,0,0,0
120,78,DL,0,0,0,0
120,78,UL,0,0,0,0
120,79,DL,0.2271,0.137,0.00784302,4
120,79,UL,0,0,0,0
122,0,DL,0,0,0,0
122,0,UL,0,0,0,0
122,1,DL,0,0,0,0
122,1,UL,0,0,0,0
122,2,DL,0,0,0,0
122,2,UL,0,0,0,0
122,3,DL,0,0,0,0
122,3,UL,0,0,0,0
122,4,DL,0,0,0,0
122,4,UL,0,0,0,0
122,5,DL,0,0,0,0
122,5,UL,0,0,0,0
122,6,DL,0,0,0,0
122,6,UL,0,0,0,0
122,7,DL,0,0,0,0
122,7,UL,0,0,0,0
122,8,DL,0,0,0,0
122,8,UL,0,0,0,0
122,9,DL,0,0,0,0
122,9,UL,0,0,0,0
122,10,DL,0,0,0,0
122,10,UL,0,0,0,0
122,11,DL,0,0,0,0
122,11,UL,0,0,0,0
122,12,DL,0,0,0,0
122,12,UL,0,0,0,0
122,13,DL,0,0,0,0
122,13,UL,0,0,0,0
122,14,DL,0,0,0,0
122,14,UL,0,0,0,0
122,15,DL,0,0,0,0
122,15,UL,0,0,0,0
122,16,DL,0,0,0,0
122,16,UL,0,0,0,0
122,17,DL,0,0,0,0
122,17,UL,0,0,0,0
122,18,DL,0,0,0,0
122,18,UL,0,0,0,0
122,19,DL,0,0,0,0
122,19,UL,0,0,0,0
122,20,DL,0,0,0,0
122,20,UL,0,0,0,0
122,21,DL,0.0797493,0.0313636,0.0431366,22
122,21,UL,0,0,0,0
122,22,DL,0,0,0,0
122,22,UL,0,0,0,0
122,23,DL,0,0,0,0
122,23,UL,0,0,0,0
122,24,DL,0,0,0,0
122,24,UL,0,0,0,0
122,25,DL,0,0,0,0
122,25,UL,0,0,0,0
122,26,DL,0,0,0,0
122,26,UL,0,0,0,0
122,27,DL,0,0,0,0
122,27,UL,0,0,0,0
122,28,DL,0,0,0,0
122,28,UL,0,0,0,0
122,29,DL,0,0,0,0
122,29,UL,0,0,0,0
122,30,DL,0,0,0,0
122,30,UL,0,0,0,0
122,31,DL,0,0,0,0
122,31,UL,0,0,0,0
122,32,DL,0,0,0,0
122,32,UL,0,0,0,0
122,33,DL,0,0,0,0
122,33,UL,0,0,0,0
122,34,DL,0,0,0,0
122,34,UL,0,0,0,0
122,35,DL,0,0,0,0
122,35,UL,0,0,0,0
122,36,DL,0,0,0,0
122,36,UL,0,0,0,0
122,37,DL,0,0,0,0
122,37,UL,0,0,0,0
122,38,DL,0,0,0,0
122,38,UL,0,0,0,0
122,39,DL,0,0,0,0
122,39,UL,0,0,0,0
122,40,DL,0,0,0,0
122,40,UL,0,0,0,0
122,41,DL,0,0,0,0
122,41,UL,0,0,0,0
122,42,DL,0,0,0,0
122,42,UL,0,0,0,0
122,43,DL,0,0,0,0
122,43,UL,0,0,0,0
122,44,DL,0,0,0,0
122,44,UL,0,0,0,0
122,45,DL,0,0,0,0
122,45,UL,0,0,0,0
122,46,DL,0,0,0,0
122,46,UL,0,0,0,0
122,47,DL,0,0,0,0
122,47,UL,0,0,0,0
122,48,DL,0,0,0,0
122,48,UL,0,0,0,0
122,49,DL,0,0,0,0
122,49,UL,0,0,0,0
122,50,DL,0,0,0,0
122,50,UL,0,0,0,0
122,51,DL,0,0,0,0
122,51,UL,0,0,0,0
122,52,DL,0,0,0,0
122,52,UL,0,0,0,0
122,53,DL,0,0,0,0
122,53,UL,0,0,0,0
122,54,DL,0,0,0,0
122,54,UL,0,0,0,0
122,55,DL,0,0,0,0
122,55,UL,0,0,0,0
122,56,DL,0,0,0,0
122,56,UL,0,0,0,0
122,57,DL,0,0,0,0
122,57,UL,0,0,0,0
122,58,DL,0,0,0,0
122,58,UL,0,0,0,0
122,59,DL,0,0,0,0
122,59,UL,0,0,0,0
122,60,DL,0,0,0,0
122,60,UL,0,0,0,0
122,61,DL,0,0,0,0
122,61,UL,0,0,0,0
122,62,DL,0,0,0,0
122,62,UL,0,0,0,0
122,63,DL,0,0,0,0
122,63,UL,0,0,0,0
122,64,DL,0,0,0,0
122,64,UL,0,0,0,0
122,65,DL,0,0,0,0
122,65,UL,0,0,0,0
122,66,DL,0,0,0,0
122,66,UL,0,0,0,0
122,67,DL,0,0,0,0
122,67,UL,0,0,0,0
122,68,DL,0,0,0,0
122,68,UL,0,0,0,0
122,69,DL,0,0,0,0
122,69,UL,0,0,0,0
122,70,DL,0,0,0,0
122,70,UL,0,0,0,0
122,71,DL,0,0,0,0
122,71,UL,0,0,0,0
122,72,DL,0,0,0,0
122,72,UL,0,0,0,0
122,73,DL,0,0,0,0
122,73,UL,0,0,0,0
122,74,DL,0,0,0,0
122,74,UL,0,0,0,0
122,75,DL,0,0,0,0
122,75,UL,0,0,0,0
122,76,DL,0,0,0,0
122,76,UL,0,0,0,0
122,77,DL,0,0,0,0
122,77,UL,0,0,0,0
122,78,DL,0,0,0,0
122,78,UL,0,0,0,0
122,79,DL,0,0,0,0
122,79,UL,0,0,0,0
124,0,DL,0,0,0,0
124,0,UL,0,0,0,0
124,1,DL,0,0,0,0
124,1,UL,0,0,0,0
124,2,DL,0,0,0,0
124,2,UL,0,0,0,0
124,3,DL,0,0,0,0
124,3,UL,0,0,0,0
124,4,DL,0,0,0,0
124,4,UL,0,0,0,0
124,5,DL,0,0,0,0
124,5,UL,0,0,0,0
124,6,DL,0,0,0,0
124,6,UL,0,0,0,0
124,7,DL,0,0,0,0
124,7,UL,0,0,0,0
124,8,DL,0,0,0,0
124,8,UL,0,0,0,0
124,9,DL,0,0,0,0
124,9,UL,0,0,0,0
124,10,DL,0,0,0,0
124,10,UL,0,0,0,0
124,11,DL,0,0,0,0
124,11,UL,0,0,0,0
124,12,DL,0,0,0,0
124,12,UL,0,0,0,0
124,13,DL,0,0,0,0
124,13,UL,0,0,0,0
124,14,DL,0,0,0,0
124,14,UL,0,0,0,0
124,15,DL,0,0,0,0
124,15,UL,0,0,0,0
124,16,DL,0,0,0,0
124,16,UL,0,0,0,0
124,17,DL,0,0,0,0
124,17,UL,0,0,0,0
124,18,DL,0,0,0,0
124,18,UL,0,0,0,0
124,19,DL,0,0,0,0
124,19,UL,0,0,0,0
124,20,DL,0,0,0,0
124,20,UL,0,0,0,0
124,21,DL,0,0,0,0
124,21,UL,0,0,0,0
124,22,DL,0,0,0,0
124,22,UL,0,0,0,0
124,23,DL,0,0,0,0
124,23,UL,0,0,0,0
124,24,DL,0,0,0,0
124,24,UL,0,0,0,0
124,25,DL,0,0,0,0
124,25,UL,0,0,0,0
124,26,DL,0,0,0,0
124,26,UL,0,0,0,0
124,27,DL,0,0,0,0
124,27,UL,0,0,0,0
124,28,DL,0,0,0,0
124,28,UL,0,0,0,0
124,29,DL,0,0,0,0
124,29,UL,0,0,0,0
124,30,DL,0,0,0,0
124,30,UL,0,0,0,0
124,31,DL,0,0,0,0
124,31,UL,0,0,0,0
124,32,DL,0,0,0,0
124,32,UL,0,0,0,0
124,33,DL,0,0,0,0
124,33,UL,0,0,0,0
124,34,DL,0,0,0,0
124,34,UL,0,0,0,0
124,35,DL,0,0,0,0
124,35,UL,0,0,0,0
124,36,DL,0,0,0,0
124,36,UL,0,0,0,0
124,37,DL,0,0,0,0
124,37,UL,0,0,0,0
124,38,DL,0,0,0,0
124,38,UL,0,0,0,0
124,39,DL,0.302485,0.0764615,0.0509796,26
124,39,UL,0,0,0,0
124,40,DL,0,0,0,0
124,40,UL,0,0,0,0
124,41,DL,0,0,0,0
124,41,UL,0,0,0,0
124,42,DL,0,0,0,0
124,42,UL,0,0,0,0
124,43,DL,0,0,0,0
124,43,UL,0,0,0,0
124,44,DL,0,0,0,0
124,44,UL,0,0,0,0
124,45,DL,0,0,0,0
124,45,UL,0,0,0,0
124,46,DL,0,0,0,0
124,46,UL,0,0,0,0
124,47,DL,0,0,0,0
124,47,UL,0,0,0,0
124,48,DL,0.089346,0.0501984,0.0352936,18
124,48,UL,0,0,0,0
124,49,DL,0,0,0,0
124,49,UL,0,0,0,0
124,50,DL,0,0,0,0
124,50,UL,0,0,0,0
124,51,DL,0,0,0,0
124,51,UL,0,0,0,0
124,52,DL,0,0,0,0
124,52,UL,0,0,0,0
124,53,DL,0,0,0,0
124,53,UL,0,0,0,0
124,54,DL,0,0,0,0
124,54,UL,0,0,0,0
124,55,DL,0,0,0,0
124,55,UL,0,0,0,0
124,56,DL,0,0,0,0
124,56,UL,0,0,0,0
124,57,DL,0,0,0,0
124,57,UL,0,0,0,0
124,58,DL,0,0,0,0
124,58,UL,0,0,0,0
124,59,DL,0,0,0,0
124,59,UL,0,0,0,0
124,60,DL,0,0,0,0
124,60,UL,0,0,0,0
124,61,DL,0,0,0,0
124,61,UL,0,0,0,0
124,62,DL,0,0,0,0
124,62,UL,0,0,0,0
124,63,DL,0,0,0,0
124,63,UL,0,0,0,0
124,64,DL,0,0,0,0
124,64,UL,0,0,0,0
124,65,DL,0,0,0,0
124,65,UL,0,0,0,0
124,66,DL,0,0,0,0
124,66,UL,0,0,0,0
124,67,DL,0,0,0,0
124,67,UL,0,0,0,0
124,68,DL,0,0,0,0
124,68,UL,0,0,0,0
124,69,DL,0,0,0,0
124,69,UL,0,0,0,0
124,70,DL,0,0,0,0
124,70,UL,0,0,0,0
124,71,DL,0,0,0,0
124,71,UL,0,0,0,0
124,72,DL,0,0,0,0
124,72,UL,0,0,0,0
124,73,DL,0,0,0,0
124,73,UL,0,0,0,0
124,74,DL,0,0,0,0
124,74,UL,0,0,0,0
124,75,DL,0,0,0,0
124,75,UL,0,0,0,0
124,76,DL,0,0,0,0
124,76,UL,0,0,0,0
124,77,DL,0,0,0,0
124,77,UL,0,0,0,0
124,78,DL,0,0,0,0
124,78,UL,0,0,0,0
124,79,DL,0,0,0,0
124,79,UL,0,0,0,0
126,0,DL,0,0,0,0
126,0,UL,0,0,0,0
126,1,DL,0,0,0,0
126,1,UL,0,0,0,0
126,2,DL,0,0,0,0
126,2,UL,0,0,0,0
126,3,DL,0,0,0,0
126,3,UL,0,0,0,0
126,4,DL,0,0,0,0
126,4,UL,0,0,0,0
126,5,DL,0,0,0,0
126,5,UL,0,0,0,0
126,6,DL,0,0,0,0
126,6,UL,0,0,0,0
126,7,DL,0,0,0,0
126,7,UL,0,0,0,0
126,8,DL,0,0,0,0
126,8,UL,0,0,0,0
126,9,DL,0,0,0,0
126,9,UL,0,0,0,0
126,10,DL,0,0,0,0
126,10,UL,0,0,0,0
126,11,DL,0,0,0,0
126,11,UL,0,0,0,0
126,12,DL,0,0,0,0
126,12,UL,0,0,0,0
126,13,DL,0,0,0,0
126,13,UL,0,0,0,0
126,14,DL,0,0,0,0
126,14,UL,0,0,0,0
126,15,DL,0,0,0,0
126,15,UL,0,0,0,0
126,16,DL,0,0,0,0
126,16,UL,0,0,0,0
126,17,DL,0,0,0,0
126,17,UL,0,0,0,0
126,18,DL,0,0,0,0
126,18,UL,0,0,0,0
126,19,DL,0,0,0,0
126,19,UL,0,0,0,0
126,20,DL,0,0,0,0
126,20,UL,0,0,0,0
126,21,DL,0,0,0,0
126,21,UL,0,0,0,0
126,22,DL,0,0,0,0
126,22,UL,0,0,0,0
126,23,DL,0,0,0,0
126,23,UL,0,0,0,0
126,24,DL,0,0,0,0
126,24,UL,0,0,0,0
126,25,DL,0,0,0,0
126,25,UL,0,0,0,0
126,26,DL,0,0,0,0
126,26,UL,0,0,0,0
126,27,DL,0,0,0,0
126,27,UL,0,0,0,0
126,28,DL,0,0,0,0
126,28,UL,0,0,0,0
126,29,DL,0,0,0,0
126,29,UL,0,0,0,0
126,30,DL,0,0,0,0
126,30,UL,0,0,0,0
126,31,DL,0,0,0,0
126,31,UL,0,0,0,0
126,32,DL,0,0,0,0
126,32,UL,0,0,0,0
126,33,DL,0,0,0,0
126,33,UL,0,0,0,0
126,34,DL,0,0,0,0
126,34,UL,0,0,0,0
126,35,DL,0,0,0,0
126,35,UL,0,0,0,0
126,36,DL,0,0,0,0
126,36,UL,0,0,0,0
126,37,DL,0,0,0,0
126,37,UL,0,0,0,0
126,38,DL,0,0,0,0
126,38,UL,0,0,0,0
126,39,DL,0,0,0,0
126,39,UL,0,0,0,0
126,40,DL,0,0,0,0
126,40,UL,0,0,0,0
126,41,DL,0,0,0,0
126,41,UL,0,0,0,0
126,42,DL,0,0,0,0
126,42,UL,0,0,0,0
126,43,DL,0,0,0,0
126,43,UL,0,0,0,0
126,44,DL,0,0,0,0
126,44,UL,0,0,0,0
126,45,DL,0,0,0,0
126,45,UL,0,0,0,0
126,46,DL,0,0,0,0
126,46,UL,0,0,0,0
126,47,DL,0,0,0,0
126,47,UL,0,0,0,0
126,48,DL,1.0671,0.103726,0.0745087,38
126,48,UL,0,0,0,0
126,49,DL,0,0,0,0
126,49,UL,0,0,0,0
126,50,DL,0,0,0,0
126,50,UL,0,0,0,0
126,51,DL,0,0,0,0
126,51,UL,0,0,0,0
126,52,DL,0,0,0,0
126,52,UL,0,0,0,0
126,53,DL,0,0,0,0
126,53,UL,0,0,0,0
126,54,DL,0,0,0,0
126,54,UL,0,0,0,0
126,55,DL,0,0,0,0
126,55,UL,0,0,0,0
126,56,DL,0,0,0,0
126,56,UL,0,0,0,0
126,57,DL,0,0,0,0
126,57,UL,0,0,0,0
126,58,DL,0,0,0,0
126,58,UL,0,0,0,0
126,59,DL,0,0,0,0
126,59,UL,0,0,0,0
126,60,DL,0,0,0,0
126,60,UL,0,0,0,0
126,61,DL,0,0,0,0
126,61,UL,0,0,0,0
126,62,DL,0,0,0,0
126,62,UL,0,0,0,0
126,63,DL,0,0,0,0
126,63,UL,0,0,0,0
126,64,DL,0,0,0,0
126,64,UL,0,0,0,0
126,65,DL,0,0,0,0
126,65,UL,0,0,0,0
126,66,DL,0,0,0,0
126,66,UL,0,0,0,0
126,67,DL,0,0,0,0
126,67,UL,0,0,0,0
126,68,DL,0,0,0,0
126,68,UL,0,0,0,0
126,69,DL,0,0,0,0
126,69,UL,0,0,0,0
126,70,DL,0,0,0,0
126,70,UL,0,0,0,0
126,71,DL,0,0,0,0
126,71,UL,0,0,0,0
126,72,DL,0,0,0,0
126,72,UL,0,0,0,0
126,73,DL,0,0,0,0
126,73,UL,0,0,0,0
126,74,DL,0,0,0,0
126,74,UL,0,0,0,0
126,75,DL,0,0,0,0
126,75,UL,0,0,0,0
126,76,DL,0,0,0,0
126,76,UL,0,0,0,0
126,77,DL,0,0,0,0
126,77,UL,0,0,0,0
126,78,DL,0,0,0,0
126,78,UL,0,0,0,0
126,79,DL,0,0,0,0
126,79,UL,0,0,0,0
128,0,DL,0,0,0,0
128,0,UL,0,0,0,0
128,1,DL,0,0,0,0
128,1,UL,0,0,0,0
128,2,DL,0,0,0,0
128,2,UL,0,0,0,0
128,3,DL,0,0,0,0
128,3,UL,0,0,0,0
128,4,DL,0,0,0,0
128,4,UL,0,0,0,0
128,5,DL,0,0,0,0
128,5,UL,0,0,0,0
128,6,DL,0,0,0,0
128,6,UL,0,0,0,0
128,7,DL,0,0,0,0
128,7,UL,0,0,0,0
128,8,DL,0,0,0,0
128,8,UL,0,0,0,0
128,9,DL,0,0,0,0
128,9,UL,0,0,0,0
128,10,DL,0,0,0,0
128,10,UL,0,0,0,0
128,11,DL,0,0,0,0
128,11,UL,0,0,0,0
128,12,DL,0,0,0,0
128,12,UL,0,0,0,0
128,13,DL,0,0,0,0
128,13,UL,0,0,0,0
128,14,DL,0,0,0,0
128,14,UL,0,0,0,0
128,15,DL,0,0,0,0
128,15,UL,0,0,0,0
128,16,DL,0,0,0,0
128,16,UL,0,0,0,0
128,17,DL,0,0,0,0
128,17,UL,0,0,0,0
128,18,DL,0,0,0,0
128,18,UL,0,0,0,0
128,19,DL,0,0,0,0
128,19,UL,0,0,0,0
128,20,DL,0,0,0,0
128,20,UL,0,0,0,0
128,21,DL,0.0219333,0.025619,0.0235291,12
128,21,UL,0,0,0,0
128,22,DL,0,0,0,0
128,22,UL,0,0,0,0
128,23,DL,0,0,0,0
128,23,UL,0,0,0,0
128,24,DL,0,0,0,0
128,24,UL,0,0,0,0
128,25,DL,0,0,0,0
128,25,UL,0,0,0,0
128,26,DL,0,0,0,0
128,26,UL,0,0,0,0
128,27,DL,0,0,0,0
128,27,UL,0,0,0,0
128,28,DL,0,0,0,0
128,28,UL,0,0,0,0
128,29,DL,0,0,0,0
128,29,UL,0,0,0,0
128,30,DL,0,0,0,0
128,30,UL,0,0,0,0
128,31,DL,0,0,0,0
128,31,UL,0,0,0,0
128,32,DL,0,0,0,0
128,32,UL,0,0,0,0
128,33,DL,0,0,0,0
128,33,UL,0,0,0,0
128,34,DL,0,0,0,0
128,34,UL,0,0,0,0
128,35,DL,0,0,0,0
128,35,UL,0,0,0,0
128,36,DL,0,0,0,0
128,36,UL,0,0,0,0
128,37,DL,0,0,0,0
128,37,UL,0,0,0,0
128,38,DL,0,0,0,0
128,38,UL,0,0,0,0
128,39,DL,0,0,0,0
128,39,UL,0,0,0,0
128,40,DL,0,0,0,0
128,40,UL,0,0,0,0
128,41,DL,0,0,0,0
128,41,UL,0,0,0,0
128,42,DL,0,0,0,0
128,42,UL,0,0,0,0
128,43,DL,0,0,0,0
128,43,UL,0,0,0,0
128,44,DL,0,0,0,0
128,44,UL,0,0,0,0
128,45,DL,0,0,0,0
128,45,UL,0,0,0,0
128,46,DL,0,0,0,0
128,46,UL,0,0,0,0
128,47,DL,0,0,0,0
128,47,UL,0,0,0,0
128,48,DL,0,0,0,0
128,48,UL,0,0,0,0
128,49,DL,0,0,0,0
128,49,UL,0,0,0,0
128,50,DL,0,0,0,0
128,50,UL,0,0,0,0
128,51,DL,0,0,0,0
128,51,UL,0,0,0,0
128,52,DL,0,0,0,0
128,52,UL,0,0,0,0
128,53,DL,0,0,0,0
128,53,UL,0,0,0,0
128,54,DL,0,0,0,0
128,54,UL,0,0,0,0
128,55,DL,0,0,0,0
128,55,UL,0,0,0,0
128,56,DL,0,0,0,0
128,56,UL,0,0,0,0
128,57,DL,0,0,0,0
128,57,UL,0,0,0,0
128,58,DL,0,0,0,0
128,58,UL,0,0,0,0
128,59,DL,0,0,0,0
128,59,UL,0,0,0,0
128,60,DL,0,0,0,0
128,60,UL,0,0,0,0
128,61,DL,0,0,0,0
128,61,UL,0,0,0,0
128,62,DL,0,0,0,0
128,62,UL,0,0,0,0
128,63,DL,0,0,0,0
128,63,UL,0,0,0,0
128,64,DL,0,0,0,0
128,64,UL,0,0,0,0
128,65,DL,0.00381428,0.00192857,0.00392151,2
128,65,UL,0,0,0,0
128,66,DL,0,0,0,0
128,66,UL,0,0,0,0
128,67,DL,0,0,0,0
128,67,UL,0,0,0,0
128,68,DL,0,0,0,0
128,68,UL,0,0,0,0
128,69,DL,0.0161,0.129,0.00784302,4
128,69,UL,0,0,0,0
128,70,DL,0,0,0,0
128,70,UL,0,0,0,0
128,71,DL,0,0,0,0
128,71,UL,0,0,0,0
128,72,DL,0,0,0,0
128,72,UL,0,0,0,0
128,73,DL,0,0,0,0
128,73,UL,0,0,0,0
128,74,DL,0,0,0,0
128,74,UL,0,0,0,0
128,75,DL,0,0,0,0
128,75,UL,0,0,0,0
128,76,DL,0,0,0,0
128,76,UL,0,0,0,0
128,77,DL,0,0,0,0
128,77,UL,0,0,0,0
128,78,DL,0,0,0,0
128,78,UL,0,0,0,0
128,79,DL,0,0,0,0
128,79,UL,0,0,0,0
130,0,DL,0,0,0,0
130,0,UL,0,0,0,0
130,1,DL,0,0,0,0
130,1,UL,0,0,0,0
130,2,DL,0,0,0,0
130,2,UL,0,0,0,0
130,3,DL,0,0,0,0
130,3,UL,0,0,0,0
130,4,DL,0,0,0,0
130,4,UL,0,0,0,0
130,5,DL,0,0,0,0
130,5,UL,0,0,0,0
130,6,DL,0,0,0,0
130,6,UL,0,0,0,0
130,7,DL,0,0,0,0
130,7,UL,0,0,0,0
130,8,DL,0,0,0,0
130,8,UL,0,0,0,0
130,9,DL,0,0,0,0
130,9,UL,0,0,0,0
130,10,DL,0,0,0,0
130,10,UL,0,0,0,0
130,11,DL,0,0,0,0
130,11,UL,0,0,0,0
130,12,DL,0,0,0,0
130,12,UL,0,0,0,0
130,13,DL,0,0,0,0
130,13,UL,0,0,0,0
130,14,DL,0,0,0,0
130,14,UL,0,0,0,0
130,15,DL,0,0,0,0
130,15,UL,0,0,0,0
130,16,DL,0,0,0,0
130,16,UL,0,0,0,0
130,17,DL,0,0,0,0
130,17,UL,0,0,0,0
130,18,DL,0,0,0,0
130,18,UL,0,0,0,0
130,19,DL,0,0,0,0
130,19,UL,0,0,0,0
130,20,DL,0,0,0,0
130,20,UL,0,0,0,0
130,21,DL,0,0,0,0
130,21,UL,0,0,0,0
130,22,DL,0,0,0,0
130,22,UL,0,0,0,0
130,23,DL,0,0,0,0
130,23,UL,0,0,0,0
130,24,DL,0,0,0,0
130,24,UL,0,0,0,0
130,25,DL,0,0,0,0
130,25,UL,0,0,0,0
130,26,DL,0,0,0,0
130,26,UL,0,0,0,0
130,27,DL,0,0,0,0
130,27,UL,0,0,0,0
130,28,DL,0,0,0,0
130,28,UL,0,0,0,0
130,29,DL,0,0,0,0
130,29,UL,0,0,0,0
130,30,DL,0,0,0,0
130,30,UL,0,0,0,0
130,31,DL,0,0,0,0
130,31,UL,0,0,0,0
130,32,DL,0,0,0,0
130,32,UL,0,0,0,0
130,33,DL,0,0,0,0
130,33,UL,0,0,0,0
130,34,DL,0,0,0,0
130,34,UL,0,0,0,0
130,35,DL,0,0,0,0
130,35,UL,0,0,0,0
130,36,DL,0,0,0,0
130,36,UL,0,0,0,0
130,37,DL,0,0,0,0
130,37,UL,0,0,0,0
130,38,DL,0,0,0,0
130,38,UL,0,0,0,0
130,39,DL,0,0,0,0
130,39,UL,0,0,0,0
130,40,DL,0,0,0,0
130,40,UL,0,0,0,0
130,41,DL,0,0,0,0
130,41,UL,0,0,0,0
130,42,DL,0,0,0,0
130,42,UL,0,0,0,0
130,43,DL,0,0,0,0
130,43,UL,0,0,0,0
130,44,DL,0,0,0,0
130,44,UL,0,0,0,0
130,45,DL,0,0,0,0
130,45,UL,0,0,0,0
130,46,DL,0,0,0,0
130,46,UL,0,0,0,0
130,47,DL,0,0,0,0
130,47,UL,0,0,0,0
130,48,DL,0,0,0,0
130,48,UL,0,0,0,0
130,49,DL,0,0,0,0
130,49,UL,0,0,0,0
130,50,DL,0,0,0,0
130,50,UL,0,0,0,0
130,51,DL,0,0,0,0
130,51,UL,0,0,0,0
130,52,DL,0,0,0,0
130,52,UL,0,0,0,0
130,53,DL,0,0,0,0
130,53,UL,0,0,0,0
130,54,DL,0,0,0,0
130,54,UL,0,0,0,0
130,55,DL,0,0,0,0
130,55,UL,0,0,0,0
130,56,DL,0,0,0,0
130,56,UL,0,0,0,0
130,57,DL,0,0,0,0
130,57,UL,0,0,0,0
130,58,DL,0,0,0,0
130,58,UL,0,0,0,0
130,59,DL,0,0,0,0
130,59,UL,0,0,0,0
130,60,DL,0,0,0,0
130,60,UL,0,0,0,0
130,61,DL,0,0,0,0
130,61,UL,0,0,0,0
130,62,DL,0,0,0,0
130,62,UL,0,0,0,0
130,63,DL,0,0,0,0
130,63,UL,0,0,0,0
130,64,DL,0,0,0,0
130,64,UL,0,0,0,0
130,65,DL,0,0,0,0
130,65,UL,0,0,0,0
130,66,DL,0,0,0,0
130,66,UL,0,0,0,0
130,67,DL,0,0,0,0
130,67,UL,0,0,0,0
130,68,DL,0,0,0,0
130,68,UL,0,0,0,0
130,69,DL,0,0,0,0
130,69,UL,0,0,0,0
130,70,DL,0,0,0,0
130,70,UL,0,0,0,0
130,71,DL,0,0,0,0
130,71,UL,0,0,0,0
130,72,DL,0.0988692,0.0574615,0.0509796,26
130,72,UL,0,0,0,0
130,73,DL,0,0,0,0
130,73,UL,0,0,0,0
130,74,DL,0,0,0,0
130,74,UL,0,0,0,0
130,75,DL,0,0,0,0
130,75,UL,0,0,0,0
130,76,DL,0,0,0,0
130,76,UL,0,0,0,0
130,77,DL,0,0,0,0
130,77,UL,0,0,0,0
130,78,DL,0,0,0,0
130,78,UL,0,0,0,0
130,79,DL,0,0,0,0
130,79,UL,0,0,0,0
132,0,DL,0,0,0,0
132,0,UL,0,0,0,0
132,1,DL,0,0,0,0
132,1,UL,0,0,0,0
132,2,DL,0,0,0,0
132,2,UL,0,0,0,0
132,3,DL,0,0,0,0
132,3,UL,0,0,0,0
132,4,DL,0,0,0,0
132,4,UL,0,0,0,0
132,5,DL,0,0,0,0
132,5,UL,0,0,0,0
132,6,DL,0,0,0,0
132,6,UL,0,0,0,0
132,7,DL,0,0,0,0
132,7,UL,0,0,0,0
132,8,DL,0,0,0,0
132,8,UL,0,0,0,0
132,9,DL,0,0,0,0
132,9,UL,0,0,0,0
132,10,DL,0,0,0,0
132,10,UL,0,0,0,0
132,11,DL,0,0,0,0
132,11,UL,0,0,0,0
132,12,DL,0,0,0,0
132,12,UL,0,0,0,0
132,13,DL,0,0,0,0
132,13,UL,0,0,0,0
132,14,DL,0,0,0,0
132,14,UL,0,0,0,0
132,15,DL,0,0,0,0
132,15,UL,0,0,0,0
132,16,DL,0,0,0,0
132,16,UL,0,0,0,0
132,17,DL,0,0,0,0
132,17,UL,0,0,0,0
132,18,DL,0,0,0,0
132,18,UL,0,0,0,0
132,19,DL,0,0,0,0
132,19,UL,0,0,0,0
132,20,DL,0,0,0,0
132,20,UL,0,0,0,0
132,21,DL,0,0,0,0
132,21,UL,0,0,0,0
132,22,DL,0,0,0,0
132,22,UL,0,0,0,0
132,23,DL,0,0,0,0
132,23,UL,0,0,0,0
132,24,DL,0,0,0,0
132,24,UL,0,0,0,0
132,25,DL,0,0,0,0
132,25,UL,0,0,0,0
132,26,DL,0,0,0,0
132,26,UL,0,0,0,0
132,27,DL,0,0,0,0
132,27,UL,0,0,0,0
132,28,DL,0,0,0,0
132,28,UL,0,0,0,0
132,29,DL,0,0,0,0
132,29,UL,0,0,0,0
132,30,DL,0,0,0,0
132,30,UL,0,0,0,0
132,31,DL,0,0,0,0
132,31,UL,0,0,0,0
132,32,DL,0,0,0,0
132,32,UL,0,0,0,0
132,33,DL,0,0,0,0
132,33,UL,0,0,0,0
132,34,DL,0,0,0,0
132,34,UL,0,0,0,0
132,35,DL,0,0,0,0
132,35,UL,0,0,0,0
132,36,DL,0,0,0,0
132,36,UL,0,0,0,0
132,37,DL,0,0,0,0
132,37,UL,0,0,0,0
132,38,DL,0,0,0,0
132,38,UL,0,0,0,0
132,39,DL,0.0671,0.1125,0.00784302,4
132,39,UL,0,0,0,0
132,40,DL,0,0,0,0
132,40,UL,0,0,0,0
132,41,DL,0,0,0,0
132,41,UL,0,0,0,0
132,42,DL,0,0,0,0
132,42,UL,0,0,0,0
132,43,DL,0,0,0,0
132,43,UL,0,0,0,0
132,44,DL,0,0,0,0
132,44,UL,0,0,0,0
132,45,DL,0,0,0,0
132,45,UL,0,0,0,0
132,46,DL,0,0,0,0
132,46,UL,0,0,0,0
132,47,DL,0,0,0,0
132,47,UL,0,0,0,0
132,48,DL,0,0,0,0
132,48,UL,0,0,0,0
132,49,DL,0,0,0,0
132,49,UL,0,0,0,0
132,50,DL,0,0,0,0
132,50,UL,0,0,0,0
132,51,DL,0,0,0,0
132,51,UL,0,0,0,0
132,52,DL,0,0,0,0
132,52,UL,0,0,0,0
132,53,DL,0,0,0,0
132,53,UL,0,0,0,0
132,54,DL,0,0,0,0
132,54,UL,0,0,0,0
132,55,DL,0,0,0,0
132,55,UL,0,0,0,0
132,56,DL,0,0,0,0
132,56,UL,0,0,0,0
132,57,DL,0,0,0,0
132,57,UL,0,0,0,0
132,58,DL,0,0,0,0
132,58,UL,0,0,0,0
132,59,DL,0,0,0,0
132,59,UL,0,0,0,0
132,60,DL,0,0,0,0
132,60,UL,0,0,0,0
132,61,DL,0,0,0,0
132,61,UL,0,0,0,0
132,62,DL,0,0,0,0
132,62,UL,0,0,0,0
132,63,DL,0,0,0,0
132,63,UL,0,0,0,0
132,64,DL,0,0,0,0
132,64,UL,0,0,0,0
132,65,DL,0,0,0,0
132,65,UL,0,0,0,0
132,66,DL,0,0,0,0
132,66,UL,0.0280304,0,0.00392151,8.33333
132,67,DL,0,0,0,0
132,67,UL,0,0,0,0
132,68,DL,0,0,0,0
132,68,UL,0,0,0,0
132,69,DL,0,0,0,0
132,69,UL,0,0,0,0
132,70,DL,0,0,0,0
132,70,UL,0,0,0,0
132,71,DL,0,0,0,0
132,71,UL,0,0,0,0
132,72,DL,0,0,0,0
132,72,UL,0,0,0,0
132,73,DL,0,0,0,0
132,73,UL,0,0,0,0
132,74,DL,0,0,0,0
132,74,UL,0,0,0,0
132,75,DL,0,0,0,0
132,75,UL,0,0,0,0
132,76,DL,0,0,0,0
132,76,UL,0,0,0,0
132,77,DL,0,0,0,0
132,77,UL,0,0,0,0
132,78,DL,0.0261,0,0.00392151,2
132,78,UL,0.0580304,0,0.00392151,8.33333
132,79,DL,0,0,0,0
132,79,UL,0,0,0,0
134,0,DL,0,0,0,0
134,0,UL,0,0,0,0
134,1,DL,0,0,0,0
134,1,UL,0,0,0,0
134,2,DL,0,0,0,0
134,2,UL,0,0,0,0
134,3,DL,0,0,0,0
134,3,UL,0,0,0,0
134,4,DL,0,0,0,0
134,4,UL,0,0,0,0
134,5,DL,0,0,0,0
134,5,UL,0,0,0,0
134,6,DL,0,0,0,0
134,6,UL,0,0,0,0
134,7,DL,0,0,0,0
134,7,UL,0,0,0,0
134,8,DL,0,0,0,0
134,8,UL,0,0,0,0
134,9,DL,0,0,0,0
134,9,UL,0,0,0,0
134,10,DL,0,0,0,0
134,10,UL,0,0,0,0
134,11,DL,0,0,0,0
134,11,UL,0,0,0,0
134,12,DL,0,0,0,0
134,12,UL,0,0,0,0
134,13,DL,0,0,0,0
134,13,UL,0,0,0,0
134,14,DL,0,0,0,0
134,14,UL,0,0,0,0
134,15,DL,0,0,0,0
134,15,UL,0,0,0,0
134,16,DL,0,0,0,0
134,16,UL,0,0,0,0
134,17,DL,0,0,0,0
134,17,UL,0,0,0,0
134,18,DL,0,0,0,0
134,18,UL,0,0,0,0
134,19,DL,0,0,0,0
134,19,UL,0,0,0,0
134,20,DL,0,0,0,0
134,20,UL,0,0,0,0
134,21,DL,0,0,0,0
134,21,UL,0,0,0,0
134,22,DL,0,0,0,0
134,22,UL,0,0,0,0
134,23,DL,0,0,0,0
134,23,UL,0,0,0,0
134,24,DL,0,0,0,0
134,24,UL,0,0,0,0
134,25,DL,0,0,0,0
134,25,UL,0,0,0,0
134,26,DL,0,0,0,0
134,26,UL,0,0,0,0
134,27,DL,0,0,0,0
134,27,UL,0,0,0,0
134,28,DL,0,0,0,0
134,28,UL,0,0,0,0
134,29,DL,0,0,0,0
134,29,UL,0,0,0,0
134,30,DL,0,0,0,0
134,30,UL,0,0,0,0
134,31,DL,0,0,0,0
134,31,UL,0,0,0,0
134,32,DL,0,0,0,0
134,32,UL,0,0,0,0
134,33,DL,0,0,0,0
134,33,UL,0,0,0,0
134,34,DL,0,0,0,0
134,34,UL,0,0,0,0
134,35,DL,0,0,0,0
134,35,UL,0,0,0,0
134,36,DL,0,0,0,0
134,36,UL,0,0,0,0
134,37,DL,0,0,0,0
134,37,UL,0,0,0,0
134,38,DL,0,0,0,0
134,38,UL,0,0,0,0
134,39,DL,0,0,0,0
134,39,UL,0,0,0,0
134,40,DL,0,0,0,0
134,40,UL,0,0,0,0
134,41,DL,0,0,0,0
134,41,UL,0,0,0,0
134,42,DL,0,0,0,0
134,42,UL,0,0,0,0
134,43,DL,0,0,0,0
134,43,UL,0,0,0,0
134,44,DL,0,0,0,0
134,44,UL,0,0,0,0
134,45,DL,0,0,0,0
134,45,UL,0,0,0,0
134,46,DL,0,0,0,0
134,46,UL,0,0,0,0
134,47,DL,0,0,0,0
134,47,UL,0,0,0,0
134,48,DL,0,0,0,0
134,48,UL,0,0,0,0
134,49,DL,0,0,0,0
134,49,UL,0,0,0,0
134,50,DL,0,0,0,0
134,50,UL,0,0,0,0
134,51,DL,0,0,0,0
134,51,UL,0,0,0,0
134,52,DL,0,0,0,0
134,52,UL,0,0,0,0
134,53,DL,0,0,0,0
134,53,UL,0,0,0,0
134,54,DL,0,0,0,0
134,54,UL,0,0,0,0
134,55,DL,0,0,0,0
134,55,UL,0,0,0,0
134,56,DL,0,0,0,0
134,56,UL,0,0,0,0
134,57,DL,0,0,0,0
134,57,UL,0,0,0,0
134,58,DL,0,0,0,0
134,58,UL,0,0,0,0
134,59,DL,0,0,0,0
134,59,UL,0,0,0,0
134,60,DL,0,0,0,0
134,60,UL,0,0,0,0
134,61,DL,0,0,0,0
134,61,UL,0,0,0,0
134,62,DL,0,0,0,0
134,62,UL,0,0,0,0
134,63,DL,0,0,0,0
134,63,UL,0,0,0,0
134,64,DL,0,0,0,0
134,64,UL,0,0,0,0
134,65,DL,0,0,0,0
134,65,UL,0,0,0,0
134,66,DL,0,0,0,0
134,66,UL,0,0,0,0
134,67,DL,0,0,0,0
134,67,UL,0,0,0,0
134,68,DL,0,0,0,0
134,68,UL,0,0,0,0
134,69,DL,0,0,0,0
134,69,UL,0,0,0,0
134,70,DL,0,0,0,0
134,70,UL,0,0,0,0
134,71,DL,0,0,0,0
134,71,UL,0,0,0,0
134,72,DL,0,0,0,0
134,72,UL,0,0,0,0
134,73,DL,0,0,0,0
134,73,UL,0,0,0,0
134,74,DL,0,0,0,0
134,74,UL,0,0,0,0
134,75,DL,0,0,0,0
134,75,UL,0,0,0,0
134,76,DL,0,0,0,0
134,76,UL,0,0,0,0
134,77,DL,0,0,0,0
134,77,UL,0,0,0,0
134,78,DL,0,0,0,0
134,78,UL,0,0,0,0
134,79,DL,0,0,0,0
134,79,UL,0,0,0,0
136,0,DL,0,0,0,0
136,0,UL,0,0,0,0
136,1,DL,0,0,0,0
136,1,UL,0,0,0,0
136,2,DL,0,0,0,0
136,2,UL,0,0,0,0
136,3,DL,0,0,0,0
136,3,UL,0,0,0,0
136,4,DL,0,0,0,0
136,4,UL,0,0,0,0
136,5,DL,0,0,0,0
136,5,UL,0,0,0,0
136,6,DL,0,0,0,0
136,6,UL,0,0,0,0
136,7,DL,0,0,0,0
136,7,UL,0,0,0,0
136,8,DL,0,0,0,0
136,8,UL,0,0,0,0
136,9,DL,0,0,0,0
136,9,UL,0,0,0,0
136,10,DL,0,0,0,0
136,10,UL,0,0,0,0
136,11,DL,0,0,0,0
136,11,UL,0,0,0,0
136,12,DL,0,0,0,0
136,12,UL,0,0,0,0
136,13,DL,0,0,0,0
136,13,UL,0,0,0,0
136,14,DL,0,0,0,0
136,14,UL,0,0,0,0
136,15,DL,0,0,0,0
136,15,UL,0,0,0,0
136,16,DL,0,0,0,0
136,16,UL,0,0,0,0
136,17,DL,0,0,0,0
136,17,UL,0,0,0,0
136,18,DL,0,0,0,0
136,18,UL,0,0,0,0
136,19,DL,0,0,0,0
136,19,UL,0,0,0,0
136,20,DL,0,0,0,0
136,20,UL,0,0,0,0
136,21,DL,0,0,0,0
136,21,UL,0,0,0,0
136,22,DL,0,0,0,0
136,22,UL,0,0,0,0
136,23,DL,0,0,0,0
136,23,UL,0,0,0,0
136,24,DL,0,0,0,0
136,24,UL,0,0,0,0
136,25,DL,0,0,0,0
136,25,UL,0,0,0,0
136,26,DL,0,0,0,0
136,26,UL,0,0,0,0
136,27,DL,0,0,0,0
136,27,UL,0,0,0,0
136,28,DL,0,0,0,0
136,28,UL,0,0,0,0
136,29,DL,0,0,0,0
136,29,UL,0,0,0,0
136,30,DL,0,0,0,0
136,30,UL,0,0,0,0
136,31,DL,0,0,0,0
136,31,UL,0,0,0,0
136,32,DL,0,0,0,0
136,32,UL,0,0,0,0
136,33,DL,0,0,0,0
136,33,UL,0,0,0,0
136,34,DL,0,0,0,0
136,34,UL,0,0,0,0
136,35,DL,0,0,0,0
136,35,UL,0,0,0,0
136,36,DL,0,0,0,0
136,36,UL,0,0,0,0
136,37,DL,0.0131,0.342,0.00392151,2
136,37,UL,0,0,0,0
136,38,DL,0,0,0,0
136,38,UL,0,0,0,0
136,39,DL,0,0,0,0
136,39,UL,0,0,0,0
136,40,DL,0,0,0,0
136,40,UL,0,0,0,0
136,41,DL,0,0,0,0
136,41,UL,0,0,0,0
136,42,DL,0,0,0,0
136,42,UL,0,0,0,0
136,43,DL,0,0,0,0
136,43,UL,0,0,0,0
136,44,DL,0,0,0,0
136,44,UL,0,0,0,0
136,45,DL,0,0,0,0
136,45,UL,0,0,0,0
136,46,DL,0,0,0,0
136,46,UL,0,0,0,0
136,47,DL,0,0,0,0
136,47,UL,0,0,0,0
136,48,DL,0,0,0,0
136,48,UL,0,0,0,0
136,49,DL,0,0,0,0
136,49,UL,0,0,0,0
136,50,DL,0,0,0,0
136,50,UL,0,0,0,0
136,51,DL,0,0,0,0
136,51,UL,0,0,0,0
136,52,DL,0,0,0,0
136,52,UL,0,0,0,0
136,53,DL,0,0,0,0
136,53,UL,0,0,0,0
136,54,DL,0,0,0,0
136,54,UL,0,0,0,0
136,55,DL,0,0,0,0
136,55,UL,0,0,0,0
136,56,DL,0,0,0,0
136,56,UL,0,0,0,0
136,57,DL,0,0,0,0
136,57,UL,0,0,0,0
136,58,DL,0,0,0,0
136,58,UL,0,0,0,0
136,59,DL,0,0,0,0
136,59,UL,0,0,0,0
136,60,DL,0,0,0,0
136,60,UL,0,0,0,0
136,61,DL,0,0,0,0
136,61,UL,0,0,0,0
136,62,DL,0,0,0,0
136,62,UL,0,0,0,0
136,63,DL,0,0,0,0
136,63,UL,0,0,0,0
136,64,DL,0,0,0,0
136,64,UL,0,0,0,0
136,65,DL,0,0,0,0
136,65,UL,0,0,0,0
136,66,DL,0,0,0,0
136,66,UL,0,0,0,0
136,67,DL,0,0,0,0
136,67,UL,0,0,0,0
136,68,DL,0,0,0,0
136,68,UL,0,0,0,0
136,69,DL,0,0,0,0
136,69,UL,0,0,0,0
136,70,DL,0,0,0,0
136,70,UL,0,0,0,0
136,71,DL,0,0,0,0
136,71,UL,0,0,0,0
136,72,DL,0,0,0,0
136,72,UL,0,0,0,0
136,73,DL,0,0,0,0
136,73,UL,0,0,0,0
136,74,DL,0,0,0,0
136,74,UL,0,0,0,0
136,75,DL,0,0,0,0
136,75,UL,0,0,0,0
136,76,DL,0,0,0,0
136,76,UL,0,0,0,0
136,77,DL,0,0,0,0
136,77,UL,0,0,0,0
136,78,DL,0,0,0,0
136,78,UL,0,0,0,0
136,79,DL,0,0,0,0
136,79,UL,0,0,0,0
138,0,DL,0,0,0,0
138,0,UL,0,0,0,0
138,1,DL,0,0,0,0
138,1,UL,0,0,0,0
138,2,DL,0,0,0,0
138,2,UL,0,0,0,0
138,3,DL,0,0,0,0
138,3,UL,0,0,0,0
138,4,DL,0,0,0,0
138,4,UL,0,0,0,0
138,5,DL,0,0,0,0
138,5,UL,0,0,0,0
138,6,DL,0,0,0,0
138,6,UL,0,0,0,0
138,7,DL,0,0,0,0
138,7,UL,0,0,0,0
138,8,DL,0,0,0,0
138,8,UL,0,0,0,0
138,9,DL,0,0,0,0
138,9,UL,0,0,0,0
138,10,DL,0,0,0,0
138,10,UL,0,0,0,0
138,11,DL,0,0,0,0
138,11,UL,0,0,0,0
138,12,DL,0,0,0,0
138,12,UL,0,0,0,0
138,13,DL,0,0,0,0
138,13,UL,0,0,0,0
138,14,DL,0,0,0,0
138,14,UL,0,0,0,0
138,15,DL,0,0,0,0
138,15,UL,0,0,0,0
138,16,DL,0,0,0,0
138,16,UL,0,0,0,0
138,17,DL,0,0,0,0
138,17,UL,0,0,0,0
138,18,DL,0,0,0,0
138,18,UL,0,0,0,0
138,19,DL,0,0,0,0
138,19,UL,0,0,0,0
138,20,DL,0,0,0,0
138,20,UL,0,0,0,0
138,21,DL,0,0,0,0
138,21,UL,0,0,0,0
138,22,DL,0,0,0,0
138,22,UL,0,0,0,0
138,23,DL,0,0,0,0
138,23,UL,0,0,0,0
138,24,DL,0,0,0,0
138,24,UL,0,0,0,0
138,25,DL,0,0,0,0
138,25,UL,0,0,0,0
138,26,DL,0,0,0,0
138,26,UL,0,0,0,0
138,27,DL,0,0,0,0
138,27,UL,0,0,0,0
138,28,DL,0,0,0,0
138,28,UL,0,0,0,0
138,29,DL,0,0,0,0
138,29,UL,0,0,0,0
138,30,DL,0,0,0,0
138,30,UL,0,0,0,0
138,31,DL,0,0,0,0
138,31,UL,0,0,0,0
138,32,DL,0,0,0,0
138,32,UL,0,0,0,0
138,33,DL,0,0,0,0
138,33,UL,0,0,0,0
138,34,DL,0,0,0,0
138,34,UL,0,0,0,0
138,35,DL,0,0,0,0
138,35,UL,0,0,0,0
138,36,DL,0,0,0,0
138,36,UL,0,0,0,0
138,37,DL,0,0,0,0
138,37,UL,0,0,0,0
138,38,DL,0,0,0,0
138,38,UL,0,0,0,0
138,39,DL,0.0171357,0.0216071,0.00784302,4
138,39,UL,0,0,0,0
138,40,DL,0,0,0,0
138,40,UL,0,0,0,0
138,41,DL,0,0,0,0
138,41,UL,0,0,0,0
138,42,DL,0,0,0,0
138,42,UL,0,0,0,0
138,43,DL,0,0,0,0
138,43,UL,0,0,0,0
138,44,DL,0,0,0,0
138,44,UL,0,0,0,0
138,45,DL,0,0,0,0
138,45,UL,0,0,0,0
138,46,DL,0,0,0,0
138,46,UL,0,0,0,0
138,47,DL,0,0,0,0
138,47,UL,0,0,0,0
138,48,DL,0,0,0,0
138,48,UL,0,0,0,0
138,49,DL,0,0,0,0
138,49,UL,0,0,0,0
138,50,DL,0,0,0,0
138,50,UL,0,0,0,0
138,51,DL,0,0,0,0
138,51,UL,0,0,0,0
138,52,DL,0,0,0,0
138,52,UL,0,0,0,0
138,53,DL,0,0,0,0
138,53,UL,0,0,0,0
138,54,DL,0,0,0,0
138,54,UL,0,0,0,0
138,55,DL,0,0,0,0
138,55,UL,0,0,0,0
138,56,DL,0,0,0,0
138,56,UL,0,0,0,0
138,57,DL,0,0,0,0
138,57,UL,0,0,0,0
138,58,DL,0,0,0,0
138,58,UL,0,0,0,0
138,59,DL,0,0,0,0
138,59,UL,0,0,0,0
138,60,DL,0,0,0,0
138,60,UL,0,0,0,0
138,61,DL,0,0,0,0
138,61,UL,0,0,0,0
138,62,DL,0,0,0,0
138,62,UL,0,0,0,0
138,63,DL,0,0,0,0
138,63,UL,0,0,0,0
138,64,DL,0,0,0,0
138,64,UL,0,0,0,0
138,65,DL,0,0,0,0
138,65,UL,0,0,0,0
138,66,DL,0,0,0,0
138,66,UL,0,0,0,0
138,67,DL,0,0,0,0
138,67,UL,0,0,0,0
138,68,DL,0,0,0,0
138,68,UL,0,0,0,0
138,69,DL,0,0,0,0
138,69,UL,0,0,0,0
138,70,DL,0,0,0,0
138,70,UL,0,0,0,0
138,71,DL,0,0,0,0
138,71,UL,0,0,0,0
138,72,DL,0,0,0,0
138,72,UL,0,0,0,0
138,73,DL,0,0,0,0
138,73,UL,0,0,0,0
138,74,DL,0,0,0,0
138,74,UL,0,0,0,0
138,75,DL,0,0,0,0
138,75,UL,0,0,0,0
138,76,DL,0,0,0,0
138,76,UL,0,0,0,0
138,77,DL,0,0,0,0
138,77,UL,0,0,0,0
138,78,DL,0,0,0,0
138,78,UL,0,0,0,0
138,79,DL,0,0,0,0
138,79,UL,0,0,0,0
140,0,DL,0,0,0,0
140,0,UL,0,0,0,0
140,1,DL,0,0,0,0
140,1,UL,0,0,0,0
140,2,DL,0,0,0,0
140,2,UL,0,0,0,0
140,3,DL,0,0,0,0
140,3,UL,0,0,0,0
140,4,DL,0,0,0,0
140,4,UL,0,0,0,0
140,5,DL,0,0,0,0
140,5,UL,0,0,0,0
140,6,DL,0,0,0,0
140,6,UL,0,0,0,0
140,7,DL,0,0,0,0
140,7,UL,0,0,0,0
140,8,DL,0,0,0,0
140,8,UL,0,0,0,0
140,9,DL,0,0,0,0
140,9,UL,0,0,0,0
140,10,DL,0,0,0,0
140,10,UL,0,0,0,0
140,11,DL,0,0,0,0
140,11,UL,0,0,0,0
140,12,DL,0,0,0,0
140,12,UL,0,0,0,0
140,13,DL,0,0,0,0
140,13,UL,0,0,0,0
140,14,DL,0,0,0,0
140,14,UL,0,0,0,0
140,15,DL,0,0,0,0
140,15,UL,0,0,0,0
140,16,DL,0,0,0,0
140,16,UL,0,0,0,0
140,17,DL,0,0,0,0
140,17,UL,0,0,0,0
140,18,DL,0,0,0,0
140,18,UL,0,0,0,0
140,19,DL,0,0,0,0
140,19,UL,0,0,0,0
140,20,DL,0,0,0,0
140,20,UL,0,0,0,0
140,21,DL,0,0,0,0
140,21,UL,0,0,0,0
140,22,DL,0,0,0,0
140,22,UL,0,0,0,0
140,23,DL,0,0,0,0
140,23,UL,0,0,0,0
140,24,DL,0,0,0,0
140,24,UL,0,0,0,0
140,25,DL,0,0,0,0
140,25,UL,0,0,0,0
140,26,DL,0,0,0,0
140,26,UL,0,0,0,0
140,27,DL,0,0,0,0
140,27,UL,0,0,0,0
140,28,DL,0,0,0,0
140,28,UL,0,0,0,0
140,29,DL,0,0,0,0
140,29,UL,0,0,0,0
140,30,DL,0,0,0,0
140,30,UL,0,0,0,0
140,31,DL,0.0253143,0.0112619,0.0117645,6
140,31,UL,0,0,0,0
140,32,DL,0,0,0,0
140,32,UL,0,0,0,0
140,33,DL,0,0,0,0
140,33,UL,0,0,0,0
140,34,DL,0,0,0,0
140,34,UL,0,0,0,0
140,35,DL,0,0,0,0
140,35,UL,0,0,0,0
140,36,DL,0,0,0,0
140,36,UL,0,0,0,0
140,37,DL,0,0,0,0
140,37,UL,0,0,0,0
140,38,DL,0,0,0,0
140,38,UL,0,0,0,0
140,39,DL,0,0,0,0
140,39,UL,0,0,0,0
140,40,DL,0,0,0,0
140,40,UL,0,0,0,0
140,41,DL,0,0,0,0
140,41,UL,0,0,0,0
140,42,DL,0,0,0,0
140,42,UL,0,0,0,0
140,43,DL,0,0,0,0
140,43,UL,0,0,0,0
140,44,DL,0,0,0,0
140,44,UL,0,0,0,0
140,45,DL,0,0,0,0
140,45,UL,0,0,0,0
140,46,DL,0,0,0,0
140,46,UL,0,0,0,0
140,47,DL,0,0,0,0
140,47,UL,0,0,0,0
140,48,DL,0,0,0,0
140,48,UL,0,0,0,0
140,49,DL,0,0,0,0
140,49,UL,0,0,0,0
140,50,DL,0,0,0,0
140,50,UL,0,0,0,0
140,51,DL,0,0,0,0
140,51,UL,0,0,0,0
140,52,DL,0,0,0,0
140,52,UL,0,0,0,0
140,53,DL,0,0,0,0
140,53,UL,0,0,0,0
140,54,DL,0,0,0,0
140,54,UL,0,0,0,0
140,55,DL,0,0,0,0
140,55,UL,0,0,0,0
140,56,DL,0,0,0,0
140,56,UL,0,0,0,0
140,57,DL,0,0,0,0
140,57,UL,0,0,0,0
140,58,DL,0,0,0,0
140,58,UL,0,0,0,0
140,59,DL,0,0,0,0
140,59,UL,0,0,0,0
140,60,DL,0,0,0,0
140,60,UL,0,0,0,0
140,61,DL,0,0,0,0
140,61,UL,0,0,0,0
140,62,DL,0,0,0,0
140,62,UL,0,0,0,0
140,63,DL,0,0,0,0
140,63,UL,0,0,0,0
140,64,DL,0,0,0,0
140,64,UL,0,0,0,0
140,65,DL,0,0,0,0
140,65,UL,0,0,0,0
140,66,DL,0,0,0,0
140,66,UL,0,0,0,0
140,67,DL,0,0,0,0
140,67,UL,0,0,0,0
140,68,DL,0,0,0,0
140,68,UL,0,0,0,0
140,69,DL,0,0,0,0
140,69,UL,0,0,0,0
140,70,DL,0,0,0,0
140,70,UL,0,0,0,0
140,71,DL,0,0,0,0
140,71,UL,0,0,0,0
140,72,DL,0,0,0,0
140,72,UL,0,0,0,0
140,73,DL,0,0,0,0
140,73,UL,0,0,0,0
140,74,DL,0,0,0,0
140,74,UL,0,0,0,0
140,75,DL,0,0,0,0
140,75,UL,0,0,0,0
140,76,DL,0,0,0,0
140,76,UL,0,0,0,0
140,77,DL,0,0,0,0
140,77,UL,0,0,0,0
140,78,DL,0,0,0,0
140,78,UL,0,0,0,0
140,79,DL,0.0639333,0.0798333,0.0235291,12
140,79,UL,0,0,0,0
142,0,DL,0,0,0,0
142,0,UL,0,0,0,0
142,1,DL,0,0,0,0
142,1,UL,0,0,0,0
142,2,DL,0,0,0,0
142,2,UL,0,0,0,0
142,3,DL,0,0,0,0
142,3,UL,0,0,0,0
142,4,DL,0,0,0,0
142,4,UL,0,0,0,0
142,5,DL,0,0,0,0
142,5,UL,0,0,0,0
142,6,DL,0,0,0,0
142,6,UL,0,0,0,0
142,7,DL,0,0,0,0
142,7,UL,0,0,0,0
142,8,DL,0,0,0,0
142,8,UL,0,0,0,0
142,9,DL,0,0,0,0
142,9,UL,0,0,0,0
142,10,DL,0,0,0,0
142,10,UL,0,0,0,0
142,11,DL,0,0,0,0
142,11,UL,0,0,0,0
142,12,DL,0,0,0,0
142,12,UL,0,0,0,0
142,13,DL,0,0,0,0
142,13,UL,0,0,0,0
142,14,DL,0,0,0,0
142,14,UL,0,0,0,0
142,15,DL,0,0,0,0
142,15,UL,0,0,0,0
142,16,DL,0,0,0,0
142,16,UL,0,0,0,0
142,17,DL,0,0,0,0
142,17,UL,0,0,0,0
142,18,DL,0,0,0,0
142,18,UL,0,0,0,0
142,19,DL,0,0,0,0
142,19,UL,0,0,0,0
142,20,DL,0,0,0,0
142,20,UL,0,0,0,0
142,21,DL,0,0,0,0
142,21,UL,0,0,0,0
142,22,DL,0,0,0,0
142,22,UL,0,0,0,0
142,23,DL,0,0,0,0
142,23,UL,0,0,0,0
142,24,DL,0,0,0,0
142,24,UL,0,0,0,0
142,25,DL,0,0,0,0
142,25,UL,0,0,0,0
142,26,DL,0,0,0,0
142,26,UL,0,0,0,0
142,27,DL,0,0,0,0
142,27,UL,0,0,0,0
142,28,DL,0,0,0,0
142,28,UL,0,0,0,0
142,29,DL,0,0,0,0
142,29,UL,0,0,0,0
142,30,DL,0,0,0,0
142,30,UL,0,0,0,0
142,31,DL,0,0,0,0
142,31,UL,0,0,0,0
142,32,DL,0,0,0,0
142,32,UL,0,0,0,0
142,33,DL,0,0,0,0
142,33,UL,0,0,0,0
142,34,DL,0,0,0,0
142,34,UL,0,0,0,0
142,35,DL,0,0,0,0
142,35,UL,0,0,0,0
142,36,DL,0,0,0,0
142,36,UL,0,0,0,0
142,37,DL,0,0,0,0
142,37,UL,0,0,0,0
142,38,DL,0,0,0,0
142,38,UL,0,0,0,0
142,39,DL,0,0,0,0
142,39,UL,0,0,0,0
142,40,DL,0,0,0,0
142,40,UL,0,0,0,0
142,41,DL,0,0,0,0
142,41,UL,0,0,0,0
142,42,DL,0,0,0,0
142,42,UL,0,0,0,0
142,43,DL,0,0,0,0
142,43,UL,0,0,0,0
142,44,DL,0,0,0,0
142,44,UL,0,0,0,0
142,45,DL,0,0,0,0
142,45,UL,0,0,0,0
142,46,DL,0,0,0,0
142,46,UL,0,0,0,0
142,47,DL,0,0,0,0
142,47,UL,0,0,0,0
142,48,DL,0,0,0,0
142,48,UL,0,0,0,0
142,49,DL,0,0,0,0
142,49,UL,0,0,0,0
142,50,DL,0,0,0,0
142,50,UL,0,0,0,0
142,51,DL,0,0,0,0
142,51,UL,0,0,0,0
142,52,DL,0,0,0,0
142,52,UL,0,0,0,0
142,53,DL,0,0,0,0
142,53,UL,0,0,0,0
142,54,DL,0,0,0,0
142,54,UL,0,0,0,0
142,55,DL,0,0,0,0
142,55,UL,0,0,0,0
142,56,DL,0,0,0,0
142,56,UL,0,0,0,0
142,57,DL,0,0,0,0
142,57,UL,0,0,0,0
142,58,DL,0,0,0,0
142,58,UL,0,0,0,0
142,59,DL,0,0,0,0
142,59,UL,0,0,0,0
142,60,DL,0,0,0,0
142,60,UL,0,0,0,0
142,61,DL,0,0,0,0
142,61,UL,0,0,0,0
142,62,DL,0,0,0,0
142,62,UL,0,0,0,0
142,63,DL,0,0,0,0
142,63,UL,0,0,0,0
142,64,DL,0,0,0,0
142,64,UL,0,0,0,0
142,65,DL,0,0,0,0
142,65,UL,0,0,0,0
142,66,DL,0,0,0,0
142,66,UL,0,0,0,0
142,67,DL,0,0,0,0
142,67,UL,0,0,0,0
142,68,DL,0.0141,0.01,0.00784302,4
142,68,UL,0,0,0,0
142,69,DL,0,0,0,0
142,69,UL,0,0,0,0
142,70,DL,0,0,0,0
142,70,UL,0,0,0,0
142,71,DL,0,0,0,0
142,71,UL,0,0,0,0
142,72,DL,0,0,0,0
142,72,UL,0,0,0,0
142,73,DL,0,0,0,0
142,73,UL,0,0,0,0
142,74,DL,0,0,0,0
142,74,UL,0,0,0,0
142,75,DL,0,0,0,0
142,75,UL,0,0,0,0
142,76,DL,0,0,0,0
142,76,UL,0,0,0,0
142,77,DL,0,0,0,0
142,77,UL,0,0,0,0
142,78,DL,0,0,0,0
142,78,UL,0,0,0,0
142,79,DL,0,0,0,0
142,79,UL,0,0,0,0
144,0,DL,0,0,0,0
144,0,UL,0,0,0,0
144,1,DL,0,0,0,0
144,1,UL,0,0,0,0
144,2,DL,0,0,0,0
144,2,UL,0,0,0,0
144,3,DL,0,0,0,0
144,3,UL,0,0,0,0
144,4,DL,0,0,0,0
144,4,UL,0,0,0,0
144,5,DL,0,0,0,0
144,5,UL,0,0,0,0
144,6,DL,0,0,0,0
144,6,UL,0,0,0,0
144,7,DL,0,0,0,0
144,7,UL,0,0,0,0
144,8,DL,0,0,0,0
144,8,UL,0,0,0,0
144,9,DL,0,0,0,0
144,9,UL,0,0,0,0
144,10,DL,0,0,0,0
144,10,UL,0,0,0,0
144,11,DL,0,0,0,0
144,11,UL,0,0,0,0
144,12,DL,0,0,0,0
144,12,UL,0,0,0,0
144,13,DL,0,0,0,0
144,13,UL,0,0,0,0
144,14,DL,0,0,0,0
144,14,UL,0,0,0,0
144,15,DL,0,0,0,0
144,15,UL,0,0,0,0
144,16,DL,0,0,0,0
144,16,UL,0,0,0,0
144,17,DL,0,0,0,0
144,17,UL,0,0,0,0
144,18,DL,0,0,0,0
144,18,UL,0,0,0,0
144,19,DL,0,0,0,0
144,19,UL,0,0,0,0
144,20,DL,0,0,0,0
144,20,UL,0,0,0,0
144,21,DL,0,0,0,0
144,21,UL,0,0,0,0
144,22,DL,0,0,0,0
144,22,UL,0,0,0,0
144,23,DL,0,0,0,0
144,23,UL,0,0,0,0
144,24,DL,0,0,0,0
144,24,UL,0,0,0,0
144,25,DL,0,0,0,0
144,25,UL,0,0,0,0
144,26,DL,0,0,0,0
144,26,UL,0,0,0,0
144,27,DL,0,0,0,0
144,27,UL,0,0,0,0
144,28,DL,0,0,0,0
144,28,UL,0,0,0,0
144,29,DL,0,0,0,0
144,29,UL,0,0,0,0
144,30,DL,0,0,0,0
144,30,UL,0,0,0,0
144,31,DL,0,0,0,0
144,31,UL,0,0,0,0
144,32,DL,0,0,0,0
144,32,UL,0,0,0,0
144,33,DL,0,0,0,0
144,33,UL,0,0,0,0
144,34,DL,0,0,0,0
144,34,UL,0,0,0,0
144,35,DL,0,0,0,0
144,35,UL,0,0,0,0
144,36,DL,0,0,0,0
144,36,UL,0,0,0,0
144,37,DL,0,0,0,0
144,37,UL,0,0,0,0
144,38,DL,0,0,0,0
144,38,UL,0,0,0,0
144,39,DL,0,0,0,0
144,39,UL,0,0,0,0
144,40,DL,0,0,0,0
144,40,UL,0,0,0,0
144,41,DL,0,0,0,0
144,41,UL,0,0,0,0
144,42,DL,0,0,0,0
144,42,UL,0,0,0,0
144,43,DL,0,0,0,0
144,43,UL,0,0,0,0
144,44,DL,0,0,0,0
144,44,UL,0,0,0,0
144,45,DL,0,0,0,0
144,45,UL,0,0,0,0
144,46,DL,0,0,0,0
144,46,UL,0,0,0,0
144,47,DL,0,0,0,0
144,47,UL,0,0,0,0
144,48,DL,0,0,0,0
144,48,UL,0,0,0,0
144,49,DL,0,0,0,0
144,49,UL,0,0,0,0
144,50,DL,0,0,0,0
144,50,UL,0,0,0,0
144,51,DL,0,0,0,0
144,51,UL,0,0,0,0
144,52,DL,0,0,0,0
144,52,UL,0,0,0,0
144,53,DL,0,0,0,0
144,53,UL,0,0,0,0
144,54,DL,0,0,0,0
144,54,UL,0,0,0,0
144,55,DL,0,0,0,0
144,55,UL,0,0,0,0
144,56,DL,0,0,0,0
144,56,UL,0,0,0,0
144,57,DL,0,0,0,0
144,57,UL,0,0,0,0
144,58,DL,0,0,0,0
144,58,UL,0,0,0,0
144,59,DL,0,0,0,0
144,59,UL,0,0,0,0
144,60,DL,0,0,0,0
144,60,UL,0,0,0,0
144,61,DL,0,0,0,0
144,61,UL,0,0,0,0
144,62,DL,0,0,0,0
144,62,UL,0,0,0,0
144,63,DL,0,0,0,0
144,63,UL,0,0,0,0
144,64,DL,0,0,0,0
144,64,UL,0,0,0,0
144,65,DL,0,0,0,0
144,65,UL,0,0,0,0
144,66,DL,0,0,0,0
144,66,UL,0,0,0,0
144,67,DL,0,0,0,0
144,67,UL,0,0,0,0
144,68,DL,0,0,0,0
144,68,UL,0,0,0,0
144,69,DL,0,0,0,0
144,69,UL,0,0,0,0
144,70,DL,0,0,0,0
144,70,UL,0,0,0,0
144,71,DL,0,0,0,0
144,71,UL,0,0,0,0
144,72,DL,0,0,0,0
144,72,UL,0,0,0,0
144,73,DL,0,0,0,0
144,73,UL,0,0,0,0
144,74,DL,0,0,0,0
144,74,UL,0,0,0,0
144,75,DL,0,0,0,0
144,75,UL,0,0,0,0
144,76,DL,0,0,0,0
144,76,UL,0,0,0,0
144,77,DL,0,0,0,0
144,77,UL,0,0,0,0
144,78,DL,0,0,0,0
144,78,UL,0,0,0,0
144,79,DL,0,0,0,0
144,79,UL,0,0,0,0
146,0,DL,0,0,0,0
146,0,UL,0,0,0,0
146,1,DL,0,0,0,0
146,1,UL,0,0,0,0
146,2,DL,0,0,0,0
146,2,UL,0,0,0,0
146,3,DL,0,0,0,0
146,3,UL,0,0,0,0
146,4,DL,0,0,0,0
146,4,UL,0,0,0,0
146,5,DL,0,0,0,0
146,5,UL,0,0,0,0
146,6,DL,0,0,0,0
146,6,UL,0,0,0,0
146,7,DL,0,0,0,0
146,7,UL,0,0,0,0
146,8,DL,0,0,0,0
146,8,UL,0,0,0,0
146,9,DL,0,0,0,0
146,9,UL,0,0,0,0
146,10,DL,0,0,0,0
146,10,UL,0,0,0,0
146,11,DL,0,0,0,0
146,11,UL,0,0,0,0
146,12,DL,0,0,0,0
146,12,UL,0,0,0,0
146,13,DL,0,0,0,0
146,13,UL,0,0,0,0
146,14,DL,0,0,0,0
146,14,UL,0,0,0,0
146,15,DL,0,0,0,0
146,15,UL,0,0,0,0
146,16,DL,0,0,0,0
146,16,UL,0,0,0,0
146,17,DL,0,0,0,0
146,17,UL,0,0,0,0
146,18,DL,0,0,0,0
146,18,UL,0,0,0,0
146,19,DL,0,0,0,0
146,19,UL,0,0,0,0
146,20,DL,0,0,0,0
146,20,UL,0,0,0,0
146,21,DL,0,0,0,0
146,21,UL,0,0,0,0
146,22,DL,0,0,0,0
146,22,UL,0,0,0,0
146,23,DL,0,0,0,0
146,23,UL,0,0,0,0
146,24,DL,0,0,0,0
146,24,UL,0,0,0,0
146,25,DL,0,0,0,0
146,25,UL,0,0,0,0
146,26,DL,0,0,0,0
146,26,UL,0,0,0,0
146,27,DL,0,0,0,0
146,27,UL,0,0,0,0
146,28,DL,0,0,0,0
146,28,UL,0,0,0,0
146,29,DL,0,0,0,0
146,29,UL,0,0,0,0
146,30,DL,0,0,0,0
146,30,UL,0,0,0,0
146,31,DL,0,0,0,0
146,31,UL,0,0,0,0
146,32,DL,0,0,0,0
146,32,UL,0,0,0,0
146,33,DL,0,0,0,0
146,33,UL,0,0,0,0
146,34,DL,0,0,0,0
146,34,UL,0,0,0,0
146,35,DL,0,0,0,0
146,35,UL,0,0,0,0
146,36,DL,0,0,0,0
146,36,UL,0,0,0,0
146,37,DL,0,0,0,0
146,37,UL,0,0,0,0
146,38,DL,0,0,0,0
146,38,UL,0,0,0,0
146,39,DL,0,0,0,0
146,39,UL,0,0,0,0
146,40,DL,0,0,0,0
146,40,UL,0,0,0,0
146,41,DL,0,0,0,0
146,41,UL,0,0,0,0
146,42,DL,0,0,0,0
146,42,UL,0,0,0,0
146,43,DL,0,0,0,0
146,43,UL,0,0,0,0
146,44,DL,0,0,0,0
146,44,UL,0,0,0,0
146,45,DL,0,0,0,0
146,45,UL,0,0,0,0
146,46,DL,0,0,0,0
146,46,UL,0,0,0,0
146,47,DL,0,0,0,0
146,47,UL,0,0,0,0
146,48,DL,0,0,0,0
146,48,UL,0,0,0,0
146,49,DL,0,0,0,0
146,49,UL,0,0,0,0
146,50,DL,0,0,0,0
146,50,UL,0,0,0,0
146,51,DL,0,0,0,0
146,51,UL,0,0,0,0
146,52,DL,0,0,0,0
146,52,UL,0,0,0,0
146,53,DL,0,0,0,0
146,53,UL,0,0,0,0
146,54,DL,0,0,0,0
146,54,UL,0,0,0,0
146,55,DL,0,0,0,0
146,55,UL,0,0,0,0
146,56,DL,0,0,0,0
146,56,UL,0,0,0,0
146,57,DL,0.0241,0,0.00392151,2
146,57,UL,0,0,0,0
146,58,DL,0,0,0,0
146,58,UL,0,0,0,0
146,59,DL,0,0,0,0
146,59,UL,0,0,0,0
146,60,DL,0,0,0,0
146,60,UL,0,0,0,0
146,61,DL,0,0,0,0
146,61,UL,0,0,0,0
146,62,DL,0,0,0,0
146,62,UL,0,0,0,0
146,63,DL,0,0,0,0
146,63,UL,0,0,0,0
146,64,DL,0,0,0,0
146,64,UL,0,0,0,0
146,65,DL,0,0,0,0
146,65,UL,0,0,0,0
146,66,DL,0,0,0,0
146,66,UL,0,0,0,0
146,67,DL,0,0,0,0
146,67,UL,0,0,0,0
146,68,DL,0,0,0,0
146,68,UL,0,0,0,0
146,69,DL,0,0,0,0
146,69,UL,0,0,0,0
146,70,DL,0,0,0,0
146,70,UL,0,0,0,0
146,71,DL,0,0,0,0
146,71,UL,0,0,0,0
146,72,DL,0,0,0,0
146,72,UL,0,0,0,0
146,73,DL,0,0,0,0
146,73,UL,0,0,0,0
146,74,DL,0,0,0,0
146,74,UL,0,0,0,0
146,75,DL,0,0,0,0
146,75,UL,0,0,0,0
146,76,DL,0,0,0,0
146,76,UL,0,0,0,0
146,77,DL,0,0,0,0
146,77,UL,0,0,0,0
146,78,DL,0,0,0,0
146,78,UL,0,0,0,0
146,79,DL,0,0,0,0
146,79,UL,0,0,0,0
148,0,DL,0,0,0,0
148,0,UL,0,0,0,0
148,1,DL,0,0,0,0
148,1,UL,0,0,0,0
148,2,DL,0,0,0,0
148,2,UL,0,0,0,0
148,3,DL,0,0,0,0
148,3,UL,0,0,0,0
148,4,DL,0,0,0,0
148,4,UL,0,0,0,0
148,5,DL,0,0,0,0
148,5,UL,0,0,0,0
148,6,DL,0,0,0,0
148,6,UL,0,0,0,0
148,7,DL,0,0,0,0
148,7,UL,0,0,0,0
148,8,DL,0,0,0,0
148,8,UL,0,0,0,0
148,9,DL,0,0,0,0
148,9,UL,0,0,0,0
148,10,DL,0,0,0,0
148,10,UL,0,0,0,0
148,11,DL,0,0,0,0
148,11,UL,0,0,0,0
148,12,DL,0,0,0,0
148,12,UL,0,0,0,0
148,13,DL,0,0,0,0
148,13,UL,0,0,0,0
148,14,DL,0.0181,0.01275,0.015686,8
148,14,UL,0,0,0,0
148,15,DL,0,0,0,0
148,15,UL,0,0,0,0
148,16,DL,0,0,0,0
148,16,UL,0,0,0,0
148,17,DL,0,0,0,0
148,17,UL,0,0,0,0
148,18,DL,0,0,0,0
148,18,UL,0,0,0,0
148,19,DL,0,0,0,0
148,19,UL,0,0,0,0
148,20,DL,0,0,0,0
148,20,UL,0,0,0,0
148,21,DL,0,0,0,0
148,21,UL,0,0,0,0
148,22,DL,0,0,0,0
148,22,UL,0,0,0,0
148,23,DL,0,0,0,0
148,23,UL,0,0,0,0
148,24,DL,0,0,0,0
148,24,UL,0,0,0,0
148,25,DL,0,0,0,0
148,25,UL,0,0,0,0
148,26,DL,0,0,0,0
148,26,UL,0,0,0,0
148,27,DL,0,0,0,0
148,27,UL,0,0,0,0
148,28,DL,0,0,0,0
148,28,UL,0,0,0,0
148,29,DL,0,0,0,0
148,29,UL,0,0,0,0
148,30,DL,0,0,0,0
148,30,UL,0,0,0,0
148,31,DL,0,0,0,0
148,31,UL,0,0,0,0
148,32,DL,0,0,0,0
148,32,UL,0,0,0,0
148,33,DL,0,0,0,0
148,33,UL,0,0,0,0
148,34,DL,0,0,0,0
148,34,UL,0,0,0,0
148,35,DL,0,0,0,0
148,35,UL,0,0,0,0
148,36,DL,0.0251,0,0.00392151,2
148,36,UL,0,0,0,0
148,37,DL,0,0,0,0
148,37,UL,0,0,0,0
148,38,DL,0,0,0,0
148,38,UL,0,0,0,0
148,39,DL,0,0,0,0
148,39,UL,0,0,0,0
148,40,DL,0,0,0,0
148,40,UL,0,0,0,0
148,41,DL,0,0,0,0
148,41,UL,0,0,0,0
148,42,DL,0,0,0,0
148,42,UL,0,0,0,0
148,43,DL,0,0,0,0
148,43,UL,0,0,0,0
148,44,DL,0,0,0,0
148,44,UL,0,0,0,0
148,45,DL,0,0,0,0
148,45,UL,0,0,0,0
148,46,DL,0,0,0,0
148,46,UL,0,0,0,0
148,47,DL,0,0,0,0
148,47,UL,0,0,0,0
148,48,DL,0,0,0,0
148,48,UL,0,0,0,0
148,49,DL,0,0,0,0
148,49,UL,0,0,0,0
148,50,DL,0,0,0,0
148,50,UL,0,0,0,0
148,51,DL,0,0,0,0
148,51,UL,0,0,0,0
148,52,DL,0,0,0,0
148,52,UL,0,0,0,0
148,53,DL,0,0,0,0
148,53,UL,0,0,0,0
148,54,DL,0,0,0,0
148,54,UL,0,0,0,0
148,55,DL,0,0,0,0
148,55,UL,0,0,0,0
148,56,DL,0,0,0,0
148,56,UL,0,0,0,0
148,57,DL,0,0,0,0
148,57,UL,0,0,0,0
148,58,DL,0,0,0,0
148,58,UL,0,0,0,0
148,59,DL,0,0,0,0
148,59,UL,0,0,0,0
148,60,DL,0,0,0,0
148,60,UL,0,0,0,0
148,61,DL,0,0,0,0
148,61,UL,0,0,0,0
148,62,DL,0,0,0,0
148,62,UL,0,0,0,0
148,63,DL,0,0,0,0
148,63,UL,0,0,0,0
148,64,DL,0,0,0,0
148,64,UL,0,0,0,0
148,65,DL,0,0,0,0
148,65,UL,0,0,0,0
148,66,DL,0,0,0,0
148,66,UL,0,0,0,0
148,67,DL,0,0,0,0
148,67,UL,0,0,0,0
148,68,DL,0,0,0,0
148,68,UL,0,0,0,0
148,69,DL,0,0,0,0
148,69,UL,0,0,0,0
148,70,DL,0,0,0,0
148,70,UL,0,0,0,0
148,71,DL,0,0,0,0
148,71,UL,0,0,0,0
148,72,DL,0,0,0,0
148,72,UL,0,0,0,0
148,73,DL,0,0,0,0
148,73,UL,0,0,0,0
148,74,DL,0,0,0,0
148,74,UL,0,0,0,0
148,75,DL,0,0,0,0
148,75,UL,0,0,0,0
148,76,DL,0,0,0,0
148,76,UL,0,0,0,0
148,77,DL,0,0,0,0
148,77,UL,0,0,0,0
148,78,DL,0,0,0,0
148,78,UL,0,0,0,0
148,79,DL,0,0,0,0
148,79,UL,0,0,0,0
150,0,DL,0,0,0,0
150,0,UL,0,0,0,0
150,1,DL,0,0,0,0
150,1,UL,0,0,0,0
150,2,DL,0,0,0,0
150,2,UL,0,0,0,0
150,3,DL,0,0,0,0
150,3,UL,0,0,0,0
150,4,DL,0,0,0,0
150,4,UL,0,0,0,0
150,5,DL,0,0,0,0
150,5,UL,0,0,0,0
150,6,DL,0,0,0,0
150,6,UL,0,0,0,0
150,7,DL,0,0,0,0
150,7,UL,0,0,0,0
150,8,DL,0,0,0,0
150,8,UL,0,0,0,0
150,9,DL,0,0,0,0
150,9,UL,0,0,0,0
150,10,DL,0,0,0,0
150,10,UL,0,0,0,0
150,11,DL,0,0,0,0
150,11,UL,0,0,0,0
150,12,DL,0,0,0,0
150,12,UL,0,0,0,0
150,13,DL,0,0,0,0
150,13,UL,0,0,0,0
150,14,DL,0,0,0,0
150,14,UL,0,0,0,0
150,15,DL,0,0,0,0
150,15,UL,0,0,0,0
150,16,DL,0,0,0,0
150,16,UL,0,0,0,0
150,17,DL,0,0,0,0
150,17,UL,0,0,0,0
150,18,DL,0,0,0,0
150,18,UL,0,0,0,0
150,19,DL,0,0,0,0
150,19,UL,0,0,0,0
150,20,DL,0,0,0,0
150,20,UL,0,0,0,0
150,21,DL,0,0,0,0
150,21,UL,0,0,0,0
150,22,DL,0,0,0,0
150,22,UL,0,0,0,0
150,23,DL,0,0,0,0
150,23,UL,0,0,0,0
150,24,DL,0,0,0,0
150,24,UL,0,0,0,0
150,25,DL,0,0,0,0
150,25,UL,0,0,0,0
150,26,DL,0,0,0,0
150,26,UL,0,0,0,0
150,27,DL,0,0,0,0
150,27,UL,0,0,0,0
150,28,DL,0,0,0,0
150,28,UL,0,0,0,0
150,29,DL,0,0,0,0
150,29,UL,0,0,0,0
150,30,DL,0,0,0,0
150,30,UL,0,0,0,0
150,31,DL,0,0,0,0
150,31,UL,0,0,0,0
150,32,DL,0,0,0,0
150,32,UL,0,0,0,0
150,33,DL,0,0,0,0
150,33,UL,0,0,0,0
150,34,DL,0,0,0,0
150,34,UL,0,0,0,0
150,35,DL,0,0,0,0
150,35,UL,0,0,0,0
150,36,DL,0,0,0,0
150,36,UL,0,0,0,0
150,37,DL,0,0,0,0
150,37,UL,0,0,0,0
150,38,DL,0,0,0,0
150,38,UL,0,0,0,0
150,39,DL,0,0,0,0
150,39,UL,0,0,0,0
150,40,DL,0,0,0,0
150,40,UL,0,0,0,0
150,41,DL,0,0,0,0
150,41,UL,0,0,0,0
150,42,DL,0,0,0,0
150,42,UL,0,0,0,0
150,43,DL,0,0,0,0
150,43,UL,0,0,0,0
150,44,DL,0,0,0,0
150,44,UL,0,0,0,0
150,45,DL,0,0,0,0
150,45,UL,0,0,0,0
150,46,DL,0,0,0,0
150,46,UL,0,0,0,0
150,47,DL,0,0,0,0
150,47,UL,0,0,0,0
150,48,DL,0,0,0,0
150,48,UL,0,0,0,0
150,49,DL,0,0,0,0
150,49,UL,0,0,0,0
150,50,DL,0,0,0,0
150,50,UL,0,0,0,0
150,51,DL,0,0,0,0
150,51,UL,0,0,0,0
150,52,DL,0,0,0,0
150,52,UL,0,0,0,0
150,53,DL,0,0,0,0
150,53,UL,0,0,0,0
150,54,DL,0,0,0,0
150,54,UL,0,0,0,0
150,55,DL,0,0,0,0
150,55,UL,0,0,0,0
150,56,DL,0,0,0,0
150,56,UL,0,0,0,0
150,57,DL,0,0,0,0
150,57,UL,0,0,0,0
150,58,DL,0,0,0,0
150,58,UL,0,0,0,0
150,59,DL,0,0,0,0
150,59,UL,0,0,0,0
150,60,DL,0,0,0,0
150,60,UL,0,0,0,0
150,61,DL,0,0,0,0
150,61,UL,0,0,0,0
150,62,DL,0,0,0,0
150,62,UL,0,0,0,0
150,63,DL,0,0,0,0
150,63,UL,0,0,0,0
150,64,DL,0,0,0,0
150,64,UL,0,0,0,0
150,65,DL,0,0,0,0
150,65,UL,0,0,0,0
150,66,DL,0,0,0,0
150,66,UL,0,0,0,0
150,67,DL,0,0,0,0
150,67,UL,0,0,0,0
150,68,DL,0,0,0,0
150,68,UL,0,0,0,0
150,69,DL,0,0,0,0
150,69,UL,0,0,0,0
150,70,DL,0,0,0,0
150,70,UL,0,0,0,0
150,71,DL,0,0,0,0
150,71,UL,0,0,0,0
150,72,DL,0,0,0,0
150,72,UL,0,0,0,0
150,73,DL,0,0,0,0
150,73,UL,0,0,0,0
150,74,DL,0,0,0,0
150,74,UL,0,0,0,0
150,75,DL,0,0,0,0
150,75,UL,0,0,0,0
150,76,DL,0,0,0,0
150,76,UL,0,0,0,0
150,77,DL,0,0,0,0
150,77,UL,0,0,0,0
150,78,DL,0,0,0,0
150,78,UL,0,0,0,0
150,79,DL,0,0,0,0
150,79,UL,0,0,0,0
152,0,DL,0,0,0,0
152,0,UL,0,0,0,0
152,1,DL,0,0,0,0
152,1,UL,0,0,0,0
152,2,DL,0,0,0,0
152,2,UL,0,0,0,0
152,3,DL,0,0,0,0
152,3,UL,0,0,0,0
152,4,DL,0,0,0,0
152,4,UL,0,0,0,0
152,5,DL,0,0,0,0
152,5,UL,0,0,0,0
152,6,DL,0,0,0,0
152,6,UL,0,0,0,0
152,7,DL,0,0,0,0
152,7,UL,0,0,0,0
152,8,DL,0,0,0,0
152,8,UL,0,0,0,0
152,9,DL,0,0,0,0
152,9,UL,0,0,0,0
152,10,DL,0,0,0,0
152,10,UL,0,0,0,0
152,11,DL,0,0,0,0
152,11,UL,0,0,0,0
152,12,DL,0.110088,0.0448226,0.121567,62
152,12,UL,0,0,0,0
152,13,DL,0,0,0,0
152,13,UL,0,0,0,0
152,14,DL,0,0,0,0
152,14,UL,0,0,0,0
152,15,DL,0,0,0,0
152,15,UL,0,0,0,0
152,16,DL,0,0,0,0
152,16,UL,0,0,0,0
152,17,DL,0,0,0,0
152,17,UL,0,0,0,0
152,18,DL,0,0,0,0
152,18,UL,0,0,0,0
152,19,DL,0,0,0,0
152,19,UL,0,0,0,0
152,20,DL,0,0,0,0
152,20,UL,0,0,0,0
152,21,DL,1.4141,0.51,0.0117645,6
152,21,UL,0,0,0,0
152,22,DL,0,0,0,0
152,22,UL,0,0,0,0
152,23,DL,0,0,0,0
152,23,UL,0,0,0,0
152,24,DL,0,0,0,0
152,24,UL,0,0,0,0
152,25,DL,0,0,0,0
152,25,UL,0,0,0,0
152,26,DL,0,0,0,0
152,26,UL,0,0,0,0
152,27,DL,0,0,0,0
152,27,UL,0,0,0,0
152,28,DL,0,0,0,0
152,28,UL,0,0,0,0
152,29,DL,0,0,0,0
152,29,UL,0,0,0,0
152,30,DL,0,0,0,0
152,30,UL,0,0,0,0
152,31,DL,0,0,0,0
152,31,UL,0,0,0,0
152,32,DL,0,0,0,0
152,32,UL,0,0,0,0
152,33,DL,0,0,0,0
152,33,UL,0,0,0,0
152,34,DL,0,0,0,0
152,34,UL,0,0,0,0
152,35,DL,0,0,0,0
152,35,UL,0,0,0,0
152,36,DL,0,0,0,0
152,36,UL,0,0,0,0
152,37,DL,0,0,0,0
152,37,UL,0,0,0,0
152,38,DL,0,0,0,0
152,38,UL,0,0,0,0
152,39,DL,0,0,0,0
152,39,UL,0,0,0,0
152,40,DL,0,0,0,0
152,40,UL,0,0,0,0
152,41,DL,0,0,0,0
152,41,UL,0,0,0,0
152,42,DL,0,0,0,0
152,42,UL,0,0,0,0
152,43,DL,0,0,0,0
152,43,UL,0,0,0,0
152,44,DL,0,0,0,0
152,44,UL,0,0,0,0
152,45,DL,0,0,0,0
152,45,UL,0,0,0,0
152,46,DL,0,0,0,0
152,46,UL,0,0,0,0
152,47,DL,0,0,0,0
152,47,UL,0,0,0,0
152,48,DL,0,0,0,0
152,48,UL,0,0,0,0
152,49,DL,0,0,0,0
152,49,UL,0,0,0,0
152,50,DL,0,0,0,0
152,50,UL,0,0,0,0
152,51,DL,0,0,0,0
152,51,UL,0,0,0,0
152,52,DL,0,0,0,0
152,52,UL,0,0,0,0
152,53,DL,0,0,0,0
152,53,UL,0,0,0,0
152,54,DL,0,0,0,0
152,54,UL,0,0,0,0
152,55,DL,0,0,0,0
152,55,UL,0,0,0,0
152,56,DL,0,0,0,0
152,56,UL,0,0,0,0
152,57,DL,0,0,0,0
152,57,UL,0,0,0,0
152,58,DL,0,0,0,0
152,58,UL,0,0,0,0
152,59,DL,0,0,0,0
152,59,UL,0,0,0,0
152,60,DL,0,0,0,0
152,60,UL,0,0,0,0
152,61,DL,0,0,0,0
152,61,UL,0,0,0,0
152,62,DL,0,0,0,0
152,62,UL,0,0,0,0
152,63,DL,0,0,0,0
152,63,UL,0,0,0,0
152,64,DL,0,0,0,0
152,64,UL,0,0,0,0
152,65,DL,0,0,0,0
152,65,UL,0,0,0,0
152,66,DL,0,0,0,0
152,66,UL,0,0,0,0
152,67,DL,0,0,0,0
152,67,UL,0,0,0,0
152,68,DL,0,0,0,0
152,68,UL,0,0,0,0
152,69,DL,0,0,0,0
152,69,UL,0,0,0,0
152,70,DL,0,0,0,0
152,70,UL,0,0,0,0
152,71,DL,0,0,0,0
152,71,UL,0,0,0,0
152,72,DL,0,0,0,0
152,72,UL,0,0,0,0
152,73,DL,0,0,0,0
152,73,UL,0,0,0,0
152,74,DL,0,0,0,0
152,74,UL,0,0,0,0
152,75,DL,0,0,0,0
152,75,UL,0,0,0,0
152,76,DL,0,0,0,0
152,76,UL,0,0,0,0
152,77,DL,0,0,0,0
152,77,UL,0,0,0,0
152,78,DL,0,0,0,0
152,78,UL,0,0,0,0
152,79,DL,0,0,0,0
152,79,UL,0,0,0,0
154,0,DL,0,0,0,0
154,0,UL,0,0,0,0
154,1,DL,0,0,0,0
154,1,UL,0,0,0,0
154,2,DL,0,0,0,0
154,2,UL,0,0,0,0
154,3,DL,0,0,0,0
154,3,UL,0,0,0,0
154,4,DL,0,0,0,0
154,4,UL,0,0,0,0
154,5,DL,0.0861,0.0665,0.00784302,4
154,5,UL,0,0,0,0
154,6,DL,0,0,0,0
154,6,UL,0,0,0,0
154,7,DL,0,0,0,0
154,7,UL,0,0,0,0
154,8,DL,0,0,0,0
154,8,UL,0,0,0,0
154,9,DL,0,0,0,0
154,9,UL,0,0,0,0
154,10,DL,0,0,0,0
154,10,UL,0,0,0,0
154,11,DL,0,0,0,0
154,11,UL,0,0,0,0
154,12,DL,0.062225,0.0379821,0.015686,8
154,12,UL,0,0,0,0
154,13,DL,0,0,0,0
154,13,UL,0,0,0,0
154,14,DL,0,0,0,0
154,14,UL,0,0,0,0
154,15,DL,0,0,0,0
154,15,UL,0,0,0,0
154,16,DL,0,0,0,0
154,16,UL,0,0,0,0
154,17,DL,0,0,0,0
154,17,UL,0,0,0,0
154,18,DL,0,0,0,0
154,18,UL,0,0,0,0
154,19,DL,0,0,0,0
154,19,UL,0,0,0,0
154,20,DL,0,0,0,0
154,20,UL,0,0,0,0
154,21,DL,0.0259,0.2994,0.0196075,10
154,21,UL,0,0,0,0
154,22,DL,0,0,0,0
154,22,UL,0,0,0,0
154,23,DL,0,0,0,0
154,23,UL,0,0,0,0
154,24,DL,0,0,0,0
154,24,UL,0,0,0,0
154,25,DL,0,0,0,0
154,25,UL,0,0,0,0
154,26,DL,0,0,0,0
154,26,UL,0,0,0,0
154,27,DL,0,0,0,0
154,27,UL,0,0,0,0
154,28,DL,0,0,0,0
154,28,UL,0,0,0,0
154,29,DL,0,0,0,0
154,29,UL,0,0,0,0
154,30,DL,0,0,0,0
154,30,UL,0,0,0,0
154,31,DL,0,0,0,0
154,31,UL,0,0,0,0
154,32,DL,0,0,0,0
154,32,UL,0,0,0,0
154,33,DL,0,0,0,0
154,33,UL,0,0,0,0
154,34,DL,0,0,0,0
154,34,UL,0,0,0,0
154,35,DL,0,0,0,0
154,35,UL,0,0,0,0
154,36,DL,0,0,0,0
154,36,UL,0,0,0,0
154,37,DL,0,0,0,0
154,37,UL,0,0,0,0
154,38,DL,0,0,0,0
154,38,UL,0,0,0,0
154,39,DL,0,0,0,0
154,39,UL,0,0,0,0
154,40,DL,0,0,0,0
154,40,UL,0,0,0,0
154,41,DL,0,0,0,0
154,41,UL,0,0,0,0
154,42,DL,0,0,0,0
154,42,UL,0,0,0,0
154,43,DL,0,0,0,0
154,43,UL,0,0,0,0
154,44,DL,0,0,0,0
154,44,UL,0,0,0,0
154,45,DL,0,0,0,0
154,45,UL,0,0,0,0
154,46,DL,0,0,0,0
154,46,UL,0,0,0,0
154,47,DL,0,0,0,0
154,47,UL,0,0,0,0
154,48,DL,0,0,0,0
154,48,UL,0,0,0,0
154,49,DL,0,0,0,0
154,49,UL,0,0,0,0
154,50,DL,0,0,0,0
154,50,UL,0,0,0,0
154,51,DL,0,0,0,0
154,51,UL,0,0,0,0
154,52,DL,0,0,0,0
154,52,UL,0,0,0,0
154,53,DL,0,0,0,0
154,53,UL,0,0,0,0
154,54,DL,0,0,0,0
154,54,UL,0,0,0,0
154,55,DL,0,0,0,0
154,55,UL,0,0,0,0
154,56,DL,0,0,0,0
154,56,UL,0,0,0,0
154,57,DL,0,0,0,0
154,57,UL,0,0,0,0
154,58,DL,0,0,0,0
154,58,UL,0,0,0,0
154,59,DL,0,0,0,0
154,59,UL,0,0,0,0
154,60,DL,0,0,0,0
154,60,UL,0,0,0,0
154,61,DL,0,0,0,0
154,61,UL,0,0,0,0
154,62,DL,0,0,0,0
154,62,UL,0,0,0,0
154,63,DL,0,0,0,0
154,63,UL,0,0,0,0
154,64,DL,0,0,0,0
154,64,UL,0,0,0,0
154,65,DL,0,0,0,0
154,65,UL,0,0,0,0
154,66,DL,0,0,0,0
154,66,UL,0,0,0,0
154,67,DL,0,0,0,0
154,67,UL,0,0,0,0
154,68,DL,0,0,0,0
154,68,UL,0,0,0,0
154,69,DL,0,0,0,0
154,69,UL,0,0,0,0
154,70,DL,0,0,0,0
154,70,UL,0,0,0,0
154,71,DL,0,0,0,0
154,71,UL,0,0,0,0
154,72,DL,0,0,0,0
154,72,UL,0,0,0,0
154,73,DL,0,0,0,0
154,73,UL,0,0,0,0
154,74,DL,0,0,0,0
154,74,UL,0,0,0,0
154,75,DL,0,0,0,0
154,75,UL,0,0,0,0
154,76,DL,0,0,0,0
154,76,UL,0,0,0,0
154,77,DL,0,0,0,0
154,77,UL,0,0,0,0
154,78,DL,0,0,0,0
154,78,UL,0,0,0,0
154,79,DL,0,0,0,0
154,79,UL,0,0,0,0
156,0,DL,0,0,0,0
156,0,UL,0,0,0,0
156,1,DL,0,0,0,0
156,1,UL,0,0,0,0
156,2,DL,0.254514,0.142243,0.0196075,10
156,2,UL,0,0,0,0
156,3,DL,0,0,0,0
156,3,UL,0,0,0,0
156,4,DL,0,0,0,0
156,4,UL,0,0,0,0
156,5,DL,0,0,0,0
156,5,UL,0,0,0,0
156,6,DL,0,0,0,0
156,6,UL,0,0,0,0
156,7,DL,0,0,0,0
156,7,UL,0,0,0,0
156,8,DL,0,0,0,0
156,8,UL,0,0,0,0
156,9,DL,0,0,0,0
156,9,UL,0,0,0,0
156,10,DL,0,0,0,0
156,10,UL,0,0,0,0
156,11,DL,0,0,0,0
156,11,UL,0,0,0,0
156,12,DL,0,0,0,0
156,12,UL,0,0,0,0
156,13,DL,0,0,0,0
156,13,UL,0,0,0,0
156,14,DL,0,0,0,0
156,14,UL,0,0,0,0
156,15,DL,0,0,0,0
156,15,UL,0,0,0,0
156,16,DL,0,0,0,0
156,16,UL,0,0,0,0
156,17,DL,0,0,0,0
156,17,UL,0,0,0,0
156,18,DL,0,0,0,0
156,18,UL,0,0,0,0
156,19,DL,0,0,0,0
156,19,UL,0,0,0,0
156,20,DL,0,0,0,0
156,20,UL,0,0,0,0
156,21,DL,0,0,0,0
156,21,UL,0,0,0,0
156,22,DL,0,0,0,0
156,22,UL,0,0,0,0
156,23,DL,0,0,0,0
156,23,UL,0,0,0,0
156,24,DL,0,0,0,0
156,24,UL,0,0,0,0
156,25,DL,0,0,0,0
156,25,UL,0,0,0,0
156,26,DL,0,0,0,0
156,26,UL,0,0,0,0
156,27,DL,0,0,0,0
156,27,UL,0,0,0,0
156,28,DL,0,0,0,0
156,28,UL,0,0,0,0
156,29,DL,0,0,0,0
156,29,UL,0,0,0,0
156,30,DL,0,0,0,0
156,30,UL,0,0,0,0
156,31,DL,0,0,0,0
156,31,UL,0,0,0,0
156,32,DL,0,0,0,0
156,32,UL,0,0,0,0
156,33,DL,0,0,0,0
156,33,UL,0,0,0,0
156,34,DL,0,0,0,0
156,34,UL,0,0,0,0
156,35,DL,0,0,0,0
156,35,UL,0,0,0,0
156,36,DL,0,0,0,0
156,36,UL,0,0,0,0
156,37,DL,0,0,0,0
156,37,UL,0,0,0,0
156,38,DL,0,0,0,0
156,38,UL,0,0,0,0
156,39,DL,0,0,0,0
156,39,UL,0,0,0,0
156,40,DL,0,0,0,0
156,40,UL,0,0,0,0
156,41,DL,0,0,0,0
156,41,UL,0,0,0,0
156,42,DL,0,0,0,0
156,42,UL,0,0,0,0
156,43,DL,0,0,0,0
156,43,UL,0,0,0,0
156,44,DL,0,0,0,0
156,44,UL,0,0,0,0
156,45,DL,0,0,0,0
156,45,UL,0,0,0,0
156,46,DL,0,0,0,0
156,46,UL,0,0,0,0
156,47,DL,0,0,0,0
156,47,UL,0,0,0,0
156,48,DL,0,0,0,0
156,48,UL,0,0,0,0
156,49,DL,0,0,0,0
156,49,UL,0,0,0,0
156,50,DL,0,0,0,0
156,50,UL,0,0,0,0
156,51,DL,0,0,0,0
156,51,UL,0,0,0,0
156,52,DL,0,0,0,0
156,52,UL,0,0,0,0
156,53,DL,0,0,0,0
156,53,UL,0,0,0,0
156,54,DL,0,0,0,0
156,54,UL,0,0,0,0
156,55,DL,0,0,0,0
156,55,UL,0,0,0,0
156,56,DL,0,0,0,0
156,56,UL,0,0,0,0
156,57,DL,0,0,0,0
156,57,UL,0,0,0,0
156,58,DL,0,0,0,0
156,58,UL,0,0,0,0
156,59,DL,0,0,0,0
156,59,UL,0,0,0,0
156,60,DL,0,0,0,0
156,60,UL,0,0,0,0
156,61,DL,0,0,0,0
156,61,UL,0,0,0,0
156,62,DL,0,0,0,0
156,62,UL,0,0,0,0
156,63,DL,0,0,0,0
156,63,UL,0,0,0,0
156,64,DL,0,0,0,0
156,64,UL,0,0,0,0
156,65,DL,0,0,0,0
156,65,UL,0,0,0,0
156,66,DL,0,0,0,0
156,66,UL,0,0,0,0
156,67,DL,0,0,0,0
156,67,UL,0,0,0,0
156,68,DL,0,0,0,0
156,68,UL,0,0,0,0
156,69,DL,0,0,0,0
156,69,UL,0,0,0,0
156,70,DL,0,0,0,0
156,70,UL,0,0,0,0
156,71,DL,0,0,0,0
156,71,UL,0,0,0,0
156,72,DL,0,0,0,0
156,72,UL,0,0,0,0
156,73,DL,0,0,0,0
156,73,UL,0,0,0,0
156,74,DL,0,0,0,0
156,74,UL,0,0,0,0
156,75,DL,0,0,0,0
156,75,UL,0,0,0,0
156,76,DL,0,0,0,0
156,76,UL,0,0,0,0
156,77,DL,0,0,0,0
156,77,UL,0,0,0,0
156,78,DL,0,0,0,0
156,78,UL,0,0,0,0
156,79,DL,0,0,0,0
156,79,UL,0,0,0,0
158,0,DL,0,0,0,0
158,0,UL,0,0,0,0
158,1,DL,0,0,0,0
158,1,UL,0,0,0,0
158,2,DL,0,0,0,0
158,2,UL,0,0,0,0
158,3,DL,0,0,0,0
158,3,UL,0,0,0,0
158,4,DL,0,0,0,0
158,4,UL,0,0,0,0
158,5,DL,0,0,0,0
158,5,UL,0,0,0,0
158,6,DL,0,0,0,0
158,6,UL,0,0,0,0
158,7,DL,0,0,0,0
158,7,UL,0,0,0,0
158,8,DL,0,0,0,0
158,8,UL,0,0,0,0
158,9,DL,0,0,0,0
158,9,UL,0,0,0,0
158,10,DL,0,0,0,0
158,10,UL,0,0,0,0
158,11,DL,0,0,0,0
158,11,UL,0,0,0,0
158,12,DL,0,0,0,0
158,12,UL,0,0,0,0
158,13,DL,0,0,0,0
158,13,UL,0,0,0,0
158,14,DL,0,0,0,0
158,14,UL,0,0,0,0
158,15,DL,0,0,0,0
158,15,UL,0,0,0,0
158,16,DL,0,0,0,0
158,16,UL,0,0,0,0
158,17,DL,0,0,0,0
158,17,UL,0,0,0,0
158,18,DL,0,0,0,0
158,18,UL,0,0,0,0
158,19,DL,0,0,0,0
158,19,UL,0,0,0,0
158,20,DL,0,0,0,0
158,20,UL,0,0,0,0
158,21,DL,0,0,0,0
158,21,UL,0,0,0,0
158,22,DL,0,0,0,0
158,22,UL,0,0,0,0
158,23,DL,0,0,0,0
158,23,UL,0,0,0,0
158,24,DL,0,0,0,0
158,24,UL,0,0,0,0
158,25,DL,0,0,0,0
158,25,UL,0,0,0,0
158,26,DL,0,0,0,0
158,26,UL,0,0,0,0
158,27,DL,0,0,0,0
158,27,UL,0,0,0,0
158,28,DL,0,0,0,0
158,28,UL,0,0,0,0
158,29,DL,0,0,0,0
158,29,UL,0,0,0,0
158,30,DL,0,0,0,0
158,30,UL,0,0,0,0
158,31,DL,0,0,0,0
158,31,UL,0,0,0,0
158,32,DL,0,0,0,0
158,32,UL,0,0,0,0
158,33,DL,0,0,0,0
158,33,UL,0,0,0,0
158,34,DL,0,0,0,0
158,34,UL,0,0,0,0
158,35,DL,0,0,0,0
158,35,UL,0,0,0,0
158,36,DL,0,0,0,0
158,36,UL,0,0,0,0
158,37,DL,0,0,0,0
158,37,UL,0,0,0,0
158,38,DL,0,0,0,0
158,38,UL,0,0,0,0
158,39,DL,0,0,0,0
158,39,UL,0,0,0,0
158,40,DL,0,0,0,0
158,40,UL,0,0,0,0
158,41,DL,0,0,0,0
158,41,UL,0,0,0,0
158,42,DL,0,0,0,0
158,42,UL,0,0,0,0
158,43,DL,0,0,0,0
158,43,UL,0,0,0,0
158,44,DL,0,0,0,0
158,44,UL,0,0,0,0
158,45,DL,0,0,0,0
158,45,UL,0,0,0,0
158,46,DL,0,0,0,0
158,46,UL,0,0,0,0
158,47,DL,0,0,0,0
158,47,UL,0,0,0,0
158,48,DL,0,0,0,0
158,48,UL,0,0,0,0
158,49,DL,0,0,0,0
158,49,UL,0,0,0,0
158,50,DL,0,0,0,0
158,50,UL,0,0,0,0
158,51,DL,0,0,0,0
158,51,UL,0,0,0,0
158,52,DL,0,0,0,0
158,52,UL,0,0,0,0
158,53,DL,0,0,0,0
158,53,UL,0,0,0,0
158,54,DL,0,0,0,0
158,54,UL,0,0,0,0
158,55,DL,0,0,0,0
158,55,UL,0,0,0,0
158,56,DL,0,0,0,0
158,56,UL,0,0,0,0
158,57,DL,0,0,0,0
158,57,UL,0,0,0,0
158,58,DL,0,0,0,0
158,58,UL,0,0,0,0
158,59,DL,0,0,0,0
158,59,UL,0,0,0,0
158,60,DL,0,0,0,0
158,60,UL,0,0,0,0
158,61,DL,0,0,0,0
158,61,UL,0,0,0,0
158,62,DL,0,0,0,0
158,62,UL,0,0,0,0
158,63,DL,0,0,0,0
158,63,UL,0,0,0,0
158,64,DL,0,0,0,0
158,64,UL,0,0,0,0
158,65,DL,0,0,0,0
158,65,UL,0,0,0,0
158,66,DL,0,0,0,0
158,66,UL,0,0,0,0
158,67,DL,0,0,0,0
158,67,UL,0,0,0,0
158,68,DL,0,0,0,0
158,68,UL,0,0,0,0
158,69,DL,0,0,0,0
158,69,UL,0,0,0,0
158,70,DL,0,0,0,0
158,70,UL,0,0,0,0
158,71,DL,0,0,0,0
158,71,UL,0,0,0,0
158,72,DL,0,0,0,0
158,72,UL,0,0,0,0
158,73,DL,0,0,0,0
158,73,UL,0,0,0,0
158,74,DL,0,0,0,0
158,74,UL,0,0,0,0
158,75,DL,0,0,0,0
158,75,UL,0,0,0,0
158,76,DL,0.0141,0.014,0.00784302,4
158,76,UL,0,0,0,0
158,77,DL,0,0,0,0
158,77,UL,0,0,0,0
158,78,DL,0,0,0,0
158,78,UL,0,0,0,0
158,79,DL,0,0,0,0
158,79,UL,0,0,0,0
160,0,DL,0,0,0,0
160,0,UL,0,0,0,0
160,1,DL,0,0,0,0
160,1,UL,0,0,0,0
160,2,DL,0,0,0,0
160,2,UL,0,0,0,0
160,3,DL,0,0,0,0
160,3,UL,0,0,0,0
160,4,DL,0,0,0,0
160,4,UL,0,0,0,0
160,5,DL,0,0,0,0
160,5,UL,0,0,0,0
160,6,DL,0,0,0,0
160,6,UL,0,0,0,0
160,7,DL,0,0,0,0
160,7,UL,0,0,0,0
160,8,DL,0,0,0,0
160,8,UL,0,0,0,0
160,9,DL,0,0,0,0
160,9,UL,0,0,0,0
160,10,DL,0,0,0,0
160,10,UL,0,0,0,0
160,11,DL,0,0,0,0
160,11,UL,0,0,0,0
160,12,DL,0,0,0,0
160,12,UL,0,0,0,0
160,13,DL,0,0,0,0
160,13,UL,0,0,0,0
160,14,DL,0,0,0,0
160,14,UL,0,0,0,0
160,15,DL,0,0,0,0
160,15,UL,0,0,0,0
160,16,DL,0,0,0,0
160,16,UL,0,0,0,0
160,17,DL,0,0,0,0
160,17,UL,0,0,0,0
160,18,DL,0,0,0,0
160,18,UL,0,0,0,0
160,19,DL,0,0,0,0
160,19,UL,0,0,0,0
160,20,DL,0,0,0,0
160,20,UL,0,0,0,0
160,21,DL,0,0,0,0
160,21,UL,0,0,0,0
160,22,DL,0,0,0,0
160,22,UL,0,0,0,0
160,23,DL,0,0,0,0
160,23,UL,0,0,0,0
160,24,DL,0,0,0,0
160,24,UL,0,0,0,0
160,25,DL,0,0,0,0
160,25,UL,0,0,0,0
160,26,DL,0,0,0,0
160,26,UL,0,0,0,0
160,27,DL,0,0,0,0
160,27,UL,0,0,0,0
160,28,DL,0,0,0,0
160,28,UL,0,0,0,0
160,29,DL,0,0,0,0
160,29,UL,0,0,0,0
160,30,DL,0,0,0,0
160,30,UL,0,0,0,0
160,31,DL,0,0,0,0
160,31,UL,0,0,0,0
160,32,DL,0,0,0,0
160,32,UL,0,0,0,0
160,33,DL,0,0,0,0
160,33,UL,0,0,0,0
160,34,DL,0,0,0,0
160,34,UL,0,0,0,0
160,35,DL,0,0,0,0
160,35,UL,0,0,0,0
160,36,DL,0,0,0,0
160,36,UL,0,0,0,0
160,37,DL,0,0,0,0
160,37,UL,0,0,0,0
160,38,DL,0,0,0,0
160,38,UL,0,0,0,0
160,39,DL,0,0,0,0
160,39,UL,0,0,0,0
160,40,DL,0,0,0,0
160,40,UL,0,0,0,0
160,41,DL,0,0,0,0
160,41,UL,0,0,0,0
160,42,DL,0,0,0,0
160,42,UL,0,0,0,0
160,43,DL,0,0,0,0
160,43,UL,0,0,0,0
160,44,DL,0,0,0,0
160,44,UL,0,0,0,0
160,45,DL,0,0,0,0
160,45,UL,0,0,0,0
160,46,DL,0,0,0,0
160,46,UL,0,0,0,0
160,47,DL,0,0,0,0
160,47,UL,0,0,0,0
160,48,DL,0,0,0,0
160,48,UL,0,0,0,0
160,49,DL,0,0,0,0
160,49,UL,0,0,0,0
160,50,DL,0,0,0,0
160,50,UL,0,0,0,0
160,51,DL,0,0,0,0
160,51,UL,0,0,0,0
160,52,DL,0,0,0,0
160,52,UL,0,0,0,0
160,53,DL,0,0,0,0
160,53,UL,0,0,0,0
160,54,DL,0,0,0,0
160,54,UL,0,0,0,0
160,55,DL,0,0,0,0
160,55,UL,0,0,0,0
160,56,DL,0,0,0,0
160,56,UL,0,0,0,0
160,57,DL,0,0,0,0
160,57,UL,0,0,0,0
160,58,DL,0,0,0,0
160,58,UL,0,0,0,0
160,59,DL,0,0,0,0
160,59,UL,0,0,0,0
160,60,DL,0,0,0,0
160,60,UL,0,0,0,0
160,61,DL,0,0,0,0
160,61,UL,0,0,0,0
160,62,DL,0,0,0,0
160,62,UL,0,0,0,0
160,63,DL,0,0,0,0
160,63,UL,0,0,0,0
160,64,DL,0,0,0,0
160,64,UL,0,0,0,0
160,65,DL,0,0,0,0
160,65,UL,0,0,0,0
160,66,DL,0,0,0,0
160,66,UL,0,0,0,0
160,67,DL,0,0,0,0
160,67,UL,0,0,0,0
160,68,DL,0,0,0,0
160,68,UL,0,0,0,0
160,69,DL,0.0231,0.007,0.00392151,2
160,69,UL,0,0,0,0
160,70,DL,0,0,0,0
160,70,UL,0,0,0,0
160,71,DL,0,0,0,0
160,71,UL,0,0,0,0
160,72,DL,0,0,0,0
160,72,UL,0,0,0,0
160,73,DL,0,0,0,0
160,73,UL,0,0,0,0
160,74,DL,0,0,0,0
160,74,UL,0,0,0,0
160,75,DL,0,0,0,0
160,75,UL,0,0,0,0
160,76,DL,0,0,0,0
160,76,UL,0,0,0,0
160,77,DL,0,0,0,0
160,77,UL,0,0,0,0
160,78,DL,0,0,0,0
160,78,UL,0,0,0,0
160,79,DL,0,0,0,0
160,79,UL,0,0,0,0
162,0,DL,0,0,0,0
162,0,UL,0,0,0,0
162,1,DL,0,0,0,0
162,1,UL,0,0,0,0
162,2,DL,0,0,0,0
162,2,UL,0,0,0,0
162,3,DL,0,0,0,0
162,3,UL,0,0,0,0
162,4,DL,0,0,0,0
162,4,UL,0,0,0,0
162,5,DL,0,0,0,0
162,5,UL,0,0,0,0
162,6,DL,0,0,0,0
162,6,UL,0,0,0,0
162,7,DL,0,0,0,0
162,7,UL,0,0,0,0
162,8,DL,0,0,0,0
162,8,UL,0,0,0,0
162,9,DL,0,0,0,0
162,9,UL,0,0,0,0
162,10,DL,0,0,0,0
162,10,UL,0,0,0,0
162,11,DL,0,0,0,0
162,11,UL,0,0,0,0
162,12,DL,0,0,0,0
162,12,UL,0,0,0,0
162,13,DL,0,0,0,0
162,13,UL,0,0,0,0
162,14,DL,0,0,0,0
162,14,UL,0,0,0,0
162,15,DL,0,0,0,0
162,15,UL,0,0,0,0
162,16,DL,0,0,0,0
162,16,UL,0,0,0,0
162,17,DL,0,0,0,0
162,17,UL,0,0,0,0
162,18,DL,0,0,0,0
162,18,UL,0,0,0,0
162,19,DL,0,0,0,0
162,19,UL,0,0,0,0
162,20,DL,0,0,0,0
162,20,UL,0,0,0,0
162,21,DL,0,0,0,0
162,21,UL,0,0,0,0
162,22,DL,0,0,0,0
162,22,UL,0,0,0,0
162,23,DL,0,0,0,0
162,23,UL,0,0,0,0
162,24,DL,0,0,0,0
162,24,UL,0,0,0,0
162,25,DL,0,0,0,0
162,25,UL,0,0,0,0
162,26,DL,0,0,0,0
162,26,UL,0,0,0,0
162,27,DL,0,0,0,0
162,27,UL,0,0,0,0
162,28,DL,0,0,0,0
162,28,UL,0,0,0,0
162,29,DL,0,0,0,0
162,29,UL,0,0,0,0
162,30,DL,0,0,0,0
162,30,UL,0,0,0,0
162,31,DL,0,0,0,0
162,31,UL,0,0,0,0
162,32,DL,0,0,0,0
162,32,UL,0,0,0,0
162,33,DL,0,0,0,0
162,33,UL,0,0,0,0
162,34,DL,0,0,0,0
162,34,UL,0,0,0,0
162,35,DL,0,0,0,0
162,35,UL,0,0,0,0
162,36,DL,0,0,0,0
162,36,UL,0,0,0,0
162,37,DL,0,0,0,0
162,37,UL,0,0,0,0
162,38,DL,0,0,0,0
162,38,UL,0,0,0,0
162,39,DL,0,0,0,0
162,39,UL,0,0,0,0
162,40,DL,0,0,0,0
162,40,UL,0,0,0,0
162,41,DL,0,0,0,0
162,41,UL,0,0,0,0
162,42,DL,0,0,0,0
162,42,UL,0,0,0,0
162,43,DL,0,0,0,0
162,43,UL,0,0,0,0
162,44,DL,0,0,0,0
162,44,UL,0,0,0,0
162,45,DL,0,0,0,0
162,45,UL,0,0,0,0
162,46,DL,0,0,0,0
162,46,UL,0,0,0,0
162,47,DL,0,0,0,0
162,47,UL,0,0,0,0
162,48,DL,0,0,0,0
162,48,UL,0,0,0,0
162,49,DL,0,0,0,0
162,49,UL,0,0,0,0
162,50,DL,0,0,0,0
162,50,UL,0,0,0,0
162,51,DL,0,0,0,0
162,51,UL,0,0,0,0
162,52,DL,0,0,0,0
162,52,UL,0,0,0,0
162,53,DL,0,0,0,0
162,53,UL,0,0,0,0
162,54,DL,0,0,0,0
162,54,UL,0,0,0,0
162,55,DL,0,0,0,0
162,55,UL,0,0,0,0
162,56,DL,0,0,0,0
162,56,UL,0,0,0,0
162,57,DL,0,0,0,0
162,57,UL,0,0,0,0
162,58,DL,0,0,0,0
162,58,UL,0,0,0,0
162,59,DL,0,0,0,0
162,59,UL,0,0,0,0
162,60,DL,0,0,0,0
162,60,UL,0,0,0,0
162,61,DL,0,0,0,0
162,61,UL,0,0,0,0
162,62,DL,0,0,0,0
162,62,UL,0,0,0,0
162,63,DL,0,0,0,0
162,63,UL,0,0,0,0
162,64,DL,0,0,0,0
162,64,UL,0,0,0,0
162,65,DL,0,0,0,0
162,65,UL,0,0,0,0
162,66,DL,0,0,0,0
162,66,UL,0,0,0,0
162,67,DL,0,0,0,0
162,67,UL,0,0,0,0
162,68,DL,0.05685,0.04475,0.015686,8
162,68,UL,0,0,0,0
162,69,DL,0,0,0,0
162,69,UL,0,0,0,0
162,70,DL,0,0,0,0
162,70,UL,0,0,0,0
162,71,DL,0,0,0,0
162,71,UL,0,0,0,0
162,72,DL,0,0,0,0
162,72,UL,0,0,0,0
162,73,DL,0,0,0,0
162,73,UL,0,0,0,0
162,74,DL,0,0,0,0
162,74,UL,0,0,0,0
162,75,DL,0,0,0,0
162,75,UL,0,0,0,0
162,76,DL,0,0,0,0
162,76,UL,0,0,0,0
162,77,DL,0,0,0,0
162,77,UL,0,0,0,0
162,78,DL,0,0,0,0
162,78,UL,0,0,0,0
162,79,DL,0,0,0,0
162,79,UL,0,0,0,0
164,0,DL,0,0,0,0
164,0,UL,0,0,0,0
164,1,DL,0,0,0,0
164,1,UL,0,0,0,0
164,2,DL,0,0,0,0
164,2,UL,0,0,0,0
164,3,DL,0,0,0,0
164,3,UL,0,0,0,0
164,4,DL,0,0,0,0
164,4,UL,0,0,0,0
164,5,DL,0.2454,0.0715,0.0392151,20
164,5,UL,0,0,0,0
164,6,DL,0,0,0,0
164,6,UL,0,0,0,0
164,7,DL,0,0,0,0
164,7,UL,0,0,0,0
164,8,DL,0,0,0,0
164,8,UL,0,0,0,0
164,9,DL,0,0,0,0
164,9,UL,0,0,0,0
164,10,DL,0,0,0,0
164,10,UL,0,0,0,0
164,11,DL,0,0,0,0
164,11,UL,0,0,0,0
164,12,DL,0,0,0,0
164,12,UL,0,0,0,0
164,13,DL,0,0,0,0
164,13,UL,0,0,0,0
164,14,DL,0,0,0,0
164,14,UL,0,0,0,0
164,15,DL,0,0,0,0
164,15,UL,0,0,0,0
164,16,DL,0,0,0,0
164,16,UL,0,0,0,0
164,17,DL,0,0,0,0
164,17,UL,0,0,0,0
164,18,DL,0,0,0,0
164,18,UL,0,0,0,0
164,19,DL,0,0,0,0
164,19,UL,0,0,0,0
164,20,DL,0,0,0,0
164,20,UL,0,0,0,0
164,21,DL,0,0,0,0
164,21,UL,0,0,0,0
164,22,DL,0,0,0,0
164,22,UL,0,0,0,0
164,23,DL,0,0,0,0
164,23,UL,0,0,0,0
164,24,DL,0,0,0,0
164,24,UL,0,0,0,0
164,25,DL,0,0,0,0
164,25,UL,0,0,0,0
164,26,DL,0,0,0,0
164,26,UL,0,0,0,0
164,27,DL,0,0,0,0
164,27,UL,0,0,0,0
164,28,DL,0,0,0,0
164,28,UL,0,0,0,0
164,29,DL,0,0,0,0
164,29,UL,0,0,0,0
164,30,DL,0,0,0,0
164,30,UL,0,0,0,0
164,31,DL,0,0,0,0
164,31,UL,0,0,0,0
164,32,DL,0,0,0,0
164,32,UL,0,0,0,0
164,33,DL,0,0,0,0
164,33,UL,0,0,0,0
164,34,DL,0,0,0,0
164,34,UL,0,0,0,0
164,35,DL,0,0,0,0
164,35,UL,0,0,0,0
164,36,DL,0,0,0,0
164,36,UL,0,0,0,0
164,37,DL,0,0,0,0
164,37,UL,0,0,0,0
164,38,DL,0,0,0,0
164,38,UL,0,0,0,0
164,39,DL,0,0,0,0
164,39,UL,0,0,0,0
164,40,DL,0,0,0,0
164,40,UL,0,0,0,0
164,41,DL,0,0,0,0
164,41,UL,0,0,0,0
164,42,DL,0,0,0,0
164,42,UL,0,0,0,0
164,43,DL,0,0,0,0
164,43,UL,0,0,0,0
164,44,DL,0.046519,0.0362286,0.0588226,30
164,44,UL,0,0,0,0
164,45,DL,0,0,0,0
164,45,UL,0,0,0,0
164,46,DL,0,0,0,0
164,46,UL,0,0,0,0
164,47,DL,0,0,0,0
164,47,UL,0,0,0,0
164,48,DL,0,0,0,0
164,48,UL,0,0,0,0
164,49,DL,0,0,0,0
164,49,UL,0,0,0,0
164,50,DL,0,0,0,0
164,50,UL,0,0,0,0
164,51,DL,0,0,0,0
164,51,UL,0,0,0,0
164,52,DL,0,0,0,0
164,52,UL,0,0,0,0
164,53,DL,0,0,0,0
164,53,UL,0,0,0,0
164,54,DL,0,0,0,0
164,54,UL,0,0,0,0
164,55,DL,0,0,0,0
164,55,UL,0,0,0,0
164,56,DL,0,0,0,0
164,56,UL,0,0,0,0
164,57,DL,0,0,0,0
164,57,UL,0,0,0,0
164,58,DL,0,0,0,0
164,58,UL,0,0,0,0
164,59,DL,0,0,0,0
164,59,UL,0,0,0,0
164,60,DL,0,0,0,0
164,60,UL,0,0,0,0
164,61,DL,0,0,0,0
164,61,UL,0,0,0,0
164,62,DL,0,0,0,0
164,62,UL,0,0,0,0
164,63,DL,0,0,0,0
164,63,UL,0,0,0,0
164,64,DL,0,0,0,0
164,64,UL,0,0,0,0
164,65,DL,0,0,0,0
164,65,UL,0,0,0,0
164,66,DL,0,0,0,0
164,66,UL,0,0,0,0
164,67,DL,0,0,0,0
164,67,UL,0,0,0,0
164,68,DL,0,0,0,0
164,68,UL,0,0,0,0
164,69,DL,0,0,0,0
164,69,UL,0,0,0,0
164,70,DL,0,0,0,0
164,70,UL,0,0,0,0
164,71,DL,0,0,0,0
164,71,UL,0,0,0,0
164,72,DL,0,0,0,0
164,72,UL,0,0,0,0
164,73,DL,0,0,0,0
164,73,UL,0,0,0,0
164,74,DL,0,0,0,0
164,74,UL,0,0,0,0
164,75,DL,0,0,0,0
164,75,UL,0,0,0,0
164,76,DL,0,0,0,0
164,76,UL,0,0,0,0
164,77,DL,0,0,0,0
164,77,UL,0,0,0,0
164,78,DL,0,0,0,0
164,78,UL,0,0,0,0
164,79,DL,0,0,0,0
164,79,UL,0,0,0,0
166,0,DL,0,0,0,0
166,0,UL,0,0,0,0
166,1,DL,0,0,0,0
166,1,UL,0,0,0,0
166,2,DL,0,0,0,0
166,2,UL,0,0,0,0
166,3,DL,0,0,0,0
166,3,UL,0,0,0,0
166,4,DL,0,0,0,0
166,4,UL,0,0,0,0
166,5,DL,0,0,0,0
166,5,UL,0,0,0,0
166,6,DL,0,0,0,0
166,6,UL,0,0,0,0
166,7,DL,0,0,0,0
166,7,UL,0,0,0,0
166,8,DL,0,0,0,0
166,8,UL,0,0,0,0
166,9,DL,0,0,0,0
166,9,UL,0,0,0,0
166,10,DL,0,0,0,0
166,10,UL,0,0,0,0
166,11,DL,0,0,0,0
166,11,UL,0,0,0,0
166,12,DL,0,0,0,0
166,12,UL,0,0,0,0
166,13,DL,0,0,0,0
166,13,UL,0,0,0,0
166,14,DL,0,0,0,0
166,14,UL,0,0,0,0
166,15,DL,0,0,0,0
166,15,UL,0,0,0,0
166,16,DL,0,0,0,0
166,16,UL,0,0,0,0
166,17,DL,0,0,0,0
166,17,UL,0,0,0,0
166,18,DL,0,0,0,0
166,18,UL,0,0,0,0
166,19,DL,0,0,0,0
166,19,UL,0,0,0,0
166,20,DL,0,0,0,0
166,20,UL,0,0,0,0
166,21,DL,0,0,0,0
166,21,UL,0,0,0,0
166,22,DL,0,0,0,0
166,22,UL,0,0,0,0
166,23,DL,0,0,0,0
166,23,UL,0,0,0,0
166,24,DL,0,0,0,0
166,24,UL,0,0,0,0
166,25,DL,0,0,0,0
166,25,UL,0,0,0,0
166,26,DL,0,0,0,0
166,26,UL,0,0,0,0
166,27,DL,0,0,0,0
166,27,UL,0,0,0,0
166,28,DL,0,0,0,0
166,28,UL,0,0,0,0
166,29,DL,0,0,0,0
166,29,UL,0,0,0,0
166,30,DL,0,0,0,0
166,30,UL,0,0,0,0
166,31,DL,0.0129571,0.0100714,0.00392151,2
166,31,UL,0,0,0,0
166,32,DL,0,0,0,0
166,32,UL,0,0,0,0
166,33,DL,0,0,0,0
166,33,UL,0,0,0,0
166,34,DL,0,0,0,0
166,34,UL,0,0,0,0
166,35,DL,0,0,0,0
166,35,UL,0,0,0,0
166,36,DL,0,0,0,0
166,36,UL,0,0,0,0
166,37,DL,0,0,0,0
166,37,UL,0,0,0,0
166,38,DL,0,0,0,0
166,38,UL,0,0,0,0
166,39,DL,0,0,0,0
166,39,UL,0,0,0,0
166,40,DL,0,0,0,0
166,40,UL,0,0,0,0
166,41,DL,0,0,0,0
166,41,UL,0,0,0,0
166,42,DL,0,0,0,0
166,42,UL,0,0,0,0
166,43,DL,0,0,0,0
166,43,UL,0,0,0,0
166,44,DL,0,0,0,0
166,44,UL,0,0,0,0
166,45,DL,0,0,0,0
166,45,UL,0,0,0,0
166,46,DL,0,0,0,0
166,46,UL,0,0,0,0
166,47,DL,0,0,0,0
166,47,UL,0,0,0,0
166,48,DL,0,0,0,0
166,48,UL,0,0,0,0
166,49,DL,0,0,0,0
166,49,UL,0,0,0,0
166,50,DL,0,0,0,0
166,50,UL,0,0,0,0
166,51,DL,0,0,0,0
166,51,UL,0,0,0,0
166,52,DL,0,0,0,0
166,52,UL,0,0,0,0
166,53,DL,0,0,0,0
166,53,UL,0,0,0,0
166,54,DL,0,0,0,0
166,54,UL,0,0,0,0
166,55,DL,0,0,0,0
166,55,UL,0,0,0,0
166,56,DL,0,0,0,0
166,56,UL,0,0,0,0
166,57,DL,0,0,0,0
166,57,UL,0,0,0,0
166,58,DL,0,0,0,0
166,58,UL,0,0,0,0
166,59,DL,0,0,0,0
166,59,UL,0,0,0,0
166,60,DL,0,0,0,0
166,60,UL,0,0,0,0
166,61,DL,0,0,0,0
166,61,UL,0,0,0,0
166,62,DL,0,0,0,0
166,62,UL,0,0,0,0
166,63,DL,0,0,0,0
166,63,UL,0,0,0,0
166,64,DL,0,0,0,0
166,64,UL,0,0,0,0
166,65,DL,0,0,0,0
166,65,UL,0,0,0,0
166,66,DL,0.1781,0.0482222,0.0352936,18
166,66,UL,0,0,0,0
166,67,DL,0,0,0,0
166,67,UL,0,0,0,0
166,68,DL,0,0,0,0
166,68,UL,0,0,0,0
166,69,DL,0,0,0,0
166,69,UL,0,0,0,0
166,70,DL,0,0,0,0
166,70,UL,0,0,0,0
166,71,DL,0,0,0,0
166,71,UL,0,0,0,0
166,72,DL,0,0,0,0
166,72,UL,0,0,0,0
166,73,DL,0,0,0,0
166,73,UL,0,0,0,0
166,74,DL,0,0,0,0
166,74,UL,0,0,0,0
166,75,DL,0,0,0,0
166,75,UL,0,0,0,0
166,76,DL,0,0,0,0
166,76,UL,0,0,0,0
166,77,DL,0,0,0,0
166,77,UL,0,0,0,0
166,78,DL,0.0171,0.009,0.00392151,2
166,78,UL,0,0,0,0
166,79,DL,0,0,0,0
166,79,UL,0,0,0,0
168,0,DL,0,0,0,0
168,0,UL,0,0,0,0
168,1,DL,0,0,0,0
168,1,UL,0,0,0,0
168,2,DL,0,0,0,0
168,2,UL,0,0,0,0
168,3,DL,0,0,0,0
168,3,UL,0,0,0,0
168,4,DL,0,0,0,0
168,4,UL,0,0,0,0
168,5,DL,0,0,0,0
168,5,UL,0,0,0,0
168,6,DL,0,0,0,0
168,6,UL,0,0,0,0
168,7,DL,0,0,0,0
168,7,UL,0,0,0,0
168,8,DL,0,0,0,0
168,8,UL,0,0,0,0
168,9,DL,0,0,0,0
168,9,UL,0,0,0,0
168,10,DL,0,0,0,0
168,10,UL,0,0,0,0
168,11,DL,0,0,0,0
168,11,UL,0,0,0,0
168,12,DL,0,0,0,0
168,12,UL,0,0,0,0
168,13,DL,0,0,0,0
168,13,UL,0,0,0,0
168,14,DL,0,0,0,0
168,14,UL,0,0,0,0
168,15,DL,0,0,0,0
168,15,UL,0,0,0,0
168,16,DL,0,0,0,0
168,16,UL,0,0,0,0
168,17,DL,0,0,0,0
168,17,UL,0,0,0,0
168,18,DL,0,0,0,0
168,18,UL,0,0,0,0
168,19,DL,0,0,0,0
168,19,UL,0,0,0,0
168,20,DL,0,0,0,0
168,20,UL,0,0,0,0
168,21,DL,0,0,0,0
168,21,UL,0,0,0,0
168,22,DL,0,0,0,0
168,22,UL,0,0,0,0
168,23,DL,0,0,0,0
168,23,UL,0,0,0,0
168,24,DL,0,0,0,0
168,24,UL,0,0,0,0
168,25,DL,0,0,0,0
168,25,UL,0,0,0,0
168,26,DL,0,0,0,0
168,26,UL,0,0,0,0
168,27,DL,0,0,0,0
168,27,UL,0,0,0,0
168,28,DL,0,0,0,0
168,28,UL,0,0,0,0
168,29,DL,0,0,0,0
168,29,UL,0,0,0,0
168,30,DL,0,0,0,0
168,30,UL,0,0,0,0
168,31,DL,0,0,0,0
168,31,UL,0,0,0,0
168,32,DL,0,0,0,0
168,32,UL,0,0,0,0
168,33,DL,0,0,0,0
168,33,UL,0,0,0,0
168,34,DL,0,0,0,0
168,34,UL,0,0,0,0
168,35,DL,0,0,0,0
168,35,UL,0,0,0,0
168,36,DL,0.0291,0.0296,0.0196075,10
168,36,UL,0,0,0,0
168,37,DL,0,0,0,0
168,37,UL,0,0,0,0
168,38,DL,0,0,0,0
168,38,UL,0,0,0,0
168,39,DL,0,0,0,0
168,39,UL,0,0,0,0
168,40,DL,0,0,0,0
168,40,UL,0,0,0,0
168,41,DL,0,0,0,0
168,41,UL,0,0,0,0
168,42,DL,0,0,0,0
168,42,UL,0,0,0,0
168,43,DL,0,0,0,0
168,43,UL,0,0,0,0
168,44,DL,0,0,0,0
168,44,UL,0,0,0,0
168,45,DL,0,0,0,0
168,45,UL,0,0,0,0
168,46,DL,0,0,0,0
168,46,UL,0,0,0,0
168,47,DL,0,0,0,0
168,47,UL,0,0,0,0
168,48,DL,0,0,0,0
168,48,UL,0,0,0,0
168,49,DL,0,0,0,0
168,49,UL,0,0,0,0
168,50,DL,0,0,0,0
168,50,UL,0,0,0,0
168,51,DL,0,0,0,0
168,51,UL,0,0,0,0
168,52,DL,0,0,0,0
168,52,UL,0,0,0,0
168,53,DL,0,0,0,0
168,53,UL,0,0,0,0
168,54,DL,0,0,0,0
168,54,UL,0,0,0,0
168,55,DL,0,0,0,0
168,55,UL,0,0,0,0
168,56,DL,0,0,0,0
168,56,UL,0,0,0,0
168,57,DL,0,0,0,0
168,57,UL,0,0,0,0
168,58,DL,0,0,0,0
168,58,UL,0,0,0,0
168,59,DL,0,0,0,0
168,59,UL,0,0,0,0
168,60,DL,0,0,0,0
168,60,UL,0,0,0,0
168,61,DL,0,0,0,0
168,61,UL,0,0,0,0
168,62,DL,0,0,0,0
168,62,UL,0,0,0,0
168,63,DL,0,0,0,0
168,63,UL,0,0,0,0
168,64,DL,0,0,0,0
168,64,UL,0,0,0,0
168,65,DL,0,0,0,0
168,65,UL,0,0,0,0
168,66,DL,0,0,0,0
168,66,UL,0,0,0,0
168,67,DL,0,0,0,0
168,67,UL,0,0,0,0
168,68,DL,0,0,0,0
168,68,UL,0,0,0,0
168,69,DL,0,0,0,0
168,69,UL,0,0,0,0
168,70,DL,0,0,0,0
168,70,UL,0,0,0,0
168,71,DL,0,0,0,0
168,71,UL,0,0,0,0
168,72,DL,0,0,0,0
168,72,UL,0,0,0,0
168,73,DL,0,0,0,0
168,73,UL,0,0,0,0
168,74,DL,0,0,0,0
168,74,UL,0,0,0,0
168,75,DL,0,0,0,0
168,75,UL,0,0,0,0
168,76,DL,0,0,0,0
168,76,UL,0,0,0,0
168,77,DL,0,0,0,0
168,77,UL,0,0,0,0
168,78,DL,0,0,0,0
168,78,UL,0,0,0,0
168,79,DL,0,0,0,0
168,79,UL,0,0,0,0
170,0,DL,0,0,0,0
170,0,UL,0,0,0,0
170,1,DL,0,0,0,0
170,1,UL,0,0,0,0
170,2,DL,0,0,0,0
170,2,UL,0,0,0,0
170,3,DL,0,0,0,0
170,3,UL,0,0,0,0
170,4,DL,0,0,0,0
170,4,UL,0,0,0,0
170,5,DL,0,0,0,0
170,5,UL,0,0,0,0
170,6,DL,0,0,0,0
170,6,UL,0,0,0,0
170,7,DL,0,0,0,0
170,7,UL,0,0,0,0
170,8,DL,0,0,0,0
170,8,UL,0,0,0,0
170,9,DL,0,0,0,0
170,9,UL,0,0,0,0
170,10,DL,0,0,0,0
170,10,UL,0,0,0,0
170,11,DL,0,0,0,0
170,11,UL,0,0,0,0
170,12,DL,0,0,0,0
170,12,UL,0,0,0,0
170,13,DL,0,0,0,0
170,13,UL,0,0,0,0
170,14,DL,0,0,0,0
170,14,UL,0,0,0,0
170,15,DL,0.0886,0.03725,0.015686,8
170,15,UL,0,0,0,0
170,16,DL,0.0181,0.0822143,0.00784302,4
170,16,UL,0,0,0,0
170,17,DL,0,0,0,0
170,17,UL,0,0,0,0
170,18,DL,0,0,0,0
170,18,UL,0,0,0,0
170,19,DL,0,0,0,0
170,19,UL,0,0,0,0
170,20,DL,0,0,0,0
170,20,UL,0,0,0,0
170,21,DL,0,0,0,0
170,21,UL,0,0,0,0
170,22,DL,0,0,0,0
170,22,UL,0,0,0,0
170,23,DL,0,0,0,0
170,23,UL,0,0,0,0
170,24,DL,0,0,0,0
170,24,UL,0,0,0,0
170,25,DL,0,0,0,0
170,25,UL,0,0,0,0
170,26,DL,0,0,0,0
170,26,UL,0,0,0,0
170,27,DL,0,0,0,0
170,27,UL,0,0,0,0
170,28,DL,0,0,0,0
170,28,UL,0,0,0,0
170,29,DL,0,0,0,0
170,29,UL,0,0,0,0
170,30,DL,0,0,0,0
170,30,UL,0,0,0,0
170,31,DL,0.0196,0.0235714,0.00784302,4
170,31,UL,0,0,0,0
170,32,DL,0,0,0,0
170,32,UL,0,0,0,0
170,33,DL,0,0,0,0
170,33,UL,0,0,0,0
170,34,DL,0,0,0,0
170,34,UL,0,0,0,0
170,35,DL,0,0,0,0
170,35,UL,0,0,0,0
170,36,DL,0,0,0,0
170,36,UL,0,0,0,0
170,37,DL,0,0,0,0
170,37,UL,0,0,0,0
170,38,DL,0,0,0,0
170,38,UL,0,0,0,0
170,39,DL,0,0,0,0
170,39,UL,0,0,0,0
170,40,DL,0,0,0,0
170,40,UL,0,0,0,0
170,41,DL,0,0,0,0
170,41,UL,0,0,0,0
170,42,DL,0,0,0,0
170,42,UL,0,0,0,0
170,43,DL,0,0,0,0
170,43,UL,0,0,0,0
170,44,DL,0,0,0,0
170,44,UL,0,0,0,0
170,45,DL,0,0,0,0
170,45,UL,0,0,0,0
170,46,DL,0,0,0,0
170,46,UL,0,0,0,0
170,47,DL,0,0,0,0
170,47,UL,0,0,0,0
170,48,DL,0,0,0,0
170,48,UL,0,0,0,0
170,49,DL,0,0,0,0
170,49,UL,0,0,0,0
170,50,DL,0,0,0,0
170,50,UL,0,0,0,0
170,51,DL,0,0,0,0
170,51,UL,0,0,0,0
170,52,DL,0,0,0,0
170,52,UL,0,0,0,0
170,53,DL,0,0,0,0
170,53,UL,0,0,0,0
170,54,DL,0,0,0,0
170,54,UL,0,0,0,0
170,55,DL,0,0,0,0
170,55,UL,0,0,0,0
170,56,DL,0,0,0,0
170,56,UL,0,0,0,0
170,57,DL,0,0,0,0
170,57,UL,0,0,0,0
170,58,DL,0,0,0,0
170,58,UL,0,0,0,0
170,59,DL,0,0,0,0
170,59,UL,0,0,0,0
170,60,DL,0,0,0,0
170,60,UL,0,0,0,0
170,61,DL,0,0,0,0
170,61,UL,0,0,0,0
170,62,DL,0,0,0,0
170,62,UL,0,0,0,0
170,63,DL,0,0,0,0
170,63,UL,0,0,0,0
170,64,DL,0,0,0,0
170,64,UL,0,0,0,0
170,65,DL,0,0,0,0
170,65,UL,0,0,0,0
170,66,DL,0,0,0,0
170,66,UL,0,0,0,0
170,67,DL,0,0,0,0
170,67,UL,0,0,0,0
170,68,DL,0,0,0,0
170,68,UL,0,0,0,0
170,69,DL,0,0,0,0
170,69,UL,0,0,0,0
170,70,DL,0,0,0,0
170,70,UL,0,0,0,0
170,71,DL,0,0,0,0
170,71,UL,0,0,0,0
170,72,DL,0,0,0,0
170,72,UL,0,0,0,0
170,73,DL,0,0,0,0
170,73,UL,0,0,0,0
170,74,DL,0,0,0,0
170,74,UL,0,0,0,0
170,75,DL,0,0,0,0
170,75,UL,0,0,0,0
170,76,DL,0,0,0,0
170,76,UL,0,0,0,0
170,77,DL,0,0,0,0
170,77,UL,0,0,0,0
170,78,DL,0,0,0,0
170,78,UL,0,0,0,0
170,79,DL,0,0,0,0
170,79,UL,0,0,0,0
172,0,DL,0,0,0,0
172,0,UL,0,0,0,0
172,1,DL,0,0,0,0
172,1,UL,0,0,0,0
172,2,DL,0,0,0,0
172,2,UL,0,0,0,0
172,3,DL,0,0,0,0
172,3,UL,0,0,0,0
172,4,DL,0,0,0,0
172,4,UL,0,0,0,0
172,5,DL,0,0,0,0
172,5,UL,0,0,0,0
172,6,DL,0,0,0,0
172,6,UL,0,0,0,0
172,7,DL,0,0,0,0
172,7,UL,0,0,0,0
172,8,DL,0,0,0,0
172,8,UL,0,0,0,0
172,9,DL,0,0,0,0
172,9,UL,0,0,0,0
172,10,DL,0,0,0,0
172,10,UL,0,0,0,0
172,11,DL,0,0,0,0
172,11,UL,0,0,0,0
172,12,DL,0,0,0,0
172,12,UL,0,0,0,0
172,13,DL,0,0,0,0
172,13,UL,0,0,0,0
172,14,DL,0,0,0,0
172,14,UL,0,0,0,0
172,15,DL,0,0,0,0
172,15,UL,0,0,0,0
172,16,DL,0,0,0,0
172,16,UL,0,0,0,0
172,17,DL,0,0,0,0
172,17,UL,0,0,0,0
172,18,DL,0,0,0,0
172,18,UL,0,0,0,0
172,19,DL,0,0,0,0
172,19,UL,0,0,0,0
172,20,DL,0,0,0,0
172,20,UL,0,0,0,0
172,21,DL,0,0,0,0
172,21,UL,0,0,0,0
172,22,DL,0,0,0,0
172,22,UL,0,0,0,0
172,23,DL,0,0,0,0
172,23,UL,0,0,0,0
172,24,DL,0,0,0,0
172,24,UL,0,0,0,0
172,25,DL,0,0,0,0
172,25,UL,0,0,0,0
172,26,DL,0,0,0,0
172,26,UL,0,0,0,0
172,27,DL,0,0,0,0
172,27,UL,0,0,0,0
172,28,DL,0,0,0,0
172,28,UL,0,0,0,0
172,29,DL,0,0,0,0
172,29,UL,0,0,0,0
172,30,DL,0,0,0,0
172,30,UL,0,0,0,0
172,31,DL,0,0,0,0
172,31,UL,0,0,0,0
172,32,DL,0,0,0,0
172,32,UL,0,0,0,0
172,33,DL,0,0,0,0
172,33,UL,0,0,0,0
172,34,DL,0,0,0,0
172,34,UL,0,0,0,0
172,35,DL,0,0,0,0
172,35,UL,0,0,0,0
172,36,DL,0,0,0,0
172,36,UL,0,0,0,0
172,37,DL,0,0,0,0
172,37,UL,0,0,0,0
172,38,DL,0,0,0,0
172,38,UL,0,0,0,0
172,39,DL,0,0,0,0
172,39,UL,0,0,0,0
172,40,DL,0,0,0,0
172,40,UL,0,0,0,0
172,41,DL,0,0,0,0
172,41,UL,0,0,0,0
172,42,DL,0,0,0,0
172,42,UL,0,0,0,0
172,43,DL,0,0,0,0
172,43,UL,0,0,0,0
172,44,DL,0,0,0,0
172,44,UL,0,0,0,0
172,45,DL,0,0,0,0
172,45,UL,0,0,0,0
172,46,DL,0,0,0,0
172,46,UL,0,0,0,0
172,47,DL,0,0,0,0
172,47,UL,0,0,0,0
172,48,DL,0,0,0,0
172,48,UL,0,0,0,0
172,49,DL,0,0,0,0
172,49,UL,0,0,0,0
172,50,DL,0,0,0,0
172,50,UL,0,0,0,0
172,51,DL,0,0,0,0
172,51,UL,0,0,0,0
172,52,DL,0,0,0,0
172,52,UL,0,0,0,0
172,53,DL,0,0,0,0
172,53,UL,0,0,0,0
172,54,DL,0,0,0,0
172,54,UL,0,0,0,0
172,55,DL,0,0,0,0
172,55,UL,0,0,0,0
172,56,DL,0,0,0,0
172,56,UL,0,0,0,0
172,57,DL,0,0,0,0
172,57,UL,0,0,0,0
172,58,DL,0,0,0,0
172,58,UL,0,0,0,0
172,59,DL,0,0,0,0
172,59,UL,0,0,0,0
172,60,DL,0,0,0,0
172,60,UL,0,0,0,0
172,61,DL,0,0,0,0
172,61,UL,0,0,0,0
172,62,DL,0,0,0,0
172,62,UL,0,0,0,0
172,63,DL,0,0,0,0
172,63,UL,0,0,0,0
172,64,DL,0,0,0,0
172,64,UL,0,0,0,0
172,65,DL,0,0,0,0
172,65,UL,0,0,0,0
172,66,DL,0,0,0,0
172,66,UL,0,0,0,0
172,67,DL,0,0,0,0
172,67,UL,0,0,0,0
172,68,DL,0,0,0,0
172,68,UL,0,0,0,0
172,69,DL,0,0,0,0
172,69,UL,0,0,0,0
172,70,DL,0,0,0,0
172,70,UL,0,0,0,0
172,71,DL,0,0,0,0
172,71,UL,0,0,0,0
172,72,DL,0,0,0,0
172,72,UL,0,0,0,0
172,73,DL,0,0,0,0
172,73,UL,0,0,0,0
172,74,DL,0,0,0,0
172,74,UL,0,0,0,0
172,75,DL,0,0,0,0
172,75,UL,0,0,0,0
172,76,DL,0,0,0,0
172,76,UL,0,0,0,0
172,77,DL,0,0,0,0
172,77,UL,0,0,0,0
172,78,DL,0,0,0,0
172,78,UL,0,0,0,0
172,79,DL,0,0,0,0
172,79,UL,0,0,0,0
174,0,DL,0,0,0,0
174,0,UL,0,0,0,0
174,1,DL,0,0,0,0
174,1,UL,0,0,0,0
174,2,DL,0,0,0,0
174,2,UL,0,0,0,0
174,3,DL,0,0,0,0
174,3,UL,0,0,0,0
174,4,DL,0,0,0,0
174,4,UL,0,0,0,0
174,5,DL,0,0,0,0
174,5,UL,0,0,0,0
174,6,DL,0,0,0,0
174,6,UL,0,0,0,0
174,7,DL,0,0,0,0
174,7,UL,0,0,0,0
174,8,DL,0,0,0,0
174,8,UL,0,0,0,0
174,9,DL,0,0,0,0
174,9,UL,0,0,0,0
174,10,DL,0,0,0,0
174,10,UL,0,0,0,0
174,11,DL,0,0,0,0
174,11,UL,0,0,0,0
174,12,DL,0,0,0,0
174,12,UL,0,0,0,0
174,13,DL,0,0,0,0
174,13,UL,0,0,0,0
174,14,DL,0,0,0,0
174,14,UL,0,0,0,0
174,15,DL,0,0,0,0
174,15,UL,0,0,0,0
174,16,DL,0,0,0,0
174,16,UL,0,0,0,0
174,17,DL,0,0,0,0
174,17,UL,0,0,0,0
174,18,DL,0,0,0,0
174,18,UL,0,0,0,0
174,19,DL,0,0,0,0
174,19,UL,0,0,0,0
174,20,DL,0,0,0,0
174,20,UL,0,0,0,0
174,21,DL,0,0,0,0
174,21,UL,0,0,0,0
174,22,DL,0,0,0,0
174,22,UL,0,0,0,0
174,23,DL,0,0,0,0
174,23,UL,0,0,0,0
174,24,DL,0,0,0,0
174,24,UL,0,0,0,0
174,25,DL,0,0,0,0
174,25,UL,0,0,0,0
174,26,DL,0,0,0,0
174,26,UL,0,0,0,0
174,27,DL,0,0,0,0
174,27,UL,0,0,0,0
174,28,DL,0,0,0,0
174,28,UL,0,0,0,0
174,29,DL,0,0,0,0
174,29,UL,0,0,0,0
174,30,DL,0,0,0,0
174,30,UL,0,0,0,0
174,31,DL,0,0,0,0
174,31,UL,0,0,0,0
174,32,DL,0,0,0,0
174,32,UL,0,0,0,0
174,33,DL,0,0,0,0
174,33,UL,0,0,0,0
174,34,DL,0,0,0,0
174,34,UL,0,0,0,0
174,35,DL,0,0,0,0
174,35,UL,0,0,0,0
174,36,DL,0,0,0,0
174,36,UL,0,0,0,0
174,37,DL,0,0,0,0
174,37,UL,0,0,0,0
174,38,DL,0,0,0,0
174,38,UL,0,0,0,0
174,39,DL,0,0,0,0
174,39,UL,0,0,0,0
174,40,DL,0,0,0,0
174,40,UL,0,0,0,0
174,41,DL,0,0,0,0
174,41,UL,0,0,0,0
174,42,DL,0,0,0,0
174,42,UL,0,0,0,0
174,43,DL,0,0,0,0
174,43,UL,0,0,0,0
174,44,DL,0,0,0,0
174,44,UL,0,0,0,0
174,45,DL,0,0,0,0
174,45,UL,0,0,0,0
174,46,DL,0,0,0,0
174,46,UL,0,0,0,0
174,47,DL,0,0,0,0
174,47,UL,0,0,0,0
174,48,DL,0,0,0,0
174,48,UL,0,0,0,0
174,49,DL,0,0,0,0
174,49,UL,0,0,0,0
174,50,DL,0,0,0,0
174,50,UL,0,0,0,0
174,51,DL,0,0,0,0
174,51,UL,0,0,0,0
174,52,DL,0,0,0,0
174,52,UL,0,0,0,0
174,53,DL,0,0,0,0
174,53,UL,0,0,0,0
174,54,DL,0,0,0,0
174,54,UL,0,0,0,0
174,55,DL,0,0,0,0
174,55,UL,0,0,0,0
174,56,DL,0,0,0,0
174,56,UL,0,0,0,0
174,57,DL,0,0,0,0
174,57,UL,0,0,0,0
174,58,DL,0,0,0,0
174,58,UL,0,0,0,0
174,59,DL,0,0,0,0
174,59,UL,0,0,0,0
174,60,DL,0,0,0,0
174,60,UL,0,0,0,0
174,61,DL,0,0,0,0
174,61,UL,0,0,0,0
174,62,DL,0,0,0,0
174,62,UL,0,0,0,0
174,63,DL,0,0,0,0
174,63,UL,0,0,0,0
174,64,DL,0,0,0,0
174,64,UL,0,0,0,0
174,65,DL,0,0,0,0
174,65,UL,0,0,0,0
174,66,DL,0,0,0,0
174,66,UL,0,0,0,0
174,67,DL,0,0,0,0
174,67,UL,0,0,0,0
174,68,DL,0,0,0,0
174,68,UL,0,0,0,0
174,69,DL,0,0,0,0
174,69,UL,0,0,0,0
174,70,DL,0,0,0,0
174,70,UL,0,0,0,0
174,71,DL,0,0,0,0
174,71,UL,0,0,0,0
174,72,DL,0,0,0,0
174,72,UL,0,0,0,0
174,73,DL,0,0,0,0
174,73,UL,0,0,0,0
174,74,DL,0,0,0,0
174,74,UL,0,0,0,0
174,75,DL,0,0,0,0
174,75,UL,0,0,0,0
174,76,DL,0,0,0,0
174,76,UL,0,0,0,0
174,77,DL,0,0,0,0
174,77,UL,0,0,0,0
174,78,DL,0,0,0,0
174,78,UL,0,0,0,0
174,79,DL,0,0,0,0
174,79,UL,0,0,0,0
176,0,DL,0,0,0,0
176,0,UL,0,0,0,0
176,1,DL,0,0,0,0
176,1,UL,0,0,0,0
176,2,DL,0,0,0,0
176,2,UL,0,0,0,0
176,3,DL,0,0,0,0
176,3,UL,0,0,0,0
176,4,DL,0,0,0,0
176,4,UL,0,0,0,0
176,5,DL,0,0,0,0
176,5,UL,0,0,0,0
176,6,DL,0,0,0,0
176,6,UL,0,0,0,0
176,7,DL,0,0,0,0
176,7,UL,0,0,0,0
176,8,DL,0,0,0,0
176,8,UL,0,0,0,0
176,9,DL,0,0,0,0
176,9,UL,0,0,0,0
176,10,DL,0,0,0,0
176,10,UL,0,0,0,0
176,11,DL,0,0,0,0
176,11,UL,0,0,0,0
176,12,DL,0,0,0,0
176,12,UL,0,0,0,0
176,13,DL,0,0,0,0
176,13,UL,0,0,0,0
176,14,DL,0,0,0,0
176,14,UL,0,0,0,0
176,15,DL,0,0,0,0
176,15,UL,0,0,0,0
176,16,DL,0,0,0,0
176,16,UL,0,0,0,0
176,17,DL,0,0,0,0
176,17,UL,0,0,0,0
176,18,DL,0,0,0,0
176,18,UL,0,0,0,0
176,19,DL,0,0,0,0
176,19,UL,0,0,0,0
176,20,DL,0,0,0,0
176,20,UL,0,0,0,0
176,21,DL,1.92565,0.365614,0.0588226,30
176,21,UL,0,0,0,0
176,22,DL,0,0,0,0
176,22,UL,0,0,0,0
176,23,DL,0,0,0,0
176,23,UL,0,0,0,0
176,24,DL,0,0,0,0
176,24,UL,0,0,0,0
176,25,DL,0,0,0,0
176,25,UL,0,0,0,0
176,26,DL,0,0,0,0
176,26,UL,0,0,0,0
176,27,DL,0,0,0,0
176,27,UL,0,0,0,0
176,28,DL,0,0,0,0
176,28,UL,0,0,0,0
176,29,DL,0,0,0,0
176,29,UL,0,0,0,0
176,30,DL,0,0,0,0
176,30,UL,0,0,0,0
176,31,DL,0,0,0,0
176,31,UL,0,0,0,0
176,32,DL,0,0,0,0
176,32,UL,0,0,0,0
176,33,DL,0,0,0,0
176,33,UL,0,0,0,0
176,34,DL,0,0,0,0
176,34,UL,0,0,0,0
176,35,DL,0,0,0,0
176,35,UL,0,0,0,0
176,36,DL,0,0,0,0
176,36,UL,0,0,0,0
176,37,DL,0,0,0,0
176,37,UL,0,0,0,0
176,38,DL,0,0,0,0
176,38,UL,0,0,0,0
176,39,DL,0,0,0,0
176,39,UL,0,0,0,0
176,40,DL,0,0,0,0
176,40,UL,0,0,0,0
176,41,DL,0,0,0,0
176,41,UL,0,0,0,0
176,42,DL,0,0,0,0
176,42,UL,0,0,0,0
176,43,DL,0,0,0,0
176,43,UL,0,0,0,0
176,44,DL,0,0,0,0
176,44,UL,0,0,0,0
176,45,DL,0,0,0,0
176,45,UL,0,0,0,0
176,46,DL,0,0,0,0
176,46,UL,0,0,0,0
176,47,DL,0.0911,0.07,0.00784302,4
176,47,UL,0,0,0,0
176,48,DL,0,0,0,0
176,48,UL,0,0,0,0
176,49,DL,0,0,0,0
176,49,UL,0,0,0,0
176,50,DL,0,0,0,0
176,50,UL,0,0,0,0
176,51,DL,0,0,0,0
176,51,UL,0,0,0,0
176,52,DL,0,0,0,0
176,52,UL,0,0,0,0
176,53,DL,0,0,0,0
176,53,UL,0,0,0,0
176,54,DL,0,0,0,0
176,54,UL,0,0,0,0
176,55,DL,0,0,0,0
176,55,UL,0,0,0,0
176,56,DL,0,0,0,0
176,56,UL,0,0,0,0
176,57,DL,0,0,0,0
176,57,UL,0,0,0,0
176,58,DL,0,0,0,0
176,58,UL,0,0,0,0
176,59,DL,0,0,0,0
176,59,UL,0,0,0,0
176,60,DL,0,0,0,0
176,60,UL,0,0,0,0
176,61,DL,0,0,0,0
176,61,UL,0,0,0,0
176,62,DL,0,0,0,0
176,62,UL,0,0,0,0
176,63,DL,0,0,0,0
176,63,UL,0,0,0,0
176,64,DL,0,0,0,0
176,64,UL,0,0,0,0
176,65,DL,0,0,0,0
176,65,UL,0,0,0,0
176,66,DL,0,0,0,0
176,66,UL,0,0,0,0
176,67,DL,0,0,0,0
176,67,UL,0,0,0,0
176,68,DL,0,0,0,0
176,68,UL,0,0,0,0
176,69,DL,0,0,0,0
176,69,UL,0,0,0,0
176,70,DL,0,0,0,0
176,70,UL,0,0,0,0
176,71,DL,0,0,0,0
176,71,UL,0,0,0,0
176,72,DL,0,0,0,0
176,72,UL,0,0,0,0
176,73,DL,0,0,0,0
176,73,UL,0,0,0,0
176,74,DL,0,0,0,0
176,74,UL,0,0,0,0
176,75,DL,0,0,0,0
176,75,UL,0,0,0,0
176,76,DL,0,0,0,0
176,76,UL,0,0,0,0
176,77,DL,0,0,0,0
176,77,UL,0,0,0,0
176,78,DL,0,0,0,0
176,78,UL,0,0,0,0
176,79,DL,0,0,0,0
176,79,UL,0,0,0,0
178,0,DL,0,0,0,0
178,0,UL,0,0,0,0
178,1,DL,0,0,0,0
178,1,UL,0,0,0,0
178,2,DL,0,0,0,0
178,2,UL,0,0,0,0
178,3,DL,0,0,0,0
178,3,UL,0,0,0,0
178,4,DL,0,0,0,0
178,4,UL,0,0,0,0
178,5,DL,0,0,0,0
178,5,UL,0,0,0,0
178,6,DL,0,0,0,0
178,6,UL,0,0,0,0
178,7,DL,0,0,0,0
178,7,UL,0,0,0,0
178,8,DL,0,0,0,0
178,8,UL,0,0,0,0
178,9,DL,0,0,0,0
178,9,UL,0,0,0,0
178,10,DL,0,0,0,0
178,10,UL,0,0,0,0
178,11,DL,0,0,0,0
178,11,UL,0,0,0,0
178,12,DL,0,0,0,0
178,12,UL,0,0,0,0
178,13,DL,0,0,0,0
178,13,UL,0,0,0,0
178,14,DL,0,0,0,0
178,14,UL,0,0,0,0
178,15,DL,0,0,0,0
178,15,UL,0,0,0,0
178,16,DL,0,0,0,0
178,16,UL,0,0,0,0
178,17,DL,0,0,0,0
178,17,UL,0,0,0,0
178,18,DL,0,0,0,0
178,18,UL,0,0,0,0
178,19,DL,0,0,0,0
178,19,UL,0,0,0,0
178,20,DL,0,0,0,0
178,20,UL,0,0,0,0
178,21,DL,0,0,0,0
178,21,UL,0,0,0,0
178,22,DL,0,0,0,0
178,22,UL,0,0,0,0
178,23,DL,0,0,0,0
178,23,UL,0,0,0,0
178,24,DL,0,0,0,0
178,24,UL,0,0,0,0
178,25,DL,0,0,0,0
178,25,UL,0,0,0,0
178,26,DL,0,0,0,0
178,26,UL,0,0,0,0
178,27,DL,0,0,0,0
178,27,UL,0,0,0,0
178,28,DL,0,0,0,0
178,28,UL,0,0,0,0
178,29,DL,0,0,0,0
178,29,UL,0,0,0,0
178,30,DL,0,0,0,0
178,30,UL,0,0,0,0
178,31,DL,0,0,0,0
178,31,UL,0,0,0,0
178,32,DL,0,0,0,0
178,32,UL,0,0,0,0
178,33,DL,0,0,0,0
178,33,UL,0,0,0,0
178,34,DL,0,0,0,0
178,34,UL,0,0,0,0
178,35,DL,0,0,0,0
178,35,UL,0,0,0,0
178,36,DL,0,0,0,0
178,36,UL,0,0,0,0
178,37,DL,0,0,0,0
178,37,UL,0,0,0,0
178,38,DL,0,0,0,0
178,38,UL,0,0,0,0
178,39,DL,0,0,0,0
178,39,UL,0,0,0,0
178,40,DL,0,0,0,0
178,40,UL,0,0,0,0
178,41,DL,0,0,0,0
178,41,UL,0,0,0,0
178,42,DL,0,0,0,0
178,42,UL,0,0,0,0
178,43,DL,0,0,0,0
178,43,UL,0,0,0,0
178,44,DL,0,0,0,0
178,44,UL,0,0,0,0
178,45,DL,0,0,0,0
178,45,UL,0,0,0,0
178,46,DL,0,0,0,0
178,46,UL,0,0,0,0
178,47,DL,0,0,0,0
178,47,UL,0,0,0,0
178,48,DL,0,0,0,0
178,48,UL,0,0,0,0
178,49,DL,0,0,0,0
178,49,UL,0,0,0,0
178,50,DL,0,0,0,0
178,50,UL,0,0,0,0
178,51,DL,0,0,0,0
178,51,UL,0,0,0,0
178,52,DL,0,0,0,0
178,52,UL,0,0,0,0
178,53,DL,0,0,0,0
178,53,UL,0,0,0,0
178,54,DL,0,0,0,0
178,54,UL,0,0,0,0
178,55,DL,0,0,0,0
178,55,UL,0,0,0,0
178,56,DL,0,0,0,0
178,56,UL,0,0,0,0
178,57,DL,0,0,0,0
178,57,UL,0,0,0,0
178,58,DL,0,0,0,0
178,58,UL,0,0,0,0
178,59,DL,0,0,0,0
178,59,UL,0,0,0,0
178,60,DL,0,0,0,0
178,60,UL,0,0,0,0
178,61,DL,0,0,0,0
178,61,UL,0,0,0,0
178,62,DL,0,0,0,0
178,62,UL,0,0,0,0
178,63,DL,0,0,0,0
178,63,UL,0,0,0,0
178,64,DL,0,0,0,0
178,64,UL,0,0,0,0
178,65,DL,0,0,0,0
178,65,UL,0,0,0,0
178,66,DL,0,0,0,0
178,66,UL,0,0,0,0
178,67,DL,0,0,0,0
178,67,UL,0,0,0,0
178,68,DL,0,0,0,0
178,68,UL,0,0,0,0
178,69,DL,0,0,0,0
178,69,UL,0,0,0,0
178,70,DL,0,0,0,0
178,70,UL,0,0,0,0
178,71,DL,0,0,0,0
178,71,UL,0,0,0,0
178,72,DL,0,0,0,0
178,72,UL,0,0,0,0
178,73,DL,0,0,0,0
178,73,UL,0,0,0,0
178,74,DL,0,0,0,0
178,74,UL,0,0,0,0
178,75,DL,0,0,0,0
178,75,UL,0,0,0,0
178,76,DL,0,0,0,0
178,76,UL,0,0,0,0
178,77,DL,0,0,0,0
178,77,UL,0,0,0,0
178,78,DL,0,0,0,0
178,78,UL,0,0,0,0
178,79,DL,0,0,0,0
178,79,UL,0,0,0,0
180,0,DL,0,0,0,0
180,0,UL,0,0,0,0
180,1,DL,0,0,0,0
180,1,UL,0,0,0,0
180,2,DL,0,0,0,0
180,2,UL,0,0,0,0
180,3,DL,0,0,0,0
180,3,UL,0,0,0,0
180,4,DL,0,0,0,0
180,4,UL,0,0,0,0
180,5,DL,0,0,0,0
180,5,UL,0,0,0,0
180,6,DL,0,0,0,0
180,6,UL,0,0,0,0
180,7,DL,0,0,0,0
180,7,UL,0,0,0,0
180,8,DL,0,0,0,0
180,8,UL,0,0,0,0
180,9,DL,0,0,0,0
180,9,UL,0,0,0,0
180,10,DL,0,0,0,0
180,10,UL,0,0,0,0
180,11,DL,0,0,0,0
180,11,UL,0,0,0,0
180,12,DL,0,0,0,0
180,12,UL,0,0,0,0
180,13,DL,0,0,0,0
180,13,UL,0,0,0,0
180,14,DL,0,0,0,0
180,14,UL,0,0,0,0
180,15,DL,0,0,0,0
180,15,UL,0,0,0,0
180,16,DL,0,0,0,0
180,16,UL,0,0,0,0
180,17,DL,0,0,0,0
180,17,UL,0,0,0,0
180,18,DL,0,0,0,0
180,18,UL,0,0,0,0
180,19,DL,0,0,0,0
180,19,UL,0,0,0,0
180,20,DL,0,0,0,0
180,20,UL,0,0,0,0
180,21,DL,0,0,0,0
180,21,UL,0,0,0,0
180,22,DL,0,0,0,0
180,22,UL,0,0,0,0
180,23,DL,0,0,0,0
180,23,UL,0,0,0,0
180,24,DL,0,0,0,0
180,24,UL,0,0,0,0
180,25,DL,0,0,0,0
180,25,UL,0,0,0,0
180,26,DL,0,0,0,0
180,26,UL,0,0,0,0
180,27,DL,0,0,0,0
180,27,UL,0,0,0,0
180,28,DL,0,0,0,0
180,28,UL,0,0,0,0
180,29,DL,0,0,0,0
180,29,UL,0,0,0,0
180,30,DL,0,0,0,0
180,30,UL,0,0,0,0
180,31,DL,0,0,0,0
180,31,UL,0,0,0,0
180,32,DL,0,0,0,0
180,32,UL,0,0,0,0
180,33,DL,0,0,0,0
180,33,UL,0,0,0,0
180,34,DL,0,0,0,0
180,34,UL,0,0,0,0
180,35,DL,0,0,0,0
180,35,UL,0,0,0,0
180,36,DL,0,0,0,0
180,36,UL,0,0,0,0
180,37,DL,0,0,0,0
180,37,UL,0,0,0,0
180,38,DL,0,0,0,0
180,38,UL,0,0,0,0
180,39,DL,0,0,0,0
180,39,UL,0,0,0,0
180,40,DL,0,0,0,0
180,40,UL,0,0,0,0
180,41,DL,0,0,0,0
180,41,UL,0,0,0,0
180,42,DL,0,0,0,0
180,42,UL,0,0,0,0
180,43,DL,0,0,0,0
180,43,UL,0,0,0,0
180,44,DL,0,0,0,0
180,44,UL,0,0,0,0
180,45,DL,0,0,0,0
180,45,UL,0,0,0,0
180,46,DL,0,0,0,0
180,46,UL,0,0,0,0
180,47,DL,0,0,0,0
180,47,UL,0,0,0,0
180,48,DL,0,0,0,0
180,48,UL,0,0,0,0
180,49,DL,0,0,0,0
180,49,UL,0,0,0,0
180,50,DL,0,0,0,0
180,50,UL,0,0,0,0
180,51,DL,0,0,0,0
180,51,UL,0,0,0,0
180,52,DL,0,0,0,0
180,52,UL,0,0,0,0
180,53,DL,0,0,0,0
180,53,UL,0,0,0,0
180,54,DL,0,0,0,0
180,54,UL,0,0,0,0
180,55,DL,0,0,0,0
180,55,UL,0,0,0,0
180,56,DL,0,0,0,0
180,56,UL,0,0,0,0
180,57,DL,0,0,0,0
180,57,UL,0,0,0,0
180,58,DL,0,0,0,0
180,58,UL,0,0,0,0
180,59,DL,0,0,0,0
180,59,UL,0,0,0,0
180,60,DL,0,0,0,0
180,60,UL,0,0,0,0
180,61,DL,0,0,0,0
180,61,UL,0,0,0,0
180,62,DL,0,0,0,0
180,62,UL,0,0,0,0
180,63,DL,0,0,0,0
180,63,UL,0,0,0,0
180,64,DL,0,0,0,0
180,64,UL,0,0,0,0
180,65,DL,0,0,0,0
180,65,UL,0,0,0,0
180,66,DL,0,0,0,0
180,66,UL,0,0,0,0
180,67,DL,0,0,0,0
180,67,UL,0,0,0,0
180,68,DL,0,0,0,0
180,68,UL,0,0,0,0
180,69,DL,0,0,0,0
180,69,UL,0,0,0,0
180,70,DL,0,0,0,0
180,70,UL,0,0,0,0
180,71,DL,0,0,0,0
180,71,UL,0,0,0,0
180,72,DL,0,0,0,0
180,72,UL,0,0,0,0
180,73,DL,0,0,0,0
180,73,UL,0,0,0,0
180,74,DL,0,0,0,0
180,74,UL,0,0,0,0
180,75,DL,0,0,0,0
180,75,UL,0,0,0,0
180,76,DL,0,0,0,0
180,76,UL,0,0,0,0
180,77,DL,0,0,0,0
180,77,UL,0,0,0,0
180,78,DL,0,0,0,0
180,78,UL,0,0,0,0
180,79,DL,0,0,0,0
180,79,UL,0,0,0,0
182,0,DL,0,0,0,0
182,0,UL,0,0,0,0
182,1,DL,0,0,0,0
182,1,UL,0,0,0,0
182,2,DL,0,0,0,0
182,2,UL,0,0,0,0
182,3,DL,0,0,0,0
182,3,UL,0,0,0,0
182,4,DL,0,0,0,0
182,4,UL,0,0,0,0
182,5,DL,0,0,0,0
182,5,UL,0,0,0,0
182,6,DL,0,0,0,0
182,6,UL,0,0,0,0
182,7,DL,0,0,0,0
182,7,UL,0,0,0,0
182,8,DL,0,0,0,0
182,8,UL,0,0,0,0
182,9,DL,0,0,0,0
182,9,UL,0,0,0,0
182,10,DL,0,0,0,0
182,10,UL,0,0,0,0
182,11,DL,0,0,0,0
182,11,UL,0,0,0,0
182,12,DL,0,0,0,0
182,12,UL,0,0,0,0
182,13,DL,0,0,0,0
182,13,UL,0,0,0,0
182,14,DL,0,0,0,0
182,14,UL,0,0,0,0
182,15,DL,0,0,0,0
182,15,UL,0,0,0,0
182,16,DL,0,0,0,0
182,16,UL,0,0,0,0
182,17,DL,0,0,0,0
182,17,UL,0,0,0,0
182,18,DL,0,0,0,0
182,18,UL,0,0,0,0
182,19,DL,0,0,0,0
182,19,UL,0,0,0,0
182,20,DL,0,0,0,0
182,20,UL,0,0,0,0
182,21,DL,0,0,0,0
182,21,UL,0,0,0,0
182,22,DL,0,0,0,0
182,22,UL,0,0,0,0
182,23,DL,0,0,0,0
182,23,UL,0,0,0,0
182,24,DL,0,0,0,0
182,24,UL,0,0,0,0
182,25,DL,0,0,0,0
182,25,UL,0,0,0,0
182,26,DL,0,0,0,0
182,26,UL,0,0,0,0
182,27,DL,0,0,0,0
182,27,UL,0,0,0,0
182,28,DL,0,0,0,0
182,28,UL,0,0,0,0
182,29,DL,0,0,0,0
182,29,UL,0,0,0,0
182,30,DL,0,0,0,0
182,30,UL,0,0,0,0
182,31,DL,0,0,0,0
182,31,UL,0,0,0,0
182,32,DL,0,0,0,0
182,32,UL,0,0,0,0
182,33,DL,0,0,0,0
182,33,UL,0,0,0,0
182,34,DL,0,0,0,0
182,34,UL,0,0,0,0
182,35,DL,0,0,0,0
182,35,UL,0,0,0,0
182,36,DL,0,0,0,0
182,36,UL,0,0,0,0
182,37,DL,0,0,0,0
182,37,UL,0,0,0,0
182,38,DL,0,0,0,0
182,38,UL,0,0,0,0
182,39,DL,0,0,0,0
182,39,UL,0,0,0,0
182,40,DL,0,0,0,0
182,40,UL,0,0,0,0
182,41,DL,0,0,0,0
182,41,UL,0,0,0,0
182,42,DL,0,0,0,0
182,42,UL,0,0,0,0
182,43,DL,0,0,0,0
182,43,UL,0,0,0,0
182,44,DL,0,0,0,0
182,44,UL,0,0,0,0
182,45,DL,0,0,0,0
182,45,UL,0,0,0,0
182,46,DL,0,0,0,0
182,46,UL,0,0,0,0
182,47,DL,0,0,0,0
182,47,UL,0,0,0,0
182,48,DL,0,0,0,0
182,48,UL,0,0,0,0
182,49,DL,0,0,0,0
182,49,UL,0,0,0,0
182,50,DL,0,0,0,0
182,50,UL,0,0,0,0
182,51,DL,0,0,0,0
182,51,UL,0,0,0,0
182,52,DL,0,0,0,0
182,52,UL,0,0,0,0
182,53,DL,0,0,0,0
182,53,UL,0,0,0,0
182,54,DL,0,0,0,0
182,54,UL,0,0,0,0
182,55,DL,0,0,0,0
182,55,UL,0,0,0,0
182,56,DL,0,0,0,0
182,56,UL,0,0,0,0
182,57,DL,0,0,0,0
182,57,UL,0,0,0,0
182,58,DL,0,0,0,0
182,58,UL,0,0,0,0
182,59,DL,0,0,0,0
182,59,UL,0,0,0,0
182,60,DL,0,0,0,0
182,60,UL,0,0,0,0
182,61,DL,0,0,0,0
182,61,UL,0,0,0,0
182,62,DL,0,0,0,0
182,62,UL,0,0,0,0
182,63,DL,0,0,0,0
182,63,UL,0,0,0,0
182,64,DL,0,0,0,0
182,64,UL,0,0,0,0
182,65,DL,0,0,0,0
182,65,UL,0,0,0,0
182,66,DL,0,0,0,0
182,66,UL,0,0,0,0
182,67,DL,0,0,0,0
182,67,UL,0,0,0,0
182,68,DL,0,0,0,0
182,68,UL,0,0,0,0
182,69,DL,0,0,0,0
182,69,UL,0,0,0,0
182,70,DL,0,0,0,0
182,70,UL,0,0,0,0
182,71,DL,0,0,0,0
182,71,UL,0,0,0,0
182,72,DL,0,0,0,0
182,72,UL,0,0,0,0
182,73,DL,0,0,0,0
182,73,UL,0,0,0,0
182,74,DL,0,0,0,0
182,74,UL,0,0,0,0
182,75,DL,0,0,0,0
182,75,UL,0,0,0,0
182,76,DL,0,0,0,0
182,76,UL,0,0,0,0
182,77,DL,0,0,0,0
182,77,UL,0,0,0,0
182,78,DL,0,0,0,0
182,78,UL,0,0,0,0
182,79,DL,0,0,0,0
182,79,UL,0,0,0,0
184,0,DL,0,0,0,0
184,0,UL,0,0,0,0
184,1,DL,0,0,0,0
184,1,UL,0,0,0,0
184,2,DL,0,0,0,0
184,2,UL,0,0,0,0
184,3,DL,0,0,0,0
184,3,UL,0,0,0,0
184,4,DL,0,0,0,0
184,4,UL,0,0,0,0
184,5,DL,0,0,0,0
184,5,UL,0,0,0,0
184,6,DL,0,0,0,0
184,6,UL,0,0,0,0
184,7,DL,0,0,0,0
184,7,UL,0,0,0,0
184,8,DL,0,0,0,0
184,8,UL,0,0,0,0
184,9,DL,0,0,0,0
184,9,UL,0,0,0,0
184,10,DL,0,0,0,0
184,10,UL,0,0,0,0
184,11,DL,0,0,0,0
184,11,UL,0,0,0,0
184,12,DL,0,0,0,0
184,12,UL,0,0,0,0
184,13,DL,0,0,0,0
184,13,UL,0,0,0,0
184,14,DL,0,0,0,0
184,14,UL,0,0,0,0
184,15,DL,0,0,0,0
184,15,UL,0,0,0,0
184,16,DL,0,0,0,0
184,16,UL,0,0,0,0
184,17,DL,0,0,0,0
184,17,UL,0,0,0,0
184,18,DL,0,0,0,0
184,18,UL,0,0,0,0
184,19,DL,0,0,0,0
184,19,UL,0,0,0,0
184,20,DL,0,0,0,0
184,20,UL,0,0,0,0
184,21,DL,0,0,0,0
184,21,UL,0,0,0,0
184,22,DL,0,0,0,0
184,22,UL,0,0,0,0
184,23,DL,0,0,0,0
184,23,UL,0,0,0,0
184,24,DL,0,0,0,0
184,24,UL,0,0,0,0
184,25,DL,0,0,0,0
184,25,UL,0,0,0,0
184,26,DL,0,0,0,0
184,26,UL,0,0,0,0
184,27,DL,0,0,0,0
184,27,UL,0,0,0,0
184,28,DL,0,0,0,0
184,28,UL,0,0,0,0
184,29,DL,0,0,0,0
184,29,UL,0,0,0,0
184,30,DL,0,0,0,0
184,30,UL,0,0,0,0
184,31,DL,0,0,0,0
184,31,UL,0,0,0,0
184,32,DL,0,0,0,0
184,32,UL,0,0,0,0
184,33,DL,0,0,0,0
184,33,UL,0,0,0,0
184,34,DL,0,0,0,0
184,34,UL,0,0,0,0
184,35,DL,0,0,0,0
184,35,UL,0,0,0,0
184,36,DL,0,0,0,0
184,36,UL,0,0,0,0
184,37,DL,0,0,0,0
184,37,UL,0,0,0,0
184,38,DL,0,0,0,0
184,38,UL,0,0,0,0
184,39,DL,0,0,0,0
184,39,UL,0,0,0,0
184,40,DL,0,0,0,0
184,40,UL,0,0,0,0
184,41,DL,0,0,0,0
184,41,UL,0,0,0,0
184,42,DL,0,0,0,0
184,42,UL,0,0,0,0
184,43,DL,0,0,0,0
184,43,UL,0,0,0,0
184,44,DL,0,0,0,0
184,44,UL,0,0,0,0
184,45,DL,0,0,0,0
184,45,UL,0,0,0,0
184,46,DL,0,0,0,0
184,46,UL,0,0,0,0
184,47,DL,0,0,0,0
184,47,UL,0,0,0,0
184,48,DL,0,0,0,0
184,48,UL,0,0,0,0
184,49,DL,0,0,0,0
184,49,UL,0,0,0,0
184,50,DL,0,0,0,0
184,50,UL,0,0,0,0
184,51,DL,0,0,0,0
184,51,UL,0,0,0,0
184,52,DL,0,0,0,0
184,52,UL,0,0,0,0
184,53,DL,0,0,0,0
184,53,UL,0,0,0,0
184,54,DL,0,0,0,0
184,54,UL,0,0,0,0
184,55,DL,0,0,0,0
184,55,UL,0,0,0,0
184,56,DL,0,0,0,0
184,56,UL,0,0,0,0
184,57,DL,0,0,0,0
184,57,UL,0,0,0,0
184,58,DL,0,0,0,0
184,58,UL,0,0,0,0
184,59,DL,0,0,0,0
184,59,UL,0,0,0,0
184,60,DL,0,0,0,0
184,60,UL,0,0,0,0
184,61,DL,0,0,0,0
184,61,UL,0,0,0,0
184,62,DL,0,0,0,0
184,62,UL,0,0,0,0
184,63,DL,0,0,0,0
184,63,UL,0,0,0,0
184,64,DL,0,0,0,0
184,64,UL,0,0,0,0
184,65,DL,0,0,0,0
184,65,UL,0,0,0,0
184,66,DL,0.0176,0.0375,0.00784302,4
184,66,UL,0,0,0,0
184,67,DL,0,0,0,0
184,67,UL,0,0,0,0
184,68,DL,0,0,0,0
184,68,UL,0,0,0,0
184,69,DL,0,0,0,0
184,69,UL,0,0,0,0
184,70,DL,0,0,0,0
184,70,UL,0,0,0,0
184,71,DL,0,0,0,0
184,71,UL,0,0,0,0
184,72,DL,0,0,0,0
184,72,UL,0,0,0,0
184,73,DL,0,0,0,0
184,73,UL,0,0,0,0
184,74,DL,0,0,0,0
184,74,UL,0,0,0,0
184,75,DL,0,0,0,0
184,75,UL,0,0,0,0
184,76,DL,0,0,0,0
184,76,UL,0,0,0,0
184,77,DL,0,0,0,0
184,77,UL,0,0,0,0
184,78,DL,0,0,0,0
184,78,UL,0,0,0,0
184,79,DL,0,0,0,0
184,79,UL,0,0,0,0
186,0,DL,0,0,0,0
186,0,UL,0,0,0,0
186,1,DL,0,0,0,0
186,1,UL,0,0,0,0
186,2,DL,0,0,0,0
186,2,UL,0,0,0,0
186,3,DL,0,0,0,0
186,3,UL,0,0,0,0
186,4,DL,0,0,0,0
186,4,UL,0,0,0,0
186,5,DL,0,0,0,0
186,5,UL,0,0,0,0
186,6,DL,0,0,0,0
186,6,UL,0,0,0,0
186,7,DL,0,0,0,0
186,7,UL,0,0,0,0
186,8,DL,0,0,0,0
186,8,UL,0,0,0,0
186,9,DL,0,0,0,0
186,9,UL,0,0,0,0
186,10,DL,0,0,0,0
186,10,UL,0,0,0,0
186,11,DL,0,0,0,0
186,11,UL,0,0,0,0
186,12,DL,0,0,0,0
186,12,UL,0,0,0,0
186,13,DL,0,0,0,0
186,13,UL,0,0,0,0
186,14,DL,0,0,0,0
186,14,UL,0,0,0,0
186,15,DL,0,0,0,0
186,15,UL,0,0,0,0
186,16,DL,0,0,0,0
186,16,UL,0,0,0,0
186,17,DL,0,0,0,0
186,17,UL,0,0,0,0
186,18,DL,0,0,0,0
186,18,UL,0,0,0,0
186,19,DL,0,0,0,0
186,19,UL,0,0,0,0
186,20,DL,0,0,0,0
186,20,UL,0,0,0,0
186,21,DL,0,0,0,0
186,21,UL,0,0,0,0
186,22,DL,0,0,0,0
186,22,UL,0,0,0,0
186,23,DL,0,0,0,0
186,23,UL,0,0,0,0
186,24,DL,0,0,0,0
186,24,UL,0,0,0,0
186,25,DL,0,0,0,0
186,25,UL,0,0,0,0
186,26,DL,0,0,0,0
186,26,UL,0,0,0,0
186,27,DL,0,0,0,0
186,27,UL,0,0,0,0
186,28,DL,0,0,0,0
186,28,UL,0,0,0,0
186,29,DL,0,0,0,0
186,29,UL,0,0,0,0
186,30,DL,0,0,0,0
186,30,UL,0,0,0,0
186,31,DL,0,0,0,0
186,31,UL,0,0,0,0
186,32,DL,0,0,0,0
186,32,UL,0,0,0,0
186,33,DL,0,0,0,0
186,33,UL,0,0,0,0
186,34,DL,0,0,0,0
186,34,UL,0,0,0,0
186,35,DL,0,0,0,0
186,35,UL,0,0,0,0
186,36,DL,0,0,0,0
186,36,UL,0,0,0,0
186,37,DL,0,0,0,0
186,37,UL,0,0,0,0
186,38,DL,0,0,0,0
186,38,UL,0,0,0,0
186,39,DL,0,0,0,0
186,39,UL,0,0,0,0
186,40,DL,0,0,0,0
186,40,UL,0,0,0,0
186,41,DL,0,0,0,0
186,41,UL,0,0,0,0
186,42,DL,0,0,0,0
186,42,UL,0,0,0,0
186,43,DL,0,0,0,0
186,43,UL,0,0,0,0
186,44,DL,0,0,0,0
186,44,UL,0,0,0,0
186,45,DL,0,0,0,0
186,45,UL,0,0,0,0
186,46,DL,0,0,0,0
186,46,UL,0,0,0,0
186,47,DL,0,0,0,0
186,47,UL,0,0,0,0
186,48,DL,0,0,0,0
186,48,UL,0,0,0,0
186,49,DL,0,0,0,0
186,49,UL,0,0,0,0
186,50,DL,0,0,0,0
186,50,UL,0,0,0,0
186,51,DL,0,0,0,0
186,51,UL,0,0,0,0
186,52,DL,0,0,0,0
186,52,UL,0,0,0,0
186,53,DL,0,0,0,0
186,53,UL,0,0,0,0
186,54,DL,0,0,0,0
186,54,UL,0,0,0,0
186,55,DL,0,0,0,0
186,55,UL,0,0,0,0
186,56,DL,0,0,0,0
186,56,UL,0,0,0,0
186,57,DL,0,0,0,0
186,57,UL,0,0,0,0
186,58,DL,0,0,0,0
186,58,UL,0,0,0,0
186,59,DL,0,0,0,0
186,59,UL,0,0,0,0
186,60,DL,0,0,0,0
186,60,UL,0,0,0,0
186,61,DL,0,0,0,0
186,61,UL,0,0,0,0
186,62,DL,0,0,0,0
186,62,UL,0,0,0,0
186,63,DL,0,0,0,0
186,63,UL,0,0,0,0
186,64,DL,0,0,0,0
186,64,UL,0,0,0,0
186,65,DL,0,0,0,0
186,65,UL,0,0,0,0
186,66,DL,0,0,0,0
186,66,UL,0,0,0,0
186,67,DL,0,0,0,0
186,67,UL,0,0,0,0
186,68,DL,0,0,0,0
186,68,UL,0,0,0,0
186,69,DL,0,0,0,0
186,69,UL,0,0,0,0
186,70,DL,0,0,0,0
186,70,UL,0,0,0,0
186,71,DL,0,0,0,0
186,71,UL,0,0,0,0
186,72,DL,0.0231,0.0135,0.00784302,4
186,72,UL,0,0,0,0
186,73,DL,0,0,0,0
186,73,UL,0,0,0,0
186,74,DL,0,0,0,0
186,74,UL,0,0,0,0
186,75,DL,0,0,0,0
186,75,UL,0,0,0,0
186,76,DL,0,0,0,0
186,76,UL,0,0,0,0
186,77,DL,0,0,0,0
186,77,UL,0,0,0,0
186,78,DL,0,0,0,0
186,78,UL,0,0,0,0
186,79,DL,0,0,0,0
186,79,UL,0,0,0,0
188,0,DL,0,0,0,0
188,0,UL,0,0,0,0
188,1,DL,0,0,0,0
188,1,UL,0,0,0,0
188,2,DL,0,0,0,0
188,2,UL,0,0,0,0
188,3,DL,0,0,0,0
188,3,UL,0,0,0,0
188,4,DL,0,0,0,0
188,4,UL,0,0,0,0
188,5,DL,0,0,0,0
188,5,UL,0,0,0,0
188,6,DL,0,0,0,0
188,6,UL,0,0,0,0
188,7,DL,0,0,0,0
188,7,UL,0,0,0,0
188,8,DL,0,0,0,0
188,8,UL,0,0,0,0
188,9,DL,0,0,0,0
188,9,UL,0,0,0,0
188,10,DL,0,0,0,0
188,10,UL,0,0,0,0
188,11,DL,0,0,0,0
188,11,UL,0,0,0,0
188,12,DL,0,0,0,0
188,12,UL,0,0,0,0
188,13,DL,0,0,0,0
188,13,UL,0,0,0,0
188,14,DL,0,0,0,0
188,14,UL,0,0,0,0
188,15,DL,0,0,0,0
188,15,UL,0,0,0,0
188,16,DL,0,0,0,0
188,16,UL,0,0,0,0
188,17,DL,0,0,0,0
188,17,UL,0,0,0,0
188,18,DL,0,0,0,0
188,18,UL,0,0,0,0
188,19,DL,0,0,0,0
188,19,UL,0,0,0,0
188,20,DL,0,0,0,0
188,20,UL,0,0,0,0
188,21,DL,0,0,0,0
188,21,UL,0,0,0,0
188,22,DL,0,0,0,0
188,22,UL,0,0,0,0
188,23,DL,0,0,0,0
188,23,UL,0,0,0,0
188,24,DL,0,0,0,0
188,24,UL,0,0,0,0
188,25,DL,0,0,0,0
188,25,UL,0,0,0,0
188,26,DL,0,0,0,0
188,26,UL,0,0,0,0
188,27,DL,0,0,0,0
188,27,UL,0,0,0,0
188,28,DL,0,0,0,0
188,28,UL,0,0,0,0
188,29,DL,0,0,0,0
188,29,UL,0,0,0,0
188,30,DL,0,0,0,0
188,30,UL,0,0,0,0
188,31,DL,0,0,0,0
188,31,UL,0,0,0,0
188,32,DL,0,0,0,0
188,32,UL,0,0,0,0
188,33,DL,0,0,0,0
188,33,UL,0,0,0,0
188,34,DL,0,0,0,0
188,34,UL,0,0,0,0
188,35,DL,0,0,0,0
188,35,UL,0,0,0,0
188,36,DL,0,0,0,0
188,36,UL,0,0,0,0
188,37,DL,0,0,0,0
188,37,UL,0,0,0,0
188,38,DL,0,0,0,0
188,38,UL,0,0,0,0
188,39,DL,0,0,0,0
188,39,UL,0,0,0,0
188,40,DL,0,0,0,0
188,40,UL,0,0,0,0
188,41,DL,0,0,0,0
188,41,UL,0,0,0,0
188,42,DL,0,0,0,0
188,42,UL,0,0,0,0
188,43,DL,0,0,0,0
188,43,UL,0,0,0,0
188,44,DL,0,0,0,0
188,44,UL,0,0,0,0
188,45,DL,0,0,0,0
188,45,UL,0,0,0,0
188,46,DL,0,0,0,0
188,46,UL,0,0,0,0
188,47,DL,0,0,0,0
188,47,UL,0,0,0,0
188,48,DL,0,0,0,0
188,48,UL,0,0,0,0
188,49,DL,0,0,0,0
188,49,UL,0,0,0,0
188,50,DL,0,0,0,0
188,50,UL,0,0,0,0
188,51,DL,0,0,0,0
188,51,UL,0,0,0,0
188,52,DL,0,0,0,0
188,52,UL,0,0,0,0
188,53,DL,0,0,0,0
188,53,UL,0,0,0,0
188,54,DL,0,0,0,0
188,54,UL,0,0,0,0
188,55,DL,0,0,0,0
188,55,UL,0,0,0,0
188,56,DL,0,0,0,0
188,56,UL,0,0,0,0
188,57,DL,0,0,0,0
188,57,UL,0,0,0,0
188,58,DL,0,0,0,0
188,58,UL,0,0,0,0
188,59,DL,0,0,0,0
188,59,UL,0,0,0,0
188,60,DL,0,0,0,0
188,60,UL,0,0,0,0
188,61,DL,0,0,0,0
188,61,UL,0,0,0,0
188,62,DL,0,0,0,0
188,62,UL,0,0,0,0
188,63,DL,0,0,0,0
188,63,UL,0,0,0,0
188,64,DL,0,0,0,0
188,64,UL,0,0,0,0
188,65,DL,0,0,0,0
188,65,UL,0,0,0,0
188,66,DL,0,0,0,0
188,66,UL,0,0,0,0
188,67,DL,0,0,0,0
188,67,UL,0,0,0,0
188,68,DL,0,0,0,0
188,68,UL,0,0,0,0
188,69,DL,0,0,0,0
188,69,UL,0,0,0,0
188,70,DL,0,0,0,0
188,70,UL,0,0,0,0
188,71,DL,0,0,0,0
188,71,UL,0,0,0,0
188,72,DL,0,0,0,0
188,72,UL,0,0,0,0
188,73,DL,0,0,0,0
188,73,UL,0,0,0,0
188,74,DL,0,0,0,0
188,74,UL,0,0,0,0
188,75,DL,0,0,0,0
188,75,UL,0,0,0,0
188,76,DL,0,0,0,0
188,76,UL,0,0,0,0
188,77,DL,0,0,0,0
188,77,UL,0,0,0,0
188,78,DL,0,0,0,0
188,78,UL,0,0,0,0
188,79,DL,0,0,0,0
188,79,UL,0,0,0,0
190,0,DL,0,0,0,0
190,0,UL,0,0,0,0
190,1,DL,0,0,0,0
190,1,UL,0,0,0,0
190,2,DL,0,0,0,0
190,2,UL,0,0,0,0
190,3,DL,0,0,0,0
190,3,UL,0,0,0,0
190,4,DL,0,0,0,0
190,4,UL,0,0,0,0
190,5,DL,0,0,0,0
190,5,UL,0,0,0,0
190,6,DL,0,0,0,0
190,6,UL,0,0,0,0
190,7,DL,0,0,0,0
190,7,UL,0,0,0,0
190,8,DL,0,0,0,0
190,8,UL,0,0,0,0
190,9,DL,0,0,0,0
190,9,UL,0,0,0,0
190,10,DL,0,0,0,0
190,10,UL,0,0,0,0
190,11,DL,0,0,0,0
190,11,UL,0,0,0,0
190,12,DL,0,0,0,0
190,12,UL,0,0,0,0
190,13,DL,0,0,0,0
190,13,UL,0,0,0,0
190,14,DL,0,0,0,0
190,14,UL,0,0,0,0
190,15,DL,0,0,0,0
190,15,UL,0,0,0,0
190,16,DL,0,0,0,0
190,16,UL,0,0,0,0
190,17,DL,0,0,0,0
190,17,UL,0,0,0,0
190,18,DL,0,0,0,0
190,18,UL,0,0,0,0
190,19,DL,0,0,0,0
190,19,UL,0,0,0,0
190,20,DL,0,0,0,0
190,20,UL,0,0,0,0
190,21,DL,0,0,0,0
190,21,UL,0,0,0,0
190,22,DL,0,0,0,0
190,22,UL,0,0,0,0
190,23,DL,0,0,0,0
190,23,UL,0,0,0,0
190,24,DL,0,0,0,0
190,24,UL,0,0,0,0
190,25,DL,0,0,0,0
190,25,UL,0,0,0,0
190,26,DL,0,0,0,0
190,26,UL,0,0,0,0
190,27,DL,0,0,0,0
190,27,UL,0,0,0,0
190,28,DL,0,0,0,0
190,28,UL,0,0,0,0
190,29,DL,0,0,0,0
190,29,UL,0,0,0,0
190,30,DL,0,0,0,0
190,30,UL,0,0,0,0
190,31,DL,0,0,0,0
190,31,UL,0,0,0,0
190,32,DL,0,0,0,0
190,32,UL,0,0,0,0
190,33,DL,0,0,0,0
190,33,UL,0,0,0,0
190,34,DL,0,0,0,0
190,34,UL,0,0,0,0
190,35,DL,0,0,0,0
190,35,UL,0,0,0,0
190,36,DL,0,0,0,0
190,36,UL,0,0,0,0
190,37,DL,0,0,0,0
190,37,UL,0,0,0,0
190,38,DL,0,0,0,0
190,38,UL,0,0,0,0
190,39,DL,0,0,0,0
190,39,UL,0,0,0,0
190,40,DL,0,0,0,0
190,40,UL,0,0,0,0
190,41,DL,0,0,0,0
190,41,UL,0,0,0,0
190,42,DL,0,0,0,0
190,42,UL,0,0,0,0
190,43,DL,0,0,0,0
190,43,UL,0,0,0,0
190,44,DL,0,0,0,0
190,44,UL,0,0,0,0
190,45,DL,0,0,0,0
190,45,UL,0,0,0,0
190,46,DL,0,0,0,0
190,46,UL,0,0,0,0
190,47,DL,0,0,0,0
190,47,UL,0,0,0,0
190,48,DL,0,0,0,0
190,48,UL,0,0,0,0
190,49,DL,0,0,0,0
190,49,UL,0,0,0,0
190,50,DL,0,0,0,0
190,50,UL,0,0,0,0
190,51,DL,0,0,0,0
190,51,UL,0,0,0,0
190,52,DL,0,0,0,0
190,52,UL,0,0,0,0
190,53,DL,0,0,0,0
190,53,UL,0,0,0,0
190,54,DL,0,0,0,0
190,54,UL,0,0,0,0
190,55,DL,0,0,0,0
190,55,UL,0,0,0,0
190,56,DL,0,0,0,0
190,56,UL,0,0,0,0
190,57,DL,0,0,0,0
190,57,UL,0,0,0,0
190,58,DL,0,0,0,0
190,58,UL,0,0,0,0
190,59,DL,0,0,0,0
190,59,UL,0,0,0,0
190,60,DL,0,0,0,0
190,60,UL,0,0,0,0
190,61,DL,0,0,0,0
190,61,UL,0,0,0,0
190,62,DL,0,0,0,0
190,62,UL,0,0,0,0
190,63,DL,0,0,0,0
190,63,UL,0,0,0,0
190,64,DL,0,0,0,0
190,64,UL,0,0,0,0
190,65,DL,0,0,0,0
190,65,UL,0,0,0,0
190,66,DL,0,0,0,0
190,66,UL,0,0,0,0
190,67,DL,0,0,0,0
190,67,UL,0,0,0,0
190,68,DL,0,0,0,0
190,68,UL,0,0,0,0
190,69,DL,0,0,0,0
190,69,UL,0,0,0,0
190,70,DL,0,0,0,0
190,70,UL,0,0,0,0
190,71,DL,0,0,0,0
190,71,UL,0,0,0,0
190,72,DL,0,0,0,0
190,72,UL,0,0,0,0
190,73,DL,0,0,0,0
190,73,UL,0,0,0,0
190,74,DL,0,0,0,0
190,74,UL,0,0,0,0
190,75,DL,0,0,0,0
190,75,UL,0,0,0,0
190,76,DL,0,0,0,0
190,76,UL,0,0,0,0
190,77,DL,0,0,0,0
190,77,UL,0,0,0,0
190,78,DL,0,0,0,0
190,78,UL,0,0,0,0
190,79,DL,0,0,0,0
190,79,UL,0,0,0,0
192,0,DL,0,0,0,0
192,0,UL,0,0,0,0
192,1,DL,0,0,0,0
192,1,UL,0,0,0,0
192,2,DL,0,0,0,0
192,2,UL,0,0,0,0
192,3,DL,0,0,0,0
192,3,UL,0,0,0,0
192,4,DL,0,0,0,0
192,4,UL,0,0,0,0
192,5,DL,0,0,0,0
192,5,UL,0,0,0,0
192,6,DL,0,0,0,0
192,6,UL,0,0,0,0
192,7,DL,0,0,0,0
192,7,UL,0,0,0,0
192,8,DL,0,0,0,0
192,8,UL,0,0,0,0
192,9,DL,0,0,0,0
192,9,UL,0,0,0,0
192,10,DL,0.0350286,0.00907143,0.00392151,2
192,10,UL,0,0,0,0
192,11,DL,0,0,0,0
192,11,UL,0,0,0,0
192,12,DL,0,0,0,0
192,12,UL,0,0,0,0
192,13,DL,0,0,0,0
192,13,UL,0,0,0,0
192,14,DL,0,0,0,0
192,14,UL,0,0,0,0
192,15,DL,0,0,0,0
192,15,UL,0,0,0,0
192,16,DL,0,0,0,0
192,16,UL,0,0,0,0
192,17,DL,0,0,0,0
192,17,UL,0,0,0,0
192,18,DL,0,0,0,0
192,18,UL,0,0,0,0
192,19,DL,0,0,0,0
192,19,UL,0,0,0,0
192,20,DL,0,0,0,0
192,20,UL,0,0,0,0
192,21,DL,0,0,0,0
192,21,UL,0,0,0,0
192,22,DL,0,0,0,0
192,22,UL,0,0,0,0
192,23,DL,0,0,0,0
192,23,UL,0,0,0,0
192,24,DL,0,0,0,0
192,24,UL,0,0,0,0
192,25,DL,0,0,0,0
192,25,UL,0,0,0,0
192,26,DL,0,0,0,0
192,26,UL,0,0,0,0
192,27,DL,0,0,0,0
192,27,UL,0,0,0,0
192,28,DL,0,0,0,0
192,28,UL,0,0,0,0
192,29,DL,0,0,0,0
192,29,UL,0,0,0,0
192,30,DL,0,0,0,0
192,30,UL,0,0,0,0
192,31,DL,0,0,0,0
192,31,UL,0,0,0,0
192,32,DL,0,0,0,0
192,32,UL,0,0,0,0
192,33,DL,0,0,0,0
192,33,UL,0,0,0,0
192,34,DL,0,0,0,0
192,34,UL,0,0,0,0
192,35,DL,0,0,0,0
192,35,UL,0,0,0,0
192,36,DL,0,0,0,0
192,36,UL,0,0,0,0
192,37,DL,0,0,0,0
192,37,UL,0,0,0,0
192,38,DL,0,0,0,0
192,38,UL,0,0,0,0
192,39,DL,0,0,0,0
192,39,UL,0,0,0,0
192,40,DL,0,0,0,0
192,40,UL,0,0,0,0
192,41,DL,0,0,0,0
192,41,UL,0,0,0,0
192,42,DL,0,0,0,0
192,42,UL,0,0,0,0
192,43,DL,0,0,0,0
192,43,UL,0,0,0,0
192,44,DL,0,0,0,0
192,44,UL,0,0,0,0
192,45,DL,0,0,0,0
192,45,UL,0,0,0,0
192,46,DL,0,0,0,0
192,46,UL,0,0,0,0
192,47,DL,0,0,0,0
192,47,UL,0,0,0,0
192,48,DL,0,0,0,0
192,48,UL,0,0,0,0
192,49,DL,0,0,0,0
192,49,UL,0,0,0,0
192,50,DL,0,0,0,0
192,50,UL,0,0,0,0
192,51,DL,0,0,0,0
192,51,UL,0,0,0,0
192,52,DL,0,0,0,0
192,52,UL,0,0,0,0
192,53,DL,0,0,0,0
192,53,UL,0,0,0,0
192,54,DL,0,0,0,0
192,54,UL,0,0,0,0
192,55,DL,0,0,0,0
192,55,UL,0,0,0,0
192,56,DL,0,0,0,0
192,56,UL,0,0,0,0
192,57,DL,0,0,0,0
192,57,UL,0,0,0,0
192,58,DL,0,0,0,0
192,58,UL,0,0,0,0
192,59,DL,0,0,0,0
192,59,UL,0,0,0,0
192,60,DL,0,0,0,0
192,60,UL,0,0,0,0
192,61,DL,0,0,0,0
192,61,UL,0,0,0,0
192,62,DL,0,0,0,0
192,62,UL,0,0,0,0
192,63,DL,0,0,0,0
192,63,UL,0,0,0,0
192,64,DL,0,0,0,0
192,64,UL,0,0,0,0
192,65,DL,0,0,0,0
192,65,UL,0,0,0,0
192,66,DL,0.0538444,0.0413459,0.0745087,38
192,66,UL,0,0,0,0
192,67,DL,0,0,0,0
192,67,UL,0,0,0,0
192,68,DL,0,0,0,0
192,68,UL,0,0,0,0
192,69,DL,0,0,0,0
192,69,UL,0,0,0,0
192,70,DL,0.0531,0.0505,0.00784302,4
192,70,UL,0,0,0,0
192,71,DL,0,0,0,0
192,71,UL,0,0,0,0
192,72,DL,0,0,0,0
192,72,UL,0,0,0,0
192,73,DL,0,0,0,0
192,73,UL,0,0,0,0
192,74,DL,0,0,0,0
192,74,UL,0,0,0,0
192,75,DL,0,0,0,0
192,75,UL,0,0,0,0
192,76,DL,0,0,0,0
192,76,UL,0,0,0,0
192,77,DL,0,0,0,0
192,77,UL,0,0,0,0
192,78,DL,0.365314,0.081,0.0549011,28
192,78,UL,0,0,0,0
192,79,DL,0,0,0,0
192,79,UL,0,0,0,0
194,0,DL,0,0,0,0
194,0,UL,0,0,0,0
194,1,DL,0,0,0,0
194,1,UL,0,0,0,0
194,2,DL,0,0,0,0
194,2,UL,0,0,0,0
194,3,DL,0,0,0,0
194,3,UL,0,0,0,0
194,4,DL,0,0,0,0
194,4,UL,0,0,0,0
194,5,DL,0,0,0,0
194,5,UL,0,0,0,0
194,6,DL,0,0,0,0
194,6,UL,0,0,0,0
194,7,DL,0,0,0,0
194,7,UL,0,0,0,0
194,8,DL,0,0,0,0
194,8,UL,0,0,0,0
194,9,DL,0,0,0,0
194,9,UL,0,0,0,0
194,10,DL,0,0,0,0
194,10,UL,0,0,0,0
194,11,DL,0,0,0,0
194,11,UL,0,0,0,0
194,12,DL,0,0,0,0
194,12,UL,0,0,0,0
194,13,DL,0,0,0,0
194,13,UL,0,0,0,0
194,14,DL,0,0,0,0
194,14,UL,0,0,0,0
194,15,DL,0,0,0,0
194,15,UL,0,0,0,0
194,16,DL,0,0,0,0
194,16,UL,0,0,0,0
194,17,DL,0,0,0,0
194,17,UL,0,0,0,0
194,18,DL,0,0,0,0
194,18,UL,0,0,0,0
194,19,DL,0,0,0,0
194,19,UL,0,0,0,0
194,20,DL,0,0,0,0
194,20,UL,0,0,0,0
194,21,DL,0.0954571,0.0599444,0.0352936,18
194,21,UL,0,0,0,0
194,22,DL,0,0,0,0
194,22,UL,0,0,0,0
194,23,DL,0,0,0,0
194,23,UL,0,0,0,0
194,24,DL,0,0,0,0
194,24,UL,0,0,0,0
194,25,DL,0,0,0,0
194,25,UL,0,0,0,0
194,26,DL,0,0,0,0
194,26,UL,0,0,0,0
194,27,DL,0,0,0,0
194,27,UL,0,0,0,0
194,28,DL,0,0,0,0
194,28,UL,0,0,0,0
194,29,DL,0,0,0,0
194,29,UL,0,0,0,0
194,30,DL,0,0,0,0
194,30,UL,0,0,0,0
194,31,DL,0,0,0,0
194,31,UL,0,0,0,0
194,32,DL,0,0,0,0
194,32,UL,0,0,0,0
194,33,DL,0,0,0,0
194,33,UL,0,0,0,0
194,34,DL,0,0,0,0
194,34,UL,0,0,0,0
194,35,DL,0,0,0,0
194,35,UL,0,0,0,0
194,36,DL,0,0,0,0
194,36,UL,0,0,0,0
194,37,DL,0,0,0,0
194,37,UL,0,0,0,0
194,38,DL,0,0,0,0
194,38,UL,0,0,0,0
194,39,DL,0,0,0,0
194,39,UL,0,0,0,0
194,40,DL,0,0,0,0
194,40,UL,0,0,0,0
194,41,DL,0,0,0,0
194,41,UL,0,0,0,0
194,42,DL,0,0,0,0
194,42,UL,0,0,0,0
194,43,DL,0,0,0,0
194,43,UL,0,0,0,0
194,44,DL,0,0,0,0
194,44,UL,0,0,0,0
194,45,DL,0,0,0,0
194,45,UL,0,0,0,0
194,46,DL,0,0,0,0
194,46,UL,0,0,0,0
194,47,DL,0,0,0,0
194,47,UL,0,0,0,0
194,48,DL,0,0,0,0
194,48,UL,0,0,0,0
194,49,DL,0,0,0,0
194,49,UL,0,0,0,0
194,50,DL,0,0,0,0
194,50,UL,0,0,0,0
194,51,DL,0,0,0,0
194,51,UL,0,0,0,0
194,52,DL,0,0,0,0
194,52,UL,0,0,0,0
194,53,DL,0,0,0,0
194,53,UL,0,0,0,0
194,54,DL,0,0,0,0
194,54,UL,0,0,0,0
194,55,DL,0,0,0,0
194,55,UL,0,0,0,0
194,56,DL,0,0,0,0
194,56,UL,0,0,0,0
194,57,DL,0,0,0,0
194,57,UL,0,0,0,0
194,58,DL,0,0,0,0
194,58,UL,0,0,0,0
194,59,DL,0,0,0,0
194,59,UL,0,0,0,0
194,60,DL,0,0,0,0
194,60,UL,0,0,0,0
194,61,DL,0,0,0,0
194,61,UL,0,0,0,0
194,62,DL,0,0,0,0
194,62,UL,0,0,0,0
194,63,DL,0,0,0,0
194,63,UL,0,0,0,0
194,64,DL,0,0,0,0
194,64,UL,0,0,0,0
194,65,DL,0,0,0,0
194,65,UL,0,0,0,0
194,66,DL,0,0,0,0
194,66,UL,0,0,0,0
194,67,DL,0,0,0,0
194,67,UL,0,0,0,0
194,68,DL,0,0,0,0
194,68,UL,0,0,0,0
194,69,DL,0,0,0,0
194,69,UL,0,0,0,0
194,70,DL,0,0,0,0
194,70,UL,0,0,0,0
194,71,DL,0,0,0,0
194,71,UL,0,0,0,0
194,72,DL,0,0,0,0
194,72,UL,0,0,0,0
194,73,DL,0,0,0,0
194,73,UL,0,0,0,0
194,74,DL,0,0,0,0
194,74,UL,0,0,0,0
194,75,DL,0,0,0,0
194,75,UL,0,0,0,0
194,76,DL,0,0,0,0
194,76,UL,0,0,0,0
194,77,DL,0,0,0,0
194,77,UL,0,0,0,0
194,78,DL,0,0,0,0
194,78,UL,0,0,0,0
194,79,DL,0,0,0,0
194,79,UL,0,0,0,0
196,0,DL,0,0,0,0
196,0,UL,0,0,0,0
196,1,DL,0,0,0,0
196,1,UL,0,0,0,0
196,2,DL,0,0,0,0
196,2,UL,0,0,0,0
196,3,DL,0,0,0,0
196,3,UL,0,0,0,0
196,4,DL,0,0,0,0
196,4,UL,0,0,0,0
196,5,DL,0,0,0,0
196,5,UL,0,0,0,0
196,6,DL,0,0,0,0
196,6,UL,0,0,0,0
196,7,DL,0,0,0,0
196,7,UL,0,0,0,0
196,8,DL,0,0,0,0
196,8,UL,0,0,0,0
196,9,DL,0,0,0,0
196,9,UL,0,0,0,0
196,10,DL,0,0,0,0
196,10,UL,0,0,0,0
196,11,DL,0,0,0,0
196,11,UL,0,0,0,0
196,12,DL,0,0,0,0
196,12,UL,0,0,0,0
196,13,DL,0,0,0,0
196,13,UL,0,0,0,0
196,14,DL,0,0,0,0
196,14,UL,0,0,0,0
196,15,DL,0,0,0,0
196,15,UL,0,0,0,0
196,16,DL,0,0,0,0
196,16,UL,0,0,0,0
196,17,DL,0,0,0,0
196,17,UL,0,0,0,0
196,18,DL,0,0,0,0
196,18,UL,0,0,0,0
196,19,DL,0,0,0,0
196,19,UL,0,0,0,0
196,20,DL,0,0,0,0
196,20,UL,0,0,0,0
196,21,DL,0,0,0,0
196,21,UL,0,0,0,0
196,22,DL,0,0,0,0
196,22,UL,0,0,0,0
196,23,DL,0,0,0,0
196,23,UL,0,0,0,0
196,24,DL,0,0,0,0
196,24,UL,0,0,0,0
196,25,DL,0,0,0,0
196,25,UL,0,0,0,0
196,26,DL,0,0,0,0
196,26,UL,0,0,0,0
196,27,DL,0,0,0,0
196,27,UL,0,0,0,0
196,28,DL,0,0,0,0
196,28,UL,0,0,0,0
196,29,DL,0,0,0,0
196,29,UL,0,0,0,0
196,30,DL,0,0,0,0
196,30,UL,0,0,0,0
196,31,DL,0,0,0,0
196,31,UL,0,0,0,0
196,32,DL,0,0,0,0
196,32,UL,0,0,0,0
196,33,DL,0,0,0,0
196,33,UL,0,0,0,0
196,34,DL,0,0,0,0
196,34,UL,0,0,0,0
196,35,DL,0,0,0,0
196,35,UL,0,0,0,0
196,36,DL,0,0,0,0
196,36,UL,0,0,0,0
196,37,DL,0,0,0,0
196,37,UL,0,0,0,0
196,38,DL,0,0,0,0
196,38,UL,0,0,0,0
196,39,DL,0,0,0,0
196,39,UL,0,0,0,0
196,40,DL,0,0,0,0
196,40,UL,0,0,0,0
196,41,DL,0,0,0,0
196,41,UL,0,0,0,0
196,42,DL,0,0,0,0
196,42,UL,0,0,0,0
196,43,DL,0,0,0,0
196,43,UL,0,0,0,0
196,44,DL,0,0,0,0
196,44,UL,0,0,0,0
196,45,DL,0,0,0,0
196,45,UL,0,0,0,0
196,46,DL,0,0,0,0
196,46,UL,0,0,0,0
196,47,DL,0,0,0,0
196,47,UL,0,0,0,0
196,48,DL,0,0,0,0
196,48,UL,0,0,0,0
196,49,DL,0,0,0,0
196,49,UL,0,0,0,0
196,50,DL,0,0,0,0
196,50,UL,0,0,0,0
196,51,DL,0,0,0,0
196,51,UL,0,0,0,0
196,52,DL,0,0,0,0
196,52,UL,0,0,0,0
196,53,DL,0,0,0,0
196,53,UL,0,0,0,0
196,54,DL,0,0,0,0
196,54,UL,0,0,0,0
196,55,DL,0,0,0,0
196,55,UL,0,0,0,0
196,56,DL,0,0,0,0
196,56,UL,0,0,0,0
196,57,DL,0,0,0,0
196,57,UL,0,0,0,0
196,58,DL,0,0,0,0
196,58,UL,0,0,0,0
196,59,DL,0,0,0,0
196,59,UL,0,0,0,0
196,60,DL,0,0,0,0
196,60,UL,0,0,0,0
196,61,DL,0,0,0,0
196,61,UL,0,0,0,0
196,62,DL,0,0,0,0
196,62,UL,0,0,0,0
196,63,DL,0,0,0,0
196,63,UL,0,0,0,0
196,64,DL,0,0,0,0
196,64,UL,0,0,0,0
196,65,DL,0,0,0,0
196,65,UL,0,0,0,0
196,66,DL,0,0,0,0
196,66,UL,0,0,0,0
196,67,DL,0,0,0,0
196,67,UL,0,0,0,0
196,68,DL,0,0,0,0
196,68,UL,0,0,0,0
196,69,DL,0,0,0,0
196,69,UL,0,0,0,0
196,70,DL,0.186933,0.0788333,0.0235291,12
196,70,UL,0,0,0,0
196,71,DL,0,0,0,0
196,71,UL,0,0,0,0
196,72,DL,0,0,0,0
196,72,UL,0,0,0,0
196,73,DL,0,0,0,0
196,73,UL,0,0,0,0
196,74,DL,0,0,0,0
196,74,UL,0,0,0,0
196,75,DL,0,0,0,0
196,75,UL,0,0,0,0
196,76,DL,0,0,0,0
196,76,UL,0,0,0,0
196,77,DL,0,0,0,0
196,77,UL,0,0,0,0
196,78,DL,0,0,0,0
196,78,UL,0,0,0,0
196,79,DL,0,0,0,0
196,79,UL,0,0,0,0
198,0,DL,0,0,0,0
198,0,UL,0,0,0,0
198,1,DL,0,0,0,0
198,1,UL,0,0,0,0
198,2,DL,0,0,0,0
198,2,UL,0,0,0,0
198,3,DL,0,0,0,0
198,3,UL,0,0,0,0
198,4,DL,0,0,0,0
198,4,UL,0,0,0,0
198,5,DL,0,0,0,0
198,5,UL,0,0,0,0
198,6,DL,0,0,0,0
198,6,UL,0,0,0,0
198,7,DL,0,0,0,0
198,7,UL,0,0,0,0
198,8,DL,0,0,0,0
198,8,UL,0,0,0,0
198,9,DL,0,0,0,0
198,9,UL,0,0,0,0
198,10,DL,0.0351,0.0270357,0.00784302,4
198,10,UL,0,0,0,0
198,11,DL,0,0,0,0
198,11,UL,0,0,0,0
198,12,DL,0,0,0,0
198,12,UL,0,0,0,0
198,13,DL,0,0,0,0
198,13,UL,0,0,0,0
198,14,DL,0,0,0,0
198,14,UL,0,0,0,0
198,15,DL,0,0,0,0
198,15,UL,0,0,0,0
198,16,DL,0,0,0,0
198,16,UL,0,0,0,0
198,17,DL,0,0,0,0
198,17,UL,0,0,0,0
198,18,DL,0,0,0,0
198,18,UL,0,0,0,0
198,19,DL,0,0,0,0
198,19,UL,0,0,0,0
198,20,DL,0,0,0,0
198,20,UL,0,0,0,0
198,21,DL,0,0,0,0
198,21,UL,0,0,0,0
198,22,DL,0,0,0,0
198,22,UL,0,0,0,0
198,23,DL,0,0,0,0
198,23,UL,0,0,0,0
198,24,DL,0,0,0,0
198,24,UL,0,0,0,0
198,25,DL,0,0,0,0
198,25,UL,0,0,0,0
198,26,DL,0,0,0,0
198,26,UL,0,0,0,0
198,27,DL,0,0,0,0
198,27,UL,0,0,0,0
198,28,DL,0,0,0,0
198,28,UL,0,0,0,0
198,29,DL,0,0,0,0
198,29,UL,0,0,0,0
198,30,DL,0,0,0,0
198,30,UL,0,0,0,0
198,31,DL,0,0,0,0
198,31,UL,0,0,0,0
198,32,DL,0,0,0,0
198,32,UL,0,0,0,0
198,33,DL,0,0,0,0
198,33,UL,0,0,0,0
198,34,DL,0,0,0,0
198,34,UL,0,0,0,0
198,35,DL,0,0,0,0
198,35,UL,0,0,0,0
198,36,DL,0,0,0,0
198,36,UL,0,0,0,0
198,37,DL,0,0,0,0
198,37,UL,0,0,0,0
198,38,DL,0,0,0,0
198,38,UL,0,0,0,0
198,39,DL,0,0,0,0
198,39,UL,0,0,0,0
198,40,DL,0,0,0,0
198,40,UL,0,0,0,0
198,41,DL,0,0,0,0
198,41,UL,0,0,0,0
198,42,DL,0,0,0,0
198,42,UL,0,0,0,0
198,43,DL,0,0,0,0
198,43,UL,0,0,0,0
198,44,DL,0,0,0,0
198,44,UL,0,0,0,0
198,45,DL,0,0,0,0
198,45,UL,0,0,0,0
198,46,DL,0,0,0,0
198,46,UL,0,0,0,0
198,47,DL,0,0,0,0
198,47,UL,0,0,0,0
198,48,DL,0,0,0,0
198,48,UL,0,0,0,0
198,49,DL,0,0,0,0
198,49,UL,0,0,0,0
198,50,DL,0,0,0,0
198,50,UL,0,0,0,0
198,51,DL,0,0,0,0
198,51,UL,0,0,0,0
198,52,DL,0,0,0,0
198,52,UL,0,0,0,0
198,53,DL,0,0,0,0
198,53,UL,0,0,0,0
198,54,DL,0,0,0,0
198,54,UL,0,0,0,0
198,55,DL,0,0,0,0
198,55,UL,0,0,0,0
198,56,DL,0,0,0,0
198,56,UL,0,0,0,0
198,57,DL,0,0,0,0
198,57,UL,0,0,0,0
198,58,DL,0,0,0,0
198,58,UL,0,0,0,0
198,59,DL,0,0,0,0
198,59,UL,0,0,0,0
198,60,DL,0,0,0,0
198,60,UL,0,0,0,0
198,61,DL,0,0,0,0
198,61,UL,0,0,0,0
198,62,DL,0,0,0,0
198,62,UL,0,0,0,0
198,63,DL,0,0,0,0
198,63,UL,0,0,0,0
198,64,DL,0,0,0,0
198,64,UL,0,0,0,0
198,65,DL,0,0,0,0
198,65,UL,0,0,0,0
198,66,DL,0,0,0,0
198,66,UL,0,0,0,0
198,67,DL,0,0,0,0
198,67,UL,0,0,0,0
198,68,DL,0,0,0,0
198,68,UL,0,0,0,0
198,69,DL,0,0,0,0
198,69,UL,0,0,0,0
198,70,DL,0,0,0,0
198,70,UL,0,0,0,0
198,71,DL,0,0,0,0
198,71,UL,0,0,0,0
198,72,DL,0,0,0,0
198,72,UL,0,0,0,0
198,73,DL,0,0,0,0
198,73,UL,0,0,0,0
198,74,DL,0,0,0,0
198,74,UL,0,0,0,0
198,75,DL,0,0,0,0
198,75,UL,0,0,0,0
198,76,DL,0,0,0,0
198,76,UL,0,0,0,0
198,77,DL,0,0,0,0
198,77,UL,0,0,0,0
198,78,DL,0,0,0,0
198,78,UL,0,0,0,0
198,79,DL,0,0,0,0
198,79,UL,0,0,0,0
