time,ueId,rnti,servingCell,servingRsrp,candidateCell,candidateRsrp,candidateLoad,candidateEffLoad,candidateCap,candidateIsNtn,backhaulDlSnr,backhaulUlSnr,finalChosenCell
6.5,5,36,1,-82.3653,3,-52.3091,7,7,20,0,-999,-999,0
6.5,5,36,1,-82.3653,2,-90.6301,2,2,20,0,-999,-999,0
6.5,5,36,1,-82.3653,4,-109.659,6,6,20,0,-999,-999,0
6.5,6,43,4,-72.5088,2,-93.3876,2,2,20,0,-999,-999,0
6.5,6,43,4,-72.5088,3,-97.6643,7,7,20,0,-999,-999,0
6.5,6,43,4,-72.5088,1,-106.031,5,5,20,0,-999,-999,0
6.5,7,37,1,-41.3361,2,-48.691,2,2,20,0,-999,-999,0
6.5,7,37,1,-41.3361,4,-53.9951,6,6,20,0,-999,-999,0
6.5,7,37,1,-41.3361,3,-84.0021,7,7,20,0,-999,-999,0
6.5,8,15,2,-42.2088,3,-53.2898,7,7,20,0,-999,-999,0
6.5,8,15,2,-42.2088,1,-77.9585,5,5,20,0,-999,-999,0
6.5,8,15,2,-42.2088,4,-90.808,6,6,20,0,-999,-999,0
6.5,9,16,2,-66.2023,3,-83.7287,7,7,20,0,-999,-999,0
6.5,9,16,2,-66.2023,1,-88.2269,5,5,20,0,-999,-999,0
6.5,9,16,2,-66.2023,4,-90.7383,6,6,20,0,-999,-999,0
6.5,10,50,3,-62.4184,1,-57.6895,5,5,20,0,-999,-999,0
6.5,10,50,3,-62.4184,2,-73.761,2,2,20,0,-999,-999,0
6.5,10,50,3,-62.4184,4,-95.6186,6,6,20,0,-999,-999,0
6.5,11,44,4,-82.6418,2,-65.2047,2,2,20,0,-999,-999,0
6.5,11,44,4,-82.6418,1,-87.7314,5,5,20,0,-999,-999,0
6.5,11,44,4,-82.6418,3,-88.7079,7,7,20,0,-999,-999,0
6.5,12,51,3,-48.3881,1,-56.3899,5,5,20,0,-999,-999,0
6.5,12,51,3,-48.3881,2,-91.1816,2,2,20,0,-999,-999,0
6.5,12,51,3,-48.3881,4,-113.01,6,6,20,0,-999,-999,0
6.5,13,38,1,-62.0989,3,-44.5657,7,7,20,0,-999,-999,0
6.5,13,38,1,-62.0989,2,-71.8569,2,2,20,0,-999,-999,0
6.5,13,38,1,-62.0989,4,-78.1312,6,6,20,0,-999,-999,0
6.5,14,52,3,-82.7102,1,-79.6808,5,5,20,0,-999,-999,0
6.5,14,52,3,-82.7102,2,-83.9193,2,2,20,0,-999,-999,0
6.5,14,52,3,-82.7102,4,-111.814,6,6,20,0,-999,-999,0
6.5,15,53,3,-34.0538,1,-52.3082,5,5,20,0,-999,-999,0
6.5,15,53,3,-34.0538,4,-53.3886,6,6,20,0,-999,-999,0
6.5,15,53,3,-34.0538,2,-80.9124,2,2,20,0,-999,-999,0
6.5,16,45,4,-48.5273,2,-80.4365,2,2,20,0,-999,-999,0
6.5,16,45,4,-48.5273,1,-97.2692,5,5,20,0,-999,-999,0
6.5,16,45,4,-48.5273,3,-100.057,7,7,20,0,-999,-999,0
6.5,17,46,4,-69.0213,1,-57.8472,5,5,20,0,-999,-999,0
6.5,17,46,4,-69.0213,2,-92.8939,2,2,20,0,-999,-999,0
6.5,17,46,4,-69.0213,3,-93.3853,7,7,20,0,-999,-999,0
6.5,18,54,3,-66.3339,1,-71.7467,5,5,20,0,-999,-999,0
6.5,18,54,3,-66.3339,2,-79.4113,2,2,20,0,-999,-999,0
6.5,18,54,3,-66.3339,4,-98.7118,6,6,20,0,-999,-999,0
6.5,19,55,3,-55.0905,1,-57.8146,5,5,20,0,-999,-999,0
6.5,19,55,3,-55.0905,2,-74.6563,2,2,20,0,-999,-999,0
6.5,19,55,3,-55.0905,4,-106.143,6,6,20,0,-999,-999,0
6.5,20,57,3,-84.7657,1,-46.3791,5,5,20,0,-999,-999,0
6.5,20,57,3,-84.7657,2,-80.5132,2,2,20,0,-999,-999,0
6.5,20,57,3,-84.7657,4,-109.865,6,6,20,0,-999,-999,0
6.5,21,47,4,-62.1427,2,-92.2264,2,2,20,0,-999,-999,0
6.5,21,47,4,-62.1427,1,-105.933,5,5,20,0,-999,-999,0
6.5,21,47,4,-62.1427,3,-109.374,7,7,20,0,-999,-999,0
6.5,22,48,4,-76.3353,2,-82.052,2,2,20,0,-999,-999,0
6.5,22,48,4,-76.3353,1,-92.4862,5,5,20,0,-999,-999,0
6.5,22,48,4,-76.3353,3,-101.551,7,7,20,0,-999,-999,0
6.5,23,39,1,-43.3955,2,-57.0202,2,2,20,0,-999,-999,0
6.5,23,39,1,-43.3955,4,-72.8318,6,6,20,0,-999,-999,0
6.5,23,39,1,-43.3955,3,-83.9617,7,7,20,0,-999,-999,0
6.5,24,40,1,-70.8434,3,-81.4763,7,7,20,0,-999,-999,0
6.5,24,40,1,-70.8434,2,-83.9559,2,2,20,0,-999,-999,0
6.5,24,40,1,-70.8434,4,-104.674,6,6,20,0,-999,-999,0
8.5,5,36,1,-58.9451,2,-83.6443,11,11,20,0,-999,-999,0
8.5,5,36,1,-58.9451,3,-85.3812,20,20,20,0,-999,-999,0
8.5,5,36,1,-58.9451,4,-111.624,20,20,20,0,-999,-999,0
8.5,6,43,4,-69.2123,2,-85.5784,11,11,20,0,-999,-999,0
8.5,6,43,4,-69.2123,3,-89.9808,20,20,20,0,-999,-999,0
8.5,6,43,4,-69.2123,1,-104.141,19,19,20,0,-999,-999,0
8.5,7,37,1,-49.5248,2,-68.1781,11,11,20,0,-999,-999,0
8.5,7,37,1,-49.5248,3,-71.3751,20,20,20,0,-999,-999,0
8.5,7,37,1,-49.5248,4,-88.5678,20,20,20,0,-999,-999,0
8.5,8,15,2,-45.5034,3,-72.7937,20,20,20,0,-999,-999,0
8.5,8,15,2,-45.5034,1,-82.7641,19,19,20,0,-999,-999,0
8.5,8,15,2,-45.5034,4,-98.4531,20,20,20,0,-999,-999,0
8.5,9,16,2,-85.2775,3,-74.8865,20,20,20,0,-999,-999,0
8.5,9,16,2,-85.2775,4,-80.351,20,20,20,0,-999,-999,0
8.5,9,16,2,-85.2775,1,-82.9706,19,19,20,0,-999,-999,0
8.5,10,50,3,-66.5633,1,-75.8484,19,19,20,0,-999,-999,0
8.5,10,50,3,-66.5633,2,-84.2045,11,11,20,0,-999,-999,0
8.5,10,50,3,-66.5633,4,-107.08,20,20,20,0,-999,-999,0
8.5,11,44,4,-83.659,1,-80.4314,19,19,20,0,-999,-999,0
8.5,11,44,4,-83.659,3,-80.7283,20,20,20,0,-999,-999,0
8.5,11,44,4,-83.659,2,-81.0974,11,11,20,0,-999,-999,0
8.5,12,51,3,-74.5988,1,-86.8331,19,19,20,0,-999,-999,0
8.5,12,51,3,-74.5988,2,-91.2467,11,11,20,0,-999,-999,0
8.5,12,51,3,-74.5988,4,-111.71,20,20,20,0,-999,-999,0
8.5,13,38,1,-61.6773,3,-64.9344,20,20,20,0,-999,-999,0
8.5,13,38,1,-61.6773,2,-75.5128,11,11,20,0,-999,-999,0
8.5,13,38,1,-61.6773,4,-99.4638,20,20,20,0,-999,-999,0
8.5,14,52,3,-82.5546,1,-74.9626,19,19,20,0,-999,-999,1
8.5,14,52,3,-82.5546,2,-84.7568,11,11,20,0,-999,-999,1
8.5,14,52,3,-82.5546,4,-107.497,20,20,20,0,-999,-999,1
8.5,15,53,3,-49.5251,1,-61.5017,19,20,20,0,-999,-999,0
8.5,15,53,3,-49.5251,2,-86.0263,11,11,20,0,-999,-999,0
8.5,15,53,3,-49.5251,4,-91.2513,20,20,20,0,-999,-999,0
8.5,16,45,4,-71.4253,1,-88.6561,19,20,20,0,-999,-999,0
8.5,16,45,4,-71.4253,2,-96.6062,11,11,20,0,-999,-999,0
8.5,16,45,4,-71.4253,3,-104.651,20,20,20,0,-999,-999,0
8.5,17,46,4,-84.1738,2,-53.4683,11,11,20,0,-999,-999,0
8.5,17,46,4,-84.1738,3,-88.1555,20,20,20,0,-999,-999,0
8.5,17,46,4,-84.1738,1,-88.9654,19,20,20,0,-999,-999,0
8.5,18,54,3,-46.074,1,-42.8269,19,20,20,0,-999,-999,0
8.5,18,54,3,-46.074,2,-69.8493,11,11,20,0,-999,-999,0
8.5,18,54,3,-46.074,4,-104.606,20,20,20,0,-999,-999,0
8.5,19,55,3,-93.3519,1,-96.3077,19,20,20,0,-999,-999,0
8.5,19,55,3,-93.3519,2,-96.7451,11,11,20,0,-999,-999,0
8.5,19,55,3,-93.3519,4,-115.152,20,20,20,0,-999,-999,0
8.5,20,57,3,-54.2058,1,-53.237,19,20,20,0,-999,-999,0
8.5,20,57,3,-54.2058,2,-85.2417,11,11,20,0,-999,-999,0
8.5,20,57,3,-54.2058,4,-108.456,20,20,20,0,-999,-999,0
8.5,21,47,4,-69.779,2,-81.7911,11,11,20,0,-999,-999,0
8.5,21,47,4,-69.779,1,-83.5348,19,20,20,0,-999,-999,0
8.5,21,47,4,-69.779,3,-104.749,20,20,20,0,-999,-999,0
8.5,22,48,4,-50.2263,2,-65.1855,11,11,20,0,-999,-999,0
8.5,22,48,4,-50.2263,3,-96.8394,20,20,20,0,-999,-999,0
8.5,22,48,4,-50.2263,1,-100.433,19,20,20,0,-999,-999,0
8.5,23,39,1,-48.312,3,-49.2025,20,20,20,0,-999,-999,0
8.5,23,39,1,-48.312,4,-67.2782,20,20,20,0,-999,-999,0
8.5,23,39,1,-48.312,2,-68.4402,11,11,20,0,-999,-999,0
8.5,24,40,1,-62.4964,3,-65.9736,20,20,20,0,-999,-999,0
8.5,24,40,1,-62.4964,2,-79.1741,11,11,20,0,-999,-999,0
8.5,24,40,1,-62.4964,4,-100.634,20,20,20,0,-999,-999,0
8.5,25,134,4,-82.7399,1,-81.8607,19,20,20,0,-999,-999,0
8.5,25,134,4,-82.7399,2,-96.1557,11,11,20,0,-999,-999,0
8.5,25,134,4,-82.7399,3,-100.499,20,20,20,0,-999,-999,0
8.5,26,136,3,-60.3117,4,-63.1942,20,20,20,0,-999,-999,0
8.5,26,136,3,-60.3117,2,-86.9343,11,11,20,0,-999,-999,0
8.5,26,136,3,-60.3117,1,-88.7109,19,20,20,0,-999,-999,0
8.5,27,135,4,-73.2693,2,-47.3858,11,11,20,0,-999,-999,0
8.5,27,135,4,-73.2693,3,-64.8206,20,20,20,0,-999,-999,0
8.5,27,135,4,-73.2693,1,-91.6165,19,20,20,0,-999,-999,0
8.5,28,125,1,-85.9235,4,-74.9778,20,20,20,0,-999,-999,0
8.5,28,125,1,-85.9235,2,-88.2025,11,11,20,0,-999,-999,0
8.5,28,125,1,-85.9235,3,-88.433,20,20,20,0,-999,-999,0
8.5,29,126,1,-76.246,3,-62.4092,20,20,20,0,-999,-999,0
8.5,29,126,1,-76.246,2,-74.5488,11,11,20,0,-999,-999,0
8.5,29,126,1,-76.246,4,-104.853,20,20,20,0,-999,-999,0
8.5,30,127,1,-72.7004,3,-53.6431,20,20,20,0,-999,-999,0
8.5,30,127,1,-72.7004,2,-80.036,11,11,20,0,-999,-999,0
8.5,30,127,1,-72.7004,4,-101.788,20,20,20,0,-999,-999,0
8.5,31,137,3,-85.9153,1,-86.1363,19,20,20,0,-999,-999,0
8.5,31,137,3,-85.9153,2,-88.1877,11,11,20,0,-999,-999,0
8.5,31,137,3,-85.9153,4,-116.371,20,20,20,0,-999,-999,0
8.5,32,136,4,-59.9047,3,-77.7402,20,20,20,0,-999,-999,0
8.5,32,136,4,-59.9047,1,-89.0308,19,20,20,0,-999,-999,0
8.5,32,136,4,-59.9047,2,-100.491,11,11,20,0,-999,-999,0
8.5,33,71,2,-78.4803,3,-48.5252,20,20,20,0,-999,-999,0
8.5,33,71,2,-78.4803,1,-74.0493,19,20,20,0,-999,-999,0
8.5,33,71,2,-78.4803,4,-104.288,20,20,20,0,-999,-999,0
8.5,34,137,4,-76.5716,3,-83.4969,20,20,20,0,-999,-999,0
8.5,34,137,4,-76.5716,2,-91.3806,11,11,20,0,-999,-999,0
8.5,34,137,4,-76.5716,1,-95.0627,19,20,20,0,-999,-999,0
8.5,35,128,1,-52.1871,2,-77.7304,11,11,20,0,-999,-999,0
8.5,35,128,1,-52.1871,3,-84.4631,20,20,20,0,-999,-999,0
8.5,35,128,1,-52.1871,4,-100.85,20,20,20,0,-999,-999,0
8.5,36,138,4,-73.9533,2,-69.1701,11,11,20,0,-999,-999,0
8.5,36,138,4,-73.9533,1,-91.8519,19,20,20,0,-999,-999,0
8.5,36,138,4,-73.9533,3,-104.188,20,20,20,0,-999,-999,0
8.5,37,139,4,-35.0422,2,-87.2291,11,11,20,0,-999,-999,0
8.5,37,139,4,-35.0422,1,-87.4932,19,20,20,0,-999,-999,0
8.5,37,139,4,-35.0422,3,-92.7592,20,20,20,0,-999,-999,0
8.5,38,138,3,-67.5639,2,-58.5357,11,11,20,0,-999,-999,0
8.5,38,138,3,-67.5639,1,-62.5045,19,20,20,0,-999,-999,0
8.5,38,138,3,-67.5639,4,-108.283,20,20,20,0,-999,-999,0
8.5,39,129,1,-55.3191,4,-81.8301,20,20,20,0,-999,-999,0
8.5,39,129,1,-55.3191,2,-86.8356,11,11,20,0,-999,-999,0
8.5,39,129,1,-55.3191,3,-87.1029,20,20,20,0,-999,-999,0
8.5,40,140,4,-71.3902,3,-61.5329,20,20,20,0,-999,-999,0
8.5,40,140,4,-71.3902,2,-83.8106,11,11,20,0,-999,-999,0
8.5,40,140,4,-71.3902,1,-89.4635,19,20,20,0,-999,-999,0
8.5,41,72,2,-74.9415,1,-88.2258,19,20,20,0,-999,-999,0
8.5,41,72,2,-74.9415,3,-92.9724,20,20,20,0,-999,-999,0
8.5,41,72,2,-74.9415,4,-94.6112,20,20,20,0,-999,-999,0
8.5,42,141,4,-81.7436,3,-83.002,20,20,20,0,-999,-999,0
8.5,42,141,4,-81.7436,1,-90.4079,19,20,20,0,-999,-999,0
8.5,42,141,4,-81.7436,2,-90.4375,11,11,20,0,-999,-999,0
8.5,43,139,3,-58.4691,1,-71.0498,19,20,20,0,-999,-999,0
8.5,43,139,3,-58.4691,2,-85.832,11,11,20,0,-999,-999,0
8.5,43,139,3,-58.4691,4,-93.6043,20,20,20,0,-999,-999,0
8.5,44,140,3,-96.2408,4,-64.4622,20,20,20,0,-999,-999,0
8.5,44,140,3,-96.2408,2,-82.4948,11,11,20,0,-999,-999,0
8.5,44,140,3,-96.2408,1,-85.72,19,20,20,0,-999,-999,0
8.5,45,130,1,-63.5325,3,-74.2716,20,20,20,0,-999,-999,0
8.5,45,130,1,-63.5325,2,-78.2581,11,11,20,0,-999,-999,0
8.5,45,130,1,-63.5325,4,-102.132,20,20,20,0,-999,-999,0
8.5,46,142,4,-74.7162,1,-74.1575,19,20,20,0,-999,-999,0
8.5,46,142,4,-74.7162,2,-85.7728,11,11,20,0,-999,-999,0
8.5,46,142,4,-74.7162,3,-91.842,20,20,20,0,-999,-999,0
8.5,47,131,1,-46.4268,3,-56.6498,20,20,20,0,-999,-999,0
8.5,47,131,1,-46.4268,2,-76.3677,11,11,20,0,-999,-999,0
8.5,47,131,1,-46.4268,4,-101.766,20,20,20,0,-999,-999,0
8.5,48,143,4,-73.3103,2,-70.1708,11,11,20,0,-999,-999,0
8.5,48,143,4,-73.3103,1,-98.4931,19,20,20,0,-999,-999,0
8.5,48,143,4,-73.3103,3,-100.797,20,20,20,0,-999,-999,0
8.5,49,144,4,-63.1414,2,-74.6581,11,11,20,0,-999,-999,0
8.5,49,144,4,-63.1414,1,-82.7346,19,20,20,0,-999,-999,0
8.5,49,144,4,-63.1414,3,-101.152,20,20,20,0,-999,-999,0
8.5,50,141,3,-99.452,2,-95.2965,11,11,20,0,-999,-999,0
8.5,50,141,3,-99.452,1,-95.9019,19,20,20,0,-999,-999,0
8.5,50,141,3,-99.452,4,-100.109,20,20,20,0,-999,-999,0
8.5,51,142,3,-89.6336,1,-80.2974,19,20,20,0,-999,-999,0
8.5,51,142,3,-89.6336,2,-83.3055,11,11,20,0,-999,-999,0
8.5,51,142,3,-89.6336,4,-91.8875,20,20,20,0,-999,-999,0
8.5,52,143,3,-85.107,2,-53.3771,11,11,20,0,-999,-999,0
8.5,52,143,3,-85.107,1,-75.1162,19,20,20,0,-999,-999,0
8.5,52,143,3,-85.107,4,-117.123,20,20,20,0,-999,-999,0
8.5,53,144,3,-57.5854,2,-98.0896,11,11,20,0,-999,-999,0
8.5,53,144,3,-57.5854,1,-103.156,19,20,20,0,-999,-999,0
8.5,53,144,3,-57.5854,4,-108.143,20,20,20,0,-999,-999,0
8.5,54,73,2,-81.4153,1,-59.6449,19,20,20,0,-999,-999,0
8.5,54,73,2,-81.4153,4,-73.6643,20,20,20,0,-999,-999,0
8.5,54,73,2,-81.4153,3,-87.137,20,20,20,0,-999,-999,0
8.5,55,161,4,-82.3733,3,-78.802,20,20,20,0,-999,-999,0
8.5,55,161,4,-82.3733,1,-86.017,19,20,20,0,-999,-999,0
8.5,55,161,4,-82.3733,2,-90.1217,11,11,20,0,-999,-999,0
8.5,56,132,1,-39.9336,4,-59.2366,20,20,20,0,-999,-999,0
8.5,56,132,1,-39.9336,3,-61.4084,20,20,20,0,-999,-999,0
8.5,56,132,1,-39.9336,2,-76.0011,11,11,20,0,-999,-999,0
8.5,57,145,3,-86.4286,1,-79.2106,19,20,20,0,-999,-999,0
8.5,57,145,3,-86.4286,2,-97.3028,11,11,20,0,-999,-999,0
8.5,57,145,3,-86.4286,4,-113.431,20,20,20,0,-999,-999,0
8.5,58,133,1,-58.0914,3,-85.5558,20,20,20,0,-999,-999,0
8.5,58,133,1,-58.0914,2,-86.0029,11,11,20,0,-999,-999,0
8.5,58,133,1,-58.0914,4,-114.799,20,20,20,0,-999,-999,0
8.5,59,146,3,-72.835,1,-84.9608,19,20,20,0,-999,-999,0
8.5,59,146,3,-72.835,2,-89.0942,11,11,20,0,-999,-999,0
8.5,59,146,3,-72.835,4,-114.285,20,20,20,0,-999,-999,0
8.5,60,147,3,-87.8624,2,-55.6707,11,11,20,0,-999,-999,0
8.5,60,147,3,-87.8624,1,-88.2653,19,20,20,0,-999,-999,0
8.5,60,147,3,-87.8624,4,-112.522,20,20,20,0,-999,-999,0
8.5,61,162,4,-42.672,2,-90.1628,11,11,20,0,-999,-999,0
8.5,61,162,4,-42.672,1,-95.4779,19,20,20,0,-999,-999,0
8.5,61,162,4,-42.672,3,-98.5449,20,20,20,0,-999,-999,0
8.5,62,134,1,-44.4212,3,-89.2936,20,20,20,0,-999,-999,0
8.5,62,134,1,-44.4212,2,-90.348,11,11,20,0,-999,-999,0
8.5,62,134,1,-44.4212,4,-93.9435,20,20,20,0,-999,-999,0
8.5,63,162,3,-54.1795,1,-66.0625,19,20,20,0,-999,-999,0
8.5,63,162,3,-54.1795,4,-72.1439,20,20,20,0,-999,-999,0
8.5,63,162,3,-54.1795,2,-101.921,11,11,20,0,-999,-999,0
8.5,64,163,4,-70.1663,3,-85.1984,20,20,20,0,-999,-999,0
8.5,64,163,4,-70.1663,2,-91.0246,11,11,20,0,-999,-999,0
8.5,64,163,4,-70.1663,1,-101.476,19,20,20,0,-999,-999,0
8.5,65,74,2,-53.3074,3,-77.6774,20,20,20,0,-999,-999,0
8.5,65,74,2,-53.3074,1,-82.6005,19,20,20,0,-999,-999,0
8.5,65,74,2,-53.3074,4,-93.8622,20,20,20,0,-999,-999,0
8.5,66,135,1,-88.0599,2,-84.7346,11,11,20,0,-999,-999,0
8.5,66,135,1,-88.0599,3,-85.9653,20,20,20,0,-999,-999,0
8.5,66,135,1,-88.0599,4,-97.7078,20,20,20,0,-999,-999,0
8.5,67,136,1,-107.341,3,-81.2561,20,20,20,0,-999,-999,0
8.5,67,136,1,-107.341,2,-97.9114,11,11,20,0,-999,-999,0
8.5,67,136,1,-107.341,4,-98.6551,20,20,20,0,-999,-999,0
8.5,68,75,2,-88.2005,1,-84.3119,19,20,20,0,-999,-999,0
8.5,68,75,2,-88.2005,3,-96.1685,20,20,20,0,-999,-999,0
8.5,68,75,2,-88.2005,4,-104.712,20,20,20,0,-999,-999,0
8.5,69,76,2,-80.3824,4,-83.3967,20,20,20,0,-999,-999,0
8.5,69,76,2,-80.3824,1,-94.753,19,20,20,0,-999,-999,0
8.5,69,76,2,-80.3824,3,-95.5931,20,20,20,0,-999,-999,0
8.5,70,77,2,-89.8433,4,-79.4426,20,20,20,0,-999,-999,0
8.5,70,77,2,-89.8433,3,-80.3563,20,20,20,0,-999,-999,0
8.5,70,77,2,-89.8433,1,-90.5122,19,20,20,0,-999,-999,0
8.5,71,78,2,-69.5278,4,-53.1857,20,20,20,0,-999,-999,0
8.5,71,78,2,-69.5278,3,-69.4845,20,20,20,0,-999,-999,0
8.5,71,78,2,-69.5278,1,-76.6209,19,20,20,0,-999,-999,0
8.5,72,153,1,-89.8104,2,-56.3454,11,11,20,0,-999,-999,0
8.5,72,153,1,-89.8104,3,-78.7758,20,20,20,0,-999,-999,0
8.5,72,153,1,-89.8104,4,-102.844,20,20,20,0,-999,-999,0
8.5,73,79,2,-84.884,4,-43.1564,20,20,20,0,-999,-999,0
8.5,73,79,2,-84.884,3,-88.2761,20,20,20,0,-999,-999,0
8.5,73,79,2,-84.884,1,-96.9163,19,20,20,0,-999,-999,0
8.5,74,154,1,-54.0372,2,-50.1713,11,11,20,0,-999,-999,0
8.5,74,154,1,-54.0372,4,-68.7718,20,20,20,0,-999,-999,0
8.5,74,154,1,-54.0372,3,-87.1234,20,20,20,0,-999,-999,0
10.5,5,36,1,-66.0329,3,-79.2828,19,19,20,0,-999,-999,0
10.5,5,36,1,-66.0329,2,-81.3697,11,11,20,0,-999,-999,0
10.5,5,36,1,-66.0329,4,-95.1145,20,20,20,0,-999,-999,0
10.5,6,43,4,-68.437,2,-59.4798,11,11,20,0,-999,-999,0
10.5,6,43,4,-68.437,3,-100.915,19,19,20,0,-999,-999,0
10.5,6,43,4,-68.437,1,-106.302,20,20,20,0,-999,-999,0
10.5,7,37,1,-83.4635,2,-69.8041,11,11,20,0,-999,-999,0
10.5,7,37,1,-83.4635,4,-81.2986,20,20,20,0,-999,-999,0
10.5,7,37,1,-83.4635,3,-85.1001,19,19,20,0,-999,-999,0
10.5,8,15,2,-86.0806,3,-64.132,19,19,20,0,-999,-999,0
10.5,8,15,2,-86.0806,1,-85.169,20,20,20,0,-999,-999,0
10.5,8,15,2,-86.0806,4,-90.0234,20,20,20,0,-999,-999,0
10.5,9,16,2,-73.1347,3,-49.9174,19,19,20,0,-999,-999,0
10.5,9,16,2,-73.1347,1,-65.5165,20,20,20,0,-999,-999,0
10.5,9,16,2,-73.1347,4,-90.4754,20,20,20,0,-999,-999,0
10.5,10,50,3,-63.6282,1,-80.4989,20,20,20,0,-999,-999,0
10.5,10,50,3,-63.6282,2,-88.282,11,11,20,0,-999,-999,0
10.5,10,50,3,-63.6282,4,-104.331,20,20,20,0,-999,-999,0
10.5,11,44,4,-94.5055,2,-78.8395,11,11,20,0,-999,-999,0
10.5,11,44,4,-94.5055,3,-85.3137,19,19,20,0,-999,-999,0
10.5,11,44,4,-94.5055,1,-86.916,20,20,20,0,-999,-999,0
10.5,12,51,3,-48.5307,2,-89.3993,11,11,20,0,-999,-999,0
10.5,12,51,3,-48.5307,1,-89.8863,20,20,20,0,-999,-999,0
10.5,12,51,3,-48.5307,4,-107.829,20,20,20,0,-999,-999,0
10.5,13,38,1,-64.1756,3,-75.2658,19,19,20,0,-999,-999,0
10.5,13,38,1,-64.1756,2,-75.6603,11,11,20,0,-999,-999,0
10.5,13,38,1,-64.1756,4,-92.0122,20,20,20,0,-999,-999,0
10.5,14,155,1,-64.3006,3,-81.259,19,19,20,0,-999,-999,0
10.5,14,155,1,-64.3006,2,-87.5619,11,11,20,0,-999,-999,0
10.5,14,155,1,-64.3006,4,-113.736,20,20,20,0,-999,-999,0
10.5,15,53,3,-51.0385,2,-43.5499,11,11,20,0,-999,-999,0
10.5,15,53,3,-51.0385,4,-54.6493,20,20,20,0,-999,-999,0
10.5,15,53,3,-51.0385,1,-76.6441,20,20,20,0,-999,-999,0
10.5,16,45,4,-77.1211,2,-65.1728,11,11,20,0,-999,-999,0
10.5,16,45,4,-77.1211,1,-83.5092,20,20,20,0,-999,-999,0
10.5,16,45,4,-77.1211,3,-95.9238,19,19,20,0,-999,-999,0
10.5,17,46,4,-83.5974,3,-74.977,19,19,20,0,-999,-999,0
10.5,17,46,4,-83.5974,2,-86.3197,11,11,20,0,-999,-999,0
10.5,17,46,4,-83.5974,1,-89.5196,20,20,20,0,-999,-999,0
10.5,18,54,3,-65.2666,1,-74.0786,20,20,20,0,-999,-999,0
10.5,18,54,3,-65.2666,2,-87.999,11,11,20,0,-999,-999,0
10.5,18,54,3,-65.2666,4,-92.3011,20,20,20,0,-999,-999,0
10.5,19,55,3,-88.951,2,-55.005,11,11,20,0,-999,-999,0
10.5,19,55,3,-88.951,1,-89.517,20,20,20,0,-999,-999,0
10.5,19,55,3,-88.951,4,-113.53,20,20,20,0,-999,-999,0
10.5,20,57,3,-75.9513,2,-51.2156,11,11,20,0,-999,-999,0
10.5,20,57,3,-75.9513,4,-75.9356,20,20,20,0,-999,-999,0
10.5,20,57,3,-75.9513,1,-77.3687,20,20,20,0,-999,-999,0
10.5,21,47,4,-35.541,2,-81.5827,11,11,20,0,-999,-999,0
10.5,21,47,4,-35.541,1,-106.601,20,20,20,0,-999,-999,0
10.5,21,47,4,-35.541,3,-110.473,19,19,20,0,-999,-999,0
10.5,22,48,4,-86.0168,3,-80.215,19,19,20,0,-999,-999,0
10.5,22,48,4,-86.0168,1,-91.1759,20,20,20,0,-999,-999,0
10.5,22,48,4,-86.0168,2,-92.2692,11,11,20,0,-999,-999,0
10.5,23,39,1,-48.1106,2,-71.1038,11,11,20,0,-999,-999,0
10.5,23,39,1,-48.1106,3,-80.7513,19,19,20,0,-999,-999,0
10.5,23,39,1,-48.1106,4,-104.581,20,20,20,0,-999,-999,0
10.5,24,40,1,-76.1441,4,-74.6827,20,20,20,0,-999,-999,0
10.5,24,40,1,-76.1441,3,-78.3377,19,19,20,0,-999,-999,0
10.5,24,40,1,-76.1441,2,-78.9719,11,11,20,0,-999,-999,0
10.5,25,134,4,-84.7773,2,-65.5708,11,11,20,0,-999,-999,0
10.5,25,134,4,-84.7773,1,-99.0724,20,20,20,0,-999,-999,0
10.5,25,134,4,-84.7773,3,-101.831,19,19,20,0,-999,-999,0
10.5,26,136,3,-75.1221,1,-68.5076,20,20,20,0,-999,-999,0
10.5,26,136,3,-75.1221,2,-87.0515,11,11,20,0,-999,-999,0
10.5,26,136,3,-75.1221,4,-96.7618,20,20,20,0,-999,-999,0
10.5,27,135,4,-79.2822,3,-74.9058,19,19,20,0,-999,-999,0
10.5,27,135,4,-79.2822,2,-81.778,11,11,20,0,-999,-999,0
10.5,27,135,4,-79.2822,1,-87.31,20,20,20,0,-999,-999,0
10.5,28,125,1,-60.7809,3,-69.1994,19,19,20,0,-999,-999,0
10.5,28,125,1,-60.7809,2,-87.1706,11,11,20,0,-999,-999,0
10.5,28,125,1,-60.7809,4,-93.4646,20,20,20,0,-999,-999,0
10.5,29,126,1,-74.9803,2,-45.4728,11,11,20,0,-999,-999,0
10.5,29,126,1,-74.9803,3,-85.6674,19,19,20,0,-999,-999,0
10.5,29,126,1,-74.9803,4,-102.37,20,20,20,0,-999,-999,0
10.5,30,127,1,-57.8478,3,-77.8822,19,19,20,0,-999,-999,0
10.5,30,127,1,-57.8478,2,-83.1161,11,11,20,0,-999,-999,0
10.5,30,127,1,-57.8478,4,-103.949,20,20,20,0,-999,-999,0
10.5,31,137,3,-86.1145,1,-74.4269,20,20,20,0,-999,-999,0
10.5,31,137,3,-86.1145,2,-88.6105,11,11,20,0,-999,-999,0
10.5,31,137,3,-86.1145,4,-111.077,20,20,20,0,-999,-999,0
10.5,32,136,4,-60.0494,1,-94.4097,20,20,20,0,-999,-999,0
10.5,32,136,4,-60.0494,2,-102.321,11,11,20,0,-999,-999,0
10.5,32,136,4,-60.0494,3,-107.298,19,19,20,0,-999,-999,0
10.5,33,71,2,-42.6736,1,-60.6362,20,20,20,0,-999,-999,0
10.5,33,71,2,-42.6736,3,-63.6,19,19,20,0,-999,-999,0
10.5,33,71,2,-42.6736,4,-77.4041,20,20,20,0,-999,-999,0
10.5,34,137,4,-84.5608,3,-96.871,19,19,20,0,-999,-999,0
10.5,34,137,4,-84.5608,2,-97.5439,11,11,20,0,-999,-999,0
10.5,34,137,4,-84.5608,1,-102.375,20,20,20,0,-999,-999,0
10.5,35,128,1,-58.3407,2,-81.4698,11,11,20,0,-999,-999,0
10.5,35,128,1,-58.3407,3,-82.4811,19,19,20,0,-999,-999,0
10.5,35,128,1,-58.3407,4,-107.564,20,20,20,0,-999,-999,0
10.5,36,138,4,-39.021,2,-94.6384,11,11,20,0,-999,-999,0
10.5,36,138,4,-39.021,1,-95.2161,20,20,20,0,-999,-999,0
10.5,36,138,4,-39.021,3,-98.8606,19,19,20,0,-999,-999,0
10.5,37,139,4,-67.1478,3,-79.4097,19,19,20,0,-999,-999,0
10.5,37,139,4,-67.1478,2,-90.5367,11,11,20,0,-999,-999,0
10.5,37,139,4,-67.1478,1,-96.755,20,20,20,0,-999,-999,0
10.5,38,138,3,-77.8919,1,-73.0557,20,20,20,0,-999,-999,0
10.5,38,138,3,-77.8919,2,-89.2376,11,11,20,0,-999,-999,0
10.5,38,138,3,-77.8919,4,-105.514,20,20,20,0,-999,-999,0
10.5,39,129,1,-79.7409,2,-83.1232,11,11,20,0,-999,-999,0
10.5,39,129,1,-79.7409,3,-85.6019,19,19,20,0,-999,-999,0
10.5,39,129,1,-79.7409,4,-100.275,20,20,20,0,-999,-999,0
10.5,40,140,4,-36.6469,1,-87.1132,20,20,20,0,-999,-999,0
10.5,40,140,4,-36.6469,2,-89.3607,11,11,20,0,-999,-999,0
10.5,40,140,4,-36.6469,3,-100.202,19,19,20,0,-999,-999,0
10.5,41,72,2,-71.5803,1,-82.3925,20,20,20,0,-999,-999,0
10.5,41,72,2,-71.5803,3,-86.7203,19,19,20,0,-999,-999,0
10.5,41,72,2,-71.5803,4,-89.3122,20,20,20,0,-999,-999,0
10.5,42,141,4,-79.6691,3,-50.647,19,19,20,0,-999,-999,0
10.5,42,141,4,-79.6691,1,-81.6352,20,20,20,0,-999,-999,0
10.5,42,141,4,-79.6691,2,-87.6888,11,11,20,0,-999,-999,0
10.5,43,139,3,-58.0902,1,-72.5661,20,20,20,0,-999,-999,0
10.5,43,139,3,-58.0902,2,-90.6263,11,11,20,0,-999,-999,0
10.5,43,139,3,-58.0902,4,-103.48,20,20,20,0,-999,-999,0
10.5,44,140,3,-96.9597,1,-89.5853,20,20,20,0,-999,-999,0
10.5,44,140,3,-96.9597,4,-93.6771,20,20,20,0,-999,-999,0
10.5,44,140,3,-96.9597,2,-95.0595,11,11,20,0,-999,-999,0
10.5,45,130,1,-56.5089,3,-62.1854,19,19,20,0,-999,-999,0
10.5,45,130,1,-56.5089,4,-71.6936,20,20,20,0,-999,-999,0
10.5,45,130,1,-56.5089,2,-78.9579,11,11,20,0,-999,-999,0
10.5,46,142,4,-79.8201,1,-83.159,20,20,20,0,-999,-999,0
10.5,46,142,4,-79.8201,3,-90.2635,19,19,20,0,-999,-999,0
10.5,46,142,4,-79.8201,2,-93.4372,11,11,20,0,-999,-999,0
10.5,47,131,1,-52.711,2,-42.7265,11,11,20,0,-999,-999,0
10.5,47,131,1,-52.711,4,-80.059,20,20,20,0,-999,-999,0
10.5,47,131,1,-52.711,3,-83.6119,19,19,20,0,-999,-999,0
10.5,48,143,4,-67.9133,1,-91.8159,20,20,20,0,-999,-999,0
10.5,48,143,4,-67.9133,2,-96.0184,11,11,20,0,-999,-999,0
10.5,48,143,4,-67.9133,3,-108.679,19,19,20,0,-999,-999,0
10.5,49,144,4,-28.8404,1,-75.0841,20,20,20,0,-999,-999,0
10.5,49,144,4,-28.8404,2,-76.0396,11,11,20,0,-999,-999,0
10.5,49,144,4,-28.8404,3,-106.708,19,19,20,0,-999,-999,0
10.5,50,141,3,-94.7185,2,-61.5128,11,11,20,0,-999,-999,2
10.5,50,141,3,-94.7185,4,-66.3118,20,20,20,0,-999,-999,2
10.5,50,141,3,-94.7185,1,-88.2494,20,20,20,0,-999,-999,2
10.5,51,142,3,-88.2033,2,-53.789,11,12,20,0,-999,-999,2
10.5,51,142,3,-88.2033,1,-97.0583,20,20,20,0,-999,-999,2
10.5,51,142,3,-88.2033,4,-99.9322,20,20,20,0,-999,-999,2
10.5,52,143,3,-60.2555,2,-52.8859,11,13,20,0,-999,-999,2
10.5,52,143,3,-60.2555,1,-76.2739,20,20,20,0,-999,-999,2
10.5,52,143,3,-60.2555,4,-106.983,20,20,20,0,-999,-999,2
10.5,53,144,3,-86.5249,1,-89.4164,20,20,20,0,-999,-999,0
10.5,53,144,3,-86.5249,2,-101.619,11,14,20,0,-999,-999,0
10.5,53,144,3,-86.5249,4,-105.84,20,20,20,0,-999,-999,0
10.5,54,73,2,-76.1556,3,-69.4302,19,19,20,0,-999,-999,0
10.5,54,73,2,-76.1556,4,-83.8017,20,20,20,0,-999,-999,0
10.5,54,73,2,-76.1556,1,-87.8096,20,20,20,0,-999,-999,0
10.5,55,161,4,-40.905,2,-55.9179,11,14,20,0,-999,-999,0
10.5,55,161,4,-40.905,1,-92.153,20,20,20,0,-999,-999,0
10.5,55,161,4,-40.905,3,-106.371,19,19,20,0,-999,-999,0
10.5,56,132,1,-23.805,4,-52.5961,20,20,20,0,-999,-999,0
10.5,56,132,1,-23.805,3,-64.222,19,19,20,0,-999,-999,0
10.5,56,132,1,-23.805,2,-78.6429,11,14,20,0,-999,-999,0
10.5,57,145,3,-86.865,1,-71.7156,20,20,20,0,-999,-999,0
10.5,57,145,3,-86.865,2,-84.7223,11,14,20,0,-999,-999,0
10.5,57,145,3,-86.865,4,-94.4162,20,20,20,0,-999,-999,0
10.5,58,133,1,-66.545,2,-53.521,11,14,20,0,-999,-999,0
10.5,58,133,1,-66.545,3,-71.4565,19,19,20,0,-999,-999,0
10.5,58,133,1,-66.545,4,-73.5809,20,20,20,0,-999,-999,0
10.5,59,146,3,-82.3509,1,-85.303,20,20,20,0,-999,-999,0
10.5,59,146,3,-82.3509,2,-89.4583,11,14,20,0,-999,-999,0
10.5,59,146,3,-82.3509,4,-106.515,20,20,20,0,-999,-999,0
10.5,60,147,3,-48.0693,2,-51.9822,11,14,20,0,-999,-999,0
10.5,60,147,3,-48.0693,1,-86.0621,20,20,20,0,-999,-999,0
10.5,60,147,3,-48.0693,4,-113.531,20,20,20,0,-999,-999,0
10.5,61,162,4,-35.4347,2,-89.7518,11,14,20,0,-999,-999,0
10.5,61,162,4,-35.4347,3,-97.3703,19,19,20,0,-999,-999,0
10.5,61,162,4,-35.4347,1,-99.1025,20,20,20,0,-999,-999,0
10.5,62,134,1,-79.4106,2,-82.7755,11,14,20,0,-999,-999,0
10.5,62,134,1,-79.4106,3,-87.1971,19,19,20,0,-999,-999,0
10.5,62,134,1,-79.4106,4,-100.955,20,20,20,0,-999,-999,0
10.5,63,162,3,-90.7617,1,-73.0793,20,20,20,0,-999,-999,0
10.5,63,162,3,-90.7617,2,-98.6039,11,14,20,0,-999,-999,0
10.5,63,162,3,-90.7617,4,-98.9509,20,20,20,0,-999,-999,0
10.5,64,163,4,-78.9163,3,-86.692,19,19,20,0,-999,-999,0
10.5,64,163,4,-78.9163,2,-93.3441,11,14,20,0,-999,-999,0
10.5,64,163,4,-78.9163,1,-102.584,20,20,20,0,-999,-999,0
10.5,65,74,2,-48.7621,1,-61.5983,20,20,20,0,-999,-999,0
10.5,65,74,2,-48.7621,3,-71.6741,19,19,20,0,-999,-999,0
10.5,65,74,2,-48.7621,4,-98.5392,20,20,20,0,-999,-999,0
10.5,66,135,1,-63.8391,3,-49.422,19,19,20,0,-999,-999,0
10.5,66,135,1,-63.8391,2,-84.7145,11,14,20,0,-999,-999,0
10.5,66,135,1,-63.8391,4,-102.182,20,20,20,0,-999,-999,0
10.5,67,136,1,-95.5802,3,-67.9258,19,19,20,0,-999,-999,0
10.5,67,136,1,-95.5802,2,-97.9318,11,14,20,0,-999,-999,0
10.5,67,136,1,-95.5802,4,-103.709,20,20,20,0,-999,-999,0
10.5,68,75,2,-95.5441,3,-95.1896,19,19,20,0,-999,-999,0
10.5,68,75,2,-95.5441,1,-100.328,20,20,20,0,-999,-999,0
10.5,68,75,2,-95.5441,4,-102.626,20,20,20,0,-999,-999,0
10.5,69,76,2,-86.3887,1,-71.27,20,20,20,0,-999,-999,0
10.5,69,76,2,-86.3887,4,-80.0064,20,20,20,0,-999,-999,0
10.5,69,76,2,-86.3887,3,-96.9508,19,19,20,0,-999,-999,0
10.5,70,77,2,-91.4629,4,-79.086,20,20,20,0,-999,-999,0
10.5,70,77,2,-91.4629,1,-84.2861,20,20,20,0,-999,-999,0
10.5,70,77,2,-91.4629,3,-96.9422,19,19,20,0,-999,-999,0
10.5,71,78,2,-40.569,4,-48.5938,20,20,20,0,-999,-999,0
10.5,71,78,2,-40.569,1,-77.9771,20,20,20,0,-999,-999,0
10.5,71,78,2,-40.569,3,-87.3958,19,19,20,0,-999,-999,0
10.5,72,153,1,-89.399,2,-56.9697,11,14,20,0,-999,-999,2
10.5,72,153,1,-89.399,3,-66.9376,19,19,20,0,-999,-999,2
10.5,72,153,1,-89.399,4,-109.933,20,20,20,0,-999,-999,2
10.5,73,79,2,-48.1434,4,-76.3247,20,20,20,0,-999,-999,0
10.5,73,79,2,-48.1434,1,-77.9199,20,20,20,0,-999,-999,0
10.5,73,79,2,-48.1434,3,-96.4733,19,19,20,0,-999,-999,0
10.5,74,154,1,-63.834,4,-68.5224,20,20,20,0,-999,-999,0
10.5,74,154,1,-63.834,2,-84.961,11,15,20,0,-999,-999,0
10.5,74,154,1,-63.834,3,-85.9489,19,19,20,0,-999,-999,0
12.5,5,36,1,-71.4177,3,-48.4038,16,16,20,0,-999,-999,0
12.5,5,36,1,-71.4177,2,-81.5042,15,15,20,0,-999,-999,0
12.5,5,36,1,-71.4177,4,-92.2231,20,20,20,0,-999,-999,0
12.5,6,43,4,-73.7786,3,-81.8731,16,16,20,0,-999,-999,0
12.5,6,43,4,-73.7786,2,-85.8553,15,15,20,0,-999,-999,0
12.5,6,43,4,-73.7786,1,-103.016,19,19,20,0,-999,-999,0
12.5,7,37,1,-75.3531,2,-70.7693,15,15,20,0,-999,-999,2
12.5,7,37,1,-75.3531,4,-85.6866,20,20,20,0,-999,-999,2
12.5,7,37,1,-75.3531,3,-89.3103,16,16,20,0,-999,-999,2
12.5,8,15,2,-79.5512,1,-57.241,19,19,20,0,-999,-999,0
12.5,8,15,2,-79.5512,3,-70.8383,16,16,20,0,-999,-999,0
12.5,8,15,2,-79.5512,4,-77.0878,20,20,20,0,-999,-999,0
12.5,9,16,2,-56.312,3,-61.4125,16,16,20,0,-999,-999,0
12.5,9,16,2,-56.312,4,-82.229,20,20,20,0,-999,-999,0
12.5,9,16,2,-56.312,1,-82.9577,19,19,20,0,-999,-999,0
12.5,10,50,3,-42.0657,1,-69.2686,19,19,20,0,-999,-999,0
12.5,10,50,3,-42.0657,2,-85.9145,15,16,20,0,-999,-999,0
12.5,10,50,3,-42.0657,4,-99.6835,20,20,20,0,-999,-999,0
12.5,11,44,4,-87.5798,3,-71.8983,16,16,20,0,-999,-999,0
12.5,11,44,4,-87.5798,2,-81.2902,15,16,20,0,-999,-999,0
12.5,11,44,4,-87.5798,1,-86.6896,19,19,20,0,-999,-999,0
12.5,12,51,3,-61.6695,1,-66.889,19,19,20,0,-999,-999,0
12.5,12,51,3,-61.6695,2,-91.3372,15,16,20,0,-999,-999,0
12.5,12,51,3,-61.6695,4,-115.295,20,20,20,0,-999,-999,0
12.5,13,38,1,-50.834,2,-74.5304,15,16,20,0,-999,-999,0
12.5,13,38,1,-50.834,3,-84.837,16,16,20,0,-999,-999,0
12.5,13,38,1,-50.834,4,-92.2857,20,20,20,0,-999,-999,0
12.5,14,155,1,-84.3172,3,-85.2036,16,16,20,0,-999,-999,0
12.5,14,155,1,-84.3172,2,-91.6062,15,16,20,0,-999,-999,0
12.5,14,155,1,-84.3172,4,-113.075,20,20,20,0,-999,-999,0
12.5,15,53,3,-57.9213,4,-65.2878,20,20,20,0,-999,-999,0
12.5,15,53,3,-57.9213,2,-76.7872,15,16,20,0,-999,-999,0
12.5,15,53,3,-57.9213,1,-79.9434,19,19,20,0,-999,-999,0
12.5,16,45,4,-47.9165,2,-95.2707,15,16,20,0,-999,-999,0
12.5,16,45,4,-47.9165,1,-100.212,19,19,20,0,-999,-999,0
12.5,16,45,4,-47.9165,3,-102.243,16,16,20,0,-999,-999,0
12.5,17,46,4,-78.0258,2,-50.1589,15,16,20,0,-999,-999,0
12.5,17,46,4,-78.0258,1,-85.0237,19,19,20,0,-999,-999,0
12.5,17,46,4,-78.0258,3,-92.638,16,16,20,0,-999,-999,0
12.5,18,54,3,-66.7772,1,-70.2288,19,19,20,0,-999,-999,0
12.5,18,54,3,-66.7772,2,-83.2551,15,16,20,0,-999,-999,0
12.5,18,54,3,-66.7772,4,-99.1991,20,20,20,0,-999,-999,0
12.5,19,55,3,-89.461,2,-88.8836,15,16,20,0,-999,-999,0
12.5,19,55,3,-89.461,4,-90.8305,20,20,20,0,-999,-999,0
12.5,19,55,3,-89.461,1,-91.6062,19,19,20,0,-999,-999,0
12.5,20,57,3,-41.1124,2,-73.5974,15,16,20,0,-999,-999,0
12.5,20,57,3,-41.1124,1,-77.3532,19,19,20,0,-999,-999,0
12.5,20,57,3,-41.1124,4,-107.952,20,20,20,0,-999,-999,0
12.5,21,47,4,-68.2063,2,-105.971,15,16,20,0,-999,-999,0
12.5,21,47,4,-68.2063,1,-106.113,19,19,20,0,-999,-999,0
12.5,21,47,4,-68.2063,3,-116.137,16,16,20,0,-999,-999,0
12.5,22,48,4,-73.2878,3,-84.7293,16,16,20,0,-999,-999,0
12.5,22,48,4,-73.2878,1,-93.4174,19,19,20,0,-999,-999,0
12.5,22,48,4,-73.2878,2,-95.6803,15,16,20,0,-999,-999,0
12.5,23,39,1,-42.0132,2,-58.1241,15,16,20,0,-999,-999,0
12.5,23,39,1,-42.0132,3,-62.8404,16,16,20,0,-999,-999,0
12.5,23,39,1,-42.0132,4,-101.375,20,20,20,0,-999,-999,0
12.5,24,40,1,-54.408,2,-41.8764,15,16,20,0,-999,-999,0
12.5,24,40,1,-54.408,3,-68.1948,16,16,20,0,-999,-999,0
12.5,24,40,1,-54.408,4,-109.431,20,20,20,0,-999,-999,0
12.5,25,134,4,-55.0626,2,-81.956,15,16,20,0,-999,-999,0
12.5,25,134,4,-55.0626,3,-98.6927,16,16,20,0,-999,-999,0
12.5,25,134,4,-55.0626,1,-103.543,19,19,20,0,-999,-999,0
12.5,26,136,3,-77.0641,2,-66.4869,15,16,20,0,-999,-999,0
12.5,26,136,3,-77.0641,1,-72.7663,19,19,20,0,-999,-999,0
12.5,26,136,3,-77.0641,4,-95.032,20,20,20,0,-999,-999,0
12.5,27,135,4,-67.3739,2,-85.2298,15,16,20,0,-999,-999,0
12.5,27,135,4,-67.3739,1,-89.8034,19,19,20,0,-999,-999,0
12.5,27,135,4,-67.3739,3,-91.2251,16,16,20,0,-999,-999,0
12.5,28,125,1,-87.2211,3,-49.328,16,16,20,0,-999,-999,0
12.5,28,125,1,-87.2211,2,-65.541,15,16,20,0,-999,-999,0
12.5,28,125,1,-87.2211,4,-87.5736,20,20,20,0,-999,-999,0
12.5,29,126,1,-73.3123,3,-71.6157,16,16,20,0,-999,-999,0
12.5,29,126,1,-73.3123,2,-77.9928,15,16,20,0,-999,-999,0
12.5,29,126,1,-73.3123,4,-105.272,20,20,20,0,-999,-999,0
12.5,30,127,1,-62.563,4,-76.4413,20,20,20,0,-999,-999,0
12.5,30,127,1,-62.563,3,-81.1748,16,16,20,0,-999,-999,0
12.5,30,127,1,-62.563,2,-92.2202,15,16,20,0,-999,-999,0
12.5,31,137,3,-91.7436,1,-52.4549,19,19,20,0,-999,-999,0
12.5,31,137,3,-91.7436,2,-71.4041,15,16,20,0,-999,-999,0
12.5,31,137,3,-91.7436,4,-113.882,20,20,20,0,-999,-999,0
12.5,32,136,4,-62.6651,1,-95.5801,19,19,20,0,-999,-999,0
12.5,32,136,4,-62.6651,2,-99.1547,15,16,20,0,-999,-999,0
12.5,32,136,4,-62.6651,3,-104.855,16,16,20,0,-999,-999,0
12.5,33,71,2,-54.0706,1,-56.3099,19,19,20,0,-999,-999,0
12.5,33,71,2,-54.0706,3,-67.7944,16,16,20,0,-999,-999,0
12.5,33,71,2,-54.0706,4,-77.7997,20,20,20,0,-999,-999,0
12.5,34,137,4,-75.106,2,-90.6852,15,16,20,0,-999,-999,0
12.5,34,137,4,-75.106,1,-94.8024,19,19,20,0,-999,-999,0
12.5,34,137,4,-75.106,3,-104.841,16,16,20,0,-999,-999,0
12.5,35,128,1,-83.1812,3,-77.5523,16,16,20,0,-999,-999,0
12.5,35,128,1,-83.1812,2,-78.3588,15,16,20,0,-999,-999,0
12.5,35,128,1,-83.1812,4,-107.96,20,20,20,0,-999,-999,0
12.5,36,138,4,-38.0675,1,-97.6049,19,19,20,0,-999,-999,0
12.5,36,138,4,-38.0675,3,-102.165,16,16,20,0,-999,-999,0
12.5,36,138,4,-38.0675,2,-103.404,15,16,20,0,-999,-999,0
12.5,37,139,4,-70.1267,2,-71.4703,15,16,20,0,-999,-999,0
12.5,37,139,4,-70.1267,1,-91.4241,19,19,20,0,-999,-999,0
12.5,37,139,4,-70.1267,3,-103.034,16,16,20,0,-999,-999,0
12.5,38,138,3,-66.1128,1,-76.0705,19,19,20,0,-999,-999,0
12.5,38,138,3,-66.1128,2,-86.0096,15,16,20,0,-999,-999,0
12.5,38,138,3,-66.1128,4,-100.621,20,20,20,0,-999,-999,0
12.5,39,129,1,-68.9764,2,-67.9788,15,16,20,0,-999,-999,0
12.5,39,129,1,-68.9764,3,-80.1466,16,16,20,0,-999,-999,0
12.5,39,129,1,-68.9764,4,-97.5128,20,20,20,0,-999,-999,0
12.5,40,140,4,-75.5498,1,-85.5753,19,19,20,0,-999,-999,0
12.5,40,140,4,-75.5498,2,-86.9312,15,16,20,0,-999,-999,0
12.5,40,140,4,-75.5498,3,-97.6418,16,16,20,0,-999,-999,0
12.5,41,72,2,-75.1889,4,-87.6352,20,20,20,0,-999,-999,0
12.5,41,72,2,-75.1889,1,-88.4499,19,19,20,0,-999,-999,0
12.5,41,72,2,-75.1889,3,-90.5213,16,16,20,0,-999,-999,0
12.5,42,141,4,-80.8974,2,-64.8692,15,16,20,0,-999,-999,0
12.5,42,141,4,-80.8974,1,-83.945,19,19,20,0,-999,-999,0
12.5,42,141,4,-80.8974,3,-91.795,16,16,20,0,-999,-999,0
12.5,43,139,3,-37.4248,1,-76.0683,19,19,20,0,-999,-999,0
12.5,43,139,3,-37.4248,2,-86.589,15,16,20,0,-999,-999,0
12.5,43,139,3,-37.4248,4,-101.513,20,20,20,0,-999,-999,0
12.5,44,140,3,-99.3923,1,-83.7568,19,19,20,0,-999,-999,0
12.5,44,140,3,-99.3923,2,-87.7642,15,16,20,0,-999,-999,0
12.5,44,140,3,-99.3923,4,-97.7877,20,20,20,0,-999,-999,0
12.5,45,130,1,-72.6096,3,-52.8546,16,16,20,0,-999,-999,0
12.5,45,130,1,-72.6096,4,-80.3374,20,20,20,0,-999,-999,0
12.5,45,130,1,-72.6096,2,-84.6644,15,16,20,0,-999,-999,0
12.5,46,142,4,-76.9103,1,-82.2102,19,19,20,0,-999,-999,0
12.5,46,142,4,-76.9103,2,-93.5183,15,16,20,0,-999,-999,0
12.5,46,142,4,-76.9103,3,-94.1231,16,16,20,0,-999,-999,0
12.5,47,131,1,-49.8027,2,-58.0837,15,16,20,0,-999,-999,0
12.5,47,131,1,-49.8027,3,-85.2363,16,16,20,0,-999,-999,0
12.5,47,131,1,-49.8027,4,-107.066,20,20,20,0,-999,-999,0
12.5,48,143,4,-61.2446,3,-74.0131,16,16,20,0,-999,-999,0
12.5,48,143,4,-61.2446,2,-99.8001,15,16,20,0,-999,-999,0
12.5,48,143,4,-61.2446,1,-106.443,19,19,20,0,-999,-999,0
12.5,49,144,4,-38.8583,2,-85.6917,15,16,20,0,-999,-999,0
12.5,49,144,4,-38.8583,1,-94.3831,19,19,20,0,-999,-999,0
12.5,49,144,4,-38.8583,3,-100.646,16,16,20,0,-999,-999,0
12.5,50,89,2,-81.0672,1,-93.2949,19,19,20,0,-999,-999,0
12.5,50,89,2,-81.0672,4,-93.3205,20,20,20,0,-999,-999,0
12.5,50,89,2,-81.0672,3,-102.402,16,16,20,0,-999,-999,0
12.5,51,91,2,-94.3478,1,-66.467,19,19,20,0,-999,-999,0
12.5,51,91,2,-94.3478,3,-75.5387,16,16,20,0,-999,-999,0
12.5,51,91,2,-94.3478,4,-100.263,20,20,20,0,-999,-999,0
12.5,52,92,2,-65.6053,1,-59.3666,19,19,20,0,-999,-999,0
12.5,52,92,2,-65.6053,3,-80.54,16,16,20,0,-999,-999,0
12.5,52,92,2,-65.6053,4,-108.884,20,20,20,0,-999,-999,0
12.5,53,144,3,-87.1956,2,-96.181,15,16,20,0,-999,-999,0
12.5,53,144,3,-87.1956,1,-102.272,19,19,20,0,-999,-999,0
12.5,53,144,3,-87.1956,4,-103.02,20,20,20,0,-999,-999,0
12.5,54,73,2,-59.7935,1,-61.4736,19,19,20,0,-999,-999,0
12.5,54,73,2,-59.7935,4,-81.9429,20,20,20,0,-999,-999,0
12.5,54,73,2,-59.7935,3,-91.1993,16,16,20,0,-999,-999,0
12.5,55,161,4,-86.1063,2,-55.9416,15,16,20,0,-999,-999,0
12.5,55,161,4,-86.1063,1,-87.7344,19,19,20,0,-999,-999,0
12.5,55,161,4,-86.1063,3,-108.41,16,16,20,0,-999,-999,0
12.5,56,132,1,-67.4408,4,-59.2142,20,20,20,0,-999,-999,0
12.5,56,132,1,-67.4408,3,-72.9562,16,16,20,0,-999,-999,0
12.5,56,132,1,-67.4408,2,-86.8613,15,16,20,0,-999,-999,0
12.5,57,145,3,-87.7969,1,-89.7096,19,19,20,0,-999,-999,0
12.5,57,145,3,-87.7969,2,-91.0553,15,16,20,0,-999,-999,0
12.5,57,145,3,-87.7969,4,-113.136,20,20,20,0,-999,-999,0
12.5,58,133,1,-47.7917,3,-63.7478,16,16,20,0,-999,-999,0
12.5,58,133,1,-47.7917,2,-66.6376,15,16,20,0,-999,-999,0
12.5,58,133,1,-47.7917,4,-107.441,20,20,20,0,-999,-999,0
12.5,59,146,3,-84.1954,1,-64.5578,19,19,20,0,-999,-999,0
12.5,59,146,3,-84.1954,2,-84.9196,15,16,20,0,-999,-999,0
12.5,59,146,3,-84.1954,4,-106.269,20,20,20,0,-999,-999,0
12.5,60,147,3,-72.3991,2,-78.4111,15,16,20,0,-999,-999,0
12.5,60,147,3,-72.3991,1,-89.471,19,19,20,0,-999,-999,0
12.5,60,147,3,-72.3991,4,-112.393,20,20,20,0,-999,-999,0
12.5,61,162,4,-74.2383,2,-79.7441,15,16,20,0,-999,-999,0
12.5,61,162,4,-74.2383,1,-100.7,19,19,20,0,-999,-999,0
12.5,61,162,4,-74.2383,3,-100.914,16,16,20,0,-999,-999,0
12.5,62,134,1,-86.4649,2,-65.0799,15,16,20,0,-999,-999,0
12.5,62,134,1,-86.4649,4,-79.0732,20,20,20,0,-999,-999,0
12.5,62,134,1,-86.4649,3,-85.2639,16,16,20,0,-999,-999,0
12.5,63,162,3,-77.2673,1,-91.6091,19,19,20,0,-999,-999,0
12.5,63,162,3,-77.2673,2,-94.8862,15,16,20,0,-999,-999,0
12.5,63,162,3,-77.2673,4,-105.122,20,20,20,0,-999,-999,0
12.5,64,163,4,-48.0917,2,-78.0389,15,16,20,0,-999,-999,0
12.5,64,163,4,-48.0917,1,-91.4534,19,19,20,0,-999,-999,0
12.5,64,163,4,-48.0917,3,-105.686,16,16,20,0,-999,-999,0
12.5,65,74,2,-80.5345,1,-82.9864,19,19,20,0,-999,-999,0
12.5,65,74,2,-80.5345,3,-84.2876,16,16,20,0,-999,-999,0
12.5,65,74,2,-80.5345,4,-84.6313,20,20,20,0,-999,-999,0
12.5,66,135,1,-92.7849,2,-67.5263,15,16,20,0,-999,-999,0
12.5,66,135,1,-92.7849,3,-74.9014,16,16,20,0,-999,-999,0
12.5,66,135,1,-92.7849,4,-81.704,20,20,20,0,-999,-999,0
12.5,67,136,1,-103.772,3,-86.9147,16,16,20,0,-999,-999,3
12.5,67,136,1,-103.772,4,-98.0187,20,20,20,0,-999,-999,3
12.5,67,136,1,-103.772,2,-101.009,15,16,20,0,-999,-999,3
12.5,68,75,2,-88.997,1,-73.1223,19,19,20,0,-999,-999,0
12.5,68,75,2,-88.997,3,-82.0115,16,17,20,0,-999,-999,0
12.5,68,75,2,-88.997,4,-97.9479,20,20,20,0,-999,-999,0
12.5,69,76,2,-67.914,4,-78.7807,20,20,20,0,-999,-999,0
12.5,69,76,2,-67.914,1,-87.4451,19,19,20,0,-999,-999,0
12.5,69,76,2,-67.914,3,-89.3861,16,17,20,0,-999,-999,0
12.5,70,77,2,-66.8259,4,-52.4592,20,20,20,0,-999,-999,0
12.5,70,77,2,-66.8259,1,-85.8052,19,19,20,0,-999,-999,0
12.5,70,77,2,-66.8259,3,-92.4701,16,17,20,0,-999,-999,0
12.5,71,78,2,-72.5307,1,-55.3664,19,19,20,0,-999,-999,0
12.5,71,78,2,-72.5307,4,-57.1362,20,20,20,0,-999,-999,0
12.5,71,78,2,-72.5307,3,-74.3001,16,17,20,0,-999,-999,0
12.5,72,90,2,-75.0099,1,-64.4885,19,19,20,0,-999,-999,0
12.5,72,90,2,-75.0099,3,-89.0555,16,17,20,0,-999,-999,0
12.5,72,90,2,-75.0099,4,-102.743,20,20,20,0,-999,-999,0
12.5,73,79,2,-89.3682,3,-75.7171,16,17,20,0,-999,-999,0
12.5,73,79,2,-89.3682,4,-79.0238,20,20,20,0,-999,-999,0
12.5,73,79,2,-89.3682,1,-85.9264,19,19,20,0,-999,-999,0
12.5,74,154,1,-44.2506,2,-81.8824,15,16,20,0,-999,-999,0
12.5,74,154,1,-44.2506,3,-94.5142,16,17,20,0,-999,-999,0
12.5,74,154,1,-44.2506,4,-99.0496,20,20,20,0,-999,-999,0
14.5,5,36,1,-79.3339,3,-83.6785,17,17,20,0,-999,-999,0
14.5,5,36,1,-79.3339,2,-83.9219,16,16,20,0,-999,-999,0
14.5,5,36,1,-79.3339,4,-107.765,20,20,20,0,-999,-999,0
14.5,6,43,4,-59.6094,2,-69.47,16,16,20,0,-999,-999,0
14.5,6,43,4,-59.6094,1,-100.322,17,17,20,0,-999,-999,0
14.5,6,43,4,-59.6094,3,-107.924,17,17,20,0,-999,-999,0
14.5,7,93,2,-44.9208,1,-70.7772,17,17,20,0,-999,-999,0
14.5,7,93,2,-44.9208,4,-81.1304,20,20,20,0,-999,-999,0
14.5,7,93,2,-44.9208,3,-85.0835,17,17,20,0,-999,-999,0
14.5,8,15,2,-83.7603,3,-56.0936,17,17,20,0,-999,-999,0
14.5,8,15,2,-83.7603,1,-75.7925,17,17,20,0,-999,-999,0
14.5,8,15,2,-83.7603,4,-79.9056,20,20,20,0,-999,-999,0
14.5,9,16,2,-49.9167,3,-57.4375,17,17,20,0,-999,-999,0
14.5,9,16,2,-49.9167,1,-79.9914,17,17,20,0,-999,-999,0
14.5,9,16,2,-49.9167,4,-83.644,20,20,20,0,-999,-999,0
14.5,10,50,3,-63.6678,1,-77.879,17,17,20,0,-999,-999,0
14.5,10,50,3,-63.6678,2,-84.6562,16,16,20,0,-999,-999,0
14.5,10,50,3,-63.6678,4,-101.538,20,20,20,0,-999,-999,0
14.5,11,44,4,-90.9467,3,-55.8769,17,17,20,0,-999,-999,3
14.5,11,44,4,-90.9467,1,-79.7736,17,17,20,0,-999,-999,3
14.5,11,44,4,-90.9467,2,-83.1454,16,16,20,0,-999,-999,3
14.5,12,51,3,-84.8177,1,-52.1813,17,17,20,0,-999,-999,0
14.5,12,51,3,-84.8177,2,-89.4812,16,16,20,0,-999,-999,0
14.5,12,51,3,-84.8177,4,-120.96,20,20,20,0,-999,-999,0
14.5,13,38,1,-46.7629,2,-70.7364,16,16,20,0,-999,-999,0
14.5,13,38,1,-46.7629,3,-79.4213,17,18,20,0,-999,-999,0
14.5,13,38,1,-46.7629,4,-97.8549,20,20,20,0,-999,-999,0
14.5,14,155,1,-81.5857,2,-77.8372,16,16,20,0,-999,-999,0
14.5,14,155,1,-81.5857,3,-82.9625,17,18,20,0,-999,-999,0
14.5,14,155,1,-81.5857,4,-112.636,20,20,20,0,-999,-999,0
14.5,15,53,3,-62.9056,2,-79.7503,16,16,20,0,-999,-999,0
14.5,15,53,3,-62.9056,4,-81.6188,20,20,20,0,-999,-999,0
14.5,15,53,3,-62.9056,1,-86.535,17,17,20,0,-999,-999,0
14.5,16,45,4,-66.2147,2,-71.0545,16,16,20,0,-999,-999,0
14.5,16,45,4,-66.2147,1,-76.488,17,17,20,0,-999,-999,0
14.5,16,45,4,-66.2147,3,-100.023,17,18,20,0,-999,-999,0
14.5,17,46,4,-80.8859,2,-92.7527,16,16,20,0,-999,-999,0
14.5,17,46,4,-80.8859,1,-94.3825,17,17,20,0,-999,-999,0
14.5,17,46,4,-80.8859,3,-95.904,17,18,20,0,-999,-999,0
14.5,18,54,3,-37.3188,1,-67.5986,17,17,20,0,-999,-999,0
14.5,18,54,3,-37.3188,2,-81.4375,16,16,20,0,-999,-999,0
14.5,18,54,3,-37.3188,4,-97.9251,20,20,20,0,-999,-999,0
14.5,19,55,3,-85.0808,1,-64.132,17,17,20,0,-999,-999,0
14.5,19,55,3,-85.0808,2,-66.0549,16,16,20,0,-999,-999,0
14.5,19,55,3,-85.0808,4,-116.478,20,20,20,0,-999,-999,0
14.5,20,57,3,-75.0916,1,-80.5109,17,17,20,0,-999,-999,0
14.5,20,57,3,-75.0916,2,-85.0753,16,16,20,0,-999,-999,0
14.5,20,57,3,-75.0916,4,-99.0138,20,20,20,0,-999,-999,0
14.5,21,47,4,-68.2567,2,-93.5508,16,16,20,0,-999,-999,0
14.5,21,47,4,-68.2567,1,-104.707,17,17,20,0,-999,-999,0
14.5,21,47,4,-68.2567,3,-106.344,17,18,20,0,-999,-999,0
14.5,22,48,4,-75.3185,3,-71.4099,17,18,20,0,-999,-999,0
14.5,22,48,4,-75.3185,1,-89.2426,17,17,20,0,-999,-999,0
14.5,22,48,4,-75.3185,2,-89.7126,16,16,20,0,-999,-999,0
14.5,23,39,1,-51.8893,3,-55.0655,17,18,20,0,-999,-999,0
14.5,23,39,1,-51.8893,2,-72.4816,16,16,20,0,-999,-999,0
14.5,23,39,1,-51.8893,4,-94.6339,20,20,20,0,-999,-999,0
14.5,24,40,1,-76.1429,2,-51.5981,16,16,20,0,-999,-999,2
14.5,24,40,1,-76.1429,3,-81.1107,17,18,20,0,-999,-999,2
14.5,24,40,1,-76.1429,4,-107.809,20,20,20,0,-999,-999,2
14.5,25,134,4,-86.8215,1,-100.337,17,17,20,0,-999,-999,0
14.5,25,134,4,-86.8215,3,-102.032,17,18,20,0,-999,-999,0
14.5,25,134,4,-86.8215,2,-106.174,16,17,20,0,-999,-999,0
14.5,26,136,3,-76.8553,2,-72.2385,16,17,20,0,-999,-999,2
14.5,26,136,3,-76.8553,1,-80.0171,17,17,20,0,-999,-999,2
14.5,26,136,3,-76.8553,4,-96.7556,20,20,20,0,-999,-999,2
14.5,27,135,4,-75.1685,3,-62.993,17,18,20,0,-999,-999,0
14.5,27,135,4,-75.1685,2,-80.8884,16,18,20,0,-999,-999,0
14.5,27,135,4,-75.1685,1,-96.9562,17,17,20,0,-999,-999,0
14.5,28,125,1,-83.0364,2,-80.775,16,18,20,0,-999,-999,0
14.5,28,125,1,-83.0364,3,-82.707,17,18,20,0,-999,-999,0
14.5,28,125,1,-83.0364,4,-94.0585,20,20,20,0,-999,-999,0
14.5,29,126,1,-74.6013,3,-51.0924,17,18,20,0,-999,-999,0
14.5,29,126,1,-74.6013,2,-70.1694,16,18,20,0,-999,-999,0
14.5,29,126,1,-74.6013,4,-89.6938,20,20,20,0,-999,-999,0
14.5,30,127,1,-76.8282,3,-72.04,17,18,20,0,-999,-999,0
14.5,30,127,1,-76.8282,2,-82.076,16,18,20,0,-999,-999,0
14.5,30,127,1,-76.8282,4,-102.778,20,20,20,0,-999,-999,0
14.5,31,137,3,-83.3158,2,-66.4514,16,18,20,0,-999,-999,0
14.5,31,137,3,-83.3158,1,-88.6683,17,17,20,0,-999,-999,0
14.5,31,137,3,-83.3158,4,-119.663,20,20,20,0,-999,-999,0
14.5,32,136,4,-39.7814,1,-67.9818,17,17,20,0,-999,-999,0
14.5,32,136,4,-39.7814,2,-86.2361,16,18,20,0,-999,-999,0
14.5,32,136,4,-39.7814,3,-99.6944,17,18,20,0,-999,-999,0
14.5,33,71,2,-76.0507,3,-55.8673,17,18,20,0,-999,-999,0
14.5,33,71,2,-76.0507,1,-70.1591,17,17,20,0,-999,-999,0
14.5,33,71,2,-76.0507,4,-104.899,20,20,20,0,-999,-999,0
14.5,34,137,4,-81.8287,2,-84.8876,16,18,20,0,-999,-999,0
14.5,34,137,4,-81.8287,1,-95.3537,17,17,20,0,-999,-999,0
14.5,34,137,4,-81.8287,3,-95.6257,17,18,20,0,-999,-999,0
14.5,35,128,1,-49.7679,3,-81.5386,17,18,20,0,-999,-999,0
14.5,35,128,1,-49.7679,2,-85.297,16,18,20,0,-999,-999,0
14.5,35,128,1,-49.7679,4,-107.328,20,20,20,0,-999,-999,0
14.5,36,138,4,-73.8837,1,-90.0123,17,17,20,0,-999,-999,0
14.5,36,138,4,-73.8837,2,-91.4861,16,18,20,0,-999,-999,0
14.5,36,138,4,-73.8837,3,-94.8173,17,18,20,0,-999,-999,0
14.5,37,139,4,-72.6609,2,-67.8355,16,18,20,0,-999,-999,0
14.5,37,139,4,-72.6609,3,-93.2841,17,18,20,0,-999,-999,0
14.5,37,139,4,-72.6609,1,-94.2416,17,17,20,0,-999,-999,0
14.5,38,138,3,-51.0602,2,-66.6852,16,18,20,0,-999,-999,0
14.5,38,138,3,-51.0602,1,-76.3994,17,17,20,0,-999,-999,0
14.5,38,138,3,-51.0602,4,-109.734,20,20,20,0,-999,-999,0
14.5,39,129,1,-52.3453,3,-81.2184,17,18,20,0,-999,-999,0
14.5,39,129,1,-52.3453,2,-84.6289,16,18,20,0,-999,-999,0
14.5,39,129,1,-52.3453,4,-98.5722,20,20,20,0,-999,-999,0
14.5,40,140,4,-75.1101,3,-61.8151,17,18,20,0,-999,-999,0
14.5,40,140,4,-75.1101,1,-82.1041,17,17,20,0,-999,-999,0
14.5,40,140,4,-75.1101,2,-91.5174,16,18,20,0,-999,-999,0
14.5,41,72,2,-74.1418,4,-81.601,20,20,20,0,-999,-999,0
14.5,41,72,2,-74.1418,3,-85.7438,17,18,20,0,-999,-999,0
14.5,41,72,2,-74.1418,1,-90.4731,17,17,20,0,-999,-999,0
14.5,42,141,4,-75.7371,2,-74.149,16,18,20,0,-999,-999,0
14.5,42,141,4,-75.7371,1,-81.1382,17,17,20,0,-999,-999,0
14.5,42,141,4,-75.7371,3,-89.2567,17,18,20,0,-999,-999,0
14.5,43,139,3,-56.5554,1,-76.9596,17,17,20,0,-999,-999,0
14.5,43,139,3,-56.5554,2,-83.4351,16,18,20,0,-999,-999,0
14.5,43,139,3,-56.5554,4,-96.6859,20,20,20,0,-999,-999,0
14.5,44,140,3,-67.7915,1,-64.0328,17,17,20,0,-999,-999,1
14.5,44,140,3,-67.7915,2,-94.3232,16,18,20,0,-999,-999,1
14.5,44,140,3,-67.7915,4,-99.0548,20,20,20,0,-999,-999,1
14.5,45,130,1,-44.4663,2,-41.4433,16,18,20,0,-999,-999,0
14.5,45,130,1,-44.4663,3,-48.6736,17,18,20,0,-999,-999,0
14.5,45,130,1,-44.4663,4,-93.8601,20,20,20,0,-999,-999,0
14.5,46,142,4,-40.0069,2,-87.2476,16,18,20,0,-999,-999,0
14.5,46,142,4,-40.0069,1,-100.185,17,18,20,0,-999,-999,0
14.5,46,142,4,-40.0069,3,-102.193,17,18,20,0,-999,-999,0
14.5,47,131,1,-34.9835,2,-74.2524,16,18,20,0,-999,-999,0
14.5,47,131,1,-34.9835,3,-83.6781,17,18,20,0,-999,-999,0
14.5,47,131,1,-34.9835,4,-101.933,20,20,20,0,-999,-999,0
14.5,48,143,4,-71.2532,2,-91.8292,16,18,20,0,-999,-999,0
14.5,48,143,4,-71.2532,1,-101.094,17,18,20,0,-999,-999,0
14.5,48,143,4,-71.2532,3,-103.678,17,18,20,0,-999,-999,0
14.5,49,144,4,-64.1208,1,-90.6017,17,18,20,0,-999,-999,0
14.5,49,144,4,-64.1208,3,-99.9812,17,18,20,0,-999,-999,0
14.5,49,144,4,-64.1208,2,-101.757,16,18,20,0,-999,-999,0
14.5,50,89,2,-93.2292,3,-85.6545,17,18,20,0,-999,-999,0
14.5,50,89,2,-93.2292,1,-86.2202,17,18,20,0,-999,-999,0
14.5,50,89,2,-93.2292,4,-95.6858,20,20,20,0,-999,-999,0
14.5,51,91,2,-64.9967,1,-82.408,17,18,20,0,-999,-999,0
14.5,51,91,2,-64.9967,3,-89.5611,17,18,20,0,-999,-999,0
14.5,51,91,2,-64.9967,4,-97.8526,20,20,20,0,-999,-999,0
14.5,52,92,2,-86.2569,3,-45.8366,17,18,20,0,-999,-999,0
14.5,52,92,2,-86.2569,1,-72.597,17,18,20,0,-999,-999,0
14.5,52,92,2,-86.2569,4,-109.58,20,20,20,0,-999,-999,0
14.5,53,144,3,-77.7684,1,-96.7572,17,18,20,0,-999,-999,0
14.5,53,144,3,-77.7684,4,-105.09,20,20,20,0,-999,-999,0
14.5,53,144,3,-77.7684,2,-105.202,16,18,20,0,-999,-999,0
14.5,54,73,2,-80.8004,1,-48.3745,17,18,20,0,-999,-999,0
14.5,54,73,2,-80.8004,3,-54.605,17,18,20,0,-999,-999,0
14.5,54,73,2,-80.8004,4,-81.7786,20,20,20,0,-999,-999,0
14.5,55,161,4,-79.5298,1,-46.9239,17,18,20,0,-999,-999,0
14.5,55,161,4,-79.5298,3,-97.0066,17,18,20,0,-999,-999,0
14.5,55,161,4,-79.5298,2,-97.6601,16,18,20,0,-999,-999,0
14.5,56,132,1,-59.3996,3,-82.0632,17,18,20,0,-999,-999,0
14.5,56,132,1,-59.3996,2,-82.6182,16,18,20,0,-999,-999,0
14.5,56,132,1,-59.3996,4,-89.512,20,20,20,0,-999,-999,0
14.5,57,145,3,-90.6308,2,-77.7911,16,18,20,0,-999,-999,0
14.5,57,145,3,-90.6308,1,-93.8976,17,18,20,0,-999,-999,0
14.5,57,145,3,-90.6308,4,-105.83,20,20,20,0,-999,-999,0
14.5,58,133,1,-82.2358,2,-88.0167,16,18,20,0,-999,-999,0
14.5,58,133,1,-82.2358,3,-89.3502,17,18,20,0,-999,-999,0
14.5,58,133,1,-82.2358,4,-104.211,20,20,20,0,-999,-999,0
14.5,59,146,3,-58.1085,2,-87.1707,16,18,20,0,-999,-999,0
14.5,59,146,3,-58.1085,1,-88.8383,17,18,20,0,-999,-999,0
14.5,59,146,3,-58.1085,4,-98.7276,20,20,20,0,-999,-999,0
14.5,60,147,3,-48.0905,2,-87.995,16,18,20,0,-999,-999,0
14.5,60,147,3,-48.0905,1,-91.694,17,18,20,0,-999,-999,0
14.5,60,147,3,-48.0905,4,-109.729,20,20,20,0,-999,-999,0
14.5,61,162,4,-59.0192,2,-90.5,16,18,20,0,-999,-999,0
14.5,61,162,4,-59.0192,3,-99.8208,17,18,20,0,-999,-999,0
14.5,61,162,4,-59.0192,1,-103.806,17,18,20,0,-999,-999,0
14.5,62,134,1,-77.3424,2,-81.7574,16,18,20,0,-999,-999,0
14.5,62,134,1,-77.3424,4,-85.8371,20,20,20,0,-999,-999,0
14.5,62,134,1,-77.3424,3,-90.3981,17,18,20,0,-999,-999,0
14.5,63,162,3,-99.9179,1,-87.9632,17,18,20,0,-999,-999,0
14.5,63,162,3,-99.9179,2,-99.8673,16,18,20,0,-999,-999,0
14.5,63,162,3,-99.9179,4,-100.01,20,20,20,0,-999,-999,0
14.5,64,163,4,-82.2858,3,-78.6224,17,18,20,0,-999,-999,0
14.5,64,163,4,-82.2858,2,-90.0355,16,18,20,0,-999,-999,0
14.5,64,163,4,-82.2858,1,-98.6073,17,18,20,0,-999,-999,0
14.5,65,74,2,-82.2397,4,-89.6088,20,20,20,0,-999,-999,0
14.5,65,74,2,-82.2397,1,-91.541,17,18,20,0,-999,-999,0
14.5,65,74,2,-82.2397,3,-94.3569,17,18,20,0,-999,-999,0
14.5,66,135,1,-83.3622,4,-84.0605,20,20,20,0,-999,-999,0
14.5,66,135,1,-83.3622,2,-86.3286,16,18,20,0,-999,-999,0
14.5,66,135,1,-83.3622,3,-87.4322,17,18,20,0,-999,-999,0
14.5,67,163,3,-86.5499,4,-90.3607,20,20,20,0,-999,-999,0
14.5,67,163,3,-86.5499,2,-99.5123,16,18,20,0,-999,-999,0
14.5,67,163,3,-86.5499,1,-100.286,17,18,20,0,-999,-999,0
14.5,68,75,2,-96.2389,1,-86.3537,17,18,20,0,-999,-999,1
14.5,68,75,2,-96.2389,3,-91.3168,17,18,20,0,-999,-999,1
14.5,68,75,2,-96.2389,4,-99.6177,20,20,20,0,-999,-999,1
14.5,69,76,2,-84.5418,4,-78.5605,20,20,20,0,-999,-999,0
14.5,69,76,2,-84.5418,3,-91.7553,17,18,20,0,-999,-999,0
14.5,69,76,2,-84.5418,1,-92.6081,17,19,20,0,-999,-999,0
14.5,70,77,2,-48.1074,4,-74.6619,20,20,20,0,-999,-999,0
14.5,70,77,2,-48.1074,3,-84.9038,17,18,20,0,-999,-999,0
14.5,70,77,2,-48.1074,1,-91.2957,17,19,20,0,-999,-999,0
14.5,71,78,2,-71.2607,1,-50.0889,17,19,20,0,-999,-999,1
14.5,71,78,2,-71.2607,4,-84.9091,20,20,20,0,-999,-999,1
14.5,71,78,2,-71.2607,3,-87.5146,17,18,20,0,-999,-999,1
14.5,72,90,2,-89.7673,1,-89.2399,17,20,20,0,-999,-999,0
14.5,72,90,2,-89.7673,3,-90.6008,17,18,20,0,-999,-999,0
14.5,72,90,2,-89.7673,4,-108.191,20,20,20,0,-999,-999,0
14.5,73,79,2,-81.5359,3,-58.7369,17,18,20,0,-999,-999,3
14.5,73,79,2,-81.5359,4,-66.3503,20,20,20,0,-999,-999,3
14.5,73,79,2,-81.5359,1,-75.9926,17,20,20,0,-999,-999,3
14.5,74,154,1,-81.8403,2,-58.6069,16,18,20,0,-999,-999,0
14.5,74,154,1,-81.8403,3,-82.8765,17,19,20,0,-999,-999,0
14.5,74,154,1,-81.8403,4,-113.605,20,20,20,0,-999,-999,0
16.5,5,36,1,-44.1644,3,-50.8867,17,17,20,0,-999,-999,0
16.5,5,36,1,-44.1644,2,-88.1702,15,15,20,0,-999,-999,0
16.5,5,36,1,-44.1644,4,-95.2737,19,19,20,0,-999,-999,0
16.5,6,43,4,-71.01,2,-90.0913,15,15,20,0,-999,-999,0
16.5,6,43,4,-71.01,3,-93.5729,17,17,20,0,-999,-999,0
16.5,6,43,4,-71.01,1,-99.9603,19,19,20,0,-999,-999,0
16.5,7,93,2,-34.8891,1,-39.1794,19,19,20,0,-999,-999,0
16.5,7,93,2,-34.8891,4,-73.8798,19,19,20,0,-999,-999,0
16.5,7,93,2,-34.8891,3,-84.8755,17,17,20,0,-999,-999,0
16.5,8,15,2,-43.5767,1,-77.7599,19,19,20,0,-999,-999,0
16.5,8,15,2,-43.5767,3,-89.352,17,17,20,0,-999,-999,0
16.5,8,15,2,-43.5767,4,-98.8561,19,19,20,0,-999,-999,0
16.5,9,16,2,-64.382,3,-52.5985,17,17,20,0,-999,-999,0
16.5,9,16,2,-64.382,1,-87.5815,19,19,20,0,-999,-999,0
16.5,9,16,2,-64.382,4,-90.7256,19,19,20,0,-999,-999,0
16.5,10,50,3,-29.983,1,-73.4683,19,19,20,0,-999,-999,0
16.5,10,50,3,-29.983,2,-86.2661,15,15,20,0,-999,-999,0
16.5,10,50,3,-29.983,4,-107.843,19,19,20,0,-999,-999,0
16.5,11,164,3,-88.1453,4,-72.7503,19,19,20,0,-999,-999,0
16.5,11,164,3,-88.1453,2,-79.2559,15,15,20,0,-999,-999,0
16.5,11,164,3,-88.1453,1,-86.3567,19,19,20,0,-999,-999,0
16.5,12,51,3,-52.4524,1,-53.3777,19,19,20,0,-999,-999,0
16.5,12,51,3,-52.4524,2,-95.1746,15,15,20,0,-999,-999,0
16.5,12,51,3,-52.4524,4,-112.398,19,19,20,0,-999,-999,0
16.5,13,38,1,-63.2657,3,-76.1916,17,17,20,0,-999,-999,0
16.5,13,38,1,-63.2657,2,-79.73,15,15,20,0,-999,-999,0
16.5,13,38,1,-63.2657,4,-96.127,19,19,20,0,-999,-999,0
16.5,14,155,1,-48.4921,3,-80.0461,17,17,20,0,-999,-999,0
16.5,14,155,1,-48.4921,2,-87.3613,15,15,20,0,-999,-999,0
16.5,14,155,1,-48.4921,4,-107.181,19,19,20,0,-999,-999,0
16.5,15,53,3,-60.729,1,-77.3957,19,19,20,0,-999,-999,0
16.5,15,53,3,-60.729,2,-80.9392,15,15,20,0,-999,-999,0
16.5,15,53,3,-60.729,4,-93.4093,19,19,20,0,-999,-999,0
16.5,16,45,4,-79.61,3,-68.5477,17,17,20,0,-999,-999,0
16.5,16,45,4,-79.61,1,-93.9989,19,19,20,0,-999,-999,0
16.5,16,45,4,-79.61,2,-94.5831,15,15,20,0,-999,-999,0
16.5,17,46,4,-44.6122,3,-59.5938,17,17,20,0,-999,-999,0
16.5,17,46,4,-44.6122,2,-83.9168,15,15,20,0,-999,-999,0
16.5,17,46,4,-44.6122,1,-89.0609,19,19,20,0,-999,-999,0
16.5,18,54,3,-70.2831,2,-71.8847,15,15,20,0,-999,-999,0
16.5,18,54,3,-70.2831,1,-72.77,19,19,20,0,-999,-999,0
16.5,18,54,3,-70.2831,4,-85.2766,19,19,20,0,-999,-999,0
16.5,19,55,3,-89.8524,1,-91.055,19,19,20,0,-999,-999,0
16.5,19,55,3,-89.8524,2,-95.6815,15,15,20,0,-999,-999,0
16.5,19,55,3,-89.8524,4,-103.801,19,19,20,0,-999,-999,0
16.5,20,57,3,-43.4195,1,-43.0765,19,19,20,0,-999,-999,0
16.5,20,57,3,-43.4195,2,-47.3318,15,15,20,0,-999,-999,0
16.5,20,57,3,-43.4195,4,-104.679,19,19,20,0,-999,-999,0
16.5,21,47,4,-75.4622,3,-84.4836,17,17,20,0,-999,-999,0
16.5,21,47,4,-75.4622,2,-104.632,15,15,20,0,-999,-999,0
16.5,21,47,4,-75.4622,1,-111.209,19,19,20,0,-999,-999,0
16.5,22,48,4,-77.2454,1,-72.4678,19,19,20,0,-999,-999,0
16.5,22,48,4,-77.2454,2,-96.2845,15,15,20,0,-999,-999,0
16.5,22,48,4,-77.2454,3,-98.5565,17,17,20,0,-999,-999,0
16.5,23,39,1,-51.7313,2,-39.7588,15,15,20,0,-999,-999,0
16.5,23,39,1,-51.7313,3,-82.5647,17,17,20,0,-999,-999,0
16.5,23,39,1,-51.7313,4,-99.392,19,19,20,0,-999,-999,0
16.5,24,94,2,-75.2981,1,-79.8287,19,19,20,0,-999,-999,0
16.5,24,94,2,-75.2981,3,-84.9712,17,17,20,0,-999,-999,0
16.5,24,94,2,-75.2981,4,-108.445,19,19,20,0,-999,-999,0
16.5,25,134,4,-61.8883,2,-62.2997,15,15,20,0,-999,-999,0
16.5,25,134,4,-61.8883,1,-103.181,19,19,20,0,-999,-999,0
16.5,25,134,4,-61.8883,3,-104.899,17,17,20,0,-999,-999,0
16.5,26,95,2,-85.1917,3,-77.915,17,17,20,0,-999,-999,0
16.5,26,95,2,-85.1917,1,-91.1162,19,19,20,0,-999,-999,0
16.5,26,95,2,-85.1917,4,-95.0971,19,19,20,0,-999,-999,0
16.5,27,135,4,-74.1657,3,-55.5904,17,17,20,0,-999,-999,3
16.5,27,135,4,-74.1657,2,-84.0833,15,15,20,0,-999,-999,3
16.5,27,135,4,-74.1657,1,-91.8439,19,19,20,0,-999,-999,3
16.5,28,125,1,-81.5335,3,-87.1485,17,18,20,0,-999,-999,0
16.5,28,125,1,-81.5335,2,-90.2379,15,15,20,0,-999,-999,0
16.5,28,125,1,-81.5335,4,-98.7196,19,19,20,0,-999,-999,0
16.5,29,126,1,-79.2071,2,-43.5917,15,15,20,0,-999,-999,0
16.5,29,126,1,-79.2071,3,-50.0073,17,18,20,0,-999,-999,0
16.5,29,126,1,-79.2071,4,-102.92,19,19,20,0,-999,-999,0
16.5,30,127,1,-74.9127,2,-78.6814,15,15,20,0,-999,-999,0
16.5,30,127,1,-74.9127,3,-79.2257,17,18,20,0,-999,-999,0
16.5,30,127,1,-74.9127,4,-102.183,19,19,20,0,-999,-999,0
16.5,31,137,3,-52.2678,1,-85.2438,19,19,20,0,-999,-999,0
16.5,31,137,3,-52.2678,2,-95.2873,15,15,20,0,-999,-999,0
16.5,31,137,3,-52.2678,4,-114.417,19,19,20,0,-999,-999,0
16.5,32,136,4,-39.7292,3,-75.6536,17,18,20,0,-999,-999,0
16.5,32,136,4,-39.7292,1,-91.3018,19,19,20,0,-999,-999,0
16.5,32,136,4,-39.7292,2,-98.4105,15,15,20,0,-999,-999,0
16.5,33,71,2,-79.656,3,-48.001,17,18,20,0,-999,-999,3
16.5,33,71,2,-79.656,1,-75.9014,19,19,20,0,-999,-999,3
16.5,33,71,2,-79.656,4,-98.6358,19,19,20,0,-999,-999,3
16.5,34,137,4,-79.2044,1,-85.8689,19,19,20,0,-999,-999,0
16.5,34,137,4,-79.2044,2,-91.7883,15,15,20,0,-999,-999,0
16.5,34,137,4,-79.2044,3,-101.016,17,19,20,0,-999,-999,0
16.5,35,128,1,-78.6754,3,-46.5157,17,19,20,0,-999,-999,0
16.5,35,128,1,-78.6754,2,-84.4554,15,15,20,0,-999,-999,0
16.5,35,128,1,-78.6754,4,-103.155,19,19,20,0,-999,-999,0
16.5,36,138,4,-54.3488,1,-88.4782,19,19,20,0,-999,-999,0
16.5,36,138,4,-54.3488,2,-96.2494,15,15,20,0,-999,-999,0
16.5,36,138,4,-54.3488,3,-103.111,17,19,20,0,-999,-999,0
16.5,37,139,4,-78.5726,2,-88.8661,15,15,20,0,-999,-999,0
16.5,37,139,4,-78.5726,1,-91.1408,19,19,20,0,-999,-999,0
16.5,37,139,4,-78.5726,3,-91.9994,17,19,20,0,-999,-999,0
16.5,38,138,3,-79.6389,2,-84.6753,15,15,20,0,-999,-999,0
16.5,38,138,3,-79.6389,1,-89.042,19,19,20,0,-999,-999,0
16.5,38,138,3,-79.6389,4,-102.167,19,19,20,0,-999,-999,0
16.5,39,129,1,-78.3201,2,-47.9885,15,15,20,0,-999,-999,0
16.5,39,129,1,-78.3201,3,-84.5021,17,19,20,0,-999,-999,0
16.5,39,129,1,-78.3201,4,-94.9489,19,19,20,0,-999,-999,0
16.5,40,140,4,-76.4693,1,-57.5808,19,19,20,0,-999,-999,0
16.5,40,140,4,-76.4693,2,-81.7192,15,15,20,0,-999,-999,0
16.5,40,140,4,-76.4693,3,-96.861,17,19,20,0,-999,-999,0
16.5,41,72,2,-38.8016,1,-58.7251,19,19,20,0,-999,-999,0
16.5,41,72,2,-38.8016,3,-88.9632,17,19,20,0,-999,-999,0
16.5,41,72,2,-38.8016,4,-90.8559,19,19,20,0,-999,-999,0
16.5,42,141,4,-62.7198,1,-47.381,19,19,20,0,-999,-999,0
16.5,42,141,4,-62.7198,2,-85.0974,15,15,20,0,-999,-999,0
16.5,42,141,4,-62.7198,3,-86.0926,17,19,20,0,-999,-999,0
16.5,43,139,3,-61.4086,4,-65.9634,19,19,20,0,-999,-999,0
16.5,43,139,3,-61.4086,1,-70.4085,19,19,20,0,-999,-999,0
16.5,43,139,3,-61.4086,2,-90.0014,15,15,20,0,-999,-999,0
16.5,44,156,1,-86.528,4,-77.9442,19,19,20,0,-999,-999,0
16.5,44,156,1,-86.528,2,-90.3751,15,15,20,0,-999,-999,0
16.5,44,156,1,-86.528,3,-95.0277,17,19,20,0,-999,-999,0
16.5,45,130,1,-55.3461,3,-79.0015,17,19,20,0,-999,-999,0
16.5,45,130,1,-55.3461,2,-82.0748,15,15,20,0,-999,-999,0
16.5,45,130,1,-55.3461,4,-90.9663,19,19,20,0,-999,-999,0
16.5,46,142,4,-78.9709,1,-76.0498,19,19,20,0,-999,-999,0
16.5,46,142,4,-78.9709,2,-87.0971,15,15,20,0,-999,-999,0
16.5,46,142,4,-78.9709,3,-96.534,17,19,20,0,-999,-999,0
16.5,47,131,1,-34.6961,2,-77.4649,15,15,20,0,-999,-999,0
16.5,47,131,1,-34.6961,3,-81.1151,17,19,20,0,-999,-999,0
16.5,47,131,1,-34.6961,4,-106.038,19,19,20,0,-999,-999,0
16.5,48,143,4,-73.6256,1,-99.7574,19,19,20,0,-999,-999,0
16.5,48,143,4,-73.6256,2,-103.617,15,15,20,0,-999,-999,0
16.5,48,143,4,-73.6256,3,-111.937,17,19,20,0,-999,-999,0
16.5,49,144,4,-54.5611,2,-85.6815,15,15,20,0,-999,-999,0
16.5,49,144,4,-54.5611,1,-93.334,19,19,20,0,-999,-999,0
16.5,49,144,4,-54.5611,3,-108.345,17,19,20,0,-999,-999,0
16.5,50,89,2,-61.4018,1,-56.8996,19,19,20,0,-999,-999,0
16.5,50,89,2,-61.4018,4,-79.4113,19,19,20,0,-999,-999,0
16.5,50,89,2,-61.4018,3,-95.4669,17,19,20,0,-999,-999,0
16.5,51,91,2,-93.3324,3,-84.8956,17,19,20,0,-999,-999,0
16.5,51,91,2,-93.3324,1,-96.8939,19,19,20,0,-999,-999,0
16.5,51,91,2,-93.3324,4,-98.2152,19,19,20,0,-999,-999,0
16.5,52,92,2,-50.8374,3,-77.5796,17,19,20,0,-999,-999,0
16.5,52,92,2,-50.8374,1,-82.6061,19,19,20,0,-999,-999,0
16.5,52,92,2,-50.8374,4,-107.901,19,19,20,0,-999,-999,0
16.5,53,144,3,-85.5623,4,-90.5833,19,19,20,0,-999,-999,0
16.5,53,144,3,-85.5623,2,-98.5744,15,15,20,0,-999,-999,0
16.5,53,144,3,-85.5623,1,-105.567,19,19,20,0,-999,-999,0
16.5,54,73,2,-80.8202,4,-70.0785,19,19,20,0,-999,-999,0
16.5,54,73,2,-80.8202,1,-83.8062,19,19,20,0,-999,-999,0
16.5,54,73,2,-80.8202,3,-84.6533,17,19,20,0,-999,-999,0
16.5,55,161,4,-40.3639,1,-86.1634,19,19,20,0,-999,-999,0
16.5,55,161,4,-40.3639,2,-92.1314,15,15,20,0,-999,-999,0
16.5,55,161,4,-40.3639,3,-104.098,17,19,20,0,-999,-999,0
16.5,56,132,1,-64.9443,3,-64.7597,17,19,20,0,-999,-999,0
16.5,56,132,1,-64.9443,2,-76.2208,15,15,20,0,-999,-999,0
16.5,56,132,1,-64.9443,4,-86.935,19,19,20,0,-999,-999,0
16.5,57,145,3,-54.4448,1,-86.6797,19,19,20,0,-999,-999,0
16.5,57,145,3,-54.4448,2,-94.2702,15,15,20,0,-999,-999,0
16.5,57,145,3,-54.4448,4,-111.695,19,19,20,0,-999,-999,0
16.5,58,133,1,-84.6931,3,-87.9019,17,19,20,0,-999,-999,0
16.5,58,133,1,-84.6931,2,-89.5923,15,15,20,0,-999,-999,0
16.5,58,133,1,-84.6931,4,-104.662,19,19,20,0,-999,-999,0
16.5,59,146,3,-89.1424,1,-50.9281,19,19,20,0,-999,-999,0
16.5,59,146,3,-89.1424,2,-53.7059,15,15,20,0,-999,-999,0
16.5,59,146,3,-89.1424,4,-97.1855,19,19,20,0,-999,-999,0
16.5,60,147,3,-101.647,1,-51.4351,19,19,20,0,-999,-999,0
16.5,60,147,3,-101.647,2,-88.0598,15,15,20,0,-999,-999,0
16.5,60,147,3,-101.647,4,-114.73,19,19,20,0,-999,-999,0
16.5,61,162,4,-71.2288,2,-89.0084,15,15,20,0,-999,-999,0
16.5,61,162,4,-71.2288,3,-96.7108,17,19,20,0,-999,-999,0
16.5,61,162,4,-71.2288,1,-100.531,19,19,20,0,-999,-999,0
16.5,62,134,1,-82.5121,2,-48.5577,15,15,20,0,-999,-999,0
16.5,62,134,1,-82.5121,3,-84.9397,17,19,20,0,-999,-999,0
16.5,62,134,1,-82.5121,4,-88.4372,19,19,20,0,-999,-999,0
16.5,63,162,3,-86.199,1,-56.4765,19,19,20,0,-999,-999,1
16.5,63,162,3,-86.199,2,-97.5153,15,15,20,0,-999,-999,1
16.5,63,162,3,-86.199,4,-101.768,19,19,20,0,-999,-999,1
16.5,64,163,4,-81.745,3,-80.1423,17,19,20,0,-999,-999,0
16.5,64,163,4,-81.745,2,-92.8624,15,15,20,0,-999,-999,0
16.5,64,163,4,-81.745,1,-99.8793,19,20,20,0,-999,-999,0
16.5,65,74,2,-86.0044,1,-46.8397,19,20,20,0,-999,-999,0
16.5,65,74,2,-86.0044,4,-93.6406,19,19,20,0,-999,-999,0
16.5,65,74,2,-86.0044,3,-96.3437,17,19,20,0,-999,-999,0
16.5,66,135,1,-85.7868,2,-50.0628,15,15,20,0,-999,-999,0
16.5,66,135,1,-85.7868,3,-83.5566,17,19,20,0,-999,-999,0
16.5,66,135,1,-85.7868,4,-90.6452,19,19,20,0,-999,-999,0
16.5,67,163,3,-88.0933,4,-78.172,19,19,20,0,-999,-999,0
16.5,67,163,3,-88.0933,1,-86.3249,19,20,20,0,-999,-999,0
16.5,67,163,3,-88.0933,2,-91.4669,15,15,20,0,-999,-999,0
16.5,68,157,1,-84.5714,4,-85.8226,19,19,20,0,-999,-999,0
16.5,68,157,1,-84.5714,3,-91.3792,17,19,20,0,-999,-999,0
16.5,68,157,1,-84.5714,2,-95.7854,15,15,20,0,-999,-999,0
16.5,69,76,2,-85.5395,4,-80.5617,19,19,20,0,-999,-999,0
16.5,69,76,2,-85.5395,3,-87.1303,17,19,20,0,-999,-999,0
16.5,69,76,2,-85.5395,1,-95.5107,19,20,20,0,-999,-999,0
16.5,70,77,2,-87.6062,4,-65.4826,19,19,20,0,-999,-999,0
16.5,70,77,2,-87.6062,3,-90.584,17,19,20,0,-999,-999,0
16.5,70,77,2,-87.6062,1,-92.907,19,20,20,0,-999,-999,0
16.5,71,158,1,-75.7581,4,-69.9104,19,19,20,0,-999,-999,0
16.5,71,158,1,-75.7581,2,-80.6964,15,15,20,0,-999,-999,0
16.5,71,158,1,-75.7581,3,-92.3735,17,19,20,0,-999,-999,0
16.5,72,90,2,-86.3452,3,-54.6334,17,19,20,0,-999,-999,0
16.5,72,90,2,-86.3452,1,-90.977,19,20,20,0,-999,-999,0
16.5,72,90,2,-86.3452,4,-105.183,19,19,20,0,-999,-999,0
16.5,73,165,3,-52.2828,2,-45.4732,15,15,20,0,-999,-999,0
16.5,73,165,3,-52.2828,4,-81.6583,19,19,20,0,-999,-999,0
16.5,73,165,3,-52.2828,1,-82.1782,19,20,20,0,-999,-999,0
16.5,74,154,1,-81.3138,3,-59.4916,17,19,20,0,-999,-999,0
16.5,74,154,1,-81.3138,2,-85.8892,15,15,20,0,-999,-999,0
16.5,74,154,1,-81.3138,4,-104.524,19,19,20,0,-999,-999,0
18.5,5,36,1,-50.1888,3,-76.73,18,18,20,0,-999,-999,0
18.5,5,36,1,-50.1888,2,-86.5647,14,14,20,0,-999,-999,0
18.5,5,36,1,-50.1888,4,-112.132,18,18,20,0,-999,-999,0
18.5,6,43,4,-74.2679,2,-96.181,14,14,20,0,-999,-999,0
18.5,6,43,4,-74.2679,3,-96.8088,18,18,20,0,-999,-999,0
18.5,6,43,4,-74.2679,1,-99.0821,20,20,20,0,-999,-999,0
18.5,7,93,2,-73.0756,4,-63.7429,18,18,20,0,-999,-999,0
18.5,7,93,2,-73.0756,1,-73.2084,20,20,20,0,-999,-999,0
18.5,7,93,2,-73.0756,3,-85.1896,18,18,20,0,-999,-999,0
18.5,8,15,2,-82.5753,1,-76.2793,20,20,20,0,-999,-999,0
18.5,8,15,2,-82.5753,3,-85.4915,18,18,20,0,-999,-999,0
18.5,8,15,2,-82.5753,4,-86.9459,18,18,20,0,-999,-999,0
18.5,9,16,2,-77.3368,4,-45.6461,18,18,20,0,-999,-999,0
18.5,9,16,2,-77.3368,1,-52.7129,20,20,20,0,-999,-999,0
18.5,9,16,2,-77.3368,3,-57.5408,18,18,20,0,-999,-999,0
18.5,10,50,3,-60.2496,2,-58.3192,14,14,20,0,-999,-999,0
18.5,10,50,3,-60.2496,1,-77.6397,20,20,20,0,-999,-999,0
18.5,10,50,3,-60.2496,4,-99.9945,18,18,20,0,-999,-999,0
18.5,11,164,3,-74.8476,2,-52.5534,14,14,20,0,-999,-999,0
18.5,11,164,3,-74.8476,1,-90.2743,20,20,20,0,-999,-999,0
18.5,11,164,3,-74.8476,4,-93.7484,18,18,20,0,-999,-999,0
18.5,12,51,3,-85.0965,1,-80.409,20,20,20,0,-999,-999,0
18.5,12,51,3,-85.0965,2,-85.1657,14,14,20,0,-999,-999,0
18.5,12,51,3,-85.0965,4,-116.72,18,18,20,0,-999,-999,0
18.5,13,38,1,-32.9375,2,-71.0061,14,14,20,0,-999,-999,0
18.5,13,38,1,-32.9375,3,-76.6855,18,18,20,0,-999,-999,0
18.5,13,38,1,-32.9375,4,-95.6586,18,18,20,0,-999,-999,0
18.5,14,155,1,-88.8824,3,-85.6176,18,18,20,0,-999,-999,0
18.5,14,155,1,-88.8824,2,-88.4301,14,14,20,0,-999,-999,0
18.5,14,155,1,-88.8824,4,-104.863,18,18,20,0,-999,-999,0
18.5,15,53,3,-58.2149,2,-76.4987,14,14,20,0,-999,-999,0
18.5,15,53,3,-58.2149,1,-88.6475,20,20,20,0,-999,-999,0
18.5,15,53,3,-58.2149,4,-91.8227,18,18,20,0,-999,-999,0
18.5,16,45,4,-69.0499,2,-67.4047,14,14,20,0,-999,-999,0
18.5,16,45,4,-69.0499,3,-76.807,18,18,20,0,-999,-999,0
18.5,16,45,4,-69.0499,1,-90.5206,20,20,20,0,-999,-999,0
18.5,17,46,4,-83.4193,1,-59.2729,20,20,20,0,-999,-999,0
18.5,17,46,4,-83.4193,3,-80.3165,18,18,20,0,-999,-999,0
18.5,17,46,4,-83.4193,2,-84.7246,14,14,20,0,-999,-999,0
18.5,18,54,3,-71.0584,1,-69.9066,20,20,20,0,-999,-999,0
18.5,18,54,3,-71.0584,2,-86.8061,14,14,20,0,-999,-999,0
18.5,18,54,3,-71.0584,4,-89.8075,18,18,20,0,-999,-999,0
18.5,19,55,3,-89.0816,1,-87.8976,20,20,20,0,-999,-999,0
18.5,19,55,3,-89.0816,2,-91.6799,14,14,20,0,-999,-999,0
18.5,19,55,3,-89.0816,4,-109.365,18,18,20,0,-999,-999,0
18.5,20,57,3,-76.7062,1,-71.0516,20,20,20,0,-999,-999,0
18.5,20,57,3,-76.7062,4,-84.7332,18,18,20,0,-999,-999,0
18.5,20,57,3,-76.7062,2,-87.4666,14,14,20,0,-999,-999,0
18.5,21,47,4,-62.9792,3,-89.3588,18,18,20,0,-999,-999,0
18.5,21,47,4,-62.9792,2,-102.955,14,14,20,0,-999,-999,0
18.5,21,47,4,-62.9792,1,-110.736,20,20,20,0,-999,-999,0
18.5,22,48,4,-70.225,1,-92.5842,20,20,20,0,-999,-999,0
18.5,22,48,4,-70.225,2,-94.2868,14,14,20,0,-999,-999,0
18.5,22,48,4,-70.225,3,-100.091,18,18,20,0,-999,-999,0
18.5,23,39,1,-53.289,2,-72.9229,14,14,20,0,-999,-999,0
18.5,23,39,1,-53.289,3,-74.6036,18,18,20,0,-999,-999,0
18.5,23,39,1,-53.289,4,-92.6343,18,18,20,0,-999,-999,0
18.5,24,94,2,-46.3306,3,-42.9124,18,18,20,0,-999,-999,0
18.5,24,94,2,-46.3306,1,-67.6463,20,20,20,0,-999,-999,0
18.5,24,94,2,-46.3306,4,-105.33,18,18,20,0,-999,-999,0
18.5,25,134,4,-83.0536,2,-66.0731,14,14,20,0,-999,-999,0
18.5,25,134,4,-83.0536,1,-96.1785,20,20,20,0,-999,-999,0
18.5,25,134,4,-83.0536,3,-100.882,18,18,20,0,-999,-999,0
18.5,26,95,2,-45.7414,1,-62.8689,20,20,20,0,-999,-999,0
18.5,26,95,2,-45.7414,3,-80.3339,18,18,20,0,-999,-999,0
18.5,26,95,2,-45.7414,4,-97.0598,18,18,20,0,-999,-999,0
18.5,27,166,3,-92.1947,2,-51.485,14,14,20,0,-999,-999,0
18.5,27,166,3,-92.1947,4,-73.1732,18,18,20,0,-999,-999,0
18.5,27,166,3,-92.1947,1,-95.0297,20,20,20,0,-999,-999,0
18.5,28,125,1,-80.0687,2,-47.908,14,14,20,0,-999,-999,0
18.5,28,125,1,-80.0687,3,-58.6808,18,18,20,0,-999,-999,0
18.5,28,125,1,-80.0687,4,-77.4258,18,18,20,0,-999,-999,0
18.5,29,126,1,-76.7389,3,-45.7967,18,18,20,0,-999,-999,0
18.5,29,126,1,-76.7389,2,-82.1127,14,14,20,0,-999,-999,0
18.5,29,126,1,-76.7389,4,-96.2436,18,18,20,0,-999,-999,0
18.5,30,127,1,-78.3556,2,-43.7983,14,14,20,0,-999,-999,0
18.5,30,127,1,-78.3556,3,-82.5113,18,18,20,0,-999,-999,0
18.5,30,127,1,-78.3556,4,-103.9,18,18,20,0,-999,-999,0
18.5,31,137,3,-85.8623,2,-60.7875,14,14,20,0,-999,-999,0
18.5,31,137,3,-85.8623,1,-87.0574,20,20,20,0,-999,-999,0
18.5,31,137,3,-85.8623,4,-113.756,18,18,20,0,-999,-999,0
18.5,32,136,4,-59.7791,1,-88.4373,20,20,20,0,-999,-999,0
18.5,32,136,4,-59.7791,2,-91.9401,14,14,20,0,-999,-999,0
18.5,32,136,4,-59.7791,3,-105.028,18,18,20,0,-999,-999,0
18.5,33,167,3,-86.9755,2,-45.6862,14,14,20,0,-999,-999,0
18.5,33,167,3,-86.9755,1,-74.36,20,20,20,0,-999,-999,0
18.5,33,167,3,-86.9755,4,-102.329,18,18,20,0,-999,-999,0
18.5,34,137,4,-79.3113,1,-91.891,20,20,20,0,-999,-999,0
18.5,34,137,4,-79.3113,3,-93.6876,18,18,20,0,-999,-999,0
18.5,34,137,4,-79.3113,2,-96.0056,14,14,20,0,-999,-999,0
18.5,35,128,1,-79.8651,3,-55.5826,18,18,20,0,-999,-999,3
18.5,35,128,1,-79.8651,2,-83.517,14,14,20,0,-999,-999,3
18.5,35,128,1,-79.8651,4,-105.376,18,18,20,0,-999,-999,3
18.5,36,138,4,-85.4114,2,-69.4743,14,14,20,0,-999,-999,0
18.5,36,138,4,-85.4114,1,-96.4649,20,20,20,0,-999,-999,0
18.5,36,138,4,-85.4114,3,-107.859,18,19,20,0,-999,-999,0
18.5,37,139,4,-44.7375,2,-65.4675,14,14,20,0,-999,-999,0
18.5,37,139,4,-44.7375,1,-86.1338,20,20,20,0,-999,-999,0
18.5,37,139,4,-44.7375,3,-97.6352,18,19,20,0,-999,-999,0
18.5,38,138,3,-68.5951,2,-59.8256,14,14,20,0,-999,-999,0
18.5,38,138,3,-68.5951,1,-61.6974,20,20,20,0,-999,-999,0
18.5,38,138,3,-68.5951,4,-105.831,18,18,20,0,-999,-999,0
18.5,39,129,1,-84.5584,2,-85.4575,14,14,20,0,-999,-999,0
18.5,39,129,1,-84.5584,3,-85.6888,18,19,20,0,-999,-999,0
18.5,39,129,1,-84.5584,4,-94.9033,18,18,20,0,-999,-999,0
18.5,40,140,4,-65.5116,1,-82.884,20,20,20,0,-999,-999,0
18.5,40,140,4,-65.5116,2,-88.1895,14,14,20,0,-999,-999,0
18.5,40,140,4,-65.5116,3,-95.5328,18,19,20,0,-999,-999,0
18.5,41,72,2,-75.2467,3,-52.1618,18,19,20,0,-999,-999,0
18.5,41,72,2,-75.2467,1,-62.788,20,20,20,0,-999,-999,0
18.5,41,72,2,-75.2467,4,-83.1155,18,18,20,0,-999,-999,0
18.5,42,141,4,-82.6694,2,-84.9835,14,14,20,0,-999,-999,0
18.5,42,141,4,-82.6694,3,-85.6942,18,19,20,0,-999,-999,0
18.5,42,141,4,-82.6694,1,-87.8446,20,20,20,0,-999,-999,0
18.5,43,139,3,-56.5752,1,-77.0634,20,20,20,0,-999,-999,0
18.5,43,139,3,-56.5752,2,-84.6142,14,14,20,0,-999,-999,0
18.5,43,139,3,-56.5752,4,-100.759,18,18,20,0,-999,-999,0
18.5,44,156,1,-86.4766,2,-88.1817,14,14,20,0,-999,-999,0
18.5,44,156,1,-86.4766,4,-90.583,18,18,20,0,-999,-999,0
18.5,44,156,1,-86.4766,3,-96.6969,18,19,20,0,-999,-999,0
18.5,45,130,1,-65.313,2,-46.6128,14,14,20,0,-999,-999,0
18.5,45,130,1,-65.313,3,-50.9995,18,19,20,0,-999,-999,0
18.5,45,130,1,-65.313,4,-113.679,18,18,20,0,-999,-999,0
18.5,46,142,4,-79.335,2,-56.5614,14,14,20,0,-999,-999,0
18.5,46,142,4,-79.335,1,-96.6802,20,20,20,0,-999,-999,0
18.5,46,142,4,-79.335,3,-98.2331,18,19,20,0,-999,-999,0
18.5,47,131,1,-73.0658,3,-54.1931,18,19,20,0,-999,-999,0
18.5,47,131,1,-73.0658,2,-75.8067,14,14,20,0,-999,-999,0
18.5,47,131,1,-73.0658,4,-104.842,18,18,20,0,-999,-999,0
18.5,48,143,4,-40.3642,2,-98.4985,14,14,20,0,-999,-999,0
18.5,48,143,4,-40.3642,1,-101.377,20,20,20,0,-999,-999,0
18.5,48,143,4,-40.3642,3,-104.22,18,19,20,0,-999,-999,0
18.5,49,144,4,-66.8024,1,-84.6506,20,20,20,0,-999,-999,0
18.5,49,144,4,-66.8024,2,-93.2175,14,14,20,0,-999,-999,0
18.5,49,144,4,-66.8024,3,-101.779,18,19,20,0,-999,-999,0
18.5,50,89,2,-94.8266,1,-63.3868,20,20,20,0,-999,-999,0
18.5,50,89,2,-94.8266,3,-99.5245,18,19,20,0,-999,-999,0
18.5,50,89,2,-94.8266,4,-103.979,18,18,20,0,-999,-999,0
18.5,51,91,2,-84.7108,3,-86.2241,18,19,20,0,-999,-999,0
18.5,51,91,2,-84.7108,1,-89.1923,20,20,20,0,-999,-999,0
18.5,51,91,2,-84.7108,4,-90.4663,18,18,20,0,-999,-999,0
18.5,52,92,2,-55.606,1,-45.9417,20,20,20,0,-999,-999,0
18.5,52,92,2,-55.606,3,-83.2443,18,19,20,0,-999,-999,0
18.5,52,92,2,-55.606,4,-111.634,18,18,20,0,-999,-999,0
18.5,53,144,3,-86.2962,2,-98.2186,14,14,20,0,-999,-999,0
18.5,53,144,3,-86.2962,4,-101.091,18,18,20,0,-999,-999,0
18.5,53,144,3,-86.2962,1,-105.505,20,20,20,0,-999,-999,0
18.5,54,73,2,-48.3046,4,-57.9844,18,18,20,0,-999,-999,0
18.5,54,73,2,-48.3046,3,-84.7434,18,19,20,0,-999,-999,0
18.5,54,73,2,-48.3046,1,-86.3889,20,20,20,0,-999,-999,0
18.5,55,161,4,-48.2018,1,-87.1145,20,20,20,0,-999,-999,0
18.5,55,161,4,-48.2018,2,-91.6015,14,14,20,0,-999,-999,0
18.5,55,161,4,-48.2018,3,-103.018,18,19,20,0,-999,-999,0
18.5,56,132,1,-52.4096,3,-79.9358,18,19,20,0,-999,-999,0
18.5,56,132,1,-52.4096,2,-82.4107,14,14,20,0,-999,-999,0
18.5,56,132,1,-52.4096,4,-88.5408,18,18,20,0,-999,-999,0
18.5,57,145,3,-88.6164,2,-59.4454,14,14,20,0,-999,-999,0
18.5,57,145,3,-88.6164,1,-86.3557,20,20,20,0,-999,-999,0
18.5,57,145,3,-88.6164,4,-115.974,18,18,20,0,-999,-999,0
18.5,58,133,1,-55.0631,3,-61.6741,18,19,20,0,-999,-999,0
18.5,58,133,1,-55.0631,4,-75.0479,18,18,20,0,-999,-999,0
18.5,58,133,1,-55.0631,2,-90.3184,14,14,20,0,-999,-999,0
18.5,59,146,3,-62.265,2,-89.5296,14,14,20,0,-999,-999,0
18.5,59,146,3,-62.265,1,-91.218,20,20,20,0,-999,-999,0
18.5,59,146,3,-62.265,4,-105.553,18,18,20,0,-999,-999,0
18.5,60,147,3,-86.5903,1,-82.4328,20,20,20,0,-999,-999,0
18.5,60,147,3,-86.5903,2,-88.5722,14,14,20,0,-999,-999,0
18.5,60,147,3,-86.5903,4,-113.822,18,18,20,0,-999,-999,0
18.5,61,162,4,-65.9132,1,-90.2845,20,20,20,0,-999,-999,0
18.5,61,162,4,-65.9132,2,-90.4786,14,14,20,0,-999,-999,0
18.5,61,162,4,-65.9132,3,-104.034,18,19,20,0,-999,-999,0
18.5,62,134,1,-50.3474,2,-52.3596,14,14,20,0,-999,-999,0
18.5,62,134,1,-50.3474,3,-90.0104,18,19,20,0,-999,-999,0
18.5,62,134,1,-50.3474,4,-95.015,18,18,20,0,-999,-999,0
18.5,63,159,1,-91.7777,4,-74.4538,18,18,20,0,-999,-999,0
18.5,63,159,1,-91.7777,3,-98.7732,18,19,20,0,-999,-999,0
18.5,63,159,1,-91.7777,2,-100.02,14,14,20,0,-999,-999,0
18.5,64,163,4,-48.3442,1,-73.695,20,20,20,0,-999,-999,0
18.5,64,163,4,-48.3442,2,-89.9551,14,14,20,0,-999,-999,0
18.5,64,163,4,-48.3442,3,-98.404,18,19,20,0,-999,-999,0
18.5,65,74,2,-86.4833,3,-59.45,18,19,20,0,-999,-999,0
18.5,65,74,2,-86.4833,1,-76.3277,20,20,20,0,-999,-999,0
18.5,65,74,2,-86.4833,4,-90.5965,18,18,20,0,-999,-999,0
18.5,66,135,1,-54.7246,3,-49.307,18,19,20,0,-999,-999,0
18.5,66,135,1,-54.7246,2,-54.9647,14,14,20,0,-999,-999,0
18.5,66,135,1,-54.7246,4,-78.9942,18,18,20,0,-999,-999,0
18.5,67,163,3,-87.5066,2,-97.3356,14,14,20,0,-999,-999,0
18.5,67,163,3,-87.5066,4,-98.2457,18,18,20,0,-999,-999,0
18.5,67,163,3,-87.5066,1,-101.528,20,20,20,0,-999,-999,0
18.5,68,157,1,-86.478,2,-88.3524,14,14,20,0,-999,-999,0
18.5,68,157,1,-86.478,3,-93.33,18,19,20,0,-999,-999,0
18.5,68,157,1,-86.478,4,-95.1001,18,18,20,0,-999,-999,0
18.5,69,76,2,-85.889,1,-56.8177,20,20,20,0,-999,-999,4
18.5,69,76,2,-85.889,4,-77.2436,18,18,20,0,-999,-999,4
18.5,69,76,2,-85.889,3,-90.0815,18,19,20,0,-999,-999,4
18.5,70,77,2,-78.906,4,-78.6461,18,19,20,0,-999,-999,0
18.5,70,77,2,-78.906,3,-92.9931,18,19,20,0,-999,-999,0
18.5,70,77,2,-78.906,1,-94.7596,20,20,20,0,-999,-999,0
18.5,71,158,1,-77.7784,2,-42.8481,14,14,20,0,-999,-999,0
18.5,71,158,1,-77.7784,3,-84.5793,18,19,20,0,-999,-999,0
18.5,71,158,1,-77.7784,4,-84.6249,18,19,20,0,-999,-999,0
18.5,72,90,2,-95.6642,3,-63.6771,18,19,20,0,-999,-999,3
18.5,72,90,2,-95.6642,1,-82.7502,20,20,20,0,-999,-999,3
18.5,72,90,2,-95.6642,4,-106.576,18,19,20,0,-999,-999,3
18.5,73,165,3,-91.1895,2,-51.1516,14,14,20,0,-999,-999,2
18.5,73,165,3,-91.1895,4,-78.6209,18,19,20,0,-999,-999,2
18.5,73,165,3,-91.1895,1,-84.2029,20,20,20,0,-999,-999,2
18.5,74,154,1,-80.6931,3,-62.4234,18,20,20,0,-999,-999,0
18.5,74,154,1,-80.6931,4,-78.8101,18,19,20,0,-999,-999,0
18.5,74,154,1,-80.6931,2,-83.9217,14,15,20,0,-999,-999,0
20.5,5,36,1,-65.2829,3,-78.5509,19,19,20,0,-999,-999,0
20.5,5,36,1,-65.2829,2,-83.4428,13,13,20,0,-999,-999,0
20.5,5,36,1,-65.2829,4,-110.143,19,19,20,0,-999,-999,0
20.5,6,43,4,-70.4311,2,-74.4517,13,13,20,0,-999,-999,0
20.5,6,43,4,-70.4311,3,-87.1354,19,19,20,0,-999,-999,0
20.5,6,43,4,-70.4311,1,-99.843,19,19,20,0,-999,-999,0
20.5,7,93,2,-51.1227,3,-76.2376,19,19,20,0,-999,-999,0
20.5,7,93,2,-51.1227,1,-77.7934,19,19,20,0,-999,-999,0
20.5,7,93,2,-51.1227,4,-87.6584,19,19,20,0,-999,-999,0
20.5,8,15,2,-42.9937,3,-67.2945,19,19,20,0,-999,-999,0
20.5,8,15,2,-42.9937,4,-75.6478,19,19,20,0,-999,-999,0
20.5,8,15,2,-42.9937,1,-81.4504,19,19,20,0,-999,-999,0
20.5,9,16,2,-81.2744,1,-44.0456,19,19,20,0,-999,-999,0
20.5,9,16,2,-81.2744,3,-70.3748,19,19,20,0,-999,-999,0
20.5,9,16,2,-81.2744,4,-84.8682,19,19,20,0,-999,-999,0
20.5,10,50,3,-44.1765,4,-72.6281,19,19,20,0,-999,-999,0
20.5,10,50,3,-44.1765,1,-77.1315,19,19,20,0,-999,-999,0
20.5,10,50,3,-44.1765,2,-86.5447,13,13,20,0,-999,-999,0
20.5,11,164,3,-68.6784,1,-64.3294,19,19,20,0,-999,-999,0
20.5,11,164,3,-68.6784,2,-81.6358,13,13,20,0,-999,-999,0
20.5,11,164,3,-68.6784,4,-94.312,19,19,20,0,-999,-999,0
20.5,12,51,3,-94.3432,1,-83.1391,19,19,20,0,-999,-999,0
20.5,12,51,3,-94.3432,2,-89.9074,13,13,20,0,-999,-999,0
20.5,12,51,3,-94.3432,4,-116.69,19,19,20,0,-999,-999,0
20.5,13,38,1,-49.0498,2,-72.0465,13,13,20,0,-999,-999,0
20.5,13,38,1,-49.0498,3,-80.5629,19,19,20,0,-999,-999,0
20.5,13,38,1,-49.0498,4,-94.2013,19,19,20,0,-999,-999,0
20.5,14,155,1,-62.2011,2,-66.6688,13,13,20,0,-999,-999,0
20.5,14,155,1,-62.2011,3,-68.0165,19,19,20,0,-999,-999,0
20.5,14,155,1,-62.2011,4,-113.497,19,19,20,0,-999,-999,0
20.5,15,53,3,-53.6519,4,-62.9524,19,19,20,0,-999,-999,0
20.5,15,53,3,-53.6519,2,-80.9002,13,13,20,0,-999,-999,0
20.5,15,53,3,-53.6519,1,-85.3622,19,19,20,0,-999,-999,0
20.5,16,45,4,-82.1225,2,-96.3188,13,13,20,0,-999,-999,0
20.5,16,45,4,-82.1225,3,-101.519,19,19,20,0,-999,-999,0
20.5,16,45,4,-82.1225,1,-102.722,19,19,20,0,-999,-999,0
20.5,17,46,4,-82.4031,1,-66.3125,19,19,20,0,-999,-999,0
20.5,17,46,4,-82.4031,3,-73.9293,19,19,20,0,-999,-999,0
20.5,17,46,4,-82.4031,2,-91.664,13,13,20,0,-999,-999,0
20.5,18,54,3,-50.8876,1,-69.6537,19,19,20,0,-999,-999,0
20.5,18,54,3,-50.8876,2,-84.6099,13,13,20,0,-999,-999,0
20.5,18,54,3,-50.8876,4,-108.109,19,19,20,0,-999,-999,0
20.5,19,55,3,-70.5805,2,-73.0844,13,13,20,0,-999,-999,0
20.5,19,55,3,-70.5805,1,-92.2499,19,19,20,0,-999,-999,0
20.5,19,55,3,-70.5805,4,-92.3685,19,19,20,0,-999,-999,0
20.5,20,57,3,-40.6028,1,-78.3791,19,19,20,0,-999,-999,0
20.5,20,57,3,-40.6028,2,-86.3115,13,13,20,0,-999,-999,0
20.5,20,57,3,-40.6028,4,-109.687,19,19,20,0,-999,-999,0
20.5,21,47,4,-74.8106,1,-87.5753,19,19,20,0,-999,-999,0
20.5,21,47,4,-74.8106,3,-107.896,19,19,20,0,-999,-999,0
20.5,21,47,4,-74.8106,2,-111.873,13,13,20,0,-999,-999,0
20.5,22,48,4,-78.8284,2,-98.2092,13,13,20,0,-999,-999,0
20.5,22,48,4,-78.8284,1,-99.5448,19,19,20,0,-999,-999,0
20.5,22,48,4,-78.8284,3,-101.187,19,19,20,0,-999,-999,0
20.5,23,39,1,-43.7527,2,-70.2698,13,13,20,0,-999,-999,0
20.5,23,39,1,-43.7527,3,-90.0324,19,19,20,0,-999,-999,0
20.5,23,39,1,-43.7527,4,-99.4813,19,19,20,0,-999,-999,0
20.5,24,94,2,-77.9424,3,-59.5827,19,19,20,0,-999,-999,3
20.5,24,94,2,-77.9424,4,-76.0159,19,19,20,0,-999,-999,3
20.5,24,94,2,-77.9424,1,-79.4958,19,19,20,0,-999,-999,3
20.5,25,134,4,-83.324,2,-79.7993,13,13,20,0,-999,-999,2
20.5,25,134,4,-83.324,1,-81.7046,19,19,20,0,-999,-999,2
20.5,25,134,4,-83.324,3,-82.9458,19,20,20,0,-999,-999,2
20.5,26,95,2,-82.6075,1,-80.1796,19,19,20,0,-999,-999,0
20.5,26,95,2,-82.6075,3,-80.6306,19,20,20,0,-999,-999,0
20.5,26,95,2,-82.6075,4,-93.7128,19,19,20,0,-999,-999,0
20.5,27,166,3,-71.9847,4,-74.2962,19,19,20,0,-999,-999,0
20.5,27,166,3,-71.9847,1,-80.1937,19,19,20,0,-999,-999,0
20.5,27,166,3,-71.9847,2,-86.9604,13,14,20,0,-999,-999,0
20.5,28,125,1,-66.9228,2,-48.2794,13,14,20,0,-999,-999,2
20.5,28,125,1,-66.9228,3,-88.0745,19,20,20,0,-999,-999,2
20.5,28,125,1,-66.9228,4,-101.958,19,19,20,0,-999,-999,2
20.5,29,126,1,-38.2391,2,-62.8495,13,15,20,0,-999,-999,0
20.5,29,126,1,-38.2391,3,-68.103,19,20,20,0,-999,-999,0
20.5,29,126,1,-38.2391,4,-73.1544,19,19,20,0,-999,-999,0
20.5,30,127,1,-72.6264,4,-77.0277,19,19,20,0,-999,-999,0
20.5,30,127,1,-72.6264,3,-78.7293,19,20,20,0,-999,-999,0
20.5,30,127,1,-72.6264,2,-85.242,13,15,20,0,-999,-999,0
20.5,31,137,3,-66.1761,2,-73.9884,13,15,20,0,-999,-999,0
20.5,31,137,3,-66.1761,1,-87.7644,19,19,20,0,-999,-999,0
20.5,31,137,3,-66.1761,4,-116.693,19,19,20,0,-999,-999,0
20.5,32,136,4,-60.5219,2,-76.5887,13,15,20,0,-999,-999,0
20.5,32,136,4,-60.5219,3,-89.5173,19,20,20,0,-999,-999,0
20.5,32,136,4,-60.5219,1,-97.8634,19,19,20,0,-999,-999,0
20.5,33,167,3,-82.3827,1,-40.4751,19,19,20,0,-999,-999,0
20.5,33,167,3,-82.3827,2,-73.8925,13,15,20,0,-999,-999,0
20.5,33,167,3,-82.3827,4,-99.488,19,19,20,0,-999,-999,0
20.5,34,137,4,-79.0398,2,-63.6089,13,15,20,0,-999,-999,0
20.5,34,137,4,-79.0398,1,-102.394,19,19,20,0,-999,-999,0
20.5,34,137,4,-79.0398,3,-106.857,19,20,20,0,-999,-999,0
20.5,35,168,3,-59.8142,2,-61.2322,13,15,20,0,-999,-999,0
20.5,35,168,3,-59.8142,1,-64.4192,19,19,20,0,-999,-999,0
20.5,35,168,3,-59.8142,4,-103.73,19,19,20,0,-999,-999,0
20.5,36,138,4,-70.2918,1,-90.1751,19,19,20,0,-999,-999,0
20.5,36,138,4,-70.2918,2,-91.5901,13,15,20,0,-999,-999,0
20.5,36,138,4,-70.2918,3,-108.228,19,20,20,0,-999,-999,0
20.5,37,139,4,-74.2596,2,-60.3661,13,15,20,0,-999,-999,0
20.5,37,139,4,-74.2596,3,-93.7594,19,20,20,0,-999,-999,0
20.5,37,139,4,-74.2596,1,-97.1574,19,19,20,0,-999,-999,0
20.5,38,138,3,-78.4728,2,-71.8107,13,15,20,0,-999,-999,2
20.5,38,138,3,-78.4728,1,-72.0863,19,19,20,0,-999,-999,2
20.5,38,138,3,-78.4728,4,-101.679,19,19,20,0,-999,-999,2
20.5,39,129,1,-55.4821,3,-65.5143,19,20,20,0,-999,-999,0
20.5,39,129,1,-55.4821,4,-76.3516,19,19,20,0,-999,-999,0
20.5,39,129,1,-55.4821,2,-80.9118,13,16,20,0,-999,-999,0
20.5,40,140,4,-67.7896,1,-88.7579,19,19,20,0,-999,-999,0
20.5,40,140,4,-67.7896,2,-91.4758,13,16,20,0,-999,-999,0
20.5,40,140,4,-67.7896,3,-97.7818,19,20,20,0,-999,-999,0
20.5,41,72,2,-59.3915,3,-75.0705,19,20,20,0,-999,-999,0
20.5,41,72,2,-59.3915,1,-89.0288,19,19,20,0,-999,-999,0
20.5,41,72,2,-59.3915,4,-90.288,19,19,20,0,-999,-999,0
20.5,42,141,4,-82.6577,3,-50.0557,19,20,20,0,-999,-999,0
20.5,42,141,4,-82.6577,2,-65.7702,13,16,20,0,-999,-999,0
20.5,42,141,4,-82.6577,1,-70.0736,19,19,20,0,-999,-999,0
20.5,43,139,3,-60.4726,1,-50.1613,19,19,20,0,-999,-999,0
20.5,43,139,3,-60.4726,4,-67.4126,19,19,20,0,-999,-999,0
20.5,43,139,3,-60.4726,2,-85.9337,13,16,20,0,-999,-999,0
20.5,44,156,1,-54.4619,2,-86.7544,13,16,20,0,-999,-999,0
20.5,44,156,1,-54.4619,4,-92.2618,19,19,20,0,-999,-999,0
20.5,44,156,1,-54.4619,3,-97.3032,19,20,20,0,-999,-999,0
20.5,45,130,1,-48.6711,3,-41.4924,19,20,20,0,-999,-999,0
20.5,45,130,1,-48.6711,4,-72.0619,19,19,20,0,-999,-999,0
20.5,45,130,1,-48.6711,2,-77.4614,13,16,20,0,-999,-999,0
20.5,46,142,4,-78.0811,2,-56.2537,13,16,20,0,-999,-999,2
20.5,46,142,4,-78.0811,3,-84.7703,19,20,20,0,-999,-999,2
20.5,46,142,4,-78.0811,1,-100.829,19,19,20,0,-999,-999,2
20.5,47,131,1,-56.245,3,-60.5091,19,20,20,0,-999,-999,0
20.5,47,131,1,-56.245,2,-78.5118,13,17,20,0,-999,-999,0
20.5,47,131,1,-56.245,4,-100.988,19,19,20,0,-999,-999,0
20.5,48,143,4,-71.1032,2,-98.3651,13,17,20,0,-999,-999,0
20.5,48,143,4,-71.1032,1,-104.613,19,19,20,0,-999,-999,0
20.5,48,143,4,-71.1032,3,-108.282,19,20,20,0,-999,-999,0
20.5,49,144,4,-65.5144,3,-84.2067,19,20,20,0,-999,-999,0
20.5,49,144,4,-65.5144,1,-93.0908,19,19,20,0,-999,-999,0
20.5,49,144,4,-65.5144,2,-95.4648,13,17,20,0,-999,-999,0
20.5,50,89,2,-105.736,3,-90.961,19,20,20,0,-999,-999,0
20.5,50,89,2,-105.736,1,-100.119,19,19,20,0,-999,-999,0
20.5,50,89,2,-105.736,4,-102.987,19,19,20,0,-999,-999,0
20.5,51,91,2,-93.8174,4,-63.9295,19,19,20,0,-999,-999,0
20.5,51,91,2,-93.8174,1,-81.3803,19,19,20,0,-999,-999,0
20.5,51,91,2,-93.8174,3,-86.1058,19,20,20,0,-999,-999,0
20.5,52,92,2,-82.3148,3,-59.6625,19,20,20,0,-999,-999,0
20.5,52,92,2,-82.3148,1,-80.4041,19,19,20,0,-999,-999,0
20.5,52,92,2,-82.3148,4,-112.08,19,19,20,0,-999,-999,0
20.5,53,144,3,-46.0319,2,-97.619,13,17,20,0,-999,-999,0
20.5,53,144,3,-46.0319,1,-108.294,19,19,20,0,-999,-999,0
20.5,53,144,3,-46.0319,4,-114.639,19,19,20,0,-999,-999,0
20.5,54,73,2,-78.005,1,-46.5761,19,19,20,0,-999,-999,0
20.5,54,73,2,-78.005,3,-83.7152,19,20,20,0,-999,-999,0
20.5,54,73,2,-78.005,4,-85.9206,19,19,20,0,-999,-999,0
20.5,55,161,4,-84.2081,1,-85.9278,19,19,20,0,-999,-999,0
20.5,55,161,4,-84.2081,2,-89.1608,13,17,20,0,-999,-999,0
20.5,55,161,4,-84.2081,3,-90.3479,19,20,20,0,-999,-999,0
20.5,56,132,1,-39.2918,2,-67.5415,13,17,20,0,-999,-999,0
20.5,56,132,1,-39.2918,3,-83.2066,19,20,20,0,-999,-999,0
20.5,56,132,1,-39.2918,4,-87.711,19,19,20,0,-999,-999,0
20.5,57,145,3,-67.8567,1,-62.4157,19,19,20,0,-999,-999,0
20.5,57,145,3,-67.8567,2,-89.9491,13,17,20,0,-999,-999,0
20.5,57,145,3,-67.8567,4,-113.501,19,19,20,0,-999,-999,0
20.5,58,133,1,-85.1875,3,-64.6916,19,20,20,0,-999,-999,0
20.5,58,133,1,-85.1875,2,-94.0091,13,17,20,0,-999,-999,0
20.5,58,133,1,-85.1875,4,-108.434,19,19,20,0,-999,-999,0
20.5,59,146,3,-69.1946,2,-52.1945,13,17,20,0,-999,-999,0
20.5,59,146,3,-69.1946,1,-91.5042,19,19,20,0,-999,-999,0
20.5,59,146,3,-69.1946,4,-108.098,19,19,20,0,-999,-999,0
20.5,60,147,3,-77.8461,2,-84.009,13,17,20,0,-999,-999,0
20.5,60,147,3,-77.8461,1,-87.7936,19,19,20,0,-999,-999,0
20.5,60,147,3,-77.8461,4,-93.3128,19,19,20,0,-999,-999,0
20.5,61,162,4,-71.284,2,-77.788,13,17,20,0,-999,-999,0
20.5,61,162,4,-71.284,3,-97.7025,19,20,20,0,-999,-999,0
20.5,61,162,4,-71.284,1,-104.118,19,19,20,0,-999,-999,0
20.5,62,134,1,-55.7141,3,-83.3517,19,20,20,0,-999,-999,0
20.5,62,134,1,-55.7141,2,-85.6238,13,17,20,0,-999,-999,0
20.5,62,134,1,-55.7141,4,-99.8338,19,19,20,0,-999,-999,0
20.5,63,159,1,-90.8741,3,-70.8393,19,20,20,0,-999,-999,0
20.5,63,159,1,-90.8741,2,-78.6285,13,17,20,0,-999,-999,0
20.5,63,159,1,-90.8741,4,-97.8671,19,19,20,0,-999,-999,0
20.5,64,163,4,-81.6525,2,-80.2653,13,17,20,0,-999,-999,0
20.5,64,163,4,-81.6525,3,-94.7147,19,20,20,0,-999,-999,0
20.5,64,163,4,-81.6525,1,-104.12,19,19,20,0,-999,-999,0
20.5,65,74,2,-86.4392,3,-69.2375,19,20,20,0,-999,-999,0
20.5,65,74,2,-86.4392,1,-83.4603,19,19,20,0,-999,-999,0
20.5,65,74,2,-86.4392,4,-87.7191,19,19,20,0,-999,-999,0
20.5,66,135,1,-72.664,3,-49.0995,19,20,20,0,-999,-999,0
20.5,66,135,1,-72.664,2,-89.6608,13,17,20,0,-999,-999,0
20.5,66,135,1,-72.664,4,-101.777,19,19,20,0,-999,-999,0
20.5,67,163,3,-83.2101,4,-63.1861,19,19,20,0,-999,-999,0
20.5,67,163,3,-83.2101,2,-96.1014,13,17,20,0,-999,-999,0
20.5,67,163,3,-83.2101,1,-108.572,19,19,20,0,-999,-999,0
20.5,68,157,1,-82.6671,3,-70.7101,19,20,20,0,-999,-999,0
20.5,68,157,1,-82.6671,2,-87.0951,13,17,20,0,-999,-999,0
20.5,68,157,1,-82.6671,4,-100.362,19,19,20,0,-999,-999,0
20.5,69,164,4,-81.4658,2,-82.6112,13,17,20,0,-999,-999,0
20.5,69,164,4,-81.4658,3,-88.7216,19,20,20,0,-999,-999,0
20.5,69,164,4,-81.4658,1,-91.4845,19,19,20,0,-999,-999,0
20.5,70,77,2,-87.675,3,-76.1987,19,20,20,0,-999,-999,0
20.5,70,77,2,-87.675,4,-76.7869,19,19,20,0,-999,-999,0
20.5,70,77,2,-87.675,1,-88.66,19,19,20,0,-999,-999,0
20.5,71,158,1,-53.7585,2,-54.1278,13,17,20,0,-999,-999,0
20.5,71,158,1,-53.7585,3,-75.9739,19,20,20,0,-999,-999,0
20.5,71,158,1,-53.7585,4,-83.5773,19,19,20,0,-999,-999,0
20.5,72,169,3,-90.4963,1,-73.8048,19,19,20,0,-999,-999,0
20.5,72,169,3,-90.4963,2,-93.9633,13,17,20,0,-999,-999,0
20.5,72,169,3,-90.4963,4,-110.054,19,19,20,0,-999,-999,0
20.5,73,96,2,-84.3598,4,-80.5934,19,19,20,0,-999,-999,0
20.5,73,96,2,-84.3598,1,-85.5699,19,19,20,0,-999,-999,0
20.5,73,96,2,-84.3598,3,-96.7826,19,20,20,0,-999,-999,0
20.5,74,154,1,-83.0983,2,-65.857,13,17,20,0,-999,-999,0
20.5,74,154,1,-83.0983,3,-87.6379,19,20,20,0,-999,-999,0
20.5,74,154,1,-83.0983,4,-97.8293,19,19,20,0,-999,-999,0
22.5,5,36,1,-84.9699,2,-56.882,16,16,20,0,-999,-999,0
22.5,5,36,1,-84.9699,3,-74.0582,19,19,20,0,-999,-999,0
22.5,5,36,1,-84.9699,4,-96.8731,17,17,20,0,-999,-999,0
22.5,6,43,4,-39.1383,2,-86.3429,16,16,20,0,-999,-999,0
22.5,6,43,4,-39.1383,1,-99.4071,18,18,20,0,-999,-999,0
22.5,6,43,4,-39.1383,3,-101.568,19,19,20,0,-999,-999,0
22.5,7,93,2,-32.6598,4,-60.265,17,17,20,0,-999,-999,0
22.5,7,93,2,-32.6598,1,-74.7665,18,18,20,0,-999,-999,0
22.5,7,93,2,-32.6598,3,-88.379,19,19,20,0,-999,-999,0
22.5,8,15,2,-50.6478,3,-83.014,19,19,20,0,-999,-999,0
22.5,8,15,2,-50.6478,1,-84.4916,18,18,20,0,-999,-999,0
22.5,8,15,2,-50.6478,4,-90.0511,17,17,20,0,-999,-999,0
22.5,9,16,2,-71.794,3,-83.2222,19,19,20,0,-999,-999,0
22.5,9,16,2,-71.794,1,-83.5306,18,18,20,0,-999,-999,0
22.5,9,16,2,-71.794,4,-85.1978,17,17,20,0,-999,-999,0
22.5,10,50,3,-64.8377,1,-79.2653,18,18,20,0,-999,-999,0
22.5,10,50,3,-64.8377,2,-83.4723,16,16,20,0,-999,-999,0
22.5,10,50,3,-64.8377,4,-101.772,17,17,20,0,-999,-999,0
22.5,11,164,3,-60.1506,2,-82.9301,16,16,20,0,-999,-999,0
22.5,11,164,3,-60.1506,1,-86.3625,18,18,20,0,-999,-999,0
22.5,11,164,3,-60.1506,4,-87.9629,17,17,20,0,-999,-999,0
22.5,12,51,3,-85.0767,1,-65.9052,18,18,20,0,-999,-999,1
22.5,12,51,3,-85.0767,2,-90.6099,16,16,20,0,-999,-999,1
22.5,12,51,3,-85.0767,4,-115.989,17,17,20,0,-999,-999,1
22.5,13,38,1,-61.0374,2,-74.0805,16,16,20,0,-999,-999,0
22.5,13,38,1,-61.0374,3,-76.9624,19,19,20,0,-999,-999,0
22.5,13,38,1,-61.0374,4,-98.7104,17,17,20,0,-999,-999,0
22.5,14,155,1,-62.2492,3,-58.0841,19,19,20,0,-999,-999,0
22.5,14,155,1,-62.2492,2,-80.1764,16,16,20,0,-999,-999,0
22.5,14,155,1,-62.2492,4,-116.824,17,17,20,0,-999,-999,0
22.5,15,53,3,-64.7579,1,-52.5648,18,19,20,0,-999,-999,0
22.5,15,53,3,-64.7579,2,-74.4477,16,16,20,0,-999,-999,0
22.5,15,53,3,-64.7579,4,-94.9788,17,17,20,0,-999,-999,0
22.5,16,45,4,-40.7782,2,-62.1148,16,16,20,0,-999,-999,0
22.5,16,45,4,-40.7782,1,-81.2513,18,19,20,0,-999,-999,0
22.5,16,45,4,-40.7782,3,-105.801,19,19,20,0,-999,-999,0
22.5,17,46,4,-80.1545,3,-54.708,19,19,20,0,-999,-999,0
22.5,17,46,4,-80.1545,2,-87.2323,16,16,20,0,-999,-999,0
22.5,17,46,4,-80.1545,1,-94.7061,18,19,20,0,-999,-999,0
22.5,18,54,3,-70.5581,1,-57.0393,18,19,20,0,-999,-999,0
22.5,18,54,3,-70.5581,2,-79.2493,16,16,20,0,-999,-999,0
22.5,18,54,3,-70.5581,4,-101.016,17,17,20,0,-999,-999,0
22.5,19,55,3,-51.6753,1,-90.3806,18,19,20,0,-999,-999,0
22.5,19,55,3,-51.6753,2,-92.1725,16,16,20,0,-999,-999,0
22.5,19,55,3,-51.6753,4,-113.94,17,17,20,0,-999,-999,0
22.5,20,57,3,-82.5025,1,-61.0508,18,19,20,0,-999,-999,0
22.5,20,57,3,-82.5025,4,-77.077,17,17,20,0,-999,-999,0
22.5,20,57,3,-82.5025,2,-80.1877,16,16,20,0,-999,-999,0
22.5,21,47,4,-75.7782,3,-101.957,19,19,20,0,-999,-999,0
22.5,21,47,4,-75.7782,2,-102.8,16,16,20,0,-999,-999,0
22.5,21,47,4,-75.7782,1,-103.586,18,19,20,0,-999,-999,0
22.5,22,48,4,-77.9056,3,-63.13,19,19,20,0,-999,-999,0
22.5,22,48,4,-77.9056,2,-91.0745,16,16,20,0,-999,-999,0
22.5,22,48,4,-77.9056,1,-93.4817,18,19,20,0,-999,-999,0
22.5,23,39,1,-56.5071,2,-40.419,16,16,20,0,-999,-999,0
22.5,23,39,1,-56.5071,3,-85.5146,19,19,20,0,-999,-999,0
22.5,23,39,1,-56.5071,4,-90.6996,17,17,20,0,-999,-999,0
22.5,24,170,3,-75.5634,2,-41.6323,16,16,20,0,-999,-999,0
22.5,24,170,3,-75.5634,1,-70.8308,18,19,20,0,-999,-999,0
22.5,24,170,3,-75.5634,4,-107.921,17,17,20,0,-999,-999,0
22.5,25,97,2,-100.74,3,-77.9198,19,19,20,0,-999,-999,0
22.5,25,97,2,-100.74,1,-86.4378,18,19,20,0,-999,-999,0
22.5,25,97,2,-100.74,4,-87.974,17,17,20,0,-999,-999,0
22.5,26,95,2,-81.228,3,-68.1982,19,19,20,0,-999,-999,0
22.5,26,95,2,-81.228,1,-74.6631,18,19,20,0,-999,-999,0
22.5,26,95,2,-81.228,4,-94.2838,17,17,20,0,-999,-999,0
22.5,27,166,3,-65.0596,2,-74.3612,16,16,20,0,-999,-999,0
22.5,27,166,3,-65.0596,4,-75.246,17,17,20,0,-999,-999,0
22.5,27,166,3,-65.0596,1,-95.3453,18,19,20,0,-999,-999,0
22.5,28,98,2,-91.4795,1,-62.3478,18,19,20,0,-999,-999,0
22.5,28,98,2,-91.4795,3,-86.9315,19,19,20,0,-999,-999,0
22.5,28,98,2,-91.4795,4,-93.6022,17,17,20,0,-999,-999,0
22.5,29,126,1,-59.0748,2,-80.149,16,16,20,0,-999,-999,0
22.5,29,126,1,-59.0748,3,-85.0196,19,19,20,0,-999,-999,0
22.5,29,126,1,-59.0748,4,-101.514,17,17,20,0,-999,-999,0
22.5,30,127,1,-73.7773,3,-44.2545,19,19,20,0,-999,-999,0
22.5,30,127,1,-73.7773,2,-76.8911,16,16,20,0,-999,-999,0
22.5,30,127,1,-73.7773,4,-102.091,17,17,20,0,-999,-999,0
22.5,31,137,3,-84.3813,1,-90.8935,18,19,20,0,-999,-999,0
22.5,31,137,3,-84.3813,2,-94.2962,16,16,20,0,-999,-999,0
22.5,31,137,3,-84.3813,4,-115.731,17,17,20,0,-999,-999,0
22.5,32,136,4,-59.7378,1,-72.1734,18,19,20,0,-999,-999,0
22.5,32,136,4,-59.7378,2,-94.8189,16,16,20,0,-999,-999,0
22.5,32,136,4,-59.7378,3,-106.68,19,19,20,0,-999,-999,0
22.5,33,167,3,-79.564,1,-78.8248,18,19,20,0,-999,-999,0
22.5,33,167,3,-79.564,2,-81.1692,16,16,20,0,-999,-999,0
22.5,33,167,3,-79.564,4,-100.864,17,17,20,0,-999,-999,0
22.5,34,137,4,-80.8542,2,-93.8236,16,16,20,0,-999,-999,0
22.5,34,137,4,-80.8542,3,-99.7767,19,19,20,0,-999,-999,0
22.5,34,137,4,-80.8542,1,-107.575,18,19,20,0,-999,-999,0
22.5,35,168,3,-83.8254,1,-75.3264,18,19,20,0,-999,-999,0
22.5,35,168,3,-83.8254,2,-81.76,16,16,20,0,-999,-999,0
22.5,35,168,3,-83.8254,4,-103.552,17,17,20,0,-999,-999,0
22.5,36,138,4,-77.8744,3,-79.4145,19,19,20,0,-999,-999,0
22.5,36,138,4,-77.8744,2,-95.0527,16,16,20,0,-999,-999,0
22.5,36,138,4,-77.8744,1,-104.967,18,19,20,0,-999,-999,0
22.5,37,139,4,-70.6068,1,-77.3935,18,19,20,0,-999,-999,0
22.5,37,139,4,-70.6068,2,-82.4842,16,16,20,0,-999,-999,0
22.5,37,139,4,-70.6068,3,-93.9021,19,19,20,0,-999,-999,0
22.5,38,99,2,-88.2897,1,-76.2821,18,19,20,0,-999,-999,0
22.5,38,99,2,-88.2897,3,-85.4189,19,19,20,0,-999,-999,0
22.5,38,99,2,-88.2897,4,-110.926,17,17,20,0,-999,-999,0
22.5,39,129,1,-81.2381,2,-56.1255,16,16,20,0,-999,-999,0
22.5,39,129,1,-81.2381,3,-84.0132,19,19,20,0,-999,-999,0
22.5,39,129,1,-81.2381,4,-95.5979,17,17,20,0,-999,-999,0
22.5,40,140,4,-74.6166,3,-72.8103,19,19,20,0,-999,-999,0
22.5,40,140,4,-74.6166,2,-83.545,16,16,20,0,-999,-999,0
22.5,40,140,4,-74.6166,1,-83.8089,18,19,20,0,-999,-999,0
22.5,41,72,2,-44.8549,1,-81.6387,18,19,20,0,-999,-999,0
22.5,41,72,2,-44.8549,3,-88.6509,19,19,20,0,-999,-999,0
22.5,41,72,2,-44.8549,4,-88.7336,17,17,20,0,-999,-999,0
22.5,42,141,4,-87.5301,1,-45.6685,18,19,20,0,-999,-999,0
22.5,42,141,4,-87.5301,2,-55.4982,16,16,20,0,-999,-999,0
22.5,42,141,4,-87.5301,3,-91.8387,19,19,20,0,-999,-999,0
22.5,43,139,3,-25.054,1,-56.0588,18,19,20,0,-999,-999,0
22.5,43,139,3,-25.054,2,-66.7384,16,16,20,0,-999,-999,0
22.5,43,139,3,-25.054,4,-93.7335,17,17,20,0,-999,-999,0
22.5,44,156,1,-68.209,3,-69.4547,19,19,20,0,-999,-999,0
22.5,44,156,1,-68.209,2,-79.6266,16,16,20,0,-999,-999,0
22.5,44,156,1,-68.209,4,-98.4247,17,17,20,0,-999,-999,0
22.5,45,130,1,-54.9779,2,-71.1244,16,16,20,0,-999,-999,0
22.5,45,130,1,-54.9779,3,-79.1925,19,19,20,0,-999,-999,0
22.5,45,130,1,-54.9779,4,-106.2,17,17,20,0,-999,-999,0
22.5,46,100,2,-89.7999,4,-74.9505,17,17,20,0,-999,-999,0
22.5,46,100,2,-89.7999,3,-97.106,19,19,20,0,-999,-999,0
22.5,46,100,2,-89.7999,1,-100.717,18,19,20,0,-999,-999,0
22.5,47,131,1,-54.1953,2,-66.4523,16,16,20,0,-999,-999,0
22.5,47,131,1,-54.1953,3,-86.157,19,19,20,0,-999,-999,0
22.5,47,131,1,-54.1953,4,-100.175,17,17,20,0,-999,-999,0
22.5,48,143,4,-69.7463,2,-98.6694,16,16,20,0,-999,-999,0
22.5,48,143,4,-69.7463,1,-103.5,18,19,20,0,-999,-999,0
22.5,48,143,4,-69.7463,3,-105.613,19,19,20,0,-999,-999,0
22.5,49,144,4,-57.2724,3,-89.009,19,19,20,0,-999,-999,0
22.5,49,144,4,-57.2724,1,-90.3039,18,19,20,0,-999,-999,0
22.5,49,144,4,-57.2724,2,-98.1102,16,16,20,0,-999,-999,0
22.5,50,89,2,-86.5486,1,-56.488,18,19,20,0,-999,-999,1
22.5,50,89,2,-86.5486,4,-66.7001,17,17,20,0,-999,-999,1
22.5,50,89,2,-86.5486,3,-96.484,19,19,20,0,-999,-999,1
22.5,51,91,2,-93.7906,1,-75.4856,18,20,20,0,-999,-999,0
22.5,51,91,2,-93.7906,3,-90.711,19,19,20,0,-999,-999,0
22.5,51,91,2,-93.7906,4,-98.3624,17,17,20,0,-999,-999,0
22.5,52,92,2,-73.8518,1,-46.6411,18,20,20,0,-999,-999,0
22.5,52,92,2,-73.8518,3,-57.3062,19,19,20,0,-999,-999,0
22.5,52,92,2,-73.8518,4,-112.223,17,17,20,0,-999,-999,0
22.5,53,144,3,-89.5321,4,-83.1913,17,17,20,0,-999,-999,0
22.5,53,144,3,-89.5321,2,-97.4115,16,16,20,0,-999,-999,0
22.5,53,144,3,-89.5321,1,-103.692,18,20,20,0,-999,-999,0
22.5,54,73,2,-68.1861,4,-51.0697,17,17,20,0,-999,-999,0
22.5,54,73,2,-68.1861,3,-59.3619,19,19,20,0,-999,-999,0
22.5,54,73,2,-68.1861,1,-65.4652,18,20,20,0,-999,-999,0
22.5,55,161,4,-80.8626,1,-82.2329,18,20,20,0,-999,-999,0
22.5,55,161,4,-80.8626,2,-86.7154,16,16,20,0,-999,-999,0
22.5,55,161,4,-80.8626,3,-108.597,19,19,20,0,-999,-999,0
22.5,56,132,1,-48.7135,3,-81.7799,19,19,20,0,-999,-999,0
22.5,56,132,1,-48.7135,2,-82.984,16,16,20,0,-999,-999,0
22.5,56,132,1,-48.7135,4,-84.1808,17,17,20,0,-999,-999,0
22.5,57,145,3,-86.3824,1,-93.4097,18,20,20,0,-999,-999,0
22.5,57,145,3,-86.3824,2,-95.9974,16,16,20,0,-999,-999,0
22.5,57,145,3,-86.3824,4,-97.9058,17,17,20,0,-999,-999,0
22.5,58,133,1,-87.5203,4,-77.3639,17,17,20,0,-999,-999,0
22.5,58,133,1,-87.5203,2,-88.8073,16,16,20,0,-999,-999,0
22.5,58,133,1,-87.5203,3,-90.3958,19,19,20,0,-999,-999,0
22.5,59,146,3,-74.4948,2,-86.0295,16,16,20,0,-999,-999,0
22.5,59,146,3,-74.4948,1,-89.9182,18,20,20,0,-999,-999,0
22.5,59,146,3,-74.4948,4,-107.947,17,17,20,0,-999,-999,0
22.5,60,147,3,-87.9228,1,-50.6101,18,20,20,0,-999,-999,0
22.5,60,147,3,-87.9228,2,-88.9973,16,16,20,0,-999,-999,0
22.5,60,147,3,-87.9228,4,-114.187,17,17,20,0,-999,-999,0
22.5,61,162,4,-76.4825,2,-70.0896,16,16,20,0,-999,-999,0
22.5,61,162,4,-76.4825,1,-94.3395,18,20,20,0,-999,-999,0
22.5,61,162,4,-76.4825,3,-101.984,19,19,20,0,-999,-999,0
22.5,62,134,1,-63.0092,4,-81.5992,17,17,20,0,-999,-999,0
22.5,62,134,1,-63.0092,3,-85.7614,19,19,20,0,-999,-999,0
22.5,62,134,1,-63.0092,2,-90.2685,16,16,20,0,-999,-999,0
22.5,63,159,1,-91.1476,3,-64.4958,19,19,20,0,-999,-999,0
22.5,63,159,1,-91.1476,4,-95.0438,17,17,20,0,-999,-999,0
22.5,63,159,1,-91.1476,2,-100.591,16,16,20,0,-999,-999,0
22.5,64,163,4,-73.742,2,-77.8013,16,16,20,0,-999,-999,0
22.5,64,163,4,-73.742,3,-81.3176,19,19,20,0,-999,-999,0
22.5,64,163,4,-73.742,1,-101.782,18,20,20,0,-999,-999,0
22.5,65,74,2,-84.6263,4,-67.4896,17,17,20,0,-999,-999,0
22.5,65,74,2,-84.6263,1,-86.4528,18,20,20,0,-999,-999,0
22.5,65,74,2,-84.6263,3,-90.2183,19,19,20,0,-999,-999,0
22.5,66,135,1,-67.8098,4,-81.0397,17,17,20,0,-999,-999,0
22.5,66,135,1,-67.8098,3,-86.7958,19,19,20,0,-999,-999,0
22.5,66,135,1,-67.8098,2,-88.0189,16,16,20,0,-999,-999,0
22.5,67,163,3,-85.6121,2,-91.2147,16,16,20,0,-999,-999,0
22.5,67,163,3,-85.6121,4,-97.2532,17,17,20,0,-999,-999,0
22.5,67,163,3,-85.6121,1,-104.505,18,20,20,0,-999,-999,0
22.5,68,157,1,-79.2098,2,-89.1393,16,16,20,0,-999,-999,0
22.5,68,157,1,-79.2098,3,-92.5889,19,19,20,0,-999,-999,0
22.5,68,157,1,-79.2098,4,-95.7604,17,17,20,0,-999,-999,0
22.5,69,164,4,-52.6254,1,-73.5316,18,20,20,0,-999,-999,0
22.5,69,164,4,-52.6254,2,-86.3038,16,16,20,0,-999,-999,0
22.5,69,164,4,-52.6254,3,-94.3138,19,19,20,0,-999,-999,0
22.5,70,77,2,-88.408,3,-66.8585,19,19,20,0,-999,-999,0
22.5,70,77,2,-88.408,1,-69.8729,18,20,20,0,-999,-999,0
22.5,70,77,2,-88.408,4,-79.4832,17,17,20,0,-999,-999,0
22.5,71,158,1,-81.6793,2,-74.2462,16,16,20,0,-999,-999,0
22.5,71,158,1,-81.6793,4,-82.7658,17,17,20,0,-999,-999,0
22.5,71,158,1,-81.6793,3,-89.258,19,19,20,0,-999,-999,0
22.5,72,169,3,-53.9267,2,-60.9341,16,16,20,0,-999,-999,0
22.5,72,169,3,-53.9267,1,-67.8524,18,20,20,0,-999,-999,0
22.5,72,169,3,-53.9267,4,-103.723,17,17,20,0,-999,-999,0
22.5,73,96,2,-82.7888,4,-41.8933,17,17,20,0,-999,-999,4
22.5,73,96,2,-82.7888,1,-69.285,18,20,20,0,-999,-999,4
22.5,73,96,2,-82.7888,3,-90.9647,19,19,20,0,-999,-999,4
22.5,74,154,1,-60.0197,2,-72.652,16,16,20,0,-999,-999,0
22.5,74,154,1,-60.0197,3,-92.4566,19,19,20,0,-999,-999,0
22.5,74,154,1,-60.0197,4,-99.9365,17,18,20,0,-999,-999,0
24.5,5,36,1,-80.7922,2,-84.5884,14,14,20,0,-999,-999,0
24.5,5,36,1,-80.7922,3,-87.7788,18,18,20,0,-999,-999,0
24.5,5,36,1,-80.7922,4,-103.203,18,18,20,0,-999,-999,0
24.5,6,43,4,-76.9842,2,-62.0362,14,14,20,0,-999,-999,0
24.5,6,43,4,-76.9842,3,-85.0585,18,18,20,0,-999,-999,0
24.5,6,43,4,-76.9842,1,-98.4452,20,20,20,0,-999,-999,0
24.5,7,93,2,-68.9189,1,-78.7979,20,20,20,0,-999,-999,0
24.5,7,93,2,-68.9189,3,-88.6125,18,18,20,0,-999,-999,0
24.5,7,93,2,-68.9189,4,-93.9763,18,18,20,0,-999,-999,0
24.5,8,15,2,-42.631,1,-81.1715,20,20,20,0,-999,-999,0
24.5,8,15,2,-42.631,4,-83.06,18,18,20,0,-999,-999,0
24.5,8,15,2,-42.631,3,-83.5562,18,18,20,0,-999,-999,0
24.5,9,16,2,-73.9872,1,-78.5274,20,20,20,0,-999,-999,0
24.5,9,16,2,-73.9872,3,-78.95,18,18,20,0,-999,-999,0
24.5,9,16,2,-73.9872,4,-89.5225,18,18,20,0,-999,-999,0
24.5,10,50,3,-56.3868,1,-62.0256,20,20,20,0,-999,-999,0
24.5,10,50,3,-56.3868,2,-85.6158,14,14,20,0,-999,-999,0
24.5,10,50,3,-56.3868,4,-107.053,18,18,20,0,-999,-999,0
24.5,11,164,3,-49.5785,4,-75.092,18,18,20,0,-999,-999,0
24.5,11,164,3,-49.5785,2,-79.3008,14,14,20,0,-999,-999,0
24.5,11,164,3,-49.5785,1,-81.6418,20,20,20,0,-999,-999,0
24.5,12,160,1,-65.2428,3,-87.1764,18,18,20,0,-999,-999,0
24.5,12,160,1,-65.2428,2,-93.9942,14,14,20,0,-999,-999,0
24.5,12,160,1,-65.2428,4,-113.276,18,18,20,0,-999,-999,0
24.5,13,38,1,-64.081,2,-66.0407,14,14,20,0,-999,-999,0
24.5,13,38,1,-64.081,4,-72.5833,18,18,20,0,-999,-999,0
24.5,13,38,1,-64.081,3,-79.8959,18,18,20,0,-999,-999,0
24.5,14,155,1,-82.9315,3,-83.7017,18,18,20,0,-999,-999,0
24.5,14,155,1,-82.9315,2,-92.193,14,14,20,0,-999,-999,0
24.5,14,155,1,-82.9315,4,-109.429,18,18,20,0,-999,-999,0
24.5,15,53,3,-35.6811,2,-76.7442,14,14,20,0,-999,-999,0
24.5,15,53,3,-35.6811,4,-86.4816,18,18,20,0,-999,-999,0
24.5,15,53,3,-35.6811,1,-87.3881,20,20,20,0,-999,-999,0
24.5,16,45,4,-50.7705,2,-62.4271,14,14,20,0,-999,-999,0
24.5,16,45,4,-50.7705,3,-70.1163,18,18,20,0,-999,-999,0
24.5,16,45,4,-50.7705,1,-101.387,20,20,20,0,-999,-999,0
24.5,17,46,4,-81.66,1,-77.0187,20,20,20,0,-999,-999,0
24.5,17,46,4,-81.66,2,-83.4795,14,14,20,0,-999,-999,0
24.5,17,46,4,-81.66,3,-87.8481,18,18,20,0,-999,-999,0
24.5,18,54,3,-68.3608,1,-67.9417,20,20,20,0,-999,-999,0
24.5,18,54,3,-68.3608,2,-81.9368,14,14,20,0,-999,-999,0
24.5,18,54,3,-68.3608,4,-102.112,18,18,20,0,-999,-999,0
24.5,19,55,3,-86.3993,1,-65.2924,20,20,20,0,-999,-999,0
24.5,19,55,3,-86.3993,2,-91.2309,14,14,20,0,-999,-999,0
24.5,19,55,3,-86.3993,4,-114.914,18,18,20,0,-999,-999,0
24.5,20,57,3,-79.7531,1,-77.7839,20,20,20,0,-999,-999,0
24.5,20,57,3,-79.7531,2,-87.0173,14,14,20,0,-999,-999,0
24.5,20,57,3,-79.7531,4,-99.7292,18,18,20,0,-999,-999,0
24.5,21,47,4,-61.4606,2,-73.2019,14,14,20,0,-999,-999,0
24.5,21,47,4,-61.4606,1,-107.1,20,20,20,0,-999,-999,0
24.5,21,47,4,-61.4606,3,-109.419,18,18,20,0,-999,-999,0
24.5,22,48,4,-78.8362,2,-62.8991,14,14,20,0,-999,-999,0
24.5,22,48,4,-78.8362,3,-97.3907,18,18,20,0,-999,-999,0
24.5,22,48,4,-78.8362,1,-99.7929,20,20,20,0,-999,-999,0
24.5,23,39,1,-47.6462,3,-62.3844,18,18,20,0,-999,-999,0
24.5,23,39,1,-47.6462,2,-67.6312,14,14,20,0,-999,-999,0
24.5,23,39,1,-47.6462,4,-81.3037,18,18,20,0,-999,-999,0
24.5,24,170,3,-82.1257,1,-60.2949,20,20,20,0,-999,-999,2
24.5,24,170,3,-82.1257,2,-79.6233,14,14,20,0,-999,-999,2
24.5,24,170,3,-82.1257,4,-107.601,18,18,20,0,-999,-999,2
24.5,25,97,2,-97.6099,4,-86.094,18,18,20,0,-999,-999,0
24.5,25,97,2,-97.6099,1,-90.5606,20,20,20,0,-999,-999,0
24.5,25,97,2,-97.6099,3,-102.15,18,18,20,0,-999,-999,0
24.5,26,95,2,-85.4108,1,-67.9224,20,20,20,0,-999,-999,0
24.5,26,95,2,-85.4108,4,-76.1672,18,18,20,0,-999,-999,0
24.5,26,95,2,-85.4108,3,-79.8709,18,18,20,0,-999,-999,0
24.5,27,166,3,-54.8373,4,-74.9021,18,18,20,0,-999,-999,0
24.5,27,166,3,-54.8373,2,-82.8056,14,15,20,0,-999,-999,0
24.5,27,166,3,-54.8373,1,-90.9668,20,20,20,0,-999,-999,0
24.5,28,98,2,-81.8325,1,-58.4834,20,20,20,0,-999,-999,0
24.5,28,98,2,-81.8325,3,-83.1871,18,18,20,0,-999,-999,0
24.5,28,98,2,-81.8325,4,-90.6207,18,18,20,0,-999,-999,0
24.5,29,126,1,-73.6122,2,-84.6087,14,15,20,0,-999,-999,0
24.5,29,126,1,-73.6122,3,-91.5878,18,18,20,0,-999,-999,0
24.5,29,126,1,-73.6122,4,-96.0779,18,18,20,0,-999,-999,0
24.5,30,127,1,-52.5209,2,-78.8711,14,15,20,0,-999,-999,0
24.5,30,127,1,-52.5209,3,-84.4826,18,18,20,0,-999,-999,0
24.5,30,127,1,-52.5209,4,-104.331,18,18,20,0,-999,-999,0
24.5,31,137,3,-84.2409,1,-85.3768,20,20,20,0,-999,-999,0
24.5,31,137,3,-84.2409,2,-93.0502,14,15,20,0,-999,-999,0
24.5,31,137,3,-84.2409,4,-114.139,18,18,20,0,-999,-999,0
24.5,32,136,4,-37.7829,2,-92.0403,14,15,20,0,-999,-999,0
24.5,32,136,4,-37.7829,1,-94.9024,20,20,20,0,-999,-999,0
24.5,32,136,4,-37.7829,3,-100.802,18,18,20,0,-999,-999,0
24.5,33,167,3,-78.2397,1,-77.7266,20,20,20,0,-999,-999,0
24.5,33,167,3,-78.2397,2,-78.1723,14,15,20,0,-999,-999,0
24.5,33,167,3,-78.2397,4,-106.399,18,18,20,0,-999,-999,0
24.5,34,137,4,-87.8166,2,-94.7549,14,15,20,0,-999,-999,0
24.5,34,137,4,-87.8166,1,-97.4483,20,20,20,0,-999,-999,0
24.5,34,137,4,-87.8166,3,-107.676,18,18,20,0,-999,-999,0
24.5,35,168,3,-80.0275,2,-44.8985,14,15,20,0,-999,-999,0
24.5,35,168,3,-80.0275,1,-51.8235,20,20,20,0,-999,-999,0
24.5,35,168,3,-80.0275,4,-104.495,18,18,20,0,-999,-999,0
24.5,36,138,4,-62.109,3,-96.3124,18,18,20,0,-999,-999,0
24.5,36,138,4,-62.109,1,-98.3066,20,20,20,0,-999,-999,0
24.5,36,138,4,-62.109,2,-98.9811,14,15,20,0,-999,-999,0
24.5,37,139,4,-60.7705,2,-61.1141,14,15,20,0,-999,-999,0
24.5,37,139,4,-60.7705,1,-71.2593,20,20,20,0,-999,-999,0
24.5,37,139,4,-60.7705,3,-97.4906,18,18,20,0,-999,-999,0
24.5,38,99,2,-89.8198,1,-77.05,20,20,20,0,-999,-999,0
24.5,38,99,2,-89.8198,3,-80.9099,18,18,20,0,-999,-999,0
24.5,38,99,2,-89.8198,4,-104.709,18,18,20,0,-999,-999,0
24.5,39,129,1,-85.2706,2,-80.0126,14,15,20,0,-999,-999,2
24.5,39,129,1,-85.2706,3,-89.5577,18,18,20,0,-999,-999,2
24.5,39,129,1,-85.2706,4,-98.3152,18,18,20,0,-999,-999,2
24.5,40,140,4,-46.6856,1,-81.86,20,20,20,0,-999,-999,0
24.5,40,140,4,-46.6856,2,-88.8794,14,16,20,0,-999,-999,0
24.5,40,140,4,-46.6856,3,-96.7273,18,18,20,0,-999,-999,0
24.5,41,72,2,-80.7143,4,-84.2605,18,18,20,0,-999,-999,0
24.5,41,72,2,-80.7143,1,-84.9246,20,20,20,0,-999,-999,0
24.5,41,72,2,-80.7143,3,-85.9213,18,18,20,0,-999,-999,0
24.5,42,141,4,-70.8362,3,-54.8582,18,18,20,0,-999,-999,0
24.5,42,141,4,-70.8362,1,-84.9619,20,20,20,0,-999,-999,0
24.5,42,141,4,-70.8362,2,-85.9659,14,16,20,0,-999,-999,0
24.5,43,139,3,-53.0645,2,-63.1486,14,16,20,0,-999,-999,0
24.5,43,139,3,-53.0645,1,-77.132,20,20,20,0,-999,-999,0
24.5,43,139,3,-53.0645,4,-104.414,18,18,20,0,-999,-999,0
24.5,44,156,1,-65.6367,2,-88.1407,14,16,20,0,-999,-999,0
24.5,44,156,1,-65.6367,4,-95.3123,18,18,20,0,-999,-999,0
24.5,44,156,1,-65.6367,3,-95.8773,18,18,20,0,-999,-999,0
24.5,45,130,1,-72.2789,2,-72.9231,14,16,20,0,-999,-999,0
24.5,45,130,1,-72.2789,3,-84.1898,18,18,20,0,-999,-999,0
24.5,45,130,1,-72.2789,4,-100.838,18,18,20,0,-999,-999,0
24.5,46,100,2,-56.4402,4,-54.9935,18,18,20,0,-999,-999,0
24.5,46,100,2,-56.4402,1,-96.2849,20,20,20,0,-999,-999,0
24.5,46,100,2,-56.4402,3,-97.5773,18,18,20,0,-999,-999,0
24.5,47,131,1,-58.1681,2,-80.9471,14,16,20,0,-999,-999,0
24.5,47,131,1,-58.1681,3,-85.9678,18,18,20,0,-999,-999,0
24.5,47,131,1,-58.1681,4,-100.774,18,18,20,0,-999,-999,0
24.5,48,143,4,-69.9188,3,-78.3526,18,18,20,0,-999,-999,0
24.5,48,143,4,-69.9188,2,-96.4938,14,16,20,0,-999,-999,0
24.5,48,143,4,-69.9188,1,-105.631,20,20,20,0,-999,-999,0
24.5,49,144,4,-56.8995,2,-79.7774,14,16,20,0,-999,-999,0
24.5,49,144,4,-56.8995,1,-93.1111,20,20,20,0,-999,-999,0
24.5,49,144,4,-56.8995,3,-103.457,18,18,20,0,-999,-999,0
24.5,50,161,1,-93.2193,3,-91.1798,18,18,20,0,-999,-999,0
24.5,50,161,1,-93.2193,4,-98.572,18,18,20,0,-999,-999,0
24.5,50,161,1,-93.2193,2,-101.429,14,16,20,0,-999,-999,0
24.5,51,91,2,-91.5644,3,-88.9424,18,18,20,0,-999,-999,3
24.5,51,91,2,-91.5644,1,-92.6292,20,20,20,0,-999,-999,3
24.5,51,91,2,-91.5644,4,-97.0358,18,18,20,0,-999,-999,3
24.5,52,92,2,-85.8084,3,-80.1496,18,19,20,0,-999,-999,3
24.5,52,92,2,-85.8084,1,-82.1741,20,20,20,0,-999,-999,3
24.5,52,92,2,-85.8084,4,-84.0047,18,18,20,0,-999,-999,3
24.5,53,144,3,-87.5406,2,-94.8969,14,16,20,0,-999,-999,0
24.5,53,144,3,-87.5406,1,-108.957,20,20,20,0,-999,-999,0
24.5,53,144,3,-87.5406,4,-111.721,18,18,20,0,-999,-999,0
24.5,54,73,2,-39.9665,3,-53.5436,18,20,20,0,-999,-999,0
24.5,54,73,2,-39.9665,4,-70.143,18,18,20,0,-999,-999,0
24.5,54,73,2,-39.9665,1,-82.936,20,20,20,0,-999,-999,0
24.5,55,161,4,-76.1837,2,-56.0296,14,16,20,0,-999,-999,0
24.5,55,161,4,-76.1837,1,-59.6491,20,20,20,0,-999,-999,0
24.5,55,161,4,-76.1837,3,-106.27,18,20,20,0,-999,-999,0
24.5,56,132,1,-51.16,3,-55.8965,18,20,20,0,-999,-999,0
24.5,56,132,1,-51.16,2,-88.0742,14,16,20,0,-999,-999,0
24.5,56,132,1,-51.16,4,-91.1171,18,18,20,0,-999,-999,0
24.5,57,145,3,-83.0417,2,-53.8944,14,16,20,0,-999,-999,0
24.5,57,145,3,-83.0417,1,-72.9696,20,20,20,0,-999,-999,0
24.5,57,145,3,-83.0417,4,-102.12,18,18,20,0,-999,-999,0
24.5,58,133,1,-62.0846,2,-82.6912,14,16,20,0,-999,-999,0
24.5,58,133,1,-62.0846,3,-82.8704,18,20,20,0,-999,-999,0
24.5,58,133,1,-62.0846,4,-104.127,18,18,20,0,-999,-999,0
24.5,59,146,3,-80.1636,1,-64.808,20,20,20,0,-999,-999,0
24.5,59,146,3,-80.1636,2,-89.0771,14,16,20,0,-999,-999,0
24.5,59,146,3,-80.1636,4,-93.9432,18,18,20,0,-999,-999,0
24.5,60,147,3,-75.9085,1,-61.9063,20,20,20,0,-999,-999,0
24.5,60,147,3,-75.9085,2,-89.564,14,16,20,0,-999,-999,0
24.5,60,147,3,-75.9085,4,-111.829,18,18,20,0,-999,-999,0
24.5,61,162,4,-73.3578,2,-91.9687,14,16,20,0,-999,-999,0
24.5,61,162,4,-73.3578,3,-93.3801,18,20,20,0,-999,-999,0
24.5,61,162,4,-73.3578,1,-94.1164,20,20,20,0,-999,-999,0
24.5,62,134,1,-87.199,3,-53.0518,18,20,20,0,-999,-999,0
24.5,62,134,1,-87.199,2,-86.9218,14,16,20,0,-999,-999,0
24.5,62,134,1,-87.199,4,-89.0258,18,18,20,0,-999,-999,0
24.5,63,159,1,-55.422,3,-91.6681,18,20,20,0,-999,-999,0
24.5,63,159,1,-55.422,2,-96.5677,14,16,20,0,-999,-999,0
24.5,63,159,1,-55.422,4,-104.642,18,18,20,0,-999,-999,0
24.5,64,163,4,-77.909,1,-85.6849,20,20,20,0,-999,-999,0
24.5,64,163,4,-77.909,2,-90.0408,14,16,20,0,-999,-999,0
24.5,64,163,4,-77.909,3,-103.282,18,20,20,0,-999,-999,0
24.5,65,74,2,-84.0712,1,-45.7708,20,20,20,0,-999,-999,4
24.5,65,74,2,-84.0712,4,-65.2769,18,18,20,0,-999,-999,4
24.5,65,74,2,-84.0712,3,-89.1016,18,20,20,0,-999,-999,4
24.5,66,135,1,-47.7034,3,-54.0672,18,20,20,0,-999,-999,0
24.5,66,135,1,-47.7034,2,-86.8895,14,16,20,0,-999,-999,0
24.5,66,135,1,-47.7034,4,-101.766,18,19,20,0,-999,-999,0
24.5,67,163,3,-80.0359,4,-75.0649,18,19,20,0,-999,-999,0
24.5,67,163,3,-80.0359,2,-87.8355,14,16,20,0,-999,-999,0
24.5,67,163,3,-80.0359,1,-105.561,20,20,20,0,-999,-999,0
24.5,68,157,1,-71.4631,2,-90.216,14,16,20,0,-999,-999,0
24.5,68,157,1,-71.4631,3,-95.604,18,20,20,0,-999,-999,0
24.5,68,157,1,-71.4631,4,-100.874,18,19,20,0,-999,-999,0
24.5,69,164,4,-79.2809,2,-84.9604,14,16,20,0,-999,-999,0
24.5,69,164,4,-79.2809,1,-85.1404,20,20,20,0,-999,-999,0
24.5,69,164,4,-79.2809,3,-94.1795,18,20,20,0,-999,-999,0
24.5,70,77,2,-84.5429,4,-73.7106,18,19,20,0,-999,-999,0
24.5,70,77,2,-84.5429,3,-84.8476,18,20,20,0,-999,-999,0
24.5,70,77,2,-84.5429,1,-91.7103,20,20,20,0,-999,-999,0
24.5,71,158,1,-78.0269,2,-71.4946,14,16,20,0,-999,-999,2
24.5,71,158,1,-78.0269,4,-88.0853,18,19,20,0,-999,-999,2
24.5,71,158,1,-78.0269,3,-93.2998,18,20,20,0,-999,-999,2
24.5,72,169,3,-92.5169,1,-73.0682,20,20,20,0,-999,-999,0
24.5,72,169,3,-92.5169,2,-86.4738,14,17,20,0,-999,-999,0
24.5,72,169,3,-92.5169,4,-112.235,18,19,20,0,-999,-999,0
24.5,73,165,4,-81.7858,2,-45.7407,14,17,20,0,-999,-999,0
24.5,73,165,4,-81.7858,1,-83.4947,20,20,20,0,-999,-999,0
24.5,73,165,4,-81.7858,3,-97.276,18,20,20,0,-999,-999,0
24.5,74,154,1,-58.1335,4,-79.5276,18,19,20,0,-999,-999,0
24.5,74,154,1,-58.1335,2,-84.3341,14,17,20,0,-999,-999,0
24.5,74,154,1,-58.1335,3,-86.104,18,20,20,0,-999,-999,0
26.5,5,36,1,-50.0837,3,-81.9163,19,19,20,0,-999,-999,0
26.5,5,36,1,-50.0837,2,-82.0725,14,14,20,0,-999,-999,0
26.5,5,36,1,-50.0837,4,-112.783,19,19,20,0,-999,-999,0
26.5,6,43,4,-71.6572,2,-92.5369,14,14,20,0,-999,-999,0
26.5,6,43,4,-71.6572,1,-100.973,18,18,20,0,-999,-999,0
26.5,6,43,4,-71.6572,3,-101.398,19,19,20,0,-999,-999,0
26.5,7,93,2,-62.6872,1,-74.2215,18,18,20,0,-999,-999,0
26.5,7,93,2,-62.6872,4,-86.3225,19,19,20,0,-999,-999,0
26.5,7,93,2,-62.6872,3,-88.0574,19,19,20,0,-999,-999,0
26.5,8,15,2,-79.4078,3,-80.3558,19,19,20,0,-999,-999,0
26.5,8,15,2,-79.4078,1,-83.8445,18,18,20,0,-999,-999,0
26.5,8,15,2,-79.4078,4,-100.754,19,19,20,0,-999,-999,0
26.5,9,16,2,-44.7185,3,-51.7993,19,19,20,0,-999,-999,0
26.5,9,16,2,-44.7185,1,-84.6494,18,18,20,0,-999,-999,0
26.5,9,16,2,-44.7185,4,-86.1008,19,19,20,0,-999,-999,0
26.5,10,50,3,-27.928,1,-80.1994,18,18,20,0,-999,-999,0
26.5,10,50,3,-27.928,2,-82.0807,14,14,20,0,-999,-999,0
26.5,10,50,3,-27.928,4,-86.7978,19,19,20,0,-999,-999,0
26.5,11,164,3,-89.954,2,-50.5714,14,14,20,0,-999,-999,0
26.5,11,164,3,-89.954,4,-69.9657,19,19,20,0,-999,-999,0
26.5,11,164,3,-89.954,1,-80.1961,18,18,20,0,-999,-999,0
26.5,12,160,1,-51.6637,2,-57.5321,14,14,20,0,-999,-999,0
26.5,12,160,1,-51.6637,3,-86.4,19,19,20,0,-999,-999,0
26.5,12,160,1,-51.6637,4,-117.087,19,19,20,0,-999,-999,0
26.5,13,38,1,-60.8109,3,-52.7367,19,19,20,0,-999,-999,0
26.5,13,38,1,-60.8109,2,-62.6376,14,14,20,0,-999,-999,0
26.5,13,38,1,-60.8109,4,-97.7867,19,19,20,0,-999,-999,0
26.5,14,155,1,-47.4646,3,-49.1557,19,19,20,0,-999,-999,0
26.5,14,155,1,-47.4646,2,-50.5291,14,14,20,0,-999,-999,0
26.5,14,155,1,-47.4646,4,-107.205,19,19,20,0,-999,-999,0
26.5,15,53,3,-38.3886,2,-82.3024,14,14,20,0,-999,-999,0
26.5,15,53,3,-38.3886,1,-84.2621,18,18,20,0,-999,-999,0
26.5,15,53,3,-38.3886,4,-97.514,19,19,20,0,-999,-999,0
26.5,16,45,4,-79.7432,2,-66.606,14,14,20,0,-999,-999,0
26.5,16,45,4,-79.7432,1,-73.6916,18,18,20,0,-999,-999,0
26.5,16,45,4,-79.7432,3,-105.937,19,19,20,0,-999,-999,0
26.5,17,46,4,-80.7005,2,-53.8756,14,14,20,0,-999,-999,0
26.5,17,46,4,-80.7005,1,-87.0688,18,18,20,0,-999,-999,0
26.5,17,46,4,-80.7005,3,-95.0223,19,19,20,0,-999,-999,0
26.5,18,54,3,-62.7299,1,-69.8072,18,18,20,0,-999,-999,0
26.5,18,54,3,-62.7299,2,-89.8505,14,14,20,0,-999,-999,0
26.5,18,54,3,-62.7299,4,-99.074,19,19,20,0,-999,-999,0
26.5,19,55,3,-92.4692,2,-59.9101,14,14,20,0,-999,-999,0
26.5,19,55,3,-92.4692,1,-94.1034,18,18,20,0,-999,-999,0
26.5,19,55,3,-92.4692,4,-116.51,19,19,20,0,-999,-999,0
26.5,20,57,3,-83.0214,2,-83.5692,14,14,20,0,-999,-999,0
26.5,20,57,3,-83.0214,1,-83.6274,18,18,20,0,-999,-999,0
26.5,20,57,3,-83.0214,4,-95.7328,19,19,20,0,-999,-999,0
26.5,21,47,4,-50.3383,3,-80.2174,19,19,20,0,-999,-999,0
26.5,21,47,4,-50.3383,1,-83.01,18,18,20,0,-999,-999,0
26.5,21,47,4,-50.3383,2,-101.901,14,14,20,0,-999,-999,0
26.5,22,48,4,-64.9939,1,-75.1344,18,18,20,0,-999,-999,0
26.5,22,48,4,-64.9939,2,-90.2568,14,14,20,0,-999,-999,0
26.5,22,48,4,-64.9939,3,-103.065,19,19,20,0,-999,-999,0
26.5,23,39,1,-59.6344,2,-47.5862,14,14,20,0,-999,-999,0
26.5,23,39,1,-59.6344,3,-86.1694,19,19,20,0,-999,-999,0
26.5,23,39,1,-59.6344,4,-92.7132,19,19,20,0,-999,-999,0
26.5,24,101,2,-77.539,3,-74.3878,19,19,20,0,-999,-999,0
26.5,24,101,2,-77.539,1,-77.886,18,18,20,0,-999,-999,0
26.5,24,101,2,-77.539,4,-86.3793,19,19,20,0,-999,-999,0
26.5,25,97,2,-106.31,3,-72.6093,19,19,20,0,-999,-999,0
26.5,25,97,2,-106.31,1,-78.11,18,18,20,0,-999,-999,0
26.5,25,97,2,-106.31,4,-85.0447,19,19,20,0,-999,-999,0
26.5,26,95,2,-80.3029,3,-83.6344,19,19,20,0,-999,-999,0
26.5,26,95,2,-80.3029,1,-84.3541,18,18,20,0,-999,-999,0
26.5,26,95,2,-80.3029,4,-96.8508,19,19,20,0,-999,-999,0
26.5,27,166,3,-94.7701,4,-40.0913,19,19,20,0,-999,-999,0
26.5,27,166,3,-94.7701,1,-62.8105,18,18,20,0,-999,-999,0
26.5,27,166,3,-94.7701,2,-80.3497,14,14,20,0,-999,-999,0
26.5,28,98,2,-85.5051,3,-51.306,19,19,20,0,-999,-999,0
26.5,28,98,2,-85.5051,4,-75.1922,19,19,20,0,-999,-999,0
26.5,28,98,2,-85.5051,1,-82.8458,18,18,20,0,-999,-999,0
26.5,29,126,1,-45.6293,2,-47.1302,14,14,20,0,-999,-999,0
26.5,29,126,1,-45.6293,3,-76.0252,19,19,20,0,-999,-999,0
26.5,29,126,1,-45.6293,4,-106.697,19,19,20,0,-999,-999,0
26.5,30,127,1,-72.795,2,-49.3739,14,14,20,0,-999,-999,0
26.5,30,127,1,-72.795,3,-76.3326,19,19,20,0,-999,-999,0
26.5,30,127,1,-72.795,4,-102.041,19,19,20,0,-999,-999,0
26.5,31,137,3,-88.5037,2,-87.4615,14,14,20,0,-999,-999,0
26.5,31,137,3,-88.5037,1,-94.5706,18,18,20,0,-999,-999,0
26.5,31,137,3,-88.5037,4,-120.631,19,19,20,0,-999,-999,0
26.5,32,136,4,-41.1545,2,-63.8395,14,14,20,0,-999,-999,0
26.5,32,136,4,-41.1545,1,-94.5975,18,18,20,0,-999,-999,0
26.5,32,136,4,-41.1545,3,-102.242,19,19,20,0,-999,-999,0
26.5,33,167,3,-86.8001,1,-72.4305,18,18,20,0,-999,-999,0
26.5,33,167,3,-86.8001,2,-81.7308,14,14,20,0,-999,-999,0
26.5,33,167,3,-86.8001,4,-102.685,19,19,20,0,-999,-999,0
26.5,34,137,4,-60.2739,2,-67.1277,14,14,20,0,-999,-999,0
26.5,34,137,4,-60.2739,1,-90.094,18,18,20,0,-999,-999,0
26.5,34,137,4,-60.2739,3,-94.4092,19,19,20,0,-999,-999,0
26.5,35,168,3,-85.3478,2,-50.641,14,14,20,0,-999,-999,2
26.5,35,168,3,-85.3478,1,-82.0237,18,18,20,0,-999,-999,2
26.5,35,168,3,-85.3478,4,-106.744,19,19,20,0,-999,-999,2
26.5,36,138,4,-54.3971,1,-94.0475,18,18,20,0,-999,-999,0
26.5,36,138,4,-54.3971,2,-96.1198,14,15,20,0,-999,-999,0
26.5,36,138,4,-54.3971,3,-104.578,19,19,20,0,-999,-999,0
26.5,37,139,4,-73.1855,1,-71.24,18,18,20,0,-999,-999,0
26.5,37,139,4,-73.1855,2,-84.4428,14,15,20,0,-999,-999,0
26.5,37,139,4,-73.1855,3,-102.758,19,19,20,0,-999,-999,0
26.5,38,99,2,-85.0526,3,-77.6673,19,19,20,0,-999,-999,3
26.5,38,99,2,-85.0526,1,-82.8734,18,18,20,0,-999,-999,3
26.5,38,99,2,-85.0526,4,-91.7859,19,19,20,0,-999,-999,3
26.5,39,102,2,-52.1445,1,-53.5777,18,18,20,0,-999,-999,0
26.5,39,102,2,-52.1445,3,-81.92,19,20,20,0,-999,-999,0
26.5,39,102,2,-52.1445,4,-99.3028,19,19,20,0,-999,-999,0
26.5,40,140,4,-56.5639,2,-88.4239,14,15,20,0,-999,-999,0
26.5,40,140,4,-56.5639,1,-93.3648,18,18,20,0,-999,-999,0
26.5,40,140,4,-56.5639,3,-94.2056,19,20,20,0,-999,-999,0
26.5,41,72,2,-79.77,4,-89.4618,19,19,20,0,-999,-999,0
26.5,41,72,2,-79.77,1,-90.1397,18,18,20,0,-999,-999,0
26.5,41,72,2,-79.77,3,-92.0917,19,20,20,0,-999,-999,0
26.5,42,141,4,-61.3325,1,-45.567,18,18,20,0,-999,-999,0
26.5,42,141,4,-61.3325,3,-52.0761,19,20,20,0,-999,-999,0
26.5,42,141,4,-61.3325,2,-82.4369,14,15,20,0,-999,-999,0
26.5,43,139,3,-32.7188,1,-45.3579,18,18,20,0,-999,-999,0
26.5,43,139,3,-32.7188,2,-62.7165,14,15,20,0,-999,-999,0
26.5,43,139,3,-32.7188,4,-98.3583,19,19,20,0,-999,-999,0
26.5,44,156,1,-63.4377,2,-85.1714,14,15,20,0,-999,-999,0
26.5,44,156,1,-63.4377,4,-96.2025,19,19,20,0,-999,-999,0
26.5,44,156,1,-63.4377,3,-96.8377,19,20,20,0,-999,-999,0
26.5,45,130,1,-74.3715,3,-79.4075,19,20,20,0,-999,-999,0
26.5,45,130,1,-74.3715,2,-83.5751,14,15,20,0,-999,-999,0
26.5,45,130,1,-74.3715,4,-90.1359,19,19,20,0,-999,-999,0
26.5,46,100,2,-89.2174,1,-69.0953,18,18,20,0,-999,-999,0
26.5,46,100,2,-89.2174,4,-82.2115,19,19,20,0,-999,-999,0
26.5,46,100,2,-89.2174,3,-94.0552,19,20,20,0,-999,-999,0
26.5,47,131,1,-74.1837,3,-45.9679,19,20,20,0,-999,-999,0
26.5,47,131,1,-74.1837,2,-76.8187,14,15,20,0,-999,-999,0
26.5,47,131,1,-74.1837,4,-93.2567,19,19,20,0,-999,-999,0
26.5,48,143,4,-71.4872,3,-73.895,19,20,20,0,-999,-999,0
26.5,48,143,4,-71.4872,2,-74.147,14,15,20,0,-999,-999,0
26.5,48,143,4,-71.4872,1,-102.375,18,18,20,0,-999,-999,0
26.5,49,144,4,-59.5652,3,-80.1111,19,20,20,0,-999,-999,0
26.5,49,144,4,-59.5652,1,-93.3559,18,18,20,0,-999,-999,0
26.5,49,144,4,-59.5652,2,-96.5862,14,15,20,0,-999,-999,0
26.5,50,161,1,-96.367,3,-57.8282,19,20,20,0,-999,-999,0
26.5,50,161,1,-96.367,2,-67.7244,14,15,20,0,-999,-999,0
26.5,50,161,1,-96.367,4,-100.388,19,19,20,0,-999,-999,0
26.5,51,171,3,-83.0785,2,-95.1451,14,15,20,0,-999,-999,0
26.5,51,171,3,-83.0785,1,-96.7435,18,18,20,0,-999,-999,0
26.5,51,171,3,-83.0785,4,-103.687,19,19,20,0,-999,-999,0
26.5,52,172,3,-88.0725,1,-74.5806,18,18,20,0,-999,-999,0
26.5,52,172,3,-88.0725,2,-96.7781,14,15,20,0,-999,-999,0
26.5,52,172,3,-88.0725,4,-114.075,19,19,20,0,-999,-999,0
26.5,53,144,3,-85.4424,2,-94.7998,14,15,20,0,-999,-999,0
26.5,53,144,3,-85.4424,4,-104.557,19,19,20,0,-999,-999,0
26.5,53,144,3,-85.4424,1,-108.124,18,18,20,0,-999,-999,0
26.5,54,73,2,-45.125,1,-47.2152,18,18,20,0,-999,-999,0
26.5,54,73,2,-45.125,3,-50.7738,19,20,20,0,-999,-999,0
26.5,54,73,2,-45.125,4,-81.0165,19,19,20,0,-999,-999,0
26.5,55,161,4,-58.7825,2,-56.7871,14,15,20,0,-999,-999,0
26.5,55,161,4,-58.7825,1,-86.5782,18,18,20,0,-999,-999,0
26.5,55,161,4,-58.7825,3,-106.917,19,20,20,0,-999,-999,0
26.5,56,132,1,-57.8684,2,-57.9932,14,15,20,0,-999,-999,0
26.5,56,132,1,-57.8684,3,-60.8785,19,20,20,0,-999,-999,0
26.5,56,132,1,-57.8684,4,-89.3387,19,19,20,0,-999,-999,0
26.5,57,145,3,-92.1115,1,-82.9026,18,18,20,0,-999,-999,0
26.5,57,145,3,-92.1115,2,-86.004,14,15,20,0,-999,-999,0
26.5,57,145,3,-92.1115,4,-102.445,19,19,20,0,-999,-999,0
26.5,58,133,1,-88.0992,2,-90.1977,14,15,20,0,-999,-999,0
26.5,58,133,1,-88.0992,3,-91.0874,19,20,20,0,-999,-999,0
26.5,58,133,1,-88.0992,4,-104.515,19,19,20,0,-999,-999,0
26.5,59,146,3,-86.3127,1,-85.1813,18,18,20,0,-999,-999,0
26.5,59,146,3,-86.3127,2,-89.1546,14,15,20,0,-999,-999,0
26.5,59,146,3,-86.3127,4,-92.5882,19,19,20,0,-999,-999,0
26.5,60,147,3,-88.3016,1,-84.5614,18,18,20,0,-999,-999,0
26.5,60,147,3,-88.3016,2,-91.8797,14,15,20,0,-999,-999,0
26.5,60,147,3,-88.3016,4,-111.47,19,19,20,0,-999,-999,0
26.5,61,162,4,-68.1121,2,-63.6609,14,15,20,0,-999,-999,0
26.5,61,162,4,-68.1121,3,-78.7441,19,20,20,0,-999,-999,0
26.5,61,162,4,-68.1121,1,-92.5597,18,18,20,0,-999,-999,0
26.5,62,134,1,-85.7059,2,-86.5323,14,15,20,0,-999,-999,0
26.5,62,134,1,-85.7059,3,-88.2133,19,20,20,0,-999,-999,0
26.5,62,134,1,-85.7059,4,-92.1995,19,19,20,0,-999,-999,0
26.5,63,159,1,-57.7468,4,-86.0068,19,19,20,0,-999,-999,0
26.5,63,159,1,-57.7468,3,-95.4937,19,20,20,0,-999,-999,0
26.5,63,159,1,-57.7468,2,-99.2287,14,15,20,0,-999,-999,0
26.5,64,163,4,-57.4425,1,-76.5081,18,18,20,0,-999,-999,0
26.5,64,163,4,-57.4425,2,-92.9921,14,15,20,0,-999,-999,0
26.5,64,163,4,-57.4425,3,-99.6006,19,20,20,0,-999,-999,0
26.5,65,166,4,-81.4253,1,-83.863,18,18,20,0,-999,-999,0
26.5,65,166,4,-81.4253,3,-87.2316,19,20,20,0,-999,-999,0
26.5,65,166,4,-81.4253,2,-88.7836,14,15,20,0,-999,-999,0
26.5,66,135,1,-55.9815,4,-79.7412,19,19,20,0,-999,-999,0
26.5,66,135,1,-55.9815,3,-83.5907,19,20,20,0,-999,-999,0
26.5,66,135,1,-55.9815,2,-86.2295,14,15,20,0,-999,-999,0
26.5,67,163,3,-87.8931,1,-79.1549,18,18,20,0,-999,-999,0
26.5,67,163,3,-87.8931,4,-81.9073,19,19,20,0,-999,-999,0
26.5,67,163,3,-87.8931,2,-103.233,14,15,20,0,-999,-999,0
26.5,68,157,1,-89.2547,4,-76.858,19,19,20,0,-999,-999,0
26.5,68,157,1,-89.2547,2,-92.0496,14,15,20,0,-999,-999,0
26.5,68,157,1,-89.2547,3,-98.8716,19,20,20,0,-999,-999,0
26.5,69,164,4,-84.6448,3,-54.0033,19,20,20,0,-999,-999,0
26.5,69,164,4,-84.6448,2,-81.5603,14,15,20,0,-999,-999,0
26.5,69,164,4,-84.6448,1,-88.4614,18,18,20,0,-999,-999,0
26.5,70,77,2,-52.9848,3,-57.4625,19,20,20,0,-999,-999,0
26.5,70,77,2,-52.9848,4,-76.1582,19,19,20,0,-999,-999,0
26.5,70,77,2,-52.9848,1,-86.7912,18,18,20,0,-999,-999,0
26.5,71,103,2,-71.0753,1,-40.6355,18,18,20,0,-999,-999,0
26.5,71,103,2,-71.0753,3,-62.1862,19,20,20,0,-999,-999,0
26.5,71,103,2,-71.0753,4,-68.6784,19,19,20,0,-999,-999,0
26.5,72,169,3,-93.4811,1,-58.9216,18,18,20,0,-999,-999,0
26.5,72,169,3,-93.4811,4,-90.1857,19,19,20,0,-999,-999,0
26.5,72,169,3,-93.4811,2,-92.7701,14,15,20,0,-999,-999,0
26.5,73,165,4,-56.6112,1,-49.2155,18,18,20,0,-999,-999,0
26.5,73,165,4,-56.6112,2,-80.6664,14,15,20,0,-999,-999,0
26.5,73,165,4,-56.6112,3,-90.4636,19,20,20,0,-999,-999,0
26.5,74,154,1,-89.238,2,-84.388,14,15,20,0,-999,-999,0
26.5,74,154,1,-89.238,3,-91.5663,19,20,20,0,-999,-999,0
26.5,74,154,1,-89.238,4,-103.183,19,19,20,0,-999,-999,0
28.5,5,36,1,-81.9456,2,-78.931,14,14,20,0,-999,-999,0
28.5,5,36,1,-81.9456,3,-82.9605,19,19,20,0,-999,-999,0
28.5,5,36,1,-81.9456,4,-101.512,19,19,20,0,-999,-999,0
28.5,6,43,4,-77.3355,2,-91.5304,14,14,20,0,-999,-999,0
28.5,6,43,4,-77.3355,1,-103.882,18,18,20,0,-999,-999,0
28.5,6,43,4,-77.3355,3,-104.272,19,19,20,0,-999,-999,0
28.5,7,93,2,-70.3252,1,-78.4092,18,18,20,0,-999,-999,0
28.5,7,93,2,-70.3252,3,-87.1602,19,19,20,0,-999,-999,0
28.5,7,93,2,-70.3252,4,-88.3449,19,19,20,0,-999,-999,0
28.5,8,15,2,-67.1667,1,-50.7162,18,18,20,0,-999,-999,0
28.5,8,15,2,-67.1667,4,-81.6617,19,19,20,0,-999,-999,0
28.5,8,15,2,-67.1667,3,-89.1605,19,19,20,0,-999,-999,0
28.5,9,16,2,-56.2311,3,-75.9478,19,19,20,0,-999,-999,0
28.5,9,16,2,-56.2311,1,-78.7497,18,18,20,0,-999,-999,0
28.5,9,16,2,-56.2311,4,-81.3259,19,19,20,0,-999,-999,0
28.5,10,50,3,-63.1413,1,-49.5015,18,18,20,0,-999,-999,0
28.5,10,50,3,-63.1413,2,-81.2785,14,14,20,0,-999,-999,0
28.5,10,50,3,-63.1413,4,-104.137,19,19,20,0,-999,-999,0
28.5,11,164,3,-89.3506,1,-49.873,18,18,20,0,-999,-999,0
28.5,11,164,3,-89.3506,2,-61.5589,14,14,20,0,-999,-999,0
28.5,11,164,3,-89.3506,4,-76.8957,19,19,20,0,-999,-999,0
28.5,12,160,1,-52.3196,2,-87.3688,14,14,20,0,-999,-999,0
28.5,12,160,1,-52.3196,3,-90.2315,19,19,20,0,-999,-999,0
28.5,12,160,1,-52.3196,4,-116.279,19,19,20,0,-999,-999,0
28.5,13,38,1,-63.0846,2,-69.5194,14,14,20,0,-999,-999,0
28.5,13,38,1,-63.0846,3,-70.8494,19,19,20,0,-999,-999,0
28.5,13,38,1,-63.0846,4,-95.3512,19,19,20,0,-999,-999,0
28.5,14,155,1,-48.0845,3,-56.1195,19,19,20,0,-999,-999,0
28.5,14,155,1,-48.0845,2,-71.2364,14,14,20,0,-999,-999,0
28.5,14,155,1,-48.0845,4,-110.816,19,19,20,0,-999,-999,0
28.5,15,53,3,-53.2218,2,-84.1954,14,14,20,0,-999,-999,0
28.5,15,53,3,-53.2218,1,-85.7048,18,18,20,0,-999,-999,0
28.5,15,53,3,-53.2218,4,-95.8864,19,19,20,0,-999,-999,0
28.5,16,45,4,-69.923,1,-66.222,18,18,20,0,-999,-999,0
28.5,16,45,4,-69.923,2,-75.476,14,14,20,0,-999,-999,0
28.5,16,45,4,-69.923,3,-108.581,19,19,20,0,-999,-999,0
28.5,17,46,4,-44.2804,2,-84.145,14,14,20,0,-999,-999,0
28.5,17,46,4,-44.2804,1,-88.4693,18,18,20,0,-999,-999,0
28.5,17,46,4,-44.2804,3,-89.3703,19,19,20,0,-999,-999,0
28.5,18,54,3,-72.4402,1,-41.652,18,18,20,0,-999,-999,0
28.5,18,54,3,-72.4402,2,-79.6413,14,14,20,0,-999,-999,0
28.5,18,54,3,-72.4402,4,-106.189,19,19,20,0,-999,-999,0
28.5,19,55,3,-62.9077,1,-53.1747,18,18,20,0,-999,-999,0
28.5,19,55,3,-62.9077,2,-76.1219,14,14,20,0,-999,-999,0
28.5,19,55,3,-62.9077,4,-92.07,19,19,20,0,-999,-999,0
28.5,20,57,3,-77.8424,2,-66.7573,14,14,20,0,-999,-999,0
28.5,20,57,3,-77.8424,1,-73.5955,18,18,20,0,-999,-999,0
28.5,20,57,3,-77.8424,4,-106.724,19,19,20,0,-999,-999,0
28.5,21,47,4,-71.0806,2,-97.3306,14,14,20,0,-999,-999,0
28.5,21,47,4,-71.0806,3,-101.388,19,19,20,0,-999,-999,0
28.5,21,47,4,-71.0806,1,-101.66,18,18,20,0,-999,-999,0
28.5,22,48,4,-76.0814,1,-69.2881,18,18,20,0,-999,-999,0
28.5,22,48,4,-76.0814,2,-80.9937,14,14,20,0,-999,-999,0
28.5,22,48,4,-76.0814,3,-89.525,19,19,20,0,-999,-999,0
28.5,23,39,1,-23.3256,2,-73.4142,14,14,20,0,-999,-999,0
28.5,23,39,1,-23.3256,3,-86.0888,19,19,20,0,-999,-999,0
28.5,23,39,1,-23.3256,4,-92.1774,19,19,20,0,-999,-999,0
28.5,24,101,2,-77.878,3,-52.4067,19,19,20,0,-999,-999,3
28.5,24,101,2,-77.878,1,-81.4975,18,18,20,0,-999,-999,3
28.5,24,101,2,-77.878,4,-84.986,19,19,20,0,-999,-999,3
28.5,25,97,2,-77.1842,4,-72.2198,19,19,20,0,-999,-999,0
28.5,25,97,2,-77.1842,1,-75.7659,18,18,20,0,-999,-999,0
28.5,25,97,2,-77.1842,3,-88.561,19,20,20,0,-999,-999,0
28.5,26,95,2,-66.2743,3,-87.9147,19,20,20,0,-999,-999,0
28.5,26,95,2,-66.2743,1,-90.2382,18,18,20,0,-999,-999,0
28.5,26,95,2,-66.2743,4,-101.84,19,19,20,0,-999,-999,0
28.5,27,166,3,-87.5732,4,-51.2689,19,19,20,0,-999,-999,4
28.5,27,166,3,-87.5732,1,-56.3292,18,18,20,0,-999,-999,4
28.5,27,166,3,-87.5732,2,-67.1908,14,14,20,0,-999,-999,4
28.5,28,98,2,-84.7738,3,-83.0528,19,20,20,0,-999,-999,0
28.5,28,98,2,-84.7738,1,-84.4048,18,18,20,0,-999,-999,0
28.5,28,98,2,-84.7738,4,-86.0215,19,20,20,0,-999,-999,0
28.5,29,126,1,-38.8677,3,-55.4086,19,20,20,0,-999,-999,0
28.5,29,126,1,-38.8677,2,-66.0775,14,14,20,0,-999,-999,0
28.5,29,126,1,-38.8677,4,-98.5592,19,20,20,0,-999,-999,0
28.5,30,127,1,-72.0366,3,-71.6804,19,20,20,0,-999,-999,0
28.5,30,127,1,-72.0366,2,-81.2566,14,14,20,0,-999,-999,0
28.5,30,127,1,-72.0366,4,-105.482,19,20,20,0,-999,-999,0
28.5,31,137,3,-74.4037,2,-73.827,14,14,20,0,-999,-999,0
28.5,31,137,3,-74.4037,1,-87.0104,18,18,20,0,-999,-999,0
28.5,31,137,3,-74.4037,4,-113.003,19,20,20,0,-999,-999,0
28.5,32,136,4,-41.2372,3,-74.5009,19,20,20,0,-999,-999,0
28.5,32,136,4,-41.2372,2,-79.2817,14,14,20,0,-999,-999,0
28.5,32,136,4,-41.2372,1,-93.8391,18,18,20,0,-999,-999,0
28.5,33,167,3,-81.2437,1,-74.4479,18,18,20,0,-999,-999,1
28.5,33,167,3,-81.2437,2,-80.0884,14,14,20,0,-999,-999,1
28.5,33,167,3,-81.2437,4,-100.767,19,20,20,0,-999,-999,1
28.5,34,137,4,-71.122,2,-82.5018,14,14,20,0,-999,-999,0
28.5,34,137,4,-71.122,3,-85.2588,19,20,20,0,-999,-999,0
28.5,34,137,4,-71.122,1,-103.418,18,19,20,0,-999,-999,0
28.5,35,104,2,-73.5488,1,-41.3967,18,19,20,0,-999,-999,0
28.5,35,104,2,-73.5488,3,-75.9552,19,20,20,0,-999,-999,0
28.5,35,104,2,-73.5488,4,-112.564,19,20,20,0,-999,-999,0
28.5,36,138,4,-51.418,3,-77.4151,19,20,20,0,-999,-999,0
28.5,36,138,4,-51.418,1,-89.4198,18,19,20,0,-999,-999,0
28.5,36,138,4,-51.418,2,-96.0736,14,14,20,0,-999,-999,0
28.5,37,139,4,-62.578,3,-71.5715,19,20,20,0,-999,-999,0
28.5,37,139,4,-62.578,1,-91.38,18,19,20,0,-999,-999,0
28.5,37,139,4,-62.578,2,-91.9561,14,14,20,0,-999,-999,0
28.5,38,173,3,-80.4434,1,-61.7109,18,19,20,0,-999,-999,0
28.5,38,173,3,-80.4434,2,-68.4679,14,14,20,0,-999,-999,0
28.5,38,173,3,-80.4434,4,-107.603,19,20,20,0,-999,-999,0
28.5,39,102,2,-63.1777,1,-76.5832,18,19,20,0,-999,-999,0
28.5,39,102,2,-63.1777,3,-94.1612,19,20,20,0,-999,-999,0
28.5,39,102,2,-63.1777,4,-98.0216,19,20,20,0,-999,-999,0
28.5,40,140,4,-78.4837,1,-86.2215,18,19,20,0,-999,-999,0
28.5,40,140,4,-78.4837,2,-89.2065,14,14,20,0,-999,-999,0
28.5,40,140,4,-78.4837,3,-96.8973,19,20,20,0,-999,-999,0
28.5,41,72,2,-61.1823,1,-84.0473,18,19,20,0,-999,-999,0
28.5,41,72,2,-61.1823,3,-86.8022,19,20,20,0,-999,-999,0
28.5,41,72,2,-61.1823,4,-89.6671,19,20,20,0,-999,-999,0
28.5,42,141,4,-83.2003,2,-47.9475,14,14,20,0,-999,-999,0
28.5,42,141,4,-83.2003,1,-83.0711,18,19,20,0,-999,-999,0
28.5,42,141,4,-83.2003,3,-88.7946,19,20,20,0,-999,-999,0
28.5,43,139,3,-54.093,1,-75.9031,18,19,20,0,-999,-999,0
28.5,43,139,3,-54.093,2,-84.7577,14,14,20,0,-999,-999,0
28.5,43,139,3,-54.093,4,-103.087,19,20,20,0,-999,-999,0
28.5,44,156,1,-83.1185,2,-70.3035,14,14,20,0,-999,-999,0
28.5,44,156,1,-83.1185,3,-97.1178,19,20,20,0,-999,-999,0
28.5,44,156,1,-83.1185,4,-100.109,19,20,20,0,-999,-999,0
28.5,45,130,1,-70.7119,2,-60.3851,14,14,20,0,-999,-999,0
28.5,45,130,1,-70.7119,4,-84.7666,19,20,20,0,-999,-999,0
28.5,45,130,1,-70.7119,3,-87.0958,19,20,20,0,-999,-999,0
28.5,46,100,2,-72.942,4,-52.4924,19,20,20,0,-999,-999,0
28.5,46,100,2,-72.942,3,-70.5459,19,20,20,0,-999,-999,0
28.5,46,100,2,-72.942,1,-98.5791,18,19,20,0,-999,-999,0
28.5,47,131,1,-35.0295,2,-59.3128,14,14,20,0,-999,-999,0
28.5,47,131,1,-35.0295,3,-84.1459,19,20,20,0,-999,-999,0
28.5,47,131,1,-35.0295,4,-86.9386,19,20,20,0,-999,-999,0
28.5,48,143,4,-58.2393,1,-76.5256,18,19,20,0,-999,-999,0
28.5,48,143,4,-58.2393,2,-95.2502,14,14,20,0,-999,-999,0
28.5,48,143,4,-58.2393,3,-103.65,19,20,20,0,-999,-999,0
28.5,49,144,4,-64.8885,2,-86.4119,14,14,20,0,-999,-999,0
28.5,49,144,4,-64.8885,1,-90.3769,18,19,20,0,-999,-999,0
28.5,49,144,4,-64.8885,3,-105.021,19,20,20,0,-999,-999,0
28.5,50,161,1,-57.5348,2,-78.5772,14,14,20,0,-999,-999,0
28.5,50,161,1,-57.5348,3,-92.9659,19,20,20,0,-999,-999,0
28.5,50,161,1,-57.5348,4,-100.911,19,20,20,0,-999,-999,0
28.5,51,171,3,-91.7199,2,-71.6132,14,14,20,0,-999,-999,0
28.5,51,171,3,-91.7199,1,-88.7847,18,19,20,0,-999,-999,0
28.5,51,171,3,-91.7199,4,-91.5981,19,20,20,0,-999,-999,0
28.5,52,172,3,-73.3074,2,-81.7098,14,14,20,0,-999,-999,0
28.5,52,172,3,-73.3074,1,-81.7622,18,19,20,0,-999,-999,0
28.5,52,172,3,-73.3074,4,-106.658,19,20,20,0,-999,-999,0
28.5,53,144,3,-45.9995,1,-86.0919,18,19,20,0,-999,-999,0
28.5,53,144,3,-45.9995,4,-87.7691,19,20,20,0,-999,-999,0
28.5,53,144,3,-45.9995,2,-98.0365,14,14,20,0,-999,-999,0
28.5,54,73,2,-76.5738,4,-47.6029,19,20,20,0,-999,-999,0
28.5,54,73,2,-76.5738,1,-84.5787,18,19,20,0,-999,-999,0
28.5,54,73,2,-76.5738,3,-88.9926,19,20,20,0,-999,-999,0
28.5,55,161,4,-85.7311,1,-86.2681,18,19,20,0,-999,-999,0
28.5,55,161,4,-85.7311,2,-90.8235,14,14,20,0,-999,-999,0
28.5,55,161,4,-85.7311,3,-104.871,19,20,20,0,-999,-999,0
28.5,56,132,1,-30.5235,3,-62.4259,19,20,20,0,-999,-999,0
28.5,56,132,1,-30.5235,2,-86.1331,14,14,20,0,-999,-999,0
28.5,56,132,1,-30.5235,4,-92.5863,19,20,20,0,-999,-999,0
28.5,57,145,3,-51.3214,1,-80.9288,18,19,20,0,-999,-999,0
28.5,57,145,3,-51.3214,2,-87.7921,14,14,20,0,-999,-999,0
28.5,57,145,3,-51.3214,4,-114.597,19,20,20,0,-999,-999,0
28.5,58,133,1,-82.3915,3,-86.7084,19,20,20,0,-999,-999,0
28.5,58,133,1,-82.3915,2,-93.2093,14,14,20,0,-999,-999,0
28.5,58,133,1,-82.3915,4,-111.751,19,20,20,0,-999,-999,0
28.5,59,146,3,-59.6944,1,-89.5937,18,19,20,0,-999,-999,0
28.5,59,146,3,-59.6944,2,-89.7767,14,14,20,0,-999,-999,0
28.5,59,146,3,-59.6944,4,-114.914,19,20,20,0,-999,-999,0
28.5,60,147,3,-84.4808,2,-69.812,14,14,20,0,-999,-999,0
28.5,60,147,3,-84.4808,1,-83.8602,18,19,20,0,-999,-999,0
28.5,60,147,3,-84.4808,4,-95.4643,19,20,20,0,-999,-999,0
28.5,61,162,4,-60.317,3,-81.0026,19,20,20,0,-999,-999,0
28.5,61,162,4,-60.317,2,-88.2499,14,14,20,0,-999,-999,0
28.5,61,162,4,-60.317,1,-102.364,18,19,20,0,-999,-999,0
28.5,62,134,1,-80.0406,2,-64.5818,14,14,20,0,-999,-999,0
28.5,62,134,1,-80.0406,3,-88.7329,19,20,20,0,-999,-999,0
28.5,62,134,1,-80.0406,4,-101.793,19,20,20,0,-999,-999,0
28.5,63,159,1,-86.3656,3,-85.0939,19,20,20,0,-999,-999,0
28.5,63,159,1,-86.3656,2,-97.545,14,14,20,0,-999,-999,0
28.5,63,159,1,-86.3656,4,-100.798,19,20,20,0,-999,-999,0
28.5,64,163,4,-51.5307,1,-70.0038,18,19,20,0,-999,-999,0
28.5,64,163,4,-51.5307,2,-80.7769,14,14,20,0,-999,-999,0
28.5,64,163,4,-51.5307,3,-104.095,19,20,20,0,-999,-999,0
28.5,65,166,4,-93.7612,1,-80.6572,18,19,20,0,-999,-999,0
28.5,65,166,4,-93.7612,3,-83.8276,19,20,20,0,-999,-999,0
28.5,65,166,4,-93.7612,2,-86.3541,14,14,20,0,-999,-999,0
28.5,66,135,1,-87.8213,3,-77.7531,19,20,20,0,-999,-999,0
28.5,66,135,1,-87.8213,2,-87.0548,14,14,20,0,-999,-999,0
28.5,66,135,1,-87.8213,4,-100.947,19,20,20,0,-999,-999,0
28.5,67,163,3,-89.877,2,-97.0911,14,14,20,0,-999,-999,0
28.5,67,163,3,-89.877,4,-102.406,19,20,20,0,-999,-999,0
28.5,67,163,3,-89.877,1,-104.872,18,19,20,0,-999,-999,0
28.5,68,157,1,-85.6467,2,-89.5706,14,14,20,0,-999,-999,0
28.5,68,157,1,-85.6467,3,-96.6237,19,20,20,0,-999,-999,0
28.5,68,157,1,-85.6467,4,-97.9254,19,20,20,0,-999,-999,0
28.5,69,164,4,-49.937,3,-53.2228,19,20,20,0,-999,-999,0
28.5,69,164,4,-49.937,2,-83.6841,14,14,20,0,-999,-999,0
28.5,69,164,4,-49.937,1,-95.8192,18,19,20,0,-999,-999,0
28.5,70,77,2,-69.0865,4,-76.9856,19,20,20,0,-999,-999,0
28.5,70,77,2,-69.0865,3,-90.5377,19,20,20,0,-999,-999,0
28.5,70,77,2,-69.0865,1,-96.2511,18,19,20,0,-999,-999,0
28.5,71,103,2,-74.8267,1,-41.4014,18,19,20,0,-999,-999,1
28.5,71,103,2,-74.8267,4,-88.5819,19,20,20,0,-999,-999,1
28.5,71,103,2,-74.8267,3,-88.5897,19,20,20,0,-999,-999,1
28.5,72,169,3,-65.0859,2,-51.9312,14,14,20,0,-999,-999,0
28.5,72,169,3,-65.0859,4,-82.637,19,20,20,0,-999,-999,0
28.5,72,169,3,-65.0859,1,-88.042,18,20,20,0,-999,-999,0
28.5,73,165,4,-82.5961,2,-67.0452,14,14,20,0,-999,-999,0
28.5,73,165,4,-82.5961,1,-87.7619,18,20,20,0,-999,-999,0
28.5,73,165,4,-82.5961,3,-90.5097,19,20,20,0,-999,-999,0
28.5,74,154,1,-80.2037,2,-63.2456,14,14,20,0,-999,-999,2
28.5,74,154,1,-80.2037,3,-65.2004,19,20,20,0,-999,-999,2
28.5,74,154,1,-80.2037,4,-91.8644,19,20,20,0,-999,-999,2
30.5,5,36,1,-48.6857,2,-69.7362,13,13,20,0,-999,-999,0
30.5,5,36,1,-48.6857,3,-82.7054,18,18,20,0,-999,-999,0
30.5,5,36,1,-48.6857,4,-111.618,20,20,20,0,-999,-999,0
30.5,6,43,4,-68.8626,2,-85.3851,13,13,20,0,-999,-999,0
30.5,6,43,4,-68.8626,1,-99.9666,19,19,20,0,-999,-999,0
30.5,6,43,4,-68.8626,3,-102.446,18,18,20,0,-999,-999,0
30.5,7,93,2,-73.0235,1,-76.3509,19,19,20,0,-999,-999,0
30.5,7,93,2,-73.0235,3,-89.6518,18,18,20,0,-999,-999,0
30.5,7,93,2,-73.0235,4,-92.0096,20,20,20,0,-999,-999,0
30.5,8,15,2,-62.201,3,-66.073,18,18,20,0,-999,-999,0
30.5,8,15,2,-62.201,1,-79.1109,19,19,20,0,-999,-999,0
30.5,8,15,2,-62.201,4,-93.137,20,20,20,0,-999,-999,0
30.5,9,16,2,-75.6657,3,-68.3174,18,18,20,0,-999,-999,0
30.5,9,16,2,-75.6657,1,-79.369,19,19,20,0,-999,-999,0
30.5,9,16,2,-75.6657,4,-89.3189,20,20,20,0,-999,-999,0
30.5,10,50,3,-41.5063,1,-81.1934,19,19,20,0,-999,-999,0
30.5,10,50,3,-41.5063,2,-90.1981,13,13,20,0,-999,-999,0
30.5,10,50,3,-41.5063,4,-107.661,20,20,20,0,-999,-999,0
30.5,11,164,3,-88.7298,2,-80.9709,13,13,20,0,-999,-999,0
30.5,11,164,3,-88.7298,4,-84.5673,20,20,20,0,-999,-999,0
30.5,11,164,3,-88.7298,1,-91.4396,19,19,20,0,-999,-999,0
30.5,12,160,1,-58.2131,2,-53.213,13,13,20,0,-999,-999,0
30.5,12,160,1,-58.2131,3,-69.3431,18,18,20,0,-999,-999,0
30.5,12,160,1,-58.2131,4,-114.216,20,20,20,0,-999,-999,0
30.5,13,38,1,-62.5553,2,-60.3357,13,13,20,0,-999,-999,0
30.5,13,38,1,-62.5553,3,-79.9144,18,18,20,0,-999,-999,0
30.5,13,38,1,-62.5553,4,-97.4157,20,20,20,0,-999,-999,0
30.5,14,155,1,-93.7518,3,-84.4246,18,18,20,0,-999,-999,0
30.5,14,155,1,-93.7518,2,-86.7829,13,13,20,0,-999,-999,0
30.5,14,155,1,-93.7518,4,-111.585,20,20,20,0,-999,-999,0
30.5,15,53,3,-60.8661,4,-75.0881,20,20,20,0,-999,-999,0
30.5,15,53,3,-60.8661,2,-75.1182,13,13,20,0,-999,-999,0
30.5,15,53,3,-60.8661,1,-87.8364,19,19,20,0,-999,-999,0
30.5,16,45,4,-77.1072,1,-71.0488,19,19,20,0,-999,-999,1
30.5,16,45,4,-77.1072,2,-96.7175,13,13,20,0,-999,-999,1
30.5,16,45,4,-77.1072,3,-104.919,18,18,20,0,-999,-999,1
30.5,17,46,4,-44.4357,3,-74.3897,18,18,20,0,-999,-999,0
30.5,17,46,4,-44.4357,2,-86.9516,13,13,20,0,-999,-999,0
30.5,17,46,4,-44.4357,1,-90.5111,19,20,20,0,-999,-999,0
30.5,18,54,3,-36.892,1,-70.0056,19,20,20,0,-999,-999,0
30.5,18,54,3,-36.892,2,-84.7978,13,13,20,0,-999,-999,0
30.5,18,54,3,-36.892,4,-92.5933,20,20,20,0,-999,-999,0
30.5,19,55,3,-89.0819,2,-74.6826,13,13,20,0,-999,-999,0
30.5,19,55,3,-89.0819,1,-88.8307,19,20,20,0,-999,-999,0
30.5,19,55,3,-89.0819,4,-96.7656,20,20,20,0,-999,-999,0
30.5,20,57,3,-59.2191,1,-79.7832,19,20,20,0,-999,-999,0
30.5,20,57,3,-59.2191,2,-80.2232,13,13,20,0,-999,-999,0
30.5,20,57,3,-59.2191,4,-103.176,20,20,20,0,-999,-999,0
30.5,21,47,4,-39.2773,2,-101.648,13,13,20,0,-999,-999,0
30.5,21,47,4,-39.2773,1,-103.375,19,20,20,0,-999,-999,0
30.5,21,47,4,-39.2773,3,-110.62,18,18,20,0,-999,-999,0
30.5,22,48,4,-44.8559,1,-72.8749,19,20,20,0,-999,-999,0
30.5,22,48,4,-44.8559,2,-74.2645,13,13,20,0,-999,-999,0
30.5,22,48,4,-44.8559,3,-80.7059,18,18,20,0,-999,-999,0
30.5,23,39,1,-27.2225,3,-64.7113,18,18,20,0,-999,-999,0
30.5,23,39,1,-27.2225,2,-72.2027,13,13,20,0,-999,-999,0
30.5,23,39,1,-27.2225,4,-89.1371,20,20,20,0,-999,-999,0
30.5,24,174,3,-75.9546,2,-64.5509,13,13,20,0,-999,-999,0
30.5,24,174,3,-75.9546,1,-78.1389,19,20,20,0,-999,-999,0
30.5,24,174,3,-75.9546,4,-78.5972,20,20,20,0,-999,-999,0
30.5,25,97,2,-88.7491,3,-70.4559,18,18,20,0,-999,-999,0
30.5,25,97,2,-88.7491,4,-85.2879,20,20,20,0,-999,-999,0
30.5,25,97,2,-88.7491,1,-93.7775,19,20,20,0,-999,-999,0
30.5,26,95,2,-61.6478,1,-65.033,19,20,20,0,-999,-999,0
30.5,26,95,2,-61.6478,3,-80.6289,18,18,20,0,-999,-999,0
30.5,26,95,2,-61.6478,4,-92.2755,20,20,20,0,-999,-999,0
30.5,27,167,4,-70.9346,2,-83.3756,13,13,20,0,-999,-999,0
30.5,27,167,4,-70.9346,3,-84.7798,18,18,20,0,-999,-999,0
30.5,27,167,4,-70.9346,1,-87.9902,19,20,20,0,-999,-999,0
30.5,28,98,2,-86.581,1,-52.7742,19,20,20,0,-999,-999,0
30.5,28,98,2,-86.581,3,-86.3789,18,18,20,0,-999,-999,0
30.5,28,98,2,-86.581,4,-96.1878,20,20,20,0,-999,-999,0
30.5,29,126,1,-71.9806,2,-57.2064,13,13,20,0,-999,-999,0
30.5,29,126,1,-71.9806,3,-78.4781,18,18,20,0,-999,-999,0
30.5,29,126,1,-71.9806,4,-103.165,20,20,20,0,-999,-999,0
30.5,30,127,1,-44.3546,3,-64.4129,18,18,20,0,-999,-999,0
30.5,30,127,1,-44.3546,2,-79.7174,13,13,20,0,-999,-999,0
30.5,30,127,1,-44.3546,4,-104.907,20,20,20,0,-999,-999,0
30.5,31,137,3,-68.353,1,-90.5123,19,20,20,0,-999,-999,0
30.5,31,137,3,-68.353,2,-91.2939,13,13,20,0,-999,-999,0
30.5,31,137,3,-68.353,4,-118.97,20,20,20,0,-999,-999,0
30.5,32,136,4,-24.0776,2,-74.4516,13,13,20,0,-999,-999,0
30.5,32,136,4,-24.0776,1,-90.5475,19,20,20,0,-999,-999,0
30.5,32,136,4,-24.0776,3,-103.714,18,18,20,0,-999,-999,0
30.5,33,162,1,-72.8582,2,-64.4859,13,13,20,0,-999,-999,0
30.5,33,162,1,-72.8582,3,-85.3711,18,18,20,0,-999,-999,0
30.5,33,162,1,-72.8582,4,-98.0349,20,20,20,0,-999,-999,0
30.5,34,137,4,-72.159,2,-95.8593,13,13,20,0,-999,-999,0
30.5,34,137,4,-72.159,1,-98.3946,19,20,20,0,-999,-999,0
30.5,34,137,4,-72.159,3,-99.2161,18,18,20,0,-999,-999,0
30.5,35,104,2,-57.2293,3,-61.045,18,18,20,0,-999,-999,0
30.5,35,104,2,-57.2293,1,-76.6624,19,20,20,0,-999,-999,0
30.5,35,104,2,-57.2293,4,-85.7931,20,20,20,0,-999,-999,0
30.5,36,138,4,-79.6598,2,-90.577,13,13,20,0,-999,-999,0
30.5,36,138,4,-79.6598,3,-98.0793,18,18,20,0,-999,-999,0
30.5,36,138,4,-79.6598,1,-100.734,19,20,20,0,-999,-999,0
30.5,37,139,4,-71.9779,3,-77.4294,18,18,20,0,-999,-999,0
30.5,37,139,4,-71.9779,2,-78.5637,13,13,20,0,-999,-999,0
30.5,37,139,4,-71.9779,1,-87.1354,19,20,20,0,-999,-999,0
30.5,38,173,3,-86.4361,2,-74.6278,13,13,20,0,-999,-999,0
30.5,38,173,3,-86.4361,1,-90.3864,19,20,20,0,-999,-999,0
30.5,38,173,3,-86.4361,4,-107.519,20,20,20,0,-999,-999,0
30.5,39,102,2,-60.9772,1,-77.8476,19,20,20,0,-999,-999,0
30.5,39,102,2,-60.9772,3,-84.3428,18,18,20,0,-999,-999,0
30.5,39,102,2,-60.9772,4,-99.1289,20,20,20,0,-999,-999,0
30.5,40,140,4,-75.6638,1,-82.9577,19,20,20,0,-999,-999,0
30.5,40,140,4,-75.6638,2,-94.1515,13,13,20,0,-999,-999,0
30.5,40,140,4,-75.6638,3,-94.7656,18,18,20,0,-999,-999,0
30.5,41,72,2,-77.2186,1,-85.4799,19,20,20,0,-999,-999,0
30.5,41,72,2,-77.2186,4,-87.2433,20,20,20,0,-999,-999,0
30.5,41,72,2,-77.2186,3,-87.8148,18,18,20,0,-999,-999,0
30.5,42,141,4,-87.4095,1,-79.957,19,20,20,0,-999,-999,0
30.5,42,141,4,-87.4095,3,-88.7556,18,18,20,0,-999,-999,0
30.5,42,141,4,-87.4095,2,-91.5226,13,13,20,0,-999,-999,0
30.5,43,139,3,-52.6238,4,-71.4521,20,20,20,0,-999,-999,0
30.5,43,139,3,-52.6238,1,-71.8599,19,20,20,0,-999,-999,0
30.5,43,139,3,-52.6238,2,-86.1138,13,13,20,0,-999,-999,0
30.5,44,156,1,-54.8498,2,-89.6956,13,13,20,0,-999,-999,0
30.5,44,156,1,-54.8498,3,-96.311,18,18,20,0,-999,-999,0
30.5,44,156,1,-54.8498,4,-99.5379,20,20,20,0,-999,-999,0
30.5,45,130,1,-71.088,3,-56.9715,18,18,20,0,-999,-999,0
30.5,45,130,1,-71.088,2,-85.0411,13,13,20,0,-999,-999,0
30.5,45,130,1,-71.088,4,-100.497,20,20,20,0,-999,-999,0
30.5,46,100,2,-87.6143,4,-76.2512,20,20,20,0,-999,-999,0
30.5,46,100,2,-87.6143,3,-82.3952,18,18,20,0,-999,-999,0
30.5,46,100,2,-87.6143,1,-94.785,19,20,20,0,-999,-999,0
30.5,47,131,1,-71.9385,2,-53.565,13,13,20,0,-999,-999,0
30.5,47,131,1,-71.9385,3,-62.1542,18,18,20,0,-999,-999,0
30.5,47,131,1,-71.9385,4,-73.6208,20,20,20,0,-999,-999,0
30.5,48,143,4,-33.5894,3,-90.9637,18,18,20,0,-999,-999,0
30.5,48,143,4,-33.5894,2,-96.8548,13,13,20,0,-999,-999,0
30.5,48,143,4,-33.5894,1,-105.564,19,20,20,0,-999,-999,0
30.5,49,144,4,-25.8188,1,-70.9387,19,20,20,0,-999,-999,0
30.5,49,144,4,-25.8188,3,-88.3414,18,18,20,0,-999,-999,0
30.5,49,144,4,-25.8188,2,-90.0044,13,13,20,0,-999,-999,0
30.5,50,161,1,-90.8328,3,-80.3346,18,18,20,0,-999,-999,0
30.5,50,161,1,-90.8328,2,-103.125,13,13,20,0,-999,-999,0
30.5,50,161,1,-90.8328,4,-103.589,20,20,20,0,-999,-999,0
30.5,51,171,3,-90.3469,2,-73.1111,13,13,20,0,-999,-999,2
30.5,51,171,3,-90.3469,4,-94.646,20,20,20,0,-999,-999,2
30.5,51,171,3,-90.3469,1,-109.214,19,20,20,0,-999,-999,2
30.5,52,172,3,-80.8506,1,-80.2302,19,20,20,0,-999,-999,0
30.5,52,172,3,-80.8506,2,-87.814,13,14,20,0,-999,-999,0
30.5,52,172,3,-80.8506,4,-110.253,20,20,20,0,-999,-999,0
30.5,53,144,3,-67.7361,2,-102.59,13,14,20,0,-999,-999,0
30.5,53,144,3,-67.7361,1,-105.088,19,20,20,0,-999,-999,0
30.5,53,144,3,-67.7361,4,-108.77,20,20,20,0,-999,-999,0
30.5,54,73,2,-39.6691,1,-85.0517,19,20,20,0,-999,-999,0
30.5,54,73,2,-39.6691,3,-89.9778,18,18,20,0,-999,-999,0
30.5,54,73,2,-39.6691,4,-93.4652,20,20,20,0,-999,-999,0
30.5,55,161,4,-80.8646,1,-86.5936,19,20,20,0,-999,-999,0
30.5,55,161,4,-80.8646,2,-97.258,13,14,20,0,-999,-999,0
30.5,55,161,4,-80.8646,3,-107.892,18,18,20,0,-999,-999,0
30.5,56,132,1,-69.9022,3,-79.9454,18,18,20,0,-999,-999,0
30.5,56,132,1,-69.9022,2,-82.8574,13,14,20,0,-999,-999,0
30.5,56,132,1,-69.9022,4,-90.4103,20,20,20,0,-999,-999,0
30.5,57,145,3,-86.7197,2,-92.7232,13,14,20,0,-999,-999,0
30.5,57,145,3,-86.7197,1,-94.3471,19,20,20,0,-999,-999,0
30.5,57,145,3,-86.7197,4,-116.199,20,20,20,0,-999,-999,0
30.5,58,133,1,-83.7467,3,-82.1487,18,18,20,0,-999,-999,0
30.5,58,133,1,-83.7467,2,-88.8585,13,14,20,0,-999,-999,0
30.5,58,133,1,-83.7467,4,-102.128,20,20,20,0,-999,-999,0
30.5,59,146,3,-85.2562,1,-81.7621,19,20,20,0,-999,-999,0
30.5,59,146,3,-85.2562,4,-82.8035,20,20,20,0,-999,-999,0
30.5,59,146,3,-85.2562,2,-89.2577,13,14,20,0,-999,-999,0
30.5,60,147,3,-47.9159,2,-76.7725,13,14,20,0,-999,-999,0
30.5,60,147,3,-47.9159,1,-88.1977,19,20,20,0,-999,-999,0
30.5,60,147,3,-47.9159,4,-117.298,20,20,20,0,-999,-999,0
30.5,61,162,4,-73.9096,2,-76.3671,13,14,20,0,-999,-999,0
30.5,61,162,4,-73.9096,3,-76.9493,18,18,20,0,-999,-999,0
30.5,61,162,4,-73.9096,1,-108.957,19,20,20,0,-999,-999,0
30.5,62,134,1,-85.7145,3,-64.4856,18,18,20,0,-999,-999,0
30.5,62,134,1,-85.7145,4,-78.8438,20,20,20,0,-999,-999,0
30.5,62,134,1,-85.7145,2,-87.2162,13,14,20,0,-999,-999,0
30.5,63,159,1,-87.1682,3,-76.1562,18,18,20,0,-999,-999,0
30.5,63,159,1,-87.1682,2,-83.6727,13,14,20,0,-999,-999,0
30.5,63,159,1,-87.1682,4,-106.647,20,20,20,0,-999,-999,0
30.5,64,163,4,-69.6683,1,-73.7015,19,20,20,0,-999,-999,0
30.5,64,163,4,-69.6683,2,-85.4901,13,14,20,0,-999,-999,0
30.5,64,163,4,-69.6683,3,-100.281,18,18,20,0,-999,-999,0
30.5,65,166,4,-96.4363,1,-45.8239,19,20,20,0,-999,-999,0
30.5,65,166,4,-96.4363,2,-60.2871,13,14,20,0,-999,-999,0
30.5,65,166,4,-96.4363,3,-88.1753,18,18,20,0,-999,-999,0
30.5,66,135,1,-85.9609,3,-64.6507,18,18,20,0,-999,-999,0
30.5,66,135,1,-85.9609,2,-88.5129,13,14,20,0,-999,-999,0
30.5,66,135,1,-85.9609,4,-99.8189,20,20,20,0,-999,-999,0
30.5,67,163,3,-90.4816,2,-101.179,13,14,20,0,-999,-999,0
30.5,67,163,3,-90.4816,1,-103.494,19,20,20,0,-999,-999,0
30.5,67,163,3,-90.4816,4,-104.062,20,20,20,0,-999,-999,0
30.5,68,157,1,-77.6926,3,-55.9932,18,18,20,0,-999,-999,0
30.5,68,157,1,-77.6926,4,-93.3721,20,20,20,0,-999,-999,0
30.5,68,157,1,-77.6926,2,-94.1753,13,14,20,0,-999,-999,0
30.5,69,164,4,-80.0782,2,-61.1526,13,14,20,0,-999,-999,0
30.5,69,164,4,-80.0782,3,-73.0029,18,18,20,0,-999,-999,0
30.5,69,164,4,-80.0782,1,-89.6007,19,20,20,0,-999,-999,0
30.5,70,77,2,-61.14,4,-76.7254,20,20,20,0,-999,-999,0
30.5,70,77,2,-61.14,1,-88.0962,19,20,20,0,-999,-999,0
30.5,70,77,2,-61.14,3,-92.4792,18,18,20,0,-999,-999,0
30.5,71,163,1,-79.1057,4,-55.1203,20,20,20,0,-999,-999,0
30.5,71,163,1,-79.1057,2,-76.0893,13,14,20,0,-999,-999,0
30.5,71,163,1,-79.1057,3,-80.6581,18,18,20,0,-999,-999,0
30.5,72,169,3,-86.977,2,-74.274,13,14,20,0,-999,-999,2
30.5,72,169,3,-86.977,1,-86.9414,19,20,20,0,-999,-999,2
30.5,72,169,3,-86.977,4,-102.01,20,20,20,0,-999,-999,2
30.5,73,165,4,-72.8059,3,-71.8767,18,18,20,0,-999,-999,0
30.5,73,165,4,-72.8059,2,-83.3885,13,15,20,0,-999,-999,0
30.5,73,165,4,-72.8059,1,-89.98,19,20,20,0,-999,-999,0
30.5,74,105,2,-89.7413,4,-68.0754,20,20,20,0,-999,-999,0
30.5,74,105,2,-89.7413,3,-72.8424,18,18,20,0,-999,-999,0
30.5,74,105,2,-89.7413,1,-83.1255,19,20,20,0,-999,-999,0
32.5,5,36,1,-80.3979,2,-46.2507,15,15,20,0,-999,-999,0
32.5,5,36,1,-80.3979,3,-54.7561,16,16,20,0,-999,-999,0
32.5,5,36,1,-80.3979,4,-107.375,19,19,20,0,-999,-999,0
32.5,6,43,4,-37.3231,3,-91.5678,16,16,20,0,-999,-999,0
32.5,6,43,4,-37.3231,2,-94.1707,15,15,20,0,-999,-999,0
32.5,6,43,4,-37.3231,1,-106.963,20,20,20,0,-999,-999,0
32.5,7,93,2,-72.4049,1,-37.4942,20,20,20,0,-999,-999,0
32.5,7,93,2,-72.4049,3,-82.8027,16,16,20,0,-999,-999,0
32.5,7,93,2,-72.4049,4,-87.9774,19,19,20,0,-999,-999,0
32.5,8,15,2,-74.4109,1,-78.6073,20,20,20,0,-999,-999,0
32.5,8,15,2,-74.4109,3,-88.704,16,16,20,0,-999,-999,0
32.5,8,15,2,-74.4109,4,-88.8575,19,19,20,0,-999,-999,0
32.5,9,16,2,-42.6447,1,-57.0083,20,20,20,0,-999,-999,0
32.5,9,16,2,-42.6447,4,-83.7309,19,19,20,0,-999,-999,0
32.5,9,16,2,-42.6447,3,-85.3053,16,16,20,0,-999,-999,0
32.5,10,50,3,-54.1662,1,-49.415,20,20,20,0,-999,-999,0
32.5,10,50,3,-54.1662,4,-80.2101,19,19,20,0,-999,-999,0
32.5,10,50,3,-54.1662,2,-86.614,15,15,20,0,-999,-999,0
32.5,11,164,3,-97.3936,2,-79.9696,15,15,20,0,-999,-999,2
32.5,11,164,3,-97.3936,4,-91.1988,19,19,20,0,-999,-999,2
32.5,11,164,3,-97.3936,1,-92.5327,20,20,20,0,-999,-999,2
32.5,12,160,1,-88.7911,3,-87.2329,16,16,20,0,-999,-999,0
32.5,12,160,1,-88.7911,2,-95.4647,15,16,20,0,-999,-999,0
32.5,12,160,1,-88.7911,4,-106.273,19,19,20,0,-999,-999,0
32.5,13,38,1,-53.1412,2,-73.8908,15,16,20,0,-999,-999,0
32.5,13,38,1,-53.1412,3,-81.1675,16,16,20,0,-999,-999,0
32.5,13,38,1,-53.1412,4,-101.324,19,19,20,0,-999,-999,0
32.5,14,155,1,-88.4361,4,-84.3256,19,19,20,0,-999,-999,0
32.5,14,155,1,-88.4361,3,-84.5388,16,16,20,0,-999,-999,0
32.5,14,155,1,-88.4361,2,-89.1017,15,16,20,0,-999,-999,0
32.5,15,53,3,-28.2445,2,-82.4672,15,16,20,0,-999,-999,0
32.5,15,53,3,-28.2445,1,-87.4041,20,20,20,0,-999,-999,0
32.5,15,53,3,-28.2445,4,-96.0838,19,19,20,0,-999,-999,0
32.5,16,164,1,-89.2765,2,-63.4443,15,16,20,0,-999,-999,0
32.5,16,164,1,-89.2765,4,-71.5105,19,19,20,0,-999,-999,0
32.5,16,164,1,-89.2765,3,-102.443,16,16,20,0,-999,-999,0
32.5,17,46,4,-85.3087,2,-51.2189,15,16,20,0,-999,-999,0
32.5,17,46,4,-85.3087,1,-88.4294,20,20,20,0,-999,-999,0
32.5,17,46,4,-85.3087,3,-93.8506,16,16,20,0,-999,-999,0
32.5,18,54,3,-69.6027,4,-66.5102,19,19,20,0,-999,-999,0
32.5,18,54,3,-69.6027,1,-67.4741,20,20,20,0,-999,-999,0
32.5,18,54,3,-69.6027,2,-81.6209,15,16,20,0,-999,-999,0
32.5,19,55,3,-93.5761,1,-91.7974,20,20,20,0,-999,-999,0
32.5,19,55,3,-93.5761,2,-93.1593,15,16,20,0,-999,-999,0
32.5,19,55,3,-93.5761,4,-115.564,19,19,20,0,-999,-999,0
32.5,20,57,3,-75.9867,1,-48.2709,20,20,20,0,-999,-999,0
32.5,20,57,3,-75.9867,2,-50.427,15,16,20,0,-999,-999,0
32.5,20,57,3,-75.9867,4,-106.855,19,19,20,0,-999,-999,0
32.5,21,47,4,-71.3982,3,-77.2584,16,16,20,0,-999,-999,0
32.5,21,47,4,-71.3982,2,-101.41,15,16,20,0,-999,-999,0
32.5,21,47,4,-71.3982,1,-103.393,20,20,20,0,-999,-999,0
32.5,22,48,4,-75.8229,3,-63.1976,16,16,20,0,-999,-999,0
32.5,22,48,4,-75.8229,1,-86.492,20,20,20,0,-999,-999,0
32.5,22,48,4,-75.8229,2,-95.5704,15,16,20,0,-999,-999,0
32.5,23,39,1,-49.412,2,-55.1186,15,16,20,0,-999,-999,0
32.5,23,39,1,-49.412,3,-90.6076,16,16,20,0,-999,-999,0
32.5,23,39,1,-49.412,4,-95.3793,19,19,20,0,-999,-999,0
32.5,24,174,3,-76.1832,2,-43.9313,15,16,20,0,-999,-999,2
32.5,24,174,3,-76.1832,1,-74.2491,20,20,20,0,-999,-999,2
32.5,24,174,3,-76.1832,4,-102.982,19,19,20,0,-999,-999,2
32.5,25,97,2,-64.3555,1,-73.502,20,20,20,0,-999,-999,0
32.5,25,97,2,-64.3555,4,-85.0506,19,19,20,0,-999,-999,0
32.5,25,97,2,-64.3555,3,-99.8183,16,16,20,0,-999,-999,0
32.5,26,95,2,-49.6431,3,-55.7602,16,16,20,0,-999,-999,0
32.5,26,95,2,-49.6431,1,-79.2127,20,20,20,0,-999,-999,0
32.5,26,95,2,-49.6431,4,-92.5591,19,19,20,0,-999,-999,0
32.5,27,167,4,-78.6389,1,-89.2859,20,20,20,0,-999,-999,0
32.5,27,167,4,-78.6389,2,-92.2242,15,17,20,0,-999,-999,0
32.5,27,167,4,-78.6389,3,-97.4611,16,16,20,0,-999,-999,0
32.5,28,98,2,-50.0636,3,-80.3183,16,16,20,0,-999,-999,0
32.5,28,98,2,-50.0636,1,-90.5097,20,20,20,0,-999,-999,0
32.5,28,98,2,-50.0636,4,-101.745,19,19,20,0,-999,-999,0
32.5,29,126,1,-48.0734,4,-74.8559,19,19,20,0,-999,-999,0
32.5,29,126,1,-48.0734,2,-79.7283,15,17,20,0,-999,-999,0
32.5,29,126,1,-48.0734,3,-80.3355,16,16,20,0,-999,-999,0
32.5,30,127,1,-77.0209,3,-70.7,16,16,20,0,-999,-999,0
32.5,30,127,1,-77.0209,2,-83.8119,15,17,20,0,-999,-999,0
32.5,30,127,1,-77.0209,4,-106.927,19,19,20,0,-999,-999,0
32.5,31,137,3,-93.7983,2,-55.7326,15,17,20,0,-999,-999,0
32.5,31,137,3,-93.7983,1,-62.4987,20,20,20,0,-999,-999,0
32.5,31,137,3,-93.7983,4,-112.779,19,19,20,0,-999,-999,0
32.5,32,136,4,-40.7433,2,-86.3904,15,17,20,0,-999,-999,0
32.5,32,136,4,-40.7433,1,-92.8595,20,20,20,0,-999,-999,0
32.5,32,136,4,-40.7433,3,-100.179,16,16,20,0,-999,-999,0
32.5,33,162,1,-66.4591,3,-56.5504,16,16,20,0,-999,-999,0
32.5,33,162,1,-66.4591,2,-78.8757,15,17,20,0,-999,-999,0
32.5,33,162,1,-66.4591,4,-97.8884,19,19,20,0,-999,-999,0
32.5,34,137,4,-86.2378,2,-95.6127,15,17,20,0,-999,-999,0
32.5,34,137,4,-86.2378,1,-97.9193,20,20,20,0,-999,-999,0
32.5,34,137,4,-86.2378,3,-101.583,16,16,20,0,-999,-999,0
32.5,35,104,2,-47.1446,3,-55.2283,16,16,20,0,-999,-999,0
32.5,35,104,2,-47.1446,1,-76.8133,20,20,20,0,-999,-999,0
32.5,35,104,2,-47.1446,4,-107.153,19,19,20,0,-999,-999,0
32.5,36,138,4,-79.8121,2,-70.2112,15,17,20,0,-999,-999,0
32.5,36,138,4,-79.8121,1,-78.3152,20,20,20,0,-999,-999,0
32.5,36,138,4,-79.8121,3,-92.0752,16,16,20,0,-999,-999,0
32.5,37,139,4,-35.7368,2,-84.8912,15,17,20,0,-999,-999,0
32.5,37,139,4,-35.7368,1,-88.6354,20,20,20,0,-999,-999,0
32.5,37,139,4,-35.7368,3,-99.5608,16,16,20,0,-999,-999,0
32.5,38,173,3,-77.5667,2,-54.9473,15,17,20,0,-999,-999,2
32.5,38,173,3,-77.5667,1,-77.0987,20,20,20,0,-999,-999,2
32.5,38,173,3,-77.5667,4,-108.762,19,19,20,0,-999,-999,2
32.5,39,102,2,-85.6819,3,-56.186,16,16,20,0,-999,-999,0
32.5,39,102,2,-85.6819,1,-83.5361,20,20,20,0,-999,-999,0
32.5,39,102,2,-85.6819,4,-95.204,19,19,20,0,-999,-999,0
32.5,40,140,4,-75.5903,2,-82.9084,15,18,20,0,-999,-999,0
32.5,40,140,4,-75.5903,3,-86.7851,16,16,20,0,-999,-999,0
32.5,40,140,4,-75.5903,1,-92.4768,20,20,20,0,-999,-999,0
32.5,41,72,2,-71.9738,1,-88.2704,20,20,20,0,-999,-999,0
32.5,41,72,2,-71.9738,3,-89.0102,16,16,20,0,-999,-999,0
32.5,41,72,2,-71.9738,4,-90.0639,19,19,20,0,-999,-999,0
32.5,42,141,4,-82.1488,2,-49.9064,15,18,20,0,-999,-999,0
32.5,42,141,4,-82.1488,3,-60.2034,16,16,20,0,-999,-999,0
32.5,42,141,4,-82.1488,1,-82.146,20,20,20,0,-999,-999,0
32.5,43,139,3,-53.0305,1,-63.4213,20,20,20,0,-999,-999,0
32.5,43,139,3,-53.0305,2,-87.392,15,18,20,0,-999,-999,0
32.5,43,139,3,-53.0305,4,-96.6386,19,19,20,0,-999,-999,0
32.5,44,156,1,-91.9307,4,-65.09,19,19,20,0,-999,-999,0
32.5,44,156,1,-91.9307,2,-87.6614,15,18,20,0,-999,-999,0
32.5,44,156,1,-91.9307,3,-87.9316,16,16,20,0,-999,-999,0
32.5,45,130,1,-34.5919,3,-73.6598,16,16,20,0,-999,-999,0
32.5,45,130,1,-34.5919,2,-86.5185,15,18,20,0,-999,-999,0
32.5,45,130,1,-34.5919,4,-100.776,19,19,20,0,-999,-999,0
32.5,46,100,2,-90.6471,3,-68.3962,16,16,20,0,-999,-999,3
32.5,46,100,2,-90.6471,4,-79.039,19,19,20,0,-999,-999,3
32.5,46,100,2,-90.6471,1,-98.2502,20,20,20,0,-999,-999,3
32.5,47,131,1,-43.554,2,-76.2008,15,18,20,0,-999,-999,0
32.5,47,131,1,-43.554,3,-80.4366,16,17,20,0,-999,-999,0
32.5,47,131,1,-43.554,4,-108.2,19,19,20,0,-999,-999,0
32.5,48,143,4,-72.4401,1,-101.491,20,20,20,0,-999,-999,0
32.5,48,143,4,-72.4401,3,-103.388,16,17,20,0,-999,-999,0
32.5,48,143,4,-72.4401,2,-103.429,15,18,20,0,-999,-999,0
32.5,49,144,4,-63.7685,2,-73.3223,15,18,20,0,-999,-999,0
32.5,49,144,4,-63.7685,1,-98.6591,20,20,20,0,-999,-999,0
32.5,49,144,4,-63.7685,3,-106.243,16,17,20,0,-999,-999,0
32.5,50,161,1,-84.6982,3,-83.8654,16,17,20,0,-999,-999,0
32.5,50,161,1,-84.6982,4,-98.5,19,19,20,0,-999,-999,0
32.5,50,161,1,-84.6982,2,-106.575,15,18,20,0,-999,-999,0
32.5,51,106,2,-92.1103,3,-87.4263,16,17,20,0,-999,-999,0
32.5,51,106,2,-92.1103,1,-94.8131,20,20,20,0,-999,-999,0
32.5,51,106,2,-92.1103,4,-100.415,19,19,20,0,-999,-999,0
32.5,52,172,3,-77.0849,2,-81.4148,15,18,20,0,-999,-999,0
32.5,52,172,3,-77.0849,1,-81.7757,20,20,20,0,-999,-999,0
32.5,52,172,3,-77.0849,4,-112.531,19,19,20,0,-999,-999,0
32.5,53,144,3,-85.4955,1,-84.9183,20,20,20,0,-999,-999,0
32.5,53,144,3,-85.4955,2,-93.6261,15,18,20,0,-999,-999,0
32.5,53,144,3,-85.4955,4,-109.673,19,19,20,0,-999,-999,0
32.5,54,73,2,-79.1544,4,-48.5967,19,19,20,0,-999,-999,0
32.5,54,73,2,-79.1544,1,-86.2117,20,20,20,0,-999,-999,0
32.5,54,73,2,-79.1544,3,-86.7554,16,17,20,0,-999,-999,0
32.5,55,161,4,-40.7197,2,-58.7234,15,18,20,0,-999,-999,0
32.5,55,161,4,-40.7197,1,-84.3526,20,20,20,0,-999,-999,0
32.5,55,161,4,-40.7197,3,-103.383,16,17,20,0,-999,-999,0
32.5,56,132,1,-38.3521,3,-48.9966,16,17,20,0,-999,-999,0
32.5,56,132,1,-38.3521,4,-87.8485,19,19,20,0,-999,-999,0
32.5,56,132,1,-38.3521,2,-88.5978,15,18,20,0,-999,-999,0
32.5,57,145,3,-80.8506,1,-79.7616,20,20,20,0,-999,-999,0
32.5,57,145,3,-80.8506,2,-92.7957,15,18,20,0,-999,-999,0
32.5,57,145,3,-80.8506,4,-100.981,19,19,20,0,-999,-999,0
32.5,58,133,1,-61.588,2,-86.1855,15,18,20,0,-999,-999,0
32.5,58,133,1,-61.588,3,-93.8487,16,17,20,0,-999,-999,0
32.5,58,133,1,-61.588,4,-110.098,19,19,20,0,-999,-999,0
32.5,59,146,3,-88.7085,1,-49.9809,20,20,20,0,-999,-999,0
32.5,59,146,3,-88.7085,2,-88.9468,15,18,20,0,-999,-999,0
32.5,59,146,3,-88.7085,4,-109.484,19,19,20,0,-999,-999,0
32.5,60,147,3,-88.2878,1,-86.7487,20,20,20,0,-999,-999,0
32.5,60,147,3,-88.2878,2,-89.8088,15,18,20,0,-999,-999,0
32.5,60,147,3,-88.2878,4,-114.584,19,19,20,0,-999,-999,0
32.5,61,162,4,-73.0833,3,-77.8604,16,17,20,0,-999,-999,0
32.5,61,162,4,-73.0833,2,-90.4852,15,18,20,0,-999,-999,0
32.5,61,162,4,-73.0833,1,-101.107,20,20,20,0,-999,-999,0
32.5,62,134,1,-53.5446,3,-81.0043,16,17,20,0,-999,-999,0
32.5,62,134,1,-53.5446,2,-83.5572,15,18,20,0,-999,-999,0
32.5,62,134,1,-53.5446,4,-90.8127,19,19,20,0,-999,-999,0
32.5,63,159,1,-63.8981,3,-82.7744,16,17,20,0,-999,-999,0
32.5,63,159,1,-63.8981,4,-100.98,19,19,20,0,-999,-999,0
32.5,63,159,1,-63.8981,2,-102.958,15,18,20,0,-999,-999,0
32.5,64,163,4,-81.3154,1,-77.481,20,20,20,0,-999,-999,0
32.5,64,163,4,-81.3154,3,-94.0899,16,17,20,0,-999,-999,0
32.5,64,163,4,-81.3154,2,-95.1422,15,18,20,0,-999,-999,0
32.5,65,166,4,-91.0986,1,-57.9809,20,20,20,0,-999,-999,0
32.5,65,166,4,-91.0986,3,-75.4284,16,17,20,0,-999,-999,0
32.5,65,166,4,-91.0986,2,-81.2333,15,18,20,0,-999,-999,0
32.5,66,135,1,-82.9865,2,-51.8935,15,18,20,0,-999,-999,0
32.5,66,135,1,-82.9865,3,-57.5821,16,17,20,0,-999,-999,0
32.5,66,135,1,-82.9865,4,-106.046,19,19,20,0,-999,-999,0
32.5,67,163,3,-82.2771,4,-64.4486,19,19,20,0,-999,-999,0
32.5,67,163,3,-82.2771,2,-93.7218,15,18,20,0,-999,-999,0
32.5,67,163,3,-82.2771,1,-96.0025,20,20,20,0,-999,-999,0
32.5,68,157,1,-76.3675,3,-85.3671,16,17,20,0,-999,-999,0
32.5,68,157,1,-76.3675,2,-87.7904,15,18,20,0,-999,-999,0
32.5,68,157,1,-76.3675,4,-93.1734,19,19,20,0,-999,-999,0
32.5,69,164,4,-50.254,3,-52.9474,16,17,20,0,-999,-999,0
32.5,69,164,4,-50.254,2,-88.9992,15,18,20,0,-999,-999,0
32.5,69,164,4,-50.254,1,-91.4485,20,20,20,0,-999,-999,0
32.5,70,77,2,-83.6845,4,-77.1306,19,19,20,0,-999,-999,0
32.5,70,77,2,-83.6845,1,-89.9586,20,20,20,0,-999,-999,0
32.5,70,77,2,-83.6845,3,-90.1665,16,17,20,0,-999,-999,0
32.5,71,163,1,-68.5489,4,-50.5274,19,19,20,0,-999,-999,0
32.5,71,163,1,-68.5489,3,-71.6058,16,17,20,0,-999,-999,0
32.5,71,163,1,-68.5489,2,-75.0403,15,18,20,0,-999,-999,0
32.5,72,107,2,-88.8854,1,-59.7914,20,20,20,0,-999,-999,0
32.5,72,107,2,-88.8854,3,-64.0689,16,17,20,0,-999,-999,0
32.5,72,107,2,-88.8854,4,-105.454,19,19,20,0,-999,-999,0
32.5,73,165,4,-73.3674,2,-48.5474,15,18,20,0,-999,-999,0
32.5,73,165,4,-73.3674,1,-76.8243,20,20,20,0,-999,-999,0
32.5,73,165,4,-73.3674,3,-80.5222,16,17,20,0,-999,-999,0
32.5,74,105,2,-84.1587,1,-74.544,20,20,20,0,-999,-999,0
32.5,74,105,2,-84.1587,3,-86.3335,16,17,20,0,-999,-999,0
32.5,74,105,2,-84.1587,4,-100.974,19,19,20,0,-999,-999,0
34.5,5,36,1,-57.3693,3,-82.9689,14,14,20,0,-999,-999,0
34.5,5,36,1,-57.3693,2,-85.1164,17,17,20,0,-999,-999,0
34.5,5,36,1,-57.3693,4,-107.28,19,19,20,0,-999,-999,0
34.5,6,43,4,-36.1331,1,-85.2603,20,20,20,0,-999,-999,0
34.5,6,43,4,-36.1331,2,-92.6555,17,17,20,0,-999,-999,0
34.5,6,43,4,-36.1331,3,-100.881,14,14,20,0,-999,-999,0
34.5,7,93,2,-68.3006,1,-75.3755,20,20,20,0,-999,-999,0
34.5,7,93,2,-68.3006,3,-86.754,14,14,20,0,-999,-999,0
34.5,7,93,2,-68.3006,4,-92.7858,19,19,20,0,-999,-999,0
34.5,8,15,2,-82.4151,3,-50.0962,14,14,20,0,-999,-999,0
34.5,8,15,2,-82.4151,1,-58.1372,20,20,20,0,-999,-999,0
34.5,8,15,2,-82.4151,4,-94.4328,19,19,20,0,-999,-999,0
34.5,9,16,2,-75.787,3,-50.9504,14,14,20,0,-999,-999,0
34.5,9,16,2,-75.787,1,-71.155,20,20,20,0,-999,-999,0
34.5,9,16,2,-75.787,4,-85.2627,19,19,20,0,-999,-999,0
34.5,10,50,3,-60.8727,2,-53.6623,17,17,20,0,-999,-999,0
34.5,10,50,3,-60.8727,1,-78.8137,20,20,20,0,-999,-999,0
34.5,10,50,3,-60.8727,4,-106.206,19,19,20,0,-999,-999,0
34.5,11,108,2,-82.8417,3,-85.3258,14,14,20,0,-999,-999,0
34.5,11,108,2,-82.8417,4,-89.9282,19,19,20,0,-999,-999,0
34.5,11,108,2,-82.8417,1,-91.5972,20,20,20,0,-999,-999,0
34.5,12,160,1,-74.4334,3,-84.7201,14,14,20,0,-999,-999,0
34.5,12,160,1,-74.4334,2,-92.7789,17,17,20,0,-999,-999,0
34.5,12,160,1,-74.4334,4,-105.461,19,19,20,0,-999,-999,0
34.5,13,38,1,-63.156,2,-57.6278,17,17,20,0,-999,-999,0
34.5,13,38,1,-63.156,3,-75.8125,14,14,20,0,-999,-999,0
34.5,13,38,1,-63.156,4,-90.5554,19,19,20,0,-999,-999,0
34.5,14,155,1,-61.5471,2,-88.556,17,17,20,0,-999,-999,0
34.5,14,155,1,-61.5471,3,-89.9477,14,14,20,0,-999,-999,0
34.5,14,155,1,-61.5471,4,-112.393,19,19,20,0,-999,-999,0
34.5,15,53,3,-58.4773,4,-72.9359,19,19,20,0,-999,-999,0
34.5,15,53,3,-58.4773,1,-85.9229,20,20,20,0,-999,-999,0
34.5,15,53,3,-58.4773,2,-92.8327,17,17,20,0,-999,-999,0
34.5,16,164,1,-77.7646,4,-37.1475,19,19,20,0,-999,-999,0
34.5,16,164,1,-77.7646,2,-97.6891,17,17,20,0,-999,-999,0
34.5,16,164,1,-77.7646,3,-101.483,14,14,20,0,-999,-999,0
34.5,17,46,4,-76.9469,1,-68.153,20,20,20,0,-999,-999,0
34.5,17,46,4,-76.9469,2,-85.0396,17,17,20,0,-999,-999,0
34.5,17,46,4,-76.9469,3,-91.7942,14,14,20,0,-999,-999,0
34.5,18,54,3,-70.0103,1,-69.1478,20,20,20,0,-999,-999,0
34.5,18,54,3,-70.0103,2,-79.9664,17,17,20,0,-999,-999,0
34.5,18,54,3,-70.0103,4,-100.521,19,19,20,0,-999,-999,0
34.5,19,55,3,-51.532,1,-74.7111,20,20,20,0,-999,-999,0
34.5,19,55,3,-51.532,2,-96.237,17,17,20,0,-999,-999,0
34.5,19,55,3,-51.532,4,-97.4607,19,19,20,0,-999,-999,0
34.5,20,57,3,-76.2638,1,-58.7001,20,20,20,0,-999,-999,0
34.5,20,57,3,-76.2638,4,-78.2876,19,19,20,0,-999,-999,0
34.5,20,57,3,-76.2638,2,-78.6364,17,17,20,0,-999,-999,0
34.5,21,47,4,-63.9928,1,-102.163,20,20,20,0,-999,-999,0
34.5,21,47,4,-63.9928,2,-104.066,17,17,20,0,-999,-999,0
34.5,21,47,4,-63.9928,3,-105.58,14,14,20,0,-999,-999,0
34.5,22,48,4,-39.5451,1,-69.089,20,20,20,0,-999,-999,0
34.5,22,48,4,-39.5451,2,-95.5831,17,17,20,0,-999,-999,0
34.5,22,48,4,-39.5451,3,-97.4065,14,14,20,0,-999,-999,0
34.5,23,39,1,-57.4293,2,-70.7854,17,17,20,0,-999,-999,0
34.5,23,39,1,-57.4293,4,-87.6352,19,19,20,0,-999,-999,0
34.5,23,39,1,-57.4293,3,-87.7823,14,14,20,0,-999,-999,0
34.5,24,109,2,-73.2831,1,-77.8315,20,20,20,0,-999,-999,0
34.5,24,109,2,-73.2831,3,-79.0692,14,14,20,0,-999,-999,0
34.5,24,109,2,-73.2831,4,-106.252,19,19,20,0,-999,-999,0
34.5,25,97,2,-92.5801,4,-80.9137,19,19,20,0,-999,-999,0
34.5,25,97,2,-92.5801,1,-94.8009,20,20,20,0,-999,-999,0
34.5,25,97,2,-92.5801,3,-96.7502,14,14,20,0,-999,-999,0
34.5,26,95,2,-47.4269,3,-47.4885,14,14,20,0,-999,-999,0
34.5,26,95,2,-47.4269,1,-89.3955,20,20,20,0,-999,-999,0
34.5,26,95,2,-47.4269,4,-95.3843,19,19,20,0,-999,-999,0
34.5,27,167,4,-74.6615,3,-90.881,14,14,20,0,-999,-999,0
34.5,27,167,4,-74.6615,2,-93.9615,17,17,20,0,-999,-999,0
34.5,27,167,4,-74.6615,1,-97.7129,20,20,20,0,-999,-999,0
34.5,28,98,2,-50.0019,1,-78.8616,20,20,20,0,-999,-999,0
34.5,28,98,2,-50.0019,3,-79.6623,14,14,20,0,-999,-999,0
34.5,28,98,2,-50.0019,4,-100.667,19,19,20,0,-999,-999,0
34.5,29,126,1,-73.6056,2,-80.8899,17,17,20,0,-999,-999,0
34.5,29,126,1,-73.6056,3,-81.0259,14,14,20,0,-999,-999,0
34.5,29,126,1,-73.6056,4,-101.674,19,19,20,0,-999,-999,0
34.5,30,127,1,-84.2814,2,-75.9314,17,17,20,0,-999,-999,0
34.5,30,127,1,-84.2814,3,-76.5469,14,14,20,0,-999,-999,0
34.5,30,127,1,-84.2814,4,-107.513,19,19,20,0,-999,-999,0
34.5,31,137,3,-90.2913,2,-84.3318,17,17,20,0,-999,-999,2
34.5,31,137,3,-90.2913,1,-89.5254,20,20,20,0,-999,-999,2
34.5,31,137,3,-90.2913,4,-114.069,19,19,20,0,-999,-999,2
34.5,32,136,4,-61.1276,2,-58.0341,17,18,20,0,-999,-999,0
34.5,32,136,4,-61.1276,1,-91.4495,20,20,20,0,-999,-999,0
34.5,32,136,4,-61.1276,3,-106.331,14,14,20,0,-999,-999,0
34.5,33,162,1,-62.0394,2,-80.2587,17,18,20,0,-999,-999,0
34.5,33,162,1,-62.0394,3,-86.5962,14,14,20,0,-999,-999,0
34.5,33,162,1,-62.0394,4,-101.684,19,19,20,0,-999,-999,0
34.5,34,137,4,-83.6398,2,-63.0753,17,18,20,0,-999,-999,0
34.5,34,137,4,-83.6398,1,-97.0543,20,20,20,0,-999,-999,0
34.5,34,137,4,-83.6398,3,-112.374,14,14,20,0,-999,-999,0
34.5,35,104,2,-80.5992,3,-45.0321,14,14,20,0,-999,-999,0
34.5,35,104,2,-80.5992,1,-85.3247,20,20,20,0,-999,-999,0
34.5,35,104,2,-80.5992,4,-102.403,19,19,20,0,-999,-999,0
34.5,36,138,4,-77.6059,2,-69.6857,17,18,20,0,-999,-999,2
34.5,36,138,4,-77.6059,1,-89.3989,20,20,20,0,-999,-999,2
34.5,36,138,4,-77.6059,3,-105.485,14,14,20,0,-999,-999,2
34.5,37,139,4,-62.7806,1,-73.875,20,20,20,0,-999,-999,0
34.5,37,139,4,-62.7806,2,-87.0676,17,19,20,0,-999,-999,0
34.5,37,139,4,-62.7806,3,-95.0588,14,14,20,0,-999,-999,0
34.5,38,110,2,-57.4661,3,-81.0384,14,14,20,0,-999,-999,0
34.5,38,110,2,-57.4661,1,-87.0304,20,20,20,0,-999,-999,0
34.5,38,110,2,-57.4661,4,-110.984,19,19,20,0,-999,-999,0
34.5,39,102,2,-49.0228,1,-42.9226,20,20,20,0,-999,-999,0
34.5,39,102,2,-49.0228,4,-79.6972,19,19,20,0,-999,-999,0
34.5,39,102,2,-49.0228,3,-86.6768,14,14,20,0,-999,-999,0
34.5,40,140,4,-75.1999,1,-53.8909,20,20,20,0,-999,-999,0
34.5,40,140,4,-75.1999,2,-86.3198,17,19,20,0,-999,-999,0
34.5,40,140,4,-75.1999,3,-88.8396,14,14,20,0,-999,-999,0
34.5,41,72,2,-74.3881,1,-67.8494,20,20,20,0,-999,-999,0
34.5,41,72,2,-74.3881,4,-86.1557,19,19,20,0,-999,-999,0
34.5,41,72,2,-74.3881,3,-95.391,14,14,20,0,-999,-999,0
34.5,42,141,4,-86.3475,3,-50.535,14,14,20,0,-999,-999,0
34.5,42,141,4,-86.3475,2,-50.8527,17,19,20,0,-999,-999,0
34.5,42,141,4,-86.3475,1,-66.293,20,20,20,0,-999,-999,0
34.5,43,139,3,-23.7036,1,-58.8447,20,20,20,0,-999,-999,0
34.5,43,139,3,-23.7036,2,-59.7643,17,19,20,0,-999,-999,0
34.5,43,139,3,-23.7036,4,-98.9652,19,19,20,0,-999,-999,0
34.5,44,156,1,-75.3977,2,-51.4343,17,19,20,0,-999,-999,0
34.5,44,156,1,-75.3977,3,-60.5452,14,14,20,0,-999,-999,0
34.5,44,156,1,-75.3977,4,-92.4818,19,19,20,0,-999,-999,0
34.5,45,130,1,-69.8619,3,-73.2961,14,14,20,0,-999,-999,0
34.5,45,130,1,-69.8619,2,-76.195,17,19,20,0,-999,-999,0
34.5,45,130,1,-69.8619,4,-106.595,19,19,20,0,-999,-999,0
34.5,46,175,3,-95.6256,4,-70.4823,19,19,20,0,-999,-999,0
34.5,46,175,3,-95.6256,1,-91.543,20,20,20,0,-999,-999,0
34.5,46,175,3,-95.6256,2,-95.915,17,19,20,0,-999,-999,0
34.5,47,131,1,-70.9408,2,-38.5958,17,19,20,0,-999,-999,0
34.5,47,131,1,-70.9408,3,-75.5833,14,14,20,0,-999,-999,0
34.5,47,131,1,-70.9408,4,-104.499,19,19,20,0,-999,-999,0
34.5,48,143,4,-72.5702,2,-70.3342,17,19,20,0,-999,-999,0
34.5,48,143,4,-72.5702,3,-76.2567,14,14,20,0,-999,-999,0
34.5,48,143,4,-72.5702,1,-102.955,20,20,20,0,-999,-999,0
34.5,49,144,4,-62.0242,1,-98.1057,20,20,20,0,-999,-999,0
34.5,49,144,4,-62.0242,2,-99.1605,17,19,20,0,-999,-999,0
34.5,49,144,4,-62.0242,3,-105.399,14,14,20,0,-999,-999,0
34.5,50,161,1,-75.4923,3,-57.5133,14,14,20,0,-999,-999,0
34.5,50,161,1,-75.4923,2,-102.874,17,19,20,0,-999,-999,0
34.5,50,161,1,-75.4923,4,-105.365,19,19,20,0,-999,-999,0
34.5,51,106,2,-56.0555,3,-48.2072,14,14,20,0,-999,-999,3
34.5,51,106,2,-56.0555,1,-96.4791,20,20,20,0,-999,-999,3
34.5,51,106,2,-56.0555,4,-99.4674,19,19,20,0,-999,-999,3
34.5,52,172,3,-45.3761,1,-59.6139,20,20,20,0,-999,-999,0
34.5,52,172,3,-45.3761,2,-84.4338,17,19,20,0,-999,-999,0
34.5,52,172,3,-45.3761,4,-92.9736,19,19,20,0,-999,-999,0
34.5,53,144,3,-88.6885,4,-82.1013,19,19,20,0,-999,-999,0
34.5,53,144,3,-88.6885,2,-98.0986,17,19,20,0,-999,-999,0
34.5,53,144,3,-88.6885,1,-104.406,20,20,20,0,-999,-999,0
34.5,54,73,2,-80.1172,1,-62.2427,20,20,20,0,-999,-999,0
34.5,54,73,2,-80.1172,3,-85.4334,14,15,20,0,-999,-999,0
34.5,54,73,2,-80.1172,4,-85.8152,19,19,20,0,-999,-999,0
34.5,55,161,4,-48.5413,3,-71.2512,14,15,20,0,-999,-999,0
34.5,55,161,4,-48.5413,1,-81.0686,20,20,20,0,-999,-999,0
34.5,55,161,4,-48.5413,2,-88.4979,17,19,20,0,-999,-999,0
34.5,56,132,1,-27.9463,4,-54.3054,19,19,20,0,-999,-999,0
34.5,56,132,1,-27.9463,3,-77.2338,14,15,20,0,-999,-999,0
34.5,56,132,1,-27.9463,2,-86.6981,17,19,20,0,-999,-999,0
34.5,57,145,3,-92.1817,1,-69.7187,20,20,20,0,-999,-999,0
34.5,57,145,3,-92.1817,2,-87.1064,17,19,20,0,-999,-999,0
34.5,57,145,3,-92.1817,4,-114.817,19,19,20,0,-999,-999,0
34.5,58,133,1,-69.0402,3,-52.6516,14,15,20,0,-999,-999,0
34.5,58,133,1,-69.0402,2,-89.1673,17,19,20,0,-999,-999,0
34.5,58,133,1,-69.0402,4,-102.583,19,19,20,0,-999,-999,0
34.5,59,146,3,-51.0475,1,-50.1099,20,20,20,0,-999,-999,0
34.5,59,146,3,-51.0475,2,-86.032,17,19,20,0,-999,-999,0
34.5,59,146,3,-51.0475,4,-101.503,19,19,20,0,-999,-999,0
34.5,60,147,3,-88.2794,2,-84.7907,17,19,20,0,-999,-999,0
34.5,60,147,3,-88.2794,1,-86.4018,20,20,20,0,-999,-999,0
34.5,60,147,3,-88.2794,4,-111.284,19,19,20,0,-999,-999,0
34.5,61,162,4,-74.1229,2,-57.567,17,19,20,0,-999,-999,0
34.5,61,162,4,-74.1229,3,-95.3682,14,15,20,0,-999,-999,0
34.5,61,162,4,-74.1229,1,-106.961,20,20,20,0,-999,-999,0
34.5,62,134,1,-44.5174,2,-86.1533,17,19,20,0,-999,-999,0
34.5,62,134,1,-44.5174,3,-89.7784,14,15,20,0,-999,-999,0
34.5,62,134,1,-44.5174,4,-102.201,19,19,20,0,-999,-999,0
34.5,63,159,1,-86.2526,4,-74.8954,19,19,20,0,-999,-999,0
34.5,63,159,1,-86.2526,3,-92.7113,14,15,20,0,-999,-999,0
34.5,63,159,1,-86.2526,2,-102.58,17,19,20,0,-999,-999,0
34.5,64,163,4,-82.4175,1,-78.8704,20,20,20,0,-999,-999,0
34.5,64,163,4,-82.4175,3,-81.4646,14,15,20,0,-999,-999,0
34.5,64,163,4,-82.4175,2,-88.4444,17,19,20,0,-999,-999,0
34.5,65,166,4,-95.5469,1,-62.3211,20,20,20,0,-999,-999,3
34.5,65,166,4,-95.5469,3,-87.1506,14,15,20,0,-999,-999,3
34.5,65,166,4,-95.5469,2,-88.8888,17,19,20,0,-999,-999,3
34.5,66,135,1,-68.9482,2,-87.0488,17,19,20,0,-999,-999,0
34.5,66,135,1,-68.9482,3,-93.5778,14,16,20,0,-999,-999,0
34.5,66,135,1,-68.9482,4,-100.687,19,19,20,0,-999,-999,0
34.5,67,163,3,-85.0645,1,-80.2414,20,20,20,0,-999,-999,0
34.5,67,163,3,-85.0645,2,-93.8595,17,19,20,0,-999,-999,0
34.5,67,163,3,-85.0645,4,-100.13,19,19,20,0,-999,-999,0
34.5,68,157,1,-70.0503,3,-91.5793,14,16,20,0,-999,-999,0
34.5,68,157,1,-70.0503,4,-92.9407,19,19,20,0,-999,-999,0
34.5,68,157,1,-70.0503,2,-95.7801,17,19,20,0,-999,-999,0
34.5,69,164,4,-65.2888,3,-86.5258,14,16,20,0,-999,-999,0
34.5,69,164,4,-65.2888,2,-87.4498,17,19,20,0,-999,-999,0
34.5,69,164,4,-65.2888,1,-90.4722,20,20,20,0,-999,-999,0
34.5,70,77,2,-88.8758,3,-54.8688,14,16,20,0,-999,-999,0
34.5,70,77,2,-88.8758,4,-76.3166,19,19,20,0,-999,-999,0
34.5,70,77,2,-88.8758,1,-87.1704,20,20,20,0,-999,-999,0
34.5,71,163,1,-63.0348,2,-38.6445,17,19,20,0,-999,-999,0
34.5,71,163,1,-63.0348,4,-50.1203,19,19,20,0,-999,-999,0
34.5,71,163,1,-63.0348,3,-63.0547,14,16,20,0,-999,-999,0
34.5,72,107,2,-86.8867,1,-71.0876,20,20,20,0,-999,-999,0
34.5,72,107,2,-86.8867,3,-92.4242,14,16,20,0,-999,-999,0
34.5,72,107,2,-86.8867,4,-96.9224,19,19,20,0,-999,-999,0
34.5,73,165,4,-78.3899,1,-83.4873,20,20,20,0,-999,-999,0
34.5,73,165,4,-78.3899,2,-85.4085,17,19,20,0,-999,-999,0
34.5,73,165,4,-78.3899,3,-88.6034,14,16,20,0,-999,-999,0
34.5,74,105,2,-79.3534,4,-75.4406,19,19,20,0,-999,-999,0
34.5,74,105,2,-79.3534,1,-80.247,20,20,20,0,-999,-999,0
34.5,74,105,2,-79.3534,3,-88.814,14,16,20,0,-999,-999,0
36.5,5,36,1,-79.6765,3,-71.4971,15,15,20,0,-999,-999,0
36.5,5,36,1,-79.6765,2,-86.9916,18,18,20,0,-999,-999,0
36.5,5,36,1,-79.6765,4,-112.278,17,17,20,0,-999,-999,0
36.5,6,43,4,-48.8863,2,-90.5048,18,18,20,0,-999,-999,0
36.5,6,43,4,-48.8863,3,-98.408,15,15,20,0,-999,-999,0
36.5,6,43,4,-48.8863,1,-103.104,20,20,20,0,-999,-999,0
36.5,7,93,2,-70.8094,4,-80.3231,17,17,20,0,-999,-999,0
36.5,7,93,2,-70.8094,1,-82.8219,20,20,20,0,-999,-999,0
36.5,7,93,2,-70.8094,3,-82.8547,15,15,20,0,-999,-999,0
36.5,8,15,2,-68.801,1,-63.2598,20,20,20,0,-999,-999,0
36.5,8,15,2,-68.801,3,-84.4169,15,15,20,0,-999,-999,0
36.5,8,15,2,-68.801,4,-91.2184,17,17,20,0,-999,-999,0
36.5,9,16,2,-85.8297,1,-71.8357,20,20,20,0,-999,-999,3
36.5,9,16,2,-85.8297,3,-83.083,15,15,20,0,-999,-999,3
36.5,9,16,2,-85.8297,4,-85.3648,17,17,20,0,-999,-999,3
36.5,10,50,3,-59.2957,2,-75.4752,18,18,20,0,-999,-999,0
36.5,10,50,3,-59.2957,1,-82.9403,20,20,20,0,-999,-999,0
36.5,10,50,3,-59.2957,4,-93.6743,17,17,20,0,-999,-999,0
36.5,11,108,2,-83.0227,1,-69.0823,20,20,20,0,-999,-999,0
36.5,11,108,2,-83.0227,4,-90.0011,17,17,20,0,-999,-999,0
36.5,11,108,2,-83.0227,3,-90.5805,15,16,20,0,-999,-999,0
36.5,12,160,1,-92.4563,2,-93.1679,18,18,20,0,-999,-999,0
36.5,12,160,1,-92.4563,3,-94.118,15,16,20,0,-999,-999,0
36.5,12,160,1,-92.4563,4,-116.542,17,17,20,0,-999,-999,0
36.5,13,38,1,-63.3606,2,-65.2862,18,18,20,0,-999,-999,0
36.5,13,38,1,-63.3606,4,-76.8989,17,17,20,0,-999,-999,0
36.5,13,38,1,-63.3606,3,-80.7174,15,16,20,0,-999,-999,0
36.5,14,155,1,-66.8084,3,-45.3266,15,16,20,0,-999,-999,0
36.5,14,155,1,-66.8084,2,-50.3925,18,18,20,0,-999,-999,0
36.5,14,155,1,-66.8084,4,-106.37,17,17,20,0,-999,-999,0
36.5,15,53,3,-57.7095,1,-85.8989,20,20,20,0,-999,-999,0
36.5,15,53,3,-57.7095,2,-89.4832,18,18,20,0,-999,-999,0
36.5,15,53,3,-57.7095,4,-101.235,17,17,20,0,-999,-999,0
36.5,16,164,1,-84.2683,4,-71.4713,17,17,20,0,-999,-999,4
36.5,16,164,1,-84.2683,2,-97.5514,18,18,20,0,-999,-999,4
36.5,16,164,1,-84.2683,3,-103.899,15,16,20,0,-999,-999,4
36.5,17,46,4,-79.9204,2,-82.3162,18,18,20,0,-999,-999,0
36.5,17,46,4,-79.9204,1,-89.548,20,20,20,0,-999,-999,0
36.5,17,46,4,-79.9204,3,-93.2561,15,16,20,0,-999,-999,0
36.5,18,54,3,-42.3196,1,-63.9204,20,20,20,0,-999,-999,0
36.5,18,54,3,-42.3196,2,-80.9488,18,18,20,0,-999,-999,0
36.5,18,54,3,-42.3196,4,-108.386,17,18,20,0,-999,-999,0
36.5,19,55,3,-94.4209,1,-79.863,20,20,20,0,-999,-999,0
36.5,19,55,3,-94.4209,2,-88.8484,18,18,20,0,-999,-999,0
36.5,19,55,3,-94.4209,4,-114.683,17,18,20,0,-999,-999,0
36.5,20,57,3,-81.8412,1,-57.0863,20,20,20,0,-999,-999,0
36.5,20,57,3,-81.8412,2,-86.2841,18,18,20,0,-999,-999,0
36.5,20,57,3,-81.8412,4,-105.46,17,18,20,0,-999,-999,0
36.5,21,47,4,-55.7561,2,-99.4528,18,18,20,0,-999,-999,0
36.5,21,47,4,-55.7561,1,-101.47,20,20,20,0,-999,-999,0
36.5,21,47,4,-55.7561,3,-112.084,15,16,20,0,-999,-999,0
36.5,22,48,4,-75.6116,2,-70.3855,18,18,20,0,-999,-999,0
36.5,22,48,4,-75.6116,1,-78.4846,20,20,20,0,-999,-999,0
36.5,22,48,4,-75.6116,3,-101.802,15,16,20,0,-999,-999,0
36.5,23,39,1,-55.1992,2,-53.1882,18,18,20,0,-999,-999,0
36.5,23,39,1,-55.1992,4,-89.1658,17,18,20,0,-999,-999,0
36.5,23,39,1,-55.1992,3,-89.5245,15,16,20,0,-999,-999,0
36.5,24,109,2,-66.115,1,-77.278,20,20,20,0,-999,-999,0
36.5,24,109,2,-66.115,3,-78.7976,15,16,20,0,-999,-999,0
36.5,24,109,2,-66.115,4,-103.169,17,18,20,0,-999,-999,0
36.5,25,97,2,-71.9977,4,-71.4505,17,18,20,0,-999,-999,0
36.5,25,97,2,-71.9977,3,-84.3019,15,16,20,0,-999,-999,0
36.5,25,97,2,-71.9977,1,-84.8857,20,20,20,0,-999,-999,0
36.5,26,95,2,-82.5313,1,-82.761,20,20,20,0,-999,-999,0
36.5,26,95,2,-82.5313,3,-84.0784,15,16,20,0,-999,-999,0
36.5,26,95,2,-82.5313,4,-98.93,17,18,20,0,-999,-999,0
36.5,27,167,4,-78.4743,1,-54.751,20,20,20,0,-999,-999,0
36.5,27,167,4,-78.4743,3,-77.718,15,16,20,0,-999,-999,0
36.5,27,167,4,-78.4743,2,-86.8114,18,18,20,0,-999,-999,0
36.5,28,98,2,-74.4345,1,-79.3513,20,20,20,0,-999,-999,0
36.5,28,98,2,-74.4345,3,-89.7625,15,16,20,0,-999,-999,0
36.5,28,98,2,-74.4345,4,-94.3862,17,18,20,0,-999,-999,0
36.5,29,126,1,-76.7306,2,-56.7737,18,18,20,0,-999,-999,0
36.5,29,126,1,-76.7306,3,-72.3846,15,16,20,0,-999,-999,0
36.5,29,126,1,-76.7306,4,-75.1785,17,18,20,0,-999,-999,0
36.5,30,127,1,-53.8885,2,-53.7959,18,18,20,0,-999,-999,0
36.5,30,127,1,-53.8885,3,-85.3834,15,16,20,0,-999,-999,0
36.5,30,127,1,-53.8885,4,-91.6425,17,18,20,0,-999,-999,0
36.5,31,111,2,-87.1102,1,-85.8281,20,20,20,0,-999,-999,0
36.5,31,111,2,-87.1102,3,-89.9631,15,16,20,0,-999,-999,0
36.5,31,111,2,-87.1102,4,-113.047,17,18,20,0,-999,-999,0
36.5,32,136,4,-28.142,2,-58.0272,18,18,20,0,-999,-999,0
36.5,32,136,4,-28.142,1,-92.0765,20,20,20,0,-999,-999,0
36.5,32,136,4,-28.142,3,-100.048,15,16,20,0,-999,-999,0
36.5,33,162,1,-40.9516,2,-72.4105,18,18,20,0,-999,-999,0
36.5,33,162,1,-40.9516,3,-73.0732,15,16,20,0,-999,-999,0
36.5,33,162,1,-40.9516,4,-99.8013,17,18,20,0,-999,-999,0
36.5,34,137,4,-44.5441,3,-84.8329,15,16,20,0,-999,-999,0
36.5,34,137,4,-44.5441,2,-94.1858,18,18,20,0,-999,-999,0
36.5,34,137,4,-44.5441,1,-97.2819,20,20,20,0,-999,-999,0
36.5,35,104,2,-79.7498,3,-69.7863,15,16,20,0,-999,-999,3
36.5,35,104,2,-79.7498,1,-81.1611,20,20,20,0,-999,-999,3
36.5,35,104,2,-79.7498,4,-101.868,17,18,20,0,-999,-999,3
36.5,36,112,2,-94.4847,4,-65.2199,17,18,20,0,-999,-999,0
36.5,36,112,2,-94.4847,1,-89.6922,20,20,20,0,-999,-999,0
36.5,36,112,2,-94.4847,3,-97.5588,15,17,20,0,-999,-999,0
36.5,37,139,4,-47.1144,1,-80.1302,20,20,20,0,-999,-999,0
36.5,37,139,4,-47.1144,2,-86.5968,18,18,20,0,-999,-999,0
36.5,37,139,4,-47.1144,3,-95.5917,15,17,20,0,-999,-999,0
36.5,38,110,2,-55.2453,1,-75.5102,20,20,20,0,-999,-999,0
36.5,38,110,2,-55.2453,3,-78.2377,15,17,20,0,-999,-999,0
36.5,38,110,2,-55.2453,4,-85.3992,17,18,20,0,-999,-999,0
36.5,39,102,2,-74.9073,1,-55.6413,20,20,20,0,-999,-999,0
36.5,39,102,2,-74.9073,3,-83.4975,15,17,20,0,-999,-999,0
36.5,39,102,2,-74.9073,4,-98.2624,17,18,20,0,-999,-999,0
36.5,40,140,4,-78.7539,1,-66.1445,20,20,20,0,-999,-999,0
36.5,40,140,4,-78.7539,2,-68.2752,18,18,20,0,-999,-999,0
36.5,40,140,4,-78.7539,3,-94.7076,15,17,20,0,-999,-999,0
36.5,41,72,2,-77.3245,3,-78.401,15,17,20,0,-999,-999,0
36.5,41,72,2,-77.3245,4,-87.8718,17,18,20,0,-999,-999,0
36.5,41,72,2,-77.3245,1,-88.1318,20,20,20,0,-999,-999,0
36.5,42,141,4,-82.3477,1,-59.6529,20,20,20,0,-999,-999,0
36.5,42,141,4,-82.3477,3,-86.6102,15,17,20,0,-999,-999,0
36.5,42,141,4,-82.3477,2,-86.8737,18,18,20,0,-999,-999,0
36.5,43,139,3,-18.1426,1,-74.4997,20,20,20,0,-999,-999,0
36.5,43,139,3,-18.1426,2,-77.7839,18,18,20,0,-999,-999,0
36.5,43,139,3,-18.1426,4,-102.067,17,18,20,0,-999,-999,0
36.5,44,156,1,-66.1659,2,-75.1001,18,18,20,0,-999,-999,0
36.5,44,156,1,-66.1659,4,-75.5782,17,18,20,0,-999,-999,0
36.5,44,156,1,-66.1659,3,-85.5507,15,17,20,0,-999,-999,0
36.5,45,130,1,-34.3386,3,-69.0732,15,17,20,0,-999,-999,0
36.5,45,130,1,-34.3386,2,-74.7303,18,18,20,0,-999,-999,0
36.5,45,130,1,-34.3386,4,-97.9416,17,18,20,0,-999,-999,0
36.5,46,175,3,-76.1659,4,-80.735,17,18,20,0,-999,-999,0
36.5,46,175,3,-76.1659,2,-92.7408,18,18,20,0,-999,-999,0
36.5,46,175,3,-76.1659,1,-93.9869,20,20,20,0,-999,-999,0
36.5,47,131,1,-62.6182,2,-69.1309,18,18,20,0,-999,-999,0
36.5,47,131,1,-62.6182,3,-79.74,15,17,20,0,-999,-999,0
36.5,47,131,1,-62.6182,4,-92.1768,17,18,20,0,-999,-999,0
36.5,48,143,4,-33.7145,2,-93.205,18,18,20,0,-999,-999,0
36.5,48,143,4,-33.7145,3,-105.852,15,17,20,0,-999,-999,0
36.5,48,143,4,-33.7145,1,-109.078,20,20,20,0,-999,-999,0
36.5,49,144,4,-59.1094,1,-94.7378,20,20,20,0,-999,-999,0
36.5,49,144,4,-59.1094,2,-100.419,18,18,20,0,-999,-999,0
36.5,49,144,4,-59.1094,3,-105.961,15,17,20,0,-999,-999,0
36.5,50,161,1,-72.3631,2,-64.8617,18,18,20,0,-999,-999,0
36.5,50,161,1,-72.3631,3,-67.8669,15,17,20,0,-999,-999,0
36.5,50,161,1,-72.3631,4,-101.511,17,18,20,0,-999,-999,0
36.5,51,176,3,-83.7943,1,-68.5866,20,20,20,0,-999,-999,0
36.5,51,176,3,-83.7943,2,-94.0336,18,18,20,0,-999,-999,0
36.5,51,176,3,-83.7943,4,-98.1735,17,18,20,0,-999,-999,0
36.5,52,172,3,-80.232,1,-46.2149,20,20,20,0,-999,-999,0
36.5,52,172,3,-80.232,2,-88.87,18,18,20,0,-999,-999,0
36.5,52,172,3,-80.232,4,-107.302,17,18,20,0,-999,-999,0
36.5,53,144,3,-57.8525,2,-101.763,18,18,20,0,-999,-999,0
36.5,53,144,3,-57.8525,4,-102.393,17,18,20,0,-999,-999,0
36.5,53,144,3,-57.8525,1,-106.42,20,20,20,0,-999,-999,0
36.5,54,73,2,-76.2649,1,-46.556,20,20,20,0,-999,-999,0
36.5,54,73,2,-76.2649,4,-60.2146,17,18,20,0,-999,-999,0
36.5,54,73,2,-76.2649,3,-83.8906,15,17,20,0,-999,-999,0
36.5,55,161,4,-80.535,2,-56.0923,18,18,20,0,-999,-999,0
36.5,55,161,4,-80.535,1,-89.9582,20,20,20,0,-999,-999,0
36.5,55,161,4,-80.535,3,-105.584,15,17,20,0,-999,-999,0
36.5,56,132,1,-65.8563,3,-58.412,15,17,20,0,-999,-999,0
36.5,56,132,1,-65.8563,2,-76.3508,18,18,20,0,-999,-999,0
36.5,56,132,1,-65.8563,4,-90.3757,17,18,20,0,-999,-999,0
36.5,57,145,3,-64.7271,1,-86.5457,20,20,20,0,-999,-999,0
36.5,57,145,3,-64.7271,2,-98.4047,18,18,20,0,-999,-999,0
36.5,57,145,3,-64.7271,4,-112.13,17,18,20,0,-999,-999,0
36.5,58,133,1,-60.6791,4,-86.6925,17,18,20,0,-999,-999,0
36.5,58,133,1,-60.6791,2,-88.9009,18,18,20,0,-999,-999,0
36.5,58,133,1,-60.6791,3,-89.7442,15,17,20,0,-999,-999,0
36.5,59,146,3,-86.0161,1,-63.0961,20,20,20,0,-999,-999,0
36.5,59,146,3,-86.0161,2,-92.2105,18,18,20,0,-999,-999,0
36.5,59,146,3,-86.0161,4,-92.6174,17,18,20,0,-999,-999,0
36.5,60,147,3,-81.9828,2,-52.1691,18,18,20,0,-999,-999,2
36.5,60,147,3,-81.9828,1,-71.8266,20,20,20,0,-999,-999,2
36.5,60,147,3,-81.9828,4,-111.311,17,18,20,0,-999,-999,2
36.5,61,162,4,-80.4624,2,-84.2445,18,19,20,0,-999,-999,0
36.5,61,162,4,-80.4624,3,-96.1582,15,17,20,0,-999,-999,0
36.5,61,162,4,-80.4624,1,-100.879,20,20,20,0,-999,-999,0
36.5,62,134,1,-63.1888,2,-57.6023,18,19,20,0,-999,-999,0
36.5,62,134,1,-63.1888,3,-79.88,15,17,20,0,-999,-999,0
36.5,62,134,1,-63.1888,4,-101.072,17,18,20,0,-999,-999,0
36.5,63,159,1,-76.8368,3,-66.9958,15,17,20,0,-999,-999,0
36.5,63,159,1,-76.8368,2,-95.5197,18,19,20,0,-999,-999,0
36.5,63,159,1,-76.8368,4,-96.5259,17,18,20,0,-999,-999,0
36.5,64,163,4,-75.3931,2,-77.4872,18,19,20,0,-999,-999,0
36.5,64,163,4,-75.3931,3,-89.2256,15,17,20,0,-999,-999,0
36.5,64,163,4,-75.3931,1,-101.137,20,20,20,0,-999,-999,0
36.5,65,177,3,-85.7753,2,-80.6142,18,19,20,0,-999,-999,0
36.5,65,177,3,-85.7753,1,-84.0456,20,20,20,0,-999,-999,0
36.5,65,177,3,-85.7753,4,-94.8031,17,18,20,0,-999,-999,0
36.5,66,135,1,-85.9803,3,-82.6705,15,17,20,0,-999,-999,0
36.5,66,135,1,-85.9803,2,-84.9902,18,19,20,0,-999,-999,0
36.5,66,135,1,-85.9803,4,-103.45,17,18,20,0,-999,-999,0
36.5,67,163,3,-62.148,1,-63.7138,20,20,20,0,-999,-999,0
36.5,67,163,3,-62.148,4,-63.9554,17,18,20,0,-999,-999,0
36.5,67,163,3,-62.148,2,-70.7268,18,19,20,0,-999,-999,0
36.5,68,157,1,-90.5756,4,-83.9744,17,18,20,0,-999,-999,0
36.5,68,157,1,-90.5756,2,-91.7323,18,19,20,0,-999,-999,0
36.5,68,157,1,-90.5756,3,-92.0567,15,17,20,0,-999,-999,0
36.5,69,164,4,-80.4615,1,-50.5246,20,20,20,0,-999,-999,0
36.5,69,164,4,-80.4615,3,-78.494,15,17,20,0,-999,-999,0
36.5,69,164,4,-80.4615,2,-80.3197,18,19,20,0,-999,-999,0
36.5,70,77,2,-88.024,1,-66.7936,20,20,20,0,-999,-999,0
36.5,70,77,2,-88.024,4,-79.0261,17,18,20,0,-999,-999,0
36.5,70,77,2,-88.024,3,-98.7243,15,17,20,0,-999,-999,0
36.5,71,163,1,-58.3035,3,-60.9353,15,17,20,0,-999,-999,0
36.5,71,163,1,-58.3035,4,-64.6319,17,18,20,0,-999,-999,0
36.5,71,163,1,-58.3035,2,-74.4498,18,19,20,0,-999,-999,0
36.5,72,107,2,-89.83,1,-63.3788,20,20,20,0,-999,-999,0
36.5,72,107,2,-89.83,3,-89.06,15,17,20,0,-999,-999,0
36.5,72,107,2,-89.83,4,-94.5515,17,18,20,0,-999,-999,0
36.5,73,165,4,-76.7883,3,-64.9807,15,17,20,0,-999,-999,0
36.5,73,165,4,-76.7883,2,-81.285,18,19,20,0,-999,-999,0
36.5,73,165,4,-76.7883,1,-81.6182,20,20,20,0,-999,-999,0
36.5,74,105,2,-82.4956,3,-78.4339,15,17,20,0,-999,-999,0
36.5,74,105,2,-82.4956,1,-83.0661,20,20,20,0,-999,-999,0
36.5,74,105,2,-82.4956,4,-111.338,17,18,20,0,-999,-999,0
38.5,5,36,1,-66.9927,3,-86.1805,16,16,20,0,-999,-999,0
38.5,5,36,1,-66.9927,2,-87.3239,17,17,20,0,-999,-999,0
38.5,5,36,1,-66.9927,4,-104.414,18,18,20,0,-999,-999,0
38.5,6,43,4,-69.8551,2,-101.115,17,17,20,0,-999,-999,0
38.5,6,43,4,-69.8551,1,-102.062,19,19,20,0,-999,-999,0
38.5,6,43,4,-69.8551,3,-104.637,16,16,20,0,-999,-999,0
38.5,7,93,2,-65.684,1,-62.5787,19,19,20,0,-999,-999,0
38.5,7,93,2,-65.684,4,-72.2154,18,18,20,0,-999,-999,0
38.5,7,93,2,-65.684,3,-84.3672,16,16,20,0,-999,-999,0
38.5,8,15,2,-80.6578,1,-85.5691,19,19,20,0,-999,-999,0
38.5,8,15,2,-80.6578,3,-86.3868,16,16,20,0,-999,-999,0
38.5,8,15,2,-80.6578,4,-92.1454,18,18,20,0,-999,-999,0
38.5,9,178,3,-87.9345,2,-57.981,17,17,20,0,-999,-999,0
38.5,9,178,3,-87.9345,1,-85.1717,19,19,20,0,-999,-999,0
38.5,9,178,3,-87.9345,4,-88.2875,18,18,20,0,-999,-999,0
38.5,10,50,3,-35.8011,1,-78.2303,19,19,20,0,-999,-999,0
38.5,10,50,3,-35.8011,2,-86.0506,17,17,20,0,-999,-999,0
38.5,10,50,3,-35.8011,4,-102.837,18,18,20,0,-999,-999,0
38.5,11,108,2,-78.9984,4,-74.0839,18,18,20,0,-999,-999,0
38.5,11,108,2,-78.9984,3,-92.2847,16,16,20,0,-999,-999,0
38.5,11,108,2,-78.9984,1,-94.837,19,19,20,0,-999,-999,0
38.5,12,160,1,-83.2428,3,-85.4646,16,16,20,0,-999,-999,0
38.5,12,160,1,-83.2428,2,-86.9628,17,17,20,0,-999,-999,0
38.5,12,160,1,-83.2428,4,-113.061,18,18,20,0,-999,-999,0
38.5,13,38,1,-53.4854,2,-68.081,17,17,20,0,-999,-999,0
38.5,13,38,1,-53.4854,4,-76.5769,18,18,20,0,-999,-999,0
38.5,13,38,1,-53.4854,3,-82.847,16,16,20,0,-999,-999,0
38.5,14,155,1,-88.0959,2,-65.5705,17,17,20,0,-999,-999,0
38.5,14,155,1,-88.0959,3,-79.0239,16,16,20,0,-999,-999,0
38.5,14,155,1,-88.0959,4,-110.909,18,18,20,0,-999,-999,0
38.5,15,53,3,-61.5906,1,-65.6292,19,19,20,0,-999,-999,0
38.5,15,53,3,-61.5906,2,-80.2576,17,17,20,0,-999,-999,0
38.5,15,53,3,-61.5906,4,-100.259,18,18,20,0,-999,-999,0
38.5,16,168,4,-75.9087,2,-73.8364,17,17,20,0,-999,-999,0
38.5,16,168,4,-75.9087,1,-97.9948,19,19,20,0,-999,-999,0
38.5,16,168,4,-75.9087,3,-104.243,16,16,20,0,-999,-999,0
38.5,17,46,4,-66.3036,2,-69.562,17,17,20,0,-999,-999,0
38.5,17,46,4,-66.3036,3,-72.2987,16,16,20,0,-999,-999,0
38.5,17,46,4,-66.3036,1,-88.9346,19,19,20,0,-999,-999,0
38.5,18,54,3,-70.9754,1,-64.2502,19,19,20,0,-999,-999,0
38.5,18,54,3,-70.9754,2,-81.4678,17,17,20,0,-999,-999,0
38.5,18,54,3,-70.9754,4,-98.7262,18,18,20,0,-999,-999,0
38.5,19,55,3,-95.205,2,-70.9263,17,17,20,0,-999,-999,2
38.5,19,55,3,-95.205,1,-87.0966,19,19,20,0,-999,-999,2
38.5,19,55,3,-95.205,4,-106.593,18,18,20,0,-999,-999,2
38.5,20,57,3,-80.2294,1,-77.7854,19,19,20,0,-999,-999,0
38.5,20,57,3,-80.2294,2,-84.3856,17,18,20,0,-999,-999,0
38.5,20,57,3,-80.2294,4,-104.66,18,18,20,0,-999,-999,0
38.5,21,47,4,-68.2249,3,-94.7744,16,16,20,0,-999,-999,0
38.5,21,47,4,-68.2249,1,-104.867,19,19,20,0,-999,-999,0
38.5,21,47,4,-68.2249,2,-107.441,17,18,20,0,-999,-999,0
38.5,22,48,4,-60.331,2,-93.082,17,18,20,0,-999,-999,0
38.5,22,48,4,-60.331,1,-104.101,19,19,20,0,-999,-999,0
38.5,22,48,4,-60.331,3,-104.898,16,16,20,0,-999,-999,0
38.5,23,39,1,-50.1709,2,-70.5553,17,18,20,0,-999,-999,0
38.5,23,39,1,-50.1709,3,-81.4834,16,16,20,0,-999,-999,0
38.5,23,39,1,-50.1709,4,-86.8156,18,18,20,0,-999,-999,0
38.5,24,109,2,-57.6233,3,-53.0097,16,16,20,0,-999,-999,0
38.5,24,109,2,-57.6233,1,-78.659,19,19,20,0,-999,-999,0
38.5,24,109,2,-57.6233,4,-86.7969,18,18,20,0,-999,-999,0
38.5,25,97,2,-78.4507,1,-79.4866,19,19,20,0,-999,-999,0
38.5,25,97,2,-78.4507,3,-82.4192,16,16,20,0,-999,-999,0
38.5,25,97,2,-78.4507,4,-89.2479,18,18,20,0,-999,-999,0
38.5,26,95,2,-85.6465,3,-75.3332,16,16,20,0,-999,-999,0
38.5,26,95,2,-85.6465,4,-81.1283,18,18,20,0,-999,-999,0
38.5,26,95,2,-85.6465,1,-84.8905,19,19,20,0,-999,-999,0
38.5,27,167,4,-53.5593,2,-67.2059,17,18,20,0,-999,-999,0
38.5,27,167,4,-53.5593,1,-79.6493,19,19,20,0,-999,-999,0
38.5,27,167,4,-53.5593,3,-86.5021,16,16,20,0,-999,-999,0
38.5,28,98,2,-71.4937,3,-70.1286,16,16,20,0,-999,-999,0
38.5,28,98,2,-71.4937,1,-70.4248,19,19,20,0,-999,-999,0
38.5,28,98,2,-71.4937,4,-95.8923,18,18,20,0,-999,-999,0
38.5,29,126,1,-73.7036,2,-75.9123,17,18,20,0,-999,-999,0
38.5,29,126,1,-73.7036,3,-84.0576,16,16,20,0,-999,-999,0
38.5,29,126,1,-73.7036,4,-104.128,18,18,20,0,-999,-999,0
38.5,30,127,1,-74.4934,2,-65.2985,17,18,20,0,-999,-999,0
38.5,30,127,1,-74.4934,3,-84.3948,16,16,20,0,-999,-999,0
38.5,30,127,1,-74.4934,4,-106.549,18,18,20,0,-999,-999,0
38.5,31,111,2,-91.6288,3,-88.8193,16,16,20,0,-999,-999,0
38.5,31,111,2,-91.6288,1,-91.0868,19,19,20,0,-999,-999,0
38.5,31,111,2,-91.6288,4,-112.557,18,18,20,0,-999,-999,0
38.5,32,136,4,-63.9815,3,-82.9806,16,16,20,0,-999,-999,0
38.5,32,136,4,-63.9815,1,-92.0926,19,19,20,0,-999,-999,0
38.5,32,136,4,-63.9815,2,-94.4015,17,18,20,0,-999,-999,0
38.5,33,162,1,-64.3706,2,-75.4285,17,18,20,0,-999,-999,0
38.5,33,162,1,-64.3706,3,-81.7154,16,16,20,0,-999,-999,0
38.5,33,162,1,-64.3706,4,-98.2371,18,18,20,0,-999,-999,0
38.5,34,137,4,-85.0318,2,-90.5411,17,18,20,0,-999,-999,0
38.5,34,137,4,-85.0318,3,-101.899,16,16,20,0,-999,-999,0
38.5,34,137,4,-85.0318,1,-103.222,19,19,20,0,-999,-999,0
38.5,35,179,3,-58.3721,1,-50.8658,19,19,20,0,-999,-999,0
38.5,35,179,3,-58.3721,2,-83.5525,17,18,20,0,-999,-999,0
38.5,35,179,3,-58.3721,4,-93.5503,18,18,20,0,-999,-999,0
38.5,36,112,2,-83.4579,4,-75.8618,18,18,20,0,-999,-999,4
38.5,36,112,2,-83.4579,1,-85.1483,19,19,20,0,-999,-999,4
38.5,36,112,2,-83.4579,3,-101.486,16,16,20,0,-999,-999,4
38.5,37,139,4,-72.5745,2,-90.3346,17,18,20,0,-999,-999,0
38.5,37,139,4,-72.5745,1,-90.6648,19,19,20,0,-999,-999,0
38.5,37,139,4,-72.5745,3,-95.0428,16,16,20,0,-999,-999,0
38.5,38,110,2,-70.9039,3,-59.6379,16,16,20,0,-999,-999,0
38.5,38,110,2,-70.9039,1,-68.8073,19,19,20,0,-999,-999,0
38.5,38,110,2,-70.9039,4,-97.6328,18,19,20,0,-999,-999,0
38.5,39,102,2,-69.7763,1,-42.9248,19,19,20,0,-999,-999,0
38.5,39,102,2,-69.7763,3,-80.1826,16,16,20,0,-999,-999,0
38.5,39,102,2,-69.7763,4,-91.4865,18,19,20,0,-999,-999,0
38.5,40,140,4,-76.7041,1,-81.9999,19,19,20,0,-999,-999,0
38.5,40,140,4,-76.7041,2,-89.2719,17,18,20,0,-999,-999,0
38.5,40,140,4,-76.7041,3,-95.0956,16,16,20,0,-999,-999,0
38.5,41,72,2,-61.286,1,-77.0015,19,19,20,0,-999,-999,0
38.5,41,72,2,-61.286,4,-77.219,18,19,20,0,-999,-999,0
38.5,41,72,2,-61.286,3,-86.7212,16,16,20,0,-999,-999,0
38.5,42,141,4,-58.1721,2,-60.9208,17,18,20,0,-999,-999,0
38.5,42,141,4,-58.1721,1,-86.3254,19,19,20,0,-999,-999,0
38.5,42,141,4,-58.1721,3,-89.0787,16,16,20,0,-999,-999,0
38.5,43,139,3,-22.4247,1,-46.3662,19,19,20,0,-999,-999,0
38.5,43,139,3,-22.4247,4,-83.3862,18,19,20,0,-999,-999,0
38.5,43,139,3,-22.4247,2,-84.73,17,18,20,0,-999,-999,0
38.5,44,156,1,-54.7208,3,-58.8617,16,16,20,0,-999,-999,0
38.5,44,156,1,-54.7208,4,-64.2363,18,19,20,0,-999,-999,0
38.5,44,156,1,-54.7208,2,-75.6849,17,18,20,0,-999,-999,0
38.5,45,130,1,-63.7141,2,-55.0722,17,18,20,0,-999,-999,0
38.5,45,130,1,-63.7141,3,-58.8725,16,16,20,0,-999,-999,0
38.5,45,130,1,-63.7141,4,-107.382,18,19,20,0,-999,-999,0
38.5,46,175,3,-97.8032,4,-64.6314,18,19,20,0,-999,-999,0
38.5,46,175,3,-97.8032,2,-87.9682,17,18,20,0,-999,-999,0
38.5,46,175,3,-97.8032,1,-92.6291,19,19,20,0,-999,-999,0
38.5,47,131,1,-44.8456,3,-64.6337,16,16,20,0,-999,-999,0
38.5,47,131,1,-44.8456,2,-74.9512,17,18,20,0,-999,-999,0
38.5,47,131,1,-44.8456,4,-86.0116,18,19,20,0,-999,-999,0
38.5,48,143,4,-73.14,1,-84.3342,19,19,20,0,-999,-999,0
38.5,48,143,4,-73.14,3,-94.6268,16,16,20,0,-999,-999,0
38.5,48,143,4,-73.14,2,-98.5991,17,18,20,0,-999,-999,0
38.5,49,144,4,-39.8282,2,-81.6942,17,18,20,0,-999,-999,0
38.5,49,144,4,-39.8282,1,-83.0443,19,19,20,0,-999,-999,0
38.5,49,144,4,-39.8282,3,-102.074,16,16,20,0,-999,-999,0
38.5,50,161,1,-68.4286,4,-80.388,18,19,20,0,-999,-999,0
38.5,50,161,1,-68.4286,3,-91.0741,16,16,20,0,-999,-999,0
38.5,50,161,1,-68.4286,2,-92.0636,17,18,20,0,-999,-999,0
38.5,51,176,3,-88.0674,1,-84.1645,19,19,20,0,-999,-999,0
38.5,51,176,3,-88.0674,2,-96.0227,17,18,20,0,-999,-999,0
38.5,