Time,DeploymentMode,UavIndex,UavCellId,BestDonorCellId,BestDonorDistanceM,XhaulConnected,XhaulChannelVariationDb,XhaulRsrpDbm,XhaulState,XhaulDegradationActive,DonorUnavailableActive,SatBackhaulDlSnrDb,SatBackhaulUlSnrDb,SatBackhaulHealthy,UavSwitchingXappAvailable,UavSwitchingXappState,BackhaulMode,RicControlState,ActiveUavRic,NormalUeHandoverAllowed,E2TxDelaySec,E2SendIntervalSec,LmQueryIntervalSec,UavMode,recent_dl_pdr,recent_dl_delay_ms,recent_dl_throughput_mbps,recent_ul_pdr,recent_ul_delay_ms,recent_ul_throughput_mbps,ResultDir,SeedGroup,ScenarioKind
4.5,tn-uav,0,5,1,1451.84,1,0.434841,-64.2447,HEALTHY,0,0,-999.0,-999.0,0,1,STANDBY,TN_DIRECT,TN_E2,TN_NEAR_RT_RIC,1,0.1,2,2,TN_CONTROLLED_COVERAGE_EXTENSION,0.0,0.0,0.0,0.0,0.0,0.0,tn-uav_ueS1_50_ueS2_50_tnGnb_4_ntnGnb_3_tnCap_20_ntnCap_10_hyst_2_donor-unavailable-no-sat-seed1,seed1,no_satellite
4.5,tn-uav,1,6,4,629.258,1,-2.28216,-59.6999,HEALTHY,0,0,-999.0,-999.0,0,1,STANDBY,TN_DIRECT,TN_E2,TN_NEAR_RT_RIC,1,0.1,2,2,TN_CONTROLLED_COVERAGE_EXTENSION,0.0,0.0,0.0,0.0,0.0,0.0,tn-uav_ueS1_50_ueS2_50_tnGnb_4_ntnGnb_3_tnCap_20_ntnCap_10_hyst_2_donor-unavailable-no-sat-seed1,seed1,no_satellite
4.5,tn-uav,2,7,2,765.017,1,-0.793916,-59.9085,HEALTHY,0,0,-999.0,-999.0,0,1,STANDBY,TN_DIRECT,TN_E2,TN_NEAR_RT_RIC,1,0.1,2,2,TN_CONTROLLED_COVERAGE_EXTENSION,0.0,0.0,0.0,0.0,0.0,0.0,tn-uav_ueS1_50_ueS2_50_tnGnb_4_ntnGnb_3_tnCap_20_ntnCap_10_hyst_2_donor-unavailable-no-sat-seed1,seed1,no_satellite
6.5,tn-uav,0,5,2,1906.06,1,1.30698,-65.7369,HEALTHY,0,0,-999.0,-999.0,0,1,STANDBY,TN_DIRECT,TN_E2,TN_NEAR_RT_RIC,1,0.1,2,2,TN_CONTROLLED_COVERAGE_EXTENSION,4.44,191.5696727272727,0.008705743,0.2,28.0304,7.843019999999999e-05,tn-uav_ueS1_50_ueS2_50_tnGnb_4_ntnGnb_3_tnCap_20_ntnCap_10_hyst_2_donor-unavailable-no-sat-seed1,seed1,no_satellite
6.5,tn-uav,1,6,4,629.258,1,-3.9027,-61.3205,HEALTHY,0,0,-999.0,-999.0,0,1,STANDBY,TN_DIRECT,TN_E2,TN_NEAR_RT_RIC,1,0.1,2,2,TN_CONTROLLED_COVERAGE_EXTENSION,4.44,191.5696727272727,0.008705743,0.2,28.0304,7.843019999999999e-05,tn-uav_ueS1_50_ueS2_50_tnGnb_4_ntnGnb_3_tnCap_20_ntnCap_10_hyst_2_donor-unavailable-no-sat-seed1,seed1,no_satellite
6.5,tn-uav,2,7,2,765.017,1,-0.170944,-59.2856,HEALTHY,0,0,-999.0,-999.0,0,1,STANDBY,TN_DIRECT,TN_E2,TN_NEAR_RT_RIC,1,0.1,2,2,TN_CONTROLLED_COVERAGE_EXTENSION,4.44,191.5696727272727,0.008705743,0.2,28.0304,7.843019999999999e-05,tn-uav_ueS1_50_ueS2_50_tnGnb_4_ntnGnb_3_tnCap_20_ntnCap_10_hyst_2_donor-unavailable-no-sat-seed1,seed1,no_satellite
8.5,tn-uav,0,5,1,1451.84,1,0.172433,-64.5071,HEALTHY,0,0,-999.0,-999.0,0,1,STANDBY,TN_DIRECT,TN_E2,TN_NEAR_RT_RIC,1,0.1,2,2,TN_CONTROLLED_COVERAGE_EXTENSION,0.32,3585.8500000000004,0.000627442,0.0,0.0,0.0,tn-uav_ueS1_50_ueS2_50_tnGnb_4_ntnGnb_3_tnCap_20_ntnCap_10_hyst_2_donor-unavailable-no-sat-seed1,seed1,no_satellite
8.5,tn-uav,1,6,4,629.258,1,2.22826,-55.1895,HEALTHY,0,0,-999.0,-999.0,0,1,STANDBY,TN_DIRECT,TN_E2,TN_NEAR_RT_RIC,1,0.1,2,2,TN_CONTROLLED_COVERAGE_EXTENSION,0.32,3585.8500000000004,0.000627442,0.0,0.0,0.0,tn-uav_ueS1_50_ueS2_50_tnGnb_4_ntnGnb_3_tnCap_20_ntnCap_10_hyst_2_donor-unavailable-no-sat-seed1,seed1,no_satellite
8.5,tn-uav,2,7,1,1205.83,1,5.7703,-57.2966,HEALTHY,0,0,-999.0,-999.0,0,1,STANDBY,TN_DIRECT,TN_E2,TN_NEAR_RT_RIC,1,0.1,2,2,TN_CONTROLLED_COVERAGE_EXTENSION,0.32,3585.8500000000004,0.000627442,0.0,0.0,0.0,tn-uav_ueS1_50_ueS2_50_tnGnb_4_ntnGnb_3_tnCap_20_ntnCap_10_hyst_2_donor-unavailable-no-sat-seed1,seed1,no_satellite
10.5,tn-uav,0,5,3,1623.51,1,1.3721,-64.2782,HEALTHY,0,0,-999.0,-999.0,0,1,STANDBY,TN_DIRECT,TN_E2,TN_NEAR_RT_RIC,1,0.1,2,2,TN_CONTROLLED_COVERAGE_EXTENSION,0.08,38.1,0.00015686039999999999,0.0,0.0,0.0,tn-uav_ueS1_50_ueS2_50_tnGnb_4_ntnGnb_3_tnCap_20_ntnCap_10_hyst_2_donor-unavailable-no-sat-seed1,seed1,no_satellite
10.5,tn-uav,1,6,4,629.258,1,-7.24567,-64.6635,HEALTHY,0,0,-999.0,-999.0,0,1,STANDBY,TN_DIRECT,TN_E2,TN_NEAR_RT_RIC,1,0.1,2,2,TN_CONTROLLED_COVERAGE_EXTENSION,0.08,38.1,0.00015686039999999999,0.0,0.0,0.0,tn-uav_ueS1_50_ueS2_50_tnGnb_4_ntnGnb_3_tnCap_20_ntnCap_10_hyst_2_donor-unavailable-no-sat-seed1,seed1,no_satellite
10.5,tn-uav,2,7,1,1205.83,1,5.16465,-57.9022,HEALTHY,0,0,-999.0,-999.0,0,1,STANDBY,TN_DIRECT,TN_E2,TN_NEAR_RT_RIC,1,0.1,2,2,TN_CONTROLLED_COVERAGE_EXTENSION,0.08,38.1,0.00015686039999999999,0.0,0.0,0.0,tn-uav_ueS1_50_ueS2_50_tnGnb_4_ntnGnb_3_tnCap_20_ntnCap_10_hyst_2_donor-unavailable-no-sat-seed1,seed1,no_satellite
12.5,tn-uav,0,5,2,1906.06,1,2.9061,-64.1378,HEALTHY,0,0,-999.0,-999.0,0,1,STANDBY,TN_DIRECT,TN_E2,TN_NEAR_RT_RIC,1,0.1,2,2,TN_CONTROLLED_COVERAGE_EXTENSION,0.0,0.0,0.0,0.0,0.0,0.0,tn-uav_ueS1_50_ueS2_50_tnGnb_4_ntnGnb_3_tnCap_20_ntnCap_10_hyst_2_donor-unavailable-no-sat-seed1,seed1,no_satellite
12.5,tn-uav,1,6,4,629.258,1,2.56656,-54.8512,HEALTHY,0,0,-999.0,-999.0,0,1,STANDBY,TN_DIRECT,TN_E2,TN_NEAR_RT_RIC,1,0.1,2,2,TN_CONTROLLED_COVERAGE_EXTENSION,0.0,0.0,0.0,0.0,0.0,0.0,tn-uav_ueS1_50_ueS2_50_tnGnb_4_ntnGnb_3_tnCap_20_ntnCap_10_hyst_2_donor-unavailable-no-sat-seed1,seed1,no_satellite
12.5,tn-uav,2,7,2,765.017,1,1.04915,-58.0655,HEALTHY,0,0,-999.0,-999.0,0,1,STANDBY,TN_DIRECT,TN_E2,TN_NEAR_RT_RIC,1,0.1,2,2,TN_CONTROLLED_COVERAGE_EXTENSION,0.0,0.0,0.0,0.0,0.0,0.0,tn-uav_ueS1_50_ueS2_50_tnGnb_4_ntnGnb_3_tnCap_20_ntnCap_10_hyst_2_donor-unavailable-no-sat-seed1,seed1,no_satellite
14.5,tn-uav,0,5,1,1451.84,1,3.02157,-61.658,HEALTHY,0,0,-999.0,-999.0,0,1,STANDBY,TN_DIRECT,TN_E2,TN_NEAR_RT_RIC,1,0.1,2,2,TN_CONTROLLED_COVERAGE_EXTENSION,0.0,0.0,0.0,0.0,0.0,0.0,tn-uav_ueS1_50_ueS2_50_tnGnb_4_ntnGnb_3_tnCap_20_ntnCap_10_hyst_2_donor-unavailable-no-sat-seed1,seed1,no_satellite
14.5,tn-uav,1,6,4,629.258,1,-3.75201,-61.1698,HEALTHY,0,0,-999.0,-999.0,0,1,STANDBY,TN_DIRECT,TN_E2,TN_NEAR_RT_RIC,1,0.1,2,2,TN_CONTROLLED_COVERAGE_EXTENSION,0.0,0.0,0.0,0.0,0.0,0.0,tn-uav_ueS1_50_ueS2_50_tnGnb_4_ntnGnb_3_tnCap_20_ntnCap_10_hyst_2_donor-unavailable-no-sat-seed1,seed1,no_satellite
14.5,tn-uav,2,7,2,765.017,1,-2.04708,-61.1617,HEALTHY,0,0,-999.0,-999.0,0,1,STANDBY,TN_DIRECT,TN_E2,TN_NEAR_RT_RIC,1,0.1,2,2,TN_CONTROLLED_COVERAGE_EXTENSION,0.0,0.0,0.0,0.0,0.0,0.0,tn-uav_ueS1_50_ueS2_50_tnGnb_4_ntnGnb_3_tnCap_20_ntnCap_10_hyst_2_donor-unavailable-no-sat-seed1,seed1,no_satellite
16.5,tn-uav,0,5,1,1451.84,1,-1.35744,-66.037,HEALTHY,0,0,-999.0,-999.0,0,1,STANDBY,TN_DIRECT,TN_E2,TN_NEAR_RT_RIC,1,0.1,2,2,TN_CONTROLLED_COVERAGE_EXTENSION,0.0,0.0,0.0,0.0,0.0,0.0,tn-uav_ueS1_50_ueS2_50_tnGnb_4_ntnGnb_3_tnCap_20_ntnCap_10_hyst_2_donor-unavailable-no-sat-seed1,seed1,no_satellite
16.5,tn-uav,1,6,4,629.258,1,-2.66666,-60.0844,HEALTHY,0,0,-999.0,-999.0,0,1,STANDBY,TN_DIRECT,TN_E2,TN_NEAR_RT_RIC,1,0.1,2,2,TN_CONTROLLED_COVERAGE_EXTENSION,0.0,0.0,0.0,0.0,0.0,0.0,tn-uav_ueS1_50_ueS2_50_tnGnb_4_ntnGnb_3_tnCap_20_ntnCap_10_hyst_2_donor-unavailable-no-sat-seed1,seed1,no_satellite
16.5,tn-uav,2,7,1,1205.83,1,3.43702,-59.6299,HEALTHY,0,0,-999.0,-999.0,0,1,STANDBY,TN_DIRECT,TN_E2,TN_NEAR_RT_RIC,1,0.1,2,2,TN_CONTROLLED_COVERAGE_EXTENSION,0.0,0.0,0.0,0.0,0.0,0.0,tn-uav_ueS1_50_ueS2_50_tnGnb_4_ntnGnb_3_tnCap_20_ntnCap_10_hyst_2_donor-unavailable-no-sat-seed1,seed1,no_satellite
18.5,tn-uav,0,5,1,1451.84,1,1.51246,-63.1671,HEALTHY,0,0,-999.0,-999.0,0,1,STANDBY,TN_DIRECT,TN_E2,TN_NEAR_RT_RIC,1,0.1,2,2,TN_CONTROLLED_COVERAGE_EXTENSION,0.04,12.1,7.843019999999999e-05,0.0,0.0,0.0,tn-uav_ueS1_50_ueS2_50_tnGnb_4_ntnGnb_3_tnCap_20_ntnCap_10_hyst_2_donor-unavailable-no-sat-seed1,seed1,no_satellite
18.5,tn-uav,1,6,4,629.258,1,-0.297647,-57.7154,HEALTHY,0,0,-999.0,-999.0,0,1,STANDBY,TN_DIRECT,TN_E2,TN_NEAR_RT_RIC,1,0.1,2,2,TN_CONTROLLED_COVERAGE_EXTENSION,0.04,12.1,7.843019999999999e-05,0.0,0.0,0.0,tn-uav_ueS1_50_ueS2_50_tnGnb_4_ntnGnb_3_tnCap_20_ntnCap_10_hyst_2_donor-unavailable-no-sat-seed1,seed1,no_satellite
18.5,tn-uav,2,7,2,765.017,1,0.972659,-58.142,HEALTHY,0,0,-999.0,-999.0,0,1,STANDBY,TN_DIRECT,TN_E2,TN_NEAR_RT_RIC,1,0.1,2,2,TN_CONTROLLED_COVERAGE_EXTENSION,0.04,12.1,7.843019999999999e-05,0.0,0.0,0.0,tn-uav_ueS1_50_ueS2_50_tnGnb_4_ntnGnb_3_tnCap_20_ntnCap_10_hyst_2_donor-unavailable-no-sat-seed1,seed1,no_satellite
20.5,tn-uav,0,5,1,1451.84,1,-1.23503,-65.9146,HEALTHY,0,0,-999.0,-999.0,0,1,STANDBY,TN_DIRECT,TN_E2,TN_NEAR_RT_RIC,1,0.1,2,2,TN_CONTROLLED_COVERAGE_EXTENSION,0.36,9037.1,0.0007058720000000001,0.0,0.0,0.0,tn-uav_ueS1_50_ueS2_50_tnGnb_4_ntnGnb_3_tnCap_20_ntnCap_10_hyst_2_donor-unavailable-no-sat-seed1,seed1,no_satellite
20.5,tn-uav,1,6,4,629.258,1,-4.72636,-62.1441,HEALTHY,0,0,-999.0,-999.0,0,1,STANDBY,TN_DIRECT,TN_E2,TN_NEAR_RT_RIC,1,0.1,2,2,TN_CONTROLLED_COVERAGE_EXTENSION,0.36,9037.1,0.0007058720000000001,0.0,0.0,0.0,tn-uav_ueS1_50_ueS2_50_tnGnb_4_ntnGnb_3_tnCap_20_ntnCap_10_hyst_2_donor-unavailable-no-sat-seed1,seed1,no_satellite
20.5,tn-uav,2,7,2,765.017,1,0.0675034,-59.0471,HEALTHY,0,0,-999.0,-999.0,0,1,STANDBY,TN_DIRECT,TN_E2,TN_NEAR_RT_RIC,1,0.1,2,2,TN_CONTROLLED_COVERAGE_EXTENSION,0.36,9037.1,0.0007058720000000001,0.0,0.0,0.0,tn-uav_ueS1_50_ueS2_50_tnGnb_4_ntnGnb_3_tnCap_20_ntnCap_10_hyst_2_donor-unavailable-no-sat-seed1,seed1,no_satellite
22.5,tn-uav,0,5,3,1623.51,1,3.91691,-61.7334,HEALTHY,0,0,-999.0,-999.0,0,1,STANDBY,TN_DIRECT,TN_E2,TN_NEAR_RT_RIC,1,0.1,2,2,TN_CONTROLLED_COVERAGE_EXTENSION,0.56,1475.6,0.001098022,0.0,0.0,0.0,tn-uav_ueS1_50_ueS2_50_tnGnb_4_ntnGnb_3_tnCap_20_ntnCap_10_hyst_2_donor-unavailable-no-sat-seed1,seed1,no_satellite
22.5,tn-uav,1,6,4,629.258,1,-2.96853,-60.3863,HEALTHY,0,0,-999.0,-999.0,0,1,STANDBY,TN_DIRECT,TN_E2,TN_NEAR_RT_RIC,1,0.1,2,2,TN_CONTROLLED_COVERAGE_EXTENSION,0.56,1475.6,0.001098022,0.0,0.0,0.0,tn-uav_ueS1_50_ueS2_50_tnGnb_4_ntnGnb_3_tnCap_20_ntnCap_10_hyst_2_donor-unavailable-no-sat-seed1,seed1,no_satellite
22.5,tn-uav,2,7,2,765.017,1,1.01141,-58.1032,HEALTHY,0,0,-999.0,-999.0,0,1,STANDBY,TN_DIRECT,TN_E2,TN_NEAR_RT_RIC,1,0.1,2,2,TN_CONTROLLED_COVERAGE_EXTENSION,0.56,1475.6,0.001098022,0.0,0.0,0.0,tn-uav_ueS1_50_ueS2_50_tnGnb_4_ntnGnb_3_tnCap_20_ntnCap_10_hyst_2_donor-unavailable-no-sat-seed1,seed1,no_satellite
24.5,tn-uav,0,5,4,3577.79,1,3.31157,-69.2019,HEALTHY,0,0,-999.0,-999.0,0,1,STANDBY,TN_DIRECT,TN_E2,TN_NEAR_RT_RIC,1,0.1,2,2,TN_CONTROLLED_COVERAGE_EXTENSION,0.0,0.0,0.0,0.0,0.0,0.0,tn-uav_ueS1_50_ueS2_50_tnGnb_4_ntnGnb_3_tnCap_20_ntnCap_10_hyst_2_donor-unavailable-no-sat-seed1,seed1,no_satellite
24.5,tn-uav,1,6,4,629.258,1,1.30617,-56.1116,HEALTHY,0,0,-999.0,-999.0,0,1,STANDBY,TN_DIRECT,TN_E2,TN_NEAR_RT_RIC,1,0.1,2,2,TN_CONTROLLED_COVERAGE_EXTENSION,0.0,0.0,0.0,0.0,0.0,0.0,tn-uav_ueS1_50_ueS2_50_tnGnb_4_ntnGnb_3_tnCap_20_ntnCap_10_hyst_2_donor-unavailable-no-sat-seed1,seed1,no_satellite
24.5,tn-uav,2,7,1,1205.83,1,5.00557,-58.0613,HEALTHY,0,0,-999.0,-999.0,0,1,STANDBY,TN_DIRECT,TN_E2,TN_NEAR_RT_RIC,1,0.1,2,2,TN_CONTROLLED_COVERAGE_EXTENSION,0.0,0.0,0.0,0.0,0.0,0.0,tn-uav_ueS1_50_ueS2_50_tnGnb_4_ntnGnb_3_tnCap_20_ntnCap_10_hyst_2_donor-unavailable-no-sat-seed1,seed1,no_satellite
26.5,tn-uav,0,5,1,1451.84,1,0.6374,-64.0422,HEALTHY,0,0,-999.0,-999.0,0,1,STANDBY,TN_DIRECT,TN_E2,TN_NEAR_RT_RIC,1,0.1,2,2,TN_CONTROLLED_COVERAGE_EXTENSION,0.0,0.0,0.0,0.0,0.0,0.0,tn-uav_ueS1_50_ueS2_50_tnGnb_4_ntnGnb_3_tnCap_20_ntnCap_10_hyst_2_donor-unavailable-no-sat-seed1,seed1,no_satellite
26.5,tn-uav,1,6,4,629.258,1,-2.69739,-60.1152,HEALTHY,0,0,-999.0,-999.0,0,1,STANDBY,TN_DIRECT,TN_E2,TN_NEAR_RT_RIC,1,0.1,2,2,TN_CONTROLLED_COVERAGE_EXTENSION,0.0,0.0,0.0,0.0,0.0,0.0,tn-uav_ueS1_50_ueS2_50_tnGnb_4_ntnGnb_3_tnCap_20_ntnCap_10_hyst_2_donor-unavailable-no-sat-seed1,seed1,no_satellite
26.5,tn-uav,2,7,2,765.017,1,-4.21776,-63.3324,HEALTHY,0,0,-999.0,-999.0,0,1,STANDBY,TN_DIRECT,TN_E2,TN_NEAR_RT_RIC,1,0.1,2,2,TN_CONTROLLED_COVERAGE_EXTENSION,0.0,0.0,0.0,0.0,0.0,0.0,tn-uav_ueS1_50_ueS2_50_tnGnb_4_ntnGnb_3_tnCap_20_ntnCap_10_hyst_2_donor-unavailable-no-sat-seed1,seed1,no_satellite
28.5,tn-uav,0,5,1,1451.84,1,1.53709,-63.1425,HEALTHY,0,0,-999.0,-999.0,0,1,STANDBY,TN_DIRECT,TN_E2,TN_NEAR_RT_RIC,1,0.1,2,2,TN_CONTROLLED_COVERAGE_EXTENSION,0.0,0.0,0.0,0.0,0.0,0.0,tn-uav_ueS1_50_ueS2_50_tnGnb_4_ntnGnb_3_tnCap_20_ntnCap_10_hyst_2_donor-unavailable-no-sat-seed1,seed1,no_satellite
28.5,tn-uav,1,6,4,629.258,1,-1.58626,-59.004,HEALTHY,0,0,-999.0,-999.0,0,1,STANDBY,TN_DIRECT,TN_E2,TN_NEAR_RT_RIC,1,0.1,2,2,TN_CONTROLLED_COVERAGE_EXTENSION,0.0,0.0,0.0,0.0,0.0,0.0,tn-uav_ueS1_50_ueS2_50_tnGnb_4_ntnGnb_3_tnCap_20_ntnCap_10_hyst_2_donor-unavailable-no-sat-seed1,seed1,no_satellite
28.5,tn-uav,2,7,2,765.017,1,-1.33302,-60.4476,HEALTHY,0,0,-999.0,-999.0,0,1,STANDBY,TN_DIRECT,TN_E2,TN_NEAR_RT_RIC,1,0.1,2,2,TN_CONTROLLED_COVERAGE_EXTENSION,0.0,0.0,0.0,0.0,0.0,0.0,tn-uav_ueS1_50_ueS2_50_tnGnb_4_ntnGnb_3_tnCap_20_ntnCap_10_hyst_2_donor-unavailable-no-sat-seed1,seed1,no_satellite
30.5,tn-uav,0,5,0,-1.0,0,0.0,-1000000000.0,UNREACHABLE,0,1,-999.0,-999.0,0,1,ACTIVE,NO_BACKHAUL_AVAILABLE,NEAR_RT_RIC_SWITCHING_NO_SATELLITE_BACKHAUL,TN_NEAR_RT_RIC,0,0.1,2,2,AUTONOMOUS_LOCAL_ISLAND,0.04,15.4571,7.843019999999999e-05,0.0,0.0,0.0,tn-uav_ueS1_50_ueS2_50_tnGnb_4_ntnGnb_3_tnCap_20_ntnCap_10_hyst_2_donor-unavailable-no-sat-seed1,seed1,no_satellite
30.5,tn-uav,1,6,0,-1.0,0,0.0,-1000000000.0,UNREACHABLE,0,1,-999.0,-999.0,0,1,ACTIVE,NO_BACKHAUL_AVAILABLE,NEAR_RT_RIC_SWITCHING_NO_SATELLITE_BACKHAUL,TN_NEAR_RT_RIC,0,0.1,2,2,AUTONOMOUS_LOCAL_ISLAND,0.04,15.4571,7.843019999999999e-05,0.0,0.0,0.0,tn-uav_ueS1_50_ueS2_50_tnGnb_4_ntnGnb_3_tnCap_20_ntnCap_10_hyst_2_donor-unavailable-no-sat-seed1,seed1,no_satellite
30.5,tn-uav,2,7,0,-1.0,0,0.0,-1000000000.0,UNREACHABLE,0,1,-999.0,-999.0,0,1,ACTIVE,NO_BACKHAUL_AVAILABLE,NEAR_RT_RIC_SWITCHING_NO_SATELLITE_BACKHAUL,TN_NEAR_RT_RIC,0,0.1,2,2,AUTONOMOUS_LOCAL_ISLAND,0.04,15.4571,7.843019999999999e-05,0.0,0.0,0.0,tn-uav_ueS1_50_ueS2_50_tnGnb_4_ntnGnb_3_tnCap_20_ntnCap_10_hyst_2_donor-unavailable-no-sat-seed1,seed1,no_satellite
32.5,tn-uav,0,5,0,-1.0,0,0.0,-1000000000.0,UNREACHABLE,0,1,-999.0,-999.0,0,1,ACTIVE,NO_BACKHAUL_AVAILABLE,NEAR_RT_RIC_SWITCHING_NO_SATELLITE_BACKHAUL,TN_NEAR_RT_RIC,0,0.1,2,2,AUTONOMOUS_LOCAL_ISLAND,0.0,0.0,0.0,0.0,0.0,0.0,tn-uav_ueS1_50_ueS2_50_tnGnb_4_ntnGnb_3_tnCap_20_ntnCap_10_hyst_2_donor-unavailable-no-sat-seed1,seed1,no_satellite
32.5,tn-uav,1,6,0,-1.0,0,0.0,-1000000000.0,UNREACHABLE,0,1,-999.0,-999.0,0,1,ACTIVE,NO_BACKHAUL_AVAILABLE,NEAR_RT_RIC_SWITCHING_NO_SATELLITE_BACKHAUL,TN_NEAR_RT_RIC,0,0.1,2,2,AUTONOMOUS_LOCAL_ISLAND,0.0,0.0,0.0,0.0,0.0,0.0,tn-uav_ueS1_50_ueS2_50_tnGnb_4_ntnGnb_3_tnCap_20_ntnCap_10_hyst_2_donor-unavailable-no-sat-seed1,seed1,no_satellite
32.5,tn-uav,2,7,0,-1.0,0,0.0,-1000000000.0,UNREACHABLE,0,1,-999.0,-999.0,0,1,ACTIVE,NO_BACKHAUL_AVAILABLE,NEAR_RT_RIC_SWITCHING_NO_SATELLITE_BACKHAUL,TN_NEAR_RT_RIC,0,0.1,2,2,AUTONOMOUS_LOCAL_ISLAND,0.0,0.0,0.0,0.0,0.0,0.0,tn-uav_ueS1_50_ueS2_50_tnGnb_4_ntnGnb_3_tnCap_20_ntnCap_10_hyst_2_donor-unavailable-no-sat-seed1,seed1,no_satellite
34.5,tn-uav,0,5,0,-1.0,0,0.0,-1000000000.0,UNREACHABLE,0,1,-999.0,-999.0,0,1,ACTIVE,NO_BACKHAUL_AVAILABLE,NEAR_RT_RIC_SWITCHING_NO_SATELLITE_BACKHAUL,TN_NEAR_RT_RIC,0,0.1,2,2,AUTONOMOUS_LOCAL_ISLAND,0.8,114.882,0.0015686040000000001,0.0,0.0,0.0,tn-uav_ueS1_50_ueS2_50_tnGnb_4_ntnGnb_3_tnCap_20_ntnCap_10_hyst_2_donor-unavailable-no-sat-seed1,seed1,no_satellite
34.5,tn-uav,1,6,0,-1.0,0,0.0,-1000000000.0,UNREACHABLE,0,1,-999.0,-999.0,0,1,ACTIVE,NO_BACKHAUL_AVAILABLE,NEAR_RT_RIC_SWITCHING_NO_SATELLITE_BACKHAUL,TN_NEAR_RT_RIC,0,0.1,2,2,AUTONOMOUS_LOCAL_ISLAND,0.8,114.882,0.0015686040000000001,0.0,0.0,0.0,tn-uav_ueS1_50_ueS2_50_tnGnb_4_ntnGnb_3_tnCap_20_ntnCap_10_hyst_2_donor-unavailable-no-sat-seed1,seed1,no_satellite
34.5,tn-uav,2,7,0,-1.0,0,0.0,-1000000000.0,UNREACHABLE,0,1,-999.0,-999.0,0,1,ACTIVE,NO_BACKHAUL_AVAILABLE,NEAR_RT_RIC_SWITCHING_NO_SATELLITE_BACKHAUL,TN_NEAR_RT_RIC,0,0.1,2,2,AUTONOMOUS_LOCAL_ISLAND,0.8,114.882,0.0015686040000000001,0.0,0.0,0.0,tn-uav_ueS1_50_ueS2_50_tnGnb_4_ntnGnb_3_tnCap_20_ntnCap_10_hyst_2_donor-unavailable-no-sat-seed1,seed1,no_satellite
36.5,tn-uav,0,5,0,-1.0,0,0.0,-1000000000.0,UNREACHABLE,0,1,-999.0,-999.0,0,1,ACTIVE,NO_BACKHAUL_AVAILABLE,NEAR_RT_RIC_SWITCHING_NO_SATELLITE_BACKHAUL,TN_NEAR_RT_RIC,0,0.1,2,2,AUTONOMOUS_LOCAL_ISLAND,0.0,0.0,0.0,0.0,0.0,0.0,tn-uav_ueS1_50_ueS2_50_tnGnb_4_ntnGnb_3_tnCap_20_ntnCap_10_hyst_2_donor-unavailable-no-sat-seed1,seed1,no_satellite
36.5,tn-uav,1,6,0,-1.0,0,0.0,-1000000000.0,UNREACHABLE,0,1,-999.0,-999.0,0,1,ACTIVE,NO_BACKHAUL_AVAILABLE,NEAR_RT_RIC_SWITCHING_NO_SATELLITE_BACKHAUL,TN_NEAR_RT_RIC,0,0.1,2,2,AUTONOMOUS_LOCAL_ISLAND,0.0,0.0,0.0,0.0,0.0,0.0,tn-uav_ueS1_50_ueS2_50_tnGnb_4_ntnGnb_3_tnCap_20_ntnCap_10_hyst_2_donor-unavailable-no-sat-seed1,seed1,no_satellite
36.5,tn-uav,2,7,0,-1.0,0,0.0,-1000000000.0,UNREACHABLE,0,1,-999.0,-999.0,0,1,ACTIVE,NO_BACKHAUL_AVAILABLE,NEAR_RT_RIC_SWITCHING_NO_SATELLITE_BACKHAUL,TN_NEAR_RT_RIC,0,0.1,2,2,AUTONOMOUS_LOCAL_ISLAND,0.0,0.0,0.0,0.0,0.0,0.0,tn-uav_ueS1_50_ueS2_50_tnGnb_4_ntnGnb_3_tnCap_20_ntnCap_10_hyst_2_donor-unavailable-no-sat-seed1,seed1,no_satellite
38.5,tn-uav,0,5,0,-1.0,0,0.0,-1000000000.0,UNREACHABLE,0,1,-999.0,-999.0,0,1,ACTIVE,NO_BACKHAUL_AVAILABLE,NEAR_RT_RIC_SWITCHING_NO_SATELLITE_BACKHAUL,TN_NEAR_RT_RIC,0,0.1,2,2,AUTONOMOUS_LOCAL_ISLAND,0.0,0.0,0.0,0.0,0.0,0.0,tn-uav_ueS1_50_ueS2_50_tnGnb_4_ntnGnb_3_tnCap_20_ntnCap_10_hyst_2_donor-unavailable-no-sat-seed1,seed1,no_satellite
38.5,tn-uav,1,6,0,-1.0,0,0.0,-1000000000.0,UNREACHABLE,0,1,-999.0,-999.0,0,1,ACTIVE,NO_BACKHAUL_AVAILABLE,NEAR_RT_RIC_SWITCHING_NO_SATELLITE_BACKHAUL,TN_NEAR_RT_RIC,0,0.1,2,2,AUTONOMOUS_LOCAL_ISLAND,0.0,0.0,0.0,0.0,0.0,0.0,tn-uav_ueS1_50_ueS2_50_tnGnb_4_ntnGnb_3_tnCap_20_ntnCap_10_hyst_2_donor-unavailable-no-sat-seed1,seed1,no_satellite
38.5,tn-uav,2,7,0,-1.0,0,0.0,-1000000000.0,UNREACHABLE,0,1,-999.0,-999.0,0,1,ACTIVE,NO_BACKHAUL_AVAILABLE,NEAR_RT_RIC_SWITCHING_NO_SATELLITE_BACKHAUL,TN_NEAR_RT_RIC,0,0.1,2,2,AUTONOMOUS_LOCAL_ISLAND,0.0,0.0,0.0,0.0,0.0,0.0,tn-uav_ueS1_50_ueS2_50_tnGnb_4_ntnGnb_3_tnCap_20_ntnCap_10_hyst_2_donor-unavailable-no-sat-seed1,seed1,no_satellite
40.5,tn-uav,0,5,0,-1.0,0,0.0,-1000000000.0,UNREACHABLE,0,1,-999.0,-999.0,0,1,ACTIVE,NO_BACKHAUL_AVAILABLE,NEAR_RT_RIC_SWITCHING_NO_SATELLITE_BACKHAUL,TN_NEAR_RT_RIC,0,0.1,2,2,AUTONOMOUS_LOCAL_ISLAND,0.12,15.100000000000001,0.00023529,0.0,0.0,0.0,tn-uav_ueS1_50_ueS2_50_tnGnb_4_ntnGnb_3_tnCap_20_ntnCap_10_hyst_2_donor-unavailable-no-sat-seed1,seed1,no_satellite
40.5,tn-uav,1,6,0,-1.0,0,0.0,-1000000000.0,UNREACHABLE,0,1,-999.0,-999.0,0,1,ACTIVE,NO_BACKHAUL_AVAILABLE,NEAR_RT_RIC_SWITCHING_NO_SATELLITE_BACKHAUL,TN_NEAR_RT_RIC,0,0.1,2,2,AUTONOMOUS_LOCAL_ISLAND,0.12,15.100000000000001,0.00023529,0.0,0.0,0.0,tn-uav_ueS1_50_ueS2_50_tnGnb_4_ntnGnb_3_tnCap_20_ntnCap_10_hyst_2_donor-unavailable-no-sat-seed1,seed1,no_satellite
40.5,tn-uav,2,7,0,-1.0,0,0.0,-1000000000.0,UNREACHABLE,0,1,-999.0,-999.0,0,1,ACTIVE,NO_BACKHAUL_AVAILABLE,NEAR_RT_RIC_SWITCHING_NO_SATELLITE_BACKHAUL,TN_NEAR_RT_RIC,0,0.1,2,2,AUTONOMOUS_LOCAL_ISLAND,0.12,15.100000000000001,0.00023529,0.0,0.0,0.0,tn-uav_ueS1_50_ueS2_50_tnGnb_4_ntnGnb_3_tnCap_20_ntnCap_10_hyst_2_donor-unavailable-no-sat-seed1,seed1,no_satellite
42.5,tn-uav,0,5,0,-1.0,0,0.0,-1000000000.0,UNREACHABLE,0,1,-999.0,-999.0,0,1,ACTIVE,NO_BACKHAUL_AVAILABLE,NEAR_RT_RIC_SWITCHING_NO_SATELLITE_BACKHAUL,TN_NEAR_RT_RIC,0,0.1,2,2,AUTONOMOUS_LOCAL_ISLAND,0.0,0.0,0.0,0.0,0.0,0.0,tn-uav_ueS1_50_ueS2_50_tnGnb_4_ntnGnb_3_tnCap_20_ntnCap_10_hyst_2_donor-unavailable-no-sat-seed1,seed1,no_satellite
42.5,tn-uav,1,6,0,-1.0,0,0.0,-1000000000.0,UNREACHABLE,0,1,-999.0,-999.0,0,1,ACTIVE,NO_BACKHAUL_AVAILABLE,NEAR_RT_RIC_SWITCHING_NO_SATELLITE_BACKHAUL,TN_NEAR_RT_RIC,0,0.1,2,2,AUTONOMOUS_LOCAL_ISLAND,0.0,0.0,0.0,0.0,0.0,0.0,tn-uav_ueS1_50_ueS2_50_tnGnb_4_ntnGnb_3_tnCap_20_ntnCap_10_hyst_2_donor-unavailable-no-sat-seed1,seed1,no_satellite
42.5,tn-uav,2,7,0,-1.0,0,0.0,-1000000000.0,UNREACHABLE,0,1,-999.0,-999.0,0,1,ACTIVE,NO_BACKHAUL_AVAILABLE,NEAR_RT_RIC_SWITCHING_NO_SATELLITE_BACKHAUL,TN_NEAR_RT_RIC,0,0.1,2,2,AUTONOMOUS_LOCAL_ISLAND,0.0,0.0,0.0,0.0,0.0,0.0,tn-uav_ueS1_50_ueS2_50_tnGnb_4_ntnGnb_3_tnCap_20_ntnCap_10_hyst_2_donor-unavailable-no-sat-seed1,seed1,no_satellite
44.5,tn-uav,0,5,0,-1.0,0,0.0,-1000000000.0,UNREACHABLE,0,1,-999.0,-999.0,0,1,ACTIVE,NO_BACKHAUL_AVAILABLE,NEAR_RT_RIC_SWITCHING_NO_SATELLITE_BACKHAUL,TN_NEAR_RT_RIC,0,0.1,2,2,AUTONOMOUS_LOCAL_ISLAND,0.0,0.0,0.0,0.0,0.0,0.0,tn-uav_ueS1_50_ueS2_50_tnGnb_4_ntnGnb_3_tnCap_20_ntnCap_10_hyst_2_donor-unavailable-no-sat-seed1,seed1,no_satellite
44.5,tn-uav,1,6,0,-1.0,0,0.0,-1000000000.0,UNREACHABLE,0,1,-999.0,-999.0,0,1,ACTIVE,NO_BACKHAUL_AVAILABLE,NEAR_RT_RIC_SWITCHING_NO_SATELLITE_BACKHAUL,TN_NEAR_RT_RIC,0,0.1,2,2,AUTONOMOUS_LOCAL_ISLAND,0.0,0.0,0.0,0.0,0.0,0.0,tn-uav_ueS1_50_ueS2_50_tnGnb_4_ntnGnb_3_tnCap_20_ntnCap_10_hyst_2_donor-unavailable-no-sat-seed1,seed1,no_satellite
44.5,tn-uav,2,7,0,-1.0,0,0.0,-1000000000.0,UNREACHABLE,0,1,-999.0,-999.0,0,1,ACTIVE,NO_BACKHAUL_AVAILABLE,NEAR_RT_RIC_SWITCHING_NO_SATELLITE_BACKHAUL,TN_NEAR_RT_RIC,0,0.1,2,2,AUTONOMOUS_LOCAL_ISLAND,0.0,0.0,0.0,0.0,0.0,0.0,tn-uav_ueS1_50_ueS2_50_tnGnb_4_ntnGnb_3_tnCap_20_ntnCap_10_hyst_2_donor-unavailable-no-sat-seed1,seed1,no_satellite
46.5,tn-uav,0,5,0,-1.0,0,0.0,-1000000000.0,UNREACHABLE,0,1,-999.0,-999.0,0,1,ACTIVE,NO_BACKHAUL_AVAILABLE,NEAR_RT_RIC_SWITCHING_NO_SATELLITE_BACKHAUL,TN_NEAR_RT_RIC,0,0.1,2,2,AUTONOMOUS_LOCAL_ISLAND,0.0,0.0,0.0,0.0,0.0,0.0,tn-uav_ueS1_50_ueS2_50_tnGnb_4_ntnGnb_3_tnCap_20_ntnCap_10_hyst_2_donor-unavailable-no-sat-seed1,seed1,no_satellite
46.5,tn-uav,1,6,0,-1.0,0,0.0,-1000000000.0,UNREACHABLE,0,1,-999.0,-999.0,0,1,ACTIVE,NO_BACKHAUL_AVAILABLE,NEAR_RT_RIC_SWITCHING_NO_SATELLITE_BACKHAUL,TN_NEAR_RT_RIC,0,0.1,2,2,AUTONOMOUS_LOCAL_ISLAND,0.0,0.0,0.0,0.0,0.0,0.0,tn-uav_ueS1_50_ueS2_50_tnGnb_4_ntnGnb_3_tnCap_20_ntnCap_10_hyst_2_donor-unavailable-no-sat-seed1,seed1,no_satellite
46.5,tn-uav,2,7,0,-1.0,0,0.0,-1000000000.0,UNREACHABLE,0,1,-999.0,-999.0,0,1,ACTIVE,NO_BACKHAUL_AVAILABLE,NEAR_RT_RIC_SWITCHING_NO_SATELLITE_BACKHAUL,TN_NEAR_RT_RIC,0,0.1,2,2,AUTONOMOUS_LOCAL_ISLAND,0.0,0.0,0.0,0.0,0.0,0.0,tn-uav_ueS1_50_ueS2_50_tnGnb_4_ntnGnb_3_tnCap_20_ntnCap_10_hyst_2_donor-unavailable-no-sat-seed1,seed1,no_satellite
48.5,tn-uav,0,5,0,-1.0,0,0.0,-1000000000.0,UNREACHABLE,0,1,-999.0,-999.0,0,1,ACTIVE,NO_BACKHAUL_AVAILABLE,NEAR_RT_RIC_SWITCHING_NO_SATELLITE_BACKHAUL,TN_NEAR_RT_RIC,0,0.1,2,2,AUTONOMOUS_LOCAL_ISLAND,0.0,0.0,0.0,0.0,0.0,0.0,tn-uav_ueS1_50_ueS2_50_tnGnb_4_ntnGnb_3_tnCap_20_ntnCap_10_hyst_2_donor-unavailable-no-sat-seed1,seed1,no_satellite
48.5,tn-uav,1,6,0,-1.0,0,0.0,-1000000000.0,UNREACHABLE,0,1,-999.0,-999.0,0,1,ACTIVE,NO_BACKHAUL_AVAILABLE,NEAR_RT_RIC_SWITCHING_NO_SATELLITE_BACKHAUL,TN_NEAR_RT_RIC,0,0.1,2,2,AUTONOMOUS_LOCAL_ISLAND,0.0,0.0,0.0,0.0,0.0,0.0,tn-uav_ueS1_50_ueS2_50_tnGnb_4_ntnGnb_3_tnCap_20_ntnCap_10_hyst_2_donor-unavailable-no-sat-seed1,seed1,no_satellite
48.5,tn-uav,2,7,0,-1.0,0,0.0,-1000000000.0,UNREACHABLE,0,1,-999.0,-999.0,0,1,ACTIVE,NO_BACKHAUL_AVAILABLE,NEAR_RT_RIC_SWITCHING_NO_SATELLITE_BACKHAUL,TN_NEAR_RT_RIC,0,0.1,2,2,AUTONOMOUS_LOCAL_ISLAND,0.0,0.0,0.0,0.0,0.0,0.0,tn-uav_ueS1_50_ueS2_50_tnGnb_4_ntnGnb_3_tnCap_20_ntnCap_10_hyst_2_donor-unavailable-no-sat-seed1,seed1,no_satellite
50.5,tn-uav,0,5,0,-1.0,0,0.0,-1000000000.0,UNREACHABLE,0,1,-999.0,-999.0,0,1,ACTIVE,NO_BACKHAUL_AVAILABLE,NEAR_RT_RIC_SWITCHING_NO_SATELLITE_BACKHAUL,TN_NEAR_RT_RIC,0,0.1,2,2,AUTONOMOUS_LOCAL_ISLAND,0.0,0.0,0.0,0.0,0.0,0.0,tn-uav_ueS1_50_ueS2_50_tnGnb_4_ntnGnb_3_tnCap_20_ntnCap_10_hyst_2_donor-unavailable-no-sat-seed1,seed1,no_satellite
50.5,tn-uav,1,6,0,-1.0,0,0.0,-1000000000.0,UNREACHABLE,0,1,-999.0,-999.0,0,1,ACTIVE,NO_BACKHAUL_AVAILABLE,NEAR_RT_RIC_SWITCHING_NO_SATELLITE_BACKHAUL,TN_NEAR_RT_RIC,0,0.1,2,2,AUTONOMOUS_LOCAL_ISLAND,0.0,0.0,0.0,0.0,0.0,0.0,tn-uav_ueS1_50_ueS2_50_tnGnb_4_ntnGnb_3_tnCap_20_ntnCap_10_hyst_2_donor-unavailable-no-sat-seed1,seed1,no_satellite
50.5,tn-uav,2,7,0,-1.0,0,0.0,-1000000000.0,UNREACHABLE,0,1,-999.0,-999.0,0,1,ACTIVE,NO_BACKHAUL_AVAILABLE,NEAR_RT_RIC_SWITCHING_NO_SATELLITE_BACKHAUL,TN_NEAR_RT_RIC,0,0.1,2,2,AUTONOMOUS_LOCAL_ISLAND,0.0,0.0,0.0,0.0,0.0,0.0,tn-uav_ueS1_50_ueS2_50_tnGnb_4_ntnGnb_3_tnCap_20_ntnCap_10_hyst_2_donor-unavailable-no-sat-seed1,seed1,no_satellite
52.5,tn-uav,0,5,0,-1.0,0,0.0,-1000000000.0,UNREACHABLE,0,1,-999.0,-999.0,0,1,ACTIVE,NO_BACKHAUL_AVAILABLE,NEAR_RT_RIC_SWITCHING_NO_SATELLITE_BACKHAUL,TN_NEAR_RT_RIC,0,0.1,2,2,AUTONOMOUS_LOCAL_ISLAND,0.0,0.0,0.0,0.0,0.0,0.0,tn-uav_ueS1_50_ueS2_50_tnGnb_4_ntnGnb_3_tnCap_20_ntnCap_10_hyst_2_donor-unavailable-no-sat-seed1,seed1,no_satellite
52.5,tn-uav,1,6,0,-1.0,0,0.0,-1000000000.0,UNREACHABLE,0,1,-999.0,-999.0,0,1,ACTIVE,NO_BACKHAUL_AVAILABLE,NEAR_RT_RIC_SWITCHING_NO_SATELLITE_BACKHAUL,TN_NEAR_RT_RIC,0,0.1,2,2,AUTONOMOUS_LOCAL_ISLAND,0.0,0.0,0.0,0.0,0.0,0.0,tn-uav_ueS1_50_ueS2_50_tnGnb_4_ntnGnb_3_tnCap_20_ntnCap_10_hyst_2_donor-unavailable-no-sat-seed1,seed1,no_satellite
52.5,tn-uav,2,7,0,-1.0,0,0.0,-1000000000.0,UNREACHABLE,0,1,-999.0,-999.0,0,1,ACTIVE,NO_BACKHAUL_AVAILABLE,NEAR_RT_RIC_SWITCHING_NO_SATELLITE_BACKHAUL,TN_NEAR_RT_RIC,0,0.1,2,2,AUTONOMOUS_LOCAL_ISLAND,0.0,0.0,0.0,0.0,0.0,0.0,tn-uav_ueS1_50_ueS2_50_tnGnb_4_ntnGnb_3_tnCap_20_ntnCap_10_hyst_2_donor-unavailable-no-sat-seed1,seed1,no_satellite
54.5,tn-uav,0,5,0,-1.0,0,0.0,-1000000000.0,UNREACHABLE,0,1,-999.0,-999.0,0,1,ACTIVE,NO_BACKHAUL_AVAILABLE,NEAR_RT_RIC_SWITCHING_NO_SATELLITE_BACKHAUL,TN_NEAR_RT_RIC,0,0.1,2,2,AUTONOMOUS_LOCAL_ISLAND,0.0,0.0,0.0,0.0,0.0,0.0,tn-uav_ueS1_50_ueS2_50_tnGnb_4_ntnGnb_3_tnCap_20_ntnCap_10_hyst_2_donor-unavailable-no-sat-seed1,seed1,no_satellite
54.5,tn-uav,1,6,0,-1.0,0,0.0,-1000000000.0,UNREACHABLE,0,1,-999.0,-999.0,0,1,ACTIVE,NO_BACKHAUL_AVAILABLE,NEAR_RT_RIC_SWITCHING_NO_SATELLITE_BACKHAUL,TN_NEAR_RT_RIC,0,0.1,2,2,AUTONOMOUS_LOCAL_ISLAND,0.0,0.0,0.0,0.0,0.0,0.0,tn-uav_ueS1_50_ueS2_50_tnGnb_4_ntnGnb_3_tnCap_20_ntnCap_10_hyst_2_donor-unavailable-no-sat-seed1,seed1,no_satellite
54.5,tn-uav,2,7,0,-1.0,0,0.0,-1000000000.0,UNREACHABLE,0,1,-999.0,-999.0,0,1,ACTIVE,NO_BACKHAUL_AVAILABLE,NEAR_RT_RIC_SWITCHING_NO_SATELLITE_BACKHAUL,TN_NEAR_RT_RIC,0,0.1,2,2,AUTONOMOUS_LOCAL_ISLAND,0.0,0.0,0.0,0.0,0.0,0.0,tn-uav_ueS1_50_ueS2_50_tnGnb_4_ntnGnb_3_tnCap_20_ntnCap_10_hyst_2_donor-unavailable-no-sat-seed1,seed1,no_satellite
56.5,tn-uav,0,5,0,-1.0,0,0.0,-1000000000.0,UNREACHABLE,0,1,-999.0,-999.0,0,1,ACTIVE,NO_BACKHAUL_AVAILABLE,NEAR_RT_RIC_SWITCHING_NO_SATELLITE_BACKHAUL,TN_NEAR_RT_RIC,0,0.1,2,2,AUTONOMOUS_LOCAL_ISLAND,0.0,0.0,0.0,0.0,0.0,0.0,tn-uav_ueS1_50_ueS2_50_tnGnb_4_ntnGnb_3_tnCap_20_ntnCap_10_hyst_2_donor-unavailable-no-sat-seed1,seed1,no_satellite
56.5,tn-uav,1,6,0,-1.0,0,0.0,-1000000000.0,UNREACHABLE,0,1,-999.0,-999.0,0,1,ACTIVE,NO_BACKHAUL_AVAILABLE,NEAR_RT_RIC_SWITCHING_NO_SATELLITE_BACKHAUL,TN_NEAR_RT_RIC,0,0.1,2,2,AUTONOMOUS_LOCAL_ISLAND,0.0,0.0,0.0,0.0,0.0,0.0,tn-uav_ueS1_50_ueS2_50_tnGnb_4_ntnGnb_3_tnCap_20_ntnCap_10_hyst_2_donor-unavailable-no-sat-seed1,seed1,no_satellite
56.5,tn-uav,2,7,0,-1.0,0,0.0,-1000000000.0,UNREACHABLE,0,1,-999.0,-999.0,0,1,ACTIVE,NO_BACKHAUL_AVAILABLE,NEAR_RT_RIC_SWITCHING_NO_SATELLITE_BACKHAUL,TN_NEAR_RT_RIC,0,0.1,2,2,AUTONOMOUS_LOCAL_ISLAND,0.0,0.0,0.0,0.0,0.0,0.0,tn-uav_ueS1_50_ueS2_50_tnGnb_4_ntnGnb_3_tnCap_20_ntnCap_10_hyst_2_donor-unavailable-no-sat-seed1,seed1,no_satellite
58.5,tn-uav,0,5,0,-1.0,0,0.0,-1000000000.0,UNREACHABLE,0,1,-999.0,-999.0,0,1,ACTIVE,NO_BACKHAUL_AVAILABLE,NEAR_RT_RIC_SWITCHING_NO_SATELLITE_BACKHAUL,TN_NEAR_RT_RIC,0,0.1,2,2,AUTONOMOUS_LOCAL_ISLAND,0.16,15.85,0.00031371999999999997,0.0,0.0,0.0,tn-uav_ueS1_50_ueS2_50_tnGnb_4_ntnGnb_3_tnCap_20_ntnCap_10_hyst_2_donor-unavailable-no-sat-seed1,seed1,no_satellite
58.5,tn-uav,1,6,0,-1.0,0,0.0,-1000000000.0,UNREACHABLE,0,1,-999.0,-999.0,0,1,ACTIVE,NO_BACKHAUL_AVAILABLE,NEAR_RT_RIC_SWITCHING_NO_SATELLITE_BACKHAUL,TN_NEAR_RT_RIC,0,0.1,2,2,AUTONOMOUS_LOCAL_ISLAND,0.16,15.85,0.00031371999999999997,0.0,0.0,0.0,tn-uav_ueS1_50_ueS2_50_tnGnb_4_ntnGnb_3_tnCap_20_ntnCap_10_hyst_2_donor-unavailable-no-sat-seed1,seed1,no_satellite
58.5,tn-uav,2,7,0,-1.0,0,0.0,-1000000000.0,UNREACHABLE,0,1,-999.0,-999.0,0,1,ACTIVE,NO_BACKHAUL_AVAILABLE,NEAR_RT_RIC_SWITCHING_NO_SATELLITE_BACKHAUL,TN_NEAR_RT_RIC,0,0.1,2,2,AUTONOMOUS_LOCAL_ISLAND,0.16,15.85,0.00031371999999999997,0.0,0.0,0.0,tn-uav_ueS1_50_ueS2_50_tnGnb_4_ntnGnb_3_tnCap_20_ntnCap_10_hyst_2_donor-unavailable-no-sat-seed1,seed1,no_satellite
60.5,tn-uav,0,5,0,-1.0,0,0.0,-1000000000.0,UNREACHABLE,0,1,-999.0,-999.0,0,1,ACTIVE,NO_BACKHAUL_AVAILABLE,NEAR_RT_RIC_SWITCHING_NO_SATELLITE_BACKHAUL,TN_NEAR_RT_RIC,0,0.1,2,2,AUTONOMOUS_LOCAL_ISLAND,0.0,0.0,0.0,0.0,0.0,0.0,tn-uav_ueS1_50_ueS2_50_tnGnb_4_ntnGnb_3_tnCap_20_ntnCap_10_hyst_2_donor-unavailable-no-sat-seed1,seed1,no_satellite
60.5,tn-uav,1,6,0,-1.0,0,0.0,-1000000000.0,UNREACHABLE,0,1,-999.0,-999.0,0,1,ACTIVE,NO_BACKHAUL_AVAILABLE,NEAR_RT_RIC_SWITCHING_NO_SATELLITE_BACKHAUL,TN_NEAR_RT_RIC,0,0.1,2,2,AUTONOMOUS_LOCAL_ISLAND,0.0,0.0,0.0,0.0,0.0,0.0,tn-uav_ueS1_50_ueS2_50_tnGnb_4_ntnGnb_3_tnCap_20_ntnCap_10_hyst_2_donor-unavailable-no-sat-seed1,seed1,no_satellite
60.5,tn-uav,2,7,0,-1.0,0,0.0,-1000000000.0,UNREACHABLE,0,1,-999.0,-999.0,0,1,ACTIVE,NO_BACKHAUL_AVAILABLE,NEAR_RT_RIC_SWITCHING_NO_SATELLITE_BACKHAUL,TN_NEAR_RT_RIC,0,0.1,2,2,AUTONOMOUS_LOCAL_ISLAND,0.0,0.0,0.0,0.0,0.0,0.0,tn-uav_ueS1_50_ueS2_50_tnGnb_4_ntnGnb_3_tnCap_20_ntnCap_10_hyst_2_donor-unavailable-no-sat-seed1,seed1,no_satellite
62.5,tn-uav,0,5,0,-1.0,0,0.0,-1000000000.0,UNREACHABLE,0,1,-999.0,-999.0,0,1,ACTIVE,NO_BACKHAUL_AVAILABLE,NEAR_RT_RIC_SWITCHING_NO_SATELLITE_BACKHAUL,TN_NEAR_RT_RIC,0,0.1,2,2,AUTONOMOUS_LOCAL_ISLAND,0.24,21.9333,0.000470582,0.0,0.0,0.0,tn-uav_ueS1_50_ueS2_50_tnGnb_4_ntnGnb_3_tnCap_20_ntnCap_10_hyst_2_donor-unavailable-no-sat-seed1,seed1,no_satellite
62.5,tn-uav,1,6,0,-1.0,0,0.0,-1000000000.0,UNREACHABLE,0,1,-999.0,-999.0,0,1,ACTIVE,NO_BACKHAUL_AVAILABLE,NEAR_RT_RIC_SWITCHING_NO_SATELLITE_BACKHAUL,TN_NEAR_RT_RIC,0,0.1,2,2,AUTONOMOUS_LOCAL_ISLAND,0.24,21.9333,0.000470582,0.0,0.0,0.0,tn-uav_ueS1_50_ueS2_50_tnGnb_4_ntnGnb_3_tnCap_20_ntnCap_10_hyst_2_donor-unavailable-no-sat-seed1,seed1,no_satellite
62.5,tn-uav,2,7,0,-1.0,0,0.0,-1000000000.0,UNREACHABLE,0,1,-999.0,-999.0,0,1,ACTIVE,NO_BACKHAUL_AVAILABLE,NEAR_RT_RIC_SWITCHING_NO_SATELLITE_BACKHAUL,TN_NEAR_RT_RIC,0,0.1,2,2,AUTONOMOUS_LOCAL_ISLAND,0.24,21.9333,0.000470582,0.0,0.0,0.0,tn-uav_ueS1_50_ueS2_50_tnGnb_4_ntnGnb_3_tnCap_20_ntnCap_10_hyst_2_donor-unavailable-no-sat-seed1,seed1,no_satellite
64.5,tn-uav,0,5,0,-1.0,0,0.0,-1000000000.0,UNREACHABLE,0,1,-999.0,-999.0,0,1,ACTIVE,NO_BACKHAUL_AVAILABLE,NEAR_RT_RIC_SWITCHING_NO_SATELLITE_BACKHAUL,TN_NEAR_RT_RIC,0,0.1,2,2,AUTONOMOUS_LOCAL_ISLAND,0.0,0.0,0.0,0.0,0.0,0.0,tn-uav_ueS1_50_ueS2_50_tnGnb_4_ntnGnb_3_tnCap_20_ntnCap_10_hyst_2_donor-unavailable-no-sat-seed1,seed1,no_satellite
64.5,tn-uav,1,6,0,-1.0,0,0.0,-1000000000.0,UNREACHABLE,0,1,-999.0,-999.0,0,1,ACTIVE,NO_BACKHAUL_AVAILABLE,NEAR_RT_RIC_SWITCHING_NO_SATELLITE_BACKHAUL,TN_NEAR_RT_RIC,0,0.1,2,2,AUTONOMOUS_LOCAL_ISLAND,0.0,0.0,0.0,0.0,0.0,0.0,tn-uav_ueS1_50_ueS2_50_tnGnb_4_ntnGnb_3_tnCap_20_ntnCap_10_hyst_2_donor-unavailable-no-sat-seed1,seed1,no_satellite
64.5,tn-uav,2,7,0,-1.0,0,0.0,-1000000000.0,UNREACHABLE,0,1,-999.0,-999.0,0,1,ACTIVE,NO_BACKHAUL_AVAILABLE,NEAR_RT_RIC_SWITCHING_NO_SATELLITE_BACKHAUL,TN_NEAR_RT_RIC,0,0.1,2,2,AUTONOMOUS_LOCAL_ISLAND,0.0,0.0,0.0,0.0,0.0,0.0,tn-uav_ueS1_50_ueS2_50_tnGnb_4_ntnGnb_3_tnCap_20_ntnCap_10_hyst_2_donor-unavailable-no-sat-seed1,seed1,no_satellite
66.5,tn-uav,0,5,0,-1.0,0,0.0,-1000000000.0,UNREACHABLE,0,1,-999.0,-999.0,0,1,ACTIVE,NO_BACKHAUL_AVAILABLE,NEAR_RT_RIC_SWITCHING_NO_SATELLITE_BACKHAUL,TN_NEAR_RT_RIC,0,0.1,2,2,AUTONOMOUS_LOCAL_ISLAND,0.0,0.0,0.0,0.0,0.0,0.0,tn-uav_ueS1_50_ueS2_50_tnGnb_4_ntnGnb_3_tnCap_20_ntnCap_10_hyst_2_donor-unavailable-no-sat-seed1,seed1,no_satellite
66.5,tn-uav,1,6,0,-1.0,0,0.0,-1000000000.0,UNREACHABLE,0,1,-999.0,-999.0,0,1,ACTIVE,NO_BACKHAUL_AVAILABLE,NEAR_RT_RIC_SWITCHING_NO_SATELLITE_BACKHAUL,TN_NEAR_RT_RIC,0,0.1,2,2,AUTONOMOUS_LOCAL_ISLAND,0.0,0.0,0.0,0.0,0.0,0.0,tn-uav_ueS1_50_ueS2_50_tnGnb_4_ntnGnb_3_tnCap_20_ntnCap_10_hyst_2_donor-unavailable-no-sat-seed1,seed1,no_satellite
66.5,tn-uav,2,7,0,-1.0,0,0.0,-1000000000.0,UNREACHABLE,0,1,-999.0,-999.0,0,1,ACTIVE,NO_BACKHAUL_AVAILABLE,NEAR_RT_RIC_SWITCHING_NO_SATELLITE_BACKHAUL,TN_NEAR_RT_RIC,0,0.1,2,2,AUTONOMOUS_LOCAL_ISLAND,0.0,0.0,0.0,0.0,0.0,0.0,tn-uav_ueS1_50_ueS2_50_tnGnb_4_ntnGnb_3_tnCap_20_ntnCap_10_hyst_2_donor-unavailable-no-sat-seed1,seed1,no_satellite
68.5,tn-uav,0,5,0,-1.0,0,0.0,-1000000000.0,UNREACHABLE,0,1,-999.0,-999.0,0,1,ACTIVE,NO_BACKHAUL_AVAILABLE,NEAR_RT_RIC_SWITCHING_NO_SATELLITE_BACKHAUL,TN_NEAR_RT_RIC,0,0.1,2,2,AUTONOMOUS_LOCAL_ISLAND,0.0,0.0,0.0,0.0,0.0,0.0,tn-uav_ueS1_50_ueS2_50_tnGnb_4_ntnGnb_3_tnCap_20_ntnCap_10_hyst_2_donor-unavailable-no-sat-seed1,seed1,no_satellite
68.5,tn-uav,1,6,0,-1.0,0,0.0,-1000000000.0,UNREACHABLE,0,1,-999.0,-999.0,0,1,ACTIVE,NO_BACKHAUL_AVAILABLE,NEAR_RT_RIC_SWITCHING_NO_SATELLITE_BACKHAUL,TN_NEAR_RT_RIC,0,0.1,2,2,AUTONOMOUS_LOCAL_ISLAND,0.0,0.0,0.0,0.0,0.0,0.0,tn-uav_ueS1_50_ueS2_50_tnGnb_4_ntnGnb_3_tnCap_20_ntnCap_10_hyst_2_donor-unavailable-no-sat-seed1,seed1,no_satellite
68.5,tn-uav,2,7,0,-1.0,0,0.0,-1000000000.0,UNREACHABLE,0,1,-999.0,-999.0,0,1,ACTIVE,NO_BACKHAUL_AVAILABLE,NEAR_RT_RIC_SWITCHING_NO_SATELLITE_BACKHAUL,TN_NEAR_RT_RIC,0,0.1,2,2,AUTONOMOUS_LOCAL_ISLAND,0.0,0.0,0.0,0.0,0.0,0.0,tn-uav_ueS1_50_ueS2_50_tnGnb_4_ntnGnb_3_tnCap_20_ntnCap_10_hyst_2_donor-unavailable-no-sat-seed1,seed1,no_satellite
70.5,tn-uav,0,5,0,-1.0,0,0.0,-1000000000.0,UNREACHABLE,0,1,-999.0,-999.0,0,1,ACTIVE,NO_BACKHAUL_AVAILABLE,NEAR_RT_RIC_SWITCHING_NO_SATELLITE_BACKHAUL,TN_NEAR_RT_RIC,0,0.1,2,2,AUTONOMOUS_LOCAL_ISLAND,0.0,0.0,0.0,0.0,0.0,0.0,tn-uav_ueS1_50_ueS2_50_tnGnb_4_ntnGnb_3_tnCap_20_ntnCap_10_hyst_2_donor-unavailable-no-sat-seed1,seed1,no_satellite
70.5,tn-uav,1,6,0,-1.0,0,0.0,-1000000000.0,UNREACHABLE,0,1,-999.0,-999.0,0,1,ACTIVE,NO_BACKHAUL_AVAILABLE,NEAR_RT_RIC_SWITCHING_NO_SATELLITE_BACKHAUL,TN_NEAR_RT_RIC,0,0.1,2,2,AUTONOMOUS_LOCAL_ISLAND,0.0,0.0,0.0,0.0,0.0,0.0,tn-uav_ueS1_50_ueS2_50_tnGnb_4_ntnGnb_3_tnCap_20_ntnCap_10_hyst_2_donor-unavailable-no-sat-seed1,seed1,no_satellite
70.5,tn-uav,2,7,0,-1.0,0,0.0,-1000000000.0,UNREACHABLE,0,1,-999.0,-999.0,0,1,ACTIVE,NO_BACKHAUL_AVAILABLE,NEAR_RT_RIC_SWITCHING_NO_SATELLITE_BACKHAUL,TN_NEAR_RT_RIC,0,0.1,2,2,AUTONOMOUS_LOCAL_ISLAND,0.0,0.0,0.0,0.0,0.0,0.0,tn-uav_ueS1_50_ueS2_50_tnGnb_4_ntnGnb_3_tnCap_20_ntnCap_10_hyst_2_donor-unavailable-no-sat-seed1,seed1,no_satellite
72.5,tn-uav,0,5,0,-1.0,0,0.0,-1000000000.0,UNREACHABLE,0,1,-999.0,-999.0,0,1,ACTIVE,NO_BACKHAUL_AVAILABLE,NEAR_RT_RIC_SWITCHING_NO_SATELLITE_BACKHAUL,TN_NEAR_RT_RIC,0,0.1,2,2,AUTONOMOUS_LOCAL_ISLAND,0.0,0.0,0.0,0.0,0.0,0.0,tn-uav_ueS1_50_ueS2_50_tnGnb_4_ntnGnb_3_tnCap_20_ntnCap_10_hyst_2_donor-unavailable-no-sat-seed1,seed1,no_satellite
72.5,tn-uav,1,6,0,-1.0,0,0.0,-1000000000.0,UNREACHABLE,0,1,-999.0,-999.0,0,1,ACTIVE,NO_BACKHAUL_AVAILABLE,NEAR_RT_RIC_SWITCHING_NO_SATELLITE_BACKHAUL,TN_NEAR_RT_RIC,0,0.1,2,2,AUTONOMOUS_LOCAL_ISLAND,0.0,0.0,0.0,0.0,0.0,0.0,tn-uav_ueS1_50_ueS2_50_tnGnb_4_ntnGnb_3_tnCap_20_ntnCap_10_hyst_2_donor-unavailable-no-sat-seed1,seed1,no_satellite
72.5,tn-uav,2,7,0,-1.0,0,0.0,-1000000000.0,UNREACHABLE,0,1,-999.0,-999.0,0,1,ACTIVE,NO_BACKHAUL_AVAILABLE,NEAR_RT_RIC_SWITCHING_NO_SATELLITE_BACKHAUL,TN_NEAR_RT_RIC,0,0.1,2,2,AUTONOMOUS_LOCAL_ISLAND,0.0,0.0,0.0,0.0,0.0,0.0,tn-uav_ueS1_50_ueS2_50_tnGnb_4_ntnGnb_3_tnCap_20_ntnCap_10_hyst_2_donor-unavailable-no-sat-seed1,seed1,no_satellite
74.5,tn-uav,0,5,0,-1.0,0,0.0,-1000000000.0,UNREACHABLE,0,1,-999.0,-999.0,0,1,ACTIVE,NO_BACKHAUL_AVAILABLE,NEAR_RT_RIC_SWITCHING_NO_SATELLITE_BACKHAUL,TN_NEAR_RT_RIC,0,0.1,2,2,AUTONOMOUS_LOCAL_ISLAND,0.0,0.0,0.0,0.0,0.0,0.0,tn-uav_ueS1_50_ueS2_50_tnGnb_4_ntnGnb_3_tnCap_20_ntnCap_10_hyst_2_donor-unavailable-no-sat-seed1,seed1,no_satellite
74.5,tn-uav,1,6,0,-1.0,0,0.0,-1000000000.0,UNREACHABLE,0,1,-999.0,-999.0,0,1,ACTIVE,NO_BACKHAUL_AVAILABLE,NEAR_RT_RIC_SWITCHING_NO_SATELLITE_BACKHAUL,TN_NEAR_RT_RIC,0,0.1,2,2,AUTONOMOUS_LOCAL_ISLAND,0.0,0.0,0.0,0.0,0.0,0.0,tn-uav_ueS1_50_ueS2_50_tnGnb_4_ntnGnb_3_tnCap_20_ntnCap_10_hyst_2_donor-unavailable-no-sat-seed1,seed1,no_satellite
74.5,tn-uav,2,7,0,-1.0,0,0.0,-1000000000.0,UNREACHABLE,0,1,-999.0,-999.0,0,1,ACTIVE,NO_BACKHAUL_AVAILABLE,NEAR_RT_RIC_SWITCHING_NO_SATELLITE_BACKHAUL,TN_NEAR_RT_RIC,0,0.1,2,2,AUTONOMOUS_LOCAL_ISLAND,0.0,0.0,0.0,0.0,0.0,0.0,tn-uav_ueS1_50_ueS2_50_tnGnb_4_ntnGnb_3_tnCap_20_ntnCap_10_hyst_2_donor-unavailable-no-sat-seed1,seed1,no_satellite
76.5,tn-uav,0,5,2,2683.83,1,3.95538,-66.0609,HEALTHY,0,0,-999.0,-999.0,0,1,STANDBY,TN_DIRECT,TN_E2,TN_NEAR_RT_RIC,1,0.1,2,2,TN_CONTROLLED_COVERAGE_EXTENSION,0.0,0.0,0.0,0.0,0.0,0.0,tn-uav_ueS1_50_ueS2_50_tnGnb_4_ntnGnb_3_tnCap_20_ntnCap_10_hyst_2_donor-unavailable-no-sat-seed1,seed1,no_satellite
76.5,tn-uav,1,6,4,627.126,1,-3.40917,-60.7975,HEALTHY,0,0,-999.0,-999.0,0,1,STANDBY,TN_DIRECT,TN_E2,TN_NEAR_RT_RIC,1,0.1,2,2,TN_CONTROLLED_COVERAGE_EXTENSION,0.0,0.0,0.0,0.0,0.0,0.0,tn-uav_ueS1_50_ueS2_50_tnGnb_4_ntnGnb_3_tnCap_20_ntnCap_10_hyst_2_donor-unavailable-no-sat-seed1,seed1,no_satellite
76.5,tn-uav,2,7,2,657.796,1,1.23778,-56.5652,HEALTHY,0,0,-999.0,-999.0,0,1,STANDBY,TN_DIRECT,TN_E2,TN_NEAR_RT_RIC,1,0.1,2,2,TN_CONTROLLED_COVERAGE_EXTENSION,0.0,0.0,0.0,0.0,0.0,0.0,tn-uav_ueS1_50_ueS2_50_tnGnb_4_ntnGnb_3_tnCap_20_ntnCap_10_hyst_2_donor-unavailable-no-sat-seed1,seed1,no_satellite
78.5,tn-uav,0,5,1,2265.87,1,-0.64891,-69.1948,HEALTHY,0,0,-999.0,-999.0,0,1,STANDBY,TN_DIRECT,TN_E2,TN_NEAR_RT_RIC,1,0.1,2,2,TN_CONTROLLED_COVERAGE_EXTENSION,0.0,0.0,0.0,0.0,0.0,0.0,tn-uav_ueS1_50_ueS2_50_tnGnb_4_ntnGnb_3_tnCap_20_ntnCap_10_hyst_2_donor-unavailable-no-sat-seed1,seed1,no_satellite
78.5,tn-uav,1,6,4,663.794,1,-2.55936,-60.4412,HEALTHY,0,0,-999.0,-999.0,0,1,STANDBY,TN_DIRECT,TN_E2,TN_NEAR_RT_RIC,1,0.1,2,2,TN_CONTROLLED_COVERAGE_EXTENSION,0.0,0.0,0.0,0.0,0.0,0.0,tn-uav_ueS1_50_ueS2_50_tnGnb_4_ntnGnb_3_tnCap_20_ntnCap_10_hyst_2_donor-unavailable-no-sat-seed1,seed1,no_satellite
78.5,tn-uav,2,7,2,660.418,1,0.381982,-57.4556,HEALTHY,0,0,-999.0,-999.0,0,1,STANDBY,TN_DIRECT,TN_E2,TN_NEAR_RT_RIC,1,0.1,2,2,TN_CONTROLLED_COVERAGE_EXTENSION,0.0,0.0,0.0,0.0,0.0,0.0,tn-uav_ueS1_50_ueS2_50_tnGnb_4_ntnGnb_3_tnCap_20_ntnCap_10_hyst_2_donor-unavailable-no-sat-seed1,seed1,no_satellite
80.5,tn-uav,0,5,1,2294.75,1,1.48981,-67.1661,HEALTHY,0,0,-999.0,-999.0,0,1,STANDBY,TN_DIRECT,TN_E2,TN_NEAR_RT_RIC,1,0.1,2,2,TN_CONTROLLED_COVERAGE_EXTENSION,0.52,8.887305,0.0010195923999999999,0.0,0.0,0.0,tn-uav_ueS1_50_ueS2_50_tnGnb_4_ntnGnb_3_tnCap_20_ntnCap_10_hyst_2_donor-unavailable-no-sat-seed1,seed1,no_satellite
80.5,tn-uav,1,6,4,712.083,1,-0.447712,-58.9395,HEALTHY,0,0,-999.0,-999.0,0,1,STANDBY,TN_DIRECT,TN_E2,TN_NEAR_RT_RIC,1,0.1,2,2,TN_CONTROLLED_COVERAGE_EXTENSION,0.52,8.887305,0.0010195923999999999,0.0,0.0,0.0,tn-uav_ueS1_50_ueS2_50_tnGnb_4_ntnGnb_3_tnCap_20_ntnCap_10_hyst_2_donor-unavailable-no-sat-seed1,seed1,no_satellite
80.5,tn-uav,2,7,2,611.974,1,1.3569,-55.819,HEALTHY,0,0,-999.0,-999.0,0,1,STANDBY,TN_DIRECT,TN_E2,TN_NEAR_RT_RIC,1,0.1,2,2,TN_CONTROLLED_COVERAGE_EXTENSION,0.52,8.887305,0.0010195923999999999,0.0,0.0,0.0,tn-uav_ueS1_50_ueS2_50_tnGnb_4_ntnGnb_3_tnCap_20_ntnCap_10_hyst_2_donor-unavailable-no-sat-seed1,seed1,no_satellite
82.5,tn-uav,0,5,3,2315.54,1,-3.8457,-72.58,HEALTHY,0,0,-999.0,-999.0,0,1,STANDBY,TN_DIRECT,TN_E2,TN_NEAR_RT_RIC,1,0.1,2,2,TN_CONTROLLED_COVERAGE_EXTENSION,0.0,0.0,0.0,0.0,0.0,0.0,tn-uav_ueS1_50_ueS2_50_tnGnb_4_ntnGnb_3_tnCap_20_ntnCap_10_hyst_2_donor-unavailable-no-sat-seed1,seed1,no_satellite
82.5,tn-uav,1,6,4,756.057,1,-0.163872,-59.1762,HEALTHY,0,0,-999.0,-999.0,0,1,STANDBY,TN_DIRECT,TN_E2,TN_NEAR_RT_RIC,1,0.1,2,2,TN_CONTROLLED_COVERAGE_EXTENSION,0.0,0.0,0.0,0.0,0.0,0.0,tn-uav_ueS1_50_ueS2_50_tnGnb_4_ntnGnb_3_tnCap_20_ntnCap_10_hyst_2_donor-unavailable-no-sat-seed1,seed1,no_satellite
82.5,tn-uav,2,7,2,590.246,1,-2.04926,-58.9111,HEALTHY,0,0,-999.0,-999.0,0,1,STANDBY,TN_DIRECT,TN_E2,TN_NEAR_RT_RIC,1,0.1,2,2,TN_CONTROLLED_COVERAGE_EXTENSION,0.0,0.0,0.0,0.0,0.0,0.0,tn-uav_ueS1_50_ueS2_50_tnGnb_4_ntnGnb_3_tnCap_20_ntnCap_10_hyst_2_donor-unavailable-no-sat-seed1,seed1,no_satellite
84.5,tn-uav,0,5,1,2376.59,1,4.33644,-64.6239,HEALTHY,0,0,-999.0,-999.0,0,1,STANDBY,TN_DIRECT,TN_E2,TN_NEAR_RT_RIC,1,0.1,2,2,TN_CONTROLLED_COVERAGE_EXTENSION,0.12,10.7667,0.00023529,0.0,0.0,0.0,tn-uav_ueS1_50_ueS2_50_tnGnb_4_ntnGnb_3_tnCap_20_ntnCap_10_hyst_2_donor-unavailable-no-sat-seed1,seed1,no_satellite
84.5,tn-uav,1,6,4,794.784,1,2.52106,-56.9251,HEALTHY,0,0,-999.0,-999.0,0,1,STANDBY,TN_DIRECT,TN_E2,TN_NEAR_RT_RIC,1,0.1,2,2,TN_CONTROLLED_COVERAGE_EXTENSION,0.12,10.7667,0.00023529,0.0,0.0,0.0,tn-uav_ueS1_50_ueS2_50_tnGnb_4_ntnGnb_3_tnCap_20_ntnCap_10_hyst_2_donor-unavailable-no-sat-seed1,seed1,no_satellite
84.5,tn-uav,2,7,1,1070.57,1,0.704911,-61.3286,HEALTHY,0,0,-999.0,-999.0,0,1,STANDBY,TN_DIRECT,TN_E2,TN_NEAR_RT_RIC,1,0.1,2,2,TN_CONTROLLED_COVERAGE_EXTENSION,0.12,10.7667,0.00023529,0.0,0.0,0.0,tn-uav_ueS1_50_ueS2_50_tnGnb_4_ntnGnb_3_tnCap_20_ntnCap_10_hyst_2_donor-unavailable-no-sat-seed1,seed1,no_satellite
86.5,tn-uav,0,5,1,2403.56,1,-1.7948,-70.8531,HEALTHY,0,0,-999.0,-999.0,0,1,STANDBY,TN_DIRECT,TN_E2,TN_NEAR_RT_RIC,1,0.1,2,2,TN_CONTROLLED_COVERAGE_EXTENSION,0.68,87.7165,0.0013333124000000003,0.0,0.0,0.0,tn-uav_ueS1_50_ueS2_50_tnGnb_4_ntnGnb_3_tnCap_20_ntnCap_10_hyst_2_donor-unavailable-no-sat-seed1,seed1,no_satellite
86.5,tn-uav,1,6,4,844.094,1,-1.15315,-61.1222,HEALTHY,0,0,-999.0,-999.0,0,1,STANDBY,TN_DIRECT,TN_E2,TN_NEAR_RT_RIC,1,0.1,2,2,TN_CONTROLLED_COVERAGE_EXTENSION,0.68,87.7165,0.0013333124000000003,0.0,0.0,0.0,tn-uav_ueS1_50_ueS2_50_tnGnb_4_ntnGnb_3_tnCap_20_ntnCap_10_hyst_2_donor-unavailable-no-sat-seed1,seed1,no_satellite
86.5,tn-uav,2,7,2,652.889,1,1.00142,-56.7366,HEALTHY,0,0,-999.0,-999.0,0,1,STANDBY,TN_DIRECT,TN_E2,TN_NEAR_RT_RIC,1,0.1,2,2,TN_CONTROLLED_COVERAGE_EXTENSION,0.68,87.7165,0.0013333124000000003,0.0,0.0,0.0,tn-uav_ueS1_50_ueS2_50_tnGnb_4_ntnGnb_3_tnCap_20_ntnCap_10_hyst_2_donor-unavailable-no-sat-seed1,seed1,no_satellite
88.5,tn-uav,0,5,2,2856.51,1,0.0476279,-70.5103,HEALTHY,0,0,-999.0,-999.0,0,1,STANDBY,TN_DIRECT,TN_E2,TN_NEAR_RT_RIC,1,0.1,2,2,TN_CONTROLLED_COVERAGE_EXTENSION,0.04,12.1,7.843019999999999e-05,0.0,0.0,0.0,tn-uav_ueS1_50_ueS2_50_tnGnb_4_ntnGnb_3_tnCap_20_ntnCap_10_hyst_2_donor-unavailable-no-sat-seed1,seed1,no_satellite
88.5,tn-uav,1,6,4,893.467,1,1.42404,-59.0387,HEALTHY,0,0,-999.0,-999.0,0,1,STANDBY,TN_DIRECT,TN_E2,TN_NEAR_RT_RIC,1,0.1,2,2,TN_CONTROLLED_COVERAGE_EXTENSION,0.04,12.1,7.843019999999999e-05,0.0,0.0,0.0,tn-uav_ueS1_50_ueS2_50_tnGnb_4_ntnGnb_3_tnCap_20_ntnCap_10_hyst_2_donor-unavailable-no-sat-seed1,seed1,no_satellite
88.5,tn-uav,2,7,2,603.773,1,-0.426974,-57.4857,HEALTHY,0,0,-999.0,-999.0,0,1,STANDBY,TN_DIRECT,TN_E2,TN_NEAR_RT_RIC,1,0.1,2,2,TN_CONTROLLED_COVERAGE_EXTENSION,0.04,12.1,7.843019999999999e-05,0.0,0.0,0.0,tn-uav_ueS1_50_ueS2_50_tnGnb_4_ntnGnb_3_tnCap_20_ntnCap_10_hyst_2_donor-unavailable-no-sat-seed1,seed1,no_satellite
90.5,tn-uav,0,5,3,2360.92,1,2.49687,-66.4059,HEALTHY,0,0,-999.0,-999.0,0,1,STANDBY,TN_DIRECT,TN_E2,TN_NEAR_RT_RIC,1,0.1,2,2,TN_CONTROLLED_COVERAGE_EXTENSION,0.0,0.0,0.0,0.0,0.0,0.0,tn-uav_ueS1_50_ueS2_50_tnGnb_4_ntnGnb_3_tnCap_20_ntnCap_10_hyst_2_donor-unavailable-no-sat-seed1,seed1,no_satellite
90.5,tn-uav,1,6,4,942.715,1,-1.83449,-62.7633,HEALTHY,0,0,-999.0,-999.0,0,1,STANDBY,TN_DIRECT,TN_E2,TN_NEAR_RT_RIC,1,0.1,2,2,TN_CONTROLLED_COVERAGE_EXTENSION,0.0,0.0,0.0,0.0,0.0,0.0,tn-uav_ueS1_50_ueS2_50_tnGnb_4_ntnGnb_3_tnCap_20_ntnCap_10_hyst_2_donor-unavailable-no-sat-seed1,seed1,no_satellite
90.5,tn-uav,2,7,2,555.086,1,-2.73288,-59.0613,HEALTHY,0,0,-999.0,-999.0,0,1,STANDBY,TN_DIRECT,TN_E2,TN_NEAR_RT_RIC,1,0.1,2,2,TN_CONTROLLED_COVERAGE_EXTENSION,0.0,0.0,0.0,0.0,0.0,0.0,tn-uav_ueS1_50_ueS2_50_tnGnb_4_ntnGnb_3_tnCap_20_ntnCap_10_hyst_2_donor-unavailable-no-sat-seed1,seed1,no_satellite
92.5,tn-uav,0,5,1,2403.56,1,-1.54565,-70.6039,HEALTHY,0,0,-999.0,-999.0,0,1,STANDBY,TN_DIRECT,TN_E2,TN_NEAR_RT_RIC,1,0.1,2,2,TN_CONTROLLED_COVERAGE_EXTENSION,0.0,0.0,0.0,0.0,0.0,0.0,tn-uav_ueS1_50_ueS2_50_tnGnb_4_ntnGnb_3_tnCap_20_ntnCap_10_hyst_2_donor-unavailable-no-sat-seed1,seed1,no_satellite
92.5,tn-uav,1,6,4,991.614,1,0.503886,-60.8642,HEALTHY,0,0,-999.0,-999.0,0,1,STANDBY,TN_DIRECT,TN_E2,TN_NEAR_RT_RIC,1,0.1,2,2,TN_CONTROLLED_COVERAGE_EXTENSION,0.0,0.0,0.0,0.0,0.0,0.0,tn-uav_ueS1_50_ueS2_50_tnGnb_4_ntnGnb_3_tnCap_20_ntnCap_10_hyst_2_donor-unavailable-no-sat-seed1,seed1,no_satellite
92.5,tn-uav,2,7,2,506.478,1,0.0998728,-55.4325,HEALTHY,0,0,-999.0,-999.0,0,1,STANDBY,TN_DIRECT,TN_E2,TN_NEAR_RT_RIC,1,0.1,2,2,TN_CONTROLLED_COVERAGE_EXTENSION,0.0,0.0,0.0,0.0,0.0,0.0,tn-uav_ueS1_50_ueS2_50_tnGnb_4_ntnGnb_3_tnCap_20_ntnCap_10_hyst_2_donor-unavailable-no-sat-seed1,seed1,no_satellite
94.5,tn-uav,0,5,1,2403.56,1,0.346395,-68.7119,HEALTHY,0,0,-999.0,-999.0,0,1,STANDBY,TN_DIRECT,TN_E2,TN_NEAR_RT_RIC,1,0.1,2,2,TN_CONTROLLED_COVERAGE_EXTENSION,0.0,0.0,0.0,0.0,0.0,0.0,tn-uav_ueS1_50_ueS2_50_tnGnb_4_ntnGnb_3_tnCap_20_ntnCap_10_hyst_2_donor-unavailable-no-sat-seed1,seed1,no_satellite
94.5,tn-uav,1,6,4,1013.01,1,-2.42649,-63.98,HEALTHY,0,0,-999.0,-999.0,0,1,STANDBY,TN_DIRECT,TN_E2,TN_NEAR_RT_RIC,1,0.1,2,2,TN_CONTROLLED_COVERAGE_EXTENSION,0.0,0.0,0.0,0.0,0.0,0.0,tn-uav_ueS1_50_ueS2_50_tnGnb_4_ntnGnb_3_tnCap_20_ntnCap_10_hyst_2_donor-unavailable-no-sat-seed1,seed1,no_satellite
94.5,tn-uav,2,7,2,472.519,1,2.32842,-52.6012,HEALTHY,0,0,-999.0,-999.0,0,1,STANDBY,TN_DIRECT,TN_E2,TN_NEAR_RT_RIC,1,0.1,2,2,TN_CONTROLLED_COVERAGE_EXTENSION,0.0,0.0,0.0,0.0,0.0,0.0,tn-uav_ueS1_50_ueS2_50_tnGnb_4_ntnGnb_3_tnCap_20_ntnCap_10_hyst_2_donor-unavailable-no-sat-seed1,seed1,no_satellite
96.5,tn-uav,0,5,2,2856.51,1,-0.464764,-71.0227,HEALTHY,0,0,-999.0,-999.0,0,1,STANDBY,TN_DIRECT,TN_E2,TN_NEAR_RT_RIC,1,0.1,2,2,TN_CONTROLLED_COVERAGE_EXTENSION,0.0,0.0,0.0,0.0,0.0,0.0,tn-uav_ueS1_50_ueS2_50_tnGnb_4_ntnGnb_3_tnCap_20_ntnCap_10_hyst_2_donor-unavailable-no-sat-seed1,seed1,no_satellite
96.5,tn-uav,1,6,4,973.361,1,-0.891564,-62.0982,HEALTHY,0,0,-999.0,-999.0,0,1,STANDBY,TN_DIRECT,TN_E2,TN_NEAR_RT_RIC,1,0.1,2,2,TN_CONTROLLED_COVERAGE_EXTENSION,0.0,0.0,0.0,0.0,0.0,0.0,tn-uav_ueS1_50_ueS2_50_tnGnb_4_ntnGnb_3_tnCap_20_ntnCap_10_hyst_2_donor-unavailable-no-sat-seed1,seed1,no_satellite
96.5,tn-uav,2,7,2,472.519,1,0.960632,-53.969,HEALTHY,0,0,-999.0,-999.0,0,1,STANDBY,TN_DIRECT,TN_E2,TN_NEAR_RT_RIC,1,0.1,2,2,TN_CONTROLLED_COVERAGE_EXTENSION,0.0,0.0,0.0,0.0,0.0,0.0,tn-uav_ueS1_50_ueS2_50_tnGnb_4_ntnGnb_3_tnCap_20_ntnCap_10_hyst_2_donor-unavailable-no-sat-seed1,seed1,no_satellite
98.5,tn-uav,0,5,1,2403.56,1,0.894557,-68.1637,HEALTHY,0,0,-999.0,-999.0,0,1,STANDBY,TN_DIRECT,TN_E2,TN_NEAR_RT_RIC,1,0.1,2,2,TN_CONTROLLED_COVERAGE_EXTENSION,0.0,0.0,0.0,0.0,0.0,0.0,tn-uav_ueS1_50_ueS2_50_tnGnb_4_ntnGnb_3_tnCap_20_ntnCap_10_hyst_2_donor-unavailable-no-sat-seed1,seed1,no_satellite
98.5,tn-uav,1,6,4,935.949,1,-1.13077,-61.997,HEALTHY,0,0,-999.0,-999.0,0,1,STANDBY,TN_DIRECT,TN_E2,TN_NEAR_RT_RIC,1,0.1,2,2,TN_CONTROLLED_COVERAGE_EXTENSION,0.0,0.0,0.0,0.0,0.0,0.0,tn-uav_ueS1_50_ueS2_50_tnGnb_4_ntnGnb_3_tnCap_20_ntnCap_10_hyst_2_donor-unavailable-no-sat-seed1,seed1,no_satellite
98.5,tn-uav,2,7,2,472.519,1,-1.29739,-56.227,HEALTHY,0,0,-999.0,-999.0,0,1,STANDBY,TN_DIRECT,TN_E2,TN_NEAR_RT_RIC,1,0.1,2,2,TN_CONTROLLED_COVERAGE_EXTENSION,0.0,0.0,0.0,0.0,0.0,0.0,tn-uav_ueS1_50_ueS2_50_tnGnb_4_ntnGnb_3_tnCap_20_ntnCap_10_hyst_2_donor-unavailable-no-sat-seed1,seed1,no_satellite
100.5,tn-uav,0,5,3,2370.04,1,1.93205,-67.0043,HEALTHY,0,0,-999.0,-999.0,0,1,STANDBY,TN_DIRECT,TN_E2,TN_NEAR_RT_RIC,1,0.1,2,2,TN_CONTROLLED_COVERAGE_EXTENSION,0.0,0.0,0.0,0.0,0.0,0.0,tn-uav_ueS1_50_ueS2_50_tnGnb_4_ntnGnb_3_tnCap_20_ntnCap_10_hyst_2_donor-unavailable-no-sat-seed1,seed1,no_satellite
100.5,tn-uav,1,6,4,925.686,1,0.0282538,-60.7422,HEALTHY,0,0,-999.0,-999.0,0,1,STANDBY,TN_DIRECT,TN_E2,TN_NEAR_RT_RIC,1,0.1,2,2,TN_CONTROLLED_COVERAGE_EXTENSION,0.0,0.0,0.0,0.0,0.0,0.0,tn-uav_ueS1_50_ueS2_50_tnGnb_4_ntnGnb_3_tnCap_20_ntnCap_10_hyst_2_donor-unavailable-no-sat-seed1,seed1,no_satellite
100.5,tn-uav,2,7,2,458.322,1,1.78599,-52.8786,HEALTHY,0,0,-999.0,-999.0,0,1,STANDBY,TN_DIRECT,TN_E2,TN_NEAR_RT_RIC,1,0.1,2,2,TN_CONTROLLED_COVERAGE_EXTENSION,0.0,0.0,0.0,0.0,0.0,0.0,tn-uav_ueS1_50_ueS2_50_tnGnb_4_ntnGnb_3_tnCap_20_ntnCap_10_hyst_2_donor-unavailable-no-sat-seed1,seed1,no_satellite
102.5,tn-uav,0,5,1,2435.78,1,-2.57584,-71.7498,HEALTHY,0,0,-999.0,-999.0,0,1,STANDBY,TN_DIRECT,TN_E2,TN_NEAR_RT_RIC,1,0.1,2,2,TN_CONTROLLED_COVERAGE_EXTENSION,0.0,0.0,0.0,0.0,0.0,0.0,tn-uav_ueS1_50_ueS2_50_tnGnb_4_ntnGnb_3_tnCap_20_ntnCap_10_hyst_2_donor-unavailable-no-sat-seed1,seed1,no_satellite
102.5,tn-uav,1,6,4,973.31,1,0.969229,-60.237,HEALTHY,0,0,-999.0,-999.0,0,1,STANDBY,TN_DIRECT,TN_E2,TN_NEAR_RT_RIC,1,0.1,2,2,TN_CONTROLLED_COVERAGE_EXTENSION,0.0,0.0,0.0,0.0,0.0,0.0,tn-uav_ueS1_50_ueS2_50_tnGnb_4_ntnGnb_3_tnCap_20_ntnCap_10_hyst_2_donor-unavailable-no-sat-seed1,seed1,no_satellite
102.5,tn-uav,2,7,2,411.336,1,1.24914,-52.476,HEALTHY,0,0,-999.0,-999.0,0,1,STANDBY,TN_DIRECT,TN_E2,TN_NEAR_RT_RIC,1,0.1,2,2,TN_CONTROLLED_COVERAGE_EXTENSION,0.0,0.0,0.0,0.0,0.0,0.0,tn-uav_ueS1_50_ueS2_50_tnGnb_4_ntnGnb_3_tnCap_20_ntnCap_10_hyst_2_donor-unavailable-no-sat-seed1,seed1,no_satellite
104.5,tn-uav,0,5,3,2449.27,1,-1.22853,-70.4505,HEALTHY,0,0,-999.0,-999.0,0,1,STANDBY,TN_DIRECT,TN_E2,TN_NEAR_RT_RIC,1,0.1,2,2,TN_CONTROLLED_COVERAGE_EXTENSION,0.0,0.0,0.0,0.0,0.0,0.0,tn-uav_ueS1_50_ueS2_50_tnGnb_4_ntnGnb_3_tnCap_20_ntnCap_10_hyst_2_donor-unavailable-no-sat-seed1,seed1,no_satellite
104.5,tn-uav,1,6,4,1020.63,1,0.4871,-61.1315,HEALTHY,0,0,-999.0,-999.0,0,1,STANDBY,TN_DIRECT,TN_E2,TN_NEAR_RT_RIC,1,0.1,2,2,TN_CONTROLLED_COVERAGE_EXTENSION,0.0,0.0,0.0,0.0,0.0,0.0,tn-uav_ueS1_50_ueS2_50_tnGnb_4_ntnGnb_3_tnCap_20_ntnCap_10_hyst_2_donor-unavailable-no-sat-seed1,seed1,no_satellite
104.5,tn-uav,2,7,2,365.991,1,-2.95141,-55.662,HEALTHY,0,0,-999.0,-999.0,0,1,STANDBY,TN_DIRECT,TN_E2,TN_NEAR_RT_RIC,1,0.1,2,2,TN_CONTROLLED_COVERAGE_EXTENSION,0.0,0.0,0.0,0.0,0.0,0.0,tn-uav_ueS1_50_ueS2_50_tnGnb_4_ntnGnb_3_tnCap_20_ntnCap_10_hyst_2_donor-unavailable-no-sat-seed1,seed1,no_satellite
106.5,tn-uav,0,5,3,2468.76,1,-0.982422,-70.2732,HEALTHY,0,0,-999.0,-999.0,0,1,STANDBY,TN_DIRECT,TN_E2,TN_NEAR_RT_RIC,1,0.1,2,2,TN_CONTROLLED_COVERAGE_EXTENSION,0.0,0.0,0.0,0.0,0.0,0.0,tn-uav_ueS1_50_ueS2_50_tnGnb_4_ntnGnb_3_tnCap_20_ntnCap_10_hyst_2_donor-unavailable-no-sat-seed1,seed1,no_satellite
106.5,tn-uav,1,6,4,1064.59,1,-3.76143,-65.7463,HEALTHY,0,0,-999.0,-999.0,0,1,STANDBY,TN_DIRECT,TN_E2,TN_NEAR_RT_RIC,1,0.1,2,2,TN_CONTROLLED_COVERAGE_EXTENSION,0.0,0.0,0.0,0.0,0.0,0.0,tn-uav_ueS1_50_ueS2_50_tnGnb_4_ntnGnb_3_tnCap_20_ntnCap_10_hyst_2_donor-unavailable-no-sat-seed1,seed1,no_satellite
106.5,tn-uav,2,7,2,323.285,1,3.66204,-47.9709,HEALTHY,0,0,-999.0,-999.0,0,1,STANDBY,TN_DIRECT,TN_E2,TN_NEAR_RT_RIC,1,0.1,2,2,TN_CONTROLLED_COVERAGE_EXTENSION,0.0,0.0,0.0,0.0,0.0,0.0,tn-uav_ueS1_50_ueS2_50_tnGnb_4_ntnGnb_3_tnCap_20_ntnCap_10_hyst_2_donor-unavailable-no-sat-seed1,seed1,no_satellite
108.5,tn-uav,0,5,3,2437.32,1,-1.89993,-71.0794,HEALTHY,0,0,-999.0,-999.0,0,1,STANDBY,TN_DIRECT,TN_E2,TN_NEAR_RT_RIC,1,0.1,2,2,TN_CONTROLLED_COVERAGE_EXTENSION,0.0,0.0,0.0,0.0,0.0,0.0,tn-uav_ueS1_50_ueS2_50_tnGnb_4_ntnGnb_3_tnCap_20_ntnCap_10_hyst_2_donor-unavailable-no-sat-seed1,seed1,no_satellite
108.5,tn-uav,1,6,4,1084.49,1,-4.13753,-66.2832,HEALTHY,0,0,-999.0,-999.0,0,1,STANDBY,TN_DIRECT,TN_E2,TN_NEAR_RT_RIC,1,0.1,2,2,TN_CONTROLLED_COVERAGE_EXTENSION,0.0,0.0,0.0,0.0,0.0,0.0,tn-uav_ueS1_50_ueS2_50_tnGnb_4_ntnGnb_3_tnCap_20_ntnCap_10_hyst_2_donor-unavailable-no-sat-seed1,seed1,no_satellite
108.5,tn-uav,2,7,2,292.2,1,-0.773899,-51.5287,HEALTHY,0,0,-999.0,-999.0,0,1,STANDBY,TN_DIRECT,TN_E2,TN_NEAR_RT_RIC,1,0.1,2,2,TN_CONTROLLED_COVERAGE_EXTENSION,0.0,0.0,0.0,0.0,0.0,0.0,tn-uav_ueS1_50_ueS2_50_tnGnb_4_ntnGnb_3_tnCap_20_ntnCap_10_hyst_2_donor-unavailable-no-sat-seed1,seed1,no_satellite
110.5,tn-uav,0,5,2,2935.93,1,3.0158,-67.7803,HEALTHY,0,0,-999.0,-999.0,0,1,STANDBY,TN_DIRECT,TN_E2,TN_NEAR_RT_RIC,1,0.1,2,2,TN_CONTROLLED_COVERAGE_EXTENSION,0.0,0.0,0.0,0.0,0.0,0.0,tn-uav_ueS1_50_ueS2_50_tnGnb_4_ntnGnb_3_tnCap_20_ntnCap_10_hyst_2_donor-unavailable-no-sat-seed1,seed1,no_satellite
110.5,tn-uav,1,6,4,1045.56,1,0.114613,-61.7136,HEALTHY,0,0,-999.0,-999.0,0,1,STANDBY,TN_DIRECT,TN_E2,TN_NEAR_RT_RIC,1,0.1,2,2,TN_CONTROLLED_COVERAGE_EXTENSION,0.0,0.0,0.0,0.0,0.0,0.0,tn-uav_ueS1_50_ueS2_50_tnGnb_4_ntnGnb_3_tnCap_20_ntnCap_10_hyst_2_donor-unavailable-no-sat-seed1,seed1,no_satellite
110.5,tn-uav,2,7,2,292.2,1,-4.12444,-54.8792,HEALTHY,0,0,-999.0,-999.0,0,1,STANDBY,TN_DIRECT,TN_E2,TN_NEAR_RT_RIC,1,0.1,2,2,TN_CONTROLLED_COVERAGE_EXTENSION,0.0,0.0,0.0,0.0,0.0,0.0,tn-uav_ueS1_50_ueS2_50_tnGnb_4_ntnGnb_3_tnCap_20_ntnCap_10_hyst_2_donor-unavailable-no-sat-seed1,seed1,no_satellite
112.5,tn-uav,0,5,3,2437.32,1,-1.36339,-70.5428,HEALTHY,0,0,-999.0,-999.0,0,1,STANDBY,TN_DIRECT,TN_E2,TN_NEAR_RT_RIC,1,0.1,2,2,TN_CONTROLLED_COVERAGE_EXTENSION,0.12,14.528599999999999,0.00023529,0.0,0.0,0.0,tn-uav_ueS1_50_ueS2_50_tnGnb_4_ntnGnb_3_tnCap_20_ntnCap_10_hyst_2_donor-unavailable-no-sat-seed1,seed1,no_satellite
112.5,tn-uav,1,6,4,1007.89,1,0.368929,-61.1405,HEALTHY,0,0,-999.0,-999.0,0,1,STANDBY,TN_DIRECT,TN_E2,TN_NEAR_RT_RIC,1,0.1,2,2,TN_CONTROLLED_COVERAGE_EXTENSION,0.12,14.528599999999999,0.00023529,0.0,0.0,0.0,tn-uav_ueS1_50_ueS2_50_tnGnb_4_ntnGnb_3_tnCap_20_ntnCap_10_hyst_2_donor-unavailable-no-sat-seed1,seed1,no_satellite
112.5,tn-uav,2,7,2,292.2,1,-3.15775,-53.9125,HEALTHY,0,0,-999.0,-999.0,0,1,STANDBY,TN_DIRECT,TN_E2,TN_NEAR_RT_RIC,1,0.1,2,2,TN_CONTROLLED_COVERAGE_EXTENSION,0.12,14.528599999999999,0.00023529,0.0,0.0,0.0,tn-uav_ueS1_50_ueS2_50_tnGnb_4_ntnGnb_3_tnCap_20_ntnCap_10_hyst_2_donor-unavailable-no-sat-seed1,seed1,no_satellite
114.5,tn-uav,0,5,1,2482.94,1,1.65914,-67.6814,HEALTHY,0,0,-999.0,-999.0,0,1,STANDBY,TN_DIRECT,TN_E2,TN_NEAR_RT_RIC,1,0.1,2,2,TN_CONTROLLED_COVERAGE_EXTENSION,0.04,14.814300000000001,7.843019999999999e-05,0.0,0.0,0.0,tn-uav_ueS1_50_ueS2_50_tnGnb_4_ntnGnb_3_tnCap_20_ntnCap_10_hyst_2_donor-unavailable-no-sat-seed1,seed1,no_satellite
114.5,tn-uav,1,6,4,971.096,1,-2.31126,-63.4977,HEALTHY,0,0,-999.0,-999.0,0,1,STANDBY,TN_DIRECT,TN_E2,TN_NEAR_RT_RIC,1,0.1,2,2,TN_CONTROLLED_COVERAGE_EXTENSION,0.04,14.814300000000001,7.843019999999999e-05,0.0,0.0,0.0,tn-uav_ueS1_50_ueS2_50_tnGnb_4_ntnGnb_3_tnCap_20_ntnCap_10_hyst_2_donor-unavailable-no-sat-seed1,seed1,no_satellite
114.5,tn-uav,2,7,2,292.2,1,-1.4967,-52.2515,HEALTHY,0,0,-999.0,-999.0,0,1,STANDBY,TN_DIRECT,TN_E2,TN_NEAR_RT_RIC,1,0.1,2,2,TN_CONTROLLED_COVERAGE_EXTENSION,0.04,14.814300000000001,7.843019999999999e-05,0.0,0.0,0.0,tn-uav_ueS1_50_ueS2_50_tnGnb_4_ntnGnb_3_tnCap_20_ntnCap_10_hyst_2_donor-unavailable-no-sat-seed1,seed1,no_satellite
116.5,tn-uav,0,5,1,2482.94,1,-2.88542,-72.2259,HEALTHY,0,0,-999.0,-999.0,0,1,STANDBY,TN_DIRECT,TN_E2,TN_NEAR_RT_RIC,1,0.1,2,2,TN_CONTROLLED_COVERAGE_EXTENSION,0.8,435.11889999999994,0.001568602,0.0,0.0,0.0,tn-uav_ueS1_50_ueS2_50_tnGnb_4_ntnGnb_3_tnCap_20_ntnCap_10_hyst_2_donor-unavailable-no-sat-seed1,seed1,no_satellite
116.5,tn-uav,1,6,4,935.306,1,-2.30576,-63.166,HEALTHY,0,0,-999.0,-999.0,0,1,STANDBY,TN_DIRECT,TN_E2,TN_NEAR_RT_RIC,1,0.1,2,2,TN_CONTROLLED_COVERAGE_EXTENSION,0.8,435.11889999999994,0.001568602,0.0,0.0,0.0,tn-uav_ueS1_50_ueS2_50_tnGnb_4_ntnGnb_3_tnCap_20_ntnCap_10_hyst_2_donor-unavailable-no-sat-seed1,seed1,no_satellite
116.5,tn-uav,2,7,2,292.2,1,-0.553926,-51.3087,HEALTHY,0,0,-999.0,-999.0,0,1,STANDBY,TN_DIRECT,TN_E2,TN_NEAR_RT_RIC,1,0.1,2,2,TN_CONTROLLED_COVERAGE_EXTENSION,0.8,435.11889999999994,0.001568602,0.0,0.0,0.0,tn-uav_ueS1_50_ueS2_50_tnGnb_4_ntnGnb_3_tnCap_20_ntnCap_10_hyst_2_donor-unavailable-no-sat-seed1,seed1,no_satellite
118.5,tn-uav,0,5,1,2482.94,1,1.35516,-67.9854,HEALTHY,0,0,-999.0,-999.0,0,1,STANDBY,TN_DIRECT,TN_E2,TN_NEAR_RT_RIC,1,0.1,2,2,TN_CONTROLLED_COVERAGE_EXTENSION,0.48,829.5169999999999,0.0009411619999999999,0.0,0.0,0.0,tn-uav_ueS1_50_ueS2_50_tnGnb_4_ntnGnb_3_tnCap_20_ntnCap_10_hyst_2_donor-unavailable-no-sat-seed1,seed1,no_satellite
118.5,tn-uav,1,6,4,899.079,1,-1.54976,-62.0669,HEALTHY,0,0,-999.0,-999.0,0,1,STANDBY,TN_DIRECT,TN_E2,TN_NEAR_RT_RIC,1,0.1,2,2,TN_CONTROLLED_COVERAGE_EXTENSION,0.48,829.5169999999999,0.0009411619999999999,0.0,0.0,0.0,tn-uav_ueS1_50_ueS2_50_tnGnb_4_ntnGnb_3_tnCap_20_ntnCap_10_hyst_2_donor-unavailable-no-sat-seed1,seed1,no_satellite
118.5,tn-uav,2,7,2,292.2,1,3.75949,-46.9953,HEALTHY,0,0,-999.0,-999.0,0,1,STANDBY,TN_DIRECT,TN_E2,TN_NEAR_RT_RIC,1,0.1,2,2,TN_CONTROLLED_COVERAGE_EXTENSION,0.48,829.5169999999999,0.0009411619999999999,0.0,0.0,0.0,tn-uav_ueS1_50_ueS2_50_tnGnb_4_ntnGnb_3_tnCap_20_ntnCap_10_hyst_2_donor-unavailable-no-sat-seed1,seed1,no_satellite
4.5,tn-uav-satellite,0,5,1,1451.84,1,0.434841,-64.2447,HEALTHY,0,0,12.3134,7.79283,1,1,STANDBY,TN_DIRECT,TN_E2,TN_NEAR_RT_RIC,1,0.1,2,2,TN_CONTROLLED_COVERAGE_EXTENSION,0.0,0.0,0.0,0.0,0.0,0.0,tn-uav-satellite_ueS1_50_ueS2_50_tnGnb_4_ntnGnb_3_tnCap_20_ntnCap_10_hyst_2_donor-unavailable-sat-seed1,seed1,satellite
4.5,tn-uav-satellite,1,6,4,629.258,1,-2.28216,-59.6999,HEALTHY,0,0,12.2681,7.74747,1,1,STANDBY,TN_DIRECT,TN_E2,TN_NEAR_RT_RIC,1,0.1,2,2,TN_CONTROLLED_COVERAGE_EXTENSION,0.0,0.0,0.0,0.0,0.0,0.0,tn-uav-satellite_ueS1_50_ueS2_50_tnGnb_4_ntnGnb_3_tnCap_20_ntnCap_10_hyst_2_donor-unavailable-sat-seed1,seed1,satellite
4.5,tn-uav-satellite,2,7,2,765.017,1,-0.793916,-59.9085,HEALTHY,0,0,10.0691,5.54852,1,1,STANDBY,TN_DIRECT,TN_E2,TN_NEAR_RT_RIC,1,0.1,2,2,TN_CONTROLLED_COVERAGE_EXTENSION,0.0,0.0,0.0,0.0,0.0,0.0,tn-uav-satellite_ueS1_50_ueS2_50_tnGnb_4_ntnGnb_3_tnCap_20_ntnCap_10_hyst_2_donor-unavailable-sat-seed1,seed1,satellite
6.5,tn-uav-satellite,0,5,2,1906.06,1,1.30698,-65.7369,HEALTHY,0,0,15.5366,11.016,1,1,STANDBY,TN_DIRECT,TN_E2,TN_NEAR_RT_RIC,1,0.1,2,2,TN_CONTROLLED_COVERAGE_EXTENSION,3.4,113.41703800000002,0.006666567,0.0,0.0,0.0,tn-uav-satellite_ueS1_50_ueS2_50_tnGnb_4_ntnGnb_3_tnCap_20_ntnCap_10_hyst_2_donor-unavailable-sat-seed1,seed1,satellite
6.5,tn-uav-satellite,1,6,4,629.258,1,-3.9027,-61.3205,HEALTHY,0,0,11.1817,6.66114,1,1,STANDBY,TN_DIRECT,TN_E2,TN_NEAR_RT_RIC,1,0.1,2,2,TN_CONTROLLED_COVERAGE_EXTENSION,3.4,113.41703800000002,0.006666567,0.0,0.0,0.0,tn-uav-satellite_ueS1_50_ueS2_50_tnGnb_4_ntnGnb_3_tnCap_20_ntnCap_10_hyst_2_donor-unavailable-sat-seed1,seed1,satellite
6.5,tn-uav-satellite,2,7,2,765.017,1,-0.170944,-59.2856,HEALTHY,0,0,13.7714,9.2508,1,1,STANDBY,TN_DIRECT,TN_E2,TN_NEAR_RT_RIC,1,0.1,2,2,TN_CONTROLLED_COVERAGE_EXTENSION,3.4,113.41703800000002,0.006666567,0.0,0.0,0.0,tn-uav-satellite_ueS1_50_ueS2_50_tnGnb_4_ntnGnb_3_tnCap_20_ntnCap_10_hyst_2_donor-unavailable-sat-seed1,seed1,satellite
8.5,tn-uav-satellite,0,5,1,1451.84,1,0.172433,-64.5071,HEALTHY,0,0,14.9788,10.4582,1,1,STANDBY,TN_DIRECT,TN_E2,TN_NEAR_RT_RIC,1,0.1,2,2,TN_CONTROLLED_COVERAGE_EXTENSION,0.0,0.0,0.0,0.0,0.0,0.0,tn-uav-satellite_ueS1_50_ueS2_50_tnGnb_4_ntnGnb_3_tnCap_20_ntnCap_10_hyst_2_donor-unavailable-sat-seed1,seed1,satellite
8.5,tn-uav-satellite,1,6,4,629.258,1,2.22826,-55.1895,HEALTHY,0,0,15.6188,11.0982,1,1,STANDBY,TN_DIRECT,TN_E2,TN_NEAR_RT_RIC,1,0.1,2,2,TN_CONTROLLED_COVERAGE_EXTENSION,0.0,0.0,0.0,0.0,0.0,0.0,tn-uav-satellite_ueS1_50_ueS2_50_tnGnb_4_ntnGnb_3_tnCap_20_ntnCap_10_hyst_2_donor-unavailable-sat-seed1,seed1,satellite
8.5,tn-uav-satellite,2,7,1,1205.83,1,5.7703,-57.2966,HEALTHY,0,0,11.8103,7.28969,1,1,STANDBY,TN_DIRECT,TN_E2,TN_NEAR_RT_RIC,1,0.1,2,2,TN_CONTROLLED_COVERAGE_EXTENSION,0.0,0.0,0.0,0.0,0.0,0.0,tn-uav-satellite_ueS1_50_ueS2_50_tnGnb_4_ntnGnb_3_tnCap_20_ntnCap_10_hyst_2_donor-unavailable-sat-seed1,seed1,satellite
10.5,tn-uav-satellite,0,5,3,1623.51,1,1.3721,-64.2782,HEALTHY,0,0,12.5394,8.0188,1,1,STANDBY,TN_DIRECT,TN_E2,TN_NEAR_RT_RIC,1,0.1,2,2,TN_CONTROLLED_COVERAGE_EXTENSION,1.36,3803.6433333333334,0.002666626,0.0,0.0,0.0,tn-uav-satellite_ueS1_50_ueS2_50_tnGnb_4_ntnGnb_3_tnCap_20_ntnCap_10_hyst_2_donor-unavailable-sat-seed1,seed1,satellite
10.5,tn-uav-satellite,1,6,4,629.258,1,-7.24567,-64.6635,HEALTHY,0,0,14.3614,9.84079,1,1,STANDBY,TN_DIRECT,TN_E2,TN_NEAR_RT_RIC,1,0.1,2,2,TN_CONTROLLED_COVERAGE_EXTENSION,1.36,3803.6433333333334,0.002666626,0.0,0.0,0.0,tn-uav-satellite_ueS1_50_ueS2_50_tnGnb_4_ntnGnb_3_tnCap_20_ntnCap_10_hyst_2_donor-unavailable-sat-seed1,seed1,satellite
10.5,tn-uav-satellite,2,7,1,1205.83,1,5.16465,-57.9022,HEALTHY,0,0,15.7782,11.2576,1,1,STANDBY,TN_DIRECT,TN_E2,TN_NEAR_RT_RIC,1,0.1,2,2,TN_CONTROLLED_COVERAGE_EXTENSION,1.36,3803.6433333333334,0.002666626,0.0,0.0,0.0,tn-uav-satellite_ueS1_50_ueS2_50_tnGnb_4_ntnGnb_3_tnCap_20_ntnCap_10_hyst_2_donor-unavailable-sat-seed1,seed1,satellite
12.5,tn-uav-satellite,0,5,2,1906.06,1,2.9061,-64.1378,HEALTHY,0,0,14.3691,9.84847,1,1,STANDBY,TN_DIRECT,TN_E2,TN_NEAR_RT_RIC,1,0.1,2,2,TN_CONTROLLED_COVERAGE_EXTENSION,0.84,138.433,0.001647034,0.0,0.0,0.0,tn-uav-satellite_ueS1_50_ueS2_50_tnGnb_4_ntnGnb_3_tnCap_20_ntnCap_10_hyst_2_donor-unavailable-sat-seed1,seed1,satellite
12.5,tn-uav-satellite,1,6,4,629.258,1,2.56656,-54.8512,HEALTHY,0,0,14.1595,9.63894,1,1,STANDBY,TN_DIRECT,TN_E2,TN_NEAR_RT_RIC,1,0.1,2,2,TN_CONTROLLED_COVERAGE_EXTENSION,0.84,138.433,0.001647034,0.0,0.0,0.0,tn-uav-satellite_ueS1_50_ueS2_50_tnGnb_4_ntnGnb_3_tnCap_20_ntnCap_10_hyst_2_donor-unavailable-sat-seed1,seed1,satellite
12.5,tn-uav-satellite,2,7,2,765.017,1,1.04915,-58.0655,HEALTHY,0,0,12.5189,7.99831,1,1,STANDBY,TN_DIRECT,TN_E2,TN_NEAR_RT_RIC,1,0.1,2,2,TN_CONTROLLED_COVERAGE_EXTENSION,0.84,138.433,0.001647034,0.0,0.0,0.0,tn-uav-satellite_ueS1_50_ueS2_50_tnGnb_4_ntnGnb_3_tnCap_20_ntnCap_10_hyst_2_donor-unavailable-sat-seed1,seed1,satellite
14.5,tn-uav-satellite,0,5,1,1451.84,1,3.02157,-61.658,HEALTHY,0,0,11.9451,7.4245,1,1,STANDBY,TN_DIRECT,TN_E2,TN_NEAR_RT_RIC,1,0.1,2,2,TN_CONTROLLED_COVERAGE_EXTENSION,0.04,15.100000000000001,7.843019999999999e-05,0.0,0.0,0.0,tn-uav-satellite_ueS1_50_ueS2_50_tnGnb_4_ntnGnb_3_tnCap_20_ntnCap_10_hyst_2_donor-unavailable-sat-seed1,seed1,satellite
14.5,tn-uav-satellite,1,6,4,629.258,1,-3.75201,-61.1698,HEALTHY,0,0,12.6861,8.1655,1,1,STANDBY,TN_DIRECT,TN_E2,TN_NEAR_RT_RIC,1,0.1,2,2,TN_CONTROLLED_COVERAGE_EXTENSION,0.04,15.100000000000001,7.843019999999999e-05,0.0,0.0,0.0,tn-uav-satellite_ueS1_50_ueS2_50_tnGnb_4_ntnGnb_3_tnCap_20_ntnCap_10_hyst_2_donor-unavailable-sat-seed1,seed1,satellite
14.5,tn-uav-satellite,2,7,2,765.017,1,-2.04708,-61.1617,HEALTHY,0,0,14.0477,9.52714,1,1,STANDBY,TN_DIRECT,TN_E2,TN_NEAR_RT_RIC,1,0.1,2,2,TN_CONTROLLED_COVERAGE_EXTENSION,0.04,15.100000000000001,7.843019999999999e-05,0.0,0.0,0.0,tn-uav-satellite_ueS1_50_ueS2_50_tnGnb_4_ntnGnb_3_tnCap_20_ntnCap_10_hyst_2_donor-unavailable-sat-seed1,seed1,satellite
16.5,tn-uav-satellite,0,5,1,1451.84,1,-1.35744,-66.037,HEALTHY,0,0,11.0141,6.4935,1,1,STANDBY,TN_DIRECT,TN_E2,TN_NEAR_RT_RIC,1,0.1,2,2,TN_CONTROLLED_COVERAGE_EXTENSION,0.4,1750.6,0.0007843020000000001,0.0,0.0,0.0,tn-uav-satellite_ueS1_50_ueS2_50_tnGnb_4_ntnGnb_3_tnCap_20_ntnCap_10_hyst_2_donor-unavailable-sat-seed1,seed1,satellite
16.5,tn-uav-satellite,1,6,4,629.258,1,-2.66666,-60.0844,HEALTHY,0,0,11.4811,6.96051,1,1,STANDBY,TN_DIRECT,TN_E2,TN_NEAR_RT_RIC,1,0.1,2,2,TN_CONTROLLED_COVERAGE_EXTENSION,0.4,1750.6,0.0007843020000000001,0.0,0.0,0.0,tn-uav-satellite_ueS1_50_ueS2_50_tnGnb_4_ntnGnb_3_tnCap_20_ntnCap_10_hyst_2_donor-unavailable-sat-seed1,seed1,satellite
16.5,tn-uav-satellite,2,7,1,1205.83,1,3.43702,-59.6299,HEALTHY,0,0,10.0006,5.47999,1,1,STANDBY,TN_DIRECT,TN_E2,TN_NEAR_RT_RIC,1,0.1,2,2,TN_CONTROLLED_COVERAGE_EXTENSION,0.4,1750.6,0.0007843020000000001,0.0,0.0,0.0,tn-uav-satellite_ueS1_50_ueS2_50_tnGnb_4_ntnGnb_3_tnCap_20_ntnCap_10_hyst_2_donor-unavailable-sat-seed1,seed1,satellite
18.5,tn-uav-satellite,0,5,1,1451.84,1,1.51246,-63.1671,HEALTHY,0,0,12.7501,8.22947,1,1,STANDBY,TN_DIRECT,TN_E2,TN_NEAR_RT_RIC,1,0.1,2,2,TN_CONTROLLED_COVERAGE_EXTENSION,0.12,29.7667,0.00023529,0.0,0.0,0.0,tn-uav-satellite_ueS1_50_ueS2_50_tnGnb_4_ntnGnb_3_tnCap_20_ntnCap_10_hyst_2_donor-unavailable-sat-seed1,seed1,satellite
18.5,tn-uav-satellite,1,6,4,629.258,1,-0.297647,-57.7154,HEALTHY,0,0,11.3327,6.81211,1,1,STANDBY,TN_DIRECT,TN_E2,TN_NEAR_RT_RIC,1,0.1,2,2,TN_CONTROLLED_COVERAGE_EXTENSION,0.12,29.7667,0.00023529,0.0,0.0,0.0,tn-uav-satellite_ueS1_50_ueS2_50_tnGnb_4_ntnGnb_3_tnCap_20_ntnCap_10_hyst_2_donor-unavailable-sat-seed1,seed1,satellite
18.5,tn-uav-satellite,2,7,2,765.017,1,0.972659,-58.142,HEALTHY,0,0,12.5496,8.02898,1,1,STANDBY,TN_DIRECT,TN_E2,TN_NEAR_RT_RIC,1,0.1,2,2,TN_CONTROLLED_COVERAGE_EXTENSION,0.12,29.7667,0.00023529,0.0,0.0,0.0,tn-uav-satellite_ueS1_50_ueS2_50_tnGnb_4_ntnGnb_3_tnCap_20_ntnCap_10_hyst_2_donor-unavailable-sat-seed1,seed1,satellite
20.5,tn-uav-satellite,0,5,1,1451.84,1,-1.23503,-65.9146,HEALTHY,0,0,15.678,11.1574,1,1,STANDBY,TN_DIRECT,TN_E2,TN_NEAR_RT_RIC,1,0.1,2,2,TN_CONTROLLED_COVERAGE_EXTENSION,0.28,56.5592,0.000549012,0.0,0.0,0.0,tn-uav-satellite_ueS1_50_ueS2_50_tnGnb_4_ntnGnb_3_tnCap_20_ntnCap_10_hyst_2_donor-unavailable-sat-seed1,seed1,satellite
20.5,tn-uav-satellite,1,6,4,629.258,1,-4.72636,-62.1441,HEALTHY,0,0,13.0113,8.49073,1,1,STANDBY,TN_DIRECT,TN_E2,TN_NEAR_RT_RIC,1,0.1,2,2,TN_CONTROLLED_COVERAGE_EXTENSION,0.28,56.5592,0.000549012,0.0,0.0,0.0,tn-uav-satellite_ueS1_50_ueS2_50_tnGnb_4_ntnGnb_3_tnCap_20_ntnCap_10_hyst_2_donor-unavailable-sat-seed1,seed1,satellite
20.5,tn-uav-satellite,2,7,2,765.017,1,0.0675034,-59.0471,HEALTHY,0,0,12.087,7.56639,1,1,STANDBY,TN_DIRECT,TN_E2,TN_NEAR_RT_RIC,1,0.1,2,2,TN_CONTROLLED_COVERAGE_EXTENSION,0.28,56.5592,0.000549012,0.0,0.0,0.0,tn-uav-satellite_ueS1_50_ueS2_50_tnGnb_4_ntnGnb_3_tnCap_20_ntnCap_10_hyst_2_donor-unavailable-sat-seed1,seed1,satellite
22.5,tn-uav-satellite,0,5,3,1623.51,1,3.91691,-61.7334,HEALTHY,0,0,13.3616,8.84105,1,1,STANDBY,TN_DIRECT,TN_E2,TN_NEAR_RT_RIC,1,0.1,2,2,TN_CONTROLLED_COVERAGE_EXTENSION,0.72,1405.2,0.0014117440000000001,0.0,0.0,0.0,tn-uav-satellite_ueS1_50_ueS2_50_tnGnb_4_ntnGnb_3_tnCap_20_ntnCap_10_hyst_2_donor-unavailable-sat-seed1,seed1,satellite
22.5,tn-uav-satellite,1,6,4,629.258,1,-2.96853,-60.3863,HEALTHY,0,0,10.9158,6.3952,1,1,STANDBY,TN_DIRECT,TN_E2,TN_NEAR_RT_RIC,1,0.1,2,2,TN_CONTROLLED_COVERAGE_EXTENSION,0.72,1405.2,0.0014117440000000001,0.0,0.0,0.0,tn-uav-satellite_ueS1_50_ueS2_50_tnGnb_4_ntnGnb_3_tnCap_20_ntnCap_10_hyst_2_donor-unavailable-sat-seed1,seed1,satellite
22.5,tn-uav-satellite,2,7,2,765.017,1,1.01141,-58.1032,HEALTHY,0,0,10.9717,6.45111,1,1,STANDBY,TN_DIRECT,TN_E2,TN_NEAR_RT_RIC,1,0.1,2,2,TN_CONTROLLED_COVERAGE_EXTENSION,0.72,1405.2,0.0014117440000000001,0.0,0.0,0.0,tn-uav-satellite_ueS1_50_ueS2_50_tnGnb_4_ntnGnb_3_tnCap_20_ntnCap_10_hyst_2_donor-unavailable-sat-seed1,seed1,satellite
24.5,tn-uav-satellite,0,5,4,3577.79,1,3.31157,-69.2019,HEALTHY,0,0,9.63942,5.11882,1,1,STANDBY,TN_DIRECT,TN_E2,TN_NEAR_RT_RIC,1,0.1,2,2,TN_CONTROLLED_COVERAGE_EXTENSION,0.36,2946.5843,0.0007058724,0.0,0.0,0.0,tn-uav-satellite_ueS1_50_ueS2_50_tnGnb_4_ntnGnb_3_tnCap_20_ntnCap_10_hyst_2_donor-unavailable-sat-seed1,seed1,satellite
24.5,tn-uav-satellite,1,6,4,629.258,1,1.30617,-56.1116,HEALTHY,0,0,9.18737,4.66677,1,1,STANDBY,TN_DIRECT,TN_E2,TN_NEAR_RT_RIC,1,0.1,2,2,TN_CONTROLLED_COVERAGE_EXTENSION,0.36,2946.5843,0.0007058724,0.0,0.0,0.0,tn-uav-satellite_ueS1_50_ueS2_50_tnGnb_4_ntnGnb_3_tnCap_20_ntnCap_10_hyst_2_donor-unavailable-sat-seed1,seed1,satellite
24.5,tn-uav-satellite,2,7,1,1205.83,1,5.00557,-58.0613,HEALTHY,0,0,6.8235,2.3029,1,1,STANDBY,TN_DIRECT,TN_E2,TN_NEAR_RT_RIC,1,0.1,2,2,TN_CONTROLLED_COVERAGE_EXTENSION,0.36,2946.5843,0.0007058724,0.0,0.0,0.0,tn-uav-satellite_ueS1_50_ueS2_50_tnGnb_4_ntnGnb_3_tnCap_20_ntnCap_10_hyst_2_donor-unavailable-sat-seed1,seed1,satellite
26.5,tn-uav-satellite,0,5,1,1451.84,1,0.6374,-64.0422,HEALTHY,0,0,13.8913,9.3707,1,1,STANDBY,TN_DIRECT,TN_E2,TN_NEAR_RT_RIC,1,0.1,2,2,TN_CONTROLLED_COVERAGE_EXTENSION,0.28,304.957,0.000549012,0.0,0.0,0.0,tn-uav-satellite_ueS1_50_ueS2_50_tnGnb_4_ntnGnb_3_tnCap_20_ntnCap_10_hyst_2_donor-unavailable-sat-seed1,seed1,satellite
26.5,tn-uav-satellite,1,6,4,629.258,1,-2.69739,-60.1152,HEALTHY,0,0,11.5308,7.01022,1,1,STANDBY,TN_DIRECT,TN_E2,TN_NEAR_RT_RIC,1,0.1,2,2,TN_CONTROLLED_COVERAGE_EXTENSION,0.28,304.957,0.000549012,0.0,0.0,0.0,tn-uav-satellite_ueS1_50_ueS2_50_tnGnb_4_ntnGnb_3_tnCap_20_ntnCap_10_hyst_2_donor-unavailable-sat-seed1,seed1,satellite
26.5,tn-uav-satellite,2,7,2,765.017,1,-4.21776,-63.3324,HEALTHY,0,0,10.2746,5.75396,1,1,STANDBY,TN_DIRECT,TN_E2,TN_NEAR_RT_RIC,1,0.1,2,2,TN_CONTROLLED_COVERAGE_EXTENSION,0.28,304.957,0.000549012,0.0,0.0,0.0,tn-uav-satellite_ueS1_50_ueS2_50_tnGnb_4_ntnGnb_3_tnCap_20_ntnCap_10_hyst_2_donor-unavailable-sat-seed1,seed1,satellite
28.5,tn-uav-satellite,0,5,1,1451.84,1,1.53709,-63.1425,HEALTHY,0,0,13.5003,8.97974,1,1,STANDBY,TN_DIRECT,TN_E2,TN_NEAR_RT_RIC,1,0.1,2,2,TN_CONTROLLED_COVERAGE_EXTENSION,0.0,0.0,0.0,0.0,0.0,0.0,tn-uav-satellite_ueS1_50_ueS2_50_tnGnb_4_ntnGnb_3_tnCap_20_ntnCap_10_hyst_2_donor-unavailable-sat-seed1,seed1,satellite
28.5,tn-uav-satellite,1,6,4,629.258,1,-1.58626,-59.004,HEALTHY,0,0,13.2697,8.74912,1,1,STANDBY,TN_DIRECT,TN_E2,TN_NEAR_RT_RIC,1,0.1,2,2,TN_CONTROLLED_COVERAGE_EXTENSION,0.0,0.0,0.0,0.0,0.0,0.0,tn-uav-satellite_ueS1_50_ueS2_50_tnGnb_4_ntnGnb_3_tnCap_20_ntnCap_10_hyst_2_donor-unavailable-sat-seed1,seed1,satellite
28.5,tn-uav-satellite,2,7,2,765.017,1,-1.33302,-60.4476,HEALTHY,0,0,12.8093,8.28871,1,1,STANDBY,TN_DIRECT,TN_E2,TN_NEAR_RT_RIC,1,0.1,2,2,TN_CONTROLLED_COVERAGE_EXTENSION,0.0,0.0,0.0,0.0,0.0,0.0,tn-uav-satellite_ueS1_50_ueS2_50_tnGnb_4_ntnGnb_3_tnCap_20_ntnCap_10_hyst_2_donor-unavailable-sat-seed1,seed1,satellite
30.5,tn-uav-satellite,0,5,0,-1.0,0,0.0,-1000000000.0,UNREACHABLE,0,1,10.2251,5.70447,1,1,ACTIVE,SATELLITE_FALLBACK,NEAR_RT_RIC_SWITCHING_TO_SATELLITE_BACKHAUL,TN_NEAR_RT_RIC,1,0.1,2,2,NEAR_RT_RIC_EMERGENCY_SWITCHING_WITH_SATELLITE_BACKHAUL,0.0,0.0,0.0,0.0,0.0,0.0,tn-uav-satellite_ueS1_50_ueS2_50_tnGnb_4_ntnGnb_3_tnCap_20_ntnCap_10_hyst_2_donor-unavailable-sat-seed1,seed1,satellite
30.5,tn-uav-satellite,1,6,0,-1.0,0,0.0,-1000000000.0,UNREACHABLE,0,1,10.927,6.40645,1,1,ACTIVE,SATELLITE_FALLBACK,NEAR_RT_RIC_SWITCHING_TO_SATELLITE_BACKHAUL,TN_NEAR_RT_RIC,1,0.1,2,2,NEAR_RT_RIC_EMERGENCY_SWITCHING_WITH_SATELLITE_BACKHAUL,0.0,0.0,0.0,0.0,0.0,0.0,tn-uav-satellite_ueS1_50_ueS2_50_tnGnb_4_ntnGnb_3_tnCap_20_ntnCap_10_hyst_2_donor-unavailable-sat-seed1,seed1,satellite
30.5,tn-uav-satellite,2,7,0,-1.0,0,0.0,-1000000000.0,UNREACHABLE,0,1,14.2005,9.67994,1,1,ACTIVE,SATELLITE_FALLBACK,NEAR_RT_RIC_SWITCHING_TO_SATELLITE_BACKHAUL,TN_NEAR_RT_RIC,1,0.1,2,2,NEAR_RT_RIC_EMERGENCY_SWITCHING_WITH_SATELLITE_BACKHAUL,0.0,0.0,0.0,0.0,0.0,0.0,tn-uav-satellite_ueS1_50_ueS2_50_tnGnb_4_ntnGnb_3_tnCap_20_ntnCap_10_hyst_2_donor-unavailable-sat-seed1,seed1,satellite
32.5,tn-uav-satellite,0,5,0,-1.0,0,0.0,-1000000000.0,UNREACHABLE,0,1,12.2236,7.70296,1,1,ACTIVE,SATELLITE_FALLBACK,NEAR_RT_RIC_SWITCHING_TO_SATELLITE_BACKHAUL,TN_NEAR_RT_RIC,1,0.1,2,2,NEAR_RT_RIC_EMERGENCY_SWITCHING_WITH_SATELLITE_BACKHAUL,0.0,0.0,0.0,0.0,0.0,0.0,tn-uav-satellite_ueS1_50_ueS2_50_tnGnb_4_ntnGnb_3_tnCap_20_ntnCap_10_hyst_2_donor-unavailable-sat-seed1,seed1,satellite
32.5,tn-uav-satellite,1,6,0,-1.0,0,0.0,-1000000000.0,UNREACHABLE,0,1,13.2138,8.69317,1,1,ACTIVE,SATELLITE_FALLBACK,NEAR_RT_RIC_SWITCHING_TO_SATELLITE_BACKHAUL,TN_NEAR_RT_RIC,1,0.1,2,2,NEAR_RT_RIC_EMERGENCY_SWITCHING_WITH_SATELLITE_BACKHAUL,0.0,0.0,0.0,0.0,0.0,0.0,tn-uav-satellite_ueS1_50_ueS2_50_tnGnb_4_ntnGnb_3_tnCap_20_ntnCap_10_hyst_2_donor-unavailable-sat-seed1,seed1,satellite
32.5,tn-uav-satellite,2,7,0,-1.0,0,0.0,-1000000000.0,UNREACHABLE,0,1,12.283,7.76239,1,1,ACTIVE,SATELLITE_FALLBACK,NEAR_RT_RIC_SWITCHING_TO_SATELLITE_BACKHAUL,TN_NEAR_RT_RIC,1,0.1,2,2,NEAR_RT_RIC_EMERGENCY_SWITCHING_WITH_SATELLITE_BACKHAUL,0.0,0.0,0.0,0.0,0.0,0.0,tn-uav-satellite_ueS1_50_ueS2_50_tnGnb_4_ntnGnb_3_tnCap_20_ntnCap_10_hyst_2_donor-unavailable-sat-seed1,seed1,satellite
34.5,tn-uav-satellite,0,5,0,-1.0,0,0.0,-1000000000.0,UNREACHABLE,0,1,10.8691,6.3485,1,1,ACTIVE,SATELLITE_FALLBACK,NEAR_RT_RIC_SWITCHING_TO_SATELLITE_BACKHAUL,TN_NEAR_RT_RIC,1,0.1,2,2,NEAR_RT_RIC_EMERGENCY_SWITCHING_WITH_SATELLITE_BACKHAUL,0.0,0.0,0.0,0.0,0.0,0.0,tn-uav-satellite_ueS1_50_ueS2_50_tnGnb_4_ntnGnb_3_tnCap_20_ntnCap_10_hyst_2_donor-unavailable-sat-seed1,seed1,satellite
34.5,tn-uav-satellite,1,6,0,-1.0,0,0.0,-1000000000.0,UNREACHABLE,0,1,11.7426,7.22198,1,1,ACTIVE,SATELLITE_FALLBACK,NEAR_RT_RIC_SWITCHING_TO_SATELLITE_BACKHAUL,TN_NEAR_RT_RIC,1,0.1,2,2,NEAR_RT_RIC_EMERGENCY_SWITCHING_WITH_SATELLITE_BACKHAUL,0.0,0.0,0.0,0.0,0.0,0.0,tn-uav-satellite_ueS1_50_ueS2_50_tnGnb_4_ntnGnb_3_tnCap_20_ntnCap_10_hyst_2_donor-unavailable-sat-seed1,seed1,satellite
34.5,tn-uav-satellite,2,7,0,-1.0,0,0.0,-1000000000.0,UNREACHABLE,0,1,12.7818,8.26118,1,1,ACTIVE,SATELLITE_FALLBACK,NEAR_RT_RIC_SWITCHING_TO_SATELLITE_BACKHAUL,TN_NEAR_RT_RIC,1,0.1,2,2,NEAR_RT_RIC_EMERGENCY_SWITCHING_WITH_SATELLITE_BACKHAUL,0.0,0.0,0.0,0.0,0.0,0.0,tn-uav-satellite_ueS1_50_ueS2_50_tnGnb_4_ntnGnb_3_tnCap_20_ntnCap_10_hyst_2_donor-unavailable-sat-seed1,seed1,satellite
36.5,tn-uav-satellite,0,5,0,-1.0,0,0.0,-1000000000.0,UNREACHABLE,0,1,15.1852,10.6646,1,1,ACTIVE,SATELLITE_FALLBACK,NEAR_RT_RIC_SWITCHING_TO_SATELLITE_BACKHAUL,TN_NEAR_RT_RIC,1,0.1,2,2,NEAR_RT_RIC_EMERGENCY_SWITCHING_WITH_SATELLITE_BACKHAUL,0.0,0.0,0.0,0.0,0.0,0.0,tn-uav-satellite_ueS1_50_ueS2_50_tnGnb_4_ntnGnb_3_tnCap_20_ntnCap_10_hyst_2_donor-unavailable-sat-seed1,seed1,satellite
36.5,tn-uav-satellite,1,6,0,-1.0,0,0.0,-1000000000.0,UNREACHABLE,0,1,13.9032,9.38259,1,1,ACTIVE,SATELLITE_FALLBACK,NEAR_RT_RIC_SWITCHING_TO_SATELLITE_BACKHAUL,TN_NEAR_RT_RIC,1,0.1,2,2,NEAR_RT_RIC_EMERGENCY_SWITCHING_WITH_SATELLITE_BACKHAUL,0.0,0.0,0.0,0.0,0.0,0.0,tn-uav-satellite_ueS1_50_ueS2_50_tnGnb_4_ntnGnb_3_tnCap_20_ntnCap_10_hyst_2_donor-unavailable-sat-seed1,seed1,satellite
36.5,tn-uav-satellite,2,7,0,-1.0,0,0.0,-1000000000.0,UNREACHABLE,0,1,12.1295,7.60885,1,1,ACTIVE,SATELLITE_FALLBACK,NEAR_RT_RIC_SWITCHING_TO_SATELLITE_BACKHAUL,TN_NEAR_RT_RIC,1,0.1,2,2,NEAR_RT_RIC_EMERGENCY_SWITCHING_WITH_SATELLITE_BACKHAUL,0.0,0.0,0.0,0.0,0.0,0.0,tn-uav-satellite_ueS1_50_ueS2_50_tnGnb_4_ntnGnb_3_tnCap_20_ntnCap_10_hyst_2_donor-unavailable-sat-seed1,seed1,satellite
38.5,tn-uav-satellite,0,5,0,-1.0,0,0.0,-1000000000.0,UNREACHABLE,0,1,12.4355,7.91487,1,1,ACTIVE,SATELLITE_FALLBACK,NEAR_RT_RIC_SWITCHING_TO_SATELLITE_BACKHAUL,TN_NEAR_RT_RIC,1,0.1,2,2,NEAR_RT_RIC_EMERGENCY_SWITCHING_WITH_SATELLITE_BACKHAUL,0.0,0.0,0.0,0.0,0.0,0.0,tn-uav-satellite_ueS1_50_ueS2_50_tnGnb_4_ntnGnb_3_tnCap_20_ntnCap_10_hyst_2_donor-unavailable-sat-seed1,seed1,satellite
38.5,tn-uav-satellite,1,6,0,-1.0,0,0.0,-1000000000.0,UNREACHABLE,0,1,16.4163,12.0594,1,1,ACTIVE,SATELLITE_FALLBACK,NEAR_RT_RIC_SWITCHING_TO_SATELLITE_BACKHAUL,TN_NEAR_RT_RIC,1,0.1,2,2,NEAR_RT_RIC_EMERGENCY_SWITCHING_WITH_SATELLITE_BACKHAUL,0.0,0.0,0.0,0.0,0.0,0.0,tn-uav-satellite_ueS1_50_ueS2_50_tnGnb_4_ntnGnb_3_tnCap_20_ntnCap_10_hyst_2_donor-unavailable-sat-seed1,seed1,satellite
38.5,tn-uav-satellite,2,7,0,-1.0,0,0.0,-1000000000.0,UNREACHABLE,0,1,14.0578,9.53717,1,1,ACTIVE,SATELLITE_FALLBACK,NEAR_RT_RIC_SWITCHING_TO_SATELLITE_BACKHAUL,TN_NEAR_RT_RIC,1,0.1,2,2,NEAR_RT_RIC_EMERGENCY_SWITCHING_WITH_SATELLITE_BACKHAUL,0.0,0.0,0.0,0.0,0.0,0.0,tn-uav-satellite_ueS1_50_ueS2_50_tnGnb_4_ntnGnb_3_tnCap_20_ntnCap_10_hyst_2_donor-unavailable-sat-seed1,seed1,satellite
40.5,tn-uav-satellite,0,5,0,-1.0,0,0.0,-1000000000.0,UNREACHABLE,0,1,14.5549,10.0343,1,1,ACTIVE,SATELLITE_FALLBACK,NEAR_RT_RIC_SWITCHING_TO_SATELLITE_BACKHAUL,TN_NEAR_RT_RIC,1,0.1,2,2,NEAR_RT_RIC_EMERGENCY_SWITCHING_WITH_SATELLITE_BACKHAUL,0.0,0.0,0.0,0.0,0.0,0.0,tn-uav-satellite_ueS1_50_ueS2_50_tnGnb_4_ntnGnb_3_tnCap_20_ntnCap_10_hyst_2_donor-unavailable-sat-seed1,seed1,satellite
40.5,tn-uav-satellite,1,6,0,-1.0,0,0.0,-1000000000.0,UNREACHABLE,0,1,11.369,6.84835,1,1,ACTIVE,SATELLITE_FALLBACK,NEAR_RT_RIC_SWITCHING_TO_SATELLITE_BACKHAUL,TN_NEAR_RT_RIC,1,0.1,2,2,NEAR_RT_RIC_EMERGENCY_SWITCHING_WITH_SATELLITE_BACKHAUL,0.0,0.0,0.0,0.0,0.0,0.0,tn-uav-satellite_ueS1_50_ueS2_50_tnGnb_4_ntnGnb_3_tnCap_20_ntnCap_10_hyst_2_donor-unavailable-sat-seed1,seed1,satellite
40.5,tn-uav-satellite,2,7,0,-1.0,0,0.0,-1000000000.0,UNREACHABLE,0,1,12.8352,8.31463,1,1,ACTIVE,SATELLITE_FALLBACK,NEAR_RT_RIC_SWITCHING_TO_SATELLITE_BACKHAUL,TN_NEAR_RT_RIC,1,0.1,2,2,NEAR_RT_RIC_EMERGENCY_SWITCHING_WITH_SATELLITE_BACKHAUL,0.0,0.0,0.0,0.0,0.0,0.0,tn-uav-satellite_ueS1_50_ueS2_50_tnGnb_4_ntnGnb_3_tnCap_20_ntnCap_10_hyst_2_donor-unavailable-sat-seed1,seed1,satellite
42.5,tn-uav-satellite,0,5,0,-1.0,0,0.0,-1000000000.0,UNREACHABLE,0,1,12.4141,7.89346,1,1,ACTIVE,SATELLITE_FALLBACK,NEAR_RT_RIC_SWITCHING_TO_SATELLITE_BACKHAUL,TN_NEAR_RT_RIC,1,0.1,2,2,NEAR_RT_RIC_EMERGENCY_SWITCHING_WITH_SATELLITE_BACKHAUL,0.0,0.0,0.0,0.0,0.0,0.0,tn-uav-satellite_ueS1_50_ueS2_50_tnGnb_4_ntnGnb_3_tnCap_20_ntnCap_10_hyst_2_donor-unavailable-sat-seed1,seed1,satellite
42.5,tn-uav-satellite,1,6,0,-1.0,0,0.0,-1000000000.0,UNREACHABLE,0,1,11.3665,6.84586,1,1,ACTIVE,SATELLITE_FALLBACK,NEAR_RT_RIC_SWITCHING_TO_SATELLITE_BACKHAUL,TN_NEAR_RT_RIC,1,0.1,2,2,NEAR_RT_RIC_EMERGENCY_SWITCHING_WITH_SATELLITE_BACKHAUL,0.0,0.0,0.0,0.0,0.0,0.0,tn-uav-satellite_ueS1_50_ueS2_50_tnGnb_4_ntnGnb_3_tnCap_20_ntnCap_10_hyst_2_donor-unavailable-sat-seed1,seed1,satellite
42.5,tn-uav-satellite,2,7,0,-1.0,0,0.0,-1000000000.0,UNREACHABLE,0,1,6.43537,1.91477,1,1,ACTIVE,SATELLITE_FALLBACK,NEAR_RT_RIC_SWITCHING_TO_SATELLITE_BACKHAUL,TN_NEAR_RT_RIC,1,0.1,2,2,NEAR_RT_RIC_EMERGENCY_SWITCHING_WITH_SATELLITE_BACKHAUL,0.0,0.0,0.0,0.0,0.0,0.0,tn-uav-satellite_ueS1_50_ueS2_50_tnGnb_4_ntnGnb_3_tnCap_20_ntnCap_10_hyst_2_donor-unavailable-sat-seed1,seed1,satellite
44.5,tn-uav-satellite,0,5,0,-1.0,0,0.0,-1000000000.0,UNREACHABLE,0,1,12.3686,7.84805,1,1,ACTIVE,SATELLITE_FALLBACK,NEAR_RT_RIC_SWITCHING_TO_SATELLITE_BACKHAUL,TN_NEAR_RT_RIC,1,0.1,2,2,NEAR_RT_RIC_EMERGENCY_SWITCHING_WITH_SATELLITE_BACKHAUL,0.4,166.2,0.0007843020000000001,0.0,0.0,0.0,tn-uav-satellite_ueS1_50_ueS2_50_tnGnb_4_ntnGnb_3_tnCap_20_ntnCap_10_hyst_2_donor-unavailable-sat-seed1,seed1,satellite
44.5,tn-uav-satellite,1,6,0,-1.0,0,0.0,-1000000000.0,UNREACHABLE,0,1,13.6365,9.11595,1,1,ACTIVE,SATELLITE_FALLBACK,NEAR_RT_RIC_SWITCHING_TO_SATELLITE_BACKHAUL,TN_NEAR_RT_RIC,1,0.1,2,2,NEAR_RT_RIC_EMERGENCY_SWITCHING_WITH_SATELLITE_BACKHAUL,0.4,166.2,0.0007843020000000001,0.0,0.0,0.0,tn-uav-satellite_ueS1_50_ueS2_50_tnGnb_4_ntnGnb_3_tnCap_20_ntnCap_10_hyst_2_donor-unavailable-sat-seed1,seed1,satellite
44.5,tn-uav-satellite,2,7,0,-1.0,0,0.0,-1000000000.0,UNREACHABLE,0,1,14.5556,10.035,1,1,ACTIVE,SATELLITE_FALLBACK,NEAR_RT_RIC_SWITCHING_TO_SATELLITE_BACKHAUL,TN_NEAR_RT_RIC,1,0.1,2,2,NEAR_RT_RIC_EMERGENCY_SWITCHING_WITH_SATELLITE_BACKHAUL,0.4,166.2,0.0007843020000000001,0.0,0.0,0.0,tn-uav-satellite_ueS1_50_ueS2_50_tnGnb_4_ntnGnb_3_tnCap_20_ntnCap_10_hyst_2_donor-unavailable-sat-seed1,seed1,satellite
46.5,tn-uav-satellite,0,5,0,-1.0,0,0.0,-1000000000.0,UNREACHABLE,0,1,13.6615,11.1612,1,1,ACTIVE,SATELLITE_FALLBACK,NEAR_RT_RIC_SWITCHING_TO_SATELLITE_BACKHAUL,TN_NEAR_RT_RIC,1,0.1,2,2,NEAR_RT_RIC_EMERGENCY_SWITCHING_WITH_SATELLITE_BACKHAUL,0.0,0.0,0.0,0.0,0.0,0.0,tn-uav-satellite_ueS1_50_ueS2_50_tnGnb_4_ntnGnb_3_tnCap_20_ntnCap_10_hyst_2_donor-unavailable-sat-seed1,seed1,satellite
46.5,tn-uav-satellite,1,6,0,-1.0,0,0.0,-1000000000.0,UNREACHABLE,0,1,8.90194,4.38134,1,1,ACTIVE,SATELLITE_FALLBACK,NEAR_RT_RIC_SWITCHING_TO_SATELLITE_BACKHAUL,TN_NEAR_RT_RIC,1,0.1,2,2,NEAR_RT_RIC_EMERGENCY_SWITCHING_WITH_SATELLITE_BACKHAUL,0.0,0.0,0.0,0.0,0.0,0.0,tn-uav-satellite_ueS1_50_ueS2_50_tnGnb_4_ntnGnb_3_tnCap_20_ntnCap_10_hyst_2_donor-unavailable-sat-seed1,seed1,satellite
46.5,tn-uav-satellite,2,7,0,-1.0,0,0.0,-1000000000.0,UNREACHABLE,0,1,10.7642,6.24363,1,1,ACTIVE,SATELLITE_FALLBACK,NEAR_RT_RIC_SWITCHING_TO_SATELLITE_BACKHAUL,TN_NEAR_RT_RIC,1,0.1,2,2,NEAR_RT_RIC_EMERGENCY_SWITCHING_WITH_SATELLITE_BACKHAUL,0.0,0.0,0.0,0.0,0.0,0.0,tn-uav-satellite_ueS1_50_ueS2_50_tnGnb_4_ntnGnb_3_tnCap_20_ntnCap_10_hyst_2_donor-unavailable-sat-seed1,seed1,satellite
48.5,tn-uav-satellite,0,5,0,-1.0,0,0.0,-1000000000.0,UNREACHABLE,0,1,11.3364,6.81577,1,1,ACTIVE,SATELLITE_FALLBACK,NEAR_RT_RIC_SWITCHING_TO_SATELLITE_BACKHAUL,TN_NEAR_RT_RIC,1,0.1,2,2,NEAR_RT_RIC_EMERGENCY_SWITCHING_WITH_SATELLITE_BACKHAUL,0.0,0.0,0.0,0.0,0.0,0.0,tn-uav-satellite_ueS1_50_ueS2_50_tnGnb_4_ntnGnb_3_tnCap_20_ntnCap_10_hyst_2_donor-unavailable-sat-seed1,seed1,satellite
48.5,tn-uav-satellite,1,6,0,-1.0,0,0.0,-1000000000.0,UNREACHABLE,0,1,11.2654,6.74478,1,1,ACTIVE,SATELLITE_FALLBACK,NEAR_RT_RIC_SWITCHING_TO_SATELLITE_BACKHAUL,TN_NEAR_RT_RIC,1,0.1,2,2,NEAR_RT_RIC_EMERGENCY_SWITCHING_WITH_SATELLITE_BACKHAUL,0.0,0.0,0.0,0.0,0.0,0.0,tn-uav-satellite_ueS1_50_ueS2_50_tnGnb_4_ntnGnb_3_tnCap_20_ntnCap_10_hyst_2_donor-unavailable-sat-seed1,seed1,satellite
48.5,tn-uav-satellite,2,7,0,-1.0,0,0.0,-1000000000.0,UNREACHABLE,0,1,8.32616,3.80556,1,1,ACTIVE,SATELLITE_FALLBACK,NEAR_RT_RIC_SWITCHING_TO_SATELLITE_BACKHAUL,TN_NEAR_RT_RIC,1,0.1,2,2,NEAR_RT_RIC_EMERGENCY_SWITCHING_WITH_SATELLITE_BACKHAUL,0.0,0.0,0.0,0.0,0.0,0.0,tn-uav-satellite_ueS1_50_ueS2_50_tnGnb_4_ntnGnb_3_tnCap_20_ntnCap_10_hyst_2_donor-unavailable-sat-seed1,seed1,satellite
50.5,tn-uav-satellite,0,5,0,-1.0,0,0.0,-1000000000.0,UNREACHABLE,0,1,15.6635,11.1429,1,1,ACTIVE,SATELLITE_FALLBACK,NEAR_RT_RIC_SWITCHING_TO_SATELLITE_BACKHAUL,TN_NEAR_RT_RIC,1,0.1,2,2,NEAR_RT_RIC_EMERGENCY_SWITCHING_WITH_SATELLITE_BACKHAUL,0.0,0.0,0.0,0.0,0.0,0.0,tn-uav-satellite_ueS1_50_ueS2_50_tnGnb_4_ntnGnb_3_tnCap_20_ntnCap_10_hyst_2_donor-unavailable-sat-seed1,seed1,satellite
50.5,tn-uav-satellite,1,6,0,-1.0,0,0.0,-1000000000.0,UNREACHABLE,0,1,14.1499,9.62934,1,1,ACTIVE,SATELLITE_FALLBACK,NEAR_RT_RIC_SWITCHING_TO_SATELLITE_BACKHAUL,TN_NEAR_RT_RIC,1,0.1,2,2,NEAR_RT_RIC_EMERGENCY_SWITCHING_WITH_SATELLITE_BACKHAUL,0.0,0.0,0.0,0.0,0.0,0.0,tn-uav-satellite_ueS1_50_ueS2_50_tnGnb_4_ntnGnb_3_tnCap_20_ntnCap_10_hyst_2_donor-unavailable-sat-seed1,seed1,satellite
50.5,tn-uav-satellite,2,7,0,-1.0,0,0.0,-1000000000.0,UNREACHABLE,0,1,12.8531,8.33252,1,1,ACTIVE,SATELLITE_FALLBACK,NEAR_RT_RIC_SWITCHING_TO_SATELLITE_BACKHAUL,TN_NEAR_RT_RIC,1,0.1,2,2,NEAR_RT_RIC_EMERGENCY_SWITCHING_WITH_SATELLITE_BACKHAUL,0.0,0.0,0.0,0.0,0.0,0.0,tn-uav-satellite_ueS1_50_ueS2_50_tnGnb_4_ntnGnb_3_tnCap_20_ntnCap_10_hyst_2_donor-unavailable-sat-seed1,seed1,satellite
52.5,tn-uav-satellite,0,5,0,-1.0,0,0.0,-1000000000.0,UNREACHABLE,0,1,9.42755,4.90695,1,1,ACTIVE,SATELLITE_FALLBACK,NEAR_RT_RIC_SWITCHING_TO_SATELLITE_BACKHAUL,TN_NEAR_RT_RIC,1,0.1,2,2,NEAR_RT_RIC_EMERGENCY_SWITCHING_WITH_SATELLITE_BACKHAUL,0.0,0.0,0.0,0.0,0.0,0.0,tn-uav-satellite_ueS1_50_ueS2_50_tnGnb_4_ntnGnb_3_tnCap_20_ntnCap_10_hyst_2_donor-unavailable-sat-seed1,seed1,satellite
52.5,tn-uav-satellite,1,6,0,-1.0,0,0.0,-1000000000.0,UNREACHABLE,0,1,16.4427,11.9221,1,1,ACTIVE,SATELLITE_FALLBACK,NEAR_RT_RIC_SWITCHING_TO_SATELLITE_BACKHAUL,TN_NEAR_RT_RIC,1,0.1,2,2,NEAR_RT_RIC_EMERGENCY_SWITCHING_WITH_SATELLITE_BACKHAUL,0.0,0.0,0.0,0.0,0.0,0.0,tn-uav-satellite_ueS1_50_ueS2_50_tnGnb_4_ntnGnb_3_tnCap_20_ntnCap_10_hyst_2_donor-unavailable-sat-seed1,seed1,satellite
52.5,tn-uav-satellite,2,7,0,-1.0,0,0.0,-1000000000.0,UNREACHABLE,0,1,10.9575,6.43686,1,1,ACTIVE,SATELLITE_FALLBACK,NEAR_RT_RIC_SWITCHING_TO_SATELLITE_BACKHAUL,TN_NEAR_RT_RIC,1,0.1,2,2,NEAR_RT_RIC_EMERGENCY_SWITCHING_WITH_SATELLITE_BACKHAUL,0.0,0.0,0.0,0.0,0.0,0.0,tn-uav-satellite_ueS1_50_ueS2_50_tnGnb_4_ntnGnb_3_tnCap_20_ntnCap_10_hyst_2_donor-unavailable-sat-seed1,seed1,satellite
54.5,tn-uav-satellite,0,5,0,-1.0,0,0.0,-1000000000.0,UNREACHABLE,0,1,13.2249,8.70432,1,1,ACTIVE,SATELLITE_FALLBACK,NEAR_RT_RIC_SWITCHING_TO_SATELLITE_BACKHAUL,TN_NEAR_RT_RIC,1,0.1,2,2,NEAR_RT_RIC_EMERGENCY_SWITCHING_WITH_SATELLITE_BACKHAUL,0.0,0.0,0.0,0.0,0.0,0.0,tn-uav-satellite_ueS1_50_ueS2_50_tnGnb_4_ntnGnb_3_tnCap_20_ntnCap_10_hyst_2_donor-unavailable-sat-seed1,seed1,satellite
54.5,tn-uav-satellite,1,6,0,-1.0,0,0.0,-1000000000.0,UNREACHABLE,0,1,11.9665,7.44594,1,1,ACTIVE,SATELLITE_FALLBACK,NEAR_RT_RIC_SWITCHING_TO_SATELLITE_BACKHAUL,TN_NEAR_RT_RIC,1,0.1,2,2,NEAR_RT_RIC_EMERGENCY_SWITCHING_WITH_SATELLITE_BACKHAUL,0.0,0.0,0.0,0.0,0.0,0.0,tn-uav-satellite_ueS1_50_ueS2_50_tnGnb_4_ntnGnb_3_tnCap_20_ntnCap_10_hyst_2_donor-unavailable-sat-seed1,seed1,satellite
54.5,tn-uav-satellite,2,7,0,-1.0,0,0.0,-1000000000.0,UNREACHABLE,0,1,9.99818,5.47758,1,1,ACTIVE,SATELLITE_FALLBACK,NEAR_RT_RIC_SWITCHING_TO_SATELLITE_BACKHAUL,TN_NEAR_RT_RIC,1,0.1,2,2,NEAR_RT_RIC_EMERGENCY_SWITCHING_WITH_SATELLITE_BACKHAUL,0.0,0.0,0.0,0.0,0.0,0.0,tn-uav-satellite_ueS1_50_ueS2_50_tnGnb_4_ntnGnb_3_tnCap_20_ntnCap_10_hyst_2_donor-unavailable-sat-seed1,seed1,satellite
56.5,tn-uav-satellite,0,5,0,-1.0,0,0.0,-1000000000.0,UNREACHABLE,0,1,11.869,7.34838,1,1,ACTIVE,SATELLITE_FALLBACK,NEAR_RT_RIC_SWITCHING_TO_SATELLITE_BACKHAUL,TN_NEAR_RT_RIC,1,0.1,2,2,NEAR_RT_RIC_EMERGENCY_SWITCHING_WITH_SATELLITE_BACKHAUL,0.56,176.498,0.001098022,0.0,0.0,0.0,tn-uav-satellite_ueS1_50_ueS2_50_tnGnb_4_ntnGnb_3_tnCap_20_ntnCap_10_hyst_2_donor-unavailable-sat-seed1,seed1,satellite
56.5,tn-uav-satellite,1,6,0,-1.0,0,0.0,-1000000000.0,UNREACHABLE,0,1,13.2561,8.73546,1,1,ACTIVE,SATELLITE_FALLBACK,NEAR_RT_RIC_SWITCHING_TO_SATELLITE_BACKHAUL,TN_NEAR_RT_RIC,1,0.1,2,2,NEAR_RT_RIC_EMERGENCY_SWITCHING_WITH_SATELLITE_BACKHAUL,0.56,176.498,0.001098022,0.0,0.0,0.0,tn-uav-satellite_ueS1_50_ueS2_50_tnGnb_4_ntnGnb_3_tnCap_20_ntnCap_10_hyst_2_donor-unavailable-sat-seed1,seed1,satellite
56.5,tn-uav-satellite,2,7,0,-1.0,0,0.0,-1000000000.0,UNREACHABLE,0,1,12.5925,8.0719,1,1,ACTIVE,SATELLITE_FALLBACK,NEAR_RT_RIC_SWITCHING_TO_SATELLITE_BACKHAUL,TN_NEAR_RT_RIC,1,0.1,2,2,NEAR_RT_RIC_EMERGENCY_SWITCHING_WITH_SATELLITE_BACKHAUL,0.56,176.498,0.001098022,0.0,0.0,0.0,tn-uav-satellite_ueS1_50_ueS2_50_tnGnb_4_ntnGnb_3_tnCap_20_ntnCap_10_hyst_2_donor-unavailable-sat-seed1,seed1,satellite
58.5,tn-uav-satellite,0,5,0,-1.0,0,0.0,-1000000000.0,UNREACHABLE,0,1,10.6803,6.15975,1,1,ACTIVE,SATELLITE_FALLBACK,NEAR_RT_RIC_SWITCHING_TO_SATELLITE_BACKHAUL,TN_NEAR_RT_RIC,1,0.1,2,2,NEAR_RT_RIC_EMERGENCY_SWITCHING_WITH_SATELLITE_BACKHAUL,0.0,0.0,0.0,0.0,0.0,0.0,tn-uav-satellite_ueS1_50_ueS2_50_tnGnb_4_ntnGnb_3_tnCap_20_ntnCap_10_hyst_2_donor-unavailable-sat-seed1,seed1,satellite
58.5,tn-uav-satellite,1,6,0,-1.0,0,0.0,-1000000000.0,UNREACHABLE,0,1,10.9956,6.47504,1,1,ACTIVE,SATELLITE_FALLBACK,NEAR_RT_RIC_SWITCHING_TO_SATELLITE_BACKHAUL,TN_NEAR_RT_RIC,1,0.1,2,2,NEAR_RT_RIC_EMERGENCY_SWITCHING_WITH_SATELLITE_BACKHAUL,0.0,0.0,0.0,0.0,0.0,0.0,tn-uav-satellite_ueS1_50_ueS2_50_tnGnb_4_ntnGnb_3_tnCap_20_ntnCap_10_hyst_2_donor-unavailable-sat-seed1,seed1,satellite
58.5,tn-uav-satellite,2,7,0,-1.0,0,0.0,-1000000000.0,UNREACHABLE,0,1,11.8065,7.28595,1,1,ACTIVE,SATELLITE_FALLBACK,NEAR_RT_RIC_SWITCHING_TO_SATELLITE_BACKHAUL,TN_NEAR_RT_RIC,1,0.1,2,2,NEAR_RT_RIC_EMERGENCY_SWITCHING_WITH_SATELLITE_BACKHAUL,0.0,0.0,0.0,0.0,0.0,0.0,tn-uav-satellite_ueS1_50_ueS2_50_tnGnb_4_ntnGnb_3_tnCap_20_ntnCap_10_hyst_2_donor-unavailable-sat-seed1,seed1,satellite
60.5,tn-uav-satellite,0,5,0,-1.0,0,0.0,-1000000000.0,UNREACHABLE,0,1,11.0414,6.52077,1,1,ACTIVE,SATELLITE_FALLBACK,NEAR_RT_RIC_SWITCHING_TO_SATELLITE_BACKHAUL,TN_NEAR_RT_RIC,1,0.1,2,2,NEAR_RT_RIC_EMERGENCY_SWITCHING_WITH_SATELLITE_BACKHAUL,0.0,0.0,0.0,0.0,0.0,0.0,tn-uav-satellite_ueS1_50_ueS2_50_tnGnb_4_ntnGnb_3_tnCap_20_ntnCap_10_hyst_2_donor-unavailable-sat-seed1,seed1,satellite
60.5,tn-uav-satellite,1,6,0,-1.0,0,0.0,-1000000000.0,UNREACHABLE,0,1,10.9002,6.37961,1,1,ACTIVE,SATELLITE_FALLBACK,NEAR_RT_RIC_SWITCHING_TO_SATELLITE_BACKHAUL,TN_NEAR_RT_RIC,1,0.1,2,2,NEAR_RT_RIC_EMERGENCY_SWITCHING_WITH_SATELLITE_BACKHAUL,0.0,0.0,0.0,0.0,0.0,0.0,tn-uav-satellite_ueS1_50_ueS2_50_tnGnb_4_ntnGnb_3_tnCap_20_ntnCap_10_hyst_2_donor-unavailable-sat-seed1,seed1,satellite
60.5,tn-uav-satellite,2,7,0,-1.0,0,0.0,-1000000000.0,UNREACHABLE,0,1,13.2628,8.74222,1,1,ACTIVE,SATELLITE_FALLBACK,NEAR_RT_RIC_SWITCHING_TO_SATELLITE_BACKHAUL,TN_NEAR_RT_RIC,1,0.1,2,2,NEAR_RT_RIC_EMERGENCY_SWITCHING_WITH_SATELLITE_BACKHAUL,0.0,0.0,0.0,0.0,0.0,0.0,tn-uav-satellite_ueS1_50_ueS2_50_tnGnb_4_ntnGnb_3_tnCap_20_ntnCap_10_hyst_2_donor-unavailable-sat-seed1,seed1,satellite
62.5,tn-uav-satellite,0,5,0,-1.0,0,0.0,-1000000000.0,UNREACHABLE,0,1,12.1063,7.58572,1,1,ACTIVE,SATELLITE_FALLBACK,NEAR_RT_RIC_SWITCHING_TO_SATELLITE_BACKHAUL,TN_NEAR_RT_RIC,1,0.1,2,2,NEAR_RT_RIC_EMERGENCY_SWITCHING_WITH_SATELLITE_BACKHAUL,0.0,0.0,0.0,0.0,0.0,0.0,tn-uav-satellite_ueS1_50_ueS2_50_tnGnb_4_ntnGnb_3_tnCap_20_ntnCap_10_hyst_2_donor-unavailable-sat-seed1,seed1,satellite
62.5,tn-uav-satellite,1,6,0,-1.0,0,0.0,-1000000000.0,UNREACHABLE,0,1,12.6666,8.14604,1,1,ACTIVE,SATELLITE_FALLBACK,NEAR_RT_RIC_SWITCHING_TO_SATELLITE_BACKHAUL,TN_NEAR_RT_RIC,1,0.1,2,2,NEAR_RT_RIC_EMERGENCY_SWITCHING_WITH_SATELLITE_BACKHAUL,0.0,0.0,0.0,0.0,0.0,0.0,tn-uav-satellite_ueS1_50_ueS2_50_tnGnb_4_ntnGnb_3_tnCap_20_ntnCap_10_hyst_2_donor-unavailable-sat-seed1,seed1,satellite
62.5,tn-uav-satellite,2,7,0,-1.0,0,0.0,-1000000000.0,UNREACHABLE,0,1,14.9809,10.4603,1,1,ACTIVE,SATELLITE_FALLBACK,NEAR_RT_RIC_SWITCHING_TO_SATELLITE_BACKHAUL,TN_NEAR_RT_RIC,1,0.1,2,2,NEAR_RT_RIC_EMERGENCY_SWITCHING_WITH_SATELLITE_BACKHAUL,0.0,0.0,0.0,0.0,0.0,0.0,tn-uav-satellite_ueS1_50_ueS2_50_tnGnb_4_ntnGnb_3_tnCap_20_ntnCap_10_hyst_2_donor-unavailable-sat-seed1,seed1,satellite
64.5,tn-uav-satellite,0,5,0,-1.0,0,0.0,-1000000000.0,UNREACHABLE,0,1,13.2515,8.73085,1,1,ACTIVE,SATELLITE_FALLBACK,NEAR_RT_RIC_SWITCHING_TO_SATELLITE_BACKHAUL,TN_NEAR_RT_RIC,1,0.1,2,2,NEAR_RT_RIC_EMERGENCY_SWITCHING_WITH_SATELLITE_BACKHAUL,0.12,73.1,0.00023529,0.0,0.0,0.0,tn-uav-satellite_ueS1_50_ueS2_50_tnGnb_4_ntnGnb_3_tnCap_20_ntnCap_10_hyst_2_donor-unavailable-sat-seed1,seed1,satellite
64.5,tn-uav-satellite,1,6,0,-1.0,0,0.0,-1000000000.0,UNREACHABLE,0,1,12.9758,8.45515,1,1,ACTIVE,SATELLITE_FALLBACK,NEAR_RT_RIC_SWITCHING_TO_SATELLITE_BACKHAUL,TN_NEAR_RT_RIC,1,0.1,2,2,NEAR_RT_RIC_EMERGENCY_SWITCHING_WITH_SATELLITE_BACKHAUL,0.12,73.1,0.00023529,0.0,0.0,0.0,tn-uav-satellite_ueS1_50_ueS2_50_tnGnb_4_ntnGnb_3_tnCap_20_ntnCap_10_hyst_2_donor-unavailable-sat-seed1,seed1,satellite
64.5,tn-uav-satellite,2,7,0,-1.0,0,0.0,-1000000000.0,UNREACHABLE,0,1,13.2955,8.77485,1,1,ACTIVE,SATELLITE_FALLBACK,NEAR_RT_RIC_SWITCHING_TO_SATELLITE_BACKHAUL,TN_NEAR_RT_RIC,1,0.1,2,2,NEAR_RT_RIC_EMERGENCY_SWITCHING_WITH_SATELLITE_BACKHAUL,0.12,73.1,0.00023529,0.0,0.0,0.0,tn-uav-satellite_ueS1_50_ueS2_50_tnGnb_4_ntnGnb_3_tnCap_20_ntnCap_10_hyst_2_donor-unavailable-sat-seed1,seed1,satellite
66.5,tn-uav-satellite,0,5,0,-1.0,0,0.0,-1000000000.0,UNREACHABLE,0,1,11.8419,7.32129,1,1,ACTIVE,SATELLITE_FALLBACK,NEAR_RT_RIC_SWITCHING_TO_SATELLITE_BACKHAUL,TN_NEAR_RT_RIC,1,0.1,2,2,NEAR_RT_RIC_EMERGENCY_SWITCHING_WITH_SATELLITE_BACKHAUL,0.0,0.0,0.0,0.0,0.0,0.0,tn-uav-satellite_ueS1_50_ueS2_50_tnGnb_4_ntnGnb_3_tnCap_20_ntnCap_10_hyst_2_donor-unavailable-sat-seed1,seed1,satellite
66.5,tn-uav-satellite,1,6,0,-1.0,0,0.0,-1000000000.0,UNREACHABLE,0,1,12.7437,8.22306,1,1,ACTIVE,SATELLITE_FALLBACK,NEAR_RT_RIC_SWITCHING_TO_SATELLITE_BACKHAUL,TN_NEAR_RT_RIC,1,0.1,2,2,NEAR_RT_RIC_EMERGENCY_SWITCHING_WITH_SATELLITE_BACKHAUL,0.0,0.0,0.0,0.0,0.0,0.0,tn-uav-satellite_ueS1_50_ueS2_50_tnGnb_4_ntnGnb_3_tnCap_20_ntnCap_10_hyst_2_donor-unavailable-sat-seed1,seed1,satellite
66.5,tn-uav-satellite,2,7,0,-1.0,0,0.0,-1000000000.0,UNREACHABLE,0,1,12.0836,7.563,1,1,ACTIVE,SATELLITE_FALLBACK,NEAR_RT_RIC_SWITCHING_TO_SATELLITE_BACKHAUL,TN_NEAR_RT_RIC,1,0.1,2,2,NEAR_RT_RIC_EMERGENCY_SWITCHING_WITH_SATELLITE_BACKHAUL,0.0,0.0,0.0,0.0,0.0,0.0,tn-uav-satellite_ueS1_50_ueS2_50_tnGnb_4_ntnGnb_3_tnCap_20_ntnCap_10_hyst_2_donor-unavailable-sat-seed1,seed1,satellite
68.5,tn-uav-satellite,0,5,0,-1.0,0,0.0,-1000000000.0,UNREACHABLE,0,1,12.5343,8.01371,1,1,ACTIVE,SATELLITE_FALLBACK,NEAR_RT_RIC_SWITCHING_TO_SATELLITE_BACKHAUL,TN_NEAR_RT_RIC,1,0.1,2,2,NEAR_RT_RIC_EMERGENCY_SWITCHING_WITH_SATELLITE_BACKHAUL,0.0,0.0,0.0,0.0,0.0,0.0,tn-uav-satellite_ueS1_50_ueS2_50_tnGnb_4_ntnGnb_3_tnCap_20_ntnCap_10_hyst_2_donor-unavailable-sat-seed1,seed1,satellite
68.5,tn-uav-satellite,1,6,0,-1.0,0,0.0,-1000000000.0,UNREACHABLE,0,1,15.2986,10.778,1,1,ACTIVE,SATELLITE_FALLBACK,NEAR_RT_RIC_SWITCHING_TO_SATELLITE_BACKHAUL,TN_NEAR_RT_RIC,1,0.1,2,2,NEAR_RT_RIC_EMERGENCY_SWITCHING_WITH_SATELLITE_BACKHAUL,0.0,0.0,0.0,0.0,0.0,0.0,tn-uav-satellite_ueS1_50_ueS2_50_tnGnb_4_ntnGnb_3_tnCap_20_ntnCap_10_hyst_2_donor-unavailable-sat-seed1,seed1,satellite
68.5,tn-uav-satellite,2,7,0,-1.0,0,0.0,-1000000000.0,UNREACHABLE,0,1,14.3269,9.80632,1,1,ACTIVE,SATELLITE_FALLBACK,NEAR_RT_RIC_SWITCHING_TO_SATELLITE_BACKHAUL,TN_NEAR_RT_RIC,1,0.1,2,2,NEAR_RT_RIC_EMERGENCY_SWITCHING_WITH_SATELLITE_BACKHAUL,0.0,0.0,0.0,0.0,0.0,0.0,tn-uav-satellite_ueS1_50_ueS2_50_tnGnb_4_ntnGnb_3_tnCap_20_ntnCap_10_hyst_2_donor-unavailable-sat-seed1,seed1,satellite
70.5,tn-uav-satellite,0,5,0,-1.0,0,0.0,-1000000000.0,UNREACHABLE,0,1,13.4448,8.92418,1,1,ACTIVE,SATELLITE_FALLBACK,NEAR_RT_RIC_SWITCHING_TO_SATELLITE_BACKHAUL,TN_NEAR_RT_RIC,1,0.1,2,2,NEAR_RT_RIC_EMERGENCY_SWITCHING_WITH_SATELLITE_BACKHAUL,0.0,0.0,0.0,0.0,0.0,0.0,tn-uav-satellite_ueS1_50_ueS2_50_tnGnb_4_ntnGnb_3_tnCap_20_ntnCap_10_hyst_2_donor-unavailable-sat-seed1,seed1,satellite
70.5,tn-uav-satellite,1,6,0,-1.0,0,0.0,-1000000000.0,UNREACHABLE,0,1,15.2463,10.7257,1,1,ACTIVE,SATELLITE_FALLBACK,NEAR_RT_RIC_SWITCHING_TO_SATELLITE_BACKHAUL,TN_NEAR_RT_RIC,1,0.1,2,2,NEAR_RT_RIC_EMERGENCY_SWITCHING_WITH_SATELLITE_BACKHAUL,0.0,0.0,0.0,0.0,0.0,0.0,tn-uav-satellite_ueS1_50_ueS2_50_tnGnb_4_ntnGnb_3_tnCap_20_ntnCap_10_hyst_2_donor-unavailable-sat-seed1,seed1,satellite
70.5,tn-uav-satellite,2,7,0,-1.0,0,0.0,-1000000000.0,UNREACHABLE,0,1,14.4205,9.89991,1,1,ACTIVE,SATELLITE_FALLBACK,NEAR_RT_RIC_SWITCHING_TO_SATELLITE_BACKHAUL,TN_NEAR_RT_RIC,1,0.1,2,2,NEAR_RT_RIC_EMERGENCY_SWITCHING_WITH_SATELLITE_BACKHAUL,0.0,0.0,0.0,0.0,0.0,0.0,tn-uav-satellite_ueS1_50_ueS2_50_tnGnb_4_ntnGnb_3_tnCap_20_ntnCap_10_hyst_2_donor-unavailable-sat-seed1,seed1,satellite
72.5,tn-uav-satellite,0,5,0,-1.0,0,0.0,-1000000000.0,UNREACHABLE,0,1,13.6156,9.09504,1,1,ACTIVE,SATELLITE_FALLBACK,NEAR_RT_RIC_SWITCHING_TO_SATELLITE_BACKHAUL,TN_NEAR_RT_RIC,1,0.1,2,2,NEAR_RT_RIC_EMERGENCY_SWITCHING_WITH_SATELLITE_BACKHAUL,0.0,0.0,0.0,0.0,0.0,0.0,tn-uav-satellite_ueS1_50_ueS2_50_tnGnb_4_ntnGnb_3_tnCap_20_ntnCap_10_hyst_2_donor-unavailable-sat-seed1,seed1,satellite
72.5,tn-uav-satellite,1,6,0,-1.0,0,0.0,-1000000000.0,UNREACHABLE,0,1,10.4147,5.89412,1,1,ACTIVE,SATELLITE_FALLBACK,NEAR_RT_RIC_SWITCHING_TO_SATELLITE_BACKHAUL,TN_NEAR_RT_RIC,1,0.1,2,2,NEAR_RT_RIC_EMERGENCY_SWITCHING_WITH_SATELLITE_BACKHAUL,0.0,0.0,0.0,0.0,0.0,0.0,tn-uav-satellite_ueS1_50_ueS2_50_tnGnb_4_ntnGnb_3_tnCap_20_ntnCap_10_hyst_2_donor-unavailable-sat-seed1,seed1,satellite
72.5,tn-uav-satellite,2,7,0,-1.0,0,0.0,-1000000000.0,UNREACHABLE,0,1,13.7441,9.22347,1,1,ACTIVE,SATELLITE_FALLBACK,NEAR_RT_RIC_SWITCHING_TO_SATELLITE_BACKHAUL,TN_NEAR_RT_RIC,1,0.1,2,2,NEAR_RT_RIC_EMERGENCY_SWITCHING_WITH_SATELLITE_BACKHAUL,0.0,0.0,0.0,0.0,0.0,0.0,tn-uav-satellite_ueS1_50_ueS2_50_tnGnb_4_ntnGnb_3_tnCap_20_ntnCap_10_hyst_2_donor-unavailable-sat-seed1,seed1,satellite
74.5,tn-uav-satellite,0,5,0,-1.0,0,0.0,-1000000000.0,UNREACHABLE,0,1,12.8627,8.34206,1,1,ACTIVE,SATELLITE_FALLBACK,NEAR_RT_RIC_SWITCHING_TO_SATELLITE_BACKHAUL,TN_NEAR_RT_RIC,1,0.1,2,2,NEAR_RT_RIC_EMERGENCY_SWITCHING_WITH_SATELLITE_BACKHAUL,0.0,0.0,0.0,0.0,0.0,0.0,tn-uav-satellite_ueS1_50_ueS2_50_tnGnb_4_ntnGnb_3_tnCap_20_ntnCap_10_hyst_2_donor-unavailable-sat-seed1,seed1,satellite
74.5,tn-uav-satellite,1,6,0,-1.0,0,0.0,-1000000000.0,UNREACHABLE,0,1,10.8492,6.32863,1,1,ACTIVE,SATELLITE_FALLBACK,NEAR_RT_RIC_SWITCHING_TO_SATELLITE_BACKHAUL,TN_NEAR_RT_RIC,1,0.1,2,2,NEAR_RT_RIC_EMERGENCY_SWITCHING_WITH_SATELLITE_BACKHAUL,0.0,0.0,0.0,0.0,0.0,0.0,tn-uav-satellite_ueS1_50_ueS2_50_tnGnb_4_ntnGnb_3_tnCap_20_ntnCap_10_hyst_2_donor-unavailable-sat-seed1,seed1,satellite
74.5,tn-uav-satellite,2,7,0,-1.0,0,0.0,-1000000000.0,UNREACHABLE,0,1,14.1805,9.6599,1,1,ACTIVE,SATELLITE_FALLBACK,NEAR_RT_RIC_SWITCHING_TO_SATELLITE_BACKHAUL,TN_NEAR_RT_RIC,1,0.1,2,2,NEAR_RT_RIC_EMERGENCY_SWITCHING_WITH_SATELLITE_BACKHAUL,0.0,0.0,0.0,0.0,0.0,0.0,tn-uav-satellite_ueS1_50_ueS2_50_tnGnb_4_ntnGnb_3_tnCap_20_ntnCap_10_hyst_2_donor-unavailable-sat-seed1,seed1,satellite
76.5,tn-uav-satellite,0,5,2,2270.14,1,3.95538,-64.6069,HEALTHY,0,0,11.4847,6.9641,1,1,STANDBY,TN_DIRECT,TN_E2,TN_NEAR_RT_RIC,1,0.1,2,2,TN_CONTROLLED_COVERAGE_EXTENSION,0.0,0.0,0.0,0.0,0.0,0.0,tn-uav-satellite_ueS1_50_ueS2_50_tnGnb_4_ntnGnb_3_tnCap_20_ntnCap_10_hyst_2_donor-unavailable-sat-seed1,seed1,satellite
76.5,tn-uav-satellite,1,6,4,509.714,1,-3.40917,-58.9969,HEALTHY,0,0,11.1427,6.62214,1,1,STANDBY,TN_DIRECT,TN_E2,TN_NEAR_RT_RIC,1,0.1,2,2,TN_CONTROLLED_COVERAGE_EXTENSION,0.0,0.0,0.0,0.0,0.0,0.0,tn-uav-satellite_ueS1_50_ueS2_50_tnGnb_4_ntnGnb_3_tnCap_20_ntnCap_10_hyst_2_donor-unavailable-sat-seed1,seed1,satellite
76.5,tn-uav-satellite,2,7,2,371.125,1,1.23778,-51.5938,HEALTHY,0,0,8.98936,4.46876,1,1,STANDBY,TN_DIRECT,TN_E2,TN_NEAR_RT_RIC,1,0.1,2,2,TN_CONTROLLED_COVERAGE_EXTENSION,0.0,0.0,0.0,0.0,0.0,0.0,tn-uav-satellite_ueS1_50_ueS2_50_tnGnb_4_ntnGnb_3_tnCap_20_ntnCap_10_hyst_2_donor-unavailable-sat-seed1,seed1,satellite
78.5,tn-uav-satellite,0,5,1,1845.03,1,-0.64891,-67.4102,HEALTHY,0,0,11.8921,7.37146,1,1,STANDBY,TN_DIRECT,TN_E2,TN_NEAR_RT_RIC,1,0.1,2,2,TN_CONTROLLED_COVERAGE_EXTENSION,0.16,39.35,0.00031371999999999997,0.0,0.0,0.0,tn-uav-satellite_ueS1_50_ueS2_50_tnGnb_4_ntnGnb_3_tnCap_20_ntnCap_10_hyst_2_donor-unavailable-sat-seed1,seed1,satellite
78.5,tn-uav-satellite,1,6,4,504.134,1,-2.55936,-58.0515,HEALTHY,0,0,6.29801,1.77741,1,1,STANDBY,TN_DIRECT,TN_E2,TN_NEAR_RT_RIC,1,0.1,2,2,TN_CONTROLLED_COVERAGE_EXTENSION,0.16,39.35,0.00031371999999999997,0.0,0.0,0.0,tn-uav-satellite_ueS1_50_ueS2_50_tnGnb_4_ntnGnb_3_tnCap_20_ntnCap_10_hyst_2_donor-unavailable-sat-seed1,seed1,satellite
78.5,tn-uav-satellite,2,7,2,353.365,1,0.381982,-52.0237,HEALTHY,0,0,13.3145,8.7939,1,1,STANDBY,TN_DIRECT,TN_E2,TN_NEAR_RT_RIC,1,0.1,2,2,TN_CONTROLLED_COVERAGE_EXTENSION,0.16,39.35,0.00031371999999999997,0.0,0.0,0.0,tn-uav-satellite_ueS1_50_ueS2_50_tnGnb_4_ntnGnb_3_tnCap_20_ntnCap_10_hyst_2_donor-unavailable-sat-seed1,seed1,satellite
80.5,tn-uav-satellite,0,5,1,1842.87,1,1.48981,-65.2613,HEALTHY,0,0,14.3731,9.85253,1,1,STANDBY,TN_DIRECT,TN_E2,TN_NEAR_RT_RIC,1,0.1,2,2,TN_CONTROLLED_COVERAGE_EXTENSION,0.0,0.0,0.0,0.0,0.0,0.0,tn-uav-satellite_ueS1_50_ueS2_50_tnGnb_4_ntnGnb_3_tnCap_20_ntnCap_10_hyst_2_donor-unavailable-sat-seed1,seed1,satellite
80.5,tn-uav-satellite,1,6,4,535.297,1,-0.447712,-56.4608,HEALTHY,0,0,12.2795,7.7589,1,1,STANDBY,TN_DIRECT,TN_E2,TN_NEAR_RT_RIC,1,0.1,2,2,TN_CONTROLLED_COVERAGE_EXTENSION,0.0,0.0,0.0,0.0,0.0,0.0,tn-uav-satellite_ueS1_50_ueS2_50_tnGnb_4_ntnGnb_3_tnCap_20_ntnCap_10_hyst_2_donor-unavailable-sat-seed1,seed1,satellite
80.5,tn-uav-satellite,2,7,2,345.035,1,1.3569,-50.8416,HEALTHY,0,0,14.4138,9.89319,1,1,STANDBY,TN_DIRECT,TN_E2,TN_NEAR_RT_RIC,1,0.1,2,2,TN_CONTROLLED_COVERAGE_EXTENSION,0.0,0.0,0.0,0.0,0.0,0.0,tn-uav-satellite_ueS1_50_ueS2_50_tnGnb_4_ntnGnb_3_tnCap_20_ntnCap_10_hyst_2_donor-unavailable-sat-seed1,seed1,satellite
82.5,tn-uav-satellite,0,5,3,1931.57,1,-3.8457,-71.0051,HEALTHY,0,0,13.0657,8.54514,1,1,STANDBY,TN_DIRECT,TN_E2,TN_NEAR_RT_RIC,1,0.1,2,2,TN_CONTROLLED_COVERAGE_EXTENSION,0.04,52.1,7.843019999999999e-05,0.0,0.0,0.0,tn-uav-satellite_ueS1_50_ueS2_50_tnGnb_4_ntnGnb_3_tnCap_20_ntnCap_10_hyst_2_donor-unavailable-sat-seed1,seed1,satellite
82.5,tn-uav-satellite,1,6,4,571.16,1,-0.163872,-56.7402,HEALTHY,0,0,14.2032,9.6826,1,1,STANDBY,TN_DIRECT,TN_E2,TN_NEAR_RT_RIC,1,0.1,2,2,TN_CONTROLLED_COVERAGE_EXTENSION,0.04,52.1,7.843019999999999e-05,0.0,0.0,0.0,tn-uav-satellite_ueS1_50_ueS2_50_tnGnb_4_ntnGnb_3_tnCap_20_ntnCap_10_hyst_2_donor-unavailable-sat-seed1,seed1,satellite
82.5,tn-uav-satellite,2,7,2,342.048,1,-2.04926,-54.1722,HEALTHY,0,0,9.03517,4.51457,1,1,STANDBY,TN_DIRECT,TN_E2,TN_NEAR_RT_RIC,1,0.1,2,2,TN_CONTROLLED_COVERAGE_EXTENSION,0.04,52.1,7.843019999999999e-05,0.0,0.0,0.0,tn-uav-satellite_ueS1_50_ueS2_50_tnGnb_4_ntnGnb_3_tnCap_20_ntnCap_10_hyst_2_donor-unavailable-sat-seed1,seed1,satellite
84.5,tn-uav-satellite,0,5,1,1903.59,1,4.33644,-62.6962,HEALTHY,0,0,11.9476,7.42698,1,1,STANDBY,TN_DIRECT,TN_E2,TN_NEAR_RT_RIC,1,0.1,2,2,TN_CONTROLLED_COVERAGE_EXTENSION,0.12,51.4333,0.00023529,0.0,0.0,0.0,tn-uav-satellite_ueS1_50_ueS2_50_tnGnb_4_ntnGnb_3_tnCap_20_ntnCap_10_hyst_2_donor-unavailable-sat-seed1,seed1,satellite
84.5,tn-uav-satellite,1,6,4,595.425,1,2.52106,-54.4167,HEALTHY,0,0,13.5614,9.04083,1,1,STANDBY,TN_DIRECT,TN_E2,TN_NEAR_RT_RIC,1,0.1,2,2,TN_CONTROLLED_COVERAGE_EXTENSION,0.12,51.4333,0.00023529,0.0,0.0,0.0,tn-uav-satellite_ueS1_50_ueS2_50_tnGnb_4_ntnGnb_3_tnCap_20_ntnCap_10_hyst_2_donor-unavailable-sat-seed1,seed1,satellite
84.5,tn-uav-satellite,2,7,2,335.561,1,-4.44142,-56.398,HEALTHY,0,0,11.9254,7.40477,1,1,STANDBY,TN_DIRECT,TN_E2,TN_NEAR_RT_RIC,1,0.1,2,2,TN_CONTROLLED_COVERAGE_EXTENSION,0.12,51.4333,0.00023529,0.0,0.0,0.0,tn-uav-satellite_ueS1_50_ueS2_50_tnGnb_4_ntnGnb_3_tnCap_20_ntnCap_10_hyst_2_donor-unavailable-sat-seed1,seed1,satellite
86.5,tn-uav-satellite,0,5,1,1951.21,1,-1.7948,-69.0421,HEALTHY,0,0,11.8144,7.29379,1,1,STANDBY,TN_DIRECT,TN_E2,TN_NEAR_RT_RIC,1,0.1,2,2,TN_CONTROLLED_COVERAGE_EXTENSION,0.0,0.0,0.0,0.0,0.0,0.0,tn-uav-satellite_ueS1_50_ueS2_50_tnGnb_4_ntnGnb_3_tnCap_20_ntnCap_10_hyst_2_donor-unavailable-sat-seed1,seed1,satellite
86.5,tn-uav-satellite,1,6,4,604.427,1,-1.15315,-58.2212,HEALTHY,0,0,7.48853,2.96793,1,1,STANDBY,TN_DIRECT,TN_E2,TN_NEAR_RT_RIC,1,0.1,2,2,TN_CONTROLLED_COVERAGE_EXTENSION,0.0,0.0,0.0,0.0,0.0,0.0,tn-uav-satellite_ueS1_50_ueS2_50_tnGnb_4_ntnGnb_3_tnCap_20_ntnCap_10_hyst_2_donor-unavailable-sat-seed1,seed1,satellite
86.5,tn-uav-satellite,2,7,2,315.567,1,1.00142,-50.4216,HEALTHY,0,0,11.8465,7.32585,1,1,STANDBY,TN_DIRECT,TN_E2,TN_NEAR_RT_RIC,1,0.1,2,2,TN_CONTROLLED_COVERAGE_EXTENSION,0.0,0.0,0.0,0.0,0.0,0.0,tn-uav-satellite_ueS1_50_ueS2_50_tnGnb_4_ntnGnb_3_tnCap_20_ntnCap_10_hyst_2_donor-unavailable-sat-seed1,seed1,satellite
88.5,tn-uav-satellite,0,5,2,2454.34,1,0.0476279,-69.1923,HEALTHY,0,0,13.0093,8.48869,1,1,STANDBY,TN_DIRECT,TN_E2,TN_NEAR_RT_RIC,1,0.1,2,2,TN_CONTROLLED_COVERAGE_EXTENSION,0.72,56.8222,0.0014117440000000001,0.0,0.0,0.0,tn-uav-satellite_ueS1_50_ueS2_50_tnGnb_4_ntnGnb_3_tnCap_20_ntnCap_10_hyst_2_donor-unavailable-sat-seed1,seed1,satellite
88.5,tn-uav-satellite,1,6,4,632.779,1,1.42404,-56.0422,HEALTHY,0,0,9.47294,4.95234,1,1,STANDBY,TN_DIRECT,TN_E2,TN_NEAR_RT_RIC,1,0.1,2,2,TN_CONTROLLED_COVERAGE_EXTENSION,0.72,56.8222,0.0014117440000000001,0.0,0.0,0.0,tn-uav-satellite_ueS1_50_ueS2_50_tnGnb_4_ntnGnb_3_tnCap_20_ntnCap_10_hyst_2_donor-unavailable-sat-seed1,seed1,satellite
88.5,tn-uav-satellite,2,7,2,315.377,1,-0.426974,-51.8448,HEALTHY,0,0,13.0965,8.57593,1,1,STANDBY,TN_DIRECT,TN_E2,TN_NEAR_RT_RIC,1,0.1,2,2,TN_CONTROLLED_COVERAGE_EXTENSION,0.72,56.8222,0.0014117440000000001,0.0,0.0,0.0,tn-uav-satellite_ueS1_50_ueS2_50_tnGnb_4_ntnGnb_3_tnCap_20_ntnCap_10_hyst_2_donor-unavailable-sat-seed1,seed1,satellite
90.5,tn-uav-satellite,0,5,3,2091.1,1,2.49687,-65.3518,HEALTHY,0,0,14.6881,10.1675,1,1,STANDBY,TN_DIRECT,TN_E2,TN_NEAR_RT_RIC,1,0.1,2,2,TN_CONTROLLED_COVERAGE_EXTENSION,0.0,0.0,0.0,0.0,0.0,0.0,tn-uav-satellite_ueS1_50_ueS2_50_tnGnb_4_ntnGnb_3_tnCap_20_ntnCap_10_hyst_2_donor-unavailable-sat-seed1,seed1,satellite
90.5,tn-uav-satellite,1,6,4,632.779,1,-1.83449,-59.3007,HEALTHY,0,0,14.0917,9.57113,1,1,STANDBY,TN_DIRECT,TN_E2,TN_NEAR_RT_RIC,1,0.1,2,2,TN_CONTROLLED_COVERAGE_EXTENSION,0.0,0.0,0.0,0.0,0.0,0.0,tn-uav-satellite_ueS1_50_ueS2_50_tnGnb_4_ntnGnb_3_tnCap_20_ntnCap_10_hyst_2_donor-unavailable-sat-seed1,seed1,satellite
90.5,tn-uav-satellite,2,7,2,287.762,1,-2.73288,-53.3548,HEALTHY,0,0,14.5971,10.0765,1,1,STANDBY,TN_DIRECT,TN_E2,TN_NEAR_RT_RIC,1,0.1,2,2,TN_CONTROLLED_COVERAGE_EXTENSION,0.0,0.0,0.0,0.0,0.0,0.0,tn-uav-satellite_ueS1_50_ueS2_50_tnGnb_4_ntnGnb_3_tnCap_20_ntnCap_10_hyst_2_donor-unavailable-sat-seed1,seed1,satellite
92.5,tn-uav-satellite,0,5,1,2082.29,1,-1.54565,-69.3577,HEALTHY,0,0,11.9175,7.39689,1,1,STANDBY,TN_DIRECT,TN_E2,TN_NEAR_RT_RIC,1,0.1,2,2,TN_CONTROLLED_COVERAGE_EXTENSION,0.0,0.0,0.0,0.0,0.0,0.0,tn-uav-satellite_ueS1_50_ueS2_50_tnGnb_4_ntnGnb_3_tnCap_20_ntnCap_10_hyst_2_donor-unavailable-sat-seed1,seed1,satellite
92.5,tn-uav-satellite,1,6,4,632.779,1,0.503886,-56.9624,HEALTHY,0,0,10.1831,5.66246,1,1,STANDBY,TN_DIRECT,TN_E2,TN_NEAR_RT_RIC,1,0.1,2,2,TN_CONTROLLED_COVERAGE_EXTENSION,0.0,0.0,0.0,0.0,0.0,0.0,tn-uav-satellite_ueS1_50_ueS2_50_tnGnb_4_ntnGnb_3_tnCap_20_ntnCap_10_hyst_2_donor-unavailable-sat-seed1,seed1,satellite
92.5,tn-uav-satellite,2,7,2,266.878,1,0.0998728,-49.8676,HEALTHY,0,0,13.3964,8.87582,1,1,STANDBY,TN_DIRECT,TN_E2,TN_NEAR_RT_RIC,1,0.1,2,2,TN_CONTROLLED_COVERAGE_EXTENSION,0.0,0.0,0.0,0.0,0.0,0.0,tn-uav-satellite_ueS1_50_ueS2_50_tnGnb_4_ntnGnb_3_tnCap_20_ntnCap_10_hyst_2_donor-unavailable-sat-seed1,seed1,satellite
94.5,tn-uav-satellite,0,5,1,2110.9,1,0.346395,-67.5842,HEALTHY,0,0,11.1925,6.67192,1,1,STANDBY,TN_DIRECT,TN_E2,TN_NEAR_RT_RIC,1,0.1,2,2,TN_CONTROLLED_COVERAGE_EXTENSION,0.0,0.0,0.0,0.0,0.0,0.0,tn-uav-satellite_ueS1_50_ueS2_50_tnGnb_4_ntnGnb_3_tnCap_20_ntnCap_10_hyst_2_donor-unavailable-sat-seed1,seed1,satellite
94.5,tn-uav-satellite,1,6,4,632.779,1,-2.42649,-59.8927,HEALTHY,0,0,12.8547,8.33414,1,1,STANDBY,TN_DIRECT,TN_E2,TN_NEAR_RT_RIC,1,0.1,2,2,TN_CONTROLLED_COVERAGE_EXTENSION,0.0,0.0,0.0,0.0,0.0,0.0,tn-uav-satellite_ueS1_50_ueS2_50_tnGnb_4_ntnGnb_3_tnCap_20_ntnCap_10_hyst_2_donor-unavailable-sat-seed1,seed1,satellite
94.5,tn-uav-satellite,2,7,2,247.421,1,2.32842,-46.9815,HEALTHY,0,0,10.1872,5.66663,1,1,STANDBY,TN_DIRECT,TN_E2,TN_NEAR_RT_RIC,1,0.1,2,2,TN_CONTROLLED_COVERAGE_EXTENSION,0.0,0.0,0.0,0.0,0.0,0.0,tn-uav-satellite_ueS1_50_ueS2_50_tnGnb_4_ntnGnb_3_tnCap_20_ntnCap_10_hyst_2_donor-unavailable-sat-seed1,seed1,satellite
96.5,tn-uav-satellite,0,5,2,2554.05,1,-0.464764,-70.0505,HEALTHY,0,0,5.43638,0.915782,1,1,STANDBY,TN_DIRECT,TN_E2,TN_NEAR_RT_RIC,1,0.1,2,2,TN_CONTROLLED_COVERAGE_EXTENSION,0.0,0.0,0.0,0.0,0.0,0.0,tn-uav-satellite_ueS1_50_ueS2_50_tnGnb_4_ntnGnb_3_tnCap_20_ntnCap_10_hyst_2_donor-unavailable-sat-seed1,seed1,satellite
96.5,tn-uav-satellite,1,6,4,632.779,1,-0.891564,-58.3578,HEALTHY,0,0,12.4106,7.89,1,1,STANDBY,TN_DIRECT,TN_E2,TN_NEAR_RT_RIC,1,0.1,2,2,TN_CONTROLLED_COVERAGE_EXTENSION,0.0,0.0,0.0,0.0,0.0,0.0,tn-uav-satellite_ueS1_50_ueS2_50_tnGnb_4_ntnGnb_3_tnCap_20_ntnCap_10_hyst_2_donor-unavailable-sat-seed1,seed1,satellite
96.5,tn-uav-satellite,2,7,2,227.855,1,0.960632,-47.6337,HEALTHY,0,0,13.3367,8.81608,1,1,STANDBY,TN_DIRECT,TN_E2,TN_NEAR_RT_RIC,1,0.1,2,2,TN_CONTROLLED_COVERAGE_EXTENSION,0.0,0.0,0.0,0.0,0.0,0.0,tn-uav-satellite_ueS1_50_ueS2_50_tnGnb_4_ntnGnb_3_tnCap_20_ntnCap_10_hyst_2_donor-unavailable-sat-seed1,seed1,satellite
98.5,tn-uav-satellite,0,5,1,2054.82,1,0.894557,-66.8021,HEALTHY,0,0,11.0008,6.48022,1,1,STANDBY,TN_DIRECT,TN_E2,TN_NEAR_RT_RIC,1,0.1,2,2,TN_CONTROLLED_COVERAGE_EXTENSION,0.0,0.0,0.0,0.0,0.0,0.0,tn-uav-satellite_ueS1_50_ueS2_50_tnGnb_4_ntnGnb_3_tnCap_20_ntnCap_10_hyst_2_donor-unavailable-sat-seed1,seed1,satellite
98.5,tn-uav-satellite,1,6,4,632.779,1,-1.13077,-58.597,HEALTHY,0,0,13.2631,8.7425,1,1,STANDBY,TN_DIRECT,TN_E2,TN_NEAR_RT_RIC,1,0.1,2,2,TN_CONTROLLED_COVERAGE_EXTENSION,0.0,0.0,0.0,0.0,0.0,0.0,tn-uav-satellite_ueS1_50_ueS2_50_tnGnb_4_ntnGnb_3_tnCap_20_ntnCap_10_hyst_2_donor-unavailable-sat-seed1,seed1,satellite
98.5,tn-uav-satellite,2,7,2,227.855,1,-1.29739,-49.8917,HEALTHY,0,0,10.7199,6.1993,1,1,STANDBY,TN_DIRECT,TN_E2,TN_NEAR_RT_RIC,1,0.1,2,2,TN_CONTROLLED_COVERAGE_EXTENSION,0.0,0.0,0.0,0.0,0.0,0.0,tn-uav-satellite_ueS1_50_ueS2_50_tnGnb_4_ntnGnb_3_tnCap_20_ntnCap_10_hyst_2_donor-unavailable-sat-seed1,seed1,satellite
100.5,tn-uav-satellite,0,5,3,2079.61,1,1.93205,-65.8688,HEALTHY,0,0,13.5339,9.01332,1,1,STANDBY,TN_DIRECT,TN_E2,TN_NEAR_RT_RIC,1,0.1,2,2,TN_CONTROLLED_COVERAGE_EXTENSION,0.0,0.0,0.0,0.0,0.0,0.0,tn-uav-satellite_ueS1_50_ueS2_50_tnGnb_4_ntnGnb_3_tnCap_20_ntnCap_10_hyst_2_donor-unavailable-sat-seed1,seed1,satellite
100.5,tn-uav-satellite,1,6,4,644.364,1,0.0282538,-57.5956,HEALTHY,0,0,12.2058,7.68523,1,1,STANDBY,TN_DIRECT,TN_E2,TN_NEAR_RT_RIC,1,0.1,2,2,TN_CONTROLLED_COVERAGE_EXTENSION,0.0,0.0,0.0,0.0,0.0,0.0,tn-uav-satellite_ueS1_50_ueS2_50_tnGnb_4_ntnGnb_3_tnCap_20_ntnCap_10_hyst_2_donor-unavailable-sat-seed1,seed1,satellite
100.5,tn-uav-satellite,2,7,2,227.855,1,1.78599,-46.8084,HEALTHY,0,0,12.7422,8.22163,1,1,STANDBY,TN_DIRECT,TN_E2,TN_NEAR_RT_RIC,1,0.1,2,2,TN_CONTROLLED_COVERAGE_EXTENSION,0.0,0.0,0.0,0.0,0.0,0.0,tn-uav-satellite_ueS1_50_ueS2_50_tnGnb_4_ntnGnb_3_tnCap_20_ntnCap_10_hyst_2_donor-unavailable-sat-seed1,seed1,satellite
102.5,tn-uav-satellite,0,5,1,2076.88,1,-2.57584,-70.3653,HEALTHY,0,0,11.3369,6.81635,1,1,STANDBY,TN_DIRECT,TN_E2,TN_NEAR_RT_RIC,1,0.1,2,2,TN_CONTROLLED_COVERAGE_EXTENSION,0.0,0.0,0.0,0.0,0.0,0.0,tn-uav-satellite_ueS1_50_ueS2_50_tnGnb_4_ntnGnb_3_tnCap_20_ntnCap_10_hyst_2_donor-unavailable-sat-seed1,seed1,satellite
102.5,tn-uav-satellite,1,6,4,676.552,1,0.969229,-57.078,HEALTHY,0,0,12.6793,8.15868,1,1,STANDBY,TN_DIRECT,TN_E2,TN_NEAR_RT_RIC,1,0.1,2,2,TN_CONTROLLED_COVERAGE_EXTENSION,0.0,0.0,0.0,0.0,0.0,0.0,tn-uav-satellite_ueS1_50_ueS2_50_tnGnb_4_ntnGnb_3_tnCap_20_ntnCap_10_hyst_2_donor-unavailable-sat-seed1,seed1,satellite
102.5,tn-uav-satellite,2,7,2,220.078,1,1.24914,-47.0436,HEALTHY,0,0,7.10482,2.58422,1,1,STANDBY,TN_DIRECT,TN_E2,TN_NEAR_RT_RIC,1,0.1,2,2,TN_CONTROLLED_COVERAGE_EXTENSION,0.0,0.0,0.0,0.0,0.0,0.0,tn-uav-satellite_ueS1_50_ueS2_50_tnGnb_4_ntnGnb_3_tnCap_20_ntnCap_10_hyst_2_donor-unavailable-sat-seed1,seed1,satellite
104.5,tn-uav-satellite,0,5,3,2143.99,1,-1.22853,-69.2942,HEALTHY,0,0,13.7159,9.59921,1,1,STANDBY,TN_DIRECT,TN_E2,TN_NEAR_RT_RIC,1,0.1,2,2,TN_CONTROLLED_COVERAGE_EXTENSION,0.24,58.4929,0.000470582,0.0,0.0,0.0,tn-uav-satellite_ueS1_50_ueS2_50_tnGnb_4_ntnGnb_3_tnCap_20_ntnCap_10_hyst_2_donor-unavailable-sat-seed1,seed1,satellite
104.5,tn-uav-satellite,1,6,4,692.984,1,0.4871,-57.7686,HEALTHY,0,0,13.2834,8.76277,1,1,STANDBY,TN_DIRECT,TN_E2,TN_NEAR_RT_RIC,1,0.1,2,2,TN_CONTROLLED_COVERAGE_EXTENSION,0.24,58.4929,0.000470582,0.0,0.0,0.0,tn-uav-satellite_ueS1_50_ueS2_50_tnGnb_4_ntnGnb_3_tnCap_20_ntnCap_10_hyst_2_donor-unavailable-sat-seed1,seed1,satellite
104.5,tn-uav-satellite,2,7,2,200.7,1,-2.95141,-50.4436,HEALTHY,0,0,10.5009,5.9803,1,1,STANDBY,TN_DIRECT,TN_E2,TN_NEAR_RT_RIC,1,0.1,2,2,TN_CONTROLLED_COVERAGE_EXTENSION,0.24,58.4929,0.000470582,0.0,0.0,0.0,tn-uav-satellite_ueS1_50_ueS2_50_tnGnb_4_ntnGnb_3_tnCap_20_ntnCap_10_hyst_2_donor-unavailable-sat-seed1,seed1,satellite
106.5,tn-uav-satellite,0,5,3,2168.39,1,-0.982422,-69.1464,HEALTHY,0,0,13.083,8.5624,1,1,STANDBY,TN_DIRECT,TN_E2,TN_NEAR_RT_RIC,1,0.1,2,2,TN_CONTROLLED_COVERAGE_EXTENSION,0.28,43.183350000000004,0.00054901,0.0,0.0,0.0,tn-uav-satellite_ueS1_50_ueS2_50_tnGnb_4_ntnGnb_3_tnCap_20_ntnCap_10_hyst_2_donor-unavailable-sat-seed1,seed1,satellite
106.5,tn-uav-satellite,1,6,4,718.306,1,-3.76143,-62.3288,HEALTHY,0,0,12.2111,7.6905,1,1,STANDBY,TN_DIRECT,TN_E2,TN_NEAR_RT_RIC,1,0.1,2,2,TN_CONTROLLED_COVERAGE_EXTENSION,0.28,43.183350000000004,0.00054901,0.0,0.0,0.0,tn-uav-satellite_ueS1_50_ueS2_50_tnGnb_4_ntnGnb_3_tnCap_20_ntnCap_10_hyst_2_donor-unavailable-sat-seed1,seed1,satellite
106.5,tn-uav-satellite,2,7,2,188.06,1,3.66204,-43.2651,HEALTHY,0,0,12.4703,7.94968,1,1,STANDBY,TN_DIRECT,TN_E2,TN_NEAR_RT_RIC,1,0.1,2,2,TN_CONTROLLED_COVERAGE_EXTENSION,0.28,43.183350000000004,0.00054901,0.0,0.0,0.0,tn-uav-satellite_ueS1_50_ueS2_50_tnGnb_4_ntnGnb_3_tnCap_20_ntnCap_10_hyst_2_donor-unavailable-sat-seed1,seed1,satellite
108.5,tn-uav-satellite,0,5,1,2151.42,1,-1.96068,-70.0564,HEALTHY,0,0,10.7621,6.24149,1,1,STANDBY,TN_DIRECT,TN_E2,TN_NEAR_RT_RIC,1,0.1,2,2,TN_CONTROLLED_COVERAGE_EXTENSION,0.0,0.0,0.0,0.0,0.0,0.0,tn-uav-satellite_ueS1_50_ueS2_50_tnGnb_4_ntnGnb_3_tnCap_20_ntnCap_10_hyst_2_donor-unavailable-sat-seed1,seed1,satellite
108.5,tn-uav-satellite,1,6,4,738.594,1,-4.13753,-62.9468,HEALTHY,0,0,6.04589,1.52529,1,1,STANDBY,TN_DIRECT,TN_E2,TN_NEAR_RT_RIC,1,0.1,2,2,TN_CONTROLLED_COVERAGE_EXTENSION,0.0,0.0,0.0,0.0,0.0,0.0,tn-uav-satellite_ueS1_50_ueS2_50_tnGnb_4_ntnGnb_3_tnCap_20_ntnCap_10_hyst_2_donor-unavailable-sat-seed1,seed1,satellite
108.5,tn-uav-satellite,2,7,2,176.692,1,-0.773899,-47.1594,HEALTHY,0,0,13.1002,8.57955,1,1,STANDBY,TN_DIRECT,TN_E2,TN_NEAR_RT_RIC,1,0.1,2,2,TN_CONTROLLED_COVERAGE_EXTENSION,0.0,0.0,0.0,0.0,0.0,0.0,tn-uav-satellite_ueS1_50_ueS2_50_tnGnb_4_ntnGnb_3_tnCap_20_ntnCap_10_hyst_2_donor-unavailable-sat-seed1,seed1,satellite
110.5,tn-uav-satellite,0,5,2,2618.06,1,3.0158,-66.785,HEALTHY,0,0,11.704,7.18338,1,1,STANDBY,TN_DIRECT,TN_E2,TN_NEAR_RT_RIC,1,0.1,2,2,TN_CONTROLLED_COVERAGE_EXTENSION,0.24,17.588099999999997,0.000470582,0.0,0.0,0.0,tn-uav-satellite_ueS1_50_ueS2_50_tnGnb_4_ntnGnb_3_tnCap_20_ntnCap_10_hyst_2_donor-unavailable-sat-seed1,seed1,satellite
110.5,tn-uav-satellite,1,6,4,725.211,1,0.114613,-58.5359,HEALTHY,0,0,10.4284,5.90779,1,1,STANDBY,TN_DIRECT,TN_E2,TN_NEAR_RT_RIC,1,0.1,2,2,TN_CONTROLLED_COVERAGE_EXTENSION,0.24,17.588099999999997,0.000470582,0.0,0.0,0.0,tn-uav-satellite_ueS1_50_ueS2_50_tnGnb_4_ntnGnb_3_tnCap_20_ntnCap_10_hyst_2_donor-unavailable-sat-seed1,seed1,satellite
110.5,tn-uav-satellite,2,7,2,176.692,1,-4.12444,-50.51,HEALTHY,0,0,15.4469,10.9263,1,1,STANDBY,TN_DIRECT,TN_E2,TN_NEAR_RT_RIC,1,0.1,2,2,TN_CONTROLLED_COVERAGE_EXTENSION,0.24,17.588099999999997,0.000470582,0.0,0.0,0.0,tn-uav-satellite_ueS1_50_ueS2_50_tnGnb_4_ntnGnb_3_tnCap_20_ntnCap_10_hyst_2_donor-unavailable-sat-seed1,seed1,satellite
112.5,tn-uav-satellite,0,5,3,2202.82,1,-1.36339,-69.6642,HEALTHY,0,0,12.352,7.83142,1,1,STANDBY,TN_DIRECT,TN_E2,TN_NEAR_RT_RIC,1,0.1,2,2,TN_CONTROLLED_COVERAGE_EXTENSION,0.0,0.0,0.0,0.0,0.0,0.0,tn-uav-satellite_ueS1_50_ueS2_50_tnGnb_4_ntnGnb_3_tnCap_20_ntnCap_10_hyst_2_donor-unavailable-sat-seed1,seed1,satellite
112.5,tn-uav-satellite,1,6,4,772.418,1,0.368929,-58.8293,HEALTHY,0,0,13.3812,8.86059,1,1,STANDBY,TN_DIRECT,TN_E2,TN_NEAR_RT_RIC,1,0.1,2,2,TN_CONTROLLED_COVERAGE_EXTENSION,0.0,0.0,0.0,0.0,0.0,0.0,tn-uav-satellite_ueS1_50_ueS2_50_tnGnb_4_ntnGnb_3_tnCap_20_ntnCap_10_hyst_2_donor-unavailable-sat-seed1,seed1,satellite
112.5,tn-uav-satellite,2,7,2,176.692,1,-3.15775,-49.5433,HEALTHY,0,0,13.6433,9.12272,1,1,STANDBY,TN_DIRECT,TN_E2,TN_NEAR_RT_RIC,1,0.1,2,2,TN_CONTROLLED_COVERAGE_EXTENSION,0.0,0.0,0.0,0.0,0.0,0.0,tn-uav-satellite_ueS1_50_ueS2_50_tnGnb_4_ntnGnb_3_tnCap_20_ntnCap_10_hyst_2_donor-unavailable-sat-seed1,seed1,satellite
114.5,tn-uav-satellite,0,5,1,2229.98,1,1.65914,-66.7481,HEALTHY,0,0,12.8792,8.35855,1,1,STANDBY,TN_DIRECT,TN_E2,TN_NEAR_RT_RIC,1,0.1,2,2,TN_CONTROLLED_COVERAGE_EXTENSION,1.16,382.219,0.0022744740000000003,0.0,0.0,0.0,tn-uav-satellite_ueS1_50_ueS2_50_tnGnb_4_ntnGnb_3_tnCap_20_ntnCap_10_hyst_2_donor-unavailable-sat-seed1,seed1,satellite
114.5,tn-uav-satellite,1,6,4,818.82,1,-2.31126,-62.0162,HEALTHY,0,0,13.3904,8.86976,1,1,STANDBY,TN_DIRECT,TN_E2,TN_NEAR_RT_RIC,1,0.1,2,2,TN_CONTROLLED_COVERAGE_EXTENSION,1.16,382.219,0.0022744740000000003,0.0,0.0,0.0,tn-uav-satellite_ueS1_50_ueS2_50_tnGnb_4_ntnGnb_3_tnCap_20_ntnCap_10_hyst_2_donor-unavailable-sat-seed1,seed1,satellite
114.5,tn-uav-satellite,2,7,2,173.152,1,-1.4967,-47.7064,HEALTHY,0,0,11.6401,7.11951,1,1,STANDBY,TN_DIRECT,TN_E2,TN_NEAR_RT_RIC,1,0.1,2,2,TN_CONTROLLED_COVERAGE_EXTENSION,1.16,382.219,0.0022744740000000003,0.0,0.0,0.0,tn-uav-satellite_ueS1_50_ueS2_50_tnGnb_4_ntnGnb_3_tnCap_20_ntnCap_10_hyst_2_donor-unavailable-sat-seed1,seed1,satellite
116.5,tn-uav-satellite,0,5,1,2243.43,1,-2.88542,-71.3449,HEALTHY,0,0,13.5637,9.04313,1,1,STANDBY,TN_DIRECT,TN_E2,TN_NEAR_RT_RIC,1,0.1,2,2,TN_CONTROLLED_COVERAGE_EXTENSION,0.08,105.1,0.00015686039999999999,0.0,0.0,0.0,tn-uav-satellite_ueS1_50_ueS2_50_tnGnb_4_ntnGnb_3_tnCap_20_ntnCap_10_hyst_2_donor-unavailable-sat-seed1,seed1,satellite
116.5,tn-uav-satellite,1,6,4,865.241,1,-2.30576,-62.4897,HEALTHY,0,0,13.2042,8.68364,1,1,STANDBY,TN_DIRECT,TN_E2,TN_NEAR_RT_RIC,1,0.1,2,2,TN_CONTROLLED_COVERAGE_EXTENSION,0.08,105.1,0.00015686039999999999,0.0,0.0,0.0,tn-uav-satellite_ueS1_50_ueS2_50_tnGnb_4_ntnGnb_3_tnCap_20_ntnCap_10_hyst_2_donor-unavailable-sat-seed1,seed1,satellite
116.5,tn-uav-satellite,2,7,2,172.44,1,-0.553926,-46.7279,HEALTHY,0,0,12.0938,7.57316,1,1,STANDBY,TN_DIRECT,TN_E2,TN_NEAR_RT_RIC,1,0.1,2,2,TN_CONTROLLED_COVERAGE_EXTENSION,0.08,105.1,0.00015686039999999999,0.0,0.0,0.0,tn-uav-satellite_ueS1_50_ueS2_50_tnGnb_4_ntnGnb_3_tnCap_20_ntnCap_10_hyst_2_donor-unavailable-sat-seed1,seed1,satellite
118.5,tn-uav-satellite,0,5,1,2287.5,1,1.35516,-67.2733,HEALTHY,0,0,14.4653,9.94473,1,1,STANDBY,TN_DIRECT,TN_E2,TN_NEAR_RT_RIC,1,0.1,2,2,TN_CONTROLLED_COVERAGE_EXTENSION,0.0,0.0,0.0,0.0,0.0,0.0,tn-uav-satellite_ueS1_50_ueS2_50_tnGnb_4_ntnGnb_3_tnCap_20_ntnCap_10_hyst_2_donor-unavailable-sat-seed1,seed1,satellite
118.5,tn-uav-satellite,1,6,4,892.36,1,-1.54976,-62.0018,HEALTHY,0,0,14.1249,9.60427,1,1,STANDBY,TN_DIRECT,TN_E2,TN_NEAR_RT_RIC,1,0.1,2,2,TN_CONTROLLED_COVERAGE_EXTENSION,0.0,0.0,0.0,0.0,0.0,0.0,tn-uav-satellite_ueS1_50_ueS2_50_tnGnb_4_ntnGnb_3_tnCap_20_ntnCap_10_hyst_2_donor-unavailable-sat-seed1,seed1,satellite
118.5,tn-uav-satellite,2,7,2,173.134,1,3.75949,-42.4493,HEALTHY,0,0,13.1958,8.67523,1,1,STANDBY,TN_DIRECT,TN_E2,TN_NEAR_RT_RIC,1,0.1,2,2,TN_CONTROLLED_COVERAGE_EXTENSION,0.0,0.0,0.0,0.0,0.0,0.0,tn-uav-satellite_ueS1_50_ueS2_50_tnGnb_4_ntnGnb_3_tnCap_20_ntnCap_10_hyst_2_donor-unavailable-sat-seed1,seed1,satellite
4.5,tn-uav-satellite,0,5,1,1451.84,1,0.434841,-64.2447,HEALTHY,0,0,12.3134,7.79283,1,1,STANDBY,TN_DIRECT,TN_E2,TN_NEAR_RT_RIC,1,0.1,2,2,TN_CONTROLLED_COVERAGE_EXTENSION,0.0,0.0,0.0,0.0,0.0,0.0,tn-uav-satellite_ueS1_50_ueS2_50_tnGnb_4_ntnGnb_3_tnCap_20_ntnCap_10_hyst_2_donor-unavailable-sat-seed2,seed2,satellite
4.5,tn-uav-satellite,1,6,4,629.258,1,-2.28216,-59.6999,HEALTHY,0,0,12.2681,7.74747,1,1,STANDBY,TN_DIRECT,TN_E2,TN_NEAR_RT_RIC,1,0.1,2,2,TN_CONTROLLED_COVERAGE_EXTENSION,0.0,0.0,0.0,0.0,0.0,0.0,tn-uav-satellite_ueS1_50_ueS2_50_tnGnb_4_ntnGnb_3_tnCap_20_ntnCap_10_hyst_2_donor-unavailable-sat-seed2,seed2,satellite
4.5,tn-uav-satellite,2,7,2,765.017,1,-0.793916,-59.9085,HEALTHY,0,0,10.0691,5.54852,1,1,STANDBY,TN_DIRECT,TN_E2,TN_NEAR_RT_RIC,1,0.1,2,2,TN_CONTROLLED_COVERAGE_EXTENSION,0.0,0.0,0.0,0.0,0.0,0.0,tn-uav-satellite_ueS1_50_ueS2_50_tnGnb_4_ntnGnb_3_tnCap_20_ntnCap_10_hyst_2_donor-unavailable-sat-seed2,seed2,satellite
6.5,tn-uav-satellite,0,5,2,1906.06,1,1.30698,-65.7369,HEALTHY,0,0,15.5366,11.016,1,1,STANDBY,TN_DIRECT,TN_E2,TN_NEAR_RT_RIC,1,0.1,2,2,TN_CONTROLLED_COVERAGE_EXTENSION,5.04,14.815832499999999,0.009882186,1.0,51.364,0.000392151,tn-uav-satellite_ueS1_50_ueS2_50_tnGnb_4_ntnGnb_3_tnCap_20_ntnCap_10_hyst_2_donor-unavailable-sat-seed2,seed2,satellite
6.5,tn-uav-satellite,1,6,4,629.258,1,-3.9027,-61.3205,HEALTHY,0,0,11.1817,6.66114,1,1,STANDBY,TN_DIRECT,TN_E2,TN_NEAR_RT_RIC,1,0.1,2,2,TN_CONTROLLED_COVERAGE_EXTENSION,5.04,14.815832499999999,0.009882186,1.0,51.364,0.000392151,tn-uav-satellite_ueS1_50_ueS2_50_tnGnb_4_ntnGnb_3_tnCap_20_ntnCap_10_hyst_2_donor-unavailable-sat-seed2,seed2,satellite
6.5,tn-uav-satellite,2,7,2,765.017,1,-0.170944,-59.2856,HEALTHY,0,0,13.7714,9.2508,1,1,STANDBY,TN_DIRECT,TN_E2,TN_NEAR_RT_RIC,1,0.1,2,2,TN_CONTROLLED_COVERAGE_EXTENSION,5.04,14.815832499999999,0.009882186,1.0,51.364,0.000392151,tn-uav-satellite_ueS1_50_ueS2_50_tnGnb_4_ntnGnb_3_tnCap_20_ntnCap_10_hyst_2_donor-unavailable-sat-seed2,seed2,satellite
8.5,tn-uav-satellite,0,5,1,1451.84,1,0.172433,-64.5071,HEALTHY,0,0,14.9788,10.4582,1,1,STANDBY,TN_DIRECT,TN_E2,TN_NEAR_RT_RIC,1,0.1,2,2,TN_CONTROLLED_COVERAGE_EXTENSION,3.88,56.95065,0.00760772,0.0,0.0,0.0,tn-uav-satellite_ueS1_50_ueS2_50_tnGnb_4_ntnGnb_3_tnCap_20_ntnCap_10_hyst_2_donor-unavailable-sat-seed2,seed2,satellite
8.5,tn-uav-satellite,1,6,4,629.258,1,2.22826,-55.1895,HEALTHY,0,0,15.6188,11.0982,1,1,STANDBY,TN_DIRECT,TN_E2,TN_NEAR_RT_RIC,1,0.1,2,2,TN_CONTROLLED_COVERAGE_EXTENSION,3.88,56.95065,0.00760772,0.0,0.0,0.0,tn-uav-satellite_ueS1_50_ueS2_50_tnGnb_4_ntnGnb_3_tnCap_20_ntnCap_10_hyst_2_donor-unavailable-sat-seed2,seed2,satellite
8.5,tn-uav-satellite,2,7,1,1205.83,1,5.7703,-57.2966,HEALTHY,0,0,11.8103,7.28969,1,1,STANDBY,TN_DIRECT,TN_E2,TN_NEAR_RT_RIC,1,0.1,2,2,TN_CONTROLLED_COVERAGE_EXTENSION,3.88,56.95065,0.00760772,0.0,0.0,0.0,tn-uav-satellite_ueS1_50_ueS2_50_tnGnb_4_ntnGnb_3_tnCap_20_ntnCap_10_hyst_2_donor-unavailable-sat-seed2,seed2,satellite
10.5,tn-uav-satellite,0,5,3,1623.51,1,1.3721,-64.2782,HEALTHY,0,0,12.5394,8.0188,1,1,STANDBY,TN_DIRECT,TN_E2,TN_NEAR_RT_RIC,1,0.1,2,2,TN_CONTROLLED_COVERAGE_EXTENSION,2.08,42.821099999999994,0.00407837,0.0,0.0,0.0,tn-uav-satellite_ueS1_50_ueS2_50_tnGnb_4_ntnGnb_3_tnCap_20_ntnCap_10_hyst_2_donor-unavailable-sat-seed2,seed2,satellite
10.5,tn-uav-satellite,1,6,4,629.258,1,-7.24567,-64.6635,HEALTHY,0,0,14.3614,9.84079,1,1,STANDBY,TN_DIRECT,TN_E2,TN_NEAR_RT_RIC,1,0.1,2,2,TN_CONTROLLED_COVERAGE_EXTENSION,2.08,42.821099999999994,0.00407837,0.0,0.0,0.0,tn-uav-satellite_ueS1_50_ueS2_50_tnGnb_4_ntnGnb_3_tnCap_20_ntnCap_10_hyst_2_donor-unavailable-sat-seed2,seed2,satellite
10.5,tn-uav-satellite,2,7,1,1205.83,1,5.16465,-57.9022,HEALTHY,0,0,15.7782,11.2576,1,1,STANDBY,TN_DIRECT,TN_E2,TN_NEAR_RT_RIC,1,0.1,2,2,TN_CONTROLLED_COVERAGE_EXTENSION,2.08,42.821099999999994,0.00407837,0.0,0.0,0.0,tn-uav-satellite_ueS1_50_ueS2_50_tnGnb_4_ntnGnb_3_tnCap_20_ntnCap_10_hyst_2_donor-unavailable-sat-seed2,seed2,satellite
12.5,tn-uav-satellite,0,5,2,1906.06,1,2.9061,-64.1378,HEALTHY,0,0,14.3691,9.84847,1,1,STANDBY,TN_DIRECT,TN_E2,TN_NEAR_RT_RIC,1,0.1,2,2,TN_CONTROLLED_COVERAGE_EXTENSION,3.96,74.52347499999999,0.007764584,0.1666666,48.0304,7.843019999999999e-05,tn-uav-satellite_ueS1_50_ueS2_50_tnGnb_4_ntnGnb_3_tnCap_20_ntnCap_10_hyst_2_donor-unavailable-sat-seed2,seed2,satellite
12.5,tn-uav-satellite,1,6,4,629.258,1,2.56656,-54.8512,HEALTHY,0,0,14.1595,9.63894,1,1,STANDBY,TN_DIRECT,TN_E2,TN_NEAR_RT_RIC,1,0.1,2,2,TN_CONTROLLED_COVERAGE_EXTENSION,3.96,74.52347499999999,0.007764584,0.1666666,48.0304,7.843019999999999e-05,tn-uav-satellite_ueS1_50_ueS2_50_tnGnb_4_ntnGnb_3_tnCap_20_ntnCap_10_hyst_2_donor-unavailable-sat-seed2,seed2,satellite
12.5,tn-uav-satellite,2,7,2,765.017,1,1.04915,-58.0655,HEALTHY,0,0,12.5189,7.99831,1,1,STANDBY,TN_DIRECT,TN_E2,TN_NEAR_RT_RIC,1,0.1,2,2,TN_CONTROLLED_COVERAGE_EXTENSION,3.96,74.52347499999999,0.007764584,0.1666666,48.0304,7.843019999999999e-05,tn-uav-satellite_ueS1_50_ueS2_50_tnGnb_4_ntnGnb_3_tnCap_20_ntnCap_10_hyst_2_donor-unavailable-sat-seed2,seed2,satellite
14.5,tn-uav-satellite,0,5,1,1451.84,1,3.02157,-61.658,HEALTHY,0,0,11.9451,7.4245,1,1,STANDBY,TN_DIRECT,TN_E2,TN_NEAR_RT_RIC,1,0.1,2,2,TN_CONTROLLED_COVERAGE_EXTENSION,1.72,149.10000000000002,0.0033725,0.0,0.0,0.0,tn-uav-satellite_ueS1_50_ueS2_50_tnGnb_4_ntnGnb_3_tnCap_20_ntnCap_10_hyst_2_donor-unavailable-sat-seed2,seed2,satellite
14.5,tn-uav-satellite,1,6,4,629.258,1,-3.75201,-61.1698,HEALTHY,0,0,12.6861,8.1655,1,1,STANDBY,TN_DIRECT,TN_E2,TN_NEAR_RT_RIC,1,0.1,2,2,TN_CONTROLLED_COVERAGE_EXTENSION,1.72,149.10000000000002,0.0033725,0.0,0.0,0.0,tn-uav-satellite_ueS1_50_ueS2_50_tnGnb_4_ntnGnb_3_tnCap_20_ntnCap_10_hyst_2_donor-unavailable-sat-seed2,seed2,satellite
14.5,tn-uav-satellite,2,7,2,765.017,1,-2.04708,-61.1617,HEALTHY,0,0,14.0477,9.52714,1,1,STANDBY,TN_DIRECT,TN_E2,TN_NEAR_RT_RIC,1,0.1,2,2,TN_CONTROLLED_COVERAGE_EXTENSION,1.72,149.10000000000002,0.0033725,0.0,0.0,0.0,tn-uav-satellite_ueS1_50_ueS2_50_tnGnb_4_ntnGnb_3_tnCap_20_ntnCap_10_hyst_2_donor-unavailable-sat-seed2,seed2,satellite
16.5,tn-uav-satellite,0,5,1,1451.84,1,-1.35744,-66.037,HEALTHY,0,0,11.0141,6.4935,1,1,STANDBY,TN_DIRECT,TN_E2,TN_NEAR_RT_RIC,1,0.1,2,2,TN_CONTROLLED_COVERAGE_EXTENSION,2.92,82.92970000000001,0.005725410199999999,0.0,0.0,0.0,tn-uav-satellite_ueS1_50_ueS2_50_tnGnb_4_ntnGnb_3_tnCap_20_ntnCap_10_hyst_2_donor-unavailable-sat-seed2,seed2,satellite
16.5,tn-uav-satellite,1,6,4,629.258,1,-2.66666,-60.0844,HEALTHY,0,0,11.4811,6.96051,1,1,STANDBY,TN_DIRECT,TN_E2,TN_NEAR_RT_RIC,1,0.1,2,2,TN_CONTROLLED_COVERAGE_EXTENSION,2.92,82.92970000000001,0.005725410199999999,0.0,0.0,0.0,tn-uav-satellite_ueS1_50_ueS2_50_tnGnb_4_ntnGnb_3_tnCap_20_ntnCap_10_hyst_2_donor-unavailable-sat-seed2,seed2,satellite
16.5,tn-uav-satellite,2,7,1,1205.83,1,3.43702,-59.6299,HEALTHY,0,0,10.0006,5.47999,1,1,STANDBY,TN_DIRECT,TN_E2,TN_NEAR_RT_RIC,1,0.1,2,2,TN_CONTROLLED_COVERAGE_EXTENSION,2.92,82.92970000000001,0.005725410199999999,0.0,0.0,0.0,tn-uav-satellite_ueS1_50_ueS2_50_tnGnb_4_ntnGnb_3_tnCap_20_ntnCap_10_hyst_2_donor-unavailable-sat-seed2,seed2,satellite
18.5,tn-uav-satellite,0,5,1,1451.84,1,1.51246,-63.1671,HEALTHY,0,0,12.7501,8.22947,1,1,STANDBY,TN_DIRECT,TN_E2,TN_NEAR_RT_RIC,1,0.1,2,2,TN_CONTROLLED_COVERAGE_EXTENSION,1.44,315.548,0.002823484,0.0,0.0,0.0,tn-uav-satellite_ueS1_50_ueS2_50_tnGnb_4_ntnGnb_3_tnCap_20_ntnCap_10_hyst_2_donor-unavailable-sat-seed2,seed2,satellite
18.5,tn-uav-satellite,1,6,4,629.258,1,-0.297647,-57.7154,HEALTHY,0,0,11.3327,6.81211,1,1,STANDBY,TN_DIRECT,TN_E2,TN_NEAR_RT_RIC,1,0.1,2,2,TN_CONTROLLED_COVERAGE_EXTENSION,1.44,315.548,0.002823484,0.0,0.0,0.0,tn-uav-satellite_ueS1_50_ueS2_50_tnGnb_4_ntnGnb_3_tnCap_20_ntnCap_10_hyst_2_donor-unavailable-sat-seed2,seed2,satellite
18.5,tn-uav-satellite,2,7,2,765.017,1,0.972659,-58.142,HEALTHY,0,0,12.5496,8.02898,1,1,STANDBY,TN_DIRECT,TN_E2,TN_NEAR_RT_RIC,1,0.1,2,2,TN_CONTROLLED_COVERAGE_EXTENSION,1.44,315.548,0.002823484,0.0,0.0,0.0,tn-uav-satellite_ueS1_50_ueS2_50_tnGnb_4_ntnGnb_3_tnCap_20_ntnCap_10_hyst_2_donor-unavailable-sat-seed2,seed2,satellite
20.5,tn-uav-satellite,0,5,1,1451.84,1,-1.23503,-65.9146,HEALTHY,0,0,15.678,11.1574,1,1,STANDBY,TN_DIRECT,TN_E2,TN_NEAR_RT_RIC,1,0.1,2,2,TN_CONTROLLED_COVERAGE_EXTENSION,0.8,131.42233333333334,0.0015686022,0.1666666,48.0304,7.843019999999999e-05,tn-uav-satellite_ueS1_50_ueS2_50_tnGnb_4_ntnGnb_3_tnCap_20_ntnCap_10_hyst_2_donor-unavailable-sat-seed2,seed2,satellite
20.5,tn-uav-satellite,1,6,4,629.258,1,-4.72636,-62.1441,HEALTHY,0,0,13.0113,8.49073,1,1,STANDBY,TN_DIRECT,TN_E2,TN_NEAR_RT_RIC,1,0.1,2,2,TN_CONTROLLED_COVERAGE_EXTENSION,0.8,131.42233333333334,0.0015686022,0.1666666,48.0304,7.843019999999999e-05,tn-uav-satellite_ueS1_50_ueS2_50_tnGnb_4_ntnGnb_3_tnCap_20_ntnCap_10_hyst_2_donor-unavailable-sat-seed2,seed2,satellite
20.5,tn-uav-satellite,2,7,2,765.017,1,0.0675034,-59.0471,HEALTHY,0,0,12.087,7.56639,1,1,STANDBY,TN_DIRECT,TN_E2,TN_NEAR_RT_RIC,1,0.1,2,2,TN_CONTROLLED_COVERAGE_EXTENSION,0.8,131.42233333333334,0.0015686022,0.1666666,48.0304,7.843019999999999e-05,tn-uav-satellite_ueS1_50_ueS2_50_tnGnb_4_ntnGnb_3_tnCap_20_ntnCap_10_hyst_2_donor-unavailable-sat-seed2,seed2,satellite
22.5,tn-uav-satellite,0,5,3,1623.51,1,3.91691,-61.7334,HEALTHY,0,0,13.3616,8.84105,1,1,STANDBY,TN_DIRECT,TN_E2,TN_NEAR_RT_RIC,1,0.1,2,2,TN_CONTROLLED_COVERAGE_EXTENSION,0.44,17.49285,0.000862732,0.0,0.0,0.0,tn-uav-satellite_ueS1_50_ueS2_50_tnGnb_4_ntnGnb_3_tnCap_20_ntnCap_10_hyst_2_donor-unavailable-sat-seed2,seed2,satellite
22.5,tn-uav-satellite,1,6,4,629.258,1,-2.96853,-60.3863,HEALTHY,0,0,10.9158,6.3952,1,1,STANDBY,TN_DIRECT,TN_E2,TN_NEAR_RT_RIC,1,0.1,2,2,TN_CONTROLLED_COVERAGE_EXTENSION,0.44,17.49285,0.000862732,0.0,0.0,0.0,tn-uav-satellite_ueS1_50_ueS2_50_tnGnb_4_ntnGnb_3_tnCap_20_ntnCap_10_hyst_2_donor-unavailable-sat-seed2,seed2,satellite
22.5,tn-uav-satellite,2,7,2,765.017,1,1.01141,-58.1032,HEALTHY,0,0,10.9717,6.45111,1,1,STANDBY,TN_DIRECT,TN_E2,TN_NEAR_RT_RIC,1,0.1,2,2,TN_CONTROLLED_COVERAGE_EXTENSION,0.44,17.49285,0.000862732,0.0,0.0,0.0,tn-uav-satellite_ueS1_50_ueS2_50_tnGnb_4_ntnGnb_3_tnCap_20_ntnCap_10_hyst_2_donor-unavailable-sat-seed2,seed2,satellite
24.5,tn-uav-satellite,0,5,4,3577.79,1,3.31157,-69.2019,HEALTHY,0,0,9.63942,5.11882,1,1,STANDBY,TN_DIRECT,TN_E2,TN_NEAR_RT_RIC,1,0.1,2,2,TN_CONTROLLED_COVERAGE_EXTENSION,0.0,0.0,0.0,0.0,0.0,0.0,tn-uav-satellite_ueS1_50_ueS2_50_tnGnb_4_ntnGnb_3_tnCap_20_ntnCap_10_hyst_2_donor-unavailable-sat-seed2,seed2,satellite
24.5,tn-uav-satellite,1,6,4,629.258,1,1.30617,-56.1116,HEALTHY,0,0,9.18737,4.66677,1,1,STANDBY,TN_DIRECT,TN_E2,TN_NEAR_RT_RIC,1,0.1,2,2,TN_CONTROLLED_COVERAGE_EXTENSION,0.0,0.0,0.0,0.0,0.0,0.0,tn-uav-satellite_ueS1_50_ueS2_50_tnGnb_4_ntnGnb_3_tnCap_20_ntnCap_10_hyst_2_donor-unavailable-sat-seed2,seed2,satellite
24.5,tn-uav-satellite,2,7,1,1205.83,1,5.00557,-58.0613,HEALTHY,0,0,6.8235,2.3029,1,1,STANDBY,TN_DIRECT,TN_E2,TN_NEAR_RT_RIC,1,0.1,2,2,TN_CONTROLLED_COVERAGE_EXTENSION,0.0,0.0,0.0,0.0,0.0,0.0,tn-uav-satellite_ueS1_50_ueS2_50_tnGnb_4_ntnGnb_3_tnCap_20_ntnCap_10_hyst_2_donor-unavailable-sat-seed2,seed2,satellite
26.5,tn-uav-satellite,0,5,1,1451.84,1,0.6374,-64.0422,HEALTHY,0,0,13.8913,9.3707,1,1,STANDBY,TN_DIRECT,TN_E2,TN_NEAR_RT_RIC,1,0.1,2,2,TN_CONTROLLED_COVERAGE_EXTENSION,0.32,27.224999999999998,0.000627442,0.0,0.0,0.0,tn-uav-satellite_ueS1_50_ueS2_50_tnGnb_4_ntnGnb_3_tnCap_20_ntnCap_10_hyst_2_donor-unavailable-sat-seed2,seed2,satellite
26.5,tn-uav-satellite,1,6,4,629.258,1,-2.69739,-60.1152,HEALTHY,0,0,11.5308,7.01022,1,1,STANDBY,TN_DIRECT,TN_E2,TN_NEAR_RT_RIC,1,0.1,2,2,TN_CONTROLLED_COVERAGE_EXTENSION,0.32,27.224999999999998,0.000627442,0.0,0.0,0.0,tn-uav-satellite_ueS1_50_ueS2_50_tnGnb_4_ntnGnb_3_tnCap_20_ntnCap_10_hyst_2_donor-unavailable-sat-seed2,seed2,satellite
26.5,tn-uav-satellite,2,7,2,765.017,1,-4.21776,-63.3324,HEALTHY,0,0,10.2746,5.75396,1,1,STANDBY,TN_DIRECT,TN_E2,TN_NEAR_RT_RIC,1,0.1,2,2,TN_CONTROLLED_COVERAGE_EXTENSION,0.32,27.224999999999998,0.000627442,0.0,0.0,0.0,tn-uav-satellite_ueS1_50_ueS2_50_tnGnb_4_ntnGnb_3_tnCap_20_ntnCap_10_hyst_2_donor-unavailable-sat-seed2,seed2,satellite
28.5,tn-uav-satellite,0,5,1,1451.84,1,1.53709,-63.1425,HEALTHY,0,0,13.5003,8.97974,1,1,STANDBY,TN_DIRECT,TN_E2,TN_NEAR_RT_RIC,1,0.1,2,2,TN_CONTROLLED_COVERAGE_EXTENSION,0.24,27.099999999999998,0.000470582,0.0,0.0,0.0,tn-uav-satellite_ueS1_50_ueS2_50_tnGnb_4_ntnGnb_3_tnCap_20_ntnCap_10_hyst_2_donor-unavailable-sat-seed2,seed2,satellite
28.5,tn-uav-satellite,1,6,4,629.258,1,-1.58626,-59.004,HEALTHY,0,0,13.2697,8.74912,1,1,STANDBY,TN_DIRECT,TN_E2,TN_NEAR_RT_RIC,1,0.1,2,2,TN_CONTROLLED_COVERAGE_EXTENSION,0.24,27.099999999999998,0.000470582,0.0,0.0,0.0,tn-uav-satellite_ueS1_50_ueS2_50_tnGnb_4_ntnGnb_3_tnCap_20_ntnCap_10_hyst_2_donor-unavailable-sat-seed2,seed2,satellite
28.5,tn-uav-satellite,2,7,2,765.017,1,-1.33302,-60.4476,HEALTHY,0,0,12.8093,8.28871,1,1,STANDBY,TN_DIRECT,TN_E2,TN_NEAR_RT_RIC,1,0.1,2,2,TN_CONTROLLED_COVERAGE_EXTENSION,0.24,27.099999999999998,0.000470582,0.0,0.0,0.0,tn-uav-satellite_ueS1_50_ueS2_50_tnGnb_4_ntnGnb_3_tnCap_20_ntnCap_10_hyst_2_donor-unavailable-sat-seed2,seed2,satellite
30.5,tn-uav-satellite,0,5,0,-1.0,0,0.0,-1000000000.0,UNREACHABLE,0,1,8.13962,3.61902,1,1,ACTIVE,SATELLITE_FALLBACK,NEAR_RT_RIC_SWITCHING_TO_SATELLITE_BACKHAUL,TN_NEAR_RT_RIC,1,0.1,2,2,NEAR_RT_RIC_EMERGENCY_SWITCHING_WITH_SATELLITE_BACKHAUL,0.2,12.683345,0.0003921504,0.0,0.0,0.0,tn-uav-satellite_ueS1_50_ueS2_50_tnGnb_4_ntnGnb_3_tnCap_20_ntnCap_10_hyst_2_donor-unavailable-sat-seed2,seed2,satellite
30.5,tn-uav-satellite,1,6,0,-1.0,0,0.0,-1000000000.0,UNREACHABLE,0,1,10.9338,6.41318,1,1,ACTIVE,SATELLITE_FALLBACK,NEAR_RT_RIC_SWITCHING_TO_SATELLITE_BACKHAUL,TN_NEAR_RT_RIC,1,0.1,2,2,NEAR_RT_RIC_EMERGENCY_SWITCHING_WITH_SATELLITE_BACKHAUL,0.2,12.683345,0.0003921504,0.0,0.0,0.0,tn-uav-satellite_ueS1_50_ueS2_50_tnGnb_4_ntnGnb_3_tnCap_20_ntnCap_10_hyst_2_donor-unavailable-sat-seed2,seed2,satellite
30.5,tn-uav-satellite,2,7,0,-1.0,0,0.0,-1000000000.0,UNREACHABLE,0,1,14.4304,9.90975,1,1,ACTIVE,SATELLITE_FALLBACK,NEAR_RT_RIC_SWITCHING_TO_SATELLITE_BACKHAUL,TN_NEAR_RT_RIC,1,0.1,2,2,NEAR_RT_RIC_EMERGENCY_SWITCHING_WITH_SATELLITE_BACKHAUL,0.2,12.683345,0.0003921504,0.0,0.0,0.0,tn-uav-satellite_ueS1_50_ueS2_50_tnGnb_4_ntnGnb_3_tnCap_20_ntnCap_10_hyst_2_donor-unavailable-sat-seed2,seed2,satellite
32.5,tn-uav-satellite,0,5,0,-1.0,0,0.0,-1000000000.0,UNREACHABLE,0,1,12.2026,7.68201,1,1,ACTIVE,SATELLITE_FALLBACK,NEAR_RT_RIC_SWITCHING_TO_SATELLITE_BACKHAUL,TN_NEAR_RT_RIC,1,0.1,2,2,NEAR_RT_RIC_EMERGENCY_SWITCHING_WITH_SATELLITE_BACKHAUL,0.2,37.900000000000006,0.00039215,0.0,0.0,0.0,tn-uav-satellite_ueS1_50_ueS2_50_tnGnb_4_ntnGnb_3_tnCap_20_ntnCap_10_hyst_2_donor-unavailable-sat-seed2,seed2,satellite
32.5,tn-uav-satellite,1,6,0,-1.0,0,0.0,-1000000000.0,UNREACHABLE,0,1,12.2464,7.72583,1,1,ACTIVE,SATELLITE_FALLBACK,NEAR_RT_RIC_SWITCHING_TO_SATELLITE_BACKHAUL,TN_NEAR_RT_RIC,1,0.1,2,2,NEAR_RT_RIC_EMERGENCY_SWITCHING_WITH_SATELLITE_BACKHAUL,0.2,37.900000000000006,0.00039215,0.0,0.0,0.0,tn-uav-satellite_ueS1_50_ueS2_50_tnGnb_4_ntnGnb_3_tnCap_20_ntnCap_10_hyst_2_donor-unavailable-sat-seed2,seed2,satellite
32.5,tn-uav-satellite,2,7,0,-1.0,0,0.0,-1000000000.0,UNREACHABLE,0,1,12.6584,8.13778,1,1,ACTIVE,SATELLITE_FALLBACK,NEAR_RT_RIC_SWITCHING_TO_SATELLITE_BACKHAUL,TN_NEAR_RT_RIC,1,0.1,2,2,NEAR_RT_RIC_EMERGENCY_SWITCHING_WITH_SATELLITE_BACKHAUL,0.2,37.900000000000006,0.00039215,0.0,0.0,0.0,tn-uav-satellite_ueS1_50_ueS2_50_tnGnb_4_ntnGnb_3_tnCap_20_ntnCap_10_hyst_2_donor-unavailable-sat-seed2,seed2,satellite
34.5,tn-uav-satellite,0,5,0,-1.0,0,0.0,-1000000000.0,UNREACHABLE,0,1,13.2927,8.77208,1,1,ACTIVE,SATELLITE_FALLBACK,NEAR_RT_RIC_SWITCHING_TO_SATELLITE_BACKHAUL,TN_NEAR_RT_RIC,1,0.1,2,2,NEAR_RT_RIC_EMERGENCY_SWITCHING_WITH_SATELLITE_BACKHAUL,0.2,1844.225,0.0003921502,0.0,0.0,0.0,tn-uav-satellite_ueS1_50_ueS2_50_tnGnb_4_ntnGnb_3_tnCap_20_ntnCap_10_hyst_2_donor-unavailable-sat-seed2,seed2,satellite
34.5,tn-uav-satellite,1,6,0,-1.0,0,0.0,-1000000000.0,UNREACHABLE,0,1,8.57721,4.05661,1,1,ACTIVE,SATELLITE_FALLBACK,NEAR_RT_RIC_SWITCHING_TO_SATELLITE_BACKHAUL,TN_NEAR_RT_RIC,1,0.1,2,2,NEAR_RT_RIC_EMERGENCY_SWITCHING_WITH_SATELLITE_BACKHAUL,0.2,1844.225,0.0003921502,0.0,0.0,0.0,tn-uav-satellite_ueS1_50_ueS2_50_tnGnb_4_ntnGnb_3_tnCap_20_ntnCap_10_hyst_2_donor-unavailable-sat-seed2,seed2,satellite
34.5,tn-uav-satellite,2,7,0,-1.0,0,0.0,-1000000000.0,UNREACHABLE,0,1,10.7786,6.25804,1,1,ACTIVE,SATELLITE_FALLBACK,NEAR_RT_RIC_SWITCHING_TO_SATELLITE_BACKHAUL,TN_NEAR_RT_RIC,1,0.1,2,2,NEAR_RT_RIC_EMERGENCY_SWITCHING_WITH_SATELLITE_BACKHAUL,0.2,1844.225,0.0003921502,0.0,0.0,0.0,tn-uav-satellite_ueS1_50_ueS2_50_tnGnb_4_ntnGnb_3_tnCap_20_ntnCap_10_hyst_2_donor-unavailable-sat-seed2,seed2,satellite
36.5,tn-uav-satellite,0,5,0,-1.0,0,0.0,-1000000000.0,UNREACHABLE,0,1,11.9047,7.38409,1,1,ACTIVE,SATELLITE_FALLBACK,NEAR_RT_RIC_SWITCHING_TO_SATELLITE_BACKHAUL,TN_NEAR_RT_RIC,1,0.1,2,2,NEAR_RT_RIC_EMERGENCY_SWITCHING_WITH_SATELLITE_BACKHAUL,0.0,0.0,0.0,0.0,0.0,0.0,tn-uav-satellite_ueS1_50_ueS2_50_tnGnb_4_ntnGnb_3_tnCap_20_ntnCap_10_hyst_2_donor-unavailable-sat-seed2,seed2,satellite
36.5,tn-uav-satellite,1,6,0,-1.0,0,0.0,-1000000000.0,UNREACHABLE,0,1,13.9846,9.46396,1,1,ACTIVE,SATELLITE_FALLBACK,NEAR_RT_RIC_SWITCHING_TO_SATELLITE_BACKHAUL,TN_NEAR_RT_RIC,1,0.1,2,2,NEAR_RT_RIC_EMERGENCY_SWITCHING_WITH_SATELLITE_BACKHAUL,0.0,0.0,0.0,0.0,0.0,0.0,tn-uav-satellite_ueS1_50_ueS2_50_tnGnb_4_ntnGnb_3_tnCap_20_ntnCap_10_hyst_2_donor-unavailable-sat-seed2,seed2,satellite
36.5,tn-uav-satellite,2,7,0,-1.0,0,0.0,-1000000000.0,UNREACHABLE,0,1,12.0512,7.53062,1,1,ACTIVE,SATELLITE_FALLBACK,NEAR_RT_RIC_SWITCHING_TO_SATELLITE_BACKHAUL,TN_NEAR_RT_RIC,1,0.1,2,2,NEAR_RT_RIC_EMERGENCY_SWITCHING_WITH_SATELLITE_BACKHAUL,0.0,0.0,0.0,0.0,0.0,0.0,tn-uav-satellite_ueS1_50_ueS2_50_tnGnb_4_ntnGnb_3_tnCap_20_ntnCap_10_hyst_2_donor-unavailable-sat-seed2,seed2,satellite
38.5,tn-uav-satellite,0,5,0,-1.0,0,0.0,-1000000000.0,UNREACHABLE,0,1,10.7929,6.27229,1,1,ACTIVE,SATELLITE_FALLBACK,NEAR_RT_RIC_SWITCHING_TO_SATELLITE_BACKHAUL,TN_NEAR_RT_RIC,1,0.1,2,2,NEAR_RT_RIC_EMERGENCY_SWITCHING_WITH_SATELLITE_BACKHAUL,0.08,12.6,0.00015686039999999999,0.0,0.0,0.0,tn-uav-satellite_ueS1_50_ueS2_50_tnGnb_4_ntnGnb_3_tnCap_20_ntnCap_10_hyst_2_donor-unavailable-sat-seed2,seed2,satellite
38.5,tn-uav-satellite,1,6,0,-1.0,0,0.0,-1000000000.0,UNREACHABLE,0,1,16.2782,11.7576,1,1,ACTIVE,SATELLITE_FALLBACK,NEAR_RT_RIC_SWITCHING_TO_SATELLITE_BACKHAUL,TN_NEAR_RT_RIC,1,0.1,2,2,NEAR_RT_RIC_EMERGENCY_SWITCHING_WITH_SATELLITE_BACKHAUL,0.08,12.6,0.00015686039999999999,0.0,0.0,0.0,tn-uav-satellite_ueS1_50_ueS2_50_tnGnb_4_ntnGnb_3_tnCap_20_ntnCap_10_hyst_2_donor-unavailable-sat-seed2,seed2,satellite
38.5,tn-uav-satellite,2,7,0,-1.0,0,0.0,-1000000000.0,UNREACHABLE,0,1,14.7723,10.2517,1,1,ACTIVE,SATELLITE_FALLBACK,NEAR_RT_RIC_SWITCHING_TO_SATELLITE_BACKHAUL,TN_NEAR_RT_RIC,1,0.1,2,2,NEAR_RT_RIC_EMERGENCY_SWITCHING_WITH_SATELLITE_BACKHAUL,0.08,12.6,0.00015686039999999999,0.0,0.0,0.0,tn-uav-satellite_ueS1_50_ueS2_50_tnGnb_4_ntnGnb_3_tnCap_20_ntnCap_10_hyst_2_donor-unavailable-sat-seed2,seed2,satellite
40.5,tn-uav-satellite,0,5,0,-1.0,0,0.0,-1000000000.0,UNREACHABLE,0,1,10.3282,5.80764,1,1,ACTIVE,SATELLITE_FALLBACK,NEAR_RT_RIC_SWITCHING_TO_SATELLITE_BACKHAUL,TN_NEAR_RT_RIC,1,0.1,2,2,NEAR_RT_RIC_EMERGENCY_SWITCHING_WITH_SATELLITE_BACKHAUL,0.0,0.0,0.0,0.0,0.0,0.0,tn-uav-satellite_ueS1_50_ueS2_50_tnGnb_4_ntnGnb_3_tnCap_20_ntnCap_10_hyst_2_donor-unavailable-sat-seed2,seed2,satellite
40.5,tn-uav-satellite,1,6,0,-1.0,0,0.0,-1000000000.0,UNREACHABLE,0,1,11.3574,6.83684,1,1,ACTIVE,SATELLITE_FALLBACK,NEAR_RT_RIC_SWITCHING_TO_SATELLITE_BACKHAUL,TN_NEAR_RT_RIC,1,0.1,2,2,NEAR_RT_RIC_EMERGENCY_SWITCHING_WITH_SATELLITE_BACKHAUL,0.0,0.0,0.0,0.0,0.0,0.0,tn-uav-satellite_ueS1_50_ueS2_50_tnGnb_4_ntnGnb_3_tnCap_20_ntnCap_10_hyst_2_donor-unavailable-sat-seed2,seed2,satellite
40.5,tn-uav-satellite,2,7,0,-1.0,0,0.0,-1000000000.0,UNREACHABLE,0,1,12.6655,8.14488,1,1,ACTIVE,SATELLITE_FALLBACK,NEAR_RT_RIC_SWITCHING_TO_SATELLITE_BACKHAUL,TN_NEAR_RT_RIC,1,0.1,2,2,NEAR_RT_RIC_EMERGENCY_SWITCHING_WITH_SATELLITE_BACKHAUL,0.0,0.0,0.0,0.0,0.0,0.0,tn-uav-satellite_ueS1_50_ueS2_50_tnGnb_4_ntnGnb_3_tnCap_20_ntnCap_10_hyst_2_donor-unavailable-sat-seed2,seed2,satellite
42.5,tn-uav-satellite,0,5,0,-1.0,0,0.0,-1000000000.0,UNREACHABLE,0,1,12.1602,7.6396,1,1,ACTIVE,SATELLITE_FALLBACK,NEAR_RT_RIC_SWITCHING_TO_SATELLITE_BACKHAUL,TN_NEAR_RT_RIC,1,0.1,2,2,NEAR_RT_RIC_EMERGENCY_SWITCHING_WITH_SATELLITE_BACKHAUL,0.6,76.7565,0.0011764524,0.0,0.0,0.0,tn-uav-satellite_ueS1_50_ueS2_50_tnGnb_4_ntnGnb_3_tnCap_20_ntnCap_10_hyst_2_donor-unavailable-sat-seed2,seed2,satellite
42.5,tn-uav-satellite,1,6,0,-1.0,0,0.0,-1000000000.0,UNREACHABLE,0,1,11.0988,6.57818,1,1,ACTIVE,SATELLITE_FALLBACK,NEAR_RT_RIC_SWITCHING_TO_SATELLITE_BACKHAUL,TN_NEAR_RT_RIC,1,0.1,2,2,NEAR_RT_RIC_EMERGENCY_SWITCHING_WITH_SATELLITE_BACKHAUL,0.6,76.7565,0.0011764524,0.0,0.0,0.0,tn-uav-satellite_ueS1_50_ueS2_50_tnGnb_4_ntnGnb_3_tnCap_20_ntnCap_10_hyst_2_donor-unavailable-sat-seed2,seed2,satellite
42.5,tn-uav-satellite,2,7,0,-1.0,0,0.0,-1000000000.0,UNREACHABLE,0,1,6.78232,2.26172,1,1,ACTIVE,SATELLITE_FALLBACK,NEAR_RT_RIC_SWITCHING_TO_SATELLITE_BACKHAUL,TN_NEAR_RT_RIC,1,0.1,2,2,NEAR_RT_RIC_EMERGENCY_SWITCHING_WITH_SATELLITE_BACKHAUL,0.6,76.7565,0.0011764524,0.0,0.0,0.0,tn-uav-satellite_ueS1_50_ueS2_50_tnGnb_4_ntnGnb_3_tnCap_20_ntnCap_10_hyst_2_donor-unavailable-sat-seed2,seed2,satellite
44.5,tn-uav-satellite,0,5,0,-1.0,0,0.0,-1000000000.0,UNREACHABLE,0,1,11.4176,6.897,1,1,ACTIVE,SATELLITE_FALLBACK,NEAR_RT_RIC_SWITCHING_TO_SATELLITE_BACKHAUL,TN_NEAR_RT_RIC,1,0.1,2,2,NEAR_RT_RIC_EMERGENCY_SWITCHING_WITH_SATELLITE_BACKHAUL,0.44,1104.74,0.000862732,0.0,0.0,0.0,tn-uav-satellite_ueS1_50_ueS2_50_tnGnb_4_ntnGnb_3_tnCap_20_ntnCap_10_hyst_2_donor-unavailable-sat-seed2,seed2,satellite
44.5,tn-uav-satellite,1,6,0,-1.0,0,0.0,-1000000000.0,UNREACHABLE,0,1,13.9938,9.47316,1,1,ACTIVE,SATELLITE_FALLBACK,NEAR_RT_RIC_SWITCHING_TO_SATELLITE_BACKHAUL,TN_NEAR_RT_RIC,1,0.1,2,2,NEAR_RT_RIC_EMERGENCY_SWITCHING_WITH_SATELLITE_BACKHAUL,0.44,1104.74,0.000862732,0.0,0.0,0.0,tn-uav-satellite_ueS1_50_ueS2_50_tnGnb_4_ntnGnb_3_tnCap_20_ntnCap_10_hyst_2_donor-unavailable-sat-seed2,seed2,satellite
44.5,tn-uav-satellite,2,7,0,-1.0,0,0.0,-1000000000.0,UNREACHABLE,0,1,8.24147,3.72087,1,1,ACTIVE,SATELLITE_FALLBACK,NEAR_RT_RIC_SWITCHING_TO_SATELLITE_BACKHAUL,TN_NEAR_RT_RIC,1,0.1,2,2,NEAR_RT_RIC_EMERGENCY_SWITCHING_WITH_SATELLITE_BACKHAUL,0.44,1104.74,0.000862732,0.0,0.0,0.0,tn-uav-satellite_ueS1_50_ueS2_50_tnGnb_4_ntnGnb_3_tnCap_20_ntnCap_10_hyst_2_donor-unavailable-sat-seed2,seed2,satellite
46.5,tn-uav-satellite,0,5,0,-1.0,0,0.0,-1000000000.0,UNREACHABLE,0,1,13.6615,10.5564,1,1,ACTIVE,SATELLITE_FALLBACK,NEAR_RT_RIC_SWITCHING_TO_SATELLITE_BACKHAUL,TN_NEAR_RT_RIC,1,0.1,2,2,NEAR_RT_RIC_EMERGENCY_SWITCHING_WITH_SATELLITE_BACKHAUL,1.24,436.094,0.0024313340000000003,0.0,0.0,0.0,tn-uav-satellite_ueS1_50_ueS2_50_tnGnb_4_ntnGnb_3_tnCap_20_ntnCap_10_hyst_2_donor-unavailable-sat-seed2,seed2,satellite
46.5,tn-uav-satellite,1,6,0,-1.0,0,0.0,-1000000000.0,UNREACHABLE,0,1,12.3696,7.84895,1,1,ACTIVE,SATELLITE_FALLBACK,NEAR_RT_RIC_SWITCHING_TO_SATELLITE_BACKHAUL,TN_NEAR_RT_RIC,1,0.1,2,2,NEAR_RT_RIC_EMERGENCY_SWITCHING_WITH_SATELLITE_BACKHAUL,1.24,436.094,0.0024313340000000003,0.0,0.0,0.0,tn-uav-satellite_ueS1_50_ueS2_50_tnGnb_4_ntnGnb_3_tnCap_20_ntnCap_10_hyst_2_donor-unavailable-sat-seed2,seed2,satellite
46.5,tn-uav-satellite,2,7,0,-1.0,0,0.0,-1000000000.0,UNREACHABLE,0,1,11.2394,6.71877,1,1,ACTIVE,SATELLITE_FALLBACK,NEAR_RT_RIC_SWITCHING_TO_SATELLITE_BACKHAUL,TN_NEAR_RT_RIC,1,0.1,2,2,NEAR_RT_RIC_EMERGENCY_SWITCHING_WITH_SATELLITE_BACKHAUL,1.24,436.094,0.0024313340000000003,0.0,0.0,0.0,tn-uav-satellite_ueS1_50_ueS2_50_tnGnb_4_ntnGnb_3_tnCap_20_ntnCap_10_hyst_2_donor-unavailable-sat-seed2,seed2,satellite
48.5,tn-uav-satellite,0,5,0,-1.0,0,0.0,-1000000000.0,UNREACHABLE,0,1,10.4842,5.96358,1,1,ACTIVE,SATELLITE_FALLBACK,NEAR_RT_RIC_SWITCHING_TO_SATELLITE_BACKHAUL,TN_NEAR_RT_RIC,1,0.1,2,2,NEAR_RT_RIC_EMERGENCY_SWITCHING_WITH_SATELLITE_BACKHAUL,0.6,286.3,0.0011764520000000001,0.0,0.0,0.0,tn-uav-satellite_ueS1_50_ueS2_50_tnGnb_4_ntnGnb_3_tnCap_20_ntnCap_10_hyst_2_donor-unavailable-sat-seed2,seed2,satellite
48.5,tn-uav-satellite,1,6,0,-1.0,0,0.0,-1000000000.0,UNREACHABLE,0,1,13.8883,9.3677,1,1,ACTIVE,SATELLITE_FALLBACK,NEAR_RT_RIC_SWITCHING_TO_SATELLITE_BACKHAUL,TN_NEAR_RT_RIC,1,0.1,2,2,NEAR_RT_RIC_EMERGENCY_SWITCHING_WITH_SATELLITE_BACKHAUL,0.6,286.3,0.0011764520000000001,0.0,0.0,0.0,tn-uav-satellite_ueS1_50_ueS2_50_tnGnb_4_ntnGnb_3_tnCap_20_ntnCap_10_hyst_2_donor-unavailable-sat-seed2,seed2,satellite
48.5,tn-uav-satellite,2,7,0,-1.0,0,0.0,-1000000000.0,UNREACHABLE,0,1,11.135,6.61436,1,1,ACTIVE,SATELLITE_FALLBACK,NEAR_RT_RIC_SWITCHING_TO_SATELLITE_BACKHAUL,TN_NEAR_RT_RIC,1,0.1,2,2,NEAR_RT_RIC_EMERGENCY_SWITCHING_WITH_SATELLITE_BACKHAUL,0.6,286.3,0.0011764520000000001,0.0,0.0,0.0,tn-uav-satellite_ueS1_50_ueS2_50_tnGnb_4_ntnGnb_3_tnCap_20_ntnCap_10_hyst_2_donor-unavailable-sat-seed2,seed2,satellite
50.5,tn-uav-satellite,0,5,0,-1.0,0,0.0,-1000000000.0,UNREACHABLE,0,1,12.65,8.12943,1,1,ACTIVE,SATELLITE_FALLBACK,NEAR_RT_RIC_SWITCHING_TO_SATELLITE_BACKHAUL,TN_NEAR_RT_RIC,1,0.1,2,2,NEAR_RT_RIC_EMERGENCY_SWITCHING_WITH_SATELLITE_BACKHAUL,0.24,306.84999999999997,0.00047058019999999997,0.0,0.0,0.0,tn-uav-satellite_ueS1_50_ueS2_50_tnGnb_4_ntnGnb_3_tnCap_20_ntnCap_10_hyst_2_donor-unavailable-sat-seed2,seed2,satellite
50.5,tn-uav-satellite,1,6,0,-1.0,0,0.0,-1000000000.0,UNREACHABLE,0,1,8.85072,4.33012,1,1,ACTIVE,SATELLITE_FALLBACK,NEAR_RT_RIC_SWITCHING_TO_SATELLITE_BACKHAUL,TN_NEAR_RT_RIC,1,0.1,2,2,NEAR_RT_RIC_EMERGENCY_SWITCHING_WITH_SATELLITE_BACKHAUL,0.24,306.84999999999997,0.00047058019999999997,0.0,0.0,0.0,tn-uav-satellite_ueS1_50_ueS2_50_tnGnb_4_ntnGnb_3_tnCap_20_ntnCap_10_hyst_2_donor-unavailable-sat-seed2,seed2,satellite
50.5,tn-uav-satellite,2,7,0,-1.0,0,0.0,-1000000000.0,UNREACHABLE,0,1,12.9898,8.46923,1,1,ACTIVE,SATELLITE_FALLBACK,NEAR_RT_RIC_SWITCHING_TO_SATELLITE_BACKHAUL,TN_NEAR_RT_RIC,1,0.1,2,2,NEAR_RT_RIC_EMERGENCY_SWITCHING_WITH_SATELLITE_BACKHAUL,0.24,306.84999999999997,0.00047058019999999997,0.0,0.0,0.0,tn-uav-satellite_ueS1_50_ueS2_50_tnGnb_4_ntnGnb_3_tnCap_20_ntnCap_10_hyst_2_donor-unavailable-sat-seed2,seed2,satellite
52.5,tn-uav-satellite,0,5,0,-1.0,0,0.0,-1000000000.0,UNREACHABLE,0,1,11.9545,7.43386,1,1,ACTIVE,SATELLITE_FALLBACK,NEAR_RT_RIC_SWITCHING_TO_SATELLITE_BACKHAUL,TN_NEAR_RT_RIC,1,0.1,2,2,NEAR_RT_RIC_EMERGENCY_SWITCHING_WITH_SATELLITE_BACKHAUL,0.0,0.0,0.0,0.0,0.0,0.0,tn-uav-satellite_ueS1_50_ueS2_50_tnGnb_4_ntnGnb_3_tnCap_20_ntnCap_10_hyst_2_donor-unavailable-sat-seed2,seed2,satellite
52.5,tn-uav-satellite,1,6,0,-1.0,0,0.0,-1000000000.0,UNREACHABLE,0,1,13.368,8.84739,1,1,ACTIVE,SATELLITE_FALLBACK,NEAR_RT_RIC_SWITCHING_TO_SATELLITE_BACKHAUL,TN_NEAR_RT_RIC,1,0.1,2,2,NEAR_RT_RIC_EMERGENCY_SWITCHING_WITH_SATELLITE_BACKHAUL,0.0,0.0,0.0,0.0,0.0,0.0,tn-uav-satellite_ueS1_50_ueS2_50_tnGnb_4_ntnGnb_3_tnCap_20_ntnCap_10_hyst_2_donor-unavailable-sat-seed2,seed2,satellite
52.5,tn-uav-satellite,2,7,0,-1.0,0,0.0,-1000000000.0,UNREACHABLE,0,1,12.4352,7.9146,1,1,ACTIVE,SATELLITE_FALLBACK,NEAR_RT_RIC_SWITCHING_TO_SATELLITE_BACKHAUL,TN_NEAR_RT_RIC,1,0.1,2,2,NEAR_RT_RIC_EMERGENCY_SWITCHING_WITH_SATELLITE_BACKHAUL,0.0,0.0,0.0,0.0,0.0,0.0,tn-uav-satellite_ueS1_50_ueS2_50_tnGnb_4_ntnGnb_3_tnCap_20_ntnCap_10_hyst_2_donor-unavailable-sat-seed2,seed2,satellite
54.5,tn-uav-satellite,0,5,0,-1.0,0,0.0,-1000000000.0,UNREACHABLE,0,1,9.37208,4.85148,1,1,ACTIVE,SATELLITE_FALLBACK,NEAR_RT_RIC_SWITCHING_TO_SATELLITE_BACKHAUL,TN_NEAR_RT_RIC,1,0.1,2,2,NEAR_RT_RIC_EMERGENCY_SWITCHING_WITH_SATELLITE_BACKHAUL,0.0,0.0,0.0,0.0,0.0,0.0,tn-uav-satellite_ueS1_50_ueS2_50_tnGnb_4_ntnGnb_3_tnCap_20_ntnCap_10_hyst_2_donor-unavailable-sat-seed2,seed2,satellite
54.5,tn-uav-satellite,1,6,0,-1.0,0,0.0,-1000000000.0,UNREACHABLE,0,1,11.9534,7.43284,1,1,ACTIVE,SATELLITE_FALLBACK,NEAR_RT_RIC_SWITCHING_TO_SATELLITE_BACKHAUL,TN_NEAR_RT_RIC,1,0.1,2,2,NEAR_RT_RIC_EMERGENCY_SWITCHING_WITH_SATELLITE_BACKHAUL,0.0,0.0,0.0,0.0,0.0,0.0,tn-uav-satellite_ueS1_50_ueS2_50_tnGnb_4_ntnGnb_3_tnCap_20_ntnCap_10_hyst_2_donor-unavailable-sat-seed2,seed2,satellite
54.5,tn-uav-satellite,2,7,0,-1.0,0,0.0,-1000000000.0,UNREACHABLE,0,1,12.9664,8.44578,1,1,ACTIVE,SATELLITE_FALLBACK,NEAR_RT_RIC_SWITCHING_TO_SATELLITE_BACKHAUL,TN_NEAR_RT_RIC,1,0.1,2,2,NEAR_RT_RIC_EMERGENCY_SWITCHING_WITH_SATELLITE_BACKHAUL,0.0,0.0,0.0,0.0,0.0,0.0,tn-uav-satellite_ueS1_50_ueS2_50_tnGnb_4_ntnGnb_3_tnCap_20_ntnCap_10_hyst_2_donor-unavailable-sat-seed2,seed2,satellite
56.5,tn-uav-satellite,0,5,0,-1.0,0,0.0,-1000000000.0,UNREACHABLE,0,1,11.3366,6.81596,1,1,ACTIVE,SATELLITE_FALLBACK,NEAR_RT_RIC_SWITCHING_TO_SATELLITE_BACKHAUL,TN_NEAR_RT_RIC,1,0.1,2,2,NEAR_RT_RIC_EMERGENCY_SWITCHING_WITH_SATELLITE_BACKHAUL,1.28,103.47670000000001,0.002509764,0.0,0.0,0.0,tn-uav-satellite_ueS1_50_ueS2_50_tnGnb_4_ntnGnb_3_tnCap_20_ntnCap_10_hyst_2_donor-unavailable-sat-seed2,seed2,satellite
56.5,tn-uav-satellite,1,6,0,-1.0,0,0.0,-1000000000.0,UNREACHABLE,0,1,13.2083,8.68769,1,1,ACTIVE,SATELLITE_FALLBACK,NEAR_RT_RIC_SWITCHING_TO_SATELLITE_BACKHAUL,TN_NEAR_RT_RIC,1,0.1,2,2,NEAR_RT_RIC_EMERGENCY_SWITCHING_WITH_SATELLITE_BACKHAUL,1.28,103.47670000000001,0.002509764,0.0,0.0,0.0,tn-uav-satellite_ueS1_50_ueS2_50_tnGnb_4_ntnGnb_3_tnCap_20_ntnCap_10_hyst_2_donor-unavailable-sat-seed2,seed2,satellite
56.5,tn-uav-satellite,2,7,0,-1.0,0,0.0,-1000000000.0,UNREACHABLE,0,1,12.5644,8.04382,1,1,ACTIVE,SATELLITE_FALLBACK,NEAR_RT_RIC_SWITCHING_TO_SATELLITE_BACKHAUL,TN_NEAR_RT_RIC,1,0.1,2,2,NEAR_RT_RIC_EMERGENCY_SWITCHING_WITH_SATELLITE_BACKHAUL,1.28,103.47670000000001,0.002509764,0.0,0.0,0.0,tn-uav-satellite_ueS1_50_ueS2_50_tnGnb_4_ntnGnb_3_tnCap_20_ntnCap_10_hyst_2_donor-unavailable-sat-seed2,seed2,satellite
58.5,tn-uav-satellite,0,5,0,-1.0,0,0.0,-1000000000.0,UNREACHABLE,0,1,10.7673,6.24671,1,1,ACTIVE,SATELLITE_FALLBACK,NEAR_RT_RIC_SWITCHING_TO_SATELLITE_BACKHAUL,TN_NEAR_RT_RIC,1,0.1,2,2,NEAR_RT_RIC_EMERGENCY_SWITCHING_WITH_SATELLITE_BACKHAUL,0.68,103.65715000000002,0.001333312,0.0,0.0,0.0,tn-uav-satellite_ueS1_50_ueS2_50_tnGnb_4_ntnGnb_3_tnCap_20_ntnCap_10_hyst_2_donor-unavailable-sat-seed2,seed2,satellite
58.5,tn-uav-satellite,1,6,0,-1.0,0,0.0,-1000000000.0,UNREACHABLE,0,1,10.3438,5.82321,1,1,ACTIVE,SATELLITE_FALLBACK,NEAR_RT_RIC_SWITCHING_TO_SATELLITE_BACKHAUL,TN_NEAR_RT_RIC,1,0.1,2,2,NEAR_RT_RIC_EMERGENCY_SWITCHING_WITH_SATELLITE_BACKHAUL,0.68,103.65715000000002,0.001333312,0.0,0.0,0.0,tn-uav-satellite_ueS1_50_ueS2_50_tnGnb_4_ntnGnb_3_tnCap_20_ntnCap_10_hyst_2_donor-unavailable-sat-seed2,seed2,satellite
58.5,tn-uav-satellite,2,7,0,-1.0,0,0.0,-1000000000.0,UNREACHABLE,0,1,11.7424,7.22175,1,1,ACTIVE,SATELLITE_FALLBACK,NEAR_RT_RIC_SWITCHING_TO_SATELLITE_BACKHAUL,TN_NEAR_RT_RIC,1,0.1,2,2,NEAR_RT_RIC_EMERGENCY_SWITCHING_WITH_SATELLITE_BACKHAUL,0.68,103.65715000000002,0.001333312,0.0,0.0,0.0,tn-uav-satellite_ueS1_50_ueS2_50_tnGnb_4_ntnGnb_3_tnCap_20_ntnCap_10_hyst_2_donor-unavailable-sat-seed2,seed2,satellite
60.5,tn-uav-satellite,0,5,0,-1.0,0,0.0,-1000000000.0,UNREACHABLE,0,1,10.6782,6.15757,1,1,ACTIVE,SATELLITE_FALLBACK,NEAR_RT_RIC_SWITCHING_TO_SATELLITE_BACKHAUL,TN_NEAR_RT_RIC,1,0.1,2,2,NEAR_RT_RIC_EMERGENCY_SWITCHING_WITH_SATELLITE_BACKHAUL,0.04,16.1,7.843019999999999e-05,0.0,0.0,0.0,tn-uav-satellite_ueS1_50_ueS2_50_tnGnb_4_ntnGnb_3_tnCap_20_ntnCap_10_hyst_2_donor-unavailable-sat-seed2,seed2,satellite
60.5,tn-uav-satellite,1,6,0,-1.0,0,0.0,-1000000000.0,UNREACHABLE,0,1,10.2443,5.72372,1,1,ACTIVE,SATELLITE_FALLBACK,NEAR_RT_RIC_SWITCHING_TO_SATELLITE_BACKHAUL,TN_NEAR_RT_RIC,1,0.1,2,2,NEAR_RT_RIC_EMERGENCY_SWITCHING_WITH_SATELLITE_BACKHAUL,0.04,16.1,7.843019999999999e-05,0.0,0.0,0.0,tn-uav-satellite_ueS1_50_ueS2_50_tnGnb_4_ntnGnb_3_tnCap_20_ntnCap_10_hyst_2_donor-unavailable-sat-seed2,seed2,satellite
60.5,tn-uav-satellite,2,7,0,-1.0,0,0.0,-1000000000.0,UNREACHABLE,0,1,12.6254,8.10482,1,1,ACTIVE,SATELLITE_FALLBACK,NEAR_RT_RIC_SWITCHING_TO_SATELLITE_BACKHAUL,TN_NEAR_RT_RIC,1,0.1,2,2,NEAR_RT_RIC_EMERGENCY_SWITCHING_WITH_SATELLITE_BACKHAUL,0.04,16.1,7.843019999999999e-05,0.0,0.0,0.0,tn-uav-satellite_ueS1_50_ueS2_50_tnGnb_4_ntnGnb_3_tnCap_20_ntnCap_10_hyst_2_donor-unavailable-sat-seed2,seed2,satellite
62.5,tn-uav-satellite,0,5,0,-1.0,0,0.0,-1000000000.0,UNREACHABLE,0,1,14.1794,9.65881,1,1,ACTIVE,SATELLITE_FALLBACK,NEAR_RT_RIC_SWITCHING_TO_SATELLITE_BACKHAUL,TN_NEAR_RT_RIC,1,0.1,2,2,NEAR_RT_RIC_EMERGENCY_SWITCHING_WITH_SATELLITE_BACKHAUL,0.0,0.0,0.0,0.0,0.0,0.0,tn-uav-satellite_ueS1_50_ueS2_50_tnGnb_4_ntnGnb_3_tnCap_20_ntnCap_10_hyst_2_donor-unavailable-sat-seed2,seed2,satellite
62.5,tn-uav-satellite,1,6,0,-1.0,0,0.0,-1000000000.0,UNREACHABLE,0,1,12.4682,7.94765,1,1,ACTIVE,SATELLITE_FALLBACK,NEAR_RT_RIC_SWITCHING_TO_SATELLITE_BACKHAUL,TN_NEAR_RT_RIC,1,0.1,2,2,NEAR_RT_RIC_EMERGENCY_SWITCHING_WITH_SATELLITE_BACKHAUL,0.0,0.0,0.0,0.0,0.0,0.0,tn-uav-satellite_ueS1_50_ueS2_50_tnGnb_4_ntnGnb_3_tnCap_20_ntnCap_10_hyst_2_donor-unavailable-sat-seed2,seed2,satellite
62.5,tn-uav-satellite,2,7,0,-1.0,0,0.0,-1000000000.0,UNREACHABLE,0,1,10.9676,6.44696,1,1,ACTIVE,SATELLITE_FALLBACK,NEAR_RT_RIC_SWITCHING_TO_SATELLITE_BACKHAUL,TN_NEAR_RT_RIC,1,0.1,2,2,NEAR_RT_RIC_EMERGENCY_SWITCHING_WITH_SATELLITE_BACKHAUL,0.0,0.0,0.0,0.0,0.0,0.0,tn-uav-satellite_ueS1_50_ueS2_50_tnGnb_4_ntnGnb_3_tnCap_20_ntnCap_10_hyst_2_donor-unavailable-sat-seed2,seed2,satellite
64.5,tn-uav-satellite,0,5,0,-1.0,0,0.0,-1000000000.0,UNREACHABLE,0,1,12.9891,8.46853,1,1,ACTIVE,SATELLITE_FALLBACK,NEAR_RT_RIC_SWITCHING_TO_SATELLITE_BACKHAUL,TN_NEAR_RT_RIC,1,0.1,2,2,NEAR_RT_RIC_EMERGENCY_SWITCHING_WITH_SATELLITE_BACKHAUL,0.0,0.0,0.0,0.0,0.0,0.0,tn-uav-satellite_ueS1_50_ueS2_50_tnGnb_4_ntnGnb_3_tnCap_20_ntnCap_10_hyst_2_donor-unavailable-sat-seed2,seed2,satellite
64.5,tn-uav-satellite,1,6,0,-1.0,0,0.0,-1000000000.0,UNREACHABLE,0,1,12.8658,8.34519,1,1,ACTIVE,SATELLITE_FALLBACK,NEAR_RT_RIC_SWITCHING_TO_SATELLITE_BACKHAUL,TN_NEAR_RT_RIC,1,0.1,2,2,NEAR_RT_RIC_EMERGENCY_SWITCHING_WITH_SATELLITE_BACKHAUL,0.0,0.0,0.0,0.0,0.0,0.0,tn-uav-satellite_ueS1_50_ueS2_50_tnGnb_4_ntnGnb_3_tnCap_20_ntnCap_10_hyst_2_donor-unavailable-sat-seed2,seed2,satellite
64.5,tn-uav-satellite,2,7,0,-1.0,0,0.0,-1000000000.0,UNREACHABLE,0,1,12.9726,8.45204,1,1,ACTIVE,SATELLITE_FALLBACK,NEAR_RT_RIC_SWITCHING_TO_SATELLITE_BACKHAUL,TN_NEAR_RT_RIC,1,0.1,2,2,NEAR_RT_RIC_EMERGENCY_SWITCHING_WITH_SATELLITE_BACKHAUL,0.0,0.0,0.0,0.0,0.0,0.0,tn-uav-satellite_ueS1_50_ueS2_50_tnGnb_4_ntnGnb_3_tnCap_20_ntnCap_10_hyst_2_donor-unavailable-sat-seed2,seed2,satellite
66.5,tn-uav-satellite,0,5,0,-1.0,0,0.0,-1000000000.0,UNREACHABLE,0,1,12.3185,7.79786,1,1,ACTIVE,SATELLITE_FALLBACK,NEAR_RT_RIC_SWITCHING_TO_SATELLITE_BACKHAUL,TN_NEAR_RT_RIC,1,0.1,2,2,NEAR_RT_RIC_EMERGENCY_SWITCHING_WITH_SATELLITE_BACKHAUL,0.2,263.1,0.00039215,0.0,0.0,0.0,tn-uav-satellite_ueS1_50_ueS2_50_tnGnb_4_ntnGnb_3_tnCap_20_ntnCap_10_hyst_2_donor-unavailable-sat-seed2,seed2,satellite
66.5,tn-uav-satellite,1,6,0,-1.0,0,0.0,-1000000000.0,UNREACHABLE,0,1,11.5625,7.04193,1,1,ACTIVE,SATELLITE_FALLBACK,NEAR_RT_RIC_SWITCHING_TO_SATELLITE_BACKHAUL,TN_NEAR_RT_RIC,1,0.1,2,2,NEAR_RT_RIC_EMERGENCY_SWITCHING_WITH_SATELLITE_BACKHAUL,0.2,263.1,0.00039215,0.0,0.0,0.0,tn-uav-satellite_ueS1_50_ueS2_50_tnGnb_4_ntnGnb_3_tnCap_20_ntnCap_10_hyst_2_donor-unavailable-sat-seed2,seed2,satellite
66.5,tn-uav-satellite,2,7,0,-1.0,0,0.0,-1000000000.0,UNREACHABLE,0,1,14.768,10.2474,1,1,ACTIVE,SATELLITE_FALLBACK,NEAR_RT_RIC_SWITCHING_TO_SATELLITE_BACKHAUL,TN_NEAR_RT_RIC,1,0.1,2,2,NEAR_RT_RIC_EMERGENCY_SWITCHING_WITH_SATELLITE_BACKHAUL,0.2,263.1,0.00039215,0.0,0.0,0.0,tn-uav-satellite_ueS1_50_ueS2_50_tnGnb_4_ntnGnb_3_tnCap_20_ntnCap_10_hyst_2_donor-unavailable-sat-seed2,seed2,satellite
68.5,tn-uav-satellite,0,5,0,-1.0,0,0.0,-1000000000.0,UNREACHABLE,0,1,8.43753,3.91693,1,1,ACTIVE,SATELLITE_FALLBACK,NEAR_RT_RIC_SWITCHING_TO_SATELLITE_BACKHAUL,TN_NEAR_RT_RIC,1,0.1,2,2,NEAR_RT_RIC_EMERGENCY_SWITCHING_WITH_SATELLITE_BACKHAUL,1.36,25.7912,0.00266662,0.0,0.0,0.0,tn-uav-satellite_ueS1_50_ueS2_50_tnGnb_4_ntnGnb_3_tnCap_20_ntnCap_10_hyst_2_donor-unavailable-sat-seed2,seed2,satellite
68.5,tn-uav-satellite,1,6,0,-1.0,0,0.0,-1000000000.0,UNREACHABLE,0,1,12.7103,8.18965,1,1,ACTIVE,SATELLITE_FALLBACK,NEAR_RT_RIC_SWITCHING_TO_SATELLITE_BACKHAUL,TN_NEAR_RT_RIC,1,0.1,2,2,NEAR_RT_RIC_EMERGENCY_SWITCHING_WITH_SATELLITE_BACKHAUL,1.36,25.7912,0.00266662,0.0,0.0,0.0,tn-uav-satellite_ueS1_50_ueS2_50_tnGnb_4_ntnGnb_3_tnCap_20_ntnCap_10_hyst_2_donor-unavailable-sat-seed2,seed2,satellite
68.5,tn-uav-satellite,2,7,0,-1.0,0,0.0,-1000000000.0,UNREACHABLE,0,1,7.71861,3.19801,1,1,ACTIVE,SATELLITE_FALLBACK,NEAR_RT_RIC_SWITCHING_TO_SATELLITE_BACKHAUL,TN_NEAR_RT_RIC,1,0.1,2,2,NEAR_RT_RIC_EMERGENCY_SWITCHING_WITH_SATELLITE_BACKHAUL,1.36,25.7912,0.00266662,0.0,0.0,0.0,tn-uav-satellite_ueS1_50_ueS2_50_tnGnb_4_ntnGnb_3_tnCap_20_ntnCap_10_hyst_2_donor-unavailable-sat-seed2,seed2,satellite
70.5,tn-uav-satellite,0,5,0,-1.0,0,0.0,-1000000000.0,UNREACHABLE,0,1,11.4547,6.9341,1,1,ACTIVE,SATELLITE_FALLBACK,NEAR_RT_RIC_SWITCHING_TO_SATELLITE_BACKHAUL,TN_NEAR_RT_RIC,1,0.1,2,2,NEAR_RT_RIC_EMERGENCY_SWITCHING_WITH_SATELLITE_BACKHAUL,1.92,49.4184,0.00376464,0.0,0.0,0.0,tn-uav-satellite_ueS1_50_ueS2_50_tnGnb_4_ntnGnb_3_tnCap_20_ntnCap_10_hyst_2_donor-unavailable-sat-seed2,seed2,satellite
70.5,tn-uav-satellite,1,6,0,-1.0,0,0.0,-1000000000.0,UNREACHABLE,0,1,7.20635,2.68575,1,1,ACTIVE,SATELLITE_FALLBACK,NEAR_RT_RIC_SWITCHING_TO_SATELLITE_BACKHAUL,TN_NEAR_RT_RIC,1,0.1,2,2,NEAR_RT_RIC_EMERGENCY_SWITCHING_WITH_SATELLITE_BACKHAUL,1.92,49.4184,0.00376464,0.0,0.0,0.0,tn-uav-satellite_ueS1_50_ueS2_50_tnGnb_4_ntnGnb_3_tnCap_20_ntnCap_10_hyst_2_donor-unavailable-sat-seed2,seed2,satellite
70.5,tn-uav-satellite,2,7,0,-1.0,0,0.0,-1000000000.0,UNREACHABLE,0,1,14.047,9.52639,1,1,ACTIVE,SATELLITE_FALLBACK,NEAR_RT_RIC_SWITCHING_TO_SATELLITE_BACKHAUL,TN_NEAR_RT_RIC,1,0.1,2,2,NEAR_RT_RIC_EMERGENCY_SWITCHING_WITH_SATELLITE_BACKHAUL,1.92,49.4184,0.00376464,0.0,0.0,0.0,tn-uav-satellite_ueS1_50_ueS2_50_tnGnb_4_ntnGnb_3_tnCap_20_ntnCap_10_hyst_2_donor-unavailable-sat-seed2,seed2,satellite
72.5,tn-uav-satellite,0,5,0,-1.0,0,0.0,-1000000000.0,UNREACHABLE,0,1,11.9039,7.38331,1,1,ACTIVE,SATELLITE_FALLBACK,NEAR_RT_RIC_SWITCHING_TO_SATELLITE_BACKHAUL,TN_NEAR_RT_RIC,1,0.1,2,2,NEAR_RT_RIC_EMERGENCY_SWITCHING_WITH_SATELLITE_BACKHAUL,1.16,48.9942,0.002274476,0.0,0.0,0.0,tn-uav-satellite_ueS1_50_ueS2_50_tnGnb_4_ntnGnb_3_tnCap_20_ntnCap_10_hyst_2_donor-unavailable-sat-seed2,seed2,satellite
72.5,tn-uav-satellite,1,6,0,-1.0,0,0.0,-1000000000.0,UNREACHABLE,0,1,12.2172,7.69656,1,1,ACTIVE,SATELLITE_FALLBACK,NEAR_RT_RIC_SWITCHING_TO_SATELLITE_BACKHAUL,TN_NEAR_RT_RIC,1,0.1,2,2,NEAR_RT_RIC_EMERGENCY_SWITCHING_WITH_SATELLITE_BACKHAUL,1.16,48.9942,0.002274476,0.0,0.0,0.0,tn-uav-satellite_ueS1_50_ueS2_50_tnGnb_4_ntnGnb_3_tnCap_20_ntnCap_10_hyst_2_donor-unavailable-sat-seed2,seed2,satellite
72.5,tn-uav-satellite,2,7,0,-1.0,0,0.0,-1000000000.0,UNREACHABLE,0,1,12.949,8.4284,1,1,ACTIVE,SATELLITE_FALLBACK,NEAR_RT_RIC_SWITCHING_TO_SATELLITE_BACKHAUL,TN_NEAR_RT_RIC,1,0.1,2,2,NEAR_RT_RIC_EMERGENCY_SWITCHING_WITH_SATELLITE_BACKHAUL,1.16,48.9942,0.002274476,0.0,0.0,0.0,tn-uav-satellite_ueS1_50_ueS2_50_tnGnb_4_ntnGnb_3_tnCap_20_ntnCap_10_hyst_2_donor-unavailable-sat-seed2,seed2,satellite
74.5,tn-uav-satellite,0,5,0,-1.0,0,0.0,-1000000000.0,UNREACHABLE,0,1,12.7746,8.254,1,1,ACTIVE,SATELLITE_FALLBACK,NEAR_RT_RIC_SWITCHING_TO_SATELLITE_BACKHAUL,TN_NEAR_RT_RIC,1,0.1,2,2,NEAR_RT_RIC_EMERGENCY_SWITCHING_WITH_SATELLITE_BACKHAUL,1.04,484.52299999999997,0.00203918,0.0,0.0,0.0,tn-uav-satellite_ueS1_50_ueS2_50_tnGnb_4_ntnGnb_3_tnCap_20_ntnCap_10_hyst_2_donor-unavailable-sat-seed2,seed2,satellite
74.5,tn-uav-satellite,1,6,0,-1.0,0,0.0,-1000000000.0,UNREACHABLE,0,1,10.929,6.40836,1,1,ACTIVE,SATELLITE_FALLBACK,NEAR_RT_RIC_SWITCHING_TO_SATELLITE_BACKHAUL,TN_NEAR_RT_RIC,1,0.1,2,2,NEAR_RT_RIC_EMERGENCY_SWITCHING_WITH_SATELLITE_BACKHAUL,1.04,484.52299999999997,0.00203918,0.0,0.0,0.0,tn-uav-satellite_ueS1_50_ueS2_50_tnGnb_4_ntnGnb_3_tnCap_20_ntnCap_10_hyst_2_donor-unavailable-sat-seed2,seed2,satellite
74.5,tn-uav-satellite,2,7,0,-1.0,0,0.0,-1000000000.0,UNREACHABLE,0,1,11.5434,7.02278,1,1,ACTIVE,SATELLITE_FALLBACK,NEAR_RT_RIC_SWITCHING_TO_SATELLITE_BACKHAUL,TN_NEAR_RT_RIC,1,0.1,2,2,NEAR_RT_RIC_EMERGENCY_SWITCHING_WITH_SATELLITE_BACKHAUL,1.04,484.52299999999997,0.00203918,0.0,0.0,0.0,tn-uav-satellite_ueS1_50_ueS2_50_tnGnb_4_ntnGnb_3_tnCap_20_ntnCap_10_hyst_2_donor-unavailable-sat-seed2,seed2,satellite
76.5,tn-uav-satellite,0,5,2,1755.66,1,3.95538,-62.3746,HEALTHY,0,0,12.4455,7.92486,1,1,STANDBY,TN_DIRECT,TN_E2,TN_NEAR_RT_RIC,1,0.1,2,2,TN_CONTROLLED_COVERAGE_EXTENSION,0.64,258.40000000000003,0.0012548822000000002,0.0,0.0,0.0,tn-uav-satellite_ueS1_50_ueS2_50_tnGnb_4_ntnGnb_3_tnCap_20_ntnCap_10_hyst_2_donor-unavailable-sat-seed2,seed2,satellite
76.5,tn-uav-satellite,1,6,4,682.258,1,-3.40917,-61.5293,HEALTHY,0,0,12.9109,8.39033,1,1,STANDBY,TN_DIRECT,TN_E2,TN_NEAR_RT_RIC,1,0.1,2,2,TN_CONTROLLED_COVERAGE_EXTENSION,0.64,258.40000000000003,0.0012548822000000002,0.0,0.0,0.0,tn-uav-satellite_ueS1_50_ueS2_50_tnGnb_4_ntnGnb_3_tnCap_20_ntnCap_10_hyst_2_donor-unavailable-sat-seed2,seed2,satellite
76.5,tn-uav-satellite,2,7,2,521.16,1,1.23778,-54.5428,HEALTHY,0,0,7.88546,3.36486,1,1,STANDBY,TN_DIRECT,TN_E2,TN_NEAR_RT_RIC,1,0.1,2,2,TN_CONTROLLED_COVERAGE_EXTENSION,0.64,258.40000000000003,0.0012548822000000002,0.0,0.0,0.0,tn-uav-satellite_ueS1_50_ueS2_50_tnGnb_4_ntnGnb_3_tnCap_20_ntnCap_10_hyst_2_donor-unavailable-sat-seed2,seed2,satellite
78.5,tn-uav-satellite,0,5,1,1338.78,1,-0.64891,-64.6243,HEALTHY,0,0,11.9281,7.40748,1,1,STANDBY,TN_DIRECT,TN_E2,TN_NEAR_RT_RIC,1,0.1,2,2,TN_CONTROLLED_COVERAGE_EXTENSION,0.0,0.0,0.0,0.0,0.0,0.0,tn-uav-satellite_ueS1_50_ueS2_50_tnGnb_4_ntnGnb_3_tnCap_20_ntnCap_10_hyst_2_donor-unavailable-sat-seed2,seed2,satellite
78.5,tn-uav-satellite,1,6,4,714.25,1,-2.55936,-61.0776,HEALTHY,0,0,9.669,5.1484,1,1,STANDBY,TN_DIRECT,TN_E2,TN_NEAR_RT_RIC,1,0.1,2,2,TN_CONTROLLED_COVERAGE_EXTENSION,0.0,0.0,0.0,0.0,0.0,0.0,tn-uav-satellite_ueS1_50_ueS2_50_tnGnb_4_ntnGnb_3_tnCap_20_ntnCap_10_hyst_2_donor-unavailable-sat-seed2,seed2,satellite
78.5,tn-uav-satellite,2,7,2,487.729,1,0.381982,-54.8228,HEALTHY,0,0,11.258,6.73735,1,1,STANDBY,TN_DIRECT,TN_E2,TN_NEAR_RT_RIC,1,0.1,2,2,TN_CONTROLLED_COVERAGE_EXTENSION,0.0,0.0,0.0,0.0,0.0,0.0,tn-uav-satellite_ueS1_50_ueS2_50_tnGnb_4_ntnGnb_3_tnCap_20_ntnCap_10_hyst_2_donor-unavailable-sat-seed2,seed2,satellite
80.5,tn-uav-satellite,0,5,1,1355.89,1,1.48981,-62.5959,HEALTHY,0,0,14.6236,10.103,1,1,STANDBY,TN_DIRECT,TN_E2,TN_NEAR_RT_RIC,1,0.1,2,2,TN_CONTROLLED_COVERAGE_EXTENSION,0.04,6991.1,7.843019999999999e-05,0.0,0.0,0.0,tn-uav-satellite_ueS1_50_ueS2_50_tnGnb_4_ntnGnb_3_tnCap_20_ntnCap_10_hyst_2_donor-unavailable-sat-seed2,seed2,satellite
80.5,tn-uav-satellite,1,6,4,716.859,1,-0.447712,-58.9976,HEALTHY,0,0,13.7992,9.27859,1,1,STANDBY,TN_DIRECT,TN_E2,TN_NEAR_RT_RIC,1,0.1,2,2,TN_CONTROLLED_COVERAGE_EXTENSION,0.04,6991.1,7.843019999999999e-05,0.0,0.0,0.0,tn-uav-satellite_ueS1_50_ueS2_50_tnGnb_4_ntnGnb_3_tnCap_20_ntnCap_10_hyst_2_donor-unavailable-sat-seed2,seed2,satellite
80.5,tn-uav-satellite,2,7,2,463.677,1,1.3569,-53.4086,HEALTHY,0,0,15.0465,10.5259,1,1,STANDBY,TN_DIRECT,TN_E2,TN_NEAR_RT_RIC,1,0.1,2,2,TN_CONTROLLED_COVERAGE_EXTENSION,0.04,6991.1,7.843019999999999e-05,0.0,0.0,0.0,tn-uav-satellite_ueS1_50_ueS2_50_tnGnb_4_ntnGnb_3_tnCap_20_ntnCap_10_hyst_2_donor-unavailable-sat-seed2,seed2,satellite
82.5,tn-uav-satellite,0,5,3,1523.83,1,-3.8457,-68.9456,HEALTHY,0,0,7.39923,2.87863,1,1,STANDBY,TN_DIRECT,TN_E2,TN_NEAR_RT_RIC,1,0.1,2,2,TN_CONTROLLED_COVERAGE_EXTENSION,0.64,74.1,0.001254882,0.0,0.0,0.0,tn-uav-satellite_ueS1_50_ueS2_50_tnGnb_4_ntnGnb_3_tnCap_20_ntnCap_10_hyst_2_donor-unavailable-sat-seed2,seed2,satellite
82.5,tn-uav-satellite,1,6,4,736.199,1,-0.163872,-58.945,HEALTHY,0,0,14.5341,10.0135,1,1,STANDBY,TN_DIRECT,TN_E2,TN_NEAR_RT_RIC,1,0.1,2,2,TN_CONTROLLED_COVERAGE_EXTENSION,0.64,74.1,0.001254882,0.0,0.0,0.0,tn-uav-satellite_ueS1_50_ueS2_50_tnGnb_4_ntnGnb_3_tnCap_20_ntnCap_10_hyst_2_donor-unavailable-sat-seed2,seed2,satellite
82.5,tn-uav-satellite,2,7,2,469.939,1,-2.04926,-56.9313,HEALTHY,0,0,12.0984,7.5778,1,1,STANDBY,TN_DIRECT,TN_E2,TN_NEAR_RT_RIC,1,0.1,2,2,TN_CONTROLLED_COVERAGE_EXTENSION,0.64,74.1,0.001254882,0.0,0.0,0.0,tn-uav-satellite_ueS1_50_ueS2_50_tnGnb_4_ntnGnb_3_tnCap_20_ntnCap_10_hyst_2_donor-unavailable-sat-seed2,seed2,satellite
84.5,tn-uav-satellite,0,5,1,1363.31,1,4.33644,-59.7967,HEALTHY,0,0,12.4822,7.96157,1,1,STANDBY,TN_DIRECT,TN_E2,TN_NEAR_RT_RIC,1,0.1,2,2,TN_CONTROLLED_COVERAGE_EXTENSION,0.24,398.433,0.000470582,0.0,0.0,0.0,tn-uav-satellite_ueS1_50_ueS2_50_tnGnb_4_ntnGnb_3_tnCap_20_ntnCap_10_hyst_2_donor-unavailable-sat-seed2,seed2,satellite
84.5,tn-uav-satellite,1,6,4,750.301,1,2.52106,-56.4249,HEALTHY,0,0,11.3556,6.83502,1,1,STANDBY,TN_DIRECT,TN_E2,TN_NEAR_RT_RIC,1,0.1,2,2,TN_CONTROLLED_COVERAGE_EXTENSION,0.24,398.433,0.000470582,0.0,0.0,0.0,tn-uav-satellite_ueS1_50_ueS2_50_tnGnb_4_ntnGnb_3_tnCap_20_ntnCap_10_hyst_2_donor-unavailable-sat-seed2,seed2,satellite
84.5,tn-uav-satellite,2,7,1,560.085,1,0.704911,-55.7014,HEALTHY,0,0,11.2857,6.76508,1,1,STANDBY,TN_DIRECT,TN_E2,TN_NEAR_RT_RIC,1,0.1,2,2,TN_CONTROLLED_COVERAGE_EXTENSION,0.24,398.433,0.000470582,0.0,0.0,0.0,tn-uav-satellite_ueS1_50_ueS2_50_tnGnb_4_ntnGnb_3_tnCap_20_ntnCap_10_hyst_2_donor-unavailable-sat-seed2,seed2,satellite
86.5,tn-uav-satellite,0,5,1,1353.62,1,-1.7948,-65.8659,HEALTHY,0,0,12.6038,8.08317,1,1,STANDBY,TN_DIRECT,TN_E2,TN_NEAR_RT_RIC,1,0.1,2,2,TN_CONTROLLED_COVERAGE_EXTENSION,0.0,0.0,0.0,0.0,0.0,0.0,tn-uav-satellite_ueS1_50_ueS2_50_tnGnb_4_ntnGnb_3_tnCap_20_ntnCap_10_hyst_2_donor-unavailable-sat-seed2,seed2,satellite
86.5,tn-uav-satellite,1,6,4,786.432,1,-1.15315,-60.5076,HEALTHY,0,0,7.75629,3.23569,1,1,STANDBY,TN_DIRECT,TN_E2,TN_NEAR_RT_RIC,1,0.1,2,2,TN_CONTROLLED_COVERAGE_EXTENSION,0.0,0.0,0.0,0.0,0.0,0.0,tn-uav-satellite_ueS1_50_ueS2_50_tnGnb_4_ntnGnb_3_tnCap_20_ntnCap_10_hyst_2_donor-unavailable-sat-seed2,seed2,satellite
86.5,tn-uav-satellite,2,7,2,459.265,1,1.00142,-53.6811,HEALTHY,0,0,12.6223,8.10172,1,1,STANDBY,TN_DIRECT,TN_E2,TN_NEAR_RT_RIC,1,0.1,2,2,TN_CONTROLLED_COVERAGE_EXTENSION,0.0,0.0,0.0,0.0,0.0,0.0,tn-uav-satellite_ueS1_50_ueS2_50_tnGnb_4_ntnGnb_3_tnCap_20_ntnCap_10_hyst_2_donor-unavailable-sat-seed2,seed2,satellite
88.5,tn-uav-satellite,0,5,2,1846.53,1,0.0476279,-66.7207,HEALTHY,0,0,12.8762,8.35558,1,1,STANDBY,TN_DIRECT,TN_E2,TN_NEAR_RT_RIC,1,0.1,2,2,TN_CONTROLLED_COVERAGE_EXTENSION,0.08,2427.1,0.00015686039999999999,0.0,0.0,0.0,tn-uav-satellite_ueS1_50_ueS2_50_tnGnb_4_ntnGnb_3_tnCap_20_ntnCap_10_hyst_2_donor-unavailable-sat-seed2,seed2,satellite
88.5,tn-uav-satellite,1,6,4,831.262,1,1.42404,-58.4119,HEALTHY,0,0,10.0096,5.48899,1,1,STANDBY,TN_DIRECT,TN_E2,TN_NEAR_RT_RIC,1,0.1,2,2,TN_CONTROLLED_COVERAGE_EXTENSION,0.08,2427.1,0.00015686039999999999,0.0,0.0,0.0,tn-uav-satellite_ueS1_50_ueS2_50_tnGnb_4_ntnGnb_3_tnCap_20_ntnCap_10_hyst_2_donor-unavailable-sat-seed2,seed2,satellite
88.5,tn-uav-satellite,2,7,2,429.394,1,-0.426974,-54.5253,HEALTHY,0,0,11.1026,6.58196,1,1,STANDBY,TN_DIRECT,TN_E2,TN_NEAR_RT_RIC,1,0.1,2,2,TN_CONTROLLED_COVERAGE_EXTENSION,0.08,2427.1,0.00015686039999999999,0.0,0.0,0.0,tn-uav-satellite_ueS1_50_ueS2_50_tnGnb_4_ntnGnb_3_tnCap_20_ntnCap_10_hyst_2_donor-unavailable-sat-seed2,seed2,satellite
90.5,tn-uav-satellite,0,5,3,1555.36,1,2.49687,-62.781,HEALTHY,0,0,12.9911,8.47052,1,1,STANDBY,TN_DIRECT,TN_E2,TN_NEAR_RT_RIC,1,0.1,2,2,TN_CONTROLLED_COVERAGE_EXTENSION,0.0,0.0,0.0,0.0,0.0,0.0,tn-uav-satellite_ueS1_50_ueS2_50_tnGnb_4_ntnGnb_3_tnCap_20_ntnCap_10_hyst_2_donor-unavailable-sat-seed2,seed2,satellite
90.5,tn-uav-satellite,1,6,4,872.01,1,-1.83449,-62.0861,HEALTHY,0,0,13.2513,8.73065,1,1,STANDBY,TN_DIRECT,TN_E2,TN_NEAR_RT_RIC,1,0.1,2,2,TN_CONTROLLED_COVERAGE_EXTENSION,0.0,0.0,0.0,0.0,0.0,0.0,tn-uav-satellite_ueS1_50_ueS2_50_tnGnb_4_ntnGnb_3_tnCap_20_ntnCap_10_hyst_2_donor-unavailable-sat-seed2,seed2,satellite
90.5,tn-uav-satellite,2,7,3,565.815,1,1.84641,-54.6483,HEALTHY,0,0,9.97741,5.45681,1,1,STANDBY,TN_DIRECT,TN_E2,TN_NEAR_RT_RIC,1,0.1,2,2,TN_CONTROLLED_COVERAGE_EXTENSION,0.0,0.0,0.0,0.0,0.0,0.0,tn-uav-satellite_ueS1_50_ueS2_50_tnGnb_4_ntnGnb_3_tnCap_20_ntnCap_10_hyst_2_donor-unavailable-sat-seed2,seed2,satellite
92.5,tn-uav-satellite,0,5,1,1423.54,1,-1.54565,-66.0542,HEALTHY,0,0,12.8485,8.32788,1,1,STANDBY,TN_DIRECT,TN_E2,TN_NEAR_RT_RIC,1,0.1,2,2,TN_CONTROLLED_COVERAGE_EXTENSION,0.84,353.01666666666665,0.0016470342,0.0,0.0,0.0,tn-uav-satellite_ueS1_50_ueS2_50_tnGnb_4_ntnGnb_3_tnCap_20_ntnCap_10_hyst_2_donor-unavailable-sat-seed2,seed2,satellite
92.5,tn-uav-satellite,1,6,4,909.125,1,0.503886,-60.1098,HEALTHY,0,0,11.3828,6.86216,1,1,STANDBY,TN_DIRECT,TN_E2,TN_NEAR_RT_RIC,1,0.1,2,2,TN_CONTROLLED_COVERAGE_EXTENSION,0.84,353.01666666666665,0.0016470342,0.0,0.0,0.0,tn-uav-satellite_ueS1_50_ueS2_50_tnGnb_4_ntnGnb_3_tnCap_20_ntnCap_10_hyst_2_donor-unavailable-sat-seed2,seed2,satellite
92.5,tn-uav-satellite,2,7,2,426.586,1,0.0998728,-53.9415,HEALTHY,0,0,11.4617,6.94109,1,1,STANDBY,TN_DIRECT,TN_E2,TN_NEAR_RT_RIC,1,0.1,2,2,TN_CONTROLLED_COVERAGE_EXTENSION,0.84,353.01666666666665,0.0016470342,0.0,0.0,0.0,tn-uav-satellite_ueS1_50_ueS2_50_tnGnb_4_ntnGnb_3_tnCap_20_ntnCap_10_hyst_2_donor-unavailable-sat-seed2,seed2,satellite
94.5,tn-uav-satellite,0,5,1,1463.86,1,0.346395,-64.4048,HEALTHY,0,0,12.7835,8.26294,1,1,STANDBY,TN_DIRECT,TN_E2,TN_NEAR_RT_RIC,1,0.1,2,2,TN_CONTROLLED_COVERAGE_EXTENSION,0.08,7.59999,0.00015686039999999999,0.0,0.0,0.0,tn-uav-satellite_ueS1_50_ueS2_50_tnGnb_4_ntnGnb_3_tnCap_20_ntnCap_10_hyst_2_donor-unavailable-sat-seed2,seed2,satellite
94.5,tn-uav-satellite,1,6,4,919.462,1,-2.42649,-63.1384,HEALTHY,0,0,11.0489,6.5283,1,1,STANDBY,TN_DIRECT,TN_E2,TN_NEAR_RT_RIC,1,0.1,2,2,TN_CONTROLLED_COVERAGE_EXTENSION,0.08,7.59999,0.00015686039999999999,0.0,0.0,0.0,tn-uav-satellite_ueS1_50_ueS2_50_tnGnb_4_ntnGnb_3_tnCap_20_ntnCap_10_hyst_2_donor-unavailable-sat-seed2,seed2,satellite
94.5,tn-uav-satellite,2,7,2,380.538,1,2.32842,-50.7207,HEALTHY,0,0,13.1971,8.67646,1,1,STANDBY,TN_DIRECT,TN_E2,TN_NEAR_RT_RIC,1,0.1,2,2,TN_CONTROLLED_COVERAGE_EXTENSION,0.08,7.59999,0.00015686039999999999,0.0,0.0,0.0,tn-uav-satellite_ueS1_50_ueS2_50_tnGnb_4_ntnGnb_3_tnCap_20_ntnCap_10_hyst_2_donor-unavailable-sat-seed2,seed2,satellite
96.5,tn-uav-satellite,0,5,2,1948.23,1,-0.464764,-67.6988,HEALTHY,0,0,9.99186,5.47126,1,1,STANDBY,TN_DIRECT,TN_E2,TN_NEAR_RT_RIC,1,0.1,2,2,TN_CONTROLLED_COVERAGE_EXTENSION,0.08,18.1,0.00015686039999999999,0.0,0.0,0.0,tn-uav-satellite_ueS1_50_ueS2_50_tnGnb_4_ntnGnb_3_tnCap_20_ntnCap_10_hyst_2_donor-unavailable-sat-seed2,seed2,satellite
96.5,tn-uav-satellite,1,6,4,922.446,1,-0.891564,-61.6316,HEALTHY,0,0,12.1367,7.61605,1,1,STANDBY,TN_DIRECT,TN_E2,TN_NEAR_RT_RIC,1,0.1,2,2,TN_CONTROLLED_COVERAGE_EXTENSION,0.08,18.1,0.00015686039999999999,0.0,0.0,0.0,tn-uav-satellite_ueS1_50_ueS2_50_tnGnb_4_ntnGnb_3_tnCap_20_ntnCap_10_hyst_2_donor-unavailable-sat-seed2,seed2,satellite
96.5,tn-uav-satellite,2,7,2,357.794,1,0.960632,-51.5532,HEALTHY,0,0,12.6256,8.10499,1,1,STANDBY,TN_DIRECT,TN_E2,TN_NEAR_RT_RIC,1,0.1,2,2,TN_CONTROLLED_COVERAGE_EXTENSION,0.08,18.1,0.00015686039999999999,0.0,0.0,0.0,tn-uav-satellite_ueS1_50_ueS2_50_tnGnb_4_ntnGnb_3_tnCap_20_ntnCap_10_hyst_2_donor-unavailable-sat-seed2,seed2,satellite
98.5,tn-uav-satellite,0,5,1,1492.79,1,0.894557,-64.0266,HEALTHY,0,0,13.3941,8.87354,1,1,STANDBY,TN_DIRECT,TN_E2,TN_NEAR_RT_RIC,1,0.1,2,2,TN_CONTROLLED_COVERAGE_EXTENSION,0.0,0.0,0.0,0.0,0.0,0.0,tn-uav-satellite_ueS1_50_ueS2_50_tnGnb_4_ntnGnb_3_tnCap_20_ntnCap_10_hyst_2_donor-unavailable-sat-seed2,seed2,satellite
98.5,tn-uav-satellite,1,6,4,966.043,1,-1.13077,-62.2719,HEALTHY,0,0,13.4602,8.93955,1,1,STANDBY,TN_DIRECT,TN_E2,TN_NEAR_RT_RIC,1,0.1,2,2,TN_CONTROLLED_COVERAGE_EXTENSION,0.0,0.0,0.0,0.0,0.0,0.0,tn-uav-satellite_ueS1_50_ueS2_50_tnGnb_4_ntnGnb_3_tnCap_20_ntnCap_10_hyst_2_donor-unavailable-sat-seed2,seed2,satellite
98.5,tn-uav-satellite,2,7,2,384.54,1,-1.29739,-54.4374,HEALTHY,0,0,13.5821,9.06146,1,1,STANDBY,TN_DIRECT,TN_E2,TN_NEAR_RT_RIC,1,0.1,2,2,TN_CONTROLLED_COVERAGE_EXTENSION,0.0,0.0,0.0,0.0,0.0,0.0,tn-uav-satellite_ueS1_50_ueS2_50_tnGnb_4_ntnGnb_3_tnCap_20_ntnCap_10_hyst_2_donor-unavailable-sat-seed2,seed2,satellite
100.5,tn-uav-satellite,0,5,3,1587.57,1,1.93205,-63.5238,HEALTHY,0,0,12.4309,7.91032,1,1,STANDBY,TN_DIRECT,TN_E2,TN_NEAR_RT_RIC,1,0.1,2,2,TN_CONTROLLED_COVERAGE_EXTENSION,0.0,0.0,0.0,0.0,0.0,0.0,tn-uav-satellite_ueS1_50_ueS2_50_tnGnb_4_ntnGnb_3_tnCap_20_ntnCap_10_hyst_2_donor-unavailable-sat-seed2,seed2,satellite
100.5,tn-uav-satellite,1,6,4,1004.46,1,0.0282538,-61.4516,HEALTHY,0,0,13.6243,9.10367,1,1,STANDBY,TN_DIRECT,TN_E2,TN_NEAR_RT_RIC,1,0.1,2,2,TN_CONTROLLED_COVERAGE_EXTENSION,0.0,0.0,0.0,0.0,0.0,0.0,tn-uav-satellite_ueS1_50_ueS2_50_tnGnb_4_ntnGnb_3_tnCap_20_ntnCap_10_hyst_2_donor-unavailable-sat-seed2,seed2,satellite
100.5,tn-uav-satellite,2,7,2,395.492,1,1.78599,-51.5979,HEALTHY,0,0,12.4207,7.90012,1,1,STANDBY,TN_DIRECT,TN_E2,TN_NEAR_RT_RIC,1,0.1,2,2,TN_CONTROLLED_COVERAGE_EXTENSION,0.0,0.0,0.0,0.0,0.0,0.0,tn-uav-satellite_ueS1_50_ueS2_50_tnGnb_4_ntnGnb_3_tnCap_20_ntnCap_10_hyst_2_donor-unavailable-sat-seed2,seed2,satellite
102.5,tn-uav-satellite,0,5,1,1532.6,1,-2.57584,-67.7256,HEALTHY,0,0,12.0038,7.48324,1,1,STANDBY,TN_DIRECT,TN_E2,TN_NEAR_RT_RIC,1,0.1,2,2,TN_CONTROLLED_COVERAGE_EXTENSION,0.04,11.1,7.843019999999999e-05,0.0,0.0,0.0,tn-uav-satellite_ueS1_50_ueS2_50_tnGnb_4_ntnGnb_3_tnCap_20_ntnCap_10_hyst_2_donor-unavailable-sat-seed2,seed2,satellite
102.5,tn-uav-satellite,1,6,4,1033.48,1,0.969229,-60.758,HEALTHY,0,0,9.42065,4.90005,1,1,STANDBY,TN_DIRECT,TN_E2,TN_NEAR_RT_RIC,1,0.1,2,2,TN_CONTROLLED_COVERAGE_EXTENSION,0.04,11.1,7.843019999999999e-05,0.0,0.0,0.0,tn-uav-satellite_ueS1_50_ueS2_50_tnGnb_4_ntnGnb_3_tnCap_20_ntnCap_10_hyst_2_donor-unavailable-sat-seed2,seed2,satellite
102.5,tn-uav-satellite,2,7,2,379.632,1,1.24914,-51.7793,HEALTHY,0,0,14.1356,9.61498,1,1,STANDBY,TN_DIRECT,TN_E2,TN_NEAR_RT_RIC,1,0.1,2,2,TN_CONTROLLED_COVERAGE_EXTENSION,0.04,11.1,7.843019999999999e-05,0.0,0.0,0.0,tn-uav-satellite_ueS1_50_ueS2_50_tnGnb_4_ntnGnb_3_tnCap_20_ntnCap_10_hyst_2_donor-unavailable-sat-seed2,seed2,satellite
104.5,tn-uav-satellite,0,5,3,1591.84,1,-1.22853,-66.7077,HEALTHY,0,0,13.7159,9.60785,1,1,STANDBY,TN_DIRECT,TN_E2,TN_NEAR_RT_RIC,1,0.1,2,2,TN_CONTROLLED_COVERAGE_EXTENSION,0.0,0.0,0.0,0.0,0.0,0.0,tn-uav-satellite_ueS1_50_ueS2_50_tnGnb_4_ntnGnb_3_tnCap_20_ntnCap_10_hyst_2_donor-unavailable-sat-seed2,seed2,satellite
104.5,tn-uav-satellite,1,6,4,1077.2,1,0.4871,-61.6,HEALTHY,0,0,9.43462,4.91402,1,1,STANDBY,TN_DIRECT,TN_E2,TN_NEAR_RT_RIC,1,0.1,2,2,TN_CONTROLLED_COVERAGE_EXTENSION,0.0,0.0,0.0,0.0,0.0,0.0,tn-uav-satellite_ueS1_50_ueS2_50_tnGnb_4_ntnGnb_3_tnCap_20_ntnCap_10_hyst_2_donor-unavailable-sat-seed2,seed2,satellite
104.5,tn-uav-satellite,2,7,1,492.795,1,1.65623,-53.6383,HEALTHY,0,0,13.7159,11.362,1,1,STANDBY,TN_DIRECT,TN_E2,TN_NEAR_RT_RIC,1,0.1,2,2,TN_CONTROLLED_COVERAGE_EXTENSION,0.0,0.0,0.0,0.0,0.0,0.0,tn-uav-satellite_ueS1_50_ueS2_50_tnGnb_4_ntnGnb_3_tnCap_20_ntnCap_10_hyst_2_donor-unavailable-sat-seed2,seed2,satellite
106.5,tn-uav-satellite,0,5,3,1572.88,1,-0.982422,-66.3575,HEALTHY,0,0,12.471,7.95037,1,1,STANDBY,TN_DIRECT,TN_E2,TN_NEAR_RT_RIC,1,0.1,2,2,TN_CONTROLLED_COVERAGE_EXTENSION,0.04,16.1,7.843019999999999e-05,0.0,0.0,0.0,tn-uav-satellite_ueS1_50_ueS2_50_tnGnb_4_ntnGnb_3_tnCap_20_ntnCap_10_hyst_2_donor-unavailable-sat-seed2,seed2,satellite
106.5,tn-uav-satellite,1,6,4,1111.44,1,-3.76143,-66.1203,HEALTHY,0,0,10.5635,6.0429,1,1,STANDBY,TN_DIRECT,TN_E2,TN_NEAR_RT_RIC,1,0.1,2,2,TN_CONTROLLED_COVERAGE_EXTENSION,0.04,16.1,7.843019999999999e-05,0.0,0.0,0.0,tn-uav-satellite_ueS1_50_ueS2_50_tnGnb_4_ntnGnb_3_tnCap_20_ntnCap_10_hyst_2_donor-unavailable-sat-seed2,seed2,satellite
106.5,tn-uav-satellite,2,7,2,424.826,1,3.66204,-50.3434,HEALTHY,0,0,15.0124,10.4918,1,1,STANDBY,TN_DIRECT,TN_E2,TN_NEAR_RT_RIC,1,0.1,2,2,TN_CONTROLLED_COVERAGE_EXTENSION,0.04,16.1,7.843019999999999e-05,0.0,0.0,0.0,tn-uav-satellite_ueS1_50_ueS2_50_tnGnb_4_ntnGnb_3_tnCap_20_ntnCap_10_hyst_2_donor-unavailable-sat-seed2,seed2,satellite
108.5,tn-uav-satellite,0,5,1,1538.05,1,-1.96068,-67.1413,HEALTHY,0,0,12.6566,8.13597,1,1,STANDBY,TN_DIRECT,TN_E2,TN_NEAR_RT_RIC,1,0.1,2,2,TN_CONTROLLED_COVERAGE_EXTENSION,0.0,0.0,0.0,0.0,0.0,0.0,tn-uav-satellite_ueS1_50_ueS2_50_tnGnb_4_ntnGnb_3_tnCap_20_ntnCap_10_hyst_2_donor-unavailable-sat-seed2,seed2,satellite
108.5,tn-uav-satellite,1,6,4,1115.55,1,-4.13753,-66.5285,HEALTHY,0,0,11.3214,6.80084,1,1,STANDBY,TN_DIRECT,TN_E2,TN_NEAR_RT_RIC,1,0.1,2,2,TN_CONTROLLED_COVERAGE_EXTENSION,0.0,0.0,0.0,0.0,0.0,0.0,tn-uav-satellite_ueS1_50_ueS2_50_tnGnb_4_ntnGnb_3_tnCap_20_ntnCap_10_hyst_2_donor-unavailable-sat-seed2,seed2,satellite
108.5,tn-uav-satellite,2,7,2,377.515,1,-0.773899,-53.7538,HEALTHY,0,0,13.6761,9.15554,1,1,STANDBY,TN_DIRECT,TN_E2,TN_NEAR_RT_RIC,1,0.1,2,2,TN_CONTROLLED_COVERAGE_EXTENSION,0.0,0.0,0.0,0.0,0.0,0.0,tn-uav-satellite_ueS1_50_ueS2_50_tnGnb_4_ntnGnb_3_tnCap_20_ntnCap_10_hyst_2_donor-unavailable-sat-seed2,seed2,satellite
110.5,tn-uav-satellite,0,5,2,2035.74,1,3.0158,-64.5998,HEALTHY,0,0,12.7207,8.20007,1,1,STANDBY,TN_DIRECT,TN_E2,TN_NEAR_RT_RIC,1,0.1,2,2,TN_CONTROLLED_COVERAGE_EXTENSION,0.0,0.0,0.0,0.0,0.0,0.0,tn-uav-satellite_ueS1_50_ueS2_50_tnGnb_4_ntnGnb_3_tnCap_20_ntnCap_10_hyst_2_donor-unavailable-sat-seed2,seed2,satellite
110.5,tn-uav-satellite,1,6,4,1138.58,1,0.114613,-62.4539,HEALTHY,0,0,8.88114,4.36054,1,1,STANDBY,TN_DIRECT,TN_E2,TN_NEAR_RT_RIC,1,0.1,2,2,TN_CONTROLLED_COVERAGE_EXTENSION,0.0,0.0,0.0,0.0,0.0,0.0,tn-uav-satellite_ueS1_50_ueS2_50_tnGnb_4_ntnGnb_3_tnCap_20_ntnCap_10_hyst_2_donor-unavailable-sat-seed2,seed2,satellite
110.5,tn-uav-satellite,2,7,3,564.891,1,3.11352,-53.367,HEALTHY,0,0,6.03093,1.51033,1,1,STANDBY,TN_DIRECT,TN_E2,TN_NEAR_RT_RIC,1,0.1,2,2,TN_CONTROLLED_COVERAGE_EXTENSION,0.0,0.0,0.0,0.0,0.0,0.0,tn-uav-satellite_ueS1_50_ueS2_50_tnGnb_4_ntnGnb_3_tnCap_20_ntnCap_10_hyst_2_donor-unavailable-sat-seed2,seed2,satellite
112.5,tn-uav-satellite,0,5,3,1654.73,1,-1.36339,-67.1791,HEALTHY,0,0,10.6763,6.15569,1,1,STANDBY,TN_DIRECT,TN_E2,TN_NEAR_RT_RIC,1,0.1,2,2,TN_CONTROLLED_COVERAGE_EXTENSION,0.04,444.1,7.843019999999999e-05,0.0,0.0,0.0,tn-uav-satellite_ueS1_50_ueS2_50_tnGnb_4_ntnGnb_3_tnCap_20_ntnCap_10_hyst_2_donor-unavailable-sat-seed2,seed2,satellite
112.5,tn-uav-satellite,1,6,4,1187.92,1,0.368929,-62.568,HEALTHY,0,0,10.4679,5.9473,1,1,STANDBY,TN_DIRECT,TN_E2,TN_NEAR_RT_RIC,1,0.1,2,2,TN_CONTROLLED_COVERAGE_EXTENSION,0.04,444.1,7.843019999999999e-05,0.0,0.0,0.0,tn-uav-satellite_ueS1_50_ueS2_50_tnGnb_4_ntnGnb_3_tnCap_20_ntnCap_10_hyst_2_donor-unavailable-sat-seed2,seed2,satellite
112.5,tn-uav-satellite,2,7,3,518.973,1,2.2688,-53.4753,HEALTHY,0,0,12.4669,7.94626,1,1,STANDBY,TN_DIRECT,TN_E2,TN_NEAR_RT_RIC,1,0.1,2,2,TN_CONTROLLED_COVERAGE_EXTENSION,0.04,444.1,7.843019999999999e-05,0.0,0.0,0.0,tn-uav-satellite_ueS1_50_ueS2_50_tnGnb_4_ntnGnb_3_tnCap_20_ntnCap_10_hyst_2_donor-unavailable-sat-seed2,seed2,satellite
114.5,tn-uav-satellite,0,5,1,1615.7,1,1.65914,-63.9493,HEALTHY,0,0,10.8154,6.29484,1,1,STANDBY,TN_DIRECT,TN_E2,TN_NEAR_RT_RIC,1,0.1,2,2,TN_CONTROLLED_COVERAGE_EXTENSION,0.04,31.099999999999998,7.843019999999999e-05,0.0,0.0,0.0,tn-uav-satellite_ueS1_50_ueS2_50_tnGnb_4_ntnGnb_3_tnCap_20_ntnCap_10_hyst_2_donor-unavailable-sat-seed2,seed2,satellite
114.5,tn-uav-satellite,1,6,4,1237.15,1,-2.31126,-65.6009,HEALTHY,0,0,14.0386,9.51799,1,1,STANDBY,TN_DIRECT,TN_E2,TN_NEAR_RT_RIC,1,0.1,2,2,TN_CONTROLLED_COVERAGE_EXTENSION,0.04,31.099999999999998,7.843019999999999e-05,0.0,0.0,0.0,tn-uav-satellite_ueS1_50_ueS2_50_tnGnb_4_ntnGnb_3_tnCap_20_ntnCap_10_hyst_2_donor-unavailable-sat-seed2,seed2,satellite
114.5,tn-uav-satellite,2,7,2,432.524,1,-1.4967,-55.6581,HEALTHY,0,0,12.5833,8.06266,1,1,STANDBY,TN_DIRECT,TN_E2,TN_NEAR_RT_RIC,1,0.1,2,2,TN_CONTROLLED_COVERAGE_EXTENSION,0.04,31.099999999999998,7.843019999999999e-05,0.0,0.0,0.0,tn-uav-satellite_ueS1_50_ueS2_50_tnGnb_4_ntnGnb_3_tnCap_20_ntnCap_10_hyst_2_donor-unavailable-sat-seed2,seed2,satellite
116.5,tn-uav-satellite,0,5,1,1615.7,1,-2.88542,-68.4938,HEALTHY,0,0,13.0061,8.48554,1,1,STANDBY,TN_DIRECT,TN_E2,TN_NEAR_RT_RIC,1,0.1,2,2,TN_CONTROLLED_COVERAGE_EXTENSION,0.0,0.0,0.0,0.0,0.0,0.0,tn-uav-satellite_ueS1_50_ueS2_50_tnGnb_4_ntnGnb_3_tnCap_20_ntnCap_10_hyst_2_donor-unavailable-sat-seed2,seed2,satellite
116.5,tn-uav-satellite,1,6,4,1286.59,1,-2.30576,-65.9357,HEALTHY,0,0,13.6219,9.10135,1,1,STANDBY,TN_DIRECT,TN_E2,TN_NEAR_RT_RIC,1,0.1,2,2,TN_CONTROLLED_COVERAGE_EXTENSION,0.0,0.0,0.0,0.0,0.0,0.0,tn-uav-satellite_ueS1_50_ueS2_50_tnGnb_4_ntnGnb_3_tnCap_20_ntnCap_10_hyst_2_donor-unavailable-sat-seed2,seed2,satellite
116.5,tn-uav-satellite,2,7,1,426.464,1,1.52422,-52.5146,HEALTHY,0,0,10.6497,6.12906,1,1,STANDBY,TN_DIRECT,TN_E2,TN_NEAR_RT_RIC,1,0.1,2,2,TN_CONTROLLED_COVERAGE_EXTENSION,0.0,0.0,0.0,0.0,0.0,0.0,tn-uav-satellite_ueS1_50_ueS2_50_tnGnb_4_ntnGnb_3_tnCap_20_ntnCap_10_hyst_2_donor-unavailable-sat-seed2,seed2,satellite
118.5,tn-uav-satellite,0,5,1,1615.7,1,1.35516,-64.2532,HEALTHY,0,0,11.9036,7.38303,1,1,STANDBY,TN_DIRECT,TN_E2,TN_NEAR_RT_RIC,1,0.1,2,2,TN_CONTROLLED_COVERAGE_EXTENSION,1.32,259.995,0.0025881940000000003,0.0,0.0,0.0,tn-uav-satellite_ueS1_50_ueS2_50_tnGnb_4_ntnGnb_3_tnCap_20_ntnCap_10_hyst_2_donor-unavailable-sat-seed2,seed2,satellite
118.5,tn-uav-satellite,1,6,4,1335.79,1,-1.54976,-65.5057,HEALTHY,0,0,9.83806,5.31746,1,1,STANDBY,TN_DIRECT,TN_E2,TN_NEAR_RT_RIC,1,0.1,2,2,TN_CONTROLLED_COVERAGE_EXTENSION,1.32,259.995,0.0025881940000000003,0.0,0.0,0.0,tn-uav-satellite_ueS1_50_ueS2_50_tnGnb_4_ntnGnb_3_tnCap_20_ntnCap_10_hyst_2_donor-unavailable-sat-seed2,seed2,satellite
118.5,tn-uav-satellite,2,7,2,514.186,1,3.75949,-51.9041,HEALTHY,0,0,13.36,8.83936,1,1,STANDBY,TN_DIRECT,TN_E2,TN_NEAR_RT_RIC,1,0.1,2,2,TN_CONTROLLED_COVERAGE_EXTENSION,1.32,259.995,0.0025881940000000003,0.0,0.0,0.0,tn-uav-satellite_ueS1_50_ueS2_50_tnGnb_4_ntnGnb_3_tnCap_20_ntnCap_10_hyst_2_donor-unavailable-sat-seed2,seed2,satellite
