DataStatus,Method,SyntheticSeed,TimeS,PersistentDemandFraction
SYNTHETIC_LITERATURE_INFORMED_NOT_NS3_RESULTS,Static UAV,1,0,0.0
SYNTHETIC_LITERATURE_INFORMED_NOT_NS3_RESULTS,Static UAV,1,2,0.0
SYNTHETIC_LITERATURE_INFORMED_NOT_NS3_RESULTS,Static UAV,1,4,0.0
SYNTHETIC_LITERATURE_INFORMED_NOT_NS3_RESULTS,Static UAV,1,6,0.0
SYNTHETIC_LITERATURE_INFORMED_NOT_NS3_RESULTS,Static UAV,1,8,0.0
SYNTHETIC_LITERATURE_INFORMED_NOT_NS3_RESULTS,Static UAV,1,10,0.0
SYNTHETIC_LITERATURE_INFORMED_NOT_NS3_RESULTS,Static UAV,1,12,0.0
SYNTHETIC_LITERATURE_INFORMED_NOT_NS3_RESULTS,Static UAV,1,14,0.0
SYNTHETIC_LITERATURE_INFORMED_NOT_NS3_RESULTS,Static UAV,1,16,0.0
SYNTHETIC_LITERATURE_INFORMED_NOT_NS3_RESULTS,Static UAV,1,18,0.09384895721922551
SYNTHETIC_LITERATURE_INFORMED_NOT_NS3_RESULTS,Static UAV,1,20,0.15358682999710688
SYNTHETIC_LITERATURE_INFORMED_NOT_NS3_RESULTS,Static UAV,1,22,0.22159098447431974
SYNTHETIC_LITERATURE_INFORMED_NOT_NS3_RESULTS,Static UAV,1,24,0.2760970662624867
SYNTHETIC_LITERATURE_INFORMED_NOT_NS3_RESULTS,Static UAV,1,26,0.3059259962689256
SYNTHETIC_LITERATURE_INFORMED_NOT_NS3_RESULTS,Static UAV,1,28,0.3293300766879719
SYNTHETIC_LITERATURE_INFORMED_NOT_NS3_RESULTS,Static UAV,1,30,0.3346543402238706
SYNTHETIC_LITERATURE_INFORMED_NOT_NS3_RESULTS,Static UAV,1,32,0.3414068121071092
SYNTHETIC_LITERATURE_INFORMED_NOT_NS3_RESULTS,Static UAV,1,34,0.3455606972492287
SYNTHETIC_LITERATURE_INFORMED_NOT_NS3_RESULTS,Static UAV,1,36,0.34108245347872773
SYNTHETIC_LITERATURE_INFORMED_NOT_NS3_RESULTS,Static UAV,1,38,0.33536007647290805
SYNTHETIC_LITERATURE_INFORMED_NOT_NS3_RESULTS,Static UAV,1,40,0.33180923668115775
SYNTHETIC_LITERATURE_INFORMED_NOT_NS3_RESULTS,Static UAV,1,42,0.33180689312270195
SYNTHETIC_LITERATURE_INFORMED_NOT_NS3_RESULTS,Static UAV,1,44,0.32422607023512723
SYNTHETIC_LITERATURE_INFORMED_NOT_NS3_RESULTS,Static UAV,1,46,0.3253745440720405
SYNTHETIC_LITERATURE_INFORMED_NOT_NS3_RESULTS,Static UAV,1,48,0.32482593213788485
SYNTHETIC_LITERATURE_INFORMED_NOT_NS3_RESULTS,Static UAV,1,50,0.32888472051476864
SYNTHETIC_LITERATURE_INFORMED_NOT_NS3_RESULTS,Static UAV,1,52,0.3206697682452237
SYNTHETIC_LITERATURE_INFORMED_NOT_NS3_RESULTS,Static UAV,1,54,0.3222498071029214
SYNTHETIC_LITERATURE_INFORMED_NOT_NS3_RESULTS,Static UAV,1,56,0.33032077585739633
SYNTHETIC_LITERATURE_INFORMED_NOT_NS3_RESULTS,Static UAV,1,58,0.33624528369493456
SYNTHETIC_LITERATURE_INFORMED_NOT_NS3_RESULTS,Static UAV,1,60,0.33128962255284383
SYNTHETIC_LITERATURE_INFORMED_NOT_NS3_RESULTS,Static UAV,1,62,0.33946224105446504
SYNTHETIC_LITERATURE_INFORMED_NOT_NS3_RESULTS,Static UAV,1,64,0.34995874270036054
SYNTHETIC_LITERATURE_INFORMED_NOT_NS3_RESULTS,Static UAV,1,66,0.3414884099346485
SYNTHETIC_LITERATURE_INFORMED_NOT_NS3_RESULTS,Static UAV,1,68,0.33775099846815676
SYNTHETIC_LITERATURE_INFORMED_NOT_NS3_RESULTS,Static UAV,1,70,0.3354131414002939
SYNTHETIC_LITERATURE_INFORMED_NOT_NS3_RESULTS,Static UAV,1,72,0.3371322403605308
SYNTHETIC_LITERATURE_INFORMED_NOT_NS3_RESULTS,Static UAV,1,74,0.33569914217284624
SYNTHETIC_LITERATURE_INFORMED_NOT_NS3_RESULTS,Static UAV,1,76,0.3292360619177531
SYNTHETIC_LITERATURE_INFORMED_NOT_NS3_RESULTS,Static UAV,1,78,0.3245457880643484
SYNTHETIC_LITERATURE_INFORMED_NOT_NS3_RESULTS,Static UAV,1,80,0.323804528149551
SYNTHETIC_LITERATURE_INFORMED_NOT_NS3_RESULTS,Static UAV,1,82,0.3245232878818266
SYNTHETIC_LITERATURE_INFORMED_NOT_NS3_RESULTS,Static UAV,1,84,0.3181530008454501
SYNTHETIC_LITERATURE_INFORMED_NOT_NS3_RESULTS,Static UAV,1,86,0.33328333270494903
SYNTHETIC_LITERATURE_INFORMED_NOT_NS3_RESULTS,Static UAV,1,88,0.33169079102325805
SYNTHETIC_LITERATURE_INFORMED_NOT_NS3_RESULTS,Static UAV,1,90,0.3328402741779752
SYNTHETIC_LITERATURE_INFORMED_NOT_NS3_RESULTS,Static UAV,2,0,0.0
SYNTHETIC_LITERATURE_INFORMED_NOT_NS3_RESULTS,Static UAV,2,2,0.0
SYNTHETIC_LITERATURE_INFORMED_NOT_NS3_RESULTS,Static UAV,2,4,0.0
SYNTHETIC_LITERATURE_INFORMED_NOT_NS3_RESULTS,Static UAV,2,6,0.0
SYNTHETIC_LITERATURE_INFORMED_NOT_NS3_RESULTS,Static UAV,2,8,0.0
SYNTHETIC_LITERATURE_INFORMED_NOT_NS3_RESULTS,Static UAV,2,10,0.0
SYNTHETIC_LITERATURE_INFORMED_NOT_NS3_RESULTS,Static UAV,2,12,0.0
SYNTHETIC_LITERATURE_INFORMED_NOT_NS3_RESULTS,Static UAV,2,14,0.0
SYNTHETIC_LITERATURE_INFORMED_NOT_NS3_RESULTS,Static UAV,2,16,0.0
SYNTHETIC_LITERATURE_INFORMED_NOT_NS3_RESULTS,Static UAV,2,18,0.04843217332644782
SYNTHETIC_LITERATURE_INFORMED_NOT_NS3_RESULTS,Static UAV,2,20,0.09269397468118247
SYNTHETIC_LITERATURE_INFORMED_NOT_NS3_RESULTS,Static UAV,2,22,0.1700058963060976
SYNTHETIC_LITERATURE_INFORMED_NOT_NS3_RESULTS,Static UAV,2,24,0.23037939556457604
SYNTHETIC_LITERATURE_INFORMED_NOT_NS3_RESULTS,Static UAV,2,26,0.2765460223774386
SYNTHETIC_LITERATURE_INFORMED_NOT_NS3_RESULTS,Static UAV,2,28,0.30399346879235273
SYNTHETIC_LITERATURE_INFORMED_NOT_NS3_RESULTS,Static UAV,2,30,0.31863184808015566
SYNTHETIC_LITERATURE_INFORMED_NOT_NS3_RESULTS,Static UAV,2,32,0.31351677042785525
SYNTHETIC_LITERATURE_INFORMED_NOT_NS3_RESULTS,Static UAV,2,34,0.31652527452295937
SYNTHETIC_LITERATURE_INFORMED_NOT_NS3_RESULTS,Static UAV,2,36,0.31164900951646346
SYNTHETIC_LITERATURE_INFORMED_NOT_NS3_RESULTS,Static UAV,2,38,0.3094601377276504
SYNTHETIC_LITERATURE_INFORMED_NOT_NS3_RESULTS,Static UAV,2,40,0.30061186826063147
SYNTHETIC_LITERATURE_INFORMED_NOT_NS3_RESULTS,Static UAV,2,42,0.3103501151559112
SYNTHETIC_LITERATURE_INFORMED_NOT_NS3_RESULTS,Static UAV,2,44,0.3026983371960679
SYNTHETIC_LITERATURE_INFORMED_NOT_NS3_RESULTS,Static UAV,2,46,0.3081890479036261
SYNTHETIC_LITERATURE_INFORMED_NOT_NS3_RESULTS,Static UAV,2,48,0.30851375852845725
SYNTHETIC_LITERATURE_INFORMED_NOT_NS3_RESULTS,Static UAV,2,50,0.3089956943358129
SYNTHETIC_LITERATURE_INFORMED_NOT_NS3_RESULTS,Static UAV,2,52,0.3100902962639238
SYNTHETIC_LITERATURE_INFORMED_NOT_NS3_RESULTS,Static UAV,2,54,0.309552665045899
SYNTHETIC_LITERATURE_INFORMED_NOT_NS3_RESULTS,Static UAV,2,56,0.3193778558378881
SYNTHETIC_LITERATURE_INFORMED_NOT_NS3_RESULTS,Static UAV,2,58,0.3264402306259206
SYNTHETIC_LITERATURE_INFORMED_NOT_NS3_RESULTS,Static UAV,2,60,0.3224403329859626
SYNTHETIC_LITERATURE_INFORMED_NOT_NS3_RESULTS,Static UAV,2,62,0.3144315057503775
SYNTHETIC_LITERATURE_INFORMED_NOT_NS3_RESULTS,Static UAV,2,64,0.31573244299103626
SYNTHETIC_LITERATURE_INFORMED_NOT_NS3_RESULTS,Static UAV,2,66,0.3076854752110745
SYNTHETIC_LITERATURE_INFORMED_NOT_NS3_RESULTS,Static UAV,2,68,0.3181653587690519
SYNTHETIC_LITERATURE_INFORMED_NOT_NS3_RESULTS,Static UAV,2,70,0.3064725244085342
SYNTHETIC_LITERATURE_INFORMED_NOT_NS3_RESULTS,Static UAV,2,72,0.3053232384787374
SYNTHETIC_LITERATURE_INFORMED_NOT_NS3_RESULTS,Static UAV,2,74,0.3045349932976086
SYNTHETIC_LITERATURE_INFORMED_NOT_NS3_RESULTS,Static UAV,2,76,0.30705638463866813
SYNTHETIC_LITERATURE_INFORMED_NOT_NS3_RESULTS,Static UAV,2,78,0.3009914555186062
SYNTHETIC_LITERATURE_INFORMED_NOT_NS3_RESULTS,Static UAV,2,80,0.3095484184787142
SYNTHETIC_LITERATURE_INFORMED_NOT_NS3_RESULTS,Static UAV,2,82,0.3074964208520359
SYNTHETIC_LITERATURE_INFORMED_NOT_NS3_RESULTS,Static UAV,2,84,0.3173908805435273
SYNTHETIC_LITERATURE_INFORMED_NOT_NS3_RESULTS,Static UAV,2,86,0.3195344630274511
SYNTHETIC_LITERATURE_INFORMED_NOT_NS3_RESULTS,Static UAV,2,88,0.31514118547053005
SYNTHETIC_LITERATURE_INFORMED_NOT_NS3_RESULTS,Static UAV,2,90,0.31913922420142005
SYNTHETIC_LITERATURE_INFORMED_NOT_NS3_RESULTS,Static UAV,3,0,0.0
SYNTHETIC_LITERATURE_INFORMED_NOT_NS3_RESULTS,Static UAV,3,2,0.0
SYNTHETIC_LITERATURE_INFORMED_NOT_NS3_RESULTS,Static UAV,3,4,0.0
SYNTHETIC_LITERATURE_INFORMED_NOT_NS3_RESULTS,Static UAV,3,6,0.0
SYNTHETIC_LITERATURE_INFORMED_NOT_NS3_RESULTS,Static UAV,3,8,0.0
SYNTHETIC_LITERATURE_INFORMED_NOT_NS3_RESULTS,Static UAV,3,10,0.0
SYNTHETIC_LITERATURE_INFORMED_NOT_NS3_RESULTS,Static UAV,3,12,0.0
SYNTHETIC_LITERATURE_INFORMED_NOT_NS3_RESULTS,Static UAV,3,14,0.0
SYNTHETIC_LITERATURE_INFORMED_NOT_NS3_RESULTS,Static UAV,3,16,0.0
SYNTHETIC_LITERATURE_INFORMED_NOT_NS3_RESULTS,Static UAV,3,18,0.10258503842407245
SYNTHETIC_LITERATURE_INFORMED_NOT_NS3_RESULTS,Static UAV,3,20,0.18404799398691307
SYNTHETIC_LITERATURE_INFORMED_NOT_NS3_RESULTS,Static UAV,3,22,0.23788329376423342
SYNTHETIC_LITERATURE_INFORMED_NOT_NS3_RESULTS,Static UAV,3,24,0.27459762965140994
SYNTHETIC_LITERATURE_INFORMED_NOT_NS3_RESULTS,Static UAV,3,26,0.2875126590047904
SYNTHETIC_LITERATURE_INFORMED_NOT_NS3_RESULTS,Static UAV,3,28,0.29881768476842685
SYNTHETIC_LITERATURE_INFORMED_NOT_NS3_RESULTS,Static UAV,3,30,0.29992812294497406
SYNTHETIC_LITERATURE_INFORMED_NOT_NS3_RESULTS,Static UAV,3,32,0.30187831848320235
SYNTHETIC_LITERATURE_INFORMED_NOT_NS3_RESULTS,Static UAV,3,34,0.29657327770680536
SYNTHETIC_LITERATURE_INFORMED_NOT_NS3_RESULTS,Static UAV,3,36,0.30092187137472476
SYNTHETIC_LITERATURE_INFORMED_NOT_NS3_RESULTS,Static UAV,3,38,0.28375497892972734
SYNTHETIC_LITERATURE_INFORMED_NOT_NS3_RESULTS,Static UAV,3,40,0.2886238728524834
SYNTHETIC_LITERATURE_INFORMED_NOT_NS3_RESULTS,Static UAV,3,42,0.29680516160153
SYNTHETIC_LITERATURE_INFORMED_NOT_NS3_RESULTS,Static UAV,3,44,0.29317077743398234
SYNTHETIC_LITERATURE_INFORMED_NOT_NS3_RESULTS,Static UAV,3,46,0.2993725863223328
SYNTHETIC_LITERATURE_INFORMED_NOT_NS3_RESULTS,Static UAV,3,48,0.3017886565614981
SYNTHETIC_LITERATURE_INFORMED_NOT_NS3_RESULTS,Static UAV,3,50,0.3074506393890772
SYNTHETIC_LITERATURE_INFORMED_NOT_NS3_RESULTS,Static UAV,3,52,0.3060242172900882
SYNTHETIC_LITERATURE_INFORMED_NOT_NS3_RESULTS,Static UAV,3,54,0.30936905135257053
SYNTHETIC_LITERATURE_INFORMED_NOT_NS3_RESULTS,Static UAV,3,56,0.31035591164946263
SYNTHETIC_LITERATURE_INFORMED_NOT_NS3_RESULTS,Static UAV,3,58,0.31191757740498577
SYNTHETIC_LITERATURE_INFORMED_NOT_NS3_RESULTS,Static UAV,3,60,0.30547444286160785
SYNTHETIC_LITERATURE_INFORMED_NOT_NS3_RESULTS,Static UAV,3,62,0.2976000018208246
SYNTHETIC_LITERATURE_INFORMED_NOT_NS3_RESULTS,Static UAV,3,64,0.30232903605527833
SYNTHETIC_LITERATURE_INFORMED_NOT_NS3_RESULTS,Static UAV,3,66,0.29497883832569044
SYNTHETIC_LITERATURE_INFORMED_NOT_NS3_RESULTS,Static UAV,3,68,0.2897870068113999
SYNTHETIC_LITERATURE_INFORMED_NOT_NS3_RESULTS,Static UAV,3,70,0.2929780056839244
SYNTHETIC_LITERATURE_INFORMED_NOT_NS3_RESULTS,Static UAV,3,72,0.2937573736553002
SYNTHETIC_LITERATURE_INFORMED_NOT_NS3_RESULTS,Static UAV,3,74,0.2889242025997484
SYNTHETIC_LITERATURE_INFORMED_NOT_NS3_RESULTS,Static UAV,3,76,0.2849170156754254
SYNTHETIC_LITERATURE_INFORMED_NOT_NS3_RESULTS,Static UAV,3,78,0.2966237596222638
SYNTHETIC_LITERATURE_INFORMED_NOT_NS3_RESULTS,Static UAV,3,80,0.30673192107444575
SYNTHETIC_LITERATURE_INFORMED_NOT_NS3_RESULTS,Static UAV,3,82,0.3052811341574765
SYNTHETIC_LITERATURE_INFORMED_NOT_NS3_RESULTS,Static UAV,3,84,0.30509611767314077
SYNTHETIC_LITERATURE_INFORMED_NOT_NS3_RESULTS,Static UAV,3,86,0.3075961009453718
SYNTHETIC_LITERATURE_INFORMED_NOT_NS3_RESULTS,Static UAV,3,88,0.3165332986571731
SYNTHETIC_LITERATURE_INFORMED_NOT_NS3_RESULTS,Static UAV,3,90,0.3076569854089034
SYNTHETIC_LITERATURE_INFORMED_NOT_NS3_RESULTS,Static UAV,4,0,0.0
SYNTHETIC_LITERATURE_INFORMED_NOT_NS3_RESULTS,Static UAV,4,2,0.0
SYNTHETIC_LITERATURE_INFORMED_NOT_NS3_RESULTS,Static UAV,4,4,0.0
SYNTHETIC_LITERATURE_INFORMED_NOT_NS3_RESULTS,Static UAV,4,6,0.0
SYNTHETIC_LITERATURE_INFORMED_NOT_NS3_RESULTS,Static UAV,4,8,0.0
SYNTHETIC_LITERATURE_INFORMED_NOT_NS3_RESULTS,Static UAV,4,10,0.0
SYNTHETIC_LITERATURE_INFORMED_NOT_NS3_RESULTS,Static UAV,4,12,0.0
SYNTHETIC_LITERATURE_INFORMED_NOT_NS3_RESULTS,Static UAV,4,14,0.0
SYNTHETIC_LITERATURE_INFORMED_NOT_NS3_RESULTS,Static UAV,4,16,0.0
SYNTHETIC_LITERATURE_INFORMED_NOT_NS3_RESULTS,Static UAV,4,18,0.11588298233304067
SYNTHETIC_LITERATURE_INFORMED_NOT_NS3_RESULTS,Static UAV,4,20,0.18948107153713645
SYNTHETIC_LITERATURE_INFORMED_NOT_NS3_RESULTS,Static UAV,4,22,0.24123753483840688
SYNTHETIC_LITERATURE_INFORMED_NOT_NS3_RESULTS,Static UAV,4,24,0.2989626471537263
SYNTHETIC_LITERATURE_INFORMED_NOT_NS3_RESULTS,Static UAV,4,26,0.31751638366059504
SYNTHETIC_LITERATURE_INFORMED_NOT_NS3_RESULTS,Static UAV,4,28,0.32223202313644306
SYNTHETIC_LITERATURE_INFORMED_NOT_NS3_RESULTS,Static UAV,4,30,0.32850005280063643
SYNTHETIC_LITERATURE_INFORMED_NOT_NS3_RESULTS,Static UAV,4,32,0.32067740709518244
SYNTHETIC_LITERATURE_INFORMED_NOT_NS3_RESULTS,Static UAV,4,34,0.32270086459937525
SYNTHETIC_LITERATURE_INFORMED_NOT_NS3_RESULTS,Static UAV,4,36,0.32083170569277936
SYNTHETIC_LITERATURE_INFORMED_NOT_NS3_RESULTS,Static UAV,4,38,0.32679768434604367
SYNTHETIC_LITERATURE_INFORMED_NOT_NS3_RESULTS,Static UAV,4,40,0.332268954632531
SYNTHETIC_LITERATURE_INFORMED_NOT_NS3_RESULTS,Static UAV,4,42,0.33235006279231594
SYNTHETIC_LITERATURE_INFORMED_NOT_NS3_RESULTS,Static UAV,4,44,0.3329921081246194
SYNTHETIC_LITERATURE_INFORMED_NOT_NS3_RESULTS,Static UAV,4,46,0.3337885793987065
SYNTHETIC_LITERATURE_INFORMED_NOT_NS3_RESULTS,Static UAV,4,48,0.3430831800914576
SYNTHETIC_LITERATURE_INFORMED_NOT_NS3_RESULTS,Static UAV,4,50,0.3448237002469716
SYNTHETIC_LITERATURE_INFORMED_NOT_NS3_RESULTS,Static UAV,4,52,0.34610970838176996
SYNTHETIC_LITERATURE_INFORMED_NOT_NS3_RESULTS,Static UAV,4,54,0.33447503760657266
SYNTHETIC_LITERATURE_INFORMED_NOT_NS3_RESULTS,Static UAV,4,56,0.3312009411910629
SYNTHETIC_LITERATURE_INFORMED_NOT_NS3_RESULTS,Static UAV,4,58,0.34055915210167803
SYNTHETIC_LITERATURE_INFORMED_NOT_NS3_RESULTS,Static UAV,4,60,0.32605901419787503
SYNTHETIC_LITERATURE_INFORMED_NOT_NS3_RESULTS,Static UAV,4,62,0.32503249357407693
SYNTHETIC_LITERATURE_INFORMED_NOT_NS3_RESULTS,Static UAV,4,64,0.3225132580484914
SYNTHETIC_LITERATURE_INFORMED_NOT_NS3_RESULTS,Static UAV,4,66,0.3229329318207091
SYNTHETIC_LITERATURE_INFORMED_NOT_NS3_RESULTS,Static UAV,4,68,0.3240153883471708
SYNTHETIC_LITERATURE_INFORMED_NOT_NS3_RESULTS,Static UAV,4,70,0.3323171613760317
SYNTHETIC_LITERATURE_INFORMED_NOT_NS3_RESULTS,Static UAV,4,72,0.3268038614420466
SYNTHETIC_LITERATURE_INFORMED_NOT_NS3_RESULTS,Static UAV,4,74,0.33448103906023124
SYNTHETIC_LITERATURE_INFORMED_NOT_NS3_RESULTS,Static UAV,4,76,0.336587001807151
SYNTHETIC_LITERATURE_INFORMED_NOT_NS3_RESULTS,Static UAV,4,78,0.3359280068982933
SYNTHETIC_LITERATURE_INFORMED_NOT_NS3_RESULTS,Static UAV,4,80,0.3398258165410213
SYNTHETIC_LITERATURE_INFORMED_NOT_NS3_RESULTS,Static UAV,4,82,0.33910062057990503
SYNTHETIC_LITERATURE_INFORMED_NOT_NS3_RESULTS,Static UAV,4,84,0.34114839886250886
SYNTHETIC_LITERATURE_INFORMED_NOT_NS3_RESULTS,Static UAV,4,86,0.33870775395628155
SYNTHETIC_LITERATURE_INFORMED_NOT_NS3_RESULTS,Static UAV,4,88,0.3335764811220696
SYNTHETIC_LITERATURE_INFORMED_NOT_NS3_RESULTS,Static UAV,4,90,0.34465472696350047
SYNTHETIC_LITERATURE_INFORMED_NOT_NS3_RESULTS,Static UAV,5,0,0.0
SYNTHETIC_LITERATURE_INFORMED_NOT_NS3_RESULTS,Static UAV,5,2,0.0
SYNTHETIC_LITERATURE_INFORMED_NOT_NS3_RESULTS,Static UAV,5,4,0.0
SYNTHETIC_LITERATURE_INFORMED_NOT_NS3_RESULTS,Static UAV,5,6,0.0
SYNTHETIC_LITERATURE_INFORMED_NOT_NS3_RESULTS,Static UAV,5,8,0.0
SYNTHETIC_LITERATURE_INFORMED_NOT_NS3_RESULTS,Static UAV,5,10,0.0
SYNTHETIC_LITERATURE_INFORMED_NOT_NS3_RESULTS,Static UAV,5,12,0.0
SYNTHETIC_LITERATURE_INFORMED_NOT_NS3_RESULTS,Static UAV,5,14,0.0
SYNTHETIC_LITERATURE_INFORMED_NOT_NS3_RESULTS,Static UAV,5,16,0.0
SYNTHETIC_LITERATURE_INFORMED_NOT_NS3_RESULTS,Static UAV,5,18,0.057724632780334385
SYNTHETIC_LITERATURE_INFORMED_NOT_NS3_RESULTS,Static UAV,5,20,0.11596164265933379
SYNTHETIC_LITERATURE_INFORMED_NOT_NS3_RESULTS,Static UAV,5,22,0.17264795632980928
SYNTHETIC_LITERATURE_INFORMED_NOT_NS3_RESULTS,Static UAV,5,24,0.23579021169107187
SYNTHETIC_LITERATURE_INFORMED_NOT_NS3_RESULTS,Static UAV,5,26,0.26315646011055865
SYNTHETIC_LITERATURE_INFORMED_NOT_NS3_RESULTS,Static UAV,5,28,0.27744346044722756
SYNTHETIC_LITERATURE_INFORMED_NOT_NS3_RESULTS,Static UAV,5,30,0.28032288641226627
SYNTHETIC_LITERATURE_INFORMED_NOT_NS3_RESULTS,Static UAV,5,32,0.2888972767267809
SYNTHETIC_LITERATURE_INFORMED_NOT_NS3_RESULTS,Static UAV,5,34,0.2905741116253132
SYNTHETIC_LITERATURE_INFORMED_NOT_NS3_RESULTS,Static UAV,5,36,0.29458977562102934
SYNTHETIC_LITERATURE_INFORMED_NOT_NS3_RESULTS,Static UAV,5,38,0.30516236660122525
SYNTHETIC_LITERATURE_INFORMED_NOT_NS3_RESULTS,Static UAV,5,40,0.3010566127667894
SYNTHETIC_LITERATURE_INFORMED_NOT_NS3_RESULTS,Static UAV,5,42,0.29885226003683
SYNTHETIC_LITERATURE_INFORMED_NOT_NS3_RESULTS,Static UAV,5,44,0.3006224883446918
SYNTHETIC_LITERATURE_INFORMED_NOT_NS3_RESULTS,Static UAV,5,46,0.305434254634261
SYNTHETIC_LITERATURE_INFORMED_NOT_NS3_RESULTS,Static UAV,5,48,0.3068890494179171
SYNTHETIC_LITERATURE_INFORMED_NOT_NS3_RESULTS,Static UAV,5,50,0.30162786090959476
SYNTHETIC_LITERATURE_INFORMED_NOT_NS3_RESULTS,Static UAV,5,52,0.29573566602101903
SYNTHETIC_LITERATURE_INFORMED_NOT_NS3_RESULTS,Static UAV,5,54,0.2976142795654781
SYNTHETIC_LITERATURE_INFORMED_NOT_NS3_RESULTS,Static UAV,5,56,0.2936263029929182
SYNTHETIC_LITERATURE_INFORMED_NOT_NS3_RESULTS,Static UAV,5,58,0.291719541865654
SYNTHETIC_LITERATURE_INFORMED_NOT_NS3_RESULTS,Static UAV,5,60,0.2833859694603026
SYNTHETIC_LITERATURE_INFORMED_NOT_NS3_RESULTS,Static UAV,5,62,0.2852705657182206
SYNTHETIC_LITERATURE_INFORMED_NOT_NS3_RESULTS,Static UAV,5,64,0.2906250737611832
SYNTHETIC_LITERATURE_INFORMED_NOT_NS3_RESULTS,Static UAV,5,66,0.28883601942556647
SYNTHETIC_LITERATURE_INFORMED_NOT_NS3_RESULTS,Static UAV,5,68,0.2897900266847452
SYNTHETIC_LITERATURE_INFORMED_NOT_NS3_RESULTS,Static UAV,5,70,0.29960884460226367
SYNTHETIC_LITERATURE_INFORMED_NOT_NS3_RESULTS,Static UAV,5,72,0.3051915742379188
SYNTHETIC_LITERATURE_INFORMED_NOT_NS3_RESULTS,Static UAV,5,74,0.30501508402291716
SYNTHETIC_LITERATURE_INFORMED_NOT_NS3_RESULTS,Static UAV,5,76,0.30725908180480094
SYNTHETIC_LITERATURE_INFORMED_NOT_NS3_RESULTS,Static UAV,5,78,0.30123724388998313
SYNTHETIC_LITERATURE_INFORMED_NOT_NS3_RESULTS,Static UAV,5,80,0.30050124676751316
SYNTHETIC_LITERATURE_INFORMED_NOT_NS3_RESULTS,Static UAV,5,82,0.2953679018591387
SYNTHETIC_LITERATURE_INFORMED_NOT_NS3_RESULTS,Static UAV,5,84,0.30235193255244985
SYNTHETIC_LITERATURE_INFORMED_NOT_NS3_RESULTS,Static UAV,5,86,0.28898313093964395
SYNTHETIC_LITERATURE_INFORMED_NOT_NS3_RESULTS,Static UAV,5,88,0.2842306166968491
SYNTHETIC_LITERATURE_INFORMED_NOT_NS3_RESULTS,Static UAV,5,90,0.2875528595890087
SYNTHETIC_LITERATURE_INFORMED_NOT_NS3_RESULTS,Static UAV,6,0,0.0
SYNTHETIC_LITERATURE_INFORMED_NOT_NS3_RESULTS,Static UAV,6,2,0.0
SYNTHETIC_LITERATURE_INFORMED_NOT_NS3_RESULTS,Static UAV,6,4,0.0
SYNTHETIC_LITERATURE_INFORMED_NOT_NS3_RESULTS,Static UAV,6,6,0.0
SYNTHETIC_LITERATURE_INFORMED_NOT_NS3_RESULTS,Static UAV,6,8,0.0
SYNTHETIC_LITERATURE_INFORMED_NOT_NS3_RESULTS,Static UAV,6,10,0.0
SYNTHETIC_LITERATURE_INFORMED_NOT_NS3_RESULTS,Static UAV,6,12,0.0
SYNTHETIC_LITERATURE_INFORMED_NOT_NS3_RESULTS,Static UAV,6,14,0.0
SYNTHETIC_LITERATURE_INFORMED_NOT_NS3_RESULTS,Static UAV,6,16,0.0
SYNTHETIC_LITERATURE_INFORMED_NOT_NS3_RESULTS,Static UAV,6,18,0.11684568889938143
SYNTHETIC_LITERATURE_INFORMED_NOT_NS3_RESULTS,Static UAV,6,20,0.1821677622403888
SYNTHETIC_LITERATURE_INFORMED_NOT_NS3_RESULTS,Static UAV,6,22,0.24362879492142764
SYNTHETIC_LITERATURE_INFORMED_NOT_NS3_RESULTS,Static UAV,6,24,0.2881055111709269
SYNTHETIC_LITERATURE_INFORMED_NOT_NS3_RESULTS,Static UAV,6,26,0.31716720820332556
SYNTHETIC_LITERATURE_INFORMED_NOT_NS3_RESULTS,Static UAV,6,28,0.3250262689510667
SYNTHETIC_LITERATURE_INFORMED_NOT_NS3_RESULTS,Static UAV,6,30,0.3313645251911536
SYNTHETIC_LITERATURE_INFORMED_NOT_NS3_RESULTS,Static UAV,6,32,0.3413768518638056
SYNTHETIC_LITERATURE_INFORMED_NOT_NS3_RESULTS,Static UAV,6,34,0.34926053541004126
SYNTHETIC_LITERATURE_INFORMED_NOT_NS3_RESULTS,Static UAV,6,36,0.35147267586754355
SYNTHETIC_LITERATURE_INFORMED_NOT_NS3_RESULTS,Static UAV,6,38,0.3548430620065796
SYNTHETIC_LITERATURE_INFORMED_NOT_NS3_RESULTS,Static UAV,6,40,0.34706673431965307
SYNTHETIC_LITERATURE_INFORMED_NOT_NS3_RESULTS,Static UAV,6,42,0.3561005294446808
SYNTHETIC_LITERATURE_INFORMED_NOT_NS3_RESULTS,Static UAV,6,44,0.3479771575802616
SYNTHETIC_LITERATURE_INFORMED_NOT_NS3_RESULTS,Static UAV,6,46,0.3437847533374467
SYNTHETIC_LITERATURE_INFORMED_NOT_NS3_RESULTS,Static UAV,6,48,0.33813128635078077
SYNTHETIC_LITERATURE_INFORMED_NOT_NS3_RESULTS,Static UAV,6,50,0.3387096347600929
SYNTHETIC_LITERATURE_INFORMED_NOT_NS3_RESULTS,Static UAV,6,52,0.3212148904485356
SYNTHETIC_LITERATURE_INFORMED_NOT_NS3_RESULTS,Static UAV,6,54,0.3235983789608786
SYNTHETIC_LITERATURE_INFORMED_NOT_NS3_RESULTS,Static UAV,6,56,0.33458032666671234
SYNTHETIC_LITERATURE_INFORMED_NOT_NS3_RESULTS,Static UAV,6,58,0.326349870897726
SYNTHETIC_LITERATURE_INFORMED_NOT_NS3_RESULTS,Static UAV,6,60,0.3276646348154854
SYNTHETIC_LITERATURE_INFORMED_NOT_NS3_RESULTS,Static UAV,6,62,0.3330142817725494
SYNTHETIC_LITERATURE_INFORMED_NOT_NS3_RESULTS,Static UAV,6,64,0.3333194893293203
SYNTHETIC_LITERATURE_INFORMED_NOT_NS3_RESULTS,Static UAV,6,66,0.3401001816292031
SYNTHETIC_LITERATURE_INFORMED_NOT_NS3_RESULTS,Static UAV,6,68,0.33979740646026946
SYNTHETIC_LITERATURE_INFORMED_NOT_NS3_RESULTS,Static UAV,6,70,0.34038049196679443
SYNTHETIC_LITERATURE_INFORMED_NOT_NS3_RESULTS,Static UAV,6,72,0.34945503277485757
SYNTHETIC_LITERATURE_INFORMED_NOT_NS3_RESULTS,Static UAV,6,74,0.35243576195280785
SYNTHETIC_LITERATURE_INFORMED_NOT_NS3_RESULTS,Static UAV,6,76,0.3407837556819727
SYNTHETIC_LITERATURE_INFORMED_NOT_NS3_RESULTS,Static UAV,6,78,0.3432715098586795
SYNTHETIC_LITERATURE_INFORMED_NOT_NS3_RESULTS,Static UAV,6,80,0.33400677623097896
SYNTHETIC_LITERATURE_INFORMED_NOT_NS3_RESULTS,Static UAV,6,82,0.3333780536412679
SYNTHETIC_LITERATURE_INFORMED_NOT_NS3_RESULTS,Static UAV,6,84,0.32604626318179547
SYNTHETIC_LITERATURE_INFORMED_NOT_NS3_RESULTS,Static UAV,6,86,0.33282527176288057
SYNTHETIC_LITERATURE_INFORMED_NOT_NS3_RESULTS,Static UAV,6,88,0.33334875969849226
SYNTHETIC_LITERATURE_INFORMED_NOT_NS3_RESULTS,Static UAV,6,90,0.3336521803106429
SYNTHETIC_LITERATURE_INFORMED_NOT_NS3_RESULTS,Static UAV,7,0,0.0
SYNTHETIC_LITERATURE_INFORMED_NOT_NS3_RESULTS,Static UAV,7,2,0.0
SYNTHETIC_LITERATURE_INFORMED_NOT_NS3_RESULTS,Static UAV,7,4,0.0
SYNTHETIC_LITERATURE_INFORMED_NOT_NS3_RESULTS,Static UAV,7,6,0.0
SYNTHETIC_LITERATURE_INFORMED_NOT_NS3_RESULTS,Static UAV,7,8,0.0
SYNTHETIC_LITERATURE_INFORMED_NOT_NS3_RESULTS,Static UAV,7,10,0.0
SYNTHETIC_LITERATURE_INFORMED_NOT_NS3_RESULTS,Static UAV,7,12,0.0
SYNTHETIC_LITERATURE_INFORMED_NOT_NS3_RESULTS,Static UAV,7,14,0.0
SYNTHETIC_LITERATURE_INFORMED_NOT_NS3_RESULTS,Static UAV,7,16,0.0
SYNTHETIC_LITERATURE_INFORMED_NOT_NS3_RESULTS,Static UAV,7,18,0.04488509773287482
SYNTHETIC_LITERATURE_INFORMED_NOT_NS3_RESULTS,Static UAV,7,20,0.11379667428068488
SYNTHETIC_LITERATURE_INFORMED_NOT_NS3_RESULTS,Static UAV,7,22,0.17633505771637983
SYNTHETIC_LITERATURE_INFORMED_NOT_NS3_RESULTS,Static UAV,7,24,0.237184712520399
SYNTHETIC_LITERATURE_INFORMED_NOT_NS3_RESULTS,Static UAV,7,26,0.26333057565593576
SYNTHETIC_LITERATURE_INFORMED_NOT_NS3_RESULTS,Static UAV,7,28,0.2818210282139277
SYNTHETIC_LITERATURE_INFORMED_NOT_NS3_RESULTS,Static UAV,7,30,0.28289943323103445
SYNTHETIC_LITERATURE_INFORMED_NOT_NS3_RESULTS,Static UAV,7,32,0.2897006574256481
SYNTHETIC_LITERATURE_INFORMED_NOT_NS3_RESULTS,Static UAV,7,34,0.2966187302243861
SYNTHETIC_LITERATURE_INFORMED_NOT_NS3_RESULTS,Static UAV,7,36,0.29541380133360107
SYNTHETIC_LITERATURE_INFORMED_NOT_NS3_RESULTS,Static UAV,7,38,0.29938124855382725
SYNTHETIC_LITERATURE_INFORMED_NOT_NS3_RESULTS,Static UAV,7,40,0.2931574617264203
SYNTHETIC_LITERATURE_INFORMED_NOT_NS3_RESULTS,Static UAV,7,42,0.2868521872038349
SYNTHETIC_LITERATURE_INFORMED_NOT_NS3_RESULTS,Static UAV,7,44,0.28222255188486517
SYNTHETIC_LITERATURE_INFORMED_NOT_NS3_RESULTS,Static UAV,7,46,0.2844413347826402
SYNTHETIC_LITERATURE_INFORMED_NOT_NS3_RESULTS,Static UAV,7,48,0.28232709360472913
SYNTHETIC_LITERATURE_INFORMED_NOT_NS3_RESULTS,Static UAV,7,50,0.28324800030528413
SYNTHETIC_LITERATURE_INFORMED_NOT_NS3_RESULTS,Static UAV,7,52,0.2814741174626568
SYNTHETIC_LITERATURE_INFORMED_NOT_NS3_RESULTS,Static UAV,7,54,0.27855611255250107
SYNTHETIC_LITERATURE_INFORMED_NOT_NS3_RESULTS,Static UAV,7,56,0.27953327623849367
SYNTHETIC_LITERATURE_INFORMED_NOT_NS3_RESULTS,Static UAV,7,58,0.2805121117607934
SYNTHETIC_LITERATURE_INFORMED_NOT_NS3_RESULTS,Static UAV,7,60,0.2832763788590566
SYNTHETIC_LITERATURE_INFORMED_NOT_NS3_RESULTS,Static UAV,7,62,0.2980818106311961
SYNTHETIC_LITERATURE_INFORMED_NOT_NS3_RESULTS,Static UAV,7,64,0.29391290500347755
SYNTHETIC_LITERATURE_INFORMED_NOT_NS3_RESULTS,Static UAV,7,66,0.29585084989057114
SYNTHETIC_LITERATURE_INFORMED_NOT_NS3_RESULTS,Static UAV,7,68,0.29741683759191717
SYNTHETIC_LITERATURE_INFORMED_NOT_NS3_RESULTS,Static UAV,7,70,0.2899547555874478
SYNTHETIC_LITERATURE_INFORMED_NOT_NS3_RESULTS,Static UAV,7,72,0.28214371576911207
SYNTHETIC_LITERATURE_INFORMED_NOT_NS3_RESULTS,Static UAV,7,74,0.2901615610500862
SYNTHETIC_LITERATURE_INFORMED_NOT_NS3_RESULTS,Static UAV,7,76,0.286549857835925
SYNTHETIC_LITERATURE_INFORMED_NOT_NS3_RESULTS,Static UAV,7,78,0.2827515717241935
SYNTHETIC_LITERATURE_INFORMED_NOT_NS3_RESULTS,Static UAV,7,80,0.2769372973887
SYNTHETIC_LITERATURE_INFORMED_NOT_NS3_RESULTS,Static UAV,7,82,0.26498026480011183
SYNTHETIC_LITERATURE_INFORMED_NOT_NS3_RESULTS,Static UAV,7,84,0.28804038981382313
SYNTHETIC_LITERATURE_INFORMED_NOT_NS3_RESULTS,Static UAV,7,86,0.2862284218953726
SYNTHETIC_LITERATURE_INFORMED_NOT_NS3_RESULTS,Static UAV,7,88,0.27945179977455364
SYNTHETIC_LITERATURE_INFORMED_NOT_NS3_RESULTS,Static UAV,7,90,0.28391218930918366
SYNTHETIC_LITERATURE_INFORMED_NOT_NS3_RESULTS,Static UAV,8,0,0.0
SYNTHETIC_LITERATURE_INFORMED_NOT_NS3_RESULTS,Static UAV,8,2,0.0
SYNTHETIC_LITERATURE_INFORMED_NOT_NS3_RESULTS,Static UAV,8,4,0.0
SYNTHETIC_LITERATURE_INFORMED_NOT_NS3_RESULTS,Static UAV,8,6,0.0
SYNTHETIC_LITERATURE_INFORMED_NOT_NS3_RESULTS,Static UAV,8,8,0.0
SYNTHETIC_LITERATURE_INFORMED_NOT_NS3_RESULTS,Static UAV,8,10,0.0
SYNTHETIC_LITERATURE_INFORMED_NOT_NS3_RESULTS,Static UAV,8,12,0.0
SYNTHETIC_LITERATURE_INFORMED_NOT_NS3_RESULTS,Static UAV,8,14,0.0
SYNTHETIC_LITERATURE_INFORMED_NOT_NS3_RESULTS,Static UAV,8,16,0.0
SYNTHETIC_LITERATURE_INFORMED_NOT_NS3_RESULTS,Static UAV,8,18,0.12014656635042663
SYNTHETIC_LITERATURE_INFORMED_NOT_NS3_RESULTS,Static UAV,8,20,0.18230890530400123
SYNTHETIC_LITERATURE_INFORMED_NOT_NS3_RESULTS,Static UAV,8,22,0.2522741765205265
SYNTHETIC_LITERATURE_INFORMED_NOT_NS3_RESULTS,Static UAV,8,24,0.29096063846334774
SYNTHETIC_LITERATURE_INFORMED_NOT_NS3_RESULTS,Static UAV,8,26,0.3099577269422742
SYNTHETIC_LITERATURE_INFORMED_NOT_NS3_RESULTS,Static UAV,8,28,0.31445052009145574
SYNTHETIC_LITERATURE_INFORMED_NOT_NS3_RESULTS,Static UAV,8,30,0.3266045434442034
SYNTHETIC_LITERATURE_INFORMED_NOT_NS3_RESULTS,Static UAV,8,32,0.32349984414661603
SYNTHETIC_LITERATURE_INFORMED_NOT_NS3_RESULTS,Static UAV,8,34,0.32299818131568253
SYNTHETIC_LITERATURE_INFORMED_NOT_NS3_RESULTS,Static UAV,8,36,0.31817975521328096
SYNTHETIC_LITERATURE_INFORMED_NOT_NS3_RESULTS,Static UAV,8,38,0.3188514473776892
SYNTHETIC_LITERATURE_INFORMED_NOT_NS3_RESULTS,Static UAV,8,40,0.31919017794410515
SYNTHETIC_LITERATURE_INFORMED_NOT_NS3_RESULTS,Static UAV,8,42,0.3087358856380102
SYNTHETIC_LITERATURE_INFORMED_NOT_NS3_RESULTS,Static UAV,8,44,0.30211731515783746
SYNTHETIC_LITERATURE_INFORMED_NOT_NS3_RESULTS,Static UAV,8,46,0.30643273770513463
SYNTHETIC_LITERATURE_INFORMED_NOT_NS3_RESULTS,Static UAV,8,48,0.3091901224673417
SYNTHETIC_LITERATURE_INFORMED_NOT_NS3_RESULTS,Static UAV,8,50,0.3136927859307671
SYNTHETIC_LITERATURE_INFORMED_NOT_NS3_RESULTS,Static UAV,8,52,0.31014332876280526
SYNTHETIC_LITERATURE_INFORMED_NOT_NS3_RESULTS,Static UAV,8,54,0.30866933333730373
SYNTHETIC_LITERATURE_INFORMED_NOT_NS3_RESULTS,Static UAV,8,56,0.31021033294627653
SYNTHETIC_LITERATURE_INFORMED_NOT_NS3_RESULTS,Static UAV,8,58,0.3195365164597127
SYNTHETIC_LITERATURE_INFORMED_NOT_NS3_RESULTS,Static UAV,8,60,0.3160898025738961
SYNTHETIC_LITERATURE_INFORMED_NOT_NS3_RESULTS,Static UAV,8,62,0.32191882848781594
SYNTHETIC_LITERATURE_INFORMED_NOT_NS3_RESULTS,Static UAV,8,64,0.31974414207970864
SYNTHETIC_LITERATURE_INFORMED_NOT_NS3_RESULTS,Static UAV,8,66,0.31205279442967593
SYNTHETIC_LITERATURE_INFORMED_NOT_NS3_RESULTS,Static UAV,8,68,0.315904909312202
SYNTHETIC_LITERATURE_INFORMED_NOT_NS3_RESULTS,Static UAV,8,70,0.31339497899719093
SYNTHETIC_LITERATURE_INFORMED_NOT_NS3_RESULTS,Static UAV,8,72,0.31334337772828114
SYNTHETIC_LITERATURE_INFORMED_NOT_NS3_RESULTS,Static UAV,8,74,0.3028380334336646
SYNTHETIC_LITERATURE_INFORMED_NOT_NS3_RESULTS,Static UAV,8,76,0.303583636700508
SYNTHETIC_LITERATURE_INFORMED_NOT_NS3_RESULTS,Static UAV,8,78,0.30528226948222403
SYNTHETIC_LITERATURE_INFORMED_NOT_NS3_RESULTS,Static UAV,8,80,0.30467597762764353
SYNTHETIC_LITERATURE_INFORMED_NOT_NS3_RESULTS,Static UAV,8,82,0.3068518312667931
SYNTHETIC_LITERATURE_INFORMED_NOT_NS3_RESULTS,Static UAV,8,84,0.30185912532355563
SYNTHETIC_LITERATURE_INFORMED_NOT_NS3_RESULTS,Static UAV,8,86,0.3141410680827823
SYNTHETIC_LITERATURE_INFORMED_NOT_NS3_RESULTS,Static UAV,8,88,0.320142418735138
SYNTHETIC_LITERATURE_INFORMED_NOT_NS3_RESULTS,Static UAV,8,90,0.3217857281167655
SYNTHETIC_LITERATURE_INFORMED_NOT_NS3_RESULTS,Static UAV,9,0,0.0
SYNTHETIC_LITERATURE_INFORMED_NOT_NS3_RESULTS,Static UAV,9,2,0.0
SYNTHETIC_LITERATURE_INFORMED_NOT_NS3_RESULTS,Static UAV,9,4,0.0
SYNTHETIC_LITERATURE_INFORMED_NOT_NS3_RESULTS,Static UAV,9,6,0.0
SYNTHETIC_LITERATURE_INFORMED_NOT_NS3_RESULTS,Static UAV,9,8,0.0
SYNTHETIC_LITERATURE_INFORMED_NOT_NS3_RESULTS,Static UAV,9,10,0.0
SYNTHETIC_LITERATURE_INFORMED_NOT_NS3_RESULTS,Static UAV,9,12,0.0
SYNTHETIC_LITERATURE_INFORMED_NOT_NS3_RESULTS,Static UAV,9,14,0.0
SYNTHETIC_LITERATURE_INFORMED_NOT_NS3_RESULTS,Static UAV,9,16,0.0
SYNTHETIC_LITERATURE_INFORMED_NOT_NS3_RESULTS,Static UAV,9,18,0.09200701695640152
SYNTHETIC_LITERATURE_INFORMED_NOT_NS3_RESULTS,Static UAV,9,20,0.1571276288080408
SYNTHETIC_LITERATURE_INFORMED_NOT_NS3_RESULTS,Static UAV,9,22,0.23252453265236855
SYNTHETIC_LITERATURE_INFORMED_NOT_NS3_RESULTS,Static UAV,9,24,0.2754527463059543
SYNTHETIC_LITERATURE_INFORMED_NOT_NS3_RESULTS,Static UAV,9,26,0.28803996152395706
SYNTHETIC_LITERATURE_INFORMED_NOT_NS3_RESULTS,Static UAV,9,28,0.302130178706693
SYNTHETIC_LITERATURE_INFORMED_NOT_NS3_RESULTS,Static UAV,9,30,0.3071009744402627
SYNTHETIC_LITERATURE_INFORMED_NOT_NS3_RESULTS,Static UAV,9,32,0.30284880116593815
SYNTHETIC_LITERATURE_INFORMED_NOT_NS3_RESULTS,Static UAV,9,34,0.30797261867637016
SYNTHETIC_LITERATURE_INFORMED_NOT_NS3_RESULTS,Static UAV,9,36,0.29262141275991543
SYNTHETIC_LITERATURE_INFORMED_NOT_NS3_RESULTS,Static UAV,9,38,0.29919842657803275
SYNTHETIC_LITERATURE_INFORMED_NOT_NS3_RESULTS,Static UAV,9,40,0.2916189091500882
SYNTHETIC_LITERATURE_INFORMED_NOT_NS3_RESULTS,Static UAV,9,42,0.29819186467752956
SYNTHETIC_LITERATURE_INFORMED_NOT_NS3_RESULTS,Static UAV,9,44,0.29779235282261224
SYNTHETIC_LITERATURE_INFORMED_NOT_NS3_RESULTS,Static UAV,9,46,0.2912501306583757
SYNTHETIC_LITERATURE_INFORMED_NOT_NS3_RESULTS,Static UAV,9,48,0.2983696640129949
SYNTHETIC_LITERATURE_INFORMED_NOT_NS3_RESULTS,Static UAV,9,50,0.29999816361232556
SYNTHETIC_LITERATURE_INFORMED_NOT_NS3_RESULTS,Static UAV,9,52,0.30880253829058313
SYNTHETIC_LITERATURE_INFORMED_NOT_NS3_RESULTS,Static UAV,9,54,0.3107404442954629
SYNTHETIC_LITERATURE_INFORMED_NOT_NS3_RESULTS,Static UAV,9,56,0.3131756237769713
SYNTHETIC_LITERATURE_INFORMED_NOT_NS3_RESULTS,Static UAV,9,58,0.30800164997193397
SYNTHETIC_LITERATURE_INFORMED_NOT_NS3_RESULTS,Static UAV,9,60,0.30462275905967084
SYNTHETIC_LITERATURE_INFORMED_NOT_NS3_RESULTS,Static UAV,9,62,0.30405494491009494
SYNTHETIC_LITERATURE_INFORMED_NOT_NS3_RESULTS,Static UAV,9,64,0.30288878889499565
SYNTHETIC_LITERATURE_INFORMED_NOT_NS3_RESULTS,Static UAV,9,66,0.2957598636195104
SYNTHETIC_LITERATURE_INFORMED_NOT_NS3_RESULTS,Static UAV,9,68,0.297611989762808
SYNTHETIC_LITERATURE_INFORMED_NOT_NS3_RESULTS,Static UAV,9,70,0.2948613443716198
SYNTHETIC_LITERATURE_INFORMED_NOT_NS3_RESULTS,Static UAV,9,72,0.30121737720243824
SYNTHETIC_LITERATURE_INFORMED_NOT_NS3_RESULTS,Static UAV,9,74,0.2973838084722097
SYNTHETIC_LITERATURE_INFORMED_NOT_NS3_RESULTS,Static UAV,9,76,0.29235881143883924
SYNTHETIC_LITERATURE_INFORMED_NOT_NS3_RESULTS,Static UAV,9,78,0.2992705782596705
SYNTHETIC_LITERATURE_INFORMED_NOT_NS3_RESULTS,Static UAV,9,80,0.29977764941600765
SYNTHETIC_LITERATURE_INFORMED_NOT_NS3_RESULTS,Static UAV,9,82,0.30062991075792533
SYNTHETIC_LITERATURE_INFORMED_NOT_NS3_RESULTS,Static UAV,9,84,0.30736518705359983
SYNTHETIC_LITERATURE_INFORMED_NOT_NS3_RESULTS,Static UAV,9,86,0.30923997303047174
SYNTHETIC_LITERATURE_INFORMED_NOT_NS3_RESULTS,Static UAV,9,88,0.3083803470731657
SYNTHETIC_LITERATURE_INFORMED_NOT_NS3_RESULTS,Static UAV,9,90,0.30721858403315133
SYNTHETIC_LITERATURE_INFORMED_NOT_NS3_RESULTS,Static UAV,10,0,0.0
SYNTHETIC_LITERATURE_INFORMED_NOT_NS3_RESULTS,Static UAV,10,2,0.0
SYNTHETIC_LITERATURE_INFORMED_NOT_NS3_RESULTS,Static UAV,10,4,0.0
SYNTHETIC_LITERATURE_INFORMED_NOT_NS3_RESULTS,Static UAV,10,6,0.0
SYNTHETIC_LITERATURE_INFORMED_NOT_NS3_RESULTS,Static UAV,10,8,0.0
SYNTHETIC_LITERATURE_INFORMED_NOT_NS3_RESULTS,Static UAV,10,10,0.0
SYNTHETIC_LITERATURE_INFORMED_NOT_NS3_RESULTS,Static UAV,10,12,0.0
SYNTHETIC_LITERATURE_INFORMED_NOT_NS3_RESULTS,Static UAV,10,14,0.0
SYNTHETIC_LITERATURE_INFORMED_NOT_NS3_RESULTS,Static UAV,10,16,0.0
SYNTHETIC_LITERATURE_INFORMED_NOT_NS3_RESULTS,Static UAV,10,18,0.14098946319668573
SYNTHETIC_LITERATURE_INFORMED_NOT_NS3_RESULTS,Static UAV,10,20,0.21641347373664235
SYNTHETIC_LITERATURE_INFORMED_NOT_NS3_RESULTS,Static UAV,10,22,0.26770439362698667
SYNTHETIC_LITERATURE_INFORMED_NOT_NS3_RESULTS,Static UAV,10,24,0.29997331407216143
SYNTHETIC_LITERATURE_INFORMED_NOT_NS3_RESULTS,Static UAV,10,26,0.3058889420642429
SYNTHETIC_LITERATURE_INFORMED_NOT_NS3_RESULTS,Static UAV,10,28,0.3090018628615234
SYNTHETIC_LITERATURE_INFORMED_NOT_NS3_RESULTS,Static UAV,10,30,0.30986894386970293
SYNTHETIC_LITERATURE_INFORMED_NOT_NS3_RESULTS,Static UAV,10,32,0.3063339107448198
SYNTHETIC_LITERATURE_INFORMED_NOT_NS3_RESULTS,Static UAV,10,34,0.30160671264730415
SYNTHETIC_LITERATURE_INFORMED_NOT_NS3_RESULTS,Static UAV,10,36,0.3089592107109649
SYNTHETIC_LITERATURE_INFORMED_NOT_NS3_RESULTS,Static UAV,10,38,0.30597214241217724
SYNTHETIC_LITERATURE_INFORMED_NOT_NS3_RESULTS,Static UAV,10,40,0.3104514480665208
SYNTHETIC_LITERATURE_INFORMED_NOT_NS3_RESULTS,Static UAV,10,42,0.30875656023586656
SYNTHETIC_LITERATURE_INFORMED_NOT_NS3_RESULTS,Static UAV,10,44,0.31383970461763894
SYNTHETIC_LITERATURE_INFORMED_NOT_NS3_RESULTS,Static UAV,10,46,0.3137489760293646
SYNTHETIC_LITERATURE_INFORMED_NOT_NS3_RESULTS,Static UAV,10,48,0.3239170206752944
SYNTHETIC_LITERATURE_INFORMED_NOT_NS3_RESULTS,Static UAV,10,50,0.31721768089544644
SYNTHETIC_LITERATURE_INFORMED_NOT_NS3_RESULTS,Static UAV,10,52,0.33035449003816153
SYNTHETIC_LITERATURE_INFORMED_NOT_NS3_RESULTS,Static UAV,10,54,0.32049670809636466
SYNTHETIC_LITERATURE_INFORMED_NOT_NS3_RESULTS,Static UAV,10,56,0.3200695509047528
SYNTHETIC_LITERATURE_INFORMED_NOT_NS3_RESULTS,Static UAV,10,58,0.3265871642204384
SYNTHETIC_LITERATURE_INFORMED_NOT_NS3_RESULTS,Static UAV,10,60,0.3181857673751703
SYNTHETIC_LITERATURE_INFORMED_NOT_NS3_RESULTS,Static UAV,10,62,0.31148426130988544
SYNTHETIC_LITERATURE_INFORMED_NOT_NS3_RESULTS,Static UAV,10,64,0.3059541816262407
SYNTHETIC_LITERATURE_INFORMED_NOT_NS3_RESULTS,Static UAV,10,66,0.3004108485503624
SYNTHETIC_LITERATURE_INFORMED_NOT_NS3_RESULTS,Static UAV,10,68,0.3087095014799422
SYNTHETIC_LITERATURE_INFORMED_NOT_NS3_RESULTS,Static UAV,10,70,0.31236880405302464
SYNTHETIC_LITERATURE_INFORMED_NOT_NS3_RESULTS,Static UAV,10,72,0.31493939438290736
SYNTHETIC_LITERATURE_INFORMED_NOT_NS3_RESULTS,Static UAV,10,74,0.3105733708926478
SYNTHETIC_LITERATURE_INFORMED_NOT_NS3_RESULTS,Static UAV,10,76,0.3197745356738467
SYNTHETIC_LITERATURE_INFORMED_NOT_NS3_RESULTS,Static UAV,10,78,0.3243273209441263
SYNTHETIC_LITERATURE_INFORMED_NOT_NS3_RESULTS,Static UAV,10,80,0.3242782255226369
SYNTHETIC_LITERATURE_INFORMED_NOT_NS3_RESULTS,Static UAV,10,82,0.3300874426763691
SYNTHETIC_LITERATURE_INFORMED_NOT_NS3_RESULTS,Static UAV,10,84,0.32197722534812684
SYNTHETIC_LITERATURE_INFORMED_NOT_NS3_RESULTS,Static UAV,10,86,0.33272647011098017
SYNTHETIC_LITERATURE_INFORMED_NOT_NS3_RESULTS,Static UAV,10,88,0.31830112836814467
SYNTHETIC_LITERATURE_INFORMED_NOT_NS3_RESULTS,Static UAV,10,90,0.3139341429445988
SYNTHETIC_LITERATURE_INFORMED_NOT_NS3_RESULTS,Oracle reactive,1,0,0.0
SYNTHETIC_LITERATURE_INFORMED_NOT_NS3_RESULTS,Oracle reactive,1,2,0.0
SYNTHETIC_LITERATURE_INFORMED_NOT_NS3_RESULTS,Oracle reactive,1,4,0.0
SYNTHETIC_LITERATURE_INFORMED_NOT_NS3_RESULTS,Oracle reactive,1,6,0.0
SYNTHETIC_LITERATURE_INFORMED_NOT_NS3_RESULTS,Oracle reactive,1,8,0.0
SYNTHETIC_LITERATURE_INFORMED_NOT_NS3_RESULTS,Oracle reactive,1,10,0.0
SYNTHETIC_LITERATURE_INFORMED_NOT_NS3_RESULTS,Oracle reactive,1,12,0.0
SYNTHETIC_LITERATURE_INFORMED_NOT_NS3_RESULTS,Oracle reactive,1,14,0.0
SYNTHETIC_LITERATURE_INFORMED_NOT_NS3_RESULTS,Oracle reactive,1,16,0.0
SYNTHETIC_LITERATURE_INFORMED_NOT_NS3_RESULTS,Oracle reactive,1,18,0.06102032161398426
SYNTHETIC_LITERATURE_INFORMED_NOT_NS3_RESULTS,Oracle reactive,1,20,0.11254873725380504
SYNTHETIC_LITERATURE_INFORMED_NOT_NS3_RESULTS,Oracle reactive,1,22,0.18097470691948633
SYNTHETIC_LITERATURE_INFORMED_NOT_NS3_RESULTS,Oracle reactive,1,24,0.23440518702816945
SYNTHETIC_LITERATURE_INFORMED_NOT_NS3_RESULTS,Oracle reactive,1,26,0.25863774587489446
SYNTHETIC_LITERATURE_INFORMED_NOT_NS3_RESULTS,Oracle reactive,1,28,0.2647340955926736
SYNTHETIC_LITERATURE_INFORMED_NOT_NS3_RESULTS,Oracle reactive,1,30,0.26975311751491277
SYNTHETIC_LITERATURE_INFORMED_NOT_NS3_RESULTS,Oracle reactive,1,32,0.2648893525833542
SYNTHETIC_LITERATURE_INFORMED_NOT_NS3_RESULTS,Oracle reactive,1,34,0.2385771777938953
SYNTHETIC_LITERATURE_INFORMED_NOT_NS3_RESULTS,Oracle reactive,1,36,0.22613341775311313
SYNTHETIC_LITERATURE_INFORMED_NOT_NS3_RESULTS,Oracle reactive,1,38,0.1972867046144014
SYNTHETIC_LITERATURE_INFORMED_NOT_NS3_RESULTS,Oracle reactive,1,40,0.18058973666212094
SYNTHETIC_LITERATURE_INFORMED_NOT_NS3_RESULTS,Oracle reactive,1,42,0.16059493699481456
SYNTHETIC_LITERATURE_INFORMED_NOT_NS3_RESULTS,Oracle reactive,1,44,0.1312945667171836
SYNTHETIC_LITERATURE_INFORMED_NOT_NS3_RESULTS,Oracle reactive,1,46,0.11107879094503795
SYNTHETIC_LITERATURE_INFORMED_NOT_NS3_RESULTS,Oracle reactive,1,48,0.10046973824726367
SYNTHETIC_LITERATURE_INFORMED_NOT_NS3_RESULTS,Oracle reactive,1,50,0.08944291484033629
SYNTHETIC_LITERATURE_INFORMED_NOT_NS3_RESULTS,Oracle reactive,1,52,0.08489348493151623
SYNTHETIC_LITERATURE_INFORMED_NOT_NS3_RESULTS,Oracle reactive,1,54,0.07363733272503144
SYNTHETIC_LITERATURE_INFORMED_NOT_NS3_RESULTS,Oracle reactive,1,56,0.07576974649799524
SYNTHETIC_LITERATURE_INFORMED_NOT_NS3_RESULTS,Oracle reactive,1,58,0.07411930483028825
SYNTHETIC_LITERATURE_INFORMED_NOT_NS3_RESULTS,Oracle reactive,1,60,0.0792664448410092
SYNTHETIC_LITERATURE_INFORMED_NOT_NS3_RESULTS,Oracle reactive,1,62,0.07451905492653518
SYNTHETIC_LITERATURE_INFORMED_NOT_NS3_RESULTS,Oracle reactive,1,64,0.07542738570880723
SYNTHETIC_LITERATURE_INFORMED_NOT_NS3_RESULTS,Oracle reactive,1,66,0.08032476351872858
SYNTHETIC_LITERATURE_INFORMED_NOT_NS3_RESULTS,Oracle reactive,1,68,0.08160119127385672
SYNTHETIC_LITERATURE_INFORMED_NOT_NS3_RESULTS,Oracle reactive,1,70,0.08315222659014808
SYNTHETIC_LITERATURE_INFORMED_NOT_NS3_RESULTS,Oracle reactive,1,72,0.0709255920228772
SYNTHETIC_LITERATURE_INFORMED_NOT_NS3_RESULTS,Oracle reactive,1,74,0.06615331129947204
SYNTHETIC_LITERATURE_INFORMED_NOT_NS3_RESULTS,Oracle reactive,1,76,0.0654267117088689
SYNTHETIC_LITERATURE_INFORMED_NOT_NS3_RESULTS,Oracle reactive,1,78,0.06778084938789855
SYNTHETIC_LITERATURE_INFORMED_NOT_NS3_RESULTS,Oracle reactive,1,80,0.05918081531888031
SYNTHETIC_LITERATURE_INFORMED_NOT_NS3_RESULTS,Oracle reactive,1,82,0.06227789483291215
SYNTHETIC_LITERATURE_INFORMED_NOT_NS3_RESULTS,Oracle reactive,1,84,0.06050249884358614
SYNTHETIC_LITERATURE_INFORMED_NOT_NS3_RESULTS,Oracle reactive,1,86,0.06003291006305192
SYNTHETIC_LITERATURE_INFORMED_NOT_NS3_RESULTS,Oracle reactive,1,88,0.06691000440916965
SYNTHETIC_LITERATURE_INFORMED_NOT_NS3_RESULTS,Oracle reactive,1,90,0.0683835719611643
SYNTHETIC_LITERATURE_INFORMED_NOT_NS3_RESULTS,Oracle reactive,2,0,0.0
SYNTHETIC_LITERATURE_INFORMED_NOT_NS3_RESULTS,Oracle reactive,2,2,0.0
SYNTHETIC_LITERATURE_INFORMED_NOT_NS3_RESULTS,Oracle reactive,2,4,0.0
SYNTHETIC_LITERATURE_INFORMED_NOT_NS3_RESULTS,Oracle reactive,2,6,0.0
SYNTHETIC_LITERATURE_INFORMED_NOT_NS3_RESULTS,Oracle reactive,2,8,0.0
SYNTHETIC_LITERATURE_INFORMED_NOT_NS3_RESULTS,Oracle reactive,2,10,0.0
SYNTHETIC_LITERATURE_INFORMED_NOT_NS3_RESULTS,Oracle reactive,2,12,0.0
SYNTHETIC_LITERATURE_INFORMED_NOT_NS3_RESULTS,Oracle reactive,2,14,0.0
SYNTHETIC_LITERATURE_INFORMED_NOT_NS3_RESULTS,Oracle reactive,2,16,0.0
SYNTHETIC_LITERATURE_INFORMED_NOT_NS3_RESULTS,Oracle reactive,2,18,0.05980773229383911
SYNTHETIC_LITERATURE_INFORMED_NOT_NS3_RESULTS,Oracle reactive,2,20,0.12349865011204346
SYNTHETIC_LITERATURE_INFORMED_NOT_NS3_RESULTS,Oracle reactive,2,22,0.19292944586748909
SYNTHETIC_LITERATURE_INFORMED_NOT_NS3_RESULTS,Oracle reactive,2,24,0.24956438594606545
SYNTHETIC_LITERATURE_INFORMED_NOT_NS3_RESULTS,Oracle reactive,2,26,0.2763274887455348
SYNTHETIC_LITERATURE_INFORMED_NOT_NS3_RESULTS,Oracle reactive,2,28,0.28444098376588867
SYNTHETIC_LITERATURE_INFORMED_NOT_NS3_RESULTS,Oracle reactive,2,30,0.2771545026614811
SYNTHETIC_LITERATURE_INFORMED_NOT_NS3_RESULTS,Oracle reactive,2,32,0.26802136279499755
SYNTHETIC_LITERATURE_INFORMED_NOT_NS3_RESULTS,Oracle reactive,2,34,0.25363192985592325
SYNTHETIC_LITERATURE_INFORMED_NOT_NS3_RESULTS,Oracle reactive,2,36,0.23237076552463148
SYNTHETIC_LITERATURE_INFORMED_NOT_NS3_RESULTS,Oracle reactive,2,38,0.20497214982993497
SYNTHETIC_LITERATURE_INFORMED_NOT_NS3_RESULTS,Oracle reactive,2,40,0.18790608475196985
SYNTHETIC_LITERATURE_INFORMED_NOT_NS3_RESULTS,Oracle reactive,2,42,0.16385356365614206
SYNTHETIC_LITERATURE_INFORMED_NOT_NS3_RESULTS,Oracle reactive,2,44,0.14047704423356244
SYNTHETIC_LITERATURE_INFORMED_NOT_NS3_RESULTS,Oracle reactive,2,46,0.13000408425727983
SYNTHETIC_LITERATURE_INFORMED_NOT_NS3_RESULTS,Oracle reactive,2,48,0.11167573856462365
SYNTHETIC_LITERATURE_INFORMED_NOT_NS3_RESULTS,Oracle reactive,2,50,0.09981445699483961
SYNTHETIC_LITERATURE_INFORMED_NOT_NS3_RESULTS,Oracle reactive,2,52,0.0978907251299839
SYNTHETIC_LITERATURE_INFORMED_NOT_NS3_RESULTS,Oracle reactive,2,54,0.10010878817951151
SYNTHETIC_LITERATURE_INFORMED_NOT_NS3_RESULTS,Oracle reactive,2,56,0.09818031916930134
SYNTHETIC_LITERATURE_INFORMED_NOT_NS3_RESULTS,Oracle reactive,2,58,0.10066913836235131
SYNTHETIC_LITERATURE_INFORMED_NOT_NS3_RESULTS,Oracle reactive,2,60,0.09209966298840785
SYNTHETIC_LITERATURE_INFORMED_NOT_NS3_RESULTS,Oracle reactive,2,62,0.09735020337223697
SYNTHETIC_LITERATURE_INFORMED_NOT_NS3_RESULTS,Oracle reactive,2,64,0.0807625904864453
SYNTHETIC_LITERATURE_INFORMED_NOT_NS3_RESULTS,Oracle reactive,2,66,0.08726593368754992
SYNTHETIC_LITERATURE_INFORMED_NOT_NS3_RESULTS,Oracle reactive,2,68,0.08673375858794335
SYNTHETIC_LITERATURE_INFORMED_NOT_NS3_RESULTS,Oracle reactive,2,70,0.07697732573355266
SYNTHETIC_LITERATURE_INFORMED_NOT_NS3_RESULTS,Oracle reactive,2,72,0.07492518611895078
SYNTHETIC_LITERATURE_INFORMED_NOT_NS3_RESULTS,Oracle reactive,2,74,0.07354770412515953
SYNTHETIC_LITERATURE_INFORMED_NOT_NS3_RESULTS,Oracle reactive,2,76,0.06558273381885067
SYNTHETIC_LITERATURE_INFORMED_NOT_NS3_RESULTS,Oracle reactive,2,78,0.07530729327649728
SYNTHETIC_LITERATURE_INFORMED_NOT_NS3_RESULTS,Oracle reactive,2,80,0.07216404288101716
SYNTHETIC_LITERATURE_INFORMED_NOT_NS3_RESULTS,Oracle reactive,2,82,0.07791607113923738
SYNTHETIC_LITERATURE_INFORMED_NOT_NS3_RESULTS,Oracle reactive,2,84,0.08368987368786293
SYNTHETIC_LITERATURE_INFORMED_NOT_NS3_RESULTS,Oracle reactive,2,86,0.08448811846552036
SYNTHETIC_LITERATURE_INFORMED_NOT_NS3_RESULTS,Oracle reactive,2,88,0.08457345700557072
SYNTHETIC_LITERATURE_INFORMED_NOT_NS3_RESULTS,Oracle reactive,2,90,0.08799795649506566
SYNTHETIC_LITERATURE_INFORMED_NOT_NS3_RESULTS,Oracle reactive,3,0,0.0
SYNTHETIC_LITERATURE_INFORMED_NOT_NS3_RESULTS,Oracle reactive,3,2,0.0
SYNTHETIC_LITERATURE_INFORMED_NOT_NS3_RESULTS,Oracle reactive,3,4,0.0
SYNTHETIC_LITERATURE_INFORMED_NOT_NS3_RESULTS,Oracle reactive,3,6,0.0
SYNTHETIC_LITERATURE_INFORMED_NOT_NS3_RESULTS,Oracle reactive,3,8,0.0
SYNTHETIC_LITERATURE_INFORMED_NOT_NS3_RESULTS,Oracle reactive,3,10,0.0
SYNTHETIC_LITERATURE_INFORMED_NOT_NS3_RESULTS,Oracle reactive,3,12,0.0
SYNTHETIC_LITERATURE_INFORMED_NOT_NS3_RESULTS,Oracle reactive,3,14,0.0
SYNTHETIC_LITERATURE_INFORMED_NOT_NS3_RESULTS,Oracle reactive,3,16,0.0
SYNTHETIC_LITERATURE_INFORMED_NOT_NS3_RESULTS,Oracle reactive,3,18,0.0730078085561151
SYNTHETIC_LITERATURE_INFORMED_NOT_NS3_RESULTS,Oracle reactive,3,20,0.1431544822757144
SYNTHETIC_LITERATURE_INFORMED_NOT_NS3_RESULTS,Oracle reactive,3,22,0.21676168165351856
SYNTHETIC_LITERATURE_INFORMED_NOT_NS3_RESULTS,Oracle reactive,3,24,0.25226182918182977
SYNTHETIC_LITERATURE_INFORMED_NOT_NS3_RESULTS,Oracle reactive,3,26,0.2832268312949403
SYNTHETIC_LITERATURE_INFORMED_NOT_NS3_RESULTS,Oracle reactive,3,28,0.2789114684925196
SYNTHETIC_LITERATURE_INFORMED_NOT_NS3_RESULTS,Oracle reactive,3,30,0.2766010896390286
SYNTHETIC_LITERATURE_INFORMED_NOT_NS3_RESULTS,Oracle reactive,3,32,0.254766583616019
SYNTHETIC_LITERATURE_INFORMED_NOT_NS3_RESULTS,Oracle reactive,3,34,0.2402731197756922
SYNTHETIC_LITERATURE_INFORMED_NOT_NS3_RESULTS,Oracle reactive,3,36,0.21571039080643903
SYNTHETIC_LITERATURE_INFORMED_NOT_NS3_RESULTS,Oracle reactive,3,38,0.19708222393139335
SYNTHETIC_LITERATURE_INFORMED_NOT_NS3_RESULTS,Oracle reactive,3,40,0.16799815432058818
SYNTHETIC_LITERATURE_INFORMED_NOT_NS3_RESULTS,Oracle reactive,3,42,0.15537876796215228
SYNTHETIC_LITERATURE_INFORMED_NOT_NS3_RESULTS,Oracle reactive,3,44,0.1334737022841995
SYNTHETIC_LITERATURE_INFORMED_NOT_NS3_RESULTS,Oracle reactive,3,46,0.1268867218033366
SYNTHETIC_LITERATURE_INFORMED_NOT_NS3_RESULTS,Oracle reactive,3,48,0.11066566677475335
SYNTHETIC_LITERATURE_INFORMED_NOT_NS3_RESULTS,Oracle reactive,3,50,0.1114031236576765
SYNTHETIC_LITERATURE_INFORMED_NOT_NS3_RESULTS,Oracle reactive,3,52,0.09991007367497994
SYNTHETIC_LITERATURE_INFORMED_NOT_NS3_RESULTS,Oracle reactive,3,54,0.10016061877725217
SYNTHETIC_LITERATURE_INFORMED_NOT_NS3_RESULTS,Oracle reactive,3,56,0.09948306353023406
SYNTHETIC_LITERATURE_INFORMED_NOT_NS3_RESULTS,Oracle reactive,3,58,0.09826498429205419
SYNTHETIC_LITERATURE_INFORMED_NOT_NS3_RESULTS,Oracle reactive,3,60,0.08865320001855745
SYNTHETIC_LITERATURE_INFORMED_NOT_NS3_RESULTS,Oracle reactive,3,62,0.08211157119679283
SYNTHETIC_LITERATURE_INFORMED_NOT_NS3_RESULTS,Oracle reactive,3,64,0.07983067575856202
SYNTHETIC_LITERATURE_INFORMED_NOT_NS3_RESULTS,Oracle reactive,3,66,0.0754924856812204
SYNTHETIC_LITERATURE_INFORMED_NOT_NS3_RESULTS,Oracle reactive,3,68,0.06757794621977027
SYNTHETIC_LITERATURE_INFORMED_NOT_NS3_RESULTS,Oracle reactive,3,70,0.06404612299288283
SYNTHETIC_LITERATURE_INFORMED_NOT_NS3_RESULTS,Oracle reactive,3,72,0.07332554052925015
SYNTHETIC_LITERATURE_INFORMED_NOT_NS3_RESULTS,Oracle reactive,3,74,0.07124914446879502
SYNTHETIC_LITERATURE_INFORMED_NOT_NS3_RESULTS,Oracle reactive,3,76,0.06979798189493372
SYNTHETIC_LITERATURE_INFORMED_NOT_NS3_RESULTS,Oracle reactive,3,78,0.07526351086335982
SYNTHETIC_LITERATURE_INFORMED_NOT_NS3_RESULTS,Oracle reactive,3,80,0.07742464481801485
SYNTHETIC_LITERATURE_INFORMED_NOT_NS3_RESULTS,Oracle reactive,3,82,0.07755247693235517
SYNTHETIC_LITERATURE_INFORMED_NOT_NS3_RESULTS,Oracle reactive,3,84,0.08116856824711045
SYNTHETIC_LITERATURE_INFORMED_NOT_NS3_RESULTS,Oracle reactive,3,86,0.08223656539798802
SYNTHETIC_LITERATURE_INFORMED_NOT_NS3_RESULTS,Oracle reactive,3,88,0.08898667397926714
SYNTHETIC_LITERATURE_INFORMED_NOT_NS3_RESULTS,Oracle reactive,3,90,0.08446373523373525
SYNTHETIC_LITERATURE_INFORMED_NOT_NS3_RESULTS,Oracle reactive,4,0,0.0
SYNTHETIC_LITERATURE_INFORMED_NOT_NS3_RESULTS,Oracle reactive,4,2,0.0
SYNTHETIC_LITERATURE_INFORMED_NOT_NS3_RESULTS,Oracle reactive,4,4,0.0
SYNTHETIC_LITERATURE_INFORMED_NOT_NS3_RESULTS,Oracle reactive,4,6,0.0
SYNTHETIC_LITERATURE_INFORMED_NOT_NS3_RESULTS,Oracle reactive,4,8,0.0
SYNTHETIC_LITERATURE_INFORMED_NOT_NS3_RESULTS,Oracle reactive,4,10,0.0
SYNTHETIC_LITERATURE_INFORMED_NOT_NS3_RESULTS,Oracle reactive,4,12,0.0
SYNTHETIC_LITERATURE_INFORMED_NOT_NS3_RESULTS,Oracle reactive,4,14,0.0
SYNTHETIC_LITERATURE_INFORMED_NOT_NS3_RESULTS,Oracle reactive,4,16,0.0
SYNTHETIC_LITERATURE_INFORMED_NOT_NS3_RESULTS,Oracle reactive,4,18,0.06536309620884032
SYNTHETIC_LITERATURE_INFORMED_NOT_NS3_RESULTS,Oracle reactive,4,20,0.12757137208694858
SYNTHETIC_LITERATURE_INFORMED_NOT_NS3_RESULTS,Oracle reactive,4,22,0.1855150428472873
SYNTHETIC_LITERATURE_INFORMED_NOT_NS3_RESULTS,Oracle reactive,4,24,0.24211054430263557
SYNTHETIC_LITERATURE_INFORMED_NOT_NS3_RESULTS,Oracle reactive,4,26,0.25771331390692614
SYNTHETIC_LITERATURE_INFORMED_NOT_NS3_RESULTS,Oracle reactive,4,28,0.2675745407877971
SYNTHETIC_LITERATURE_INFORMED_NOT_NS3_RESULTS,Oracle reactive,4,30,0.2663596533146665
SYNTHETIC_LITERATURE_INFORMED_NOT_NS3_RESULTS,Oracle reactive,4,32,0.24391077831755956
SYNTHETIC_LITERATURE_INFORMED_NOT_NS3_RESULTS,Oracle reactive,4,34,0.2390931090350578
SYNTHETIC_LITERATURE_INFORMED_NOT_NS3_RESULTS,Oracle reactive,4,36,0.21986759559822347
SYNTHETIC_LITERATURE_INFORMED_NOT_NS3_RESULTS,Oracle reactive,4,38,0.20325135585433468
SYNTHETIC_LITERATURE_INFORMED_NOT_NS3_RESULTS,Oracle reactive,4,40,0.179139572275088
SYNTHETIC_LITERATURE_INFORMED_NOT_NS3_RESULTS,Oracle reactive,4,42,0.16206142403153
SYNTHETIC_LITERATURE_INFORMED_NOT_NS3_RESULTS,Oracle reactive,4,44,0.14576039578872724
SYNTHETIC_LITERATURE_INFORMED_NOT_NS3_RESULTS,Oracle reactive,4,46,0.1247363640058991
SYNTHETIC_LITERATURE_INFORMED_NOT_NS3_RESULTS,Oracle reactive,4,48,0.12051315673969398
SYNTHETIC_LITERATURE_INFORMED_NOT_NS3_RESULTS,Oracle reactive,4,50,0.1139391222670505
SYNTHETIC_LITERATURE_INFORMED_NOT_NS3_RESULTS,Oracle reactive,4,52,0.10181513801585768
SYNTHETIC_LITERATURE_INFORMED_NOT_NS3_RESULTS,Oracle reactive,4,54,0.09404643387330545
SYNTHETIC_LITERATURE_INFORMED_NOT_NS3_RESULTS,Oracle reactive,4,56,0.09261489361048983
SYNTHETIC_LITERATURE_INFORMED_NOT_NS3_RESULTS,Oracle reactive,4,58,0.090218697407359
SYNTHETIC_LITERATURE_INFORMED_NOT_NS3_RESULTS,Oracle reactive,4,60,0.07194655723623261
SYNTHETIC_LITERATURE_INFORMED_NOT_NS3_RESULTS,Oracle reactive,4,62,0.06852606727431898
SYNTHETIC_LITERATURE_INFORMED_NOT_NS3_RESULTS,Oracle reactive,4,64,0.0688441440861087
SYNTHETIC_LITERATURE_INFORMED_NOT_NS3_RESULTS,Oracle reactive,4,66,0.06764915637835825
SYNTHETIC_LITERATURE_INFORMED_NOT_NS3_RESULTS,Oracle reactive,4,68,0.0659240247146507
SYNTHETIC_LITERATURE_INFORMED_NOT_NS3_RESULTS,Oracle reactive,4,70,0.0597568215407377
SYNTHETIC_LITERATURE_INFORMED_NOT_NS3_RESULTS,Oracle reactive,4,72,0.06680175240807888
SYNTHETIC_LITERATURE_INFORMED_NOT_NS3_RESULTS,Oracle reactive,4,74,0.07245407588583866
SYNTHETIC_LITERATURE_INFORMED_NOT_NS3_RESULTS,Oracle reactive,4,76,0.08617512638775962
SYNTHETIC_LITERATURE_INFORMED_NOT_NS3_RESULTS,Oracle reactive,4,78,0.07943139851537137
SYNTHETIC_LITERATURE_INFORMED_NOT_NS3_RESULTS,Oracle reactive,4,80,0.08191235673123032
SYNTHETIC_LITERATURE_INFORMED_NOT_NS3_RESULTS,Oracle reactive,4,82,0.08042259362870366
SYNTHETIC_LITERATURE_INFORMED_NOT_NS3_RESULTS,Oracle reactive,4,84,0.07925278581163259
SYNTHETIC_LITERATURE_INFORMED_NOT_NS3_RESULTS,Oracle reactive,4,86,0.08158485938906711
SYNTHETIC_LITERATURE_INFORMED_NOT_NS3_RESULTS,Oracle reactive,4,88,0.07329523394014151
SYNTHETIC_LITERATURE_INFORMED_NOT_NS3_RESULTS,Oracle reactive,4,90,0.07360957206880138
SYNTHETIC_LITERATURE_INFORMED_NOT_NS3_RESULTS,Oracle reactive,5,0,0.0
SYNTHETIC_LITERATURE_INFORMED_NOT_NS3_RESULTS,Oracle reactive,5,2,0.0
SYNTHETIC_LITERATURE_INFORMED_NOT_NS3_RESULTS,Oracle reactive,5,4,0.0
SYNTHETIC_LITERATURE_INFORMED_NOT_NS3_RESULTS,Oracle reactive,5,6,0.0
SYNTHETIC_LITERATURE_INFORMED_NOT_NS3_RESULTS,Oracle reactive,5,8,0.0
SYNTHETIC_LITERATURE_INFORMED_NOT_NS3_RESULTS,Oracle reactive,5,10,0.0
SYNTHETIC_LITERATURE_INFORMED_NOT_NS3_RESULTS,Oracle reactive,5,12,0.0
SYNTHETIC_LITERATURE_INFORMED_NOT_NS3_RESULTS,Oracle reactive,5,14,0.0
SYNTHETIC_LITERATURE_INFORMED_NOT_NS3_RESULTS,Oracle reactive,5,16,0.0
SYNTHETIC_LITERATURE_INFORMED_NOT_NS3_RESULTS,Oracle reactive,5,18,0.04987709645576382
SYNTHETIC_LITERATURE_INFORMED_NOT_NS3_RESULTS,Oracle reactive,5,20,0.06683585901856137
SYNTHETIC_LITERATURE_INFORMED_NOT_NS3_RESULTS,Oracle reactive,5,22,0.11550848476118283
SYNTHETIC_LITERATURE_INFORMED_NOT_NS3_RESULTS,Oracle reactive,5,24,0.18996200348887923
SYNTHETIC_LITERATURE_INFORMED_NOT_NS3_RESULTS,Oracle reactive,5,26,0.23231472441855625
SYNTHETIC_LITERATURE_INFORMED_NOT_NS3_RESULTS,Oracle reactive,5,28,0.2632198372639965
SYNTHETIC_LITERATURE_INFORMED_NOT_NS3_RESULTS,Oracle reactive,5,30,0.27441498990905105
SYNTHETIC_LITERATURE_INFORMED_NOT_NS3_RESULTS,Oracle reactive,5,32,0.27594577132803183
SYNTHETIC_LITERATURE_INFORMED_NOT_NS3_RESULTS,Oracle reactive,5,34,0.27561845170043403
SYNTHETIC_LITERATURE_INFORMED_NOT_NS3_RESULTS,Oracle reactive,5,36,0.26406960443604227
SYNTHETIC_LITERATURE_INFORMED_NOT_NS3_RESULTS,Oracle reactive,5,38,0.24548905954995123
SYNTHETIC_LITERATURE_INFORMED_NOT_NS3_RESULTS,Oracle reactive,5,40,0.23402123070070924
SYNTHETIC_LITERATURE_INFORMED_NOT_NS3_RESULTS,Oracle reactive,5,42,0.20535421289462402
SYNTHETIC_LITERATURE_INFORMED_NOT_NS3_RESULTS,Oracle reactive,5,44,0.19304835945862542
SYNTHETIC_LITERATURE_INFORMED_NOT_NS3_RESULTS,Oracle reactive,5,46,0.17340773469752152
SYNTHETIC_LITERATURE_INFORMED_NOT_NS3_RESULTS,Oracle reactive,5,48,0.1578606793848649
SYNTHETIC_LITERATURE_INFORMED_NOT_NS3_RESULTS,Oracle reactive,5,50,0.14170331478962783
SYNTHETIC_LITERATURE_INFORMED_NOT_NS3_RESULTS,Oracle reactive,5,52,0.1244387911540004
SYNTHETIC_LITERATURE_INFORMED_NOT_NS3_RESULTS,Oracle reactive,5,54,0.11125024952839062
SYNTHETIC_LITERATURE_INFORMED_NOT_NS3_RESULTS,Oracle reactive,5,56,0.10140741243929284
SYNTHETIC_LITERATURE_INFORMED_NOT_NS3_RESULTS,Oracle reactive,5,58,0.09261203507046736
SYNTHETIC_LITERATURE_INFORMED_NOT_NS3_RESULTS,Oracle reactive,5,60,0.08707263040188058
SYNTHETIC_LITERATURE_INFORMED_NOT_NS3_RESULTS,Oracle reactive,5,62,0.07709064236629964
SYNTHETIC_LITERATURE_INFORMED_NOT_NS3_RESULTS,Oracle reactive,5,64,0.09316163318161763
SYNTHETIC_LITERATURE_INFORMED_NOT_NS3_RESULTS,Oracle reactive,5,66,0.08558312335474799
SYNTHETIC_LITERATURE_INFORMED_NOT_NS3_RESULTS,Oracle reactive,5,68,0.08535104576586565
SYNTHETIC_LITERATURE_INFORMED_NOT_NS3_RESULTS,Oracle reactive,5,70,0.09342783767525453
SYNTHETIC_LITERATURE_INFORMED_NOT_NS3_RESULTS,Oracle reactive,5,72,0.09574665068739552
SYNTHETIC_LITERATURE_INFORMED_NOT_NS3_RESULTS,Oracle reactive,5,74,0.09634770239036039
SYNTHETIC_LITERATURE_INFORMED_NOT_NS3_RESULTS,Oracle reactive,5,76,0.09706333577510101
SYNTHETIC_LITERATURE_INFORMED_NOT_NS3_RESULTS,Oracle reactive,5,78,0.0950412309787687
SYNTHETIC_LITERATURE_INFORMED_NOT_NS3_RESULTS,Oracle reactive,5,80,0.10209442842104341
SYNTHETIC_LITERATURE_INFORMED_NOT_NS3_RESULTS,Oracle reactive,5,82,0.09672516136939424
SYNTHETIC_LITERATURE_INFORMED_NOT_NS3_RESULTS,Oracle reactive,5,84,0.09083399788998409
SYNTHETIC_LITERATURE_INFORMED_NOT_NS3_RESULTS,Oracle reactive,5,86,0.08735102407368829
SYNTHETIC_LITERATURE_INFORMED_NOT_NS3_RESULTS,Oracle reactive,5,88,0.08870604889198118
SYNTHETIC_LITERATURE_INFORMED_NOT_NS3_RESULTS,Oracle reactive,5,90,0.08544775572135332
SYNTHETIC_LITERATURE_INFORMED_NOT_NS3_RESULTS,Oracle reactive,6,0,0.0
SYNTHETIC_LITERATURE_INFORMED_NOT_NS3_RESULTS,Oracle reactive,6,2,0.0
SYNTHETIC_LITERATURE_INFORMED_NOT_NS3_RESULTS,Oracle reactive,6,4,0.0
SYNTHETIC_LITERATURE_INFORMED_NOT_NS3_RESULTS,Oracle reactive,6,6,0.0
SYNTHETIC_LITERATURE_INFORMED_NOT_NS3_RESULTS,Oracle reactive,6,8,0.0
SYNTHETIC_LITERATURE_INFORMED_NOT_NS3_RESULTS,Oracle reactive,6,10,0.0
SYNTHETIC_LITERATURE_INFORMED_NOT_NS3_RESULTS,Oracle reactive,6,12,0.0
SYNTHETIC_LITERATURE_INFORMED_NOT_NS3_RESULTS,Oracle reactive,6,14,0.0
SYNTHETIC_LITERATURE_INFORMED_NOT_NS3_RESULTS,Oracle reactive,6,16,0.0
SYNTHETIC_LITERATURE_INFORMED_NOT_NS3_RESULTS,Oracle reactive,6,18,0.07156210870404468
SYNTHETIC_LITERATURE_INFORMED_NOT_NS3_RESULTS,Oracle reactive,6,20,0.10933537568608676
SYNTHETIC_LITERATURE_INFORMED_NOT_NS3_RESULTS,Oracle reactive,6,22,0.18130446927760147
SYNTHETIC_LITERATURE_INFORMED_NOT_NS3_RESULTS,Oracle reactive,6,24,0.22725241010445665
SYNTHETIC_LITERATURE_INFORMED_NOT_NS3_RESULTS,Oracle reactive,6,26,0.2619479372403095
SYNTHETIC_LITERATURE_INFORMED_NOT_NS3_RESULTS,Oracle reactive,6,28,0.2769387134704446
SYNTHETIC_LITERATURE_INFORMED_NOT_NS3_RESULTS,Oracle reactive,6,30,0.26880788191433325
SYNTHETIC_LITERATURE_INFORMED_NOT_NS3_RESULTS,Oracle reactive,6,32,0.2670552742784022
SYNTHETIC_LITERATURE_INFORMED_NOT_NS3_RESULTS,Oracle reactive,6,34,0.2487276968942865
SYNTHETIC_LITERATURE_INFORMED_NOT_NS3_RESULTS,Oracle reactive,6,36,0.23264670017483297
SYNTHETIC_LITERATURE_INFORMED_NOT_NS3_RESULTS,Oracle reactive,6,38,0.21874761428816838
SYNTHETIC_LITERATURE_INFORMED_NOT_NS3_RESULTS,Oracle reactive,6,40,0.19907834680076242
SYNTHETIC_LITERATURE_INFORMED_NOT_NS3_RESULTS,Oracle reactive,6,42,0.17586618758701264
SYNTHETIC_LITERATURE_INFORMED_NOT_NS3_RESULTS,Oracle reactive,6,44,0.15717884110191954
SYNTHETIC_LITERATURE_INFORMED_NOT_NS3_RESULTS,Oracle reactive,6,46,0.1373263180123981
SYNTHETIC_LITERATURE_INFORMED_NOT_NS3_RESULTS,Oracle reactive,6,48,0.12103734719185943
SYNTHETIC_LITERATURE_INFORMED_NOT_NS3_RESULTS,Oracle reactive,6,50,0.10647532648016282
SYNTHETIC_LITERATURE_INFORMED_NOT_NS3_RESULTS,Oracle reactive,6,52,0.09164561069812631
SYNTHETIC_LITERATURE_INFORMED_NOT_NS3_RESULTS,Oracle reactive,6,54,0.08939563682002408
SYNTHETIC_LITERATURE_INFORMED_NOT_NS3_RESULTS,Oracle reactive,6,56,0.0833933828466194
SYNTHETIC_LITERATURE_INFORMED_NOT_NS3_RESULTS,Oracle reactive,6,58,0.07583153664203231
SYNTHETIC_LITERATURE_INFORMED_NOT_NS3_RESULTS,Oracle reactive,6,60,0.07235869074316528
SYNTHETIC_LITERATURE_INFORMED_NOT_NS3_RESULTS,Oracle reactive,6,62,0.08382177997049083
SYNTHETIC_LITERATURE_INFORMED_NOT_NS3_RESULTS,Oracle reactive,6,64,0.08600931241457421
SYNTHETIC_LITERATURE_INFORMED_NOT_NS3_RESULTS,Oracle reactive,6,66,0.0836632073865879
SYNTHETIC_LITERATURE_INFORMED_NOT_NS3_RESULTS,Oracle reactive,6,68,0.094273603908819
SYNTHETIC_LITERATURE_INFORMED_NOT_NS3_RESULTS,Oracle reactive,6,70,0.08512189674192065
SYNTHETIC_LITERATURE_INFORMED_NOT_NS3_RESULTS,Oracle reactive,6,72,0.08893531075359445
SYNTHETIC_LITERATURE_INFORMED_NOT_NS3_RESULTS,Oracle reactive,6,74,0.0937335672158464
SYNTHETIC_LITERATURE_INFORMED_NOT_NS3_RESULTS,Oracle reactive,6,76,0.08428104772341294
SYNTHETIC_LITERATURE_INFORMED_NOT_NS3_RESULTS,Oracle reactive,6,78,0.07251347306707712
SYNTHETIC_LITERATURE_INFORMED_NOT_NS3_RESULTS,Oracle reactive,6,80,0.08185655153697755
SYNTHETIC_LITERATURE_INFORMED_NOT_NS3_RESULTS,Oracle reactive,6,82,0.07836082051212458
SYNTHETIC_LITERATURE_INFORMED_NOT_NS3_RESULTS,Oracle reactive,6,84,0.07183687031646081
SYNTHETIC_LITERATURE_INFORMED_NOT_NS3_RESULTS,Oracle reactive,6,86,0.0684882349071502
SYNTHETIC_LITERATURE_INFORMED_NOT_NS3_RESULTS,Oracle reactive,6,88,0.07561797360852242
SYNTHETIC_LITERATURE_INFORMED_NOT_NS3_RESULTS,Oracle reactive,6,90,0.06528857100818584
SYNTHETIC_LITERATURE_INFORMED_NOT_NS3_RESULTS,Oracle reactive,7,0,0.0
SYNTHETIC_LITERATURE_INFORMED_NOT_NS3_RESULTS,Oracle reactive,7,2,0.0
SYNTHETIC_LITERATURE_INFORMED_NOT_NS3_RESULTS,Oracle reactive,7,4,0.0
SYNTHETIC_LITERATURE_INFORMED_NOT_NS3_RESULTS,Oracle reactive,7,6,0.0
SYNTHETIC_LITERATURE_INFORMED_NOT_NS3_RESULTS,Oracle reactive,7,8,0.0
SYNTHETIC_LITERATURE_INFORMED_NOT_NS3_RESULTS,Oracle reactive,7,10,0.0
SYNTHETIC_LITERATURE_INFORMED_NOT_NS3_RESULTS,Oracle reactive,7,12,0.0
SYNTHETIC_LITERATURE_INFORMED_NOT_NS3_RESULTS,Oracle reactive,7,14,0.0
SYNTHETIC_LITERATURE_INFORMED_NOT_NS3_RESULTS,Oracle reactive,7,16,0.0
SYNTHETIC_LITERATURE_INFORMED_NOT_NS3_RESULTS,Oracle reactive,7,18,0.057685383057371434
SYNTHETIC_LITERATURE_INFORMED_NOT_NS3_RESULTS,Oracle reactive,7,20,0.09530597111277744
SYNTHETIC_LITERATURE_INFORMED_NOT_NS3_RESULTS,Oracle reactive,7,22,0.17410274981633114
SYNTHETIC_LITERATURE_INFORMED_NOT_NS3_RESULTS,Oracle reactive,7,24,0.22913588913977442
SYNTHETIC_LITERATURE_INFORMED_NOT_NS3_RESULTS,Oracle reactive,7,26,0.2673076708537897
SYNTHETIC_LITERATURE_INFORMED_NOT_NS3_RESULTS,Oracle reactive,7,28,0.28624467451483876
SYNTHETIC_LITERATURE_INFORMED_NOT_NS3_RESULTS,Oracle reactive,7,30,0.2961722041635343
SYNTHETIC_LITERATURE_INFORMED_NOT_NS3_RESULTS,Oracle reactive,7,32,0.2903359546456449
SYNTHETIC_LITERATURE_INFORMED_NOT_NS3_RESULTS,Oracle reactive,7,34,0.2765760903424429
SYNTHETIC_LITERATURE_INFORMED_NOT_NS3_RESULTS,Oracle reactive,7,36,0.2611226587828807
SYNTHETIC_LITERATURE_INFORMED_NOT_NS3_RESULTS,Oracle reactive,7,38,0.24710118509456303
SYNTHETIC_LITERATURE_INFORMED_NOT_NS3_RESULTS,Oracle reactive,7,40,0.21915184437729848
SYNTHETIC_LITERATURE_INFORMED_NOT_NS3_RESULTS,Oracle reactive,7,42,0.1947506103789511
SYNTHETIC_LITERATURE_INFORMED_NOT_NS3_RESULTS,Oracle reactive,7,44,0.1754126347338682
SYNTHETIC_LITERATURE_INFORMED_NOT_NS3_RESULTS,Oracle reactive,7,46,0.1512326631712164
SYNTHETIC_LITERATURE_INFORMED_NOT_NS3_RESULTS,Oracle reactive,7,48,0.1305052450298685
SYNTHETIC_LITERATURE_INFORMED_NOT_NS3_RESULTS,Oracle reactive,7,50,0.1263025381447108
SYNTHETIC_LITERATURE_INFORMED_NOT_NS3_RESULTS,Oracle reactive,7,52,0.10984990267879179
SYNTHETIC_LITERATURE_INFORMED_NOT_NS3_RESULTS,Oracle reactive,7,54,0.1075527488667487
SYNTHETIC_LITERATURE_INFORMED_NOT_NS3_RESULTS,Oracle reactive,7,56,0.10549486247750062
SYNTHETIC_LITERATURE_INFORMED_NOT_NS3_RESULTS,Oracle reactive,7,58,0.09886177966967796
SYNTHETIC_LITERATURE_INFORMED_NOT_NS3_RESULTS,Oracle reactive,7,60,0.10748622990746573
SYNTHETIC_LITERATURE_INFORMED_NOT_NS3_RESULTS,Oracle reactive,7,62,0.10301744399388416
SYNTHETIC_LITERATURE_INFORMED_NOT_NS3_RESULTS,Oracle reactive,7,64,0.10103312383468877
SYNTHETIC_LITERATURE_INFORMED_NOT_NS3_RESULTS,Oracle reactive,7,66,0.09806781375195198
SYNTHETIC_LITERATURE_INFORMED_NOT_NS3_RESULTS,Oracle reactive,7,68,0.09838828244776118
SYNTHETIC_LITERATURE_INFORMED_NOT_NS3_RESULTS,Oracle reactive,7,70,0.11228983396155931
SYNTHETIC_LITERATURE_INFORMED_NOT_NS3_RESULTS,Oracle reactive,7,72,0.09828381112974423
SYNTHETIC_LITERATURE_INFORMED_NOT_NS3_RESULTS,Oracle reactive,7,74,0.09559705620272943
SYNTHETIC_LITERATURE_INFORMED_NOT_NS3_RESULTS,Oracle reactive,7,76,0.0864341269106392
SYNTHETIC_LITERATURE_INFORMED_NOT_NS3_RESULTS,Oracle reactive,7,78,0.09558933385541543
SYNTHETIC_LITERATURE_INFORMED_NOT_NS3_RESULTS,Oracle reactive,7,80,0.08840717168048122
SYNTHETIC_LITERATURE_INFORMED_NOT_NS3_RESULTS,Oracle reactive,7,82,0.08846711303165057
SYNTHETIC_LITERATURE_INFORMED_NOT_NS3_RESULTS,Oracle reactive,7,84,0.0791684485863544
SYNTHETIC_LITERATURE_INFORMED_NOT_NS3_RESULTS,Oracle reactive,7,86,0.08161620462489713
SYNTHETIC_LITERATURE_INFORMED_NOT_NS3_RESULTS,Oracle reactive,7,88,0.0946053629446929
SYNTHETIC_LITERATURE_INFORMED_NOT_NS3_RESULTS,Oracle reactive,7,90,0.10136620081443985
SYNTHETIC_LITERATURE_INFORMED_NOT_NS3_RESULTS,Oracle reactive,8,0,0.0
SYNTHETIC_LITERATURE_INFORMED_NOT_NS3_RESULTS,Oracle reactive,8,2,0.0
SYNTHETIC_LITERATURE_INFORMED_NOT_NS3_RESULTS,Oracle reactive,8,4,0.0
SYNTHETIC_LITERATURE_INFORMED_NOT_NS3_RESULTS,Oracle reactive,8,6,0.0
SYNTHETIC_LITERATURE_INFORMED_NOT_NS3_RESULTS,Oracle reactive,8,8,0.0
SYNTHETIC_LITERATURE_INFORMED_NOT_NS3_RESULTS,Oracle reactive,8,10,0.0
SYNTHETIC_LITERATURE_INFORMED_NOT_NS3_RESULTS,Oracle reactive,8,12,0.0
SYNTHETIC_LITERATURE_INFORMED_NOT_NS3_RESULTS,Oracle reactive,8,14,0.0
SYNTHETIC_LITERATURE_INFORMED_NOT_NS3_RESULTS,Oracle reactive,8,16,0.0
SYNTHETIC_LITERATURE_INFORMED_NOT_NS3_RESULTS,Oracle reactive,8,18,0.05109665463888141
SYNTHETIC_LITERATURE_INFORMED_NOT_NS3_RESULTS,Oracle reactive,8,20,0.12229242676694496
SYNTHETIC_LITERATURE_INFORMED_NOT_NS3_RESULTS,Oracle reactive,8,22,0.19134146660206494
SYNTHETIC_LITERATURE_INFORMED_NOT_NS3_RESULTS,Oracle reactive,8,24,0.23684623635938884
SYNTHETIC_LITERATURE_INFORMED_NOT_NS3_RESULTS,Oracle reactive,8,26,0.26588198831543447
SYNTHETIC_LITERATURE_INFORMED_NOT_NS3_RESULTS,Oracle reactive,8,28,0.27517560155426857
SYNTHETIC_LITERATURE_INFORMED_NOT_NS3_RESULTS,Oracle reactive,8,30,0.2719487099024403
SYNTHETIC_LITERATURE_INFORMED_NOT_NS3_RESULTS,Oracle reactive,8,32,0.25891447612924806
SYNTHETIC_LITERATURE_INFORMED_NOT_NS3_RESULTS,Oracle reactive,8,34,0.23983644544674768
SYNTHETIC_LITERATURE_INFORMED_NOT_NS3_RESULTS,Oracle reactive,8,36,0.21429170367751518
SYNTHETIC_LITERATURE_INFORMED_NOT_NS3_RESULTS,Oracle reactive,8,38,0.19099883388766464
SYNTHETIC_LITERATURE_INFORMED_NOT_NS3_RESULTS,Oracle reactive,8,40,0.16671316505241665
SYNTHETIC_LITERATURE_INFORMED_NOT_NS3_RESULTS,Oracle reactive,8,42,0.14178967672581916
SYNTHETIC_LITERATURE_INFORMED_NOT_NS3_RESULTS,Oracle reactive,8,44,0.12218709441759847
SYNTHETIC_LITERATURE_INFORMED_NOT_NS3_RESULTS,Oracle reactive,8,46,0.11238801205567574
SYNTHETIC_LITERATURE_INFORMED_NOT_NS3_RESULTS,Oracle reactive,8,48,0.0932451730228377
SYNTHETIC_LITERATURE_INFORMED_NOT_NS3_RESULTS,Oracle reactive,8,50,0.08410183541716762
SYNTHETIC_LITERATURE_INFORMED_NOT_NS3_RESULTS,Oracle reactive,8,52,0.07824098513842406
SYNTHETIC_LITERATURE_INFORMED_NOT_NS3_RESULTS,Oracle reactive,8,54,0.07399505902427057
SYNTHETIC_LITERATURE_INFORMED_NOT_NS3_RESULTS,Oracle reactive,8,56,0.08644874711451321
SYNTHETIC_LITERATURE_INFORMED_NOT_NS3_RESULTS,Oracle reactive,8,58,0.0796936772347506
SYNTHETIC_LITERATURE_INFORMED_NOT_NS3_RESULTS,Oracle reactive,8,60,0.0808728089024375
SYNTHETIC_LITERATURE_INFORMED_NOT_NS3_RESULTS,Oracle reactive,8,62,0.079418299060714
SYNTHETIC_LITERATURE_INFORMED_NOT_NS3_RESULTS,Oracle reactive,8,64,0.08075378341968605
SYNTHETIC_LITERATURE_INFORMED_NOT_NS3_RESULTS,Oracle reactive,8,66,0.08141596614958418
SYNTHETIC_LITERATURE_INFORMED_NOT_NS3_RESULTS,Oracle reactive,8,68,0.06882463063718897
SYNTHETIC_LITERATURE_INFORMED_NOT_NS3_RESULTS,Oracle reactive,8,70,0.07054324261463951
SYNTHETIC_LITERATURE_INFORMED_NOT_NS3_RESULTS,Oracle reactive,8,72,0.06639120206230655
SYNTHETIC_LITERATURE_INFORMED_NOT_NS3_RESULTS,Oracle reactive,8,74,0.06166736147712664
SYNTHETIC_LITERATURE_INFORMED_NOT_NS3_RESULTS,Oracle reactive,8,76,0.05357874499277471
SYNTHETIC_LITERATURE_INFORMED_NOT_NS3_RESULTS,Oracle reactive,8,78,0.049916272608083026
SYNTHETIC_LITERATURE_INFORMED_NOT_NS3_RESULTS,Oracle reactive,8,80,0.057106701399640004
SYNTHETIC_LITERATURE_INFORMED_NOT_NS3_RESULTS,Oracle reactive,8,82,0.059202670761221154
SYNTHETIC_LITERATURE_INFORMED_NOT_NS3_RESULTS,Oracle reactive,8,84,0.05284517593959878
SYNTHETIC_LITERATURE_INFORMED_NOT_NS3_RESULTS,Oracle reactive,8,86,0.0635054085938875
SYNTHETIC_LITERATURE_INFORMED_NOT_NS3_RESULTS,Oracle reactive,8,88,0.06908116048846245
SYNTHETIC_LITERATURE_INFORMED_NOT_NS3_RESULTS,Oracle reactive,8,90,0.07012665090113984
SYNTHETIC_LITERATURE_INFORMED_NOT_NS3_RESULTS,Oracle reactive,9,0,0.0
SYNTHETIC_LITERATURE_INFORMED_NOT_NS3_RESULTS,Oracle reactive,9,2,0.0
SYNTHETIC_LITERATURE_INFORMED_NOT_NS3_RESULTS,Oracle reactive,9,4,0.0
SYNTHETIC_LITERATURE_INFORMED_NOT_NS3_RESULTS,Oracle reactive,9,6,0.0
SYNTHETIC_LITERATURE_INFORMED_NOT_NS3_RESULTS,Oracle reactive,9,8,0.0
SYNTHETIC_LITERATURE_INFORMED_NOT_NS3_RESULTS,Oracle reactive,9,10,0.0
SYNTHETIC_LITERATURE_INFORMED_NOT_NS3_RESULTS,Oracle reactive,9,12,0.0
SYNTHETIC_LITERATURE_INFORMED_NOT_NS3_RESULTS,Oracle reactive,9,14,0.0
SYNTHETIC_LITERATURE_INFORMED_NOT_NS3_RESULTS,Oracle reactive,9,16,0.0
SYNTHETIC_LITERATURE_INFORMED_NOT_NS3_RESULTS,Oracle reactive,9,18,0.06184181292289112
SYNTHETIC_LITERATURE_INFORMED_NOT_NS3_RESULTS,Oracle reactive,9,20,0.11901548258004194
SYNTHETIC_LITERATURE_INFORMED_NOT_NS3_RESULTS,Oracle reactive,9,22,0.1899011693293004
SYNTHETIC_LITERATURE_INFORMED_NOT_NS3_RESULTS,Oracle reactive,9,24,0.2439780165172494
SYNTHETIC_LITERATURE_INFORMED_NOT_NS3_RESULTS,Oracle reactive,9,26,0.26534454729756735
SYNTHETIC_LITERATURE_INFORMED_NOT_NS3_RESULTS,Oracle reactive,9,28,0.273340289931089
SYNTHETIC_LITERATURE_INFORMED_NOT_NS3_RESULTS,Oracle reactive,9,30,0.2673308288010392
SYNTHETIC_LITERATURE_INFORMED_NOT_NS3_RESULTS,Oracle reactive,9,32,0.2561005728723222
SYNTHETIC_LITERATURE_INFORMED_NOT_NS3_RESULTS,Oracle reactive,9,34,0.2278990203090756
SYNTHETIC_LITERATURE_INFORMED_NOT_NS3_RESULTS,Oracle reactive,9,36,0.21159754685709964
SYNTHETIC_LITERATURE_INFORMED_NOT_NS3_RESULTS,Oracle reactive,9,38,0.18826663463654927
SYNTHETIC_LITERATURE_INFORMED_NOT_NS3_RESULTS,Oracle reactive,9,40,0.1630197290925387
SYNTHETIC_LITERATURE_INFORMED_NOT_NS3_RESULTS,Oracle reactive,9,42,0.14878451943600504
SYNTHETIC_LITERATURE_INFORMED_NOT_NS3_RESULTS,Oracle reactive,9,44,0.11968524605911607
SYNTHETIC_LITERATURE_INFORMED_NOT_NS3_RESULTS,Oracle reactive,9,46,0.10983430422697996
SYNTHETIC_LITERATURE_INFORMED_NOT_NS3_RESULTS,Oracle reactive,9,48,0.10269208918597485
SYNTHETIC_LITERATURE_INFORMED_NOT_NS3_RESULTS,Oracle reactive,9,50,0.09992167078868483
SYNTHETIC_LITERATURE_INFORMED_NOT_NS3_RESULTS,Oracle reactive,9,52,0.08439903629288725
SYNTHETIC_LITERATURE_INFORMED_NOT_NS3_RESULTS,Oracle reactive,9,54,0.08973335029919693
SYNTHETIC_LITERATURE_INFORMED_NOT_NS3_RESULTS,Oracle reactive,9,56,0.08935451092684676
SYNTHETIC_LITERATURE_INFORMED_NOT_NS3_RESULTS,Oracle reactive,9,58,0.08603811926894159
SYNTHETIC_LITERATURE_INFORMED_NOT_NS3_RESULTS,Oracle reactive,9,60,0.07643654345647986
SYNTHETIC_LITERATURE_INFORMED_NOT_NS3_RESULTS,Oracle reactive,9,62,0.07252940870902796
SYNTHETIC_LITERATURE_INFORMED_NOT_NS3_RESULTS,Oracle reactive,9,64,0.07361693864794422
SYNTHETIC_LITERATURE_INFORMED_NOT_NS3_RESULTS,Oracle reactive,9,66,0.071428286086984
SYNTHETIC_LITERATURE_INFORMED_NOT_NS3_RESULTS,Oracle reactive,9,68,0.07068203208955254
SYNTHETIC_LITERATURE_INFORMED_NOT_NS3_RESULTS,Oracle reactive,9,70,0.05803502053599632
SYNTHETIC_LITERATURE_INFORMED_NOT_NS3_RESULTS,Oracle reactive,9,72,0.061383518161344706
SYNTHETIC_LITERATURE_INFORMED_NOT_NS3_RESULTS,Oracle reactive,9,74,0.053496393949016736
SYNTHETIC_LITERATURE_INFORMED_NOT_NS3_RESULTS,Oracle reactive,9,76,0.0667329883635186
SYNTHETIC_LITERATURE_INFORMED_NOT_NS3_RESULTS,Oracle reactive,9,78,0.05993014667775326
SYNTHETIC_LITERATURE_INFORMED_NOT_NS3_RESULTS,Oracle reactive,9,80,0.059634980433041315
SYNTHETIC_LITERATURE_INFORMED_NOT_NS3_RESULTS,Oracle reactive,9,82,0.07346682698247722
SYNTHETIC_LITERATURE_INFORMED_NOT_NS3_RESULTS,Oracle reactive,9,84,0.0655033384801388
SYNTHETIC_LITERATURE_INFORMED_NOT_NS3_RESULTS,Oracle reactive,9,86,0.0739247248015404
SYNTHETIC_LITERATURE_INFORMED_NOT_NS3_RESULTS,Oracle reactive,9,88,0.07315252007008352
SYNTHETIC_LITERATURE_INFORMED_NOT_NS3_RESULTS,Oracle reactive,9,90,0.07254082680728106
SYNTHETIC_LITERATURE_INFORMED_NOT_NS3_RESULTS,Oracle reactive,10,0,0.0
SYNTHETIC_LITERATURE_INFORMED_NOT_NS3_RESULTS,Oracle reactive,10,2,0.0
SYNTHETIC_LITERATURE_INFORMED_NOT_NS3_RESULTS,Oracle reactive,10,4,0.0
SYNTHETIC_LITERATURE_INFORMED_NOT_NS3_RESULTS,Oracle reactive,10,6,0.0
SYNTHETIC_LITERATURE_INFORMED_NOT_NS3_RESULTS,Oracle reactive,10,8,0.0
SYNTHETIC_LITERATURE_INFORMED_NOT_NS3_RESULTS,Oracle reactive,10,10,0.0
SYNTHETIC_LITERATURE_INFORMED_NOT_NS3_RESULTS,Oracle reactive,10,12,0.0
SYNTHETIC_LITERATURE_INFORMED_NOT_NS3_RESULTS,Oracle reactive,10,14,0.0
SYNTHETIC_LITERATURE_INFORMED_NOT_NS3_RESULTS,Oracle reactive,10,16,0.0
SYNTHETIC_LITERATURE_INFORMED_NOT_NS3_RESULTS,Oracle reactive,10,18,0.0973645045628943
SYNTHETIC_LITERATURE_INFORMED_NOT_NS3_RESULTS,Oracle reactive,10,20,0.15368640024799152
SYNTHETIC_LITERATURE_INFORMED_NOT_NS3_RESULTS,Oracle reactive,10,22,0.21501770951436375
SYNTHETIC_LITERATURE_INFORMED_NOT_NS3_RESULTS,Oracle reactive,10,24,0.2620085398514438
SYNTHETIC_LITERATURE_INFORMED_NOT_NS3_RESULTS,Oracle reactive,10,26,0.27169202063387754
SYNTHETIC_LITERATURE_INFORMED_NOT_NS3_RESULTS,Oracle reactive,10,28,0.27622497670975993
SYNTHETIC_LITERATURE_INFORMED_NOT_NS3_RESULTS,Oracle reactive,10,30,0.2690711396630783
SYNTHETIC_LITERATURE_INFORMED_NOT_NS3_RESULTS,Oracle reactive,10,32,0.25722193794583603
SYNTHETIC_LITERATURE_INFORMED_NOT_NS3_RESULTS,Oracle reactive,10,34,0.22981080193243614
SYNTHETIC_LITERATURE_INFORMED_NOT_NS3_RESULTS,Oracle reactive,10,36,0.2115449986484426
SYNTHETIC_LITERATURE_INFORMED_NOT_NS3_RESULTS,Oracle reactive,10,38,0.191907088289234
SYNTHETIC_LITERATURE_INFORMED_NOT_NS3_RESULTS,Oracle reactive,10,40,0.16488091172999952
SYNTHETIC_LITERATURE_INFORMED_NOT_NS3_RESULTS,Oracle reactive,10,42,0.15038113917921103
SYNTHETIC_LITERATURE_INFORMED_NOT_NS3_RESULTS,Oracle reactive,10,44,0.13793929364119698
SYNTHETIC_LITERATURE_INFORMED_NOT_NS3_RESULTS,Oracle reactive,10,46,0.13009951245167362
SYNTHETIC_LITERATURE_INFORMED_NOT_NS3_RESULTS,Oracle reactive,10,48,0.11347493402886402
SYNTHETIC_LITERATURE_INFORMED_NOT_NS3_RESULTS,Oracle reactive,10,50,0.11416666167573267
SYNTHETIC_LITERATURE_INFORMED_NOT_NS3_RESULTS,Oracle reactive,10,52,0.10742781556027717
SYNTHETIC_LITERATURE_INFORMED_NOT_NS3_RESULTS,Oracle reactive,10,54,0.0983968700440532
SYNTHETIC_LITERATURE_INFORMED_NOT_NS3_RESULTS,Oracle reactive,10,56,0.09419405646405249
SYNTHETIC_LITERATURE_INFORMED_NOT_NS3_RESULTS,Oracle reactive,10,58,0.08185223909734508
SYNTHETIC_LITERATURE_INFORMED_NOT_NS3_RESULTS,Oracle reactive,10,60,0.07604432291973132
SYNTHETIC_LITERATURE_INFORMED_NOT_NS3_RESULTS,Oracle reactive,10,62,0.07654829187980396
SYNTHETIC_LITERATURE_INFORMED_NOT_NS3_RESULTS,Oracle reactive,10,64,0.07432325318978335
SYNTHETIC_LITERATURE_INFORMED_NOT_NS3_RESULTS,Oracle reactive,10,66,0.06607565780929964
SYNTHETIC_LITERATURE_INFORMED_NOT_NS3_RESULTS,Oracle reactive,10,68,0.06353615459241042
SYNTHETIC_LITERATURE_INFORMED_NOT_NS3_RESULTS,Oracle reactive,10,70,0.07033489227666588
SYNTHETIC_LITERATURE_INFORMED_NOT_NS3_RESULTS,Oracle reactive,10,72,0.0762649600600295
SYNTHETIC_LITERATURE_INFORMED_NOT_NS3_RESULTS,Oracle reactive,10,74,0.08103499315351445
SYNTHETIC_LITERATURE_INFORMED_NOT_NS3_RESULTS,Oracle reactive,10,76,0.07275236029628204
SYNTHETIC_LITERATURE_INFORMED_NOT_NS3_RESULTS,Oracle reactive,10,78,0.08020354508447355
SYNTHETIC_LITERATURE_INFORMED_NOT_NS3_RESULTS,Oracle reactive,10,80,0.07712528919852568
SYNTHETIC_LITERATURE_INFORMED_NOT_NS3_RESULTS,Oracle reactive,10,82,0.08493176264435992
SYNTHETIC_LITERATURE_INFORMED_NOT_NS3_RESULTS,Oracle reactive,10,84,0.08034238652354161
SYNTHETIC_LITERATURE_INFORMED_NOT_NS3_RESULTS,Oracle reactive,10,86,0.0913617060710954
SYNTHETIC_LITERATURE_INFORMED_NOT_NS3_RESULTS,Oracle reactive,10,88,0.07963849003872278
SYNTHETIC_LITERATURE_INFORMED_NOT_NS3_RESULTS,Oracle reactive,10,90,0.07853620793437566
SYNTHETIC_LITERATURE_INFORMED_NOT_NS3_RESULTS,ISAC reactive,1,0,0.0
SYNTHETIC_LITERATURE_INFORMED_NOT_NS3_RESULTS,ISAC reactive,1,2,0.0
SYNTHETIC_LITERATURE_INFORMED_NOT_NS3_RESULTS,ISAC reactive,1,4,0.0
SYNTHETIC_LITERATURE_INFORMED_NOT_NS3_RESULTS,ISAC reactive,1,6,0.0
SYNTHETIC_LITERATURE_INFORMED_NOT_NS3_RESULTS,ISAC reactive,1,8,0.0
SYNTHETIC_LITERATURE_INFORMED_NOT_NS3_RESULTS,ISAC reactive,1,10,0.0
SYNTHETIC_LITERATURE_INFORMED_NOT_NS3_RESULTS,ISAC reactive,1,12,0.0
SYNTHETIC_LITERATURE_INFORMED_NOT_NS3_RESULTS,ISAC reactive,1,14,0.0
SYNTHETIC_LITERATURE_INFORMED_NOT_NS3_RESULTS,ISAC reactive,1,16,0.0
SYNTHETIC_LITERATURE_INFORMED_NOT_NS3_RESULTS,ISAC reactive,1,18,0.09712092748270103
SYNTHETIC_LITERATURE_INFORMED_NOT_NS3_RESULTS,ISAC reactive,1,20,0.15645367425573478
SYNTHETIC_LITERATURE_INFORMED_NOT_NS3_RESULTS,ISAC reactive,1,22,0.2174514782927402
SYNTHETIC_LITERATURE_INFORMED_NOT_NS3_RESULTS,ISAC reactive,1,24,0.2695434928017858
SYNTHETIC_LITERATURE_INFORMED_NOT_NS3_RESULTS,ISAC reactive,1,26,0.27912639026007857
SYNTHETIC_LITERATURE_INFORMED_NOT_NS3_RESULTS,ISAC reactive,1,28,0.29106137567545126
SYNTHETIC_LITERATURE_INFORMED_NOT_NS3_RESULTS,ISAC reactive,1,30,0.290340659547048
SYNTHETIC_LITERATURE_INFORMED_NOT_NS3_RESULTS,ISAC reactive,1,32,0.2939306206553929
SYNTHETIC_LITERATURE_INFORMED_NOT_NS3_RESULTS,ISAC reactive,1,34,0.2799591875271703
SYNTHETIC_LITERATURE_INFORMED_NOT_NS3_RESULTS,ISAC reactive,1,36,0.2747242609107162
SYNTHETIC_LITERATURE_INFORMED_NOT_NS3_RESULTS,ISAC reactive,1,38,0.26197939429874867
SYNTHETIC_LITERATURE_INFORMED_NOT_NS3_RESULTS,ISAC reactive,1,40,0.24449928009342492
SYNTHETIC_LITERATURE_INFORMED_NOT_NS3_RESULTS,ISAC reactive,1,42,0.23307690707120984
SYNTHETIC_LITERATURE_INFORMED_NOT_NS3_RESULTS,ISAC reactive,1,44,0.20587048509542097
SYNTHETIC_LITERATURE_INFORMED_NOT_NS3_RESULTS,ISAC reactive,1,46,0.19185535137316612
SYNTHETIC_LITERATURE_INFORMED_NOT_NS3_RESULTS,ISAC reactive,1,48,0.17814066756881303
SYNTHETIC_LITERATURE_INFORMED_NOT_NS3_RESULTS,ISAC reactive,1,50,0.16326905244028847
SYNTHETIC_LITERATURE_INFORMED_NOT_NS3_RESULTS,ISAC reactive,1,52,0.15224951935950032
SYNTHETIC_LITERATURE_INFORMED_NOT_NS3_RESULTS,ISAC reactive,1,54,0.145677770362499
SYNTHETIC_LITERATURE_INFORMED_NOT_NS3_RESULTS,ISAC reactive,1,56,0.14311595768717056
SYNTHETIC_LITERATURE_INFORMED_NOT_NS3_RESULTS,ISAC reactive,1,58,0.14217002864603837
SYNTHETIC_LITERATURE_INFORMED_NOT_NS3_RESULTS,ISAC reactive,1,60,0.14744459333388457
SYNTHETIC_LITERATURE_INFORMED_NOT_NS3_RESULTS,ISAC reactive,1,62,0.13277980071815493
SYNTHETIC_LITERATURE_INFORMED_NOT_NS3_RESULTS,ISAC reactive,1,64,0.13441038617061374
SYNTHETIC_LITERATURE_INFORMED_NOT_NS3_RESULTS,ISAC reactive,1,66,0.13674676830200264
SYNTHETIC_LITERATURE_INFORMED_NOT_NS3_RESULTS,ISAC reactive,1,68,0.14026461292063144
SYNTHETIC_LITERATURE_INFORMED_NOT_NS3_RESULTS,ISAC reactive,1,70,0.1320606642341751
SYNTHETIC_LITERATURE_INFORMED_NOT_NS3_RESULTS,ISAC reactive,1,72,0.13455992956060658
SYNTHETIC_LITERATURE_INFORMED_NOT_NS3_RESULTS,ISAC reactive,1,74,0.12402549821155491
SYNTHETIC_LITERATURE_INFORMED_NOT_NS3_RESULTS,ISAC reactive,1,76,0.1227310041293003
SYNTHETIC_LITERATURE_INFORMED_NOT_NS3_RESULTS,ISAC reactive,1,78,0.1282728018273639
SYNTHETIC_LITERATURE_INFORMED_NOT_NS3_RESULTS,ISAC reactive,1,80,0.11727038956178105
SYNTHETIC_LITERATURE_INFORMED_NOT_NS3_RESULTS,ISAC reactive,1,82,0.11450870114863167
SYNTHETIC_LITERATURE_INFORMED_NOT_NS3_RESULTS,ISAC reactive,1,84,0.11845263092003307
SYNTHETIC_LITERATURE_INFORMED_NOT_NS3_RESULTS,ISAC reactive,1,86,0.12606874995554876
SYNTHETIC_LITERATURE_INFORMED_NOT_NS3_RESULTS,ISAC reactive,1,88,0.12353091443590694
SYNTHETIC_LITERATURE_INFORMED_NOT_NS3_RESULTS,ISAC reactive,1,90,0.12705387522027514
SYNTHETIC_LITERATURE_INFORMED_NOT_NS3_RESULTS,ISAC reactive,2,0,0.0
SYNTHETIC_LITERATURE_INFORMED_NOT_NS3_RESULTS,ISAC reactive,2,2,0.0
SYNTHETIC_LITERATURE_INFORMED_NOT_NS3_RESULTS,ISAC reactive,2,4,0.0
SYNTHETIC_LITERATURE_INFORMED_NOT_NS3_RESULTS,ISAC reactive,2,6,0.0
SYNTHETIC_LITERATURE_INFORMED_NOT_NS3_RESULTS,ISAC reactive,2,8,0.0
SYNTHETIC_LITERATURE_INFORMED_NOT_NS3_RESULTS,ISAC reactive,2,10,0.0
SYNTHETIC_LITERATURE_INFORMED_NOT_NS3_RESULTS,ISAC reactive,2,12,0.0
SYNTHETIC_LITERATURE_INFORMED_NOT_NS3_RESULTS,ISAC reactive,2,14,0.0
SYNTHETIC_LITERATURE_INFORMED_NOT_NS3_RESULTS,ISAC reactive,2,16,0.0
SYNTHETIC_LITERATURE_INFORMED_NOT_NS3_RESULTS,ISAC reactive,2,18,0.14794471669630616
SYNTHETIC_LITERATURE_INFORMED_NOT_NS3_RESULTS,ISAC reactive,2,20,0.22099485478140443
SYNTHETIC_LITERATURE_INFORMED_NOT_NS3_RESULTS,ISAC reactive,2,22,0.28076805094096324
SYNTHETIC_LITERATURE_INFORMED_NOT_NS3_RESULTS,ISAC reactive,2,24,0.32074113815364075
SYNTHETIC_LITERATURE_INFORMED_NOT_NS3_RESULTS,ISAC reactive,2,26,0.3311387288238528
SYNTHETIC_LITERATURE_INFORMED_NOT_NS3_RESULTS,ISAC reactive,2,28,0.33700747764743955
SYNTHETIC_LITERATURE_INFORMED_NOT_NS3_RESULTS,ISAC reactive,2,30,0.33157627236181275
SYNTHETIC_LITERATURE_INFORMED_NOT_NS3_RESULTS,ISAC reactive,2,32,0.3277732082320708
SYNTHETIC_LITERATURE_INFORMED_NOT_NS3_RESULTS,ISAC reactive,2,34,0.31216489437734146
SYNTHETIC_LITERATURE_INFORMED_NOT_NS3_RESULTS,ISAC reactive,2,36,0.3062555015727615
SYNTHETIC_LITERATURE_INFORMED_NOT_NS3_RESULTS,ISAC reactive,2,38,0.29393073065105835
SYNTHETIC_LITERATURE_INFORMED_NOT_NS3_RESULTS,ISAC reactive,2,40,0.26699262649364236
SYNTHETIC_LITERATURE_INFORMED_NOT_NS3_RESULTS,ISAC reactive,2,42,0.25466978596841916
SYNTHETIC_LITERATURE_INFORMED_NOT_NS3_RESULTS,ISAC reactive,2,44,0.24826579024410272
SYNTHETIC_LITERATURE_INFORMED_NOT_NS3_RESULTS,ISAC reactive,2,46,0.22770610032148744
SYNTHETIC_LITERATURE_INFORMED_NOT_NS3_RESULTS,ISAC reactive,2,48,0.21668283771481148
SYNTHETIC_LITERATURE_INFORMED_NOT_NS3_RESULTS,ISAC reactive,2,50,0.20962692519069126
SYNTHETIC_LITERATURE_INFORMED_NOT_NS3_RESULTS,ISAC reactive,2,52,0.20053723683697225
SYNTHETIC_LITERATURE_INFORMED_NOT_NS3_RESULTS,ISAC reactive,2,54,0.19551549742527338
SYNTHETIC_LITERATURE_INFORMED_NOT_NS3_RESULTS,ISAC reactive,2,56,0.20025662545416875
SYNTHETIC_LITERATURE_INFORMED_NOT_NS3_RESULTS,ISAC reactive,2,58,0.1884198843639769
SYNTHETIC_LITERATURE_INFORMED_NOT_NS3_RESULTS,ISAC reactive,2,60,0.19611668838483037
SYNTHETIC_LITERATURE_INFORMED_NOT_NS3_RESULTS,ISAC reactive,2,62,0.1795254394633643
SYNTHETIC_LITERATURE_INFORMED_NOT_NS3_RESULTS,ISAC reactive,2,64,0.17735216408971086
SYNTHETIC_LITERATURE_INFORMED_NOT_NS3_RESULTS,ISAC reactive,2,66,0.17676906247162835
SYNTHETIC_LITERATURE_INFORMED_NOT_NS3_RESULTS,ISAC reactive,2,68,0.17244429318402174
SYNTHETIC_LITERATURE_INFORMED_NOT_NS3_RESULTS,ISAC reactive,2,70,0.16386801265982956
SYNTHETIC_LITERATURE_INFORMED_NOT_NS3_RESULTS,ISAC reactive,2,72,0.1598098909878579
SYNTHETIC_LITERATURE_INFORMED_NOT_NS3_RESULTS,ISAC reactive,2,74,0.1573673661413187
SYNTHETIC_LITERATURE_INFORMED_NOT_NS3_RESULTS,ISAC reactive,2,76,0.16521296490828039
SYNTHETIC_LITERATURE_INFORMED_NOT_NS3_RESULTS,ISAC reactive,2,78,0.15767167408486252
SYNTHETIC_LITERATURE_INFORMED_NOT_NS3_RESULTS,ISAC reactive,2,80,0.15842184513373733
SYNTHETIC_LITERATURE_INFORMED_NOT_NS3_RESULTS,ISAC reactive,2,82,0.16669485504339016
SYNTHETIC_LITERATURE_INFORMED_NOT_NS3_RESULTS,ISAC reactive,2,84,0.17084666979472674
SYNTHETIC_LITERATURE_INFORMED_NOT_NS3_RESULTS,ISAC reactive,2,86,0.168542332480971
SYNTHETIC_LITERATURE_INFORMED_NOT_NS3_RESULTS,ISAC reactive,2,88,0.17647925878302803
SYNTHETIC_LITERATURE_INFORMED_NOT_NS3_RESULTS,ISAC reactive,2,90,0.17279613991805415
SYNTHETIC_LITERATURE_INFORMED_NOT_NS3_RESULTS,ISAC reactive,3,0,0.0
SYNTHETIC_LITERATURE_INFORMED_NOT_NS3_RESULTS,ISAC reactive,3,2,0.0
SYNTHETIC_LITERATURE_INFORMED_NOT_NS3_RESULTS,ISAC reactive,3,4,0.0
SYNTHETIC_LITERATURE_INFORMED_NOT_NS3_RESULTS,ISAC reactive,3,6,0.0
SYNTHETIC_LITERATURE_INFORMED_NOT_NS3_RESULTS,ISAC reactive,3,8,0.0
SYNTHETIC_LITERATURE_INFORMED_NOT_NS3_RESULTS,ISAC reactive,3,10,0.0
SYNTHETIC_LITERATURE_INFORMED_NOT_NS3_RESULTS,ISAC reactive,3,12,0.0
SYNTHETIC_LITERATURE_INFORMED_NOT_NS3_RESULTS,ISAC reactive,3,14,0.0
SYNTHETIC_LITERATURE_INFORMED_NOT_NS3_RESULTS,ISAC reactive,3,16,0.0
SYNTHETIC_LITERATURE_INFORMED_NOT_NS3_RESULTS,ISAC reactive,3,18,0.04626687230324359
SYNTHETIC_LITERATURE_INFORMED_NOT_NS3_RESULTS,ISAC reactive,3,20,0.09525820265988856
SYNTHETIC_LITERATURE_INFORMED_NOT_NS3_RESULTS,ISAC reactive,3,22,0.152446542370609
SYNTHETIC_LITERATURE_INFORMED_NOT_NS3_RESULTS,ISAC reactive,3,24,0.22295943507443294
SYNTHETIC_LITERATURE_INFORMED_NOT_NS3_RESULTS,ISAC reactive,3,26,0.26288910634725593
SYNTHETIC_LITERATURE_INFORMED_NOT_NS3_RESULTS,ISAC reactive,3,28,0.2913301314466388
SYNTHETIC_LITERATURE_INFORMED_NOT_NS3_RESULTS,ISAC reactive,3,30,0.28636224735456944
SYNTHETIC_LITERATURE_INFORMED_NOT_NS3_RESULTS,ISAC reactive,3,32,0.2891583599920081
SYNTHETIC_LITERATURE_INFORMED_NOT_NS3_RESULTS,ISAC reactive,3,34,0.2822721387124801
SYNTHETIC_LITERATURE_INFORMED_NOT_NS3_RESULTS,ISAC reactive,3,36,0.2750269824789173
SYNTHETIC_LITERATURE_INFORMED_NOT_NS3_RESULTS,ISAC reactive,3,38,0.2594949296283591
SYNTHETIC_LITERATURE_INFORMED_NOT_NS3_RESULTS,ISAC reactive,3,40,0.24624107881411442
SYNTHETIC_LITERATURE_INFORMED_NOT_NS3_RESULTS,ISAC reactive,3,42,0.23062084410693884
SYNTHETIC_LITERATURE_INFORMED_NOT_NS3_RESULTS,ISAC reactive,3,44,0.218196265834334
SYNTHETIC_LITERATURE_INFORMED_NOT_NS3_RESULTS,ISAC reactive,3,46,0.21775053667028624
SYNTHETIC_LITERATURE_INFORMED_NOT_NS3_RESULTS,ISAC reactive,3,48,0.19729716563774366
SYNTHETIC_LITERATURE_INFORMED_NOT_NS3_RESULTS,ISAC reactive,3,50,0.19030349996160492
SYNTHETIC_LITERATURE_INFORMED_NOT_NS3_RESULTS,ISAC reactive,3,52,0.1820049252304401
SYNTHETIC_LITERATURE_INFORMED_NOT_NS3_RESULTS,ISAC reactive,3,54,0.17101885155641272
SYNTHETIC_LITERATURE_INFORMED_NOT_NS3_RESULTS,ISAC reactive,3,56,0.1612194088854773
SYNTHETIC_LITERATURE_INFORMED_NOT_NS3_RESULTS,ISAC reactive,3,58,0.15650200783240387
SYNTHETIC_LITERATURE_INFORMED_NOT_NS3_RESULTS,ISAC reactive,3,60,0.14666997666499937
SYNTHETIC_LITERATURE_INFORMED_NOT_NS3_RESULTS,ISAC reactive,3,62,0.14579753565830086
SYNTHETIC_LITERATURE_INFORMED_NOT_NS3_RESULTS,ISAC reactive,3,64,0.12609086676380973
SYNTHETIC_LITERATURE_INFORMED_NOT_NS3_RESULTS,ISAC reactive,3,66,0.12816918893136564
SYNTHETIC_LITERATURE_INFORMED_NOT_NS3_RESULTS,ISAC reactive,3,68,0.1199052764252105
SYNTHETIC_LITERATURE_INFORMED_NOT_NS3_RESULTS,ISAC reactive,3,70,0.12099475173527002
SYNTHETIC_LITERATURE_INFORMED_NOT_NS3_RESULTS,ISAC reactive,3,72,0.12276459341645093
SYNTHETIC_LITERATURE_INFORMED_NOT_NS3_RESULTS,ISAC reactive,3,74,0.11744087230470879
SYNTHETIC_LITERATURE_INFORMED_NOT_NS3_RESULTS,ISAC reactive,3,76,0.1262953817308597
SYNTHETIC_LITERATURE_INFORMED_NOT_NS3_RESULTS,ISAC reactive,3,78,0.12826842416588727
SYNTHETIC_LITERATURE_INFORMED_NOT_NS3_RESULTS,ISAC reactive,3,80,0.12926661567753658
SYNTHETIC_LITERATURE_INFORMED_NOT_NS3_RESULTS,ISAC reactive,3,82,0.1328839234793902
SYNTHETIC_LITERATURE_INFORMED_NOT_NS3_RESULTS,ISAC reactive,3,84,0.13462511616591813
SYNTHETIC_LITERATURE_INFORMED_NOT_NS3_RESULTS,ISAC reactive,3,86,0.13021780124808355
SYNTHETIC_LITERATURE_INFORMED_NOT_NS3_RESULTS,ISAC reactive,3,88,0.13757954297369918
SYNTHETIC_LITERATURE_INFORMED_NOT_NS3_RESULTS,ISAC reactive,3,90,0.12840239837681305
SYNTHETIC_LITERATURE_INFORMED_NOT_NS3_RESULTS,ISAC reactive,4,0,0.0
SYNTHETIC_LITERATURE_INFORMED_NOT_NS3_RESULTS,ISAC reactive,4,2,0.0
SYNTHETIC_LITERATURE_INFORMED_NOT_NS3_RESULTS,ISAC reactive,4,4,0.0
SYNTHETIC_LITERATURE_INFORMED_NOT_NS3_RESULTS,ISAC reactive,4,6,0.0
SYNTHETIC_LITERATURE_INFORMED_NOT_NS3_RESULTS,ISAC reactive,4,8,0.0
SYNTHETIC_LITERATURE_INFORMED_NOT_NS3_RESULTS,ISAC reactive,4,10,0.0
SYNTHETIC_LITERATURE_INFORMED_NOT_NS3_RESULTS,ISAC reactive,4,12,0.0
SYNTHETIC_LITERATURE_INFORMED_NOT_NS3_RESULTS,ISAC reactive,4,14,0.0
SYNTHETIC_LITERATURE_INFORMED_NOT_NS3_RESULTS,ISAC reactive,4,16,0.0
SYNTHETIC_LITERATURE_INFORMED_NOT_NS3_RESULTS,ISAC reactive,4,18,0.11122079289780785
SYNTHETIC_LITERATURE_INFORMED_NOT_NS3_RESULTS,ISAC reactive,4,20,0.18810628654433936
SYNTHETIC_LITERATURE_INFORMED_NOT_NS3_RESULTS,ISAC reactive,4,22,0.24878020830324662
SYNTHETIC_LITERATURE_INFORMED_NOT_NS3_RESULTS,ISAC reactive,4,24,0.2960571242042584
SYNTHETIC_LITERATURE_INFORMED_NOT_NS3_RESULTS,ISAC reactive,4,26,0.302337409896142
SYNTHETIC_LITERATURE_INFORMED_NOT_NS3_RESULTS,ISAC reactive,4,28,0.2974601983263295
SYNTHETIC_LITERATURE_INFORMED_NOT_NS3_RESULTS,ISAC reactive,4,30,0.2953187896143457
SYNTHETIC_LITERATURE_INFORMED_NOT_NS3_RESULTS,ISAC reactive,4,32,0.2876688277717897
SYNTHETIC_LITERATURE_INFORMED_NOT_NS3_RESULTS,ISAC reactive,4,34,0.2730079646882693
SYNTHETIC_LITERATURE_INFORMED_NOT_NS3_RESULTS,ISAC reactive,4,36,0.2753252030223238
SYNTHETIC_LITERATURE_INFORMED_NOT_NS3_RESULTS,ISAC reactive,4,38,0.2575888404230668
SYNTHETIC_LITERATURE_INFORMED_NOT_NS3_RESULTS,ISAC reactive,4,40,0.24626318965717167
SYNTHETIC_LITERATURE_INFORMED_NOT_NS3_RESULTS,ISAC reactive,4,42,0.23779621142484472
SYNTHETIC_LITERATURE_INFORMED_NOT_NS3_RESULTS,ISAC reactive,4,44,0.22338348933360186
SYNTHETIC_LITERATURE_INFORMED_NOT_NS3_RESULTS,ISAC reactive,4,46,0.21397576086171063
SYNTHETIC_LITERATURE_INFORMED_NOT_NS3_RESULTS,ISAC reactive,4,48,0.20649938067944312
SYNTHETIC_LITERATURE_INFORMED_NOT_NS3_RESULTS,ISAC reactive,4,50,0.19959811709396488
SYNTHETIC_LITERATURE_INFORMED_NOT_NS3_RESULTS,ISAC reactive,4,52,0.18174987506454798
SYNTHETIC_LITERATURE_INFORMED_NOT_NS3_RESULTS,ISAC reactive,4,54,0.17267022971262141
SYNTHETIC_LITERATURE_INFORMED_NOT_NS3_RESULTS,ISAC reactive,4,56,0.16557948282658483
SYNTHETIC_LITERATURE_INFORMED_NOT_NS3_RESULTS,ISAC reactive,4,58,0.1603497857407712
SYNTHETIC_LITERATURE_INFORMED_NOT_NS3_RESULTS,ISAC reactive,4,60,0.14544995069126662
SYNTHETIC_LITERATURE_INFORMED_NOT_NS3_RESULTS,ISAC reactive,4,62,0.14392230358209493
SYNTHETIC_LITERATURE_INFORMED_NOT_NS3_RESULTS,ISAC reactive,4,64,0.14413595781042546
SYNTHETIC_LITERATURE_INFORMED_NOT_NS3_RESULTS,ISAC reactive,4,66,0.13160403519266026
SYNTHETIC_LITERATURE_INFORMED_NOT_NS3_RESULTS,ISAC reactive,4,68,0.1311565087790495
SYNTHETIC_LITERATURE_INFORMED_NOT_NS3_RESULTS,ISAC reactive,4,70,0.13776773902907122
SYNTHETIC_LITERATURE_INFORMED_NOT_NS3_RESULTS,ISAC reactive,4,72,0.14294079080952699
SYNTHETIC_LITERATURE_INFORMED_NOT_NS3_RESULTS,ISAC reactive,4,74,0.14103466829561478
SYNTHETIC_LITERATURE_INFORMED_NOT_NS3_RESULTS,ISAC reactive,4,76,0.1411963761398231
SYNTHETIC_LITERATURE_INFORMED_NOT_NS3_RESULTS,ISAC reactive,4,78,0.14963732658366774
SYNTHETIC_LITERATURE_INFORMED_NOT_NS3_RESULTS,ISAC reactive,4,80,0.15586798697172385
SYNTHETIC_LITERATURE_INFORMED_NOT_NS3_RESULTS,ISAC reactive,4,82,0.14981483510221966
SYNTHETIC_LITERATURE_INFORMED_NOT_NS3_RESULTS,ISAC reactive,4,84,0.15198794511973115
SYNTHETIC_LITERATURE_INFORMED_NOT_NS3_RESULTS,ISAC reactive,4,86,0.14841997762921816
SYNTHETIC_LITERATURE_INFORMED_NOT_NS3_RESULTS,ISAC reactive,4,88,0.14276897123584312
SYNTHETIC_LITERATURE_INFORMED_NOT_NS3_RESULTS,ISAC reactive,4,90,0.1411820451079563
SYNTHETIC_LITERATURE_INFORMED_NOT_NS3_RESULTS,ISAC reactive,5,0,0.0
SYNTHETIC_LITERATURE_INFORMED_NOT_NS3_RESULTS,ISAC reactive,5,2,0.0
SYNTHETIC_LITERATURE_INFORMED_NOT_NS3_RESULTS,ISAC reactive,5,4,0.0
SYNTHETIC_LITERATURE_INFORMED_NOT_NS3_RESULTS,ISAC reactive,5,6,0.0
SYNTHETIC_LITERATURE_INFORMED_NOT_NS3_RESULTS,ISAC reactive,5,8,0.0
SYNTHETIC_LITERATURE_INFORMED_NOT_NS3_RESULTS,ISAC reactive,5,10,0.0
SYNTHETIC_LITERATURE_INFORMED_NOT_NS3_RESULTS,ISAC reactive,5,12,0.0
SYNTHETIC_LITERATURE_INFORMED_NOT_NS3_RESULTS,ISAC reactive,5,14,0.0
SYNTHETIC_LITERATURE_INFORMED_NOT_NS3_RESULTS,ISAC reactive,5,16,0.0
SYNTHETIC_LITERATURE_INFORMED_NOT_NS3_RESULTS,ISAC reactive,5,18,0.10086243177668333
SYNTHETIC_LITERATURE_INFORMED_NOT_NS3_RESULTS,ISAC reactive,5,20,0.17287441992073654
SYNTHETIC_LITERATURE_INFORMED_NOT_NS3_RESULTS,ISAC reactive,5,22,0.22189572340409175
SYNTHETIC_LITERATURE_INFORMED_NOT_NS3_RESULTS,ISAC reactive,5,24,0.2603384212010506
SYNTHETIC_LITERATURE_INFORMED_NOT_NS3_RESULTS,ISAC reactive,5,26,0.26869013200682573
SYNTHETIC_LITERATURE_INFORMED_NOT_NS3_RESULTS,ISAC reactive,5,28,0.2712084822020971
SYNTHETIC_LITERATURE_INFORMED_NOT_NS3_RESULTS,ISAC reactive,5,30,0.26380545709446773
SYNTHETIC_LITERATURE_INFORMED_NOT_NS3_RESULTS,ISAC reactive,5,32,0.2599909089849099
SYNTHETIC_LITERATURE_INFORMED_NOT_NS3_RESULTS,ISAC reactive,5,34,0.2584932380974136
SYNTHETIC_LITERATURE_INFORMED_NOT_NS3_RESULTS,ISAC reactive,5,36,0.2540042205488297
SYNTHETIC_LITERATURE_INFORMED_NOT_NS3_RESULTS,ISAC reactive,5,38,0.23841502249567503
SYNTHETIC_LITERATURE_INFORMED_NOT_NS3_RESULTS,ISAC reactive,5,40,0.22059471079273177
SYNTHETIC_LITERATURE_INFORMED_NOT_NS3_RESULTS,ISAC reactive,5,42,0.21016661241093434
SYNTHETIC_LITERATURE_INFORMED_NOT_NS3_RESULTS,ISAC reactive,5,44,0.20108562921894646
SYNTHETIC_LITERATURE_INFORMED_NOT_NS3_RESULTS,ISAC reactive,5,46,0.19449167197588674
SYNTHETIC_LITERATURE_INFORMED_NOT_NS3_RESULTS,ISAC reactive,5,48,0.1770010378546966
SYNTHETIC_LITERATURE_INFORMED_NOT_NS3_RESULTS,ISAC reactive,5,50,0.16240610677137682
SYNTHETIC_LITERATURE_INFORMED_NOT_NS3_RESULTS,ISAC reactive,5,52,0.149685818792068
SYNTHETIC_LITERATURE_INFORMED_NOT_NS3_RESULTS,ISAC reactive,5,54,0.13651395589520915
SYNTHETIC_LITERATURE_INFORMED_NOT_NS3_RESULTS,ISAC reactive,5,56,0.13537702547505734
SYNTHETIC_LITERATURE_INFORMED_NOT_NS3_RESULTS,ISAC reactive,5,58,0.12830556213992067
SYNTHETIC_LITERATURE_INFORMED_NOT_NS3_RESULTS,ISAC reactive,5,60,0.11742117352758903
SYNTHETIC_LITERATURE_INFORMED_NOT_NS3_RESULTS,ISAC reactive,5,62,0.1180753929224352
SYNTHETIC_LITERATURE_INFORMED_NOT_NS3_RESULTS,ISAC reactive,5,64,0.1156250426746063
SYNTHETIC_LITERATURE_INFORMED_NOT_NS3_RESULTS,ISAC reactive,5,66,0.11314091518493971
SYNTHETIC_LITERATURE_INFORMED_NOT_NS3_RESULTS,ISAC reactive,5,68,0.11428335390931099
SYNTHETIC_LITERATURE_INFORMED_NOT_NS3_RESULTS,ISAC reactive,5,70,0.11498492539474373
SYNTHETIC_LITERATURE_INFORMED_NOT_NS3_RESULTS,ISAC reactive,5,72,0.1169032502458353
SYNTHETIC_LITERATURE_INFORMED_NOT_NS3_RESULTS,ISAC reactive,5,74,0.12352998501575396
SYNTHETIC_LITERATURE_INFORMED_NOT_NS3_RESULTS,ISAC reactive,5,76,0.12085715683069907
SYNTHETIC_LITERATURE_INFORMED_NOT_NS3_RESULTS,ISAC reactive,5,78,0.11755487971184984
SYNTHETIC_LITERATURE_INFORMED_NOT_NS3_RESULTS,ISAC reactive,5,80,0.12252460447479316
SYNTHETIC_LITERATURE_INFORMED_NOT_NS3_RESULTS,ISAC reactive,5,82,0.11694646203951349
SYNTHETIC_LITERATURE_INFORMED_NOT_NS3_RESULTS,ISAC reactive,5,84,0.1250826193459783
SYNTHETIC_LITERATURE_INFORMED_NOT_NS3_RESULTS,ISAC reactive,5,86,0.10997444266647399
SYNTHETIC_LITERATURE_INFORMED_NOT_NS3_RESULTS,ISAC reactive,5,88,0.11223407070716925
SYNTHETIC_LITERATURE_INFORMED_NOT_NS3_RESULTS,ISAC reactive,5,90,0.1082610093828626
SYNTHETIC_LITERATURE_INFORMED_NOT_NS3_RESULTS,ISAC reactive,6,0,0.0
SYNTHETIC_LITERATURE_INFORMED_NOT_NS3_RESULTS,ISAC reactive,6,2,0.0
SYNTHETIC_LITERATURE_INFORMED_NOT_NS3_RESULTS,ISAC reactive,6,4,0.0
SYNTHETIC_LITERATURE_INFORMED_NOT_NS3_RESULTS,ISAC reactive,6,6,0.0
SYNTHETIC_LITERATURE_INFORMED_NOT_NS3_RESULTS,ISAC reactive,6,8,0.0
SYNTHETIC_LITERATURE_INFORMED_NOT_NS3_RESULTS,ISAC reactive,6,10,0.0
SYNTHETIC_LITERATURE_INFORMED_NOT_NS3_RESULTS,ISAC reactive,6,12,0.0
SYNTHETIC_LITERATURE_INFORMED_NOT_NS3_RESULTS,ISAC reactive,6,14,0.0
SYNTHETIC_LITERATURE_INFORMED_NOT_NS3_RESULTS,ISAC reactive,6,16,0.0
SYNTHETIC_LITERATURE_INFORMED_NOT_NS3_RESULTS,ISAC reactive,6,18,0.08271626537014817
SYNTHETIC_LITERATURE_INFORMED_NOT_NS3_RESULTS,ISAC reactive,6,20,0.14922848107791692
SYNTHETIC_LITERATURE_INFORMED_NOT_NS3_RESULTS,ISAC reactive,6,22,0.2128220394610857
SYNTHETIC_LITERATURE_INFORMED_NOT_NS3_RESULTS,ISAC reactive,6,24,0.2589824905964643
SYNTHETIC_LITERATURE_INFORMED_NOT_NS3_RESULTS,ISAC reactive,6,26,0.28137230865013163
SYNTHETIC_LITERATURE_INFORMED_NOT_NS3_RESULTS,ISAC reactive,6,28,0.28196584661099655
SYNTHETIC_LITERATURE_INFORMED_NOT_NS3_RESULTS,ISAC reactive,6,30,0.27603603835486673
SYNTHETIC_LITERATURE_INFORMED_NOT_NS3_RESULTS,ISAC reactive,6,32,0.2829217255785133
SYNTHETIC_LITERATURE_INFORMED_NOT_NS3_RESULTS,ISAC reactive,6,34,0.29335019861434053
SYNTHETIC_LITERATURE_INFORMED_NOT_NS3_RESULTS,ISAC reactive,6,36,0.276072306299653
SYNTHETIC_LITERATURE_INFORMED_NOT_NS3_RESULTS,ISAC reactive,6,38,0.2732753080689368
SYNTHETIC_LITERATURE_INFORMED_NOT_NS3_RESULTS,ISAC reactive,6,40,0.2618858859954133
SYNTHETIC_LITERATURE_INFORMED_NOT_NS3_RESULTS,ISAC reactive,6,42,0.24711244289150508
SYNTHETIC_LITERATURE_INFORMED_NOT_NS3_RESULTS,ISAC reactive,6,44,0.2289028309838114
SYNTHETIC_LITERATURE_INFORMED_NOT_NS3_RESULTS,ISAC reactive,6,46,0.21027070539792256
SYNTHETIC_LITERATURE_INFORMED_NOT_NS3_RESULTS,ISAC reactive,6,48,0.1935241150251382
SYNTHETIC_LITERATURE_INFORMED_NOT_NS3_RESULTS,ISAC reactive,6,50,0.18060171115774315
SYNTHETIC_LITERATURE_INFORMED_NOT_NS3_RESULTS,ISAC reactive,6,52,0.166138419475665
SYNTHETIC_LITERATURE_INFORMED_NOT_NS3_RESULTS,ISAC reactive,6,54,0.15516947422022545
SYNTHETIC_LITERATURE_INFORMED_NOT_NS3_RESULTS,ISAC reactive,6,56,0.14484836915248125
SYNTHETIC_LITERATURE_INFORMED_NOT_NS3_RESULTS,ISAC reactive,6,58,0.13653402058870645
SYNTHETIC_LITERATURE_INFORMED_NOT_NS3_RESULTS,ISAC reactive,6,60,0.1331289348672515
SYNTHETIC_LITERATURE_INFORMED_NOT_NS3_RESULTS,ISAC reactive,6,62,0.14254709897188741
SYNTHETIC_LITERATURE_INFORMED_NOT_NS3_RESULTS,ISAC reactive,6,64,0.14356771240979235
SYNTHETIC_LITERATURE_INFORMED_NOT_NS3_RESULTS,ISAC reactive,6,66,0.14340142365994082
SYNTHETIC_LITERATURE_INFORMED_NOT_NS3_RESULTS,ISAC reactive,6,68,0.1436022845597837
SYNTHETIC_LITERATURE_INFORMED_NOT_NS3_RESULTS,ISAC reactive,6,70,0.1536398033875057
SYNTHETIC_LITERATURE_INFORMED_NOT_NS3_RESULTS,ISAC reactive,6,72,0.14749221667150592
SYNTHETIC_LITERATURE_INFORMED_NOT_NS3_RESULTS,ISAC reactive,6,74,0.13911506192885703
SYNTHETIC_LITERATURE_INFORMED_NOT_NS3_RESULTS,ISAC reactive,6,76,0.14050174028599485
SYNTHETIC_LITERATURE_INFORMED_NOT_NS3_RESULTS,ISAC reactive,6,78,0.1277284294371764
SYNTHETIC_LITERATURE_INFORMED_NOT_NS3_RESULTS,ISAC reactive,6,80,0.13028950158970393
SYNTHETIC_LITERATURE_INFORMED_NOT_NS3_RESULTS,ISAC reactive,6,82,0.1309409772451595
SYNTHETIC_LITERATURE_INFORMED_NOT_NS3_RESULTS,ISAC reactive,6,84,0.12908396193470698
SYNTHETIC_LITERATURE_INFORMED_NOT_NS3_RESULTS,ISAC reactive,6,86,0.12147848831545437
SYNTHETIC_LITERATURE_INFORMED_NOT_NS3_RESULTS,ISAC reactive,6,88,0.12407868619216933
SYNTHETIC_LITERATURE_INFORMED_NOT_NS3_RESULTS,ISAC reactive,6,90,0.12058640023671476
SYNTHETIC_LITERATURE_INFORMED_NOT_NS3_RESULTS,ISAC reactive,7,0,0.0
SYNTHETIC_LITERATURE_INFORMED_NOT_NS3_RESULTS,ISAC reactive,7,2,0.0
SYNTHETIC_LITERATURE_INFORMED_NOT_NS3_RESULTS,ISAC reactive,7,4,0.0
SYNTHETIC_LITERATURE_INFORMED_NOT_NS3_RESULTS,ISAC reactive,7,6,0.0
SYNTHETIC_LITERATURE_INFORMED_NOT_NS3_RESULTS,ISAC reactive,7,8,0.0
SYNTHETIC_LITERATURE_INFORMED_NOT_NS3_RESULTS,ISAC reactive,7,10,0.0
SYNTHETIC_LITERATURE_INFORMED_NOT_NS3_RESULTS,ISAC reactive,7,12,0.0
SYNTHETIC_LITERATURE_INFORMED_NOT_NS3_RESULTS,ISAC reactive,7,14,0.0
SYNTHETIC_LITERATURE_INFORMED_NOT_NS3_RESULTS,ISAC reactive,7,16,0.0
SYNTHETIC_LITERATURE_INFORMED_NOT_NS3_RESULTS,ISAC reactive,7,18,0.07764151737849714
SYNTHETIC_LITERATURE_INFORMED_NOT_NS3_RESULTS,ISAC reactive,7,20,0.14030732041505276
SYNTHETIC_LITERATURE_INFORMED_NOT_NS3_RESULTS,ISAC reactive,7,22,0.20697539975594287
SYNTHETIC_LITERATURE_INFORMED_NOT_NS3_RESULTS,ISAC reactive,7,24,0.246596527930708
SYNTHETIC_LITERATURE_INFORMED_NOT_NS3_RESULTS,ISAC reactive,7,26,0.27192111677291075
SYNTHETIC_LITERATURE_INFORMED_NOT_NS3_RESULTS,ISAC reactive,7,28,0.2745678170835817
SYNTHETIC_LITERATURE_INFORMED_NOT_NS3_RESULTS,ISAC reactive,7,30,0.2850660540396114
SYNTHETIC_LITERATURE_INFORMED_NOT_NS3_RESULTS,ISAC reactive,7,32,0.2834085048804854
SYNTHETIC_LITERATURE_INFORMED_NOT_NS3_RESULTS,ISAC reactive,7,34,0.2762594796115565
SYNTHETIC_LITERATURE_INFORMED_NOT_NS3_RESULTS,ISAC reactive,7,36,0.2673386533652217
SYNTHETIC_LITERATURE_INFORMED_NOT_NS3_RESULTS,ISAC reactive,7,38,0.25419026539537526
SYNTHETIC_LITERATURE_INFORMED_NOT_NS3_RESULTS,ISAC reactive,7,40,0.24091801964448792
SYNTHETIC_LITERATURE_INFORMED_NOT_NS3_RESULTS,ISAC reactive,7,42,0.2322910023252867
SYNTHETIC_LITERATURE_INFORMED_NOT_NS3_RESULTS,ISAC reactive,7,44,0.2089301164638797
SYNTHETIC_LITERATURE_INFORMED_NOT_NS3_RESULTS,ISAC reactive,7,46,0.18578417457066065
SYNTHETIC_LITERATURE_INFORMED_NOT_NS3_RESULTS,ISAC reactive,7,48,0.17176373026409175
SYNTHETIC_LITERATURE_INFORMED_NOT_NS3_RESULTS,ISAC reactive,7,50,0.15866388723732947
SYNTHETIC_LITERATURE_INFORMED_NOT_NS3_RESULTS,ISAC reactive,7,52,0.14675565010896896
SYNTHETIC_LITERATURE_INFORMED_NOT_NS3_RESULTS,ISAC reactive,7,54,0.14171418774644418
SYNTHETIC_LITERATURE_INFORMED_NOT_NS3_RESULTS,ISAC reactive,7,56,0.1431911162664987
SYNTHETIC_LITERATURE_INFORMED_NOT_NS3_RESULTS,ISAC reactive,7,58,0.13552657063396187
SYNTHETIC_LITERATURE_INFORMED_NOT_NS3_RESULTS,ISAC reactive,7,60,0.12796931455312505
SYNTHETIC_LITERATURE_INFORMED_NOT_NS3_RESULTS,ISAC reactive,7,62,0.1340546605988476
SYNTHETIC_LITERATURE_INFORMED_NOT_NS3_RESULTS,ISAC reactive,7,64,0.13162059353305458
SYNTHETIC_LITERATURE_INFORMED_NOT_NS3_RESULTS,ISAC reactive,7,66,0.12900074320254618
SYNTHETIC_LITERATURE_INFORMED_NOT_NS3_RESULTS,ISAC reactive,7,68,0.12577573902578904
SYNTHETIC_LITERATURE_INFORMED_NOT_NS3_RESULTS,ISAC reactive,7,70,0.1286469095499321
SYNTHETIC_LITERATURE_INFORMED_NOT_NS3_RESULTS,ISAC reactive,7,72,0.12283608033932215
SYNTHETIC_LITERATURE_INFORMED_NOT_NS3_RESULTS,ISAC reactive,7,74,0.11861061843000728
SYNTHETIC_LITERATURE_INFORMED_NOT_NS3_RESULTS,ISAC reactive,7,76,0.12140408724766767
SYNTHETIC_LITERATURE_INFORMED_NOT_NS3_RESULTS,ISAC reactive,7,78,0.1064187286570083
SYNTHETIC_LITERATURE_INFORMED_NOT_NS3_RESULTS,ISAC reactive,7,80,0.10473547906517743
SYNTHETIC_LITERATURE_INFORMED_NOT_NS3_RESULTS,ISAC reactive,7,82,0.10780580158943127
SYNTHETIC_LITERATURE_INFORMED_NOT_NS3_RESULTS,ISAC reactive,7,84,0.10413456975550721
SYNTHETIC_LITERATURE_INFORMED_NOT_NS3_RESULTS,ISAC reactive,7,86,0.11094345375881864
SYNTHETIC_LITERATURE_INFORMED_NOT_NS3_RESULTS,ISAC reactive,7,88,0.10915188212225677
SYNTHETIC_LITERATURE_INFORMED_NOT_NS3_RESULTS,ISAC reactive,7,90,0.11689093504301376
SYNTHETIC_LITERATURE_INFORMED_NOT_NS3_RESULTS,ISAC reactive,8,0,0.0
SYNTHETIC_LITERATURE_INFORMED_NOT_NS3_RESULTS,ISAC reactive,8,2,0.0
SYNTHETIC_LITERATURE_INFORMED_NOT_NS3_RESULTS,ISAC reactive,8,4,0.0
SYNTHETIC_LITERATURE_INFORMED_NOT_NS3_RESULTS,ISAC reactive,8,6,0.0
SYNTHETIC_LITERATURE_INFORMED_NOT_NS3_RESULTS,ISAC reactive,8,8,0.0
SYNTHETIC_LITERATURE_INFORMED_NOT_NS3_RESULTS,ISAC reactive,8,10,0.0
SYNTHETIC_LITERATURE_INFORMED_NOT_NS3_RESULTS,ISAC reactive,8,12,0.0
SYNTHETIC_LITERATURE_INFORMED_NOT_NS3_RESULTS,ISAC reactive,8,14,0.0
SYNTHETIC_LITERATURE_INFORMED_NOT_NS3_RESULTS,ISAC reactive,8,16,0.0
SYNTHETIC_LITERATURE_INFORMED_NOT_NS3_RESULTS,ISAC reactive,8,18,0.06103518791881383
SYNTHETIC_LITERATURE_INFORMED_NOT_NS3_RESULTS,ISAC reactive,8,20,0.11984314444032072
SYNTHETIC_LITERATURE_INFORMED_NOT_NS3_RESULTS,ISAC reactive,8,22,0.18969882393400161
SYNTHETIC_LITERATURE_INFORMED_NOT_NS3_RESULTS,ISAC reactive,8,24,0.2390686147830537
SYNTHETIC_LITERATURE_INFORMED_NOT_NS3_RESULTS,ISAC reactive,8,26,0.273443728882541
SYNTHETIC_LITERATURE_INFORMED_NOT_NS3_RESULTS,ISAC reactive,8,28,0.2710346651141574
SYNTHETIC_LITERATURE_INFORMED_NOT_NS3_RESULTS,ISAC reactive,8,30,0.278611889819537
SYNTHETIC_LITERATURE_INFORMED_NOT_NS3_RESULTS,ISAC reactive,8,32,0.2723102731210812
SYNTHETIC_LITERATURE_INFORMED_NOT_NS3_RESULTS,ISAC reactive,8,34,0.2635644432201589
SYNTHETIC_LITERATURE_INFORMED_NOT_NS3_RESULTS,ISAC reactive,8,36,0.26033660250778135
SYNTHETIC_LITERATURE_INFORMED_NOT_NS3_RESULTS,ISAC reactive,8,38,0.24689260373802713
SYNTHETIC_LITERATURE_INFORMED_NOT_NS3_RESULTS,ISAC reactive,8,40,0.22275866910433842
SYNTHETIC_LITERATURE_INFORMED_NOT_NS3_RESULTS,ISAC reactive,8,42,0.20613910254599116
SYNTHETIC_LITERATURE_INFORMED_NOT_NS3_RESULTS,ISAC reactive,8,44,0.19543460670843418
SYNTHETIC_LITERATURE_INFORMED_NOT_NS3_RESULTS,ISAC reactive,8,46,0.1774412280495876
SYNTHETIC_LITERATURE_INFORMED_NOT_NS3_RESULTS,ISAC reactive,8,48,0.16520739410708293
SYNTHETIC_LITERATURE_INFORMED_NOT_NS3_RESULTS,ISAC reactive,8,50,0.15267123285020937
SYNTHETIC_LITERATURE_INFORMED_NOT_NS3_RESULTS,ISAC reactive,8,52,0.15118700754366937
SYNTHETIC_LITERATURE_INFORMED_NOT_NS3_RESULTS,ISAC reactive,8,54,0.13761601157257417
SYNTHETIC_LITERATURE_INFORMED_NOT_NS3_RESULTS,ISAC reactive,8,56,0.1406089199084178
SYNTHETIC_LITERATURE_INFORMED_NOT_NS3_RESULTS,ISAC reactive,8,58,0.13014145500318394
SYNTHETIC_LITERATURE_INFORMED_NOT_NS3_RESULTS,ISAC reactive,8,60,0.13465622295541377
SYNTHETIC_LITERATURE_INFORMED_NOT_NS3_RESULTS,ISAC reactive,8,62,0.13317297448790022
SYNTHETIC_LITERATURE_INFORMED_NOT_NS3_RESULTS,ISAC reactive,8,64,0.12952053222604182
SYNTHETIC_LITERATURE_INFORMED_NOT_NS3_RESULTS,ISAC reactive,8,66,0.11881752068464083
SYNTHETIC_LITERATURE_INFORMED_NOT_NS3_RESULTS,ISAC reactive,8,68,0.11913589837336566
SYNTHETIC_LITERATURE_INFORMED_NOT_NS3_RESULTS,ISAC reactive,8,70,0.11708786137373199
SYNTHETIC_LITERATURE_INFORMED_NOT_NS3_RESULTS,ISAC reactive,8,72,0.10351584736646798
SYNTHETIC_LITERATURE_INFORMED_NOT_NS3_RESULTS,ISAC reactive,8,74,0.1022191329450919
SYNTHETIC_LITERATURE_INFORMED_NOT_NS3_RESULTS,ISAC reactive,8,76,0.1005161461619268
SYNTHETIC_LITERATURE_INFORMED_NOT_NS3_RESULTS,ISAC reactive,8,78,0.10138070383816027
SYNTHETIC_LITERATURE_INFORMED_NOT_NS3_RESULTS,ISAC reactive,8,80,0.10623210431762159
SYNTHETIC_LITERATURE_INFORMED_NOT_NS3_RESULTS,ISAC reactive,8,82,0.10845394005160135
SYNTHETIC_LITERATURE_INFORMED_NOT_NS3_RESULTS,ISAC reactive,8,84,0.10346285672048021
SYNTHETIC_LITERATURE_INFORMED_NOT_NS3_RESULTS,ISAC reactive,8,86,0.1121163781043675
SYNTHETIC_LITERATURE_INFORMED_NOT_NS3_RESULTS,ISAC reactive,8,88,0.12194183078758489
SYNTHETIC_LITERATURE_INFORMED_NOT_NS3_RESULTS,ISAC reactive,8,90,0.12436725208634007
SYNTHETIC_LITERATURE_INFORMED_NOT_NS3_RESULTS,ISAC reactive,9,0,0.0
SYNTHETIC_LITERATURE_INFORMED_NOT_NS3_RESULTS,ISAC reactive,9,2,0.0
SYNTHETIC_LITERATURE_INFORMED_NOT_NS3_RESULTS,ISAC reactive,9,4,0.0
SYNTHETIC_LITERATURE_INFORMED_NOT_NS3_RESULTS,ISAC reactive,9,6,0.0
SYNTHETIC_LITERATURE_INFORMED_NOT_NS3_RESULTS,ISAC reactive,9,8,0.0
SYNTHETIC_LITERATURE_INFORMED_NOT_NS3_RESULTS,ISAC reactive,9,10,0.0
SYNTHETIC_LITERATURE_INFORMED_NOT_NS3_RESULTS,ISAC reactive,9,12,0.0
SYNTHETIC_LITERATURE_INFORMED_NOT_NS3_RESULTS,ISAC reactive,9,14,0.0
SYNTHETIC_LITERATURE_INFORMED_NOT_NS3_RESULTS,ISAC reactive,9,16,0.0
SYNTHETIC_LITERATURE_INFORMED_NOT_NS3_RESULTS,ISAC reactive,9,18,0.0557204395832687
SYNTHETIC_LITERATURE_INFORMED_NOT_NS3_RESULTS,ISAC reactive,9,20,0.11313375534044902
SYNTHETIC_LITERATURE_INFORMED_NOT_NS3_RESULTS,ISAC reactive,9,22,0.1779783160592276
SYNTHETIC_LITERATURE_INFORMED_NOT_NS3_RESULTS,ISAC reactive,9,24,0.2440426954590981
SYNTHETIC_LITERATURE_INFORMED_NOT_NS3_RESULTS,ISAC reactive,9,26,0.27041056526244006
SYNTHETIC_LITERATURE_INFORMED_NOT_NS3_RESULTS,ISAC reactive,9,28,0.2826238093658983
SYNTHETIC_LITERATURE_INFORMED_NOT_NS3_RESULTS,ISAC reactive,9,30,0.295664840774823
SYNTHETIC_LITERATURE_INFORMED_NOT_NS3_RESULTS,ISAC reactive,9,32,0.28638362267192424
SYNTHETIC_LITERATURE_INFORMED_NOT_NS3_RESULTS,ISAC reactive,9,34,0.2746489843351839
SYNTHETIC_LITERATURE_INFORMED_NOT_NS3_RESULTS,ISAC reactive,9,36,0.2703150207678157
SYNTHETIC_LITERATURE_INFORMED_NOT_NS3_RESULTS,ISAC reactive,9,38,0.255862871325174
SYNTHETIC_LITERATURE_INFORMED_NOT_NS3_RESULTS,ISAC reactive,9,40,0.23705694807447147
SYNTHETIC_LITERATURE_INFORMED_NOT_NS3_RESULTS,ISAC reactive,9,42,0.23116506679541882
SYNTHETIC_LITERATURE_INFORMED_NOT_NS3_RESULTS,ISAC reactive,9,44,0.21597695480764242
SYNTHETIC_LITERATURE_INFORMED_NOT_NS3_RESULTS,ISAC reactive,9,46,0.20997608176774218
SYNTHETIC_LITERATURE_INFORMED_NOT_NS3_RESULTS,ISAC reactive,9,48,0.18771891585893719
SYNTHETIC_LITERATURE_INFORMED_NOT_NS3_RESULTS,ISAC reactive,9,50,0.18717937595568115
SYNTHETIC_LITERATURE_INFORMED_NOT_NS3_RESULTS,ISAC reactive,9,52,0.1746887822971597
SYNTHETIC_LITERATURE_INFORMED_NOT_NS3_RESULTS,ISAC reactive,9,54,0.1691484513327465
SYNTHETIC_LITERATURE_INFORMED_NOT_NS3_RESULTS,ISAC reactive,9,56,0.1625636586030702
SYNTHETIC_LITERATURE_INFORMED_NOT_NS3_RESULTS,ISAC reactive,9,58,0.15085624862527403
SYNTHETIC_LITERATURE_INFORMED_NOT_NS3_RESULTS,ISAC reactive,9,60,0.14412403734675946
SYNTHETIC_LITERATURE_INFORMED_NOT_NS3_RESULTS,ISAC reactive,9,62,0.14399381137583558
SYNTHETIC_LITERATURE_INFORMED_NOT_NS3_RESULTS,ISAC reactive,9,64,0.1344039162167051
SYNTHETIC_LITERATURE_INFORMED_NOT_NS3_RESULTS,ISAC reactive,9,66,0.12751304848175032
SYNTHETIC_LITERATURE_INFORMED_NOT_NS3_RESULTS,ISAC reactive,9,68,0.11273358550982604
SYNTHETIC_LITERATURE_INFORMED_NOT_NS3_RESULTS,ISAC reactive,9,70,0.12142251876049331
SYNTHETIC_LITERATURE_INFORMED_NOT_NS3_RESULTS,ISAC reactive,9,72,0.11960427540563198
SYNTHETIC_LITERATURE_INFORMED_NOT_NS3_RESULTS,ISAC reactive,9,74,0.10396226505459866
SYNTHETIC_LITERATURE_INFORMED_NOT_NS3_RESULTS,ISAC reactive,9,76,0.11708224717123547
SYNTHETIC_LITERATURE_INFORMED_NOT_NS3_RESULTS,ISAC reactive,9,78,0.1253228487612097
SYNTHETIC_LITERATURE_INFORMED_NOT_NS3_RESULTS,ISAC reactive,9,80,0.12309176087898717
SYNTHETIC_LITERATURE_INFORMED_NOT_NS3_RESULTS,ISAC reactive,9,82,0.12778994587276157
SYNTHETIC_LITERATURE_INFORMED_NOT_NS3_RESULTS,ISAC reactive,9,84,0.13475047046553384
SYNTHETIC_LITERATURE_INFORMED_NOT_NS3_RESULTS,ISAC reactive,9,86,0.12383629708413404
SYNTHETIC_LITERATURE_INFORMED_NOT_NS3_RESULTS,ISAC reactive,9,88,0.13794190808043003
SYNTHETIC_LITERATURE_INFORMED_NOT_NS3_RESULTS,ISAC reactive,9,90,0.1352679402110602
SYNTHETIC_LITERATURE_INFORMED_NOT_NS3_RESULTS,ISAC reactive,10,0,0.0
SYNTHETIC_LITERATURE_INFORMED_NOT_NS3_RESULTS,ISAC reactive,10,2,0.0
SYNTHETIC_LITERATURE_INFORMED_NOT_NS3_RESULTS,ISAC reactive,10,4,0.0
SYNTHETIC_LITERATURE_INFORMED_NOT_NS3_RESULTS,ISAC reactive,10,6,0.0
SYNTHETIC_LITERATURE_INFORMED_NOT_NS3_RESULTS,ISAC reactive,10,8,0.0
SYNTHETIC_LITERATURE_INFORMED_NOT_NS3_RESULTS,ISAC reactive,10,10,0.0
SYNTHETIC_LITERATURE_INFORMED_NOT_NS3_RESULTS,ISAC reactive,10,12,0.0
SYNTHETIC_LITERATURE_INFORMED_NOT_NS3_RESULTS,ISAC reactive,10,14,0.0
SYNTHETIC_LITERATURE_INFORMED_NOT_NS3_RESULTS,ISAC reactive,10,16,0.0
SYNTHETIC_LITERATURE_INFORMED_NOT_NS3_RESULTS,ISAC reactive,10,18,0.07851298994187053
SYNTHETIC_LITERATURE_INFORMED_NOT_NS3_RESULTS,ISAC reactive,10,20,0.13515227105779565
SYNTHETIC_LITERATURE_INFORMED_NOT_NS3_RESULTS,ISAC reactive,10,22,0.20865610015711603
SYNTHETIC_LITERATURE_INFORMED_NOT_NS3_RESULTS,ISAC reactive,10,24,0.25147963382739413
SYNTHETIC_LITERATURE_INFORMED_NOT_NS3_RESULTS,ISAC reactive,10,26,0.27513703371729265
SYNTHETIC_LITERATURE_INFORMED_NOT_NS3_RESULTS,ISAC reactive,10,28,0.2755189191439539
SYNTHETIC_LITERATURE_INFORMED_NOT_NS3_RESULTS,ISAC reactive,10,30,0.27952011235309787
SYNTHETIC_LITERATURE_INFORMED_NOT_NS3_RESULTS,ISAC reactive,10,32,0.26747818074178276
SYNTHETIC_LITERATURE_INFORMED_NOT_NS3_RESULTS,ISAC reactive,10,34,0.2568210585659162
SYNTHETIC_LITERATURE_INFORMED_NOT_NS3_RESULTS,ISAC reactive,10,36,0.2513504401747809
SYNTHETIC_LITERATURE_INFORMED_NOT_NS3_RESULTS,ISAC reactive,10,38,0.23479862230227838
SYNTHETIC_LITERATURE_INFORMED_NOT_NS3_RESULTS,ISAC reactive,10,40,0.23481417194924342
SYNTHETIC_LITERATURE_INFORMED_NOT_NS3_RESULTS,ISAC reactive,10,42,0.21889920240449465
SYNTHETIC_LITERATURE_INFORMED_NOT_NS3_RESULTS,ISAC reactive,10,44,0.2021554417170458
SYNTHETIC_LITERATURE_INFORMED_NOT_NS3_RESULTS,ISAC reactive,10,46,0.19404880432248178
SYNTHETIC_LITERATURE_INFORMED_NOT_NS3_RESULTS,ISAC reactive,10,48,0.18291874629793753
SYNTHETIC_LITERATURE_INFORMED_NOT_NS3_RESULTS,ISAC reactive,10,50,0.17752786797540118
SYNTHETIC_LITERATURE_INFORMED_NOT_NS3_RESULTS,ISAC reactive,10,52,0.16548550556486435
SYNTHETIC_LITERATURE_INFORMED_NOT_NS3_RESULTS,ISAC reactive,10,54,0.1577629708355835
SYNTHETIC_LITERATURE_INFORMED_NOT_NS3_RESULTS,ISAC reactive,10,56,0.15428337656888275
SYNTHETIC_LITERATURE_INFORMED_NOT_NS3_RESULTS,ISAC reactive,10,58,0.14478229275819626
SYNTHETIC_LITERATURE_INFORMED_NOT_NS3_RESULTS,ISAC reactive,10,60,0.1315440071968908
SYNTHETIC_LITERATURE_INFORMED_NOT_NS3_RESULTS,ISAC reactive,10,62,0.12169149141934514
SYNTHETIC_LITERATURE_INFORMED_NOT_NS3_RESULTS,ISAC reactive,10,64,0.11283574796487503
SYNTHETIC_LITERATURE_INFORMED_NOT_NS3_RESULTS,ISAC reactive,10,66,0.11342506284857322
SYNTHETIC_LITERATURE_INFORMED_NOT_NS3_RESULTS,ISAC reactive,10,68,0.11304322170260539
SYNTHETIC_LITERATURE_INFORMED_NOT_NS3_RESULTS,ISAC reactive,10,70,0.10915492149513165
SYNTHETIC_LITERATURE_INFORMED_NOT_NS3_RESULTS,ISAC reactive,10,72,0.11498223135745327
SYNTHETIC_LITERATURE_INFORMED_NOT_NS3_RESULTS,ISAC reactive,10,74,0.11419731456016027
SYNTHETIC_LITERATURE_INFORMED_NOT_NS3_RESULTS,ISAC reactive,10,76,0.12050607822115131
SYNTHETIC_LITERATURE_INFORMED_NOT_NS3_RESULTS,ISAC reactive,10,78,0.12549101802889223
SYNTHETIC_LITERATURE_INFORMED_NOT_NS3_RESULTS,ISAC reactive,10,80,0.1249283368305046
SYNTHETIC_LITERATURE_INFORMED_NOT_NS3_RESULTS,ISAC reactive,10,82,0.12467594756550976
SYNTHETIC_LITERATURE_INFORMED_NOT_NS3_RESULTS,ISAC reactive,10,84,0.1238275953205335
SYNTHETIC_LITERATURE_INFORMED_NOT_NS3_RESULTS,ISAC reactive,10,86,0.1333160498857423
SYNTHETIC_LITERATURE_INFORMED_NOT_NS3_RESULTS,ISAC reactive,10,88,0.12361349549766919
SYNTHETIC_LITERATURE_INFORMED_NOT_NS3_RESULTS,ISAC reactive,10,90,0.11732444324883402
SYNTHETIC_LITERATURE_INFORMED_NOT_NS3_RESULTS,ISAC + RF predictive,1,0,0.0
SYNTHETIC_LITERATURE_INFORMED_NOT_NS3_RESULTS,ISAC + RF predictive,1,2,0.0
SYNTHETIC_LITERATURE_INFORMED_NOT_NS3_RESULTS,ISAC + RF predictive,1,4,0.0
SYNTHETIC_LITERATURE_INFORMED_NOT_NS3_RESULTS,ISAC + RF predictive,1,6,0.0
SYNTHETIC_LITERATURE_INFORMED_NOT_NS3_RESULTS,ISAC + RF predictive,1,8,0.0
SYNTHETIC_LITERATURE_INFORMED_NOT_NS3_RESULTS,ISAC + RF predictive,1,10,0.0
SYNTHETIC_LITERATURE_INFORMED_NOT_NS3_RESULTS,ISAC + RF predictive,1,12,0.0
SYNTHETIC_LITERATURE_INFORMED_NOT_NS3_RESULTS,ISAC + RF predictive,1,14,0.0
SYNTHETIC_LITERATURE_INFORMED_NOT_NS3_RESULTS,ISAC + RF predictive,1,16,0.0
SYNTHETIC_LITERATURE_INFORMED_NOT_NS3_RESULTS,ISAC + RF predictive,1,18,0.023660133927004265
SYNTHETIC_LITERATURE_INFORMED_NOT_NS3_RESULTS,ISAC + RF predictive,1,20,0.07166083428757318
SYNTHETIC_LITERATURE_INFORMED_NOT_NS3_RESULTS,ISAC + RF predictive,1,22,0.12611510555296332
SYNTHETIC_LITERATURE_INFORMED_NOT_NS3_RESULTS,ISAC + RF predictive,1,24,0.1913678554551617
SYNTHETIC_LITERATURE_INFORMED_NOT_NS3_RESULTS,ISAC + RF predictive,1,26,0.23856632404904615
SYNTHETIC_LITERATURE_INFORMED_NOT_NS3_RESULTS,ISAC + RF predictive,1,28,0.26078726458707874
SYNTHETIC_LITERATURE_INFORMED_NOT_NS3_RESULTS,ISAC + RF predictive,1,30,0.2654991607996786
SYNTHETIC_LITERATURE_INFORMED_NOT_NS3_RESULTS,ISAC + RF predictive,1,32,0.255226073575887
SYNTHETIC_LITERATURE_INFORMED_NOT_NS3_RESULTS,ISAC + RF predictive,1,34,0.24345386045321718
SYNTHETIC_LITERATURE_INFORMED_NOT_NS3_RESULTS,ISAC + RF predictive,1,36,0.22699794697332415
SYNTHETIC_LITERATURE_INFORMED_NOT_NS3_RESULTS,ISAC + RF predictive,1,38,0.20039762358866403
SYNTHETIC_LITERATURE_INFORMED_NOT_NS3_RESULTS,ISAC + RF predictive,1,40,0.1805905318567448
SYNTHETIC_LITERATURE_INFORMED_NOT_NS3_RESULTS,ISAC + RF predictive,1,42,0.17020187222506736
SYNTHETIC_LITERATURE_INFORMED_NOT_NS3_RESULTS,ISAC + RF predictive,1,44,0.14624426882958544
SYNTHETIC_LITERATURE_INFORMED_NOT_NS3_RESULTS,ISAC + RF predictive,1,46,0.1372354935235908
SYNTHETIC_LITERATURE_INFORMED_NOT_NS3_RESULTS,ISAC + RF predictive,1,48,0.12070563153429915
SYNTHETIC_LITERATURE_INFORMED_NOT_NS3_RESULTS,ISAC + RF predictive,1,50,0.11301427881628168
SYNTHETIC_LITERATURE_INFORMED_NOT_NS3_RESULTS,ISAC + RF predictive,1,52,0.1057091445250335
SYNTHETIC_LITERATURE_INFORMED_NOT_NS3_RESULTS,ISAC + RF predictive,1,54,0.10858346592393253
SYNTHETIC_LITERATURE_INFORMED_NOT_NS3_RESULTS,ISAC + RF predictive,1,56,0.11023460842821675
SYNTHETIC_LITERATURE_INFORMED_NOT_NS3_RESULTS,ISAC + RF predictive,1,58,0.10456004043760847
SYNTHETIC_LITERATURE_INFORMED_NOT_NS3_RESULTS,ISAC + RF predictive,1,60,0.10854435903469226
SYNTHETIC_LITERATURE_INFORMED_NOT_NS3_RESULTS,ISAC + RF predictive,1,62,0.11314558426626536
SYNTHETIC_LITERATURE_INFORMED_NOT_NS3_RESULTS,ISAC + RF predictive,1,64,0.10954145570508353
SYNTHETIC_LITERATURE_INFORMED_NOT_NS3_RESULTS,ISAC + RF predictive,1,66,0.11052805368715415
SYNTHETIC_LITERATURE_INFORMED_NOT_NS3_RESULTS,ISAC + RF predictive,1,68,0.10484169470852434
SYNTHETIC_LITERATURE_INFORMED_NOT_NS3_RESULTS,ISAC + RF predictive,1,70,0.10477120805748676
SYNTHETIC_LITERATURE_INFORMED_NOT_NS3_RESULTS,ISAC + RF predictive,1,72,0.10307818738685551
SYNTHETIC_LITERATURE_INFORMED_NOT_NS3_RESULTS,ISAC + RF predictive,1,74,0.09875097507393837
SYNTHETIC_LITERATURE_INFORMED_NOT_NS3_RESULTS,ISAC + RF predictive,1,76,0.09479272043140836
SYNTHETIC_LITERATURE_INFORMED_NOT_NS3_RESULTS,ISAC + RF predictive,1,78,0.09610276979009305
SYNTHETIC_LITERATURE_INFORMED_NOT_NS3_RESULTS,ISAC + RF predictive,1,80,0.09533939071519798
SYNTHETIC_LITERATURE_INFORMED_NOT_NS3_RESULTS,ISAC + RF predictive,1,82,0.09031699594614757
SYNTHETIC_LITERATURE_INFORMED_NOT_NS3_RESULTS,ISAC + RF predictive,1,84,0.09443158102727629
SYNTHETIC_LITERATURE_INFORMED_NOT_NS3_RESULTS,ISAC + RF predictive,1,86,0.09393521628902755
SYNTHETIC_LITERATURE_INFORMED_NOT_NS3_RESULTS,ISAC + RF predictive,1,88,0.10340317216553113
SYNTHETIC_LITERATURE_INFORMED_NOT_NS3_RESULTS,ISAC + RF predictive,1,90,0.10026861583262262
SYNTHETIC_LITERATURE_INFORMED_NOT_NS3_RESULTS,ISAC + RF predictive,2,0,0.0
SYNTHETIC_LITERATURE_INFORMED_NOT_NS3_RESULTS,ISAC + RF predictive,2,2,0.0
SYNTHETIC_LITERATURE_INFORMED_NOT_NS3_RESULTS,ISAC + RF predictive,2,4,0.0
SYNTHETIC_LITERATURE_INFORMED_NOT_NS3_RESULTS,ISAC + RF predictive,2,6,0.0
SYNTHETIC_LITERATURE_INFORMED_NOT_NS3_RESULTS,ISAC + RF predictive,2,8,0.0
SYNTHETIC_LITERATURE_INFORMED_NOT_NS3_RESULTS,ISAC + RF predictive,2,10,0.0
SYNTHETIC_LITERATURE_INFORMED_NOT_NS3_RESULTS,ISAC + RF predictive,2,12,0.0
SYNTHETIC_LITERATURE_INFORMED_NOT_NS3_RESULTS,ISAC + RF predictive,2,14,0.0
SYNTHETIC_LITERATURE_INFORMED_NOT_NS3_RESULTS,ISAC + RF predictive,2,16,0.0
SYNTHETIC_LITERATURE_INFORMED_NOT_NS3_RESULTS,ISAC + RF predictive,2,18,0.10474630787053021
SYNTHETIC_LITERATURE_INFORMED_NOT_NS3_RESULTS,ISAC + RF predictive,2,20,0.16636869510931027
SYNTHETIC_LITERATURE_INFORMED_NOT_NS3_RESULTS,ISAC + RF predictive,2,22,0.2326941109632344
SYNTHETIC_LITERATURE_INFORMED_NOT_NS3_RESULTS,ISAC + RF predictive,2,24,0.2569013576584941
SYNTHETIC_LITERATURE_INFORMED_NOT_NS3_RESULTS,ISAC + RF predictive,2,26,0.2753237773362076
SYNTHETIC_LITERATURE_INFORMED_NOT_NS3_RESULTS,ISAC + RF predictive,2,28,0.2782257864892955
SYNTHETIC_LITERATURE_INFORMED_NOT_NS3_RESULTS,ISAC + RF predictive,2,30,0.25546082047206164
SYNTHETIC_LITERATURE_INFORMED_NOT_NS3_RESULTS,ISAC + RF predictive,2,32,0.24516501387013542
SYNTHETIC_LITERATURE_INFORMED_NOT_NS3_RESULTS,ISAC + RF predictive,2,34,0.22409684497441074
SYNTHETIC_LITERATURE_INFORMED_NOT_NS3_RESULTS,ISAC + RF predictive,2,36,0.20585712092023897
SYNTHETIC_LITERATURE_INFORMED_NOT_NS3_RESULTS,ISAC + RF predictive,2,38,0.18431110059661737
SYNTHETIC_LITERATURE_INFORMED_NOT_NS3_RESULTS,ISAC + RF predictive,2,40,0.16330623107667572
SYNTHETIC_LITERATURE_INFORMED_NOT_NS3_RESULTS,ISAC + RF predictive,2,42,0.15161524853557184
SYNTHETIC_LITERATURE_INFORMED_NOT_NS3_RESULTS,ISAC + RF predictive,2,44,0.13658827803071544
SYNTHETIC_LITERATURE_INFORMED_NOT_NS3_RESULTS,ISAC + RF predictive,2,46,0.13135824193701756
SYNTHETIC_LITERATURE_INFORMED_NOT_NS3_RESULTS,ISAC + RF predictive,2,48,0.11640652881074469
SYNTHETIC_LITERATURE_INFORMED_NOT_NS3_RESULTS,ISAC + RF predictive,2,50,0.11682408829702312
SYNTHETIC_LITERATURE_INFORMED_NOT_NS3_RESULTS,ISAC + RF predictive,2,52,0.12013376683174598
SYNTHETIC_LITERATURE_INFORMED_NOT_NS3_RESULTS,ISAC + RF predictive,2,54,0.11730032606421126
SYNTHETIC_LITERATURE_INFORMED_NOT_NS3_RESULTS,ISAC + RF predictive,2,56,0.12521209099529926
SYNTHETIC_LITERATURE_INFORMED_NOT_NS3_RESULTS,ISAC + RF predictive,2,58,0.12463928016089314
SYNTHETIC_LITERATURE_INFORMED_NOT_NS3_RESULTS,ISAC + RF predictive,2,60,0.11852810059972146
SYNTHETIC_LITERATURE_INFORMED_NOT_NS3_RESULTS,ISAC + RF predictive,2,62,0.12381783347928244
SYNTHETIC_LITERATURE_INFORMED_NOT_NS3_RESULTS,ISAC + RF predictive,2,64,0.11647184664252931
SYNTHETIC_LITERATURE_INFORMED_NOT_NS3_RESULTS,ISAC + RF predictive,2,66,0.11697159775077082
SYNTHETIC_LITERATURE_INFORMED_NOT_NS3_RESULTS,ISAC + RF predictive,2,68,0.11739774779912587
SYNTHETIC_LITERATURE_INFORMED_NOT_NS3_RESULTS,ISAC + RF predictive,2,70,0.10388924660717946
SYNTHETIC_LITERATURE_INFORMED_NOT_NS3_RESULTS,ISAC + RF predictive,2,72,0.10692273780230768
SYNTHETIC_LITERATURE_INFORMED_NOT_NS3_RESULTS,ISAC + RF predictive,2,74,0.11096250849666811
SYNTHETIC_LITERATURE_INFORMED_NOT_NS3_RESULTS,ISAC + RF predictive,2,76,0.09698668316100231
SYNTHETIC_LITERATURE_INFORMED_NOT_NS3_RESULTS,ISAC + RF predictive,2,78,0.10256014445730431
SYNTHETIC_LITERATURE_INFORMED_NOT_NS3_RESULTS,ISAC + RF predictive,2,80,0.10615085420345964
SYNTHETIC_LITERATURE_INFORMED_NOT_NS3_RESULTS,ISAC + RF predictive,2,82,0.10244786680826727
SYNTHETIC_LITERATURE_INFORMED_NOT_NS3_RESULTS,ISAC + RF predictive,2,84,0.11689503020700583
SYNTHETIC_LITERATURE_INFORMED_NOT_NS3_RESULTS,ISAC + RF predictive,2,86,0.10979803094607779
SYNTHETIC_LITERATURE_INFORMED_NOT_NS3_RESULTS,ISAC + RF predictive,2,88,0.11622409401463206
SYNTHETIC_LITERATURE_INFORMED_NOT_NS3_RESULTS,ISAC + RF predictive,2,90,0.11320008098104795
SYNTHETIC_LITERATURE_INFORMED_NOT_NS3_RESULTS,ISAC + RF predictive,3,0,0.0
SYNTHETIC_LITERATURE_INFORMED_NOT_NS3_RESULTS,ISAC + RF predictive,3,2,0.0
SYNTHETIC_LITERATURE_INFORMED_NOT_NS3_RESULTS,ISAC + RF predictive,3,4,0.0
SYNTHETIC_LITERATURE_INFORMED_NOT_NS3_RESULTS,ISAC + RF predictive,3,6,0.0
SYNTHETIC_LITERATURE_INFORMED_NOT_NS3_RESULTS,ISAC + RF predictive,3,8,0.0
SYNTHETIC_LITERATURE_INFORMED_NOT_NS3_RESULTS,ISAC + RF predictive,3,10,0.0
SYNTHETIC_LITERATURE_INFORMED_NOT_NS3_RESULTS,ISAC + RF predictive,3,12,0.0
SYNTHETIC_LITERATURE_INFORMED_NOT_NS3_RESULTS,ISAC + RF predictive,3,14,0.0
SYNTHETIC_LITERATURE_INFORMED_NOT_NS3_RESULTS,ISAC + RF predictive,3,16,0.0
SYNTHETIC_LITERATURE_INFORMED_NOT_NS3_RESULTS,ISAC + RF predictive,3,18,0.05555338218742142
SYNTHETIC_LITERATURE_INFORMED_NOT_NS3_RESULTS,ISAC + RF predictive,3,20,0.11143821930728175
SYNTHETIC_LITERATURE_INFORMED_NOT_NS3_RESULTS,ISAC + RF predictive,3,22,0.18358799744392845
SYNTHETIC_LITERATURE_INFORMED_NOT_NS3_RESULTS,ISAC + RF predictive,3,24,0.22423096883848698
SYNTHETIC_LITERATURE_INFORMED_NOT_NS3_RESULTS,ISAC + RF predictive,3,26,0.24121494960894335
SYNTHETIC_LITERATURE_INFORMED_NOT_NS3_RESULTS,ISAC + RF predictive,3,28,0.23880536462917126
SYNTHETIC_LITERATURE_INFORMED_NOT_NS3_RESULTS,ISAC + RF predictive,3,30,0.2215862949545938
SYNTHETIC_LITERATURE_INFORMED_NOT_NS3_RESULTS,ISAC + RF predictive,3,32,0.2005542540584789
SYNTHETIC_LITERATURE_INFORMED_NOT_NS3_RESULTS,ISAC + RF predictive,3,34,0.19055323736572058
SYNTHETIC_LITERATURE_INFORMED_NOT_NS3_RESULTS,ISAC + RF predictive,3,36,0.16439636224083784
SYNTHETIC_LITERATURE_INFORMED_NOT_NS3_RESULTS,ISAC + RF predictive,3,38,0.1441683195904433
SYNTHETIC_LITERATURE_INFORMED_NOT_NS3_RESULTS,ISAC + RF predictive,3,40,0.12822589055632022
SYNTHETIC_LITERATURE_INFORMED_NOT_NS3_RESULTS,ISAC + RF predictive,3,42,0.1304717204239747
SYNTHETIC_LITERATURE_INFORMED_NOT_NS3_RESULTS,ISAC + RF predictive,3,44,0.11875851993787777
SYNTHETIC_LITERATURE_INFORMED_NOT_NS3_RESULTS,ISAC + RF predictive,3,46,0.10718996439621709
SYNTHETIC_LITERATURE_INFORMED_NOT_NS3_RESULTS,ISAC + RF predictive,3,48,0.09839205887505721
SYNTHETIC_LITERATURE_INFORMED_NOT_NS3_RESULTS,ISAC + RF predictive,3,50,0.09488831961055239
SYNTHETIC_LITERATURE_INFORMED_NOT_NS3_RESULTS,ISAC + RF predictive,3,52,0.09221068297916583
SYNTHETIC_LITERATURE_INFORMED_NOT_NS3_RESULTS,ISAC + RF predictive,3,54,0.09614983124524552
SYNTHETIC_LITERATURE_INFORMED_NOT_NS3_RESULTS,ISAC + RF predictive,3,56,0.09641487140658102
SYNTHETIC_LITERATURE_INFORMED_NOT_NS3_RESULTS,ISAC + RF predictive,3,58,0.0913258523420554
SYNTHETIC_LITERATURE_INFORMED_NOT_NS3_RESULTS,ISAC + RF predictive,3,60,0.08630229405418437
SYNTHETIC_LITERATURE_INFORMED_NOT_NS3_RESULTS,ISAC + RF predictive,3,62,0.08679169107372733
SYNTHETIC_LITERATURE_INFORMED_NOT_NS3_RESULTS,ISAC + RF predictive,3,64,0.07989988857483958
SYNTHETIC_LITERATURE_INFORMED_NOT_NS3_RESULTS,ISAC + RF predictive,3,66,0.07999072958034437
SYNTHETIC_LITERATURE_INFORMED_NOT_NS3_RESULTS,ISAC + RF predictive,3,68,0.07358545203453697
SYNTHETIC_LITERATURE_INFORMED_NOT_NS3_RESULTS,ISAC + RF predictive,3,70,0.0675141777154081
SYNTHETIC_LITERATURE_INFORMED_NOT_NS3_RESULTS,ISAC + RF predictive,3,72,0.0690219811032162
SYNTHETIC_LITERATURE_INFORMED_NOT_NS3_RESULTS,ISAC + RF predictive,3,74,0.07387158324671383
SYNTHETIC_LITERATURE_INFORMED_NOT_NS3_RESULTS,ISAC + RF predictive,3,76,0.07478289922075569
SYNTHETIC_LITERATURE_INFORMED_NOT_NS3_RESULTS,ISAC + RF predictive,3,78,0.07390090997713612
SYNTHETIC_LITERATURE_INFORMED_NOT_NS3_RESULTS,ISAC + RF predictive,3,80,0.0764740871187436
SYNTHETIC_LITERATURE_INFORMED_NOT_NS3_RESULTS,ISAC + RF predictive,3,82,0.08152713639140287
SYNTHETIC_LITERATURE_INFORMED_NOT_NS3_RESULTS,ISAC + RF predictive,3,84,0.09205401575134538
SYNTHETIC_LITERATURE_INFORMED_NOT_NS3_RESULTS,ISAC + RF predictive,3,86,0.0872325988631147
SYNTHETIC_LITERATURE_INFORMED_NOT_NS3_RESULTS,ISAC + RF predictive,3,88,0.09074034519785977
SYNTHETIC_LITERATURE_INFORMED_NOT_NS3_RESULTS,ISAC + RF predictive,3,90,0.08415076173299074
SYNTHETIC_LITERATURE_INFORMED_NOT_NS3_RESULTS,ISAC + RF predictive,4,0,0.0
SYNTHETIC_LITERATURE_INFORMED_NOT_NS3_RESULTS,ISAC + RF predictive,4,2,0.0
SYNTHETIC_LITERATURE_INFORMED_NOT_NS3_RESULTS,ISAC + RF predictive,4,4,0.0
SYNTHETIC_LITERATURE_INFORMED_NOT_NS3_RESULTS,ISAC + RF predictive,4,6,0.0
SYNTHETIC_LITERATURE_INFORMED_NOT_NS3_RESULTS,ISAC + RF predictive,4,8,0.0
SYNTHETIC_LITERATURE_INFORMED_NOT_NS3_RESULTS,ISAC + RF predictive,4,10,0.0
SYNTHETIC_LITERATURE_INFORMED_NOT_NS3_RESULTS,ISAC + RF predictive,4,12,0.0
SYNTHETIC_LITERATURE_INFORMED_NOT_NS3_RESULTS,ISAC + RF predictive,4,14,0.0
SYNTHETIC_LITERATURE_INFORMED_NOT_NS3_RESULTS,ISAC + RF predictive,4,16,0.0
SYNTHETIC_LITERATURE_INFORMED_NOT_NS3_RESULTS,ISAC + RF predictive,4,18,0.0699547838577349
SYNTHETIC_LITERATURE_INFORMED_NOT_NS3_RESULTS,ISAC + RF predictive,4,20,0.133098848211859
SYNTHETIC_LITERATURE_INFORMED_NOT_NS3_RESULTS,ISAC + RF predictive,4,22,0.18710347765463747
SYNTHETIC_LITERATURE_INFORMED_NOT_NS3_RESULTS,ISAC + RF predictive,4,24,0.23068083019637042
SYNTHETIC_LITERATURE_INFORMED_NOT_NS3_RESULTS,ISAC + RF predictive,4,26,0.24901535544034173
SYNTHETIC_LITERATURE_INFORMED_NOT_NS3_RESULTS,ISAC + RF predictive,4,28,0.25571110444749223
SYNTHETIC_LITERATURE_INFORMED_NOT_NS3_RESULTS,ISAC + RF predictive,4,30,0.23627738514634566
SYNTHETIC_LITERATURE_INFORMED_NOT_NS3_RESULTS,ISAC + RF predictive,4,32,0.2308264790437808
SYNTHETIC_LITERATURE_INFORMED_NOT_NS3_RESULTS,ISAC + RF predictive,4,34,0.2100674981779842
SYNTHETIC_LITERATURE_INFORMED_NOT_NS3_RESULTS,ISAC + RF predictive,4,36,0.19371709911587104
SYNTHETIC_LITERATURE_INFORMED_NOT_NS3_RESULTS,ISAC + RF predictive,4,38,0.17532610551122654
SYNTHETIC_LITERATURE_INFORMED_NOT_NS3_RESULTS,ISAC + RF predictive,4,40,0.15801609323806826
SYNTHETIC_LITERATURE_INFORMED_NOT_NS3_RESULTS,ISAC + RF predictive,4,42,0.14859434114579667
SYNTHETIC_LITERATURE_INFORMED_NOT_NS3_RESULTS,ISAC + RF predictive,4,44,0.13965166331753587
SYNTHETIC_LITERATURE_INFORMED_NOT_NS3_RESULTS,ISAC + RF predictive,4,46,0.1352137800269032
SYNTHETIC_LITERATURE_INFORMED_NOT_NS3_RESULTS,ISAC + RF predictive,4,48,0.1272344906264058
SYNTHETIC_LITERATURE_INFORMED_NOT_NS3_RESULTS,ISAC + RF predictive,4,50,0.12303443161650986
SYNTHETIC_LITERATURE_INFORMED_NOT_NS3_RESULTS,ISAC + RF predictive,4,52,0.12514828936864347
SYNTHETIC_LITERATURE_INFORMED_NOT_NS3_RESULTS,ISAC + RF predictive,4,54,0.1156968947193838
SYNTHETIC_LITERATURE_INFORMED_NOT_NS3_RESULTS,ISAC + RF predictive,4,56,0.11105389878926691
SYNTHETIC_LITERATURE_INFORMED_NOT_NS3_RESULTS,ISAC + RF predictive,4,58,0.10961804409210561
SYNTHETIC_LITERATURE_INFORMED_NOT_NS3_RESULTS,ISAC + RF predictive,4,60,0.0979787357024291
SYNTHETIC_LITERATURE_INFORMED_NOT_NS3_RESULTS,ISAC + RF predictive,4,62,0.09634685960162748
SYNTHETIC_LITERATURE_INFORMED_NOT_NS3_RESULTS,ISAC + RF predictive,4,64,0.1012246756659389
SYNTHETIC_LITERATURE_INFORMED_NOT_NS3_RESULTS,ISAC + RF predictive,4,66,0.0934956624152816
SYNTHETIC_LITERATURE_INFORMED_NOT_NS3_RESULTS,ISAC + RF predictive,4,68,0.09221559199264258
SYNTHETIC_LITERATURE_INFORMED_NOT_NS3_RESULTS,ISAC + RF predictive,4,70,0.09498075217806068
SYNTHETIC_LITERATURE_INFORMED_NOT_NS3_RESULTS,ISAC + RF predictive,4,72,0.0973599279417637
SYNTHETIC_LITERATURE_INFORMED_NOT_NS3_RESULTS,ISAC + RF predictive,4,74,0.10230076713844996
SYNTHETIC_LITERATURE_INFORMED_NOT_NS3_RESULTS,ISAC + RF predictive,4,76,0.10493621357114993
SYNTHETIC_LITERATURE_INFORMED_NOT_NS3_RESULTS,ISAC + RF predictive,4,78,0.10318994443798367
SYNTHETIC_LITERATURE_INFORMED_NOT_NS3_RESULTS,ISAC + RF predictive,4,80,0.10372710716654761
SYNTHETIC_LITERATURE_INFORMED_NOT_NS3_RESULTS,ISAC + RF predictive,4,82,0.11073858457728993
SYNTHETIC_LITERATURE_INFORMED_NOT_NS3_RESULTS,ISAC + RF predictive,4,84,0.10387227748346271
SYNTHETIC_LITERATURE_INFORMED_NOT_NS3_RESULTS,ISAC + RF predictive,4,86,0.10478749363746467
SYNTHETIC_LITERATURE_INFORMED_NOT_NS3_RESULTS,ISAC + RF predictive,4,88,0.10395725728562259
SYNTHETIC_LITERATURE_INFORMED_NOT_NS3_RESULTS,ISAC + RF predictive,4,90,0.09022168596643121
SYNTHETIC_LITERATURE_INFORMED_NOT_NS3_RESULTS,ISAC + RF predictive,5,0,0.0
SYNTHETIC_LITERATURE_INFORMED_NOT_NS3_RESULTS,ISAC + RF predictive,5,2,0.0
SYNTHETIC_LITERATURE_INFORMED_NOT_NS3_RESULTS,ISAC + RF predictive,5,4,0.0
SYNTHETIC_LITERATURE_INFORMED_NOT_NS3_RESULTS,ISAC + RF predictive,5,6,0.0
SYNTHETIC_LITERATURE_INFORMED_NOT_NS3_RESULTS,ISAC + RF predictive,5,8,0.0
SYNTHETIC_LITERATURE_INFORMED_NOT_NS3_RESULTS,ISAC + RF predictive,5,10,0.0
SYNTHETIC_LITERATURE_INFORMED_NOT_NS3_RESULTS,ISAC + RF predictive,5,12,0.0
SYNTHETIC_LITERATURE_INFORMED_NOT_NS3_RESULTS,ISAC + RF predictive,5,14,0.0
SYNTHETIC_LITERATURE_INFORMED_NOT_NS3_RESULTS,ISAC + RF predictive,5,16,0.0
SYNTHETIC_LITERATURE_INFORMED_NOT_NS3_RESULTS,ISAC + RF predictive,5,18,0.0850454740701842
SYNTHETIC_LITERATURE_INFORMED_NOT_NS3_RESULTS,ISAC + RF predictive,5,20,0.1409854453274079
SYNTHETIC_LITERATURE_INFORMED_NOT_NS3_RESULTS,ISAC + RF predictive,5,22,0.20606920947632495
SYNTHETIC_LITERATURE_INFORMED_NOT_NS3_RESULTS,ISAC + RF predictive,5,24,0.23821439254378754
SYNTHETIC_LITERATURE_INFORMED_NOT_NS3_RESULTS,ISAC + RF predictive,5,26,0.24610492475720794
SYNTHETIC_LITERATURE_INFORMED_NOT_NS3_RESULTS,ISAC + RF predictive,5,28,0.2423913438393228
SYNTHETIC_LITERATURE_INFORMED_NOT_NS3_RESULTS,ISAC + RF predictive,5,30,0.24086617286977055
SYNTHETIC_LITERATURE_INFORMED_NOT_NS3_RESULTS,ISAC + RF predictive,5,32,0.2307573251092629
SYNTHETIC_LITERATURE_INFORMED_NOT_NS3_RESULTS,ISAC + RF predictive,5,34,0.2149631860938153
SYNTHETIC_LITERATURE_INFORMED_NOT_NS3_RESULTS,ISAC + RF predictive,5,36,0.19082953026312013
SYNTHETIC_LITERATURE_INFORMED_NOT_NS3_RESULTS,ISAC + RF predictive,5,38,0.18292021663037775
SYNTHETIC_LITERATURE_INFORMED_NOT_NS3_RESULTS,ISAC + RF predictive,5,40,0.17393789905017046
SYNTHETIC_LITERATURE_INFORMED_NOT_NS3_RESULTS,ISAC + RF predictive,5,42,0.16372919008157577
SYNTHETIC_LITERATURE_INFORMED_NOT_NS3_RESULTS,ISAC + RF predictive,5,44,0.15406809773259514
SYNTHETIC_LITERATURE_INFORMED_NOT_NS3_RESULTS,ISAC + RF predictive,5,46,0.14062029920891395
SYNTHETIC_LITERATURE_INFORMED_NOT_NS3_RESULTS,ISAC + RF predictive,5,48,0.13327583192747458
SYNTHETIC_LITERATURE_INFORMED_NOT_NS3_RESULTS,ISAC + RF predictive,5,50,0.12161435321463378
SYNTHETIC_LITERATURE_INFORMED_NOT_NS3_RESULTS,ISAC + RF predictive,5,52,0.11693661896763974
SYNTHETIC_LITERATURE_INFORMED_NOT_NS3_RESULTS,ISAC + RF predictive,5,54,0.11481091588550864
SYNTHETIC_LITERATURE_INFORMED_NOT_NS3_RESULTS,ISAC + RF predictive,5,56,0.1031423509246511
SYNTHETIC_LITERATURE_INFORMED_NOT_NS3_RESULTS,ISAC + RF predictive,5,58,0.1056621824947544
SYNTHETIC_LITERATURE_INFORMED_NOT_NS3_RESULTS,ISAC + RF predictive,5,60,0.1015483725178533
SYNTHETIC_LITERATURE_INFORMED_NOT_NS3_RESULTS,ISAC + RF predictive,5,62,0.10287244757054191
SYNTHETIC_LITERATURE_INFORMED_NOT_NS3_RESULTS,ISAC + RF predictive,5,64,0.0991386972319227
SYNTHETIC_LITERATURE_INFORMED_NOT_NS3_RESULTS,ISAC + RF predictive,5,66,0.10333278871419817
SYNTHETIC_LITERATURE_INFORMED_NOT_NS3_RESULTS,ISAC + RF predictive,5,68,0.10635799199739865
SYNTHETIC_LITERATURE_INFORMED_NOT_NS3_RESULTS,ISAC + RF predictive,5,70,0.10976349732481215
SYNTHETIC_LITERATURE_INFORMED_NOT_NS3_RESULTS,ISAC + RF predictive,5,72,0.11918721795813589
SYNTHETIC_LITERATURE_INFORMED_NOT_NS3_RESULTS,ISAC + RF predictive,5,74,0.10677190741996259
SYNTHETIC_LITERATURE_INFORMED_NOT_NS3_RESULTS,ISAC + RF predictive,5,76,0.10967189654098981
SYNTHETIC_LITERATURE_INFORMED_NOT_NS3_RESULTS,ISAC + RF predictive,5,78,0.11546990630182183
SYNTHETIC_LITERATURE_INFORMED_NOT_NS3_RESULTS,ISAC + RF predictive,5,80,0.11681727884802998
SYNTHETIC_LITERATURE_INFORMED_NOT_NS3_RESULTS,ISAC + RF predictive,5,82,0.10950095559178065
SYNTHETIC_LITERATURE_INFORMED_NOT_NS3_RESULTS,ISAC + RF predictive,5,84,0.10901950403247974
SYNTHETIC_LITERATURE_INFORMED_NOT_NS3_RESULTS,ISAC + RF predictive,5,86,0.10639483498232885
SYNTHETIC_LITERATURE_INFORMED_NOT_NS3_RESULTS,ISAC + RF predictive,5,88,0.10336699516478376
SYNTHETIC_LITERATURE_INFORMED_NOT_NS3_RESULTS,ISAC + RF predictive,5,90,0.10363890357033938
SYNTHETIC_LITERATURE_INFORMED_NOT_NS3_RESULTS,ISAC + RF predictive,6,0,0.0
SYNTHETIC_LITERATURE_INFORMED_NOT_NS3_RESULTS,ISAC + RF predictive,6,2,0.0
SYNTHETIC_LITERATURE_INFORMED_NOT_NS3_RESULTS,ISAC + RF predictive,6,4,0.0
SYNTHETIC_LITERATURE_INFORMED_NOT_NS3_RESULTS,ISAC + RF predictive,6,6,0.0
SYNTHETIC_LITERATURE_INFORMED_NOT_NS3_RESULTS,ISAC + RF predictive,6,8,0.0
SYNTHETIC_LITERATURE_INFORMED_NOT_NS3_RESULTS,ISAC + RF predictive,6,10,0.0
SYNTHETIC_LITERATURE_INFORMED_NOT_NS3_RESULTS,ISAC + RF predictive,6,12,0.0
SYNTHETIC_LITERATURE_INFORMED_NOT_NS3_RESULTS,ISAC + RF predictive,6,14,0.0
SYNTHETIC_LITERATURE_INFORMED_NOT_NS3_RESULTS,ISAC + RF predictive,6,16,0.0
SYNTHETIC_LITERATURE_INFORMED_NOT_NS3_RESULTS,ISAC + RF predictive,6,18,0.05843242934169914
SYNTHETIC_LITERATURE_INFORMED_NOT_NS3_RESULTS,ISAC + RF predictive,6,20,0.11571579821093902
SYNTHETIC_LITERATURE_INFORMED_NOT_NS3_RESULTS,ISAC + RF predictive,6,22,0.17524709438724898
SYNTHETIC_LITERATURE_INFORMED_NOT_NS3_RESULTS,ISAC + RF predictive,6,24,0.21961569536080566
SYNTHETIC_LITERATURE_INFORMED_NOT_NS3_RESULTS,ISAC + RF predictive,6,26,0.23852470331848058
SYNTHETIC_LITERATURE_INFORMED_NOT_NS3_RESULTS,ISAC + RF predictive,6,28,0.23733044569868006
SYNTHETIC_LITERATURE_INFORMED_NOT_NS3_RESULTS,ISAC + RF predictive,6,30,0.24002604096942295
SYNTHETIC_LITERATURE_INFORMED_NOT_NS3_RESULTS,ISAC + RF predictive,6,32,0.22388841360407882
SYNTHETIC_LITERATURE_INFORMED_NOT_NS3_RESULTS,ISAC + RF predictive,6,34,0.2146878389453972
SYNTHETIC_LITERATURE_INFORMED_NOT_NS3_RESULTS,ISAC + RF predictive,6,36,0.20273516828167643
SYNTHETIC_LITERATURE_INFORMED_NOT_NS3_RESULTS,ISAC + RF predictive,6,38,0.18731151110341268
SYNTHETIC_LITERATURE_INFORMED_NOT_NS3_RESULTS,ISAC + RF predictive,6,40,0.17974766394003455
SYNTHETIC_LITERATURE_INFORMED_NOT_NS3_RESULTS,ISAC + RF predictive,6,42,0.1584162022815239
SYNTHETIC_LITERATURE_INFORMED_NOT_NS3_RESULTS,ISAC + RF predictive,6,44,0.14210681711518497
SYNTHETIC_LITERATURE_INFORMED_NOT_NS3_RESULTS,ISAC + RF predictive,6,46,0.13346525440128715
SYNTHETIC_LITERATURE_INFORMED_NOT_NS3_RESULTS,ISAC + RF predictive,6,48,0.11976786641437873
SYNTHETIC_LITERATURE_INFORMED_NOT_NS3_RESULTS,ISAC + RF predictive,6,50,0.10974749244442414
SYNTHETIC_LITERATURE_INFORMED_NOT_NS3_RESULTS,ISAC + RF predictive,6,52,0.10017510419828926
SYNTHETIC_LITERATURE_INFORMED_NOT_NS3_RESULTS,ISAC + RF predictive,6,54,0.10186176526177905
SYNTHETIC_LITERATURE_INFORMED_NOT_NS3_RESULTS,ISAC + RF predictive,6,56,0.098781524078681
SYNTHETIC_LITERATURE_INFORMED_NOT_NS3_RESULTS,ISAC + RF predictive,6,58,0.0995687272459084
SYNTHETIC_LITERATURE_INFORMED_NOT_NS3_RESULTS,ISAC + RF predictive,6,60,0.0901942204481849
SYNTHETIC_LITERATURE_INFORMED_NOT_NS3_RESULTS,ISAC + RF predictive,6,62,0.1008731948945662
SYNTHETIC_LITERATURE_INFORMED_NOT_NS3_RESULTS,ISAC + RF predictive,6,64,0.09922352248519835
SYNTHETIC_LITERATURE_INFORMED_NOT_NS3_RESULTS,ISAC + RF predictive,6,66,0.09855547428595665
SYNTHETIC_LITERATURE_INFORMED_NOT_NS3_RESULTS,ISAC + RF predictive,6,68,0.09558776172784822
SYNTHETIC_LITERATURE_INFORMED_NOT_NS3_RESULTS,ISAC + RF predictive,6,70,0.1059990729443388
SYNTHETIC_LITERATURE_INFORMED_NOT_NS3_RESULTS,ISAC + RF predictive,6,72,0.10008063132753817
SYNTHETIC_LITERATURE_INFORMED_NOT_NS3_RESULTS,ISAC + RF predictive,6,74,0.11270256226725468
SYNTHETIC_LITERATURE_INFORMED_NOT_NS3_RESULTS,ISAC + RF predictive,6,76,0.10005860382425137
SYNTHETIC_LITERATURE_INFORMED_NOT_NS3_RESULTS,ISAC + RF predictive,6,78,0.09538435005221044
SYNTHETIC_LITERATURE_INFORMED_NOT_NS3_RESULTS,ISAC + RF predictive,6,80,0.09664854652379892
SYNTHETIC_LITERATURE_INFORMED_NOT_NS3_RESULTS,ISAC + RF predictive,6,82,0.09662686695540576
SYNTHETIC_LITERATURE_INFORMED_NOT_NS3_RESULTS,ISAC + RF predictive,6,84,0.09114314334647708
SYNTHETIC_LITERATURE_INFORMED_NOT_NS3_RESULTS,ISAC + RF predictive,6,86,0.0887394674553703
SYNTHETIC_LITERATURE_INFORMED_NOT_NS3_RESULTS,ISAC + RF predictive,6,88,0.09138948606470199
SYNTHETIC_LITERATURE_INFORMED_NOT_NS3_RESULTS,ISAC + RF predictive,6,90,0.09018472792836854
SYNTHETIC_LITERATURE_INFORMED_NOT_NS3_RESULTS,ISAC + RF predictive,7,0,0.0
SYNTHETIC_LITERATURE_INFORMED_NOT_NS3_RESULTS,ISAC + RF predictive,7,2,0.0
SYNTHETIC_LITERATURE_INFORMED_NOT_NS3_RESULTS,ISAC + RF predictive,7,4,0.0
SYNTHETIC_LITERATURE_INFORMED_NOT_NS3_RESULTS,ISAC + RF predictive,7,6,0.0
SYNTHETIC_LITERATURE_INFORMED_NOT_NS3_RESULTS,ISAC + RF predictive,7,8,0.0
SYNTHETIC_LITERATURE_INFORMED_NOT_NS3_RESULTS,ISAC + RF predictive,7,10,0.0
SYNTHETIC_LITERATURE_INFORMED_NOT_NS3_RESULTS,ISAC + RF predictive,7,12,0.0
SYNTHETIC_LITERATURE_INFORMED_NOT_NS3_RESULTS,ISAC + RF predictive,7,14,0.0
SYNTHETIC_LITERATURE_INFORMED_NOT_NS3_RESULTS,ISAC + RF predictive,7,16,0.0
SYNTHETIC_LITERATURE_INFORMED_NOT_NS3_RESULTS,ISAC + RF predictive,7,18,0.06554615623141338
SYNTHETIC_LITERATURE_INFORMED_NOT_NS3_RESULTS,ISAC + RF predictive,7,20,0.11103758718035212
SYNTHETIC_LITERATURE_INFORMED_NOT_NS3_RESULTS,ISAC + RF predictive,7,22,0.18082326421546652
SYNTHETIC_LITERATURE_INFORMED_NOT_NS3_RESULTS,ISAC + RF predictive,7,24,0.2373738654530514
SYNTHETIC_LITERATURE_INFORMED_NOT_NS3_RESULTS,ISAC + RF predictive,7,26,0.2600937221848638
SYNTHETIC_LITERATURE_INFORMED_NOT_NS3_RESULTS,ISAC + RF predictive,7,28,0.26754097874057936
SYNTHETIC_LITERATURE_INFORMED_NOT_NS3_RESULTS,ISAC + RF predictive,7,30,0.26087890526484825
SYNTHETIC_LITERATURE_INFORMED_NOT_NS3_RESULTS,ISAC + RF predictive,7,32,0.24481454833659635
SYNTHETIC_LITERATURE_INFORMED_NOT_NS3_RESULTS,ISAC + RF predictive,7,34,0.24121043450905108
SYNTHETIC_LITERATURE_INFORMED_NOT_NS3_RESULTS,ISAC + RF predictive,7,36,0.21564731772260767
SYNTHETIC_LITERATURE_INFORMED_NOT_NS3_RESULTS,ISAC + RF predictive,7,38,0.20092220007857467
SYNTHETIC_LITERATURE_INFORMED_NOT_NS3_RESULTS,ISAC + RF predictive,7,40,0.18399397953367608
SYNTHETIC_LITERATURE_INFORMED_NOT_NS3_RESULTS,ISAC + RF predictive,7,42,0.16983729805492417
SYNTHETIC_LITERATURE_INFORMED_NOT_NS3_RESULTS,ISAC + RF predictive,7,44,0.15637627457599698
SYNTHETIC_LITERATURE_INFORMED_NOT_NS3_RESULTS,ISAC + RF predictive,7,46,0.14341651795100463
SYNTHETIC_LITERATURE_INFORMED_NOT_NS3_RESULTS,ISAC + RF predictive,7,48,0.12921011175497113
SYNTHETIC_LITERATURE_INFORMED_NOT_NS3_RESULTS,ISAC + RF predictive,7,50,0.1184016370086712
SYNTHETIC_LITERATURE_INFORMED_NOT_NS3_RESULTS,ISAC + RF predictive,7,52,0.11071915466089524
SYNTHETIC_LITERATURE_INFORMED_NOT_NS3_RESULTS,ISAC + RF predictive,7,54,0.11017434099342753
SYNTHETIC_LITERATURE_INFORMED_NOT_NS3_RESULTS,ISAC + RF predictive,7,56,0.11127168942197818
SYNTHETIC_LITERATURE_INFORMED_NOT_NS3_RESULTS,ISAC + RF predictive,7,58,0.11461894490657817
SYNTHETIC_LITERATURE_INFORMED_NOT_NS3_RESULTS,ISAC + RF predictive,7,60,0.11692848829202805
SYNTHETIC_LITERATURE_INFORMED_NOT_NS3_RESULTS,ISAC + RF predictive,7,62,0.1204763799587964
SYNTHETIC_LITERATURE_INFORMED_NOT_NS3_RESULTS,ISAC + RF predictive,7,64,0.11834766561553792
SYNTHETIC_LITERATURE_INFORMED_NOT_NS3_RESULTS,ISAC + RF predictive,7,66,0.11605570551911636
SYNTHETIC_LITERATURE_INFORMED_NOT_NS3_RESULTS,ISAC + RF predictive,7,68,0.12143413073943013
SYNTHETIC_LITERATURE_INFORMED_NOT_NS3_RESULTS,ISAC + RF predictive,7,70,0.11185419989378238
SYNTHETIC_LITERATURE_INFORMED_NOT_NS3_RESULTS,ISAC + RF predictive,7,72,0.11293133553789288
SYNTHETIC_LITERATURE_INFORMED_NOT_NS3_RESULTS,ISAC + RF predictive,7,74,0.10701854848269285
SYNTHETIC_LITERATURE_INFORMED_NOT_NS3_RESULTS,ISAC + RF predictive,7,76,0.11012343784919773
SYNTHETIC_LITERATURE_INFORMED_NOT_NS3_RESULTS,ISAC + RF predictive,7,78,0.1100191864639304
SYNTHETIC_LITERATURE_INFORMED_NOT_NS3_RESULTS,ISAC + RF predictive,7,80,0.10307424985394864
SYNTHETIC_LITERATURE_INFORMED_NOT_NS3_RESULTS,ISAC + RF predictive,7,82,0.10020972235942602
SYNTHETIC_LITERATURE_INFORMED_NOT_NS3_RESULTS,ISAC + RF predictive,7,84,0.09587709540684654
SYNTHETIC_LITERATURE_INFORMED_NOT_NS3_RESULTS,ISAC + RF predictive,7,86,0.10035846415427867
SYNTHETIC_LITERATURE_INFORMED_NOT_NS3_RESULTS,ISAC + RF predictive,7,88,0.10057611754397149
SYNTHETIC_LITERATURE_INFORMED_NOT_NS3_RESULTS,ISAC + RF predictive,7,90,0.11326094174818133
SYNTHETIC_LITERATURE_INFORMED_NOT_NS3_RESULTS,ISAC + RF predictive,8,0,0.0
SYNTHETIC_LITERATURE_INFORMED_NOT_NS3_RESULTS,ISAC + RF predictive,8,2,0.0
SYNTHETIC_LITERATURE_INFORMED_NOT_NS3_RESULTS,ISAC + RF predictive,8,4,0.0
SYNTHETIC_LITERATURE_INFORMED_NOT_NS3_RESULTS,ISAC + RF predictive,8,6,0.0
SYNTHETIC_LITERATURE_INFORMED_NOT_NS3_RESULTS,ISAC + RF predictive,8,8,0.0
SYNTHETIC_LITERATURE_INFORMED_NOT_NS3_RESULTS,ISAC + RF predictive,8,10,0.0
SYNTHETIC_LITERATURE_INFORMED_NOT_NS3_RESULTS,ISAC + RF predictive,8,12,0.0
SYNTHETIC_LITERATURE_INFORMED_NOT_NS3_RESULTS,ISAC + RF predictive,8,14,0.0
SYNTHETIC_LITERATURE_INFORMED_NOT_NS3_RESULTS,ISAC + RF predictive,8,16,0.0
SYNTHETIC_LITERATURE_INFORMED_NOT_NS3_RESULTS,ISAC + RF predictive,8,18,0.06624691652739621
SYNTHETIC_LITERATURE_INFORMED_NOT_NS3_RESULTS,ISAC + RF predictive,8,20,0.1316619222952883
SYNTHETIC_LITERATURE_INFORMED_NOT_NS3_RESULTS,ISAC + RF predictive,8,22,0.19919730506867916
SYNTHETIC_LITERATURE_INFORMED_NOT_NS3_RESULTS,ISAC + RF predictive,8,24,0.23628014936234332
SYNTHETIC_LITERATURE_INFORMED_NOT_NS3_RESULTS,ISAC + RF predictive,8,26,0.2655517091313821
SYNTHETIC_LITERATURE_INFORMED_NOT_NS3_RESULTS,ISAC + RF predictive,8,28,0.26969386460152467
SYNTHETIC_LITERATURE_INFORMED_NOT_NS3_RESULTS,ISAC + RF predictive,8,30,0.257946109890841
SYNTHETIC_LITERATURE_INFORMED_NOT_NS3_RESULTS,ISAC + RF predictive,8,32,0.241726528048487
SYNTHETIC_LITERATURE_INFORMED_NOT_NS3_RESULTS,ISAC + RF predictive,8,34,0.23196901432995662
SYNTHETIC_LITERATURE_INFORMED_NOT_NS3_RESULTS,ISAC + RF predictive,8,36,0.1994236845463423
SYNTHETIC_LITERATURE_INFORMED_NOT_NS3_RESULTS,ISAC + RF predictive,8,38,0.18044368196772528
SYNTHETIC_LITERATURE_INFORMED_NOT_NS3_RESULTS,ISAC + RF predictive,8,40,0.1655979213208357
SYNTHETIC_LITERATURE_INFORMED_NOT_NS3_RESULTS,ISAC + RF predictive,8,42,0.14690916504626633
SYNTHETIC_LITERATURE_INFORMED_NOT_NS3_RESULTS,ISAC + RF predictive,8,44,0.136866592169438
SYNTHETIC_LITERATURE_INFORMED_NOT_NS3_RESULTS,ISAC + RF predictive,8,46,0.12423820200572976
SYNTHETIC_LITERATURE_INFORMED_NOT_NS3_RESULTS,ISAC + RF predictive,8,48,0.11919525534415328
SYNTHETIC_LITERATURE_INFORMED_NOT_NS3_RESULTS,ISAC + RF predictive,8,50,0.1106175520100297
SYNTHETIC_LITERATURE_INFORMED_NOT_NS3_RESULTS,ISAC + RF predictive,8,52,0.11195958730299076
SYNTHETIC_LITERATURE_INFORMED_NOT_NS3_RESULTS,ISAC + RF predictive,8,54,0.1178295689210444
SYNTHETIC_LITERATURE_INFORMED_NOT_NS3_RESULTS,ISAC + RF predictive,8,56,0.11529582713266162
SYNTHETIC_LITERATURE_INFORMED_NOT_NS3_RESULTS,ISAC + RF predictive,8,58,0.11593282120666046
SYNTHETIC_LITERATURE_INFORMED_NOT_NS3_RESULTS,ISAC + RF predictive,8,60,0.11825214294048925
SYNTHETIC_LITERATURE_INFORMED_NOT_NS3_RESULTS,ISAC + RF predictive,8,62,0.11587111123827187
SYNTHETIC_LITERATURE_INFORMED_NOT_NS3_RESULTS,ISAC + RF predictive,8,64,0.11451095183916403
SYNTHETIC_LITERATURE_INFORMED_NOT_NS3_RESULTS,ISAC + RF predictive,8,66,0.11165442743861577
SYNTHETIC_LITERATURE_INFORMED_NOT_NS3_RESULTS,ISAC + RF predictive,8,68,0.11081758651338558
SYNTHETIC_LITERATURE_INFORMED_NOT_NS3_RESULTS,ISAC + RF predictive,8,70,0.10530479122157657
SYNTHETIC_LITERATURE_INFORMED_NOT_NS3_RESULTS,ISAC + RF predictive,8,72,0.09889693302433804
SYNTHETIC_LITERATURE_INFORMED_NOT_NS3_RESULTS,ISAC + RF predictive,8,74,0.092284959854162
SYNTHETIC_LITERATURE_INFORMED_NOT_NS3_RESULTS,ISAC + RF predictive,8,76,0.09779857026483246
SYNTHETIC_LITERATURE_INFORMED_NOT_NS3_RESULTS,ISAC + RF predictive,8,78,0.09152679897832433
SYNTHETIC_LITERATURE_INFORMED_NOT_NS3_RESULTS,ISAC + RF predictive,8,80,0.09838373596120842
SYNTHETIC_LITERATURE_INFORMED_NOT_NS3_RESULTS,ISAC + RF predictive,8,82,0.09703980181341106
SYNTHETIC_LITERATURE_INFORMED_NOT_NS3_RESULTS,ISAC + RF predictive,8,84,0.09723701519556618
SYNTHETIC_LITERATURE_INFORMED_NOT_NS3_RESULTS,ISAC + RF predictive,8,86,0.10158226512120166
SYNTHETIC_LITERATURE_INFORMED_NOT_NS3_RESULTS,ISAC + RF predictive,8,88,0.10197366165820144
SYNTHETIC_LITERATURE_INFORMED_NOT_NS3_RESULTS,ISAC + RF predictive,8,90,0.10991201672399559
SYNTHETIC_LITERATURE_INFORMED_NOT_NS3_RESULTS,ISAC + RF predictive,9,0,0.0
SYNTHETIC_LITERATURE_INFORMED_NOT_NS3_RESULTS,ISAC + RF predictive,9,2,0.0
SYNTHETIC_LITERATURE_INFORMED_NOT_NS3_RESULTS,ISAC + RF predictive,9,4,0.0
SYNTHETIC_LITERATURE_INFORMED_NOT_NS3_RESULTS,ISAC + RF predictive,9,6,0.0
SYNTHETIC_LITERATURE_INFORMED_NOT_NS3_RESULTS,ISAC + RF predictive,9,8,0.0
SYNTHETIC_LITERATURE_INFORMED_NOT_NS3_RESULTS,ISAC + RF predictive,9,10,0.0
SYNTHETIC_LITERATURE_INFORMED_NOT_NS3_RESULTS,ISAC + RF predictive,9,12,0.0
SYNTHETIC_LITERATURE_INFORMED_NOT_NS3_RESULTS,ISAC + RF predictive,9,14,0.0
SYNTHETIC_LITERATURE_INFORMED_NOT_NS3_RESULTS,ISAC + RF predictive,9,16,0.0
SYNTHETIC_LITERATURE_INFORMED_NOT_NS3_RESULTS,ISAC + RF predictive,9,18,0.0
SYNTHETIC_LITERATURE_INFORMED_NOT_NS3_RESULTS,ISAC + RF predictive,9,20,0.038794581969822835
SYNTHETIC_LITERATURE_INFORMED_NOT_NS3_RESULTS,ISAC + RF predictive,9,22,0.0946129585320715
SYNTHETIC_LITERATURE_INFORMED_NOT_NS3_RESULTS,ISAC + RF predictive,9,24,0.15621149378529928
SYNTHETIC_LITERATURE_INFORMED_NOT_NS3_RESULTS,ISAC + RF predictive,9,26,0.2022397723389405
SYNTHETIC_LITERATURE_INFORMED_NOT_NS3_RESULTS,ISAC + RF predictive,9,28,0.22276925584671672
SYNTHETIC_LITERATURE_INFORMED_NOT_NS3_RESULTS,ISAC + RF predictive,9,30,0.22729492083681163
SYNTHETIC_LITERATURE_INFORMED_NOT_NS3_RESULTS,ISAC + RF predictive,9,32,0.20611744131851362
SYNTHETIC_LITERATURE_INFORMED_NOT_NS3_RESULTS,ISAC + RF predictive,9,34,0.1893610051960985
SYNTHETIC_LITERATURE_INFORMED_NOT_NS3_RESULTS,ISAC + RF predictive,9,36,0.17538501377495877
SYNTHETIC_LITERATURE_INFORMED_NOT_NS3_RESULTS,ISAC + RF predictive,9,38,0.15203025896306893
SYNTHETIC_LITERATURE_INFORMED_NOT_NS3_RESULTS,ISAC + RF predictive,9,40,0.13764435419414195
SYNTHETIC_LITERATURE_INFORMED_NOT_NS3_RESULTS,ISAC + RF predictive,9,42,0.12076378155868812
SYNTHETIC_LITERATURE_INFORMED_NOT_NS3_RESULTS,ISAC + RF predictive,9,44,0.1064438532243372
SYNTHETIC_LITERATURE_INFORMED_NOT_NS3_RESULTS,ISAC + RF predictive,9,46,0.09987412698987777
SYNTHETIC_LITERATURE_INFORMED_NOT_NS3_RESULTS,ISAC + RF predictive,9,48,0.09009029739440062
SYNTHETIC_LITERATURE_INFORMED_NOT_NS3_RESULTS,ISAC + RF predictive,9,50,0.07478791137908505
SYNTHETIC_LITERATURE_INFORMED_NOT_NS3_RESULTS,ISAC + RF predictive,9,52,0.08925244367724053
SYNTHETIC_LITERATURE_INFORMED_NOT_NS3_RESULTS,ISAC + RF predictive,9,54,0.08280441664477445
SYNTHETIC_LITERATURE_INFORMED_NOT_NS3_RESULTS,ISAC + RF predictive,9,56,0.0794989492290558
SYNTHETIC_LITERATURE_INFORMED_NOT_NS3_RESULTS,ISAC + RF predictive,9,58,0.07637624654957459
SYNTHETIC_LITERATURE_INFORMED_NOT_NS3_RESULTS,ISAC + RF predictive,9,60,0.06601173374027847
SYNTHETIC_LITERATURE_INFORMED_NOT_NS3_RESULTS,ISAC + RF predictive,9,62,0.06364167607840585
SYNTHETIC_LITERATURE_INFORMED_NOT_NS3_RESULTS,ISAC + RF predictive,9,64,0.06265496829384279
SYNTHETIC_LITERATURE_INFORMED_NOT_NS3_RESULTS,ISAC + RF predictive,9,66,0.0511723411748409
SYNTHETIC_LITERATURE_INFORMED_NOT_NS3_RESULTS,ISAC + RF predictive,9,68,0.05817294436505384
SYNTHETIC_LITERATURE_INFORMED_NOT_NS3_RESULTS,ISAC + RF predictive,9,70,0.05361692804646299
SYNTHETIC_LITERATURE_INFORMED_NOT_NS3_RESULTS,ISAC + RF predictive,9,72,0.051400427029792334
SYNTHETIC_LITERATURE_INFORMED_NOT_NS3_RESULTS,ISAC + RF predictive,9,74,0.053647671605002334
SYNTHETIC_LITERATURE_INFORMED_NOT_NS3_RESULTS,ISAC + RF predictive,9,76,0.05631908127424593
SYNTHETIC_LITERATURE_INFORMED_NOT_NS3_RESULTS,ISAC + RF predictive,9,78,0.05142485398967658
SYNTHETIC_LITERATURE_INFORMED_NOT_NS3_RESULTS,ISAC + RF predictive,9,80,0.05929900194402171
SYNTHETIC_LITERATURE_INFORMED_NOT_NS3_RESULTS,ISAC + RF predictive,9,82,0.06640223097752905
SYNTHETIC_LITERATURE_INFORMED_NOT_NS3_RESULTS,ISAC + RF predictive,9,84,0.07001196246149041
SYNTHETIC_LITERATURE_INFORMED_NOT_NS3_RESULTS,ISAC + RF predictive,9,86,0.07245431271459993
SYNTHETIC_LITERATURE_INFORMED_NOT_NS3_RESULTS,ISAC + RF predictive,9,88,0.07616345769036614
SYNTHETIC_LITERATURE_INFORMED_NOT_NS3_RESULTS,ISAC + RF predictive,9,90,0.06975594166383395
SYNTHETIC_LITERATURE_INFORMED_NOT_NS3_RESULTS,ISAC + RF predictive,10,0,0.0
SYNTHETIC_LITERATURE_INFORMED_NOT_NS3_RESULTS,ISAC + RF predictive,10,2,0.0
SYNTHETIC_LITERATURE_INFORMED_NOT_NS3_RESULTS,ISAC + RF predictive,10,4,0.0
SYNTHETIC_LITERATURE_INFORMED_NOT_NS3_RESULTS,ISAC + RF predictive,10,6,0.0
SYNTHETIC_LITERATURE_INFORMED_NOT_NS3_RESULTS,ISAC + RF predictive,10,8,0.0
SYNTHETIC_LITERATURE_INFORMED_NOT_NS3_RESULTS,ISAC + RF predictive,10,10,0.0
SYNTHETIC_LITERATURE_INFORMED_NOT_NS3_RESULTS,ISAC + RF predictive,10,12,0.0
SYNTHETIC_LITERATURE_INFORMED_NOT_NS3_RESULTS,ISAC + RF predictive,10,14,0.0
SYNTHETIC_LITERATURE_INFORMED_NOT_NS3_RESULTS,ISAC + RF predictive,10,16,0.0
SYNTHETIC_LITERATURE_INFORMED_NOT_NS3_RESULTS,ISAC + RF predictive,10,18,0.08608914861946694
SYNTHETIC_LITERATURE_INFORMED_NOT_NS3_RESULTS,ISAC + RF predictive,10,20,0.1463080887756558
SYNTHETIC_LITERATURE_INFORMED_NOT_NS3_RESULTS,ISAC + RF predictive,10,22,0.20769543925292971
SYNTHETIC_LITERATURE_INFORMED_NOT_NS3_RESULTS,ISAC + RF predictive,10,24,0.24319502913619814
SYNTHETIC_LITERATURE_INFORMED_NOT_NS3_RESULTS,ISAC + RF predictive,10,26,0.2570578628240955
SYNTHETIC_LITERATURE_INFORMED_NOT_NS3_RESULTS,ISAC + RF predictive,10,28,0.24847750776183905
SYNTHETIC_LITERATURE_INFORMED_NOT_NS3_RESULTS,ISAC + RF predictive,10,30,0.22899244660694468
SYNTHETIC_LITERATURE_INFORMED_NOT_NS3_RESULTS,ISAC + RF predictive,10,32,0.2105223675384149
SYNTHETIC_LITERATURE_INFORMED_NOT_NS3_RESULTS,ISAC + RF predictive,10,34,0.1961057953245167
SYNTHETIC_LITERATURE_INFORMED_NOT_NS3_RESULTS,ISAC + RF predictive,10,36,0.17994896599600457
SYNTHETIC_LITERATURE_INFORMED_NOT_NS3_RESULTS,ISAC + RF predictive,10,38,0.16240964586537776
SYNTHETIC_LITERATURE_INFORMED_NOT_NS3_RESULTS,ISAC + RF predictive,10,40,0.14820269131891262
SYNTHETIC_LITERATURE_INFORMED_NOT_NS3_RESULTS,ISAC + RF predictive,10,42,0.1359373160419811
SYNTHETIC_LITERATURE_INFORMED_NOT_NS3_RESULTS,ISAC + RF predictive,10,44,0.126914871095342
SYNTHETIC_LITERATURE_INFORMED_NOT_NS3_RESULTS,ISAC + RF predictive,10,46,0.1290153007620362
SYNTHETIC_LITERATURE_INFORMED_NOT_NS3_RESULTS,ISAC + RF predictive,10,48,0.11834924225663923
SYNTHETIC_LITERATURE_INFORMED_NOT_NS3_RESULTS,ISAC + RF predictive,10,50,0.11501230056236443
SYNTHETIC_LITERATURE_INFORMED_NOT_NS3_RESULTS,ISAC + RF predictive,10,52,0.11069267859543164
SYNTHETIC_LITERATURE_INFORMED_NOT_NS3_RESULTS,ISAC + RF predictive,10,54,0.10892655905053024
SYNTHETIC_LITERATURE_INFORMED_NOT_NS3_RESULTS,ISAC + RF predictive,10,56,0.10382499076207938
SYNTHETIC_LITERATURE_INFORMED_NOT_NS3_RESULTS,ISAC + RF predictive,10,58,0.10208442506630142
SYNTHETIC_LITERATURE_INFORMED_NOT_NS3_RESULTS,ISAC + RF predictive,10,60,0.09924134870733169
SYNTHETIC_LITERATURE_INFORMED_NOT_NS3_RESULTS,ISAC + RF predictive,10,62,0.09009916783139044
SYNTHETIC_LITERATURE_INFORMED_NOT_NS3_RESULTS,ISAC + RF predictive,10,64,0.08727911173943391
SYNTHETIC_LITERATURE_INFORMED_NOT_NS3_RESULTS,ISAC + RF predictive,10,66,0.08738664684003933
SYNTHETIC_LITERATURE_INFORMED_NOT_NS3_RESULTS,ISAC + RF predictive,10,68,0.07819529976098283
SYNTHETIC_LITERATURE_INFORMED_NOT_NS3_RESULTS,ISAC + RF predictive,10,70,0.08095795399235249
SYNTHETIC_LITERATURE_INFORMED_NOT_NS3_RESULTS,ISAC + RF predictive,10,72,0.08531942834216547
SYNTHETIC_LITERATURE_INFORMED_NOT_NS3_RESULTS,ISAC + RF predictive,10,74,0.09699692757289953
SYNTHETIC_LITERATURE_INFORMED_NOT_NS3_RESULTS,ISAC + RF predictive,10,76,0.09341083864379489
SYNTHETIC_LITERATURE_INFORMED_NOT_NS3_RESULTS,ISAC + RF predictive,10,78,0.09641379386826733
SYNTHETIC_LITERATURE_INFORMED_NOT_NS3_RESULTS,ISAC + RF predictive,10,80,0.10210906679475698
SYNTHETIC_LITERATURE_INFORMED_NOT_NS3_RESULTS,ISAC + RF predictive,10,82,0.11043886133885136
SYNTHETIC_LITERATURE_INFORMED_NOT_NS3_RESULTS,ISAC + RF predictive,10,84,0.10192809982242211
SYNTHETIC_LITERATURE_INFORMED_NOT_NS3_RESULTS,ISAC + RF predictive,10,86,0.09617904081213173
SYNTHETIC_LITERATURE_INFORMED_NOT_NS3_RESULTS,ISAC + RF predictive,10,88,0.09771498440668977
SYNTHETIC_LITERATURE_INFORMED_NOT_NS3_RESULTS,ISAC + RF predictive,10,90,0.10229102779532669
