time,ueId,rnti,servingCell,servingRsrp,candidateCell,candidateRsrp,candidateLoad,candidateEffLoad,candidateCap,candidateIsNtn,backhaulDlSnr,backhaulUlSnr,finalChosenCell
8.5,71,8,5,-155.724,1,-140.484,0,0,20,0,-999,-999,0
8.5,71,8,5,-155.724,3,-153.959,0,0,20,0,-999,-999,0
8.5,71,8,5,-155.724,2,-158.893,0,0,20,0,-999,-999,0
8.5,71,8,5,-155.724,4,-159.218,0,0,20,0,-999,-999,0
8.5,71,8,5,-155.724,6,-164.072,0,0,10,1,-999,-999,0
8.5,71,8,5,-155.724,7,-171.334,0,0,10,1,-999,-999,0
10.5,67,8,7,-143.278,2,-149.452,0,0,20,0,-999,-999,0
10.5,67,8,7,-143.278,3,-153.833,0,0,20,0,-999,-999,0
10.5,67,8,7,-143.278,4,-153.839,0,0,20,0,-999,-999,0
10.5,67,8,7,-143.278,5,-155.785,1,1,10,1,-999,-999,0
10.5,67,8,7,-143.278,6,-162.827,0,0,10,1,-999,-999,0
10.5,67,8,7,-143.278,1,-164.641,0,0,20,0,-999,-999,0
10.5,71,8,5,-135.298,7,-138.83,1,1,10,1,-999,-999,0
10.5,71,8,5,-135.298,1,-139.66,0,0,20,0,-999,-999,0
10.5,71,8,5,-135.298,3,-149.925,0,0,20,0,-999,-999,0
10.5,71,8,5,-135.298,4,-155.552,0,0,20,0,-999,-999,0
10.5,71,8,5,-135.298,2,-156.881,0,0,20,0,-999,-999,0
10.5,71,8,5,-135.298,6,-159.784,0,0,10,1,-999,-999,0
12.5,67,8,7,-127.948,5,-141.105,1,1,10,1,-999,-999,0
12.5,67,8,7,-127.948,2,-147.24,0,0,20,0,-999,-999,0
12.5,67,8,7,-127.948,3,-152.21,0,0,20,0,-999,-999,0
12.5,67,8,7,-127.948,4,-156.071,0,0,20,0,-999,-999,0
12.5,67,8,7,-127.948,1,-159.779,0,0,20,0,-999,-999,0
12.5,67,8,7,-127.948,6,-161.669,0,0,10,1,-999,-999,0
12.5,71,8,5,-105.318,7,-110.797,1,1,10,1,-999,-999,0
12.5,71,8,5,-105.318,1,-147.868,0,0,20,0,-999,-999,0
12.5,71,8,5,-105.318,4,-150.721,0,0,20,0,-999,-999,0
12.5,71,8,5,-105.318,3,-152.303,0,0,20,0,-999,-999,0
12.5,71,8,5,-105.318,2,-155.926,0,0,20,0,-999,-999,0
12.5,71,8,5,-105.318,6,-163.491,0,0,10,1,-999,-999,0
14.5,67,8,7,-138.254,2,-146.032,0,0,20,0,-999,-999,0
14.5,67,8,7,-138.254,5,-147.309,1,1,10,1,-999,-999,0
14.5,67,8,7,-138.254,3,-153.123,0,0,20,0,-999,-999,0
14.5,67,8,7,-138.254,4,-154.222,0,0,20,0,-999,-999,0
14.5,67,8,7,-138.254,6,-158.973,0,0,10,1,-999,-999,0
14.5,67,8,7,-138.254,1,-159.612,0,0,20,0,-999,-999,0
14.5,71,8,5,-138.511,1,-138.716,0,0,20,0,-999,-999,0
14.5,71,8,5,-138.511,7,-140.394,1,1,10,1,-999,-999,0
14.5,71,8,5,-138.511,4,-156.366,0,0,20,0,-999,-999,0
14.5,71,8,5,-138.511,3,-156.582,0,0,20,0,-999,-999,0
14.5,71,8,5,-138.511,2,-159.907,0,0,20,0,-999,-999,0
14.5,71,8,5,-138.511,6,-172.846,0,0,10,1,-999,-999,0
16.5,67,8,7,-138.814,5,-128.3,1,1,10,1,-999,-999,0
16.5,67,8,7,-138.814,6,-136.241,1,1,10,1,-999,-999,0
16.5,67,8,7,-138.814,2,-148.63,0,0,20,0,-999,-999,0
16.5,67,8,7,-138.814,4,-153.377,0,0,20,0,-999,-999,0
16.5,67,8,7,-138.814,3,-156.469,0,0,20,0,-999,-999,0
16.5,67,8,7,-138.814,1,-160.062,0,0,20,0,-999,-999,0
16.5,71,8,5,-116.374,7,-113.701,1,1,10,1,-999,-999,0
16.5,71,8,5,-116.374,1,-136.504,0,0,20,0,-999,-999,0
16.5,71,8,5,-116.374,6,-138.11,1,1,10,1,-999,-999,0
16.5,71,8,5,-116.374,3,-150.753,0,0,20,0,-999,-999,0
16.5,71,8,5,-116.374,4,-150.909,0,0,20,0,-999,-999,0
16.5,71,8,5,-116.374,2,-159.431,0,0,20,0,-999,-999,0
16.5,97,8,6,-125.077,7,-125.514,1,1,10,1,-999,-999,0
16.5,97,8,6,-125.077,2,-127.316,0,0,20,0,-999,-999,0
16.5,97,8,6,-125.077,3,-131.287,0,0,20,0,-999,-999,0
16.5,97,8,6,-125.077,5,-132.172,1,1,10,1,-999,-999,0
16.5,97,8,6,-125.077,4,-132.699,0,0,20,0,-999,-999,0
16.5,97,8,6,-125.077,1,-153.672,0,0,20,0,-999,-999,0
18.5,67,8,7,-110.525,6,-137.851,1,1,10,1,-999,-999,0
18.5,67,8,7,-110.525,2,-144.001,0,0,20,0,-999,-999,0
18.5,67,8,7,-110.525,5,-146.83,1,1,10,1,-999,-999,0
18.5,67,8,7,-110.525,4,-153.072,0,0,20,0,-999,-999,0
18.5,67,8,7,-110.525,3,-155.373,0,0,20,0,-999,-999,0
18.5,67,8,7,-110.525,1,-161.534,0,0,20,0,-999,-999,0
18.5,71,8,5,-135.676,7,-136.263,1,1,10,1,-999,-999,0
18.5,71,8,5,-135.676,1,-137.784,0,0,20,0,-999,-999,0
18.5,71,8,5,-135.676,6,-138.035,1,1,10,1,-999,-999,0
18.5,71,8,5,-135.676,3,-149.881,0,0,20,0,-999,-999,0
18.5,71,8,5,-135.676,4,-151.793,0,0,20,0,-999,-999,0
18.5,71,8,5,-135.676,2,-158.205,0,0,20,0,-999,-999,0
18.5,97,8,6,-96.4237,7,-99.3597,1,1,10,1,-999,-999,0
18.5,97,8,6,-96.4237,3,-126.556,0,0,20,0,-999,-999,0
18.5,97,8,6,-96.4237,2,-128.028,0,0,20,0,-999,-999,0
18.5,97,8,6,-96.4237,4,-131.753,0,0,20,0,-999,-999,0
18.5,97,8,6,-96.4237,5,-138.148,1,1,10,1,-999,-999,0
18.5,97,8,6,-96.4237,1,-144.773,0,0,20,0,-999,-999,0
20.5,67,8,7,-97.7214,6,-139.456,1,1,10,1,-999,-999,0
20.5,67,8,7,-97.7214,5,-143.907,1,1,10,1,-999,-999,0
20.5,67,8,7,-97.7214,2,-147.249,0,0,20,0,-999,-999,0
20.5,67,8,7,-97.7214,4,-153.056,0,0,20,0,-999,-999,0
20.5,67,8,7,-97.7214,3,-154.451,0,0,20,0,-999,-999,0
20.5,67,8,7,-97.7214,1,-157.917,0,0,20,0,-999,-999,0
20.5,71,8,5,-94.4092,7,-141.472,1,1,10,1,-999,-999,0
20.5,71,8,5,-94.4092,1,-142.538,0,0,20,0,-999,-999,0
20.5,71,8,5,-94.4092,3,-155.693,0,0,20,0,-999,-999,0
20.5,71,8,5,-94.4092,6,-156.149,1,1,10,1,-999,-999,0
20.5,71,8,5,-94.4092,4,-156.211,0,0,20,0,-999,-999,0
20.5,71,8,5,-94.4092,2,-162.249,0,0,20,0,-999,-999,0
20.5,97,8,6,-132.693,2,-125.188,0,0,20,0,-999,-999,0
20.5,97,8,6,-132.693,3,-128.625,0,0,20,0,-999,-999,0
20.5,97,8,6,-132.693,7,-130.38,1,1,10,1,-999,-999,0
20.5,97,8,6,-132.693,4,-131.835,0,0,20,0,-999,-999,0
20.5,97,8,6,-132.693,5,-141.074,1,1,10,1,-999,-999,0
20.5,97,8,6,-132.693,1,-152.06,0,0,20,0,-999,-999,0
22.5,67,8,7,-97.4757,6,-100.535,1,1,10,1,-999,-999,0
22.5,67,8,7,-97.4757,5,-128.372,1,1,10,1,-999,-999,0
22.5,67,8,7,-97.4757,2,-145.504,0,0,20,0,-999,-999,0
22.5,67,8,7,-97.4757,3,-149.927,0,0,20,0,-999,-999,0
22.5,67,8,7,-97.4757,4,-151.576,0,0,20,0,-999,-999,0
22.5,67,8,7,-97.4757,1,-163.365,0,0,20,0,-999,-999,0
22.5,71,8,5,-112.541,1,-142.169,0,0,20,0,-999,-999,0
22.5,71,8,5,-112.541,7,-143.141,1,1,10,1,-999,-999,0
22.5,71,8,5,-112.541,6,-150.245,1,1,10,1,-999,-999,0
22.5,71,8,5,-112.541,3,-156.393,0,0,20,0,-999,-999,0
22.5,71,8,5,-112.541,4,-158.266,0,0,20,0,-999,-999,0
22.5,71,8,5,-112.541,2,-163.478,0,0,20,0,-999,-999,0
22.5,97,8,6,-126.456,2,-123.15,0,0,20,0,-999,-999,0
22.5,97,8,6,-126.456,7,-123.453,1,1,10,1,-999,-999,0
22.5,97,8,6,-126.456,4,-127.265,0,0,20,0,-999,-999,0
22.5,97,8,6,-126.456,5,-127.342,1,1,10,1,-999,-999,0
22.5,97,8,6,-126.456,3,-129.076,0,0,20,0,-999,-999,0
22.5,97,8,6,-126.456,1,-149.754,0,0,20,0,-999,-999,0
24.5,67,8,7,-124.121,5,-110.708,1,1,10,1,-999,-999,0
24.5,67,8,7,-124.121,6,-137.173,1,1,10,1,-999,-999,0
24.5,67,8,7,-124.121,2,-145.006,0,0,20,0,-999,-999,0
24.5,67,8,7,-124.121,3,-154.393,0,0,20,0,-999,-999,0
24.5,67,8,7,-124.121,4,-155.611,0,0,20,0,-999,-999,0
24.5,67,8,7,-124.121,1,-157.291,0,0,20,0,-999,-999,0
24.5,71,8,5,-125.096,6,-142.38,1,1,10,1,-999,-999,0
24.5,71,8,5,-125.096,7,-143.591,1,1,10,1,-999,-999,0
24.5,71,8,5,-125.096,1,-145.233,0,0,20,0,-999,-999,0
24.5,71,8,5,-125.096,3,-150.746,0,0,20,0,-999,-999,0
24.5,71,8,5,-125.096,4,-151.305,0,0,20,0,-999,-999,0
24.5,71,8,5,-125.096,2,-160.685,0,0,20,0,-999,-999,0
24.5,97,8,6,-125.798,7,-88.331,1,1,10,1,-999,-999,0
24.5,97,8,6,-125.798,3,-125.447,0,0,20,0,-999,-999,0
24.5,97,8,6,-125.798,2,-126.076,0,0,20,0,-999,-999,0
24.5,97,8,6,-125.798,4,-131.257,0,0,20,0,-999,-999,0
24.5,97,8,6,-125.798,5,-141.411,1,1,10,1,-999,-999,0
24.5,97,8,6,-125.798,1,-145.942,0,0,20,0,-999,-999,0
26.5,67,8,7,-135.659,6,-135.819,1,1,10,1,-999,-999,0
26.5,67,8,7,-135.659,5,-144.005,1,1,10,1,-999,-999,0
26.5,67,8,7,-135.659,2,-147.621,0,0,20,0,-999,-999,0
26.5,67,8,7,-135.659,3,-151.855,0,0,20,0,-999,-999,0
26.5,67,8,7,-135.659,4,-152.329,0,0,20,0,-999,-999,0
26.5,67,8,7,-135.659,1,-159.278,0,0,20,0,-999,-999,0
26.5,71,8,5,-90.3435,6,-135.207,1,1,10,1,-999,-999,0
26.5,71,8,5,-90.3435,1,-136.632,0,0,20,0,-999,-999,0
26.5,71,8,5,-90.3435,7,-144.816,1,1,10,1,-999,-999,0
26.5,71,8,5,-90.3435,4,-152.152,0,0,20,0,-999,-999,0
26.5,71,8,5,-90.3435,3,-152.744,0,0,20,0,-999,-999,0
26.5,71,8,5,-90.3435,2,-156.81,0,0,20,0,-999,-999,0
26.5,97,8,6,-105.108,2,-108.32,0,0,20,0,-999,-999,0
26.5,97,8,6,-105.108,7,-121.164,1,1,10,1,-999,-999,0
26.5,97,8,6,-105.108,3,-131.934,0,0,20,0,-999,-999,0
26.5,97,8,6,-105.108,4,-133.323,0,0,20,0,-999,-999,0
26.5,97,8,6,-105.108,5,-139.615,1,1,10,1,-999,-999,0
26.5,97,8,6,-105.108,1,-145.275,0,0,20,0,-999,-999,0
28.5,67,8,7,-136.926,6,-137.58,1,1,10,1,-999,-999,0
28.5,67,8,7,-136.926,5,-144.83,1,1,10,1,-999,-999,0
28.5,67,8,7,-136.926,2,-149.044,0,0,20,0,-999,-999,0
28.5,67,8,7,-136.926,4,-152.782,0,0,20,0,-999,-999,0
28.5,67,8,7,-136.926,3,-153.539,0,0,20,0,-999,-999,0
28.5,67,8,7,-136.926,1,-159.564,0,0,20,0,-999,-999,0
28.5,71,8,5,-127.067,7,-125.079,1,1,10,1,-999,-999,0
28.5,71,8,5,-127.067,1,-136.566,0,0,20,0,-999,-999,0
28.5,71,8,5,-127.067,6,-144.809,1,1,10,1,-999,-999,0
28.5,71,8,5,-127.067,3,-148.118,0,0,20,0,-999,-999,0
28.5,71,8,5,-127.067,4,-150.913,0,0,20,0,-999,-999,0
28.5,71,8,5,-127.067,2,-157.891,0,0,20,0,-999,-999,0
28.5,97,8,6,-129.637,7,-89.0983,1,1,10,1,-999,-999,0
28.5,97,8,6,-129.637,2,-124.63,0,0,20,0,-999,-999,0
28.5,97,8,6,-129.637,3,-125.027,0,0,20,0,-999,-999,0
28.5,97,8,6,-129.637,4,-134.303,0,0,20,0,-999,-999,0
28.5,97,8,6,-129.637,5,-142.657,1,1,10,1,-999,-999,0
28.5,97,8,6,-129.637,1,-142.961,0,0,20,0,-999,-999,0
30.5,67,8,7,-145.717,6,-101.558,1,1,10,1,-999,-999,0
30.5,67,8,7,-145.717,5,-109.933,1,1,10,1,-999,-999,0
30.5,67,8,7,-145.717,2,-147.284,0,0,20,0,-999,-999,0
30.5,67,8,7,-145.717,3,-157.981,0,0,20,0,-999,-999,0
30.5,67,8,7,-145.717,1,-159.046,0,0,20,0,-999,-999,0
30.5,67,8,7,-145.717,4,-160.182,0,0,20,0,-999,-999,0
30.5,71,8,5,-126.769,6,-114.505,1,1,10,1,-999,-999,0
30.5,71,8,5,-126.769,1,-146.263,0,0,20,0,-999,-999,0
30.5,71,8,5,-126.769,7,-147.085,2,2,10,1,-999,-999,0
30.5,71,8,5,-126.769,4,-152.713,0,0,20,0,-999,-999,0
30.5,71,8,5,-126.769,3,-154.009,0,0,20,0,-999,-999,0
30.5,71,8,5,-126.769,2,-160.019,0,0,20,0,-999,-999,0
30.5,79,16,7,-131.628,5,-123.66,1,1,10,1,-999,-999,0
30.5,79,16,7,-131.628,6,-140.091,1,1,10,1,-999,-999,0
30.5,79,16,7,-131.628,3,-148.031,0,0,20,0,-999,-999,0
30.5,79,16,7,-131.628,4,-149.667,0,0,20,0,-999,-999,0
30.5,79,16,7,-131.628,2,-151.258,0,0,20,0,-999,-999,0
30.5,79,16,7,-131.628,1,-154.401,0,0,20,0,-999,-999,0
30.5,97,8,6,-125.89,7,-115.097,2,2,10,1,-999,-999,0
30.5,97,8,6,-125.89,2,-122.286,0,0,20,0,-999,-999,0
30.5,97,8,6,-125.89,3,-128.08,0,0,20,0,-999,-999,0
30.5,97,8,6,-125.89,4,-132.072,0,0,20,0,-999,-999,0
30.5,97,8,6,-125.89,5,-136.668,1,1,10,1,-999,-999,0
30.5,97,8,6,-125.89,1,-144.97,0,0,20,0,-999,-999,0
32.5,67,8,7,-135.396,6,-113.638,1,1,10,1,-999,-999,0
32.5,67,8,7,-135.396,5,-142.471,1,1,10,1,-999,-999,0
32.5,67,8,7,-135.396,2,-149.771,0,0,20,0,-999,-999,0
32.5,67,8,7,-135.396,4,-157.246,0,0,20,0,-999,-999,0
32.5,67,8,7,-135.396,3,-158.202,0,0,20,0,-999,-999,0
32.5,67,8,7,-135.396,1,-158.932,0,0,20,0,-999,-999,0
32.5,71,8,5,-126.955,6,-140.061,1,1,10,1,-999,-999,0
32.5,71,8,5,-126.955,1,-140.879,0,0,20,0,-999,-999,0
32.5,71,8,5,-126.955,7,-147.177,2,2,10,1,-999,-999,0
32.5,71,8,5,-126.955,3,-156.152,0,0,20,0,-999,-999,0
32.5,71,8,5,-126.955,4,-156.314,0,0,20,0,-999,-999,0
32.5,71,8,5,-126.955,2,-157.394,0,0,20,0,-999,-999,0
32.5,79,16,7,-136.037,6,-98.3992,1,1,10,1,-999,-999,0
32.5,79,16,7,-136.037,5,-145.354,1,1,10,1,-999,-999,0
32.5,79,16,7,-136.037,4,-147.696,0,0,20,0,-999,-999,0
32.5,79,16,7,-136.037,2,-148.733,0,0,20,0,-999,-999,0
32.5,79,16,7,-136.037,3,-150.101,0,0,20,0,-999,-999,0
32.5,79,16,7,-136.037,1,-156.111,0,0,20,0,-999,-999,0
32.5,97,8,6,-127.013,2,-125.208,0,0,20,0,-999,-999,0
32.5,97,8,6,-127.013,7,-127.007,2,2,10,1,-999,-999,0
32.5,97,8,6,-127.013,3,-130.064,0,0,20,0,-999,-999,0
32.5,97,8,6,-127.013,4,-136.256,0,0,20,0,-999,-999,0
32.5,97,8,6,-127.013,1,-144.19,0,0,20,0,-999,-999,0
32.5,97,8,6,-127.013,5,-148.365,1,1,10,1,-999,-999,0
34.5,67,8,7,-137.911,5,-128.216,1,1,10,1,-999,-999,0
34.5,67,8,7,-137.911,6,-135.963,1,1,10,1,-999,-999,0
34.5,67,8,7,-137.911,2,-149.67,0,0,20,0,-999,-999,0
34.5,67,8,7,-137.911,4,-154.13,0,0,20,0,-999,-999,0
34.5,67,8,7,-137.911,3,-157.941,0,0,20,0,-999,-999,0
34.5,67,8,7,-137.911,1,-161.617,0,0,20,0,-999,-999,0
34.5,71,8,5,-124.18,7,-116.319,2,2,10,1,-999,-999,0
34.5,71,8,5,-124.18,6,-143.315,1,1,10,1,-999,-999,0
34.5,71,8,5,-124.18,1,-144.139,0,0,20,0,-999,-999,0
34.5,71,8,5,-124.18,3,-152.935,0,0,20,0,-999,-999,0
34.5,71,8,5,-124.18,4,-154.544,0,0,20,0,-999,-999,0
34.5,71,8,5,-124.18,2,-160.995,0,0,20,0,-999,-999,0
34.5,79,16,7,-138.341,5,-136.131,1,1,10,1,-999,-999,0
34.5,79,16,7,-138.341,6,-136.267,1,1,10,1,-999,-999,0
34.5,79,16,7,-138.341,4,-144.76,0,0,20,0,-999,-999,0
34.5,79,16,7,-138.341,2,-146.346,0,0,20,0,-999,-999,0
34.5,79,16,7,-138.341,3,-152.383,0,0,20,0,-999,-999,0
34.5,79,16,7,-138.341,1,-155.815,0,0,20,0,-999,-999,0
34.5,97,8,6,-121.378,7,-89.6602,2,2,10,1,-999,-999,0
34.5,97,8,6,-121.378,3,-125.007,0,0,20,0,-999,-999,0
34.5,97,8,6,-121.378,5,-126.295,1,1,10,1,-999,-999,0
34.5,97,8,6,-121.378,2,-128.355,0,0,20,0,-999,-999,0
34.5,97,8,6,-121.378,4,-134.206,0,0,20,0,-999,-999,0
34.5,97,8,6,-121.378,1,-149.438,0,0,20,0,-999,-999,0
36.5,67,8,7,-117.611,6,-146.971,1,1,10,1,-999,-999,0
36.5,67,8,7,-117.611,5,-147.44,1,1,0,1,-999,-999,0
36.5,67,8,7,-117.611,2,-150.132,0,0,20,0,-999,-999,0
36.5,67,8,7,-117.611,3,-154.25,0,0,20,0,-999,-999,0
36.5,67,8,7,-117.611,4,-154.286,0,0,20,0,-999,-999,0
36.5,67,8,7,-117.611,1,-162.267,0,0,20,0,-999,-999,0
36.5,71,8,5,-131.275,6,-121.73,1,1,10,1,-999,-999,0
36.5,71,8,5,-131.275,1,-144.415,0,0,20,0,-999,-999,0
36.5,71,8,5,-131.275,7,-149.392,2,2,10,1,-999,-999,0
36.5,71,8,5,-131.275,3,-155.773,0,0,20,0,-999,-999,0
36.5,71,8,5,-131.275,4,-159.837,0,0,20,0,-999,-999,0
36.5,71,8,5,-131.275,2,-162.458,0,0,20,0,-999,-999,0
36.5,79,16,7,-136.238,6,-135.77,1,1,10,1,-999,-999,0
36.5,79,16,7,-136.238,4,-142.846,0,0,20,0,-999,-999,0
36.5,79,16,7,-136.238,2,-145.663,0,0,20,0,-999,-999,0
36.5,79,16,7,-136.238,3,-147.128,0,0,20,0,-999,-999,0
36.5,79,16,7,-136.238,5,-151.487,1,1,0,1,-999,-999,0
36.5,79,16,7,-136.238,1,-156.317,0,0,20,0,-999,-999,0
36.5,97,8,6,-98.4178,7,-125.195,2,2,10,1,-999,-999,0
36.5,97,8,6,-98.4178,3,-126.724,0,0,20,0,-999,-999,0
36.5,97,8,6,-98.4178,4,-130.89,0,0,20,0,-999,-999,0
36.5,97,8,6,-98.4178,2,-130.941,0,0,20,0,-999,-999,0
36.5,97,8,6,-98.4178,5,-139.301,1,1,0,1,-999,-999,0
36.5,97,8,6,-98.4178,1,-152.375,0,0,20,0,-999,-999,0
38.5,67,8,7,-143.178,5,-113.302,1,1,0,1,-999,-999,0
38.5,67,8,7,-143.178,6,-139.37,1,1,10,1,-999,-999,0
38.5,67,8,7,-143.178,2,-148.541,0,0,20,0,-999,-999,0
38.5,67,8,7,-143.178,3,-152.884,0,0,20,0,-999,-999,0
38.5,67,8,7,-143.178,4,-156.107,0,0,20,0,-999,-999,0
38.5,67,8,7,-143.178,1,-164.181,0,0,20,0,-999,-999,0
38.5,71,8,5,-125.002,6,-128.891,1,1,10,1,-999,-999,0
38.5,71,8,5,-125.002,7,-139.588,2,2,10,1,-999,-999,0
38.5,71,8,5,-125.002,1,-141.402,0,0,20,0,-999,-999,0
38.5,71,8,5,-125.002,3,-156.305,0,0,20,0,-999,-999,0
38.5,71,8,5,-125.002,4,-157.544,0,0,20,0,-999,-999,0
38.5,71,8,5,-125.002,2,-162.562,0,0,20,0,-999,-999,0
38.5,79,16,7,-97.0257,6,-134.768,1,1,10,1,-999,-999,0
38.5,79,16,7,-97.0257,3,-144.344,0,0,20,0,-999,-999,0
38.5,79,16,7,-97.0257,4,-145.703,0,0,20,0,-999,-999,0
38.5,79,16,7,-97.0257,2,-146.166,0,0,20,0,-999,-999,0
38.5,79,16,7,-97.0257,5,-153.127,1,1,0,1,-999,-999,0
38.5,79,16,7,-97.0257,1,-161.537,0,0,20,0,-999,-999,0
38.5,97,8,6,-120.856,7,-123.064,2,2,10,1,-999,-999,0
38.5,97,8,6,-120.856,3,-127.45,0,0,20,0,-999,-999,0
38.5,97,8,6,-120.856,2,-130.736,0,0,20,0,-999,-999,0
38.5,97,8,6,-120.856,4,-136.601,0,0,20,0,-999,-999,0
38.5,97,8,6,-120.856,5,-141.253,1,1,0,1,-999,-999,0
38.5,97,8,6,-120.856,1,-150.623,0,0,20,0,-999,-999,0
40.5,67,8,7,-139.506,6,-139.083,1,1,10,1,-999,-999,0
40.5,67,8,7,-139.506,5,-147.624,1,1,0,1,-999,-999,0
40.5,67,8,7,-139.506,2,-151.733,0,0,20,0,-999,-999,0
40.5,67,8,7,-139.506,3,-154.013,0,0,20,0,-999,-999,0
40.5,67,8,7,-139.506,1,-159.557,0,0,20,0,-999,-999,0
40.5,67,8,7,-139.506,4,-162.644,0,0,20,0,-999,-999,0
40.5,71,8,5,-125.978,7,-114.121,3,3,10,1,-999,-999,0
40.5,71,8,5,-125.978,1,-142.016,0,0,20,0,-999,-999,0
40.5,71,8,5,-125.978,6,-147.932,1,1,10,1,-999,-999,0
40.5,71,8,5,-125.978,4,-154.956,0,0,20,0,-999,-999,0
40.5,71,8,5,-125.978,3,-155.523,0,0,20,0,-999,-999,0
40.5,71,8,5,-125.978,2,-158.55,0,0,20,0,-999,-999,0
40.5,79,16,7,-135.332,5,-143.82,1,1,0,1,-999,-999,0
40.5,79,16,7,-135.332,6,-143.827,1,1,10,1,-999,-999,0
40.5,79,16,7,-135.332,4,-146.521,0,0,20,0,-999,-999,0
40.5,79,16,7,-135.332,2,-146.728,0,0,20,0,-999,-999,0
40.5,79,16,7,-135.332,3,-148.313,0,0,20,0,-999,-999,0
40.5,79,16,7,-135.332,1,-154.043,0,0,20,0,-999,-999,0
40.5,97,8,6,-119.817,7,-90.2932,3,3,10,1,-999,-999,0
40.5,97,8,6,-119.817,2,-127.094,0,0,20,0,-999,-999,0
40.5,97,8,6,-119.817,3,-129.181,0,0,20,0,-999,-999,0
40.5,97,8,6,-119.817,4,-136.118,0,0,20,0,-999,-999,0
40.5,97,8,6,-119.817,5,-141.964,1,1,0,1,-999,-999,0
40.5,97,8,6,-119.817,1,-145.788,0,0,20,0,-999,-999,0
42.5,33,24,7,-137.647,6,-141.164,1,1,10,1,-999,-999,0
42.5,33,24,7,-137.647,2,-149.941,0,0,20,0,-999,-999,0
42.5,33,24,7,-137.647,5,-151.7,1,1,0,1,-999,-999,0
42.5,33,24,7,-137.647,3,-157.996,0,0,20,0,-999,-999,0
42.5,33,24,7,-137.647,4,-159.687,0,0,20,0,-999,-999,0
42.5,33,24,7,-137.647,1,-163.187,0,0,20,0,-999,-999,0
42.5,67,8,7,-135.96,5,-114.713,1,1,0,1,-999,-999,0
42.5,67,8,7,-135.96,6,-137.793,1,1,10,1,-999,-999,0
42.5,67,8,7,-135.96,2,-147.342,0,0,20,0,-999,-999,0
42.5,67,8,7,-135.96,3,-152.996,0,0,20,0,-999,-999,0
42.5,67,8,7,-135.96,4,-156.154,0,0,20,0,-999,-999,0
42.5,67,8,7,-135.96,1,-159.202,0,0,20,0,-999,-999,0
42.5,71,8,5,-117.989,6,-130.275,1,1,10,1,-999,-999,0
42.5,71,8,5,-117.989,7,-131.181,4,4,10,1,-999,-999,0
42.5,71,8,5,-117.989,1,-140.81,0,0,20,0,-999,-999,0
42.5,71,8,5,-117.989,3,-153.352,0,0,20,0,-999,-999,0
42.5,71,8,5,-117.989,4,-155.215,0,0,20,0,-999,-999,0
42.5,71,8,5,-117.989,2,-156.614,0,0,20,0,-999,-999,0
42.5,79,16,7,-132.189,6,-134.245,1,1,10,1,-999,-999,0
42.5,79,16,7,-132.189,4,-144.934,0,0,20,0,-999,-999,0
42.5,79,16,7,-132.189,2,-147.547,0,0,20,0,-999,-999,0
42.5,79,16,7,-132.189,5,-147.866,1,1,0,1,-999,-999,0
42.5,79,16,7,-132.189,3,-149.88,0,0,20,0,-999,-999,0
42.5,79,16,7,-132.189,1,-156.958,0,0,20,0,-999,-999,0
42.5,87,32,7,-136.659,6,-117.191,1,1,10,1,-999,-999,0
42.5,87,32,7,-136.659,5,-148.402,1,1,0,1,-999,-999,0
42.5,87,32,7,-136.659,2,-156.295,0,0,20,0,-999,-999,0
42.5,87,32,7,-136.659,3,-164.298,0,0,20,0,-999,-999,0
42.5,87,32,7,-136.659,4,-167.384,0,0,20,0,-999,-999,0
42.5,87,32,7,-136.659,1,-170.64,0,0,20,0,-999,-999,0
42.5,97,8,6,-122.472,3,-126.107,0,0,20,0,-999,-999,0
42.5,97,8,6,-122.472,7,-130.091,4,4,10,1,-999,-999,0
42.5,97,8,6,-122.472,2,-131.799,0,0,20,0,-999,-999,0
42.5,97,8,6,-122.472,4,-135.403,0,0,20,0,-999,-999,0
42.5,97,8,6,-122.472,5,-138.161,1,1,0,1,-999,-999,0
42.5,97,8,6,-122.472,1,-150.22,0,0,20,0,-999,-999,0
44.5,33,24,7,-128.689,6,-142.953,1,1,10,1,-999,-999,0
44.5,33,24,7,-128.689,5,-143.529,1,1,0,1,-999,-999,0
44.5,33,24,7,-128.689,2,-152.926,0,0,20,0,-999,-999,0
44.5,33,24,7,-128.689,3,-157.577,0,0,20,0,-999,-999,0
44.5,33,24,7,-128.689,4,-158.147,0,0,20,0,-999,-999,0
44.5,33,24,7,-128.689,1,-164.189,0,0,20,0,-999,-999,0
44.5,67,8,7,-104.23,6,-146.005,1,1,10,1,-999,-999,0
44.5,67,8,7,-104.23,5,-148.709,1,1,0,1,-999,-999,0
44.5,67,8,7,-104.23,2,-149.649,0,0,20,0,-999,-999,0
44.5,67,8,7,-104.23,3,-153.87,0,0,20,0,-999,-999,0
44.5,67,8,7,-104.23,1,-158.343,0,0,20,0,-999,-999,0
44.5,67,8,7,-104.23,4,-159.593,0,0,20,0,-999,-999,0
44.5,71,8,5,-120.896,6,-123.811,1,1,10,1,-999,-999,0
44.5,71,8,5,-120.896,1,-144.325,0,0,20,0,-999,-999,0
44.5,71,8,5,-120.896,7,-147.532,4,4,10,1,-999,-999,0
44.5,71,8,5,-120.896,4,-147.813,0,0,20,0,-999,-999,0
44.5,71,8,5,-120.896,2,-153.304,0,0,20,0,-999,-999,0
44.5,71,8,5,-120.896,3,-154.729,0,0,20,0,-999,-999,0
44.5,79,16,7,-139.149,6,-122.47,1,1,10,1,-999,-999,0
44.5,79,16,7,-139.149,2,-147.249,0,0,20,0,-999,-999,0
44.5,79,16,7,-139.149,4,-148.374,0,0,20,0,-999,-999,0
44.5,79,16,7,-139.149,5,-150.73,1,1,0,1,-999,-999,0
44.5,79,16,7,-139.149,3,-151.125,0,0,20,0,-999,-999,0
44.5,79,16,7,-139.149,1,-156.711,0,0,20,0,-999,-999,0
44.5,87,32,7,-126.012,6,-142.175,1,1,10,1,-999,-999,0
44.5,87,32,7,-126.012,5,-154.754,1,1,0,1,-999,-999,0
44.5,87,32,7,-126.012,2,-157.347,0,0,20,0,-999,-999,0
44.5,87,32,7,-126.012,4,-161.317,0,0,20,0,-999,-999,0
44.5,87,32,7,-126.012,3,-162.636,0,0,20,0,-999,-999,0
44.5,87,32,7,-126.012,1,-166.405,0,0,20,0,-999,-999,0
44.5,97,8,6,-97.4084,7,-97.8937,4,4,10,1,-999,-999,0
44.5,97,8,6,-97.4084,5,-102.16,1,1,0,1,-999,-999,0
44.5,97,8,6,-97.4084,2,-127.45,0,0,20,0,-999,-999,0
44.5,97,8,6,-97.4084,3,-127.804,0,0,20,0,-999,-999,0
44.5,97,8,6,-97.4084,4,-134.954,0,0,20,0,-999,-999,0
44.5,97,8,6,-97.4084,1,-152.188,0,0,20,0,-999,-999,0
46.5,33,24,7,-132.575,6,-150.778,1,1,10,1,-999,-999,0
46.5,33,24,7,-132.575,5,-152.442,1,1,0,1,-999,-999,0
46.5,33,24,7,-132.575,2,-152.86,0,0,20,0,-999,-999,0
46.5,33,24,7,-132.575,4,-156.827,0,0,20,0,-999,-999,0
46.5,33,24,7,-132.575,3,-160.954,0,0,20,0,-999,-999,0
46.5,33,24,7,-132.575,1,-167.266,0,0,20,0,-999,-999,0
46.5,67,8,7,-135.673,6,-105.761,1,1,10,1,-999,-999,0
46.5,67,8,7,-135.673,5,-114.896,1,1,0,1,-999,-999,0
46.5,67,8,7,-135.673,2,-148.872,0,0,20,0,-999,-999,0
46.5,67,8,7,-135.673,3,-152.056,0,0,20,0,-999,-999,0
46.5,67,8,7,-135.673,4,-154.66,0,0,20,0,-999,-999,0
46.5,67,8,7,-135.673,1,-165.814,0,0,20,0,-999,-999,0
46.5,71,8,5,-106.467,1,-140.767,0,0,20,0,-999,-999,0
46.5,71,8,5,-106.467,6,-147.376,1,1,10,1,-999,-999,0
46.5,71,8,5,-106.467,4,-149.114,0,0,20,0,-999,-999,0
46.5,71,8,5,-106.467,7,-150.738,4,4,10,1,-999,-999,0
46.5,71,8,5,-106.467,3,-151.557,0,0,20,0,-999,-999,0
46.5,71,8,5,-106.467,2,-159.365,0,0,20,0,-999,-999,0
46.5,79,16,7,-140.106,6,-142.994,1,1,10,1,-999,-999,0
46.5,79,16,7,-140.106,4,-145.137,0,0,20,0,-999,-999,0
46.5,79,16,7,-140.106,3,-149.407,0,0,20,0,-999,-999,0
46.5,79,16,7,-140.106,2,-150.957,0,0,20,0,-999,-999,0
46.5,79,16,7,-140.106,1,-153.64,0,0,20,0,-999,-999,0
46.5,79,16,7,-140.106,5,-155.347,1,1,0,1,-999,-999,0
46.5,87,32,7,-136.497,6,-104.372,1,1,10,1,-999,-999,0
46.5,87,32,7,-136.497,5,-129.173,1,1,0,1,-999,-999,0
46.5,87,32,7,-136.497,2,-158.463,0,0,20,0,-999,-999,0
46.5,87,32,7,-136.497,3,-159.632,0,0,20,0,-999,-999,0
46.5,87,32,7,-136.497,4,-162.283,0,0,20,0,-999,-999,0
46.5,87,32,7,-136.497,1,-171.777,0,0,20,0,-999,-999,0
46.5,97,8,6,-128.67,3,-127.365,0,0,20,0,-999,-999,0
46.5,97,8,6,-128.67,7,-130.008,4,4,10,1,-999,-999,0
46.5,97,8,6,-128.67,2,-130.935,0,0,20,0,-999,-999,0
46.5,97,8,6,-128.67,4,-131.809,0,0,20,0,-999,-999,0
46.5,97,8,6,-128.67,5,-138.275,1,1,0,1,-999,-999,0
46.5,97,8,6,-128.67,1,-145.788,0,0,20,0,-999,-999,0
48.5,33,24,7,-132.798,6,-135.739,1,1,10,1,-999,-999,0
48.5,33,24,7,-132.798,5,-144.479,1,1,0,1,-999,-999,0
48.5,33,24,7,-132.798,2,-151.559,0,0,20,0,-999,-999,0
48.5,33,24,7,-132.798,4,-158.582,0,0,20,0,-999,-999,0
48.5,33,24,7,-132.798,3,-161.89,0,0,20,0,-999,-999,0
48.5,33,24,7,-132.798,1,-169.785,0,0,20,0,-999,-999,0
48.5,67,8,7,-121.135,5,-117.141,1,1,0,1,-999,-999,0
48.5,67,8,7,-121.135,6,-130.36,1,1,10,1,-999,-999,0
48.5,67,8,7,-121.135,2,-150.959,0,0,20,0,-999,-999,0
48.5,67,8,7,-121.135,4,-154.306,0,0,20,0,-999,-999,0
48.5,67,8,7,-121.135,3,-155.151,0,0,20,0,-999,-999,0
48.5,67,8,7,-121.135,1,-162.54,0,0,20,0,-999,-999,0
48.5,71,8,5,-124.975,7,-129.503,4,4,10,1,-999,-999,0
48.5,71,8,5,-124.975,6,-134.301,1,1,10,1,-999,-999,0
48.5,71,8,5,-124.975,1,-143.117,0,0,20,0,-999,-999,0
48.5,71,8,5,-124.975,4,-150.77,0,0,20,0,-999,-999,0
48.5,71,8,5,-124.975,2,-155.042,0,0,20,0,-999,-999,0
48.5,71,8,5,-124.975,3,-155.427,0,0,20,0,-999,-999,0
48.5,79,16,7,-110.945,5,-119.396,1,1,0,1,-999,-999,0
48.5,79,16,7,-110.945,6,-138.638,1,1,10,1,-999,-999,0
48.5,79,16,7,-110.945,4,-146.756,0,0,20,0,-999,-999,0
48.5,79,16,7,-110.945,2,-148.368,0,0,20,0,-999,-999,0
48.5,79,16,7,-110.945,1,-155.404,0,0,20,0,-999,-999,0
48.5,79,16,7,-110.945,3,-157.348,0,0,20,0,-999,-999,0
48.5,87,32,7,-141.764,5,-113.242,1,1,0,1,-999,-999,0
48.5,87,32,7,-141.764,6,-131.914,1,1,10,1,-999,-999,0
48.5,87,32,7,-141.764,2,-155.508,0,0,20,0,-999,-999,0
48.5,87,32,7,-141.764,4,-161.374,0,0,20,0,-999,-999,0
48.5,87,32,7,-141.764,3,-163.827,0,0,20,0,-999,-999,0
48.5,87,32,7,-141.764,1,-164.027,0,0,20,0,-999,-999,0
48.5,97,8,6,-119.226,2,-127.337,0,0,20,0,-999,-999,0
48.5,97,8,6,-119.226,3,-127.639,0,0,20,0,-999,-999,0
48.5,97,8,6,-119.226,7,-132.081,4,4,10,1,-999,-999,0
48.5,97,8,6,-119.226,4,-132.335,0,0,20,0,-999,-999,0
48.5,97,8,6,-119.226,5,-138.146,1,1,0,1,-999,-999,0
48.5,97,8,6,-119.226,1,-147.655,0,0,20,0,-999,-999,0
50.5,33,24,7,-98.2779,6,-130.336,1,1,10,1,-999,-999,0
50.5,33,24,7,-98.2779,5,-150.549,1,1,0,1,-999,-999,0
50.5,33,24,7,-98.2779,2,-153.549,0,0,20,0,-999,-999,0
50.5,33,24,7,-98.2779,4,-158.625,0,0,20,0,-999,-999,0
50.5,33,24,7,-98.2779,3,-160.166,0,0,20,0,-999,-999,0
50.5,33,24,7,-98.2779,1,-166.374,0,0,20,0,-999,-999,0
50.5,67,8,7,-139.303,6,-128.676,1,1,10,1,-999,-999,0
50.5,67,8,7,-139.303,2,-148.896,0,0,20,0,-999,-999,0
50.5,67,8,7,-139.303,5,-153.751,1,1,0,1,-999,-999,0
50.5,67,8,7,-139.303,4,-154.318,0,0,20,0,-999,-999,0
50.5,67,8,7,-139.303,1,-157.236,0,0,20,0,-999,-999,0
50.5,67,8,7,-139.303,3,-159.47,0,0,20,0,-999,-999,0
50.5,71,8,5,-87.8651,6,-142.327,1,1,10,1,-999,-999,0
50.5,71,8,5,-87.8651,1,-143.193,0,0,20,0,-999,-999,0
50.5,71,8,5,-87.8651,4,-151.067,0,0,20,0,-999,-999,0
50.5,71,8,5,-87.8651,3,-151.233,0,0,20,0,-999,-999,0
50.5,71,8,5,-87.8651,7,-154.285,4,4,10,1,-999,-999,0
50.5,71,8,5,-87.8651,2,-161.549,0,0,20,0,-999,-999,0
50.5,79,16,7,-105.625,5,-117.671,1,1,0,1,-999,-999,0
50.5,79,16,7,-105.625,6,-141.868,1,1,10,1,-999,-999,0
50.5,79,16,7,-105.625,4,-146.201,0,0,20,0,-999,-999,0
50.5,79,16,7,-105.625,3,-146.492,0,0,20,0,-999,-999,0
50.5,79,16,7,-105.625,2,-150.405,0,0,20,0,-999,-999,0
50.5,79,16,7,-105.625,1,-160.058,0,0,20,0,-999,-999,0
50.5,87,32,7,-99.4692,5,-113.445,1,1,0,1,-999,-999,0
50.5,87,32,7,-99.4692,6,-145.878,1,1,10,1,-999,-999,0
50.5,87,32,7,-99.4692,4,-156.618,0,0,20,0,-999,-999,0
50.5,87,32,7,-99.4692,2,-159.768,0,0,20,0,-999,-999,0
50.5,87,32,7,-99.4692,3,-164.525,0,0,20,0,-999,-999,0
50.5,87,32,7,-99.4692,1,-170.466,0,0,20,0,-999,-999,0
50.5,97,8,6,-124.03,2,-127.492,0,0,20,0,-999,-999,0
50.5,97,8,6,-124.03,3,-128.1,0,0,20,0,-999,-999,0
50.5,97,8,6,-124.03,7,-130.003,4,4,10,1,-999,-999,0
50.5,97,8,6,-124.03,5,-137.166,1,1,0,1,-999,-999,0
50.5,97,8,6,-124.03,4,-139.122,0,0,20,0,-999,-999,0
50.5,97,8,6,-124.03,1,-156.59,0,0,20,0,-999,-999,0
52.5,33,24,7,-137.612,6,-141.321,1,1,10,1,-999,-999,0
52.5,33,24,7,-137.612,2,-151.574,0,0,20,0,-999,-999,0
52.5,33,24,7,-137.612,5,-155.16,1,1,0,1,-999,-999,0
52.5,33,24,7,-137.612,3,-160.352,0,0,20,0,-999,-999,0
52.5,33,24,7,-137.612,4,-163.163,0,0,20,0,-999,-999,0
52.5,33,24,7,-137.612,1,-169.379,0,0,20,0,-999,-999,0
52.5,67,8,7,-133.437,5,-142.264,1,1,0,1,-999,-999,0
52.5,67,8,7,-133.437,6,-144.407,1,1,10,1,-999,-999,0
52.5,67,8,7,-133.437,2,-147.729,0,0,20,0,-999,-999,0
52.5,67,8,7,-133.437,4,-156.477,0,0,20,0,-999,-999,0
52.5,67,8,7,-133.437,3,-158.974,0,0,20,0,-999,-999,0
52.5,67,8,7,-133.437,1,-162.529,0,0,20,0,-999,-999,0
52.5,71,8,5,-134.175,6,-114.78,1,1,10,1,-999,-999,0
52.5,71,8,5,-134.175,1,-141.844,0,0,20,0,-999,-999,0
52.5,71,8,5,-134.175,7,-149.801,4,4,10,1,-999,-999,0
52.5,71,8,5,-134.175,3,-151.863,0,0,20,0,-999,-999,0
52.5,71,8,5,-134.175,4,-154.74,0,0,20,0,-999,-999,0
52.5,71,8,5,-134.175,2,-162.304,0,0,20,0,-999,-999,0
52.5,79,16,7,-136.331,6,-135.653,1,1,10,1,-999,-999,0
52.5,79,16,7,-136.331,4,-145.251,0,0,20,0,-999,-999,0
52.5,79,16,7,-136.331,2,-147.914,0,0,20,0,-999,-999,0
52.5,79,16,7,-136.331,3,-150.377,0,0,20,0,-999,-999,0
52.5,79,16,7,-136.331,5,-151.512,1,1,0,1,-999,-999,0
52.5,79,16,7,-136.331,1,-154.092,0,0,20,0,-999,-999,0
52.5,87,32,7,-98.8231,6,-104.323,1,1,10,1,-999,-999,0
52.5,87,32,7,-98.8231,5,-149.693,1,1,0,1,-999,-999,0
52.5,87,32,7,-98.8231,2,-157.471,0,0,20,0,-999,-999,0
52.5,87,32,7,-98.8231,3,-167.367,0,0,20,0,-999,-999,0
52.5,87,32,7,-98.8231,4,-168.086,0,0,20,0,-999,-999,0
52.5,87,32,7,-98.8231,1,-169.682,0,0,20,0,-999,-999,0
52.5,97,8,6,-121.77,2,-127.086,0,0,20,0,-999,-999,0
52.5,97,8,6,-121.77,3,-127.538,0,0,20,0,-999,-999,0
52.5,97,8,6,-121.77,7,-132.084,4,4,10,1,-999,-999,0
52.5,97,8,6,-121.77,4,-134.326,0,0,20,0,-999,-999,0
52.5,97,8,6,-121.77,5,-136.925,1,1,0,1,-999,-999,0
52.5,97,8,6,-121.77,1,-149.99,0,0,20,0,-999,-999,0
54.5,33,24,7,-111.592,2,-152.714,0,0,20,0,-999,-999,0
54.5,33,24,7,-111.592,6,-153.828,1,1,10,1,-999,-999,0
54.5,33,24,7,-111.592,4,-156.16,0,0,20,0,-999,-999,0
54.5,33,24,7,-111.592,5,-158.952,1,1,0,1,-999,-999,0
54.5,33,24,7,-111.592,3,-162.586,0,0,20,0,-999,-999,0
54.5,33,24,7,-111.592,1,-166.173,0,0,20,0,-999,-999,0
54.5,67,8,7,-132.053,6,-131.876,1,1,10,1,-999,-999,0
54.5,67,8,7,-132.053,5,-146.186,1,1,0,1,-999,-999,0
54.5,67,8,7,-132.053,2,-148.188,0,0,20,0,-999,-999,0
54.5,67,8,7,-132.053,3,-150.39,0,0,20,0,-999,-999,0
54.5,67,8,7,-132.053,4,-157.412,0,0,20,0,-999,-999,0
54.5,67,8,7,-132.053,1,-158.288,0,0,20,0,-999,-999,0
54.5,71,8,5,-129.483,1,-139.709,0,0,20,0,-999,-999,0
54.5,71,8,5,-129.483,6,-139.833,1,1,10,1,-999,-999,0
54.5,71,8,5,-129.483,4,-149.39,0,0,20,0,-999,-999,0
54.5,71,8,5,-129.483,7,-151.19,4,4,10,1,-999,-999,0
54.5,71,8,5,-129.483,2,-157.086,0,0,20,0,-999,-999,0
54.5,71,8,5,-129.483,3,-157.718,0,0,20,0,-999,-999,0
54.5,79,16,7,-97.2448,5,-117.908,1,1,0,1,-999,-999,0
54.5,79,16,7,-97.2448,6,-127.191,1,1,10,1,-999,-999,0
54.5,79,16,7,-97.2448,2,-143.884,0,0,20,0,-999,-999,0
54.5,79,16,7,-97.2448,4,-147.152,0,0,20,0,-999,-999,0
54.5,79,16,7,-97.2448,3,-157.016,0,0,20,0,-999,-999,0
54.5,79,16,7,-97.2448,1,-157.73,0,0,20,0,-999,-999,0
54.5,87,32,7,-139.276,6,-132.422,1,1,10,1,-999,-999,0
54.5,87,32,7,-139.276,5,-152.45,1,1,0,1,-999,-999,0
54.5,87,32,7,-139.276,2,-158.647,0,0,20,0,-999,-999,0
54.5,87,32,7,-139.276,3,-160.077,0,0,20,0,-999,-999,0
54.5,87,32,7,-139.276,4,-164.964,0,0,20,0,-999,-999,0
54.5,87,32,7,-139.276,1,-169.736,0,0,20,0,-999,-999,0
54.5,97,8,6,-130.183,3,-128.985,0,0,20,0,-999,-999,0
54.5,97,8,6,-130.183,2,-129.173,0,0,20,0,-999,-999,0
54.5,97,8,6,-130.183,7,-135.502,4,4,10,1,-999,-999,0
54.5,97,8,6,-130.183,5,-141.494,1,1,0,1,-999,-999,0
54.5,97,8,6,-130.183,4,-141.767,0,0,20,0,-999,-999,0
54.5,97,8,6,-130.183,1,-149.12,0,0,20,0,-999,-999,0
56.5,33,24,7,-134.574,6,-146.543,1,1,10,1,-999,-999,0
56.5,33,24,7,-134.574,5,-151.551,1,1,0,1,-999,-999,0
56.5,33,24,7,-134.574,2,-156.155,0,0,20,0,-999,-999,0
56.5,33,24,7,-134.574,4,-158.636,0,0,20,0,-999,-999,0
56.5,33,24,7,-134.574,3,-161.493,0,0,20,0,-999,-999,0
56.5,33,24,7,-134.574,1,-167.107,0,0,20,0,-999,-999,0
56.5,67,8,7,-135.513,6,-120.461,1,1,10,1,-999,-999,0
56.5,67,8,7,-135.513,2,-147.424,0,0,20,0,-999,-999,0
56.5,67,8,7,-135.513,5,-150.15,1,1,0,1,-999,-999,0
56.5,67,8,7,-135.513,3,-153.129,0,0,20,0,-999,-999,0
56.5,67,8,7,-135.513,4,-155.156,0,0,20,0,-999,-999,0
56.5,67,8,7,-135.513,1,-159.12,0,0,20,0,-999,-999,0
56.5,71,8,5,-88.5459,1,-140.033,0,0,20,0,-999,-999,0
56.5,71,8,5,-88.5459,6,-141.476,1,1,10,1,-999,-999,0
56.5,71,8,5,-88.5459,3,-153.016,0,0,20,0,-999,-999,0
56.5,71,8,5,-88.5459,7,-154.299,4,4,10,1,-999,-999,0
56.5,71,8,5,-88.5459,4,-154.836,0,0,20,0,-999,-999,0
56.5,71,8,5,-88.5459,2,-156.46,0,0,20,0,-999,-999,0
56.5,79,16,7,-146.88,6,-139.013,1,1,10,1,-999,-999,0
56.5,79,16,7,-146.88,4,-144.96,0,0,20,0,-999,-999,0
56.5,79,16,7,-146.88,3,-146.085,0,0,20,0,-999,-999,0
56.5,79,16,7,-146.88,2,-153.374,0,0,20,0,-999,-999,0
56.5,79,16,7,-146.88,5,-156.187,1,1,0,1,-999,-999,0
56.5,79,16,7,-146.88,1,-156.877,0,0,20,0,-999,-999,0
56.5,87,32,7,-106.76,5,-146.195,1,1,0,1,-999,-999,0
56.5,87,32,7,-106.76,6,-146.874,1,1,10,1,-999,-999,0
56.5,87,32,7,-106.76,2,-156.775,0,0,20,0,-999,-999,0
56.5,87,32,7,-106.76,3,-162.796,0,0,20,0,-999,-999,0
56.5,87,32,7,-106.76,4,-167.536,0,0,20,0,-999,-999,0
56.5,87,32,7,-106.76,1,-170.259,0,0,20,0,-999,-999,0
56.5,97,8,6,-126.223,7,-130.819,4,4,10,1,-999,-999,0
56.5,97,8,6,-126.223,3,-131.778,0,0,20,0,-999,-999,0
56.5,97,8,6,-126.223,2,-133.932,0,0,20,0,-999,-999,0
56.5,97,8,6,-126.223,4,-135.945,0,0,20,0,-999,-999,0
56.5,97,8,6,-126.223,5,-141.382,1,1,0,1,-999,-999,0
56.5,97,8,6,-126.223,1,-149.035,0,0,20,0,-999,-999,0
58.5,33,24,7,-134.935,6,-143.525,1,1,10,1,-999,-999,0
58.5,33,24,7,-134.935,5,-144.007,2,2,0,1,-999,-999,0
58.5,33,24,7,-134.935,2,-155.094,0,0,20,0,-999,-999,0
58.5,33,24,7,-134.935,4,-158.631,0,0,20,0,-999,-999,0
58.5,33,24,7,-134.935,3,-160.974,1,1,20,0,-999,-999,0
58.5,33,24,7,-134.935,1,-167.025,0,0,20,0,-999,-999,0
58.5,60,16,5,-112.411,1,-127.317,0,0,20,0,-999,-999,0
58.5,60,16,5,-112.411,6,-141.137,1,1,10,1,-999,-999,0
58.5,60,16,5,-112.411,7,-148.012,4,4,10,1,-999,-999,0
58.5,60,16,5,-112.411,3,-150.934,1,1,20,0,-999,-999,0
58.5,60,16,5,-112.411,4,-151.083,0,0,20,0,-999,-999,0
58.5,60,16,5,-112.411,2,-153.681,0,0,20,0,-999,-999,0
58.5,67,8,7,-131.709,5,-131.05,2,2,0,1,-999,-999,0
58.5,67,8,7,-131.709,6,-140.924,1,1,10,1,-999,-999,0
58.5,67,8,7,-131.709,2,-147.227,0,0,20,0,-999,-999,0
58.5,67,8,7,-131.709,3,-151.78,1,1,20,0,-999,-999,0
58.5,67,8,7,-131.709,4,-154.195,0,0,20,0,-999,-999,0
58.5,67,8,7,-131.709,1,-160.187,0,0,20,0,-999,-999,0
58.5,71,8,5,-128.964,7,-120.026,4,4,10,1,-999,-999,0
58.5,71,8,5,-128.964,1,-141.854,0,0,20,0,-999,-999,0
58.5,71,8,5,-128.964,3,-153.475,1,1,20,0,-999,-999,0
58.5,71,8,5,-128.964,6,-153.572,1,1,10,1,-999,-999,0
58.5,71,8,5,-128.964,4,-157.859,0,0,20,0,-999,-999,0
58.5,71,8,5,-128.964,2,-159.886,0,0,20,0,-999,-999,0
58.5,79,16,7,-136.404,5,-125.613,2,2,0,1,-999,-999,0
58.5,79,16,7,-136.404,6,-132.031,1,1,10,1,-999,-999,0
58.5,79,16,7,-136.404,4,-147.268,0,0,20,0,-999,-999,0
58.5,79,16,7,-136.404,2,-147.586,0,0,20,0,-999,-999,0
58.5,79,16,7,-136.404,3,-149.851,1,1,20,0,-999,-999,0
58.5,79,16,7,-136.404,1,-156.683,0,0,20,0,-999,-999,0
58.5,87,32,7,-135.657,5,-127.749,2,2,0,1,-999,-999,0
58.5,87,32,7,-135.657,6,-151.482,1,1,10,1,-999,-999,0
58.5,87,32,7,-135.657,2,-156.362,0,0,20,0,-999,-999,0
58.5,87,32,7,-135.657,4,-159.689,0,0,20,0,-999,-999,0
58.5,87,32,7,-135.657,3,-163.847,1,1,20,0,-999,-999,0
58.5,87,32,7,-135.657,1,-167.674,0,0,20,0,-999,-999,0
58.5,97,8,6,-132.406,2,-131.381,0,0,20,0,-999,-999,0
58.5,97,8,6,-132.406,7,-132.455,4,4,10,1,-999,-999,0
58.5,97,8,6,-132.406,3,-132.587,1,1,20,0,-999,-999,0
58.5,97,8,6,-132.406,4,-138.878,0,0,20,0,-999,-999,0
58.5,97,8,6,-132.406,5,-142.95,2,2,0,1,-999,-999,0
58.5,97,8,6,-132.406,1,-156.384,0,0,20,0,-999,-999,0
60.5,33,24,7,-132.746,6,-133.093,1,1,10,1,-999,-999,0
60.5,33,24,7,-132.746,5,-147.055,2,2,0,1,-999,-999,0
60.5,33,24,7,-132.746,3,-151.02,1,1,20,0,-999,-999,0
60.5,33,24,7,-132.746,2,-155.332,0,0,20,0,-999,-999,0
60.5,33,24,7,-132.746,4,-158.851,0,0,20,0,-999,-999,0
60.5,33,24,7,-132.746,1,-172.654,0,0,20,0,-999,-999,0
60.5,40,8,3,-103.036,6,-117.505,1,1,10,1,-999,-999,0
60.5,40,8,3,-103.036,4,-130.093,0,0,20,0,-999,-999,0
60.5,40,8,3,-103.036,2,-135.405,0,0,20,0,-999,-999,0
60.5,40,8,3,-103.036,5,-143.752,2,2,0,1,-999,-999,0
60.5,40,8,3,-103.036,1,-144.555,0,0,20,0,-999,-999,0
60.5,40,8,3,-103.036,7,-151.922,4,4,10,1,-999,-999,0
60.5,60,16,5,-99.0697,3,-126.66,1,1,20,0,-999,-999,0
60.5,60,16,5,-99.0697,7,-127.115,4,4,10,1,-999,-999,0
60.5,60,16,5,-99.0697,1,-127.631,0,0,20,0,-999,-999,0
60.5,60,16,5,-99.0697,6,-132.655,1,1,10,1,-999,-999,0
60.5,60,16,5,-99.0697,4,-147.524,0,0,20,0,-999,-999,0
60.5,60,16,5,-99.0697,2,-158.366,0,0,20,0,-999,-999,0
60.5,67,8,7,-133.261,6,-129.437,1,1,10,1,-999,-999,0
60.5,67,8,7,-133.261,3,-141.553,1,1,20,0,-999,-999,0
60.5,67,8,7,-133.261,2,-150.143,0,0,20,0,-999,-999,0
60.5,67,8,7,-133.261,4,-153.357,0,0,20,0,-999,-999,0
60.5,67,8,7,-133.261,5,-154.045,2,2,0,1,-999,-999,0
60.5,67,8,7,-133.261,1,-159.046,0,0,20,0,-999,-999,0
60.5,71,8,5,-124.952,3,-128.014,1,1,20,0,-999,-999,0
60.5,71,8,5,-124.952,1,-137.854,0,0,20,0,-999,-999,0
60.5,71,8,5,-124.952,6,-144.182,1,1,10,1,-999,-999,0
60.5,71,8,5,-124.952,4,-149.486,0,0,20,0,-999,-999,0
60.5,71,8,5,-124.952,7,-152.079,4,4,10,1,-999,-999,0
60.5,71,8,5,-124.952,2,-162.007,0,0,20,0,-999,-999,0
60.5,79,16,7,-129.816,3,-116.24,1,1,20,0,-999,-999,0
60.5,79,16,7,-129.816,6,-141.798,1,1,10,1,-999,-999,0
60.5,79,16,7,-129.816,4,-145.655,0,0,20,0,-999,-999,0
60.5,79,16,7,-129.816,2,-148.027,0,0,20,0,-999,-999,0
60.5,79,16,7,-129.816,1,-153.558,0,0,20,0,-999,-999,0
60.5,79,16,7,-129.816,5,-154.822,2,2,0,1,-999,-999,0
60.5,87,32,7,-120.251,3,-135.392,1,1,20,0,-999,-999,0
60.5,87,32,7,-120.251,6,-143.979,1,1,10,1,-999,-999,0
60.5,87,32,7,-120.251,5,-155.919,2,2,0,1,-999,-999,0
60.5,87,32,7,-120.251,2,-159.846,0,0,20,0,-999,-999,0
60.5,87,32,7,-120.251,1,-168.151,0,0,20,0,-999,-999,0
60.5,87,32,7,-120.251,4,-171.148,0,0,20,0,-999,-999,0
60.5,97,8,6,-123.353,7,-113.282,4,4,10,1,-999,-999,0
60.5,97,8,6,-123.353,3,-123.135,1,1,20,0,-999,-999,0
60.5,97,8,6,-123.353,2,-129.181,0,0,20,0,-999,-999,0
60.5,97,8,6,-123.353,4,-138.086,0,0,20,0,-999,-999,0
60.5,97,8,6,-123.353,5,-140.149,2,2,0,1,-999,-999,0
60.5,97,8,6,-123.353,1,-153.189,0,0,20,0,-999,-999,0
62.5,33,24,7,-133.013,3,-140.497,1,1,20,0,-999,-999,0
62.5,33,24,7,-133.013,6,-144.409,1,1,10,1,-999,-999,0
62.5,33,24,7,-133.013,5,-151.646,2,2,0,1,-999,-999,0
62.5,33,24,7,-133.013,2,-152.697,0,0,20,0,-999,-999,0
62.5,33,24,7,-133.013,4,-159.351,0,0,20,0,-999,-999,0
62.5,33,24,7,-133.013,1,-165.2,0,0,20,0,-999,-999,0
62.5,40,8,3,-76.6232,6,-122.664,1,1,10,1,-999,-999,0
62.5,40,8,3,-76.6232,4,-133.698,0,0,20,0,-999,-999,0
62.5,40,8,3,-76.6232,2,-137.409,0,0,20,0,-999,-999,0
62.5,40,8,3,-76.6232,1,-139.558,0,0,20,0,-999,-999,0
62.5,40,8,3,-76.6232,5,-144.255,2,2,0,1,-999,-999,0
62.5,40,8,3,-76.6232,7,-147.294,4,4,10,1,-999,-999,0
62.5,60,16,5,-129.978,6,-121.619,1,1,10,1,-999,-999,0
62.5,60,16,5,-129.978,1,-127.694,0,0,20,0,-999,-999,0
62.5,60,16,5,-129.978,3,-140.268,1,1,20,0,-999,-999,0
62.5,60,16,5,-129.978,7,-148.028,4,4,10,1,-999,-999,0
62.5,60,16,5,-129.978,4,-150.676,0,0,20,0,-999,-999,0
62.5,60,16,5,-129.978,2,-156.723,0,0,20,0,-999,-999,0
62.5,67,8,7,-138.18,3,-137.844,1,1,20,0,-999,-999,0
62.5,67,8,7,-138.18,6,-138.814,1,1,10,1,-999,-999,0
62.5,67,8,7,-138.18,2,-146.384,0,0,20,0,-999,-999,0
62.5,67,8,7,-138.18,5,-154.397,2,2,0,1,-999,-999,0
62.5,67,8,7,-138.18,1,-157.097,0,0,20,0,-999,-999,0
62.5,67,8,7,-138.18,4,-158.809,0,0,20,0,-999,-999,0
62.5,71,8,5,-93.0759,3,-146.881,1,1,20,0,-999,-999,0
62.5,71,8,5,-93.0759,6,-148.408,1,1,10,1,-999,-999,0
62.5,71,8,5,-93.0759,1,-148.429,0,0,20,0,-999,-999,0
62.5,71,8,5,-93.0759,7,-152.644,4,4,10,1,-999,-999,0
62.5,71,8,5,-93.0759,4,-155.158,0,0,20,0,-999,-999,0
62.5,71,8,5,-93.0759,2,-163.998,0,0,20,0,-999,-999,0
62.5,79,16,7,-136.324,5,-116.771,2,2,0,1,-999,-999,0
62.5,79,16,7,-136.324,3,-134.42,1,1,20,0,-999,-999,0
62.5,79,16,7,-136.324,6,-139.424,1,1,10,1,-999,-999,0
62.5,79,16,7,-136.324,2,-149.906,0,0,20,0,-999,-999,0
62.5,79,16,7,-136.324,4,-153.347,0,0,20,0,-999,-999,0
62.5,79,16,7,-136.324,1,-162.049,0,0,20,0,-999,-999,0
62.5,87,32,7,-139.999,5,-114.585,2,2,0,1,-999,-999,0
62.5,87,32,7,-139.999,6,-143.128,1,1,10,1,-999,-999,0
62.5,87,32,7,-139.999,3,-145.923,1,1,20,0,-999,-999,0
62.5,87,32,7,-139.999,2,-160.015,0,0,20,0,-999,-999,0
62.5,87,32,7,-139.999,4,-163.143,0,0,20,0,-999,-999,0
62.5,87,32,7,-139.999,1,-166.483,0,0,20,0,-999,-999,0
62.5,97,8,6,-140.555,5,-103.843,2,2,0,1,-999,-999,0
62.5,97,8,6,-140.555,3,-116.694,1,1,20,0,-999,-999,0
62.5,97,8,6,-140.555,2,-129.86,0,0,20,0,-999,-999,0
62.5,97,8,6,-140.555,7,-138.258,4,4,10,1,-999,-999,0
62.5,97,8,6,-140.555,4,-138.413,0,0,20,0,-999,-999,0
62.5,97,8,6,-140.555,1,-156.851,0,0,20,0,-999,-999,0
64.5,33,24,7,-136.559,3,-105.603,1,1,20,0,-999,-999,0
64.5,33,24,7,-136.559,6,-114.274,1,1,10,1,-999,-999,0
64.5,33,24,7,-136.559,5,-133.485,2,2,0,1,-999,-999,0
64.5,33,24,7,-136.559,2,-153.196,0,0,20,0,-999,-999,0
64.5,33,24,7,-136.559,4,-160.452,0,0,20,0,-999,-999,0
64.5,33,24,7,-136.559,1,-167.293,0,0,20,0,-999,-999,0
64.5,40,8,3,-111.337,7,-114.662,4,4,10,1,-999,-999,0
64.5,40,8,3,-111.337,6,-124.711,1,1,10,1,-999,-999,0
64.5,40,8,3,-111.337,5,-131.971,2,2,0,1,-999,-999,0
64.5,40,8,3,-111.337,2,-133.706,0,0,20,0,-999,-999,0
64.5,40,8,3,-111.337,4,-133.911,0,0,20,0,-999,-999,0
64.5,40,8,3,-111.337,1,-141.288,0,0,20,0,-999,-999,0
64.5,60,16,5,-126.948,1,-125.946,0,0,20,0,-999,-999,0
64.5,60,16,5,-126.948,6,-137.717,1,1,10,1,-999,-999,0
64.5,60,16,5,-126.948,3,-144.044,1,1,20,0,-999,-999,0
64.5,60,16,5,-126.948,4,-147.81,0,0,20,0,-999,-999,0
64.5,60,16,5,-126.948,7,-148.244,4,4,10,1,-999,-999,0
64.5,60,16,5,-126.948,2,-152.93,0,0,20,0,-999,-999,0
64.5,67,8,7,-131.672,3,-138.423,1,1,20,0,-999,-999,0
64.5,67,8,7,-131.672,6,-145.714,1,1,10,1,-999,-999,0
64.5,67,8,7,-131.672,2,-149.436,0,0,20,0,-999,-999,0
64.5,67,8,7,-131.672,5,-151.514,2,2,0,1,-999,-999,0
64.5,67,8,7,-131.672,4,-155.432,0,0,20,0,-999,-999,0
64.5,67,8,7,-131.672,1,-161.465,0,0,20,0,-999,-999,0
64.5,71,8,5,-104.65,3,-119.885,1,1,20,0,-999,-999,0
64.5,71,8,5,-104.65,1,-137.038,0,0,20,0,-999,-999,0
64.5,71,8,5,-104.65,6,-147.519,1,1,10,1,-999,-999,0
64.5,71,8,5,-104.65,4,-156.254,0,0,20,0,-999,-999,0
64.5,71,8,5,-104.65,7,-156.487,4,4,10,1,-999,-999,0
64.5,71,8,5,-104.65,2,-158.036,0,0,20,0,-999,-999,0
64.5,79,16,7,-138.961,3,-98.5063,1,1,20,0,-999,-999,0
64.5,79,16,7,-138.961,6,-130.994,1,1,10,1,-999,-999,0
64.5,79,16,7,-138.961,4,-144.796,0,0,20,0,-999,-999,0
64.5,79,16,7,-138.961,5,-147.181,2,2,0,1,-999,-999,0
64.5,79,16,7,-138.961,2,-149.906,0,0,20,0,-999,-999,0
64.5,79,16,7,-138.961,1,-157.779,0,0,20,0,-999,-999,0
64.5,87,32,7,-147.618,6,-104.678,1,1,10,1,-999,-999,0
64.5,87,32,7,-147.618,5,-150.107,2,2,0,1,-999,-999,0
64.5,87,32,7,-147.618,3,-151.644,1,1,20,0,-999,-999,0
64.5,87,32,7,-147.618,2,-157.047,0,0,20,0,-999,-999,0
64.5,87,32,7,-147.618,4,-159.781,0,0,20,0,-999,-999,0
64.5,87,32,7,-147.618,1,-168.676,0,0,20,0,-999,-999,0
64.5,97,8,6,-140.532,3,-93.0911,1,1,20,0,-999,-999,0
64.5,97,8,6,-140.532,7,-98.3255,4,4,10,1,-999,-999,0
64.5,97,8,6,-140.532,2,-132.617,0,0,20,0,-999,-999,0
64.5,97,8,6,-140.532,4,-139.158,0,0,20,0,-999,-999,0
64.5,97,8,6,-140.532,5,-142.836,2,2,0,1,-999,-999,0
64.5,97,8,6,-140.532,1,-154.483,0,0,20,0,-999,-999,0
66.5,33,24,7,-113.72,5,-122.35,2,2,0,1,-999,-999,0
66.5,33,24,7,-113.72,3,-140.977,1,1,20,0,-999,-999,0
66.5,33,24,7,-113.72,6,-150.127,2,2,10,1,-999,-999,0
66.5,33,24,7,-113.72,2,-156.555,0,0,20,0,-999,-999,0
66.5,33,24,7,-113.72,4,-160.146,0,0,20,0,-999,-999,0
66.5,33,24,7,-113.72,1,-167.561,0,0,20,0,-999,-999,0
66.5,40,8,3,-96.2147,6,-86.8731,2,2,10,1,-999,-999,0
66.5,40,8,3,-96.2147,7,-127.186,5,5,10,1,-999,-999,0
66.5,40,8,3,-96.2147,2,-135.587,0,0,20,0,-999,-999,0
66.5,40,8,3,-96.2147,4,-141.745,0,0,20,0,-999,-999,0
66.5,40,8,3,-96.2147,1,-142.413,0,0,20,0,-999,-999,0
66.5,40,8,3,-96.2147,5,-145.036,2,2,0,1,-999,-999,0
66.5,60,16,5,-98.1999,6,-123.692,2,2,10,1,-999,-999,0
66.5,60,16,5,-98.1999,3,-130.886,1,1,20,0,-999,-999,0
66.5,60,16,5,-98.1999,1,-132.192,0,0,20,0,-999,-999,0
66.5,60,16,5,-98.1999,4,-150.766,0,0,20,0,-999,-999,0
66.5,60,16,5,-98.1999,7,-151.823,5,5,10,1,-999,-999,0
66.5,60,16,5,-98.1999,2,-156.805,0,0,20,0,-999,-999,0
66.5,67,8,7,-134.471,6,-120.568,2,2,10,1,-999,-999,0
66.5,67,8,7,-134.471,3,-124.44,1,1,20,0,-999,-999,0
66.5,67,8,7,-134.471,5,-145.468,2,2,0,1,-999,-999,0
66.5,67,8,7,-134.471,2,-149.645,0,0,20,0,-999,-999,0
66.5,67,8,7,-134.471,1,-160.81,0,0,20,0,-999,-999,0
66.5,67,8,7,-134.471,4,-161.583,0,0,20,0,-999,-999,0
66.5,71,8,5,-125.982,6,-111.885,2,2,10,1,-999,-999,0
66.5,71,8,5,-125.982,1,-139.216,0,0,20,0,-999,-999,0
66.5,71,8,5,-125.982,3,-139.623,1,1,20,0,-999,-999,0
66.5,71,8,5,-125.982,4,-152.197,0,0,20,0,-999,-999,0
66.5,71,8,5,-125.982,7,-155.542,5,5,10,1,-999,-999,0
66.5,71,8,5,-125.982,2,-156.114,0,0,20,0,-999,-999,0
66.5,79,16,7,-97.116,3,-118.822,1,1,20,0,-999,-999,0
66.5,79,16,7,-97.116,6,-122.468,2,2,10,1,-999,-999,0
66.5,79,16,7,-97.116,4,-148.355,0,0,20,0,-999,-999,0
66.5,79,16,7,-97.116,2,-150.376,0,0,20,0,-999,-999,0
66.5,79,16,7,-97.116,5,-153.297,2,2,0,1,-999,-999,0
66.5,79,16,7,-97.116,1,-158.441,0,0,20,0,-999,-999,0
66.5,87,32,7,-137.513,6,-147.289,2,2,10,1,-999,-999,0
66.5,87,32,7,-137.513,5,-149.01,2,2,0,1,-999,-999,0
66.5,87,32,7,-137.513,4,-159.398,0,0,20,0,-999,-999,0
66.5,87,32,7,-137.513,2,-159.661,0,0,20,0,-999,-999,0
66.5,87,32,7,-137.513,3,-160.405,1,1,20,0,-999,-999,0
66.5,87,32,7,-137.513,1,-161.858,0,0,20,0,-999,-999,0
66.5,97,8,6,-93.4135,3,-115.083,1,1,20,0,-999,-999,0
66.5,97,8,6,-93.4135,7,-133.051,5,5,10,1,-999,-999,0
66.5,97,8,6,-93.4135,2,-133.666,0,0,20,0,-999,-999,0
66.5,97,8,6,-93.4135,4,-138.543,0,0,20,0,-999,-999,0
66.5,97,8,6,-93.4135,5,-138.819,2,2,0,1,-999,-999,0
66.5,97,8,6,-93.4135,1,-149.202,0,0,20,0,-999,-999,0
68.5,10,16,6,-134.164,7,-118.051,5,5,10,1,-999,-999,0
68.5,10,16,6,-134.164,3,-134.253,1,1,20,0,-999,-999,0
68.5,10,16,6,-134.164,5,-146.475,2,2,0,1,-999,-999,0
68.5,10,16,6,-134.164,2,-149.948,0,0,20,0,-999,-999,0
68.5,10,16,6,-134.164,4,-150.793,0,0,20,0,-999,-999,0
68.5,10,16,6,-134.164,1,-155.239,0,0,20,0,-999,-999,0
68.5,33,24,7,-114.163,3,-142.722,1,1,20,0,-999,-999,0
68.5,33,24,7,-114.163,6,-146.915,2,2,10,1,-999,-999,0
68.5,33,24,7,-114.163,5,-150.491,2,2,0,1,-999,-999,0
68.5,33,24,7,-114.163,2,-151.675,0,0,20,0,-999,-999,0
68.5,33,24,7,-114.163,4,-154.562,0,0,20,0,-999,-999,0
68.5,33,24,7,-114.163,1,-165.968,0,0,20,0,-999,-999,0
68.5,36,40,7,-129.863,3,-108.445,1,1,20,0,-999,-999,0
68.5,36,40,7,-129.863,6,-137.778,2,2,10,1,-999,-999,0
68.5,36,40,7,-129.863,5,-148.165,2,2,0,1,-999,-999,0
68.5,36,40,7,-129.863,2,-149.911,0,0,20,0,-999,-999,0
68.5,36,40,7,-129.863,4,-154.865,0,0,20,0,-999,-999,0
68.5,36,40,7,-129.863,1,-160.105,0,0,20,0,-999,-999,0
68.5,40,8,3,-76.9026,6,-110.684,2,2,10,1,-999,-999,0
68.5,40,8,3,-76.9026,2,-133.78,0,0,20,0,-999,-999,0
68.5,40,8,3,-76.9026,4,-135.808,0,0,20,0,-999,-999,0
68.5,40,8,3,-76.9026,5,-139.814,2,2,0,1,-999,-999,0
68.5,40,8,3,-76.9026,1,-142.028,0,0,20,0,-999,-999,0
68.5,40,8,3,-76.9026,7,-148.044,5,5,10,1,-999,-999,0
68.5,60,16,5,-132.803,6,-121.331,2,2,10,1,-999,-999,0
68.5,60,16,5,-132.803,7,-124.723,5,5,10,1,-999,-999,0
68.5,60,16,5,-132.803,1,-127.563,0,0,20,0,-999,-999,0
68.5,60,16,5,-132.803,4,-146.145,0,0,20,0,-999,-999,0
68.5,60,16,5,-132.803,3,-146.631,1,1,20,0,-999,-999,0
68.5,60,16,5,-132.803,2,-158.565,0,0,20,0,-999,-999,0
68.5,67,8,7,-132.947,3,-106.141,1,1,20,0,-999,-999,0
68.5,67,8,7,-132.947,6,-128.967,2,2,10,1,-999,-999,0
68.5,67,8,7,-132.947,5,-151.542,2,2,0,1,-999,-999,0
68.5,67,8,7,-132.947,2,-152.761,0,0,20,0,-999,-999,0
68.5,67,8,7,-132.947,4,-154,0,0,20,0,-999,-999,0
68.5,67,8,7,-132.947,1,-161.297,0,0,20,0,-999,-999,0
68.5,71,8,5,-132.424,6,-126.437,2,2,10,1,-999,-999,0
68.5,71,8,5,-132.424,1,-138.893,0,0,20,0,-999,-999,0
68.5,71,8,5,-132.424,3,-143.811,1,1,20,0,-999,-999,0
68.5,71,8,5,-132.424,7,-153.759,5,5,10,1,-999,-999,0
68.5,71,8,5,-132.424,4,-155.063,0,0,20,0,-999,-999,0
68.5,71,8,5,-132.424,2,-158.233,0,0,20,0,-999,-999,0
68.5,79,16,7,-114.439,3,-135.53,1,1,20,0,-999,-999,0
68.5,79,16,7,-114.439,6,-143.297,2,2,10,1,-999,-999,0
68.5,79,16,7,-114.439,4,-148.417,0,0,20,0,-999,-999,0
68.5,79,16,7,-114.439,2,-150.909,0,0,20,0,-999,-999,0
68.5,79,16,7,-114.439,1,-156.623,0,0,20,0,-999,-999,0
68.5,79,16,7,-114.439,5,-162.521,2,2,0,1,-999,-999,0
68.5,87,32,7,-117.313,6,-123.118,2,2,10,1,-999,-999,0
68.5,87,32,7,-117.313,5,-150.334,2,2,0,1,-999,-999,0
68.5,87,32,7,-117.313,3,-154.921,1,1,20,0,-999,-999,0
68.5,87,32,7,-117.313,2,-162.096,0,0,20,0,-999,-999,0
68.5,87,32,7,-117.313,4,-167.061,0,0,20,0,-999,-999,0
68.5,87,32,7,-117.313,1,-170.665,0,0,20,0,-999,-999,0
68.5,97,8,6,-127.956,3,-100.486,1,1,20,0,-999,-999,0
68.5,97,8,6,-127.956,7,-118.865,5,5,10,1,-999,-999,0
68.5,97,8,6,-127.956,4,-136.005,0,0,20,0,-999,-999,0
68.5,97,8,6,-127.956,2,-136.361,0,0,20,0,-999,-999,0
68.5,97,8,6,-127.956,5,-143.26,2,2,0,1,-999,-999,0
68.5,97,8,6,-127.956,1,-152.414,0,0,20,0,-999,-999,0
70.5,10,16,6,-98.2076,5,-127.48,2,2,0,1,-999,-999,0
70.5,10,16,6,-98.2076,3,-131.087,1,1,20,0,-999,-999,0
70.5,10,16,6,-98.2076,7,-146.853,6,6,10,1,-999,-999,0
70.5,10,16,6,-98.2076,2,-150.685,0,0,20,0,-999,-999,0
70.5,10,16,6,-98.2076,4,-151.561,0,0,20,0,-999,-999,0
70.5,10,16,6,-98.2076,1,-156.059,0,0,20,0,-999,-999,0
70.5,33,24,7,-127.435,5,-140.74,2,2,0,1,-999,-999,0
70.5,33,24,7,-127.435,3,-141.492,1,1,20,0,-999,-999,0
70.5,33,24,7,-127.435,6,-147.333,2,2,10,1,-999,-999,0
70.5,33,24,7,-127.435,2,-154.739,0,0,20,0,-999,-999,0
70.5,33,24,7,-127.435,4,-155.11,0,0,20,0,-999,-999,0
70.5,33,24,7,-127.435,1,-166.388,0,0,20,0,-999,-999,0
70.5,36,40,7,-135.145,6,-105.747,2,2,10,1,-999,-999,0
70.5,36,40,7,-135.145,5,-139.881,2,2,0,1,-999,-999,0
70.5,36,40,7,-135.145,3,-142.024,1,1,20,0,-999,-999,0
70.5,36,40,7,-135.145,2,-146.305,0,0,20,0,-999,-999,0
70.5,36,40,7,-135.145,4,-152.675,0,0,20,0,-999,-999,0
70.5,36,40,7,-135.145,1,-162.568,0,0,20,0,-999,-999,0
70.5,40,8,3,-111.531,6,-118.356,2,2,10,1,-999,-999,0
70.5,40,8,3,-111.531,4,-134.183,0,0,20,0,-999,-999,0
70.5,40,8,3,-111.531,5,-138.926,2,2,0,1,-999,-999,0
70.5,40,8,3,-111.531,1,-139.822,0,0,20,0,-999,-999,0
70.5,40,8,3,-111.531,2,-140.815,0,0,20,0,-999,-999,0
70.5,40,8,3,-111.531,7,-145.503,6,6,10,1,-999,-999,0
70.5,60,16,5,-122.161,3,-119.922,1,1,20,0,-999,-999,0
70.5,60,16,5,-122.161,1,-124.502,0,0,20,0,-999,-999,0
70.5,60,16,5,-122.161,6,-141.437,2,2,10,1,-999,-999,0
70.5,60,16,5,-122.161,4,-147.768,0,0,20,0,-999,-999,0
70.5,60,16,5,-122.161,7,-150.093,6,6,10,1,-999,-999,0
70.5,60,16,5,-122.161,2,-156.366,0,0,20,0,-999,-999,0
70.5,67,8,7,-130.996,6,-119.546,2,2,10,1,-999,-999,0
70.5,67,8,7,-130.996,3,-136.609,1,1,20,0,-999,-999,0
70.5,67,8,7,-130.996,2,-149.269,0,0,20,0,-999,-999,0
70.5,67,8,7,-130.996,5,-151.164,2,2,0,1,-999,-999,0
70.5,67,8,7,-130.996,4,-155.733,0,0,20,0,-999,-999,0
70.5,67,8,7,-130.996,1,-159.8,0,0,20,0,-999,-999,0
70.5,71,8,5,-123.651,1,-141.402,0,0,20,0,-999,-999,0
70.5,71,8,5,-123.651,6,-141.912,2,2,10,1,-999,-999,0
70.5,71,8,5,-123.651,3,-143.718,1,1,20,0,-999,-999,0
70.5,71,8,5,-123.651,4,-152.66,0,0,20,0,-999,-999,0
70.5,71,8,5,-123.651,2,-154.498,0,0,20,0,-999,-999,0
70.5,71,8,5,-123.651,7,-157.199,6,6,10,1,-999,-999,0
70.5,79,16,7,-135.063,6,-100.48,2,2,10,1,-999,-999,0
70.5,79,16,7,-135.063,3,-136.357,1,1,20,0,-999,-999,0
70.5,79,16,7,-135.063,4,-148.73,0,0,20,0,-999,-999,0
70.5,79,16,7,-135.063,2,-150.148,0,0,20,0,-999,-999,0
70.5,79,16,7,-135.063,5,-151.988,2,2,0,1,-999,-999,0
70.5,79,16,7,-135.063,1,-155.804,0,0,20,0,-999,-999,0
70.5,87,32,7,-134.334,5,-131.648,2,2,0,1,-999,-999,0
70.5,87,32,7,-134.334,6,-138.914,2,2,10,1,-999,-999,0
70.5,87,32,7,-134.334,3,-147.985,1,1,20,0,-999,-999,0
70.5,87,32,7,-134.334,2,-161.34,0,0,20,0,-999,-999,0
70.5,87,32,7,-134.334,1,-166.541,0,0,20,0,-999,-999,0
70.5,87,32,7,-134.334,4,-167.272,0,0,20,0,-999,-999,0
70.5,97,8,6,-125.819,3,-119.164,1,1,20,0,-999,-999,0
70.5,97,8,6,-125.819,5,-128.56,2,2,0,1,-999,-999,0
70.5,97,8,6,-125.819,2,-129.631,0,0,20,0,-999,-999,0
70.5,97,8,6,-125.819,7,-137.895,6,6,10,1,-999,-999,0
70.5,97,8,6,-125.819,4,-138.122,0,0,20,0,-999,-999,0
70.5,97,8,6,-125.819,1,-155.592,0,0,20,0,-999,-999,0
72.5,10,16,6,-98.2539,3,-113.786,1,1,20,0,-999,-999,0
72.5,10,16,6,-98.2539,7,-135.404,6,6,10,1,-999,-999,0
72.5,10,16,6,-98.2539,4,-150.272,0,0,20,0,-999,-999,0
72.5,10,16,6,-98.2539,2,-151.387,0,0,20,0,-999,-999,0
72.5,10,16,6,-98.2539,5,-152.172,2,2,0,1,-999,-999,0
72.5,10,16,6,-98.2539,1,-154.685,0,0,20,0,-999,-999,0
72.5,33,24,7,-111.988,5,-116.07,2,2,0,1,-999,-999,0
72.5,33,24,7,-111.988,6,-141.985,2,2,10,1,-999,-999,0
72.5,33,24,7,-111.988,3,-149.313,1,1,20,0,-999,-999,0
72.5,33,24,7,-111.988,2,-151.575,0,0,20,0,-999,-999,0
72.5,33,24,7,-111.988,4,-157.151,0,0,20,0,-999,-999,0
72.5,33,24,7,-111.988,1,-164.055,0,0,20,0,-999,-999,0
72.5,36,40,7,-133.591,3,-123.116,1,1,20,0,-999,-999,0
72.5,36,40,7,-133.591,6,-141.284,2,2,10,1,-999,-999,0
72.5,36,40,7,-133.591,2,-148.708,0,0,20,0,-999,-999,0
72.5,36,40,7,-133.591,5,-149.107,2,2,0,1,-999,-999,0
72.5,36,40,7,-133.591,4,-152.163,0,0,20,0,-999,-999,0
72.5,36,40,7,-133.591,1,-166.322,0,0,20,0,-999,-999,0
72.5,40,8,3,-96.3779,5,-118.749,2,2,0,1,-999,-999,0
72.5,40,8,3,-96.3779,6,-121.942,2,2,10,1,-999,-999,0
72.5,40,8,3,-96.3779,4,-135.271,0,0,20,0,-999,-999,0
72.5,40,8,3,-96.3779,2,-141.009,0,0,20,0,-999,-999,0
72.5,40,8,3,-96.3779,1,-142.092,0,0,20,0,-999,-999,0
72.5,40,8,3,-96.3779,7,-155.163,6,6,10,1,-999,-999,0
72.5,56,48,7,-122.712,3,-121.554,1,1,20,0,-999,-999,0
72.5,56,48,7,-122.712,5,-123.468,2,2,0,1,-999,-999,0
72.5,56,48,7,-122.712,6,-137.355,2,2,10,1,-999,-999,0
72.5,56,48,7,-122.712,2,-142.763,0,0,20,0,-999,-999,0
72.5,56,48,7,-122.712,4,-147.7,0,0,20,0,-999,-999,0
72.5,56,48,7,-122.712,1,-159.695,0,0,20,0,-999,-999,0
72.5,60,16,5,-127.064,6,-108.659,2,2,10,1,-999,-999,0
72.5,60,16,5,-127.064,3,-126.163,1,1,20,0,-999,-999,0
72.5,60,16,5,-127.064,1,-126.384,0,0,20,0,-999,-999,0
72.5,60,16,5,-127.064,4,-147.894,0,0,20,0,-999,-999,0
72.5,60,16,5,-127.064,7,-150.867,6,6,10,1,-999,-999,0
72.5,60,16,5,-127.064,2,-158.421,0,0,20,0,-999,-999,0
72.5,67,8,7,-135.325,3,-119.693,1,1,20,0,-999,-999,0
72.5,67,8,7,-135.325,5,-123.526,2,2,0,1,-999,-999,0
72.5,67,8,7,-135.325,6,-144.715,2,2,10,1,-999,-999,0
72.5,67,8,7,-135.325,2,-148.415,0,0,20,0,-999,-999,0
72.5,67,8,7,-135.325,4,-151.32,0,0,20,0,-999,-999,0
72.5,67,8,7,-135.325,1,-160.769,0,0,20,0,-999,-999,0
72.5,71,8,5,-126.348,3,-128.997,1,1,20,0,-999,-999,0
72.5,71,8,5,-126.348,1,-133.562,0,0,20,0,-999,-999,0
72.5,71,8,5,-126.348,6,-139.904,2,2,10,1,-999,-999,0
72.5,71,8,5,-126.348,7,-145.222,6,6,10,1,-999,-999,0
72.5,71,8,5,-126.348,4,-157.221,0,0,20,0,-999,-999,0
72.5,71,8,5,-126.348,2,-159.029,0,0,20,0,-999,-999,0
72.5,79,16,7,-109.885,3,-119.46,1,1,20,0,-999,-999,0
72.5,79,16,7,-109.885,6,-132.58,2,2,10,1,-999,-999,0
72.5,79,16,7,-109.885,4,-148.484,0,0,20,0,-999,-999,0
72.5,79,16,7,-109.885,2,-148.575,0,0,20,0,-999,-999,0
72.5,79,16,7,-109.885,5,-156.81,2,2,0,1,-999,-999,0
72.5,79,16,7,-109.885,1,-158.347,0,0,20,0,-999,-999,0
72.5,87,32,7,-114.09,3,-130.553,1,1,20,0,-999,-999,0
72.5,87,32,7,-114.09,6,-141.758,2,2,10,1,-999,-999,0
72.5,87,32,7,-114.09,5,-151.784,2,2,0,1,-999,-999,0
72.5,87,32,7,-114.09,2,-160.841,0,0,20,0,-999,-999,0
72.5,87,32,7,-114.09,4,-163.255,0,0,20,0,-999,-999,0
72.5,87,32,7,-114.09,1,-171.749,0,0,20,0,-999,-999,0
72.5,97,8,6,-128.492,3,-119.057,1,1,20,0,-999,-999,0
72.5,97,8,6,-128.492,5,-120.254,2,2,0,1,-999,-999,0
72.5,97,8,6,-128.492,2,-135.743,0,0,20,0,-999,-999,0
72.5,97,8,6,-128.492,7,-137.609,6,6,10,1,-999,-999,0
72.5,97,8,6,-128.492,4,-141.296,0,0,20,0,-999,-999,0
72.5,97,8,6,-128.492,1,-153.842,0,0,20,0,-999,-999,0
74.5,10,16,6,-114.253,3,-96.0302,1,1,20,0,-999,-999,0
74.5,10,16,6,-114.253,5,-106.902,2,2,0,1,-999,-999,0
74.5,10,16,6,-114.253,7,-109.174,6,6,10,1,-999,-999,0
74.5,10,16,6,-114.253,2,-148.208,0,0,20,0,-999,-999,0
74.5,10,16,6,-114.253,4,-152.89,0,0,20,0,-999,-999,0
74.5,10,16,6,-114.253,1,-157.093,0,0,20,0,-999,-999,0
74.5,33,24,7,-106.595,6,-118.953,2,2,10,1,-999,-999,0
74.5,33,24,7,-106.595,3,-145.324,1,1,20,0,-999,-999,0
74.5,33,24,7,-106.595,5,-152.085,2,2,0,1,-999,-999,0
74.5,33,24,7,-106.595,2,-152.282,0,0,20,0,-999,-999,0
74.5,33,24,7,-106.595,4,-161.048,0,0,20,0,-999,-999,0
74.5,33,24,7,-106.595,1,-163.072,0,0,20,0,-999,-999,0
74.5,36,40,7,-131.393,3,-109.132,1,1,20,0,-999,-999,0
74.5,36,40,7,-131.393,6,-137.519,2,2,10,1,-999,-999,0
74.5,36,40,7,-131.393,2,-151.053,0,0,20,0,-999,-999,0
74.5,36,40,7,-131.393,5,-152.86,2,2,0,1,-999,-999,0
74.5,36,40,7,-131.393,4,-154.344,0,0,20,0,-999,-999,0
74.5,36,40,7,-131.393,1,-159.621,0,0,20,0,-999,-999,0
74.5,40,8,3,-114.636,7,-125.534,6,6,10,1,-999,-999,0
74.5,40,8,3,-114.636,6,-125.58,2,2,10,1,-999,-999,0
74.5,40,8,3,-114.636,4,-136.078,0,0,20,0,-999,-999,0
74.5,40,8,3,-114.636,2,-137.163,0,0,20,0,-999,-999,0
74.5,40,8,3,-114.636,5,-147.441,2,2,0,1,-999,-999,0
74.5,40,8,3,-114.636,1,-147.613,0,0,20,0,-999,-999,0
74.5,56,48,7,-132.266,5,-116.779,2,2,0,1,-999,-999,0
74.5,56,48,7,-132.266,6,-140.643,2,2,10,1,-999,-999,0
74.5,56,48,7,-132.266,4,-145.74,0,0,20,0,-999,-999,0
74.5,56,48,7,-132.266,3,-147.581,1,1,20,0,-999,-999,0
74.5,56,48,7,-132.266,2,-147.998,0,0,20,0,-999,-999,0
74.5,56,48,7,-132.266,1,-159.594,0,0,20,0,-999,-999,0
74.5,60,16,5,-90.6613,1,-131.501,0,0,20,0,-999,-999,0
74.5,60,16,5,-90.6613,3,-141.294,1,1,20,0,-999,-999,0
74.5,60,16,5,-90.6613,6,-142.307,2,2,10,1,-999,-999,0
74.5,60,16,5,-90.6613,4,-146.382,0,0,20,0,-999,-999,0
74.5,60,16,5,-90.6613,2,-151.066,0,0,20,0,-999,-999,0
74.5,60,16,5,-90.6613,7,-163.124,6,6,10,1,-999,-999,0
74.5,67,8,7,-133.14,3,-106.707,1,1,20,0,-999,-999,0
74.5,67,8,7,-133.14,6,-134.324,2,2,10,1,-999,-999,0
74.5,67,8,7,-133.14,2,-147.561,0,0,20,0,-999,-999,0
74.5,67,8,7,-133.14,4,-153.7,0,0,20,0,-999,-999,0
74.5,67,8,7,-133.14,5,-154.55,2,2,0,1,-999,-999,0
74.5,67,8,7,-133.14,1,-163.22,0,0,20,0,-999,-999,0
74.5,71,8,5,-88.968,6,-143.085,2,2,10,1,-999,-999,0
74.5,71,8,5,-88.968,1,-143.087,0,0,20,0,-999,-999,0
74.5,71,8,5,-88.968,3,-144.922,1,1,20,0,-999,-999,0
74.5,71,8,5,-88.968,4,-154.753,0,0,20,0,-999,-999,0
74.5,71,8,5,-88.968,7,-157.318,6,6,10,1,-999,-999,0
74.5,71,8,5,-88.968,2,-157.634,0,0,20,0,-999,-999,0
74.5,79,16,7,-127.88,6,-112.318,2,2,10,1,-999,-999,0
74.5,79,16,7,-127.88,5,-115.454,2,2,0,1,-999,-999,0
74.5,79,16,7,-127.88,3,-135.39,1,1,20,0,-999,-999,0
74.5,79,16,7,-127.88,2,-150.059,0,0,20,0,-999,-999,0
74.5,79,16,7,-127.88,4,-153.681,0,0,20,0,-999,-999,0
74.5,79,16,7,-127.88,1,-154.201,0,0,20,0,-999,-999,0
74.5,87,32,7,-136.67,5,-116.405,2,2,0,1,-999,-999,0
74.5,87,32,7,-136.67,6,-118.148,2,2,10,1,-999,-999,0
74.5,87,32,7,-136.67,3,-143.267,1,1,20,0,-999,-999,0
74.5,87,32,7,-136.67,2,-158.608,0,0,20,0,-999,-999,0
74.5,87,32,7,-136.67,1,-164.749,0,0,20,0,-999,-999,0
74.5,87,32,7,-136.67,4,-166.838,0,0,20,0,-999,-999,0
74.5,97,8,6,-103.507,3,-91.5553,1,1,20,0,-999,-999,0
74.5,97,8,6,-103.507,5,-115.656,2,2,0,1,-999,-999,0
74.5,97,8,6,-103.507,2,-134.438,0,0,20,0,-999,-999,0
74.5,97,8,6,-103.507,4,-138.839,0,0,20,0,-999,-999,0
74.5,97,8,6,-103.507,7,-141.668,6,6,10,1,-999,-999,0
74.5,97,8,6,-103.507,1,-153.096,0,0,20,0,-999,-999,0
76.5,10,16,6,-99.7699,5,-127.666,2,2,0,1,-999,-999,0
76.5,10,16,6,-99.7699,3,-134.341,1,1,20,0,-999,-999,0
76.5,10,16,6,-99.7699,7,-141.843,6,6,10,1,-999,-999,0
76.5,10,16,6,-99.7699,2,-148.982,0,0,20,0,-999,-999,0
76.5,10,16,6,-99.7699,4,-152.114,0,0,20,0,-999,-999,0
76.5,10,16,6,-99.7699,1,-154.277,0,0,20,0,-999,-999,0
76.5,33,24,7,-139.224,6,-118.17,2,2,10,1,-999,-999,0
76.5,33,24,7,-139.224,3,-141.871,1,1,20,0,-999,-999,0
76.5,33,24,7,-139.224,5,-149.894,2,2,0,1,-999,-999,0
76.5,33,24,7,-139.224,2,-151.998,0,0,20,0,-999,-999,0
76.5,33,24,7,-139.224,4,-159.611,0,0,20,0,-999,-999,0
76.5,33,24,7,-139.224,1,-167.368,0,0,20,0,-999,-999,0
76.5,36,40,7,-126.275,3,-108.691,1,1,20,0,-999,-999,3
76.5,36,40,7,-126.275,5,-150.143,2,2,0,1,-999,-999,3
76.5,36,40,7,-126.275,2,-151.568,0,0,20,0,-999,-999,3
76.5,36,40,7,-126.275,4,-155.359,0,0,20,0,-999,-999,3
76.5,36,40,7,-126.275,6,-158.005,2,2,10,1,-999,-999,3
76.5,36,40,7,-126.275,1,-159.511,0,0,20,0,-999,-999,3
76.5,40,8,3,-113.776,6,-121.947,2,2,10,1,-999,-999,0
76.5,40,8,3,-113.776,4,-134.021,0,0,20,0,-999,-999,0
76.5,40,8,3,-113.776,2,-137.154,0,0,20,0,-999,-999,0
76.5,40,8,3,-113.776,5,-140.407,2,2,0,1,-999,-999,0
76.5,40,8,3,-113.776,1,-144.289,0,0,20,0,-999,-999,0
76.5,40,8,3,-113.776,7,-149.227,6,6,10,1,-999,-999,0
76.5,56,48,7,-132.419,3,-106.235,1,2,20,0,-999,-999,0
76.5,56,48,7,-132.419,6,-141.005,2,2,10,1,-999,-999,0
76.5,56,48,7,-132.419,2,-142.224,0,0,20,0,-999,-999,0
76.5,56,48,7,-132.419,4,-149.609,0,0,20,0,-999,-999,0
76.5,56,48,7,-132.419,5,-152.837,2,2,0,1,-999,-999,0
76.5,56,48,7,-132.419,1,-160.117,0,0,20,0,-999,-999,0
76.5,60,16,5,-129.303,1,-129.251,0,0,20,0,-999,-999,0
76.5,60,16,5,-129.303,3,-140.808,1,2,20,0,-999,-999,0
76.5,60,16,5,-129.303,7,-142.321,6,6,10,1,-999,-999,0
76.5,60,16,5,-129.303,6,-142.769,2,2,10,1,-999,-999,0
76.5,60,16,5,-129.303,4,-151.817,0,0,20,0,-999,-999,0
76.5,60,16,5,-129.303,2,-156.624,0,0,20,0,-999,-999,0
76.5,67,8,7,-96.4494,6,-133.212,2,2,10,1,-999,-999,0
76.5,67,8,7,-96.4494,3,-140.477,1,2,20,0,-999,-999,0
76.5,67,8,7,-96.4494,2,-149.18,0,0,20,0,-999,-999,0
76.5,67,8,7,-96.4494,5,-152.814,2,2,0,1,-999,-999,0
76.5,67,8,7,-96.4494,4,-154.913,0,0,20,0,-999,-999,0
76.5,67,8,7,-96.4494,1,-160.276,0,0,20,0,-999,-999,0
76.5,71,8,5,-109.819,1,-140.561,0,0,20,0,-999,-999,0
76.5,71,8,5,-109.819,6,-143.119,2,2,10,1,-999,-999,0
76.5,71,8,5,-109.819,4,-149.546,0,0,20,0,-999,-999,0
76.5,71,8,5,-109.819,3,-149.888,1,2,20,0,-999,-999,0
76.5,71,8,5,-109.819,7,-153.907,6,6,10,1,-999,-999,0
76.5,71,8,5,-109.819,2,-162.676,0,0,20,0,-999,-999,0
76.5,79,16,7,-133.72,3,-98.029,1,2,20,0,-999,-999,0
76.5,79,16,7,-133.72,6,-135.427,2,2,10,1,-999,-999,0
76.5,79,16,7,-133.72,4,-143.703,0,0,20,0,-999,-999,0
76.5,79,16,7,-133.72,2,-151.173,0,0,20,0,-999,-999,0
76.5,79,16,7,-133.72,1,-155.417,0,0,20,0,-999,-999,0
76.5,79,16,7,-133.72,5,-157.15,2,2,0,1,-999,-999,0
76.5,87,32,7,-98.5212,6,-143.915,2,2,10,1,-999,-999,0
76.5,87,32,7,-98.5212,3,-146.566,1,2,20,0,-999,-999,0
76.5,87,32,7,-98.5212,5,-152.257,2,2,0,1,-999,-999,0
76.5,87,32,7,-98.5212,2,-160.707,0,0,20,0,-999,-999,0
76.5,87,32,7,-98.5212,4,-163.517,0,0,20,0,-999,-999,0
76.5,87,32,7,-98.5212,1,-163.587,0,0,20,0,-999,-999,0
76.5,97,8,6,-85.122,3,-90.7148,1,2,20,0,-999,-999,0
76.5,97,8,6,-85.122,2,-134.698,0,0,20,0,-999,-999,0
76.5,97,8,6,-85.122,4,-135.479,0,0,20,0,-999,-999,0
76.5,97,8,6,-85.122,7,-144.519,6,6,10,1,-999,-999,0
76.5,97,8,6,-85.122,5,-148.339,2,2,0,1,-999,-999,0
76.5,97,8,6,-85.122,1,-155.446,0,0,20,0,-999,-999,0
78.5,10,16,6,-128.716,3,-132.994,2,2,20,0,-999,-999,0
78.5,10,16,6,-128.716,7,-139.728,5,5,10,1,-999,-999,0
78.5,10,16,6,-128.716,5,-142.054,3,3,0,1,-999,-999,0
78.5,10,16,6,-128.716,2,-149.237,0,0,20,0,-999,-999,0
78.5,10,16,6,-128.716,4,-152.745,0,0,20,0,-999,-999,0
78.5,10,16,6,-128.716,1,-153.744,0,0,20,0,-999,-999,0
78.5,33,24,7,-134.826,3,-144.236,2,2,20,0,-999,-999,0
78.5,33,24,7,-134.826,6,-145.874,2,2,10,1,-999,-999,0
78.5,33,24,7,-134.826,5,-149.079,3,3,0,1,-999,-999,0
78.5,33,24,7,-134.826,2,-155.854,0,0,20,0,-999,-999,0
78.5,33,24,7,-134.826,4,-163.834,0,0,20,0,-999,-999,0
78.5,33,24,7,-134.826,1,-164.01,0,0,20,0,-999,-999,0
78.5,36,9,3,-146.523,7,-129.617,5,5,10,1,-999,-999,0
78.5,36,9,3,-146.523,6,-134.278,2,2,10,1,-999,-999,0
78.5,36,9,3,-146.523,2,-145.299,0,0,20,0,-999,-999,0
78.5,36,9,3,-146.523,4,-150.662,0,0,20,0,-999,-999,0
78.5,36,9,3,-146.523,5,-151.854,3,3,0,1,-999,-999,0
78.5,36,9,3,-146.523,1,-159.636,0,0,20,0,-999,-999,0
78.5,40,8,3,-109.728,5,-117.278,3,3,0,1,-999,-999,0
78.5,40,8,3,-109.728,6,-122.366,2,2,10,1,-999,-999,0
78.5,40,8,3,-109.728,2,-137.033,0,0,20,0,-999,-999,0
78.5,40,8,3,-109.728,4,-139.103,0,0,20,0,-999,-999,0
78.5,40,8,3,-109.728,1,-144.603,0,0,20,0,-999,-999,0
78.5,40,8,3,-109.728,7,-152.266,5,5,10,1,-999,-999,0
78.5,56,48,7,-134.2,3,-133.067,2,2,20,0,-999,-999,0
78.5,56,48,7,-134.2,6,-143.125,2,2,10,1,-999,-999,0
78.5,56,48,7,-134.2,4,-146.339,0,0,20,0,-999,-999,0
78.5,56,48,7,-134.2,2,-149.068,0,0,20,0,-999,-999,0
78.5,56,48,7,-134.2,5,-150.38,3,3,0,1,-999,-999,0
78.5,56,48,7,-134.2,1,-158.035,0,0,20,0,-999,-999,0
78.5,60,16,5,-139.346,1,-127.736,0,0,20,0,-999,-999,0
78.5,60,16,5,-139.346,6,-137.289,2,2,10,1,-999,-999,0
78.5,60,16,5,-139.346,3,-145.395,2,2,20,0,-999,-999,0
78.5,60,16,5,-139.346,4,-145.606,0,0,20,0,-999,-999,0
78.5,60,16,5,-139.346,7,-153.73,5,5,10,1,-999,-999,0
78.5,60,16,5,-139.346,2,-159.759,0,0,20,0,-999,-999,0
78.5,62,24,5,-135.301,7,-120.412,5,5,10,1,-999,-999,0
78.5,62,24,5,-135.301,6,-139.757,2,2,10,1,-999,-999,0
78.5,62,24,5,-135.301,3,-144.448,2,2,20,0,-999,-999,0
78.5,62,24,5,-135.301,1,-151.274,0,0,20,0,-999,-999,0
78.5,62,24,5,-135.301,4,-154.202,0,0,20,0,-999,-999,0
78.5,62,24,5,-135.301,2,-159.905,0,0,20,0,-999,-999,0
78.5,67,8,7,-138.33,3,-124.373,2,2,20,0,-999,-999,0
78.5,67,8,7,-138.33,6,-143.743,2,2,10,1,-999,-999,0
78.5,67,8,7,-138.33,5,-145.64,3,3,0,1,-999,-999,0
78.5,67,8,7,-138.33,2,-147.067,0,0,20,0,-999,-999,0
78.5,67,8,7,-138.33,4,-154.97,0,0,20,0,-999,-999,0
78.5,67,8,7,-138.33,1,-161.966,0,0,20,0,-999,-999,0
78.5,71,8,5,-126.296,1,-141.314,0,0,20,0,-999,-999,0
78.5,71,8,5,-126.296,6,-144.272,2,2,10,1,-999,-999,0
78.5,71,8,5,-126.296,3,-149.898,2,2,20,0,-999,-999,0
78.5,71,8,5,-126.296,2,-152.117,0,0,20,0,-999,-999,0
78.5,71,8,5,-126.296,7,-152.334,5,5,10,1,-999,-999,0
78.5,71,8,5,-126.296,4,-154.404,0,0,20,0,-999,-999,0
78.5,79,16,7,-131.163,3,-116.662,2,2,20,0,-999,-999,0
78.5,79,16,7,-131.163,6,-127.99,2,2,10,1,-999,-999,0
78.5,79,16,7,-131.163,2,-146.878,0,0,20,0,-999,-999,0
78.5,79,16,7,-131.163,4,-149.499,0,0,20,0,-999,-999,0
78.5,79,16,7,-131.163,5,-152.244,3,3,0,1,-999,-999,0
78.5,79,16,7,-131.163,1,-156.926,0,0,20,0,-999,-999,0
78.5,87,32,7,-137.746,5,-116.443,3,3,0,1,-999,-999,0
78.5,87,32,7,-137.746,3,-133.984,2,2,20,0,-999,-999,0
78.5,87,32,7,-137.746,6,-146.365,2,2,10,1,-999,-999,0
78.5,87,32,7,-137.746,2,-161.044,0,0,20,0,-999,-999,0
78.5,87,32,7,-137.746,4,-164.911,0,0,20,0,-999,-999,0
78.5,87,32,7,-137.746,1,-166.852,0,0,20,0,-999,-999,0
78.5,97,8,6,-133.001,3,-106.677,2,2,20,0,-999,-999,0
78.5,97,8,6,-133.001,2,-133.314,0,0,20,0,-999,-999,0
78.5,97,8,6,-133.001,4,-136.194,0,0,20,0,-999,-999,0
78.5,97,8,6,-133.001,5,-144.03,3,3,0,1,-999,-999,0
78.5,97,8,6,-133.001,7,-144.035,5,5,10,1,-999,-999,0
78.5,97,8,6,-133.001,1,-155.283,0,0,20,0,-999,-999,0
80.5,10,16,6,-121.513,3,-96.0418,2,2,20,0,-999,-999,0
80.5,10,16,6,-121.513,2,-146.638,0,0,20,0,-999,-999,0
80.5,10,16,6,-121.513,5,-147.069,3,3,0,1,-999,-999,0
80.5,10,16,6,-121.513,7,-148.991,5,5,10,1,-999,-999,0
80.5,10,16,6,-121.513,4,-151.338,0,0,20,0,-999,-999,0
80.5,10,16,6,-121.513,1,-151.6,0,0,20,0,-999,-999,0
80.5,33,24,7,-135.141,3,-107.264,2,2,20,0,-999,-999,0
80.5,33,24,7,-135.141,6,-151.348,2,2,10,1,-999,-999,0
80.5,33,24,7,-135.141,2,-152.591,0,0,20,0,-999,-999,0
80.5,33,24,7,-135.141,5,-154.606,3,3,0,1,-999,-999,0
80.5,33,24,7,-135.141,4,-158.809,0,0,20,0,-999,-999,0
80.5,33,24,7,-135.141,1,-168.62,0,0,20,0,-999,-999,0
80.5,36,9,3,-108.76,5,-117.858,3,3,0,1,-999,-999,0
80.5,36,9,3,-108.76,6,-119.443,2,2,10,1,-999,-999,0
80.5,36,9,3,-108.76,7,-126.553,5,5,10,1,-999,-999,0
80.5,36,9,3,-108.76,2,-147.882,0,0,20,0,-999,-999,0
80.5,36,9,3,-108.76,4,-155.365,0,0,20,0,-999,-999,0
80.5,36,9,3,-108.76,1,-161.991,0,0,20,0,-999,-999,0
80.5,40,8,3,-77.3367,6,-120.407,2,2,10,1,-999,-999,0
80.5,40,8,3,-77.3367,4,-135.442,0,0,20,0,-999,-999,0
80.5,40,8,3,-77.3367,7,-139.966,5,5,10,1,-999,-999,0
80.5,40,8,3,-77.3367,2,-141.278,0,0,20,0,-999,-999,0
80.5,40,8,3,-77.3367,1,-141.895,0,0,20,0,-999,-999,0
80.5,40,8,3,-77.3367,5,-146.844,3,3,0,1,-999,-999,0
80.5,56,48,7,-135.936,3,-142.686,2,2,20,0,-999,-999,0
80.5,56,48,7,-135.936,6,-145.81,2,2,10,1,-999,-999,0
80.5,56,48,7,-135.936,4,-147.191,0,0,20,0,-999,-999,0
80.5,56,48,7,-135.936,2,-148.267,0,0,20,0,-999,-999,0
80.5,56,48,7,-135.936,1,-158.185,0,0,20,0,-999,-999,0
80.5,56,48,7,-135.936,5,-159.907,3,3,0,1,-999,-999,0
80.5,60,16,5,-92.0887,1,-128.55,0,0,20,0,-999,-999,0
80.5,60,16,5,-92.0887,7,-131.608,5,5,10,1,-999,-999,0
80.5,60,16,5,-92.0887,6,-132.19,2,2,10,1,-999,-999,0
80.5,60,16,5,-92.0887,3,-146.772,2,2,20,0,-999,-999,0
80.5,60,16,5,-92.0887,4,-150.314,0,0,20,0,-999,-999,0
80.5,60,16,5,-92.0887,2,-156.823,0,0,20,0,-999,-999,0
80.5,62,24,5,-134.457,6,-142.976,2,2,10,1,-999,-999,0
80.5,62,24,5,-134.457,7,-149.642,5,5,10,1,-999,-999,0
80.5,62,24,5,-134.457,3,-153.312,2,2,20,0,-999,-999,0
80.5,62,24,5,-134.457,4,-156.749,0,0,20,0,-999,-999,0
80.5,62,24,5,-134.457,1,-156.749,0,0,20,0,-999,-999,0
80.5,62,24,5,-134.457,2,-160.794,0,0,20,0,-999,-999,0
80.5,67,8,7,-113.061,3,-140.771,2,2,20,0,-999,-999,0
80.5,67,8,7,-113.061,6,-148.392,2,2,10,1,-999,-999,0
80.5,67,8,7,-113.061,2,-150.114,0,0,20,0,-999,-999,0
80.5,67,8,7,-113.061,4,-154.246,0,0,20,0,-999,-999,0
80.5,67,8,7,-113.061,5,-155.165,3,3,0,1,-999,-999,0
80.5,67,8,7,-113.061,1,-160.449,0,0,20,0,-999,-999,0
80.5,71,8,5,-126.425,3,-116.701,2,2,20,0,-999,-999,0
80.5,71,8,5,-126.425,1,-138.668,0,0,20,0,-999,-999,0
80.5,71,8,5,-126.425,6,-144.845,2,2,10,1,-999,-999,0
80.5,71,8,5,-126.425,7,-148.813,5,5,10,1,-999,-999,0
80.5,71,8,5,-126.425,4,-152.64,0,0,20,0,-999,-999,0
80.5,71,8,5,-126.425,2,-161.396,0,0,20,0,-999,-999,0
80.5,79,16,7,-135.389,6,-137.114,2,2,10,1,-999,-999,0
80.5,79,16,7,-135.389,3,-137.877,2,2,20,0,-999,-999,0
80.5,79,16,7,-135.389,2,-148.347,0,0,20,0,-999,-999,0
80.5,79,16,7,-135.389,4,-149.172,0,0,20,0,-999,-999,0
80.5,79,16,7,-135.389,5,-153.861,3,3,0,1,-999,-999,0
80.5,79,16,7,-135.389,1,-159.234,0,0,20,0,-999,-999,0
80.5,87,32,7,-140.92,6,-122.757,2,2,10,1,-999,-999,0
80.5,87,32,7,-140.92,5,-150.694,3,3,0,1,-999,-999,0
80.5,87,32,7,-140.92,3,-151.672,2,2,20,0,-999,-999,0
80.5,87,32,7,-140.92,2,-161.355,0,0,20,0,-999,-999,0
80.5,87,32,7,-140.92,4,-169.345,0,0,20,0,-999,-999,0
80.5,87,32,7,-140.92,1,-170.399,0,0,20,0,-999,-999,0
80.5,97,8,6,-124.947,3,-122.524,2,2,20,0,-999,-999,0
80.5,97,8,6,-124.947,2,-134.435,0,0,20,0,-999,-999,0
80.5,97,8,6,-124.947,4,-140.44,0,0,20,0,-999,-999,0
80.5,97,8,6,-124.947,7,-144.222,5,5,10,1,-999,-999,0
80.5,97,8,6,-124.947,5,-151.226,3,3,0,1,-999,-999,0
80.5,97,8,6,-124.947,1,-151.52,0,0,20,0,-999,-999,0
82.5,10,16,6,-98.0161,5,-106.676,3,3,0,1,-999,-999,0
82.5,10,16,6,-98.0161,7,-128.377,5,5,10,1,-999,-999,0
82.5,10,16,6,-98.0161,3,-134.778,2,2,20,0,-999,-999,0
82.5,10,16,6,-98.0161,2,-145.583,0,0,20,0,-999,-999,0
82.5,10,16,6,-98.0161,4,-146.637,0,0,20,0,-999,-999,0
82.5,10,16,6,-98.0161,1,-152.063,0,0,20,0,-999,-999,0
82.5,33,24,7,-128.769,5,-131.097,3,3,0,1,-999,-999,0
82.5,33,24,7,-128.769,3,-138.769,2,2,20,0,-999,-999,0
82.5,33,24,7,-128.769,6,-153.18,2,2,10,1,-999,-999,0
82.5,33,24,7,-128.769,2,-155.279,0,0,20,0,-999,-999,0
82.5,33,24,7,-128.769,4,-158.416,0,0,20,0,-999,-999,0
82.5,33,24,7,-128.769,1,-162.816,0,0,20,0,-999,-999,0
82.5,36,9,3,-141.179,7,-129.214,5,5,10,1,-999,-999,0
82.5,36,9,3,-141.179,6,-140.575,2,2,10,1,-999,-999,0
82.5,36,9,3,-141.179,2,-147.098,0,0,20,0,-999,-999,0
82.5,36,9,3,-141.179,4,-149.963,0,0,20,0,-999,-999,0
82.5,36,9,3,-141.179,5,-153.821,3,3,0,1,-999,-999,0
82.5,36,9,3,-141.179,1,-157.312,0,0,20,0,-999,-999,0
82.5,40,8,3,-77.0034,5,-125.756,3,3,0,1,-999,-999,0
82.5,40,8,3,-77.0034,6,-126.798,2,2,10,1,-999,-999,0
82.5,40,8,3,-77.0034,4,-132.999,0,0,20,0,-999,-999,0
82.5,40,8,3,-77.0034,2,-139.666,0,0,20,0,-999,-999,0
82.5,40,8,3,-77.0034,1,-140.825,0,0,20,0,-999,-999,0
82.5,40,8,3,-77.0034,7,-149.904,5,5,10,1,-999,-999,0
82.5,56,48,7,-128.197,3,-131.849,2,2,20,0,-999,-999,0
82.5,56,48,7,-128.197,6,-148.119,2,2,10,1,-999,-999,0
82.5,56,48,7,-128.197,4,-149.319,0,0,20,0,-999,-999,0
82.5,56,48,7,-128.197,2,-150.727,0,0,20,0,-999,-999,0
82.5,56,48,7,-128.197,5,-154.68,3,3,0,1,-999,-999,0
82.5,56,48,7,-128.197,1,-160.311,0,0,20,0,-999,-999,0
82.5,60,16,5,-113.513,1,-128.48,0,0,20,0,-999,-999,0
82.5,60,16,5,-113.513,3,-138.927,2,2,20,0,-999,-999,0
82.5,60,16,5,-113.513,6,-146.03,2,2,10,1,-999,-999,0
82.5,60,16,5,-113.513,4,-148.906,0,0,20,0,-999,-999,0
82.5,60,16,5,-113.513,7,-152.893,5,5,10,1,-999,-999,0
82.5,60,16,5,-113.513,2,-155.317,0,0,20,0,-999,-999,0
82.5,62,24,5,-133.035,6,-142.452,2,2,10,1,-999,-999,0
82.5,62,24,5,-133.035,3,-145.418,2,2,20,0,-999,-999,0
82.5,62,24,5,-133.035,7,-148.94,5,5,10,1,-999,-999,0
82.5,62,24,5,-133.035,1,-157.359,0,0,20,0,-999,-999,0
82.5,62,24,5,-133.035,4,-159.459,0,0,20,0,-999,-999,0
82.5,62,24,5,-133.035,2,-164.102,0,0,20,0,-999,-999,0
82.5,67,8,7,-102.713,3,-112.517,2,2,20,0,-999,-999,0
82.5,67,8,7,-102.713,5,-132.096,3,3,0,1,-999,-999,0
82.5,67,8,7,-102.713,6,-132.812,2,2,10,1,-999,-999,0
82.5,67,8,7,-102.713,2,-147.288,0,0,20,0,-999,-999,0
82.5,67,8,7,-102.713,4,-155.325,0,0,20,0,-999,-999,0
82.5,67,8,7,-102.713,1,-158.659,0,0,20,0,-999,-999,0
82.5,71,8,5,-125.314,7,-135.331,5,5,10,1,-999,-999,0
82.5,71,8,5,-125.314,1,-138.574,0,0,20,0,-999,-999,0
82.5,71,8,5,-125.314,3,-139.928,2,2,20,0,-999,-999,0
82.5,71,8,5,-125.314,6,-148.292,2,2,10,1,-999,-999,0
82.5,71,8,5,-125.314,4,-153.62,0,0,20,0,-999,-999,0
82.5,71,8,5,-125.314,2,-156.457,0,0,20,0,-999,-999,0
82.5,79,16,7,-132.296,3,-104.965,2,2,20,0,-999,-999,0
82.5,79,16,7,-132.296,5,-136.637,3,3,0,1,-999,-999,0
82.5,79,16,7,-132.296,4,-146.328,0,0,20,0,-999,-999,0
82.5,79,16,7,-132.296,2,-147.867,0,0,20,0,-999,-999,0
82.5,79,16,7,-132.296,6,-149.812,2,2,10,1,-999,-999,0
82.5,79,16,7,-132.296,1,-154.132,0,0,20,0,-999,-999,0
82.5,87,32,7,-129.624,3,-145.026,2,2,20,0,-999,-999,0
82.5,87,32,7,-129.624,6,-145.673,2,2,10,1,-999,-999,0
82.5,87,32,7,-129.624,5,-154.708,3,3,0,1,-999,-999,0
82.5,87,32,7,-129.624,2,-159.544,0,0,20,0,-999,-999,0
82.5,87,32,7,-129.624,4,-162.546,0,0,20,0,-999,-999,0
82.5,87,32,7,-129.624,1,-171.404,0,0,20,0,-999,-999,0
82.5,97,8,6,-83.7097,3,-118.685,2,2,20,0,-999,-999,0
82.5,97,8,6,-83.7097,2,-137.888,0,0,20,0,-999,-999,0
82.5,97,8,6,-83.7097,4,-139.401,0,0,20,0,-999,-999,0
82.5,97,8,6,-83.7097,7,-139.865,5,5,10,1,-999,-999,0
82.5,97,8,6,-83.7097,5,-147.884,3,3,0,1,-999,-999,0
82.5,97,8,6,-83.7097,1,-151.9,0,0,20,0,-999,-999,0
84.5,10,16,6,-105.133,3,-131.307,2,2,20,0,-999,-999,0
84.5,10,16,6,-105.133,7,-136.92,5,5,10,1,-999,-999,0
84.5,10,16,6,-105.133,2,-144.054,0,0,20,0,-999,-999,0
84.5,10,16,6,-105.133,5,-145.505,3,3,0,1,-999,-999,0
84.5,10,16,6,-105.133,4,-151.756,0,0,20,0,-999,-999,0
84.5,10,16,6,-105.133,1,-153.891,0,0,20,0,-999,-999,0
84.5,33,24,7,-138.876,3,-124.229,2,2,20,0,-999,-999,0
84.5,33,24,7,-138.876,5,-147.932,3,3,0,1,-999,-999,0
84.5,33,24,7,-138.876,2,-154.465,0,0,20,0,-999,-999,0
84.5,33,24,7,-138.876,6,-154.93,2,2,10,1,-999,-999,0
84.5,33,24,7,-138.876,4,-162.567,0,0,20,0,-999,-999,0
84.5,33,24,7,-138.876,1,-163.451,0,0,20,0,-999,-999,0
84.5,36,9,3,-120.506,7,-129.459,5,5,10,1,-999,-999,0
84.5,36,9,3,-120.506,2,-131.019,0,0,20,0,-999,-999,0
84.5,36,9,3,-120.506,6,-142.711,2,2,10,1,-999,-999,0
84.5,36,9,3,-120.506,4,-155.327,0,0,20,0,-999,-999,0
84.5,36,9,3,-120.506,5,-159.51,3,3,0,1,-999,-999,0
84.5,36,9,3,-120.506,1,-161.761,0,0,20,0,-999,-999,0
84.5,40,8,3,-95.0702,6,-122.98,2,2,10,1,-999,-999,0
84.5,40,8,3,-95.0702,4,-132.383,0,0,20,0,-999,-999,0
84.5,40,8,3,-95.0702,2,-135.091,0,0,20,0,-999,-999,0
84.5,40,8,3,-95.0702,1,-144.378,0,0,20,0,-999,-999,0
84.5,40,8,3,-95.0702,7,-144.691,5,5,10,1,-999,-999,0
84.5,40,8,3,-95.0702,5,-146.705,3,3,0,1,-999,-999,0
84.5,56,48,7,-129.432,3,-122.971,2,2,20,0,-999,-999,0
84.5,56,48,7,-129.432,6,-139.045,2,2,10,1,-999,-999,0
84.5,56,48,7,-129.432,2,-147.833,0,0,20,0,-999,-999,0
84.5,56,48,7,-129.432,5,-150.402,3,3,0,1,-999,-999,0
84.5,56,48,7,-129.432,4,-153.072,0,0,20,0,-999,-999,0
84.5,56,48,7,-129.432,1,-158.146,0,0,20,0,-999,-999,0
84.5,60,16,5,-98.8483,7,-122.896,5,5,10,1,-999,-999,0
84.5,60,16,5,-98.8483,3,-123.933,2,2,20,0,-999,-999,0
84.5,60,16,5,-98.8483,1,-129.119,0,0,20,0,-999,-999,0
84.5,60,16,5,-98.8483,6,-134.559,2,2,10,1,-999,-999,0
84.5,60,16,5,-98.8483,4,-152.111,0,0,20,0,-999,-999,0
84.5,60,16,5,-98.8483,2,-159.573,0,0,20,0,-999,-999,0
84.5,62,24,5,-136.849,7,-119.351,5,5,10,1,-999,-999,0
84.5,62,24,5,-136.849,6,-141.821,2,2,10,1,-999,-999,0
84.5,62,24,5,-136.849,3,-147.452,2,2,20,0,-999,-999,0
84.5,62,24,5,-136.849,1,-154.523,0,0,20,0,-999,-999,0
84.5,62,24,5,-136.849,4,-157.989,0,0,20,0,-999,-999,0
84.5,62,24,5,-136.849,2,-163.97,0,0,20,0,-999,-999,0
84.5,67,8,7,-139.975,3,-125.958,2,2,20,0,-999,-999,0
84.5,67,8,7,-139.975,2,-146.478,0,0,20,0,-999,-999,0
84.5,67,8,7,-139.975,6,-147.023,2,2,10,1,-999,-999,0
84.5,67,8,7,-139.975,5,-147.994,3,3,0,1,-999,-999,0
84.5,67,8,7,-139.975,4,-155.083,0,0,20,0,-999,-999,0
84.5,67,8,7,-139.975,1,-159.359,0,0,20,0,-999,-999,0
84.5,71,8,5,-127.557,3,-122.081,2,2,20,0,-999,-999,0
84.5,71,8,5,-127.557,1,-137.341,0,0,20,0,-999,-999,0
84.5,71,8,5,-127.557,6,-145.116,2,2,10,1,-999,-999,0
84.5,71,8,5,-127.557,7,-154.502,5,5,10,1,-999,-999,0
84.5,71,8,5,-127.557,4,-155.639,0,0,20,0,-999,-999,0
84.5,71,8,5,-127.557,2,-155.751,0,0,20,0,-999,-999,0
84.5,79,16,7,-97.1002,6,-100.298,2,2,10,1,-999,-999,0
84.5,79,16,7,-97.1002,3,-119.466,2,2,20,0,-999,-999,0
84.5,79,16,7,-97.1002,5,-120.697,3,3,0,1,-999,-999,0
84.5,79,16,7,-97.1002,2,-147.335,0,0,20,0,-999,-999,0
84.5,79,16,7,-97.1002,4,-150.986,0,0,20,0,-999,-999,0
84.5,79,16,7,-97.1002,1,-156.549,0,0,20,0,-999,-999,0
84.5,87,32,7,-98.5387,6,-147.224,2,2,10,1,-999,-999,0
84.5,87,32,7,-98.5387,3,-149.581,2,2,20,0,-999,-999,0
84.5,87,32,7,-98.5387,5,-154.669,3,3,0,1,-999,-999,0
84.5,87,32,7,-98.5387,2,-157.858,0,0,20,0,-999,-999,0
84.5,87,32,7,-98.5387,1,-167.426,0,0,20,0,-999,-999,0
84.5,87,32,7,-98.5387,4,-172.61,0,0,20,0,-999,-999,0
84.5,97,8,6,-112.987,3,-123.437,2,2,20,0,-999,-999,0
84.5,97,8,6,-112.987,2,-134.469,0,0,20,0,-999,-999,0
84.5,97,8,6,-112.987,4,-137.216,0,0,20,0,-999,-999,0
84.5,97,8,6,-112.987,5,-145.346,3,3,0,1,-999,-999,0
84.5,97,8,6,-112.987,7,-145.382,5,5,10,1,-999,-999,0
84.5,97,8,6,-112.987,1,-153.895,0,0,20,0,-999,-999,0
86.5,10,16,6,-137.411,3,-96.293,2,2,20,0,-999,-999,0
86.5,10,16,6,-137.411,5,-107.294,3,3,0,1,-999,-999,0
86.5,10,16,6,-137.411,7,-112.436,5,5,10,1,-999,-999,0
86.5,10,16,6,-137.411,2,-142.965,0,0,20,0,-999,-999,0
86.5,10,16,6,-137.411,1,-147.749,0,0,20,0,-999,-999,0
86.5,10,16,6,-137.411,4,-148.527,0,0,20,0,-999,-999,0
86.5,33,24,7,-138.099,3,-146.295,2,2,20,0,-999,-999,0
86.5,33,24,7,-138.099,5,-148.767,3,3,0,1,-999,-999,0
86.5,33,24,7,-138.099,2,-153.454,0,0,20,0,-999,-999,0
86.5,33,24,7,-138.099,6,-156.885,2,2,10,1,-999,-999,0
86.5,33,24,7,-138.099,4,-158.183,0,0,20,0,-999,-999,0
86.5,33,24,7,-138.099,1,-164.971,0,0,20,0,-999,-999,0
86.5,36,9,3,-108.983,7,-134.727,5,5,10,1,-999,-999,0
86.5,36,9,3,-108.983,6,-140.402,2,2,10,1,-999,-999,0
86.5,36,9,3,-108.983,2,-145.571,0,0,20,0,-999,-999,0
86.5,36,9,3,-108.983,5,-151.944,3,3,0,1,-999,-999,0
86.5,36,9,3,-108.983,4,-154.917,0,0,20,0,-999,-999,0
86.5,36,9,3,-108.983,1,-158.504,0,0,20,0,-999,-999,0
86.5,40,8,3,-112.977,6,-112.82,2,2,10,1,-999,-999,0
86.5,40,8,3,-112.977,4,-133.696,0,0,20,0,-999,-999,0
86.5,40,8,3,-112.977,2,-136.75,0,0,20,0,-999,-999,0
86.5,40,8,3,-112.977,1,-148.836,0,0,20,0,-999,-999,0
86.5,40,8,3,-112.977,7,-149.062,5,5,10,1,-999,-999,0
86.5,40,8,3,-112.977,5,-149.203,3,3,0,1,-999,-999,0
86.5,56,48,7,-131.07,6,-136.893,2,2,10,1,-999,-999,0
86.5,56,48,7,-131.07,3,-140.001,2,2,20,0,-999,-999,0
86.5,56,48,7,-131.07,2,-145.426,0,0,20,0,-999,-999,0
86.5,56,48,7,-131.07,5,-151.666,3,3,0,1,-999,-999,0
86.5,56,48,7,-131.07,4,-153.671,0,0,20,0,-999,-999,0
86.5,56,48,7,-131.07,1,-156.019,0,0,20,0,-999,-999,0
86.5,60,16,5,-131.306,6,-120.389,2,2,10,1,-999,-999,0
86.5,60,16,5,-131.306,3,-135.512,2,2,20,0,-999,-999,0
86.5,60,16,5,-131.306,1,-136.303,0,0,20,0,-999,-999,0
86.5,60,16,5,-131.306,2,-151.819,0,0,20,0,-999,-999,0
86.5,60,16,5,-131.306,7,-152.161,5,5,10,1,-999,-999,0
86.5,60,16,5,-131.306,4,-153.394,0,0,20,0,-999,-999,0
86.5,62,24,5,-94.2808,6,-130.119,2,2,10,1,-999,-999,0
86.5,62,24,5,-94.2808,7,-141.612,5,5,10,1,-999,-999,0
86.5,62,24,5,-94.2808,3,-151.656,2,2,20,0,-999,-999,0
86.5,62,24,5,-94.2808,4,-155.775,0,0,20,0,-999,-999,0
86.5,62,24,5,-94.2808,1,-157.065,0,0,20,0,-999,-999,0
86.5,62,24,5,-94.2808,2,-161.498,0,0,20,0,-999,-999,0
86.5,67,8,7,-123.289,3,-140.555,2,2,20,0,-999,-999,0
86.5,67,8,7,-123.289,2,-148.652,0,0,20,0,-999,-999,0
86.5,67,8,7,-123.289,6,-151.986,2,2,10,1,-999,-999,0
86.5,67,8,7,-123.289,4,-152.776,0,0,20,0,-999,-999,0
86.5,67,8,7,-123.289,5,-153.632,3,3,0,1,-999,-999,0
86.5,67,8,7,-123.289,1,-161.826,0,0,20,0,-999,-999,0
86.5,71,8,5,-126.365,6,-131.209,2,2,10,1,-999,-999,0
86.5,71,8,5,-126.365,1,-136.43,0,0,20,0,-999,-999,0
86.5,71,8,5,-126.365,3,-142.916,2,2,20,0,-999,-999,0
86.5,71,8,5,-126.365,7,-149.982,5,5,10,1,-999,-999,0
86.5,71,8,5,-126.365,4,-153.486,0,0,20,0,-999,-999,0
86.5,71,8,5,-126.365,2,-157.399,0,0,20,0,-999,-999,0
86.5,79,16,7,-132.94,3,-134.594,2,2,20,0,-999,-999,0
86.5,79,16,7,-132.94,6,-137.548,2,2,10,1,-999,-999,0
86.5,79,16,7,-132.94,4,-144.642,0,0,20,0,-999,-999,0
86.5,79,16,7,-132.94,5,-149.401,3,3,0,1,-999,-999,0
86.5,79,16,7,-132.94,2,-150.05,0,0,20,0,-999,-999,0
86.5,79,16,7,-132.94,1,-156.886,0,0,20,0,-999,-999,0
86.5,87,32,7,-143.947,6,-131.484,2,2,10,1,-999,-999,0
86.5,87,32,7,-143.947,3,-147.857,2,2,20,0,-999,-999,0
86.5,87,32,7,-143.947,5,-154.812,3,3,0,1,-999,-999,0
86.5,87,32,7,-143.947,2,-158.421,0,0,20,0,-999,-999,0
86.5,87,32,7,-143.947,4,-161.387,0,0,20,0,-999,-999,0
86.5,87,32,7,-143.947,1,-167.235,0,0,20,0,-999,-999,0
86.5,97,8,6,-97.7504,7,-117.153,5,5,10,1,-999,-999,0
86.5,97,8,6,-97.7504,3,-128.733,2,2,20,0,-999,-999,0
86.5,97,8,6,-97.7504,2,-139.002,0,0,20,0,-999,-999,0
86.5,97,8,6,-97.7504,4,-139.961,0,0,20,0,-999,-999,0
86.5,97,8,6,-97.7504,5,-144.65,3,3,0,1,-999,-999,0
86.5,97,8,6,-97.7504,1,-152.312,0,0,20,0,-999,-999,0
88.5,10,16,6,-132.895,3,-139.658,2,2,20,0,-999,-999,0
88.5,10,16,6,-132.895,7,-139.74,5,5,10,1,-999,-999,0
88.5,10,16,6,-132.895,5,-140.235,3,3,0,1,-999,-999,0
88.5,10,16,6,-132.895,2,-146.327,0,0,20,0,-999,-999,0
88.5,10,16,6,-132.895,4,-148.266,0,0,20,0,-999,-999,0
88.5,10,16,6,-132.895,1,-155.093,0,0,20,0,-999,-999,0
88.5,33,24,7,-105.026,3,-135.135,2,2,20,0,-999,-999,0
88.5,33,24,7,-105.026,5,-148.951,3,3,0,1,-999,-999,0
88.5,33,24,7,-105.026,2,-153.992,0,0,20,0,-999,-999,0
88.5,33,24,7,-105.026,4,-156.054,0,0,20,0,-999,-999,0
88.5,33,24,7,-105.026,6,-156.574,2,2,10,1,-999,-999,0
88.5,33,24,7,-105.026,1,-165.773,0,0,20,0,-999,-999,0
88.5,36,9,3,-142.852,6,-105.136,2,2,10,1,-999,-999,0
88.5,36,9,3,-142.852,7,-132.347,5,5,10,1,-999,-999,0
88.5,36,9,3,-142.852,5,-140.595,3,3,0,1,-999,-999,0
88.5,36,9,3,-142.852,2,-148.717,0,0,20,0,-999,-999,0
88.5,36,9,3,-142.852,4,-150.407,0,0,20,0,-999,-999,0
88.5,36,9,3,-142.852,1,-162.778,0,0,20,0,-999,-999,0
88.5,40,8,3,-77.7545,6,-120.792,2,2,10,1,-999,-999,0
88.5,40,8,3,-77.7545,4,-133.829,0,0,20,0,-999,-999,0
88.5,40,8,3,-77.7545,2,-134.167,0,0,20,0,-999,-999,0
88.5,40,8,3,-77.7545,5,-141.731,3,3,0,1,-999,-999,0
88.5,40,8,3,-77.7545,1,-145.207,0,0,20,0,-999,-999,0
88.5,40,8,3,-77.7545,7,-150.594,5,5,10,1,-999,-999,0
88.5,56,48,7,-126.987,5,-133.731,3,3,0,1,-999,-999,0
88.5,56,48,7,-126.987,6,-137.109,2,2,10,1,-999,-999,0
88.5,56,48,7,-126.987,3,-140.522,2,2,20,0,-999,-999,0
88.5,56,48,7,-126.987,2,-143.57,0,0,20,0,-999,-999,0
88.5,56,48,7,-126.987,4,-150.594,0,0,20,0,-999,-999,0
88.5,56,48,7,-126.987,1,-156.567,0,0,20,0,-999,-999,0
88.5,60,16,5,-105.668,1,-127.069,0,0,20,0,-999,-999,0
88.5,60,16,5,-105.668,6,-141.467,2,2,10,1,-999,-999,0
88.5,60,16,5,-105.668,3,-147.146,2,2,20,0,-999,-999,0
88.5,60,16,5,-105.668,2,-150.104,0,0,20,0,-999,-999,0
88.5,60,16,5,-105.668,4,-150.259,0,0,20,0,-999,-999,0
88.5,60,16,5,-105.668,7,-155.402,5,5,10,1,-999,-999,0
88.5,62,24,5,-129.792,3,-117.369,2,2,20,0,-999,-999,0
88.5,62,24,5,-129.792,6,-136.857,2,2,10,1,-999,-999,0
88.5,62,24,5,-129.792,1,-148.796,0,0,20,0,-999,-999,0
88.5,62,24,5,-129.792,7,-150.319,5,5,10,1,-999,-999,0
88.5,62,24,5,-129.792,4,-155.566,0,0,20,0,-999,-999,0
88.5,62,24,5,-129.792,2,-160.033,0,0,20,0,-999,-999,0
88.5,67,8,7,-103.506,3,-138.612,2,2,20,0,-999,-999,0
88.5,67,8,7,-103.506,6,-142.531,2,2,10,1,-999,-999,0
88.5,67,8,7,-103.506,2,-149.435,0,0,20,0,-999,-999,0
88.5,67,8,7,-103.506,5,-151.312,3,3,0,1,-999,-999,0
88.5,67,8,7,-103.506,4,-156.744,0,0,20,0,-999,-999,0
88.5,67,8,7,-103.506,1,-161.644,0,0,20,0,-999,-999,0
88.5,71,8,5,-119.316,7,-133.012,5,5,10,1,-999,-999,0
88.5,71,8,5,-119.316,1,-140.884,0,0,20,0,-999,-999,0
88.5,71,8,5,-119.316,6,-144.778,2,2,10,1,-999,-999,0
88.5,71,8,5,-119.316,3,-147.747,2,2,20,0,-999,-999,0
88.5,71,8,5,-119.316,4,-153.723,0,0,20,0,-999,-999,0
88.5,71,8,5,-119.316,2,-159.198,0,0,20,0,-999,-999,0
88.5,79,16,7,-132.8,3,-133.487,2,2,20,0,-999,-999,0
88.5,79,16,7,-132.8,6,-135.656,2,2,10,1,-999,-999,0
88.5,79,16,7,-132.8,2,-146.334,0,0,20,0,-999,-999,0
88.5,79,16,7,-132.8,4,-147.737,0,0,20,0,-999,-999,0
88.5,79,16,7,-132.8,5,-156.123,3,3,0,1,-999,-999,0
88.5,79,16,7,-132.8,1,-156.603,0,0,20,0,-999,-999,0
88.5,87,32,7,-104.795,5,-138.298,3,3,0,1,-999,-999,0
88.5,87,32,7,-104.795,6,-149.105,2,2,10,1,-999,-999,0
88.5,87,32,7,-104.795,3,-150.283,2,2,20,0,-999,-999,0
88.5,87,32,7,-104.795,2,-159.337,0,0,20,0,-999,-999,0
88.5,87,32,7,-104.795,4,-162.589,0,0,20,0,-999,-999,0
88.5,87,32,7,-104.795,1,-173.419,0,0,20,0,-999,-999,0
88.5,97,8,6,-83.5178,3,-96.1011,2,2,20,0,-999,-999,0
88.5,97,8,6,-83.5178,7,-126.55,5,5,10,1,-999,-999,0
88.5,97,8,6,-83.5178,2,-136.123,0,0,20,0,-999,-999,0
88.5,97,8,6,-83.5178,4,-137.504,0,0,20,0,-999,-999,0
88.5,97,8,6,-83.5178,5,-146.308,3,3,0,1,-999,-999,0
88.5,97,8,6,-83.5178,1,-151.678,0,0,20,0,-999,-999,0
90.5,10,16,6,-138.156,3,-117.883,2,2,20,0,-999,-999,0
90.5,10,16,6,-138.156,7,-134.152,5,5,10,1,-999,-999,0
90.5,10,16,6,-138.156,5,-143.62,3,3,0,1,-999,-999,0
90.5,10,16,6,-138.156,2,-145.715,0,0,20,0,-999,-999,0
90.5,10,16,6,-138.156,4,-150.316,0,0,20,0,-999,-999,0
90.5,10,16,6,-138.156,1,-153.287,0,0,20,0,-999,-999,0
90.5,33,24,7,-135.179,3,-119.387,2,2,20,0,-999,-999,0
90.5,33,24,7,-135.179,5,-143.678,3,3,0,1,-999,-999,0
90.5,33,24,7,-135.179,6,-152.693,2,2,10,1,-999,-999,0
90.5,33,24,7,-135.179,2,-154.942,0,0,20,0,-999,-999,0
90.5,33,24,7,-135.179,4,-158.762,0,0,20,0,-999,-999,0
90.5,33,24,7,-135.179,1,-162.363,0,0,20,0,-999,-999,0
90.5,36,9,3,-132.98,7,-93.9914,5,5,10,1,-999,-999,0
90.5,36,9,3,-132.98,5,-122.975,3,3,0,1,-999,-999,0
90.5,36,9,3,-132.98,6,-143.352,2,2,10,1,-999,-999,0
90.5,36,9,3,-132.98,2,-147.595,0,0,20,0,-999,-999,0
90.5,36,9,3,-132.98,4,-152.452,0,0,20,0,-999,-999,0
90.5,36,9,3,-132.98,1,-160.039,0,0,20,0,-999,-999,0
90.5,40,8,3,-99.1296,7,-116.565,5,5,10,1,-999,-999,0
90.5,40,8,3,-99.1296,6,-124.72,2,2,10,1,-999,-999,0
90.5,40,8,3,-99.1296,4,-132.956,0,0,20,0,-999,-999,0
90.5,40,8,3,-99.1296,2,-137.032,0,0,20,0,-999,-999,0
90.5,40,8,3,-99.1296,5,-137.912,3,3,0,1,-999,-999,0
90.5,40,8,3,-99.1296,1,-140.456,0,0,20,0,-999,-999,0
90.5,56,48,7,-135.815,6,-112.101,2,2,10,1,-999,-999,0
90.5,56,48,7,-135.815,3,-121.048,2,2,20,0,-999,-999,0
90.5,56,48,7,-135.815,2,-145.08,0,0,20,0,-999,-999,0
90.5,56,48,7,-135.815,4,-151.195,0,0,20,0,-999,-999,0
90.5,56,48,7,-135.815,5,-155.991,3,3,0,1,-999,-999,0
90.5,56,48,7,-135.815,1,-159.846,0,0,20,0,-999,-999,0
90.5,60,16,5,-132.269,6,-115.309,2,2,10,1,-999,-999,0
90.5,60,16,5,-132.269,1,-128.58,0,0,20,0,-999,-999,0
90.5,60,16,5,-132.269,3,-138.87,2,2,20,0,-999,-999,0
90.5,60,16,5,-132.269,4,-147.378,0,0,20,0,-999,-999,0
90.5,60,16,5,-132.269,2,-151.185,0,0,20,0,-999,-999,0
90.5,60,16,5,-132.269,7,-159.189,5,5,10,1,-999,-999,0
90.5,62,24,5,-132.305,6,-110.028,2,2,10,1,-999,-999,0
90.5,62,24,5,-132.305,3,-126.81,2,2,20,0,-999,-999,0
90.5,62,24,5,-132.305,7,-148.298,5,5,10,1,-999,-999,0
90.5,62,24,5,-132.305,1,-153.483,0,0,20,0,-999,-999,0
90.5,62,24,5,-132.305,4,-157.846,0,0,20,0,-999,-999,0
90.5,62,24,5,-132.305,2,-160.644,0,0,20,0,-999,-999,0
90.5,67,8,7,-136.275,3,-139.845,2,2,20,0,-999,-999,0
90.5,67,8,7,-136.275,6,-143.596,2,2,10,1,-999,-999,0
90.5,67,8,7,-136.275,5,-147.557,3,3,0,1,-999,-999,0
90.5,67,8,7,-136.275,2,-149.969,0,0,20,0,-999,-999,0
90.5,67,8,7,-136.275,4,-155.022,0,0,20,0,-999,-999,0
90.5,67,8,7,-136.275,1,-160.6,0,0,20,0,-999,-999,0
90.5,71,8,5,-130.458,1,-140.996,0,0,20,0,-999,-999,0
90.5,71,8,5,-130.458,3,-143.386,2,2,20,0,-999,-999,0
90.5,71,8,5,-130.458,6,-145.012,2,2,10,1,-999,-999,0
90.5,71,8,5,-130.458,4,-150.958,0,0,20,0,-999,-999,0
90.5,71,8,5,-130.458,7,-152.28,5,5,10,1,-999,-999,0
90.5,71,8,5,-130.458,2,-156.169,0,0,20,0,-999,-999,0
90.5,79,16,7,-97.0134,3,-120.523,2,2,20,0,-999,-999,0
90.5,79,16,7,-97.0134,6,-139.809,2,2,10,1,-999,-999,0
90.5,79,16,7,-97.0134,5,-148.694,3,3,0,1,-999,-999,0
90.5,79,16,7,-97.0134,4,-148.777,0,0,20,0,-999,-999,0
90.5,79,16,7,-97.0134,2,-151.794,0,0,20,0,-999,-999,0
90.5,79,16,7,-97.0134,1,-156.255,0,0,20,0,-999,-999,0
90.5,87,32,7,-98.3146,6,-147.264,2,2,10,1,-999,-999,0
90.5,87,32,7,-98.3146,5,-154.372,3,3,0,1,-999,-999,0
90.5,87,32,7,-98.3146,3,-156.056,2,2,20,0,-999,-999,0
90.5,87,32,7,-98.3146,2,-163.937,0,0,20,0,-999,-999,0
90.5,87,32,7,-98.3146,4,-164.276,0,0,20,0,-999,-999,0
90.5,87,32,7,-98.3146,1,-167.831,0,0,20,0,-999,-999,0
90.5,97,8,6,-115.809,3,-106.867,2,2,20,0,-999,-999,0
90.5,97,8,6,-115.809,4,-135.82,0,0,20,0,-999,-999,0
90.5,97,8,6,-115.809,2,-139.178,0,0,20,0,-999,-999,0
90.5,97,8,6,-115.809,5,-140.846,3,3,0,1,-999,-999,0
90.5,97,8,6,-115.809,7,-151.542,5,5,10,1,-999,-999,0
90.5,97,8,6,-115.809,1,-154.536,0,0,20,0,-999,-999,0
92.5,10,16,6,-136.958,3,-131.349,2,2,20,0,-999,-999,0
92.5,10,16,6,-136.958,7,-138.214,5,5,0,1,-999,-999,0
92.5,10,16,6,-136.958,5,-142.755,4,4,0,1,-999,-999,0
92.5,10,16,6,-136.958,4,-150.525,0,0,20,0,-999,-999,0
92.5,10,16,6,-136.958,2,-150.616,0,0,20,0,-999,-999,0
92.5,10,16,6,-136.958,1,-150.804,0,0,20,0,-999,-999,0
92.5,33,24,7,-114.548,3,-142.578,2,2,20,0,-999,-999,0
92.5,33,24,7,-114.548,2,-151.422,0,0,20,0,-999,-999,0
92.5,33,24,7,-114.548,6,-154.055,2,2,10,1,-999,-999,0
92.5,33,24,7,-114.548,4,-154.058,0,0,20,0,-999,-999,0
92.5,33,24,7,-114.548,5,-155.006,4,4,0,1,-999,-999,0
92.5,33,24,7,-114.548,1,-166.25,0,0,20,0,-999,-999,0
92.5,36,9,3,-144.337,7,-131,5,5,0,1,-999,-999,0
92.5,36,9,3,-144.337,5,-147.18,4,4,0,1,-999,-999,0
92.5,36,9,3,-144.337,6,-148.406,2,2,10,1,-999,-999,0
92.5,36,9,3,-144.337,2,-150.125,0,0,20,0,-999,-999,0
92.5,36,9,3,-144.337,4,-155.218,0,0,20,0,-999,-999,0
92.5,36,9,3,-144.337,1,-162.362,0,0,20,0,-999,-999,0
92.5,40,8,3,-118.38,6,-130.637,2,2,10,1,-999,-999,0
92.5,40,8,3,-118.38,4,-132.243,0,0,20,0,-999,-999,0
92.5,40,8,3,-118.38,2,-135.789,0,0,20,0,-999,-999,0
92.5,40,8,3,-118.38,7,-141.377,5,5,0,1,-999,-999,0
92.5,40,8,3,-118.38,5,-143.711,4,4,0,1,-999,-999,0
92.5,40,8,3,-118.38,1,-146.743,0,0,20,0,-999,-999,0
92.5,56,48,7,-128.032,5,-117.762,4,4,0,1,-999,-999,0
92.5,56,48,7,-128.032,6,-141.794,2,2,10,1,-999,-999,0
92.5,56,48,7,-128.032,3,-142.955,2,2,20,0,-999,-999,0
92.5,56,48,7,-128.032,2,-149.299,0,0,20,0,-999,-999,0
92.5,56,48,7,-128.032,4,-150.198,0,0,20,0,-999,-999,0
92.5,56,48,7,-128.032,1,-164.853,0,0,20,0,-999,-999,0
92.5,58,32,5,-136.575,6,-127.706,2,2,10,1,-999,-999,0
92.5,58,32,5,-136.575,3,-153.034,2,2,20,0,-999,-999,0
92.5,58,32,5,-136.575,7,-158.125,5,5,0,1,-999,-999,0
92.5,58,32,5,-136.575,1,-162.856,0,0,20,0,-999,-999,0
92.5,58,32,5,-136.575,4,-167.912,0,0,20,0,-999,-999,0
92.5,58,32,5,-136.575,2,-168.607,0,0,20,0,-999,-999,0
92.5,60,16,5,-127.684,1,-126.986,0,0,20,0,-999,-999,0
92.5,60,16,5,-127.684,4,-146.15,0,0,20,0,-999,-999,0
92.5,60,16,5,-127.684,3,-146.808,2,2,20,0,-999,-999,0
92.5,60,16,5,-127.684,6,-147.027,2,2,10,1,-999,-999,0
92.5,60,16,5,-127.684,2,-152.151,0,0,20,0,-999,-999,0
92.5,60,16,5,-127.684,7,-153.122,5,5,0,1,-999,-999,0
92.5,62,24,5,-93.8787,7,-139.508,5,5,0,1,-999,-999,0
92.5,62,24,5,-93.8787,3,-140.59,2,2,20,0,-999,-999,0
92.5,62,24,5,-93.8787,6,-144.564,2,2,10,1,-999,-999,0
92.5,62,24,5,-93.8787,1,-157.914,0,0,20,0,-999,-999,0
92.5,62,24,5,-93.8787,2,-160.676,0,0,20,0,-999,-999,0
92.5,62,24,5,-93.8787,4,-162.659,0,0,20,0,-999,-999,0
92.5,67,8,7,-137.296,3,-134.222,2,2,20,0,-999,-999,0
92.5,67,8,7,-137.296,2,-145.867,0,0,20,0,-999,-999,0
92.5,67,8,7,-137.296,6,-146.902,2,2,10,1,-999,-999,0
92.5,67,8,7,-137.296,5,-149.781,4,4,0,1,-999,-999,0
92.5,67,8,7,-137.296,4,-157.026,0,0,20,0,-999,-999,0
92.5,67,8,7,-137.296,1,-162.629,0,0,20,0,-999,-999,0
92.5,71,8,5,-124.022,1,-137.493,0,0,20,0,-999,-999,0
92.5,71,8,5,-124.022,3,-140.335,2,2,20,0,-999,-999,0
92.5,71,8,5,-124.022,7,-142.617,5,5,0,1,-999,-999,0
92.5,71,8,5,-124.022,6,-150.166,2,2,10,1,-999,-999,0
92.5,71,8,5,-124.022,4,-151.806,0,0,20,0,-999,-999,0
92.5,71,8,5,-124.022,2,-157.413,0,0,20,0,-999,-999,0
92.5,79,16,7,-132.518,6,-113.287,2,2,10,1,-999,-999,0
92.5,79,16,7,-132.518,3,-134.796,2,2,20,0,-999,-999,0
92.5,79,16,7,-132.518,5,-145.039,4,4,0,1,-999,-999,0
92.5,79,16,7,-132.518,2,-149.34,0,0,20,0,-999,-999,0
92.5,79,16,7,-132.518,4,-150.145,0,0,20,0,-999,-999,0
92.5,79,16,7,-132.518,1,-157.259,0,0,20,0,-999,-999,0
92.5,87,32,7,-134.135,3,-109.281,2,2,20,0,-999,-999,0
92.5,87,32,7,-134.135,6,-145.451,2,2,10,1,-999,-999,0
92.5,87,32,7,-134.135,5,-154.212,4,4,0,1,-999,-999,0
92.5,87,32,7,-134.135,4,-156.661,0,0,20,0,-999,-999,0
92.5,87,32,7,-134.135,1,-165.92,0,0,20,0,-999,-999,0
92.5,87,32,7,-134.135,2,-166.178,0,0,20,0,-999,-999,0
92.5,97,8,6,-101.461,3,-130.691,2,2,20,0,-999,-999,0
92.5,97,8,6,-101.461,2,-132.817,0,0,20,0,-999,-999,0
92.5,97,8,6,-101.461,4,-135.81,0,0,20,0,-999,-999,0
92.5,97,8,6,-101.461,7,-144.549,5,5,0,1,-999,-999,0
92.5,97,8,6,-101.461,5,-149.327,4,4,0,1,-999,-999,0
92.5,97,8,6,-101.461,1,-151.517,0,0,20,0,-999,-999,0
94.5,10,16,6,-139.521,3,-125.591,2,2,20,0,-999,-999,0
94.5,10,16,6,-139.521,7,-137.269,6,6,0,1,-999,-999,0
94.5,10,16,6,-139.521,5,-141.397,4,4,0,1,-999,-999,0
94.5,10,16,6,-139.521,4,-151.812,0,0,20,0,-999,-999,0
94.5,10,16,6,-139.521,2,-151.921,0,0,20,0,-999,-999,0
94.5,10,16,6,-139.521,1,-155.411,0,0,20,0,-999,-999,0
94.5,33,24,7,-134.098,5,-140.926,4,4,0,1,-999,-999,0
94.5,33,24,7,-134.098,3,-146.477,2,2,20,0,-999,-999,0
94.5,33,24,7,-134.098,6,-153.613,2,2,10,1,-999,-999,0
94.5,33,24,7,-134.098,2,-155.137,0,0,20,0,-999,-999,0
94.5,33,24,7,-134.098,4,-158.924,0,0,20,0,-999,-999,0
94.5,33,24,7,-134.098,1,-166.11,0,0,20,0,-999,-999,0
94.5,36,9,3,-143.799,7,-130.756,6,6,0,1,-999,-999,0
94.5,36,9,3,-143.799,6,-136.449,2,2,10,1,-999,-999,0
94.5,36,9,3,-143.799,2,-148.851,0,0,20,0,-999,-999,0
94.5,36,9,3,-143.799,4,-151.307,0,0,20,0,-999,-999,0
94.5,36,9,3,-143.799,5,-153.376,4,4,0,1,-999,-999,0
94.5,36,9,3,-143.799,1,-158.057,0,0,20,0,-999,-999,0
94.5,40,8,3,-113.782,6,-125.814,2,2,10,1,-999,-999,0
94.5,40,8,3,-113.782,4,-135.436,0,0,20,0,-999,-999,0
94.5,40,8,3,-113.782,2,-138.597,0,0,20,0,-999,-999,0
94.5,40,8,3,-113.782,1,-144.801,0,0,20,0,-999,-999,0
94.5,40,8,3,-113.782,5,-147.222,4,4,0,1,-999,-999,0
94.5,40,8,3,-113.782,7,-149.134,6,6,0,1,-999,-999,0
94.5,56,48,7,-99.4982,5,-133.059,4,4,0,1,-999,-999,0
94.5,56,48,7,-99.4982,6,-138.971,2,2,10,1,-999,-999,0
94.5,56,48,7,-99.4982,3,-143.433,2,2,20,0,-999,-999,0
94.5,56,48,7,-99.4982,4,-147.628,0,0,20,0,-999,-999,0
94.5,56,48,7,-99.4982,2,-150.708,0,0,20,0,-999,-999,0
94.5,56,48,7,-99.4982,1,-162.143,0,0,20,0,-999,-999,0
94.5,58,32,5,-141.988,6,-143.324,2,2,10,1,-999,-999,0
94.5,58,32,5,-141.988,7,-152.895,6,6,0,1,-999,-999,0
94.5,58,32,5,-141.988,3,-161.481,2,2,20,0,-999,-999,0
94.5,58,32,5,-141.988,1,-163.128,0,0,20,0,-999,-999,0
94.5,58,32,5,-141.988,4,-166.341,0,0,20,0,-999,-999,0
94.5,58,32,5,-141.988,2,-167.211,0,0,20,0,-999,-999,0
94.5,60,16,5,-130.826,3,-116.674,2,2,20,0,-999,-999,0
94.5,60,16,5,-130.826,7,-127.304,6,6,0,1,-999,-999,0
94.5,60,16,5,-130.826,1,-132.913,0,0,20,0,-999,-999,0
94.5,60,16,5,-130.826,6,-144.922,2,2,10,1,-999,-999,0
94.5,60,16,5,-130.826,4,-145.721,0,0,20,0,-999,-999,0
94.5,60,16,5,-130.826,2,-155.78,0,0,20,0,-999,-999,0
94.5,62,24,5,-129.727,6,-103.921,2,2,10,1,-999,-999,0
94.5,62,24,5,-129.727,3,-119.913,2,2,20,0,-999,-999,0
94.5,62,24,5,-129.727,7,-124.83,6,6,0,1,-999,-999,0
94.5,62,24,5,-129.727,1,-150.501,0,0,20,0,-999,-999,0
94.5,62,24,5,-129.727,4,-154.729,0,0,20,0,-999,-999,0
94.5,62,24,5,-129.727,2,-162.611,0,0,20,0,-999,-999,0
94.5,67,8,7,-101.208,3,-141.425,2,2,20,0,-999,-999,0
94.5,67,8,7,-101.208,5,-142.626,4,4,0,1,-999,-999,0
94.5,67,8,7,-101.208,2,-149.21,0,0,20,0,-999,-999,0
94.5,67,8,7,-101.208,6,-151.585,2,2,10,1,-999,-999,0
94.5,67,8,7,-101.208,4,-153.345,0,0,20,0,-999,-999,0
94.5,67,8,7,-101.208,1,-162.137,0,0,20,0,-999,-999,0
94.5,71,8,5,-104.938,6,-110.505,2,2,10,1,-999,-999,0
94.5,71,8,5,-104.938,1,-141.056,0,0,20,0,-999,-999,0
94.5,71,8,5,-104.938,3,-145.466,2,2,20,0,-999,-999,0
94.5,71,8,5,-104.938,4,-153.894,0,0,20,0,-999,-999,0
94.5,71,8,5,-104.938,2,-155.64,0,0,20,0,-999,-999,0
94.5,71,8,5,-104.938,7,-155.906,6,6,0,1,-999,-999,0
94.5,79,16,7,-131.66,3,-135.647,2,2,20,0,-999,-999,0
94.5,79,16,7,-131.66,6,-139.35,2,2,10,1,-999,-999,0
94.5,79,16,7,-131.66,2,-144.483,0,0,20,0,-999,-999,0
94.5,79,16,7,-131.66,4,-146.527,0,0,20,0,-999,-999,0
94.5,79,16,7,-131.66,5,-152.366,4,4,0,1,-999,-999,0
94.5,79,16,7,-131.66,1,-155.55,0,0,20,0,-999,-999,0
94.5,87,32,7,-147.672,3,-150.305,2,2,20,0,-999,-999,0
94.5,87,32,7,-147.672,6,-151.18,2,2,10,1,-999,-999,0
94.5,87,32,7,-147.672,5,-152.166,4,4,0,1,-999,-999,0
94.5,87,32,7,-147.672,2,-162.374,0,0,20,0,-999,-999,0
94.5,87,32,7,-147.672,4,-165.485,0,0,20,0,-999,-999,0
94.5,87,32,7,-147.672,1,-168.161,0,0,20,0,-999,-999,0
94.5,97,8,6,-125.692,3,-128.592,2,2,20,0,-999,-999,0
94.5,97,8,6,-125.692,2,-135.231,0,0,20,0,-999,-999,0
94.5,97,8,6,-125.692,4,-144.158,0,0,20,0,-999,-999,0
94.5,97,8,6,-125.692,5,-145.481,4,4,0,1,-999,-999,0
94.5,97,8,6,-125.692,1,-153.233,0,0,20,0,-999,-999,0
94.5,97,8,6,-125.692,7,-153.72,6,6,0,1,-999,-999,0
96.5,10,16,6,-136.286,3,-110.344,2,2,20,0,-999,-999,0
96.5,10,16,6,-136.286,7,-139.912,6,6,0,1,-999,-999,0
96.5,10,16,6,-136.286,5,-143.553,4,4,0,1,-999,-999,0
96.5,10,16,6,-136.286,2,-148.828,0,0,20,0,-999,-999,0
96.5,10,16,6,-136.286,4,-160.593,0,0,20,0,-999,-999,0
96.5,10,16,6,-136.286,1,-161.702,0,0,20,0,-999,-999,0
96.5,33,24,7,-129.944,3,-141.336,2,2,20,0,-999,-999,0
96.5,33,24,7,-129.944,5,-148.042,4,4,0,1,-999,-999,0
96.5,33,24,7,-129.944,2,-154.059,0,0,20,0,-999,-999,0
96.5,33,24,7,-129.944,6,-157.692,2,2,10,1,-999,-999,0
96.5,33,24,7,-129.944,4,-160.023,0,0,20,0,-999,-999,0
96.5,33,24,7,-129.944,1,-165.33,0,0,20,0,-999,-999,0
96.5,36,9,3,-127.038,7,-127.37,6,6,0,1,-999,-999,0
96.5,36,9,3,-127.038,6,-143.072,2,2,10,1,-999,-999,0
96.5,36,9,3,-127.038,2,-143.263,0,0,20,0,-999,-999,0
96.5,36,9,3,-127.038,5,-144.165,4,4,0,1,-999,-999,0
96.5,36,9,3,-127.038,4,-154.628,0,0,20,0,-999,-999,0
96.5,36,9,3,-127.038,1,-156.942,0,0,20,0,-999,-999,0
96.5,38,56,7,-118.31,6,-137.829,2,2,10,1,-999,-999,0
96.5,38,56,7,-118.31,3,-153.154,2,2,20,0,-999,-999,0
96.5,38,56,7,-118.31,4,-162.107,0,0,20,0,-999,-999,0
96.5,38,56,7,-118.31,2,-163.144,0,0,20,0,-999,-999,0
96.5,38,56,7,-118.31,1,-174.53,0,0,20,0,-999,-999,0
96.5,38,56,7,-118.31,5,-186.325,4,4,0,1,-999,-999,0
96.5,40,8,3,-98.6373,6,-107.206,2,2,10,1,-999,-999,0
96.5,40,8,3,-98.6373,4,-133.058,0,0,20,0,-999,-999,0
96.5,40,8,3,-98.6373,2,-136.885,0,0,20,0,-999,-999,0
96.5,40,8,3,-98.6373,1,-144.466,0,0,20,0,-999,-999,0
96.5,40,8,3,-98.6373,5,-146.781,4,4,0,1,-999,-999,0
96.5,40,8,3,-98.6373,7,-152.376,6,6,0,1,-999,-999,0
96.5,56,48,7,-94.7313,5,-123.577,4,4,0,1,-999,-999,0
96.5,56,48,7,-94.7313,6,-135.616,2,2,10,1,-999,-999,0
96.5,56,48,7,-94.7313,3,-141.215,2,2,20,0,-999,-999,0
96.5,56,48,7,-94.7313,2,-146.842,0,0,20,0,-999,-999,0
96.5,56,48,7,-94.7313,4,-149.726,0,0,20,0,-999,-999,0
96.5,56,48,7,-94.7313,1,-160.62,0,0,20,0,-999,-999,0
96.5,58,32,5,-131.21,6,-146.961,2,2,10,1,-999,-999,0
96.5,58,32,5,-131.21,7,-147.324,6,6,0,1,-999,-999,0
96.5,58,32,5,-131.21,1,-157.144,0,0,20,0,-999,-999,0
96.5,58,32,5,-131.21,3,-157.811,2,2,20,0,-999,-999,0
96.5,58,32,5,-131.21,4,-166.528,0,0,20,0,-999,-999,0
96.5,58,32,5,-131.21,2,-167.184,0,0,20,0,-999,-999,0
96.5,60,16,5,-128.493,3,-121.566,2,2,20,0,-999,-999,0
96.5,60,16,5,-128.493,1,-132.729,0,0,20,0,-999,-999,0
96.5,60,16,5,-128.493,6,-140.946,2,2,10,1,-999,-999,0
96.5,60,16,5,-128.493,4,-151.679,0,0,20,0,-999,-999,0
96.5,60,16,5,-128.493,7,-154.553,6,6,0,1,-999,-999,0
96.5,60,16,5,-128.493,2,-155.358,0,0,20,0,-999,-999,0
96.5,62,24,5,-100.377,3,-126.195,2,2,20,0,-999,-999,0
96.5,62,24,5,-100.377,6,-142.361,2,2,10,1,-999,-999,0
96.5,62,24,5,-100.377,7,-150.177,6,6,0,1,-999,-999,0
96.5,62,24,5,-100.377,1,-153.435,0,0,20,0,-999,-999,0
96.5,62,24,5,-100.377,4,-154.894,0,0,20,0,-999,-999,0
96.5,62,24,5,-100.377,2,-166.715,0,0,20,0,-999,-999,0
96.5,67,8,7,-127.865,5,-132.188,4,4,0,1,-999,-999,0
96.5,67,8,7,-127.865,6,-138.749,2,2,10,1,-999,-999,0
96.5,67,8,7,-127.865,3,-139.263,2,2,20,0,-999,-999,0
96.5,67,8,7,-127.865,2,-147.174,0,0,20,0,-999,-999,0
96.5,67,8,7,-127.865,4,-157.381,0,0,20,0,-999,-999,0
96.5,67,8,7,-127.865,1,-162.3,0,0,20,0,-999,-999,0
96.5,71,8,5,-119.203,7,-128.66,6,6,0,1,-999,-999,0
96.5,71,8,5,-119.203,3,-138.094,2,2,20,0,-999,-999,0
96.5,71,8,5,-119.203,1,-139.46,0,0,20,0,-999,-999,0
96.5,71,8,5,-119.203,6,-150.723,2,2,10,1,-999,-999,0
96.5,71,8,5,-119.203,4,-152.928,0,0,20,0,-999,-999,0
96.5,71,8,5,-119.203,2,-160.729,0,0,20,0,-999,-999,0
96.5,79,16,7,-96.891,3,-118.372,2,2,20,0,-999,-999,0
96.5,79,16,7,-96.891,5,-124.081,4,4,0,1,-999,-999,0
96.5,79,16,7,-96.891,6,-139.188,2,2,10,1,-999,-999,0
96.5,79,16,7,-96.891,4,-148.02,0,0,20,0,-999,-999,0
96.5,79,16,7,-96.891,2,-148.875,0,0,20,0,-999,-999,0
96.5,79,16,7,-96.891,1,-154.945,0,0,20,0,-999,-999,0
96.5,87,32,7,-133.371,6,-112.969,2,2,10,1,-999,-999,0
96.5,87,32,7,-133.371,3,-133.7,2,2,20,0,-999,-999,0
96.5,87,32,7,-133.371,2,-158.28,0,0,20,0,-999,-999,0
96.5,87,32,7,-133.371,5,-161.392,4,4,0,1,-999,-999,0
96.5,87,32,7,-133.371,4,-166.821,0,0,20,0,-999,-999,0
96.5,87,32,7,-133.371,1,-168.989,0,0,20,0,-999,-999,0
96.5,97,8,6,-123.299,3,-119.155,2,2,20,0,-999,-999,0
96.5,97,8,6,-123.299,2,-132.223,0,0,20,0,-999,-999,0
96.5,97,8,6,-123.299,4,-137.878,0,0,20,0,-999,-999,0
96.5,97,8,6,-123.299,7,-140.556,6,6,0,1,-999,-999,0
96.5,97,8,6,-123.299,5,-147.126,4,4,0,1,-999,-999,0
96.5,97,8,6,-123.299,1,-150.673,0,0,20,0,-999,-999,0
98.5,10,16,6,-141.543,3,-96.6514,2,2,20,0,-999,-999,0
98.5,10,16,6,-141.543,7,-134.126,6,6,0,1,-999,-999,0
98.5,10,16,6,-141.543,5,-142.502,4,4,0,1,-999,-999,0
98.5,10,16,6,-141.543,2,-150.432,0,0,20,0,-999,-999,0
98.5,10,16,6,-141.543,1,-154.783,0,0,20,0,-999,-999,0
98.5,10,16,6,-141.543,4,-157.489,0,0,20,0,-999,-999,0
98.5,33,24,7,-134.851,3,-141.061,2,2,20,0,-999,-999,0
98.5,33,24,7,-134.851,6,-150.883,2,2,10,1,-999,-999,0
98.5,33,24,7,-134.851,2,-152.203,0,0,20,0,-999,-999,0
98.5,33,24,7,-134.851,5,-155.778,4,4,0,1,-999,-999,0
98.5,33,24,7,-134.851,4,-158.661,0,0,20,0,-999,-999,0
98.5,33,24,7,-134.851,1,-167.114,0,0,20,0,-999,-999,0
98.5,36,9,3,-111.21,7,-121.006,6,6,0,1,-999,-999,0
98.5,36,9,3,-111.21,6,-143.855,2,2,10,1,-999,-999,0
98.5,36,9,3,-111.21,2,-146.568,0,0,20,0,-999,-999,0
98.5,36,9,3,-111.21,4,-156.631,0,0,20,0,-999,-999,0
98.5,36,9,3,-111.21,1,-157.889,0,0,20,0,-999,-999,0
98.5,36,9,3,-111.21,5,-160.255,4,4,0,1,-999,-999,0
98.5,38,56,7,-157.201,6,-123.932,2,2,10,1,-999,-999,0
98.5,38,56,7,-157.201,3,-149.009,2,2,20,0,-999,-999,0
98.5,38,56,7,-157.201,2,-159.072,0,0,20,0,-999,-999,0
98.5,38,56,7,-157.201,4,-160.822,0,0,20,0,-999,-999,0
98.5,38,56,7,-157.201,1,-166.21,0,0,20,0,-999,-999,0
98.5,38,56,7,-157.201,5,-185.451,4,4,0,1,-999,-999,0
98.5,40,8,3,-114.264,6,-129.668,2,2,10,1,-999,-999,0
98.5,40,8,3,-114.264,2,-135.66,0,0,20,0,-999,-999,0
98.5,40,8,3,-114.264,4,-140.881,0,0,20,0,-999,-999,0
98.5,40,8,3,-114.264,1,-141.493,0,0,20,0,-999,-999,0
98.5,40,8,3,-114.264,5,-143.839,4,4,0,1,-999,-999,0
98.5,40,8,3,-114.264,7,-152.87,6,6,0,1,-999,-999,0
98.5,56,48,7,-133.965,6,-117.714,2,2,10,1,-999,-999,0
98.5,56,48,7,-133.965,5,-142.684,4,4,0,1,-999,-999,0
98.5,56,48,7,-133.965,3,-142.856,2,2,20,0,-999,-999,0
98.5,56,48,7,-133.965,4,-147.061,0,0,20,0,-999,-999,0
98.5,56,48,7,-133.965,2,-151.118,0,0,20,0,-999,-999,0
98.5,56,48,7,-133.965,1,-161.5,0,0,20,0,-999,-999,0
98.5,58,32,5,-131.799,3,-119.769,2,2,20,0,-999,-999,0
98.5,58,32,5,-131.799,7,-132.175,6,6,0,1,-999,-999,0
98.5,58,32,5,-131.799,6,-145.521,2,2,10,1,-999,-999,0
98.5,58,32,5,-131.799,4,-161.625,0,0,20,0,-999,-999,0
98.5,58,32,5,-131.799,1,-163.21,0,0,20,0,-999,-999,0
98.5,58,32,5,-131.799,2,-167.762,0,0,20,0,-999,-999,0
98.5,60,16,5,-132.255,3,-109.516,2,2,20,0,-999,-999,0
98.5,60,16,5,-132.255,6,-119.784,2,2,10,1,-999,-999,0
98.5,60,16,5,-132.255,1,-128.163,0,0,20,0,-999,-999,0
98.5,60,16,5,-132.255,7,-148.955,6,6,0,1,-999,-999,0
98.5,60,16,5,-132.255,4,-150.997,0,0,20,0,-999,-999,0
98.5,60,16,5,-132.255,2,-156.49,0,0,20,0,-999,-999,0
98.5,62,24,5,-131.831,3,-145.478,2,2,20,0,-999,-999,0
98.5,62,24,5,-131.831,6,-146.678,2,2,10,1,-999,-999,0
98.5,62,24,5,-131.831,7,-153.947,6,6,0,1,-999,-999,0
98.5,62,24,5,-131.831,1,-156.982,0,0,20,0,-999,-999,0
98.5,62,24,5,-131.831,2,-162.637,0,0,20,0,-999,-999,0
98.5,62,24,5,-131.831,4,-163.367,0,0,20,0,-999,-999,0
98.5,67,8,7,-131.342,3,-108.497,2,2,20,0,-999,-999,0
98.5,67,8,7,-131.342,2,-147.812,0,0,20,0,-999,-999,0
98.5,67,8,7,-131.342,4,-154.618,0,0,20,0,-999,-999,0
98.5,67,8,7,-131.342,5,-156.476,4,4,0,1,-999,-999,0
98.5,67,8,7,-131.342,6,-158.769,2,2,10,1,-999,-999,0
98.5,67,8,7,-131.342,1,-158.876,0,0,20,0,-999,-999,0
98.5,71,8,5,-89.9855,3,-114.708,2,2,20,0,-999,-999,0
98.5,71,8,5,-89.9855,6,-124.435,2,2,10,1,-999,-999,0
98.5,71,8,5,-89.9855,1,-137.548,0,0,20,0,-999,-999,0
98.5,71,8,5,-89.9855,7,-154.72,6,6,0,1,-999,-999,0
98.5,71,8,5,-89.9855,4,-155.415,0,0,20,0,-999,-999,0
98.5,71,8,5,-89.9855,2,-155.985,0,0,20,0,-999,-999,0
98.5,79,16,7,-131.463,3,-136.922,2,2,20,0,-999,-999,0
98.5,79,16,7,-131.463,6,-140.136,2,2,10,1,-999,-999,0
98.5,79,16,7,-131.463,4,-147.335,0,0,20,0,-999,-999,0
98.5,79,16,7,-131.463,5,-151.242,4,4,0,1,-999,-999,0
98.5,79,16,7,-131.463,2,-151.275,0,0,20,0,-999,-999,0
98.5,79,16,7,-131.463,1,-155.904,0,0,20,0,-999,-999,0
98.5,87,32,7,-96.6269,6,-144.695,2,2,10,1,-999,-999,0
98.5,87,32,7,-96.6269,3,-147.966,2,2,20,0,-999,-999,0
98.5,87,32,7,-96.6269,5,-152.915,4,4,0,1,-999,-999,0
98.5,87,32,7,-96.6269,4,-163.868,0,0,20,0,-999,-999,0
98.5,87,32,7,-96.6269,2,-164.25,0,0,20,0,-999,-999,0
98.5,87,32,7,-96.6269,1,-168.914,0,0,20,0,-999,-999,0
98.5,97,8,6,-112.218,3,-127.142,2,2,20,0,-999,-999,0
98.5,97,8,6,-112.218,4,-134.01,0,0,20,0,-999,-999,0
98.5,97,8,6,-112.218,2,-138.821,0,0,20,0,-999,-999,0
98.5,97,8,6,-112.218,5,-151.438,4,4,0,1,-999,-999,0
98.5,97,8,6,-112.218,1,-156.366,0,0,20,0,-999,-999,0
98.5,97,8,6,-112.218,7,-157.037,6,6,0,1,-999,-999,0
100.5,10,16,6,-97.6487,3,-104.654,2,2,20,0,-999,-999,0
100.5,10,16,6,-97.6487,7,-142.743,6,6,0,1,-999,-999,0
100.5,10,16,6,-97.6487,5,-144.642,4,4,0,1,-999,-999,0
100.5,10,16,6,-97.6487,2,-150.917,0,0,20,0,-999,-999,0
100.5,10,16,6,-97.6487,4,-154.399,0,0,20,0,-999,-999,0
100.5,10,16,6,-97.6487,1,-158.392,0,0,20,0,-999,-999,0
100.5,33,24,7,-137.667,3,-140.949,2,2,20,0,-999,-999,0
100.5,33,24,7,-137.667,2,-151.822,0,0,20,0,-999,-999,0
100.5,33,24,7,-137.667,5,-153.481,4,4,0,1,-999,-999,0
100.5,33,24,7,-137.667,4,-155.091,0,0,20,0,-999,-999,0
100.5,33,24,7,-137.667,6,-155.881,2,2,10,1,-999,-999,0
100.5,33,24,7,-137.667,1,-163.712,0,0,20,0,-999,-999,0
100.5,36,9,3,-140.894,6,-106.359,2,2,10,1,-999,-999,0
100.5,36,9,3,-140.894,7,-106.967,6,6,0,1,-999,-999,0
100.5,36,9,3,-140.894,5,-137.019,4,4,0,1,-999,-999,0
100.5,36,9,3,-140.894,2,-147.409,0,0,20,0,-999,-999,0
100.5,36,9,3,-140.894,4,-153.081,0,0,20,0,-999,-999,0
100.5,36,9,3,-140.894,1,-157.524,0,0,20,0,-999,-999,0
100.5,38,56,7,-124.335,6,-108.755,2,2,10,1,-999,-999,0
100.5,38,56,7,-124.335,3,-109.906,2,2,20,0,-999,-999,0
100.5,38,56,7,-124.335,2,-157.964,0,0,20,0,-999,-999,0
100.5,38,56,7,-124.335,4,-164.208,0,0,20,0,-999,-999,0
100.5,38,56,7,-124.335,5,-164.825,4,4,0,1,-999,-999,0
100.5,38,56,7,-124.335,1,-171.191,0,0,20,0,-999,-999,0
100.5,40,8,3,-87.1087,6,-129.628,2,2,10,1,-999,-999,0
100.5,40,8,3,-87.1087,4,-132.866,0,0,20,0,-999,-999,0
100.5,40,8,3,-87.1087,2,-134.074,0,0,20,0,-999,-999,0
100.5,40,8,3,-87.1087,5,-135.183,4,4,0,1,-999,-999,0
100.5,40,8,3,-87.1087,1,-145.263,0,0,20,0,-999,-999,0
100.5,40,8,3,-87.1087,7,-145.355,6,6,0,1,-999,-999,0
100.5,56,48,7,-105.322,6,-143.347,2,2,10,1,-999,-999,0
100.5,56,48,7,-105.322,4,-149.05,0,0,20,0,-999,-999,0
100.5,56,48,7,-105.322,3,-149.926,2,2,20,0,-999,-999,0
100.5,56,48,7,-105.322,2,-150.675,0,0,20,0,-999,-999,0
100.5,56,48,7,-105.322,5,-150.876,4,4,0,1,-999,-999,0
100.5,56,48,7,-105.322,1,-158.744,0,0,20,0,-999,-999,0
100.5,58,32,5,-137.805,7,-150.445,6,6,0,1,-999,-999,0
100.5,58,32,5,-137.805,6,-152.455,2,2,10,1,-999,-999,0
100.5,58,32,5,-137.805,3,-159.804,2,2,20,0,-999,-999,0
100.5,58,32,5,-137.805,1,-163.732,0,0,20,0,-999,-999,0
100.5,58,32,5,-137.805,4,-165.127,0,0,20,0,-999,-999,0
100.5,58,32,5,-137.805,2,-166.212,0,0,20,0,-999,-999,0
100.5,60,16,5,-127.638,1,-136.156,0,0,20,0,-999,-999,0
100.5,60,16,5,-127.638,3,-146.076,2,2,20,0,-999,-999,0
100.5,60,16,5,-127.638,4,-148.288,0,0,20,0,-999,-999,0
100.5,60,16,5,-127.638,6,-151.754,2,2,10,1,-999,-999,0
100.5,60,16,5,-127.638,2,-152.383,0,0,20,0,-999,-999,0
100.5,60,16,5,-127.638,7,-154.335,6,6,0,1,-999,-999,0
100.5,62,24,5,-115.952,6,-105.245,2,2,10,1,-999,-999,0
100.5,62,24,5,-115.952,3,-137.746,2,2,20,0,-999,-999,0
100.5,62,24,5,-115.952,7,-152.011,6,6,0,1,-999,-999,0
100.5,62,24,5,-115.952,1,-155.251,0,0,20,0,-999,-999,0
100.5,62,24,5,-115.952,4,-162.974,0,0,20,0,-999,-999,0
100.5,62,24,5,-115.952,2,-163.362,0,0,20,0,-999,-999,0
100.5,67,8,7,-106.451,3,-115.442,2,2,20,0,-999,-999,0
100.5,67,8,7,-106.451,6,-119.34,2,2,10,1,-999,-999,0
100.5,67,8,7,-106.451,2,-148.991,0,0,20,0,-999,-999,0
100.5,67,8,7,-106.451,5,-149.491,4,4,0,1,-999,-999,0
100.5,67,8,7,-106.451,4,-156.379,0,0,20,0,-999,-999,0
100.5,67,8,7,-106.451,1,-159.99,0,0,20,0,-999,-999,0
100.5,71,8,5,-109.262,3,-122.012,2,2,20,0,-999,-999,0
100.5,71,8,5,-109.262,1,-137.279,0,0,20,0,-999,-999,0
100.5,71,8,5,-109.262,6,-145.726,2,2,10,1,-999,-999,0
100.5,71,8,5,-109.262,4,-153.038,0,0,20,0,-999,-999,0
100.5,71,8,5,-109.262,2,-153.2,0,0,20,0,-999,-999,0
100.5,71,8,5,-109.262,7,-158.982,6,6,0,1,-999,-999,0
100.5,79,16,7,-125.348,6,-101.391,2,2,10,1,-999,-999,0
100.5,79,16,7,-125.348,3,-131.607,2,2,20,0,-999,-999,0
100.5,79,16,7,-125.348,5,-135.487,4,4,0,1,-999,-999,0
100.5,79,16,7,-125.348,4,-145.561,0,0,20,0,-999,-999,0
100.5,79,16,7,-125.348,2,-147.93,0,0,20,0,-999,-999,0
100.5,79,16,7,-125.348,1,-156.239,0,0,20,0,-999,-999,0
100.5,87,32,7,-105.542,3,-108.925,2,2,20,0,-999,-999,0
100.5,87,32,7,-105.542,6,-141.725,2,2,10,1,-999,-999,0
100.5,87,32,7,-105.542,5,-149.564,4,4,0,1,-999,-999,0
100.5,87,32,7,-105.542,2,-155.272,0,0,20,0,-999,-999,0
100.5,87,32,7,-105.542,4,-162.201,0,0,20,0,-999,-999,0
100.5,87,32,7,-105.542,1,-168.514,0,0,20,0,-999,-999,0
100.5,97,8,6,-87.3837,3,-103.855,2,2,20,0,-999,-999,0
100.5,97,8,6,-87.3837,4,-135.936,0,0,20,0,-999,-999,0
100.5,97,8,6,-87.3837,2,-138.282,0,0,20,0,-999,-999,0
100.5,97,8,6,-87.3837,5,-144.778,4,4,0,1,-999,-999,0
100.5,97,8,6,-87.3837,1,-151.905,0,0,20,0,-999,-999,0
100.5,97,8,6,-87.3837,7,-156.983,6,6,0,1,-999,-999,0
102.5,10,16,6,-105.546,5,-116.779,4,4,0,1,-999,-999,0
102.5,10,16,6,-105.546,3,-134.659,2,2,20,0,-999,-999,0
102.5,10,16,6,-105.546,7,-139.898,6,6,0,1,-999,-999,0
102.5,10,16,6,-105.546,4,-151.557,0,0,20,0,-999,-999,0
102.5,10,16,6,-105.546,2,-151.727,0,0,20,0,-999,-999,0
102.5,10,16,6,-105.546,1,-157.954,0,0,20,0,-999,-999,0
102.5,33,24,7,-137.704,5,-127.036,4,4,0,1,-999,-999,0
102.5,33,24,7,-137.704,3,-134.247,2,2,20,0,-999,-999,0
102.5,33,24,7,-137.704,2,-151.129,0,0,20,0,-999,-999,0
102.5,33,24,7,-137.704,4,-154.679,0,0,20,0,-999,-999,0
102.5,33,24,7,-137.704,6,-157.981,3,3,10,1,-999,-999,0
102.5,33,24,7,-137.704,1,-163.378,0,0,20,0,-999,-999,0
102.5,36,9,3,-128.249,5,-127.098,4,4,0,1,-999,-999,0
102.5,36,9,3,-128.249,7,-130.913,6,6,0,1,-999,-999,0
102.5,36,9,3,-128.249,6,-146.712,3,3,10,1,-999,-999,0
102.5,36,9,3,-128.249,2,-148.239,0,0,20,0,-999,-999,0
102.5,36,9,3,-128.249,4,-150.973,0,0,20,0,-999,-999,0
102.5,36,9,3,-128.249,1,-160.201,0,0,20,0,-999,-999,0
102.5,38,56,7,-163.331,6,-115.392,3,3,10,1,-999,-999,0
102.5,38,56,7,-163.331,3,-144.126,2,2,20,0,-999,-999,0
102.5,38,56,7,-163.331,5,-151.614,4,4,0,1,-999,-999,0
102.5,38,56,7,-163.331,2,-157.349,0,0,20,0,-999,-999,0
102.5,38,56,7,-163.331,1,-170.033,0,0,20,0,-999,-999,0
102.5,38,56,7,-163.331,4,-173.07,0,0,20,0,-999,-999,0
102.5,40,8,3,-113.532,6,-106.599,3,3,10,1,-999,-999,0
102.5,40,8,3,-113.532,7,-120.988,6,6,0,1,-999,-999,0
102.5,40,8,3,-113.532,5,-121.067,4,4,0,1,-999,-999,0
102.5,40,8,3,-113.532,4,-134.616,0,0,20,0,-999,-999,0
102.5,40,8,3,-113.532,2,-140.028,0,0,20,0,-999,-999,0
102.5,40,8,3,-113.532,1,-146.042,0,0,20,0,-999,-999,0
102.5,56,48,7,-95.0147,3,-124.195,2,2,20,0,-999,-999,0
102.5,56,48,7,-95.0147,6,-137.619,3,3,10,1,-999,-999,0
102.5,56,48,7,-95.0147,2,-147.753,0,0,20,0,-999,-999,0
102.5,56,48,7,-95.0147,5,-149.355,4,4,0,1,-999,-999,0
102.5,56,48,7,-95.0147,4,-150.475,0,0,20,0,-999,-999,0
102.5,56,48,7,-95.0147,1,-157.656,0,0,20,0,-999,-999,0
102.5,58,32,5,-132.828,6,-114.715,3,3,10,1,-999,-999,0
102.5,58,32,5,-132.828,7,-153.543,6,6,0,1,-999,-999,0
102.5,58,32,5,-132.828,1,-161.475,0,0,20,0,-999,-999,0
102.5,58,32,5,-132.828,3,-162.06,2,2,20,0,-999,-999,0
102.5,58,32,5,-132.828,4,-168.627,0,0,20,0,-999,-999,0
102.5,58,32,5,-132.828,2,-170.582,0,0,20,0,-999,-999,0
102.5,60,16,5,-132.028,3,-116.813,2,2,20,0,-999,-999,0
102.5,60,16,5,-132.028,7,-118.621,6,6,0,1,-999,-999,0
102.5,60,16,5,-132.028,1,-130.409,0,0,20,0,-999,-999,0
102.5,60,16,5,-132.028,6,-144.497,3,3,10,1,-999,-999,0
102.5,60,16,5,-132.028,4,-150.965,0,0,20,0,-999,-999,0
102.5,60,16,5,-132.028,2,-160.039,0,0,20,0,-999,-999,0
102.5,62,24,5,-129.813,3,-125.754,2,2,20,0,-999,-999,0
102.5,62,24,5,-129.813,6,-138.911,3,3,10,1,-999,-999,0
102.5,62,24,5,-129.813,7,-151.965,6,6,0,1,-999,-999,0
102.5,62,24,5,-129.813,1,-154.409,0,0,20,0,-999,-999,0
102.5,62,24,5,-129.813,4,-155.952,0,0,20,0,-999,-999,0
102.5,62,24,5,-129.813,2,-160.998,0,0,20,0,-999,-999,0
102.5,67,8,7,-139.639,6,-124.759,3,3,10,1,-999,-999,0
102.5,67,8,7,-139.639,5,-131.042,4,4,0,1,-999,-999,0
102.5,67,8,7,-139.639,3,-140.957,2,2,20,0,-999,-999,0
102.5,67,8,7,-139.639,2,-149.797,0,0,20,0,-999,-999,0
102.5,67,8,7,-139.639,4,-157.229,0,0,20,0,-999,-999,0
102.5,67,8,7,-139.639,1,-158.104,0,0,20,0,-999,-999,0
102.5,71,8,5,-128.675,6,-117.73,3,3,10,1,-999,-999,0
102.5,71,8,5,-128.675,1,-142.141,0,0,20,0,-999,-999,0
102.5,71,8,5,-128.675,3,-144.921,2,2,20,0,-999,-999,0
102.5,71,8,5,-128.675,4,-152.018,0,0,20,0,-999,-999,0
102.5,71,8,5,-128.675,7,-155.495,6,6,0,1,-999,-999,0
102.5,71,8,5,-128.675,2,-155.813,0,0,20,0,-999,-999,0
102.5,79,16,7,-128.941,3,-137.858,2,2,20,0,-999,-999,0
102.5,79,16,7,-128.941,6,-139.262,3,3,10,1,-999,-999,0
102.5,79,16,7,-128.941,4,-147.927,0,0,20,0,-999,-999,0
102.5,79,16,7,-128.941,2,-151.062,0,0,20,0,-999,-999,0
102.5,79,16,7,-128.941,5,-154.304,4,4,0,1,-999,-999,0
102.5,79,16,7,-128.941,1,-154.456,0,0,20,0,-999,-999,0
102.5,87,32,7,-133.568,3,-125.63,2,2,20,0,-999,-999,0
102.5,87,32,7,-133.568,6,-146.853,3,3,10,1,-999,-999,0
102.5,87,32,7,-133.568,5,-148.959,4,4,0,1,-999,-999,0
102.5,87,32,7,-133.568,2,-158.728,0,0,20,0,-999,-999,0
102.5,87,32,7,-133.568,4,-166.722,0,0,20,0,-999,-999,0
102.5,87,32,7,-133.568,1,-171.774,0,0,20,0,-999,-999,0
102.5,97,8,6,-88.2095,5,-116.028,4,4,0,1,-999,-999,0
102.5,97,8,6,-88.2095,3,-123.439,2,2,20,0,-999,-999,0
102.5,97,8,6,-88.2095,2,-135.332,0,0,20,0,-999,-999,0
102.5,97,8,6,-88.2095,4,-135.922,0,0,20,0,-999,-999,0
102.5,97,8,6,-88.2095,1,-152.639,0,0,20,0,-999,-999,0
102.5,97,8,6,-88.2095,7,-159.514,6,6,0,1,-999,-999,0
104.5,10,16,6,-112.174,3,-133.788,2,2,20,0,-999,-999,0
104.5,10,16,6,-112.174,7,-143.475,6,6,0,1,-999,-999,0
104.5,10,16,6,-112.174,2,-147.188,0,0,20,0,-999,-999,0
104.5,10,16,6,-112.174,4,-147.64,0,0,20,0,-999,-999,0
104.5,10,16,6,-112.174,5,-148.93,4,4,0,1,-999,-999,0
104.5,10,16,6,-112.174,1,-153.309,0,0,20,0,-999,-999,0
104.5,25,24,6,-100.876,3,-89.2516,2,2,20,0,-999,-999,0
104.5,25,24,6,-100.876,7,-129.498,6,6,0,1,-999,-999,0
104.5,25,24,6,-100.876,5,-139.915,4,4,0,1,-999,-999,0
104.5,25,24,6,-100.876,4,-146.583,0,0,20,0,-999,-999,0
104.5,25,24,6,-100.876,1,-146.771,0,0,20,0,-999,-999,0
104.5,25,24,6,-100.876,2,-149.919,0,0,20,0,-999,-999,0
104.5,33,24,7,-117.771,3,-144.701,2,2,20,0,-999,-999,0
104.5,33,24,7,-117.771,2,-152.475,0,0,20,0,-999,-999,0
104.5,33,24,7,-117.771,5,-154.288,4,4,0,1,-999,-999,0
104.5,33,24,7,-117.771,6,-159.492,3,3,10,1,-999,-999,0
104.5,33,24,7,-117.771,4,-159.73,0,0,20,0,-999,-999,0
104.5,33,24,7,-117.771,1,-164.08,0,0,20,0,-999,-999,0
104.5,36,9,3,-112.068,7,-134.117,6,6,0,1,-999,-999,0
104.5,36,9,3,-112.068,6,-139.923,3,3,10,1,-999,-999,0
104.5,36,9,3,-112.068,2,-143.952,0,0,20,0,-999,-999,0
104.5,36,9,3,-112.068,4,-152.867,0,0,20,0,-999,-999,0
104.5,36,9,3,-112.068,5,-154.849,4,4,0,1,-999,-999,0
104.5,36,9,3,-112.068,1,-160.838,0,0,20,0,-999,-999,0
104.5,38,56,7,-164.129,6,-109.271,3,3,10,1,-999,-999,0
104.5,38,56,7,-164.129,3,-153.583,2,2,20,0,-999,-999,0
104.5,38,56,7,-164.129,2,-158.141,0,0,20,0,-999,-999,0
104.5,38,56,7,-164.129,4,-166.93,0,0,20,0,-999,-999,0
104.5,38,56,7,-164.129,1,-167.797,0,0,20,0,-999,-999,0
104.5,38,56,7,-164.129,5,-181.824,4,4,0,1,-999,-999,0
104.5,40,8,3,-117.466,5,-113.156,4,4,0,1,-999,-999,0
104.5,40,8,3,-117.466,6,-128.198,3,3,10,1,-999,-999,0
104.5,40,8,3,-117.466,4,-134.848,0,0,20,0,-999,-999,0
104.5,40,8,3,-117.466,2,-136.7,0,0,20,0,-999,-999,0
104.5,40,8,3,-117.466,1,-146.648,0,0,20,0,-999,-999,0
104.5,40,8,3,-117.466,7,-147.989,6,6,0,1,-999,-999,0
104.5,56,48,7,-131.692,6,-118.211,3,3,10,1,-999,-999,0
104.5,56,48,7,-131.692,5,-118.747,4,4,0,1,-999,-999,0
104.5,56,48,7,-131.692,3,-142.554,2,2,20,0,-999,-999,0
104.5,56,48,7,-131.692,2,-148.51,0,0,20,0,-999,-999,0
104.5,56,48,7,-131.692,4,-152.859,0,0,20,0,-999,-999,0
104.5,56,48,7,-131.692,1,-157.63,0,0,20,0,-999,-999,0
104.5,58,32,5,-135.931,7,-113.122,6,6,0,1,-999,-999,0
104.5,58,32,5,-135.931,6,-143.189,3,3,10,1,-999,-999,0
104.5,58,32,5,-135.931,1,-159.959,0,0,20,0,-999,-999,0
104.5,58,32,5,-135.931,3,-161.782,2,2,20,0,-999,-999,0
104.5,58,32,5,-135.931,4,-163.215,0,0,20,0,-999,-999,0
104.5,58,32,5,-135.931,2,-169.061,0,0,20,0,-999,-999,0
104.5,60,16,5,-131.083,1,-129.045,0,0,20,0,-999,-999,0
104.5,60,16,5,-131.083,6,-129.428,3,3,10,1,-999,-999,0
104.5,60,16,5,-131.083,3,-143.753,2,2,20,0,-999,-999,0
104.5,60,16,5,-131.083,4,-148.596,0,0,20,0,-999,-999,0
104.5,60,16,5,-131.083,7,-151.674,6,6,0,1,-999,-999,0
104.5,60,16,5,-131.083,2,-160.131,0,0,20,0,-999,-999,0
104.5,62,24,5,-125.077,6,-143.824,3,3,10,1,-999,-999,0
104.5,62,24,5,-125.077,3,-147.918,2,2,20,0,-999,-999,0
104.5,62,24,5,-125.077,1,-152.522,0,0,20,0,-999,-999,0
104.5,62,24,5,-125.077,7,-156.743,6,6,0,1,-999,-999,0
104.5,62,24,5,-125.077,4,-160.456,0,0,20,0,-999,-999,0
104.5,62,24,5,-125.077,2,-165.289,0,0,20,0,-999,-999,0
104.5,67,8,7,-129.738,5,-132.505,4,4,0,1,-999,-999,0
104.5,67,8,7,-129.738,6,-134.313,3,3,10,1,-999,-999,0
104.5,67,8,7,-129.738,3,-142.374,2,2,20,0,-999,-999,0
104.5,67,8,7,-129.738,2,-150.55,0,0,20,0,-999,-999,0
104.5,67,8,7,-129.738,4,-155.388,0,0,20,0,-999,-999,0
104.5,67,8,7,-129.738,1,-160.439,0,0,20,0,-999,-999,0
104.5,71,8,5,-124.468,3,-116.143,2,2,20,0,-999,-999,0
104.5,71,8,5,-124.468,1,-136.904,0,0,20,0,-999,-999,0
104.5,71,8,5,-124.468,6,-138.31,3,3,10,1,-999,-999,0
104.5,71,8,5,-124.468,7,-142.676,6,6,0,1,-999,-999,0
104.5,71,8,5,-124.468,4,-151.086,0,0,20,0,-999,-999,0
104.5,71,8,5,-124.468,2,-156.308,0,0,20,0,-999,-999,0
104.5,79,16,7,-117.65,3,-97.7751,2,2,20,0,-999,-999,0
104.5,79,16,7,-117.65,6,-100.693,3,3,10,1,-999,-999,0
104.5,79,16,7,-117.65,2,-146.827,0,0,20,0,-999,-999,0
104.5,79,16,7,-117.65,4,-147.098,0,0,20,0,-999,-999,0
104.5,79,16,7,-117.65,1,-155.411,0,0,20,0,-999,-999,0
104.5,79,16,7,-117.65,5,-160.66,4,4,0,1,-999,-999,0
104.5,87,32,7,-139.774,6,-141.62,3,3,10,1,-999,-999,0
104.5,87,32,7,-139.774,5,-152.263,4,4,0,1,-999,-999,0
104.5,87,32,7,-139.774,3,-153.578,2,2,20,0,-999,-999,0
104.5,87,32,7,-139.774,2,-159.54,0,0,20,0,-999,-999,0
104.5,87,32,7,-139.774,4,-167.66,0,0,20,0,-999,-999,0
104.5,87,32,7,-139.774,1,-171.251,0,0,20,0,-999,-999,0
104.5,97,8,6,-104.89,3,-122.78,2,2,20,0,-999,-999,0
104.5,97,8,6,-104.89,7,-131.093,6,6,0,1,-999,-999,0
104.5,97,8,6,-104.89,2,-136.306,0,0,20,0,-999,-999,0
104.5,97,8,6,-104.89,4,-139.108,0,0,20,0,-999,-999,0
104.5,97,8,6,-104.89,5,-151.678,4,4,0,1,-999,-999,0
104.5,97,8,6,-104.89,1,-153.418,0,0,20,0,-999,-999,0
106.5,10,16,6,-133.258,7,-105.625,6,6,0,1,-999,-999,0
106.5,10,16,6,-133.258,5,-123.448,5,5,0,1,-999,-999,0
106.5,10,16,6,-133.258,3,-133.15,2,2,20,0,-999,-999,0
106.5,10,16,6,-133.258,2,-144.396,0,0,20,0,-999,-999,0
106.5,10,16,6,-133.258,4,-152.23,0,0,20,0,-999,-999,0
106.5,10,16,6,-133.258,1,-154.074,0,0,20,0,-999,-999,0
106.5,25,24,6,-115.488,3,-96.5884,2,2,20,0,-999,-999,3
106.5,25,24,6,-115.488,5,-132.27,5,5,0,1,-999,-999,3
106.5,25,24,6,-115.488,1,-140.532,0,0,20,0,-999,-999,3
106.5,25,24,6,-115.488,2,-146.179,0,0,20,0,-999,-999,3
106.5,25,24,6,-115.488,7,-146.544,6,6,0,1,-999,-999,3
106.5,25,24,6,-115.488,4,-147.756,0,0,20,0,-999,-999,3
106.5,33,24,7,-134.093,5,-137.438,5,5,0,1,-999,-999,0
106.5,33,24,7,-134.093,3,-146.181,2,3,20,0,-999,-999,0
106.5,33,24,7,-134.093,2,-153.718,0,0,20,0,-999,-999,0
106.5,33,24,7,-134.093,4,-156.406,0,0,20,0,-999,-999,0
106.5,33,24,7,-134.093,6,-162.556,3,3,10,1,-999,-999,0
106.5,33,24,7,-134.093,1,-165.195,0,0,20,0,-999,-999,0
106.5,36,9,3,-138.592,7,-94.044,6,6,0,1,-999,-999,0
106.5,36,9,3,-138.592,6,-142.147,3,3,10,1,-999,-999,0
106.5,36,9,3,-138.592,2,-143.309,0,0,20,0,-999,-999,0
106.5,36,9,3,-138.592,4,-153.486,0,0,20,0,-999,-999,0
106.5,36,9,3,-138.592,5,-157.585,5,5,0,1,-999,-999,0
106.5,36,9,3,-138.592,1,-166.283,0,0,20,0,-999,-999,0
106.5,38,56,7,-164.589,6,-144.354,3,3,10,1,-999,-999,0
106.5,38,56,7,-164.589,3,-153.407,2,3,20,0,-999,-999,0
106.5,38,56,7,-164.589,2,-154.265,0,0,20,0,-999,-999,0
106.5,38,56,7,-164.589,1,-164.406,0,0,20,0,-999,-999,0
106.5,38,56,7,-164.589,4,-166.607,0,0,20,0,-999,-999,0
106.5,38,56,7,-164.589,5,-181.518,5,5,0,1,-999,-999,0
106.5,40,8,3,-86.4938,7,-122.695,6,6,0,1,-999,-999,0
106.5,40,8,3,-86.4938,6,-124.715,3,3,10,1,-999,-999,0
106.5,40,8,3,-86.4938,4,-133.653,0,0,20,0,-999,-999,0
106.5,40,8,3,-86.4938,2,-135.463,0,0,20,0,-999,-999,0
106.5,40,8,3,-86.4938,5,-139.188,5,5,0,1,-999,-999,0
106.5,40,8,3,-86.4938,1,-145.197,0,0,20,0,-999,-999,0
106.5,56,48,7,-132.328,6,-139.468,3,3,10,1,-999,-999,0
106.5,56,48,7,-132.328,3,-140.498,2,3,20,0,-999,-999,0
106.5,56,48,7,-132.328,2,-144.393,0,0,20,0,-999,-999,0
106.5,56,48,7,-132.328,5,-147.362,5,5,0,1,-999,-999,0
106.5,56,48,7,-132.328,4,-153.389,0,0,20,0,-999,-999,0
106.5,56,48,7,-132.328,1,-157.38,0,0,20,0,-999,-999,0
106.5,58,32,5,-118.806,6,-106.546,3,3,10,1,-999,-999,0
106.5,58,32,5,-118.806,7,-113.705,6,6,0,1,-999,-999,0
106.5,58,32,5,-118.806,3,-155.838,2,3,20,0,-999,-999,0
106.5,58,32,5,-118.806,1,-160.721,0,0,20,0,-999,-999,0
106.5,58,32,5,-118.806,4,-169.132,0,0,20,0,-999,-999,0
106.5,58,32,5,-118.806,2,-169.811,0,0,20,0,-999,-999,0
106.5,60,16,5,-130.861,3,-113.6,2,3,20,0,-999,-999,0
106.5,60,16,5,-130.861,7,-118.18,6,6,0,1,-999,-999,0
106.5,60,16,5,-130.861,1,-132.578,0,0,20,0,-999,-999,0
106.5,60,16,5,-130.861,6,-137.5,3,3,10,1,-999,-999,0
106.5,60,16,5,-130.861,4,-148.143,0,0,20,0,-999,-999,0
106.5,60,16,5,-130.861,2,-151.935,0,0,20,0,-999,-999,0
106.5,62,24,5,-133.883,7,-135.248,6,6,0,1,-999,-999,0
106.5,62,24,5,-133.883,6,-138.665,3,3,10,1,-999,-999,0
106.5,62,24,5,-133.883,3,-143.53,2,3,20,0,-999,-999,0
106.5,62,24,5,-133.883,1,-153.8,0,0,20,0,-999,-999,0
106.5,62,24,5,-133.883,4,-158.823,0,0,20,0,-999,-999,0
106.5,62,24,5,-133.883,2,-161.878,0,0,20,0,-999,-999,0
106.5,67,8,7,-125.282,3,-109.696,2,3,20,0,-999,-999,0
106.5,67,8,7,-125.282,2,-145.205,0,0,20,0,-999,-999,0
106.5,67,8,7,-125.282,5,-151.546,5,5,0,1,-999,-999,0
106.5,67,8,7,-125.282,4,-157.427,0,0,20,0,-999,-999,0
106.5,67,8,7,-125.282,6,-162.373,3,3,10,1,-999,-999,0
106.5,67,8,7,-125.282,1,-163.561,0,0,20,0,-999,-999,0
106.5,71,8,5,-108.714,3,-136.994,2,3,20,0,-999,-999,0
106.5,71,8,5,-108.714,6,-140.007,3,3,10,1,-999,-999,0
106.5,71,8,5,-108.714,1,-140.937,0,0,20,0,-999,-999,0
106.5,71,8,5,-108.714,4,-150.77,0,0,20,0,-999,-999,0
106.5,71,8,5,-108.714,7,-151.199,6,6,0,1,-999,-999,0
106.5,71,8,5,-108.714,2,-158.214,0,0,20,0,-999,-999,0
106.5,79,16,7,-133.628,3,-134.113,2,3,20,0,-999,-999,0
106.5,79,16,7,-133.628,5,-136.587,5,5,0,1,-999,-999,0
106.5,79,16,7,-133.628,6,-145.084,3,3,10,1,-999,-999,0
106.5,79,16,7,-133.628,2,-146.364,0,0,20,0,-999,-999,0
106.5,79,16,7,-133.628,4,-146.535,0,0,20,0,-999,-999,0
106.5,79,16,7,-133.628,1,-157.335,0,0,20,0,-999,-999,0
106.5,87,32,7,-139.022,3,-117.074,2,3,20,0,-999,-999,0
106.5,87,32,7,-139.022,5,-137.927,5,5,0,1,-999,-999,0
106.5,87,32,7,-139.022,6,-146.066,3,3,10,1,-999,-999,0
106.5,87,32,7,-139.022,2,-159.469,0,0,20,0,-999,-999,0
106.5,87,32,7,-139.022,4,-163.894,0,0,20,0,-999,-999,0
106.5,87,32,7,-139.022,1,-172.2,0,0,20,0,-999,-999,0
106.5,96,40,5,-131.755,3,-119.568,2,3,20,0,-999,-999,0
106.5,96,40,5,-131.755,7,-145.129,6,6,0,1,-999,-999,0
106.5,96,40,5,-131.755,6,-145.418,3,3,10,1,-999,-999,0
106.5,96,40,5,-131.755,1,-155.397,0,0,20,0,-999,-999,0
106.5,96,40,5,-131.755,4,-166.982,0,0,20,0,-999,-999,0
106.5,96,40,5,-131.755,2,-169.097,0,0,20,0,-999,-999,0
106.5,97,8,6,-98.6114,3,-123.562,2,3,20,0,-999,-999,0
106.5,97,8,6,-98.6114,5,-133.194,5,5,0,1,-999,-999,0
106.5,97,8,6,-98.6114,2,-134.447,0,0,20,0,-999,-999,0
106.5,97,8,6,-98.6114,4,-139.587,0,0,20,0,-999,-999,0
106.5,97,8,6,-98.6114,1,-153.989,0,0,20,0,-999,-999,0
106.5,97,8,6,-98.6114,7,-156.632,6,6,0,1,-999,-999,0
108.5,10,16,6,-121.637,3,-138.293,3,3,20,0,-999,-999,0
108.5,10,16,6,-121.637,7,-142.071,7,7,0,1,-999,-999,0
108.5,10,16,6,-121.637,5,-150.562,5,5,0,1,-999,-999,0
108.5,10,16,6,-121.637,4,-152.441,0,0,20,0,-999,-999,0
108.5,10,16,6,-121.637,1,-155.809,0,0,20,0,-999,-999,0
108.5,10,16,6,-121.637,2,-156.21,0,0,20,0,-999,-999,0
108.5,25,10,3,-122.638,6,-112.631,2,2,10,1,-999,-999,0
108.5,25,10,3,-122.638,5,-136.191,5,5,0,1,-999,-999,0
108.5,25,10,3,-122.638,7,-143.971,7,7,0,1,-999,-999,0
108.5,25,10,3,-122.638,1,-145.494,0,0,20,0,-999,-999,0
108.5,25,10,3,-122.638,4,-150.492,0,0,20,0,-999,-999,0
108.5,25,10,3,-122.638,2,-150.557,0,0,20,0,-999,-999,0
108.5,33,24,7,-134.949,3,-138.836,3,3,20,0,-999,-999,0
108.5,33,24,7,-134.949,6,-144.1,2,2,10,1,-999,-999,0
108.5,33,24,7,-134.949,2,-150.644,0,0,20,0,-999,-999,0
108.5,33,24,7,-134.949,5,-151.298,5,5,0,1,-999,-999,0
108.5,33,24,7,-134.949,4,-163.543,0,0,20,0,-999,-999,0
108.5,33,24,7,-134.949,1,-165.465,0,0,20,0,-999,-999,0
108.5,36,9,3,-144.424,7,-123.552,7,7,0,1,-999,-999,0
108.5,36,9,3,-144.424,6,-125.364,2,2,10,1,-999,-999,0
108.5,36,9,3,-144.424,2,-149.897,0,0,20,0,-999,-999,0
108.5,36,9,3,-144.424,5,-155.803,5,5,0,1,-999,-999,0
108.5,36,9,3,-144.424,4,-157.305,0,0,20,0,-999,-999,0
108.5,36,9,3,-144.424,1,-165.254,0,0,20,0,-999,-999,0
108.5,38,56,7,-159.326,6,-142.513,2,2,10,1,-999,-999,0
108.5,38,56,7,-159.326,5,-147.14,5,5,0,1,-999,-999,0
108.5,38,56,7,-159.326,3,-147.315,3,3,20,0,-999,-999,0
108.5,38,56,7,-159.326,2,-158.224,0,0,20,0,-999,-999,0
108.5,38,56,7,-159.326,1,-166.397,0,0,20,0,-999,-999,0
108.5,38,56,7,-159.326,4,-168.224,0,0,20,0,-999,-999,0
108.5,40,8,3,-78.5939,6,-129.782,2,2,10,1,-999,-999,0
108.5,40,8,3,-78.5939,4,-136.221,0,0,20,0,-999,-999,0
108.5,40,8,3,-78.5939,2,-139.773,0,0,20,0,-999,-999,0
108.5,40,8,3,-78.5939,5,-143.166,5,5,0,1,-999,-999,0
108.5,40,8,3,-78.5939,7,-144.716,7,7,0,1,-999,-999,0
108.5,40,8,3,-78.5939,1,-145.473,0,0,20,0,-999,-999,0
108.5,56,48,7,-132.082,5,-119.928,5,5,0,1,-999,-999,0
108.5,56,48,7,-132.082,6,-139.297,2,2,10,1,-999,-999,0
108.5,56,48,7,-132.082,3,-143.773,3,3,20,0,-999,-999,0
108.5,56,48,7,-132.082,2,-149.477,0,0,20,0,-999,-999,0
108.5,56,48,7,-132.082,4,-154.503,0,0,20,0,-999,-999,0
108.5,56,48,7,-132.082,1,-159.627,0,0,20,0,-999,-999,0
108.5,58,32,5,-131.716,6,-144.277,2,2,10,1,-999,-999,0
108.5,58,32,5,-131.716,3,-152.311,3,3,20,0,-999,-999,0
108.5,58,32,5,-131.716,7,-154.148,7,7,0,1,-999,-999,0
108.5,58,32,5,-131.716,1,-162.272,0,0,20,0,-999,-999,0
108.5,58,32,5,-131.716,4,-171.392,0,0,20,0,-999,-999,0
108.5,58,32,5,-131.716,2,-174.453,0,0,20,0,-999,-999,0
108.5,60,16,5,-127.795,6,-126.912,2,2,10,1,-999,-999,0
108.5,60,16,5,-127.795,1,-130.161,0,0,20,0,-999,-999,0
108.5,60,16,5,-127.795,3,-134.285,3,3,20,0,-999,-999,0
108.5,60,16,5,-127.795,7,-143.198,7,7,0,1,-999,-999,0
108.5,60,16,5,-127.795,2,-152.526,0,0,20,0,-999,-999,0
108.5,60,16,5,-127.795,4,-157.162,0,0,20,0,-999,-999,0
108.5,62,24,5,-129.14,6,-117.765,2,2,10,1,-999,-999,0
108.5,62,24,5,-129.14,3,-148.98,3,3,20,0,-999,-999,0
108.5,62,24,5,-129.14,7,-151.936,7,7,0,1,-999,-999,0
108.5,62,24,5,-129.14,1,-152.72,0,0,20,0,-999,-999,0
108.5,62,24,5,-129.14,4,-156.522,0,0,20,0,-999,-999,0
108.5,62,24,5,-129.14,2,-162.402,0,0,20,0,-999,-999,0
108.5,67,8,7,-119.347,3,-136.885,3,3,20,0,-999,-999,0
108.5,67,8,7,-119.347,2,-147.007,0,0,20,0,-999,-999,0
108.5,67,8,7,-119.347,5,-148.91,5,5,0,1,-999,-999,0
108.5,67,8,7,-119.347,6,-150.188,2,2,10,1,-999,-999,0
108.5,67,8,7,-119.347,4,-152.195,0,0,20,0,-999,-999,0
108.5,67,8,7,-119.347,1,-156.956,0,0,20,0,-999,-999,0
108.5,71,8,5,-128.096,3,-122.458,3,3,20,0,-999,-999,0
108.5,71,8,5,-128.096,6,-124.828,2,2,10,1,-999,-999,0
108.5,71,8,5,-128.096,1,-138.261,0,0,20,0,-999,-999,0
108.5,71,8,5,-128.096,7,-154.877,7,7,0,1,-999,-999,0
108.5,71,8,5,-128.096,2,-156.891,0,0,20,0,-999,-999,0
108.5,71,8,5,-128.096,4,-161.783,0,0,20,0,-999,-999,0
108.5,79,16,7,-131.327,6,-119.864,2,2,10,1,-999,-999,0
108.5,79,16,7,-131.327,3,-135.113,3,3,20,0,-999,-999,0
108.5,79,16,7,-131.327,5,-140.81,5,5,0,1,-999,-999,0
108.5,79,16,7,-131.327,4,-150.099,0,0,20,0,-999,-999,0
108.5,79,16,7,-131.327,2,-150.787,0,0,20,0,-999,-999,0
108.5,79,16,7,-131.327,1,-157.429,0,0,20,0,-999,-999,0
108.5,87,32,7,-141.496,5,-125.873,5,5,0,1,-999,-999,0
108.5,87,32,7,-141.496,3,-148.583,3,3,20,0,-999,-999,0
108.5,87,32,7,-141.496,6,-160.057,2,2,10,1,-999,-999,0
108.5,87,32,7,-141.496,2,-161.699,0,0,20,0,-999,-999,0
108.5,87,32,7,-141.496,4,-167.055,0,0,20,0,-999,-999,0
108.5,87,32,7,-141.496,1,-171.069,0,0,20,0,-999,-999,0
108.5,96,40,5,-135.586,3,-117.821,3,3,20,0,-999,-999,0
108.5,96,40,5,-135.586,6,-132.733,2,2,10,1,-999,-999,0
108.5,96,40,5,-135.586,7,-148.975,7,7,0,1,-999,-999,0
108.5,96,40,5,-135.586,1,-158.354,0,0,20,0,-999,-999,0
108.5,96,40,5,-135.586,4,-159.452,0,0,20,0,-999,-999,0
108.5,96,40,5,-135.586,2,-167.639,0,0,20,0,-999,-999,0
108.5,97,8,6,-128.728,3,-119.34,3,3,20,0,-999,-999,0
108.5,97,8,6,-128.728,2,-137.411,0,0,20,0,-999,-999,0
108.5,97,8,6,-128.728,4,-139.466,0,0,20,0,-999,-999,0
108.5,97,8,6,-128.728,5,-146.486,5,5,0,1,-999,-999,0
108.5,97,8,6,-128.728,1,-148.657,0,0,20,0,-999,-999,0
108.5,97,8,6,-128.728,7,-156.472,7,7,0,1,-999,-999,0
110.5,10,16,6,-135.601,3,-135.736,3,3,20,0,-999,-999,0
110.5,10,16,6,-135.601,7,-136.542,7,7,0,1,-999,-999,0
110.5,10,16,6,-135.601,5,-145.818,6,6,0,1,-999,-999,0
110.5,10,16,6,-135.601,2,-149.947,0,0,20,0,-999,-999,0
110.5,10,16,6,-135.601,1,-153.695,0,0,20,0,-999,-999,0
110.5,10,16,6,-135.601,4,-157.969,0,0,20,0,-999,-999,0
110.5,25,10,3,-111.457,6,-86.5961,2,2,10,1,-999,-999,0
110.5,25,10,3,-111.457,5,-144.348,6,6,0,1,-999,-999,0
110.5,25,10,3,-111.457,1,-144.413,0,0,20,0,-999,-999,0
110.5,25,10,3,-111.457,2,-145.109,0,0,20,0,-999,-999,0
110.5,25,10,3,-111.457,4,-145.648,0,0,20,0,-999,-999,0
110.5,25,10,3,-111.457,7,-152.606,7,7,0,1,-999,-999,0
110.5,32,64,7,-127.342,6,-97.546,2,2,10,1,-999,-999,0
110.5,32,64,7,-127.342,3,-132.855,3,3,20,0,-999,-999,0
110.5,32,64,7,-127.342,5,-133.232,6,6,0,1,-999,-999,0
110.5,32,64,7,-127.342,2,-136.576,0,0,20,0,-999,-999,0
110.5,32,64,7,-127.342,4,-142.433,0,0,20,0,-999,-999,0
110.5,32,64,7,-127.342,1,-156.98,0,0,20,0,-999,-999,0
110.5,33,24,7,-111.367,6,-133.898,2,2,10,1,-999,-999,0
110.5,33,24,7,-111.367,3,-148.78,3,3,20,0,-999,-999,0
110.5,33,24,7,-111.367,2,-152.63,0,0,20,0,-999,-999,0
110.5,33,24,7,-111.367,5,-155.265,6,6,0,1,-999,-999,0
110.5,33,24,7,-111.367,4,-160.187,0,0,20,0,-999,-999,0
110.5,33,24,7,-111.367,1,-165.493,0,0,20,0,-999,-999,0
110.5,36,9,3,-129.359,7,-130.981,7,7,0,1,-999,-999,0
110.5,36,9,3,-129.359,6,-140.248,2,2,10,1,-999,-999,0
110.5,36,9,3,-129.359,2,-151.161,0,0,20,0,-999,-999,0
110.5,36,9,3,-129.359,4,-152.618,0,0,20,0,-999,-999,0
110.5,36,9,3,-129.359,5,-156.165,6,6,0,1,-999,-999,0
110.5,36,9,3,-129.359,1,-161.692,0,0,20,0,-999,-999,0
110.5,38,56,7,-121.792,3,-129.356,3,3,20,0,-999,-999,0
110.5,38,56,7,-121.792,6,-145.859,2,2,10,1,-999,-999,0
110.5,38,56,7,-121.792,5,-152.288,6,6,0,1,-999,-999,0
110.5,38,56,7,-121.792,2,-159.692,0,0,20,0,-999,-999,0
110.5,38,56,7,-121.792,1,-163.771,0,0,20,0,-999,-999,0
110.5,38,56,7,-121.792,4,-165.065,0,0,20,0,-999,-999,0
110.5,40,8,3,-119.814,6,-129.84,2,2,10,1,-999,-999,0
110.5,40,8,3,-119.814,2,-133.475,0,0,20,0,-999,-999,0
110.5,40,8,3,-119.814,4,-137.345,0,0,20,0,-999,-999,0
110.5,40,8,3,-119.814,1,-140.255,0,0,20,0,-999,-999,0
110.5,40,8,3,-119.814,7,-143.944,7,7,0,1,-999,-999,0
110.5,40,8,3,-119.814,5,-147.128,6,6,0,1,-999,-999,0
110.5,56,48,7,-131.007,6,-106.411,2,2,10,1,-999,-999,0
110.5,56,48,7,-131.007,3,-129.916,3,3,20,0,-999,-999,0
110.5,56,48,7,-131.007,5,-132.606,6,6,0,1,-999,-999,0
110.5,56,48,7,-131.007,2,-144.7,0,0,20,0,-999,-999,0
110.5,56,48,7,-131.007,4,-152.467,0,0,20,0,-999,-999,0
110.5,56,48,7,-131.007,1,-155.337,0,0,20,0,-999,-999,0
110.5,58,32,5,-139.07,7,-140.31,7,7,0,1,-999,-999,0
110.5,58,32,5,-139.07,6,-143.646,2,2,10,1,-999,-999,0
110.5,58,32,5,-139.07,3,-145.086,3,3,20,0,-999,-999,0
110.5,58,32,5,-139.07,1,-159.918,0,0,20,0,-999,-999,0
110.5,58,32,5,-139.07,4,-167.138,0,0,20,0,-999,-999,0
110.5,58,32,5,-139.07,2,-168.861,0,0,20,0,-999,-999,0
110.5,60,16,5,-130.341,1,-126.977,0,0,20,0,-999,-999,0
110.5,60,16,5,-130.341,3,-128.409,3,3,20,0,-999,-999,0
110.5,60,16,5,-130.341,6,-149.575,2,2,10,1,-999,-999,0
110.5,60,16,5,-130.341,4,-150.924,0,0,20,0,-999,-999,0
110.5,60,16,5,-130.341,7,-158.008,7,7,0,1,-999,-999,0
110.5,60,16,5,-130.341,2,-161.711,0,0,20,0,-999,-999,0
110.5,62,24,5,-131.037,3,-122.117,3,3,20,0,-999,-999,0
110.5,62,24,5,-131.037,6,-139.421,2,2,10,1,-999,-999,0
110.5,62,24,5,-131.037,7,-150.316,7,7,0,1,-999,-999,0
110.5,62,24,5,-131.037,1,-156.476,0,0,20,0,-999,-999,0
110.5,62,24,5,-131.037,2,-160.648,0,0,20,0,-999,-999,0
110.5,62,24,5,-131.037,4,-163.417,0,0,20,0,-999,-999,0
110.5,67,8,7,-130.287,3,-123.288,3,3,20,0,-999,-999,0
110.5,67,8,7,-130.287,2,-148.024,0,0,20,0,-999,-999,0
110.5,67,8,7,-130.287,4,-153.114,0,0,20,0,-999,-999,0
110.5,67,8,7,-130.287,5,-154.862,6,6,0,1,-999,-999,0
110.5,67,8,7,-130.287,6,-155.119,2,2,10,1,-999,-999,0
110.5,67,8,7,-130.287,1,-156.627,0,0,20,0,-999,-999,0
110.5,71,8,5,-116.998,3,-135.218,3,3,20,0,-999,-999,0
110.5,71,8,5,-116.998,1,-135.696,0,0,20,0,-999,-999,0
110.5,71,8,5,-116.998,6,-145.48,2,2,10,1,-999,-999,0
110.5,71,8,5,-116.998,4,-154.255,0,0,20,0,-999,-999,0
110.5,71,8,5,-116.998,7,-155.376,7,7,0,1,-999,-999,0
110.5,71,8,5,-116.998,2,-161.763,0,0,20,0,-999,-999,0
110.5,79,16,7,-96.6922,6,-101.564,2,2,10,1,-999,-999,0
110.5,79,16,7,-96.6922,3,-138.038,3,3,20,0,-999,-999,0
110.5,79,16,7,-96.6922,2,-148.287,0,0,20,0,-999,-999,0
110.5,79,16,7,-96.6922,4,-151.453,0,0,20,0,-999,-999,0
110.5,79,16,7,-96.6922,1,-151.909,0,0,20,0,-999,-999,0
110.5,79,16,7,-96.6922,5,-156.745,6,6,0,1,-999,-999,0
110.5,87,32,7,-109.113,6,-105.995,2,2,10,1,-999,-999,0
110.5,87,32,7,-109.113,3,-134.491,3,3,20,0,-999,-999,0
110.5,87,32,7,-109.113,5,-154.782,6,6,0,1,-999,-999,0
110.5,87,32,7,-109.113,2,-162.833,0,0,20,0,-999,-999,0
110.5,87,32,7,-109.113,4,-165.888,0,0,20,0,-999,-999,0
110.5,87,32,7,-109.113,1,-171.277,0,0,20,0,-999,-999,0
110.5,92,48,5,-116.531,1,-140.897,0,0,20,0,-999,-999,0
110.5,92,48,5,-116.531,6,-141.969,2,2,10,1,-999,-999,0
110.5,92,48,5,-116.531,3,-142.079,3,3,20,0,-999,-999,0
110.5,92,48,5,-116.531,7,-152.961,7,7,0,1,-999,-999,0
110.5,92,48,5,-116.531,4,-157.173,0,0,20,0,-999,-999,0
110.5,92,48,5,-116.531,2,-158.323,0,0,20,0,-999,-999,0
110.5,96,40,5,-109.666,7,-136.637,7,7,0,1,-999,-999,0
110.5,96,40,5,-109.666,3,-146.233,3,3,20,0,-999,-999,0
110.5,96,40,5,-109.666,6,-151.662,2,2,10,1,-999,-999,0
110.5,96,40,5,-109.666,1,-158.373,0,0,20,0,-999,-999,0
110.5,96,40,5,-109.666,4,-161.887,0,0,20,0,-999,-999,0
110.5,96,40,5,-109.666,2,-167.003,0,0,20,0,-999,-999,0
110.5,97,8,6,-127.385,3,-129.868,3,3,20,0,-999,-999,0
110.5,97,8,6,-127.385,5,-133.517,6,6,0,1,-999,-999,0
110.5,97,8,6,-127.385,4,-135.474,0,0,20,0,-999,-999,0
110.5,97,8,6,-127.385,2,-138.098,0,0,20,0,-999,-999,0
110.5,97,8,6,-127.385,1,-152.125,0,0,20,0,-999,-999,0
110.5,97,8,6,-127.385,7,-157.424,7,7,0,1,-999,-999,0
112.5,10,16,6,-104.375,3,-96.8781,3,3,20,0,-999,-999,0
112.5,10,16,6,-104.375,5,-114.74,7,7,0,1,-999,-999,0
112.5,10,16,6,-104.375,7,-138.246,7,7,0,1,-999,-999,0
112.5,10,16,6,-104.375,2,-147.821,0,0,20,0,-999,-999,0
112.5,10,16,6,-104.375,1,-154.019,0,0,20,0,-999,-999,0
112.5,10,16,6,-104.375,4,-156.026,0,0,20,0,-999,-999,0
112.5,25,10,3,-123.769,6,-123.377,2,2,0,1,-999,-999,0
112.5,25,10,3,-123.769,5,-141.965,7,7,0,1,-999,-999,0
112.5,25,10,3,-123.769,1,-144.742,0,0,20,0,-999,-999,0
112.5,25,10,3,-123.769,2,-148.22,0,0,20,0,-999,-999,0
112.5,25,10,3,-123.769,4,-148.901,0,0,20,0,-999,-999,0
112.5,25,10,3,-123.769,7,-151.994,7,7,0,1,-999,-999,0
112.5,32,64,7,-123.095,3,-134.231,3,3,20,0,-999,-999,0
112.5,32,64,7,-123.095,6,-136.413,2,2,0,1,-999,-999,0
112.5,32,64,7,-123.095,4,-138.606,0,0,20,0,-999,-999,0
112.5,32,64,7,-123.095,2,-138.708,0,0,20,0,-999,-999,0
112.5,32,64,7,-123.095,5,-147.207,7,7,0,1,-999,-999,0
112.5,32,64,7,-123.095,1,-158.094,0,0,20,0,-999,-999,0
112.5,33,24,7,-129.646,6,-141.464,2,2,0,1,-999,-999,0
112.5,33,24,7,-129.646,5,-145.198,7,7,0,1,-999,-999,0
112.5,33,24,7,-129.646,3,-147.186,3,3,20,0,-999,-999,0
112.5,33,24,7,-129.646,2,-155.4,0,0,20,0,-999,-999,0
112.5,33,24,7,-129.646,4,-160.586,0,0,20,0,-999,-999,0
112.5,33,24,7,-129.646,1,-165.256,0,0,20,0,-999,-999,0
112.5,36,9,3,-115.091,7,-126.735,7,7,0,1,-999,-999,0
112.5,36,9,3,-115.091,5,-127.578,7,7,0,1,-999,-999,0
112.5,36,9,3,-115.091,6,-141.94,2,2,0,1,-999,-999,0
112.5,36,9,3,-115.091,2,-150.149,0,0,20,0,-999,-999,0
112.5,36,9,3,-115.091,4,-152.1,0,0,20,0,-999,-999,0
112.5,36,9,3,-115.091,1,-160.201,0,0,20,0,-999,-999,0
112.5,38,56,7,-156.417,6,-143.169,2,2,0,1,-999,-999,0
112.5,38,56,7,-156.417,3,-147.356,3,3,20,0,-999,-999,0
112.5,38,56,7,-156.417,2,-159.235,0,0,20,0,-999,-999,0
112.5,38,56,7,-156.417,4,-162.41,0,0,20,0,-999,-999,0
112.5,38,56,7,-156.417,5,-165.768,7,7,0,1,-999,-999,0
112.5,38,56,7,-156.417,1,-168.336,0,0,20,0,-999,-999,0
112.5,40,8,3,-79.228,5,-118.981,7,7,0,1,-999,-999,0
112.5,40,8,3,-79.228,6,-123.839,2,2,0,1,-999,-999,0
112.5,40,8,3,-79.228,4,-135.202,0,0,20,0,-999,-999,0
112.5,40,8,3,-79.228,2,-136.961,0,0,20,0,-999,-999,0
112.5,40,8,3,-79.228,1,-142.368,0,0,20,0,-999,-999,0
112.5,40,8,3,-79.228,7,-155.439,7,7,0,1,-999,-999,0
112.5,56,48,7,-128.753,6,-133.579,2,2,0,1,-999,-999,0
112.5,56,48,7,-128.753,2,-145.817,0,0,20,0,-999,-999,0
112.5,56,48,7,-128.753,3,-148.385,3,3,20,0,-999,-999,0
112.5,56,48,7,-128.753,4,-149.844,0,0,20,0,-999,-999,0
112.5,56,48,7,-128.753,5,-158.063,7,7,0,1,-999,-999,0
112.5,56,48,7,-128.753,1,-163.581,0,0,20,0,-999,-999,0
112.5,58,32,5,-106.108,6,-147.005,2,2,0,1,-999,-999,0
112.5,58,32,5,-106.108,7,-149.478,7,7,0,1,-999,-999,0
112.5,58,32,5,-106.108,1,-164.624,0,0,20,0,-999,-999,0
112.5,58,32,5,-106.108,3,-165.513,3,3,20,0,-999,-999,0
112.5,58,32,5,-106.108,4,-170.021,0,0,20,0,-999,-999,0
112.5,58,32,5,-106.108,2,-171.289,0,0,20,0,-999,-999,0
112.5,60,16,5,-122.435,1,-129.609,0,0,20,0,-999,-999,0
112.5,60,16,5,-122.435,6,-143.993,2,2,0,1,-999,-999,0
112.5,60,16,5,-122.435,3,-144.972,3,3,20,0,-999,-999,0
112.5,60,16,5,-122.435,4,-149.34,0,0,20,0,-999,-999,0
112.5,60,16,5,-122.435,7,-151.447,7,7,0,1,-999,-999,0
112.5,60,16,5,-122.435,2,-155.969,0,0,20,0,-999,-999,0
112.5,62,24,5,-130.513,6,-133.467,2,2,0,1,-999,-999,0
112.5,62,24,5,-130.513,7,-135.944,7,7,0,1,-999,-999,0
112.5,62,24,5,-130.513,3,-140.947,3,3,20,0,-999,-999,0
112.5,62,24,5,-130.513,1,-152.069,0,0,20,0,-999,-999,0
112.5,62,24,5,-130.513,4,-157.733,0,0,20,0,-999,-999,0
112.5,62,24,5,-130.513,2,-163.234,0,0,20,0,-999,-999,0
112.5,67,8,7,-130.829,3,-144.732,3,3,20,0,-999,-999,0
112.5,67,8,7,-130.829,5,-145.993,7,7,0,1,-999,-999,0
112.5,67,8,7,-130.829,6,-147.565,2,2,0,1,-999,-999,0
112.5,67,8,7,-130.829,2,-150.131,0,0,20,0,-999,-999,0
112.5,67,8,7,-130.829,4,-152.694,0,0,20,0,-999,-999,0
112.5,67,8,7,-130.829,1,-162.334,0,0,20,0,-999,-999,0
112.5,71,8,5,-129.53,1,-138.998,0,0,20,0,-999,-999,0
112.5,71,8,5,-129.53,6,-145.181,2,2,0,1,-999,-999,0
112.5,71,8,5,-129.53,3,-146.715,3,3,20,0,-999,-999,0
112.5,71,8,5,-129.53,4,-151.921,0,0,20,0,-999,-999,0
112.5,71,8,5,-129.53,7,-157.707,7,7,0,1,-999,-999,0
112.5,71,8,5,-129.53,2,-158.065,0,0,20,0,-999,-999,0
112.5,79,16,7,-96.3345,3,-98.2735,3,3,20,0,-999,-999,0
112.5,79,16,7,-96.3345,6,-138.434,2,2,0,1,-999,-999,0
112.5,79,16,7,-96.3345,4,-143.44,0,0,20,0,-999,-999,0
112.5,79,16,7,-96.3345,2,-146.577,0,0,20,0,-999,-999,0
112.5,79,16,7,-96.3345,1,-155.795,0,0,20,0,-999,-999,0
112.5,79,16,7,-96.3345,5,-156.409,7,7,0,1,-999,-999,0
112.5,87,32,7,-145.79,3,-109.253,3,3,20,0,-999,-999,0
112.5,87,32,7,-145.79,5,-128.83,7,7,0,1,-999,-999,0
112.5,87,32,7,-145.79,6,-152.395,2,2,0,1,-999,-999,0
112.5,87,32,7,-145.79,2,-163.084,0,0,20,0,-999,-999,0
112.5,87,32,7,-145.79,4,-167.531,0,0,20,0,-999,-999,0
112.5,87,32,7,-145.79,1,-173.648,0,0,20,0,-999,-999,0
112.5,88,56,5,-126.951,3,-138.051,3,3,20,0,-999,-999,0
112.5,88,56,5,-126.951,7,-140.726,7,7,0,1,-999,-999,0
112.5,88,56,5,-126.951,6,-145.803,2,2,0,1,-999,-999,0
112.5,88,56,5,-126.951,1,-149.858,0,0,20,0,-999,-999,0
112.5,88,56,5,-126.951,4,-153.348,0,0,20,0,-999,-999,0
112.5,88,56,5,-126.951,2,-158.505,0,0,20,0,-999,-999,0
112.5,92,48,5,-89.6928,6,-120.657,2,2,0,1,-999,-999,0
112.5,92,48,5,-89.6928,7,-127.626,7,7,0,1,-999,-999,0
112.5,92,48,5,-89.6928,3,-143.998,3,3,20,0,-999,-999,0
112.5,92,48,5,-89.6928,1,-144.105,0,0,20,0,-999,-999,0
112.5,92,48,5,-89.6928,4,-150.835,0,0,20,0,-999,-999,0
112.5,92,48,5,-89.6928,2,-161.72,0,0,20,0,-999,-999,0
112.5,96,40,5,-102.841,3,-114.607,3,3,20,0,-999,-999,0
112.5,96,40,5,-102.841,7,-146.599,7,7,0,1,-999,-999,0
112.5,96,40,5,-102.841,6,-146.99,2,2,0,1,-999,-999,0
112.5,96,40,5,-102.841,1,-156.85,0,0,20,0,-999,-999,0
112.5,96,40,5,-102.841,4,-159.671,0,0,20,0,-999,-999,0
112.5,96,40,5,-102.841,2,-167.058,0,0,20,0,-999,-999,0
112.5,97,8,6,-96.3334,3,-92.9846,3,3,20,0,-999,-999,0
112.5,97,8,6,-96.3334,7,-120.546,7,7,0,1,-999,-999,0
112.5,97,8,6,-96.3334,2,-135.252,0,0,20,0,-999,-999,0
112.5,97,8,6,-96.3334,4,-137.623,0,0,20,0,-999,-999,0
112.5,97,8,6,-96.3334,1,-148.143,0,0,20,0,-999,-999,0
112.5,97,8,6,-96.3334,5,-156.042,7,7,0,1,-999,-999,0
114.5,10,16,6,-118.678,3,-133.528,3,3,20,0,-999,-999,0
114.5,10,16,6,-118.678,7,-137.053,8,8,0,1,-999,-999,0
114.5,10,16,6,-118.678,5,-140.633,7,7,0,1,-999,-999,0
114.5,10,16,6,-118.678,2,-151.413,0,0,20,0,-999,-999,0
114.5,10,16,6,-118.678,1,-156.43,0,0,20,0,-999,-999,0
114.5,10,16,6,-118.678,4,-157.881,0,0,20,0,-999,-999,0
114.5,25,10,3,-99.9521,6,-112.604,2,2,0,1,-999,-999,0
114.5,25,10,3,-99.9521,7,-143.601,8,8,0,1,-999,-999,0
114.5,25,10,3,-99.9521,5,-144.816,7,7,0,1,-999,-999,0
114.5,25,10,3,-99.9521,4,-146.342,0,0,20,0,-999,-999,0
114.5,25,10,3,-99.9521,1,-146.779,0,0,20,0,-999,-999,0
114.5,25,10,3,-99.9521,2,-147.529,0,0,20,0,-999,-999,0
114.5,32,64,7,-110.769,6,-115.728,2,2,0,1,-999,-999,0
114.5,32,64,7,-110.769,3,-125.331,3,3,20,0,-999,-999,0
114.5,32,64,7,-110.769,2,-134.881,0,0,20,0,-999,-999,0
114.5,32,64,7,-110.769,4,-139.614,0,0,20,0,-999,-999,0
114.5,32,64,7,-110.769,1,-149.197,0,0,20,0,-999,-999,0
114.5,32,64,7,-110.769,5,-158.393,7,7,0,1,-999,-999,0
114.5,33,24,7,-130.757,3,-138.545,3,3,20,0,-999,-999,0
114.5,33,24,7,-130.757,5,-146.498,7,7,0,1,-999,-999,0
114.5,33,24,7,-130.757,2,-152.283,0,0,20,0,-999,-999,0
114.5,33,24,7,-130.757,4,-161.376,0,0,20,0,-999,-999,0
114.5,33,24,7,-130.757,6,-166.211,2,2,0,1,-999,-999,0
114.5,33,24,7,-130.757,1,-167.008,0,0,20,0,-999,-999,0
114.5,36,9,3,-140.365,7,-110.116,8,8,0,1,-999,-999,0
114.5,36,9,3,-140.365,6,-120.551,2,2,0,1,-999,-999,0
114.5,36,9,3,-140.365,5,-122.56,7,7,0,1,-999,-999,0
114.5,36,9,3,-140.365,2,-151.68,0,0,20,0,-999,-999,0
114.5,36,9,3,-140.365,4,-154.529,0,0,20,0,-999,-999,0
114.5,36,9,3,-140.365,1,-166.401,0,0,20,0,-999,-999,0
114.5,38,56,7,-134.995,6,-110.822,2,2,0,1,-999,-999,0
114.5,38,56,7,-134.995,3,-149.278,3,3,20,0,-999,-999,0
114.5,38,56,7,-134.995,2,-159.119,0,0,20,0,-999,-999,0
114.5,38,56,7,-134.995,4,-160.034,0,0,20,0,-999,-999,0
114.5,38,56,7,-134.995,5,-169.494,7,7,0,1,-999,-999,0
114.5,38,56,7,-134.995,1,-169.518,0,0,20,0,-999,-999,0
114.5,40,8,3,-102.524,6,-111.308,2,2,0,1,-999,-999,0
114.5,40,8,3,-102.524,4,-131.354,0,0,20,0,-999,-999,0
114.5,40,8,3,-102.524,2,-133.448,0,0,20,0,-999,-999,0
114.5,40,8,3,-102.524,7,-133.903,8,8,0,1,-999,-999,0
114.5,40,8,3,-102.524,1,-141.601,0,0,20,0,-999,-999,0
114.5,40,8,3,-102.524,5,-144.65,7,7,0,1,-999,-999,0
114.5,56,48,7,-131.099,6,-141.706,2,2,0,1,-999,-999,0
114.5,56,48,7,-131.099,3,-142.943,3,3,20,0,-999,-999,0
114.5,56,48,7,-131.099,2,-144.355,0,0,20,0,-999,-999,0
114.5,56,48,7,-131.099,4,-149.666,0,0,20,0,-999,-999,0
114.5,56,48,7,-131.099,5,-154.426,7,7,0,1,-999,-999,0
114.5,56,48,7,-131.099,1,-158.341,0,0,20,0,-999,-999,0
114.5,58,32,5,-131.409,6,-120.255,2,2,0,1,-999,-999,0
114.5,58,32,5,-131.409,3,-131.79,3,3,20,0,-999,-999,0
114.5,58,32,5,-131.409,7,-152.083,8,8,0,1,-999,-999,0
114.5,58,32,5,-131.409,1,-162.39,0,0,20,0,-999,-999,0
114.5,58,32,5,-131.409,2,-167.2,0,0,20,0,-999,-999,0
114.5,58,32,5,-131.409,4,-169.588,0,0,20,0,-999,-999,0
114.5,60,16,5,-129.209,1,-129.663,0,0,20,0,-999,-999,0
114.5,60,16,5,-129.209,3,-132.513,3,3,20,0,-999,-999,0
114.5,60,16,5,-129.209,7,-143.273,8,8,0,1,-999,-999,0
114.5,60,16,5,-129.209,4,-143.632,0,0,20,0,-999,-999,0
114.5,60,16,5,-129.209,6,-144.844,2,2,0,1,-999,-999,0
114.5,60,16,5,-129.209,2,-152.012,0,0,20,0,-999,-999,0
114.5,62,24,5,-139.953,6,-143.186,2,2,0,1,-999,-999,0
114.5,62,24,5,-139.953,7,-147.489,8,8,0,1,-999,-999,0
114.5,62,24,5,-139.953,3,-148.516,3,3,20,0,-999,-999,0
114.5,62,24,5,-139.953,1,-154.76,0,0,20,0,-999,-999,0
114.5,62,24,5,-139.953,4,-157.18,0,0,20,0,-999,-999,0
114.5,62,24,5,-139.953,2,-162.037,0,0,20,0,-999,-999,0
114.5,67,8,7,-134.006,3,-130.412,3,3,20,0,-999,-999,0
114.5,67,8,7,-134.006,5,-137.258,7,7,0,1,-999,-999,0
114.5,67,8,7,-134.006,2,-150.611,0,0,20,0,-999,-999,0
114.5,67,8,7,-134.006,6,-151.197,2,2,0,1,-999,-999,0
114.5,67,8,7,-134.006,4,-156.074,0,0,20,0,-999,-999,0
114.5,67,8,7,-134.006,1,-162.909,0,0,20,0,-999,-999,0
114.5,71,8,5,-127.518,6,-130.507,2,2,0,1,-999,-999,0
114.5,71,8,5,-127.518,1,-139.307,0,0,20,0,-999,-999,0
114.5,71,8,5,-127.518,3,-146.905,3,3,20,0,-999,-999,0
114.5,71,8,5,-127.518,4,-147.719,0,0,20,0,-999,-999,0
114.5,71,8,5,-127.518,7,-158.476,8,8,0,1,-999,-999,0
114.5,71,8,5,-127.518,2,-160.468,0,0,20,0,-999,-999,0
114.5,79,16,7,-134.754,3,-97.2247,3,3,20,0,-999,-999,0
114.5,79,16,7,-134.754,6,-117.493,2,2,0,1,-999,-999,0
114.5,79,16,7,-134.754,4,-146.903,0,0,20,0,-999,-999,0
114.5,79,16,7,-134.754,2,-151.922,0,0,20,0,-999,-999,0
114.5,79,16,7,-134.754,5,-152.63,7,7,0,1,-999,-999,0
114.5,79,16,7,-134.754,1,-157.001,0,0,20,0,-999,-999,0
114.5,87,32,7,-113.727,3,-136.462,3,3,20,0,-999,-999,0
114.5,87,32,7,-113.727,6,-149.922,2,2,0,1,-999,-999,0
114.5,87,32,7,-113.727,2,-159.396,0,0,20,0,-999,-999,0
114.5,87,32,7,-113.727,5,-165.766,7,7,0,1,-999,-999,0
114.5,87,32,7,-113.727,4,-165.955,0,0,20,0,-999,-999,0
114.5,87,32,7,-113.727,1,-168.785,0,0,20,0,-999,-999,0
114.5,88,56,5,-124.28,3,-115.227,3,3,20,0,-999,-999,0
114.5,88,56,5,-124.28,6,-123.48,2,2,0,1,-999,-999,0
114.5,88,56,5,-124.28,7,-145.652,8,8,0,1,-999,-999,0
114.5,88,56,5,-124.28,1,-148.945,0,0,20,0,-999,-999,0
114.5,88,56,5,-124.28,4,-155.021,0,0,20,0,-999,-999,0
114.5,88,56,5,-124.28,2,-156.837,0,0,20,0,-999,-999,0
114.5,92,48,5,-123.502,3,-125.002,3,3,20,0,-999,-999,0
114.5,92,48,5,-123.502,6,-138.803,2,2,0,1,-999,-999,0
114.5,92,48,5,-123.502,1,-139.918,0,0,20,0,-999,-999,0
114.5,92,48,5,-123.502,4,-156.886,0,0,20,0,-999,-999,0
114.5,92,48,5,-123.502,2,-159.657,0,0,20,0,-999,-999,0
114.5,92,48,5,-123.502,7,-162.363,8,8,0,1,-999,-999,0
114.5,96,40,5,-93.7643,6,-118.973,2,2,0,1,-999,-999,0
114.5,96,40,5,-93.7643,7,-124.769,8,8,0,1,-999,-999,0
114.5,96,40,5,-93.7643,3,-152.757,3,3,20,0,-999,-999,0
114.5,96,40,5,-93.7643,1,-157.42,0,0,20,0,-999,-999,0
114.5,96,40,5,-93.7643,2,-166.816,0,0,20,0,-999,-999,0
114.5,96,40,5,-93.7643,4,-168.898,0,0,20,0,-999,-999,0
114.5,97,8,6,-122.339,3,-113.435,3,3,20,0,-999,-999,0
114.5,97,8,6,-122.339,5,-124.006,7,7,0,1,-999,-999,0
114.5,97,8,6,-122.339,7,-133.026,8,8,0,1,-999,-999,0
114.5,97,8,6,-122.339,2,-136.812,0,0,20,0,-999,-999,0
114.5,97,8,6,-122.339,4,-138.36,0,0,20,0,-999,-999,0
114.5,97,8,6,-122.339,1,-151.179,0,0,20,0,-999,-999,0
116.5,10,16,6,-136.835,5,-128.009,7,7,0,1,-999,-999,0
116.5,10,16,6,-136.835,3,-132.994,3,3,20,0,-999,-999,0
116.5,10,16,6,-136.835,7,-138.454,8,8,0,1,-999,-999,0
116.5,10,16,6,-136.835,2,-152.324,0,0,20,0,-999,-999,0
116.5,10,16,6,-136.835,1,-154.4,0,0,20,0,-999,-999,0
116.5,10,16,6,-136.835,4,-156.529,0,0,20,0,-999,-999,0
116.5,13,72,7,-128.535,3,-127.868,3,3,20,0,-999,-999,0
116.5,13,72,7,-128.535,2,-143.036,0,0,20,0,-999,-999,0
116.5,13,72,7,-128.535,4,-152.555,0,0,20,0,-999,-999,0
116.5,13,72,7,-128.535,5,-155.982,7,7,0,1,-999,-999,0
116.5,13,72,7,-128.535,6,-157.021,2,2,0,1,-999,-999,0
116.5,13,72,7,-128.535,1,-160.024,0,0,20,0,-999,-999,0
116.5,25,10,3,-128.866,6,-118.851,2,2,0,1,-999,-999,0
116.5,25,10,3,-128.866,5,-128.004,7,7,0,1,-999,-999,0
116.5,25,10,3,-128.866,1,-143.378,0,0,20,0,-999,-999,0
116.5,25,10,3,-128.866,7,-144.193,8,8,0,1,-999,-999,0
116.5,25,10,3,-128.866,4,-146.164,0,0,20,0,-999,-999,0
116.5,25,10,3,-128.866,2,-147.066,0,0,20,0,-999,-999,0
116.5,32,64,7,-89.7656,3,-124.013,3,3,20,0,-999,-999,0
116.5,32,64,7,-89.7656,6,-129.267,2,2,0,1,-999,-999,0
116.5,32,64,7,-89.7656,2,-137.372,0,0,20,0,-999,-999,0
116.5,32,64,7,-89.7656,4,-140.034,0,0,20,0,-999,-999,0
116.5,32,64,7,-89.7656,1,-150.814,0,0,20,0,-999,-999,0
116.5,32,64,7,-89.7656,5,-158.434,7,7,0,1,-999,-999,0
116.5,33,24,7,-131.685,5,-135.628,7,7,0,1,-999,-999,0
116.5,33,24,7,-131.685,3,-142.907,3,3,20,0,-999,-999,0
116.5,33,24,7,-131.685,2,-154.52,0,0,20,0,-999,-999,0
116.5,33,24,7,-131.685,4,-155.974,0,0,20,0,-999,-999,0
116.5,33,24,7,-131.685,1,-166.262,0,0,20,0,-999,-999,0
116.5,33,24,7,-131.685,6,-168.302,2,2,0,1,-999,-999,0
116.5,36,9,3,-148.274,5,-121.184,7,7,0,1,-999,-999,0
116.5,36,9,3,-148.274,7,-131.218,8,8,0,1,-999,-999,0
116.5,36,9,3,-148.274,6,-143.277,2,2,0,1,-999,-999,0
116.5,36,9,3,-148.274,2,-152.001,0,0,20,0,-999,-999,0
116.5,36,9,3,-148.274,4,-152.091,0,0,20,0,-999,-999,0
116.5,36,9,3,-148.274,1,-157.07,0,0,20,0,-999,-999,0
116.5,38,56,7,-155.165,6,-111.175,2,2,0,1,-999,-999,0
116.5,38,56,7,-155.165,3,-120.102,3,3,20,0,-999,-999,0
116.5,38,56,7,-155.165,4,-160.382,0,0,20,0,-999,-999,0
116.5,38,56,7,-155.165,2,-163.608,0,0,20,0,-999,-999,0
116.5,38,56,7,-155.165,1,-165.439,0,0,20,0,-999,-999,0
116.5,38,56,7,-155.165,5,-172.271,7,7,0,1,-999,-999,0
116.5,40,8,3,-107.534,7,-128.108,8,8,0,1,-999,-999,0
116.5,40,8,3,-107.534,6,-132.882,2,2,0,1,-999,-999,0
116.5,40,8,3,-107.534,2,-135.762,0,0,20,0,-999,-999,0
116.5,40,8,3,-107.534,4,-136.45,0,0,20,0,-999,-999,0
116.5,40,8,3,-107.534,5,-141.75,7,7,0,1,-999,-999,0
116.5,40,8,3,-107.534,1,-144.227,0,0,20,0,-999,-999,0
116.5,56,48,7,-127.365,3,-138.146,3,3,20,0,-999,-999,0
116.5,56,48,7,-127.365,6,-145.454,2,2,0,1,-999,-999,0
116.5,56,48,7,-127.365,2,-147.416,0,0,20,0,-999,-999,0
116.5,56,48,7,-127.365,4,-150.365,0,0,20,0,-999,-999,0
116.5,56,48,7,-127.365,5,-156.162,7,7,0,1,-999,-999,0
116.5,56,48,7,-127.365,1,-157.418,0,0,20,0,-999,-999,0
116.5,58,32,5,-114.752,6,-106.453,2,2,0,1,-999,-999,0
116.5,58,32,5,-114.752,3,-149.533,3,3,20,0,-999,-999,0
116.5,58,32,5,-114.752,7,-154.602,8,8,0,1,-999,-999,0
116.5,58,32,5,-114.752,4,-165.328,0,0,20,0,-999,-999,0
116.5,58,32,5,-114.752,1,-166.83,0,0,20,0,-999,-999,0
116.5,58,32,5,-114.752,2,-170.259,0,0,20,0,-999,-999,0
116.5,60,16,5,-132.234,3,-126.867,3,3,20,0,-999,-999,0
116.5,60,16,5,-132.234,1,-129.906,0,0,20,0,-999,-999,0
116.5,60,16,5,-132.234,6,-141.39,2,2,0,1,-999,-999,0
116.5,60,16,5,-132.234,4,-148.575,0,0,20,0,-999,-999,0
116.5,60,16,5,-132.234,7,-149.349,8,8,0,1,-999,-999,0
116.5,60,16,5,-132.234,2,-154.585,0,0,20,0,-999,-999,0
116.5,62,24,5,-107.148,6,-147.971,2,2,0,1,-999,-999,0
116.5,62,24,5,-107.148,7,-152.42,8,8,0,1,-999,-999,0
116.5,62,24,5,-107.148,3,-152.782,3,3,20,0,-999,-999,0
116.5,62,24,5,-107.148,1,-152.789,0,0,20,0,-999,-999,0
116.5,62,24,5,-107.148,4,-162.103,0,0,20,0,-999,-999,0
116.5,62,24,5,-107.148,2,-164.577,0,0,20,0,-999,-999,0
116.5,67,8,7,-129.126,6,-122.638,2,2,0,1,-999,-999,0
116.5,67,8,7,-129.126,3,-140.146,3,3,20,0,-999,-999,0
116.5,67,8,7,-129.126,5,-143.559,7,7,0,1,-999,-999,0
116.5,67,8,7,-129.126,2,-144.006,0,0,20,0,-999,-999,0
116.5,67,8,7,-129.126,4,-153.603,0,0,20,0,-999,-999,0
116.5,67,8,7,-129.126,1,-166.691,0,0,20,0,-999,-999,0
116.5,71,8,5,-132.646,6,-112.735,2,2,0,1,-999,-999,0
116.5,71,8,5,-132.646,1,-140.644,0,0,20,0,-999,-999,0
116.5,71,8,5,-132.646,3,-145.375,3,3,20,0,-999,-999,0
116.5,71,8,5,-132.646,4,-153.57,0,0,20,0,-999,-999,0
116.5,71,8,5,-132.646,2,-156.766,0,0,20,0,-999,-999,0
116.5,71,8,5,-132.646,7,-160.068,8,8,0,1,-999,-999,0
116.5,79,16,7,-106.603,6,-100.862,2,2,0,1,-999,-999,0
116.5,79,16,7,-106.603,3,-134.65,3,3,20,0,-999,-999,0
116.5,79,16,7,-106.603,5,-137.991,7,7,0,1,-999,-999,0
116.5,79,16,7,-106.603,4,-148.477,0,0,20,0,-999,-999,0
116.5,79,16,7,-106.603,2,-152.153,0,0,20,0,-999,-999,0
116.5,79,16,7,-106.603,1,-154.088,0,0,20,0,-999,-999,0
116.5,87,32,7,-129.455,3,-141.46,3,3,20,0,-999,-999,0
116.5,87,32,7,-129.455,6,-148.534,2,2,0,1,-999,-999,0
116.5,87,32,7,-129.455,5,-158.767,7,7,0,1,-999,-999,0
116.5,87,32,7,-129.455,2,-162.51,0,0,20,0,-999,-999,0
116.5,87,32,7,-129.455,4,-162.726,0,0,20,0,-999,-999,0
116.5,87,32,7,-129.455,1,-171.199,0,0,20,0,-999,-999,0
116.5,88,56,5,-129.795,3,-110.32,3,3,20,0,-999,-999,0
116.5,88,56,5,-129.795,6,-140.219,2,2,0,1,-999,-999,0
116.5,88,56,5,-129.795,7,-144.588,8,8,0,1,-999,-999,0
116.5,88,56,5,-129.795,1,-145.106,0,0,20,0,-999,-999,0
116.5,88,56,5,-129.795,4,-152.905,0,0,20,0,-999,-999,0
116.5,88,56,5,-129.795,2,-158.218,0,0,20,0,-999,-999,0
116.5,92,48,5,-125.49,3,-113.878,3,3,20,0,-999,-999,0
116.5,92,48,5,-125.49,1,-141.091,0,0,20,0,-999,-999,0
116.5,92,48,5,-125.49,6,-146.679,2,2,0,1,-999,-999,0
116.5,92,48,5,-125.49,4,-153.15,0,0,20,0,-999,-999,0
116.5,92,48,5,-125.49,7,-156.178,8,8,0,1,-999,-999,0
116.5,92,48,5,-125.49,2,-159.594,0,0,20,0,-999,-999,0
116.5,96,40,5,-107.056,6,-106.133,2,2,0,1,-999,-999,0
116.5,96,40,5,-107.056,3,-139.12,3,3,20,0,-999,-999,0
116.5,96,40,5,-107.056,7,-153.775,8,8,0,1,-999,-999,0
116.5,96,40,5,-107.056,1,-160.985,0,0,20,0,-999,-999,0
116.5,96,40,5,-107.056,2,-162.725,0,0,20,0,-999,-999,0
116.5,96,40,5,-107.056,4,-163.123,0,0,20,0,-999,-999,0
116.5,97,8,6,-131.542,3,-100.119,3,3,20,0,-999,-999,0
116.5,97,8,6,-131.542,2,-130.246,0,0,20,0,-999,-999,0
116.5,97,8,6,-131.542,4,-141.419,0,0,20,0,-999,-999,0
116.5,97,8,6,-131.542,5,-148.688,7,7,0,1,-999,-999,0
116.5,97,8,6,-131.542,1,-149.33,0,0,20,0,-999,-999,0
116.5,97,8,6,-131.542,7,-153.78,8,8,0,1,-999,-999,0
118.5,10,16,6,-104.956,3,-133.569,3,3,20,0,-999,-999,0
118.5,10,16,6,-104.956,5,-138.543,7,7,0,1,-999,-999,0
118.5,10,16,6,-104.956,7,-141.026,8,8,0,1,-999,-999,0
118.5,10,16,6,-104.956,2,-149.945,0,0,20,0,-999,-999,0
118.5,10,16,6,-104.956,4,-154.218,0,0,20,0,-999,-999,0
118.5,10,16,6,-104.956,1,-155.041,0,0,20,0,-999,-999,0
118.5,13,72,7,-140.244,3,-123.008,3,3,20,0,-999,-999,0
118.5,13,72,7,-140.244,2,-142.74,0,0,20,0,-999,-999,0
118.5,13,72,7,-140.244,6,-150.638,2,2,0,1,-999,-999,0
118.5,13,72,7,-140.244,4,-151.006,0,0,20,0,-999,-999,0
118.5,13,72,7,-140.244,5,-151.528,7,7,0,1,-999,-999,0
118.5,13,72,7,-140.244,1,-159.075,0,0,20,0,-999,-999,0
118.5,25,10,3,-127.905,6,-114.199,2,2,0,1,-999,-999,0
118.5,25,10,3,-127.905,5,-142.613,7,7,0,1,-999,-999,0
118.5,25,10,3,-127.905,1,-143.441,0,0,20,0,-999,-999,0
118.5,25,10,3,-127.905,2,-145.168,0,0,20,0,-999,-999,0
118.5,25,10,3,-127.905,7,-148.579,8,8,0,1,-999,-999,0
118.5,25,10,3,-127.905,4,-148.723,0,0,20,0,-999,-999,0
118.5,32,64,7,-122.851,3,-124.134,3,3,20,0,-999,-999,0
118.5,32,64,7,-122.851,2,-133.565,0,0,20,0,-999,-999,0