time,ueId,rnti,servingCell,servingRsrp,candidateCell,candidateRsrp,candidateLoad,candidateEffLoad,candidateCap,candidateIsNtn,backhaulDlSnr,backhaulUlSnr,finalChosenCell
8.5,71,8,5,-155.187,1,-138.377,0,0,20,0,-999,-999,0
8.5,71,8,5,-155.187,4,-155.131,0,0,20,0,-999,-999,0
8.5,71,8,5,-155.187,3,-155.804,0,0,20,0,-999,-999,0
8.5,71,8,5,-155.187,2,-158.948,0,0,20,0,-999,-999,0
8.5,71,8,5,-155.187,6,-163.552,0,0,10,1,8.3889,3.8683,0
8.5,71,8,5,-155.187,7,-172.8,0,0,10,1,13.8176,9.29702,0
10.5,67,15,7,-139.938,5,-141.402,1,1,10,1,12.3134,7.79279,0
10.5,67,15,7,-139.938,2,-150.705,0,0,20,0,-999,-999,0
10.5,67,15,7,-139.938,3,-154.306,0,0,20,0,-999,-999,0
10.5,67,15,7,-139.938,4,-155.658,0,0,20,0,-999,-999,0
10.5,67,15,7,-139.938,1,-163.86,0,0,20,0,-999,-999,0
10.5,67,15,7,-139.938,6,-164.096,0,0,10,1,16.0211,11.5005,0
10.5,71,8,5,-135.72,1,-141.46,0,0,20,0,-999,-999,0
10.5,71,8,5,-135.72,7,-147.708,2,2,10,1,8.75391,4.23331,0
10.5,71,8,5,-135.72,3,-151.362,0,0,20,0,-999,-999,0
10.5,71,8,5,-135.72,4,-160.069,0,0,20,0,-999,-999,0
10.5,71,8,5,-135.72,2,-163.417,0,0,20,0,-999,-999,0
10.5,71,8,5,-135.72,6,-163.614,0,0,10,1,16.0211,11.5005,0
10.5,79,16,7,-136.751,5,-135.573,1,1,10,1,12.3134,7.79279,0
10.5,79,16,7,-136.751,4,-144.302,0,0,20,0,-999,-999,0
10.5,79,16,7,-136.751,2,-149.267,0,0,20,0,-999,-999,0
10.5,79,16,7,-136.751,3,-150.294,0,0,20,0,-999,-999,0
10.5,79,16,7,-136.751,1,-152.587,0,0,20,0,-999,-999,0
10.5,79,16,7,-136.751,6,-154.007,0,0,10,1,16.0211,11.5005,0
12.5,67,15,7,-121.577,2,-145.922,0,0,20,0,-999,-999,0
12.5,67,15,7,-121.577,5,-151.978,1,1,10,1,8.09567,3.57507,0
12.5,67,15,7,-121.577,4,-153.024,0,0,20,0,-999,-999,0
12.5,67,15,7,-121.577,3,-153.255,0,0,20,0,-999,-999,0
12.5,67,15,7,-121.577,6,-160.012,0,0,10,1,10.3325,5.81194,0
12.5,67,15,7,-121.577,1,-162.135,0,0,20,0,-999,-999,0
12.5,71,8,5,-105.379,7,-110.633,2,2,10,1,12.1521,7.63152,0
12.5,71,8,5,-105.379,1,-142.399,0,0,20,0,-999,-999,0
12.5,71,8,5,-105.379,4,-154.728,0,0,20,0,-999,-999,0
12.5,71,8,5,-105.379,3,-156.496,0,0,20,0,-999,-999,0
12.5,71,8,5,-105.379,2,-163.767,0,0,20,0,-999,-999,0
12.5,71,8,5,-105.379,6,-164.58,0,0,10,1,10.3325,5.81194,0
12.5,79,16,7,-135.416,2,-141.596,0,0,20,0,-999,-999,0
12.5,79,16,7,-135.416,4,-143.218,0,0,20,0,-999,-999,0
12.5,79,16,7,-135.416,5,-144.67,1,1,10,1,8.09567,3.57507,0
12.5,79,16,7,-135.416,3,-150.269,0,0,20,0,-999,-999,0
12.5,79,16,7,-135.416,6,-153.167,0,0,10,1,10.3325,5.81194,0
12.5,79,16,7,-135.416,1,-156.946,0,0,20,0,-999,-999,0
14.5,67,15,7,-136.183,5,-142.773,1,1,10,1,12.0673,7.54674,0
14.5,67,15,7,-136.183,2,-148.943,0,0,20,0,-999,-999,0
14.5,67,15,7,-136.183,3,-151.831,0,0,20,0,-999,-999,0
14.5,67,15,7,-136.183,4,-156.055,0,0,20,0,-999,-999,0
14.5,67,15,7,-136.183,1,-158.374,0,0,20,0,-999,-999,0
14.5,67,15,7,-136.183,6,-162.671,0,0,10,1,12.2025,7.68188,0
14.5,71,8,5,-138.757,7,-139.385,2,2,10,1,12.8419,8.32132,0
14.5,71,8,5,-138.757,1,-145.413,0,0,20,0,-999,-999,0
14.5,71,8,5,-138.757,4,-151.794,0,0,20,0,-999,-999,0
14.5,71,8,5,-138.757,3,-152.879,0,0,20,0,-999,-999,0
14.5,71,8,5,-138.757,2,-159.753,0,0,20,0,-999,-999,0
14.5,71,8,5,-138.757,6,-162.491,0,0,10,1,12.2025,7.68188,0
14.5,79,16,7,-133.998,5,-144.507,1,1,10,1,12.0673,7.54674,0
14.5,79,16,7,-133.998,2,-146.832,0,0,20,0,-999,-999,0
14.5,79,16,7,-133.998,4,-149.317,0,0,20,0,-999,-999,0
14.5,79,16,7,-133.998,3,-151.522,0,0,20,0,-999,-999,0
14.5,79,16,7,-133.998,1,-157.016,0,0,20,0,-999,-999,0
14.5,79,16,7,-133.998,6,-157.736,0,0,10,1,12.2025,7.68188,0
16.5,67,15,7,-135.568,2,-147.454,0,0,20,0,-999,-999,0
16.5,67,15,7,-135.568,5,-150.373,1,1,10,1,10.4382,5.91756,0
16.5,67,15,7,-135.568,3,-156.11,0,0,20,0,-999,-999,0
16.5,67,15,7,-135.568,4,-156.485,0,0,20,0,-999,-999,0
16.5,67,15,7,-135.568,1,-159.526,0,0,20,0,-999,-999,0
16.5,67,15,7,-135.568,6,-163.294,0,0,10,1,12.0929,7.57227,0
16.5,71,8,5,-140.163,1,-140.32,0,0,20,0,-999,-999,0
16.5,71,8,5,-140.163,7,-147.44,3,3,10,1,10.2238,5.70324,0
16.5,71,8,5,-140.163,4,-151.977,0,0,20,0,-999,-999,0
16.5,71,8,5,-140.163,3,-154.682,0,0,20,0,-999,-999,0
16.5,71,8,5,-140.163,2,-156.961,0,0,20,0,-999,-999,0
16.5,71,8,5,-140.163,6,-163.448,0,0,10,1,12.0929,7.57227,0
16.5,79,16,7,-132.17,4,-146.182,0,0,20,0,-999,-999,0
16.5,79,16,7,-132.17,2,-148.215,0,0,20,0,-999,-999,0
16.5,79,16,7,-132.17,3,-150.353,0,0,20,0,-999,-999,0
16.5,79,16,7,-132.17,1,-152.878,0,0,20,0,-999,-999,0
16.5,79,16,7,-132.17,6,-154.93,0,0,10,1,12.0929,7.57227,0
16.5,79,16,7,-132.17,5,-158.18,1,1,10,1,10.4382,5.91756,0
18.5,56,24,7,-108.509,5,-145.423,1,1,10,1,13.8017,9.28111,0
18.5,56,24,7,-108.509,2,-146.172,0,0,20,0,-999,-999,0
18.5,56,24,7,-108.509,3,-147.723,0,0,20,0,-999,-999,0
18.5,56,24,7,-108.509,4,-148.55,0,0,20,0,-999,-999,0
18.5,56,24,7,-108.509,6,-157.736,0,0,10,1,11.0068,6.48623,0
18.5,56,24,7,-108.509,1,-157.814,0,0,20,0,-999,-999,0
18.5,67,15,7,-120.035,5,-109.651,1,1,10,1,13.8017,9.28111,0
18.5,67,15,7,-120.035,2,-149.389,0,0,20,0,-999,-999,0
18.5,67,15,7,-120.035,4,-152.861,0,0,20,0,-999,-999,0
18.5,67,15,7,-120.035,3,-160.198,0,0,20,0,-999,-999,0
18.5,67,15,7,-120.035,1,-160.408,0,0,20,0,-999,-999,0
18.5,67,15,7,-120.035,6,-160.851,0,0,10,1,11.0068,6.48623,0
18.5,71,8,5,-132.044,7,-135.285,3,3,10,1,11.6051,7.08451,0
18.5,71,8,5,-132.044,1,-147.181,0,0,20,0,-999,-999,0
18.5,71,8,5,-132.044,4,-154.062,0,0,20,0,-999,-999,0
18.5,71,8,5,-132.044,3,-156.32,0,0,20,0,-999,-999,0
18.5,71,8,5,-132.044,2,-156.69,0,0,20,0,-999,-999,0
18.5,71,8,5,-132.044,6,-165.721,0,0,10,1,11.0068,6.48623,0
18.5,79,16,7,-132.394,4,-144.305,0,0,20,0,-999,-999,0
18.5,79,16,7,-132.394,2,-145.343,0,0,20,0,-999,-999,0
18.5,79,16,7,-132.394,3,-151.561,0,0,20,0,-999,-999,0
18.5,79,16,7,-132.394,5,-153.755,1,1,10,1,13.8017,9.28111,0
18.5,79,16,7,-132.394,1,-154.159,0,0,20,0,-999,-999,0
18.5,79,16,7,-132.394,6,-154.351,0,0,10,1,11.0068,6.48623,0
20.5,56,24,7,-123.874,2,-143.43,0,0,20,0,-999,-999,0
20.5,56,24,7,-123.874,5,-144.303,1,1,10,1,13.3753,8.85471,0
20.5,56,24,7,-123.874,4,-150.074,0,0,20,0,-999,-999,0
20.5,56,24,7,-123.874,3,-153.341,0,0,20,0,-999,-999,0
20.5,56,24,7,-123.874,1,-156.4,0,0,20,0,-999,-999,0
20.5,56,24,7,-123.874,6,-160.963,0,0,10,1,14.3871,9.86649,0
20.5,67,15,7,-128.413,2,-145.787,0,0,20,0,-999,-999,0
20.5,67,15,7,-128.413,5,-147.499,1,1,10,1,13.3753,8.85471,0
20.5,67,15,7,-128.413,3,-151.719,0,0,20,0,-999,-999,0
20.5,67,15,7,-128.413,4,-153.148,0,0,20,0,-999,-999,0
20.5,67,15,7,-128.413,6,-164.051,0,0,10,1,14.3871,9.86649,0
20.5,67,15,7,-128.413,1,-164.259,0,0,20,0,-999,-999,0
20.5,71,8,5,-137.916,1,-142.056,0,0,20,0,-999,-999,0
20.5,71,8,5,-137.916,7,-143.225,3,3,10,1,14.4428,9.92218,0
20.5,71,8,5,-137.916,3,-155.025,0,0,20,0,-999,-999,0
20.5,71,8,5,-137.916,4,-157.33,0,0,20,0,-999,-999,0
20.5,71,8,5,-137.916,2,-159.477,0,0,20,0,-999,-999,0
20.5,71,8,5,-137.916,6,-165.022,0,0,10,1,14.3871,9.86649,0
20.5,79,16,7,-103.024,4,-144.261,0,0,20,0,-999,-999,0
20.5,79,16,7,-103.024,2,-144.854,0,0,20,0,-999,-999,0
20.5,79,16,7,-103.024,5,-148.467,1,1,10,1,13.3753,8.85471,0
20.5,79,16,7,-103.024,3,-149.613,0,0,20,0,-999,-999,0
20.5,79,16,7,-103.024,6,-153.68,0,0,10,1,14.3871,9.86649,0
20.5,79,16,7,-103.024,1,-153.963,0,0,20,0,-999,-999,0
22.5,56,24,7,-131.213,5,-145.833,1,1,10,1,13.194,8.6734,0
22.5,56,24,7,-131.213,2,-146.654,0,0,20,0,-999,-999,0
22.5,56,24,7,-131.213,4,-151.455,0,0,20,0,-999,-999,0
22.5,56,24,7,-131.213,3,-154.163,0,0,20,0,-999,-999,0
22.5,56,24,7,-131.213,1,-156.187,0,0,20,0,-999,-999,0
22.5,56,24,7,-131.213,6,-159.104,0,0,10,1,14.024,9.50342,0
22.5,67,15,7,-97.5695,2,-148.169,0,0,20,0,-999,-999,0
22.5,67,15,7,-97.5695,5,-150.903,1,1,10,1,13.194,8.6734,0
22.5,67,15,7,-97.5695,3,-152.434,0,0,20,0,-999,-999,0
22.5,67,15,7,-97.5695,4,-154.034,0,0,20,0,-999,-999,0
22.5,67,15,7,-97.5695,6,-163.54,0,0,10,1,14.024,9.50342,0
22.5,67,15,7,-97.5695,1,-167.497,0,0,20,0,-999,-999,0
22.5,71,8,5,-110.935,1,-140.147,0,0,20,0,-999,-999,0
22.5,71,8,5,-110.935,3,-141.978,0,0,20,0,-999,-999,0
22.5,71,8,5,-110.935,7,-149.771,3,3,10,1,8.92789,4.40729,0
22.5,71,8,5,-110.935,4,-152.369,0,0,20,0,-999,-999,0
22.5,71,8,5,-110.935,2,-160.012,0,0,20,0,-999,-999,0
22.5,71,8,5,-110.935,6,-162.763,0,0,10,1,14.024,9.50342,0
22.5,79,16,7,-97.2025,4,-100.699,0,0,20,0,-999,-999,0
22.5,79,16,7,-97.2025,5,-139.708,1,1,10,1,13.194,8.6734,0
22.5,79,16,7,-97.2025,2,-143.863,0,0,20,0,-999,-999,0
22.5,79,16,7,-97.2025,3,-149.673,0,0,20,0,-999,-999,0
22.5,79,16,7,-97.2025,6,-155.376,0,0,10,1,14.024,9.50342,0
22.5,79,16,7,-97.2025,1,-156.152,0,0,20,0,-999,-999,0
24.5,56,24,7,-131.484,2,-114.004,0,0,20,0,-999,-999,0
24.5,56,24,7,-131.484,6,-130.849,1,1,10,1,12.9459,8.42532,0
24.5,56,24,7,-131.484,5,-146.947,1,1,10,1,13.784,9.26341,0
24.5,56,24,7,-131.484,4,-148.693,0,0,20,0,-999,-999,0
24.5,56,24,7,-131.484,3,-151.384,0,0,20,0,-999,-999,0
24.5,56,24,7,-131.484,1,-159.149,0,0,20,0,-999,-999,0
24.5,67,15,7,-138.17,6,-100.78,1,1,10,1,12.9459,8.42532,0
24.5,67,15,7,-138.17,5,-141.239,1,1,10,1,13.784,9.26341,0
24.5,67,15,7,-138.17,2,-149.545,0,0,20,0,-999,-999,0
24.5,67,15,7,-138.17,3,-151.945,0,0,20,0,-999,-999,0
24.5,67,15,7,-138.17,4,-156.525,0,0,20,0,-999,-999,0
24.5,67,15,7,-138.17,1,-164.33,0,0,20,0,-999,-999,0
24.5,71,8,5,-91.5431,7,-138.108,4,4,10,1,14.8921,10.3715,0
24.5,71,8,5,-91.5431,1,-141.629,0,0,20,0,-999,-999,0
24.5,71,8,5,-91.5431,6,-144.423,1,1,10,1,12.9459,8.42532,0
24.5,71,8,5,-91.5431,3,-149.251,0,0,20,0,-999,-999,0
24.5,71,8,5,-91.5431,4,-153.943,0,0,20,0,-999,-999,0
24.5,71,8,5,-91.5431,2,-158.952,0,0,20,0,-999,-999,0
24.5,79,16,7,-134.357,6,-135.478,1,1,10,1,12.9459,8.42532,0
24.5,79,16,7,-134.357,4,-145.487,0,0,20,0,-999,-999,0
24.5,79,16,7,-134.357,5,-147.511,1,1,10,1,13.784,9.26341,0
24.5,79,16,7,-134.357,2,-148.92,0,0,20,0,-999,-999,0
24.5,79,16,7,-134.357,3,-150.993,0,0,20,0,-999,-999,0
24.5,79,16,7,-134.357,1,-156.547,0,0,20,0,-999,-999,0
24.5,97,8,6,-134.472,7,-103.378,4,4,10,1,14.8921,10.3715,0
24.5,97,8,6,-134.472,4,-104.574,0,0,20,0,-999,-999,0
24.5,97,8,6,-134.472,2,-125.76,0,0,20,0,-999,-999,0
24.5,97,8,6,-134.472,3,-128.34,0,0,20,0,-999,-999,0
24.5,97,8,6,-134.472,5,-143.125,1,1,10,1,13.784,9.26341,0
24.5,97,8,6,-134.472,1,-148.412,0,0,20,0,-999,-999,0
26.5,33,32,7,-137.305,6,-136.71,1,1,10,1,12.7623,8.24169,0
26.5,33,32,7,-137.305,5,-149.226,1,1,10,1,11.7109,7.1903,0
26.5,33,32,7,-137.305,2,-150.583,0,0,20,0,-999,-999,0
26.5,33,32,7,-137.305,3,-157.443,0,0,20,0,-999,-999,0
26.5,33,32,7,-137.305,4,-160.28,0,0,20,0,-999,-999,0
26.5,33,32,7,-137.305,1,-167.568,0,0,20,0,-999,-999,0
26.5,56,24,7,-133.284,6,-100.898,1,1,10,1,12.7623,8.24169,0
26.5,56,24,7,-133.284,5,-123.976,1,1,10,1,11.7109,7.1903,0
26.5,56,24,7,-133.284,2,-148.33,0,0,20,0,-999,-999,0
26.5,56,24,7,-133.284,4,-150.978,0,0,20,0,-999,-999,0
26.5,56,24,7,-133.284,3,-153.43,0,0,20,0,-999,-999,0
26.5,56,24,7,-133.284,1,-155.886,0,0,20,0,-999,-999,0
26.5,67,15,7,-97.6889,2,-107.815,0,0,20,0,-999,-999,0
26.5,67,15,7,-97.6889,6,-123.896,1,1,10,1,12.7623,8.24169,0
26.5,67,15,7,-97.6889,5,-151.435,1,1,10,1,11.7109,7.1903,0
26.5,67,15,7,-97.6889,3,-152.87,0,0,20,0,-999,-999,0
26.5,67,15,7,-97.6889,4,-154.37,0,0,20,0,-999,-999,0
26.5,67,15,7,-97.6889,1,-161.474,0,0,20,0,-999,-999,0
26.5,71,8,5,-134.337,6,-126.378,1,1,10,1,12.7623,8.24169,0
26.5,71,8,5,-134.337,1,-135.684,0,0,20,0,-999,-999,0
26.5,71,8,5,-134.337,7,-145.337,4,4,10,1,13.5591,9.03848,0
26.5,71,8,5,-134.337,4,-150.962,0,0,20,0,-999,-999,0
26.5,71,8,5,-134.337,3,-152.745,0,0,20,0,-999,-999,0
26.5,71,8,5,-134.337,2,-157.757,0,0,20,0,-999,-999,0
26.5,79,16,7,-141.148,6,-141.833,1,1,10,1,12.7623,8.24169,0
26.5,79,16,7,-141.148,3,-146.141,0,0,20,0,-999,-999,0
26.5,79,16,7,-141.148,4,-147.257,0,0,20,0,-999,-999,0
26.5,79,16,7,-141.148,2,-148.354,0,0,20,0,-999,-999,0
26.5,79,16,7,-141.148,5,-152.186,1,1,10,1,11.7109,7.1903,0
26.5,79,16,7,-141.148,1,-160.652,0,0,20,0,-999,-999,0
26.5,97,8,6,-106.8,7,-123.681,4,4,10,1,13.5591,9.03848,0
26.5,97,8,6,-106.8,2,-126.599,0,0,20,0,-999,-999,0
26.5,97,8,6,-106.8,3,-127.539,0,0,20,0,-999,-999,0
26.5,97,8,6,-106.8,4,-133.87,0,0,20,0,-999,-999,0
26.5,97,8,6,-106.8,5,-142.038,1,1,10,1,11.7109,7.1903,0
26.5,97,8,6,-106.8,1,-145.804,0,0,20,0,-999,-999,0
28.5,33,32,7,-144.492,5,-127.376,1,1,10,1,10.2404,5.71983,0
28.5,33,32,7,-144.492,6,-141.05,1,1,10,1,13.1691,8.64848,0
28.5,33,32,7,-144.492,2,-152.696,0,0,20,0,-999,-999,0
28.5,33,32,7,-144.492,4,-156.986,0,0,20,0,-999,-999,0
28.5,33,32,7,-144.492,3,-162.208,0,0,20,0,-999,-999,0
28.5,33,32,7,-144.492,1,-166.61,0,0,20,0,-999,-999,0
28.5,56,24,7,-94.6989,6,-134.685,1,1,10,1,13.1691,8.64848,0
28.5,56,24,7,-94.6989,2,-149.514,0,0,20,0,-999,-999,0
28.5,56,24,7,-94.6989,5,-151.187,1,1,10,1,10.2404,5.71983,0
28.5,56,24,7,-94.6989,4,-152.996,0,0,20,0,-999,-999,0
28.5,56,24,7,-94.6989,3,-154.647,0,0,20,0,-999,-999,0
28.5,56,24,7,-94.6989,1,-160.466,0,0,20,0,-999,-999,0
28.5,67,15,7,-97.5653,6,-135.722,1,1,10,1,13.1691,8.64848,0
28.5,67,15,7,-97.5653,2,-150.514,0,0,20,0,-999,-999,0
28.5,67,15,7,-97.5653,4,-153.356,0,0,20,0,-999,-999,0
28.5,67,15,7,-97.5653,3,-154.135,0,0,20,0,-999,-999,0
28.5,67,15,7,-97.5653,5,-159.02,1,1,10,1,10.2404,5.71983,0
28.5,67,15,7,-97.5653,1,-159.832,0,0,20,0,-999,-999,0
28.5,71,8,5,-125.546,7,-124.183,5,5,10,1,12.1268,7.60622,0
28.5,71,8,5,-125.546,1,-141.775,0,0,20,0,-999,-999,0
28.5,71,8,5,-125.546,4,-150.019,0,0,20,0,-999,-999,0
28.5,71,8,5,-125.546,6,-150.843,1,1,10,1,13.1691,8.64848,0
28.5,71,8,5,-125.546,3,-152.769,0,0,20,0,-999,-999,0
28.5,71,8,5,-125.546,2,-155.631,0,0,20,0,-999,-999,0
28.5,79,16,7,-132.534,5,-133.793,1,1,10,1,10.2404,5.71983,0
28.5,79,16,7,-132.534,6,-137.525,1,1,10,1,13.1691,8.64848,0
28.5,79,16,7,-132.534,4,-148.951,0,0,20,0,-999,-999,0
28.5,79,16,7,-132.534,2,-149.294,0,0,20,0,-999,-999,0
28.5,79,16,7,-132.534,3,-153.542,0,0,20,0,-999,-999,0
28.5,79,16,7,-132.534,1,-154.788,0,0,20,0,-999,-999,0
28.5,97,8,6,-125.472,2,-125.781,0,0,20,0,-999,-999,0
28.5,97,8,6,-125.472,3,-127.405,0,0,20,0,-999,-999,0
28.5,97,8,6,-125.472,7,-130.099,5,5,10,1,12.1268,7.60622,0
28.5,97,8,6,-125.472,4,-133.506,0,0,20,0,-999,-999,0
28.5,97,8,6,-125.472,5,-142.37,1,1,10,1,10.2404,5.71983,0
28.5,97,8,6,-125.472,1,-147.227,0,0,20,0,-999,-999,0
30.5,14,40,7,-171.055,6,-148.1,1,1,10,1,13.4433,8.92267,0
30.5,14,40,7,-171.055,2,-160.684,0,0,20,0,-999,-999,0
30.5,14,40,7,-171.055,1,-163.738,0,0,20,0,-999,-999,0
30.5,14,40,7,-171.055,4,-164.984,0,0,20,0,-999,-999,0
30.5,14,40,7,-171.055,5,-166.613,2,2,10,1,15.3541,10.8335,0
30.5,14,40,7,-171.055,3,-169.069,0,0,20,0,-999,-999,0
30.5,33,32,7,-135.519,6,-103.852,1,1,10,1,13.4433,8.92267,0
30.5,33,32,7,-135.519,5,-111.654,2,2,10,1,15.3541,10.8335,0
30.5,33,32,7,-135.519,2,-154.498,0,0,20,0,-999,-999,0
30.5,33,32,7,-135.519,3,-159.203,0,0,20,0,-999,-999,0
30.5,33,32,7,-135.519,4,-162.168,0,0,20,0,-999,-999,0
30.5,33,32,7,-135.519,1,-165.113,0,0,20,0,-999,-999,0
30.5,56,24,7,-130.503,6,-101.04,1,1,10,1,13.4433,8.92267,0
30.5,56,24,7,-130.503,2,-143.633,0,0,20,0,-999,-999,0
30.5,56,24,7,-130.503,4,-149.819,0,0,20,0,-999,-999,0
30.5,56,24,7,-130.503,3,-152.891,0,0,20,0,-999,-999,0
30.5,56,24,7,-130.503,5,-153.748,2,2,10,1,15.3541,10.8335,0
30.5,56,24,7,-130.503,1,-157.849,0,0,20,0,-999,-999,0
30.5,67,15,7,-100.518,6,-145.1,1,1,10,1,13.4433,8.92267,0
30.5,67,15,7,-100.518,5,-145.511,2,2,10,1,15.3541,10.8335,0
30.5,67,15,7,-100.518,2,-145.962,0,0,20,0,-999,-999,0
30.5,67,15,7,-100.518,3,-155.3,0,0,20,0,-999,-999,0
30.5,67,15,7,-100.518,4,-155.387,0,0,20,0,-999,-999,0
30.5,67,15,7,-100.518,1,-159.548,0,0,20,0,-999,-999,0
30.5,71,8,5,-126.736,6,-117.292,1,1,10,1,13.4433,8.92267,0
30.5,71,8,5,-126.736,7,-123.103,6,6,10,1,9.21373,4.69313,0
30.5,71,8,5,-126.736,1,-140.83,0,0,20,0,-999,-999,0
30.5,71,8,5,-126.736,3,-152.822,0,0,20,0,-999,-999,0
30.5,71,8,5,-126.736,4,-158.392,0,0,20,0,-999,-999,0
30.5,71,8,5,-126.736,2,-165.505,0,0,20,0,-999,-999,0
30.5,79,16,7,-132.081,5,-122.54,2,2,10,1,15.3541,10.8335,0
30.5,79,16,7,-132.081,6,-134.084,1,1,10,1,13.4433,8.92267,0
30.5,79,16,7,-132.081,2,-146.477,0,0,20,0,-999,-999,0
30.5,79,16,7,-132.081,4,-150.062,0,0,20,0,-999,-999,0
30.5,79,16,7,-132.081,3,-151.208,0,0,20,0,-999,-999,0
30.5,79,16,7,-132.081,1,-153.743,0,0,20,0,-999,-999,0
30.5,83,48,7,-128.902,6,-135.15,1,1,10,1,13.4433,8.92267,0
30.5,83,48,7,-128.902,2,-140.73,0,0,20,0,-999,-999,0
30.5,83,48,7,-128.902,3,-146.424,0,0,20,0,-999,-999,0
30.5,83,48,7,-128.902,4,-148.145,0,0,20,0,-999,-999,0
30.5,83,48,7,-128.902,5,-154.737,2,2,10,1,15.3541,10.8335,0
30.5,83,48,7,-128.902,1,-158.431,0,0,20,0,-999,-999,0
30.5,97,8,6,-87.5096,2,-125.82,0,0,20,0,-999,-999,0
30.5,97,8,6,-87.5096,3,-126.251,0,0,20,0,-999,-999,0
30.5,97,8,6,-87.5096,7,-127.333,6,6,10,1,9.21373,4.69313,0
30.5,97,8,6,-87.5096,4,-130.257,0,0,20,0,-999,-999,0
30.5,97,8,6,-87.5096,1,-144.137,0,0,20,0,-999,-999,0
30.5,97,8,6,-87.5096,5,-151.689,2,2,10,1,15.3541,10.8335,0
32.5,14,40,7,-144.36,6,-154.309,1,1,10,1,10.3088,5.78815,0
32.5,14,40,7,-144.36,2,-155.96,0,0,20,0,-999,-999,0
32.5,14,40,7,-144.36,4,-166.041,0,0,20,0,-999,-999,0
32.5,14,40,7,-144.36,3,-168.081,0,0,20,0,-999,-999,0
32.5,14,40,7,-144.36,1,-172.567,0,0,20,0,-999,-999,0
32.5,14,40,7,-144.36,5,-174.639,2,2,10,1,12.3553,7.83469,0
32.5,29,16,5,-124.318,6,-143.133,1,1,10,1,10.3088,5.78815,0
32.5,29,16,5,-124.318,1,-143.189,0,0,20,0,-999,-999,0
32.5,29,16,5,-124.318,3,-149.293,0,0,20,0,-999,-999,0
32.5,29,16,5,-124.318,4,-153.094,0,0,20,0,-999,-999,0
32.5,29,16,5,-124.318,7,-155.816,6,6,10,1,12.2533,7.73271,0
32.5,29,16,5,-124.318,2,-156.378,0,0,20,0,-999,-999,0
32.5,33,32,7,-138.091,6,-120.03,1,1,10,1,10.3088,5.78815,0
32.5,33,32,7,-138.091,5,-152.913,2,2,10,1,12.3553,7.83469,0
32.5,33,32,7,-138.091,2,-154.083,0,0,20,0,-999,-999,0
32.5,33,32,7,-138.091,4,-158.253,0,0,20,0,-999,-999,0
32.5,33,32,7,-138.091,3,-158.938,0,0,20,0,-999,-999,0
32.5,33,32,7,-138.091,1,-163.935,0,0,20,0,-999,-999,0
32.5,56,24,7,-131.765,6,-139.392,1,1,10,1,10.3088,5.78815,0
32.5,56,24,7,-131.765,5,-143.476,2,2,10,1,12.3553,7.83469,0
32.5,56,24,7,-131.765,2,-144.516,0,0,20,0,-999,-999,0
32.5,56,24,7,-131.765,4,-152.516,0,0,20,0,-999,-999,0
32.5,56,24,7,-131.765,3,-153.675,0,0,20,0,-999,-999,0
32.5,56,24,7,-131.765,1,-156.575,0,0,20,0,-999,-999,0
32.5,67,15,7,-119.668,6,-136.133,1,1,10,1,10.3088,5.78815,0
32.5,67,15,7,-119.668,5,-146.889,2,2,10,1,12.3553,7.83469,0
32.5,67,15,7,-119.668,3,-150.738,0,0,20,0,-999,-999,0
32.5,67,15,7,-119.668,2,-150.807,0,0,20,0,-999,-999,0
32.5,67,15,7,-119.668,4,-159.707,0,0,20,0,-999,-999,0
32.5,67,15,7,-119.668,1,-164.056,0,0,20,0,-999,-999,0
32.5,71,8,5,-126.616,7,-130.992,6,6,10,1,12.2533,7.73271,0
32.5,71,8,5,-126.616,6,-132.028,1,1,10,1,10.3088,5.78815,0
32.5,71,8,5,-126.616,1,-143.126,0,0,20,0,-999,-999,0
32.5,71,8,5,-126.616,3,-157.696,0,0,20,0,-999,-999,0
32.5,71,8,5,-126.616,2,-158.565,0,0,20,0,-999,-999,0
32.5,71,8,5,-126.616,4,-159.952,0,0,20,0,-999,-999,0
32.5,79,16,7,-114.687,6,-111.214,1,1,10,1,10.3088,5.78815,0
32.5,79,16,7,-114.687,5,-121.777,2,2,10,1,12.3553,7.83469,0
32.5,79,16,7,-114.687,3,-146.907,0,0,20,0,-999,-999,0
32.5,79,16,7,-114.687,4,-146.989,0,0,20,0,-999,-999,0
32.5,79,16,7,-114.687,2,-152.888,0,0,20,0,-999,-999,0
32.5,79,16,7,-114.687,1,-158.512,0,0,20,0,-999,-999,0
32.5,83,48,7,-111.848,2,-136.988,0,0,20,0,-999,-999,0
32.5,83,48,7,-111.848,6,-139.552,1,1,10,1,10.3088,5.78815,0
32.5,83,48,7,-111.848,5,-143.669,2,2,10,1,12.3553,7.83469,0
32.5,83,48,7,-111.848,3,-147.319,0,0,20,0,-999,-999,0
32.5,83,48,7,-111.848,4,-153.244,0,0,20,0,-999,-999,0
32.5,83,48,7,-111.848,1,-156.275,0,0,20,0,-999,-999,0
32.5,97,8,6,-121.015,7,-108.499,6,6,10,1,12.2533,7.73271,0
32.5,97,8,6,-121.015,2,-126.716,0,0,20,0,-999,-999,0
32.5,97,8,6,-121.015,4,-129.191,0,0,20,0,-999,-999,0
32.5,97,8,6,-121.015,3,-131.235,0,0,20,0,-999,-999,0
32.5,97,8,6,-121.015,5,-138.777,2,2,10,1,12.3553,7.83469,0
32.5,97,8,6,-121.015,1,-146.846,0,0,20,0,-999,-999,0
34.5,14,40,7,-162.852,6,-149.786,1,1,10,1,11.6515,7.13089,0
34.5,14,40,7,-162.852,2,-156.213,0,0,20,0,-999,-999,0
34.5,14,40,7,-162.852,3,-166.087,0,0,20,0,-999,-999,0
34.5,14,40,7,-162.852,4,-167.044,0,0,20,0,-999,-999,0
34.5,14,40,7,-162.852,5,-167.418,2,2,10,1,14.0826,9.56199,0
34.5,14,40,7,-162.852,1,-169.361,0,0,20,0,-999,-999,0
34.5,29,16,5,-118.734,6,-141.78,1,1,10,1,11.6515,7.13089,0
34.5,29,16,5,-118.734,1,-143.017,0,0,20,0,-999,-999,0
34.5,29,16,5,-118.734,7,-148.987,6,6,10,1,12.8168,8.29624,0
34.5,29,16,5,-118.734,3,-150.396,0,0,20,0,-999,-999,0
34.5,29,16,5,-118.734,2,-151.351,0,0,20,0,-999,-999,0
34.5,29,16,5,-118.734,4,-152.495,0,0,20,0,-999,-999,0
34.5,33,32,7,-134.87,6,-116.831,1,1,10,1,11.6515,7.13089,0
34.5,33,32,7,-134.87,5,-146.018,2,2,10,1,14.0826,9.56199,0
34.5,33,32,7,-134.87,2,-153.868,0,0,20,0,-999,-999,0
34.5,33,32,7,-134.87,3,-158.417,0,0,20,0,-999,-999,0
34.5,33,32,7,-134.87,4,-159.54,0,0,20,0,-999,-999,0
34.5,33,32,7,-134.87,1,-164.036,0,0,20,0,-999,-999,0
34.5,56,24,7,-134.712,6,-134.936,1,1,10,1,11.6515,7.13089,0
34.5,56,24,7,-134.712,5,-136.662,2,2,10,1,14.0826,9.56199,0
34.5,56,24,7,-134.712,2,-148.4,0,0,20,0,-999,-999,0
34.5,56,24,7,-134.712,3,-151.88,0,0,20,0,-999,-999,0
34.5,56,24,7,-134.712,4,-154.568,0,0,20,0,-999,-999,0
34.5,56,24,7,-134.712,1,-161.241,0,0,20,0,-999,-999,0
34.5,67,15,7,-137.049,5,-125.573,2,2,10,1,14.0826,9.56199,0
34.5,67,15,7,-137.049,6,-142.472,1,1,10,1,11.6515,7.13089,0
34.5,67,15,7,-137.049,4,-151.106,0,0,20,0,-999,-999,0
34.5,67,15,7,-137.049,2,-151.562,0,0,20,0,-999,-999,0
34.5,67,15,7,-137.049,3,-158.121,0,0,20,0,-999,-999,0
34.5,67,15,7,-137.049,1,-163.556,0,0,20,0,-999,-999,0
34.5,71,8,5,-122.907,1,-129.963,0,0,20,0,-999,-999,0
34.5,71,8,5,-122.907,6,-145.159,1,1,10,1,11.6515,7.13089,0
34.5,71,8,5,-122.907,7,-150.635,6,6,10,1,12.8168,8.29624,0
34.5,71,8,5,-122.907,3,-156.153,0,0,20,0,-999,-999,0
34.5,71,8,5,-122.907,4,-157.195,0,0,20,0,-999,-999,0
34.5,71,8,5,-122.907,2,-161.933,0,0,20,0,-999,-999,0
34.5,79,16,7,-97.0073,6,-132.606,1,1,10,1,11.6515,7.13089,0
34.5,79,16,7,-97.0073,2,-147.663,0,0,20,0,-999,-999,0
34.5,79,16,7,-97.0073,4,-148.868,0,0,20,0,-999,-999,0
34.5,79,16,7,-97.0073,5,-152.604,2,2,10,1,14.0826,9.56199,0
34.5,79,16,7,-97.0073,3,-152.887,0,0,20,0,-999,-999,0
34.5,79,16,7,-97.0073,1,-156.174,0,0,20,0,-999,-999,0
34.5,83,48,7,-125.502,5,-114.926,2,2,10,1,14.0826,9.56199,0
34.5,83,48,7,-125.502,6,-117.78,1,1,10,1,11.6515,7.13089,0
34.5,83,48,7,-125.502,2,-139.623,0,0,20,0,-999,-999,0
34.5,83,48,7,-125.502,4,-148.249,0,0,20,0,-999,-999,0
34.5,83,48,7,-125.502,3,-155.573,0,0,20,0,-999,-999,0
34.5,83,48,7,-125.502,1,-156.717,0,0,20,0,-999,-999,0
34.5,97,8,6,-115.806,3,-124.482,0,0,20,0,-999,-999,0
34.5,97,8,6,-115.806,2,-124.811,0,0,20,0,-999,-999,0
34.5,97,8,6,-115.806,5,-125.138,2,2,10,1,14.0826,9.56199,0
34.5,97,8,6,-115.806,4,-127.1,0,0,20,0,-999,-999,0
34.5,97,8,6,-115.806,7,-128.391,6,6,10,1,12.8168,8.29624,0
34.5,97,8,6,-115.806,1,-147.076,0,0,20,0,-999,-999,0
36.5,14,40,7,-160.216,6,-113.408,1,1,10,1,10.9772,6.45658,0
36.5,14,40,7,-160.216,2,-158.594,0,0,20,0,-999,-999,0
36.5,14,40,7,-160.216,5,-163.759,2,2,10,1,13.3634,8.84284,0
36.5,14,40,7,-160.216,4,-167.707,0,0,20,0,-999,-999,0
36.5,14,40,7,-160.216,3,-168.505,0,0,20,0,-999,-999,0
36.5,14,40,7,-160.216,1,-172.262,0,0,20,0,-999,-999,0
36.5,29,16,5,-86.2823,6,-137.44,1,1,10,1,10.9772,6.45658,0
36.5,29,16,5,-86.2823,1,-142.948,0,0,20,0,-999,-999,0
36.5,29,16,5,-86.2823,4,-148.632,0,0,20,0,-999,-999,0
36.5,29,16,5,-86.2823,3,-150.521,0,0,20,0,-999,-999,0
36.5,29,16,5,-86.2823,7,-156.868,6,6,10,1,12.8113,8.29074,0
36.5,29,16,5,-86.2823,2,-159.217,0,0,20,0,-999,-999,0
36.5,33,32,7,-98.6604,6,-142,1,1,10,1,10.9772,6.45658,0
36.5,33,32,7,-98.6604,5,-146.802,2,2,10,1,13.3634,8.84284,0
36.5,33,32,7,-98.6604,2,-153.258,0,0,20,0,-999,-999,0
36.5,33,32,7,-98.6604,4,-158.806,0,0,20,0,-999,-999,0
36.5,33,32,7,-98.6604,3,-161.065,0,0,20,0,-999,-999,0
36.5,33,32,7,-98.6604,1,-163.525,0,0,20,0,-999,-999,0
36.5,56,24,7,-129.525,6,-141.843,1,1,10,1,10.9772,6.45658,0
36.5,56,24,7,-129.525,5,-148.742,2,2,10,1,13.3634,8.84284,0
36.5,56,24,7,-129.525,2,-149.972,0,0,20,0,-999,-999,0
36.5,56,24,7,-129.525,3,-154.873,0,0,20,0,-999,-999,0
36.5,56,24,7,-129.525,4,-155.662,0,0,20,0,-999,-999,0
36.5,56,24,7,-129.525,1,-157.035,0,0,20,0,-999,-999,0
36.5,67,15,7,-110.045,6,-134.354,1,1,10,1,10.9772,6.45658,0
36.5,67,15,7,-110.045,5,-139.843,2,2,10,1,13.3634,8.84284,0
36.5,67,15,7,-110.045,2,-149.916,0,0,20,0,-999,-999,0
36.5,67,15,7,-110.045,4,-152.889,0,0,20,0,-999,-999,0
36.5,67,15,7,-110.045,3,-153.442,0,0,20,0,-999,-999,0
36.5,67,15,7,-110.045,1,-161.389,0,0,20,0,-999,-999,0
36.5,71,8,5,-129.512,6,-148.646,1,1,10,1,10.9772,6.45658,0
36.5,71,8,5,-129.512,1,-148.736,0,0,20,0,-999,-999,0
36.5,71,8,5,-129.512,7,-152.558,6,6,10,1,12.8113,8.29074,0
36.5,71,8,5,-129.512,3,-156.879,0,0,20,0,-999,-999,0
36.5,71,8,5,-129.512,4,-160.111,0,0,20,0,-999,-999,0
36.5,71,8,5,-129.512,2,-162.562,0,0,20,0,-999,-999,0
36.5,79,16,7,-135.157,6,-98.2501,1,1,10,1,10.9772,6.45658,0
36.5,79,16,7,-135.157,4,-148.841,0,0,20,0,-999,-999,0
36.5,79,16,7,-135.157,5,-149.206,2,2,10,1,13.3634,8.84284,0
36.5,79,16,7,-135.157,2,-149.523,0,0,20,0,-999,-999,0
36.5,79,16,7,-135.157,3,-152.15,0,0,20,0,-999,-999,0
36.5,79,16,7,-135.157,1,-152.632,0,0,20,0,-999,-999,0
36.5,83,48,7,-140.603,6,-133.335,1,1,10,1,10.9772,6.45658,0
36.5,83,48,7,-140.603,2,-141.578,0,0,20,0,-999,-999,0
36.5,83,48,7,-140.603,3,-144.378,0,0,20,0,-999,-999,0
36.5,83,48,7,-140.603,4,-149.209,0,0,20,0,-999,-999,0
36.5,83,48,7,-140.603,5,-150.404,2,2,10,1,13.3634,8.84284,0
36.5,83,48,7,-140.603,1,-153.574,0,0,20,0,-999,-999,0
36.5,97,8,6,-127.733,7,-101.92,6,6,10,1,12.8113,8.29074,0
36.5,97,8,6,-127.733,5,-104.872,2,2,10,1,13.3634,8.84284,0
36.5,97,8,6,-127.733,3,-126.482,0,0,20,0,-999,-999,0
36.5,97,8,6,-127.733,4,-129.082,0,0,20,0,-999,-999,0
36.5,97,8,6,-127.733,2,-131.213,0,0,20,0,-999,-999,0
36.5,97,8,6,-127.733,1,-145.281,0,0,20,0,-999,-999,0
38.5,14,40,7,-164.136,6,-155.252,2,2,10,1,15.3868,11.0773,0
38.5,14,40,7,-164.136,2,-157.673,0,0,20,0,-999,-999,0
38.5,14,40,7,-164.136,3,-163.896,0,0,20,0,-999,-999,0
38.5,14,40,7,-164.136,5,-171.329,2,2,10,1,11.1207,6.60014,0
38.5,14,40,7,-164.136,4,-173.259,0,0,20,0,-999,-999,0
38.5,14,40,7,-164.136,1,-174.764,0,0,20,0,-999,-999,0
38.5,29,16,5,-127.656,6,-139.162,2,2,10,1,15.3868,11.0773,0
38.5,29,16,5,-127.656,7,-142.132,6,6,10,1,13.3275,8.80693,0
38.5,29,16,5,-127.656,1,-142.873,0,0,20,0,-999,-999,0
38.5,29,16,5,-127.656,4,-150.66,0,0,20,0,-999,-999,0
38.5,29,16,5,-127.656,3,-151.915,0,0,20,0,-999,-999,0
38.5,29,16,5,-127.656,2,-156.273,0,0,20,0,-999,-999,0
38.5,33,32,7,-138.101,6,-143.625,2,2,10,1,15.3868,11.0773,0
38.5,33,32,7,-138.101,5,-147.139,2,2,10,1,11.1207,6.60014,0
38.5,33,32,7,-138.101,2,-152.305,0,0,20,0,-999,-999,0
38.5,33,32,7,-138.101,3,-159.101,0,0,20,0,-999,-999,0
38.5,33,32,7,-138.101,4,-159.829,0,0,20,0,-999,-999,0
38.5,33,32,7,-138.101,1,-160.634,0,0,20,0,-999,-999,0
38.5,56,24,7,-129.4,6,-143.662,2,2,10,1,15.3868,11.0773,0
38.5,56,24,7,-129.4,5,-147.944,2,2,10,1,11.1207,6.60014,0
38.5,56,24,7,-129.4,2,-149.801,0,0,20,0,-999,-999,0
38.5,56,24,7,-129.4,4,-150.459,0,0,20,0,-999,-999,0
38.5,56,24,7,-129.4,3,-154.954,0,0,20,0,-999,-999,0
38.5,56,24,7,-129.4,1,-161.698,0,0,20,0,-999,-999,0
38.5,67,15,7,-138.56,6,-137.328,2,2,10,1,15.3868,11.0773,0
38.5,67,15,7,-138.56,5,-144.93,2,2,10,1,11.1207,6.60014,0
38.5,67,15,7,-138.56,2,-149.191,0,0,20,0,-999,-999,0
38.5,67,15,7,-138.56,3,-154.996,0,0,20,0,-999,-999,0
38.5,67,15,7,-138.56,4,-155.093,0,0,20,0,-999,-999,0
38.5,67,15,7,-138.56,1,-160.703,0,0,20,0,-999,-999,0
38.5,71,8,5,-139.544,6,-141.499,2,2,10,1,15.3868,11.0773,0
38.5,71,8,5,-139.544,1,-146.867,0,0,20,0,-999,-999,0
38.5,71,8,5,-139.544,7,-150.008,6,6,10,1,13.3275,8.80693,0
38.5,71,8,5,-139.544,4,-153.072,0,0,20,0,-999,-999,0
38.5,71,8,5,-139.544,3,-155.887,0,0,20,0,-999,-999,0
38.5,71,8,5,-139.544,2,-160.55,0,0,20,0,-999,-999,0
38.5,79,16,7,-131.697,5,-120.751,2,2,10,1,11.1207,6.60014,0
38.5,79,16,7,-131.697,6,-133.522,2,2,10,1,15.3868,11.0773,0
38.5,79,16,7,-131.697,4,-147.267,0,0,20,0,-999,-999,0
38.5,79,16,7,-131.697,2,-148.167,0,0,20,0,-999,-999,0
38.5,79,16,7,-131.697,3,-149.268,0,0,20,0,-999,-999,0
38.5,79,16,7,-131.697,1,-154.934,0,0,20,0,-999,-999,0
38.5,83,48,7,-101.241,6,-107.282,2,2,10,1,15.3868,11.0773,0
38.5,83,48,7,-101.241,2,-140.45,0,0,20,0,-999,-999,0
38.5,83,48,7,-101.241,5,-142.469,2,2,10,1,11.1207,6.60014,0
38.5,83,48,7,-101.241,3,-151.589,0,0,20,0,-999,-999,0
38.5,83,48,7,-101.241,4,-152.067,0,0,20,0,-999,-999,0
38.5,83,48,7,-101.241,1,-152.129,0,0,20,0,-999,-999,0
38.5,86,16,6,-131.046,5,-105.526,2,2,10,1,11.1207,6.60014,0
38.5,86,16,6,-131.046,7,-129.484,6,6,10,1,13.3275,8.80693,0
38.5,86,16,6,-131.046,2,-142.613,0,0,20,0,-999,-999,0
38.5,86,16,6,-131.046,4,-148.379,0,0,20,0,-999,-999,0
38.5,86,16,6,-131.046,3,-152.055,0,0,20,0,-999,-999,0
38.5,86,16,6,-131.046,1,-155.067,0,0,20,0,-999,-999,0
38.5,97,8,6,-130.027,7,-99.7726,6,6,10,1,13.3275,8.80693,7
38.5,97,8,6,-130.027,3,-127.068,0,0,20,0,-999,-999,7
38.5,97,8,6,-130.027,2,-129.583,0,0,20,0,-999,-999,7
38.5,97,8,6,-130.027,4,-136.494,0,0,20,0,-999,-999,7
38.5,97,8,6,-130.027,5,-138.521,2,2,10,1,11.1207,6.60014,7
38.5,97,8,6,-130.027,1,-150.078,0,0,20,0,-999,-999,7
40.5,14,40,7,-161.528,5,-155.176,2,2,10,1,11.517,6.99644,0
40.5,14,40,7,-161.528,3,-160.053,0,0,20,0,-999,-999,0
40.5,14,40,7,-161.528,6,-162.141,1,1,10,1,11.5321,7.01147,0
40.5,14,40,7,-161.528,2,-163.184,0,0,20,0,-999,-999,0
40.5,14,40,7,-161.528,4,-166.418,0,0,20,0,-999,-999,0
40.5,14,40,7,-161.528,1,-171.638,0,0,20,0,-999,-999,0
40.5,29,16,5,-130.763,6,-126.929,1,1,10,1,11.5321,7.01147,0
40.5,29,16,5,-130.763,1,-139.103,0,0,20,0,-999,-999,0
40.5,29,16,5,-130.763,7,-145.503,7,7,10,1,9.3334,4.8128,0
40.5,29,16,5,-130.763,4,-149.281,0,0,20,0,-999,-999,0
40.5,29,16,5,-130.763,3,-150.365,0,0,20,0,-999,-999,0
40.5,29,16,5,-130.763,2,-157.632,0,0,20,0,-999,-999,0
40.5,33,32,7,-143.405,6,-142.912,1,1,10,1,11.5321,7.01147,0
40.5,33,32,7,-143.405,5,-149.988,2,2,10,1,11.517,6.99644,0
40.5,33,32,7,-143.405,2,-152.256,0,0,20,0,-999,-999,0
40.5,33,32,7,-143.405,3,-158.305,0,0,20,0,-999,-999,0
40.5,33,32,7,-143.405,4,-159.445,0,0,20,0,-999,-999,0
40.5,33,32,7,-143.405,1,-164.152,0,0,20,0,-999,-999,0
40.5,56,24,7,-131.798,6,-120.02,1,1,10,1,11.5321,7.01147,0
40.5,56,24,7,-131.798,5,-138.464,2,2,10,1,11.517,6.99644,0
40.5,56,24,7,-131.798,2,-146.648,0,0,20,0,-999,-999,0
40.5,56,24,7,-131.798,4,-151.536,0,0,20,0,-999,-999,0
40.5,56,24,7,-131.798,3,-156.355,0,0,20,0,-999,-999,0
40.5,56,24,7,-131.798,1,-160.231,0,0,20,0,-999,-999,0
40.5,67,15,7,-138.303,6,-139.701,1,1,10,1,11.5321,7.01147,0
40.5,67,15,7,-138.303,5,-152.833,2,2,10,1,11.517,6.99644,0
40.5,67,15,7,-138.303,2,-154.423,0,0,20,0,-999,-999,0
40.5,67,15,7,-138.303,3,-156.179,0,0,20,0,-999,-999,0
40.5,67,15,7,-138.303,4,-156.514,0,0,20,0,-999,-999,0
40.5,67,15,7,-138.303,1,-157.411,0,0,20,0,-999,-999,0
40.5,71,8,5,-122.992,7,-118.105,7,7,10,1,9.3334,4.8128,0
40.5,71,8,5,-122.992,6,-140.577,1,1,10,1,11.5321,7.01147,0
40.5,71,8,5,-122.992,1,-143.468,0,0,20,0,-999,-999,0
40.5,71,8,5,-122.992,4,-156.412,0,0,20,0,-999,-999,0
40.5,71,8,5,-122.992,3,-160.286,0,0,20,0,-999,-999,0
40.5,71,8,5,-122.992,2,-162.796,0,0,20,0,-999,-999,0
40.5,79,16,7,-97.2946,5,-117.441,2,2,10,1,11.517,6.99644,0
40.5,79,16,7,-97.2946,6,-129.198,1,1,10,1,11.5321,7.01147,0
40.5,79,16,7,-97.2946,2,-147.319,0,0,20,0,-999,-999,0
40.5,79,16,7,-97.2946,4,-149.02,0,0,20,0,-999,-999,0
40.5,79,16,7,-97.2946,3,-151.766,0,0,20,0,-999,-999,0
40.5,79,16,7,-97.2946,1,-153.646,0,0,20,0,-999,-999,0
40.5,83,48,7,-132.533,6,-131.948,1,1,10,1,11.5321,7.01147,0
40.5,83,48,7,-132.533,2,-139.063,0,0,20,0,-999,-999,0
40.5,83,48,7,-132.533,5,-145.548,2,2,10,1,11.517,6.99644,0
40.5,83,48,7,-132.533,3,-147.91,0,0,20,0,-999,-999,0
40.5,83,48,7,-132.533,4,-148.979,0,0,20,0,-999,-999,0
40.5,83,48,7,-132.533,1,-152.902,0,0,20,0,-999,-999,0
40.5,86,16,6,-102.236,7,-133.165,7,7,10,1,9.3334,4.8128,0
40.5,86,16,6,-102.236,2,-146.417,0,0,20,0,-999,-999,0
40.5,86,16,6,-102.236,5,-147.927,2,2,10,1,11.517,6.99644,0
40.5,86,16,6,-102.236,3,-148.765,0,0,20,0,-999,-999,0
40.5,86,16,6,-102.236,4,-149.267,0,0,20,0,-999,-999,0
40.5,86,16,6,-102.236,1,-156.945,0,0,20,0,-999,-999,0
40.5,97,49,7,-94.5735,2,-96.9654,0,0,20,0,-999,-999,0
40.5,97,49,7,-94.5735,6,-122.43,1,1,10,1,11.5321,7.01147,0
40.5,97,49,7,-94.5735,3,-127.382,0,0,20,0,-999,-999,0
40.5,97,49,7,-94.5735,4,-132.102,0,0,20,0,-999,-999,0
40.5,97,49,7,-94.5735,5,-144.76,2,2,10,1,11.517,6.99644,0
40.5,97,49,7,-94.5735,1,-144.889,0,0,20,0,-999,-999,0
42.5,14,40,7,-131.928,6,-145.548,1,1,10,1,12.0334,7.51283,0
42.5,14,40,7,-131.928,3,-158.977,0,0,20,0,-999,-999,0
42.5,14,40,7,-131.928,4,-163.286,0,0,20,0,-999,-999,0
42.5,14,40,7,-131.928,2,-164.369,0,0,20,0,-999,-999,0
42.5,14,40,7,-131.928,5,-169.23,3,3,10,1,11.7231,7.20245,0
42.5,14,40,7,-131.928,1,-170.476,0,0,20,0,-999,-999,0
42.5,29,16,5,-116.216,7,-136.021,7,7,10,1,10.3082,5.78762,0
42.5,29,16,5,-116.216,1,-138.647,0,0,20,0,-999,-999,0
42.5,29,16,5,-116.216,4,-152.364,0,0,20,0,-999,-999,0
42.5,29,16,5,-116.216,3,-154.193,0,0,20,0,-999,-999,0
42.5,29,16,5,-116.216,2,-154.288,0,0,20,0,-999,-999,0
42.5,29,16,5,-116.216,6,-155.71,1,1,10,1,12.0334,7.51283,0
42.5,33,32,7,-105.02,6,-142.167,1,1,10,1,12.0334,7.51283,0
42.5,33,32,7,-105.02,5,-142.88,3,3,10,1,11.7231,7.20245,0
42.5,33,32,7,-105.02,2,-149.142,0,0,20,0,-999,-999,0
42.5,33,32,7,-105.02,4,-156.554,0,0,20,0,-999,-999,0
42.5,33,32,7,-105.02,3,-157.847,0,0,20,0,-999,-999,0
42.5,33,32,7,-105.02,1,-162.107,0,0,20,0,-999,-999,0
42.5,56,24,7,-128.689,6,-132.995,1,1,10,1,12.0334,7.51283,0
42.5,56,24,7,-128.689,2,-149.15,0,0,20,0,-999,-999,0
42.5,56,24,7,-128.689,5,-149.42,3,3,10,1,11.7231,7.20245,0
42.5,56,24,7,-128.689,3,-151.083,0,0,20,0,-999,-999,0
42.5,56,24,7,-128.689,4,-153.943,0,0,20,0,-999,-999,0
42.5,56,24,7,-128.689,1,-159.251,0,0,20,0,-999,-999,0
42.5,67,15,7,-126.327,6,-133.152,1,1,10,1,12.0334,7.51283,0
42.5,67,15,7,-126.327,5,-146.218,3,3,10,1,11.7231,7.20245,0
42.5,67,15,7,-126.327,2,-147.097,0,0,20,0,-999,-999,0
42.5,67,15,7,-126.327,3,-155.511,0,0,20,0,-999,-999,0
42.5,67,15,7,-126.327,4,-155.719,0,0,20,0,-999,-999,0
42.5,67,15,7,-126.327,1,-158.396,0,0,20,0,-999,-999,0
42.5,71,8,5,-126.304,1,-144.413,0,0,20,0,-999,-999,0
42.5,71,8,5,-126.304,7,-145.367,7,7,10,1,10.3082,5.78762,0
42.5,71,8,5,-126.304,6,-146.334,1,1,10,1,12.0334,7.51283,0
42.5,71,8,5,-126.304,4,-156.575,0,0,20,0,-999,-999,0
42.5,71,8,5,-126.304,3,-156.9,0,0,20,0,-999,-999,0
42.5,71,8,5,-126.304,2,-159.292,0,0,20,0,-999,-999,0
42.5,79,16,7,-104.266,5,-119.602,3,3,10,1,11.7231,7.20245,0
42.5,79,16,7,-104.266,6,-137.559,1,1,10,1,12.0334,7.51283,0
42.5,79,16,7,-104.266,4,-148.163,0,0,20,0,-999,-999,0
42.5,79,16,7,-104.266,2,-151.965,0,0,20,0,-999,-999,0
42.5,79,16,7,-104.266,3,-152.798,0,0,20,0,-999,-999,0
42.5,79,16,7,-104.266,1,-153.864,0,0,20,0,-999,-999,0
42.5,83,48,7,-128.704,6,-100.179,1,1,10,1,12.0334,7.51283,0
42.5,83,48,7,-128.704,3,-135.361,0,0,20,0,-999,-999,0
42.5,83,48,7,-128.704,5,-147.502,3,3,10,1,11.7231,7.20245,0
42.5,83,48,7,-128.704,2,-148.379,0,0,20,0,-999,-999,0
42.5,83,48,7,-128.704,4,-149.453,0,0,20,0,-999,-999,0
42.5,83,48,7,-128.704,1,-151.557,0,0,20,0,-999,-999,0
42.5,86,16,6,-130.248,2,-105.349,0,0,20,0,-999,-999,0
42.5,86,16,6,-130.248,7,-134.466,7,7,10,1,10.3082,5.78762,0
42.5,86,16,6,-130.248,3,-142.683,0,0,20,0,-999,-999,0
42.5,86,16,6,-130.248,5,-144.657,3,3,10,1,11.7231,7.20245,0
42.5,86,16,6,-130.248,4,-151.344,0,0,20,0,-999,-999,0
42.5,86,16,6,-130.248,1,-156.623,0,0,20,0,-999,-999,0
42.5,97,49,7,-129.713,5,-107.669,3,3,10,1,11.7231,7.20245,0
42.5,97,49,7,-129.713,6,-115.922,1,1,10,1,12.0334,7.51283,0
42.5,97,49,7,-129.713,3,-124.977,0,0,20,0,-999,-999,0
42.5,97,49,7,-129.713,2,-133.764,0,0,20,0,-999,-999,0
42.5,97,49,7,-129.713,4,-135.435,0,0,20,0,-999,-999,0
42.5,97,49,7,-129.713,1,-145.876,0,0,20,0,-999,-999,0
42.5,107,24,5,-133.343,6,-139.656,1,1,10,1,12.0334,7.51283,0
42.5,107,24,5,-133.343,7,-144.438,7,7,10,1,10.3082,5.78762,0
42.5,107,24,5,-133.343,1,-150.767,0,0,20,0,-999,-999,0
42.5,107,24,5,-133.343,3,-156.537,0,0,20,0,-999,-999,0
42.5,107,24,5,-133.343,2,-160.771,0,0,20,0,-999,-999,0
42.5,107,24,5,-133.343,4,-162.737,0,0,20,0,-999,-999,0
44.5,14,40,7,-166.458,6,-148.853,1,1,10,1,14.5593,10.0387,0
44.5,14,40,7,-166.458,3,-160.909,0,0,20,0,-999,-999,0
44.5,14,40,7,-166.458,5,-165.236,3,3,10,1,11.8326,7.31203,0
44.5,14,40,7,-166.458,4,-166.972,0,0,20,0,-999,-999,0
44.5,14,40,7,-166.458,2,-169.491,0,0,20,0,-999,-999,0
44.5,14,40,7,-166.458,1,-173.324,0,0,20,0,-999,-999,0
44.5,29,16,5,-85.8316,6,-132.431,1,1,10,1,14.5593,10.0387,0
44.5,29,16,5,-85.8316,1,-139.846,0,0,20,0,-999,-999,0
44.5,29,16,5,-85.8316,7,-143.633,7,7,10,1,12.4096,7.88896,0
44.5,29,16,5,-85.8316,4,-148.084,0,0,20,0,-999,-999,0
44.5,29,16,5,-85.8316,3,-149.608,0,0,20,0,-999,-999,0
44.5,29,16,5,-85.8316,2,-159.947,0,0,20,0,-999,-999,0
44.5,33,32,7,-118.096,5,-112.728,3,3,10,1,11.8326,7.31203,0
44.5,33,32,7,-118.096,6,-148.756,1,1,10,1,14.5593,10.0387,0
44.5,33,32,7,-118.096,2,-149.875,0,0,20,0,-999,-999,0
44.5,33,32,7,-118.096,3,-160.491,0,0,20,0,-999,-999,0
44.5,33,32,7,-118.096,4,-161.578,0,0,20,0,-999,-999,0
44.5,33,32,7,-118.096,1,-163.128,0,0,20,0,-999,-999,0
44.5,56,24,7,-128.916,6,-138.347,1,1,10,1,14.5593,10.0387,0
44.5,56,24,7,-128.916,2,-146.099,0,0,20,0,-999,-999,0
44.5,56,24,7,-128.916,3,-151.819,0,0,20,0,-999,-999,0
44.5,56,24,7,-128.916,4,-151.935,0,0,20,0,-999,-999,0
44.5,56,24,7,-128.916,5,-156.51,3,3,10,1,11.8326,7.31203,0
44.5,56,24,7,-128.916,1,-159.966,0,0,20,0,-999,-999,0
44.5,67,15,7,-116.748,6,-143.602,1,1,10,1,14.5593,10.0387,0
44.5,67,15,7,-116.748,2,-149.846,0,0,20,0,-999,-999,0
44.5,67,15,7,-116.748,5,-151.931,3,3,10,1,11.8326,7.31203,0
44.5,67,15,7,-116.748,4,-154.899,0,0,20,0,-999,-999,0
44.5,67,15,7,-116.748,3,-154.955,0,0,20,0,-999,-999,0
44.5,67,15,7,-116.748,1,-161.047,0,0,20,0,-999,-999,0
44.5,71,8,5,-130.103,1,-145.836,0,0,20,0,-999,-999,0
44.5,71,8,5,-130.103,7,-146.128,7,7,10,1,12.4096,7.88896,0
44.5,71,8,5,-130.103,6,-146.844,1,1,10,1,14.5593,10.0387,0
44.5,71,8,5,-130.103,4,-155.49,0,0,20,0,-999,-999,0
44.5,71,8,5,-130.103,3,-157.781,0,0,20,0,-999,-999,0
44.5,71,8,5,-130.103,2,-159.134,0,0,20,0,-999,-999,0
44.5,79,16,7,-131.869,6,-134.344,1,1,10,1,14.5593,10.0387,0
44.5,79,16,7,-131.869,2,-149.448,0,0,20,0,-999,-999,0
44.5,79,16,7,-131.869,3,-149.582,0,0,20,0,-999,-999,0
44.5,79,16,7,-131.869,4,-151.292,0,0,20,0,-999,-999,0
44.5,79,16,7,-131.869,5,-155.085,3,3,10,1,11.8326,7.31203,0
44.5,79,16,7,-131.869,1,-155.395,0,0,20,0,-999,-999,0
44.5,83,48,7,-109.827,6,-131.504,1,1,10,1,14.5593,10.0387,0
44.5,83,48,7,-109.827,2,-140.105,0,0,20,0,-999,-999,0
44.5,83,48,7,-109.827,5,-147.127,3,3,10,1,11.8326,7.31203,0
44.5,83,48,7,-109.827,4,-148.751,0,0,20,0,-999,-999,0
44.5,83,48,7,-109.827,3,-153.123,0,0,20,0,-999,-999,0
44.5,83,48,7,-109.827,1,-154.104,0,0,20,0,-999,-999,0
44.5,86,16,6,-139.107,7,-133.879,7,7,10,1,12.4096,7.88896,0
44.5,86,16,6,-139.107,2,-142.37,0,0,20,0,-999,-999,0
44.5,86,16,6,-139.107,5,-144.046,3,3,10,1,11.8326,7.31203,0
44.5,86,16,6,-139.107,3,-148.091,0,0,20,0,-999,-999,0
44.5,86,16,6,-139.107,4,-150.662,0,0,20,0,-999,-999,0
44.5,86,16,6,-139.107,1,-153.441,0,0,20,0,-999,-999,0
44.5,97,49,7,-132.438,6,-83.7783,1,1,10,1,14.5593,10.0387,0
44.5,97,49,7,-132.438,5,-102.052,3,3,10,1,11.8326,7.31203,0
44.5,97,49,7,-132.438,3,-121.915,0,0,20,0,-999,-999,0
44.5,97,49,7,-132.438,2,-124.964,0,0,20,0,-999,-999,0
44.5,97,49,7,-132.438,4,-131.04,0,0,20,0,-999,-999,0
44.5,97,49,7,-132.438,1,-147.473,0,0,20,0,-999,-999,0
44.5,107,24,5,-136.139,6,-144.291,1,1,10,1,14.5593,10.0387,0
44.5,107,24,5,-136.139,7,-146.526,7,7,10,1,12.4096,7.88896,0
44.5,107,24,5,-136.139,1,-149.184,0,0,20,0,-999,-999,0
44.5,107,24,5,-136.139,2,-161.319,0,0,20,0,-999,-999,0
44.5,107,24,5,-136.139,3,-161.41,0,0,20,0,-999,-999,0
44.5,107,24,5,-136.139,4,-162.533,0,0,20,0,-999,-999,0
46.5,14,40,7,-166.867,6,-143.306,1,1,10,1,15.0525,10.5319,0
46.5,14,40,7,-166.867,5,-152.513,3,3,10,1,12.7896,8.26901,0
46.5,14,40,7,-166.867,2,-161.525,0,0,20,0,-999,-999,0
46.5,14,40,7,-166.867,4,-165.559,0,0,20,0,-999,-999,0
46.5,14,40,7,-166.867,3,-169.559,0,0,20,0,-999,-999,0
46.5,14,40,7,-166.867,1,-173.896,0,0,20,0,-999,-999,0
46.5,29,16,5,-117.618,6,-135.487,1,1,10,1,15.0525,10.5319,0
46.5,29,16,5,-117.618,1,-139.499,0,0,20,0,-999,-999,0
46.5,29,16,5,-117.618,7,-146.36,7,7,10,1,15.8483,11.3277,0
46.5,29,16,5,-117.618,4,-147.819,0,0,20,0,-999,-999,0
46.5,29,16,5,-117.618,3,-147.891,0,0,20,0,-999,-999,0
46.5,29,16,5,-117.618,2,-157.679,0,0,20,0,-999,-999,0
46.5,33,32,7,-135.573,5,-112.2,3,3,10,1,12.7896,8.26901,0
46.5,33,32,7,-135.573,6,-151.633,1,1,10,1,15.0525,10.5319,0
46.5,33,32,7,-135.573,2,-151.978,0,0,20,0,-999,-999,0
46.5,33,32,7,-135.573,4,-158.886,0,0,20,0,-999,-999,0
46.5,33,32,7,-135.573,1,-161.28,0,0,20,0,-999,-999,0
46.5,33,32,7,-135.573,3,-166.991,0,0,20,0,-999,-999,0
46.5,56,24,7,-137.691,6,-102.13,1,1,10,1,15.0525,10.5319,0
46.5,56,24,7,-137.691,5,-149.796,3,3,10,1,12.7896,8.26901,0
46.5,56,24,7,-137.691,2,-149.799,0,0,20,0,-999,-999,0
46.5,56,24,7,-137.691,4,-149.946,0,0,20,0,-999,-999,0
46.5,56,24,7,-137.691,3,-152.145,0,0,20,0,-999,-999,0
46.5,56,24,7,-137.691,1,-158.578,0,0,20,0,-999,-999,0
46.5,67,15,7,-136.365,6,-121.552,1,1,10,1,15.0525,10.5319,0
46.5,67,15,7,-136.365,5,-133.972,3,3,10,1,12.7896,8.26901,0
46.5,67,15,7,-136.365,2,-147.426,0,0,20,0,-999,-999,0
46.5,67,15,7,-136.365,3,-153.651,0,0,20,0,-999,-999,0
46.5,67,15,7,-136.365,4,-155.58,0,0,20,0,-999,-999,0
46.5,67,15,7,-136.365,1,-164.268,0,0,20,0,-999,-999,0
46.5,71,8,5,-132.468,1,-142.524,0,0,20,0,-999,-999,0
46.5,71,8,5,-132.468,6,-147.309,1,1,10,1,15.0525,10.5319,0
46.5,71,8,5,-132.468,7,-154.253,7,7,10,1,15.8483,11.3277,0
46.5,71,8,5,-132.468,3,-155.498,0,0,20,0,-999,-999,0
46.5,71,8,5,-132.468,4,-158.84,0,0,20,0,-999,-999,0
46.5,71,8,5,-132.468,2,-162.38,0,0,20,0,-999,-999,0
46.5,79,16,7,-133.555,6,-131.812,1,1,10,1,15.0525,10.5319,0
46.5,79,16,7,-133.555,5,-135.323,3,3,10,1,12.7896,8.26901,0
46.5,79,16,7,-133.555,4,-148.09,0,0,20,0,-999,-999,0
46.5,79,16,7,-133.555,3,-148.255,0,0,20,0,-999,-999,0
46.5,79,16,7,-133.555,2,-151.285,0,0,20,0,-999,-999,0
46.5,79,16,7,-133.555,1,-157.217,0,0,20,0,-999,-999,0
46.5,83,48,7,-126.865,6,-119.062,1,1,10,1,15.0525,10.5319,0
46.5,83,48,7,-126.865,5,-144.361,3,3,10,1,12.7896,8.26901,0
46.5,83,48,7,-126.865,2,-146.476,0,0,20,0,-999,-999,0
46.5,83,48,7,-126.865,3,-150.172,0,0,20,0,-999,-999,0
46.5,83,48,7,-126.865,1,-151.232,0,0,20,0,-999,-999,0
46.5,83,48,7,-126.865,4,-155.109,0,0,20,0,-999,-999,0
46.5,86,16,6,-118.797,7,-97.711,7,7,10,1,15.8483,11.3277,0
46.5,86,16,6,-118.797,5,-124.935,3,3,10,1,12.7896,8.26901,0
46.5,86,16,6,-118.797,2,-145.976,0,0,20,0,-999,-999,0
46.5,86,16,6,-118.797,3,-151.056,0,0,20,0,-999,-999,0
46.5,86,16,6,-118.797,4,-151.254,0,0,20,0,-999,-999,0
46.5,86,16,6,-118.797,1,-152.554,0,0,20,0,-999,-999,0
46.5,97,49,7,-91.0179,6,-103.795,1,1,10,1,15.0525,10.5319,0
46.5,97,49,7,-91.0179,3,-126.638,0,0,20,0,-999,-999,0
46.5,97,49,7,-91.0179,2,-130.775,0,0,20,0,-999,-999,0
46.5,97,49,7,-91.0179,4,-132.992,0,0,20,0,-999,-999,0
46.5,97,49,7,-91.0179,5,-141.241,3,3,10,1,12.7896,8.26901,0
46.5,97,49,7,-91.0179,1,-149.758,0,0,20,0,-999,-999,0
46.5,107,24,5,-139.694,7,-145.795,7,7,10,1,15.8483,11.3277,0
46.5,107,24,5,-139.694,6,-148.427,1,1,10,1,15.0525,10.5319,0
46.5,107,24,5,-139.694,1,-150.894,0,0,20,0,-999,-999,0
46.5,107,24,5,-139.694,4,-156.845,0,0,20,0,-999,-999,0
46.5,107,24,5,-139.694,3,-159.714,0,0,20,0,-999,-999,0
46.5,107,24,5,-139.694,2,-159.762,0,0,20,0,-999,-999,0
48.5,14,40,7,-172.186,6,-150.159,1,1,10,1,12.261,7.74037,0
48.5,14,40,7,-172.186,2,-162.238,0,0,20,0,-999,-999,0
48.5,14,40,7,-172.186,3,-169.278,0,0,20,0,-999,-999,0
48.5,14,40,7,-172.186,4,-170.627,0,0,20,0,-999,-999,0
48.5,14,40,7,-172.186,1,-171.375,0,0,20,0,-999,-999,0
48.5,14,40,7,-172.186,5,-177.848,3,3,10,1,11.5556,7.03504,0
48.5,29,16,5,-86.1418,7,-132.605,8,8,10,1,11.3725,6.85192,0
48.5,29,16,5,-86.1418,1,-139.164,0,0,20,0,-999,-999,0
48.5,29,16,5,-86.1418,6,-144.037,1,1,10,1,12.261,7.74037,0
48.5,29,16,5,-86.1418,3,-150.027,0,0,20,0,-999,-999,0
48.5,29,16,5,-86.1418,4,-154.98,0,0,20,0,-999,-999,0
48.5,29,16,5,-86.1418,2,-155.632,0,0,20,0,-999,-999,0
48.5,33,32,7,-138.288,5,-150.202,3,3,10,1,11.5556,7.03504,0
48.5,33,32,7,-138.288,2,-150.778,0,0,20,0,-999,-999,0
48.5,33,32,7,-138.288,6,-151.405,1,1,10,1,12.261,7.74037,0
48.5,33,32,7,-138.288,4,-156.644,0,0,20,0,-999,-999,0
48.5,33,32,7,-138.288,1,-162.894,0,0,20,0,-999,-999,0
48.5,33,32,7,-138.288,3,-163.324,0,0,20,0,-999,-999,0
48.5,56,24,7,-110.511,5,-117.642,3,3,10,1,11.5556,7.03504,0
48.5,56,24,7,-110.511,6,-133.184,1,1,10,1,12.261,7.74037,0
48.5,56,24,7,-110.511,2,-150.773,0,0,20,0,-999,-999,0
48.5,56,24,7,-110.511,4,-152.911,0,0,20,0,-999,-999,0
48.5,56,24,7,-110.511,1,-155.629,0,0,20,0,-999,-999,0
48.5,56,24,7,-110.511,3,-156.652,0,0,20,0,-999,-999,0
48.5,67,15,7,-110.47,6,-139.289,1,1,10,1,12.261,7.74037,0
48.5,67,15,7,-110.47,2,-144.401,0,0,20,0,-999,-999,0
48.5,67,15,7,-110.47,5,-147.497,3,3,10,1,11.5556,7.03504,0
48.5,67,15,7,-110.47,4,-153.139,0,0,20,0,-999,-999,0
48.5,67,15,7,-110.47,3,-154.524,0,0,20,0,-999,-999,0
48.5,67,15,7,-110.47,1,-168.71,0,0,20,0,-999,-999,0
48.5,71,8,5,-126.112,7,-131.445,8,8,10,1,11.3725,6.85192,0
48.5,71,8,5,-126.112,1,-144.46,0,0,20,0,-999,-999,0
48.5,71,8,5,-126.112,6,-147.751,1,1,10,1,12.261,7.74037,0
48.5,71,8,5,-126.112,3,-153.937,0,0,20,0,-999,-999,0
48.5,71,8,5,-126.112,4,-159.081,0,0,20,0,-999,-999,0
48.5,71,8,5,-126.112,2,-161.038,0,0,20,0,-999,-999,0
48.5,79,16,7,-132.327,6,-101.772,1,1,10,1,12.261,7.74037,0
48.5,79,16,7,-132.327,5,-122.484,3,3,10,1,11.5556,7.03504,0
48.5,79,16,7,-132.327,4,-145.742,0,0,20,0,-999,-999,0
48.5,79,16,7,-132.327,2,-146.145,0,0,20,0,-999,-999,0
48.5,79,16,7,-132.327,3,-153.794,0,0,20,0,-999,-999,0
48.5,79,16,7,-132.327,1,-159.154,0,0,20,0,-999,-999,0
48.5,83,48,7,-133.065,6,-135.937,1,1,10,1,12.261,7.74037,0
48.5,83,48,7,-133.065,5,-142.313,3,3,10,1,11.5556,7.03504,0
48.5,83,48,7,-133.065,3,-145.561,0,0,20,0,-999,-999,0
48.5,83,48,7,-133.065,2,-145.92,0,0,20,0,-999,-999,0
48.5,83,48,7,-133.065,1,-152.865,0,0,20,0,-999,-999,0
48.5,83,48,7,-133.065,4,-152.957,0,0,20,0,-999,-999,0
48.5,86,16,6,-142.471,7,-137.634,8,8,10,1,11.3725,6.85192,0
48.5,86,16,6,-142.471,2,-143.341,0,0,20,0,-999,-999,0
48.5,86,16,6,-142.471,5,-144.507,3,3,10,1,11.5556,7.03504,0
48.5,86,16,6,-142.471,3,-148.119,0,0,20,0,-999,-999,0
48.5,86,16,6,-142.471,4,-149.955,0,0,20,0,-999,-999,0
48.5,86,16,6,-142.471,1,-153.512,0,0,20,0,-999,-999,0
48.5,97,49,7,-128.879,6,-121.162,1,1,10,1,12.261,7.74037,0
48.5,97,49,7,-128.879,3,-128.94,0,0,20,0,-999,-999,0
48.5,97,49,7,-128.879,2,-130.347,0,0,20,0,-999,-999,0
48.5,97,49,7,-128.879,4,-133.875,0,0,20,0,-999,-999,0
48.5,97,49,7,-128.879,5,-145.166,3,3,10,1,11.5556,7.03504,0
48.5,97,49,7,-128.879,1,-152.125,0,0,20,0,-999,-999,0
48.5,107,24,5,-102.41,6,-144.255,1,1,10,1,12.261,7.74037,0
48.5,107,24,5,-102.41,7,-149.821,8,8,10,1,11.3725,6.85192,0
48.5,107,24,5,-102.41,1,-156.944,0,0,20,0,-999,-999,0
48.5,107,24,5,-102.41,3,-157.663,0,0,20,0,-999,-999,0
48.5,107,24,5,-102.41,4,-159.488,0,0,20,0,-999,-999,0
48.5,107,24,5,-102.41,2,-169.578,0,0,20,0,-999,-999,0
50.5,14,40,7,-170.521,5,-137.147,3,3,10,1,13.6367,9.11609,0
50.5,14,40,7,-170.521,6,-144.332,1,1,10,1,13.9328,9.41218,0
50.5,14,40,7,-170.521,3,-168.182,0,0,20,0,-999,-999,0
50.5,14,40,7,-170.521,4,-168.769,0,0,20,0,-999,-999,0
50.5,14,40,7,-170.521,2,-169.065,0,0,20,0,-999,-999,0
50.5,14,40,7,-170.521,1,-172.059,0,0,20,0,-999,-999,0
50.5,29,16,5,-127.295,1,-137.926,0,0,20,0,-999,-999,0
50.5,29,16,5,-127.295,6,-148.337,1,1,10,1,13.9328,9.41218,0
50.5,29,16,5,-127.295,3,-149.189,0,0,20,0,-999,-999,0
50.5,29,16,5,-127.295,7,-149.928,8,8,10,1,11.0351,6.51447,0
50.5,29,16,5,-127.295,4,-152.008,0,0,20,0,-999,-999,0
50.5,29,16,5,-127.295,2,-156.393,0,0,20,0,-999,-999,0
50.5,33,32,7,-132.049,6,-138.991,1,1,10,1,13.9328,9.41218,0
50.5,33,32,7,-132.049,5,-144.623,3,3,10,1,13.6367,9.11609,0
50.5,33,32,7,-132.049,2,-148.754,0,0,20,0,-999,-999,0
50.5,33,32,7,-132.049,3,-156.61,0,0,20,0,-999,-999,0
50.5,33,32,7,-132.049,4,-162.277,0,0,20,0,-999,-999,0
50.5,33,32,7,-132.049,1,-163.62,0,0,20,0,-999,-999,0
50.5,42,57,7,-137.844,6,-99.9439,1,1,10,1,13.9328,9.41218,0
50.5,42,57,7,-137.844,2,-145.922,0,0,20,0,-999,-999,0
50.5,42,57,7,-137.844,3,-151.443,0,0,20,0,-999,-999,0
50.5,42,57,7,-137.844,4,-155.315,0,0,20,0,-999,-999,0
50.5,42,57,7,-137.844,1,-155.922,0,0,20,0,-999,-999,0
50.5,42,57,7,-137.844,5,-164.838,3,3,10,1,13.6367,9.11609,0
50.5,56,24,7,-129.062,6,-136.412,1,1,10,1,13.9328,9.41218,0
50.5,56,24,7,-129.062,5,-148.54,3,3,10,1,13.6367,9.11609,0
50.5,56,24,7,-129.062,2,-149.439,0,0,20,0,-999,-999,0
50.5,56,24,7,-129.062,4,-153.388,0,0,20,0,-999,-999,0
50.5,56,24,7,-129.062,3,-154.47,0,0,20,0,-999,-999,0
50.5,56,24,7,-129.062,1,-156.527,0,0,20,0,-999,-999,0
50.5,67,15,7,-137.547,6,-107.797,1,1,10,1,13.9328,9.41218,0
50.5,67,15,7,-137.547,5,-115.905,3,3,10,1,13.6367,9.11609,0
50.5,67,15,7,-137.547,2,-150.95,0,0,20,0,-999,-999,0
50.5,67,15,7,-137.547,4,-154.855,0,0,20,0,-999,-999,0
50.5,67,15,7,-137.547,3,-155.047,0,0,20,0,-999,-999,0
50.5,67,15,7,-137.547,1,-160.512,0,0,20,0,-999,-999,0
50.5,71,8,5,-120.277,1,-140.541,0,0,20,0,-999,-999,0
50.5,71,8,5,-120.277,6,-143.627,1,1,10,1,13.9328,9.41218,0
50.5,71,8,5,-120.277,7,-147.688,8,8,10,1,11.0351,6.51447,0
50.5,71,8,5,-120.277,3,-153.232,0,0,20,0,-999,-999,0
50.5,71,8,5,-120.277,4,-153.895,0,0,20,0,-999,-999,0
50.5,71,8,5,-120.277,2,-158.819,0,0,20,0,-999,-999,0
50.5,79,16,7,-133.607,6,-132.125,1,1,10,1,13.9328,9.41218,0
50.5,79,16,7,-133.607,2,-147.047,0,0,20,0,-999,-999,0
50.5,79,16,7,-133.607,3,-149.608,0,0,20,0,-999,-999,0
50.5,79,16,7,-133.607,5,-151.448,3,3,10,1,13.6367,9.11609,0
50.5,79,16,7,-133.607,4,-151.664,0,0,20,0,-999,-999,0
50.5,79,16,7,-133.607,1,-158.746,0,0,20,0,-999,-999,0
50.5,83,48,7,-121.368,6,-134.662,1,1,10,1,13.9328,9.41218,0
50.5,83,48,7,-121.368,2,-142.045,0,0,20,0,-999,-999,0
50.5,83,48,7,-121.368,5,-144.273,3,3,10,1,13.6367,9.11609,0
50.5,83,48,7,-121.368,4,-147.359,0,0,20,0,-999,-999,0
50.5,83,48,7,-121.368,3,-149.771,0,0,20,0,-999,-999,0
50.5,83,48,7,-121.368,1,-154.257,0,0,20,0,-999,-999,0
50.5,86,16,6,-130.491,7,-131.748,8,8,10,1,11.0351,6.51447,0
50.5,86,16,6,-130.491,2,-144.511,0,0,20,0,-999,-999,0
50.5,86,16,6,-130.491,4,-148.291,0,0,20,0,-999,-999,0
50.5,86,16,6,-130.491,3,-149.579,0,0,20,0,-999,-999,0
50.5,86,16,6,-130.491,5,-150.276,3,3,10,1,13.6367,9.11609,0
50.5,86,16,6,-130.491,1,-153.468,0,0,20,0,-999,-999,0
50.5,97,49,7,-132.83,6,-121.158,1,1,10,1,13.9328,9.41218,0
50.5,97,49,7,-132.83,2,-131.749,0,0,20,0,-999,-999,0
50.5,97,49,7,-132.83,3,-132.867,0,0,20,0,-999,-999,0
50.5,97,49,7,-132.83,5,-136.356,3,3,10,1,13.6367,9.11609,0
50.5,97,49,7,-132.83,4,-141.121,0,0,20,0,-999,-999,0
50.5,97,49,7,-132.83,1,-149.693,0,0,20,0,-999,-999,0
50.5,107,24,5,-134.407,7,-147.751,8,8,10,1,11.0351,6.51447,0
50.5,107,24,5,-134.407,6,-151.669,1,1,10,1,13.9328,9.41218,0
50.5,107,24,5,-134.407,1,-155.699,0,0,20,0,-999,-999,0
50.5,107,24,5,-134.407,3,-157.936,0,0,20,0,-999,-999,0
50.5,107,24,5,-134.407,4,-158.636,0,0,20,0,-999,-999,0
50.5,107,24,5,-134.407,2,-164.812,0,0,20,0,-999,-999,0
52.5,14,40,7,-175.885,6,-150.718,1,1,10,1,8.70174,4.18114,0
52.5,14,40,7,-175.885,2,-164.699,0,0,20,0,-999,-999,0
52.5,14,40,7,-175.885,4,-168.291,0,0,20,0,-999,-999,0
52.5,14,40,7,-175.885,3,-169.663,0,0,20,0,-999,-999,0
52.5,14,40,7,-175.885,1,-170.232,0,0,20,0,-999,-999,0
52.5,14,40,7,-175.885,5,-183.704,3,3,10,1,10.3765,5.85595,0
52.5,29,16,5,-105.082,6,-120.859,1,1,10,1,8.70174,4.18114,0
52.5,29,16,5,-105.082,1,-141.099,0,0,20,0,-999,-999,0
52.5,29,16,5,-105.082,3,-147.031,0,0,20,0,-999,-999,0
52.5,29,16,5,-105.082,4,-149.962,0,0,20,0,-999,-999,0
52.5,29,16,5,-105.082,7,-151.058,8,8,10,1,12.9575,8.43691,0
52.5,29,16,5,-105.082,2,-156.095,0,0,20,0,-999,-999,0
52.5,33,32,7,-130.92,6,-124.929,1,1,10,1,8.70174,4.18114,0
52.5,33,32,7,-130.92,5,-152.34,3,3,10,1,10.3765,5.85595,0
52.5,33,32,7,-130.92,2,-153.072,0,0,20,0,-999,-999,0
52.5,33,32,7,-130.92,3,-154.642,0,0,20,0,-999,-999,0
52.5,33,32,7,-130.92,4,-160.53,0,0,20,0,-999,-999,0
52.5,33,32,7,-130.92,1,-164.413,0,0,20,0,-999,-999,0
52.5,42,57,7,-102.436,6,-142.903,1,1,10,1,8.70174,4.18114,0
52.5,42,57,7,-102.436,2,-148.495,0,0,20,0,-999,-999,0
52.5,42,57,7,-102.436,4,-151.157,0,0,20,0,-999,-999,0
52.5,42,57,7,-102.436,3,-156.349,0,0,20,0,-999,-999,0
52.5,42,57,7,-102.436,1,-157.19,0,0,20,0,-999,-999,0
52.5,42,57,7,-102.436,5,-166.805,3,3,10,1,10.3765,5.85595,0
52.5,56,24,7,-94.5994,6,-121.735,1,1,10,1,8.70174,4.18114,0
52.5,56,24,7,-94.5994,2,-146.019,0,0,20,0,-999,-999,0
52.5,56,24,7,-94.5994,5,-152.031,3,3,10,1,10.3765,5.85595,0
52.5,56,24,7,-94.5994,3,-153.425,0,0,20,0,-999,-999,0
52.5,56,24,7,-94.5994,4,-156.482,0,0,20,0,-999,-999,0
52.5,56,24,7,-94.5994,1,-157.227,0,0,20,0,-999,-999,0
52.5,67,15,7,-125.989,5,-116.616,3,3,10,1,10.3765,5.85595,0
52.5,67,15,7,-125.989,6,-144.697,1,1,10,1,8.70174,4.18114,0
52.5,67,15,7,-125.989,2,-150.823,0,0,20,0,-999,-999,0
52.5,67,15,7,-125.989,3,-152.705,0,0,20,0,-999,-999,0
52.5,67,15,7,-125.989,4,-155.693,0,0,20,0,-999,-999,0
52.5,67,15,7,-125.989,1,-158.216,0,0,20,0,-999,-999,0
52.5,71,8,5,-123.083,6,-134.039,1,1,10,1,8.70174,4.18114,0
52.5,71,8,5,-123.083,1,-137.727,0,0,20,0,-999,-999,0
52.5,71,8,5,-123.083,7,-148.353,8,8,10,1,12.9575,8.43691,0
52.5,71,8,5,-123.083,3,-154.101,0,0,20,0,-999,-999,0
52.5,71,8,5,-123.083,4,-156.132,0,0,20,0,-999,-999,0
52.5,71,8,5,-123.083,2,-160.79,0,0,20,0,-999,-999,0
52.5,79,16,7,-102.83,6,-120.114,1,1,10,1,8.70174,4.18114,0
52.5,79,16,7,-102.83,4,-142.773,0,0,20,0,-999,-999,0
52.5,79,16,7,-102.83,3,-151.583,0,0,20,0,-999,-999,0
52.5,79,16,7,-102.83,5,-152.589,3,3,10,1,10.3765,5.85595,0
52.5,79,16,7,-102.83,2,-153.508,0,0,20,0,-999,-999,0
52.5,79,16,7,-102.83,1,-154.98,0,0,20,0,-999,-999,0
52.5,83,48,7,-94.1069,5,-132.82,3,3,10,1,10.3765,5.85595,0
52.5,83,48,7,-94.1069,2,-141.839,0,0,20,0,-999,-999,0
52.5,83,48,7,-94.1069,6,-145.452,1,1,10,1,8.70174,4.18114,0
52.5,83,48,7,-94.1069,3,-151.006,0,0,20,0,-999,-999,0
52.5,83,48,7,-94.1069,4,-154.28,0,0,20,0,-999,-999,0
52.5,83,48,7,-94.1069,1,-157.106,0,0,20,0,-999,-999,0
52.5,86,16,6,-122.761,7,-141.323,8,8,10,1,12.9575,8.43691,0
52.5,86,16,6,-122.761,5,-145.03,3,3,10,1,10.3765,5.85595,0
52.5,86,16,6,-122.761,2,-149.281,0,0,20,0,-999,-999,0
52.5,86,16,6,-122.761,3,-149.436,0,0,20,0,-999,-999,0
52.5,86,16,6,-122.761,1,-151.915,0,0,20,0,-999,-999,0
52.5,86,16,6,-122.761,4,-157.17,0,0,20,0,-999,-999,0
52.5,97,49,7,-127.972,6,-116.28,1,1,10,1,8.70174,4.18114,0
52.5,97,49,7,-127.972,3,-131.431,0,0,20,0,-999,-999,0
52.5,97,49,7,-127.972,2,-131.64,0,0,20,0,-999,-999,0
52.5,97,49,7,-127.972,5,-137.481,3,3,10,1,10.3765,5.85595,0
52.5,97,49,7,-127.972,4,-137.519,0,0,20,0,-999,-999,0
52.5,97,49,7,-127.972,1,-152.709,0,0,20,0,-999,-999,0
52.5,107,24,5,-144.098,6,-127.411,1,1,10,1,8.70174,4.18114,0
52.5,107,24,5,-144.098,7,-145.864,8,8,10,1,12.9575,8.43691,0
52.5,107,24,5,-144.098,1,-148.721,0,0,20,0,-999,-999,0
52.5,107,24,5,-144.098,3,-157.692,0,0,20,0,-999,-999,0
52.5,107,24,5,-144.098,4,-157.901,0,0,20,0,-999,-999,0
52.5,107,24,5,-144.098,2,-160.575,0,0,20,0,-999,-999,0
54.5,14,40,7,-134.237,6,-147.07,1,1,10,1,11.1837,6.66309,0
54.5,14,40,7,-134.237,2,-158.549,0,0,20,0,-999,-999,0
54.5,14,40,7,-134.237,3,-166.774,1,1,20,0,-999,-999,0
54.5,14,40,7,-134.237,1,-173.598,0,0,20,0,-999,-999,0
54.5,14,40,7,-134.237,4,-174.182,0,0,20,0,-999,-999,0
54.5,14,40,7,-134.237,5,-175.829,3,3,10,1,13.2501,8.72949,0
54.5,29,16,5,-121.268,6,-135.156,1,1,10,1,11.1837,6.66309,0
54.5,29,16,5,-121.268,1,-139.314,0,0,20,0,-999,-999,0
54.5,29,16,5,-121.268,4,-147.327,0,0,20,0,-999,-999,0
54.5,29,16,5,-121.268,7,-148.287,9,9,10,1,9.63271,5.11211,0
54.5,29,16,5,-121.268,3,-148.981,1,1,20,0,-999,-999,0
54.5,29,16,5,-121.268,2,-154.513,0,0,20,0,-999,-999,0
54.5,33,32,7,-139.336,6,-144.384,1,1,10,1,11.1837,6.66309,0
54.5,33,32,7,-139.336,5,-150.463,3,3,10,1,13.2501,8.72949,0
54.5,33,32,7,-139.336,2,-153.691,0,0,20,0,-999,-999,0
54.5,33,32,7,-139.336,4,-156.318,0,0,20,0,-999,-999,0
54.5,33,32,7,-139.336,3,-158.301,1,1,20,0,-999,-999,0
54.5,33,32,7,-139.336,1,-169.329,0,0,20,0,-999,-999,0
54.5,42,57,7,-137.541,5,-129.862,3,3,10,1,13.2501,8.72949,0
54.5,42,57,7,-137.541,6,-139.657,1,1,10,1,11.1837,6.66309,0
54.5,42,57,7,-137.541,2,-146.172,0,0,20,0,-999,-999,0
54.5,42,57,7,-137.541,4,-147.452,0,0,20,0,-999,-999,0
54.5,42,57,7,-137.541,3,-150.608,1,1,20,0,-999,-999,0
54.5,42,57,7,-137.541,1,-155.034,0,0,20,0,-999,-999,0
54.5,56,24,7,-132.36,5,-116.773,3,3,10,1,13.2501,8.72949,0
54.5,56,24,7,-132.36,6,-140.636,1,1,10,1,11.1837,6.66309,0
54.5,56,24,7,-132.36,2,-147.325,0,0,20,0,-999,-999,0
54.5,56,24,7,-132.36,4,-150.251,0,0,20,0,-999,-999,0
54.5,56,24,7,-132.36,3,-151.996,1,1,20,0,-999,-999,0
54.5,56,24,7,-132.36,1,-156.353,0,0,20,0,-999,-999,0
54.5,67,15,7,-113.977,6,-141.249,1,1,10,1,11.1837,6.66309,0
54.5,67,15,7,-113.977,2,-146.972,0,0,20,0,-999,-999,0
54.5,67,15,7,-113.977,5,-150.689,3,3,10,1,13.2501,8.72949,0
54.5,67,15,7,-113.977,3,-154.382,1,1,20,0,-999,-999,0
54.5,67,15,7,-113.977,4,-159.634,0,0,20,0,-999,-999,0
54.5,67,15,7,-113.977,1,-162.253,0,0,20,0,-999,-999,0
54.5,71,8,5,-139.647,7,-136.681,9,9,10,1,9.63271,5.11211,0
54.5,71,8,5,-139.647,6,-144.487,1,1,10,1,11.1837,6.66309,0
54.5,71,8,5,-139.647,1,-145.393,0,0,20,0,-999,-999,0
54.5,71,8,5,-139.647,4,-156.592,0,0,20,0,-999,-999,0
54.5,71,8,5,-139.647,3,-156.663,1,1,20,0,-999,-999,0
54.5,71,8,5,-139.647,2,-160.027,0,0,20,0,-999,-999,0
54.5,78,65,7,-126.789,6,-131.21,1,1,10,1,11.1837,6.66309,0
54.5,78,65,7,-126.789,5,-141.226,3,3,10,1,13.2501,8.72949,0
54.5,78,65,7,-126.789,4,-141.811,0,0,20,0,-999,-999,0
54.5,78,65,7,-126.789,2,-142.422,0,0,20,0,-999,-999,0
54.5,78,65,7,-126.789,3,-148.638,1,1,20,0,-999,-999,0
54.5,78,65,7,-126.789,1,-156.021,0,0,20,0,-999,-999,0
54.5,79,16,7,-140.915,6,-99.897,1,1,10,1,11.1837,6.66309,0
54.5,79,16,7,-140.915,2,-145.84,0,0,20,0,-999,-999,0
54.5,79,16,7,-140.915,5,-148.826,3,3,10,1,13.2501,8.72949,0
54.5,79,16,7,-140.915,4,-151.072,0,0,20,0,-999,-999,0
54.5,79,16,7,-140.915,3,-151.156,1,1,20,0,-999,-999,0
54.5,79,16,7,-140.915,1,-156.779,0,0,20,0,-999,-999,0
54.5,83,48,7,-133.395,6,-137.724,1,1,10,1,11.1837,6.66309,0
54.5,83,48,7,-133.395,2,-141.003,0,0,20,0,-999,-999,0
54.5,83,48,7,-133.395,5,-143.671,3,3,10,1,13.2501,8.72949,0
54.5,83,48,7,-133.395,4,-148.364,0,0,20,0,-999,-999,0
54.5,83,48,7,-133.395,3,-152.101,1,1,20,0,-999,-999,0
54.5,83,48,7,-133.395,1,-158.435,0,0,20,0,-999,-999,0
54.5,86,16,6,-133.998,7,-117.541,9,9,10,1,9.63271,5.11211,0
54.5,86,16,6,-133.998,5,-140.493,3,3,10,1,13.2501,8.72949,0
54.5,86,16,6,-133.998,2,-144.392,0,0,20,0,-999,-999,0
54.5,86,16,6,-133.998,3,-145.982,1,1,20,0,-999,-999,0
54.5,86,16,6,-133.998,4,-146.006,0,0,20,0,-999,-999,0
54.5,86,16,6,-133.998,1,-157.953,0,0,20,0,-999,-999,0
54.5,97,49,7,-113.1,6,-86.794,1,1,10,1,11.1837,6.66309,0
54.5,97,49,7,-113.1,3,-129.735,1,1,20,0,-999,-999,0
54.5,97,49,7,-113.1,2,-131.34,0,0,20,0,-999,-999,0
54.5,97,49,7,-113.1,4,-134.392,0,0,20,0,-999,-999,0
54.5,97,49,7,-113.1,5,-139.508,3,3,10,1,13.2501,8.72949,0
54.5,97,49,7,-113.1,1,-149.616,0,0,20,0,-999,-999,0
54.5,107,24,5,-133.567,6,-111.086,1,1,10,1,11.1837,6.66309,0
54.5,107,24,5,-133.567,7,-143.086,9,9,10,1,9.63271,5.11211,0
54.5,107,24,5,-133.567,1,-150.578,0,0,20,0,-999,-999,0
54.5,107,24,5,-133.567,3,-157.791,1,1,20,0,-999,-999,0
54.5,107,24,5,-133.567,4,-162.511,0,0,20,0,-999,-999,0
54.5,107,24,5,-133.567,2,-164.406,0,0,20,0,-999,-999,0
56.5,14,40,7,-172.042,2,-125.936,0,0,20,0,-999,-999,0
56.5,14,40,7,-172.042,3,-128.456,1,1,20,0,-999,-999,0
56.5,14,40,7,-172.042,6,-151.02,1,1,10,1,12.914,8.39337,0
56.5,14,40,7,-172.042,4,-166.065,0,0,20,0,-999,-999,0
56.5,14,40,7,-172.042,1,-169.399,0,0,20,0,-999,-999,0
56.5,14,40,7,-172.042,5,-174.193,3,3,10,1,16.1025,11.5819,0
56.5,29,16,5,-121.327,6,-137.836,1,1,10,1,12.914,8.39337,0
56.5,29,16,5,-121.327,3,-138.986,1,1,20,0,-999,-999,0
56.5,29,16,5,-121.327,1,-144.061,0,0,20,0,-999,-999,0
56.5,29,16,5,-121.327,4,-149.554,0,0,20,0,-999,-999,0
56.5,29,16,5,-121.327,7,-151.424,9,9,10,1,12.9899,8.46932,0
56.5,29,16,5,-121.327,2,-157.732,0,0,20,0,-999,-999,0
56.5,33,32,7,-135.772,3,-128.726,1,1,20,0,-999,-999,0
56.5,33,32,7,-135.772,5,-148.004,3,3,10,1,16.1025,11.5819,0
56.5,33,32,7,-135.772,6,-149.847,1,1,10,1,12.914,8.39337,0
56.5,33,32,7,-135.772,2,-151.405,0,0,20,0,-999,-999,0
56.5,33,32,7,-135.772,4,-156.576,0,0,20,0,-999,-999,0
56.5,33,32,7,-135.772,1,-167.646,0,0,20,0,-999,-999,0
56.5,40,8,3,-95.4067,6,-118.166,1,1,10,1,12.914,8.39337,0
56.5,40,8,3,-95.4067,2,-129.885,0,0,20,0,-999,-999,0
56.5,40,8,3,-95.4067,4,-135.723,0,0,20,0,-999,-999,0
56.5,40,8,3,-95.4067,5,-137.589,3,3,10,1,16.1025,11.5819,0
56.5,40,8,3,-95.4067,1,-142.399,0,0,20,0,-999,-999,0
56.5,40,8,3,-95.4067,7,-146.257,9,9,10,1,12.9899,8.46932,0
56.5,42,57,7,-136.877,6,-100.685,1,1,10,1,12.914,8.39337,0
56.5,42,57,7,-136.877,5,-124.272,3,3,10,1,16.1025,11.5819,0
56.5,42,57,7,-136.877,3,-133.479,1,1,20,0,-999,-999,0
56.5,42,57,7,-136.877,2,-148.307,0,0,20,0,-999,-999,0
56.5,42,57,7,-136.877,4,-149.582,0,0,20,0,-999,-999,0
56.5,42,57,7,-136.877,1,-153.655,0,0,20,0,-999,-999,0
56.5,56,24,7,-136.142,3,-134.973,1,1,20,0,-999,-999,0
56.5,56,24,7,-136.142,6,-140.094,1,1,10,1,12.914,8.39337,0
56.5,56,24,7,-136.142,2,-148.363,0,0,20,0,-999,-999,0
56.5,56,24,7,-136.142,4,-152.932,0,0,20,0,-999,-999,0
56.5,56,24,7,-136.142,5,-154.847,3,3,10,1,16.1025,11.5819,0
56.5,56,24,7,-136.142,1,-159.701,0,0,20,0,-999,-999,0
56.5,67,15,7,-104.742,3,-121.627,1,1,20,0,-999,-999,0
56.5,67,15,7,-104.742,6,-137.037,1,1,10,1,12.914,8.39337,0
56.5,67,15,7,-104.742,5,-149.057,3,3,10,1,16.1025,11.5819,0
56.5,67,15,7,-104.742,2,-152.755,0,0,20,0,-999,-999,0
56.5,67,15,7,-104.742,4,-154.796,0,0,20,0,-999,-999,0
56.5,67,15,7,-104.742,1,-162.602,0,0,20,0,-999,-999,0
56.5,71,8,5,-88.341,3,-136.943,1,1,20,0,-999,-999,0
56.5,71,8,5,-88.341,1,-142.073,0,0,20,0,-999,-999,0
56.5,71,8,5,-88.341,6,-147.534,1,1,10,1,12.914,8.39337,0
56.5,71,8,5,-88.341,4,-157.182,0,0,20,0,-999,-999,0
56.5,71,8,5,-88.341,7,-160.47,9,9,10,1,12.9899,8.46932,0
56.5,71,8,5,-88.341,2,-163.894,0,0,20,0,-999,-999,0
56.5,78,65,7,-130.198,3,-114.055,1,1,20,0,-999,-999,0
56.5,78,65,7,-130.198,2,-136.964,0,0,20,0,-999,-999,0
56.5,78,65,7,-130.198,6,-137.16,1,1,10,1,12.914,8.39337,0
56.5,78,65,7,-130.198,4,-143.626,0,0,20,0,-999,-999,0
56.5,78,65,7,-130.198,5,-149.222,3,3,10,1,16.1025,11.5819,0
56.5,78,65,7,-130.198,1,-153.262,0,0,20,0,-999,-999,0
56.5,79,16,7,-126.709,6,-99.964,1,1,10,1,12.914,8.39337,6
56.5,79,16,7,-126.709,3,-135.294,1,1,20,0,-999,-999,6
56.5,79,16,7,-126.709,4,-144.324,0,0,20,0,-999,-999,6
56.5,79,16,7,-126.709,2,-146.653,0,0,20,0,-999,-999,6
56.5,79,16,7,-126.709,5,-150.2,3,3,10,1,16.1025,11.5819,6
56.5,79,16,7,-126.709,1,-157.52,0,0,20,0,-999,-999,6
56.5,83,48,7,-122.649,3,-133.348,1,1,20,0,-999,-999,0
56.5,83,48,7,-122.649,6,-136.37,1,2,10,1,12.914,8.39337,0
56.5,83,48,7,-122.649,2,-140.508,0,0,20,0,-999,-999,0
56.5,83,48,7,-122.649,4,-149.471,0,0,20,0,-999,-999,0
56.5,83,48,7,-122.649,5,-151.237,3,3,10,1,16.1025,11.5819,0
56.5,83,48,7,-122.649,1,-154.513,0,0,20,0,-999,-999,0
56.5,86,16,6,-138.233,5,-105.46,3,3,10,1,16.1025,11.5819,0
56.5,86,16,6,-138.233,3,-131.004,1,1,20,0,-999,-999,0
56.5,86,16,6,-138.233,7,-134.845,9,9,10,1,12.9899,8.46932,0
56.5,86,16,6,-138.233,4,-145.617,0,0,20,0,-999,-999,0
56.5,86,16,6,-138.233,2,-146.732,0,0,20,0,-999,-999,0
56.5,86,16,6,-138.233,1,-153.652,0,0,20,0,-999,-999,0
56.5,97,49,7,-102.054,6,-124.307,1,2,10,1,12.914,8.39337,0
56.5,97,49,7,-102.054,3,-128.018,1,1,20,0,-999,-999,0
56.5,97,49,7,-102.054,2,-130.341,0,0,20,0,-999,-999,0
56.5,97,49,7,-102.054,4,-139.771,0,0,20,0,-999,-999,0
56.5,97,49,7,-102.054,5,-145.21,3,3,10,1,16.1025,11.5819,0
56.5,97,49,7,-102.054,1,-148.959,0,0,20,0,-999,-999,0
56.5,107,24,5,-140.35,3,-130.767,1,1,20,0,-999,-999,0
56.5,107,24,5,-140.35,6,-145.196,1,2,10,1,12.914,8.39337,0
56.5,107,24,5,-140.35,7,-150.48,9,9,10,1,12.9899,8.46932,0
56.5,107,24,5,-140.35,1,-154.735,0,0,20,0,-999,-999,0
56.5,107,24,5,-140.35,4,-156.484,0,0,20,0,-999,-999,0
56.5,107,24,5,-140.35,2,-162.292,0,0,20,0,-999,-999,0
58.5,14,40,7,-160.131,6,-130.729,2,2,10,1,13.8128,9.29216,0
58.5,14,40,7,-160.131,3,-148.145,1,1,20,0,-999,-999,0
58.5,14,40,7,-160.131,5,-162.1,3,3,10,1,9.57658,5.05598,0
58.5,14,40,7,-160.131,2,-164.841,0,0,20,0,-999,-999,0
58.5,14,40,7,-160.131,4,-169.615,0,0,20,0,-999,-999,0
58.5,14,40,7,-160.131,1,-174.006,0,0,20,0,-999,-999,0
58.5,29,16,5,-124.561,6,-115.907,2,2,10,1,13.8128,9.29216,0
58.5,29,16,5,-124.561,7,-119.881,8,8,10,1,14.0252,9.50458,0
58.5,29,16,5,-124.561,1,-145.398,0,0,20,0,-999,-999,0
58.5,29,16,5,-124.561,3,-148.41,1,1,20,0,-999,-999,0
58.5,29,16,5,-124.561,4,-151.808,0,0,20,0,-999,-999,0
58.5,29,16,5,-124.561,2,-159.794,0,0,20,0,-999,-999,0
58.5,33,32,7,-135.664,6,-142.412,2,2,10,1,13.8128,9.29216,0
58.5,33,32,7,-135.664,3,-143.667,1,1,20,0,-999,-999,0
58.5,33,32,7,-135.664,5,-145.625,3,3,10,1,9.57658,5.05598,0
58.5,33,32,7,-135.664,2,-154.757,0,0,20,0,-999,-999,0
58.5,33,32,7,-135.664,4,-159.305,0,0,20,0,-999,-999,0
58.5,33,32,7,-135.664,1,-167.288,0,0,20,0,-999,-999,0
58.5,40,8,3,-119.999,6,-99.9576,2,2,10,1,13.8128,9.29216,0
58.5,40,8,3,-119.999,4,-133.44,0,0,20,0,-999,-999,0
58.5,40,8,3,-119.999,2,-142.633,0,0,20,0,-999,-999,0
58.5,40,8,3,-119.999,5,-144.801,3,3,10,1,9.57658,5.05598,0
58.5,40,8,3,-119.999,1,-144.896,0,0,20,0,-999,-999,0
58.5,40,8,3,-119.999,7,-151.794,8,8,10,1,14.0252,9.50458,0
58.5,42,57,7,-131.927,6,-114.265,2,2,10,1,13.8128,9.29216,0
58.5,42,57,7,-131.927,3,-142.743,1,1,20,0,-999,-999,0
58.5,42,57,7,-131.927,2,-143.04,0,0,20,0,-999,-999,0
58.5,42,57,7,-131.927,4,-149.958,0,0,20,0,-999,-999,0
58.5,42,57,7,-131.927,1,-156.707,0,0,20,0,-999,-999,0
58.5,42,57,7,-131.927,5,-163.752,3,3,10,1,9.57658,5.05598,0
58.5,56,24,7,-139.739,6,-115.658,2,2,10,1,13.8128,9.29216,0
58.5,56,24,7,-139.739,5,-135.586,3,3,10,1,9.57658,5.05598,0
58.5,56,24,7,-139.739,3,-141.474,1,1,20,0,-999,-999,0
58.5,56,24,7,-139.739,2,-146.733,0,0,20,0,-999,-999,0
58.5,56,24,7,-139.739,4,-152.649,0,0,20,0,-999,-999,0
58.5,56,24,7,-139.739,1,-160.808,0,0,20,0,-999,-999,0
58.5,67,15,7,-136.157,6,-123.942,2,2,10,1,13.8128,9.29216,0
58.5,67,15,7,-136.157,5,-132.519,3,3,10,1,9.57658,5.05598,0
58.5,67,15,7,-136.157,3,-138.934,1,1,20,0,-999,-999,0
58.5,67,15,7,-136.157,2,-146.452,0,0,20,0,-999,-999,0
58.5,67,15,7,-136.157,4,-153.592,0,0,20,0,-999,-999,0
58.5,67,15,7,-136.157,1,-158.406,0,0,20,0,-999,-999,0
58.5,71,8,5,-126.777,7,-123.741,8,8,10,1,14.0252,9.50458,0
58.5,71,8,5,-126.777,3,-142.01,1,1,20,0,-999,-999,0
58.5,71,8,5,-126.777,1,-145.138,0,0,20,0,-999,-999,0
58.5,71,8,5,-126.777,4,-150.65,0,0,20,0,-999,-999,0
58.5,71,8,5,-126.777,6,-150.905,2,2,10,1,13.8128,9.29216,0
58.5,71,8,5,-126.777,2,-156.126,0,0,20,0,-999,-999,0
58.5,78,65,7,-132.101,3,-130.605,1,1,20,0,-999,-999,0
58.5,78,65,7,-132.101,6,-135.449,2,2,10,1,13.8128,9.29216,0
58.5,78,65,7,-132.101,4,-147.176,0,0,20,0,-999,-999,0
58.5,78,65,7,-132.101,2,-147.72,0,0,20,0,-999,-999,0
58.5,78,65,7,-132.101,5,-147.865,3,3,10,1,9.57658,5.05598,0
58.5,78,65,7,-132.101,1,-151.337,0,0,20,0,-999,-999,0
58.5,79,17,6,-114.835,3,-128.654,1,1,20,0,-999,-999,0
58.5,79,17,6,-114.835,7,-133.829,8,8,10,1,14.0252,9.50458,0
58.5,79,17,6,-114.835,5,-142.157,3,3,10,1,9.57658,5.05598,0
58.5,79,17,6,-114.835,4,-150.192,0,0,20,0,-999,-999,0
58.5,79,17,6,-114.835,2,-152.136,0,0,20,0,-999,-999,0
58.5,79,17,6,-114.835,1,-152.693,0,0,20,0,-999,-999,0
58.5,83,48,7,-98.3164,6,-138.546,2,2,10,1,13.8128,9.29216,0
58.5,83,48,7,-98.3164,3,-138.832,1,1,20,0,-999,-999,0
58.5,83,48,7,-98.3164,2,-138.937,0,0,20,0,-999,-999,0
58.5,83,48,7,-98.3164,5,-144.71,3,3,10,1,9.57658,5.05598,0
58.5,83,48,7,-98.3164,4,-151.238,0,0,20,0,-999,-999,0
58.5,83,48,7,-98.3164,1,-154.666,0,0,20,0,-999,-999,0
58.5,86,16,6,-130.833,3,-137.124,1,1,20,0,-999,-999,0
58.5,86,16,6,-130.833,7,-138.952,8,8,10,1,14.0252,9.50458,0
58.5,86,16,6,-130.833,5,-140.006,3,3,10,1,9.57658,5.05598,0
58.5,86,16,6,-130.833,2,-148.089,0,0,20,0,-999,-999,0
58.5,86,16,6,-130.833,4,-150.295,0,0,20,0,-999,-999,0
58.5,86,16,6,-130.833,1,-154.78,0,0,20,0,-999,-999,0
58.5,97,49,7,-134.516,3,-84.1598,1,1,20,0,-999,-999,0
58.5,97,49,7,-134.516,6,-110.698,2,2,10,1,13.8128,9.29216,0
58.5,97,49,7,-134.516,2,-132.519,0,0,20,0,-999,-999,0
58.5,97,49,7,-134.516,4,-135.164,0,0,20,0,-999,-999,0
58.5,97,49,7,-134.516,5,-142.795,3,3,10,1,9.57658,5.05598,0
58.5,97,49,7,-134.516,1,-147.876,0,0,20,0,-999,-999,0
58.5,107,24,5,-119.564,3,-111.268,1,1,20,0,-999,-999,0
58.5,107,24,5,-119.564,6,-126.717,2,2,10,1,13.8128,9.29216,0
58.5,107,24,5,-119.564,7,-144.43,8,8,10,1,14.0252,9.50458,0
58.5,107,24,5,-119.564,1,-152.472,0,0,20,0,-999,-999,0
58.5,107,24,5,-119.564,4,-160.109,0,0,20,0,-999,-999,0
58.5,107,24,5,-119.564,2,-165.405,0,0,20,0,-999,-999,0
60.5,14,40,7,-123.593,3,-147.509,1,1,20,0,-999,-999,0
60.5,14,40,7,-123.593,6,-148.367,2,2,10,1,11.6758,7.15516,0
60.5,14,40,7,-123.593,5,-152.387,3,3,10,1,10.6982,6.17764,0
60.5,14,40,7,-123.593,2,-161.651,0,0,20,0,-999,-999,0
60.5,14,40,7,-123.593,4,-171.06,0,0,20,0,-999,-999,0
60.5,14,40,7,-123.593,1,-172.636,0,0,20,0,-999,-999,0
60.5,29,16,5,-121.302,3,-109.991,1,1,20,0,-999,-999,0
60.5,29,16,5,-121.302,6,-137.569,2,2,10,1,11.6758,7.15516,0
60.5,29,16,5,-121.302,7,-137.771,8,8,10,1,10.3827,5.86208,0
60.5,29,16,5,-121.302,1,-138.308,0,0,20,0,-999,-999,0
60.5,29,16,5,-121.302,4,-152.489,0,0,20,0,-999,-999,0
60.5,29,16,5,-121.302,2,-157.534,0,0,20,0,-999,-999,0
60.5,33,32,7,-116.779,3,-106.441,1,1,20,0,-999,-999,0
60.5,33,32,7,-116.779,6,-112.22,2,2,10,1,11.6758,7.15516,0
60.5,33,32,7,-116.779,2,-152.526,0,0,20,0,-999,-999,0
60.5,33,32,7,-116.779,4,-160.691,0,0,20,0,-999,-999,0
60.5,33,32,7,-116.779,5,-161.908,3,3,10,1,10.6982,6.17764,0
60.5,33,32,7,-116.779,1,-165.013,0,0,20,0,-999,-999,0
60.5,40,8,3,-108.953,6,-118.057,2,2,10,1,11.6758,7.15516,0
60.5,40,8,3,-108.953,4,-135.159,0,0,20,0,-999,-999,0
60.5,40,8,3,-108.953,2,-135.691,0,0,20,0,-999,-999,0
60.5,40,8,3,-108.953,5,-137.888,3,3,10,1,10.6982,6.17764,0
60.5,40,8,3,-108.953,1,-141.862,0,0,20,0,-999,-999,0
60.5,40,8,3,-108.953,7,-147.571,8,8,10,1,10.3827,5.86208,0
60.5,42,57,7,-133.63,3,-101.675,1,1,20,0,-999,-999,0
60.5,42,57,7,-133.63,5,-131.099,3,3,10,1,10.6982,6.17764,0
60.5,42,57,7,-133.63,2,-138.643,0,0,20,0,-999,-999,0
60.5,42,57,7,-133.63,6,-139.726,2,2,10,1,11.6758,7.15516,0
60.5,42,57,7,-133.63,4,-145.135,0,0,20,0,-999,-999,0
60.5,42,57,7,-133.63,1,-156.134,0,0,20,0,-999,-999,0
60.5,56,24,7,-135.365,3,-104.809,1,1,20,0,-999,-999,0
60.5,56,24,7,-135.365,6,-142.908,2,2,10,1,11.6758,7.15516,0
60.5,56,24,7,-135.365,2,-148.702,0,0,20,0,-999,-999,0
60.5,56,24,7,-135.365,4,-149.31,0,0,20,0,-999,-999,0
60.5,56,24,7,-135.365,5,-155.934,3,3,10,1,10.6982,6.17764,0
60.5,56,24,7,-135.365,1,-159.952,0,0,20,0,-999,-999,0
60.5,67,15,7,-112.407,6,-113.354,2,2,10,1,11.6758,7.15516,0
60.5,67,15,7,-112.407,3,-135.386,1,1,20,0,-999,-999,0
60.5,67,15,7,-112.407,5,-148.072,3,3,10,1,10.6982,6.17764,0
60.5,67,15,7,-112.407,2,-148.306,0,0,20,0,-999,-999,0
60.5,67,15,7,-112.407,4,-149.405,0,0,20,0,-999,-999,0
60.5,67,15,7,-112.407,1,-157.535,0,0,20,0,-999,-999,0
60.5,71,8,5,-94.347,3,-121.055,1,1,20,0,-999,-999,0
60.5,71,8,5,-94.347,7,-131.072,8,8,10,1,10.3827,5.86208,0
60.5,71,8,5,-94.347,1,-137.629,0,0,20,0,-999,-999,0
60.5,71,8,5,-94.347,6,-149.504,2,2,10,1,11.6758,7.15516,0
60.5,71,8,5,-94.347,4,-154.224,0,0,20,0,-999,-999,0
60.5,71,8,5,-94.347,2,-162.969,0,0,20,0,-999,-999,0
60.5,78,65,7,-127.546,3,-96.6485,1,1,20,0,-999,-999,0
60.5,78,65,7,-127.546,5,-119.315,3,3,10,1,10.6982,6.17764,0
60.5,78,65,7,-127.546,6,-130.625,2,2,10,1,11.6758,7.15516,0
60.5,78,65,7,-127.546,2,-143.524,0,0,20,0,-999,-999,0
60.5,78,65,7,-127.546,4,-147.975,0,0,20,0,-999,-999,0
60.5,78,65,7,-127.546,1,-155.697,0,0,20,0,-999,-999,0
60.5,79,17,6,-100.25,4,-115.836,0,0,20,0,-999,-999,0
60.5,79,17,6,-100.25,3,-134.746,1,1,20,0,-999,-999,0
60.5,79,17,6,-100.25,7,-134.784,8,8,10,1,10.3827,5.86208,0
60.5,79,17,6,-100.25,2,-148.646,0,0,20,0,-999,-999,0
60.5,79,17,6,-100.25,1,-156.635,0,0,20,0,-999,-999,0
60.5,79,17,6,-100.25,5,-158.941,3,3,10,1,10.6982,6.17764,0
60.5,83,48,7,-129.273,3,-131.717,1,1,20,0,-999,-999,0
60.5,83,48,7,-129.273,6,-134.299,2,2,10,1,11.6758,7.15516,0
60.5,83,48,7,-129.273,2,-139.378,0,0,20,0,-999,-999,0
60.5,83,48,7,-129.273,5,-151.231,3,3,10,1,10.6982,6.17764,0
60.5,83,48,7,-129.273,4,-153.482,0,0,20,0,-999,-999,0
60.5,83,48,7,-129.273,1,-163.172,0,0,20,0,-999,-999,0
60.5,86,16,6,-98.0345,3,-95.9537,1,1,20,0,-999,-999,0
60.5,86,16,6,-98.0345,5,-109.536,3,3,10,1,10.6982,6.17764,0
60.5,86,16,6,-98.0345,7,-134.009,8,8,10,1,10.3827,5.86208,0
60.5,86,16,6,-98.0345,2,-140.79,0,0,20,0,-999,-999,0
60.5,86,16,6,-98.0345,4,-152.224,0,0,20,0,-999,-999,0
60.5,86,16,6,-98.0345,1,-159.78,0,0,20,0,-999,-999,0
60.5,97,49,7,-134.298,6,-96.465,2,2,10,1,11.6758,7.15516,0
60.5,97,49,7,-134.298,3,-110.53,1,1,20,0,-999,-999,0
60.5,97,49,7,-134.298,4,-136.348,0,0,20,0,-999,-999,0
60.5,97,49,7,-134.298,2,-136.97,0,0,20,0,-999,-999,0
60.5,97,49,7,-134.298,5,-144.667,3,3,10,1,10.6982,6.17764,0
60.5,97,49,7,-134.298,1,-156.882,0,0,20,0,-999,-999,0
60.5,107,24,5,-138.162,6,-115.455,2,2,10,1,11.6758,7.15516,0
60.5,107,24,5,-138.162,7,-143.922,8,8,10,1,10.3827,5.86208,0
60.5,107,24,5,-138.162,1,-151.567,0,0,20,0,-999,-999,0
60.5,107,24,5,-138.162,3,-153.805,1,1,20,0,-999,-999,0
60.5,107,24,5,-138.162,4,-156.953,0,0,20,0,-999,-999,0
60.5,107,24,5,-138.162,2,-162.526,0,0,20,0,-999,-999,0
62.5,14,40,7,-157.946,3,-133.268,1,1,20,0,-999,-999,0
62.5,14,40,7,-157.946,6,-134.521,2,2,10,1,10.5185,5.99793,0
62.5,14,40,7,-157.946,2,-166.101,0,0,20,0,-999,-999,0
62.5,14,40,7,-157.946,1,-167.175,0,0,20,0,-999,-999,0
62.5,14,40,7,-157.946,4,-171.365,0,0,20,0,-999,-999,0
62.5,14,40,7,-157.946,5,-185.946,3,3,10,1,11.0265,6.50586,0
62.5,29,16,5,-121.55,6,-116.409,2,2,10,1,10.5185,5.99793,0
62.5,29,16,5,-121.55,7,-123.316,8,8,10,1,11.7065,7.18587,0
62.5,29,16,5,-121.55,3,-141.141,1,1,20,0,-999,-999,0
62.5,29,16,5,-121.55,1,-143.078,0,0,20,0,-999,-999,0
62.5,29,16,5,-121.55,4,-154.087,0,0,20,0,-999,-999,0
62.5,29,16,5,-121.55,2,-154.942,0,0,20,0,-999,-999,0
62.5,33,32,7,-98.2346,3,-139.878,1,1,20,0,-999,-999,0
62.5,33,32,7,-98.2346,6,-144.216,2,2,10,1,10.5185,5.99793,0
62.5,33,32,7,-98.2346,2,-149.664,0,0,20,0,-999,-999,0
62.5,33,32,7,-98.2346,5,-154.856,3,3,10,1,11.0265,6.50586,0
62.5,33,32,7,-98.2346,4,-160.075,0,0,20,0,-999,-999,0
62.5,33,32,7,-98.2346,1,-161.331,0,0,20,0,-999,-999,0
62.5,40,8,3,-76.614,6,-125.833,2,2,10,1,10.5185,5.99793,0
62.5,40,8,3,-76.614,4,-130.336,0,0,20,0,-999,-999,0
62.5,40,8,3,-76.614,2,-135.982,0,0,20,0,-999,-999,0
62.5,40,8,3,-76.614,7,-140.593,8,8,10,1,11.7065,7.18587,0
62.5,40,8,3,-76.614,5,-141.816,3,3,10,1,11.0265,6.50586,0
62.5,40,8,3,-76.614,1,-146.736,0,0,20,0,-999,-999,0
62.5,42,57,7,-106.323,3,-133.315,1,1,20,0,-999,-999,0
62.5,42,57,7,-106.323,6,-136.799,2,2,10,1,10.5185,5.99793,0
62.5,42,57,7,-106.323,2,-140.621,0,0,20,0,-999,-999,0
62.5,42,57,7,-106.323,4,-154.828,0,0,20,0,-999,-999,0
62.5,42,57,7,-106.323,1,-161.246,0,0,20,0,-999,-999,0
62.5,42,57,7,-106.323,5,-165.265,3,3,10,1,11.0265,6.50586,0
62.5,56,24,7,-132.645,3,-135.552,1,1,20,0,-999,-999,0
62.5,56,24,7,-132.645,6,-140.291,2,2,10,1,10.5185,5.99793,0
62.5,56,24,7,-132.645,2,-145.75,0,0,20,0,-999,-999,0
62.5,56,24,7,-132.645,5,-152.466,3,3,10,1,11.0265,6.50586,0
62.5,56,24,7,-132.645,4,-154.23,0,0,20,0,-999,-999,0
62.5,56,24,7,-132.645,1,-160.803,0,0,20,0,-999,-999,0
62.5,67,15,7,-127.815,6,-114.279,2,2,10,1,10.5185,5.99793,0
62.5,67,15,7,-127.815,3,-125.752,1,1,20,0,-999,-999,0
62.5,67,15,7,-127.815,2,-147.294,0,0,20,0,-999,-999,0
62.5,67,15,7,-127.815,5,-149.212,3,3,10,1,11.0265,6.50586,0
62.5,67,15,7,-127.815,4,-152.642,0,0,20,0,-999,-999,0
62.5,67,15,7,-127.815,1,-158.024,0,0,20,0,-999,-999,0
62.5,71,8,5,-121.201,3,-132.438,1,1,20,0,-999,-999,0
62.5,71,8,5,-121.201,1,-144.373,0,0,20,0,-999,-999,0
62.5,71,8,5,-121.201,7,-145.905,8,8,10,1,11.7065,7.18587,0
62.5,71,8,5,-121.201,6,-151.559,2,2,10,1,10.5185,5.99793,0
62.5,71,8,5,-121.201,4,-154.179,0,0,20,0,-999,-999,0
62.5,71,8,5,-121.201,2,-159.597,0,0,20,0,-999,-999,0
62.5,78,65,7,-98.4656,3,-133.172,1,1,20,0,-999,-999,0
62.5,78,65,7,-98.4656,6,-134.245,2,2,10,1,10.5185,5.99793,0
62.5,78,65,7,-98.4656,2,-144.498,0,0,20,0,-999,-999,0
62.5,78,65,7,-98.4656,4,-148.182,0,0,20,0,-999,-999,0
62.5,78,65,7,-98.4656,5,-152.817,3,3,10,1,11.0265,6.50586,0
62.5,78,65,7,-98.4656,1,-160.615,0,0,20,0,-999,-999,0
62.5,79,17,6,-107.568,3,-133.302,1,1,20,0,-999,-999,0
62.5,79,17,6,-107.568,7,-139.331,8,8,10,1,11.7065,7.18587,0
62.5,79,17,6,-107.568,2,-145.685,0,0,20,0,-999,-999,0
62.5,79,17,6,-107.568,4,-146.623,0,0,20,0,-999,-999,0
62.5,79,17,6,-107.568,5,-149.805,3,3,10,1,11.0265,6.50586,0
62.5,79,17,6,-107.568,1,-157.135,0,0,20,0,-999,-999,0
62.5,83,48,7,-136.783,3,-128.564,1,1,20,0,-999,-999,0
62.5,83,48,7,-136.783,2,-139.755,0,0,20,0,-999,-999,0
62.5,83,48,7,-136.783,6,-142.529,2,2,10,1,10.5185,5.99793,0
62.5,83,48,7,-136.783,5,-145.303,3,3,10,1,11.0265,6.50586,0
62.5,83,48,7,-136.783,1,-151.852,0,0,20,0,-999,-999,0
62.5,83,48,7,-136.783,4,-152.18,0,0,20,0,-999,-999,0
62.5,86,16,6,-135.376,5,-105.022,3,3,10,1,11.0265,6.50586,0
62.5,86,16,6,-135.376,7,-129.241,8,8,10,1,11.7065,7.18587,0
62.5,86,16,6,-135.376,3,-139.909,1,1,20,0,-999,-999,0
62.5,86,16,6,-135.376,2,-147.35,0,0,20,0,-999,-999,0
62.5,86,16,6,-135.376,4,-149.966,0,0,20,0,-999,-999,0
62.5,86,16,6,-135.376,1,-150.012,0,0,20,0,-999,-999,0
62.5,97,49,7,-138.826,6,-115.777,2,2,10,1,10.5185,5.99793,0
62.5,97,49,7,-138.826,3,-121.999,1,1,20,0,-999,-999,0
62.5,97,49,7,-138.826,2,-134.527,0,0,20,0,-999,-999,0
62.5,97,49,7,-138.826,4,-137.215,0,0,20,0,-999,-999,0
62.5,97,49,7,-138.826,5,-138.38,3,3,10,1,11.0265,6.50586,0
62.5,97,49,7,-138.826,1,-151.087,0,0,20,0,-999,-999,0
62.5,107,24,5,-134.428,7,-114.46,8,8,10,1,11.7065,7.18587,0
62.5,107,24,5,-134.428,3,-143.117,1,1,20,0,-999,-999,0
62.5,107,24,5,-134.428,6,-143.139,2,2,10,1,10.5185,5.99793,0
62.5,107,24,5,-134.428,1,-155.346,0,0,20,0,-999,-999,0
62.5,107,24,5,-134.428,4,-160.479,0,0,20,0,-999,-999,0
62.5,107,24,5,-134.428,2,-166.494,0,0,20,0,-999,-999,0
64.5,14,40,7,-157.678,6,-148.654,2,2,10,1,13.1404,8.61982,0
64.5,14,40,7,-157.678,3,-152.188,1,1,20,0,-999,-999,0
64.5,14,40,7,-157.678,2,-160.452,0,0,20,0,-999,-999,0
64.5,14,40,7,-157.678,4,-169.363,0,0,20,0,-999,-999,0
64.5,14,40,7,-157.678,1,-172.752,0,0,20,0,-999,-999,0
64.5,14,40,7,-157.678,5,-188.35,3,3,10,1,9.63352,5.11292,0
64.5,29,16,5,-83.724,3,-110.361,1,1,20,0,-999,-999,0
64.5,29,16,5,-83.724,6,-136.658,2,2,10,1,13.1404,8.61982,0
64.5,29,16,5,-83.724,1,-138.238,0,0,20,0,-999,-999,0
64.5,29,16,5,-83.724,7,-149.941,8,8,10,1,10.4256,5.905,0
64.5,29,16,5,-83.724,4,-151.169,0,0,20,0,-999,-999,0
64.5,29,16,5,-83.724,2,-160.3,0,0,20,0,-999,-999,0
64.5,33,32,7,-127.542,6,-128.502,2,2,10,1,13.1404,8.61982,0
64.5,33,32,7,-127.542,5,-137.546,3,3,10,1,9.63352,5.11292,0
64.5,33,32,7,-127.542,3,-141.172,1,1,20,0,-999,-999,0
64.5,33,32,7,-127.542,2,-151.062,0,0,20,0,-999,-999,0
64.5,33,32,7,-127.542,4,-158.775,0,0,20,0,-999,-999,0
64.5,33,32,7,-127.542,1,-161.069,0,0,20,0,-999,-999,0
64.5,40,8,3,-79.3761,6,-98.8053,2,2,10,1,13.1404,8.61982,0
64.5,40,8,3,-79.3761,5,-126.442,3,3,10,1,9.63352,5.11292,0
64.5,40,8,3,-79.3761,4,-131.475,0,0,20,0,-999,-999,0
64.5,40,8,3,-79.3761,2,-134.784,0,0,20,0,-999,-999,0
64.5,40,8,3,-79.3761,1,-149.568,0,0,20,0,-999,-999,0
64.5,40,8,3,-79.3761,7,-153.918,8,8,10,1,10.4256,5.905,0
64.5,42,57,7,-99.8623,3,-139.086,1,1,20,0,-999,-999,0
64.5,42,57,7,-99.8623,2,-139.991,0,0,20,0,-999,-999,0
64.5,42,57,7,-99.8623,6,-141.749,2,2,10,1,13.1404,8.61982,0
64.5,42,57,7,-99.8623,5,-150.187,3,3,10,1,9.63352,5.11292,0
64.5,42,57,7,-99.8623,4,-154.955,0,0,20,0,-999,-999,0
64.5,42,57,7,-99.8623,1,-162.13,0,0,20,0,-999,-999,0
64.5,56,24,7,-134.666,3,-139.061,1,1,20,0,-999,-999,0
64.5,56,24,7,-134.666,6,-143.97,2,2,10,1,13.1404,8.61982,0
64.5,56,24,7,-134.666,2,-147.13,0,0,20,0,-999,-999,0
64.5,56,24,7,-134.666,5,-147.519,3,3,10,1,9.63352,5.11292,0
64.5,56,24,7,-134.666,4,-156.689,0,0,20,0,-999,-999,0
64.5,56,24,7,-134.666,1,-164.555,0,0,20,0,-999,-999,0
64.5,67,15,7,-104.457,5,-120.734,3,3,10,1,9.63352,5.11292,0
64.5,67,15,7,-104.457,3,-145.787,1,1,20,0,-999,-999,0
64.5,67,15,7,-104.457,2,-146.041,0,0,20,0,-999,-999,0
64.5,67,15,7,-104.457,6,-146.719,2,2,10,1,13.1404,8.61982,0
64.5,67,15,7,-104.457,4,-155.811,0,0,20,0,-999,-999,0
64.5,67,15,7,-104.457,1,-157.659,0,0,20,0,-999,-999,0
64.5,71,8,5,-128.585,7,-134.282,8,8,10,1,10.4256,5.905,0
64.5,71,8,5,-128.585,3,-135.823,1,1,20,0,-999,-999,0
64.5,71,8,5,-128.585,1,-139.62,0,0,20,0,-999,-999,0
64.5,71,8,5,-128.585,6,-144.884,2,2,10,1,13.1404,8.61982,0
64.5,71,8,5,-128.585,4,-153.469,0,0,20,0,-999,-999,0
64.5,71,8,5,-128.585,2,-156.738,0,0,20,0,-999,-999,0
64.5,78,65,7,-129.877,6,-121.434,2,2,10,1,13.1404,8.61982,0
64.5,78,65,7,-129.877,3,-130.947,1,1,20,0,-999,-999,0
64.5,78,65,7,-129.877,2,-146.005,0,0,20,0,-999,-999,0
64.5,78,65,7,-129.877,4,-146.412,0,0,20,0,-999,-999,0
64.5,78,65,7,-129.877,1,-153.83,0,0,20,0,-999,-999,0
64.5,78,65,7,-129.877,5,-154.667,3,3,10,1,9.63352,5.11292,0
64.5,79,17,6,-125.792,5,-116.44,3,3,10,1,9.63352,5.11292,0
64.5,79,17,6,-125.792,1,-126.866,0,0,20,0,-999,-999,0
64.5,79,17,6,-125.792,7,-132.911,8,8,10,1,10.4256,5.905,0
64.5,79,17,6,-125.792,3,-137.001,1,1,20,0,-999,-999,0
64.5,79,17,6,-125.792,2,-147.724,0,0,20,0,-999,-999,0
64.5,79,17,6,-125.792,4,-150.104,0,0,20,0,-999,-999,0
64.5,83,48,7,-129.254,3,-133.992,1,1,20,0,-999,-999,0
64.5,83,48,7,-129.254,2,-138.981,0,0,20,0,-999,-999,0
64.5,83,48,7,-129.254,6,-141.52,2,2,10,1,13.1404,8.61982,0
64.5,83,48,7,-129.254,5,-150.265,3,3,10,1,9.63352,5.11292,0
64.5,83,48,7,-129.254,1,-157.655,0,0,20,0,-999,-999,0
64.5,83,48,7,-129.254,4,-158.205,0,0,20,0,-999,-999,0
64.5,86,16,6,-131.38,7,-127.073,8,8,10,1,10.4256,5.905,0
64.5,86,16,6,-131.38,3,-133.754,1,1,20,0,-999,-999,0
64.5,86,16,6,-131.38,5,-145.61,3,3,10,1,9.63352,5.11292,0
64.5,86,16,6,-131.38,2,-146.318,0,0,20,0,-999,-999,0
64.5,86,16,6,-131.38,4,-150.805,0,0,20,0,-999,-999,0
64.5,86,16,6,-131.38,1,-152.39,0,0,20,0,-999,-999,0
64.5,97,49,7,-109.092,3,-127.037,1,1,20,0,-999,-999,0
64.5,97,49,7,-109.092,2,-134.14,0,0,20,0,-999,-999,0
64.5,97,49,7,-109.092,4,-137.673,0,0,20,0,-999,-999,0
64.5,97,49,7,-109.092,6,-138.38,2,2,10,1,13.1404,8.61982,0
64.5,97,49,7,-109.092,5,-139.873,3,3,10,1,9.63352,5.11292,0
64.5,97,49,7,-109.092,1,-152.537,0,0,20,0,-999,-999,0
64.5,107,24,5,-142.259,3,-113.676,1,1,20,0,-999,-999,0
64.5,107,24,5,-142.259,6,-131.206,2,2,10,1,13.1404,8.61982,0
64.5,107,24,5,-142.259,7,-148.904,8,8,10,1,10.4256,5.905,0
64.5,107,24,5,-142.259,1,-153.976,0,0,20,0,-999,-999,0
64.5,107,24,5,-142.259,4,-160.095,0,0,20,0,-999,-999,0
64.5,107,24,5,-142.259,2,-165.726,0,0,20,0,-999,-999,0
66.5,14,40,7,-130.894,3,-111.492,1,1,20,0,-999,-999,0
66.5,14,40,7,-130.894,6,-147.918,2,2,10,1,13.6931,9.17248,0
66.5,14,40,7,-130.894,2,-156.314,0,0,20,0,-999,-999,0
66.5,14,40,7,-130.894,4,-166.286,0,0,20,0,-999,-999,0
66.5,14,40,7,-130.894,1,-172.985,0,0,20,0,-999,-999,0
66.5,14,40,7,-130.894,5,-183.144,3,3,10,1,10.105,5.58442,0
66.5,29,16,5,-113.655,3,-106.757,1,1,20,0,-999,-999,0
66.5,29,16,5,-113.655,6,-121.067,2,2,10,1,13.6931,9.17248,0
66.5,29,16,5,-113.655,1,-137.968,0,0,20,0,-999,-999,0
66.5,29,16,5,-113.655,4,-147.283,0,0,20,0,-999,-999,0
66.5,29,16,5,-113.655,2,-155.229,0,0,20,0,-999,-999,0
66.5,29,16,5,-113.655,7,-161.19,8,8,10,1,14.2641,9.74347,0
66.5,33,32,7,-135.757,5,-148.51,3,3,10,1,10.105,5.58442,0
66.5,33,32,7,-135.757,3,-149.563,1,1,20,0,-999,-999,0
66.5,33,32,7,-135.757,2,-152.414,0,0,20,0,-999,-999,0
66.5,33,32,7,-135.757,6,-153.152,2,2,10,1,13.6931,9.17248,0
66.5,33,32,7,-135.757,4,-159.87,0,0,20,0,-999,-999,0
66.5,33,32,7,-135.757,1,-165.573,0,0,20,0,-999,-999,0
66.5,40,8,3,-120.083,6,-122.91,2,2,10,1,13.6931,9.17248,0
66.5,40,8,3,-120.083,7,-125.876,8,8,10,1,14.2641,9.74347,0
66.5,40,8,3,-120.083,4,-137.413,0,0,20,0,-999,-999,0
66.5,40,8,3,-120.083,1,-139.989,0,0,20,0,-999,-999,0
66.5,40,8,3,-120.083,2,-143.514,0,0,20,0,-999,-999,0
66.5,40,8,3,-120.083,5,-144.271,3,3,10,1,10.105,5.58442,0
66.5,42,57,7,-117.292,6,-104.077,2,2,10,1,13.6931,9.17248,0
66.5,42,57,7,-117.292,3,-133.824,1,1,20,0,-999,-999,0
66.5,42,57,7,-117.292,2,-146.471,0,0,20,0,-999,-999,0
66.5,42,57,7,-117.292,4,-157.39,0,0,20,0,-999,-999,0
66.5,42,57,7,-117.292,1,-162.122,0,0,20,0,-999,-999,0
66.5,42,57,7,-117.292,5,-168.472,3,3,10,1,10.105,5.58442,0
66.5,56,24,7,-133.757,6,-104.596,2,2,10,1,13.6931,9.17248,0
66.5,56,24,7,-133.757,5,-122.231,3,3,10,1,10.105,5.58442,0
66.5,56,24,7,-133.757,3,-142.643,1,1,20,0,-999,-999,0
66.5,56,24,7,-133.757,4,-148.538,0,0,20,0,-999,-999,0
66.5,56,24,7,-133.757,2,-149.017,0,0,20,0,-999,-999,0
66.5,56,24,7,-133.757,1,-165.256,0,0,20,0,-999,-999,0
66.5,67,15,7,-133.405,6,-142.865,2,2,10,1,13.6931,9.17248,0
66.5,67,15,7,-133.405,2,-143.097,0,0,20,0,-999,-999,0
66.5,67,15,7,-133.405,3,-144.108,1,1,20,0,-999,-999,0
66.5,67,15,7,-133.405,5,-145.072,3,3,10,1,10.105,5.58442,0
66.5,67,15,7,-133.405,4,-159.864,0,0,20,0,-999,-999,0
66.5,67,15,7,-133.405,1,-165.178,0,0,20,0,-999,-999,0
66.5,71,8,5,-94.1481,1,-140.976,0,0,20,0,-999,-999,0
66.5,71,8,5,-94.1481,3,-145.389,1,1,20,0,-999,-999,0
66.5,71,8,5,-94.1481,4,-152.367,0,0,20,0,-999,-999,0
66.5,71,8,5,-94.1481,7,-152.497,8,8,10,1,14.2641,9.74347,0
66.5,71,8,5,-94.1481,6,-153.275,2,2,10,1,13.6931,9.17248,0
66.5,71,8,5,-94.1481,2,-161.226,0,0,20,0,-999,-999,0
66.5,78,65,7,-133.178,5,-115.251,3,3,10,1,10.105,5.58442,0
66.5,78,65,7,-133.178,3,-133.408,1,1,20,0,-999,-999,0
66.5,78,65,7,-133.178,6,-134.193,2,2,10,1,13.6931,9.17248,0
66.5,78,65,7,-133.178,2,-141.406,0,0,20,0,-999,-999,0
66.5,78,65,7,-133.178,4,-143.497,0,0,20,0,-999,-999,0
66.5,78,65,7,-133.178,1,-156.129,0,0,20,0,-999,-999,0
66.5,79,17,6,-132.448,3,-98.4492,1,1,20,0,-999,-999,0
66.5,79,17,6,-132.448,7,-119.301,8,8,10,1,14.2641,9.74347,0
66.5,79,17,6,-132.448,2,-144.591,0,0,20,0,-999,-999,0
66.5,79,17,6,-132.448,5,-145.782,3,3,10,1,10.105,5.58442,0
66.5,79,17,6,-132.448,4,-147.562,0,0,20,0,-999,-999,0
66.5,79,17,6,-132.448,1,-162.727,0,0,20,0,-999,-999,0
66.5,83,48,7,-131.068,6,-131.955,2,2,10,1,13.6931,9.17248,0
66.5,83,48,7,-131.068,3,-133.689,1,1,20,0,-999,-999,0
66.5,83,48,7,-131.068,5,-141.711,3,3,10,1,10.105,5.58442,0
66.5,83,48,7,-131.068,2,-143.648,0,0,20,0,-999,-999,0
66.5,83,48,7,-131.068,4,-152.65,0,0,20,0,-999,-999,0
66.5,83,48,7,-131.068,1,-155.023,0,0,20,0,-999,-999,0
66.5,86,16,6,-98.3296,7,-98.8139,8,8,10,1,14.2641,9.74347,0
66.5,86,16,6,-98.3296,3,-131.571,1,1,20,0,-999,-999,0
66.5,86,16,6,-98.3296,5,-142.667,3,3,10,1,10.105,5.58442,0
66.5,86,16,6,-98.3296,2,-145.113,0,0,20,0,-999,-999,0
66.5,86,16,6,-98.3296,4,-149.69,0,0,20,0,-999,-999,0
66.5,86,16,6,-98.3296,1,-152.901,0,0,20,0,-999,-999,0
66.5,97,49,7,-137.962,3,-104.651,1,1,20,0,-999,-999,0
66.5,97,49,7,-137.962,6,-127.025,2,2,10,1,13.6931,9.17248,0
66.5,97,49,7,-137.962,4,-135.045,0,0,20,0,-999,-999,0
66.5,97,49,7,-137.962,2,-136.548,0,0,20,0,-999,-999,0
66.5,97,49,7,-137.962,5,-148.225,3,3,10,1,10.105,5.58442,0
66.5,97,49,7,-137.962,1,-156.26,0,0,20,0,-999,-999,0
66.5,107,24,5,-145.034,3,-143.278,1,1,20,0,-999,-999,0
66.5,107,24,5,-145.034,7,-147.592,8,8,10,1,14.2641,9.74347,0
66.5,107,24,5,-145.034,6,-148.313,2,2,10,1,13.6931,9.17248,0
66.5,107,24,5,-145.034,1,-153.527,0,0,20,0,-999,-999,0
66.5,107,24,5,-145.034,4,-160.983,0,0,20,0,-999,-999,0
66.5,107,24,5,-145.034,2,-164.2,0,0,20,0,-999,-999,0
68.5,14,40,7,-155.804,6,-117.522,2,2,10,1,11.7826,7.26202,0
68.5,14,40,7,-155.804,3,-131.747,1,1,20,0,-999,-999,0
68.5,14,40,7,-155.804,5,-149.506,3,3,10,1,10.0599,5.53932,0
68.5,14,40,7,-155.804,2,-163.004,0,0,20,0,-999,-999,0
68.5,14,40,7,-155.804,4,-167.278,0,0,20,0,-999,-999,0
68.5,14,40,7,-155.804,1,-175.004,0,0,20,0,-999,-999,0
68.5,29,16,5,-82.8404,7,-119.458,8,8,10,1,13.124,8.60343,0
68.5,29,16,5,-82.8404,3,-125.172,1,1,20,0,-999,-999,0
68.5,29,16,5,-82.8404,6,-134.129,2,2,10,1,11.7826,7.26202,0
68.5,29,16,5,-82.8404,1,-135.657,0,0,20,0,-999,-999,0
68.5,29,16,5,-82.8404,4,-155.042,0,0,20,0,-999,-999,0
68.5,29,16,5,-82.8404,2,-158.558,0,0,20,0,-999,-999,0
68.5,33,32,7,-134.508,5,-116.181,3,3,10,1,10.0599,5.53932,0
68.5,33,32,7,-134.508,3,-146.095,1,1,20,0,-999,-999,0
68.5,33,32,7,-134.508,6,-150.02,2,2,10,1,11.7826,7.26202,0
68.5,33,32,7,-134.508,2,-155.672,0,0,20,0,-999,-999,0
68.5,33,32,7,-134.508,4,-161.65,0,0,20,0,-999,-999,0
68.5,33,32,7,-134.508,1,-166.809,0,0,20,0,-999,-999,0
68.5,40,8,3,-114.408,6,-97.8453,2,2,10,1,11.7826,7.26202,0
68.5,40,8,3,-114.408,4,-133.344,0,0,20,0,-999,-999,0
68.5,40,8,3,-114.408,2,-138.735,0,0,20,0,-999,-999,0
68.5,40,8,3,-114.408,1,-139.485,0,0,20,0,-999,-999,0
68.5,40,8,3,-114.408,5,-142.477,3,3,10,1,10.0599,5.53932,0
68.5,40,8,3,-114.408,7,-152.805,8,8,10,1,13.124,8.60343,0
68.5,42,57,7,-116.14,3,-98.3247,1,1,20,0,-999,-999,0
68.5,42,57,7,-116.14,6,-133.713,2,2,10,1,11.7826,7.26202,0
68.5,42,57,7,-116.14,2,-147.501,0,0,20,0,-999,-999,0
68.5,42,57,7,-116.14,4,-153.456,0,0,20,0,-999,-999,0
68.5,42,57,7,-116.14,1,-164.964,0,0,20,0,-999,-999,0
68.5,42,57,7,-116.14,5,-174.353,3,3,10,1,10.0599,5.53932,0
68.5,56,24,7,-94.6316,6,-138.911,2,2,10,1,11.7826,7.26202,0
68.5,56,24,7,-94.6316,3,-141.167,1,1,20,0,-999,-999,0
68.5,56,24,7,-94.6316,4,-146.992,0,0,20,0,-999,-999,0
68.5,56,24,7,-94.6316,2,-148.054,0,0,20,0,-999,-999,0
68.5,56,24,7,-94.6316,5,-154.042,3,3,10,1,10.0599,5.53932,0
68.5,56,24,7,-94.6316,1,-157.823,0,0,20,0,-999,-999,0
68.5,67,15,7,-127.716,3,-137.797,1,1,20,0,-999,-999,0
68.5,67,15,7,-127.716,5,-143.46,3,3,10,1,10.0599,5.53932,0
68.5,67,15,7,-127.716,2,-149.412,0,0,20,0,-999,-999,0
68.5,67,15,7,-127.716,6,-151.288,2,2,10,1,11.7826,7.26202,0
68.5,67,15,7,-127.716,4,-157.037,0,0,20,0,-999,-999,0
68.5,67,15,7,-127.716,1,-162.693,0,0,20,0,-999,-999,0
68.5,71,8,5,-124.892,1,-136.116,0,0,20,0,-999,-999,0
68.5,71,8,5,-124.892,3,-138.036,1,1,20,0,-999,-999,0
68.5,71,8,5,-124.892,6,-144.256,2,2,10,1,11.7826,7.26202,0
68.5,71,8,5,-124.892,4,-150.784,0,0,20,0,-999,-999,0
68.5,71,8,5,-124.892,7,-153.289,8,8,10,1,13.124,8.60343,0
68.5,71,8,5,-124.892,2,-161.373,0,0,20,0,-999,-999,0
68.5,78,65,7,-128.067,3,-113.585,1,1,20,0,-999,-999,0
68.5,78,65,7,-128.067,6,-136.775,2,2,10,1,11.7826,7.26202,0
68.5,78,65,7,-128.067,2,-143.164,0,0,20,0,-999,-999,0
68.5,78,65,7,-128.067,4,-146.648,0,0,20,0,-999,-999,0
68.5,78,65,7,-128.067,1,-155.56,0,0,20,0,-999,-999,0
68.5,78,65,7,-128.067,5,-155.686,3,3,10,1,10.0599,5.53932,0
68.5,79,17,6,-145.964,7,-97.0787,8,8,10,1,13.124,8.60343,0
68.5,79,17,6,-145.964,5,-116.343,3,3,10,1,10.0599,5.53932,0
68.5,79,17,6,-145.964,3,-133.384,1,1,20,0,-999,-999,0
68.5,79,17,6,-145.964,2,-149.577,0,0,20,0,-999,-999,0
68.5,79,17,6,-145.964,4,-150.23,0,0,20,0,-999,-999,0
68.5,79,17,6,-145.964,1,-157.629,0,0,20,0,-999,-999,0
68.5,83,48,7,-131.027,5,-114.209,3,3,10,1,10.0599,5.53932,0
68.5,83,48,7,-131.027,3,-128.174,1,1,20,0,-999,-999,0
68.5,83,48,7,-131.027,6,-135.511,2,2,10,1,11.7826,7.26202,0
68.5,83,48,7,-131.027,2,-141.164,0,0,20,0,-999,-999,0
68.5,83,48,7,-131.027,4,-149.409,0,0,20,0,-999,-999,0
68.5,83,48,7,-131.027,1,-149.424,0,0,20,0,-999,-999,0
68.5,86,16,6,-105.953,3,-130.858,1,1,20,0,-999,-999,0
68.5,86,16,6,-105.953,7,-141.292,8,8,10,1,13.124,8.60343,0
68.5,86,16,6,-105.953,5,-144.344,3,3,10,1,10.0599,5.53932,0
68.5,86,16,6,-105.953,2,-146.324,0,0,20,0,-999,-999,0
68.5,86,16,6,-105.953,4,-154.269,0,0,20,0,-999,-999,0
68.5,86,16,6,-105.953,1,-154.698,0,0,20,0,-999,-999,0
68.5,97,49,7,-138.351,3,-122.277,1,1,20,0,-999,-999,0
68.5,97,49,7,-138.351,2,-130.237,0,0,20,0,-999,-999,0
68.5,97,49,7,-138.351,6,-131.529,2,2,10,1,11.7826,7.26202,0
68.5,97,49,7,-138.351,4,-135.66,0,0,20,0,-999,-999,0
68.5,97,49,7,-138.351,5,-150.231,3,3,10,1,10.0599,5.53932,0
68.5,97,49,7,-138.351,1,-154.401,0,0,20,0,-999,-999,0
68.5,107,24,5,-104.685,3,-130.479,1,1,20,0,-999,-999,0
68.5,107,24,5,-104.685,7,-142.08,8,8,10,1,13.124,8.60343,0
68.5,107,24,5,-104.685,6,-150.535,2,2,10,1,11.7826,7.26202,0
68.5,107,24,5,-104.685,1,-155.77,0,0,20,0,-999,-999,0
68.5,107,24,5,-104.685,4,-157.814,0,0,20,0,-999,-999,0
68.5,107,24,5,-104.685,2,-162.559,0,0,20,0,-999,-999,0
70.5,14,40,7,-128.935,6,-146.291,2,2,10,1,12.69,8.16943,0
70.5,14,40,7,-128.935,3,-152.749,1,1,20,0,-999,-999,0
70.5,14,40,7,-128.935,2,-161.524,0,0,20,0,-999,-999,0
70.5,14,40,7,-128.935,4,-166.931,0,0,20,0,-999,-999,0
70.5,14,40,7,-128.935,1,-169.83,0,0,20,0,-999,-999,0
70.5,14,40,7,-128.935,5,-186.991,3,3,10,1,9.589,5.0684,0
70.5,29,16,5,-82.8201,3,-136.493,1,1,20,0,-999,-999,0
70.5,29,16,5,-82.8201,1,-141.581,0,0,20,0,-999,-999,0
70.5,29,16,5,-82.8201,6,-147.181,2,2,10,1,12.69,8.16943,0
70.5,29,16,5,-82.8201,4,-149.288,0,0,20,0,-999,-999,0
70.5,29,16,5,-82.8201,7,-149.294,8,8,10,1,7.64171,3.12111,0
70.5,29,16,5,-82.8201,2,-153.886,0,0,20,0,-999,-999,0
70.5,33,32,7,-146.831,5,-145.965,3,3,10,1,9.589,5.0684,0
70.5,33,32,7,-146.831,3,-146.281,1,1,20,0,-999,-999,0
70.5,33,32,7,-146.831,6,-151.718,2,2,10,1,12.69,8.16943,0
70.5,33,32,7,-146.831,2,-152.281,0,0,20,0,-999,-999,0
70.5,33,32,7,-146.831,4,-159.827,0,0,20,0,-999,-999,0
70.5,33,32,7,-146.831,1,-167.632,0,0,20,0,-999,-999,0
70.5,40,8,3,-108.024,6,-125.659,2,2,10,1,12.69,8.16943,0
70.5,40,8,3,-108.024,4,-131.509,0,0,20,0,-999,-999,0
70.5,40,8,3,-108.024,2,-138.352,0,0,20,0,-999,-999,0
70.5,40,8,3,-108.024,1,-143.893,0,0,20,0,-999,-999,0
70.5,40,8,3,-108.024,5,-146.37,3,3,10,1,9.589,5.0684,0
70.5,40,8,3,-108.024,7,-151.396,8,8,10,1,7.64171,3.12111,0
70.5,42,57,7,-143.606,5,-131.309,3,3,10,1,9.589,5.0684,0
70.5,42,57,7,-143.606,3,-133.385,1,1,20,0,-999,-999,0
70.5,42,57,7,-143.606,2,-139.617,0,0,20,0,-999,-999,0
70.5,42,57,7,-143.606,6,-145.514,2,2,10,1,12.69,8.16943,0
70.5,42,57,7,-143.606,4,-149.57,0,0,20,0,-999,-999,0
70.5,42,57,7,-143.606,1,-165.902,0,0,20,0,-999,-999,0
70.5,56,24,7,-116.026,3,-106.146,1,1,20,0,-999,-999,0
70.5,56,24,7,-116.026,5,-117.08,3,3,10,1,9.589,5.0684,0
70.5,56,24,7,-116.026,6,-139.805,2,2,10,1,12.69,8.16943,0
70.5,56,24,7,-116.026,2,-144.069,0,0,20,0,-999,-999,0
70.5,56,24,7,-116.026,4,-152.478,0,0,20,0,-999,-999,0
70.5,56,24,7,-116.026,1,-157.751,0,0,20,0,-999,-999,0
70.5,67,15,7,-114.004,3,-134.416,1,1,20,0,-999,-999,0
70.5,67,15,7,-114.004,5,-143.882,3,3,10,1,9.589,5.0684,0
70.5,67,15,7,-114.004,6,-149.008,2,2,10,1,12.69,8.16943,0
70.5,67,15,7,-114.004,2,-151.334,0,0,20,0,-999,-999,0
70.5,67,15,7,-114.004,4,-156.639,0,0,20,0,-999,-999,0
70.5,67,15,7,-114.004,1,-161.176,0,0,20,0,-999,-999,0
70.5,71,8,5,-123.627,6,-124.413,2,2,10,1,12.69,8.16943,0
70.5,71,8,5,-123.627,2,-137.405,0,0,20,0,-999,-999,0
70.5,71,8,5,-123.627,7,-141.582,8,8,10,1,7.64171,3.12111,0
70.5,71,8,5,-123.627,1,-143.522,0,0,20,0,-999,-999,0
70.5,71,8,5,-123.627,3,-144.501,1,1,20,0,-999,-999,0
70.5,71,8,5,-123.627,4,-148.75,0,0,20,0,-999,-999,0
70.5,78,65,7,-133.232,6,-123.688,2,2,10,1,12.69,8.16943,0
70.5,78,65,7,-133.232,3,-136.474,1,1,20,0,-999,-999,0
70.5,78,65,7,-133.232,5,-136.661,3,3,10,1,9.589,5.0684,0
70.5,78,65,7,-133.232,4,-141.697,0,0,20,0,-999,-999,0
70.5,78,65,7,-133.232,2,-143.704,0,0,20,0,-999,-999,0
70.5,78,65,7,-133.232,1,-157.199,0,0,20,0,-999,-999,0
70.5,79,17,6,-118.905,7,-119.04,8,8,10,1,7.64171,3.12111,0
70.5,79,17,6,-118.905,5,-133.48,3,3,10,1,9.589,5.0684,0
70.5,79,17,6,-118.905,3,-135.264,1,1,20,0,-999,-999,0
70.5,79,17,6,-118.905,4,-145.065,0,0,20,0,-999,-999,0
70.5,79,17,6,-118.905,2,-148.385,0,0,20,0,-999,-999,0
70.5,79,17,6,-118.905,1,-157.928,0,0,20,0,-999,-999,0
70.5,83,48,7,-133.863,3,-95.0968,1,1,20,0,-999,-999,0
70.5,83,48,7,-133.863,5,-132.712,3,3,10,1,9.589,5.0684,0
70.5,83,48,7,-133.863,2,-137.43,0,0,20,0,-999,-999,0
70.5,83,48,7,-133.863,6,-140.933,2,2,10,1,12.69,8.16943,0
70.5,83,48,7,-133.863,4,-148.618,0,0,20,0,-999,-999,0
70.5,83,48,7,-133.863,1,-154.797,0,0,20,0,-999,-999,0
70.5,86,16,6,-111.687,3,-95.0981,1,1,20,0,-999,-999,0
70.5,86,16,6,-111.687,7,-121.465,8,8,10,1,7.64171,3.12111,0
70.5,86,16,6,-111.687,5,-126.623,3,3,10,1,9.589,5.0684,0
70.5,86,16,6,-111.687,2,-147.279,0,0,20,0,-999,-999,0
70.5,86,16,6,-111.687,4,-153.997,0,0,20,0,-999,-999,0
70.5,86,16,6,-111.687,1,-158.376,0,0,20,0,-999,-999,0
70.5,97,49,7,-119.219,3,-123.36,1,1,20,0,-999,-999,0
70.5,97,49,7,-119.219,5,-124.839,3,3,10,1,9.589,5.0684,0
70.5,97,49,7,-119.219,6,-127.846,2,2,10,1,12.69,8.16943,0
70.5,97,49,7,-119.219,2,-137.191,0,0,20,0,-999,-999,0
70.5,97,49,7,-119.219,4,-137.668,0,0,20,0,-999,-999,0
70.5,97,49,7,-119.219,1,-151.835,0,0,20,0,-999,-999,0
70.5,107,24,5,-107.06,3,-142.427,1,1,20,0,-999,-999,0
70.5,107,24,5,-107.06,6,-146.717,2,2,10,1,12.69,8.16943,0
70.5,107,24,5,-107.06,1,-153.086,0,0,20,0,-999,-999,0
70.5,107,24,5,-107.06,7,-153.787,8,8,10,1,7.64171,3.12111,0
70.5,107,24,5,-107.06,4,-163.246,0,0,20,0,-999,-999,0
70.5,107,24,5,-107.06,2,-168.6,0,0,20,0,-999,-999,0
72.5,14,40,7,-154.494,6,-142.872,2,2,10,1,12.6227,8.10211,0
72.5,14,40,7,-154.494,3,-144.853,1,1,20,0,-999,-999,0
72.5,14,40,7,-154.494,2,-161.57,0,0,20,0,-999,-999,0
72.5,14,40,7,-154.494,4,-172.258,0,0,20,0,-999,-999,0
72.5,14,40,7,-154.494,1,-176.852,0,0,20,0,-999,-999,0
72.5,14,40,7,-154.494,5,-176.97,3,3,10,1,9.68552,5.16492,0
72.5,29,16,5,-115.237,3,-133.903,1,1,20,0,-999,-999,0
72.5,29,16,5,-115.237,6,-135.537,2,2,10,1,12.6227,8.10211,0
72.5,29,16,5,-115.237,1,-141.443,0,0,20,0,-999,-999,0
72.5,29,16,5,-115.237,4,-150.136,0,0,20,0,-999,-999,0
72.5,29,16,5,-115.237,7,-153.08,8,8,10,1,11.935,7.41443,0
72.5,29,16,5,-115.237,2,-155.246,0,0,20,0,-999,-999,0
72.5,33,32,7,-136.248,3,-142.35,1,1,20,0,-999,-999,0
72.5,33,32,7,-136.248,6,-149.564,2,2,10,1,12.6227,8.10211,0
72.5,33,32,7,-136.248,5,-152.411,3,3,10,1,9.68552,5.16492,0
72.5,33,32,7,-136.248,2,-153.485,0,0,20,0,-999,-999,0
72.5,33,32,7,-136.248,4,-156.141,0,0,20,0,-999,-999,0
72.5,33,32,7,-136.248,1,-165.008,0,0,20,0,-999,-999,0
72.5,40,8,3,-77.7927,7,-124.15,8,8,10,1,11.935,7.41443,0
72.5,40,8,3,-77.7927,6,-125.617,2,2,10,1,12.6227,8.10211,0
72.5,40,8,3,-77.7927,4,-129.322,0,0,20,0,-999,-999,0
72.5,40,8,3,-77.7927,2,-135.094,0,0,20,0,-999,-999,0
72.5,40,8,3,-77.7927,5,-139.005,3,3,10,1,9.68552,5.16492,0
72.5,40,8,3,-77.7927,1,-144.607,0,0,20,0,-999,-999,0
72.5,42,57,7,-144.963,6,-107.056,2,2,10,1,12.6227,8.10211,0
72.5,42,57,7,-144.963,3,-137.167,1,1,20,0,-999,-999,0
72.5,42,57,7,-144.963,2,-144.882,0,0,20,0,-999,-999,0
72.5,42,57,7,-144.963,4,-155.696,0,0,20,0,-999,-999,0
72.5,42,57,7,-144.963,1,-162.86,0,0,20,0,-999,-999,0
72.5,42,57,7,-144.963,5,-167.442,3,3,10,1,9.68552,5.16492,0
72.5,56,24,7,-137.16,5,-123.054,3,3,10,1,9.68552,5.16492,0
72.5,56,24,7,-137.16,6,-141.012,2,2,10,1,12.6227,8.10211,0
72.5,56,24,7,-137.16,3,-144.617,1,1,20,0,-999,-999,0
72.5,56,24,7,-137.16,2,-147.714,0,0,20,0,-999,-999,0
72.5,56,24,7,-137.16,4,-148.221,0,0,20,0,-999,-999,0
72.5,56,24,7,-137.16,1,-160.974,0,0,20,0,-999,-999,0
72.5,67,15,7,-103.134,3,-140.559,1,1,20,0,-999,-999,0
72.5,67,15,7,-103.134,6,-148.05,2,2,10,1,12.6227,8.10211,0
72.5,67,15,7,-103.134,2,-148.074,0,0,20,0,-999,-999,0
72.5,67,15,7,-103.134,5,-150.562,3,3,10,1,9.68552,5.16492,0
72.5,67,15,7,-103.134,4,-156.38,0,0,20,0,-999,-999,0
72.5,67,15,7,-103.134,1,-161.457,0,0,20,0,-999,-999,0
72.5,71,8,5,-126.429,1,-138.324,0,0,20,0,-999,-999,0
72.5,71,8,5,-126.429,3,-141.504,1,1,20,0,-999,-999,0
72.5,71,8,5,-126.429,7,-151.514,8,8,10,1,11.935,7.41443,0
72.5,71,8,5,-126.429,4,-154.882,0,0,20,0,-999,-999,0
72.5,71,8,5,-126.429,6,-155.295,2,2,10,1,12.6227,8.10211,0
72.5,71,8,5,-126.429,2,-162.165,0,0,20,0,-999,-999,0
72.5,78,65,7,-127.665,3,-133.316,1,1,20,0,-999,-999,0
72.5,78,65,7,-127.665,6,-136.077,2,2,10,1,12.6227,8.10211,0
72.5,78,65,7,-127.665,2,-137.524,0,0,20,0,-999,-999,0
72.5,78,65,7,-127.665,4,-143.507,0,0,20,0,-999,-999,0
72.5,78,65,7,-127.665,5,-154.133,3,3,10,1,9.68552,5.16492,0
72.5,78,65,7,-127.665,1,-159.163,0,0,20,0,-999,-999,0
72.5,79,17,6,-137.495,3,-129.835,1,1,20,0,-999,-999,0
72.5,79,17,6,-137.495,7,-136.522,8,8,10,1,11.935,7.41443,0
72.5,79,17,6,-137.495,5,-149.568,3,3,10,1,9.68552,5.16492,0
72.5,79,17,6,-137.495,2,-151.083,0,0,20,0,-999,-999,0
72.5,79,17,6,-137.495,4,-151.681,0,0,20,0,-999,-999,0
72.5,79,17,6,-137.495,1,-156.624,0,0,20,0,-999,-999,0
72.5,83,48,7,-137.136,3,-94.8611,1,1,20,0,-999,-999,3
72.5,83,48,7,-137.136,6,-129.233,2,2,10,1,12.6227,8.10211,3
72.5,83,48,7,-137.136,2,-139.384,0,0,20,0,-999,-999,3
72.5,83,48,7,-137.136,5,-142.187,3,3,10,1,9.68552,5.16492,3
72.5,83,48,7,-137.136,4,-146.513,0,0,20,0,-999,-999,3
72.5,83,48,7,-137.136,1,-152.118,0,0,20,0,-999,-999,3
72.5,86,16,6,-138.467,5,-107.928,3,3,10,1,9.68552,5.16492,0
72.5,86,16,6,-138.467,3,-127.348,1,2,20,0,-999,-999,0
72.5,86,16,6,-138.467,7,-139.472,8,8,10,1,11.935,7.41443,0
72.5,86,16,6,-138.467,2,-146.738,0,0,20,0,-999,-999,0
72.5,86,16,6,-138.467,4,-149.984,0,0,20,0,-999,-999,0
72.5,86,16,6,-138.467,1,-157.823,0,0,20,0,-999,-999,0
72.5,97,49,7,-146.416,2,-117.002,0,0,20,0,-999,-999,0
72.5,97,49,7,-146.416,3,-118.689,1,2,20,0,-999,-999,0
72.5,97,49,7,-146.416,6,-123.44,2,2,10,1,12.6227,8.10211,0
72.5,97,49,7,-146.416,4,-135.168,0,0,20,0,-999,-999,0
72.5,97,49,7,-146.416,5,-144.641,3,3,10,1,9.68552,5.16492,0
72.5,97,49,7,-146.416,1,-153.797,0,0,20,0,-999,-999,0
72.5,107,24,5,-110.313,7,-121.108,8,8,10,1,11.935,7.41443,0
72.5,107,24,5,-110.313,3,-142.255,1,2,20,0,-999,-999,0
72.5,107,24,5,-110.313,6,-145.273,2,2,10,1,12.6227,8.10211,0
72.5,107,24,5,-110.313,1,-156.019,0,0,20,0,-999,-999,0
72.5,107,24,5,-110.313,4,-157.022,0,0,20,0,-999,-999,0
72.5,107,24,5,-110.313,2,-166.131,0,0,20,0,-999,-999,0
74.5,14,40,7,-151.228,5,-140.863,4,4,10,1,15.4752,10.9546,0
74.5,14,40,7,-151.228,6,-149.31,2,2,10,1,14.5426,10.022,0
74.5,14,40,7,-151.228,3,-151.913,2,2,20,0,-999,-999,0
74.5,14,40,7,-151.228,2,-168.685,0,0,20,0,-999,-999,0
74.5,14,40,7,-151.228,4,-171.342,0,0,20,0,-999,-999,0
74.5,14,40,7,-151.228,1,-171.829,0,0,20,0,-999,-999,0
74.5,29,16,5,-117.193,3,-133.767,2,2,20,0,-999,-999,0
74.5,29,16,5,-117.193,6,-135.065,2,2,10,1,14.5426,10.022,0
74.5,29,16,5,-117.193,1,-141.06,0,0,20,0,-999,-999,0
74.5,29,16,5,-117.193,7,-148.787,7,7,10,1,15.3924,10.8718,0
74.5,29,16,5,-117.193,4,-152.622,0,0,20,0,-999,-999,0
74.5,29,16,5,-117.193,2,-157.971,0,0,20,0,-999,-999,0
74.5,33,32,7,-127.925,3,-144.961,2,2,20,0,-999,-999,0
74.5,33,32,7,-127.925,6,-150.789,2,2,10,1,14.5426,10.022,0
74.5,33,32,7,-127.925,2,-154.696,0,0,20,0,-999,-999,0
74.5,33,32,7,-127.925,5,-154.781,4,4,10,1,15.4752,10.9546,0
74.5,33,32,7,-127.925,4,-160.032,0,0,20,0,-999,-999,0
74.5,33,32,7,-127.925,1,-165.754,0,0,20,0,-999,-999,0
74.5,40,8,3,-115.767,7,-123.446,7,7,10,1,15.3924,10.8718,0
74.5,40,8,3,-115.767,6,-130.189,2,2,10,1,14.5426,10.022,0
74.5,40,8,3,-115.767,4,-135.617,0,0,20,0,-999,-999,0
74.5,40,8,3,-115.767,2,-139.564,0,0,20,0,-999,-999,0
74.5,40,8,3,-115.767,1,-141.789,0,0,20,0,-999,-999,0
74.5,40,8,3,-115.767,5,-145.114,4,4,10,1,15.4752,10.9546,0
74.5,42,57,7,-136.912,3,-112.87,2,2,20,0,-999,-999,0
74.5,42,57,7,-136.912,6,-143.791,2,2,10,1,14.5426,10.022,0
74.5,42,57,7,-136.912,2,-145.797,0,0,20,0,-999,-999,0
74.5,42,57,7,-136.912,4,-155.357,0,0,20,0,-999,-999,0
74.5,42,57,7,-136.912,1,-162.052,0,0,20,0,-999,-999,0
74.5,42,57,7,-136.912,5,-170.656,4,4,10,1,15.4752,10.9546,0
74.5,56,24,7,-133.595,6,-135.693,2,2,10,1,14.5426,10.022,0
74.5,56,24,7,-133.595,3,-145.392,2,2,20,0,-999,-999,0
74.5,56,24,7,-133.595,2,-148.34,0,0,20,0,-999,-999,0
74.5,56,24,7,-133.595,4,-156.149,0,0,20,0,-999,-999,0
74.5,56,24,7,-133.595,1,-161.022,0,0,20,0,-999,-999,0
74.5,56,24,7,-133.595,5,-163.783,4,4,10,1,15.4752,10.9546,0
74.5,67,15,7,-124.782,3,-120.015,2,2,20,0,-999,-999,0
74.5,67,15,7,-124.782,5,-124.778,4,4,10,1,15.4752,10.9546,0
74.5,67,15,7,-124.782,6,-148.042,2,2,10,1,14.5426,10.022,0
74.5,67,15,7,-124.782,2,-150.695,0,0,20,0,-999,-999,0
74.5,67,15,7,-124.782,4,-154.181,0,0,20,0,-999,-999,0
74.5,67,15,7,-124.782,1,-160.651,0,0,20,0,-999,-999,0
74.5,71,8,5,-130.721,3,-135.921,2,2,20,0,-999,-999,0
74.5,71,8,5,-130.721,1,-143.021,0,0,20,0,-999,-999,0
74.5,71,8,5,-130.721,6,-143.191,2,2,10,1,14.5426,10.022,0
74.5,71,8,5,-130.721,4,-150.729,0,0,20,0,-999,-999,0
74.5,71,8,5,-130.721,7,-155.667,7,7,10,1,15.3924,10.8718,0
74.5,71,8,5,-130.721,2,-157.53,0,0,20,0,-999,-999,0
74.5,78,65,7,-133.055,3,-133.961,2,2,20,0,-999,-999,0
74.5,78,65,7,-133.055,6,-135.768,2,2,10,1,14.5426,10.022,0
74.5,78,65,7,-133.055,2,-137.922,0,0,20,0,-999,-999,0
74.5,78,65,7,-133.055,4,-146.389,0,0,20,0,-999,-999,0
74.5,78,65,7,-133.055,5,-149.524,4,4,10,1,15.4752,10.9546,0
74.5,78,65,7,-133.055,1,-153.797,0,0,20,0,-999,-999,0
74.5,79,17,6,-108.69,5,-115.736,4,4,10,1,15.4752,10.9546,0
74.5,79,17,6,-108.69,7,-130.621,7,7,10,1,15.3924,10.8718,0
74.5,79,17,6,-108.69,3,-134.787,2,2,20,0,-999,-999,0
74.5,79,17,6,-108.69,2,-146.576,0,0,20,0,-999,-999,0
74.5,79,17,6,-108.69,4,-148.374,0,0,20,0,-999,-999,0
74.5,79,17,6,-108.69,1,-153.794,0,0,20,0,-999,-999,0
74.5,83,9,3,-94.727,6,-103.062,2,2,10,1,14.5426,10.022,0
74.5,83,9,3,-94.727,7,-134.769,7,7,10,1,15.3924,10.8718,0
74.5,83,9,3,-94.727,2,-138.701,0,0,20,0,-999,-999,0
74.5,83,9,3,-94.727,4,-148.273,0,0,20,0,-999,-999,0
74.5,83,9,3,-94.727,5,-150.251,4,4,10,1,15.4752,10.9546,0
74.5,83,9,3,-94.727,1,-160.431,0,0,20,0,-999,-999,0
74.5,86,16,6,-145.506,7,-127.547,7,7,10,1,15.3924,10.8718,0
74.5,86,16,6,-145.506,3,-134.017,2,2,20,0,-999,-999,0
74.5,86,16,6,-145.506,5,-143.801,4,4,10,1,15.4752,10.9546,0
74.5,86,16,6,-145.506,2,-146.142,0,0,20,0,-999,-999,0
74.5,86,16,6,-145.506,4,-151.357,0,0,20,0,-999,-999,0
74.5,86,16,6,-145.506,1,-154.326,0,0,20,0,-999,-999,0
74.5,97,49,7,-146.491,3,-120.596,2,2,20,0,-999,-999,0
74.5,97,49,7,-146.491,6,-123.223,2,2,10,1,14.5426,10.022,0
74.5,97,49,7,-146.491,4,-135,0,0,20,0,-999,-999,0
74.5,97,49,7,-146.491,2,-135.017,0,0,20,0,-999,-999,0
74.5,97,49,7,-146.491,5,-139.433,4,4,10,1,15.4752,10.9546,0
74.5,97,49,7,-146.491,1,-156.228,0,0,20,0,-999,-999,0
74.5,107,24,5,-152.315,7,-148.097,7,7,10,1,15.3924,10.8718,0
74.5,107,24,5,-152.315,3,-148.107,2,2,20,0,-999,-999,0
74.5,107,24,5,-152.315,6,-152.168,2,2,10,1,14.5426,10.022,0
74.5,107,24,5,-152.315,1,-152.744,0,0,20,0,-999,-999,0
74.5,107,24,5,-152.315,4,-165.044,0,0,20,0,-999,-999,0
74.5,107,24,5,-152.315,2,-169.619,0,0,20,0,-999,-999,0
76.5,14,40,7,-161.353,6,-123.264,2,2,10,1,11.9478,7.42718,0
76.5,14,40,7,-161.353,3,-149.175,2,2,20,0,-999,-999,0
76.5,14,40,7,-161.353,2,-162.102,0,0,20,0,-999,-999,0
76.5,14,40,7,-161.353,1,-170.341,0,0,20,0,-999,-999,0
76.5,14,40,7,-161.353,4,-171.081,0,0,20,0,-999,-999,0
76.5,14,40,7,-161.353,5,-180.141,4,4,10,1,13.6401,9.1195,0
76.5,15,32,5,-130.615,7,-137.408,7,7,10,1,11.5191,6.99846,0
76.5,15,32,5,-130.615,6,-147.885,2,2,10,1,11.9478,7.42718,0
76.5,15,32,5,-130.615,1,-148.46,0,0,20,0,-999,-999,0
76.5,15,32,5,-130.615,3,-149.172,2,2,20,0,-999,-999,0
76.5,15,32,5,-130.615,4,-157.693,0,0,20,0,-999,-999,0
76.5,15,32,5,-130.615,2,-159.702,0,0,20,0,-999,-999,0
76.5,29,16,5,-102.775,6,-131.115,2,2,10,1,11.9478,7.42718,0
76.5,29,16,5,-102.775,7,-137.888,7,7,10,1,11.5191,6.99846,0
76.5,29,16,5,-102.775,3,-138.839,2,2,20,0,-999,-999,0
76.5,29,16,5,-102.775,4,-148.433,0,0,20,0,-999,-999,0
76.5,29,16,5,-102.775,1,-148.437,0,0,20,0,-999,-999,0
76.5,29,16,5,-102.775,2,-153.467,0,0,20,0,-999,-999,0
76.5,33,32,7,-98.294,3,-108.253,2,2,20,0,-999,-999,0
76.5,33,32,7,-98.294,5,-148.72,4,4,10,1,13.6401,9.1195,0
76.5,33,32,7,-98.294,2,-152.756,0,0,20,0,-999,-999,0
76.5,33,32,7,-98.294,6,-156.089,2,2,10,1,11.9478,7.42718,0
76.5,33,32,7,-98.294,4,-158.635,0,0,20,0,-999,-999,0
76.5,33,32,7,-98.294,1,-167.434,0,0,20,0,-999,-999,0
76.5,40,8,3,-114.862,6,-117.157,2,2,10,1,11.9478,7.42718,0
76.5,40,8,3,-114.862,5,-130.279,4,4,10,1,13.6401,9.1195,0
76.5,40,8,3,-114.862,4,-133.541,0,0,20,0,-999,-999,0
76.5,40,8,3,-114.862,2,-140.083,0,0,20,0,-999,-999,0
76.5,40,8,3,-114.862,1,-147.16,0,0,20,0,-999,-999,0
76.5,40,8,3,-114.862,7,-148.334,7,7,10,1,11.5191,6.99846,0
76.5,42,57,7,-139.379,6,-122.637,2,2,10,1,11.9478,7.42718,0
76.5,42,57,7,-139.379,3,-138.963,2,2,20,0,-999,-999,0
76.5,42,57,7,-139.379,2,-144.751,0,0,20,0,-999,-999,0
76.5,42,57,7,-139.379,5,-152.134,4,4,10,1,13.6401,9.1195,0
76.5,42,57,7,-139.379,4,-156.478,0,0,20,0,-999,-999,0
76.5,42,57,7,-139.379,1,-161.618,0,0,20,0,-999,-999,0
76.5,56,24,7,-129.878,3,-107.127,2,2,20,0,-999,-999,0
76.5,56,24,7,-129.878,6,-148.146,2,2,10,1,11.9478,7.42718,0
76.5,56,24,7,-129.878,2,-148.246,0,0,20,0,-999,-999,0
76.5,56,24,7,-129.878,4,-151.264,0,0,20,0,-999,-999,0
76.5,56,24,7,-129.878,5,-151.425,4,4,10,1,13.6401,9.1195,0
76.5,56,24,7,-129.878,1,-156.933,0,0,20,0,-999,-999,0
76.5,67,15,7,-108.363,3,-138.406,2,2,20,0,-999,-999,0
76.5,67,15,7,-108.363,2,-147.69,0,0,20,0,-999,-999,0
76.5,67,15,7,-108.363,6,-148.46,2,2,10,1,11.9478,7.42718,0
76.5,67,15,7,-108.363,5,-150.097,4,4,10,1,13.6401,9.1195,0
76.5,67,15,7,-108.363,4,-154.02,0,0,20,0,-999,-999,0
76.5,67,15,7,-108.363,1,-165.423,0,0,20,0,-999,-999,0
76.5,71,8,5,-122.008,3,-117.332,2,2,20,0,-999,-999,0
76.5,71,8,5,-122.008,6,-131.781,2,2,10,1,11.9478,7.42718,0
76.5,71,8,5,-122.008,1,-138.555,0,0,20,0,-999,-999,0
76.5,71,8,5,-122.008,7,-150.791,7,7,10,1,11.5191,6.99846,0
76.5,71,8,5,-122.008,4,-157.279,0,0,20,0,-999,-999,0
76.5,71,8,5,-122.008,2,-162.775,0,0,20,0,-999,-999,0
76.5,78,65,7,-124.933,6,-117.965,2,2,10,1,11.9478,7.42718,0
76.5,78,65,7,-124.933,5,-128.491,4,4,10,1,13.6401,9.1195,0
76.5,78,65,7,-124.933,3,-134.324,2,2,20,0,-999,-999,0
76.5,78,65,7,-124.933,2,-142.538,0,0,20,0,-999,-999,0
76.5,78,65,7,-124.933,4,-142.929,0,0,20,0,-999,-999,0
76.5,78,65,7,-124.933,1,-151.256,0,0,20,0,-999,-999,0
76.5,79,17,6,-115.85,7,-120.341,7,7,10,1,11.5191,6.99846,0
76.5,79,17,6,-115.85,5,-129.667,4,4,10,1,13.6401,9.1195,0
76.5,79,17,6,-115.85,3,-133.661,2,2,20,0,-999,-999,0
76.5,79,17,6,-115.85,2,-148.075,0,0,20,0,-999,-999,0
76.5,79,17,6,-115.85,4,-149.2,0,0,20,0,-999,-999,0
76.5,79,17,6,-115.85,1,-152.279,0,0,20,0,-999,-999,0
76.5,83,9,3,-135.577,6,-111.206,2,2,10,1,11.9478,7.42718,0
76.5,83,9,3,-135.577,7,-139.902,7,7,10,1,11.5191,6.99846,0
76.5,83,9,3,-135.577,2,-140.292,0,0,20,0,-999,-999,0
76.5,83,9,3,-135.577,5,-142.425,4,4,10,1,13.6401,9.1195,0
76.5,83,9,3,-135.577,4,-148.411,0,0,20,0,-999,-999,0
76.5,83,9,3,-135.577,1,-151.871,0,0,20,0,-999,-999,0
76.5,86,16,6,-118.351,3,-130.336,2,2,20,0,-999,-999,0
76.5,86,16,6,-118.351,7,-131.858,7,7,10,1,11.5191,6.99846,0
76.5,86,16,6,-118.351,2,-143.46,0,0,20,0,-999,-999,0
76.5,86,16,6,-118.351,5,-147.695,4,4,10,1,13.6401,9.1195,0
76.5,86,16,6,-118.351,1,-152.997,0,0,20,0,-999,-999,0
76.5,86,16,6,-118.351,4,-153.653,0,0,20,0,-999,-999,0
76.5,97,49,7,-140.536,3,-124.981,2,2,20,0,-999,-999,0
76.5,97,49,7,-140.536,6,-125.023,2,2,10,1,11.9478,7.42718,0
76.5,97,49,7,-140.536,2,-135.252,0,0,20,0,-999,-999,0
76.5,97,49,7,-140.536,4,-141.286,0,0,20,0,-999,-999,0
76.5,97,49,7,-140.536,5,-148.074,4,4,10,1,13.6401,9.1195,0
76.5,97,49,7,-140.536,1,-156.361,0,0,20,0,-999,-999,0
76.5,107,24,5,-158.962,6,-134.886,2,2,10,1,11.9478,7.42718,0
76.5,107,24,5,-158.962,3,-149.057,2,2,20,0,-999,-999,0
76.5,107,24,5,-158.962,7,-150.996,7,7,10,1,11.5191,6.99846,0
76.5,107,24,5,-158.962,1,-157.294,0,0,20,0,-999,-999,0
76.5,107,24,5,-158.962,4,-165.305,0,0,20,0,-999,-999,0
76.5,107,24,5,-158.962,2,-167.178,0,0,20,0,-999,-999,0
78.5,14,40,7,-111.546,5,-148.512,4,4,10,1,12.7471,8.22645,0
78.5,14,40,7,-111.546,3,-149.877,2,2,20,0,-999,-999,0
78.5,14,40,7,-111.546,6,-154.203,2,2,10,1,12.8429,8.32227,0
78.5,14,40,7,-111.546,2,-162.233,0,0,20,0,-999,-999,0
78.5,14,40,7,-111.546,4,-170.303,0,0,20,0,-999,-999,0
78.5,14,40,7,-111.546,1,-171.834,0,0,20,0,-999,-999,0
78.5,15,32,5,-137.104,3,-139.179,2,2,20,0,-999,-999,0
78.5,15,32,5,-137.104,6,-149.304,2,2,10,1,12.8429,8.32227,0
78.5,15,32,5,-137.104,1,-153.124,0,0,20,0,-999,-999,0
78.5,15,32,5,-137.104,7,-158.735,7,7,10,1,11.9385,7.41795,0
78.5,15,32,5,-137.104,4,-159.423,0,0,20,0,-999,-999,0
78.5,15,32,5,-137.104,2,-163.026,0,0,20,0,-999,-999,0
78.5,29,16,5,-121.518,6,-135.178,2,2,10,1,12.8429,8.32227,0
78.5,29,16,5,-121.518,3,-139.588,2,2,20,0,-999,-999,0
78.5,29,16,5,-121.518,1,-140.97,0,0,20,0,-999,-999,0
78.5,29,16,5,-121.518,2,-150.846,0,0,20,0,-999,-999,0
78.5,29,16,5,-121.518,7,-151.654,7,7,10,1,11.9385,7.41795,0
78.5,29,16,5,-121.518,4,-154.914,0,0,20,0,-999,-999,0
78.5,33,32,7,-138.086,3,-141.405,2,2,20,0,-999,-999,0
78.5,33,32,7,-138.086,5,-141.637,4,4,10,1,12.7471,8.22645,0
78.5,33,32,7,-138.086,6,-153.18,2,2,10,1,12.8429,8.32227,0
78.5,33,32,7,-138.086,2,-154.23,0,0,20,0,-999,-999,0
78.5,33,32,7,-138.086,4,-160.235,0,0,20,0,-999,-999,0
78.5,33,32,7,-138.086,1,-165.65,0,0,20,0,-999,-999,0
78.5,40,8,3,-107.507,5,-118.374,4,4,10,1,12.7471,8.22645,0
78.5,40,8,3,-107.507,6,-126.518,2,2,10,1,12.8429,8.32227,0
78.5,40,8,3,-107.507,4,-134.781,0,0,20,0,-999,-999,0
78.5,40,8,3,-107.507,2,-135.683,0,0,20,0,-999,-999,0
78.5,40,8,3,-107.507,7,-142.216,7,7,10,1,11.9385,7.41795,0
78.5,40,8,3,-107.507,1,-143.354,0,0,20,0,-999,-999,0
78.5,42,57,7,-135.631,6,-139.323,2,2,10,1,12.8429,8.32227,0
78.5,42,57,7,-135.631,3,-144.188,2,2,20,0,-999,-999,0
78.5,42,57,7,-135.631,2,-147.509,0,0,20,0,-999,-999,0
78.5,42,57,7,-135.631,4,-151.521,0,0,20,0,-999,-999,0
78.5,42,57,7,-135.631,1,-164.096,0,0,20,0,-999,-999,0
78.5,42,57,7,-135.631,5,-174.038,4,4,10,1,12.7471,8.22645,0
78.5,56,24,7,-128.785,5,-122.769,4,4,10,1,12.7471,8.22645,0
78.5,56,24,7,-128.785,6,-144.958,2,2,10,1,12.8429,8.32227,0
78.5,56,24,7,-128.785,3,-146.272,2,2,20,0,-999,-999,0
78.5,56,24,7,-128.785,2,-147.779,0,0,20,0,-999,-999,0
78.5,56,24,7,-128.785,4,-155.894,0,0,20,0,-999,-999,0
78.5,56,24,7,-128.785,1,-160.674,0,0,20,0,-999,-999,0
78.5,67,15,7,-130.238,6,-124.695,2,2,10,1,12.8429,8.32227,0
78.5,67,15,7,-130.238,3,-142.551,2,2,20,0,-999,-999,0
78.5,67,15,7,-130.238,2,-144.672,0,0,20,0,-999,-999,0
78.5,67,15,7,-130.238,5,-146.501,4,4,10,1,12.7471,8.22645,0
78.5,67,15,7,-130.238,4,-157.567,0,0,20,0,-999,-999,0
78.5,67,15,7,-130.238,1,-159.291,0,0,20,0,-999,-999,0
78.5,71,8,5,-97.5275,6,-109.832,2,2,10,1,12.8429,8.32227,0
78.5,71,8,5,-97.5275,3,-121.642,2,2,20,0,-999,-999,0
78.5,71,8,5,-97.5275,1,-138.132,0,0,20,0,-999,-999,0
78.5,71,8,5,-97.5275,4,-149.752,0,0,20,0,-999,-999,0
78.5,71,8,5,-97.5275,7,-153.628,7,7,10,1,11.9385,7.41795,0
78.5,71,8,5,-97.5275,2,-155.843,0,0,20,0,-999,-999,0
78.5,78,65,7,-95.6482,3,-95.7301,2,2,20,0,-999,-999,0
78.5,78,65,7,-95.6482,6,-99.4688,2,2,10,1,12.8429,8.32227,0
78.5,78,65,7,-95.6482,4,-145.534,0,0,20,0,-999,-999,0
78.5,78,65,7,-95.6482,2,-145.758,0,0,20,0,-999,-999,0
78.5,78,65,7,-95.6482,5,-149.481,4,4,10,1,12.7471,8.22645,0
78.5,78,65,7,-95.6482,1,-158.312,0,0,20,0,-999,-999,0
78.5,79,17,6,-134.574,5,-122.496,4,4,10,1,12.7471,8.22645,0
78.5,79,17,6,-134.574,7,-135.285,7,7,10,1,11.9385,7.41795,0
78.5,79,17,6,-134.574,3,-137.353,2,2,20,0,-999,-999,0
78.5,79,17,6,-134.574,2,-148.613,0,0,20,0,-999,-999,0
78.5,79,17,6,-134.574,4,-150.492,0,0,20,0,-999,-999,0
78.5,79,17,6,-134.574,1,-157.246,0,0,20,0,-999,-999,0
78.5,83,9,3,-138.952,7,-133.494,7,7,10,1,11.9385,7.41795,0
78.5,83,9,3,-138.952,6,-135.369,2,2,10,1,12.8429,8.32227,0
78.5,83,9,3,-138.952,2,-139.067,0,0,20,0,-999,-999,0
78.5,83,9,3,-138.952,5,-141.808,4,4,10,1,12.7471,8.22645,0
78.5,83,9,3,-138.952,4,-150.526,0,0,20,0,-999,-999,0
78.5,83,9,3,-138.952,1,-158.479,0,0,20,0,-999,-999,0
78.5,86,16,6,-96.8171,7,-101.97,7,7,10,1,11.9385,7.41795,0
78.5,86,16,6,-96.8171,5,-111.525,4,4,10,1,12.7471,8.22645,0
78.5,86,16,6,-96.8171,3,-127.311,2,2,20,0,-999,-999,0
78.5,86,16,6,-96.8171,2,-146.057,0,0,20,0,-999,-999,0
78.5,86,16,6,-96.8171,1,-150.998,0,0,20,0,-999,-999,0
78.5,86,16,6,-96.8171,4,-151.058,0,0,20,0,-999,-999,0
78.5,97,49,7,-146.035,3,-121.171,2,2,20,0,-999,-999,0
78.5,97,49,7,-146.035,6,-132.766,2,2,10,1,12.8429,8.32227,0
78.5,97,49,7,-146.035,2,-136.947,0,0,20,0,-999,-999,0
78.5,97,49,7,-146.035,4,-137.882,0,0,20,0,-999,-999,0
78.5,97,49,7,-146.035,5,-141.251,4,4,10,1,12.7471,8.22645,0
78.5,97,49,7,-146.035,1,-155.993,0,0,20,0,-999,-999,0
78.5,107,24,5,-121.896,3,-145.548,2,2,20,0,-999,-999,0
78.5,107,24,5,-121.896,7,-148.324,7,7,10,1,11.9385,7.41795,0
78.5,107,24,5,-121.896,6,-151.198,2,2,10,1,12.8429,8.32227,0
78.5,107,24,5,-121.896,1,-153.85,0,0,20,0,-999,-999,0
78.5,107,24,5,-121.896,4,-166.695,0,0,20,0,-999,-999,0
78.5,107,24,5,-121.896,2,-168.852,0,0,20,0,-999,-999,0
80.5,14,40,7,-122.318,6,-141.678,2,2,10,1,12.5089,7.98829,0
80.5,14,40,7,-122.318,3,-152.553,2,2,20,0,-999,-999,0
80.5,14,40,7,-122.318,2,-163.434,0,0,20,0,-999,-999,0
80.5,14,40,7,-122.318,4,-172.55,0,0,20,0,-999,-999,0
80.5,14,40,7,-122.318,1,-175.569,0,0,20,0,-999,-999,0
80.5,14,40,7,-122.318,5,-175.691,4,4,10,1,13.4821,8.96152,0
80.5,15,32,5,-130.764,6,-120.626,2,2,10,1,12.5089,7.98829,0
80.5,15,32,5,-130.764,3,-147.758,2,2,20,0,-999,-999,0
80.5,15,32,5,-130.764,1,-147.982,0,0,20,0,-999,-999,0
80.5,15,32,5,-130.764,4,-155.353,0,0,20,0,-999,-999,0
80.5,15,32,5,-130.764,7,-155.785,7,7,10,1,12.9958,8.47524,0
80.5,15,32,5,-130.764,2,-163.353,0,0,20,0,-999,-999,0
80.5,29,16,5,-80.3106,3,-123.854,2,2,20,0,-999,-999,0
80.5,29,16,5,-80.3106,7,-127.607,7,7,10,1,12.9958,8.47524,0
80.5,29,16,5,-80.3106,6,-133.817,2,2,10,1,12.5089,7.98829,0
80.5,29,16,5,-80.3106,1,-138.95,0,0,20,0,-999,-999,0
80.5,29,16,5,-80.3106,4,-150.665,0,0,20,0,-999,-999,0
80.5,29,16,5,-80.3106,2,-158.805,0,0,20,0,-999,-999,0
80.5,33,32,7,-121.703,5,-118.257,4,4,10,1,13.4821,8.96152,0
80.5,33,32,7,-121.703,3,-120.231,2,2,20,0,-999,-999,0
80.5,33,32,7,-121.703,6,-151.574,2,2,10,1,12.5089,7.98829,0
80.5,33,32,7,-121.703,2,-154.22,0,0,20,0,-999,-999,0
80.5,33,32,7,-121.703,4,-159.484,0,0,20,0,-999,-999,0
80.5,33,32,7,-121.703,1,-161.082,0,0,20,0,-999,-999,0
80.5,40,8,3,-99.9878,7,-128.81,7,7,10,1,12.9958,8.47524,0
80.5,40,8,3,-99.9878,4,-131.372,0,0,20,0,-999,-999,0
80.5,40,8,3,-99.9878,6,-133.85,2,2,10,1,12.5089,7.98829,0
80.5,40,8,3,-99.9878,2,-135.365,0,0,20,0,-999,-999,0
80.5,40,8,3,-99.9878,5,-140.06,4,4,10,1,13.4821,8.96152,0
80.5,40,8,3,-99.9878,1,-142.223,0,0,20,0,-999,-999,0
80.5,42,57,7,-125.272,3,-114.02,2,2,20,0,-999,-999,0
80.5,42,57,7,-125.272,6,-119.762,2,2,10,1,12.5089,7.98829,0
80.5,42,57,7,-125.272,2,-141.673,0,0,20,0,-999,-999,0
80.5,42,57,7,-125.272,1,-157.01,0,0,20,0,-999,-999,0
80.5,42,57,7,-125.272,4,-158.138,0,0,20,0,-999,-999,0
80.5,42,57,7,-125.272,5,-177.519,4,4,10,1,13.4821,8.96152,0
80.5,56,24,7,-130.111,5,-117.799,4,4,10,1,13.4821,8.96152,0
80.5,56,24,7,-130.111,3,-123.312,2,2,20,0,-999,-999,0
80.5,56,24,7,-130.111,6,-140.221,2,2,10,1,12.5089,7.98829,0
80.5,56,24,7,-130.111,2,-147.445,0,0,20,0,-999,-999,0
80.5,56,24,7,-130.111,4,-155.561,0,0,20,0,-999,-999,0
80.5,56,24,7,-130.111,1,-159.719,0,0,20,0,-999,-999,0
80.5,67,15,7,-138.837,3,-125.697,2,2,20,0,-999,-999,0
80.5,67,15,7,-138.837,2,-150.055,0,0,20,0,-999,-999,0
80.5,67,15,7,-138.837,5,-150.324,4,4,10,1,13.4821,8.96152,0
80.5,67,15,7,-138.837,6,-152.057,2,2,10,1,12.5089,7.98829,0
80.5,67,15,7,-138.837,4,-154.722,0,0,20,0,-999,-999,0
80.5,67,15,7,-138.837,1,-161.649,0,0,20,0,-999,-999,0
80.5,71,8,5,-121.747,6,-109.879,2,2,10,1,12.5089,7.98829,0
80.5,71,8,5,-121.747,3,-131.452,2,2,20,0,-999,-999,0
80.5,71,8,5,-121.747,1,-138.172,0,0,20,0,-999,-999,0
80.5,71,8,5,-121.747,7,-152.363,7,7,10,1,12.9958,8.47524,0
80.5,71,8,5,-121.747,4,-154.372,0,0,20,0,-999,-999,0
80.5,71,8,5,-121.747,2,-160.859,0,0,20,0,-999,-999,0
80.5,78,65,7,-93.6591,3,-110.371,2,2,20,0,-999,-999,0
80.5,78,65,7,-93.6591,5,-115.577,4,4,10,1,13.4821,8.96152,0
80.5,78,65,7,-93.6591,6,-134.116,2,2,10,1,12.5089,7.98829,0
80.5,78,65,7,-93.6591,4,-142.118,0,0,20,0,-999,-999,0
80.5,78,65,7,-93.6591,2,-143.949,0,0,20,0,-999,-999,0
80.5,78,65,7,-93.6591,1,-156.746,0,0,20,0,-999,-999,0
80.5,79,17,6,-138.837,3,-114.928,2,2,20,0,-999,-999,0
80.5,79,17,6,-138.837,7,-131.344,7,7,10,1,12.9958,8.47524,0
80.5,79,17,6,-138.837,2,-148.634,0,0,20,0,-999,-999,0
80.5,79,17,6,-138.837,4,-152.652,0,0,20,0,-999,-999,0
80.5,79,17,6,-138.837,5,-153.798,4,4,10,1,13.4821,8.96152,0
80.5,79,17,6,-138.837,1,-157.975,0,0,20,0,-999,-999,0
80.5,83,9,3,-94.2722,7,-130.426,7,7,10,1,12.9958,8.47524,0
80.5,83,9,3,-94.2722,6,-140.967,2,2,10,1,12.5089,7.98829,0
80.5,83,9,3,-94.2722,5,-143.684,4,4,10,1,13.4821,8.96152,0
80.5,83,9,3,-94.2722,2,-145.563,0,0,20,0,-999,-999,0
80.5,83,9,3,-94.2722,4,-151.034,0,0,20,0,-999,-999,0
80.5,83,9,3,-94.2722,1,-151.507,0,0,20,0,-999,-999,0
80.5,86,16,6,-136.812,5,-105.053,4,4,10,1,13.4821,8.96152,0
80.5,86,16,6,-136.812,3,-118.092,2,2,20,0,-999,-999,0
80.5,86,16,6,-136.812,7,-134.652,7,7,10,1,12.9958,8.47524,0
80.5,86,16,6,-136.812,2,-146.039,0,0,20,0,-999,-999,0
80.5,86,16,6,-136.812,4,-150.646,0,0,20,0,-999,-999,0
80.5,86,16,6,-136.812,1,-155.297,0,0,20,0,-999,-999,0
80.5,97,49,7,-118.391,3,-100.695,2,2,20,0,-999,-999,0
80.5,97,49,7,-118.391,6,-130.383,2,2,10,1,12.5089,7.98829,0
80.5,97,49,7,-118.391,2,-132.449,0,0,20,0,-999,-999,0
80.5,97,49,7,-118.391,4,-139.721,0,0,20,0,-999,-999,0
80.5,97,49,7,-118.391,5,-146.606,4,4,10,1,13.4821,8.96152,0
80.5,97,49,7,-118.391,1,-154.629,0,0,20,0,-999,-999,0
80.5,107,24,5,-148.185,3,-135.98,2,2,20,0,-999,-999,0
80.5,107,24,5,-148.185,6,-145.384,2,2,10,1,12.5089,7.98829,0
80.5,107,24,5,-148.185,1,-154.949,0,0,20,0,-999,-999,0
80.5,107,24,5,-148.185,7,-160.256,7,7,10,1,12.9958,8.47524,0
80.5,107,24,5,-148.185,4,-160.641,0,0,20,0,-999,-999,0
80.5,107,24,5,-148.185,2,-166.318,0,0,20,0,-999,-999,0
82.5,14,40,7,-121.953,3,-111.978,2,2,20,0,-999,-999,0
82.5,14,40,7,-121.953,6,-140.385,2,2,10,1,13.3746,8.85398,0
82.5,14,40,7,-121.953,2,-154.28,0,0,20,0,-999,-999,0
82.5,14,40,7,-121.953,4,-168.971,0,0,20,0,-999,-999,0
82.5,14,40,7,-121.953,5,-172.518,4,4,10,1,9.6416,5.121,0
82.5,14,40,7,-121.953,1,-174.103,0,0,20,0,-999,-999,0
82.5,15,32,5,-123.778,6,-129.363,2,2,10,1,13.3746,8.85398,0
82.5,15,32,5,-123.778,3,-144.159,2,2,20,0,-999,-999,0
82.5,15,32,5,-123.778,1,-149.043,0,0,20,0,-999,-999,0
82.5,15,32,5,-123.778,7,-152.802,7,7,10,1,13.8463,9.32568,0
82.5,15,32,5,-123.778,2,-160.94,0,0,20,0,-999,-999,0
82.5,15,32,5,-123.778,4,-161.222,0,0,20,0,-999,-999,0
82.5,29,16,5,-126.773,3,-101.359,2,2,20,0,-999,-999,0
82.5,29,16,5,-126.773,6,-115.973,2,2,10,1,13.3746,8.85398,0
82.5,29,16,5,-126.773,1,-137.598,0,0,20,0,-999,-999,0
82.5,29,16,5,-126.773,4,-149.815,0,0,20,0,-999,-999,0
82.5,29,16,5,-126.773,7,-153.27,7,7,10,1,13.8463,9.32568,0
82.5,29,16,5,-126.773,2,-154.823,0,0,20,0,-999,-999,0
82.5,33,32,7,-127.177,5,-132.565,4,4,10,1,9.6416,5.121,0
82.5,33,32,7,-127.177,2,-153.275,0,0,20,0,-999,-999,0
82.5,33,32,7,-127.177,3,-154.912,2,2,20,0,-999,-999,0
82.5,33,32,7,-127.177,6,-155.795,2,2,10,1,13.3746,8.85398,0
82.5,33,32,7,-127.177,4,-160.076,0,0,20,0,-999,-999,0
82.5,33,32,7,-127.177,1,-162.565,0,0,20,0,-999,-999,0
82.5,40,8,3,-113.985,6,-126.599,2,2,10,1,13.3746,8.85398,0
82.5,40,8,3,-113.985,5,-128.992,4,4,10,1,9.6416,5.121,0
82.5,40,8,3,-113.985,4,-133.484,0,0,20,0,-999,-999,0
82.5,40,8,3,-113.985,2,-134.379,0,0,20,0,-999,-999,0
82.5,40,8,3,-113.985,1,-150.355,0,0,20,0,-999,-999,0
82.5,40,8,3,-113.985,7,-156.243,7,7,10,1,13.8463,9.32568,0
82.5,42,57,7,-100.27,3,-133.286,2,2,20,0,-999,-999,0
82.5,42,57,7,-100.27,2,-142.219,0,0,20,0,-999,-999,0
82.5,42,57,7,-100.27,6,-144.485,2,2,10,1,13.3746,8.85398,0
82.5,42,57,7,-100.27,4,-152.451,0,0,20,0,-999,-999,0
82.5,42,57,7,-100.27,1,-165.374,0,0,20,0,-999,-999,0
82.5,42,57,7,-100.27,5,-172.481,4,4,10,1,9.6416,5.121,0
82.5,56,24,7,-103.959,6,-125.372,2,2,10,1,13.3746,8.85398,0
82.5,56,24,7,-103.959,5,-139.036,4,4,10,1,9.6416,5.121,0
82.5,56,24,7,-103.959,3,-139.857,2,2,20,0,-999,-999,0
82.5,56,24,7,-103.959,2,-152.335,0,0,20,0,-999,-999,0
82.5,56,24,7,-103.959,4,-152.365,0,0,20,0,-999,-999,0
82.5,56,24,7,-103.959,1,-160.646,0,0,20,0,-999,-999,0
82.5,67,15,7,-134.571,3,-109.065,2,2,20,0,-999,-999,0
82.5,67,15,7,-134.571,6,-145.573,2,2,10,1,13.3746,8.85398,0
82.5,67,15,7,-134.571,5,-152.516,4,4,10,1,9.6416,5.121,0
82.5,67,15,7,-134.571,4,-153.007,0,0,20,0,-999,-999,0
82.5,67,15,7,-134.571,1,-155.302,0,0,20,0,-999,-999,0
82.5,67,15,7,-134.571,2,-155.314,0,0,20,0,-999,-999,0
82.5,71,8,5,-101.594,3,-113.587,2,2,20,0,-999,-999,0
82.5,71,8,5,-101.594,6,-128.696,2,2,10,1,13.3746,8.85398,0
82.5,71,8,5,-101.594,1,-139.669,0,0,20,0,-999,-999,0
82.5,71,8,5,-101.594,4,-151.244,0,0,20,0,-999,-999,0
82.5,71,8,5,-101.594,2,-154.693,0,0,20,0,-999,-999,0
82.5,71,8,5,-101.594,7,-155.337,7,7,10,1,13.8463,9.32568,0
82.5,78,65,7,-129.518,3,-95.319,2,2,20,0,-999,-999,0
82.5,78,65,7,-129.518,6,-114.184,2,2,10,1,13.3746,8.85398,0
82.5,78,65,7,-129.518,5,-134.457,4,4,10,1,9.6416,5.121,0
82.5,78,65,7,-129.518,2,-139.298,0,0,20,0,-999,-999,0
82.5,78,65,7,-129.518,4,-141.88,0,0,20,0,-999,-999,0
82.5,78,65,7,-129.518,1,-153.339,0,0,20,0,-999,-999,0
82.5,79,17,6,-118.288,7,-108.045,7,7,10,1,13.8463,9.32568,0
82.5,79,17,6,-118.288,3,-139.153,2,2,20,0,-999,-999,0
82.5,79,17,6,-118.288,5,-143.49,4,4,10,1,9.6416,5.121,0
82.5,79,17,6,-118.288,2,-148.101,0,0,20,0,-999,-999,0
82.5,79,17,6,-118.288,4,-150.215,0,0,20,0,-999,-999,0
82.5,79,17,6,-118.288,1,-159.595,0,0,20,0,-999,-999,0
82.5,83,9,3,-130.663,7,-96.2612,7,7,10,1,13.8463,9.32568,0
82.5,83,9,3,-130.663,6,-119.418,2,2,10,1,13.3746,8.85398,0
82.5,83,9,3,-130.663,5,-133.997,4,4,10,1,9.6416,5.121,0
82.5,83,9,3,-130.663,1,-135.348,0,0,20,0,-999,-999,0
82.5,83,9,3,-130.663,2,-142.879,0,0,20,0,-999,-999,0
82.5,83,9,3,-130.663,4,-151.387,0,0,20,0,-999,-999,0
82.5,86,16,6,-130.102,3,-96.8981,2,2,20,0,-999,-999,0
82.5,86,16,6,-130.102,7,-137.427,7,7,10,1,13.8463,9.32568,0
82.5,86,16,6,-130.102,2,-147.406,0,0,20,0,-999,-999,0
82.5,86,16,6,-130.102,5,-150.583,4,4,10,1,9.6416,5.121,0
82.5,86,16,6,-130.102,1,-154.907,0,0,20,0,-999,-999,0
82.5,86,16,6,-130.102,4,-157.458,0,0,20,0,-999,-999,0
82.5,97,49,7,-152.078,6,-128.02,2,2,10,1,13.3746,8.85398,0
82.5,97,49,7,-152.078,3,-131.458,2,2,20,0,-999,-999,0
82.5,97,49,7,-152.078,4,-135.411,0,0,20,0,-999,-999,0
82.5,97,49,7,-152.078,2,-137.009,0,0,20,0,-999,-999,0
82.5,97,49,7,-152.078,5,-148.073,4,4,10,1,9.6416,5.121,0
82.5,97,49,7,-152.078,1,-153.89,0,0,20,0,-999,-999,0
82.5,107,24,5,-140.678,6,-137.792,2,2,10,1,13.3746,8.85398,0
82.5,107,24,5,-140.678,3,-148.369,2,2,20,0,-999,-999,0
82.5,107,24,5,-140.678,7,-149.963,7,7,10,1,13.8463,9.32568,0
82.5,107,24,5,-140.678,1,-152.581,0,0,20,0,-999,-999,0
82.5,107,24,5,-140.678,4,-167.005,0,0,20,0,-999,-999,0
82.5,107,24,5,-140.678,2,-168.839,0,0,20,0,-999,-999,0
84.5,14,40,7,-147.36,6,-147.731,2,2,10,1,10.4303,5.90975,0
84.5,14,40,7,-147.36,3,-154.634,2,2,20,0,-999,-999,0
84.5,14,40,7,-147.36,2,-160.494,0,0,20,0,-999,-999,0
84.5,14,40,7,-147.36,5,-164.463,4,4,10,1,11.4785,6.95795,0
84.5,14,40,7,-147.36,4,-169.134,0,0,20,0,-999,-999,0
84.5,14,40,7,-147.36,1,-172.278,0,0,20,0,-999,-999,0
84.5,15,32,5,-126.027,6,-114.488,2,2,10,1,10.4303,5.90975,0
84.5,15,32,5,-126.027,7,-124.042,7,7,10,1,13.0016,8.48105,0
84.5,15,32,5,-126.027,1,-149.823,0,0,20,0,-999,-999,0
84.5,15,32,5,-126.027,3,-152.714,2,2,20,0,-999,-999,0
84.5,15,32,5,-126.027,4,-159.218,0,0,20,0,-999,-999,0
84.5,15,32,5,-126.027,2,-160.043,0,0,20,0,-999,-999,0
84.5,29,16,5,-119.731,7,-129.874,7,7,10,1,13.0016,8.48105,0
84.5,29,16,5,-119.731,3,-139.714,2,2,20,0,-999,-999,0
84.5,29,16,5,-119.731,6,-139.751,2,2,10,1,10.4303,5.90975,0
84.5,29,16,5,-119.731,1,-140.386,0,0,20,0,-999,-999,0
84.5,29,16,5,-119.731,4,-148.701,0,0,20,0,-999,-999,0
84.5,29,16,5,-119.731,2,-159.247,0,0,20,0,-999,-999,0
84.5,33,32,7,-102.558,3,-142.024,2,2,20,0,-999,-999,0
84.5,33,32,7,-102.558,5,-148.581,4,4,10,1,11.4785,6.95795,0
84.5,33,32,7,-102.558,6,-150.951,2,2,10,1,10.4303,5.90975,0
84.5,33,32,7,-102.558,2,-152.773,0,0,20,0,-999,-999,0
84.5,33,32,7,-102.558,4,-158.477,0,0,20,0,-999,-999,0
84.5,33,32,7,-102.558,1,-164.896,0,0,20,0,-999,-999,0
84.5,40,8,3,-87.3902,6,-101.134,2,2,10,1,10.4303,5.90975,0
84.5,40,8,3,-87.3902,4,-136.345,0,0,20,0,-999,-999,0
84.5,40,8,3,-87.3902,2,-137.675,0,0,20,0,-999,-999,0
84.5,40,8,3,-87.3902,5,-137.736,4,4,10,1,11.4785,6.95795,0
84.5,40,8,3,-87.3902,1,-140.91,0,0,20,0,-999,-999,0
84.5,40,8,3,-87.3902,7,-150.349,7,7,10,1,13.0016,8.48105,0
84.5,42,57,7,-125.514,3,-111.714,2,2,20,0,-999,-999,0
84.5,42,57,7,-125.514,6,-142.073,2,2,10,1,10.4303,5.90975,0
84.5,42,57,7,-125.514,2,-147.278,0,0,20,0,-999,-999,0
84.5,42,57,7,-125.514,4,-153.66,0,0,20,0,-999,-999,0
84.5,42,57,7,-125.514,1,-162.268,0,0,20,0,-999,-999,0
84.5,42,57,7,-125.514,5,-166.251,4,4,10,1,11.4785,6.95795,0
84.5,56,24,7,-127.485,6,-141.921,2,2,10,1,10.4303,5.90975,0
84.5,56,24,7,-127.485,3,-142.255,2,2,20,0,-999,-999,0
84.5,56,24,7,-127.485,2,-147.088,0,0,20,0,-999,-999,0
84.5,56,24,7,-127.485,5,-152.917,4,4,10,1,11.4785,6.95795,0
84.5,56,24,7,-127.485,1,-158.616,0,0,20,0,-999,-999,0
84.5,56,24,7,-127.485,4,-159.023,0,0,20,0,-999,-999,0
84.5,67,15,7,-130.169,3,-145.12,2,2,20,0,-999,-999,0
84.5,67,15,7,-130.169,5,-150.603,4,4,10,1,11.4785,6.95795,0
84.5,67,15,7,-130.169,2,-150.628,0,0,20,0,-999,-999,0
84.5,67,15,7,-130.169,4,-151.936,0,0,20,0,-999,-999,0
84.5,67,15,7,-130.169,6,-154.473,2,2,10,1,10.4303,5.90975,0
84.5,67,15,7,-130.169,1,-160.823,0,0,20,0,-999,-999,0
84.5,71,8,5,-95.4121,3,-136.535,2,2,20,0,-999,-999,0
84.5,71,8,5,-95.4121,1,-137.285,0,0,20,0,-999,-999,0
84.5,71,8,5,-95.4121,6,-144.388,2,2,10,1,10.4303,5.90975,0
84.5,71,8,5,-95.4121,4,-148.541,0,0,20,0,-999,-999,0
84.5,71,8,5,-95.4121,7,-161.015,7,7,10,1,13.0016,8.48105,0
84.5,71,8,5,-95.4121,2,-161.598,0,0,20,0,-999,-999,0
84.5,78,65,7,-124.405,5,-124.523,4,4,10,1,11.4785,6.95795,0
84.5,78,65,7,-124.405,3,-130.516,2,2,20,0,-999,-999,0
84.5,78,65,7,-124.405,2,-136.947,0,0,20,0,-999,-999,0
84.5,78,65,7,-124.405,6,-137.1,2,2,10,1,10.4303,5.90975,0
84.5,78,65,7,-124.405,4,-143.002,0,0,20,0,-999,-999,0
84.5,78,65,7,-124.405,1,-149.268,0,0,20,0,-999,-999,0
84.5,79,17,6,-138.244,3,-105.853,2,2,20,0,-999,-999,0
84.5,79,17,6,-138.244,7,-131.506,7,7,10,1,13.0016,8.48105,0
84.5,79,17,6,-138.244,2,-146.611,0,0,20,0,-999,-999,0
84.5,79,17,6,-138.244,4,-148.79,0,0,20,0,-999,-999,0
84.5,79,17,6,-138.244,5,-152.162,4,4,10,1,11.4785,6.95795,0
84.5,79,17,6,-138.244,1,-163.473,0,0,20,0,-999,-999,0
84.5,83,9,3,-127.648,7,-137.948,7,7,10,1,13.0016,8.48105,0
84.5,83,9,3,-127.648,6,-139.376,2,2,10,1,10.4303,5.90975,0
84.5,83,9,3,-127.648,2,-140.363,0,0,20,0,-999,-999,0
84.5,83,9,3,-127.648,5,-142.269,4,4,10,1,11.4785,6.95795,0
84.5,83,9,3,-127.648,4,-150.831,0,0,20,0,-999,-999,0
84.5,83,9,3,-127.648,1,-159.211,0,0,20,0,-999,-999,0
84.5,86,16,6,-95.3398,3,-104.206,2,2,20,0,-999,-999,0
84.5,86,16,6,-95.3398,7,-104.626,7,7,10,1,13.0016,8.48105,0
84.5,86,16,6,-95.3398,5,-137.406,4,4,10,1,11.4785,6.95795,0
84.5,86,16,6,-95.3398,2,-146.273,0,0,20,0,-999,-999,0
84.5,86,16,6,-95.3398,4,-150.416,0,0,20,0,-999,-999,0
84.5,86,16,6,-95.3398,1,-157.048,0,0,20,0,-999,-999,0
84.5,97,49,7,-151.152,6,-85.5302,2,2,10,1,10.4303,5.90975,0
84.5,97,49,7,-151.152,3,-96.3174,2,2,20,0,-999,-999,0
84.5,97,49,7,-151.152,4,-138.554,0,0,20,0,-999,-999,0
84.5,97,49,7,-151.152,2,-139.383,0,0,20,0,-999,-999,0
84.5,97,49,7,-151.152,5,-148.097,4,4,10,1,11.4785,6.95795,0
84.5,97,49,7,-151.152,1,-151.317,0,0,20,0,-999,-999,0
84.5,107,24,5,-109.959,6,-115.77,2,2,10,1,10.4303,5.90975,0
84.5,107,24,5,-109.959,7,-147.434,7,7,10,1,13.0016,8.48105,0
84.5,107,24,5,-109.959,3,-155.638,2,2,20,0,-999,-999,0
84.5,107,24,5,-109.959,1,-157.92,0,0,20,0,-999,-999,0
84.5,107,24,5,-109.959,4,-161.372,0,0,20,0,-999,-999,0
84.5,107,24,5,-109.959,2,-168.857,0,0,20,0,-999,-999,0
86.5,14,40,7,-128.117,6,-117.021,2,2,10,1,9.0366,4.516,0
86.5,14,40,7,-128.117,3,-150.563,2,2,20,0,-999,-999,0
86.5,14,40,7,-128.117,2,-164.309,0,0,20,0,-999,-999,0
86.5,14,40,7,-128.117,4,-165.05,0,0,20,0,-999,-999,0
86.5,14,40,7,-128.117,5,-176.362,4,4,10,1,12.6608,8.14025,0
86.5,14,40,7,-128.117,1,-176.493,0,0,20,0,-999,-999,0
86.5,15,32,5,-95.985,6,-121.154,2,2,10,1,9.0366,4.516,0
86.5,15,32,5,-95.985,3,-145.356,2,2,20,0,-999,-999,0
86.5,15,32,5,-95.985,1,-148.922,0,0,20,0,-999,-999,0
86.5,15,32,5,-95.985,2,-160.912,0,0,20,0,-999,-999,0
86.5,15,32,5,-95.985,4,-162.094,0,0,20,0,-999,-999,0
86.5,15,32,5,-95.985,7,-164.169,8,8,10,1,13.0536,8.53302,0
86.5,29,16,5,-118.521,3,-131.474,2,2,20,0,-999,-999,0
86.5,29,16,5,-118.521,6,-133.963,2,2,10,1,9.0366,4.516,0
86.5,29,16,5,-118.521,1,-141.531,0,0,20,0,-999,-999,0
86.5,29,16,5,-118.521,4,-148.115,0,0,20,0,-999,-999,0
86.5,29,16,5,-118.521,7,-153.488,8,8,10,1,13.0536,8.53302,0
86.5,29,16,5,-118.521,2,-155.827,0,0,20,0,-999,-999,0
86.5,33,32,7,-116.476,3,-141.787,2,2,20,0,-999,-999,0
86.5,33,32,7,-116.476,5,-145.581,4,4,10,1,12.6608,8.14025,0
86.5,33,32,7,-116.476,2,-148.295,0,0,20,0,-999,-999,0
86.5,33,32,7,-116.476,6,-154.709,2,2,10,1,9.0366,4.516,0
86.5,33,32,7,-116.476,4,-156.79,0,0,20,0,-999,-999,0
86.5,33,32,7,-116.476,1,-162.907,0,0,20,0,-999,-999,0
86.5,40,8,3,-91.1798,6,-126.271,2,2,10,1,9.0366,4.516,0
86.5,40,8,3,-91.1798,4,-132.098,0,0,20,0,-999,-999,0
86.5,40,8,3,-91.1798,1,-139.712,0,0,20,0,-999,-999,0
86.5,40,8,3,-91.1798,2,-139.882,0,0,20,0,-999,-999,0
86.5,40,8,3,-91.1798,5,-151.341,4,4,10,1,12.6608,8.14025,0
86.5,40,8,3,-91.1798,7,-152.225,8,8,10,1,13.0536,8.53302,0
86.5,42,57,7,-72.291,3,-137.808,2,2,20,0,-999,-999,0
86.5,42,57,7,-72.291,2,-144.202,0,0,20,0,-999,-999,0
86.5,42,57,7,-72.291,6,-146.696,2,2,10,1,9.0366,4.516,0
86.5,42,57,7,-72.291,4,-155.579,0,0,20,0,-999,-999,0
86.5,42,57,7,-72.291,1,-163.081,0,0,20,0,-999,-999,0
86.5,42,57,7,-72.291,5,-177.313,4,4,10,1,12.6608,8.14025,0
86.5,56,24,7,-133.862,3,-124.842,2,2,20,0,-999,-999,0
86.5,56,24,7,-133.862,6,-137.351,2,2,10,1,9.0366,4.516,0
86.5,56,24,7,-133.862,2,-151.137,0,0,20,0,-999,-999,0
86.5,56,24,7,-133.862,4,-154.625,0,0,20,0,-999,-999,0
86.5,56,24,7,-133.862,5,-157.859,4,4,10,1,12.6608,8.14025,0
86.5,56,24,7,-133.862,1,-161.176,0,0,20,0,-999,-999,0
86.5,67,15,7,-132.572,2,-147.417,0,0,20,0,-999,-999,0
86.5,67,15,7,-132.572,3,-149.216,2,2,20,0,-999,-999,0
86.5,67,15,7,-132.572,6,-151.7,2,2,10,1,9.0366,4.516,0
86.5,67,15,7,-132.572,4,-155.156,0,0,20,0,-999,-999,0
86.5,67,15,7,-132.572,5,-156.837,4,4,10,1,12.6608,8.14025,0
86.5,67,15,7,-132.572,1,-162.452,0,0,20,0,-999,-999,0
86.5,71,8,5,-88.7684,3,-131.129,2,2,20,0,-999,-999,0
86.5,71,8,5,-88.7684,6,-136.049,2,2,10,1,9.0366,4.516,0
86.5,71,8,5,-88.7684,1,-138.157,0,0,20,0,-999,-999,0
86.5,71,8,5,-88.7684,7,-140.473,8,8,10,1,13.0536,8.53302,0
86.5,71,8,5,-88.7684,4,-153.048,0,0,20,0,-999,-999,0
86.5,71,8,5,-88.7684,2,-162.641,0,0,20,0,-999,-999,0
86.5,78,65,7,-110.407,6,-124.349,2,2,10,1,9.0366,4.516,0
86.5,78,65,7,-110.407,3,-131.616,2,2,20,0,-999,-999,0
86.5,78,65,7,-110.407,4,-140.181,0,0,20,0,-999,-999,0
86.5,78,65,7,-110.407,2,-143.806,0,0,20,0,-999,-999,0
86.5,78,65,7,-110.407,5,-148.771,4,4,10,1,12.6608,8.14025,0
86.5,78,65,7,-110.407,1,-150.569,0,0,20,0,-999,-999,0
86.5,79,17,6,-132.364,7,-116.356,8,8,10,1,13.0536,8.53302,0
86.5,79,17,6,-132.364,4,-144.317,0,0,20,0,-999,-999,0
86.5,79,17,6,-132.364,3,-144.777,2,2,20,0,-999,-999,0
86.5,79,17,6,-132.364,2,-147.265,0,0,20,0,-999,-999,0
86.5,79,17,6,-132.364,5,-154.331,4,4,10,1,12.6608,8.14025,0
86.5,79,17,6,-132.364,1,-164.093,0,0,20,0,-999,-999,0
86.5,83,9,3,-106.776,7,-114.301,8,8,10,1,13.0536,8.53302,0
86.5,83,9,3,-106.776,6,-131.538,2,2,10,1,9.0366,4.516,0
86.5,83,9,3,-106.776,2,-140.033,0,0,20,0,-999,-999,0
86.5,83,9,3,-106.776,5,-148.356,4,4,10,1,12.6608,8.14025,0
86.5,83,9,3,-106.776,1,-151.845,0,0,20,0,-999,-999,0
86.5,83,9,3,-106.776,4,-151.879,0,0,20,0,-999,-999,0
86.5,86,16,6,-128.784,3,-114.308,2,2,20,0,-999,-999,0
86.5,86,16,6,-128.784,7,-139.795,8,8,10,1,13.0536,8.53302,0
86.5,86,16,6,-128.784,2,-143.135,0,0,20,0,-999,-999,0
86.5,86,16,6,-128.784,5,-148.443,4,4,10,1,12.6608,8.14025,0
86.5,86,16,6,-128.784,1,-154.899,0,0,20,0,-999,-999,0
86.5,86,16,6,-128.784,4,-155.529,0,0,20,0,-999,-999,0
86.5,97,49,7,-149.141,3,-90.3612,2,2,20,0,-999,-999,3
86.5,97,49,7,-149.141,6,-130.256,2,2,10,1,9.0366,4.516,3
86.5,97,49,7,-149.141,2,-134.124,0,0,20,0,-999,-999,3
86.5,97,49,7,-149.141,4,-138.464,0,0,20,0,-999,-999,3
86.5,97,49,7,-149.141,5,-146.643,4,4,10,1,12.6608,8.14025,3
86.5,97,49,7,-149.141,1,-153.76,0,0,20,0,-999,-999,3
86.5,107,24,5,-135.087,7,-136.733,8,8,10,1,13.0536,8.53302,0
86.5,107,24,5,-135.087,6,-150.83,2,2,10,1,9.0366,4.516,0
86.5,107,24,5,-135.087,3,-152.456,2,3,20,0,-999,-999,0
86.5,107,24,5,-135.087,1,-156.339,0,0,20,0,-999,-999,0
86.5,107,24,5,-135.087,4,-166.123,0,0,20,0,-999,-999,0
86.5,107,24,5,-135.087,2,-169.39,0,0,20,0,-999,-999,0
88.5,14,40,7,-140.785,6,-142.993,2,2,10,1,13.0235,8.50292,0
88.5,14,40,7,-140.785,3,-149.343,3,3,20,0,-999,-999,0
88.5,14,40,7,-140.785,5,-154.647,5,5,10,1,11.5379,7.01732,0
88.5,14,40,7,-140.785,2,-160.63,0,0,20,0,-999,-999,0
88.5,14,40,7,-140.785,4,-168.708,0,0,20,0,-999,-999,0
88.5,14,40,7,-140.785,1,-176.102,0,0,20,0,-999,-999,0
88.5,15,32,5,-135.551,3,-134.018,3,3,20,0,-999,-999,0
88.5,15,32,5,-135.551,6,-150.142,2,2,10,1,13.0235,8.50292,0
88.5,15,32,5,-135.551,1,-150.369,0,0,20,0,-999,-999,0
88.5,15,32,5,-135.551,2,-159.17,0,0,20,0,-999,-999,0
88.5,15,32,5,-135.551,7,-160.639,7,7,10,1,14.3485,9.82793,0
88.5,15,32,5,-135.551,4,-164.959,0,0,20,0,-999,-999,0
88.5,29,16,5,-122.742,6,-118.745,2,2,10,1,13.0235,8.50292,0
88.5,29,16,5,-122.742,3,-140.364,3,3,20,0,-999,-999,0
88.5,29,16,5,-122.742,1,-144.612,0,0,20,0,-999,-999,0
88.5,29,16,5,-122.742,7,-146.919,7,7,10,1,14.3485,9.82793,0
88.5,29,16,5,-122.742,4,-148.855,0,0,20,0,-999,-999,0
88.5,29,16,5,-122.742,2,-153.374,0,0,20,0,-999,-999,0
88.5,33,32,7,-102.538,3,-122.518,3,3,20,0,-999,-999,0
88.5,33,32,7,-102.538,5,-145.506,5,5,10,1,11.5379,7.01732,0
88.5,33,32,7,-102.538,2,-154.418,0,0,20,0,-999,-999,0
88.5,33,32,7,-102.538,6,-154.761,2,2,10,1,13.0235,8.50292,0
88.5,33,32,7,-102.538,4,-156.926,0,0,20,0,-999,-999,0
88.5,33,32,7,-102.538,1,-165.751,0,0,20,0,-999,-999,0
88.5,40,8,3,-77.8226,6,-118.891,2,2,10,1,13.0235,8.50292,0
88.5,40,8,3,-77.8226,7,-121.852,7,7,10,1,14.3485,9.82793,0
88.5,40,8,3,-77.8226,2,-135.328,0,0,20,0,-999,-999,0
88.5,40,8,3,-77.8226,4,-137.294,0,0,20,0,-999,-999,0
88.5,40,8,3,-77.8226,5,-148.23,5,5,10,1,11.5379,7.01732,0
88.5,40,8,3,-77.8226,1,-149.312,0,0,20,0,-999,-999,0
88.5,42,57,7,-86.5453,3,-120.834,3,3,20,0,-999,-999,0
88.5,42,57,7,-86.5453,6,-125.745,2,2,10,1,13.0235,8.50292,0
88.5,42,57,7,-86.5453,2,-143.911,0,0,20,0,-999,-999,0
88.5,42,57,7,-86.5453,4,-154.371,0,0,20,0,-999,-999,0
88.5,42,57,7,-86.5453,1,-161.832,0,0,20,0,-999,-999,0
88.5,42,57,7,-86.5453,5,-175.655,5,5,10,1,11.5379,7.01732,0
88.5,47,73,7,-91.5021,3,-111.661,3,3,20,0,-999,-999,0
88.5,47,73,7,-91.5021,2,-147.817,0,0,20,0,-999,-999,0
88.5,47,73,7,-91.5021,6,-147.989,2,2,10,1,13.0235,8.50292,0
88.5,47,73,7,-91.5021,4,-152.137,0,0,20,0,-999,-999,0
88.5,47,73,7,-91.5021,5,-152.574,5,5,10,1,11.5379,7.01732,0
88.5,47,73,7,-91.5021,1,-157.649,0,0,20,0,-999,-999,0
88.5,56,24,7,-129.45,6,-124.514,2,2,10,1,13.0235,8.50292,0
88.5,56,24,7,-129.45,3,-141.249,3,3,20,0,-999,-999,0
88.5,56,24,7,-129.45,5,-144.056,5,5,10,1,11.5379,7.01732,0
88.5,56,24,7,-129.45,2,-146.191,0,0,20,0,-999,-999,0
88.5,56,24,7,-129.45,4,-155.825,0,0,20,0,-999,-999,0
88.5,56,24,7,-129.45,1,-157.175,0,0,20,0,-999,-999,0
88.5,67,15,7,-95.3416,3,-136.806,3,3,20,0,-999,-999,0
88.5,67,15,7,-95.3416,5,-147.933,5,5,10,1,11.5379,7.01732,0
88.5,67,15,7,-95.3416,2,-151.567,0,0,20,0,-999,-999,0
88.5,67,15,7,-95.3416,4,-152.545,0,0,20,0,-999,-999,0
88.5,67,15,7,-95.3416,6,-153.033,2,2,10,1,13.0235,8.50292,0
88.5,67,15,7,-95.3416,1,-158.097,0,0,20,0,-999,-999,0
88.5,71,8,5,-124.575,6,-138.59,2,2,10,1,13.0235,8.50292,0
88.5,71,8,5,-124.575,1,-139.196,0,0,20,0,-999,-999,0
88.5,71,8,5,-124.575,3,-141.461,3,3,20,0,-999,-999,0
88.5,71,8,5,-124.575,7,-149.173,7,7,10,1,14.3485,9.82793,0
88.5,71,8,5,-124.575,4,-152.779,0,0,20,0,-999,-999,0
88.5,71,8,5,-124.575,2,-156.967,0,0,20,0,-999,-999,0
88.5,78,65,7,-130.758,6,-113.347,2,2,10,1,13.0235,8.50292,0
88.5,78,65,7,-130.758,3,-133.438,3,3,20,0,-999,-999,0
88.5,78,65,7,-130.758,2,-140.106,0,0,20,0,-999,-999,0
88.5,78,65,7,-130.758,4,-145.317,0,0,20,0,-999,-999,0
88.5,78,65,7,-130.758,5,-152.257,5,5,10,1,11.5379,7.01732,0
88.5,78,65,7,-130.758,1,-156.791,0,0,20,0,-999,-999,0
88.5,79,17,6,-146.762,3,-119.884,3,3,20,0,-999,-999,0
88.5,79,17,6,-146.762,7,-131.262,7,7,10,1,14.3485,9.82793,0
88.5,79,17,6,-146.762,2,-145.173,0,0,20,0,-999,-999,0
88.5,79,17,6,-146.762,4,-145.634,0,0,20,0,-999,-999,0
88.5,79,17,6,-146.762,5,-145.986,5,5,10,1,11.5379,7.01732,0
88.5,79,17,6,-146.762,1,-154.603,0,0,20,0,-999,-999,0
88.5,83,9,3,-134.669,6,-104.772,2,2,10,1,13.0235,8.50292,0
88.5,83,9,3,-134.669,5,-124.291,5,5,10,1,11.5379,7.01732,0
88.5,83,9,3,-134.669,7,-131.622,7,7,10,1,14.3485,9.82793,0
88.5,83,9,3,-134.669,2,-145.279,0,0,20,0,-999,-999,0
88.5,83,9,3,-134.669,4,-149.335,0,0,20,0,-999,-999,0
88.5,83,9,3,-134.669,1,-155.147,0,0,20,0,-999,-999,0
88.5,86,16,6,-122.038,3,-114.488,3,3,20,0,-999,-999,0
88.5,86,16,6,-122.038,7,-136.355,7,7,10,1,14.3485,9.82793,0
88.5,86,16,6,-122.038,5,-141.718,5,5,10,1,11.5379,7.01732,0
88.5,86,16,6,-122.038,2,-145.53,0,0,20,0,-999,-999,0
88.5,86,16,6,-122.038,1,-154.561,0,0,20,0,-999,-999,0
88.5,86,16,6,-122.038,4,-154.65,0,0,20,0,-999,-999,0
88.5,96,40,5,-119.509,6,-142.487,2,2,10,1,13.0235,8.50292,0
88.5,96,40,5,-119.509,7,-149.116,7,7,10,1,14.3485,9.82793,0
88.5,96,40,5,-119.509,3,-150.667,3,3,20,0,-999,-999,0
88.5,96,40,5,-119.509,1,-161.946,0,0,20,0,-999,-999,0
88.5,96,40,5,-119.509,2,-163.904,0,0,20,0,-999,-999,0
88.5,96,40,5,-119.509,4,-164.995,0,0,20,0,-999,-999,0
88.5,97,10,3,-110.118,5,-114.19,5,5,10,1,11.5379,7.01732,0
88.5,97,10,3,-110.118,6,-124.618,2,2,10,1,13.0235,8.50292,0
88.5,97,10,3,-110.118,2,-134.107,0,0,20,0,-999,-999,0
88.5,97,10,3,-110.118,4,-139.697,0,0,20,0,-999,-999,0
88.5,97,10,3,-110.118,1,-147.977,0,0,20,0,-999,-999,0
88.5,97,10,3,-110.118,7,-160.254,7,7,10,1,14.3485,9.82793,0
88.5,107,24,5,-117.543,3,-147.081,3,3,20,0,-999,-999,0
88.5,107,24,5,-117.543,6,-150.024,2,2,10,1,13.0235,8.50292,0
88.5,107,24,5,-117.543,1,-153.199,0,0,20,0,-999,-999,0
88.5,107,24,5,-117.543,7,-155.646,7,7,10,1,14.3485,9.82793,0
88.5,107,24,5,-117.543,4,-161.65,0,0,20,0,-999,-999,0
88.5,107,24,5,-117.543,2,-166.791,0,0,20,0,-999,-999,0
90.5,14,40,7,-117.876,3,-148.895,3,3,20,0,-999,-999,0
90.5,14,40,7,-117.876,6,-151.238,2,2,10,1,13.388,8.86743,0
90.5,14,40,7,-117.876,2,-161.754,0,0,20,0,-999,-999,0
90.5,14,40,7,-117.876,4,-169.467,0,0,20,0,-999,-999,0
90.5,14,40,7,-117.876,5,-169.53,5,5,10,1,15.1141,10.5935,0
90.5,14,40,7,-117.876,1,-175.26,0,0,20,0,-999,-999,0
90.5,15,32,5,-103.026,6,-143.662,2,2,10,1,13.388,8.86743,0
90.5,15,32,5,-103.026,3,-146.986,3,3,20,0,-999,-999,0
90.5,15,32,5,-103.026,1,-151.048,0,0,20,0,-999,-999,0
90.5,15,32,5,-103.026,7,-154.332,7,7,10,1,11.9343,7.41375,0
90.5,15,32,5,-103.026,4,-156.793,0,0,20,0,-999,-999,0
90.5,15,32,5,-103.026,2,-161.008,0,0,20,0,-999,-999,0
90.5,29,16,5,-121.006,6,-136.308,2,2,10,1,13.388,8.86743,0
90.5,29,16,5,-121.006,3,-136.688,3,3,20,0,-999,-999,0
90.5,29,16,5,-121.006,1,-140.673,0,0,20,0,-999,-999,0
90.5,29,16,5,-121.006,4,-146.752,0,0,20,0,-999,-999,0
90.5,29,16,5,-121.006,7,-147.369,7,7,10,1,11.9343,7.41375,0
90.5,29,16,5,-121.006,2,-160.742,0,0,20,0,-999,-999,0
90.5,33,32,7,-139.334,3,-109.854,3,3,20,0,-999,-999,0
90.5,33,32,7,-139.334,5,-124.932,5,5,10,1,15.1141,10.5935,0
90.5,33,32,7,-139.334,6,-139.169,2,2,10,1,13.388,8.86743,0
90.5,33,32,7,-139.334,2,-153.943,0,0,20,0,-999,-999,0
90.5,33,32,7,-139.334,4,-159.436,0,0,20,0,-999,-999,0
90.5,33,32,7,-139.334,1,-164.58,0,0,20,0,-999,-999,0
90.5,40,8,3,-114.494,6,-129.792,2,2,10,1,13.388,8.86743,0
90.5,40,8,3,-114.494,2,-132.127,0,0,20,0,-999,-999,0
90.5,40,8,3,-114.494,4,-135.868,0,0,20,0,-999,-999,0
90.5,40,8,3,-114.494,7,-144.884,7,7,10,1,11.9343,7.41375,0
90.5,40,8,3,-114.494,1,-145.354,0,0,20,0,-999,-999,0
90.5,40,8,3,-114.494,5,-147.967,5,5,10,1,15.1141,10.5935,0
90.5,42,57,7,-105.094,6,-110.132,2,2,10,1,13.388,8.86743,0
90.5,42,57,7,-105.094,2,-140.428,0,0,20,0,-999,-999,0
90.5,42,57,7,-105.094,3,-140.482,3,3,20,0,-999,-999,0
90.5,42,57,7,-105.094,4,-157.492,0,0,20,0,-999,-999,0
90.5,42,57,7,-105.094,1,-164.23,0,0,20,0,-999,-999,0
90.5,42,57,7,-105.094,5,-178.94,5,5,10,1,15.1141,10.5935,0
90.5,47,73,7,-91.4479,3,-145.086,3,3,20,0,-999,-999,0
90.5,47,73,7,-91.4479,6,-145.887,2,2,10,1,13.388,8.86743,0
90.5,47,73,7,-91.4479,2,-148.219,0,0,20,0,-999,-999,0
90.5,47,73,7,-91.4479,5,-155.73,5,5,10,1,15.1141,10.5935,0
90.5,47,73,7,-91.4479,4,-158.353,0,0,20,0,-999,-999,0
90.5,47,73,7,-91.4479,1,-164.144,0,0,20,0,-999,-999,0
90.5,56,24,7,-128.799,6,-140.514,2,2,10,1,13.388,8.86743,0
90.5,56,24,7,-128.799,3,-142.036,3,3,20,0,-999,-999,0
90.5,56,24,7,-128.799,2,-146.598,0,0,20,0,-999,-999,0
90.5,56,24,7,-128.799,5,-153.458,5,5,10,1,15.1141,10.5935,0
90.5,56,24,7,-128.799,4,-153.822,0,0,20,0,-999,-999,0
90.5,56,24,7,-128.799,1,-155.468,0,0,20,0,-999,-999,0
90.5,67,15,7,-132.778,6,-119.126,2,2,10,1,13.388,8.86743,0
90.5,67,15,7,-132.778,3,-139.906,3,3,20,0,-999,-999,0
90.5,67,15,7,-132.778,2,-148.149,0,0,20,0,-999,-999,0
90.5,67,15,7,-132.778,5,-153.398,5,5,10,1,15.1141,10.5935,0
90.5,67,15,7,-132.778,4,-157.951,0,0,20,0,-999,-999,0
90.5,67,15,7,-132.778,1,-159.646,0,0,20,0,-999,-999,0
90.5,71,8,5,-123.369,7,-137.881,7,7,10,1,11.9343,7.41375,0
90.5,71,8,5,-123.369,1,-140.533,0,0,20,0,-999,-999,0
90.5,71,8,5,-123.369,6,-142.666,2,2,10,1,13.388,8.86743,0
90.5,71,8,5,-123.369,3,-143.581,3,3,20,0,-999,-999,0
90.5,71,8,5,-123.369,4,-150.382,0,0,20,0,-999,-999,0
90.5,71,8,5,-123.369,2,-153.808,0,0,20,0,-999,-999,0
90.5,78,65,7,-135.54,3,-94.3777,3,3,20,0,-999,-999,0
90.5,78,65,7,-135.54,6,-135.081,2,2,10,1,13.388,8.86743,0
90.5,78,65,7,-135.54,2,-140.156,0,0,20,0,-999,-999,0
90.5,78,65,7,-135.54,1,-140.321,0,0,20,0,-999,-999,0
90.5,78,65,7,-135.54,4,-147.73,0,0,20,0,-999,-999,0
90.5,78,65,7,-135.54,5,-147.966,5,5,10,1,15.1141,10.5935,0
90.5,79,17,6,-101.737,7,-123.322,7,7,10,1,11.9343,7.41375,0
90.5,79,17,6,-101.737,3,-136.179,3,3,20,0,-999,-999,0
90.5,79,17,6,-101.737,4,-146.128,0,0,20,0,-999,-999,0
90.5,79,17,6,-101.737,2,-147.961,0,0,20,0,-999,-999,0
90.5,79,17,6,-101.737,5,-153.737,5,5,10,1,15.1141,10.5935,0
90.5,79,17,6,-101.737,1,-157.12,0,0,20,0,-999,-999,0
90.5,83,9,3,-93.653,6,-105.455,2,2,10,1,13.388,8.86743,0
90.5,83,9,3,-93.653,5,-116.635,5,5,10,1,15.1141,10.5935,0
90.5,83,9,3,-93.653,7,-134.418,7,7,10,1,11.9343,7.41375,0
90.5,83,9,3,-93.653,2,-139.437,0,0,20,0,-999,-999,0
90.5,83,9,3,-93.653,4,-153.083,0,0,20,0,-999,-999,0
90.5,83,9,3,-93.653,1,-155.47,0,0,20,0,-999,-999,0
90.5,86,16,6,-137.976,3,-131.442,3,3,20,0,-999,-999,0
90.5,86,16,6,-137.976,7,-140.159,7,7,10,1,11.9343,7.41375,0
90.5,86,16,6,-137.976,5,-142.872,5,5,10,1,15.1141,10.5935,0
90.5,86,16,6,-137.976,2,-148.396,0,0,20,0,-999,-999,0
90.5,86,16,6,-137.976,1,-154.47,0,0,20,0,-999,-999,0
90.5,86,16,6,-137.976,4,-154.679,0,0,20,0,-999,-999,0
90.5,96,40,5,-132.777,3,-111.609,3,3,20,0,-999,-999,0
90.5,96,40,5,-132.777,7,-121.717,7,7,10,1,11.9343,7.41375,0
90.5,96,40,5,-132.777,6,-146.594,2,2,10,1,13.388,8.86743,0
90.5,96,40,5,-132.777,1,-155.826,0,0,20,0,-999,-999,0
90.5,96,40,5,-132.777,4,-161.801,0,0,20,0,-999,-999,0
90.5,96,40,5,-132.777,2,-166.921,0,0,20,0,-999,-999,0
90.5,97,10,3,-129.807,6,-127.365,2,2,10,1,13.388,8.86743,0
90.5,97,10,3,-129.807,2,-127.637,0,0,20,0,-999,-999,0
90.5,97,10,3,-129.807,4,-138.051,0,0,20,0,-999,-999,0
90.5,97,10,3,-129.807,1,-151.635,0,0,20,0,-999,-999,0
90.5,97,10,3,-129.807,7,-151.9,7,7,10,1,11.9343,7.41375,0
90.5,97,10,3,-129.807,5,-153.646,5,5,10,1,15.1141,10.5935,0
90.5,107,24,5,-143.432,7,-143.333,7,7,10,1,11.9343,7.41375,0
90.5,107,24,5,-143.432,6,-145.193,2,2,10,1,13.388,8.86743,0
90.5,107,24,5,-143.432,3,-150.091,3,3,20,0,-999,-999,0
90.5,107,24,5,-143.432,1,-154.776,0,0,20,0,-999,-999,0
90.5,107,24,5,-143.432,4,-160.635,0,0,20,0,-999,-999,0
90.5,107,24,5,-143.432,2,-168.094,0,0,20,0,-999,-999,0
92.5,14,40,7,-152.481,6,-111.564,2,2,10,1,12.3868,7.86623,0
92.5,14,40,7,-152.481,3,-126.599,3,3,20,0,-999,-999,0
92.5,14,40,7,-152.481,2,-164.33,0,0,20,0,-999,-999,0
92.5,14,40,7,-152.481,4,-166.942,0,0,20,0,-999,-999,0
92.5,14,40,7,-152.481,5,-168.929,5,5,10,1,10.1878,5.66716,0
92.5,14,40,7,-152.481,1,-171.739,0,0,20,0,-999,-999,0
92.5,15,32,5,-96.1435,6,-142.985,2,2,10,1,12.3868,7.86623,0
92.5,15,32,5,-96.1435,3,-146.742,3,3,20,0,-999,-999,0
92.5,15,32,5,-96.1435,7,-147.947,7,7,10,1,14.9342,10.4136,0
92.5,15,32,5,-96.1435,1,-156.827,0,0,20,0,-999,-999,0
92.5,15,32,5,-96.1435,4,-157.643,0,0,20,0,-999,-999,0
92.5,15,32,5,-96.1435,2,-163.361,0,0,20,0,-999,-999,0
92.5,29,16,5,-112.086,6,-126.739,2,2,10,1,12.3868,7.86623,0
92.5,29,16,5,-112.086,3,-135.182,3,3,20,0,-999,-999,0
92.5,29,16,5,-112.086,1,-142.615,0,0,20,0,-999,-999,0
92.5,29,16,5,-112.086,4,-148.314,0,0,20,0,-999,-999,0
92.5,29,16,5,-112.086,7,-151.347,7,7,10,1,14.9342,10.4136,0
92.5,29,16,5,-112.086,2,-159.949,0,0,20,0,-999,-999,0
92.5,33,32,7,-97.8044,6,-139.328,2,2,10,1,12.3868,7.86623,0
92.5,33,32,7,-97.8044,3,-142.629,3,3,20,0,-999,-999,0
92.5,33,32,7,-97.8044,2,-151.855,0,0,20,0,-999,-999,0
92.5,33,32,7,-97.8044,5,-151.884,5,5,10,1,10.1878,5.66716,0
92.5,33,32,7,-97.8044,4,-156.853,0,0,20,0,-999,-999,0
92.5,33,32,7,-97.8044,1,-166.302,0,0,20,0,-999,-999,0
92.5,40,8,3,-114.444,6,-106.857,2,2,10,1,12.3868,7.86623,0
92.5,40,8,3,-114.444,7,-120.344,7,7,10,1,14.9342,10.4136,0
92.5,40,8,3,-114.444,2,-132.964,0,0,20,0,-999,-999,0
92.5,40,8,3,-114.444,4,-134.361,0,0,20,0,-999,-999,0
92.5,40,8,3,-114.444,5,-145.958,5,5,10,1,10.1878,5.66716,0
92.5,40,8,3,-114.444,1,-150.72,0,0,20,0,-999,-999,0
92.5,42,57,7,-116.286,3,-121.386,3,3,20,0,-999,-999,0
92.5,42,57,7,-116.286,6,-144.642,2,2,10,1,12.3868,7.86623,0
92.5,42,57,7,-116.286,2,-147.191,0,0,20,0,-999,-999,0
92.5,42,57,7,-116.286,4,-151.69,0,0,20,0,-999,-999,0
92.5,42,57,7,-116.286,1,-162.392,0,0,20,0,-999,-999,0
92.5,42,57,7,-116.286,5,-174.597,5,5,10,1,10.1878,5.66716,0
92.5,47,73,7,-135.521,6,-141.559,2,2,10,1,12.3868,7.86623,0
92.5,47,73,7,-135.521,3,-147.713,3,3,20,0,-999,-999,0
92.5,47,73,7,-135.521,2,-148.283,0,0,20,0,-999,-999,0
92.5,47,73,7,-135.521,5,-151.667,5,5,10,1,10.1878,5.66716,0
92.5,47,73,7,-135.521,4,-159.085,0,0,20,0,-999,-999,0
92.5,47,73,7,-135.521,1,-160.154,0,0,20,0,-999,-999,0
92.5,56,24,7,-139.721,6,-112.762,2,2,10,1,12.3868,7.86623,0
92.5,56,24,7,-139.721,3,-142.175,3,3,20,0,-999,-999,0
92.5,56,24,7,-139.721,5,-146.181,5,5,10,1,10.1878,5.66716,0
92.5,56,24,7,-139.721,2,-147.951,0,0,20,0,-999,-999,0
92.5,56,24,7,-139.721,4,-153.607,0,0,20,0,-999,-999,0
92.5,56,24,7,-139.721,1,-156.919,0,0,20,0,-999,-999,0
92.5,67,15,7,-119.349,6,-118.369,2,2,10,1,12.3868,7.86623,0
92.5,67,15,7,-119.349,3,-141.151,3,3,20,0,-999,-999,0
92.5,67,15,7,-119.349,2,-146.554,0,0,20,0,-999,-999,0
92.5,67,15,7,-119.349,5,-146.575,5,5,10,1,10.1878,5.66716,0
92.5,67,15,7,-119.349,4,-155.079,0,0,20,0,-999,-999,0
92.5,67,15,7,-119.349,1,-173.108,0,0,20,0,-999,-999,0
92.5,71,8,5,-128.116,3,-122.198,3,3,20,0,-999,-999,0
92.5,71,8,5,-128.116,7,-137.102,7,7,10,1,14.9342,10.4136,0
92.5,71,8,5,-128.116,6,-143.36,2,2,10,1,12.3868,7.86623,0
92.5,71,8,5,-128.116,1,-143.526,0,0,20,0,-999,-999,0
92.5,71,8,5,-128.116,2,-154.035,0,0,20,0,-999,-999,0
92.5,71,8,5,-128.116,4,-154.329,0,0,20,0,-999,-999,0
92.5,78,65,7,-117.738,3,-104.592,3,3,20,0,-999,-999,3
92.5,78,65,7,-117.738,6,-138.481,2,2,10,1,12.3868,7.86623,3
92.5,78,65,7,-117.738,2,-140.183,0,0,20,0,-999,-999,3
92.5,78,65,7,-117.738,4,-144.125,0,0,20,0,-999,-999,3
92.5,78,65,7,-117.738,5,-148.086,5,5,10,1,10.1878,5.66716,3
92.5,78,65,7,-117.738,1,-154.707,0,0,20,0,-999,-999,3
92.5,79,17,6,-130.175,7,-107.091,7,7,10,1,14.9342,10.4136,0
92.5,79,17,6,-130.175,5,-115.996,5,5,10,1,10.1878,5.66716,0
92.5,79,17,6,-130.175,3,-119.292,3,4,20,0,-999,-999,0
92.5,79,17,6,-130.175,2,-146.475,0,0,20,0,-999,-999,0
92.5,79,17,6,-130.175,4,-149.359,0,0,20,0,-999,-999,0
92.5,79,17,6,-130.175,1,-157.798,0,0,20,0,-999,-999,0
92.5,83,9,3,-141.49,7,-110.204,7,7,10,1,14.9342,10.4136,0
92.5,83,9,3,-141.49,5,-110.839,5,5,10,1,10.1878,5.66716,0
92.5,83,9,3,-141.49,6,-137.839,2,2,10,1,12.3868,7.86623,0
92.5,83,9,3,-141.49,2,-142.131,0,0,20,0,-999,-999,0
92.5,83,9,3,-141.49,4,-146.412,0,0,20,0,-999,-999,0
92.5,83,9,3,-141.49,1,-151.152,0,0,20,0,-999,-999,0
92.5,86,16,6,-105.647,7,-113.043,7,7,10,1,14.9342,10.4136,0
92.5,86,16,6,-105.647,3,-133.765,3,4,20,0,-999,-999,0
92.5,86,16,6,-105.647,5,-148.337,5,5,10,1,10.1878,5.66716,0
92.5,86,16,6,-105.647,2,-149.556,0,0,20,0,-999,-999,0
92.5,86,16,6,-105.647,4,-150.089,0,0,20,0,-999,-999,0
92.5,86,16,6,-105.647,1,-157.545,0,0,20,0,-999,-999,0
92.5,96,40,5,-134.81,6,-113.828,2,2,10,1,12.3868,7.86623,0
92.5,96,40,5,-134.81,7,-146.765,7,7,10,1,14.9342,10.4136,0
92.5,96,40,5,-134.81,3,-152.405,3,4,20,0,-999,-999,0
92.5,96,40,5,-134.81,1,-153.205,0,0,20,0,-999,-999,0
92.5,96,40,5,-134.81,4,-161.295,0,0,20,0,-999,-999,0
92.5,96,40,5,-134.81,2,-162.402,0,0,20,0,-999,-999,0
92.5,97,10,3,-105.573,6,-95.2256,2,2,10,1,12.3868,7.86623,0
92.5,97,10,3,-105.573,5,-114.096,5,5,10,1,10.1878,5.66716,0
92.5,97,10,3,-105.573,2,-134.084,0,0,20,0,-999,-999,0
92.5,97,10,3,-105.573,4,-135.229,0,0,20,0,-999,-999,0
92.5,97,10,3,-105.573,1,-153.311,0,0,20,0,-999,-999,0
92.5,97,10,3,-105.573,7,-159.369,7,7,10,1,14.9342,10.4136,0
92.5,107,24,5,-131.53,3,-142.627,3,4,20,0,-999,-999,0
92.5,107,24,5,-131.53,6,-148.064,2,2,10,1,12.3868,7.86623,0
92.5,107,24,5,-131.53,7,-150.757,7,7,10,1,14.9342,10.4136,0
92.5,107,24,5,-131.53,1,-155.379,0,0,20,0,-999,-999,0
92.5,107,24,5,-131.53,4,-159.71,0,0,20,0,-999,-999,0
92.5,107,24,5,-131.53,2,-170.248,0,0,20,0,-999,-999,0
94.5,14,40,7,-146.106,6,-146.482,2,2,10,1,14.8977,10.3771,0
94.5,14,40,7,-146.106,3,-149.141,4,4,20,0,-999,-999,0
94.5,14,40,7,-146.106,2,-164.824,0,0,20,0,-999,-999,0
94.5,14,40,7,-146.106,4,-168.97,0,0,20,0,-999,-999,0
94.5,14,40,7,-146.106,1,-169.252,0,0,20,0,-999,-999,0
94.5,14,40,7,-146.106,5,-170.623,5,5,10,1,9.1499,4.6293,0
94.5,15,32,5,-144.055,3,-127.195,4,4,20,0,-999,-999,0
94.5,15,32,5,-144.055,6,-146.738,2,2,10,1,14.8977,10.3771,0
94.5,15,32,5,-144.055,1,-148.952,0,0,20,0,-999,-999,0
94.5,15,32,5,-144.055,4,-154.577,0,0,20,0,-999,-999,0
94.5,15,32,5,-144.055,7,-157.355,6,6,10,1,11.4217,6.9011,0
94.5,15,32,5,-144.055,2,-165.752,0,0,20,0,-999,-999,0
94.5,29,16,5,-98.9326,3,-124.806,4,4,20,0,-999,-999,0
94.5,29,16,5,-98.9326,6,-140.841,2,2,10,1,14.8977,10.3771,0
94.5,29,16,5,-98.9326,1,-140.876,0,0,20,0,-999,-999,0
94.5,29,16,5,-98.9326,7,-149.235,6,6,10,1,11.4217,6.9011,0
94.5,29,16,5,-98.9326,4,-150.903,0,0,20,0,-999,-999,0
94.5,29,16,5,-98.9326,2,-153.715,0,0,20,0,-999,-999,0
94.5,33,32,7,-98.1088,3,-144.516,4,4,20,0,-999,-999,0
94.5,33,32,7,-98.1088,5,-151.769,5,5,10,1,9.1499,4.6293,0
94.5,33,32,7,-98.1088,2,-153.713,0,0,20,0,-999,-999,0
94.5,33,32,7,-98.1088,6,-153.714,2,2,10,1,14.8977,10.3771,0
94.5,33,32,7,-98.1088,4,-155.946,0,0,20,0,-999,-999,0
94.5,33,32,7,-98.1088,1,-159.917,0,0,20,0,-999,-999,0
94.5,40,8,3,-90.758,6,-129.005,2,2,10,1,14.8977,10.3771,0
94.5,40,8,3,-90.758,4,-135.17,0,0,20,0,-999,-999,0
94.5,40,8,3,-90.758,2,-136.358,0,0,20,0,-999,-999,0
94.5,40,8,3,-90.758,5,-143.558,5,5,10,1,9.1499,4.6293,0
94.5,40,8,3,-90.758,1,-146.808,0,0,20,0,-999,-999,0
94.5,40,8,3,-90.758,7,-146.933,6,6,10,1,11.4217,6.9011,0
94.5,42,57,7,-75.4631,3,-129.93,4,4,20,0,-999,-999,0
94.5,42,57,7,-75.4631,6,-131.463,2,2,10,1,14.8977,10.3771,0
94.5,42,57,7,-75.4631,2,-148.63,0,0,20,0,-999,-999,0
94.5,42,57,7,-75.4631,4,-154.823,0,0,20,0,-999,-999,0
94.5,42,57,7,-75.4631,5,-155.746,5,5,10,1,9.1499,4.6293,0
94.5,42,57,7,-75.4631,1,-164.012,0,0,20,0,-999,-999,0
94.5,47,73,7,-129.438,6,-129.482,2,2,10,1,14.8977,10.3771,0
94.5,47,73,7,-129.438,3,-130.513,4,4,20,0,-999,-999,0
94.5,47,73,7,-129.438,2,-150.08,0,0,20,0,-999,-999,0
94.5,47,73,7,-129.438,5,-153.628,5,5,10,1,9.1499,4.6293,0
94.5,47,73,7,-129.438,4,-156.62,0,0,20,0,-999,-999,0
94.5,47,73,7,-129.438,1,-162.323,0,0,20,0,-999,-999,0
94.5,56,24,7,-94.8685,5,-119.232,5,5,10,1,9.1499,4.6293,0
94.5,56,24,7,-94.8685,6,-138.903,2,2,10,1,14.8977,10.3771,0
94.5,56,24,7,-94.8685,3,-141.894,4,4,20,0,-999,-999,0
94.5,56,24,7,-94.8685,2,-148.11,0,0,20,0,-999,-999,0
94.5,56,24,7,-94.8685,4,-161.735,0,0,20,0,-999,-999,0
94.5,56,24,7,-94.8685,1,-164.898,0,0,20,0,-999,-999,0
94.5,67,15,7,-94.9714,3,-127.867,4,4,20,0,-999,-999,0
94.5,67,15,7,-94.9714,6,-136.2,2,2,10,1,14.8977,10.3771,0
94.5,67,15,7,-94.9714,5,-153.073,5,5,10,1,9.1499,4.6293,0
94.5,67,15,7,-94.9714,2,-154.129,0,0,20,0,-999,-999,0
94.5,67,15,7,-94.9714,4,-154.414,0,0,20,0,-999,-999,0
94.5,67,15,7,-94.9714,1,-162.679,0,0,20,0,-999,-999,0
94.5,71,8,5,-127.704,3,-123.658,4,4,20,0,-999,-999,0
94.5,71,8,5,-127.704,6,-123.739,2,2,10,1,14.8977,10.3771,0
94.5,71,8,5,-127.704,1,-135.663,0,0,20,0,-999,-999,0
94.5,71,8,5,-127.704,7,-147.208,6,6,10,1,11.4217,6.9011,0
94.5,71,8,5,-127.704,4,-147.901,0,0,20,0,-999,-999,0
94.5,71,8,5,-127.704,2,-157.375,0,0,20,0,-999,-999,0
94.5,78,11,3,-118.686,7,-127.132,6,6,10,1,11.4217,6.9011,0
94.5,78,11,3,-118.686,5,-135.651,5,5,10,1,9.1499,4.6293,0
94.5,78,11,3,-118.686,6,-136.186,2,2,10,1,14.8977,10.3771,0
94.5,78,11,3,-118.686,2,-139.938,0,0,20,0,-999,-999,0
94.5,78,11,3,-118.686,4,-145.07,0,0,20,0,-999,-999,0
94.5,78,11,3,-118.686,1,-152.634,0,0,20,0,-999,-999,0
94.5,79,17,6,-136.278,3,-109.445,4,4,20,0,-999,-999,0
94.5,79,17,6,-136.278,5,-138.317,5,5,10,1,9.1499,4.6293,0
94.5,79,17,6,-136.278,7,-145.04,6,6,10,1,11.4217,6.9011,0
94.5,79,17,6,-136.278,4,-145.13,0,0,20,0,-999,-999,0
94.5,79,17,6,-136.278,2,-150.707,0,0,20,0,-999,-999,0
94.5,79,17,6,-136.278,1,-155.439,0,0,20,0,-999,-999,0
94.5,83,9,3,-128.564,6,-120.347,2,2,10,1,14.8977,10.3771,0
94.5,83,9,3,-128.564,7,-135.891,6,6,10,1,11.4217,6.9011,0
94.5,83,9,3,-128.564,2,-141.185,0,0,20,0,-999,-999,0
94.5,83,9,3,-128.564,5,-146.743,5,5,10,1,9.1499,4.6293,0
94.5,83,9,3,-128.564,4,-149.582,0,0,20,0,-999,-999,0
94.5,83,9,3,-128.564,1,-151.806,0,0,20,0,-999,-999,0
94.5,86,16,6,-130.264,3,-109.115,4,4,20,0,-999,-999,0
94.5,86,16,6,-130.264,5,-125.763,5,5,10,1,9.1499,4.6293,0
94.5,86,16,6,-130.264,7,-139.867,6,6,10,1,11.4217,6.9011,0
94.5,86,16,6,-130.264,2,-153.61,0,0,20,0,-999,-999,0
94.5,86,16,6,-130.264,4,-155.038,0,0,20,0,-999,-999,0
94.5,86,16,6,-130.264,1,-156.623,0,0,20,0,-999,-999,0
94.5,96,40,5,-110.9,7,-143.151,6,6,10,1,11.4217,6.9011,0
94.5,96,40,5,-110.9,3,-145.137,4,4,20,0,-999,-999,0
94.5,96,40,5,-110.9,6,-149.64,2,2,10,1,14.8977,10.3771,0
94.5,96,40,5,-110.9,1,-152.227,0,0,20,0,-999,-999,0
94.5,96,40,5,-110.9,4,-161.531,0,0,20,0,-999,-999,0
94.5,96,40,5,-110.9,2,-166.445,0,0,20,0,-999,-999,0
94.5,97,10,3,-128.514,6,-133.919,2,2,10,1,14.8977,10.3771,0
94.5,97,10,3,-128.514,2,-136.597,0,0,20,0,-999,-999,0
94.5,97,10,3,-128.514,4,-138.728,0,0,20,0,-999,-999,0
94.5,97,10,3,-128.514,5,-151.073,5,5,10,1,9.1499,4.6293,0
94.5,97,10,3,-128.514,7,-153.632,6,6,10,1,11.4217,6.9011,0
94.5,97,10,3,-128.514,1,-158.454,0,0,20,0,-999,-999,0
94.5,107,24,5,-132.688,3,-147.35,4,4,20,0,-999,-999,0
94.5,107,24,5,-132.688,7,-151.32,6,6,10,1,11.4217,6.9011,0
94.5,107,24,5,-132.688,6,-152.354,2,2,10,1,14.8977,10.3771,0
94.5,107,24,5,-132.688,1,-155.109,0,0,20,0,-999,-999,0
94.5,107,24,5,-132.688,4,-164.237,0,0,20,0,-999,-999,0
94.5,107,24,5,-132.688,2,-168.641,0,0,20,0,-999,-999,0
96.5,14,40,7,-120.414,3,-112.158,4,4,20,0,-999,-999,0
96.5,14,40,7,-120.414,6,-112.399,2,2,10,1,11.4622,6.94165,0
96.5,14,40,7,-120.414,2,-158.587,0,0,20,0,-999,-999,0
96.5,14,40,7,-120.414,5,-164.138,5,5,10,1,13.4261,8.90545,0
96.5,14,40,7,-120.414,4,-167.277,0,0,20,0,-999,-999,0
96.5,14,40,7,-120.414,1,-174.324,0,0,20,0,-999,-999,0
96.5,15,32,5,-135.87,3,-149.303,4,4,20,0,-999,-999,0
96.5,15,32,5,-135.87,1,-149.745,0,0,20,0,-999,-999,0
96.5,15,32,5,-135.87,6,-152.965,2,2,10,1,11.4622,6.94165,0
96.5,15,32,5,-135.87,4,-153.445,0,0,20,0,-999,-999,0
96.5,15,32,5,-135.87,7,-158.284,6,6,10,1,12.046,7.52542,0
96.5,15,32,5,-135.87,2,-163.467,0,0,20,0,-999,-999,0
96.5,29,16,5,-127.877,3,-96.5736,4,4,20,0,-999,-999,0
96.5,29,16,5,-127.877,6,-135.595,2,2,10,1,11.4622,6.94165,0
96.5,29,16,5,-127.877,1,-143.172,0,0,20,0,-999,-999,0
96.5,29,16,5,-127.877,7,-150.902,6,6,10,1,12.046,7.52542,0
96.5,29,16,5,-127.877,4,-151.024,0,0,20,0,-999,-999,0
96.5,29,16,5,-127.877,2,-156.987,0,0,20,0,-999,-999,0
96.5,33,32,7,-135.942,3,-112.427,4,4,20,0,-999,-999,0
96.5,33,32,7,-135.942,5,-122.266,5,5,10,1,13.4261,8.90545,0
96.5,33,32,7,-135.942,6,-136.141,2,2,10,1,11.4622,6.94165,0
96.5,33,32,7,-135.942,2,-149.627,0,0,20,0,-999,-999,0
96.5,33,32,7,-135.942,4,-159.529,0,0,20,0,-999,-999,0
96.5,33,32,7,-135.942,1,-163.171,0,0,20,0,-999,-999,0
96.5,40,8,3,-78.1543,6,-134.427,2,2,10,1,11.4622,6.94165,0
96.5,40,8,3,-78.1543,4,-135.229,0,0,20,0,-999,-999,0
96.5,40,8,3,-78.1543,2,-136.82,0,0,20,0,-999,-999,0
96.5,40,8,3,-78.1543,5,-141.123,5,5,10,1,13.4261,8.90545,0
96.5,40,8,3,-78.1543,1,-142.969,0,0,20,0,-999,-999,0
96.5,40,8,3,-78.1543,7,-157.709,6,6,10,1,12.046,7.52542,0
96.5,42,57,7,-76.118,3,-113.844,4,4,20,0,-999,-999,0
96.5,42,57,7,-76.118,2,-141.823,0,0,20,0,-999,-999,0
96.5,42,57,7,-76.118,4,-150.225,0,0,20,0,-999,-999,0
96.5,42,57,7,-76.118,5,-150.448,5,5,10,1,13.4261,8.90545,0
96.5,42,57,7,-76.118,6,-152.217,2,2,10,1,11.4622,6.94165,0
96.5,42,57,7,-76.118,1,-159.601,0,0,20,0,-999,-999,0
96.5,47,73,7,-128.148,6,-108.83,2,2,10,1,11.4622,6.94165,0
96.5,47,73,7,-128.148,3,-146.568,4,4,20,0,-999,-999,0
96.5,47,73,7,-128.148,2,-149.553,0,0,20,0,-999,-999,0
96.5,47,73,7,-128.148,4,-150.087,0,0,20,0,-999,-999,0
96.5,47,73,7,-128.148,5,-155.06,5,5,10,1,13.4261,8.90545,0
96.5,47,73,7,-128.148,1,-157.377,0,0,20,0,-999,-999,0
96.5,56,24,7,-140.66,3,-109.126,4,4,20,0,-999,-999,0
96.5,56,24,7,-140.66,6,-141.185,2,2,10,1,11.4622,6.94165,0
96.5,56,24,7,-140.66,2,-149.577,0,0,20,0,-999,-999,0
96.5,56,24,7,-140.66,4,-155.4,0,0,20,0,-999,-999,0
96.5,56,24,7,-140.66,5,-157.621,5,5,10,1,13.4261,8.90545,0
96.5,56,24,7,-140.66,1,-163.245,0,0,20,0,-999,-999,0
96.5,67,15,7,-117.198,3,-111.207,4,4,20,0,-999,-999,0
96.5,67,15,7,-117.198,2,-149.186,0,0,20,0,-999,-999,0
96.5,67,15,7,-117.198,4,-150.68,0,0,20,0,-999,-999,0
96.5,67,15,7,-117.198,6,-154.296,2,2,10,1,11.4622,6.94165,0
96.5,67,15,7,-117.198,5,-154.79,5,5,10,1,13.4261,8.90545,0
96.5,67,15,7,-117.198,1,-158.222,0,0,20,0,-999,-999,0
96.5,71,8,5,-135.244,1,-138.121,0,0,20,0,-999,-999,0
96.5,71,8,5,-135.244,6,-143.391,2,2,10,1,11.4622,6.94165,0
96.5,71,8,5,-135.244,3,-146.587,4,4,20,0,-999,-999,0
96.5,71,8,5,-135.244,7,-150.264,6,6,10,1,12.046,7.52542,0
96.5,71,8,5,-135.244,2,-155.97,0,0,20,0,-999,-999,0
96.5,71,8,5,-135.244,4,-155.991,0,0,20,0,-999,-999,0
96.5,78,11,3,-130.156,7,-130.768,6,6,10,1,12.046,7.52542,0
96.5,78,11,3,-130.156,6,-137.098,2,2,10,1,11.4622,6.94165,0
96.5,78,11,3,-130.156,2,-138.224,0,0,20,0,-999,-999,0
96.5,78,11,3,-130.156,4,-139.698,0,0,20,0,-999,-999,0
96.5,78,11,3,-130.156,1,-148.125,0,0,20,0,-999,-999,0
96.5,78,11,3,-130.156,5,-152.298,5,5,10,1,13.4261,8.90545,0
96.5,79,17,6,-144.236,7,-136.76,6,6,10,1,12.046,7.52542,0
96.5,79,17,6,-144.236,3,-147.387,4,4,20,0,-999,-999,0
96.5,79,17,6,-144.236,4,-150.524,0,0,20,0,-999,-999,0
96.5,79,17,6,-144.236,2,-152.364,0,0,20,0,-999,-999,0
96.5,79,17,6,-144.236,5,-152.853,5,5,10,1,13.4261,8.90545,0
96.5,79,17,6,-144.236,1,-154.622,0,0,20,0,-999,-999,0
96.5,83,9,3,-93.6818,6,-106.992,2,2,10,1,11.4622,6.94165,0
96.5,83,9,3,-93.6818,7,-135.716,6,6,10,1,12.046,7.52542,0
96.5,83,9,3,-93.6818,2,-143.112,0,0,20,0,-999,-999,0
96.5,83,9,3,-93.6818,4,-148.273,0,0,20,0,-999,-999,0
96.5,83,9,3,-93.6818,5,-148.803,5,5,10,1,13.4261,8.90545,0
96.5,83,9,3,-93.6818,1,-154.696,0,0,20,0,-999,-999,0
96.5,86,16,6,-135.266,5,-111.848,5,5,10,1,13.4261,8.90545,0
96.5,86,16,6,-135.266,3,-141.896,4,4,20,0,-999,-999,0
96.5,86,16,6,-135.266,7,-145.81,6,6,10,1,12.046,7.52542,0
96.5,86,16,6,-135.266,2,-147.45,0,0,20,0,-999,-999,0
96.5,86,16,6,-135.266,4,-152.811,0,0,20,0,-999,-999,0
96.5,86,16,6,-135.266,1,-156.229,0,0,20,0,-999,-999,0
96.5,96,40,5,-136.284,3,-111.102,4,4,20,0,-999,-999,0
96.5,96,40,5,-136.284,7,-130.681,6,6,10,1,12.046,7.52542,0
96.5,96,40,5,-136.284,6,-144.35,2,2,10,1,11.4622,6.94165,0
96.5,96,40,5,-136.284,1,-151.982,0,0,20,0,-999,-999,0
96.5,96,40,5,-136.284,4,-166.276,0,0,20,0,-999,-999,0
96.5,96,40,5,-136.284,2,-166.622,0,0,20,0,-999,-999,0
96.5,97,10,3,-131.591,6,-89.1284,2,2,10,1,11.4622,6.94165,0
96.5,97,10,3,-131.591,2,-132.308,0,0,20,0,-999,-999,0
96.5,97,10,3,-131.591,4,-137.068,0,0,20,0,-999,-999,0
96.5,97,10,3,-131.591,5,-147.298,5,5,10,1,13.4261,8.90545,0
96.5,97,10,3,-131.591,1,-147.606,0,0,20,0,-999,-999,0
96.5,97,10,3,-131.591,7,-161.894,6,6,10,1,12.046,7.52542,0
96.5,107,24,5,-137.346,6,-116.273,2,2,10,1,11.4622,6.94165,0
96.5,107,24,5,-137.346,7,-140.361,6,6,10,1,12.046,7.52542,0
96.5,107,24,5,-137.346,3,-151.516,4,4,20,0,-999,-999,0
96.5,107,24,5,-137.346,1,-153.513,0,0,20,0,-999,-999,0
96.5,107,24,5,-137.346,4,-162.749,0,0,20,0,-999,-999,0
96.5,107,24,5,-137.346,2,-166.131,0,0,20,0,-999,-999,0
98.5,14,40,7,-144.708,3,-130.816,4,4,20,0,-999,-999,0
98.5,14,40,7,-144.708,6,-150.594,2,2,10,1,14.8209,10.3003,0
98.5,14,40,7,-144.708,2,-165.204,0,0,20,0,-999,-999,0
98.5,14,40,7,-144.708,4,-165.489,0,0,20,0,-999,-999,0
98.5,14,40,7,-144.708,5,-170.6,5,5,10,1,13.712,9.19139,0
98.5,14,40,7,-144.708,1,-170.978,0,0,20,0,-999,-999,0
98.5,15,32,5,-131.918,3,-114.705,4,4,20,0,-999,-999,0
98.5,15,32,5,-131.918,7,-120.922,6,6,10,1,11.2091,6.68855,0
98.5,15,32,5,-131.918,6,-132.548,2,2,10,1,14.8209,10.3003,0
98.5,15,32,5,-131.918,1,-155.449,0,0,20,0,-999,-999,0
98.5,15,32,5,-131.918,2,-159.264,0,0,20,0,-999,-999,0
98.5,15,32,5,-131.918,4,-160.14,0,0,20,0,-999,-999,0
98.5,29,16,5,-83.7117,3,-131.522,4,4,20,0,-999,-999,0
98.5,29,16,5,-83.7117,6,-135.619,2,2,10,1,14.8209,10.3003,0
98.5,29,16,5,-83.7117,7,-144.698,6,6,10,1,11.2091,6.68855,0
98.5,29,16,5,-83.7117,1,-147.855,0,0,20,0,-999,-999,0
98.5,29,16,5,-83.7117,4,-152.964,0,0,20,0,-999,-999,0
98.5,29,16,5,-83.7117,2,-154.071,0,0,20,0,-999,-999,0
98.5,33,32,7,-138.668,3,-122.206,4,4,20,0,-999,-999,0
98.5,33,32,7,-138.668,6,-140.535,2,2,10,1,14.8209,10.3003,0
98.5,33,32,7,-138.668,5,-149.512,5,5,10,1,13.712,9.19139,0
98.5,33,32,7,-138.668,2,-153.383,0,0,20,0,-999,-999,0
98.5,33,32,7,-138.668,4,-160.977,0,0,20,0,-999,-999,0
98.5,33,32,7,-138.668,1,-167.184,0,0,20,0,-999,-999,0
98.5,40,8,3,-120.977,6,-104.518,2,2,10,1,14.8209,10.3003,0
98.5,40,8,3,-120.977,4,-130.929,0,0,20,0,-999,-999,0
98.5,40,8,3,-120.977,5,-136.181,5,5,10,1,13.712,9.19139,0
98.5,40,8,3,-120.977,2,-140.81,0,0,20,0,-999,-999,0
98.5,40,8,3,-120.977,1,-141.639,0,0,20,0,-999,-999,0
98.5,40,8,3,-120.977,7,-155.868,6,6,10,1,11.2091,6.68855,0
98.5,42,57,7,-108.797,2,-140.896,0,0,20,0,-999,-999,0
98.5,42,57,7,-108.797,3,-145.179,4,4,20,0,-999,-999,0
98.5,42,57,7,-108.797,4,-152.491,0,0,20,0,-999,-999,0
98.5,42,57,7,-108.797,6,-154.234,2,2,10,1,14.8209,10.3003,0
98.5,42,57,7,-108.797,1,-160.058,0,0,20,0,-999,-999,0
98.5,42,57,7,-108.797,5,-169.466,5,5,10,1,13.712,9.19139,0
98.5,47,73,7,-130.865,6,-115.425,2,2,10,1,14.8209,10.3003,0
98.5,47,73,7,-130.865,3,-131.017,4,4,20,0,-999,-999,0
98.5,47,73,7,-130.865,2,-143.853,0,0,20,0,-999,-999,0
98.5,47,73,7,-130.865,5,-150.407,5,5,10,1,13.712,9.19139,0
98.5,47,73,7,-130.865,4,-156.475,0,0,20,0,-999,-999,0
98.5,47,73,7,-130.865,1,-157.128,0,0,20,0,-999,-999,0
98.5,56,24,7,-135.219,3,-142.245,4,4,20,0,-999,-999,0
98.5,56,24,7,-135.219,6,-142.644,2,2,10,1,14.8209,10.3003,0
98.5,56,24,7,-135.219,2,-152.257,0,0,20,0,-999,-999,0
98.5,56,24,7,-135.219,4,-152.471,0,0,20,0,-999,-999,0
98.5,56,24,7,-135.219,5,-157.13,5,5,10,1,13.712,9.19139,0
98.5,56,24,7,-135.219,1,-159.546,0,0,20,0,-999,-999,0
98.5,67,15,7,-128.827,3,-137.916,4,4,20,0,-999,-999,0
98.5,67,15,7,-128.827,2,-147.044,0,0,20,0,-999,-999,0
98.5,67,15,7,-128.827,5,-152.962,5,5,10,1,13.712,9.19139,0
98.5,67,15,7,-128.827,4,-153.441,0,0,20,0,-999,-999,0
98.5,67,15,7,-128.827,6,-160.713,2,2,10,1,14.8209,10.3003,0
98.5,67,15,7,-128.827,1,-161.351,0,0,20,0,-999,-999,0
98.5,71,8,5,-132.393,1,-139.467,0,0,20,0,-999,-999,0
98.5,71,8,5,-132.393,7,-139.562,6,6,10,1,11.2091,6.68855,0
98.5,71,8,5,-132.393,3,-144.763,4,4,20,0,-999,-999,0
98.5,71,8,5,-132.393,6,-147.992,2,2,10,1,14.8209,10.3003,0
98.5,71,8,5,-132.393,4,-149.664,0,0,20,0,-999,-999,0
98.5,71,8,5,-132.393,2,-152.758,0,0,20,0,-999,-999,0
98.5,78,11,3,-110.237,6,-106.323,2,2,10,1,14.8209,10.3003,0
98.5,78,11,3,-110.237,7,-131.728,6,6,10,1,11.2091,6.68855,0
98.5,78,11,3,-110.237,2,-135.827,0,0,20,0,-999,-999,0
98.5,78,11,3,-110.237,4,-141.626,0,0,20,0,-999,-999,0
98.5,78,11,3,-110.237,1,-151,0,0,20,0,-999,-999,0
98.5,78,11,3,-110.237,5,-154.897,5,5,10,1,13.712,9.19139,0
98.5,79,17,6,-144.09,3,-110.611,4,4,20,0,-999,-999,0
98.5,79,17,6,-144.09,7,-124.155,6,6,10,1,11.2091,6.68855,0
98.5,79,17,6,-144.09,2,-144.482,0,0,20,0,-999,-999,0
98.5,79,17,6,-144.09,4,-151.643,0,0,20,0,-999,-999,0
98.5,79,17,6,-144.09,5,-152.612,5,5,10,1,13.712,9.19139,0
98.5,79,17,6,-144.09,1,-155.963,0,0,20,0,-999,-999,0
98.5,83,9,3,-93.5179,6,-129.665,2,2,10,1,14.8209,10.3003,0
98.5,83,9,3,-93.5179,7,-133.543,6,6,10,1,11.2091,6.68855,0
98.5,83,9,3,-93.5179,2,-143.432,0,0,20,0,-999,-999,0
98.5,83,9,3,-93.5179,5,-145.021,5,5,10,1,13.712,9.19139,0
98.5,83,9,3,-93.5179,4,-148.394,0,0,20,0,-999,-999,0
98.5,83,9,3,-93.5179,1,-153.349,0,0,20,0,-999,-999,0
98.5,86,16,6,-103.22,5,-105.451,5,5,10,1,13.712,9.19139,0
98.5,86,16,6,-103.22,3,-118.177,4,4,20,0,-999,-999,0
98.5,86,16,6,-103.22,7,-137.703,6,6,10,1,11.2091,6.68855,0
98.5,86,16,6,-103.22,2,-146.807,0,0,20,0,-999,-999,0
98.5,86,16,6,-103.22,4,-156.511,0,0,20,0,-999,-999,0
98.5,86,16,6,-103.22,1,-159.177,0,0,20,0,-999,-999,0
98.5,96,40,5,-96.1914,7,-117.711,6,6,10,1,11.2091,6.68855,0
98.5,96,40,5,-96.1914,3,-132.432,4,4,20,0,-999,-999,0
98.5,96,40,5,-96.1914,6,-136.504,2,2,10,1,14.8209,10.3003,0
98.5,96,40,5,-96.1914,1,-156.637,0,0,20,0,-999,-999,0
98.5,96,40,5,-96.1914,4,-162.746,0,0,20,0,-999,-999,0
98.5,96,40,5,-96.1914,2,-171.885,0,0,20,0,-999,-999,0
98.5,97,10,3,-127.53,6,-98.0579,2,2,10,1,14.8209,10.3003,6
98.5,97,10,3,-127.53,2,-139.238,0,0,20,0,-999,-999,6
98.5,97,10,3,-127.53,4,-139.384,0,0,20,0,-999,-999,6
98.5,97,10,3,-127.53,1,-152.031,0,0,20,0,-999,-999,6
98.5,97,10,3,-127.53,7,-152.506,6,6,10,1,11.2091,6.68855,6
98.5,97,10,3,-127.53,5,-154.893,5,5,10,1,13.712,9.19139,6
98.5,107,24,5,-129.427,3,-130.201,4,4,20,0,-999,-999,0
98.5,107,24,5,-129.427,7,-131.428,6,6,10,1,11.2091,6.68855,0
98.5,107,24,5,-129.427,6,-144.475,2,3,10,1,14.8209,10.3003,0
98.5,107,24,5,-129.427,1,-154.325,0,0,20,0,-999,-999,0
98.5,107,24,5,-129.427,4,-161.736,0,0,20,0,-999,-999,0
98.5,107,24,5,-129.427,2,-170.354,0,0,20,0,-999,-999,0
100.5,14,40,7,-138.059,6,-145.116,3,3,10,1,10.9301,6.4095,0
100.5,14,40,7,-138.059,3,-150.171,3,3,20,0,-999,-999,0
100.5,14,40,7,-138.059,5,-153.191,5,5,10,1,13.529,9.00837,0
100.5,14,40,7,-138.059,2,-164.511,0,0,20,0,-999,-999,0
100.5,14,40,7,-138.059,1,-170.325,0,0,20,0,-999,-999,0
100.5,14,40,7,-138.059,4,-174.249,0,0,20,0,-999,-999,0
100.5,15,32,5,-116.868,3,-119.149,3,3,20,0,-999,-999,0
100.5,15,32,5,-116.868,7,-128.591,6,6,10,1,12.7221,8.20149,0
100.5,15,32,5,-116.868,1,-149.176,0,0,20,0,-999,-999,0
100.5,15,32,5,-116.868,6,-153.635,3,3,10,1,10.9301,6.4095,0
100.5,15,32,5,-116.868,4,-159.21,0,0,20,0,-999,-999,0
100.5,15,32,5,-116.868,2,-164.092,0,0,20,0,-999,-999,0
100.5,29,16,5,-121.745,3,-131.51,3,3,20,0,-999,-999,0
100.5,29,16,5,-121.745,6,-139.934,3,3,10,1,10.9301,6.4095,0
100.5,29,16,5,-121.745,1,-145.161,0,0,20,0,-999,-999,0
100.5,29,16,5,-121.745,7,-146.281,6,6,10,1,12.7221,8.20149,0
100.5,29,16,5,-121.745,4,-149.805,0,0,20,0,-999,-999,0
100.5,29,16,5,-121.745,2,-158.315,0,0,20,0,-999,-999,0
100.5,33,32,7,-135.903,3,-116.99,3,3,20,0,-999,-999,0
100.5,33,32,7,-135.903,5,-141.571,5,5,10,1,13.529,9.00837,0
100.5,33,32,7,-135.903,2,-153.637,0,0,20,0,-999,-999,0
100.5,33,32,7,-135.903,1,-163.823,0,0,20,0,-999,-999,0
100.5,33,32,7,-135.903,4,-164.467,0,0,20,0,-999,-999,0
100.5,33,32,7,-135.903,6,-164.866,3,3,10,1,10.9301,6.4095,0
100.5,40,8,3,-119.321,5,-128.427,5,5,10,1,13.529,9.00837,0
100.5,40,8,3,-119.321,6,-132.776,3,3,10,1,10.9301,6.4095,0
100.5,40,8,3,-119.321,4,-135.14,0,0,20,0,-999,-999,0
100.5,40,8,3,-119.321,2,-138.54,0,0,20,0,-999,-999,0
100.5,40,8,3,-119.321,1,-139.967,0,0,20,0,-999,-999,0
100.5,40,8,3,-119.321,7,-155.208,6,6,10,1,12.7221,8.20149,0
100.5,42,57,7,-109.456,2,-137.682,0,0,20,0,-999,-999,0
100.5,42,57,7,-109.456,3,-146.158,3,3,20,0,-999,-999,0
100.5,42,57,7,-109.456,1,-155.667,0,0,20,0,-999,-999,0
100.5,42,57,7,-109.456,6,-155.794,3,3,10,1,10.9301,6.4095,0
100.5,42,57,7,-109.456,4,-155.809,0,0,20,0,-999,-999,0
100.5,42,57,7,-109.456,5,-175.985,5,5,10,1,13.529,9.00837,0
100.5,47,73,7,-132.976,2,-143.749,0,0,20,0,-999,-999,0
100.5,47,73,7,-132.976,3,-147.009,3,3,20,0,-999,-999,0
100.5,47,73,7,-132.976,6,-148.434,3,3,10,1,10.9301,6.4095,0
100.5,47,73,7,-132.976,5,-151.486,5,5,10,1,13.529,9.00837,0
100.5,47,73,7,-132.976,1,-160.428,0,0,20,0,-999,-999,0
100.5,47,73,7,-132.976,4,-161.26,0,0,20,0,-999,-999,0
100.5,56,24,7,-132.714,6,-112.683,3,3,10,1,10.9301,6.4095,0
100.5,56,24,7,-132.714,5,-145.681,5,5,10,1,13.529,9.00837,0
100.5,56,24,7,-132.714,3,-146.919,3,3,20,0,-999,-999,0
100.5,56,24,7,-132.714,2,-151.819,0,0,20,0,-999,-999,0
100.5,56,24,7,-132.714,4,-154.628,0,0,20,0,-999,-999,0
100.5,56,24,7,-132.714,1,-165.012,0,0,20,0,-999,-999,0
100.5,67,15,7,-130.615,6,-125.558,3,3,10,1,10.9301,6.4095,0
100.5,67,15,7,-130.615,3,-136.3,3,3,20,0,-999,-999,0
100.5,67,15,7,-130.615,2,-150.846,0,0,20,0,-999,-999,0
100.5,67,15,7,-130.615,5,-152.823,5,5,10,1,13.529,9.00837,0
100.5,67,15,7,-130.615,1,-161.038,0,0,20,0,-999,-999,0
100.5,67,15,7,-130.615,4,-162.15,0,0,20,0,-999,-999,0
100.5,71,8,5,-89.8733,6,-117.484,3,3,10,1,10.9301,6.4095,0
100.5,71,8,5,-89.8733,1,-138.14,0,0,20,0,-999,-999,0
100.5,71,8,5,-89.8733,3,-144.958,3,3,20,0,-999,-999,0
100.5,71,8,5,-89.8733,7,-149.198,6,6,10,1,12.7221,8.20149,0
100.5,71,8,5,-89.8733,4,-153.764,0,0,20,0,-999,-999,0
100.5,71,8,5,-89.8733,2,-159.128,0,0,20,0,-999,-999,0
100.5,78,11,3,-130.08,7,-103.512,6,6,10,1,12.7221,8.20149,0
100.5,78,11,3,-130.08,4,-130.955,0,0,20,0,-999,-999,0
100.5,78,11,3,-130.08,6,-134.874,3,3,10,1,10.9301,6.4095,0
100.5,78,11,3,-130.08,2,-138.252,0,0,20,0,-999,-999,0
100.5,78,11,3,-130.08,5,-147.9,5,5,10,1,13.529,9.00837,0
100.5,78,11,3,-130.08,1,-150.201,0,0,20,0,-999,-999,0
100.5,79,17,6,-131.13,7,-136.39,6,6,10,1,12.7221,8.20149,0
100.5,79,17,6,-131.13,3,-140.199,3,3,20,0,-999,-999,0
100.5,79,17,6,-131.13,5,-146.053,5,5,10,1,13.529,9.00837,0
100.5,79,17,6,-131.13,4,-147.542,0,0,20,0,-999,-999,0
100.5,79,17,6,-131.13,2,-148.676,0,0,20,0,-999,-999,0
100.5,79,17,6,-131.13,1,-157.631,0,0,20,0,-999,-999,0
100.5,83,9,3,-130.546,6,-108.122,3,3,10,1,10.9301,6.4095,0
100.5,83,9,3,-130.546,7,-136.854,6,6,10,1,12.7221,8.20149,0
100.5,83,9,3,-130.546,5,-141.676,5,5,10,1,13.529,9.00837,0
100.5,83,9,3,-130.546,2,-142.512,0,0,20,0,-999,-999,0
100.5,83,9,3,-130.546,4,-148.585,0,0,20,0,-999,-999,0
100.5,83,9,3,-130.546,1,-151.239,0,0,20,0,-999,-999,0
100.5,86,16,6,-138.018,7,-102.139,6,6,10,1,12.7221,8.20149,0
100.5,86,16,6,-138.018,5,-126.836,5,5,10,1,13.529,9.00837,0
100.5,86,16,6,-138.018,3,-138.571,3,3,20,0,-999,-999,0
100.5,86,16,6,-138.018,2,-149.429,0,0,20,0,-999,-999,0
100.5,86,16,6,-138.018,4,-152.229,0,0,20,0,-999,-999,0
100.5,86,16,6,-138.018,1,-154.358,0,0,20,0,-999,-999,0
100.5,96,40,5,-133.293,3,-117.912,3,3,20,0,-999,-999,0
100.5,96,40,5,-133.293,6,-143.754,3,3,10,1,10.9301,6.4095,0
100.5,96,40,5,-133.293,7,-147.772,6,6,10,1,12.7221,8.20149,0
100.5,96,40,5,-133.293,1,-156.348,0,0,20,0,-999,-999,0
100.5,96,40,5,-133.293,2,-163.852,0,0,20,0,-999,-999,0
100.5,96,40,5,-133.293,4,-164.963,0,0,20,0,-999,-999,0
100.5,97,18,6,-94.8979,3,-122.592,3,3,20,0,-999,-999,0
100.5,97,18,6,-94.8979,2,-131.263,0,0,20,0,-999,-999,0
100.5,97,18,6,-94.8979,4,-135.407,0,0,20,0,-999,-999,0
100.5,97,18,6,-94.8979,5,-149.968,5,5,10,1,13.529,9.00837,0
100.5,97,18,6,-94.8979,1,-151.532,0,0,20,0,-999,-999,0
100.5,97,18,6,-94.8979,7,-160.488,6,6,10,1,12.7221,8.20149,0
100.5,107,24,5,-113.472,6,-122.35,3,3,10,1,10.9301,6.4095,0
100.5,107,24,5,-113.472,3,-153.497,3,3,20,0,-999,-999,0
100.5,107,24,5,-113.472,1,-157.071,0,0,20,0,-999,-999,0
100.5,107,24,5,-113.472,7,-157.814,6,6,10,1,12.7221,8.20149,0
100.5,107,24,5,-113.472,4,-162.145,0,0,20,0,-999,-999,0
100.5,107,24,5,-113.472,2,-168.031,0,0,20,0,-999,-999,0
102.5,14,40,7,-143.845,6,-143.963,3,3,10,1,11.7596,7.23902,0
102.5,14,40,7,-143.845,3,-152.677,3,3,20,0,-999,-999,0
102.5,14,40,7,-143.845,2,-163.457,0,0,20,0,-999,-999,0
102.5,14,40,7,-143.845,5,-164.461,5,5,10,1,11.2769,6.75632,0
102.5,14,40,7,-143.845,4,-170.622,0,0,20,0,-999,-999,0
102.5,14,40,7,-143.845,1,-173.01,0,0,20,0,-999,-999,0
102.5,15,32,5,-103.392,7,-136.095,6,6,10,1,14.4492,9.92861,0
102.5,15,32,5,-103.392,6,-146.411,3,3,10,1,11.7596,7.23902,0
102.5,15,32,5,-103.392,1,-149.656,0,0,20,0,-999,-999,0
102.5,15,32,5,-103.392,4,-158.752,0,0,20,0,-999,-999,0
102.5,15,32,5,-103.392,3,-159.026,3,3,20,0,-999,-999,0
102.5,15,32,5,-103.392,2,-165.295,0,0,20,0,-999,-999,0
102.5,29,16,5,-125.253,3,-120.922,3,3,20,0,-999,-999,0
102.5,29,16,5,-125.253,1,-141.435,0,0,20,0,-999,-999,0
102.5,29,16,5,-125.253,7,-142.119,6,6,10,1,14.4492,9.92861,0
102.5,29,16,5,-125.253,6,-144.418,3,3,10,1,11.7596,7.23902,0
102.5,29,16,5,-125.253,4,-153.476,0,0,20,0,-999,-999,0
102.5,29,16,5,-125.253,2,-160.533,0,0,20,0,-999,-999,0
102.5,33,32,7,-134.209,3,-113.754,3,3,20,0,-999,-999,0
102.5,33,32,7,-134.209,6,-149.152,3,3,10,1,11.7596,7.23902,0
102.5,33,32,7,-134.209,2,-152.882,0,0,20,0,-999,-999,0
102.5,33,32,7,-134.209,5,-156.016,5,5,10,1,11.2769,6.75632,0
102.5,33,32,7,-134.209,4,-158.316,0,0,20,0,-999,-999,0
102.5,33,32,7,-134.209,1,-167.291,0,0,20,0,-999,-999,0
102.5,40,8,3,-118.319,5,-114.23,5,5,10,1,11.2769,6.75632,0
102.5,40,8,3,-118.319,6,-128.086,3,3,10,1,11.7596,7.23902,0
102.5,40,8,3,-118.319,2,-133.016,0,0,20,0,-999,-999,0
102.5,40,8,3,-118.319,4,-133.348,0,0,20,0,-999,-999,0
102.5,40,8,3,-118.319,1,-143.821,0,0,20,0,-999,-999,0
102.5,40,8,3,-118.319,7,-159.802,6,6,10,1,14.4492,9.92861,0
102.5,42,57,7,-100.073,3,-136.055,3,3,20,0,-999,-999,0
102.5,42,57,7,-100.073,2,-143.619,0,0,20,0,-999,-999,0
102.5,42,57,7,-100.073,4,-151.74,0,0,20,0,-999,-999,0
102.5,42,57,7,-100.073,1,-158.854,0,0,20,0,-999,-999,0
102.5,42,57,7,-100.073,6,-160.609,3,3,10,1,11.7596,7.23902,0
102.5,42,57,7,-100.073,5,-171.746,5,5,10,1,11.2769,6.75632,0
102.5,47,73,7,-123.169,5,-126.42,5,5,10,1,11.2769,6.75632,0
102.5,47,73,7,-123.169,3,-130.211,3,3,20,0,-999,-999,0
102.5,47,73,7,-123.169,6,-144.81,3,3,10,1,11.7596,7.23902,0
102.5,47,73,7,-123.169,2,-146.256,0,0,20,0,-999,-999,0
102.5,47,73,7,-123.169,4,-156.354,0,0,20,0,-999,-999,0
102.5,47,73,7,-123.169,1,-157.155,0,0,20,0,-999,-999,0
102.5,56,24,7,-129.311,6,-138.721,3,3,10,1,11.7596,7.23902,0
102.5,56,24,7,-129.311,3,-143.726,3,3,20,0,-999,-999,0
102.5,56,24,7,-129.311,2,-147.295,0,0,20,0,-999,-999,0
102.5,56,24,7,-129.311,5,-151.437,5,5,10,1,11.2769,6.75632,0
102.5,56,24,7,-129.311,4,-152.107,0,0,20,0,-999,-999,0
102.5,56,24,7,-129.311,1,-160.763,0,0,20,0,-999,-999,0
102.5,67,15,7,-132.622,3,-127.392,3,3,20,0,-999,-999,0
102.5,67,15,7,-132.622,6,-147.888,3,3,10,1,11.7596,7.23902,0
102.5,67,15,7,-132.622,2,-149.854,0,0,20,0,-999,-999,0
102.5,67,15,7,-132.622,4,-152.647,0,0,20,0,-999,-999,0
102.5,67,15,7,-132.622,5,-153.911,5,5,10,1,11.2769,6.75632,0
102.5,67,15,7,-132.622,1,-158.337,0,0,20,0,-999,-999,0
102.5,71,8,5,-118.79,6,-128.794,3,3,10,1,11.7596,7.23902,0
102.5,71,8,5,-118.79,1,-135.602,0,0,20,0,-999,-999,0
102.5,71,8,5,-118.79,7,-140.711,6,6,10,1,14.4492,9.92861,0
102.5,71,8,5,-118.79,3,-143.153,3,3,20,0,-999,-999,0
102.5,71,8,5,-118.79,4,-153.989,0,0,20,0,-999,-999,0
102.5,71,8,5,-118.79,2,-162.763,0,0,20,0,-999,-999,0
102.5,78,11,3,-134.886,6,-98.8304,3,3,10,1,11.7596,7.23902,0
102.5,78,11,3,-134.886,7,-115.355,6,6,10,1,14.4492,9.92861,0
102.5,78,11,3,-134.886,2,-141.449,0,0,20,0,-999,-999,0
102.5,78,11,3,-134.886,4,-144.306,0,0,20,0,-999,-999,0
102.5,78,11,3,-134.886,1,-151.553,0,0,20,0,-999,-999,0
102.5,78,11,3,-134.886,5,-154.855,5,5,10,1,11.2769,6.75632,0
102.5,79,17,6,-138.762,3,-97.3845,3,3,20,0,-999,-999,0
102.5,79,17,6,-138.762,7,-136.977,6,6,10,1,14.4492,9.92861,0
102.5,79,17,6,-138.762,2,-146.746,0,0,20,0,-999,-999,0
102.5,79,17,6,-138.762,4,-149.004,0,0,20,0,-999,-999,0
102.5,79,17,6,-138.762,5,-152.383,5,5,10,1,11.2769,6.75632,0
102.5,79,17,6,-138.762,1,-154.627,0,0,20,0,-999,-999,0
102.5,83,9,3,-136.641,6,-108.985,3,3,10,1,11.7596,7.23902,6
102.5,83,9,3,-136.641,7,-136.664,6,6,10,1,14.4492,9.92861,6
102.5,83,9,3,-136.641,2,-141.815,0,0,20,0,-999,-999,6
102.5,83,9,3,-136.641,5,-146.16,5,5,10,1,11.2769,6.75632,6
102.5,83,9,3,-136.641,4,-151.961,0,0,20,0,-999,-999,6
102.5,83,9,3,-136.641,1,-155.965,0,0,20,0,-999,-999,6
102.5,86,16,6,-139.741,3,-133.164,3,3,20,0,-999,-999,0
102.5,86,16,6,-139.741,5,-133.833,5,5,10,1,11.2769,6.75632,0
102.5,86,16,6,-139.741,7,-141.465,6,6,10,1,14.4492,9.92861,0
102.5,86,16,6,-139.741,2,-148.695,0,0,20,0,-999,-999,0
102.5,86,16,6,-139.741,4,-153.934,0,0,20,0,-999,-999,0
102.5,86,16,6,-139.741,1,-155.463,0,0,20,0,-999,-999,0
102.5,96,40,5,-101.885,7,-125.016,6,6,10,1,14.4492,9.92861,0
102.5,96,40,5,-101.885,6,-146.774,3,4,10,1,11.7596,7.23902,0
102.5,96,40,5,-101.885,3,-146.799,3,3,20,0,-999,-999,0
102.5,96,40,5,-101.885,1,-155.504,0,0,20,0,-999,-999,0
102.5,96,40,5,-101.885,4,-165.415,0,0,20,0,-999,-999,0
102.5,96,40,5,-101.885,2,-166.68,0,0,20,0,-999,-999,0
102.5,97,18,6,-106.408,3,-122.324,3,3,20,0,-999,-999,0
102.5,97,18,6,-106.408,5,-122.54,5,5,10,1,11.2769,6.75632,0
102.5,97,18,6,-106.408,2,-132.561,0,0,20,0,-999,-999,0
102.5,97,18,6,-106.408,4,-139.345,0,0,20,0,-999,-999,0
102.5,97,18,6,-106.408,1,-145.887,0,0,20,0,-999,-999,0
102.5,97,18,6,-106.408,7,-153.331,6,6,10,1,14.4492,9.92861,0
102.5,107,24,5,-127.651,3,-151.266,3,3,20,0,-999,-999,0
102.5,107,24,5,-127.651,6,-156.637,3,4,10,1,11.7596,7.23902,0
102.5,107,24,5,-127.651,1,-158.281,0,0,20,0,-999,-999,0
102.5,107,24,5,-127.651,7,-158.874,6,6,10,1,14.4492,9.92861,0
102.5,107,24,5,-127.651,4,-164.272,0,0,20,0,-999,-999,0
102.5,107,24,5,-127.651,2,-168.782,0,0,20,0,-999,-999,0
104.5,14,40,7,-140.203,5,-129.693,5,5,10,1,13.6717,9.15113,0
104.5,14,40,7,-140.203,3,-142.776,2,2,20,0,-999,-999,0
104.5,14,40,7,-140.203,6,-145.514,4,4,10,1,11.5724,7.05184,0
104.5,14,40,7,-140.203,2,-162.075,0,0,20,0,-999,-999,0
104.5,14,40,7,-140.203,1,-166.268,0,0,20,0,-999,-999,0
104.5,14,40,7,-140.203,4,-169.482,0,0,20,0,-999,-999,0
104.5,15,32,5,-132.626,6,-146.871,4,4,10,1,11.5724,7.05184,0
104.5,15,32,5,-132.626,3,-149.667,2,2,20,0,-999,-999,0
104.5,15,32,5,-132.626,7,-150.806,6,6,10,1,10.965,6.44442,0
104.5,15,32,5,-132.626,1,-153.245,0,0,20,0,-999,-999,0
104.5,15,32,5,-132.626,4,-160.474,0,0,20,0,-999,-999,0
104.5,15,32,5,-132.626,2,-166.211,0,0,20,0,-999,-999,0
104.5,29,16,5,-127.456,7,-106.358,6,6,10,1,10.965,6.44442,0
104.5,29,16,5,-127.456,3,-138.551,2,2,20,0,-999,-999,0
104.5,29,16,5,-127.456,6,-140.168,4,4,10,1,11.5724,7.05184,0
104.5,29,16,5,-127.456,1,-145.545,0,0,20,0,-999,-999,0
104.5,29,16,5,-127.456,4,-149.907,0,0,20,0,-999,-999,0
104.5,29,16,5,-127.456,2,-158.392,0,0,20,0,-999,-999,0
104.5,33,32,7,-133.178,3,-140.156,2,2,20,0,-999,-999,0
104.5,33,32,7,-133.178,5,-149.021,5,5,10,1,13.6717,9.15113,0
104.5,33,32,7,-133.178,2,-153.265,0,0,20,0,-999,-999,0
104.5,33,32,7,-133.178,4,-161.005,0,0,20,0,-999,-999,0
104.5,33,32,7,-133.178,6,-164.478,4,4,10,1,11.5724,7.05184,0
104.5,33,32,7,-133.178,1,-164.736,0,0,20,0,-999,-999,0
104.5,40,8,3,-77.7723,7,-123.522,6,6,10,1,10.965,6.44442,0
104.5,40,8,3,-77.7723,6,-124.928,4,4,10,1,11.5724,7.05184,0
104.5,40,8,3,-77.7723,4,-135.622,0,0,20,0,-999,-999,0
104.5,40,8,3,-77.7723,2,-135.966,0,0,20,0,-999,-999,0
104.5,40,8,3,-77.7723,5,-145.509,5,5,10,1,13.6717,9.15113,0
104.5,40,8,3,-77.7723,1,-146.212,0,0,20,0,-999,-999,0
104.5,42,57,7,-82.037,2,-147.783,0,0,20,0,-999,-999,0
104.5,42,57,7,-82.037,3,-149.865,2,2,20,0,-999,-999,0
104.5,42,57,7,-82.037,4,-150.544,0,0,20,0,-999,-999,0
104.5,42,57,7,-82.037,6,-152.424,4,4,10,1,11.5724,7.05184,0
104.5,42,57,7,-82.037,1,-159.734,0,0,20,0,-999,-999,0
104.5,42,57,7,-82.037,5,-170.602,5,5,10,1,13.6717,9.15113,0
104.5,47,73,7,-93.765,2,-148.167,0,0,20,0,-999,-999,0
104.5,47,73,7,-93.765,3,-148.378,2,2,20,0,-999,-999,0
104.5,47,73,7,-93.765,6,-149.043,4,4,10,1,11.5724,7.05184,0
104.5,47,73,7,-93.765,4,-157.125,0,0,20,0,-999,-999,0
104.5,47,73,7,-93.765,1,-160.151,0,0,20,0,-999,-999,0
104.5,47,73,7,-93.765,5,-164.912,5,5,10,1,13.6717,9.15113,0
104.5,56,24,7,-94.991,6,-112.866,4,4,10,1,11.5724,7.05184,0
104.5,56,24,7,-94.991,5,-145.695,5,5,10,1,13.6717,9.15113,0
104.5,56,24,7,-94.991,3,-147.696,2,2,20,0,-999,-999,0
104.5,56,24,7,-94.991,2,-151.329,0,0,20,0,-999,-999,0
104.5,56,24,7,-94.991,4,-151.337,0,0,20,0,-999,-999,0
104.5,56,24,7,-94.991,1,-157.092,0,0,20,0,-999,-999,0
104.5,67,15,7,-94.7203,3,-138.703,2,2,20,0,-999,-999,0
104.5,67,15,7,-94.7203,2,-150.39,0,0,20,0,-999,-999,0
104.5,67,15,7,-94.7203,4,-152.156,0,0,20,0,-999,-999,0
104.5,67,15,7,-94.7203,5,-153.595,5,5,10,1,13.6717,9.15113,0
104.5,67,15,7,-94.7203,1,-158.139,0,0,20,0,-999,-999,0
104.5,67,15,7,-94.7203,6,-161.438,4,4,10,1,11.5724,7.05184,0
104.5,71,8,5,-125.52,2,-137.315,0,0,20,0,-999,-999,0
104.5,71,8,5,-125.52,1,-140.607,0,0,20,0,-999,-999,0
104.5,71,8,5,-125.52,6,-144.011,4,4,10,1,11.5724,7.05184,0
104.5,71,8,5,-125.52,3,-146.425,2,2,20,0,-999,-999,0
104.5,71,8,5,-125.52,7,-150.238,6,6,10,1,10.965,6.44442,0
104.5,71,8,5,-125.52,4,-153.18,0,0,20,0,-999,-999,0
104.5,78,11,3,-92.988,7,-130.413,6,6,10,1,10.965,6.44442,0
104.5,78,11,3,-92.988,6,-135.603,4,4,10,1,11.5724,7.05184,0
104.5,78,11,3,-92.988,2,-139.844,0,0,20,0,-999,-999,0
104.5,78,11,3,-92.988,4,-141.895,0,0,20,0,-999,-999,0
104.5,78,11,3,-92.988,5,-148.786,5,5,10,1,13.6717,9.15113,0
104.5,78,11,3,-92.988,1,-154.76,0,0,20,0,-999,-999,0
104.5,79,17,6,-136.801,7,-132.526,6,6,10,1,10.965,6.44442,0
104.5,79,17,6,-136.801,3,-135.889,2,2,20,0,-999,-999,0
104.5,79,17,6,-136.801,2,-145.363,0,0,20,0,-999,-999,0
104.5,79,17,6,-136.801,4,-147.628,0,0,20,0,-999,-999,0
104.5,79,17,6,-136.801,5,-150.67,5,5,10,1,13.6717,9.15113,0
104.5,79,17,6,-136.801,1,-156.534,0,0,20,0,-999,-999,0
104.5,83,19,6,-135.978,3,-124.959,2,2,20,0,-999,-999,0
104.5,83,19,6,-135.978,7,-131.135,6,6,10,1,10.965,6.44442,0
104.5,83,19,6,-135.978,2,-142.671,0,0,20,0,-999,-999,0
104.5,83,19,6,-135.978,4,-144.495,0,0,20,0,-999,-999,0
104.5,83,19,6,-135.978,5,-146.657,5,5,10,1,13.6717,9.15113,0
104.5,83,19,6,-135.978,1,-154.057,0,0,20,0,-999,-999,0
104.5,86,16,6,-129.469,3,-99.1084,2,2,20,0,-999,-999,0
104.5,86,16,6,-129.469,7,-102.625,6,6,10,1,10.965,6.44442,0
104.5,86,16,6,-129.469,5,-140.598,5,5,10,1,13.6717,9.15113,0
104.5,86,16,6,-129.469,2,-151.964,0,0,20,0,-999,-999,0
104.5,86,16,6,-129.469,4,-154.209,0,0,20,0,-999,-999,0
104.5,86,16,6,-129.469,1,-155.393,0,0,20,0,-999,-999,0
104.5,96,40,5,-131.129,6,-143.302,4,4,10,1,11.5724,7.05184,0
104.5,96,40,5,-131.129,7,-153.555,6,6,10,1,10.965,6.44442,0
104.5,96,40,5,-131.129,1,-155.712,0,0,20,0,-999,-999,0
104.5,96,40,5,-131.129,4,-156.435,0,0,20,0,-999,-999,0
104.5,96,40,5,-131.129,3,-160.533,2,2,20,0,-999,-999,0
104.5,96,40,5,-131.129,2,-165.899,0,0,20,0,-999,-999,0
104.5,97,18,6,-129.873,5,-118.752,5,5,10,1,13.6717,9.15113,0
104.5,97,18,6,-129.873,3,-126.675,2,2,20,0,-999,-999,0
104.5,97,18,6,-129.873,2,-134.245,0,0,20,0,-999,-999,0
104.5,97,18,6,-129.873,4,-136.149,0,0,20,0,-999,-999,0
104.5,97,18,6,-129.873,1,-151.551,0,0,20,0,-999,-999,0
104.5,97,18,6,-129.873,7,-153.052,6,6,10,1,10.965,6.44442,0
104.5,107,24,5,-130.473,7,-120.743,6,6,10,1,10.965,6.44442,0
104.5,107,24,5,-130.473,6,-155.443,4,4,10,1,11.5724,7.05184,0
104.5,107,24,5,-130.473,3,-157.427,2,2,20,0,-999,-999,0
104.5,107,24,5,-130.473,1,-157.49,0,0,20,0,-999,-999,0
104.5,107,24,5,-130.473,4,-167.462,0,0,20,0,-999,-999,0
104.5,107,24,5,-130.473,2,-168.168,0,0,20,0,-999,-999,0
106.5,14,40,7,-139.089,6,-151.449,4,4,10,1,10.5493,6.0287,0
106.5,14,40,7,-139.089,3,-153.178,2,2,20,0,-999,-999,0
106.5,14,40,7,-139.089,2,-159.405,0,0,20,0,-999,-999,0
106.5,14,40,7,-139.089,5,-172.738,5,5,10,1,13.1855,8.6649,0
106.5,14,40,7,-139.089,4,-174.827,0,0,20,0,-999,-999,0
106.5,14,40,7,-139.089,1,-176.077,0,0,20,0,-999,-999,0
106.5,15,32,5,-111.805,6,-144.766,4,4,10,1,10.5493,6.0287,0
106.5,15,32,5,-111.805,7,-149.024,7,7,10,1,14.8513,10.3307,0
106.5,15,32,5,-111.805,1,-149.348,0,0,20,0,-999,-999,0
106.5,15,32,5,-111.805,3,-153.216,2,2,20,0,-999,-999,0
106.5,15,32,5,-111.805,4,-155.861,0,0,20,0,-999,-999,0
106.5,15,32,5,-111.805,2,-162.498,0,0,20,0,-999,-999,0
106.5,29,16,5,-85.57,7,-106.868,7,7,10,1,14.8513,10.3307,0
106.5,29,16,5,-85.57,3,-137.451,2,2,20,0,-999,-999,0
106.5,29,16,5,-85.57,1,-142.74,0,0,20,0,-999,-999,0
106.5,29,16,5,-85.57,6,-146.531,4,4,10,1,10.5493,6.0287,0
106.5,29,16,5,-85.57,4,-153.684,0,0,20,0,-999,-999,0
106.5,29,16,5,-85.57,2,-159.295,0,0,20,0,-999,-999,0
106.5,33,32,7,-121.393,2,-139.828,0,0,20,0,-999,-999,0
106.5,33,32,7,-121.393,3,-147.844,2,2,20,0,-999,-999,0
106.5,33,32,7,-121.393,5,-154.882,5,5,10,1,13.1855,8.6649,0
106.5,33,32,7,-121.393,4,-159.614,0,0,20,0,-999,-999,0
106.5,33,32,7,-121.393,1,-167.546,0,0,20,0,-999,-999,0
106.5,33,32,7,-121.393,6,-168.14,4,4,10,1,10.5493,6.0287,0
106.5,40,8,3,-111.564,5,-113.463,5,5,10,1,13.1855,8.6649,0
106.5,40,8,3,-111.564,4,-132.074,0,0,20,0,-999,-999,0
106.5,40,8,3,-111.564,2,-134.937,0,0,20,0,-999,-999,0
106.5,40,8,3,-111.564,6,-137.158,4,4,10,1,10.5493,6.0287,0
106.5,40,8,3,-111.564,1,-150.002,0,0,20,0,-999,-999,0
106.5,40,8,3,-111.564,7,-156.496,7,7,10,1,14.8513,10.3307,0
106.5,42,57,7,-76.8209,2,-143.784,0,0,20,0,-999,-999,0
106.5,42,57,7,-76.8209,3,-150.277,2,2,20,0,-999,-999,0
106.5,42,57,7,-76.8209,4,-151.452,0,0,20,0,-999,-999,0
106.5,42,57,7,-76.8209,1,-160.783,0,0,20,0,-999,-999,0
106.5,42,57,7,-76.8209,6,-161.565,4,4,10,1,10.5493,6.0287,0
106.5,42,57,7,-76.8209,5,-173.217,5,5,10,1,13.1855,8.6649,0
106.5,47,73,7,-125.819,6,-131.222,4,4,10,1,10.5493,6.0287,0
106.5,47,73,7,-125.819,3,-148.449,2,2,20,0,-999,-999,0
106.5,47,73,7,-125.819,2,-149.088,0,0,20,0,-999,-999,0
106.5,47,73,7,-125.819,5,-152.349,5,5,10,1,13.1855,8.6649,0
106.5,47,73,7,-125.819,4,-158.543,0,0,20,0,-999,-999,0
106.5,47,73,7,-125.819,1,-160.927,0,0,20,0,-999,-999,0
106.5,56,24,7,-94.9944,3,-141.043,2,2,20,0,-999,-999,0
106.5,56,24,7,-94.9944,6,-144.715,4,4,10,1,10.5493,6.0287,0
106.5,56,24,7,-94.9944,2,-150.402,0,0,20,0,-999,-999,0
106.5,56,24,7,-94.9944,4,-151.92,0,0,20,0,-999,-999,0
106.5,56,24,7,-94.9944,1,-161.317,0,0,20,0,-999,-999,0
106.5,56,24,7,-94.9944,5,-163.401,5,5,10,1,13.1855,8.6649,0
106.5,67,15,7,-132.415,3,-138.796,2,2,20,0,-999,-999,0
106.5,67,15,7,-132.415,5,-139.898,5,5,10,1,13.1855,8.6649,0
106.5,67,15,7,-132.415,2,-148.697,0,0,20,0,-999,-999,0
106.5,67,15,7,-132.415,4,-158.555,0,0,20,0,-999,-999,0
106.5,67,15,7,-132.415,1,-159.709,0,0,20,0,-999,-999,0
106.5,67,15,7,-132.415,6,-164.638,4,4,10,1,10.5493,6.0287,0
106.5,71,8,5,-106.325,3,-117.071,2,2,20,0,-999,-999,0
106.5,71,8,5,-106.325,6,-136.091,4,4,10,1,10.5493,6.0287,0
106.5,71,8,5,-106.325,1,-140.534,0,0,20,0,-999,-999,0
106.5,71,8,5,-106.325,4,-151.927,0,0,20,0,-999,-999,0
106.5,71,8,5,-106.325,7,-154.336,7,7,10,1,14.8513,10.3307,0
106.5,71,8,5,-106.325,2,-162.012,0,0,20,0,-999,-999,0
106.5,78,11,3,-130.154,7,-122.008,7,7,10,1,14.8513,10.3307,0
106.5,78,11,3,-130.154,6,-134.162,4,4,10,1,10.5493,6.0287,0
106.5,78,11,3,-130.154,4,-141.826,0,0,20,0,-999,-999,0
106.5,78,11,3,-130.154,2,-142.276,0,0,20,0,-999,-999,0
106.5,78,11,3,-130.154,5,-154.384,5,5,10,1,13.1855,8.6649,0
106.5,78,11,3,-130.154,1,-156.657,0,0,20,0,-999,-999,0
106.5,79,17,6,-125,7,-129.943,7,7,10,1,14.8513,10.3307,0
106.5,79,17,6,-125,3,-138.205,2,2,20,0,-999,-999,0
106.5,79,17,6,-125,4,-146.181,0,0,20,0,-999,-999,0
106.5,79,17,6,-125,2,-146.513,0,0,20,0,-999,-999,0
106.5,79,17,6,-125,5,-151.578,5,5,10,1,13.1855,8.6649,0
106.5,79,17,6,-125,1,-156.977,0,0,20,0,-999,-999,0
106.5,83,19,6,-140.821,5,-129.516,5,5,10,1,13.1855,8.6649,0
106.5,83,19,6,-140.821,3,-132.065,2,2,20,0,-999,-999,0
106.5,83,19,6,-140.821,7,-135.875,7,7,10,1,14.8513,10.3307,0
106.5,83,19,6,-140.821,2,-142.466,0,0,20,0,-999,-999,0
106.5,83,19,6,-140.821,4,-146.434,0,0,20,0,-999,-999,0
106.5,83,19,6,-140.821,1,-150.998,0,0,20,0,-999,-999,0
106.5,86,16,6,-106.32,7,-137.616,7,7,10,1,14.8513,10.3307,0
106.5,86,16,6,-106.32,3,-140.676,2,2,20,0,-999,-999,0
106.5,86,16,6,-106.32,5,-142.975,5,5,10,1,13.1855,8.6649,0
106.5,86,16,6,-106.32,2,-147.932,0,0,20,0,-999,-999,0
106.5,86,16,6,-106.32,1,-153.496,0,0,20,0,-999,-999,0
106.5,86,16,6,-106.32,4,-155.438,0,0,20,0,-999,-999,0
106.5,96,40,5,-132.294,6,-141.594,4,4,10,1,10.5493,6.0287,0
106.5,96,40,5,-132.294,3,-146.495,2,2,20,0,-999,-999,0
106.5,96,40,5,-132.294,7,-149.231,7,7,10,1,14.8513,10.3307,0
106.5,96,40,5,-132.294,1,-155.371,0,0,20,0,-999,-999,0
106.5,96,40,5,-132.294,4,-162.804,0,0,20,0,-999,-999,0
106.5,96,40,5,-132.294,2,-166.934,0,0,20,0,-999,-999,0
106.5,97,18,6,-102.716,3,-126.088,2,2,20,0,-999,-999,0
106.5,97,18,6,-102.716,2,-135.444,0,0,20,0,-999,-999,0
106.5,97,18,6,-102.716,4,-137.781,0,0,20,0,-999,-999,0
106.5,97,18,6,-102.716,5,-148.811,5,5,10,1,13.1855,8.6649,0
106.5,97,18,6,-102.716,1,-152.664,0,0,20,0,-999,-999,0
106.5,97,18,6,-102.716,7,-156.477,7,7,10,1,14.8513,10.3307,0
106.5,107,24,5,-106.67,6,-134.873,4,4,10,1,10.5493,6.0287,0
106.5,107,24,5,-106.67,3,-149.125,2,2,20,0,-999,-999,0
106.5,107,24,5,-106.67,7,-152.606,7,7,10,1,14.8513,10.3307,0
106.5,107,24,5,-106.67,1,-155.029,0,0,20,0,-999,-999,0
106.5,107,24,5,-106.67,2,-163.71,0,0,20,0,-999,-999,0
106.5,107,24,5,-106.67,4,-166.278,0,0,20,0,-999,-999,0
108.5,14,40,7,-109.883,3,-133.258,2,2,20,0,-999,-999,0
108.5,14,40,7,-109.883,6,-144.073,5,5,10,1,11.7106,7.19002,0
108.5,14,40,7,-109.883,5,-156.162,5,5,10,1,7.93654,3.41594,0
108.5,14,40,7,-109.883,2,-165.644,0,0,20,0,-999,-999,0
108.5,14,40,7,-109.883,4,-166.564,0,0,20,0,-999,-999,0
108.5,14,40,7,-109.883,1,-170.867,0,0,20,0,-999,-999,0
108.5,15,32,5,-101.419,7,-128.849,7,7,10,1,13.631,9.11037,0
108.5,15,32,5,-101.419,6,-129.5,5,5,10,1,11.7106,7.19002,0
108.5,15,32,5,-101.419,3,-137.932,2,2,20,0,-999,-999,0
108.5,15,32,5,-101.419,1,-149.19,0,0,20,0,-999,-999,0
108.5,15,32,5,-101.419,4,-157.061,0,0,20,0,-999,-999,0
108.5,15,32,5,-101.419,2,-162.31,0,0,20,0,-999,-999,0
108.5,29,16,5,-117.864,3,-133.321,2,2,20,0,-999,-999,0
108.5,29,16,5,-117.864,6,-140.647,5,5,10,1,11.7106,7.19002,0
108.5,29,16,5,-117.864,7,-144.166,7,7,10,1,13.631,9.11037,0
108.5,29,16,5,-117.864,1,-146.039,0,0,20,0,-999,-999,0
108.5,29,16,5,-117.864,4,-154.811,0,0,20,0,-999,-999,0
108.5,29,16,5,-117.864,2,-157.686,0,0,20,0,-999,-999,0
108.5,33,32,7,-97.3911,3,-127.303,2,2,20,0,-999,-999,0
108.5,33,32,7,-97.3911,5,-151.518,5,5,10,1,7.93654,3.41594,0
108.5,33,32,7,-97.3911,2,-151.664,0,0,20,0,-999,-999,0
108.5,33,32,7,-97.3911,4,-159.166,0,0,20,0,-999,-999,0
108.5,33,32,7,-97.3911,6,-159.572,5,5,10,1,11.7106,7.19002,0
108.5,33,32,7,-97.3911,1,-160.154,0,0,20,0,-999,-999,0
108.5,38,81,7,-141.307,6,-145.574,5,5,10,1,11.7106,7.19002,0
108.5,38,81,7,-141.307,3,-150.465,2,2,20,0,-999,-999,0
108.5,38,81,7,-141.307,2,-161.822,0,0,20,0,-999,-999,0
108.5,38,81,7,-141.307,4,-168.484,0,0,20,0,-999,-999,0
108.5,38,81,7,-141.307,1,-172.833,0,0,20,0,-999,-999,0
108.5,38,81,7,-141.307,5,-177.275,5,5,10,1,7.93654,3.41594,0
108.5,40,8,3,-117.79,7,-132.29,7,7,10,1,13.631,9.11037,0
108.5,40,8,3,-117.79,2,-133.85,0,0,20,0,-999,-999,0
108.5,40,8,3,-117.79,6,-135.033,5,5,10,1,11.7106,7.19002,0
108.5,40,8,3,-117.79,4,-135.7,0,0,20,0,-999,-999,0
108.5,40,8,3,-117.79,5,-140.81,5,5,10,1,7.93654,3.41594,0
108.5,40,8,3,-117.79,1,-146.088,0,0,20,0,-999,-999,0
108.5,42,57,7,-86.5779,2,-139.086,0,0,20,0,-999,-999,0
108.5,42,57,7,-86.5779,3,-140.258,2,2,20,0,-999,-999,0
108.5,42,57,7,-86.5779,4,-151.08,0,0,20,0,-999,-999,0
108.5,42,57,7,-86.5779,1,-156.889,0,0,20,0,-999,-999,0
108.5,42,57,7,-86.5779,6,-160.087,5,5,10,1,11.7106,7.19002,0
108.5,42,57,7,-86.5779,5,-174.239,5,5,10,1,7.93654,3.41594,0
108.5,47,73,7,-118.328,5,-126.041,5,5,10,1,7.93654,3.41594,0
108.5,47,73,7,-118.328,6,-135.653,5,5,10,1,11.7106,7.19002,0
108.5,47,73,7,-118.328,3,-150.745,2,2,20,0,-999,-999,0
108.5,47,73,7,-118.328,2,-151.43,0,0,20,0,-999,-999,0
108.5,47,73,7,-118.328,4,-157.922,0,0,20,0,-999,-999,0
108.5,47,73,7,-118.328,1,-159.789,0,0,20,0,-999,-999,0
108.5,56,24,7,-132.4,6,-127.325,5,5,10,1,11.7106,7.19002,0
108.5,56,24,7,-132.4,3,-137.517,2,2,20,0,-999,-999,0
108.5,56,24,7,-132.4,5,-149.538,5,5,10,1,7.93654,3.41594,0
108.5,56,24,7,-132.4,4,-150.047,0,0,20,0,-999,-999,0
108.5,56,24,7,-132.4,2,-150.855,0,0,20,0,-999,-999,0
108.5,56,24,7,-132.4,1,-169.605,0,0,20,0,-999,-999,0
108.5,67,15,7,-102.426,3,-133.426,2,2,20,0,-999,-999,0
108.5,67,15,7,-102.426,2,-149.229,0,0,20,0,-999,-999,0
108.5,67,15,7,-102.426,6,-152.37,5,5,10,1,11.7106,7.19002,0
108.5,67,15,7,-102.426,4,-154.595,0,0,20,0,-999,-999,0
108.5,67,15,7,-102.426,5,-157.278,5,5,10,1,7.93654,3.41594,0
108.5,67,15,7,-102.426,1,-162.88,0,0,20,0,-999,-999,0
108.5,71,8,5,-124.168,1,-137.472,0,0,20,0,-999,-999,0
108.5,71,8,5,-124.168,3,-141.179,2,2,20,0,-999,-999,0
108.5,71,8,5,-124.168,7,-144.22,7,7,10,1,13.631,9.11037,0
108.5,71,8,5,-124.168,6,-147.988,5,5,10,1,11.7106,7.19002,0
108.5,71,8,5,-124.168,4,-155.3,0,0,20,0,-999,-999,0
108.5,71,8,5,-124.168,2,-159.083,0,0,20,0,-999,-999,0
108.5,78,11,3,-134.284,6,-109.536,5,5,10,1,11.7106,7.19002,0
108.5,78,11,3,-134.284,7,-129.873,7,7,10,1,13.631,9.11037,0
108.5,78,11,3,-134.284,2,-141.828,0,0,20,0,-999,-999,0
108.5,78,11,3,-134.284,5,-144.859,5,5,10,1,7.93654,3.41594,0
108.5,78,11,3,-134.284,4,-145.018,0,0,20,0,-999,-999,0
108.5,78,11,3,-134.284,1,-153.017,0,0,20,0,-999,-999,0
108.5,79,17,6,-138.899,7,-106.645,7,7,10,1,13.631,9.11037,0
108.5,79,17,6,-138.899,3,-130.135,2,2,20,0,-999,-999,0
108.5,79,17,6,-138.899,2,-144.268,0,0,20,0,-999,-999,0
108.5,79,17,6,-138.899,5,-145.287,5,5,10,1,7.93654,3.41594,0
108.5,79,17,6,-138.899,4,-148.047,0,0,20,0,-999,-999,0
108.5,79,17,6,-138.899,1,-158.104,0,0,20,0,-999,-999,0
108.5,83,19,6,-139.521,3,-129.067,2,2,20,0,-999,-999,0
108.5,83,19,6,-139.521,7,-138.336,7,7,10,1,13.631,9.11037,0
108.5,83,19,6,-139.521,5,-143.889,5,5,10,1,7.93654,3.41594,0
108.5,83,19,6,-139.521,2,-144.148,0,0,20,0,-999,-999,0
108.5,83,19,6,-139.521,4,-148.466,0,0,20,0,-999,-999,0
108.5,83,19,6,-139.521,1,-153.693,0,0,20,0,-999,-999,0
108.5,86,16,6,-128.363,7,-129.929,7,7,10,1,13.631,9.11037,0
108.5,86,16,6,-128.363,3,-138.614,2,2,20,0,-999,-999,0
108.5,86,16,6,-128.363,5,-141.871,5,5,10,1,7.93654,3.41594,0
108.5,86,16,6,-128.363,2,-148.125,0,0,20,0,-999,-999,0
108.5,86,16,6,-128.363,1,-153.452,0,0,20,0,-999,-999,0
108.5,86,16,6,-128.363,4,-154.418,0,0,20,0,-999,-999,0
108.5,96,40,5,-129.71,6,-140.838,5,5,10,1,11.7106,7.19002,0
108.5,96,40,5,-129.71,7,-147.324,7,7,10,1,13.631,9.11037,0
108.5,96,40,5,-129.71,3,-148.693,2,2,20,0,-999,-999,0
108.5,96,40,5,-129.71,1,-156.13,0,0,20,0,-999,-999,0
108.5,96,40,5,-129.71,2,-157.755,0,0,20,0,-999,-999,0
108.5,96,40,5,-129.71,4,-166.059,0,0,20,0,-999,-999,0
108.5,97,18,6,-132.965,3,-92.7813,2,2,20,0,-999,-999,0
108.5,97,18,6,-132.965,5,-128.901,5,5,10,1,7.93654,3.41594,0
108.5,97,18,6,-132.965,7,-131.048,7,7,10,1,13.631,9.11037,0
108.5,97,18,6,-132.965,2,-138.548,0,0,20,0,-999,-999,0
108.5,97,18,6,-132.965,4,-140.009,0,0,20,0,-999,-999,0
108.5,97,18,6,-132.965,1,-154.343,0,0,20,0,-999,-999,0
108.5,101,27,6,-114.048,3,-132.219,2,2,20,0,-999,-999,0
108.5,101,27,6,-114.048,2,-136.823,0,0,20,0,-999,-999,0
108.5,101,27,6,-114.048,1,-140.927,0,0,20,0,-999,-999,0
108.5,101,27,6,-114.048,4,-143.149,0,0,20,0,-999,-999,0
108.5,101,27,6,-114.048,7,-148.931,7,7,10,1,13.631,9.11037,0
108.5,101,27,6,-114.048,5,-149.157,5,5,10,1,7.93654,3.41594,0
108.5,107,24,5,-126.349,3,-136.503,2,2,20,0,-999,-999,0
108.5,107,24,5,-126.349,6,-139.819,5,5,10,1,11.7106,7.19002,0
108.5,107,24,5,-126.349,7,-153.266,7,7,10,1,13.631,9.11037,0
108.5,107,24,5,-126.349,1,-157.545,0,0,20,0,-999,-999,0
108.5,107,24,5,-126.349,4,-165.996,0,0,20,0,-999,-999,0
108.5,107,24,5,-126.349,2,-172.318,0,0,20,0,-999,-999,0
110.5,14,40,7,-135.724,3,-112.763,2,2,20,0,-999,-999,0
110.5,14,40,7,-135.724,6,-145.228,5,5,10,1,12.2213,7.70071,0
110.5,14,40,7,-135.724,5,-161.937,5,5,10,1,13.978,9.45736,0
110.5,14,40,7,-135.724,2,-162.075,0,0,20,0,-999,-999,0
110.5,14,40,7,-135.724,4,-167.401,0,0,20,0,-999,-999,0
110.5,14,40,7,-135.724,1,-171.419,0,0,20,0,-999,-999,0
110.5,15,32,5,-132.518,6,-151.644,5,5,10,1,12.2213,7.70071,0
110.5,15,32,5,-132.518,3,-152.169,2,2,20,0,-999,-999,0
110.5,15,32,5,-132.518,1,-152.52,0,0,20,0,-999,-999,0
110.5,15,32,5,-132.518,7,-153.129,7,7,10,1,12.6003,8.07969,0
110.5,15,32,5,-132.518,4,-163.91,0,0,20,0,-999,-999,0
110.5,15,32,5,-132.518,2,-166.211,0,0,20,0,-999,-999,0
110.5,29,16,5,-85.656,6,-139.895,5,5,10,1,12.2213,7.70071,0
110.5,29,16,5,-85.656,1,-143.117,0,0,20,0,-999,-999,0
110.5,29,16,5,-85.656,3,-143.712,2,2,20,0,-999,-999,0
110.5,29,16,5,-85.656,7,-145.647,7,7,10,1,12.6003,8.07969,0
110.5,29,16,5,-85.656,4,-151.943,0,0,20,0,-999,-999,0
110.5,29,16,5,-85.656,2,-159.323,0,0,20,0,-999,-999,0
110.5,33,32,7,-136.254,3,-144.003,2,2,20,0,-999,-999,0
110.5,33,32,7,-136.254,2,-149.611,0,0,20,0,-999,-999,0
110.5,33,32,7,-136.254,5,-155.31,5,5,10,1,13.978,9.45736,0
110.5,33,32,7,-136.254,4,-155.447,0,0,20,0,-999,-999,0
110.5,33,32,7,-136.254,1,-164.193,0,0,20,0,-999,-999,0
110.5,33,32,7,-136.254,6,-172.571,5,5,10,1,12.2213,7.70071,0
110.5,38,81,7,-140.101,3,-145.846,2,2,20,0,-999,-999,0
110.5,38,81,7,-140.101,6,-147.043,5,5,10,1,12.2213,7.70071,0
110.5,38,81,7,-140.101,2,-166.633,0,0,20,0,-999,-999,0
110.5,38,81,7,-140.101,4,-170.874,0,0,20,0,-999,-999,0
110.5,38,81,7,-140.101,5,-176.566,5,5,10,1,13.978,9.45736,0
110.5,38,81,7,-140.101,1,-177.445,0,0,20,0,-999,-999,0
110.5,40,8,3,-111.77,2,-132.94,0,0,20,0,-999,-999,0
110.5,40,8,3,-111.77,4,-133.928,0,0,20,0,-999,-999,0
110.5,40,8,3,-111.77,6,-135.913,5,5,10,1,12.2213,7.70071,0
110.5,40,8,3,-111.77,1,-142.64,0,0,20,0,-999,-999,0
110.5,40,8,3,-111.77,5,-145.008,5,5,10,1,13.978,9.45736,0
110.5,40,8,3,-111.77,7,-156.849,7,7,10,1,12.6003,8.07969,0
110.5,42,57,7,-80.353,2,-142.428,0,0,20,0,-999,-999,0
110.5,42,57,7,-80.353,4,-149.512,0,0,20,0,-999,-999,0
110.5,42,57,7,-80.353,3,-152.382,2,2,20,0,-999,-999,0
110.5,42,57,7,-80.353,1,-160.373,0,0,20,0,-999,-999,0
110.5,42,57,7,-80.353,6,-162.412,5,5,10,1,12.2213,7.70071,0
110.5,42,57,7,-80.353,5,-170.752,5,5,10,1,13.978,9.45736,0
110.5,47,73,7,-128.446,3,-137.969,2,2,20,0,-999,-999,0
110.5,47,73,7,-128.446,6,-142.514,5,5,10,1,12.2213,7.70071,0
110.5,47,73,7,-128.446,4,-152.914,0,0,20,0,-999,-999,0
110.5,47,73,7,-128.446,2,-153.253,0,0,20,0,-999,-999,0
110.5,47,73,7,-128.446,5,-162.806,5,5,10,1,13.978,9.45736,0
110.5,47,73,7,-128.446,1,-164.181,0,0,20,0,-999,-999,0
110.5,56,24,7,-99.4426,6,-107.957,5,5,10,1,12.2213,7.70071,0
110.5,56,24,7,-99.4426,3,-141.963,2,2,20,0,-999,-999,0
110.5,56,24,7,-99.4426,2,-151.953,0,0,20,0,-999,-999,0
110.5,56,24,7,-99.4426,4,-157.284,0,0,20,0,-999,-999,0
110.5,56,24,7,-99.4426,1,-159.18,0,0,20,0,-999,-999,0
110.5,56,24,7,-99.4426,5,-159.871,5,5,10,1,13.978,9.45736,0
110.5,67,15,7,-132.192,3,-139.075,2,2,20,0,-999,-999,0
110.5,67,15,7,-132.192,2,-149.924,0,0,20,0,-999,-999,0
110.5,67,15,7,-132.192,5,-150.392,5,5,10,1,13.978,9.45736,0
110.5,67,15,7,-132.192,4,-156.44,0,0,20,0,-999,-999,0
110.5,67,15,7,-132.192,1,-157.159,0,0,20,0,-999,-999,0
110.5,67,15,7,-132.192,6,-164.146,5,5,10,1,12.2213,7.70071,0
110.5,71,8,5,-91.5889,6,-115.478,5,5,10,1,12.2213,7.70071,0
110.5,71,8,5,-91.5889,3,-118.531,2,2,20,0,-999,-999,0
110.5,71,8,5,-91.5889,1,-139.615,0,0,20,0,-999,-999,0
110.5,71,8,5,-91.5889,4,-151.255,0,0,20,0,-999,-999,0
110.5,71,8,5,-91.5889,7,-158.884,7,7,10,1,12.6003,8.07969,0
110.5,71,8,5,-91.5889,2,-159.176,0,0,20,0,-999,-999,0
110.5,78,11,3,-123.949,7,-120.614,7,7,10,1,12.6003,8.07969,0
110.5,78,11,3,-123.949,6,-136.42,5,5,10,1,12.2213,7.70071,0
110.5,78,11,3,-123.949,2,-142.129,0,0,20,0,-999,-999,0
110.5,78,11,3,-123.949,5,-146.44,5,5,10,1,13.978,9.45736,0
110.5,78,11,3,-123.949,4,-147.301,0,0,20,0,-999,-999,0
110.5,78,11,3,-123.949,1,-153.702,0,0,20,0,-999,-999,0
110.5,79,17,6,-101.424,7,-99.9787,7,7,10,1,12.6003,8.07969,0
110.5,79,17,6,-101.424,3,-139.273,2,2,20,0,-999,-999,0
110.5,79,17,6,-101.424,5,-144.884,5,5,10,1,13.978,9.45736,0
110.5,79,17,6,-101.424,2,-146.298,0,0,20,0,-999,-999,0
110.5,79,17,6,-101.424,4,-148.105,0,0,20,0,-999,-999,0
110.5,79,17,6,-101.424,1,-153.804,0,0,20,0,-999,-999,0
110.5,83,19,6,-140.533,5,-108.56,5,5,10,1,13.978,9.45736,0
110.5,83,19,6,-140.533,3,-131.59,2,2,20,0,-999,-999,0
110.5,83,19,6,-140.533,7,-137.986,7,7,10,1,12.6003,8.07969,0
110.5,83,19,6,-140.533,2,-140.211,0,0,20,0,-999,-999,0
110.5,83,19,6,-140.533,1,-154.459,0,0,20,0,-999,-999,0
110.5,83,19,6,-140.533,4,-154.568,0,0,20,0,-999,-999,0
110.5,86,16,6,-131.79,7,-107.255,7,7,10,1,12.6003,8.07969,0
110.5,86,16,6,-131.79,3,-135.86,2,2,20,0,-999,-999,0
110.5,86,16,6,-131.79,5,-142.73,5,5,10,1,13.978,9.45736,0
110.5,86,16,6,-131.79,2,-150.657,0,0,20,0,-999,-999,0
110.5,86,16,6,-131.79,4,-152.105,0,0,20,0,-999,-999,0
110.5,86,16,6,-131.79,1,-154.113,0,0,20,0,-999,-999,0
110.5,96,40,5,-93.6085,6,-140.318,5,5,10,1,12.2213,7.70071,0
110.5,96,40,5,-93.6085,7,-148.176,7,7,10,1,12.6003,8.07969,0
110.5,96,40,5,-93.6085,3,-152.023,2,2,20,0,-999,-999,0
110.5,96,40,5,-93.6085,1,-155.201,0,0,20,0,-999,-999,0
110.5,96,40,5,-93.6085,4,-159.372,0,0,20,0,-999,-999,0
110.5,96,40,5,-93.6085,2,-165.029,0,0,20,0,-999,-999,0
110.5,97,18,6,-89.9835,3,-93.8092,2,2,20,0,-999,-999,0
110.5,97,18,6,-89.9835,2,-116.129,0,0,20,0,-999,-999,0
110.5,97,18,6,-89.9835,4,-140.72,0,0,20,0,-999,-999,0
110.5,97,18,6,-89.9835,7,-143.733,7,7,10,1,12.6003,8.07969,0
110.5,97,18,6,-89.9835,5,-150.022,5,5,10,1,13.978,9.45736,0
110.5,97,18,6,-89.9835,1,-154.428,0,0,20,0,-999,-999,0
110.5,101,27,6,-123.658,3,-104.423,2,2,20,0,-999,-999,0
110.5,101,27,6,-123.658,2,-140.635,0,0,20,0,-999,-999,0
110.5,101,27,6,-123.658,4,-143.647,0,0,20,0,-999,-999,0
110.5,101,27,6,-123.658,7,-144.243,7,7,10,1,12.6003,8.07969,0
110.5,101,27,6,-123.658,5,-148.843,5,5,10,1,13.978,9.45736,0
110.5,101,27,6,-123.658,1,-150.583,0,0,20,0,-999,-999,0
110.5,107,24,5,-89.0892,7,-123.415,7,7,10,1,12.6003,8.07969,0
110.5,107,24,5,-89.0892,3,-148.668,2,2,20,0,-999,-999,0
110.5,107,24,5,-89.0892,6,-151.06,5,5,10,1,12.2213,7.70071,0
110.5,107,24,5,-89.0892,1,-154.359,0,0,20,0,-999,-999,0
110.5,107,24,5,-89.0892,4,-165.096,0,0,20,0,-999,-999,0
110.5,107,24,5,-89.0892,2,-169.552,0,0,20,0,-999,-999,0
112.5,14,40,7,-120.545,3,-112.84,2,2,20,0,-999,-999,0
112.5,14,40,7,-120.545,6,-137.611,5,5,10,1,11.2938,6.77322,0
112.5,14,40,7,-120.545,5,-161.903,5,5,10,1,12.4424,7.92176,0
112.5,14,40,7,-120.545,2,-163.816,0,0,20,0,-999,-999,0
112.5,14,40,7,-120.545,4,-166.206,0,0,20,0,-999,-999,0
112.5,14,40,7,-120.545,1,-172.299,0,0,20,0,-999,-999,0
112.5,15,32,5,-111.329,3,-115.538,2,2,20,0,-999,-999,0
112.5,15,32,5,-111.329,7,-143.337,7,7,10,1,12.766,8.24543,0
112.5,15,32,5,-111.329,6,-153.619,5,5,10,1,11.2938,6.77322,0
112.5,15,32,5,-111.329,1,-154.142,0,0,20,0,-999,-999,0
112.5,15,32,5,-111.329,4,-163.029,0,0,20,0,-999,-999,0
112.5,15,32,5,-111.329,2,-165.672,0,0,20,0,-999,-999,0
112.5,29,16,5,-101.837,3,-137.283,2,2,20,0,-999,-999,0
112.5,29,16,5,-101.837,6,-141.609,5,5,10,1,11.2938,6.77322,0
112.5,29,16,5,-101.837,1,-141.797,0,0,20,0,-999,-999,0
112.5,29,16,5,-101.837,4,-150.977,0,0,20,0,-999,-999,0
112.5,29,16,5,-101.837,7,-152.396,7,7,10,1,12.766,8.24543,0
112.5,29,16,5,-101.837,2,-161.564,0,0,20,0,-999,-999,0
112.5,33,32,7,-116.907,3,-116.42,2,2,20,0,-999,-999,0
112.5,33,32,7,-116.907,5,-151.023,5,5,10,1,12.4424,7.92176,0
112.5,33,32,7,-116.907,2,-157.805,0,0,20,0,-999,-999,0
112.5,33,32,7,-116.907,4,-159.806,0,0,20,0,-999,-999,0
112.5,33,32,7,-116.907,1,-164.065,0,0,20,0,-999,-999,0
112.5,33,32,7,-116.907,6,-168.534,5,5,10,1,11.2938,6.77322,0
112.5,38,81,7,-128.265,3,-113.583,2,2,20,0,-999,-999,0
112.5,38,81,7,-128.265,6,-144.127,5,5,10,1,11.2938,6.77322,0
112.5,38,81,7,-128.265,5,-151.496,5,5,10,1,12.4424,7.92176,0
112.5,38,81,7,-128.265,2,-161.496,0,0,20,0,-999,-999,0
112.5,38,81,7,-128.265,4,-168.223,0,0,20,0,-999,-999,0
112.5,38,81,7,-128.265,1,-170.439,0,0,20,0,-999,-999,0
112.5,40,8,3,-116.525,2,-131.759,0,0,20,0,-999,-999,0
112.5,40,8,3,-116.525,4,-133.379,0,0,20,0,-999,-999,0
112.5,40,8,3,-116.525,6,-134.213,5,5,10,1,11.2938,6.77322,0
112.5,40,8,3,-116.525,5,-139.17,5,5,10,1,12.4424,7.92176,0
112.5,40,8,3,-116.525,7,-144.932,7,7,10,1,12.766,8.24543,0
112.5,40,8,3,-116.525,1,-145.311,0,0,20,0,-999,-999,0
112.5,42,57,7,-90.5575,2,-139.069,0,0,20,0,-999,-999,0
112.5,42,57,7,-90.5575,4,-151.958,0,0,20,0,-999,-999,0
112.5,42,57,7,-90.5575,3,-152.924,2,2,20,0,-999,-999,0
112.5,42,57,7,-90.5575,6,-153.394,5,5,10,1,11.2938,6.77322,0
112.5,42,57,7,-90.5575,1,-160.524,0,0,20,0,-999,-999,0
112.5,42,57,7,-90.5575,5,-174.344,5,5,10,1,12.4424,7.92176,0
112.5,47,73,7,-127.866,6,-142.304,5,5,10,1,11.2938,6.77322,0
112.5,47,73,7,-127.866,3,-144.732,2,2,20,0,-999,-999,0
112.5,47,73,7,-127.866,4,-150.709,0,0,20,0,-999,-999,0
112.5,47,73,7,-127.866,2,-152.807,0,0,20,0,-999,-999,0
112.5,47,73,7,-127.866,5,-154.063,5,5,10,1,12.4424,7.92176,0
112.5,47,73,7,-127.866,1,-165.493,0,0,20,0,-999,-999,0
112.5,56,24,7,-130.214,5,-132.788,5,5,10,1,12.4424,7.92176,0
112.5,56,24,7,-130.214,3,-139.593,2,2,20,0,-999,-999,0
112.5,56,24,7,-130.214,6,-148.5,5,5,10,1,11.2938,6.77322,0
112.5,56,24,7,-130.214,2,-152.103,0,0,20,0,-999,-999,0
112.5,56,24,7,-130.214,4,-152.749,0,0,20,0,-999,-999,0
112.5,56,24,7,-130.214,1,-156.889,0,0,20,0,-999,-999,0
112.5,67,15,7,-111.561,3,-138.177,2,2,20,0,-999,-999,0
112.5,67,15,7,-111.561,5,-147.401,5,5,10,1,12.4424,7.92176,0
112.5,67,15,7,-111.561,2,-148.594,0,0,20,0,-999,-999,0
112.5,67,15,7,-111.561,4,-154.535,0,0,20,0,-999,-999,0
112.5,67,15,7,-111.561,1,-158.456,0,0,20,0,-999,-999,0
112.5,67,15,7,-111.561,6,-166.172,5,5,10,1,11.2938,6.77322,0
112.5,71,8,5,-115.924,6,-138.258,5,5,10,1,11.2938,6.77322,0
112.5,71,8,5,-115.924,1,-138.946,0,0,20,0,-999,-999,0
112.5,71,8,5,-115.924,3,-148.405,2,2,20,0,-999,-999,0
112.5,71,8,5,-115.924,4,-152.248,0,0,20,0,-999,-999,0
112.5,71,8,5,-115.924,2,-156.605,0,0,20,0,-999,-999,0
112.5,71,8,5,-115.924,7,-156.82,7,7,10,1,12.766,8.24543,0
112.5,78,11,3,-129.446,7,-129.896,7,7,10,1,12.766,8.24543,0
112.5,78,11,3,-129.446,6,-133.878,5,5,10,1,11.2938,6.77322,0
112.5,78,11,3,-129.446,4,-138.482,0,0,20,0,-999,-999,0
112.5,78,11,3,-129.446,2,-145.24,0,0,20,0,-999,-999,0
112.5,78,11,3,-129.446,5,-150.476,5,5,10,1,12.4424,7.92176,0
112.5,78,11,3,-129.446,1,-153.484,0,0,20,0,-999,-999,0
112.5,79,17,6,-134.046,7,-130.639,7,7,10,1,12.766,8.24543,0
112.5,79,17,6,-134.046,3,-141.328,2,2,20,0,-999,-999,0
112.5,79,17,6,-134.046,2,-143.873,0,0,20,0,-999,-999,0
112.5,79,17,6,-134.046,4,-146.971,0,0,20,0,-999,-999,0
112.5,79,17,6,-134.046,5,-154.018,5,5,10,1,12.4424,7.92176,0
112.5,79,17,6,-134.046,1,-160.933,0,0,20,0,-999,-999,0
112.5,83,19,6,-133.555,7,-134.23,7,7,10,1,12.766,8.24543,0
112.5,83,19,6,-133.555,3,-135.651,2,2,20,0,-999,-999,0
112.5,83,19,6,-133.555,2,-140.289,0,0,20,0,-999,-999,0
112.5,83,19,6,-133.555,5,-148.095,5,5,10,1,12.4424,7.92176,0
112.5,83,19,6,-133.555,4,-153.822,0,0,20,0,-999,-999,0
112.5,83,19,6,-133.555,1,-155.133,0,0,20,0,-999,-999,0
112.5,86,16,6,-109.853,7,-116.955,7,7,10,1,12.766,8.24543,0
112.5,86,16,6,-109.853,5,-139.345,5,5,10,1,12.4424,7.92176,0
112.5,86,16,6,-109.853,3,-142.215,2,2,20,0,-999,-999,0
112.5,86,16,6,-109.853,2,-148.075,0,0,20,0,-999,-999,0
112.5,86,16,6,-109.853,1,-155.066,0,0,20,0,-999,-999,0
112.5,86,16,6,-109.853,4,-156.577,0,0,20,0,-999,-999,0
112.5,96,40,5,-129.241,3,-111.441,2,2,20,0,-999,-999,0
112.5,96,40,5,-129.241,7,-128.857,7,7,10,1,12.766,8.24543,0
112.5,96,40,5,-129.241,6,-132.785,5,5,10,1,11.2938,6.77322,0
112.5,96,40,5,-129.241,1,-158.02,0,0,20,0,-999,-999,0
112.5,96,40,5,-129.241,4,-160.604,0,0,20,0,-999,-999,0
112.5,96,40,5,-129.241,2,-168.211,0,0,20,0,-999,-999,0
112.5,97,18,6,-103.555,3,-123.588,2,2,20,0,-999,-999,0
112.5,97,18,6,-103.555,2,-131.033,0,0,20,0,-999,-999,0
112.5,97,18,6,-103.555,7,-138.338,7,7,10,1,12.766,8.24543,0
112.5,97,18,6,-103.555,4,-139.115,0,0,20,0,-999,-999,0
112.5,97,18,6,-103.555,5,-142.455,5,5,10,1,12.4424,7.92176,0
112.5,97,18,6,-103.555,1,-152.361,0,0,20,0,-999,-999,0
112.5,101,27,6,-97.6807,3,-132.243,2,2,20,0,-999,-999,0
112.5,101,27,6,-97.6807,2,-140.252,0,0,20,0,-999,-999,0
112.5,101,27,6,-97.6807,7,-145.432,7,7,10,1,12.766,8.24543,0
112.5,101,27,6,-97.6807,1,-147.567,0,0,20,0,-999,-999,0
112.5,101,27,6,-97.6807,4,-147.684,0,0,20,0,-999,-999,0
112.5,101,27,6,-97.6807,5,-150.178,5,5,10,1,12.4424,7.92176,0
112.5,107,24,5,-136.554,6,-125.707,5,5,10,1,11.2938,6.77322,0
112.5,107,24,5,-136.554,7,-134.659,7,7,10,1,12.766,8.24543,0
112.5,107,24,5,-136.554,3,-148.436,2,2,20,0,-999,-999,0
112.5,107,24,5,-136.554,1,-155.292,0,0,20,0,-999,-999,0
112.5,107,24,5,-136.554,4,-168.472,0,0,20,0,-999,-999,0
112.5,107,24,5,-136.554,2,-169.489,0,0,20,0,-999,-999,0
114.5,14,40,7,-138.731,6,-125.926,5,5,10,1,14.8919,10.3713,0
114.5,14,40,7,-138.731,3,-147.26,2,2,20,0,-999,-999,0
114.5,14,40,7,-138.731,2,-162.447,0,0,20,0,-999,-999,0
114.5,14,40,7,-138.731,4,-168.084,0,0,20,0,-999,-999,0
114.5,14,40,7,-138.731,5,-169.838,5,5,10,1,11.7765,7.25594,0
114.5,14,40,7,-138.731,1,-175.154,0,0,20,0,-999,-999,0
114.5,15,32,5,-96.3304,6,-145.554,5,5,10,1,14.8919,10.3713,0
114.5,15,32,5,-96.3304,1,-146.716,0,0,20,0,-999,-999,0
114.5,15,32,5,-96.3304,3,-151.653,2,2,20,0,-999,-999,0
114.5,15,32,5,-96.3304,4,-155.746,0,0,20,0,-999,-999,0
114.5,15,32,5,-96.3304,7,-159.192,7,7,10,1,7.52597,3.00537,0
114.5,15,32,5,-96.3304,2,-159.52,0,0,20,0,-999,-999,0
114.5,29,16,5,-120.8,3,-124.492,2,2,20,0,-999,-999,0
114.5,29,16,5,-120.8,7,-143.896,7,7,10,1,7.52597,3.00537,0
114.5,29,16,5,-120.8,6,-145.232,5,5,10,1,14.8919,10.3713,0
114.5,29,16,5,-120.8,1,-145.554,0,0,20,0,-999,-999,0
114.5,29,16,5,-120.8,4,-153.327,0,0,20,0,-999,-999,0
114.5,29,16,5,-120.8,2,-159.018,0,0,20,0,-999,-999,0
114.5,33,32,7,-131.556,6,-144.538,5,5,10,1,14.8919,10.3713,0
114.5,33,32,7,-131.556,3,-146.723,2,2,20,0,-999,-999,0
114.5,33,32,7,-131.556,5,-150.442,5,5,10,1,11.7765,7.25594,0
114.5,33,32,7,-131.556,2,-153.137,0,0,20,0,-999,-999,0
114.5,33,32,7,-131.556,4,-161.238,0,0,20,0,-999,-999,0
114.5,33,32,7,-131.556,1,-163.624,0,0,20,0,-999,-999,0
114.5,38,81,7,-143.437,3,-130.6,2,2,20,0,-999,-999,0
114.5,38,81,7,-143.437,6,-137.345,5,5,10,1,14.8919,10.3713,0
114.5,38,81,7,-143.437,2,-165.665,0,0,20,0,-999,-999,0
114.5,38,81,7,-143.437,4,-168.321,0,0,20,0,-999,-999,0
114.5,38,81,7,-143.437,5,-170.677,5,5,10,1,11.7765,7.25594,0
114.5,38,81,7,-143.437,1,-176.166,0,0,20,0,-999,-999,0
114.5,40,8,3,-95.6692,6,-131.294,5,5,10,1,14.8919,10.3713,0
114.5,40,8,3,-95.6692,4,-132.041,0,0,20,0,-999,-999,0
114.5,40,8,3,-95.6692,5,-133.86,5,5,10,1,11.7765,7.25594,0
114.5,40,8,3,-95.6692,2,-136.465,0,0,20,0,-999,-999,0
114.5,40,8,3,-95.6692,1,-146.539,0,0,20,0,-999,-999,0
114.5,40,8,3,-95.6692,7,-159.197,7,7,10,1,7.52597,3.00537,0
114.5,42,57,7,-112.866,3,-139.573,2,2,20,0,-999,-999,0
114.5,42,57,7,-112.866,2,-143.875,0,0,20,0,-999,-999,0
114.5,42,57,7,-112.866,4,-149.042,0,0,20,0,-999,-999,0
114.5,42,57,7,-112.866,6,-149.063,5,5,10,1,14.8919,10.3713,0
114.5,42,57,7,-112.866,5,-161.315,5,5,10,1,11.7765,7.25594,0
114.5,42,57,7,-112.866,1,-162.088,0,0,20,0,-999,-999,0
114.5,47,73,7,-130.305,3,-132.086,2,2,20,0,-999,-999,0
114.5,47,73,7,-130.305,6,-135.287,5,5,10,1,14.8919,10.3713,0
114.5,47,73,7,-130.305,4,-149.65,0,0,20,0,-999,-999,0
114.5,47,73,7,-130.305,2,-150.107,0,0,20,0,-999,-999,0
114.5,47,73,7,-130.305,5,-152.336,5,5,10,1,11.7765,7.25594,0
114.5,47,73,7,-130.305,1,-162.081,0,0,20,0,-999,-999,0
114.5,56,24,7,-94.7117,6,-118.098,5,5,10,1,14.8919,10.3713,0
114.5,56,24,7,-94.7117,5,-122.95,5,5,10,1,11.7765,7.25594,0
114.5,56,24,7,-94.7117,3,-144.037,2,2,20,0,-999,-999,0
114.5,56,24,7,-94.7117,2,-146.309,0,0,20,0,-999,-999,0
114.5,56,24,7,-94.7117,4,-150.571,0,0,20,0,-999,-999,0
114.5,56,24,7,-94.7117,1,-158.92,0,0,20,0,-999,-999,0
114.5,67,15,7,-131.292,3,-136.538,2,2,20,0,-999,-999,0
114.5,67,15,7,-131.292,2,-146.664,0,0,20,0,-999,-999,0
114.5,67,15,7,-131.292,5,-151.237,5,5,10,1,11.7765,7.25594,0
114.5,67,15,7,-131.292,4,-152.021,0,0,20,0,-999,-999,0
114.5,67,15,7,-131.292,1,-160.714,0,0,20,0,-999,-999,0
114.5,67,15,7,-131.292,6,-162.672,5,5,10,1,14.8919,10.3713,0
114.5,71,8,5,-123.076,1,-135.992,0,0,20,0,-999,-999,0
114.5,71,8,5,-123.076,3,-147.748,2,2,20,0,-999,-999,0
114.5,71,8,5,-123.076,6,-148.238,5,5,10,1,14.8919,10.3713,0
114.5,71,8,5,-123.076,4,-153.389,0,0,20,0,-999,-999,0
114.5,71,8,5,-123.076,7,-155.547,7,7,10,1,7.52597,3.00537,0
114.5,71,8,5,-123.076,2,-165.63,0,0,20,0,-999,-999,0
114.5,78,11,3,-129.894,7,-126.67,7,7,10,1,7.52597,3.00537,0
114.5,78,11,3,-129.894,6,-130.419,5,5,10,1,14.8919,10.3713,0
114.5,78,11,3,-129.894,2,-137.81,0,0,20,0,-999,-999,0
114.5,78,11,3,-129.894,4,-139.144,0,0,20,0,-999,-999,0
114.5,78,11,3,-129.894,5,-151.223,5,5,10,1,11.7765,7.25594,0
114.5,78,11,3,-129.894,1,-158.017,0,0,20,0,-999,-999,0
114.5,79,17,6,-130.89,3,-96.8928,2,2,20,0,-999,-999,0
114.5,79,17,6,-130.89,7,-130.317,7,7,10,1,7.52597,3.00537,0
114.5,79,17,6,-130.89,2,-144.754,0,0,20,0,-999,-999,0
114.5,79,17,6,-130.89,4,-145.552,0,0,20,0,-999,-999,0
114.5,79,17,6,-130.89,5,-147.29,5,5,10,1,11.7765,7.25594,0
114.5,79,17,6,-130.89,1,-161.108,0,0,20,0,-999,-999,0
114.5,83,19,6,-121.636,3,-110.529,2,2,20,0,-999,-999,0
114.5,83,19,6,-121.636,7,-133.848,7,7,10,1,7.52597,3.00537,0
114.5,83,19,6,-121.636,5,-143.493,5,5,10,1,11.7765,7.25594,0
114.5,83,19,6,-121.636,2,-146.995,0,0,20,0,-999,-999,0
114.5,83,19,6,-121.636,4,-147.151,0,0,20,0,-999,-999,0
114.5,83,19,6,-121.636,1,-154.258,0,0,20,0,-999,-999,0
114.5,86,16,6,-132.866,3,-135.022,2,2,20,0,-999,-999,0
114.5,86,16,6,-132.866,5,-142.234,5,5,10,1,11.7765,7.25594,0
114.5,86,16,6,-132.866,7,-142.886,7,7,10,1,7.52597,3.00537,0
114.5,86,16,6,-132.866,2,-150.822,0,0,20,0,-999,-999,0
114.5,86,16,6,-132.866,4,-156.874,0,0,20,0,-999,-999,0
114.5,86,16,6,-132.866,1,-157.799,0,0,20,0,-999,-999,0
114.5,96,40,5,-128.126,6,-138.544,5,5,10,1,14.8919,10.3713,0
114.5,96,40,5,-128.126,3,-146.21,2,2,20,0,-999,-999,0
114.5,96,40,5,-128.126,7,-151.328,7,7,10,1,7.52597,3.00537,0
114.5,96,40,5,-128.126,1,-153.998,0,0,20,0,-999,-999,0
114.5,96,40,5,-128.126,4,-161.475,0,0,20,0,-999,-999,0
114.5,96,40,5,-128.126,2,-169.212,0,0,20,0,-999,-999,0
114.5,97,18,6,-125.331,3,-108.396,2,2,20,0,-999,-999,0
114.5,97,18,6,-125.331,2,-132.618,0,0,20,0,-999,-999,0
114.5,97,18,6,-125.331,4,-135.517,0,0,20,0,-999,-999,0
114.5,97,18,6,-125.331,5,-151.008,5,5,10,1,11.7765,7.25594,0
114.5,97,18,6,-125.331,1,-151.658,0,0,20,0,-999,-999,0
114.5,97,18,6,-125.331,7,-156.99,7,7,10,1,7.52597,3.00537,0
114.5,101,27,6,-125.863,3,-133.852,2,2,20,0,-999,-999,0
114.5,101,27,6,-125.863,2,-141.953,0,0,20,0,-999,-999,0
114.5,101,27,6,-125.863,4,-143.455,0,0,20,0,-999,-999,0
114.5,101,27,6,-125.863,5,-146.793,5,5,10,1,11.7765,7.25594,0
114.5,101,27,6,-125.863,1,-149.985,0,0,20,0,-999,-999,0
114.5,101,27,6,-125.863,7,-159.444,7,7,10,1,7.52597,3.00537,0
114.5,107,24,5,-131.497,7,-117.15,7,7,10,1,7.52597,3.00537,0
114.5,107,24,5,-131.497,3,-151.554,2,2,20,0,-999,-999,0
114.5,107,24,5,-131.497,6,-151.584,5,5,10,1,14.8919,10.3713,0
114.5,107,24,5,-131.497,1,-154.245,0,0,20,0,-999,-999,0
114.5,107,24,5,-131.497,4,-163.294,0,0,20,0,-999,-999,0
114.5,107,24,5,-131.497,2,-167.396,0,0,20,0,-999,-999,0
116.5,14,40,7,-128.389,6,-122.814,5,5,10,1,13.1478,8.62716,0
116.5,14,40,7,-128.389,5,-126.569,6,6,10,1,11.1479,6.62728,0
116.5,14,40,7,-128.389,3,-152.364,2,2,20,0,-999,-999,0
116.5,14,40,7,-128.389,2,-164.032,0,0,20,0,-999,-999,0
116.5,14,40,7,-128.389,4,-166.039,0,0,20,0,-999,-999,0
116.5,14,40,7,-128.389,1,-170.793,0,0,20,0,-999,-999,0
116.5,15,32,5,-96.411,6,-143.502,5,5,10,1,13.1478,8.62716,0
116.5,15,32,5,-96.411,3,-147.88,2,2,20,0,-999,-999,0
116.5,15,32,5,-96.411,1,-150.647,0,0,20,0,-999,-999,0
116.5,15,32,5,-96.411,7,-159.078,7,7,10,1,11.1032,6.58259,0
116.5,15,32,5,-96.411,4,-160.033,0,0,20,0,-999,-999,0
116.5,15,32,5,-96.411,2,-164.662,0,0,20,0,-999,-999,0
116.5,29,16,5,-83.7756,6,-111.905,5,5,10,1,13.1478,8.62716,0
116.5,29,16,5,-83.7756,3,-139.963,2,2,20,0,-999,-999,0
116.5,29,16,5,-83.7756,1,-141.478,0,0,20,0,-999,-999,0
116.5,29,16,5,-83.7756,7,-147.811,7,7,10,1,11.1032,6.58259,0
116.5,29,16,5,-83.7756,4,-153.465,0,0,20,0,-999,-999,0
116.5,29,16,5,-83.7756,2,-156.014,0,0,20,0,-999,-999,0
116.5,33,32,7,-106.429,6,-136.52,5,5,10,1,13.1478,8.62716,0
116.5,33,32,7,-106.429,3,-149.395,2,2,20,0,-999,-999,0
116.5,33,32,7,-106.429,5,-150.83,6,6,10,1,11.1479,6.62728,0
116.5,33,32,7,-106.429,2,-153.525,0,0,20,0,-999,-999,0
116.5,33,32,7,-106.429,4,-162.658,0,0,20,0,-999,-999,0
116.5,33,32,7,-106.429,1,-165.229,0,0,20,0,-999,-999,0
116.5,38,81,7,-99.9268,3,-111.72,2,2,20,0,-999,-999,0
116.5,38,81,7,-99.9268,6,-118.718,5,5,10,1,13.1478,8.62716,0
116.5,38,81,7,-99.9268,5,-132.348,6,6,10,1,11.1479,6.62728,0
116.5,38,81,7,-99.9268,2,-163.04,0,0,20,0,-999,-999,0
116.5,38,81,7,-99.9268,4,-172.827,0,0,20,0,-999,-999,0
116.5,38,81,7,-99.9268,1,-175.133,0,0,20,0,-999,-999,0
116.5,40,8,3,-120.32,5,-113.513,6,6,10,1,11.1479,6.62728,0
116.5,40,8,3,-120.32,2,-131.006,0,0,20,0,-999,-999,0
116.5,40,8,3,-120.32,4,-132.006,0,0,20,0,-999,-999,0
116.5,40,8,3,-120.32,6,-135.093,5,5,10,1,13.1478,8.62716,0
116.5,40,8,3,-120.32,1,-144.434,0,0,20,0,-999,-999,0
116.5,40,8,3,-120.32,7,-156.742,7,7,10,1,11.1032,6.58259,0
116.5,42,57,7,-108.53,3,-118.139,2,2,20,0,-999,-999,0
116.5,42,57,7,-108.53,2,-143.67,0,0,20,0,-999,-999,0
116.5,42,57,7,-108.53,4,-147.832,0,0,20,0,-999,-999,0
116.5,42,57,7,-108.53,6,-151.488,5,5,10,1,13.1478,8.62716,0
116.5,42,57,7,-108.53,1,-158.336,0,0,20,0,-999,-999,0
116.5,42,57,7,-108.53,5,-167.119,6,6,10,1,11.1479,6.62728,0
116.5,47,73,7,-132.025,6,-144.494,5,5,10,1,13.1478,8.62716,0
116.5,47,73,7,-132.025,2,-150.223,0,0,20,0,-999,-999,0
116.5,47,73,7,-132.025,3,-153.893,2,2,20,0,-999,-999,0
116.5,47,73,7,-132.025,4,-157.146,0,0,20,0,-999,-999,0
116.5,47,73,7,-132.025,5,-159.998,6,6,10,1,11.1479,6.62728,0
116.5,47,73,7,-132.025,1,-162.267,0,0,20,0,-999,-999,0
116.5,56,24,7,-131.94,6,-109.162,5,5,10,1,13.1478,8.62716,0
116.5,56,24,7,-131.94,5,-119.272,6,6,10,1,11.1479,6.62728,0
116.5,56,24,7,-131.94,3,-141.861,2,2,20,0,-999,-999,0
116.5,56,24,7,-131.94,2,-148.431,0,0,20,0,-999,-999,0
116.5,56,24,7,-131.94,4,-152.192,0,0,20,0,-999,-999,0
116.5,56,24,7,-131.94,1,-159.892,0,0,20,0,-999,-999,0
116.5,67,15,7,-105.314,3,-142.988,2,2,20,0,-999,-999,0
116.5,67,15,7,-105.314,2,-150.395,0,0,20,0,-999,-999,0
116.5,67,15,7,-105.314,4,-154.43,0,0,20,0,-999,-999,0
116.5,67,15,7,-105.314,5,-154.933,6,6,10,1,11.1479,6.62728,0
116.5,67,15,7,-105.314,1,-155.221,0,0,20,0,-999,-999,0
116.5,67,15,7,-105.314,6,-162.878,5,5,10,1,13.1478,8.62716,0
116.5,71,8,5,-92.4526,1,-136.394,0,0,20,0,-999,-999,0
116.5,71,8,5,-92.4526,3,-139.912,2,2,20,0,-999,-999,0
116.5,71,8,5,-92.4526,6,-146.452,5,5,10,1,13.1478,8.62716,0
116.5,71,8,5,-92.4526,7,-151.893,7,7,10,1,11.1032,6.58259,0
116.5,71,8,5,-92.4526,4,-154.673,0,0,20,0,-999,-999,0
116.5,71,8,5,-92.4526,2,-157.87,0,0,20,0,-999,-999,0
116.5,78,11,3,-125.737,7,-94.9036,7,7,10,1,11.1032,6.58259,0
116.5,78,11,3,-125.737,6,-135.388,5,5,10,1,13.1478,8.62716,0
116.5,78,11,3,-125.737,4,-142.48,0,0,20,0,-999,-999,0
116.5,78,11,3,-125.737,2,-143.484,0,0,20,0,-999,-999,0
116.5,78,11,3,-125.737,5,-156.408,6,6,10,1,11.1479,6.62728,0
116.5,78,11,3,-125.737,1,-156.885,0,0,20,0,-999,-999,0
116.5,79,17,6,-136.159,3,-133.631,2,2,20,0,-999,-999,0
116.5,79,17,6,-136.159,7,-140.643,7,7,10,1,11.1032,6.58259,0
116.5,79,17,6,-136.159,4,-143.82,0,0,20,0,-999,-999,0
116.5,79,17,6,-136.159,2,-150.112,0,0,20,0,-999,-999,0
116.5,79,17,6,-136.159,1,-163.442,0,0,20,0,-999,-999,0
116.5,79,17,6,-136.159,5,-169.677,6,6,10,1,11.1479,6.62728,0
116.5,83,19,6,-118.251,3,-132.051,2,2,20,0,-999,-999,0
116.5,83,19,6,-118.251,7,-140.966,7,7,10,1,11.1032,6.58259,0
116.5,83,19,6,-118.251,5,-143.545,6,6,10,1,11.1479,6.62728,0
116.5,83,19,6,-118.251,2,-143.823,0,0,20,0,-999,-999,0
116.5,83,19,6,-118.251,4,-152.135,0,0,20,0,-999,-999,0
116.5,83,19,6,-118.251,1,-156.504,0,0,20,0,-999,-999,0
116.5,86,16,6,-97.7992,5,-105.525,6,6,10,1,11.1479,6.62728,0
116.5,86,16,6,-97.7992,3,-132.319,2,2,20,0,-999,-999,0
116.5,86,16,6,-97.7992,7,-140.388,7,7,10,1,11.1032,6.58259,0
116.5,86,16,6,-97.7992,2,-150.869,0,0,20,0,-999,-999,0
116.5,86,16,6,-97.7992,4,-153.283,0,0,20,0,-999,-999,0
116.5,86,16,6,-97.7992,1,-154.224,0,0,20,0,-999,-999,0
116.5,96,40,5,-93.2935,6,-144.475,5,5,10,1,13.1478,8.62716,0
116.5,96,40,5,-93.2935,7,-149.769,7,7,10,1,11.1032,6.58259,0
116.5,96,40,5,-93.2935,1,-151.003,0,0,20,0,-999,-999,0
116.5,96,40,5,-93.2935,3,-156.615,2,2,20,0,-999,-999,0
116.5,96,40,5,-93.2935,4,-160.518,0,0,20,0,-999,-999,0
116.5,96,40,5,-93.2935,2,-167.75,0,0,20,0,-999,-999,0
116.5,97,18,6,-123.911,3,-122.478,2,2,20,0,-999,-999,0
116.5,97,18,6,-123.911,4,-136.758,0,0,20,0,-999,-999,0
116.5,97,18,6,-123.911,2,-138.856,0,0,20,0,-999,-999,0
116.5,97,18,6,-123.911,7,-145.708,7,7,10,1,11.1032,6.58259,0
116.5,97,18,6,-123.911,5,-149.011,6,6,10,1,11.1479,6.62728,0
116.5,97,18,6,-123.911,1,-155.49,0,0,20,0,-999,-999,0
116.5,101,27,6,-124.291,3,-126.67,2,2,20,0,-999,-999,0
116.5,101,27,6,-124.291,4,-144.667,0,0,20,0,-999,-999,0
116.5,101,27,6,-124.291,2,-144.681,0,0,20,0,-999,-999,0
116.5,101,27,6,-124.291,1,-151.286,0,0,20,0,-999,-999,0
116.5,101,27,6,-124.291,5,-151.297,6,6,10,1,11.1479,6.62728,0
116.5,101,27,6,-124.291,7,-152.394,7,7,10,1,11.1032,6.58259,0
116.5,107,24,5,-126.949,3,-144.065,2,2,20,0,-999,-999,0
116.5,107,24,5,-126.949,7,-146.081,7,7,10,1,11.1032,6.58259,0
116.5,107,24,5,-126.949,6,-150.903,5,5,10,1,13.1478,8.62716,0
116.5,107,24,5,-126.949,1,-154.097,0,0,20,0,-999,-999,0
116.5,107,24,5,-126.949,2,-165.362,0,0,20,0,-999,-999,0
116.5,107,24,5,-126.949,4,-167.478,0,0,20,0,-999,-999,0
118.5,14,40,7,-136.745,6,-147.922,5,5,10,1,13.7468,9.22619,0
118.5,14,40,7,-136.745,3,-157.644,2,2,20,0,-999,-999,0
118.5,14,40,7,-136.745,2,-160.025,0,0,20,0,-999,-999,0
118.5,14,40,7,-136.745,4,-164.287,0,0,20,0,-999,-999,0
118.5,14,40,7,-136.745,1,-170.582,0,0,20,0,-999,-999,0
118.5,14,40,7,-136.745,5,-172.362,6,6,10,1,11.8798,7.35918,0
118.5,15,32,5,-134.549,6,-135.793,5,5,10,1,13.7468,9.22619,0
118.5,15,32,5,-134.549,7,-152.265,7,7,10,1,10.695,6.17443,0
118.5,15,32,5,-134.549,3,-152.283,2,2,20,0,-999,-999,0
118.5,15,32,5,-134.549,1,-152.932,0,0,20,0,-999,-999,0
118.5,15,32,5,-134.549,4,-157.265,0,0,20,0,-999,-999,0
118.5,15,32,5,-134.549,2,-161.06,0,0,20,0,-999,-999,0
118.5,29,16,5,-123.416,3,-138.382,2,2,20,0,-999,-999,0
118.5,29,16,5,-123.416,6,-142.042,5,5,10,1,13.7468,9.22619,0
118.5,29,16,5,-123.416,1,-144.792,0,0,20,0,-999,-999,0
118.5,29,16,5,-123.416,7,-146.923,7,7,10,1,10.695,6.17443,0
118.5,29,16,5,-123.416,4,-155.944,0,0,20,0,-999,-999,0
118.5,29,16,5,-123.416,2,-161.627,0,0,20,0,-999,-999,0
118.5,30,48,5,-109.62,6,-124.336,5,5,10,1,13.7468,9.22619,0
118.5,30,48,5,-109.62,1,-152.914,0,0,20,0,-999,-999,0
118.5,30,48,5,-109.62,7,-153.686,7,7,10,1,10.695,6.17443,0
118.5,30,48,5,-109.62,3,-153.883,2,2,20,0,-999,-999,0
118.5,30,48,5,-109.62,4,-161.118,0,0,20,0,-999,-999,0
118.5,30,48,5,-109.62,2,-163.216,0,0,20,0,-999,-999,0
118.5,33,32,7,-118.202,2,-140.671,0,0,20,0,-999,-999,0
118.5,33,32,7,-118.202,3,-144.777,2,2,20,0,-999,-999,0
118.5,33,32,7,-118.202,5,-157.63,6,6,10,1,11.8798,7.35918,0
118.5,33,32,7,-118.202,4,-162.003,0,0,20,0,-999,-999,0
118.5,33,32,7,-118.202,1,-162.948,0,0,20,0,-999,-999,0
118.5,33,32,7,-118.202,6,-164.82,5,5,10,1,13.7468,9.22619,0
118.5,38,81,7,-131.643,6,-138.194,5,5,10,1,13.7468,9.22619,0
118.5,38,81,7,-131.643,3,-152.493,2,2,20,0,-999,-999,0
118.5,38,81,7,-131.643,2,-161.757,0,0,20,0,-999,-999,0
118.5,38,81,7,-131.643,4,-168.558,0,0,20,0,-999,-999,0
118.5,38,81,7,-131.643,1,-171.01,0,0,20,0,-999,-999,0
118.5,38,81,7,-131.643,5,-174.662,6,6,10,1,11.8798,7.35918,0
118.5,40,8,3,-115.445,5,-121.631,6,6,10,1,11.8798,7.35918,0
118.5,40,8,3,-115.445,2,-136.573,0,0,20,0,-999,-999,0
118.5,40,8,3,-115.445,4,-136.894,0,0,20,0,-999,-999,0
118.5,40,8,3,-115.445,6,-138.325,5,5,10,1,13.7468,9.22619,0
118.5,40,8,3,-115.445,1,-146.295,0,0,20,0,-999,-999,0
118.5,40,8,3,-115.445,7,-155.294,7,7,10,1,10.695,6.17443,0
118.5,42,57,7,-108.915,2,-141.379,0,0,20,0,-999,-999,0
118.5,42,57,7,-108.915,3,-142.384,2,2,20,0,-999,-999,0
118.5,42,57,7,-108.915,6,-151.79,5,5,10,1,13.7468,9.22619,0
118.5,42,57,7,-108.915,4,-154.621,0,0,20,0,-999,-999,0
118.5,42,57,7,-108.915,1,-158.445,0,0,20,0,-999,-999,0
118.5,42,57,7,-108.915,5,-174.38,6,6,10,1,11.8798,7.35918,0
118.5,47,73,7,-129.284,6,-128.003,5,5,10,1,13.7468,9.22619,0
118.5,47,73,7,-129.284,3,-143.422,2,2,20,0,-999,-999,0
118.5,47,73,7,-129.284,5,-148.115,6,6,10,1,11.8798,7.35918,0
118.5,47,73,7,-129.284,2,-149.533,0,0,20,0,-999,-999,0
118.5,47,73,7,-129.284,4,-156.993,0,0,20,0,-999,-999,0
118.5,47,73,7,-129.284,1,-164.928,0,0,20,0,-999,-999,0
118.5,56,24,7,-130.887,5,-135.637,6,6,10,1,11.8798,7.35918,0
118.5,56,24,7,-130.887,3,-140.411,2,2,20,0,-999,-999,0
118.5,56,24,7,-130.887,2,-151.796,0,0,20,0,-999,-999,0
118.5,56,24,7,-130.887,6,-153.084,5,5,10,1,13.7468,9.22619,0
118.5,56,24,7,-130.887,4,-153.367,0,0,20,0,-999,-999,0
118.5,56,24,7,-130.887,1,-160.332,0,0,20,0,-999,-999,0
118.5,67,15,7,-106.506,3,-139.541,2,2,20,0,-999,-999,0
118.5,67,15,7,-106.506,