time,ueId,rnti,servingCell,servingRsrp,candidateCell,candidateRsrp,candidateLoad,candidateEffLoad,candidateCap,candidateIsNtn,backhaulDlSnr,backhaulUlSnr,finalChosenCell
6.5,9,8,2,-120.494,1,-80.7152,2,2,20,0,-999,-999,0
6.5,9,8,2,-120.494,3,-96.1488,2,2,20,0,-999,-999,0
6.5,9,8,2,-120.494,6,-116.226,4,4,10,1,-999,-999,0
6.5,9,8,2,-120.494,7,-128.568,3,3,10,1,-999,-999,0
6.5,9,8,2,-120.494,4,-130.298,0,0,20,0,-999,-999,0
6.5,9,8,2,-120.494,5,-132.201,2,2,10,1,-999,-999,0
6.5,18,16,5,-123.251,3,-107.075,2,2,20,0,-999,-999,0
6.5,18,16,5,-123.251,1,-110.763,2,2,20,0,-999,-999,0
6.5,18,16,5,-123.251,7,-120.203,3,3,10,1,-999,-999,0
6.5,18,16,5,-123.251,2,-125.392,1,1,20,0,-999,-999,0
6.5,18,16,5,-123.251,6,-140.493,4,4,10,1,-999,-999,0
6.5,18,16,5,-123.251,4,-140.715,0,0,20,0,-999,-999,0
6.5,23,15,7,-96.5454,1,-76.5393,2,2,20,0,-999,-999,0
6.5,23,15,7,-96.5454,2,-102.845,1,1,20,0,-999,-999,0
6.5,23,15,7,-96.5454,6,-117.02,4,4,10,1,-999,-999,0
6.5,23,15,7,-96.5454,3,-118.38,2,2,20,0,-999,-999,0
6.5,23,15,7,-96.5454,5,-133.408,2,2,10,1,-999,-999,0
6.5,23,15,7,-96.5454,4,-143.315,0,0,20,0,-999,-999,0
6.5,26,15,3,-93.0261,2,-93.4853,1,1,20,0,-999,-999,0
6.5,26,15,3,-93.0261,1,-115.803,2,2,20,0,-999,-999,0
6.5,26,15,3,-93.0261,6,-133.662,4,4,10,1,-999,-999,0
6.5,26,15,3,-93.0261,5,-137.884,2,2,10,1,-999,-999,0
6.5,26,15,3,-93.0261,4,-147.31,0,0,20,0,-999,-999,0
6.5,26,15,3,-93.0261,7,-153.808,3,3,10,1,-999,-999,0
6.5,27,23,6,-85.0791,2,-89.9168,1,1,20,0,-999,-999,0
6.5,27,23,6,-85.0791,4,-122.765,0,0,20,0,-999,-999,0
6.5,27,23,6,-85.0791,7,-130.541,3,3,10,1,-999,-999,0
6.5,27,23,6,-85.0791,3,-136.92,2,2,20,0,-999,-999,0
6.5,27,23,6,-85.0791,1,-139.793,2,2,20,0,-999,-999,0
6.5,27,23,6,-85.0791,5,-147.148,2,2,10,1,-999,-999,0
6.5,29,15,1,-106.594,2,-113.171,1,1,20,0,-999,-999,0
6.5,29,15,1,-106.594,3,-118.083,2,2,20,0,-999,-999,0
6.5,29,15,1,-106.594,7,-127.344,3,3,10,1,-999,-999,0
6.5,29,15,1,-106.594,5,-132.289,2,2,10,1,-999,-999,0
6.5,29,15,1,-106.594,6,-140.114,4,4,10,1,-999,-999,0
6.5,29,15,1,-106.594,4,-141.88,0,0,20,0,-999,-999,0
6.5,33,16,7,-122.055,2,-110.195,1,1,20,0,-999,-999,0
6.5,33,16,7,-122.055,1,-114.612,2,2,20,0,-999,-999,0
6.5,33,16,7,-122.055,6,-116.684,4,4,10,1,-999,-999,0
6.5,33,16,7,-122.055,3,-117.883,2,2,20,0,-999,-999,0
6.5,33,16,7,-122.055,5,-130.538,2,2,10,1,-999,-999,0
6.5,33,16,7,-122.055,4,-139.036,0,0,20,0,-999,-999,0
6.5,40,24,6,-83.8674,7,-102.151,3,3,10,1,-999,-999,0
6.5,40,24,6,-83.8674,4,-115.401,0,0,20,0,-999,-999,0
6.5,40,24,6,-83.8674,5,-117.706,2,2,10,1,-999,-999,0
6.5,40,24,6,-83.8674,2,-127.914,1,1,20,0,-999,-999,0
6.5,40,24,6,-83.8674,1,-131.654,2,2,20,0,-999,-999,0
6.5,40,24,6,-83.8674,3,-139.01,2,2,20,0,-999,-999,0
6.5,45,16,1,-108.502,3,-113.112,2,2,20,0,-999,-999,0
6.5,45,16,1,-108.502,2,-113.86,1,1,20,0,-999,-999,0
6.5,45,16,1,-108.502,7,-130.999,3,3,10,1,-999,-999,0
6.5,45,16,1,-108.502,5,-131.564,2,2,10,1,-999,-999,0
6.5,45,16,1,-108.502,6,-139.72,4,4,10,1,-999,-999,0
6.5,45,16,1,-108.502,4,-148.547,0,0,20,0,-999,-999,0
6.5,46,8,6,-78.9468,5,-125.49,2,2,10,1,-999,-999,0
6.5,46,8,6,-78.9468,4,-125.813,0,0,20,0,-999,-999,0
6.5,46,8,6,-78.9468,2,-131.169,1,1,20,0,-999,-999,0
6.5,46,8,6,-78.9468,1,-133.367,2,2,20,0,-999,-999,0
6.5,46,8,6,-78.9468,7,-134.224,3,3,10,1,-999,-999,0
6.5,46,8,6,-78.9468,3,-136.325,2,2,20,0,-999,-999,0
6.5,47,16,3,-87.6444,2,-96.0038,1,1,20,0,-999,-999,0
6.5,47,16,3,-87.6444,1,-110.399,2,2,20,0,-999,-999,0
6.5,47,16,3,-87.6444,7,-126.727,3,3,10,1,-999,-999,0
6.5,47,16,3,-87.6444,5,-133.137,2,2,10,1,-999,-999,0
6.5,47,16,3,-87.6444,6,-133.505,4,4,10,1,-999,-999,0
6.5,47,16,3,-87.6444,4,-138.28,0,0,20,0,-999,-999,0
6.5,52,8,5,-67.7818,1,-133.617,2,2,20,0,-999,-999,0
6.5,52,8,5,-67.7818,2,-141.542,1,1,20,0,-999,-999,0
6.5,52,8,5,-67.7818,3,-149.435,2,2,20,0,-999,-999,0
6.5,52,8,5,-67.7818,7,-158.458,3,3,10,1,-999,-999,0
6.5,52,8,5,-67.7818,6,-162.148,4,4,10,1,-999,-999,0
6.5,52,8,5,-67.7818,4,-162.461,0,0,20,0,-999,-999,0
8.5,9,8,2,-114.016,3,-91.9586,3,3,20,0,-999,-999,0
8.5,9,8,2,-114.016,1,-122.493,2,2,20,0,-999,-999,0
8.5,9,8,2,-114.016,6,-126.26,5,5,10,1,-999,-999,0
8.5,9,8,2,-114.016,7,-128.295,3,3,10,1,-999,-999,0
8.5,9,8,2,-114.016,4,-131.777,0,0,20,0,-999,-999,0
8.5,9,8,2,-114.016,5,-133.207,4,4,10,1,-999,-999,0
8.5,18,16,5,-121.807,1,-95.7583,2,2,20,0,-999,-999,0
8.5,18,16,5,-121.807,3,-107.016,3,3,20,0,-999,-999,0
8.5,18,16,5,-121.807,6,-110.469,5,5,10,1,-999,-999,0
8.5,18,16,5,-121.807,2,-122.911,1,1,20,0,-999,-999,0
8.5,18,16,5,-121.807,7,-132.006,3,3,10,1,-999,-999,0
8.5,18,16,5,-121.807,4,-139.258,0,0,20,0,-999,-999,0
8.5,23,15,7,-109.751,2,-79.1307,1,1,20,0,-999,-999,0
8.5,23,15,7,-109.751,1,-94.7238,2,2,20,0,-999,-999,0
8.5,23,15,7,-109.751,6,-113.213,5,5,10,1,-999,-999,0
8.5,23,15,7,-109.751,3,-116.009,3,3,20,0,-999,-999,0
8.5,23,15,7,-109.751,5,-129.458,4,4,10,1,-999,-999,0
8.5,23,15,7,-109.751,4,-149.124,0,0,20,0,-999,-999,0
8.5,26,15,3,-117.976,1,-92.9485,2,2,20,0,-999,-999,0
8.5,26,15,3,-117.976,2,-118.99,1,1,20,0,-999,-999,0
8.5,26,15,3,-117.976,6,-138.072,5,5,10,1,-999,-999,0
8.5,26,15,3,-117.976,7,-140.514,3,3,10,1,-999,-999,0
8.5,26,15,3,-117.976,5,-140.7,4,4,10,1,-999,-999,0
8.5,26,15,3,-117.976,4,-151.855,0,0,20,0,-999,-999,0
8.5,27,23,6,-80.7031,4,-94.9574,0,0,20,0,-999,-999,0
8.5,27,23,6,-80.7031,1,-96.5995,2,2,20,0,-999,-999,0
8.5,27,23,6,-80.7031,5,-120.083,4,4,10,1,-999,-999,0
8.5,27,23,6,-80.7031,7,-123.452,3,3,10,1,-999,-999,0
8.5,27,23,6,-80.7031,3,-124.887,3,3,20,0,-999,-999,0
8.5,27,23,6,-80.7031,2,-128.514,1,1,20,0,-999,-999,0
8.5,29,15,1,-112.883,2,-79.6126,1,1,20,0,-999,-999,0
8.5,29,15,1,-112.883,7,-106.304,3,3,10,1,-999,-999,0
8.5,29,15,1,-112.883,5,-110.556,4,4,10,1,-999,-999,0
8.5,29,15,1,-112.883,3,-117.172,3,3,20,0,-999,-999,0
8.5,29,15,1,-112.883,6,-139.492,5,5,10,1,-999,-999,0
8.5,29,15,1,-112.883,4,-143.044,0,0,20,0,-999,-999,0
8.5,33,16,7,-101.636,1,-77.5781,2,2,20,0,-999,-999,0
8.5,33,16,7,-101.636,2,-89.1402,1,1,20,0,-999,-999,0
8.5,33,16,7,-101.636,3,-122.188,3,3,20,0,-999,-999,0
8.5,33,16,7,-101.636,5,-135.126,4,4,10,1,-999,-999,0
8.5,33,16,7,-101.636,6,-138.603,5,5,10,1,-999,-999,0
8.5,33,16,7,-101.636,4,-141.205,0,0,20,0,-999,-999,0
8.5,37,24,7,-128.83,2,-115.364,1,1,20,0,-999,-999,0
8.5,37,24,7,-128.83,4,-125.509,0,0,20,0,-999,-999,0
8.5,37,24,7,-128.83,3,-126.194,3,3,20,0,-999,-999,0
8.5,37,24,7,-128.83,6,-132.848,5,5,10,1,-999,-999,0
8.5,37,24,7,-128.83,1,-134.44,2,2,20,0,-999,-999,0
8.5,37,24,7,-128.83,5,-144.748,4,4,10,1,-999,-999,0
8.5,40,24,6,-117.297,4,-123.828,0,0,20,0,-999,-999,0
8.5,40,24,6,-117.297,3,-128.357,3,3,20,0,-999,-999,0
8.5,40,24,6,-117.297,2,-130.018,1,1,20,0,-999,-999,0
8.5,40,24,6,-117.297,7,-132.182,3,3,10,1,-999,-999,0
8.5,40,24,6,-117.297,1,-133.727,2,2,20,0,-999,-999,0
8.5,40,24,6,-117.297,5,-139.638,4,4,10,1,-999,-999,0
8.5,45,16,1,-111.423,3,-78.2554,3,3,20,0,-999,-999,0
8.5,45,16,1,-111.423,2,-108.767,1,1,20,0,-999,-999,0
8.5,45,16,1,-111.423,5,-122.408,4,4,10,1,-999,-999,0
8.5,45,16,1,-111.423,7,-128.87,3,3,10,1,-999,-999,0
8.5,45,16,1,-111.423,6,-145.827,5,5,10,1,-999,-999,0
8.5,45,16,1,-111.423,4,-147.384,0,0,20,0,-999,-999,0
8.5,46,8,6,-112.073,4,-127.747,0,0,20,0,-999,-999,0
8.5,46,8,6,-112.073,2,-130.689,1,1,20,0,-999,-999,0
8.5,46,8,6,-112.073,3,-134.776,3,3,20,0,-999,-999,0
8.5,46,8,6,-112.073,1,-135.127,2,2,20,0,-999,-999,0
8.5,46,8,6,-112.073,7,-135.199,3,3,10,1,-999,-999,0
8.5,46,8,6,-112.073,5,-156.389,4,4,10,1,-999,-999,0
8.5,47,16,3,-110.217,6,-107.369,5,5,10,1,-999,-999,0
8.5,47,16,3,-110.217,1,-109.452,2,2,20,0,-999,-999,0
8.5,47,16,3,-110.217,2,-115.97,1,1,20,0,-999,-999,0
8.5,47,16,3,-110.217,7,-130.644,3,3,10,1,-999,-999,0
8.5,47,16,3,-110.217,5,-132.607,4,4,10,1,-999,-999,0
8.5,47,16,3,-110.217,4,-139.977,0,0,20,0,-999,-999,0
8.5,52,8,5,-67.0617,2,-140.241,1,1,20,0,-999,-999,0
8.5,52,8,5,-67.0617,1,-143.421,2,2,20,0,-999,-999,0
8.5,52,8,5,-67.0617,3,-146.561,3,3,20,0,-999,-999,0
8.5,52,8,5,-67.0617,7,-152.435,3,3,10,1,-999,-999,0
8.5,52,8,5,-67.0617,6,-154.638,5,5,10,1,-999,-999,0
8.5,52,8,5,-67.0617,4,-161.801,0,0,20,0,-999,-999,0
8.5,55,32,6,-115.809,5,-112.382,4,4,10,1,-999,-999,0
8.5,55,32,6,-115.809,4,-127.878,0,0,20,0,-999,-999,0
8.5,55,32,6,-115.809,1,-132.472,2,2,20,0,-999,-999,0
8.5,55,32,6,-115.809,2,-132.623,1,1,20,0,-999,-999,0
8.5,55,32,6,-115.809,7,-136.381,3,3,10,1,-999,-999,0
8.5,55,32,6,-115.809,3,-144.399,3,3,20,0,-999,-999,0
8.5,59,31,5,-115.018,3,-119.07,3,3,20,0,-999,-999,0
8.5,59,31,5,-115.018,2,-124.13,1,1,20,0,-999,-999,0
8.5,59,31,5,-115.018,1,-131.894,2,2,20,0,-999,-999,0
8.5,59,31,5,-115.018,7,-139.204,3,3,10,1,-999,-999,0
8.5,59,31,5,-115.018,4,-150.919,0,0,20,0,-999,-999,0
8.5,59,31,5,-115.018,6,-153.194,5,5,10,1,-999,-999,0
8.5,78,24,3,-108.387,1,-96.1766,2,2,20,0,-999,-999,0
8.5,78,24,3,-108.387,2,-110.904,1,1,20,0,-999,-999,0
8.5,78,24,3,-108.387,7,-114.001,3,3,10,1,-999,-999,0
8.5,78,24,3,-108.387,6,-116.636,5,5,10,1,-999,-999,0
8.5,78,24,3,-108.387,5,-117.593,4,4,10,1,-999,-999,0
8.5,78,24,3,-108.387,4,-141.365,0,0,20,0,-999,-999,0
8.5,101,32,5,-68.0963,6,-121.489,5,5,10,1,-999,-999,0
8.5,101,32,5,-68.0963,7,-132.126,3,3,10,1,-999,-999,0
8.5,101,32,5,-68.0963,2,-132.921,1,1,20,0,-999,-999,0
8.5,101,32,5,-68.0963,3,-139.168,3,3,20,0,-999,-999,0
8.5,101,32,5,-68.0963,1,-140.264,2,2,20,0,-999,-999,0
8.5,101,32,5,-68.0963,4,-154.785,0,0,20,0,-999,-999,0
10.5,9,8,2,-76.233,5,-95.0153,4,4,10,1,-999,-999,0
10.5,9,8,2,-76.233,3,-111.938,3,3,20,0,-999,-999,0
10.5,9,8,2,-76.233,1,-116.008,2,2,20,0,-999,-999,0
10.5,9,8,2,-76.233,6,-126.489,6,6,10,1,-999,-999,0
10.5,9,8,2,-76.233,7,-127.165,5,5,10,1,-999,-999,0
10.5,9,8,2,-76.233,4,-130.939,1,1,20,0,-999,-999,0
10.5,18,16,5,-123.864,1,-102.696,2,2,20,0,-999,-999,1
10.5,18,16,5,-123.864,3,-110.2,3,3,20,0,-999,-999,1
10.5,18,16,5,-123.864,6,-123.551,6,6,10,1,-999,-999,1
10.5,18,16,5,-123.864,2,-124.51,1,1,20,0,-999,-999,1
10.5,18,16,5,-123.864,7,-131.088,5,5,10,1,-999,-999,1
10.5,18,16,5,-123.864,4,-142.072,1,1,20,0,-999,-999,1
10.5,21,40,6,-120.346,7,-104.583,5,5,10,1,-999,-999,0
10.5,21,40,6,-120.346,3,-114.616,3,3,20,0,-999,-999,0
10.5,21,40,6,-120.346,4,-117.024,1,1,20,0,-999,-999,0
10.5,21,40,6,-120.346,1,-117.511,2,3,20,0,-999,-999,0
10.5,21,40,6,-120.346,5,-138.747,4,4,10,1,-999,-999,0
10.5,21,40,6,-120.346,2,-139.702,1,1,20,0,-999,-999,0
10.5,23,15,7,-128.231,1,-84.4404,2,3,20,0,-999,-999,0
10.5,23,15,7,-128.231,3,-85.6108,3,3,20,0,-999,-999,0
10.5,23,15,7,-128.231,2,-106.241,1,1,20,0,-999,-999,0
10.5,23,15,7,-128.231,6,-110.457,6,6,10,1,-999,-999,0
10.5,23,15,7,-128.231,5,-129.879,4,4,10,1,-999,-999,0
10.5,23,15,7,-128.231,4,-140.292,1,1,20,0,-999,-999,0
10.5,26,15,3,-98.0885,2,-119.93,1,1,20,0,-999,-999,0
10.5,26,15,3,-98.0885,1,-127.309,2,3,20,0,-999,-999,0
10.5,26,15,3,-98.0885,6,-134.652,6,6,10,1,-999,-999,0
10.5,26,15,3,-98.0885,5,-142.23,4,4,10,1,-999,-999,0
10.5,26,15,3,-98.0885,7,-148.674,5,5,10,1,-999,-999,0
10.5,26,15,3,-98.0885,4,-151.847,1,1,20,0,-999,-999,0
10.5,27,23,6,-96.8975,1,-93.3591,2,3,20,0,-999,-999,0
10.5,27,23,6,-96.8975,7,-100.604,5,5,10,1,-999,-999,0
10.5,27,23,6,-96.8975,5,-122.535,4,4,10,1,-999,-999,0
10.5,27,23,6,-96.8975,4,-123.194,1,1,20,0,-999,-999,0
10.5,27,23,6,-96.8975,2,-128.265,1,1,20,0,-999,-999,0
10.5,27,23,6,-96.8975,3,-130.731,3,3,20,0,-999,-999,0
10.5,29,15,1,-96.3814,3,-82.8533,3,3,20,0,-999,-999,0
10.5,29,15,1,-96.3814,7,-91.6918,5,5,10,1,-999,-999,0
10.5,29,15,1,-96.3814,2,-124.637,1,1,20,0,-999,-999,0
10.5,29,15,1,-96.3814,5,-128.867,4,4,10,1,-999,-999,0
10.5,29,15,1,-96.3814,4,-139.433,1,1,20,0,-999,-999,0
10.5,29,15,1,-96.3814,6,-142.289,6,6,10,1,-999,-999,0
10.5,33,16,7,-123.543,1,-112.083,2,3,20,0,-999,-999,0
10.5,33,16,7,-123.543,2,-112.099,1,1,20,0,-999,-999,0
10.5,33,16,7,-123.543,3,-117.369,3,3,20,0,-999,-999,0
10.5,33,16,7,-123.543,6,-125.341,6,6,10,1,-999,-999,0
10.5,33,16,7,-123.543,5,-133.752,4,4,10,1,-999,-999,0
10.5,33,16,7,-123.543,4,-136.207,1,1,20,0,-999,-999,0
10.5,37,24,7,-127.332,3,-105.623,3,3,20,0,-999,-999,0
10.5,37,24,7,-127.332,2,-112.231,1,1,20,0,-999,-999,0
10.5,37,24,7,-127.332,6,-113.633,6,6,10,1,-999,-999,0
10.5,37,24,7,-127.332,4,-121.068,1,1,20,0,-999,-999,0
10.5,37,24,7,-127.332,1,-122.455,2,3,20,0,-999,-999,0
10.5,37,24,7,-127.332,5,-146.09,4,4,10,1,-999,-999,0
10.5,40,24,6,-119.209,4,-121.564,1,1,20,0,-999,-999,0
10.5,40,24,6,-119.209,5,-125.213,4,4,10,1,-999,-999,0
10.5,40,24,6,-119.209,2,-127.507,1,1,20,0,-999,-999,0
10.5,40,24,6,-119.209,7,-131.413,5,5,10,1,-999,-999,0
10.5,40,24,6,-119.209,1,-132.981,2,3,20,0,-999,-999,0
10.5,40,24,6,-119.209,3,-133.666,3,3,20,0,-999,-999,0
10.5,45,16,1,-110.569,7,-94.2109,5,5,10,1,-999,-999,0
10.5,45,16,1,-110.569,2,-116.201,1,1,20,0,-999,-999,0
10.5,45,16,1,-110.569,3,-117.193,3,3,20,0,-999,-999,0
10.5,45,16,1,-110.569,6,-122.016,6,6,10,1,-999,-999,0
10.5,45,16,1,-110.569,5,-127.748,4,4,10,1,-999,-999,0
10.5,45,16,1,-110.569,4,-142.904,1,1,20,0,-999,-999,0
10.5,46,8,6,-90.906,4,-125.305,1,1,20,0,-999,-999,0
10.5,46,8,6,-90.906,2,-135.121,1,1,20,0,-999,-999,0
10.5,46,8,6,-90.906,7,-137.172,5,5,10,1,-999,-999,0
10.5,46,8,6,-90.906,3,-138.446,3,3,20,0,-999,-999,0
10.5,46,8,6,-90.906,1,-140.865,2,3,20,0,-999,-999,0
10.5,46,8,6,-90.906,5,-153.701,4,4,10,1,-999,-999,0
10.5,47,16,3,-110.144,1,-85.043,2,3,20,0,-999,-999,0
10.5,47,16,3,-110.144,2,-107.902,1,1,20,0,-999,-999,0
10.5,47,16,3,-110.144,6,-121.063,6,6,10,1,-999,-999,0
10.5,47,16,3,-110.144,5,-127.477,4,4,10,1,-999,-999,0
10.5,47,16,3,-110.144,7,-129.074,5,5,10,1,-999,-999,0
10.5,47,16,3,-110.144,4,-143.893,1,1,20,0,-999,-999,0
10.5,52,8,5,-67.8357,1,-129.829,2,3,20,0,-999,-999,0
10.5,52,8,5,-67.8357,6,-134.94,6,6,10,1,-999,-999,0
10.5,52,8,5,-67.8357,3,-140.401,3,3,20,0,-999,-999,0
10.5,52,8,5,-67.8357,2,-141.58,1,1,20,0,-999,-999,0
10.5,52,8,5,-67.8357,7,-150.822,5,5,10,1,-999,-999,0
10.5,52,8,5,-67.8357,4,-162.915,1,1,20,0,-999,-999,0
10.5,55,32,6,-123.497,1,-111.775,2,3,20,0,-999,-999,0
10.5,55,32,6,-123.497,4,-124,1,1,20,0,-999,-999,0
10.5,55,32,6,-123.497,7,-130.098,5,5,10,1,-999,-999,0
10.5,55,32,6,-123.497,5,-133.928,4,4,10,1,-999,-999,0
10.5,55,32,6,-123.497,2,-139.21,1,1,20,0,-999,-999,0
10.5,55,32,6,-123.497,3,-141.387,3,3,20,0,-999,-999,0
10.5,59,31,5,-105.59,1,-112.799,2,3,20,0,-999,-999,0
10.5,59,31,5,-105.59,2,-125.919,1,1,20,0,-999,-999,0
10.5,59,31,5,-105.59,7,-130.081,5,5,10,1,-999,-999,0
10.5,59,31,5,-105.59,3,-131.016,3,3,20,0,-999,-999,0
10.5,59,31,5,-105.59,4,-149.51,1,1,20,0,-999,-999,0
10.5,59,31,5,-105.59,6,-153.468,6,6,10,1,-999,-999,0
10.5,61,48,6,-87.936,1,-125.799,2,3,20,0,-999,-999,0
10.5,61,48,6,-87.936,4,-125.946,1,1,20,0,-999,-999,0
10.5,61,48,6,-87.936,5,-143.843,4,4,10,1,-999,-999,0
10.5,61,48,6,-87.936,7,-143.997,5,5,10,1,-999,-999,0
10.5,61,48,6,-87.936,2,-146.588,1,1,20,0,-999,-999,0
10.5,61,48,6,-87.936,3,-150.499,3,3,20,0,-999,-999,0
10.5,71,39,7,-99.0284,2,-97.1526,1,1,20,0,-999,-999,0
10.5,71,39,7,-99.0284,5,-125.731,4,4,10,1,-999,-999,0
10.5,71,39,7,-99.0284,1,-130.042,2,3,20,0,-999,-999,0
10.5,71,39,7,-99.0284,3,-144.126,3,3,20,0,-999,-999,0
10.5,71,39,7,-99.0284,4,-145.364,1,1,20,0,-999,-999,0
10.5,71,39,7,-99.0284,6,-160.94,6,6,10,1,-999,-999,0
10.5,78,24,3,-106.816,1,-76.497,2,3,20,0,-999,-999,1
10.5,78,24,3,-106.816,2,-108.52,1,1,20,0,-999,-999,1
10.5,78,24,3,-106.816,5,-118.813,4,4,10,1,-999,-999,1
10.5,78,24,3,-106.816,7,-124.623,5,5,10,1,-999,-999,1
10.5,78,24,3,-106.816,6,-139.453,6,6,10,1,-999,-999,1
10.5,78,24,3,-106.816,4,-144.046,1,1,20,0,-999,-999,1
10.5,101,32,5,-95.9087,3,-109.289,3,3,20,0,-999,-999,0
10.5,101,32,5,-95.9087,1,-116.711,2,4,20,0,-999,-999,0
10.5,101,32,5,-95.9087,2,-135.043,1,1,20,0,-999,-999,0
10.5,101,32,5,-95.9087,6,-137.756,6,6,10,1,-999,-999,0
10.5,101,32,5,-95.9087,7,-144.63,5,5,10,1,-999,-999,0
10.5,101,32,5,-95.9087,4,-154.842,1,1,20,0,-999,-999,0
10.5,107,40,7,-120.06,2,-101.282,1,1,20,0,-999,-999,0
10.5,107,40,7,-120.06,5,-130.248,4,4,10,1,-999,-999,0
10.5,107,40,7,-120.06,1,-135.656,2,4,20,0,-999,-999,0
10.5,107,40,7,-120.06,3,-136.322,3,3,20,0,-999,-999,0
10.5,107,40,7,-120.06,4,-136.477,1,1,20,0,-999,-999,0
10.5,107,40,7,-120.06,6,-141.925,6,6,10,1,-999,-999,0
12.5,9,8,2,-102.635,1,-91.6538,5,5,20,0,-999,-999,0
12.5,9,8,2,-102.635,7,-114.553,6,6,10,1,-999,-999,0
12.5,9,8,2,-102.635,4,-116.234,2,2,20,0,-999,-999,0
12.5,9,8,2,-102.635,3,-123.008,2,2,20,0,-999,-999,0
12.5,9,8,2,-102.635,6,-125.357,8,8,10,1,-999,-999,0
12.5,9,8,2,-102.635,5,-128.595,4,4,10,1,-999,-999,0
12.5,18,17,1,-94.2636,7,-105.24,6,6,10,1,-999,-999,0
12.5,18,17,1,-94.2636,3,-105.369,2,2,20,0,-999,-999,0
12.5,18,17,1,-94.2636,2,-119.648,1,1,20,0,-999,-999,0
12.5,18,17,1,-94.2636,4,-120.491,2,2,20,0,-999,-999,0
12.5,18,17,1,-94.2636,5,-126.278,4,4,10,1,-999,-999,0
12.5,18,17,1,-94.2636,6,-137.285,8,8,10,1,-999,-999,0
12.5,21,40,6,-80.4678,1,-114.592,5,5,20,0,-999,-999,0
12.5,21,40,6,-80.4678,4,-116.606,2,2,20,0,-999,-999,0
12.5,21,40,6,-80.4678,5,-138.559,4,4,10,1,-999,-999,0
12.5,21,40,6,-80.4678,7,-139.57,6,6,10,1,-999,-999,0
12.5,21,40,6,-80.4678,2,-144.917,1,1,20,0,-999,-999,0
12.5,21,40,6,-80.4678,3,-147.642,2,2,20,0,-999,-999,0
12.5,23,15,7,-129.058,2,-77.8127,1,1,20,0,-999,-999,0
12.5,23,15,7,-129.058,1,-84.9661,5,5,20,0,-999,-999,0
12.5,23,15,7,-129.058,3,-120.256,2,2,20,0,-999,-999,0
12.5,23,15,7,-129.058,4,-126.953,2,2,20,0,-999,-999,0
12.5,23,15,7,-129.058,5,-130.204,4,4,10,1,-999,-999,0
12.5,23,15,7,-129.058,6,-136.029,8,8,10,1,-999,-999,0
12.5,26,15,3,-111.484,1,-117.317,5,5,20,0,-999,-999,0
12.5,26,15,3,-111.484,2,-118.218,1,1,20,0,-999,-999,0
12.5,26,15,3,-111.484,4,-133.522,2,2,20,0,-999,-999,0
12.5,26,15,3,-111.484,5,-138.396,4,4,10,1,-999,-999,0
12.5,26,15,3,-111.484,6,-139.924,8,8,10,1,-999,-999,0
12.5,26,15,3,-111.484,7,-152.412,6,6,10,1,-999,-999,0
12.5,27,23,6,-113.722,2,-87.0809,1,1,20,0,-999,-999,0
12.5,27,23,6,-113.722,1,-91.6256,5,5,20,0,-999,-999,0
12.5,27,23,6,-113.722,4,-116.054,2,2,20,0,-999,-999,0
12.5,27,23,6,-113.722,7,-120.083,6,6,10,1,-999,-999,0
12.5,27,23,6,-113.722,3,-133.027,2,2,20,0,-999,-999,0
12.5,27,23,6,-113.722,5,-143.485,4,4,10,1,-999,-999,0
12.5,29,15,1,-87.554,2,-111.919,1,1,20,0,-999,-999,0
12.5,29,15,1,-87.554,3,-118.159,2,2,20,0,-999,-999,0
12.5,29,15,1,-87.554,5,-124.176,4,4,10,1,-999,-999,0
12.5,29,15,1,-87.554,7,-133.531,6,6,10,1,-999,-999,0
12.5,29,15,1,-87.554,4,-138.74,2,2,20,0,-999,-999,0
12.5,29,15,1,-87.554,6,-145.449,8,8,10,1,-999,-999,0
12.5,33,16,7,-124.372,3,-85.3869,2,2,20,0,-999,-999,0
12.5,33,16,7,-124.372,2,-109.007,1,1,20,0,-999,-999,0
12.5,33,16,7,-124.372,1,-114.892,5,5,20,0,-999,-999,0
12.5,33,16,7,-124.372,5,-131.873,4,4,10,1,-999,-999,0
12.5,33,16,7,-124.372,4,-138.29,2,2,20,0,-999,-999,0
12.5,33,16,7,-124.372,6,-139.4,8,8,10,1,-999,-999,0
12.5,37,24,7,-129.211,5,-109.424,4,4,10,1,-999,-999,0
12.5,37,24,7,-129.211,2,-118.892,1,1,20,0,-999,-999,0
12.5,37,24,7,-129.211,4,-120.645,2,2,20,0,-999,-999,0
12.5,37,24,7,-129.211,1,-127.772,5,5,20,0,-999,-999,0
12.5,37,24,7,-129.211,6,-128.818,8,8,10,1,-999,-999,0
12.5,37,24,7,-129.211,3,-131.387,2,2,20,0,-999,-999,0
12.5,40,24,6,-120.451,4,-112.722,2,2,20,0,-999,-999,0
12.5,40,24,6,-120.451,3,-125.023,2,2,20,0,-999,-999,0
12.5,40,24,6,-120.451,2,-126.849,1,1,20,0,-999,-999,0
12.5,40,24,6,-120.451,1,-127.19,5,5,20,0,-999,-999,0
12.5,40,24,6,-120.451,7,-130.879,6,6,10,1,-999,-999,0
12.5,40,24,6,-120.451,5,-139.251,4,4,10,1,-999,-999,0
12.5,45,16,1,-86.3446,5,-100.082,4,4,10,1,-999,-999,0
12.5,45,16,1,-86.3446,3,-105.088,2,2,20,0,-999,-999,0
12.5,45,16,1,-86.3446,2,-113.86,1,1,20,0,-999,-999,0
12.5,45,16,1,-86.3446,4,-130.161,2,2,20,0,-999,-999,0
12.5,45,16,1,-86.3446,7,-134.011,6,6,10,1,-999,-999,0
12.5,45,16,1,-86.3446,6,-142.405,8,8,10,1,-999,-999,0
12.5,46,8,6,-109.835,2,-110.862,1,1,20,0,-999,-999,0
12.5,46,8,6,-109.835,7,-123.62,6,6,10,1,-999,-999,0
12.5,46,8,6,-109.835,4,-125.329,2,2,20,0,-999,-999,0
12.5,46,8,6,-109.835,3,-137.175,2,2,20,0,-999,-999,0
12.5,46,8,6,-109.835,1,-139.012,5,5,20,0,-999,-999,0
12.5,46,8,6,-109.835,5,-151.872,4,4,10,1,-999,-999,0
12.5,47,16,3,-116.797,1,-110.327,5,5,20,0,-999,-999,0
12.5,47,16,3,-116.797,2,-118.582,1,1,20,0,-999,-999,0
12.5,47,16,3,-116.797,7,-126.421,6,6,10,1,-999,-999,0
12.5,47,16,3,-116.797,6,-135.691,8,8,10,1,-999,-999,0
12.5,47,16,3,-116.797,5,-138.525,4,4,10,1,-999,-999,0
12.5,47,16,3,-116.797,4,-138.949,2,2,20,0,-999,-999,0
12.5,49,8,4,-81.6606,1,-107.209,5,5,20,0,-999,-999,0
12.5,49,8,4,-81.6606,6,-118.949,8,8,10,1,-999,-999,0
12.5,49,8,4,-81.6606,2,-133.431,1,1,20,0,-999,-999,0
12.5,49,8,4,-81.6606,5,-137.436,4,4,10,1,-999,-999,0
12.5,49,8,4,-81.6606,7,-141.182,6,6,10,1,-999,-999,0
12.5,49,8,4,-81.6606,3,-141.593,2,2,20,0,-999,-999,0
12.5,52,8,5,-88.9549,6,-113.667,8,8,10,1,-999,-999,0
12.5,52,8,5,-88.9549,3,-134.544,2,2,20,0,-999,-999,0
12.5,52,8,5,-88.9549,1,-136.264,5,5,20,0,-999,-999,0
12.5,52,8,5,-88.9549,2,-137.947,1,1,20,0,-999,-999,0
12.5,52,8,5,-88.9549,4,-142.177,2,2,20,0,-999,-999,0
12.5,52,8,5,-88.9549,7,-149.538,6,6,10,1,-999,-999,0
12.5,55,32,6,-106.792,4,-117.059,2,2,20,0,-999,-999,0
12.5,55,32,6,-106.792,7,-118.982,6,6,10,1,-999,-999,0
12.5,55,32,6,-106.792,2,-128.774,1,1,20,0,-999,-999,0
12.5,55,32,6,-106.792,1,-131.3,5,5,20,0,-999,-999,0
12.5,55,32,6,-106.792,5,-135.046,4,4,10,1,-999,-999,0
12.5,55,32,6,-106.792,3,-144.354,2,2,20,0,-999,-999,0
12.5,59,31,5,-115.169,3,-88.9661,2,2,20,0,-999,-999,0
12.5,59,31,5,-115.169,2,-112.395,1,1,20,0,-999,-999,0
12.5,59,31,5,-115.169,1,-129.082,5,5,20,0,-999,-999,0
12.5,59,31,5,-115.169,4,-134.943,2,2,20,0,-999,-999,0
12.5,59,31,5,-115.169,7,-137.001,6,6,10,1,-999,-999,0
12.5,59,31,5,-115.169,6,-157.078,8,8,10,1,-999,-999,0
12.5,61,48,6,-78.576,4,-130.801,2,2,20,0,-999,-999,0
12.5,61,48,6,-78.576,3,-146.613,2,2,20,0,-999,-999,0
12.5,61,48,6,-78.576,2,-148.757,1,1,20,0,-999,-999,0
12.5,61,48,6,-78.576,7,-152.118,6,6,10,1,-999,-999,0
12.5,61,48,6,-78.576,1,-153.097,5,5,20,0,-999,-999,0
12.5,61,48,6,-78.576,5,-155.63,4,4,10,1,-999,-999,0
12.5,71,39,7,-68.1881,3,-113.671,2,2,20,0,-999,-999,0
12.5,71,39,7,-68.1881,4,-121.971,2,2,20,0,-999,-999,0
12.5,71,39,7,-68.1881,2,-124.255,1,1,20,0,-999,-999,0
12.5,71,39,7,-68.1881,1,-137.376,5,5,20,0,-999,-999,0
12.5,71,39,7,-68.1881,6,-149.533,8,8,10,1,-999,-999,0
12.5,71,39,7,-68.1881,5,-149.639,4,4,10,1,-999,-999,0
12.5,73,56,6,-117.017,4,-107.133,2,2,20,0,-999,-999,0
12.5,73,56,6,-117.017,5,-115.002,4,4,10,1,-999,-999,0
12.5,73,56,6,-117.017,2,-125.706,1,1,20,0,-999,-999,0
12.5,73,56,6,-117.017,7,-133.615,6,6,10,1,-999,-999,0
12.5,73,56,6,-117.017,1,-139.966,5,5,20,0,-999,-999,0
12.5,73,56,6,-117.017,3,-140.863,2,2,20,0,-999,-999,0
12.5,78,18,1,-95.7542,7,-113.057,6,6,10,1,-999,-999,0
12.5,78,18,1,-95.7542,4,-114.446,2,2,20,0,-999,-999,0
12.5,78,18,1,-95.7542,3,-114.905,2,2,20,0,-999,-999,0
12.5,78,18,1,-95.7542,2,-115.574,1,1,20,0,-999,-999,0
12.5,78,18,1,-95.7542,5,-124.542,4,4,10,1,-999,-999,0
12.5,78,18,1,-95.7542,6,-134.234,8,8,10,1,-999,-999,0
12.5,95,16,4,-102.21,6,-89.7599,8,8,10,1,-999,-999,0
12.5,95,16,4,-102.21,5,-117.468,4,4,10,1,-999,-999,0
12.5,95,16,4,-102.21,7,-125.768,6,6,10,1,-999,-999,0
12.5,95,16,4,-102.21,2,-127.998,1,1,20,0,-999,-999,0
12.5,95,16,4,-102.21,1,-131.509,5,5,20,0,-999,-999,0
12.5,95,16,4,-102.21,3,-146.091,2,2,20,0,-999,-999,0
12.5,101,32,5,-85.8767,6,-113.594,8,8,10,1,-999,-999,0
12.5,101,32,5,-85.8767,3,-115.557,2,2,20,0,-999,-999,0
12.5,101,32,5,-85.8767,2,-138.778,1,1,20,0,-999,-999,0
12.5,101,32,5,-85.8767,1,-139.344,5,5,20,0,-999,-999,0
12.5,101,32,5,-85.8767,7,-148.918,6,6,10,1,-999,-999,0
12.5,101,32,5,-85.8767,4,-159.396,2,2,20,0,-999,-999,0
12.5,107,40,7,-103.5,4,-120.363,2,2,20,0,-999,-999,0
12.5,107,40,7,-103.5,2,-120.649,1,1,20,0,-999,-999,0
12.5,107,40,7,-103.5,1,-129.84,5,5,20,0,-999,-999,0
12.5,107,40,7,-103.5,3,-131.049,2,2,20,0,-999,-999,0
12.5,107,40,7,-103.5,6,-139,8,8,10,1,-999,-999,0
12.5,107,40,7,-103.5,5,-140.756,4,4,10,1,-999,-999,0
14.5,9,8,2,-100.015,7,-97.639,6,6,10,1,-999,-999,0
14.5,9,8,2,-100.015,5,-118.076,4,4,10,1,-999,-999,0
14.5,9,8,2,-100.015,1,-118.907,6,6,20,0,-999,-999,0
14.5,9,8,2,-100.015,3,-120.912,3,3,20,0,-999,-999,0
14.5,9,8,2,-100.015,4,-124.356,2,2,20,0,-999,-999,0
14.5,9,8,2,-100.015,6,-131.964,9,9,10,1,-999,-999,0
14.5,13,48,7,-123.003,3,-84.9685,3,3,20,0,-999,-999,0
14.5,13,48,7,-123.003,5,-100.653,4,4,10,1,-999,-999,0
14.5,13,48,7,-123.003,1,-105.131,6,6,20,0,-999,-999,0
14.5,13,48,7,-123.003,2,-109.483,1,1,20,0,-999,-999,0
14.5,13,48,7,-123.003,6,-122.868,9,9,10,1,-999,-999,0
14.5,13,48,7,-123.003,4,-135.042,2,2,20,0,-999,-999,0
14.5,14,40,5,-89.0469,2,-136.385,1,1,20,0,-999,-999,0
14.5,14,40,5,-89.0469,1,-138.928,6,6,20,0,-999,-999,0
14.5,14,40,5,-89.0469,3,-142.723,3,3,20,0,-999,-999,0
14.5,14,40,5,-89.0469,7,-147.914,6,6,10,1,-999,-999,0
14.5,14,40,5,-89.0469,6,-152.269,9,9,10,1,-999,-999,0
14.5,14,40,5,-89.0469,4,-160.187,2,2,20,0,-999,-999,0
14.5,18,17,1,-107.275,5,-104.246,4,4,10,1,-999,-999,0
14.5,18,17,1,-107.275,3,-109.538,3,3,20,0,-999,-999,0
14.5,18,17,1,-107.275,2,-120.973,1,1,20,0,-999,-999,0
14.5,18,17,1,-107.275,7,-134.859,6,6,10,1,-999,-999,0
14.5,18,17,1,-107.275,4,-136.014,2,2,20,0,-999,-999,0
14.5,18,17,1,-107.275,6,-138.416,9,9,10,1,-999,-999,0
14.5,20,26,1,-113.022,3,-105.859,3,3,20,0,-999,-999,0
14.5,20,26,1,-113.022,2,-113.358,1,1,20,0,-999,-999,0
14.5,20,26,1,-113.022,5,-125.217,4,4,10,1,-999,-999,0
14.5,20,26,1,-113.022,4,-127.829,2,2,20,0,-999,-999,0
14.5,20,26,1,-113.022,7,-133.66,6,6,10,1,-999,-999,0
14.5,20,26,1,-113.022,6,-135.712,9,9,10,1,-999,-999,0
14.5,21,40,6,-105.967,7,-112.734,6,6,10,1,-999,-999,0
14.5,21,40,6,-105.967,4,-118.662,2,2,20,0,-999,-999,0
14.5,21,40,6,-105.967,3,-131.779,3,3,20,0,-999,-999,0
14.5,21,40,6,-105.967,5,-134.574,4,4,10,1,-999,-999,0
14.5,21,40,6,-105.967,2,-144.858,1,1,20,0,-999,-999,0
14.5,21,40,6,-105.967,1,-146.473,6,6,20,0,-999,-999,0
14.5,23,15,7,-93.5587,2,-76.49,1,1,20,0,-999,-999,2
14.5,23,15,7,-93.5587,1,-92.626,6,6,20,0,-999,-999,2
14.5,23,15,7,-93.5587,3,-96.1771,3,3,20,0,-999,-999,2
14.5,23,15,7,-93.5587,4,-127.782,2,2,20,0,-999,-999,2
14.5,23,15,7,-93.5587,5,-132.846,4,4,10,1,-999,-999,2
14.5,23,15,7,-93.5587,6,-137.604,9,9,10,1,-999,-999,2
14.5,26,15,3,-115.098,2,-84.0846,1,2,20,0,-999,-999,0
14.5,26,15,3,-115.098,6,-113.851,9,9,10,1,-999,-999,0
14.5,26,15,3,-115.098,1,-125.685,6,6,20,0,-999,-999,0
14.5,26,15,3,-115.098,4,-130.888,2,2,20,0,-999,-999,0
14.5,26,15,3,-115.098,5,-139.151,4,4,10,1,-999,-999,0
14.5,26,15,3,-115.098,7,-146.924,6,6,10,1,-999,-999,0
14.5,27,23,6,-123.489,4,-93.6079,2,2,20,0,-999,-999,0
14.5,27,23,6,-123.489,1,-113.121,6,6,20,0,-999,-999,0
14.5,27,23,6,-123.489,3,-120.739,3,3,20,0,-999,-999,0
14.5,27,23,6,-123.489,2,-123.315,1,2,20,0,-999,-999,0
14.5,27,23,6,-123.489,7,-131.721,6,6,10,1,-999,-999,0
14.5,27,23,6,-123.489,5,-137.477,4,4,10,1,-999,-999,0
14.5,29,15,1,-119.429,3,-102.831,3,3,20,0,-999,-999,0
14.5,29,15,1,-119.429,2,-114.221,1,2,20,0,-999,-999,0
14.5,29,15,1,-119.429,4,-116.269,2,2,20,0,-999,-999,0
14.5,29,15,1,-119.429,7,-133.589,6,6,10,1,-999,-999,0
14.5,29,15,1,-119.429,5,-134.73,4,4,10,1,-999,-999,0
14.5,29,15,1,-119.429,6,-146.959,9,9,10,1,-999,-999,0
14.5,33,16,7,-124.889,2,-97.7304,1,2,20,0,-999,-999,0
14.5,33,16,7,-124.889,3,-108.365,3,3,20,0,-999,-999,0
14.5,33,16,7,-124.889,1,-111.889,6,6,20,0,-999,-999,0
14.5,33,16,7,-124.889,5,-136.076,4,4,10,1,-999,-999,0
14.5,33,16,7,-124.889,6,-139.921,9,9,10,1,-999,-999,0
14.5,33,16,7,-124.889,4,-140.572,2,2,20,0,-999,-999,0
14.5,37,24,7,-126.573,4,-110.379,2,2,20,0,-999,-999,0
14.5,37,24,7,-126.573,2,-115.551,1,2,20,0,-999,-999,0
14.5,37,24,7,-126.573,3,-120.254,3,3,20,0,-999,-999,0
14.5,37,24,7,-126.573,1,-127.751,6,6,20,0,-999,-999,0
14.5,37,24,7,-126.573,6,-129.08,9,9,10,1,-999,-999,0
14.5,37,24,7,-126.573,5,-149.507,4,4,10,1,-999,-999,0
14.5,40,24,6,-124.548,4,-106.117,2,2,20,0,-999,-999,0
14.5,40,24,6,-124.548,7,-125.924,6,6,10,1,-999,-999,0
14.5,40,24,6,-124.548,2,-127.167,1,2,20,0,-999,-999,0
14.5,40,24,6,-124.548,1,-129.527,6,6,20,0,-999,-999,0
14.5,40,24,6,-124.548,3,-137.562,3,3,20,0,-999,-999,0
14.5,40,24,6,-124.548,5,-143.701,4,4,10,1,-999,-999,0
14.5,45,16,1,-105.656,2,-78.1618,1,2,20,0,-999,-999,0
14.5,45,16,1,-105.656,3,-91.3404,3,3,20,0,-999,-999,0
14.5,45,16,1,-105.656,7,-98.512,6,6,10,1,-999,-999,0
14.5,45,16,1,-105.656,5,-109.093,4,4,10,1,-999,-999,0
14.5,45,16,1,-105.656,4,-144.778,2,2,20,0,-999,-999,0
14.5,45,16,1,-105.656,6,-150.731,9,9,10,1,-999,-999,0
14.5,46,8,6,-85.4899,4,-110.832,2,2,20,0,-999,-999,0
14.5,46,8,6,-85.4899,3,-123.609,3,3,20,0,-999,-999,0
14.5,46,8,6,-85.4899,1,-130.543,6,6,20,0,-999,-999,0
14.5,46,8,6,-85.4899,7,-131.044,6,6,10,1,-999,-999,0
14.5,46,8,6,-85.4899,5,-131.812,4,4,10,1,-999,-999,0
14.5,46,8,6,-85.4899,2,-137.111,1,2,20,0,-999,-999,0
14.5,47,16,3,-106.116,7,-97.3061,6,6,10,1,-999,-999,0
14.5,47,16,3,-106.116,1,-113.954,6,6,20,0,-999,-999,0
14.5,47,16,3,-106.116,2,-114.689,1,2,20,0,-999,-999,0
14.5,47,16,3,-106.116,5,-132.154,4,4,10,1,-999,-999,0
14.5,47,16,3,-106.116,6,-138.104,9,9,10,1,-999,-999,0
14.5,47,16,3,-106.116,4,-146.225,2,2,20,0,-999,-999,0
14.5,48,64,6,-69.0535,4,-122.648,2,2,20,0,-999,-999,0
14.5,48,64,6,-69.0535,2,-142.499,1,2,20,0,-999,-999,0
14.5,48,64,6,-69.0535,5,-145.066,4,4,10,1,-999,-999,0
14.5,48,64,6,-69.0535,3,-146.856,3,3,20,0,-999,-999,0
14.5,48,64,6,-69.0535,1,-148.844,6,6,20,0,-999,-999,0
14.5,48,64,6,-69.0535,7,-154.128,6,6,10,1,-999,-999,0
14.5,49,8,4,-96.8792,6,-113.518,9,9,10,1,-999,-999,0
14.5,49,8,4,-96.8792,5,-123.595,4,4,10,1,-999,-999,0
14.5,49,8,4,-96.8792,2,-134.659,1,2,20,0,-999,-999,0
14.5,49,8,4,-96.8792,1,-138.648,6,6,20,0,-999,-999,0
14.5,49,8,4,-96.8792,7,-140.009,6,6,10,1,-999,-999,0
14.5,49,8,4,-96.8792,3,-142.257,3,3,20,0,-999,-999,0
14.5,52,8,5,-78.2338,1,-122.415,6,6,20,0,-999,-999,0
14.5,52,8,5,-78.2338,2,-124.822,1,2,20,0,-999,-999,0
14.5,52,8,5,-78.2338,3,-139.793,3,3,20,0,-999,-999,0
14.5,52,8,5,-78.2338,6,-141.299,9,9,10,1,-999,-999,0
14.5,52,8,5,-78.2338,7,-148.617,6,6,10,1,-999,-999,0
14.5,52,8,5,-78.2338,4,-159.105,2,2,20,0,-999,-999,0
14.5,55,32,6,-120.658,2,-106.02,1,2,20,0,-999,-999,0
14.5,55,32,6,-120.658,3,-113.822,3,3,20,0,-999,-999,0
14.5,55,32,6,-120.658,4,-118.269,2,2,20,0,-999,-999,0
14.5,55,32,6,-120.658,5,-119.308,4,4,10,1,-999,-999,0
14.5,55,32,6,-120.658,1,-127.084,6,6,20,0,-999,-999,0
14.5,55,32,6,-120.658,7,-136.253,6,6,10,1,-999,-999,0
14.5,59,31,5,-126.944,1,-103.338,6,6,20,0,-999,-999,0
14.5,59,31,5,-126.944,4,-125.69,2,2,20,0,-999,-999,0
14.5,59,31,5,-126.944,7,-127.393,6,6,10,1,-999,-999,0
14.5,59,31,5,-126.944,3,-130.215,3,3,20,0,-999,-999,0
14.5,59,31,5,-126.944,2,-132.837,1,2,20,0,-999,-999,0
14.5,59,31,5,-126.944,6,-159.083,9,9,10,1,-999,-999,0
14.5,61,48,6,-66.9966,5,-120.799,4,4,10,1,-999,-999,0
14.5,61,48,6,-66.9966,7,-122.336,6,6,10,1,-999,-999,0
14.5,61,48,6,-66.9966,4,-123.476,2,2,20,0,-999,-999,0
14.5,61,48,6,-66.9966,2,-138.491,1,2,20,0,-999,-999,0
14.5,61,48,6,-66.9966,1,-147.926,6,6,20,0,-999,-999,0
14.5,61,48,6,-66.9966,3,-150.182,3,3,20,0,-999,-999,0
14.5,71,39,7,-68.1609,3,-103.744,3,3,20,0,-999,-999,0
14.5,71,39,7,-68.1609,2,-108.333,1,2,20,0,-999,-999,0
14.5,71,39,7,-68.1609,1,-133.189,6,6,20,0,-999,-999,0
14.5,71,39,7,-68.1609,4,-135.148,2,2,20,0,-999,-999,0
14.5,71,39,7,-68.1609,5,-141.578,4,4,10,1,-999,-999,0
14.5,71,39,7,-68.1609,6,-146.325,9,9,10,1,-999,-999,0
14.5,73,56,6,-91.8283,4,-78.383,2,2,20,0,-999,-999,4
14.5,73,56,6,-91.8283,2,-113.035,1,2,20,0,-999,-999,4
14.5,73,56,6,-91.8283,1,-115.514,6,6,20,0,-999,-999,4
14.5,73,56,6,-91.8283,7,-122.114,6,6,10,1,-999,-999,4
14.5,73,56,6,-91.8283,3,-125.289,3,3,20,0,-999,-999,4
14.5,73,56,6,-91.8283,5,-142.183,4,4,10,1,-999,-999,4
14.5,78,18,1,-100.027,3,-108.502,3,3,20,0,-999,-999,0
14.5,78,18,1,-100.027,4,-109.796,2,3,20,0,-999,-999,0
14.5,78,18,1,-100.027,2,-109.891,1,2,20,0,-999,-999,0
14.5,78,18,1,-100.027,5,-125.989,4,4,10,1,-999,-999,0
14.5,78,18,1,-100.027,7,-129.138,6,6,10,1,-999,-999,0
14.5,78,18,1,-100.027,6,-140.006,9,9,10,1,-999,-999,0
14.5,82,72,6,-99.1967,4,-98.2333,2,3,20,0,-999,-999,0
14.5,82,72,6,-99.1967,2,-134.912,1,2,20,0,-999,-999,0
14.5,82,72,6,-99.1967,7,-140.622,6,6,10,1,-999,-999,0
14.5,82,72,6,-99.1967,3,-142.541,3,3,20,0,-999,-999,0
14.5,82,72,6,-99.1967,1,-154.332,6,6,20,0,-999,-999,0
14.5,82,72,6,-99.1967,5,-158.59,4,4,10,1,-999,-999,0
14.5,84,34,1,-82.2899,3,-93.8755,3,3,20,0,-999,-999,0
14.5,84,34,1,-82.2899,6,-104.44,9,9,10,1,-999,-999,0
14.5,84,34,1,-82.2899,5,-112.846,4,4,10,1,-999,-999,0
14.5,84,34,1,-82.2899,2,-114.049,1,2,20,0,-999,-999,0
14.5,84,34,1,-82.2899,7,-128.001,6,6,10,1,-999,-999,0
14.5,84,34,1,-82.2899,4,-133.242,2,3,20,0,-999,-999,0
14.5,95,16,4,-100.209,7,-94.6075,6,6,10,1,-999,-999,0
14.5,95,16,4,-100.209,6,-102.03,9,9,10,1,-999,-999,0
14.5,95,16,4,-100.209,2,-135.392,1,2,20,0,-999,-999,0
14.5,95,16,4,-100.209,1,-136.359,6,6,20,0,-999,-999,0
14.5,95,16,4,-100.209,3,-144.579,3,3,20,0,-999,-999,0
14.5,95,16,4,-100.209,5,-146.577,4,4,10,1,-999,-999,0
14.5,101,32,5,-72.0105,3,-120.348,3,3,20,0,-999,-999,0
14.5,101,32,5,-72.0105,1,-133.561,6,6,20,0,-999,-999,0
14.5,101,32,5,-72.0105,2,-136.677,1,2,20,0,-999,-999,0
14.5,101,32,5,-72.0105,7,-149.439,6,6,10,1,-999,-999,0
14.5,101,32,5,-72.0105,6,-153.409,9,9,10,1,-999,-999,0
14.5,101,32,5,-72.0105,4,-156.936,2,3,20,0,-999,-999,0
14.5,107,40,7,-108.12,2,-104.533,1,2,20,0,-999,-999,0
14.5,107,40,7,-108.12,6,-112.527,9,9,10,1,-999,-999,0
14.5,107,40,7,-108.12,3,-121.867,3,3,20,0,-999,-999,0
14.5,107,40,7,-108.12,1,-129.729,6,6,20,0,-999,-999,0
14.5,107,40,7,-108.12,4,-136.139,2,3,20,0,-999,-999,0
14.5,107,40,7,-108.12,5,-142.661,4,4,10,1,-999,-999,0
16.5,9,8,2,-76.4146,4,-120.619,3,3,20,0,-999,-999,0
16.5,9,8,2,-76.4146,1,-121.835,7,7,20,0,-999,-999,0
16.5,9,8,2,-76.4146,3,-123.371,3,3,20,0,-999,-999,0
16.5,9,8,2,-76.4146,7,-126.696,5,5,10,1,-999,-999,0
16.5,9,8,2,-76.4146,6,-130.737,10,10,10,1,-999,-999,0
16.5,9,8,2,-76.4146,5,-134.399,4,4,10,1,-999,-999,0
16.5,13,48,7,-86.7811,1,-109.69,7,7,20,0,-999,-999,0
16.5,13,48,7,-86.7811,3,-111.239,3,3,20,0,-999,-999,0
16.5,13,48,7,-86.7811,2,-113.785,2,2,20,0,-999,-999,0
16.5,13,48,7,-86.7811,4,-132.481,3,3,20,0,-999,-999,0
16.5,13,48,7,-86.7811,5,-138.34,4,4,10,1,-999,-999,0
16.5,13,48,7,-86.7811,6,-143.78,10,10,10,1,-999,-999,0
16.5,14,40,5,-72.697,4,-125.53,3,3,20,0,-999,-999,0
16.5,14,40,5,-72.697,2,-134.575,2,2,20,0,-999,-999,0
16.5,14,40,5,-72.697,1,-134.879,7,7,20,0,-999,-999,0
16.5,14,40,5,-72.697,3,-142.211,3,3,20,0,-999,-999,0
16.5,14,40,5,-72.697,7,-147.792,5,5,10,1,-999,-999,0
16.5,14,40,5,-72.697,6,-148.191,10,10,10,1,-999,-999,0
16.5,15,32,3,-62.3565,7,-104.187,5,5,10,1,-999,-999,0
16.5,15,32,3,-62.3565,2,-116.096,2,2,20,0,-999,-999,0
16.5,15,32,3,-62.3565,1,-118.045,7,7,20,0,-999,-999,0
16.5,15,32,3,-62.3565,4,-128.424,3,3,20,0,-999,-999,0
16.5,15,32,3,-62.3565,5,-139.948,4,4,10,1,-999,-999,0
16.5,15,32,3,-62.3565,6,-141.398,10,10,10,1,-999,-999,0
16.5,18,17,1,-92.174,3,-111.334,3,3,20,0,-999,-999,0
16.5,18,17,1,-92.174,2,-118.55,2,2,20,0,-999,-999,0
16.5,18,17,1,-92.174,5,-121.075,4,4,10,1,-999,-999,0
16.5,18,17,1,-92.174,7,-126.249,5,5,10,1,-999,-999,0
16.5,18,17,1,-92.174,6,-127.425,10,10,10,1,-999,-999,0
16.5,18,17,1,-92.174,4,-137.183,3,3,20,0,-999,-999,0
16.5,20,26,1,-74.5744,7,-93.9255,5,5,10,1,-999,-999,0
16.5,20,26,1,-74.5744,5,-104.455,4,4,10,1,-999,-999,0
16.5,20,26,1,-74.5744,6,-114.797,10,10,10,1,-999,-999,0
16.5,20,26,1,-74.5744,3,-116.876,3,3,20,0,-999,-999,0
16.5,20,26,1,-74.5744,2,-119.402,2,2,20,0,-999,-999,0
16.5,20,26,1,-74.5744,4,-124.429,3,3,20,0,-999,-999,0
16.5,21,40,6,-87.7735,4,-118.557,3,3,20,0,-999,-999,0
16.5,21,40,6,-87.7735,2,-138.646,2,2,20,0,-999,-999,0
16.5,21,40,6,-87.7735,5,-141.244,4,4,10,1,-999,-999,0
16.5,21,40,6,-87.7735,1,-143.746,7,7,20,0,-999,-999,0
16.5,21,40,6,-87.7735,7,-144.496,5,5,10,1,-999,-999,0
16.5,21,40,6,-87.7735,3,-148.709,3,3,20,0,-999,-999,0
16.5,23,9,2,-64.9993,1,-94.0922,7,7,20,0,-999,-999,0
16.5,23,9,2,-64.9993,3,-115.411,3,3,20,0,-999,-999,0
16.5,23,9,2,-64.9993,7,-120.73,5,5,10,1,-999,-999,0
16.5,23,9,2,-64.9993,5,-132.984,4,4,10,1,-999,-999,0
16.5,23,9,2,-64.9993,6,-134.527,10,10,10,1,-999,-999,0
16.5,23,9,2,-64.9993,4,-135.572,3,3,20,0,-999,-999,0
16.5,26,15,3,-119.936,4,-95.579,3,3,20,0,-999,-999,0
16.5,26,15,3,-119.936,5,-113.449,4,4,10,1,-999,-999,0
16.5,26,15,3,-119.936,2,-123.902,2,2,20,0,-999,-999,0
16.5,26,15,3,-119.936,1,-127.463,7,7,20,0,-999,-999,0
16.5,26,15,3,-119.936,7,-135.324,5,5,10,1,-999,-999,0
16.5,26,15,3,-119.936,6,-143.379,10,10,10,1,-999,-999,0
16.5,27,23,6,-119.793,4,-86.6944,3,3,20,0,-999,-999,4
16.5,27,23,6,-119.793,7,-116.697,5,5,10,1,-999,-999,4
16.5,27,23,6,-119.793,2,-120.126,2,2,20,0,-999,-999,4
16.5,27,23,6,-119.793,1,-127.402,7,7,20,0,-999,-999,4
16.5,27,23,6,-119.793,3,-129.714,3,3,20,0,-999,-999,4
16.5,27,23,6,-119.793,5,-130.891,4,4,10,1,-999,-999,4
16.5,29,15,1,-75.2127,5,-109.953,4,4,10,1,-999,-999,0
16.5,29,15,1,-75.2127,2,-118.689,2,2,20,0,-999,-999,0
16.5,29,15,1,-75.2127,3,-120.096,3,3,20,0,-999,-999,0
16.5,29,15,1,-75.2127,7,-131.266,5,5,10,1,-999,-999,0
16.5,29,15,1,-75.2127,4,-138.247,3,4,20,0,-999,-999,0
16.5,29,15,1,-75.2127,6,-142.092,10,10,10,1,-999,-999,0
16.5,33,16,7,-122.817,3,-85.728,3,3,20,0,-999,-999,0
16.5,33,16,7,-122.817,2,-117.377,2,2,20,0,-999,-999,0
16.5,33,16,7,-122.817,1,-120.078,7,7,20,0,-999,-999,0
16.5,33,16,7,-122.817,5,-135.416,4,4,10,1,-999,-999,0
16.5,33,16,7,-122.817,4,-135.507,3,4,20,0,-999,-999,0
16.5,33,16,7,-122.817,6,-138.058,10,10,10,1,-999,-999,0
16.5,37,24,7,-131.256,3,-97.4585,3,3,20,0,-999,-999,0
16.5,37,24,7,-131.256,2,-117.943,2,2,20,0,-999,-999,0
16.5,37,24,7,-131.256,4,-119.483,3,4,20,0,-999,-999,0
16.5,37,24,7,-131.256,1,-125.343,7,7,20,0,-999,-999,0
16.5,37,24,7,-131.256,5,-134.245,4,4,10,1,-999,-999,0
16.5,37,24,7,-131.256,6,-135.28,10,10,10,1,-999,-999,0
16.5,40,24,6,-108.894,4,-77.3464,3,4,20,0,-999,-999,4
16.5,40,24,6,-108.894,5,-116.899,4,4,10,1,-999,-999,4
16.5,40,24,6,-108.894,2,-127.291,2,2,20,0,-999,-999,4
16.5,40,24,6,-108.894,3,-127.653,3,3,20,0,-999,-999,4
16.5,40,24,6,-108.894,1,-128.449,7,7,20,0,-999,-999,4
16.5,40,24,6,-108.894,7,-135.282,5,5,10,1,-999,-999,4
16.5,45,16,1,-106.385,7,-90.5715,5,5,10,1,-999,-999,0
16.5,45,16,1,-106.385,5,-117.868,4,4,10,1,-999,-999,0
16.5,45,16,1,-106.385,3,-119.496,3,3,20,0,-999,-999,0
16.5,45,16,1,-106.385,2,-122.775,2,2,20,0,-999,-999,0
16.5,45,16,1,-106.385,6,-136.707,10,10,10,1,-999,-999,0
16.5,45,16,1,-106.385,4,-140.579,3,5,20,0,-999,-999,0
16.5,46,8,6,-91.3166,2,-95.2353,2,2,20,0,-999,-999,0
16.5,46,8,6,-91.3166,7,-99.8032,5,5,10,1,-999,-999,0
16.5,46,8,6,-91.3166,3,-106.412,3,3,20,0,-999,-999,0
16.5,46,8,6,-91.3166,4,-123.2,3,5,20,0,-999,-999,0
16.5,46,8,6,-91.3166,1,-133.94,7,7,20,0,-999,-999,0
16.5,46,8,6,-91.3166,5,-140.028,4,4,10,1,-999,-999,0
16.5,47,16,3,-119.379,2,-112.981,2,2,20,0,-999,-999,0
16.5,47,16,3,-119.379,1,-113.55,7,7,20,0,-999,-999,0
16.5,47,16,3,-119.379,7,-130.323,5,5,10,1,-999,-999,0
16.5,47,16,3,-119.379,5,-134.647,4,4,10,1,-999,-999,0
16.5,47,16,3,-119.379,4,-137.148,3,5,20,0,-999,-999,0
16.5,47,16,3,-119.379,6,-137.393,10,10,10,1,-999,-999,0
16.5,48,64,6,-85.1245,4,-117.998,3,5,20,0,-999,-999,0
16.5,48,64,6,-85.1245,5,-124.904,4,4,10,1,-999,-999,0
16.5,48,64,6,-85.1245,2,-144.972,2,2,20,0,-999,-999,0
16.5,48,64,6,-85.1245,3,-145.866,3,3,20,0,-999,-999,0
16.5,48,64,6,-85.1245,7,-147.693,5,5,10,1,-999,-999,0
16.5,48,64,6,-85.1245,1,-150.278,7,7,20,0,-999,-999,0
16.5,49,8,4,-64.4029,6,-100.485,10,10,10,1,-999,-999,0
16.5,49,8,4,-64.4029,7,-108.081,5,5,10,1,-999,-999,0
16.5,49,8,4,-64.4029,5,-110.189,4,4,10,1,-999,-999,0
16.5,49,8,4,-64.4029,1,-128.711,7,7,20,0,-999,-999,0
16.5,49,8,4,-64.4029,2,-134.242,2,2,20,0,-999,-999,0
16.5,49,8,4,-64.4029,3,-140.683,3,3,20,0,-999,-999,0
16.5,52,8,5,-90.0703,3,-107.464,3,3,20,0,-999,-999,0
16.5,52,8,5,-90.0703,6,-114.115,10,10,10,1,-999,-999,0
16.5,52,8,5,-90.0703,2,-138.26,2,2,20,0,-999,-999,0
16.5,52,8,5,-90.0703,1,-140.256,7,7,20,0,-999,-999,0
16.5,52,8,5,-90.0703,7,-142.154,5,5,10,1,-999,-999,0
16.5,52,8,5,-90.0703,4,-154.002,3,5,20,0,-999,-999,0
16.5,55,32,6,-117.905,1,-98.693,7,7,20,0,-999,-999,0
16.5,55,32,6,-117.905,4,-120.721,3,5,20,0,-999,-999,0
16.5,55,32,6,-117.905,5,-131.924,4,4,10,1,-999,-999,0
16.5,55,32,6,-117.905,7,-134.723,5,5,10,1,-999,-999,0
16.5,55,32,6,-117.905,2,-134.985,2,2,20,0,-999,-999,0
16.5,55,32,6,-117.905,3,-144.452,3,3,20,0,-999,-999,0
16.5,59,31,5,-116.217,1,-124.978,7,7,20,0,-999,-999,0
16.5,59,31,5,-116.217,3,-126.732,3,3,20,0,-999,-999,0
16.5,59,31,5,-116.217,2,-128.891,2,2,20,0,-999,-999,0
16.5,59,31,5,-116.217,7,-132.542,5,5,10,1,-999,-999,0
16.5,59,31,5,-116.217,4,-142.774,3,5,20,0,-999,-999,0
16.5,59,31,5,-116.217,6,-152.4,10,10,10,1,-999,-999,0
16.5,61,48,6,-77.6447,7,-116.21,5,5,10,1,-999,-999,0
16.5,61,48,6,-77.6447,4,-122.643,3,5,20,0,-999,-999,0
16.5,61,48,6,-77.6447,5,-136.296,4,4,10,1,-999,-999,0
16.5,61,48,6,-77.6447,2,-139.257,2,2,20,0,-999,-999,0
16.5,61,48,6,-77.6447,1,-149.132,7,7,20,0,-999,-999,0
16.5,61,48,6,-77.6447,3,-149.236,3,3,20,0,-999,-999,0
16.5,71,39,7,-103.731,4,-114.025,3,5,20,0,-999,-999,0
16.5,71,39,7,-103.731,1,-117.394,7,7,20,0,-999,-999,0
16.5,71,39,7,-103.731,2,-126.283,2,2,20,0,-999,-999,0
16.5,71,39,7,-103.731,3,-134.467,3,3,20,0,-999,-999,0
16.5,71,39,7,-103.731,6,-147.405,10,10,10,1,-999,-999,0
16.5,71,39,7,-103.731,5,-149.134,4,4,10,1,-999,-999,0
16.5,73,17,4,-116.345,6,-121.796,10,10,10,1,-999,-999,0
16.5,73,17,4,-116.345,5,-132.565,4,4,10,1,-999,-999,0
16.5,73,17,4,-116.345,1,-132.847,7,7,20,0,-999,-999,0
16.5,73,17,4,-116.345,2,-133.628,2,2,20,0,-999,-999,0
16.5,73,17,4,-116.345,7,-136.948,5,5,10,1,-999,-999,0
16.5,73,17,4,-116.345,3,-145.525,3,3,20,0,-999,-999,0
16.5,77,87,6,-114.046,1,-105.951,7,7,20,0,-999,-999,0
16.5,77,87,6,-114.046,4,-118.953,3,5,20,0,-999,-999,0
16.5,77,87,6,-114.046,7,-131.914,5,5,10,1,-999,-999,0
16.5,77,87,6,-114.046,2,-132.012,2,2,20,0,-999,-999,0
16.5,77,87,6,-114.046,3,-135.799,3,3,20,0,-999,-999,0
16.5,77,87,6,-114.046,5,-146.864,4,4,10,1,-999,-999,0
16.5,78,18,1,-63.9571,4,-101.334,3,5,20,0,-999,-999,0
16.5,78,18,1,-63.9571,2,-108.99,2,2,20,0,-999,-999,0
16.5,78,18,1,-63.9571,3,-112.381,3,3,20,0,-999,-999,0
16.5,78,18,1,-63.9571,7,-128.112,5,5,10,1,-999,-999,0
16.5,78,18,1,-63.9571,5,-129.327,4,4,10,1,-999,-999,0
16.5,78,18,1,-63.9571,6,-142.418,10,10,10,1,-999,-999,0
16.5,82,72,6,-88.9162,7,-107.017,5,5,10,1,-999,-999,0
16.5,82,72,6,-88.9162,4,-120.652,3,5,20,0,-999,-999,0
16.5,82,72,6,-88.9162,1,-124.266,7,7,20,0,-999,-999,0
16.5,82,72,6,-88.9162,5,-139.755,4,4,10,1,-999,-999,0
16.5,82,72,6,-88.9162,2,-141.206,2,2,20,0,-999,-999,0
16.5,82,72,6,-88.9162,3,-150.454,3,3,20,0,-999,-999,0
16.5,84,34,1,-69.7841,2,-75.9711,2,2,20,0,-999,-999,0
16.5,84,34,1,-69.7841,3,-78.2374,3,3,20,0,-999,-999,0
16.5,84,34,1,-69.7841,7,-92.2426,5,5,10,1,-999,-999,0
16.5,84,34,1,-69.7841,4,-106.311,3,5,20,0,-999,-999,0
16.5,84,34,1,-69.7841,5,-127.098,4,4,10,1,-999,-999,0
16.5,84,34,1,-69.7841,6,-144.018,10,10,10,1,-999,-999,0
16.5,86,88,6,-119.205,2,-96.342,2,2,20,0,-999,-999,0
16.5,86,88,6,-119.205,5,-123.305,4,4,10,1,-999,-999,0
16.5,86,88,6,-119.205,4,-127.019,3,5,20,0,-999,-999,0
16.5,86,88,6,-119.205,1,-135.805,7,7,20,0,-999,-999,0
16.5,86,88,6,-119.205,3,-140.683,3,3,20,0,-999,-999,0
16.5,86,88,6,-119.205,7,-141.735,5,5,10,1,-999,-999,0
16.5,95,16,4,-104.649,6,-122.143,10,10,10,1,-999,-999,0
16.5,95,16,4,-104.649,7,-128.773,5,5,10,1,-999,-999,0
16.5,95,16,4,-104.649,1,-131.545,7,7,20,0,-999,-999,0
16.5,95,16,4,-104.649,2,-135.845,2,2,20,0,-999,-999,0
16.5,95,16,4,-104.649,5,-147.816,4,4,10,1,-999,-999,0
16.5,95,16,4,-104.649,3,-149.151,3,3,20,0,-999,-999,0
16.5,101,32,5,-88.6123,3,-113.304,3,3,20,0,-999,-999,0
16.5,101,32,5,-88.6123,6,-118.933,10,10,10,1,-999,-999,0
16.5,101,32,5,-88.6123,1,-132.34,7,7,20,0,-999,-999,0
16.5,101,32,5,-88.6123,7,-139.108,5,5,10,1,-999,-999,0
16.5,101,32,5,-88.6123,2,-141.467,2,2,20,0,-999,-999,0
16.5,101,32,5,-88.6123,4,-157.083,3,5,20,0,-999,-999,0
16.5,107,40,7,-115.715,4,-103.917,3,5,20,0,-999,-999,0
16.5,107,40,7,-115.715,1,-107.414,7,7,20,0,-999,-999,0
16.5,107,40,7,-115.715,2,-128.351,2,2,20,0,-999,-999,0
16.5,107,40,7,-115.715,3,-128.894,3,3,20,0,-999,-999,0
16.5,107,40,7,-115.715,6,-131.317,10,10,10,1,-999,-999,0
16.5,107,40,7,-115.715,5,-137.27,4,4,10,1,-999,-999,0
18.5,9,8,2,-115.342,5,-95.2567,5,5,10,1,-999,-999,0
18.5,9,8,2,-115.342,1,-113.066,7,7,20,0,-999,-999,0
18.5,9,8,2,-115.342,3,-121.034,4,4,20,0,-999,-999,0
18.5,9,8,2,-115.342,4,-122.654,5,5,20,0,-999,-999,0
18.5,9,8,2,-115.342,7,-129.233,5,5,10,1,-999,-999,0
18.5,9,8,2,-115.342,6,-129.639,9,9,10,1,-999,-999,0
18.5,13,48,7,-97.8783,1,-77.464,7,7,20,0,-999,-999,0
18.5,13,48,7,-97.8783,3,-98.4455,4,4,20,0,-999,-999,0
18.5,13,48,7,-97.8783,4,-99.1892,5,5,20,0,-999,-999,0
18.5,13,48,7,-97.8783,2,-113.492,2,2,20,0,-999,-999,0
18.5,13,48,7,-97.8783,5,-130.113,5,5,10,1,-999,-999,0
18.5,13,48,7,-97.8783,6,-145.055,9,9,10,1,-999,-999,0
18.5,14,40,5,-93.3288,4,-126.059,5,5,20,0,-999,-999,0
18.5,14,40,5,-93.3288,1,-135.252,7,7,20,0,-999,-999,0
18.5,14,40,5,-93.3288,2,-137.216,2,2,20,0,-999,-999,0
18.5,14,40,5,-93.3288,3,-140.933,4,4,20,0,-999,-999,0
18.5,14,40,5,-93.3288,7,-148.285,5,5,10,1,-999,-999,0
18.5,14,40,5,-93.3288,6,-152.189,9,9,10,1,-999,-999,0
18.5,15,32,3,-99.0953,2,-105.173,2,2,20,0,-999,-999,0
18.5,15,32,3,-99.0953,7,-117.29,5,5,10,1,-999,-999,0
18.5,15,32,3,-99.0953,1,-127.248,7,7,20,0,-999,-999,0
18.5,15,32,3,-99.0953,4,-128.732,5,5,20,0,-999,-999,0
18.5,15,32,3,-99.0953,5,-139.017,5,5,10,1,-999,-999,0
18.5,15,32,3,-99.0953,6,-140.183,9,9,10,1,-999,-999,0
18.5,18,17,1,-107.508,5,-84.2998,5,5,10,1,-999,-999,0
18.5,18,17,1,-107.508,4,-100.014,5,5,20,0,-999,-999,0
18.5,18,17,1,-107.508,2,-102.298,2,2,20,0,-999,-999,0
18.5,18,17,1,-107.508,3,-113.583,4,4,20,0,-999,-999,0
18.5,18,17,1,-107.508,7,-127.972,5,5,10,1,-999,-999,0
18.5,18,17,1,-107.508,6,-136.27,9,9,10,1,-999,-999,0
18.5,20,26,1,-82.0027,2,-79.0818,2,2,20,0,-999,-999,0
18.5,20,26,1,-82.0027,7,-110.628,5,5,10,1,-999,-999,0
18.5,20,26,1,-82.0027,3,-117.092,4,4,20,0,-999,-999,0
18.5,20,26,1,-82.0027,6,-119.519,9,9,10,1,-999,-999,0
18.5,20,26,1,-82.0027,5,-125.565,5,5,10,1,-999,-999,0
18.5,20,26,1,-82.0027,4,-145.178,5,5,20,0,-999,-999,0
18.5,21,40,6,-76.7802,4,-122.055,5,5,20,0,-999,-999,0
18.5,21,40,6,-76.7802,2,-126.734,2,2,20,0,-999,-999,0
18.5,21,40,6,-76.7802,5,-139.166,5,5,10,1,-999,-999,0
18.5,21,40,6,-76.7802,7,-139.589,5,5,10,1,-999,-999,0
18.5,21,40,6,-76.7802,3,-148.84,4,4,20,0,-999,-999,0
18.5,21,40,6,-76.7802,1,-149.682,7,7,20,0,-999,-999,0
18.5,23,9,2,-77.02,1,-93.9497,7,7,20,0,-999,-999,0
18.5,23,9,2,-77.02,3,-108.168,4,4,20,0,-999,-999,0
18.5,23,9,2,-77.02,5,-108.916,5,5,10,1,-999,-999,0
18.5,23,9,2,-77.02,6,-118.515,9,9,10,1,-999,-999,0
18.5,23,9,2,-77.02,7,-121.4,5,5,10,1,-999,-999,0
18.5,23,9,2,-77.02,4,-139.674,5,5,20,0,-999,-999,0
18.5,26,15,3,-84.1536,4,-95.9719,5,5,20,0,-999,-999,0
18.5,26,15,3,-84.1536,2,-122.243,2,2,20,0,-999,-999,0
18.5,26,15,3,-84.1536,1,-128.842,7,7,20,0,-999,-999,0
18.5,26,15,3,-84.1536,6,-137.718,9,9,10,1,-999,-999,0
18.5,26,15,3,-84.1536,7,-137.744,5,5,10,1,-999,-999,0
18.5,26,15,3,-84.1536,5,-140.722,5,5,10,1,-999,-999,0
18.5,27,18,4,-123.297,6,-84.1758,9,9,10,1,-999,-999,0
18.5,27,18,4,-123.297,1,-101.044,7,7,20,0,-999,-999,0
18.5,27,18,4,-123.297,2,-125.561,2,2,20,0,-999,-999,0
18.5,27,18,4,-123.297,5,-133.468,5,5,10,1,-999,-999,0
18.5,27,18,4,-123.297,3,-133.625,4,4,20,0,-999,-999,0
18.5,27,18,4,-123.297,7,-137.074,5,5,10,1,-999,-999,0
18.5,29,15,1,-100.159,2,-112.349,2,2,20,0,-999,-999,0
18.5,29,15,1,-100.159,3,-118.298,4,4,20,0,-999,-999,0
18.5,29,15,1,-100.159,7,-127.133,5,5,10,1,-999,-999,0
18.5,29,15,1,-100.159,5,-129.352,5,5,10,1,-999,-999,0
18.5,29,15,1,-100.159,4,-138.276,5,5,20,0,-999,-999,0
18.5,29,15,1,-100.159,6,-148.768,9,9,10,1,-999,-999,0
18.5,33,16,7,-105.194,2,-87.9481,2,2,20,0,-999,-999,0
18.5,33,16,7,-105.194,1,-113.065,7,7,20,0,-999,-999,0
18.5,33,16,7,-105.194,3,-129.049,4,4,20,0,-999,-999,0
18.5,33,16,7,-105.194,6,-132.498,9,9,10,1,-999,-999,0
18.5,33,16,7,-105.194,5,-133.593,5,5,10,1,-999,-999,0
18.5,33,16,7,-105.194,4,-138.584,5,5,20,0,-999,-999,0
18.5,37,24,7,-131.804,2,-111.808,2,2,20,0,-999,-999,0
18.5,37,24,7,-131.804,1,-111.904,7,7,20,0,-999,-999,0
18.5,37,24,7,-131.804,6,-115.789,9,9,10,1,-999,-999,0
18.5,37,24,7,-131.804,4,-120.72,5,5,20,0,-999,-999,0
18.5,37,24,7,-131.804,3,-126.099,4,4,20,0,-999,-999,0
18.5,37,24,7,-131.804,5,-144.158,5,5,10,1,-999,-999,0
18.5,40,19,4,-111.141,2,-102.002,2,2,20,0,-999,-999,0
18.5,40,19,4,-111.141,6,-105.599,9,9,10,1,-999,-999,0
18.5,40,19,4,-111.141,1,-118.221,7,7,20,0,-999,-999,0
18.5,40,19,4,-111.141,7,-120.729,5,5,10,1,-999,-999,0
18.5,40,19,4,-111.141,3,-130.852,4,4,20,0,-999,-999,0
18.5,40,19,4,-111.141,5,-140.385,5,5,10,1,-999,-999,0
18.5,45,16,1,-111.478,3,-104.866,4,4,20,0,-999,-999,0
18.5,45,16,1,-111.478,2,-117.56,2,2,20,0,-999,-999,0
18.5,45,16,1,-111.478,7,-128.601,5,5,10,1,-999,-999,0
18.5,45,16,1,-111.478,5,-132.687,5,5,10,1,-999,-999,0
18.5,45,16,1,-111.478,4,-137.211,5,5,20,0,-999,-999,0
18.5,45,16,1,-111.478,6,-138.943,9,9,10,1,-999,-999,0
18.5,46,8,6,-112.424,3,-109.29,4,4,20,0,-999,-999,0
18.5,46,8,6,-112.424,7,-113.581,5,5,10,1,-999,-999,0
18.5,46,8,6,-112.424,2,-115.865,2,2,20,0,-999,-999,0
18.5,46,8,6,-112.424,4,-119.801,5,5,20,0,-999,-999,0
18.5,46,8,6,-112.424,1,-140.228,7,7,20,0,-999,-999,0
18.5,46,8,6,-112.424,5,-142.926,5,5,10,1,-999,-999,0
18.5,47,16,3,-81.1174,5,-98.8437,5,5,10,1,-999,-999,0
18.5,47,16,3,-81.1174,2,-99.2743,2,2,20,0,-999,-999,0
18.5,47,16,3,-81.1174,1,-108.95,7,7,20,0,-999,-999,0
18.5,47,16,3,-81.1174,7,-127.578,5,5,10,1,-999,-999,0
18.5,47,16,3,-81.1174,6,-139.146,9,9,10,1,-999,-999,0
18.5,47,16,3,-81.1174,4,-142.119,5,5,20,0,-999,-999,0
18.5,48,64,6,-67.5724,4,-120.217,5,5,20,0,-999,-999,0
18.5,48,64,6,-67.5724,7,-147.436,5,5,10,1,-999,-999,0
18.5,48,64,6,-67.5724,5,-148.664,5,5,10,1,-999,-999,0
18.5,48,64,6,-67.5724,2,-149.791,2,2,20,0,-999,-999,0
18.5,48,64,6,-67.5724,1,-149.801,7,7,20,0,-999,-999,0
18.5,48,64,6,-67.5724,3,-158.287,4,4,20,0,-999,-999,0
18.5,49,8,4,-64.2876,5,-98.7122,5,5,10,1,-999,-999,0
18.5,49,8,4,-64.2876,6,-113.492,9,9,10,1,-999,-999,0
18.5,49,8,4,-64.2876,1,-128.888,7,7,20,0,-999,-999,0
18.5,49,8,4,-64.2876,2,-133.676,2,2,20,0,-999,-999,0
18.5,49,8,4,-64.2876,7,-137.137,5,5,10,1,-999,-999,0
18.5,49,8,4,-64.2876,3,-137.803,4,4,20,0,-999,-999,0
18.5,52,8,5,-70.8013,3,-118.773,4,4,20,0,-999,-999,0
18.5,52,8,5,-70.8013,6,-136.749,9,9,10,1,-999,-999,0
18.5,52,8,5,-70.8013,2,-141.866,2,2,20,0,-999,-999,0
18.5,52,8,5,-70.8013,1,-144.634,7,7,20,0,-999,-999,0
18.5,52,8,5,-70.8013,4,-155.911,5,5,20,0,-999,-999,0
18.5,52,8,5,-70.8013,7,-158.395,5,5,10,1,-999,-999,0
18.5,55,32,6,-126.024,4,-99.3621,5,5,20,0,-999,-999,0
18.5,55,32,6,-126.024,2,-123.719,2,2,20,0,-999,-999,0
18.5,55,32,6,-126.024,1,-133.472,7,7,20,0,-999,-999,0
18.5,55,32,6,-126.024,5,-135.05,5,5,10,1,-999,-999,0
18.5,55,32,6,-126.024,7,-140.969,5,5,10,1,-999,-999,0
18.5,55,32,6,-126.024,3,-144.117,4,4,20,0,-999,-999,0
18.5,56,42,1,-90.0709,3,-115.781,4,4,20,0,-999,-999,0
18.5,56,42,1,-90.0709,2,-117.191,2,2,20,0,-999,-999,0
18.5,56,42,1,-90.0709,5,-125.062,5,5,10,1,-999,-999,0
18.5,56,42,1,-90.0709,7,-132.971,5,5,10,1,-999,-999,0
18.5,56,42,1,-90.0709,4,-135.334,5,5,20,0,-999,-999,0
18.5,56,42,1,-90.0709,6,-137.448,9,9,10,1,-999,-999,0
18.5,59,31,5,-123.642,2,-90.0496,2,2,20,0,-999,-999,0
18.5,59,31,5,-123.642,1,-114.806,7,7,20,0,-999,-999,0
18.5,59,31,5,-123.642,7,-117.958,5,5,10,1,-999,-999,0
18.5,59,31,5,-123.642,3,-127.774,4,4,20,0,-999,-999,0
18.5,59,31,5,-123.642,4,-142.216,5,5,20,0,-999,-999,0
18.5,59,31,5,-123.642,6,-152.785,9,9,10,1,-999,-999,0
18.5,61,48,6,-94.0217,4,-121.332,5,5,20,0,-999,-999,0
18.5,61,48,6,-94.0217,5,-123.693,5,5,10,1,-999,-999,0
18.5,61,48,6,-94.0217,2,-131.953,2,2,20,0,-999,-999,0
18.5,61,48,6,-94.0217,3,-152.662,4,4,20,0,-999,-999,0
18.5,61,48,6,-94.0217,1,-155.449,7,7,20,0,-999,-999,0
18.5,61,48,6,-94.0217,7,-156.928,5,5,10,1,-999,-999,0
18.5,71,39,7,-107.97,4,-101.622,5,5,20,0,-999,-999,0
18.5,71,39,7,-107.97,3,-108.644,4,4,20,0,-999,-999,0
18.5,71,39,7,-107.97,2,-123.308,2,2,20,0,-999,-999,0
18.5,71,39,7,-107.97,1,-123.79,7,7,20,0,-999,-999,0
18.5,71,39,7,-107.97,6,-136.448,9,9,10,1,-999,-999,0
18.5,71,39,7,-107.97,5,-146.98,5,5,10,1,-999,-999,0
18.5,73,17,4,-108.61,6,-117.487,9,9,10,1,-999,-999,0
18.5,73,17,4,-108.61,5,-117.887,5,5,10,1,-999,-999,0
18.5,73,17,4,-108.61,7,-121.922,5,5,10,1,-999,-999,0
18.5,73,17,4,-108.61,2,-129.575,2,2,20,0,-999,-999,0
18.5,73,17,4,-108.61,1,-133.163,7,7,20,0,-999,-999,0
18.5,73,17,4,-108.61,3,-137.018,4,4,20,0,-999,-999,0
18.5,74,48,5,-112.347,1,-120.461,7,7,20,0,-999,-999,0
18.5,74,48,5,-112.347,2,-125.238,2,2,20,0,-999,-999,0
18.5,74,48,5,-112.347,3,-128.618,4,4,20,0,-999,-999,0
18.5,74,48,5,-112.347,7,-136.968,5,5,10,1,-999,-999,0
18.5,74,48,5,-112.347,6,-150.093,9,9,10,1,-999,-999,0
18.5,74,48,5,-112.347,4,-150.252,5,5,20,0,-999,-999,0
18.5,77,87,6,-117.848,3,-109.589,4,4,20,0,-999,-999,0
18.5,77,87,6,-117.848,4,-122.848,5,5,20,0,-999,-999,0
18.5,77,87,6,-117.848,2,-132.475,2,2,20,0,-999,-999,0
18.5,77,87,6,-117.848,7,-137.262,5,5,10,1,-999,-999,0
18.5,77,87,6,-117.848,1,-142.792,7,7,20,0,-999,-999,0
18.5,77,87,6,-117.848,5,-148.78,5,5,10,1,-999,-999,0
18.5,78,18,1,-97.9097,3,-79.8271,4,4,20,0,-999,-999,0
18.5,78,18,1,-97.9097,5,-97.988,5,5,10,1,-999,-999,0
18.5,78,18,1,-97.9097,7,-108.029,5,5,10,1,-999,-999,0
18.5,78,18,1,-97.9097,2,-110.817,2,2,20,0,-999,-999,0
18.5,78,18,1,-97.9097,6,-127.316,9,9,10,1,-999,-999,0
18.5,78,18,1,-97.9097,4,-136.626,5,5,20,0,-999,-999,0
18.5,82,72,6,-110.95,2,-126.953,2,2,20,0,-999,-999,0
18.5,82,72,6,-110.95,4,-127.923,5,5,20,0,-999,-999,0
18.5,82,72,6,-110.95,7,-136.557,5,5,10,1,-999,-999,0
18.5,82,72,6,-110.95,3,-146.933,4,4,20,0,-999,-999,0
18.5,82,72,6,-110.95,1,-148.525,7,7,20,0,-999,-999,0
18.5,82,72,6,-110.95,5,-149.278,5,5,10,1,-999,-999,0
18.5,84,34,1,-91.4217,2,-88.2644,2,2,20,0,-999,-999,0
18.5,84,34,1,-91.4217,7,-108.92,5,5,10,1,-999,-999,0
18.5,84,34,1,-91.4217,3,-115.942,4,4,20,0,-999,-999,0
18.5,84,34,1,-91.4217,5,-127.769,5,5,10,1,-999,-999,0
18.5,84,34,1,-91.4217,4,-138.213,5,5,20,0,-999,-999,0
18.5,84,34,1,-91.4217,6,-142.91,9,9,10,1,-999,-999,0
18.5,86,88,6,-113.986,2,-109.157,2,2,20,0,-999,-999,0
18.5,86,88,6,-113.986,7,-118.851,5,5,10,1,-999,-999,0
18.5,86,88,6,-113.986,4,-128.392,5,5,20,0,-999,-999,0
18.5,86,88,6,-113.986,5,-133.232,5,5,10,1,-999,-999,0
18.5,86,88,6,-113.986,3,-134.439,4,4,20,0,-999,-999,0
18.5,86,88,6,-113.986,1,-136.765,7,7,20,0,-999,-999,0
18.5,95,16,4,-99.2684,7,-112.589,5,5,10,1,-999,-999,0
18.5,95,16,4,-99.2684,1,-118.238,7,7,20,0,-999,-999,0
18.5,95,16,4,-99.2684,6,-122.458,9,9,10,1,-999,-999,0
18.5,95,16,4,-99.2684,2,-137.329,2,2,20,0,-999,-999,0
18.5,95,16,4,-99.2684,3,-142.437,4,4,20,0,-999,-999,0
18.5,95,16,4,-99.2684,5,-146.417,5,5,10,1,-999,-999,0
18.5,101,32,5,-67.2636,1,-129.037,7,7,20,0,-999,-999,0
18.5,101,32,5,-67.2636,2,-130.478,2,2,20,0,-999,-999,0
18.5,101,32,5,-67.2636,3,-134.952,4,4,20,0,-999,-999,0
18.5,101,32,5,-67.2636,6,-136.449,9,9,10,1,-999,-999,0
18.5,101,32,5,-67.2636,7,-160.24,5,5,10,1,-999,-999,0
18.5,101,32,5,-67.2636,4,-161.959,5,5,20,0,-999,-999,0
18.5,105,96,6,-77.3964,4,-84.7471,5,5,20,0,-999,-999,0
18.5,105,96,6,-77.3964,7,-117.923,5,5,10,1,-999,-999,0
18.5,105,96,6,-77.3964,3,-121.101,4,4,20,0,-999,-999,0
18.5,105,96,6,-77.3964,2,-139.844,2,2,20,0,-999,-999,0
18.5,105,96,6,-77.3964,1,-144.878,7,7,20,0,-999,-999,0
18.5,105,96,6,-77.3964,5,-156.719,5,5,10,1,-999,-999,0
18.5,107,40,7,-126.099,3,-120.241,4,4,20,0,-999,-999,0
18.5,107,40,7,-126.099,2,-126.294,2,2,20,0,-999,-999,0
18.5,107,40,7,-126.099,1,-128.594,7,7,20,0,-999,-999,0
18.5,107,40,7,-126.099,4,-132.993,5,5,20,0,-999,-999,0
18.5,107,40,7,-126.099,6,-138.953,9,9,10,1,-999,-999,0
18.5,107,40,7,-126.099,5,-148.183,5,5,10,1,-999,-999,0
20.5,9,8,2,-87.1392,1,-81.1555,7,7,20,0,-999,-999,0
20.5,9,8,2,-87.1392,3,-100.78,4,4,20,0,-999,-999,0
20.5,9,8,2,-87.1392,4,-121.187,5,5,20,0,-999,-999,0
20.5,9,8,2,-87.1392,6,-127.878,9,9,10,1,-999,-999,0
20.5,9,8,2,-87.1392,5,-130.045,6,6,10,1,-999,-999,0
20.5,9,8,2,-87.1392,7,-131.079,5,5,10,1,-999,-999,0
20.5,13,48,7,-123.335,1,-85.78,7,7,20,0,-999,-999,1
20.5,13,48,7,-123.335,2,-93.6415,3,3,20,0,-999,-999,1
20.5,13,48,7,-123.335,3,-95.6828,4,4,20,0,-999,-999,1
20.5,13,48,7,-123.335,4,-121.079,5,5,20,0,-999,-999,1
20.5,13,48,7,-123.335,5,-140.413,6,6,10,1,-999,-999,1
20.5,13,48,7,-123.335,6,-146.716,9,9,10,1,-999,-999,1
20.5,14,40,5,-109.877,3,-134.278,4,4,20,0,-999,-999,0
20.5,14,40,5,-109.877,1,-135.713,7,8,20,0,-999,-999,0
20.5,14,40,5,-109.877,2,-139.223,3,3,20,0,-999,-999,0
20.5,14,40,5,-109.877,6,-148.143,9,9,10,1,-999,-999,0
20.5,14,40,5,-109.877,4,-152.484,5,5,20,0,-999,-999,0
20.5,14,40,5,-109.877,7,-157.329,5,5,10,1,-999,-999,0
20.5,15,32,3,-101.133,5,-113.274,6,6,10,1,-999,-999,0
20.5,15,32,3,-101.133,2,-119.864,3,3,20,0,-999,-999,0
20.5,15,32,3,-101.133,1,-122.849,7,8,20,0,-999,-999,0
20.5,15,32,3,-101.133,7,-123.164,5,5,10,1,-999,-999,0
20.5,15,32,3,-101.133,4,-131.854,5,5,20,0,-999,-999,0
20.5,15,32,3,-101.133,6,-142.151,9,9,10,1,-999,-999,0
20.5,18,17,1,-105.599,5,-84.3096,6,6,10,1,-999,-999,4
20.5,18,17,1,-105.599,4,-101.038,5,5,20,0,-999,-999,4
20.5,18,17,1,-105.599,3,-111.183,4,4,20,0,-999,-999,4
20.5,18,17,1,-105.599,2,-124.372,3,3,20,0,-999,-999,4
20.5,18,17,1,-105.599,7,-133.549,5,5,10,1,-999,-999,4
20.5,18,17,1,-105.599,6,-141.964,9,9,10,1,-999,-999,4
20.5,20,26,1,-84.3472,2,-95.7667,3,3,20,0,-999,-999,0
20.5,20,26,1,-84.3472,3,-116.711,4,4,20,0,-999,-999,0
20.5,20,26,1,-84.3472,7,-123.474,5,5,10,1,-999,-999,0
20.5,20,26,1,-84.3472,5,-124.467,6,6,10,1,-999,-999,0
20.5,20,26,1,-84.3472,4,-125.934,5,6,20,0,-999,-999,0
20.5,20,26,1,-84.3472,6,-139.645,9,9,10,1,-999,-999,0
20.5,21,40,6,-77.4523,4,-118.78,5,6,20,0,-999,-999,0
20.5,21,40,6,-77.4523,3,-134.567,4,4,20,0,-999,-999,0
20.5,21,40,6,-77.4523,5,-142.392,6,6,10,1,-999,-999,0
20.5,21,40,6,-77.4523,7,-144.263,5,5,10,1,-999,-999,0
20.5,21,40,6,-77.4523,2,-146.602,3,3,20,0,-999,-999,0
20.5,21,40,6,-77.4523,1,-151.549,7,8,20,0,-999,-999,0
20.5,23,9,2,-99.3965,7,-85.2177,5,5,10,1,-999,-999,0
20.5,23,9,2,-99.3965,1,-93.2643,7,8,20,0,-999,-999,0
20.5,23,9,2,-99.3965,3,-95.6287,4,4,20,0,-999,-999,0
20.5,23,9,2,-99.3965,6,-108.637,9,9,10,1,-999,-999,0
20.5,23,9,2,-99.3965,5,-109.763,6,6,10,1,-999,-999,0
20.5,23,9,2,-99.3965,4,-136.518,5,6,20,0,-999,-999,0
20.5,26,15,3,-104.207,5,-112.409,6,6,10,1,-999,-999,0
20.5,26,15,3,-104.207,2,-119.828,3,3,20,0,-999,-999,0
20.5,26,15,3,-104.207,1,-127.14,7,8,20,0,-999,-999,0
20.5,26,15,3,-104.207,4,-129.347,5,6,20,0,-999,-999,0
20.5,26,15,3,-104.207,6,-140.838,9,9,10,1,-999,-999,0
20.5,26,15,3,-104.207,7,-150.52,5,5,10,1,-999,-999,0
20.5,27,18,4,-119.075,2,-98.225,3,3,20,0,-999,-999,0
20.5,27,18,4,-119.075,3,-116.265,4,4,20,0,-999,-999,0
20.5,27,18,4,-119.075,6,-124.134,9,9,10,1,-999,-999,0
20.5,27,18,4,-119.075,1,-129.768,7,8,20,0,-999,-999,0
20.5,27,18,4,-119.075,5,-135.731,6,6,10,1,-999,-999,0
20.5,27,18,4,-119.075,7,-137.113,5,5,10,1,-999,-999,0
20.5,29,15,1,-75.112,3,-98.6102,4,4,20,0,-999,-999,0
20.5,29,15,1,-75.112,2,-119.028,3,3,20,0,-999,-999,0
20.5,29,15,1,-75.112,5,-131.607,6,6,10,1,-999,-999,0
20.5,29,15,1,-75.112,7,-137.051,5,5,10,1,-999,-999,0
20.5,29,15,1,-75.112,4,-139.727,5,6,20,0,-999,-999,0
20.5,29,15,1,-75.112,6,-146.173,9,9,10,1,-999,-999,0
20.5,33,16,7,-93.3374,3,-98.032,4,4,20,0,-999,-999,0
20.5,33,16,7,-93.3374,1,-105.107,7,8,20,0,-999,-999,0
20.5,33,16,7,-93.3374,2,-111.061,3,3,20,0,-999,-999,0
20.5,33,16,7,-93.3374,5,-126.161,6,6,10,1,-999,-999,0
20.5,33,16,7,-93.3374,6,-130.869,9,9,10,1,-999,-999,0
20.5,33,16,7,-93.3374,4,-140.919,5,6,20,0,-999,-999,0
20.5,37,24,7,-100.321,4,-108.717,5,6,20,0,-999,-999,0
20.5,37,24,7,-100.321,2,-116.549,3,3,20,0,-999,-999,0
20.5,37,24,7,-100.321,1,-122.935,7,8,20,0,-999,-999,0
20.5,37,24,7,-100.321,5,-123.458,6,6,10,1,-999,-999,0
20.5,37,24,7,-100.321,3,-128.628,4,4,20,0,-999,-999,0
20.5,37,24,7,-100.321,6,-136.652,9,9,10,1,-999,-999,0
20.5,40,19,4,-119.94,6,-124.728,9,9,10,1,-999,-999,0
20.5,40,19,4,-119.94,2,-125.963,3,3,20,0,-999,-999,0
20.5,40,19,4,-119.94,3,-132.812,4,4,20,0,-999,-999,0
20.5,40,19,4,-119.94,1,-133.657,7,8,20,0,-999,-999,0
20.5,40,19,4,-119.94,5,-134.92,6,6,10,1,-999,-999,0
20.5,40,19,4,-119.94,7,-136.331,5,5,10,1,-999,-999,0
20.5,43,40,3,-87.7249,1,-115.551,7,8,20,0,-999,-999,0
20.5,43,40,3,-87.7249,2,-120.786,3,3,20,0,-999,-999,0
20.5,43,40,3,-87.7249,5,-123.25,6,6,10,1,-999,-999,0
20.5,43,40,3,-87.7249,7,-123.479,5,5,10,1,-999,-999,0
20.5,43,40,3,-87.7249,4,-129.781,5,6,20,0,-999,-999,0
20.5,43,40,3,-87.7249,6,-136.961,9,9,10,1,-999,-999,0
20.5,45,16,1,-86.0695,2,-90.6759,3,3,20,0,-999,-999,0
20.5,45,16,1,-86.0695,7,-96.8895,5,5,10,1,-999,-999,0
20.5,45,16,1,-86.0695,6,-111.19,9,9,10,1,-999,-999,0
20.5,45,16,1,-86.0695,3,-116.347,4,4,20,0,-999,-999,0
20.5,45,16,1,-86.0695,5,-128.078,6,6,10,1,-999,-999,0
20.5,45,16,1,-86.0695,4,-130.458,5,6,20,0,-999,-999,0
20.5,46,8,6,-116.817,1,-115.001,7,8,20,0,-999,-999,0
20.5,46,8,6,-116.817,4,-118.003,5,6,20,0,-999,-999,0
20.5,46,8,6,-116.817,3,-122.984,4,4,20,0,-999,-999,0
20.5,46,8,6,-116.817,2,-127.9,3,3,20,0,-999,-999,0
20.5,46,8,6,-116.817,5,-132.222,6,6,10,1,-999,-999,0
20.5,46,8,6,-116.817,7,-135.649,5,5,10,1,-999,-999,0
20.5,47,16,3,-105.287,1,-109.934,7,8,20,0,-999,-999,0
20.5,47,16,3,-105.287,7,-117.559,5,5,10,1,-999,-999,0
20.5,47,16,3,-105.287,2,-118.719,3,3,20,0,-999,-999,0
20.5,47,16,3,-105.287,5,-136.745,6,6,10,1,-999,-999,0
20.5,47,16,3,-105.287,4,-139.488,5,6,20,0,-999,-999,0
20.5,47,16,3,-105.287,6,-139.654,9,9,10,1,-999,-999,0
20.5,48,64,6,-62.5409,4,-121.248,5,6,20,0,-999,-999,0
20.5,48,64,6,-62.5409,2,-139.112,3,3,20,0,-999,-999,0
20.5,48,64,6,-62.5409,5,-143.789,6,6,10,1,-999,-999,0
20.5,48,64,6,-62.5409,7,-147.735,5,5,10,1,-999,-999,0
20.5,48,64,6,-62.5409,1,-149.932,7,8,20,0,-999,-999,0
20.5,48,64,6,-62.5409,3,-154.113,4,4,20,0,-999,-999,0
20.5,49,8,4,-88.1279,3,-116.237,4,4,20,0,-999,-999,0
20.5,49,8,4,-88.1279,6,-124.167,9,9,10,1,-999,-999,0
20.5,49,8,4,-88.1279,2,-128.857,3,3,20,0,-999,-999,0
20.5,49,8,4,-88.1279,1,-132.429,7,8,20,0,-999,-999,0
20.5,49,8,4,-88.1279,7,-138.698,5,5,10,1,-999,-999,0
20.5,49,8,4,-88.1279,5,-141.814,6,6,10,1,-999,-999,0
20.5,52,8,5,-69.4687,6,-124.784,9,9,10,1,-999,-999,0
20.5,52,8,5,-69.4687,1,-137.345,7,8,20,0,-999,-999,0
20.5,52,8,5,-69.4687,3,-138.555,4,4,20,0,-999,-999,0
20.5,52,8,5,-69.4687,2,-143.556,3,3,20,0,-999,-999,0
20.5,52,8,5,-69.4687,7,-146.298,5,5,10,1,-999,-999,0
20.5,52,8,5,-69.4687,4,-151.198,5,6,20,0,-999,-999,0
20.5,55,32,6,-84.5849,7,-103.417,5,5,10,1,-999,-999,0
20.5,55,32,6,-84.5849,2,-113.069,3,3,20,0,-999,-999,0
20.5,55,32,6,-84.5849,1,-122.474,7,8,20,0,-999,-999,0
20.5,55,32,6,-84.5849,5,-124.728,6,6,10,1,-999,-999,0
20.5,55,32,6,-84.5849,4,-127.401,5,6,20,0,-999,-999,0
20.5,55,32,6,-84.5849,3,-140.402,4,4,20,0,-999,-999,0
20.5,56,42,1,-98.5441,4,-102.767,5,6,20,0,-999,-999,0
20.5,56,42,1,-98.5441,3,-119.464,4,4,20,0,-999,-999,0
20.5,56,42,1,-98.5441,2,-121.246,3,3,20,0,-999,-999,0
20.5,56,42,1,-98.5441,6,-130.331,9,9,10,1,-999,-999,0
20.5,56,42,1,-98.5441,5,-131.21,6,6,10,1,-999,-999,0
20.5,56,42,1,-98.5441,7,-135.717,5,5,10,1,-999,-999,0
20.5,59,31,5,-96.0102,3,-88.8989,4,4,20,0,-999,-999,0
20.5,59,31,5,-96.0102,7,-103.792,5,5,10,1,-999,-999,0
20.5,59,31,5,-96.0102,2,-130.017,3,3,20,0,-999,-999,0
20.5,59,31,5,-96.0102,1,-130.676,7,8,20,0,-999,-999,0
20.5,59,31,5,-96.0102,4,-147.129,5,6,20,0,-999,-999,0
20.5,59,31,5,-96.0102,6,-150.163,9,9,10,1,-999,-999,0
20.5,61,48,6,-115.402,4,-111.872,5,6,20,0,-999,-999,0
20.5,61,48,6,-115.402,2,-120.535,3,3,20,0,-999,-999,0
20.5,61,48,6,-115.402,3,-129.425,4,4,20,0,-999,-999,0
20.5,61,48,6,-115.402,1,-148.365,7,8,20,0,-999,-999,0
20.5,61,48,6,-115.402,7,-152.532,5,5,10,1,-999,-999,0
20.5,61,48,6,-115.402,5,-157.68,6,6,10,1,-999,-999,0
20.5,71,39,7,-108.524,2,-87.9632,3,3,20,0,-999,-999,0
20.5,71,39,7,-108.524,3,-111.748,4,4,20,0,-999,-999,0
20.5,71,39,7,-108.524,1,-125.292,7,8,20,0,-999,-999,0
20.5,71,39,7,-108.524,5,-126.931,6,6,10,1,-999,-999,0
20.5,71,39,7,-108.524,4,-137.496,5,6,20,0,-999,-999,0
20.5,71,39,7,-108.524,6,-139.825,9,9,10,1,-999,-999,0
20.5,73,17,4,-95.7986,2,-109.937,3,3,20,0,-999,-999,0
20.5,73,17,4,-95.7986,6,-114.685,9,9,10,1,-999,-999,0
20.5,73,17,4,-95.7986,1,-133.067,7,8,20,0,-999,-999,0
20.5,73,17,4,-95.7986,3,-133.734,4,4,20,0,-999,-999,0
20.5,73,17,4,-95.7986,5,-138.159,6,6,10,1,-999,-999,0
20.5,73,17,4,-95.7986,7,-141.628,5,5,10,1,-999,-999,0
20.5,74,48,5,-114.582,3,-106.736,4,4,20,0,-999,-999,0
20.5,74,48,5,-114.582,2,-121.438,3,3,20,0,-999,-999,0
20.5,74,48,5,-114.582,1,-126.221,7,8,20,0,-999,-999,0
20.5,74,48,5,-114.582,7,-128.824,5,5,10,1,-999,-999,0
20.5,74,48,5,-114.582,6,-147.193,9,9,10,1,-999,-999,0
20.5,74,48,5,-114.582,4,-151.511,5,6,20,0,-999,-999,0
20.5,77,87,6,-78.7398,2,-109.284,3,3,20,0,-999,-999,0
20.5,77,87,6,-78.7398,5,-110.277,6,6,10,1,-999,-999,0
20.5,77,87,6,-78.7398,4,-117.462,5,6,20,0,-999,-999,0
20.5,77,87,6,-78.7398,1,-124.175,7,8,20,0,-999,-999,0
20.5,77,87,6,-78.7398,7,-131.063,5,5,10,1,-999,-999,0
20.5,77,87,6,-78.7398,3,-140.894,4,4,20,0,-999,-999,0
20.5,78,18,1,-96.5514,7,-88.0714,5,5,10,1,-999,-999,0
20.5,78,18,1,-96.5514,3,-95.5882,4,4,20,0,-999,-999,0
20.5,78,18,1,-96.5514,2,-99.8,3,3,20,0,-999,-999,0
20.5,78,18,1,-96.5514,4,-111.467,5,6,20,0,-999,-999,0
20.5,78,18,1,-96.5514,5,-127.569,6,6,10,1,-999,-999,0
20.5,78,18,1,-96.5514,6,-128.381,9,9,10,1,-999,-999,0
20.5,82,72,6,-77.0139,4,-122.914,5,6,20,0,-999,-999,0
20.5,82,72,6,-77.0139,3,-124.132,4,4,20,0,-999,-999,0
20.5,82,72,6,-77.0139,7,-132.078,5,5,10,1,-999,-999,0
20.5,82,72,6,-77.0139,2,-139.564,3,3,20,0,-999,-999,0
20.5,82,72,6,-77.0139,1,-148.213,7,8,20,0,-999,-999,0
20.5,82,72,6,-77.0139,5,-149.848,6,6,10,1,-999,-999,0
20.5,84,34,1,-93.9492,3,-111.779,4,4,20,0,-999,-999,0
20.5,84,34,1,-93.9492,2,-115.396,3,3,20,0,-999,-999,0
20.5,84,34,1,-93.9492,7,-129.32,5,5,10,1,-999,-999,0
20.5,84,34,1,-93.9492,5,-131.935,6,6,10,1,-999,-999,0
20.5,84,34,1,-93.9492,6,-140.034,9,9,10,1,-999,-999,0
20.5,84,34,1,-93.9492,4,-146.423,5,6,20,0,-999,-999,0
20.5,86,88,6,-121.983,5,-106.606,6,6,10,1,-999,-999,0
20.5,86,88,6,-121.983,4,-116.149,5,6,20,0,-999,-999,0
20.5,86,88,6,-121.983,2,-120.092,3,3,20,0,-999,-999,0
20.5,86,88,6,-121.983,7,-138.466,5,5,10,1,-999,-999,0
20.5,86,88,6,-121.983,3,-140.979,4,4,20,0,-999,-999,0
20.5,86,88,6,-121.983,1,-144.162,7,8,20,0,-999,-999,0
20.5,95,16,4,-63.9705,7,-91.5138,5,5,10,1,-999,-999,0
20.5,95,16,4,-63.9705,6,-120.537,9,9,10,1,-999,-999,0
20.5,95,16,4,-63.9705,3,-133.63,4,4,20,0,-999,-999,0
20.5,95,16,4,-63.9705,1,-135.465,7,8,20,0,-999,-999,0
20.5,95,16,4,-63.9705,5,-138.029,6,6,10,1,-999,-999,0
20.5,95,16,4,-63.9705,2,-139.907,3,3,20,0,-999,-999,0
20.5,101,32,5,-65.7837,7,-116.234,5,5,10,1,-999,-999,0
20.5,101,32,5,-65.7837,4,-137.216,5,6,20,0,-999,-999,0
20.5,101,32,5,-65.7837,1,-138.703,7,8,20,0,-999,-999,0
20.5,101,32,5,-65.7837,3,-139.104,4,4,20,0,-999,-999,0
20.5,101,32,5,-65.7837,2,-142.655,3,3,20,0,-999,-999,0
20.5,101,32,5,-65.7837,6,-159.382,9,9,10,1,-999,-999,0
20.5,105,96,6,-77.2827,4,-120.406,5,6,20,0,-999,-999,0
20.5,105,96,6,-77.2827,5,-134.622,6,6,10,1,-999,-999,0
20.5,105,96,6,-77.2827,7,-136.7,5,5,10,1,-999,-999,0
20.5,105,96,6,-77.2827,2,-140.058,3,3,20,0,-999,-999,0
20.5,105,96,6,-77.2827,1,-141.944,7,8,20,0,-999,-999,0
20.5,105,96,6,-77.2827,3,-151.679,4,4,20,0,-999,-999,0
20.5,107,40,7,-126.871,2,-90.8888,3,3,20,0,-999,-999,0
20.5,107,40,7,-126.871,1,-105.318,7,8,20,0,-999,-999,0
20.5,107,40,7,-126.871,3,-123.701,4,4,20,0,-999,-999,0
20.5,107,40,7,-126.871,4,-128.144,5,6,20,0,-999,-999,0
20.5,107,40,7,-126.871,6,-136.734,9,9,10,1,-999,-999,0
20.5,107,40,7,-126.871,5,-139.819,6,6,10,1,-999,-999,0
22.5,8,17,2,-118.919,1,-85.0282,7,7,20,0,-999,-999,0
22.5,8,17,2,-118.919,3,-93.9019,4,4,20,0,-999,-999,0
22.5,8,17,2,-118.919,4,-117.997,6,6,20,0,-999,-999,0
22.5,8,17,2,-118.919,5,-119.03,6,6,10,1,-999,-999,0
22.5,8,17,2,-118.919,7,-122.936,4,4,10,1,-999,-999,0
22.5,8,17,2,-118.919,6,-145.234,9,9,10,1,-999,-999,0
22.5,9,8,2,-114.508,3,-93.492,4,4,20,0,-999,-999,0
22.5,9,8,2,-114.508,7,-104.481,4,4,10,1,-999,-999,0
22.5,9,8,2,-114.508,1,-118.743,7,7,20,0,-999,-999,0
22.5,9,8,2,-114.508,4,-123.46,6,6,20,0,-999,-999,0
22.5,9,8,2,-114.508,5,-131.567,6,6,10,1,-999,-999,0
22.5,9,8,2,-114.508,6,-133.503,9,9,10,1,-999,-999,0
22.5,13,43,1,-79.2644,3,-85.433,4,4,20,0,-999,-999,0
22.5,13,43,1,-79.2644,7,-102.689,4,4,10,1,-999,-999,0
22.5,13,43,1,-79.2644,2,-105.828,3,3,20,0,-999,-999,0
22.5,13,43,1,-79.2644,5,-130.63,6,6,10,1,-999,-999,0
22.5,13,43,1,-79.2644,4,-137.876,6,6,20,0,-999,-999,0
22.5,13,43,1,-79.2644,6,-145.357,9,9,10,1,-999,-999,0
22.5,14,40,5,-114.009,6,-133.825,9,9,10,1,-999,-999,0
22.5,14,40,5,-114.009,1,-134.948,7,7,20,0,-999,-999,0
22.5,14,40,5,-114.009,3,-141.986,4,4,20,0,-999,-999,0
22.5,14,40,5,-114.009,2,-144.087,3,3,20,0,-999,-999,0
22.5,14,40,5,-114.009,7,-150.723,4,4,10,1,-999,-999,0
22.5,14,40,5,-114.009,4,-155.34,6,6,20,0,-999,-999,0
22.5,15,32,3,-92.8782,4,-111.797,6,6,20,0,-999,-999,0
22.5,15,32,3,-92.8782,2,-119.134,3,3,20,0,-999,-999,0
22.5,15,32,3,-92.8782,1,-125.581,7,7,20,0,-999,-999,0
22.5,15,32,3,-92.8782,7,-130.472,4,4,10,1,-999,-999,0
22.5,15,32,3,-92.8782,5,-136.983,6,6,10,1,-999,-999,0
22.5,15,32,3,-92.8782,6,-140.73,9,9,10,1,-999,-999,0
22.5,18,20,4,-136.725,1,-101.138,7,7,20,0,-999,-999,0
22.5,18,20,4,-136.725,3,-106.356,4,4,20,0,-999,-999,0
22.5,18,20,4,-136.725,7,-107.333,4,4,10,1,-999,-999,0
22.5,18,20,4,-136.725,2,-121.314,3,3,20,0,-999,-999,0
22.5,18,20,4,-136.725,5,-121.511,6,6,10,1,-999,-999,0
22.5,18,20,4,-136.725,6,-129.33,9,9,10,1,-999,-999,0
22.5,20,26,1,-116.38,7,-100.615,4,4,10,1,-999,-999,0
22.5,20,26,1,-116.38,3,-108.681,4,4,20,0,-999,-999,0
22.5,20,26,1,-116.38,5,-115.497,6,6,10,1,-999,-999,0
22.5,20,26,1,-116.38,6,-118.709,9,9,10,1,-999,-999,0
22.5,20,26,1,-116.38,2,-123.932,3,3,20,0,-999,-999,0
22.5,20,26,1,-116.38,4,-139.271,6,6,20,0,-999,-999,0
22.5,21,40,6,-108.817,4,-107.35,6,6,20,0,-999,-999,0
22.5,21,40,6,-108.817,1,-125.253,7,7,20,0,-999,-999,0
22.5,21,40,6,-108.817,7,-132.659,4,4,10,1,-999,-999,0
22.5,21,40,6,-108.817,5,-147.506,6,6,10,1,-999,-999,0
22.5,21,40,6,-108.817,2,-147.767,3,3,20,0,-999,-999,0
22.5,21,40,6,-108.817,3,-151.782,4,4,20,0,-999,-999,0
22.5,23,9,2,-107.801,1,-85.6561,7,7,20,0,-999,-999,1
22.5,23,9,2,-107.801,3,-87.4642,4,4,20,0,-999,-999,1
22.5,23,9,2,-107.801,7,-93.8477,4,4,10,1,-999,-999,1
22.5,23,9,2,-107.801,5,-110.385,6,6,10,1,-999,-999,1
22.5,23,9,2,-107.801,4,-131.45,6,6,20,0,-999,-999,1
22.5,23,9,2,-107.801,6,-141.736,9,9,10,1,-999,-999,1
22.5,26,15,3,-117.591,4,-106.208,6,6,20,0,-999,-999,0
22.5,26,15,3,-117.591,1,-119.55,7,8,20,0,-999,-999,0
22.5,26,15,3,-117.591,2,-127.156,3,3,20,0,-999,-999,0
22.5,26,15,3,-117.591,5,-139.076,6,6,10,1,-999,-999,0
22.5,26,15,3,-117.591,6,-140.53,9,9,10,1,-999,-999,0
22.5,26,15,3,-117.591,7,-148.104,4,4,10,1,-999,-999,0
22.5,27,18,4,-119.881,1,-88.5315,7,8,20,0,-999,-999,0
22.5,27,18,4,-119.881,2,-125.454,3,3,20,0,-999,-999,0
22.5,27,18,4,-119.881,5,-126.965,6,6,10,1,-999,-999,0
22.5,27,18,4,-119.881,6,-127.829,9,9,10,1,-999,-999,0
22.5,27,18,4,-119.881,3,-128.889,4,4,20,0,-999,-999,0
22.5,27,18,4,-119.881,7,-137.575,4,4,10,1,-999,-999,0
22.5,29,15,1,-75.12,2,-79.2772,3,3,20,0,-999,-999,0
22.5,29,15,1,-75.12,7,-90.7692,4,4,10,1,-999,-999,0
22.5,29,15,1,-75.12,3,-119.081,4,4,20,0,-999,-999,0
22.5,29,15,1,-75.12,5,-132.971,6,6,10,1,-999,-999,0
22.5,29,15,1,-75.12,4,-140.677,6,6,20,0,-999,-999,0
22.5,29,15,1,-75.12,6,-145.76,9,9,10,1,-999,-999,0
22.5,33,16,7,-96.8619,2,-76.244,3,3,20,0,-999,-999,0
22.5,33,16,7,-96.8619,1,-113.161,7,8,20,0,-999,-999,0
22.5,33,16,7,-96.8619,5,-120.339,6,6,10,1,-999,-999,0
22.5,33,16,7,-96.8619,3,-122.451,4,4,20,0,-999,-999,0
22.5,33,16,7,-96.8619,4,-135.147,6,6,20,0,-999,-999,0
22.5,33,16,7,-96.8619,6,-142.405,9,9,10,1,-999,-999,0
22.5,37,24,7,-137.928,6,-108.992,9,9,10,1,-999,-999,0
22.5,37,24,7,-137.928,4,-121.243,6,6,20,0,-999,-999,0
22.5,37,24,7,-137.928,2,-122.517,3,3,20,0,-999,-999,0
22.5,37,24,7,-137.928,1,-125.728,7,8,20,0,-999,-999,0
22.5,37,24,7,-137.928,5,-132.139,6,6,10,1,-999,-999,0
22.5,37,24,7,-137.928,3,-134.994,4,4,20,0,-999,-999,0
22.5,38,56,5,-116.405,3,-92.4416,4,4,20,0,-999,-999,0
22.5,38,56,5,-116.405,1,-123.701,7,8,20,0,-999,-999,0
22.5,38,56,5,-116.405,2,-129.308,3,3,20,0,-999,-999,0
22.5,38,56,5,-116.405,7,-130.748,4,4,10,1,-999,-999,0
22.5,38,56,5,-116.405,6,-145.965,9,9,10,1,-999,-999,0
22.5,38,56,5,-116.405,4,-147.87,6,6,20,0,-999,-999,0
22.5,40,19,4,-102.076,2,-92.3938,3,3,20,0,-999,-999,0
22.5,40,19,4,-102.076,3,-105.39,4,4,20,0,-999,-999,0
22.5,40,19,4,-102.076,1,-111.112,7,8,20,0,-999,-999,0
22.5,40,19,4,-102.076,6,-123.451,9,9,10,1,-999,-999,0
22.5,40,19,4,-102.076,5,-132.866,6,6,10,1,-999,-999,0
22.5,40,19,4,-102.076,7,-142.067,4,4,10,1,-999,-999,0
22.5,43,40,3,-64.8197,5,-105.592,6,6,10,1,-999,-999,0
22.5,43,40,3,-64.8197,1,-110.821,7,8,20,0,-999,-999,0
22.5,43,40,3,-64.8197,2,-123.324,3,3,20,0,-999,-999,0
22.5,43,40,3,-64.8197,7,-129.243,4,4,10,1,-999,-999,0
22.5,43,40,3,-64.8197,4,-129.831,6,6,20,0,-999,-999,0
22.5,43,40,3,-64.8197,6,-142.62,9,9,10,1,-999,-999,0
22.5,45,16,1,-106.898,3,-111.633,4,4,20,0,-999,-999,0
22.5,45,16,1,-106.898,2,-114.791,3,3,20,0,-999,-999,0
22.5,45,16,1,-106.898,5,-120.991,6,6,10,1,-999,-999,0
22.5,45,16,1,-106.898,7,-127.473,4,4,10,1,-999,-999,0
22.5,45,16,1,-106.898,6,-139.396,9,9,10,1,-999,-999,0
22.5,45,16,1,-106.898,4,-141.704,6,6,20,0,-999,-999,0
22.5,46,8,6,-117.505,4,-92.2481,6,6,20,0,-999,-999,0
22.5,46,8,6,-117.505,7,-104.836,4,4,10,1,-999,-999,0
22.5,46,8,6,-117.505,1,-105.281,7,8,20,0,-999,-999,0
22.5,46,8,6,-117.505,5,-107.449,6,6,10,1,-999,-999,0
22.5,46,8,6,-117.505,2,-128.201,3,3,20,0,-999,-999,0
22.5,46,8,6,-117.505,3,-135.728,4,4,20,0,-999,-999,0
22.5,47,16,3,-87.4573,1,-105.22,7,8,20,0,-999,-999,0
22.5,47,16,3,-87.4573,2,-113.217,3,3,20,0,-999,-999,0
22.5,47,16,3,-87.4573,6,-116.912,9,9,10,1,-999,-999,0
22.5,47,16,3,-87.4573,5,-130.963,6,6,10,1,-999,-999,0
22.5,47,16,3,-87.4573,7,-133.877,4,4,10,1,-999,-999,0
22.5,47,16,3,-87.4573,4,-140.403,6,6,20,0,-999,-999,0
22.5,48,64,6,-75.2388,4,-115.568,6,6,20,0,-999,-999,0
22.5,48,64,6,-75.2388,2,-119.54,3,3,20,0,-999,-999,0
22.5,48,64,6,-75.2388,5,-119.549,6,6,10,1,-999,-999,0
22.5,48,64,6,-75.2388,1,-123.936,7,8,20,0,-999,-999,0
22.5,48,64,6,-75.2388,7,-143.577,4,4,10,1,-999,-999,0
22.5,48,64,6,-75.2388,3,-147.454,4,4,20,0,-999,-999,0
22.5,49,8,4,-88.8774,6,-124.341,9,9,10,1,-999,-999,0
22.5,49,8,4,-88.8774,5,-131.191,6,6,10,1,-999,-999,0
22.5,49,8,4,-88.8774,1,-131.573,7,8,20,0,-999,-999,0
22.5,49,8,4,-88.8774,2,-133.607,3,3,20,0,-999,-999,0
22.5,49,8,4,-88.8774,3,-133.828,4,4,20,0,-999,-999,0
22.5,49,8,4,-88.8774,7,-143.452,4,4,10,1,-999,-999,0
22.5,52,8,5,-72.1922,2,-132.855,3,3,20,0,-999,-999,0
22.5,52,8,5,-72.1922,1,-133.957,7,8,20,0,-999,-999,0
22.5,52,8,5,-72.1922,4,-139.254,6,6,20,0,-999,-999,0
22.5,52,8,5,-72.1922,3,-142.598,4,4,20,0,-999,-999,0
22.5,52,8,5,-72.1922,6,-147.665,9,9,10,1,-999,-999,0
22.5,52,8,5,-72.1922,7,-150.826,4,4,10,1,-999,-999,0
22.5,55,32,6,-121.241,2,-100.033,3,3,20,0,-999,-999,0
22.5,55,32,6,-121.241,4,-106.141,6,6,20,0,-999,-999,0
22.5,55,32,6,-121.241,1,-118.372,7,8,20,0,-999,-999,0
22.5,55,32,6,-121.241,3,-122.53,4,4,20,0,-999,-999,0
22.5,55,32,6,-121.241,5,-136.071,6,6,10,1,-999,-999,0
22.5,55,32,6,-121.241,7,-137.058,4,4,10,1,-999,-999,0
22.5,56,42,1,-104.374,4,-99.6842,6,6,20,0,-999,-999,0
22.5,56,42,1,-104.374,5,-114.264,6,6,10,1,-999,-999,0
22.5,56,42,1,-104.374,3,-117.257,4,4,20,0,-999,-999,0
22.5,56,42,1,-104.374,2,-121.149,3,3,20,0,-999,-999,0
22.5,56,42,1,-104.374,6,-127.858,9,9,10,1,-999,-999,0
22.5,56,42,1,-104.374,7,-141.019,4,4,10,1,-999,-999,0
22.5,59,31,5,-123.594,1,-87.1796,7,8,20,0,-999,-999,0
22.5,59,31,5,-123.594,3,-99.9837,4,4,20,0,-999,-999,0
22.5,59,31,5,-123.594,7,-129.018,4,4,10,1,-999,-999,0
22.5,59,31,5,-123.594,2,-131.793,3,3,20,0,-999,-999,0
22.5,59,31,5,-123.594,4,-133.646,6,6,20,0,-999,-999,0
22.5,59,31,5,-123.594,6,-157.494,9,9,10,1,-999,-999,0
22.5,61,48,6,-101.456,4,-120.455,6,6,20,0,-999,-999,0
22.5,61,48,6,-101.456,2,-130.174,3,3,20,0,-999,-999,0
22.5,61,48,6,-101.456,3,-142.01,4,4,20,0,-999,-999,0
22.5,61,48,6,-101.456,7,-142.831,4,4,10,1,-999,-999,0
22.5,61,48,6,-101.456,1,-144.348,7,8,20,0,-999,-999,0
22.5,61,48,6,-101.456,5,-146.303,6,6,10,1,-999,-999,0
22.5,71,39,7,-113.448,1,-91.3291,7,8,20,0,-999,-999,0
22.5,71,39,7,-113.448,3,-99.575,4,4,20,0,-999,-999,0
22.5,71,39,7,-113.448,4,-114.783,6,6,20,0,-999,-999,0
22.5,71,39,7,-113.448,5,-122.798,6,6,10,1,-999,-999,0
22.5,71,39,7,-113.448,2,-125.916,3,3,20,0,-999,-999,0
22.5,71,39,7,-113.448,6,-130.901,9,9,10,1,-999,-999,0
22.5,73,17,4,-103.1,7,-106.261,4,4,10,1,-999,-999,0
22.5,73,17,4,-103.1,6,-117.492,9,9,10,1,-999,-999,0
22.5,73,17,4,-103.1,2,-125.176,3,3,20,0,-999,-999,0
22.5,73,17,4,-103.1,1,-129.628,7,8,20,0,-999,-999,0
22.5,73,17,4,-103.1,5,-131.463,6,6,10,1,-999,-999,0
22.5,73,17,4,-103.1,3,-140.797,4,4,20,0,-999,-999,0
22.5,74,48,5,-111.617,1,-94.9894,7,8,20,0,-999,-999,0
22.5,74,48,5,-111.617,2,-97.4157,3,3,20,0,-999,-999,0
22.5,74,48,5,-111.617,3,-125.729,4,4,20,0,-999,-999,0
22.5,74,48,5,-111.617,7,-138.186,4,4,10,1,-999,-999,0
22.5,74,48,5,-111.617,6,-148.086,9,9,10,1,-999,-999,0
22.5,74,48,5,-111.617,4,-149.236,6,6,20,0,-999,-999,0
22.5,77,87,6,-79.7163,2,-99.7015,3,3,20,0,-999,-999,0
22.5,77,87,6,-79.7163,7,-105.582,4,4,10,1,-999,-999,0
22.5,77,87,6,-79.7163,5,-111.333,6,6,10,1,-999,-999,0
22.5,77,87,6,-79.7163,4,-119.78,6,6,20,0,-999,-999,0
22.5,77,87,6,-79.7163,3,-143.256,4,4,20,0,-999,-999,0
22.5,77,87,6,-79.7163,1,-145.2,7,8,20,0,-999,-999,0
22.5,78,18,1,-93.9092,4,-108.292,6,6,20,0,-999,-999,0
22.5,78,18,1,-93.9092,2,-109.93,3,3,20,0,-999,-999,0
22.5,78,18,1,-93.9092,3,-113.404,4,4,20,0,-999,-999,0
22.5,78,18,1,-93.9092,7,-116.253,4,4,10,1,-999,-999,0
22.5,78,18,1,-93.9092,5,-127.47,6,6,10,1,-999,-999,0
22.5,78,18,1,-93.9092,6,-146.278,9,9,10,1,-999,-999,0
22.5,82,72,6,-108.846,4,-117.605,6,6,20,0,-999,-999,0
22.5,82,72,6,-108.846,5,-132.341,6,6,10,1,-999,-999,0
22.5,82,72,6,-108.846,7,-135.607,4,4,10,1,-999,-999,0
22.5,82,72,6,-108.846,2,-135.993,3,3,20,0,-999,-999,0
22.5,82,72,6,-108.846,3,-141.499,4,4,20,0,-999,-999,0
22.5,82,72,6,-108.846,1,-149.003,7,8,20,0,-999,-999,0
22.5,84,34,1,-106.844,3,-85.7229,4,4,20,0,-999,-999,0
22.5,84,34,1,-106.844,4,-113.535,6,6,20,0,-999,-999,0
22.5,84,34,1,-106.844,2,-116.208,3,3,20,0,-999,-999,0
22.5,84,34,1,-106.844,5,-123.103,6,6,10,1,-999,-999,0
22.5,84,34,1,-106.844,7,-124.237,4,4,10,1,-999,-999,0
22.5,84,34,1,-106.844,6,-139.597,9,9,10,1,-999,-999,0
22.5,86,88,6,-127.213,5,-96.2561,6,6,10,1,-999,-999,5
22.5,86,88,6,-127.213,2,-128.633,3,3,20,0,-999,-999,5
22.5,86,88,6,-127.213,4,-129.523,6,6,20,0,-999,-999,5
22.5,86,88,6,-127.213,7,-131.47,4,4,10,1,-999,-999,5
22.5,86,88,6,-127.213,1,-132.331,7,8,20,0,-999,-999,5
22.5,86,88,6,-127.213,3,-135.866,4,4,20,0,-999,-999,5
22.5,95,16,4,-103.269,2,-107.602,3,3,20,0,-999,-999,0
22.5,95,16,4,-103.269,7,-120.144,4,4,10,1,-999,-999,0
22.5,95,16,4,-103.269,6,-120.165,9,9,10,1,-999,-999,0
22.5,95,16,4,-103.269,1,-134.517,7,8,20,0,-999,-999,0
22.5,95,16,4,-103.269,3,-146.585,4,4,20,0,-999,-999,0
22.5,95,16,4,-103.269,5,-147.537,6,7,10,1,-999,-999,0
22.5,101,32,5,-68.4014,6,-115.495,9,9,10,1,-999,-999,0
22.5,101,32,5,-68.4014,2,-133.355,3,3,20,0,-999,-999,0
22.5,101,32,5,-68.4014,1,-138.249,7,8,20,0,-999,-999,0
22.5,101,32,5,-68.4014,3,-139.819,4,4,20,0,-999,-999,0
22.5,101,32,5,-68.4014,7,-143.675,4,4,10,1,-999,-999,0
22.5,101,32,5,-68.4014,4,-158.117,6,6,20,0,-999,-999,0
22.5,105,96,6,-91.3921,2,-116.279,3,3,20,0,-999,-999,0
22.5,105,96,6,-91.3921,4,-117.259,6,6,20,0,-999,-999,0
22.5,105,96,6,-91.3921,1,-127.529,7,8,20,0,-999,-999,0
22.5,105,96,6,-91.3921,5,-132.992,6,7,10,1,-999,-999,0
22.5,105,96,6,-91.3921,7,-144.311,4,4,10,1,-999,-999,0
22.5,105,96,6,-91.3921,3,-149.016,4,4,20,0,-999,-999,0
22.5,107,40,7,-123.629,3,-98.6453,4,4,20,0,-999,-999,0
22.5,107,40,7,-123.629,1,-99.7928,7,8,20,0,-999,-999,0
22.5,107,40,7,-123.629,4,-105.847,6,6,20,0,-999,-999,0
22.5,107,40,7,-123.629,2,-122.005,3,3,20,0,-999,-999,0
22.5,107,40,7,-123.629,5,-123.832,6,7,10,1,-999,-999,0
22.5,107,40,7,-123.629,6,-127.812,9,9,10,1,-999,-999,0
24.5,8,17,2,-105.148,1,-116.595,10,10,20,0,-999,-999,0
24.5,8,17,2,-105.148,7,-121.561,4,4,10,1,-999,-999,0
24.5,8,17,2,-105.148,3,-126.146,4,4,20,0,-999,-999,0
24.5,8,17,2,-105.148,4,-129.559,6,6,20,0,-999,-999,0
24.5,8,17,2,-105.148,5,-135.424,9,9,10,1,-999,-999,0
24.5,8,17,2,-105.148,6,-135.908,8,8,10,1,-999,-999,0
24.5,9,8,2,-113.826,4,-117.941,6,6,20,0,-999,-999,0
24.5,9,8,2,-113.826,6,-118.377,8,8,10,1,-999,-999,0
24.5,9,8,2,-113.826,3,-118.776,4,4,20,0,-999,-999,0
24.5,9,8,2,-113.826,1,-120.453,10,10,20,0,-999,-999,0
24.5,9,8,2,-113.826,7,-127.493,4,4,10,1,-999,-999,0
24.5,9,8,2,-113.826,5,-131.05,9,9,10,1,-999,-999,0
24.5,13,43,1,-109.044,7,-95.807,4,4,10,1,-999,-999,0
24.5,13,43,1,-109.044,2,-111.676,2,2,20,0,-999,-999,0
24.5,13,43,1,-109.044,3,-113.866,4,4,20,0,-999,-999,0
24.5,13,43,1,-109.044,5,-128.922,9,9,10,1,-999,-999,0
24.5,13,43,1,-109.044,4,-135.133,6,6,20,0,-999,-999,0
24.5,13,43,1,-109.044,6,-136.35,8,8,10,1,-999,-999,0
24.5,14,40,5,-78.0431,1,-120.963,10,10,20,0,-999,-999,0
24.5,14,40,5,-78.0431,3,-136.078,4,4,20,0,-999,-999,0
24.5,14,40,5,-78.0431,7,-139.637,4,4,10,1,-999,-999,0
24.5,14,40,5,-78.0431,2,-141.42,2,2,20,0,-999,-999,0
24.5,14,40,5,-78.0431,4,-151.482,6,6,20,0,-999,-999,0
24.5,14,40,5,-78.0431,6,-154.931,8,8,10,1,-999,-999,0
24.5,15,32,3,-78.1598,2,-90.7423,2,2,20,0,-999,-999,0
24.5,15,32,3,-78.1598,1,-101.889,10,10,20,0,-999,-999,0
24.5,15,32,3,-78.1598,7,-116.579,4,4,10,1,-999,-999,0
24.5,15,32,3,-78.1598,4,-131.14,6,6,20,0,-999,-999,0
24.5,15,32,3,-78.1598,5,-133.601,9,9,10,1,-999,-999,0
24.5,15,32,3,-78.1598,6,-141.981,8,8,10,1,-999,-999,0
24.5,18,20,4,-137.418,3,-76.1918,4,4,20,0,-999,-999,0
24.5,18,20,4,-137.418,1,-106.319,10,10,20,0,-999,-999,0
24.5,18,20,4,-137.418,5,-118.056,9,9,10,1,-999,-999,0
24.5,18,20,4,-137.418,2,-125.581,2,2,20,0,-999,-999,0
24.5,18,20,4,-137.418,7,-132.745,4,4,10,1,-999,-999,0
24.5,18,20,4,-137.418,6,-138.251,8,8,10,1,-999,-999,0
24.5,20,26,1,-108.404,5,-100.206,9,9,10,1,-999,-999,0
24.5,20,26,1,-108.404,2,-118.514,2,2,20,0,-999,-999,0
24.5,20,26,1,-108.404,3,-118.61,4,4,20,0,-999,-999,0
24.5,20,26,1,-108.404,7,-126.61,4,4,10,1,-999,-999,0
24.5,20,26,1,-108.404,4,-143.016,6,6,20,0,-999,-999,0
24.5,20,26,1,-108.404,6,-143.614,8,8,10,1,-999,-999,0
24.5,21,40,6,-83.9471,4,-116.491,6,6,20,0,-999,-999,0
24.5,21,40,6,-83.9471,7,-142.637,4,4,10,1,-999,-999,0
24.5,21,40,6,-83.9471,2,-149.944,2,2,20,0,-999,-999,0
24.5,21,40,6,-83.9471,1,-154.741,10,10,20,0,-999,-999,0
24.5,21,40,6,-83.9471,3,-155.829,4,4,20,0,-999,-999,0
24.5,21,40,6,-83.9471,5,-158.908,9,9,10,1,-999,-999,0
24.5,23,44,1,-91.567,2,-98.5557,2,2,20,0,-999,-999,0
24.5,23,44,1,-91.567,3,-117.715,4,4,20,0,-999,-999,0
24.5,23,44,1,-91.567,5,-125.255,9,9,10,1,-999,-999,0
24.5,23,44,1,-91.567,7,-127.87,4,4,10,1,-999,-999,0
24.5,23,44,1,-91.567,4,-134.505,6,6,20,0,-999,-999,0
24.5,23,44,1,-91.567,6,-138.379,8,8,10,1,-999,-999,0
24.5,26,15,3,-118.812,2,-100.026,2,2,20,0,-999,-999,0
24.5,26,15,3,-118.812,1,-107.826,10,10,20,0,-999,-999,0
24.5,26,15,3,-118.812,6,-135.408,8,8,10,1,-999,-999,0
24.5,26,15,3,-118.812,4,-136.996,6,6,20,0,-999,-999,0
24.5,26,15,3,-118.812,5,-137.259,9,9,10,1,-999,-999,0
24.5,26,15,3,-118.812,7,-143.213,4,4,10,1,-999,-999,0
24.5,27,18,4,-83.1139,3,-93.5182,4,4,20,0,-999,-999,0
24.5,27,18,4,-83.1139,2,-108.954,2,2,20,0,-999,-999,0
24.5,27,18,4,-83.1139,1,-115.568,10,10,20,0,-999,-999,0
24.5,27,18,4,-83.1139,5,-116.449,9,9,10,1,-999,-999,0
24.5,27,18,4,-83.1139,6,-128.783,8,8,10,1,-999,-999,0
24.5,27,18,4,-83.1139,7,-140.549,4,4,10,1,-999,-999,0
24.5,29,15,1,-97.3611,2,-90.4477,2,2,20,0,-999,-999,0
24.5,29,15,1,-97.3611,7,-113.696,4,4,10,1,-999,-999,0
24.5,29,15,1,-97.3611,3,-118.461,4,4,20,0,-999,-999,0
24.5,29,15,1,-97.3611,5,-134.219,9,9,10,1,-999,-999,0
24.5,29,15,1,-97.3611,4,-140.869,6,6,20,0,-999,-999,0
24.5,29,15,1,-97.3611,6,-142.426,8,8,10,1,-999,-999,0
24.5,33,16,7,-109.346,2,-99.2206,2,2,20,0,-999,-999,2
24.5,33,16,7,-109.346,1,-112.73,10,10,20,0,-999,-999,2
24.5,33,16,7,-109.346,3,-115.287,4,4,20,0,-999,-999,2
24.5,33,16,7,-109.346,6,-118.376,8,8,10,1,-999,-999,2
24.5,33,16,7,-109.346,5,-132.673,9,9,10,1,-999,-999,2
24.5,33,16,7,-109.346,4,-133.875,6,6,20,0,-999,-999,2
24.5,37,24,7,-140.221,3,-96.2092,4,4,20,0,-999,-999,0
24.5,37,24,7,-140.221,2,-110.577,2,3,20,0,-999,-999,0
24.5,37,24,7,-140.221,4,-118.195,6,6,20,0,-999,-999,0
24.5,37,24,7,-140.221,1,-127.677,10,10,20,0,-999,-999,0
24.5,37,24,7,-140.221,6,-129.307,8,8,10,1,-999,-999,0
24.5,37,24,7,-140.221,5,-147.128,9,9,10,1,-999,-999,0
24.5,38,56,5,-114.616,2,-107.06,2,3,20,0,-999,-999,0
24.5,38,56,5,-114.616,1,-108.858,10,10,20,0,-999,-999,0
24.5,38,56,5,-114.616,3,-116.931,4,4,20,0,-999,-999,0
24.5,38,56,5,-114.616,6,-120.478,8,8,10,1,-999,-999,0
24.5,38,56,5,-114.616,7,-132.998,4,4,10,1,-999,-999,0
24.5,38,56,5,-114.616,4,-143.188,6,6,20,0,-999,-999,0
24.5,40,19,4,-109.287,2,-104.176,2,3,20,0,-999,-999,2
24.5,40,19,4,-109.287,1,-118.048,10,10,20,0,-999,-999,2
24.5,40,19,4,-109.287,6,-124.546,8,8,10,1,-999,-999,2
24.5,40,19,4,-109.287,5,-131.164,9,9,10,1,-999,-999,2
24.5,40,19,4,-109.287,7,-132.074,4,4,10,1,-999,-999,2
24.5,40,19,4,-109.287,3,-135.923,4,4,20,0,-999,-999,2
24.5,43,40,3,-57.3451,1,-108.569,10,10,20,0,-999,-999,0
24.5,43,40,3,-57.3451,2,-117.453,2,4,20,0,-999,-999,0
24.5,43,40,3,-57.3451,7,-120.534,4,4,10,1,-999,-999,0
24.5,43,40,3,-57.3451,6,-120.878,8,8,10,1,-999,-999,0
24.5,43,40,3,-57.3451,5,-123.712,9,9,10,1,-999,-999,0
24.5,43,40,3,-57.3451,4,-139.49,6,6,20,0,-999,-999,0
24.5,45,16,1,-107.932,2,-110.708,2,4,20,0,-999,-999,0
24.5,45,16,1,-107.932,6,-114.929,8,8,10,1,-999,-999,0
24.5,45,16,1,-107.932,3,-115.825,4,4,20,0,-999,-999,0
24.5,45,16,1,-107.932,7,-124.382,4,4,10,1,-999,-999,0
24.5,45,16,1,-107.932,5,-126.307,9,9,10,1,-999,-999,0
24.5,45,16,1,-107.932,4,-141.898,6,6,20,0,-999,-999,0
24.5,46,8,6,-84.4641,2,-87.6563,2,4,20,0,-999,-999,0
24.5,46,8,6,-84.4641,1,-97.2554,10,10,20,0,-999,-999,0
24.5,46,8,6,-84.4641,4,-117.576,6,6,20,0,-999,-999,0
24.5,46,8,6,-84.4641,7,-120.95,4,4,10,1,-999,-999,0
24.5,46,8,6,-84.4641,3,-128.665,4,4,20,0,-999,-999,0
24.5,46,8,6,-84.4641,5,-140.332,9,9,10,1,-999,-999,0
24.5,47,16,3,-114.713,1,-107.899,10,10,20,0,-999,-999,0
24.5,47,16,3,-114.713,2,-112.796,2,4,20,0,-999,-999,0
24.5,47,16,3,-114.713,7,-127.078,4,4,10,1,-999,-999,0
24.5,47,16,3,-114.713,5,-136.089,9,9,10,1,-999,-999,0
24.5,47,16,3,-114.713,4,-138.363,6,6,20,0,-999,-999,0
24.5,47,16,3,-114.713,6,-143.799,8,8,10,1,-999,-999,0
24.5,48,64,6,-73.3021,4,-110.654,6,6,20,0,-999,-999,0
24.5,48,64,6,-73.3021,3,-122.416,4,4,20,0,-999,-999,0
24.5,48,64,6,-73.3021,1,-143.639,10,10,20,0,-999,-999,0
24.5,48,64,6,-73.3021,2,-144.541,2,4,20,0,-999,-999,0
24.5,48,64,6,-73.3021,5,-147.932,9,9,10,1,-999,-999,0
24.5,48,64,6,-73.3021,7,-151.86,4,4,10,1,-999,-999,0
24.5,49,8,4,-63.7455,1,-111.879,10,10,20,0,-999,-999,0
24.5,49,8,4,-63.7455,6,-124.573,8,8,10,1,-999,-999,0
24.5,49,8,4,-63.7455,2,-126.737,2,4,20,0,-999,-999,0
24.5,49,8,4,-63.7455,5,-134.83,9,9,10,1,-999,-999,0
24.5,49,8,4,-63.7455,3,-138.401,4,4,20,0,-999,-999,0
24.5,49,8,4,-63.7455,7,-144.346,4,4,10,1,-999,-999,0
24.5,52,8,5,-63.3301,2,-132.038,2,4,20,0,-999,-999,0
24.5,52,8,5,-63.3301,4,-132.969,6,6,20,0,-999,-999,0
24.5,52,8,5,-63.3301,1,-138.298,10,10,20,0,-999,-999,0
24.5,52,8,5,-63.3301,3,-139.013,4,4,20,0,-999,-999,0
24.5,52,8,5,-63.3301,7,-155.332,4,4,10,1,-999,-999,0
24.5,52,8,5,-63.3301,6,-157.262,8,8,10,1,-999,-999,0
24.5,55,32,6,-122.432,2,-99.8583,2,4,20,0,-999,-999,2
24.5,55,32,6,-122.432,1,-114.028,10,10,20,0,-999,-999,2
24.5,55,32,6,-122.432,3,-119.911,4,4,20,0,-999,-999,2
24.5,55,32,6,-122.432,4,-121.295,6,6,20,0,-999,-999,2
24.5,55,32,6,-122.432,5,-129.972,9,9,10,1,-999,-999,2
24.5,55,32,6,-122.432,7,-132.122,4,4,10,1,-999,-999,2
24.5,56,42,1,-102.926,4,-90.5951,6,6,20,0,-999,-999,4
24.5,56,42,1,-102.926,5,-97.6449,9,9,10,1,-999,-999,4
24.5,56,42,1,-102.926,2,-103.76,2,5,20,0,-999,-999,4
24.5,56,42,1,-102.926,3,-120.004,4,4,20,0,-999,-999,4
24.5,56,42,1,-102.926,7,-124.323,4,4,10,1,-999,-999,4
24.5,56,42,1,-102.926,6,-126.214,8,8,10,1,-999,-999,4
24.5,59,31,5,-118.217,3,-93.5549,4,4,20,0,-999,-999,0
24.5,59,31,5,-118.217,2,-113.097,2,5,20,0,-999,-999,0
24.5,59,31,5,-118.217,1,-123.642,10,10,20,0,-999,-999,0
24.5,59,31,5,-118.217,7,-123.97,4,4,10,1,-999,-999,0
24.5,59,31,5,-118.217,6,-137.713,8,8,10,1,-999,-999,0
24.5,59,31,5,-118.217,4,-140.689,6,7,20,0,-999,-999,0
24.5,61,48,6,-98.3229,3,-105.152,4,4,20,0,-999,-999,0
24.5,61,48,6,-98.3229,4,-118.702,6,7,20,0,-999,-999,0
24.5,61,48,6,-98.3229,2,-133.985,2,5,20,0,-999,-999,0
24.5,61,48,6,-98.3229,1,-136.104,10,10,20,0,-999,-999,0
24.5,61,48,6,-98.3229,5,-139.757,9,9,10,1,-999,-999,0
24.5,61,48,6,-98.3229,7,-140.48,4,4,10,1,-999,-999,0
24.5,71,39,7,-104.509,3,-93.2048,4,4,20,0,-999,-999,0
24.5,71,39,7,-104.509,5,-101.453,9,9,10,1,-999,-999,0
24.5,71,39,7,-104.509,2,-116.604,2,5,20,0,-999,-999,0
24.5,71,39,7,-104.509,1,-120.816,10,10,20,0,-999,-999,0
24.5,71,39,7,-104.509,4,-128.803,6,7,20,0,-999,-999,0
24.5,71,39,7,-104.509,6,-133.762,8,8,10,1,-999,-999,0
24.5,73,17,4,-109.638,2,-99.8584,2,5,20,0,-999,-999,0
24.5,73,17,4,-109.638,6,-116.176,8,8,10,1,-999,-999,0
24.5,73,17,4,-109.638,3,-133.577,4,4,20,0,-999,-999,0
24.5,73,17,4,-109.638,1,-133.714,10,10,20,0,-999,-999,0
24.5,73,17,4,-109.638,5,-143.365,9,9,10,1,-999,-999,0
24.5,73,17,4,-109.638,7,-147.68,4,4,10,1,-999,-999,0
24.5,74,48,5,-81.6832,3,-127.525,4,4,20,0,-999,-999,0
24.5,74,48,5,-81.6832,2,-128.213,2,5,20,0,-999,-999,0
24.5,74,48,5,-81.6832,7,-129.562,4,4,10,1,-999,-999,0
24.5,74,48,5,-81.6832,1,-131.065,10,10,20,0,-999,-999,0
24.5,74,48,5,-81.6832,6,-141.212,8,8,10,1,-999,-999,0
24.5,74,48,5,-81.6832,4,-147.815,6,7,20,0,-999,-999,0
24.5,77,87,6,-86.5596,4,-115.576,6,7,20,0,-999,-999,0
24.5,77,87,6,-86.5596,5,-115.903,9,9,10,1,-999,-999,0
24.5,77,87,6,-86.5596,3,-118.654,4,4,20,0,-999,-999,0
24.5,77,87,6,-86.5596,2,-133.971,2,5,20,0,-999,-999,0
24.5,77,87,6,-86.5596,7,-135.389,4,4,10,1,-999,-999,0
24.5,77,87,6,-86.5596,1,-142.279,10,10,20,0,-999,-999,0
24.5,78,18,1,-88.6223,2,-81.8393,2,5,20,0,-999,-999,0
24.5,78,18,1,-88.6223,7,-100.046,4,4,10,1,-999,-999,0
24.5,78,18,1,-88.6223,3,-115.218,4,4,20,0,-999,-999,0
24.5,78,18,1,-88.6223,6,-118.187,8,8,10,1,-999,-999,0
24.5,78,18,1,-88.6223,5,-129.016,9,9,10,1,-999,-999,0
24.5,78,18,1,-88.6223,4,-141.384,6,7,20,0,-999,-999,0
24.5,82,72,6,-85.2835,4,-82.2649,6,7,20,0,-999,-999,0
24.5,82,72,6,-85.2835,7,-111.092,4,4,10,1,-999,-999,0
24.5,82,72,6,-85.2835,2,-120.258,2,5,20,0,-999,-999,0
24.5,82,72,6,-85.2835,3,-137.407,4,4,20,0,-999,-999,0
24.5,82,72,6,-85.2835,5,-144.583,9,9,10,1,-999,-999,0
24.5,82,72,6,-85.2835,1,-145.546,10,10,20,0,-999,-999,0
24.5,84,34,1,-106.092,2,-75.8673,2,5,20,0,-999,-999,0
24.5,84,34,1,-106.092,7,-103.594,4,4,10,1,-999,-999,0
24.5,84,34,1,-106.092,3,-115.284,4,4,20,0,-999,-999,0
24.5,84,34,1,-106.092,5,-124.47,9,9,10,1,-999,-999,0
24.5,84,34,1,-106.092,4,-136.26,6,7,20,0,-999,-999,0
24.5,84,34,1,-106.092,6,-137.896,8,8,10,1,-999,-999,0
24.5,86,57,5,-133.436,6,-122.15,8,8,10,1,-999,-999,0
24.5,86,57,5,-133.436,7,-124.868,4,4,10,1,-999,-999,0
24.5,86,57,5,-133.436,4,-127.238,6,7,20,0,-999,-999,0
24.5,86,57,5,-133.436,1,-128.369,10,10,20,0,-999,-999,0
24.5,86,57,5,-133.436,2,-130.518,2,5,20,0,-999,-999,0
24.5,86,57,5,-133.436,3,-137.417,4,4,20,0,-999,-999,0
24.5,87,59,1,-107.919,5,-91.6218,9,9,10,1,-999,-999,0
24.5,87,59,1,-107.919,2,-107.516,2,5,20,0,-999,-999,0
24.5,87,59,1,-107.919,7,-115.376,4,4,10,1,-999,-999,0
24.5,87,59,1,-107.919,6,-122.703,8,8,10,1,-999,-999,0
24.5,87,59,1,-107.919,3,-123.394,4,4,20,0,-999,-999,0
24.5,87,59,1,-107.919,4,-124.439,6,7,20,0,-999,-999,0
24.5,92,60,1,-109.782,2,-110.779,2,5,20,0,-999,-999,0
24.5,92,60,1,-109.782,6,-114.221,8,8,10,1,-999,-999,0
24.5,92,60,1,-109.782,3,-120.594,4,4,20,0,-999,-999,0
24.5,92,60,1,-109.782,7,-126.924,4,4,10,1,-999,-999,0
24.5,92,60,1,-109.782,5,-136.169,9,9,10,1,-999,-999,0
24.5,92,60,1,-109.782,4,-138.532,6,7,20,0,-999,-999,0
24.5,94,65,5,-135.296,3,-103.065,4,4,20,0,-999,-999,0
24.5,94,65,5,-135.296,1,-108.769,10,10,20,0,-999,-999,0
24.5,94,65,5,-135.296,2,-136.003,2,5,20,0,-999,-999,0
24.5,94,65,5,-135.296,7,-138.602,4,4,10,1,-999,-999,0
24.5,94,65,5,-135.296,6,-143.507,8,8,10,1,-999,-999,0
24.5,94,65,5,-135.296,4,-161.368,6,7,20,0,-999,-999,0
24.5,95,16,4,-101.513,7,-112.226,4,4,10,1,-999,-999,0
24.5,95,16,4,-101.513,6,-123.966,8,8,10,1,-999,-999,0
24.5,95,16,4,-101.513,3,-126.132,4,4,20,0,-999,-999,0
24.5,95,16,4,-101.513,1,-138.638,10,10,20,0,-999,-999,0
24.5,95,16,4,-101.513,2,-140.148,2,5,20,0,-999,-999,0
24.5,95,16,4,-101.513,5,-140.733,9,9,10,1,-999,-999,0
24.5,101,32,5,-73.6754,7,-131.664,4,4,10,1,-999,-999,0
24.5,101,32,5,-73.6754,6,-132.085,8,8,10,1,-999,-999,0
24.5,101,32,5,-73.6754,1,-135.42,10,10,20,0,-999,-999,0
24.5,101,32,5,-73.6754,3,-138.816,4,4,20,0,-999,-999,0
24.5,101,32,5,-73.6754,2,-149.075,2,5,20,0,-999,-999,0
24.5,101,32,5,-73.6754,4,-155.517,6,7,20,0,-999,-999,0
24.5,105,96,6,-113.607,4,-119.98,6,7,20,0,-999,-999,0
24.5,105,96,6,-113.607,3,-123.69,4,4,20,0,-999,-999,0
24.5,105,96,6,-113.607,2,-135.299,2,5,20,0,-999,-999,0
24.5,105,96,6,-113.607,1,-143.503,10,10,20,0,-999,-999,0
24.5,105,96,6,-113.607,7,-146.337,4,4,10,1,-999,-999,0
24.5,105,96,6,-113.607,5,-150.137,9,9,10,1,-999,-999,0
24.5,107,40,7,-125.854,4,-95.4073,6,7,20,0,-999,-999,0
24.5,107,40,7,-125.854,1,-104.139,10,10,20,0,-999,-999,0
24.5,107,40,7,-125.854,2,-121.619,2,5,20,0,-999,-999,0
24.5,107,40,7,-125.854,3,-131.386,4,4,20,0,-999,-999,0
24.5,107,40,7,-125.854,6,-131.655,8,8,10,1,-999,-999,0
24.5,107,40,7,-125.854,5,-143.065,9,9,10,1,-999,-999,0
26.5,8,17,2,-117.868,7,-89.6553,4,4,10,1,-999,-999,0
26.5,8,17,2,-117.868,3,-101.75,4,4,20,0,-999,-999,0
26.5,8,17,2,-117.868,1,-108.415,9,9,20,0,-999,-999,0
26.5,8,17,2,-117.868,4,-129.501,6,6,20,0,-999,-999,0
26.5,8,17,2,-117.868,5,-135.322,9,9,10,1,-999,-999,0
26.5,8,17,2,-117.868,6,-142.137,7,7,10,1,-999,-999,0
26.5,9,8,2,-118.114,4,-82.9098,6,6,20,0,-999,-999,0
26.5,9,8,2,-118.114,7,-97.4623,4,4,10,1,-999,-999,0
26.5,9,8,2,-118.114,1,-111.108,9,9,20,0,-999,-999,0
26.5,9,8,2,-118.114,6,-121.562,7,7,10,1,-999,-999,0
26.5,9,8,2,-118.114,3,-130.93,4,4,20,0,-999,-999,0
26.5,9,8,2,-118.114,5,-138.052,9,9,10,1,-999,-999,0
26.5,13,43,1,-105.143,3,-99.3268,4,4,20,0,-999,-999,0
26.5,13,43,1,-105.143,2,-109.861,5,5,20,0,-999,-999,0
26.5,13,43,1,-105.143,5,-111.812,9,9,10,1,-999,-999,0
26.5,13,43,1,-105.143,7,-120.252,4,4,10,1,-999,-999,0
26.5,13,43,1,-105.143,6,-128.44,7,7,10,1,-999,-999,0
26.5,13,43,1,-105.143,4,-134.387,6,6,20,0,-999,-999,0
26.5,14,40,5,-113.561,1,-135.739,9,9,20,0,-999,-999,0
26.5,14,40,5,-113.561,3,-137.231,4,4,20,0,-999,-999,0
26.5,14,40,5,-113.561,2,-142.229,5,5,20,0,-999,-999,0
26.5,14,40,5,-113.561,6,-145.071,7,7,10,1,-999,-999,0
26.5,14,40,5,-113.561,7,-150.931,4,4,10,1,-999,-999,0
26.5,14,40,5,-113.561,4,-154.913,6,6,20,0,-999,-999,0
26.5,15,32,3,-88.2744,7,-92.1027,4,4,10,1,-999,-999,0
26.5,15,32,3,-88.2744,2,-118.731,5,5,20,0,-999,-999,0
26.5,15,32,3,-88.2744,1,-123.802,9,9,20,0,-999,-999,0
26.5,15,32,3,-88.2744,6,-133.731,7,7,10,1,-999,-999,0
26.5,15,32,3,-88.2744,4,-134.016,6,6,20,0,-999,-999,0
26.5,15,32,3,-88.2744,5,-134.832,9,9,10,1,-999,-999,0
26.5,18,20,4,-135.082,3,-94.2299,4,4,20,0,-999,-999,3
26.5,18,20,4,-135.082,7,-98.2059,4,4,10,1,-999,-999,3
26.5,18,20,4,-135.082,5,-99.4748,9,9,10,1,-999,-999,3
26.5,18,20,4,-135.082,1,-104.26,9,9,20,0,-999,-999,3
26.5,18,20,4,-135.082,2,-117.129,5,5,20,0,-999,-999,3
26.5,18,20,4,-135.082,6,-136.178,7,7,10,1,-999,-999,3
26.5,20,26,1,-107.05,7,-90.7921,4,4,10,1,-999,-999,0
26.5,20,26,1,-107.05,3,-100.277,4,5,20,0,-999,-999,0
26.5,20,26,1,-107.05,2,-102.049,5,5,20,0,-999,-999,0
26.5,20,26,1,-107.05,5,-105.428,9,9,10,1,-999,-999,0
26.5,20,26,1,-107.05,4,-139.03,6,6,20,0,-999,-999,0
26.5,20,26,1,-107.05,6,-140.742,7,7,10,1,-999,-999,0
26.5,21,40,6,-99.2215,7,-112.727,4,4,10,1,-999,-999,0
26.5,21,40,6,-99.2215,4,-115.253,6,6,20,0,-999,-999,0
26.5,21,40,6,-99.2215,5,-144.505,9,9,10,1,-999,-999,0
26.5,21,40,6,-99.2215,2,-147.201,5,5,20,0,-999,-999,0
26.5,21,40,6,-99.2215,1,-147.427,9,9,20,0,-999,-999,0
26.5,21,40,6,-99.2215,3,-154.297,4,5,20,0,-999,-999,0
26.5,23,44,1,-91.4813,7,-84.7268,4,4,10,1,-999,-999,0
26.5,23,44,1,-91.4813,2,-89.84,5,5,20,0,-999,-999,0
26.5,23,44,1,-91.4813,3,-117.175,4,5,20,0,-999,-999,0
26.5,23,44,1,-91.4813,5,-126.319,9,9,10,1,-999,-999,0
26.5,23,44,1,-91.4813,4,-135.928,6,6,20,0,-999,-999,0
26.5,23,44,1,-91.4813,6,-146.97,7,7,10,1,-999,-999,0
26.5,26,15,3,-121.786,7,-104.911,4,4,10,1,-999,-999,0
26.5,26,15,3,-121.786,1,-120.299,9,9,20,0,-999,-999,0
26.5,26,15,3,-121.786,2,-122.282,5,5,20,0,-999,-999,0
26.5,26,15,3,-121.786,4,-134.04,6,6,20,0,-999,-999,0
26.5,26,15,3,-121.786,6,-134.426,7,7,10,1,-999,-999,0
26.5,26,15,3,-121.786,5,-135.198,9,9,10,1,-999,-999,0
26.5,27,18,4,-116.303,2,-109.911,5,5,20,0,-999,-999,0
26.5,27,18,4,-116.303,5,-126.41,9,9,10,1,-999,-999,0
26.5,27,18,4,-116.303,1,-127.166,9,9,20,0,-999,-999,0
26.5,27,18,4,-116.303,3,-130.891,4,5,20,0,-999,-999,0
26.5,27,18,4,-116.303,6,-132.084,7,7,10,1,-999,-999,0
26.5,27,18,4,-116.303,7,-134.014,4,4,10,1,-999,-999,0
26.5,29,15,1,-116.235,7,-90.1175,4,4,10,1,-999,-999,0
26.5,29,15,1,-116.235,2,-122.33,5,5,20,0,-999,-999,0
26.5,29,15,1,-116.235,3,-125.465,4,5,20,0,-999,-999,0
26.5,29,15,1,-116.235,5,-132.916,9,9,10,1,-999,-999,0
26.5,29,15,1,-116.235,4,-138.586,6,6,20,0,-999,-999,0
26.5,29,15,1,-116.235,6,-143.964,7,7,10,1,-999,-999,0
26.5,33,18,2,-102.297,1,-90.5884,9,9,20,0,-999,-999,0
26.5,33,18,2,-102.297,3,-119.967,4,5,20,0,-999,-999,0
26.5,33,18,2,-102.297,7,-131.215,4,4,10,1,-999,-999,0
26.5,33,18,2,-102.297,5,-131.398,9,9,10,1,-999,-999,0
26.5,33,18,2,-102.297,4,-138.706,6,6,20,0,-999,-999,0
26.5,33,18,2,-102.297,6,-139.135,7,7,10,1,-999,-999,0
26.5,35,73,5,-120.301,7,-105.095,4,4,10,1,-999,-999,0
26.5,35,73,5,-120.301,2,-120.976,5,5,20,0,-999,-999,0
26.5,35,73,5,-120.301,3,-125.069,4,5,20,0,-999,-999,0
26.5,35,73,5,-120.301,1,-128.833,9,9,20,0,-999,-999,0
26.5,35,73,5,-120.301,4,-148.744,6,6,20,0,-999,-999,0
26.5,35,73,5,-120.301,6,-151.809,7,7,10,1,-999,-999,0
26.5,37,24,7,-135.781,2,-107.737,5,5,20,0,-999,-999,0
26.5,37,24,7,-135.781,3,-109.788,4,5,20,0,-999,-999,0
26.5,37,24,7,-135.781,1,-112.088,9,9,20,0,-999,-999,0
26.5,37,24,7,-135.781,5,-118.72,9,9,10,1,-999,-999,0
26.5,37,24,7,-135.781,4,-119.325,6,6,20,0,-999,-999,0
26.5,37,24,7,-135.781,6,-130.032,7,7,10,1,-999,-999,0
26.5,38,56,5,-109.728,2,-99.5397,5,5,20,0,-999,-999,2
26.5,38,56,5,-109.728,3,-122.162,4,5,20,0,-999,-999,2
26.5,38,56,5,-109.728,1,-123.113,9,9,20,0,-999,-999,2
26.5,38,56,5,-109.728,7,-140.135,4,4,10,1,-999,-999,2
26.5,38,56,5,-109.728,4,-147.916,6,6,20,0,-999,-999,2
26.5,38,56,5,-109.728,6,-149.977,7,7,10,1,-999,-999,2
26.5,40,19,2,-106.41,4,-116.957,6,6,20,0,-999,-999,0
26.5,40,19,2,-106.41,1,-123.979,9,9,20,0,-999,-999,0
26.5,40,19,2,-106.41,6,-127.488,7,7,10,1,-999,-999,0
26.5,40,19,2,-106.41,5,-133.391,9,9,10,1,-999,-999,0
26.5,40,19,2,-106.41,7,-134.543,4,4,10,1,-999,-999,0
26.5,40,19,2,-106.41,3,-139.632,4,5,20,0,-999,-999,0
26.5,43,40,3,-75.321,5,-89.5836,9,9,10,1,-999,-999,0
26.5,43,40,3,-75.321,1,-101.41,9,9,20,0,-999,-999,0
26.5,43,40,3,-75.321,6,-121.705,7,7,10,1,-999,-999,0
26.5,43,40,3,-75.321,2,-122.406,5,6,20,0,-999,-999,0
26.5,43,40,3,-75.321,7,-123.124,4,4,10,1,-999,-999,0
26.5,43,40,3,-75.321,4,-136.742,6,6,20,0,-999,-999,0
26.5,45,16,1,-96.2915,2,-101.234,5,6,20,0,-999,-999,0
26.5,45,16,1,-96.2915,5,-119.662,9,9,10,1,-999,-999,0
26.5,45,16,1,-96.2915,3,-123.112,4,5,20,0,-999,-999,0
26.5,45,16,1,-96.2915,7,-123.949,4,4,10,1,-999,-999,0
26.5,45,16,1,-96.2915,4,-139.092,6,6,20,0,-999,-999,0
26.5,45,16,1,-96.2915,6,-141.888,7,7,10,1,-999,-999,0
26.5,46,8,6,-109.148,4,-96.5225,6,6,20,0,-999,-999,0
26.5,46,8,6,-109.148,5,-117.327,9,9,10,1,-999,-999,0
26.5,46,8,6,-109.148,2,-125.034,5,6,20,0,-999,-999,0
26.5,46,8,6,-109.148,7,-130.208,4,4,10,1,-999,-999,0
26.5,46,8,6,-109.148,3,-134.778,4,5,20,0,-999,-999,0
26.5,46,8,6,-109.148,1,-136.753,9,9,20,0,-999,-999,0
26.5,47,16,3,-114.878,1,-72.1891,9,9,20,0,-999,-999,1
26.5,47,16,3,-114.878,2,-101.849,5,6,20,0,-999,-999,1
26.5,47,16,3,-114.878,7,-110.848,4,4,10,1,-999,-999,1
26.5,47,16,3,-114.878,5,-122.385,9,9,10,1,-999,-999,1
26.5,47,16,3,-114.878,4,-130.041,6,6,20,0,-999,-999,1
26.5,47,16,3,-114.878,6,-138.915,7,7,10,1,-999,-999,1
26.5,48,64,6,-79.9376,4,-114.166,6,6,20,0,-999,-999,0
26.5,48,64,6,-79.9376,2,-143.482,5,6,20,0,-999,-999,0
26.5,48,64,6,-79.9376,5,-150.448,9,9,10,1,-999,-999,0
26.5,48,64,6,-79.9376,1,-151.548,9,10,20,0,-999,-999,0
26.5,48,64,6,-79.9376,3,-153.32,4,5,20,0,-999,-999,0
26.5,48,64,6,-79.9376,7,-153.529,4,4,10,1,-999,-999,0
26.5,49,8,4,-98.336,6,-108.825,7,7,10,1,-999,-999,0
26.5,49,8,4,-98.336,1,-132.236,9,10,20,0,-999,-999,0
26.5,49,8,4,-98.336,5,-136.452,9,9,10,1,-999,-999,0
26.5,49,8,4,-98.336,2,-139.186,5,6,20,0,-999,-999,0
26.5,49,8,4,-98.336,7,-140.948,4,4,10,1,-999,-999,0
26.5,49,8,4,-98.336,3,-142.155,4,5,20,0,-999,-999,0
26.5,52,8,5,-67.5795,1,-115.968,9,10,20,0,-999,-999,0
26.5,52,8,5,-67.5795,3,-122.542,4,5,20,0,-999,-999,0
26.5,52,8,5,-67.5795,2,-141.725,5,6,20,0,-999,-999,0
26.5,52,8,5,-67.5795,7,-154.539,4,4,10,1,-999,-999,0
26.5,52,8,5,-67.5795,4,-157.501,6,6,20,0,-999,-999,0
26.5,52,8,5,-67.5795,6,-158.031,7,7,10,1,-999,-999,0
26.5,55,20,2,-131.729,4,-100.511,6,6,20,0,-999,-999,0
26.5,55,20,2,-131.729,5,-106.172,9,9,10,1,-999,-999,0
26.5,55,20,2,-131.729,1,-123.363,9,10,20,0,-999,-999,0
26.5,55,20,2,-131.729,6,-123.433,7,7,10,1,-999,-999,0
26.5,55,20,2,-131.729,7,-137.703,4,4,10,1,-999,-999,0
26.5,55,20,2,-131.729,3,-141.877,4,5,20,0,-999,-999,0
26.5,56,21,4,-133.435,1,-100.088,9,10,20,0,-999,-999,0
26.5,56,21,4,-133.435,5,-104.447,9,9,10,1,-999,-999,0
26.5,56,21,4,-133.435,3,-105.157,4,5,20,0,-999,-999,0
26.5,56,21,4,-133.435,7,-114.947,4,4,10,1,-999,-999,0
26.5,56,21,4,-133.435,2,-122.776,5,6,20,0,-999,-999,0
26.5,56,21,4,-133.435,6,-127.38,7,7,10,1,-999,-999,0
26.5,59,31,5,-118.513,2,-104.757,5,6,20,0,-999,-999,0
26.5,59,31,5,-118.513,1,-122.725,9,10,20,0,-999,-999,0
26.5,59,31,5,-118.513,3,-122.935,4,5,20,0,-999,-999,0
26.5,59,31,5,-118.513,7,-137.764,4,4,10,1,-999,-999,0
26.5,59,31,5,-118.513,4,-140.081,6,6,20,0,-999,-999,0
26.5,59,31,5,-118.513,6,-150.988,7,7,10,1,-999,-999,0
26.5,61,48,6,-103.717,4,-108.255,6,6,20,0,-999,-999,0
26.5,61,48,6,-103.717,2,-130.418,5,6,20,0,-999,-999,0
26.5,61,48,6,-103.717,3,-135.059,4,5,20,0,-999,-999,0
26.5,61,48,6,-103.717,7,-138.868,4,4,10,1,-999,-999,0
26.5,61,48,6,-103.717,1,-139.911,9,10,20,0,-999,-999,0
26.5,61,48,6,-103.717,5,-140.69,9,9,10,1,-999,-999,0
26.5,71,39,7,-112.27,2,-107.606,5,6,20,0,-999,-999,0
26.5,71,39,7,-112.27,3,-108.227,4,5,20,0,-999,-999,0
26.5,71,39,7,-112.27,1,-123.484,9,10,20,0,-999,-999,0
26.5,71,39,7,-112.27,4,-124.959,6,6,20,0,-999,-999,0
26.5,71,39,7,-112.27,6,-131.762,7,7,10,1,-999,-999,0
26.5,71,39,7,-112.27,5,-136.902,9,9,10,1,-999,-999,0
26.5,73,17,4,-87.8798,1,-104.525,9,10,20,0,-999,-999,0
26.5,73,17,4,-87.8798,2,-107.815,5,6,20,0,-999,-999,0
26.5,73,17,4,-87.8798,7,-109.909,4,4,10,1,-999,-999,0
26.5,73,17,4,-87.8798,6,-119.166,7,7,10,1,-999,-999,0
26.5,73,17,4,-87.8798,3,-134.252,4,5,20,0,-999,-999,0
26.5,73,17,4,-87.8798,5,-140.307,9,9,10,1,-999,-999,0
26.5,74,48,5,-112.363,2,-97.3224,5,6,20,0,-999,-999,0
26.5,74,48,5,-112.363,1,-102.891,9,10,20,0,-999,-999,0
26.5,74,48,5,-112.363,7,-116.714,4,4,10,1,-999,-999,0
26.5,74,48,5,-112.363,6,-117.525,7,7,10,1,-999,-999,0
26.5,74,48,5,-112.363,3,-124.602,4,5,20,0,-999,-999,0
26.5,74,48,5,-112.363,4,-149.725,6,6,20,0,-999,-999,0
26.5,77,87,6,-119.486,7,-98.7934,4,4,10,1,-999,-999,0
26.5,77,87,6,-119.486,4,-112.112,6,6,20,0,-999,-999,0
26.5,77,87,6,-119.486,5,-125.511,9,9,10,1,-999,-999,0
26.5,77,87,6,-119.486,2,-140.018,5,6,20,0,-999,-999,0
26.5,77,87,6,-119.486,1,-146.153,9,10,20,0,-999,-999,0
26.5,77,87,6,-119.486,3,-146.912,4,5,20,0,-999,-999,0
26.5,78,18,1,-88.6881,2,-71.9608,5,6,20,0,-999,-999,2
26.5,78,18,1,-88.6881,3,-85.8524,4,5,20,0,-999,-999,2
26.5,78,18,1,-88.6881,7,-122.106,4,4,10,1,-999,-999,2
26.5,78,18,1,-88.6881,4,-124.591,6,6,20,0,-999,-999,2
26.5,78,18,1,-88.6881,5,-125.956,9,9,10,1,-999,-999,2
26.5,78,18,1,-88.6881,6,-142.928,7,7,10,1,-999,-999,2
26.5,82,72,6,-78.0043,7,-95.9541,4,4,10,1,-999,-999,0
26.5,82,72,6,-78.0043,5,-112.496,9,9,10,1,-999,-999,0
26.5,82,72,6,-78.0043,1,-116.309,9,10,20,0,-999,-999,0
26.5,82,72,6,-78.0043,4,-120.739,6,6,20,0,-999,-999,0
26.5,82,72,6,-78.0043,2,-135.301,5,7,20,0,-999,-999,0
26.5,82,72,6,-78.0043,3,-138.416,4,5,20,0,-999,-999,0
26.5,84,34,1,-77.342,3,-99.4311,4,5,20,0,-999,-999,0
26.5,84,34,1,-77.342,2,-113.674,5,7,20,0,-999,-999,0
26.5,84,34,1,-77.342,5,-125.964,9,9,10,1,-999,-999,0
26.5,84,34,1,-77.342,7,-131.025,4,4,10,1,-999,-999,0
26.5,84,34,1,-77.342,6,-132.202,7,7,10,1,-999,-999,0
26.5,84,34,1,-77.342,4,-143.152,6,6,20,0,-999,-999,0
26.5,86,57,5,-135.464,6,-122.624,7,7,10,1,-999,-999,0
26.5,86,57,5,-135.464,4,-125.044,6,6,20,0,-999,-999,0
26.5,86,57,5,-135.464,2,-128.582,5,7,20,0,-999,-999,0
26.5,86,57,5,-135.464,1,-131.414,9,10,20,0,-999,-999,0
26.5,86,57,5,-135.464,7,-138.413,4,4,10,1,-999,-999,0
26.5,86,57,5,-135.464,3,-139.394,4,5,20,0,-999,-999,0
26.5,87,59,1,-81.014,2,-66.5053,5,7,20,0,-999,-999,0
26.5,87,59,1,-81.014,3,-108.338,4,5,20,0,-999,-999,0
26.5,87,59,1,-81.014,4,-118.421,6,6,20,0,-999,-999,0
26.5,87,59,1,-81.014,7,-119.308,4,4,10,1,-999,-999,0
26.5,87,59,1,-81.014,5,-126.936,9,9,10,1,-999,-999,0
26.5,87,59,1,-81.014,6,-131.206,7,7,10,1,-999,-999,0
26.5,92,60,1,-105.476,7,-90.4642,4,4,10,1,-999,-999,0
26.5,92,60,1,-105.476,2,-99.2371,5,7,20,0,-999,-999,0
26.5,92,60,1,-105.476,3,-100.243,4,5,20,0,-999,-999,0
26.5,92,60,1,-105.476,5,-134.34,9,9,10,1,-999,-999,0
26.5,92,60,1,-105.476,6,-137.47,7,7,10,1,-999,-999,0
26.5,92,60,1,-105.476,4,-141.551,6,6,20,0,-999,-999,0
26.5,94,65,5,-116.08,3,-116.512,4,5,20,0,-999,-999,0
26.5,94,65,5,-116.08,7,-120.607,4,4,10,1,-999,-999,0
26.5,94,65,5,-116.08,1,-125.543,9,10,20,0,-999,-999,0
26.5,94,65,5,-116.08,2,-129.168,5,7,20,0,-999,-999,0
26.5,94,65,5,-116.08,6,-142.185,7,7,10,1,-999,-999,0
26.5,94,65,5,-116.08,4,-156.226,6,6,20,0,-999,-999,0
26.5,95,16,4,-90.8613,6,-100.316,7,7,10,1,-999,-999,0
26.5,95,16,4,-90.8613,7,-127.723,4,4,10,